observer_type,observer_id,camera_name,frame_id,image_path,marker_id,marker_length_m,fx,fy,cx,cy,pnp_success,rvec_x,rvec_y,rvec_z,tvec_x_m,tvec_y_m,tvec_z_m,distance_m,center_u,center_v,area_px2,corner0_u,corner0_v,corner1_u,corner1_v,corner2_u,corner2_v,corner3_u,corner3_v
static,cam_edge_0,cam_edge_0,static,results/bus_real_data/ablation/moving_cam/fov/00_prepared_datasets/fov_120deg/raw_images/static/cam_edge_0.png,3,0.17,929.03515625,929.0380859375,636.6603393554688,365.6862487792969,True,-2.76256349899677,-0.028219715778818037,-0.03543475641281719,-0.5728538039815858,0.5965785985518353,2.966971704844008,3.0800955508443573,457.25,552.25,2433.0,429.0,529.0,483.0,530.0,485.0,575.0,432.0,575.0
static,cam_edge_0,cam_edge_0,static,results/bus_real_data/ablation/moving_cam/fov/00_prepared_datasets/fov_120deg/raw_images/static/cam_edge_0.png,7,0.17,929.03515625,929.0380859375,636.6603393554688,365.6862487792969,True,2.216938438747998,0.9001879335792523,-2.0068710350726433,1.3558746853228,0.20183682459736169,2.5199646910419746,2.8686854672760873,1137.25,440.25,2726.5,1140.0,401.0,1173.0,429.0,1133.0,481.0,1103.0,450.0
static,cam_edge_0,cam_edge_0,static,results/bus_real_data/ablation/moving_cam/fov/00_prepared_datasets/fov_120deg/raw_images/static/cam_edge_0.png,4,0.17,929.03515625,929.0380859375,636.6603393554688,365.6862487792969,True,-2.77058332398758,-0.04372985369397898,0.01296888827582298,0.07244981948858947,-0.519982893561705,2.486406114159564,2.5412293384247704,663.75,171.0,4069.0,633.0,138.0,697.0,140.0,694.0,204.0,631.0,202.0
static,cam_edge_1,cam_edge_1,static,results/bus_real_data/ablation/moving_cam/fov/00_prepared_datasets/fov_120deg/raw_images/static/cam_edge_1.png,14,0.17,929.5935668945312,930.330078125,655.2582397460938,353.51751708984375,True,1.1035950047886993,-1.7324093582140452,1.341320658868141,-1.286722386236238,1.0254931663920932,4.335222705430527,4.636965240244824,379.25,573.75,622.5,363.0,585.0,358.0,570.0,395.0,562.0,401.0,578.0
static,cam_edge_1,cam_edge_1,static,results/bus_real_data/ablation/moving_cam/fov/00_prepared_datasets/fov_120deg/raw_images/static/cam_edge_1.png,2,0.17,929.5935668945312,930.330078125,655.2582397460938,353.51751708984375,True,2.9514078542707605,-0.2220512509511339,0.5709168728748207,0.13478863216370732,0.4960341724889731,3.6151700551872765,3.6515301455088878,689.75,481.25,1774.5,666.0,463.0,706.0,456.0,713.0,499.0,674.0,507.0
static,cam_edge_1,cam_edge_1,static,results/bus_real_data/ablation/moving_cam/fov/00_prepared_datasets/fov_120deg/raw_images/static/cam_edge_1.png,1,0.17,929.5935668945312,930.330078125,655.2582397460938,353.51751708984375,True,1.8177279223165173,-0.40559962786139664,0.27661057119007787,0.6289509691951304,0.2537478273033637,2.3893291801085814,2.4837192297904807,900.25,452.75,1692.5,853.0,447.0,905.0,436.0,949.0,458.0,894.0,470.0
static,cam_edge_1,cam_edge_1,static,results/bus_real_data/ablation/moving_cam/fov/00_prepared_datasets/fov_120deg/raw_images/static/cam_edge_1.png,5,0.17,929.5935668945312,930.330078125,655.2582397460938,353.51751708984375,True,2.935079685285978,-0.2331420565804293,0.6103730257439258,-0.780635021312917,-0.32264018356545837,6.555287852953594,6.609484591073067,544.5,307.75,550.5,531.0,297.0,554.0,295.0,558.0,318.0,535.0,321.0
static,cam_edge_1,cam_edge_1,static,results/bus_real_data/ablation/moving_cam/fov/00_prepared_datasets/fov_120deg/raw_images/static/cam_edge_1.png,7,0.17,929.5935668945312,930.330078125,655.2582397460938,353.51751708984375,True,-2.803543675140528,0.0911990598209096,-0.6085861390987047,-2.647367373250276,-0.3654639668833167,5.839780666392598,6.422239185176221,233.75,295.25,790.5,217.0,283.0,247.0,281.0,250.0,307.0,221.0,310.0
static,cam_edge_1,cam_edge_1,static,results/bus_real_data/ablation/moving_cam/fov/00_prepared_datasets/fov_120deg/raw_images/static/cam_edge_1.png,6,0.17,929.5935668945312,930.330078125,655.2582397460938,353.51751708984375,True,-2.802583270896597,0.08324565490310419,-0.2521419590868157,-2.18742198071485,-0.4144456605080812,5.890268944566905,6.296971364597252,310.0,288.0,736.0,294.0,276.0,322.0,274.0,326.0,300.0,298.0,302.0
static,cam_edge_1,cam_edge_1,static,results/bus_real_data/ablation/moving_cam/fov/00_prepared_datasets/fov_120deg/raw_images/static/cam_edge_1.png,8,0.17,929.5935668945312,930.330078125,655.2582397460938,353.51751708984375,True,2.9746715255435245,-0.23524242862365247,0.5915348973914898,-1.5574011488720236,-0.7728284130829889,7.012360412161704,7.224677200029697,448.75,251.0,502.0,436.0,241.0,458.0,239.0,462.0,261.0,439.0,263.0
static,cam_edge_3,cam_edge_3,static,results/bus_real_data/ablation/moving_cam/fov/00_prepared_datasets/fov_120deg/raw_images/static/cam_edge_3.png,1,0.17,919.951171875,920.0068969726562,661.20947265625,356.6334228515625,True,1.872625831687914,0.4733741054582134,-0.3615841274055329,0.021657814963259095,0.4082432885845611,1.332365203281622,1.393674523889634,676.25,640.75,8694.0,654.0,593.0,754.0,623.0,702.0,693.0,595.0,654.0
static,cam_edge_3,cam_edge_3,static,results/bus_real_data/ablation/moving_cam/fov/00_prepared_datasets/fov_120deg/raw_images/static/cam_edge_3.png,2,0.17,919.951171875,920.0068969726562,661.20947265625,356.6334228515625,True,3.0251617645737485,0.24030818223459788,-0.6928314323958941,0.5978966659043521,0.5728787794241534,2.4685440948907864,2.6037243455162877,884.5,570.25,4092.5,858.0,532.0,921.0,546.0,911.0,610.0,848.0,593.0
static,cam_edge_3,cam_edge_3,static,results/bus_real_data/ablation/moving_cam/fov/00_prepared_datasets/fov_120deg/raw_images/static/cam_edge_3.png,14,0.17,919.951171875,920.0068969726562,661.20947265625,356.6334228515625,True,1.6933752925568626,-1.0090844386230589,0.7059116654940081,0.24280527524138565,0.7578660350103168,4.09712891221931,4.1737010736336515,715.75,527.0,735.0,690.0,531.0,707.0,514.0,741.0,523.0,725.0,540.0
static,cam_edge_3,cam_edge_3,static,results/bus_real_data/ablation/moving_cam/fov/00_prepared_datasets/fov_120deg/raw_images/static/cam_edge_3.png,3,0.17,919.951171875,920.0068969726562,661.20947265625,356.6334228515625,True,-2.461173732942074,0.2608668379522252,-1.4481554921838977,-0.3455783781802505,0.25271233028594386,4.397222728957072,4.418014900993535,588.75,409.5,661.5,578.0,399.0,598.0,387.0,599.0,420.0,580.0,432.0
static,cam_edge_3,cam_edge_3,static,results/bus_real_data/ablation/moving_cam/fov/00_prepared_datasets/fov_120deg/raw_images/static/cam_edge_3.png,5,0.17,919.951171875,920.0068969726562,661.20947265625,356.6334228515625,True,-2.890798930379865,-0.13818755495739854,0.5270536803954498,2.493980202315031,-0.28345239779349385,4.755902800193472,5.377629027391376,1143.75,301.75,1205.5,1128.0,284.0,1165.0,287.0,1159.0,320.0,1123.0,316.0
static,cam_edge_3,cam_edge_3,static,results/bus_real_data/ablation/moving_cam/fov/00_prepared_datasets/fov_120deg/raw_images/static/cam_edge_3.png,6,0.17,919.951171875,920.0068969726562,661.20947265625,356.6334228515625,True,-2.7356607521951495,-0.10348888881925711,-0.11633533369946736,1.188862073765863,-0.7709680920312248,5.433255593064668,5.614984520810154,862.5,226.0,794.0,851.0,211.0,879.0,213.0,874.0,241.0,846.0,239.0
static,cam_edge_3,cam_edge_3,static,results/bus_real_data/ablation/moving_cam/fov/00_prepared_datasets/fov_120deg/raw_images/static/cam_edge_3.png,7,0.17,919.951171875,920.0068969726562,661.20947265625,356.6334228515625,True,2.954087639676856,0.2372772595323255,-0.8448429967951049,0.7905111380877596,-0.8236429759937901,5.59673868881709,5.71198560592083,791.25,221.25,708.0,781.0,207.0,806.0,208.0,802.0,236.0,776.0,234.0
static,cam_edge_3,cam_edge_3,static,results/bus_real_data/ablation/moving_cam/fov/00_prepared_datasets/fov_120deg/raw_images/static/cam_edge_3.png,8,0.17,919.951171875,920.0068969726562,661.20947265625,356.6334228515625,True,2.920655093264315,0.2377149769992279,-0.8943634320652204,2.436515880204965,-0.8756464538652596,5.4749119028496045,6.056238658657868,1070.75,209.5,858.5,1058.0,195.0,1088.0,196.0,1084.0,224.0,1053.0,223.0
static,cam_edge_5,cam_edge_5,static,results/bus_real_data/ablation/moving_cam/fov/00_prepared_datasets/fov_120deg/raw_images/static/cam_edge_5.png,13,0.17,927.202392578125,927.3688354492188,651.477294921875,358.7645263671875,True,1.9140818273759492,0.32855743722893216,-0.3282583022005137,0.7048002136871956,0.6046867358819155,2.0630546348391037,2.2624287427665317,968.75,631.5,3794.0,933.0,602.0,1011.0,615.0,1007.0,662.0,924.0,647.0
static,cam_edge_5,cam_edge_5,static,results/bus_real_data/ablation/moving_cam/fov/00_prepared_datasets/fov_120deg/raw_images/static/cam_edge_5.png,11,0.17,927.202392578125,927.3688354492188,651.477294921875,358.7645263671875,True,1.906332155924159,0.3407780436730229,-0.3314370418031167,0.019887380383178485,0.2812935852181235,2.3096481302856606,2.3267995347075816,659.5,472.25,2142.5,642.0,453.0,703.0,461.0,679.0,492.0,614.0,483.0
static,cam_edge_5,cam_edge_5,static,results/bus_real_data/ablation/moving_cam/fov/00_prepared_datasets/fov_120deg/raw_images/static/cam_edge_5.png,12,0.17,927.202392578125,927.3688354492188,651.477294921875,358.7645263671875,True,2.562499480974871,-0.6794577866714596,1.539163534068596,-0.8976761619594531,0.32768836415712194,2.6947476543281947,2.8591724460517476,342.0,471.75,2748.5,308.0,458.0,349.0,434.0,375.0,484.0,336.0,511.0
static,cam_edge_5,cam_edge_5,static,results/bus_real_data/ablation/moving_cam/fov/00_prepared_datasets/fov_120deg/raw_images/static/cam_edge_5.png,9,0.17,927.202392578125,927.3688354492188,651.477294921875,358.7645263671875,True,-3.001156852563738,-0.10726673648505977,0.4829966337185141,0.8683635813950465,0.09794842234739366,2.9983908071939886,3.1231389075093974,920.25,389.0,2856.5,895.0,361.0,950.0,365.0,945.0,418.0,891.0,412.0
static,cam_edge_5,cam_edge_5,static,results/bus_real_data/ablation/moving_cam/fov/00_prepared_datasets/fov_120deg/raw_images/static/cam_edge_5.png,10,0.17,927.202392578125,927.3688354492188,651.477294921875,358.7645263671875,True,3.055948680251307,0.13651534757281963,-0.5983402701585177,-0.5007961083435012,-0.009862017300600778,3.609439658927167,3.6440291783894234,523.0,356.25,1667.0,506.0,333.0,544.0,336.0,540.0,380.0,502.0,376.0
static,cam_edge_5,cam_edge_5,static,results/bus_real_data/ablation/moving_cam/fov/00_prepared_datasets/fov_120deg/raw_images/static/cam_edge_5.png,0,0.17,927.202392578125,927.3688354492188,651.477294921875,358.7645263671875,True,2.9819291773579506,0.11666788084281077,-0.4481290542916525,3.1568952639439978,-1.561109468398815,8.030614336564334,8.768911967996319,1016.0,178.5,399.0,1006.0,169.0,1027.0,169.0,1026.0,188.0,1005.0,188.0
moving,moving_frame_000000,moving_calib_camera,0,results/bus_real_data/ablation/moving_cam/fov/00_prepared_datasets/fov_120deg/raw_images/moving/frame_0000.png,6,0.17,929.46709573,929.46709573,640.0,360.0,True,2.7359469661664972,0.03421035986182074,-0.22159475575990176,-0.5032404104422461,0.22838343225971267,4.947980023331075,4.97874645007317,545.5,403.0,930.0,532.0,388.0,562.0,388.0,560.0,418.0,528.0,418.0
moving,moving_frame_000000,moving_calib_camera,0,results/bus_real_data/ablation/moving_cam/fov/00_prepared_datasets/fov_120deg/raw_images/moving/frame_0000.png,7,0.17,929.46709573,929.46709573,640.0,360.0,True,2.6418986597850407,0.049187582620105,-0.24381740451867293,-0.9030128523048595,0.2196384254431369,4.761343719314047,4.851192354752615,463.75,403.0,945.0,451.0,388.0,482.0,388.0,477.0,418.0,445.0,418.0
moving,moving_frame_000001,moving_calib_camera,1,results/bus_real_data/ablation/moving_cam/fov/00_prepared_datasets/fov_120deg/raw_images/moving/frame_0001.png,6,0.17,929.46709573,929.46709573,640.0,360.0,True,2.7359469661664972,0.03421035986182074,-0.22159475575990176,-0.5032404104422461,0.22838343225971267,4.947980023331075,4.97874645007317,545.5,403.0,930.0,532.0,388.0,562.0,388.0,560.0,418.0,528.0,418.0
moving,moving_frame_000001,moving_calib_camera,1,results/bus_real_data/ablation/moving_cam/fov/00_prepared_datasets/fov_120deg/raw_images/moving/frame_0001.png,7,0.17,929.46709573,929.46709573,640.0,360.0,True,2.6418986597850407,0.049187582620105,-0.24381740451867293,-0.9030128523048595,0.2196384254431369,4.761343719314047,4.851192354752615,463.75,403.0,945.0,451.0,388.0,482.0,388.0,477.0,418.0,445.0,418.0
moving,moving_frame_000003,moving_calib_camera,3,results/bus_real_data/ablation/moving_cam/fov/00_prepared_datasets/fov_120deg/raw_images/moving/frame_0003.png,7,0.17,929.46709573,929.46709573,640.0,360.0,True,2.7657984667788815,-0.023503063893627874,0.08693649863500469,-1.2103784712247039,-1.2190817980057056,15.845550232542806,15.938401383007973,569.0,288.5,90.0,564.0,284.0,574.0,284.0,574.0,293.0,564.0,293.0
moving,moving_frame_000004,moving_calib_camera,4,results/bus_real_data/ablation/moving_cam/fov/00_prepared_datasets/fov_120deg/raw_images/moving/frame_0004.png,6,0.17,929.46709573,929.46709573,640.0,360.0,True,2.769976932109036,-0.020251980348251045,0.07359366986838274,-1.0391264015488462,-1.3203816976248863,15.833716948832025,15.922618626392746,579.0,282.5,90.0,574.0,278.0,584.0,278.0,584.0,287.0,574.0,287.0
moving,moving_frame_000004,moving_calib_camera,4,results/bus_real_data/ablation/moving_cam/fov/00_prepared_datasets/fov_120deg/raw_images/moving/frame_0004.png,7,0.17,929.46709573,929.46709573,640.0,360.0,True,2.7735895892505087,-0.028894964552483207,0.10595169407334627,-1.5024101003807329,-1.3233232113247884,15.869019334865657,15.994817757064224,552.0,282.5,90.0,547.0,278.0,557.0,278.0,557.0,287.0,547.0,287.0
moving,moving_frame_000005,moving_calib_camera,5,results/bus_real_data/ablation/moving_cam/fov/00_prepared_datasets/fov_120deg/raw_images/moving/frame_0005.png,7,0.17,929.46709573,929.46709573,640.0,360.0,True,2.8886380618297203,-0.06943722267143573,0.33111606987609077,-1.7089864584604877,-1.3415168214951432,15.021692132940148,15.177995145419953,534.25,277.0,105.0,529.0,272.0,539.0,272.0,540.0,282.0,529.0,282.0
moving,moving_frame_000006,moving_calib_camera,6,results/bus_real_data/ablation/moving_cam/fov/00_prepared_datasets/fov_120deg/raw_images/moving/frame_0006.png,6,0.17,929.46709573,929.46709573,640.0,360.0,True,-2.7155867683568213,0.0028198412419981355,0.024057076667648784,-1.5214860164259416,-1.4526900640488172,15.004479759986852,15.151225725604544,545.75,270.0,105.0,540.0,265.0,551.0,265.0,551.0,275.0,541.0,275.0
moving,moving_frame_000007,moving_calib_camera,7,results/bus_real_data/ablation/moving_cam/fov/00_prepared_datasets/fov_120deg/raw_images/moving/frame_0007.png,2,0.17,929.46709573,929.46709573,640.0,360.0,True,-3.009138902292618,0.09341807082656556,0.3665063768008699,-0.027632395873928767,-0.06318128248898522,7.842729851647676,7.843033019800711,636.75,352.5,391.5,626.0,343.0,646.0,342.0,647.0,362.0,628.0,363.0
moving,moving_frame_000007,moving_calib_camera,7,results/bus_real_data/ablation/moving_cam/fov/00_prepared_datasets/fov_120deg/raw_images/moving/frame_0007.png,1,0.17,929.46709573,929.46709573,640.0,360.0,True,1.9204338453504517,-0.24749298721484733,0.2003070512757965,0.20930165259697303,-0.1158854696886896,4.422459806189284,4.428926208600066,684.0,335.75,418.5,662.0,331.0,695.0,329.0,707.0,340.0,672.0,343.0
moving,moving_frame_000007,moving_calib_camera,7,results/bus_real_data/ablation/moving_cam/fov/00_prepared_datasets/fov_120deg/raw_images/moving/frame_0007.png,5,0.17,929.46709573,929.46709573,640.0,360.0,True,2.875130397007012,-0.09333613345682878,0.4561231155207482,-0.18626229056404914,-1.296761258182543,15.065073779090397,15.121928824427338,628.5,280.0,100.0,623.0,275.0,633.0,275.0,634.0,285.0,624.0,285.0
moving,moving_frame_000007,moving_calib_camera,7,results/bus_real_data/ablation/moving_cam/fov/00_prepared_datasets/fov_120deg/raw_images/moving/frame_0007.png,7,0.17,929.46709573,929.46709573,640.0,360.0,True,-2.7736048949996066,0.014916495851533597,0.18622316630680977,-2.1461063789321133,-1.418020950087418,13.948873437424254,14.184062400379513,497.0,265.5,121.0,491.0,260.0,502.0,260.0,503.0,271.0,492.0,271.0
moving,moving_frame_000008,moving_calib_camera,8,results/bus_real_data/ablation/moving_cam/fov/00_prepared_datasets/fov_120deg/raw_images/moving/frame_0008.png,2,0.17,929.46709573,929.46709573,640.0,360.0,True,-3.1379567752164452,0.14908916726803972,3.733028034445034e-06,-0.10879343255488653,-0.06849957022932132,7.490364138480812,7.491467354873015,626.5,351.5,445.0,615.0,342.0,636.0,340.0,638.0,361.0,617.0,363.0
moving,moving_frame_000008,moving_calib_camera,8,results/bus_real_data/ablation/moving_cam/fov/00_prepared_datasets/fov_120deg/raw_images/moving/frame_0008.png,1,0.17,929.46709573,929.46709573,640.0,360.0,True,1.9425567761645113,-0.28131582867563465,0.2153559066750504,0.17320144109961072,-0.09479564185471018,4.025797061569802,4.03063604581928,680.0,338.25,545.0,656.0,333.0,691.0,330.0,706.0,343.0,667.0,347.0
moving,moving_frame_000008,moving_calib_camera,8,results/bus_real_data/ablation/moving_cam/fov/00_prepared_datasets/fov_120deg/raw_images/moving/frame_0008.png,5,0.17,929.46709573,929.46709573,640.0,360.0,True,2.8804357231978917,-0.09798508757185878,0.47301910704876343,-0.3973969129371307,-1.3955234701953783,15.081463962607511,15.151104425674953,615.5,274.0,100.0,610.0,269.0,620.0,269.0,621.0,279.0,611.0,279.0
moving,moving_frame_000008,moving_calib_camera,8,results/bus_real_data/ablation/moving_cam/fov/00_prepared_datasets/fov_120deg/raw_images/moving/frame_0008.png,7,0.17,929.46709573,929.46709573,640.0,360.0,True,2.9523749259450724,-0.135984370082727,0.37726270923568994,-2.3203532050962923,-1.4316460803816402,13.272717139502314,13.549858662034495,477.5,259.75,138.5,471.0,254.0,483.0,254.0,484.0,265.0,472.0,266.0
moving,moving_frame_000008,moving_calib_camera,8,results/bus_real_data/ablation/moving_cam/fov/00_prepared_datasets/fov_120deg/raw_images/moving/frame_0008.png,6,0.17,929.46709573,929.46709573,640.0,360.0,True,2.937484741423228,-0.13085269277535205,0.3342038837853581,-1.8382063480227,-1.437395050560798,13.194305435100986,13.399059781343729,510.5,258.75,138.5,504.0,253.0,516.0,253.0,517.0,264.0,505.0,265.0
moving,moving_frame_000009,moving_calib_camera,9,results/bus_real_data/ablation/moving_cam/fov/00_prepared_datasets/fov_120deg/raw_images/moving/frame_0009.png,2,0.17,929.46709573,929.46709573,640.0,360.0,True,2.9236280256169773,-0.1677024279953419,-0.27693891330020165,-0.17289308884334337,-0.06400912509015373,6.979047542100023,6.981482205316932,617.0,351.5,490.0,605.0,342.0,627.0,339.0,629.0,361.0,607.0,364.0
moving,moving_frame_000009,moving_calib_camera,9,results/bus_real_data/ablation/moving_cam/fov/00_prepared_datasets/fov_120deg/raw_images/moving/frame_0009.png,1,0.17,929.46709573,929.46709573,640.0,360.0,True,1.9656841323176053,-0.3031950208451456,0.21839025893818406,0.15450112153399467,-0.07037687626891746,3.755640978905681,3.759476381586172,678.25,342.75,677.5,652.0,337.0,690.0,333.0,706.0,348.0,665.0,353.0
moving,moving_frame_000009,moving_calib_camera,9,results/bus_real_data/ablation/moving_cam/fov/00_prepared_datasets/fov_120deg/raw_images/moving/frame_0009.png,5,0.17,929.46709573,929.46709573,640.0,360.0,True,3.048875406764005,-0.14043109486620117,0.5584413178686639,-0.6181898990959284,-1.4736222424663459,14.928240422173007,15.013530010195334,601.5,268.25,105.5,596.0,263.0,606.0,263.0,607.0,273.0,597.0,274.0
moving,moving_frame_000009,moving_calib_camera,9,results/bus_real_data/ablation/moving_cam/fov/00_prepared_datasets/fov_120deg/raw_images/moving/frame_0009.png,7,0.17,929.46709573,929.46709573,640.0,360.0,True,2.880295560202904,-0.1613251197168212,0.1839181062573367,-2.424595118390593,-1.3979651411296439,12.315015194255924,12.629036671840469,457.0,254.5,157.0,450.0,249.0,463.0,248.0,464.0,260.0,451.0,261.0
moving,moving_frame_000009,moving_calib_camera,9,results/bus_real_data/ablation/moving_cam/fov/00_prepared_datasets/fov_120deg/raw_images/moving/frame_0009.png,6,0.17,929.46709573,929.46709573,640.0,360.0,True,2.8154588170567223,-0.17414745114714406,0.4098652335778149,-2.0116252881445598,-1.4487612299839,12.613015916068266,12.854326738510988,491.75,253.25,144.5,485.0,248.0,497.0,247.0,499.0,259.0,486.0,259.0
moving,moving_frame_000010,moving_calib_camera,10,results/bus_real_data/ablation/moving_cam/fov/00_prepared_datasets/fov_120deg/raw_images/moving/frame_0010.png,2,0.17,929.46709573,929.46709573,640.0,360.0,True,3.1253802480124775,-0.20371482682105416,0.10378893207569177,-0.23424844292526892,-0.054931126870594316,6.805963984927714,6.810215527121393,608.0,352.5,538.0,595.0,342.0,618.0,340.0,621.0,362.0,598.0,366.0
moving,moving_frame_000010,moving_calib_camera,10,results/bus_real_data/ablation/moving_cam/fov/00_prepared_datasets/fov_120deg/raw_images/moving/frame_0010.png,1,0.17,929.46709573,929.46709573,640.0,360.0,True,1.9868669085685362,-0.35619223204052897,0.25820187097707037,0.1431191262743913,-0.04354817377187135,3.4563193725411834,3.4595553374310826,678.5,348.5,864.0,649.0,342.0,690.0,337.0,709.0,354.0,666.0,361.0
moving,moving_frame_000010,moving_calib_camera,10,results/bus_real_data/ablation/moving_cam/fov/00_prepared_datasets/fov_120deg/raw_images/moving/frame_0010.png,5,0.17,929.46709573,929.46709573,640.0,360.0,True,2.979700650268905,-0.17778202572498364,0.7491504885846814,-0.7536700470065301,-1.4167696108400882,13.540505052954556,13.635267938659755,588.25,262.75,121.5,582.0,257.0,593.0,257.0,594.0,268.0,584.0,269.0
moving,moving_frame_000010,moving_calib_camera,10,results/bus_real_data/ablation/moving_cam/fov/00_prepared_datasets/fov_120deg/raw_images/moving/frame_0010.png,7,0.17,929.46709573,929.46709573,640.0,360.0,True,-2.6830650831043976,0.10723347305447242,0.059128956535492265,-2.533185493546412,-1.360674096872625,11.499511841239775,11.853574791151734,435.25,250.0,178.0,427.0,244.0,441.0,243.0,443.0,256.0,430.0,257.0
moving,moving_frame_000010,moving_calib_camera,10,results/bus_real_data/ablation/moving_cam/fov/00_prepared_datasets/fov_120deg/raw_images/moving/frame_0010.png,6,0.17,929.46709573,929.46709573,640.0,360.0,True,2.8357029102839144,-0.20727861973811865,0.6174942696076409,-2.1395878678527427,-1.427733676957827,11.873997530652792,12.149406448651341,472.5,248.25,163.5,465.0,242.0,478.0,242.0,480.0,254.0,467.0,255.0
moving,moving_frame_000011,moving_calib_camera,11,results/bus_real_data/ablation/moving_cam/fov/00_prepared_datasets/fov_120deg/raw_images/moving/frame_0011.png,1,0.17,929.46709573,929.46709573,640.0,360.0,True,2.0141849232847058,-0.3946597322266707,0.2673488810346238,0.1436389745578784,-0.011178833337643542,3.1800516820979152,3.1833136543766165,682.0,357.0,1113.0,650.0,350.0,693.0,343.0,716.0,363.0,669.0,372.0
moving,moving_frame_000011,moving_calib_camera,11,results/bus_real_data/ablation/moving_cam/fov/00_prepared_datasets/fov_120deg/raw_images/moving/frame_0011.png,2,0.17,929.46709573,929.46709573,640.0,360.0,True,-3.003189667805096,0.25996814130530843,-0.40313084525185483,-0.27199633153746977,-0.03905834768329505,6.327248031474672,6.333212076876449,600.0,354.25,606.0,586.0,344.0,610.0,340.0,614.0,364.0,590.0,369.0
moving,moving_frame_000011,moving_calib_camera,11,results/bus_real_data/ablation/moving_cam/fov/00_prepared_datasets/fov_120deg/raw_images/moving/frame_0011.png,7,0.17,929.46709573,929.46709573,640.0,360.0,True,2.8928065757931325,-0.21703361707182614,0.49852708756722014,-2.621073350447996,-1.3194123051946776,10.709478887372406,11.104224978745842,412.5,245.5,212.0,404.0,239.0,419.0,238.0,421.0,252.0,406.0,253.0
moving,moving_frame_000011,moving_calib_camera,11,results/bus_real_data/ablation/moving_cam/fov/00_prepared_datasets/fov_120deg/raw_images/moving/frame_0011.png,6,0.17,929.46709573,929.46709573,640.0,360.0,True,2.755682487360297,-0.28783364196607253,0.6315539565213566,-2.2182559816301053,-1.384516000329665,10.997512404254655,11.304106476716397,452.5,243.0,185.0,444.0,237.0,458.0,236.0,461.0,249.0,447.0,250.0
moving,moving_frame_000012,moving_calib_camera,12,results/bus_real_data/ablation/moving_cam/fov/00_prepared_datasets/fov_120deg/raw_images/moving/frame_0012.png,1,0.17,929.46709573,929.46709573,640.0,360.0,True,2.0468904868134175,-0.45887713308480377,0.3319447502932331,0.15237496722655783,0.024307880796265138,2.861934031435513,2.86609061336079,689.5,368.25,1507.5,653.0,360.0,699.0,351.0,728.0,375.0,678.0,387.0
moving,moving_frame_000012,moving_calib_camera,12,results/bus_real_data/ablation/moving_cam/fov/00_prepared_datasets/fov_120deg/raw_images/moving/frame_0012.png,2,0.17,929.46709573,929.46709573,640.0,360.0,True,-3.007455794197848,0.2492656625669226,-0.4122621539104212,-0.3107738424360767,-0.02120254940222864,6.087345588546152,6.095310184366005,592.5,356.75,655.5,578.0,346.0,603.0,342.0,607.0,367.0,582.0,372.0
moving,moving_frame_000012,moving_calib_camera,12,results/bus_real_data/ablation/moving_cam/fov/00_prepared_datasets/fov_120deg/raw_images/moving/frame_0012.png,5,0.17,929.46709573,929.46709573,640.0,360.0,True,-3.06977730532888,0.25184461341413583,-0.5639985129282499,-1.0645021406049628,-1.4589090705454375,12.526616629047654,12.6561330845802,561.0,251.75,153.0,554.0,246.0,566.0,245.0,568.0,257.0,556.0,259.0
moving,moving_frame_000012,moving_calib_camera,12,results/bus_real_data/ablation/moving_cam/fov/00_prepared_datasets/fov_120deg/raw_images/moving/frame_0012.png,7,0.17,929.46709573,929.46709573,640.0,360.0,True,2.7166627555904976,-0.26417411141488495,0.7207240198131515,-2.6529600045407644,-1.2529798514218975,9.805774127776704,10.23529977766832,388.5,241.25,233.5,379.0,234.0,395.0,234.0,398.0,248.0,382.0,249.0
moving,moving_frame_000012,moving_calib_camera,12,results/bus_real_data/ablation/moving_cam/fov/00_prepared_datasets/fov_120deg/raw_images/moving/frame_0012.png,6,0.17,929.46709573,929.46709573,640.0,360.0,True,2.7858601073386686,-0.2791139714824332,0.6495959525059382,-2.3296921300292857,-1.3546645955059073,10.361893412610463,10.706606216786797,431.0,238.5,213.0,422.0,232.0,437.0,231.0,440.0,245.0,425.0,246.0
moving,moving_frame_000013,moving_calib_camera,13,results/bus_real_data/ablation/moving_cam/fov/00_prepared_datasets/fov_120deg/raw_images/moving/frame_0013.png,1,0.17,929.46709573,929.46709573,640.0,360.0,True,2.0458858383021616,-0.5406073881690163,0.3503060709308713,0.07815584735522123,0.034530419021231974,2.8215646400524284,2.822858073709655,665.75,371.75,1609.5,628.0,365.0,674.0,353.0,705.0,377.0,656.0,392.0
moving,moving_frame_000013,moving_calib_camera,13,results/bus_real_data/ablation/moving_cam/fov/00_prepared_datasets/fov_120deg/raw_images/moving/frame_0013.png,2,0.17,929.46709573,929.46709573,640.0,360.0,True,-2.9935936122826785,0.3476244999507346,-0.4672114570060615,-0.48481883053597863,0.007840871695100508,5.781731788309452,5.802028373737863,562.0,361.25,728.0,546.0,351.0,572.0,345.0,578.0,371.0,552.0,378.0
moving,moving_frame_000013,moving_calib_camera,13,results/bus_real_data/ablation/moving_cam/fov/00_prepared_datasets/fov_120deg/raw_images/moving/frame_0013.png,5,0.17,929.46709573,929.46709573,640.0,360.0,True,-2.6242617940619337,0.13407112065304524,0.2007315531228648,-1.5478883210005208,-1.4068653360742154,12.166369083072489,12.344867961775822,521.75,252.5,152.5,514.0,247.0,527.0,246.0,529.0,258.0,517.0,259.0
moving,moving_frame_000013,moving_calib_camera,13,results/bus_real_data/ablation/moving_cam/fov/00_prepared_datasets/fov_120deg/raw_images/moving/frame_0013.png,7,0.17,929.46709573,929.46709573,640.0,360.0,True,-2.4502423227407815,0.08595105471303037,-0.10921322062634989,-2.8774107008541434,-1.0673084096317682,8.648745946653786,9.177115343746145,330.75,245.25,293.5,319.0,238.0,338.0,237.0,342.0,252.0,324.0,254.0
moving,moving_frame_000013,moving_calib_camera,13,results/bus_real_data/ablation/moving_cam/fov/00_prepared_datasets/fov_120deg/raw_images/moving/frame_0013.png,6,0.17,929.46709573,929.46709573,640.0,360.0,True,2.662019901984603,-0.327338170064327,0.7265761017901986,-2.5744747409120183,-1.1764356209600608,9.187033914977592,9.613194740397502,379.5,241.0,259.0,369.0,234.0,386.0,233.0,390.0,248.0,373.0,249.0
moving,moving_frame_000014,moving_calib_camera,14,results/bus_real_data/ablation/moving_cam/fov/00_prepared_datasets/fov_120deg/raw_images/moving/frame_0014.png,1,0.17,929.46709573,929.46709573,640.0,360.0,True,2.039616920452383,-0.6294080273473427,0.3545957271152021,0.011041726607583971,0.04665556293723884,2.737842716229437,2.738262478304454,643.75,376.25,1780.0,604.0,371.0,651.0,356.0,684.0,379.0,636.0,399.0
moving,moving_frame_000014,moving_calib_camera,14,results/bus_real_data/ablation/moving_cam/fov/00_prepared_datasets/fov_120deg/raw_images/moving/frame_0014.png,2,0.17,929.46709573,929.46709573,640.0,360.0,True,-3.0806841247455243,0.44781096437109374,-0.35881636045284687,-0.6605975790818577,0.042216681701803906,5.609812994729392,5.648732003338225,530.5,367.0,793.0,513.0,357.0,540.0,350.0,548.0,376.0,521.0,385.0
moving,moving_frame_000014,moving_calib_camera,14,results/bus_real_data/ablation/moving_cam/fov/00_prepared_datasets/fov_120deg/raw_images/moving/frame_0014.png,5,0.17,929.46709573,929.46709573,640.0,360.0,True,-2.5533736406072562,0.15967902618136595,0.38316700268664516,-1.878049962882228,-1.2477370721143612,10.943597284890986,11.173461459999038,480.5,254.0,173.0,472.0,248.0,485.0,247.0,489.0,260.0,476.0,261.0
moving,moving_frame_000014,moving_calib_camera,14,results/bus_real_data/ablation/moving_cam/fov/00_prepared_datasets/fov_120deg/raw_images/moving/frame_0014.png,7,0.17,929.46709573,929.46709573,640.0,360.0,True,-2.3313389247899887,0.073915788520136,-0.1580553899277172,-2.9209072915306944,-0.8418445732317041,7.216409236184363,7.830514922741917,263.75,251.5,395.5,249.0,244.0,272.0,242.0,278.0,259.0,256.0,261.0
moving,moving_frame_000014,moving_calib_camera,14,results/bus_real_data/ablation/moving_cam/fov/00_prepared_datasets/fov_120deg/raw_images/moving/frame_0014.png,6,0.17,929.46709573,929.46709573,640.0,360.0,True,2.5370613296236733,-0.4175903488963031,0.8071713748716806,-2.6851756342945747,-0.9621447779439739,7.825121995532484,8.32877091807071,321.0,245.75,339.0,308.0,238.0,328.0,237.0,334.0,253.0,314.0,255.0
moving,moving_frame_000015,moving_calib_camera,15,results/bus_real_data/ablation/moving_cam/fov/00_prepared_datasets/fov_120deg/raw_images/moving/frame_0015.png,1,0.17,929.46709573,929.46709573,640.0,360.0,True,2.018659494397919,-0.6986167806772157,0.3510709691249772,-0.04869823556686868,0.06082722370963558,2.6236566610114895,2.62481346845095,622.75,382.0,1958.0,581.0,379.0,629.0,360.0,665.0,383.0,616.0,406.0
moving,moving_frame_000015,moving_calib_camera,15,results/bus_real_data/ablation/moving_cam/fov/00_prepared_datasets/fov_120deg/raw_images/moving/frame_0015.png,2,0.17,929.46709573,929.46709573,640.0,360.0,True,-2.8030735954444035,0.41652555506864325,-0.31819689642677057,-0.7960544941562417,0.08615079945031257,5.231373916727674,5.292296077746493,498.5,375.25,883.0,479.0,366.0,509.0,357.0,517.0,384.0,489.0,394.0
moving,moving_frame_000015,moving_calib_camera,15,results/bus_real_data/ablation/moving_cam/fov/00_prepared_datasets/fov_120deg/raw_images/moving/frame_0015.png,7,0.17,929.46709573,929.46709573,640.0,360.0,True,-2.1880117952625793,0.029339299927728286,-0.23761056788324866,-2.8312843673805728,-0.6219043739840525,5.772128658471985,6.459133492141783,184.0,259.75,559.0,165.0,252.0,194.0,249.0,203.0,268.0,174.0,270.0
moving,moving_frame_000015,moving_calib_camera,15,results/bus_real_data/ablation/moving_cam/fov/00_prepared_datasets/fov_120deg/raw_images/moving/frame_0015.png,5,0.17,929.46709573,929.46709573,640.0,360.0,True,2.6686215766551737,-0.44130748342419995,0.6486249009079973,-2.202502130750633,-1.115106064391977,10.036315635390107,10.335478155556267,436.0,256.75,215.0,426.0,251.0,441.0,249.0,446.0,262.0,431.0,265.0
moving,moving_frame_000015,moving_calib_camera,15,results/bus_real_data/ablation/moving_cam/fov/00_prepared_datasets/fov_120deg/raw_images/moving/frame_0015.png,6,0.17,929.46709573,929.46709573,640.0,360.0,True,2.4588996573457598,-0.5308864198392288,0.7242059659519886,-2.8075420625195946,-0.7822144822818184,6.744165098931835,7.346966367879904,253.0,252.25,448.0,237.0,245.0,261.0,242.0,269.0,259.0,245.0,263.0
moving,moving_frame_000016,moving_calib_camera,16,results/bus_real_data/ablation/moving_cam/fov/00_prepared_datasets/fov_120deg/raw_images/moving/frame_0016.png,2,0.17,929.46709573,929.46709573,640.0,360.0,True,2.7366870974032453,-0.5879661327404249,0.19370976189096972,-0.9020763206341637,0.1300509605809774,4.80552512285949,4.891188674241735,465.5,385.25,1033.5,444.0,377.0,475.0,365.0,487.0,393.0,456.0,406.0
moving,moving_frame_000016,moving_calib_camera,16,results/bus_real_data/ablation/moving_cam/fov/00_prepared_datasets/fov_120deg/raw_images/moving/frame_0016.png,1,0.17,929.46709573,929.46709573,640.0,360.0,True,2.0028803750316944,-0.8292824375923649,0.4263901643710323,-0.09797378854534869,0.07691615877379783,2.530710013979205,2.5337734968968855,604.0,388.75,2198.0,560.0,388.0,606.0,365.0,648.0,387.0,602.0,415.0
moving,moving_frame_000016,moving_calib_camera,16,results/bus_real_data/ablation/moving_cam/fov/00_prepared_datasets/fov_120deg/raw_images/moving/frame_0016.png,7,0.17,929.46709573,929.46709573,640.0,360.0,True,-2.1486086373876434,0.06779257723880201,-0.3284045083886172,-2.884625779242933,-0.45218859399732064,4.838880969682063,5.65157583772574,85.75,273.0,813.0,61.0,265.0,97.0,260.0,110.0,281.0,75.0,286.0
moving,moving_frame_000016,moving_calib_camera,16,results/bus_real_data/ablation/moving_cam/fov/00_prepared_datasets/fov_120deg/raw_images/moving/frame_0016.png,5,0.17,929.46709573,929.46709573,640.0,360.0,True,-2.497309399176782,0.25691695490878036,0.12412092152875207,-2.432932495996901,-0.9544560602982618,8.9648566668711,9.33802987565691,387.75,261.0,267.0,376.0,255.0,393.0,252.0,399.0,267.0,383.0,270.0
moving,moving_frame_000016,moving_calib_camera,16,results/bus_real_data/ablation/moving_cam/fov/00_prepared_datasets/fov_120deg/raw_images/moving/frame_0016.png,6,0.17,929.46709573,929.46709573,640.0,360.0,True,-2.214496327321622,0.10889100299799126,-0.2855261667636191,-2.838888198282143,-0.595759822696527,5.642360219513953,6.344323826495505,172.25,261.75,622.5,152.0,254.0,182.0,250.0,192.0,269.0,163.0,274.0
moving,moving_frame_000017,moving_calib_camera,17,results/bus_real_data/ablation/moving_cam/fov/00_prepared_datasets/fov_120deg/raw_images/moving/frame_0017.png,2,0.17,929.46709573,929.46709573,640.0,360.0,True,-2.6293283137763055,0.5283577637960012,-0.40143752906718283,-0.9835293620617412,0.17609368885479795,4.381871269472409,4.494344759308058,431.25,397.25,1213.0,407.0,390.0,441.0,375.0,455.0,404.0,422.0,420.0
moving,moving_frame_000017,moving_calib_camera,17,results/bus_real_data/ablation/moving_cam/fov/00_prepared_datasets/fov_120deg/raw_images/moving/frame_0017.png,1,0.17,929.46709573,929.46709573,640.0,360.0,True,1.9861244431012954,-0.9166212251394713,0.4445263810004947,-0.13986318875082185,0.09355294241766264,2.419557119937444,2.425401105228273,586.25,396.5,2487.0,540.0,398.0,586.0,371.0,632.0,392.0,587.0,425.0
moving,moving_frame_000017,moving_calib_camera,17,results/bus_real_data/ablation/moving_cam/fov/00_prepared_datasets/fov_120deg/raw_images/moving/frame_0017.png,6,0.17,929.46709573,929.46709573,640.0,360.0,True,-2.1505146014996046,0.08558291429263469,-0.293345935027567,-2.7337614009216487,-0.4051803635625277,4.478921179435475,5.262922900421535,72.5,275.75,943.0,45.0,267.0,84.0,262.0,99.0,284.0,62.0,290.0
moving,moving_frame_000017,moving_calib_camera,17,results/bus_real_data/ablation/moving_cam/fov/00_prepared_datasets/fov_120deg/raw_images/moving/frame_0017.png,5,0.17,929.46709573,929.46709573,640.0,360.0,True,2.452998020877098,-0.5708350120036583,0.7873562943432083,-2.5319168576564763,-0.7685251598961272,7.698227438660652,8.140266555391547,334.25,267.25,332.0,320.0,261.0,340.0,258.0,348.0,273.0,329.0,277.0
moving,moving_frame_000018,moving_calib_camera,18,results/bus_real_data/ablation/moving_cam/fov/00_prepared_datasets/fov_120deg/raw_images/moving/frame_0018.png,2,0.17,929.46709573,929.46709573,640.0,360.0,True,-2.5455062634952537,0.5763371796636836,-0.4254176761070577,-1.0512729722659453,0.22860143686150128,3.999228767176999,4.141408481587885,395.5,413.0,1422.0,368.0,407.0,405.0,389.0,422.0,418.0,387.0,438.0
moving,moving_frame_000018,moving_calib_camera,18,results/bus_real_data/ablation/moving_cam/fov/00_prepared_datasets/fov_120deg/raw_images/moving/frame_0018.png,1,0.17,929.46709573,929.46709573,640.0,360.0,True,1.9592722472639157,-1.014161853564924,0.4478592790251831,-0.17296141415257646,0.11065996128234987,2.30532650686478,2.3144527606045533,570.25,405.25,2829.5,522.0,410.0,567.0,378.0,618.0,397.0,574.0,436.0
moving,moving_frame_000018,moving_calib_camera,18,results/bus_real_data/ablation/moving_cam/fov/00_prepared_datasets/fov_120deg/raw_images/moving/frame_0018.png,5,0.17,929.46709573,929.46709573,640.0,360.0,True,-2.352198613284696,0.2842619860839799,-0.04445447415556224,-2.7671929019166024,-0.6333066261334894,7.013710120818768,7.566410212114977,273.25,276.0,418.0,257.0,270.0,279.0,265.0,289.0,282.0,268.0,287.0
moving,moving_frame_000019,moving_calib_camera,19,results/bus_real_data/ablation/moving_cam/fov/00_prepared_datasets/fov_120deg/raw_images/moving/frame_0019.png,2,0.17,929.46709573,929.46709573,640.0,360.0,True,-2.4801201819727035,0.6177274484794358,-0.43076615818997155,-1.0866883014887876,0.27614240095653325,3.5814872274062273,3.7528917983699674,357.75,431.5,1742.0,326.0,427.0,367.0,405.0,388.0,435.0,350.0,459.0
moving,moving_frame_000019,moving_calib_camera,19,results/bus_real_data/ablation/moving_cam/fov/00_prepared_datasets/fov_120deg/raw_images/moving/frame_0019.png,1,0.17,929.46709573,929.46709573,640.0,360.0,True,1.9414811733757624,-1.0961535972451029,0.4614395277627055,-0.1979088092788962,0.12653425028295828,2.196799990215994,2.209323201864737,556.25,414.25,3223.5,505.0,422.0,551.0,385.0,605.0,403.0,564.0,447.0
moving,moving_frame_000019,moving_calib_camera,19,results/bus_real_data/ablation/moving_cam/fov/00_prepared_datasets/fov_120deg/raw_images/moving/frame_0019.png,5,0.17,929.46709573,929.46709573,640.0,360.0,True,-2.2285655906832447,0.2891350885854685,-0.018406353745176646,-2.7176956974107567,-0.446411530201414,5.77138736330102,6.3948467734021905,202.25,288.0,552.0,181.0,282.0,208.0,276.0,222.0,294.0,198.0,300.0
moving,moving_frame_000020,moving_calib_camera,20,results/bus_real_data/ablation/moving_cam/fov/00_prepared_datasets/fov_120deg/raw_images/moving/frame_0020.png,2,0.17,929.46709573,929.46709573,640.0,360.0,True,-2.4139317848856083,0.6516905728763346,-0.45631669478918063,-1.094755868210849,0.3218141659656408,3.158415435041011,3.3582201876445725,317.5,454.5,2192.0,280.0,452.0,327.0,425.0,352.0,456.0,311.0,485.0
moving,moving_frame_000020,moving_calib_camera,20,results/bus_real_data/ablation/moving_cam/fov/00_prepared_datasets/fov_120deg/raw_images/moving/frame_0020.png,1,0.17,929.46709573,929.46709573,640.0,360.0,True,1.889852794571316,-1.1973139631996292,0.4821500783658495,-0.2146526154819689,0.14019589037690067,2.078390575962683,2.0941437436962906,544.0,423.5,3636.0,490.0,436.0,535.0,393.0,594.0,408.0,557.0,457.0
moving,moving_frame_000020,moving_calib_camera,20,results/bus_real_data/ablation/moving_cam/fov/00_prepared_datasets/fov_120deg/raw_images/moving/frame_0020.png,5,0.17,929.46709573,929.46709573,640.0,360.0,True,-2.120372557093692,0.21309983565485272,-0.18226224169100325,-2.618003880864993,-0.27788266417649066,4.6452294386062745,5.339411918232976,116.0,304.25,805.5,89.0,298.0,124.0,291.0,142.0,310.0,109.0,318.0
moving,moving_frame_000021,moving_calib_camera,21,results/bus_real_data/ablation/moving_cam/fov/00_prepared_datasets/fov_120deg/raw_images/moving/frame_0021.png,2,0.17,929.46709573,929.46709573,640.0,360.0,True,-2.33583575142943,0.6970085972063834,-0.5184106025502397,-1.0812843058584787,0.36137831926151753,2.7534719212683387,2.9801640325561425,274.5,481.75,2835.0,231.0,483.0,283.0,448.0,315.0,480.0,269.0,516.0
moving,moving_frame_000021,moving_calib_camera,21,results/bus_real_data/ablation/moving_cam/fov/00_prepared_datasets/fov_120deg/raw_images/moving/frame_0021.png,1,0.17,929.46709573,929.46709573,640.0,360.0,True,1.8559978580782608,-1.2939194534262686,0.4928082260833371,-0.22534500033389504,0.15325283325876446,1.9757872146515045,1.9944928973695726,534.0,433.0,4158.0,478.0,450.0,521.0,401.0,585.0,413.0,552.0,468.0
moving,moving_frame_000022,moving_calib_camera,22,results/bus_real_data/ablation/moving_cam/fov/00_prepared_datasets/fov_120deg/raw_images/moving/frame_0022.png,2,0.17,929.46709573,929.46709573,640.0,360.0,True,-2.244977420276281,0.7133934953697376,-0.5429574010000866,-1.0518568134563655,0.39546947273199595,2.378670328476039,2.6307549090422335,228.25,514.25,3640.5,177.0,520.0,236.0,477.0,276.0,508.0,224.0,552.0
moving,moving_frame_000022,moving_calib_camera,22,results/bus_real_data/ablation/moving_cam/fov/00_prepared_datasets/fov_120deg/raw_images/moving/frame_0022.png,1,0.17,929.46709573,929.46709573,640.0,360.0,True,1.8036835007588121,-1.3929719307798667,0.5310437756334703,-0.2328171626723136,0.16593352619507729,1.898040746537626,1.9194521202331218,526.0,442.25,4584.0,469.0,464.0,508.0,410.0,577.0,418.0,550.0,477.0
moving,moving_frame_000023,moving_calib_camera,23,results/bus_real_data/ablation/moving_cam/fov/00_prepared_datasets/fov_120deg/raw_images/moving/frame_0023.png,2,0.17,929.46709573,929.46709573,640.0,360.0,True,-2.175018283151577,0.759675252643757,-0.5908827430254974,-1.016031713408869,0.4292872170771505,2.051169209770217,2.3289274536807243,178.5,554.25,4826.5,117.0,567.0,185.0,512.0,234.0,542.0,178.0,596.0
moving,moving_frame_000023,moving_calib_camera,23,results/bus_real_data/ablation/moving_cam/fov/00_prepared_datasets/fov_120deg/raw_images/moving/frame_0023.png,1,0.17,929.46709573,929.46709573,640.0,360.0,True,1.749626936552832,-1.4859982631161206,0.5431067600120155,-0.23587084864968783,0.17572145633542818,1.8264543262177784,1.8499860791960048,520.0,450.5,5020.0,462.0,478.0,498.0,418.0,570.0,422.0,550.0,484.0
moving,moving_frame_000024,moving_calib_camera,24,results/bus_real_data/ablation/moving_cam/fov/00_prepared_datasets/fov_120deg/raw_images/moving/frame_0024.png,2,0.17,929.46709573,929.46709573,640.0,360.0,True,-2.1036399565379424,0.7837094667686024,-0.6448266102926384,-0.9700023734402395,0.45794642459720236,1.7536966462981853,2.055741097394942,124.25,602.5,6491.0,51.0,624.0,129.0,555.0,190.0,582.0,127.0,649.0
moving,moving_frame_000024,moving_calib_camera,24,results/bus_real_data/ablation/moving_cam/fov/00_prepared_datasets/fov_120deg/raw_images/moving/frame_0024.png,1,0.17,929.46709573,929.46709573,640.0,360.0,True,1.6841451618845245,-1.5860703348797054,0.5782471509859761,-0.23567510264840336,0.18351596584947893,1.765951296726864,1.7910345742450913,516.0,457.75,5451.0,459.0,491.0,488.0,426.0,565.0,425.0,552.0,489.0
moving,moving_frame_000025,moving_calib_camera,25,results/bus_real_data/ablation/moving_cam/fov/00_prepared_datasets/fov_120deg/raw_images/moving/frame_0025.png,1,0.17,929.46709573,929.46709573,640.0,360.0,True,1.6177528485065762,-1.6872308507483489,0.6058930509768297,-0.23329459575918854,0.18803722031772774,1.7133059827736647,1.7393107126799667,513.5,463.25,5897.0,458.0,502.0,480.0,433.0,560.0,426.0,556.0,492.0
moving,moving_frame_000026,moving_calib_camera,26,results/bus_real_data/ablation/moving_cam/fov/00_prepared_datasets/fov_120deg/raw_images/moving/frame_0026.png,1,0.17,929.46709573,929.46709573,640.0,360.0,True,1.5498211379352511,-1.7731774362428343,0.6476010754712079,-0.23193301288239415,0.19221983217747918,1.6899717299321235,1.7166088180819814,512.5,467.0,6113.0,460.0,510.0,474.0,439.0,556.0,427.0,560.0,492.0
moving,moving_frame_000027,moving_calib_camera,27,results/bus_real_data/ablation/moving_cam/fov/00_prepared_datasets/fov_120deg/raw_images/moving/frame_0027.png,1,0.17,929.46709573,929.46709573,640.0,360.0,True,1.4635112813777726,-1.867903614859046,0.6831087351558528,-0.2280569057052557,0.1911952521280738,1.6582442578203243,1.6847372481399738,512.25,468.5,6393.5,464.0,516.0,468.0,444.0,552.0,425.0,565.0,489.0
moving,moving_frame_000028,moving_calib_camera,28,results/bus_real_data/ablation/moving_cam/fov/00_prepared_datasets/fov_120deg/raw_images/moving/frame_0028.png,1,0.17,929.46709573,929.46709573,640.0,360.0,True,1.3827491929336135,-1.9608279335428727,0.7069133140700314,-0.22998054738256,0.19281763834794433,1.6719713898366912,1.6986930335598889,512.25,468.5,6378.0,470.0,519.0,464.0,448.0,547.0,423.0,568.0,484.0
moving,moving_frame_000029,moving_calib_camera,29,results/bus_real_data/ablation/moving_cam/fov/00_prepared_datasets/fov_120deg/raw_images/moving/frame_0029.png,1,0.17,929.46709573,929.46709573,640.0,360.0,True,1.2903514786283785,-2.038977015180453,0.768476400636501,-0.23061831594167936,0.18887912852077007,1.676856905715565,1.703146856581816,512.25,466.0,6297.0,476.0,518.0,460.0,450.0,542.0,420.0,571.0,476.0
moving,moving_frame_000030,moving_calib_camera,30,results/bus_real_data/ablation/moving_cam/fov/00_prepared_datasets/fov_120deg/raw_images/moving/frame_0030.png,1,0.17,929.46709573,929.46709573,640.0,360.0,True,1.1944552374024022,-2.109606965174923,0.8253146840352967,-0.23267799018711813,0.1801768575971957,1.6756118482146047,1.701257715047394,511.0,461.25,6231.5,481.0,514.0,455.0,450.0,536.0,415.0,572.0,466.0
moving,moving_frame_000031,moving_calib_camera,31,results/bus_real_data/ablation/moving_cam/fov/00_prepared_datasets/fov_120deg/raw_images/moving/frame_0031.png,1,0.17,929.46709573,929.46709573,640.0,360.0,True,1.1066489897475686,-2.193352621790288,0.8751263664571416,-0.24184344053992696,0.17372305785465836,1.7087611467857868,1.7345122101983714,508.5,455.75,6027.0,486.0,508.0,450.0,449.0,528.0,410.0,570.0,456.0
moving,moving_frame_000032,moving_calib_camera,32,results/bus_real_data/ablation/moving_cam/fov/00_prepared_datasets/fov_120deg/raw_images/moving/frame_0032.png,1,0.17,929.46709573,929.46709573,640.0,360.0,True,1.002240763155835,-2.2492872697169113,0.9191072291723452,-0.2515620753015268,0.16213921968306103,1.721809338663583,1.747626963341596,504.25,448.75,5809.5,488.0,500.0,444.0,447.0,519.0,404.0,566.0,444.0
moving,moving_frame_000033,moving_calib_camera,33,results/bus_real_data/ablation/moving_cam/fov/00_prepared_datasets/fov_120deg/raw_images/moving/frame_0033.png,1,0.17,929.46709573,929.46709573,640.0,360.0,True,0.8982559422778581,-2.3017703118593946,0.9756357892342865,-0.2655742950416088,0.14950580227941246,1.7410176972952096,1.7674909655772424,498.25,441.0,5538.0,488.0,490.0,437.0,444.0,508.0,398.0,560.0,432.0
moving,moving_frame_000034,moving_calib_camera,34,results/bus_real_data/ablation/moving_cam/fov/00_prepared_datasets/fov_120deg/raw_images/moving/frame_0034.png,0,0.17,929.46709573,929.46709573,640.0,360.0,True,-2.4072062242670142,-0.3927688879222782,0.602100948535979,0.5650767469819267,0.5282925384187235,1.6166893078640425,1.7922301900957063,966.25,663.25,6892.5,934.0,611.0,1033.0,661.0,994.0,716.0,904.0,665.0
moving,moving_frame_000034,moving_calib_camera,34,results/bus_real_data/ablation/moving_cam/fov/00_prepared_datasets/fov_120deg/raw_images/moving/frame_0034.png,1,0.17,929.46709573,929.46709573,640.0,360.0,True,0.7719669329414599,-2.3666474888447393,1.0260615878759536,-0.2878067689696892,0.13862996177493228,1.774269267208311,1.802798500977413,489.25,433.75,5230.0,486.0,480.0,428.0,442.0,493.0,393.0,550.0,420.0
moving,moving_frame_000035,moving_calib_camera,35,results/bus_real_data/ablation/moving_cam/fov/00_prepared_datasets/fov_120deg/raw_images/moving/frame_0035.png,0,0.17,929.46709573,929.46709573,640.0,360.0,True,-2.485419011714447,-0.3350626688055359,0.4764179766559004,0.597422451450968,0.4996381004669105,1.9350422233813498,2.085890750543878,927.75,599.5,5108.0,899.0,557.0,982.0,589.0,954.0,643.0,876.0,609.0
moving,moving_frame_000035,moving_calib_camera,35,results/bus_real_data/ablation/moving_cam/fov/00_prepared_datasets/fov_120deg/raw_images/moving/frame_0035.png,1,0.17,929.46709573,929.46709573,640.0,360.0,True,0.6728180023751181,-2.404882547949706,1.0779770908145938,-0.30920629739079364,0.12377635066088817,1.7795683982810118,1.8104675648819277,478.5,425.75,5031.0,481.0,469.0,416.0,438.0,479.0,387.0,538.0,409.0
moving,moving_frame_000036,moving_calib_camera,36,results/bus_real_data/ablation/moving_cam/fov/00_prepared_datasets/fov_120deg/raw_images/moving/frame_0036.png,0,0.17,929.46709573,929.46709573,640.0,360.0,True,-2.5571023514330395,-0.2870708157421071,0.34569601799037913,0.610567868004455,0.458115173250469,2.262678157493797,2.3879646307684994,891.25,547.75,3929.0,865.0,512.0,937.0,533.0,915.0,584.0,848.0,562.0
moving,moving_frame_000036,moving_calib_camera,36,results/bus_real_data/ablation/moving_cam/fov/00_prepared_datasets/fov_120deg/raw_images/moving/frame_0036.png,1,0.17,929.46709573,929.46709573,640.0,360.0,True,0.5638875165042762,-2.441622333604908,1.1286758203343292,-0.33791236203737374,0.11059902635852445,1.7898896392079477,1.8248621398870348,464.5,418.5,4796.0,472.0,458.0,402.0,435.0,461.0,382.0,523.0,399.0
moving,moving_frame_000037,moving_calib_camera,37,results/bus_real_data/ablation/moving_cam/fov/00_prepared_datasets/fov_120deg/raw_images/moving/frame_0037.png,0,0.17,929.46709573,929.46709573,640.0,360.0,True,-2.636544521133301,-0.21809199204173016,0.20018489484961277,0.6017572217021391,0.4060536002582136,2.591962993294535,2.6917027025215283,856.0,505.25,3133.5,832.0,475.0,894.0,487.0,879.0,536.0,819.0,523.0
moving,moving_frame_000037,moving_calib_camera,37,results/bus_real_data/ablation/moving_cam/fov/00_prepared_datasets/fov_120deg/raw_images/moving/frame_0037.png,1,0.17,929.46709573,929.46709573,640.0,360.0,True,0.458551686848313,-2.4851635476588103,1.1757055773090532,-0.37084769030183173,0.09866013086429853,1.7911566740739522,1.8318034998066868,447.5,412.25,4680.0,460.0,449.0,385.0,432.0,440.0,378.0,505.0,390.0
moving,moving_frame_000038,moving_calib_camera,38,results/bus_real_data/ablation/moving_cam/fov/00_prepared_datasets/fov_120deg/raw_images/moving/frame_0038.png,0,0.17,929.46709573,929.46709573,640.0,360.0,True,-2.704154051553028,-0.14748282733867207,0.07694564704480251,0.5661012095174983,0.3444427910596299,2.896368315843308,2.9712052835088865,821.75,470.25,2596.0,799.0,444.0,854.0,450.0,844.0,497.0,790.0,490.0
moving,moving_frame_000038,moving_calib_camera,38,results/bus_real_data/ablation/moving_cam/fov/00_prepared_datasets/fov_120deg/raw_images/moving/frame_0038.png,1,0.17,929.46709573,929.46709573,640.0,360.0,True,0.3491871589272409,-2.506540942449617,1.2502082490160573,-0.40609429100541355,0.08834974534636095,1.7772377572443212,1.825182811793049,427.5,407.25,4498.0,444.0,440.0,365.0,430.0,416.0,376.0,485.0,383.0
moving,moving_frame_000039,moving_calib_camera,39,results/bus_real_data/ablation/moving_cam/fov/00_prepared_datasets/fov_120deg/raw_images/moving/frame_0039.png,0,0.17,929.46709573,929.46709573,640.0,360.0,True,-2.710510927367184,-0.07005609866806264,-0.03616215713171481,0.513131230115316,0.2815116934813398,3.2011359064684926,3.2542009133684795,789.0,441.5,2119.0,767.0,419.0,817.0,421.0,810.0,464.0,762.0,462.0
moving,moving_frame_000039,moving_calib_camera,39,results/bus_real_data/ablation/moving_cam/fov/00_prepared_datasets/fov_120deg/raw_images/moving/frame_0039.png,1,0.17,929.46709573,929.46709573,640.0,360.0,True,0.23681234264702386,-2.5291538524834856,1.2710247452905887,-0.44513056925863503,0.07981011970977757,1.757866395783818,1.815104719932874,404.5,403.25,4455.5,425.0,433.0,342.0,430.0,390.0,374.0,461.0,376.0
moving,moving_frame_000040,moving_calib_camera,40,results/bus_real_data/ablation/moving_cam/fov/00_prepared_datasets/fov_120deg/raw_images/moving/frame_0040.png,0,0.17,929.46709573,929.46709573,640.0,360.0,True,-2.749016584361325,0.021056687409849426,-0.1633392601409651,0.4350920009754371,0.21581521831096898,3.477279294734053,3.5110329749738285,756.25,417.5,1819.5,735.0,398.0,780.0,396.0,777.0,437.0,733.0,439.0
moving,moving_frame_000040,moving_calib_camera,40,results/bus_real_data/ablation/moving_cam/fov/00_prepared_datasets/fov_120deg/raw_images/moving/frame_0040.png,1,0.17,929.46709573,929.46709573,640.0,360.0,True,0.12069825950377133,-2.5553786503078406,1.3366191699882288,-0.4844186788818164,0.07464523692916661,1.7166674218656732,1.7852676004287853,377.5,401.5,4478.0,403.0,428.0,314.0,431.0,359.0,375.0,434.0,372.0
moving,moving_frame_000041,moving_calib_camera,41,results/bus_real_data/ablation/moving_cam/fov/00_prepared_datasets/fov_120deg/raw_images/moving/frame_0041.png,0,0.17,929.46709573,929.46709573,640.0,360.0,True,-2.7546685651692346,0.09191323908322106,-0.3286598716098271,0.3268105144996145,0.14676776464366856,3.62253640777358,3.640208224095308,723.75,397.5,1657.5,703.0,380.0,745.0,375.0,744.0,415.0,703.0,420.0
moving,moving_frame_000041,moving_calib_camera,41,results/bus_real_data/ablation/moving_cam/fov/00_prepared_datasets/fov_120deg/raw_images/moving/frame_0041.png,1,0.17,929.46709573,929.46709573,640.0,360.0,True,0.01532541716404355,-2.570260914669117,1.3751988906406687,-0.5243060992524724,0.07268088172041964,1.6634837622108245,1.745668245520918,346.75,401.75,4585.5,376.0,425.0,282.0,435.0,325.0,377.0,404.0,370.0
moving,moving_frame_000042,moving_calib_camera,42,results/bus_real_data/ablation/moving_cam/fov/00_prepared_datasets/fov_120deg/raw_images/moving/frame_0042.png,1,0.17,929.46709573,929.46709573,640.0,360.0,True,-0.107671684545364,-2.5830010758375974,1.4222580279387922,-0.5629101820512475,0.07418310710467038,1.59347528922935,1.6916070772555996,311.25,404.5,4785.0,345.0,424.0,245.0,442.0,285.0,382.0,370.0,370.0
moving,moving_frame_000042,moving_calib_camera,42,results/bus_real_data/ablation/moving_cam/fov/00_prepared_datasets/fov_120deg/raw_images/moving/frame_0042.png,0,0.17,929.46709573,929.46709573,640.0,360.0,True,-2.7787316784058227,0.1864509198720294,-0.427481788340501,0.21339469860857757,0.08996594138442379,3.8234872869310563,3.8304942502667774,691.75,381.75,1501.0,671.0,366.0,710.0,359.0,712.0,397.0,674.0,405.0
moving,moving_frame_000043,moving_calib_camera,43,results/bus_real_data/ablation/moving_cam/fov/00_prepared_datasets/fov_120deg/raw_images/moving/frame_0043.png,1,0.17,929.46709573,929.46709573,640.0,360.0,True,-0.21537209789389483,-2.5959304130954055,1.4728722580564337,-0.6027140547728402,0.07983115859594966,1.5174315197488861,1.6346974224090842,270.25,410.25,5096.0,309.0,427.0,201.0,451.0,240.0,390.0,331.0,373.0
moving,moving_frame_000043,moving_calib_camera,43,results/bus_real_data/ablation/moving_cam/fov/00_prepared_datasets/fov_120deg/raw_images/moving/frame_0043.png,0,0.17,929.46709573,929.46709573,640.0,360.0,True,-2.751686541383523,0.24994176428039974,-0.42478298353668603,0.08203942075161712,0.0364982368636051,3.9360906420418815,3.93711469609676,659.25,368.5,1428.0,638.0,354.0,676.0,346.0,680.0,382.0,643.0,392.0
moving,moving_frame_000044,moving_calib_camera,44,results/bus_real_data/ablation/moving_cam/fov/00_prepared_datasets/fov_120deg/raw_images/moving/frame_0044.png,1,0.17,929.46709573,929.46709573,640.0,360.0,True,-0.3427517110186159,-2.5970478999706264,1.5236261850558475,-0.6306427738160187,0.09386049063871779,1.4033969644927267,1.5414419028353623,221.5,423.75,5718.5,267.0,437.0,147.0,470.0,186.0,406.0,286.0,382.0
moving,moving_frame_000044,moving_calib_camera,44,results/bus_real_data/ablation/moving_cam/fov/00_prepared_datasets/fov_120deg/raw_images/moving/frame_0044.png,0,0.17,929.46709573,929.46709573,640.0,360.0,True,-2.7832403498422287,0.3581235117623844,-0.5427619784481564,-0.05667164443068128,0.007929681022864865,4.0203836903424,4.02079091382464,626.75,361.75,1382.0,605.0,349.0,641.0,338.0,648.0,374.0,613.0,386.0
moving,moving_frame_000045,moving_calib_camera,45,results/bus_real_data/ablation/moving_cam/fov/00_prepared_datasets/fov_120deg/raw_images/moving/frame_0045.png,1,0.17,929.46709573,929.46709573,640.0,360.0,True,-0.4740074017088493,-2.589500886603807,1.5699626110951863,-0.6538870766130289,0.11111750664020015,1.2780683723553383,1.4399215859408776,163.25,442.75,6621.5,216.0,452.0,82.0,496.0,121.0,428.0,234.0,395.0
moving,moving_frame_000045,moving_calib_camera,45,results/bus_real_data/ablation/moving_cam/fov/00_prepared_datasets/fov_120deg/raw_images/moving/frame_0045.png,0,0.17,929.46709573,929.46709573,640.0,360.0,True,-2.7639061100926146,0.4288205763283475,-0.5412227837970105,-0.20685661971476715,-0.010747430585964637,4.125505310590373,4.13070202702802,593.25,357.5,1331.0,571.0,346.0,606.0,334.0,615.0,368.0,581.0,382.0
moving,moving_frame_000046,moving_calib_camera,46,results/bus_real_data/ablation/moving_cam/fov/00_prepared_datasets/fov_120deg/raw_images/moving/frame_0046.png,1,0.17,929.46709573,929.46709573,640.0,360.0,True,-0.6109753328531708,-2.5881856616668077,1.6265200058995717,-0.6721240424780095,0.1304770827445822,1.149158876762655,1.337662558959069,94.5,468.0,7972.0,158.0,472.0,3.0,530.0,44.0,456.0,173.0,414.0
moving,moving_frame_000046,moving_calib_camera,46,results/bus_real_data/ablation/moving_cam/fov/00_prepared_datasets/fov_120deg/raw_images/moving/frame_0046.png,0,0.17,929.46709573,929.46709573,640.0,360.0,True,-2.77207927442213,0.5133020253545383,-0.6132535344790572,-0.35794646818807835,-0.017339213240773182,4.090516024142033,4.106184076020811,558.5,356.0,1370.0,535.0,346.0,570.0,331.0,581.0,366.0,548.0,381.0
moving,moving_frame_000047,moving_calib_camera,47,results/bus_real_data/ablation/moving_cam/fov/00_prepared_datasets/fov_120deg/raw_images/moving/frame_0047.png,0,0.17,929.46709573,929.46709573,640.0,360.0,True,-2.7709399750443207,0.6051706163520166,-0.5432527660231355,-0.5152716296522607,-0.012969855364714478,4.0988746545152255,4.131155589287335,523.0,357.0,1411.0,498.0,348.0,533.0,332.0,547.0,365.0,514.0,383.0
moving,moving_frame_000048,moving_calib_camera,48,results/bus_real_data/ablation/moving_cam/fov/00_prepared_datasets/fov_120deg/raw_images/moving/frame_0048.png,0,0.17,929.46709573,929.46709573,640.0,360.0,True,-2.7620363629257474,0.6638921961245049,-0.3499591386800676,-0.6719403823086085,0.003605140421103684,4.0325270802959965,4.08812812026911,485.0,360.75,1505.5,458.0,353.0,494.0,335.0,511.0,368.0,477.0,387.0
moving,moving_frame_000049,moving_calib_camera,49,results/bus_real_data/ablation/moving_cam/fov/00_prepared_datasets/fov_120deg/raw_images/moving/frame_0049.png,0,0.17,929.46709573,929.46709573,640.0,360.0,True,-2.6595670240153595,0.7057970118757532,-0.3322955829210104,-0.7989394620064242,0.030031570026357972,3.7868071441594475,3.8702861013375216,443.75,367.25,1685.0,414.0,361.0,452.0,340.0,472.0,373.0,437.0,395.0
moving,moving_frame_000050,moving_calib_camera,50,results/bus_real_data/ablation/moving_cam/fov/00_prepared_datasets/fov_120deg/raw_images/moving/frame_0050.png,3,0.17,929.46709573,929.46709573,640.0,360.0,True,-2.0534701092855037,-0.3720439043095145,0.2846472166643441,1.182274051592716,0.5517145607244677,2.1498723298992966,2.5147787028785413,1152.0,598.25,2536.0,1138.0,575.0,1212.0,604.0,1162.0,621.0,1096.0,593.0
moving,moving_frame_000050,moving_calib_camera,50,results/bus_real_data/ablation/moving_cam/fov/00_prepared_datasets/fov_120deg/raw_images/moving/frame_0050.png,0,0.17,929.46709573,929.46709573,640.0,360.0,True,-2.5404665999854967,0.7163879886265744,-0.2717981613605635,-0.9095400464923162,0.06888825913675946,3.521438441182785,3.6376554789396947,399.75,378.0,1882.5,367.0,373.0,407.0,350.0,431.0,382.0,394.0,407.0
moving,moving_frame_000051,moving_calib_camera,51,results/bus_real_data/ablation/moving_cam/fov/00_prepared_datasets/fov_120deg/raw_images/moving/frame_0051.png,3,0.17,929.46709573,929.46709573,640.0,360.0,True,-2.093753017537825,-0.30452069802550213,0.1910627623522969,1.1988967419115508,0.5030653963778627,2.57935686144324,2.8885134601509597,1072.5,541.0,1774.0,1058.0,522.0,1120.0,540.0,1084.0,560.0,1028.0,542.0
moving,moving_frame_000051,moving_calib_camera,51,results/bus_real_data/ablation/moving_cam/fov/00_prepared_datasets/fov_120deg/raw_images/moving/frame_0051.png,0,0.17,929.46709573,929.46709573,640.0,360.0,True,-2.4421502845327163,0.7454473530757127,-0.2581137880238512,-0.9852467584171517,0.1133419109101748,3.1687160772058585,3.320289014782171,350.75,393.0,2251.5,313.0,390.0,357.0,363.0,386.0,395.0,347.0,424.0
moving,moving_frame_000052,moving_calib_camera,52,results/bus_real_data/ablation/moving_cam/fov/00_prepared_datasets/fov_120deg/raw_images/moving/frame_0052.png,3,0.17,929.46709573,929.46709573,640.0,360.0,True,-2.163689729486625,-0.2951845653619293,0.07988468898139676,1.2051918356400835,0.45496831031736706,3.058602321595587,3.3188148013645575,1006.5,498.0,1390.0,994.0,481.0,1045.0,493.0,1017.0,515.0,970.0,503.0
moving,moving_frame_000052,moving_calib_camera,52,results/bus_real_data/ablation/moving_cam/fov/00_prepared_datasets/fov_120deg/raw_images/moving/frame_0052.png,0,0.17,929.46709573,929.46709573,640.0,360.0,True,-2.317539432933988,0.7444515419840015,-0.3122124830151229,-1.0369758730951062,0.16089807239992693,2.805096875057327,2.994958368582066,296.0,413.0,2726.0,252.0,413.0,302.0,381.0,336.0,412.0,294.0,446.0
moving,moving_frame_000053,moving_calib_camera,53,results/bus_real_data/ablation/moving_cam/fov/00_prepared_datasets/fov_120deg/raw_images/moving/frame_0053.png,3,0.17,929.46709573,929.46709573,640.0,360.0,True,-2.180930307958204,-0.22859451979583853,-0.025485078647030954,1.1598148059065332,0.3954170030304926,3.4846744331268265,3.693843647905714,949.5,465.25,1054.5,937.0,451.0,982.0,458.0,960.0,479.0,919.0,473.0
moving,moving_frame_000053,moving_calib_camera,53,results/bus_real_data/ablation/moving_cam/fov/00_prepared_datasets/fov_120deg/raw_images/moving/frame_0053.png,0,0.17,929.46709573,929.46709573,640.0,360.0,True,-2.2311626511191283,0.738034155616756,-0.32425321086252834,-1.0735287324109257,0.2096121332952866,2.446199071108215,2.6796065161189437,231.5,439.25,3447.5,180.0,443.0,236.0,404.0,279.0,436.0,231.0,474.0
moving,moving_frame_000054,moving_calib_camera,54,results/bus_real_data/ablation/moving_cam/fov/00_prepared_datasets/fov_120deg/raw_images/moving/frame_0054.png,0,0.17,929.46709573,929.46709573,640.0,360.0,True,-2.146065730269097,0.7585611638064205,-0.37563413482748786,-1.0874282550143952,0.25962461450987,2.094599132460069,2.3742895097198073,156.5,474.75,4590.5,94.0,484.0,159.0,436.0,213.0,466.0,160.0,513.0
moving,moving_frame_000054,moving_calib_camera,54,results/bus_real_data/ablation/moving_cam/fov/00_prepared_datasets/fov_120deg/raw_images/moving/frame_0054.png,3,0.17,929.46709573,929.46709573,640.0,360.0,True,-2.259851948567711,-0.20701866639065145,-0.13636867013083462,1.1108984576096876,0.34294193821570224,3.9876048567573843,4.153636605402765,899.0,439.75,888.5,888.0,427.0,926.0,430.0,909.0,453.0,873.0,449.0
moving,moving_frame_000055,moving_calib_camera,55,results/bus_real_data/ablation/moving_cam/fov/00_prepared_datasets/fov_120deg/raw_images/moving/frame_0055.png,3,0.17,929.46709573,929.46709573,640.0,360.0,True,-2.293211851139419,-0.13168097656913982,-0.21512745891938356,0.9978108798569032,0.28469993009015504,4.344348916164973,4.466547672144329,853.5,420.75,771.0,842.0,409.0,877.0,410.0,864.0,432.0,831.0,432.0
moving,moving_frame_000056,moving_calib_camera,56,results/bus_real_data/ablation/moving_cam/fov/00_prepared_datasets/fov_120deg/raw_images/moving/frame_0056.png,3,0.17,929.46709573,929.46709573,640.0,360.0,True,-2.3012322765975717,-0.08209451618134635,-0.3347814069169605,0.8620233446371728,0.23121826137619758,4.657991815012964,4.74272430991103,812.0,406.0,662.0,801.0,396.0,833.0,394.0,822.0,416.0,792.0,418.0
moving,moving_frame_000056,moving_calib_camera,56,results/bus_real_data/ablation/moving_cam/fov/00_prepared_datasets/fov_120deg/raw_images/moving/frame_0056.png,4,0.17,929.46709573,929.46709573,640.0,360.0,True,-2.245669375452431,-0.08807510242015505,-0.5722196325470217,1.1005716241472587,-0.5319667304945332,2.1623343920447016,2.483935692656013,1113.25,130.5,3025.5,1109.0,100.0,1161.0,99.0,1115.0,161.0,1068.0,162.0
moving,moving_frame_000057,moving_calib_camera,57,results/bus_real_data/ablation/moving_cam/fov/00_prepared_datasets/fov_120deg/raw_images/moving/frame_0057.png,3,0.17,929.46709573,929.46709573,640.0,360.0,True,-2.3356532262664844,-0.005343329976457094,-0.40201138354712473,0.7065229484798605,0.19255450936850013,4.955006898886023,5.008826737252439,772.5,396.0,610.0,761.0,387.0,791.0,383.0,783.0,405.0,755.0,409.0
moving,moving_frame_000057,moving_calib_camera,57,results/bus_real_data/ablation/moving_cam/fov/00_prepared_datasets/fov_120deg/raw_images/moving/frame_0057.png,7,0.17,929.46709573,929.46709573,640.0,360.0,True,-2.0830091524533034,-0.37964508467209435,0.10151818262492752,1.6810356048669992,-0.1922966018529206,2.675641699527033,3.1657411758011182,1224.5,292.75,2502.0,1219.0,268.0,1275.0,286.0,1227.0,318.0,1177.0,299.0
moving,moving_frame_000057,moving_calib_camera,57,results/bus_real_data/ablation/moving_cam/fov/00_prepared_datasets/fov_120deg/raw_images/moving/frame_0057.png,4,0.17,929.46709573,929.46709573,640.0,360.0,True,-2.2887860292675817,-0.06864760308291681,-0.7007450125774475,1.001551389350043,-0.6209429475255287,2.4545715719111296,2.7227921204574113,1019.25,124.25,2337.5,1014.0,96.0,1057.0,95.0,1023.0,152.0,983.0,154.0
moving,moving_frame_000058,moving_calib_camera,58,results/bus_real_data/ablation/moving_cam/fov/00_prepared_datasets/fov_120deg/raw_images/moving/frame_0058.png,3,0.17,929.46709573,929.46709573,640.0,360.0,True,-2.3749125749072135,0.02705699714476649,-0.5088296289439078,0.5447715021992694,0.16832568461509465,5.285645363466742,5.316310415508772,735.75,389.5,555.5,725.0,381.0,752.0,376.0,746.0,398.0,720.0,403.0
moving,moving_frame_000058,moving_calib_camera,58,results/bus_real_data/ablation/moving_cam/fov/00_prepared_datasets/fov_120deg/raw_images/moving/frame_0058.png,7,0.17,929.46709573,929.46709573,640.0,360.0,True,2.2062890282548633,0.9592742330842915,-1.0772269828017371,1.6567086702455676,-0.3143926375191134,3.1776536583884276,3.597361410987561,1125.0,268.25,1819.0,1120.0,246.0,1165.0,260.0,1128.0,291.0,1087.0,276.0
moving,moving_frame_000058,moving_calib_camera,58,results/bus_real_data/ablation/moving_cam/fov/00_prepared_datasets/fov_120deg/raw_images/moving/frame_0058.png,4,0.17,929.46709573,929.46709573,640.0,360.0,True,-2.333731756817498,-0.034529632285233224,-0.7920108444211966,0.8823933694172797,-0.7034101518880009,2.7238776231581086,2.948374671935734,941.0,119.5,1950.0,934.0,93.0,972.0,92.0,947.0,145.0,911.0,148.0
moving,moving_frame_000059,moving_calib_camera,59,results/bus_real_data/ablation/moving_cam/fov/00_prepared_datasets/fov_120deg/raw_images/moving/frame_0059.png,3,0.17,929.46709573,929.46709573,640.0,360.0,True,-2.335452003002053,0.1283208949843571,-0.5846760890899974,0.3332463599668962,0.14539619155526734,5.178567817500436,5.191315616431079,699.75,386.0,555.0,688.0,379.0,715.0,371.0,711.0,393.0,685.0,401.0
moving,moving_frame_000059,moving_calib_camera,59,results/bus_real_data/ablation/moving_cam/fov/00_prepared_datasets/fov_120deg/raw_images/moving/frame_0059.png,6,0.17,929.46709573,929.46709573,640.0,360.0,True,2.184641036079875,0.9552762977656732,-1.030217828491777,1.563755840913164,-0.22156185155921468,2.829221555780731,3.2402031719863995,1154.25,287.5,2321.0,1147.0,263.0,1200.0,279.0,1159.0,313.0,1111.0,295.0
moving,moving_frame_000059,moving_calib_camera,59,results/bus_real_data/ablation/moving_cam/fov/00_prepared_datasets/fov_120deg/raw_images/moving/frame_0059.png,7,0.17,929.46709573,929.46709573,640.0,360.0,True,2.3552838815325856,0.8656707171283322,-1.0624118029565335,1.6424600794703776,-0.4478814317258282,3.788352294071737,4.15329820667108,1043.25,250.25,1352.0,1038.0,230.0,1075.0,241.0,1047.0,271.0,1013.0,259.0
moving,moving_frame_000059,moving_calib_camera,59,results/bus_real_data/ablation/moving_cam/fov/00_prepared_datasets/fov_120deg/raw_images/moving/frame_0059.png,4,0.17,929.46709573,929.46709573,640.0,360.0,True,-2.372742743317665,0.016457446127832218,-0.9002910395902698,0.7330041258951517,-0.7651544075259498,2.925221911484045,3.1112183381051985,872.75,116.5,1689.5,864.0,92.0,899.0,89.0,880.0,141.0,848.0,144.0
moving,moving_frame_000060,moving_calib_camera,60,results/bus_real_data/ablation/moving_cam/fov/00_prepared_datasets/fov_120deg/raw_images/moving/frame_0060.png,3,0.17,929.46709573,929.46709573,640.0,360.0,True,-2.2931184109028084,0.2154973258435156,-0.6268085131603535,0.14190221406706519,0.14200427444734118,5.107438593625746,5.111382439220939,665.75,385.75,554.0,653.0,380.0,680.0,370.0,678.0,391.0,652.0,402.0
moving,moving_frame_000060,moving_calib_camera,60,results/bus_real_data/ablation/moving_cam/fov/00_prepared_datasets/fov_120deg/raw_images/moving/frame_0060.png,6,0.17,929.46709573,929.46709573,640.0,360.0,True,2.309761034581263,0.8624705014322147,-0.9735408788777621,1.5363840878615835,-0.33297070745589535,3.3294125166191217,3.681892619737575,1069.25,267.25,1737.0,1062.0,245.0,1106.0,258.0,1075.0,290.0,1034.0,276.0
moving,moving_frame_000060,moving_calib_camera,60,results/bus_real_data/ablation/moving_cam/fov/00_prepared_datasets/fov_120deg/raw_images/moving/frame_0060.png,7,0.17,929.46709573,929.46709573,640.0,360.0,True,2.464444981480901,0.7960253680808224,-1.0694445764483629,1.5423352126314287,-0.5695004812468554,4.2915264415741055,4.595685792674793,974.25,236.75,1073.5,969.0,218.0,1001.0,227.0,978.0,256.0,949.0,246.0
moving,moving_frame_000060,moving_calib_camera,60,results/bus_real_data/ablation/moving_cam/fov/00_prepared_datasets/fov_120deg/raw_images/moving/frame_0060.png,4,0.17,929.46709573,929.46709573,640.0,360.0,True,-2.4226024669847925,0.059567739536583016,-0.989633630243321,0.576865655793305,-0.8262548301910076,3.132028420891849,3.2901478779109765,811.0,114.5,1514.0,801.0,91.0,833.0,88.0,820.0,138.0,790.0,141.0
moving,moving_frame_000061,moving_calib_camera,61,results/bus_real_data/ablation/moving_cam/fov/00_prepared_datasets/fov_120deg/raw_images/moving/frame_0061.png,3,0.17,929.46709573,929.46709573,640.0,360.0,True,-2.3669980682395577,0.2161583022794831,-0.6109198106952537,0.07448928831096864,0.2855319318359284,5.194922602944726,5.20329683842437,653.25,411.0,578.0,640.0,405.0,667.0,395.0,666.0,417.0,640.0,427.0
moving,moving_frame_000061,moving_calib_camera,61,results/bus_real_data/ablation/moving_cam/fov/00_prepared_datasets/fov_120deg/raw_images/moving/frame_0061.png,6,0.17,929.46709573,929.46709573,640.0,360.0,True,2.3234415237604518,0.8333785489235542,-0.9079908565432593,1.524873145123876,-0.24948210979719654,3.399316349209906,3.734010052722757,1057.25,292.0,1702.5,1049.0,270.0,1093.0,283.0,1064.0,315.0,1023.0,300.0
moving,moving_frame_000061,moving_calib_camera,61,results/bus_real_data/ablation/moving_cam/fov/00_prepared_datasets/fov_120deg/raw_images/moving/frame_0061.png,7,0.17,929.46709573,929.46709573,640.0,360.0,True,2.497906808001153,0.7762663486117101,-0.93467110538418,1.5239051221783584,-0.4671898484703753,4.414967396255627,4.693877958140305,961.0,261.75,1062.5,955.0,243.0,987.0,253.0,966.0,281.0,936.0,270.0
moving,moving_frame_000061,moving_calib_camera,61,results/bus_real_data/ablation/moving_cam/fov/00_prepared_datasets/fov_120deg/raw_images/moving/frame_0061.png,4,0.17,929.46709573,929.46709573,640.0,360.0,True,-2.4566791696115753,0.06546953311171949,-0.9722838144607642,0.5325856799027562,-0.7590855991269596,3.2740826978600333,3.4028629072687973,791.0,144.25,1437.5,780.0,122.0,812.0,119.0,801.0,166.0,771.0,170.0
moving,moving_frame_000062,moving_calib_camera,62,results/bus_real_data/ablation/moving_cam/fov/00_prepared_datasets/fov_120deg/raw_images/moving/frame_0062.png,3,0.17,929.46709573,929.46709573,640.0,360.0,True,-2.3602356227764054,0.20068339829691664,-0.5921602193899805,0.0017739020370991852,0.40799696304091676,4.902934183604385,4.919880921052403,640.25,437.25,636.0,626.0,431.0,655.0,421.0,654.0,443.0,626.0,454.0
moving,moving_frame_000062,moving_calib_camera,62,results/bus_real_data/ablation/moving_cam/fov/00_prepared_datasets/fov_120deg/raw_images/moving/frame_0062.png,6,0.17,929.46709573,929.46709573,640.0,360.0,True,2.321918836740134,0.7612421438468177,-0.8452677972122681,1.5017764942907648,-0.16175346881707398,3.4383623072780596,3.7555069137986044,1046.25,316.5,1667.0,1036.0,295.0,1081.0,307.0,1055.0,339.0,1013.0,325.0
moving,moving_frame_000062,moving_calib_camera,62,results/bus_real_data/ablation/moving_cam/fov/00_prepared_datasets/fov_120deg/raw_images/moving/frame_0062.png,7,0.17,929.46709573,929.46709573,640.0,360.0,True,2.451031959708473,0.7187785067590425,-0.8679404583058454,1.4891936817083538,-0.3577258213525945,4.470947448250485,4.7259958389655825,949.75,285.75,1010.5,943.0,268.0,975.0,277.0,956.0,304.0,925.0,294.0
moving,moving_frame_000062,moving_calib_camera,62,results/bus_real_data/ablation/moving_cam/fov/00_prepared_datasets/fov_120deg/raw_images/moving/frame_0062.png,4,0.17,929.46709573,929.46709573,640.0,360.0,True,-2.5114146165720244,0.05187054891682396,-0.9500511595606382,0.48313378917943023,-0.6823741294756227,3.377636777004267,3.479580852372346,772.75,172.0,1423.5,761.0,150.0,793.0,148.0,784.0,193.0,753.0,197.0
moving,moving_frame_000063,moving_calib_camera,63,results/bus_real_data/ablation/moving_cam/fov/00_prepared_datasets/fov_120deg/raw_images/moving/frame_0063.png,3,0.17,929.46709573,929.46709573,640.0,360.0,True,-2.424063888849857,0.21254087713564002,-0.6004504977440062,-0.06993203390482343,0.5358460400447269,4.7617270340562845,4.792292334035992,626.25,464.5,713.5,611.0,458.0,641.0,447.0,641.0,471.0,612.0,482.0
moving,moving_frame_000063,moving_calib_camera,63,results/bus_real_data/ablation/moving_cam/fov/00_prepared_datasets/fov_120deg/raw_images/moving/frame_0063.png,6,0.17,929.46709573,929.46709573,640.0,360.0,True,-2.3026635529221853,-0.34872833887990484,0.1753005202007252,1.4564781711720542,-0.06867675052144841,3.4097196640444647,3.7084003757057267,1037.25,341.0,1708.5,1026.0,319.0,1072.0,332.0,1047.0,364.0,1004.0,349.0
moving,moving_frame_000063,moving_calib_camera,63,results/bus_real_data/ablation/moving_cam/fov/00_prepared_datasets/fov_120deg/raw_images/moving/frame_0063.png,7,0.17,929.46709573,929.46709573,640.0,360.0,True,-2.4436364318090287,-0.39096423215461057,-0.023937627523488627,1.4827135178754716,-0.24823973732412838,4.606202479464485,4.845323892693054,939.25,309.75,991.5,931.0,292.0,964.0,301.0,946.0,328.0,916.0,318.0
moving,moving_frame_000063,moving_calib_camera,63,results/bus_real_data/ablation/moving_cam/fov/00_prepared_datasets/fov_120deg/raw_images/moving/frame_0063.png,4,0.17,929.46709573,929.46709573,640.0,360.0,True,-2.5839613941958013,0.048030237278051995,-0.9393131915035748,0.4339803877435382,-0.609963761906126,3.508974494444237,3.5879376764995365,754.75,198.25,1385.5,742.0,177.0,774.0,175.0,767.0,219.0,736.0,222.0
moving,moving_frame_000064,moving_calib_camera,64,results/bus_real_data/ablation/moving_cam/fov/00_prepared_datasets/fov_120deg/raw_images/moving/frame_0064.png,3,0.17,929.46709573,929.46709573,640.0,360.0,True,-2.4220630384819337,0.24198555212690714,-0.6155056181325478,-0.13450317184780686,0.6364258296617787,4.444298436144441,4.491649755870745,611.75,493.0,807.0,595.0,487.0,627.0,474.0,628.0,499.0,597.0,512.0
moving,moving_frame_000064,moving_calib_camera,64,results/bus_real_data/ablation/moving_cam/fov/00_prepared_datasets/fov_120deg/raw_images/moving/frame_0064.png,6,0.17,929.46709573,929.46709573,640.0,360.0,True,-2.333496215852185,-0.3349177637770659,0.252131019999925,1.4273110526015265,0.018376507721869228,3.405891147614685,3.692918770608772,1029.75,364.75,1745.0,1017.0,342.0,1064.0,356.0,1041.0,388.0,997.0,373.0
moving,moving_frame_000064,moving_calib_camera,64,results/bus_real_data/ablation/moving_cam/fov/00_prepared_datasets/fov_120deg/raw_images/moving/frame_0064.png,7,0.17,929.46709573,929.46709573,640.0,360.0,True,2.5054774790188055,0.6520932384985653,-0.7489536478165315,1.424620873364369,-0.13353898922458737,4.576036411448714,4.794526726734664,929.5,333.0,1024.0,921.0,315.0,954.0,324.0,937.0,352.0,906.0,341.0
moving,moving_frame_000064,moving_calib_camera,64,results/bus_real_data/ablation/moving_cam/fov/00_prepared_datasets/fov_120deg/raw_images/moving/frame_0064.png,4,0.17,929.46709573,929.46709573,640.0,360.0,True,-2.6388147034411564,0.0503123992129656,-0.9176532308433253,0.3775121352796738,-0.527775281155661,3.591239066768598,3.649391756768153,737.5,223.25,1379.5,724.0,202.0,756.0,201.0,751.0,243.0,719.0,247.0
moving,moving_frame_000065,moving_calib_camera,65,results/bus_real_data/ablation/moving_cam/fov/00_prepared_datasets/fov_120deg/raw_images/moving/frame_0065.png,3,0.17,929.46709573,929.46709573,640.0,360.0,True,-2.4488809660089963,0.2195332881397511,-0.6279038959429281,-0.19994991162335324,0.7382058740200648,4.213200792628301,4.282054273196413,595.75,522.75,908.0,578.0,516.0,612.0,503.0,613.0,529.0,580.0,543.0
moving,moving_frame_000065,moving_calib_camera,65,results/bus_real_data/ablation/moving_cam/fov/00_prepared_datasets/fov_120deg/raw_images/moving/frame_0065.png,6,0.17,929.46709573,929.46709573,640.0,360.0,True,-2.3376784790429936,-0.3024866565180486,0.3348994917653212,1.372941303816755,0.10475799325185388,3.327672397914982,3.6012977728482065,1023.75,389.0,1812.5,1009.0,366.0,1058.0,380.0,1037.0,413.0,991.0,397.0
moving,moving_frame_000065,moving_calib_camera,65,results/bus_real_data/ablation/moving_cam/fov/00_prepared_datasets/fov_120deg/raw_images/moving/frame_0065.png,7,0.17,929.46709573,929.46709573,640.0,360.0,True,2.4821731695987514,0.615679384746079,-0.6678827465681132,1.3715088006408003,-0.02016969657916464,4.53050749317315,4.733597083888037,921.5,356.0,1041.0,912.0,338.0,946.0,347.0,930.0,375.0,898.0,364.0
moving,moving_frame_000065,moving_calib_camera,65,results/bus_real_data/ablation/moving_cam/fov/00_prepared_datasets/fov_120deg/raw_images/moving/frame_0065.png,4,0.17,929.46709573,929.46709573,640.0,360.0,True,-2.681951742811191,0.06576268394751558,-0.9087367413124359,0.3163435548438288,-0.4390658324067015,3.6317820012419517,3.6718786137920216,720.75,247.5,1387.0,706.0,227.0,739.0,225.0,735.0,267.0,703.0,271.0
moving,moving_frame_000066,moving_calib_camera,66,results/bus_real_data/ablation/moving_cam/fov/00_prepared_datasets/fov_120deg/raw_images/moving/frame_0066.png,3,0.17,929.46709573,929.46709573,640.0,360.0,True,-2.472872428900047,0.2279216796685885,-0.6160011361748776,-0.2667301073389432,0.8438343681397228,4.0250645267495715,4.121206842117071,578.25,554.75,1012.5,559.0,548.0,595.0,534.0,597.0,561.0,562.0,576.0
moving,moving_frame_000066,moving_calib_camera,66,results/bus_real_data/ablation/moving_cam/fov/00_prepared_datasets/fov_120deg/raw_images/moving/frame_0066.png,6,0.17,929.46709573,929.46709573,640.0,360.0,True,-2.3612756404635724,-0.3012524861749913,0.37597186640967956,1.3186044515469404,0.18917226493100958,3.240519870928637,3.503637092985215,1018.5,414.0,1921.0,1003.0,390.0,1053.0,405.0,1033.0,439.0,985.0,422.0
moving,moving_frame_000066,moving_calib_camera,66,results/bus_real_data/ablation/moving_cam/fov/00_prepared_datasets/fov_120deg/raw_images/moving/frame_0066.png,7,0.17,929.46709573,929.46709573,640.0,360.0,True,2.550686570891089,0.5918876954225641,-0.5958925341829162,1.3736190658133114,0.09598211414940228,4.665693148650117,4.864641246953681,913.75,379.25,1035.5,904.0,361.0,937.0,370.0,923.0,399.0,891.0,387.0
moving,moving_frame_000066,moving_calib_camera,66,results/bus_real_data/ablation/moving_cam/fov/00_prepared_datasets/fov_120deg/raw_images/moving/frame_0066.png,4,0.17,929.46709573,929.46709573,640.0,360.0,True,-2.7302177909196983,0.0462007519180183,-0.8475894963387123,0.253272382562781,-0.35158304135127644,3.6663763125158244,3.691892847810182,704.0,270.75,1437.5,688.0,250.0,723.0,249.0,719.0,290.0,686.0,294.0
moving,moving_frame_000067,moving_calib_camera,67,results/bus_real_data/ablation/moving_cam/fov/00_prepared_datasets/fov_120deg/raw_images/moving/frame_0067.png,3,0.17,929.46709573,929.46709573,640.0,360.0,True,-2.4998610329658075,0.21247911646508874,-0.6781899513442645,-0.3214883445246935,0.9097976997419799,3.686931017776497,3.8111083610891283,558.75,589.25,1215.5,538.0,582.0,577.0,566.0,579.0,596.0,541.0,613.0
moving,moving_frame_000067,moving_calib_camera,67,results/bus_real_data/ablation/moving_cam/fov/00_prepared_datasets/fov_120deg/raw_images/moving/frame_0067.png,6,0.17,929.46709573,929.46709573,640.0,360.0,True,-2.3972888056804424,-0.2945233036895331,0.4917581225819318,1.2899238940939004,0.2736529459869398,3.1999661471418794,3.46100750219582,1015.0,439.25,2022.5,998.0,414.0,1049.0,430.0,1031.0,466.0,982.0,447.0
moving,moving_frame_000067,moving_calib_camera,67,results/bus_real_data/ablation/moving_cam/fov/00_prepared_datasets/fov_120deg/raw_images/moving/frame_0067.png,7,0.17,929.46709573,929.46709573,640.0,360.0,True,-2.654484538592457,-0.4219633466400664,0.25744650189752355,1.3340236816609667,0.21378960850379178,4.636768293089591,4.8295906020839325,907.5,402.75,1090.0,897.0,383.0,931.0,394.0,917.0,423.0,885.0,411.0
moving,moving_frame_000067,moving_calib_camera,67,results/bus_real_data/ablation/moving_cam/fov/00_prepared_datasets/fov_120deg/raw_images/moving/frame_0067.png,4,0.17,929.46709573,929.46709573,640.0,360.0,True,-2.789014078865372,0.047243533061305056,-0.822129209228728,0.18868921490054402,-0.26162746218688726,3.675999323245449,3.6901251433103366,687.5,293.75,1482.5,671.0,273.0,706.0,272.0,704.0,313.0,669.0,317.0
moving,moving_frame_000068,moving_calib_camera,68,results/bus_real_data/ablation/moving_cam/fov/00_prepared_datasets/fov_120deg/raw_images/moving/frame_0068.png,3,0.17,929.46709573,929.46709573,640.0,360.0,True,-2.531373885443202,0.20224528252733925,-0.7130896149859824,-0.3789738534716366,0.9784650242632121,3.3952920393839703,3.553733672917219,536.0,627.75,1462.5,513.0,620.0,556.0,602.0,558.0,635.0,517.0,654.0
moving,moving_frame_000068,moving_calib_camera,68,results/bus_real_data/ablation/moving_cam/fov/00_prepared_datasets/fov_120deg/raw_images/moving/frame_0068.png,6,0.17,929.46709573,929.46709573,640.0,360.0,True,-2.4192134755696753,-0.2675255495225357,0.5670281622890387,1.2274599155918198,0.34981309949547373,3.0679215917768485,3.322825596123561,1012.25,465.75,2203.0,993.0,439.0,1047.0,456.0,1030.0,494.0,979.0,474.0
moving,moving_frame_000068,moving_calib_camera,68,results/bus_real_data/ablation/moving_cam/fov/00_prepared_datasets/fov_120deg/raw_images/moving/frame_0068.png,7,0.17,929.46709573,929.46709573,640.0,360.0,True,-2.654452666648561,-0.3988363693162997,0.3692049062874775,1.277302142037613,0.327891651122956,4.5419429366510835,4.729509418187544,901.5,427.0,1130.0,890.0,407.0,925.0,418.0,912.0,448.0,879.0,435.0
moving,moving_frame_000068,moving_calib_camera,68,results/bus_real_data/ablation/moving_cam/fov/00_prepared_datasets/fov_120deg/raw_images/moving/frame_0068.png,4,0.17,929.46709573,929.46709573,640.0,360.0,True,-2.8474190075852333,0.06755539293868655,-0.7365053511205786,0.12185101700049814,-0.1757655038503581,3.7197884368625624,3.725931722093717,670.25,316.0,1531.5,652.0,296.0,689.0,294.0,688.0,335.0,652.0,339.0
moving,moving_frame_000069,moving_calib_camera,69,results/bus_real_data/ablation/moving_cam/fov/00_prepared_datasets/fov_120deg/raw_images/moving/frame_0069.png,3,0.17,929.46709573,929.46709573,640.0,360.0,True,-2.559181232243813,0.18927826600187628,-0.7414146843048691,-0.43081553117445226,1.0338908948879462,3.0938691451781515,3.2903736401689563,510.25,670.5,1794.0,485.0,662.0,532.0,642.0,535.0,678.0,489.0,700.0
moving,moving_frame_000069,moving_calib_camera,69,results/bus_real_data/ablation/moving_cam/fov/00_prepared_datasets/fov_120deg/raw_images/moving/frame_0069.png,6,0.17,929.46709573,929.46709573,640.0,360.0,True,-2.43766858897192,-0.23875370550089542,0.6295145721824921,1.1722903064012713,0.4222376687226052,2.9403053830923773,3.1934221388993813,1011.0,493.25,2390.5,990.0,465.0,1046.0,483.0,1031.0,523.0,977.0,502.0
moving,moving_frame_000069,moving_calib_camera,69,results/bus_real_data/ablation/moving_cam/fov/00_prepared_datasets/fov_120deg/raw_images/moving/frame_0069.png,7,0.17,929.46709573,929.46709573,640.0,360.0,True,2.5687828300473083,0.5504146878825006,-0.24804779552929215,1.2138509075633273,0.43080876614511054,4.40795809352189,4.5922897091783,896.0,451.0,1193.0,884.0,430.0,919.0,442.0,908.0,473.0,873.0,459.0
moving,moving_frame_000069,moving_calib_camera,69,results/bus_real_data/ablation/moving_cam/fov/00_prepared_datasets/fov_120deg/raw_images/moving/frame_0069.png,4,0.17,929.46709573,929.46709573,640.0,360.0,True,-2.9125630677931684,0.05490686181088708,-0.7514507380706701,0.05131376091262301,-0.08424023160492278,3.6092881407911297,3.610635733764255,653.0,338.25,1653.0,634.0,317.0,672.0,316.0,672.0,358.0,634.0,362.0
moving,moving_frame_000070,moving_calib_camera,70,results/bus_real_data/ablation/moving_cam/fov/00_prepared_datasets/fov_120deg/raw_images/moving/frame_0070.png,3,0.17,929.46709573,929.46709573,640.0,360.0,True,-2.445098562070052,0.22578738053164657,-0.8155883647567732,-0.5539889866805847,0.9484185337535963,2.771267325406821,2.9809938110298346,453.75,678.0,2059.5,425.0,673.0,477.0,646.0,482.0,682.0,431.0,711.0
moving,moving_frame_000070,moving_calib_camera,70,results/bus_real_data/ablation/moving_cam/fov/00_prepared_datasets/fov_120deg/raw_images/moving/frame_0070.png,6,0.17,929.46709573,929.46709573,640.0,360.0,True,2.3930118795831343,0.5449795027655341,-0.25760605435984435,1.076845321249746,0.3888178925021636,3.3796501687561196,3.5683063857522885,936.25,467.25,1857.0,919.0,442.0,966.0,457.0,953.0,494.0,907.0,476.0
moving,moving_frame_000070,moving_calib_camera,70,results/bus_real_data/ablation/moving_cam/fov/00_prepared_datasets/fov_120deg/raw_images/moving/frame_0070.png,7,0.17,929.46709573,929.46709573,640.0,360.0,True,2.8842346676090846,0.5117122985123945,-0.41390687896950445,1.060409278930298,0.3882251573605806,4.998475062675732,5.124445293282024,837.25,432.25,1010.0,827.0,413.0,858.0,422.0,847.0,453.0,817.0,441.0
moving,moving_frame_000070,moving_calib_camera,70,results/bus_real_data/ablation/moving_cam/fov/00_prepared_datasets/fov_120deg/raw_images/moving/frame_0070.png,4,0.17,929.46709573,929.46709573,640.0,360.0,True,-2.854894317008301,0.08965562149718923,-0.7288146578685348,-0.16114020718304056,-0.12072657800399286,3.462058205510125,3.467908316456411,596.5,327.5,1849.0,575.0,306.0,617.0,304.0,617.0,347.0,577.0,353.0
moving,moving_frame_000071,moving_calib_camera,71,results/bus_real_data/ablation/moving_cam/fov/00_prepared_datasets/fov_120deg/raw_images/moving/frame_0071.png,6,0.17,929.46709573,929.46709573,640.0,360.0,True,2.5716815636652,0.49736212318650835,-0.20339290196193124,0.9768223912785758,0.35849157163408973,3.872542828297013,4.009898520914277,874.5,446.25,1528.5,860.0,423.0,900.0,435.0,889.0,471.0,849.0,456.0
moving,moving_frame_000071,moving_calib_camera,71,results/bus_real_data/ablation/moving_cam/fov/00_prepared_datasets/fov_120deg/raw_images/moving/frame_0071.png,7,0.17,929.46709573,929.46709573,640.0,360.0,True,-2.9556559359998573,-0.45932609858871115,0.7341609056166393,0.8079172173979797,0.31009437985104304,5.147364759522474,5.21960273604775,786.0,416.0,902.0,776.0,397.0,805.0,406.0,795.0,436.0,768.0,425.0
moving,moving_frame_000071,moving_calib_camera,71,results/bus_real_data/ablation/moving_cam/fov/00_prepared_datasets/fov_120deg/raw_images/moving/frame_0071.png,4,0.17,929.46709573,929.46709573,640.0,360.0,True,-2.968033332290368,0.13958494845190914,-0.5800936948388203,-0.3676707439585782,-0.14842956041716618,3.3090018604931983,3.3326725646417974,536.5,318.25,2203.0,511.0,296.0,558.0,293.0,561.0,339.0,516.0,345.0
moving,moving_frame_000072,moving_calib_camera,72,results/bus_real_data/ablation/moving_cam/fov/00_prepared_datasets/fov_120deg/raw_images/moving/frame_0072.png,8,0.17,929.46709573,929.46709573,640.0,360.0,True,-2.2735954497129174,-0.024172455081805575,0.6633129028774841,1.4234742499598245,0.24976989267889768,2.606404937895999,2.9802702293376284,1148.25,448.75,2844.5,1120.0,422.0,1188.0,436.0,1176.0,477.0,1109.0,460.0
moving,moving_frame_000072,moving_calib_camera,72,results/bus_real_data/ablation/moving_cam/fov/00_prepared_datasets/fov_120deg/raw_images/moving/frame_0072.png,6,0.17,929.46709573,929.46709573,640.0,360.0,True,-2.759728474724911,-0.3479879596955923,0.4532274204853614,0.8224273706381743,0.31398272408006855,4.208943532745578,4.300020650280227,821.75,429.25,1332.0,808.0,407.0,845.0,418.0,835.0,452.0,799.0,440.0
moving,moving_frame_000072,moving_calib_camera,72,results/bus_real_data/ablation/moving_cam/fov/00_prepared_datasets/fov_120deg/raw_images/moving/frame_0072.png,7,0.17,929.46709573,929.46709573,640.0,360.0,True,-2.9908542773656017,-0.4479194351376244,0.8292879062513717,0.5550403676747376,0.237849707169549,5.203911769787114,5.238830022121161,739.25,402.5,845.0,730.0,384.0,757.0,392.0,748.0,422.0,722.0,412.0
moving,moving_frame_000072,moving_calib_camera,72,results/bus_real_data/ablation/moving_cam/fov/00_prepared_datasets/fov_120deg/raw_images/moving/frame_0072.png,4,0.17,929.46709573,929.46709573,640.0,360.0,True,2.9952893707313906,-0.21809484587650502,0.36697981082662234,-0.5442696198043742,-0.15824744946382102,2.9658151167398383,3.0194918415167713,469.25,310.5,2827.0,438.0,286.0,493.0,283.0,499.0,332.0,447.0,341.0
moving,moving_frame_000073,moving_calib_camera,73,results/bus_real_data/ablation/moving_cam/fov/00_prepared_datasets/fov_120deg/raw_images/moving/frame_0073.png,8,0.17,929.46709573,929.46709573,640.0,360.0,True,-2.3358204996286545,-0.06689121909108214,0.5491759023105153,1.3967250331177943,0.19929436724953406,3.0863519539052495,3.393542020710816,1061.0,419.75,2067.5,1038.0,397.0,1094.0,407.0,1083.0,444.0,1029.0,431.0
moving,moving_frame_000073,moving_calib_camera,73,results/bus_real_data/ablation/moving_cam/fov/00_prepared_datasets/fov_120deg/raw_images/moving/frame_0073.png,6,0.17,929.46709573,929.46709573,640.0,360.0,True,-2.847981836661764,-0.34847721389772335,0.40491172333408426,0.6396297534662431,0.26254260972640747,4.431781995733961,4.485392569346961,774.25,415.0,1223.5,761.0,394.0,796.0,403.0,787.0,437.0,753.0,426.0
moving,moving_frame_000073,moving_calib_camera,73,results/bus_real_data/ablation/moving_cam/fov/00_prepared_datasets/fov_120deg/raw_images/moving/frame_0073.png,7,0.17,929.46709573,929.46709573,640.0,360.0,True,-2.994523546083982,-0.37350424767446316,0.8536816150621601,0.30938822051635056,0.17448165587835054,5.192084584175947,5.204220138355971,695.5,391.25,819.5,686.0,373.0,712.0,380.0,705.0,410.0,679.0,402.0
moving,moving_frame_000073,moving_calib_camera,73,results/bus_real_data/ablation/moving_cam/fov/00_prepared_datasets/fov_120deg/raw_images/moving/frame_0073.png,4,0.17,929.46709573,929.46709573,640.0,360.0,True,-2.6278171078653427,0.14596757232057178,-0.19457076853251665,-0.6507387887353286,-0.1416743415245494,2.42653775099666,2.5162706625526328,390.5,305.25,3971.5,350.0,279.0,418.0,273.0,429.0,329.0,365.0,340.0
moving,moving_frame_000074,moving_calib_camera,74,results/bus_real_data/ablation/moving_cam/fov/00_prepared_datasets/fov_120deg/raw_images/moving/frame_0074.png,6,0.17,929.46709573,929.46709573,640.0,360.0,True,-2.952021529820797,-0.3366519544792136,0.5306793129580618,0.4373344855583802,0.21126098225420292,4.460352064001607,4.486717418082514,731.25,404.0,1206.5,718.0,383.0,752.0,391.0,744.0,426.0,711.0,416.0
moving,moving_frame_000074,moving_calib_camera,74,results/bus_real_data/ablation/moving_cam/fov/00_prepared_datasets/fov_120deg/raw_images/moving/frame_0074.png,8,0.17,929.46709573,929.46709573,640.0,360.0,True,2.435448764577263,0.40954464691175774,-0.40644007505383334,1.3638172588856008,0.1385588830128972,3.602812463213842,3.8547961975680383,992.0,396.0,1636.0,973.0,375.0,1019.0,383.0,1011.0,418.0,965.0,408.0
moving,moving_frame_000074,moving_calib_camera,74,results/bus_real_data/ablation/moving_cam/fov/00_prepared_datasets/fov_120deg/raw_images/moving/frame_0074.png,7,0.17,929.46709573,929.46709573,640.0,360.0,True,-3.011142999937698,-0.3456967321531731,0.7731495023022815,0.07249001570384533,0.12680549493017831,5.126795268630038,5.128875526113748,653.25,383.0,840.5,643.0,365.0,670.0,371.0,663.0,402.0,637.0,394.0
moving,moving_frame_000074,moving_calib_camera,74,results/bus_real_data/ablation/moving_cam/fov/00_prepared_datasets/fov_120deg/raw_images/moving/frame_0074.png,4,0.17,929.46709573,929.46709573,640.0,360.0,True,-2.4208894395185294,0.1315493240422564,-0.24373110915893925,-0.6951526633805841,-0.11055004761061155,1.8587076637796107,1.9875242684870256,291.75,303.75,6200.0,234.0,274.0,326.0,266.0,345.0,329.0,262.0,346.0
moving,moving_frame_000075,moving_calib_camera,75,results/bus_real_data/ablation/moving_cam/fov/00_prepared_datasets/fov_120deg/raw_images/moving/frame_0075.png,5,0.17,929.46709573,929.46709573,640.0,360.0,True,-2.477661600990831,-0.08211023527278544,0.7538107707932256,1.1674125030715892,0.5450935336349335,2.2217886424695394,2.5683309141434894,1129.25,587.75,4336.5,1096.0,551.0,1175.0,573.0,1162.0,626.0,1084.0,601.0
moving,moving_frame_000075,moving_calib_camera,75,results/bus_real_data/ablation/moving_cam/fov/00_prepared_datasets/fov_120deg/raw_images/moving/frame_0075.png,6,0.17,929.46709573,929.46709573,640.0,360.0,True,-2.927410080864288,-0.30390972410980616,0.5380030981013764,0.2398281999489229,0.16713134745677202,4.402746665608455,4.41244021538194,690.75,395.25,1211.0,677.0,374.0,711.0,382.0,704.0,417.0,671.0,408.0
moving,moving_frame_000075,moving_calib_camera,75,results/bus_real_data/ablation/moving_cam/fov/00_prepared_datasets/fov_120deg/raw_images/moving/frame_0075.png,7,0.17,929.46709573,929.46709573,640.0,360.0,True,-3.0156048784176015,-0.3104391959735363,0.7863028443143113,-0.1512397246419992,0.08846864344670903,4.9124061967774635,4.915529960982917,611.5,376.75,889.5,601.0,358.0,628.0,364.0,622.0,396.0,595.0,389.0
moving,moving_frame_000075,moving_calib_camera,75,results/bus_real_data/ablation/moving_cam/fov/00_prepared_datasets/fov_120deg/raw_images/moving/frame_0075.png,8,0.17,929.46709573,929.46709573,640.0,360.0,True,-2.5050933283226895,-0.09779795357458106,0.3955960969501931,1.2491427911908861,0.0696754234818347,3.941140197688767,4.134948419903178,934.75,376.25,1391.0,917.0,357.0,959.0,363.0,952.0,396.0,911.0,389.0
moving,moving_frame_000075,moving_calib_camera,75,results/bus_real_data/ablation/moving_cam/fov/00_prepared_datasets/fov_120deg/raw_images/moving/frame_0075.png,4,0.17,929.46709573,929.46709573,640.0,360.0,True,-2.243949770593378,0.09079516207277352,-0.31868608377117197,-0.6906340179385845,-0.07165939169352371,1.3347904746946766,1.5045850014165099,157.25,308.25,10969.5,68.0,274.0,204.0,262.0,237.0,336.0,120.0,361.0
moving,moving_frame_000076,moving_calib_camera,76,results/bus_real_data/ablation/moving_cam/fov/00_prepared_datasets/fov_120deg/raw_images/moving/frame_0076.png,5,0.17,929.46709573,929.46709573,640.0,360.0,True,-2.5693150637116853,-0.08722874483885049,0.6934380789560528,1.1817584050986838,0.5294261741366448,2.671065793215576,2.9684065546297234,1051.75,544.0,3120.5,1024.0,513.0,1088.0,528.0,1079.0,576.0,1016.0,559.0
moving,moving_frame_000076,moving_calib_camera,76,results/bus_real_data/ablation/moving_cam/fov/00_prepared_datasets/fov_120deg/raw_images/moving/frame_0076.png,6,0.17,929.46709573,929.46709573,640.0,360.0,True,-2.986850105385964,-0.2430448122904914,0.5163394319782585,0.08141730906154639,0.14589987912398927,4.479812624873999,4.482927247560871,657.0,390.25,1171.0,643.0,370.0,676.0,376.0,671.0,411.0,638.0,404.0
moving,moving_frame_000076,moving_calib_camera,76,results/bus_real_data/ablation/moving_cam/fov/00_prepared_datasets/fov_120deg/raw_images/moving/frame_0076.png,7,0.17,929.46709573,929.46709573,640.0,360.0,True,-3.050133197926111,-0.23214424428351474,0.6324636814843376,-0.3350035463872643,0.07868079975338738,4.876680244198499,4.8888064237089415,576.25,375.0,934.5,564.0,357.0,593.0,361.0,588.0,394.0,560.0,388.0
moving,moving_frame_000076,moving_calib_camera,76,results/bus_real_data/ablation/moving_cam/fov/00_prepared_datasets/fov_120deg/raw_images/moving/frame_0076.png,8,0.17,929.46709573,929.46709573,640.0,360.0,True,2.6579050803895883,0.2796599993076379,-0.32943735321910006,1.175932731628292,0.004195186470350287,4.490041323418329,4.641476755829821,883.5,361.0,1141.0,868.0,343.0,904.0,348.0,899.0,379.0,863.0,374.0
moving,moving_frame_000077,moving_calib_camera,77,results/bus_real_data/ablation/moving_cam/fov/00_prepared_datasets/fov_120deg/raw_images/moving/frame_0077.png,5,0.17,929.46709573,929.46709573,640.0,360.0,True,-2.661661579825026,-0.07519033002899318,0.5225608515095929,1.1724222609569293,0.504506718174425,3.127275472566719,3.37771414835357,988.75,509.75,2335.5,965.0,484.0,1019.0,493.0,1012.0,536.0,959.0,526.0
moving,moving_frame_000077,moving_calib_camera,77,results/bus_real_data/ablation/moving_cam/fov/00_prepared_datasets/fov_120deg/raw_images/moving/frame_0077.png,6,0.17,929.46709573,929.46709573,640.0,360.0,True,-3.0399000087442993,-0.16875396923762184,0.5057101201917419,-0.07993618596443339,0.12691084536142946,4.407903292918333,4.410454352582869,623.25,386.75,1205.0,608.0,367.0,642.0,371.0,638.0,407.0,605.0,402.0
moving,moving_frame_000077,moving_calib_camera,77,results/bus_real_data/ablation/moving_cam/fov/00_prepared_datasets/fov_120deg/raw_images/moving/frame_0077.png,7,0.17,929.46709573,929.46709573,640.0,360.0,True,3.0784675542711457,0.1662027540904031,-0.5251081743052186,-0.5191055444134696,0.07664645877789983,4.832837877051701,4.861241322105866,540.25,374.75,971.0,527.0,357.0,557.0,360.0,553.0,393.0,524.0,389.0
moving,moving_frame_000077,moving_calib_camera,77,results/bus_real_data/ablation/moving_cam/fov/00_prepared_datasets/fov_120deg/raw_images/moving/frame_0077.png,8,0.17,929.46709573,929.46709573,640.0,360.0,True,-2.7190281729511376,-0.09821459776245647,0.30649295042039426,1.0504090030359539,-0.06193050468733962,4.938837230479691,5.049683915874549,837.75,348.25,971.0,823.0,332.0,856.0,335.0,852.0,365.0,820.0,361.0
moving,moving_frame_000078,moving_calib_camera,78,results/bus_real_data/ablation/moving_cam/fov/00_prepared_datasets/fov_120deg/raw_images/moving/frame_0078.png,5,0.17,929.46709573,929.46709573,640.0,360.0,True,-2.8475826676321194,-0.06625844376642501,0.39986734914709576,1.1660229312419523,0.48404823561515864,3.669478292945762,3.8805905623995387,935.5,482.5,1820.0,915.0,460.0,960.0,465.0,956.0,505.0,911.0,500.0
moving,moving_frame_000078,moving_calib_camera,78,results/bus_real_data/ablation/moving_cam/fov/00_prepared_datasets/fov_120deg/raw_images/moving/frame_0078.png,6,0.17,929.46709573,929.46709573,640.0,360.0,True,-3.080038516385858,-0.09736642392741675,0.212964957870199,-0.24086144015023184,0.11801367861054464,4.429030588556488,4.437144736884235,589.5,384.75,1247.5,573.0,366.0,608.0,368.0,606.0,404.0,571.0,401.0
moving,moving_frame_000078,moving_calib_camera,78,results/bus_real_data/ablation/moving_cam/fov/00_prepared_datasets/fov_120deg/raw_images/moving/frame_0078.png,7,0.17,929.46709573,929.46709573,640.0,360.0,True,-3.0554978559796817,-0.11842725319906655,0.36219772150783613,-0.6811227810167078,0.08207020547544935,4.6186953522438685,4.66936939192926,503.0,376.5,1094.0,488.0,358.0,520.0,361.0,518.0,395.0,486.0,392.0
moving,moving_frame_000078,moving_calib_camera,78,results/bus_real_data/ablation/moving_cam/fov/00_prepared_datasets/fov_120deg/raw_images/moving/frame_0078.png,8,0.17,929.46709573,929.46709573,640.0,360.0,True,2.8300849991098245,0.13634594059479277,-0.21355330109431048,0.8938844869208595,-0.1264707171827454,5.327028741459649,5.402986167907489,796.0,338.0,844.0,782.0,323.0,812.0,325.0,810.0,353.0,780.0,351.0
moving,moving_frame_000079,moving_calib_camera,79,results/bus_real_data/ablation/moving_cam/fov/00_prepared_datasets/fov_120deg/raw_images/moving/frame_0079.png,5,0.17,929.46709573,929.46709573,640.0,360.0,True,-2.914210104889152,-0.01988438703922845,0.2628105192336452,1.0906572007382087,0.44068865940887897,4.0724751411210836,4.238961358529102,889.0,460.5,1484.0,870.0,441.0,910.0,443.0,908.0,480.0,868.0,478.0
moving,moving_frame_000079,moving_calib_camera,79,results/bus_real_data/ablation/moving_cam/fov/00_prepared_datasets/fov_120deg/raw_images/moving/frame_0079.png,6,0.17,929.46709573,929.46709573,640.0,360.0,True,-3.084565887935457,-0.0543499716517512,0.1733337935024843,-0.3923974324218457,0.11496048065858372,4.314181947900681,4.333515609372674,555.5,384.75,1315.5,538.0,366.0,574.0,367.0,573.0,404.0,537.0,402.0
moving,moving_frame_000079,moving_calib_camera,79,results/bus_real_data/ablation/moving_cam/fov/00_prepared_datasets/fov_120deg/raw_images/moving/frame_0079.png,7,0.17,929.46709573,929.46709573,640.0,360.0,True,2.875888761941407,0.014267360230062953,0.7097058621336331,-0.838987068359704,0.09791162043239468,4.39716077499831,4.477556126669352,462.5,380.75,1242.5,445.0,362.0,480.0,364.0,480.0,399.0,445.0,398.0
moving,moving_frame_000079,moving_calib_camera,79,results/bus_real_data/ablation/moving_cam/fov/00_prepared_datasets/fov_120deg/raw_images/moving/frame_0079.png,8,0.17,929.46709573,929.46709573,640.0,360.0,True,2.9314899285818967,0.07503444001139058,-0.15629148463694545,0.7182914531224813,-0.18979411644942248,5.682987748622506,5.731344883119592,757.5,329.0,757.0,744.0,315.0,772.0,316.0,771.0,343.0,743.0,342.0
moving,moving_frame_000080,moving_calib_camera,80,results/bus_real_data/ablation/moving_cam/fov/00_prepared_datasets/fov_120deg/raw_images/moving/frame_0080.png,5,0.17,929.46709573,929.46709573,640.0,360.0,True,2.7451749588187786,0.029523414786371924,-0.6728187663868977,0.9699363192682218,0.38428954219883404,4.347982007459312,4.471398265964338,847.5,442.25,1277.5,830.0,425.0,866.0,424.0,865.0,460.0,829.0,460.0
moving,moving_frame_000080,moving_calib_camera,80,results/bus_real_data/ablation/moving_cam/fov/00_prepared_datasets/fov_120deg/raw_images/moving/frame_0080.png,6,0.17,929.46709573,929.46709573,640.0,360.0,True,-2.973310074228206,0.0014507052122195794,-0.16849608003778876,-0.5350518199263303,0.11934494997485563,4.13721426061257,4.173375792485861,519.75,386.75,1444.0,500.0,368.0,539.0,368.0,539.0,405.0,501.0,406.0
moving,moving_frame_000080,moving_calib_camera,80,results/bus_real_data/ablation/moving_cam/fov/00_prepared_datasets/fov_120deg/raw_images/moving/frame_0080.png,7,0.17,929.46709573,929.46709573,640.0,360.0,True,-2.9926446718246487,0.012041620829140854,-0.07999799960112582,-0.9828947238584341,0.12187109580952919,4.148302776996602,4.264897481982455,419.75,387.25,1444.5,400.0,369.0,438.0,368.0,440.0,406.0,401.0,406.0
moving,moving_frame_000081,moving_calib_camera,81,results/bus_real_data/ablation/moving_cam/fov/00_prepared_datasets/fov_120deg/raw_images/moving/frame_0081.png,5,0.17,929.46709573,929.46709573,640.0,360.0,True,-3.003191569881753,0.05252959045473325,-0.2615694525745907,0.8375091355035703,0.32919301234998916,4.5642159975322265,4.652080960555296,810.5,427.0,1122.0,794.0,411.0,827.0,409.0,827.0,443.0,794.0,445.0
moving,moving_frame_000081,moving_calib_camera,81,results/bus_real_data/ablation/moving_cam/fov/00_prepared_datasets/fov_120deg/raw_images/moving/frame_0081.png,7,0.17,929.46709573,929.46709573,640.0,360.0,True,2.780975041911451,-0.15631924331860741,0.6366518292135419,-1.0816582361531815,0.1502258384964284,3.7612268383450944,3.916552013171458,372.5,397.25,1751.5,349.0,378.0,392.0,376.0,396.0,416.0,353.0,419.0
moving,moving_frame_000081,moving_calib_camera,81,results/bus_real_data/ablation/moving_cam/fov/00_prepared_datasets/fov_120deg/raw_images/moving/frame_0081.png,6,0.17,929.46709573,929.46709573,640.0,360.0,True,-2.8824601222189608,0.0570505439495414,-0.09426975015365903,-0.6554720581819767,0.12781513993609755,3.8813721532818746,3.938404514689442,483.0,390.5,1605.0,461.0,372.0,502.0,370.0,505.0,409.0,464.0,411.0
moving,moving_frame_000081,moving_calib_camera,81,results/bus_real_data/ablation/moving_cam/fov/00_prepared_datasets/fov_120deg/raw_images/moving/frame_0081.png,8,0.17,929.46709573,929.46709573,640.0,360.0,True,-3.015854581655183,0.0842400586221851,-0.4333659149117644,0.2812900712790567,-0.27621660392440966,5.739301927058613,5.752825942649614,685.5,315.25,716.5,672.0,302.0,698.0,301.0,699.0,328.0,673.0,330.0
moving,moving_frame_000082,moving_calib_camera,82,results/bus_real_data/ablation/moving_cam/fov/00_prepared_datasets/fov_120deg/raw_images/moving/frame_0082.png,5,0.17,929.46709573,929.46709573,640.0,360.0,True,2.764142575418834,-0.12095369812455399,-0.8470212079296842,0.6852857539073856,0.2751422412287153,4.697367380770519,4.755058372653658,775.75,414.5,1012.5,760.0,400.0,790.0,396.0,792.0,429.0,761.0,433.0
moving,moving_frame_000082,moving_calib_camera,82,results/bus_real_data/ablation/moving_cam/fov/00_prepared_datasets/fov_120deg/raw_images/moving/frame_0082.png,7,0.17,929.46709573,929.46709573,640.0,360.0,True,2.551263593412009,-0.27754339653358007,0.5451829416405644,-1.115352527086521,0.1760605968527358,3.242139048315899,3.4331434869601876,320.0,410.75,2206.0,291.0,392.0,342.0,387.0,349.0,429.0,298.0,435.0
moving,moving_frame_000082,moving_calib_camera,82,results/bus_real_data/ablation/moving_cam/fov/00_prepared_datasets/fov_120deg/raw_images/moving/frame_0082.png,6,0.17,929.46709573,929.46709573,640.0,360.0,True,2.6646032003550455,-0.22026159662374087,0.4146479431048891,-0.7497031092692761,0.1414322045458871,3.548806353861644,3.6298876508425857,443.5,397.25,1849.5,418.0,379.0,463.0,375.0,469.0,415.0,424.0,420.0
moving,moving_frame_000082,moving_calib_camera,82,results/bus_real_data/ablation/moving_cam/fov/00_prepared_datasets/fov_120deg/raw_images/moving/frame_0082.png,8,0.17,929.46709573,929.46709573,640.0,360.0,True,-3.0644918986434946,0.12635650839442322,-0.39184384102415626,0.06946380603367044,-0.3111798202450024,5.844009441194226,5.85270061165302,651.0,310.5,706.0,637.0,298.0,663.0,296.0,665.0,323.0,639.0,325.0
moving,moving_frame_000083,moving_calib_camera,83,results/bus_real_data/ablation/moving_cam/fov/00_prepared_datasets/fov_120deg/raw_images/moving/frame_0083.png,7,0.17,929.46709573,929.46709573,640.0,360.0,True,-2.591869055666981,0.10682927991577679,-0.3966912085224319,-1.1509335145152997,0.2122460563842953,2.815657994976048,3.049200926137496,259.75,429.75,2876.0,224.0,411.0,284.0,402.0,295.0,448.0,236.0,458.0
moving,moving_frame_000083,moving_calib_camera,83,results/bus_real_data/ablation/moving_cam/fov/00_prepared_datasets/fov_120deg/raw_images/moving/frame_0083.png,5,0.17,929.46709573,929.46709573,640.0,360.0,True,-2.958276602637652,0.20338614640699074,-0.5111494388716654,0.5423447051163376,0.23294300851577143,4.89003113672939,4.925525834118327,743.0,404.25,930.0,727.0,391.0,756.0,386.0,759.0,417.0,730.0,423.0
moving,moving_frame_000083,moving_calib_camera,83,results/bus_real_data/ablation/moving_cam/fov/00_prepared_datasets/fov_120deg/raw_images/moving/frame_0083.png,6,0.17,929.46709573,929.46709573,640.0,360.0,True,-2.6770088944090897,0.1481282429747298,-0.26344385434728795,-0.833765949114899,0.16416621390908415,3.2479820271281623,3.357305981324949,401.25,406.75,2167.5,372.0,389.0,422.0,382.0,430.0,424.0,381.0,432.0
moving,moving_frame_000083,moving_calib_camera,83,results/bus_real_data/ablation/moving_cam/fov/00_prepared_datasets/fov_120deg/raw_images/moving/frame_0083.png,8,0.17,929.46709573,929.46709573,640.0,360.0,True,3.040392589828271,-0.18334345785479392,0.47703412208792506,-0.1447900012577832,-0.3255428397471512,5.680800807697873,5.691962763556669,616.25,306.75,737.5,601.0,294.0,628.0,292.0,631.0,319.0,605.0,322.0
moving,moving_frame_000084,moving_calib_camera,84,results/bus_real_data/ablation/moving_cam/fov/00_prepared_datasets/fov_120deg/raw_images/moving/frame_0084.png,7,0.17,929.46709573,929.46709573,640.0,360.0,True,-2.5872505349489217,0.10801590072514745,-0.4544441214957812,-1.1040014539685339,0.2701581969996519,2.5270753647855164,2.7709050075880604,233.5,459.0,3573.0,193.0,439.0,261.0,428.0,273.0,478.0,207.0,491.0
moving,moving_frame_000084,moving_calib_camera,84,results/bus_real_data/ablation/moving_cam/fov/00_prepared_datasets/fov_120deg/raw_images/moving/frame_0084.png,6,0.17,929.46709573,929.46709573,640.0,360.0,True,-2.705162838941629,0.17199404333887094,-0.35143875877935066,-0.7901626803771464,0.2265179741664225,2.95518600559554,3.067375389767118,391.25,431.0,2656.5,359.0,412.0,414.0,403.0,423.0,449.0,369.0,460.0
moving,moving_frame_000084,moving_calib_camera,84,results/bus_real_data/ablation/moving_cam/fov/00_prepared_datasets/fov_120deg/raw_images/moving/frame_0084.png,5,0.17,929.46709573,929.46709573,640.0,360.0,True,-2.934395138168895,0.2094667347042073,-0.5811676794332733,0.5931190336345082,0.30381827126577876,4.570912693459717,4.619235713973214,760.5,421.75,1024.5,744.0,408.0,774.0,402.0,777.0,435.0,747.0,442.0
moving,moving_frame_000084,moving_calib_camera,84,results/bus_real_data/ablation/moving_cam/fov/00_prepared_datasets/fov_120deg/raw_images/moving/frame_0084.png,8,0.17,929.46709573,929.46709573,640.0,360.0,True,3.0806059587664385,-0.21209423629338386,0.33196363920311106,-0.10001484522013981,-0.2610990713120937,5.483065554801641,5.49018975742703,623.0,315.75,812.0,607.0,303.0,635.0,300.0,639.0,328.0,611.0,332.0
moving,moving_frame_000085,moving_calib_camera,85,results/bus_real_data/ablation/moving_cam/fov/00_prepared_datasets/fov_120deg/raw_images/moving/frame_0085.png,7,0.17,929.46709573,929.46709573,640.0,360.0,True,-2.5610484585039615,0.09860013053143078,-0.48279637025366867,-1.0433921955135619,0.32460965309423234,2.2110125723953913,2.466295865428772,200.75,496.0,4572.5,154.0,475.0,232.0,461.0,247.0,516.0,170.0,532.0
moving,moving_frame_000085,moving_calib_camera,85,results/bus_real_data/ablation/moving_cam/fov/00_prepared_datasets/fov_120deg/raw_images/moving/frame_0085.png,6,0.17,929.46709573,929.46709573,640.0,360.0,True,-2.6643120577620145,0.160815865848419,-0.38382471891402403,-0.7361410978645598,0.2863822463751841,2.627222192768343,2.7433947869708137,379.25,461.0,3262.5,343.0,441.0,405.0,430.0,415.0,480.0,354.0,493.0
moving,moving_frame_000085,moving_calib_camera,85,results/bus_real_data/ablation/moving_cam/fov/00_prepared_datasets/fov_120deg/raw_images/moving/frame_0085.png,5,0.17,929.46709573,929.46709573,640.0,360.0,True,-2.883550965623987,0.22724582842023114,-0.6356172152357081,0.6248244497149515,0.36560785833507553,4.129410936684158,4.192387074572753,780.5,442.25,1193.5,763.0,428.0,795.0,420.0,798.0,456.0,766.0,465.0
moving,moving_frame_000085,moving_calib_camera,85,results/bus_real_data/ablation/moving_cam/fov/00_prepared_datasets/fov_120deg/raw_images/moving/frame_0085.png,8,0.17,929.46709573,929.46709573,640.0,360.0,True,-3.006545836387075,0.1942587548058086,-0.48822554343829494,-0.049877118795655734,-0.18754948052712958,5.055400315411692,5.059123924523888,630.75,325.5,928.5,614.0,312.0,644.0,308.0,647.0,339.0,618.0,343.0
moving,moving_frame_000086,moving_calib_camera,86,results/bus_real_data/ablation/moving_cam/fov/00_prepared_datasets/fov_120deg/raw_images/moving/frame_0086.png,7,0.17,929.46709573,929.46709573,640.0,360.0,True,-2.5758308303364545,0.10039978462704033,-0.5331177608144804,-0.9943687911654834,0.37982010083722917,1.9261066761875374,2.2006634294907776,159.25,542.75,6107.5,104.0,520.0,196.0,502.0,213.0,564.0,124.0,585.0
moving,moving_frame_000086,moving_calib_camera,86,results/bus_real_data/ablation/moving_cam/fov/00_prepared_datasets/fov_120deg/raw_images/moving/frame_0086.png,6,0.17,929.46709573,929.46709573,640.0,360.0,True,-2.667279447521614,0.1636644169894326,-0.42626914407650107,-0.6851913495724139,0.3447160369154592,2.315386440250755,2.439124986410625,364.5,498.0,4170.0,323.0,476.0,394.0,463.0,405.0,518.0,336.0,535.0
moving,moving_frame_000086,moving_calib_camera,86,results/bus_real_data/ablation/moving_cam/fov/00_prepared_datasets/fov_120deg/raw_images/moving/frame_0086.png,5,0.17,929.46709573,929.46709573,640.0,360.0,True,-2.8793105626873037,0.2299629917410923,-0.6111721871526461,0.6833797308065184,0.44180735584393954,3.8813116892445505,3.9657006978869935,803.5,465.75,1337.5,785.0,451.0,819.0,442.0,822.0,480.0,788.0,490.0
moving,moving_frame_000086,moving_calib_camera,86,results/bus_real_data/ablation/moving_cam/fov/00_prepared_datasets/fov_120deg/raw_images/moving/frame_0086.png,8,0.17,929.46709573,929.46709573,640.0,360.0,True,3.073926025448011,-0.18683192982125296,0.47453343061261666,-0.0021685405343457673,-0.12073935288292492,4.824456599822182,4.825967693372019,639.5,336.75,1021.5,622.0,322.0,653.0,319.0,657.0,351.0,626.0,355.0
moving,moving_frame_000087,moving_calib_camera,87,results/bus_real_data/ablation/moving_cam/fov/00_prepared_datasets/fov_120deg/raw_images/moving/frame_0087.png,7,0.17,929.46709573,929.46709573,640.0,360.0,True,-2.5682272549788796,0.09740315833785866,-0.5957569088513237,-0.9419907439357743,0.4319355998260164,1.6377828309852591,1.938104105957114,104.0,604.5,8469.0,37.0,581.0,148.0,556.0,169.0,626.0,62.0,655.0
moving,moving_frame_000087,moving_calib_camera,87,results/bus_real_data/ablation/moving_cam/fov/00_prepared_datasets/fov_120deg/raw_images/moving/frame_0087.png,6,0.17,929.46709573,929.46709573,640.0,360.0,True,-2.6827798939489123,0.17694388326366556,-0.4674629528614782,-0.6397741380084963,0.4039176941123227,2.021781285370567,2.158717215652896,345.25,545.25,5475.0,297.0,522.0,379.0,504.0,392.0,567.0,313.0,588.0
moving,moving_frame_000087,moving_calib_camera,87,results/bus_real_data/ablation/moving_cam/fov/00_prepared_datasets/fov_120deg/raw_images/moving/frame_0087.png,5,0.17,929.46709573,929.46709573,640.0,360.0,True,-2.8667050704483112,0.23538086938486674,-0.6308606203597701,0.7156810294614565,0.5008986122423165,3.4793108474151375,3.587297412902634,831.0,493.75,1607.0,811.0,478.0,848.0,467.0,851.0,509.0,814.0,521.0
moving,moving_frame_000087,moving_calib_camera,87,results/bus_real_data/ablation/moving_cam/fov/00_prepared_datasets/fov_120deg/raw_images/moving/frame_0087.png,8,0.17,929.46709573,929.46709573,640.0,360.0,True,-3.000380996946754,0.20103596507945776,-0.5115655908801855,0.046114363152283885,-0.047901618154431294,4.462047895981361,4.462543279962945,649.5,350.0,1175.0,631.0,335.0,664.0,330.0,668.0,365.0,635.0,370.0
moving,moving_frame_000088,moving_calib_camera,88,results/bus_real_data/ablation/moving_cam/fov/00_prepared_datasets/fov_120deg/raw_images/moving/frame_0088.png,6,0.17,929.46709573,929.46709573,640.0,360.0,True,-2.662707704018659,0.1790068421313086,-0.5312630753306213,-0.5896207382043804,0.4582905367197407,1.7138667229514541,1.8694977868422051,319.25,608.0,7444.0,262.0,584.0,359.0,559.0,375.0,630.0,281.0,659.0
moving,moving_frame_000088,moving_calib_camera,88,results/bus_real_data/ablation/moving_cam/fov/00_prepared_datasets/fov_120deg/raw_images/moving/frame_0088.png,5,0.17,929.46709573,929.46709573,640.0,360.0,True,-2.839275913643257,0.2398486499056466,-0.6532953366998931,0.7620530853474645,0.5688831168146431,3.1553479524324706,3.295538439527616,864.25,527.5,1852.0,843.0,511.0,883.0,498.0,885.0,543.0,846.0,558.0
moving,moving_frame_000088,moving_calib_camera,88,results/bus_real_data/ablation/moving_cam/fov/00_prepared_datasets/fov_120deg/raw_images/moving/frame_0088.png,8,0.17,929.46709573,929.46709573,640.0,360.0,True,-2.948928833997043,0.22160829088428188,-0.5025091550498801,0.09478094053476659,0.021250106481427913,4.121683264575078,4.122827661592514,661.25,364.75,1360.5,641.0,349.0,677.0,343.0,681.0,380.0,646.0,387.0
moving,moving_frame_000089,moving_calib_camera,89,results/bus_real_data/ablation/moving_cam/fov/00_prepared_datasets/fov_120deg/raw_images/moving/frame_0089.png,5,0.17,929.46709573,929.46709573,640.0,360.0,True,-2.845463925702625,0.2424916534956095,-0.7096261160986871,0.8070589597031869,0.63629350682324,2.835665137410045,3.0161582124923974,904.25,568.5,2159.0,882.0,551.0,924.0,535.0,926.0,585.0,885.0,603.0
moving,moving_frame_000089,moving_calib_camera,89,results/bus_real_data/ablation/moving_cam/fov/00_prepared_datasets/fov_120deg/raw_images/moving/frame_0089.png,8,0.17,929.46709573,929.46709573,640.0,360.0,True,-2.9793790039101156,0.20341345852260134,-0.4677582777962936,0.1435822641715282,0.09174910571772335,3.825736266891085,3.829528919957435,674.75,382.25,1588.5,653.0,365.0,692.0,359.0,696.0,399.0,658.0,406.0
moving,moving_frame_000090,moving_calib_camera,90,results/bus_real_data/ablation/moving_cam/fov/00_prepared_datasets/fov_120deg/raw_images/moving/frame_0090.png,5,0.17,929.46709573,929.46709573,640.0,360.0,True,-2.8308904004585336,0.2521656019092412,-0.720099936319526,0.8497683054135702,0.7014687082118223,2.5045971968761913,2.7362696577797094,955.0,620.25,2585.5,931.0,602.0,977.0,582.0,978.0,637.0,934.0,660.0
moving,moving_frame_000090,moving_calib_camera,90,results/bus_real_data/ablation/moving_cam/fov/00_prepared_datasets/fov_120deg/raw_images/moving/frame_0090.png,8,0.17,929.46709573,929.46709573,640.0,360.0,True,-2.964226395317414,0.2307694248896709,-0.5307932591270327,0.1895547776982509,0.16113596081698744,3.4593299514733413,3.4682646272707043,690.75,403.25,1893.5,667.0,385.0,709.0,377.0,714.0,421.0,673.0,430.0
moving,moving_frame_000091,moving_calib_camera,91,results/bus_real_data/ablation/moving_cam/fov/00_prepared_datasets/fov_120deg/raw_images/moving/frame_0091.png,8,0.17,929.46709573,929.46709573,640.0,360.0,True,-2.925942513728054,0.21677748333888378,-0.5810560553134496,0.23528135446580764,0.22801034049459068,3.113530175286153,3.1307213519489636,710.0,428.0,2255.0,685.0,408.0,730.0,399.0,735.0,447.0,690.0,458.0
moving,moving_frame_000092,moving_calib_camera,92,results/bus_real_data/ablation/moving_cam/fov/00_prepared_datasets/fov_120deg/raw_images/moving/frame_0092.png,8,0.17,929.46709573,929.46709573,640.0,360.0,True,-2.9023117817723167,0.23091271159640198,-0.564581171985862,0.28424792563286105,0.29879298790329684,2.8096325423079826,2.8397375152719277,733.75,458.75,2717.0,706.0,438.0,756.0,426.0,761.0,479.0,712.0,492.0
moving,moving_frame_000092,moving_calib_camera,92,results/bus_real_data/ablation/moving_cam/fov/00_prepared_datasets/fov_120deg/raw_images/moving/frame_0092.png,11,0.17,929.46709573,929.46709573,640.0,360.0,True,0.28871844191596047,2.5251546834501846,-1.7539557065488502,-0.641323780776453,-0.35263305647418536,5.095797855201842,5.14808722200658,523.0,295.75,270.5,540.0,298.0,508.0,302.0,507.0,293.0,537.0,290.0
moving,moving_frame_000093,moving_calib_camera,93,results/bus_real_data/ablation/moving_cam/fov/00_prepared_datasets/fov_120deg/raw_images/moving/frame_0093.png,8,0.17,929.46709573,929.46709573,640.0,360.0,True,-2.8773567455954625,0.2349760309254701,-0.6111626248987658,0.3283261582655538,0.3654699176032832,2.468360571734085,2.5167777492193837,763.25,497.5,3358.0,733.0,475.0,788.0,460.0,793.0,519.0,739.0,536.0
moving,moving_frame_000093,moving_calib_camera,93,results/bus_real_data/ablation/moving_cam/fov/00_prepared_datasets/fov_120deg/raw_images/moving/frame_0093.png,12,0.17,929.46709573,929.46709573,640.0,360.0,True,2.591064754720313,0.6874279131316068,-1.6285171388873727,0.32212395751940537,-0.3502835993626228,5.685746275066927,5.705626446625107,692.75,302.75,382.5,692.0,286.0,704.0,294.0,693.0,320.0,682.0,311.0
moving,moving_frame_000094,moving_calib_camera,94,results/bus_real_data/ablation/moving_cam/fov/00_prepared_datasets/fov_120deg/raw_images/moving/frame_0094.png,8,0.17,929.46709573,929.46709573,640.0,360.0,True,-2.851477395675858,0.23460501974746864,-0.6261928554644975,0.3740122981412118,0.43267496537530886,2.1458698073214046,2.2207769034274913,801.5,547.25,4220.0,768.0,523.0,830.0,504.0,834.0,570.0,774.0,592.0
moving,moving_frame_000094,moving_calib_camera,94,results/bus_real_data/ablation/moving_cam/fov/00_prepared_datasets/fov_120deg/raw_images/moving/frame_0094.png,13,0.17,929.46709573,929.46709573,640.0,360.0,True,-0.14234666760483275,-2.543180454303806,1.6647142519672278,-1.0840610247755336,0.08574310084248686,3.7821171160143034,3.9353462444907965,373.5,381.25,662.5,390.0,387.0,347.0,393.0,359.0,375.0,398.0,370.0
moving,moving_frame_000095,moving_calib_camera,95,results/bus_real_data/ablation/moving_cam/fov/00_prepared_datasets/fov_120deg/raw_images/moving/frame_0095.png,8,0.17,929.46709573,929.46709573,640.0,360.0,True,-2.840399035334268,0.24553615862773506,-0.6866593061382172,0.41611703571929565,0.4953357452333299,1.8097170650358134,1.9218706364902687,853.0,614.25,5480.5,816.0,588.0,885.0,562.0,889.0,638.0,822.0,669.0
moving,moving_frame_000095,moving_calib_camera,95,results/bus_real_data/ablation/moving_cam/fov/00_prepared_datasets/fov_120deg/raw_images/moving/frame_0095.png,13,0.17,929.46709573,929.46709573,640.0,360.0,True,-0.17556614355340414,-2.531377240740814,1.6229842709577837,-1.037114502891313,0.14456054105171678,3.487533394772182,3.64134500175249,363.5,398.75,819.5,381.0,405.0,335.0,413.0,348.0,392.0,390.0,385.0
moving,moving_frame_000095,moving_calib_camera,95,results/bus_real_data/ablation/moving_cam/fov/00_prepared_datasets/fov_120deg/raw_images/moving/frame_0095.png,12,0.17,929.46709573,929.46709573,640.0,360.0,True,2.600308035657268,0.7459240574319163,-1.543269548133558,0.4158386280950502,-0.21179843325982695,5.044238435336449,5.065779479356834,716.75,321.0,554.5,716.0,302.0,731.0,312.0,717.0,341.0,703.0,329.0
moving,moving_frame_000096,moving_calib_camera,96,results/bus_real_data/ablation/moving_cam/fov/00_prepared_datasets/fov_120deg/raw_images/moving/frame_0096.png,8,0.17,929.46709573,929.46709573,640.0,360.0,True,-2.7495109552245505,0.34402756918563865,-0.8453089515283316,0.4100543273968744,0.5134122555018233,1.6595416068131492,1.7848851616449561,868.75,647.5,5547.0,832.0,627.0,898.0,587.0,904.0,665.0,841.0,711.0
moving,moving_frame_000096,moving_calib_camera,96,results/bus_real_data/ablation/moving_cam/fov/00_prepared_datasets/fov_120deg/raw_images/moving/frame_0096.png,13,0.17,929.46709573,929.46709573,640.0,360.0,True,-0.24275667367889187,-2.525920745116855,1.6342506053031403,-1.0413548687028689,0.22169446232131193,2.875815175435244,3.066574851598889,303.25,432.0,1231.5,324.0,439.0,268.0,451.0,285.0,424.0,336.0,414.0
moving,moving_frame_000096,moving_calib_camera,96,results/bus_real_data/ablation/moving_cam/fov/00_prepared_datasets/fov_120deg/raw_images/moving/frame_0096.png,11,0.17,929.46709573,929.46709573,640.0,360.0,True,0.3612038355843112,2.5995706747384912,-1.6649639129020903,-0.5829235595954936,-0.06868800437524362,3.661980952513239,3.708722477463945,492.0,342.75,732.0,516.0,347.0,471.0,355.0,470.0,338.0,511.0,331.0
moving,moving_frame_000096,moving_calib_camera,96,results/bus_real_data/ablation/moving_cam/fov/00_prepared_datasets/fov_120deg/raw_images/moving/frame_0096.png,12,0.17,929.46709573,929.46709573,640.0,360.0,True,-2.6940608464092626,-0.708999025042011,1.4289960563225195,0.27604935958525545,-0.18508943811229792,5.019367395444481,5.030358873825929,691.25,325.75,614.0,689.0,306.0,706.0,317.0,693.0,346.0,677.0,334.0
moving,moving_frame_000097,moving_calib_camera,97,results/bus_real_data/ablation/moving_cam/fov/00_prepared_datasets/fov_120deg/raw_images/moving/frame_0097.png,13,0.17,929.46709573,929.46709573,640.0,360.0,True,-0.37198367295691714,-2.5115491018935696,1.6643355127170398,-1.0011046459177915,0.28563257521138036,2.285473674586633,2.5114112362033816,232.5,476.75,1945.0,260.0,483.0,187.0,504.0,210.0,468.0,273.0,452.0
moving,moving_frame_000097,moving_calib_camera,97,results/bus_real_data/ablation/moving_cam/fov/00_prepared_datasets/fov_120deg/raw_images/moving/frame_0097.png,11,0.17,929.46709573,929.46709573,640.0,360.0,True,0.46492908297417007,2.568867848789854,-1.6506687717573698,-0.6377792250532504,0.00430542123804401,3.205590007508061,3.268422887693251,455.0,361.5,986.0,483.0,365.0,432.0,377.0,429.0,357.0,476.0,347.0
moving,moving_frame_000097,moving_calib_camera,97,results/bus_real_data/ablation/moving_cam/fov/00_prepared_datasets/fov_120deg/raw_images/moving/frame_0097.png,12,0.17,929.46709573,929.46709573,640.0,360.0,True,-2.7383175839157627,-0.6463312602646913,1.3166441186959024,0.14626403968408744,-0.15240532749772615,4.923623069232104,4.928152258304218,667.75,331.25,678.0,664.0,311.0,683.0,322.0,671.0,352.0,653.0,340.0
moving,moving_frame_000098,moving_calib_camera,98,results/bus_real_data/ablation/moving_cam/fov/00_prepared_datasets/fov_120deg/raw_images/moving/frame_0098.png,13,0.17,929.46709573,929.46709573,640.0,360.0,True,-0.5308138059821946,-2.4858831075738927,1.703942260729849,-0.9253332885673061,0.3328226151904009,1.7438336519669806,2.001991107334261,146.0,538.5,3359.0,183.0,543.0,86.0,579.0,115.0,530.0,200.0,502.0
moving,moving_frame_000098,moving_calib_camera,98,results/bus_real_data/ablation/moving_cam/fov/00_prepared_datasets/fov_120deg/raw_images/moving/frame_0098.png,11,0.17,929.46709573,929.46709573,640.0,360.0,True,0.5169984912321185,2.546262903628419,-1.6469939774461095,-0.6797024559573732,0.07529800349936691,2.83774715621402,2.9189851216760654,417.25,385.0,1298.0,449.0,388.0,391.0,404.0,388.0,380.0,441.0,368.0
moving,moving_frame_000098,moving_calib_camera,98,results/bus_real_data/ablation/moving_cam/fov/00_prepared_datasets/fov_120deg/raw_images/moving/frame_0098.png,12,0.17,929.46709573,929.46709573,640.0,360.0,True,-2.7459920785462995,-0.6065740300806512,1.2525367839203554,0.029668627577390836,-0.111658153589537,4.713827995440419,4.7152435929995375,646.0,338.0,752.0,641.0,317.0,662.0,328.0,650.0,360.0,631.0,347.0
moving,moving_frame_000099,moving_calib_camera,99,results/bus_real_data/ablation/moving_cam/fov/00_prepared_datasets/fov_120deg/raw_images/moving/frame_0099.png,11,0.17,929.46709573,929.46709573,640.0,360.0,True,0.6521981650164752,2.5018324548346365,-1.6455141844499175,-0.6723387836312971,0.1378979547500885,2.384670407703196,2.481472997893468,377.75,414.25,1874.5,416.0,415.0,349.0,439.0,341.0,411.0,405.0,392.0
moving,moving_frame_000099,moving_calib_camera,99,results/bus_real_data/ablation/moving_cam/fov/00_prepared_datasets/fov_120deg/raw_images/moving/frame_0099.png,12,0.17,929.46709573,929.46709573,640.0,360.0,True,-2.780874355442398,-0.5282822829234002,1.2149942583986446,-0.06773038363424172,-0.06821039341636981,4.444056518647641,4.4450959948657855,626.0,345.75,852.0,620.0,324.0,642.0,334.0,632.0,369.0,610.0,356.0
moving,moving_frame_000100,moving_calib_camera,100,results/bus_real_data/ablation/moving_cam/fov/00_prepared_datasets/fov_120deg/raw_images/moving/frame_0100.png,11,0.17,929.46709573,929.46709573,640.0,360.0,True,0.771197751645413,2.4583595376647156,-1.6372324859156697,-0.6434120450976591,0.1918845878725325,1.9823322304025752,2.0929500296310497,338.0,450.75,2820.0,385.0,448.0,305.0,484.0,293.0,449.0,369.0,422.0
moving,moving_frame_000100,moving_calib_camera,100,results/bus_real_data/ablation/moving_cam/fov/00_prepared_datasets/fov_120deg/raw_images/moving/frame_0100.png,12,0.17,929.46709573,929.46709573,640.0,360.0,True,-2.793672050203233,-0.47815181196660617,1.0790313975045072,-0.14785239102775363,-0.02757960140534849,4.270833247507412,4.273480734946749,608.0,354.0,983.0,600.0,331.0,625.0,342.0,616.0,378.0,591.0,365.0
moving,moving_frame_000101,moving_calib_camera,101,results/bus_real_data/ablation/moving_cam/fov/00_prepared_datasets/fov_120deg/raw_images/moving/frame_0101.png,11,0.17,929.46709573,929.46709573,640.0,360.0,True,0.9159205809990623,2.4153769135802867,-1.6079800310225272,-0.6012579463411792,0.2356510194565104,1.63165770162857,1.754807504056537,297.0,495.5,4475.0,356.0,488.0,260.0,540.0,241.0,498.0,331.0,456.0
moving,moving_frame_000101,moving_calib_camera,101,results/bus_real_data/ablation/moving_cam/fov/00_prepared_datasets/fov_120deg/raw_images/moving/frame_0101.png,12,0.17,929.46709573,929.46709573,640.0,360.0,True,-2.8560259211844943,-0.4198050450679118,1.0122216845922811,-0.21328079957620175,0.015390276743783775,4.092626767930871,4.098209294517595,591.75,363.5,1111.0,582.0,340.0,610.0,350.0,601.0,388.0,574.0,376.0
moving,moving_frame_000102,moving_calib_camera,102,results/bus_real_data/ablation/moving_cam/fov/00_prepared_datasets/fov_120deg/raw_images/moving/frame_0102.png,11,0.17,929.46709573,929.46709573,640.0,360.0,True,1.0624347643321788,2.3461294942022244,-1.6001810642595578,-0.5418246662091848,0.269213428170074,1.319418319510411,1.4515214571887856,257.5,551.75,7165.5,331.0,535.0,217.0,612.0,186.0,561.0,296.0,499.0
moving,moving_frame_000102,moving_calib_camera,102,results/bus_real_data/ablation/moving_cam/fov/00_prepared_datasets/fov_120deg/raw_images/moving/frame_0102.png,12,0.17,929.46709573,929.46709573,640.0,360.0,True,-2.8593437399971524,-0.3399790951738731,0.8332418845018313,-0.2650156180826145,0.05634545482129315,3.945119637976465,3.954412351545332,577.75,373.25,1281.0,565.0,349.0,597.0,359.0,590.0,398.0,559.0,387.0
moving,moving_frame_000103,moving_calib_camera,103,results/bus_real_data/ablation/moving_cam/fov/00_prepared_datasets/fov_120deg/raw_images/moving/frame_0103.png,11,0.17,929.46709573,929.46709573,640.0,360.0,True,1.204401420010348,2.266175709643967,-1.601363598285177,-0.47466207207467864,0.29461701723042855,1.0556989937066847,1.1944051384774301,220.75,623.0,11755.5,313.0,592.0,176.0,705.0,130.0,643.0,264.0,552.0
moving,moving_frame_000103,moving_calib_camera,103,results/bus_real_data/ablation/moving_cam/fov/00_prepared_datasets/fov_120deg/raw_images/moving/frame_0103.png,10,0.17,929.46709573,929.46709573,640.0,360.0,True,2.0274380272724124,1.3905762987857735,-1.951801900163226,0.6254999425841199,0.30653909002484075,2.6807899914043145,2.7698107101207365,857.25,466.5,1666.5,876.0,431.0,880.0,470.0,836.0,502.0,837.0,463.0
moving,moving_frame_000103,moving_calib_camera,103,results/bus_real_data/ablation/moving_cam/fov/00_prepared_datasets/fov_120deg/raw_images/moving/frame_0103.png,12,0.17,929.46709573,929.46709573,640.0,360.0,True,-2.894695469393697,-0.2969448713018447,0.7356884702189542,-0.29712659795830615,0.09424398561493613,3.722208979457655,3.7352383900889197,566.0,383.5,1495.0,551.0,358.0,587.0,368.0,580.0,409.0,546.0,399.0
moving,moving_frame_000104,moving_calib_camera,104,results/bus_real_data/ablation/moving_cam/fov/00_prepared_datasets/fov_120deg/raw_images/moving/frame_0104.png,10,0.17,929.46709573,929.46709573,640.0,360.0,True,-2.1489651242150543,-1.3323006112002955,1.8336069879465364,0.6517171179976268,0.2997936626418183,2.764894414864552,2.856440541548261,859.5,461.0,1824.0,874.0,425.0,885.0,464.0,842.0,497.0,837.0,458.0
moving,moving_frame_000104,moving_calib_camera,104,results/bus_real_data/ablation/moving_cam/fov/00_prepared_datasets/fov_120deg/raw_images/moving/frame_0104.png,12,0.17,929.46709573,929.46709573,640.0,360.0,True,-2.9227133794789637,-0.22542988194548744,0.6428501949432217,-0.319154624699332,0.12849127517314812,3.5337240730521864,3.5504331435377185,556.25,393.75,1713.0,539.0,368.0,578.0,376.0,573.0,420.0,535.0,411.0
moving,moving_frame_000105,moving_calib_camera,105,results/bus_real_data/ablation/moving_cam/fov/00_prepared_datasets/fov_120deg/raw_images/moving/frame_0105.png,10,0.17,929.46709573,929.46709573,640.0,360.0,True,-2.274401245562816,-1.2705414338944518,1.7316696932942652,0.663730308633665,0.2804855203258731,2.8097842833996123,2.90070642584714,860.0,453.0,1972.0,871.0,417.0,888.0,454.0,846.0,490.0,835.0,451.0
moving,moving_frame_000105,moving_calib_camera,105,results/bus_real_data/ablation/moving_cam/fov/00_prepared_datasets/fov_120deg/raw_images/moving/frame_0105.png,12,0.17,929.46709573,929.46709573,640.0,360.0,True,-2.932366250346953,-0.1665283510345025,0.4969235416419036,-0.333035146043091,0.16003794301100782,3.4138817566349213,3.4338190400759143,549.5,403.5,1911.0,530.0,378.0,572.0,384.0,569.0,430.0,527.0,422.0
moving,moving_frame_000106,moving_calib_camera,106,results/bus_real_data/ablation/moving_cam/fov/00_prepared_datasets/fov_120deg/raw_images/moving/frame_0106.png,10,0.17,929.46709573,929.46709573,640.0,360.0,True,-2.3823534100513553,-1.2017991759884428,1.5880995678992669,0.6836193496426043,0.26032194183565244,2.9307132645073675,3.020626287273269,857.25,442.75,2024.5,864.0,407.0,887.0,443.0,847.0,479.0,831.0,442.0
moving,moving_frame_000106,moving_calib_camera,106,results/bus_real_data/ablation/moving_cam/fov/00_prepared_datasets/fov_120deg/raw_images/moving/frame_0106.png,12,0.17,929.46709573,929.46709573,640.0,360.0,True,-3.015607184278368,-0.09759693141147072,0.2717226081299079,-0.3388481551657715,0.18726953496419643,3.3115502693637686,3.3341045480770695,545.0,412.5,2170.0,523.0,387.0,569.0,391.0,567.0,438.0,521.0,434.0
moving,moving_frame_000107,moving_calib_camera,107,results/bus_real_data/ablation/moving_cam/fov/00_prepared_datasets/fov_120deg/raw_images/moving/frame_0107.png,10,0.17,929.46709573,929.46709573,640.0,360.0,True,-2.4817325456777843,-1.1356646533139065,1.5081531371604397,0.693306624127446,0.2312872053654933,3.0456873685507277,3.132152517578643,852.0,430.75,1978.5,856.0,396.0,882.0,429.0,845.0,466.0,825.0,432.0
moving,moving_frame_000107,moving_calib_camera,107,results/bus_real_data/ablation/moving_cam/fov/00_prepared_datasets/fov_120deg/raw_images/moving/frame_0107.png,12,0.17,929.46709573,929.46709573,640.0,360.0,True,-2.992388628750333,-0.02073638137110044,0.18094305768112678,-0.3343704761840626,0.20730429545755735,3.193258403199523,3.217402355295818,542.75,420.25,2351.5,518.0,395.0,567.0,397.0,567.0,445.0,519.0,444.0
moving,moving_frame_000108,moving_calib_camera,108,results/bus_real_data/ablation/moving_cam/fov/00_prepared_datasets/fov_120deg/raw_images/moving/frame_0108.png,12,0.17,929.46709573,929.46709573,640.0,360.0,True,-2.970389667237398,0.0363930158730538,-0.05051554921232148,-0.3256900717559557,0.22341647520677058,3.105654452558131,3.130667424516434,542.5,426.75,2527.5,516.0,403.0,567.0,401.0,569.0,451.0,518.0,452.0
moving,moving_frame_000108,moving_calib_camera,108,results/bus_real_data/ablation/moving_cam/fov/00_prepared_datasets/fov_120deg/raw_images/moving/frame_0108.png,10,0.17,929.46709573,929.46709573,640.0,360.0,True,-2.582730679871735,-1.072820044926594,1.3879048198129622,0.7065105256078572,0.19940958215115437,3.2171499914539683,3.299844749645149,844.5,417.75,1894.5,846.0,385.0,874.0,414.0,841.0,452.0,817.0,420.0
moving,moving_frame_000109,moving_calib_camera,109,results/bus_real_data/ablation/moving_cam/fov/00_prepared_datasets/fov_120deg/raw_images/moving/frame_0109.png,12,0.17,929.46709573,929.46709573,640.0,360.0,True,-2.8782179350022483,0.1023219234286867,-0.12085005362538542,-0.3119595110665588,0.23004926723422534,3.0147425913604686,3.0395582399524317,543.75,430.75,2619.0,515.0,408.0,568.0,404.0,572.0,453.0,520.0,458.0
moving,moving_frame_000109,moving_calib_camera,109,results/bus_real_data/ablation/moving_cam/fov/00_prepared_datasets/fov_120deg/raw_images/moving/frame_0109.png,10,0.17,929.46709573,929.46709573,640.0,360.0,True,-2.6738301775945836,-0.968539526458814,1.327735625443975,0.7063773432824962,0.16049722566923355,3.3990374710280413,3.475368187689336,833.5,404.0,1738.0,832.0,373.0,862.0,398.0,833.0,436.0,807.0,409.0
moving,moving_frame_000110,moving_calib_camera,110,results/bus_real_data/ablation/moving_cam/fov/00_prepared_datasets/fov_120deg/raw_images/moving/frame_0110.png,12,0.17,929.46709573,929.46709573,640.0,360.0,True,-2.8906021333349607,0.17606879705304096,-0.25358101489201423,-0.3028275009218342,0.2353930190618433,2.9908251052239327,3.015319084073087,545.75,433.0,2677.0,516.0,412.0,569.0,404.0,575.0,454.0,523.0,462.0
moving,moving_frame_000110,moving_calib_camera,110,results/bus_real_data/ablation/moving_cam/fov/00_prepared_datasets/fov_120deg/raw_images/moving/frame_0110.png,10,0.17,929.46709573,929.46709573,640.0,360.0,True,-2.721704567213429,-0.8976113473338918,1.2307432345930756,0.688290055204325,0.11587024225727136,3.570113452874241,3.637702458905561,819.5,390.25,1622.5,816.0,361.0,847.0,383.0,821.0,421.0,794.0,396.0
moving,moving_frame_000111,moving_calib_camera,111,results/bus_real_data/ablation/moving_cam/fov/00_prepared_datasets/fov_120deg/raw_images/moving/frame_0111.png,12,0.17,929.46709573,929.46709573,640.0,360.0,True,-2.8235147370867315,0.24043949219445795,-0.3495849342133102,-0.2914077140926945,0.23087096295519172,2.942420831662382,2.9658152686857164,547.75,432.75,2696.5,517.0,413.0,570.0,403.0,578.0,451.0,526.0,464.0
moving,moving_frame_000111,moving_calib_camera,111,results/bus_real_data/ablation/moving_cam/fov/00_prepared_datasets/fov_120deg/raw_images/moving/frame_0111.png,10,0.17,929.46709573,929.46709573,640.0,360.0,True,2.775362006087501,0.8206441990748317,-1.162888922602712,0.6707487984834665,0.06851313504664172,3.81908928897628,3.8781491716428707,803.5,376.75,1439.0,799.0,350.0,829.0,368.0,807.0,405.0,779.0,384.0
moving,moving_frame_000112,moving_calib_camera,112,results/bus_real_data/ablation/moving_cam/fov/00_prepared_datasets/fov_120deg/raw_images/moving/frame_0112.png,12,0.17,929.46709573,929.46709573,640.0,360.0,True,-2.8528910158117586,0.3138630640625177,-0.44105439714273337,-0.2899869493533457,0.2275299911938733,2.9942155012548084,3.016817660323959,549.75,430.5,2621.5,519.0,412.0,570.0,400.0,580.0,447.0,530.0,463.0
moving,moving_frame_000112,moving_calib_camera,112,results/bus_real_data/ablation/moving_cam/fov/00_prepared_datasets/fov_120deg/raw_images/moving/frame_0112.png,10,0.17,929.46709573,929.46709573,640.0,360.0,True,2.855782966923752,0.7591610854464376,-1.0579119731835447,0.642873087558155,0.01741084258484096,4.098691205049192,4.1488382155121055,786.0,364.0,1292.0,780.0,339.0,810.0,355.0,791.0,390.0,763.0,372.0
moving,moving_frame_000113,moving_calib_camera,113,results/bus_real_data/ablation/moving_cam/fov/00_prepared_datasets/fov_120deg/raw_images/moving/frame_0113.png,12,0.17,929.46709573,929.46709573,640.0,360.0,True,-2.79690764266932,0.3689772987012117,-0.5036267505700205,-0.291392640151239,0.2155662190831612,3.01806591531568,3.0397533345214693,550.0,426.25,2525.5,519.0,410.0,569.0,395.0,580.0,441.0,532.0,459.0
moving,moving_frame_000113,moving_calib_camera,113,results/bus_real_data/ablation/moving_cam/fov/00_prepared_datasets/fov_120deg/raw_images/moving/frame_0113.png,10,0.17,929.46709573,929.46709573,640.0,360.0,True,2.8674026254502327,0.674688988401714,-0.9916838474700526,0.5861755425132137,-0.03756470830658032,4.3389536786486955,4.378530792333184,765.75,352.0,1157.5,759.0,329.0,788.0,342.0,772.0,376.0,744.0,361.0
moving,moving_frame_000114,moving_calib_camera,114,results/bus_real_data/ablation/moving_cam/fov/00_prepared_datasets/fov_120deg/raw_images/moving/frame_0114.png,12,0.17,929.46709573,929.46709573,640.0,360.0,True,-2.788222903404391,0.45039161702929126,-0.6092272767683791,-0.3034935653446885,0.20329505541336165,3.0926342076090583,3.1141328754301507,548.5,421.0,2382.0,518.0,407.0,565.0,389.0,578.0,434.0,533.0,454.0
moving,moving_frame_000114,moving_calib_camera,114,results/bus_real_data/ablation/moving_cam/fov/00_prepared_datasets/fov_120deg/raw_images/moving/frame_0114.png,10,0.17,929.46709573,929.46709573,640.0,360.0,True,2.9072583742990967,0.6120480845033325,-1.0185503728447753,0.5131788284617451,-0.09114006700849343,4.571687754660629,4.6013028533133555,744.5,341.5,1020.0,737.0,320.0,765.0,331.0,751.0,364.0,725.0,351.0
moving,moving_frame_000114,moving_calib_camera,114,results/bus_real_data/ablation/moving_cam/fov/00_prepared_datasets/fov_120deg/raw_images/moving/frame_0114.png,0,0.17,929.46709573,929.46709573,640.0,360.0,True,2.1702985119345106,0.6759128535832033,-0.9185112535818334,3.8333413392393196,-0.612188783705945,6.318550182745557,7.415750625654181,1204.0,270.0,438.0,1196.0,261.0,1223.0,264.0,1212.0,279.0,1185.0,276.0
moving,moving_frame_000115,moving_calib_camera,115,results/bus_real_data/ablation/moving_cam/fov/00_prepared_datasets/fov_120deg/raw_images/moving/frame_0115.png,11,0.17,929.46709573,929.46709573,640.0,360.0,True,2.031752260184394,0.7877720259410812,0.10635837092269614,0.2934274293769213,0.3369568637615335,1.2233700611808858,1.302410799609893,862.75,618.75,11394.0,830.0,546.0,933.0,615.0,901.0,705.0,787.0,609.0
moving,moving_frame_000115,moving_calib_camera,115,results/bus_real_data/ablation/moving_cam/fov/00_prepared_datasets/fov_120deg/raw_images/moving/frame_0115.png,9,0.17,929.46709573,929.46709573,640.0,360.0,True,-2.2363588880285974,-0.2143394686409769,0.6258942423331086,0.9423867880868434,0.2496122976888451,1.5813791144164766,1.8577295446406565,1195.75,506.0,7656.0,1159.0,459.0,1272.0,497.0,1228.0,555.0,1124.0,513.0
moving,moving_frame_000115,moving_calib_camera,115,results/bus_real_data/ablation/moving_cam/fov/00_prepared_datasets/fov_120deg/raw_images/moving/frame_0115.png,12,0.17,929.46709573,929.46709573,640.0,360.0,True,-2.776702703759892,0.5050043447890167,-0.6793911474318131,-0.32881527807870004,0.18846810107900572,3.209945710870122,3.2322424381465873,544.5,414.5,2192.0,515.0,402.0,559.0,383.0,573.0,426.0,531.0,447.0
moving,moving_frame_000115,moving_calib_camera,115,results/bus_real_data/ablation/moving_cam/fov/00_prepared_datasets/fov_120deg/raw_images/moving/frame_0115.png,10,0.17,929.46709573,929.46709573,640.0,360.0,True,2.949229466408535,0.5235390871879216,-0.9141084831800615,0.43327642078681056,-0.14917574500381162,4.904274729943921,4.925636251944899,722.25,331.75,908.0,714.0,312.0,741.0,321.0,730.0,352.0,704.0,342.0
moving,moving_frame_000115,moving_calib_camera,115,results/bus_real_data/ablation/moving_cam/fov/00_prepared_datasets/fov_120deg/raw_images/moving/frame_0115.png,0,0.17,929.46709573,929.46709573,640.0,360.0,True,2.287782525115503,0.5598791236288357,-0.7995816708753467,3.969431808499,-0.8944075737729857,7.952422224724198,8.932937536478887,1104.0,255.5,287.0,1097.0,248.0,1118.0,250.0,1111.0,263.0,1090.0,261.0
moving,moving_frame_000116,moving_calib_camera,116,results/bus_real_data/ablation/moving_cam/fov/00_prepared_datasets/fov_120deg/raw_images/moving/frame_0116.png,11,0.17,929.46709573,929.46709573,640.0,360.0,True,2.0995603404656094,0.6899698575465132,0.11565313213795964,0.2823259451027721,0.3370864096590996,1.361777590806254,1.4310043304187172,832.5,592.25,9489.5,800.0,528.0,895.0,582.0,871.0,668.0,764.0,591.0
moving,moving_frame_000116,moving_calib_camera,116,results/bus_real_data/ablation/moving_cam/fov/00_prepared_datasets/fov_120deg/raw_images/moving/frame_0116.png,9,0.17,929.46709573,929.46709573,640.0,360.0,True,-2.316488541192006,-0.2161396354037409,0.5488415333587107,0.9716764387072521,0.21858189107299753,1.9423887901687162,2.1828438690884298,1106.0,464.0,5256.0,1076.0,425.0,1164.0,451.0,1134.0,505.0,1050.0,475.0
moving,moving_frame_000116,moving_calib_camera,116,results/bus_real_data/ablation/moving_cam/fov/00_prepared_datasets/fov_120deg/raw_images/moving/frame_0116.png,12,0.17,929.46709573,929.46709573,640.0,360.0,True,-2.7451933522340854,0.5599954232718719,-0.7711231611179771,-0.41580882163543886,0.1991358889212327,3.0819134166263926,3.1162064094003896,514.25,420.0,2360.0,483.0,408.0,528.0,387.0,544.0,430.0,502.0,455.0
moving,moving_frame_000116,moving_calib_camera,116,results/bus_real_data/ablation/moving_cam/fov/00_prepared_datasets/fov_120deg/raw_images/moving/frame_0116.png,10,0.17,929.46709573,929.46709573,640.0,360.0,True,-2.944753967644776,-0.44570379330157534,0.8475253712121176,0.25794132818331617,-0.17020434207607285,4.9817739370846486,4.991349998453565,688.25,328.25,880.5,679.0,309.0,706.0,317.0,697.0,348.0,671.0,339.0
moving,moving_frame_000116,moving_calib_camera,116,results/bus_real_data/ablation/moving_cam/fov/00_prepared_datasets/fov_120deg/raw_images/moving/frame_0116.png,0,0.17,929.46709573,929.46709573,640.0,360.0,True,-2.2743379472214,-0.11094313802522397,0.1619209889616609,4.03498257676411,-1.1983308775421266,9.773595635505169,10.64144035989614,1023.75,246.0,209.0,1018.0,239.0,1035.0,241.0,1029.0,253.0,1013.0,251.0
moving,moving_frame_000117,moving_calib_camera,117,results/bus_real_data/ablation/moving_cam/fov/00_prepared_datasets/fov_120deg/raw_images/moving/frame_0117.png,11,0.17,929.46709573,929.46709573,640.0,360.0,True,2.168801579036339,0.5953817808274343,0.13663258584474403,0.26500713390419794,0.3355248940237543,1.49762306511692,1.557459656203,804.25,570.0,8120.5,772.0,512.0,860.0,555.0,843.0,637.0,742.0,576.0
moving,moving_frame_000117,moving_calib_camera,117,results/bus_real_data/ablation/moving_cam/fov/00_prepared_datasets/fov_120deg/raw_images/moving/frame_0117.png,9,0.17,929.46709573,929.46709573,640.0,360.0,True,-2.391178692681721,-0.21304444024198305,0.46264834707871366,0.9753523344177597,0.18264656708384552,2.3103362672997028,2.514423514987483,1033.0,433.0,3828.0,1007.0,400.0,1080.0,418.0,1057.0,468.0,988.0,446.0
moving,moving_frame_000117,moving_calib_camera,117,results/bus_real_data/ablation/moving_cam/fov/00_prepared_datasets/fov_120deg/raw_images/moving/frame_0117.png,12,0.17,929.46709573,929.46709573,640.0,360.0,True,-2.710908590026607,0.6310443203347849,-0.6795520214265642,-0.5051479462472472,0.21771480184650038,2.983094809546523,3.0333857033493583,482.25,427.75,2594.5,448.0,418.0,495.0,393.0,515.0,436.0,471.0,464.0
moving,moving_frame_000117,moving_calib_camera,117,results/bus_real_data/ablation/moving_cam/fov/00_prepared_datasets/fov_120deg/raw_images/moving/frame_0117.png,10,0.17,929.46709573,929.46709573,640.0,360.0,True,-2.971919739399178,-0.39920404132973,0.7974836670461212,0.07909800841538438,-0.17973931891971145,5.023767959301561,5.027604521698776,654.75,326.75,864.5,645.0,308.0,672.0,315.0,664.0,346.0,638.0,338.0
moving,moving_frame_000117,moving_calib_camera,117,results/bus_real_data/ablation/moving_cam/fov/00_prepared_datasets/fov_120deg/raw_images/moving/frame_0117.png,0,0.17,929.46709573,929.46709573,640.0,360.0,True,2.5087109460658534,0.4141872889324657,-0.7413620628523693,3.8565172850531146,-1.4723706997067603,11.30846829331497,12.038357703116253,957.0,239.0,158.0,952.0,233.0,966.0,234.0,962.0,245.0,948.0,244.0
moving,moving_frame_000118,moving_calib_camera,118,results/bus_real_data/ablation/moving_cam/fov/00_prepared_datasets/fov_120deg/raw_images/moving/frame_0118.png,11,0.17,929.46709573,929.46709573,640.0,360.0,True,2.2315153481617394,0.5089983855289388,0.13753480933416018,0.2400612883793266,0.33369655412915145,1.6321232128853103,1.6830950639981925,776.5,551.5,7098.0,745.0,499.0,827.0,533.0,815.0,611.0,719.0,563.0
moving,moving_frame_000118,moving_calib_camera,118,results/bus_real_data/ablation/moving_cam/fov/00_prepared_datasets/fov_120deg/raw_images/moving/frame_0118.png,12,0.17,929.46709573,929.46709573,640.0,360.0,True,-2.6540852420952836,0.6846998675645264,-0.6582922203902154,-0.5816432647307582,0.23730539091903502,2.832789222733148,2.9016060236356975,448.75,437.75,2891.5,411.0,430.0,461.0,401.0,484.0,444.0,439.0,476.0
moving,moving_frame_000118,moving_calib_camera,118,results/bus_real_data/ablation/moving_cam/fov/00_prepared_datasets/fov_120deg/raw_images/moving/frame_0118.png,9,0.17,929.46709573,929.46709573,640.0,360.0,True,-2.4847302665446422,-0.203972566260128,0.36234879459851493,0.9623620840852614,0.14349119830504203,2.701129694939608,2.8710332867733324,971.5,409.0,2924.0,949.0,380.0,1010.0,393.0,993.0,439.0,934.0,424.0
moving,moving_frame_000118,moving_calib_camera,118,results/bus_real_data/ablation/moving_cam/fov/00_prepared_datasets/fov_120deg/raw_images/moving/frame_0118.png,10,0.17,929.46709573,929.46709573,640.0,360.0,True,-2.9359546860821397,-0.3201752213535121,0.7430838701654809,-0.10011795121838338,-0.18398959942307216,5.068793031257941,5.073119215096477,621.75,326.25,844.0,611.0,308.0,638.0,314.0,632.0,345.0,606.0,338.0
moving,moving_frame_000118,moving_calib_camera,118,results/bus_real_data/ablation/moving_cam/fov/00_prepared_datasets/fov_120deg/raw_images/moving/frame_0118.png,0,0.17,929.46709573,929.46709573,640.0,360.0,True,2.6142891410561515,0.36337488122688216,-0.6363468719324364,3.6477344755298615,-1.7853464133662356,13.116650147538081,13.730984659251483,898.5,233.5,123.0,894.0,228.0,906.0,229.0,903.0,239.0,891.0,238.0
moving,moving_frame_000119,moving_calib_camera,119,results/bus_real_data/ablation/moving_cam/fov/00_prepared_datasets/fov_120deg/raw_images/moving/frame_0119.png,11,0.17,929.46709573,929.46709573,640.0,360.0,True,2.267699029554484,0.41267470220305913,0.13843711023307315,0.2075958498685005,0.3296917556495057,1.751202895127764,1.7940190273600056,750.0,536.25,6263.5,718.0,489.0,796.0,515.0,789.0,589.0,697.0,552.0
moving,moving_frame_000119,moving_calib_camera,119,results/bus_real_data/ablation/moving_cam/fov/00_prepared_datasets/fov_120deg/raw_images/moving/frame_0119.png,12,0.17,929.46709573,929.46709573,640.0,360.0,True,-2.6030497504770858,0.7314032090628506,-0.6543806911458775,-0.6491830093367376,0.2577552426417633,2.6579151118904574,2.7481610372640977,412.5,450.0,3300.0,371.0,444.0,424.0,411.0,451.0,454.0,404.0,491.0
moving,moving_frame_000119,moving_calib_camera,119,results/bus_real_data/ablation/moving_cam/fov/00_prepared_datasets/fov_120deg/raw_images/moving/frame_0119.png,9,0.17,929.46709573,929.46709573,640.0,360.0,True,-2.576148585653825,-0.18550295128230954,0.30751675317751315,0.9349293127666478,0.10348416152961387,3.1253854680678907,3.263868274849301,918.25,390.5,2278.0,898.0,365.0,950.0,374.0,938.0,417.0,887.0,406.0
moving,moving_frame_000119,moving_calib_camera,119,results/bus_real_data/ablation/moving_cam/fov/00_prepared_datasets/fov_120deg/raw_images/moving/frame_0119.png,10,0.17,929.46709573,929.46709573,640.0,360.0,True,-2.962641772072695,-0.24337118957608675,0.6936193086943864,-0.2795010465602987,-0.1786660721326909,5.0343530886003744,5.045270401183642,588.5,327.0,857.0,577.0,309.0,604.0,314.0,600.0,345.0,573.0,340.0
moving,moving_frame_000119,moving_calib_camera,119,results/bus_real_data/ablation/moving_cam/fov/00_prepared_datasets/fov_120deg/raw_images/moving/frame_0119.png,0,0.17,929.46709573,929.46709573,640.0,360.0,True,-2.749233210970867,-0.1409656991784841,-0.0960264771291244,3.4253597135216753,-2.1592879091255153,15.38045485796853,15.904527816930646,847.0,229.5,102.0,843.0,224.0,853.0,225.0,851.0,235.0,841.0,234.0
moving,moving_frame_000120,moving_calib_camera,120,results/bus_real_data/ablation/moving_cam/fov/00_prepared_datasets/fov_120deg/raw_images/moving/frame_0120.png,11,0.17,929.46709573,929.46709573,640.0,360.0,True,2.309823880634064,0.31550840666158647,0.12557250885115898,0.16703526216804568,0.32523775613754163,1.8559435065657994,1.8916148329902382,723.5,524.0,5724.0,691.0,481.0,766.0,500.0,763.0,571.0,674.0,544.0
moving,moving_frame_000120,moving_calib_camera,120,results/bus_real_data/ablation/moving_cam/fov/00_prepared_datasets/fov_120deg/raw_images/moving/frame_0120.png,12,0.17,929.46709573,929.46709573,640.0,360.0,True,-2.517144072927398,0.7454265839618476,-0.5952552401930489,-0.6988509721725931,0.27706004572847276,2.435844254944904,2.5492140327155224,372.75,465.5,3872.5,326.0,462.0,384.0,424.0,416.0,467.0,365.0,509.0
moving,moving_frame_000120,moving_calib_camera,120,results/bus_real_data/ablation/moving_cam/fov/00_prepared_datasets/fov_120deg/raw_images/moving/frame_0120.png,9,0.17,929.46709573,929.46709573,640.0,360.0,True,2.6460819390843606,0.30555847770830685,-0.38964502244868093,0.8661085839458097,0.05732439110350222,3.48705577852889,3.593464646768036,871.0,375.5,1896.0,852.0,352.0,898.0,359.0,890.0,399.0,844.0,392.0
moving,moving_frame_000120,moving_calib_camera,120,results/bus_real_data/ablation/moving_cam/fov/00_prepared_datasets/fov_120deg/raw_images/moving/frame_0120.png,10,0.17,929.46709573,929.46709573,640.0,360.0,True,-2.959600852321927,-0.17542201159810425,0.5912492799010355,-0.45185550865003327,-0.16303697676885823,4.892317885957523,4.915844663305706,554.25,329.0,922.0,541.0,311.0,570.0,315.0,567.0,347.0,539.0,343.0
moving,moving_frame_000120,moving_calib_camera,120,results/bus_real_data/ablation/moving_cam/fov/00_prepared_datasets/fov_120deg/raw_images/moving/frame_0120.png,0,0.17,929.46709573,929.46709573,640.0,360.0,True,-2.5611268659143422,-0.08926700148530448,-0.17825299374477968,2.6180314290893536,-2.188259654887742,15.208484534127082,15.586550956054765,800.0,226.25,96.0,796.0,221.0,806.0,222.0,804.0,231.0,794.0,231.0
moving,moving_frame_000121,moving_calib_camera,121,results/bus_real_data/ablation/moving_cam/fov/00_prepared_datasets/fov_120deg/raw_images/moving/frame_0121.png,11,0.17,929.46709573,929.46709573,640.0,360.0,True,2.3457396598208082,0.22004116191391745,0.08673621150641705,0.1217495564259504,0.323394714233363,1.9645703166539112,1.9947289602253344,697.5,514.0,5240.0,665.0,475.0,737.0,488.0,737.0,555.0,651.0,538.0
moving,moving_frame_000121,moving_calib_camera,121,results/bus_real_data/ablation/moving_cam/fov/00_prepared_datasets/fov_120deg/raw_images/moving/frame_0121.png,12,0.17,929.46709573,929.46709573,640.0,360.0,True,-2.4426922623217457,0.7813598516207533,-0.597686324866976,-0.7372053853586354,0.29720630719637176,2.205106692711308,2.343992085199795,328.5,485.0,4676.0,275.0,485.0,339.0,440.0,377.0,483.0,323.0,532.0
moving,moving_frame_000121,moving_calib_camera,121,results/bus_real_data/ablation/moving_cam/fov/00_prepared_datasets/fov_120deg/raw_images/moving/frame_0121.png,9,0.17,929.46709573,929.46709573,640.0,360.0,True,-2.755720480612727,-0.11111170572061554,0.1449752216848011,0.7778895658274718,0.01716846212681804,3.842029465132501,3.920025171304565,828.25,364.0,1599.0,810.0,343.0,852.0,347.0,846.0,385.0,805.0,381.0
moving,moving_frame_000121,moving_calib_camera,121,results/bus_real_data/ablation/moving_cam/fov/00_prepared_datasets/fov_120deg/raw_images/moving/frame_0121.png,10,0.17,929.46709573,929.46709573,640.0,360.0,True,-2.94134109052807,-0.1167850545971554,0.40455122065480925,-0.6379276950165308,-0.14407888269929958,4.877304718760504,4.9209563895804305,518.5,332.5,963.0,504.0,315.0,534.0,318.0,533.0,350.0,503.0,347.0
moving,moving_frame_000122,moving_calib_camera,122,results/bus_real_data/ablation/moving_cam/fov/00_prepared_datasets/fov_120deg/raw_images/moving/frame_0122.png,13,0.17,929.46709573,929.46709573,640.0,360.0,True,-2.305885423851445,0.6101915816833381,1.370848018769484,0.5540485982968164,0.4354364037259682,1.4327132232324333,1.5966345514830684,1001.5,642.5,6864.0,935.0,594.0,1012.0,603.0,1076.0,693.0,983.0,680.0
moving,moving_frame_000122,moving_calib_camera,122,results/bus_real_data/ablation/moving_cam/fov/00_prepared_datasets/fov_120deg/raw_images/moving/frame_0122.png,11,0.17,929.46709573,929.46709573,640.0,360.0,True,2.3579610227066516,0.11365554685351677,0.03754770605474753,0.06940316600359298,0.318327036809671,2.0291437883872376,2.0551334301611313,671.75,506.75,4947.5,638.0,472.0,709.0,478.0,712.0,543.0,628.0,534.0
moving,moving_frame_000122,moving_calib_camera,122,results/bus_real_data/ablation/moving_cam/fov/00_prepared_datasets/fov_120deg/raw_images/moving/frame_0122.png,12,0.17,929.46709573,929.46709573,640.0,360.0,True,-2.357947029384881,0.798462420700323,-0.5948108081842033,-0.7562388358740473,0.3145209818781791,1.954102222542996,2.1188053523325885,279.25,509.25,5828.5,217.0,514.0,289.0,460.0,335.0,503.0,276.0,560.0
moving,moving_frame_000122,moving_calib_camera,122,results/bus_real_data/ablation/moving_cam/fov/00_prepared_datasets/fov_120deg/raw_images/moving/frame_0122.png,9,0.17,929.46709573,929.46709573,640.0,360.0,True,2.7812720887019777,0.1417583473415688,-0.37487598518253723,0.6568331747446069,-0.0227012999150535,4.120782820403923,4.172864270665777,788.25,355.0,1393.0,771.0,336.0,809.0,338.0,806.0,374.0,767.0,372.0
moving,moving_frame_000122,moving_calib_camera,122,results/bus_real_data/ablation/moving_cam/fov/00_prepared_datasets/fov_120deg/raw_images/moving/frame_0122.png,10,0.17,929.46709573,929.46709573,640.0,360.0,True,-2.9440916300547553,-0.07178329253242617,0.2524247311819331,-0.8080019957871171,-0.11403703457635303,4.721937113752222,4.791926729060202,481.0,337.5,1056.0,465.0,320.0,497.0,322.0,497.0,355.0,465.0,353.0
moving,moving_frame_000123,moving_calib_camera,123,results/bus_real_data/ablation/moving_cam/fov/00_prepared_datasets/fov_120deg/raw_images/moving/frame_0123.png,13,0.17,929.46709573,929.46709573,640.0,360.0,True,-2.331879498249371,0.642289158363151,1.2797661025587994,0.5551718870808227,0.431627667650505,1.6667887290931531,1.8090613408942953,951.0,600.5,5228.0,893.0,563.0,959.0,564.0,1015.0,639.0,937.0,636.0
moving,moving_frame_000123,moving_calib_camera,123,results/bus_real_data/ablation/moving_cam/fov/00_prepared_datasets/fov_120deg/raw_images/moving/frame_0123.png,12,0.17,929.46709573,929.46709573,640.0,360.0,True,-2.2738060042500736,0.7910381758862273,-0.6127049986105396,-0.7655383693083437,0.33134270165365787,1.7093868616355523,1.9020621502870683,222.25,539.75,7400.0,149.0,550.0,232.0,486.0,287.0,528.0,221.0,595.0
moving,moving_frame_000123,moving_calib_camera,123,results/bus_real_data/ablation/moving_cam/fov/00_prepared_datasets/fov_120deg/raw_images/moving/frame_0123.png,11,0.17,929.46709573,929.46709573,640.0,360.0,True,2.3723194255121425,0.024959929665937856,-0.001747696561142087,0.013408979276657745,0.31475246879065516,2.0768955299587026,2.100653222142459,646.0,501.75,4751.5,612.0,470.0,681.0,471.0,687.0,534.0,604.0,532.0
moving,moving_frame_000123,moving_calib_camera,123,results/bus_real_data/ablation/moving_cam/fov/00_prepared_datasets/fov_120deg/raw_images/moving/frame_0123.png,10,0.17,929.46709573,929.46709573,640.0,360.0,True,-2.9921636449866136,0.007474895353756004,0.13112950972091794,-0.9573889094177038,-0.07442119918848639,4.476692622798591,4.578526933172284,441.25,344.5,1207.5,423.0,327.0,458.0,327.0,459.0,362.0,425.0,362.0
moving,moving_frame_000124,moving_calib_camera,124,results/bus_real_data/ablation/moving_cam/fov/00_prepared_datasets/fov_120deg/raw_images/moving/frame_0124.png,13,0.17,929.46709573,929.46709573,640.0,360.0,True,2.156122050072429,-0.21703327001330266,0.550151943203594,0.5479593931923367,0.4242104235472901,1.909956426483659,2.0317843219938756,906.75,567.5,4165.0,855.0,538.0,913.0,534.0,963.0,596.0,896.0,602.0
moving,moving_frame_000124,moving_calib_camera,124,results/bus_real_data/ablation/moving_cam/fov/00_prepared_datasets/fov_120deg/raw_images/moving/frame_0124.png,12,0.17,929.46709573,929.46709573,640.0,360.0,True,-2.2029200501578097,0.8017734724855657,-0.6145233425288289,-0.7611161604644785,0.3456244356702096,1.4638080143587995,1.685671368669941,154.5,579.0,9925.0,65.0,598.0,163.0,519.0,232.0,560.0,158.0,639.0
moving,moving_frame_000124,moving_calib_camera,124,results/bus_real_data/ablation/moving_cam/fov/00_prepared_datasets/fov_120deg/raw_images/moving/frame_0124.png,11,0.17,929.46709573,929.46709573,640.0,360.0,True,2.370799354696311,-0.07030929702005931,-0.030780302821194108,-0.04527294954155308,0.31164277920485517,2.1007628381962102,2.1242352421840938,620.0,498.75,4621.5,585.0,470.0,653.0,466.0,662.0,527.0,580.0,532.0
moving,moving_frame_000124,moving_calib_camera,124,results/bus_real_data/ablation/moving_cam/fov/00_prepared_datasets/fov_120deg/raw_images/moving/frame_0124.png,10,0.17,929.46709573,929.46709573,640.0,360.0,True,-2.855470543378928,0.024865860708858403,-0.10345734515503942,-1.1011431725145902,-0.029060376629242757,4.221124645866367,4.362482557879836,397.5,353.5,1371.0,377.0,336.0,415.0,335.0,418.0,371.0,380.0,372.0
moving,moving_frame_000124,moving_calib_camera,124,results/bus_real_data/ablation/moving_cam/fov/00_prepared_datasets/fov_120deg/raw_images/moving/frame_0124.png,9,0.17,929.46709573,929.46709573,640.0,360.0,True,-2.9469884267962096,0.04556734807632976,-0.2512541179681646,0.36468962133870153,-0.08353996250324985,4.51638090293996,4.53185104628208,715.0,342.75,1173.0,698.0,326.0,732.0,325.0,732.0,359.0,698.0,361.0
moving,moving_frame_000125,moving_calib_camera,125,results/bus_real_data/ablation/moving_cam/fov/00_prepared_datasets/fov_120deg/raw_images/moving/frame_0125.png,13,0.17,929.46709573,929.46709573,640.0,360.0,True,2.1809340590706316,-0.33160410291149717,0.5835520732797008,0.5211910118227249,0.41553937083822196,2.143633974348719,2.2448785391427095,866.0,541.0,3400.0,819.0,518.0,870.0,509.0,916.0,563.0,859.0,574.0
moving,moving_frame_000125,moving_calib_camera,125,results/bus_real_data/ablation/moving_cam/fov/00_prepared_datasets/fov_120deg/raw_images/moving/frame_0125.png,11,0.17,929.46709573,929.46709573,640.0,360.0,True,2.326369111007461,-0.17308501911197297,-0.04444855081982363,-0.10433542132751666,0.3067863368801893,2.0722210532900296,2.097404069400647,593.25,498.5,4590.5,556.0,473.0,625.0,464.0,637.0,522.0,555.0,535.0
moving,moving_frame_000125,moving_calib_camera,125,results/bus_real_data/ablation/moving_cam/fov/00_prepared_datasets/fov_120deg/raw_images/moving/frame_0125.png,10,0.17,929.46709573,929.46709573,640.0,360.0,True,-2.71167075378703,0.061040953964302654,-0.18679831766467467,-1.1803863055040456,0.023054292995532036,3.777824196872064,3.95800442055325,349.5,365.5,1652.0,325.0,348.0,368.0,345.0,374.0,383.0,331.0,386.0
moving,moving_frame_000125,moving_calib_camera,125,results/bus_real_data/ablation/moving_cam/fov/00_prepared_datasets/fov_120deg/raw_images/moving/frame_0125.png,9,0.17,929.46709573,929.46709573,640.0,360.0,True,-3.0384914968268824,0.10813249485966264,-0.22399535282568447,0.20477063693317263,-0.10213975978275613,4.694294340186061,4.699868391410698,680.5,339.75,1110.5,663.0,324.0,696.0,322.0,698.0,355.0,665.0,358.0
moving,moving_frame_000126,moving_calib_camera,126,results/bus_real_data/ablation/moving_cam/fov/00_prepared_datasets/fov_120deg/raw_images/moving/frame_0126.png,13,0.17,929.46709573,929.46709573,640.0,360.0,True,2.1840953448334326,-0.43096545563284383,0.5713437152740406,0.4843105065338261,0.40710447783581666,2.378542782022468,2.461251000715735,829.25,519.75,2850.5,786.0,502.0,832.0,490.0,875.0,536.0,824.0,551.0
moving,moving_frame_000126,moving_calib_camera,126,results/bus_real_data/ablation/moving_cam/fov/00_prepared_datasets/fov_120deg/raw_images/moving/frame_0126.png,11,0.17,929.46709573,929.46709573,640.0,360.0,True,2.2934339589288864,-0.2521219100197277,-0.07294606921231823,-0.16178972469768013,0.3021839527054339,2.023354807832502,2.05218316304109,565.75,499.75,4675.5,527.0,477.0,597.0,463.0,611.0,520.0,528.0,539.0
moving,moving_frame_000126,moving_calib_camera,126,results/bus_real_data/ablation/moving_cam/fov/00_prepared_datasets/fov_120deg/raw_images/moving/frame_0126.png,10,0.17,929.46709573,929.46709573,640.0,360.0,True,2.541058761332481,-0.3420746634148881,0.5860893486633783,-1.2312127269401574,0.07130071866348758,3.3146260820618108,3.5366247518426066,294.5,380.25,2083.5,265.0,363.0,315.0,357.0,324.0,397.0,274.0,404.0
moving,moving_frame_000126,moving_calib_camera,126,results/bus_real_data/ablation/moving_cam/fov/00_prepared_datasets/fov_120deg/raw_images/moving/frame_0126.png,9,0.17,929.46709573,929.46709573,640.0,360.0,True,-2.9745288958106744,0.18503484863299233,-0.38981173613538905,0.03168543373440414,-0.11122812832236503,4.65389582801426,4.655332645606496,646.25,337.75,1104.5,628.0,323.0,661.0,319.0,664.0,352.0,632.0,357.0
moving,moving_frame_000127,moving_calib_camera,127,results/bus_real_data/ablation/moving_cam/fov/00_prepared_datasets/fov_120deg/raw_images/moving/frame_0127.png,13,0.17,929.46709573,929.46709573,640.0,360.0,True,2.207492039875411,-0.46707423213873606,0.533143326768669,0.4688474343471282,0.3593945145909079,2.5707720387365582,2.6377739116462653,809.5,490.5,2496.0,769.0,475.0,813.0,463.0,852.0,504.0,804.0,520.0
moving,moving_frame_000127,moving_calib_camera,127,results/bus_real_data/ablation/moving_cam/fov/00_prepared_datasets/fov_120deg/raw_images/moving/frame_0127.png,11,0.17,929.46709573,929.46709573,640.0,360.0,True,2.288252412563735,-0.3045824757643239,-0.0788528635098248,-0.18899728243935168,0.26564607442129884,2.0347733188582597,2.0607256655756885,553.75,482.25,4526.5,514.0,462.0,584.0,445.0,599.0,500.0,518.0,522.0
moving,moving_frame_000127,moving_calib_camera,127,results/bus_real_data/ablation/moving_cam/fov/00_prepared_datasets/fov_120deg/raw_images/moving/frame_0127.png,10,0.17,929.46709573,929.46709573,640.0,360.0,True,-2.5519944626011477,0.118236450770139,-0.28720529163727954,-1.2478714270646152,0.04004451749232019,3.088631339057657,3.3314306552102457,264.25,371.75,2367.5,231.0,354.0,285.0,347.0,297.0,389.0,244.0,397.0
moving,moving_frame_000127,moving_calib_camera,127,results/bus_real_data/ablation/moving_cam/fov/00_prepared_datasets/fov_120deg/raw_images/moving/frame_0127.png,9,0.17,929.46709573,929.46709573,640.0,360.0,True,3.040080597927827,-0.2010455481957018,-0.39529040047990194,-0.056213481467512816,-0.2081741758747102,4.717668090046129,4.722593424257408,629.0,319.0,1076.0,611.0,305.0,643.0,300.0,647.0,333.0,615.0,338.0
moving,moving_frame_000128,moving_calib_camera,128,results/bus_real_data/ablation/moving_cam/fov/00_prepared_datasets/fov_120deg/raw_images/moving/frame_0128.png,13,0.17,929.46709573,929.46709573,640.0,360.0,True,2.228061008761108,-0.5347338922749355,0.5259667017996673,0.44399111660719504,0.30258024635513187,2.7235492354001067,2.776040949762619,791.5,463.75,2256.5,753.0,451.0,794.0,437.0,832.0,475.0,787.0,492.0
moving,moving_frame_000128,moving_calib_camera,128,results/bus_real_data/ablation/moving_cam/fov/00_prepared_datasets/fov_120deg/raw_images/moving/frame_0128.png,11,0.17,929.46709573,929.46709573,640.0,360.0,True,2.288862848310859,-0.35521783801585766,-0.05972333326631786,-0.21575452309822357,0.22896911725771332,2.0343753734581336,2.058557755086808,541.5,465.5,4464.0,501.0,447.0,570.0,428.0,588.0,481.0,507.0,506.0
moving,moving_frame_000128,moving_calib_camera,128,results/bus_real_data/ablation/moving_cam/fov/00_prepared_datasets/fov_120deg/raw_images/moving/frame_0128.png,10,0.17,929.46709573,929.46709573,640.0,360.0,True,-2.4643142996385308,0.14313649669980272,-0.27614375709912864,-1.2469741808260497,0.014157473673243106,2.8428142332775326,3.1043095539319094,232.0,364.25,2684.5,194.0,347.0,253.0,338.0,269.0,381.0,212.0,391.0
moving,moving_frame_000128,moving_calib_camera,128,results/bus_real_data/ablation/moving_cam/fov/00_prepared_datasets/fov_120deg/raw_images/moving/frame_0128.png,9,0.17,929.46709573,929.46709573,640.0,360.0,True,-3.00902436636587,0.26208381067191144,-0.5486348794755829,-0.13472474236035112,-0.28872796313288046,4.530472651855775,4.541662365490419,612.25,300.75,1151.5,593.0,286.0,626.0,281.0,631.0,315.0,599.0,321.0
moving,moving_frame_000129,moving_calib_camera,129,results/bus_real_data/ablation/moving_cam/fov/00_prepared_datasets/fov_120deg/raw_images/moving/frame_0129.png,13,0.17,929.46709573,929.46709573,640.0,360.0,True,2.2421623314675494,-0.5658374196166944,0.5073019631988853,0.4188499338368539,0.24141200688957426,2.8832549627321504,2.9235037547889626,775.0,438.25,2023.5,738.0,427.0,778.0,413.0,813.0,448.0,771.0,465.0
moving,moving_frame_000129,moving_calib_camera,129,results/bus_real_data/ablation/moving_cam/fov/00_prepared_datasets/fov_120deg/raw_images/moving/frame_0129.png,11,0.17,929.46709573,929.46709573,640.0,360.0,True,2.2818710527992834,-0.40812507616988,-0.028309615144586357,-0.24044711435869942,0.19326447274494662,2.0214693410567954,2.0448726777140434,529.5,449.75,4455.0,487.0,433.0,557.0,412.0,577.0,463.0,497.0,491.0
moving,moving_frame_000129,moving_calib_camera,129,results/bus_real_data/ablation/moving_cam/fov/00_prepared_datasets/fov_120deg/raw_images/moving/frame_0129.png,10,0.17,929.46709573,929.46709573,640.0,360.0,True,-2.4009643440404598,0.18629139979626533,-0.23726735189767278,-1.237949021539855,-0.004292685014669411,2.603997989383046,2.8832866204709973,197.75,358.0,3094.5,154.0,341.0,218.0,330.0,240.0,374.0,179.0,387.0
moving,moving_frame_000129,moving_calib_camera,129,results/bus_real_data/ablation/moving_cam/fov/00_prepared_datasets/fov_120deg/raw_images/moving/frame_0129.png,9,0.17,929.46709573,929.46709573,640.0,360.0,True,-2.9745468280921266,0.30750302526632284,-0.5614807617880971,-0.21925086570034574,-0.3775787234007587,4.515067184424081,4.536129221521196,594.75,282.25,1163.5,575.0,268.0,608.0,262.0,614.0,296.0,582.0,303.0
moving,moving_frame_000130,moving_calib_camera,130,results/bus_real_data/ablation/moving_cam/fov/00_prepared_datasets/fov_120deg/raw_images/moving/frame_0130.png,11,0.17,929.46709573,929.46709573,640.0,360.0,True,2.2782837248574235,-0.45923163397238065,-0.01263370553520961,-0.2652583065090549,0.1607616873749007,2.015898988257429,2.0396212933181994,517.75,435.0,4421.0,474.0,420.0,544.0,397.0,566.0,446.0,487.0,477.0
moving,moving_frame_000130,moving_calib_camera,130,results/bus_real_data/ablation/moving_cam/fov/00_prepared_datasets/fov_120deg/raw_images/moving/frame_0130.png,13,0.17,929.46709573,929.46709573,640.0,360.0,True,2.2684093463783968,-0.6406597368750095,0.49391228017556243,0.3853209566330709,0.17290208201384902,2.9838625346381042,3.0136029923004592,760.0,414.25,1940.5,724.0,405.0,762.0,389.0,797.0,422.0,757.0,441.0
moving,moving_frame_000130,moving_calib_camera,130,results/bus_real_data/ablation/moving_cam/fov/00_prepared_datasets/fov_120deg/raw_images/moving/frame_0130.png,10,0.17,929.46709573,929.46709573,640.0,360.0,True,-2.3374582448270145,0.21003428122266823,-0.22894823813879073,-1.2268972092113675,-0.015819746483541106,2.3782604423880507,2.6761258860855652,160.0,353.25,3597.0,110.0,337.0,180.0,323.0,208.0,369.0,142.0,384.0
moving,moving_frame_000130,moving_calib_camera,130,results/bus_real_data/ablation/moving_cam/fov/00_prepared_datasets/fov_120deg/raw_images/moving/frame_0130.png,9,0.17,929.46709573,929.46709573,640.0,360.0,True,-3.000317113010698,0.3384099064172136,-0.5083827443018307,-0.30183750408870313,-0.4588370781781691,4.443235025744207,4.477049791680421,576.75,264.0,1225.0,556.0,250.0,590.0,243.0,597.0,278.0,564.0,285.0
moving,moving_frame_000130,moving_calib_camera,130,results/bus_real_data/ablation/moving_cam/fov/00_prepared_datasets/fov_120deg/raw_images/moving/frame_0130.png,0,0.17,929.46709573,929.46709573,640.0,360.0,True,2.7237637779330943,-0.4225823088250985,0.9693170669272557,-2.4899284783394737,-3.023924731133186,12.4775665999608,13.077978928843025,454.5,134.75,128.5,447.0,129.0,458.0,129.0,462.0,140.0,451.0,141.0
moving,moving_frame_000131,moving_calib_camera,131,results/bus_real_data/ablation/moving_cam/fov/00_prepared_datasets/fov_120deg/raw_images/moving/frame_0131.png,11,0.17,929.46709573,929.46709573,640.0,360.0,True,2.269775379429716,-0.5096621138599373,-0.00815596078098717,-0.2867391770382635,0.12808658755132143,1.9806676109710737,2.005410111351038,505.5,421.0,4500.0,460.0,408.0,531.0,382.0,555.0,430.0,476.0,464.0
moving,moving_frame_000131,moving_calib_camera,131,results/bus_real_data/ablation/moving_cam/fov/00_prepared_datasets/fov_120deg/raw_images/moving/frame_0131.png,13,0.17,929.46709573,929.46709573,640.0,360.0,True,2.267055783299265,-0.6753778722412065,0.45611401632401744,0.34904764312698994,0.10184039212025645,3.0893015472113157,3.110625302449966,745.0,391.0,1810.0,710.0,383.0,747.0,367.0,781.0,397.0,742.0,417.0
moving,moving_frame_000131,moving_calib_camera,131,results/bus_real_data/ablation/moving_cam/fov/00_prepared_datasets/fov_120deg/raw_images/moving/frame_0131.png,10,0.17,929.46709573,929.46709573,640.0,360.0,True,-2.289017149903944,0.2394105744547482,-0.2176648078808032,-1.2067828963667866,-0.018759872322273934,2.1619287951481114,2.476007473143715,120.5,351.25,4254.0,63.0,335.0,140.0,319.0,175.0,366.0,104.0,385.0
moving,moving_frame_000131,moving_calib_camera,131,results/bus_real_data/ablation/moving_cam/fov/00_prepared_datasets/fov_120deg/raw_images/moving/frame_0131.png,9,0.17,929.46709573,929.46709573,640.0,360.0,True,3.0165587039296344,-0.41606507876180426,0.6988152413953845,-0.3717342352655898,-0.5158349147964776,4.195883147714184,4.2437845598314095,557.5,245.75,1316.0,535.0,231.0,570.0,224.0,579.0,260.0,546.0,268.0
moving,moving_frame_000131,moving_calib_camera,131,results/bus_real_data/ablation/moving_cam/fov/00_prepared_datasets/fov_120deg/raw_images/moving/frame_0131.png,0,0.17,929.46709573,929.46709573,640.0,360.0,True,-2.39601071691435,0.13509885185802223,0.3747408384938061,-2.8363089774753374,-3.2494754645881696,12.106672235197925,12.852052443916497,422.25,110.5,142.5,414.0,105.0,426.0,104.0,430.0,116.0,419.0,117.0
moving,moving_frame_000132,moving_calib_camera,132,results/bus_real_data/ablation/moving_cam/fov/00_prepared_datasets/fov_120deg/raw_images/moving/frame_0132.png,11,0.17,929.46709573,929.46709573,640.0,360.0,True,2.2921726988458286,-0.5705318934779585,0.007908458599119683,-0.3104738876659701,0.09856759694334091,1.9655915474009673,1.9924004962114759,493.25,407.5,4649.5,446.0,396.0,517.0,367.0,544.0,415.0,466.0,452.0
moving,moving_frame_000132,moving_calib_camera,132,results/bus_real_data/ablation/moving_cam/fov/00_prepared_datasets/fov_120deg/raw_images/moving/frame_0132.png,13,0.17,929.46709573,929.46709573,640.0,360.0,True,2.2764672946847933,-0.7497018655067704,0.42633890139090447,0.31176361474895664,0.029428950724081773,3.157998236372818,3.1734863282446777,731.75,369.0,1765.0,697.0,363.0,733.0,345.0,767.0,373.0,730.0,395.0
moving,moving_frame_000132,moving_calib_camera,132,results/bus_real_data/ablation/moving_cam/fov/00_prepared_datasets/fov_120deg/raw_images/moving/frame_0132.png,10,0.17,929.46709573,929.46709573,640.0,360.0,True,-2.2346171714476175,0.2814162842919589,-0.2017156876833812,-1.1921023925968748,-0.016847256389315387,1.972085495843669,2.304455065172678,77.25,351.25,4978.0,11.0,337.0,95.0,316.0,139.0,365.0,64.0,387.0
moving,moving_frame_000132,moving_calib_camera,132,results/bus_real_data/ablation/moving_cam/fov/00_prepared_datasets/fov_120deg/raw_images/moving/frame_0132.png,9,0.17,929.46709573,929.46709573,640.0,360.0,True,-3.0069574802806773,0.48986200234764476,-0.6955238660108753,-0.444377683183534,-0.5793302492752792,4.055993942175716,4.121186955478121,538.0,227.25,1426.5,514.0,213.0,550.0,204.0,561.0,241.0,527.0,251.0
moving,moving_frame_000132,moving_calib_camera,132,results/bus_real_data/ablation/moving_cam/fov/00_prepared_datasets/fov_120deg/raw_images/moving/frame_0132.png,0,0.17,929.46709573,929.46709573,640.0,360.0,True,2.7939255221630286,-0.5575570450064454,1.0650472442065622,-2.9942050497645174,-3.242442462521393,10.968962171646734,11.823570870334146,386.25,85.25,177.0,377.0,79.0,390.0,78.0,395.0,91.0,383.0,93.0
moving,moving_frame_000133,moving_calib_camera,133,results/bus_real_data/ablation/moving_cam/fov/00_prepared_datasets/fov_120deg/raw_images/moving/frame_0133.png,11,0.17,929.46709573,929.46709573,640.0,360.0,True,2.298688142159421,-0.47356437252122663,-0.008499368522946159,-0.2682768894101165,0.11441733530718708,2.038731965994539,2.0594882483710175,517.75,413.0,4321.5,474.0,399.0,543.0,375.0,566.0,424.0,488.0,454.0
moving,moving_frame_000133,moving_calib_camera,133,results/bus_real_data/ablation/moving_cam/fov/00_prepared_datasets/fov_120deg/raw_images/moving/frame_0133.png,13,0.17,929.46709573,929.46709573,640.0,360.0,True,2.2864967369424547,-0.6485066857310221,0.45635472593007964,0.384073442449416,0.10255271225257145,3.037654357144712,3.0635556893037794,757.5,391.75,1884.0,722.0,383.0,760.0,367.0,794.0,399.0,754.0,418.0
moving,moving_frame_000133,moving_calib_camera,133,results/bus_real_data/ablation/moving_cam/fov/00_prepared_datasets/fov_120deg/raw_images/moving/frame_0133.png,10,0.17,929.46709573,929.46709573,640.0,360.0,True,-2.3037052344640987,0.2594853926401574,-0.11604041161516325,-1.2133875868671897,-0.06509421830291359,2.3373366301375413,2.634328987769479,157.0,333.5,3576.0,104.0,318.0,174.0,303.0,206.0,349.0,144.0,364.0
moving,moving_frame_000133,moving_calib_camera,133,results/bus_real_data/ablation/moving_cam/fov/00_prepared_datasets/fov_120deg/raw_images/moving/frame_0133.png,9,0.17,929.46709573,929.46709573,640.0,360.0,True,-3.006111091177514,0.388104783550226,-0.6350233568607092,-0.3004003680821339,-0.543917591407308,4.239626629382705,4.284917815309551,574.0,240.75,1308.5,552.0,226.0,587.0,219.0,595.0,255.0,562.0,263.0
moving,moving_frame_000133,moving_calib_camera,133,results/bus_real_data/ablation/moving_cam/fov/00_prepared_datasets/fov_120deg/raw_images/moving/frame_0133.png,0,0.17,929.46709573,929.46709573,640.0,360.0,True,2.7896756842708244,-0.43752796038634983,1.098734760341146,-2.5191949950719206,-3.312980585416952,12.040246229833043,12.739297981347084,445.5,104.25,139.5,438.0,98.0,449.0,98.0,453.0,110.0,442.0,111.0
moving,moving_frame_000134,moving_calib_camera,134,results/bus_real_data/ablation/moving_cam/fov/00_prepared_datasets/fov_120deg/raw_images/moving/frame_0134.png,13,0.17,929.46709573,929.46709573,640.0,360.0,True,2.2791680009431867,-0.5386041284344057,0.4913244848987494,0.4473713617061004,0.17529942798196443,2.8671421819566354,2.907124922716709,785.0,417.25,2053.5,748.0,405.0,789.0,392.0,823.0,428.0,780.0,444.0
moving,moving_frame_000134,moving_calib_camera,134,results/bus_real_data/ablation/moving_cam/fov/00_prepared_datasets/fov_120deg/raw_images/moving/frame_0134.png,11,0.17,929.46709573,929.46709573,640.0,360.0,True,2.3164126195571364,-0.3721075068056148,-0.00854761259128338,-0.2208850408243242,0.1344903138655169,2.0940581289774394,2.109966182980216,542.0,420.5,4163.0,501.0,403.0,569.0,385.0,588.0,435.0,510.0,459.0
moving,moving_frame_000134,moving_calib_camera,134,results/bus_real_data/ablation/moving_cam/fov/00_prepared_datasets/fov_120deg/raw_images/moving/frame_0134.png,10,0.17,929.46709573,929.46709573,640.0,360.0,True,-2.4028243190511716,0.19103557411879626,-0.14065962413354272,-1.2233910967224775,-0.10916479548362532,2.738571092976146,3.0013954020417524,224.5,322.5,2782.0,183.0,305.0,243.0,296.0,264.0,339.0,208.0,350.0
moving,moving_frame_000134,moving_calib_camera,134,results/bus_real_data/ablation/moving_cam/fov/00_prepared_datasets/fov_120deg/raw_images/moving/frame_0134.png,9,0.17,929.46709573,929.46709573,640.0,360.0,True,-2.9623622045637146,0.26176238542247404,-0.5129298859787468,-0.1482552493360876,-0.49856682370607586,4.4253311016546455,4.455794413561738,608.75,255.25,1219.5,589.0,240.0,623.0,235.0,628.0,270.0,595.0,276.0
moving,moving_frame_000134,moving_calib_camera,134,results/bus_real_data/ablation/moving_cam/fov/00_prepared_datasets/fov_120deg/raw_images/moving/frame_0134.png,0,0.17,929.46709573,929.46709573,640.0,360.0,True,2.8656557292121123,-0.373339596324665,1.0251198167774183,-2.0427581757215902,-3.3871691920276072,13.325944058760582,13.90059571231085,497.5,123.75,116.5,491.0,118.0,501.0,118.0,504.0,129.0,494.0,130.0
moving,moving_frame_000135,moving_calib_camera,135,results/bus_real_data/ablation/moving_cam/fov/00_prepared_datasets/fov_120deg/raw_images/moving/frame_0135.png,13,0.17,929.46709573,929.46709573,640.0,360.0,True,2.2506359173271013,-0.44296955208635264,0.4669188332370257,0.4955093947314533,0.240615144306346,2.6392171523015224,2.69608834887495,814.5,445.25,2375.5,775.0,430.0,820.0,419.0,856.0,459.0,807.0,473.0
moving,moving_frame_000135,moving_calib_camera,135,results/bus_real_data/ablation/moving_cam/fov/00_prepared_datasets/fov_120deg/raw_images/moving/frame_0135.png,11,0.17,929.46709573,929.46709573,640.0,360.0,True,2.330225813396119,-0.27712852589945364,-0.012016326311849089,-0.1703817037007277,0.16098558423661155,2.153659892863873,2.1663788259255106,566.5,430.25,4007.0,528.0,410.0,595.0,397.0,610.0,448.0,533.0,466.0
moving,moving_frame_000135,moving_calib_camera,135,results/bus_real_data/ablation/moving_cam/fov/00_prepared_datasets/fov_120deg/raw_images/moving/frame_0135.png,10,0.17,929.46709573,929.46709573,640.0,360.0,True,-2.5077909994470664,0.15718720055594698,-0.07791728336349131,-1.203314451130694,-0.14235737388635666,3.1562278942344353,3.380829160212524,285.5,317.75,2179.0,252.0,300.0,303.0,294.0,318.0,335.0,269.0,342.0
moving,moving_frame_000135,moving_calib_camera,135,results/bus_real_data/ablation/moving_cam/fov/00_prepared_datasets/fov_120deg/raw_images/moving/frame_0135.png,9,0.17,929.46709573,929.46709573,640.0,360.0,True,-3.004627879562179,0.19948658163165633,-0.4830463090946664,0.010170509141970801,-0.42863049520796553,4.502951393114474,4.523317232897778,642.0,271.5,1171.0,623.0,256.0,657.0,252.0,660.0,287.0,628.0,291.0
moving,moving_frame_000136,moving_calib_camera,136,results/bus_real_data/ablation/moving_cam/fov/00_prepared_datasets/fov_120deg/raw_images/moving/frame_0136.png,12,0.17,929.46709573,929.46709573,640.0,360.0,True,-2.10565354792085,0.9255751771734962,-0.43376870696352265,-0.7739276300028266,0.3007211228578057,1.3637234034661523,1.596602233299189,110.0,564.25,11203.0,11.0,593.0,104.0,506.0,195.0,538.0,130.0,620.0
moving,moving_frame_000136,moving_calib_camera,136,results/bus_real_data/ablation/moving_cam/fov/00_prepared_datasets/fov_120deg/raw_images/moving/frame_0136.png,13,0.17,929.46709573,929.46709573,640.0,360.0,True,2.233940950131164,-0.34523160444870565,0.5103281248326272,0.54145468572727,0.3061157416799728,2.4340945382610397,2.5123089470032385,846.75,477.5,2693.0,805.0,458.0,853.0,450.0,891.0,496.0,838.0,506.0
moving,moving_frame_000136,moving_calib_camera,136,results/bus_real_data/ablation/moving_cam/fov/00_prepared_datasets/fov_120deg/raw_images/moving/frame_0136.png,11,0.17,929.46709573,929.46709573,640.0,360.0,True,2.3373908571714708,-0.18170350811962863,-0.029034409322166405,-0.11592068665842051,0.18951080186557762,2.1751042826940403,2.186419582379615,590.5,441.75,3987.0,554.0,419.0,621.0,410.0,632.0,463.0,555.0,475.0
moving,moving_frame_000136,moving_calib_camera,136,results/bus_real_data/ablation/moving_cam/fov/00_prepared_datasets/fov_120deg/raw_images/moving/frame_0136.png,10,0.17,929.46709573,929.46709573,640.0,360.0,True,-2.608988495945939,0.10469263950989705,-0.01777731608737401,-1.1405209882683331,-0.16150616227281156,3.531351036694703,3.714473382526441,339.75,317.25,1794.5,312.0,299.0,357.0,296.0,367.0,335.0,323.0,339.0
moving,moving_frame_000136,moving_calib_camera,136,results/bus_real_data/ablation/moving_cam/fov/00_prepared_datasets/fov_120deg/raw_images/moving/frame_0136.png,9,0.17,929.46709573,929.46709573,640.0,360.0,True,-2.9424462660350272,0.10389686569234033,-0.31916332103781003,0.17080444300590547,-0.3517209742176414,4.559764037070185,4.576497555469002,674.75,288.25,1159.5,657.0,272.0,691.0,270.0,692.0,304.0,659.0,307.0
moving,moving_frame_000137,moving_calib_camera,137,results/bus_real_data/ablation/moving_cam/fov/00_prepared_datasets/fov_120deg/raw_images/moving/frame_0137.png,13,0.17,929.46709573,929.46709573,640.0,360.0,True,2.2126237396883073,-0.24646476456156757,0.5126256977734354,0.5660528841967943,0.35708709047194875,2.1698000375276107,2.2706737459934776,882.5,513.75,3315.5,837.0,489.0,890.0,484.0,932.0,538.0,871.0,544.0
moving,moving_frame_000137,moving_calib_camera,137,results/bus_real_data/ablation/moving_cam/fov/00_prepared_datasets/fov_120deg/raw_images/moving/frame_0137.png,12,0.17,929.46709573,929.46709573,640.0,360.0,True,-2.194153930607575,0.9009507731957938,-0.4486255300198058,-0.7930121917139437,0.30073759986657267,1.5782364443310564,1.7916868349115016,171.25,536.5,8622.0,88.0,555.0,171.0,482.0,244.0,519.0,182.0,590.0
moving,moving_frame_000137,moving_calib_camera,137,results/bus_real_data/ablation/moving_cam/fov/00_prepared_datasets/fov_120deg/raw_images/moving/frame_0137.png,11,0.17,929.46709573,929.46709573,640.0,360.0,True,2.3253784012284626,-0.08406925535200378,-0.016703469670968692,-0.059112872232183415,0.22160618047376265,2.1746492825067834,2.1867105736230794,614.75,455.5,4000.0,580.0,430.0,647.0,426.0,655.0,480.0,577.0,486.0
moving,moving_frame_000137,moving_calib_camera,137,results/bus_real_data/ablation/moving_cam/fov/00_prepared_datasets/fov_120deg/raw_images/moving/frame_0137.png,10,0.17,929.46709573,929.46709573,640.0,360.0,True,2.7217463090837035,-0.21310017537105633,0.7455644415509518,-1.088314664279435,-0.17477298916798753,4.025229984627476,4.173421957503516,388.5,319.75,1432.5,366.0,302.0,405.0,301.0,411.0,337.0,372.0,339.0
moving,moving_frame_000137,moving_calib_camera,137,results/bus_real_data/ablation/moving_cam/fov/00_prepared_datasets/fov_120deg/raw_images/moving/frame_0137.png,9,0.17,929.46709573,929.46709573,640.0,360.0,True,-2.916951907692126,0.05022272251106768,-0.2409712161149778,0.32900745737377574,-0.2614633914828748,4.527000503392796,4.54646484312943,707.5,306.25,1173.0,690.0,290.0,725.0,288.0,724.0,323.0,691.0,324.0
moving,moving_frame_000138,moving_calib_camera,138,results/bus_real_data/ablation/moving_cam/fov/00_prepared_datasets/fov_120deg/raw_images/moving/frame_0138.png,13,0.17,929.46709573,929.46709573,640.0,360.0,True,2.168837624428544,-0.13498081616033622,0.507329612573571,0.5769922031616541,0.3974993810226597,1.8857340443119697,2.0116954655961012,924.5,557.0,4224.0,873.0,525.0,934.0,525.0,981.0,589.0,910.0,589.0
moving,moving_frame_000138,moving_calib_camera,138,results/bus_real_data/ablation/moving_cam/fov/00_prepared_datasets/fov_120deg/raw_images/moving/frame_0138.png,12,0.17,929.46709573,929.46709573,640.0,360.0,True,-2.27115735019488,0.8486853739916029,-0.518385916827774,-0.790128055807337,0.3009526913882301,1.7848744020210268,1.975006708347498,227.25,516.25,6868.0,156.0,527.0,233.0,465.0,290.0,505.0,230.0,568.0
moving,moving_frame_000138,moving_calib_camera,138,results/bus_real_data/ablation/moving_cam/fov/00_prepared_datasets/fov_120deg/raw_images/moving/frame_0138.png,11,0.17,929.46709573,929.46709573,640.0,360.0,True,2.341385473284277,-0.00021713339354388395,0.0007461115137388418,-0.0011618451978173338,0.25767317670831824,2.163559484460383,2.17884980177104,639.5,471.5,4161.0,606.0,443.0,673.0,443.0,679.0,500.0,600.0,500.0
moving,moving_frame_000138,moving_calib_camera,138,results/bus_real_data/ablation/moving_cam/fov/00_prepared_datasets/fov_120deg/raw_images/moving/frame_0138.png,9,0.17,929.46709573,929.46709573,640.0,360.0,True,-2.9427313759042635,-0.012432254808541073,-0.2101708947231491,0.4840156793866876,-0.16536765756508437,4.463335439009172,4.492547259759871,740.75,325.5,1207.5,724.0,308.0,759.0,308.0,757.0,343.0,723.0,343.0
moving,moving_frame_000138,moving_calib_camera,138,results/bus_real_data/ablation/moving_cam/fov/00_prepared_datasets/fov_120deg/raw_images/moving/frame_0138.png,10,0.17,929.46709573,929.46709573,640.0,360.0,True,-2.8189164969701648,0.01652526339308322,0.13359150004832698,-0.9673885257011698,-0.16051870020734277,4.338048525027927,4.447501750226919,432.75,325.5,1242.5,413.0,308.0,449.0,308.0,452.0,343.0,417.0,343.0
moving,moving_frame_000139,moving_calib_camera,139,results/bus_real_data/ablation/moving_cam/fov/00_prepared_datasets/fov_120deg/raw_images/moving/frame_0139.png,13,0.17,929.46709573,929.46709573,640.0,360.0,True,2.1569829692781965,-0.1220810571969394,0.5819147494118369,0.5363013520699396,0.4229404035527691,1.5265463580628988,1.6723760069148697,966.75,619.25,6408.0,904.0,577.0,973.0,577.0,1036.0,661.0,954.0,662.0
moving,moving_frame_000139,moving_calib_camera,139,results/bus_real_data/ablation/moving_cam/fov/00_prepared_datasets/fov_120deg/raw_images/moving/frame_0139.png,12,0.17,929.46709573,929.46709573,640.0,360.0,True,-2.1615634823934635,0.7888496522246966,-0.6219368748758377,-0.7102761409839556,0.32557193084602487,1.3818812825130995,1.5874776085242643,159.75,578.5,10718.0,66.0,601.0,169.0,516.0,241.0,557.0,163.0,640.0
moving,moving_frame_000139,moving_calib_camera,139,results/bus_real_data/ablation/moving_cam/fov/00_prepared_datasets/fov_120deg/raw_images/moving/frame_0139.png,11,0.17,929.46709573,929.46709573,640.0,360.0,True,2.5239818504340694,-0.00012853803093823733,0.0009548315743149293,-0.0009962581508356474,0.3336124157079079,1.8571514644401543,1.8868783210151572,639.5,528.0,6630.0,601.0,489.0,678.0,489.0,686.0,567.0,593.0,567.0
moving,moving_frame_000139,moving_calib_camera,139,results/bus_real_data/ablation/moving_cam/fov/00_prepared_datasets/fov_120deg/raw_images/moving/frame_0139.png,9,0.17,929.46709573,929.46709573,640.0,360.0,True,-2.9652122103547036,-0.01250537868499928,-0.1954273339521779,0.47921843182887347,-0.08820759623491808,4.112884010682449,4.141647712054396,748.25,340.0,1425.0,730.0,321.0,768.0,321.0,766.0,359.0,729.0,359.0
moving,moving_frame_000139,moving_calib_camera,139,results/bus_real_data/ablation/moving_cam/fov/00_prepared_datasets/fov_120deg/raw_images/moving/frame_0139.png,10,0.17,929.46709573,929.46709573,640.0,360.0,True,-2.8517580809154537,0.01412600665015638,0.11462769842978421,-0.9616805260135075,-0.08584598647243305,4.012397617615449,4.126927865780207,417.25,340.0,1463.0,396.0,321.0,435.0,321.0,438.0,359.0,400.0,359.0
moving,moving_frame_000140,moving_calib_camera,140,results/bus_real_data/ablation/moving_cam/fov/00_prepared_datasets/fov_120deg/raw_images/moving/frame_0140.png,11,0.17,929.46709573,929.46709573,640.0,360.0,True,2.853263849667888,0.058277435904260294,0.4568678669288622,0.000641994766594946,0.38619551755450093,1.4522372552786036,1.5027110286264624,639.5,608.0,11536.0,594.0,552.0,685.0,552.0,697.0,664.0,582.0,664.0
moving,moving_frame_000140,moving_calib_camera,140,results/bus_real_data/ablation/moving_cam/fov/00_prepared_datasets/fov_120deg/raw_images/moving/frame_0140.png,0,0.17,929.46709573,929.46709573,640.0,360.0,True,-2.9306575175899483,0.05265519331581336,-0.5818765058921024,0.4743270834175491,-2.724261931256591,16.026444909740327,16.263256921573213,667.5,202.0,90.0,663.0,197.0,672.0,197.0,672.0,207.0,663.0,207.0
moving,moving_frame_000141,moving_calib_camera,141,results/bus_real_data/ablation/moving_cam/fov/00_prepared_datasets/fov_120deg/raw_images/moving/frame_0141.png,9,0.17,929.46709573,929.46709573,640.0,360.0,True,-2.8612808935802136,-0.013927015292807494,-0.08766828576262571,0.4812383687642129,0.06292865744231185,3.514407507311454,3.547761337934873,767.25,376.5,1913.5,746.0,355.0,791.0,355.0,788.0,398.0,744.0,398.0
moving,moving_frame_000141,moving_calib_camera,141,results/bus_real_data/ablation/moving_cam/fov/00_prepared_datasets/fov_120deg/raw_images/moving/frame_0141.png,10,0.17,929.46709573,929.46709573,640.0,360.0,True,-2.8100985673239745,0.013636961889963849,0.073662249952888,-0.9737835238619048,0.06196125530386522,3.454458539245178,3.589620780509784,378.0,376.5,1935.0,353.0,355.0,398.0,355.0,403.0,398.0,358.0,398.0
moving,moving_frame_000142,moving_calib_camera,142,results/bus_real_data/ablation/moving_cam/fov/00_prepared_datasets/fov_120deg/raw_images/moving/frame_0142.png,9,0.17,929.46709573,929.46709573,640.0,360.0,True,-2.8592552723558535,-0.015599659629615611,-0.08426163102541086,0.4806201065449349,0.1361719408347141,3.1902321678247705,3.2291051034164084,780.0,399.5,2303.0,757.0,376.0,806.0,376.0,803.0,423.0,754.0,423.0
moving,moving_frame_000142,moving_calib_camera,142,results/bus_real_data/ablation/moving_cam/fov/00_prepared_datasets/fov_120deg/raw_images/moving/frame_0142.png,10,0.17,929.46709573,929.46709573,640.0,360.0,True,-2.825253796174472,0.011195681640550254,0.0550468780347305,-0.9738807647762902,0.13458468892548237,3.151192905901453,3.3009958365163174,352.75,399.5,2326.5,325.0,376.0,375.0,376.0,380.0,423.0,331.0,423.0
moving,moving_frame_000143,moving_calib_camera,143,results/bus_real_data/ablation/moving_cam/fov/00_prepared_datasets/fov_120deg/raw_images/moving/frame_0143.png,9,0.17,929.46709573,929.46709573,640.0,360.0,True,-2.8691660401815016,-0.016888848396952906,-0.07963757478979282,0.4775695113587306,0.21044640184529026,2.8678201162172257,2.914918960315917,794.75,428.0,2834.0,769.0,402.0,824.0,402.0,820.0,454.0,766.0,454.0
moving,moving_frame_000143,moving_calib_camera,143,results/bus_real_data/ablation/moving_cam/fov/00_prepared_datasets/fov_120deg/raw_images/moving/frame_0143.png,10,0.17,929.46709573,929.46709573,640.0,360.0,True,-2.823782252320714,0.024120138210591228,0.10240584252385745,-0.9637916098252169,0.206976229874215,2.819013565967674,2.986397648005404,322.25,428.0,2834.0,291.0,402.0,346.0,402.0,353.0,454.0,299.0,454.0
moving,moving_frame_000144,moving_calib_camera,144,results/bus_real_data/ablation/moving_cam/fov/00_prepared_datasets/fov_120deg/raw_images/moving/frame_0144.png,9,0.17,929.46709573,929.46709573,640.0,360.0,True,-2.8609665645627986,-0.02088325067938748,-0.0814787427337285,0.48088779782345864,0.28793926685897475,2.5793556025155375,2.639552503687523,813.25,463.5,3448.5,785.0,435.0,846.0,435.0,841.0,492.0,781.0,492.0
moving,moving_frame_000144,moving_calib_camera,144,results/bus_real_data/ablation/moving_cam/fov/00_prepared_datasets/fov_120deg/raw_images/moving/frame_0144.png,10,0.17,929.46709573,929.46709573,640.0,360.0,True,-2.8193844090543876,0.013977785490969223,0.05010860594780042,-0.969172762686867,0.2827956038238766,2.5322101482807935,2.7260516195649056,284.25,463.5,3505.5,249.0,435.0,311.0,435.0,319.0,492.0,258.0,492.0
moving,moving_frame_000145,moving_calib_camera,145,results/bus_real_data/ablation/moving_cam/fov/00_prepared_datasets/fov_120deg/raw_images/moving/frame_0145.png,9,0.17,929.46709573,929.46709573,640.0,360.0,True,-2.850207771057091,-0.01748779839719108,-0.05582669292642503,0.478077957813369,0.35950653147466094,2.2525031824419695,2.330573763439197,837.25,508.0,4448.0,805.0,476.0,875.0,476.0,869.0,540.0,800.0,540.0
moving,moving_frame_000145,moving_calib_camera,145,results/bus_real_data/ablation/moving_cam/fov/00_prepared_datasets/fov_120deg/raw_images/moving/frame_0145.png,10,0.17,929.46709573,929.46709573,640.0,360.0,True,-2.8203853554417244,0.017090012375147037,0.05178670122749715,-0.9644677573240723,0.35425533499278644,2.2190004066988975,2.4453338631398474,236.0,508.0,4480.0,195.0,476.0,266.0,476.0,276.0,540.0,207.0,540.0
moving,moving_frame_000146,moving_calib_camera,146,results/bus_real_data/ablation/moving_cam/fov/00_prepared_datasets/fov_120deg/raw_images/moving/frame_0146.png,9,0.17,929.46709573,929.46709573,640.0,360.0,True,-2.8484118190925916,-0.025372900847105678,-0.042932748289479065,0.4780273248997661,0.43393857220621007,1.9465185285665185,2.0507918445936815,868.25,566.75,5840.0,831.0,530.0,913.0,531.0,904.0,603.0,825.0,603.0
moving,moving_frame_000146,moving_calib_camera,146,results/bus_real_data/ablation/moving_cam/fov/00_prepared_datasets/fov_120deg/raw_images/moving/frame_0146.png,10,0.17,929.46709573,929.46709573,640.0,360.0,True,-2.8210739764367974,0.02086770249399653,0.03035631170459483,-0.9629583713455077,0.42718983276947137,1.9157866676337534,2.1863253495418387,172.75,566.75,5916.0,124.0,531.0,207.0,530.0,220.0,603.0,140.0,603.0
moving,moving_frame_000147,moving_calib_camera,147,results/bus_real_data/ablation/moving_cam/fov/00_prepared_datasets/fov_120deg/raw_images/moving/frame_0147.png,9,0.17,929.46709573,929.46709573,640.0,360.0,True,-2.8448222068137636,-0.013173251087800014,-0.04428253409404864,0.4773682703795915,0.5084424554122824,1.638732756856283,1.7809658178709291,910.75,647.75,7969.5,867.0,606.0,964.0,606.0,953.0,689.0,859.0,690.0
moving,moving_frame_000147,moving_calib_camera,147,results/bus_real_data/ablation/moving_cam/fov/00_prepared_datasets/fov_120deg/raw_images/moving/frame_0147.png,10,0.17,929.46709573,929.46709573,640.0,360.0,True,-2.8121237870223235,0.02713414395651642,0.02305798003120842,-0.9596553074923659,0.5002267745319142,1.6104292250145504,1.9402699358434217,86.0,648.0,8072.0,26.0,607.0,125.0,606.0,144.0,689.0,49.0,690.0
moving,moving_frame_000147,moving_calib_camera,147,results/bus_real_data/ablation/moving_cam/fov/00_prepared_datasets/fov_120deg/raw_images/moving/frame_0147.png,0,0.17,929.46709573,929.46709573,640.0,360.0,True,-3.141532981154166,1.0098800383979622e-07,-6.367452504152185e-07,0.48681823883499536,-2.2795458330148812,14.364493329876163,14.552387770621518,671.5,212.5,121.0,666.0,207.0,677.0,207.0,677.0,218.0,666.0,218.0
moving,moving_frame_000148,moving_calib_camera,148,results/bus_real_data/ablation/moving_cam/fov/00_prepared_datasets/fov_120deg/raw_images/moving/frame_0148.png,0,0.17,929.46709573,929.46709573,640.0,360.0,True,-3.141615933962584,5.258438860965388e-08,-3.349010931710943e-07,0.502272709447854,-2.2486363736368555,14.364491158868516,14.548101239292727,672.5,214.5,121.0,667.0,209.0,678.0,209.0,678.0,220.0,667.0,220.0
moving,moving_frame_000149,moving_calib_camera,149,results/bus_real_data/ablation/moving_cam/fov/00_prepared_datasets/fov_120deg/raw_images/moving/frame_0149.png,0,0.17,929.46709573,929.46709573,640.0,360.0,True,-2.828800572098613,0.0029170331523732727,-0.37671083780007125,0.514646780374669,-2.220462808971406,14.383127191907846,14.562611860966909,673.25,216.5,115.5,668.0,211.0,679.0,211.0,678.0,222.0,668.0,222.0
moving,moving_frame_000150,moving_calib_camera,150,results/bus_real_data/ablation/moving_cam/fov/00_prepared_datasets/fov_120deg/raw_images/moving/frame_0150.png,0,0.17,929.46709573,929.46709573,640.0,360.0,True,-2.6418842045917694,-0.010196213363185588,-0.10350823554872951,0.49573469211523313,-2.0780534054121955,13.651626293373669,13.817776930267875,673.75,218.5,126.5,668.0,213.0,680.0,213.0,679.0,224.0,668.0,224.0
moving,moving_frame_000150,moving_calib_camera,150,results/bus_real_data/ablation/moving_cam/fov/00_prepared_datasets/fov_120deg/raw_images/moving/frame_0150.png,4,0.17,929.46709573,929.46709573,640.0,360.0,True,-2.430140721889116,-0.4963857683804678,1.868869282807902,1.0897930558182523,-0.883312571894259,4.4753059618393936,4.690016359912975,866.5,176.5,590.0,863.0,158.0,880.0,160.0,869.0,196.0,854.0,192.0
moving,moving_frame_000151,moving_calib_camera,151,results/bus_real_data/ablation/moving_cam/fov/00_prepared_datasets/fov_120deg/raw_images/moving/frame_0151.png,0,0.17,929.46709573,929.46709573,640.0,360.0,True,-2.8555110507030217,0.02378592873513405,-0.6319326305312674,0.45812720269627444,-1.8381167202324717,12.24793566588775,12.393566140815715,674.75,220.5,149.5,669.0,214.0,681.0,214.0,680.0,227.0,669.0,227.0
moving,moving_frame_000151,moving_calib_camera,151,results/bus_real_data/ablation/moving_cam/fov/00_prepared_datasets/fov_120deg/raw_images/moving/frame_0151.png,4,0.17,929.46709573,929.46709573,640.0,360.0,True,-2.4857002108944366,-0.493679600040016,1.8266994456896546,1.0956080482737136,-0.819338605095035,4.220180784057259,4.436394774517632,881.5,179.5,736.0,877.0,160.0,897.0,162.0,885.0,200.0,867.0,196.0
moving,moving_frame_000152,moving_calib_camera,152,results/bus_real_data/ablation/moving_cam/fov/00_prepared_datasets/fov_120deg/raw_images/moving/frame_0152.png,0,0.17,929.46709573,929.46709573,640.0,360.0,True,-2.857942854067407,0.02320806642520449,-0.6317748193376345,0.47116635696983145,-1.8112320980830348,12.244344107109722,12.386546010182947,675.75,222.5,149.5,670.0,216.0,682.0,216.0,681.0,229.0,670.0,229.0
moving,moving_frame_000152,moving_calib_camera,152,results/bus_real_data/ablation/moving_cam/fov/00_prepared_datasets/fov_120deg/raw_images/moving/frame_0152.png,4,0.17,929.46709573,929.46709573,640.0,360.0,True,2.4948914681421774,0.5264648023388692,-1.8311158511602335,1.0897373640712469,-0.7477065651536646,3.921895268883386,4.138581294395064,898.5,182.75,875.0,894.0,162.0,916.0,164.0,902.0,205.0,882.0,200.0
moving,moving_frame_000153,moving_calib_camera,153,results/bus_real_data/ablation/moving_cam/fov/00_prepared_datasets/fov_120deg/raw_images/moving/frame_0153.png,0,0.17,929.46709573,929.46709573,640.0,360.0,True,-2.9565908591042644,0.04066223209503625,-0.5237045100828607,0.2117220874062286,-1.831021105760675,12.288459912783374,12.425929001894414,656.0,221.5,156.0,650.0,215.0,662.0,215.0,662.0,228.0,650.0,228.0
moving,moving_frame_000153,moving_calib_camera,153,results/bus_real_data/ablation/moving_cam/fov/00_prepared_datasets/fov_120deg/raw_images/moving/frame_0153.png,4,0.17,929.46709573,929.46709573,640.0,360.0,True,-2.5512652471474886,-0.5251039818813905,1.7533929340447783,1.0004978453819144,-0.7243667767860857,3.77282188292203,3.969872557926847,886.75,181.5,1017.5,881.0,160.0,906.0,162.0,891.0,205.0,869.0,199.0
moving,moving_frame_000154,moving_calib_camera,154,results/bus_real_data/ablation/moving_cam/fov/00_prepared_datasets/fov_120deg/raw_images/moving/frame_0154.png,0,0.17,929.46709573,929.46709573,640.0,360.0,True,-2.828798894834428,-0.001624653513306343,0.3874850650723992,-0.05575240555755761,-1.825095071418311,12.161437537945362,12.297749523379773,635.75,220.5,162.5,629.0,214.0,642.0,214.0,642.0,227.0,630.0,227.0
moving,moving_frame_000154,moving_calib_camera,154,results/bus_real_data/ablation/moving_cam/fov/00_prepared_datasets/fov_120deg/raw_images/moving/frame_0154.png,4,0.17,929.46709573,929.46709573,640.0,360.0,True,-2.561161056705591,-0.5015366366308704,1.7015896304131033,0.9355849554371217,-0.7107245731317112,3.6659110632083047,3.849591218694081,877.5,179.75,1121.0,871.0,157.0,897.0,160.0,883.0,204.0,859.0,198.0
moving,moving_frame_000155,moving_calib_camera,155,results/bus_real_data/ablation/moving_cam/fov/00_prepared_datasets/fov_120deg/raw_images/moving/frame_0155.png,0,0.17,929.46709573,929.46709573,640.0,360.0,True,-3.089087467148337,0.120411561001038,-0.44113728513632083,-0.3022741657256057,-1.7673789084752571,11.712880898631232,11.849328116940162,616.0,219.75,176.0,609.0,213.0,622.0,213.0,623.0,226.0,610.0,227.0
moving,moving_frame_000155,moving_calib_camera,155,results/bus_real_data/ablation/moving_cam/fov/00_prepared_datasets/fov_120deg/raw_images/moving/frame_0155.png,4,0.17,929.46709573,929.46709573,640.0,360.0,True,-2.585821712903648,-0.49329071311157924,1.6490306505418544,0.8552482100031406,-0.6745349414930704,3.464917230765653,3.632092827016589,869.75,179.0,1305.0,862.0,155.0,891.0,158.0,876.0,205.0,850.0,198.0
moving,moving_frame_000156,moving_calib_camera,156,results/bus_real_data/ablation/moving_cam/fov/00_prepared_datasets/fov_120deg/raw_images/moving/frame_0156.png,0,0.17,929.46709573,929.46709573,640.0,360.0,True,3.0445662433958747,-0.21956024694473275,0.6573475167613174,-0.523522365938632,-1.691722824664082,11.191385821395546,11.330627448930649,596.5,219.5,184.0,589.0,213.0,602.0,212.0,604.0,226.0,591.0,227.0
moving,moving_frame_000156,moving_calib_camera,156,results/bus_real_data/ablation/moving_cam/fov/00_prepared_datasets/fov_120deg/raw_images/moving/frame_0156.png,4,0.17,929.46709573,929.46709573,640.0,360.0,True,-2.6274335643318065,-0.48502580198719647,1.6048917229496433,0.7999877812837507,-0.6494056936106799,3.317469509221811,3.4738037005152824,864.5,178.0,1480.0,856.0,153.0,887.0,156.0,872.0,205.0,843.0,198.0
moving,moving_frame_000157,moving_calib_camera,157,results/bus_real_data/ablation/moving_cam/fov/00_prepared_datasets/fov_120deg/raw_images/moving/frame_0157.png,7,0.17,929.46709573,929.46709573,640.0,360.0,True,0.7044799956704865,1.7905298549223392,-2.046922863180783,0.7229286166625516,0.44296550481763003,1.3132329879968216,1.5631458997838392,1153.75,674.5,4778.5,1246.0,664.0,1182.0,700.0,1064.0,681.0,1123.0,653.0
moving,moving_frame_000157,moving_calib_camera,157,results/bus_real_data/ablation/moving_cam/fov/00_prepared_datasets/fov_120deg/raw_images/moving/frame_0157.png,0,0.17,929.46709573,929.46709573,640.0,360.0,True,-2.7899073207615297,0.1055201232659609,0.4653254247544233,-0.7658982776010586,-1.6940523901391125,11.208201685913869,11.361346694133173,576.5,219.5,184.0,569.0,213.0,582.0,212.0,584.0,226.0,571.0,227.0
moving,moving_frame_000157,moving_calib_camera,157,results/bus_real_data/ablation/moving_cam/fov/00_prepared_datasets/fov_120deg/raw_images/moving/frame_0157.png,4,0.17,929.46709573,929.46709573,640.0,360.0,True,-2.658017301612392,-0.4935437889822981,1.5335257040273187,0.756840804533449,-0.6231369209314293,3.174560803791671,3.322490620393858,862.0,177.5,1707.0,852.0,151.0,887.0,155.0,870.0,206.0,839.0,198.0
moving,moving_frame_000158,moving_calib_camera,158,results/bus_real_data/ablation/moving_cam/fov/00_prepared_datasets/fov_120deg/raw_images/moving/frame_0158.png,3,0.17,929.46709573,929.46709573,640.0,360.0,True,-2.260408854021166,-0.523490680364081,1.3557546635667543,0.6277803219584321,0.0315816404245744,6.506589614336352,6.536881056133714,729.75,364.5,295.5,725.0,348.0,738.0,361.0,734.0,381.0,722.0,368.0
moving,moving_frame_000158,moving_calib_camera,158,results/bus_real_data/ablation/moving_cam/fov/00_prepared_datasets/fov_120deg/raw_images/moving/frame_0158.png,0,0.17,929.46709573,929.46709573,640.0,360.0,True,-2.711168391614678,0.11042699014533268,0.356534330522338,-0.917920666663758,-1.543156785063884,10.246907043578055,10.403029134502445,556.75,220.0,220.0,548.0,213.0,563.0,212.0,565.0,227.0,551.0,228.0
moving,moving_frame_000158,moving_calib_camera,158,results/bus_real_data/ablation/moving_cam/fov/00_prepared_datasets/fov_120deg/raw_images/moving/frame_0158.png,4,0.17,929.46709573,929.46709573,640.0,360.0,True,-2.7115456123409953,-0.4915542142926382,1.4579111165239003,0.7165764148878131,-0.5906709857653405,3.0131903010097196,3.153044522663376,861.5,177.75,2009.5,850.0,150.0,889.0,154.0,871.0,208.0,836.0,199.0
moving,moving_frame_000159,moving_calib_camera,159,results/bus_real_data/ablation/moving_cam/fov/00_prepared_datasets/fov_120deg/raw_images/moving/frame_0159.png,3,0.17,929.46709573,929.46709573,640.0,360.0,True,-2.2494921363327824,-0.46674742395200725,1.356360575134032,0.5396616540978126,0.06373861937724516,6.067377648825181,6.091663881565289,722.75,369.75,324.0,717.0,352.0,731.0,366.0,728.0,387.0,715.0,374.0
moving,moving_frame_000159,moving_calib_camera,159,results/bus_real_data/ablation/moving_cam/fov/00_prepared_datasets/fov_120deg/raw_images/moving/frame_0159.png,0,0.17,929.46709573,929.46709573,640.0,360.0,True,2.993620058023454,-0.27445120004036877,0.6337106680747882,-1.1052600378688928,-1.4821080730013467,9.928104481197625,10.098787188615377,536.5,221.25,237.0,527.0,214.0,543.0,213.0,545.0,228.0,531.0,230.0
moving,moving_frame_000159,moving_calib_camera,159,results/bus_real_data/ablation/moving_cam/fov/00_prepared_datasets/fov_120deg/raw_images/moving/frame_0159.png,4,0.17,929.46709573,929.46709573,640.0,360.0,True,-2.754696411243209,-0.49876168202832377,1.3822552116492202,0.68601854208405,-0.5562271658295367,2.8373892979002577,2.971664201744336,865.25,177.75,2393.0,852.0,148.0,896.0,153.0,876.0,210.0,837.0,200.0
moving,moving_frame_000160,moving_calib_camera,160,results/bus_real_data/ablation/moving_cam/fov/00_prepared_datasets/fov_120deg/raw_images/moving/frame_0160.png,3,0.17,929.46709573,929.46709573,640.0,360.0,True,-2.2407663333665915,-0.5410367936917829,1.339478158609745,0.7481701509043562,0.1680280886585705,5.836010673339104,5.88617130167059,759.25,386.75,381.5,754.0,368.0,769.0,384.0,764.0,405.0,750.0,390.0
moving,moving_frame_000160,moving_calib_camera,160,results/bus_real_data/ablation/moving_cam/fov/00_prepared_datasets/fov_120deg/raw_images/moving/frame_0160.png,0,0.17,929.46709573,929.46709573,640.0,360.0,True,2.9961400967001803,-0.18582743264561258,0.42280108902460284,-0.7112704022239222,-1.4781375568870188,10.25231267144485,10.38271213774264,575.5,226.0,227.0,567.0,219.0,582.0,218.0,584.0,233.0,569.0,234.0
moving,moving_frame_000160,moving_calib_camera,160,results/bus_real_data/ablation/moving_cam/fov/00_prepared_datasets/fov_120deg/raw_images/moving/frame_0160.png,4,0.17,929.46709573,929.46709573,640.0,360.0,True,2.698285202606904,0.5603295391801902,-1.3510235430854214,0.7940164840204124,-0.4533480500480315,2.493009105541607,2.655387171711849,936.75,191.0,3250.5,922.0,158.0,976.0,164.0,948.0,227.0,901.0,215.0
moving,moving_frame_000161,moving_calib_camera,161,results/bus_real_data/ablation/moving_cam/fov/00_prepared_datasets/fov_120deg/raw_images/moving/frame_0161.png,3,0.17,929.46709573,929.46709573,640.0,360.0,True,2.393299932327395,0.7442751142001772,0.9557062325830639,0.950022520131698,0.28615382994096306,5.603556241485143,5.6907178241970815,797.5,407.5,432.0,793.0,388.0,808.0,405.0,802.0,427.0,787.0,410.0
moving,moving_frame_000161,moving_calib_camera,161,results/bus_real_data/ablation/moving_cam/fov/00_prepared_datasets/fov_120deg/raw_images/moving/frame_0161.png,0,0.17,929.46709573,929.46709573,640.0,360.0,True,-2.976987479304426,0.06722068170091493,0.47624249710822536,-0.31410625419980126,-1.461018386837019,10.609816036183288,10.714543097456621,612.5,232.0,211.0,605.0,225.0,619.0,224.0,620.0,239.0,606.0,240.0
moving,moving_frame_000161,moving_calib_camera,161,results/bus_real_data/ablation/moving_cam/fov/00_prepared_datasets/fov_120deg/raw_images/moving/frame_0161.png,4,0.17,929.46709573,929.46709573,640.0,360.0,True,2.579885665088965,0.6420396113839987,-1.2352500019554753,0.8649562871813172,-0.3471191767171405,2.106116127240102,2.303120978802486,1022.75,207.0,4749.0,1005.0,170.0,1076.0,178.0,1035.0,248.0,975.0,232.0
moving,moving_frame_000162,moving_calib_camera,162,results/bus_real_data/ablation/moving_cam/fov/00_prepared_datasets/fov_120deg/raw_images/moving/frame_0162.png,3,0.17,929.46709573,929.46709573,640.0,360.0,True,-2.2087721259419926,-0.6180134845356319,1.3732102644534216,1.0873992254044176,0.3984323369802235,5.1081308487016175,5.2377653794360395,838.0,432.5,551.0,833.0,411.0,851.0,431.0,842.0,454.0,826.0,434.0
moving,moving_frame_000162,moving_calib_camera,162,results/bus_real_data/ablation/moving_cam/fov/00_prepared_datasets/fov_120deg/raw_images/moving/frame_0162.png,0,0.17,929.46709573,929.46709573,640.0,360.0,True,-2.9645009342844677,0.08241523370987056,-0.48936553751187517,0.09683733365058717,-1.338847123360251,10.263929554739432,10.351335130966062,648.75,238.75,225.0,641.0,231.0,656.0,231.0,656.0,246.0,642.0,247.0
moving,moving_frame_000162,moving_calib_camera,162,results/bus_real_data/ablation/moving_cam/fov/00_prepared_datasets/fov_120deg/raw_images/moving/frame_0162.png,4,0.17,929.46709573,929.46709573,640.0,360.0,True,2.424135566706431,0.7269424847166766,-1.1788539742408928,0.8742376175199527,-0.23737314664806075,1.6557358474726065,1.88735227746237,1132.5,227.25,7653.0,1109.0,184.0,1208.0,195.0,1147.0,276.0,1066.0,254.0
moving,moving_frame_000163,moving_calib_camera,163,results/bus_real_data/ablation/moving_cam/fov/00_prepared_datasets/fov_120deg/raw_images/moving/frame_0163.png,3,0.17,929.46709573,929.46709573,640.0,360.0,True,-2.167236369421549,-0.6826857612569087,1.3612681488872658,1.1997724095468498,0.5111488584456668,4.602006750065948,4.783219952903349,882.5,463.25,716.0,878.0,439.0,898.0,464.0,886.0,487.0,868.0,463.0
moving,moving_frame_000163,moving_calib_camera,163,results/bus_real_data/ablation/moving_cam/fov/00_prepared_datasets/fov_120deg/raw_images/moving/frame_0163.png,0,0.17,929.46709573,929.46709573,640.0,360.0,True,-2.8291936124518684,-0.007897241650378506,-0.46525711434477923,0.47606324933820693,-1.2053155116161296,9.82879206021303,9.913857728594838,685.0,246.0,240.0,678.0,238.0,693.0,238.0,692.0,254.0,677.0,254.0
moving,moving_frame_000164,moving_calib_camera,164,results/bus_real_data/ablation/moving_cam/fov/00_prepared_datasets/fov_120deg/raw_images/moving/frame_0164.png,3,0.17,929.46709573,929.46709573,640.0,360.0,True,-2.14007784914237,-0.6883354882375471,1.3198982947171198,1.1680973588441648,0.5657935262319985,4.20772925486934,4.403357722959611,898.25,485.0,866.0,893.0,459.0,916.0,487.0,902.0,511.0,882.0,483.0
moving,moving_frame_000164,moving_calib_camera,164,results/bus_real_data/ablation/moving_cam/fov/00_prepared_datasets/fov_120deg/raw_images/moving/frame_0164.png,0,0.17,929.46709573,929.46709573,640.0,360.0,True,-3.0923294632170455,-0.051372459844545554,0.46202910775817735,0.4917481349366828,-1.170042280099422,9.886626073483617,9.967757535289472,686.25,250.0,248.0,679.0,242.0,694.0,242.0,694.0,258.0,678.0,258.0
moving,moving_frame_000165,moving_calib_camera,165,results/bus_real_data/ablation/moving_cam/fov/00_prepared_datasets/fov_120deg/raw_images/moving/frame_0165.png,3,0.17,929.46709573,929.46709573,640.0,360.0,True,-2.1009273175516308,-0.7054775184845418,1.2632081638829868,1.1040253117530512,0.5984478695705012,3.7151428994032383,3.9216448723171244,916.5,509.75,1115.0,911.0,481.0,937.0,514.0,921.0,539.0,897.0,505.0
moving,moving_frame_000165,moving_calib_camera,165,results/bus_real_data/ablation/moving_cam/fov/00_prepared_datasets/fov_120deg/raw_images/moving/frame_0165.png,0,0.17,929.46709573,929.46709573,640.0,360.0,True,-3.0168638447884595,0.028015475216652628,-0.42327153118478494,0.48326178587185714,-1.071717831261369,9.353954683348624,9.427544180838789,688.0,253.5,272.0,680.0,245.0,696.0,245.0,696.0,262.0,680.0,262.0
moving,moving_frame_000166,moving_calib_camera,166,results/bus_real_data/ablation/moving_cam/fov/00_prepared_datasets/fov_120deg/raw_images/moving/frame_0166.png,3,0.17,929.46709573,929.46709573,640.0,360.0,True,-2.087920258350411,-0.6850730195949792,1.2514251118597746,1.0825354310469022,0.6486808596365178,3.383362003924901,3.6110674691472315,937.75,538.25,1345.5,931.0,507.0,961.0,544.0,943.0,570.0,916.0,532.0
moving,moving_frame_000166,moving_calib_camera,166,results/bus_real_data/ablation/moving_cam/fov/00_prepared_datasets/fov_120deg/raw_images/moving/frame_0166.png,0,0.17,929.46709573,929.46709573,640.0,360.0,True,-3.0230365298650463,0.0263439879637611,-0.4081974671872386,0.4704860783763127,-0.9784884427898417,8.830519100688907,8.897014351469307,689.5,257.0,306.0,681.0,248.0,698.0,248.0,698.0,266.0,681.0,266.0
moving,moving_frame_000167,moving_calib_camera,167,results/bus_real_data/ablation/moving_cam/fov/00_prepared_datasets/fov_120deg/raw_images/moving/frame_0167.png,3,0.17,929.46709573,929.46709573,640.0,360.0,True,-2.061188203010225,-0.6793332329651096,1.2218551582229547,1.0313705098195851,0.6792631520653499,2.9791847305236474,3.2250062351667665,962.25,572.0,1729.0,954.0,537.0,990.0,581.0,968.0,607.0,937.0,563.0
moving,moving_frame_000167,moving_calib_camera,167,results/bus_real_data/ablation/moving_cam/fov/00_prepared_datasets/fov_120deg/raw_images/moving/frame_0167.png,0,0.17,929.46709573,929.46709573,640.0,360.0,True,-2.861882102193741,-0.008164692398223063,-0.432605350406938,0.47960355658647696,-0.930377828153142,8.736768092404157,8.799246511779332,691.0,261.0,306.0,683.0,252.0,700.0,252.0,699.0,270.0,682.0,270.0
moving,moving_frame_000168,moving_calib_camera,168,results/bus_real_data/ablation/moving_cam/fov/00_prepared_datasets/fov_120deg/raw_images/moving/frame_0168.png,3,0.17,929.46709573,929.46709573,640.0,360.0,True,-2.005188953488057,-0.6821392733214567,1.1709777809081723,0.9661819771097798,0.6915304945434219,2.5596381420738292,2.8219619870108805,991.5,611.25,2264.0,982.0,572.0,1025.0,626.0,998.0,650.0,961.0,597.0
moving,moving_frame_000168,moving_calib_camera,168,results/bus_real_data/ablation/moving_cam/fov/00_prepared_datasets/fov_120deg/raw_images/moving/frame_0168.png,0,0.17,929.46709573,929.46709573,640.0,360.0,True,-2.9460539126050542,0.011951483380618456,-0.5050739769783495,0.47382086780327043,-0.8482365480654555,8.344232476141523,8.400608732236892,692.75,265.5,332.5,684.0,256.0,702.0,256.0,701.0,275.0,684.0,275.0
moving,moving_frame_000169,moving_calib_camera,169,results/bus_real_data/ablation/moving_cam/fov/00_prepared_datasets/fov_120deg/raw_images/moving/frame_0169.png,3,0.17,929.46709573,929.46709573,640.0,360.0,True,-1.9654996955477007,-0.6712029005384311,1.1431653880782342,0.9025627163241265,0.6985994038973311,2.17716243911834,2.4581897547447005,1026.25,658.5,3033.0,1015.0,614.0,1067.0,680.0,1034.0,702.0,989.0,638.0
moving,moving_frame_000169,moving_calib_camera,169,results/bus_real_data/ablation/moving_cam/fov/00_prepared_datasets/fov_120deg/raw_images/moving/frame_0169.png,0,0.17,929.46709573,929.46709573,640.0,360.0,True,-3.1009176637144447,-0.042332635468918564,0.4554853610718629,0.48977484205437233,-0.8010248644036457,8.318828020149464,8.371643796658224,694.75,270.5,351.5,686.0,261.0,704.0,261.0,704.0,280.0,685.0,280.0
moving,moving_frame_000170,moving_calib_camera,170,results/bus_real_data/ablation/moving_cam/fov/00_prepared_datasets/fov_120deg/raw_images/moving/frame_0170.png,0,0.17,929.46709573,929.46709573,640.0,360.0,True,-2.801069583833061,-0.002392305560286376,-0.02991978590074261,0.4939096880189211,-0.7351184489786259,8.089206527393406,8.137543127797958,696.75,275.5,370.5,687.0,266.0,707.0,266.0,706.0,285.0,687.0,285.0
moving,moving_frame_000174,moving_calib_camera,174,results/bus_real_data/ablation/moving_cam/fov/00_prepared_datasets/fov_120deg/raw_images/moving/frame_0174.png,0,0.17,929.46709573,929.46709573,640.0,360.0,True,-3.010419040264248,1.3629440695369202e-15,0.21862343448818344,0.49876165477724194,-0.4248710316739817,6.869973848831461,6.901146228378297,707.5,302.5,529.0,696.0,291.0,719.0,291.0,719.0,314.0,696.0,314.0
moving,moving_frame_000175,moving_calib_camera,175,results/bus_real_data/ablation/moving_cam/fov/00_prepared_datasets/fov_120deg/raw_images/moving/frame_0175.png,0,0.17,929.46709573,929.46709573,640.0,360.0,True,3.0883490509908205,0.029030155775770294,-0.4587463662537024,0.4800872427256781,-0.33613771012113597,6.311346269451265,6.338498564621579,710.75,310.5,612.5,699.0,298.0,723.0,298.0,723.0,323.0,698.0,323.0
moving,moving_frame_000176,moving_calib_camera,176,results/bus_real_data/ablation/moving_cam/fov/00_prepared_datasets/fov_120deg/raw_images/moving/frame_0176.png,0,0.17,929.46709573,929.46709573,640.0,360.0,True,-2.9136940945929153,-0.011363672950131333,-0.16497108665848276,0.47976371501983045,-0.2572627369132705,5.984024417892674,6.0087357715237815,714.5,320.0,676.0,702.0,307.0,728.0,307.0,727.0,333.0,701.0,333.0
moving,moving_frame_000178,moving_calib_camera,178,results/bus_real_data/ablation/moving_cam/fov/00_prepared_datasets/fov_120deg/raw_images/moving/frame_0178.png,0,0.17,929.46709573,929.46709573,640.0,360.0,True,-2.934820235917223,0.0005524744017416967,0.0066243581605117605,0.4967272721741909,-0.1131067537317744,5.5459635299129575,5.5693125783875645,723.25,341.0,798.0,709.0,327.0,738.0,327.0,737.0,355.0,709.0,355.0
moving,moving_frame_000178,moving_calib_camera,178,results/bus_real_data/ablation/moving_cam/fov/00_prepared_datasets/fov_120deg/raw_images/moving/frame_0178.png,1,0.17,929.46709573,929.46709573,640.0,360.0,True,0.13682929122771917,-2.5347223225286877,1.6447454936522514,-0.5203688060850095,-0.33237250574430915,4.031770014014381,4.078777344110194,520.0,283.5,494.0,535.0,290.0,495.0,290.0,507.0,277.0,543.0,277.0
moving,moving_frame_000179,moving_calib_camera,179,results/bus_real_data/ablation/moving_cam/fov/00_prepared_datasets/fov_120deg/raw_images/moving/frame_0179.png,0,0.17,929.46709573,929.46709573,640.0,360.0,True,-2.9634603981656666,-0.01178879690710431,-0.14536139987051425,0.49455077252150614,-0.033282902278502835,5.192670277004881,5.216273844793393,728.5,354.0,900.0,714.0,339.0,744.0,339.0,743.0,369.0,713.0,369.0
moving,moving_frame_000179,moving_calib_camera,179,results/bus_real_data/ablation/moving_cam/fov/00_prepared_datasets/fov_120deg/raw_images/moving/frame_0179.png,1,0.17,929.46709573,929.46709573,640.0,360.0,True,0.15157759766443593,-2.542559847832911,1.5903564919363502,-0.5160453364230353,-0.25576422094985807,3.705034570837121,3.749533210555717,510.5,296.0,656.0,526.0,304.0,483.0,304.0,497.0,288.0,536.0,288.0
moving,moving_frame_000180,moving_calib_camera,180,results/bus_real_data/ablation/moving_cam/fov/00_prepared_datasets/fov_120deg/raw_images/moving/frame_0180.png,0,0.17,929.46709573,929.46709573,640.0,360.0,True,-2.893738703599627,-0.004133378022602441,-0.031022864284386973,0.4831010211190191,0.041471834418278154,4.776668290297672,4.801215102991277,734.0,368.0,1056.0,718.0,352.0,751.0,352.0,750.0,384.0,717.0,384.0
moving,moving_frame_000181,moving_calib_camera,181,results/bus_real_data/ablation/moving_cam/fov/00_prepared_datasets/fov_120deg/raw_images/moving/frame_0181.png,0,0.17,929.46709573,929.46709573,640.0,360.0,True,-2.929330748945798,-0.016921308711237204,-0.1274696556118301,0.4899851791438794,0.12187598404128147,4.519211629614585,4.547330313987582,740.75,385.0,1173.0,724.0,368.0,759.0,368.0,757.0,402.0,723.0,402.0
moving,moving_frame_000181,moving_calib_camera,181,results/bus_real_data/ablation/moving_cam/fov/00_prepared_datasets/fov_120deg/raw_images/moving/frame_0181.png,1,0.17,929.46709573,929.46709573,640.0,360.0,True,0.16764865842215673,-2.5309499480834843,1.5473442670544826,-0.5063899627631796,-0.10580594773389158,3.0477669610631866,3.091360403109203,485.5,328.0,1078.0,503.0,339.0,451.0,339.0,471.0,317.0,517.0,317.0
moving,moving_frame_000182,moving_calib_camera,182,results/bus_real_data/ablation/moving_cam/fov/00_prepared_datasets/fov_120deg/raw_images/moving/frame_0182.png,0,0.17,929.46709573,929.46709573,640.0,360.0,True,-2.9549846797223327,-0.0163977749761946,-0.11701426197272151,0.48475700683837364,0.195057712001622,4.161207929766717,4.1938870158176185,748.25,403.5,1387.5,730.0,385.0,768.0,385.0,766.0,422.0,729.0,422.0
moving,moving_frame_000183,moving_calib_camera,183,results/bus_real_data/ablation/moving_cam/fov/00_prepared_datasets/fov_120deg/raw_images/moving/frame_0183.png,0,0.17,929.46709573,929.46709573,640.0,360.0,True,-2.9158138420953774,-0.008085770234318237,-0.04360597346652791,0.4880289201359314,0.27417351983729893,3.884960814778305,3.92508138491827,756.75,425.5,1579.5,737.0,406.0,778.0,406.0,776.0,445.0,736.0,445.0
moving,moving_frame_000183,moving_calib_camera,183,results/bus_real_data/ablation/moving_cam/fov/00_prepared_datasets/fov_120deg/raw_images/moving/frame_0183.png,1,0.17,929.46709573,929.46709573,640.0,360.0,True,0.193433547332994,-2.5140253749797505,1.47801027021924,-0.4848732233642544,0.03602152716953616,2.351836173406401,2.4015688579963994,448.25,374.75,2073.5,468.0,392.0,402.0,391.0,433.0,358.0,490.0,358.0
moving,moving_frame_000184,moving_calib_camera,184,results/bus_real_data/ablation/moving_cam/fov/00_prepared_datasets/fov_120deg/raw_images/moving/frame_0184.png,0,0.17,929.46709573,929.46709573,640.0,360.0,True,-2.8662725492494117,-0.017314197308119228,-0.07229389772477081,0.48217591181464386,0.3452846614387493,3.521404592231582,3.5709950167353677,767.25,451.0,1869.0,746.0,430.0,791.0,430.0,788.0,472.0,744.0,472.0
moving,moving_frame_000184,moving_calib_camera,184,results/bus_real_data/ablation/moving_cam/fov/00_prepared_datasets/fov_120deg/raw_images/moving/frame_0184.png,1,0.17,929.46709573,929.46709573,640.0,360.0,True,0.19917465328365033,-2.496637979687194,1.4283308412661728,-0.46705193262972217,0.10085109745607056,1.9952056398799847,2.0516222842034426,422.25,407.75,3084.0,443.0,430.0,367.0,429.0,407.0,386.0,472.0,386.0
moving,moving_frame_000185,moving_calib_camera,185,results/bus_real_data/ablation/moving_cam/fov/00_prepared_datasets/fov_120deg/raw_images/moving/frame_0185.png,0,0.17,929.46709573,929.46709573,640.0,360.0,True,-2.8615698988543286,0.0059419085541777,-0.0333053595699016,0.4822292987400438,0.4179664083314708,3.2128559798523,3.2756197218739396,779.5,480.75,2228.5,756.0,458.0,805.0,458.0,803.0,503.0,754.0,504.0
moving,moving_frame_000185,moving_calib_camera,185,results/bus_real_data/ablation/moving_cam/fov/00_prepared_datasets/fov_120deg/raw_images/moving/frame_0185.png,1,0.17,929.46709573,929.46709573,640.0,360.0,True,0.19504632888016657,-2.4698925187840017,1.3532126118659231,-0.4493390588350573,0.16083460719504725,1.6555902465709211,1.723006797783202,387.5,451.5,4779.0,409.0,481.0,320.0,481.0,374.0,422.0,447.0,422.0
moving,moving_frame_000186,moving_calib_camera,186,results/bus_real_data/ablation/moving_cam/fov/00_prepared_datasets/fov_120deg/raw_images/moving/frame_0186.png,0,0.17,929.46709573,929.46709573,640.0,360.0,True,-2.8795822775241304,-0.025567428785520898,-0.039262286774305134,0.48015807331076543,0.4931346093479343,2.8837620412171563,2.9647625585647135,794.75,518.75,2754.0,769.0,493.0,824.0,494.0,820.0,544.0,766.0,544.0
moving,moving_frame_000186,moving_calib_camera,186,results/bus_real_data/ablation/moving_cam/fov/00_prepared_datasets/fov_120deg/raw_images/moving/frame_0186.png,1,0.17,929.46709573,929.46709573,640.0,360.0,True,0.19069301182384532,-2.4269368076254034,1.2976928394899674,-0.418964895865669,0.20908958084934523,1.2987767624532178,1.3806053438531765,339.75,511.75,8090.5,361.0,554.0,253.0,553.0,330.0,470.0,415.0,470.0
moving,moving_frame_000187,moving_calib_camera,187,results/bus_real_data/ablation/moving_cam/fov/00_prepared_datasets/fov_120deg/raw_images/moving/frame_0187.png,1,0.17,929.46709573,929.46709573,640.0,360.0,True,0.15461442097323702,-2.368051385123388,1.2610987139857859,-0.379971741074846,0.2434533952377717,0.9539676545104512,1.0553209774852483,268.75,601.5,15176.5,287.0,665.0,151.0,665.0,267.0,538.0,370.0,538.0
moving,moving_frame_000187,moving_calib_camera,187,results/bus_real_data/ablation/moving_cam/fov/00_prepared_datasets/fov_120deg/raw_images/moving/frame_0187.png,0,0.17,929.46709573,929.46709573,640.0,360.0,True,-2.8550349806127726,-0.013395175623370406,-0.03556625197264779,0.47971739116532397,0.5677508352842879,2.577241679728718,2.6822834417867503,813.0,564.5,3355.0,784.0,537.0,846.0,537.0,841.0,592.0,781.0,592.0
moving,moving_frame_000188,moving_calib_camera,188,results/bus_real_data/ablation/moving_cam/fov/00_prepared_datasets/fov_120deg/raw_images/moving/frame_0188.png,0,0.17,929.46709573,929.46709573,640.0,360.0,True,-2.8554518517474206,-0.01376984780274197,-0.030944862823102385,0.48174913183844775,0.6443352558602486,2.278695269071289,2.4165475946605035,836.5,622.5,4209.0,804.0,592.0,874.0,592.0,868.0,653.0,800.0,653.0
