observer_type,observer_id,camera_name,frame_id,image_path,marker_id,marker_length_m,fx,fy,cx,cy,pnp_success,rvec_x,rvec_y,rvec_z,tvec_x_m,tvec_y_m,tvec_z_m,distance_m,center_u,center_v,area_px2,corner0_u,corner0_v,corner1_u,corner1_v,corner2_u,corner2_v,corner3_u,corner3_v
moving,moving_frame_000000,moving_calib_camera,0,results/bus_real_data/ablation/world/route/route1/raw_images/moving/frame_0000.png,5,0.17,929.4671630859375,929.467134475708,640.0,360.0,True,-2.850871841548986,-1.7558780326813715e-14,0.4324767414166648,0.9984296323267775,-0.8638894972755411,6.583723782125809,6.71480346946507,781.0,238.0,576.0,769.0,226.0,793.0,226.0,793.0,250.0,769.0,250.0
moving,moving_frame_000000,moving_calib_camera,0,results/bus_real_data/ablation/world/route/route1/raw_images/moving/frame_0000.png,6,0.17,929.4671630859375,929.467134475708,640.0,360.0,True,2.984345693589593,-0.014081591887779165,0.05481599977102124,-0.5181850621640992,-1.1537490579705985,6.598273781448963,6.718397840435981,567.0,197.5,552.0,555.0,186.0,579.0,186.0,579.0,209.0,555.0,209.0
moving,moving_frame_000000,moving_calib_camera,0,results/bus_real_data/ablation/world/route/route1/raw_images/moving/frame_0000.png,7,0.17,929.4671630859375,929.467134475708,640.0,360.0,True,2.998624497951103,-0.02409506877471526,0.09687590519734199,-0.9703506561413986,-1.1596595079037162,6.632174358729187,6.802361890897194,504.0,197.5,552.0,492.0,186.0,516.0,186.0,516.0,209.0,492.0,209.0
moving,moving_frame_000001,moving_calib_camera,1,results/bus_real_data/ablation/world/route/route1/raw_images/moving/frame_0001.png,5,0.17,929.4671630859375,929.467134475708,640.0,360.0,True,-2.7120313041479798,0.020418746446946624,0.3524398549485861,0.7378347346765806,-0.9537478713919618,6.426634174821987,6.53878137842747,746.75,222.0,588.0,734.0,210.0,759.0,210.0,759.0,234.0,735.0,234.0
moving,moving_frame_000001,moving_calib_camera,1,results/bus_real_data/ablation/world/route/route1/raw_images/moving/frame_0001.png,7,0.17,929.4671630859375,929.467134475708,640.0,360.0,True,3.0221065289492994,-0.027395133408047855,0.10820419282501265,-1.2203112716889077,-1.223959476460616,6.390513207036955,6.620112948367459,462.5,182.0,600.0,450.0,170.0,475.0,170.0,475.0,194.0,450.0,194.0
moving,moving_frame_000001,moving_calib_camera,1,results/bus_real_data/ablation/world/route/route1/raw_images/moving/frame_0001.png,6,0.17,929.4671630859375,929.467134475708,640.0,360.0,True,-2.641360284097399,0.009164438405334518,-0.3570077518340444,-0.7617105954541344,-1.210221827666023,6.295552577509199,6.455913735449778,527.5,181.25,612.5,515.0,169.0,540.0,169.0,540.0,193.0,515.0,194.0
moving,moving_frame_000002,moving_calib_camera,2,results/bus_real_data/ablation/world/route/route1/raw_images/moving/frame_0002.png,5,0.17,929.4671630859375,929.467134475708,640.0,360.0,True,-2.692503617338937,0.04223946162778771,0.27509006445903633,0.4938696245940348,-1.043524146117682,6.29081829321586,6.395877160162365,713.0,205.75,613.0,700.0,194.0,725.0,193.0,726.0,218.0,701.0,218.0
moving,moving_frame_000002,moving_calib_camera,2,results/bus_real_data/ablation/world/route/route1/raw_images/moving/frame_0002.png,7,0.17,929.4671630859375,929.467134475708,640.0,360.0,True,3.044379173038893,-0.028873071242658085,0.11177010875597349,-1.4662161480942983,-1.2839531159737338,6.166885000016357,6.467518534985261,419.0,166.5,650.0,406.0,154.0,432.0,154.0,432.0,179.0,406.0,179.0
moving,moving_frame_000002,moving_calib_camera,2,results/bus_real_data/ablation/world/route/route1/raw_images/moving/frame_0002.png,6,0.17,929.4671630859375,929.467134475708,640.0,360.0,True,3.0243648162904067,-0.023693161494843816,0.0875676463329865,-1.0081672044188121,-1.2818445034036465,6.124987238839166,6.338374801075936,487.0,165.5,650.0,474.0,153.0,500.0,153.0,500.0,178.0,474.0,178.0
moving,moving_frame_000003,moving_calib_camera,3,results/bus_real_data/ablation/world/route/route1/raw_images/moving/frame_0003.png,2,0.17,929.4671630859375,929.467134475708,640.0,360.0,True,-3.0094213249941744,0.04566510699585207,-0.5190751949768168,0.15883284309910042,-0.036120365886711,3.2127666902966934,3.216893277551915,685.75,349.5,2230.5,662.0,326.0,709.0,324.0,708.0,373.0,664.0,375.0
moving,moving_frame_000003,moving_calib_camera,3,results/bus_real_data/ablation/world/route/route1/raw_images/moving/frame_0003.png,5,0.17,929.4671630859375,929.467134475708,640.0,360.0,True,3.138477428767108,-0.06274445023165826,2.041778349879114e-06,0.26498808119437045,-1.155076269674262,6.315326069874037,6.42555548110592,679.0,190.0,626.0,666.0,178.0,691.0,177.0,692.0,202.0,667.0,203.0
moving,moving_frame_000003,moving_calib_camera,3,results/bus_real_data/ablation/world/route/route1/raw_images/moving/frame_0003.png,7,0.17,929.4671630859375,929.467134475708,640.0,360.0,True,-2.6349772144664976,0.02524288944529529,-0.626004195745905,-1.6996518197482386,-1.3388148450427262,5.963305022126787,6.3436778200506705,375.0,151.25,716.0,361.0,138.0,388.0,138.0,389.0,164.0,362.0,165.0
moving,moving_frame_000003,moving_calib_camera,3,results/bus_real_data/ablation/world/route/route1/raw_images/moving/frame_0003.png,6,0.17,929.4671630859375,929.467134475708,640.0,360.0,True,3.062026802402327,-0.06970389162506961,0.26636477770480904,-1.2460368357156726,-1.3491069412206473,5.970861848932895,6.2469103206186976,446.0,150.0,702.0,432.0,137.0,459.0,137.0,460.0,163.0,433.0,163.0
moving,moving_frame_000003,moving_calib_camera,3,results/bus_real_data/ablation/world/route/route1/raw_images/moving/frame_0003.png,14,0.17,929.4671630859375,929.467134475708,640.0,360.0,True,1.4083630852611635,-1.5686381427230298,1.0790660060766812,-1.024013277566013,0.2831691942915803,4.528319126422833,4.6512860690301645,429.75,418.25,509.5,410.0,426.0,414.0,412.0,449.0,410.0,446.0,425.0
moving,moving_frame_000004,moving_calib_camera,4,results/bus_real_data/ablation/world/route/route1/raw_images/moving/frame_0004.png,14,0.17,929.4671630859375,929.467134475708,640.0,360.0,True,-1.608400683394068,1.3071536762642857,0.5457474762717058,-1.1690055230662033,0.2641086354438165,4.374368203643793,4.535573223455345,391.5,416.0,584.0,371.0,425.0,375.0,409.0,412.0,407.0,408.0,423.0
moving,moving_frame_000004,moving_calib_camera,4,results/bus_real_data/ablation/world/route/route1/raw_images/moving/frame_0004.png,2,0.17,929.4671630859375,929.467134475708,640.0,360.0,True,-3.1401787970487742,0.09412077946682695,-4.105266756138817e-07,0.06618098177821571,-0.052605393569797584,3.154515363261321,3.1556480201114736,659.5,344.5,2509.0,633.0,321.0,683.0,318.0,686.0,368.0,636.0,371.0
moving,moving_frame_000004,moving_calib_camera,4,results/bus_real_data/ablation/world/route/route1/raw_images/moving/frame_0004.png,1,0.17,929.4671630859375,929.467134475708,640.0,360.0,True,1.9508201209888263,-0.15073932406562393,0.09383145355444208,0.2483500909408784,-0.12529777005849538,1.8390674217678875,1.8599855592611356,765.75,297.25,2318.5,714.0,286.0,794.0,282.0,821.0,308.0,734.0,313.0
moving,moving_frame_000004,moving_calib_camera,4,results/bus_real_data/ablation/world/route/route1/raw_images/moving/frame_0004.png,5,0.17,929.4671630859375,929.467134475708,640.0,360.0,True,-3.082502668108827,0.09585261176961611,-0.20744084403160434,0.03474219020789344,-1.2219197119200633,6.122851574255238,6.243685306172877,645.25,174.5,664.5,632.0,162.0,657.0,161.0,659.0,187.0,633.0,188.0
moving,moving_frame_000004,moving_calib_camera,4,results/bus_real_data/ablation/world/route/route1/raw_images/moving/frame_0004.png,7,0.17,929.4671630859375,929.467134475708,640.0,360.0,True,-2.597863988560505,0.023900734244840793,-0.6513398086891555,-1.9193432684934977,-1.3787968778121553,5.742657710739686,6.209917631925066,329.25,136.75,784.5,314.0,123.0,343.0,123.0,344.0,150.0,316.0,151.0
moving,moving_frame_000004,moving_calib_camera,4,results/bus_real_data/ablation/world/route/route1/raw_images/moving/frame_0004.png,6,0.17,929.4671630859375,929.467134475708,640.0,360.0,True,3.0591203773694846,-0.08233235986556825,0.09230197154650263,-1.4538984717199812,-1.3833734071728907,5.714256624017763,6.05642398737685,403.5,135.0,757.0,389.0,122.0,417.0,121.0,418.0,148.0,390.0,149.0
moving,moving_frame_000005,moving_calib_camera,5,results/bus_real_data/ablation/world/route/route1/raw_images/moving/frame_0005.png,14,0.17,929.4671630859375,929.467134475708,640.0,360.0,True,1.3592695971171422,-1.6820553287927504,1.0904318292230393,-1.2619555287064754,0.24339104028980946,4.088374653163358,4.285624605533574,353.0,415.5,668.0,331.0,426.0,335.0,409.0,374.0,405.0,372.0,422.0
moving,moving_frame_000005,moving_calib_camera,5,results/bus_real_data/ablation/world/route/route1/raw_images/moving/frame_0005.png,2,0.17,929.4671630859375,929.467134475708,640.0,360.0,True,-3.1065031380134145,0.11513216807651021,0.29087492630370954,-0.0228332920377159,-0.05911766865732268,2.973379336195763,2.974054628766713,633.0,341.5,2772.0,605.0,317.0,657.0,313.0,661.0,366.0,609.0,370.0
moving,moving_frame_000005,moving_calib_camera,5,results/bus_real_data/ablation/world/route/route1/raw_images/moving/frame_0005.png,1,0.17,929.4671630859375,929.467134475708,640.0,360.0,True,1.9709140038622348,-0.20179268811412496,0.12906903720611984,0.20548658232814093,-0.11140688345023379,1.7126794113290886,1.7285563326624755,751.75,300.25,2884.5,695.0,288.0,780.0,282.0,812.0,312.0,720.0,319.0
moving,moving_frame_000005,moving_calib_camera,5,results/bus_real_data/ablation/world/route/route1/raw_images/moving/frame_0005.png,5,0.17,929.4671630859375,929.467134475708,640.0,360.0,True,-3.0468393214127567,0.1256526772092372,-0.37741391937027063,-0.17798106890584497,-1.2796679395929333,5.917855356552774,6.057246843046043,612.0,159.0,704.0,598.0,146.0,624.0,145.0,626.0,172.0,600.0,173.0
moving,moving_frame_000005,moving_calib_camera,5,results/bus_real_data/ablation/world/route/route1/raw_images/moving/frame_0005.png,7,0.17,929.4671630859375,929.467134475708,640.0,360.0,True,-2.562192524512173,0.014578636024626971,-0.5786140301186403,-2.1217350513875495,-1.4048982253047906,5.5063551113398415,6.065924930621008,281.75,122.75,870.5,265.0,109.0,296.0,108.0,298.0,137.0,268.0,137.0
moving,moving_frame_000005,moving_calib_camera,5,results/bus_real_data/ablation/world/route/route1/raw_images/moving/frame_0005.png,6,0.17,929.4671630859375,929.467134475708,640.0,360.0,True,3.0718614855189426,-0.1471142868854259,0.3232698586325679,-1.6741281994782176,-1.4309978053451322,5.553278084192437,5.974057032500006,359.75,120.5,828.5,344.0,107.0,373.0,106.0,376.0,134.0,346.0,135.0
moving,moving_frame_000006,moving_calib_camera,6,results/bus_real_data/ablation/world/route/route1/raw_images/moving/frame_0006.png,14,0.17,929.4671630859375,929.467134475708,640.0,360.0,True,1.3576002669973437,-1.715519135909456,1.1267599868408955,-1.3839491430945765,0.24130317947044333,3.947365617330902,4.189897107564926,314.0,417.0,744.0,291.0,428.0,295.0,410.0,336.0,406.0,334.0,424.0
moving,moving_frame_000006,moving_calib_camera,6,results/bus_real_data/ablation/world/route/route1/raw_images/moving/frame_0006.png,2,0.17,929.4671630859375,929.467134475708,640.0,360.0,True,-3.0913920245540765,0.1449531908213176,-0.3502251845092049,-0.09951072897663413,-0.0630762383240994,2.8618216544652375,2.8642458307534864,607.5,339.5,2995.0,578.0,314.0,632.0,310.0,637.0,364.0,583.0,370.0
moving,moving_frame_000006,moving_calib_camera,6,results/bus_real_data/ablation/world/route/route1/raw_images/moving/frame_0006.png,1,0.17,929.4671630859375,929.467134475708,640.0,360.0,True,1.989519836262629,-0.2424776250589237,0.1498370173995668,0.17394895462524249,-0.09340582778295128,1.5966709837361233,1.6088322217633237,741.5,306.5,3587.0,680.0,293.0,770.0,285.0,807.0,319.0,709.0,329.0
moving,moving_frame_000006,moving_calib_camera,6,results/bus_real_data/ablation/world/route/route1/raw_images/moving/frame_0006.png,5,0.17,929.4671630859375,929.467134475708,640.0,360.0,True,-3.0880084188274726,0.16977866806789454,-0.4981338446441706,-0.3760955496708517,-1.3085718837462272,5.644048227544876,5.805952861698571,578.0,144.5,759.0,563.0,131.0,590.0,130.0,593.0,158.0,566.0,159.0
moving,moving_frame_000006,moving_calib_camera,6,results/bus_real_data/ablation/world/route/route1/raw_images/moving/frame_0006.png,7,0.17,929.4671630859375,929.467134475708,640.0,360.0,True,-2.512201429591358,0.0630961236605978,-0.754192911559795,-2.2705328268321283,-1.3989349845851737,5.177565116290676,5.824046612300481,232.25,108.75,996.5,214.0,94.0,247.0,93.0,250.0,123.0,218.0,125.0
moving,moving_frame_000006,moving_calib_camera,6,results/bus_real_data/ablation/world/route/route1/raw_images/moving/frame_0006.png,6,0.17,929.4671630859375,929.467134475708,640.0,360.0,True,3.0613534596591236,-0.16905396201325243,0.38415350572088686,-1.8713639076879536,-1.4628758854158868,5.352906437436085,5.856245901520284,315.0,106.0,902.0,298.0,92.0,329.0,91.0,332.0,120.0,301.0,121.0
moving,moving_frame_000007,moving_calib_camera,7,results/bus_real_data/ablation/world/route/route1/raw_images/moving/frame_0007.png,14,0.17,929.4671630859375,929.467134475708,640.0,360.0,True,1.36064265193953,-1.7712821823153158,1.0964428539390858,-1.4741940664418498,0.24442667432676884,3.752989191371106,4.039544580172763,274.75,420.75,893.0,250.0,434.0,255.0,413.0,298.0,408.0,296.0,428.0
moving,moving_frame_000007,moving_calib_camera,7,results/bus_real_data/ablation/world/route/route1/raw_images/moving/frame_0007.png,2,0.17,929.4671630859375,929.467134475708,640.0,360.0,True,3.0963796084859885,-0.1870862850922324,0.3259911091707442,-0.16669774568702808,-0.05950160227365784,2.727071069473302,2.7328090304755155,583.0,339.75,3323.0,551.0,314.0,608.0,308.0,615.0,365.0,558.0,372.0
moving,moving_frame_000007,moving_calib_camera,7,results/bus_real_data/ablation/world/route/route1/raw_images/moving/frame_0007.png,1,0.17,929.4671630859375,929.467134475708,640.0,360.0,True,2.0067464189045126,-0.27718574198671747,0.17201576264211757,0.15257776417013766,-0.07047800762859725,1.4773740845844674,1.4869032616415392,736.25,316.75,4513.0,669.0,302.0,765.0,291.0,808.0,331.0,703.0,343.0
moving,moving_frame_000007,moving_calib_camera,7,results/bus_real_data/ablation/world/route/route1/raw_images/moving/frame_0007.png,5,0.17,929.4671630859375,929.467134475708,640.0,360.0,True,-3.070049907564481,0.1650208145213912,-0.36962788912863215,-0.5735846538094468,-1.3835927874902503,5.585487584204261,5.782819373798622,544.5,129.75,802.5,529.0,116.0,557.0,115.0,560.0,143.0,532.0,145.0
moving,moving_frame_000007,moving_calib_camera,7,results/bus_real_data/ablation/world/route/route1/raw_images/moving/frame_0007.png,7,0.17,929.4671630859375,929.467134475708,640.0,360.0,True,-3.0956413189118557,0.1997031548801362,-0.3688013144419862,-2.4439996844098535,-1.40359439841496,4.94174012597364,5.688937261502827,180.25,96.0,1113.0,161.0,81.0,195.0,79.0,200.0,111.0,165.0,113.0
moving,moving_frame_000007,moving_calib_camera,7,results/bus_real_data/ablation/world/route/route1/raw_images/moving/frame_0007.png,6,0.17,929.4671630859375,929.467134475708,640.0,360.0,True,-3.0652175743846946,0.17076281556560363,-0.3686359988927911,-2.025803114059748,-1.4602391162933979,5.069328595676233,5.651041403549284,268.5,92.25,1045.5,250.0,77.0,283.0,76.0,287.0,107.0,254.0,109.0
moving,moving_frame_000008,moving_calib_camera,8,results/bus_real_data/ablation/world/route/route1/raw_images/moving/frame_0008.png,2,0.17,929.4671630859375,929.467134475708,640.0,360.0,True,-3.026958352784099,0.20981845047180916,-0.494638628737319,-0.2203272393546224,-0.04926493532940084,2.5861505868635026,2.5959865146392955,560.5,342.25,3637.5,527.0,316.0,586.0,308.0,594.0,368.0,535.0,377.0
moving,moving_frame_000008,moving_calib_camera,8,results/bus_real_data/ablation/world/route/route1/raw_images/moving/frame_0008.png,1,0.17,929.4671630859375,929.467134475708,640.0,360.0,True,2.0182269481611654,-0.31903042308838997,0.20275068572190907,0.14226807623559892,-0.04288949733443794,1.3568472881615816,1.3649594418475652,737.75,332.0,5750.0,663.0,315.0,766.0,302.0,817.0,347.0,705.0,364.0
moving,moving_frame_000008,moving_calib_camera,8,results/bus_real_data/ablation/world/route/route1/raw_images/moving/frame_0008.png,5,0.17,929.4671630859375,929.467134475708,640.0,360.0,True,-3.0029661998827497,0.20890981214631696,-0.49212886188983085,-0.7450274264428222,-1.4044482125797126,5.3504291655919625,5.581633533651907,510.5,116.0,878.0,494.0,102.0,523.0,100.0,527.0,130.0,498.0,132.0
moving,moving_frame_000008,moving_calib_camera,8,results/bus_real_data/ablation/world/route/route1/raw_images/moving/frame_0008.png,7,0.17,929.4671630859375,929.467134475708,640.0,360.0,True,-3.0807420109309644,0.19753137239561902,-0.37597344423603496,-2.583253339722437,-1.387287096338278,4.672047659209749,5.515957997916691,126.0,84.0,1268.0,105.0,68.0,142.0,66.0,147.0,100.0,110.0,102.0
moving,moving_frame_000008,moving_calib_camera,8,results/bus_real_data/ablation/world/route/route1/raw_images/moving/frame_0008.png,6,0.17,929.4671630859375,929.467134475708,640.0,360.0,True,-2.4736269645743936,0.0505760749570817,-0.547948952267717,-2.1784135655791124,-1.457577503465625,4.819651875512248,5.486261208002852,219.75,78.75,1162.0,199.0,63.0,235.0,62.0,240.0,94.0,205.0,96.0
moving,moving_frame_000009,moving_calib_camera,9,results/bus_real_data/ablation/world/route/route1/raw_images/moving/frame_0009.png,14,0.17,929.4671630859375,929.467134475708,640.0,360.0,True,1.3073157085532718,-1.8780716308001608,1.1334074094894488,-1.6456151329864335,0.2789371518235522,3.434978038002988,3.819022024307303,194.5,435.75,1158.0,168.0,452.0,171.0,428.0,220.0,420.0,219.0,443.0
moving,moving_frame_000009,moving_calib_camera,9,results/bus_real_data/ablation/world/route/route1/raw_images/moving/frame_0009.png,1,0.17,929.4671630859375,929.467134475708,640.0,360.0,True,2.036922417120925,-0.3641364787449534,0.2203626968650199,0.14130897628393077,-0.012084972118399397,1.2434822502049607,1.2515439983893126,746.0,352.75,7530.5,663.0,334.0,773.0,316.0,834.0,369.0,714.0,392.0
moving,moving_frame_000009,moving_calib_camera,9,results/bus_real_data/ablation/world/route/route1/raw_images/moving/frame_0009.png,2,0.17,929.4671630859375,929.467134475708,640.0,360.0,True,-3.084743280198003,0.2443962396558153,-0.5404687121706161,-0.2636411105987121,-0.036452148153081204,2.459476231219949,2.473834821939125,540.0,346.25,4032.0,504.0,319.0,566.0,310.0,576.0,373.0,514.0,383.0
moving,moving_frame_000009,moving_calib_camera,9,results/bus_real_data/ablation/world/route/route1/raw_images/moving/frame_0009.png,5,0.17,929.4671630859375,929.467134475708,640.0,360.0,True,-2.9456219730131465,0.19399073932624386,-0.4831064151798063,-0.9231720555904562,-1.4499908834734667,5.234619561095876,5.509624502249392,476.0,102.5,938.0,459.0,88.0,489.0,86.0,493.0,117.0,463.0,119.0
moving,moving_frame_000009,moving_calib_camera,9,results/bus_real_data/ablation/world/route/route1/raw_images/moving/frame_0009.png,7,0.17,929.4671630859375,929.467134475708,640.0,360.0,True,-2.997138973149078,0.22411530841036784,-0.5269985332830008,-2.7532542826738635,-1.3876340700507899,4.478841029334091,5.437458452574525,68.5,72.0,1454.0,45.0,55.0,85.0,53.0,92.0,89.0,52.0,91.0
moving,moving_frame_000009,moving_calib_camera,9,results/bus_real_data/ablation/world/route/route1/raw_images/moving/frame_0009.png,6,0.17,929.4671630859375,929.467134475708,640.0,360.0,True,-2.8839946305261175,0.20581071323012975,-0.5659682514937581,-2.3778876739251644,-1.481870110375532,4.69383750745713,5.466479613081987,169.0,66.5,1309.0,147.0,50.0,184.0,48.0,191.0,83.0,154.0,85.0
moving,moving_frame_000010,moving_calib_camera,10,results/bus_real_data/ablation/world/route/route1/raw_images/moving/frame_0010.png,14,0.17,929.4671630859375,929.467134475708,640.0,360.0,True,1.3137304228803257,-1.9298481169722908,1.092148774373859,-1.7209684573498512,0.30815196214024915,3.2946300084499103,3.7297824273733005,154.25,447.25,1365.0,126.0,466.0,130.0,439.0,181.0,429.0,180.0,455.0
moving,moving_frame_000010,moving_calib_camera,10,results/bus_real_data/ablation/world/route/route1/raw_images/moving/frame_0010.png,1,0.17,929.4671630859375,929.467134475708,640.0,360.0,True,2.0511638430618477,-0.41453890770244495,0.24704965863343875,0.15160156648405979,0.02253994656330111,1.1364597392367621,1.1467483695465133,764.5,380.75,9888.5,672.0,360.0,788.0,336.0,863.0,398.0,735.0,429.0
moving,moving_frame_000010,moving_calib_camera,10,results/bus_real_data/ablation/world/route/route1/raw_images/moving/frame_0010.png,2,0.17,929.4671630859375,929.467134475708,640.0,360.0,True,-2.988610758460539,0.2653544360255422,-0.5311377470808326,-0.2956057725363668,-0.01675106664205584,2.331863092702848,2.3505847898129857,521.75,353.25,4499.5,483.0,326.0,549.0,314.0,560.0,380.0,495.0,393.0
moving,moving_frame_000010,moving_calib_camera,10,results/bus_real_data/ablation/world/route/route1/raw_images/moving/frame_0010.png,5,0.17,929.4671630859375,929.467134475708,640.0,360.0,True,-2.959673390716701,0.2544538530874902,-0.5846821238455944,-1.0583422829903124,-1.4459773275319088,4.964534543681378,5.278024446240007,441.75,89.25,1037.5,423.0,74.0,455.0,72.0,460.0,104.0,429.0,107.0
moving,moving_frame_000010,moving_calib_camera,10,results/bus_real_data/ablation/world/route/route1/raw_images/moving/frame_0010.png,6,0.17,929.4671630859375,929.467134475708,640.0,360.0,True,-2.9888238571302166,0.2552785252178073,-0.4774326127826671,-2.461630873982628,-1.4329895527564351,4.367477774372819,5.214206337276472,116.0,55.0,1504.0,92.0,38.0,132.0,35.0,140.0,72.0,100.0,75.0
moving,moving_frame_000011,moving_calib_camera,11,results/bus_real_data/ablation/world/route/route1/raw_images/moving/frame_0011.png,14,0.17,929.4671630859375,929.467134475708,640.0,360.0,True,1.1747869380155584,-1.9983462220002917,1.1929376077429714,-1.899840875785991,0.4275242124661908,2.991017836527733,3.5690839166345136,49.25,493.25,1656.0,18.0,515.0,20.0,487.0,79.0,472.0,80.0,499.0
moving,moving_frame_000011,moving_calib_camera,11,results/bus_real_data/ablation/world/route/route1/raw_images/moving/frame_0011.png,1,0.17,929.4671630859375,929.467134475708,640.0,360.0,True,2.0221441543514214,-0.509597427137681,0.3074477424068971,0.06942067806921953,0.04363833373697147,1.1171198403401132,1.1201251146173135,698.0,398.75,10357.5,603.0,382.0,719.0,351.0,798.0,412.0,672.0,450.0
moving,moving_frame_000011,moving_calib_camera,11,results/bus_real_data/ablation/world/route/route1/raw_images/moving/frame_0011.png,2,0.17,929.4671630859375,929.467134475708,640.0,360.0,True,-2.968643568791336,0.3283328312190698,-0.7413554955943723,-0.4815557322478473,0.04016898492652637,2.2617887217590367,2.312833260848513,441.5,376.5,4796.0,400.0,350.0,468.0,335.0,482.0,402.0,416.0,419.0
moving,moving_frame_000011,moving_calib_camera,11,results/bus_real_data/ablation/world/route/route1/raw_images/moving/frame_0011.png,5,0.17,929.4671630859375,929.467134475708,640.0,360.0,True,-2.602244180213146,0.11799373720889622,-0.030514160906566824,-1.520343334985028,-1.3018053636693958,4.766546940458137,5.169730244094234,343.5,106.0,1113.0,323.0,91.0,356.0,88.0,364.0,121.0,331.0,124.0
moving,moving_frame_000011,moving_calib_camera,11,results/bus_real_data/ablation/world/route/route1/raw_images/moving/frame_0011.png,8,0.17,929.4671630859375,929.467134475708,640.0,360.0,True,-2.396896706963269,0.14249950628736255,-0.5590944661017876,-2.353449073387997,-1.8438292184495337,5.175983830369403,5.977393858537728,217.25,28.75,1017.5,197.0,15.0,230.0,12.0,237.0,42.0,205.0,46.0
moving,moving_frame_000012,moving_calib_camera,12,results/bus_real_data/ablation/world/route/route1/raw_images/moving/frame_0012.png,1,0.17,929.4671630859375,929.467134475708,640.0,360.0,True,1.9890237430256141,-0.6051121606542481,0.3669367828235596,-0.007572157553871779,0.06700292297705102,1.0903035050567276,1.0923865901760579,633.5,419.75,11083.5,535.0,407.0,652.0,369.0,736.0,428.0,611.0,475.0
moving,moving_frame_000012,moving_calib_camera,12,results/bus_real_data/ablation/world/route/route1/raw_images/moving/frame_0012.png,2,0.17,929.4671630859375,929.467134475708,640.0,360.0,True,-2.8816438077616646,0.37063179074465574,-0.8166588811764348,-0.6569667682402208,0.1023481753991497,2.1847304520744237,2.2836653940104386,359.75,403.5,5253.0,315.0,379.0,386.0,359.0,404.0,427.0,334.0,449.0
moving,moving_frame_000012,moving_calib_camera,12,results/bus_real_data/ablation/world/route/route1/raw_images/moving/frame_0012.png,5,0.17,929.4671630859375,929.467134475708,640.0,360.0,True,-2.9371011450240285,0.3658571368492428,-0.7535400123258279,-2.031401166359114,-1.1929669740783253,4.733995737534005,5.287766687640151,241.0,125.75,1213.0,219.0,111.0,254.0,107.0,263.0,140.0,228.0,145.0
moving,moving_frame_000012,moving_calib_camera,12,results/bus_real_data/ablation/world/route/route1/raw_images/moving/frame_0012.png,8,0.17,929.4671630859375,929.467134475708,640.0,360.0,True,2.972814065812591,-0.43432268751045183,0.7090423725133466,-2.802837247735917,-1.621957397406069,4.827878932448916,5.813351651386677,100.25,47.75,1183.0,77.0,33.0,114.0,31.0,123.0,61.0,87.0,66.0
moving,moving_frame_000013,moving_calib_camera,13,results/bus_real_data/ablation/world/route/route1/raw_images/moving/frame_0013.png,1,0.17,929.4671630859375,929.467134475708,640.0,360.0,True,1.9586275044188672,-0.7057335036736412,0.44482787651602596,-0.07858502994118503,0.09292288891296449,1.0645420606694969,1.071475650282939,571.0,444.0,12048.0,468.0,435.0,586.0,390.0,676.0,447.0,554.0,504.0
moving,moving_frame_000013,moving_calib_camera,13,results/bus_real_data/ablation/world/route/route1/raw_images/moving/frame_0013.png,2,0.17,929.4671630859375,929.467134475708,640.0,360.0,True,-2.916517531265865,0.4604138504327485,-0.9547311251072617,-0.8182809968284218,0.17000676797763908,2.0890953228223963,2.2500678564805843,275.0,435.75,5974.5,225.0,412.0,301.0,388.0,324.0,458.0,250.0,485.0
moving,moving_frame_000013,moving_calib_camera,13,results/bus_real_data/ablation/world/route/route1/raw_images/moving/frame_0013.png,5,0.17,929.4671630859375,929.467134475708,640.0,360.0,True,-2.973468219793886,0.46209016654926055,-0.8964057447122187,-2.4463819834751503,-1.0210446821000168,4.471268665572755,5.198034294966637,131.25,147.75,1391.5,106.0,133.0,145.0,128.0,156.0,162.0,118.0,168.0
moving,moving_frame_000014,moving_calib_camera,14,results/bus_real_data/ablation/world/route/route1/raw_images/moving/frame_0014.png,2,0.17,929.4671630859375,929.467134475708,640.0,360.0,True,-2.8417052355421886,0.5048554318421442,-1.166537007132937,-0.9674863463658161,0.2419399817390796,1.9850763697356044,2.221506916228457,185.75,473.5,6766.5,131.0,451.0,212.0,422.0,239.0,494.0,161.0,527.0
moving,moving_frame_000014,moving_calib_camera,14,results/bus_real_data/ablation/world/route/route1/raw_images/moving/frame_0014.png,1,0.17,929.4671630859375,929.467134475708,640.0,360.0,True,1.9092699465660645,-0.8152504875704131,0.4966399562499994,-0.14314821237971959,0.11885568355816124,1.0270428645506848,1.043760092093036,509.75,470.75,13263.5,401.0,469.0,521.0,413.0,619.0,466.0,498.0,535.0
moving,moving_frame_000015,moving_calib_camera,15,results/bus_real_data/ablation/world/route/route1/raw_images/moving/frame_0015.png,2,0.17,929.4671630859375,929.467134475708,640.0,360.0,True,-2.782251034210897,0.5534975406353362,-1.250425881359707,-1.0952149655296621,0.3151842822266557,1.85789744993426,2.17959167895161,90.5,518.0,8141.0,28.0,498.0,118.0,461.0,151.0,536.0,65.0,577.0
moving,moving_frame_000015,moving_calib_camera,15,results/bus_real_data/ablation/world/route/route1/raw_images/moving/frame_0015.png,1,0.17,929.4671630859375,929.467134475708,640.0,360.0,True,1.8694347875211301,-0.9149054160751993,0.5560529606266937,-0.20307748819924734,0.14803107206409008,0.9939412700385447,1.0252184707639609,449.0,502.0,14815.0,335.0,507.0,456.0,440.0,563.0,490.0,442.0,571.0
moving,moving_frame_000016,moving_calib_camera,16,results/bus_real_data/ablation/world/route/route1/raw_images/moving/frame_0016.png,1,0.17,929.4671630859375,929.467134475708,640.0,360.0,True,1.816647554440712,-1.0069935118974056,0.6301723032386772,-0.2546650202840901,0.17549310777921837,0.950098111275866,0.9991689168925704,389.25,535.75,16771.0,267.0,548.0,392.0,470.0,509.0,516.0,389.0,609.0
moving,moving_frame_000017,moving_calib_camera,17,results/bus_real_data/ablation/world/route/route1/raw_images/moving/frame_0017.png,1,0.17,929.4671630859375,929.467134475708,640.0,360.0,True,1.7717907813491467,-1.0927081539724606,0.6897685827332467,-0.3007104339912932,0.20399373002725238,0.9080543363921311,0.9780607776831749,330.0,573.5,19318.0,199.0,594.0,329.0,503.0,456.0,545.0,336.0,652.0
moving,moving_frame_000018,moving_calib_camera,18,results/bus_real_data/ablation/world/route/route1/raw_images/moving/frame_0018.png,1,0.17,929.4671630859375,929.467134475708,640.0,360.0,True,1.7204486581835228,-1.1835996536115243,0.7472426634718515,-0.339847842124812,0.2314488902261513,0.8622382898201845,0.9552591339609606,270.75,615.0,22572.5,129.0,647.0,265.0,539.0,404.0,576.0,285.0,698.0
moving,moving_frame_000038,moving_calib_camera,38,results/bus_real_data/ablation/world/route/route1/raw_images/moving/frame_0038.png,0,0.17,929.4671630859375,929.467134475708,640.0,360.0,True,-2.957170720168858,0.04272987329859067,-0.08856620075117004,0.42887785786501337,0.3816045121278013,1.2468476339136205,1.3726570011620434,959.5,643.75,14537.5,899.0,588.0,1025.0,582.0,1018.0,699.0,896.0,706.0
moving,moving_frame_000039,moving_calib_camera,39,results/bus_real_data/ablation/world/route/route1/raw_images/moving/frame_0039.png,0,0.17,929.4671630859375,929.467134475708,640.0,360.0,True,-2.9218189984530265,0.11214675285359277,-0.2088982857149263,0.3326577361580198,0.26677631105084276,1.359296293326252,1.424611239115487,867.0,541.75,12057.0,810.0,494.0,923.0,481.0,922.0,589.0,813.0,603.0
moving,moving_frame_000040,moving_calib_camera,40,results/bus_real_data/ablation/world/route/route1/raw_images/moving/frame_0040.png,0,0.17,929.4671630859375,929.467134475708,640.0,360.0,True,-2.8502305637909107,0.19378839645137685,-0.33919047378734196,0.21622612538558186,0.1510241539063847,1.4517964784025195,1.4755592319742228,777.75,456.0,10381.5,723.0,415.0,826.0,396.0,831.0,496.0,731.0,517.0
moving,moving_frame_000041,moving_calib_camera,41,results/bus_real_data/ablation/world/route/route1/raw_images/moving/frame_0041.png,0,0.17,929.4671630859375,929.467134475708,640.0,360.0,True,-2.7961395728609695,0.2687375168233405,-0.4254293825131496,0.08161505879360337,0.03817502796637427,1.530936717239487,1.5335858576467551,688.75,382.5,9468.0,634.0,346.0,731.0,323.0,742.0,418.0,648.0,443.0
moving,moving_frame_000042,moving_calib_camera,42,results/bus_real_data/ablation/world/route/route1/raw_images/moving/frame_0042.png,0,0.17,929.4671630859375,929.467134475708,640.0,360.0,True,-2.779072229621458,0.3329929705712086,-0.5561675427129015,-0.037293338328275326,0.02500810248591951,1.5424292910008728,1.5430827314214455,616.5,374.5,9357.0,560.0,341.0,655.0,313.0,671.0,407.0,580.0,437.0
moving,moving_frame_000043,moving_calib_camera,43,results/bus_real_data/ablation/world/route/route1/raw_images/moving/frame_0043.png,0,0.17,929.4671630859375,929.467134475708,640.0,360.0,True,-2.74436773433652,0.42320694409223264,-0.6785914482233665,-0.1568849936426861,0.019775654800023048,1.5351816350325167,1.543303803628484,543.75,371.5,9519.0,484.0,342.0,578.0,307.0,601.0,400.0,512.0,437.0
moving,moving_frame_000044,moving_calib_camera,44,results/bus_real_data/ablation/world/route/route1/raw_images/moving/frame_0044.png,0,0.17,929.4671630859375,929.467134475708,640.0,360.0,True,-2.6984933675063005,0.48915372629153586,-0.7910779254660293,-0.27731454656071647,0.022481521070232616,1.5318146560889703,1.5568766544375883,470.25,373.25,9678.5,408.0,347.0,501.0,307.0,530.0,398.0,442.0,441.0
moving,moving_frame_000045,moving_calib_camera,45,results/bus_real_data/ablation/world/route/route1/raw_images/moving/frame_0045.png,0,0.17,929.4671630859375,929.467134475708,640.0,360.0,True,-2.6406260881566204,0.5617542245402878,-0.8931211416344357,-0.39466320360814794,0.033299438002783614,1.504934811835069,1.5561801581843286,394.5,380.25,10218.0,328.0,358.0,422.0,311.0,458.0,401.0,370.0,451.0
moving,moving_frame_000046,moving_calib_camera,46,results/bus_real_data/ablation/world/route/route1/raw_images/moving/frame_0046.png,0,0.17,929.4671630859375,929.467134475708,640.0,360.0,True,-2.584821019703587,0.6300467971199984,-0.9971866784230317,-0.5098599808065675,0.053064796253404906,1.4742632909371376,1.560841223069883,316.5,393.25,10934.5,245.0,375.0,341.0,321.0,384.0,410.0,296.0,467.0
moving,moving_frame_000047,moving_calib_camera,47,results/bus_real_data/ablation/world/route/route1/raw_images/moving/frame_0047.png,0,0.17,929.4671630859375,929.467134475708,640.0,360.0,True,-2.5274889813753547,0.7027784948593313,-1.1025166240322533,-0.6244487042795464,0.08083485472070788,1.443369925684748,1.5747340094077213,235.5,412.0,11805.0,159.0,398.0,256.0,337.0,308.0,424.0,219.0,489.0
moving,moving_frame_000048,moving_calib_camera,48,results/bus_real_data/ablation/world/route/route1/raw_images/moving/frame_0048.png,0,0.17,929.4671630859375,929.467134475708,640.0,360.0,True,-2.467170217334937,0.7721116959901483,-1.1982286391214094,-0.7322242579367066,0.11684686195752295,1.3990600268108435,1.5834059844778405,150.75,437.75,13111.0,67.0,429.0,168.0,359.0,229.0,445.0,139.0,518.0
moving,moving_frame_000055,moving_calib_camera,55,results/bus_real_data/ablation/world/route/route1/raw_images/moving/frame_0055.png,3,0.17,929.4671630859375,929.467134475708,640.0,360.0,True,-2.379261110283804,0.08837458872152393,-0.22380482035338076,1.2236320405307735,0.004978660472066043,2.018383023124586,2.3603326430211364,1203.75,361.5,3693.5,1184.0,338.0,1256.0,328.0,1222.0,385.0,1153.0,395.0
moving,moving_frame_000056,moving_calib_camera,56,results/bus_real_data/ablation/world/route/route1/raw_images/moving/frame_0056.png,3,0.17,929.4671630859375,929.467134475708,640.0,360.0,True,-2.362218338922364,0.1280589686677427,-0.3347745687554275,1.065215639126136,-0.0815228345423843,2.1036683444574704,2.359396285888227,1110.75,323.25,3286.5,1091.0,302.0,1157.0,288.0,1129.0,345.0,1066.0,358.0
moving,moving_frame_000057,moving_calib_camera,57,results/bus_real_data/ablation/world/route/route1/raw_images/moving/frame_0057.png,14,0.17,929.4671630859375,929.467134475708,640.0,360.0,True,2.3148173649665615,-0.45585687654510637,0.19174140162155637,1.0684295978976754,0.6083007188815253,1.949062339409757,2.304433894291829,1150.0,651.25,6088.5,1089.0,630.0,1151.0,603.0,1212.0,671.0,1148.0,701.0
moving,moving_frame_000057,moving_calib_camera,57,results/bus_real_data/ablation/world/route/route1/raw_images/moving/frame_0057.png,3,0.17,929.4671630859375,929.467134475708,640.0,360.0,True,-2.3419614769101456,0.17568000116860397,-0.4580422502432739,0.8990896419278204,-0.15688704457280345,2.1817287113825405,2.3649346500585606,1023.0,292.5,2947.0,1003.0,273.0,1064.0,256.0,1041.0,312.0,984.0,329.0
moving,moving_frame_000058,moving_calib_camera,58,results/bus_real_data/ablation/world/route/route1/raw_images/moving/frame_0058.png,14,0.17,929.4671630859375,929.467134475708,640.0,360.0,True,2.290698183018548,-0.5884936996581817,0.2250545363942624,0.9670698768127198,0.5360581879417664,2.0400866911349085,2.3204603497676404,1081.0,605.25,5398.0,1023.0,591.0,1079.0,559.0,1139.0,618.0,1083.0,653.0
moving,moving_frame_000058,moving_calib_camera,58,results/bus_real_data/ablation/world/route/route1/raw_images/moving/frame_0058.png,3,0.17,929.4671630859375,929.467134475708,640.0,360.0,True,-2.305270319193839,0.2448678913894472,-0.5670930884576064,0.7138728891464221,-0.21886682134482371,2.219967867328349,2.342173033598121,938.75,267.75,2747.0,918.0,251.0,975.0,229.0,958.0,285.0,904.0,306.0
moving,moving_frame_000059,moving_calib_camera,59,results/bus_real_data/ablation/world/route/route1/raw_images/moving/frame_0059.png,14,0.17,929.4671630859375,929.467134475708,640.0,360.0,True,2.2547945311337494,-0.6939142949165135,0.2856417828650443,0.8410159361225693,0.46401236128832846,2.090516649242754,2.3006249448794653,1014.25,567.25,4910.0,959.0,558.0,1009.0,523.0,1070.0,575.0,1019.0,613.0
moving,moving_frame_000059,moving_calib_camera,59,results/bus_real_data/ablation/world/route/route1/raw_images/moving/frame_0059.png,3,0.17,929.4671630859375,929.467134475708,640.0,360.0,True,-2.275573758119912,0.2897097784661785,-0.6735555361852629,0.5337128499011099,-0.27255511072698796,2.273195206159667,2.350861999318602,858.0,248.0,2596.0,837.0,232.0,890.0,209.0,878.0,263.0,827.0,288.0
moving,moving_frame_000060,moving_calib_camera,60,results/bus_real_data/ablation/world/route/route1/raw_images/moving/frame_0060.png,14,0.17,929.4671630859375,929.467134475708,640.0,360.0,True,2.2358836311253305,-0.808152745728631,0.3371744281396585,0.7142982583916785,0.403602243163316,2.1450913298909877,2.2966352749623375,949.75,535.75,4551.0,897.0,531.0,942.0,493.0,1003.0,539.0,957.0,580.0
moving,moving_frame_000060,moving_calib_camera,60,results/bus_real_data/ablation/world/route/route1/raw_images/moving/frame_0060.png,3,0.17,929.4671630859375,929.467134475708,640.0,360.0,True,-2.249482276958648,0.3312923075979339,-0.7952897797688803,0.34241653580747095,-0.3077129925364966,2.2927550311270224,2.3385170520071963,778.5,234.75,2534.0,757.0,220.0,807.0,194.0,799.0,249.0,751.0,276.0
moving,moving_frame_000061,moving_calib_camera,61,results/bus_real_data/ablation/world/route/route1/raw_images/moving/frame_0061.png,14,0.17,929.4671630859375,929.467134475708,640.0,360.0,True,2.203868469022044,-0.9263658825825378,0.37639909508469055,0.5813726329171639,0.3520045070454068,2.189405935414452,2.292465847360293,887.0,510.25,4294.0,836.0,510.0,877.0,469.0,938.0,509.0,897.0,553.0
moving,moving_frame_000061,moving_calib_camera,61,results/bus_real_data/ablation/world/route/route1/raw_images/moving/frame_0061.png,3,0.17,929.4671630859375,929.467134475708,640.0,360.0,True,-2.2025674070205175,0.3709288487265488,-0.9054675117158377,0.15092248244700762,-0.33243805881949035,2.31374243452952,2.342369892225015,700.25,226.0,2456.0,678.0,213.0,726.0,184.0,721.0,239.0,676.0,268.0
moving,moving_frame_000062,moving_calib_camera,62,results/bus_real_data/ablation/world/route/route1/raw_images/moving/frame_0062.png,14,0.17,929.4671630859375,929.467134475708,640.0,360.0,True,2.1673623697439526,-1.0248787504404822,0.4223410381861341,0.442550531287881,0.30988429567855313,2.2161121827137302,2.2810156632131204,825.75,490.75,4105.5,776.0,494.0,814.0,451.0,875.0,486.0,838.0,532.0
moving,moving_frame_000062,moving_calib_camera,62,results/bus_real_data/ablation/world/route/route1/raw_images/moving/frame_0062.png,3,0.17,929.4671630859375,929.467134475708,640.0,360.0,True,-2.1732382136459076,0.42353284198292185,-1.0247587179721283,-0.04130238404452428,-0.34286483158496156,2.3202036869980676,2.3457636984199777,623.0,222.25,2473.5,600.0,210.0,645.0,179.0,645.0,234.0,602.0,266.0
moving,moving_frame_000063,moving_calib_camera,63,results/bus_real_data/ablation/world/route/route1/raw_images/moving/frame_0063.png,14,0.17,929.4671630859375,929.467134475708,640.0,360.0,True,2.119674866071327,-1.1443923586460014,0.48267976084420056,0.30106881149290315,0.27784621248252866,2.231274055734463,2.2685733091170657,765.5,476.5,3984.0,717.0,484.0,751.0,438.0,813.0,468.0,781.0,516.0
moving,moving_frame_000063,moving_calib_camera,63,results/bus_real_data/ablation/world/route/route1/raw_images/moving/frame_0063.png,3,0.17,929.4671630859375,929.467134475708,640.0,360.0,True,-2.1167816421268886,0.4754819940033304,-1.1459623613418932,-0.23230097044838313,-0.33477624041337306,2.285493251345496,2.3215336038839456,545.0,223.5,2527.0,521.0,213.0,564.0,178.0,568.0,234.0,527.0,269.0
moving,moving_frame_000064,moving_calib_camera,64,results/bus_real_data/ablation/world/route/route1/raw_images/moving/frame_0064.png,14,0.17,929.4671630859375,929.467134475708,640.0,360.0,True,2.075545532242975,-1.2566254619509178,0.5372025690764601,0.15972038955217052,0.25728105902879556,2.250445729893318,2.2707289863320863,706.0,467.0,3890.0,659.0,478.0,689.0,430.0,752.0,455.0,724.0,505.0
moving,moving_frame_000064,moving_calib_camera,64,results/bus_real_data/ablation/world/route/route1/raw_images/moving/frame_0064.png,3,0.17,929.4671630859375,929.467134475708,640.0,360.0,True,-2.0652430640129933,0.5257895412223914,-1.2481834545456156,-0.42046110196323855,-0.31828265847282367,2.263555882157971,2.324172244176541,466.75,229.0,2629.0,441.0,220.0,483.0,182.0,491.0,238.0,452.0,276.0
moving,moving_frame_000065,moving_calib_camera,65,results/bus_real_data/ablation/world/route/route1/raw_images/moving/frame_0065.png,14,0.17,929.4671630859375,929.467134475708,640.0,360.0,True,2.1316821759638565,-1.1430639905792568,0.46129698418662607,0.24308314291957545,0.3714721052140711,2.1794028657622855,2.2241577710712646,743.75,519.25,4396.0,694.0,527.0,730.0,478.0,793.0,510.0,758.0,562.0
moving,moving_frame_000065,moving_calib_camera,65,results/bus_real_data/ablation/world/route/route1/raw_images/moving/frame_0065.png,3,0.17,929.4671630859375,929.467134475708,640.0,360.0,True,-2.1261695392667863,0.47453454692950586,-1.120947042888605,-0.2946076157947462,-0.24568152720865938,2.246101757249662,2.2786237434065026,517.5,258.0,2734.0,491.0,249.0,537.0,212.0,543.0,267.0,499.0,304.0
moving,moving_frame_000066,moving_calib_camera,66,results/bus_real_data/ablation/world/route/route1/raw_images/moving/frame_0066.png,14,0.17,929.4671630859375,929.467134475708,640.0,360.0,True,2.1374005802891984,-1.0258506888843348,0.44088772361916556,0.30554429703584135,0.481868143930165,2.0900366534757655,2.1665196602980563,776.0,575.25,4892.5,723.0,579.0,765.0,531.0,828.0,569.0,788.0,622.0
moving,moving_frame_000066,moving_calib_camera,66,results/bus_real_data/ablation/world/route/route1/raw_images/moving/frame_0066.png,3,0.17,929.4671630859375,929.467134475708,640.0,360.0,True,-2.184343328209155,0.42598583257396705,-1.0469403323841984,-0.17934238610829456,-0.166348004127569,2.1887178859161005,2.202344508486646,563.25,289.0,2878.0,536.0,279.0,586.0,243.0,589.0,299.0,542.0,335.0
moving,moving_frame_000067,moving_calib_camera,67,results/bus_real_data/ablation/world/route/route1/raw_images/moving/frame_0067.png,14,0.17,929.4671630859375,929.467134475708,640.0,360.0,True,2.1707724336513565,-0.9136757415554476,0.40970433313587146,0.3510134485780876,0.590738460161495,2.0064601238235595,2.120864115847762,802.75,634.75,5558.0,747.0,634.0,795.0,586.0,858.0,633.0,811.0,686.0
moving,moving_frame_000067,moving_calib_camera,67,results/bus_real_data/ablation/world/route/route1/raw_images/moving/frame_0067.png,3,0.17,929.4671630859375,929.467134475708,640.0,360.0,True,-2.2397943920877608,0.3616661301467118,-0.9105079181598559,-0.07980668208147976,-0.0888540344585276,2.1543333949838934,2.1576414258831886,605.0,321.25,3064.0,576.0,310.0,632.0,277.0,632.0,332.0,580.0,366.0
moving,moving_frame_000068,moving_calib_camera,68,results/bus_real_data/ablation/world/route/route1/raw_images/moving/frame_0068.png,3,0.17,929.4671630859375,929.467134475708,640.0,360.0,True,-2.2988278114562126,0.31331084186840386,-0.8230359023553413,0.0057851001827775115,-0.009719897508965325,2.103112800780162,2.1031432182799836,642.0,355.25,3277.0,612.0,343.0,672.0,311.0,670.0,368.0,614.0,399.0
moving,moving_frame_000069,moving_calib_camera,69,results/bus_real_data/ablation/world/route/route1/raw_images/moving/frame_0069.png,3,0.17,929.4671630859375,929.467134475708,640.0,360.0,True,-2.351131137163603,0.2685568130218697,-0.7154414846617853,0.07920741488291104,0.0675403717669462,2.0577753534035597,2.060406494230203,675.25,390.0,3519.0,644.0,376.0,708.0,347.0,705.0,404.0,644.0,433.0
moving,moving_frame_000070,moving_calib_camera,70,results/bus_real_data/ablation/world/route/route1/raw_images/moving/frame_0070.png,3,0.17,929.4671630859375,929.467134475708,640.0,360.0,True,-2.394065899347166,0.21338386368804999,-0.6005073521238721,0.14074769697689446,0.14203748500865943,2.00564845849294,2.0155917990523258,704.75,425.25,3792.0,672.0,409.0,741.0,384.0,736.0,441.0,670.0,467.0
moving,moving_frame_000071,moving_calib_camera,71,results/bus_real_data/ablation/world/route/route1/raw_images/moving/frame_0071.png,3,0.17,929.4671630859375,929.467134475708,640.0,360.0,True,-2.4447842792228935,0.2103748379742073,-0.6036434741870262,0.07201749922320871,0.27501545599344984,1.9658713340039269,1.9863207503039455,673.5,489.5,4033.0,638.0,474.0,710.0,447.0,707.0,505.0,639.0,532.0
moving,moving_frame_000072,moving_calib_camera,72,results/bus_real_data/ablation/world/route/route1/raw_images/moving/frame_0072.png,3,0.17,929.4671630859375,929.467134475708,640.0,360.0,True,-2.5002838275715478,0.18274325438969835,-0.6118807937385011,0.0033555186383307915,0.4042207516402883,1.9194861607824532,1.9615893548338126,641.0,555.25,4343.5,604.0,539.0,678.0,512.0,677.0,571.0,605.0,599.0
moving,moving_frame_000073,moving_calib_camera,73,results/bus_real_data/ablation/world/route/route1/raw_images/moving/frame_0073.png,3,0.17,929.4671630859375,929.467134475708,640.0,360.0,True,-2.5415480722795825,0.17377387316685358,-0.6438402348331141,-0.06462975555836023,0.5251899941451833,1.8477996639283178,1.9220731342140327,606.75,623.75,4750.5,567.0,608.0,645.0,578.0,645.0,639.0,570.0,670.0
moving,moving_frame_000075,moving_calib_camera,75,results/bus_real_data/ablation/world/route/route1/raw_images/moving/frame_0075.png,4,0.17,929.4671630859375,929.467134475708,640.0,360.0,True,-2.650189034920324,0.1444269012504626,-0.6347531961858022,0.32823784202585726,-0.44981851733495876,1.4890069749399242,1.589722790581728,844.0,78.0,9287.0,805.0,25.0,892.0,21.0,881.0,128.0,798.0,138.0
moving,moving_frame_000076,moving_calib_camera,76,results/bus_real_data/ablation/world/route/route1/raw_images/moving/frame_0076.png,4,0.17,929.4671630859375,929.467134475708,640.0,360.0,True,-2.7079698653284354,0.12193172516024443,-0.6539584280143551,0.2586895995979792,-0.3520914984694282,1.4727664045862052,1.5362062409430537,802.25,136.75,9539.0,761.0,84.0,850.0,80.0,842.0,187.0,756.0,196.0
moving,moving_frame_000077,moving_calib_camera,77,results/bus_real_data/ablation/world/route/route1/raw_images/moving/frame_0077.png,4,0.17,929.4671630859375,929.467134475708,640.0,360.0,True,-2.763152265055777,0.10550009150299519,-0.6801298155355077,0.18962893900367958,-0.2589028908220414,1.4550894900582356,1.490058812752573,760.0,193.75,9829.0,716.0,141.0,808.0,137.0,802.0,244.0,714.0,253.0
moving,moving_frame_000078,moving_calib_camera,78,results/bus_real_data/ablation/world/route/route1/raw_images/moving/frame_0078.png,4,0.17,929.4671630859375,929.467134475708,640.0,360.0,True,-2.8147464608301576,0.08970432000952308,-0.6786860083871621,0.12147209704617881,-0.16863879856226782,1.4343705065421009,1.4493492556244558,717.5,250.0,10326.0,671.0,197.0,766.0,193.0,763.0,300.0,670.0,310.0
moving,moving_frame_000079,moving_calib_camera,79,results/bus_real_data/ablation/world/route/route1/raw_images/moving/frame_0079.png,4,0.17,929.4671630859375,929.467134475708,640.0,360.0,True,-2.8722839351936758,0.07669946693981654,-0.6943765008447207,0.05274695664172159,-0.08134703077929092,1.4078064818875262,1.4111409112119542,673.5,305.75,10927.0,624.0,252.0,723.0,248.0,722.0,356.0,625.0,367.0
moving,moving_frame_000080,moving_calib_camera,80,results/bus_real_data/ablation/world/route/route1/raw_images/moving/frame_0080.png,7,0.17,929.4671630859375,929.467134475708,640.0,360.0,True,2.646244569441551,0.4402485682891997,-1.3206092506721403,1.0511324682891954,0.3845644402004,1.9692597009594768,2.26511656308928,1137.5,542.0,6808.0,1110.0,491.0,1191.0,517.0,1164.0,595.0,1085.0,565.0
moving,moving_frame_000080,moving_calib_camera,80,results/bus_real_data/ablation/world/route/route1/raw_images/moving/frame_0080.png,4,0.17,929.4671630859375,929.467134475708,640.0,360.0,True,-2.784062275019327,0.1037604720924269,-0.8453542883248681,-0.1556336696812605,-0.11685141663148242,1.352547296584889,1.3664773259027505,531.25,279.0,12157.0,476.0,224.0,583.0,218.0,584.0,330.0,482.0,344.0
moving,moving_frame_000081,moving_calib_camera,81,results/bus_real_data/ablation/world/route/route1/raw_images/moving/frame_0081.png,7,0.17,929.4671630859375,929.467134475708,640.0,360.0,True,2.759858301425663,0.4278249373242252,-1.1692535605260999,0.8044389930187964,0.3092317150075868,2.03651626578739,2.2113671897430884,1008.25,501.5,6026.5,983.0,453.0,1057.0,476.0,1033.0,552.0,960.0,525.0
moving,moving_frame_000081,moving_calib_camera,81,results/bus_real_data/ablation/world/route/route1/raw_images/moving/frame_0081.png,4,0.17,929.4671630859375,929.467134475708,640.0,360.0,True,-2.714658168190573,0.13550307710923767,-0.9884602595865011,-0.3526375278874103,-0.14176991482207052,1.2740769518892123,1.3295578265568246,380.25,255.75,14506.5,316.0,198.0,435.0,190.0,442.0,309.0,328.0,326.0
moving,moving_frame_000082,moving_calib_camera,82,results/bus_real_data/ablation/world/route/route1/raw_images/moving/frame_0082.png,6,0.17,929.4671630859375,929.467134475708,640.0,360.0,True,2.8694876337631956,0.4010272476852363,-1.0206627932119947,0.8608544734667941,0.32907947947002736,1.7545328211778977,1.981854976754487,1097.5,534.75,8980.0,1062.0,478.0,1158.0,505.0,1132.0,595.0,1038.0,561.0
moving,moving_frame_000082,moving_calib_camera,82,results/bus_real_data/ablation/world/route/route1/raw_images/moving/frame_0082.png,7,0.17,929.4671630859375,929.467134475708,640.0,360.0,True,2.832348955689969,0.395198529835997,-1.0776840628768474,0.5516297981477281,0.2381086901874326,2.0546029497954166,2.1406504768072963,890.5,468.0,5568.0,866.0,421.0,936.0,441.0,914.0,517.0,846.0,493.0
moving,moving_frame_000082,moving_calib_camera,82,results/bus_real_data/ablation/world/route/route1/raw_images/moving/frame_0082.png,4,0.17,929.4671630859375,929.467134475708,640.0,360.0,True,-2.6539677086757814,0.16233897718976079,-1.06615427768118,-0.5393540998264837,-0.1557982129346457,1.1801658779730244,1.3068922785314425,211.75,236.25,18643.0,132.0,174.0,273.0,165.0,288.0,292.0,154.0,314.0
moving,moving_frame_000083,moving_calib_camera,83,results/bus_real_data/ablation/world/route/route1/raw_images/moving/frame_0083.png,6,0.17,929.4671630859375,929.467134475708,640.0,360.0,True,2.8963110606294555,0.36925025019762103,-0.9802281114512761,0.6425828786250604,0.26410928673483525,1.767293273416561,1.898944966423481,979.25,499.25,8251.5,946.0,444.0,1035.0,468.0,1012.0,557.0,924.0,528.0
moving,moving_frame_000083,moving_calib_camera,83,results/bus_real_data/ablation/world/route/route1/raw_images/moving/frame_0083.png,7,0.17,929.4671630859375,929.467134475708,640.0,360.0,True,2.9262479715872685,0.37032034997982843,-0.9492092186147579,0.3044679457150179,0.17452216668499237,2.0263737436807716,2.0565381751164193,780.5,440.25,5523.5,756.0,393.0,824.0,412.0,805.0,489.0,737.0,467.0
moving,moving_frame_000084,moving_calib_camera,84,results/bus_real_data/ablation/world/route/route1/raw_images/moving/frame_0084.png,6,0.17,929.4671630859375,929.467134475708,640.0,360.0,True,2.994794459465594,0.33141816613039005,-0.8028599811893291,0.4370971776497584,0.21082636563982446,1.7686728172341681,1.834040684821722,870.75,471.0,7974.0,837.0,417.0,924.0,438.0,904.0,527.0,818.0,502.0
moving,moving_frame_000084,moving_calib_camera,84,results/bus_real_data/ablation/world/route/route1/raw_images/moving/frame_0084.png,7,0.17,929.4671630859375,929.467134475708,640.0,360.0,True,2.9886855604858926,0.3362975467288328,-0.8265973028833917,0.0721502376083078,0.12423858099182486,1.9872913399897958,1.992477792044929,674.5,418.25,5584.5,649.0,371.0,717.0,388.0,700.0,467.0,632.0,447.0
moving,moving_frame_000085,moving_calib_camera,85,results/bus_real_data/ablation/world/route/route1/raw_images/moving/frame_0085.png,6,0.17,929.4671630859375,929.467134475708,640.0,360.0,True,-3.042299135250913,-0.2846280555012939,0.6584153382462624,0.23805372446687584,0.1671285823187318,1.73725439126869,1.7614353121084994,768.25,449.5,8028.5,733.0,396.0,820.0,414.0,803.0,505.0,717.0,483.0
moving,moving_frame_000085,moving_calib_camera,85,results/bus_real_data/ablation/world/route/route1/raw_images/moving/frame_0085.png,7,0.17,929.4671630859375,929.467134475708,640.0,360.0,True,-3.0500085364050906,-0.2919077429715506,0.6724322984874435,-0.14793480833916534,0.08840883726491437,1.9254479612191533,1.9331452820178503,569.25,402.75,5914.5,541.0,355.0,612.0,370.0,597.0,452.0,527.0,434.0
moving,moving_frame_000086,moving_calib_camera,86,results/bus_real_data/ablation/world/route/route1/raw_images/moving/frame_0086.png,6,0.17,929.4671630859375,929.467134475708,640.0,360.0,True,-3.042299135250913,-0.2846280555012939,0.6584153382462624,0.23805372446687584,0.1671285823187318,1.73725439126869,1.7614353121084994,768.25,449.5,8028.5,733.0,396.0,820.0,414.0,803.0,505.0,717.0,483.0
moving,moving_frame_000086,moving_calib_camera,86,results/bus_real_data/ablation/world/route/route1/raw_images/moving/frame_0086.png,7,0.17,929.4671630859375,929.467134475708,640.0,360.0,True,-3.0500085364050906,-0.2919077429715506,0.6724322984874435,-0.14793480833916534,0.08840883726491437,1.9254479612191533,1.9331452820178503,569.25,402.75,5914.5,541.0,355.0,612.0,370.0,597.0,452.0,527.0,434.0
moving,moving_frame_000087,moving_calib_camera,87,results/bus_real_data/ablation/world/route/route1/raw_images/moving/frame_0087.png,6,0.17,929.4671630859375,929.467134475708,640.0,360.0,True,-3.0971313272083116,-0.17905238739045098,0.3524223517949966,-0.07858628966050603,0.1263655153566293,1.7399014372478898,1.7462534351379881,598.5,427.5,7950.0,560.0,377.0,647.0,388.0,637.0,479.0,550.0,466.0
moving,moving_frame_000087,moving_calib_camera,87,results/bus_real_data/ablation/world/route/route1/raw_images/moving/frame_0087.png,7,0.17,929.4671630859375,929.467134475708,640.0,360.0,True,-3.106040218988437,-0.17817733481160358,0.36447591637193855,-0.5000790579298223,0.07636241236357946,1.8561804691960615,1.9238805099139797,390.0,398.25,6601.0,356.0,351.0,433.0,361.0,424.0,446.0,347.0,435.0
moving,moving_frame_000087,moving_calib_camera,87,results/bus_real_data/ablation/world/route/route1/raw_images/moving/frame_0087.png,8,0.17,929.4671630859375,929.467134475708,640.0,360.0,True,-3.0688491561929694,-0.16866373291515765,0.4205989811036068,1.1074384562778292,-0.06334782713382574,2.068875860304093,2.347483803350856,1138.0,331.5,6464.0,1101.0,290.0,1185.0,297.0,1175.0,374.0,1091.0,365.0
moving,moving_frame_000088,moving_calib_camera,88,results/bus_real_data/ablation/world/route/route1/raw_images/moving/frame_0088.png,6,0.17,929.4671630859375,929.467134475708,640.0,360.0,True,-3.0749073602638144,-0.12025547673872974,0.23897508878541046,-0.23363864427220113,0.11577627954111906,1.712007623532188,1.7317509249410161,513.5,422.75,8194.5,472.0,373.0,561.0,381.0,555.0,473.0,466.0,464.0
moving,moving_frame_000088,moving_calib_camera,88,results/bus_real_data/ablation/world/route/route1/raw_images/moving/frame_0088.png,7,0.17,929.4671630859375,929.467134475708,640.0,360.0,True,-3.0835210687940564,-0.11405952803428471,0.246330895860554,-0.6587781637268512,0.08177166729874352,1.7744832877529755,1.8945886659353655,295.25,402.75,7335.0,256.0,355.0,339.0,362.0,334.0,451.0,252.0,443.0
moving,moving_frame_000088,moving_calib_camera,88,results/bus_real_data/ablation/world/route/route1/raw_images/moving/frame_0088.png,8,0.17,929.4671630859375,929.467134475708,640.0,360.0,True,-3.0994382412918733,-0.13121219480340238,0.304977393816986,0.9077332797550092,-0.1263351972922291,2.145767282022667,2.3332932772904043,1033.5,305.25,5771.5,998.0,266.0,1076.0,271.0,1069.0,345.0,991.0,339.0
moving,moving_frame_000089,moving_calib_camera,89,results/bus_real_data/ablation/world/route/route1/raw_images/moving/frame_0089.png,6,0.17,929.4671630859375,929.467134475708,640.0,360.0,True,-3.082312004657809,-0.05603408001795932,0.09733929691726159,-0.38217571341975404,0.11346342993371958,1.6704462165722866,1.717359248474497,427.5,423.0,8750.0,382.0,374.0,475.0,378.0,473.0,472.0,380.0,468.0
moving,moving_frame_000089,moving_calib_camera,89,results/bus_real_data/ablation/world/route/route1/raw_images/moving/frame_0089.png,7,0.17,929.4671630859375,929.467134475708,640.0,360.0,True,-3.0775903246384626,-0.057947400988729206,0.0997645330557648,-0.8178914231385808,0.09757928650268251,1.7068170182137077,1.8951760949478964,194.75,413.0,8236.0,150.0,365.0,240.0,369.0,239.0,461.0,150.0,457.0
moving,moving_frame_000089,moving_calib_camera,89,results/bus_real_data/ablation/world/route/route1/raw_images/moving/frame_0089.png,8,0.17,929.4671630859375,929.467134475708,640.0,360.0,True,-3.0807120812823667,-0.05032270033599782,0.13751627605883765,0.7010446386836364,-0.18210642598258328,2.200444906369378,2.3165888978794147,936.25,283.0,5299.0,901.0,246.0,975.0,248.0,971.0,320.0,898.0,318.0
moving,moving_frame_000090,moving_calib_camera,90,results/bus_real_data/ablation/world/route/route1/raw_images/moving/frame_0090.png,5,0.17,929.4671630859375,929.467134475708,640.0,360.0,True,-3.0831492166884713,0.010112165658164677,-0.025640842054617346,0.9526739868269578,0.3780121322947144,1.6921563264499713,1.9783513162437627,1163.25,567.5,8507.5,1118.0,522.0,1211.0,521.0,1208.0,613.0,1116.0,614.0
moving,moving_frame_000090,moving_calib_camera,90,results/bus_real_data/ablation/world/route/route1/raw_images/moving/frame_0090.png,7,0.17,929.4671630859375,929.467134475708,640.0,360.0,True,-3.0841825171051678,0.011803566312055067,-0.03888972249310576,-0.9641372825866695,0.1222006447415835,1.6192389350304344,1.8884989875473488,86.5,430.0,9607.0,35.0,382.0,134.0,381.0,138.0,478.0,39.0,479.0
moving,moving_frame_000090,moving_calib_camera,90,results/bus_real_data/ablation/world/route/route1/raw_images/moving/frame_0090.png,6,0.17,929.4671630859375,929.467134475708,640.0,360.0,True,-3.081598386823924,0.011048280539685441,-0.046302402073721945,-0.5245629216402797,0.1187027955993329,1.6189049266963733,1.7059043859855314,338.75,428.0,9557.0,288.0,380.0,387.0,379.0,389.0,476.0,291.0,477.0
moving,moving_frame_000090,moving_calib_camera,90,results/bus_real_data/ablation/world/route/route1/raw_images/moving/frame_0090.png,8,0.17,929.4671630859375,929.467134475708,640.0,360.0,True,-3.044824326703182,0.022223673654873006,-0.013301488048371576,0.4916100253110784,-0.23073848999774024,2.2370301939800488,2.302004508364658,844.25,264.0,5005.0,809.0,229.0,880.0,228.0,879.0,299.0,809.0,300.0
moving,moving_frame_000091,moving_calib_camera,91,results/bus_real_data/ablation/world/route/route1/raw_images/moving/frame_0091.png,5,0.17,929.4671630859375,929.467134475708,640.0,360.0,True,-3.0693291096514406,0.08076608565056961,-0.14969223775052268,0.8206494243256668,0.32463568129059933,1.7761672472159804,1.9833365557302305,1069.25,529.75,7403.5,1026.0,489.0,1111.0,483.0,1112.0,570.0,1028.0,577.0
moving,moving_frame_000091,moving_calib_camera,91,results/bus_real_data/ablation/world/route/route1/raw_images/moving/frame_0091.png,6,0.17,929.4671630859375,929.467134475708,640.0,360.0,True,-3.054497306853669,0.06762726034949705,-0.19089644962966107,-0.6621287346219074,0.13146607032487043,1.5624666055452059,1.702057485017069,245.75,438.0,10595.0,189.0,391.0,295.0,385.0,302.0,485.0,197.0,491.0
moving,moving_frame_000091,moving_calib_camera,91,results/bus_real_data/ablation/world/route/route1/raw_images/moving/frame_0091.png,8,0.17,929.4671630859375,929.467134475708,640.0,360.0,True,-3.025408439530403,0.06977366645341146,-0.07550209856732815,0.28240589577025665,-0.2721096135833769,2.271335091963327,2.3049424790554647,755.5,248.5,4836.0,720.0,215.0,789.0,212.0,791.0,282.0,722.0,285.0
moving,moving_frame_000092,moving_calib_camera,92,results/bus_real_data/ablation/world/route/route1/raw_images/moving/frame_0092.png,5,0.17,929.4671630859375,929.467134475708,640.0,360.0,True,-3.022353544449176,0.1391192654670785,-0.2878163043078242,0.6755092234152101,0.2724340173859339,1.8326840133467042,1.972121623410849,982.25,498.0,6632.5,941.0,461.0,1020.0,451.0,1023.0,534.0,945.0,546.0
moving,moving_frame_000092,moving_calib_camera,92,results/bus_real_data/ablation/world/route/route1/raw_images/moving/frame_0092.png,6,0.17,929.4671630859375,929.467134475708,640.0,360.0,True,-3.0504853154806173,0.1470811597077819,-0.30429037190814123,-0.784832384638695,0.15092037837436106,1.4816823958475378,1.6834849434286072,147.0,454.5,12257.0,82.0,408.0,198.0,396.0,211.0,500.0,97.0,514.0
moving,moving_frame_000092,moving_calib_camera,92,results/bus_real_data/ablation/world/route/route1/raw_images/moving/frame_0092.png,8,0.17,929.4671630859375,929.467134475708,640.0,360.0,True,-3.040417426241638,0.14889580292928972,-0.3119766176192942,0.06843949808237605,-0.30061052570480856,2.2505718205489336,2.271590670105693,668.0,235.75,4827.0,631.0,203.0,699.0,198.0,705.0,268.0,637.0,274.0
moving,moving_frame_000093,moving_calib_camera,93,results/bus_real_data/ablation/world/route/route1/raw_images/moving/frame_0093.png,5,0.17,929.4671630859375,929.467134475708,640.0,360.0,True,-3.0094800119942926,0.20672244451378338,-0.4062783256335167,0.5255301823149313,0.22602525417882585,1.8736360954280569,1.9590256777647053,900.25,472.0,6221.5,859.0,438.0,934.0,424.0,941.0,505.0,867.0,521.0
moving,moving_frame_000093,moving_calib_camera,93,results/bus_real_data/ablation/world/route/route1/raw_images/moving/frame_0093.png,8,0.17,929.4671630859375,929.467134475708,640.0,360.0,True,-3.045512251304474,0.2142765750322051,-0.3471727148665531,-0.14196003055120812,-0.32403378384405385,2.257334000270943,2.284886721946104,581.25,226.5,4871.0,542.0,195.0,611.0,188.0,620.0,257.0,552.0,266.0
moving,moving_frame_000094,moving_calib_camera,94,results/bus_real_data/ablation/world/route/route1/raw_images/moving/frame_0094.png,5,0.17,929.4671630859375,929.467134475708,640.0,360.0,True,-3.0161999816623997,0.18809204977781652,-0.3840404025195937,0.6115923193598356,0.30255955338258533,1.7397792395362477,1.8688015546773118,966.25,521.5,7100.0,923.0,485.0,1003.0,470.0,1009.0,557.0,930.0,574.0
moving,moving_frame_000094,moving_calib_camera,94,results/bus_real_data/ablation/world/route/route1/raw_images/moving/frame_0094.png,8,0.17,929.4671630859375,929.467134475708,640.0,360.0,True,-3.015241931996063,0.20088456624268244,-0.36943119304171385,-0.04140626632731316,-0.2547453329470089,2.1212341416721823,2.136877148397907,621.5,248.25,5440.5,581.0,215.0,653.0,207.0,662.0,281.0,590.0,290.0
moving,moving_frame_000095,moving_calib_camera,95,results/bus_real_data/ablation/world/route/route1/raw_images/moving/frame_0095.png,5,0.17,929.4671630859375,929.467134475708,640.0,360.0,True,-3.007507308674401,0.16790573310570608,-0.35657311635928624,0.6820736206651138,0.3774336149289986,1.5877355905039905,1.768780614728306,1038.75,580.75,8339.5,993.0,541.0,1080.0,525.0,1084.0,619.0,998.0,638.0
moving,moving_frame_000095,moving_calib_camera,95,results/bus_real_data/ablation/world/route/route1/raw_images/moving/frame_0095.png,8,0.17,929.4671630859375,929.467134475708,640.0,360.0,True,-2.9878815669058287,0.1717980337438635,-0.3525335673274647,0.050467655863207284,-0.183715570257204,1.9843426694391477,1.993467889081773,663.25,273.75,6145.5,621.0,238.0,698.0,230.0,705.0,309.0,629.0,318.0
moving,moving_frame_000096,moving_calib_camera,96,results/bus_real_data/ablation/world/route/route1/raw_images/moving/frame_0096.png,5,0.17,929.4671630859375,929.467134475708,640.0,360.0,True,-3.0274501004111016,0.16068820539555098,-0.3223035906926763,0.7515072121180327,0.4572153971479766,1.4481780316817054,1.6944109952134099,1121.75,653.25,9963.0,1072.0,610.0,1167.0,592.0,1171.0,695.0,1077.0,716.0
moving,moving_frame_000096,moving_calib_camera,96,results/bus_real_data/ablation/world/route/route1/raw_images/moving/frame_0096.png,8,0.17,929.4671630859375,929.467134475708,640.0,360.0,True,-3.016313508203501,0.16452646048944325,-0.3337816343857509,0.13378125097940036,-0.11218353766768471,1.851313992023072,1.8595284526722502,706.75,303.5,6995.0,662.0,265.0,744.0,257.0,751.0,341.0,670.0,351.0
moving,moving_frame_000097,moving_calib_camera,97,results/bus_real_data/ablation/world/route/route1/raw_images/moving/frame_0097.png,8,0.17,929.4671630859375,929.467134475708,640.0,360.0,True,-3.0072252252198797,0.13937707681594866,-0.26986917753850725,0.21006869243013399,-0.03937557088452691,1.721929908921134,1.7351431936180177,753.0,338.5,8062.0,706.0,297.0,794.0,289.0,800.0,379.0,712.0,389.0
moving,moving_frame_000098,moving_calib_camera,98,results/bus_real_data/ablation/world/route/route1/raw_images/moving/frame_0098.png,8,0.17,929.4671630859375,929.467134475708,640.0,360.0,True,-3.038071340314727,0.12183246042638665,-0.24926627424396144,0.27759765655679,0.033547817567924125,1.5812646298878006,1.6057969188921728,802.75,379.5,9504.0,752.0,334.0,848.0,326.0,853.0,424.0,758.0,434.0
moving,moving_frame_000099,moving_calib_camera,99,results/bus_real_data/ablation/world/route/route1/raw_images/moving/frame_0099.png,8,0.17,929.4671630859375,929.467134475708,640.0,360.0,True,-3.0380537857746233,0.10104067299141753,-0.20411626563685153,0.33662440241082564,0.10906688785509627,1.4424183933704586,1.4851876635153745,856.5,430.0,11376.0,802.0,380.0,907.0,372.0,911.0,479.0,806.0,489.0
moving,moving_frame_000100,moving_calib_camera,100,results/bus_real_data/ablation/world/route/route1/raw_images/moving/frame_0100.png,8,0.17,929.4671630859375,929.467134475708,640.0,360.0,True,-3.039274060362914,0.09136353868634801,-0.18751099019514011,0.38698924678513186,0.18385312592614914,1.3010550257823963,1.369783497182592,916.0,491.0,13834.0,856.0,436.0,973.0,427.0,975.0,545.0,860.0,556.0
moving,moving_frame_000101,moving_calib_camera,101,results/bus_real_data/ablation/world/route/route1/raw_images/moving/frame_0101.png,8,0.17,929.4671630859375,929.467134475708,640.0,360.0,True,-3.054521250470124,0.07103208110007488,-0.13967616370039573,0.43184516741005075,0.26076402858355247,1.164520374710227,1.269092522369345,984.25,567.75,17305.5,918.0,506.0,1049.0,497.0,1050.0,629.0,920.0,639.0
moving,moving_frame_000102,moving_calib_camera,102,results/bus_real_data/ablation/world/route/route1/raw_images/moving/frame_0102.png,12,0.17,929.4671630859375,929.467134475708,640.0,360.0,True,-2.257568822830414,-0.9260922079547337,1.8697267349290312,0.8117597634806327,-0.3561904905823682,2.28451904661654,2.450480127146757,971.0,215.0,2559.0,976.0,173.0,1004.0,196.0,965.0,258.0,939.0,233.0
moving,moving_frame_000103,moving_calib_camera,103,results/bus_real_data/ablation/world/route/route1/raw_images/moving/frame_0103.png,13,0.17,929.4671630859375,929.467134475708,640.0,360.0,True,0.06667344517126117,2.6892937313914502,-1.5640449865419768,-0.8376371869653917,-0.10394316783419273,2.1312404151990734,2.292297089494427,274.25,315.25,2497.0,303.0,331.0,224.0,333.0,249.0,299.0,321.0,298.0
moving,moving_frame_000103,moving_calib_camera,103,results/bus_real_data/ablation/world/route/route1/raw_images/moving/frame_0103.png,12,0.17,929.4671630859375,929.467134475708,640.0,360.0,True,-2.217731953676404,-0.9469719450586878,1.899232843271444,0.8777638375819571,-0.272851797962274,2.1323457789233635,2.3220284191004503,1023.5,241.0,3124.0,1029.0,196.0,1061.0,222.0,1016.0,288.0,988.0,258.0
moving,moving_frame_000104,moving_calib_camera,104,results/bus_real_data/ablation/world/route/route1/raw_images/moving/frame_0104.png,12,0.17,929.4671630859375,929.467134475708,640.0,360.0,True,-2.204270646616566,-0.9486101302781335,1.9213082995633004,0.9320325578835014,-0.18904506444664548,1.9750014083512248,2.192043176658667,1079.75,271.0,3966.0,1085.0,222.0,1123.0,252.0,1072.0,322.0,1039.0,288.0
moving,moving_frame_000105,moving_calib_camera,105,results/bus_real_data/ablation/world/route/route1/raw_images/moving/frame_0105.png,12,0.17,929.4671630859375,929.467134475708,640.0,360.0,True,-2.1752453074249067,-0.959397940984166,1.9405131851649817,0.9792911239274374,-0.10476248031611447,1.8192540060546458,2.0687366727621295,1141.75,306.5,5097.0,1147.0,253.0,1192.0,288.0,1133.0,363.0,1095.0,322.0
moving,moving_frame_000106,moving_calib_camera,106,results/bus_real_data/ablation/world/route/route1/raw_images/moving/frame_0106.png,12,0.17,929.4671630859375,929.467134475708,640.0,360.0,True,-2.2137944475435236,-0.9469120655374076,1.8803376999098553,0.828074278233609,-0.09107969555418542,1.7344720738436485,1.9241610889314444,1085.25,311.25,5512.0,1090.0,254.0,1136.0,293.0,1077.0,371.0,1038.0,327.0
moving,moving_frame_000107,moving_calib_camera,107,results/bus_real_data/ablation/world/route/route1/raw_images/moving/frame_0107.png,11,0.17,929.4671630859375,929.467134475708,640.0,360.0,True,0.13770066972218306,2.691871849511892,-1.5104638894372768,-0.2744292514129748,-0.09445306179002456,1.469541755298941,1.4979271562661811,466.0,301.5,5420.0,520.0,324.0,406.0,329.0,417.0,279.0,521.0,274.0
moving,moving_frame_000107,moving_calib_camera,107,results/bus_real_data/ablation/world/route/route1/raw_images/moving/frame_0107.png,12,0.17,929.4671630859375,929.467134475708,640.0,360.0,True,-2.2576993342783,-0.9242772091381241,1.7975716991597652,0.6954284748734988,-0.07054331549029996,1.655701658737895,1.7972048035136845,1032.0,320.5,6085.0,1035.0,259.0,1084.0,303.0,1025.0,384.0,984.0,336.0
moving,moving_frame_000108,moving_calib_camera,108,results/bus_real_data/ablation/world/route/route1/raw_images/moving/frame_0108.png,11,0.17,929.4671630859375,929.467134475708,640.0,360.0,True,0.20263224052734957,2.6778011983243144,-1.4785194472947467,-0.3882424766719127,-0.035334894509819616,1.3330524336789082,1.3888878883479476,368.5,337.0,7221.0,427.0,362.0,299.0,372.0,316.0,311.0,432.0,303.0
moving,moving_frame_000108,moving_calib_camera,108,results/bus_real_data/ablation/world/route/route1/raw_images/moving/frame_0108.png,12,0.17,929.4671630859375,929.467134475708,640.0,360.0,True,-2.307848720489702,-0.9193090985234778,1.7434200297020217,0.5710346547956197,-0.04097104346529321,1.5587413632702416,1.660552269863782,982.25,335.75,6819.5,985.0,270.0,1036.0,318.0,976.0,404.0,932.0,351.0
moving,moving_frame_000109,moving_calib_camera,109,results/bus_real_data/ablation/world/route/route1/raw_images/moving/frame_0109.png,11,0.17,929.4671630859375,929.467134475708,640.0,360.0,True,0.28426785368884017,2.6568985879621763,-1.4448488585544792,-0.4832963311334143,0.03153649613741103,1.1856805260836298,1.2807842145379513,259.75,387.0,10133.0,326.0,415.0,177.0,433.0,202.0,357.0,334.0,343.0
moving,moving_frame_000109,moving_calib_camera,109,results/bus_real_data/ablation/world/route/route1/raw_images/moving/frame_0109.png,12,0.17,929.4671630859375,929.467134475708,640.0,360.0,True,-2.329910272270408,-0.8831988431904331,1.6484977849011533,0.46138224101974806,-0.0046858995192074464,1.4584004694239436,1.5296494563130103,936.0,357.25,7878.0,936.0,285.0,992.0,341.0,932.0,432.0,884.0,371.0
moving,moving_frame_000110,moving_calib_camera,110,results/bus_real_data/ablation/world/route/route1/raw_images/moving/frame_0110.png,11,0.17,929.4671630859375,929.467134475708,640.0,360.0,True,0.3418819887584429,2.6409124199956455,-1.4082597955412233,-0.5650057139881224,0.10661977527841679,1.0437334384799413,1.1916286015033415,134.5,458.25,14931.0,209.0,492.0,33.0,519.0,71.0,422.0,225.0,400.0
moving,moving_frame_000110,moving_calib_camera,110,results/bus_real_data/ablation/world/route/route1/raw_images/moving/frame_0110.png,12,0.17,929.4671630859375,929.467134475708,640.0,360.0,True,-2.3629568342042213,-0.8812710351732183,1.5954056448911005,0.3672316556660656,0.03923362878223118,1.356823622576092,1.406189428679924,893.75,387.25,9079.5,893.0,309.0,953.0,372.0,890.0,469.0,839.0,399.0
moving,moving_frame_000111,moving_calib_camera,111,results/bus_real_data/ablation/world/route/route1/raw_images/moving/frame_0111.png,12,0.17,929.4671630859375,929.467134475708,640.0,360.0,True,-2.417823604683954,-0.8361438759850763,1.5158544089519914,0.2847981354969096,0.0899932297243337,1.2446060805805206,1.2799425983991384,855.25,427.75,11039.0,850.0,341.0,920.0,413.0,855.0,518.0,796.0,439.0
moving,moving_frame_000112,moving_calib_camera,112,results/bus_real_data/ablation/world/route/route1/raw_images/moving/frame_0112.png,12,0.17,929.4671630859375,929.467134475708,640.0,360.0,True,-2.3855289800229804,-0.8573559567115159,1.5772638566649957,0.366246690066421,0.19090027679554197,1.115339398826506,1.1893534076294965,948.75,520.25,15273.0,943.0,421.0,1028.0,513.0,947.0,623.0,877.0,524.0
moving,moving_frame_000136,moving_calib_camera,136,results/bus_real_data/ablation/world/route/route1/raw_images/moving/frame_0136.png,13,0.17,929.4671630859375,929.467134475708,640.0,360.0,True,1.642504352589614,-1.3247682723299474,0.8617980978826068,-0.8975488507165077,0.28927804720807865,1.6111390524528149,1.8668274623964576,121.0,528.25,5635.5,42.0,549.0,114.0,495.0,197.0,506.0,131.0,563.0
moving,moving_frame_000137,moving_calib_camera,137,results/bus_real_data/ablation/world/route/route1/raw_images/moving/frame_0137.png,13,0.17,929.4671630859375,929.467134475708,640.0,360.0,True,1.6961786186462555,-1.2260716168969714,0.79941324036144,-0.8143479940967047,0.25597565748934664,1.7044563079060158,1.9062679502832325,195.0,500.75,4791.5,122.0,516.0,192.0,469.0,265.0,484.0,201.0,534.0
moving,moving_frame_000139,moving_calib_camera,139,results/bus_real_data/ablation/world/route/route1/raw_images/moving/frame_0139.png,13,0.17,929.4671630859375,929.467134475708,640.0,360.0,True,1.7703215332778197,-1.0409579806306457,0.6664118150869173,-0.6058914126459871,0.1951795025865152,1.863328020524601,1.9690583420051821,337.25,458.25,3608.0,274.0,466.0,339.0,430.0,399.0,449.0,337.0,488.0
moving,moving_frame_000141,moving_calib_camera,141,results/bus_real_data/ablation/world/route/route1/raw_images/moving/frame_0141.png,9,0.17,929.4671630859375,929.467134475708,640.0,360.0,True,2.87203061775724,-0.5095953530792369,1.1563280903393194,-1.3156297692694574,-0.1757891633631693,2.436375656991937,2.77447470014178,137.25,293.0,4561.0,91.0,269.0,160.0,255.0,182.0,315.0,116.0,333.0
moving,moving_frame_000142,moving_calib_camera,142,results/bus_real_data/ablation/world/route/route1/raw_images/moving/frame_0142.png,13,0.17,929.4671630859375,929.467134475708,640.0,360.0,True,1.867222080948258,-0.732359020216849,0.4851094135088465,-0.22968453334415656,0.15791592027170454,2.0029269585255576,2.0222286774549567,533.25,434.0,2902.0,478.0,432.0,541.0,409.0,589.0,434.0,525.0,461.0
moving,moving_frame_000142,moving_calib_camera,142,results/bus_real_data/ablation/world/route/route1/raw_images/moving/frame_0142.png,9,0.17,929.4671630859375,929.467134475708,640.0,360.0,True,-2.881444094399719,0.43352103415387727,-1.0758804447835078,-1.1212826742087527,-0.2011256789349155,2.475519264406078,2.725054495354794,218.25,284.5,4272.0,176.0,260.0,241.0,247.0,260.0,308.0,196.0,323.0
moving,moving_frame_000143,moving_calib_camera,143,results/bus_real_data/ablation/world/route/route1/raw_images/moving/frame_0143.png,13,0.17,929.4671630859375,929.467134475708,640.0,360.0,True,1.9040527473838456,-0.6551354966053439,0.4343140011040092,-0.10886115731737718,0.16996459034243566,1.9872014127546591,1.9974253849385373,589.0,440.25,3063.5,534.0,436.0,598.0,414.0,645.0,443.0,579.0,468.0
moving,moving_frame_000143,moving_calib_camera,143,results/bus_real_data/ablation/world/route/route1/raw_images/moving/frame_0143.png,9,0.17,929.4671630859375,929.467134475708,640.0,360.0,True,-2.95700015695814,0.38860581082560447,-0.9234655195950235,-0.9386319472913858,-0.22337798726443361,2.5314230220368032,2.7090644462929023,294.75,278.0,4010.5,255.0,253.0,318.0,242.0,334.0,302.0,272.0,315.0
moving,moving_frame_000143,moving_calib_camera,143,results/bus_real_data/ablation/world/route/route1/raw_images/moving/frame_0143.png,0,0.17,929.4671630859375,929.467134475708,640.0,360.0,True,2.9267286695590196,-0.413602521753101,1.0117911550873293,-4.415350034630313,-1.7395579590243073,6.751056599052241,8.25215990057885,32.0,120.5,635.0,15.0,110.0,42.0,108.0,49.0,131.0,22.0,133.0
moving,moving_frame_000144,moving_calib_camera,144,results/bus_real_data/ablation/world/route/route1/raw_images/moving/frame_0144.png,13,0.17,929.4671630859375,929.467134475708,640.0,360.0,True,1.920039424255036,-0.5499587060958896,0.37287932923330463,0.006813659827215995,0.1832743883274388,1.9476475604086476,1.9562635167437936,643.25,448.25,3186.5,588.0,441.0,655.0,422.0,700.0,454.0,630.0,476.0
moving,moving_frame_000144,moving_calib_camera,144,results/bus_real_data/ablation/world/route/route1/raw_images/moving/frame_0144.png,9,0.17,929.4671630859375,929.467134475708,640.0,360.0,True,2.977441327271236,-0.3407666534701208,0.8217586309168395,-0.7502434473818389,-0.23857398427642068,2.554533038519155,2.6730921834457595,366.5,273.25,3823.5,329.0,247.0,390.0,239.0,404.0,298.0,343.0,309.0
moving,moving_frame_000144,moving_calib_camera,144,results/bus_real_data/ablation/world/route/route1/raw_images/moving/frame_0144.png,0,0.17,929.4671630859375,929.467134475708,640.0,360.0,True,-2.4846904170768984,0.06481034688879563,-0.4589342452695519,-3.7877565198542693,-1.8887945924776361,7.116830949676352,8.280333763354136,145.25,113.25,535.0,130.0,103.0,155.0,102.0,160.0,123.0,136.0,125.0
moving,moving_frame_000145,moving_calib_camera,145,results/bus_real_data/ablation/world/route/route1/raw_images/moving/frame_0145.png,13,0.17,929.4671630859375,929.467134475708,640.0,360.0,True,1.9420421163949244,-0.4484304365463019,0.2974684644342396,0.11411601905120394,0.19817147367972754,1.9056154965422503,1.9192875812255068,695.75,457.5,3411.5,640.0,447.0,711.0,431.0,753.0,466.0,679.0,486.0
moving,moving_frame_000145,moving_calib_camera,145,results/bus_real_data/ablation/world/route/route1/raw_images/moving/frame_0145.png,11,0.17,929.4671630859375,929.467134475708,640.0,360.0,True,1.936131025467253,-0.4565929270999348,0.3017497566913354,-0.5611647292085883,0.06792854154597532,1.5448453536575497,1.6450128591538824,301.5,402.0,4580.0,243.0,391.0,345.0,373.0,365.0,411.0,253.0,433.0
moving,moving_frame_000145,moving_calib_camera,145,results/bus_real_data/ablation/world/route/route1/raw_images/moving/frame_0145.png,9,0.17,929.4671630859375,929.467134475708,640.0,360.0,True,3.051282195375469,-0.2781217521753011,0.6507960009805499,-0.5708163422163097,-0.2531813350355375,2.599522567657539,2.67347146323136,435.5,269.5,3688.0,400.0,243.0,460.0,236.0,471.0,295.0,411.0,304.0
moving,moving_frame_000145,moving_calib_camera,145,results/bus_real_data/ablation/world/route/route1/raw_images/moving/frame_0145.png,0,0.17,929.4671630859375,929.467134475708,640.0,360.0,True,2.985518382476449,-0.2859113944741001,0.6889435917242428,-3.089757833407912,-1.9891451004951342,7.336538874577088,8.205370458310227,248.5,108.0,487.0,235.0,98.0,258.0,97.0,262.0,118.0,239.0,119.0
moving,moving_frame_000146,moving_calib_camera,146,results/bus_real_data/ablation/world/route/route1/raw_images/moving/frame_0146.png,11,0.17,929.4671630859375,929.467134475708,640.0,360.0,True,1.9561610270898298,-0.35226423466360424,0.23726132094163832,-0.48687268580256743,0.0598662709492933,1.5711222486496739,1.6459204424211966,351.25,396.5,4412.0,297.0,383.0,397.0,369.0,410.0,409.0,301.0,425.0
moving,moving_frame_000146,moving_calib_camera,146,results/bus_real_data/ablation/world/route/route1/raw_images/moving/frame_0146.png,9,0.17,929.4671630859375,929.467134475708,640.0,360.0,True,3.064659204673472,-0.23069915686214987,0.5319943079773137,-0.38912209966756195,-0.2608196797789975,2.6269704773225357,2.6684109133590916,502.0,267.75,3569.0,468.0,241.0,527.0,235.0,536.0,294.0,477.0,301.0
moving,moving_frame_000146,moving_calib_camera,146,results/bus_real_data/ablation/world/route/route1/raw_images/moving/frame_0146.png,0,0.17,929.4671630859375,929.467134475708,640.0,360.0,True,3.064796053406689,-0.2286124690830691,0.5177148223513952,-2.479287291281554,-2.1560088631643968,7.8125740526744645,8.475349728434571,345.0,103.5,423.0,333.0,94.0,354.0,93.0,357.0,113.0,336.0,114.0
moving,moving_frame_000147,moving_calib_camera,147,results/bus_real_data/ablation/world/route/route1/raw_images/moving/frame_0147.png,13,0.17,929.4671630859375,929.467134475708,640.0,360.0,True,1.9702659693401356,-0.2632811636053419,0.18234088515110786,0.3065278087817628,0.23406231030981853,1.823741738383582,1.8640757471161111,796.5,480.25,3894.0,740.0,464.0,817.0,453.0,856.0,496.0,773.0,508.0
moving,moving_frame_000147,moving_calib_camera,147,results/bus_real_data/ablation/world/route/route1/raw_images/moving/frame_0147.png,9,0.17,929.4671630859375,929.467134475708,640.0,360.0,True,3.0530738046946158,-0.16224489405435982,0.34372318195848406,-0.20457173728019587,-0.2631711803810657,2.621263722189881,2.6423724504970436,567.25,266.75,3569.5,534.0,239.0,594.0,235.0,600.0,294.0,541.0,299.0
moving,moving_frame_000147,moving_calib_camera,147,results/bus_real_data/ablation/world/route/route1/raw_images/moving/frame_0147.png,0,0.17,929.4671630859375,929.467134475708,640.0,360.0,True,-3.0459668140450935,0.13717084461180995,-0.2539617410076502,-1.7554784190988966,-2.24419722543341,8.038444495375792,8.528465018501416,437.0,100.5,402.0,426.0,91.0,446.0,90.0,448.0,110.0,428.0,111.0
moving,moving_frame_000148,moving_calib_camera,148,results/bus_real_data/ablation/world/route/route1/raw_images/moving/frame_0148.png,13,0.17,929.4671630859375,929.467134475708,640.0,360.0,True,1.9723264716010096,-0.16362914999949785,0.11633300569855623,0.39252727628644585,0.25275000529443054,1.7701784895986368,1.8307080905602897,846.5,493.75,4200.0,789.0,474.0,871.0,467.0,907.0,513.0,819.0,521.0
moving,moving_frame_000148,moving_calib_camera,148,results/bus_real_data/ablation/world/route/route1/raw_images/moving/frame_0148.png,11,0.17,929.4671630859375,929.467134475708,640.0,360.0,True,1.975865703619454,-0.16720518769515177,0.11076590979652487,-0.3348093704410692,0.042482518774432244,1.6120387790971384,1.646988495481847,446.5,385.5,4086.0,400.0,368.0,495.0,362.0,498.0,402.0,393.0,410.0
moving,moving_frame_000148,moving_calib_camera,148,results/bus_real_data/ablation/world/route/route1/raw_images/moving/frame_0148.png,10,0.17,929.4671630859375,929.467134475708,640.0,360.0,True,3.1262065056805457,-0.10363352604386926,0.27565469938309284,-1.4754022389832677,-0.16775437406672514,2.4078457495133017,2.828899865718939,70.25,295.25,4699.0,32.0,264.0,104.0,261.0,108.0,326.0,37.0,330.0
moving,moving_frame_000148,moving_calib_camera,148,results/bus_real_data/ablation/world/route/route1/raw_images/moving/frame_0148.png,9,0.17,929.4671630859375,929.467134475708,640.0,360.0,True,-3.1065733015437056,0.10704832916647743,-0.17921285820746963,-0.023983338697699884,-0.26504775524462426,2.6567862221189285,2.6700821229198684,631.5,267.25,3524.5,600.0,239.0,659.0,236.0,663.0,295.0,604.0,299.0
moving,moving_frame_000148,moving_calib_camera,148,results/bus_real_data/ablation/world/route/route1/raw_images/moving/frame_0148.png,0,0.17,929.4671630859375,929.467134475708,640.0,360.0,True,3.0772471714211695,-0.08430343770972253,0.14420582398895976,-0.9785405613910098,-2.232941684230726,7.9441014914966726,8.309772482003478,525.5,98.75,390.5,515.0,89.0,535.0,89.0,536.0,108.0,516.0,109.0
moving,moving_frame_000149,moving_calib_camera,149,results/bus_real_data/ablation/world/route/route1/raw_images/moving/frame_0149.png,11,0.17,929.4671630859375,929.467134475708,640.0,360.0,True,1.981871186055584,-0.06498147182005636,0.0469878922128633,-0.2587064413962395,0.033959263495679015,1.636756014673612,1.657423454029573,492.75,380.25,3930.0,450.0,361.0,543.0,359.0,540.0,399.0,438.0,402.0
moving,moving_frame_000149,moving_calib_camera,149,results/bus_real_data/ablation/world/route/route1/raw_images/moving/frame_0149.png,10,0.17,929.4671630859375,929.467134475708,640.0,360.0,True,3.104958338564734,-0.049322641948871926,0.11671172497501148,-1.3083897960559947,-0.21752380677120603,2.518245812810333,2.8461838378208215,157.0,279.75,4064.0,124.0,249.0,189.0,248.0,190.0,310.0,125.0,312.0
moving,moving_frame_000149,moving_calib_camera,149,results/bus_real_data/ablation/world/route/route1/raw_images/moving/frame_0149.png,9,0.17,929.4671630859375,929.467134475708,640.0,360.0,True,3.136700175805993,-0.05176891456117328,0.12951068100198715,0.1546806478875255,-0.2562609101438358,2.6101888641781144,2.6272955036649543,695.0,268.75,3633.0,664.0,239.0,724.0,238.0,726.0,298.0,666.0,300.0
moving,moving_frame_000149,moving_calib_camera,149,results/bus_real_data/ablation/world/route/route1/raw_images/moving/frame_0149.png,0,0.17,929.4671630859375,929.467134475708,640.0,360.0,True,-2.68160696657393,-0.004191639365933473,0.09272357827085222,-0.24091911468023533,-2.2737690953751586,8.067822946205673,8.38557302813733,612.25,98.0,390.0,602.0,88.0,622.0,88.0,622.0,108.0,603.0,108.0
moving,moving_frame_000150,moving_calib_camera,150,results/bus_real_data/ablation/world/route/route1/raw_images/moving/frame_0150.png,11,0.17,929.4671630859375,929.467134475708,640.0,360.0,True,1.9783337123198885,0.02845429845409925,-0.011406773913598237,-0.17926219917631572,0.02533603231269054,1.6453171266965392,1.6552478056133573,538.5,375.25,3810.0,499.0,355.0,590.0,356.0,583.0,396.0,482.0,394.0
moving,moving_frame_000150,moving_calib_camera,150,results/bus_real_data/ablation/world/route/route1/raw_images/moving/frame_0150.png,9,0.17,929.4671630859375,929.467134475708,640.0,360.0,True,-3.001242364521331,-0.0011753834379299472,0.04713554058816585,0.33270764555301874,-0.24711414796084863,2.5993918832080025,2.632223003854251,759.0,271.5,3721.0,729.0,241.0,790.0,241.0,789.0,302.0,728.0,302.0
moving,moving_frame_000150,moving_calib_camera,150,results/bus_real_data/ablation/world/route/route1/raw_images/moving/frame_0150.png,10,0.17,929.4671630859375,929.467134475708,640.0,360.0,True,-3.140941464861905,-0.013398023884123362,-0.00021217909618189722,-1.1463754393941064,-0.26641462696979173,2.655498292679669,2.904621246209929,238.75,266.75,3540.5,209.0,237.0,269.0,237.0,268.0,297.0,209.0,296.0
moving,moving_frame_000150,moving_calib_camera,150,results/bus_real_data/ablation/world/route/route1/raw_images/moving/frame_0150.png,0,0.17,929.4671630859375,929.467134475708,640.0,360.0,True,-2.5173030950071396,0.0016467097785252916,0.04332531432211839,0.5128331733179479,-2.2823305101743903,8.11404544269782,8.444510872009907,698.75,98.5,370.5,689.0,89.0,709.0,89.0,708.0,108.0,689.0,108.0
moving,moving_frame_000151,moving_calib_camera,151,results/bus_real_data/ablation/world/route/route1/raw_images/moving/frame_0151.png,13,0.17,929.4671630859375,929.467134475708,640.0,360.0,True,1.9800285462876799,0.11936768060530695,-0.08537293503305385,0.6191649193185326,0.31344262889037483,1.6328836650067693,1.774238017394051,993.25,539.75,5438.0,935.0,509.0,1030.0,515.0,1057.0,571.0,951.0,564.0
moving,moving_frame_000151,moving_calib_camera,151,results/bus_real_data/ablation/world/route/route1/raw_images/moving/frame_0151.png,12,0.17,929.4671630859375,929.467134475708,640.0,360.0,True,-2.3628269543184515,0.7985960529271391,-1.9092662584303393,-1.0687327189217881,0.08861860262453183,1.781613462739139,2.0794685407186204,80.75,406.5,6517.0,24.0,386.0,87.0,351.0,135.0,424.0,77.0,465.0
moving,moving_frame_000151,moving_calib_camera,151,results/bus_real_data/ablation/world/route/route1/raw_images/moving/frame_0151.png,9,0.17,929.4671630859375,929.467134475708,640.0,360.0,True,3.0741699915774783,0.0861123577341652,-0.19524733393591565,0.5039610449123215,-0.23109214766243996,2.5475582826567105,2.607188815378197,824.0,275.75,3882.0,794.0,244.0,857.0,246.0,854.0,308.0,791.0,305.0
moving,moving_frame_000151,moving_calib_camera,151,results/bus_real_data/ablation/world/route/route1/raw_images/moving/frame_0151.png,10,0.17,929.4671630859375,929.467134475708,640.0,360.0,True,-3.1185548899033444,-0.08117563598712547,0.13108857370469054,-0.9581729653289032,-0.30842351112048305,2.7502438086946888,2.928662066705979,316.25,255.75,3197.5,290.0,226.0,345.0,228.0,343.0,286.0,287.0,283.0
moving,moving_frame_000151,moving_calib_camera,151,results/bus_real_data/ablation/world/route/route1/raw_images/moving/frame_0151.png,0,0.17,929.4671630859375,929.467134475708,640.0,360.0,True,3.0867907968837276,0.08595479550866385,-0.1520065381431221,1.2563634350596347,-2.2320696209010964,7.971543676204034,8.372938101713933,786.5,99.75,390.5,777.0,90.0,797.0,90.0,796.0,110.0,776.0,109.0
moving,moving_frame_000152,moving_calib_camera,152,results/bus_real_data/ablation/world/route/route1/raw_images/moving/frame_0152.png,13,0.17,929.4671630859375,929.467134475708,640.0,360.0,True,1.970121506220792,0.21391323843826252,-0.14741119386612042,0.6863532217947885,0.3347062893872206,1.5888164052645832,1.762795114260679,1042.5,557.25,5882.5,984.0,523.0,1084.0,534.0,1107.0,593.0,995.0,579.0
moving,moving_frame_000152,moving_calib_camera,152,results/bus_real_data/ablation/world/route/route1/raw_images/moving/frame_0152.png,11,0.17,929.4671630859375,929.467134475708,640.0,360.0,True,1.971577810794854,0.2298308921705648,-0.14591321199489485,-0.015426536382250567,0.012045737257110823,1.6905969815662212,1.6907102743792735,631.5,367.5,3565.0,599.0,345.0,686.0,353.0,668.0,391.0,573.0,381.0
moving,moving_frame_000152,moving_calib_camera,152,results/bus_real_data/ablation/world/route/route1/raw_images/moving/frame_0152.png,12,0.17,929.4671630859375,929.467134475708,640.0,360.0,True,-2.4681221431044693,0.7543995243180134,-1.7862858380132292,-0.9745103429405698,0.044795326634176465,1.8897741198988598,2.126716542942646,159.25,382.25,5757.0,107.0,361.0,168.0,330.0,209.0,401.0,153.0,437.0
moving,moving_frame_000152,moving_calib_camera,152,results/bus_real_data/ablation/world/route/route1/raw_images/moving/frame_0152.png,9,0.17,929.4671630859375,929.467134475708,640.0,360.0,True,3.1166510331130715,0.1376467966923724,-0.2740399625817626,0.677385770807116,-0.2160762002859922,2.5178259548464137,2.616292786696519,890.25,280.25,4056.0,861.0,247.0,925.0,251.0,920.0,314.0,855.0,309.0
moving,moving_frame_000152,moving_calib_camera,152,results/bus_real_data/ablation/world/route/route1/raw_images/moving/frame_0152.png,10,0.17,929.4671630859375,929.467134475708,640.0,360.0,True,-2.730944711232406,-0.09699202667186725,-1.0153452048430787,-0.7561268028846856,-0.34469981802450084,2.833784618855978,2.9531137757715094,391.5,246.75,2903.5,368.0,217.0,420.0,221.0,415.0,276.0,363.0,273.0
moving,moving_frame_000152,moving_calib_camera,152,results/bus_real_data/ablation/world/route/route1/raw_images/moving/frame_0152.png,0,0.17,929.4671630859375,929.467134475708,640.0,360.0,True,3.022643200465781,0.15616997790386486,-0.48898015115432397,1.9529479650683461,-2.1399172779500595,7.709043516916294,8.235447993669982,875.5,102.0,420.0,866.0,92.0,887.0,92.0,885.0,112.0,864.0,112.0
moving,moving_frame_000153,moving_calib_camera,153,results/bus_real_data/ablation/world/route/route1/raw_images/moving/frame_0153.png,13,0.17,929.4671630859375,929.467134475708,640.0,360.0,True,1.9642614239260092,0.32074412484611453,-0.21633666432920945,0.7463536947108064,0.35434982750050403,1.5361959920981814,1.7442780065106092,1092.75,576.0,6540.0,1034.0,537.0,1141.0,555.0,1157.0,617.0,1039.0,595.0
moving,moving_frame_000153,moving_calib_camera,153,results/bus_real_data/ablation/world/route/route1/raw_images/moving/frame_0153.png,12,0.17,929.4671630859375,929.467134475708,640.0,360.0,True,-2.5591288983561786,0.7018361228675445,-1.67368048887005,-0.8717710662025846,0.0017897033982638315,2.004272249374554,2.185656707838443,234.5,361.0,5049.0,187.0,339.0,245.0,312.0,280.0,381.0,226.0,412.0
moving,moving_frame_000153,moving_calib_camera,153,results/bus_real_data/ablation/world/route/route1/raw_images/moving/frame_0153.png,9,0.17,929.4671630859375,929.467134475708,640.0,360.0,True,-3.0839708089936515,-0.17081103977218176,0.25547715086709655,0.8364898051588132,-0.1910807611653975,2.442598054778602,2.588921070374759,958.5,287.25,4373.5,929.0,252.0,996.0,258.0,988.0,323.0,921.0,316.0
moving,moving_frame_000153,moving_calib_camera,153,results/bus_real_data/ablation/world/route/route1/raw_images/moving/frame_0153.png,10,0.17,929.4671630859375,929.467134475708,640.0,360.0,True,-3.0968122773484463,-0.19472045869887308,0.4904229288712635,-0.5460941765794471,-0.3747388001344065,2.8844198464712965,2.959480675513469,464.25,239.25,2672.5,443.0,210.0,492.0,214.0,485.0,269.0,437.0,264.0
moving,moving_frame_000153,moving_calib_camera,153,results/bus_real_data/ablation/world/route/route1/raw_images/moving/frame_0153.png,0,0.17,929.4671630859375,929.467134475708,640.0,360.0,True,-2.978873282204874,-0.20571702808910278,0.7121373087870873,2.7714236143651347,-2.1462151725079255,7.830872534095867,8.5796033161342,969.0,105.25,432.0,960.0,95.0,981.0,95.0,978.0,116.0,957.0,115.0
moving,moving_frame_000154,moving_calib_camera,154,results/bus_real_data/ablation/world/route/route1/raw_images/moving/frame_0154.png,13,0.17,929.4671630859375,929.467134475708,640.0,360.0,True,1.9337776356722194,0.4110330708152678,-0.2913783076924813,0.8027057558365752,0.37356721606172716,1.4838141441642239,1.7278869783035826,1144.25,595.75,7110.5,1085.0,554.0,1199.0,577.0,1209.0,641.0,1084.0,611.0
moving,moving_frame_000154,moving_calib_camera,154,results/bus_real_data/ablation/world/route/route1/raw_images/moving/frame_0154.png,11,0.17,929.4671630859375,929.467134475708,640.0,360.0,True,1.950840430162909,0.41630719327070725,-0.27682363207594507,0.16236904889663145,0.00028776002019652996,1.7137322659245309,1.721407003040319,728.25,361.0,3432.5,701.0,337.0,786.0,351.0,758.0,386.0,668.0,370.0
moving,moving_frame_000154,moving_calib_camera,154,results/bus_real_data/ablation/world/route/route1/raw_images/moving/frame_0154.png,12,0.17,929.4671630859375,929.467134475708,640.0,360.0,True,-2.6641263798780757,0.6567914549374588,-1.5222097465417121,-0.7543267759856201,-0.03957079684634567,2.1152666647998064,2.24609167135832,307.5,342.75,4583.5,263.0,320.0,320.0,297.0,350.0,363.0,297.0,391.0
moving,moving_frame_000154,moving_calib_camera,154,results/bus_real_data/ablation/world/route/route1/raw_images/moving/frame_0154.png,9,0.17,929.4671630859375,929.467134475708,640.0,360.0,True,-2.865561530295489,-0.18323423719183063,0.5931499133876964,1.0041894600633048,-0.16588261185207337,2.3979617508131055,2.6050209348448146,1029.75,295.5,4686.0,1000.0,259.0,1071.0,267.0,1059.0,333.0,989.0,323.0
moving,moving_frame_000154,moving_calib_camera,154,results/bus_real_data/ablation/world/route/route1/raw_images/moving/frame_0154.png,10,0.17,929.4671630859375,929.467134475708,640.0,360.0,True,-3.0692481121846296,-0.26186577629734104,0.6066909543705684,-0.33051020491927263,-0.40200898590644757,2.95363553228803,2.9991350549616307,536.25,233.5,2515.5,517.0,204.0,564.0,210.0,555.0,263.0,509.0,257.0
moving,moving_frame_000154,moving_calib_camera,154,results/bus_real_data/ablation/world/route/route1/raw_images/moving/frame_0154.png,0,0.17,929.4671630859375,929.467134475708,640.0,360.0,True,2.9960089288242133,0.26034594248998755,-0.60105571169318,3.3648161796961125,-1.9668752085511194,7.31237514283445,8.28621845226765,1067.75,110.0,497.0,1058.0,99.0,1081.0,100.0,1078.0,121.0,1054.0,120.0
moving,moving_frame_000155,moving_calib_camera,155,results/bus_real_data/ablation/world/route/route1/raw_images/moving/frame_0155.png,13,0.17,929.4671630859375,929.467134475708,640.0,360.0,True,1.9666212523928377,0.34821617307124003,-0.23222188138011343,0.6992066129581945,0.3789648556215224,1.4802942224311757,1.6804092460956737,1080.25,599.75,7361.5,1022.0,557.0,1132.0,578.0,1145.0,645.0,1022.0,619.0
moving,moving_frame_000155,moving_calib_camera,155,results/bus_real_data/ablation/world/route/route1/raw_images/moving/frame_0155.png,11,0.17,929.4671630859375,929.467134475708,640.0,360.0,True,1.9583209416129344,0.35263193297011747,-0.22649688442508456,0.03324229671767923,0.021440790797935594,1.6514677549531487,1.651941434631113,658.75,373.0,3789.5,631.0,348.0,718.0,361.0,690.0,399.0,596.0,384.0
moving,moving_frame_000155,moving_calib_camera,155,results/bus_real_data/ablation/world/route/route1/raw_images/moving/frame_0155.png,12,0.17,929.4671630859375,929.467134475708,640.0,360.0,True,-2.588419660650443,0.6980209889376341,-1.629383178446439,-0.8997231846919014,0.00657527085603911,1.991221460567782,2.185064746931921,218.75,363.25,5360.5,169.0,341.0,231.0,314.0,266.0,383.0,209.0,415.0
moving,moving_frame_000155,moving_calib_camera,155,results/bus_real_data/ablation/world/route/route1/raw_images/moving/frame_0155.png,9,0.17,929.4671630859375,929.467134475708,640.0,360.0,True,-2.8437788012493233,-0.1282563885992539,0.41019774161867695,0.8224571825909619,-0.16460118611095806,2.3823834748424226,2.525723735658129,961.25,295.5,4584.0,931.0,260.0,1001.0,266.0,991.0,332.0,922.0,324.0
moving,moving_frame_000155,moving_calib_camera,155,results/bus_real_data/ablation/world/route/route1/raw_images/moving/frame_0155.png,10,0.17,929.4671630859375,929.467134475708,640.0,360.0,True,3.0767391706758302,0.20070984824801635,-0.5196996479769933,-0.5472010941611766,-0.36772419969959136,2.8778144460837844,2.952366188429954,463.5,241.25,2647.5,443.0,212.0,491.0,216.0,484.0,271.0,436.0,266.0
moving,moving_frame_000155,moving_calib_camera,155,results/bus_real_data/ablation/world/route/route1/raw_images/moving/frame_0155.png,0,0.17,929.4671630859375,929.467134475708,640.0,360.0,True,3.0647075546802878,0.2305549156474794,-0.3988470365560843,2.8775450712534782,-2.0535760232019826,7.566680456089179,8.351771862588633,993.5,107.75,455.5,984.0,97.0,1006.0,98.0,1003.0,119.0,981.0,117.0
moving,moving_frame_000156,moving_calib_camera,156,results/bus_real_data/ablation/world/route/route1/raw_images/moving/frame_0156.png,13,0.17,929.4671630859375,929.467134475708,640.0,360.0,True,1.9640118548114656,0.2725372013968212,-0.1937257324430072,0.6014370529851568,0.38959471220129094,1.4695233901188882,1.6349341156710833,1021.5,608.25,7481.0,962.0,567.0,1072.0,583.0,1086.0,652.0,966.0,631.0
moving,moving_frame_000156,moving_calib_camera,156,results/bus_real_data/ablation/world/route/route1/raw_images/moving/frame_0156.png,12,0.17,929.4671630859375,929.467134475708,640.0,360.0,True,-2.526729402319852,0.7263660559105454,-1.7107836258191178,-1.035045476278485,0.055771523528518455,1.8674316737191985,2.135820839118051,123.25,388.0,6466.5,67.0,366.0,136.0,335.0,177.0,407.0,113.0,444.0
moving,moving_frame_000156,moving_calib_camera,156,results/bus_real_data/ablation/world/route/route1/raw_images/moving/frame_0156.png,9,0.17,929.4671630859375,929.467134475708,640.0,360.0,True,-2.8818259525960985,-0.10484498881920595,0.30922966614593794,0.6531442031774847,-0.15974419392048317,2.3762931778343948,2.4695920360776076,895.75,297.25,4528.0,865.0,262.0,934.0,267.0,926.0,333.0,858.0,327.0
moving,moving_frame_000156,moving_calib_camera,156,results/bus_real_data/ablation/world/route/route1/raw_images/moving/frame_0156.png,10,0.17,929.4671630859375,929.467134475708,640.0,360.0,True,3.093603221959462,0.17684186824367631,-0.41282510937803535,-0.7501276976238633,-0.3251221428579266,2.7782905276266137,2.896082565538969,389.25,251.25,2882.5,367.0,221.0,418.0,225.0,411.0,282.0,361.0,277.0
moving,moving_frame_000156,moving_calib_camera,156,results/bus_real_data/ablation/world/route/route1/raw_images/moving/frame_0156.png,0,0.17,929.4671630859375,929.467134475708,640.0,360.0,True,3.0662100109762833,0.18605970214067086,-0.5050273043216045,2.3233503356142857,-2.085776690655674,7.624961702509558,8.239445500154668,923.25,105.75,442.0,914.0,95.0,935.0,96.0,933.0,116.0,911.0,116.0
moving,moving_frame_000157,moving_calib_camera,157,results/bus_real_data/ablation/world/route/route1/raw_images/moving/frame_0157.png,13,0.17,929.4671630859375,929.467134475708,640.0,360.0,True,1.9707921048051296,0.21777667071652737,-0.1542024191531051,0.5004665235910473,0.39616800137737995,1.4312054042559195,1.5670879795729422,966.0,619.25,8023.0,906.0,577.0,1016.0,591.0,1032.0,663.0,910.0,646.0
moving,moving_frame_000157,moving_calib_camera,157,results/bus_real_data/ablation/world/route/route1/raw_images/moving/frame_0157.png,9,0.17,929.4671630859375,929.467134475708,640.0,360.0,True,3.0901339661145353,0.14600374524192117,-0.21439077995319936,0.4893126106565742,-0.15048516694426817,2.3585228629660513,2.413442087880166,833.0,300.75,4555.0,802.0,265.0,870.0,270.0,864.0,337.0,796.0,331.0
moving,moving_frame_000157,moving_calib_camera,157,results/bus_real_data/ablation/world/route/route1/raw_images/moving/frame_0157.png,10,0.17,929.4671630859375,929.467134475708,640.0,360.0,True,3.108753237651373,0.1249042915812254,-0.2754538339902836,-0.9507696017996641,-0.28139792908456635,2.688910062941046,2.8659003745393865,311.5,262.75,3176.5,287.0,232.0,341.0,235.0,336.0,294.0,282.0,290.0
moving,moving_frame_000157,moving_calib_camera,157,results/bus_real_data/ablation/world/route/route1/raw_images/moving/frame_0157.png,0,0.17,929.4671630859375,929.467134475708,640.0,360.0,True,3.044924864590468,0.16368177505243925,-0.27598960839757397,1.7802200737859601,-2.110928588363997,7.678950078094631,8.1603601218422,855.5,104.5,422.0,846.0,94.0,867.0,95.0,865.0,115.0,844.0,114.0
moving,moving_frame_000158,moving_calib_camera,158,results/bus_real_data/ablation/world/route/route1/raw_images/moving/frame_0158.png,12,0.17,929.4671630859375,929.467134475708,640.0,360.0,True,2.540196781012527,-0.7075930891607617,1.6854008313330477,-1.0596318773514048,0.1409551168061995,1.727026088069944,2.0310852196122364,67.75,436.25,8195.5,3.0,414.0,85.0,378.0,129.0,455.0,54.0,498.0
moving,moving_frame_000158,moving_calib_camera,158,results/bus_real_data/ablation/world/route/route1/raw_images/moving/frame_0158.png,9,0.17,929.4671630859375,929.467134475708,640.0,360.0,True,3.12307143329686,0.18377194384931825,-0.2755272832593423,0.6422348404159842,-0.057120920383569564,2.210859450388424,2.3029606812017906,910.25,336.0,5286.5,878.0,297.0,951.0,304.0,943.0,376.0,869.0,367.0
moving,moving_frame_000158,moving_calib_camera,158,results/bus_real_data/ablation/world/route/route1/raw_images/moving/frame_0158.png,10,0.17,929.4671630859375,929.467134475708,640.0,360.0,True,3.096192423863757,0.1830029352034008,-0.40864987330929703,-0.7555606719861746,-0.2263967141309517,2.637909956878656,2.7533064380524452,374.0,280.25,3192.0,351.0,248.0,404.0,253.0,397.0,313.0,344.0,307.0
moving,moving_frame_000158,moving_calib_camera,158,results/bus_real_data/ablation/world/route/route1/raw_images/moving/frame_0158.png,0,0.17,929.4671630859375,929.467134475708,640.0,360.0,True,3.0758794774156986,0.21634482019740295,-0.5421467630305882,2.425163019086812,-1.8985762328859492,7.477379502136983,8.086854246256944,941.5,124.0,465.0,932.0,113.0,954.0,114.0,951.0,135.0,929.0,134.0
moving,moving_frame_000159,moving_calib_camera,159,results/bus_real_data/ablation/world/route/route1/raw_images/moving/frame_0159.png,11,0.17,929.4671630859375,929.467134475708,640.0,360.0,True,1.9278862882756589,0.3829862490562089,-0.2698491172937324,-0.04834697461799107,0.19104948057555177,1.3452915963308147,1.3596495184940907,606.5,493.75,7041.0,580.0,456.0,682.0,476.0,638.0,534.0,526.0,509.0
moving,moving_frame_000159,moving_calib_camera,159,results/bus_real_data/ablation/world/route/route1/raw_images/moving/frame_0159.png,12,0.17,929.4671630859375,929.467134475708,640.0,360.0,True,2.6126841608008453,-0.6427146913782885,1.5851916512607278,-0.9692699812579402,0.17283647102596475,1.7077073231544493,1.9711978702910096,110.5,454.5,8483.0,47.0,431.0,131.0,395.0,172.0,475.0,92.0,517.0
moving,moving_frame_000159,moving_calib_camera,159,results/bus_real_data/ablation/world/route/route1/raw_images/moving/frame_0159.png,9,0.17,929.4671630859375,929.467134475708,640.0,360.0,True,3.077369510200261,0.2241760764302743,-0.42494191277297777,0.773700752905878,0.03525416698907498,2.0573165866898915,2.1982736975196153,990.0,376.0,6277.0,955.0,333.0,1036.0,343.0,1025.0,420.0,944.0,408.0
moving,moving_frame_000159,moving_calib_camera,159,results/bus_real_data/ablation/world/route/route1/raw_images/moving/frame_0159.png,10,0.17,929.4671630859375,929.467134475708,640.0,360.0,True,3.042563153461121,0.2302535562071136,-0.5503129152168126,-0.5819709936737659,-0.17078923675606647,2.6000469401017337,2.6698507995020506,432.25,299.0,3156.5,411.0,266.0,463.0,272.0,453.0,333.0,402.0,325.0
moving,moving_frame_000159,moving_calib_camera,159,results/bus_real_data/ablation/world/route/route1/raw_images/moving/frame_0159.png,0,0.17,929.4671630859375,929.467134475708,640.0,360.0,True,2.9796529874524493,0.23887491677570133,-0.4543489871888645,2.9685119910466278,-1.6361930027682703,7.048360544315746,7.8210342887601785,1031.5,144.25,520.5,1021.0,133.0,1045.0,134.0,1042.0,156.0,1018.0,154.0
moving,moving_frame_000160,moving_calib_camera,160,results/bus_real_data/ablation/world/route/route1/raw_images/moving/frame_0160.png,11,0.17,929.4671630859375,929.467134475708,640.0,360.0,True,1.8943578935743628,0.45773930369687993,-0.3193009601080378,-1.695078095116909e-05,0.24601364203709072,1.2457874087935152,1.26984604589066,640.0,545.75,8776.5,615.0,501.0,723.0,529.0,670.0,594.0,552.0,559.0
moving,moving_frame_000160,moving_calib_camera,160,results/bus_real_data/ablation/world/route/route1/raw_images/moving/frame_0160.png,12,0.17,929.4671630859375,929.467134475708,640.0,360.0,True,2.6848238392528834,-0.5964246850959647,1.458881122887925,-0.8910921325456221,0.20712929530977892,1.688279880621057,1.920217875390728,147.5,474.5,8870.0,83.0,450.0,172.0,414.0,209.0,496.0,126.0,538.0
moving,moving_frame_000160,moving_calib_camera,160,results/bus_real_data/ablation/world/route/route1/raw_images/moving/frame_0160.png,9,0.17,929.4671630859375,929.467134475708,640.0,360.0,True,3.0655158907382876,0.26692284906238006,-0.48467339176522,0.878199683932973,0.12614791726327576,1.8867732196007132,2.084960710443311,1073.25,422.25,7691.0,1035.0,374.0,1126.0,388.0,1111.0,472.0,1021.0,455.0
moving,moving_frame_000160,moving_calib_camera,160,results/bus_real_data/ablation/world/route/route1/raw_images/moving/frame_0160.png,10,0.17,929.4671630859375,929.467134475708,640.0,360.0,True,3.0058780021243017,0.2779027774563998,-0.6872822583698927,-0.4207586992118972,-0.1111222767816588,2.5458407454151044,2.582768116648369,486.75,319.5,3184.0,467.0,285.0,518.0,293.0,506.0,355.0,456.0,345.0
moving,moving_frame_000160,moving_calib_camera,160,results/bus_real_data/ablation/world/route/route1/raw_images/moving/frame_0160.png,0,0.17,929.4671630859375,929.467134475708,640.0,360.0,True,2.946445933886558,0.2822428885846977,-0.6775638383386584,3.5488242696962393,-1.4158193200261793,6.774113676853293,7.777359073044994,1127.0,165.75,591.0,1116.0,154.0,1142.0,155.0,1138.0,178.0,1112.0,176.0
moving,moving_frame_000161,moving_calib_camera,161,results/bus_real_data/ablation/world/route/route1/raw_images/moving/frame_0161.png,11,0.17,929.4671630859375,929.467134475708,640.0,360.0,True,1.8601622055943865,0.5378799733227431,-0.37318401757447733,0.030801552545134392,0.2950657553934069,1.1397277280478952,1.1777061729167804,665.25,603.5,11347.5,643.0,550.0,758.0,588.0,692.0,663.0,568.0,613.0
moving,moving_frame_000161,moving_calib_camera,161,results/bus_real_data/ablation/world/route/route1/raw_images/moving/frame_0161.png,12,0.17,929.4671630859375,929.467134475708,640.0,360.0,True,2.7236768467365193,-0.5419714595208192,1.3684705738883043,-0.8144246621937418,0.23787906977310153,1.6471612834822322,1.8528395170732788,178.5,494.75,9389.5,114.0,468.0,206.0,433.0,241.0,518.0,153.0,560.0
moving,moving_frame_000161,moving_calib_camera,161,results/bus_real_data/ablation/world/route/route1/raw_images/moving/frame_0161.png,9,0.17,929.4671630859375,929.467134475708,640.0,360.0,True,2.876901653122852,0.34198006829315836,-0.7846944748855184,0.9622661010963339,0.2133747566067411,1.7200893955171124,1.9824712771302768,1161.25,475.75,9702.0,1119.0,421.0,1223.0,441.0,1203.0,533.0,1100.0,508.0
moving,moving_frame_000161,moving_calib_camera,161,results/bus_real_data/ablation/world/route/route1/raw_images/moving/frame_0161.png,10,0.17,929.4671630859375,929.467134475708,640.0,360.0,True,2.9532640966762864,0.3079624716246074,-0.7974298565001665,-0.2730814712735561,-0.05147151197523228,2.4718316095288446,2.4874031262270107,537.75,340.75,3298.0,519.0,305.0,570.0,314.0,556.0,378.0,506.0,366.0
moving,moving_frame_000161,moving_calib_camera,161,results/bus_real_data/ablation/world/route/route1/raw_images/moving/frame_0161.png,0,0.17,929.4671630859375,929.467134475708,640.0,360.0,True,-2.6552003732446114,-0.1441733503703582,0.8223186461641588,4.09024578600757,-1.1821196887645156,6.43668789662202,7.717413337837867,1230.75,189.25,712.0,1219.0,176.0,1248.0,178.0,1242.0,203.0,1214.0,200.0
moving,moving_frame_000162,moving_calib_camera,162,results/bus_real_data/ablation/world/route/route1/raw_images/moving/frame_0162.png,12,0.17,929.4671630859375,929.467134475708,640.0,360.0,True,2.7774982001962596,-0.486404503647251,1.2492039062822657,-0.7546809186039937,0.2702900913092891,1.6186634810933194,1.8062866570370535,204.75,515.75,9903.0,140.0,487.0,236.0,453.0,268.0,541.0,175.0,582.0
moving,moving_frame_000162,moving_calib_camera,162,results/bus_real_data/ablation/world/route/route1/raw_images/moving/frame_0162.png,10,0.17,929.4671630859375,929.467134475708,640.0,360.0,True,2.9237953016104528,0.35547941235648656,-0.9231849959792987,-0.14036146853077539,0.00802494482747012,2.3819634879122176,2.3861089244488687,585.75,363.25,3466.5,568.0,325.0,619.0,337.0,603.0,403.0,553.0,388.0
moving,moving_frame_000163,moving_calib_camera,163,results/bus_real_data/ablation/world/route/route1/raw_images/moving/frame_0163.png,12,0.17,929.4671630859375,929.467134475708,640.0,360.0,True,2.8355158024682616,-0.43617105052075206,1.1009858244766837,-0.7091601386070049,0.3027120853324904,1.5990571735291637,1.7752539404295176,226.0,536.5,10386.0,161.0,506.0,261.0,473.0,290.0,564.0,192.0,603.0
moving,moving_frame_000163,moving_calib_camera,163,results/bus_real_data/ablation/world/route/route1/raw_images/moving/frame_0163.png,10,0.17,929.4671630859375,929.467134475708,640.0,360.0,True,2.8579317061989915,0.37496266050066557,-1.023833434748924,-0.024508430331704183,0.06807482505100293,2.315076897083223,2.3162072196527523,630.75,387.5,3595.5,614.0,348.0,665.0,361.0,647.0,429.0,597.0,412.0
moving,moving_frame_000164,moving_calib_camera,164,results/bus_real_data/ablation/world/route/route1/raw_images/moving/frame_0164.png,12,0.17,929.4671630859375,929.467134475708,640.0,360.0,True,2.8338910501690044,-0.38873268179613896,1.0196284806139475,-0.6687457600295276,0.3322707430912783,1.5726215860021502,1.7409087830876777,243.0,557.0,10812.0,178.0,524.0,281.0,493.0,307.0,587.0,206.0,624.0
moving,moving_frame_000164,moving_calib_camera,164,results/bus_real_data/ablation/world/route/route1/raw_images/moving/frame_0164.png,10,0.17,929.4671630859375,929.467134475708,640.0,360.0,True,2.810593636590171,0.4227828093028049,-1.1422395999429915,0.07918322905156977,0.12552938390936705,2.2417715983890405,2.246679218164323,673.5,412.25,3745.0,658.0,370.0,709.0,387.0,688.0,456.0,639.0,436.0
moving,moving_frame_000165,moving_calib_camera,165,results/bus_real_data/ablation/world/route/route1/raw_images/moving/frame_0165.png,12,0.17,929.4671630859375,929.467134475708,640.0,360.0,True,2.795214246106213,-0.43059591049204715,1.160083201426243,-0.7851046102922771,0.37285338585607014,1.4238941172113728,1.668197636215709,125.0,604.25,13996.0,48.0,572.0,168.0,531.0,200.0,632.0,84.0,682.0
moving,moving_frame_000165,moving_calib_camera,165,results/bus_real_data/ablation/world/route/route1/raw_images/moving/frame_0165.png,10,0.17,929.4671630859375,929.467134475708,640.0,360.0,True,2.8448582715721273,0.3801911053941451,-1.0191014091905086,-0.10842535638247745,0.14854627283214136,2.1484256656241274,2.156282656284065,593.75,424.5,4078.5,577.0,381.0,630.0,397.0,610.0,470.0,558.0,450.0
moving,moving_frame_000166,moving_calib_camera,166,results/bus_real_data/ablation/world/route/route1/raw_images/moving/frame_0166.png,10,0.17,929.4671630859375,929.467134475708,640.0,360.0,True,2.901781402308622,0.332103255039149,-0.8847407503406313,-0.28167500169254167,0.17797454942157603,2.067396899475273,2.094073944917007,514.0,440.25,4487.0,495.0,395.0,551.0,411.0,533.0,487.0,477.0,468.0
moving,moving_frame_000167,moving_calib_camera,167,results/bus_real_data/ablation/world/route/route1/raw_images/moving/frame_0167.png,10,0.17,929.4671630859375,929.467134475708,640.0,360.0,True,2.936332123749259,0.2900160387104334,-0.7510912452977735,-0.4395391565736401,0.2109098606847613,1.965391882156834,2.024955034054711,432.75,460.0,5077.0,411.0,413.0,472.0,428.0,454.0,509.0,394.0,490.0
moving,moving_frame_000167,moving_calib_camera,167,results/bus_real_data/ablation/world/route/route1/raw_images/moving/frame_0167.png,0,0.17,929.4671630859375,929.467134475708,640.0,360.0,True,2.907748996201581,0.28245805623815634,-0.6612808473965526,3.7871850004154903,-0.7561268704249391,5.941986310394259,7.086726986731143,1232.5,241.75,800.5,1219.0,228.0,1250.0,230.0,1246.0,256.0,1215.0,253.0
moving,moving_frame_000168,moving_calib_camera,168,results/bus_real_data/ablation/world/route/route1/raw_images/moving/frame_0168.png,10,0.17,929.4671630859375,929.467134475708,640.0,360.0,True,2.963758326853381,0.22617138196964648,-0.64884309290781,-0.5738725726349976,0.24578432239140607,1.8353672692923289,1.9386368086739953,350.0,484.75,5891.0,325.0,435.0,391.0,449.0,375.0,536.0,309.0,519.0
moving,moving_frame_000168,moving_calib_camera,168,results/bus_real_data/ablation/world/route/route1/raw_images/moving/frame_0168.png,0,0.17,929.4671630859375,929.467134475708,640.0,360.0,True,2.9970999271787484,0.2288554687185823,-0.6042471380595039,3.2660753119722306,-0.8296405150540519,6.1931176575099185,7.050550166295875,1130.25,235.5,719.5,1118.0,222.0,1146.0,224.0,1143.0,249.0,1114.0,247.0
moving,moving_frame_000169,moving_calib_camera,169,results/bus_real_data/ablation/world/route/route1/raw_images/moving/frame_0169.png,10,0.17,929.4671630859375,929.467134475708,640.0,360.0,True,3.0065501505727394,0.1900490029887376,-0.5049900965916828,-0.6964608347259625,0.28578199309146346,1.7167073739474183,1.8745168043119684,263.5,515.0,7033.0,234.0,462.0,308.0,476.0,293.0,569.0,219.0,553.0
moving,moving_frame_000169,moving_calib_camera,169,results/bus_real_data/ablation/world/route/route1/raw_images/moving/frame_0169.png,0,0.17,929.4671630859375,929.467134475708,640.0,360.0,True,-2.708742790084971,-0.028273277170861172,0.547631845763928,2.750254037517424,-0.8985975850231145,6.4523090023626155,7.071327057395939,1036.25,230.5,638.5,1024.0,218.0,1051.0,219.0,1048.0,243.0,1022.0,242.0
moving,moving_frame_000170,moving_calib_camera,170,results/bus_real_data/ablation/world/route/route1/raw_images/moving/frame_0170.png,10,0.17,929.4671630859375,929.467134475708,640.0,360.0,True,3.0272431813652774,0.14848764412025425,-0.3620189427930076,-0.7970683920197521,0.32709409995057426,1.5838149305726632,1.8029914880787208,172.75,552.25,8688.0,138.0,496.0,222.0,508.0,208.0,610.0,123.0,595.0
moving,moving_frame_000170,moving_calib_camera,170,results/bus_real_data/ablation/world/route/route1/raw_images/moving/frame_0170.png,0,0.17,929.4671630859375,929.467134475708,640.0,360.0,True,2.960611093564646,0.16023602765922756,-0.43676677167641464,2.201705196551726,-0.9494823225222877,6.634406579761136,7.054386799636312,948.5,227.0,577.0,937.0,215.0,962.0,216.0,960.0,239.0,935.0,238.0
moving,moving_frame_000171,moving_calib_camera,171,results/bus_real_data/ablation/world/route/route1/raw_images/moving/frame_0171.png,10,0.17,929.4671630859375,929.467134475708,640.0,360.0,True,3.025417617951003,0.09785078654399076,-0.26281355470909085,-0.87219531401506,0.3670072288647747,1.435566657815884,1.7193808771943166,75.75,598.0,10967.5,35.0,537.0,131.0,547.0,117.0,660.0,20.0,648.0
moving,moving_frame_000171,moving_calib_camera,171,results/bus_real_data/ablation/world/route/route1/raw_images/moving/frame_0171.png,0,0.17,929.4671630859375,929.467134475708,640.0,360.0,True,-2.8231979205117086,-0.03253929827582587,0.4779310485739581,1.6328218109371502,-0.9792615068706488,6.731671742891569,6.9957461802981005,865.5,224.75,564.5,854.0,213.0,878.0,213.0,877.0,237.0,853.0,236.0
moving,moving_frame_000172,moving_calib_camera,172,results/bus_real_data/ablation/world/route/route1/raw_images/moving/frame_0172.png,0,0.17,929.4671630859375,929.467134475708,640.0,360.0,True,3.077835087515067,0.03989404255617351,-0.22734642940546318,1.0628406817766056,-0.9990177986673405,6.802215079569902,6.956852511417909,785.25,223.5,540.5,774.0,212.0,797.0,212.0,797.0,235.0,773.0,235.0
moving,moving_frame_000173,moving_calib_camera,173,results/bus_real_data/ablation/world/route/route1/raw_images/moving/frame_0173.png,0,0.17,929.4671630859375,929.467134475708,640.0,360.0,True,-2.843228137123253,8.000823380670313e-15,0.2064816373496612,0.4987643067330006,-1.0086122999772065,6.86997488307167,6.961509857737168,707.5,223.5,529.0,696.0,212.0,719.0,212.0,719.0,235.0,696.0,235.0
moving,moving_frame_000174,moving_calib_camera,174,results/bus_real_data/ablation/world/route/route1/raw_images/moving/frame_0174.png,0,0.17,929.4671630859375,929.467134475708,640.0,360.0,True,3.017007779608702,-0.014099383806855714,0.06751272034834113,0.49511843816456375,-0.9686719732429118,6.693147151967645,6.780979756454773,708.75,225.5,540.5,697.0,214.0,720.0,214.0,721.0,237.0,697.0,237.0
moving,moving_frame_000175,moving_calib_camera,175,results/bus_real_data/ablation/world/route/route1/raw_images/moving/frame_0175.png,0,0.17,929.4671630859375,929.467134475708,640.0,360.0,True,3.1416105920407515,2.814013445348044e-07,-1.9814722263755793e-06,0.4958333127328841,-0.9349999909004674,6.583725357418615,6.668246788993072,710.0,228.0,576.0,698.0,216.0,722.0,216.0,722.0,240.0,698.0,240.0
moving,moving_frame_000175,moving_calib_camera,175,results/bus_real_data/ablation/world/route/route1/raw_images/moving/frame_0175.png,4,0.17,929.4671630859375,929.467134475708,640.0,360.0,True,-2.067646701578114,-0.31062813357657,2.046814307853721,1.2328278516178865,-0.743531261574631,3.0909982473913105,3.4098348074415115,1011.0,136.25,1071.0,1004.0,109.0,1024.0,111.0,1018.0,165.0,998.0,160.0
moving,moving_frame_000176,moving_calib_camera,176,results/bus_real_data/ablation/world/route/route1/raw_images/moving/frame_0176.png,0,0.17,929.4671630859375,929.467134475708,640.0,360.0,True,-2.7305258127731658,0.016502340382180354,0.2697325180339221,0.48864731598281197,-0.8978218518462576,6.422214560108368,6.503053139344455,710.75,230.0,588.0,698.0,218.0,723.0,218.0,723.0,242.0,699.0,242.0
moving,moving_frame_000176,moving_calib_camera,176,results/bus_real_data/ablation/world/route/route1/raw_images/moving/frame_0176.png,4,0.17,929.4671630859375,929.467134475708,640.0,360.0,True,-2.0721809294536855,-0.3092744128571325,2.048426303094004,1.224684320906618,-0.7095473324651096,2.9765078824818496,3.2958926374139437,1022.75,138.25,1194.5,1015.0,110.0,1037.0,112.0,1030.0,168.0,1009.0,163.0
moving,moving_frame_000177,moving_calib_camera,177,results/bus_real_data/ablation/world/route/route1/raw_images/moving/frame_0177.png,0,0.17,929.4671630859375,929.467134475708,640.0,360.0,True,3.1415045070439884,1.8564400647048415e-07,-1.353274639042336e-06,0.4861999930263604,-0.8670000353680615,6.320376854554558,6.398065573135057,711.5,232.5,625.0,699.0,220.0,724.0,220.0,724.0,245.0,699.0,245.0
moving,moving_frame_000178,moving_calib_camera,178,results/bus_real_data/ablation/world/route/route1/raw_images/moving/frame_0178.png,0,0.17,929.4671630859375,929.467134475708,640.0,360.0,True,-2.7429585045331333,0.016605199998344842,0.27411786932462917,0.4861811906195834,-0.8262841776250861,6.171885431626403,6.245901654159155,713.25,235.5,637.5,700.0,223.0,726.0,223.0,726.0,248.0,701.0,248.0
moving,moving_frame_000178,moving_calib_camera,178,results/bus_real_data/ablation/world/route/route1/raw_images/moving/frame_0178.png,4,0.17,929.4671630859375,929.467134475708,640.0,360.0,True,-2.0628294686811057,-0.3083621423369339,2.060556634321795,1.2181519829698877,-0.6389579390642356,2.745781278810074,3.0710708771649298,1052.75,143.5,1475.5,1044.0,113.0,1069.0,115.0,1061.0,176.0,1037.0,170.0
moving,moving_frame_000179,moving_calib_camera,179,results/bus_real_data/ablation/world/route/route1/raw_images/moving/frame_0179.png,0,0.17,929.4671630859375,929.467134475708,640.0,360.0,True,3.01890158350311,-0.011231409104540407,0.05798974061597954,0.49637145095196705,-0.8068813697062821,6.171526310903415,6.243811269430904,714.75,238.5,637.5,702.0,226.0,727.0,226.0,728.0,251.0,702.0,251.0
moving,moving_frame_000179,moving_calib_camera,179,results/bus_real_data/ablation/world/route/route1/raw_images/moving/frame_0179.png,4,0.17,929.4671630859375,929.467134475708,640.0,360.0,True,-2.0539687522358796,-0.3079832559015479,2.049627913082641,1.2081714225478546,-0.5984773831711812,2.6082419251919386,2.936116364308077,1071.0,146.5,1714.0,1061.0,114.0,1089.0,117.0,1080.0,181.0,1054.0,174.0
moving,moving_frame_000180,moving_calib_camera,180,results/bus_real_data/ablation/world/route/route1/raw_images/moving/frame_0180.png,14,0.17,929.4671630859375,929.467134475708,640.0,360.0,True,1.441152093001242,1.4339367839938524,-1.031849439507624,0.5053471788380172,0.7653273050152278,3.6713122569204635,3.784129403545265,768.0,554.0,946.0,786.0,543.0,793.0,565.0,749.0,565.0,744.0,543.0
moving,moving_frame_000180,moving_calib_camera,180,results/bus_real_data/ablation/world/route/route1/raw_images/moving/frame_0180.png,0,0.17,929.4671630859375,929.467134475708,640.0,360.0,True,3.1417325276153236,1.904858849786994e-07,-1.500451229602562e-06,0.4969230867313451,-0.7715384689730551,6.077285314675982,6.146185887134251,716.0,242.0,676.0,703.0,229.0,729.0,229.0,729.0,255.0,703.0,255.0
moving,moving_frame_000180,moving_calib_camera,180,results/bus_real_data/ablation/world/route/route1/raw_images/moving/frame_0180.png,4,0.17,929.4671630859375,929.467134475708,640.0,360.0,True,-2.066864787038398,-0.3071737932754466,2.050269821095392,1.2053170618795563,-0.5612415376858993,2.4869926678577916,2.820091100170421,1091.0,150.0,1995.0,1080.0,116.0,1111.0,119.0,1101.0,186.0,1072.0,179.0
moving,moving_frame_000181,moving_calib_camera,181,results/bus_real_data/ablation/world/route/route1/raw_images/moving/frame_0181.png,14,0.17,929.4671630859375,929.467134475708,640.0,360.0,True,1.4268701482245674,1.4286729124195592,-1.0540464914656957,0.49883664706926173,0.7911337302444448,3.514398109610577,3.6367189405319995,772.0,569.5,1035.0,791.0,558.0,798.0,581.0,752.0,581.0,747.0,558.0
moving,moving_frame_000181,moving_calib_camera,181,results/bus_real_data/ablation/world/route/route1/raw_images/moving/frame_0181.png,0,0.17,929.4671630859375,929.467134475708,640.0,360.0,True,-2.88726996985764,9.308923497104058e-15,0.24074376113887996,0.48776160879921254,-0.720628475129908,5.852201544188219,5.916542884149952,717.5,245.5,729.0,704.0,232.0,731.0,232.0,731.0,259.0,704.0,259.0
moving,moving_frame_000181,moving_calib_camera,181,results/bus_real_data/ablation/world/route/route1/raw_images/moving/frame_0181.png,4,0.17,929.4671630859375,929.467134475708,640.0,360.0,True,-2.0635887460255318,-0.3116234490857732,2.0437779054790712,1.20608327857504,-0.5252799969481055,2.3731080133277516,2.7133369847795366,1113.0,154.0,2304.0,1101.0,118.0,1135.0,122.0,1124.0,192.0,1092.0,184.0
moving,moving_frame_000182,moving_calib_camera,182,results/bus_real_data/ablation/world/route/route1/raw_images/moving/frame_0182.png,0,0.17,929.4671630859375,929.467134475708,640.0,360.0,True,-2.7705001672352623,0.017140120087714587,0.2853954609820414,0.48798934459987764,-0.6864868341335981,5.7261324420006305,5.787744855918745,719.25,248.5,742.5,705.0,235.0,733.0,235.0,733.0,262.0,706.0,262.0
moving,moving_frame_000182,moving_calib_camera,182,results/bus_real_data/ablation/world/route/route1/raw_images/moving/frame_0182.png,4,0.17,929.4671630859375,929.467134475708,640.0,360.0,True,-2.0668420142672206,-0.3093976513062354,2.053226968747982,1.2131199157053787,-0.4930637407921926,2.2719414721160316,2.62230620543936,1137.0,158.0,2622.0,1124.0,121.0,1161.0,124.0,1149.0,198.0,1114.0,189.0
moving,moving_frame_000183,moving_calib_camera,183,results/bus_real_data/ablation/world/route/route1/raw_images/moving/frame_0183.png,3,0.17,929.4671630859375,929.467134475708,640.0,360.0,True,-2.0603867583547197,-0.30580087219877866,2.078899036036845,1.207272476457542,0.5188066564554131,3.064029343225082,3.3339080664197533,1006.5,517.5,1031.0,1000.0,483.0,1019.0,505.0,1013.0,553.0,994.0,529.0
moving,moving_frame_000183,moving_calib_camera,183,results/bus_real_data/ablation/world/route/route1/raw_images/moving/frame_0183.png,0,0.17,929.4671630859375,929.467134475708,640.0,360.0,True,3.14167556386329,1.8695983603511332e-07,-1.6241846449051013e-06,0.49178568586176835,-0.6496428596870848,5.6431932521559975,5.701711943542915,721.0,253.0,784.0,707.0,239.0,735.0,239.0,735.0,267.0,707.0,267.0
moving,moving_frame_000183,moving_calib_camera,183,results/bus_real_data/ablation/world/route/route1/raw_images/moving/frame_0183.png,4,0.17,929.4671630859375,929.467134475708,640.0,360.0,True,-2.0626559334276755,-0.3026635636175616,2.0480276353698503,1.1995747645941994,-0.4484219634232574,2.1191284015560083,2.4760385811640577,1167.0,163.0,3200.0,1152.0,123.0,1194.0,127.0,1181.0,206.0,1141.0,196.0
moving,moving_frame_000184,moving_calib_camera,184,results/bus_real_data/ablation/world/route/route1/raw_images/moving/frame_0184.png,0,0.17,929.4671630859375,929.467134475708,640.0,360.0,True,3.031835428457585,-0.028509344479482116,0.1741844634954573,0.47841736526966233,-0.59077066715631,5.3558513146794295,5.40953200023045,723.0,257.5,841.0,708.0,243.0,737.0,243.0,738.0,272.0,709.0,272.0
moving,moving_frame_000184,moving_calib_camera,184,results/bus_real_data/ablation/world/route/route1/raw_images/moving/frame_0184.png,4,0.17,929.4671630859375,929.467134475708,640.0,360.0,True,-2.0746887805246224,-0.3091918374025527,2.048218620127137,1.2179889109640933,-0.4156062196366062,2.02341492933809,2.3980061495543326,1200.5,168.75,3762.0,1184.0,127.0,1231.0,131.0,1216.0,214.0,1171.0,203.0
moving,moving_frame_000185,moving_calib_camera,185,results/bus_real_data/ablation/world/route/route1/raw_images/moving/frame_0185.png,14,0.17,929.4671630859375,929.467134475708,640.0,360.0,True,1.4384519731691938,1.4352230274964353,-1.0370091806224715,0.4974067217785614,0.9439543723877619,3.0091341780567444,3.1927028996713283,793.75,652.0,1680.0,815.0,636.0,825.0,668.0,771.0,668.0,764.0,636.0
moving,moving_frame_000185,moving_calib_camera,185,results/bus_real_data/ablation/world/route/route1/raw_images/moving/frame_0185.png,0,0.17,929.4671630859375,929.467134475708,640.0,360.0,True,2.9794119553448457,0.015367189118830796,-0.08160883440115604,0.4832799874485645,-0.5603361619765255,5.285450343265309,5.336995549165302,725.0,261.5,870.0,710.0,247.0,740.0,247.0,740.0,276.0,710.0,276.0
moving,moving_frame_000185,moving_calib_camera,185,results/bus_real_data/ablation/world/route/route1/raw_images/moving/frame_0185.png,4,0.17,929.4671630859375,929.467134475708,640.0,360.0,True,-2.0766584954922203,-0.3072445032462871,2.0481902416250275,1.208025585922518,-0.3726054019608283,1.8784186589620495,2.2642034493725642,1239.0,175.25,4667.5,1220.0,130.0,1274.0,135.0,1257.0,224.0,1205.0,212.0
moving,moving_frame_000186,moving_calib_camera,186,results/bus_real_data/ablation/world/route/route1/raw_images/moving/frame_0186.png,0,0.17,929.4671630859375,929.467134475708,640.0,360.0,True,-2.9195688020855477,0.029093915144079722,-0.14446963085723652,0.2135162226345993,-0.7563749915705807,5.219334298141116,5.278176088475427,678.0,225.25,915.0,663.0,210.0,693.0,210.0,693.0,240.0,663.0,241.0
moving,moving_frame_000186,moving_calib_camera,186,results/bus_real_data/ablation/world/route/route1/raw_images/moving/frame_0186.png,4,0.17,929.4671630859375,929.467134475708,640.0,360.0,True,-2.0891404300050413,-0.34362174562786063,1.965257341908639,1.1109076315203288,-0.43035758688678777,1.7977828475601898,2.1566980746833226,1215.75,137.0,5270.0,1196.0,89.0,1254.0,95.0,1234.0,189.0,1179.0,175.0
moving,moving_frame_000187,moving_calib_camera,187,results/bus_real_data/ablation/world/route/route1/raw_images/moving/frame_0187.png,14,0.17,929.4671630859375,929.467134475708,640.0,360.0,True,1.5252576026910578,1.4076061951277652,-0.9467757385953486,0.24595954878121995,0.7704663676540614,2.8958657926352145,3.0066847543893727,719.0,607.75,1831.5,741.0,590.0,751.0,623.0,696.0,626.0,688.0,592.0
moving,moving_frame_000187,moving_calib_camera,187,results/bus_real_data/ablation/world/route/route1/raw_images/moving/frame_0187.png,3,0.17,929.4671630859375,929.467134475708,640.0,360.0,True,-2.1116760079492316,-0.36874509116684906,1.9100358949336054,0.9499175057390716,0.404227906269564,2.6910969623536305,2.882316139618545,968.5,499.75,1523.5,960.0,460.0,985.0,488.0,977.0,541.0,952.0,510.0
moving,moving_frame_000187,moving_calib_camera,187,results/bus_real_data/ablation/world/route/route1/raw_images/moving/frame_0187.png,0,0.17,929.4671630859375,929.467134475708,640.0,360.0,True,-3.1413962919749063,0.05065446921313639,-1.485033305059708e-06,-0.04932917897543343,-0.9372544615696728,5.0944281702516845,5.180161935256907,631.0,189.0,962.0,615.0,174.0,646.0,173.0,647.0,204.0,616.0,205.0
moving,moving_frame_000187,moving_calib_camera,187,results/bus_real_data/ablation/world/route/route1/raw_images/moving/frame_0187.png,4,0.17,929.4671630859375,929.467134475708,640.0,360.0,True,-2.115789319322469,-0.36658029206558973,1.8785463036534455,1.024098182302436,-0.47965929971850346,1.7107985986228607,2.0507759448197995,1198.0,98.75,6141.5,1176.0,48.0,1241.0,54.0,1217.0,154.0,1158.0,139.0
moving,moving_frame_000188,moving_calib_camera,188,results/bus_real_data/ablation/world/route/route1/raw_images/moving/frame_0188.png,14,0.17,929.4671630859375,929.467134475708,640.0,360.0,True,1.6092663137104168,1.379818085165601,-0.8850226592512132,0.13801097334557863,0.6943899789913587,2.8213751013051795,2.9088454640891848,685.5,589.25,2013.0,707.0,569.0,719.0,604.0,663.0,610.0,653.0,574.0
moving,moving_frame_000188,moving_calib_camera,188,results/bus_real_data/ablation/world/route/route1/raw_images/moving/frame_0188.png,3,0.17,929.4671630859375,929.467134475708,640.0,360.0,True,-2.1267456734895123,-0.3937655360246941,1.798098121249692,0.850601984651612,0.3241565639095504,2.6569684586481026,2.808573054857178,938.0,473.5,1625.0,928.0,433.0,956.0,463.0,947.0,515.0,921.0,483.0
moving,moving_frame_000188,moving_calib_camera,188,results/bus_real_data/ablation/world/route/route1/raw_images/moving/frame_0188.png,0,0.17,929.4671630859375,929.467134475708,640.0,360.0,True,-3.0121373587471254,0.10193050596810202,-0.33390336593612885,-0.29846659334701897,-1.0849181413359918,4.872217156415722,5.000462948569444,583.0,153.0,1058.0,566.0,137.0,598.0,136.0,600.0,169.0,568.0,170.0
moving,moving_frame_000188,moving_calib_camera,188,results/bus_real_data/ablation/world/route/route1/raw_images/moving/frame_0188.png,4,0.17,929.4671630859375,929.467134475708,640.0,360.0,True,-2.138635895215257,-0.3848668522849991,1.7845555808153724,0.9526766300856313,-0.5235801556562477,1.628038962993035,1.9576107391235296,1185.75,60.25,7223.0,1162.0,6.0,1233.0,13.0,1207.0,119.0,1141.0,103.0
moving,moving_frame_000189,moving_calib_camera,189,results/bus_real_data/ablation/world/route/route1/raw_images/moving/frame_0189.png,14,0.17,929.4671630859375,929.467134475708,640.0,360.0,True,1.6695778202710023,1.3532991091781434,-0.8429731784508936,0.04332637097251182,0.6262047694033415,2.7328977058712187,2.8040576774384136,654.75,573.5,2190.5,676.0,551.0,690.0,588.0,632.0,596.0,621.0,559.0
moving,moving_frame_000189,moving_calib_camera,189,results/bus_real_data/ablation/world/route/route1/raw_images/moving/frame_0189.png,3,0.17,929.4671630859375,929.467134475708,640.0,360.0,True,-2.1519827388664168,-0.4062131266817899,1.711473020346312,0.7599069980579394,0.2505007139921521,2.610827846344534,2.7306833021527863,911.0,449.25,1745.5,900.0,408.0,930.0,439.0,921.0,491.0,893.0,459.0
moving,moving_frame_000189,moving_calib_camera,189,results/bus_real_data/ablation/world/route/route1/raw_images/moving/frame_0189.png,0,0.17,929.4671630859375,929.467134475708,640.0,360.0,True,-2.6953036967223847,0.059534371791571006,-0.017730673844855122,-0.5270296437746244,-1.2121346195873013,4.64375386013469,4.828196401860128,534.5,117.25,1177.5,516.0,101.0,550.0,99.0,553.0,134.0,519.0,135.0
moving,moving_frame_000190,moving_calib_camera,190,results/bus_real_data/ablation/world/route/route1/raw_images/moving/frame_0190.png,14,0.17,929.4671630859375,929.467134475708,640.0,360.0,True,1.7391662741856593,1.3267967847682993,-0.7492797341417416,-0.03779910794309732,0.5718317605194303,2.6550598301206048,2.7162037914008037,626.75,560.75,2434.0,647.0,536.0,664.0,575.0,605.0,586.0,591.0,546.0
moving,moving_frame_000190,moving_calib_camera,190,results/bus_real_data/ablation/world/route/route1/raw_images/moving/frame_0190.png,3,0.17,929.4671630859375,929.467134475708,640.0,360.0,True,-2.154429359977826,-0.4237830029512968,1.6246009830980541,0.6740056716153908,0.18036877134741128,2.541443930066978,2.635479802374015,887.0,426.0,1876.0,875.0,384.0,907.0,416.0,898.0,469.0,868.0,435.0
moving,moving_frame_000190,moving_calib_camera,190,results/bus_real_data/ablation/world/route/route1/raw_images/moving/frame_0190.png,0,0.17,929.4671630859375,929.467134475708,640.0,360.0,True,-2.6213785488519314,0.0749149760210131,-0.04802862781966434,-0.741875889884912,-1.3321664939388467,4.456700812699287,4.710332210946521,485.25,82.0,1287.0,465.0,65.0,501.0,63.0,505.0,99.0,470.0,101.0
moving,moving_frame_000191,moving_calib_camera,191,results/bus_real_data/ablation/world/route/route1/raw_images/moving/frame_0191.png,14,0.17,929.4671630859375,929.467134475708,640.0,360.0,True,1.7976020314338708,1.301346011732446,-0.712541745886163,-0.10489196757869507,0.5204951467763761,2.5511411302525975,2.6058086248124193,601.75,550.25,2705.5,622.0,523.0,641.0,564.0,580.0,578.0,564.0,536.0
moving,moving_frame_000191,moving_calib_camera,191,results/bus_real_data/ablation/world/route/route1/raw_images/moving/frame_0191.png,3,0.17,929.4671630859375,929.467134475708,640.0,360.0,True,-2.157407059046865,-0.44592624403899583,1.5699173151963117,0.595110937925528,0.11797472196062078,2.4505906959175583,2.5245731960824567,866.25,404.75,2032.0,854.0,361.0,887.0,395.0,878.0,449.0,846.0,414.0
moving,moving_frame_000191,moving_calib_camera,191,results/bus_real_data/ablation/world/route/route1/raw_images/moving/frame_0191.png,0,0.17,929.4671630859375,929.467134475708,640.0,360.0,True,-2.9446373361183764,0.22115762730077104,-0.4033290820940088,-0.956889847725604,-1.4531624585005756,4.3091635989051955,4.6471722836156335,433.5,46.5,1424.0,412.0,29.0,449.0,26.0,455.0,64.0,418.0,67.0
moving,moving_frame_000192,moving_calib_camera,192,results/bus_real_data/ablation/world/route/route1/raw_images/moving/frame_0192.png,14,0.17,929.4671630859375,929.467134475708,640.0,360.0,True,1.8719875322430903,1.2768980481840428,-0.6444270139131506,-0.16054774327506383,0.48632933534263967,2.4790223311006487,2.5313718648948487,579.75,543.0,3010.5,599.0,513.0,621.0,556.0,559.0,574.0,540.0,529.0
moving,moving_frame_000192,moving_calib_camera,192,results/bus_real_data/ablation/world/route/route1/raw_images/moving/frame_0192.png,3,0.17,929.4671630859375,929.467134475708,640.0,360.0,True,-2.1596529459769114,-0.46418768184469583,1.4580634302353683,0.534652228966871,0.06361107815964374,2.3843296948263624,2.444366475967679,849.0,384.75,2254.5,835.0,340.0,872.0,376.0,862.0,430.0,827.0,393.0
moving,moving_frame_000193,moving_calib_camera,193,results/bus_real_data/ablation/world/route/route1/raw_images/moving/frame_0193.png,14,0.17,929.4671630859375,929.467134475708,640.0,360.0,True,1.8130866925225892,1.3687282357773118,-0.7146783905016638,0.028037061710425176,0.5547055553395125,2.425818503417803,2.488589910266065,650.75,573.25,3218.5,672.0,543.0,692.0,590.0,628.0,604.0,611.0,556.0
moving,moving_frame_000193,moving_calib_camera,193,results/bus_real_data/ablation/world/route/route1/raw_images/moving/frame_0193.png,3,0.17,929.4671630859375,929.467134475708,640.0,360.0,True,-2.1144649706520706,-0.4740951523160034,1.5850496698046426,0.7342499992455782,0.16567950317929897,2.274423489359548,2.3957410060597812,940.75,427.75,2587.5,928.0,380.0,966.0,420.0,953.0,476.0,916.0,435.0
moving,moving_frame_000194,moving_calib_camera,194,results/bus_real_data/ablation/world/route/route1/raw_images/moving/frame_0194.png,14,0.17,929.4671630859375,929.467134475708,640.0,360.0,True,1.76198554913434,1.458537372168948,-0.7690677831342642,0.2029012500960879,0.6339184848881241,2.359509897754961,2.4515930576621066,720.0,610.5,3550.0,743.0,580.0,762.0,631.0,695.0,642.0,680.0,589.0
moving,moving_frame_000194,moving_calib_camera,194,results/bus_real_data/ablation/world/route/route1/raw_images/moving/frame_0194.png,3,0.17,929.4671630859375,929.467134475708,640.0,360.0,True,-2.0542928608489124,-0.4953632542855941,1.688114708141671,0.9194569833809481,0.2790738672282711,2.159896749126589,2.36398759187635,1036.5,480.25,3050.5,1024.0,429.0,1066.0,475.0,1047.0,532.0,1009.0,485.0
moving,moving_frame_000194,moving_calib_camera,194,results/bus_real_data/ablation/world/route/route1/raw_images/moving/frame_0194.png,0,0.17,929.4671630859375,929.467134475708,640.0,360.0,True,-2.8907517772826945,0.12828039128417745,-0.3291453473467176,-0.30190535422775516,-1.4173227567519247,4.101935454981981,4.350382180516615,571.5,38.75,1543.5,551.0,19.0,589.0,18.0,592.0,58.0,554.0,60.0
moving,moving_frame_000195,moving_calib_camera,195,results/bus_real_data/ablation/world/route/route1/raw_images/moving/frame_0195.png,14,0.17,929.4671630859375,929.467134475708,640.0,360.0,True,1.672876892814556,1.5172998800919317,-0.8340347912076573,0.35712338568919355,0.7085748962121481,2.233771247859109,2.3705167124300583,788.75,655.75,4017.5,814.0,625.0,833.0,681.0,761.0,687.0,747.0,630.0
moving,moving_frame_000195,moving_calib_camera,195,results/bus_real_data/ablation/world/route/route1/raw_images/moving/frame_0195.png,3,0.17,929.4671630859375,929.467134475708,640.0,360.0,True,-1.9912904256342296,-0.5233447365597869,1.7823724801095693,1.0753748070315632,0.3949171433134401,2.0092638437369454,2.31290547135623,1138.5,543.0,3817.0,1127.0,487.0,1173.0,541.0,1148.0,600.0,1106.0,544.0
moving,moving_frame_000195,moving_calib_camera,195,results/bus_real_data/ablation/world/route/route1/raw_images/moving/frame_0195.png,0,0.17,929.4671630859375,929.467134475708,640.0,360.0,True,-2.9191037835150984,0.03880950200321584,-0.09930271737438426,0.10232030755197585,-1.3392136609263667,4.085747445653695,4.300848156423919,663.25,55.25,1559.5,644.0,35.0,682.0,35.0,683.0,75.0,644.0,76.0
moving,moving_frame_000196,moving_calib_camera,196,results/bus_real_data/ablation/world/route/route1/raw_images/moving/frame_0196.png,0,0.17,929.4671630859375,929.467134475708,640.0,360.0,True,-3.069145340554487,0.015668376056077002,-0.058408529933559154,0.4819570979398575,-1.2066993853044925,3.9289415341288927,4.1382348446350825,754.0,74.5,1640.0,734.0,54.0,774.0,54.0,774.0,95.0,734.0,95.0
moving,moving_frame_000197,moving_calib_camera,197,results/bus_real_data/ablation/world/route/route1/raw_images/moving/frame_0197.png,0,0.17,929.4671630859375,929.467134475708,640.0,360.0,True,-2.950176886354781,-0.06000011402245161,0.12821205048598153,0.8137074535103849,-1.1230899755389445,3.811007758514477,4.055518591809432,838.5,86.0,1809.0,819.0,64.0,861.0,65.0,858.0,108.0,816.0,107.0
moving,moving_frame_000198,moving_calib_camera,198,results/bus_real_data/ablation/world/route/route1/raw_images/moving/frame_0198.png,0,0.17,929.4671630859375,929.467134475708,640.0,360.0,True,-2.706695458543322,-0.09391905709386533,0.5594390137398743,1.1241041147253348,-1.025608120326507,3.6655154938613324,3.9688141696178705,925.25,99.75,1987.0,905.0,77.0,950.0,78.0,945.0,123.0,901.0,121.0
moving,moving_frame_000199,moving_calib_camera,199,results/bus_real_data/ablation/world/route/route1/raw_images/moving/frame_0199.png,0,0.17,929.4671630859375,929.467134475708,640.0,360.0,True,-3.0172545735834784,-0.17457656815842476,0.29770025956647134,1.3658163104856995,-0.8842156201917057,3.3864204812457586,3.7570114629557,1015.0,117.25,2352.0,994.0,92.0,1043.0,95.0,1036.0,143.0,987.0,139.0
moving,moving_frame_000200,moving_calib_camera,200,results/bus_real_data/ablation/world/route/route1/raw_images/moving/frame_0200.png,0,0.17,929.4671630859375,929.467134475708,640.0,360.0,True,-2.935563724522517,-0.22665559944290034,0.48017838026900017,1.626330720908602,-0.7669082602191056,3.2195628336435105,3.6876394527044014,1109.75,138.5,2727.5,1088.0,111.0,1142.0,116.0,1131.0,166.0,1078.0,161.0
moving,moving_frame_000201,moving_calib_camera,201,results/bus_real_data/ablation/world/route/route1/raw_images/moving/frame_0201.png,0,0.17,929.4671630859375,929.467134475708,640.0,360.0,True,-2.9074577969074586,-0.27744483813109266,0.5384109864092732,1.828134324847534,-0.6280794029922118,2.9840549048473526,3.5554384429057895,1209.75,164.25,3292.0,1187.0,134.0,1247.0,141.0,1232.0,195.0,1173.0,187.0
moving,moving_frame_000202,moving_calib_camera,202,results/bus_real_data/ablation/world/route/route1/raw_images/moving/frame_0202.png,0,0.17,929.4671630859375,929.467134475708,640.0,360.0,True,-2.736288464969854,-0.192205381195778,0.9092708815816547,1.5568408551948758,-0.5134248828424475,3.0868163582811725,3.4951099823149963,1109.25,205.25,2910.5,1086.0,177.0,1142.0,182.0,1132.0,234.0,1077.0,228.0
moving,moving_frame_000203,moving_calib_camera,203,results/bus_real_data/ablation/world/route/route1/raw_images/moving/frame_0203.png,0,0.17,929.4671630859375,929.467134475708,640.0,360.0,True,-3.100253389172868,-0.1669919261756652,0.2611672271232529,1.271351298911351,-0.3754343281736285,3.1230136950857057,3.392712719890624,1018.5,248.25,2703.5,995.0,221.0,1048.0,225.0,1042.0,276.0,989.0,271.0
moving,moving_frame_000204,moving_calib_camera,204,results/bus_real_data/ablation/world/route/route1/raw_images/moving/frame_0204.png,0,0.17,929.4671630859375,929.467134475708,640.0,360.0,True,-2.900364025498329,-0.07296950583073088,0.7257808025412447,1.0108314818002038,-0.2269532553330499,3.188343278432604,3.3524350740664657,935.0,293.75,2532.0,911.0,268.0,962.0,270.0,959.0,320.0,908.0,317.0
moving,moving_frame_000205,moving_calib_camera,205,results/bus_real_data/ablation/world/route/route1/raw_images/moving/frame_0205.png,0,0.17,929.4671630859375,929.467134475708,640.0,360.0,True,3.021135839015332,0.05981082990692199,-0.18028116049574938,0.737721045558238,-0.06572855987165811,3.1610343860051375,3.246643031524904,857.0,340.75,2526.0,832.0,315.0,883.0,317.0,882.0,366.0,831.0,365.0
moving,moving_frame_000206,moving_calib_camera,206,results/bus_real_data/ablation/world/route/route1/raw_images/moving/frame_0206.png,0,0.17,929.4671630859375,929.467134475708,640.0,360.0,True,3.0223742085877725,-0.0008214025920992637,0.030111693383495557,0.48296698744198624,0.10139728239722838,3.1499280918210837,3.188351533861965,782.5,390.0,2500.0,757.0,365.0,807.0,365.0,808.0,415.0,758.0,415.0
moving,moving_frame_000207,moving_calib_camera,207,results/bus_real_data/ablation/world/route/route1/raw_images/moving/frame_0207.png,0,0.17,929.4671630859375,929.467134475708,640.0,360.0,True,3.0279497911231483,0.014039320452529045,0.010768103740884293,0.4810748777919345,0.14121671977704203,3.0059231655276637,3.0474496348656794,788.75,403.75,2756.0,762.0,377.0,815.0,378.0,815.0,430.0,763.0,430.0
moving,moving_frame_000208,moving_calib_camera,208,results/bus_real_data/ablation/world/route/route1/raw_images/moving/frame_0208.png,0,0.17,929.4671630859375,929.467134475708,640.0,360.0,True,3.084966387598497,0.0020554913441634807,0.0594618101095887,0.4808801432098518,0.18102464296861945,2.878417979407574,2.9239195778393468,795.25,418.5,2997.5,768.0,391.0,822.0,391.0,823.0,446.0,768.0,446.0
moving,moving_frame_000208,moving_calib_camera,208,results/bus_real_data/ablation/world/route/route1/raw_images/moving/frame_0208.png,1,0.17,929.4671630859375,929.467134475708,640.0,360.0,True,0.011601702860283648,2.5234288140609658,-1.8565560477963092,-0.5290503674943935,-0.16595742784468298,2.458294517710816,2.5200492247195947,439.75,297.5,967.5,467.0,305.0,400.0,305.0,415.0,290.0,477.0,290.0
moving,moving_frame_000209,moving_calib_camera,209,results/bus_real_data/ablation/world/route/route1/raw_images/moving/frame_0209.png,0,0.17,929.4671630859375,929.467134475708,640.0,360.0,True,3.1129215833068113,-0.008061340907517759,-0.12095021292483024,0.48602977047430346,0.22250820480091046,2.776889075657916,2.827869830366897,802.75,434.5,3277.5,774.0,406.0,831.0,406.0,832.0,463.0,774.0,463.0
moving,moving_frame_000210,moving_calib_camera,210,results/bus_real_data/ablation/world/route/route1/raw_images/moving/frame_0210.png,0,0.17,929.4671630859375,929.467134475708,640.0,360.0,True,3.0512197778417067,-0.0023618619602349777,-0.04399934093757237,0.4853432433623934,0.26168403563324427,2.646261792733119,2.7030978661642884,810.5,452.0,3600.0,780.0,422.0,840.0,422.0,841.0,482.0,781.0,482.0
moving,moving_frame_000211,moving_calib_camera,211,results/bus_real_data/ablation/world/route/route1/raw_images/moving/frame_0211.png,0,0.17,929.4671630859375,929.467134475708,640.0,360.0,True,3.018925878917118,0.0003065519008019412,0.005250185390869875,0.4795699904040951,0.29928855998581594,2.486711509488269,2.550155906852754,819.25,472.0,4064.0,787.0,440.0,850.0,440.0,852.0,504.0,788.0,504.0
moving,moving_frame_000212,moving_calib_camera,212,results/bus_real_data/ablation/world/route/route1/raw_images/moving/frame_0212.png,0,0.17,929.4671630859375,929.467134475708,640.0,360.0,True,3.08232677343817,-0.006393517201629218,-0.056200009016713015,0.48265556381492986,0.34082375981372826,2.374171211251955,2.4465907236137086,829.0,493.5,4489.0,795.0,460.0,862.0,460.0,863.0,527.0,796.0,527.0
moving,moving_frame_000213,moving_calib_camera,213,results/bus_real_data/ablation/world/route/route1/raw_images/moving/frame_0213.png,0,0.17,929.4671630859375,929.467134475708,640.0,360.0,True,3.095495868005945,-0.007870127219849402,-0.053104692583830576,0.4844212910851279,0.3843452963420471,2.240590727950825,2.3243562773929574,841.0,519.5,5041.0,805.0,484.0,876.0,484.0,877.0,555.0,806.0,555.0
moving,moving_frame_000214,moving_calib_camera,214,results/bus_real_data/ablation/world/route/route1/raw_images/moving/frame_0214.png,0,0.17,929.4671630859375,929.467134475708,640.0,360.0,True,3.0459600887867206,0.004899584250066269,0.03196540538065257,0.48007068479905185,0.42197952761174495,2.082377219073012,2.1782629470844683,854.25,548.5,5813.5,816.0,510.0,891.0,510.0,893.0,587.0,817.0,587.0
moving,moving_frame_000214,moving_calib_camera,214,results/bus_real_data/ablation/world/route/route1/raw_images/moving/frame_0214.png,1,0.17,929.4671630859375,929.467134475708,640.0,360.0,True,0.008834702495310692,2.5258502150857,-1.8537254674378953,-0.524002020393999,0.07779593511787672,1.6549810117253358,1.7376974633316566,345.0,404.5,3168.0,381.0,421.0,281.0,421.0,313.0,388.0,405.0,388.0
moving,moving_frame_000215,moving_calib_camera,215,results/bus_real_data/ablation/world/route/route1/raw_images/moving/frame_0215.png,0,0.17,929.4671630859375,929.467134475708,640.0,360.0,True,3.061014379446818,0.002860635148328314,0.014526903693838009,0.47709516911571626,0.4627136504278415,1.9342065887553102,2.045208754790148,869.25,582.5,6764.5,828.0,541.0,909.0,541.0,911.0,624.0,829.0,624.0
moving,moving_frame_000216,moving_calib_camera,216,results/bus_real_data/ablation/world/route/route1/raw_images/moving/frame_0216.png,0,0.17,929.4671630859375,929.467134475708,640.0,360.0,True,3.0271495063194553,0.003735551639451318,0.016999890542295483,0.47800701711772964,0.5051095358782427,1.8004573033128224,1.9300965915470147,886.75,621.0,7875.0,842.0,576.0,929.0,576.0,932.0,666.0,844.0,666.0
moving,moving_frame_000216,moving_calib_camera,216,results/bus_real_data/ablation/world/route/route1/raw_images/moving/frame_0216.png,1,0.17,929.4671630859375,929.467134475708,640.0,360.0,True,9.795043234074843e-05,2.5425296893253804,-1.8451149468827206,-0.5264484693161111,0.1625180752547877,1.3908606209275594,1.49601249409114,287.0,470.0,5472.0,327.0,494.0,206.0,494.0,254.0,446.0,361.0,446.0
moving,moving_frame_000217,moving_calib_camera,217,results/bus_real_data/ablation/world/route/route1/raw_images/moving/frame_0217.png,0,0.17,929.4671630859375,929.467134475708,640.0,360.0,True,3.0255963423662324,0.0007242831287600417,-0.026866040974616222,0.48004661920355757,0.550205980992012,1.6714377395469298,1.8239724491641582,907.0,666.25,9261.0,858.0,617.0,953.0,618.0,956.0,715.0,861.0,715.0
moving,moving_frame_000217,moving_calib_camera,217,results/bus_real_data/ablation/world/route/route1/raw_images/moving/frame_0217.png,1,0.17,929.4671630859375,929.467134475708,640.0,360.0,True,0.0021180846312491976,2.5386655528850266,-1.8460692336928592,-0.5229982864030449,0.20322827822084255,1.246120008395487,1.3666177285447085,248.25,513.5,7522.5,291.0,543.0,155.0,543.0,214.0,484.0,333.0,484.0
moving,moving_frame_000218,moving_calib_camera,218,results/bus_real_data/ablation/world/route/route1/raw_images/moving/frame_0218.png,1,0.17,929.4671630859375,929.467134475708,640.0,360.0,True,0.0002201024914113407,2.5399092868065707,-1.848364047110707,-0.5232066595771835,0.24543179513839708,1.1111219545712032,1.2524272324653842,200.0,568.0,10582.0,245.0,605.0,91.0,605.0,166.0,531.0,298.0,531.0
moving,moving_frame_000219,moving_calib_camera,219,results/bus_real_data/ablation/world/route/route1/raw_images/moving/frame_0219.png,1,0.17,929.4671630859375,929.467134475708,640.0,360.0,True,0.0003990388032331563,2.5409495799654724,-1.8462644754683657,-0.5238126015155924,0.28790651916643195,0.976546989127182,1.1449514519220578,138.0,638.0,15648.0,185.0,686.0,8.0,686.0,105.0,590.0,254.0,590.0
