marker_id,frame_i,frame_j,frame_gap,metric_translation_m,colmap_translation_units,scale_m_per_colmap_unit,quality,used_for_scale
13,0,3,3,0.12150829740689396,0.18017095615590714,0.6744055756786311,6604.226449781988,True
13,0,4,4,0.17590184930084807,0.23910111481681265,0.7356797538799236,6645.54854771222,True
13,0,5,5,0.2013548784508961,0.2988452453286223,0.673776416383932,6681.562261178145,True
13,0,6,6,0.28917948763027096,0.43290207543093484,0.6680020818620599,7408.985085691562,True
13,0,7,7,0.38910415106815016,0.5652300220434868,0.6883996530499469,8448.173989093739,True
13,1,4,3,0.12176424232899795,0.17965425524503303,0.6777698761597488,6417.565036678631,True
13,1,5,4,0.1528020118303285,0.23939853343401485,0.6382746361829537,6452.343256523168,True
13,1,6,5,0.24082272151534462,0.37345583296270773,0.6448492706750479,7154.810968851658,True
13,1,7,6,0.3395946352481393,0.5057835196947675,0.6714228954179436,8158.349250920802,True
13,2,6,4,0.20654443577465365,0.3134823986022266,0.6588709180981321,6965.644263095841,True
13,2,7,5,0.3061673044849355,0.4458101001139704,0.6867661912699252,7942.649904156672,True
13,3,6,3,0.16837319067899364,0.2527311901429893,0.6662145285025252,6881.459147593627,True
13,3,7,4,0.268159841436319,0.38505907853956983,0.6964122036893153,7846.656931458136,True
13,4,7,3,0.21786633189699006,0.3261309668864172,0.6680332566298961,7895.752814013366,True
13,156,159,3,0.4485842029959179,0.655532842749261,0.6843046964887154,3371.340534564849,True
9,0,3,3,0.5992068923769948,0.18017095615590714,3.3257685098728325,4437.933978778864,False
9,0,4,4,0.50722979963597,0.23910111481681265,2.121402905313027,4484.152762785853,False
9,0,5,5,0.21032197813244102,0.2988452453286223,0.7037822465643129,4570.065863857982,True
9,0,6,6,0.5518769643314129,0.43290207543093484,1.2748309505840179,4672.229767466493,False
9,0,7,7,0.513222749637134,0.5652300220434868,0.9079891895721852,4884.064188767384,False
9,0,8,8,0.45289285600388685,0.6983139390082115,0.6485519344596117,5189.906357536714,True
9,0,9,9,0.6127231501955107,0.8307090760797567,0.7375905330022937,5574.934528763544,True
9,0,10,10,0.700220250396408,0.9648683258955572,0.725715863609149,6073.565015705356,True
9,0,11,11,0.713925438946977,1.0982369117040862,0.650065055488993,6766.948499877918,True
9,1,4,3,0.4439365496692711,0.17965425524503303,2.471060588371701,4335.271617788209,False
9,1,5,4,0.4995705468069919,0.23939853343401485,2.08677363073608,4418.332264554127,False
9,1,6,5,0.24747306947317288,0.37345583296270773,0.6626568596075051,4517.1041608535,True
9,1,7,6,0.41904739631951265,0.5057835196947675,0.8285113689991347,4721.905335772838,False
9,1,8,7,0.6054412848106945,0.638868143424514,0.947678000604879,5017.593048464572,False
9,1,9,8,0.7420857340933671,0.7712626419934221,0.9621699453448909,5389.837659892921,False
9,1,10,9,0.6526294591811534,0.9054220762279324,0.7208013547671214,5871.9128058921315,True
9,1,11,10,0.7989959271750452,1.0387903507581207,0.7691599431896236,6542.274833725652,True
9,2,5,3,0.32174578663910935,0.17942511006081574,1.7932037858583691,4321.438417934472,False
9,2,6,4,0.5162230939685818,0.3134823986022266,1.6467370935987062,4418.044250570608,False
9,2,7,5,0.3649987257715534,0.4458101001139704,0.8187313963462072,4618.354144064745,False
9,2,8,6,0.4410957058042216,0.5788946679633887,0.7619619426726486,4907.557437259395,True
9,2,9,7,0.668050429576147,0.7112892712468989,0.9392106089341772,5271.63873951924,False
9,2,10,8,0.5760731837608323,0.8454486260252956,0.6813816546951208,5743.14199719979,True
9,2,11,9,0.7129175325249167,0.9788169487804864,0.7283461258135596,6398.80301306424,True
9,3,6,3,0.424892201748362,0.2527311901429893,1.6812020768309923,4424.892710563726,False
9,3,7,4,0.7010304284171466,0.38505907853956983,1.8205788864295185,4625.513106672599,False
9,3,8,5,0.6177715886277402,0.518143207755542,1.19227962343415,4915.164697138845,False
9,3,9,6,0.5568834598609185,0.6505383742915994,0.8560347580837702,5279.8103659127755,False
9,3,10,7,0.8187125975938708,0.7846974386443798,1.043348120274554,5752.0445060865095,False
9,3,11,8,0.6970669148927805,0.9180659635943124,0.7592775928253561,6408.721869452598,True
9,4,7,3,0.607326310922126,0.3261309668864172,1.8622160192890904,4673.685430150386,False
9,4,8,4,0.5199528314415873,0.4592153261182101,1.1322636721139014,4966.353591922347,False
9,4,9,5,0.4865204888956744,0.5916086857485681,0.8223687390256541,5334.79685648854,False
9,4,10,6,0.7306236474517097,0.7257688308893443,1.0066892050963616,5811.949070664677,False
9,4,11,7,0.6237479314768949,0.8591371648290277,0.7260167025844163,6475.46538868057,True
9,5,8,3,0.27542147414909673,0.3994698281036938,0.6894675261371761,5061.505309688018,True
9,5,9,4,0.40262048981052045,0.5318647218474043,0.7569979231035276,5437.0076788616,True
9,5,10,5,0.5805339970428538,0.6660235836499807,0.8716418026241324,5923.301781945606,False
9,5,11,6,0.5146308892807752,0.7993918733081218,0.6437779848212356,6599.530589367701,True
9,6,9,3,0.5726010090219138,0.39780886492263073,1.439387252300871,5558.55208215233,False
9,6,10,4,0.5010736074633986,0.5319665459359141,0.9419269149375473,6055.717298553492,False
9,6,11,5,0.607710752594776,0.6653349642473324,0.9133906757512069,6747.063212983853,False
9,7,10,3,0.2589744210035892,0.3996387471405971,0.648021301379166,6330.277719026236,True
9,7,11,4,0.5389081038813172,0.5330069577171306,1.0110714242633176,7052.9685948542265,False
9,8,11,3,0.27493598598475355,0.39992410726275257,0.6874703999879631,7494.628476448983,True
11,0,4,4,0.16270282986656406,0.23910111481681265,0.6804770859860644,4121.998908296799,True
11,0,5,5,0.20152845160022276,0.2988452453286223,0.6743572292027399,4454.194652235126,True
11,0,6,6,0.29497715143413317,0.43290207543093484,0.6813946344343498,4625.819386876232,True
11,0,7,7,0.38174212677008124,0.5652300220434868,0.6753748241998216,4863.118855220382,True
11,0,8,8,0.47446053802053206,0.6983139390082115,0.6794373010717646,5194.00940988751,True
11,0,9,9,0.5619706132709308,0.8307090760797567,0.6764950925093489,5590.430439599441,True
11,0,10,10,0.6459826003942594,0.9648683258955572,0.6695033747684492,6086.058453547747,True
11,0,11,11,0.736596159740832,1.0982369117040862,0.6707078881531017,6710.767467287181,True
11,4,7,3,0.21924814690280528,0.3261309668864172,0.6722702508013096,5839.991438349889,True
11,4,8,4,0.31210626189262364,0.4592153261182101,0.6796512314405683,6237.349196573814,True
11,4,9,5,0.3996902585463229,0.5916086857485681,0.6755990372936986,6713.400777549334,True
11,4,10,6,0.4835117603837733,0.7257688308893443,0.6662062902195546,7308.5874148155335,True
11,4,11,7,0.5742796481416915,0.8591371648290277,0.6684376740423933,8058.7840273827915,True
11,5,8,3,0.2733076283074747,0.3994698281036938,0.6841758978516141,6740.022996993408,True
11,5,9,4,0.36090489471992976,0.5318647218474043,0.6785652063298079,7254.440019739635,True
11,5,10,5,0.44470359454454295,0.6660235836499807,0.6676994711019882,7897.593304292137,True
11,5,11,6,0.5355288460648993,0.7993918733081218,0.6699203031033094,8708.248962908674,True
11,6,9,3,0.26718250433446195,0.39780886492263073,0.6716353703842821,7533.96110953594,True
11,6,10,4,0.3512088100526829,0.5319665459359141,0.6602084524597022,8201.895756469963,True
11,6,11,5,0.44185242467408886,0.6653349642473324,0.6641052228089942,9043.786817478616,True
11,7,10,3,0.26432101311637646,0.3996387471405971,0.661399864271383,8622.644026051406,True
11,7,11,4,0.355200004515775,0.5330069577171306,0.6664078195847518,9507.723176449765,True
11,8,11,3,0.262226023915233,0.39992410726275257,0.6556894649587826,10154.636379506654,True
10,0,4,4,0.1204584367230665,0.23910111481681265,0.5037970517843706,3183.938598654189,False
10,0,6,6,0.2665263914288932,0.43290207543093484,0.6156736281838749,3347.2431940329643,True
10,0,7,7,0.30532601337826454,0.5652300220434868,0.5401801062767572,3198.1280462170366,False
10,0,8,8,0.4498332626691149,0.6983139390082115,0.6441705335396797,3089.7123652534387,True
10,0,9,9,0.5315304390663751,0.8307090760797567,0.6398514887723974,3021.173902641157,True
10,0,10,10,0.6271813088620583,0.9648683258955572,0.6500175122651377,2984.1028802640167,True
10,0,11,11,0.7068535889552513,1.0982369117040862,0.6436257800317943,2938.872105077048,True
10,0,12,12,0.79421503050248,1.2306312203210497,0.6453720801064055,2971.4314732128687,True
10,0,13,13,0.8742766453065804,1.3632790121619494,0.6413042653096471,3007.4042378769104,True
10,0,14,14,0.9961926450731602,1.4957582581447892,0.666011796791784,3069.2910419183127,True
10,0,15,15,1.0588846388196744,1.5810381710782804,0.6697400848314161,3203.040235463801,True
10,0,16,16,1.1064507836028825,1.6695808635875955,0.6627117067126302,3359.620291044808,True
10,0,17,17,1.159719593170034,1.7629173088156285,0.6578411746091269,3573.680665644316,True
10,0,18,18,1.2476175257899056,1.8575521368058043,0.6716460340840147,3849.5208143352074,True
10,0,19,19,1.3100487931712221,1.9563033593191272,0.669655238759684,4206.127851123882,True
10,0,20,20,1.3726043972616746,2.054946781627658,0.6679513112132658,4674.897218121485,True
10,0,21,21,1.4552087251452097,2.1562416549315135,0.6748820206756603,5252.49904807226,True
10,1,4,3,0.1359553360719507,0.17965425524503303,0.7567610123485206,3297.1085817728235,True
10,1,6,5,0.28885185760955734,0.37345583296270773,0.7734565432223448,3466.2176792578966,True
10,1,7,6,0.321222099686688,0.5057835196947675,0.6350979958392882,3311.8023793698803,True
10,1,8,7,0.4741357939312965,0.638868143424514,0.742149688963664,3199.5331690732633,True
10,1,9,8,0.5552300201410203,0.7712626419934221,0.7198974641193054,3128.5585738483464,True
10,1,10,9,0.6511557664458351,0.9054220762279324,0.7191737241029145,3090.1698982418425,True
10,1,11,10,0.7316369198949996,1.0387903507581207,0.7043162456804136,3043.33143939335,True
10,1,12,11,0.8177432545284161,1.1711842665145367,0.6982191256394122,3077.0480984216024,True
10,1,13,12,0.8976451045783522,1.3038319497662623,0.688466872390474,3114.2994798188565,True
10,1,14,13,1.019521905928116,1.4363104535615856,0.709820013772114,3178.3859897753136,True
10,1,15,14,1.0791760981042082,1.5217021383713794,0.7091901042205342,3316.8891675785612,True
10,1,16,15,1.1237671819885524,1.6104888202144074,0.697780181944351,3479.0347080763654,True
10,1,17,16,1.1744797707728252,1.7041666205954846,0.6891813022147026,3700.703649307791,True
10,1,18,17,1.2612150629000254,1.7991940501395465,0.7009889026712849,3986.3482662707734,True
10,1,19,18,1.3210749836149729,1.8983740751318774,0.6958981377383168,4355.630551366817,True
10,1,20,19,1.3812892466523505,1.9974629795816086,0.6915218258221123,4841.061866987448,True
10,1,21,20,1.4632881651758087,2.0992049028610507,0.6970678103797597,5439.193989002415,True
10,2,6,4,0.2492155386816455,0.3134823986022266,0.7949905315030832,3609.733646683644,False
10,2,7,5,0.2863006693214897,0.4458101001139704,0.6422031920055143,3448.9249049522664,True
10,2,8,6,0.43645155666796126,0.5788946679633887,0.7539395002608038,3332.007277903216,True
10,2,9,7,0.5170741898759327,0.7112892712468989,0.7269534502741694,3258.094036396126,True
10,2,10,8,0.6114903371638744,0.8454486260252956,0.7232732047110557,3218.1159084159785,True
10,2,11,9,0.695275713729157,0.9788169487804864,0.7103225118806994,3169.338140684897,True
10,2,12,10,0.7810928525200785,1.111210965405987,0.7029203966095691,3204.450810981501,True
10,2,13,11,0.8599233220070329,1.243858695077956,0.6913352179068373,3243.2445559963558,True
10,2,14,12,0.9835137656066087,1.3763375410542045,0.7145876184219223,3309.9845165801003,True
10,2,15,13,1.0444675245274953,1.461812603077859,0.7145016552247256,3454.222307553467,True
10,2,16,14,1.0926679718536279,1.5508306487282122,0.704569498126498,3623.081354317068,True
10,2,17,15,1.145655804314441,1.6448460338050752,0.6965124885665794,3853.9283205581287,True
10,2,18,16,1.2326863413037163,1.7402675885310934,0.7083314942066979,4151.399824155703,True
10,2,19,17,1.2961808625922258,1.8398805461814884,0.7044918569753542,4535.97194656228,True
10,2,20,18,1.3588207917906607,1.9394201734913765,0.7006324933418058,5041.5021570956405,True
10,2,21,19,1.4403965569633093,2.041614306392471,0.7055184480503017,5664.399460666594,True
10,3,6,3,0.186889517535395,0.2527311901429893,0.7394794343731669,3920.5553178089453,True
10,3,7,4,0.22080786622178697,0.38505907853956983,0.5734389306161913,3745.8998918817892,False
10,3,8,5,0.3615246764170172,0.518143207755542,0.697731188995115,3618.9148926162934,True
10,3,9,6,0.4429978913412238,0.6505383742915994,0.6809711907058891,3538.6372376947597,True
10,3,10,7,0.5397669525221199,0.7846974386443798,0.6878663366795301,3495.216731477463,True
10,3,11,8,0.6155127176554628,0.9180659635943124,0.6704449811489298,3442.238878985594,True
10,3,12,9,0.7027483571092777,1.050460287937864,0.6689908844520224,3480.3749797974356,True
10,3,13,10,0.7837066569016682,1.1831081859001729,0.6624133500567251,3522.509119931416,True
10,3,14,11,0.903664226149556,1.3155878183351428,0.6868900833188999,3594.9958275358263,True
10,3,15,12,0.965120212825772,1.4011394925558665,0.6888109413469341,3751.653435486812,True
10,3,16,13,1.0096353255735286,1.4903973816863165,0.6774269318905891,3935.052350350628,True
10,3,17,14,1.0614088544395546,1.584767398317464,0.6697568713026559,4185.776749899593,True
10,3,18,15,1.1493866636423016,1.6806035633255636,0.6839130231093318,4508.862495131117,True
10,3,19,16,1.209423267783276,1.780671021630434,0.6791952320737454,4926.548792004399,True
10,3,20,17,1.2708912906778318,1.8806824833648383,0.6757606889622358,5475.608459340387,True
10,3,21,18,1.35418716613017,1.9833482545469767,0.682778308360921,6152.141293891095,True
10,4,7,3,0.2010892259264222,0.3261309668864172,0.6165904079769777,4047.9599800393285,True
10,4,8,4,0.3431249261346851,0.4592153261182101,0.7471983329370822,3910.735224992866,True
10,4,9,5,0.4246509599324734,0.5916086857485681,0.7177902727968887,3823.9841788375643,True
10,4,10,6,0.5213104926414152,0.7257688308893443,0.718287243064173,3777.0623505576395,True
10,4,11,7,0.5983012428367491,0.8591371648290277,0.6963978132127643,3719.8124952744593,True
10,4,12,8,0.6853184896934292,0.9915312981688114,0.6911718177319215,3761.0237967872526,True
10,4,13,9,0.7660349642035919,1.124178332137735,0.6814176561710645,3806.555529609413,True
10,4,14,10,0.8865869885115985,1.2566578035634526,0.7055118632912957,3884.8873857552167,True
10,4,15,11,0.9478976342966519,1.342341162527337,0.7061525495589858,4054.177475148319,True
10,4,16,12,0.9929688861312901,1.4318950553604741,0.6934648474509285,4252.365224201703,True
10,4,17,13,1.0450191492831618,1.5266729533120198,0.6845075410657268,4523.3074182505,True
10,4,18,14,1.1329497875376482,1.6229711017061583,0.6980714483126826,4872.445997648409,True
10,4,19,15,1.1936832260966568,1.7235347269555281,0.6925785755446847,5323.813482833522,True
10,4,20,16,1.2555519462259506,1.8240534256292398,0.6883306862532415,5917.147961645036,True
10,4,21,17,1.3386699521556324,1.9272198400182539,0.6946119608974932,6648.234728106401,True
10,6,9,3,0.2689336003779269,0.39780886492263073,0.676037223127824,4020.11678934829,True
10,6,10,4,0.36362956736059926,0.5319665459359141,0.6835572088858491,3970.7883348272294,True
10,6,11,5,0.4486624907873957,0.6653349642473324,0.6743407680294543,3910.6021275501807,True
10,6,12,6,0.5330503873327773,0.7977293937327734,0.668209535113784,3953.9271616963306,True
10,6,13,7,0.6116676153922527,0.9303779592285543,0.6574399246295902,4001.7942225956594,True
10,6,14,8,0.7354471680859311,1.0628584633562768,0.691952121041167,4084.1437291065063,True
10,6,15,9,0.795314393540198,1.1489215593099007,0.6922268862444388,4262.116727636633,True
10,6,16,10,0.843704101044642,1.2395097597751668,0.6806756416324471,4470.469550282162,True
10,6,17,11,0.8975102924398765,1.3357512897467276,0.6719142248479908,4755.308402196434,True
10,6,18,12,0.985037721022136,1.4337035853538365,0.687058141644411,5122.354341511333,True
10,6,19,13,1.0502755878810746,1.5360294673320094,0.6837600516254027,5596.8725195416055,True
10,6,20,14,1.114931248407473,1.6383358164744102,0.6805266888486458,6220.639195452506,True
10,6,21,15,1.196899460782418,1.7432501976284218,0.6865907500889554,6989.223490488768,True
10,7,10,3,0.335336720447528,0.3996387471405971,0.8390996189605033,3793.8950960721095,False
10,7,11,4,0.42258810446968703,0.5330069577171306,0.7928378764127815,3736.3901027596144,False
10,7,12,5,0.5041763125358366,0.6654013540536916,0.757702564721794,3777.785065352448,True
10,7,13,6,0.5817832923572115,0.7980499653762186,0.729006099364901,3823.519713562361,True
10,7,14,7,0.7058561864648338,0.9305308934222024,0.7585521248724101,3902.2006611654406,True
10,7,15,8,0.762201235996604,1.0169791044210252,0.749475807991681,4072.2452038157035,True
10,7,16,9,0.8084034982008124,1.1085099615433878,0.7292703956176139,4271.316190590437,True
10,7,17,10,0.8602413241183576,1.2060251356479854,0.7132863973487239,4543.46585769058,True
10,7,18,11,0.9467068797539091,1.3053687193595356,0.7252409726949793,4894.160397861925,True
10,7,19,12,1.0107665896876563,1.4091340039510494,0.7172962875451044,5347.5394341697,True
10,7,20,13,1.074171303152878,1.512865435233741,0.7100243538758066,5943.518150052207,True
10,7,21,14,1.1555056551721947,1.6191411873862789,0.7136534257630033,6677.863056397608,True
10,8,11,3,0.2594201155690254,0.39992410726275257,0.6486733629152913,3609.727482788694,True
10,8,12,4,0.3447981189975814,0.5323199190240396,0.6477272532460132,3649.7191672784907,True
10,8,13,5,0.42449126263086506,0.6649684457317928,0.6383630161032914,3693.903423209654,True
10,8,14,6,0.5471458509554616,0.7974527427344394,0.6861169592060294,3769.9171078420277,True
10,8,15,7,0.6098052975170752,0.8843119121382941,0.6895816839587141,3934.197186212201,True
10,8,16,8,0.660479688999146,0.9769634925795956,0.6760536028375033,4126.519720054661,True
10,8,17,9,0.7174744680636291,1.0759773417659855,0.6668118743895193,4389.443586606393,True
10,8,18,10,0.8067894574438476,1.1769250168237135,0.6855062522344981,4728.24967614867,True
10,8,19,11,0.8749370422903463,1.2823139285054235,0.6823111118430356,5166.259285014642,True
10,8,20,12,0.943145228773655,1.3876225968452314,0.6796842534258967,5742.034482655081,True
10,8,21,13,1.0262266626639236,1.4953760951169497,0.6862665960857592,6451.485294100887,True
10,9,12,3,0.26425109415701226,0.39992637918266616,0.6607493476600995,3568.7581873811514,True
10,9,13,4,0.3430602422002165,0.5325712223113535,0.6441584295736797,3611.9623129263127,True
10,9,14,5,0.4666933527266803,0.6650562919822578,0.7017351137836173,3686.2898014127973,True
10,9,15,6,0.5285849022298019,0.7526564078944857,0.7022924360778229,3846.9256881307183,True
10,9,16,7,0.5805030601659241,0.8468991994269325,0.6854452815148846,4034.9819702199416,True
10,9,17,8,0.6385154809145577,0.9478779699783257,0.6736262484601874,4292.073449977295,True
10,9,18,9,0.7278317855495865,1.0508206806832854,0.6926317676545168,4623.3638727662355,True
10,9,19,10,0.797868418796057,1.1581463966025174,0.688918448597384,5051.657203334367,True
10,9,20,11,0.86753128619985,1.2652769097546888,0.6856453947049792,5614.660096568625,True
10,9,21,12,0.9502450471450484,1.3746872217167574,0.6912445479476773,6308.373304584947,True
10,10,13,3,0.24890408122259342,0.3984148444817951,0.6247359622012444,3567.642078460226,True
10,10,14,4,0.37449595022456045,0.5309020665371177,0.7053955405886102,3641.057538682958,True
10,10,15,5,0.435765265103762,0.6193824018079844,0.7035480243412763,3799.7223582782995,True
10,10,16,6,0.4909424749300619,0.7156421674581344,0.6860166955698322,3985.471113933709,True
10,10,17,7,0.5511112859770496,0.8190299919199624,0.6728829119983014,4239.407977536486,True
10,10,18,8,0.640141762229691,0.924315712554294,0.692557481751225,4566.633333211678,True
10,10,19,9,0.7136862138748602,1.0338290133837136,0.6903329318829728,4989.671331861448,True
10,10,20,10,0.7857687554436871,1.142958447736081,0.6874867209740663,5545.765952508274,True
10,10,21,11,0.8675364610659685,1.2541353218643672,0.6917407124586124,6230.967019652728,True
10,11,14,3,0.28990168250500914,0.3975343926842287,0.729249312361472,3585.869141505306,True
10,11,15,4,0.3596047104263755,0.4875439796472456,0.7375841471502972,3742.1290397312596,True
10,11,16,5,0.41539405773632293,0.5867474898233728,0.7079605195437104,3925.062356192574,True
10,11,17,6,0.4791305132323556,0.6933067871674102,0.6910800847484877,4175.150236817833,True
10,11,18,7,0.5707581637757141,0.801449418106523,0.7121574373641294,4497.415757965901,True
10,11,19,8,0.6440493204581563,0.9134726719712469,0.7050559258311658,4914.0416664900185,True
10,11,20,9,0.7183896436584996,1.0247982400251503,0.7010059303389017,5461.70742533871,True
10,11,21,10,0.802198849218146,1.1378367912857605,0.7050210147552514,6136.522732786052,True
10,12,15,3,0.2693922718604533,0.35787922398055483,0.7527463283956672,3783.5875832336696,True
10,12,16,4,0.3276993732338186,0.46145073668685826,0.710150287301841,3968.547593263813,True
10,12,17,5,0.39315509362540285,0.5721009662749466,0.6872127767678967,4221.406163827404,True
10,12,18,6,0.4840781348010962,0.6835680709609929,0.7081637592003908,4547.242021269596,True
10,12,19,7,0.5603413337085223,0.7982916347646554,0.7019255987490296,4968.483672107618,True
10,12,20,8,0.6365315328878018,0.911864384006938,0.6980550442059581,5522.216946118651,True
10,12,21,9,0.7190129730095437,1.0267132202044493,0.700305556469183,6204.508441448041,True
10,13,16,3,0.25624791052565365,0.3412117143540449,0.7509938836969944,4016.591652134929,True
10,13,17,4,0.3246606830012866,0.45679450513832837,0.7107368397589886,4272.511380909359,True
10,13,18,5,0.41355703027495183,0.5717203079053692,0.7233555019063684,4602.291874707644,True
10,13,19,6,0.4941591740414215,0.6889710406670064,0.7172423002903232,5028.633164190842,True
10,13,20,7,0.5727242745407457,0.8045336990545991,0.711871081613796,5589.070047870218,True
10,13,21,8,0.6528990297490943,0.9208767202355174,0.7089972147217634,6279.621505313836,True
10,14,17,3,0.2328836899191473,0.35525843697086934,0.6555331715830395,4360.431744678502,True
10,14,18,4,0.3183245702579045,0.47220069517459634,0.6741298213044856,4696.998509686798,True
10,14,19,5,0.3999544111451048,0.5907007350736405,0.6770846680853444,5132.113112549255,True
10,14,20,6,0.48150902899136044,0.7072565509149851,0.6808123987942243,5704.082748347889,True
10,14,21,7,0.5602014487461756,0.8242430930469224,0.6796556179504248,6408.844474630353,True
10,15,18,3,0.232076295318263,0.35319009048562505,0.6570860892477632,4901.677620978352,True
10,15,19,4,0.3172424990656871,0.47169482673390034,0.6725587839543018,5355.753028286498,True
10,15,20,5,0.39908845793043235,0.5882501834330742,0.678433206091532,5952.647142238485,True
10,15,21,6,0.4753496554159079,0.7052350076325348,0.6740301463644733,6688.1199712624775,True
10,16,19,3,0.24209073000393985,0.3545632863281445,0.6827856671541777,5617.56806812343,True
10,16,20,4,0.32335513550116923,0.47111866089469473,0.6863560337157737,6243.641245299093,True
10,16,21,5,0.40223698332417435,0.5881059683032779,0.6839532414279912,7015.06753353095,True
10,17,20,3,0.2504919901501568,0.3520048730428883,0.7116151205089618,6641.458875879606,True
10,17,21,4,0.32997585254710915,0.4689899509370972,0.7035883218558916,7462.03708781992,True
10,18,21,3,0.2434837949330967,0.3520463487477286,0.691624258564811,8038.006127143721,True
12,0,11,11,0.7238483803710005,1.0982369117040862,0.6591003932364982,7094.625095803161,True
12,0,12,12,0.7791477264059632,1.2306312203210497,0.6331285226151645,7070.842806907815,True
12,0,13,13,0.9086420909639081,1.3632790121619494,0.6665121980591064,7059.976681972824,True
12,0,14,14,0.9834223476927515,1.4957582581447892,0.6574741221302061,7039.659224706832,True
12,0,15,15,1.038261276742508,1.5810381710782804,0.6566958949728617,8009.411089462196,True
12,1,11,10,0.6966219212612418,1.0387903507581207,0.6706087717823326,7749.698284449531,True
12,1,12,11,0.7484126156867695,1.1711842665145367,0.6390220882270368,7723.720088144054,True
12,1,13,12,0.8809848690918254,1.3038319497662623,0.6756889714581388,7711.850653377566,True
12,1,14,13,0.9564749375545867,1.4363104535615856,0.6659249295184325,7689.657209525012,True
12,1,15,14,1.006712699477283,1.5217021383713794,0.6615701418115439,8748.949879842723,True
12,2,11,9,0.6633920551245389,0.9788169487804864,0.6777488435923211,8495.963718142868,True
12,2,12,10,0.7173851706457343,1.111210965405987,0.6455886352630021,8467.483923811134,True
12,2,13,11,0.8484883923635294,1.243858695077956,0.6821421080393318,8454.47150920742,True
12,2,14,12,0.923405519986653,1.3763375410542045,0.6709150135361209,8430.140924088992,True
12,2,15,13,0.9758879777270415,1.461812603077859,0.667587607106616,9591.439308049652,True
12,11,14,3,0.26004455759155015,0.3975343926842287,0.6541435467650466,10896.420421404453,True
12,11,15,4,0.320835977386846,0.4875439796472456,0.658065714643798,12397.462401636876,True
12,12,15,3,0.2594989594192298,0.35787922398055483,0.7251020512812153,12355.904175737202,True
12,155,158,3,0.4511733677369884,0.6715836583012008,0.6718051610699558,3636.504709195356,True
12,155,159,4,0.5876207196352842,0.8773697246542779,0.6697526745259331,3740.6067021273434,True
12,155,160,5,0.7371188126065016,1.0899728917857747,0.6762726102287104,3922.0900678082344,True
12,155,161,6,0.7371188126065016,1.0899803228853322,0.6762679996417218,3922.0900678082344,True
12,155,162,7,1.0189904249542625,1.5220313113133317,0.6694937333943513,4469.636450540469,True
12,155,163,8,1.1760756427768102,1.7402702654607671,0.6758005731169713,4915.280663400616,True
12,155,164,9,1.3194148216855612,1.9617615873343657,0.672566345576364,5502.292295034861,True
12,156,159,3,0.44710098135166393,0.655532842749261,0.682042076605273,4128.181197573575,True
12,156,160,4,0.6005567475825095,0.8708448016652832,0.6896254607412111,4328.468551347,True
12,156,161,5,0.6005567475825095,0.8708541140257111,0.6896180863248224,4328.468551347,True
12,156,162,6,0.8845344223752897,1.3075011510264658,0.6765075668812053,4932.747712989181,True
12,156,163,7,1.0436074552251262,1.5272948511774709,0.6833045069329966,5424.566342114363,True
12,156,164,8,1.1874839643627986,1.7501913166787741,0.6784880904427127,6072.399855082009,True
12,157,160,3,0.4541240157264424,0.654720783086747,0.6936147858105696,4849.166320100807,True
12,157,161,4,0.4541240157264424,0.6547332406227917,0.693601588479719,4849.166320100807,True
12,157,162,5,0.739643369742675,1.0965391885532572,0.6745252494975027,5526.137891873492,True
12,157,163,6,0.9002979489024999,1.3177765622801347,0.6831946892003634,6077.1203707019,True
12,157,164,7,1.0443989604520452,1.5419391253991142,0.6773282701298041,6802.885711225788,True
12,158,161,3,0.30856400259556227,0.44627198827843645,0.6914258808532794,5497.282328569272,True
12,158,162,4,0.5966613941275721,0.8916819065749435,0.6691415287537006,6264.734631251351,True
12,158,163,5,0.7586334412769659,1.1136147446685427,0.6812350904196821,6889.358751001431,True
12,158,164,6,0.9026916599162387,1.3384775200785828,0.6744167506550586,7712.12636047932,True
12,159,162,3,0.4442649942049909,0.6681247457487755,0.6649431816914636,6444.074797827847,True
12,159,163,4,0.6060791424433273,0.8900557283473971,0.6809451623536643,7086.579993198412,True
12,159,164,5,0.7501644293582427,1.1149242565880353,0.67283891701661,7932.900919587992,True
12,160,163,3,0.45031625153884564,0.6673813342895164,0.6747510432221561,7430.400258397928,True
12,160,164,4,0.594420538863275,0.8922595554823333,0.6661968876779875,8317.782216432455,True
12,161,164,3,0.594420538863275,0.892240941173023,0.6662107861602881,8317.782216432455,True
17,18,21,3,0.14213751105770053,0.3520463487477286,0.4037465849689986,1315.15445860933,False
17,18,22,4,0.2899344713693005,0.47013868733952696,0.6166998785188555,1407.1291696216094,True
17,18,23,5,0.36207385021502353,0.5886263609232106,0.6151166074980763,1506.3843301096836,True
17,18,24,6,0.520505240576031,0.755482324145841,0.6889707726312744,1763.5369290150973,True
17,19,22,3,0.2723744327553149,0.35163341178082475,0.7745977021236183,1419.8374907009604,True
17,19,23,4,0.34404527311990407,0.4701276104836441,0.7318125237655522,1519.989062460648,True
17,19,24,5,0.5051721659737949,0.6396677425083481,0.7897415054772784,1779.4641047236664,False
17,20,23,3,0.28269575341179226,0.35357277659803654,0.7995404966745455,1563.387028217901,False
17,20,24,4,0.45012080189965153,0.527213493416816,0.8537732958662824,1830.270471815573,False
17,21,24,3,0.39090943496499153,0.4162570281342373,0.9391059094356684,1912.844086693947,False
17,139,143,4,0.27872715994297226,0.4206192354941276,0.6626590902708814,6047.965835716997,True
17,139,144,5,0.4326740506715985,0.6435290553875623,0.6723457892837839,6965.221712192656,True
17,139,145,6,0.5818368248409399,0.8667656867972056,0.671273486829977,8095.898467742787,True
17,140,143,3,0.23586460456216585,0.3550819141105033,0.6642540641728195,5846.499144787417,True
17,140,144,4,0.3893566781565934,0.5779942414261453,0.673634182229728,6733.199870789519,True
17,140,145,5,0.5394350598931347,0.8012387250383823,0.6732513582232234,7826.212110593477,True
17,141,144,3,0.3507904787787246,0.5118465764207325,0.6853430206210435,6567.594841340321,True
17,141,145,4,0.49993843558162154,0.7350890634185407,0.680105936084332,7633.7241239122595,True
17,142,145,3,0.49993843558162154,0.7350892294415465,0.6801057824795351,7633.7241239122595,True
4,27,30,3,0.45306563969753316,0.6385966844951899,0.7094707045898322,1479.7482894060056,True
4,27,32,5,0.7417268909649569,1.0645038381807397,0.6967817910667042,1690.499926057378,True
4,27,33,6,0.9041832868487538,1.2765304879362542,0.7083131154278438,1842.7242061686823,True
4,27,34,7,1.0419909990851224,1.4893098729080374,0.6996468754017746,1989.0506529497936,True
4,27,36,9,1.331826076423801,1.915046469659946,0.6954536600149931,2352.7154524081316,True
4,27,37,10,1.4712269113657366,2.129140443734837,0.6909957094164161,2563.3605871979853,True
4,27,38,11,1.52003087719745,2.191293113228781,0.6936684408037711,2648.080436844772,True
4,27,39,12,1.5570937946698704,2.253135772992827,0.6910785463237272,2738.3028503071023,True
4,27,40,13,1.6087388109815555,2.3148568109454484,0.6949625581050537,2869.4502957883765,True
4,27,41,14,1.651187230458884,2.377257535579376,0.6945765049626661,3026.1402809519586,True
4,27,42,15,1.7021009423816127,2.4397343758715953,0.6976583021557571,3236.933734261485,True
4,28,32,4,0.5739488758854473,0.8523570143630119,0.6733667538529895,1784.3945751991066,True
4,28,33,5,0.7373364322914013,1.0643819686907103,0.6927366809852992,1945.0737775210482,True
4,28,34,6,0.8744931660141066,1.2771622930069113,0.684715772460857,2099.5275659061967,True
4,28,36,8,1.164443201852872,1.702898154770394,0.6838008477435205,2483.3912297501574,True
4,28,37,9,1.3037041432991006,1.9169924276722474,0.6800778784933197,2705.736129041411,True
4,28,38,10,1.3525340192004807,1.9791447486706173,0.6833931778405656,2795.161533793709,True
4,28,39,11,1.3894042371966477,2.04098740566817,0.680751009701498,2890.395128697805,True
4,28,40,12,1.4418765190615956,2.1027081960279226,0.6857235453713181,3028.826835591629,True
4,28,41,13,1.4841600698206072,2.165109273861679,0.6854896830096091,3194.2197795392854,True
4,28,42,14,1.5350407619336282,2.2275871811438277,0.6891046846235716,3416.721235336591,True
4,29,32,3,0.42358695930715895,0.6395802494584816,0.6622889929227812,1905.7342417031814,True
4,29,33,4,0.5864518129716457,0.8516049286921331,0.6886430470433035,2077.339705007344,True
4,29,34,5,0.7239374978981594,1.0643848054149712,0.6801464040215403,2242.296423312493,True
4,29,36,7,1.013922191790735,1.4901210810637748,0.6804293991109175,2652.262996009257,True
4,29,37,8,1.1532722845412056,1.7042152565423798,0.6767174980471878,2889.727452546347,True
4,29,38,9,1.2020805587389787,1.7663676890343882,0.6805381270284185,2985.233826687618,True
4,29,39,10,1.239121222048563,1.828210169985422,0.6777783224225493,3086.943350630199,True
4,29,40,11,1.2910127649688539,1.889931265991968,0.6831003794686894,3234.7884784016405,True
4,29,41,12,1.3334243822609564,1.952332081836648,0.682990560195345,3411.428219968874,True
4,29,42,13,1.3843277958987283,2.014809829166855,0.6870761576893649,3649.059878927722,True
4,30,33,3,0.4519281193948249,0.6379351967788023,0.7084232405999799,2207.9093052025482,True
4,30,34,4,0.5895608222398038,0.8507142436702989,0.6930186330209052,2383.234252019721,True
4,30,36,6,0.8792916400693277,1.2764503709966644,0.6888568956917366,2818.968960453449,True
4,30,37,7,1.018649044142492,1.4905441839018165,0.6834074797272774,3071.359063997565,True
4,30,38,8,1.0674074201041135,1.5526970235518665,0.6874537684514713,3172.8684183243404,True
4,30,39,9,1.1046146876993534,1.6145405040731506,0.6841666002882181,3280.9708166943515,True
4,30,40,10,1.1558672311625768,1.676263528257075,0.6895498301298785,3438.10863702705,True
4,30,41,11,1.1984005377796727,1.738661602207244,0.6892661207093399,3625.850934608316,True
4,30,42,12,1.2493100884683095,1.8011383882902499,0.6936224870839773,3878.418749954677,True
4,32,36,4,0.5905627037842266,0.850545064335722,0.6943344080721433,3220.457731441293,True
4,32,37,5,0.7298394150073683,1.0646378306724529,0.6855283496232543,3508.794237341369,True
4,32,38,6,0.7786597571486132,1.1267915195022549,0.6910415490991411,3624.7609576356895,True
4,32,39,7,0.8156331251707932,1.1886358789316331,0.6861925839760942,3748.2597295278247,True
4,32,40,8,0.8679335339343354,1.2503620935360558,0.6941457505959712,3927.7777432028915,True
4,32,41,9,0.9102341269352108,1.3127558867462663,0.6933765341485334,4142.259045496793,True
4,32,42,10,0.9611145734777365,1.3752309156266278,0.6988750489511807,4430.798573620787,True
4,33,36,3,0.42772472183288734,0.6385163826852459,0.6698727447432348,3510.4499711575436,True
4,33,37,4,0.5671946398106874,0.8526110487660691,0.6652442994159563,3824.7502859663923,True
4,33,38,5,0.6160163292621232,0.9147628830240924,0.6734164018829119,3951.1594500855063,True
4,33,39,6,0.6530191564839622,0.9766056217455856,0.6686620903499975,4085.778903709793,True
4,33,40,7,0.7048705791808826,1.038328749249965,0.6788510668610924,4281.461958256782,True
4,33,41,8,0.7471570215009985,1.1007273473943946,0.6787848264782772,4515.256637224511,True
4,33,42,9,0.7980669212410866,1.1632074950597526,0.6860916256390618,4829.778255779452,True
4,34,37,3,0.42960610027262736,0.6398311190692478,0.671436708013778,4128.464817580501,True
4,34,38,4,0.47835338100252567,0.7019844958589757,0.6814301224946482,4264.911839651553,True
4,34,39,5,0.5155384944420818,0.7638277272892181,0.6749407962338564,4410.221111236941,True
4,34,40,6,0.5676194000481645,0.8255547817891236,0.6875611559272089,4621.442902384492,True
4,34,41,7,0.6099949322239085,0.8879483539256454,0.686971184221586,4873.802673477867,True
4,34,42,8,0.6608420801048404,0.9504254029788761,0.6953118866915724,5213.2997228243075,True
4,36,39,3,0.2253553327756868,0.3380922274301259,0.6665498774953689,5216.55662290749,True
4,36,40,4,0.2778191132306855,0.3998262381052532,0.694849629046982,5466.396802282103,True
4,36,41,5,0.319792577955276,0.46221135236926725,0.6918752131812399,5764.896356397052,True
4,36,42,6,0.3706436294620644,0.5246944520373129,0.7063989871112771,6166.464789488382,True
4,37,40,3,0.13964190233342275,0.18576853925276635,0.7516983386698148,5955.818457609332,True
4,37,41,4,0.18103064942254993,0.24811904408872446,0.7296120702359933,6281.043504068412,True
4,37,42,5,0.23169135367694854,0.31059980961161665,0.7459481509878012,6718.565471884604,True
4,38,41,3,0.13248732730992338,0.1859651206930131,0.7124310559754395,6488.633908612814,True
4,38,42,4,0.18300141074643347,0.24845811005397014,0.7365483489618506,6940.61611098035,True
4,39,42,3,0.147121912734382,0.18663576262417172,0.7882836100958918,7177.0889641971135,False
4,123,126,3,0.4169569193494984,0.6259184858668377,0.6661521088837193,2962.8575733571806,True
4,123,127,4,0.5632825652638832,0.8347739064136029,0.674772607212755,3170.6970053917166,True
4,123,128,5,0.7010210006035716,1.0432280558665212,0.671972917773279,3399.2020387143803,True
4,123,129,6,0.8583035549687078,1.2514554339306658,0.6858442831422955,3709.7072997744713,True
4,123,130,7,0.8996903480211376,1.3273143611329743,0.6778276302632454,3804.0204389566575,True
4,123,131,8,0.9456884172328832,1.4018847247121613,0.6745835806343168,3976.530554390347,True
4,123,132,9,0.9909984098722222,1.4763479776139066,0.6712498847825071,4216.144803016139,True
4,123,133,10,1.0478364390861834,1.551453096293314,0.6753903431496855,4552.18716662661,True
4,123,134,11,1.099124238777914,1.6164343656816929,0.6799683687214757,5053.249424875047,True
4,124,127,3,0.4171877210935073,0.6258918165850803,0.6665492502677531,3329.0471609756446,True
4,124,128,4,0.5551714894946669,0.8343460291414981,0.6653971734795833,3568.9641354320165,True
4,124,129,5,0.712134009936147,1.042577226578112,0.683051568537971,3894.9765724584277,True
4,124,130,6,0.7534632218784464,1.1184320675768813,0.6736781282665191,3993.999874812216,True
4,124,131,7,0.7995771797032308,1.1930030425981364,0.6702222468451564,4175.125447217125,True
4,124,132,8,0.8449685838767327,1.267466964860353,0.6666592560618175,4426.706450624437,True
4,124,133,9,0.9018960012033324,1.3425708468558073,0.6717679020928393,4779.531357779756,True
4,124,134,10,0.9529596676309608,1.407553795753402,0.6770325017104467,5305.617541813583,True
4,125,128,3,0.4268335055693536,0.6259617643166759,0.6818843097154689,3734.6594891636373,True
4,125,129,4,0.583093062575428,0.8341895602575932,0.6989934786469542,4075.8076193559477,True
4,125,130,5,0.6243371028531088,0.9100476062390889,0.6860488380748316,4179.428250371096,True
4,125,131,6,0.670670893897233,0.9846181690972571,0.6811482003344858,4368.9628918085355,True
4,125,132,7,0.7162071086836427,1.059081347580564,0.6762531606470021,4632.223979904254,True
4,125,133,8,0.7732127258580774,1.134186336049652,0.681733416531151,5001.429395682798,True
4,125,134,9,0.8239203580438323,1.1991678046063892,0.6870767834817524,5551.940043804508,True
4,126,129,3,0.4417337015633768,0.6255449220631584,0.7061582405728122,4319.644082560507,True
4,126,130,4,0.4829011384502307,0.7013977950157408,0.6884839699836715,4429.463850174195,True
4,126,131,5,0.5289081332819018,0.7759692164554667,0.6816096851082444,4630.337460704133,True
4,126,132,6,0.5742531199271286,0.8504329457668539,0.6752479696201233,4909.348225579441,True
4,126,133,7,0.6314046930986265,0.9255365562574331,0.6822039484337824,5300.641470614665,True
4,126,134,8,0.6822822414510815,0.9905197217760475,0.6888123744045379,5884.08659011745,True
4,127,130,3,0.3364987217783567,0.49254228737996786,0.683187475269037,4740.183224306841,True
4,127,131,4,0.38241115405109566,0.567111788820301,0.6743135332216998,4955.147777816521,True
4,127,132,5,0.42781973641238114,0.6415764054685107,0.6668258570075782,5253.730674482657,True
4,127,133,6,0.4847793956891981,0.7166807985382966,0.6764230277662356,5672.472476795282,True
4,127,134,7,0.5358434959542777,0.7816641331358366,0.685516289208014,6296.845281567588,True
4,128,131,3,0.24548001105731185,0.35865730056899026,0.6844416959249713,5312.25418254812,True
4,128,132,4,0.29091784462782616,0.4331222559329177,0.6716760467577628,5632.355279987228,True
4,128,133,5,0.34690303072172723,0.5082265519100223,0.6825755746487323,6081.274866341761,True
4,128,134,6,0.39884183386570105,0.5732103291915694,0.6958036405732778,6750.644821052282,True
4,129,132,3,0.13513517552350554,0.22489841997128382,0.6008720538844172,6146.851307783522,True
4,129,133,4,0.1907738539545991,0.30000704626450386,0.6358979108324063,6636.778134004481,True
4,129,134,5,0.2413429680976713,0.3649808272822515,0.6612483452754985,7367.292701528832,True
4,130,133,3,0.15035957890564497,0.22413881182926879,0.6708324081782722,6805.50718168749,True
4,130,134,4,0.1996891763219662,0.2891238552392094,0.6906700111505896,7554.593867310142,True
4,131,134,3,0.1534985916561385,0.21455622064625215,0.7154236367223212,7897.190307318167,True
14,30,44,14,1.3324927067911043,1.9255648271568704,0.6920009588867245,2037.7045909552248,True
14,30,45,15,1.3972403372944355,1.9874869796532706,0.7030186117436567,2029.9359595809913,True
14,30,46,16,1.3817206958242167,2.0499927589904314,0.674012476270735,1999.0337665982534,True
14,30,47,17,1.4536866685815264,2.111695201265515,0.6883979599472255,2006.764560181388,True
14,30,48,18,1.5148738521096972,2.1717367557766627,0.6975402741977094,2028.8459773970028,True
14,30,49,19,1.514720768036407,2.236592990226149,0.6772447086509239,2026.1964366763652,True
14,30,50,20,1.5610753197755531,2.263782803715269,0.6895870563260538,2066.0416259117337,True
14,30,51,21,1.5679639135386971,2.294648315850382,0.6833133873752762,2103.6311463752386,True
14,30,52,22,1.592339013970272,2.3249947600716214,0.6848785387891455,2184.9778030909147,True
14,30,53,23,1.658203101384968,2.3547777373796537,0.7041866733588967,2286.322811853129,True
14,44,47,3,0.12593692519632949,0.18618490276470137,0.6764078253728624,3235.121326936596,True
14,44,48,4,0.18427500965078802,0.24620745659276239,0.7484542190596069,3270.7189576605324,True
14,44,49,5,0.18909018088414017,0.31105320500567674,0.607903014150551,3266.4476117029644,True
14,44,50,6,0.2314539591770636,0.3382203250161175,0.6843289479011468,3330.6823625197285,True
14,44,51,7,0.23967652883979873,0.3691278053555955,0.6493049977877142,3391.2807315231216,True
14,44,52,8,0.263361179934488,0.3994379769240613,0.6593293456034016,3522.4203326690017,True
14,44,53,9,0.3271769104956463,0.42921989884718625,0.7622594184808054,3685.799438385111,True
14,45,48,3,0.13858181201365616,0.18427749157804021,0.7520278837470921,3258.2495300390974,True
14,45,49,4,0.13537039347419144,0.2491220892842429,0.5433897646857673,3253.9944683419485,False
14,45,50,5,0.18407659751435673,0.2762967729605959,0.6662278228657011,3317.984327871366,True
14,45,51,6,0.19543932009330095,0.30719565118484293,0.6362047097330261,3378.351669083608,True
14,45,52,7,0.20520906034483108,0.3375274173747522,0.6079774554047269,3508.9913080542105,True
14,45,53,8,0.26324096637727346,0.3673086440557469,0.7166751195142607,3671.747540340975,True
14,46,49,3,0.1383772500000209,0.18661613993896534,0.7415074068367214,3204.4581445230333,True
14,46,50,4,0.18556892445680154,0.21380058816935982,0.8679532925784336,3267.4738713568927,False
14,46,51,5,0.19266574359025154,0.2446958900027282,0.7873681228896139,3326.9222263227016,False
14,46,52,6,0.2152703817329504,0.27502843772998986,0.7827204470553436,3455.573107315196,False
14,46,53,7,0.2960739828809603,0.3048103632371378,0.9713383092904204,3615.851663163189,False
14,47,51,4,0.12762171936156758,0.18295677622785927,0.6975512030372905,3339.788316645233,True
14,47,52,5,0.13983075504244075,0.21342066442611468,0.6551884533695169,3468.9367247039836,True
14,47,53,6,0.21016578180715448,0.24319158775611263,0.8641984031862219,3629.835120222405,False
14,48,53,5,0.15575709688492134,0.18318335332607927,0.8502797555390459,3669.7759809012864,False
14,49,53,4,0.1616063947300144,0.11837164757770492,1.3652458002996712,3664.9834924594134,False
14,50,53,3,0.12145893420924388,0.09108481179432518,1.3334707709942382,3737.055458512758,False
14,107,113,6,0.27924418785612803,0.4225606578614848,0.6608381132056648,1753.1443180753831,True
14,107,114,7,0.36769766407921295,0.5707528468986319,0.6442327288899491,1793.624124503236,True
14,107,115,8,0.47176621024166476,0.7193728966451928,0.6558020359701543,1872.5275698904943,True
14,107,116,9,0.5754407424442194,0.8673144693824661,0.6634741639372593,1965.3579826586301,True
14,107,117,10,0.6926410230294087,1.0159333808593514,0.6817779945802369,2102.1043028356135,True
14,107,118,11,0.7786146337575677,1.1645509367360127,0.6685964599709636,2232.389078991384,True
14,107,119,12,0.9012625904410981,1.312985041140346,0.6864225883779596,2411.476311308075,True
14,107,120,13,1.0531280962085423,1.5209494723583783,0.6924149127554947,2596.444973420388,True
14,108,111,3,0.153717728535081,0.21158335180257512,0.7265114538808916,1554.930545072673,True
14,108,112,4,0.153717728535081,0.21158557285737922,0.726503827549223,1554.930545072673,True
14,108,113,5,0.3356614131017087,0.5073415620458356,0.6616083487190894,1589.9772010944057,True
14,108,114,6,0.4229068895667587,0.6568574579214362,0.6438335813450423,1626.6895063287277,True
14,108,115,7,0.5322937221249973,0.8062347812162234,0.660221730104499,1698.2493191519318,True
14,108,116,8,0.6322826901506388,0.9546091038370322,0.6623472242294685,1782.4399008101227,True
14,108,117,9,0.7513051613938082,1.1036078350751426,0.6807718625363449,1906.4590868938153,True
14,108,118,10,0.8375820786916951,1.2524875204194807,0.6687348696386002,2024.618112138682,True
14,108,119,11,0.959589417614125,1.401059665323816,0.6849026071936362,2187.037493963009,True
14,108,120,12,1.1113693008411025,1.6091740844685594,0.6906457862874046,2354.7909142851727,True
14,109,112,3,0.2252794219977812,0.29868846945374083,0.7542287200098,1417.5429446757512,True
14,109,113,4,0.41418413805102167,0.5958400483190418,0.6951263836989475,1449.49301481587,True
14,109,114,5,0.4981186042030828,0.7456466438803169,0.6680357355474604,1482.961563898404,True
14,109,115,6,0.6078357630761521,0.8952033305475915,0.6789918472536758,1548.1986306672668,True
14,109,116,7,0.7054261334630648,1.0436514529970167,0.6759211913491978,1624.9504607833435,True
14,109,117,8,0.8266046629332542,1.192768960288404,0.6930132242319472,1738.011795126834,True
14,109,118,9,0.9117968586018554,1.341723446285695,0.6795713834516277,1845.730749594859,True
14,109,119,10,1.0336652760672873,1.4902977253580239,0.6935964931564015,1993.7993881030259,True
14,109,120,11,1.186120420881227,1.698415759689308,0.6983687086713118,2146.730770264404,True
14,110,113,3,0.31408755419086853,0.44810863564801234,0.7009183247197742,1415.192566402184,True
14,110,114,4,0.3966880055124584,0.5979131265816835,0.6634542509216265,1447.8691239197,True
14,110,115,5,0.49741935402422466,0.7474676616417673,0.6654727415653987,1511.562436685961,True
14,110,116,6,0.6005617481701042,0.8959235571513248,0.6703269976287354,1586.4980302540562,True
14,110,117,7,0.7228249064136757,1.0450379764579194,0.6916733388614626,1696.8839088163927,True
14,110,118,8,0.8059851900346049,1.1939905985140011,0.6750347875751332,1802.0538282748382,True
14,110,119,9,0.9300561362200817,1.3425698691329817,0.6927431916975038,1946.618606712676,True
14,110,120,10,1.0848595844906381,1.5506949615665517,0.6995957369943894,2095.93105802648,True
14,111,114,3,0.27758422441713054,0.4469810462874723,0.6210201231633532,1445.7783370904408,True
14,111,115,4,0.38282208403225576,0.5965360160434748,0.641741778763541,1509.3796739058068,True
14,111,116,5,0.4831360402335251,0.7449908708350076,0.6485126988093318,1584.2070571740298,True
14,111,117,6,0.6047478568679385,0.8941051185582868,0.676372212076219,1694.433533662504,True
14,111,118,7,0.688982859761095,1.0430580376034737,0.6605412497890333,1799.4515831219244,True
14,111,119,8,0.8122158968926937,1.191637337888523,0.6815965487720191,1943.8076036480566,True
14,111,120,9,0.9662719857365623,1.3997623805048645,0.6903114408518741,2092.90444120127,True
14,112,115,3,0.38282208403225576,0.5965341365599038,0.6417438006815773,1509.3796739058068,True
14,112,116,4,0.4831360402335251,0.7449889870579733,0.6485143386366979,1584.2070571740298,True
14,112,117,5,0.6047478568679385,0.8941032383913186,0.676373634387018,1694.433533662504,True
14,112,118,6,0.688982859761095,1.0430561592733711,0.6605424392882778,1799.4515831219244,True
14,112,119,7,0.8122158968926937,1.1916354561455882,0.6815976250990816,1943.8076036480566,True
14,112,120,8,0.9662719857365623,1.399760494691524,0.6903123708670653,2092.90444120127,True
14,113,116,3,0.3005899302843447,0.4478161346138779,0.6712351499874462,1619.913577941737,True
14,113,117,4,0.41626271090294803,0.5969326301609197,0.6973361647037671,1732.6244544043582,True
14,113,118,5,0.5040772301794453,0.7458861069360854,0.675809919895236,1840.0095108449848,True
14,113,119,6,0.6247002877520299,0.8944628160524876,0.6984083368708445,1987.6191788167068,True
14,113,120,7,0.7758773349806721,1.1025865995474728,0.7036883409422082,2140.0765173236214,True
14,114,117,3,0.32888243882341545,0.4471263002584051,0.7355470672008029,1772.6304606431652,True
14,114,118,4,0.41601246158973776,0.5960793760511964,0.6979145367277512,1882.4950199137313,True
14,114,119,5,0.5368141307550153,0.7446569120845189,0.7208878639859945,2033.5129702069767,True
14,114,120,6,0.6892002545956029,0.9527824178545187,0.7233553450194308,2189.4905229299347,True
14,115,118,3,0.3119730790670884,0.4465247946847946,0.6986691059055582,1965.3079911301434,True
14,115,119,4,0.4383765849446944,0.5951031882254644,0.7366396174953921,2122.969382727881,True
14,115,120,5,0.5960313678686352,0.8032312292376701,0.7420420747762958,2285.808554975679,True
14,116,119,3,0.32976902798363517,0.44664712321024425,0.738321173129794,2228.215429441238,True
14,116,120,4,0.4865782498861169,0.6547720286861991,0.7431262005227022,2399.127341347266,True
14,117,120,3,0.3628064250345362,0.505663604307187,0.7174857394208144,2566.054607758767,True
16,31,51,20,1.3341800957843637,2.0819853134967827,0.6408210889554987,3472.4285449811637,True
16,31,52,21,1.3828677417596338,2.1123302471801946,0.6546645552255195,3303.5193354966154,True
16,31,53,22,1.3655329843768758,2.1421129897321074,0.6374701012142452,3166.2912058116194,True
16,31,54,23,1.3963260391515462,2.1724804568780303,0.6427335328752005,3073.8900435767055,True
16,31,55,24,1.5319478514608418,2.3221079936460627,0.6597229136856166,3159.822779840667,True
16,31,56,25,1.5731011149316918,2.4699876008925457,0.6368862395759565,3235.4412372967,True
16,31,57,26,1.6382249861651899,2.529373100216646,0.64768024378249,3206.18152948332,True
16,31,58,27,1.668942161029395,2.589344531738941,0.6445423313013405,3220.4595945299484,True
16,31,59,28,1.710991103498511,2.648263677980705,0.6460803422728426,3251.116731217137,True
16,31,60,29,1.7570177067655486,2.7075436117347564,0.6489342218350477,3322.0475613693434,True
16,31,61,30,1.7936676271164302,2.7690963065286827,0.6477447616709864,3413.361979046465,True
16,31,62,31,1.9126343423793837,2.9148729594659053,0.6561638771145063,3493.078871139328,True
16,31,63,32,1.990419834254013,3.065781011756399,0.6492374460606672,3592.135854891905,True
16,31,64,33,2.12211965138736,3.2152902478863674,0.6600087356910861,3756.8178023428286,True
16,31,65,34,2.2082787072632537,3.364707964404562,0.6563062026852733,4019.601970344825,True
16,31,66,35,2.303916392495866,3.513341184594628,0.6557622136438461,4338.856992342568,True
16,31,67,36,2.4015607050144467,3.662548928870699,0.655707473580411,4803.015719316355,True
16,31,68,37,2.510457572097706,3.8115934840834047,0.6586372819087263,5410.308678809371,True
16,51,55,4,0.22411956648947734,0.24023209020441114,0.9329293446965232,4424.297910403412,False
16,51,56,5,0.23951305057061043,0.38807710895744857,0.6171790220094436,4530.176817741224,True
16,51,57,6,0.3090145872124987,0.44744252469840556,0.690624091710521,4489.208170713406,True
16,51,58,7,0.34015184992657493,0.5074311435042158,0.6703409009891583,4509.1999290339745,True
16,51,59,8,0.3837352133036222,0.5663143958488169,0.6776010218289842,4552.125217961387,True
16,51,60,9,0.42477458276654856,0.6255957786406553,0.6789920860552047,4651.440637049988,True
16,51,61,10,0.46321596115487806,0.6872319570674548,0.6740314625814344,4779.29660096546,True
16,51,62,11,0.5870214287529203,0.8329095188593909,0.7047841517729363,4890.91402500596,True
16,51,63,12,0.6583032311836795,0.9838180061236486,0.6691311066540313,5029.610919345551,True
16,51,64,13,0.7942981382928743,1.1333148068664805,0.7008627554148361,5260.194102882516,True
16,51,65,14,0.882720966357686,1.2827411599385767,0.6881520558675723,5628.137347293507,True
16,51,66,15,0.9764075050579938,1.4313794236448998,0.682144432795915,6075.149545484456,True
16,51,67,16,1.0730604905440824,1.5805836219134781,0.678901435942389,6725.051970059413,True
16,51,68,17,1.1835229309748754,1.7296211572242628,0.6842671448782582,7575.3670538133,True
16,52,55,3,0.15226629730746555,0.2097917307661141,0.7257974218117269,4209.086955623511,True
16,52,56,4,0.21377186887598465,0.35766233317079077,0.5976918703762535,4309.815599303524,True
16,52,57,5,0.2571882518606372,0.41705075777050915,0.6166833342673372,4270.839788613008,True
16,52,58,6,0.2872352605435584,0.47701625988547725,0.6021498315644801,4289.859088594869,True
16,52,59,7,0.32838232868611467,0.5359446932285887,0.6127168210359618,4330.696364327566,True
16,52,60,8,0.3783528601288159,0.5952212372362431,0.635650807564596,4425.180787267341,True
16,52,61,9,0.41183270932741217,0.6567848853195446,0.6270435244974369,4546.817458398787,True
16,52,62,10,0.5300582415822971,0.8025567254907967,0.6604620268531729,4653.00548033204,True
16,52,63,11,0.6092155674864258,0.9534592865125988,0.6389528909144205,4784.955746921804,True
16,52,64,12,0.7403379274212879,1.1029824220231683,0.6712146201417315,5004.322681442514,True
16,52,65,13,0.8259571724393894,1.2523844690203512,0.6595076774510589,5354.3680766267835,True
16,52,66,14,0.921671442002358,1.401014432660233,0.6578600623351873,5779.636277483212,True
16,52,67,15,1.0194415617814947,1.5502231580880632,0.657609555413172,6397.925523167646,True
16,52,68,16,1.1284774606317496,1.6992710801228195,0.6640950192303549,7206.8787626822195,True
16,53,56,3,0.2313795975378824,0.32787988464261186,0.7056840275214977,4130.785942166454,True
16,53,57,4,0.2851706395407623,0.3872688028542001,0.7363635734121451,4093.429185902695,True
16,53,58,5,0.30899447294718246,0.44723319369662523,0.6909023688362113,4111.658424528964,True
16,53,59,6,0.3513952761708942,0.5061638330921073,0.6942322884356503,4150.7993206128385,True
16,53,60,7,0.40416074093711324,0.565439752834995,0.7147724207764611,4241.358862440196,True
16,53,61,8,0.43624340725098726,0.6270067309598927,0.6957555409064534,4357.942748591358,True
16,53,62,9,0.5516645213804097,0.7727740394717036,0.7138755874324499,4459.719722135013,True
16,53,63,10,0.6324376271423854,0.9236776976487631,0.6846951363579156,4586.188777187437,True
16,53,64,11,0.7662492115847934,1.0732020683991113,0.7139840987520668,4796.443213465578,True
16,53,65,12,0.8485322986330691,1.2226022066251083,0.6940379250380808,5131.9477296636605,True
16,53,66,13,0.9459140086967434,1.3712317372573162,0.6898279721768426,5539.5502976324715,True
16,53,67,14,1.0436918880507668,1.520440396311928,0.6864405145919622,6132.1558199380415,True
16,53,68,15,1.1525184659780439,1.6694884944153638,0.6903422634138265,6907.505157435642,True
16,54,57,3,0.25132154699746195,0.356898942884831,0.704181259171064,3973.971565071899,True
16,54,58,4,0.27594827266101907,0.41687091344753596,0.6619513709385908,3991.6688239381783,True
16,54,59,5,0.3184280964059771,0.47578745123634725,0.6692654368637353,4029.667480078226,True
16,54,60,6,0.37068632410012337,0.5350662204021142,0.6927858832530006,4117.584243218346,True
16,54,61,7,0.40306636319363803,0.596635734702529,0.6755652398101819,4230.765888110567,True
16,54,62,8,0.5194493224851022,0.7424051372699321,0.6996844396784325,4329.572727186829,True
16,54,63,9,0.5995803363918188,0.8933036572792963,0.6711943150640843,4452.351064325454,True
16,54,64,10,0.7333097587329457,1.0428215829424796,0.70319771927217,4656.4696928037665,True
16,54,65,11,0.8163930622344345,1.1922311127488923,0.6847607426987047,4982.183256364623,True
16,54,66,12,0.9133737530691061,1.34086358670147,0.6811832032190607,5377.890850510077,True
16,54,67,13,1.0111113516993906,1.4900721843039875,0.6785653489476288,5953.2024994955445,True
16,54,68,14,1.1201095321442072,1.6391185204718706,0.68336091512269,6705.924992124502,True
16,55,58,3,0.14707642023266596,0.2672486703472324,0.5503354611327782,4103.258704980713,False
16,55,59,4,0.18387061418085937,0.3261593714491537,0.5637446913265336,4142.319640008482,False
16,55,60,5,0.2439104696816488,0.3854382040728757,0.6328134240567707,4232.694177471366,True
16,55,61,6,0.2698521959848382,0.4470226821768149,0.6036655560088584,4349.039894045582,True
16,55,62,7,0.38117725673530944,0.5927788298674054,0.6430345308056503,4450.608947099262,True
16,55,63,8,0.4661780312337362,0.7436753233102209,0.6268569315419816,4576.819638133013,True
16,55,64,9,0.5942759992367456,0.8931938401991076,0.6653382194219697,4786.64454498138,True
16,55,65,10,0.6767316216232392,1.0426029677037083,0.6490789328115129,5121.463657979035,True
16,55,66,11,0.7739900719322479,1.1912359147657572,0.6497370187872854,5528.233533417343,True
16,55,67,12,0.8722507465424115,1.3404444218074403,0.6507175772094141,6119.628420092187,True
16,55,68,13,0.9803277113860679,1.4894904417657147,0.6581631435136567,6893.393794061094,True
16,56,59,3,0.16881321762235124,0.17828867614151153,0.9468532790515567,4241.450459453699,False
16,56,60,4,0.19405027954038684,0.23756154353197764,0.816842139747531,4333.987771094884,False
16,56,61,5,0.23573313109837793,0.29919082019590565,0.787902285718604,4453.11778420468,False
16,56,62,6,0.36287295480805987,0.44489495986564637,0.8156373695886411,4557.11751000564,False
16,56,63,7,0.4243177264861821,0.5957991082902668,0.7121825470733318,4686.348578584397,True
16,56,64,8,0.5640898062094075,0.7453257182775445,0.7568366317923726,4901.194854318689,True
16,56,65,9,0.6538528240103367,0.8947231814523562,0.730787843172871,5244.026601763191,True
16,56,66,10,0.7451936445281622,1.04335403048323,0.7142289412377362,5660.530982160596,True
16,56,67,11,0.8405204167566951,1.1925623268707513,0.7048020869166614,6266.078678088873,True
16,56,68,12,0.9517466555403974,1.3416093981591533,0.7094066699639302,7058.361212066155,True
16,57,60,3,0.12175591214717106,0.17817320389000704,0.6833570339922468,4294.793359406247,True
16,57,61,4,0.15549905651908502,0.23984008476472046,0.6483447363339088,4412.84602042718,True
16,57,62,5,0.2797416432838504,0.3855069594793817,0.7256461560684536,4515.905224869096,True
16,57,63,6,0.3524079078404885,0.5364111479110756,0.6569734973123815,4643.9675924795165,True
16,57,64,7,0.48588928867970804,0.6859360285434529,0.708359480273207,4856.870906252296,True
16,57,65,8,0.574174663337729,0.8353359586793989,0.6873577718903116,5196.602255320297,True
16,57,66,9,0.6678627984312147,0.983968130410834,0.6787443391610289,5609.339978999312,True
16,57,67,10,0.7649263153634668,1.1331761533518074,0.6750286026589077,6209.411405278282,True
16,57,68,11,0.8749814462837653,1.2822222854456813,0.682394508515062,6994.528933387866,True
16,58,61,3,0.12733029558255027,0.17988487935559455,0.7078432386239928,4432.497715735452,True
16,58,62,4,0.24697064613317177,0.3255495627951483,0.7586268708601455,4536.0158729881,True
16,58,63,5,0.3238638045269712,0.4764497683787115,0.6797438597336969,4664.648539815192,True
16,58,64,6,0.4579073940676513,0.6259840754242769,0.7315000685237762,4878.49997437737,True
16,58,65,7,0.5431671896116838,0.7753703269529412,0.7005261495448609,5219.744246608257,True
16,58,66,8,0.6384925840109261,0.9239986945701335,0.6910102663164133,5634.320012210879,True
16,58,67,9,0.7358489851405944,1.073207280775245,0.6856541120453864,6237.063732238112,True
16,58,68,10,0.8454884565456307,1.222255858098256,0.6917442456452212,7025.677618564632,True
16,59,62,3,0.20335911564397827,0.2666243559450439,0.7627177004260415,4579.196436057313,True
16,59,63,4,0.2829556953309856,0.4175174735065642,0.6777098284164075,4709.053620420987,True
16,59,64,5,0.41489643145219246,0.5670384920741826,0.7316900655800873,4924.940811827082,True
16,59,65,6,0.49963457837756436,0.7164449243149286,0.6973803029665117,5269.433555895738,True
16,59,66,7,0.595296534609809,0.8650796311100016,0.6881407366463729,5687.955871840076,True
16,59,67,8,0.6929102017733815,1.0142873875303864,0.6831497761798039,6296.4374053904485,True
16,59,68,9,0.8022469856680376,1.163331983452918,0.6896113895939369,7092.558494647753,True
16,60,63,3,0.23400314130143363,0.3582386122915721,0.6532046889210741,4811.792805181869,True
16,60,64,4,0.3709865447340259,0.507764998693041,0.7306264624165208,5032.39008821852,True
16,60,65,5,0.4625656058340285,0.6571651448655541,0.7038803099161054,5384.398759378803,True
16,60,66,6,0.5530692669683436,0.8057988105032833,0.6863614834860693,5812.052133283046,True
16,60,67,7,0.6489069059666849,0.9550068554809178,0.6794787935212375,6433.809136118354,True
16,60,68,8,0.7599282372118351,1.1040523593856595,0.6883081501992266,7247.299497054058,True
16,61,64,3,0.3318377169185393,0.44632143133610075,0.7434949200739817,5170.717358355609,True
16,61,65,4,0.42032162504843895,0.5956853902377739,0.7056100954241353,5532.401829223904,True
16,61,66,5,0.5132932687981473,0.7443003721283039,0.6896318852164497,5971.810278299203,True
16,61,67,6,0.610130505297504,0.8935075319130467,0.682848754493633,6610.657758498772,True
16,61,68,7,0.7203980807168009,1.0425577161550696,0.6909910785309934,7446.508846432669,True
16,62,65,3,0.29696933675892834,0.44984035144426093,0.6601660695966386,5661.607545565129,True
16,62,66,4,0.39478451662480685,0.598473549750567,0.6596524053391264,6111.278098728612,True
16,62,67,5,0.49294524804287415,0.7476784337303649,0.6593011457926374,6765.045454392749,True
16,62,68,6,0.6009680404595982,0.8967212509532199,0.6701837832222284,7620.417311407558,True
16,63,66,3,0.3215051450854132,0.4475666508134584,0.7183402617265457,6284.58216590411,True
16,63,67,4,0.4162190989158882,0.5967732513887049,0.6974493209059504,6956.889103615207,True
16,63,68,5,0.5275563845818168,0.7458164861132315,0.7073541473065829,7836.517657735481,True
16,64,67,3,0.2795684227463938,0.44730018949280725,0.6250129763266943,7275.82861260489,True
16,64,68,4,0.38977921070895644,0.596324385922012,0.6536362085986069,8195.783855129417,True
16,65,68,3,0.3050663191588083,0.4468878004171728,0.6826463351069928,8769.06751028865,True
3,40,44,4,0.1489891479824617,0.24936122165302815,0.5974832293281414,2111.9848484304994,True
3,40,45,5,0.19956902840354207,0.31128995394076503,0.6411033375060918,2162.195180828965,True
3,40,46,6,0.20669348116224587,0.37380386619799344,0.5529463439331206,2189.2720251261603,False
3,40,47,7,0.2564949490897526,0.4355369347454939,0.5889166420286158,2251.1072830942553,True
3,40,48,8,0.30024904504357197,0.49554643783492525,0.6058948710344477,2333.4849474552007,True
3,40,49,9,0.34061670982095804,0.5604074994250304,0.6078018409290126,2408.906806001428,True
3,40,51,11,0.4065518025068904,0.6184784308415735,0.6573419253339018,2594.763958436297,True
3,40,52,12,0.3977808397504547,0.6487562608344274,0.6131437394358719,2731.0584028907183,True
3,40,53,13,0.4195346552626411,0.6785358288773221,0.6182940346079973,2929.5419437174814,True
3,41,44,3,0.16858111885266217,0.1869108483731546,0.9019333030691808,2074.256493300672,False
3,41,45,4,0.2127523002105381,0.2488403080723652,0.854975232343257,2123.5698717018945,False
3,41,46,5,0.21586162220503147,0.3113516586269946,0.6933048732001069,2150.163017075682,True
3,41,47,6,0.27213138909299656,0.37308159621175246,0.7294152052961119,2210.8936541588787,True
3,41,48,7,0.31473566043397755,0.4331085201535517,0.7266900690902895,2291.7997294702695,True
3,41,49,8,0.35754655856746353,0.4979621941191511,0.718019485796367,2365.8742570136733,True
3,41,51,10,0.4230835120231206,0.5560328956507287,0.7608965500646925,2548.411269791436,True
3,41,52,11,0.4119527144100085,0.5863370665939311,0.7025868529906658,2682.270959466996,True
3,41,53,12,0.4345744378876766,0.6161188963206189,0.7053418430807723,2877.2088036845707,True
3,42,45,3,0.1603199964411731,0.18637136432752896,0.8602179686758465,2116.75766208605,False
3,42,46,4,0.16569894934946214,0.2488670467377264,0.6658131380651909,2143.2654991857635,True
3,42,47,5,0.21927035601442568,0.3106055366931221,0.7059447759653574,2203.801318177299,True
3,42,48,6,0.26279431713178086,0.3706469600577302,0.7090151692889894,2284.447854515397,True
3,42,49,7,0.3046163415746554,0.43548196166563424,0.6994924437502689,2358.284758039198,True
3,42,51,9,0.3701907983805394,0.4935568233026999,0.7500469670409161,2540.2362094891882,True
3,42,52,10,0.36026998419625655,0.5238586905461731,0.6877235993176718,2673.666490046954,True
3,42,53,11,0.38256619190533125,0.5536424908069354,0.6909986105794373,2867.9789922522095,True
3,44,48,4,0.15161880911372133,0.24620745659276239,0.6158172916935871,2342.3407096321407,True
3,44,49,5,0.19225079959992392,0.31105320500567674,0.6180640369753314,2418.0488001692606,True
3,44,51,7,0.25797116308534923,0.3691278053555955,0.6988667863609878,2604.611295375953,True
3,44,52,8,0.2488732112329711,0.3994379769240613,0.623058461164511,2741.4229881577926,True
3,44,53,9,0.2707609180217049,0.42921989884718625,0.6308209818531806,2940.6597899111007,True
3,45,49,4,0.14608342193099674,0.2491220892842429,0.586392890131548,2475.535497624706,True
3,45,51,6,0.2104603941770298,0.30719565118484293,0.6851021274724801,2666.5333299998333,True
3,45,52,7,0.2002798265989017,0.3375274173747522,0.5933735047560111,2806.59758426462,True
3,45,53,8,0.22273879285788972,0.3673086440557469,0.6064077076935994,3010.571042177879,True
3,46,49,3,0.14383843902003557,0.18661613993896534,0.7707716978128438,2506.5362554728786,True
3,46,51,5,0.2079824714037819,0.2446958900027282,0.849963076214574,2699.9259249097927,False
3,46,52,6,0.19628688847088827,0.27502843772998986,0.713696700206666,2841.74418271596,True
3,46,53,7,0.2190716269255402,0.3048103632371378,0.7187144971022715,3048.271969493536,True
3,47,51,4,0.15143683862601476,0.18295677622785927,0.827719211872269,2776.1844319137012,False
3,47,52,5,0.14134205464000732,0.21342066442611468,0.6622697713929165,2922.008299098413,True
3,47,53,6,0.1633754684149822,0.24319158775611263,0.671797367344898,3134.369394312036,True
3,48,53,5,0.12025019296434623,0.18318335332607927,0.6564471649904368,3249.06940522975,True
3,118,121,3,0.3589046217346796,0.5654953604708405,0.6346729731537494,1492.285160416735,True
3,118,122,4,0.5345775407375956,0.7736859817513884,0.6909489810419928,1617.4257324526527,True
3,118,123,5,0.659781440129318,0.9822931269392866,0.6716746987583246,1735.582323025906,True
3,118,124,6,0.8073071243547164,1.191171281263941,0.677742266836798,1898.4098609099142,True
3,119,122,3,0.5353608952726535,0.625100727158426,0.8564394057039246,1647.5199543556369,False
3,119,123,4,0.6639152539587125,0.8337083788207582,0.7963399083235674,1767.8749955808528,False
3,119,124,5,0.8096229646582341,1.0425881963091255,0.7765510558477322,1933.7321427746915,True
3,120,123,3,0.43317991405712886,0.6255804016083436,0.6924448287437388,1936.184004685505,True
3,120,124,4,0.580235020158002,0.8344645989936768,0.6953380896658011,2117.831438051669,True
3,121,124,3,0.4484156654826989,0.6256813860254946,0.7166837235340534,2216.720550723523,True
19,54,57,3,0.24111637755703635,0.356898942884831,0.6755872561798063,1719.0357762420188,True
19,54,65,11,0.7975205244617657,1.1922311127488923,0.6689311459276935,2335.455844155483,True
19,54,66,12,0.8819373742158757,1.34086358670147,0.6577383284644528,2306.519455803484,True
19,54,67,13,0.9865994244759942,1.4900721843039875,0.6621151880214681,2324.903438855042,True
19,54,68,14,1.1017934702686343,1.6391185204718706,0.6721865786443858,2379.8201612726957,True
19,54,69,15,1.191377037484215,1.787897283163853,0.6663565344066974,2431.687479920066,True
19,54,70,16,1.2968036437078303,1.9374579830074161,0.6693325249277762,2514.7850802802213,True
19,54,71,17,1.4155499688363686,2.0869100498575555,0.6782994642883572,2636.7495140797882,True
19,54,72,18,1.4959058280043858,2.2396454628339364,0.6679208173027265,2834.883771867905,True
19,54,73,19,1.6101039913526147,2.398705282790719,0.6712387732266033,3095.895993085039,True
19,54,74,20,1.7141013576996231,2.5622982898968876,0.6689702617600398,3396.185507300801,True
19,54,75,21,1.8332089001694112,2.7305477056891823,0.6713703980889485,3794.198466079496,True
19,54,76,22,1.9454639045786801,2.9018099926869465,0.6704311824280635,4258.427409267417,True
19,55,65,10,0.7132742705954328,1.0426029677037083,0.6841283716719041,2413.3060829492806,True
19,55,66,11,0.7977137290873899,1.1912359147657572,0.6696521815699715,2383.4051271237963,True
19,55,67,12,0.9026595627093184,1.3404444218074403,0.6734031997329529,2402.4019230761533,True
19,55,68,13,1.0176046075708376,1.4894904417657147,0.6831897533793634,2459.1492431326733,True
19,55,69,14,1.1072395416402707,1.638269630941273,0.6758591630634713,2512.7455103929647,True
19,55,70,15,1.2125428143859727,1.7878298475979484,0.6782204783162633,2598.613091631765,True
19,55,71,16,1.331197880273612,1.9372818621872299,0.6871472377130827,2724.643095893479,True
19,55,72,17,1.4123554340058573,2.090266803928741,0.6756818944602087,2929.3819740689332,True
19,55,73,18,1.5275176780348074,2.249967569663276,0.678906531200986,3199.0947938440336,True
19,55,74,19,1.6324875781213415,2.4144247502071785,0.6761393487128807,3509.3941784872213,True
19,55,75,20,1.7524982103968123,2.5836667851972814,0.6782988504699907,3920.674527425096,True
19,55,76,21,1.8656005185811515,2.7559824546265945,0.6769275745748243,4400.378108753837,True
19,56,65,9,0.601169234938269,0.8947231814523562,0.6719052857917722,2536.41247631374,True
19,56,66,10,0.6854218606879332,1.04335403048323,0.6569408280049291,2504.9862275070495,True
19,56,67,11,0.7902952537248511,1.1925623268707513,0.6626867509713834,2524.952078753179,True
19,56,68,12,0.9057113504923309,1.3416093981591533,0.6750931766988767,2584.5941654348753,True
19,56,69,13,0.9952760222374688,1.4903868494110077,0.6677971042422953,2640.924459351308,True
19,56,70,14,1.10093465486804,1.6399491226393144,0.6713224451111075,2731.172275781958,True
19,56,71,15,1.2198378014578046,1.7894016841132556,0.6817014940177055,2863.6312611787152,True
19,56,72,16,1.3006466972382427,1.9427314138204346,0.669493831203607,3078.8141791930216,True
19,56,73,17,1.4165305108239692,2.103203243105885,0.6735109958903076,3362.2854578396523,True
19,56,74,18,1.5222590943866814,2.2686593454977673,0.6709950074292366,3688.4136834145925,True
19,56,75,19,1.6430708946345063,2.4390205707377435,0.673660121750231,4120.674065004414,True
19,56,76,20,1.7569509294551395,2.612504235284283,0.6725160119267537,4624.848051558019,True
19,57,65,8,0.5577568920647166,0.8353359586793989,0.6677036781063356,2734.8311648070708,True
19,57,66,9,0.6419850613685489,0.983968130410834,0.652444974107548,2700.9465007659815,True
19,57,67,10,0.7462446311657347,1.1331761533518074,0.658542477229535,2722.474242302395,True
19,57,68,11,0.8619939554185189,1.2822222854456813,0.6722656166585832,2786.7820151565497,True
19,57,69,12,0.9514531588089727,1.4310008992189756,0.664886485625736,2847.518920042499,True
19,57,70,13,1.0572946509956813,1.5805620824013222,0.668935856913226,2944.8266502461565,True
19,57,71,14,1.176369986238881,1.730014655850487,0.6799768905197913,3087.647648291495,True
19,57,72,15,1.2558692793532855,1.8834329440264141,0.6667979783068255,3319.663913711748,True
19,57,73,16,1.3708021930537226,2.0441893657290633,0.6705847393765421,3625.31060738249,True
19,57,74,17,1.4759159051104422,2.2100344589367777,0.6678248382699374,3976.951219213029,True
19,57,75,18,1.5963260622610538,2.3808390030549282,0.6704888739695369,4443.026502284226,True
19,57,76,19,1.7099274020394903,2.554787048856424,0.669303299781831,4986.641053855792,True
19,65,68,3,0.30463474565550036,0.4468878004171728,0.6816806038811571,3786.0796346616903,True
19,65,69,4,0.39426261679604885,0.5956695090568548,0.661881480924379,3868.595869304521,True
19,65,70,5,0.49987725352798534,0.7452268961125796,0.6707718899244749,4000.7966706644816,True
19,65,71,6,0.6189404943517454,0.8946789955059598,0.6918017495221529,4194.831105062515,True
19,65,72,7,0.7018770594296118,1.0515333212497149,0.6674796178550505,4510.044872282315,True
19,65,73,8,0.82386989675855,1.2199061517981575,0.6753551455939091,4925.291818765666,True
19,65,74,9,0.936506561923098,1.3948374259995802,0.671409115117463,5403.025402494421,True
19,65,75,10,1.0636576815325687,1.5750555718535457,0.6753143828956095,6036.228189026654,True
19,65,76,11,1.1834045937652877,1.7581608845784398,0.6730923228615888,6774.774645698556,True
19,66,69,3,0.31019947679427534,0.44703412294523404,0.6939055899146154,3820.663816668512,True
19,66,70,4,0.41602168425919106,0.5965984478340186,0.6973227734158196,3951.2266449800118,True
19,66,71,5,0.5352128910368149,0.7460501611670829,0.7173953158854025,4142.8569852216715,True
19,66,72,6,0.6184657800246404,0.9044268542539561,0.6838206728556292,4454.165241658643,True
19,66,73,7,0.742145615966932,1.0754496358711538,0.6900793781623875,4864.2672623942035,True
19,66,74,8,0.8563833979131248,1.2531099944411908,0.683406406230938,5336.081708519839,True
19,66,75,9,0.9848188292777892,1.4358507977447752,0.6858782478127942,5961.4390880055125,True
19,66,76,10,1.1056570116089626,1.6211967732234134,0.6820005010314651,6690.834925478284,True
19,67,70,3,0.3127779650129057,0.4473896058943372,0.6991176390601629,3982.719673790763,True
19,67,71,4,0.432519100942908,0.5968415969132987,0.7246798868908909,4175.877392836145,True
19,67,72,5,0.5119518334517996,0.7569967138803836,0.676293336634874,4489.666914148532,True
19,67,73,6,0.635279551362835,0.9311830226052236,0.6822284512721004,4903.037629878033,True
19,67,74,7,0.7500247663231129,1.111931646263321,0.6745241659805197,5378.6126463986975,True
19,67,75,8,0.8791095073686958,1.2973948912810045,0.6775959372714134,6008.9544015577285,True
19,67,76,9,1.0005878278814835,1.4850694445849832,0.6737650091246118,6744.163847357209,True
19,68,71,3,0.31508239196244014,0.4477930359047649,0.7036339708272078,4274.516112965302,True
19,68,72,4,0.3995810958502886,0.6103051419540766,0.6547234627106513,4595.717680623996,True
19,68,73,5,0.5280747189796674,0.7884697488684898,0.6697463279187214,5018.8526577296525,True
19,68,74,6,0.64703828801066,0.9727675019480968,0.6651520396342183,5505.661268185684,True
19,68,75,7,0.7788614582746196,1.1611553421163883,0.6707642207932507,6150.8923742819625,True
19,68,76,8,0.9024826364035357,1.351210234142214,0.667906898275128,6903.468258781234,True
19,68,113,45,2.882710060263726,4.322074104247269,0.6669737701699535,5211.556389409981,True
19,69,72,3,0.3109009495336754,0.46644864178973583,0.6665277196236801,4695.879683296836,True
19,69,73,4,0.4423929487329684,0.6504008554699406,0.6801850658903605,5128.236734005169,True
19,69,74,5,0.5637610530464099,0.8390374378758872,0.6719140619918357,5625.655161845596,True
19,69,75,6,0.6970172406743436,1.030641111500878,0.6762948158154758,6284.948846251655,True
19,69,76,7,0.8217318051755883,1.2231389424247647,0.671822126394388,7053.92684963489,True
19,69,113,44,2.7932784607483185,4.173297707281744,0.6693216388264105,5325.14037373664,True
19,69,114,45,2.6897321324393793,4.023494005354727,0.6685065589409874,5368.270298708887,True
19,70,73,3,0.35168416606433006,0.5154481749454853,0.6822881196572764,5303.483006477913,True
19,70,74,4,0.4772368834557344,0.7082967904628928,0.673780948723269,5817.899620997255,True
19,70,75,5,0.6122533860131881,0.9026733713846994,0.6782668077091856,6499.7232248765795,True
19,70,76,6,0.7382810255734111,1.0971266226676493,0.6729223503648926,7294.979369401945,True
19,70,113,43,2.6875176388706485,4.023734178688177,0.6679162985231883,5507.115397374564,True
19,70,114,44,2.5839882119794466,3.8739299418966042,0.6670198611579367,5551.719193186917,True
19,70,115,45,2.4713332088357056,3.7243774413923254,0.6635560567437601,5666.160075394976,True
19,71,74,3,0.3920039529446897,0.5881603992946809,0.6664915785129005,6100.061639032839,True
19,71,75,4,0.5265648286235315,0.7839407767415002,0.6716895513615605,6814.952971224379,True
19,71,76,5,0.6525965069892244,0.9793108655530727,0.666383402803017,7648.778203085772,True
19,71,113,42,2.56878705992892,3.8742813337128315,0.6630357577742502,5774.20470714366,True
19,71,114,43,2.4652941767266596,3.724477076897586,0.6619168613007547,5820.971740182218,True
19,71,115,44,2.352551256319724,3.574924506966779,0.6580701918977854,5940.962884920255,True
19,71,116,45,2.2680526348860286,3.4264667013597756,0.6619216915156256,6089.765841146932,True
19,72,75,3,0.40668781260769865,0.5877791044529889,0.6919058699546301,7327.0515386477255,True
19,72,76,4,0.5329615654976071,0.7831482421008549,0.6805372684843128,8223.533212676897,True
19,72,113,41,2.4927433779062063,3.727401768845383,0.6687616555696302,6208.0979373718,True
19,72,114,42,2.3887790212823683,3.577659289768457,0.6676932675265922,6258.37920311641,True
19,72,115,43,2.27675700963292,3.4281766741420867,0.6641305936202039,6387.38688745249,True
19,72,116,44,2.1911906022549736,3.279843014978117,0.6680778903893951,6547.371400035285,True
19,72,117,45,2.0977958823212743,3.130788864975428,0.6700534506780734,6737.548070329443,True
19,73,76,3,0.38940945752119976,0.5864986343530817,0.6639562902831397,8980.686889097069,True
19,73,113,40,2.3920630593613805,3.5853947653588247,0.6671686706504085,6779.687308423598,True
19,73,114,41,2.287655492563356,3.4359273882991443,0.6658043765283972,6834.598049629546,True
19,73,115,42,2.176572091418075,3.286747848852831,0.6622266725382542,6975.483674986273,True
19,73,116,43,2.0901859009758397,3.1387966796970095,0.6659194953582043,7150.198214035748,True
19,73,117,44,1.9970673524174711,2.990078618454737,0.6678979409075033,7357.8847503885245,True
19,73,118,45,1.8955508510092536,2.8416126622487816,0.6670686952489724,7626.078120502045,True
19,74,113,39,2.308342458860931,3.4490727044333394,0.6692646565245939,7437.289828963236,True
19,74,114,40,2.2037017333551563,3.3001397602979288,0.6677601233337498,7497.52669218323,True
19,74,115,41,2.0937833210246777,3.1515490300875726,0.664366411893169,7652.077659041366,True
19,74,116,42,2.006732719713692,3.0042983883468017,0.6679538648682471,7843.738808756956,True
19,74,117,43,1.9141013788531624,2.8562655156572982,0.6701412625543952,8071.570107482186,True
19,74,118,44,1.8136753902067528,2.708589250612563,0.6696014871197542,8365.777160551193,True
19,74,119,45,1.7234457659365328,2.5617470100647552,0.6727618922420321,8660.195927344832,True
19,75,113,38,2.2153510126810843,3.318217645534051,0.667632822597607,8308.896436952382,True
19,75,114,39,2.1106616814888493,3.170142825030004,0.665793876800763,8376.192706116544,True
19,75,115,40,2.0022146274521764,3.022500305604794,0.6624365343286669,8548.856136934344,True
19,75,116,41,1.9146716639726151,2.8763527893965413,0.665659536281818,8762.978845689404,True
19,75,117,42,1.8228070219816317,2.7294514437013127,0.667829070998159,9017.510632097974,True
19,75,118,43,1.723854517356033,2.5830713011747437,0.6673662150061629,9346.197020713826,True
19,75,119,44,1.6346598718810572,2.437814268414085,0.6705432374651256,9675.119934657141,True
19,75,120,45,1.49318680880786,2.2350607821167214,0.66807436323666,10621.85400483362,True
19,76,113,37,2.134135451648938,3.1943927892603163,0.6680879880595748,9325.509101384225,True
19,76,114,38,2.029614622683241,3.04756832981543,0.6659783811331839,9401.03922446875,True
19,76,115,39,1.9229345166710954,2.901311785658322,0.6627810655085358,9594.828424729647,True
19,76,116,40,1.835103177236084,2.756762188624576,0.6656733703068044,9835.149541313544,True
19,76,117,41,1.7442935423172048,2.6115451930187414,0.6679162769153301,10120.823879507043,True
19,76,118,42,1.6471915959451922,2.4670917653143145,0.6676653131041258,10489.725806712013,True
19,76,119,43,1.5594040795822461,2.324152868727256,0.6709558999172895,10858.893198664402,True
19,76,120,44,1.420115457615047,2.125207570197137,0.6682243548959856,11921.462368350622,True
19,76,121,45,1.292719656756606,1.9268364156287443,0.6709026496858996,13277.411758320972,True
19,113,116,3,0.30188415113950223,0.4478161346138779,0.6741252219502919,7424.737032380339,True
19,113,117,4,0.3951006582967683,0.5969326301609197,0.6618848398189559,7640.397895397857,True
19,113,118,5,0.4973532645794029,0.7458861069360854,0.6667951848874172,7918.88881093806,True
19,113,119,6,0.5887901332476562,0.8944628160524876,0.6582611626564314,8197.580130745902,True
19,113,120,7,0.7329219688825875,1.1025865995474728,0.6647296177764139,8999.7333293826,True
19,113,121,8,0.8689895934189102,1.3113685709715615,0.6626585482181389,10023.364704529113,True
19,113,122,9,0.9977574298594369,1.519559152753651,0.6566097990008238,11302.559002279086,True
19,114,117,3,0.29114136550922215,0.4471263002584051,0.6511389854297644,7702.279792373165,True
19,114,118,4,0.3938048088307255,0.5960793760511964,0.6606583362094081,7983.026290198473,True
19,114,119,5,0.48533640053460814,0.7446569120845189,0.6517584039823191,8263.97481542629,True
19,114,120,6,0.629337599799319,0.9527824178545187,0.6605260424688202,9072.624895806064,True
19,114,121,7,0.7656167004935616,1.1615638210287973,0.659125815244017,10104.54697153712,True
19,114,122,8,0.8942927285976257,1.3697545945315133,0.6528853651361497,11394.101851396625,True
19,115,118,3,0.2818643528886568,0.4465247946847946,0.6312400929216643,8147.585148373719,True
19,115,119,4,0.373257295751012,0.5951031882254644,0.6272144111074691,8434.325032271403,True
19,115,120,5,0.5171671062752675,0.8032312292376701,0.6438583155763253,9259.644296623926,True
19,115,121,6,0.6533745420595513,1.0120113129183839,0.6456198006081423,10312.837994461079,True
19,115,122,7,0.7820214485542113,1.2202019794675238,0.6408950827103826,11628.975234301603,True
19,116,119,3,0.288005067332693,0.44664712321024425,0.6448156774472814,8645.579087024767,True
19,116,120,4,0.4318844779600965,0.6547720286861991,0.6595951858644195,9491.570075598662,True
19,116,121,5,0.5681952294890069,0.8635534881838485,0.657973405543166,10571.14305550729,True
19,116,122,6,0.6968183561633288,1.0717445529644207,0.6501720528795274,11920.245509216662,True
19,117,120,3,0.3384209806926766,0.505663604307187,0.6692611012737398,9767.264714340448,True
19,117,121,4,0.47473335323141896,0.7144426332572383,0.6644807170409847,10878.195254728607,True
19,117,122,5,0.6033420093585736,0.9226339874860914,0.653934298477888,12266.484092844208,True
19,118,121,3,0.37181296731251917,0.5654953604708405,0.6574995893917533,11274.703211171458,True
19,118,122,4,0.5005014437237659,0.7736859817513884,0.6469051469574049,12713.594888936803,True
19,119,122,3,0.40899805367770314,0.625100727158426,0.6542914380165908,13161.027429498048,True
0,56,59,3,1.342892909870437,0.17828867614151153,7.532126767291458,1961.9927369896147,False
0,56,60,4,0.28503439073677084,0.23756154353197764,1.1998338893534044,2104.510156782333,False
0,56,61,5,1.4325803357522362,0.29919082019590565,4.788182788543459,2261.5997656526233,False
0,56,62,6,1.4402590492507332,0.44489495986564637,3.2373013389175647,2145.9277713846755,False
0,56,63,7,0.46654434098563197,0.5957991082902668,0.7830564606322583,2075.739868095229,False
0,56,64,8,1.4805613167207388,0.7453257182775445,1.9864621338202733,2049.1185910044346,False
0,56,65,9,1.2622315375929012,0.8947231814523562,1.4107509045915054,2035.2492476352866,False
0,56,66,10,1.4542478153087603,1.04335403048323,1.3938200963629044,2056.12414508463,False
0,56,67,11,0.9145181365143834,1.1925623268707513,0.7668514390472592,2089.966028432041,True
0,56,68,12,0.9587265909121179,1.3416093981591533,0.7146093283392351,2158.0769217059897,True
0,56,69,13,1.1086747435547808,1.4903868494110077,0.7438838741719458,2266.988200233958,True
0,56,70,14,1.5237784297109236,1.6399491226393144,0.9291620140377117,2410.8159407138487,False
0,56,71,15,1.5445994464764696,1.7894016841132556,0.8631932450884562,2575.966032384744,False
0,56,72,16,1.6258702231121602,1.9427314138204346,0.8368991264288262,2606.7384794029495,False
0,56,73,17,1.7026525958465617,2.103203243105885,0.8095520969871586,2666.074642615994,False
0,56,74,18,1.6023474492344498,2.2686593454977673,0.7062970703002915,2739.4317841479465,True
0,56,75,19,1.584792062922803,2.4390205707377435,0.6497657633299265,2812.2699905947866,True
0,56,76,20,1.6958238376674286,2.612504235284283,0.6491181199876199,2899.394591979505,True
0,56,77,21,1.8886141033093191,2.789307077817643,0.6770907794013749,3008.554303980568,True
0,56,78,22,1.839483427587599,2.969415955422532,0.6194765082434706,3099.864351870901,True
0,56,79,23,1.9963276397638965,3.1581340440876304,0.6321225166174432,3278.97781328267,True
0,56,80,24,2.0772611707719806,3.3523665845719597,0.6196402208314016,3494.739046051937,True
0,56,81,25,2.186521224216237,3.54226016269161,0.6172672598262219,3738.59826673046,True
0,56,82,26,2.2902111205345257,3.7343589192007025,0.6132809325742903,4046.448072075064,True
0,56,83,27,2.428333880671509,3.9271579061348443,0.6183438350869634,4408.056714698667,True
0,56,84,28,2.5088246572846336,4.121764961587676,0.608677273125795,4784.0707561657155,True
0,57,60,3,0.24087757573253415,0.17817320389000704,1.3519293051565535,2156.3928213569993,False
0,57,61,4,1.4328778878057984,0.23984008476472046,5.974305292676285,2317.3551734682364,False
0,57,62,5,1.3650225707698485,0.3855069594793817,3.5408506570498237,2198.8315078695773,False
0,57,63,6,0.35126273341186853,0.5364111479110756,0.6548386154534203,2126.913256341217,True
0,57,64,7,1.4634187458766317,0.6859360285434529,2.1334624294106845,2099.6356826840224,False
0,57,65,8,1.2487574832072708,0.8353359586793989,1.494916470711328,2085.4244172350145,False
0,57,66,9,1.455728147372511,0.983968130410834,1.4794464397588813,2106.8139452737632,False
0,57,67,10,0.7898460570974889,1.1331761533518074,0.6970196599718528,2141.4901353963787,True
0,57,68,11,0.8469319145283251,1.2822222854456813,0.6605187915868614,2211.2801722079453,True
0,57,69,12,0.9831282498868467,1.4310008992189756,0.6870214060825728,2322.876449577119,True
0,57,70,13,1.5161845459396595,1.5805620824013222,0.9592692136686873,2470.2499873494585,False
0,57,71,14,1.5582766155874703,1.730014655850487,0.9007302974675732,2639.471538016654,False
0,57,72,15,1.5461432890034894,1.8834329440264141,0.8209176195559875,2671.0026207400097,False
0,57,73,16,1.6827546775676674,2.0441893657290633,0.8231892337271358,2731.8016033379877,False
0,57,74,17,1.5838716407762052,2.2100344589367777,0.7166728257885118,2806.967224603807,True
0,57,75,18,1.5784658098132576,2.3808390030549282,0.6629872107218838,2881.6011174345417,True
0,57,76,19,1.6727992234556732,2.554787048856424,0.6547705117749258,2970.873608890153,True
0,57,77,20,1.8791497858117883,2.7320577691339305,0.6878148064956487,3082.7244443835716,True
0,57,78,21,1.8354955269063515,2.9126260644834763,0.630185779523283,3176.285566506891,True
0,57,79,22,1.9767232378831485,3.1010147510832975,0.6374439970634151,3359.814727034811,True
0,57,80,23,2.085750875940503,3.294993023580369,0.6330061584391785,3580.8951394867736,True
0,57,81,24,2.2055274246810392,3.4846501408151327,0.6329265021036288,3830.7662418894733,True
0,57,82,25,2.306594890682549,3.6765514709433664,0.6273800078448786,4146.205494183809,True
0,57,83,26,2.4555836947271796,3.8691919031579944,0.6346502722501196,4516.7289048602415,True
0,57,84,27,2.539547351909094,4.063658159388005,0.6249411865617049,4902.012851880338,True
0,58,61,3,0.5637794506664833,0.17988487935559455,3.134112509545674,2415.3231667832774,False
0,58,62,4,0.2953923053411973,0.3255495627951483,0.9073650807728856,2291.7888209867856,False
0,58,63,5,1.4038624061451728,0.4764497683787115,2.9465066399807687,2216.8301694085635,False
0,58,64,6,0.623200882722313,0.6259840754242769,0.9955538921655834,2188.39941509771,False
0,58,65,7,0.7106696164745117,0.7753703269529412,0.9165550857063475,2173.5873573426948,False
0,58,66,8,0.8109330298533975,0.9239986945701335,0.8776343891163864,2195.881144324528,False
0,58,67,9,1.216410218827721,1.073207280775245,1.1334345569748945,2232.023297369452,False
0,58,68,10,1.3954770669870695,1.222255858098256,1.1417225433947467,2304.7637622975594,False
0,58,69,11,1.3952268145230649,1.371031373442901,1.017647620287058,2421.077859136298,False
0,58,70,12,1.102672107634535,1.520595258318739,0.7251581915714476,2574.6817279034703,True
0,58,71,13,1.236478718810732,1.6700477141669114,0.7403852646375068,2751.057251312666,True
0,58,72,14,1.2059073709708772,1.8237299174281825,0.6612313366397167,2783.921335095516,True
0,58,73,15,1.3566500094311364,1.9849326608322002,0.683474072547302,2847.2906419963524,True
0,58,74,16,1.5289932257464816,2.151308539179682,0.7107270751267988,2925.633948394775,True
0,58,75,17,1.79013962427217,2.322680254218729,0.7707215063376481,3003.42304712473,True
0,58,76,18,1.7892729888704544,2.497200549158521,0.7165115310716168,3096.4696026281285,True
0,58,77,19,1.771698875312916,2.6750327892688195,0.6623092181973528,3213.0490192339116,True
0,58,78,20,2.0069728202541697,2.8561420611814783,0.7026866231660622,3310.5655106038907,True
0,58,79,21,1.9843874178952141,3.04413137362908,0.6518731205511392,3501.8535092147986,True
0,58,80,22,2.3017155777088725,3.237799165662152,0.7108889279234082,3732.280268147075,True
0,58,81,23,2.3622163446038194,3.427166487494173,0.689262209240086,3992.7148658525566,True
0,58,82,24,2.48039669058632,3.6188246750248796,0.6854149933553405,4321.489558011219,True
0,58,83,25,2.6665823419164116,3.8112682035029444,0.6996574891962603,4707.677134213858,True
0,58,84,26,2.7284755321651577,4.005558580592313,0.6811722952661675,5109.249259920678,True
0,59,62,3,0.36985691912772223,0.2666243559450439,1.3871835444919234,2415.5448660705933,False
0,59,63,4,1.1673025646774013,0.4175174735065642,2.7958172741219394,2336.538465337132,False
0,59,64,5,0.6897568690750852,0.5670384920741826,1.216419835189686,2306.57245713201,False
0,59,65,6,0.6811628272179981,0.7164449243149286,0.9507539297166946,2290.960551821004,False
0,59,66,7,0.8389126779230649,0.8650796311100016,0.9697519716729877,2314.4581979374784,False
0,59,67,8,1.0138414674636944,1.0142873875303864,0.9995603612228899,2352.5520185534688,False
0,59,68,9,1.1945913094678262,1.163331983452918,1.026870511994458,2429.2204510912547,False
0,59,69,10,1.2072823141454827,1.3121126449577598,0.920105692742827,2551.815481181976,False
0,59,70,11,1.087276900229015,1.461671491204455,0.7438585939259654,2713.7139219158676,True
0,59,71,12,1.215522791998035,1.6111236692547517,0.754456541849635,2899.613681165131,True
0,59,72,13,1.1538382752507246,1.7647762614584217,0.6538156141658352,2934.2524175673775,True
0,59,73,14,1.3330584010624584,1.9261864438092244,0.6920713232859242,3001.043651798487,True
0,59,74,15,1.4562217688740644,2.092897832842354,0.695792095544567,3083.6174778983204,True
0,59,75,16,1.6821066885546325,2.2646721585576435,0.7427594683841375,3165.6071692488945,True
0,59,76,17,1.6940608132513115,2.43962175138045,0.6943948635860187,3263.6782163687644,True
0,59,77,18,1.72318799114605,2.6178911853535345,0.6582351477352719,3386.5528934301324,True
0,59,78,19,1.9141688440078863,2.7994311375622476,0.6837706483734941,3489.335251878214,True
0,59,79,20,1.9173915062820952,2.9870910076453097,0.6418925641617975,3690.9527564031487,True
0,59,80,21,2.2117654423611253,3.1805072533474985,0.695412796192567,3933.8225048926647,True
0,59,81,22,2.287078175124882,3.369645349727825,0.6787296399930085,4208.3205082312825,True
0,59,82,23,2.403861851016722,3.5611135746059404,0.6750309420509635,4554.848954685544,True
0,59,83,24,2.589326823958851,3.753406969358502,0.6898603975260895,4961.890567112499,True
0,59,84,25,2.6571559267937506,3.947565908153278,0.6731124922590088,5385.147491016379,True
0,60,63,3,0.247317810339134,0.3582386122915721,0.6903717294936395,2506.2625560782735,True
0,60,64,4,1.4924739496240225,0.507764998693041,2.939300569093119,2474.119843499906,False
0,60,65,5,1.259615651574426,0.6571651448655541,1.916741417915772,2457.373903173874,False
0,60,66,6,1.4502729622920973,0.8057988105032833,1.7997953625499774,2482.57839755364,False
0,60,67,7,0.7273231441946155,0.9550068554809178,0.7615894483064769,2523.4393196587866,True
0,60,68,8,0.7421823999910199,1.1040523593856595,0.6722347845930069,2605.6768794307554,True
0,60,69,9,0.8908234567375398,1.2528320889154125,0.7110477649951745,2737.177104244444,True
0,60,70,10,1.460586960204964,1.4023919014607806,1.0414970014327416,2910.835704741853,False
0,60,71,11,1.4821378393915532,1.5518441224167239,0.9550816463984698,3110.2390583361916,False
0,60,72,12,1.4907694941537124,1.7056981908982456,0.8739937124331776,3147.3939219614695,False
0,60,73,13,1.600346930970645,1.8675244179759403,0.8569349431613497,3219.03681246425,False
0,60,74,14,1.4685649998527042,2.0347510317087516,0.7217418627474176,3307.608728371601,True
0,60,75,15,1.4245164946381939,2.207082367850056,0.645429692787511,3395.554078497352,True
0,60,76,16,1.5307565131747165,2.3825951692310725,0.6424744467473813,3500.748919874146,True
0,60,77,17,1.7530898544846372,2.5614165535479203,0.6844220054939375,3632.5491049674747,True
0,60,78,18,1.6754798821750574,2.743486636670188,0.6107118801965856,3742.7974831668357,True
0,60,79,19,1.835133224379219,2.9307300676082138,0.6261693100507486,3959.0603051734383,True
0,60,80,20,1.9110022384600882,3.1238247450126115,0.6117507845186024,4219.571897716639,True
0,60,81,21,2.0317960952720067,3.312666893027661,0.6133415042570177,4514.009193610487,True
0,60,82,22,2.129742093728264,3.5038888278672955,0.6078223934475027,4885.709160398314,True
0,60,83,23,2.2702476190992216,3.6959841822114115,0.6142471144832845,5322.317916096332,True
0,60,84,24,2.354297937072632,3.8899677828919605,0.6052229911586442,5776.319849177329,True
0,61,64,3,0.30083485460931886,0.44632143133610075,0.6740318377917557,2658.7986948996345,True
0,61,65,4,0.4256489476463071,0.5956853902377739,0.7145532769846932,2640.802766205761,True
0,61,66,5,0.4795748410946328,0.7443003721283039,0.6443297075390455,2667.8886314837055,True
0,61,67,6,1.2020323196188678,0.8935075319130467,1.3452962361103473,2711.7995869901597,False
0,61,68,7,1.368078989575012,1.0425577161550696,1.3122333357432314,2800.1757087725764,False
0,61,69,8,1.3949601144425086,1.1913259919102956,1.17093064695557,2941.491670904407,False
0,61,70,9,0.8701866970912284,1.340888337452318,0.6489628351489576,3128.112889586947,True
0,61,71,10,0.9698924597640628,1.4903356424353873,0.650787938064168,3342.4005594781725,True
0,61,72,11,1.1604680541671732,1.6448044656209495,0.7055355687699153,3382.328820502229,True
0,61,73,12,1.1785880951783327,1.8074134896265883,0.6520854812375164,3459.31944173995,True
0,61,74,13,1.3655816196227213,1.9754677810361148,0.6912700033540847,3554.5027430007704,True
0,61,75,14,1.6278610832597835,2.148625506667996,0.7576290415467545,3649.0127089392277,True
0,61,76,15,1.649967544403105,2.3249265360077396,0.7096858841984556,3762.0597416840683,True
0,61,77,16,1.5986311591092244,2.5044955571754675,0.6383046496245881,3903.698054409434,True
0,61,78,17,1.8444568961234211,2.68726334553384,0.6863699827517312,4022.175841506684,True
0,61,79,18,1.8409736961832381,2.8739342570471185,0.6405761341509543,4254.5814423983,True
0,61,80,19,2.1279220958057787,3.066581138961077,0.6939069926343754,4534.538730675922,True
0,61,81,20,2.1687362027235304,3.2550094816533965,0.6662764624642233,4850.954081415325,True
0,61,82,21,2.2944088461725363,3.44587800852609,0.6658415766592756,5250.399318147144,True
0,61,83,22,2.468315585836313,3.6376886523021645,0.6785395402858909,5719.598412476176,True
0,61,84,23,2.5239818618356566,3.8314177660813216,0.6587592415997805,6207.4889850888985,True
0,62,65,3,0.42294800206479116,0.44984035144426093,0.9402180144730703,2505.7360196157933,False
0,62,66,4,0.5214070185249989,0.598473549750567,0.8712281749833589,2531.4365486814004,False
0,62,67,5,1.0601853172641302,0.7476784337303649,1.4179696369929864,2573.1016303286583,False
0,62,68,6,1.2349321560955062,0.8967212509532199,1.3771639233293136,2656.9576586765547,False
0,62,69,7,1.239051398475148,1.045501732304745,1.1851261075806487,2791.045861321523,False
0,62,70,8,0.8378914846863562,1.1950610720905952,0.7011285902071768,2968.122133605691,True
0,62,71,9,0.9656895778441339,1.3445142272896287,0.7182442240056042,3171.449826183602,True
0,62,72,10,1.008767504559338,1.4989439725890672,0.6729854637708262,3209.335912614945,True
0,62,73,11,1.1148252160080658,1.6622386341655901,0.6706769973299804,3282.388764299561,True
0,62,74,12,1.292692790151404,1.8313287792760302,0.7058769592767704,3372.7038114841926,True
0,62,75,13,1.5594166498905229,2.0056753195309627,0.777502038692484,3462.379961818171,True
0,62,76,14,1.5654985126319072,2.183216492456866,0.7170605929557564,3569.645080396649,True
0,62,77,15,1.5363376432301594,2.3640103458709194,0.6498861758001998,3704.0391466613846,True
0,62,78,16,1.7770087267620251,2.5479608916194376,0.6974238625902106,3816.4572577195204,True
0,62,79,17,1.7610687179181714,2.733605324986771,0.644229326677469,4036.976219895282,True
0,62,80,18,2.0699355119938065,2.9254738844779618,0.7075556281587445,4302.614786382811,True
0,62,81,19,2.123999544473462,3.113204496759318,0.6822550676270812,4602.846727841369,True
0,62,82,20,2.2454197988248166,3.3035113823217133,0.6797069962709593,4981.8619009362355,True
0,62,83,21,2.428399964364164,3.494875087017593,0.6948459970386173,5427.063294268826,True
0,62,84,22,2.4886046132323063,3.688216928713875,0.6747446425555322,5890.000169779284,True
0,63,66,3,1.2623842157864413,0.4475666508134584,2.82055022082642,2448.6396223209326,False
0,63,67,4,0.4809257554562695,0.5967732513887049,0.8058768625053894,2488.9419438789646,False
0,63,68,5,0.511954939785565,0.7458164861132315,0.6864355365132528,2570.055252324354,True
0,63,69,6,0.6577998804887785,0.8945984309391435,0.7353018491193021,2699.757766911691,True
0,63,70,7,1.2472993319755197,1.044155285976898,1.1945534813900431,2871.0423194373157,False
0,63,71,8,1.2753719853173366,1.1936069741591382,1.0685024576165865,3067.7196742857714,False
0,63,72,9,1.250395216488367,1.3486947614313707,0.9271150539365346,3104.3666020623273,False
0,63,73,10,1.3772844802450033,1.513399783418884,0.910059916312142,3175.0300785976815,False
0,63,74,11,1.2506573601708437,1.6841756433998079,0.742593187992061,3262.3911476093726,True
0,63,75,12,1.2286731864885243,1.860274817774649,0.6604793951671736,3349.1342164804323,True
0,63,76,13,1.3244022709264844,2.039520107488839,0.6493695580952893,3452.890962657234,True
0,63,77,14,1.540650069189492,2.2219320045342963,0.6933830855514425,3582.88933683417,True
0,63,78,15,1.4846417855680012,2.4073910183397897,0.6167015554423125,3691.6305340594417,True
0,63,79,16,1.6288429358138012,2.591593716742408,0.6285101423463979,3904.9368752900473,True
0,63,80,17,1.7353105952948582,2.7823608036984093,0.6236828066971846,4161.887071990301,True
0,63,81,18,1.855471502001143,2.9691091205174867,0.6249253317027811,4452.299181321938,True
0,63,82,19,1.9564593406020614,3.1586070627029588,0.6194057385940983,4818.917720816574,True
0,63,83,20,2.1072917998944813,3.3493290568671945,0.6291683391256706,5249.557695653987,True
0,63,84,21,2.191283329233361,3.5421119089229682,0.6186375206591519,5697.353069628036,True
0,64,67,3,1.0658420298611322,0.44730018949280725,2.382833843798922,2457.021367428456,False
0,64,68,4,1.2196060979223387,0.596324385922012,2.0452058086416076,2537.0944010816784,False
0,64,69,5,1.2201372281517826,0.7451148762251748,1.6375155926735991,2665.1334863379734,False
0,64,70,6,0.5920161886534486,0.8946570795359414,0.6617241423501923,2834.221321633157,True
0,64,71,7,0.7039179816342114,1.0441064417801857,0.6741822035251902,3028.376297622209,True
0,64,72,8,0.8788917870773939,1.199603358828542,0.7326519891838791,3064.553230081018,True
0,64,73,9,0.8917170659241234,1.3656804788122017,0.6529470690682295,3134.310450481892,True
0,64,74,10,1.0998489235848752,1.538160702206006,0.7150416221188651,3220.5511174331637,True
0,64,75,11,1.384474996825934,1.7160311969277706,0.806788943758467,3306.18171006979,False
0,64,76,12,1.3912426311165922,1.8969850828409751,0.7333967165587989,3408.6077803114867,True
0,64,77,13,1.3196280457868206,2.0810012209141524,0.6341313174276408,3536.9389307705046,True
0,64,78,14,1.5866910845067308,2.2679398558332,0.6996177964886151,3644.2855266842084,True
0,64,79,15,1.5644365793485657,2.45056612656653,0.638398026639047,3854.8562229997633,True
0,64,80,16,1.8689767524485235,2.640142965724591,0.707907403770303,4108.511044161863,True
0,64,81,17,1.9056144174679392,2.8258512982605724,0.6743505642497619,4395.198630323776,True
0,64,82,18,2.0298566689991584,3.0145059417726356,0.6733629683295735,4757.1153023655,True
0,64,83,19,2.206859601053832,3.2045657261752236,0.6886610510210401,5182.232337516333,True
0,64,84,20,2.2609914449314203,3.3967796529629326,0.6656279405581135,5624.28475452657,True
0,65,68,3,0.9873470986635476,0.4468878004171728,2.209384766695024,2519.922221021911,False
0,65,69,4,1.0014771334173265,0.5956695090568548,1.6812630463543479,2647.0946809662855,False
0,65,70,5,0.5012773847743626,0.7452268961125796,0.6726506885208231,2815.0380548049434,True
0,65,71,6,0.6038770718700701,0.8946789955059598,0.6749650711633897,3007.8789038124523,True
0,65,72,7,0.7757876908533408,1.0515333212497149,0.7377680527815714,3043.8109747485964,True
0,65,73,8,0.8049327830151277,1.2199061517981575,0.6598317270788793,3113.096047345793,True
0,65,74,9,0.9549499729068474,1.3948374259995802,0.6846317392311889,3198.7529992170385,True
0,65,75,10,1.2073794023693636,1.5750555718535457,0.766563049549105,3283.8040060271564,True
0,65,76,11,1.2316307554240786,1.7581608845784398,0.7005222139948762,3385.536811201438,True
0,65,77,12,1.2083996710894593,1.9441158631957973,0.6215677233881807,3512.999359521718,True
0,65,78,13,1.4302830985873463,2.132789284819306,0.6706162248506057,3619.6193860680987,True
0,65,79,14,1.4387791618898,2.3133161240168256,0.6219552731909006,3828.7648465268794,True
0,65,80,15,1.7184634987416503,2.5013022470477293,0.6870275276688139,4080.7028193682518,True
0,65,81,16,1.7692790967204906,2.685626939393797,0.65879555747972,4365.449976806514,True
0,65,82,17,1.8940990688416364,2.873161839783172,0.6592385582374913,4724.91703630868,True
0,65,83,18,2.0707248606103783,3.062335584311069,0.676191359046049,5147.156690834271,True
0,65,84,19,2.1309945702296047,3.2537868366406277,0.6549275282057967,5586.21710104432,True
0,66,69,3,1.1131121396304848,0.44703412294523404,2.4899936772094056,2674.2450803918478,False
0,66,70,4,0.3956240758035997,0.5965984478340186,0.6631329284210062,2843.9109954427195,True
0,66,71,5,0.4957729072124289,0.7460501611670829,0.6645302595161524,3038.729751063757,True
0,66,72,6,0.7388596133027218,0.9044268542539561,0.8169368366579435,3075.0303657037275,False
0,66,73,7,0.7040633456317835,1.0754496358711538,0.6546688214380828,3145.026073023879,True
0,66,74,8,0.9093952940625268,1.2531099944411908,0.7257106703295114,3231.5615807222366,True
0,66,75,9,1.1944925875581807,1.4358507977447752,0.8319057867532722,3317.4849283757117,False
0,66,76,10,1.2033602951439073,1.6211967732234134,0.7422666483299711,3420.261174238014,True
0,66,77,11,1.124158076850532,1.8091221145244762,0.6213831934424252,3549.031064952799,True
0,66,78,12,1.3910090541889106,1.9995212126444657,0.6956710663495449,3656.744658846171,True
0,66,79,13,1.3723823275868243,2.1776039966881107,0.6302258489946118,3868.035257078198,True
0,66,80,14,1.6688661581106423,2.363755654349599,0.7060231268150432,4122.557276739766,True
0,66,81,15,1.7017439580410085,2.546515481456367,0.6682637393854646,4410.224994260497,True
0,66,82,16,1.8267780182971802,2.7327958073830763,0.668464878847462,4773.378991867292,True
0,66,83,17,2.001463070107698,2.9209866635033803,0.6852010298832307,5199.949422830957,True
0,66,84,18,2.054812824034971,3.1116014994869263,0.6603714596402497,5643.51313456432,True
0,67,70,3,0.8763122936381513,0.4473896058943372,1.958722961134496,2890.7191146840955,False
0,67,71,4,0.9159348473402019,0.5968415969132987,1.5346364128726384,3088.744405094083,False
0,67,72,5,0.7873260061955794,0.7569967138803836,1.0400652892662203,3125.6424939522435,False
0,67,73,6,0.9594421338070529,0.9311830226052236,1.0303475369672948,3196.7902652504436,False
0,67,74,7,0.842233692900555,1.111931646263321,0.7574509599856305,3284.750066595631,True
0,67,75,8,0.8790402949720432,1.2973948912810045,0.6775425900622347,3372.087632313253,True
0,67,76,9,0.9405996662187153,1.4850694445849832,0.6333708296594673,3476.555479206394,True
0,67,77,10,1.1357205640967423,1.6749820671844493,0.6780493871231855,3607.444802072514,True
0,67,78,11,1.1338226777365699,1.8670792793195194,0.6072707732848954,3716.9312611346472,True
0,67,79,12,1.234589559785504,2.0422705202940628,0.6045181319112112,3931.6995053030187,True
0,67,80,13,1.4112704209404066,2.226275452015605,0.6339154571653222,4190.410719726648,True
0,67,81,14,1.52594163914401,2.407240632436969,0.63389659454162,4482.813179243587,True
0,67,82,15,1.6308998662789542,2.5920997056169957,0.6291809928240212,4851.944352525078,True
0,67,83,16,1.8009323945607205,2.779188303981695,0.6480066111319467,5285.535734436009,True
0,67,84,17,1.8826863665950244,2.968876758860183,0.634140962899999,5736.4000906491865,True
0,68,71,3,0.9769665037363299,0.4477930359047649,2.1817367073660963,3189.404960176741,False
0,68,72,4,0.8348102332731071,0.6103051419540766,1.367857119145694,3227.5055383376184,False
0,68,73,5,0.9921582629144707,0.7884697488684898,1.2583339618777873,3300.97197806949,False
0,68,74,6,0.8206411077282717,0.9727675019480968,0.8436148474171149,3391.7983430622758,False
0,68,75,7,0.7890097041972736,1.1611553421163883,0.6795040039683056,3481.982194095771,True
0,68,76,8,0.8609482802499048,1.351210234142214,0.6371682647863148,3589.85459315555,True
0,68,77,9,1.0965680324917282,1.5430799170192508,0.7106359303865192,3725.009530189151,True
0,68,78,10,1.0360672831978033,1.736800150575527,0.5965379971060456,3838.06409534807,True
0,68,79,11,1.1600053768696157,1.9085165980951835,0.6078047097035322,4059.831523597993,True
0,68,80,12,1.2982381557508251,2.0899701073982775,0.6211754661730312,4326.9740003841025,True
0,68,81,13,1.4226684944252495,2.2688447615505143,0.6270453221546135,4628.905702215157,True
0,68,82,14,1.521139283533587,2.452068174327726,0.6203495071871857,5010.066666223115,True
0,68,83,15,1.6846608249093407,2.637901124840644,0.6386368348097624,5457.788563145333,True
0,68,84,16,1.7691330748167426,2.826547191024351,0.625899005130568,5923.346351514489,True
0,69,72,3,0.7329471546815218,0.46644864178973583,1.5713351675100757,3390.3874778555914,False
0,69,73,4,0.916843578972187,0.6504008554699406,1.4096592451584813,3467.561535142527,False
0,69,74,5,0.7414495628192466,0.8390374378758872,0.8836906785665074,3562.971617905481,False
0,69,75,6,0.7212864894626487,1.030641111500878,0.6998425362755717,3657.7067610731183,True
0,69,76,7,0.772184977881517,1.2231389424247647,0.6313141958760046,3771.023137027934,True
0,69,77,8,1.0068985956013485,1.416919573569709,0.7106250872550399,3912.99891387667,True
0,69,78,9,0.9565029543849246,1.6121656151978692,0.5933031602758307,4031.758983371898,True
0,69,79,10,1.0613333302289543,1.7793854724404758,0.596460602082643,4264.718308399747,True
0,69,80,11,1.2223574084513735,1.957548851234387,0.6244326457960842,4545.342616349179,True
0,69,81,12,1.347046417950093,2.133761886299089,0.6313011899778951,4862.511850885301,True
0,69,82,13,1.4433470997423672,2.314914175772242,0.6234991840511215,5262.908796473676,True
0,69,83,14,1.6123722787544523,2.4991608446016125,0.6451654691362925,5733.225793565085,True
0,69,84,15,1.6962739313532125,2.6864967288954618,0.6314074061987137,6222.278802818144,True
0,70,73,3,0.3134335357461325,0.5154481749454853,0.6080796304677608,3687.5589486813633,True
0,70,74,4,0.5258638968233927,0.7082967904628928,0.742434391774845,3789.0222683431143,True
0,70,75,5,0.8333263700357676,0.9026733713846994,0.9231759753336319,3889.7678272616736,False
0,70,76,6,0.8248721005554251,1.0971266226676493,0.751847675111337,4010.2734944140657,True
0,70,77,7,0.729458213511271,1.292363403467729,0.5644373800387377,4161.256841388188,False
0,70,78,8,1.0084295273648274,1.4887268319553109,0.6773771424810988,4287.551574033833,True
0,70,79,9,0.9774010692393786,1.6505501279823922,0.5921668495061941,4535.290867188123,True
0,70,80,10,1.2837597781116772,1.82482735528684,0.7034965660682384,4833.719220227837,True
0,70,81,11,1.3154635199099585,1.9979772959158881,0.6583976317443286,5171.011071347652,True
0,70,82,12,1.4390943851049354,2.1767868290603682,0.6611094691923208,5596.810966970387,True
0,70,83,13,1.6169634406830666,2.3592687547354494,0.6853663608427607,6096.966950869916,True
0,70,84,14,1.6709508405140125,2.545173284951877,0.6565175150915534,6617.047642264638,True
0,71,74,3,0.457106427718422,0.5881603992946809,0.7771798785953319,4048.5847527253272,True
0,71,75,4,0.7532952222836078,0.7839407767415002,0.9609083295994978,4156.231766877299,False
0,71,76,5,0.7511582954157577,0.9793108655530727,0.7670274290192173,4284.992532082174,True
0,71,77,6,0.641539550001318,1.175198117472597,0.5458990620075405,4446.318814480132,False
0,71,78,7,0.9174664215619908,1.3720372405983594,0.6686891539196664,4581.26521825576,True
0,71,79,8,0.8941032047705536,1.526894146071715,0.585569868789424,4845.97559837026,True
0,71,80,9,1.1836127520084032,1.6961843125950877,0.6978090430500018,5164.847432403013,True
0,71,81,10,1.2084081254438148,1.8654668632199722,0.6477778561866213,5525.245062438407,True
0,71,82,11,1.3335109880638598,2.0413456883112837,0.6532509391719025,5980.2138757740095,True
0,71,83,12,1.5069334194937565,2.221634557651546,0.6782994144125627,6514.632453177999,True
0,71,84,13,1.5592598013486936,2.405776481001029,0.6481316172398089,7070.34065657377,True
0,72,75,3,0.6985684291773122,0.5877791044529889,1.1884880287253974,4205.882041855192,False
0,72,76,4,0.6411121894732158,0.7831482421008549,0.8186345253784691,4336.1809810016,False
0,72,77,5,0.6070296137724114,0.9790354038452592,0.6200282557589256,4499.434464463284,True
0,72,78,6,0.8511425418088121,1.175874356028625,0.7238379997361659,4635.992935715067,True
0,72,79,7,0.789731500372093,1.331539814743763,0.5930964223732704,4903.865541590634,True
0,72,80,8,1.1321658745301546,1.502578456108881,0.753482036114136,5226.546613204555,True
0,72,81,9,1.1889428339237038,1.6740731157332558,0.7102096215211834,5591.249547283684,True
0,72,82,10,1.2991708744244472,1.8522633775635169,0.7013964051556144,6051.653410432557,True
0,72,83,11,1.4886361196159457,2.0347340086245937,0.7316121484705559,6592.45614319883,True
0,72,84,12,1.5497793953804053,2.2209790939536007,0.6977910776375738,7154.802827471907,True
0,73,76,3,0.5881076320837718,0.5864986343530817,1.0027433955280474,4434.883763978488,False
0,73,77,4,0.43474449224749523,0.7823857838967538,0.5556651222395748,4601.85332230396,False
0,73,78,5,0.7573360999182691,0.9792249661944985,0.7734035855534378,4741.5202203512745,True
0,73,79,6,0.685018703226863,1.1360619834669483,0.6029765217003165,5015.490305044961,True
0,73,80,7,1.0198423060142112,1.309396706260975,0.7788642671375005,5345.516439035615,True
0,73,81,8,1.0436898397369279,1.4836417497725172,0.7034648626576827,5718.520962626612,True
0,73,82,9,1.1628104724673194,1.6645801258359216,0.6985608288957417,6189.404817912624,True
0,73,83,10,1.3442931071854327,1.849545952309972,0.726823307907809,6742.5176306777275,True
0,73,84,11,1.3960880924202896,2.0381287241927093,0.6849852395722806,7317.664791448157,True
0,74,77,3,0.304029235162548,0.5870382528271291,0.5179036182026769,4728.473485174682,False
0,74,78,4,0.4913295664114982,0.7838779440413401,0.6267934569997118,4871.9833230420645,True
0,74,79,5,0.4894347639475421,0.9422541842223836,0.5194296529990569,5153.491704660055,False
0,74,80,6,0.7786717502371274,1.1185118360836024,0.6961676444690981,5492.598519826476,True
0,74,81,7,0.834919747341008,1.2960775300522085,0.644189663026853,5875.866276558717,True
0,74,82,8,0.9548930030867425,1.4801731280799952,0.6451225096387074,6359.706518385891,True
0,74,83,9,1.1391644211103984,1.667881556522906,0.6830007902271288,6928.038250471774,True
0,74,84,10,1.2034349887199716,1.8589543337848107,0.6473720020167419,7519.010606456145,True
0,75,78,3,0.2651349563160347,0.5881020435845706,0.45083155076285253,5001.5235178893245,False
0,75,79,4,0.42069824271966805,0.7487879816493422,0.5618389357598974,5290.516869834175,False
0,75,80,5,0.5498511319040136,0.92901344675603,0.5918656331875581,5638.640128612572,True
0,75,81,6,0.6500728544959496,1.1107235156209474,0.5852697321641992,6032.098515442201,True
0,75,82,7,0.7614397303839264,1.2984932449136433,0.5864025349123524,6528.803489154809,True
0,75,83,8,0.9350674427232399,1.4892084447204201,0.6278956085954689,7112.246480543261,True
0,75,84,9,1.0125273749758352,1.6829064614227467,0.6016539826698591,7718.932082872604,True
0,76,79,3,0.3047578997983089,0.557368902087024,0.5467795182995803,5454.4179799498315,False
0,76,80,4,0.518783942185625,0.743214436732897,0.6980272671587919,5813.326156341135,True
0,76,81,5,0.6093015925588131,0.9300905916430384,0.6550991892977436,6218.973950741392,True
0,76,82,6,0.7188458808343196,1.1219996768707174,0.6406827877519511,6731.0669288011095,True
0,76,83,7,0.9029030957027039,1.315843988018945,0.6861779237689569,7332.585083038587,True
0,76,84,8,0.9768831687554975,1.5121486782625415,0.6460232269474561,7958.065908246802,True
0,77,80,3,0.6032318987213142,0.5635192357224542,1.0704725952219658,6032.192884847102,False
0,77,81,4,0.6160311539652231,0.7564324423250199,0.8143901814572492,6453.112969722442,False
0,77,82,5,0.7313923937558946,0.9525340451220329,0.7678385854042551,6984.485807845843,True
0,77,83,6,0.9145614706707246,1.149200523715982,0.7958240984031721,7608.650603096452,False
0,77,84,7,0.9670362061072962,1.347738566886776,0.7175250674476968,8257.680243264449,True
0,78,81,3,0.395121717596602,0.5959244198857919,0.6630399836145773,6648.965859440098,True
0,78,82,4,0.5029943453883404,0.7945199195422461,0.6330795906012464,7196.465938222733,True
0,78,83,5,0.6832254043364263,0.9925074302637616,0.688383163191894,7839.574223132274,True
0,78,84,6,0.7593672892120176,1.19209321367376,0.6370032817079969,8508.302004513003,True
0,79,82,3,0.5142357936375159,0.5968367719422781,0.8616020624266247,7612.285399273992,False
0,79,83,4,0.7036789503979662,0.7948259768120501,0.885324550186868,8292.553165340576,False
0,79,84,5,0.7638131993851851,0.9944116296970554,0.7681056582351903,8999.920749651077,True
0,80,83,3,0.39250411587771883,0.593956334020562,0.660829918625181,8838.214525570196,True
0,80,84,4,0.4742483063056533,0.793539611522977,0.5976365885446683,9592.127866120218,True
0,81,84,3,0.3705789290306463,0.596173974190511,0.6215952810315494,10261.456475569148,True
18,58,61,3,0.12707052497259966,0.17988487935559455,0.7063991449854324,5941.405894230758,True
18,58,62,4,0.2241594957988242,0.3255495627951483,0.6885572011653301,6759.497817885586,True
18,58,101,43,3.6397457126983395,5.433474453272654,0.6698744503171579,3889.0947532812825,True
18,58,102,44,3.7246084052374537,5.52066661041734,0.6746664249221687,3538.8481176789714,True
18,58,103,45,3.786828151911745,5.609002016198534,0.6751340329305575,3281.75387559762,True
18,59,62,3,0.18283661521411768,0.2666243559450439,0.6857461111009814,6548.977038438904,True
18,59,101,42,3.5988938041987724,5.374501023922751,0.6696238010151135,3767.971072075793,True
18,59,102,43,3.683686764632869,5.461688162232239,0.6744593713910086,3428.632672072061,True
18,59,103,44,3.7457145227056805,5.5500238207594474,0.6749006209117727,3179.5454863863797,True
18,59,104,45,3.8964951445668676,5.6377394681566075,0.6911449467601807,2869.3301047457053,True
18,60,101,41,3.5615330900014577,5.315349925054121,0.6700467777697993,3681.0392554277387,True
18,60,102,42,3.646326116636021,5.402502797730339,0.6749327586036401,3349.529817750545,True
18,60,103,43,3.7083297008380036,5.4908140408508315,0.6753697490478803,3106.1893857265045,True
18,60,104,44,3.859112192237188,5.578508766996539,0.6917820430915856,2803.131061866355,True
18,60,105,45,3.9108014904708543,5.6690308060393635,0.6898536318244342,2631.806651332882,True
18,61,101,40,3.5160848943225953,5.2542506332181595,0.669188651202396,3623.7262589770767,True
18,61,102,41,3.600847151017504,5.341317746952461,0.6741495866019207,3297.3783525704175,True
18,61,103,42,3.6629981425758262,5.429564708542559,0.674639375199393,3057.826679195536,True
18,61,104,43,3.8137464054453276,5.517199260360604,0.6912468130063625,2759.4869088292485,True
18,61,105,44,3.8650805300996978,5.607672576314878,0.6892486102745434,2590.829982843336,True
18,62,101,39,3.416363171102786,5.108314919361241,0.6687847607347548,4122.689170917449,True
18,62,102,40,3.501197918410704,5.19537108051829,0.6739071885624432,3751.4053366705125,True
18,62,103,41,3.563250522934831,5.283615989932076,0.6743961956592986,3478.868997246088,True
18,62,104,42,3.7140546968191437,5.3712572205108,0.6914684112755899,3139.449832375093,True
18,62,105,43,3.7661155728170543,5.461747456366814,0.689544070447061,2947.5699737241184,True
18,101,104,3,0.3008683652646807,0.29623215697268795,1.0156505908722806,1806.2906742825198,False
18,101,105,4,0.37795518586671667,0.3929729518214819,0.9617842248807307,1695.892095624011,False
18,101,111,10,0.4235728584799983,0.5157065954067551,0.8213446604186091,1726.3887163672034,False
18,101,112,11,0.4235728584799983,0.5157064734897767,0.8213448545908066,1726.3887163672034,False
18,101,113,12,0.18907461861592123,0.32716100075641424,0.5779252972657813,2322.993758063073,False
18,102,105,3,0.2949965424914551,0.29250009938031507,1.0085348453433998,1543.162337539379,False
18,102,111,9,0.3469663797415204,0.41650633760421946,0.833039856577696,1570.912473691644,False
18,102,112,10,0.3469663797415204,0.4165063337190284,0.8330398643483317,1570.912473691644,False
18,102,113,11,0.17828627515407036,0.2603844039451551,0.6847041237985316,2113.788068847017,True
18,103,111,8,0.27346139732344377,0.3230185576392511,0.8465810736138788,1456.787046894638,False
18,103,112,9,0.27346139732344377,0.32301879263591154,0.8465804577248666,1456.787046894638,False
18,103,113,10,0.15450868183172076,0.2283736660781614,0.6765608508418821,1960.2232015768,True
18,104,111,7,0.16093566307597232,0.23264750581745836,0.6917575260929162,1314.6542321081997,True
18,104,112,8,0.16093566307597232,0.23264814144912171,0.6917556361015145,1314.6542321081997,True
18,104,113,9,0.26787235660182296,0.2343037202799869,1.1432697538123697,1768.9721591930156,False
18,105,111,6,0.20789885481154094,0.15774393836685666,1.3179514659260103,1234.3039536516117,False
18,105,112,7,0.20789885481154094,0.1577454942994344,1.3179384662290563,1234.3039536516117,False
18,105,113,8,0.3634092992959423,0.2828364981582975,1.2848741292665486,1660.8544487702707,False
1,85,90,5,0.33389178051283536,0.47465821229856153,0.7034362239219331,7782.672420190895,True
1,85,93,8,0.5213910716733898,0.7666687939789051,0.6800734238411378,8877.764921420256,True
1,85,94,9,0.5866789824298657,0.8634498612652359,0.679459235270696,9259.544265243296,True
1,85,95,10,0.6503666625411039,0.9621867781705978,0.6759255866908124,9740.748944511402,True
1,85,96,11,0.7161040132457342,1.0504794375388289,0.6816925564230902,10193.193807634583,True
1,85,97,12,0.7782920599341377,1.1497862044905998,0.6769015464739826,10547.645708877408,True
1,85,98,13,0.8443226551365686,1.2431100940380704,0.6792018335189475,10923.258442424587,True
1,85,99,14,0.9100484607669708,1.3395385026813527,0.6793746196509677,11234.98108587638,True
1,85,100,15,0.9682143807483483,1.432707649867791,0.6757934047729097,11416.27084471983,True
1,85,101,16,1.0312855887184602,1.531915437271293,0.673200075948987,11553.949541174221,True
1,85,102,17,1.083755571286705,1.6321279619964377,0.6640138497235492,10509.198589806932,True
1,85,105,20,1.3093251114556224,1.9245975184679769,0.6803111294136318,10139.993589741563,True
1,85,106,21,1.3457481897395693,2.0215142754012416,0.66571292922107,10953.021500937539,True
1,85,107,22,1.41753353225113,2.1169825963636075,0.6696009379982915,10656.01449886401,True
1,85,108,23,1.4735023217458822,2.213575426517712,0.6656661905864775,10360.13609949213,True
1,85,109,24,1.542042353286714,2.3104134166992827,0.6674313532552613,10042.871352357353,True
1,86,90,4,0.26360547389585154,0.3811810088847401,0.6915493368022421,7833.898837743566,True
1,86,93,7,0.4514226823483379,0.6732085903023728,0.6705539543777667,8936.199359906872,True
1,86,94,8,0.5165931846706835,0.7700014207769651,0.6708990019127736,9320.491617935182,True
1,86,95,9,0.5804308564747783,0.8686603672266016,0.6681907893736854,9804.863640051299,True
1,86,96,10,0.6462110487164423,0.9570334382568714,0.6752230621047505,10260.286545706216,True
1,86,97,11,0.7083851361556663,1.0562409694655406,0.6706662178746108,10617.071488880538,True
1,86,98,12,0.7744220031553533,1.1495279093624042,0.6736869951986579,10995.156547316641,True
1,86,99,13,0.8401697560252728,1.2459948672466072,0.6742963218475172,11308.930983961305,True
1,86,100,14,0.8983134983497377,1.3391794063349975,0.6707939907829074,11491.41401220929,True
1,86,101,15,0.9613954665392289,1.4383896439033392,0.6683831954812345,11629.998925193415,True
1,86,102,16,1.0128413015447961,1.5386363891516548,0.6582720314467787,10578.371306585906,True
1,86,105,19,1.2385424687607065,1.8311145879802044,0.6763871998457892,10206.736158047783,True
1,86,106,20,1.2758152031794716,1.9280449123972447,0.6617144626538705,11025.115509598982,True
1,86,107,21,1.3476304720409285,2.0235186123861544,0.6659837294265302,10726.153574324768,True
1,86,108,22,1.4035585909084782,2.120113176964643,0.6620205968994293,10428.327670341012,True
1,86,109,23,1.472126023393313,2.2169528010743873,0.6640312877567291,10108.97465126904,True
1,87,90,3,0.2179831753472637,0.28595400138012966,0.7623015390419043,7996.332815734973,True
1,87,93,6,0.4048045906455593,0.57797492799231,0.7003843437495013,9121.489269850621,True
1,87,94,7,0.4701248907678195,0.674765899067916,0.6967229544605379,9513.749733937719,True
1,87,95,8,0.5336428114206342,0.7734343644120791,0.689965220030376,10008.165091563988,True
1,87,96,9,0.5993105527550185,0.8617976044334602,0.6954191444393735,10473.031079873677,True
1,87,97,10,0.6615334807021925,0.9610299988630014,0.688358824890852,10837.213871655389,True
1,87,98,11,0.7275145770311902,1.0543551330446654,0.6900090436609755,11223.13843138362,True
1,87,99,12,0.7932096597997134,1.1507824117047032,0.6892785740657071,11543.418904293476,True
1,87,100,13,0.851394947750581,1.243955045429913,0.6844258165746957,11729.68567353789,True
1,87,101,14,0.9144551869083872,1.3431657359229756,0.6808208119454493,11871.14411082605,True
1,87,102,15,0.9680327204466953,1.4434070891972473,0.6706581446714855,10797.711250538236,True
1,87,105,18,1.1933979418008969,1.7358860369655562,0.6874863420683051,10418.370338013523,True
1,87,106,19,1.2288995067120059,1.832817258067396,0.6704975639567101,11253.718585427663,True
1,87,107,20,1.300664782297733,1.9282925047877075,0.6745163293786323,10948.557747484369,True
1,87,108,21,1.3566510444910076,2.024887013389972,0.6699885156652594,10644.556496162722,True
1,87,109,22,1.4251753344914901,2.121727180946353,0.6717052726146534,10318.581770282193,True
1,90,93,3,0.18789728462573763,0.2920404893783988,0.6433946369069319,10027.973324655386,True
1,90,94,4,0.25303530731533525,0.3888539064193607,0.6507207543453313,10459.216223025509,True
1,90,95,5,0.3169624604742918,0.48756479169344835,0.6500930048156119,11002.766061313854,True
1,90,96,6,0.382876200082384,0.5758874657785781,0.6648455172830509,11513.829944896703,True
1,90,97,7,0.4448419115442938,0.6753081106226646,0.6587243726928282,11914.204841280849,True
1,90,98,8,0.5109493209526789,0.7688314568527651,0.6645791042997452,12338.482179749662,True
1,90,99,9,0.5767230544210725,0.8650317081451144,0.6667074154515543,12690.59179077162,True
1,90,100,10,0.6347939879330907,0.9581019144298665,0.6625537204054486,12895.369556550135,True
1,90,101,11,0.6978646629586909,1.0573269524941122,0.6600273087832564,13050.885985250197,True
1,90,102,12,0.7504275830503477,1.1575656267218117,0.6482808108042516,11870.7764910304,True
1,90,105,15,0.9761424988828464,1.4500535194165614,0.6731768764477079,11453.737075732095,True
1,90,106,16,1.0123087703435434,1.546999339195532,0.6543692325492282,12372.10135748976,True
1,90,107,17,1.0841173869863139,1.6424875386950788,0.6600460347161123,12036.613954929351,True
1,90,108,18,1.1400523219385867,1.739080786598693,0.6555487995289221,11702.401377495133,True
1,90,109,19,1.2086047970139506,1.8359242012300068,0.6583086579523417,11344.031624603309,True
1,93,96,3,0.19523110198836188,0.2838547163101428,0.6877853027287741,13133.930104884828,True
1,93,97,4,0.256975386343625,0.3836246907100486,0.6698614363637304,13590.641375593721,True
1,93,98,5,0.3231270030991435,0.47749540307333477,0.6767122804101989,14074.618378485437,True
1,93,99,6,0.388910567483607,0.5732310043965766,0.6784534759996133,14476.273001017908,True
1,93,100,7,0.44695086969116693,0.6661616054497873,0.6709345991043556,14709.8648532201,True
1,93,101,8,0.5100156734028165,0.765385645565918,0.6663512392183895,14887.263852031374,True
1,93,102,9,0.564833106471449,0.8655852604771708,0.6525447373723459,13541.102263109899,True
1,93,105,12,0.7900981269146813,1.1580682519691423,0.6822552345867557,13065.381624736416,True
1,93,106,13,0.824505027072814,1.2550183723315078,0.656966499654576,14112.968079039929,True
1,93,107,14,0.896296363129955,1.3505135292817778,0.6636707768537632,13730.274560255522,True
1,93,108,15,0.9522568651799938,1.447103699304802,0.6580432802690395,13349.035246039319,True
1,93,109,16,1.0207900074395597,1.5439477921741245,0.6611557804050646,12940.23962297453,True
1,94,97,3,0.19186355764383095,0.28707389130175964,0.6683420661273313,14175.093227206655,True
1,94,98,4,0.2579593593663528,0.3811420628806811,0.6768063262729115,14679.883173922059,True
1,94,99,5,0.32374336765446216,0.47655967349550904,0.6793343743918631,15098.810549179032,True
1,94,100,6,0.38176991267575205,0.5694329886643358,0.6704387000325236,15342.447783844662,True
1,94,101,7,0.444840552671018,0.6686401743890952,0.6652913924555127,15527.475648024698,True
1,94,102,8,0.4996507137378477,0.7687899362541288,0.6499183849522774,14123.423735058012,True
1,94,105,11,0.7248043108050288,1.0612628290443713,0.6829640037969565,13627.245209505845,True
1,94,106,12,0.7592759517598193,1.1582039567302043,0.6555632514875681,14719.882064744948,True
1,94,107,13,0.8310831837685483,1.2536965306821481,0.6629061845743068,14320.731196415914,True
1,94,108,14,0.8870201142522697,1.3502856879863476,0.6569129200910542,13923.097069258692,True
1,94,109,15,0.955569597206474,1.4471290849370797,0.6603209120408368,13496.721601929856,True
1,95,98,3,0.19400088251139522,0.28202359031235835,0.6878888475128176,15442.77476686104,True
1,95,99,4,0.2597704187776109,0.3775816412863998,0.6879847703733355,15883.47317182234,True
1,95,100,5,0.3178882213105014,0.47054335824336363,0.6755768958194295,16139.77186951538,True
1,95,101,6,0.3809738543501068,0.5697789521491683,0.6686344816934686,16334.415355316516,True
1,95,102,7,0.4375675576991889,0.6700925694504578,0.6529956869362655,14857.396962456109,True
1,95,105,10,0.6620255321755045,0.9625926222039104,0.6877525517074498,14335.432780352325,True
1,95,106,11,0.6954163690847321,1.0595793083624285,0.6563136554256545,15484.85234027112,True
1,95,107,12,0.76721626543018,1.1550856399648521,0.6642072577869857,15064.958197751495,True
1,95,108,13,0.8231692183890437,1.2516765573158366,0.6576532999501825,14646.65961917597,True
1,95,109,14,0.8917173719737812,1.348521261325628,0.661255701001853,14198.12605592724,True
1,96,99,3,0.19401324620018495,0.29003218532671377,0.6689369525717777,16621.23942430287,True
1,96,100,4,0.2523190859921641,0.38258260040486214,0.6595153196333323,16889.442856411813,True
1,96,101,5,0.31540994296395386,0.4817528322958311,0.6547132093875668,17093.127273848982,True
1,96,102,6,0.37332069874685225,0.5818199330042609,0.6416430197212206,15547.503336548927,True
1,96,105,9,0.5968183574980606,0.8742733821189879,0.6826450052174116,15001.294610799428,True
1,96,106,10,0.6296911242486112,0.9712140222516796,0.6483546466809903,16204.103184070385,True
1,96,107,11,0.7015000166855562,1.0667104894325563,0.6576292477059298,15764.705515803333,True
1,96,108,12,0.75743454734455,1.1632954586447088,0.6511110670259085,15326.977523308371,True
1,96,109,13,0.8260056945295999,1.2601381506556983,0.6554882050827502,14857.610171222019,True
1,97,100,3,0.19000938979493626,0.283162454474467,0.6710260728159834,17476.746035804263,True
1,97,101,4,0.25305078855048874,0.38226050681300505,0.6619851751367991,17687.51325087843,True
1,97,102,5,0.31364129467523727,0.4825962202319669,0.649904167348184,16088.142729973526,True
1,97,105,8,0.5365508759928843,0.7750393527581761,0.6922885581015087,15522.940475309439,True
1,97,106,9,0.5675737614112212,0.8720143219679773,0.6508766508906765,16767.57477991376,True
1,97,107,10,0.63934594072342,0.9674988383966702,0.6608234711505576,16312.897765265374,True
1,97,108,11,0.6953256981029409,1.064089480614976,0.6534466421950594,15859.948486675485,True
1,97,109,12,0.763836374996037,1.1609259149956543,0.6579544526740074,15374.259640711158,True
1,98,101,3,0.18704053578815116,0.2900148423057691,0.6449343568111253,18317.38416095486,True
1,98,102,4,0.250287695777068,0.3903931282567217,0.641117062932725,16661.058377246027,True
1,98,105,7,0.4711604085739882,0.6824784042861551,0.6903667656221342,16075.728677108233,True
1,98,106,8,0.5014292612238617,0.7794305410081674,0.6433277050900259,17364.685715555002,True
1,98,107,9,0.5732254822585079,0.8748623378699317,0.6552179210893531,16893.817175227156,True
1,98,108,10,0.6291838925722479,0.9714206440005115,0.6476945867457976,16424.737897452123,True
1,98,109,11,0.6977306221501198,1.0682221227836544,0.6531699796030439,15921.753161947965,True
1,99,102,3,0.19007514405750336,0.29300741699050387,0.6487042069097642,17136.523568098637,True
1,99,105,6,0.4071160855352535,0.5853689089150425,0.6954863494370186,16534.490013302497,True
1,99,106,7,0.4357048520115759,0.6823628088179293,0.6385237389569283,17860.23068160095,True
1,99,107,8,0.5075004155356374,0.7778476086460837,0.6524419563608214,17375.92472359385,True
1,99,108,9,0.5634561941189166,0.874429579216525,0.6443700070436368,16893.459089245163,True
1,99,109,10,0.6320089655819215,0.9712601277902735,0.6507102963444132,16376.120419684266,True
1,100,105,5,0.3514292327041346,0.4922005496511582,0.7139960183977979,16801.293640669457,True
1,100,106,6,0.37757384083508194,0.5892450757339571,0.6407755556799183,18148.42670867092,True
1,100,107,7,0.44934916236960154,0.6847635474769882,0.6562106934944608,17656.305899026556,True
1,100,108,8,0.5053292288917319,0.7813332158922457,0.6467525232684109,17166.05510884781,True
1,100,109,9,0.5738475975877789,0.87816654582724,0.6534610095482627,16640.36856562979,True
1,101,105,4,0.29199879580928445,0.3929729518214819,0.7430506208018419,17003.91499037795,True
1,101,106,5,0.3145489577370312,0.4900226305717246,0.6419070020705719,18367.294302645667,True
1,101,107,6,0.3862996262427998,0.5855353030664612,0.6597375499303633,17869.238581987764,True
1,101,108,7,0.44229793065652967,0.6821002480413254,0.6484353757773927,17373.07543297962,True
1,101,109,8,0.5107917190589747,0.7789294669293462,0.6557611962898134,16841.049180499416,True
1,102,105,3,0.22683089544009008,0.29250009938031507,0.7754899773389805,15466.357958485249,True
1,102,106,4,0.2782358534168663,0.3895011531859056,0.7143389721469365,16706.455458893728,True
1,102,107,5,0.3481678569696759,0.4850176005160263,0.7178458196140688,16253.43578293525,True
1,102,108,6,0.4017993962985707,0.5816010398088073,0.6908505466748414,15802.13754528165,True
1,102,109,7,0.4697083283586037,0.6784434789689533,0.692332291368517,15318.219078926897,True
1,105,108,3,0.19281112972984904,0.289137034458525,0.6668503399812888,15246.983111422403,True
1,105,109,4,0.2562592045345045,0.38596902442952497,0.6639372289350528,14780.065476850907,True
1,106,109,3,0.1963245085570944,0.28894421607635135,0.6794547100580035,15965.135827796768,True
2,103,106,3,0.17913516901587678,0.2915726531681743,0.6143757553029315,7051.142886085914,True
2,103,107,4,0.29803956194099174,0.38708616868527373,0.769956629949538,6793.921400781731,True
2,103,108,5,0.28449233900429716,0.4836715928569809,0.5881931939063041,6582.026435680732,True
2,103,109,6,0.33200535314111085,0.5805145885215081,0.5719156067837734,6426.305937317333,False
2,103,110,7,0.26076136858868154,0.4458536767739813,0.584858625537074,6690.949708374738,True
2,103,111,8,0.16776647030530237,0.3230185576392511,0.5193709969216843,7012.811704302348,False
2,103,112,9,0.16776647030530237,0.32301879263591154,0.519370619078498,7012.811704302348,False
2,103,113,10,0.1604873691698546,0.2283736660781614,0.7027402586554241,8234.231475978799,True
2,103,114,11,0.19876692398226956,0.30378244981761693,0.6543068044306182,9132.10162010914,True
2,104,107,3,0.2475497091540882,0.28941560062252386,0.8553433492238033,6434.003458189932,False
2,104,108,4,0.24395957803192506,0.3860084907288462,0.6320057301622825,6233.3339393939095,True
2,104,109,5,0.2788296308021954,0.4828527486005828,0.5774630704915881,6085.862962637263,False
2,104,110,6,0.1952702596503106,0.34873861591006405,0.5599330006536148,6336.486842091602,False
2,104,111,7,0.13815038756081782,0.23264750581745836,0.5938184769073537,6641.297727101232,True
2,104,112,8,0.13815038756081782,0.23264814144912171,0.5938168545009855,6641.297727101232,True
2,104,113,9,0.2044214090062294,0.2343037202799869,0.8724633512517476,7798.010996401583,False
2,104,114,10,0.26757817313833454,0.3490259945340915,0.7666425347359007,8648.315153831987,True
2,105,108,3,0.14696333593584013,0.289137034458525,0.5082826425575764,5934.299284667061,False
2,105,109,4,0.1904242725900864,0.38596902442952497,0.49336672255381064,5793.90300229474,False
2,105,110,5,0.12279349939128144,0.2544209207911306,0.4826391595842466,6032.5035847482095,False
2,105,113,8,0.1954450456158436,0.2828364981582975,0.6910177678216665,7423.913354828435,True
2,105,114,9,0.29865874422148314,0.41759639526009634,0.7151851587115978,8233.425471819126,True
2,106,109,3,0.1575830199600595,0.28894421607635135,0.5453752357459177,5547.600562405336,False
2,106,113,7,0.2393194387373953,0.34618775514099476,0.691299548246372,7108.3181555133,True
2,106,114,8,0.34226045626330875,0.49062304494830267,0.697603709787772,7883.4174061760805,True
2,107,111,4,0.13563574507469553,0.1380257521531033,0.9826843393995296,5833.06703201669,False
2,107,112,5,0.13563574507469553,0.13802856024028248,0.982664347426203,5833.06703201669,False
2,107,113,6,0.3028999064751647,0.4225606578614848,0.7168199425097809,6849.010950494969,True
2,107,114,7,0.4259136037210945,0.5707528468986319,0.7462312383292212,7595.835042969272,True
2,108,111,3,0.12975876121917368,0.21158335180257512,0.6132749108741288,5651.140061969797,True
2,108,112,4,0.12975876121917368,0.21158557285737922,0.6132684732084192,5651.140061969797,True
2,108,113,5,0.3013088724323562,0.5073415620458356,0.5938974745481912,6635.397802694274,True
2,108,114,6,0.42012985994035557,0.6568574579214362,0.6396058305706341,7358.929269941382,True
2,109,112,3,0.18108464774665348,0.29868846945374083,0.6062659468503482,5517.44288597535,True
2,109,113,4,0.3588282179911598,0.5958400483190418,0.6022223900583227,6478.414620877549,True
2,109,114,5,0.4776907292105289,0.7456466438803169,0.64063954841216,7184.8284600260295,True
2,110,113,3,0.2988209503185864,0.44810863564801234,0.6668493453299774,6745.2042963871745,True
2,110,114,4,0.41102411157681396,0.5979131265816835,0.6874311556373938,7480.709190979154,True
2,111,114,3,0.29723717926488336,0.4469810462874723,0.6649883294463399,7840.561842113102,True
7,121,124,3,2.4249718217938,0.6256813860254946,3.875729526169714,2520.067558618221,False
7,121,125,4,0.5598679268237059,0.8340649654389916,0.6712521806128517,2608.436313196088,True
7,121,126,5,0.6891374044317458,1.0427149789008592,0.6609067850527816,2709.7570924346705,True
7,121,127,6,0.7914123707612247,1.2515715126746554,0.6323349187374413,2819.6840248510116,True
7,121,128,7,0.9705333780463176,1.4600258738368062,0.6647371087307173,2968.870997534248,True
7,121,129,8,1.0790244230979786,1.6682540707101972,0.6467986154163101,3140.215756918623,True
7,121,130,9,1.1739576468252328,1.7441121832990487,0.6730975553445485,2998.571409855033,True
7,121,131,10,1.210141756925516,1.818682826157058,0.6653946139044975,2912.647249496581,True
7,121,132,11,1.1955537813159478,1.893146282561039,0.6315168523050466,2836.508064504665,True
7,121,133,12,1.2647607941725711,1.968250982250524,0.642581055758665,2793.4065225097474,True
7,121,134,13,1.3205587108860657,2.0332327072884913,0.6494872456813643,2816.3071565438313,True
7,121,135,14,1.342427260229464,2.0990493654233995,0.6395405855348633,2872.3460794270595,True
7,121,136,15,1.4157588074676721,2.1666874325159853,0.6534208793668382,2959.6415323481324,True
7,121,137,16,1.4588967488191216,2.2329763447050217,0.6533417840625818,3136.9943417226623,True
7,121,138,17,1.4958098082733478,2.2993085035514156,0.6505476781227846,3328.870979776777,True
7,121,139,18,1.5696251348677468,2.365682686850653,0.6634977478561723,3645.42096334566,True
7,122,125,3,0.5831008732484061,0.6258742642946106,0.9316581724375389,2630.8173634823074,False
7,122,126,4,0.7350879933209205,0.8345244874100651,0.8808465232724992,2733.007500904452,False
7,122,127,5,0.7903551706879888,1.0433803274209696,0.7574947983173028,2843.877634498362,True
7,122,128,6,1.0069515472412462,1.251834735388843,0.8043805773838577,2994.3446695395637,False
7,122,129,7,1.0839690502440864,1.460063514489303,0.7424122577456735,3167.1596107553532,True
7,122,130,8,1.2243664513158508,1.5359213971022867,0.7971543684629797,3024.299918989517,False
7,122,131,9,1.2538877980559697,1.6104917634172946,0.7785744867116559,2937.6385073728866,True
7,122,132,10,1.2122653700266512,1.6849554002350406,0.7194643667467684,2860.846028712486,True
7,122,133,11,1.3072480717094936,1.7600601932635074,0.7427291843272652,2817.3746644704534,True
7,122,134,12,1.356226150129555,1.825042044950715,0.7431204962547477,2840.471791797975,True
7,122,135,13,1.3619188222406418,1.8908585000788134,0.7202648015088783,2896.991542963148,True
7,122,136,14,1.4526033885757044,1.9584964138566627,0.7416931572089244,2985.0360131830907,True
7,122,137,15,1.4860242357038762,2.024785755942563,0.7339167767960287,3163.9105549936144,True
7,122,138,16,1.5279568327930535,2.091117582409012,0.7306891040688467,3357.4335436460988,True
7,122,139,17,1.604851986791796,2.1574918345960143,0.7438507812903501,3676.699606984503,True
7,123,126,3,0.5339582368406683,0.6259184858668377,0.8530795125841136,2798.0184506182227,False
7,123,127,4,0.5945496589001014,0.8347739064136029,0.7122283702594815,2911.5258886020574,True
7,123,128,5,0.8094234098881026,1.0432280558665212,0.7758834756565122,3065.572132571667,True
7,123,129,6,0.8930803864111211,1.2514554339306658,0.7136333921265312,3242.497879721743,True
7,123,130,7,1.0201416862300159,1.3273143611329743,0.768575791916573,3096.2399374079523,True
7,123,131,8,1.0465377091866375,1.4018847247121613,0.7465219434511745,3007.5170822457517,True
7,123,132,9,1.0138303929183936,1.4763479776139066,0.6867150619577912,2928.8979155989714,True
7,123,133,10,1.1035412993519735,1.551453096293314,0.7112953024416413,2884.3924836956567,True
7,123,134,11,1.1537180511695215,1.6164343656816929,0.7137425902739752,2908.0390299994256,True
7,123,135,12,1.1636666882253686,1.6822507774337192,0.6917319961061614,2965.9032351039373,True
7,123,136,13,1.25170798530739,1.7498888247915763,0.7153071484164013,3056.0420481400447,True
7,123,137,14,1.2858255782109012,1.8161780301443256,0.7079843258035232,3239.1715376003167,True
7,123,138,15,1.3273454040578996,1.8825104286247765,0.7050932541327596,3437.2979213329763,True
7,123,139,16,1.4029194405250096,1.9488844594706853,0.7198576774048683,3764.158471690585,True
7,124,127,3,2.0879096112167965,0.6258918165850803,3.3358953670437987,2986.8828232791457,False
7,124,128,4,2.114548754110017,0.8343460291414981,2.534378639382734,3144.9161356067984,False
7,124,129,5,2.066302847693586,1.042577226578112,1.9819182646790476,3326.4211248727966,False
7,124,130,6,2.19802203063341,1.1184320675768813,1.9652709309341378,3176.3776932222654,False
7,124,131,7,2.2274458073097447,1.1930030425981364,1.8670914723392376,3085.3584880852986,False
7,124,132,8,2.139899114658738,1.267466964860353,1.6883273284321914,3004.704477981154,False
7,124,133,9,2.2096573005486007,1.3425708468558073,1.6458403708999343,2959.047143929951,False
7,124,134,10,2.210338675096301,1.407553795753402,1.5703404599986914,2983.305716818174,False
7,124,135,11,2.172309830841101,1.4733708882494045,1.4743808556053022,3042.6675796083937,False
7,124,136,12,2.2239199066963704,1.541008869386539,1.443158408025057,3135.139390840541,False
7,124,137,13,2.2268110780671315,1.607297433392825,1.3854380849514472,3323.0086894258943,False
7,124,138,14,2.2448063171776798,1.673628452483609,1.3412811630003434,3526.2630361332945,False
7,124,139,15,2.2862959649782777,1.740002979334398,1.3139609484190955,3861.5834834948214,False
7,125,128,3,0.44925445179916673,0.6259617643166759,0.7177027055152326,3255.1958466427177,True
7,125,129,4,0.5461185369135675,0.8341895602575932,0.6546695894215327,3443.0654945847314,True
7,125,130,5,0.6695372544389485,0.9100476062390889,0.7357167359693564,3287.760636056098,True
7,125,131,6,0.7118533643106872,0.9846181690972571,0.7229740285651512,3193.549749103652,True
7,125,132,7,0.6771070983490628,1.059081347580564,0.6393343626491877,3110.067523382732,True
7,125,133,8,0.7582319861525133,1.134186336049652,0.6685250580547637,3062.8091680677726,True
7,125,134,9,0.8112347510005417,1.1991678046063892,0.6764981080081771,3087.918392704056,True
7,125,135,10,0.8245904675811797,1.264984449697362,0.6518581851171822,3149.36184011936,True
7,125,136,11,0.9040416362232885,1.332622586088465,0.6783928515551022,3245.0762702901143,True
7,125,137,12,0.9456782094981204,1.3989114979893154,0.6760100341282228,3439.533398587663,True
7,125,138,13,0.9837640525765047,1.465243732701156,0.6713995976375545,3649.915067504996,True
7,125,139,14,1.0609200052181134,1.5316177862328226,0.6926793451697628,3996.993870398102,True
7,126,129,3,0.39033956384113305,0.6255449220631584,0.6239992526095868,3576.8061870892584,True
7,126,130,4,0.4991738586564588,0.7013977950157408,0.7116843853854092,3415.4687452822636,True
7,126,131,5,0.5373793933780175,0.7759692164554667,0.6925266904693739,3317.5983783453958,True
7,126,132,6,0.5110491883894378,0.8504329457668539,0.6009282576989226,3230.873411323941,True
7,126,133,7,0.5881218921925709,0.9255365562574331,0.635438857834793,3181.779376386741,True
7,126,134,8,0.6420570907787962,0.9905197217760475,0.648202228247973,3207.8639310294943,True
7,126,135,9,0.6589828314698915,1.0563371597323747,0.6238375933275377,3271.6940566012586,True
7,126,136,10,0.7372260564250132,1.12397527277086,0.6559094975528952,3371.1263696278133,True
7,126,137,11,0.7786437665313244,1.1902632843753937,0.6541777577722461,3573.1368921439325,True
7,126,138,12,0.8168745567408308,1.2565942573465092,0.6500702609176221,3791.690520071489,True
7,126,139,13,0.8930292698530095,1.3229687428463817,0.6750191753825168,4152.251076223594,True
7,127,130,3,0.4367639453717057,0.49254228737996786,0.886754206821571,3554.0243386898746,False
7,127,131,4,0.4659694313028776,0.567111788820301,0.821653579574111,3452.1836567598775,False
7,127,132,5,0.4238096372148749,0.6415764054685107,0.6605754725431154,3361.9405110739244,True
7,127,133,6,0.5172805301372682,0.7166807985382966,0.721772553683991,3310.854874499938,True
7,127,134,7,0.5660886305363702,0.7816641331358366,0.7242095505461755,3337.997603354442,True
7,127,135,8,0.5739482019593811,0.8474803395420226,0.6772407278138654,3404.4171307288416,True
7,127,136,9,0.6623633213857644,0.9151177306915165,0.7238012106761869,3507.8831223403095,True
7,127,137,10,0.6973272259410251,0.981407854117267,0.71053764550136,3718.0886218593555,True
7,127,138,11,0.7384696942092009,1.0477377086865924,0.7048230564641229,3945.5083322684795,True
7,127,139,12,0.8154382011004871,1.1141123509744189,0.7319173873149266,4320.69577730254,True
7,128,131,3,0.2670582463852864,0.35865730056899026,0.7446056331813491,3634.8356221430427,True
7,128,132,4,0.23684129391401584,0.4331222559329177,0.5468231906113317,3539.8177919209343,False
7,128,133,5,0.30920124334582477,0.5082265519100223,0.6083925410504064,3486.0292597739335,True
7,128,134,6,0.3623592536803592,0.5732103291915694,0.63215757851296,3514.6080862594054,True
7,128,135,7,0.3795484460229537,0.6390264099550825,0.5939479810382677,3584.541811724338,True
7,128,136,8,0.4551678551605058,0.7066636344826026,0.6441082191724294,3693.482096883644,True
7,128,137,9,0.4979236437677101,0.77295389722894,0.6441828491359955,3914.8093823326826,True
7,128,138,10,0.5352279636372763,0.8392832229451654,0.6377203177719727,4154.261667252076,True
7,128,139,11,0.6120106921019054,0.9056579104759692,0.675763646540958,4549.29994614556,True
7,129,132,3,0.14018238635542998,0.22489841997128382,0.6233142339253837,3744.1140474082786,True
7,129,133,4,0.24259325418150332,0.30000704626450386,0.8086251879818144,3687.2211758992707,False
7,129,134,5,0.2835853946702489,0.3649808272822515,0.776987100341419,3717.4493944100973,True
7,129,135,6,0.28377443370379357,0.43079651642176975,0.6587203537782679,3791.4192593275675,True
7,129,136,7,0.3740894029080528,0.4984355126690093,0.7505271863653711,3906.6468998362266,True
7,129,137,8,0.4076475802803693,0.5647238137284483,0.7218530020701229,4140.747818933193,True
7,129,138,9,0.44842222036297663,0.631059410602835,0.7105863771758197,4394.019799682291,True
7,129,139,10,0.5263819526360604,0.6974316380087416,0.754743438566896,4811.857229802231,True
7,130,134,4,0.15200356748580893,0.2891238552392094,0.5257385882602018,3549.7680205895144,False
7,130,135,5,0.188614948587855,0.3549419516861284,0.531396606379866,3620.401358965605,False
7,130,136,6,0.2423446551314968,0.42257981435478015,0.5734884793338342,3730.4314763844677,False
7,130,137,7,0.29028240172371483,0.4888667365072639,0.59378636353468,3953.9729070897793,True
7,130,138,8,0.32361376078964554,0.5551965203426856,0.5828814643685094,4195.820658703134,True
7,130,139,9,0.3976485237081751,0.6215709824826736,0.639747566914869,4594.810877500836,True
7,131,135,4,0.15053390922888868,0.28037104544832353,0.5369096120042619,3516.6586413810483,False
7,131,136,5,0.2124311496116013,0.34800749024008215,0.6104211994547878,3623.5358422402833,True
7,131,137,6,0.2514613230238878,0.4142981565207411,0.6069573785595612,3840.671686046596,True
7,131,138,7,0.2881960606823955,0.4806260723520383,0.5996263566644467,4075.5892825455317,True
7,131,139,8,0.36090484339745027,0.547000713377631,0.6597886155740599,4463.146423768774,True
7,132,135,3,0.15022698840768547,0.20590505200236883,0.7295935041261503,3424.73006235528,True
7,132,136,4,0.24376716454746433,0.2735431279585769,0.8911470975954418,3528.8133982969402,False
7,132,137,5,0.273830100030875,0.3398317886582778,0.8057812987772852,3740.273118369834,False
7,132,138,6,0.31589722777480955,0.40616285641006245,0.7777600112598169,3969.04976033307,True
7,132,139,7,0.3928989308693671,0.47253650923992935,0.8314678827702465,4346.475813805939,False
7,133,136,3,0.15140738990223931,0.19844692377198284,0.7629616374210348,3475.192081022285,True
7,133,137,4,0.19697415946035002,0.2647301967680546,0.7440562575221839,3683.438610863496,True
7,133,138,5,0.2312160485313041,0.33105788301407496,0.6984157768008017,3908.7389270709805,True
7,133,139,6,0.3056734135341182,0.3974324116961517,0.7691204958085154,4280.429884953146,True
7,134,137,3,0.1391119458576856,0.19974381627132787,0.6964518274183709,3713.6358195170405,True
7,134,138,4,0.1755907160484733,0.2660798025215993,0.6599174923629144,3940.783170893826,True
7,134,139,5,0.25112413358744207,0.33245125200899217,0.7553712975057457,4315.521289485199,True
7,135,138,3,0.16808144493977126,0.20026670912506822,0.8392879958635712,4019.1969347122067,False
7,135,139,4,0.24489727174840717,0.26663648158122705,0.9184687342710929,4401.391598119849,False
7,136,139,3,0.1575705728598836,0.19900090598786865,0.7918083190510163,4535.157329134238,False
6,130,133,3,0.19905209461370904,0.22413881182926879,0.8880750861003546,4795.968385008392,False
6,130,134,4,0.2501947475771272,0.2891238552392094,0.8653549094734024,4666.981331653256,False
6,130,135,5,0.2816053497323337,0.3549419516861284,0.7933842376044477,4633.884817299628,False
6,130,136,6,0.3354153579345875,0.42257981435478015,0.7937325601950947,4677.007697235488,False
6,130,137,7,0.35248892606656085,0.4888667365072639,0.7210327472573363,4795.689314373899,True
6,130,138,8,0.4301687607385182,0.5551965203426856,0.7748044971049238,5011.8481621054725,True
6,130,139,9,0.4751104385088978,0.6215709824826736,0.764370364606172,5306.0396248049265,True
6,130,140,10,0.4893294447335133,0.6871103392854214,0.7121555545829865,5701.67771362079,True
6,130,141,11,0.5407623251584925,0.753253821078549,0.7179018679045003,6212.788021492444,True
6,130,142,12,0.5407623251584925,0.7532535961699153,0.7179020822577129,6212.788021492444,True
6,131,134,3,0.16836913044376134,0.21455622064625215,0.7847319920933851,4449.418051835543,False
6,131,135,4,0.2032477227167312,0.28037104544832353,0.7249240819134183,4417.8644162083565,True
6,131,136,5,0.25476843823031053,0.34800749024008215,0.7320774563057588,4458.977012723883,True
6,131,137,6,0.2752953541407238,0.4142981565207411,0.6644860707386268,4572.12598251623,True
6,131,138,7,0.3670394478890712,0.4806260723520383,0.7636694490852138,4778.208032306672,True
6,131,139,8,0.39715708183047593,0.547000713377631,0.7260631880680783,5058.685006995395,True
6,131,140,9,0.41780024157118545,0.6125433408014824,0.6820745794485573,5435.87941367356,True
6,131,141,10,0.4666768082819378,0.6786850346855238,0.6876191229090202,5923.163006367459,True
6,131,142,11,0.4666768082819378,0.678684797785859,0.6876193629272735,5923.163006367459,True
6,132,135,3,0.17478142139399824,0.20590505200236883,0.8488447451594703,4267.310628487221,False
6,132,136,4,0.2117645120283027,0.2735431279585769,0.7741540195459438,4307.022173149333,True
6,132,137,5,0.22757016756775592,0.3398317886582778,0.6696553270259011,4416.3152061418805,True
6,132,138,6,0.3467103036517356,0.40616285641006245,0.8536238559975473,4615.374307680798,False
6,132,139,7,0.3503440528448404,0.47253650923992935,0.7414116073451459,4886.29307348628,True
6,132,140,8,0.35965681514337566,0.5380792217859309,0.6684086665707774,5250.633295136883,True
6,132,141,9,0.41156860918028554,0.6042212241918117,0.6811554985192508,5721.3110385645,True
6,132,142,10,0.41156860918028554,0.6042209969775817,0.6811557546643086,5721.3110385645,True
6,133,136,3,0.15925656670654464,0.19844692377198284,0.8025146657830371,4189.928281009115,False
6,133,137,4,0.17959452538521126,0.2647301967680546,0.678405892405861,4296.249992726215,True
6,133,138,5,0.24637021221729924,0.33105788301407496,0.7441907438489382,4489.897326220278,True
6,133,139,6,0.29369695969414716,0.3974324116961517,0.7389859283009026,4753.450693969592,True
6,133,140,7,0.33656432481019066,0.462972406668925,0.7269641126817096,5107.885692730408,True
6,133,141,8,0.3759547750776629,0.5291151277629053,0.7105349201925049,5565.767242707873,True
6,133,142,9,0.3759547750776629,0.5291149001348419,0.7105352258684323,5565.767242707873,True
6,134,137,3,0.12063344423816812,0.19974381627132787,0.6039408202469815,4180.7028117291475,True
6,134,138,4,0.27031750699081847,0.2660798025215993,1.015926441725599,4369.142021037997,False
6,134,139,5,0.23669014726345644,0.33245125200899217,0.7119544469546905,4625.607149337263,True
6,134,140,6,0.26772316899063053,0.39799396585929175,0.672681477500798,4970.5096569667785,True
6,134,141,7,0.31007427816550065,0.4641359722616055,0.6680677575034637,5416.076531955581,True
6,134,142,8,0.31007427816550065,0.4641357588414499,0.6680680646961806,5416.076531955581,True
6,135,138,3,0.19371648390675136,0.20026670912506822,0.9672924908641396,4338.157673483065,False
6,135,139,4,0.20652541007602832,0.26663648158122705,0.7745579631537152,4592.804045460682,True
6,135,140,5,0.260458771803281,0.33218588017966383,0.7840753847286074,4935.260631415528,False
6,135,141,6,0.29365934054224674,0.39832390279727203,0.7372375558684596,5377.667710076554,True
6,135,142,7,0.29365934054224674,0.39832367436711386,0.7372379786585229,5377.667710076554,True
6,136,139,3,0.1465346624068487,0.19900090598786865,0.7363517350809531,4635.544628196346,True
6,136,140,4,0.1951701646642738,0.2645565055893477,0.7377258186469344,4981.188111284295,True
6,136,141,5,0.22803488860289634,0.3306897261768603,0.6895735505279597,5427.7122252381805,True
6,136,142,6,0.22803488860289634,0.3306894771073258,0.6895740699027059,5427.7122252381805,True
6,137,140,3,0.1607777437197526,0.19825628856222832,0.810959111994513,5107.588472067811,False
6,137,141,4,0.19703405032109064,0.2643953973598892,0.7452249634016594,5565.443378563832,True
6,137,142,5,0.19703405032109064,0.2643951994365533,0.7452255212688638,5565.443378563832,True
6,138,141,3,0.29279304545853185,0.1980608065321176,1.4782987638245957,5816.297791550911,False
6,138,142,4,0.29279304545853185,0.19806054133186174,1.4783007432456745,5816.297791550911,False
8,134,137,3,0.9567307684235783,0.19974381627132787,4.789789172366543,3403.2854714231657,False
8,134,138,4,1.3829201742634687,0.2660798025215993,5.197388757649911,3340.261666396811,False
8,134,139,5,1.218703503461096,0.33245125200899217,3.665811141021458,3357.7555003305406,False
8,134,140,6,1.2304469280416257,0.39799396585929175,3.0916220686537805,3410.280926844591,False
8,134,141,7,1.386670728222162,0.4641359722616055,2.9876389917922137,3482.8850110217536,False
8,134,142,8,1.386670728222162,0.4641357588414499,2.987640365576427,3482.8850110217536,False
8,134,143,9,1.3643765189687858,0.7530694526309532,1.8117539015852338,3765.1119505268366,False
8,134,144,10,1.227631265313926,0.9759802283049074,1.2578444006453786,3939.6180017864676,False
8,134,145,11,1.1920623006943798,1.1992158070037604,0.9940348465492181,4123.6066737747915,False
8,134,146,12,1.5456441755085593,1.4224384036069389,1.0866158925329927,4342.015430649689,False
8,134,147,13,1.5419792395448526,1.6473790688509,0.9360196864832286,4641.565253230854,False
8,134,148,14,1.576069475404946,1.8696400799880604,0.8429801501768249,4923.728465299442,False
8,134,149,15,1.6517331609858414,2.0931161710270016,0.7891263675897202,5268.616706498965,False
8,134,150,16,1.7960471536489084,2.316587545766604,0.7752986313558727,5676.167545095898,True
8,134,151,17,1.879776668413043,2.538814254022104,0.7404152018742671,6161.523837493449,True
8,134,152,18,1.997632202280136,2.761881101083652,0.7232868212524952,6754.1409520382385,True
8,134,153,19,2.118746147632371,2.986687982988468,0.7093965488528742,7492.016951395665,True
8,134,154,20,2.2456845851138145,3.2109932521900912,0.6993738101386922,8400.981014143526,True
8,135,138,3,0.16247128786196885,0.20026670912506822,0.8112745676591918,3129.6937549862605,False
8,135,139,4,0.21892833530785744,0.26663648158122705,0.8210741981350516,3146.0847890671985,False
8,135,140,5,0.25374930433277104,0.33218588017966383,0.7638774537783782,3195.299047037695,True
8,135,141,6,0.3154653868040917,0.39832390279727203,0.7919820643167593,3263.3262172207055,False
8,135,142,7,0.3154653868040917,0.39832367436711386,0.7919825185016343,3263.3262172207055,False
8,135,143,8,0.4577668605387604,0.687255129632694,0.6660799473165309,3527.7617549942343,True
8,135,144,9,0.6672145084328037,0.9101646993003858,0.7330700794544877,3691.267058883711,True
8,135,145,10,0.7312550400707108,1.1333977125715229,0.6451883852946855,3863.6572052913803,True
8,135,146,11,0.8936630751971193,1.356621210964581,0.6587417828751988,4068.297616940039,True
8,135,147,12,1.0704979423745522,1.581563441859582,0.6768605760865808,4348.964014567147,True
8,135,148,13,1.2131185703765563,1.8038238882766309,0.6725260588136278,4613.33984224011,True
8,135,149,14,1.367903582603635,2.0273016126202457,0.6747410321622779,4936.486554220522,True
8,135,150,15,1.5002797131310381,2.250772902948475,0.6665620112831893,5318.34565443052,True
8,135,151,16,1.6580038548572051,2.472999623725607,0.6704424209977842,5773.105403506851,True
8,135,152,17,1.8050064740254474,2.6960670143039644,0.6694961454774672,6328.364322635036,True
8,135,153,18,1.9601055870356532,2.9208729015236132,0.6710684282130881,7019.725101455185,True
8,135,154,19,2.115062384476278,3.145178150765753,0.672477768536363,7871.388664016026,True
8,136,139,3,0.13679622153552828,0.19900090598786865,0.687415069074447,2984.257654761063,True
8,136,140,4,0.3047381942072697,0.2645565055893477,1.1518831998797763,3030.9404481117735,False
8,136,141,5,0.2667554495844336,0.3306897261768603,0.8066638557793198,3095.468462123302,False
8,136,142,6,0.2667554495844336,0.3306894771073258,0.8066644633444373,3095.468462123302,False
8,136,143,7,0.41918822348821855,0.619618694743075,0.6765261071763418,3346.3020634724535,True
8,136,144,8,0.5826470271595023,0.8425269467671017,0.6915470530589005,3501.397042610278,True
8,136,145,9,0.7079829483139528,1.0657584443519943,0.6642996375641412,3664.919849055365,True
8,136,146,10,0.8500489169458678,1.2889821016709404,0.6594730181621046,3859.0340436435645,True
8,136,147,11,1.0099097759005242,1.513925901876581,0.6670800563281826,4125.263627939432,True
8,136,148,12,1.1480035180653945,1.7361858265878947,0.6612215699983867,4376.0405905338675,True
8,136,149,13,1.3002126967790608,1.9596644958280645,0.6634873977393005,4682.5654026398815,True
8,136,150,14,1.4366568271252924,2.183135945369193,0.658070254476222,5044.782577079016,True
8,136,151,15,1.5912582197462346,2.405362421965882,0.6615461375860827,5476.150564036749,True
8,136,152,16,1.7383517720700319,2.6284300048197617,0.6613650616080359,6002.848282274007,True
8,136,153,17,1.8929051992903856,2.853235482148432,0.6634241061186664,6658.6471035789245,True
8,136,154,18,2.0473898099413272,3.0775407800376864,0.6652681333165813,7466.503113908143,True
8,137,140,3,0.3309707932087533,0.19825628856222832,1.6694088021569553,2921.9938398292356,False
8,137,141,4,0.5352647033397175,0.2643953973598892,2.0244857084676364,2984.2024060039894,False
8,137,142,5,0.5352647033397175,0.2643951994365533,2.0244872239753526,2984.2024060039894,False
8,137,143,6,0.5890485552466903,0.5533267893238412,1.0645581717930208,3226.0198387486707,False
8,137,144,7,0.6616391668315614,0.7762381735479473,0.8523661800957445,3375.5399568069106,False
8,137,145,8,0.6621568811603222,0.999474921343634,0.6625047482633765,3533.1849654384073,True
8,137,146,9,0.9685188100576736,1.222697607035991,0.7921163863283529,3720.3217602782693,False
8,137,147,10,1.0956440092590594,1.447635892416226,0.7568505416305598,3976.981770136745,True
8,137,148,11,1.2135778137703814,1.6698972316461451,0.726738023617217,4218.744599996544,True
8,137,149,12,1.3557568650617906,1.8933732158891698,0.7160536832803444,4514.251432962059,True
8,137,150,13,1.502269087826013,2.1168442429942336,0.7096738897053113,4863.448776331463,True
8,137,151,14,1.6466909352271815,2.339071267963697,0.7039934856968789,5279.311318723305,True
8,137,152,15,1.7928323248258924,2.5621384035229147,0.6997406238323293,5787.076982380656,True
8,137,153,16,1.9450745923528934,2.7869448282493647,0.6979236089057074,6419.303233217761,True
8,137,154,17,2.0981723550987157,3.0112499936168318,0.6967778695048124,7198.121004817855,True
8,138,141,3,0.1652979536891381,0.1980608065321176,0.8345818467740781,2928.9393984853973,False
8,138,142,4,0.1652979536891381,0.19806054133186174,0.8345829642673346,2928.9393984853973,False
8,138,143,5,0.3324036322885838,0.48699325861569154,0.682563108231645,3166.2787306236955,True
8,138,144,6,0.5562864229141367,0.7099022809819076,0.783609854224872,3313.029957606783,False
8,138,145,7,0.6665596456360003,0.9331386878782305,0.7143200194085005,3467.755614226585,True
8,138,146,8,0.7635617863425166,1.1563598253259189,0.6603150417538135,3651.426912865709,True
8,138,147,9,0.9426243735412639,1.3813025576410476,0.6824170188688083,3903.3339595786574,True
8,138,148,10,1.087909433461621,1.603562861212981,0.6784326700100145,4140.619699996608,True
8,138,149,11,1.2431078398156419,1.8270393749833558,0.680394662992398,4430.654184203502,True
8,138,150,12,1.3718170250494661,2.0505115534633775,0.669012092486104,4773.384910103102,True
8,138,151,13,1.5305079043874155,2.2727373999094125,0.673420477195658,5181.546294302503,True
8,138,152,14,1.6767317581271817,2.49580409992245,0.6718202595224847,5679.908890114348,True
8,138,153,15,1.8314516312552793,2.720611198774743,0.6731765391835827,6300.427247417432,True
8,138,154,16,1.985935117784483,2.9449167066868247,0.6743603692678823,7064.822467691598,True
8,139,142,3,0.20162620794907474,0.13168884086309537,1.5310804364865414,2944.279028896548,False
8,139,143,4,0.3097719628353776,0.4206192354941276,0.7364664682333636,3182.8613698997324,True
8,139,144,5,0.46035250431867225,0.6435290553875623,0.7153562072522539,3330.381171878078,True
8,139,145,6,0.5724708018641511,0.8667656867972056,0.6604677718375004,3485.917167690592,True
8,139,146,7,0.7353979396007123,1.0899875470795264,0.6746847168769141,3670.5504015065644,True
8,139,147,8,0.8902793427320254,1.314928497798595,0.6770553259911077,3923.7767520591688,True
8,139,148,9,1.0264756181413117,1.5371891361059058,0.6677614315839088,4162.3052206679895,True
8,139,149,10,1.1784769038619622,1.7606658619929816,0.6693359196094074,4453.8586921904025,True
8,139,150,11,1.3166995310789773,1.9841376005593243,0.6636130128816683,4798.384389562803,True
8,139,151,12,1.4707470546515637,2.206363911936065,0.6665931429965223,5208.683422900647,True
8,139,152,13,1.6182105524671764,2.429430977900426,0.66608624290519,5709.6560754567345,True
8,139,153,14,1.7729604848407647,2.6542375159287084,0.6679735608440498,6333.424251540394,True
8,139,154,15,1.9277141339756039,2.8785428990716504,0.6696840038747746,7101.822811785718,True
8,140,143,3,0.34287443945721174,0.3550819141105033,0.9656206802763473,3232.650924550933,False
8,140,144,4,0.537374628955894,0.5779942414261453,0.9297231536943582,3382.4783813056365,False
8,140,145,5,0.5052289557850168,0.8012387250383823,0.63055983191628,3540.4474293512676,True
8,140,146,6,0.7419694147479053,1.0244566559344235,0.7242565221767661,3727.9688839903156,True
8,140,147,7,0.9129675071205777,1.2493911468632977,0.7307299314651461,3985.156458660061,True
8,140,148,8,1.0500699111983633,1.471653085425719,0.7135308732727589,4227.416232168297,True
8,140,149,9,1.2026384434851354,1.6951255198513178,0.7094686673059,4523.530479614346,True
8,140,150,10,1.335625592822784,1.9185972321242757,0.6961469403059526,4873.445598342101,True
8,140,151,11,1.49150290190721,2.140823514097882,0.6966958705775014,5290.162946450704,True
8,140,152,12,1.6379484848586645,2.3638894369115238,0.6929040162718787,5798.97232274823,True
8,140,153,13,1.7924811220152752,2.588697920498375,0.6924257588425718,6432.498115040532,True
8,140,154,14,1.9472045329953358,2.813003255170783,0.6922155278050388,7212.91674705871,True
8,141,144,3,0.41359568032387606,0.5118465764207325,0.8080461985622519,3454.490555783877,False
8,141,145,4,0.5534547274821529,0.7350890634185407,0.7529083957640518,3615.8227279555617,True
8,141,146,5,0.602737759429065,0.9583079927455064,0.6289603801615494,3807.336470552609,True
8,141,147,6,0.7800982805375108,1.1832453109188195,0.659287024709817,4069.9995085994788,True
8,141,148,7,0.9261093347028185,1.405506625205368,0.6589149550024344,4317.416936085742,True
8,141,149,8,1.0812906652667855,1.6289809576478884,0.6637834900342103,4619.835386677755,True
8,141,150,9,1.2084783507083892,1.852452917175233,0.6523665673247839,4977.200116531381,True
8,141,151,10,1.367367703223874,2.074679031039387,0.6590743352425175,5402.789279622147,True
8,141,152,11,1.513259806787642,2.297745455407472,0.658584615291639,5922.431088666208,True
8,141,153,12,1.6678068130670975,2.5225531536208936,0.6611582438503284,6569.44449706366,True
8,141,154,13,1.822114370225887,2.746858581168749,0.6633448051230229,7366.4780594256845,True
8,142,145,3,0.5534547274821529,0.7350892294415465,0.7529082257165121,3615.8227279555617,True
8,142,146,4,0.602737759429065,0.9583081623741446,0.6289602688302501,3807.336470552609,True
8,142,147,5,0.7800982805375108,1.1832455240726776,0.6592869059436184,4069.9995085994788,True
8,142,148,6,0.9261093347028185,1.4055068291159019,0.6589148594072388,4317.416936085742,True
8,142,149,7,1.0812906652667855,1.6289811758140211,0.6637834011350388,4619.835386677755,True
8,142,150,8,1.2084783507083892,1.852453141175278,0.6523664884401217,4977.200116531381,True
8,142,151,9,1.367367703223874,2.074679249024709,0.6590742659939667,5402.789279622147,True
8,142,152,10,1.513259806787642,2.2977456740740934,0.65858455261696,5922.431088666208,True
8,142,153,11,1.6678068130670975,2.5225533705812797,0.6611581869852687,6569.44449706366,True
8,142,154,12,1.822114370225887,2.746858799888108,0.6633447523040172,7366.4780594256845,True
8,143,146,3,0.43688255533594883,0.6693770944777424,0.6526703093669658,4115.85452852746,True
8,143,147,4,0.6164649688612059,0.8943102655348234,0.6893189004070551,4399.801813718432,True
8,143,148,5,0.7629591092200232,1.1165717823007415,0.6833050246424058,4667.268098149066,True
8,143,149,6,0.919120325332813,1.3400467788122719,0.6858867465413856,4994.192277035397,True
8,143,150,7,1.0462632691969243,1.5635184935284252,0.6691723017844194,5380.515170501799,True
8,143,151,8,1.2058362618803249,1.7857448549745236,0.6752567470774138,5840.590894763988,True
8,143,152,9,1.3520708939591302,2.0088119443877837,0.6730699196291341,6402.340587628872,True
8,143,153,10,1.5070204009676766,2.2336186253322623,0.6746990662936022,7101.783121160488,True
8,143,154,11,1.6617701651479941,2.457923992670988,0.6760868806777764,7963.402319360739,True
8,144,147,3,0.462509989836999,0.6714010966960353,0.6888728542640317,4603.7245790772495,True
8,144,148,4,0.582390765645399,0.8936608012219762,0.6516910721036976,4883.587436506077,True
8,144,149,5,0.7284115435085023,1.11713835627153,0.6520334204078261,5225.663953030275,True
8,144,150,6,0.8726884751317521,1.3406108783833037,0.6509632953181478,5629.892205895242,True
8,144,151,7,1.0209214502998254,1.5628361106974467,0.6532492072020392,6111.291598344821,True
8,144,152,8,1.1681032108717848,1.785903586492915,0.6540684613135576,6699.077361846182,True
8,144,153,9,1.3218630610384425,2.0107094102215477,0.657411286941157,7430.937777292985,True
8,144,154,10,1.475946975433991,2.2350149929807324,0.6603745299558779,8332.491449140527,True
8,145,148,3,0.6206084833368211,0.670434767781142,0.9256806376417127,5111.661520484313,False
8,145,149,4,0.7578776735850713,0.8939236573013797,0.8478102882666618,5469.713749365683,False
8,145,150,5,0.8916670947957979,1.1173941301088308,0.7979879889909143,5892.820334949981,False
8,145,151,6,1.0371165368785553,1.339617168330091,0.774188746902505,6396.70211906104,True
8,145,152,7,1.180193891495253,1.562686563439612,0.7552339151733289,7011.938747593279,True
8,145,153,8,1.3313211726262832,1.7874862933904505,0.7448007727662477,7777.978625581328,True
8,145,154,9,1.4837423234314158,2.0117914333954037,0.7375229354303531,8721.636801655983,True
8,146,149,3,0.5209279391359181,0.6707051224868881,0.7766869845937429,5759.419697330626,True
8,146,150,4,0.6280179985298158,0.8941765502524291,0.702342281680865,6204.9363211881555,True
8,146,151,5,0.7909011257859475,1.11639571513504,0.7084415633844309,6735.506439756405,True
8,146,152,6,0.9336316662826378,1.3394638075367098,0.6970189571598786,7383.329364182529,True
8,146,153,7,1.087179351616132,1.5642645072751642,0.6950099209947044,8189.942902731374,True
8,146,154,8,1.2407435064546282,1.788569980579284,0.6937069949327757,9183.582375630982,True
8,147,150,3,0.42999076933626634,0.6692117430600236,0.6425332098479019,6633.006558115257,True
8,147,151,4,0.5895161964821581,0.8914380521420072,0.6613092127553104,7200.179997750056,True
8,147,152,5,0.7356063061782084,1.1145078260842742,0.6600279414481071,7892.695357100767,True
8,147,153,6,0.8905735947464244,1.3393097570487866,0.6649496802807088,8754.956082128569,True
8,147,154,7,1.045376410419266,1.5636149362298815,0.668563842796124,9817.145409944787,True
8,148,151,3,0.4451881761700118,0.6691832751538295,0.6652709245724552,7637.882756366453,True
8,148,152,4,0.5925595605923694,0.8922538704763862,0.6641154274578758,8372.496491489263,True
8,148,153,5,0.7476092746929078,1.117051838042616,0.6692699919843704,9287.174503044507,True
8,148,154,6,0.9026289948469414,1.341357060417735,0.6729222378460797,10413.93488312655,True
8,149,152,3,0.4408492025365789,0.6687663018692995,0.6591976917861156,8958.957668166537,True
8,149,153,4,0.5952827674774708,0.8935725836183619,0.6661828914523988,9937.705356368742,True
8,149,154,5,0.7500534014295703,1.1178781504475162,0.6709616796153536,11143.390967295369,True
8,150,153,3,0.4610251867787166,0.6701019791384596,0.6879925759530662,10706.430882885295,True
8,150,154,4,0.615689498593813,0.8944064518641928,0.6883777473994559,12005.381616175306,True
8,151,154,3,0.4574734697862116,0.672180949266572,0.6805808321187452,13031.934737405647,True
5,137,140,3,0.1379022625210891,0.19825628856222832,0.6955757293812377,4632.993093023127,True
5,137,141,4,0.17081343405152338,0.2643953973598892,0.6460529788232883,4581.429907790798,True
5,137,142,5,0.17081343405152338,0.2643951994365533,0.6460534624514366,4581.429907790798,True
5,137,143,6,0.3791683105225378,0.5533267893238412,0.6852520388284056,4806.245936279166,True
5,137,144,7,0.5589367638682474,0.7762381735479473,0.7200583312123371,5093.930211536079,True
5,137,145,8,0.6972457814258541,0.999474921343634,0.6976120826408718,5433.541662672699,True
5,137,146,9,0.824591857903509,1.222697607035991,0.6744037553998717,5812.379030999269,True
5,137,147,10,0.9726098993071182,1.447635892416226,0.6718608625292859,6296.8742245657095,True
5,137,148,11,1.1381239502197429,1.6698972316461451,0.6815532888199397,6849.762769614726,True
5,138,141,3,0.12814697407289208,0.1980608065321176,0.6470082411388733,4331.121794639352,True
5,138,142,4,0.12814697407289208,0.19806054133186174,0.6470091074737321,4331.121794639352,True
5,138,143,5,0.34600748677070764,0.48699325861569154,0.7104974876947071,4543.654916474181,True
5,138,144,6,0.521295676602516,0.7099022809819076,0.7343203291042836,4815.621455222576,True
5,138,145,7,0.6581675166231681,0.9331386878782305,0.7053265770383055,5136.678109439991,True
5,138,146,8,0.7870895104907049,1.1563598253259189,0.6806614111389285,5494.817558390815,True
5,138,147,9,0.9351218463893052,1.3813025576410476,0.6769855316754657,5952.842178321209,True
5,138,148,10,1.1002196104988398,1.603562861212981,0.6861094361256297,6475.523453744879,True
5,139,142,3,0.20523024678851717,0.13168884086309537,1.558448274306522,4163.811595161337,False
5,139,143,4,0.3070498143740523,0.4206192354941276,0.7299947041493283,4368.134613310354,True
5,139,144,5,0.5028539725180666,0.6435290553875623,0.7814005728385103,4629.595149686417,True
5,139,145,6,0.6442747773336324,0.8667656867972056,0.7433090478169463,4938.249462106993,True
5,139,146,7,0.7567073305044525,1.0899875470795264,0.6942348401428503,5282.554069765874,True
5,139,147,8,0.9017134285291007,1.314928497798595,0.6857509210871284,5722.885308129108,True
5,139,148,9,1.0682715470735062,1.5371891361059058,0.69495127306176,6225.375530841493,True
5,140,143,3,0.2569634654705946,0.3550819141105033,0.723673764444748,4241.391281171781,True
5,140,144,4,0.44816585555715505,0.5779942414261453,0.7753811775898473,4495.26542597876,True
5,140,145,5,0.5893227594910158,0.8012387250383823,0.7355145739651875,4794.963998822098,True
5,140,146,6,0.7089678926062466,1.0244566559344235,0.6920428390009195,5129.278458028965,True
5,140,147,7,0.855934907497537,1.2493911468632977,0.6850816172712878,5556.833293342531,True
5,140,148,8,1.0224200623834712,1.471653085425719,0.6947425806454284,6044.743542947045,True
5,141,144,3,0.39986107148909794,0.5118465764207325,0.7812127498932734,4445.235089396285,True
5,141,145,4,0.5335586836547181,0.7350890634185407,0.725842228115049,4741.598148304009,True
5,141,146,5,0.6644828622218649,0.9583079927455064,0.6933917563581552,5072.191833911647,True
5,141,147,6,0.812221974226978,1.1832453109188195,0.6864358275768423,5494.988171051872,True
5,141,148,7,0.9765452854388647,1.405506625205368,0.694799489327327,5977.468193139968,True
5,142,145,3,0.5335586836547181,0.7350892294415465,0.7258420641805174,4741.598148304009,True
5,142,146,4,0.6644828622218649,0.9583081623741446,0.6933916336219582,5072.191833911647,True
5,142,147,5,0.812221974226978,1.1832455240726776,0.6864357039199663,5494.988171051872,True
5,142,148,6,0.9765452854388647,1.4055068291159019,0.6947993885260134,5977.468193139968,True
5,143,146,3,0.4524175286810169,0.6693770944777424,0.6758784135480458,5321.090113877043,True
5,143,147,4,0.5992619492104013,0.8943102655348234,0.670082825060747,5764.633552967613,True
5,143,148,5,0.7657152330539334,1.1165717823007415,0.6857734049808657,6270.78942398802,True
5,144,147,3,0.41580684422830017,0.6714010966960353,0.6193121314136745,6109.683400144397,True
5,144,148,4,0.5802813203187731,0.8936608012219762,0.6493306179764252,6646.135907427713,True
5,145,148,3,0.44484417698466105,0.670434767781142,0.6635159725634587,7089.232645357324,True
20,160,163,3,0.4798304195357417,0.6673813342895164,0.7189748871933338,3299.2508240508178,True
20,160,164,4,0.679334522630834,0.8922595554823333,0.761364244806101,3550.9097425871023,True
20,160,165,5,0.802665708847479,1.0867188831886716,0.7386139334326112,3693.013945275593,True
20,160,166,6,0.9282011609647309,1.2838555158275302,0.7229794548699224,3879.144235524119,True
20,160,167,7,1.0402526128919019,1.4812481929533314,0.7022811017361196,4090.875700873836,True
20,160,168,8,1.158329605428654,1.684139265580292,0.6877873042343303,4384.967046626462,True
20,160,169,9,1.295698045128173,1.8916324642176465,0.6849628929708902,4733.538211528455,True
20,160,170,10,1.4548129055499297,2.0935759060614854,0.694893794554017,5191.392876675777,True
20,160,171,11,1.581074737087857,2.298678538235048,0.6878189841637555,5719.818178928418,True
20,160,172,12,1.6635522920779835,2.4107374204145797,0.6900595137366303,6285.467683474317,True
20,160,173,13,1.7390248351753168,2.511935100584902,0.6923048428959754,7021.821985781184,True
20,161,164,3,0.679334522630834,0.892240941173023,0.7613801287102088,3550.9097425871023,True
20,161,165,4,0.802665708847479,1.0867035672264802,0.7386243434316391,3693.013945275593,True
20,161,166,5,0.9282011609647309,1.2838425778011708,0.7229867407532591,3879.144235524119,True
20,161,167,6,1.0402526128919019,1.4812370955975014,0.7022863631917649,4090.875700873836,True
20,161,168,7,1.158329605428654,1.6841296518171849,0.6877912304309887,4384.967046626462,True
20,161,169,8,1.295698045128173,1.891623828660038,0.6849660199332557,4733.538211528455,True
20,161,170,9,1.4548129055499297,2.0935682366511728,0.6948963401723258,5191.392876675777,True
20,161,171,10,1.581074737087857,2.2986715797701125,0.6878210663073402,5719.818178928418,True
20,161,172,11,1.6635522920779835,2.41073074883949,0.6900614234413389,6285.467683474317,True
20,161,173,12,1.7390248351753168,2.5119289576259445,0.6923065359375812,7021.821985781184,True
20,162,165,3,0.9429771077422778,0.644381411725262,1.463383472247528,3990.7695686421184,False
20,162,166,4,1.2614245997828772,0.8462261197518822,1.490647204499825,4191.906934797098,False
20,162,167,5,1.352807233742263,1.0482383152387673,1.2905531252538895,4420.709614982645,False
20,162,168,6,1.2799402967399842,1.25535831122242,1.0195816487594105,4738.512583079209,False
20,162,169,7,1.3990139454545627,1.4656999524332377,0.9545022793594499,5115.1878997745525,False
20,162,170,8,1.5125396250430463,1.670652286905687,0.9053587253901346,5609.957887542472,False
20,162,171,9,1.654212014806655,1.8780562704330879,0.8808106768947804,6180.98839183508,False
20,162,172,10,1.6940718275821807,1.9909590698906399,0.8508822974825059,6792.24436397867,False
20,162,173,11,1.7599492383461803,2.094268898644772,0.8403645011798943,7587.968502833944,False
20,163,166,3,0.4567099419300923,0.631525011561834,0.723185833607122,4395.010238895923,True
20,163,167,4,0.5840052613885618,0.836523724403164,0.6981335308872836,4634.898704394735,True
20,163,168,5,0.7049703429246216,1.04599682034902,0.6739698718103107,4968.099636682018,True
20,163,169,6,0.8412336515481137,1.257570890132805,0.6689353722709626,5363.025358880936,True
20,163,170,7,0.9958253062172915,1.4639292128525743,0.6802414334480369,5881.767591464321,True
20,163,171,8,1.1310948138137285,1.6722641740765658,0.6763852454342781,6480.46526107501,True
20,163,172,9,1.2095171740810158,1.7854301324123227,0.6774374152892884,7121.337374398155,True
20,163,173,10,1.2855046644141213,1.889839494793727,0.6802189646028284,7955.615375318242,True
20,164,167,3,0.4951169194859933,0.630553394848426,0.7852101400627789,4988.437631162687,False
20,164,168,4,0.5631660898704327,0.8418292737321575,0.6689789811818942,5347.054329254566,True
20,164,169,5,0.7104737716190452,1.05381179966157,0.6741941700094959,5772.104035791454,True
20,164,170,6,0.8652930473858943,1.2611110852733673,0.6861354701345181,6330.414678360336,True
20,164,171,7,1.0147639991938515,1.4699210849425541,0.6903527064063507,6974.77956640925,True
20,164,172,8,1.0864485847771894,1.5830604551973275,0.6862963326575954,7664.535863312272,True
20,164,173,9,1.1639581624176893,1.688655783340252,0.6892808906947971,8562.45058379901,True
20,165,168,3,0.47138184343470246,0.628726638530756,0.7497405303778033,5561.038617021105,True
20,165,169,4,0.6241427687312101,0.8406857068878985,0.7424210541674365,6003.098429144737,True
20,165,170,5,0.7842666265009337,1.0480046735377162,0.7483426804324351,6583.752159673084,True
20,165,171,6,0.9307424312256037,1.2568024691309976,0.740563814987693,7253.9039489091665,True
20,165,172,7,1.001672320912663,1.369943313570603,0.7311779334153009,7971.263670209385,True
20,165,173,8,1.0795525330030054,1.4755475542618852,0.7316284249090373,8905.112127312043,True
20,166,169,3,0.3957008226601885,0.6308356244343171,0.6272645477417693,6305.658470770519,True
20,166,170,4,0.5427390155870516,0.838154865322309,0.6475402554375719,6915.577524690183,True
20,166,171,5,0.6838921832454993,1.046961312222348,0.6532162891423613,7619.505397333872,True
20,166,172,6,0.758461349530501,1.1600873531157385,0.6537967571954313,8373.020512336036,True
20,166,173,7,0.8345976908296027,1.2657726398401297,0.6593582959219394,9353.93553537761,True
20,167,170,3,0.41742683274852627,0.6305681828355365,0.6619852445955058,7293.043603325021,True
20,167,171,4,0.5471873973806137,0.8393807704312584,0.6518941303593111,8035.393269778399,True
20,167,172,5,0.626368114953997,0.9525086227209292,0.6575983671042457,8830.0367496404,True
20,167,173,6,0.7021512012422849,1.0582165664885113,0.6635231610219816,9864.492080183349,True
20,168,171,3,0.4606733547787986,0.6280954754645329,0.7334447910774861,8613.054336296736,True
20,168,172,4,0.5339863635970283,0.7412488194672913,0.7203874725639159,9464.824404076391,True
20,168,173,5,0.6121300363368631,0.8469012059180252,0.7227880088720922,10573.646296335053,True
20,169,172,3,0.3816746709631647,0.5292599272313879,0.7211478733327562,10217.20517069125,True
20,169,173,4,0.4597867464050794,0.6350898826294696,0.7239711401186542,11414.169877831677,True
20,170,173,3,0.2990779722451932,0.42790140641918945,0.6989413162905205,12518.213131273968,True
