frame_index,time_s,sharpness,center_x,center_y,area_fraction,angle_deg,top_bottom_log_ratio,left_right_log_ratio,selected_for_calibration,view_reprojection_rmse_px
0,0.0,29.736437772839015,1035.4494730631511,2168.7092895507812,0.06893618780544425,-92.2977491014913,0.026775923907715275,0.08014675916275549,False,
1,0.03333333333333333,46.53826991278252,1042.2773183186848,2169.7944157918296,0.06872375161025968,-92.29551225339097,0.025977709636106964,0.07990838680003344,True,0.5470102429389954
2,0.06666666666666667,28.54439617105889,1048.437136332194,2173.996856689453,0.06816530800237407,-92.3058317845282,0.028038826817838557,0.07862549246806436,False,
3,0.1,29.142822108381097,1052.81303024292,2183.015032450358,0.06762336969467728,-92.24619861792483,0.02760198937963041,0.0806967838016804,False,
4,0.13333333333333333,41.19805654761452,1055.1280403137207,2193.9640630086265,0.06739050040002136,-92.11595036648349,0.02791252198502095,0.0860316766106483,False,
5,0.16666666666666666,47.8474437722539,1055.5962041219075,2203.5542221069336,0.06745554940061364,-92.04102698260232,0.028415215153420492,0.08719972166221313,False,
6,0.2,50.33373836427534,1054.0206921895344,2210.5790685017905,0.06754456851996009,-91.96538127915314,0.029347623303612298,0.0889421853694738,False,
7,0.23333333333333334,45.83189354256253,1052.6767667134602,2216.3044611612954,0.06763075189811557,-91.89865293647694,0.030329655790358564,0.08960262807077604,False,
8,0.26666666666666666,49.079949829931564,1051.1659876505535,2221.3168818155923,0.06778887790727665,-91.82415307372757,0.03099475962338948,0.09091156906328926,False,
9,0.3,50.41068087149067,1048.7667172749836,2226.1126302083335,0.06783352036567342,-91.77938485019098,0.03027947380833159,0.09150821139781935,False,
10,0.3333333333333333,46.91712373794225,1046.1619300842285,2231.192049662272,0.06788861304186462,-91.71142838774041,0.031280442259594365,0.09419080567699845,False,
11,0.36666666666666664,45.31042926345951,1044.0009740193684,2236.622029622396,0.06785992552826675,-91.64249699379495,0.03198268844373268,0.09392806287738009,False,
12,0.4,48.89161680339148,1041.9934374491374,2241.7883580525718,0.06787242988778068,-91.54236531602118,0.03321631799691454,0.09746433274953605,False,
13,0.43333333333333335,39.81323883861715,1039.1760126749675,2246.6363245646157,0.06780460725199337,-91.49622740867623,0.03298270529526884,0.09859827905623594,False,
14,0.4666666666666667,37.3164875014144,1036.0878041585286,2251.0325826009116,0.06788049658894585,-91.38575718236108,0.034250977279784774,0.10209310399139714,False,
15,0.5,24.205319722091954,1031.3137181599934,2253.5459264119468,0.0679626335216129,-91.3169542950495,0.034330101763967315,0.10301176927395057,False,
16,0.5333333333333333,43.93260075853625,1025.4079271952312,2254.4834747314453,0.06800200381728684,-91.3190578701482,0.03509163354941307,0.10378700117718467,False,
17,0.5666666666666667,35.41408152727752,1020.1913998921713,2255.774215698242,0.06790880878699637,-91.24024147583752,0.03696617519201146,0.10637690664411843,False,
18,0.6,34.46363608818494,1015.5514284769694,2258.5209477742515,0.06784799934162745,-91.20537349555096,0.03759345256283025,0.10840296959473456,False,
19,0.6333333333333333,34.768428347027125,1010.7352930704752,2262.1903813680015,0.06771382306983098,-91.18580677096574,0.03801035273869775,0.10997634842401492,False,
20,0.6666666666666666,42.903059604820776,1006.9454078674316,2266.2444458007812,0.06758038286551046,-91.13024243232219,0.03920986887141109,0.11348962836235514,False,
21,0.7,25.899291517542554,1003.9521522521973,2271.3140818277993,0.06718452428777025,-91.13959303688307,0.041119325220658864,0.11495430251844418,False,
22,0.7333333333333333,37.21693404228713,1001.1559880574545,2277.77273050944,0.06673256994113161,-91.14501485449254,0.04117504005373833,0.11747241533427988,False,
23,0.7666666666666667,36.443370955307856,998.9366200764974,2284.5398864746094,0.06630985010781942,-91.08580038478804,0.04196293398106865,0.11962987914916096,False,
24,0.8,42.25092985906237,996.5792363484701,2290.142018636068,0.06595049846251685,-91.0760925252436,0.04296714994307293,0.12199610131387165,False,
25,0.8333333333333334,33.99082174494363,993.9788576761881,2294.5174560546875,0.06561152616582362,-91.07750423236604,0.044074552996834306,0.12462701302010563,False,
26,0.8666666666666667,38.0560645569732,991.628651936849,2298.1025110880532,0.06527450573732854,-91.10810900415206,0.0436485320027529,0.12562750211601004,False,
27,0.9,33.30572726598388,989.802895863851,2300.897905985514,0.06497385958652883,-91.11468166195341,0.045955839841400364,0.12950875081542554,False,
28,0.9333333333333333,35.53357980157328,988.1748822530111,2303.2606048583984,0.06457943175352458,-91.2424969230846,0.04570996583478421,0.1288744405760921,False,
29,0.9666666666666667,38.478475477739956,987.7516708374023,2305.4746754964194,0.06436984945027363,-91.23848151414244,0.04779139428916637,0.13035067372477915,True,0.5873483419418335
30,1.0,34.98871283678896,988.882984161377,2307.038055419922,0.06422839578265632,-91.2883636287642,0.0483421514868559,0.1342546652371448,False,
31,1.0333333333333334,42.0289414097808,990.2611172993978,2307.9348347981772,0.0642165336304413,-91.34790208733523,0.04948848618911368,0.13611583288019846,False,
32,1.0666666666666667,46.56477124100869,991.8356920878092,2308.419881184896,0.06445273904927973,-91.46351270735205,0.04885349586958619,0.13793666764417473,False,
33,1.1,40.87196196728758,993.8961079915365,2308.4519017537436,0.06473529031016594,-91.53743863561918,0.05012338612479459,0.14204127556706053,False,
34,1.1333333333333333,41.66001859102369,996.7176322937012,2307.900889078776,0.0652220089935432,-91.68506043820628,0.05216327610672573,0.14223298682495975,False,
35,1.1666666666666667,44.519359453361034,1000.2223205566406,2306.3980407714844,0.06567606736970773,-91.80935359991632,0.05301305234922546,0.143490777577416,False,
36,1.2,43.87613587148868,1003.4986699422201,2305.002586364746,0.06620389536249234,-91.91659409031287,0.05318830738249848,0.14756832601077136,False,
37,1.2333333333333334,31.83511838818988,1007.2255083719889,2302.7271143595376,0.06673256052113882,-92.07684445703336,0.0550073425780725,0.14907451195604143,False,
38,1.2666666666666666,31.65446491826128,1011.8678919474283,2300.354507446289,0.0675161642119848,-92.25765050570855,0.056386710773945796,0.1522148596065363,False,
39,1.3,33.127092710685965,1016.0896835327148,2298.1143366495767,0.06842697825810184,-92.41192422560084,0.05855254518442109,0.1545935594638728,False,
41,1.3666666666666667,19.884018166928765,1024.1963729858398,2292.7038447062173,0.07591915236363687,-92.69020284077773,-0.015470984972551689,0.24556467699966064,False,
42,1.4,27.59424268490329,1027.2621587117512,2287.2568689982095,0.07128642556344049,-92.86062368902861,0.06186311261294567,0.16269613402449876,False,
43,1.4333333333333333,28.272167921895583,1031.125129699707,2282.3121337890625,0.07220347243732249,-93.01891248937314,0.06410094207501858,0.16548372126178046,False,
44,1.4666666666666666,17.62879779327776,1035.1277186075847,2276.167391459147,0.07322713108195594,-93.19453520782301,0.0648187333716433,0.17168046474184614,False,
45,1.5,25.187651607136157,1040.69966506958,2268.7089869181314,0.07390376493310068,-93.42464876518906,0.06628665185453564,0.1700283143029536,False,
46,1.5333333333333334,27.398952950105798,1047.2308298746746,2261.191286722819,0.07459802887375976,-93.61203748135118,0.06576392792874708,0.17593855813481848,True,0.7059897780418396
86,2.8666666666666667,16.540779928502516,1167.6951090494792,1900.8400268554688,0.09034845227873715,-99.70721309649892,0.10224864942072727,0.2683778274209785,True,1.338348150253296
90,3.0,22.06986444475997,1159.7427838643391,1864.9316889444988,0.09360773274393046,-99.58861343222979,0.10133844011819379,0.2808465572868543,False,
91,3.033333333333333,17.962141124535254,1155.2934557596843,1858.4201558430989,0.09458688729721343,-99.5254006928478,0.10122464212159439,0.2839238644311596,False,
92,3.066666666666667,18.828092727090766,1150.6352259318035,1851.0321426391602,0.09565605929920339,-99.42644176611176,0.10241865112658982,0.2864726038710228,False,
93,3.1,31.08481743431719,1146.921578725179,1842.1684672037761,0.09649280851084903,-99.35976379498169,0.10169218116711318,0.2891440700338906,False,
94,3.1333333333333333,28.764346636386577,1143.8379300435383,1833.8467102050781,0.09694701780572045,-99.31095834365536,0.10152435826888191,0.29297926666073504,False,
95,3.1666666666666665,22.49041778344202,1141.7575937906902,1825.20738474528,0.09759932864734933,-99.2805860192636,0.10170752975793626,0.29518911906838285,False,
96,3.2,18.00052323385639,1142.9672190348308,1815.449951171875,0.09859961386753212,-99.27094433129149,0.09997119526188866,0.29962889940023635,False,
97,3.2333333333333334,34.940932456394265,1147.4463704427083,1806.021743774414,0.09955652219437643,-99.31961092813822,0.09878748564346426,0.3020929070666846,False,
98,3.2666666666666666,29.992543626562753,1153.8808428446453,1799.3373209635417,0.10026436394689679,-99.3906834961297,0.09823036985939852,0.3047109426935927,False,
99,3.3,31.158217352458898,1161.0011571248372,1794.8182169596355,0.10135105456277134,-99.45166042158174,0.09602608724800024,0.3088544347687415,False,
100,3.3333333333333335,28.09654908660793,1166.1554336547852,1791.8392740885417,0.10285561975299509,-99.43939844435508,0.09399198757389172,0.31490931100654435,False,
101,3.3666666666666667,31.50863574419753,1166.8235969543457,1791.055669148763,0.10444426461841273,-99.34790531159435,0.09361004328805195,0.3192440597594107,False,
102,3.4,21.41974595236511,1166.8040949503581,1790.0632960001628,0.1066666394158214,-99.1342702380814,0.09397382829731299,0.3236278393003536,False,
103,3.433333333333333,29.698865987906256,1168.3703333536785,1788.416956583659,0.10887556728226942,-98.89306110345203,0.0894140772720004,0.3320724686216615,False,
104,3.466666666666667,17.569740845340373,1170.5192540486653,1786.6399815877278,0.1110752062707849,-98.66180375762004,0.0882582613877452,0.33745100636664355,False,
105,3.5,27.18142178775702,1174.7046953837078,1783.932960510254,0.11285777078119551,-98.38758904015592,0.0861660742408215,0.34137042366815024,False,
106,3.533333333333333,24.44073239293689,1179.7105458577473,1781.7541071573894,0.11413879869420428,-98.23308437417667,0.08037691557144083,0.3487213340863239,False,
107,3.566666666666667,20.03935552597416,1185.5154406229656,1779.268719991048,0.11543250619106132,-98.09168195028711,0.07578475526814597,0.35480125025370296,False,
108,3.6,25.934277552105303,1189.5832138061523,1777.1243693033855,0.11612281252929492,-97.89972087325425,0.07523937525100284,0.3558411475715973,True,1.385394811630249
109,3.6333333333333333,19.557519846591923,1190.706076304118,1776.424296061198,0.11622950155340395,-97.76627846600239,0.07484949730786775,0.35255263077589893,False,
110,3.6666666666666665,19.601081099888276,1188.4054539998372,1778.0069173177083,0.11612019508838403,-97.5357989790968,0.07118464769584067,0.3570206708974979,False,
111,3.7,22.860151019498048,1181.791997273763,1782.1041615804036,0.11582016440679312,-97.19474474214155,0.06827113086427627,0.3594559488185305,False,
112,3.7333333333333334,23.00055470423459,1172.9567133585613,1788.1235478719075,0.11528663707376881,-96.85584001733241,0.06723298048281696,0.3617413054051242,False,
113,3.7666666666666666,30.243530375401967,1163.9068018595378,1794.6198094685872,0.11472433756057725,-96.44088799150668,0.0660135641905959,0.3627787867761805,False,
114,3.8,24.988668113122095,1155.7186317443848,1800.8811874389648,0.11402328611227813,-96.03551451070362,0.06279802149488635,0.36467953523377056,False,
115,3.8333333333333335,32.97426131180624,1145.8507092793782,1806.6098149617512,0.1133719173923816,-95.57656446691159,0.06097150245900177,0.3644274064788475,False,
116,3.8666666666666667,36.322596665157704,1136.175380706787,1810.9213790893555,0.11290573558003,-95.07782029217388,0.057140503712405206,0.36847339671007007,False,
119,3.966666666666667,26.084938896894073,1101.7792409261067,1821.3357187906902,0.11103183831269425,-93.6804819924875,0.05320117380781357,0.3674334664295509,False,
120,4.0,32.51919299225612,1089.6918512980144,1825.5706024169922,0.11003007775312272,-93.22921052821988,0.051838334030650725,0.36655941830634414,False,
121,4.033333333333333,26.786688153106674,1077.3627700805664,1830.2581939697266,0.10901700696381554,-92.7550787314683,0.04987477158561011,0.36696881015830024,False,
122,4.066666666666666,29.107130902714815,1063.9223556518555,1835.693374633789,0.10819162338773934,-92.23832818535841,0.052212382168385835,0.3689580609433115,False,
123,4.1,33.38517192744187,1050.9316012064617,1841.4192555745442,0.10741401916734761,-91.75686302707165,0.05058565312214378,0.36637683928639014,False,
124,4.133333333333334,31.92705566376336,1038.8728434244792,1847.1198196411133,0.10688585401600892,-91.25183324012212,0.04617494622117064,0.3653040866356889,True,1.1550722122192383
125,4.166666666666667,32.751309939024175,1026.1683654785156,1852.9703369140625,0.10628727213415308,-90.71782247039661,0.04585336683688155,0.36735770517923594,False,
127,4.233333333333333,36.25661371401982,1003.1305236816406,1864.0266036987305,0.10552383703655918,-89.77289406613963,0.04189567983987879,0.36363590392134154,False,
128,4.266666666666667,36.32583155749715,992.6956787109375,1871.6630477905273,0.11182625655513231,-89.30556708142323,-0.061714100279605805,0.3901107241509113,False,
129,4.3,33.510873932551014,981.8067436218262,1878.0935719807942,0.11118960121310302,-88.85283588865744,-0.06413045113961159,0.38888493045536715,False,
130,4.333333333333333,28.902789125135183,970.4383125305176,1883.6123504638672,0.10381588861627268,-88.48380684951333,0.03646262231307893,0.3607691660039631,False,
131,4.366666666666666,26.209563021248936,958.0188229878744,1892.6031443277996,0.1027622523307317,-88.04254949331784,0.03542752124599654,0.355804009344365,False,
132,4.4,19.683602886018363,943.6658604939779,1902.4556376139324,0.10164182920705862,-87.58782822522979,0.03490686306731372,0.35409912438484625,False,
133,4.433333333333334,17.418644716445296,930.1349538167318,1912.0789489746094,0.10020254039706798,-87.23866915488387,0.033012997135910306,0.350380550673512,False,
134,4.466666666666667,18.250326318951085,917.9527486165365,1921.3581949869792,0.09886574359258332,-86.83646045578921,0.032808649152854905,0.347295266949746,False,
135,4.5,23.5986475404972,907.4584814707438,1930.3273289998372,0.09709514117194402,-86.497988513654,0.03080595690408773,0.344765312361361,False,
136,4.533333333333333,17.316382850899686,898.2585875193278,1939.5538686116536,0.0952608008344773,-86.19521220529495,0.028976699243479346,0.34101001936765,True,0.9435449838638306
137,4.566666666666666,14.958009705610003,890.3408749898275,1949.066800435384,0.09320087798150263,-85.97197103817334,0.027289956612935776,0.33587291072891323,False,
138,4.6,18.09721112867519,884.7083683013916,1958.1444727579753,0.09102314122471566,-85.82007135851617,0.024919679043836213,0.3304789750861381,False,
139,4.633333333333334,18.586392276839273,881.0096791585287,1966.6662877400715,0.08881342046793707,-85.69127606224403,0.023628760080166924,0.32417228149694705,False,
140,4.666666666666667,25.73536084767744,877.2019519805908,1974.9374898274739,0.0867576736603751,-85.54604136740691,0.021130549509551302,0.32023597848211277,False,
141,4.7,31.894686186804176,872.3306814829508,1983.1135533650715,0.08490367220041663,-85.37871173225136,0.018738096285292046,0.31533702973868283,False,
142,4.733333333333333,40.92754167421545,869.4238243103027,1990.2020467122395,0.08299924854332791,-85.21074156026246,0.01609474205242747,0.31036834790083,False,
143,4.766666666666667,30.791613400850604,868.5488936106364,1996.6856536865234,0.08119516714650066,-85.05160446503429,0.01415312897711964,0.30711220318188664,False,
144,4.8,49.18207013031133,867.8080183664957,2003.2588653564453,0.07946693857710951,-84.9683965774533,0.010878712083334923,0.301879100625461,True,0.8163976073265076
145,4.833333333333333,53.22382551730286,868.3766479492188,2009.0837987263997,0.07795896106578486,-84.86094174149602,0.00883510856354761,0.2976361632554287,False,
146,4.866666666666666,37.842767552102195,871.4210497538248,2014.8804219563801,0.0763701485614976,-84.8287634322982,0.006474181995039764,0.2942241018019544,False,
147,4.9,38.46854032559907,877.4956944783529,2020.797004699707,0.07483875195623944,-84.89193808934739,0.0038022984187423767,0.28773869440407224,False,
148,4.933333333333334,31.346061348878017,885.4923286437988,2027.0893147786458,0.07327831884713013,-84.87706248099178,0.0007915021693284584,0.28491835844960006,False,
149,4.966666666666667,22.654437380059814,894.1559460957845,2034.411994934082,0.07169370249318793,-84.91933412902044,-0.002907137481886829,0.2798017616664127,False,
150,5.0,14.629359614862125,904.070743560791,2042.9233169555664,0.07001885254282064,-85.04511391587768,-0.006134524567694401,0.27358599269690353,False,
151,5.033333333333333,20.38781109944115,915.1224174499512,2052.4508768717446,0.06842632269727161,-85.13611659794684,-0.008966922693581314,0.2687164932175781,True,0.7442156672477722
152,5.066666666666666,22.692690910143625,926.7632395426432,2062.2612787882485,0.06690572324852478,-85.32256714218188,-0.011025203296664786,0.26444244338306483,False,
153,5.1,25.114740301406485,938.8051439921061,2071.8504231770835,0.06547117731383979,-85.48101003286638,-0.013791453181135463,0.2601537482952624,False,
154,5.133333333333334,16.4840649099631,949.9688720703125,2081.129264831543,0.06414544055773508,-85.65743084758043,-0.015679632327885457,0.2560674203465323,False,
155,5.166666666666667,20.617564652069426,960.9981803894043,2090.6014556884766,0.06305403568353889,-85.75206500575753,-0.016892765830738645,0.2536850424632463,False,
156,5.2,30.32992290428828,970.9043807983398,2101.05010732015,0.061999396709737836,-85.91603626966989,-0.01912076530293183,0.24872739200247806,False,
157,5.233333333333333,29.969726503029033,978.276902516683,2111.950340270996,0.060923154002396326,-86.01920106680289,-0.019919174464752987,0.24437207129398197,True,0.6549010872840881
158,5.266666666666667,28.85026739938726,983.7326304117838,2123.3782374064126,0.059994895862848216,-86.05299859136572,-0.021014600145069146,0.24308792220927003,False,
159,5.3,37.401332062647604,988.2730662027994,2134.7702916463218,0.058969132429754406,-86.07988692543132,-0.021886573924427808,0.23842185133718266,False,
160,5.333333333333333,35.69170572899034,991.3843841552734,2146.1173553466797,0.058033204474903205,-86.07789594111667,-0.022372997947227594,0.2369094121266599,False,
161,5.366666666666666,42.21622610960706,993.6223373413086,2157.336067199707,0.05720186731654663,-86.13209251201233,-0.024567232142089338,0.23370814607364532,False,
162,5.4,39.57240767831106,995.3360087076823,2168.0068003336587,0.05640253845116357,-86.11518483262583,-0.024269241504163735,0.23111515257264642,False,
163,5.433333333333334,41.54690279841639,996.6150398254395,2177.8507181803384,0.05574214194490151,-86.11604713673697,-0.024202545214317854,0.22721087205105514,False,
164,5.466666666666667,43.959558383567774,997.1259358723959,2187.365898132324,0.05517520329889925,-86.08255788721354,-0.02394133556303361,0.22510466803332524,False,
165,5.5,48.36660532322767,997.1409492492676,2195.565045674642,0.05478105447772791,-85.9960382576007,-0.022888588313054414,0.22434820127410737,False,
166,5.533333333333333,45.096642443759485,997.8706219991049,2202.857579549154,0.05438786692921838,-85.9894217249072,-0.023969395819486584,0.22181270615210424,False,
167,5.566666666666666,40.23551324223691,998.8249829610189,2209.6705373128257,0.05406151141534209,-85.98496402201414,-0.023726326482408504,0.21892206881943174,False,
168,5.6,47.16453561741956,998.0587882995605,2216.1929524739585,0.05385047156914093,-85.95918233295919,-0.024618516053924813,0.2162651836920053,False,
169,5.633333333333334,46.54192126847686,997.3055267333984,2222.494196573893,0.053590700537144896,-85.86736320553246,-0.023953125188729003,0.2161981766216189,False,
170,5.666666666666667,48.355248609526434,997.5185572306315,2228.562329610189,0.05338663976580853,-85.86257700882244,-0.023848212024006516,0.21310344608201803,False,
171,5.7,59.708955399861274,998.4506200154623,2234.080998738607,0.053270912996393485,-85.78340076064615,-0.02529879469612339,0.21124505609784794,False,
172,5.733333333333333,61.00781114331853,999.8711051940918,2238.3722025553384,0.053078938842149516,-85.74607059696854,-0.025371936948325517,0.20864300478106157,False,
173,5.766666666666667,71.99168411843966,1002.4995155334473,2241.8862584431968,0.05290905496808041,-85.67267000760815,-0.026245688118836697,0.20764413595034922,False,
174,5.8,78.1912048104876,1006.0232696533203,2244.6446482340493,0.052800636442851906,-85.57906923814718,-0.02550670757247975,0.20894131583002398,True,0.5916473269462585
175,5.833333333333333,68.92947870979178,1010.2624231974283,2246.9374923706055,0.052696662229935125,-85.51256288649823,-0.02578609680847469,0.20734047890192778,False,
176,5.866666666666666,72.34674256495552,1015.098248799642,2249.1223653157554,0.052615300632012044,-85.48744333938643,-0.026907479300300016,0.20486641846552908,False,
177,5.9,66.42825300745312,1019.3143183390299,2251.120480855306,0.05257684264302009,-85.4609662362249,-0.02623656212767214,0.20274533383685184,False,
178,5.933333333333334,69.93690168813957,1022.2088623046875,2252.891426086426,0.05262143102288615,-85.35357715236103,-0.026832717212940532,0.20272794534681793,False,
179,5.966666666666667,63.73424997448609,1025.3421389261882,2254.1164754231772,0.05269493417474785,-85.17636302805052,-0.0272817450999409,0.20308037213733937,False,
180,6.0,69.26475246457157,1029.424238840739,2255.208709716797,0.0527737337446596,-85.10279284657632,-0.02735662875782966,0.20223206262992155,False,
181,6.033333333333333,59.888951242303335,1032.4861958821614,2256.3040211995444,0.05299853071555351,-84.95858461792277,-0.02777854457292629,0.20202792871962358,False,
182,6.066666666666666,67.44615331090839,1035.5251490275066,2256.614545186361,0.0531760729364616,-84.92142665832019,-0.029705221056064133,0.19839407716815113,False,
183,6.1,46.923167146849195,1040.290465037028,2256.406847635905,0.05325613108044275,-84.74861475440727,-0.029137654897516185,0.19954662714232374,False,
184,6.133333333333334,62.33915332855638,1045.825564066569,2256.730178833008,0.05331528383550769,-84.61768979822247,-0.02944011319111983,0.19966969028139375,False,
185,6.166666666666667,50.744604884912505,1051.6171124776204,2257.696034749349,0.053333867127952496,-84.49349653690265,-0.028902781414411518,0.1967135106943996,False,
186,6.2,59.85325997513077,1058.110984802246,2259.303944905599,0.05328987078197158,-84.37740190243638,-0.031027234764600058,0.19627494592808883,False,
187,6.233333333333333,48.219166642979836,1064.9739303588867,2261.787727355957,0.05316486354485042,-84.20006636971708,-0.030480076918584353,0.1956156464441912,False,
188,6.266666666666667,51.786036005482224,1070.2780698140461,2265.766891479492,0.053037739602139616,-84.01218906987103,-0.03072253366618087,0.1954636858918217,False,
189,6.3,50.339359975439855,1074.1962191263835,2270.728586832682,0.05291087235214586,-83.83393462403072,-0.03158206328976905,0.19323188250771478,False,
190,6.333333333333333,48.99342268437582,1076.7032381693523,2276.6108067830405,0.05288825765640075,-83.61711829914995,-0.03236015921320483,0.19255873875845514,False,
191,6.366666666666666,35.02178481231039,1079.4546000162761,2283.7702433268228,0.052850457495947065,-83.37711186628185,-0.03196448841612868,0.19102452202910722,False,
192,6.4,36.576504175817924,1081.1308263142903,2292.2664108276367,0.05304650128612986,-83.09216090960571,-0.03181487919075878,0.19092987165162317,False,
193,6.433333333333334,56.998106304836355,1080.346549987793,2300.8142013549805,0.05350438475362386,-82.74972984669786,-0.033444029860749964,0.19042709594641816,True,0.5492985248565674
194,6.466666666666667,45.47537906395301,1080.1413230895996,2309.0634129842124,0.053915488159771846,-82.40102275040775,-0.03549623557155899,0.1935854165816185,False,
195,6.5,33.05268484273375,1079.7877604166667,2317.5602366129556,0.05444729584318046,-82.08250249189352,-0.03669883947990565,0.192275095750879,False,
196,6.533333333333333,39.527763700288816,1078.3502705891926,2326.1979446411133,0.05496600791018459,-81.7356640825262,-0.03909987452444159,0.19246979889750412,False,
197,6.566666666666666,46.98903558833274,1076.9714533487956,2334.517374674479,0.05552619952534758,-81.36168877877907,-0.03553980644748366,0.19105775891532462,False,
198,6.6,38.98549354993463,1077.066628774007,2342.9046783447266,0.05619375336727966,-80.98544275184115,-0.039942989194964904,0.19337269453098574,False,
199,6.633333333333334,41.237389717231416,1076.07772954305,2351.1525853474936,0.056877140312658246,-80.62069681557675,-0.04161992433783043,0.19269422897124516,False,
200,6.666666666666667,44.98710270355589,1075.1736005147297,2358.5708033243814,0.05752996302368069,-80.2923782228901,-0.042540674320366546,0.19129179814956146,False,
201,6.7,42.50971117721599,1076.032262166341,2365.161501566569,0.05824939236483283,-79.85452673299291,-0.044241638857790394,0.19238244741387134,False,
202,6.733333333333333,44.291405783728315,1076.0226084391277,2371.2150217692056,0.05903623355022577,-79.42186406340436,-0.04531274321380393,0.19469019193528692,False,
203,6.766666666666667,52.313907050900745,1074.9361381530762,2376.4671376546225,0.05986752792614874,-79.04361484291698,-0.04840944155382454,0.1945362254865465,True,0.5065877437591553
204,6.8,45.25516508196552,1073.036095937093,2380.672622680664,0.06070699910243014,-78.56950147504293,-0.05143630085777334,0.19585086397850734,False,
205,6.833333333333333,41.83089595854934,1070.7988599141438,2384.294692993164,0.06162953134563451,-78.07497693886404,-0.051690283570911134,0.1960866141336624,False,
206,6.866666666666666,39.53817920938092,1068.047545115153,2387.1554387410483,0.0626037498995675,-77.59531914980427,-0.055754293285700425,0.19658290762304972,False,
207,6.9,36.66383111998571,1065.4019953409831,2388.9253870646157,0.06355746803395398,-77.13103392908997,-0.057340244591840894,0.19902929566666927,False,
208,6.933333333333334,36.563269622961585,1063.0451164245605,2389.9903106689453,0.06452463470714671,-76.66822911530788,-0.0598991332595552,0.19866395984352436,False,
209,6.966666666666667,36.62824624407083,1059.9960683186848,2390.5836181640625,0.06556831081694574,-76.15620388864386,-0.06147300155924123,0.2009377162176881,False,
210,7.0,34.61716071200775,1055.4091631571453,2390.637565612793,0.06658937598505109,-75.6777045360932,-0.06371976522984196,0.20059425528084793,False,
211,7.033333333333333,31.72835403766334,1050.592249552409,2389.8040720621743,0.0674778497508094,-75.1503423123142,-0.06552273880632302,0.2023876701862768,False,
212,7.066666666666666,25.385995186427532,1045.1389821370442,2388.976847330729,0.06819605070610303,-74.69075516750428,-0.06714904424147008,0.201025035608689,False,
213,7.1,27.053749283164354,1038.5177815755208,2388.8984400431314,0.06892490812462239,-74.19816854620453,-0.06869147805644868,0.20089557972228067,False,
214,7.133333333333334,30.65842931514444,1033.5700798034668,2388.3936462402344,0.0698673523917818,-73.68458150084916,-0.07171786313283994,0.2038542258170574,False,
215,7.166666666666667,30.71448112154957,1030.5346794128418,2386.1728032430015,0.0706960072561075,-73.2678731213319,-0.07286324794252003,0.20199540116803394,False,
216,7.2,25.056686680118318,1026.5620956420898,2383.224779764811,0.07150300940014005,-72.8021342088832,-0.07526478087624504,0.20371998240464761,True,0.5607198476791382
217,7.233333333333333,26.237203470006882,1021.7795181274414,2379.5738245646157,0.07233562001610501,-72.36569641001695,-0.07525747438229109,0.20152673892744155,False,
218,7.266666666666667,29.01731602217246,1015.0784479777018,2375.3237508138022,0.07301295449588603,-71.88806477105727,-0.07951995475211136,0.20269941302155736,False,
219,7.3,28.392985339081445,1006.3715553283691,2370.8844706217446,0.07387894221474894,-71.43421539153063,-0.08093527246633828,0.2039811817189784,False,
220,7.333333333333333,22.554702160056543,996.6079864501953,2364.943463643392,0.07469749356948689,-70.9198723324479,-0.08167118553395436,0.20588709886479548,False,
221,7.366666666666666,19.794363623390048,985.7638181050619,2357.5750885009766,0.07575037708752068,-70.4162254691888,-0.08145253440213072,0.20479350129116441,False,
222,7.4,15.89547695551737,978.1454645792643,2348.150947570801,0.07655639477461075,-70.1973447907825,-0.08778217708892261,0.2028267262838777,False,
223,7.433333333333334,15.330583601590225,972.9307320912679,2337.1375300089517,0.07763853345482745,-69.6932962099789,-0.08695154986557228,0.2055268840236949,False,
224,7.466666666666667,17.52156601059118,968.7178274790446,2325.0836029052734,0.07856827509399869,-69.33243837071498,-0.09008579843086263,0.205464163248214,False,
225,7.5,19.660728568294104,967.5805447896322,2312.749008178711,0.0795331455330696,-68.99054078664118,-0.08943217417767747,0.20440756484978573,False,
226,7.533333333333333,19.253375512187283,969.523494720459,2300.929557800293,0.0803671680171869,-68.73256740265425,-0.0925985889508733,0.20404872551725237,False,
227,7.566666666666666,18.85680323528277,971.826722462972,2290.746607462565,0.08138961093238592,-68.39118443788519,-0.0923059314697387,0.20613273487088893,False,
228,7.6,20.661433536826443,975.0585988362631,2280.9625142415366,0.0823365728815339,-68.18592928843657,-0.09457867437295676,0.20562364743945136,False,
229,7.633333333333334,16.74098790392028,978.9013423919678,2272.3927205403647,0.08339105885686472,-67.98040105332743,-0.09340903604144188,0.20522135784960135,False,
230,7.666666666666667,21.764042929795536,984.9674447377523,2265.0189208984375,0.08439601440545506,-67.8048950145966,-0.09602434013904053,0.2066906068820605,True,0.6380197405815125
231,7.7,23.06662640036593,991.3131167093912,2259.5191345214844,0.08534517815057988,-67.70794266482508,-0.09855463194591411,0.206631394946742,False,
232,7.733333333333333,25.15638092121497,998.2596778869629,2255.3712768554688,0.08643978376832864,-67.55253941316496,-0.09918114816702191,0.20858738669961563,False,
233,7.766666666666667,22.45145860470679,1007.0053164164225,2251.3576304117837,0.08719245097770324,-67.4690062451344,-0.09911960144037757,0.20780150527125085,False,
234,7.8,26.646158829130176,1014.3312733968099,2248.5838775634766,0.08783993355129587,-67.3912126083445,-0.10005262838442566,0.20808383615860848,False,
235,7.833333333333333,24.61501373576955,1020.030356725057,2246.3135579427085,0.08859360958713139,-67.28610143864303,-0.10095528429643162,0.20795341142414744,False,
236,7.866666666666666,26.02322775741579,1023.622636795044,2243.7174504597983,0.08941706196447975,-67.15225061343828,-0.10148452886828466,0.2087829838692082,False,
237,7.9,22.869976832651467,1024.6585241953533,2241.0617955525718,0.09022066114588934,-67.03663179087775,-0.10135438328277412,0.2088259878206712,False,
238,7.933333333333334,25.321310153152144,1024.6534118652344,2237.7330017089844,0.09105085206016943,-66.88525537232942,-0.10104735549728416,0.20924638564648912,False,
239,7.966666666666667,23.26288061558625,1025.4270846048992,2233.7830200195312,0.09159742870046485,-66.79142002483039,-0.10170775350266816,0.20813286197849593,False,
240,8.0,26.652394828135865,1026.3861618041992,2229.3505096435547,0.09231097573297356,-66.7093080867258,-0.10160860535004401,0.20749848638604554,False,
241,8.033333333333333,24.52580461438529,1027.8265546162922,2224.3243713378906,0.09310947646725658,-66.52228089685512,-0.10045575805953161,0.21065407341963163,False,
242,8.066666666666666,24.403502118525942,1027.9759381612141,2219.3987172444663,0.0942076972554073,-66.3908499092785,-0.10128796846753021,0.21091533940425872,False,
243,8.1,17.645821772968823,1025.1774037679036,2213.683680216471,0.09564841692605563,-66.25370280996066,-0.10077073277692968,0.21195460309497816,False,
244,8.133333333333333,19.016166395646767,1023.7456493377686,2206.3471603393555,0.09701342457156707,-66.13362706311278,-0.10217373486287369,0.21276204112168512,False,
245,8.166666666666666,15.249986150523803,1025.723336537679,2197.8863525390625,0.09856455131306126,-65.96276925480647,-0.10311137230183362,0.2168798056603061,False,
246,8.2,13.55300602634788,1028.2592379252117,2189.0679982503257,0.09995084904497442,-65.90205013285001,-0.1037035444556463,0.21762156768256133,False,
247,8.233333333333333,15.038221601880458,1030.1926549275715,2180.0965576171875,0.1012947112563932,-65.72256879411822,-0.10309482071634128,0.22000651953387723,False,
248,8.266666666666667,18.996583204750007,1030.7152976989746,2172.4232635498047,0.10218698712466129,-65.60971868319,-0.10162264789814675,0.22081606520399819,False,
249,8.3,20.09178131836062,1031.8969300587971,2166.541514078776,0.10294117834556223,105.28024914431698,0.1022175169734737,-0.22095141392325338,False,
250,8.333333333333334,20.496171811471825,1035.2998065948486,2162.0288721720376,0.10364934636012414,-65.46305589200958,-0.10166287166238372,0.2218333097569833,False,
251,8.366666666666667,19.331052564231374,1041.8951689402263,2158.679308573405,0.10454166251247443,-65.38119931903476,-0.09991517023773427,0.22330707607042335,False,
252,8.4,22.710359473401603,1049.505039215088,2157.785446166992,0.10588680029094115,-65.39075385077918,-0.1027741793350806,0.2237606538817874,True,0.796046257019043
253,8.433333333333334,20.01891078951123,1054.8287054697673,2158.4496841430664,0.10739280886394036,-65.30098096920666,-0.10118802532981488,0.22458046553135533,False,
254,8.466666666666667,25.943872191995844,1059.6337782541912,2160.064768473307,0.10892465306044656,-65.19611890765003,-0.10326729464293005,0.22947318702673347,False,
255,8.5,23.028912011871483,1064.0102233886719,2164.30867767334,0.11018069184925547,-65.1361532810341,-0.10341935668304866,0.23000126453611366,False,
256,8.533333333333333,23.22841108798442,1066.4301872253418,2170.868985493978,0.11152919855587512,-65.02366045239341,-0.1043920643813789,0.2335894939003896,False,
257,8.566666666666666,21.091525132294475,1066.2900721232097,2178.4326655069985,0.1128001428096369,-64.88677565336255,-0.1030726366236168,0.23421434464432872,False,
258,8.6,22.124376282030696,1065.0443096160889,2185.5718739827475,0.11397922264055209,105.41899422285098,0.1041977129053265,-0.23719037917469998,True,0.7858627438545227
259,8.633333333333333,20.860294342721325,1061.8820565541585,2192.1813329060874,0.11528202642811547,-64.52874161672948,-0.10703154910496754,0.23962111663364202,False,
260,8.666666666666666,21.855897595174792,1058.780741373698,2197.4170430501304,0.11647802627430119,-64.32990926688544,-0.106542475997255,0.24154884183661196,False,
261,8.7,23.959972189137527,1057.110439300537,2201.6990559895835,0.1176294017557969,-64.153622825031,-0.10943017771544225,0.24441628092039397,False,
262,8.733333333333333,21.572209450374626,1056.0096855163574,2206.38316599528,0.11922345190302565,-63.91812224317587,-0.10958671880056717,0.24719834667229565,False,
263,8.766666666666667,21.78704945403668,1057.3538195292156,2211.1686223347983,0.12096078606851667,-63.73752974441739,-0.11193927892247624,0.25040693866077757,False,
264,8.8,19.956639647339266,1060.6588528951008,2215.9722900390625,0.12290275072034149,-63.48842476666179,-0.11262566778789007,0.2549106991451216,False,
265,8.833333333333334,16.67865696005382,1063.9339040120442,2220.7497024536133,0.12469254501782372,-63.3127810764831,-0.11526202180649694,0.2589469975924157,False,
266,8.866666666666667,16.031168078938727,1066.827823638916,2226.13663482666,0.12646466260858116,-63.128577629515725,-0.11737224550365273,0.2596581812511808,False,
267,8.9,19.622815610140684,1068.4535433451335,2231.088264465332,0.12866641639096774,-62.88257638719413,-0.1193121700675886,0.2634570889892055,False,
268,8.933333333333334,14.995834981752415,1069.031701405843,2234.233528137207,0.13107787363856868,-62.56723125129235,-0.12272889421458559,0.26940044563554794,False,
269,8.966666666666667,16.795088641750354,1071.3020629882812,2235.3399658203125,0.1336081298654599,-62.277187289609444,-0.1262377422759959,0.2738585056110099,False,
270,9.0,16.227476961084406,1074.2617835998535,2234.587849934896,0.13620460392879596,-61.99914323736447,-0.12953434981974465,0.27704238187787955,False,
271,9.033333333333333,14.092444141306444,1074.5433457692463,2231.8978373209634,0.13883860164178372,-61.666974106451995,-0.1318332028578656,0.28141287397542547,False,
272,9.066666666666666,14.973665814245404,1073.8771959940593,2227.186533610026,0.14063151141971558,-61.35269446011245,-0.13731486701737625,0.2868725804036059,True,0.9689694046974182
273,9.1,16.844299991350976,1072.597993850708,2220.573117574056,0.1414055747180756,-60.995083268675174,-0.13915906830463526,0.28793920522349836,False,
274,9.133333333333333,14.95971949291169,1069.9700253804524,2210.9984842936196,0.14209468307679862,-60.550520900922194,-0.1416217061843849,0.29241152226427325,False,
275,9.166666666666666,13.404503487704998,1068.212122599284,2198.349194844564,0.14240005393387284,-60.20760769323095,-0.14082545298753663,0.2905551695392453,False,
276,9.2,13.173864017259596,1068.855578104655,2184.0628458658853,0.14244514730098626,-59.84524360062227,-0.14184892030091273,0.2928959387219027,False,
277,9.233333333333333,14.471971310388431,1069.0312093098958,2169.838134765625,0.14243745964921833,-59.48714883757863,-0.14337076970105853,0.2943715202865973,False,
278,9.266666666666667,12.198953608870822,1067.9800179799397,2156.9214223225913,0.14227236255586628,-59.09968776396287,-0.1432165366787471,0.29445335339214534,False,
279,9.3,15.626926514062657,1068.1563339233398,2145.9941075642905,0.14163105100825452,-58.735440585140154,-0.14631196678991715,0.2982405895844756,False,
280,9.333333333333334,17.46986463305384,1066.8333199818928,2137.5787913004556,0.14052311823077257,-58.388828193312555,-0.14588673809802655,0.2973365841249148,False,
281,9.366666666666667,14.129643279313454,1060.5906155904133,2130.3866551717124,0.1400078696339293,-57.94243698947299,-0.145175181845776,0.2978514059636171,False,
282,9.4,10.09740203445179,1051.455773671468,2122.138094584147,0.140069354941149,-57.463592587476825,-0.14749948458091064,0.3004128260164649,False,
283,9.433333333333334,10.777464949960331,1043.4832458496094,2110.911549886068,0.14027972509617814,-56.99981192362858,-0.14875955090752782,0.30189132247657996,False,
284,9.466666666666667,8.921918000937987,1038.4645570119221,2097.516876220703,0.14003478114577225,-56.51556868202216,-0.1495674148449519,0.3032178935549341,False,
285,9.5,9.597813152080652,1033.455114364624,2083.4742584228516,0.13988117381853032,-56.09772986659605,-0.1513794869151876,0.30504764312624877,False,
286,9.533333333333333,9.906316758644756,1028.534382502238,2069.0842564900718,0.1395924692779231,-55.64223905677325,-0.15097992461649423,0.3053793551859705,False,
287,9.566666666666666,11.229408610328926,1024.8047904968262,2055.641087849935,0.13953674966686114,-55.25204753867461,-0.15387259865336986,0.306422290698625,False,
288,9.6,10.273603542367875,1023.7894175847372,2043.0823491414387,0.13951256829476555,-54.7885457087047,-0.15344123327771209,0.3090139387471728,True,1.0572384595870972
289,9.633333333333333,14.015882533473398,1024.8874409993489,2031.4842274983723,0.13975235587269305,-54.378702816738866,-0.1544993474237785,0.3116522817596919,False,
290,9.666666666666666,22.43700881809088,1029.3051977157593,2022.103022257487,0.1395248014262201,-54.084250063962884,-0.15575502210895717,0.3112770949428009,False,
291,9.7,19.73921706882576,1035.5646101633708,2015.4123611450195,0.13928311646151412,-53.768801515728455,-0.1562019230051656,0.31475791456232804,False,
292,9.733333333333333,21.497478639165383,1042.175090154012,2010.7675704956055,0.13911257651093084,-53.47123908424687,-0.1566911388576084,0.31764885674120624,False,
293,9.766666666666667,16.92684572874351,1048.8333326975505,2006.2291412353516,0.13928788981742782,-53.187924822015795,-0.15832215335445793,0.31984126724365125,False,
294,9.8,16.820444540050495,1054.5094731648762,2001.4338760375977,0.1395667041731163,-52.89407127176475,-0.15911460024275306,0.3217344152446305,False,
295,9.833333333333334,13.613722680574233,1062.8724346160889,1996.5812555948894,0.13942109787572804,-52.653203941757354,-0.16045401869788592,0.3229874111945658,False,
296,9.866666666666667,13.326383113104098,1073.0940411885579,1992.200589497884,0.13929053713900857,-52.439587657567166,-0.16068584978982303,0.32643993626094525,False,
297,9.9,9.009861745826653,1079.1057039896648,1990.188346862793,0.1391653190620747,-52.36600317045914,-0.16141788840111682,0.32507578304407997,False,
298,9.933333333333334,9.016123670129025,1093.6102898915608,1986.721959431966,0.13882904357810383,-52.21911923039201,-0.162861025583817,0.3281590309864401,False,
299,9.966666666666667,11.75647313830891,1109.3324019114177,1984.253168741862,0.13888902995656763,-52.060806643221476,-0.1674286352242385,0.33295516735966496,False,
300,10.0,17.5658479750475,1122.5347290039062,1982.7418924967449,0.1383053911742949,-51.9155906011605,-0.16712952219182794,0.33235783656783885,False,
301,10.033333333333333,17.342226148461148,1128.8385283152263,1981.861592610677,0.13787017805347318,-51.6756655107926,-0.16750537310962457,0.3325487925293432,False,
302,10.066666666666666,18.49517342786103,1129.724557876587,1981.2963282267253,0.13782475905706104,-51.38069281897777,-0.1699379830013021,0.33640294706194673,False,
303,10.1,18.86138178012348,1128.0332501729329,1980.530014038086,0.1371166442428112,-51.12289943501944,-0.16885849770733005,0.336284063386907,False,
304,10.133333333333333,14.764749733692021,1122.8997624715169,1980.5051956176758,0.1364222045883237,-50.8207640248778,-0.16870994985457807,0.3369880492246519,False,
305,10.166666666666666,16.128294972441783,1114.591609319051,1981.1658986409504,0.13542425962157004,-50.49537604913363,-0.16675611863051365,0.3365820945982128,False,
306,10.2,17.430151343974796,1104.78644879659,1982.0787200927734,0.1343056315646431,-50.13387751031483,-0.16660350324369247,0.33777984984945014,False,
307,10.233333333333333,15.053719522936936,1096.9464721679688,1982.666425069173,0.13286520133822144,-49.87908427761838,-0.16671192537460028,0.3364358631213886,False,
308,10.266666666666667,17.09957516848575,1092.183464686076,1983.6874160766602,0.13124325082120597,-49.57543413231768,-0.16626622632908636,0.3382600083361451,False,
309,10.3,16.73754051891858,1088.487045923869,1985.2706451416016,0.12939674000458862,-49.3536865501238,-0.16520836848164092,0.3381652985294323,False,
310,10.333333333333334,19.082477452164266,1083.6350625356038,1987.3644688924153,0.12745861097874706,-49.15705751237055,-0.16363387599212417,0.3352381148199618,True,1.2345585823059082
311,10.366666666666667,16.361340346025656,1078.2781893412273,1989.869125366211,0.1254440602043261,-48.95729741289193,-0.16320258434628446,0.3338217049597689,False,
312,10.4,19.464991082379665,1073.3056233723958,1992.342363993327,0.12330779204932854,-48.70943730904931,-0.161776392938545,0.33239125180698104,False,
313,10.433333333333334,19.945757714521566,1067.9344107309978,1993.619857788086,0.12099368037424602,-48.51482674673204,-0.15975409405526514,0.33067591257200346,False,
314,10.466666666666667,20.176420246849293,1063.203125635783,1993.6459147135417,0.11890197973836958,-48.29158707731416,-0.1585576649716055,0.3293230366330929,False,
315,10.5,18.36624423807185,1065.1390056610107,1991.3599751790364,0.11651900423394339,-48.13558362734272,-0.15775837909377,0.3270714602463618,False,
316,10.533333333333333,21.849779791452924,1071.3042945861816,1987.069585164388,0.11428571459019342,-48.00136187708173,-0.1570904282183678,0.32417651199528746,False,
317,10.566666666666666,20.10045660611739,1077.4380130767822,1981.6708526611328,0.11252881843856138,-47.804755454561324,-0.1544939507791956,0.3259664503145102,False,
318,10.6,19.126881884522884,1083.618761062622,1975.4819259643555,0.11103382329349547,-47.660441468577254,-0.1536328812815381,0.3224036625235454,False,
319,10.633333333333333,23.220052056317588,1090.2316392262776,1968.6033299763997,0.10977083460388723,-47.52179073630843,-0.15297826260690336,0.32279105298546956,False,
320,10.666666666666666,19.313405047175504,1096.9626579284668,1961.6649576822917,0.10826577221272893,-47.399846314140405,-0.15252877514950444,0.3195704645614813,False,
321,10.7,22.625866825567538,1103.6993153889973,1955.709264119466,0.10657155513778518,-47.25059858606183,-0.14988198238182726,0.3193288635962739,False,
322,10.733333333333333,18.086309482501196,1108.9321594238281,1950.1167297363281,0.10573595049555558,-47.1184165912283,-0.14954567795179216,0.319134898159961,False,
323,10.766666666666667,22.0249760920032,1109.1827360788982,1944.3376922607422,0.10507518050504587,-46.90722439865102,-0.1468551211992248,0.32031546861526417,False,
324,10.8,21.49603761334214,1105.0699704488118,1937.6249898274739,0.10423358115165347,-46.666675811701694,-0.1462412841308325,0.3187175292831062,False,
325,10.833333333333334,19.29742753327106,1098.741392771403,1930.2803446451824,0.10321655227885379,-46.40013240590473,-0.1437410914527518,0.31963073344515025,False,
326,10.866666666666667,15.59338925261728,1093.3756453196208,1922.9977645874023,0.10266837382375736,-46.17158879705802,-0.14378418197067758,0.31712185113387226,False,
327,10.9,25.191766929875328,1088.1384887695312,1915.8101348876953,0.1022287313007161,-45.927142729206686,-0.14164129206496978,0.3154958799753679,False,
328,10.933333333333334,26.45368646044443,1083.6591663360596,1909.8315455118816,0.10153476789433917,-45.712784876469215,-0.139417829751134,0.3159810401003086,False,
329,10.966666666666667,24.642658695283412,1081.1886043548584,1905.3724721272786,0.10109181976961859,-45.56423688231878,-0.13817843406073396,0.3166668107206293,False,
330,11.0,25.68321765797683,1082.024595896403,1901.8077596028645,0.10075114837264405,-45.509216573797836,-0.13886197761407004,0.31427351104966506,True,1.551106572151184
331,11.033333333333333,20.017051671425,1087.1746724446614,1899.545654296875,0.10034975241422643,-45.59746099081846,-0.14068582486134723,0.31144399584546195,False,
332,11.066666666666666,20.797978614224984,1096.1930173238118,1897.3827819824219,0.10007887835884627,-45.635485322411874,-0.1405707611559938,0.3128743161182338,False,
333,11.1,22.968917882956312,1105.2597878774006,1894.6585184733074,0.09990161674237602,-45.70201974909852,-0.14080126083404237,0.3120607081708223,False,
334,11.133333333333333,16.64404670524552,1114.0332012176514,1890.906344095866,0.09967194899555479,-45.89773253050372,-0.1414383199104609,0.3090671109843298,False,
335,11.166666666666666,19.933400324907183,1124.2805054982502,1885.9799575805664,0.09942954877977599,-46.047154982697506,-0.142490911574586,0.30549200310717134,False,
336,11.2,19.277292928200843,1134.0031992594402,1881.4679718017578,0.09898732951627742,-46.30674680027194,-0.1458920384748195,0.3002372864468151,False,
337,11.233333333333333,12.998538472423773,1143.4959665934246,1879.382489522298,0.0981590181389388,-46.59333487760119,-0.14791995173740086,0.29619863456686724,False,
338,11.266666666666667,21.067994156180433,1152.7166633605957,1879.2954635620117,0.09693970812403553,-46.86732280437448,-0.14732899915933245,0.2916570328659293,False,
339,11.3,30.18193936840377,1159.8574536641438,1880.522964477539,0.09572175797971638,-47.21112489609557,-0.14782286218582655,0.28775655023927493,False,
340,11.333333333333334,28.018539016315362,1165.2538083394368,1881.190638224284,0.09450557989898373,-47.4792175621432,-0.1475297137198729,0.2854230763389271,False,
341,11.366666666666667,31.17513650329165,1168.3338635762532,1882.2303110758464,0.09346752945070617,-47.81276571767881,-0.14913999667547065,0.2791096619717934,False,
342,11.4,27.865405332011346,1170.1657422383626,1884.781883239746,0.09247098865256569,-48.22017970534383,-0.15172400204913455,0.2737788573324815,False,
343,11.433333333333334,26.273929068556257,1171.5909118652344,1889.5386606852214,0.09137700716448846,-48.62999895188728,-0.15173207742320893,0.2697872619176978,False,
344,11.466666666666667,24.487836503640576,1172.615479151408,1896.0649668375652,0.09027964769616759,-49.11643876988726,-0.1536209726686352,0.2639674185018638,False,
345,11.5,21.787804321418513,1175.4775225321453,1902.6712595621746,0.08917547260895609,-49.588255223694254,-0.1534730647770191,0.2614420913655875,True,1.6163290739059448
346,11.533333333333333,20.726641389592025,1179.8513476053874,1908.4107462565105,0.08825844621024401,-50.20275790403199,-0.1565570611223692,0.2544929572262021,False,
347,11.566666666666666,22.37673080828156,1183.9205589294434,1914.3504282633464,0.08747623320055958,-50.6928777096346,-0.15726987569416592,0.2511792854996132,False,
348,11.6,25.40191242567149,1187.1737937927246,1920.1892191569011,0.08696268535286772,-51.185047718823725,-0.15750194405068776,0.24878225921150585,False,
349,11.633333333333333,20.143730616503632,1186.4817593892415,1926.6906967163086,0.0866735199412317,-51.72443134750065,-0.16065230791967763,0.2434245392406867,False,
350,11.666666666666666,17.309015647579862,1184.7831026713054,1933.101483662923,0.0867447960857276,-52.24316139209811,-0.16566749368819056,0.2341863468828597,False,
351,11.7,22.177904559605476,1182.9044036865234,1939.2155151367188,0.08666875994537097,-52.722785761405575,-0.16670473123982102,0.2330595626250168,False,
352,11.733333333333333,26.094944076129757,1178.8945172627766,1946.091962178548,0.08690479597807828,-53.24064496965709,-0.16845118448181498,0.23099069853833223,False,
353,11.766666666666667,24.441214020612726,1176.1551348368328,1954.254389444987,0.08705150552905791,-53.76676018004542,-0.1729155857500349,0.22471794149593244,False,
354,11.8,23.819394820019838,1174.0289993286133,1963.6875127156575,0.08746766375661627,-54.31926572191956,-0.1750636101290914,0.2240989826843253,False,
355,11.833333333333334,17.65916668751728,1172.3098182678223,1974.181276957194,0.08789043945246199,-54.906064327238624,-0.17809985714217133,0.2218860260625753,False,
356,11.866666666666667,17.673080713172276,1172.100751241048,1985.8050994873047,0.08836006535753521,-55.480689972072014,-0.1772965767226824,0.22170142448096614,True,1.3542550802230835
357,11.9,14.303276151941937,1171.4447059631348,1998.4687194824219,0.08893607557447984,-56.15933676692993,-0.1827029262077184,0.21922144949509947,False,
358,11.933333333333334,15.55926764890713,1169.4912236531575,2012.245770772298,0.08973357386235921,-56.74162457636265,-0.18469795873772496,0.2164893635665633,False,
359,11.966666666666667,12.499593163534712,1168.4317639668782,2026.40540822347,0.09057602415673893,-57.366728573980765,-0.186127022067072,0.2136810411022546,False,
360,12.0,14.406854234791915,1168.7021598815918,2041.375831604004,0.0911926171877497,-57.997504201333726,-0.18855245546681978,0.216873380896546,False,
361,12.033333333333333,11.787029771110262,1167.576738993327,2056.7247568766275,0.0916764373543934,-58.68642815160372,-0.18911363911315238,0.21209879117777336,False,
362,12.066666666666666,13.24671839777395,1165.2430241902669,2072.125473022461,0.09242988790498383,-59.26763615268759,-0.19008667175215807,0.21253775134618347,False,
363,12.1,14.200207136718111,1161.0912030537922,2087.225789388021,0.09327884687551471,-59.98052854543897,-0.1940343888607168,0.21191925963071967,False,
364,12.133333333333333,21.256709180081465,1154.8035481770833,2101.739158630371,0.0943965062039309,-60.5380170376452,-0.19634087233507283,0.2122308724995463,False,
365,12.166666666666666,21.98988889632162,1150.3133290608723,2113.236282348633,0.09566316564931589,-61.152679129095056,-0.20010670002768213,0.21063107152764737,False,
366,12.2,23.55594169229926,1146.6796900431316,2122.667050679525,0.09708977766252909,-61.78938224345151,-0.20316518361587663,0.20846204527535983,True,1.0081372261047363
367,12.233333333333333,21.30107238895382,1143.7844429016113,2130.7246297200522,0.0984936843070794,-62.43001882585142,-0.20572871251109648,0.2042370317290196,False,
368,12.266666666666667,22.914353199552718,1142.5063095092773,2137.7016576131186,0.09990848185209657,-63.024219006693926,-0.2090404413367458,0.20600518795895753,False,
369,12.3,18.387085528865626,1142.2096888224285,2144.3397776285806,0.1013096890490254,-63.65672306103864,-0.21032814750801362,0.20398412560013668,False,
370,12.333333333333334,21.72887587633455,1143.2322069803874,2150.004463195801,0.10257602251422528,-64.31466460115404,-0.21286194645766093,0.2012694204834139,False,
371,12.366666666666667,17.40511714974752,1141.4478238423665,2154.8685735066733,0.10408944891934319,-64.96814703172942,-0.21382644472391096,0.20076690161014513,False,
372,12.4,20.98068776873499,1139.2672233581543,2156.6470387776694,0.10572646327540654,-65.57093023597594,-0.21824364443079303,0.20084116365519195,False,
373,12.433333333333334,21.81736672484332,1137.6783256530762,2156.5868962605796,0.10688038164298093,-66.1803572649906,-0.2196267132439843,0.19818764344752207,True,0.9125252962112427
374,12.466666666666667,19.809481005673295,1134.3709398905437,2155.5560887654624,0.10816084386015895,-66.76972731994809,-0.22076359336414736,0.1959269466735299,False,
375,12.5,19.747596225881114,1129.354248046875,2152.680564880371,0.10932585370793355,-67.37594997964091,-0.22313593779524107,0.19355059638851757,False,
376,12.533333333333333,16.42826501820424,1121.7717882792156,2149.1933924357095,0.11064455298389352,-67.9173005046024,-0.22530687668005375,0.19331525746551104,False,
377,12.566666666666666,17.502378463230585,1114.922040303548,2144.279800415039,0.11206609844731079,-68.46727464817117,-0.22794023844235323,0.19350010289131864,False,
378,12.6,22.348563113933448,1110.8855094909668,2138.7771606445312,0.11313371111162404,-69.13223449616594,-0.22813573833935563,0.19022651461940362,False,
379,12.633333333333333,24.042748343819422,1106.2487449645996,2135.1933568318686,0.11431128263943618,-69.73540556492547,-0.22901931039071372,0.18916815339131565,False,
380,12.666666666666666,24.689097648076853,1102.6929321289062,2131.993985493978,0.11556497706133131,-70.34990254628117,-0.23154619341923124,0.18814990553126038,False,
381,12.7,26.743172986095182,1100.2679837544758,2128.4705174764,0.11661664089859883,-70.97196227453996,-0.23141591190432995,0.18534518338227998,True,0.9938603639602661
382,12.733333333333333,25.209035351125138,1096.651128133138,2125.3389282226562,0.11775249339289996,-71.57833495536076,-0.23392886728664505,0.18369437527769825,False,
383,12.766666666666667,26.356010205172886,1091.711301167806,2122.5935846964517,0.11898777463737335,-72.13157633851476,-0.23406005191396215,0.18142766955647704,False,
384,12.8,24.83214228017177,1086.2133331298828,2119.9505360921225,0.12029811035555875,-72.6898670042333,-0.23872662716765775,0.18154539588287552,False,
385,12.833333333333334,20.349256863886932,1081.7842953999836,2116.6054331461587,0.12157039858174189,-73.29787600110787,-0.2391868464400058,0.17815654184630758,False,
386,12.866666666666667,16.660461800944585,1073.8935101826985,2112.782023111979,0.12338978214836431,-73.82187497894996,-0.24358252925065235,0.17694656720906193,False,
387,12.9,15.437379046741682,1064.0164438883464,2107.6643142700195,0.12535861049996858,-74.27843906738454,-0.24570516339975199,0.17744888740059866,False,
388,12.933333333333334,14.174046053934765,1054.1764272054036,2101.4506861368814,0.1274045960528042,-74.82060281360039,-0.24760968277673018,0.1753844066460395,False,
389,12.966666666666667,16.6108302017018,1043.5632368723552,2095.74053700765,0.1297844608188807,-75.28517576571556,-0.24990687493940186,0.17357364223533162,True,1.1280380487442017
390,13.0,17.65616193491585,1033.5675048828125,2090.5739974975586,0.1319512070398124,-75.71165358555058,-0.2532287798922336,0.17161566624767766,False,
391,13.033333333333333,19.51433427944875,1026.606674194336,2086.878766377767,0.13418429064206178,-76.16828096456882,-0.25672464254250593,0.1695647911677886,False,
392,13.066666666666666,31.537654158425557,1021.5880012512207,2084.3792444864907,0.1361528717642984,-76.62889021080727,-0.25949002844137964,0.16744268884374053,False,
393,13.1,32.10655740060106,1019.6112461090088,2082.0635299682617,0.1384684398970666,-77.07246793672118,-0.2627078908252772,0.16717780142196445,False,
394,13.133333333333333,22.695366990756636,1018.2552712758383,2080.2580490112305,0.1413834446688261,-77.49479372500657,-0.26678695003156494,0.16537611140799852,False,
395,13.166666666666666,27.266713020255384,1017.8389879862467,2078.836598714193,0.14448233832637475,-77.8551869522883,-0.2715900267787128,0.16585932727888048,False,
396,13.2,27.426359604335833,1021.5091196695963,2077.607058207194,0.14798552419483949,-78.24732525256807,-0.27701963212833713,0.1658957276639958,False,
397,13.233333333333333,31.799504730930263,1024.9611123402913,2077.8790918986,0.15156907589377097,-78.59077517135745,-0.2816390614685234,0.16631668898953053,False,
398,13.266666666666667,23.48514957088911,1026.6365286509197,2079.6234436035156,0.15518740988175422,-78.91346247363738,-0.28741055477969146,0.1673538915490169,True,1.1852638721466064
399,13.3,25.55559580482489,1030.1186491648357,2081.591018676758,0.15913062329846453,-79.24165321295085,-0.2938023379773916,0.16847546491242518,False,
400,13.333333333333334,28.35110571230242,1032.944657643636,2084.0769856770835,0.16269889672840185,-79.53498891563721,-0.2994570726129373,0.16448537921084327,False,
401,13.366666666666667,29.707111566363587,1032.5840282440186,2087.2068074544272,0.16652920921794617,-79.74843160756704,-0.30696305159906656,0.16878196488429095,False,
402,13.4,22.352122662275928,1029.7402985890706,2091.312525431315,0.16970154191966696,-79.92891705466143,-0.30845562458575826,0.16965090719214396,False,
403,13.433333333333334,16.900331604474406,1029.3883062998455,2096.7880859375,0.1723527723531001,-80.16265347680142,-0.31588555929339096,0.1723262245456651,False,
404,13.466666666666667,18.378551131067493,1031.155361175537,2101.678352355957,0.17470274917534553,-80.32990363382517,-0.32018808709505603,0.1715228812632297,False,
405,13.5,21.84993092184166,1033.4756940205891,2104.4528528849282,0.1774827442027585,-80.49815287197855,-0.3239971902098643,0.17445923951957906,False,
406,13.533333333333333,19.81792656004734,1035.4497960408528,2104.868527730306,0.18001830292645468,-80.62784905970027,-0.3289864307875183,0.17338281656430135,False,
407,13.566666666666666,9.860570221727873,1038.188232421875,2101.5474421183267,0.18353635801536447,-80.74987604842447,-0.3375695720300735,0.17952510771132296,False,
408,13.6,18.693219205685434,1044.6352443695068,2093.8728230794272,0.18658163735937255,-80.8577976998761,-0.33812458340706036,0.17594829749521793,False,
409,13.633333333333333,18.443910091134942,1049.7745666503906,2084.596633911133,0.18989242206060203,-80.970878754023,-0.3449003534908558,0.1742316364236436,False,
410,13.666666666666666,19.645385167954206,1053.33687210083,2075.7292149861655,0.19232572907422393,-81.03366258345196,-0.34590443556358846,0.17127019776893562,False,
411,13.7,14.307498400703691,1056.7132511138916,2067.3003311157227,0.1944777658642115,-81.10464198869813,-0.3510637605653214,0.1690830146729804,False,
412,13.733333333333333,22.137328055945996,1060.9635283152263,2058.8893407185874,0.19640429605033655,-81.16265951193245,-0.34987553527135246,0.16930362862207513,False,
413,13.766666666666667,19.497600329960676,1065.8616479237874,2051.643124898275,0.19817726017452222,-81.19899056037805,-0.3552990953815421,0.16905631972449062,False,
414,13.8,20.829834526527932,1071.0384521484375,2045.1677551269531,0.19989929674393397,-81.22547648181356,-0.35906264453524284,0.16864048327384237,False,
415,13.833333333333334,20.841819387652965,1074.7790133158367,2039.4576237996419,0.20051536599390354,-81.25047610333667,-0.3577998627798624,0.1670560405577167,False,
416,13.866666666666667,23.90927860043952,1077.4778645833333,2033.9903742472331,0.20127442640276305,-81.26058120325163,-0.36000569876434924,0.1647148263682897,False,
417,13.9,19.972833836061593,1078.680482228597,2029.9378763834636,0.2016919502220889,-81.27167936706932,-0.3588859479678821,0.16628474540737267,False,
418,13.933333333333334,23.10668257455486,1076.0023905436199,2027.3425801595051,0.20167025165896996,-81.17352680530423,-0.35801072064802375,0.16594057114197622,True,1.4789679050445557
419,13.966666666666667,21.603591081838704,1073.9721870422363,2024.6875686645508,0.20107788342109326,-81.13662427609776,-0.35940069214074777,0.1652452220209137,False,
420,14.0,22.198629717807606,1070.3183358510335,2022.911112467448,0.20004508656260037,-81.05314143454694,-0.3570361613380865,0.16412182160627836,False,
421,14.033333333333333,22.851945077917193,1065.7442353566487,2020.6425959269206,0.19930328724395746,-80.98133654928732,-0.35536793264064354,0.1625005822742158,False,
422,14.066666666666666,25.702986407147034,1063.5673217773438,2017.2590001424153,0.19858199180388725,-80.86175772510853,-0.35476207166918516,0.16159132184877012,False,
423,14.1,21.020324010829423,1061.6232013702393,2012.8698501586914,0.19821015551898344,-80.77649500063055,-0.35461663991168185,0.16024765298129426,False,
424,14.133333333333333,23.216067945895297,1060.242540359497,2007.7354685465496,0.19804970607548428,-80.68792086350578,-0.35431523278970967,0.15873787597495712,False,
425,14.166666666666666,21.345150434067623,1059.4832235972087,2002.620455423991,0.1976077423342855,-80.60067859029627,-0.3504654116490706,0.15765420215419215,False,
426,14.2,23.45858419759773,1058.224307378133,1997.4495290120442,0.19721256254496136,-80.49250027278643,-0.3489948835968552,0.15718962965286734,False,
427,14.233333333333333,24.015461497863896,1058.3698965708415,1992.548812866211,0.196530608786354,-80.39733070682199,-0.34683721248497035,0.15619762245293828,False,
428,14.266666666666667,25.069705436047965,1057.7944310506184,1988.0201365152996,0.19569962721475292,-80.34305817316832,-0.3441473069745397,0.15420063560893138,False,
429,14.3,23.6538033120927,1055.4457925160725,1984.1339874267578,0.1947537123700444,-80.21452628011167,-0.34268294043828956,0.15362048013666368,False,
430,14.333333333333334,22.77141669973569,1054.5338172912598,1980.6399459838867,0.19294214965285963,-80.1410076856745,-0.3387919915282789,0.15169489618839585,False,
431,14.366666666666667,23.929138213438904,1054.8829739888508,1977.0760294596355,0.19087215731762244,-80.07259307694868,-0.335092889275224,0.1479738543889579,False,
432,14.4,17.32063321777914,1056.8397382100422,1974.5099182128906,0.1879960882813342,-80.00018195339374,-0.32906761002942575,0.1475884474293418,False,
433,14.433333333333334,14.63801665171558,1062.9569562276204,1972.8749567667644,0.18527553005462571,-79.94995846859985,-0.3261644192250769,0.14881354803058774,False,
434,14.466666666666667,23.38922274188338,1069.17609278361,1971.1450322469075,0.18211025886398097,-79.93271683380505,-0.3194794869372863,0.14664522877630812,False,
435,14.5,30.784502465668968,1072.077112833659,1969.1477610270183,0.17941660524222827,-79.87383907144482,-0.31468050720555807,0.1443693415265669,False,
436,14.533333333333333,26.088070104703583,1073.318260192871,1967.1974182128906,0.1765684946952172,-79.81555850614794,-0.3098299435366589,0.14219049808989556,False,
437,14.566666666666666,28.89487502590721,1074.330696105957,1966.1770629882812,0.1732596244145491,-79.79029915790764,-0.301538680844065,0.14066499849493633,False,
438,14.6,14.335491253098253,1079.5196571350098,1964.6980489095051,0.16969118882196468,-79.74339624942291,-0.29600378484378403,0.14018586235912153,False,
439,14.633333333333333,13.846872038349655,1085.5170707702637,1962.844690958659,0.1653313956522623,-79.74094304336742,-0.28812067938870833,0.138295615226803,False,
440,14.666666666666666,21.428040368966464,1088.4974517822266,1962.22620900472,0.16111188735609625,-79.67622820479845,-0.28105920736114043,0.1369621804874052,False,
441,14.7,30.246402285157682,1089.118366241455,1961.0552215576172,0.1570683009468121,-79.6436248542275,-0.2731530215065426,0.13443465117190498,False,
442,14.733333333333333,21.91868470600205,1089.8344497680664,1959.0579452514648,0.15292777596900842,-79.61678181878067,-0.2642723490735305,0.13175332171825044,False,
443,14.766666666666667,29.196901309095537,1091.6900698343914,1957.0365371704102,0.14914278187210137,-79.6268612903254,-0.2572553266822884,0.1304828677149778,True,1.0228500366210938
444,14.8,17.637839143747975,1090.5759747823079,1956.1972173055012,0.14599263140018684,-79.62847610042256,-0.24876874603448185,0.12753348799936043,False,
445,14.833333333333334,20.23828092667272,1083.9098269144695,1956.028528849284,0.14361992394971396,-79.63649606812757,-0.24110154538921277,0.12786763494803263,False,
446,14.866666666666667,25.788485281028688,1076.6753756205242,1957.1311620076497,0.14145384243169293,-79.6225812214827,-0.23263229079161812,0.12646385718457834,False,
447,14.9,18.778436135554404,1069.6989186604817,1958.948621114095,0.1395953023056638,-79.63104255205806,-0.22207423045284308,0.12354755668157757,False,
448,14.933333333333334,18.69180553013968,1060.4765790303547,1961.6344146728516,0.1379500389614964,-79.6645313730557,-0.21449609631006894,0.12151917928638963,False,
449,14.966666666666667,34.020746690544534,1054.1507898966472,1964.2980346679688,0.1363420841236614,-79.69101757686735,-0.20806646320816835,0.12124204802439106,False,
450,15.0,28.645831186358393,1050.6194928487141,1967.2691396077473,0.1344198823691625,-79.75487908613549,-0.20064753099743257,0.11910508910530186,False,
451,15.033333333333333,36.52972031789963,1046.3448855082195,1971.7566808064778,0.13310064328632934,-79.84707864724581,-0.19534670523778186,0.11548734782241954,False,
452,15.066666666666666,27.480117117805417,1044.164602915446,1977.6228535970051,0.13204476923137895,-79.85294256715856,-0.1883782844091011,0.11429202139655986,False,
453,15.1,23.107929869918724,1044.9834073384602,1984.8736979166667,0.1312189478623937,-79.97647481112179,-0.18323074028594052,0.11121167138528987,False,
454,15.133333333333333,32.74372392305073,1047.8012250264485,1993.6907399495442,0.13087153059458717,-80.01868596020714,-0.17703722021608365,0.11118489844319429,True,1.0187386274337769
455,15.166666666666666,24.007504055672726,1049.3688990275066,2003.3537368774414,0.13142253347410454,-80.13176727783262,-0.17186818332769985,0.10869188330349659,False,
456,15.2,27.3207454160801,1048.7298431396484,2013.5249277750652,0.1319158254773199,-80.27255276665032,-0.16648422817172434,0.10601997843682329,False,
457,15.233333333333333,23.301006450934498,1049.2465744018555,2024.189826965332,0.1329744751967227,-80.33672376158985,-0.16171128300777696,0.10490221707575229,False,
458,15.266666666666667,17.194777342639416,1046.7972602844238,2032.6794764200847,0.13446983628722883,-80.50628484682521,-0.15663378127547226,0.10181832678337001,False,
459,15.3,24.812713961001165,1044.626185099284,2040.798324584961,0.13488042715533577,-80.63574696638175,-0.15083604876205434,0.09897312052278785,False,
460,15.333333333333334,27.48549599246035,1046.351868947347,2048.0712916056314,0.13493686523830503,-80.80738398153636,-0.14517513305826885,0.09452740598960059,False,
461,15.366666666666667,11.926743320015733,1047.2726402282715,2054.0057957967124,0.1355812438920228,-80.99665739056492,-0.13769929672667686,0.09032179368648692,False,
462,15.4,29.216334230979346,1043.9198710123699,2054.6736043294272,0.13640391313292144,-81.17408698639278,-0.13058303827118467,0.08495301195860223,False,
463,15.433333333333334,31.044733213403873,1045.2034657796223,2054.539980570475,0.13657877582332595,-81.40099757472028,-0.12368008038617043,0.08024685553702834,False,
465,15.5,30.184647225613,1050.1335512797039,2049.6222864786782,0.13731837037726727,-81.77493148427934,-0.10929910790219112,0.07158945055856378,False,
466,15.533333333333333,27.982828759907566,1054.4384511311848,2047.6611913045247,0.13708228909060752,-81.94686791802664,-0.10153132865878943,0.06782995447622471,False,
467,15.566666666666666,24.72408505836994,1060.287265777588,2047.237180074056,0.13662476814632954,-82.1494060659037,-0.09661256666962678,0.06245048068171472,False,
468,15.6,26.708174069027496,1067.2147585550945,2047.5093739827473,0.1352724181887885,-82.37695760605995,-0.09084472845006086,0.05827513114977056,True,0.8304422497749329
469,15.633333333333333,22.675331675933407,1077.352575937907,2048.660931905111,0.1336200280415191,-82.50907687602879,-0.0856442627909696,0.05721243848188112,False,
470,15.666666666666666,13.980941958939162,1088.3082415262859,2051.002960205078,0.13118259042803715,-82.77782322247566,-0.08000880053931615,0.053218804817603396,False,
471,15.7,14.238671835216433,1099.4709129333496,2054.5287450154624,0.1283421852952489,-83.08776292600139,-0.07591487098346966,0.047676549737891254,False,
472,15.733333333333333,37.840297703022166,1110.687400817871,2059.0370610555015,0.12605875836108255,-83.13748463186869,-0.06999297088306619,0.04680804138466992,False,
473,15.766666666666667,22.99299865143897,1121.5175819396973,2065.056063334147,0.12318138799260693,-83.31070645765398,-0.06385117095303199,0.0451274547649577,False,
474,15.8,22.936642553508836,1131.7489407857258,2072.3039728800454,0.11983816429366903,-83.53497338546254,-0.060078526887629165,0.04179869173108241,True,0.7462340593338013
475,15.833333333333334,26.189558843874835,1139.8111635843914,2081.028406778971,0.11645464904447574,-83.75860222653569,-0.05534307925906744,0.037871757157050885,False,
476,15.866666666666667,20.359132903998052,1144.0779304504395,2089.52902730306,0.11287244296857812,-83.92757484586467,-0.050993215023172236,0.034790784808414715,False,
477,15.9,27.68807060176399,1147.0545463562012,2096.855557759603,0.10932991247458967,-84.17146374348575,-0.04517686981590925,0.032669940349196284,False,
478,15.933333333333334,28.982741591638927,1147.2663459777832,2101.8820215861,0.10582342936702956,-84.3729716245357,-0.04004918586555067,0.029880279246124214,False,
479,15.966666666666667,31.840722721660903,1145.9042587280273,2104.528968811035,0.10283718079638977,-84.58238517193116,-0.03722106937674943,0.024719469145125187,False,
481,16.033333333333335,20.76521956731701,1134.9193420410156,2097.6967595418296,0.0980700000199795,-84.98169632522183,-0.026924147157627212,0.021944455522815334,False,
482,16.066666666666666,53.542640890254255,1127.781888326009,2093.3986028035483,0.09593000052417879,-85.22128533632768,-0.02452152667791145,0.015475759764252193,False,
483,16.1,45.82301479643927,1123.3178456624348,2090.8436279296875,0.0939790774297522,-85.47043047986918,-0.020422679251240035,0.012662215614355812,False,
484,16.133333333333333,49.262050254942324,1119.5473251342773,2089.1189346313477,0.09247597682283087,-85.72223776100412,-0.017402836990038972,0.008710630423684423,False,
485,16.166666666666668,36.549265050657276,1118.850242614746,2088.393709818522,0.09112753330476006,-85.95568782166247,-0.014068681356551122,0.005596478589973662,False,
486,16.2,34.22949252257691,1121.2756334940593,2087.338363647461,0.08995288002900913,-86.14070388662435,-0.012941045940689663,0.005057868015908035,False,
488,16.266666666666666,31.77833535029579,1134.46941502889,2086.9142583211265,0.0881016873785641,-86.61011121581389,-0.008499985717167462,0.0037252082783941123,False,
489,16.3,20.422144155079643,1142.5115063985188,2085.550926208496,0.08787794904484335,-86.8257184786877,-0.006254227882747128,0.0008350194039941273,False,
490,16.333333333333332,15.942473960962566,1148.444070180257,2080.423314412435,0.08797495353843934,-87.04985511435062,-0.0032093764048808726,0.0008076040861601113,False,
492,16.4,29.198235917032758,1156.2173334757488,2066.6117528279624,0.08840535034702851,-87.58653471172217,-0.0005592583285223496,-0.009308442201542836,False,
496,16.533333333333335,46.77040873357629,1151.8117129007976,2049.304100036621,0.0884260309517799,-88.61792912612103,0.010097150699649378,-0.018184906401066656,False,
497,16.566666666666666,39.559178950201236,1148.6444244384766,2045.8921305338542,0.08856892156553785,-88.86698812144571,0.013792525725182705,-0.021889457175967894,False,
498,16.6,36.010081098443905,1145.8603579203289,2040.4845174153645,0.088457840204614,-89.13852921441367,0.01550300300196332,-0.023160316970910394,False,
500,16.666666666666668,47.87597488017149,1141.7390518188477,2031.0635299682617,0.0883497631100738,-89.63829245591148,0.021386117207643492,-0.0281230392732553,True,0.8016005158424377
501,16.7,24.35476439896604,1140.19908396403,2030.0162658691406,0.08839152805680683,-89.87458594994858,0.023911370380014552,-0.030096048774163664,False,
503,16.766666666666666,15.865720034161583,1132.0797208150227,2036.162104288737,0.08801255701469388,-90.38705591447604,0.02534870033825491,-0.03522770726274595,False,
507,16.9,20.529287402695218,1112.1699142456055,2059.817451477051,0.08887302217790376,90.74734153917396,-0.038257262982078176,0.05335078570620506,True,0.8703463673591614
562,18.733333333333334,19.32752773814586,1121.612513224284,2180.120709737142,0.1100985728108311,-96.89368208942082,0.07295583539563885,-0.3240679961319051,True,1.4751285314559937
566,18.866666666666667,16.961530571097153,1094.7894821166992,2191.605110168457,0.12212357534745631,-98.02579703125505,0.07471209364673263,-0.35995593703429,False,
568,18.933333333333334,22.156939397869994,1089.5649916330974,2195.742276509603,0.12753485344069831,-98.461657711255,0.07445392590592942,-0.37661047738156744,True,1.505676031112671
569,18.966666666666665,30.870300067943557,1086.4122149149578,2199.4509251912436,0.13011113584977768,-98.65770525522555,0.07331522345721692,-0.38449619447846,False,
570,19.0,24.167501064175706,1085.0798670450847,2202.77273050944,0.13297138314156554,-98.77700238643156,0.07302758796361689,-0.39101569327146046,False,
571,19.033333333333335,23.187208890769792,1087.8329683939617,2206.5525182088218,0.13508212684735307,-98.90116370173467,0.07231859009658222,-0.39844866261777173,False,
572,19.066666666666666,13.528077066277573,1092.5269311269124,2211.5510025024414,0.1364145654339565,-98.89745850549326,0.07084594508363153,-0.40310580212884783,False,
573,19.1,20.29480092951543,1096.9539699554443,2218.2273737589517,0.13771550788732642,-98.8944710645597,0.06666735879845723,-0.4104192482686879,False,
574,19.133333333333333,13.262076158465211,1100.4781678517659,2226.1175816853843,0.1389831218676631,-98.92464021351321,0.06548622603746543,-0.4144267776349554,False,
575,19.166666666666668,11.924037470064716,1107.42858060201,2234.5508600870767,0.13990285788963808,-98.83472624100709,0.06471583264544309,-0.41655923491534985,False,
576,19.2,11.055887377262597,1113.8618272145588,2244.2516428629556,0.1408536608783937,-98.8249552979044,0.06151400845248219,-0.4223416124512343,False,
577,19.233333333333334,14.896123393662492,1118.4332866668701,2253.5910364786782,0.14206536357034744,-98.87045099559887,0.057757179826555115,-0.42933474335511884,False,
578,19.266666666666666,10.289774050535435,1124.9928251902263,2261.077189127604,0.1425981082189573,-98.76955355902027,0.0545333256846981,-0.4312095700645813,False,
579,19.3,12.982754997074348,1132.6682453155518,2268.4435424804688,0.1431228522176766,-98.69647098335788,0.052938879732606116,-0.43509902373312603,False,
580,19.333333333333332,22.179792803879778,1138.5885601043701,2275.728281656901,0.14356619359265546,-98.61713780019608,0.04935847046139353,-0.4387325269085409,False,
581,19.366666666666667,13.596202836332273,1141.8338642120361,2282.178766886393,0.14364921892452015,-98.54129640984857,0.04854636586634583,-0.4391194113138535,False,
582,19.4,17.0030960665054,1146.0069561004639,2287.533289591471,0.14358695663682625,-98.54671893319838,0.04561839489977159,-0.44266410517138105,False,
583,19.433333333333334,17.777053477122966,1150.1625652313232,2292.546147664388,0.14314017702629434,-98.55219059791882,0.042427874327699254,-0.4455699744598588,False,
584,19.466666666666665,23.645854909996913,1152.7790540059407,2297.05246480306,0.14263828022566563,-98.49851572487891,0.04031692530239512,-0.44682768499969494,False,
585,19.5,16.96993509310535,1154.2540448506672,2301.407658894857,0.14122969527364249,-98.45160282898827,0.03947594457204086,-0.4453485158398909,False,
586,19.533333333333335,13.38074330894064,1149.8597170511882,2307.91077931722,0.13959119990384936,-98.49040991737532,0.03732173973340213,-0.4443049469205675,False,
587,19.566666666666666,11.565855554036059,1138.872838973999,2315.6619008382163,0.13833223968579694,-98.69926762711987,0.035869738290048504,-0.4467471874889213,False,
588,19.6,11.260596324900762,1122.1896654764812,2322.6561584472656,0.13669422887828356,-99.00226905199372,0.03977959810869559,-0.44243871109934435,False,
589,19.633333333333333,18.025510047534155,1103.5301520029705,2328.025260925293,0.13557471365373697,-99.36523306860452,0.043978383066625895,-0.4402010595501885,False,
592,19.733333333333334,18.508671277623346,1045.140158335368,2330.9119771321616,0.13354642124780758,-100.36139996097684,0.0552576723062521,-0.4398611907870158,False,
593,19.766666666666666,13.625144350864375,1031.1165313720703,2327.048917134603,0.13336765194565722,-100.58797148988616,0.0572493465049536,-0.4404879881437074,False,
594,19.8,15.124589562618839,1021.3560581207275,2322.5466079711914,0.13341770502366054,-100.80357657030146,0.0587077206583814,-0.4424028404662242,False,
595,19.833333333333332,22.06009458272514,1012.0159435272217,2317.7202682495117,0.13381441505155758,-101.07263892160066,0.06281987326027806,-0.4430561041960258,False,
596,19.866666666666667,27.45360135643046,1004.550474802653,2312.7132415771484,0.1344804075835773,-101.23988122917736,0.06338439144583419,-0.4447509233809676,True,1.7399057149887085
597,19.9,17.678489095795108,1003.1195023854574,2306.571075439453,0.13535768517463864,-101.34702303391869,0.06301124759568158,-0.44714958953952516,False,
598,19.933333333333334,22.707343218804674,1010.1878140767416,2298.896441141764,0.13652810745262184,-101.34164192359867,0.062141399234875896,-0.45036714829865415,False,
599,19.966666666666665,11.948527371163962,1022.2265669504801,2291.4200744628906,0.13793791626650193,-101.20780188762342,0.06183206744211938,-0.45354774578247087,False,
601,20.033333333333335,21.818109514890207,1053.4678993225098,2281.818445841471,0.1402456666378912,-100.60948621921868,0.05304533757482604,-0.4597261936185625,False,
602,20.066666666666666,12.892281992861202,1065.644978205363,2282.2346547444663,0.14038867568613367,-100.35324273320386,0.04932292324664783,-0.46150964281897844,False,
603,20.1,10.206283493462184,1076.5932331085205,2286.002680460612,0.14005769645521254,-100.1718606205098,0.04661916360429554,-0.46138345354158045,False,
604,20.133333333333333,12.799419854169098,1085.3056831359863,2291.769462585449,0.139869601256738,-100.06434417421339,0.04336105973098923,-0.46145012739156377,False,
605,20.166666666666668,20.695794464311955,1092.108326594035,2297.7497177124023,0.13941164727777572,-99.95721033689688,0.04207052139601867,-0.45964734936913804,False,
606,20.2,28.096530638280022,1096.5074666341145,2302.7602030436196,0.13916793401076888,-99.88531808630982,0.040316499669358796,-0.45917844034607097,True,1.7747787237167358
607,20.233333333333334,24.85015136764402,1098.3769079844158,2306.561393737793,0.13865566667417006,-99.81804120511778,0.03981546234803159,-0.457972051383896,False,
608,20.266666666666666,17.52112186245039,1098.7699356079102,2310.20090230306,0.13768028305711696,-99.76122532617143,0.036907996249294125,-0.45755469904785995,False,
609,20.3,22.421597583320416,1098.5143616994221,2314.5048751831055,0.13652906240026902,-99.72223808477258,0.03813432417008468,-0.4545340606042525,False,
610,20.333333333333332,19.87854037808853,1097.5853099822998,2318.9313888549805,0.13533216507822218,-99.71624264842102,0.03737072117399863,-0.4528585703278119,False,
611,20.366666666666667,24.005574105404744,1095.2248630523682,2322.614687601725,0.1341956814872733,-99.71022613560305,0.03741952494011152,-0.45032265216952616,False,
612,20.4,18.12119243989145,1090.7426713307698,2326.009391784668,0.13352861964726115,-99.75706972642601,0.03927997177900705,-0.4495003225227125,False,
613,20.433333333333334,22.06409296513239,1083.916077931722,2327.2451146443686,0.1333533752309629,-99.84698750873788,0.040268598374916344,-0.44922029026025906,False,
614,20.466666666666665,25.419445657341083,1075.6887893676758,2326.9424463907876,0.13324548673364062,-99.90726899036375,0.04297724565187316,-0.44774420419781713,False,
615,20.5,31.054954288638033,1070.180669148763,2325.992815653483,0.13298613688382357,-99.95249365105177,0.04501970718414045,-0.44632747484404167,False,
616,20.533333333333335,30.395271583359037,1065.8856252034504,2325.258295694987,0.13284309383422005,-99.94781449416143,0.04664692605232655,-0.44486366791081805,False,
617,20.566666666666666,29.05652011635811,1062.0359586079915,2324.8084004720054,0.13299830370051585,-100.01147728918002,0.047453339666739154,-0.4447223776339757,False,
618,20.6,23.820334282344774,1062.8758506774902,2323.1917724609375,0.13292498875187359,-99.8908517832324,0.04692313138716628,-0.44432386595655593,False,
619,20.633333333333333,27.98059512265103,1067.2712071736653,2321.191879272461,0.13308914011166054,-99.74108750133048,0.0471804986856078,-0.4424847094534856,False,
620,20.666666666666668,28.918004547258313,1071.3536968231201,2319.4150263468423,0.13314849496350722,-99.55163649430948,0.04657826572476487,-0.4412809177258356,False,
621,20.7,28.67187428366199,1073.143487294515,2318.830820719401,0.13327101976215033,-99.4024741671719,0.04774962276336749,-0.43914521694009784,False,
622,20.733333333333334,27.91392405809408,1072.1827901204426,2319.4224294026694,0.13338743514093251,-99.29448417569107,0.04727414287838335,-0.43861019022758446,False,
623,20.766666666666666,29.80669114247337,1070.177361170451,2321.1452560424805,0.1332904707805904,-99.24485020415396,0.048695659695604326,-0.4368129390564457,False,
624,20.8,27.173792730770195,1069.000078201294,2324.4271952311196,0.13285285812704298,-99.15214388522867,0.04814905018184009,-0.4349305832290308,False,
626,20.866666666666667,26.112520109622647,1064.507064819336,2334.5686543782554,0.13209686078213234,-99.04412389265194,0.0509792790453183,-0.43020295413452914,False,
628,20.933333333333334,22.187880620876683,1059.819860458374,2346.614789326986,0.13067709087334758,-98.87370565867315,0.05163467515799196,-0.42373553132169584,False,
629,20.966666666666665,25.16477156445142,1053.687463760376,2353.835863749186,0.13003302303551106,-98.91227681933267,0.05340190704871484,-0.4211217483259214,False,
630,21.0,23.450147445168653,1048.9336020151775,2360.644920349121,0.12922687428557542,-98.82934252822194,0.055210589033273486,-0.4169770569021999,False,
632,21.066666666666666,28.556986141731826,1043.1306381225586,2371.8445790608725,0.12774104057696806,-98.5144106522322,0.058303384537952474,-0.4067790600929955,False,
651,21.7,24.693658785819178,953.4887269337972,2294.4669825236,0.10887071734785737,-93.58076580892296,0.12780057310669765,-0.24255426406735783,True,1.8316969871520996
663,22.1,22.7154162476797,855.399730682373,2309.932777404785,0.09244310027002513,-91.46211832320908,0.17959832259937944,-0.1244886962149995,True,1.352489709854126
666,22.2,18.487034911609562,839.4669335683187,2325.462521870931,0.0883539638294557,-90.83456235571906,0.1903700282178037,-0.09859273432624373,False,
667,22.233333333333334,33.06042333718082,834.1924730936686,2330.1086349487305,0.08799175773819014,-90.60936175652357,0.19660749716591056,-0.08830340582334596,False,
668,22.266666666666666,16.650411992672506,829.8919150034586,2333.6291631062827,0.08808360878848395,-90.3382673936442,0.19943733997088425,-0.08158522984926714,False,
669,22.3,32.15692247320932,826.0993226369222,2334.7162755330405,0.08789839228584512,-90.27234817374236,0.20298267109375873,-0.07639392136253226,False,
670,22.333333333333332,19.876047714930795,824.6931769053141,2333.9762852986655,0.08795410875568281,-90.03217419833906,0.20940645410933623,-0.06785947583545839,False,
671,22.366666666666667,14.572625393544797,825.243642171224,2332.1436971028647,0.0879862942142384,-89.90843421475819,0.21288913573376622,-0.06289379781970232,False,
672,22.4,12.631314715715328,826.142972946167,2330.3370107014975,0.08835058066026766,-89.81036774467972,0.21518736254712673,-0.05981430421389954,False,
673,22.433333333333334,21.67996010664052,826.864340464274,2327.2275670369468,0.08888539609162538,-89.5778869992002,0.22233161323715286,-0.05241092844645618,False,
674,22.466666666666665,22.47987438417958,827.9999230702718,2323.537233988444,0.08959810925996099,-89.38391318163228,0.22642335901079463,-0.04636294516287199,False,
675,22.5,25.709889279553863,828.8259347279867,2319.7606608072915,0.09045029836367542,-89.28889749975667,0.23077462650901995,-0.044120565690281194,False,
693,23.1,9.489332617936274,845.6053740183512,2106.2823206583657,0.10998158628897638,-87.05015871877134,0.31553695659769854,0.008390194107024627,False,
694,23.133333333333333,8.99681591760613,837.2007033030192,2097.5613810221353,0.11062329677108614,-86.89820576173894,0.3209065587832094,0.01120452510819776,False,
695,23.166666666666668,19.41559811473605,834.4001598358154,2088.72393544515,0.1111175015126903,-86.93311506707403,0.3251322933203112,0.008410669824930413,False,
696,23.2,26.914935975170525,835.9014403025309,2079.351015726725,0.1116214465815392,-86.83410016486316,0.3275344258888749,0.010669771715413496,True,1.0819200277328491
697,23.233333333333334,15.036224316685711,841.2927112579346,2069.445482889811,0.11189012537489261,-86.7660145526916,0.3301780296886403,0.011229488657698997,False,
698,23.266666666666666,11.862446054087487,852.9789981842041,2060.1262003580728,0.11219919783324202,-86.8090545973792,0.33503993056539405,0.007946042665389634,False,
699,23.3,26.869214952733824,868.9598134358724,2051.642064412435,0.11217940805394212,-86.68443766710485,0.33531896382197834,0.010787635854529522,False,
700,23.333333333333332,17.768912571909755,885.5475807189941,2045.3030014038086,0.1121315570296222,-86.5747145213979,0.33757529644419393,0.01318832853289548,False,
701,23.366666666666667,11.75492303482,902.2711232503256,2040.900052388509,0.11233589690848672,-86.36499057794792,0.3378488649672902,0.021901063558229614,False,
702,23.4,15.570640356390307,919.2123374938965,2037.4780400594075,0.11227388243642143,-86.51872598483703,0.34249545181817675,0.014749577318813902,False,
703,23.433333333333334,18.95257323953749,933.7145016988119,2034.9672419230144,0.11266139723356497,-86.52473945533387,0.3466568388063577,0.01451234823690415,False,
704,23.466666666666665,15.151045239706063,946.8667856852213,2032.0090204874675,0.1124263231607979,-86.64413757530308,0.3421550458745446,0.007464459863888433,False,
705,23.5,12.605874635723959,961.9519831339518,2029.1610488891602,0.11300523438778462,-86.47529500400275,0.3490522939518183,0.016543987286428283,False,
706,23.533333333333335,14.800734230541122,980.866382598877,2024.9485753377278,0.11309997242914471,-86.41656514882992,0.34974734590344064,0.01946240860733578,True,1.3083155155181885
707,23.566666666666666,14.309450649667735,1001.0724665323893,2020.9130452473958,0.11299325738528919,-86.34250928296585,0.3510913053372307,0.02097161481479506,False,
708,23.6,14.703930056071775,1019.5036671956381,2016.9628245035808,0.11292804865407055,-86.37895387686888,0.35381306278095564,0.020279659296067596,False,
709,23.633333333333333,15.34326919749514,1035.3225631713867,2013.264767964681,0.11315844676089415,-86.4353158136057,0.3575401349358358,0.017120796339775528,False,
710,23.666666666666668,19.26110936157423,1047.3942540486653,2010.3308181762695,0.11337255299507192,-86.50194325149072,0.3603656582101331,0.013267994669545742,False,
711,23.7,27.52456717162853,1055.521105448405,2007.9300994873047,0.11380183248595939,-86.46670313385252,0.3639471138264214,0.01578774351181998,False,
712,23.733333333333334,36.32138245315565,1060.3515764872234,2005.7488683064778,0.11435851749571112,-86.47046737663982,0.36695532450724544,0.01607667904851387,False,
713,23.766666666666666,41.6601522874431,1065.1595280965169,2003.373326619466,0.1148755389079474,-86.47293742755411,0.3705809821781584,0.01653453078911107,False,
714,23.8,48.97452473428272,1068.9380544026692,2000.8950373331706,0.1154377591711441,-86.50868296273704,0.3741692030848545,0.015658307851650517,True,1.2606358528137207
715,23.833333333333332,43.07121871027847,1071.0647684733074,1999.8134206136067,0.11587231694028527,-86.5061986503648,0.37766573988223345,0.01710141239028456,False,
716,23.866666666666667,45.52413387680329,1074.4714075724285,2000.1279296875,0.11650953379829765,-86.4891355999715,0.3810749734753788,0.019467074041326853,False,
717,23.9,37.300087788108236,1076.8899930318196,2000.5550155639648,0.11750981770363765,-86.52774299954817,0.38519995907080307,0.018717996328106903,False,
718,23.933333333333334,45.730714687509526,1078.2899347941081,2000.6470692952473,0.11877502823914975,-86.5429583861082,0.3888221437113327,0.019925663947195374,False,
719,23.966666666666665,41.44469139202042,1080.8784103393555,2000.5600204467773,0.11985019649511584,-86.5566222657082,0.39171904072288555,0.02104115656841133,False,
720,24.0,38.30861321653698,1085.525993347168,2000.4536107381184,0.12100592726141865,-86.58221684537914,0.39574329599226404,0.022570847827207977,False,
721,24.033333333333335,18.220762424453177,1091.604335784912,1999.6261393229167,0.12195275473835931,-86.6053923953098,0.3976249775367746,0.023624914706041965,False,
722,24.066666666666666,40.21038118411697,1099.9241778055828,1999.1088562011719,0.12259917196653718,-86.63597603227369,0.4008188997314137,0.023680029603825824,False,
723,24.1,30.14215440313092,1105.0697174072266,1999.7451349894206,0.12337496674291883,-86.63652260387951,0.40345214727178924,0.025648977094512936,False,
724,24.133333333333333,37.79461167086922,1106.4941431681316,1999.3890228271484,0.1246621601635783,-86.66937406262181,0.4075370180276668,0.024667329053613657,False,
725,24.166666666666668,37.87145335846406,1107.0777498881023,1998.270876566569,0.1255565272006312,-86.68658818663467,0.41062585542983,0.0254107209921351,False,
726,24.2,29.65230512710972,1106.8722407023113,1996.8586934407551,0.1268024911421701,-86.68052498484802,0.4138847088843141,0.028117987520167212,False,
727,24.233333333333334,33.44166126929473,1107.0214945475261,1994.0895767211914,0.1280927886216388,-86.72626576899165,0.4174960376954642,0.025835462201791507,False,
728,24.266666666666666,37.13752480250488,1107.875727335612,1990.5137939453125,0.12893428834651136,-86.75239998874274,0.41976392535752677,0.024551756880461472,False,
729,24.3,27.635145259018646,1107.3584073384602,1986.0299275716145,0.13009246582193162,-86.7765946732778,0.419341074106175,0.02473523493767665,False,
730,24.333333333333332,32.3669066439326,1107.1560223897297,1980.00404103597,0.13095278745351044,-86.84655671906626,0.4226388823005281,0.020469713540508343,False,
731,24.366666666666667,33.099234642278525,1108.0286623636882,1976.549725850423,0.13084367484364104,-86.90807204724257,0.423015821369891,0.01920263515756545,False,
732,24.4,22.819459138018555,1108.302126566569,1976.1580251057942,0.13071783861148925,-86.94943849954622,0.42135238899440214,0.018632112474477595,False,
733,24.433333333333334,28.214080646291624,1109.5301144917805,1976.5749918619792,0.1307832933681583,-86.98136129320731,0.4212213896146362,0.01880587317558097,False,
734,24.466666666666665,18.289064252525254,1108.6019859313965,1979.6567204793294,0.13043468151618767,-87.00263584873952,0.4198302966732222,0.020140280188163245,False,
735,24.5,26.46463006572464,1103.6235415140789,1985.1010487874348,0.13064511855660924,-86.99350508238373,0.4207749774838455,0.023866949778357908,False,
736,24.533333333333335,18.258359376717046,1096.7165908813477,1991.1814244588215,0.13095653402320165,-86.97042901911017,0.4191501048463321,0.030188544438675226,False,
737,24.566666666666666,15.769637263548137,1089.161392211914,1998.0349553426106,0.13118406143243236,-86.99362648481674,0.41731994425751834,0.033772218213361634,False,
738,24.6,28.267808336890017,1082.8011945088704,2003.4502080281575,0.13203325127410753,-87.04021058414465,0.42023781755125283,0.034037024794932626,False,
739,24.633333333333333,39.23107625949038,1080.3260243733723,2005.9004414876301,0.13291114218494954,-87.08401193893359,0.4204991635249167,0.03514016110149517,False,
740,24.666666666666668,24.445584870097797,1081.1177800496419,2006.04869333903,0.13361797385554158,-87.14390076187917,0.42006410354057966,0.035174741631294484,False,
741,24.7,23.353900085322255,1081.2004203796387,2005.4092178344727,0.13449770719170048,-87.18128715820056,0.42114598478167925,0.03625397927678617,False,
742,24.733333333333334,25.20273648249806,1079.5789604187012,2003.7936452229817,0.13565506090719193,-87.19701475839109,0.42168911771445083,0.03717947553019502,False,
743,24.766666666666666,29.72193043496547,1078.0814832051594,2000.9334564208984,0.13660846711594382,-87.28054889002023,0.42257476876249533,0.03532992672097749,False,
744,24.8,37.59873526730858,1078.4891573588054,1998.5848922729492,0.13697372887126952,-87.34203361312804,0.42104435610375807,0.03481222738036764,True,1.4315662384033203
745,24.833333333333332,28.712285251146028,1080.112850189209,1998.462008158366,0.13677258297329697,-87.40827754395536,0.4187894096120913,0.03555337624510097,False,
746,24.866666666666667,33.75381840713674,1080.608792622884,2000.506627400716,0.13654108210449736,-87.4948915717036,0.4166617325934608,0.03500565769240301,False,
747,24.9,35.53060393795089,1080.8055458068848,2003.43994140625,0.1362686720040815,-87.56783424482362,0.4134226031910728,0.0362629382958458,False,
748,24.933333333333334,19.52023049962985,1081.9924379984539,2008.0527038574219,0.13538627851929544,-87.62380264262634,0.40834399993815157,0.039205305582766026,False,
749,24.966666666666665,31.270569367260332,1084.7898546854656,2013.8826726277669,0.13455632707618165,-87.67897770919436,0.4044873769725932,0.04170704465085767,False,
750,25.0,32.11451767291873,1088.8631629943848,2018.3924204508464,0.13392683586955553,-87.76051217333895,0.40013206662589385,0.043181559245895,False,
751,25.033333333333335,29.545037891561414,1092.2829691569011,2021.3252436319988,0.13298623703588947,-87.82795779865252,0.39680157982738284,0.046657023150657034,False,
752,25.066666666666666,36.504821415647086,1092.2555821736653,2023.992172241211,0.13205231997375785,-87.91654843235767,0.3905675044681354,0.04633437567394337,False,
753,25.1,31.726121109856432,1090.8334363301594,2025.1613133748372,0.1313782236313906,-87.99176952998725,0.3864641754144318,0.048029441495729304,False,
754,25.133333333333333,24.01447654003011,1091.2016576131184,2024.4481506347656,0.13022031793151218,-88.0766202585425,0.38126612812579325,0.049009224912472255,False,
755,25.166666666666668,19.155604376928192,1093.2508837382,2022.9336598714192,0.1288254335085187,-88.18508195930198,0.3757431655829291,0.04879733206563125,False,
756,25.2,31.896496960684686,1095.938138326009,2021.1864395141602,0.12700339209001182,-88.27107371424742,0.36893582452285384,0.050230058845095925,False,
757,25.233333333333334,26.539190421596423,1094.6129366556804,2018.590082804362,0.12578872772729988,-88.37610655511025,0.3637048764711575,0.049150387466373346,False,
758,25.266666666666666,28.21062460407274,1089.0370661417644,2014.5872294108074,0.12482729195935036,-88.47102477045524,0.3595675618159953,0.04894382897359365,False,
759,25.3,32.47979704338748,1080.1729418436687,2009.1046981811523,0.12382163669976885,-88.58171296836368,0.3542190983676617,0.04807712588780913,False,
760,25.333333333333332,23.309825620279373,1071.3715171813965,2002.7252985636394,0.12264654062980197,-88.68562777335862,0.3483690360453889,0.04774927741516674,False,
761,25.366666666666667,21.783894470853205,1063.7464815775554,1995.8145268758137,0.12088136243381872,-88.82329624355573,0.3423979043990505,0.04828243683760894,False,
762,25.4,38.20112102109642,1055.6072273254395,1989.7444508870442,0.11882805707191751,-88.97035551853607,0.3363021779832435,0.04808390306818902,False,
763,25.433333333333334,32.90493563265595,1047.6232884724934,1985.6058171590169,0.11654714365670107,-89.1611837165985,0.3293489805846623,0.047024701606621595,False,
764,25.466666666666665,36.23913867869751,1041.327407836914,1982.8089548746746,0.11412113301619774,-89.2665026041681,0.319699037630766,0.051287972124486575,False,
765,25.5,31.956815206448066,1033.3665351867676,1979.670021057129,0.11203882965602752,-89.46175628047818,0.31506960114002003,0.051347636839999766,False,
766,25.533333333333335,35.930086567996995,1024.9575958251953,1975.3306299845378,0.11011669934428353,-89.62982517913252,0.3088001881398552,0.05240158970842375,False,
767,25.566666666666666,28.75146306240791,1017.8043073018392,1969.4407450358074,0.10815176789883459,-89.81264323347872,0.3026350165274264,0.05313063579679323,False,
768,25.6,25.023285607806145,1013.0314496358236,1962.2428487141926,0.10585631434132396,-89.99820189436029,0.2976244599690611,0.05356224768790457,False,
769,25.633333333333333,24.594571749253493,1009.4458999633789,1954.7641499837239,0.10325425212482066,-90.22622766852575,0.2898812142682486,0.053675190758823585,False,
770,25.666666666666668,36.50821334109456,1007.5658404032389,1947.724998474121,0.10048630529935317,-90.43904405359567,0.2847160474254118,0.05426310218109411,False,
771,25.7,34.832480100219314,1004.3505694071451,1941.567876180013,0.09771616564756254,-90.6374341909791,0.2778895800166904,0.05636532140136138,False,
773,25.766666666666666,33.17488163858402,990.1844546000162,1933.2067133585613,0.09303666304556289,-90.9583722037262,0.2653307622677262,0.060140838486354424,True,1.0140268802642822
774,25.8,31.91435793620852,981.5270500183105,1930.5278854370117,0.09057401236704647,-91.16866587455054,0.25685213018181924,0.0603589866438557,False,
775,25.833333333333332,22.774131890192606,971.4798685709635,1928.3517252604167,0.08826694953702108,-91.24909069774871,0.2511130709134539,0.06469988291493677,False,
776,25.866666666666667,29.35812115753889,960.2235844930013,1926.3296712239583,0.08641547009143122,-91.40620887210156,0.24661768539087284,0.06664311604571778,False,
777,25.9,15.40722851540994,951.2427698771158,1924.8169987996419,0.08468767759941576,-91.74399119971706,0.24568958802124302,0.062221004449982416,False,
779,25.966666666666665,24.88508833812585,929.2440058390299,1934.172945658366,0.07935903543807792,-91.80964459230685,0.23207718892221807,0.07625508975425845,False,
780,26.0,25.21575816224968,918.9778734842936,1939.562708536784,0.07700677923678467,-91.99356250492745,0.22770903928040082,0.07768488818738205,False,
782,26.066666666666666,18.1726438486887,904.1236864725748,1949.5572814941406,0.07221456765712778,-92.22161518586256,0.2187272208888202,0.08636369704682129,False,
784,26.133333333333333,41.081094030655144,903.113291422526,1958.9847997029622,0.06824809356862345,-92.63512207742261,0.20909257969965842,0.08751025191050445,True,1.1092864274978638
785,26.166666666666668,28.177124952041336,911.6299057006836,1964.3306350708008,0.066047706485788,-92.68606008729098,0.2035674779520908,0.0952237903505717,False,
815,27.166666666666668,12.205142553081908,947.8985799153646,1983.4818598429363,0.06634781668569674,-91.92248556851911,0.10943905717957932,0.21205037948681277,False,
816,27.2,11.044659397353339,961.7759539286295,1975.3273188273113,0.06766674964907042,-92.01866798643229,0.10649886567478432,0.21848928214303776,False,
847,28.233333333333334,19.387699391132504,934.0223789215088,1811.6836191813152,0.10990183281358407,-93.19581706021063,-0.0069642144014867135,0.3166591894948201,False,
860,28.666666666666668,23.212817884213163,973.5292097727457,1723.9586359659831,0.12694423170378824,-94.78376947750088,-0.045128639769321126,0.39358614513350776,False,
861,28.7,27.727700956445815,975.999475479126,1719.0136057535808,0.11826417061498724,-94.94339589295708,0.05576828412157046,0.3370431324690139,False,
862,28.733333333333334,17.55648486800511,981.223554611206,1720.432093302409,0.11826991176094542,-95.04826167621871,0.05729387711123706,0.34136114132862855,False,
863,28.766666666666666,14.239086650224841,989.0735276540121,1725.600507100423,0.1180646119939824,-95.22769385979223,0.0598006549403489,0.34474873143046947,False,
864,28.8,28.47759288968621,996.9220918019613,1729.4823252360027,0.11879857963422699,-95.31844229745924,0.05712889786135803,0.3521136360635879,False,
865,28.833333333333332,32.84424748744149,1000.389341990153,1730.534034729004,0.12016845601582342,-95.35006971577253,0.05732251171530707,0.3578800979238327,False,
866,28.866666666666667,16.30608486524539,1001.1176961263021,1730.7826843261719,0.12120819752907316,-95.37011791258122,0.05401375063514479,0.36290869678453114,False,
867,28.9,25.780816540318973,999.1498966217041,1731.0431467692058,0.12215624854691995,-95.29968310988312,0.05586575543899474,0.3675688207291396,False,
868,28.933333333333334,15.049794308145394,994.8541717529297,1729.2978185017903,0.12385254668889491,-95.15898298670605,0.0563607382610169,0.3738446555238732,False,
869,28.966666666666665,22.030607445926282,989.1541792551676,1725.3561452229817,0.1252420934937867,-94.98762842675353,0.058108074291611,0.37945610678777725,False,
870,29.0,13.522325297912413,983.3398221333822,1722.477035522461,0.12583049778566105,-94.81557886010683,0.05863554678011556,0.3832344539828222,False,
871,29.033333333333335,29.94459400372584,978.6977589925131,1720.1641693115234,0.12652084201441113,-94.67630786368733,0.061330065415625336,0.3872374218036389,False,
872,29.066666666666666,36.29007048879568,977.9823678334554,1717.725606282552,0.12730758036179934,-94.62850511423166,0.0618968237784304,0.39110659357810096,True,1.2145335674285889
873,29.1,26.93021241835352,982.1557127634684,1715.1788508097331,0.12787691852473979,-94.67623497915181,0.06155307401356876,0.39466404489747925,False,
874,29.133333333333333,15.181782018741826,989.9778823852539,1713.062822977702,0.12801078630244495,-94.79058765201607,0.06182929958600255,0.3980954859174034,False,
875,29.166666666666668,14.092822963514433,1000.3531748453776,1711.7779159545898,0.12791258934198,-95.00812058521689,0.05965310289061214,0.400572669343881,False,
876,29.2,17.651727172618425,1011.5114447275797,1710.8747380574544,0.12773935644125411,-95.21978437695839,0.05928894553942784,0.4021696954023647,False,
877,29.233333333333334,20.918533817568186,1020.5349515279134,1710.5940704345703,0.12762213500512964,-95.37169776886007,0.05797308769839857,0.4042271676090453,False,
878,29.266666666666666,25.57325131860838,1027.6958491007488,1710.8927790323894,0.12706781498697695,-95.51053231567897,0.056945747419481836,0.40603718945864564,False,
879,29.3,23.934179157005467,1030.7280337015789,1711.237683614095,0.12625382595226436,-95.52670324802807,0.0560865595050817,0.40870804411714545,False,
880,29.333333333333332,25.46432503315871,1030.6489397684734,1710.8568445841472,0.12494483095458943,-95.52163584508911,0.05504417505860106,0.4103157333678685,False,
881,29.366666666666667,19.497720178725412,1032.1369616190593,1710.47327931722,0.12350614694114619,-95.59278024131575,0.05510014563926177,0.41091641235821236,False,
882,29.4,13.78513095240725,1032.9962355295818,1710.129847208659,0.12223082494109724,-95.65689556036133,0.055112864142632056,0.41284401000279625,False,
883,29.433333333333334,18.372091509281358,1031.3044548034668,1708.3925654093425,0.12060720901114738,-95.71959913951709,0.05887759575076726,0.4100884736811571,False,
884,29.466666666666665,16.55544525018929,1031.263666788737,1706.3679377237956,0.11871175410838201,-95.81586439121682,0.0587997681812437,0.40744833355657273,False,
885,29.5,21.91838657587257,1037.1512845357258,1704.2208201090496,0.11731292043565819,-96.00015237411488,0.05467820368413575,0.4143079468251976,False,
886,29.533333333333335,26.85193775469232,1045.3213373819988,1703.6809921264648,0.11597445794004334,-96.29266300867428,0.05357289425691328,0.41480069125359775,False,
887,29.566666666666666,19.831939722636633,1056.3670298258464,1703.9847920735676,0.1145577570899812,-96.6711427029815,0.05264483821013492,0.4143089581790074,False,
888,29.6,24.51757258507196,1068.424186706543,1703.2657292683919,0.11302046200918366,-97.07680712523916,0.047478705066980556,0.4171948573524182,False,
889,29.633333333333333,21.954702085323905,1081.7953097025554,1701.3965555826824,0.11125093840152579,-97.52113366833142,0.045756871026114025,0.4164116248911061,False,
890,29.666666666666668,21.52810619150554,1094.335132598877,1700.2901941935222,0.109054469665806,-98.09824081899593,0.04458573967347694,0.41118983690037914,False,
891,29.7,17.500150500990227,1105.2785873413086,1703.0573908487956,0.10684905344902897,-98.48588588716294,0.03685657925749032,0.4175200800387403,False,
892,29.733333333333334,13.505263182856714,1117.7721099853516,1708.759765625,0.10467587069301423,-98.81881331443134,0.04046747787520747,0.4119123773298827,False,
895,29.833333333333332,11.190609580010532,1169.9759572347004,1743.1605758666992,0.09903830171778136,-100.57629308989321,0.013782531265644899,0.4239642641992056,False,
896,29.866666666666667,15.178708568874026,1182.492785135905,1753.5621821085613,0.09640683598224886,-101.09966902395176,0.02872385951028914,0.4083109196108796,False,
897,29.9,14.923885885765138,1190.1077969868977,1763.2642033894856,0.09482733605383405,-101.49400979137248,0.023582117845346022,0.4114368984924538,False,
898,29.933333333333334,19.059793854655787,1192.897336324056,1771.1479593912761,0.09382887696805191,-101.71086046993913,0.01996629091456508,0.4135569973409391,False,
899,29.966666666666665,17.997308248926267,1193.6081466674805,1776.9743245442708,0.09322129330136243,-101.87285698171489,0.01910635975224067,0.41307772218795374,False,
903,30.1,30.42638764397003,1178.3908933003743,1797.142857869466,0.09246863435947568,-101.59677362677292,0.01658822584998402,0.423876457745222,False,
906,30.2,25.164774569908477,1173.9164123535156,1809.295799255371,0.09327934927225641,-101.46829402821618,0.013823327625166892,0.435088795874949,False,
907,30.233333333333334,25.818653834513185,1169.0084292093914,1815.3296915690105,0.09394782818167265,-101.32977355662246,0.01290159607563405,0.43920541502156085,False,
908,30.266666666666666,15.637023125715737,1161.765505472819,1822.009506225586,0.09459991959460622,-101.11489800702579,0.014261373568360138,0.44122672651390366,False,
910,30.333333333333332,21.96658666355145,1140.9240036010742,1832.0514628092449,0.09532752713348061,-100.53365255906158,0.018104931255559807,0.4470272167098325,False,
911,30.366666666666667,26.40116853328514,1131.0144844055176,1835.212272644043,0.09521994098740834,-100.27270459446989,0.016752909724992864,0.4510351878279148,False,
913,30.433333333333334,30.930601404278484,1122.8688112894695,1846.411117553711,0.09346538694844954,-100.35256829341657,0.014726354909367027,0.45134107022272185,False,
914,30.466666666666665,22.38517250408998,1116.2978680928547,1853.7491556803386,0.09288423596804977,-100.24664046432896,0.014504156170770102,0.4530861012834602,False,
916,30.533333333333335,27.577675493227026,1106.2646993001301,1867.5959548950195,0.09101215239967088,-100.1331529609229,0.016456791254112,0.45188768190380746,False,
917,30.566666666666666,21.014721919408768,1103.220049540202,1872.919069925944,0.09040681269905487,-100.1601357906399,0.014841404761381969,0.45152170804483693,False,
918,30.6,22.58098808236618,1102.879788716634,1878.7431335449219,0.08914521391286806,-100.26676243835992,0.01191496258411568,0.4526775435145831,False,
919,30.633333333333333,24.144679319771747,1102.0761413574219,1885.3671646118164,0.08813016304925879,-100.32291467698676,0.01020171679133847,0.45257478782888094,False,
920,30.666666666666668,25.309220547954286,1100.0015881856282,1892.3780415852864,0.08684703253102023,-100.3401098467652,0.010696558904425845,0.45127173346427657,False,
922,30.733333333333334,19.203164587466752,1100.485860188802,1909.0674285888672,0.08526518683799858,-100.55148213420865,-0.0010975200462892882,0.45666109114865344,False,
923,30.766666666666666,31.203016214115614,1100.2016283671062,1917.6561991373699,0.08343930181115372,-100.63245970354109,0.008856545930751206,0.44859347637846914,False,
924,30.8,39.06785973339942,1101.8379770914714,1925.6967442830403,0.08259139683335462,-100.72183469394803,0.007317915191839463,0.4477213532098205,False,
925,30.833333333333332,31.75045378091246,1105.5480880737305,1931.685905456543,0.08172218707167943,-100.8963195000497,0.0070809417246981326,0.4464553452887843,False,
926,30.866666666666667,27.95192889008194,1109.1455574035645,1936.9388529459636,0.08112968621829583,-101.02656057414003,0.006832285517181387,0.4450560867917456,False,
928,30.933333333333334,32.42600831999058,1110.255692799886,1950.8559188842773,0.08081981415085959,-101.18459842574988,0.00561730322572782,0.44571568907914566,False,
929,30.966666666666665,22.370901914038576,1109.0894139607747,1959.5203526814778,0.08088634816631383,-101.1407917864569,0.006756231046934541,0.44686011123862734,False,
930,31.0,25.852545403956178,1110.345500946045,1967.747215270996,0.08043545488990522,-101.30856967152245,0.007472737518025798,0.4459296044895543,False,
931,31.033333333333335,26.070594110685274,1114.2149645487468,1974.6262512207031,0.07988237058071122,-101.46274227930365,-0.010365102848042757,0.45918900504495913,False,
932,31.066666666666666,43.32454757116661,1116.3834482828777,1977.3524983723958,0.07924339075958774,-101.52776036573351,0.0015587556170769408,0.44793045981061985,False,
933,31.1,28.758557538400776,1118.7994079589844,1976.3559850056965,0.07873724723185638,-101.69800636684924,0.0009055864475965218,0.44605893863706775,False,
934,31.133333333333333,26.66855923361579,1121.7109082539876,1971.7728474934895,0.07856220969012263,-101.85587603352177,-0.001198559759648104,0.4455833958764108,False,
935,31.166666666666668,21.10460314328699,1124.384075164795,1965.7809371948242,0.07930993617904289,-101.99922229826024,-0.023299098111649756,0.4632097257699594,False,
936,31.2,22.663988207267447,1124.5692240397136,1958.8183314005535,0.07845300651348315,-102.05556852105269,-0.006522031448785997,0.4465744755860686,False,
937,31.233333333333334,26.530513683181052,1127.2027638753254,1953.379295349121,0.07813004094473051,-102.23837064693178,-0.02796548889957739,0.4637084583931482,False,
938,31.266666666666666,41.39774073944458,1128.078820546468,1950.7359313964844,0.077159181188753,-102.51721791751896,-0.012483250025007504,0.4459891801633865,False,
939,31.3,49.36069078645749,1131.560307820638,1949.4377034505208,0.07694731707893453,-102.64873290783676,-0.015235649081650352,0.446800225858367,False,
940,31.333333333333332,45.57065026324085,1133.5989621480305,1947.5608622233074,0.07652594114193315,-102.81861372271571,-0.018510948949308038,0.4472445171097333,False,
941,31.366666666666667,47.44588465808444,1134.126298268636,1945.0799229939778,0.07601994091580612,-102.87703890710088,-0.020110367165643073,0.4478061068591028,False,
942,31.4,39.70298544455292,1134.4055926005046,1942.1655349731445,0.075463470204428,-102.97750002902693,-0.02060133744543349,0.4447433220891116,False,
943,31.433333333333334,32.068738723360866,1134.6725056966145,1937.434061686198,0.075349516823073,-103.04511655810148,-0.03897714768410043,0.45855036144249395,False,
944,31.466666666666665,25.829008980149446,1133.8440411885579,1930.7995096842449,0.07520235227308598,-103.13785638318532,-0.042699835973938394,0.460071857670463,False,
945,31.5,21.07463412556214,1132.6186027526855,1923.2931620279949,0.07513954994287624,-103.12592281415027,-0.042273715820386054,0.45847823506736185,False,
946,31.533333333333335,46.67570081498161,1134.7642313639324,1916.6667556762695,0.07400233971566239,-103.26092732756732,-0.02657169503612171,0.44188640949490715,False,
947,31.566666666666666,42.78894288719513,1138.6103591918945,1913.2914606730144,0.07387678056946939,-103.4091712449613,-0.025352285198330396,0.43925466215396014,False,
948,31.6,51.38194774297499,1138.266456604004,1912.0974858601887,0.0738816682148046,-103.39463950325607,-0.02501340665355983,0.4392077564191591,False,
949,31.633333333333333,44.22869640196084,1137.6025873819988,1913.1464207967122,0.07402108291704662,-103.35047746024745,-0.021570379625970897,0.4365075863576516,False,
950,31.666666666666668,31.737930224306865,1138.6063067118328,1915.3874053955078,0.07407697713521222,-103.34107503127503,-0.019138300177691116,0.4344765450655936,False,
951,31.7,22.94422937038139,1138.6953392028809,1919.3787206013997,0.07394333531420637,-103.30643861557276,-0.01665845489183978,0.4331398334993259,False,
952,31.733333333333334,26.52949561019231,1137.1987965901692,1923.9640070597331,0.07400061398299627,-103.20814180726269,-0.012885832132405043,0.4305464377886282,False,
953,31.766666666666666,20.07782288571198,1133.8544934590657,1928.4956130981445,0.0742195095951917,-103.04206608252731,-0.009262717852898008,0.4300939607926874,False,
954,31.8,23.757462831875394,1129.3163464864094,1933.8048400878906,0.07439142920894404,-102.80941433135723,-0.0064518170290077835,0.42964649639317365,False,
955,31.833333333333332,15.937091720548601,1126.2090174357097,1939.8952763875325,0.07502025481901203,-102.61204399305026,0.0004748980266222886,0.4261901091010996,False,
956,31.866666666666667,21.290593591549236,1121.7485961914062,1945.0424245198567,0.07516722756018018,-102.39533225639367,0.003671729863060206,0.42623639967284543,False,
957,31.9,28.006224436345633,1117.6902554829915,1949.7837549845378,0.07536076880869025,-102.25187930058722,0.007446867123319298,0.4246562744704178,False,
959,31.966666666666665,39.208959822312835,1112.8214696248372,1956.9538599650066,0.07595383161745921,-102.01898490129695,0.014458767700029337,0.42141754380926744,False,
960,32.0,20.34107826951323,1108.2182121276855,1956.8502807617188,0.07656771045852413,-101.79350139064032,0.019491784315042292,0.4194966995118694,False,
961,32.03333333333333,28.299655227984537,1101.668233235677,1956.1986567179363,0.07673759411640747,-101.65788464936291,0.023903491288383934,0.4162075162554526,False,
962,32.06666666666667,16.889645179840453,1093.9105288187664,1957.3035430908203,0.07639929361813155,-101.47775967271242,0.029314090934951968,0.4109992233103975,False,
963,32.1,33.28196486390119,1084.8291613260906,1962.9566701253254,0.07580395534925673,-101.1614723607979,0.0349831850518148,0.406737315713559,False,
964,32.13333333333333,23.78911546284803,1074.8835347493489,1970.8293736775715,0.07513221750463323,-100.79474037037977,0.04270226712142501,0.39871786675848914,False,
965,32.166666666666664,18.560851268194874,1066.3296559651692,1981.7018636067708,0.07398340323715757,-100.50886625948314,0.048079658559998795,0.3907715340930223,False,
966,32.2,18.629022829607933,1060.0612754821777,1994.551851908366,0.07249228843584678,-100.29775895215458,0.0524293874348102,0.3827090378110717,False,
967,32.233333333333334,31.651226524946747,1055.5314826965332,2007.680669148763,0.07123583469762201,-100.06441023877161,0.060103813564419024,0.3715636613472855,False,
969,32.3,27.34432551650405,1054.1190821329753,2033.7356999715169,0.06857623611816917,-99.91519105720667,0.05686362689240656,0.3654276167562386,False,
971,32.36666666666667,20.948850220642747,1053.796023050944,2055.4812800089517,0.06639519858134638,-99.8388790069446,0.07153267239217273,0.33863285011391797,False,
972,32.4,40.66721790661328,1051.5613657633464,2066.359817504883,0.06535345821039368,-99.6886961369227,0.07598927252221772,0.3287912070874133,False,
973,32.43333333333333,41.69447581233867,1049.8168805440266,2075.794492085775,0.06466677435047323,-99.60920685636624,0.0745268266327585,0.3255021417239303,True,0.9774793982505798
974,32.46666666666667,19.50415531951387,1049.02011235555,2084.204605102539,0.06359811834213529,-99.52917535298002,0.07032317683162446,0.32147568279685235,False,
975,32.5,41.3011331404403,1049.563025156657,2093.006421407064,0.06249268208344824,-99.47129244577636,0.07231082387532546,0.3134377017130784,False,
977,32.56666666666667,37.72079345558677,1053.4701067606609,2108.3465576171875,0.060626866704865,-99.44961294507102,0.07543284649135915,0.29555634688362725,False,
978,32.6,38.896180371988564,1054.918005625407,2114.8923314412436,0.05998633699577225,-99.43088386226081,0.08084737925073918,0.28386278733830894,False,
1002,33.4,11.489348613409812,963.2145792643229,1893.3539733886719,0.06134201220050373,-96.03075188507916,0.07987036137863618,0.12276993807062947,True,1.3284187316894531
1016,33.86666666666667,32.80268788402571,857.2687123616537,1450.1163660685222,0.06479031283877636,-97.43838135172078,0.09106010704637049,0.0022990347871143066,False,
1017,33.9,38.319556711785,853.7239297231039,1439.6879336039226,0.0646504830912371,-97.57142311086749,0.09100293955156387,-0.003148071282719109,True,0.6315865516662598
1020,34.0,13.700000097004457,832.6224555969238,1408.7848421732585,0.06542698335219939,-98.03549781406426,0.09395655839029304,-0.020992404659590153,False,
1021,34.03333333333333,13.9291941480535,823.3889408111572,1401.8832372029622,0.06525458020847262,-98.32353094986384,0.09554473710580964,-0.03006628360566209,False,
1022,34.06666666666667,30.432469405795555,816.0622475941976,1398.2298100789387,0.06510118090069945,-98.50596353176961,0.09754654582078844,-0.036398345717134135,False,
1023,34.1,21.543176154531643,809.0991929372152,1395.1162948608398,0.06505341318061109,82.60821945268725,-0.09889424831367281,0.043353845645114505,True,0.697486400604248
1024,34.13333333333333,16.85946776855687,803.3139820098877,1391.6794115702312,0.06497695361437898,-98.8522611062299,0.09939343648484332,-0.047042110275504395,False,
1025,34.166666666666664,11.523914205949408,797.9472306569418,1387.0566902160645,0.06499297215949248,-99.1037113073763,0.10064969243973852,-0.054460208212291694,False,
1026,34.2,9.641200909891005,790.022040049235,1379.1774202982585,0.06550848617374913,-99.48291930935042,0.10765405364893474,-0.06556634534969119,False,
1027,34.233333333333334,37.55272609349116,782.7592557271322,1371.527121225993,0.06529538637758793,-99.43348319642145,0.1027448064626047,-0.063686590765394,False,
1028,34.266666666666666,37.04102484281197,778.0829696655273,1365.09681447347,0.06515255039798977,-99.64169600929209,0.1041391613829152,-0.06953723143091127,False,
1029,34.3,23.002935359617844,773.366481145223,1357.557523091634,0.0650411182786047,-99.82556301220507,0.1057907059197852,-0.07562068302878806,False,
1031,34.36666666666667,12.187361879433196,764.0363775889078,1326.7266209920247,0.06565171957769098,-99.96890930303992,0.1037520237141739,-0.07874351132445866,False,
1033,34.43333333333333,9.29594354683588,753.5408261617025,1285.3563296000164,0.0668776053150437,-100.78019892744987,0.11659691178367614,-0.10267029481874407,True,1.2956124544143677
1034,34.46666666666667,13.413041488778548,750.9069703420004,1267.147881825765,0.06682562668047635,-100.82979699658372,0.11228852822134597,-0.10313542436963938,False,
1035,34.5,20.977696786146875,751.4825178782145,1253.0086097717285,0.06668511942334882,-100.90576656881015,0.11274548800651306,-0.10544682151067127,False,
1036,34.53333333333333,17.310401375639888,752.6572259267172,1241.7203127543132,0.06636602885943257,-101.09537055685568,0.11323128770914602,-0.11081783934537308,False,
1037,34.56666666666667,17.99495313947166,753.3382809956869,1232.5487073262532,0.06597940326836355,-101.22169796970623,0.11390735284190906,-0.11480768200127353,False,
1038,34.6,9.861871111487009,752.4086532592773,1223.5058708190918,0.06576727674671502,-101.37380480866013,0.11532026539698549,-0.11826899528834875,False,
1039,34.63333333333333,11.41600491282883,748.5723832448324,1213.9570414225261,0.06574072008875965,-101.54952544303535,0.11692853432044019,-0.1226991170617791,False,
1040,34.666666666666664,21.475755759575442,745.867270787557,1205.8777923583984,0.06554725070597703,-101.60912129568786,0.11558727152488847,-0.1225495312721146,False,
1041,34.7,19.199338712930594,745.5731252034506,1199.8812573750813,0.06530783429401461,-101.73425902914892,0.11562862798532778,-0.12435619433805717,False,
1042,34.733333333333334,30.04299135321823,745.0010948181152,1195.248592376709,0.06507841185915374,-101.90992018294857,0.11631332431211966,-0.1283673420177982,False,
1043,34.766666666666666,30.94317353886779,744.0656827290853,1190.8577143351238,0.06496548746484751,-102.04287130898894,0.11579809126310635,-0.1305544600364445,False,
1044,34.8,30.617736055357856,742.8985474904379,1185.5106620788574,0.06497045974847694,-102.19957483994803,0.11644760457443602,-0.13332980077094936,False,
1045,34.833333333333336,25.14210048584648,741.4870758056641,1178.7201093037922,0.06514488327895704,-102.37118062347464,0.11631033110678178,-0.13634834786938113,False,
1046,34.86666666666667,19.216394744788836,741.1053632100424,1171.7530212402344,0.06530713676813163,-102.48942812470213,0.11597075303250921,-0.13861482287450835,False,
1047,34.9,21.30209716398026,741.0856412251791,1165.416379292806,0.06554934387197472,-102.6648497167401,0.11632260807014536,-0.14136966890314714,False,
1048,34.93333333333333,20.099923815598228,739.1328531901041,1158.2872047424316,0.06589085159018171,-102.82504330677699,0.11637606218117567,-0.1446182940904607,False,
1049,34.96666666666667,12.69497251715392,733.0412260691324,1146.9157994588215,0.06702385158019751,-103.13186189226951,0.1262668257323667,-0.15258232871009159,False,
1051,35.03333333333333,11.874489464276921,714.3214963277181,1110.8388366699219,0.068904537317374,-103.39003256699583,0.12494764960846243,-0.16066465108473027,False,
1052,35.06666666666667,25.25328313868295,703.7918217976888,1095.4889119466145,0.06982561549500953,-103.52640475543451,0.12510588718084154,-0.16402692810807087,False,
1053,35.1,13.436381997924574,699.1454623540243,1086.666675567627,0.07089037549426136,-103.9386040454671,0.13422558988822514,-0.1773845859208652,True,1.7483253479003906
1054,35.13333333333333,21.537378328313757,703.8188845316569,1083.7233721415203,0.07034793704249964,-103.8044853022214,0.12436480665542168,-0.1681998337780621,False,
1055,35.166666666666664,22.462663044553643,711.3886324564616,1081.6735076904297,0.07022913241128809,-103.9363023409764,0.12320075419541278,-0.16898298094322683,False,
1056,35.2,20.209206558797607,719.5617357889811,1079.629030863444,0.07004179591298071,-104.05029300179974,0.12160399429901293,-0.16931410123254045,False,
1057,35.233333333333334,11.420722312308625,730.8591899871826,1078.1258328755696,0.06963627964929682,-103.83981901144676,0.11767410726735371,-0.1628996162282868,False,
1058,35.266666666666666,13.914168084896854,743.9276084899902,1078.8760744730632,0.06915872855870947,-104.13375708334604,0.11872450360855058,-0.16930075191882263,False,
1059,35.3,9.265782011577343,755.1380659739176,1082.7123908996582,0.06871716092180184,-103.79887724785097,0.1120618296449659,-0.15867002137823497,False,
1060,35.333333333333336,10.15815625520976,767.7781753540039,1088.951515197754,0.06764185420507489,-104.14789102389625,0.1166404115383648,-0.16768726679799698,False,
1061,35.36666666666667,10.80260642520909,778.8057759602865,1096.507361094157,0.06686130530934827,-104.18881638544867,0.11505511760945288,-0.1685595680611973,False,
1062,35.4,11.004641282140827,786.9838237762451,1104.0416526794434,0.06632937314849456,-104.24985329769034,0.11489726382215992,-0.16999984197522214,False,
1063,35.43333333333333,28.255573350580764,793.335033416748,1108.7119445800781,0.06607618425892454,-104.36256658899767,0.11435661311130761,-0.17183032094634704,False,
1064,35.46666666666667,9.922166143279947,794.2263374328613,1107.4232292175293,0.0662793505283188,-104.23501028651827,0.11117864166563245,-0.16665142492716048,False,
1065,35.5,13.217177757706535,787.5862592061361,1099.981711069743,0.06712809068767725,-104.68499782059448,0.11791376915506083,-0.179915265982772,False,
1066,35.53333333333333,25.633890189263724,781.6018371582031,1090.8581110636394,0.06794204067156931,-104.82543933608598,0.1180673226309164,-0.1837099701923283,False,
1067,35.56666666666667,16.953766431741837,778.752082824707,1083.6030718485515,0.06856753496756847,-104.97256283585969,0.11837074189455954,-0.18817040253953243,False,
1068,35.6,28.213952926060948,776.4494279225668,1079.303387959798,0.06899060661724647,-105.12488994460368,0.11970930582465351,-0.19166904360961973,False,
1069,35.63333333333333,19.809447739968125,775.5898666381836,1076.9308675130208,0.06917737867853102,-105.22189205271194,0.11912271860574426,-0.1942384487467873,False,
1070,35.666666666666664,18.749406264431915,775.6773452758789,1074.4175211588542,0.06941361590452053,-105.27711102632838,0.11915770072574249,-0.19351110285555517,False,
1071,35.7,15.375837974626265,776.3244539896647,1071.639611562093,0.06956225726076337,-105.40437312139801,0.11923451407051307,-0.19751949882138656,False,
1072,35.733333333333334,11.532334814705507,775.0736497243246,1067.5200475056965,0.06986812638197663,-105.26346988324605,0.11692756750004467,-0.1909593058798281,False,
1073,35.766666666666666,13.817303703388337,772.3882579803467,1063.6329053243,0.07019901796469898,-105.64559541269402,0.11975502979417563,-0.2025947021784162,False,
1074,35.8,21.931035012998397,770.1383870442709,1061.810646057129,0.07021384216849695,-105.72205114938096,0.11829165251440464,-0.20278988432185596,False,
1075,35.833333333333336,21.370723880989487,769.2652295430502,1061.2484347025554,0.07024715027018581,-105.78381464715773,0.11898163524519247,-0.20394191774714307,False,
1076,35.86666666666667,16.816716708656912,769.4923686981201,1059.6981366475422,0.07031175313190897,-105.80665987374931,0.1181917838404358,-0.2039952302942741,False,
1077,35.9,23.049938067626748,770.5033384958903,1058.266456604004,0.07037031486335495,-105.9047868606558,0.11793033285336317,-0.20665665904991937,False,
1078,35.93333333333333,24.503368952342104,773.02143796285,1058.0529085795085,0.07022916395756926,-105.93282818478306,0.1173657058764972,-0.2064385609844225,False,
1079,35.96666666666667,25.01699357467962,776.7453625996908,1059.124677022298,0.06999359643417263,-105.92410736428019,0.11630792610736293,-0.20601292845535402,False,
1080,36.0,25.363773820895908,780.3567276000977,1060.6835441589355,0.06973095858855174,-105.93037816774537,0.11639893883732542,-0.2073956583524613,False,
1081,36.03333333333333,27.669517871474596,783.3329874674479,1061.6711031595867,0.06957375564270905,-105.90666299041058,0.11675636406330912,-0.20715315162076092,False,
1082,36.06666666666667,26.87064280792121,786.7304992675781,1062.849791208903,0.06934437381639383,-105.8932981289434,0.11513536231390019,-0.20773367076419105,False,
1083,36.1,27.883387018601304,790.7600161234537,1064.1666196187336,0.06910577608722397,-105.87479368803955,0.11425827154288716,-0.20848180221761511,False,
1084,36.13333333333333,27.198952895872786,795.7864570617676,1065.5534197489421,0.06884356815263289,-105.79247014759667,0.1143509837657854,-0.20791549874180232,True,0.6770948767662048
1085,36.166666666666664,23.449564423479668,802.7568429311117,1068.3298670450847,0.06841503031510159,-105.6950595160149,0.11313083772145682,-0.2085256711566286,False,
1086,36.2,16.937905002756118,811.6221561431885,1072.4937795003254,0.06791202129429981,-105.52842033900703,0.11193507180826677,-0.2073626998135056,False,
1087,36.233333333333334,24.18669393633827,820.8134333292643,1076.794979095459,0.06744079858220882,-105.34016829547286,0.11098342431289432,-0.20656673469833223,False,
1088,36.266666666666666,23.817308620737645,830.7409731547037,1080.8098704020183,0.06702561011572156,-105.12688124971585,0.10946438349196899,-0.20568193822122594,False,
1089,36.3,18.13504925845541,842.2303053538004,1085.1669019063313,0.06660641407343704,-104.89235490837434,0.1081828570671143,-0.20558132506272783,False,
1090,36.333333333333336,9.359765689126148,856.0178216298422,1091.2581469217937,0.0661909937845249,-104.68688419129481,0.10906462883577946,-0.20625166508488205,False,
1091,36.36666666666667,10.468837696089876,872.901938756307,1099.843906402588,0.06562206293749462,-104.48612946262676,0.11005888591644243,-0.20777993412033563,False,
1092,36.4,7.722632646277174,893.7013600667318,1110.630973815918,0.06473562708732555,-103.57982205998171,0.10100947707310538,-0.1862432414049303,False,
1095,36.5,8.204656267679564,968.2461725870768,1146.0871454874675,0.06223920539147968,-102.34128472793633,0.09375845087210423,-0.17888446751842949,False,
1097,36.56666666666667,7.987176114163753,1016.548583984375,1158.5563278198242,0.06176276694404289,-101.51629152035937,0.0896150360242205,-0.17907653257091632,False,
1100,36.666666666666664,10.939275052433704,1092.5674107869465,1189.3477795918782,0.05983130119701394,-100.05604756360667,0.08426149231563905,-0.16976589221058727,False,
1101,36.7,12.92551739941169,1114.1868642171223,1197.6091626485188,0.05947983096442773,-99.81513834864475,0.08150439977091795,-0.17781973918233387,True,1.3278063535690308
1105,36.833333333333336,8.96973043127927,1187.0625648498535,1212.7048060099285,0.05880570912579127,-97.89497201327437,0.07524429917077648,-0.1684075520328987,False,
1106,36.86666666666667,15.671004699050119,1203.1006711324055,1214.0826352437336,0.058654936095460956,-97.45432963367959,0.07371378601642523,-0.16990721030819034,False,
1109,36.96666666666667,16.514316770891114,1249.8133061726887,1214.7973734537761,0.0586369410032787,-96.06160270417325,0.07014287072673576,-0.16795496654042058,True,1.3134242296218872
1110,37.0,15.297720002476636,1264.5135536193848,1214.947338104248,0.05867838896827626,-95.61044590420407,0.06927993068100492,-0.1693676451220887,False,
1111,37.03333333333333,17.032150925337096,1278.0763333638508,1215.007266998291,0.058692407670697534,-95.13530276308795,0.06772729384047889,-0.16586425370763397,False,
1112,37.06666666666667,9.84394229828713,1292.5029220581055,1215.401934305827,0.058747384653459356,-94.68670186950175,0.06236718690236663,-0.16925682055124489,False,
1115,37.166666666666664,19.41197297873844,1346.4713770548503,1215.0979321797688,0.05851875168417331,-93.46788270524483,0.06299410774801824,-0.16535504485449523,True,1.3543113470077515
1116,37.2,20.758369950224758,1364.6389439900715,1214.0139096577961,0.05890406285806365,-92.98532889973738,0.05702101931100658,-0.16896170188374532,False,
1117,37.233333333333334,19.340823193141137,1382.0751927693684,1212.538609822591,0.058968403948816604,-92.4845524978038,0.055456247119552333,-0.16903398590287366,False,
1119,37.3,22.134519646026757,1416.9000193277996,1206.1727193196614,0.059126679944612404,-91.74792226959079,0.05502510108983365,-0.16700891938695916,False,
1120,37.333333333333336,18.65785862544662,1430.3271738688152,1202.2540194193523,0.059308813472814144,-91.36703056101398,0.054281670242583485,-0.16814449602242998,False,
1121,37.36666666666667,16.025366166959323,1441.6807683308919,1198.0485941569011,0.05973092917320263,-90.96601001733873,0.05418334680149057,-0.16036900899076026,False,
1122,37.4,21.974199088756254,1454.446876525879,1193.300776163737,0.05976081798039952,-90.75801193494858,0.05186785301531789,-0.16957379432095337,False,
1123,37.43333333333333,22.742961170624234,1466.189417521159,1188.6363169352214,0.05997575686353499,-90.49419509120814,0.05022846306545963,-0.17083486959154734,False,
1124,37.46666666666667,15.322164494771481,1475.1489028930664,1183.675257364909,0.060274266178897015,-90.23770467719706,0.049727664062119654,-0.17180701406548293,False,
1125,37.5,23.79965190308322,1482.9297714233398,1177.921272277832,0.060584042631936307,-89.9784905413503,0.04826923427963182,-0.17346597798487376,False,
1126,37.53333333333333,31.980028146788474,1488.8717422485352,1172.285846710205,0.060825902544189535,-89.74878228627806,0.046541630476990774,-0.1742814771081726,False,
1127,37.56666666666667,13.150659378149086,1494.8714192708333,1167.097339630127,0.06109276538406706,-89.38552827999051,0.04813162016789792,-0.16710977283646522,False,
1128,37.6,24.916600967312615,1501.3985646565754,1161.0960324605305,0.06131669689868027,-89.29509612191488,0.04532775040674648,-0.17496026510709395,False,
1129,37.63333333333333,22.214135366756675,1505.4177983601887,1154.7032152811687,0.0616460856271451,-89.16144591054787,0.04640945227124776,-0.17676359135892605,False,
1130,37.666666666666664,25.12536139524869,1507.1866989135742,1148.9182192484539,0.06199591756952515,-89.00200021416389,0.04585037640460996,-0.1765620097474323,False,
1131,37.7,27.252275556249852,1509.4673309326172,1143.4672381083171,0.06232390595728596,-88.89706616663418,0.04580674873772134,-0.17780114785069165,False,
1132,37.733333333333334,20.183331051816715,1512.134785970052,1138.281967163086,0.06263155675469018,-88.77114796640602,0.045699670712596105,-0.1767328816661141,False,
1133,37.766666666666666,23.952797336575998,1514.4200922648113,1133.9757245381672,0.06288803503913827,-88.65672541571233,0.045041435071725706,-0.17842397939548893,False,
1134,37.8,27.676174170005915,1517.4272181193035,1130.3495038350422,0.06307636485289998,-88.59887977035909,0.043574142270683465,-0.1798462930031567,False,
1135,37.833333333333336,23.47923441503182,1519.65074412028,1127.2559509277344,0.0632222359298311,-88.52426509096094,0.04379356339950721,-0.17889705346297674,False,
1136,37.86666666666667,30.948599983512114,1520.6654790242512,1124.7211748758953,0.06334434629104506,-88.51398219869414,0.042965722374158744,-0.1810093865886796,False,
1137,37.9,29.986959214079867,1521.2666524251301,1122.9861246744792,0.06347580535712355,-88.47960176588565,0.04279330463744495,-0.18024126857725623,True,0.8169139623641968
1138,37.93333333333333,20.74754522608836,1521.1405614217122,1121.2968915303547,0.06356295872238762,-88.49058791161217,0.04321139914072522,-0.1792288235466479,False,
1139,37.96666666666667,20.640408932968338,1518.1491190592449,1119.5012385050456,0.06374279281880274,-88.5117757933481,0.04355478957342887,-0.17885590515487762,False,
1140,38.0,30.797525694116114,1514.4185155232747,1118.1226704915364,0.06378832841046797,-88.58576588047971,0.043084137497456425,-0.17995960760368698,False,
1141,38.03333333333333,17.911942161113263,1511.7678248087566,1116.7128817240398,0.06387546250582989,-88.61060746291653,0.04466468741040215,-0.17746021465253067,False,
1142,38.06666666666667,13.319294964927606,1507.9551823933919,1114.08824412028,0.06401128411590445,-88.70971648711057,0.04407683242154095,-0.1784395303065698,False,
1143,38.1,29.88201483011192,1503.1263605753581,1112.10595703125,0.06397690153569671,-88.81489190333149,0.043915129087524526,-0.17787768669494736,False,
1144,38.13333333333333,27.68293308806718,1499.2213795979817,1113.1740214029949,0.06382452842129202,-88.9820452207619,0.04311445500246376,-0.17943938932892262,False,
1145,38.166666666666664,26.55193372361289,1496.1962509155273,1115.4149678548176,0.06371941693780105,-89.15527094818293,0.042630878612099035,-0.1783077384268604,False,
1146,38.2,22.308790327732282,1492.218869527181,1117.2258122762044,0.06362008939891287,-89.33380093476075,0.04236097285976289,-0.17783524623635308,False,
1147,38.233333333333334,36.30081843558901,1486.8800938924153,1118.6509132385254,0.06348392871925126,-89.55540492764912,0.04369552036932219,-0.17741925002693598,False,
1148,38.266666666666666,23.779384871726077,1481.3233032226562,1120.420566558838,0.06333017534741728,-89.75380829614805,0.043715213418124045,-0.17705390838296356,False,
1149,38.3,30.163471391327242,1476.9355443318684,1121.3534088134766,0.06317821739217318,-89.93968216960108,0.0441598161131648,-0.17494732523886247,False,
1150,38.333333333333336,21.575292115981007,1476.187973022461,1121.765567779541,0.06312108994273499,-90.13839925353037,0.04467454675283826,-0.17220388750813517,False,
1151,38.36666666666667,30.43384564667555,1477.4568684895833,1121.8897514343262,0.06297421252458056,-90.35954705659172,0.043567294670938894,-0.17451365076002182,False,
1152,38.4,23.96583470752576,1477.6163508097331,1121.177864074707,0.0629346115475813,-90.57655724785985,0.04415978300169251,-0.17251078389999833,False,
1153,38.43333333333333,25.412004044846164,1476.3284403483074,1119.3253313700359,0.0629580353494016,-90.80539351995584,0.04384776738176554,-0.1715837223595355,False,
1154,38.46666666666667,19.563559236708283,1472.5277862548828,1119.0468826293945,0.06289165580499011,-91.07343000797812,0.04460282470677379,-0.16943282242292085,False,
1155,38.5,23.3759868105508,1467.1910603841145,1119.6639264424641,0.06279850451823335,-91.32170019135454,0.044699667402887486,-0.16654659079891698,False,
1156,38.53333333333333,15.097322171999945,1460.625597635905,1121.9239311218262,0.06258099952379532,-91.61741167926141,0.04589954668582349,-0.16595907575213642,False,
1157,38.56666666666667,17.347977553854594,1454.1276194254558,1124.4108963012695,0.06241127068994378,-91.8942137334793,0.04536422882496408,-0.1640829736512684,False,
1158,38.6,24.265778786356762,1447.2329533894856,1128.0639190673828,0.06205656416695553,-92.20860821728995,0.045548897791591644,-0.16281034302355135,False,
1159,38.63333333333333,22.549592144460483,1438.9797617594402,1136.1292457580566,0.06152328901136323,-92.55392055255341,0.045909826548545564,-0.1596660819339417,True,0.8464239835739136
1160,38.666666666666664,22.74130345436178,1429.348368326823,1146.364594777425,0.06102782943775467,-92.9313172080113,0.0471935101899395,-0.15315804010951878,False,
1161,38.7,15.385746692633406,1418.0980860392253,1158.9048398335774,0.06027683786971061,-93.26862715889388,0.048701642845418364,-0.14418518146681847,False,
1162,38.733333333333334,14.188051929979133,1406.902926127116,1172.6913235982258,0.05957166352035764,-93.66531574721252,0.049314150985829704,-0.1410607119407728,False,
1163,38.766666666666666,12.290641949653464,1396.3486455281575,1188.196361541748,0.05882930370025681,-94.19004995707685,0.050397838198278776,-0.1406825823788057,False,
1164,38.8,17.985080932841544,1386.2574132283528,1203.5837949117024,0.05800298989426844,-94.65737631030106,0.05130723589268327,-0.1405916754364064,False,
1165,38.833333333333336,14.231652432496334,1377.0333582560222,1219.771364847819,0.05732066034802649,-95.14056229105378,0.051528368739392406,-0.1357882645015089,False,
1166,38.86666666666667,11.31461119264547,1369.120864868164,1238.498285929362,0.056607091714033206,-95.58165477587723,0.054452415129678904,-0.12797935744851116,False,
1177,39.233333333333334,26.650897879633707,1279.1606356302898,1568.1321385701497,0.04938474628913815,-101.48312114610057,0.06755163908480015,-0.06131543240823929,True,1.1065218448638916
1192,39.733333333333334,20.95208333251748,1334.5879364013672,1876.5662892659504,0.053035260990925315,-105.02591838207341,0.06627356098654061,0.015495665995723632,True,1.493443489074707
1195,39.833333333333336,18.986495815848492,1353.6035283406575,1934.2645161946614,0.05545338538299544,-104.58922889174298,0.06416693584324305,0.025447167793761622,False,
1206,40.2,19.51941755933498,1386.5979321797688,2196.070223490397,0.06403794416173045,-102.02594892407282,0.06923371049261132,0.07784454359869139,True,2.032580852508545
1207,40.233333333333334,18.019148201399812,1391.5421524047852,2209.5676905314126,0.06492325443592113,-101.74719839070212,0.07239113136747172,0.08111723625523103,False,
1208,40.266666666666666,16.85614864052406,1395.7859992980957,2220.668746948242,0.06588944637342564,-101.50659045067242,0.07248330031474387,0.0853754308085721,False,
1209,40.3,14.610030724821497,1400.967679341634,2229.2329711914062,0.06674749608361899,-101.27673728209189,0.07270802632322164,0.08889689164856002,False,
1210,40.333333333333336,19.706441681080236,1406.7213083902996,2235.8659489949546,0.0678676680740435,-101.06157169509756,0.07189159373801807,0.09290851295211194,False,
1211,40.36666666666667,24.413799056520556,1412.0961926778157,2239.858896891276,0.06894825530944532,-100.90195977332571,0.07171952749033882,0.09215055477258534,False,
1212,40.4,15.701235554911428,1417.3419520060222,2243.386848449707,0.06982065837142772,-100.70082351867246,0.07209523914859703,0.09295676571277259,False,
1213,40.43333333333333,12.399255923968907,1422.8137588500977,2248.9880879720054,0.07057521760971325,-100.55536999696659,0.07274475145350752,0.09398305714465324,False,
1214,40.46666666666667,22.13110505516037,1428.471171061198,2255.8197428385415,0.07147148366716498,-100.376931402767,0.07214862749064732,0.09660000410074399,False,
1215,40.5,22.281943184261674,1432.4499181111653,2263.0900853474936,0.07243085867263334,-100.1910627074094,0.07212404017930309,0.09762471030009257,False,
1216,40.53333333333333,22.12845311486851,1434.9476801554363,2269.8987884521484,0.07346960912094082,-100.05404715961086,0.07148318555503672,0.09949556318099506,False,
1217,40.56666666666667,14.79262052190972,1436.0730412801106,2275.60516611735,0.07454195082519831,-99.83334706075078,0.07252770669059487,0.10129015965708164,False,
1218,40.6,21.829777017813942,1433.7968978881836,2279.290512084961,0.07551838008389844,-99.66796856334267,0.07305682957696585,0.10158655163495843,False,
1219,40.63333333333333,26.694939413870628,1430.4747568766277,2282.508399963379,0.07641021047437575,-99.48282211809004,0.07511922006157425,0.10294183100922623,False,
1220,40.666666666666664,19.16060750154745,1427.2920112609863,2287.93031056722,0.07714244058266716,-99.31154801878488,0.07509602633295895,0.10288560551593738,False,
1221,40.7,26.205357863518667,1424.0801607767742,2295.386952718099,0.0778939951031435,-99.1319184175539,0.07562119032548416,0.10428163124458283,False,
1222,40.733333333333334,18.46823246425454,1422.6344197591145,2303.7262547810874,0.07872548446440361,-98.97490151640815,0.07596070517892933,0.10549248189405781,False,
1223,40.766666666666666,15.875515762034494,1421.7807299296062,2312.8963368733725,0.07960698652543036,-98.81801438062423,0.0760012465768227,0.10782224093986945,False,
1224,40.8,16.532337324738744,1419.6519254048665,2322.132179260254,0.08045657235234237,-98.62258100224247,0.07612377833618952,0.11053381399744967,False,
1225,40.833333333333336,15.225260631190089,1416.3739115397136,2332.065185546875,0.08127435330435274,-98.4798142856302,0.07760299006428815,0.1114842563573196,False,
1226,40.86666666666667,17.278456203227424,1413.0227661132812,2343.0476659139,0.08208221235523479,-98.32328056462033,0.07919401689709502,0.11278970145448271,False,
1227,40.9,21.258759837389864,1411.4440943400066,2355.3896865844727,0.08298569048847347,-98.17314366450137,0.07869893091150744,0.11631971630148334,True,0.8849961757659912
1232,41.06666666666667,17.49791498099064,1403.1948547363281,2417.969268798828,0.08717939872844584,-97.53238420136186,0.08075841223243062,0.1277484588547745,False,
1233,41.1,15.815297131209837,1399.7481486002605,2426.4879099527993,0.08800140940871598,-97.3931396601041,0.08230265689486935,0.13027954005937836,False,
1237,41.233333333333334,16.34291192475242,1385.2270317077637,2447.9012196858725,0.09056753724941374,-97.10058040739271,0.08533216833187013,0.1335147758743358,False,
1260,42.0,10.034493856032304,1164.2071075439453,2417.584009806315,0.08989230702940808,-96.28490843855091,0.13044545852314596,0.1428748236133107,True,1.5503734350204468
1263,42.1,12.263279703760386,1113.769078572591,2409.0635732014975,0.08872385226823637,-96.06214828491451,0.13643079890171916,0.1388335804169429,False,
1264,42.13333333333333,19.85972744227344,1097.1382280985515,2408.467732747396,0.08828840471585414,-95.99315796145731,0.13833159590215016,0.13691275520775603,False,
1266,42.2,14.90121558126095,1071.8647371927898,2410.1215794881186,0.08753082312434142,-95.79142776937559,0.14202434285517415,0.13737900866040983,False,
1267,42.233333333333334,12.763027559720992,1059.790397644043,2411.7850062052407,0.08708522302725068,-95.74875476732917,0.14355768214509837,0.13551715331002112,True,0.976077675819397
1268,42.266666666666666,13.849901588748871,1048.6276588439941,2414.2883504231772,0.08691716518219987,-95.64672929889558,0.14429096969030936,0.13801815115463148,False,
1270,42.333333333333336,15.910254103184226,1021.6997718811035,2419.298528035482,0.08648015583576686,-95.43944112706414,0.14671914597227037,0.13589474815195024,False,
1271,42.36666666666667,13.771424226881434,1008.1099154154459,2422.219243367513,0.08637578648960721,-95.19572878206826,0.15090896948517557,0.14235541248946046,False,
1273,42.43333333333333,13.352399966995348,980.0569038391113,2428.254892985026,0.08883415887017533,-94.4423012865585,0.18950375161395713,0.1718742954757043,False,
1274,42.46666666666667,15.045224876259347,966.412654876709,2429.381706237793,0.08598111866580978,-94.98597358629839,0.15464258570215636,0.13382630018125907,False,
1276,42.53333333333333,14.992461930763474,938.4356104532877,2435.545639038086,0.08619946456343179,-94.6808383932262,0.15954207178970742,0.13866437263994427,False,
1277,42.56666666666667,15.597471459145314,924.3404413859049,2439.48993174235,0.08602449671405114,-94.5441793150158,0.1616793507367909,0.1333005837087123,False,
1278,42.6,10.94511364636505,912.5535608927408,2444.4661000569663,0.08588794137731451,-94.31410320717366,0.16425701774278686,0.13832226220685284,False,
1279,42.63333333333333,16.884276059929388,901.3083922068278,2450.7153930664062,0.08579261464144886,-94.22069298855476,0.16558811180548277,0.13690117405239605,False,
1280,42.666666666666664,7.966305527512409,892.2375723520914,2457.4841664632163,0.08565078513979114,-94.18846838975225,0.16420051232514513,0.13552767513168754,False,
1281,42.7,8.915781837159104,883.1891002655029,2464.544258117676,0.08554614927364701,-94.05823738949589,0.1667356479998147,0.13432219400595846,False,
1282,42.733333333333334,11.533891297985988,874.8441174825033,2472.2778828938804,0.08566532814529278,-93.86610197930962,0.1690775438513812,0.13868969206708076,False,
1283,42.766666666666666,15.332311969785817,867.0328235626221,2480.349006652832,0.08595486956601729,-93.70886692617586,0.17040544058132606,0.138190308967842,False,
1284,42.8,19.07364409233432,859.5478738149008,2487.3827006022134,0.08612386050485513,-93.55527868560662,0.17015005396337524,0.13790884924436025,False,
1285,42.833333333333336,14.790528031290991,854.6766656239828,2493.886792500814,0.08621161312848993,-93.43214742350665,0.17083166661594298,0.1378765033449023,False,
1286,42.86666666666667,14.052141354431814,853.9047711690267,2501.2051391601562,0.08635212613624996,-93.29349100156998,0.17320019763875727,0.13987581724627754,False,
1287,42.9,19.88677785123774,853.8923416137695,2509.703570048014,0.08640589456149057,-93.17092469627806,0.17339666190067704,0.14188299934227308,False,
1288,42.93333333333333,22.614538364689945,853.8261502583822,2517.626792907715,0.08667130540002144,-93.01304347581488,0.17451381321747042,0.14437268923205324,False,
1289,42.96666666666667,20.140723251154895,854.9437122344971,2524.3420206705728,0.08677407377913492,-92.89349903891281,0.17453524606050727,0.14645821933897699,False,
1290,43.0,15.99809464490225,856.5967750549316,2530.45192972819,0.08678275465060672,-92.82701674724453,0.1770192785414021,0.14742601697720292,False,
1291,43.03333333333333,19.01540895142534,857.3824246724447,2536.6211318969727,0.08690652815657948,-92.7136399343194,0.17763141243924532,0.1481675795430507,False,
1292,43.06666666666667,13.683209559171779,858.2770519256592,2542.0227813720703,0.0869105242906629,-92.59808033287793,0.17831595896220664,0.14831787432374438,False,
1293,43.1,19.005737789990043,857.5525455474854,2547.908635457357,0.08699585860133219,-92.4998599454209,0.18019905874836806,0.15019130964213642,False,
1294,43.13333333333333,13.432668282245515,856.1493790944418,2553.894900004069,0.08696834456652142,-92.39440652029646,0.18021974122871426,0.14986399444825826,False,
1295,43.166666666666664,24.676072408607023,856.6533133188883,2558.9874471028647,0.0870755230556429,-92.25858737523755,0.180975341013051,0.1534583548731148,False,
1296,43.2,22.437213895365332,857.7318236033121,2562.3663126627603,0.08705031292528553,-92.19078277672286,0.18081157968131564,0.15327808367189488,False,
1297,43.233333333333334,21.194164324831515,857.8843173980713,2564.6949055989585,0.08707028892758067,-92.11674377119596,0.18113994946580306,0.15422263118953766,False,
1298,43.266666666666666,19.45708878920188,857.9256134033203,2566.280512491862,0.08685708193187622,-92.06439265509424,0.18100884577372553,0.15397947729124542,False,
1299,43.3,20.70560599079094,857.3242486317953,2567.476348876953,0.08691600360884529,-91.9958261987243,0.18099113131613617,0.15371498212182966,False,
1309,43.63333333333333,14.179913575003047,846.0614700317383,2577.251927693685,0.08562837176260754,-91.63890290448262,0.1788955783519292,0.15527535436238643,True,0.9995236396789551
1313,43.766666666666666,19.0504573099081,855.4487056732178,2554.8044052124023,0.08481849316994573,-91.95842036278816,0.17583206479202101,0.14742193394676764,False,
1321,44.03333333333333,11.907973997774693,894.9307060241699,2532.1121673583984,0.08306424762384672,-92.86981426634024,0.17202137932838055,0.14185517834714917,False,
1325,44.166666666666664,15.05303330154687,878.2747071584066,2491.621706644694,0.08206206978144132,-93.78963236887525,0.17396885125452233,0.1300646912065061,False,
1327,44.233333333333334,8.88742286966671,867.0348453521729,2487.557383219401,0.08123972673766472,-94.02771088069926,0.1809575338763316,0.13418496664926438,False,
1328,44.266666666666666,16.60780466730283,862.2797667185465,2493.979840596517,0.08116198134350944,-94.15207031929738,0.17976726638033716,0.13506229716858748,False,
1331,44.36666666666667,10.121155849711789,844.473306020101,2491.917149861654,0.0818415490240605,81.22366131105116,-0.18069333123563278,-0.13074234636299673,False,
1336,44.53333333333333,17.06774420457896,829.3941917419434,2464.5119705200195,0.08224749088498873,80.51516819353277,-0.1794546417467595,-0.12030877433721941,False,
1337,44.56666666666667,14.590175630661527,832.9314492543539,2461.9880040486655,0.08202713633966786,80.31771857644074,-0.17818763357396716,-0.1201831965730475,False,
1339,44.63333333333333,12.660053487271341,843.0332101186117,2468.3772583007812,0.08144787138395708,79.93395727701652,-0.1778165053171994,-0.12348716290494685,False,
1340,44.666666666666664,11.681962306951267,845.8402105967203,2471.428296407064,0.0816496832987091,79.74173165617105,-0.17658768387702511,-0.12329930940775652,False,
1341,44.7,11.061903255245102,846.6289660135905,2469.373395284017,0.08126602455458515,-96.5308757121198,0.17462014759540337,0.12493106526820144,False,
1342,44.733333333333334,18.79265591658866,843.2476946512858,2470.6889012654624,0.0806194908573817,79.41317496692932,-0.1760736314523925,-0.12265638444940798,False,
1343,44.766666666666666,21.43655393009022,839.9746182759603,2475.9201278686523,0.08007632949053252,79.25427600763801,-0.17412109318856314,-0.1239052602417799,True,1.3519954681396484
1344,44.8,12.349608389878464,836.9081433614095,2482.91517384847,0.07949633743624199,-96.76133784703059,0.17814218460628983,0.12963239302293023,False,
1345,44.833333333333336,17.853619035044364,831.6952889760336,2488.9259236653647,0.07852961215162653,-97.16010460607394,0.17006442590426715,0.1203727321038748,False,
1348,44.93333333333333,11.202951092696175,843.1756477355957,2488.5797551472983,0.07329322094141479,78.55679241221105,-0.1594620322873155,-0.12436160552859649,False,
