marker_id,frame_i,frame_j,frame_gap,metric_translation_m,colmap_translation_units,scale_m_per_colmap_unit,quality,used_for_scale
13,0,3,3,0.12150829740689396,0.18067172691410038,0.6725363147974147,6604.226449781988,True
13,0,4,4,0.17590184930084807,0.23963830159712438,0.7340306125043863,6645.54854771222,True
13,0,5,5,0.2013548784508961,0.2994072280857654,0.6725117484245166,6681.562261178145,True
13,0,6,6,0.28917948763027096,0.4335486501358033,0.6670058539905254,7408.985085691562,True
13,0,7,7,0.38910415106815016,0.5664787480567736,0.6868821688420224,8448.173989093739,True
13,1,4,3,0.12176424232899795,0.18000777032224244,0.6764388121191693,6417.565036678631,True
13,1,5,4,0.1528020118303285,0.2397767150282575,0.6372679340957728,6452.343256523168,True
13,1,6,5,0.24082272151534462,0.3739183616330057,0.6440516065154027,7154.810968851658,True
13,1,7,6,0.3395946352481393,0.5068474262981892,0.6700135339117782,8158.349250920802,True
13,2,6,4,0.20654443577465365,0.3138306500633944,0.6581397825003111,6965.644263095841,True
13,2,7,5,0.3061673044849355,0.44676017424558956,0.6853057235952987,7942.649904156672,True
13,3,6,3,0.16837319067899364,0.2528773909011497,0.66582935737743,6881.459147593627,True
13,3,7,4,0.268159841436319,0.3858072260059261,0.695061739025593,7846.656931458136,True
13,4,7,3,0.21786633189699006,0.32684141767841196,0.6665811617282684,7895.752814013366,True
13,156,159,3,0.4485842029959179,0.6587298470817555,0.680983570098113,3371.340534564849,True
9,0,3,3,0.5992068923769948,0.18067172691410038,3.3165504233093714,4437.933978778864,False
9,0,4,4,0.50722979963597,0.23963830159712438,2.116647448489748,4484.152762785853,False
9,0,5,5,0.21032197813244102,0.2994072280857654,0.7024612581236487,4570.065863857982,True
9,0,6,6,0.5518769643314129,0.4335486501358033,1.2729297257840495,4672.229767466493,False
9,0,7,7,0.513222749637134,0.5664787480567736,0.9059876498415398,4884.064188767384,False
9,0,8,8,0.45289285600388685,0.6999271249876746,0.6470571575746005,5189.906357536714,True
9,0,9,9,0.6127231501955107,0.8329275773694903,0.7356259617799928,5574.934528763544,True
9,0,10,10,0.700220250396408,0.9671752252729743,0.7239848913611066,6073.565015705356,True
9,0,11,11,0.713925438946977,1.1010330560385597,0.648414173426937,6766.948499877918,True
9,1,4,3,0.4439365496692711,0.18000777032224244,2.466207702448368,4335.271617788209,False
9,1,5,4,0.4995705468069919,0.2397767150282575,2.083482321242569,4418.332264554127,False
9,1,6,5,0.24747306947317288,0.3739183616330057,0.6618371678576817,4517.1041608535,True
9,1,7,6,0.41904739631951265,0.5068474262981892,0.826772268293966,4721.905335772838,False
9,1,8,7,0.6054412848106945,0.6402965940601721,0.9455638065658645,5017.593048464572,False
9,1,9,8,0.7420857340933671,0.7732963945242356,0.9596394595243515,5389.837659892921,False
9,1,10,9,0.6526294591811534,0.9075441124037904,0.7191159639089602,5871.9128058921315,True
9,1,11,10,0.7989959271750452,1.0414015854580947,0.7672313335528298,6542.274833725652,True
9,2,5,3,0.32174578663910935,0.17968882727510674,1.7905720211892246,4321.438417934472,False
9,2,6,4,0.5162230939685818,0.3138306500633944,1.6449097430869284,4418.044250570608,False
9,2,7,5,0.3649987257715534,0.44676017424558956,0.8169902932549872,4618.354144064745,False
9,2,8,6,0.4410957058042216,0.5802088685191198,0.7602360627993159,4907.557437259395,True
9,2,9,7,0.668050429576147,0.7132089856446501,0.9366825755459524,5271.63873951924,False
9,2,10,8,0.5760731837608323,0.8474567162156477,0.6797670874959968,5743.14199719979,True
9,2,11,9,0.7129175325249167,0.9813143980839187,0.7264924818355212,6398.80301306424,True
9,3,6,3,0.424892201748362,0.2528773909011497,1.6802300918805877,4424.892710563726,False
9,3,7,4,0.7010304284171466,0.3858072260059261,1.8170484665996862,4625.513106672599,False
9,3,8,5,0.6177715886277402,0.5192560986713717,1.1897242809635584,4915.164697138845,False
9,3,9,6,0.5568834598609185,0.6522569007858159,0.853779330184173,5279.8103659127755,False
9,3,10,7,0.8187125975938708,0.7865040308175991,1.0409515597050276,5752.0445060865095,False
9,3,11,8,0.6970669148927805,0.9203617563770214,0.757383615804252,6408.721869452598,True
9,4,7,3,0.607326310922126,0.32684141767841196,1.858168145383859,4673.685430150386,False
9,4,8,4,0.5199528314415873,0.4602896432362959,1.1296209660200034,4966.353591922347,False
9,4,9,5,0.4865204888956744,0.5932894493332094,0.8200390036304686,5334.79685648854,False
9,4,10,6,0.7306236474517097,0.7275374187562588,1.0042420205695082,5811.949070664677,False
9,4,11,7,0.6237479314768949,0.8613951230529184,0.7241136091718688,6475.46538868057,True
9,5,8,3,0.27542147414909673,0.40052026539959584,0.6876592720578344,5061.505309688018,True
9,5,9,4,0.40262048981052045,0.5335212815025488,0.7546474784972509,5437.0076788616,True
9,5,10,5,0.5805339970428538,0.6677682075265087,0.8693645347286291,5923.301781945606,False
9,5,11,6,0.5146308892807752,0.8016259697622086,0.6419838037849914,6599.530589367701,True
9,6,9,3,0.5726010090219138,0.39938197606448095,1.4337177021966216,5558.55208215233,False
9,6,10,4,0.5010736074633986,0.5336272980905714,0.9389954547984021,6055.717298553492,False
9,6,11,5,0.607710752594776,0.6674851325016715,0.9104483725609487,6747.063212983853,False
9,7,10,3,0.2589744210035892,0.40069715410422835,0.6463096090176508,6330.277719026236,True
9,7,11,4,0.5389081038813172,0.534554754525553,1.0081438792170654,7052.9685948542265,False
9,8,11,3,0.27493598598475355,0.40110637391179105,0.6854440713655073,7494.628476448983,True
11,0,4,4,0.16270282986656406,0.23963830159712438,0.6789516900353314,4121.998908296799,True
11,0,5,5,0.20152845160022276,0.2994072280857654,0.6730914710666063,4454.194652235126,True
11,0,6,6,0.29497715143413317,0.4335486501358033,0.6803784335200572,4625.819386876232,True
11,0,7,7,0.38174212677008124,0.5664787480567736,0.6738860514707646,4863.118855220382,True
11,0,8,8,0.47446053802053206,0.6999271249876746,0.6778713398611135,5194.00940988751,True
11,0,9,9,0.5619706132709308,0.8329275773694903,0.6746932488965223,5590.430439599441,True
11,0,10,10,0.6459826003942594,0.9671752252729743,0.6679064801436969,6086.058453547747,True
11,0,11,11,0.736596159740832,1.1010330560385597,0.6690045822884316,6710.767467287181,True
11,4,7,3,0.21924814690280528,0.32684141767841196,0.6708089460024599,5839.991438349889,True
11,4,8,4,0.31210626189262364,0.4602896432362959,0.6780649238557811,6237.349196573814,True
11,4,9,5,0.3996902585463229,0.5932894493332094,0.6736850941737289,6713.400777549334,True
11,4,10,6,0.4835117603837733,0.7275374187562588,0.6645867936392156,7308.5874148155335,True
11,4,11,7,0.5742796481416915,0.8613951230529184,0.6666855114135718,8058.7840273827915,True
11,5,8,3,0.2733076283074747,0.40052026539959584,0.6823815220305965,6740.022996993408,True
11,5,9,4,0.36090489471992976,0.5335212815025488,0.676458291792069,7254.440019739635,True
11,5,10,5,0.44470359454454295,0.6677682075265087,0.6659550268075459,7897.593304292137,True
11,5,11,6,0.5355288460648993,0.8016259697622086,0.6680532645714516,8708.248962908674,True
11,6,9,3,0.26718250433446195,0.39938197606448095,0.6689898902481389,7533.96110953594,True
11,6,10,4,0.3512088100526829,0.5336272980905714,0.6581537550822091,8201.895756469963,True
11,6,11,5,0.44185242467408886,0.6674851325016715,0.6619659422496311,9043.786817478616,True
11,7,10,3,0.26432101311637646,0.40069715410422835,0.659652833590183,8622.644026051406,True
11,7,11,4,0.355200004515775,0.534554754525553,0.6644782438256203,9507.723176449765,True
11,8,11,3,0.262226023915233,0.40110637391179105,0.6537568110869766,10154.636379506654,True
10,0,4,4,0.1204584367230665,0.23963830159712438,0.5026677117983379,3183.938598654189,False
10,0,6,6,0.2665263914288932,0.4335486501358033,0.614755440584136,3347.2431940329643,True
10,0,7,7,0.30532601337826454,0.5664787480567736,0.5389893520730352,3198.1280462170366,False
10,0,8,8,0.4498332626691149,0.6999271249876746,0.6426858548695855,3089.7123652534387,True
10,0,9,9,0.5315304390663751,0.8329275773694903,0.6381472453403784,3021.173902641157,True
10,0,10,10,0.6271813088620583,0.9671752252729743,0.6484670951792044,2984.1028802640167,True
10,0,11,11,0.7068535889552513,1.1010330560385597,0.6419912509243467,2938.872105077048,True
10,0,12,12,0.79421503050248,1.2333392611568068,0.6439550377708307,2971.4314732128687,True
10,0,13,13,0.8742766453065804,1.3666713715640595,0.6397124162380252,3007.4042378769104,True
10,0,14,14,0.9961926450731602,1.499561428931743,0.6643226651827312,3069.2910419183127,True
10,0,15,15,1.0588846388196744,1.5849762598844717,0.6680760246193569,3203.040235463801,True
10,0,16,16,1.1064507836028825,1.6736862155766452,0.661086154205835,3359.620291044808,True
10,0,17,17,1.159719593170034,1.766741178929618,0.6564173671848478,3573.680665644316,True
10,0,18,18,1.2476175257899056,1.8614269285095,0.6702479193147325,3849.5208143352074,True
10,0,19,19,1.3100487931712221,1.9601398102977705,0.668344567203198,4206.127851123882,True
10,0,20,20,1.3726043972616746,2.0590367755552412,0.6666245176177279,4674.897218121485,True
10,0,21,21,1.4552087251452097,2.1604667526692416,0.6735621936080755,5252.49904807226,True
10,1,4,3,0.1359553360719507,0.18000777032224244,0.7552748185734933,3297.1085817728235,True
10,1,6,5,0.28885185760955734,0.3739183616330057,0.7724997947361044,3466.2176792578966,True
10,1,7,6,0.321222099686688,0.5068474262981892,0.6337648827237137,3311.8023793698803,True
10,1,8,7,0.4741357939312965,0.6402965940601721,0.7404940121963844,3199.5331690732633,True
10,1,9,8,0.5552300201410203,0.7732963945242356,0.7180041496024575,3128.5585738483464,True
10,1,10,9,0.6511557664458351,0.9075441124037904,0.7174921390004221,3090.1698982418425,True
10,1,11,10,0.7316369198949996,1.0414015854580947,0.7025502266478354,3043.33143939335,True
10,1,12,11,0.8177432545284161,1.1737070034254657,0.6967183906561273,3077.0480984216024,True
10,1,13,12,0.8976451045783522,1.307039056412266,0.6867775681029207,3114.2994798188565,True
10,1,14,13,1.019521905928116,1.4399278725594546,0.7080367880621187,3178.3859897753136,True
10,1,15,14,1.0791760981042082,1.525474996341404,0.7074361105179902,3316.8891675785612,True
10,1,16,15,1.1237671819885524,1.6144465931535619,0.6960695923631973,3479.0347080763654,True
10,1,17,16,1.1744797707728252,1.707856096097593,0.6876924662777392,3700.703649307791,True
10,1,18,17,1.2612150629000254,1.8029484812997785,0.6995291745612123,3986.3482662707734,True
10,1,19,18,1.3210749836149729,1.9021017448359134,0.6945343419202513,4355.630551366817,True
10,1,20,19,1.3812892466523505,2.001459621482917,0.6901409510469809,4841.061866987448,True
10,1,21,20,1.4632881651758087,2.10334489733911,0.6956957781992762,5439.193989002415,True
10,2,6,4,0.2492155386816455,0.3138306500633944,0.7941083467510375,3609.733646683644,False
10,2,7,5,0.2863006693214897,0.44676017424558956,0.6408374914011621,3448.9249049522664,True
10,2,8,6,0.43645155666796126,0.5802088685191198,0.7522317915993364,3332.007277903216,True
10,2,9,7,0.5170741898759327,0.7132089856446501,0.7249967404835252,3258.094036396126,True
10,2,10,8,0.6114903371638744,0.8474567162156477,0.7215593734326743,3218.1159084159785,True
10,2,11,9,0.695275713729157,0.9813143980839187,0.7085147380765316,3169.338140684897,True
10,2,12,10,0.7810928525200785,1.1136203341510182,0.7013995960441527,3204.450810981501,True
10,2,13,11,0.8599233220070329,1.246952378363405,0.6896200183167073,3243.2445559963558,True
10,2,14,12,0.9835137656066087,1.379842131149893,0.7127726740645297,3309.9845165801003,True
10,2,15,13,1.0444675245274953,1.4654522883253105,0.7127270760354073,3454.222307553467,True
10,2,16,14,1.0926679718536279,1.5546382306168274,0.7028438837632949,3623.081354317068,True
10,2,17,15,1.145655804314441,1.648366766735313,0.6950248133086785,3853.9283205581287,True
10,2,18,16,1.2326863413037163,1.7438394086950146,0.7068806537788851,4151.399824155703,True
10,2,19,17,1.2961808625922258,1.8434123341371202,0.703142123218435,4535.97194656228,True
10,2,20,18,1.3588207917906607,1.9432140348095512,0.6992646036152342,5041.5021570956405,True
10,2,21,19,1.4403965569633093,2.045539603278231,0.7041645904361348,5664.399460666594,True
10,3,6,3,0.186889517535395,0.2528773909011497,0.7390519052312214,3920.5553178089453,True
10,3,7,4,0.22080786622178697,0.3858072260059261,0.572326932566046,3745.8998918817892,False
10,3,8,5,0.3615246764170172,0.5192560986713717,0.6962357829634659,3618.9148926162934,True
10,3,9,6,0.4429978913412238,0.6522569007858159,0.6791770095609808,3538.6372376947597,True
10,3,10,7,0.5397669525221199,0.7865040308175991,0.6862863143384184,3495.216731477463,True
10,3,11,8,0.6155127176554628,0.9203617563770214,0.6687725922885057,3442.238878985594,True
10,3,12,9,0.7027483571092777,1.052667715029676,0.6675880214389082,3480.3749797974356,True
10,3,13,10,0.7837066569016682,1.1860000571327312,0.6607981611707121,3522.509119931416,True
10,3,14,11,0.903664226149556,1.3188902488808516,0.6851701473389185,3594.9958275358263,True
10,3,15,12,0.965120212825772,1.4045870927144768,0.6871202347165245,3751.653435486812,True
10,3,16,13,1.0096353255735286,1.4940214246856083,0.6757836995449977,3935.052350350628,True
10,3,17,14,1.0614088544395546,1.5881095178141673,0.6683473919987899,4185.776749899593,True
10,3,18,15,1.1493866636423016,1.684003581724284,0.6825321965559137,4508.862495131117,True
10,3,19,16,1.209423267783276,1.7840360360909926,0.6779141470893421,4926.548792004399,True
10,3,20,17,1.2708912906778318,1.8843195107539066,0.6744563665688282,5475.608459340387,True
10,3,21,18,1.35418716613017,1.9871197117635542,0.6814824281161898,6152.141293891095,True
10,4,7,3,0.2010892259264222,0.32684141767841196,0.6152501337033095,4047.9599800393285,True
10,4,8,4,0.3431249261346851,0.4602896432362959,0.7454543702573323,3910.735224992866,True
10,4,9,5,0.4246509599324734,0.5932894493332094,0.7157568037148366,3823.9841788375643,True
10,4,10,6,0.5213104926414152,0.7275374187562588,0.7165411416674717,3777.0623505576395,True
10,4,11,7,0.5983012428367491,0.8613951230529184,0.6945723592168439,3719.8124952744593,True
10,4,12,8,0.6853184896934292,0.9937013045820101,0.6896624634921871,3761.0237967872526,True
10,4,13,9,0.7660349642035919,1.1270331575019603,0.6796915947898893,3806.555529609413,True
10,4,14,10,0.8865869885115985,1.2599234073131278,0.7036832424617822,3884.8873857552167,True
10,4,15,11,0.9478976342966519,1.345734295580048,0.7043720572552417,4054.177475148319,True
10,4,16,12,0.9929688861312901,1.4354494768796067,0.6917477083831713,4252.365224201703,True
10,4,17,13,1.0450191492831618,1.5299284224972682,0.6830510067767747,4523.3074182505,True
10,4,18,14,1.1329497875376482,1.6262722476621876,0.6966544434157906,4872.445997648409,True
10,4,19,15,1.1936832260966568,1.726788865014165,0.6912734094372707,5323.813482833522,True
10,4,20,16,1.2555519462259506,1.8275747776327413,0.6870044178724483,5917.147961645036,True
10,4,21,17,1.3386699521556324,1.930864724666677,0.6933007450258979,6648.234728106401,True
10,6,9,3,0.2689336003779269,0.39938197606448095,0.6733744046939842,4020.11678934829,True
10,6,10,4,0.36362956736059926,0.5336272980905714,0.6814298456277272,3970.7883348272294,True
10,6,11,5,0.4486624907873957,0.6674851325016715,0.6721685157328536,3910.6021275501807,True
10,6,12,6,0.5330503873327773,0.7997914553902155,0.6664867244333136,3953.9271616963306,True
10,6,13,7,0.6116676153922527,0.933124254066576,0.6555050013185187,4001.7942225956594,True
10,6,14,8,0.7354471680859311,1.0660161470332692,0.6899024654858052,4084.1437291065063,True
10,6,15,9,0.795314393540198,1.152203152106674,0.6902553530478154,4262.116727636633,True
10,6,16,10,0.843704101044642,1.2429495648815319,0.678791903455115,4470.469550282162,True
10,6,17,11,0.8975102924398765,1.3388752334540865,0.6703464744242387,4755.308402196434,True
10,6,18,12,0.985037721022136,1.4368690449307904,0.6855445348323879,5122.354341511333,True
10,6,19,13,1.0502755878810746,1.5391400941156914,0.6823781616088088,5596.8725195416055,True
10,6,20,14,1.114931248407473,1.6417270731493958,0.6791209492992354,6220.639195452506,True
10,6,21,15,1.196899460782418,1.7467532331694493,0.6852138230256299,6989.223490488768,True
10,7,10,3,0.335336720447528,0.40069715410422835,0.8368832097078011,3793.8950960721095,False
10,7,11,4,0.42258810446968703,0.534554754525553,0.7905422239575016,3736.3901027596144,False
10,7,12,5,0.5041763125358366,0.6668607962081254,0.7560443130000472,3777.785065352448,True
10,7,13,6,0.5817832923572115,0.8001935728635134,0.7270531932358378,3823.519713562361,True
10,7,14,7,0.7058561864648338,0.9330854477616984,0.7564753990731009,3902.2006611654406,True
10,7,15,8,0.762201235996604,1.0196782607412338,0.7474918955735487,4072.2452038157035,True
10,7,16,9,0.8084034982008124,1.1113863222991671,0.7273829828393401,4271.316190590437,True
10,7,17,10,0.8602413241183576,1.2085916869469688,0.7117716706222088,4543.46585769058,True
10,7,18,11,0.9467068797539091,1.3079919293280118,0.7237864840957277,4894.160397861925,True
10,7,19,12,1.0107665896876563,1.4117127741677598,0.71598600521521,5347.5394341697,True
10,7,20,13,1.074171303152878,1.515751690803299,0.7086723436762931,5943.518150052207,True
10,7,21,14,1.1555056551721947,1.622143057518388,0.7123327685660032,6677.863056397608,True
10,8,11,3,0.2594201155690254,0.40110637391179105,0.6467613891024219,3609.727482788694,True
10,8,12,4,0.3447981189975814,0.5334138196983135,0.6463989238085193,3649.7191672784907,True
10,8,13,5,0.42449126263086506,0.6667461038046675,0.6366610321508915,3693.903423209654,True
10,8,14,6,0.5471458509554616,0.7996402582099148,0.6842400008477681,3769.9171078420277,True
10,8,15,7,0.6098052975170752,0.8866810296835179,0.6877391949331908,3934.197186212201,True
10,8,16,8,0.660479688999146,0.9795409135421855,0.6742747340800087,4126.519720054661,True
10,8,17,9,0.7174744680636291,1.0782572064751808,0.665401968802092,4389.443586606393,True
10,8,18,10,0.8067894574438476,1.1792825284669728,0.6841358520698567,4728.24967614867,True
10,8,19,11,0.8749370422903463,1.2846410619076172,0.6810751020141889,5166.259285014642,True
10,8,20,12,0.943145228773655,1.3902892873990664,0.6783805624641457,5742.034482655081,True
10,8,21,13,1.0262266626639236,1.4981624879792672,0.6849902269600314,6451.485294100887,True
10,9,12,3,0.26425109415701226,0.4004154423262682,0.6599423154656809,3568.7581873811514,True
10,9,13,4,0.3430602422002165,0.5337452330942692,0.6427415570747135,3611.9623129263127,True
10,9,14,5,0.4666933527266803,0.6666390815159273,0.700068996353209,3686.2898014127973,True
10,9,15,6,0.5285849022298019,0.7544197578632716,0.700650926384673,3846.9256881307183,True
10,9,16,7,0.5805030601659241,0.8488720829231199,0.6838522220767846,4034.9819702199416,True
10,9,17,8,0.6385154809145577,0.9495386095210996,0.6724481495666547,4292.073449977295,True
10,9,18,9,0.7278317855495865,1.052561865837744,0.6914859916289084,4623.3638727662355,True
10,9,19,10,0.797868418796057,1.1598554512253458,0.6879033227400341,5051.657203334367,True
10,9,20,11,0.86753128619985,1.2673490364655589,0.6845243585139427,5614.660096568625,True
10,9,21,12,0.9502450471450484,1.3768711307762265,0.6901481379810304,6308.373304584947,True
10,10,13,3,0.24890408122259342,0.3994986166626886,0.6230411591956833,3567.642078460226,True
10,10,14,4,0.37449595022456045,0.5323955965438827,0.7034166936309223,3641.057538682958,True
10,10,15,5,0.435765265103762,0.6210749145257529,0.7016307613011682,3799.7223582782995,True
10,10,16,6,0.4909424749300619,0.7175560306783528,0.6841869539664265,3985.471113933709,True
10,10,17,7,0.5511112859770496,0.8206159380891438,0.6715824789612875,4239.407977536486,True
10,10,18,8,0.640141762229691,0.925987807830434,0.6913069014693908,4566.633333211678,True
10,10,19,9,0.7136862138748602,1.0354674065656218,0.6892406360157421,4989.671331861448,True
10,10,20,10,0.7857687554436871,1.1449856477097937,0.6862695240026684,5545.765952508274,True
10,10,21,11,0.8675364610659685,1.2562631096522177,0.6905690809516298,6230.967019652728,True
10,11,14,3,0.28990168250500914,0.3985396589665628,0.7274098724747785,3585.869141505306,True
10,11,15,4,0.3596047104263755,0.4887440510289258,0.7357730690927482,3742.1290397312596,True
10,11,16,5,0.41539405773632293,0.5881690743928328,0.7062494031416636,3925.062356192574,True
10,11,17,6,0.4791305132323556,0.6943713340438084,0.6900205837156966,4175.150236817833,True
10,11,18,7,0.5707581637757141,0.8026042491098749,0.7111327461930474,4497.415757965901,True
10,11,19,8,0.6440493204581563,0.9145907332945528,0.7041940148881151,4914.0416664900185,True
10,11,20,9,0.7183896436584996,1.0263365585585775,0.6999552317101817,5461.70742533871,True
10,11,21,10,0.802198849218146,1.1394614460573154,0.7040157892080142,6136.522732786052,True
10,12,15,3,0.2693922718604533,0.35918650678615277,0.7500066588549222,3783.5875832336696,True
10,12,16,4,0.3276993732338186,0.4629786612829504,0.7078066456145901,3968.547593263813,True
10,12,17,5,0.39315509362540285,0.5732286365165723,0.6858608739691541,4221.406163827404,True
10,12,18,6,0.4840781348010962,0.6847885250965081,0.7069016449025258,4547.242021269596,True
10,12,19,7,0.5603413337085223,0.7994678439907359,0.7008928975947849,4968.483672107618,True
10,12,20,8,0.6365315328878018,0.913494414049615,0.696809441960342,5522.216946118651,True
10,12,21,9,0.7190129730095437,1.028408546965418,0.6991511059794038,6204.508441448041,True
10,13,16,3,0.25624791052565365,0.3421036255714955,0.7490359393227213,4016.591652134929,True
10,13,17,4,0.3246606830012866,0.4572512174606039,0.7100269405608721,4272.511380909359,True
10,13,18,5,0.41355703027495183,0.5722925777985934,0.7226321750768795,4602.291874707644,True
10,13,19,6,0.4941591740414215,0.689503757261792,0.7166881526561403,5028.633164190842,True
10,13,20,7,0.5727242745407457,0.8055727825163651,0.710952861083177,5589.070047870218,True
10,13,21,8,0.6528990297490943,0.9219627497552065,0.7081620487622171,6279.621505313836,True
10,14,17,3,0.2328836899191473,0.35530363122503056,0.6554497884420749,4360.431744678502,True
10,14,18,4,0.3183245702579045,0.4723821544903554,0.6738708633084142,4696.998509686798,True
10,14,19,5,0.3999544111451048,0.590841851610585,0.6769229533332192,5132.113112549255,True
10,14,20,6,0.48150902899136044,0.7079569015828966,0.6801389009906831,5704.082748347889,True
10,14,21,7,0.5602014487461756,0.8249578138940608,0.6790667829447524,6408.844474630353,True
10,15,18,3,0.232076295318263,0.35305722234400344,0.657333374396001,4901.677620978352,True
10,15,19,4,0.3172424990656871,0.47152132548095393,0.6728062590638891,5355.753028286498,True
10,15,20,5,0.39908845793043235,0.5886369936895638,0.6779873881676288,5952.647142238485,True
10,15,21,6,0.4753496554159079,0.7056358696261794,0.6736472391457808,6688.1199712624775,True
10,16,19,3,0.24209073000393985,0.35415912178240694,0.6835648586023964,5617.56806812343,True
10,16,20,4,0.32335513550116923,0.4712737300125921,0.686130193364543,6243.641245299093,True
10,16,21,5,0.40223698332417435,0.5882750432699076,0.6837566677796719,7015.06753353095,True
10,17,20,3,0.2504919901501568,0.3526591205350258,0.7102949436558755,6641.458875879606,True
10,17,21,4,0.32997585254710915,0.469658574328686,0.7025866673865486,7462.03708781992,True
10,18,21,3,0.2434837949330967,0.352579683748715,0.6905780626504521,8038.006127143721,True
12,0,11,11,0.7238483803710005,1.1010330560385597,0.6574265653525032,7094.625095803161,True
12,0,12,12,0.7791477264059632,1.2333392611568068,0.6317383634371324,7070.842806907815,True
12,0,13,13,0.9086420909639081,1.3666713715640595,0.6648577777143535,7059.976681972824,True
12,0,14,14,0.9834223476927515,1.499561428931743,0.6558066436753589,7039.659224706832,True
12,0,15,15,1.038261276742508,1.5849762598844717,0.6550642448223082,8009.411089462196,True
12,1,11,10,0.6966219212612418,1.0414015854580947,0.6689272716584254,7749.698284449531,True
12,1,12,11,0.7484126156867695,1.1737070034254657,0.6376485898972454,7723.720088144054,True
12,1,13,12,0.8809848690918254,1.307039056412266,0.6740310205496608,7711.850653377566,True
12,1,14,13,0.9564749375545867,1.4399278725594546,0.6642519780205823,7689.657209525012,True
12,1,15,14,1.006712699477283,1.525474996341404,0.65993392346103,8748.949879842723,True
12,2,11,9,0.6633920551245389,0.9813143980839187,0.6760239699120443,8495.963718142868,True
12,2,12,10,0.7173851706457343,1.1136203341510182,0.6441918745966878,8467.483923811134,True
12,2,13,11,0.8484883923635294,1.246952378363405,0.6804497165137533,8454.47150920742,True
12,2,14,12,0.923405519986653,1.379842131149893,0.6692109909828104,8430.140924088992,True
12,2,15,13,0.9758879777270415,1.4654522883253105,0.665929546462592,9591.439308049652,True
12,11,14,3,0.26004455759155015,0.3985396589665628,0.6524935517480526,10896.420421404453,True
12,11,15,4,0.320835977386846,0.4887440510289258,0.6564498876485714,12397.462401636876,True
12,12,15,3,0.2594989594192298,0.35918650678615277,0.7224629948967612,12355.904175737202,True
12,155,158,3,0.4511733677369884,0.6746059991619497,0.6687953684038869,3636.504709195356,True
12,155,159,4,0.5876207196352842,0.8810630594435014,0.6669451333102516,3740.6067021273434,True
12,155,160,5,0.7371188126065016,1.0932286177629669,0.6742586140077822,3922.0900678082344,True
12,155,161,6,0.8853876918441299,1.3098698885007551,0.6759356021669625,4174.751938738396,True
12,155,162,7,1.0189904249542625,1.5272496426100772,0.6672061963706227,4469.636450540469,True
12,155,163,8,1.1760756427768102,1.74669197929855,0.6733159920097118,4915.280663400616,True
12,155,164,9,1.3194148216855612,1.9675816235093386,0.6705769183452119,5502.292295034861,True
12,156,159,3,0.44710098135166393,0.6587298470817555,0.6787319313560326,4128.181197573575,True
12,156,160,4,0.6005567475825095,0.8736167047788254,0.6874373444296183,4328.468551347,True
12,156,161,5,0.750063271366543,1.0928805086730269,0.6863177313659553,4607.309410057023,True
12,156,162,6,0.8845344223752897,1.3122810545102004,0.6740434294431202,4932.747712989181,True
12,156,163,7,1.0436074552251262,1.5332711877418976,0.6806411439597215,5424.566342114363,True
12,156,164,8,1.1874839643627986,1.7555181339833976,0.6764293352346703,6072.399855082009,True
12,157,160,3,0.4541240157264424,0.6557339402969224,0.6925430999054446,4849.166320100807,True
12,157,161,4,0.6043504496958104,0.8781842470726009,0.6881818385041559,5161.550639100618,True
12,157,162,5,0.739643369742675,1.0997039936831048,0.672584053519236,5526.137891873492,True
12,157,163,6,0.9002979489024999,1.32214369777399,0.6809380481246289,6077.1203707019,True
12,157,164,7,1.0443989604520452,1.5456083638358389,0.6757203085134005,6802.885711225788,True
12,158,161,3,0.45945484914469953,0.6717470665656446,0.6839700119476451,5851.418417785554,True
12,158,162,4,0.5966613941275721,0.89454066259985,0.6670030989910108,6264.734631251351,True
12,158,163,5,0.7586334412769659,1.1176634907992542,0.6787673101270028,6889.358751001431,True
12,158,164,6,0.9026916599162387,1.3417634658093793,0.6727651206181237,7712.12636047932,True
12,159,162,3,0.4442649942049909,0.6705053388871598,0.662582336693007,6444.074797827847,True
12,159,163,4,0.6060791424433273,0.8936238674240168,0.6782262253026283,7086.579993198412,True
12,159,164,5,0.7501644293582427,1.117729927755196,0.671149989572922,7932.900919587992,True
12,160,163,3,0.45031625153884564,0.6709140578893269,0.671198115829508,7430.400258397928,True
12,160,164,4,0.594420538863275,0.8950211160270704,0.6641413573591,8317.782216432455,True
12,161,164,3,0.44346809905805956,0.6700177245176594,0.6618751755818234,8853.615504414001,True
17,18,21,3,0.14213751105770053,0.352579683748715,0.40313585157958937,1315.15445860933,False
17,18,22,4,0.2899344713693005,0.470542262475833,0.6161709467790718,1407.1291696216094,True
17,18,23,5,0.36207385021502353,0.5892514387032186,0.6144640919534268,1506.3843301096836,True
17,18,24,6,0.520505240576031,0.7563428521095109,0.6881868971515936,1763.5369290150973,True
17,19,22,3,0.2723744327553149,0.35207777769438003,0.7736200635524025,1419.8374907009604,True
17,19,23,4,0.34404527311990407,0.4707917728245524,0.730780130365867,1519.989062460648,True
17,19,24,5,0.5051721659737949,0.6405769733787059,0.7886205514214443,1779.4641047236664,False
17,20,23,3,0.28269575341179226,0.3536743113086083,0.7993109603177208,1563.387028217901,False
17,20,24,4,0.45012080189965153,0.5277204962310603,0.8529530406993476,1830.270471815573,False
17,21,24,3,0.39090943496499153,0.4167266370373054,0.9380476317620111,1912.844086693947,False
17,139,142,3,0.13093352124125382,0.197180590096931,0.6640284481190003,5346.420928995397,True
17,139,143,4,0.27872715994297226,0.4213532866765912,0.6615046535922922,6047.965835716997,True
17,139,144,5,0.4326740506715985,0.6446811314362616,0.6711442751669492,6965.221712192656,True
17,139,145,6,0.5818368248409399,0.8684710957226627,0.6699553130859102,8095.898467742787,True
17,140,143,3,0.23586460456216585,0.3556262450871176,0.6632373392587665,5846.499144787417,True
17,140,144,4,0.3893566781565934,0.578964548935632,0.6725052144770979,6733.199870789519,True
17,140,145,5,0.5394350598931347,0.802767222419995,0.6719694636596795,7826.212110593477,True
17,141,144,3,0.3507904787787246,0.5126160476891305,0.6843142745142013,6567.594841340321,True
17,141,145,4,0.49993843558162154,0.7364115688308698,0.6788845487250098,7633.7241239122595,True
17,142,145,3,0.45480573419256437,0.6713474999490675,0.6774520411963532,7602.367789050987,True
4,27,30,3,0.45306563969753316,0.640232850417711,0.7076575958292937,1479.7482894060056,True
4,27,32,5,0.7417268909649569,1.0674686417718935,0.6948465387552396,1690.499926057378,True
4,27,33,6,0.9041832868487538,1.2798030457705594,0.7065019026457717,1842.7242061686823,True
4,27,34,7,1.0419909990851224,1.4933701153923256,0.6977446437056759,1989.0506529497936,True
4,27,36,9,1.331826076423801,1.919854973866989,0.6937118139404171,2352.7154524081316,True
4,27,37,10,1.4712269113657366,2.134217030646985,0.6893520622500778,2563.3605871979853,True
4,27,38,11,1.52003087719745,2.1956278610398106,0.6922989565625162,2648.080436844772,True
4,27,39,12,1.5570937946698704,2.258561460407547,0.6894183850940678,2738.3028503071023,True
4,27,40,13,1.6087388109815555,2.3203529844028243,0.6933164142677142,2869.4502957883765,True
4,27,41,14,1.651187230458884,2.382908913267476,0.6929292266546414,3026.1402809519586,True
4,27,42,15,1.7021009423816127,2.4454506152863202,0.6960275262734454,3236.933734261485,True
4,28,32,4,0.5739488758854473,0.8544082719163008,0.6717501395418047,1784.3945751991066,True
4,28,33,5,0.7373364322914013,1.0667407835712175,0.6912048771801509,1945.0737775210482,True
4,28,34,6,0.8744931660141066,1.2803092491543304,0.6830327646166164,2099.5275659061967,True
4,28,36,8,1.164443201852872,1.706791447189916,0.6822410574941812,2483.3912297501574,True
4,28,37,9,1.3037041432991006,1.9211549659600569,0.6786043637284626,2705.736129041411,True
4,28,38,10,1.3525340192004807,1.982566005135492,0.6822138661194517,2795.161533793709,True
4,28,39,11,1.3894042371966477,2.045499572045941,0.6792493414246691,2890.395128697805,True
4,28,40,12,1.4418765190615956,2.1072900566098265,0.6842325832359608,3028.826835591629,True
4,28,41,13,1.4841600698206072,2.1698467729837487,0.6839930304293993,3194.2197795392854,True
4,28,42,14,1.5350407619336282,2.232390014497794,0.6876221233586534,3416.721235336591,True
4,29,32,3,0.42358695930715895,0.641329371722489,0.6604827066776697,1905.7342417031814,True
4,29,33,4,0.5864518129716457,0.8536606366298822,0.6869847194628361,2077.339705007344,True
4,29,34,5,0.7239374978981594,1.067228615236032,0.6783340397390403,2242.296423312493,True
4,29,36,7,1.013922191790735,1.4937123793660103,0.6787934583638405,2652.262996009257,True
4,29,37,8,1.1532722845412056,1.7080749156724944,0.6751883503231152,2889.727452546347,True
4,29,38,9,1.2020805587389787,1.7694855221376677,0.6793390189973284,2985.233826687618,True
4,29,39,10,1.239121222048563,1.8324191643821237,0.6762214924042144,3086.943350630199,True
4,29,40,11,1.2910127649688539,1.8942103865467892,0.6815572199043922,3234.7884784016405,True
4,29,41,12,1.3334243822609564,1.9567666732820244,0.6814427087642723,3411.428219968874,True
4,29,42,13,1.3843277958987283,2.0193095673146617,0.6855451082419467,3649.059878927722,True
4,30,33,3,0.4519281193948249,0.6395708539089022,0.7066114983707429,2207.9093052025482,True
4,30,34,4,0.5895608222398038,0.8531378554436249,0.6910498912666779,2383.234252019721,True
4,30,36,6,0.8792916400693277,1.2796228520870807,0.6871490600806263,2818.968960453449,True
4,30,37,7,1.018649044142492,1.4939844166339957,0.6818337813974977,3071.359063997565,True
4,30,38,8,1.0674074201041135,1.5553963584955146,0.686260716938146,3172.8684183243404,True
4,30,39,9,1.1046146876993534,1.6183294896846403,0.6825647649259651,3280.9708166943515,True
4,30,40,10,1.1558672311625768,1.6801225163146711,0.6879660381541448,3438.10863702705,True
4,30,41,11,1.1984005377796727,1.7426764312363625,0.6876781692224145,3625.850934608316,True
4,30,42,12,1.2493100884683095,1.8052184223580987,0.6920548078810186,3878.418749954677,True
4,32,36,4,0.5905627037842266,0.8523937789129756,0.6928285006225035,3220.457731441293,True
4,32,37,5,0.7298394150073683,1.0667517314757116,0.6841698902121591,3508.794237341369,True
4,32,38,6,0.7786597571486132,1.1281672350580592,0.690198875620192,3624.7609576356895,True
4,32,39,7,0.8156331251707932,1.1910988169224612,0.6847736842508254,3748.2597295278247,True
4,32,40,8,0.8679335339343354,1.2528966992767556,0.6927414961148487,3927.7777432028915,True
4,32,41,9,0.9102341269352108,1.3154440825146057,0.6919595739829589,4142.259045496793,True
4,32,42,10,0.9611145734777365,1.3779837197300653,0.697478903209401,4430.798573620787,True
4,33,36,3,0.42772472183288734,0.6400528745964374,0.6682646681378847,3510.4499711575436,True
4,33,37,4,0.5671946398106874,0.854414412872305,0.6638402059533802,3824.7502859663923,True
4,33,38,5,0.6160163292621232,0.9158258281882065,0.6726348070798556,3951.1594500855063,True
4,33,39,6,0.6530191564839622,0.9787589211243001,0.667191013425287,4085.778903709793,True
4,33,40,7,0.7048705791808826,1.0405524317652926,0.6774003477989791,4281.461958256782,True
4,33,41,8,0.7471570215009985,1.1031060750207051,0.6773211012249882,4515.256637224511,True
4,33,42,9,0.7980669212410866,1.165650809778457,0.684653512480952,4829.778255779452,True
4,34,37,3,0.42960610027262736,0.6408477312945339,0.6703715708017077,4128.464817580501,True
4,34,38,4,0.47835338100252567,0.7022612733775279,0.6811615550176696,4264.911839651553,True
4,34,39,5,0.5155384944420818,0.7651931697306149,0.6737364038724709,4410.221111236941,True
4,34,40,6,0.5676194000481645,0.8269927527143046,0.6863656279757702,4621.442902384492,True
4,34,41,7,0.6099949322239085,0.8895396642944351,0.6857422515360732,4873.802673477867,True
4,34,42,8,0.6608420801048404,0.95208105240993,0.6941027535755504,5213.2997228243075,True
4,36,39,3,0.2253553327756868,0.3387163950831941,0.6653215966128122,5216.55662290749,True
4,36,40,4,0.2778191132306855,0.40050820284101973,0.693666474893561,5466.396802282103,True
4,36,41,5,0.319792577955276,0.46305954258209064,0.6906078993039725,5764.896356397052,True
4,36,42,6,0.3706436294620644,0.5256163195072052,0.7051600487016149,6166.464789488382,True
4,37,40,3,0.13964190233342275,0.18617863377053728,0.7500425774180379,5955.818457609332,True
4,37,41,4,0.18103064942254993,0.24869236909152564,0.727930053036431,6281.043504068412,True
4,37,42,5,0.23169135367694854,0.3112428010658937,0.7444071088021625,6718.565471884604,True
4,38,41,3,0.13248732730992338,0.18729041403974558,0.707389793488351,6488.633908612814,True
4,38,42,4,0.18300141074643347,0.24985552385687274,0.7324289170059095,6940.61611098035,True
4,39,42,3,0.147121912734382,0.1869197725907644,0.787085874839392,7177.0889641971135,False
4,123,126,3,0.4169569193494984,0.6271753257405065,0.6648171607471913,2962.8575733571806,True
4,123,127,4,0.5632825652638832,0.8364802310421461,0.6733961477632365,3170.6970053917166,True
4,123,128,5,0.7010210006035716,1.045094550577853,0.6707728025334775,3399.2020387143803,True
4,123,129,6,0.8583035549687078,1.2540988269933118,0.6843986586180622,3709.7072997744713,True
4,123,130,7,0.8996903480211376,1.3297274364708416,0.6765975667983188,3804.0204389566575,True
4,123,131,8,0.9456884172328832,1.4043223663239814,0.6734126294010118,3976.530554390347,True
4,123,132,9,0.9909984098722222,1.4792935542806631,0.6699132886806335,4216.144803016139,True
4,123,133,10,1.0478364390861834,1.5547007000291702,0.6739795248477879,4552.18716662661,True
4,123,134,11,1.099124238777914,1.6197954598225228,0.6785574265644272,5053.249424875047,True
4,124,127,3,0.4171877210935073,0.6271804271809809,0.6651797521307573,3329.0471609756446,True
4,124,128,4,0.5551714894946669,0.8357957393916791,0.6642430241373806,3568.9641354320165,True
4,124,129,5,0.712134009936147,1.0448025976342765,0.6815967069268551,3894.9765724584277,True
4,124,130,6,0.7534632218784464,1.1204288022039262,0.6724775553755451,3993.999874812216,True
4,124,131,7,0.7995771797032308,1.1950269922006156,0.6690871293466161,4175.125447217125,True
4,124,132,8,0.8449685838767327,1.269997142973468,0.6653310903506381,4426.706450624437,True
4,124,133,9,0.9018960012033324,1.3454019476065324,0.6703543151604646,4779.531357779756,True
4,124,134,10,0.9529596676309608,1.410498333826005,0.6756191374193535,5305.617541813583,True
4,125,128,3,0.4268335055693536,0.6270205696786458,0.6807328598296384,3734.6594891636373,True
4,125,129,4,0.583093062575428,0.8360253815547604,0.697458564584543,4075.8076193559477,True
4,125,130,5,0.6243371028531088,0.9116534357014062,0.6848403992167895,4179.428250371096,True
4,125,131,6,0.670670893897233,0.9862492190455826,0.6800217236635762,4368.9628918085355,True
4,125,132,7,0.7162071086836427,1.0612200049078857,0.6748903199820566,4632.223979904254,True
4,125,133,8,0.7732127258580774,1.136626690703729,0.6802697246000372,5001.429395682798,True
4,125,134,9,0.8239203580438323,1.2017217306293784,0.6856165924638145,5551.940043804508,True
4,126,129,3,0.4417337015633768,0.6269311368479892,0.7045968458103289,4319.644082560507,True
4,126,130,4,0.4829011384502307,0.7025552410425746,0.6873497061008574,4429.463850174195,True
4,126,131,5,0.5289081332819018,0.7771555727189996,0.6805691831191977,4630.337460704133,True
4,126,132,6,0.5742531199271286,0.8521246559225026,0.6739074100671893,4909.348225579441,True
4,126,133,7,0.6314046930986265,0.9275280818214107,0.6807391662565309,5300.641470614665,True
4,126,134,8,0.6822822414510815,0.9926249457377525,0.6873514960315512,5884.08659011745,True
4,127,130,3,0.3364987217783567,0.49324860690673866,0.6822091680878897,4740.183224306841,True
4,127,131,4,0.38241115405109566,0.5678493534327367,0.6734376850820758,4955.147777816521,True
4,127,132,5,0.42781973641238114,0.6428181370790562,0.6655377496913505,5253.730674482657,True
4,127,133,6,0.4847793956891981,0.718221896327367,0.6749716183370642,5672.472476795282,True
4,127,134,7,0.5358434959542777,0.7833191389074177,0.6840679224328391,6296.845281567588,True
4,128,131,3,0.24548001105731185,0.3592358266085509,0.6833394468887549,5312.25418254812,True
4,128,132,4,0.29091784462782616,0.4342031923576463,0.6700039284561541,5632.355279987228,True
4,128,133,5,0.34690303072172723,0.5096063662389082,0.6807274274888,6081.274866341761,True
4,128,134,6,0.39884183386570105,0.5747029631740453,0.6939964806565895,6750.644821052282,True
4,129,132,3,0.13513517552350554,0.2251954295704919,0.6000795654745061,6146.851307783522,True
4,129,133,4,0.1907738539545991,0.3006072076460754,0.6346283425752375,6636.778134004481,True
4,129,134,5,0.2413429680976713,0.36569951881443447,0.6599488259653278,7367.292701528832,True
4,130,133,3,0.15035957890564497,0.22497356051618086,0.6683433313704016,6805.50718168749,True
4,130,134,4,0.1996891763219662,0.2900718998721188,0.6884126880611368,7554.593867310142,True
4,131,134,3,0.1534985916561385,0.21547858698915956,0.7123612318093622,7897.190307318167,True
14,30,44,14,1.3324927067911043,1.9299126160107483,0.6904419898272136,2037.7045909552248,True
14,30,45,15,1.3972403372944355,1.992102220537721,0.7013898799416445,2029.9359595809913,True
14,30,46,16,1.3817206958242167,2.0548677793379473,0.6724134320065059,1999.0337665982534,True
14,30,47,17,1.4536866685815264,2.1161794115240715,0.6869392361844131,2006.764560181388,True
14,30,48,18,1.5148738521096972,2.1775499475920332,0.6956781192481334,2028.8459773970028,True
14,30,49,19,1.514720768036407,2.241697890772542,0.6757024549433815,2026.1964366763652,True
14,30,50,20,1.5610753197755531,2.269683664605925,0.6877942261819977,2066.0416259117337,True
14,30,51,21,1.5679639135386971,2.299955393629128,0.6817366623204755,2103.6311463752386,True
14,30,52,22,1.592339013970272,2.335327898904843,0.681848152765615,2184.9778030909147,True
14,30,53,23,1.658203101384968,2.358021991123945,0.7032178273259402,2286.322811853129,True
14,44,47,3,0.12593692519632949,0.1862821448253304,0.676054730389838,3235.121326936596,True
14,44,48,4,0.18427500965078802,0.2477059192866032,0.7439265487942429,3270.7189576605324,True
14,44,49,5,0.18909018088414017,0.311793448307151,0.6064597633811262,3266.4476117029644,True
14,44,50,6,0.2314539591770636,0.33977609635549677,0.6811955333517659,3330.6823625197285,True
14,44,51,7,0.23967652883979873,0.3700951116330319,0.6476079291678141,3391.2807315231216,True
14,44,52,8,0.263361179934488,0.40554920311428766,0.6493939031616597,3522.4203326690017,True
14,44,53,9,0.3271769104956463,0.4281292306623015,0.7642012903195482,3685.799438385111,True
14,45,48,3,0.13858181201365616,0.1855090221730108,0.7470354292763776,3258.2495300390974,True
14,45,49,4,0.13537039347419144,0.24959894432721652,0.5423516266828639,3253.9944683419485,False
14,45,50,5,0.18407659751435673,0.2775822631132175,0.6631425057561311,3317.984327871366,True
14,45,51,6,0.19543932009330095,0.30789552004195975,0.6347585702665197,3378.351669083608,True
14,45,52,7,0.20520906034483108,0.34336361269930116,0.5976435846874136,3508.9913080542105,True
14,45,53,8,0.26324096637727346,0.36595975152740945,0.7193167152359852,3671.747540340975,True
14,46,49,3,0.1383772500000209,0.18683336352388674,0.7406452862062257,3204.4581445230333,True
14,46,50,4,0.18556892445680154,0.21482281873940154,0.8638231522411617,3267.4738713568927,False
14,46,51,5,0.19266574359025154,0.24511520604497167,0.7860211804032381,3326.9222263227016,False
14,46,52,6,0.2152703817329504,0.28056375664329286,0.7672779417715165,3455.573107315196,True
14,46,53,7,0.2960739828809603,0.3032530056919983,0.9763266227331991,3615.851663163189,False
14,47,51,4,0.12762171936156758,0.18381800973441056,0.6942830005936949,3339.788316645233,True
14,47,52,5,0.13983075504244075,0.21934000866355965,0.637506836506621,3468.9367247039836,True
14,47,53,6,0.21016578180715448,0.24194191274765314,0.8686621487793172,3629.835120222405,False
14,48,53,5,0.15575709688492134,0.18078259473835642,0.8615713095076766,3669.7759809012864,False
14,49,53,4,0.1616063947300144,0.11652879841884493,1.3868365324522178,3664.9834924594134,False
14,50,53,3,0.12145893420924388,0.08857765902534225,1.3712140910666224,3737.055458512758,False
14,107,112,5,0.21625543401935585,0.27716081199459314,0.7802525633514689,1716.9804891145386,True
14,107,113,6,0.27924418785612803,0.4234620026707797,0.6594315100172665,1753.1443180753831,True
14,107,114,7,0.36769766407921295,0.5723186344391413,0.6424701939672958,1793.624124503236,True
14,107,115,8,0.47176621024166476,0.7211066883745377,0.6542252593788629,1872.5275698904943,True
14,107,116,9,0.5754407424442194,0.8688291728710218,0.6623174732297391,1965.3579826586301,True
14,107,117,10,0.6926410230294087,1.0176788208101275,0.6806086644094931,2102.1043028356135,True
14,107,118,11,0.7786146337575677,1.1665926035473904,0.6674263418008531,2232.389078991384,True
14,107,119,12,0.9012625904410981,1.315509766867497,0.68510520646851,2411.476311308075,True
14,107,120,13,1.0531280962085423,1.5239891608114602,0.6910338493797396,2596.444973420388,True
14,108,111,3,0.153717728535081,0.2121301583667221,0.7246387299128866,1554.930545072673,True
14,108,112,4,0.2608539014587918,0.359744037633079,0.7251097285032693,1557.1791804413517,True
14,108,113,5,0.3356614131017087,0.5086852782187772,0.6598606790372774,1589.9772010944057,True
14,108,114,6,0.4229068895667587,0.6589101762967069,0.6418278314407516,1626.6895063287277,True
14,108,115,7,0.5322937221249973,0.8084209930672348,0.6584362933295665,1698.2493191519318,True
14,108,116,8,0.6322826901506388,0.956531981262739,0.6610157344827597,1782.4399008101227,True
14,108,117,9,0.7513051613938082,1.1057429935627519,0.6794573112989578,1906.4590868938153,True
14,108,118,10,0.8375820786916951,1.254920014839668,0.6674386166346282,2024.618112138682,True
14,108,119,11,0.959589417614125,1.4040066984680375,0.683464985360232,2187.037493963009,True
14,108,120,12,1.1113693008411025,1.612664449647964,0.6891509892735023,2354.7909142851727,True
14,109,112,3,0.32614513609165163,0.44802090989001164,0.7279685588150778,1419.5928993905259,True
14,109,113,4,0.41418413805102167,0.5973866863162736,0.6933266969926088,1449.49301481587,True
14,109,114,5,0.4981186042030828,0.7479340761602247,0.6659926590861389,1482.961563898404,True
14,109,115,6,0.6078357630761521,0.8975980171700749,0.6771803763476681,1548.1986306672668,True
14,109,116,7,0.7054261334630648,1.045746634376912,0.674566965145797,1624.9504607833435,True
14,109,117,8,0.8266046629332542,1.195058942140387,0.6916852665465856,1738.011795126834,True
14,109,118,9,0.9117968586018554,1.3443107316037504,0.6782634677877563,1845.730749594859,True
14,109,119,10,1.0336652760672873,1.4934266378591476,0.6921433231893225,1993.7993881030259,True
14,109,120,11,1.186120420881227,1.7021133740830003,0.6968515957523921,2146.730770264404,True
14,110,113,3,0.31408755419086853,0.4488609918215206,0.6997434838707444,1415.192566402184,True
14,110,114,4,0.3966880055124584,0.5994038493599735,0.6618042342170987,1447.8691239197,True
14,110,115,5,0.49741935402422466,0.7490683179195902,0.6640507175710252,1511.562436685961,True
14,110,116,6,0.6005617481701042,0.8972262377412221,0.6693537514930745,1586.4980302540562,True
14,110,117,7,0.7228249064136757,1.0465381588109761,0.6906818450221757,1696.8839088163927,True
14,110,118,8,0.8059851900346049,1.1957877474918899,0.6740202780343936,1802.0538282748382,True
14,110,119,9,0.9300561362200817,1.3449053871104677,0.6915401969043409,1946.618606712676,True
14,110,120,10,1.0848595844906381,1.5535951690528194,0.6982897514749898,2095.93105802648,True
14,111,114,3,0.27758422441713054,0.4484910743727802,0.6189292056822652,1445.7783370904408,True
14,111,115,4,0.38282208403225576,0.5981561260443459,0.6400036167210871,1509.3796739058068,True
14,111,116,5,0.4831360402335251,0.7463142555242563,0.6473627384943104,1584.2070571740298,True
14,111,117,6,0.6047478568679385,0.8956250700025498,0.6752243512636564,1694.433533662504,True
14,111,118,7,0.688982859761095,1.044874876914362,0.6593926937890804,1799.4515831219244,True
14,111,119,8,0.8122158968926937,1.1939930320632244,0.6802517896517215,1943.8076036480566,True
14,111,120,9,0.9662719857365623,1.402683094238264,0.6888740512419895,2092.90444120127,True
14,112,115,3,0.2866790285314237,0.44958108964190296,0.6376581113760081,1511.562436685961,True
14,112,116,4,0.3871321182970935,0.5977346646625782,0.6476654963881506,1586.4980302540562,True
14,112,117,5,0.5115894544790291,0.7470456768574177,0.6848168329293095,1696.8839088163927,True
14,112,118,6,0.5923465236915845,0.8962965960607635,0.660882264079721,1802.0538282748382,True
14,112,119,7,0.7168118285465733,1.0454143234675861,0.6856724768883451,1946.618606712676,True
14,112,120,8,0.873210778020852,1.2541035548260484,0.6962828345877479,2095.93105802648,True
14,113,116,3,0.3005899302843447,0.4483652577534024,0.670413073016614,1619.913577941737,True
14,113,117,4,0.41626271090294803,0.597677458753904,0.6964671409405551,1732.6244544043582,True
14,113,118,5,0.5040772301794453,0.7469274660401347,0.6748677121914267,1840.0095108449848,True
14,113,119,6,0.6247002877520299,0.8960447841506018,0.697175296147959,1987.6191788167068,True
14,113,120,7,0.7758773349806721,1.1047342552852442,0.7023203374646325,2140.0765173236214,True
14,114,117,3,0.32888243882341545,0.4471365929311233,0.7355301355844887,1772.6304606431652,True
14,114,118,4,0.41601246158973776,0.5963845304299268,0.6975574320981115,1882.4950199137313,True
14,114,119,5,0.5368141307550153,0.7455027657946299,0.7200699385505648,2033.5129702069767,True
14,114,120,6,0.6892002545956029,0.9541935936456079,0.7222855604829969,2189.4905229299347,True
14,115,118,3,0.3119730790670884,0.446721169483047,0.6983619769533391,1965.3079911301434,True
14,115,119,4,0.4383765849446944,0.5958393017988596,0.7357295559746063,2122.969382727881,True
14,115,120,5,0.5960313678686352,0.8045306968678265,0.7408435379645372,2285.808554975679,True
14,116,119,3,0.32976902798363517,0.4476802919419133,0.7366172554820055,2228.215429441238,True
14,116,120,4,0.4865782498861169,0.6563691034972826,0.7413180286724623,2399.127341347266,True
14,117,120,3,0.3628064250345362,0.5070586066106803,0.71551181718349,2566.054607758767,True
16,31,51,20,1.3341800957843637,2.086672487880772,0.639381648789245,3472.4285449811637,True
16,31,52,21,1.3828677417596338,2.122051474581184,0.651665503087083,3303.5193354966154,True
16,31,53,22,1.3655329843768758,2.144737113245686,0.6366901453532361,3166.2912058116194,True
16,31,54,23,1.3963260391515462,2.1774265257740613,0.6412735505071342,3073.8900435767055,True
16,31,55,24,1.5319478514608418,2.3274763677116845,0.6582012486627368,3159.822779840667,True
16,31,56,25,1.5731011149316918,2.4753420524847685,0.6355085808656626,3235.4412372967,True
16,31,57,26,1.6382249861651899,2.53518680797243,0.646194979010401,3206.18152948332,True
16,31,58,27,1.668942161029395,2.5954940731327505,0.6430152078964252,3220.4595945299484,True
16,31,59,28,1.710991103498511,2.6534735953112145,0.6448118068790643,3251.116731217137,True
16,31,60,29,1.7570177067655486,2.7114723173537003,0.6479939682660433,3322.0475613693434,True
16,31,61,30,1.7936676271164302,2.7727766375470213,0.646885004305008,3413.361979046465,True
16,31,62,31,1.9126343423793837,2.921927051067015,0.6545797718259042,3493.078871139328,True
16,31,63,32,1.990419834254013,3.072600893120822,0.6477964120593467,3592.135854891905,True
16,31,64,33,2.12211965138736,3.2231144121156903,0.6584065534286684,3756.8178023428286,True
16,31,65,34,2.2082787072632537,3.373086384306288,0.6546760016397891,4019.601970344825,True
16,31,66,35,2.303916392495866,3.5220605275391192,0.6541387845215777,4338.856992342568,True
16,31,67,36,2.4015607050144467,3.671572856949159,0.6540958871261482,4803.015719316355,True
16,31,68,37,2.510457572097706,3.821020308179183,0.6570123604744736,5410.308678809371,True
16,51,55,4,0.22411956648947734,0.2409003685172063,0.9303413185665991,4424.297910403412,False
16,51,56,5,0.23951305057061043,0.3887471788816558,0.6161152121017041,4530.176817741224,True
16,51,57,6,0.3090145872124987,0.44856459277744465,0.6888965205637982,4489.208170713406,True
16,51,58,7,0.34015184992657493,0.5088957553584335,0.6684116468745035,4509.1999290339745,True
16,51,59,8,0.3837352133036222,0.566829026608653,0.6769858198679698,4552.125217961387,True
16,51,60,9,0.42477458276654856,0.6248602498927759,0.6797913338853585,4651.440637049988,True
16,51,61,10,0.46321596115487806,0.6861577224811637,0.6750867125416551,4779.29660096546,True
16,51,62,11,0.5870214287529203,0.835283211139963,0.7027813092900259,4890.91402500596,True
16,51,63,12,0.6583032311836795,0.985957388906459,0.6676791903895706,5029.610919345551,True
16,51,64,13,0.7942981382928743,1.1364614575778262,0.6989221966099803,5260.194102882516,True
16,51,65,14,0.882720966357686,1.2864404905383187,0.6861731831748441,5628.137347293507,True
16,51,66,15,0.9764075050579938,1.4354148461652372,0.680226700780267,6075.149545484456,True
16,51,67,16,1.0730604905440824,1.5849188315818306,0.6770444449026534,6725.051970059413,True
16,51,68,17,1.1835229309748754,1.7343607168470048,0.6823972196086582,7575.3670538133,True
16,52,55,3,0.15226629730746555,0.20563216559312825,0.7404789852223097,4209.086955623511,True
16,52,56,4,0.21377186887598465,0.35347144913129314,0.6047783191580529,4309.815599303524,True
16,52,57,5,0.2571882518606372,0.4132511338716541,0.6223534088124577,4270.839788613008,True
16,52,58,6,0.2872352605435584,0.47354018118412644,0.6065699848855547,4289.859088594869,True
16,52,59,7,0.32838232868611467,0.5314722417908649,0.6178729628090973,4330.696364327566,True
16,52,60,8,0.3783528601288159,0.5894242801577313,0.6419024001311379,4425.180787267341,True
16,52,61,9,0.41183270932741217,0.6507739111064273,0.6328353093123015,4546.817458398787,True
16,52,62,10,0.5300582415822971,0.7999309801936896,0.6626299702181213,4653.00548033204,True
16,52,63,11,0.6092155674864258,0.9505971511483223,0.6408767023449342,4784.955746921804,True
16,52,64,12,0.7403379274212879,1.1010943351637341,0.6723655764800558,5004.322681442514,True
16,52,65,13,0.8259571724393894,1.2510907762240713,0.6601896426190739,5354.3680766267835,True
16,52,66,14,0.921671442002358,1.4000700575760636,0.6583038020240534,5779.636277483212,True
16,52,67,15,1.0194415617814947,1.5495764308350675,0.657884013654052,6397.925523167646,True
16,52,68,16,1.1284774606317496,1.6990166282303047,0.6641944768999533,7206.8787626822195,True
16,53,56,3,0.2313795975378824,0.33065022167346264,0.6997714877275477,4130.785942166454,True
16,53,57,4,0.2851706395407623,0.3905169686529109,0.7302387922462347,4093.429185902695,True
16,53,58,5,0.30899447294718246,0.4508240955881752,0.6853991966512962,4111.658424528964,True
16,53,59,6,0.3513952761708942,0.5088398630568984,0.6905812647221808,4150.7993206128385,True
16,53,60,7,0.40416074093711324,0.5670229077435687,0.7127767422050812,4241.358862440196,True
16,53,61,8,0.43624340725098726,0.6281196599187354,0.69452277183527,4357.942748591358,True
16,53,62,9,0.5516645213804097,0.7772402868675014,0.7097734519189349,4459.719722135013,True
16,53,63,10,0.6324376271423854,0.9279088773450228,0.6815729890977508,4586.188777187437,True
16,53,64,11,0.7662492115847934,1.0784325698007446,0.7105212073911756,4796.443213465578,True
16,53,65,12,0.8485322986330691,1.228373855344532,0.6907769120461086,5131.9477296636605,True
16,53,66,13,0.9459140086967434,1.3773411732149718,0.6867681204133346,5539.5502976324715,True
16,53,67,14,1.0436918880507668,1.5268559763787017,0.6835562123718621,6132.1558199380415,True
16,53,68,15,1.1525184659780439,1.6763074374208924,0.687534064605278,6907.505157435642,True
16,54,57,3,0.25132154699746195,0.3577614949564118,0.7024834995953992,3973.971565071899,True
16,54,58,4,0.27594827266101907,0.418070225114717,0.6600524411545927,3991.6688239381783,True
16,54,59,5,0.3184280964059771,0.47605418575355835,0.6688904455318024,4029.667480078226,True
16,54,60,6,0.37068632410012337,0.5341435260649512,0.693982620796659,4117.584243218346,True
16,54,61,7,0.40306636319363803,0.5953550350616131,0.6770184838563175,4230.765888110567,True
16,54,62,8,0.5194493224851022,0.7445010038249682,0.6977147375441611,4329.572727186829,True
16,54,63,9,0.5995803363918188,0.8951746060511089,0.6697914935687826,4452.351064325454,True
16,54,64,10,0.7333097587329457,1.0456905638459475,0.7012684096869959,4656.4696928037665,True
16,54,65,11,0.8163930622344345,1.1956605859543232,0.6827966663991235,4982.183256364623,True
16,54,66,12,0.9133737530691061,1.3446360684185155,0.67927209043512,5377.890850510077,True
16,54,67,13,1.0111113516993906,1.494149050960903,0.6767138466200103,5953.2024994955445,True
16,54,68,14,1.1201095321442072,1.643597035623771,0.6814988758598655,6705.924992124502,True
16,55,58,3,0.14707642023266596,0.26802382117757306,0.5487438377174089,4103.258704980713,False
16,55,59,4,0.18387061418085937,0.32601084208971015,0.5640015313670541,4142.319640008482,False
16,55,60,5,0.2439104696816488,0.38415206610203634,0.6349320782173346,4232.694177471366,True
16,55,61,6,0.2698521959848382,0.44531048503483533,0.6059866206916921,4349.039894045582,True
16,55,62,7,0.38117725673530944,0.5944516593563811,0.6412249856414127,4450.608947099262,True
16,55,63,8,0.4661780312337362,0.7451253897808202,0.6256370238180492,4576.819638133013,True
16,55,64,9,0.5942759992367456,0.8956424500871313,0.6635192416113509,4786.64454498138,True
16,55,65,10,0.6767316216232392,1.0456103185363501,0.6472120728212888,5121.463657979035,True
16,55,66,11,0.7739900719322479,1.1945856130190315,0.6479151125687608,5528.233533417343,True
16,55,67,12,0.8722507465424115,1.3440986247630322,0.64894847035216,6119.628420092187,True
16,55,68,13,0.9803277113860679,1.493546841616554,0.6563756047483594,6893.393794061094,True
16,56,59,3,0.16881321762235124,0.17820002024078502,0.9473243459470416,4241.450459453699,False
16,56,60,4,0.19405027954038684,0.23650180029023307,0.8205023357211232,4333.987771094884,False
16,56,61,5,0.23573313109837793,0.2974761757742622,0.7924437326277262,4453.11778420468,False
16,56,62,6,0.36287295480805987,0.44659588863272387,0.8125308898812614,4557.11751000564,False
16,56,63,7,0.4243177264861821,0.5972681178520146,0.7104308999652907,4686.348578584397,True
16,56,64,8,0.5640898062094075,0.7477892204823652,0.7543433239724138,4901.194854318689,True
16,56,65,9,0.6538528240103367,0.8977455674023069,0.7283275437408264,5244.026601763191,True
16,56,66,10,0.7451936445281622,1.0467186286106658,0.7119331061464677,5660.530982160596,True
16,56,67,11,0.8405204167566951,1.196232480736579,0.7026396877629886,6266.078678088873,True
16,56,68,12,0.9517466555403974,1.3456821475909173,0.7072596283188005,7058.361212066155,True
16,57,60,3,0.12175591214717106,0.17665930103014313,0.6892131432490839,4294.793359406247,True
16,57,61,4,0.15549905651908502,0.23761769780070854,0.6544085645064327,4412.84602042718,True
16,57,62,5,0.2797416432838504,0.38674207669308275,0.7233286992608577,4515.905224869096,True
16,57,63,6,0.3524079078404885,0.5374162331311066,0.6557448140099557,4643.9675924795165,True
16,57,64,7,0.48588928867970804,0.6879341119645674,0.7063020719994971,4856.870906252296,True
16,57,65,8,0.574174663337729,0.8378998620094882,0.6852545147348732,5196.602255320297,True
16,57,66,9,0.6678627984312147,0.9868751692556211,0.6767449615081199,5609.339978999312,True
16,57,67,10,0.7649263153634668,1.1363875897106779,0.6731209688397033,6209.411405278282,True
16,57,68,11,0.8749814462837653,1.2858356832026596,0.6804768740780545,6994.528933387866,True
16,58,61,3,0.12733029558255027,0.17729641853553707,0.718177482852133,4432.497715735452,True
16,58,62,4,0.24697064613317177,0.32644306832511205,0.7565504374171858,4536.0158729881,True
16,58,63,5,0.3238638045269712,0.4771115626885404,0.6788009971965201,4664.648539815192,True
16,58,64,6,0.4579073940676513,0.6276320830993457,0.7295793290337115,4878.49997437737,True
16,58,65,7,0.5431671896116838,0.7775970178655853,0.6985201552117772,5219.744246608257,True
16,58,66,8,0.6384925840109261,0.9265733047108281,0.6890902001652116,5634.320012210879,True
16,58,67,9,0.7358489851405944,1.0760889605615245,0.6838179854169435,6237.063732238112,True
16,58,68,10,0.8454884565456307,1.2255382492928966,0.6898915289126678,7025.677618564632,True
16,59,62,3,0.20335911564397827,0.2684623836663123,0.757495753657411,4579.196436057313,True
16,59,63,4,0.2829556953309856,0.41913420560266856,0.6750956890386138,4709.053620420987,True
16,59,64,5,0.41489643145219246,0.5696411496740953,0.728347015817878,4924.940811827082,True
16,59,65,6,0.49963457837756436,0.7196253103473512,0.6942982288052084,5269.433555895738,True
16,59,66,7,0.595296534609809,0.8686034951144272,0.6853489975093715,5687.955871840076,True
16,59,67,8,0.6929102017733815,1.0181115648620043,0.6805837647736563,6296.4374053904485,True
16,59,68,9,0.8022469856680376,1.1675555072967991,0.6871167843021462,7092.558494647753,True
16,60,63,3,0.23400314130143363,0.3613087320821767,0.6476542649631052,4811.792805181869,True
16,60,64,4,0.3709865447340259,0.5117372729604138,0.7249550977357166,5032.39008821852,True
16,60,65,5,0.4625656058340285,0.6617604301883437,0.6989925428185206,5384.398759378803,True
16,60,66,6,0.5530692669683436,0.8107322590000376,0.6821848530493936,5812.052133283046,True
16,60,67,7,0.6489069059666849,0.9602180368319229,0.6757912068676022,6433.809136118354,True
16,60,68,8,0.7599282372118351,1.1096424739701385,0.6848406176206675,7247.299497054058,True
16,61,64,3,0.3318377169185393,0.45034762579429855,0.7368479323794859,5170.717358355609,True
16,61,65,4,0.42032162504843895,0.6003264002854048,0.7001551570089393,5532.401829223904,True
16,61,66,5,0.5132932687981473,0.7493052760771911,0.6850255632595724,5971.810278299203,True
16,61,67,6,0.610130505297504,0.8988185317654671,0.6788138914971862,6610.657758498772,True
16,61,68,7,0.7203980807168009,1.048264754319811,0.6872291353382826,7446.508846432669,True
16,62,65,3,0.29696933675892834,0.45116387123536844,0.6582294276928081,5661.607545565129,True
16,62,66,4,0.39478451662480685,0.6001420534433473,0.6578184520809857,6111.278098728612,True
16,62,67,5,0.49294524804287415,0.7496527889257505,0.6575647490743852,6765.045454392749,True
16,62,68,6,0.6009680404595982,0.8990993460594375,0.6684111640093101,7620.417311407558,True
16,63,66,3,0.3215051450854132,0.44947341220366527,0.7152929102283204,6284.58216590411,True
16,63,67,4,0.4162190989158882,0.5989842450534878,0.6948748691690896,6956.889103615207,True
16,63,68,5,0.5275563845818168,0.7484304518894072,0.7048836444989706,7836.517657735481,True
16,64,67,3,0.2795684227463938,0.44848870040407657,0.6233566698436549,7275.82861260489,True
16,64,68,4,0.38977921070895644,0.5979256004794749,0.6518858038464879,8195.783855129417,True
16,65,68,3,0.3050663191588083,0.44794461803615365,0.6810357952200831,8769.06751028865,True
3,40,44,4,0.1489891479824617,0.24984854004099086,0.5963178650474329,2111.9848484304994,True
3,40,45,5,0.19956902840354207,0.3120447260154911,0.6395526402636098,2162.195180828965,True
3,40,46,6,0.20669348116224587,0.37484131358362743,0.5514159556911604,2189.2720251261603,False
3,40,47,7,0.2564949490897526,0.4361230440049438,0.5881251922263595,2251.1072830942553,True
3,40,48,8,0.30024904504357197,0.49753194749532514,0.6034769155128338,2333.4849474552007,True
3,40,49,9,0.34061670982095804,0.5616308744417631,0.6064778937937064,2408.906806001428,True
3,40,51,11,0.4065518025068904,0.619929875559753,0.6558028876085424,2594.763958436297,True
3,40,52,12,0.3977808397504547,0.6553918247617616,0.6069359194326999,2731.0584028907183,True
3,40,53,13,0.4195346552626411,0.6779057922267288,0.6188686688818346,2929.5419437174814,True
3,41,44,3,0.16858111885266217,0.18724278051578525,0.9003344128317415,2074.256493300672,False
3,41,45,4,0.2127523002105381,0.2494396963458762,0.8529207793595655,2123.5698717018945,False
3,41,46,5,0.21586162220503147,0.31222583834163653,0.6913637364273368,2150.163017075682,True
3,41,47,6,0.27213138909299656,0.3735231269824077,0.7285529849020927,2210.8936541588787,True
3,41,48,7,0.31473566043397755,0.4349304494598149,0.723645954944935,2291.7997294702695,True
3,41,49,8,0.35754655856746353,0.4990361807289852,0.7164742204566499,2365.8742570136733,True
3,41,51,10,0.4230835120231206,0.557329824534485,0.7591259132354977,2548.411269791436,True
3,41,52,11,0.4119527144100085,0.5927625383181935,0.6949708994411407,2682.270959466996,True
3,41,53,12,0.4345744378876766,0.615349477370227,0.7062237864325241,2877.2088036845707,True
3,42,45,3,0.1603199964411731,0.1869038051027364,0.8577674293631911,2116.75766208605,False
3,42,46,4,0.16569894934946214,0.2496733317583467,0.6636629878830571,2143.2654991857635,True
3,42,47,5,0.21927035601442568,0.3109816191592175,0.7050910488126401,2203.801318177299,True
3,42,48,6,0.26279431713178086,0.37239608883985714,0.7056849548298861,2284.447854515397,True
3,42,49,7,0.3046163415746554,0.43648893238180214,0.6978787295074044,2358.284758039198,True
3,42,51,9,0.3701907983805394,0.49478764245537804,0.7481811723176266,2540.2362094891882,True
3,42,52,10,0.36026998419625655,0.5301839701083573,0.6795188170676412,2673.666490046954,True
3,42,53,11,0.38256619190533125,0.5528246001876477,0.6920209263037049,2867.9789922522095,True
3,44,48,4,0.15161880911372133,0.2477059192866032,0.6120919901728057,2342.3407096321407,True
3,44,49,5,0.19225079959992392,0.311793448307151,0.6165966624498653,2418.0488001692606,True
3,44,51,7,0.25797116308534923,0.3700951116330319,0.6970401796096695,2604.611295375953,True
3,44,52,8,0.2488732112329711,0.40554920311428766,0.6136695851497858,2741.4229881577926,True
3,44,53,9,0.2707609180217049,0.4281292306623015,0.6324280115208365,2940.6597899111007,True
3,45,49,4,0.14608342193099674,0.24959894432721652,0.585272595301869,2475.535497624706,True
3,45,51,6,0.2104603941770298,0.30789552004195975,0.6835448406275884,2666.5333299998333,True
3,45,52,7,0.2002798265989017,0.34336361269930116,0.583287859259262,2806.59758426462,True
3,45,53,8,0.22273879285788972,0.36595975152740945,0.6086428683160999,3010.571042177879,True
3,46,49,3,0.14383843902003557,0.18683336352388674,0.7698755527764491,2506.5362554728786,True
3,46,51,5,0.2079824714037819,0.24511520604497167,0.8485090531903722,2699.9259249097927,False
3,46,52,6,0.19628688847088827,0.28056375664329286,0.6996159832591858,2841.74418271596,True
3,46,53,7,0.2190716269255402,0.3032530056919983,0.7224054595127156,3048.271969493536,True
3,47,51,4,0.15143683862601476,0.18381800973441056,0.8238411396403337,2776.1844319137012,False
3,47,52,5,0.14134205464000732,0.21934000866355965,0.644397050502576,2922.008299098413,True
3,47,53,6,0.1633754684149822,0.24194191274765314,0.6752673257790758,3134.369394312036,True
3,48,53,5,0.12025019296434623,0.18078259473835642,0.6651646589008322,3249.06940522975,True
3,118,121,3,0.3589046217346796,0.5667231755601407,0.6332979437093668,1492.285160416735,True
3,118,122,4,0.5345775407375956,0.775435213876133,0.6893903335462764,1617.4257324526527,True
3,118,123,5,0.659781440129318,0.9844666323209696,0.6701917753919432,1735.582323025906,True
3,118,124,6,0.8073071243547164,1.1937632747168283,0.676270699101727,1898.4098609099142,True
3,119,122,3,0.5353608952726535,0.6263161811589625,0.8547773654546152,1647.5199543556369,False
3,119,123,4,0.6639152539587125,0.8353477221133939,0.7947771166228064,1767.8749955808528,False
3,119,124,5,0.8096229646582341,1.0446444169127957,0.7750225354679892,1933.7321427746915,True
3,120,123,3,0.43317991405712886,0.6266560524716799,0.6912562518921898,1936.184004685505,True
3,120,124,4,0.580235020158002,0.8359542807415988,0.6940989878576361,2117.831438051669,True
3,121,124,3,0.4484156654826989,0.6270423327010424,0.715128217182893,2216.720550723523,True
19,54,57,3,0.24111637755703635,0.3577614949564118,0.6739584358747522,1719.0357762420188,True
19,54,65,11,0.7975205244617657,1.1956605859543232,0.6670124731302572,2335.455844155483,True
19,54,66,12,0.8819373742158757,1.3446360684185155,0.6558929921113602,2306.519455803484,True
19,54,67,13,0.9865994244759942,1.494149050960903,0.6603085708494087,2324.903438855042,True
19,54,68,14,1.1017934702686343,1.643597035623771,0.6703549874987978,2379.8201612726957,True
19,54,69,15,1.191377037484215,1.7925713676830437,0.6646190265908957,2431.687479920066,True
19,54,70,16,1.2968036437078303,1.942152246638469,0.6677147200753051,2514.7850802802213,True
19,54,71,17,1.4155499688363686,2.0918167000834087,0.6767084175109249,2636.7495140797882,True
19,54,72,18,1.4959058280043858,2.2448559148581935,0.6663705310008199,2834.883771867905,True
19,54,73,19,1.6101039913526147,2.4041798823306997,0.6697102838210763,3095.895993085039,True
19,54,74,20,1.7141013576996231,2.5682448608418307,0.6674213132223566,3396.185507300801,True
19,54,75,21,1.8332089001694112,2.7370818274973026,0.6697676634116697,3794.198466079496,True
19,54,76,22,1.9454639045786801,2.9095182899260132,0.6686549836495964,4258.427409267417,True
19,55,65,10,0.7132742705954328,1.0456103185363501,0.6821607036107651,2413.3060829492806,True
19,55,66,11,0.7977137290873899,1.1945856130190315,0.6677744318980687,2383.4051271237963,True
19,55,67,12,0.9026595627093184,1.3440986247630322,0.6715724174395754,2402.4019230761533,True
19,55,68,13,1.0176046075708376,1.493546841616554,0.6813342435711115,2459.1492431326733,True
19,55,69,14,1.1072395416402707,1.6425209086830925,0.6741098611207397,2512.7455103929647,True
19,55,70,15,1.2125428143859727,1.7921018435523024,0.6766037425543135,2598.613091631765,True
19,55,71,16,1.331197880273612,1.9417663596817127,0.6855602753833974,2724.643095893479,True
19,55,72,17,1.4123554340058573,2.0950799508592577,0.6741296118205924,2929.3819740689332,True
19,55,73,18,1.5275176780348074,2.255065275917503,0.6773718234889305,3199.0947938440336,True
19,55,74,19,1.6324875781213415,2.4200182800610803,0.6745765482730726,3509.3941784872213,True
19,55,75,20,1.7524982103968123,2.589866071095247,0.6766752265516517,3920.674527425096,True
19,55,76,21,1.8656005185811515,2.76338092579594,0.6751152188849245,4400.378108753837,True
19,56,65,9,0.601169234938269,0.8977455674023069,0.669643222720438,2536.41247631374,True
19,56,66,10,0.6854218606879332,1.0467186286106658,0.654829141235128,2504.9862275070495,True
19,56,67,11,0.7902952537248511,1.196232480736579,0.6606535656331849,2524.952078753179,True
19,56,68,12,0.9057113504923309,1.3456821475909173,0.6730499859225776,2584.5941654348753,True
19,56,69,13,0.9952760222374688,1.4946539486634238,0.6658906050644581,2640.924459351308,True
19,56,70,14,1.10093465486804,1.6442353813459019,0.6695724148490597,2731.172275781958,True
19,56,71,15,1.2198378014578046,1.7939005007019653,0.6799918953032645,2863.6312611787152,True
19,56,72,16,1.3006466972382427,1.9475948102818734,0.6678220184053588,3078.8141791930216,True
19,56,73,17,1.4165305108239692,2.108378542379025,0.6718577723835127,3362.2854578396523,True
19,56,74,18,1.5222590943866814,2.2743601576823225,0.6693131205472459,3688.4136834145925,True
19,56,75,19,1.6430708946345063,2.4453489281011906,0.6719167460123362,4120.674065004414,True
19,56,76,20,1.7569509294551395,2.6200593908655603,0.6705767569927928,4624.848051558019,True
19,57,65,8,0.5577568920647166,0.8378998620094882,0.6656605608301206,2734.8311648070708,True
19,57,66,9,0.6419850613685489,0.9868751692556211,0.650523066511831,2700.9465007659815,True
19,57,67,10,0.7462446311657347,1.1363875897106779,0.6566814332737716,2722.474242302395,True
19,57,68,11,0.8619939554185189,1.2858356832026596,0.6703764459791093,2786.7820151565497,True
19,57,69,12,0.9514531588089727,1.434809888969911,0.6631214115007577,2847.518920042499,True
19,57,70,13,1.0572946509956813,1.584390755515455,0.6673193764323045,2944.8266502461565,True
19,57,71,14,1.176369986238881,1.7340552589082132,0.6783924446442041,3087.647648291495,True
19,57,72,15,1.2558692793532855,1.8877901866825664,0.6652589298391459,3319.663913711748,True
19,57,73,16,1.3708021930537226,2.048818973777513,0.6690694544507776,3625.31060738249,True
19,57,74,17,1.4759159051104422,2.2151594587579853,0.6662797566446849,3976.951219213029,True
19,57,75,18,1.5963260622610538,2.386565664295233,0.668880008684973,4443.026502284226,True
19,57,76,19,1.7099274020394903,2.5617213986842047,0.6674915558412295,4986.641053855792,True
19,65,68,3,0.30463474565550036,0.44794461803615365,0.6800723424048668,3786.0796346616903,True
19,65,69,4,0.39426261679604885,0.5969155450394004,0.6604998312952712,3868.595869304521,True
19,65,70,5,0.49987725352798534,0.7464957592867367,0.6696317391080816,4000.7966706644816,True
19,65,71,6,0.6189404943517454,0.8961590274142738,0.690659219421804,4194.831105062515,True
19,65,72,7,0.7018770594296118,1.0535140733759356,0.6662246638817839,4510.044872282315,True
19,65,73,8,0.82386989675855,1.222284995018544,0.6740407516383286,4925.291818765666,True
19,65,74,9,0.936506561923098,1.3978755569421886,0.6699498802108526,5403.025402494421,True
19,65,75,10,1.0636576815325687,1.5787935419704366,0.6737155006379459,6036.228189026654,True
19,65,76,11,1.1834045937652877,1.7632641197331353,0.6711442605344867,6774.774645698556,True
19,66,69,3,0.31019947679427534,0.44794014899091966,0.6925020619229277,3820.663816668512,True
19,66,70,4,0.41602168425919106,0.5975210892526903,0.6962460266958986,3951.2266449800118,True
19,66,71,5,0.5352128910368149,0.747185041989109,0.7163056819392487,4142.8569852216715,True
19,66,72,6,0.6184657800246404,0.9059567909799084,0.6826658690374078,4454.165241658643,True
19,66,73,7,0.742145615966932,1.077293117371089,0.6888985031093346,4864.2672623942035,True
19,66,74,8,0.8563833979131248,1.2555719557858502,0.6820663634344419,5336.081708519839,True
19,66,75,9,0.9848188292777892,1.438969410158091,0.6843917753398198,5961.4390880055125,True
19,66,76,10,1.1056570116089626,1.6256670242675475,0.680125139468288,6690.834925478284,True
19,67,70,3,0.3127779650129057,0.44800344513674106,0.6981597316008108,3982.719673790763,True
19,67,71,4,0.432519100942908,0.5976680602442699,0.7236777899192661,4175.877392836145,True
19,67,72,5,0.5119518334517996,0.7580367833792326,0.6753654237853508,4489.666914148532,True
19,67,73,6,0.635279551362835,0.9324136666014,0.681328013646986,4903.037629878033,True
19,67,74,7,0.7500247663231129,1.113724601269473,0.6734382678340778,5378.6126463986975,True
19,67,75,8,0.8791095073686958,1.2997909894371338,0.6763468238454158,6008.9544015577285,True
19,67,76,9,1.0005878278814835,1.48879959601021,0.6720769071693257,6744.163847357209,True
19,68,71,3,0.31508239196244014,0.4482208585300189,0.702962358770588,4274.516112965302,True
19,68,72,4,0.3995810958502886,0.610981258299896,0.6539989409203072,4595.717680623996,True
19,68,73,5,0.5280747189796674,0.7893610184341937,0.6689901156091751,5018.8526577296525,True
19,68,74,6,0.64703828801066,0.9742732980099259,0.664124008460784,5505.661268185684,True
19,68,75,7,0.7788614582746196,1.1632839147180845,0.669536858904623,6150.8923742819625,True
19,68,76,8,0.9024826364035357,1.3547124281034857,0.6661802296055969,6903.468258781234,True
19,68,113,45,2.882710060263726,4.331126772644927,0.6655797005229003,5211.556389409981,True
19,69,72,3,0.3109009495336754,0.46673854277122406,0.6661137254440678,4695.879683296836,True
19,69,73,4,0.4423929487329684,0.650822758998095,0.6797441279005169,5128.236734005169,True
19,69,74,5,0.5637610530464099,0.8400775986884589,0.6710821166122769,5625.655161845596,True
19,69,75,6,0.6970172406743436,1.0322826250658963,0.6752193863864067,6284.948846251655,True
19,69,76,7,0.8217318051755883,1.2261690926331417,0.6701618970112492,7053.92684963489,True
19,69,113,44,2.7932784607483185,4.182154511355543,0.6679041755066446,5325.14037373664,True
19,69,114,45,2.6897321324393793,4.031614622889429,0.6671600299216267,5368.270298708887,True
19,70,73,3,0.35168416606433006,0.5165756602942416,0.6807989479489039,5303.483006477913,True
19,70,74,4,0.4772368834557344,0.7101790832844361,0.671995127269321,5817.899620997255,True
19,70,75,5,0.6122533860131881,0.9052021538921968,0.6763719942342329,6499.7232248765795,True
19,70,76,6,0.7382810255734111,1.1011070197426627,0.6704898001158445,7294.979369401945,True
19,70,113,43,2.6875176388706485,4.032572968874047,0.6664523269918765,5507.115397374564,True
19,70,114,44,2.5839882119794466,3.8820329609688184,0.6656275817232047,5551.719193186917,True
19,70,115,45,2.4713332088357056,3.7323696096955032,0.662135176113312,5666.160075394976,True
19,71,74,3,0.3920039529446897,0.5897513415294858,0.6646936180391726,6100.061639032839,True
19,71,75,4,0.5265648286235315,0.7861485567795302,0.6698032122333373,6814.952971224379,True
19,71,76,5,0.6525965069892244,0.9829865734737868,0.663891577565507,7648.778203085772,True
19,71,113,42,2.56878705992892,3.882907481643098,0.6615627779114396,5774.20470714366,True
19,71,114,43,2.4652941767266596,3.732367371120958,0.6605175567126039,5820.971740182218,True
19,71,115,44,2.352551256319724,3.5827039337260245,0.6566412686724752,5940.962884920255,True
19,71,116,45,2.2680526348860286,3.4345425443713946,0.6603652758947371,6089.765841146932,True
19,72,75,3,0.40668781260769865,0.5893849731271265,0.6900206675611642,7327.0515386477255,True
19,72,76,4,0.5329615654976071,0.7862217456563283,0.6778769074273026,8223.533212676897,True
19,72,113,41,2.4927433779062063,3.7356452847126684,0.6672858871550859,6208.0979373718,True
19,72,114,42,2.3887790212823683,3.5851451975399096,0.666299100778826,6258.37920311641,True
19,72,115,43,2.27675700963292,3.4355654919524468,0.6627022581773079,6387.38688745249,True
19,72,116,44,2.1911906022549736,3.287561995444665,0.6665092872137914,6547.371400035285,True
19,72,117,45,2.0977958823212743,3.1383347801795254,0.6684423521576216,6737.548070329443,True
19,73,76,3,0.38940945752119976,0.5893724227556584,0.6607188298707367,8980.686889097069,True
19,73,113,40,2.3920630593613805,3.59325974412446,0.6657083622392667,6779.687308423598,True
19,73,114,41,2.287655492563356,3.4430111878193843,0.6644345219256265,6834.598049629546,True
19,73,115,42,2.176572091418075,3.293748547753462,0.6608191426460378,6975.483674986273,True
19,73,116,43,2.0901859009758397,3.1461620956707654,0.6643605247968667,7150.198214035748,True
19,73,117,44,1.9970673524174711,2.997298034426693,0.6662892143121362,7357.8847503885245,True
19,73,118,45,1.8955508510092536,2.8485520417788677,0.6654436440717149,7626.078120502045,True
19,74,113,39,2.308342458860931,3.4565209551324787,0.6678224980622052,7437.289828963236,True
19,74,114,40,2.2037017333551563,3.306784986409551,0.666418210561642,7497.52669218323,True
19,74,115,41,2.0937833210246777,3.158128889467909,0.6629822259652755,7652.077659041366,True
19,74,116,42,2.006732719713692,3.011283163200325,0.6664045229080952,7843.738808756956,True
19,74,117,43,1.9141013788531624,2.863137154288539,0.6685328979040117,8071.570107482186,True
19,74,118,44,1.8136753902067528,2.715195244154313,0.6679723655643219,8365.777160551193,True
19,74,119,45,1.7234457659365328,2.5677016933762276,0.6712017094440604,8660.195927344832,True
19,75,113,38,2.2153510126810843,3.3250739829030738,0.6662561567267425,8308.896436952382,True
19,75,114,39,2.1106616814888493,3.1761727798926467,0.6645298690457856,8376.192706116544,True
19,75,115,40,2.0022146274521764,3.0284828065995226,0.6611279493114663,8548.856136934344,True
19,75,116,41,1.9146716639726151,2.882781314581507,0.664175133329726,8762.978845689404,True
19,75,117,42,1.8228070219816317,2.7358013100318606,0.6662790222731503,9017.510632097974,True
19,75,118,43,1.723854517356033,2.589170382694041,0.6657941589623608,9346.197020713826,True
19,75,119,44,1.6346598718810572,2.443219368607726,0.669059803996467,9675.119934657141,True
19,75,120,45,1.49318680880786,2.2396872966022943,0.6666943242804882,10621.85400483362,True
19,76,113,37,2.134135451648938,3.2004377984024686,0.666826098827546,9325.509101384225,True
19,76,114,38,2.029614622683241,3.0527721109718975,0.6648431487527844,9401.03922446875,True
19,76,115,39,1.9229345166710954,2.9064976566576854,0.6615985092113804,9594.828424729647,True
19,76,116,40,1.835103177236084,2.7624490340947783,0.6643029987474233,9835.149541313544,True
19,76,117,41,1.7442935423172048,2.617203689259025,0.66647221592869,10120.823879507043,True
19,76,118,42,1.6471915959451922,2.47252991736009,0.6661968311808708,10489.725806712013,True
19,76,119,43,1.5594040795822461,2.3288685343518805,0.6695972986797322,10858.893198664402,True
19,76,120,44,1.420115457615047,2.1291088346154443,0.6669999365586896,11921.462368350622,True
19,76,121,45,1.292719656756606,1.9309373622535229,0.6694777790450553,13277.411758320972,True
19,113,116,3,0.30188415113950223,0.4483652577534024,0.6732996054425258,7424.737032380339,True
19,113,117,4,0.3951006582967683,0.597677458753904,0.6610599956714321,7640.397895397857,True
19,113,118,5,0.4973532645794029,0.7469274660401347,0.6658655454406313,7918.88881093806,True
19,113,119,6,0.5887901332476562,0.8960447841506018,0.6570990018158466,8197.580130745902,True
19,113,120,7,0.7329219688825875,1.1047342552852442,0.6634373519026491,8999.7333293826,True
19,113,121,8,0.8689895934189102,1.31364617962691,0.6615096263331065,10023.364704529113,True
19,113,122,9,0.9977574298594369,1.5223575135911849,0.6554028347163763,11302.559002279086,True
19,114,117,3,0.29114136550922215,0.4471365929311233,0.6511239968097834,7702.279792373165,True
19,114,118,4,0.3938048088307255,0.5963845304299268,0.6603202946039464,7983.026290198473,True
19,114,119,5,0.48533640053460814,0.7455027657946299,0.6510189134138075,8263.97481542629,True
19,114,120,6,0.629337599799319,0.9541935936456079,0.659549177431449,9072.624895806064,True
19,114,121,7,0.7656167004935616,1.1631059510780366,0.6582518985342152,10104.54697153712,True
19,114,122,8,0.8942927285976257,1.3718176983661654,0.6519034778912155,11394.101851396625,True
19,115,118,3,0.2818643528886568,0.446721169483047,0.630962605185769,8147.585148373719,True
19,115,119,4,0.373257295751012,0.5958393017988596,0.6264395360026357,8434.325032271403,True
19,115,120,5,0.5171671062752675,0.8045306968678265,0.6428183639091537,9259.644296623926,True
19,115,121,6,0.6533745420595513,1.013442971739744,0.644707753942903,10312.837994461079,True
19,115,122,7,0.7820214485542113,1.2221546516726527,0.63987110590622,11628.975234301603,True
19,116,119,3,0.288005067332693,0.4476802919419133,0.6433275543209791,8645.579087024767,True
19,116,120,4,0.4318844779600965,0.6563691034972826,0.6579902613619663,9491.570075598662,True
19,116,121,5,0.5681952294890069,0.8652811425168516,0.6566596699845925,10571.14305550729,True
19,116,122,6,0.6968183561633288,1.073992717754567,0.6488110623507677,11920.245509216662,True
19,117,120,3,0.3384209806926766,0.5070586066106803,0.6674198530122107,9767.264714340448,True
19,117,121,4,0.47473335323141896,0.7159710478046052,0.6630622211430229,10878.195254728607,True
19,117,122,5,0.6033420093585736,0.9246830857755743,0.6524851796683648,12266.484092844208,True
19,118,121,3,0.37181296731251917,0.5667231755601407,0.6560751057075173,11274.703211171458,True
19,118,122,4,0.5005014437237659,0.775435213876133,0.6454458538475857,12713.594888936803,True
19,119,122,3,0.40899805367770314,0.6263161811589625,0.6530216941240053,13161.027429498048,True
0,56,59,3,1.342892909870437,0.17820002024078502,7.535874059138217,1961.9927369896147,False
0,56,60,4,0.28503439073677084,0.23650180029023307,1.205210236822633,2104.510156782333,False
0,56,61,5,1.4325803357522362,0.2974761757742622,4.815781741255609,2261.5997656526233,False
0,56,62,6,1.4402590492507332,0.44659588863272387,3.224971581489834,2145.9277713846755,False
0,56,63,7,0.46654434098563197,0.5972681178520146,0.7811304957369712,2075.739868095229,False
0,56,64,8,1.4805613167207388,0.7477892204823652,1.9799179717590678,2049.1185910044346,False
0,56,65,9,1.2622315375929012,0.8977455674023069,1.4060014144600694,2035.2492476352866,False
0,56,66,10,1.4542478153087603,1.0467186286106658,1.3893397667327443,2056.12414508463,False
0,56,67,11,0.9145181365143834,1.196232480736579,0.7644986666398406,2089.966028432041,True
0,56,68,12,0.9587265909121179,1.3456821475909173,0.7124465406845595,2158.0769217059897,True
0,56,69,13,1.1086747435547808,1.4946539486634238,0.7417601542793232,2266.988200233958,True
0,56,70,14,1.5237784297109236,1.6442353813459019,0.9267398372510527,2410.8159407138487,False
0,56,71,15,1.5445994464764696,1.7939005007019653,0.8610284939839514,2575.966032384744,False
0,56,72,16,1.6258702231121602,1.9475948102818734,0.8348092809288445,2606.7384794029495,False
0,56,73,17,1.7026525958465617,2.108378542379025,0.8075649422638046,2666.074642615994,False
0,56,74,18,1.6023474492344498,2.2743601576823225,0.7045266968039554,2739.4317841479465,True
0,56,75,19,1.584792062922803,2.4453489281011906,0.6480842241820235,2812.2699905947866,True
0,56,76,20,1.6958238376674286,2.6200593908655603,0.6472463347890743,2899.394591979505,True
0,56,77,21,1.8886141033093191,2.7968492785342254,0.6752648838835911,3008.554303980568,True
0,56,78,22,1.839483427587599,2.9774042666890708,0.6178144661669136,3099.864351870901,True
0,56,79,23,1.9963276397638965,3.1664791396484437,0.630456589707879,3278.97781328267,True
0,56,80,24,2.0772611707719806,3.3610244527815083,0.6180440517333594,3494.739046051937,True
0,56,81,25,2.186521224216237,3.551871373042062,0.6155969613121303,3738.59826673046,True
0,56,82,26,2.2902111205345257,3.744971611532473,0.6115429856616063,4046.448072075064,True
0,56,83,27,2.428333880671509,3.93852342965085,0.6165594604287477,4408.056714698667,True
0,56,84,28,2.5088246572846336,4.133003396154431,0.6070221620478172,4784.0707561657155,True
0,57,60,3,0.24087757573253415,0.17665930103014313,1.3635148238893664,2156.3928213569993,False
0,57,61,4,1.4328778878057984,0.23761769780070854,6.03018167867093,2317.3551734682364,False
0,57,62,5,1.3650225707698485,0.38674207669308275,3.5295424341766823,2198.8315078695773,False
0,57,63,6,0.35126273341186853,0.5374162331311066,0.6536139248443122,2126.913256341217,True
0,57,64,7,1.4634187458766317,0.6879341119645674,2.127265853553147,2099.6356826840224,False
0,57,65,8,1.2487574832072708,0.8378998620094882,1.4903421516414215,2085.4244172350145,False
0,57,66,9,1.455728147372511,0.9868751692556211,1.4750884333937955,2106.8139452737632,False
0,57,67,10,0.7898460570974889,1.1363875897106779,0.695049879327336,2141.4901353963787,True
0,57,68,11,0.8469319145283251,1.2858356832026596,0.6586626313082655,2211.2801722079453,True
0,57,69,12,0.9831282498868467,1.434809888969911,0.6851975703852036,2322.876449577119,True
0,57,70,13,1.5161845459396595,1.584390755515455,0.9569511439407472,2470.2499873494585,False
0,57,71,14,1.5582766155874703,1.7340552589082132,0.89863146377964,2639.471538016654,False
0,57,72,15,1.5461432890034894,1.8877901866825664,0.8190228447582638,2671.0026207400097,False
0,57,73,16,1.6827546775676674,2.048818973777513,0.8213291164836715,2731.8016033379877,False
0,57,74,17,1.5838716407762052,2.2151594587579853,0.7150147293072364,2806.967224603807,True
0,57,75,18,1.5784658098132576,2.386565664295233,0.6613963459829578,2881.6011174345417,True
0,57,76,19,1.6727992234556732,2.5617213986842047,0.652998106786665,2970.873608890153,True
0,57,77,20,1.8791497858117883,2.7389605332253235,0.6860813666412907,3082.7244443835716,True
0,57,78,21,1.8354955269063515,2.9199599207447697,0.6286029865910581,3176.285566506891,True
0,57,79,22,1.9767232378831485,3.1087154404403723,0.6358649660141075,3359.814727034811,True
0,57,80,23,2.085750875940503,3.3030144879293486,0.6314688850329733,3580.8951394867736,True
0,57,81,24,2.2055274246810392,3.4936334270647276,0.6312990388731408,3830.7662418894733,True
0,57,82,25,2.306594890682549,3.6865482636250504,0.6256787449228813,4146.205494183809,True
0,57,83,26,2.4555836947271796,3.8799470615844056,0.632891030663811,4516.7289048602415,True
0,57,84,27,2.539547351909094,4.074293102078931,0.6233099308965464,4902.012851880338,True
0,58,61,3,0.5637794506664833,0.17729641853553707,3.1798693697440936,2415.3231667832774,False
0,58,62,4,0.2953923053411973,0.32644306832511205,0.9048815367922268,2291.7888209867856,False
0,58,63,5,1.4038624061451728,0.4771115626885404,2.942419584707524,2216.8301694085635,False
0,58,64,6,0.623200882722313,0.6276320830993457,0.9929398121983333,2188.39941509771,False
0,58,65,7,0.7106696164745117,0.7775970178655853,0.9139304808874117,2173.5873573426948,False
0,58,66,8,0.8109330298533975,0.9265733047108281,0.875195762418905,2195.881144324528,False
0,58,67,9,1.216410218827721,1.0760889605615245,1.1303993102884116,2232.023297369452,False
0,58,68,10,1.3954770669870695,1.2255382492928966,1.1386646380006689,2304.7637622975594,False
0,58,69,11,1.3952268145230649,1.3745114757071186,1.0150710555583315,2421.077859136298,False
0,58,70,12,1.102672107634535,1.5240921758789538,0.7234943693603156,2574.6817279034703,True
0,58,71,13,1.236478718810732,1.673755794482542,0.738744996663627,2751.057251312666,True
0,58,72,14,1.2059073709708772,1.8277433601359638,0.659779374540401,2783.921335095516,True
0,58,73,15,1.3566500094311364,1.9892096400442496,0.6820045419651988,2847.2906419963524,True
0,58,74,16,1.5289932257464816,2.1560774378492065,0.7091550604377771,2925.633948394775,True
0,58,75,17,1.79013962427217,2.3280473590647084,0.7689446768777752,3003.42304712473,True
0,58,76,18,1.7892729888704544,2.503775083737387,0.7146300801905917,3096.4696026281285,True
0,58,77,19,1.771698875312916,2.681573328088276,0.6606938011931899,3213.0490192339116,True
0,58,78,20,2.0069728202541697,2.863112617765561,0.7009758567654448,3310.5655106038907,True
0,58,79,21,1.9843874178952141,3.0514686435621443,0.6503056887318138,3501.8535092147986,True
0,58,80,22,2.3017155777088725,3.2454567856299295,0.7092115932340536,3732.280268147075,True
0,58,81,23,2.3622163446038194,3.435786160292865,0.6875329937304553,3992.7148658525566,True
0,58,82,24,2.48039669058632,3.628462918236105,0.683594333600661,4321.489558011219,True
0,58,83,25,2.6665823419164116,3.8216636867645604,0.6977543186627062,4707.677134213858,True
0,58,84,26,2.7284755321651577,4.015834924619464,0.6794292054780378,5109.249259920678,True
0,59,62,3,0.36985691912772223,0.2684623836663123,1.3776861922951529,2415.5448660705933,False
0,59,63,4,1.1673025646774013,0.41913420560266856,2.785032929963207,2336.538465337132,False
0,59,64,5,0.6897568690750852,0.5696411496740953,1.2108620830319419,2306.57245713201,False
0,59,65,6,0.6811628272179981,0.7196253103473512,0.9465520701171727,2290.960551821004,False
0,59,66,7,0.8389126779230649,0.8686034951144272,0.9658177553298344,2314.4581979374784,False
0,59,67,8,1.0138414674636944,1.0181115648620043,0.995805864950676,2352.5520185534688,False
0,59,68,9,1.1945913094678262,1.1675555072967991,1.0231559030830337,2429.2204510912547,False
0,59,69,10,1.2072823141454827,1.316533728895295,0.9170158634359598,2551.815481181976,False
0,59,70,11,1.087276900229015,1.4661128423693721,0.741605194912471,2713.7139219158676,True
0,59,71,12,1.215522791998035,1.615775629300913,0.7522843951569855,2899.613681165131,True
0,59,72,13,1.1538382752507246,1.7696238121883094,0.652024609582922,2934.2524175673775,True
0,59,73,14,1.3330584010624584,1.9312014613419017,0.6902741261060243,3001.043651798487,True
0,59,74,15,1.4562217688740644,2.098324080524148,0.6939927832836524,3083.6174778983204,True
0,59,75,16,1.6821066885546325,2.270625345807852,0.7408120814207533,3165.6071692488945,True
0,59,76,17,1.6940608132513115,2.4467246523434723,0.6923790184681143,3263.6782163687644,True
0,59,77,18,1.72318799114605,2.62490618105346,0.6564760308707409,3386.5528934301324,True
0,59,78,19,1.9141688440078863,2.8068301267290936,0.6819681838881145,3489.335251878214,True
0,59,79,20,1.9173915062820952,2.994892464685887,0.6402204850060274,3690.9527564031487,True
0,59,80,21,2.2117654423611253,3.1886577366576647,0.693635261299473,3933.8225048926647,True
0,59,81,22,2.287078175124882,3.3787858072910004,0.6768935071852293,4208.3205082312825,True
0,59,82,23,2.403861851016722,3.5713024617762263,0.673105086098234,4554.848954685544,True
0,59,83,24,2.589326823958851,3.7643731976443493,0.6878507225530102,4961.890567112499,True
0,59,84,25,2.6571559267937506,3.958432928200186,0.6712646077350367,5385.147491016379,True
0,60,63,3,0.247317810339134,0.3613087320821767,0.6845054890145407,2506.2625560782735,True
0,60,64,4,1.4924739496240225,0.5117372729604138,2.916484744193091,2474.119843499906,False
0,60,65,5,1.259615651574426,0.6617604301883437,1.9034315049872754,2457.373903173874,False
0,60,66,6,1.4502729622920973,0.8107322590000376,1.7888432909785448,2482.57839755364,False
0,60,67,7,0.7273231441946155,0.9602180368319229,0.7574562404537779,2523.4393196587866,True
0,60,68,8,0.7421823999910199,1.1096424739701385,0.6688482258033975,2605.6768794307554,True
0,60,69,9,0.8908234567375398,1.2586264804892209,0.7077742845449126,2737.177104244444,True
0,60,70,10,1.460586960204964,1.4081960983310529,1.0372042373473431,2910.835704741853,False
0,60,71,11,1.4821378393915532,1.5578503241391537,0.9513993844116968,3110.2390583361916,False
0,60,72,12,1.4907694941537124,1.7113601323952352,0.8711021519866878,3147.3939219614695,False
0,60,73,13,1.600346930970645,1.872902474657788,0.8544742465904726,3219.03681246425,False
0,60,74,14,1.4685649998527042,2.0401652257886838,0.7198265029171785,3307.608728371601,True
0,60,75,15,1.4245164946381939,2.212708035721566,0.6437887293041162,3395.554078497352,True
0,60,76,16,1.5307565131747165,2.389098206359506,0.6407256550191273,3500.748919874146,True
0,60,77,17,1.7530898544846372,2.5675998347094815,0.6827737838217284,3632.5491049674747,True
0,60,78,18,1.6754798821750574,2.7498510281244077,0.6092984183648134,3742.7974831668357,True
0,60,79,19,1.835133224379219,2.9376537954595703,0.6246934976529896,3959.0603051734383,True
0,60,80,20,1.9110022384600882,3.131227111856157,0.6103045771493933,4219.571897716639,True
0,60,81,21,2.0317960952720067,3.3211856398964854,0.611768300713035,4514.009193610487,True
0,60,82,22,2.129742093728264,3.5135672214017455,0.6061480995028746,4885.709160398314,True
0,60,83,23,2.2702476190992216,3.7065334428805836,0.6124988898885713,5322.317916096332,True
0,60,84,24,2.354297937072632,3.9005058738291902,0.6035878455840855,5776.319849177329,True
0,61,64,3,0.30083485460931886,0.45034762579429855,0.6680058634232229,2658.7986948996345,True
0,61,65,4,0.4256489476463071,0.6003264002854048,0.7090292005214942,2640.802766205761,True
0,61,66,5,0.4795748410946328,0.7493052760771911,0.6400259766023968,2667.8886314837055,True
0,61,67,6,1.2020323196188678,0.8988185317654671,1.3373470585412002,2711.7995869901597,False
0,61,68,7,1.368078989575012,1.048264754319811,1.3050891808937328,2800.1757087725764,False
0,61,69,8,1.3949601144425086,1.1972404957354161,1.165146116767159,2941.491670904407,False
0,61,70,9,0.8701866970912284,1.3468195230947695,0.6461049028244576,3128.112889586947,True
0,61,71,10,0.9698924597640628,1.4964812572469892,0.6481153406146438,3342.4005594781725,True
0,61,72,11,1.1604680541671732,1.6508593880024758,0.7029478480122577,3382.328820502229,True
0,61,73,12,1.1785880951783327,1.8133899491822336,0.6499363778374468,3459.31944173995,True
0,61,74,13,1.3655816196227213,1.9816576625111246,0.6891107608830267,3554.5027430007704,True
0,61,75,14,1.6278610832597835,2.1551695485778124,0.7553285468115501,3649.0127089392277,True
0,61,76,15,1.649967544403105,2.3324854306997076,0.707386002367501,3762.0597416840683,True
0,61,77,16,1.5986311591092244,2.5118411590377048,0.6364379982218563,3903.698054409434,True
0,61,78,17,1.8444568961234211,2.6948881272754557,0.6844280018362675,4022.175841506684,True
0,61,79,18,1.8409736961832381,2.8820532899504454,0.6387715669944785,4254.5814423983,True
0,61,80,19,2.1279220958057787,3.0751231367939997,0.6919794756655713,4534.538730675922,True
0,61,81,20,2.1687362027235304,3.2646121989988504,0.6643166387078413,4850.954081415325,True
0,61,82,21,2.2944088461725363,3.4566076550645843,0.663774739609453,5250.399318147144,True
0,61,83,22,2.468315585836313,3.6492463591921545,0.6763905044719238,5719.598412476176,True
0,61,84,23,2.5239818618356566,3.8429273331450964,0.6567862577224433,6207.4889850888985,True
0,62,65,3,0.42294800206479116,0.45116387123536844,0.9374598212101578,2505.7360196157933,False
0,62,66,4,0.5214070185249989,0.6001420534433473,0.8688060027345162,2531.4365486814004,False
0,62,67,5,1.0601853172641302,0.7496527889257505,1.4142351404886677,2573.1016303286583,False
0,62,68,6,1.2349321560955062,0.8990993460594375,1.3735213594670632,2656.9576586765547,False
0,62,69,7,1.239051398475148,1.0480755054259379,1.1822157774516422,2791.045861321523,False
0,62,70,8,0.8378914846863562,1.1976553478006948,0.6996098553937172,2968.122133605691,True
0,62,71,9,0.9656895778441339,1.3473185759549795,0.7167492492706509,3171.449826183602,True
0,62,72,10,1.008767504559338,1.5021310537745693,0.671557586153683,3209.335912614945,True
0,62,73,11,1.1148252160080658,1.6657499164692937,0.6692632579391256,3282.388764299561,True
0,62,74,12,1.292692790151404,1.8354018804715146,0.704310485842649,3372.7038114841926,True
0,62,75,13,1.5594166498905229,2.010396566122272,0.7756761408016052,3462.379961818171,True
0,62,76,14,1.5654985126319072,2.189211757050291,0.7150968870828809,3569.645080396649,True
0,62,77,15,1.5363376432301594,2.37000648992066,0.6482419561988587,3704.0391466613846,True
0,62,78,16,1.7770087267620251,2.5544263566777152,0.695658624926342,3816.4572577195204,True
0,62,79,17,1.7610687179181714,2.740403385088014,0.6426312007571874,4036.976219895282,True
0,62,80,18,2.0699355119938065,2.9325600893295376,0.7058458987849929,4302.614786382811,True
0,62,81,19,2.123999544473462,3.1212253296429067,0.6805018286572936,4602.846727841369,True
0,62,82,20,2.2454197988248166,3.3125589951779624,0.6778505083512285,4981.8619009362355,True
0,62,83,21,2.428399964364164,3.5046525822612726,0.6929074729562241,5427.063294268826,True
0,62,84,22,2.4886046132323063,3.697861207611592,0.6729848616572791,5890.000169779284,True
0,63,66,3,1.2623842157864413,0.44947341220366527,2.8085848495404,2448.6396223209326,False
0,63,67,4,0.4809257554562695,0.5989842450534878,0.8029021788600199,2488.9419438789646,False
0,63,68,5,0.511954939785565,0.7484304518894072,0.6840380939780558,2570.055252324354,True
0,63,69,6,0.6577998804887785,0.8974064324678058,0.7330010758669003,2699.757766911691,True
0,63,70,7,1.2472993319755197,1.0469856509100615,1.191324189487546,2871.0423194373157,False
0,63,71,8,1.2753719853173366,1.196647999011442,1.065787087239463,3067.7196742857714,False
0,63,72,9,1.250395216488367,1.3521062870980713,0.9247758319148123,3104.3666020623273,False
0,63,73,10,1.3772844802450033,1.5171181284870476,0.9078294263206161,3175.0300785976815,False
0,63,74,11,1.2506573601708437,1.6884509385913642,0.7407128816039147,3262.3911476093726,True
0,63,75,12,1.2286731864885243,1.8651856597530028,0.658740420860426,3349.1342164804323,True
0,63,76,13,1.3244022709264844,2.0457099376085544,0.6474047207663847,3452.890962657234,True
0,63,77,14,1.540650069189492,2.2281131766455,0.6914595207003771,3582.88933683417,True
0,63,78,15,1.4846417855680012,2.4140383689345573,0.615003392105674,3691.6305340594417,True
0,63,79,16,1.6288429358138012,2.598576209567322,0.6268213069206129,3904.9368752900473,True
0,63,80,17,1.7353105952948582,2.789631253101367,0.6220573394299445,4161.887071990301,True
0,63,81,18,1.855471502001143,2.9773144932447435,0.6232030597409308,4452.299181321938,True
0,63,82,19,1.9564593406020614,3.16786015139032,0.6175964995624584,4818.917720816574,True
0,63,83,20,2.1072917998944813,3.359309163616318,0.6272991550518584,5249.557695653987,True
0,63,84,21,2.191283329233361,3.5519622391496,0.6169219101152357,5697.353069628036,True
0,64,67,3,1.0658420298611322,0.44848870040407657,2.3765192498737124,2457.021367428456,False
0,64,68,4,1.2196060979223387,0.5979256004794749,2.0397288507873554,2537.0944010816784,False
0,64,69,5,1.2201372281517826,0.7469057636997254,1.6335892524218196,2665.1334863379734,False
0,64,70,6,0.5920161886534486,0.8964816222017301,0.6603773842005549,2834.221321633157,True
0,64,71,7,0.7039179816342114,1.0461414275505707,0.6728707640250523,3028.376297622209,True
0,64,72,8,0.8788917870773939,1.202157512952608,0.7310953661294814,3064.553230081018,True
0,64,73,9,0.8917170659241234,1.3686562399530713,0.6515274178377316,3134.310450481892,True
0,64,74,10,1.0998489235848752,1.5417957093383818,0.7133558077268514,3220.5511174331637,True
0,64,75,11,1.384474996825934,1.7203769114708733,0.8047509749722502,3306.18171006979,False
0,64,76,12,1.3912426311165922,1.902686800461785,0.7311989712541946,3408.6077803114867,True
0,64,77,13,1.3196280457868206,2.08674559016715,0.6323856880325873,3536.9389307705046,True
0,64,78,14,1.5866910845067308,2.2741987067869807,0.6976923695240465,3644.2855266842084,True
0,64,79,15,1.5644365793485657,2.45710541170137,0.6366990084748969,3854.8562229997633,True
0,64,80,16,1.8689767524485235,2.6469236483316356,0.7060939417827732,4108.511044161863,True
0,64,81,17,1.9056144174679392,2.833524367143997,0.6725244503150933,4395.198630323776,True
0,64,82,18,2.0298566689991584,3.0232099576849047,0.6714243130349999,4757.1153023655,True
0,64,83,19,2.206859601053832,3.213962646102079,0.6866475575658386,5182.232337516333,True
0,64,84,20,2.2609914449314203,3.4060222248314775,0.6638216945408479,5624.28475452657,True
0,65,68,3,0.9873470986635476,0.44794461803615365,2.2041722545796025,2519.922221021911,False
0,65,69,4,1.0014771334173265,0.5969155450394004,1.677753480772933,2647.0946809662855,False
0,65,70,5,0.5012773847743626,0.7464957592867367,0.6715073441988795,2815.0380548049434,True
0,65,71,6,0.6038770718700701,0.8961590274142738,0.6738503473121982,3007.8789038124523,True
0,65,72,7,0.7757876908533408,1.0535140733759356,0.7363809468319357,3043.8109747485964,True
0,65,73,8,0.8049327830151277,1.222284995018544,0.6585475452088944,3113.096047345793,True
0,65,74,9,0.9549499729068474,1.3978755569421886,0.6831437663848792,3198.7529992170385,True
0,65,75,10,1.2073794023693636,1.5787935419704366,0.7647481258774823,3283.8040060271564,True
0,65,76,11,1.2316307554240786,1.7632641197331353,0.6984947641369134,3385.536811201438,True
0,65,77,12,1.2083996710894593,1.9492515851813645,0.6199300697128975,3512.999359521718,True
0,65,78,13,1.4302830985873463,2.1384370790215503,0.6688450703640892,3619.6193860680987,True
0,65,79,14,1.4387791618898,2.3192396519609924,0.620366748504522,3828.7648465268794,True
0,65,80,15,1.7184634987416503,2.507460289348667,0.685340264825504,4080.7028193682518,True
0,65,81,16,1.7692790967204906,2.6926742633993674,0.6570713438196805,4365.449976806514,True
0,65,82,17,1.8940990688416364,2.881259949780611,0.6573856930145645,4724.91703630868,True
0,65,83,18,2.0707248606103783,3.071119900181793,0.6742572507468051,5147.156690834271,True
0,65,84,19,2.1309945702296047,3.26241913531139,0.65319460248513,5586.21710104432,True
0,66,69,3,1.1131121396304848,0.44794014899091966,2.4849572920355687,2674.2450803918478,False
0,66,70,4,0.3956240758035997,0.5975210892526903,0.6621089747617112,2843.9109954427195,True
0,66,71,5,0.4957729072124289,0.747185041989109,0.663520920992494,3038.729751063757,True
0,66,72,6,0.7388596133027218,0.9059567909799084,0.8155572325955528,3075.0303657037275,False
0,66,73,7,0.7040633456317835,1.077293117371089,0.6535485415054954,3145.026073023879,True
0,66,74,8,0.9093952940625268,1.2555719557858502,0.7242876761239424,3231.5615807222366,True
0,66,75,9,1.1944925875581807,1.438969410158091,0.8301028354917905,3317.4849283757117,False
0,66,76,10,1.2033602951439073,1.6256670242675475,0.740225567216686,3420.261174238014,True
0,66,77,11,1.124158076850532,1.8135964513896428,0.6198501744912225,3549.031064952799,True
0,66,78,12,1.3910090541889106,2.004490609570046,0.6939464059087189,3656.744658846171,True
0,66,79,13,1.3723823275868243,2.1828687554428714,0.628705836832773,3868.035257078198,True
0,66,80,14,1.6688661581106423,2.3692682567773753,0.7043804150656187,4122.557276739766,True
0,66,81,15,1.7017439580410085,2.5529320410842096,0.6665841200059096,4410.224994260497,True
0,66,82,16,1.8267780182971802,2.7403004981105625,0.6666341956134898,4773.378991867292,True
0,66,83,17,2.001463070107698,2.929184101091972,0.68328346769381,5199.949422830957,True
0,66,84,18,2.054812824034971,3.1196616451754777,0.6586652841703895,5643.51313456432,True
0,67,70,3,0.8763122936381513,0.44800344513674106,1.9560391848564478,2890.7191146840955,False
0,67,71,4,0.9159348473402019,0.5976680602442699,1.532514297260347,3088.744405094083,False
0,67,72,5,0.7873260061955794,0.7580367833792326,1.038638260647167,3125.6424939522435,False
0,67,73,6,0.9594421338070529,0.9324136666014,1.0289876351814644,3196.7902652504436,False
0,67,74,7,0.842233692900555,1.113724601269473,0.7562315602443723,3284.750066595631,True
0,67,75,8,0.8790402949720432,1.2997909894371338,0.6762935749790864,3372.087632313253,True
0,67,76,9,0.9405996662187153,1.48879959601021,0.6317839343450928,3476.555479206394,True
0,67,77,10,1.1357205640967423,1.6786851443929063,0.6765536514636125,3607.444802072514,True
0,67,78,11,1.1338226777365699,1.8712590901946045,0.605914319229122,3716.9312611346472,True
0,67,79,12,1.234589559785504,2.0467804441136415,0.6031861225448356,3931.6995053030187,True
0,67,80,13,1.4112704209404066,2.2310589310081967,0.632556317238409,4190.410719726648,True
0,67,81,14,1.52594163914401,2.4129534862051063,0.6323957953884494,4482.813179243587,True
0,67,82,15,1.6308998662789542,2.598948885525896,0.6275228710198132,4851.944352525078,True
0,67,83,16,1.8009323945607205,2.7867442823628963,0.64624960602187,5285.535734436009,True
0,67,84,17,1.8826863665950244,2.9763174833704973,0.6325556252362559,5736.4000906491865,True
0,68,71,3,0.9769665037363299,0.4482208585300189,2.179654260045774,3189.404960176741,False
0,68,72,4,0.8348102332731071,0.610981258299896,1.3663434384158248,3227.5055383376184,False
0,68,73,5,0.9921582629144707,0.7893610184341937,1.256913173749767,3300.97197806949,False
0,68,74,6,0.8206411077282717,0.9742732980099259,0.8423109915919209,3391.7983430622758,False
0,68,75,7,0.7890097041972736,1.1632839147180845,0.6782606500567712,3481.982194095771,True
0,68,76,8,0.8609482802499048,1.3547124281034857,0.6355210614367652,3589.85459315555,True
0,68,77,9,1.0965680324917282,1.546567292399032,0.7090335078732554,3725.009530189151,True
0,68,78,10,1.0360672831978033,1.7407803718315695,0.5951740380135954,3838.06409534807,True
0,68,79,11,1.1600053768696157,1.912800915955925,0.6064433403357617,4059.831523597993,True
0,68,80,12,1.2982381557508251,2.094503845080727,0.6198308772743207,4326.9740003841025,True
0,68,81,13,1.4226684944252495,2.2742874112546128,0.6255447255192926,4628.905702215157,True
0,68,82,14,1.521139283533587,2.458658831083296,0.6186866043807169,5010.066666223115,True
0,68,83,15,1.6846608249093407,2.645179283802287,0.636879638074188,5457.788563145333,True
0,68,84,16,1.7691330748167426,2.8337032905301123,0.6243183895536868,5923.346351514489,True
0,69,72,3,0.7329471546815218,0.46673854277122406,1.5703591786735775,3390.3874778555914,False
0,69,73,4,0.916843578972187,0.650822758998095,1.4087454169298197,3467.561535142527,False
0,69,74,5,0.7414495628192466,0.8400775986884589,0.8825965172465118,3562.971617905481,False
0,69,75,6,0.7212864894626487,1.0322826250658963,0.6987296617693289,3657.7067610731183,True
0,69,76,7,0.772184977881517,1.2261690926331417,0.6297540710500908,3771.023137027934,True
0,69,77,8,1.0068985956013485,1.4199259760745118,0.709120484143119,3912.99891387667,True
0,69,78,9,0.9565029543849246,1.615664983603145,0.5920181251015278,4031.758983371898,True
0,69,79,10,1.0613333302289543,1.7832095494312943,0.5951814976357868,4264.718308399747,True
0,69,80,11,1.2223574084513735,1.9616354189244343,0.6231317994459912,4545.342616349179,True
0,69,81,12,1.347046417950093,2.1387703109312004,0.6298228524425336,4862.511850885301,True
0,69,82,13,1.4433470997423672,2.321115797369688,0.621833301629321,5262.908796473676,True
0,69,83,14,1.6123722787544523,2.5060535917890983,0.6433909809579781,5733.225793565085,True
0,69,84,15,1.6962739313532125,2.6932831127308057,0.6298164212054581,6222.278802818144,True
0,70,73,3,0.3134335357461325,0.5165756602942416,0.606752427258382,3687.5589486813633,True
0,70,74,4,0.5258638968233927,0.7101790832844361,0.7404666079313086,3789.0222683431143,True
0,70,75,5,0.8333263700357676,0.9052021538921968,0.9205969809645536,3889.7678272616736,False
0,70,76,6,0.8248721005554251,1.1011070197426627,0.7491298173252988,4010.2734944140657,True
0,70,77,7,0.729458213511271,1.2963463445664667,0.5627031823468609,4161.256841388188,False
0,70,78,8,1.0084295273648274,1.4932283652883314,0.6753350999799064,4287.551574033833,True
0,70,79,9,0.9774010692393786,1.655273308256787,0.5904771522406207,4535.290867188123,True
0,70,80,10,1.2837597781116772,1.8297228981745082,0.7016143151471015,4833.719220227837,True
0,70,81,11,1.3154635199099585,2.0037137536345693,0.6565126967481346,5171.011071347652,True
0,70,82,12,1.4390943851049354,2.1836858803323014,0.6590207859410355,5596.810966970387,True
0,70,83,13,1.6169634406830666,2.366795403959587,0.6831868263635839,6096.966950869916,True
0,70,84,14,1.6709508405140125,2.5525507653214867,0.6546200229257971,6617.047642264638,True
0,71,74,3,0.457106427718422,0.5897513415294858,0.7750833199174131,4048.5847527253272,True
0,71,75,4,0.7532952222836078,0.7861485567795302,0.9582097630115781,4156.231766877299,False
0,71,76,5,0.7511582954157577,0.9829865734737868,0.7641592628892492,4284.992532082174,True
0,71,77,6,0.641539550001318,1.1788742330600706,0.5441967701134984,4446.318814480132,False
0,71,78,7,0.9174664215619908,1.3762343006006528,0.6666498728897875,4581.26521825576,True
0,71,79,8,0.8941032047705536,1.5313135706834187,0.5838798936337508,4845.97559837026,True
0,71,80,9,1.1836127520084032,1.70077166461099,0.6959268999105331,5164.847432403013,True
0,71,81,10,1.2084081254438148,1.8708903771315473,0.6459000164919061,5525.245062438407,True
0,71,82,11,1.3335109880638598,2.0479711200292523,0.6511375941887366,5980.2138757740095,True
0,71,83,12,1.5069334194937565,2.228878499075397,0.6760949150520659,6514.632453177999,True
0,71,84,13,1.5592598013486936,2.4128792470736244,0.6462237193343956,7070.34065657377,True
0,72,75,3,0.6985684291773122,0.5893849731271265,1.1852498129887603,4205.882041855192,False
0,72,76,4,0.6411121894732158,0.7862217456563283,0.8154343135574598,4336.1809810016,False
0,72,77,5,0.6070296137724114,0.982109637465941,0.6180874218266317,4499.434464463284,True
0,72,78,6,0.8511425418088121,1.1794694991472405,0.7216316678169213,4635.992935715067,True
0,72,79,7,0.789731500372093,1.3353719054000481,0.5913944251624096,4903.865541590634,True
0,72,80,8,1.1321658745301546,1.5065970992341031,0.7514722251262165,5226.546613204555,True
0,72,81,9,1.1889428339237038,1.6789505925260333,0.7081464095586651,5591.249547283684,True
0,72,82,10,1.2991708744244472,1.858328201452094,0.6991073338978968,6051.653410432557,True
0,72,83,11,1.4886361196159457,2.0414399406762747,0.7292088735771478,6592.45614319883,True
0,72,84,12,1.5497793953804053,2.2275483053297855,0.695733238050235,7154.802827471907,True
0,73,76,3,0.5881076320837718,0.5893724227556584,0.9978540043221349,4434.883763978488,False
0,73,77,4,0.43474449224749523,0.7852598127852543,0.5536314034784118,4601.85332230396,False
0,73,78,5,0.7573360999182691,0.9826200201602553,0.770731396043361,4741.5202203512745,True
0,73,79,6,0.685018703226863,1.1396615785152702,0.6010720341377943,5015.490305044961,True
0,73,80,7,1.0198423060142112,1.3131652011631367,0.7766290982359915,5345.516439035615,True
0,73,81,8,1.0436898397369279,1.4882620487620644,0.7012809609739552,5718.520962626612,True
0,73,82,9,1.1628104724673194,1.6703401446018729,0.6961519042844273,6189.404817912624,True
0,73,83,10,1.3442931071854327,1.8559512073747706,0.7243148967730275,6742.5176306777275,True
0,73,84,11,1.3960880924202896,2.0443833003702867,0.6828895991115876,7317.664791448157,True
0,74,77,3,0.304029235162548,0.5891234856640485,0.5160704717447347,4728.473485174682,False
0,74,78,4,0.4913295664114982,0.7864837840397556,0.6247167155663342,4871.9833230420645,True
0,74,79,5,0.4894347639475421,0.9450952523321748,0.5178681860265226,5153.491704660055,False
0,74,80,6,0.7786717502371274,1.121557864857881,0.6942769291139493,5492.598519826476,True
0,74,81,7,0.834919747341008,1.3000146468022316,0.6422387235364915,5875.866276558717,True
0,74,82,8,0.9548930030867425,1.4852272564555569,0.6429272011648651,6359.706518385891,True
0,74,83,9,1.1391644211103984,1.6736167628236194,0.6806602601114444,6928.038250471774,True
0,74,84,10,1.2034349887199716,1.864549122349033,0.6454294897866979,7519.010606456145,True
0,75,78,3,0.2651349563160347,0.5900886086228319,0.44931380209968014,5001.5235178893245,False
0,75,79,4,0.42069824271966805,0.7509793073010143,0.56019951366122,5290.516869834175,False
0,75,80,5,0.5498511319040136,0.9314092157662917,0.5903432375335029,5638.640128612572,True
0,75,81,6,0.6500728544959496,1.1140230872521968,0.5835362497732363,6032.098515442201,True
0,75,82,7,0.7614397303839264,1.3028490978607616,0.5844419984126996,6528.803489154809,True
0,75,83,8,0.9350674427232399,1.4942685551899073,0.6257693367604873,7112.246480543261,True
0,75,84,9,1.0125273749758352,1.687822568833995,0.5999015498858529,7718.932082872604,True
0,76,79,3,0.3047578997983089,0.558149987182934,0.5460143452416212,5454.4179799498315,False
0,76,80,4,0.518783942185625,0.7442796104456486,0.6970282873596326,5813.326156341135,True
0,76,81,5,0.6093015925588131,0.9321287037732146,0.6536668059811783,6218.973950741392,True
0,76,82,6,0.7188458808343196,1.1250488160886998,0.6389463910849937,6731.0669288011095,True
0,76,83,7,0.9029030957027039,1.3196554797788744,0.6841960720338895,7332.585083038587,True
0,76,84,8,0.9768831687554975,1.5158356751208986,0.6444518919754176,7958.065908246802,True
0,77,80,3,0.6032318987213142,0.5646469298541968,1.0683346828381424,6032.192884847102,False
0,77,81,4,0.6160311539652231,0.7585555332211711,0.812110817186021,6453.112969722442,False
0,77,82,5,0.7313923937558946,0.9555490718867482,0.765415838154442,6984.485807845843,True
0,77,83,6,0.9145614706707246,1.153017707651093,0.7931894407188704,7608.650603096452,False
0,77,84,7,0.9670362061072962,1.351430575951857,0.7155648416687486,8257.680243264449,True
0,78,81,3,0.395121717596602,0.5977608128717296,0.6610030451785222,6648.965859440098,True
0,78,82,4,0.5029943453883404,0.7970699459628915,0.6310542104064703,7196.465938222733,True
0,78,83,5,0.6832254043364263,0.9959205949776724,0.6860239739813229,7839.574223132274,True
0,78,84,6,0.7593672892120176,1.1953918871196731,0.6352454767295871,8508.302004513003,True
0,79,82,3,0.5142357936375159,0.598965290555444,0.8585402221899117,7612.285399273992,False
0,79,83,4,0.7036789503979662,0.7978172602316942,0.8820051727053521,8292.553165340576,False
0,79,84,5,0.7638131993851851,0.9972882840890974,0.7658900756894346,8999.920749651077,True
0,80,83,3,0.39250411587771883,0.5965339866314257,0.6579744401390349,8838.214525570196,True
0,80,84,4,0.4742483063056533,0.7960038096705109,0.59578647808477,9592.127866120218,True
0,81,84,3,0.3705789290306463,0.5976333305519826,0.6200774121623611,10261.456475569148,True
18,58,61,3,0.12707052497259966,0.17729641853553707,0.7167123059912787,5941.405894230758,True
18,58,62,4,0.2241594957988242,0.32644306832511205,0.6866725550305717,6759.497817885586,True
18,58,101,43,3.6397457126983395,5.44632401157783,0.6682940098607694,3889.0947532812825,True
18,58,102,44,3.7246084052374537,5.53355226180455,0.6730953696681667,3538.8481176789714,True
18,58,103,45,3.786828151911745,5.622281248512957,0.673539437912916,3281.75387559762,True
18,59,62,3,0.18283661521411768,0.2684623836663123,0.6810511503219612,6548.977038438904,True
18,59,101,42,3.5988938041987724,5.388209050205096,0.6679202255639626,3767.971072075793,True
18,59,102,43,3.683686764632869,5.475445638713452,0.6727647405697581,3428.632672072061,True
18,59,103,44,3.7457145227056805,5.5641857030187944,0.67318287394209,3179.5454863863797,True
18,59,104,45,3.8964951445668676,5.653500140211871,0.6892181919041824,2869.3301047457053,True
18,60,101,41,3.5615330900014577,5.329965783277696,0.6682093722206357,3681.0392554277387,True
18,60,102,42,3.646326116636021,5.41723015703209,0.6730978767632266,3349.529817750545,True
18,60,103,43,3.7083297008380036,5.506002945869252,0.6735066685026185,3106.1893857265045,True
18,60,104,44,3.859112192237188,5.595347602622814,0.6897001699104864,2803.131061866355,True
18,60,105,45,3.9108014904708543,5.684408237275797,0.6879874434115365,2631.806651332882,True
18,61,101,40,3.5160848943225953,5.269256318337985,0.6672829488453562,3623.7262589770767,True
18,61,102,41,3.600847151017504,5.356415577912253,0.6722493986213427,3297.3783525704175,True
18,61,103,42,3.6629981425758262,5.445094483253945,0.672715258447976,3057.826679195536,True
18,61,104,43,3.8137464054453276,5.534353342344505,0.6891042493195274,2759.4869088292485,True
18,61,105,44,3.8650805300996978,5.62333738354396,0.6873285855852086,2590.829982843336,True
18,62,101,39,3.416363171102786,5.120314861237831,0.6672174004308954,4122.689170917449,True
18,62,102,40,3.501197918410704,5.2074101520081,0.6723491747736751,3751.4053366705125,True
18,62,103,41,3.563250522934831,5.296039271406573,0.6728142183863506,3478.868997246088,True
18,62,104,42,3.7140546968191437,5.385260768366936,0.6896703533161347,3139.449832375093,True
18,62,105,43,3.7661155728170543,5.474216521430115,0.6879734402308905,2947.5699737241184,True
18,101,104,3,0.3008683652646807,0.29583347899020185,1.017019325505906,1806.2906742825198,False
18,101,105,4,0.37795518586671667,0.3925146986463104,0.9629070890088804,1695.892095624011,False
18,101,111,10,0.4235728584799983,0.5145904371364096,0.823126175521439,1726.3887163672034,False
18,101,112,11,0.3032511715801477,0.4042219774864087,0.7502095097992143,1951.168880440645,True
18,101,113,12,0.18907461861592123,0.32510627950015125,0.5815778732623135,2322.993758063073,True
18,102,105,3,0.2949965424914551,0.29399830588954357,1.0033953821566801,1543.162337539379,False
18,102,111,9,0.3469663797415204,0.41830898760169616,0.8294499760351636,1570.912473691644,False
18,102,112,10,0.2349514813559506,0.3164145618136523,0.7425432003168103,1775.4492389251798,True
18,102,113,11,0.17828627515407036,0.26292404274309633,0.6780904222147317,2113.788068847017,True
18,103,111,8,0.27346139732344377,0.32465870883393294,0.8423042101831396,1456.787046894638,False
18,103,112,9,0.16694342141134105,0.23954323457531165,0.6969239674304162,1646.464393784451,True
18,103,113,10,0.15450868183172076,0.23111636336467942,0.6685319878797197,1960.2232015768,True
18,104,111,7,0.16093566307597232,0.2339366438501898,0.6879455070708528,1314.6542321081997,True
18,104,112,8,0.13760411745260318,0.18340738045378896,0.7502648863537621,1485.8255281155994,True
18,104,113,9,0.26787235660182296,0.23826424310105682,1.1242658701759467,1768.9721591930156,False
18,105,111,6,0.20789885481154094,0.1576064275083346,1.3191013723126663,1234.3039536516117,False
18,105,112,7,0.2100908546527586,0.17456041544925707,1.203542361606202,1395.0134407954642,False
18,105,113,8,0.3634092992959423,0.28373638851011956,1.2807990586057,1660.8544487702707,False
1,85,90,5,0.33389178051283536,0.4771015264229542,0.6998338131847386,7782.672420190895,True
1,85,93,8,0.5213910716733898,0.7696658540822134,0.6774252344806456,8877.764921420256,True
1,85,94,9,0.5866789824298657,0.8680440707095607,0.6758631297951264,9259.544265243296,True
1,85,95,10,0.6503666625411039,0.9661519013830944,0.6731515630306909,9740.748944511402,True
1,85,96,11,0.7161040132457342,1.0668196246303558,0.6712512562691733,10193.193807634583,True
1,85,97,12,0.7782920599341377,1.1491876632333298,0.6772541029063538,10547.645708877408,True
1,85,98,13,0.8443226551365686,1.2424090382400612,0.6795850876395721,10923.258442424587,True
1,85,99,14,0.9100484607669708,1.3390895944049905,0.6796023690792256,11234.98108587638,True
1,85,100,15,0.9682143807483483,1.4348415699095196,0.6747883536782416,11416.27084471983,True
1,85,101,16,1.0312855887184602,1.536029297114544,0.6713970825008005,11553.949541174221,True
1,85,102,17,1.083755571286705,1.634429831713002,0.6630786775048336,10509.198589806932,True
1,85,105,20,1.3093251114556224,1.928350159102949,0.6789872188278857,10139.993589741563,True
1,85,106,21,1.3457481897395693,2.025166427810996,0.6645123932822596,10953.021500937539,True
1,85,107,22,1.41753353225113,2.120627301124431,0.6684501003545055,10656.01449886401,True
1,85,108,23,1.4735023217458822,2.217663438097555,0.6644391102961688,10360.13609949213,True
1,85,109,24,1.542042353286714,2.31465979549977,0.666206911393544,10042.871352357353,True
1,86,90,4,0.26360547389585154,0.3826541578107271,0.688886997606437,7833.898837743566,True
1,86,93,7,0.4514226823483379,0.6752014908602773,0.6685747713222289,8936.199359906872,True
1,86,94,8,0.5165931846706835,0.7735853259071557,0.667790827165566,9320.491617935182,True
1,86,95,9,0.5804308564747783,0.8716862642868435,0.6658712890808813,9804.863640051299,True
1,86,96,10,0.6462110487164423,0.9723543416963375,0.664583908361106,10260.286545706216,True
1,86,97,11,0.7083851361556663,1.054712620005007,0.6716380582914647,10617.071488880538,True
1,86,98,12,0.7744220031553533,1.147933965970061,0.6746224313529466,10995.156547316641,True
1,86,99,13,0.8401697560252728,1.244608433889842,0.675047455206008,11308.930983961305,True
1,86,100,14,0.8983134983497377,1.3403636459110098,0.670201330131703,11491.41401220929,True
1,86,101,15,0.9613954665392289,1.4415546050018209,0.6669157472102936,11629.998925193415,True
1,86,102,16,1.0128413015447961,1.5399615442286037,0.6577055805975647,10578.371306585906,True
1,86,105,19,1.2385424687607065,1.833887489346037,0.6753644789857691,10206.736158047783,True
1,86,106,20,1.2758152031794716,1.9307108631376366,0.6608007586936756,11025.115509598982,True
1,86,107,21,1.3476304720409285,2.0261733616999438,0.6651111388170048,10726.153574324768,True
1,86,108,22,1.4035585909084782,2.123209984295705,0.6610550069422625,10428.327670341012,True
1,86,109,23,1.472126023393313,2.2202070940913234,0.6630579765784499,10108.97465126904,True
1,87,90,3,0.2179831753472637,0.28715175111536523,0.7591218737150847,7996.332815734973,True
1,87,93,6,0.4048045906455593,0.5796786252264935,0.6983258878786379,9121.489269850621,True
1,87,94,7,0.4701248907678195,0.6780609720933202,0.6933371925483969,9513.749733937719,True
1,87,95,8,0.5336428114206342,0.7761537490117384,0.6875478113712796,10008.165091563988,True
1,87,96,9,0.5993105527550185,0.8768129027777802,0.6835101888400336,10473.031079873677,True
1,87,97,10,0.6615334807021925,0.9591645909833187,0.689697562775957,10837.213871655389,True
1,87,98,11,0.7275145770311902,1.052399864788876,0.6912910210009751,11223.13843138362,True
1,87,99,12,0.7932096597997134,1.149056999837773,0.6903135874997505,11543.418904293476,True
1,87,100,13,0.851394947750581,1.244810611448457,0.6839554064854099,11729.68567353789,True
1,87,101,14,0.9144551869083872,1.346002160619044,0.6793861211098037,11871.14411082605,True
1,87,102,15,0.9680327204466953,1.4444115616819482,0.6701917556790168,10797.711250538236,True
1,87,105,18,1.1933979418008969,1.7383405966471506,0.6865156023524276,10418.370338013523,True
1,87,106,19,1.2288995067120059,1.835168472421309,0.6696385237539548,11253.718585427663,True
1,87,107,20,1.300664782297733,1.9306322401235871,0.6736988822969581,10948.557747484369,True
1,87,108,21,1.3566510444910076,2.0276690415661123,0.6690692695308748,10644.556496162722,True
1,87,109,22,1.4251753344914901,2.1246666555543765,0.6707759689105808,10318.581770282193,True
1,90,93,3,0.18789728462573763,0.2926120348745418,0.6421379240477895,10027.973324655386,True
1,90,94,4,0.25303530731533525,0.39094846405717787,0.6472344326139308,10459.216223025509,True
1,90,95,5,0.3169624604742918,0.48906781900147744,0.6480951069760209,11002.766061313854,True
1,90,96,6,0.382876200082384,0.58976221492688,0.6492043579459458,11513.829944896703,True
1,90,97,7,0.4448419115442938,0.6724955355302651,0.6614793527120361,11914.204841280849,True
1,90,98,8,0.5109493209526789,0.7658797220800735,0.6671404219516058,12338.482179749662,True
1,90,99,9,0.5767230544210725,0.862265916108736,0.6688459367891156,12690.59179077162,True
1,90,100,10,0.6347939879330907,0.9578990014091555,0.6626940700420939,12895.369556550135,True
1,90,101,11,0.6978646629586909,1.059119132092735,0.6589104490821217,13050.885985250197,True
1,90,102,12,0.7504275830503477,1.1575302731447694,0.6483006107577574,11870.7764910304,True
1,90,105,15,0.9761424988828464,1.4514958382769116,0.6725079556835912,11453.737075732095,True
1,90,106,16,1.0123087703435434,1.5483615539737685,0.6537935327479032,12372.10135748976,True
1,90,107,17,1.0841173869863139,1.6438416430901213,0.6595023258739033,12036.613954929351,True
1,90,108,18,1.1400523219385867,1.7408736023233289,0.6548736912416271,11702.401377495133,True
1,90,109,19,1.2086047970139506,1.8378742405756991,0.6576101728458662,11344.031624603309,True
1,93,96,3,0.19523110198836188,0.29738674277409455,0.6564889213527124,13133.930104884828,True
1,93,97,4,0.256975386343625,0.3805288342178154,0.6753112070254623,13590.641375593721,True
1,93,98,5,0.3231270030991435,0.47388857159403497,0.6818628311972798,14074.618378485437,True
1,93,99,6,0.388910567483607,0.5699586787479459,0.6823487069938903,14476.273001017908,True
1,93,100,7,0.44695086969116693,0.6655018687230856,0.671599721498517,14709.8648532201,True
1,93,101,8,0.5100156734028165,0.766770456935125,0.6651477880895559,14887.263852031374,True
1,93,102,9,0.564833106471449,0.8652268631612068,0.6528150367497441,13541.102263109899,True
1,93,105,12,0.7900981269146813,1.1592234612116308,0.6815753419007442,13065.381624736416,True
1,93,106,13,0.824505027072814,1.256149346221351,0.6563749999576282,14112.968079039929,True
1,93,107,14,0.896296363129955,1.3516382065507273,0.663118546654013,13730.274560255522,True
1,93,108,15,0.9522568651799938,1.4486604792702666,0.6573361245139191,13349.035246039319,True
1,93,109,16,1.0207900074395597,1.5456584308011023,0.6604240543044769,12940.23962297453,True
1,94,97,3,0.19186355764383095,0.2826995210375239,0.6786837025392912,14175.093227206655,True
1,94,98,4,0.2579593593663528,0.3761994483751545,0.6856983987629613,14679.883173922059,True
1,94,99,5,0.32374336765446216,0.47182033465090994,0.6861581493599531,15098.810549179032,True
1,94,100,6,0.38176991267575205,0.5672044353103736,0.6730728621098458,15342.447783844662,True
1,94,101,7,0.444840552671018,0.6684667233869576,0.6654640195358111,15527.475648024698,True
1,94,102,8,0.4996507137378477,0.7668935965874826,0.6515254736265758,14123.423735058012,True
1,94,105,11,0.7248043108050288,1.0608833514959934,0.6832082997465779,13627.245209505845,True
1,94,106,12,0.7592759517598193,1.1578123156628215,0.6557850020148999,14719.882064744948,True
1,94,107,13,0.8310831837685483,1.2533043651753086,0.6631136113950251,14320.731196415914,True
1,94,108,14,0.8870201142522697,1.3503201510144658,0.6568961542830202,13923.097069258692,True
1,94,109,15,0.955569597206474,1.4473161092466629,0.6602355844044699,13496.721601929856,True
1,95,98,3,0.19400088251139522,0.2785711475997822,0.6964141268144272,15442.77476686104,True
1,95,99,4,0.2597704187776109,0.37378729017211915,0.6949685706488135,15883.47317182234,True
1,95,100,5,0.3178882213105014,0.46909583182916903,0.6776615773176747,16139.77186951538,True
1,95,101,6,0.3809738543501068,0.5703697193972073,0.6679419355444348,16334.415355316516,True
1,95,102,7,0.4375675576991889,0.6688097558726113,0.6542481682676482,14857.396962456109,True
1,95,105,10,0.6620255321755045,0.9627998706150678,0.687604508871175,14335.432780352325,True
1,95,106,11,0.6954163690847321,1.0597458431796714,0.6562105183618351,15484.85234027112,True
1,95,107,12,0.76721626543018,1.1552375695839079,0.6641199054031068,15064.958197751495,True
1,95,108,13,0.8231692183890437,1.252248862571234,0.6573527379364801,14646.65961917597,True
1,95,109,14,0.8917173719737812,1.3492423425439437,0.6609023033567735,14198.12605592724,True
1,96,99,3,0.19401324620018495,0.27320154392878204,0.7101469611414793,16621.23942430287,True
1,96,100,4,0.2523190859921641,0.3683123542808625,0.6850682119659612,16889.442856411813,True
1,96,101,5,0.31540994296395386,0.46953919489074525,0.6717435868955414,17093.127273848982,True
1,96,102,6,0.37332069874685225,0.5679280430784887,0.6573380259992878,15547.503336548927,True
1,96,105,9,0.5968183574980606,0.8619096904103523,0.6924372287935612,15001.294610799428,True
1,96,106,10,0.6296911242486112,0.9588335331668074,0.6567262225058876,16204.103184070385,True
1,96,107,11,0.7015000166855562,1.0543262171447905,0.6653538584910473,15764.705515803333,True
1,96,108,12,0.75743454734455,1.1513404256532194,0.6578719295075697,15326.977523308371,True
1,96,109,13,0.8260056945295999,1.2483360942588069,0.661685341254221,14857.610171222019,True
1,97,100,3,0.19000938979493626,0.2859815066547191,0.6644114579910401,17476.746035804263,True
1,97,101,4,0.25305078855048874,0.38703177468797817,0.6538243242547623,17687.51325087843,True
1,97,102,5,0.31364129467523727,0.48548336196072955,0.6460392245133367,16088.142729973526,True
1,97,105,8,0.5365508759928843,0.7793531963236734,0.6884566311190815,15522.940475309439,True
1,97,106,9,0.5675737614112212,0.8762201281767226,0.6477524804095218,16767.57477991376,True
1,97,107,10,0.63934594072342,0.9716734031428761,0.657984399547684,16312.897765265374,True
1,97,108,11,0.6953256981029409,1.0687073061543564,0.650623135164113,15859.948486675485,True
1,97,109,12,0.763836374996037,1.1656996152073953,0.6552600387194424,15374.259640711158,True
1,98,101,3,0.18704053578815116,0.2948720943368201,0.6343107380466547,18317.38416095486,True
1,98,102,4,0.250287695777068,0.3933371109369704,0.6363185390284084,16661.058377246027,True
1,98,105,7,0.4711604085739882,0.6868958034850462,0.685927044805778,16075.728677108233,True
1,98,106,8,0.5014292612238617,0.7837763410357692,0.6397606497808,17364.685715555002,True
1,98,107,9,0.5732254822585079,0.8791727240172221,0.6520055349752627,16893.817175227156,True
1,98,108,10,0.6291838925722479,0.9761740411988933,0.6445406925587904,16424.737897452123,True
1,98,109,11,0.6977306221501198,1.0731332321786633,0.6501807988310965,15921.753161947965,True
1,99,102,3,0.19007514405750336,0.29580669604414295,0.6425653867860335,17136.523568098637,True
1,99,105,6,0.4071160855352535,0.5896471184313702,0.6904402189199171,16534.490013302497,True
1,99,106,7,0.4357048520115759,0.6865891596825106,0.6345932583803865,17860.23068160095,True
1,99,107,8,0.5075004155356374,0.7820404334477461,0.6489439597109364,17375.92472359385,True
1,99,108,9,0.5634561941189166,0.8790553885633873,0.6409791708799549,16893.459089245163,True
1,99,109,10,0.6320089655819215,0.9760382663016479,0.6475247819705842,16376.120419684266,True
1,100,105,5,0.3514292327041346,0.49381385830040375,0.7116633662604671,16801.293640669457,True
1,100,106,6,0.37757384083508194,0.5907984601113606,0.6390907666954859,18148.42670867092,True
1,100,107,7,0.44934916236960154,0.6862739005847978,0.6547665035588496,17656.305899026556,True
1,100,108,8,0.5053292288917319,0.7832781533673926,0.6451465890109026,17166.05510884781,True
1,100,109,9,0.5738475975877789,0.8802640881214561,0.6519039062611415,16640.36856562979,True
1,101,105,4,0.29199879580928445,0.3925146986463104,0.7439181177579303,17003.91499037795,True
1,101,106,5,0.3145489577370312,0.48949236157197473,0.6426023824495983,18367.294302645667,True
1,101,107,6,0.3862996262427998,0.5849661782231248,0.6603794212790415,17869.238581987764,True
1,101,108,7,0.44229793065652967,0.6819735821997598,0.648555812425846,17373.07543297962,True
1,101,109,8,0.5107917190589747,0.7789611951396418,0.6557344861927387,16841.049180499416,True
1,102,105,3,0.22683089544009008,0.29399830588954357,0.7715381037784328,15466.357958485249,True
1,102,106,4,0.2782358534168663,0.39095814309025656,0.7116768337848197,16706.455458893728,True
1,102,107,5,0.3481678569696759,0.486443708253491,0.7157413099651849,16253.43578293525,True
1,102,108,6,0.4017993962985707,0.5834534689156485,0.6886571384095411,15802.13754528165,True
1,102,109,7,0.4697083283586037,0.6804461608992705,0.6902946263049557,15318.219078926897,True
1,105,108,3,0.19281112972984904,0.289470190395101,0.666082851110434,15246.983111422403,True
1,105,109,4,0.2562592045345045,0.3864546602790438,0.6631028963383953,14780.065476850907,True
1,106,109,3,0.1963245085570944,0.28951474065061195,0.678115760585814,15965.135827796768,True
2,103,106,3,0.17913516901587678,0.29265357838348194,0.6121065390874701,7051.142886085914,True
2,103,107,4,0.29803956194099174,0.38813550423183507,0.7678750299611122,6793.921400781731,True
2,103,108,5,0.28449233900429716,0.4851474280475912,0.5864038899457785,6582.026435680732,True
2,103,109,6,0.33200535314111085,0.5821408392635767,0.5703179209366349,6426.305937317333,False
2,103,110,7,0.26076136858868154,0.44733696534211576,0.5829193399862577,6690.949708374738,True
2,103,111,8,0.16776647030530237,0.32465870883393294,0.5167471740027065,7012.811704302348,False
2,103,112,9,0.15930725286566938,0.23954323457531165,0.6650459285485839,7523.850344072508,True
2,103,113,10,0.1604873691698546,0.23111636336467942,0.6944007201974745,8234.231475978799,True
2,103,114,11,0.19876692398226956,0.30634313738049324,0.6488375280148393,9132.10162010914,True
2,104,107,3,0.2475497091540882,0.28924322537702934,0.8558530932968489,6434.003458189932,False
2,104,108,4,0.24395957803192506,0.38623125012946746,0.6316412199948814,6233.3339393939095,True
2,104,109,5,0.2788296308021954,0.48322001840308204,0.5770241715640334,6085.862962637263,False
2,104,110,6,0.1952702596503106,0.349206838324158,0.5591822330496495,6336.486842091602,False
2,104,111,7,0.13815038756081782,0.2339366438501898,0.5905461636411594,6641.297727101232,True
2,104,112,8,0.1683673889107107,0.18340738045378896,0.9179968030410439,7125.263346010448,False
2,104,113,9,0.2044214090062294,0.23826424310105682,0.8579609191276201,7798.010996401583,False
2,104,114,10,0.26757817313833454,0.35305082187951614,0.7579027056610268,8648.315153831987,True
2,105,108,3,0.14696333593584013,0.289470190395101,0.5076976518212403,5934.299284667061,False
2,105,109,4,0.1904242725900864,0.3864546602790438,0.4927467363250025,5793.90300229474,False
2,105,110,5,0.12279349939128144,0.25456716287448394,0.4823618961877876,6032.5035847482095,False
2,105,113,8,0.1954450456158436,0.28373638851011956,0.688826155298981,7423.913354828435,True
2,105,114,9,0.29865874422148314,0.41905354325869415,0.7126982912470263,8233.425471819126,True
2,106,109,3,0.1575830199600595,0.28951474065061195,0.5443005064472057,5547.600562405336,False
2,106,112,6,0.15539410807753865,0.2091971130927295,0.7428119144677587,6495.071477666739,True
2,106,113,7,0.2393194387373953,0.34634897054164543,0.6909777683563787,7108.3181555133,True
2,106,114,8,0.34226045626330875,0.49148209759680345,0.6963843809100215,7883.4174061760805,True
2,107,111,4,0.13563574507469553,0.1381111888765925,0.9820764427412983,5833.06703201669,False
2,107,112,5,0.20614503408502946,0.27716081199459314,0.7437741021232502,6258.135145552547,True
2,107,113,6,0.3028999064751647,0.4234620026707797,0.7152941812128869,6849.010950494969,True
2,107,114,7,0.4259136037210945,0.5723186344391413,0.7441896490728102,7595.835042969272,True
2,108,111,3,0.12975876121917368,0.2121301583667221,0.611694076025022,5651.140061969797,True
2,108,112,4,0.2042959831833585,0.359744037633079,0.567892617560851,6062.950766747162,False
2,108,113,5,0.3013088724323562,0.5086852782187772,0.5923286663365324,6635.397802694274,True
2,108,114,6,0.42012985994035557,0.6589101762967069,0.6376132514778028,7358.929269941382,True
2,109,112,3,0.26126446000558967,0.44802090989001164,0.5831523802532557,5919.51079059748,True
2,109,113,4,0.3588282179911598,0.5973866863162736,0.6006632323928055,6478.414620877549,True
2,109,114,5,0.4776907292105289,0.7479340761602247,0.6386802586438067,7184.8284600260295,True
2,110,113,3,0.2988209503185864,0.4488609918215206,0.6657316090354445,6745.2042963871745,True
2,110,114,4,0.41102411157681396,0.5994038493599735,0.6857215081546338,7480.709190979154,True
2,111,114,3,0.29723717926488336,0.4484910743727802,0.6627493750696665,7840.561842113102,True
7,121,124,3,2.4249718217938,0.6270423327010424,3.867317556293227,2520.067558618221,False
7,121,125,4,0.5598679268237059,0.8358168646272699,0.6698452143261998,2608.436313196088,True
7,121,126,5,0.6891374044317458,1.0449160710966878,0.6595145997787786,2709.7570924346705,True
7,121,127,6,0.7914123707612247,1.2542220196878853,0.6309986257123509,2819.6840248510116,True
7,121,128,7,0.9705333780463176,1.4628369098737721,0.6634597278038771,2968.870997534248,True
7,121,129,8,1.0790244230979786,1.6718420348547418,0.6454105116406705,3140.215756918623,True
7,121,130,9,1.1739576468252328,1.7474699978014818,0.6718041787854478,2998.571409855033,True
7,121,131,10,1.210141756925516,1.8220657676527103,0.6641592078668433,2912.647249496581,True
7,121,132,11,1.1955537813159478,1.897036808115683,0.630221710090847,2836.508064504665,True
7,121,133,12,1.2647607941725711,1.972443244398842,0.6412153037934649,2793.4065225097474,True
7,121,134,13,1.3205587108860657,2.0375385175446605,0.6481147225022315,2816.3071565438313,True
7,121,135,14,1.342427260229464,2.1038904899558384,0.6380689806044241,2872.3460794270595,True
7,121,136,15,1.4157588074676721,2.1710733042574253,0.652100877796895,2959.6415323481324,True
7,121,137,16,1.4588967488191216,2.2363814625754803,0.6523470048526582,3136.9943417226623,True
7,121,138,17,1.4958098082733478,2.3036320054042543,0.6493267174462852,3328.870979776777,True
7,121,139,18,1.5696251348677468,2.3700123752232947,0.6622856282427056,3645.42096334566,True
7,122,125,3,0.5831008732484061,0.627105146268703,0.9298295137870838,2630.8173634823074,False
7,122,126,4,0.7350879933209205,0.8362050061830942,0.8790762885721909,2733.007500904452,False
7,122,127,5,0.7903551706879888,1.0455103987568917,0.7559515157646624,2843.877634498362,True
7,122,128,6,1.0069515472412462,1.2541253734401072,0.802911390333444,2994.3446695395637,False
7,122,129,7,1.0839690502440864,1.463130053558458,0.7408562537607511,3167.1596107553532,True
7,122,130,8,1.2243664513158508,1.53875828890451,0.7956847154906411,3024.299918989517,False
7,122,131,9,1.2538877980559697,1.6133538414057735,0.7771933012310628,2937.6385073728866,True
7,122,132,10,1.2122653700266512,1.6883249318840456,0.7180284713759767,2860.846028712486,True
7,122,133,11,1.3072480717094936,1.7637316228259512,0.7411830999633302,2817.3746644704534,True
7,122,134,12,1.356226150129555,1.8288268695223784,0.7415825810147632,2840.471791797975,True
7,122,135,13,1.3619188222406418,1.8951788651184118,0.7186228420479712,2896.991542963148,True
7,122,136,14,1.4526033885757044,1.9623614188738663,0.740232341812603,2985.0360131830907,True
7,122,137,15,1.4860242357038762,2.0276696812066954,0.7328729375780387,3163.9105549936144,True
7,122,138,16,1.5279568327930535,2.094920164484797,0.7293627980180445,3357.4335436460988,True
7,122,139,17,1.604851986791796,2.1613005160258068,0.7425399544820326,3676.699606984503,True
7,123,126,3,0.5339582368406683,0.6271753257405065,0.851369967736252,2798.0184506182227,False
7,123,127,4,0.5945496589001014,0.8364802310421461,0.7107755053091565,2911.5258886020574,True
7,123,128,5,0.8094234098881026,1.045094550577853,0.7744977805506273,3065.572132571667,True
7,123,129,6,0.8930803864111211,1.2540988269933118,0.7121291936396046,3242.497879721743,True
7,123,130,7,1.0201416862300159,1.3297274364708416,0.7671810464688308,3096.2399374079523,True
7,123,131,8,1.0465377091866375,1.4043223663239814,0.7452261206421589,3007.5170822457517,True
7,123,132,9,1.0138303929183936,1.4792935542806631,0.6853476715183752,2928.8979155989714,True
7,123,133,10,1.1035412993519735,1.5547007000291702,0.7098094825140738,2884.3924836956567,True
7,123,134,11,1.1537180511695215,1.6197954598225228,0.7122615662201768,2908.0390299994256,True
7,123,135,12,1.1636666882253686,1.6861478060050306,0.6901332635733933,2965.9032351039373,True
7,123,136,13,1.25170798530739,1.7533302654168377,0.7139031419216438,3056.0420481400447,True
7,123,137,14,1.2858255782109012,1.8186381100806737,0.7070266322274874,3239.1715376003167,True
7,123,138,15,1.3273454040578996,1.8858889229077935,0.703830107878945,3437.2979213329763,True
7,123,139,16,1.4029194405250096,1.9522692235727992,0.7186096177644812,3764.158471690585,True
7,124,127,3,2.0879096112167965,0.6271804271809809,3.329041406157121,2986.8828232791457,False
7,124,128,4,2.114548754110017,0.8357957393916791,2.529982691284187,3144.9161356067984,False
7,124,129,5,2.066302847693586,1.0448025976342765,1.9776968897017195,3326.4211248727966,False
7,124,130,6,2.19802203063341,1.1204288022039262,1.9617685892310308,3176.3776932222654,False
7,124,131,7,2.2274458073097447,1.1950269922006156,1.8639292851519218,3085.3584880852986,False
7,124,132,8,2.139899114658738,1.269997142973468,1.6849637233423629,3004.704477981154,False
7,124,133,9,2.2096573005486007,1.3454019476065324,1.642377063954439,2959.047143929951,False
7,124,134,10,2.210338675096301,1.410498333826005,1.5670622375715348,2983.305716818174,False
7,124,135,11,2.172309830841101,1.4768493754273628,1.4709081826387946,3042.6675796083937,False
7,124,136,12,2.2239199066963704,1.5440327998476606,1.4403320362856216,3135.139390840541,False
7,124,137,13,2.2268110780671315,1.6093421056150357,1.3836778832155892,3323.0086894258943,False
7,124,138,14,2.2448063171776798,1.6765915326493435,1.338910684840717,3526.2630361332945,False
7,124,139,15,2.2862959649782777,1.7429720694972606,1.3117226632539971,3861.5834834948214,False
7,125,128,3,0.44925445179916673,0.6270205696786458,0.716490771633559,3255.1958466427177,True
7,125,129,4,0.5461185369135675,0.8360253815547604,0.6532320058249287,3443.0654945847314,True
7,125,130,5,0.6695372544389485,0.9116534357014062,0.73442080972779,3287.760636056098,True
7,125,131,6,0.7118533643106872,0.9862492190455826,0.7217783807216244,3193.549749103652,True
7,125,132,7,0.6771070983490628,1.0612200049078857,0.6380459237647296,3110.067523382732,True
7,125,133,8,0.7582319861525133,1.136626690703729,0.6670897246685831,3062.8091680677726,True
7,125,134,9,0.8112347510005417,1.2017217306293784,0.6750603990290441,3087.918392704056,True
7,125,135,10,0.8245904675811797,1.268073828177309,0.6502700783332317,3149.36184011936,True
7,125,136,11,0.9040416362232885,1.335256487486859,0.677054666796506,3245.0762702901143,True
7,125,137,12,0.9456782094981204,1.40056475702619,0.6752120562465621,3439.533398587663,True
7,125,138,13,0.9837640525765047,1.4678151498862588,0.6702233947188354,3649.915067504996,True
7,125,139,14,1.0609200052181134,1.5341955207204792,0.6915155147369293,3996.993870398102,True
7,126,129,3,0.39033956384113305,0.6269311368479892,0.6226195205483596,3576.8061870892584,True
7,126,130,4,0.4991738586564588,0.7025552410425746,0.7105118992717172,3415.4687452822636,True
7,126,131,5,0.5373793933780175,0.7771555727189996,0.6914695232743583,3317.5983783453958,True
7,126,132,6,0.5110491883894378,0.8521246559225026,0.5997352439428952,3230.873411323941,True
7,126,133,7,0.5881218921925709,0.9275280818214107,0.6340744864971214,3181.779376386741,True
7,126,134,8,0.6420570907787962,0.9926249457377525,0.6468274785312771,3207.8639310294943,True
7,126,135,9,0.6589828314698915,1.058975511837369,0.6222833522623459,3271.6940566012586,True
7,126,136,10,0.7372260564250132,1.126159597481354,0.6546372806073071,3371.1263696278133,True
7,126,137,11,0.7786437665313244,1.191469330045672,0.6535155768562477,3573.1368921439325,True
7,126,138,12,0.8168745567408308,1.2587181733884947,0.6489733556017452,3791.690520071489,True
7,126,139,13,0.8930292698530095,1.325098793059071,0.6739341055404611,4152.251076223594,True
7,127,130,3,0.4367639453717057,0.49324860690673866,0.8854843972307197,3554.0243386898746,False
7,127,131,4,0.4659694313028776,0.5678493534327367,0.8205863553176925,3452.1836567598775,False
7,127,132,5,0.4238096372148749,0.6428181370790562,0.6592994390927603,3361.9405110739244,True
7,127,133,6,0.5172805301372682,0.718221896327367,0.7202238372046105,3310.854874499938,True
7,127,134,7,0.5660886305363702,0.7833191389074177,0.7226794321991888,3337.997603354442,True
7,127,135,8,0.5739482019593811,0.849669416446253,0.6754958938735521,3404.4171307288416,True
7,127,136,9,0.6623633213857644,0.9168527058606736,0.7224315499663456,3507.8831223403095,True
7,127,137,10,0.6973272259410251,0.9821631758906271,0.7099912143505969,3718.0886218593555,True
7,127,138,11,0.7384696942092009,1.049411497724798,0.7036988786670034,3945.5083322684795,True
7,127,139,12,0.8154382011004871,1.1157921040389513,0.730815532883553,4320.69577730254,True
7,128,131,3,0.2670582463852864,0.3592358266085509,0.7434064940195739,3634.8356221430427,True
7,128,132,4,0.23684129391401584,0.4342031923576463,0.5454618899230327,3539.8177919209343,False
7,128,133,5,0.30920124334582477,0.5096063662389082,0.6067452524736874,3486.0292597739335,True
7,128,134,6,0.3623592536803592,0.5747029631740453,0.6305157218592953,3514.6080862594054,True
7,128,135,7,0.3795484460229537,0.6410536767463587,0.5920696811994528,3584.541811724338,True
7,128,136,8,0.4551678551605058,0.7082376500092402,0.6426767274439128,3693.482096883644,True
7,128,137,9,0.4979236437677101,0.7735474956113315,0.6436885215098563,3914.8093823326826,True
7,128,138,10,0.5352279636372763,0.840796127068361,0.6365728223600149,4154.261667252076,True
7,128,139,11,0.6120106921019054,0.9071767381090904,0.6746322589549353,4549.29994614556,True
7,129,132,3,0.14018238635542998,0.2251954295704919,0.6224921465892775,3744.1140474082786,True
7,129,133,4,0.24259325418150332,0.3006072076460754,0.8070107702378324,3687.2211758992707,False
7,129,134,5,0.2835853946702489,0.36569951881443447,0.7754601252678912,3717.4493944100973,True
7,129,135,6,0.28377443370379357,0.43205236492076826,0.6568056484445662,3791.4192593275675,True
7,129,136,7,0.3740894029080528,0.49923184347895966,0.7493300112852657,3906.6468998362266,True
7,129,137,8,0.4076475802803693,0.5645406659356552,0.7220871849944497,4140.747818933193,True
7,129,138,9,0.44842222036297663,0.6317905866036757,0.7097640102135193,4394.019799682291,True
7,129,139,10,0.5263819526360604,0.6981707475563522,0.7539444390622709,4811.857229802231,True
7,130,134,4,0.15200356748580893,0.2900718998721188,0.5240203120427083,3549.7680205895144,False
7,130,135,5,0.188614948587855,0.35642095016739234,0.5291915318088692,3620.401358965605,False
7,130,136,6,0.2423446551314968,0.4236045611346233,0.572101146603279,3730.4314763844677,False
7,130,137,7,0.29028240172371483,0.4889163078900686,0.5937261593429687,3953.9729070897793,True
7,130,138,8,0.32361376078964554,0.5561631148618432,0.5818684341733713,4195.820658703134,True
7,130,139,9,0.3976485237081751,0.622543808897331,0.6387478568175027,4594.810877500836,True
7,131,135,4,0.15053390922888868,0.281834199931497,0.5341222224466642,3516.6586413810483,False
7,131,136,5,0.2124311496116013,0.3490102568749961,0.6086673541164354,3623.5358422402833,True
7,131,137,6,0.2514613230238878,0.41431645391912947,0.6069305735875279,3840.671686046596,True
7,131,138,7,0.2881960606823955,0.48156814259792924,0.5984533344079949,4075.5892825455317,True
7,131,139,8,0.36090484339745027,0.5479478369311308,0.6586481761087978,4463.146423768774,True
7,132,135,3,0.15022698840768547,0.20686026557398454,0.726224478107692,3424.73006235528,True
7,132,136,4,0.24376716454746433,0.27403753755635546,0.8895393190333786,3528.8133982969402,False
7,132,137,5,0.273830100030875,0.33934538241366874,0.8069362785584354,3740.273118369834,False
7,132,138,6,0.31589722777480955,0.40659571336769096,0.7769320172078122,3969.04976033307,True
7,132,139,7,0.3928989308693671,0.4729757701856726,0.8306956838721985,4346.475813805939,False
7,133,136,3,0.15140738990223931,0.1986345986393442,0.7622407724504524,3475.192081022285,True
7,133,137,4,0.19697415946035002,0.2639486393100008,0.7462594237093566,3683.438610863496,True
7,133,138,5,0.2312160485313041,0.3311914661753314,0.6981340769478017,3908.7389270709805,True
7,133,139,6,0.3056734135341182,0.3975722532242501,0.7688499664027195,4280.429884953146,True
7,134,137,3,0.1391119458576856,0.1988459201577686,0.6995966814270628,3713.6358195170405,True
7,134,138,4,0.1755907160484733,0.2660951896214121,0.6598793322731449,3940.783170893826,True
7,134,139,5,0.25112413358744207,0.33247532304331623,0.7553166090306336,4315.521289485199,True
7,135,138,3,0.16808144493977126,0.19974503893959916,0.8414799477978392,4019.1969347122067,False
7,135,139,4,0.24489727174840717,0.2661256371543033,0.9202317911461207,4401.391598119849,False
7,136,139,3,0.1575705728598836,0.1989395756456998,0.7920524226939537,4535.157329134238,False
6,130,133,3,0.19905209461370904,0.22497356051618086,0.8847799455056077,4795.968385008392,False
6,130,134,4,0.2501947475771272,0.2900718998721188,0.8625266621393803,4666.981331653256,False
6,130,135,5,0.2816053497323337,0.35642095016739234,0.7900920234909826,4633.884817299628,False
6,130,136,6,0.3354153579345875,0.4236045611346233,0.7918124324161634,4677.007697235488,False
6,130,137,7,0.35248892606656085,0.4889163078900686,0.7209596415135675,4795.689314373899,True
6,130,138,8,0.4301687607385182,0.5561631148618432,0.7734579105365098,5011.8481621054725,True
6,130,139,9,0.4751104385088978,0.622543808897331,0.7631759110261304,5306.0396248049265,True
6,130,140,10,0.4893294447335133,0.688261034446456,0.7109649104675287,5701.67771362079,True
6,130,141,11,0.5407623251584925,0.7546051466063003,0.7166162695688904,6212.788021492444,True
6,131,134,3,0.16836913044376134,0.21547858698915956,0.7813729094679452,4449.418051835543,False
6,131,135,4,0.2032477227167312,0.281834199931497,0.7211606070737081,4417.8644162083565,True
6,131,136,5,0.25476843823031053,0.3490102568749961,0.729974071568791,4458.977012723883,True
6,131,137,6,0.2752953541407238,0.41431645391912947,0.664456725135176,4572.12598251623,True
6,131,138,7,0.3670394478890712,0.48156814259792924,0.7621755166548043,4778.208032306672,True
6,131,139,8,0.39715708183047593,0.5479478369311308,0.7248081935222475,5058.685006995395,True
6,131,140,9,0.41780024157118545,0.6136718175166062,0.6808203173838591,5435.87941367356,True
6,131,141,10,0.4666768082819378,0.6800126060195267,0.6862767015653487,5923.163006367459,True
6,132,135,3,0.17478142139399824,0.20686026557398454,0.8449250556119337,4267.310628487221,False
6,132,136,4,0.2117645120283027,0.27403753755635546,0.7727573160839457,4307.022173149333,True
6,132,137,5,0.22757016756775592,0.33934538241366874,0.6706151884228186,4416.3152061418805,True
6,132,138,6,0.3467103036517356,0.40659571336769096,0.8527150981992768,4615.374307680798,False
6,132,139,7,0.3503440528448404,0.4729757701856726,0.7407230452995688,4886.29307348628,True
6,132,140,8,0.35965681514337566,0.538698552682306,0.6676402105640721,5250.633295136883,True
6,132,141,9,0.41156860918028554,0.6050398157690121,0.6802339258568916,5721.3110385645,True
6,133,136,3,0.15925656670654464,0.1986345986393442,0.8017564301358332,4189.928281009115,False
6,133,137,4,0.17959452538521126,0.2639486393100008,0.6804146664847254,4296.249992726215,True
6,133,138,5,0.24637021221729924,0.3311914661753314,0.7438905810660951,4489.897326220278,True
6,133,139,6,0.29369695969414716,0.3975722532242501,0.738725998387236,4753.450693969592,True
6,133,140,7,0.33656432481019066,0.4632877764700912,0.7264692528142247,5107.885692730408,True
6,133,141,8,0.3759547750776629,0.5296320099743275,0.7098414899354106,5565.767242707873,True
6,134,137,3,0.12063344423816812,0.1988459201577686,0.6066679373781215,4180.7028117291475,True
6,134,138,4,0.27031750699081847,0.2660951896214121,1.0158676952237042,4369.142021037997,False
6,134,139,5,0.23669014726345644,0.33247532304331623,0.7119029018361748,4625.607149337263,True
6,134,140,6,0.26772316899063053,0.3981936838670115,0.6723440874065812,4970.5096569667785,True
6,134,141,7,0.31007427816550065,0.46453752454097325,0.6674902710430046,5416.076531955581,True
6,135,138,3,0.19371648390675136,0.19974503893959916,0.9698187496177526,4338.157673483065,False
6,135,139,4,0.20652541007602832,0.2661256371543033,0.7760447745073205,4592.804045460682,True
6,135,140,5,0.260458771803281,0.3318409122382668,0.784890476724183,4935.260631415528,False
6,135,141,6,0.29365934054224674,0.3981846169339608,0.7374954432027955,5377.667710076554,True
6,136,139,3,0.1465346624068487,0.1989395756456998,0.7365787422197919,4635.544628196346,True
6,136,140,4,0.1951701646642738,0.26466818136471437,0.737414537924104,4981.188111284295,True
6,136,141,5,0.22803488860289634,0.33100305759412496,0.6889207920324171,5427.7122252381805,True
6,137,140,3,0.1607777437197526,0.1993685066414422,0.8064350103645314,5107.588472067811,False
6,137,141,4,0.19703405032109064,0.2657009891010321,0.7415631044044362,5565.443378563832,True
6,138,141,3,0.29279304545853185,0.19844485264069736,1.4754378436242968,5816.297791550911,False
8,134,137,3,0.9567307684235783,0.1988459201577686,4.811417642687804,3403.2854714231657,False
8,134,138,4,1.3829201742634687,0.2660951896214121,5.197088215803613,3340.261666396811,False
8,134,139,5,1.218703503461096,0.33247532304331623,3.665545738269178,3357.7555003305406,False
8,134,140,6,1.2304469280416257,0.3981936838670115,3.090071434816052,3410.280926844591,False
8,134,141,7,1.386670728222162,0.46453752454097325,2.985056437781604,3482.8850110217536,False
8,134,142,8,1.391993353680466,0.5296277232161065,2.6282486596957924,3622.087243565511,False
8,134,143,9,1.3643765189687858,0.7538190593818109,1.8099522716866279,3765.1119505268366,False
8,134,144,10,1.227631265313926,0.977153418988779,1.2563342065408292,3939.6180017864676,False
8,134,145,11,1.1920623006943798,1.2009463174220187,0.9926024863903079,4123.6066737747915,False
8,134,146,12,1.5456441755085593,1.4253871054732647,1.0843680075212734,4342.015430649689,False
8,134,147,13,1.5419792395448526,1.6496932388414296,0.9347066492360581,4641.565253230854,False
8,134,148,14,1.576069475404946,1.872729175708462,0.8415896413899312,4923.728465299442,False
8,134,149,15,1.6517331609858414,2.0961392809549366,0.7879882677611779,5268.616706498965,False
8,134,150,16,1.7960471536489084,2.319964949178235,0.7741699521301364,5676.167545095898,True
8,134,151,17,1.879776668413043,2.542965868861855,0.7392064091109359,6161.523837493449,True
8,134,152,18,1.997632202280136,2.7649918373587785,0.7224730920682744,6754.1409520382385,True
8,134,153,19,2.118746147632371,2.990764982141068,0.7084295022458018,7492.016951395665,True
8,134,154,20,2.2456845851138145,3.215349122609781,0.698426360398175,8400.981014143526,True
8,135,138,3,0.16247128786196885,0.19974503893959916,0.8133933574745679,3129.6937549862605,False
8,135,139,4,0.21892833530785744,0.2661256371543033,0.8226503002449169,3146.0847890671985,False
8,135,140,5,0.25374930433277104,0.3318409122382668,0.7646715488492124,3195.299047037695,True
8,135,141,6,0.3154653868040917,0.3981846169339608,0.7922591014017296,3263.3262172207055,False
8,135,142,7,0.32622863595971996,0.46327409050470625,0.7041806193053352,3393.75323204266,True
8,135,143,8,0.4577668605387604,0.6874656488616293,0.6658759769259368,3527.7617549942343,True
8,135,144,9,0.6672145084328037,0.91079981069377,0.7325589010877992,3691.267058883711,True
8,135,145,10,0.7312550400707108,1.1345941890217304,0.6445080074852256,3863.6572052913803,True
8,135,146,11,0.8936630751971193,1.3590338201769399,0.6575723590754854,4068.297616940039,True
8,135,147,12,1.0704979423745522,1.5833408859245752,0.6761007385654961,4348.964014567147,True
8,135,148,13,1.2131185703765563,1.8063758819450015,0.6715759341684412,4613.33984224011,True
8,135,149,14,1.367903582603635,2.029785606195563,0.6739153033839388,4936.486554220522,True
8,135,150,15,1.5002797131310381,2.2536114905918936,0.665722427931445,5318.34565443052,True
8,135,151,16,1.6580038548572051,2.4766118993519393,0.6694645435932286,5773.105403506851,True
8,135,152,17,1.8050064740254474,2.698636835516527,0.668858606786179,6328.364322635036,True
8,135,153,18,1.9601055870356532,2.9244109485847902,0.6702565478987168,7019.725101455185,True
8,135,154,19,2.115062384476278,3.1489953561991393,0.6716625924241355,7871.388664016026,True
8,136,139,3,0.13679622153552828,0.1989395756456998,0.6876269897104569,2984.257654761063,True
8,136,140,4,0.3047381942072697,0.26466818136471437,1.1513971669580434,3030.9404481117735,False
8,136,141,5,0.2667554495844336,0.33100305759412496,0.8059002582131081,3095.468462123302,False
8,136,142,6,0.31359707571728157,0.39610192321368004,0.7917080360857257,3219.1866208718,False
8,136,143,7,0.41918822348821855,0.6202881803748282,0.6757959231705998,3346.3020634724535,True
8,136,144,8,0.5826470271595023,0.8436186305886408,0.69065215730591,3501.397042610278,True
8,136,145,9,0.7079829483139528,1.0674086320174443,0.6632726465550847,3664.919849055365,True
8,136,146,10,0.8500489169458678,1.2918523971312215,0.6580077715020279,3859.0340436435645,True
8,136,147,11,1.0099097759005242,1.5161583548487223,0.6660978206338414,4125.263627939432,True
8,136,148,12,1.1480035180653945,1.73919438732252,0.6600777500396258,4376.0405905338675,True
8,136,149,13,1.3002126967790608,1.962605583447667,0.6624931202401886,4682.5654026398815,True
8,136,150,14,1.4366568271252924,2.1864315841921917,0.6570783360029469,5044.782577079016,True
8,136,151,15,1.5912582197462346,2.4094323374470332,0.660428680654418,5476.150564036749,True
8,136,152,16,1.7383517720700319,2.63145855154282,0.6606038962881778,6002.848282274007,True
8,136,153,17,1.8929051992903856,2.857231128474259,0.6624963519493726,6658.6471035789245,True
8,136,154,18,2.0473898099413272,3.0818155284336806,0.6643453480753614,7466.503113908143,True
8,137,140,3,0.3309707932087533,0.1993685066414422,1.6600956629724548,2921.9938398292356,False
8,137,141,4,0.5352647033397175,0.2657009891010321,2.014537865104388,2984.2024060039894,False
8,137,142,5,0.5347069188006268,0.33080158990315844,1.616397668938536,3103.473537828219,False
8,137,143,6,0.5890485552466903,0.5549841411941104,1.0613790764890803,3226.0198387486707,False
8,137,144,7,0.6616391668315614,0.7783147429725388,0.8500920389926444,3375.5399568069106,False
8,137,145,8,0.6621568811603222,1.0021042375162543,0.6607664715613798,3533.1849654384073,True
8,137,146,9,0.9685188100576736,1.2265472933851627,0.789630220767637,3720.3217602782693,False
8,137,147,10,1.0956440092590594,1.4508517812158368,0.7551729428494014,3976.981770136745,True
8,137,148,11,1.2135778137703814,1.6738890472837258,0.7250049313242677,4218.744599996544,True
8,137,149,12,1.3557568650617906,1.897300485215844,0.7145715060034651,4514.251432962059,True
8,137,150,13,1.502269087826013,2.1211259992830773,0.7082413248122776,4863.448776331463,True
8,137,151,14,1.6466909352271815,2.3441275801919548,0.7024749630275405,5279.311318723305,True
8,137,152,15,1.7928323248258924,2.5661556366542557,0.6986452026594071,5787.076982380656,True
8,137,153,16,1.9450745923528934,2.791926438165675,0.6966783099166566,6419.303233217761,True
8,137,154,17,2.0981723550987157,3.016510305833255,0.6955628001805001,7198.121004817855,True
8,138,141,3,0.1652979536891381,0.19844485264069736,0.8329666982515552,2928.9393984853973,False
8,138,142,4,0.1999247851871134,0.2635495532738091,0.7585851795370182,3046.0018056462145,True
8,138,143,5,0.3324036322885838,0.48773067921401686,0.6815311122610859,3166.2787306236955,True
8,138,144,6,0.5562864229141367,0.7110603635907987,0.7823336124445668,3313.029957606783,False
8,138,145,7,0.6665596456360003,0.9348511529944422,0.7130115243490138,3467.755614226585,True
8,138,146,8,0.7635617863425166,1.1592939103498767,0.6586438344285552,3651.426912865709,True
8,138,147,9,0.9426243735412639,1.3835996107035788,0.6812840696463675,3903.3339595786574,True
8,138,148,10,1.087909433461621,1.6066358973150867,0.6771350218675369,4140.619699996608,True
8,138,149,11,1.2431078398156419,1.8300472040712292,0.6792763798934541,4430.654184203502,True
8,138,150,12,1.3718170250494661,2.053873104548382,0.6679171278943787,4773.384910103102,True
8,138,151,13,1.5305079043874155,2.2768740984620703,0.6721969850775706,5181.546294302503,True
8,138,152,14,1.6767317581271817,2.4989010025502765,0.6709876687455716,5679.908890114348,True
8,138,153,15,1.8314516312552793,2.724672900847321,0.6721730269661848,6300.427247417432,True
8,138,154,16,1.985935117784483,2.949257163425794,0.6733679051160338,7064.822467691598,True
8,139,142,3,0.23325050942923242,0.197180590096931,1.1829283466215919,3061.9545228497436,False
8,139,143,4,0.3097719628353776,0.4213532866765912,0.7351834496858747,3182.8613698997324,True
8,139,144,5,0.46035250431867225,0.6446811314362616,0.7140778314592048,3330.381171878078,True
8,139,145,6,0.5724708018641511,0.8684710957226627,0.6591708171793478,3485.917167690592,True
8,139,146,7,0.7353979396007123,1.0929142854186424,0.6728779643675507,3670.5504015065644,True
8,139,147,8,0.8902793427320254,1.3172195218848448,0.675877731798342,3923.7767520591688,True
8,139,148,9,1.0264756181413117,1.5402561790284042,0.6664317482490568,4162.3052206679895,True
8,139,149,10,1.1784769038619622,1.7636678424483203,0.6681966272209187,4453.8586921904025,True
8,139,150,11,1.3166995310789773,1.9874936851829121,0.6624924350176234,4798.384389562803,True
8,139,151,12,1.4707470546515637,2.210494868712721,0.6653474185660749,5208.683422900647,True
8,139,152,13,1.6182105524671764,2.432522385323881,0.6652397372498251,5709.6560754567345,True
8,139,153,14,1.7729604848407647,2.658293596454886,0.6669543526739086,6333.424251540394,True
8,139,154,15,1.9277141339756039,2.882877770154745,0.6686770261064968,7101.822811785718,True
8,140,143,3,0.34287443945721174,0.3556262450871176,0.9641426756150069,3232.650924550933,False
8,140,144,4,0.537374628955894,0.578964548935632,0.928164997224447,3382.4783813056365,False
8,140,145,5,0.5052289557850168,0.802767222419995,0.6293592235392604,3540.4474293512676,True
8,140,146,6,0.7419694147479053,1.027197236267385,0.7223241930089916,3727.9688839903156,True
8,140,147,7,0.9129675071205777,1.2515046199800162,0.7294959143939523,3985.156458660061,True
8,140,148,8,1.0500699111983633,1.4745389747683086,0.7121343885558256,4227.416232168297,True
8,140,149,9,1.2026384434851354,1.6979473564143723,0.7082895938686804,4523.530479614346,True
8,140,150,10,1.335625592822784,1.9217727967829563,0.6949966172164672,4873.445598342101,True
8,140,151,11,1.49150290190721,2.1447735346078725,0.6954127686865086,5290.162946450704,True
8,140,152,12,1.6379484848586645,2.36679924013622,0.6920521424387449,5798.97232274823,True
8,140,153,13,1.7924811220152752,2.5925728242483097,0.69139084744321,6432.498115040532,True
8,140,154,14,1.9472045329953358,2.8171568334440105,0.6911949345095044,7212.91674705871,True
8,141,144,3,0.41359568032387606,0.5126160476891305,0.8068332667078264,3454.490555783877,False
8,141,145,4,0.5534547274821529,0.7364115688308698,0.7515562640614405,3615.8227279555617,True
8,141,146,5,0.602737759429065,0.9608498462561057,0.6272965144112755,3807.336470552609,True
8,141,147,6,0.7800982805375108,1.1851563682402688,0.6582239284557936,4069.9995085994788,True
8,141,148,7,0.9261093347028185,1.4081919253587778,0.6576584611979402,4317.416936085742,True
8,141,149,8,1.0812906652667855,1.6316026765230525,0.6627168984369513,4619.835386677755,True
8,141,150,9,1.2084783507083892,1.8554286001369866,0.6513203206090318,4977.200116531381,True
8,141,151,10,1.367367703223874,2.0784294653024045,0.6578850646850922,5402.789279622147,True
8,141,152,11,1.513259806787642,2.300456232021758,0.6578085623727395,5922.431088666208,True
8,141,153,12,1.6678068130670975,2.526228344634222,0.6601963819341845,6569.44449706366,True
8,141,154,13,1.822114370225887,2.750812632544412,0.6623913052705777,7366.4780594256845,True
8,142,145,3,0.5019354449208875,0.6713474999490675,0.7476537038701527,3760.3381496881366,True
8,142,146,4,0.5729788555697742,0.895768102831999,0.6396508803542832,3959.5062192147143,True
8,142,147,5,0.7609157638038755,1.1200763923290635,0.6793427385980728,4232.667244185397,True
8,142,148,6,0.9087477687096851,1.3431091059648441,0.6766001099046018,4489.97332954217,True
8,142,149,7,1.0650897613428643,1.5665159266333692,0.6799099474410516,4804.478691804138,True
8,142,150,8,1.1900336658285229,1.7903411816514467,0.6646965829891774,5176.126399152169,True
8,142,151,9,1.3504098778744589,2.013341565063272,0.6707306406958425,5618.725300279415,True
8,142,152,10,1.4961720820463795,2.235366502570131,0.669318467609738,6159.135897185579,True
8,142,153,11,1.6509418799753468,2.461140920055809,0.6708034743243836,6832.008818788219,True
8,142,154,12,1.8054887983003232,2.685724891251813,0.672253812809095,7660.897825973141,True
8,143,146,3,0.43688255533594883,0.6715722070340099,0.6505369798810393,4115.85452852746,True
8,143,147,4,0.6164649688612059,0.8958804177671505,0.6881107753171497,4399.801813718432,True
8,143,148,5,0.7629591092200232,1.1189133884041147,0.6818750379850379,4667.268098149066,True
8,143,149,6,0.919120325332813,1.3423211265654018,0.6847246215103289,4994.192277035397,True
8,143,150,7,1.0462632691969243,1.566146576159588,0.668049392772999,5380.515170501799,True
8,143,151,8,1.2058362618803249,1.789147311900561,0.6739725979295684,5840.590894763988,True
8,143,152,9,1.3520708939591302,2.0111736007205003,0.6722795553177272,6402.340587628872,True
8,143,153,10,1.5070204009676766,2.2369466007894983,0.6736952953797803,7101.783121160488,True
8,143,154,11,1.6617701651479941,2.461530598066157,0.6750962862105084,7963.402319360739,True
8,144,147,3,0.462509989836999,0.6725422296092571,0.6877040124390619,4603.7245790772495,True
8,144,148,4,0.582390765645399,0.8955761132325573,0.6502973416109499,4883.587436506077,True
8,144,149,5,0.7284115435085023,1.1189871272400127,0.6509561421900653,5225.663953030275,True
8,144,150,6,0.8726884751317521,1.3428132960664763,0.6498956166789024,5629.892205895242,True
8,144,151,7,1.0209214502998254,1.5658140003217127,0.6520068476141269,6111.291598344821,True
8,144,152,8,1.1681032108717848,1.7878417699415183,0.65335939148015,6699.077361846182,True
8,144,153,9,1.3218630610384425,2.0136126224094903,0.656463436078733,7430.937777292985,True
8,144,154,10,1.475946975433991,2.238197019487556,0.6594356808552604,8332.491449140527,True
8,145,148,3,0.6206084833368211,0.6718010497458122,0.9237980255786132,5111.661520484313,False
8,145,149,4,0.7578776735850713,0.8952192471547394,0.846583310171024,5469.713749365683,False
8,145,150,5,0.8916670947957979,1.119043881344089,0.7968115546325245,5892.820334949981,False
8,145,151,6,1.0371165368785553,1.3420438067768417,0.7727888848646277,6396.70211906104,True
8,145,152,7,1.180193891495253,1.5640756327746366,0.7545631852863882,7011.938747593279,True
8,145,153,8,1.3313211726262832,1.7898384330352934,0.7438219830650107,7777.978625581328,True
8,145,154,9,1.4837423234314158,2.0144224073483015,0.7365596798461699,8721.636801655983,True
8,146,149,3,0.5209279391359181,0.6707545894398914,0.7766297053157922,5759.419697330626,True
8,146,150,4,0.6280179985298158,0.89458062633081,0.7020250383754442,6204.9363211881555,True
8,146,151,5,0.7909011257859475,1.1175817508375887,0.7076897284634387,6735.506439756405,True
8,146,152,6,0.9336316662826378,1.339612517328434,0.6969415813944194,7383.329364182529,True
8,146,153,7,1.087179351616132,1.5653798273441148,0.6945147322236057,8189.942902731374,True
8,146,154,8,1.2407435064546282,1.7899639805963858,0.6931667451996623,9183.582375630982,True
8,147,150,3,0.42999076933626634,0.6702819132625646,0.6415073431465683,6633.006558115257,True
8,147,151,4,0.5895161964821581,0.8932839666297935,0.6599426593385541,7200.179997750056,True
8,147,152,5,0.7356063061782084,1.1153202538224585,0.659547160250266,7892.695357100767,True
8,147,153,6,0.8905735947464244,1.3410796773638531,0.6640720978614902,8754.956082128569,True
8,147,154,7,1.045376410419266,1.5656627134191528,0.6676894081077871,9817.145409944787,True
8,148,151,3,0.4451881761700118,0.6702433496532655,0.6642187145912292,7637.882756366453,True
8,148,152,4,0.5925595605923694,0.8922785691249151,0.6640970444616984,8372.496491489263,True
8,148,153,5,0.7476092746929078,1.1180395078649656,0.6686787626320647,9287.174503044507,True
8,148,154,6,0.9026289948469414,1.3426233727061136,0.6722875626897921,10413.93488312655,True
8,149,152,3,0.4408492025365789,0.66886233658092,0.6591030447163536,8958.957668166537,True
8,149,153,4,0.5952827674774708,0.8946260151178816,0.6653984541227906,9937.705356368742,True
8,149,154,5,0.7500534014295703,1.1192099618821882,0.6701632642441789,11143.390967295369,True
8,150,153,3,0.4610251867787166,0.6708016011808703,0.6872750243397362,10706.430882885295,True
8,150,154,4,0.615689498593813,0.895384427735372,0.6876258727785001,12005.381616175306,True
8,151,154,3,0.4574734697862116,0.6723836423673961,0.6803756679378649,13031.934737405647,True
5,137,140,3,0.1379022625210891,0.1993685066414422,0.6916953176014998,4632.993093023127,True
5,137,141,4,0.17081343405152338,0.2657009891010321,0.6428784274738699,4581.429907790798,True
5,137,142,5,0.21191863918529447,0.33080158990315844,0.640621586030869,4552.114893101887,True
5,137,143,6,0.3791683105225378,0.5549841411941104,0.6832056672947713,4806.245936279166,True
5,137,144,7,0.5589367638682474,0.7783147429725388,0.7181371918172291,5093.930211536079,True
5,137,145,8,0.6972457814258541,1.0021042375162543,0.6957816914875032,5433.541662672699,True
5,137,146,9,0.824591857903509,1.2265472933851627,0.6722870470226289,5812.379030999269,True
5,137,147,10,0.9726098993071182,1.4508517812158368,0.670371647813711,6296.8742245657095,True
5,137,148,11,1.1381239502197429,1.6738890472837258,0.6799279510590105,6849.762769614726,True
5,138,141,3,0.12814697407289208,0.19844485264069736,0.645756099831493,4331.121794639352,True
5,138,142,4,0.18630338158862605,0.2635495532738091,0.706900767898742,4303.408416592597,True
5,138,143,5,0.34600748677070764,0.48773067921401686,0.7094232565568817,4543.654916474181,True
5,138,144,6,0.521295676602516,0.7110603635907987,0.7331243636897632,4815.621455222576,True
5,138,145,7,0.6581675166231681,0.9348511529944422,0.7040345562124808,5136.678109439991,True
5,138,146,8,0.7870895104907049,1.1592939103498767,0.6789387086948123,5494.817558390815,True
5,138,147,9,0.9351218463893052,1.3835996107035788,0.675861599811945,5952.842178321209,True
5,138,148,10,1.1002196104988398,1.6066358973150867,0.6847971045197363,6475.523453744879,True
5,139,142,3,0.13697986600608525,0.197180590096931,0.694692443808734,4137.168778283042,True
5,139,143,4,0.3070498143740523,0.4213532866765912,0.7287229602405539,4368.134613310354,True
5,139,144,5,0.5028539725180666,0.6446811314362616,0.7800041726020065,4629.595149686417,True
5,139,145,6,0.6442747773336324,0.8684710957226627,0.7418494184858571,4938.249462106993,True
5,139,146,7,0.7567073305044525,1.0929142854186424,0.6923757339438514,5282.554069765874,True
5,139,147,8,0.9017134285291007,1.3172195218848448,0.6845582027503014,5722.885308129108,True
5,139,148,9,1.0682715470735062,1.5402561790284042,0.6935674478172673,6225.375530841493,True
5,140,143,3,0.2569634654705946,0.3556262450871176,0.7225660901591962,4241.391281171781,True
5,140,144,4,0.44816585555715505,0.578964548935632,0.7740816883884564,4495.26542597876,True
5,140,145,5,0.5893227594910158,0.802767222419995,0.7341141280213999,4794.963998822098,True
5,140,146,6,0.7089678926062466,1.027197236267385,0.690196456507695,5129.278458028965,True
5,140,147,7,0.855934907497537,1.2515046199800162,0.6839246885969981,5556.833293342531,True
5,140,148,8,1.0224200623834712,1.4745389747683086,0.693382867376647,6044.743542947045,True
5,141,144,3,0.39986107148909794,0.5126160476891305,0.7800400968554707,4445.235089396285,True
5,141,145,4,0.5335586836547181,0.7364115688308698,0.72453870395029,4741.598148304009,True
5,141,146,5,0.6644828622218649,0.9608498462561057,0.6915574424151525,5072.191833911647,True
5,141,147,6,0.812221974226978,1.1851563682402688,0.6853289540459312,5494.988171051872,True
5,141,148,7,0.9765452854388647,1.4081919253587778,0.6934745668208979,5977.468193139968,True
5,142,145,3,0.5116360525412577,0.6713474999490675,0.7621031620436115,4711.2582714175205,True
5,142,146,4,0.629352655039772,0.895768102831999,0.7025843553147894,5039.736600259977,True
5,142,147,5,0.7760014753399652,1.1200763923290635,0.692811205248567,5459.827607168563,True
5,142,148,6,0.9425668875817285,1.3431091059648441,0.7017798356036163,5939.22040338629,True
5,143,146,3,0.4524175286810169,0.6715722070340099,0.6736692256505271,5321.090113877043,True
5,143,147,4,0.5992619492104013,0.8958804177671505,0.6689084138081431,5764.633552967613,True
5,143,148,5,0.7657152330539334,1.1189133884041147,0.6843382526203022,6270.78942398802,True
5,144,147,3,0.41580684422830017,0.6725422296092571,0.6182613164230317,6109.683400144397,True
5,144,148,4,0.5802813203187731,0.8955761132325573,0.6479419356376799,6646.135907427713,True
5,145,148,3,0.44484417698466105,0.6718010497458122,0.6621665404556538,7089.232645357324,True
20,160,163,3,0.4798304195357417,0.6709140578893269,0.7151890974609655,3299.2508240508178,True
20,160,164,4,0.679334522630834,0.8950211160270704,0.7590150784892624,3550.9097425871023,True
20,160,165,5,0.802665708847479,1.0915511504600708,0.7353441096270832,3693.013945275593,True
20,160,166,6,0.9282011609647309,1.2893186640762178,0.7199160198536151,3879.144235524119,True
20,160,167,7,1.0402526128919019,1.487594052580731,0.6992852728116482,4090.875700873836,True
20,160,168,8,1.158329605428654,1.68972933926182,0.6855119210599049,4384.967046626462,True
20,160,169,9,1.295698045128173,1.897343427778999,0.6829011691599223,4733.538211528455,True
20,160,170,10,1.4548129055499297,2.1008416207543594,0.6924905195983041,5191.392876675777,True
20,160,171,11,1.581074737087857,2.3066757044168757,0.6854343391489227,5719.818178928418,True
20,160,172,12,1.6635522920779835,2.4188474285947033,0.687745854662884,6285.467683474317,True
20,160,173,13,1.7390248351753168,2.519151244409356,0.6903217260315989,7021.821985781184,True
20,161,164,3,0.9518772691305051,0.6700177245176594,1.4206747587397843,3653.0891037586257,False
20,161,165,4,0.9457742553339488,0.8679008253333219,1.0897261849828512,3799.2824322495426,False
20,161,166,5,1.2331411083686348,1.0677805159191147,1.1548638413833412,3990.7687229404814,False
20,161,167,6,1.3534558194252253,1.268225243344442,1.0672046046457973,4208.592876484966,False
20,161,168,7,1.3203377639419063,1.4723152704000593,0.8967765195990547,4511.1468608326195,False
20,161,169,8,1.4491985800308442,1.6814231383578808,0.861888091682958,4869.748350787749,False
20,161,170,9,1.5688618697762573,1.8865181472120096,0.8316176932062909,5340.77803320827,False
20,161,171,10,1.7231924051205925,2.0935557245958023,0.8230936415381468,5884.409061239709,False
20,161,172,11,1.767133595264019,2.206140364776022,0.8010068731249687,6466.3354382524885,False
20,161,173,12,1.8364431317519043,2.3074565799304905,0.7958733211817252,7223.878736523752,False
20,162,165,3,0.9429771077422778,0.6470172020766028,1.457422004725363,3990.7695686421184,False
20,162,166,4,1.2614245997828772,0.8496979959418886,1.4845564021656783,4191.906934797098,False
20,162,167,5,1.352807233742263,1.0527267141831769,1.2850507311310344,4420.709614982645,False
20,162,168,6,1.2799402967399842,1.2589585107009522,1.0166659868936825,4738.512583079209,False
20,162,169,7,1.3990139454545627,1.4695510403685237,0.9520009220664617,5115.1878997745525,False
20,162,170,8,1.5125396250430463,1.6762624713822303,0.9023286334125349,5609.957887542472,False
20,162,171,9,1.654212014806655,1.8844166826198852,0.8778377044013541,6180.98839183508,False
20,162,172,10,1.6940718275821807,1.9973375110994458,0.8481650287785709,6792.24436397867,False
20,162,173,11,1.7599492383461803,2.0996797207840103,0.83819890287316,7587.968502833944,False
20,163,166,3,0.4567099419300923,0.6339410213731321,0.7204297032882445,4395.010238895923,True
20,163,167,4,0.5840052613885618,0.8399968996461146,0.6952469248810318,4634.898704394735,True
20,163,168,5,0.7049703429246216,1.0484375354887439,0.6724009004465772,4968.099636682018,True
20,163,169,6,0.8412336515481137,1.2603300207166659,0.6674709304073865,5363.025358880936,True
20,163,170,7,0.9958253062172915,1.4685574185052546,0.6780976308239107,5881.767591464321,True
20,163,171,8,1.1310948138137285,1.6776304376990967,0.6742216810068417,6480.46526107501,True
20,163,172,9,1.2095171740810158,1.79074184850171,0.6754279937630334,7121.337374398155,True
20,163,173,10,1.2855046644141213,1.894130742034039,0.6786778947654183,7955.615375318242,True
20,164,167,3,0.4951169194859933,0.6345034766591867,0.7803218385703776,4988.437631162687,True
20,164,168,4,0.5631660898704327,0.8444893297647553,0.6668717650077483,5347.054329254566,True
20,164,169,5,0.7104737716190452,1.0569007172570084,0.6722237576514749,5772.104035791454,True
20,164,170,6,0.8652930473858943,1.2661866898387528,0.6833850445040519,6330.414678360336,True
20,164,171,7,1.0147639991938515,1.4757175221604892,0.6876410857466884,6974.77956640925,True
20,164,172,8,1.0864485847771894,1.5887156004256535,0.6838534124585324,7664.535863312272,True
20,164,173,9,1.1639581624176893,1.6932098523469268,0.687426996012543,8562.45058379901,True
20,165,168,3,0.47138184343470246,0.6296602665727072,0.7486288534616814,5561.038617021105,True
20,165,169,4,0.6241427687312101,0.8420322078341892,0.74123384227378,6003.098429144737,True
20,165,170,5,0.7842666265009337,1.051361480367287,0.7459533577613616,6583.752159673084,True
20,165,171,6,0.9307424312256037,1.2608652769210713,0.7381775422497158,7253.9039489091665,True
20,165,172,7,1.001672320912663,1.3738532293340366,0.7290970385520839,7971.263670209385,True
20,165,173,8,1.0795525330030054,1.4783591473277258,0.7302369894043669,8905.112127312043,True
20,166,169,3,0.3957008226601885,0.6310436333821751,0.6270577844821432,6305.658470770519,True
20,166,170,4,0.5427390155870516,0.8403588319917911,0.6458419843112368,6915.577524690183,True
20,166,171,5,0.6838921832454993,1.0498855834469911,0.6513968703143251,7619.505397333872,True
20,166,172,6,0.758461349530501,1.1628618490791311,0.6522368500876743,8373.020512336036,True
20,166,173,7,0.8345976908296027,1.2674556889667437,0.658482736788995,9353.93553537761,True
20,167,170,3,0.41742683274852627,0.6316973921420445,0.6608018933449435,7293.043603325021,True
20,167,171,4,0.5471873973806137,0.8412309873301081,0.6504603439743375,8035.393269778399,True
20,167,172,5,0.626368114953997,0.9542154123807788,0.6564221315511989,8830.0367496404,True
20,167,173,6,0.7021512012422849,1.0588267814632495,0.6631407644146897,9864.492080183349,True
20,168,171,3,0.4606733547787986,0.6312362122179744,0.7297955121429597,8613.054336296736,True
20,168,172,4,0.5339863635970283,0.7442335058029786,0.7174984187535234,9464.824404076391,True
20,168,173,5,0.6121300363368631,0.8488577486161036,0.721122045872611,10573.646296335053,True
20,169,172,3,0.3816746709631647,0.5318220264297552,0.7176736802825476,10217.20517069125,True
20,169,173,4,0.4597867464050794,0.6365762678653576,0.7222806906498264,11414.169877831677,True
20,170,173,3,0.2990779722451932,0.42747964238342784,0.6996309124281882,12518.213131273968,True
