# 3D point list with one line of data per point:
#   POINT3D_ID, X, Y, Z, R, G, B, ERROR, TRACK[] as (IMAGE_ID, POINT2D_IDX)
# Number of points: 1067, mean track length: 8.940955951265229
750 -6.0469284430502714 3.6109305951245338 62.057761750386646 8 8 8 0.37938978096801546 118 275 139 508 116 106 140 735
749 -4.4901053972271558 2.8874952788874237 55.495829307979008 8 8 8 0.18111116364457622 113 207 123 570
742 12.356324465660157 10.281180716542597 59.634906810146148 0 0 0 1.474756332296709 118 1208 120 1268 121 1065 139 1206 117 896 116 704 124 1109 124 1151 123 1208 118 1177 125 1251 126 1178 136 1086 127 1226 128 1228
740 -6.0846028306245259 3.6219492059528298 62.290097827051184 2 2 2 0.50407382191663441 114 95 139 509 116 107 118 276 121 341 122 315 140 736 113 42
738 13.949344316498772 14.545437289871421 24.593918049206035 0 0 0 1.2217240653443715 119 1342 121 1156 139 1225 136 1102 127 1247 128 1245 135 1044
737 10.525294297154092 15.023127063477167 21.697625026167525 6 6 6 0.61371383041793903 120 1323 121 1159 122 1231 139 1209 119 1344 118 1262 123 1286 124 1197 125 1273 138 1136 126 1201 137 1078 136 1105 127 1249 128 1248 135 1050
736 13.240311004174602 16.793342971124577 18.800768745042955 0 0 0 0.79949105196658488 121 1142 122 1215 139 1187 120 1308 123 1255 124 1186 140 1182 125 1230 138 1114 126 1161 137 1052 136 1059 127 1201 128 1198 135 1007
734 14.924887172267615 16.428793348466698 20.275060497605235 0 0 0 0.98083045753067388 119 1345 120 1307 121 1139 122 1212 139 1182 123 1275 124 1182 140 1180 125 1229 138 1111 126 1160 137 1049 136 1055 127 1200 128 1193 135 1005
733 18.543234800858581 15.265271508792758 22.582496558892323 236 236 236 1.0719814253367888 119 1343 139 1180 123 1274 124 1177 140 1193 125 1252 137 1073 136 1084 128 1225 135 1027
732 3.1812306155985701 3.3691566598677136 67.64253420449225 94 99 114 1.3028377738555774 116 688 118 1173 120 1227 122 1144 139 1178 123 1247 124 1105 125 1225 123 1206 138 1109 137 1074 141 1085
731 17.362260356656893 -8.6266736730402442 68.941629507275152 228 228 228 1.1736323347911424 116 678 121 1047 122 1129 139 1162 123 1238 124 1089 140 1136 125 1214 138 1100 126 1154 137 1042 141 1048 136 1075 127 1188 128 1218
730 -10.074325207270203 7.1529278982619395 45.533196042567575 0 0 0 0.15622172266238982 119 1159 120 1186 121 1016 122 1104 139 1134 123 1214 124 1116
725 31.982418537500269 -11.8744688025544 61.623418952950267 98 103 118 1.0206191283820505 115 582 117 857 118 1157 119 1188 139 1057 125 1118
724 -8.174760391760497 3.144701655585497 45.547772142819703 0 0 0 1.042007814498449 122 1049 139 1028 120 1113 123 1025
722 13.475190700812977 8.7038071175561029 56.625296127025571 120 126 144 1.4000907271230041 118 1134 119 1203 120 1181 121 1012 122 1096 139 1014 116 656 117 842 123 1156 124 1058 140 1109 125 1135 138 1025 126 1069 137 954 136 971 127 1152 128 1151 135 985
721 21.348685686643147 11.768211768451019 42.609579228230096 113 118 136 0.91084000612593663 117 898 118 1179 119 1250 120 1230 122 1098 139 1012 116 708 121 1064 121 1013 123 1155 124 1057 125 1134 138 1022 126 1068 137 953 136 969 127 1096 128 1101 135 925
718 -5.6002411485413752 3.4307521553893294 61.685102541004277 8 8 8 0.31885016550223688 117 664 119 973 120 917 121 780 122 991 139 947 123 1021 124 927 125 1093
717 43.785942421411335 17.746414714436131 38.507381910673651 108 114 131 0.48482016635389485 117 874 118 1142 119 1207 120 1114 121 959 122 1045 139 937 140 1001 125 1013 138 896 126 923 137 822 141 988 125 1081 126 1003 138 961 136 832 128 945 128 1033
716 43.777201061276557 17.742732726159659 38.501847551639727 108 114 131 0.48945713255284201 117 875 118 1143 119 1208 120 1115 121 960 122 1046 139 936 140 1000 125 1012 138 895 126 922 126 1002 138 962 137 821 141 987 136 831 128 944 128 1032
715 24.46483932886462 0.6912313553219801 69.210914976357159 59 62 72 1.2389001756076801 115 479 118 913 121 765 122 978 139 935 117 660 119 959 120 896 123 1012 127 1028 128 1034 135 861
714 18.650147293658783 -16.785265186750618 66.843737749948474 95 100 116 0.61394170016438399 111 343 139 900 123 978 125 985 138 876 126 903 137 869 141 892 136 891 127 1015
713 12.323631627199724 15.102603340117559 21.653550427183422 0 0 0 0.37025858101298964 118 1025 139 855 123 915 125 936 136 773 127 874
712 12.51485773520017 15.304947022518041 21.957514095297139 0 0 0 0.59469478215752325 117 810 118 1024 139 854 121 691 123 914 125 935 136 772 127 873 128 979 135 724
711 14.196851392516708 15.393952836625976 20.815789036963878 236 236 236 1.0600932583640847 119 1097 139 851 125 934 126 743 119 890 120 818 117 610 137 626 141 703 140 749 127 762 128 787
710 14.211532066336609 15.404279462746205 20.807231296085273 236 236 236 1.0458526106527875 119 1098 139 850 125 933 126 742 137 625 141 702 140 748 127 761 128 786
707 13.763149239441342 -0.47688972601103335 70.842980792009584 228 228 228 0.39346777399256677 116 444 120 780 139 833 123 898 137 721 127 960
703 -8.9823815396746696 6.0668000042381616 46.088491129286076 0 0 0 0.20091517280370697 122 792 139 752 123 920 124 710
701 11.711838091922566 15.574578836489174 21.426522777928422 236 236 236 0.42293916389726921 119 999 139 739 123 822 124 725 136 659 138 715 128 799
700 14.03804903275795 16.547762153294151 20.137663268560996 236 236 236 0.15613788593880554 121 693 139 738 122 831 123 820 126 754 128 793
699 14.03804903275795 16.547762153294151 20.137663268560996 236 236 236 0.15613788593880554 121 692 139 737 122 830 123 819 126 753 128 792
698 12.912061498612259 15.566404067196121 21.611055434340923 0 0 0 0.67816874358155099 120 946 139 731 121 792 118 1099 119 1169 120 1131 124 825 126 848 136 655 136 845 128 977 135 630
697 12.136688470119202 15.027425464302791 21.919958159195115 236 236 236 0.54808677191530963 117 680 139 729 118 861 140 763 124 528 138 710 137 631
696 13.365313137409606 15.366210921553277 21.384404303870962 236 236 236 0.9671114174847637 117 751 139 726 118 1029 119 1096 120 1045 118 1098 121 973 119 1168 120 1129 124 937 138 694 123 811 125 831 122 827 121 687 137 750 136 771 128 886 135 720
695 13.365313137409606 15.366210921553277 21.384404303870962 236 236 236 0.9671114174847637 117 750 139 725 118 1028 119 1095 120 1044 118 1097 121 972 119 1167 120 1128 123 810 122 826 121 686 124 936 125 830 138 693 137 749 136 770 128 885 135 721
694 12.384384626947629 14.911834874190118 23.24077898561228 236 236 236 0.33211757200345698 122 825 139 722 123 807 138 701 126 750 127 769
693 12.384384626947629 14.911834874190118 23.24077898561228 236 236 236 0.33211757200345698 122 824 139 721 123 806 138 700 126 749 127 768
692 15.95391054785143 15.436944038430537 21.484754415033468 236 236 236 0.29371561373640387 117 746 119 994 139 714 123 800 138 685 136 643 127 750 128 776
691 15.898746764339238 15.518567255001161 22.464265791552499 236 236 236 0.42851908806745004 122 815 139 713 125 822 120 945 138 688 123 799 136 646 128 778
686 -10.307326435685329 7.9460050115879266 45.698970260830407 166 166 166 0.24269825718422799 122 598 139 523 121 360 123 595
685 -3.0662601389388966 10.760529198069063 53.989041142703812 8 8 8 1.4310668432128997 120 211 139 519 123 351
682 46.874468541275057 27.488681994622631 23.343095058334079 75 79 92 0.55217715540910406 119 997 120 943 121 676 139 492 124 514 125 799 137 610 136 275 128 749
681 46.492492797692009 27.285501520930893 23.159438314598049 75 79 92 0.5267702654953379 119 996 139 491 124 513 125 798 137 609 136 274 128 748
680 7.4308201820919217 -2.4231573141332179 69.111839550252313 8 8 8 1.257193257692381 113 32 139 470 123 287 114 51 140 275 138 456 117 308 127 739
678 69.215372146782286 -40.375095017142712 106.5751746334591 158 158 158 1.6937375579732581 114 447 115 415 117 501 120 482 122 402 139 381 118 549 119 522 123 428 124 372 122 407 140 547 125 475 138 529 141 462 128 825
677 13.73620548253691 17.813027019376101 18.913104119543249 0 0 0 0.58927538949064595 120 831 121 698 139 332 122 834 123 354
676 15.052577959790934 16.528703343874064 22.432401970877702 0 0 0 2.4173219039456355 119 740 122 359 139 324 123 350 137 455
658 15.65403838430478 13.405991003706424 28.122593879846132 236 236 236 0.9464328054613248 116 665 122 1051
654 14.028872738604624 15.678880030976856 20.757903142222922 0 0 0 0.80000498543587151 118 945 122 917 138 481 126 847 135 490 125 606
626 37.292730066583573 -5.4459622502427445 52.525055261580434 99 104 120 0.25677264818445833 115 558 116 598 117 714 118 981 119 1042 120 1006 121 746 122 877 139 808 123 876 124 791 140 920 125 988 125 989 138 780 126 904 137 796 136 804 127 928 127 929 128 924 135 762
625 12.697474356147534 15.338888163342489 21.247153227451307 0 0 0 0.89808130148316356 117 687 121 793 120 947 118 866 118 1100 119 1170 120 1132 139 732 124 826 126 849 136 654 136 846 128 978 135 629
588 12.236680808945477 14.94903939478413 22.602273239557267 236 236 236 0.31603619295219032 117 907 118 1187 119 1260 121 1074 120 1242 122 1157 139 1086 123 1168 124 1111 140 1110 125 1142 138 1027 126 1074 137 958 136 978 127 1105 128 1108 135 934
587 -5.7014572195445803 2.3381819764823946 52.118023656447477 231 231 231 1.2521120639656742 116 651 117 839 118 1133 119 1246 121 1063 119 1201 120 1178 122 1148 139 1129 123 1209 124 1110 125 1228 138 1075
574 25.058295646509979 -0.24337952963358767 69.798551798876645 0 0 0 1.926675950480635 111 329 113 463
568 15.014529795644178 12.674060579596084 27.030407803708616 236 236 236 0.48176577483218991 115 463 119 871 121 670 120 934 118 935 122 787 124 695 140 855 136 633 127 743 135 621
566 16.795655006915997 -9.5011901797546621 68.507102288626243 228 228 228 0.30097849782036501 115 366 121 589 120 733 122 693 123 698 124 620 114 344 115 294
554 -5.2027275212837303 2.5313193313095605 18.374863855904991 0 0 0 0.22139280303805381 111 165 115 258
553 -5.5362122218631837 3.1914304216561193 49.98393266125337 8 8 8 0.72618672741309553 114 99 121 346 124 517 118 486 140 742
540 0.82341465502636502 -0.022727126523989321 0.58052589779179065 66 70 81 0.2572707271584701 118 725 119 529
539 0.86282578423775136 -0.031153962724274231 0.59317850176352516 73 77 89 0.17488984698066984 118 556 119 357
538 6.1633878337799821 -1.0977616139923594 72.280914443937661 8 8 8 1.2254332296711166 115 307 113 285 114 349 111 319 119 681 113 152 114 54 116 223 117 87 118 472 121 472 120 577 122 515 139 686 140 468 125 797 138 671 126 838 137 731 141 774
537 -4.7265841925098062 3.1115428898893365 63.44201590985341 8 8 8 0.51534420748352772 113 203 116 98 119 474 115 109 117 163 121 337 120 393 114 228 122 312 139 706
536 6.5014752570011725 -1.6098534726219145 71.279875917904576 9 9 9 1.0944736786716116 113 35 111 14 119 193 113 34 114 52 121 117 120 148 122 88 137 298
534 3.4754450030396149 7.0845250202957981 66.201211954032914 0 0 0 1.262583840346176 111 445 113 598
533 66.498983793188785 5.941756754548603 85.898529921716573 106 111 128 0.49419260026157463 114 603 115 598 116 647 117 831 118 1060 119 1134 121 944 120 1094 122 974 139 914 123 992 123 1078 124 898 124 989 140 984 125 1066 138 949 126 988 137 875 141 907 136 899 127 1020 128 1027 135 853
532 0.25546140258055389 0.041889804388454327 0.47264123423053339 59 62 72 0.1577410189468616 118 1063 119 1126
528 63.922237553028673 8.6368546863592144 84.977349017543347 117 123 140 0.53803633102758386 114 557 116 563 117 728 118 914 119 960 118 995 121 764 120 897 122 891 139 821 123 889 124 642 140 829 125 912 138 625 138 792 126 825 137 812 141 757 136 743 127 836 128 861 135 779
524 -7.8734791754523883 3.6134708891819329 20.295052904941596 8 8 8 0.1018758589558133 111 157 119 723
523 -6.6566764899736617 3.1106909753151744 17.836655632999477 8 8 8 0.43637778085912537 113 303 119 722
522 -10.252667317516318 7.5582048919592442 45.332246739216572 0 0 0 0.16852778156970921 115 327 119 718
521 -10.252667317516318 7.5582048919592442 45.332246739216572 0 0 0 0.16852778156970921 115 326 119 717
520 -8.050877840158801 7.7736522610600085 47.13386502279721 166 166 166 0.16051576213648663 111 148 119 716 122 800
519 -8.050877840158801 7.7736522610600085 47.13386502279721 166 166 166 0.16051576213648663 111 147 119 715 122 799
518 46.258597663502044 4.0524582109773606 62.620969737750293 59 62 72 1.3514322496658526 114 473 119 666 115 483 139 239 124 432 125 319 141 551 136 590
517 12.102437107904493 -1.4569318160553464 72.14060874714302 231 231 231 1.0803173789856106 111 63 119 462 139 463 138 451 125 145 126 718 137 291 141 387 136 287 127 188 128 208 128 570
516 7.2429693730938949 -2.5510761294585986 47.26963924240885 8 8 8 1.6197066727123799 114 193 119 454
514 18.86907587313318 -4.6535824654864877 65.300473072490888 228 228 228 0.47789369268806881 113 281 119 447 140 655 125 760 126 685 123 726 141 572 135 605
512 22.966440694469792 -17.798356644736987 70.882623168199672 231 231 231 0.37756452329504236 115 278 119 401 121 242
511 -1.3302288939303215 0.98175840115050095 14.114225723783184 8 8 8 0.57366764106979296 113 302 119 240
510 -0.28773993544208509 0.66374379362702718 19.588508862840712 8 8 8 0.35702135232541654 113 236 119 225
509 0.98079112822465797 0.33980661766409648 31.027532330058882 8 8 8 0.048133535795558971 115 95 119 205
508 56.676707295468503 6.4492561175448255 77.447421917219216 84 88 102 0.50954788934053741 114 364 119 192 115 397 118 796
507 3.1987287250097594 -1.0046526652408232 24.667443335239398 9 9 9 0.54151711861954577 116 54 119 190
506 3.1987287250097594 -1.0046526652408232 24.667443335239398 9 9 9 0.54151711861954577 116 53 119 189
505 3.1607794970259042 -1.0271406252341555 22.539844435594617 8 8 8 0.3750284644845106 116 47 119 183
504 7.6207747798690546 -2.5755848599989131 66.968629379979575 0 0 0 0.36305630875586015 114 49 116 48
503 59.013125416944071 0.80222766092226072 76.727332423809557 59 62 72 0.1504773265517873 113 428 119 170 115 383 140 227
501 53.685836263902871 2.5720306876026164 70.766757153980578 63 66 76 2.0967176256040081 114 615 115 617 118 1168 121 1000 120 1168 123 1145 141 905 140 925 135 773 120 1019 122 968
499 -11.763187207053697 7.3240837693158038 44.369979081967287 0 0 0 1.1691205104764983 114 558 118 1139 119 1213 121 1073 124 1159
498 -8.2306914742946056 3.2436703418363528 45.718284776508092 0 0 0 0.6831838207054004 115 534 118 1073 120 1112 122 1048
497 39.172617341499354 -8.3946825528721529 54.536064742090836 99 104 119 0.48920197820395428 114 590 115 585 116 641 118 1047 121 833 120 1074 122 953 139 899 123 977 140 975 125 979 138 871 126 896 137 865 141 891 136 881 127 1010 138 941 128 1016
496 49.577516712591617 3.0937103097201977 67.446964905811996 106 111 127 0.47838040919892882 114 581 115 565 116 614 118 993 119 1059 117 781 120 1022 139 912 124 804 128 937
495 -15.783662077904021 13.9230679227233 44.848754695667147 118 124 142 0.41425899496216723 113 378 118 938 119 1093 120 1048
494 -8.5423731072388343 0.85274586248323481 47.305307671645458 166 166 166 0.1001176617683652 114 427 118 922
493 47.510137311681852 6.2191510720011829 66.93747959627828 59 62 72 1.9706603063926464 114 475 115 451 118 799 139 450 123 504 124 439 124 440 123 505 140 420 140 423 125 525 126 495 137 410 138 246 141 567
490 -8.6581747729661664 3.9164768571785089 20.471641584447472 8 8 8 0.024124718584837751 111 162 118 691
489 -8.6581747729661664 3.9164768571785089 20.471641584447472 8 8 8 0.024124718584837751 111 161 118 690
488 14.631323257977833 -4.0388642157493093 68.449604955130511 228 228 228 1.8133215315280731 113 335 118 657 119 646 119 651 139 825 125 923 121 620
487 59.25654034058477 -0.075139677275630409 77.848187760110733 87 92 106 1.9859151904761829 113 425 114 354 115 382 116 360 118 656 119 641 125 720 118 777 119 816 122 700 138 589 126 815 137 805 136 208 136 816 127 509 127 938 119 1055 139 812 136 896 128 324 128 932 128 1022 136 897 135 441 135 846
486 16.110414627326129 -6.7513798108511489 70.753039601413548 228 228 228 1.0158258919572345 115 370 118 650 119 637 121 608 122 887 139 820 140 831
484 37.033239335082513 -8.5189222137473646 52.995491130924648 231 231 231 0.61215257898214348 114 414 115 194 118 441 119 426
483 32.079128776999021 11.450456928914273 54.594377553584984 59 62 72 0.93060993098108846 115 259 118 284 119 236 121 123 139 292 140 466 117 479 138 453 137 279
482 -3.8368542108457131 2.5561198635638003 50.6575763108874 8 8 8 0.096698712013009475 114 232 118 270
481 -4.2405002229065385 2.7339842211596248 52.62877971649128 8 8 8 1.5639615828079858 114 233 118 269 123 569
480 4.1816176300065084 1.105946459740053 70.513531585401523 8 8 8 1.5054769161503554 111 88 118 232 122 90 139 97 139 311 123 93 123 97 124 78 124 79 140 287 126 380 126 525 137 446 141 415
479 26.576652804888667 -2.9421461622314657 66.460544062015146 69 73 85 0.81165043241487345 115 304 116 42 118 195 121 105 124 67 126 494 127 525 128 548
478 24.973936105274493 -1.1448176044913307 62.482317032797866 110 116 133 0.88868529485823333 115 594 117 865 118 1167 119 1241 121 1002 120 1169 122 1135 139 1118 123 1194 124 1095 140 1096 125 1170 138 1058 126 1101 137 996 128 1183 135 999
477 19.911531031093212 -16.554939024387906 66.584633436806627 94 99 114 0.99950286372190611 115 580 116 672 117 856 118 1115 119 1187 121 1040 120 1158 122 1125 139 1112 123 1191 124 1086 138 1093 126 1146 127 1217
476 25.293102662320496 -0.80358255268540246 70.113304768203491 59 62 72 1.0082438409210972 115 563 117 829 118 1127 119 1196 121 1004 120 1171
475 33.661509595624274 12.935375462847045 58.315364452087621 59 62 72 0.81784581562586944 115 492 117 734 118 1003 139 834
473 60.32401983311874 9.8587627329723819 83.189759442926231 92 97 112 0.44396450215667471 114 440 115 453 116 525 117 576 118 802 121 466 120 782 122 496 139 656 123 743 124 648 140 663 125 529 138 632 126 683 137 582 141 569 136 599 127 711 128 730 135 696
472 60.941482903220745 9.2652079921082606 80.681360424047654 60 64 74 0.47017409583094255 113 476 114 479 115 452 116 460 117 573 118 674 119 688 120 571 122 493 139 249 123 506 140 422 125 526 138 422 137 409 141 212 136 429 127 521 128 726
471 61.076784918977175 8.6828342343484533 85.628751257630711 84 89 102 0.87107669195605075 114 474 117 568 139 451 121 283 119 196 123 76
470 64.883390875018335 -24.538553466692591 106.60121580004815 101 101 101 0.59716629693162904 111 176 113 267 114 270 117 50 119 145 122 216 139 412 124 42 138 378 128 489 135 406
469 -27.016509420310381 16.346491000418258 33.670284189401826 231 231 231 1.209956538559309 114 312 111 170 117 609 115 499 114 485 116 538
467 25.996375131373082 -4.8851697857220282 58.453676739040056 112 118 135 0.89665601656905902 113 606 117 916 119 1282 121 1086 122 1174 139 1159 124 1133
466 -20.654840496489108 -3.4369389389968514 36.537635336640378 59 62 72 1.132339314269911 115 610 117 893 118 1206 119 1307
465 49.236798246072823 0.88968048729794391 67.566482353591795 73 77 89 1.9819063791184774 113 597 114 601 115 596 116 645 117 827 118 1124
462 42.94549842324605 5.4956233937992653 62.355772899820835 117 123 140 0.46681396006909137 114 582 115 571 116 652 117 783 118 1064 122 976 121 864 139 918 123 997 124 904 140 989 125 1001 125 1071 121 947 122 1039 126 916 141 913 136 908 127 1025 128 1031 135 857
460 49.737991826626484 3.0971566437976499 67.647028020394572 106 111 128 0.30252828092684819 113 567 117 724 114 554
459 31.222413149029464 6.8957264672472043 52.445430880516859 109 114 131 0.74738375817837499 115 487 116 526 117 666 119 966 121 634 120 783 122 752 123 758 124 663 140 680 125 774 138 647 126 699 141 770 136 749 127 846 128 869 135 701
456 -13.879040128745229 16.249914199894349 41.809965454939508 231 231 231 0.72305970632376115 115 498 116 485 117 600 118 849 119 889 121 797 120 830
455 -8.950170457578114 6.0058490499356489 46.336369558010645 0 0 0 0.18350387125309586 111 219 117 590 120 928
454 -8.950170457578114 6.0058490499356489 46.336369558010645 0 0 0 0.18350387125309586 111 218 117 589 120 927
453 37.201650915129896 2.2898334886314995 56.991525115512644 92 97 111 0.69780036532106038 114 430 117 554 118 788 119 661 121 458 120 561 139 445 119 829 123 500 124 434 140 635 125 522 138 419 126 667 138 613 137 574 141 753 127 693 123 716 139 628 128 715 135 590
452 -31.16709224877118 13.136685461077438 33.177823350609266 231 231 231 0.30016000521117081 113 257 117 487
451 25.834568957029948 1.6553173585015295 71.088386369911163 231 231 231 1.836556444100033 115 314 116 447 117 463 118 474 121 767 120 143 122 896 123 893 124 443 139 267 140 835 125 128 138 441 137 597 126 706 138 648 136 618 127 726 128 744 135 609
450 23.776474489365 -7.345510593093449 61.570840750785862 109 115 132 0.64913204703256056 111 279 114 417 115 369 117 452 118 637 121 272 120 730 121 583 139 608 125 722 137 701 141 840 136 212 127 943 128 852 135 694
449 24.659734530695591 -10.715488592797387 60.909999539247856 65 69 79 0.45313922805325896 114 409 115 359 117 439 118 446 119 598 121 434 122 460 138 407
448 24.659734530695591 -10.715488592797387 60.909999539247856 65 69 79 0.45313922805325896 114 408 115 358 117 438 118 445 119 597 121 433 122 459 138 406
447 24.672552918937612 -11.255478005465182 61.106985060406693 66 69 80 1.9532569875861008 114 404 115 357 117 425 118 617 121 430 117 434 138 405 125 512 126 630 136 559
446 24.672552918937612 -11.255478005465182 61.106985060406693 66 69 80 1.9532569875861008 114 403 115 356 117 424 118 616 121 429 117 433 138 404 125 511 126 629 136 558
445 -16.820588085748007 7.4756319108948093 43.546014514976484 8 8 8 0.10936133342323107 113 230 117 341 119 721
444 40.022899710474597 3.4335609621349823 59.842225166970856 59 62 72 1.2774653984545843 113 87 117 314 111 118 121 106 123 71 140 72 127 339
442 16.623038148275903 -5.8601230379167202 67.347581091639398 228 228 228 0.54444039952038514 111 190 117 303 118 652 122 711 139 639 123 725 140 654 125 763 141 571 127 844
441 16.623038148275903 -5.8601230379167202 67.347581091639398 228 228 228 0.54444039952038514 111 189 117 302 118 651 122 710 139 638 123 724 140 653 125 762 141 570 127 845
440 18.117144640635264 -15.67516940181811 68.646459586897194 231 231 231 0.48665859925613292 113 318 114 271 117 270 122 246 126 626 136 564 127 658
439 -6.0509180494116972 10.456428448630318 48.967890936096239 166 166 166 0.13058821039998422 115 136 117 180
438 -4.4024604370672096 2.8264878159834095 54.386233062671643 8 8 8 0.050891629813419575 114 94 117 168
437 -5.07601016655269 3.2419257243124564 63.366017942527598 8 8 8 0.33051202390850587 113 206 114 231 117 166 115 222 121 340 120 398 122 559
434 21.783027751574814 3.5038619585441113 66.340396368915336 0 0 0 0.73075616730821513 115 113 116 240 117 123 120 357 122 289 124 455 113 295 140 267 138 284 126 349 137 278 136 282
433 7.1570489911355262 -2.4942900757368087 58.213180442496075 8 8 8 0.60234020478079919 115 48 120 352
432 37.300046939991525 2.0745248546369557 57.453029220399912 92 97 111 1.4918650983387451 115 447 113 465 111 334 114 429 116 448
431 34.581076984412391 8.7288373927613314 59.885690087367593 109 114 131 1.517421873708974 113 585 114 606 111 461
430 -29.170550498432878 16.539825328794915 34.204884223267136 231 231 231 1.9079685005039844 113 603 111 438
429 -29.170550498432878 16.539825328794915 34.204884223267136 231 231 231 1.9079685005039844 113 602 111 437
428 35.398508050026244 2.1239243846717675 55.18894105919432 59 62 72 1.9074505280074545 114 515 111 427 118 662 119 664 140 417 138 238 122 269 124 220 126 285 126 292 141 344 141 758 136 224 127 519 128 533 127 516 137 404 118 660 125 324
427 23.698234223690328 -7.2432396218651398 62.543868719367708 109 114 131 1.0583838979707272 115 513 111 393 120 1084 111 413 122 1083 139 993 137 939 141 901 127 1080
426 -33.077885852610734 0.82351792008127345 28.954057027942191 59 62 72 0.72580708205622302 113 495 111 392
425 36.06080066864903 -3.8432284163554682 52.174081384319337 59 62 72 1.8168587391547211 113 460 114 422 111 365 118 449 140 214 119 434 117 292 120 335 125 103 118 454 138 73 126 75 126 269 117 289 137 55 137 57 141 185 136 46 127 81 127 330 128 100 128 103
424 17.609986591119874 -3.9827603325363694 65.255579766264702 0 0 0 0.5598535331865756 114 419 111 318 118 776 119 948 121 613 120 763 122 720 139 650 121 455 123 740 124 637 140 667 125 1005 138 633 126 834 137 589 141 764 136 750 128 948 135 793
423 17.609986591119874 -3.9827603325363694 65.255579766264702 0 0 0 0.5598535331865756 114 418 111 317 118 775 119 949 121 614 120 764 122 721 139 651 121 456 123 741 124 638 140 668 125 1006 138 634 126 835 137 590 141 765 136 751 128 949 135 794
422 -17.798392769962245 -2.7584693099806259 41.294943125692136 59 62 72 0.17333667711973638 113 455 111 315
421 -14.273363869944623 15.567513275526826 42.137083820798757 231 231 231 1.0602837877351698 113 477 111 302
420 36.555629433567553 5.2037800656480213 57.947215990551605 84 89 102 1.49912563247661 114 249 121 113 116 255 120 353
419 16.204475859430676 -3.3502309882353574 15.59339673408441 96 101 116 1.1615451651489339 115 15 111 299
418 20.940505421075851 2.5951313954518578 63.861036946799018 98 103 119 0.084290362516514727 114 428 111 295
417 3.1844636955023193 2.1686462530832831 66.433235367205057 117 123 141 0.044229572992903907 113 415 111 291
415 16.990838591578878 -4.5266306133945466 67.15638911149334 0 0 0 0.94082857682200793 116 517 111 284 118 906 121 612 120 759 122 719 139 649 123 739 124 636 140 666 125 766 138 636 126 996 137 819 137 883 141 581 141 846 136 615 127 848 127 1027 128 951 135 796 135 859
414 16.986003367916211 -4.5205938974551723 67.116751056236339 0 0 0 0.93332029170552455 116 516 111 283 118 905 121 611 120 758 122 718 139 648 123 738 124 635 140 665 125 765 138 635 126 995 137 818 137 882 141 580 141 845 136 614 127 847 127 1026 128 950 135 858
413 20.965068099027341 -6.946848001739232 63.491265396197242 228 228 228 0.42828738234300739 116 435 111 281 124 622 118 765 120 738 123 700 139 613 117 646 122 697 119 807
412 21.02679843707919 -6.9583910817806069 63.656014605749846 228 228 228 0.59857952683276316 116 434 111 280 124 621 118 764 120 737 122 696 117 645 123 699 139 612 125 732 140 620 138 601 141 543 136 822
411 23.824688098134796 -10.244021406668224 59.564912460806568 97 102 118 0.0045154583772768746 113 325 111 278
410 31.780946350647927 -11.982119981434474 59.724369466567232 59 62 72 0.69802334987238468 114 335 111 276 141 316 124 49 136 200
409 -14.311915849224578 -9.6087590308637019 38.893871799833221 231 231 231 0.16580033321579465 114 401 111 263
408 -14.563336333962647 12.40642928118155 43.302554670018289 231 231 231 0.99008842966288446 114 260 111 248
407 -5.7063670080415818 16.615615270508513 68.863653495359614 8 8 8 0.21515338393233341 113 255 111 244
406 -27.459172002971194 11.726912420488279 32.449291110546483 231 231 231 0.43785189742365982 114 311 111 243
404 -4.5853727516381371 8.8919759920605834 51.520093925178166 231 231 231 0.89567482911414809 113 363 111 234
403 -9.9250407933790878 8.3860310131617588 45.382073687155078 165 165 165 0.041254950411000642 114 374 111 231
402 -9.9250407933790878 8.3860310131617588 45.382073687155078 165 165 165 0.041254950411000642 114 373 111 230
401 21.702868516307205 4.17003467547271 62.924957668358957 0 0 0 0.36187274962145566 114 361 111 229
400 21.822660480810427 4.2476707351240011 63.565092587638006 0 0 0 0.45062599688930521 114 360 111 228 139 468 126 711 136 625 126 512
399 9.9435294422179599 -3.7865389400274081 11.514991309961095 165 165 165 0.70840411196665753 113 126 111 208
398 14.512222723231622 -2.2203600237400183 68.738719801353341 0 0 0 0.67074495975200776 113 339 111 202 118 784 121 625 122 737 138 659 137 602 136 624 127 954 128 873
397 14.482640973588117 -2.2039627290604531 68.637414846138327 0 0 0 0.57778860353077655 113 338 111 201 118 783 121 624 139 668 123 756 124 655 122 736 140 681 125 779 138 658 118 208 137 601 141 603 113 286 136 623 127 953 128 872
396 16.304166193956739 -7.1501322109671328 67.881485474120794 0 0 0 0.52414836435143897 113 331 111 186 120 744 139 632 123 712
395 16.278445227002173 -7.1634948902019557 67.686278578730693 0 0 0 0.47539177677309191 113 330 111 185 123 711
394 15.748269494353304 -7.0687011394244132 68.263234214254737 228 228 228 0.72016205376157894 115 296 111 184 118 646 119 636 120 747 141 761
393 27.448928100573813 -9.5148968224004964 57.907481885743735 59 62 72 0.56075934568663555 115 24 111 181 118 186
391 -5.2027275212837303 2.5313193313095605 18.374863855904991 8 8 8 0.22139280303805381 115 257 111 164
390 6.7025956961610049 -2.1404717729319009 14.591901005576924 8 8 8 0.75344380448645665 113 218 111 144
389 -16.567871004995393 7.3623632967136103 42.812151616876505 8 8 8 0.11089956447602009 115 329 111 136
388 -16.567871004995393 7.3623632967136103 42.812151616876505 8 8 8 0.11089956447602009 115 328 111 135
387 -5.2952087248007169 3.6266253043405512 60.304950231851969 231 231 231 0.60162380844119112 113 292 111 134 139 322
386 19.007234222158104 -15.76222344791039 66.801382183027513 231 231 231 0.70534015595901278 113 262 111 123 114 145
383 -10.433206221873162 7.9950585284495004 45.229675527721085 0 0 0 0.51460350100169494 114 306 111 109 121 502
382 -10.433206221873162 7.9950585284495004 45.229675527721085 0 0 0 0.51460350100169494 114 305 111 108 121 501
381 4.7741982985725482 -0.12608196815591963 70.069176721081305 231 231 231 1.1866784227698264 114 288 111 71 139 299 123 302 124 470 138 310 141 404
380 9.5210164627837575 -3.4709444999012766 53.734004745101998 8 8 8 0.92278248974786004 114 188 111 57
379 9.5210164627837575 -3.4709444999012766 53.734004745101998 8 8 8 0.92278248974786004 114 187 111 56
378 12.259837076996387 -4.3723701788535019 71.639936992717878 231 231 231 0.75000036015810134 114 186 111 50 118 196 119 173 124 72 140 75 125 776 126 341 141 66 128 564 137 429
377 12.222257556043486 -4.6967459018999049 71.125382315887393 8 8 8 0.9718197267797648 114 28 111 47 113 15 122 84 113 17 139 81 124 71 140 252 141 225
376 -11.065429668728083 5.2463833329255296 44.982101999805352 0 0 0 0.24455038826789885 113 67 111 25
375 -11.065429668728083 5.2463833329255296 44.982101999805352 0 0 0 0.24455038826789885 113 66 111 24
374 13.242507856062518 -0.34263577789622046 69.72759252199107 228 228 228 0.449734150289685 113 39 111 20 128 207 135 618
373 7.0411577734600108 -1.3223054326946877 72.136863190341984 8 8 8 0.26283453406227075 115 53 111 15 121 118 139 87 125 388 138 296 126 370 137 297 141 233 136 451 127 550
371 7.0759772877159728 -2.0722666389460533 71.143368727911053 8 8 8 0.9914973750155246 115 52 111 13 121 116 114 196 120 147 122 284 139 289 124 252
1480 21.507042487525126 4.1208646635829025 64.570392220512332 105 111 127 0.57447163481705732 115 389 113 427 114 359 111 224 122 513 139 683 123 768 124 456 140 696 125 788 138 663 126 712 137 604 141 613 136 628 127 853 128 874 135 615 114 297 138 449
370 7.0759772877159728 -2.0722666389460533 71.143368727911053 8 8 8 0.99149737501552448 115 51 111 12 121 115 120 146 122 283 114 195 139 288 124 251
369 9.70758360005639 -3.575571446114155 53.510014709041101 8 8 8 0.80648562308479321 114 37 111 10
367 -28.371679097826306 20.099180418988762 34.945342105860213 231 231 231 2.2072451025792006 115 465 116 579
1476 18.454242818454677 11.396746603010536 39.278073108773981 118 124 142 1.6930495257553735 127 549 138 469 135 476 120 924
366 -17.210202933134127 12.351027187505267 39.843843074980143 59 63 73 0.88209406383928346 115 649 116 738 117 939 118 1261
362 -9.2717380893886681 2.0042939356394411 46.389183020279127 166 166 166 0.66980131005797561 113 608 116 717 111 453 117 920 118 1227 119 1340 121 1153 120 1320
1471 57.196534646321751 12.560030984121518 24.521397844256452 112 118 135 1.1092481542893187 120 903 124 623 140 613 126 634 141 748 127 650 128 665 135 761 141 903 127 934
357 -12.281792088568112 11.734814913742557 44.335663165891532 59 62 72 1.5091549447573773 113 512 116 662 111 405 117 802 118 1183 119 1257 119 1295 121 1076 121 1109 120 1240
1466 15.958387738225218 15.530524147940884 21.593642930234829 236 236 236 0.1927448914370446 117 808 135 712
355 -29.89690642399891 1.7199576235824996 31.698363540367769 59 62 72 0.46377017815134602 115 570 116 654
1464 11.693719928711126 14.775685236111688 22.431193947355183 236 236 236 0.47877755820425949 119 886 120 817 123 814 125 844 135 631 122 828 126 755 138 713 139 727
352 23.805661057978899 -3.4091327590958334 64.23473259629391 59 62 72 0.74855752457754499 116 608 121 859 141 971
1461 49.355612372909121 20.409378171822997 30.370877241529779 228 228 228 0.1842127849388791 127 719 138 651 139 681 140 699 135 601
351 -6.9953104184248298 -1.5481734031002725 14.15215282511004 59 62 72 0.19280497927074208 114 508 116 605
1460 3.0945680128119046 2.6402930191295719 -0.40153293920978333 10 16 14 0.18521812665845155 123 1097 135 563
349 29.508581154757298 -12.521150735539903 63.832528287939176 231 231 231 0.91448269611410471 114 529 116 592 117 764
347 -10.435433777443041 18.231621230001981 38.20990749418408 231 231 231 0.32894433623467823 115 543 116 574 117 742 118 1022 120 1137
345 3.6080260167237834 4.277934210215987 67.94145198818488 94 99 114 1.5381399225690378 114 514 116 562 117 730 118 1066 116 618 119 1138 121 956 125 1136 123 1103 114 468
343 -11.282923888102701 6.3969292996688072 44.582071148578358 166 166 166 0.69803936976870751 113 430 114 368 116 530 119 986 120 1041
1452 58.895343445048113 5.7360936188772316 79.56921127591896 96 101 115 0.46976702357689004 114 362 135 304
342 -11.282923888102701 6.3969292996688072 44.582071148578358 166 166 166 0.69803936976870751 113 429 114 367 116 529 119 985 120 1040
337 19.726521267210533 -17.873449201892331 67.838662810611282 231 231 231 0.76342094389318038 113 483 116 499 117 699 119 925 121 729 139 979 116 584 121 918 123 974 124 881 138 939 126 976 136 888
336 -31.338687460428346 12.652726606927509 33.13115272010986 231 231 231 0.71504948180385064 114 388 116 486 111 117 117 486
1445 13.254366198551189 -8.7565351476682931 36.960982827592034 231 231 231 2.5350206544465417 119 404 128 502
335 -13.879040128745229 16.249914199894349 41.809965454939508 231 231 231 0.72305970632376115 115 497 116 484 117 599 118 848 119 888 121 796 120 829
1444 30.921606336252264 8.2291849347074759 52.065570949830899 59 62 72 1.5650366437996441 117 328 118 274 119 467 125 130 126 131 127 176 139 276 128 384 136 444 138 280 126 506 127 542 137 428
334 16.133453337002425 10.553044703284728 31.686320675022294 0 0 0 0.90833949188587448 114 568 115 496 116 481 117 596 119 867 124 307 140 720 125 403 126 726 137 616 141 657 141 928 140 292
1443 14.021982421740047 15.814332928982859 21.262182390652061 236 236 236 0.84101547372087981 118 1031 122 915 136 769 128 791 120 820 121 690 123 813 124 718 140 760 126 746 127 764 136 306
333 -11.318197198942732 10.009670849319262 44.597174539074182 0 0 0 0.025435354763810369 113 371 116 479
331 39.67704793336506 2.9740056678944442 58.938342471737393 96 101 116 0.33699537566101417 114 432 116 450 117 464 118 664 119 665 121 277 120 562 122 486 139 446 123 501 124 435 140 414 125 325 138 420 126 287 137 405 141 345 136 591 127 517 128 534 135 591
327 26.028710221308696 -3.934313877512948 64.003987486500122 72 76 87 0.94776328567449553 116 438 117 458 117 543 118 655 121 754 120 544 120 749 139 817 124 801 140 629 137 406 141 552 136 745 127 707 135 784
1436 19.422212982677422 15.368009167815671 22.533074598118635 236 236 236 0.23500565344966204 140 1013 128 964
320 -27.822542279701775 11.566599932065991 32.588828227711645 8 8 8 0.16021074013629102 115 340 116 394 111 156
1429 -0.99428268682439458 0.57016061404476615 0.77549793437720305 228 228 228 0.072218911949338521 124 526 128 723
319 -27.822542279701775 11.566599932065991 32.588828227711645 8 8 8 0.16021074013629102 115 339 116 393 111 155
1428 -1.3881614857348628 1.1137158584176239 -0.78770180693982383 0 0 0 0.016555282033693275 137 453 128 574
318 -8.4206899862031666 0.72710984723740746 47.079507249858622 166 166 166 0.21672610535585585 115 316 116 372 117 570 119 846
1427 -1.3881614857348588 1.1137158584176274 -0.78770180693981773 0 0 0 0.016555282033649085 137 454 128 573
316 39.970201397776371 2.5654806188761587 59.213601788164667 67 71 82 0.99288355496092073 113 297 116 369 111 335 137 227 128 157
315 5.3607457907774378 0.86990953047553055 78.525049163689403 231 231 231 1.5936896033401518 114 290 116 367 117 315 116 226 118 478 116 66 119 466 121 297 120 161 122 295 139 309 124 266 125 154 138 468 126 379 126 728 137 443
1424 21.151085167726027 13.731134718434182 15.921699212775545 94 99 114 2.0089862634936502 119 993 120 809 136 285 128 401
312 34.000243922458722 -11.724912258664947 60.301935038894534 231 231 231 1.2111900738157173 114 406 116 316 119 418 117 279 121 256 115 289 120 100 122 234 139 213 123 210 124 192 125 287 138 211 126 250 137 198 141 511 135 419
309 -11.336517279594823 10.070734325938156 44.544971412316777 0 0 0 0.29502449096475436 114 309 116 286 111 152 118 840 119 730
1418 63.980302315465394 25.866286916725603 11.237240658812119 0 0 0 0.021595557207544237 124 458 140 253 123 261
308 -11.336517279594823 10.070734325938156 44.544971412316777 0 0 0 0.29502449096475436 114 308 116 285 111 151 118 839 119 729
1417 67.61329427112419 8.0568204054191774 87.0614371128475 59 62 72 1.0615378093368515 115 322 128 158 116 254 117 319
307 -5.9719475558341166 9.8373765251758805 49.055157726657519 59 62 72 0.25389056270549981 114 307 116 280 117 340 118 505
306 -5.6774677514222116 4.3533357973430915 63.188327790470311 8 8 8 0.35366176176500236 114 294 116 258
301 39.609540853564752 0.53525284917588312 57.769559368327506 78 82 95 0.90972685879607773 113 359 116 221 111 237 114 234 115 215 117 306 119 172 141 205 136 75 128 130 135 103
1410 10.79750110909545 14.041393283239529 3.2525655277944949 236 236 236 2.4877973459517126 125 867 127 568
300 -16.716596276225761 -7.6626089596940332 38.840081836613763 102 108 124 0.88694815368272173 115 14 116 205 118 640 120 762
292 -30.531424476812663 18.18993496680773 34.514885314826557 231 231 231 0.24386304450250054 114 263 116 127 111 40
1401 37.752071531722024 33.739218358846351 9.7839637095607426 5 5 5 1.9735733429925215 140 866 141 790 127 867
290 -5.3970635063852717 3.1593764212624733 50.563625825054565 8 8 8 0.43105821380188691 115 119 116 113 119 481 121 345 120 402 122 576 125 826
1399 23.270399378355453 2.9632720016870029 67.624449726542352 59 62 72 0.22086959275644102 140 690 127 730 128 756
289 -5.3970635063852717 3.1593764212624733 50.563625825054565 8 8 8 0.43105821380188691 115 118 116 112 119 480 121 344 120 401 122 575 125 825
288 -3.4018609685660661 2.2843941631614402 45.631910995779812 8 8 8 0.052637402953599977 115 114 116 103
286 25.728905433096539 -3.5430599541439398 64.764414820321235 69 73 85 1.2553801623887937 113 288 111 203
1395 24.459537915580263 -14.831656307975367 63.0001638562427 231 231 231 1.1320266244037152 119 154 121 76 122 63 123 463 125 498 126 473 137 370 138 390 139 423 127 487 124 398 120 312 116 310 119 575 117 402 118 595
281 -12.874722119786762 3.3262451543345488 44.375909140646257 165 165 165 1.0240234153183099 115 630 114 630 116 718 111 454 117 934 118 1257 119 1341 120 1322
280 34.717853981606481 -12.573929292212325 65.848335582692684 94 99 114 1.9804998269233882 115 637 116 713 117 911 118 1220 119 1301 121 1123 123 1265 124 1128 140 1169 125 1243 122 1170 138 1126 126 1145 141 1092 127 1215
1389 7.0054494019703464 9.0282268909923165 10.292526124837174 0 0 0 1.0772817594549013 120 629 126 383
277 -30.089018544634015 19.568293201313281 33.977672007807143 114 119 137 1.3470113895599045 113 588 114 623 111 439
1386 35.51897654654605 -1.3116531292613434 52.931844258181194 59 62 72 0.99987706748011984 115 212 116 220 127 101 128 127
276 14.610389071257282 9.7458960789455347 56.697964554642596 120 126 144 1.7836707825598299 113 613 114 620 111 459
274 -6.1385619047644679 1.6047993945155734 53.743108492237752 231 231 231 1.8162712867516779 115 615 114 613
1383 72.555489762402104 22.247038392935117 18.235289849547726 12 15 16 0.12135954802787946 122 506 123 243 124 229 125 110 126 80 136 50 137 62 138 79 139 70 140 235 127 83 128 98 135 56
269 -8.903525496798478 7.1620811296879028 46.570600529281855 166 166 166 0.34568281729675149 113 580 114 604 116 703 111 435 117 897 118 1209 119 1290 121 1136 120 1272 122 1210 139 1230 123 1287 124 1180
262 43.661567334820475 5.5840553026585606 63.39731907824347 117 123 141 0.5136596493990494 113 584 115 572 114 583 116 653 117 784 118 1065 121 948 120 1099 122 977 122 1040 121 865 139 919 123 998 124 905 140 990 125 1002 125 1072 126 917 126 992 141 914 136 907 127 1024 128 1030 135 856
1371 53.918102793153039 15.070041506295324 45.927565611541539 96 101 116 0.35089343783431937 140 834 136 744
259 2.1228635552032511 2.020656432219083 64.827468565500624 231 231 231 0.97484608171112408 113 563 114 579 116 646 111 417 141 1083
1368 12.317254249248972 16.289690670773073 24.36673892632292 0 0 0 0.23025293003345976 119 265 136 468
258 -29.654767423672407 1.5199333726679407 31.486663687164288 59 62 72 0.34095574614914342 115 597 114 578 116 691
1367 12.194628084058198 14.660626723120634 22.908864918527051 236 236 236 0.08659586645628739 140 753 136 462
668 15.673474146898171 15.96825925157585 21.945175892187486 236 236 236 0.6120492212447064 118 1243 119 1296 120 1277 121 1107 122 1194 139 1132 123 1253 124 1154 140 1159 125 1187 138 1074 126 1119 137 1013 141 1089 136 1026 127 1156 128 1154 135 987
127 -6.8665432062860576 9.6073799110914582 47.588635889974171 166 166 166 0.67857840940080505 115 623 113 582 114 608 116 705 111 447 117 899 118 1213 119 1291 121 1137 120 1273 122 1211 139 1231 123 1288 124 1181 138 1158 125 1276
1236 67.136363052548901 24.21606190121263 13.339560461917046 9 11 14 0.15496295808836374 122 528 141 360
667 16.951213251703415 15.721997256752553 21.71170510042603 0 0 0 0.73503066959316843 118 1241 119 1322 120 1275 121 1105 122 1193 139 1130 123 1210 123 1252 140 1158 125 1185 138 1072 126 1115 137 1010 141 1087 136 1024 127 1153 128 1149 128 1191 135 981
126 -11.030646175067917 9.1626674755241702 45.318340966757489 0 0 0 0.73671414367526233 115 622 113 581 114 607 116 707 111 436 117 900 118 1215 119 1320 121 1138 120 1302 122 1230 124 1198
1235 54.756676945231455 11.322842065683172 47.897664585522122 60 64 74 0.96150746341120519 140 418 141 346 123 503 127 515 139 242
666 -4.1461785483451852 10.25157969918123 58.886677185990251 231 231 231 1.499062037039125 116 692 117 872 118 1178 119 1253 121 1102 122 1189 120 1271 120 1234 124 1178
125 -5.3632566372779182 8.1986092092872411 49.614986343346324 59 62 72 1.7571999739792972 115 620 113 600 114 619 116 721 111 446 117 924 118 1236 119 1316 121 1134 120 1299 122 1228 139 1228 123 1285 138 1157
1234 53.406969134380859 11.410746722596691 41.158082167687382 61 65 75 0.93314662250462621 120 356 121 285 123 244 140 236 141 343 137 219 135 279
124 3.1921719612628348 6.6936434016748407 68.539457017759688 231 231 231 1.1738897151722876 115 618 114 617 116 701 117 895 118 1207 119 1287 121 1099 120 1266 122 1206 139 1208 123 1273 124 1175 140 1191 125 1270 138 1150 139 1224 126 1198
1233 57.264111654214872 11.257744387102809 49.980212594041589 60 64 74 0.75098943192602718 140 413 141 342 139 240 124 436
123 17.28203779135335 1.0398388524384263 65.216361121872325 228 228 228 1.043263875403492 115 614 113 578 114 600 116 686 111 433 117 869 118 1172 119 1245 121 1059 120 1226 122 1140 124 1101 140 1148 125 1222 138 1107 126 1158 137 1045 141 1060 136 1051 127 1194 128 1222 135 1025
663 9.8030518361408507 14.967019584589403 21.823475932381275 0 0 0 0.64230244156754834 118 1193 119 1219 120 1189 122 1113 121 1024 139 1095 123 1177 124 1075 140 1119 125 1149 138 1034 126 1122 137 966 136 991 128 1161 135 940
122 14.703537996961053 -0.60540826732513142 69.434486278035664 228 228 228 1.0111698006897132 115 613 113 577 114 599 116 685 115 595 111 432 117 867 118 1171 119 1244 121 1058 139 1173 124 1100 140 1147 138 1106 137 1046 141 1059
662 12.04908420206721 15.596157512118712 21.416440335979516 236 236 236 0.44179971372793292 118 1194 119 1263 120 1247 121 1022 122 1111 139 1091 123 1172 124 1070 140 1117 125 1147 138 1032 126 1079 137 962 136 983 127 1111 128 1113 135 936
121 15.970339173400369 -2.2936740803327842 66.000965418796397 0 0 0 1.1689559200978794 115 612 113 576 114 597 116 699 111 442 117 894 118 1204 119 1284 121 1088 120 1262 122 1181 139 1170 123 1270 124 1146 140 1176 125 1249 138 1130 126 1175 137 1068 141 1081 136 1080 127 1222 128 1240 135 1041
661 14.06541336668794 16.015750183065894 20.638961674768382 0 0 0 0.40196076250919271 118 1195 119 1264 120 1246 121 1078 122 1110 139 1090 123 1171 124 1069 140 1114 125 1141 138 984 126 1073 137 956 136 975 127 1103 128 1106 135 928
120 19.91900683189894 -6.5693465271650053 63.526366217909469 228 228 228 0.98788108765204696 115 609 113 574 114 596 116 681 111 441 117 861 118 1164 119 1238 121 1050 120 1217 122 1133 139 1165 123 1193 123 1240 124 1092 124 1136 140 1139 125 1217 138 1103 126 1153 141 1051 136 1047 127 1187 128 1217 135 1020
660 12.768883382729264 15.275036898306052 21.674332807934409 0 0 0 0.41036838969865752 118 1191 119 1262 120 1244 121 1020 122 1109 139 1089 123 1170 124 1068 140 1113 125 1144 138 1029 126 1076 137 957 136 977 127 1104 128 1107 135 930
119 19.932444844676034 -6.5859042664510792 63.605705903799347 228 228 228 0.92153818739384874 115 608 113 573 114 595 116 680 111 440 117 860 118 1163 119 1237 121 1049 120 1216 122 1132 139 1164 124 1091 124 1135 140 1138 125 1216 138 1102 126 1152 141 1050 127 1186 128 1216 135 1019
1228 58.92720972306455 8.428514396038933 22.659701418888769 81 85 98 2.1343292369166686 120 883 121 593 123 225 140 209 141 328 139 225 123 227 135 244
118 -28.940042028483038 19.035026197653313 35.184972239469509 231 231 231 0.60880635784711501 115 602 113 548 114 587 111 408
1227 59.15337860382256 8.3448617043140132 22.582355135377608 81 85 98 0.80548603240062755 121 592 126 67 137 194 138 217 141 327 123 224 139 223 125 94 120 752 121 274 123 62 136 192 127 62 135 243
657 14.968977451354831 12.758708135717876 26.892154938329611 236 236 236 0.77974672694711067 116 664 122 1050 138 812 139 842 123 909 137 742 141 930 128 966
116 11.129008857127907 -2.4358172489521031 72.663570982529635 231 231 231 0.54744577770519098 115 593 113 561 114 577 116 684 111 415 117 866 118 1169 119 1243 121 1057 120 1224 122 1139 139 1172 124 1099 140 1150 125 1223 138 1108 126 1159 137 1070 141 1058 136 1083 127 1224
1225 35.853680112859855 -7.104029661364514 52.029444244774247 77 81 93 1.4050024968766215 119 432 141 323 121 266 135 53
656 9.6808657352431275 15.087816670301828 22.032448466511184 0 0 0 0.83645256047020489 117 749 122 1006 120 949 140 1031 127 1050
115 13.047664406398566 -4.282687453950051 71.165338504343893 110 116 133 0.95670782168567881 115 592 113 559 114 576 116 683 111 414 117 863 118 1166 119 1240 121 1053 122 1138 124 1145 140 1145 125 1248 137 1069 141 1080 127 1241
1224 37.478111953642717 -7.6444914947310387 53.862255417814225 231 231 231 0.35441059496917032 116 426 117 285 118 623 141 320 119 794 120 524 121 428 122 248 124 202 138 394 140 391 125 298 137 374 123 475 126 256 136 396 127 481 128 499 135 542
114 17.29323379346452 -8.5368187801955031 68.472438067835228 228 228 228 1.0662083663520843 115 589 113 572 114 593 116 679 111 431 117 859 118 1161 119 1234 121 1048 120 1214 122 1130 139 1163 123 1239 124 1090 140 1137 125 1215 138 1101 126 1155 137 1043 141 1049 136 1076 127 1189
1223 37.509080978427214 -7.6520187673956315 53.909693552135018 231 231 231 0.33404052039952914 118 622 121 427 141 319 116 425 119 793 120 523 122 247 123 474 124 201 125 297 138 393 140 390 117 284 126 255 137 373 123 216 136 395 127 480 128 498 135 423 135 541
653 14.056421866967632 15.706072820660275 20.786077924743875 0 0 0 0.81038509521371649 118 944 122 916 138 480 126 846 135 489
112 -7.5395534355923717 8.1221265889914402 47.425602728909013 0 0 0 0.43827796593593504 115 575 113 568 114 559 116 659 111 424 117 844 118 1136 119 1210 121 1072 120 1235 122 1190 139 1210 123 1277 124 1156
1221 1.1162007752641114 0.37301923403612935 0.4499064728747747 5 5 5 0.22716123763424428 124 390 137 334 127 268 136 3
111 -10.997321597823733 6.7350607083863503 44.889985858151711 166 166 166 0.61104599577425422 115 574 113 565 114 584 116 658 111 420 117 871 118 1180 119 1254 121 1103 120 1236 122 1192 124 1185
1220 36.861131683162036 32.933102470468228 8.2081841270146931 5 5 5 1.4039859381772875 123 828 126 739 138 818 141 249 124 737 137 622 124 1020 136 294
110 -9.60572280955091 5.9973570703169861 45.570137851287079 166 166 166 0.60231829315577723 115 573 113 543 114 555 116 655 111 419 117 843 118 1135 119 1206 121 1071 120 1233 122 1151 139 1188 123 1256 124 1155
1219 44.42893889105855 26.523097911661399 23.003190691691341 119 126 144 0.12261002242559248 119 738 141 242
109 21.779681903209745 3.4848945747627118 62.719010170427779 0 0 0 0.75628786196396991 115 568 113 542 114 552 116 650 111 423 117 837 118 1130 119 1199 121 1008 120 1175 122 1092 139 1123 123 1201 124 1054 140 1104 125 1178 138 1067 126 1108 137 1002 141 983 127 1192 128 1187 135 1000
1218 57.73271777780591 31.987406830734379 8.4761774004851471 10 23 44 0.19506904645251544 124 320 139 98 141 238
108 21.779681903209745 3.4848945747627118 62.719010170427779 0 0 0 0.75628786196396991 115 567 113 541 114 551 116 649 111 422 117 836 118 1131 119 1200 121 1009 120 1176 122 1093 139 1124 123 1202 124 1055 140 1105 125 1179 138 1068 126 1109 137 1003 141 984 127 1193 128 1188 135 1001
1217 61.476926015713559 30.482826634077369 12.705082912796836 9 9 9 0.89209969728482474 122 581 124 280 125 142 137 106 139 89 141 235 123 90 138 107 139 88 123 89 136 107
648 11.609381523265005 14.685317067199684 22.291945845403102 236 236 236 0.55605374639113414 117 605 119 885 122 829 120 816 135 632 125 845 123 815 126 756 138 714 139 728
107 3.1743602950603425 3.395362879123506 67.362235466427634 93 98 113 1.3619225287089967 115 566 113 579 116 689 117 838 118 1174 121 1062 120 1228 122 1145 139 1179 123 1248 124 1106 125 1226 138 1110 137 1075 141 1086
1216 63.445328724351107 30.922276278767498 13.197734976462865 10 10 10 1.0159216832902964 123 88 126 127 137 105 141 232 125 139 125 141 138 106 136 105 138 104
106 49.784902542063563 3.10707727955799 67.727824872494054 106 112 128 0.44535665511363098 115 564 113 566 114 553 114 580 116 613 117 723 118 992 117 780 119 1058 120 1021 139 911 124 803 128 936
1215 62.087782564463083 30.076890533286342 12.953465723138825 10 10 10 1.7635945966040374 123 87 126 126 138 105 141 231 137 102 125 138 136 104 128 174 137 99 123 83 125 134
646 -7.0535736306449355 8.4024551643828556 47.772895541497689 0 0 0 0.23489825413835219 111 149 122 802
105 12.85733135578943 -2.3092424192539958 70.981071518134087 99 105 120 0.86543707320430574 115 561 113 535 114 547 116 644 117 826 118 1128 119 1197 121 1006 120 1174 122 1091 139 1122 123 1199 124 1098 140 1103 125 1221 138 1105 126 1157 137 1044 141 1057 127 1223
1214 53.724225633684284 13.569072977426615 45.868013976387388 121 127 145 0.49756016266256525 118 813 125 527 140 430 141 219
645 -7.0535736306449355 8.4024551643828556 47.772895541497689 0 0 0 0.23489825413835219 111 150 122 801
104 15.469486770386089 -2.5089338317368259 69.421230397178405 24 24 24 1.0288979140137156 115 560 113 562 114 548 111 416 117 825 118 1125 119 1194 121 1005 120 1172 122 1089 139 1072 123 1151 124 1053 140 1099 125 1175 138 1065 126 1107 137 1001 141 1026 136 1020
1213 56.048094845259577 13.202301912205458 49.382008277278345 60 64 74 1.6688152743291318 125 335 140 427 141 217 139 452 128 340 120 589 122 277 124 232 135 294 135 292
644 13.760926773463082 13.437618951054903 25.125738326758967 0 0 0 0.78090399063376181 118 940 122 795 117 740 119 991 120 938 140 860 125 819 139 709 137 746 141 784 141 933 136 765 127 754 128 781 135 715
103 32.613750386367109 -12.260133772349064 58.145945812920047 107 113 129 1.1623629036479044 115 550 113 554 114 572 111 430 124 973 121 922 141 960
1212 53.629197187535965 11.838895064547433 47.087164681415167 60 64 74 0.7705512340807712 119 844 123 246 140 421 141 215 118 809 136 216 128 337 135 444
643 13.85057905651445 13.539405199649471 25.294823259201433 0 0 0 0.86076141208492785 118 939 122 794 117 739 119 990 120 937 139 708 140 859 125 818 126 939 137 745 141 783 136 764 127 753 128 972 135 714
102 28.238896456228716 -14.187443342073532 64.315001113054777 91 96 110 0.79428836686367643 115 549 113 551 116 639 117 821 120 1071 123 1065 124 977 140 1052 125 1057 126 1048
1211 16.180126144903312 -7.3309938025398873 67.842523898576133 0 0 0 0.19582342348461074 125 333 141 214
642 25.1731959310756 -4.4128334098862654 65.980471086355365 92 97 111 1.5729017587852641 111 286 113 336 141 751
101 17.049818798217188 -16.185823655636955 66.904044307058115 59 62 72 0.35363139956370615 115 546 113 521 114 525 116 585 111 409 119 1116 121 926 120 1070 122 1079 139 1058 123 1139 124 1042 140 1090 125 1165 138 1055 126 1095 137 1035 141 1042 127 1180
1210 16.180126144903312 -7.3309938025398873 67.842523898576133 0 0 0 0.19582342348461074 125 332 141 213
641 46.418621820512996 -1.0333832244247154 65.489029377474182 89 94 108 1.1823025765692152 115 378 116 358 117 549 118 773 119 814 120 745 122 699 139 610 124 615 140 612 125 721 126 641 127 669 128 691
100 -10.517736274751387 18.324052103996568 38.440876686704023 231 231 231 0.64679885009425131 115 544 113 549 114 569 116 575 117 743 118 1023 120 1138
1209 61.204606282133568 6.8536156532313219 78.313161300827929 59 62 72 1.5907107232067761 125 327 138 239 141 211 117 318 139 74 140 71 118 215 119 191
640 -5.5681703092302728 2.5648793246621859 13.289426108070508 231 231 231 2.0381987219209963 118 508 122 606
99 -9.9805606425790021 8.2331250319079441 45.827131053702644 166 166 166 0.57196972322547346 115 541 113 507 114 522 116 627 111 370 117 796 118 1080 119 1161 121 966 120 1121 122 1107 139 1135 123 1215 124 1073
1208 56.483472462875405 12.106624377773574 27.253545274404789 111 117 134 0.21327903075936874 121 463 140 230 141 204
639 22.31748025195126 4.2910959069278132 62.234719408964899 0 0 0 0.60956586810254165 115 232 122 511 123 278 124 250 125 144 138 444 126 348 137 277 136 281 127 385 135 474 135 614
98 -10.087965762595388 7.152668427822193 45.524126395343743 0 0 0 0.15379874630073059 115 539 113 504 114 518 116 625 111 368 117 794 118 1076
1207 49.849097120916838 6.7207482428975585 36.545494357842983 61 65 75 0.20343614312855707 120 129 141 202
638 60.037960687131587 9.8016689302317435 82.590534525594236 92 97 112 0.1195728443468278 113 475 122 495
97 -10.065633213656264 7.1443829513051273 45.47934159855442 0 0 0 0.16500298527815452 115 538 113 503 114 517 116 624 111 367 117 793 118 1075 119 1158 121 1015 120 1185 122 1103 139 1133 123 1213 124 1115
1206 33.423109045567514 -1.8785635605995583 49.371657868913488 59 62 72 0.90177842587434776 116 219 117 63 141 201 116 218 118 192 128 121 135 84
637 -2.5917263321817643 1.9352861015118115 43.333713500455325 8 8 8 0.15284814174020833 113 216 122 306
96 -12.492067318704779 4.9033133525584587 43.98382783420638 0 0 0 0.55241994222593194 115 537 113 502 111 403
1205 36.364080508027264 -3.0051571355153652 53.120347376507915 59 62 72 1.6073602224280445 117 299 124 61 141 196 123 66 136 58 118 456 119 165 120 108 140 220 117 61 127 86 127 91 136 55 128 115 128 117 135 80
636 12.787447429113536 8.7012853832928538 57.425100683648076 61 64 74 0.4500204137839236 111 163 122 97 139 100
95 -12.351029986069157 4.829115984616271 43.647364162999338 0 0 0 0.028181590777768564 115 536 113 501
1204 48.532510347620544 4.5127545778936602 34.521448439299753 61 65 75 0.57968771488730753 117 559 118 463 119 452 120 341 121 94 141 190 140 215
635 26.257825609538607 16.38096423140744 24.918241567557018 0 0 0 0.7598792339696544 116 666 117 807 118 1018 119 1092 121 669 120 936 122 583 123 333 124 507 140 1008
94 -8.576774766802961 1.1126661433211535 46.856922901287952 166 166 166 0.18698693480851469 115 531 113 499 116 617 117 786
1203 48.409325223113058 4.5067704343594315 34.436618855373631 61 65 75 0.55035458264044035 117 560 118 464 119 453 120 342 121 95 141 189
93 -8.4795154838290472 1.0679804979320398 46.585870233319739 166 166 166 0.75873515975449557 115 530 113 498 116 616 117 785 119 1139
1202 65.389680711468301 13.271489010475447 15.819845690839129 59 62 72 0.4283524395418144 122 78 124 58 125 98 139 60 141 182 136 29 124 423 135 37
633 -11.22813945284096 9.8097448545806181 44.601639510529246 0 0 0 0.82107701913626263 111 372 117 800 118 1145 120 1125 115 491 113 472 114 482 116 570 117 671
92 20.993740654636333 0.90404445109250253 62.70931955313182 109 114 131 1.3193478102725469 115 529 113 564 114 549 116 558 117 727 118 795 117 661 119 834 121 627 139 829 120 775 123 755 123 1094 138 894 137 824 141 981 136 913 128 1035 135 863
1201 31.729086859015077 -11.485152598570698 57.879488601455435 231 231 231 0.56191341439808895 118 434 140 201 141 174 123 208 117 55 139 211
632 -11.22813945284096 9.8097448545806181 44.601639510529246 0 0 0 0.82107701913626263 111 371 117 799 118 1144 120 1124 115 490 113 471 114 481 116 569 117 670
91 17.786343048946488 -0.64224476919447637 64.981979757517493 0 0 0 0.38965870116185242 115 528 113 500 114 512 116 557 111 361 117 722 118 994 119 1062 121 866 121 949 120 1026 139 1006 123 1093 124 999 140 998 125 1079 138 959 126 1066 137 952 141 982 136 967 127 1094 128 1098 135 976
1200 62.807413739555642 1.6411947274749887 34.630461278388097 5 5 5 1.5376765239677503 125 275 141 172 139 206 135 217
90 7.9252503834538093 -1.336651748437925 72.079700606100133 231 231 231 0.68693796219504621 115 527 113 497 114 509 116 611 111 360 111 399 117 779 118 1058 119 1136 121 950 120 1101 122 1043 139 1077 123 1154 124 1056 140 1066 125 1133 138 1069 126 1112 137 1007 141 1028
1199 37.284211188265786 22.715178087455737 35.470726274203884 0 0 0 0.075582569239024705 140 90 141 78
89 17.360640781212044 -3.8685103156913794 67.027907396748844 6 6 6 0.68438201762048512 115 526 113 534 114 543 116 607 111 398 117 778 118 1056 119 1131 121 942 120 1091 122 1036 139 1069 123 1149 124 1050 140 1063 125 1128 138 1017 126 1105 137 999 141 1024 136 1017 127 1145 128 1185
1198 37.136079311209166 22.190880755218011 35.251243414937193 0 0 0 0.081794639851091755 140 88 141 77
629 72.304572739212432 -41.183392284575369 107.93212598068115 28 36 55 0.38771430593414652 113 589 114 588 115 603 116 670 117 853 118 1152 119 1183 121 988 120 1150 122 1069 139 1107 123 1127 124 1080 117 887 140 1086 125 1160 138 1050 126 1088 137 982 141 1008 141 1035 136 998 127 1130 127 1169 128 1125
88 17.360640781212044 -3.8685103156913794 67.027907396748844 6 6 6 0.68438201762048512 115 525 113 533 114 542 116 606 111 397 117 777 118 1057 119 1132 121 943 120 1092 122 1037 139 1070 123 1150 124 1051 140 1064 125 1129 138 1018 126 1106 137 1000 141 1025 136 1018 127 1146 128 1186
1197 4.5272289615364967 1.0902854473944319 72.099305602724982 229 229 229 0.57894194950864764 137 122 140 86 141 73
87 18.456382652338853 -4.4272948126698619 65.364905474822578 228 228 228 0.47384704720264226 115 524 113 494 114 506 116 556 111 359 117 721 119 1057 121 861 122 973 139 1003 123 1088 124 996 140 995 125 1075 138 955 126 1060 137 946 141 978 136 963 127 1092 128 1092 135 918
1196 6.6697392808591154 -1.1416565895304007 71.708065266242912 8 8 8 0.26753501323678591 126 142 137 121 138 118 141 72 136 293
86 18.451446947661037 -4.459993947467332 65.409069092607837 228 228 228 0.35921055691454773 115 523 113 493 114 505 116 555 111 358 117 720 118 990 119 1056 121 860 120 1015 122 972 139 1002 118 1055 123 1087 124 995 140 994 125 1074 138 954 126 1059 141 977
1195 61.836949573640837 30.258025257091063 13.076639876799524 230 230 230 0.45844011358369174 122 117 124 87 141 71
624 1.1611892543187299 1.0196502747584031 1.4245637261045281 236 236 236 1.1778354246781997 118 872 120 941
83 19.379929160061856 -4.9926415995486799 64.450853051767879 0 0 0 0.48543440901821167 115 520 113 531 114 504 116 604 111 395 117 776 118 1054 119 1053 119 1129 120 1013 122 1033 139 997 123 1080 124 988 140 1062 125 1070 138 952 126 1056 137 944 141 973 136 962 127 1090 128 1091 135 971
1192 38.718505455857965 -8.5522995380144096 55.444030880520103 231 231 231 1.066172102278321 120 103 141 51 119 160
82 26.363833376972487 -5.2228092585702077 63.977942985604429 64 68 78 1.1385460800295599 115 519 114 503 117 647 119 947 120 880 124 986 140 982 138 884 138 948 126 987 141 906 136 958 127 1083 128 1086 135 855
1191 102.72922392205524 5.4263665492300142 46.123253490946411 1 1 1 2.033796350780825 125 80 126 61 141 48
81 16.861393779557808 -5.4443243259961918 67.555997080748796 228 228 228 0.58326761532766658 115 518 113 490 114 502 116 554 111 355 117 719 118 989 119 1054 121 856 120 1014 122 970 139 1001 123 1086 124 994 140 993 125 1077 138 956 137 947 141 976
1190 105.319489248355 4.228479213958237 46.458130450933417 0 0 0 1.3960319166601549 120 330 122 59 137 164 141 42 138 195 140 187
80 16.639424327356437 -6.7598833312158186 68.397000882146187 0 0 0 0.79343112923800563 115 515 113 489 114 499 116 552 116 601 111 354 117 718 117 775 118 988 118 1053 119 1052 121 941 139 996 123 1083 124 987 140 1061 125 1127 138 1016 126 1058 137 945 141 972 136 1015 127 1144 128 1143
1189 56.501748884386195 7.4779094785810871 26.556680316554466 59 62 72 1.0210632795979317 139 426 140 400 122 687 140 603 137 199 140 211 125 99 141 332 135 44 121 275
620 -14.415587723643341 15.877191231893075 42.345371159930863 231 231 231 0.56918139642007837 117 598 118 696 119 887 121 700 120 828 116 482 118 847 119 736
79 25.788228078441868 -7.1059036948042342 60.19642581457704 71 75 87 0.76656494413373732 115 514 113 529 114 496 116 597 117 715 119 1048 121 850 120 1011 139 908 123 989 124 895 140 981 125 1065 126 983 137 873 141 900 136 953 127 1077 135 913
1188 15.152001562180994 14.451064618815661 21.960454538147797 0 0 0 0.92861182082699134 122 1191 137 1012 135 983
619 12.313564607657298 14.790137006540027 23.163996255282569 236 236 236 0.44761406034529089 116 494 120 814 136 463
78 29.47447908923272 -12.103114706787679 57.445721833158871 231 231 231 0.75764137045061153 115 508 113 524 114 528 116 545 111 412 117 706 117 762 118 738 119 1035 121 564 120 706 122 868 124 885 140 912 138 870 126 897 137 790 141 827 127 1009 128 1019 135 829
1187 11.848040373587455 17.753077657474808 16.615322066843312 236 236 236 0.49349865526185083 123 1217 137 970 122 1162
618 12.498760604261768 15.032492923781417 23.540490621885859 236 236 236 0.28251727887583122 116 493 120 813
77 18.577936637966218 -15.966003773549859 68.446743219336042 231 231 231 0.56334399873951579 115 507 113 522 114 490 116 544 111 385 117 705 118 968 119 1036 121 832 120 998 122 954 139 986 123 1071 124 979 140 1056 125 1059 138 1010 126 1049 137 934 141 966 127 1074
1186 12.164443959484988 18.164868868084223 17.054691117707467 236 236 236 0.44916085083616086 123 1216 137 969
617 21.978589537727238 -0.27000590385286594 57.110532979943173 113 119 137 1.4172118520060599 115 381 119 955 120 770 139 659 116 361 140 436 125 767 125 1004 138 637 138 890 126 694 127 722 128 868
76 -29.090875485231717 18.704782324990681 34.768459695754842 231 231 231 0.2726730340357133 115 503 113 447 114 489
75 -30.507179431902536 18.031784289609412 34.727805139269094 231 231 231 0.23307333923309692 115 501 113 481 114 487 116 578
1184 61.813791312237818 8.1230720114176069 81.975287653845015 116 122 140 0.17215403736582152 114 556 137 708
74 -30.522263738059742 17.344182310347573 34.258575406525345 59 62 72 0.69145684162209575 115 500 113 480 114 486 111 338
614 1.5703807700269221 -0.40753015028741496 1.9882924690019954 231 231 231 0.44824060385757708 118 145 120 493
613 1.5703807700269221 -0.40753015028741496 1.9882924690019954 231 231 231 0.44824060385757708 118 144 120 492
612 48.450839181392801 22.487752904358185 87.242397408244358 0 0 0 1.0842546542199796 115 337 116 283 118 494 119 487 120 407 114 310 139 305 123 311 124 276 140 279 125 556 137 439 141 234 136 449 127 548 128 568 135 365
71 41.209641415523485 7.1417717098759868 63.110467042995779 92 97 112 0.79476447326274569 115 486 113 511 114 520 111 377 141 767 116 565 117 729 118 920 120 900 121 769 122 897 123 890 140 833
611 -1.2942494441181109 1.3241073682920501 36.575847406836552 8 8 8 0.095101635809349078 114 240 120 380
70 47.652971109171723 1.9842050403420466 67.51714141960538 107 112 129 1.7996108175016621 115 482 116 366 117 461 115 384 116 559 118 782 117 552 119 821 121 610 120 123 122 268 139 442 139 816 125 519 125 907 138 789 126 486 126 821 141 749 141 841 136 821 127 944 128 851 135 774
610 -1.2942494441181109 1.3241073682920501 36.575847406836552 8 8 8 0.095101635809349078 114 239 120 379
69 17.557592603650821 -1.7907495305351313 65.455364955674554 228 228 228 0.60322834833763783 115 478 113 458 114 464 116 520 111 324 117 656 118 911 119 956 121 762 120 895 122 893 139 933 123 1011 124 909 140 939 125 1011 126 1001 137 887 141 918 136 964 127 1032 128 1097 135 924
1178 -0.24041013565094249 1.9422909982352783 0.67289797557957587 236 236 236 0.42521711681966434 125 939 137 447
609 64.223874905560464 -38.472398294357149 97.057458208193069 119 119 119 0.75638324006788515 113 314 114 318 115 345 119 340 120 266 116 401
68 38.679040686916743 -2.8692119324388585 55.746307852016344 87 92 106 0.52677950205505375 115 477 113 538 114 510 116 515 111 418 117 648 118 767 119 810 121 586 120 736 122 688 139 605 123 490 124 610 140 611 125 714 138 588 126 635 137 547 141 747 136 565 127 662 128 679 135 683
1177 -1.0154766304121943 1.1521022425391119 -1.2800389541834492 10 12 14 0.30597511265853405 138 435 137 426
608 -2.8626662958386087 12.229658292507603 68.647921846387618 8 8 8 0.67497121991973663 114 118 120 203
67 30.317541742679897 -11.845470713815718 56.844441826271243 102 107 123 1.4355105133364265 115 472 113 485 114 491 116 546 111 388 117 708 118 894 119 929 121 734 120 872 122 869 139 895 121 829 122 946 123 973 124 884 125 977 138 869 126 895 137 864 141 890 136 882 128 1018 135 907
1176 -1.01231792217973 1.1534683314834522 -1.2796634500549278 10 12 14 0.22881844467099427 138 434 137 425 136 247 135 310
607 -2.8626662958386087 12.229658292507603 68.647921846387618 8 8 8 0.67497121991973663 114 117 120 202
66 20.837905241105698 -17.625912650555019 67.869881515428432 84 88 102 0.93101561741259165 115 467 113 484 114 448 116 500 111 342 117 631 118 892 119 927 121 730 120 870 122 865 139 896 123 975 124 883 140 974 125 978 138 940 139 980 126 977 137 932 141 961 136 948 127 1071 128 1074
606 32.450583015543863 -11.247675346217676 57.685277783959791 231 231 231 0.37191088802618033 115 288 120 99 119 417 117 278 139 212 123 209 124 191 125 286 138 210 126 249 137 197 128 311 135 418
65 -5.8484253887233706 9.5794259423347068 48.81136837401597 59 62 72 0.89604034014612011 115 458 113 470 114 480 116 477 114 377 111 297 117 595 117 735 123 1175 124 935
64 -10.423768153327515 8.0993672247625241 45.015907948531307 0 0 0 0.36132873814370609 115 457 113 436 114 442 116 476 121 894 120 932 122 913 139 956 124 941
1173 -1.037394206003537 1.6060721653465642 -1.0954626508642828 236 236 236 0.48967136937620914 138 331 137 312
604 17.234506430005613 10.702357626250324 33.827712897010954 0 0 0 0.29591055899921487 116 710 117 903 118 1212 119 1252 121 1069 120 1232 122 1150 139 1079 123 1205 124 1108 125 1184 138 1024 126 1114 137 1009 136 1023 127 1150 128 1148 135 979
63 -10.423768153327515 8.0993672247625241 45.015907948531307 0 0 0 0.36132873814370609 115 456 113 435 114 441 116 475 121 893 120 931 122 912 139 955 124 940
1172 16.179479677971202 10.616485408528696 32.954598735021236 0 0 0 0.97068816276618453 121 667 137 299 117 672 128 403
603 16.873985407850494 10.501394395122521 33.15448395579056 0 0 0 0.45473749096572835 116 709 117 902 118 1211 119 1251 121 1068 120 1231 122 1149 139 1078 123 1204 124 1107 140 1155 125 1183 138 1023 126 1113 137 1008 136 1022 127 1149 128 1147 135 978
62 4.5960733247463601 6.371994867425764 68.326357572602532 231 231 231 2.4083633597212062 115 450 114 431 118 1000 114 516 137 955 139 942 141 859 141 997 140 1010
1171 -1.0201589639382467 1.1582985994461172 -1.2805182420421874 10 12 14 0.26864084063339178 138 272 137 257 136 249 127 160
601 9.8371730472533798 15.009965173024986 21.896558318050872 0 0 0 0.69196578709641432 118 1192 119 1218 121 1023 117 882 120 1188 122 1112 139 1094 123 1176 124 1074 140 1118 125 1148 138 1033 126 1121 137 965 136 990 128 1160 135 939
1169 -1.0257218736994815 1.1558658282228416 -1.2811293414496727 10 12 14 0.26983180004443375 138 271 137 256
569 20.462171869128753 15.902561221807549 23.322166619573267 236 236 236 0.50095614841151537 116 495 121 677 117 603 118 850 119 877 120 622 123 792
567 25.138012117631707 -3.0536333123160304 66.918752806050676 84 88 102 1.4523894906821173 113 413 114 425 141 760
26 25.724039832009041 -8.6609990566147683 63.239610615523176 89 94 108 1.692378547648681 115 295 113 280 114 281 111 182 140 403 141 536 136 576 128 526 135 442
1135 46.278884149811006 27.067805245255705 23.458181016985325 116 122 140 0.65327427770093682 120 942 122 588 123 548 124 512 125 560 138 301 139 315 126 363 119 1094 121 789 124 693 125 389 137 293 128 389
565 16.828084286287826 -9.5122479220046685 68.661667595165881 228 228 228 0.30144286947896715 115 365 121 588 120 732 114 343 115 293 122 692 123 697 124 619 126 823 125 908
24 22.17229491644672 -17.872535419231852 70.533068838246749 231 231 231 0.81289245080179784 115 276 113 317 114 268 116 17 111 309 117 252 118 409 119 150 121 74 120 93 122 57 139 50 123 58 124 48 140 198 125 91 126 260 137 53 141 314 141 506 136 398 127 317 128 505
1133 17.848329541258554 2.2475888698332214 65.209273230264628 228 228 228 0.77910086743471429 113 293 126 352
564 25.800987177710226 -8.5505008036419525 63.005913109032058 89 94 108 0.50716722411947601 115 367 121 581 122 683 139 607 123 695 124 608 125 716 127 672
23 22.158435089735409 -17.861133618133973 70.505420032077154 231 231 231 0.90850093814308475 115 275 113 316 114 267 116 16 111 308 117 251 118 408 121 73 122 56 123 57 139 49 124 47 125 90 137 52 127 316 128 504
1132 64.274701066638556 26.164005684407748 11.733859562498965 0 0 0 0.030225768729913602 124 463 140 442
563 66.454523646794129 -24.94186781396683 102.72803899409142 231 231 231 1.9629693830547634 113 319 121 559 115 283 118 587 119 563 122 435 122 653 139 408 139 570 124 388 125 485 126 889 122 858 125 967 123 964 140 907 136 793 135 902 137 855
22 12.842160350865388 7.9834930792240275 57.092324413544432 60 64 74 0.35063362506000373 115 244 113 248 111 154 121 331 123 321 126 523 137 444 141 240 136 452 127 741 128 773
562 -5.9490728187598769 3.915129846279493 62.413998656177412 231 231 231 0.37914634852816231 111 133 121 490 124 322
21 12.84717237498338 7.9969419945292666 57.135344109034818 60 64 74 0.35134921164228056 115 243 113 247 111 153 118 488 121 332 139 490 123 322 126 524 137 445 141 241 136 453 127 742 128 774 135 626
561 21.279755841041005 2.9991651193148647 65.123500363931797 98 103 119 0.41790287184166947 115 220 121 469 122 282 139 277 123 276 123 517 140 265 125 376 138 283 126 345 137 274 136 446 127 383 128 400 135 475
20 -4.990808861997432 2.9678281918743554 49.583438350534031 8 8 8 0.18745065595483937 115 227 113 217 114 243
1129 7.2402564942351546 1.4902382166550412 6.301897451099995 60 63 74 1.9202313334981145 118 923 119 841 139 66 126 274 135 261
560 59.947689157004106 9.7844774681448854 82.500918592988839 92 97 112 0.39423998383067432 114 439 121 465 113 474
19 10.99521247803035 -4.1954105686320728 77.928562797607398 8 8 8 0.71816094650944851 115 211 113 139 124 447 140 447
1128 28.432835750731527 -10.2105968162669 57.887953839956893 231 231 231 0.75403180847786166 111 127 118 185 126 263 136 40 127 320
559 37.72558028400082 2.3215524298540031 57.788049388378269 92 97 111 0.60907306393893024 115 448 116 449 117 553 118 787 121 457 119 828 120 560 139 444 123 499 124 433 140 411 140 634 125 521 119 660 138 418 126 666 123 715 138 612 139 627 137 573 141 752 136 422 127 692 128 714 135 589
18 10.995212478030338 -4.1954105686320702 77.928562797607299 8 8 8 0.71816094650945683 115 210 113 138 124 446 140 446
1127 6.8859491133198576 -1.5454020255494056 71.960204240256573 230 230 230 0.096555139433271986 140 83 126 141
558 19.798697630727588 -5.1491484940816941 64.213050508902541 0 0 0 0.41154731448850612 115 372 121 451 139 633 123 713 140 643 126 679 141 561 136 602 127 716 128 734
17 35.241468022233526 -6.6041442973523816 51.086729099343209 64 68 78 0.98127783768862586 115 198 113 410 114 282 116 212 111 321 141 56
1126 69.928042096566898 25.017796263754455 16.745201751921904 0 0 0 0.023051023482264933 124 245 140 246
557 31.591900926323529 -11.578502681647329 58.084965837215925 231 231 231 2.0499910912195967 114 337 115 354 121 424 120 510 124 399 116 195 123 207 118 433 122 232 139 210 140 200 125 285 138 209 117 277 119 157 122 67 116 194 137 363 126 253 123 60 139 52 120 98 125 88 138 62 137 50 141 173 141 508 136 391 128 496 135 420
16 27.391186755093674 -9.1706436248943746 57.173494543515375 108 114 131 1.2351141400061447 115 195 113 326 114 278 117 282 124 413 138 582 128 317
556 11.076447084830971 13.712043812575745 19.847116989036845 236 236 236 2.0811022536927974 117 491 121 363 140 770
15 37.505870994209062 -8.6497300425372021 53.674464182332422 231 231 231 0.19818380332205779 115 193 113 327
1124 16.733956223980865 10.849686918024123 35.961025345916461 82 86 99 0.91118884578283188 119 1083 120 1036 121 880 122 905 123 903 124 816 118 1078 125 806 126 727 136 631 128 765 135 619
555 12.227034322914701 15.188743047686197 22.033727493490051 236 236 236 0.43953741755045594 117 490 121 362 118 699 126 384 127 402
14 13.267234638698095 -4.7752834742712462 14.640325173339816 231 231 231 0.23434916632199987 115 155 113 448
1 -8.6076936263632007 -5.6692371659720244 48.005530634290444 74 78 90 0.41359046768520036 115 29 113 11 111 5 121 114 124 256
1110 0.41552688567372192 0.081741783373160418 0.30528267713715257 0 0 0 0.091666738731998751 118 1017 119 939
543 -5.5356713336321013 3.9779237731812644 53.549591237463027 231 231 231 1.0248756594836668 116 619 117 788 118 1070 119 1146 121 962 120 1109 122 1047 139 1026 123 1161 124 1008 125 1138 138 986
2 25.985619963539261 -6.282001668516032 59.916599265288923 113 118 136 0.73653058262819793 115 30 113 131 123 696 126 643 136 579 128 331
1111 15.953910547851439 15.436944038430548 21.484754415033482 236 236 236 0.2937156137364143 117 747 119 995 123 801 138 686 139 715 136 644 127 751 128 777
3 11.756590860247094 -4.5020760417027663 72.434716526379958 8 8 8 1.0159162511343693 115 34 113 133 114 31 111 48 122 85 124 237 140 444 121 109 125 536
1112 12.146191561600141 15.038635591682603 21.938793205701099 236 236 236 0.52866246128390748 117 681 118 862 139 730 140 764 138 711
545 59.183395931382066 -2.4279407748687745 75.851261181438588 98 104 119 0.48625457246952242 114 350 115 377 116 356 118 649 121 93 113 354 117 542 118 768 122 72 140 68 136 411 135 69
546 20.475712525339731 -5.4032254715625436 66.274995339363514 0 0 0 0.41348409922264051 115 31 121 103 120 113
5 -2.6201694764505685 -1.622261923487361 14.421668658285443 94 99 113 0.42411119129441022 115 44 113 157
549 -1.3911075302484543 9.7329160769193575 70.112046836612379 8 8 8 0.015730350117195105 113 77 124 333
8 13.236616718297439 -0.34168631017676088 69.269246166905276 228 228 228 0.085440033987541589 115 58 113 40 111 21
1117 11.129954350801286 16.966299841688297 15.495447207504904 236 236 236 0.67971035722791684 124 946 138 908 136 851 127 1052
550 11.337430609305196 -4.3534709164943743 73.886830025834968 8 8 8 0.37978697546093582 113 135 121 279 120 132 119 175
9 3.7481175283294652 -0.071712247254817146 71.221007889794919 8 8 8 1.499855895901935 115 59 113 155 114 63 111 67 114 61 119 199 113 153 120 153 120 155 123 530 116 60 117 90
551 40.101291928743954 6.864696723465296 58.471417521765744 61 64 74 0.32666343794328939 115 324 121 286 140 248 125 531 138 428
10 3.7069485073524016 -0.057641576992132113 70.882375731316188 8 8 8 1.2304496063282344 115 60 113 156 114 62 114 64 111 68 119 200 120 154 120 156 123 531 116 61
1119 2.1376398598115878 13.530115237863651 47.381671405162336 0 0 0 1.0434647760739233 123 821 124 712 139 743 140 1023 126 767 135 734
552 -1.269540033751799 1.105399881664749 24.316202787091708 0 0 0 0.041351139938409401 111 138 117 161
11 -4.7217181968961537 3.1114181537085779 63.372274792614462 8 8 8 0.537626863591256 115 110 113 204 119 475 116 99 117 164 121 338 120 394 122 313 139 707
1120 -8.4805553519016694 7.9293254412396434 48.707142961498732 166 166 166 1.1208380503487807 140 1028 138 1080
571 12.706902265669884 14.665417862182924 22.507956689044281 0 0 0 0.65954253056086831 116 580 121 685 139 719 141 865
30 5.4073075977936229 -0.59013737581501136 71.018884121719822 8 8 8 0.39131143627902126 115 310 113 342 114 286 116 364 111 199 117 311 118 668 119 686 120 582 122 517 122 758 139 688 123 772 124 464 140 840 125 929 138 803 126 839 137 732 141 776
1139 44.047843708728706 27.406077772521659 23.406644081705153 92 97 111 0.4381046206548323 119 1099 121 682 122 789 123 783 125 803 138 673 126 518 137 613 141 647 127 732 128 562 135 608
31 5.4073075977936229 -0.59013737581501136 71.018884121719822 8 8 8 0.39131143627902126 115 311 113 343 114 287 116 365 111 200 117 312 118 669 119 687 120 583 122 518 122 759 139 689 123 773 124 465 140 841 125 930 138 804 126 840 137 733 141 777
1140 2.5242033776724657 3.1893482641834718 67.244571681398995 8 8 8 1.4115195085062895 140 289 126 526 137 448 141 243
32 -3.2040424848121831 1.6196406379758588 14.814928551303037 231 231 231 1.0251343054086832 115 336 113 377
1141 7.4213657383300795 15.649552374761852 20.507455379185174 132 130 130 3.0374372865218042 124 827 126 548
575 41.964999423974184 6.4892505863031165 60.467113849877165 60 64 74 0.72119527636497738 111 407 116 564 117 663 118 919 119 961 121 768 113 545 120 899 139 654 123 742 124 646 118 800 140 832 125 915 138 797 126 831 137 715 141 762 114 521 136 746 127 843 135 695
34 19.871505944898203 -17.764133348846777 68.137473725999371 231 231 231 0.43523045536441496 115 347 113 389 122 659 139 584 123 674 137 535 136 721
1143 33.678658470496913 0.26268230345216015 52.026439358486492 111 117 134 1.5752539751666124 120 755 122 707 140 627 126 654 137 561
36 23.973226369896331 -13.225028508365659 60.387357495128555 83 87 101 0.31292563433948345 115 352 113 394 114 333 111 312
1145 12.754087635279463 15.074178960854072 22.577846309708917 236 236 236 0.38288026559226152 118 941 140 755 126 747 117 678 127 766
37 32.113918080333619 -11.78819646116589 59.390456906205223 231 231 231 0.86543635014053832 115 353 113 399 114 336 111 277 140 64
1146 12.763813733893848 15.07455139254388 22.597992879433576 236 236 236 0.27203958350810625 140 756 126 748 127 767
38 22.694901668762132 -11.553321601210939 60.359709730205445 107 113 130 0.57178595278421251 115 355 113 398 114 402 111 314
1147 34.053268316877023 -7.6077675616371083 49.129535666959441 231 231 231 0.80959059202964967 121 741 122 874 124 787 125 896 138 775 139 799 140 913 126 805 137 692 123 467 136 388 136 718 127 814 128 836 135 756
580 59.179182026288757 -5.7135623341968831 78.173525473314896 82 76 73 0.54635692015413284 114 544 115 521 116 602 117 773 118 983 119 1049 121 846 113 536 117 716 120 1009 122 959 139 906 123 987 124 892 140 922 125 991 138 879 126 906 137 799 141 835 136 806 127 931 128 927 135 838
39 1.4710516961048241 -2.5290232474412009 10.812416603481449 59 62 72 0.14637899288459005 115 361 113 412
581 59.179182026288757 -5.7135623341968831 78.173525473314896 82 76 73 0.54635692015413284 114 545 115 522 116 603 117 774 118 984 119 1050 121 847 113 537 117 717 120 1010 122 960 139 907 123 988 124 893 140 923 125 992 138 880 126 907 137 800 141 836 136 807 127 932 128 928 135 839
40 27.189457049781119 -9.632123035532004 56.419252962721274 59 62 72 1.6013687950847235 115 363 113 401 114 410
582 13.828043556708421 13.706747938963538 25.111299611228883 0 0 0 0.93777600448419884 117 876 118 1184 119 1214 121 967 116 711 117 905 120 1238 122 1054 139 1083 123 1162 124 1012 140 1018 138 977 126 1011 137 895 141 1029 136 972 127 1098 128 1039 135 869
41 25.490259596527629 -3.9009555940405987 66.380823096575241 92 97 111 0.68571820089804625 115 374 114 347 116 439 118 772 121 453 117 459 119 640 120 751 117 544 119 815 122 709 139 624 121 607 123 709 124 626 140 633 138 622 125 911 137 712 126 675 136 598 127 842 128 864 135 697
1150 65.222780136782205 5.5301789072220657 87.118376145331652 70 74 85 0.80016252595962367 115 569 116 615 117 782 118 1059 119 1061 120 1023 121 862 123 994 124 900 125 995 138 886 126 914 140 927 120 1096 124 991 141 842 136 904
583 13.801250119905847 13.674119764311341 25.0710530608991 0 0 0 1.0685296854484685 117 877 118 1185 119 1215 121 968 116 712 117 906 120 1239 122 1055 139 1084 123 1163 124 1013 140 1019 138 978 126 940 137 896 141 1030 136 973 127 1099 126 1012 128 973 128 1040 135 870
42 26.591595421870991 -2.9046168594058357 66.88127716090392 69 73 85 0.82439949852217009 115 375 116 357 117 547 116 441 123 721 124 629 140 645 125 753 138 624 126 677 137 578 127 712 135 788
1151 13.256977391406904 17.123060219668009 18.444563543327519 0 0 0 0.28934094098090274 140 1032 126 942
43 25.497372741352471 -2.5533927456397998 67.409546794507492 84 88 102 0.64597083642875086 115 376 117 550 118 779 119 819 121 615 120 766 139 644 123 729 124 633 140 652 125 759 138 423 126 833 137 583 136 747 128 867 135 700 135 790
585 14.841906378615402 14.057661291588195 23.056556977308876 0 0 0 0.61526151706244714 117 878 121 1018 122 1101 139 1025 124 1014 126 938 136 919 128 1038
45 13.400352500349602 -0.38348754206782726 69.859199100867386 228 228 228 0.51981379369266656 115 380 113 345 116 363 111 206 114 203 118 469 118 793 121 630 140 450 140 694 125 542 125 790 138 666 141 614 127 736 128 763
1154 26.128935525018587 -5.6268375256938867 59.657438381382285 111 117 134 1.215739194113246 111 396 114 541 113 530 137 990 141 1017 113 560 127 1138
589 12.236680808945477 14.94903939478413 22.602273239557267 236 236 236 0.31603619295219032 117 908 118 1188 119 1261 121 1075 120 1243 122 1158 139 1087 123 1169 124 1112 140 1111 125 1143 138 1028 126 1075 137 959 136 979 127 1106 128 1109 135 935
590 -0.56987747813543965 10.734874442511753 52.471319169006733 231 231 231 1.7769751852798543 116 722 117 925 118 1237 119 1318 121 1135 120 1301 122 1227 124 1195
49 37.128675872963484 3.2906321691238114 58.089848708271568 84 89 102 1.4746039529071198 115 391 113 467 114 435 111 336
591 6.1039034656133788 -1.0814768969225064 71.520610368691806 8 8 8 1.0498749024201577 115 306 113 284 114 348 119 680 121 471 113 151 114 53 116 222 117 86 118 471 120 576 122 514 139 685 140 467 125 796 138 670 126 837 137 730 141 773
50 -13.843839883215169 2.8195893847360844 43.194875564312014 165 165 165 0.16671002466635146 115 393 113 417 118 815
1159 39.399451165260743 -3.0208293489984857 57.705768183264517 59 62 72 1.7685753452226383 117 304 119 168 118 191 121 92 122 265 120 109 141 195 136 61 117 62 127 90 124 60 128 116 128 120 118 457 136 57 135 79 135 81 117 300 140 219
592 -18.484012816565187 8.149659950002647 40.90649222974848 72 76 88 1.3977619082618555 114 605 111 434 117 901 121 1110 115 576 116 661 111 421 120 1304
51 -8.3244938909412642 3.180726981000757 46.584096131868421 0 0 0 0.6515642373940147 115 394 113 421 114 470 116 523 111 327 118 810 119 976 119 1072 121 881 120 1032 122 906
1160 -0.8313851719503571 1.1285620312665177 -1.1784571042248102 11 14 15 0.49657222523573047 138 83 137 80 136 74
593 40.816481995849301 0.64461420094146205 60.045906320156803 67 70 81 0.38390984391026245 115 643 116 732 117 919 118 1225 119 1305 121 1087 120 1261 122 1176 139 1161 123 1237 124 1137 140 1173 125 1209 138 1128 126 1174 137 1067 136 1074 127 1219 128 1215 135 1018
52 37.936999537210006 6.381435595623171 60.257715452756301 94 99 114 0.80818853181272132 115 398 116 459 117 575 118 676 122 497 139 456 123 509 118 801 140 437 125 532 119 692 138 430 137 418 141 363 136 604 136 436 128 553
1161 56.532496439856423 5.6928057505784944 74.993585223281173 59 62 72 1.0407886527405485 115 321 116 243 119 461 120 347 137 81 141 64 116 248 136 219
594 26.273300878874387 -5.3676592232324243 59.68116770259374 86 91 104 1.1089834178319382 115 591 117 824 118 1165 119 1236 121 999 113 592 117 862 120 1215 122 1128 139 1117 123 1142 124 1087 140 1092 140 1133 125 1168 138 1097 126 1097 137 1041 141 1046 136 1010 127 1185 128 1180 135 997
53 -8.4752174310819228 6.3288750328303314 46.870375612172715 166 166 166 0.51697178516559217 115 401 113 431 114 365 116 469 118 927 121 783 121 888 120 929 122 996
1162 67.09500902045761 24.194622906353896 13.332814874115657 9 11 14 0.11532591928759273 124 242 140 243 141 359 122 527
595 17.399125566052451 15.50941713650052 21.482536780586255 0 0 0 0.57857221274463111 117 745 121 790 120 811 119 882 122 803 139 710 123 796 140 861 125 814 138 682 126 733 137 619 141 785 136 761 127 869 128 770 135 708
931 37.198869128915497 31.545341852273271 7.2463602650254773 59 62 72 0.45596645450693235 124 534 140 752
1472 45.513589957520644 28.467242828821792 23.319949681943211 0 0 0 0.97846072456636835 140 946 138 805 137 725 128 754 135 797 121 969 122 1053 123 1158 124 1062 140 1067 139 1016 125 1087 138 972 126 1067 141 993 136 916 128 1099 135 862
932 31.027941214712978 30.283946520062525 16.704147287266238 0 0 0 0.91280421069536144 122 921 140 762 125 848 138 712
1473 -1.6642646518975039 0.86628584672150144 -1.3783665341375038 16 18 18 0.019475997057549113 137 835 135 805
933 8.5823641966609845 10.464042501941321 15.199249958375166 236 236 236 2.1784429803578749 124 714 140 774
934 31.146900975680772 31.711682717545742 13.82720146265244 236 236 236 1.0704647916470973 139 754 140 777 125 937 123 1030 124 943 138 822 137 456
935 30.926664600032158 31.481331297833414 13.735949513052562 236 236 236 0.929863335065651 124 944 139 755 140 778 123 1031 125 938 138 823 137 457 127 558 128 784 137 630 127 757
938 9.5231572218848299 15.052269978249321 21.96688360272821 0 0 0 0.40040245486738069 123 830 139 747 140 781 138 722 126 761 137 643 136 670 128 806 127 784
939 13.159214713095221 17.106399316032149 18.173438627225149 0 0 0 0.39004203576569313 139 748 140 782 123 831 125 853 138 718 127 777 128 797 135 634
941 32.688643436339532 33.731140691330232 8.0033864704641289 0 0 0 0.33009097411414978 123 840 139 761 140 786 138 723 136 648
942 58.174745063125847 10.261791364530728 24.259371523515394 62 66 76 0.32218924347847844 120 1025 121 858 122 886 123 693 124 799 139 604 140 826 124 612 125 711 138 583 126 474 137 538 141 746 136 393 127 482 128 651 135 531
944 20.418496024094924 -4.4035601356316514 65.377867859548459 228 228 228 1.205734985061647 120 753 139 819 140 830 122 888 125 1000 141 844
945 54.400128961848992 19.430756302385202 32.371320084299498 228 228 228 1.1050508070454808 139 667 140 836 136 596 128 717 135 586
946 64.561693016633726 26.188061384274 18.035327375977896 231 231 231 0.41752006080626625 124 923 139 830 140 837 121 963 137 713 141 854 136 735 128 707 135 573
948 61.500264118951563 31.298179062813691 12.50916729752201 9 9 9 0.46141483313736598 122 994 124 815 139 687 140 839 125 789 138 662 137 595 141 775 127 356 128 545 135 452
954 46.663534070456961 54.983202789727194 33.551618795781756 231 231 231 0.69142296364217148 123 839 124 740 139 525 140 870 125 619 126 388 137 310 136 140 127 578 128 432 135 377
957 59.691101655044363 7.9548789058128113 21.602034252730128 111 117 134 0.90110648477197863 124 790 140 917 125 895 138 772 136 711 127 810 128 830 135 660
960 59.344837156064457 15.98627668511023 27.09678862376521 62 66 76 0.76532301840687911 120 1105 121 952 122 979 123 996 124 903 139 916 140 928 125 906 138 787 126 642 141 843 136 726 127 667 135 557
961 51.306442506970143 14.268723642866533 28.95605795021233 228 228 228 0.69378356687533094 124 907 140 929 137 702 127 679 128 693 135 565
962 49.930550739538134 15.751621295708405 31.987672949341544 0 0 0 0.22686850766586553 118 1137 119 1151 120 1106 121 953 122 983 123 1006 124 913 139 927 140 932 125 916 138 794 126 826 137 709 141 847 127 832 128 854 135 775
963 49.960380886814377 15.76218478476255 32.007116719005829 0 0 0 0.21546602170044474 118 1138 119 1152 120 1107 121 954 122 984 139 928 140 933 123 1007 124 914 125 917 138 795 126 827 137 710 141 848 136 736 136 737 127 833 128 855 135 776
964 50.668901593663726 16.220328281823832 31.336993522455174 228 228 228 0.3689617243713138 120 1108 121 955 122 985 123 891 124 915 139 824 140 934 125 918 138 796 126 829 137 711 141 850 136 738 127 834 128 856 135 693
966 58.83033773009474 20.688383663480732 30.177066733661267 5 5 5 0.54091449243866974 119 1209 120 1182 121 957 122 989 123 895 124 918 139 827 140 936 125 919 138 798 126 830 137 714 136 739 127 835 128 857 135 692
967 64.712820852950799 24.606480977166161 17.581436987447116 231 231 231 0.27160491681710747 122 990 123 892 124 919 139 826 140 937 125 914 138 793 126 824 137 706 141 852 136 731 127 830 128 850 135 688
968 49.375037346799267 16.656457672849019 31.9669424007548 228 228 228 0.58444236209842837 121 875 122 986 123 1013 124 916 139 934 140 940 118 1082 119 1155 125 920 138 799 126 832 137 813 141 853 136 742 127 837 128 860 135 777
970 33.188566805699523 10.854013048496004 57.029920418303909 108 113 130 0.36321138061023805 116 622 117 791 118 1071 119 1141 120 1030 121 873 122 987 123 1015 124 921 140 942 139 1007 123 1095 124 1003 125 1082 138 964 126 1004 137 888 136 965 127 1033 128 1036 135 919
971 3.2883370163686725 2.9547953414078281 64.511159796978745 119 125 143 0.8349974283724958 121 776 140 944 123 902 117 572 122 769 121 655 140 844 126 937 137 834 123 1019
972 57.160716643579576 36.027049081855225 15.321269450247799 5 5 5 1.244034186539156 123 906 139 840 140 948 125 1020 138 807 126 930 137 830
973 55.354382462486086 63.389923137103679 32.935962500065209 59 62 72 0.94004800386301313 123 1178 139 1041 140 953 124 1076 125 1099 138 991 126 1021 126 1081 137 836 136 848 136 930 137 907 127 964 127 1048 128 1056 128 1116 135 811 135 883
974 28.856846712415226 31.463224001796 11.594753504323982 0 0 0 1.0782849243297472 123 1035 139 952 140 955 124 746 125 858 139 760 138 725 137 753 126 853 127 560 128 789
975 57.866350611841249 6.9642367469534365 27.249330517627296 59 62 72 0.56731040164789537 119 1239 120 1167 121 940 122 1032 123 982 139 904 140 977 124 890 125 986 138 875 126 898 137 791 141 896 136 799 127 922 128 918 135 668 136 717
976 25.086977956572138 -8.3271856449439738 60.140144227455345 89 94 108 0.39658267309303613 116 596 117 713 118 980 119 1044 120 1007 121 845 122 961 123 1074 124 894 139 989 140 980 125 1063 138 946 126 982 137 938 136 952 127 1076 128 1079 135 912
977 72.287765254184819 22.487397054573258 18.631418753840194 11 16 15 1.0433807217641351 123 1082 124 998 139 995 140 987 141 555 140 631 136 808 127 935 135 765 135 840 127 1016 136 894
978 48.676434692483802 12.093326501383387 33.004380411339056 0 0 0 0.54619080824569699 118 1176 119 1247 120 1177 121 1007 122 1090 123 1084 124 997 139 998 140 988 125 1068 138 951 126 986 137 874 141 974 136 898 127 1017 128 1024 135 848
980 16.889605923422625 -5.4241981247564919 67.9319983498375 228 228 228 0.45569140201290986 122 969 123 1085 124 993 139 1000 140 992 125 1076 138 957 126 1061 137 948 141 975 136 1016 127 1093 128 1093
981 50.141915669699337 15.234985957389823 30.838548253492775 228 228 228 0.79565191118508882 118 1210 119 1248 120 1229 121 1010 122 1094 123 1090 139 1004 140 996 125 1073 138 953 126 991 137 879 141 979 136 902 127 1022 128 1026 135 849
982 49.813390366951779 16.481894568320183 33.153686201196578 228 228 228 0.72395584533910151 118 1181 119 1249 120 1180 121 1011 122 1095 123 1091 124 1001 139 1005 140 997 125 1078 138 958 126 993 137 880 141 980 136 906 127 1023 128 1029 135 854
983 12.573855691330564 -2.7678920370256055 72.785706002973043 100 105 120 0.95421121244701701 122 980 140 999 125 1080 138 963 126 1006 137 890 136 968 127 1095 128 1100
984 59.983601249053429 30.369986501838216 12.939797836321368 231 231 231 0.41472777194040766 139 1009 140 1002 137 820 141 922 128 939 135 780
985 62.416394406296568 33.728056684993781 12.122907792907625 231 231 231 0.63722789458397433 123 1018 124 1007 139 940 140 1003 125 1015 126 927 137 826 136 829 128 866 135 785
986 57.843794093547196 31.383715202466782 8.2703935499951093 18 24 20 0.2433615154080182 123 1099 124 1060 139 1010 140 1004 125 1014 138 897 138 966 126 924 137 823 141 989 136 827 127 946 128 865 135 782
990 55.501358722201736 35.207818511328448 15.636433218512792 231 231 231 0.79896459241581774 122 1105 123 1107 124 1010 139 1019 140 1011 125 1018 138 900 126 931 137 831 136 836 127 951 128 953 135 702
994 9.7006522223187055 15.100409135183272 22.013252445459671 0 0 0 0.39615790397053691 122 1005 140 1030 127 1049
1004 29.755670424998765 30.474114583154925 12.985535599312968 236 236 236 1.2263720214029057 139 1037 140 1075 138 904 128 1041 135 710
1005 29.755670424998765 30.474114583154925 12.985535599312968 236 236 236 1.2263720214029057 139 1038 140 1076 138 905 128 1042 135 711
1013 47.396698722976502 15.76411563374546 33.352678404593348 0 0 0 0.62598109502269395 119 1313 121 1095 140 1101 125 1172
1016 54.566683905590871 22.300167311937351 29.088345178383928 0 0 0 0.30372652188407984 119 1293 120 1270 121 1067 122 1147 123 1153 124 1104 139 1076 140 1107 125 1132 138 1020 126 1063 137 950 141 986 136 961 127 1089 128 1089 135 916
1017 64.081131703847433 28.065148765333003 18.318797250137465 5 5 5 0.40504314199888214 122 1187 123 1203 124 1150 139 1127 140 1108 125 1174 138 1062 126 1102 137 997 141 1063 136 1012 127 1085 128 1085 135 966
1020 63.31342356262325 14.807543455790254 26.685530502274435 112 118 135 2.1905335155593795 121 1092 123 1235 124 1138 139 1160 140 1134 120 1293 125 1208 126 1148 137 936 128 1173 135 960 135 990 128 1076
1034 64.398011932297948 18.070137336274861 17.69412299890519 112 118 135 1.4486102246255059 123 1268 124 1172 139 1202 140 1174 141 1077 136 1070 128 1212
1037 59.809271642876269 14.5430891830558 27.807933997903643 64 68 79 0.68332994523370416 121 1151 122 1224 123 1267 124 1171 139 1203 140 1190 125 1245 138 1127 126 1173 137 1066 141 1095 136 1072 127 1182 128 1214 135 1016
1038 39.331688413600631 37.328680969368229 7.3696498285255245 69 73 84 1.4332579286731941 140 1195 125 1271 138 1153 126 1179 138 1134 136 1085 127 1225 128 1226
1039 29.06833086958023 32.188224858460892 10.436797250397843 0 0 0 0.78787400627150206 123 1292 140 1196 125 1275 139 1213 138 1137 126 1182 137 1077 136 1056 127 1228 128 1229 135 1004
1040 63.097177907747493 32.949376257826088 12.559657012089003 231 231 231 0.74619231860495683 122 784 140 469 123 313 140 283 138 450 126 332 137 258 141 236 136 110 135 320
1046 4.5815483582202194 -0.38668864684669429 70.955886880752459 8 8 8 1.8747917063336237 115 54 113 36 114 58 116 55 111 62 118 216 119 198 121 120 120 150 122 89 124 263 140 282 115 56 113 38 114 60 116 57 111 66 118 218 121 122 120 152 117 89 123 528 141 402
1047 34.217568724959371 9.9737745338622563 59.052121864116693 0 0 0 0.68826336290128209 118 682 119 702 120 593 122 294 140 692 123 282 139 84 125 137 138 109 126 340 137 115 136 124 127 183 128 204 135 353
1052 6.4897897961885551 2.1487645583154307 5.3603104889173787 99 105 120 0.25768237546961675 121 474 125 320
1054 36.424177058776777 3.8400695886100307 57.59434418614304 59 62 72 0.68870766239645742 118 670 140 426 125 336 138 245 126 296
1055 57.944242136997509 26.666043132501734 5.6669720018674461 9 12 14 0.092754478405129959 140 453 125 362 127 120
1056 54.708265483245519 30.012186688067253 4.4550382349814681 9 12 14 0.23735609678279329 123 545 140 477 125 385 141 641
1057 52.962700482465678 33.258684655940023 6.6224587217858399 9 9 9 0.62928787923963414 140 501 125 399 138 309 127 184 135 154
1059 54.563959420064265 6.0881109231241481 25.467653990300054 59 62 72 0.44252229719759789 121 584 122 680 123 477 124 415 140 397 125 500 138 392 126 465 137 355 127 473 128 305 135 245
1061 1.6389332140911177 4.81862975068832 70.428129970503505 8 8 8 0.13003032792536001 140 500 125 586
1062 -0.35954690783242282 7.9635606679828514 69.32215581225428 8 8 8 0.095184096681045272 140 514 125 597
1063 -0.35954690783242282 7.9635606679828514 69.32215581225428 8 8 8 0.095184096681045272 140 515 125 598
1065 14.773779789454069 16.542835540609747 20.659698971101879 0 0 0 0.41126564415807881 120 625 125 607 126 382
1068 24.71321986675164 -5.1145367751356421 57.802239062758616 112 118 136 1.4297834704672854 119 809 122 698 140 615 125 729 120 740 138 596 126 651 127 686
1069 20.685560241281934 -4.9008030225482218 63.640834093122749 111 116 133 1.3880942070266145 111 58 125 747 126 678 138 623
1070 16.245698764810946 -7.2643075325524729 67.887581624936828 0 0 0 0.33600483744295023 115 200 125 754 141 559
1071 16.245698764810946 -7.2643075325524729 67.887581624936828 0 0 0 0.33600483744295023 115 201 125 755 141 560
1075 27.297288582654332 16.900263153098496 24.665660421059403 93 97 112 0.89075742856648243 119 1163 120 1123 121 890 122 993 123 781 125 802 126 725 137 440 136 448 128 566 135 472
1076 -3.4318985744016914 3.6467149702297394 122.53961633714135 8 8 8 0.11625764629081858 140 719 125 813
1078 -2.935064843602718 11.238628029545376 56.38681206842994 230 230 230 1.6168117825652484 119 498 125 856 138 728 136 696
1079 -5.897685683172976 9.7497633507917687 48.359856979783252 59 62 72 0.7530344764227026 140 525 125 862 138 827 137 472
1080 51.220603139497541 8.8595794971916249 38.919898227925387 66 70 81 0.6304979525423321 117 841 118 1132 119 1137 122 1034 123 990 139 909 140 983 125 994 138 883 126 909 137 807 141 909 136 815 127 824 128 929 135 769 135 844
1285 45.047282100027019 14.910343076358979 37.218441490967173 110 116 133 0.57226511945953207 119 979 121 651 141 601 117 801 123 760 126 690 139 665 136 600 127 715
744 57.94360838899081 9.2354686073030496 82.445281099025877 94 99 114 0.49056737823081525 113 372 115 323 116 379 118 479 122 274 139 255 123 254 114 370 120 355 117 471 119 464 124 233 140 428 125 349 138 256 126 304 137 244 141 348 136 244 127 347 128 356 135 458
1030 55.040666211896166 32.08364076599517 13.297451608989537 119 126 144 0.81928233232068493 122 1209 123 1250 124 1153 139 1177 140 1154 125 1182 138 1071 126 1111 137 1005 141 1082 136 1019 127 1147 128 1144 135 970
1287 17.944412099242097 -0.17797695752400594 64.65284665105878 0 0 0 0.10336229333111281 113 349 141 606
746 22.31748025195132 4.2910959069278229 62.23471940896507 0 0 0 0.6095658681025351 115 231 123 277 124 249 122 510 138 443 126 347 125 143 137 276 136 280 127 384 135 473 135 613
1043 49.301492700465523 16.479155510090713 34.703362182862882 35 35 35 1.0013594726359965 123 1197 140 1100 120 1295 122 1183 124 1147 140 1146 118 1259 119 1312 121 1094 139 1119 125 1171 138 1059 126 1100 137 995 141 1055 136 1013 127 1141 128 1139 135 968
1300 24.965115475756114 0.090507205049340456 68.862145373055739 231 231 231 1.470363119782216 113 462 114 467 141 768
1045 11.731291798732849 -4.4936482549548877 72.324724430023608 8 8 8 1.0030352983806547 115 35 113 134 114 32 111 49 124 238 140 445 114 34 121 110 122 86 125 537
1302 12.433091533578123 9.2383726073297652 56.497147226714908 0 0 0 0.56689155737606345 113 473 114 375 141 858
761 66.244318575761156 -27.607976506541394 105.75545835464625 105 106 109 1.0013011682438802 114 626 115 626 116 696 117 889 118 1201 119 1273 120 1255 121 1082 139 1150 123 1228 120 1204 124 1082 124 1124 140 1124 125 1202 138 1088 126 1140 141 1038 127 1175
1051 6.9353520103966186 -1.5789389047977789 72.126850172419282 230 230 230 0.43442393278602387 140 82 125 153 138 117 126 140 141 230
1308 56.491296305898913 13.11049855192231 48.55238645874298 118 124 142 1.0525943882959579 117 870 122 1041 123 1089 125 1069 126 990 137 811 139 920 140 991 141 915 116 706 127 945
1435 20.418711641458049 14.592314619753708 15.495028226349364 132 129 129 1.6271467405191327 121 1104 128 963
894 50.424931481826647 14.112623373609898 31.838792867985529 0 0 0 0.76913278686443975 118 930 121 641 122 750 123 737 124 654 139 646 140 662 119 854 120 598 125 750 138 621 137 572 141 579 136 585 127 685 128 330 128 701 135 571
1181 34.6162150970653 6.6853024909074499 57.319807240207943 108 113 129 0.88573190890192999 121 633 122 748 140 677 137 591
1053 40.920068248434923 3.6932972898717824 64.389636247683256 59 62 72 1.4160112035372696 117 465 118 667 140 419 125 334 138 242 123 245 124 224 119 673 126 295 137 408
1310 36.311189096832599 20.481576878369175 33.168873045993351 117 123 141 1.042261518409018 140 943 141 924 117 805
769 -1.3911075302484539 9.732916076919361 70.112046836612379 8 8 8 0.015730350117215401 113 78 124 334
1437 19.422212982677422 15.368009167815671 22.533074598118635 236 236 236 0.23500565344966204 140 1014 128 965
896 51.52848346514444 15.273116435533037 31.200036350736081 228 228 228 0.50151210419777159 121 645 123 745 139 652 140 669 118 1008 125 756 136 586 128 529 128 702
1073 47.067644183310968 16.542904926759373 34.369301390177597 0 0 0 0.45463511190462247 140 686 125 772 126 692 119 1082 123 762 138 644 120 922 122 901 141 608 127 714 128 729 121 658 135 599
1330 53.535751976541704 -3.0636140842949819 71.170214295218884 98 103 118 0.39390409782853991 117 917 118 1223 119 1302 120 1258 121 1085 122 1173 123 1233 124 1131 125 1207 126 1147 137 1036 138 1095 139 1158 140 1171 141 1075 116 731 136 1071 127 1181 128 1213 135 1017
789 59.184729838278898 28.676848489765689 12.833247441178798 9 9 9 1.1814459117553149 123 86 124 278 140 84 125 135 138 281 123 300 139 297 126 124 126 128 137 103 136 106 128 177 135 123
1334 40.038080512740237 5.8017292766272872 59.670813109443962 117 123 142 0.82709575195119633 113 254 114 301 111 121 141 218 114 369 139 253 140 429 125 346 138 254 137 243
793 65.937819348187958 17.228222656040909 16.73635336188083 109 114 131 0.97652575439234168 122 729 124 219 140 229 125 715 126 631 137 545 141 541 128 653 135 540
252 34.524838343253116 10.088335708242077 59.494289720543648 0 0 0 0.96262541406607949 115 489 116 472 117 583 118 681 119 701 121 302 120 592 122 293 139 83 123 281 124 253 140 691 125 136 138 108 126 339 137 114 136 123 127 182 128 203 135 352
1081 46.126063318898979 28.748484203511143 23.623434180772829 0 0 0 0.45562733904444414 140 947 125 1017 138 806 137 726 128 957 126 933 136 840
1338 17.743247686636568 2.0386552130263516 65.065825416995494 228 228 228 1.1334162178644123 111 332 119 964 120 902 141 856 115 446 113 424 111 294 117 562 118 798 122 754 139 678 124 669 125 787 126 716 121 291 141 617 136 842 127 957 128 762 128 961 136 630 135 866
797 52.744160545788532 12.795970063566147 41.602635084364202 64 68 79 1.4957721571824643 122 275 123 249 139 248 140 239 125 330 138 241 141 350 127 335
951 51.25219843868846 32.175805298588458 2.4382492214268492 29 30 30 0.22139529639058311 123 908 140 851 139 841 125 801 138 672 126 720 136 445 127 543 128 557 135 461
1465 11.872841920495945 15.915798772914659 20.826482798574922 0 0 0 0.67103166547469695 119 1100 120 950 135 635
924 51.841483240671693 31.953840399527493 2.4215148308374044 9 11 14 0.10027919139657955 123 556 139 495 140 725 125 561 138 299 126 355 137 280 136 260 127 366 128 191
1084 -0.35227574374025539 12.509798498412444 54.891804025857887 231 231 231 1.8892494660429928 118 1081 120 1119 122 998 124 1065 125 1097 117 798 139 948 121 1014 122 1099 139 1029 138 726 138 988 126 1083 137 908 127 1123 135 948 136 935
1340 63.722543577610857 1.5481271190135977 34.93429118391699 5 5 5 1.0020113455434962 140 571 141 498 119 943 121 743 122 871 123 667 124 584 126 605 137 507 125 696 138 563 139 578 119 1123 136 513 127 636 128 634 135 517
799 67.118217157233417 24.196698235760586 13.338431328070483 10 12 14 0.021774026930681801 124 243 140 244
953 19.554607684707545 15.227079403420971 22.339205016207227 236 236 236 0.92259707553875392 121 503 140 857 141 671
1467 15.958387738225218 15.530524147940884 21.593642930234829 236 236 236 0.1927448914370446 117 809 135 713
926 51.843019777756055 32.74169915539764 2.8277846998191101 9 11 14 0.11081498849482373 123 562 139 500 140 727 125 567 138 308 126 361 137 288 136 268 127 373 128 198 135 144
1086 14.563129867172618 12.86062635851547 25.189237304123218 236 236 236 1.9129899251079112 118 1260 125 1253
1041 66.241913349193638 14.242131129126372 15.995450688413294 95 100 115 1.5212038681779105 124 1132 139 1115 140 1132 123 1141 140 1058 125 1166 138 1009 126 1094 137 987 141 1045 136 880 136 1004 127 1069 128 1130 135 956
1298 87.946807606401393 6.1769311030175187 33.134863878245525 99 105 120 1.3925207315852635 125 693 137 498 139 571 141 731 120 1005 121 841 126 452 138 558 139 576 137 346 136 366 136 369
757 25.740464655505775 -5.0137338112113694 62.010918261129952 64 67 78 0.46470522023452154 115 373 123 886 125 905 127 831 135 778
216 24.67958861110812 -9.5794822080663202 60.97627891927705 59 62 72 0.56725638354970853 113 486 115 435 114 457 111 349 117 530 118 758 122 679 123 878 124 601 140 825 138 783 126 814 141 838 127 937 128 931
1103 45.923919507969764 28.077127752706314 23.027164450001173 93 97 112 0.29954897786161516 140 488 138 467
1042 -5.66651213817679 3.4599398450179724 62.608257187784162 10 10 10 0.36991933669578642 113 419 111 290 140 1016 113 418 116 458 111 289 121 781 119 974 117 665 120 918 122 992 139 946 123 1020 124 928 125 1092 138 981
1299 61.61499099257405 16.81435929947542 28.938423694071123 92 97 111 0.9109085415651238 140 639 141 756 121 775 127 507
1358 32.93436153153479 33.808688857157186 14.987586016324082 125 129 140 1.5755566107562233 122 369 123 593 136 302 127 392 124 839 128 785
1305 50.382489060421562 -5.7464215603617914 69.530288205532059 83 77 74 1.1149816895839033 116 600 117 772 118 982 119 1047 120 1008 121 844 123 986 124 891 125 990 139 905 140 921 141 897 126 905 137 798 136 892 127 933 128 926 135 841
1306 80.448888173551026 6.3384611181384658 67.315672510575297 105 110 126 0.40376878804789235 138 881 141 898 135 837
765 28.595732884513115 -10.613028558267665 57.544795140630022 231 231 231 0.50762567914964052 115 290 116 203 117 280 118 181 119 159 120 101 123 221 124 54 140 398 125 96 138 69 126 262 137 202 136 399 127 495 128 312 135 431
1433 37.20614968465626 33.756813318902289 10.867848850405661 107 113 129 1.4023829903436893 127 746 136 635 140 867 128 767
892 49.964066545926123 13.428197833111964 31.864230246768653 228 228 228 0.5997680110907696 121 636 122 745 123 735 124 652 139 643 140 660 118 821 119 849 122 502 125 746 138 618 126 492 126 662 137 568 141 577 136 581 128 698
1392 51.245408213150071 31.734353339447186 1.8172755479174083 9 9 9 0.40974399300692593 140 850 127 365 135 137
851 58.85538208740774 32.850437017741392 8.3848630135017164 122 122 122 0.52247480076578945 124 516 140 480 138 457 128 554
1008 30.682156515143355 33.717913081156219 8.9301117119133959 236 236 236 0.41777370419295695 123 1180 139 1098 140 1082 125 1151 138 990 126 1020 137 901 136 921 127 1042 128 1047 135 872
1265 18.036348218288978 -16.154402807576332 67.050200698878811 231 231 231 0.54181106503669074 125 706 138 579 141 521
1138 8.375739001323856 -2.9170313371283108 74.772713072650049 8 8 8 0.54470554733176291 113 25 126 517
56 -27.844056957966643 11.279315282234514 32.57884054313724 231 231 231 0.32070938137645261 115 410 113 376 117 601
597 11.709704745539481 15.121306576837608 21.739901713560734 0 0 0 0.90556096354750204 118 1095 121 898 117 847 120 1046 122 1003 123 1026 123 1116 121 974 124 938 140 1025 126 851 126 1016 125 851 135 726
1029 54.156105632283257 31.578320921751807 13.044866185086178 119 126 144 0.6256788481716874 122 1208 123 1249 124 1152 139 1176 140 1153 125 1181 138 1070 126 1110 137 1004
1286 18.090223249629116 -0.13382674566043629 65.341645613098194 0 0 0 0.15369131543920478 137 600 141 605
204 -12.505923572552796 4.7574025322582543 43.62593869188234 0 0 0 0.83284538187411938 113 356 115 399 114 433 116 464 118 1004 115 484 121 964
745 9.0569648844548905 -3.339219527239492 70.530276648855576 8 8 8 0.042925018802885448 114 43 137 432
949 2.9418124040598768 4.0184530109607817 67.912705917955108 94 99 114 0.19428511037307727 139 698 140 847 125 808
1463 15.805938331986287 14.646130993017076 23.90776357947054 0 0 0 0.98438009115114555 119 876 122 797 135 624
922 52.224621276661772 32.265207816873705 2.8699429569804153 9 11 14 0.1062390029628392 123 785 140 723 125 563 138 462 126 513 137 430 136 263 127 368 128 373 135 335
1082 68.385501710433445 6.1085920941747256 88.308926974661063 105 111 127 0.44287219590882904 115 599 116 648 117 832 118 1061 119 1135 120 1095 121 945 122 975 123 1079 124 990 139 915 140 985 125 1067 123 993 124 899 138 950 126 989 137 876 141 908 136 900 127 1021 128 1028 135 852
1060 0.48897893467102227 1.0676400190090347 62.180054160571352 8 8 8 0.089825617691129955 140 485 125 570
1317 49.912791311681218 -16.848626293404184 78.444677313596102 231 231 231 1.2614387436910537 114 589 115 581 116 640 117 820 118 1116 119 1115 120 1066 140 970 141 1012 124 969 121 919 125 972 138 864 139 893
776 -2.1079706379821723 1.5963125270486003 35.063123364498544 8 8 8 0.16369487307525901 115 226 124 500
235 4.2248829995593136 6.0340274515025927 66.53382309970776 231 231 231 1.2470469770590251 115 535 116 620 117 731 117 787 116 566 119 1202 121 958 120 1179 122 1097 139 1080 123 1157 124 1059 126 1117 138 975 136 1029
1376 15.056582838196922 12.708410783601478 27.108154637208482 236 236 236 0.51750376504835272 115 464 118 936 119 872 121 671 120 935 124 696 136 634 122 788 140 856 141 670 135 622
835 64.377051522882027 26.217020121851615 11.749876733098986 9 12 14 0.15687872652848112 124 462 140 441 122 770 141 599
992 38.176669704334103 27.569835722779988 3.8755870353990653 5 5 5 0.44755284538126183 139 1023 140 1017 123 1114 125 1091 126 1010
1249 12.185735950479746 -1.5453146529570145 73.090113455523507 231 231 231 0.24288307662494546 119 463 126 719 138 452 139 464 141 388
1122 13.411622193681596 -0.3821342281369095 69.880817384515865 228 228 228 0.53973480064705448 115 379 113 344 116 362 111 205 118 792 121 631 124 665 140 695 125 791 138 667 114 202 118 468 121 289 140 451 125 543 127 737 128 764
1064 -1.1585565643431914 9.3899155569636061 69.978010031420041 8 8 8 1.806163104733951 121 134 140 519 125 603
1321 66.24431857576117 -27.607976506541398 105.75545835464627 105 106 109 1.0013011682438904 114 625 115 625 116 695 117 888 118 1200 119 1272 121 1081 123 1229 124 1083 125 1203 126 1141 138 1089 139 1151 140 1125 141 1039 120 1203 120 1254 124 1125 127 1176
780 5.4059911095378732 7.0439568578500893 9.8181660767924228 236 236 236 2.0878854837918821 118 868 124 713
239 29.912013687943951 -12.845803778554455 64.855507471641062 231 231 231 1.8154850187566534 113 553 114 530 116 593 117 765
937 9.5220029556767294 15.051227516567328 21.967599195482563 0 0 0 0.41255715548858046 123 829 139 746 140 780 126 760 137 642 136 669 127 783 128 805
1194 71.027878544950937 6.2522544751272351 57.456152942232038 100 105 121 0.69281769808197124 121 98 122 76 141 62 119 650 120 548 123 237 117 558 122 471 126 271 137 208 138 228 139 63 140 218 125 105 139 65 127 328 128 315 135 257
1439 -1.1400121549977902 0.7295844946562775 -1.0811626928540112 141 141 141 0.022672092854611362 128 992 139 967
898 48.71034814176263 14.248107500166464 33.210500735536698 228 228 228 0.34450703628459883 123 747 124 657 139 657 140 672 120 916 121 644 138 626 126 672 137 575 141 584 136 588 127 688 135 445
1031 47.963954815690464 30.836199038624795 24.698870819179128 0 0 0 1.6150027276426562 122 1207 123 1251 140 1156 121 1157 124 1176 139 1207 125 1224 126 1177 138 1147 125 1267 137 1006 137 1072 141 1064 136 1052 127 1148 127 1197 127 1243 128 1221 135 1023
1288 55.548373125368641 31.735382556157855 12.743006204176117 115 121 139 0.66941279825244793 122 790 124 694 141 643
1406 14.063773836332231 15.270286389211165 21.243625228867497 0 0 0 1.4428446711931862 117 849 119 1216 121 970 120 1126 118 1093 118 1189 117 880 122 1108 123 1166 125 1095 138 980 126 1014 137 898 127 872 127 1102 120 1042 123 913 124 823 128 884 128 1104 140 1020 135 719 135 875
865 19.38172041752776 -16.543771454434122 69.548210972117232 231 231 231 0.91104287193008304 114 330 140 596 138 581 126 623 137 542 141 523 127 654
1022 49.616394217687585 10.471188631865264 32.915748658462014 228 228 228 0.71792070374402617 121 1090 122 1178 123 1242 124 1140 139 1167 140 1140 125 1211 137 1037 141 1052 136 1044 127 1135 128 1174 135 992
1279 37.923413380143238 5.8249067885238794 60.856827811231263 59 62 72 1.5039053078183231 116 522 117 571 118 673 126 498 137 417 138 429 141 583 119 689 140 671 140 435 127 355 127 528 128 733
1032 -5.3574276633549829 4.7290946286426818 53.891492055830071 0 0 0 2.0385508475767855 114 602 115 600
1289 55.46067786138623 32.285145970542516 12.623199652338242 118 124 142 0.66203203069349004 124 519 138 297 141 646 135 340
1407 -0.81675664317463426 1.1462155211981511 -1.1687200248000098 0 0 0 0.39610263310672789 137 83 138 85
866 67.898243805767663 11.894772260647729 17.757222489581661 57 57 57 0.99408434336858176 122 684 124 596 139 591 140 597 121 596 141 526 136 525
1023 49.616394217687585 10.471188631865264 32.915748658462014 228 228 228 0.71792070374402617 121 1091 122 1179 123 1243 124 1141 139 1168 140 1141 125 1212 137 1038 141 1053 136 1045 127 1136 128 1175 135 993
1280 60.864097670225775 23.52323279035787 7.3968892950535299 57 57 57 0.26695110966527702 138 614 139 655 140 674 141 590
739 11.709298839733545 7.9845974842291314 57.049740658178834 82 86 99 0.34409995833424828 113 366 111 242 139 694 115 403 119 852 123 779 124 685 140 711 119 705 124 493 125 807 136 763 135 717
1153 33.01391460962639 10.801887087343747 56.734169031087397 107 113 129 0.37208676253599948 116 623 117 792 118 1072 119 1142 120 1031 121 874 122 988 123 1096 125 1083 138 965 139 1008 126 1005 123 1016 124 922 124 1004 137 889 136 966 127 1034 128 1037 135 920
1033 31.882240294706016 33.78497945411582 8.2574778428136089 0 0 0 0.49487964761082143 123 1258 139 1189 140 1162 125 1232 138 1115 126 1120 137 1014 136 1028 127 1157 128 1155 135 984
1290 -6.8683136712366402 4.5806784155897855 100.39581681832523 8 8 8 0.63164693865359167 121 336 141 653 118 267
1035 32.455736259444784 33.354350423181593 17.581031877422973 114 120 137 0.68060051950186462 123 1289 124 1199 139 1229 140 1181 125 1272 138 1135 126 1180 137 1076 136 1087 127 1227 128 1227 135 1029
1292 -1.7230895726158106 10.330179510226905 71.164215213054547 8 8 8 0.9083478946091248 123 579 141 668
751 -5.5773273286602461 2.7540182942116562 61.399889163661548 8 8 8 0.61138977310767662 117 323 120 396 123 791 119 473
1419 0.60530233725351623 1.8303910617063646 -0.93333703290436543 0 0 0 0.033657768637992261 126 326 139 284
878 49.558848193716102 9.4817147870655418 33.708579166291699 228 228 228 0.3994545841983409 123 702 139 615 140 623 125 728 138 595 122 723 126 483 141 546
955 49.582043090586502 56.685685817497358 30.641797463822748 231 231 231 0.48138961730564406 123 597 139 526 140 871 124 540 125 618 138 329 126 387 137 306 136 317 127 405 128 429 135 183
1469 36.848879127006555 -8.366607786138724 54.594613526991786 107 112 129 1.0484348808494381 115 474 140 591 135 758
1088 64.664104807779125 27.054998602335289 18.452219274662255 5 5 5 0.50826208032090203 123 896 140 838 125 922 123 1014 124 925 140 941 138 800 137 581 141 771 136 740 127 699
1066 65.20284411755388 8.127649060773237 28.930666742117268 73 77 89 0.80521507570426065 120 1090 121 851 122 963 123 685 124 793 139 805 140 820 125 704 138 576 126 804 137 690 136 530 127 642 128 641 135 664
1323 62.136927368013588 8.3697625702706269 25.663496101536154 99 104 120 0.28098941646868092 140 1130 141 1044
782 30.084938820783492 4.6660101310299025 51.670338656598645 112 117 135 0.812937897125942 116 733 118 1253 119 1306 120 1291 121 1130 122 1205 123 1269 139 1204 124 1173 140 1175 125 1247 138 1129 126 1191 137 1087 136 1096 127 1220 128 1238 135 1038
1382 72.555489762402061 22.247038392935099 18.235289849547716 12 15 16 0.12135954802787552 123 242 125 109 126 79 136 49 137 61 140 234 127 82 122 505 124 228 138 78 139 69 128 97 135 55
841 58.033897224971277 27.520875722337326 6.1022607748549751 9 12 14 0.033195521963803987 123 523 124 483 140 464
1036 25.284471076531403 -5.2766836339006824 64.209181992537594 70 74 85 0.83760338440845505 116 715 117 915 118 1222 119 1303 120 1286 121 1128 122 1204 123 1266 124 1193 139 1220 140 1189 125 1262 138 1143 126 1190 137 1086 141 1093
1293 -1.6395816302962822 10.022877942148364 67.469795274398251 8 8 8 1.0563344699471291 123 578 141 673
1411 10.79750110909545 14.041393283239529 3.2525655277944949 236 236 236 2.4877973459517126 125 866 127 569
870 62.962166262553595 9.0568180551888009 28.03989913366394 62 66 76 0.65994281890003847 120 1018 121 852 122 883 124 796 139 601 140 604 125 708 126 617 137 533 141 329 127 644 128 643
1027 47.004419438880994 18.059449384620137 34.626956837070146 228 228 228 0.66414543464453168 119 1317 120 1296 121 1097 122 1184 123 1245 124 1148 139 1174 140 1149 139 1125 125 1219 138 1064 138 1104 126 1104 126 1156 141 1061 136 1049 127 1143 128 1141 128 1182 135 998
1284 64.460002939078294 26.262405585442881 11.761991907877404 9 11 14 0.16183066349225858 122 771 141 600
743 -5.2028581807577252 3.2912671002957876 63.372834134583755 8 8 8 1.3083116474360945 113 41 114 93 119 476 117 167 113 205 114 230 117 165 115 221 121 339 120 397 122 558 123 572 125 823
956 55.588757126486463 5.4168197805596066 25.735132335353409 101 106 122 0.41941277690729722 119 1130 120 1085 121 936 122 957 139 802 140 915 125 894 126 800 141 893 127 811 128 831
1470 -0.17503932254647897 13.653856386560136 57.080887559163905 0 0 0 1.0253742295539034 117 737 120 807 123 818 116 571
1089 13.213876172951649 17.174972720056186 18.230176500553277 0 0 0 0.60959030700639238 120 832 139 331 123 353 121 699 122 835 125 854 123 832 139 749 140 783 138 719 127 776 128 796 135 633
1434 16.916169570700205 -9.7070084834782069 69.372683869751839 228 228 228 0.35392237957016576 127 709 140 618 128 863
893 50.424931481826647 14.112623373609898 31.838792867985529 0 0 0 0.76913278686443975 118 929 119 853 121 640 122 749 123 736 124 653 139 645 140 661 120 597 125 749 138 620 137 571 141 578 136 584 127 684 128 329 128 700 135 570
1375 14.031271535438171 15.835891123783188 21.285865566985489 236 236 236 0.82242129067891634 118 1030 122 914 136 768 120 819 123 812 117 752 124 717 140 759 141 712 126 745 127 763 128 790
834 60.918585336572285 24.835319199268167 7.7086603027694709 9 12 14 0.12179203957178598 123 259 124 461 139 258 140 440 125 341 138 244 126 92 137 76 141 374 136 68 127 104 128 125 135 76
991 55.501358722201736 35.207818511328455 15.636433218512785 231 231 231 0.7989645924158203 122 1106 123 1108 124 1011 139 1020 140 1012 125 1019 138 901 126 932 137 832 136 837 127 952 128 954 135 703
1248 53.601883286123751 22.210700316126051 29.670979083149025 0 0 0 0.53065563671549787 125 373 126 503 141 386 121 493 128 358 119 869
1121 4.6929505591158645 5.6740436829976266 64.697269460626231 165 165 165 0.78551313024025993 122 776 140 848 125 809 139 497 126 381 122 303 138 327 136 651 127 765 128 794
958 58.365671677008784 11.947173561162318 25.236327505317238 62 66 76 0.29951442172918175 120 1100 121 946 123 882 124 897 139 810 140 924 125 904 138 784 136 723
1091 23.22934679710627 1.3650991547810316 63.919455012855465 231 231 231 1.6609780140824437 116 446 119 833 121 766 122 895 123 894 125 924 117 462 118 473 126 921 137 719 138 442 136 619 128 745 135 860
959 66.896199488117546 19.926723856781667 17.665276218279761 111 117 134 2.0866410535652986 139 913 140 926 141 550
1092 62.972908846458516 29.967143057236498 13.278829172319064 10 10 10 0.05066665972192784 140 276 138 100
1430 16.32028958778773 -7.3299690368689099 68.380122803819688 0 0 0 0.55770822891626481 113 12 128 737
889 49.370891318940743 13.024631325386981 33.047455192190633 228 228 228 0.61333716265862692 122 741 123 732 124 649 139 640 140 657 125 743 138 615 126 664 137 569 141 574 124 441 137 399 139 448 136 582 127 681 135 689 120 1028 121 869
1372 37.90417775696146 33.855770224598366 10.623462291293393 5 5 5 1.7455206344603054 140 864 136 759 127 868
831 70.285036150738364 25.353526456204335 17.295079365543465 9 12 14 0.035023422898636934 122 764 124 453 140 434
988 57.673590738047054 32.723176006556642 8.2253486424343851 124 124 124 0.37830581231625682 123 1102 124 1061 140 1006 125 1084 138 967 126 928 137 827 141 991 136 830 127 947 128 941 135 786
1245 64.103727916385424 26.83770582624593 11.727939255942543 9 12 14 0.18876105879594082 122 541 141 381
1044 7.459797158208862 -2.4360030025817525 69.224852339417168 4 4 4 1.2866288867142943 117 307 139 469 123 286 140 456 113 31 114 50 140 274 138 455 127 738
1301 64.151262510464804 33.160072005765876 13.585026118891564 231 231 231 1.3064453888616776 138 802 141 857 123 899 126 707 137 596 138 664 139 692 126 508 137 427 124 818 136 748 123 1017 127 721 135 600
760 -9.0210465347914006 6.0958963826440291 46.341279779000651 0 0 0 0.14751372729166559 122 793 139 753 123 921
1400 38.575568223403408 34.882439688735012 10.624431924908944 107 112 129 1.6534395363315204 140 761 127 745 128 406
859 1.0304556016709865 5.6696876877793825 69.481275009996324 8 8 8 1.295121348184584 121 130 140 504 125 589
1010 49.229554234657492 13.871218722997869 32.452155805101043 228 228 228 0.30173859783837126 121 1060 122 1141 123 1195 124 1096 139 1067 140 1097 125 1125 138 1014 126 1053 137 942 141 1022 136 955 127 1081 128 1082 135 963
1267 65.179598044922727 11.892956781358835 15.574953510713481 59 62 72 0.30203301520680453 122 881 123 684 124 795 126 462 138 570 139 593 141 529 137 518 136 524 135 398
185 30.565525608441778 9.6946948292020565 51.467368753188985 107 112 129 1.7624425920842681 113 547 114 380 111 429
726 13.674494110911633 15.855351546252804 21.52438542920148 236 236 236 0.4232926154887765 120 1245 121 1077 139 1088 123 1167 124 1067 140 1112 125 1140 138 1026 126 1072
1007 30.682156515143355 33.717913081156219 8.9301117119133959 236 236 236 0.41777370419295695 123 1179 139 1097 140 1081 125 1150 138 989 126 1019 137 900 136 920 127 1041 128 1046 135 871
1264 17.120207978354554 -16.847973880258408 65.538290314591677 102 107 123 0.025023217300212557 137 383 141 518
1394 16.702986541577694 19.998351285686901 6.9674576172267164 122 127 140 0.20492519996811775 123 599 127 403
853 2.1100006172287848 3.4675887222063562 64.286302933358044 8 8 8 0.96813282055757233 123 331 140 490 120 175 124 85 125 411 126 527
1137 8.2680229144399267 -2.8782677527724472 74.173100635059981 8 8 8 0.99344494332477451 113 24 126 516 141 391
596 17.39816561110403 15.50681465274392 21.477730615714353 0 0 0 0.59391972770284807 117 744 121 791 139 711 120 812 122 804 119 883 123 797 140 862 125 592 125 815 138 683 126 734 137 620 141 786 136 762 127 870 128 771 135 709
1388 4.3575558109686643 5.6411046567567 6.42171708709059 0 0 0 1.3041738435501706 120 628 127 192
847 57.743023977368566 31.065443755032469 8.0026407649443936 9 12 14 0.10182796239456128 123 318 124 506 139 304 140 474 125 383 138 289 126 336 137 263 136 113 127 164 128 184 135 129
1391 51.335880827826571 31.782814011924305 1.8124595608875052 9 9 9 0.46813408134279438 140 849 127 364
850 56.192249789713628 30.994797997672979 13.345363150495995 114 120 138 0.69969843478892069 124 509 140 478 141 416
1134 17.848329541258554 2.2475888698332214 65.209273230264628 228 228 228 0.77910086743471429 113 294 126 353
1384 40.447534123101413 -2.7454869792697254 57.178555196889697 59 62 72 2.0543802328578922 117 301 141 193 127 88 136 53 118 458 124 208 138 229 140 221 128 111 128 320 136 56 139 234 135 267 125 311 118 459 123 492 126 275 136 412 116 440 117 541
1000 47.692316692180967 17.271594022970028 41.117752366603192 86 81 77 0.38244589923121453 139 1074 140 1065 126 1064
1257 108.84558115647803 1.572442683986969 48.763397670053124 0 0 0 1.3601310232768782 122 657 126 594 138 555 139 568 140 566 141 487 119 935 136 498 127 623 128 621 135 505
1370 11.711838091922559 15.574578836489168 21.426522777928412 236 236 236 0.42293916389729447 119 998 123 823 124 726 138 716 139 740 136 660 128 800
829 25.148437295258351 -1.1560763243139334 67.922632637425167 84 88 102 1.7706344801021272 139 453 140 432 126 500 141 357
1116 34.441593084799152 3.2802883430388898 46.457484420712696 64 67 78 1.7730471965925656 116 687 118 1129 119 1198 120 1097 121 863 122 1035 123 995 125 996 140 1060 138 887 120 1173 123 1081 124 992 124 901 126 915 120 1024 136 903
1283 55.791620306298356 20.884319693941791 27.345276539379313 109 115 132 0.82598452593203453 122 768 141 598 139 666 138 638 127 704 128 713 135 583
1156 18.849297865289216 -4.6529599655576561 65.198719010993074 228 228 228 0.44916381187384352 113 282 119 448 126 686 140 656 125 761 141 573 135 606
1025 51.103076981094908 13.790012184706113 30.618231783160876 103 103 103 0.91106394810929903 120 1294 121 1093 122 1182 124 1144 140 1143 125 1169 138 1057 126 1098 137 991 141 1054 136 1009 127 1137 128 1137 135 962
1282 18.844981270119561 -0.6121649481114293 63.285741493148826 109 114 131 0.90049181822895485 123 752 125 773 141 597 138 646 126 705
741 -2.9778279219562425 2.1665024767900265 47.892516967231799 8 8 8 1.4473147953294481 119 470 122 307 139 504 119 471
1155 15.248880168025201 15.581900054383611 21.363441451953179 236 236 236 0.57659000392989002 118 1244 119 1297 120 1278 121 1108 126 1118 127 1155 128 1153 135 986
1024 51.565318694818131 11.939432250140065 29.415295233454877 228 228 228 1.0345798152936192 120 1292 121 1131 122 1180 123 1244 124 1142 139 1169 140 1142 125 1213 138 1098 126 1149 137 1039 141 1079 136 1043 127 1183 135 991
1281 25.609498720942259 1.5502506574148505 71.944022431945356 0 0 0 1.2485114094415442 114 353 115 318 141 594
1021 52.574798679513073 9.4741444530965371 40.920711445354705 71 75 86 0.5598369182659515 118 1254 119 1337 120 1290 121 1129 122 1177 123 1241 124 1139 139 1166 140 1135 125 1210 138 1099 126 1151 137 1040 141 1078 136 1046 127 1184 128 1176 135 994
1278 35.471631880866944 2.8522366009871667 56.636039305153844 108 114 130 0.79865056327987849 119 831 141 568
1018 61.438394936267869 8.2601662572775716 25.413282146754231 100 105 121 0.48641357206173252 120 1288 122 1172 123 1192 124 1129 139 1114 140 1131 125 1164 138 1054 126 1093 137 986 141 1043 136 1003 127 1132 128 1129 135 955
1275 20.394271517887155 -5.7745135604703162 61.2306604155904 112 118 135 1.6000035781631823 139 620 141 556 123 705 125 736 138 609
1015 54.566683905590871 22.300167311937351 29.088345178383928 0 0 0 0.30372652188407984 119 1292 120 1269 121 1066 122 1146 123 1152 124 1103 139 1075 140 1106 125 1131 138 1019 126 1062 137 949 141 985 136 960 127 1088 128 1088 135 915
1272 75.279086185519361 10.852448019456927 62.937927732236346 96 101 116 1.2593465572909925 121 617 124 625 125 726 137 553 141 539 119 836 122 713 123 494 126 484 139 438 128 684 135 685
1014 50.305915558348779 17.70125912959444 31.257298930924804 34 34 34 0.63109175891364044 119 1314 120 1267 121 1096 122 1143 123 1198 124 1102 139 1120 140 1102 118 1239 125 1173 138 1060 126 1057 137 994 141 1027 136 959 127 1086 128 1087 135 967
1271 61.040512190426206 11.795566128786309 26.504593435229829 89 94 108 0.9882913231777537 120 776 122 708 124 617 138 408 141 537 136 203
1269 27.848954840780308 -11.055152771688521 63.366599168885394 98 103 118 0.21206272061151013 115 360 117 437 122 253 123 480 141 533 116 341 125 510 126 479 139 430 127 655
728 13.473230604668169 16.366282965358351 19.874084143294589 236 236 236 0.44314153925469862 119 1266 120 1249 121 1080 122 1160 139 1093 123 1174 124 1072 140 1116 125 1146 138 1031 126 1078 137 961 136 981 127 1108 128 1111 135 932
1142 49.902943998299371 13.141332071175505 28.552244044343684 0 0 0 0.51426034642427876 119 1069 121 772 124 809 140 650 126 649 120 910 122 899 138 605 119 1144 120 1103 137 559 136 575 127 827 128 689 135 687
1011 48.984046593900771 13.835447124050976 32.295283861431066 228 228 228 0.52653924905182625 118 1234 119 1289 120 1265 121 1061 122 1142 123 1196 124 1097 139 1068 140 1098 125 1126 138 1015 126 1054 137 943 141 1023 136 956 127 1082 128 1083 135 964
1268 19.358600550115675 -16.030313015931302 71.05014973379599 231 231 231 0.59279089029969889 126 627 141 530 136 560
186 -16.780654447182407 13.353095147458069 41.864231614956807 231 231 231 1.2057274468960431 115 408 114 385 117 675 118 845 120 825 120 1133
727 13.473230604668169 16.366282965358351 19.874084143294589 236 236 236 0.44314153925469862 119 1265 120 1248 121 1079 122 1159 139 1092 123 1173 124 1071 140 1115 125 1145 138 1030 126 1077 137 960 136 980 127 1107 128 1110 135 931
1009 66.719637694734658 17.92341410671839 16.109824217698733 29 30 30 1.3804263076898948 123 1143 124 1094 139 1116 140 1091 125 1120 138 1011 126 980 137 935 141 1016 136 950 127 1014 128 1133 135 959
1266 65.155971392164403 11.88817482061828 15.570411702689082 59 62 72 0.29327135838551316 122 880 124 794 126 461 138 569 141 528 123 683 137 517 139 592 136 523 135 397 135 519
1006 -7.1069119341759679 8.3003167478072246 47.457590189652002 0 0 0 0.57462507780189598 139 949 140 1077 125 1154 138 995
1263 56.478582435061782 7.3613170757249851 19.852931874606966 116 122 140 1.5983074316761567 122 878 138 386 141 517 126 239 128 485
1136 53.35880172123894 11.120247757590647 43.309972678894425 99 104 120 0.41098765732097975 122 492 140 416 126 488 125 321 124 438 137 398 136 420 128 528
54 -8.4752174310819228 6.3288750328303314 46.870375612172715 166 166 166 0.51697178516559217 115 402 113 432 114 366 116 470 118 928 121 784 121 889 120 930 122 997
1003 39.031492204811947 27.58955173854125 3.5104368413755678 231 231 231 0.44204418333779361 123 1113 139 1022 140 1073 125 1090 138 974 126 934 137 833 136 839 127 955 128 955 135 792
1260 31.756406802702219 -11.634792536980203 58.596840657199863 231 231 231 0.11203585750921896 113 400 141 509
1002 55.193272642852762 34.297942890506818 5.8854156056418443 124 124 124 0.42893901699227827 123 1106 139 1017 140 1070 125 1086 138 971 126 1007 137 891 141 998 136 834 127 949 128 947 135 789
1259 59.623663640505043 3.4935579893615967 29.258083901036066 114 119 137 0.28675604962835394 122 453 124 401 137 349 141 503 119 945 120 726 121 576 123 460 126 235 138 380 139 419 136 373 127 292 128 287 135 394
999 56.040616753080428 11.975008580871803 27.563732363914127 111 116 133 0.57503849830967912 119 1285 120 1263 121 1054 122 1134 123 1144 124 1093 139 1063 140 1059 121 1089 125 1121 138 1012 126 1050 137 937 141 1018 136 951 127 1073 128 1077 135 908
1256 55.31141589392859 31.137580066981382 12.858130756677188 114 120 138 0.3494724989678023 124 515 141 417
997 71.091812150102442 13.033569560162505 18.136311997838188 57 57 57 0.9758414607996253 122 1082 123 1140 124 1045 139 1059 140 1057 125 1119 138 1007 126 973 137 931 141 967 136 946 127 1006 128 1011 135 903
1254 27.193832212184603 15.242061179279881 4.6158927530202645 0 0 0 0.17583819946014151 124 508 140 487
996 71.238676423137889 8.5550672834427086 26.831243616675604 57 57 57 0.81403936271588995 120 1219 121 1046 122 1081 123 1069 124 1044 139 983 140 1054 125 1054 138 936 126 970 137 861 136 875 127 1003 128 1010 135 826
1253 4.0425915056596224 -0.17546720277695052 71.815369176427822 8 8 8 0.62878898082346224 113 154 117 91 141 410
995 28.647986482919009 31.266062119186699 11.471563427021064 0 0 0 1.1434363628442419 139 951 140 1034 123 1034 124 745 137 752 126 852
1252 60.265516641060159 31.729446555504158 12.569381607519738 230 230 230 0.69080449770625296 122 786 124 503 125 548 139 477 141 407 124 690 136 254 127 166 128 186
993 -8.3586278681004043 7.8574188953871325 48.216058414672638 166 166 166 1.6541624923559819 123 1029 140 1029 138 1081
1250 66.594411933352248 30.775671859159857 14.346778645613297 9 9 9 0.96168882983628801 139 283 141 393 122 574 123 295 138 96 124 273 136 98 125 129
989 54.684425554560733 32.836387694396116 6.5792221785356242 124 124 124 0.419095585695412 123 1104 124 1009 139 1015 140 1007 124 1063 125 1085 138 899 138 968 126 929 137 828 141 925 141 994 136 833 127 948 128 946 135 787
1246 73.851835454782375 31.660176234612361 18.667603740859853 9 9 9 0.10581382372644818 124 473 141 383
705 14.032858590934866 -2.8691392721576228 67.607103661629296 228 228 228 1.1631736184081851 115 305 119 654 139 828 125 925 141 769
987 57.303535486930649 31.281606918119607 8.994283675989406 124 124 124 0.49332828713630045 123 1100 139 1011 140 1005 125 1016 138 898 126 925 137 825 141 923 136 828 128 940 135 783
1244 64.103727916385424 26.83770582624593 11.727939255942543 9 12 14 0.18876105879594082 122 540 141 380
1226 52.213907826954539 2.4514155208094905 34.713760023820221 109 114 131 0.94796068756038565 140 206 141 324
965 61.077580609568301 24.199331469942198 7.5836065030296425 10 16 13 0.41137806152869288 123 1009 124 1002 139 823 140 935 125 913 138 791 126 658 137 564 141 919 136 571 127 671 128 687 135 679
1222 21.944688938610312 -17.624283289145311 69.620127431389818 231 231 231 0.33253307106600283 140 199 141 315 120 94
1095 49.292705168159905 10.764553842768224 41.158995907408979 61 64 74 1.4993339215109664 120 584 121 287 122 273 140 237 138 236 124 225 126 284 140 238 137 224 141 216 118 683 136 214 127 334 128 332 135 285
936 48.855884766304854 56.684224328758447 35.109288332029671 0 0 0 1.0554658757659987 123 834 124 738 140 779 139 762 125 859 140 1026 126 759 137 640 141 693 141 935 136 471
1450 38.943643669951634 0.9883385121354088 56.785199560099954 0 0 0 0.7466899446588442 113 360 115 317
909 50.231340871711772 18.402579795049547 30.721727630769195 0 0 0 0.75615530285331944 139 675 140 688 119 1086 123 764 124 671 138 433 138 642 141 610 122 766 136 239 127 839 119 1157 120 1035 125 770 126 688 137 585 128 725 135 593
1193 71.228780430831335 6.2674006061399155 57.563912649736011 100 105 121 0.54550055221331828 119 649 141 61 117 557 120 547 123 236 126 270 138 227 139 62 122 470 137 207 136 205 127 327 128 314 135 256
1170 64.005695582050407 26.770743315329312 11.715479552788949 0 0 0 0.031093440702743995 124 467 140 257
1366 13.618589635405035 15.971254590261029 20.537196417938169 0 0 0 0.38012200954481934 123 817 125 841 126 752 139 734 140 768 136 461 138 708 135 371
1109 49.258889957155638 11.818177466139195 33.674023179407513 0 0 0 0.47837703450644187 140 648 138 608 141 564 120 785 137 395 127 678 128 695
1365 13.618589635405035 15.971254590261029 20.537196417938169 0 0 0 0.38012200954481934 123 816 125 840 126 751 139 733 140 767 136 460 138 707 135 370
1108 53.390637610365367 11.8931819674498 28.950665555347339 228 228 228 0.50532429014852676 123 704 125 725 140 625 138 592 122 728 120 907 119 972 126 640 141 548 137 551 136 563 127 661 128 517 128 676 135 554
1364 15.621171135311222 15.244265620172015 22.125056508699192 236 236 236 0.16996606775462522 141 685 136 455 127 556
823 67.371813077816611 9.8485696325686423 17.90992723846389 99 105 120 0.6640623929256072 123 466 139 421 140 387 125 492 138 382 126 237 141 505 136 372 127 291 128 279 135 391
1107 53.226927302758995 5.8118054375548684 39.206059592581141 90 95 109 0.50993445271190441 118 1062 119 1060 120 1016 121 855 122 885 123 880 124 800 125 712 139 809 140 827 138 585 117 835 126 812 137 700 141 839 136 552 128 844 135 676
1106 2.0302237169060016 4.0439060491505101 68.42498359289516 8 8 8 0.96390917358827433 123 339 138 477 126 530 141 423 125 581
1105 2.0312615456937246 4.0357744133401017 68.407723213377579 8 8 8 0.86293986412904911 123 338 138 476 124 89 126 529 125 580 141 422
1102 58.609629508005476 31.978341515070628 8.8733454545252641 124 124 124 0.57802374294221737 140 708 138 454 137 266 139 308 128 361 128 550
1357 12.027359042763202 12.455015957803571 19.981206228660312 0 0 0 0.05922609699548223 122 345 136 301
816 61.762658806905137 31.852875117948216 12.176465907732167 9 9 9 0.56367977927332047 123 92 140 280 137 108
1100 48.868427093631809 4.0235453698706332 32.022006445858167 107 113 130 0.61796107495025721 118 910 119 817 124 419 140 821 138 400 126 619 137 200 141 744 127 479 135 532
1355 15.666298568612586 14.96471619025183 25.246358970390112 0 0 0 0.033121271342450062 122 342 136 299
814 60.753663608401752 29.291292006458249 10.064894622981207 9 12 14 0.15421619275082765 123 298 124 488 139 294 140 277 125 374 126 121 141 398
1098 -0.91176760704683002 1.7398539365494234 -1.0472454154066004 236 236 236 0.061760007673952358 139 334 138 332
1096 37.5949915238184 5.0209422987431855 60.000476814830918 59 62 72 1.8752289033785956 117 468 118 671 119 682 124 231 140 431 138 255 120 572 117 469 126 307 137 245 137 414 141 356
1093 69.110649587004488 10.271063818401135 18.809201448979358 59 62 72 0.58954115935550244 122 462 140 203 138 204 141 516
1087 -7.5676866953828448 8.1154362941383571 47.598537765015244 0 0 0 0.98750137016669637 140 1183 125 1256 138 1138
1085 -7.1069119341759581 8.3003167478072175 47.457590189651945 0 0 0 0.57462507780182215 139 950 140 1078 125 1155 138 996
930 -5.6513270215810358 3.2494694480456747 50.857264952003206 8 8 8 0.29274320628943301 123 575 124 518 140 743 121 347 122 316 116 115
927 51.843019777756055 32.74169915539764 2.8277846998191101 9 11 14 0.11081498849482373 123 561 139 499 140 728 125 566 138 307 126 360 137 287 136 267 127 372 128 197 135 143
925 51.833221421449061 31.947690453534179 2.420874308377178 9 11 14 0.10425012642371408 123 557 139 496 140 726 125 562 138 300 126 356 137 281 136 261 127 367 128 192 135 334
923 52.224621276661772 32.265207816873705 2.8699429569804153 9 11 14 0.1062390029628392 123 786 140 724 125 564 138 463 126 514 137 431 136 264 127 369 128 374 135 336
921 5.4798181243810831 6.7825180071348266 70.664275153243821 0 0 0 1.1976314848327274 117 580 120 791 140 722 116 461 118 1001 123 1105 124 926 119 975 125 931 128 1112
920 55.773198309337978 34.986375349603044 15.081396032729639 5 5 5 1.1319666959928325 124 700 140 721 122 813
919 54.473002031214421 33.386079363689596 13.301491412535322 90 95 110 0.44190412343968727 122 805 123 784 124 697 140 717 138 465
918 21.899981778812585 13.82556936965161 46.734477394953629 82 86 99 0.38672093429669552 115 460 140 712
917 56.111487117517221 30.964031555536959 13.347731710067578 114 120 138 0.68582233027479933 124 692 140 709 141 640
916 58.240942843621383 26.95105277769964 6.1220047010982972 9 12 14 0.011448416395206013 124 676 140 702
915 54.633878738192251 23.298964229275121 28.824811258716142 108 114 130 0.63202328199744229 119 1090 120 1037 122 902 124 675 139 684 140 701 126 698 141 772 136 434 127 527 120 805 122 775
914 49.62453783665967 20.533679986779443 30.464155422196328 228 228 228 0.84019630806657442 118 843 139 682 140 700 138 652 141 621 127 720 135 602
913 45.791308273075579 18.225601736212905 35.203392184797153 228 228 228 0.92648563121764083 119 983 121 665 123 770 140 698 118 1012 139 680 118 837 120 800 125 783 138 657 126 702 137 594 141 619 136 609 135 699 118 1083
912 45.791308273075614 18.225601736212923 35.203392184797181 228 228 228 0.92648563121762784 118 838 120 801 121 666 123 769 140 697 119 984 139 679 118 1013 125 782 138 656 126 701 137 593 141 618 136 608 135 698 118 1084
911 17.701037143870252 1.9106658834591588 62.768666772867206 99 104 120 0.65145006795000338 123 766 140 693 125 784
910 18.686240635459296 0.78639791909326573 64.646171520887734 99 104 120 0.83125793523321079 111 99 120 777 122 747 140 689 125 781 126 709 141 611
908 50.223654257985935 18.403394791424976 30.69354580200271 0 0 0 0.81581475887043986 119 1085 122 765 139 674 140 687 118 1014 121 661 123 763 124 670 138 432 138 641 141 609 136 240 127 838 120 1034 125 769 126 687 137 584 128 724 135 592
907 47.074166283724637 16.542791793527211 34.366071544709975 0 0 0 0.39961240478328691 119 1081 122 900 123 761 139 672 140 685 120 921 125 771 138 643 126 691 141 607 127 713 128 728 135 598
906 18.385425532709991 -0.23941885928344742 66.520151464375886 0 0 0 0.30266351072948039 139 671 140 684 124 660 125 778
905 18.320215307237262 -0.23553737754194645 66.263800234334738 0 0 0 0.30917968163297516 124 659 139 670 140 683 125 777 138 654
904 14.383439534166209 -2.1759133179353549 68.150803229073119 0 0 0 0.31609926379019171 123 757 124 656 139 669 140 682 141 604
903 48.926816354428887 16.446287159860173 33.074333496210265 228 228 228 0.41134823597406978 118 1010 119 1079 123 754 124 667 140 679 120 919 139 664 121 653 141 596 135 588
902 49.084141108453281 16.521014529981677 33.227376275827503 228 228 228 0.80401517089281094 118 1011 119 1080 120 920 123 753 124 666 139 663 140 678 121 652 141 595 135 308 135 587 118 832 119 866
901 48.842012537076343 14.971151593092108 33.066001195711564 0 0 0 0.70286138215379645 119 1077 121 649 122 756 123 750 124 662 140 676 118 1006 139 662 138 630 126 828 119 1150 137 577 141 589 127 696 128 710 135 449 135 582
900 48.869619497596958 14.962766425949898 33.065300531057986 0 0 0 0.56266612181105335 118 1007 119 1078 121 648 122 755 123 749 124 661 140 675 139 661 138 629 141 588 127 695 128 709 135 448 135 581
899 48.71034814176263 14.248107500166464 33.210500735536698 228 228 228 0.34450703628459883 123 748 124 658 139 658 140 673 120 915 121 643 138 627 126 673 137 576 141 585 136 589 127 689 135 446
897 51.52848346514444 15.273116435533037 31.200036350736081 228 228 228 0.50151210419777159 121 646 123 746 139 653 140 670 118 1009 125 757 136 587 128 530 128 703
895 22.381819687214012 -2.2099219240961014 63.038394308099619 109 115 132 0.83532213139850731 116 443 117 551 124 639 140 664 118 778 125 764
891 49.921841529911532 13.420043906891923 31.848069188276725 228 228 228 0.63243631123862265 118 820 119 848 121 635 122 744 123 734 124 651 139 642 140 659 125 745 138 617 126 491 126 661 137 567 141 576 136 580 127 680 128 697
890 49.370891318940643 13.024631325386956 33.047455192190561 228 228 228 0.61333716265863736 122 742 123 733 124 650 139 641 140 658 125 744 138 616 126 663 120 1029 121 870 137 570 141 575 124 442 137 400 139 449 136 583 127 682 135 690
888 60.526760502233223 16.953005255906724 30.023424241959756 69 73 85 0.68464118265204077 120 914 122 746 123 723 124 647 139 635 140 651 119 1076 119 1148 125 741 126 650 137 560 141 558 136 573 127 674 128 525 135 561
887 51.771566579374465 11.654329610068281 40.436053072805109 65 69 80 0.7822175828237713 118 1002 119 970 120 908 121 770 122 735 124 807 139 241 140 646 138 611 126 283 137 703 141 759 136 732 127 828
886 58.732872965691996 16.10905689874345 27.69081919811596 92 97 111 0.64192164513380212 121 774 122 739 123 719 124 643 139 625 140 638 120 912 119 1074 125 734 138 599 126 646 137 555 136 568 127 506 128 685 135 558
885 53.142520125634981 11.208200737401803 41.692498504287599 92 97 111 0.87513545154137806 118 925 119 968 120 905 121 629 122 733 123 718 124 641 139 630 140 637 117 668 125 740 138 416 126 653 137 563 141 755 136 578 127 513 135 568
884 53.08158073766775 11.194518110771941 41.649096615066107 92 97 111 0.87020670301154179 118 924 119 967 120 904 121 628 122 732 123 717 124 640 139 629 140 636 117 667 125 739 138 415 126 652 137 562 141 754 136 577 127 512 128 696 135 567
882 59.935787062572203 15.419010103599266 29.342587106633211 72 76 87 0.76891962242783685 120 909 121 771 122 894 123 888 124 806 139 818 140 630 119 1071 119 1143 125 731 126 819 141 750 135 678
881 65.131260647006144 4.8436666318155162 84.793210047893524 106 112 128 0.96637090744981402 114 472 115 449 116 451 118 789 119 826 122 714 123 708 140 628 118 661 122 479 119 458 123 241 124 66 116 233 138 414 138 603 126 659 137 566 136 79 128 336 128 708 135 286
879 53.359381887130837 11.878969220462389 28.944223839246849 228 228 228 0.48984456977713292 120 906 139 616 140 624 123 703 125 724 138 591 137 550 141 547 136 562 135 553
877 50.446008776874216 9.7194720759822353 34.312836064799114 228 228 228 0.59643450701941303 123 701 139 614 140 622 125 727 138 594 141 545 135 680 128 846 119 1063 127 822 118 998
876 16.801960416818584 -9.6656043759726824 68.922972258642361 228 228 228 0.62357936739975628 114 18 140 619 127 708 128 862
874 56.630287167609637 7.6062374608008012 27.00224025548998 108 113 130 0.5761322000775746 119 827 120 754 121 446 122 466 123 231 124 420 139 431 140 609 141 534 135 410
873 65.7104868050493 13.123321506539387 15.940745535880874 59 62 72 0.2527977038735581 123 691 124 606 139 597 140 607 125 503 123 483 139 429 135 403
872 65.769725701774917 13.141758464810044 15.95412109499321 59 62 72 0.21444877068983098 124 605 139 596 140 606 125 502 123 482 139 428 135 404
871 62.962166262553595 9.0568180551888009 28.03989913366394 62 66 76 0.65994281890003847 120 1017 121 853 122 884 124 797 139 602 140 605 125 709 126 618 137 534 141 330 127 645 128 644
869 68.32369407871262 12.857567584232356 17.970916673254326 57 57 57 0.61166570252108265 122 690 123 687 124 603 140 602 137 520 141 532 127 472 135 401
868 29.6679525573572 -11.55684546208691 64.888260772600802 231 231 231 0.62460825971674871 124 412 139 595 140 600 118 442 119 431 121 431 122 249 121 265 125 507 138 402 126 624 137 544 136 725 127 652 128 669 135 677
867 67.747568792285165 11.872414089950681 17.727115036169533 57 57 57 1.0285865232717553 122 685 124 597 140 598 121 597 141 527 136 526
863 62.786672719437668 8.4828196239666855 24.204613122827517 106 111 128 0.61033542458452228 120 881 121 590 122 464 123 222 140 594 124 417 125 295
862 59.749093609540132 3.5005730861742554 29.323809152491197 113 119 136 0.29121571845777555 124 402 139 420 140 579 119 946 120 727 121 577 122 454 123 461 138 381 126 236 137 350 141 504 140 386 136 374 127 293 128 288 135 395
861 -1.4292072500247968 9.716710332718165 68.891110978054783 8 8 8 0.15324476195369086 140 522 125 610
858 1.3509955052916649 5.1750148961988538 69.570112184921584 8 8 8 1.0465187298735223 122 305 140 503 125 588
857 56.295584689229571 35.290203459897633 15.53991810120063 231 231 231 1.3395381898931433 122 812 140 496 123 347 138 315
856 54.645586523577457 33.702405617668475 6.3901053482798087 10 24 43 0.14671197311122783 123 346 124 523 139 319 140 495 125 395 138 306 126 139 137 286 141 425 136 121 127 180 128 200 135 148
855 54.645586523577457 33.702405617668475 6.3901053482798087 10 24 43 0.14671197311122783 123 345 124 522 139 318 140 494 125 394 138 305 126 138 137 285 141 424 136 120 127 179 128 199 135 147
852 54.81673419065492 33.468160406035381 6.6140986466521401 123 124 123 0.18126324484450634 123 554 124 521 139 494 140 489 125 392 138 302 126 358 137 283 141 648 124 701 136 266 127 177 128 195 135 145
849 54.97008915783298 30.145832449788557 4.4687503047421444 9 11 14 0.013860434654081027 123 544 140 476
848 57.859400047265751 31.285350626456445 8.5124050904867783 9 12 14 0.37470198737618965 124 691 139 483 140 475 138 292 137 264 141 635 135 319
846 57.743023977368566 31.065443755032469 8.0026407649443936 9 12 14 0.10182796239456128 123 317 124 505 139 303 140 473 125 382 138 288 126 335 137 262 136 112 127 163 128 183 135 128
845 54.877796181874821 29.294412239765343 4.0437588338067023 9 11 14 0.03465311278567914 123 536 140 472 125 379
844 62.432814274777499 32.541490275597688 12.447699800278048 231 231 231 0.59780503169202059 122 785 140 470 123 314 141 237 136 111
842 58.033897224971277 27.520875722337326 6.1022607748549751 9 12 14 0.033195521963803987 123 524 124 484 140 465
840 69.283988771753528 32.627366046354098 15.608362053360379 9 9 9 1.4441202989505355 123 297 139 291 140 463 126 322 136 238 127 154 128 176 135 124 135 301
839 65.635021981761895 30.834755590258293 14.829051710298796 9 9 9 0.94002728474683317 139 290 140 462 123 296 136 237 135 300
838 67.320896361052931 30.964321403154507 15.636131778320426 9 9 9 0.97878674406678146 122 573 123 292 140 455 126 316 136 235 128 166 127 144 135 117
837 67.544305794797125 31.085357088603047 15.681428462776902 9 9 9 1.31431462202713 122 572 123 291 140 454 126 317 136 234 127 143 138 276 128 165 135 116
836 26.603724838698486 2.3935945492863624 73.845065263014519 0 0 0 0.95815163186966223 116 370 122 500 140 443 117 466 138 653 122 743 125 775 123 759 126 708 137 598 136 620 127 849 135 704 128 752
833 60.918585336572285 24.835319199268167 7.7086603027694709 9 12 14 0.12179203957178598 123 260 124 460 139 257 140 439 125 342 138 243 126 93 137 77 141 375 136 69 127 105 128 126 135 77
832 61.532494812554283 20.75481989258768 31.016411710521577 94 99 114 0.78366265133391177 120 923 121 656 123 751 124 451 139 457 140 438 138 424 126 493 136 421
830 70.263478382948904 25.345230450140075 17.290655877060807 9 12 14 0.11378173378375026 122 763 123 258 124 452 139 254 140 433 125 331 138 240 126 91 137 71 135 78
828 67.451954517043262 23.590827225102426 13.356877339460425 10 12 14 0.057131407247179168 122 762 124 449 140 425
827 67.451954517043191 23.590827225102405 13.356877339460404 10 12 14 0.057131407247184816 124 448 140 424 122 761
826 9.5704600387908911 1.1087617619435441 7.7321682537720875 100 105 121 1.250489032145838 121 97 140 415 122 75
822 57.216532376674849 38.413371684816035 16.545059479372238 231 231 231 1.7824054373546658 122 823 123 349 124 703 140 294 125 409 138 325 139 321 124 338 126 372 137 296 141 247 122 358 136 284 127 388 128 399 135 355
821 55.345896391611845 37.002197643529385 15.943398058629255 231 231 231 1.4871911615527904 122 822 123 788 140 293 124 702 139 702 125 408 126 371 137 295 123 348 136 283 127 387 128 398 135 354
820 2.4700652091958815 3.6977447464080493 66.651068121731328 229 229 229 1.0872120155650906 121 323 123 329 124 84 140 291 138 475 141 421
818 58.207803392113135 30.491770904243992 11.172981035214438 9 9 9 1.4412731268677035 122 587 140 285 123 315 124 502 139 473 125 380 138 111 126 130 137 261 141 408 136 114 136 251 127 162 127 165 128 182 128 360 135 130
815 60.753663608401752 29.291292006458249 10.064894622981207 9 12 14 0.15421619275082765 123 299 124 487 139 293 140 278 125 375 126 122 141 399
813 66.759929055575284 31.320437918299557 14.213844757732275 9 9 9 1.5768557933125225 122 577 123 81 139 85 140 273 138 97 124 277 139 86 123 82 125 131 126 119 126 123 137 92 137 95 141 229 127 150 128 167 135 118
812 70.386271567426263 31.934903403742148 15.369401185011165 9 9 9 1.0867371883007018 123 290 140 272 136 97 138 95 125 369 127 142 135 291
811 63.174475126820639 27.782096827335984 19.245864575939631 5 5 5 0.45664185898047494 124 475 139 467 140 271 138 437 141 390
810 63.106506949113523 27.753534815305891 19.232494104870995 5 5 5 0.46904914434497141 124 474 139 466 140 270 138 436 141 389 135 119
809 45.33462818719093 17.379567257217868 38.497542900633675 87 81 77 0.6004517096512515 116 483 117 484 118 689 119 712 120 408 121 328 124 259 140 269 116 392 136 255 127 168 135 337
808 56.238759423016795 23.105144287677845 28.44897528880659 100 105 121 0.48884577810505292 119 870 120 621 121 494 122 298 124 76 139 278 140 266 123 283 125 364 138 275 126 120 137 96 141 384 127 156
807 45.627184776224929 16.360120206254344 38.830530601045176 59 62 72 0.94974109452663846 120 613 121 320 122 296 123 275 140 260 119 488 137 249 141 226
805 66.850001451599809 27.618495285513728 15.152639173611075 10 12 14 0.1207659746820279 122 539 123 274 124 261 139 273 140 256 125 124 138 259 126 105 137 85 141 377 136 84 127 114 128 134 135 91
804 66.850001451599809 27.618495285513728 15.152639173611075 10 12 14 0.1207659746820279 123 273 124 260 140 255 139 272 125 123 138 258 137 84 141 376 122 538 136 83 126 104 127 113 128 133 135 90
803 63.946757744018889 25.851488910902614 11.231868391432679 9 12 14 0.018398613127240452 123 262 140 254
802 69.90115662087068 25.995478344420139 17.268300544414789 9 12 14 0.11647922164006501 122 532 123 78 124 247 139 80 140 250 125 120 137 74 141 222 136 71 127 106
801 69.90115662087068 25.995478344420139 17.268300544414789 9 12 14 0.11647922164006501 122 531 123 79 124 246 139 79 140 249 125 121 137 75 141 223 136 72 127 107
800 52.365260412965661 14.123514208939387 42.184355327712197 64 68 78 1.1307981316961462 124 241 139 256 140 247 123 257 141 358 135 295
798 50.898739566508347 12.94261285494739 40.52023048320612 64 68 78 1.7951982662464425 139 250 140 242 123 251 124 234 124 240 122 278 141 355
796 70.089379441370454 21.578774059741086 14.93238908236455 10 12 14 0.067121098290568712 123 70 124 227 140 233 139 68 122 504 125 108 138 77 126 77 141 210
228 -8.1765105065417405 7.6499666872032437 46.922828511704772 166 166 166 0.51476390540304506 113 434 114 478 116 568 119 988 121 892 120 1039 120 1118 122 1057 124 1019 139 1036
1337 17.746765176998135 2.0470142650070229 65.068559034665739 228 228 228 1.1764673236582315 111 331 119 963 120 901 141 855 115 445 113 423 111 293 117 561 118 797 122 753 139 677 124 668 125 786 126 715 121 290 141 616 136 841 127 956 128 761 128 960 136 629 137 605 135 865
795 70.089379441370468 21.578774059741097 14.932389082364551 10 12 14 0.067121098290572181 122 503 123 69 124 226 140 232 139 67 125 107 138 76 126 78 141 209
1363 15.616038497460522 15.238185489119827 22.122427909306765 236 236 236 0.21393555428337244 141 686 136 454 127 555 137 624
254 26.511502278794776 -14.381079830478644 64.703828864024217 231 231 231 0.91657830503627702 113 550 115 548 114 571 116 588 111 410 117 761 118 1037 119 1117 121 923 120 1069 122 1025 139 1056 123 1066 124 976 140 1053 141 962
794 70.015043653837125 20.612455841233839 14.419703803522831 10 12 14 0.13072257236545071 122 276 124 222 139 238 140 231 138 75 141 206 127 73 128 89
1362 37.597885367729809 2.2667485800550669 57.724073107043637 92 97 111 0.30644128385247066 122 485 140 412 136 423
253 -13.918035084672509 16.6371202799229 42.050389303057045 231 231 231 1.9083920961464929 113 517 114 567 111 303
226 12.454394580467065 7.5261962781337886 56.926223050239649 117 123 141 0.70690311451451815 113 440 114 476 116 466 111 298 117 582 118 812 119 850 121 486 120 792 122 772 139 837 123 778 124 681 124 814 140 843 125 805 138 811 126 842 126 936 137 738 141 644 141 780 136 844 127 866 128 878 128 970 135 806
1335 2.283540457833551 3.5524401027528709 67.091066420879059 8 8 8 1.6112674706400874 123 332 140 491 120 176 124 86 125 412 126 528 141 420 123 325 124 83 140 290
791 57.20610104810401 4.3766973631829345 28.109351177105218 59 62 72 0.25406394828839568 119 633 120 535 122 254 124 203 139 218 140 202 121 270 138 59 126 64 137 43 136 25
250 -8.5766030855945115 3.4954004699781369 46.81075189875758 0 0 0 0.0070015070021827702 113 539 114 550
790 57.73156492886465 31.97860546299032 8.474925608701886 14 25 44 0.15289608487922066 123 98 124 321 139 99 140 87 125 152 141 239
788 63.108698616875394 30.163336659511081 13.552824921114611 229 229 229 1.2202240338430201 123 85 124 82 140 80 125 133 138 279 122 579 139 296 126 320 137 98 141 397 136 103 127 152 128 173 135 122
1356 12.027359042763202 12.455015957803571 19.981206228660312 0 0 0 0.05922609699548223 122 346 136 300
247 36.470336331718237 -8.0791212610284955 52.569801503322616 231 231 231 0.86337122108110442 113 556 115 511 114 538 116 595 117 712 118 975 121 742 122 875 139 800 124 788 140 914 125 897 138 776 126 806 137 693 141 828 136 719 127 815 128 837 135 757
220 3.4785980170040669 0.96731779463981349 71.891460929819075 231 231 231 0.63007995412046236 115 481 114 466 141 990
1329 70.006316034027719 4.3337863433589137 52.736639879022306 67 71 82 1.1389726016354087 119 1304 120 1287 121 1125 122 1203 123 1232 124 1130 125 1206 126 1172 137 1065 138 1094 139 1157 140 1170 141 1074 136 1069 127 1216 128 1210 135 1015
787 63.10869861687538 30.163336659511081 13.552824921114603 229 229 229 1.2202240338430304 123 84 124 81 139 295 140 79 122 578 125 132 138 278 126 319 137 97 141 396 136 102 127 151 128 172 135 121
219 17.545973787456209 -1.7820170902416848 65.427752921500627 228 228 228 0.58170179442207759 113 459 114 465 116 521 111 325 117 657 118 912 119 957 120 894 122 892 139 932 123 1010 124 810 124 908 140 938 125 1010 126 1000 137 886 136 914 127 1031 128 1096 135 923
1328 57.415591426968369 -11.997764465099388 76.218219131078982 231 231 231 0.76701481101633662 115 639 116 698 117 891 118 1159 119 1230 120 1211 140 1129 141 1073 124 1041 123 1138 125 1117 126 1047 138 1006 139 1055 137 984 136 1005 127 1068 128 1131 135 957
786 64.946823780645346 25.267691240727231 18.063867561877242 9 9 9 0.60086749359870173 122 297 124 73 140 74 139 82 125 122 126 96 141 224
218 33.789238099996673 -5.7847337423554732 51.400102592783817 110 116 133 0.56881892194642825 115 440 114 463 116 430 111 400 113 496 117 534 118 761 119 613 120 721 122 675 139 599 123 689 124 416 140 608 125 509 138 403 126 478 137 543 141 743 136 550 127 649 128 667
1327 56.909764031363679 -11.99748358533882 75.613715854543642 231 231 231 0.75399202113066477 115 638 117 890 120 1210 121 1041 140 1128 141 1072 116 697 118 1158 119 1229 122 1126
785 62.740106342555151 8.9875727787965598 27.41514043837239 104 110 126 0.63667050800406322 121 595 122 467 123 63 124 602 139 598 140 67 138 71 126 616 137 51 136 30 135 41 135 524
217 24.669725099729693 -9.578983571207365 60.943036826730363 59 62 72 0.56334183434070773 113 487 115 436 114 458 111 350 117 531 118 757 121 580 120 720 122 678 123 877 124 600 140 824 138 782 126 813 141 837 127 936 128 930
1326 49.468916039640106 19.579566497082126 31.155337126113949 228 228 228 0.75009809482174461 120 1298 121 1100 122 1186 123 1246 124 1149 125 1176 126 1103 137 998 138 1063 141 1062 139 1126 125 1220 139 1175 136 1014 127 1142 128 1140 135 969
784 20.273980331381793 -16.278506765965147 68.848021198182181 59 62 72 0.35029723571901916 118 171 121 80 123 218 124 52 139 220 140 65 120 95 125 303 138 219 126 477 137 388 136 554 127 501 128 670
783 68.006192079236541 9.1447489475691413 18.412763205522687 109 115 132 0.96602820144150958 121 271 122 458 123 55 140 63 137 40
242 28.137476830744696 -10.958486332064615 58.156218090311462 59 62 72 0.7358027062545367 115 510 114 533 116 594 117 767 118 972 119 1037 121 834 120 999 122 955 139 985 123 1070 124 978 140 976 125 1058 138 942 126 979 137 933 141 965 136 949 127 1072 128 1075 135 961
779 12.980205636712357 8.0815455088374151 55.923117589024109 119 125 143 0.62644321057909691 115 325 124 683
238 24.31593757718251 -12.542711338192342 60.649413999174499 66 70 81 0.71975784205969862 113 523 114 527 116 503 111 411 117 637 118 602 119 583 120 514 122 451 123 476 124 406 140 819 125 504 138 399 126 475 137 387 141 895 136 549 136 805 127 499 128 510 135 550 135 842
211 -7.1116763847807407 8.3679356534405223 47.71855985094092 0 0 0 0.49253499796077971 113 439 114 444 117 593 111 233 121 785 122 999 124 933
1320 62.594415551255608 11.577236464309252 52.796356535083127 109 114 131 0.58801766159715008 121 1055 122 1136 123 1148 124 1049 125 1123 126 1052 137 941 139 1066 140 1095 141 1021 127 1079 128 1081 135 911
775 -1.0468371617476726 1.0814213993697555 29.16312530283329 8 8 8 0.19899715483870359 115 225 124 491
234 34.358306688521303 -8.4145056075720817 50.666849941198208 231 231 231 0.7001387875000773 113 527 115 432 114 495 116 422 117 526 118 742 121 569 120 711 122 664 139 425 123 676 138 388 125 496 126 469 137 523 141 738 136 535 127 478 128 648 135 672
207 -9.4122205008698625 5.5956834468581738 46.028419536692638 166 166 166 0.68279455824699375 115 455 114 437 116 468 111 216 119 711 121 886 120 620 116 270 124 932
1316 36.707279956680409 32.422113841113351 8.2963693090934267 5 5 5 1.2826706182015437 125 1139 126 1071 141 1002 138 983 136 918 127 1038
773 40.119834964975517 -7.0168704178110781 54.389128854007573 231 231 231 0.73155676726949059 115 439 116 507 117 445 118 754 119 604 121 89 122 70 124 409 123 220 140 393 125 300 139 55 138 396 126 258 135 674
232 -28.276790982872786 18.413448413331707 35.133828729290727 231 231 231 0.14433225808102582 115 502 114 488 116 577
205 -12.569125964596601 4.7271761985625336 43.689693408043773 0 0 0 0.3278574687491505 113 357 115 400 114 434 116 465
1314 36.168850510381418 -12.261008705062244 60.704171732307316 118 124 142 1.0733870434909241 114 573 118 1040 141 959 113 555
772 38.349302537890466 -6.7544423445847857 51.926636922675129 231 231 231 1.2141759585278995 115 438 116 506 117 444 118 753 119 603 121 88 122 69 124 408 123 219 140 392 125 299 139 54 138 395 126 257 136 394 127 647 135 673 128 838 121 839 122 670 123 875 126 807
768 1.8377692937690069 1.7451497514975733 131.34696995188773 8 8 8 0.16338326634920555 115 63 124 275
1336 19.341679470141457 -16.455646857366951 69.385887740719255 231 231 231 1.3238867890868837 113 261 111 122 114 144 141 522 114 329 140 595 138 580 126 622 137 541 127 653
227 -8.1817799280637011 7.6720270651931655 46.995842343661707 166 166 166 0.59094516870685798 113 433 114 477 116 567 117 591 118 826 119 987 121 891 120 1038 122 1056 124 1018
200 15.987756937253119 -3.7859692765546109 67.428914365939377 228 228 228 0.51857265688255039 115 443 114 420 116 518 119 953 121 757 120 889 122 890 139 930 123 1003 140 931 125 1008 138 893 126 998 137 885 141 917 136 912 127 1030 128 1095 135 922
1309 63.826248611803187 30.974198544559105 13.472335316918208 216 216 216 0.18230872435727119 139 939 141 921
766 59.488496554160086 5.8423985363975239 80.107630560285131 95 100 115 0.28594063255409036 115 320 116 374 117 316 118 470 119 460 120 348 121 107 139 71 124 68 122 82 140 70 125 115 126 286 137 229 141 208 136 220 136 221 127 127 128 341 135 303
198 -31.015910614322525 -4.2282133625148104 31.075303261835064 231 231 231 2.1632948165371673 113 397 114 411
1307 58.631018043501548 13.889015658499114 28.025798137172583 64 68 79 1.1907873531350275 126 908 137 804 141 910 123 991 138 882 139 910
763 -10.595978949250931 7.6385159294910556 45.178688808594245 166 166 166 0.57047711631848252 114 371 121 787 122 1001 139 1039 123 1032 122 910 139 953
1331 60.219724397475481 14.599368178811787 27.918728398760358 64 68 79 1.2093653876220838 121 1150 122 1223 124 1170 141 1094
222 -8.3244938909412642 3.180726981000757 46.584096131868421 0 0 0 0.6515642373940147 113 422 115 395 114 471 116 524 111 328 118 811 119 977 119 1073 121 882 120 1033 122 907
762 -10.595978949250931 7.6385159294910556 45.178688808594245 166 166 166 0.57047711631848252 114 372 121 788 122 1002 139 1040 123 1033 122 911 139 954
1346 -1.9212814484100442 10.951403951727311 64.190661121788025 8 8 8 3.3414688112492614 111 113 141 677
237 12.338276760932242 9.32176132880344 56.538342622534493 0 0 0 0.54000291730112182 113 510 115 488 114 523 116 473 111 406 117 588 140 945 141 992
210 -7.1116763847807407 8.3679356534405223 47.71855985094092 0 0 0 0.49253499796077971 113 438 114 443 117 594 111 232 121 786 122 1000 124 934
1319 62.594415551255608 11.577236464309252 52.796356535083127 109 114 131 0.58801766159715008 121 1056 122 1137 123 1147 124 1048 125 1122 126 1051 137 940 139 1065 140 1094 141 1020 127 1078 128 1080 135 910
236 -10.901919955751799 7.4636360269370119 44.881933413855023 166 166 166 0.18061940288803696 115 540 114 519 116 626 111 369 117 795 118 1077 119 1212 120 1187
233 34.358306688521303 -8.4145056075720817 50.666849941198208 231 231 231 0.7001387875000773 113 526 114 494 116 421 115 431 117 525 118 741 121 568 120 710 122 663 139 424 123 675 125 495 138 387 126 468 137 522 141 737 136 534 127 477 128 647 135 671
206 -9.4122205008698625 5.5956834468581738 46.028419536692638 166 166 166 0.68279455824699375 115 454 114 436 116 467 111 215 119 710 116 269 121 885 120 619 124 931
1315 53.782953525404302 3.1791740845765171 38.150145373040118 102 107 123 0.57120284167012914 118 1123 119 1128 120 1086 122 962 123 985 124 889 125 987 126 902 138 878 140 978 141 968 117 830 125 707 136 801 127 925 128 921 135 755
1339 14.004226448206328 15.223390011949929 21.151389348287456 0 0 0 1.4933828481937808 117 850 119 1217 121 971 120 1127 118 1094 118 1190 117 881 140 1021 125 1094 138 979 126 1013 137 897 141 937 120 1043 139 720 123 912 124 824 127 871 127 1101 128 883 128 1103 135 718 135 874
230 -15.733731693444318 13.942812628727536 44.925287124670703 118 124 143 0.62351603568885583 115 493 114 483 117 803 118 1089 119 1165 121 1025 120 1130
203 -8.3370861841816684 0.73513002284351636 46.693568999381412 165 165 165 0.41311043991165547 115 315 114 426 116 371 117 569 119 845
1312 109.47042748882168 1.0886839225364693 47.847933606798073 0 0 0 0.95788351306180541 121 1039 122 1075 123 1130 124 968 125 1040 126 961 137 925 138 923 139 1051 140 1050 141 954 122 1124 136 861 127 990 128 1000 135 893
1322 68.325824236979003 3.1192108132609064 34.445447921370899 99 104 120 0.49115460557362334 119 1280 120 1256 121 1043 122 1127 123 1137 124 1085 125 1112 126 1045 137 927 138 1003 139 1054 140 1088 141 1041 136 944 127 1066 128 1070 135 953
213 28.702944265335422 -12.847095481692325 64.195279824624677 80 84 97 0.61782083410565192 113 449 114 449 116 417
202 36.059899234435235 -3.8462757570217949 52.167970782834772 59 62 72 1.8353293689235066 113 461 114 423 116 346 111 366 117 288 118 450 119 435 117 293 120 336 140 213 138 72 125 102 126 74 126 268 118 455 137 54 137 56 141 184 136 45 127 80 127 329 128 99 128 102 136 47
1311 14.952352073336847 12.725849136385522 26.87516112290848 236 236 236 0.51202607388390275 123 910 137 743 141 931 139 843 138 813 128 967
194 32.420468560039403 -11.009748934866629 57.031536932521391 231 231 231 0.95339564697276602 113 450 114 405 116 315 121 255 122 233 141 510
735 -0.40182553607645549 11.685123775804172 53.261570050591942 231 231 231 1.4224132075269589 118 1182 117 873 119 1255 123 1254
167 -11.066438797597595 7.8754372138958191 44.869719857284004 166 166 166 0.23127085983353038 115 330 114 303 111 226
1276 49.258889957155581 11.818177466139183 33.674023179407477 0 0 0 0.47837703450643126 120 784 137 394 140 647 141 563 127 677 138 607 128 694
1297 16.061868791189259 15.395201814114094 21.473786709306346 236 236 236 0.59776891976429414 117 489 141 688
188 -29.430516938418908 19.109194189726857 34.859012295245286 86 91 104 0.90158765269153507 115 341 114 392 116 492
729 16.283280004555166 15.160065956765411 20.860003829054904 0 0 0 0.5517197730753175 120 1276 121 1106 139 1131 118 1242 119 1323 123 1211 125 1186 138 1073 126 1116 137 1011 136 1025 127 1154 128 1150 135 982
187 23.807970410468858 14.729448404012746 48.756160292533224 60 64 74 0.3514741955445625 113 383 114 389
1296 -2.8502559608042004 12.094086298113019 65.035975695188426 8 8 8 2.5937930566214615 123 587 141 679
182 -13.970411491413209 2.8304623448053694 43.372152678081349 165 165 165 0.42708269739213545 113 416 114 357
1291 54.61151760968928 34.978333651428891 6.3746738398584526 9 9 9 0.45624094490413841 123 565 141 654 126 365 136 271 127 376 135 342
168 -11.066438797597595 7.8754372138958191 44.869719857284004 166 166 166 0.23127085983353038 115 331 114 304 111 227
1277 53.232330722415114 13.985530968315775 30.333227149534817 0 0 0 0.10614070637437148 140 649 141 565
1274 57.659338650661653 13.693816785901285 28.361632608844555 111 117 134 1.3693119533250513 122 730 124 631 140 626 141 549 128 674 135 551
165 -32.695049728874935 3.4196205885701985 29.210612035947502 75 79 91 0.32784631589912522 113 290 114 296 111 61
706 13.763149239441342 -0.47688972601103335 70.842980792009584 228 228 228 0.39346777399256677 116 445 120 781 139 832 123 897 137 720 127 959
164 -29.391044504586095 2.0763784048007703 31.791228633560063 94 99 114 0.47708157309650823 115 396 114 292 116 381 111 53
1273 27.409345090160919 -4.8919135646189664 65.194562185331421 112 118 136 2.2694330694556579 139 618 141 542 127 694
1270 66.792962607995719 14.515423085061622 15.56226452906072 97 102 117 0.50065980401760213 122 704 124 613 125 710 141 535
161 -5.0936446592569213 3.0111947010729705 50.06522025955281 8 8 8 0.022945935175973813 115 228 114 244
702 13.408988631687963 16.527141554079403 19.548874834872397 236 236 236 0.5164728437565036 119 1001 139 742 121 696 122 833 126 758 123 827 124 732 136 658 128 579 135 492
149 -5.9329190259501177 3.2364449584306869 62.081960663672717 231 231 231 0.49604147995047887 115 111 116 104 111 22 117 169 122 106 123 794
690 15.898746764339238 15.518567255001161 22.464265791552499 236 236 236 0.42851908806745004 122 814 139 712 123 798 125 821 120 944 138 687 136 645 128 779
689 11.489721542319032 8.8880332115943617 58.463191921340567 92 97 112 0.56416489429158856 117 587 139 699 138 681 126 731 137 744 136 647 135 628
688 19.798697630727588 -5.1491484940816941 64.213050508902541 0 0 0 0.41154731448850612 115 371 139 634 123 714 140 644 121 452 126 680 141 562 136 603 127 717 128 735
1255 4.560101904165248 0.62638705433115693 70.671196467818049 8 8 8 0.56926421096280155 111 19 125 398 126 522 139 307 123 310 141 413
146 4.3171321731023689 -0.31912613410536739 69.891862480465406 8 8 8 1.0597337234321418 113 37 115 55 114 59 116 56 111 65 117 88 118 217 121 121 120 151 123 527 119 197 124 262 141 409
687 -10.371045210790195 8.0008327320974413 46.035272829343349 166 166 166 0.22025919335853739 122 599 139 524 123 596
1251 61.448468408056371 30.563964139389554 16.080578111369498 114 120 138 1.0273806777548227 122 580 141 400 124 494
142 -20.703794978855562 -1.0519561928506285 38.417125045250692 75 80 92 0.46616418779875507 113 132 115 213 114 45 116 59 117 320 118 482 119 704 120 618
1247 53.602500227726793 22.200042704653061 29.636199848395325 0 0 0 0.33630275262201026 125 372 141 385 121 492 128 357
138 29.572334162879052 -10.674040603828987 66.995779063932204 59 62 72 1.216351055213017 115 25 114 13 116 25 117 283 140 212
1243 63.670802483571173 25.249188388240526 17.421623284485886 9 9 9 0.83375999241914323 124 255 125 353 137 233 141 373 123 266 139 264 136 81 128 132 135 93
134 -13.805194028677981 11.480288769709343 44.096696344112111 59 62 72 0.86408702661925862 115 647 113 614 114 635 116 735 111 458
675 4.5390809197087307 0.69224689691841368 71.090349103761184 8 8 8 1.2813541447257177 111 18 139 306 123 309 124 77 139 96 125 397 126 521 141 412
1242 63.670802483571173 25.249188388240526 17.421623284485886 9 9 9 0.83375999241914323 124 254 125 352 137 232 141 372 123 265 139 263 136 80 128 131 135 92
133 10.575578681486293 6.8478195804568758 60.421633062778518 120 126 144 2.0555166108554661 115 645 114 633 118 1230 116 720 117 921 116 734 117 933 139 1222 123 1282 120 1319 121 1152 124 1194 119 1339 122 1225 125 1269
674 4.851732517867438 0.25625152362007153 70.631535037106801 8 8 8 0.34436130941008475 114 68 139 302 123 306 126 378
1241 64.151801411452837 25.958991489428758 11.25728101618742 10 12 14 0.19173077270310807 122 536 141 370
132 -11.278210174322528 11.468943426848949 45.740933539872294 166 166 166 1.1072718414003784 115 635 113 601 114 622 116 723 111 449 117 926 118 1240 119 1321 121 1158 120 1303 122 1232 124 1200
673 4.7503771869731697 -0.1411810049961591 69.085032775747777 231 231 231 0.90158868845543305 114 289 139 300 123 303 138 311 141 405
1240 63.714356495211291 23.709521659196437 17.392096988422686 231 231 231 0.53954594953812773 139 455 141 369 137 226 125 338 121 489 124 248 128 327 135 271
131 -11.983723426126312 5.2887302727693202 44.844770220444516 0 0 0 0.95833872002346887 115 632 113 596 114 618 116 702 111 444 117 923 118 1233 119 1315 121 1155 120 1300 122 1229
1239 53.390765014235477 15.250450948880896 44.23853973738813 94 99 114 1.5512416295224443 137 412 141 364 138 425 128 720
130 -8.9998736490408291 4.4270565241785862 46.229214368539438 0 0 0 0.69497766095380809 115 631 113 594 114 616 116 719 111 455 117 922 118 1231 119 1311 121 1154 120 1321 122 1226
671 5.1730576429269393 -0.063030695448108187 71.535110732256726 8 8 8 0.93656218965693638 111 17 139 92 123 91 124 75 138 312 126 374 126 375 137 442
1238 37.229863382220096 5.8396857723156046 59.725688508784621 0 0 0 1.5610382063214165 113 442 114 438 111 301
129 45.4561914700042 3.0003245677781623 63.489265611264202 107 113 129 0.69128579276583413 115 629 113 612 114 632 116 700 117 868 118 1170 119 1242 121 1001 120 1221 122 1088 139 1064 123 1146 124 1047 140 1093 125 1124 138 1013 126 1099 137 992 141 1019 136 1011 127 1139 128 1138 135 965
670 12.923277413201175 15.756496737963799 20.801764553457229 236 236 236 1.2507480498426244 118 1264 119 1325 120 1306 121 1141 122 1214 139 1185 138 1113 137 1051 128 1197
1237 70.487973058683707 25.434481082456383 17.347675546128933 9 11 14 0.14379729561344867 122 529 141 361
128 34.903068744026733 -1.0129364888884567 54.89963215781593 112 118 135 1.60132617202448 115 628 113 609 116 716 114 629 117 918 118 1224 119 1283 121 1051 120 1220 120 1260 122 1131 122 1175 139 1201 123 1234 124 1088 124 1134 140 1172 125 1246 126 1150 141 1047 136 1073 127 1218 128 1177 135 996
669 12.818134899327244 15.635987152190047 20.593052470327663 236 236 236 1.2124306371859104 119 1324 120 1305 121 1140 122 1213 118 1263 139 1184 123 1276 124 1184 140 1194 125 1255 138 1112 126 1181 137 1050 136 1057 127 1229 128 1196 135 1006
1167 54.482779841590215 22.716688328830202 27.941578517628322 0 0 0 0.5263035727366584 121 495 124 471 140 268 137 248 127 350 135 318
58 15.958366190097321 -3.7722189631360301 67.310205157923335 228 228 228 0.47492003840374147 115 444 113 457 114 421 116 519 111 316 117 652 118 909 119 952 121 756 120 888 122 889 139 929 123 1002 124 906 140 930 125 1007 138 892 126 997 137 884 141 916 136 911 127 1029 128 1094 135 921
599 16.344218765506088 15.089502507911742 22.11486086583988 0 0 0 0.77026805057563175 117 879 118 1186 119 1258 121 1019 120 1241 122 1102 139 1085 125 1137 126 1070 137 893 127 1097 128 1102 135 926
1166 -0.89864374773542988 1.1577554892990998 -1.1996253456307011 10 12 14 0.39770581289709095 138 252 137 246 136 228
57 -30.553923353162816 17.348524633226109 34.334931295485354 59 62 72 0.76601735888464495 115 412 113 380 114 391 116 490 111 253
598 11.724042937951289 15.133123076887124 21.760013526667411 0 0 0 0.92654297848296585 118 1096 121 899 117 848 120 1047 122 1004 123 1027 124 939 140 1024 138 903 126 850 126 1015 125 850 121 975 123 1115 122 918 135 725
55 -11.79541831792557 11.928183907647535 44.169501533090056 59 62 72 0.78679294476501838 115 405 113 375 114 445 116 535 118 841 119 989 121 897 122 920 124 739
1164 -0.81705554937156266 1.1361394057239234 -1.1694799212231828 9 12 14 0.50561079010551213 138 234 137 231
