# 3D point list with one line of data per point:
#   POINT3D_ID, X, Y, Z, R, G, B, ERROR, TRACK[] as (IMAGE_ID, POINT2D_IDX)
# Number of points: 1239, mean track length: 5.5786924939467308
1375 4.5457827757446196 9.5680716084930157 -3.0039914636980689 0 0 0 0.14111993969257847 119 1081 123 761 139 672 140 685
1374 10.720111721040563 5.7901312408167289 4.2645704239519846 0 0 0 0.31704294262268534 139 671 140 684 124 660
1373 10.720111721040563 5.7901312408167289 4.2645704239519846 0 0 0 0.31704294262268534 139 670 140 683 124 659
1372 11.254243577857212 5.2643698433115445 5.0854658337786347 0 0 0 0.31701348360007076 123 757 139 669 140 682 124 656
1366 4.32511198289997 8.7643867383198977 -3.3453548711562391 228 228 228 0.25597352410610469 123 747 139 657 140 672 120 916 121 644 124 657
1364 4.2018211117561215 9.4156699243251403 -4.1723428704731722 228 228 228 0.52261012226544601 121 645 123 745 139 652 140 669 118 1008
1363 4.33087072191001 9.0357097535038182 -3.9202732100125006 0 0 0 0.65194944179380387 118 930 121 641 123 737 139 646 140 662 119 854 120 598 124 654
1362 4.3308707219100064 9.0357097535038147 -3.9202732100124971 0 0 0 0.65194944179376901 118 929 119 853 121 640 123 736 139 645 140 661 120 597 124 653
1344 11.838786754478582 3.9980583788612138 4.0713439017683104 228 228 228 1.2899470856688184 107 170 114 18 140 619
1343 4.3722590809369759 8.0583660481552499 -5.9426060444421296 108 113 130 0.58321374906290357 119 827 120 754 121 446 123 231 139 431 140 609 124 420
1336 2.7176097977974232 9.2241783308110286 -8.5571720836190046 57 57 57 0.807627399791782 139 591 140 597 124 596
1335 13.160433590164654 3.2231511841076825 3.2510520358410506 231 231 231 0.15968749682018019 114 330 140 596
1334 13.160433590164654 3.2231511841076825 3.2510520358410506 231 231 231 0.15968749682018019 114 329 140 595
1333 3.9380118118454086 8.4463170830682266 -7.1240735939871902 106 111 128 0.44897730004326181 120 881 121 590 123 222 140 594 124 417
1332 5.4436284750101391 7.8622258041483848 -6.6608285332078729 113 119 136 0.36133444855677116 139 420 140 579 119 946 120 727 121 577 123 461 124 402
1329 9.467219954035329 5.8739284731395678 8.9741179016797865 8 8 8 1.3006186709677916 108 53 140 519
1328 8.9916038147120361 4.9114727311650821 7.776141044314004 8 8 8 0.83825098862253888 121 130 140 504
1325 9.3498361641170895 4.778067512086376 7.5261587688388287 8 8 8 0.95761616580280695 123 332 140 491 120 176 124 86
1315 0.19009706396945733 12.838086996096328 -7.5261791356163741 9 9 9 0.32150579835238791 123 297 139 291 140 463
1312 0.42167575966535692 13.047582424499666 -7.7437049919286709 9 9 9 0.049433614442402435 123 291 140 454
1302 2.9593110559118831 8.8770054057391832 -8.6346111751386569 99 105 120 0.50619838915658977 123 466 139 421 140 387
1301 -0.80726244483973997 12.889752631788928 -4.8564237140936974 231 231 231 1.8442686017385086 123 349 140 294 124 703
1286 0.55738029261681643 11.871352822622223 -7.5984415711398903 10 12 14 0.055612142989534243 123 274 139 273 140 256 124 261
1283 1.2729808310352997 12.036223502917577 -8.094262167798826 9 12 14 0.048948731331216862 123 78 139 80 140 250 124 247
1282 1.2729808310352997 12.036223502917577 -8.094262167798826 9 12 14 0.048948731331216862 123 79 139 79 140 249 124 246
1279 6.6459773256246262 10.036614290545431 -3.7331432642674698 64 68 79 1.0970323086526417 123 249 139 248 140 239
1268 -0.30525344552894351 11.422731967082102 -6.5571983520439279 229 229 229 0.47405879065113371 123 84 139 295 140 79 124 81
1265 3.2680723806904508 9.0354700791571041 -8.9636410746980513 109 115 132 0.42587473136719672 121 271 123 55 140 63
1256 23.890861418023718 8.8939732757157177 -3.3256877615916092 105 106 109 0.89441484528686355 114 626 115 626 116 696 117 889 118 1201 119 1273 120 1255 121 1082 139 1150 123 1228 120 1204 140 1124 124 1082 124 1124
1253 0.52623920162567173 4.9851448032873211 2.1519563523376282 0 0 0 0.531329996255262 120 1043 139 720 123 912 124 824
1252 10.710556439250588 5.3121948165410373 2.1487939356909722 64 67 78 0.063787865926781512 115 373 123 886
1251 -0.38480624933509694 4.7737591862805226 2.1699295856416598 0 0 0 0.47479802600682852 139 749 123 832 140 783
1250 -0.38480624933509694 4.7737591862805226 2.1699295856416598 0 0 0 0.47479802600682852 139 748 123 831 140 782
1249 0.35198330566911784 4.2800753424660973 3.0531249045883846 0 0 0 0.21977206535735905 139 747 123 830 140 781
1235 1.1153546934859282 10.182197666838066 -2.914286543669097 117 123 141 0.64319159724244457 120 942 139 315 123 548 119 1094 121 789 124 512 124 693
1234 11.098255152132786 3.2516876014631837 1.7990732371612717 231 231 231 1.1834301756502688 116 310 119 575 120 312 121 76 139 423 123 463 117 402 118 595 119 154 124 398
1233 -0.33942970573793163 4.9015560361989721 2.1703293239554151 0 0 0 0.63678653878696578 120 832 139 331 123 353 121 699
1217 0.21017477112108446 4.6278362031322011 2.3552426528488533 236 236 236 0.73368616005015197 119 1325 120 1306 121 1141 139 1185 118 1264
1216 0.18973122733550124 4.5964933297893555 2.3508995021540393 236 236 236 0.890267417608824 119 1324 120 1305 121 1140 139 1184 118 1263 123 1276 140 1194 124 1184
1211 11.803444660364368 4.3012262020022689 4.0445320790851582 228 228 228 0.43790437033029955 116 678 121 1047 139 1162 123 1238 140 1136 124 1089
1209 0.40074076375537004 4.78536398530537 1.67862636240666 0 0 0 0.717851421110694 120 1276 121 1106 139 1131 118 1242 119 1323 123 1211
1205 0.0058865358270127257 4.7395913140527872 2.2088606900665173 236 236 236 0.54570616779492365 119 1265 120 1248 121 1079 139 1092 123 1173 140 1115 124 1071
1195 4.7534230885962918 9.3804059499754491 -1.7535211472540122 108 114 131 0.41780956777969408 117 875 118 1143 119 1208 120 1115 121 960 139 936 140 1000
1193 14.842334280116603 12.320090470023494 -2.4200018715703737 105 111 127 0.37048769934221837 115 599 116 648 117 832 118 1061 119 1135 120 1095 121 945 139 915 123 993 140 985 124 899
1189 0.3669275231804211 4.8026955794412771 2.068555074420535 236 236 236 0.25525157401081755 119 1098 139 850
1178 0.47627619545005695 4.5483750002292034 2.5512664108319658 236 236 236 0.63526506050252729 117 680 139 729 118 861 140 763 124 528
1171 1.0162682430191377 10.122664347826026 -2.9373466228349403 75 79 92 0.34757779443122822 119 997 120 943 121 676 139 492 124 514
1166 25.003907854739769 6.7202518841155028 -4.6050276021445038 158 158 158 1.3882333419723927 114 447 115 415 117 501 120 482 139 381 118 549 119 522 123 428 140 547 124 372
1152 0.35611806928476764 4.6120925076715249 2.1322647831443904 0 0 0 1.0697585621335 117 849 119 1216 121 970 120 1126 118 1093 118 1189 117 880 123 1166
1143 0.72855135088203826 4.5937218078793505 2.61308296172969 236 236 236 0.084447686247183254 116 493 120 813
1116 0.56544651664392098 5.0645406857808357 1.5468875801389648 0 0 0 0.71652390251320164 121 791 117 744 139 711 120 812 119 883 123 797 140 862
1113 9.2923911990033208 5.5338975490146254 -0.8469962030408088 99 105 120 0.22850549914830934 115 558 116 598 118 981 119 1042 121 746 117 714 120 1006 139 808 123 876 140 920 124 791
1109 3.8674371462566555 1.8076734049409044 9.3492649481030679 0 0 0 0.43255117533601062 107 92 121 684
1108 15.089494939899863 12.906992291172443 -1.4555711817261527 84 89 102 0.8518593323714635 114 474 117 568 139 451 121 283 119 196 123 76
1107 12.035905905485475 4.0623977688806097 1.1814694417332723 80 84 97 0.43508015916606602 110 249 117 520
1106 0.16448467192397942 4.0120669048556978 2.4773043287323508 236 236 236 1.6784111804928763 121 363 117 491 118 700 140 770
1105 0.16448467192398109 4.0120669048557014 2.4773043287323513 236 236 236 1.6784111804928887 118 699 121 362 117 490 140 769
1104 6.1993022601066929 3.6799791840023426 -0.37978501629183792 231 231 231 1.4699435097880642 101 399 116 507 118 754 119 604 121 89 117 445 123 220 140 393 124 409
1102 8.577699228466459 3.8127856554007837 8.985735697148785 8 8 8 0.61562227077990495 114 94 118 275 119 478 116 106 120 399
1100 8.6918659814574539 3.8508032468877036 8.7142324014488057 8 8 8 0.24668547866804072 113 205 121 339 117 165 120 397
1099 8.4676281208529325 3.7498251128411257 8.4867119825065416 8 8 8 0.4023405787638924 119 475 117 164 115 110 116 99 120 394
1098 6.7577827728610513 3.1975276514606512 7.9918264718598202 231 231 231 0.83796835738043374 116 619 118 1070 119 1146 121 962 117 788 120 1109 139 1026 123 1161 124 1008
1090 0.60122985774374293 4.5665084037271644 2.5835601882422439 236 236 236 0.3652015667663886 118 1188 119 1261 121 1075 117 908 120 1243 139 1087 123 1169 140 1111 124 1112
1089 0.60122985774374293 4.5665084037271644 2.5835601882422439 236 236 236 0.3652015667663886 118 1187 119 1260 121 1074 117 907 120 1242 139 1086 123 1168 140 1110 124 1111
1087 0.36320780911704553 4.3098186799482532 2.9879619040587491 0 0 0 0.52092116898687046 118 1192 119 1218 121 1023 117 882 120 1188 123 1176 139 1094 140 1118 124 1074
1086 0.36548729212138792 4.6334433219210025 2.2890201997741579 236 236 236 0.68525096933248852 118 1098 119 1168 121 973 120 1045 120 1129 117 751 118 1029 119 1096 139 726 124 937
1085 0.34062571000422998 4.5842801867830838 2.2856701534369437 236 236 236 0.75545044854825927 118 1097 119 1167 121 972 120 1044 120 1128 117 750 119 1095 118 1028 139 725 123 810 124 936
1084 0.32911181580494264 4.5817573363340864 2.4030828362228598 0 0 0 1.0432277447797276 118 1100 119 1170 121 793 120 947 120 1132 117 687 118 866 139 732 124 826
1082 0.45302741154794296 4.6010456182086594 2.4985597332488734 0 0 0 0.67644041992212833 118 1024 121 691 117 810 139 854 123 914
1081 1.5388161311793633 6.3665505357159509 0.24258186824096256 0 0 0 0.84006350179191436 116 666 118 1018 119 1092 121 669 117 807 120 936 123 333 140 1008 124 507
1080 3.4533322413325784 5.2225669106248729 2.3457802825278011 0 0 0 0.40357042516348562 116 710 118 1212 119 1252 121 1069 117 903 120 1232 139 1079 123 1205 124 1108
1079 3.2262087186676744 4.9880850814689266 2.3316795918661786 0 0 0 0.70682283811393365 116 709 118 1211 119 1251 121 1068 117 902 120 1231 139 1078 123 1204 140 1155 124 1107
1078 0.2988389515649546 4.5633710299694243 2.5587706317795651 236 236 236 0.51209221543406969 118 1194 119 1263 121 1022 120 1247 139 1091 123 1172 140 1117 124 1070
1077 1.0417209548571287 4.9211756776330136 2.0713859842009055 0 0 0 0.96428706457897706 102 437 121 1018 117 878 139 1025 124 1014
1076 0.40898657868549787 4.498159034512268 2.623241956891559 0 0 0 0.80759448096727948 118 1096 121 899 117 848 120 1047 123 1027 124 939 140 1024
1075 0.4236657002114057 4.5246218374981684 2.629197247570827 0 0 0 0.88754608351548725 118 1095 121 898 117 847 120 1046 123 1026 123 1116 121 974 140 1025 124 938
1074 2.8925534066686156 3.7350747652790424 9.4880847881145076 231 231 231 0.73942091441878566 116 485 118 849 119 889 121 797 117 600 115 498 120 830
1071 0.67451561133998006 4.6243192873617796 2.473305257147759 0 0 0 0.41288309182633265 116 580 121 685 139 719
1070 1.0045484005076124 5.5667970794291151 1.1617324861565312 236 236 236 0.46820413220961893 116 495 121 677 118 850 119 877 117 603 120 622 123 792
1069 1.7143088965043629 4.6476648133115042 2.2846725616216732 236 236 236 0.53477486028169818 115 463 119 871 121 670 120 934 118 935 140 855
1067 11.072706382370621 4.6751074462184077 1.97211890854441 89 94 108 0.56080800380789486 115 367 121 581 139 607 123 695 124 608
1066 4.6272471709016534 2.5722005907285368 8.1890935615200036 0 0 0 0.29088401547091042 107 97 121 498
1065 8.4151958598384766 3.8184030532899489 8.8578615135153029 231 231 231 0.41474451090313041 111 133 121 490 124 322
1064 10.194029814641855 6.5197397663741139 3.8072496266767564 98 103 119 0.36098194825841085 115 220 121 469 139 277 123 276 123 517 140 265
1063 14.225560531650062 12.670687529467523 -1.4265752536124181 92 97 112 0.62643162560206889 114 439 121 465 113 474
1061 6.0517051170816716 2.7081228614044641 7.0624956574290678 8 8 8 0.048734840276210195 114 235 121 338
1060 7.6344755368493784 3.361629079890073 6.9987787085497892 8 8 8 0.018697603445277565 103 147 121 316
1059 8.9275357032642422 8.1693022691099664 0.016926208113723095 61 64 74 0.48825222192791573 115 324 121 286 140 248
1054 11.256449966163755 5.0257463595306096 3.4826468554180141 0 0 0 0.37550092840992799 115 31 121 103 120 113
1049 10.284477486186443 6.0088677066056206 7.8098828892140766 231 231 231 1.3345661327298386 115 535 116 620 119 1202 115 450 118 1000 116 566 121 958 117 731 117 787 120 1179 139 1080 123 1157 124 1059
1047 10.057467318495288 7.4128876630077851 -0.41415148942636204 67 70 81 0.45522488263978622 115 643 116 732 118 1225 119 1305 121 1087 117 919 120 1261 139 1161 123 1237 140 1173 124 1137
1046 8.4510488290630992 5.2474612540108323 6.9903315827118506 0 0 0 2.279377508874 111 445 112 543
1045 1.1519958904824377 4.5158109592963083 2.4041757796065655 0 0 0 0.7001690410778737 116 712 118 1185 119 1215 121 968 117 877 117 906 120 1239 139 1084 123 1163 124 1013
1044 1.1519958904824377 4.5158109592963083 2.4041757796065655 0 0 0 0.7001690410778737 116 711 118 1184 119 1214 121 967 117 876 117 905 120 1238 139 1083 123 1162 124 1012
1043 5.1839854399687244 3.5893123172423254 8.1204998024943915 166 166 166 0.9087703045259975 112 481 119 1211
1042 11.79494660687079 4.7356873686958414 0.45196691500902664 94 99 115 0.76232289215860027 115 582 118 1157 119 1188 117 857 139 1057
1041 4.7028545072002226 2.7005836030782082 8.3750618122276279 0 0 0 0.18815339641880385 105 322 119 1159 121 1016 120 1186 139 1134 123 1214 124 1116
1040 11.575651301668932 6.4162698733676047 -1.805937827891283 231 231 231 1.8102070448210461 114 594 119 1118 121 839 123 875
1039 10.199346511071115 6.0029948390558321 4.4255293114578498 228 228 228 0.35669920056278254 111 332 119 964 120 902
1038 10.199346511071115 6.0029948390558321 4.4255293114578498 228 228 228 0.35669920056278254 111 331 119 963 120 901
1036 0.6052300186334113 4.8333884560893008 1.9257481403766894 236 236 236 0.88550920229797281 102 237 119 880
1033 10.873230597067012 4.5492157130329307 3.0285457727795371 228 228 228 0.33706378141643978 106 366 119 807
1030 0.50485991343460968 0.37738892863044277 5.551545062587377 8 8 8 0.29441482314006251 111 157 119 723
1029 0.12714859584330285 0.20524697350605639 5.0281531389775473 8 8 8 0.46943761060755018 113 303 119 722
1028 4.0175031070686105 1.943596521733544 9.5818146723417055 8 8 8 0.17229748568784561 113 230 119 721 117 341
1027 10.595597935417929 8.8504463662622683 -1.0159656264581283 59 62 72 0.61063322732825687 114 473 119 666 139 239 124 432
1026 10.892067823871795 4.5597111791713445 3.0128422269116371 228 228 228 0.42772689500871541 109 250 110 224 119 627
1025 25.084361123656212 10.036032412827282 -3.8256449629004168 231 231 231 0.79774510969721812 113 319 115 283 118 587 119 563 121 559 139 408 139 570 124 388
1024 6.3100106035079175 2.9137974775096684 7.7522026272730784 231 231 231 0.42907978965677529 105 228 119 484
1022 8.7151654613063005 3.8609280405788415 8.7386642281669449 8 8 8 0.56615384285101811 113 206 115 222 121 340 117 166 117 168 120 398
1020 11.746660201593114 5.4061309443284982 5.9249105574471752 231 231 231 0.580257211518584 111 63 119 462 139 463
1019 6.8047725650979558 2.7800952864183501 4.5100307420061139 8 8 8 1.5481316988686649 114 193 119 454
1018 10.802485990365938 4.8680215929445909 3.7189021602778434 228 228 228 0.053624332735688118 113 282 119 448
1017 10.868089593991973 4.8994506320674258 3.7387468940257893 228 228 228 0.29873564074192466 113 281 119 447 140 655
1016 10.764430534445207 4.4931343129373218 0.082850093078577811 231 231 231 0.32369801213328625 115 288 119 417 117 278 120 99 139 212 123 209 124 191
1015 13.660240812969096 3.4298347968681639 2.5766992689900281 231 231 231 0.31877553683910237 115 278 119 401 121 242
1014 24.116161519026637 6.2084310732811749 -4.6783644513944269 126 126 126 0.68696467005103523 113 314 114 318 115 345 119 340 116 401 120 266
1012 7.347979612420839 3.2489374682203498 7.0989224102984627 8 8 8 0.073087563410551698 102 50 119 225
1011 6.6015625306900088 2.9242275777993596 6.5799453610090408 8 8 8 0.019308513232753809 102 31 119 224
1010 6.8591768675954263 3.0343015530080177 6.7125549460376899 8 8 8 0.0011458709867825218 102 41 119 223
1008 7.3088102279869762 3.2117687369395669 6.4705867092572911 8 8 8 0.080890434238878733 104 177 119 209
1007 3.2110007977248824 1.4609954129163656 4.479818325797944 8 8 8 0.22094397578050157 115 95 119 205
1005 2.3448438895024273 0.98206713226412201 3.4222316888877367 9 9 9 0.53074437522481732 116 54 119 190
1004 2.3448438895024273 0.98206713226412201 3.4222316888877367 9 9 9 0.53074437522481732 116 53 119 189
1003 11.412982682847018 4.6253810303649496 5.927563012321774 8 8 8 0.67738738890216199 104 269 119 180
1002 10.579064509756877 4.3437995969513539 6.2026840203239999 0 0 0 0.37606406833202471 114 49 116 48
1001 24.766818753520678 9.8159273752190401 -2.967638608083834 101 101 101 0.78775232859726252 111 176 113 267 114 270 119 145 117 50 124 42 139 412
1000 -2.4377634602158 -0.98787268568481379 1.7799838379398389 231 231 231 0.17645340842942114 118 172 119 5
999 12.120852362405067 3.859082659233279 1.5833226168899757 231 231 231 1.3199748238096218 106 435 107 409 108 316 110 324 109 411 112 487 111 410 115 548 116 588 118 1037 113 550 114 571 119 1117 121 923 117 761 120 1069 139 1056 123 1066 140 1053 124 976
988 13.66220075064337 11.503413366861606 -1.5021212154738004 84 88 102 0.59237269008269933 115 397 118 796 114 364 119 192
15 10.822895424821079 4.6895012798698215 7.4472404442161899 8 8 8 1.6418030950039644 102 197 104 262 101 254 105 181 111 67 106 219 105 179 113 153 113 155 114 61 114 63 115 59 118 219 119 199 121 292 121 294 117 92 120 153 120 155 123 530 116 60
1124 3.9188099924858442 3.2526034186763426 9.0619053914205363 47 49 57 1.6961682786905357 111 405 113 512 116 662 118 1183 119 1257 119 1295 121 1109 117 802 109 344 121 1076 120 1240
16 10.822895424821079 4.6895012798698215 7.4472404442161899 8 8 8 1.6418030950039646 102 198 104 263 101 255 105 182 111 68 106 220 105 180 113 154 113 156 114 62 114 64 115 60 116 61 118 220 119 200 121 293 121 295 117 93 120 154 120 156 123 531
1125 0.72483117969522526 1.81100930076903 11.461589457228508 231 231 231 1.1753896546328975 111 170 114 312 117 609 114 485 115 499 116 538
557 10.848754559586666 3.7952024269009939 1.6982371253176058 98 103 118 1.7678945070889078 110 221 109 330 112 410
1126 5.1170890725490397 3.3872948305822734 8.0772877078840359 0 0 0 0.53383482202273291 104 378 103 350 101 245 105 296 114 443 113 438 117 594 107 265 108 181 110 190 112 355 111 232 109 274 118 829 121 786 139 950 124 934
17 10.872662713613789 4.7041262888933506 7.3047872281562682 8 8 8 0.98176381972501192 102 199 104 264 105 183 107 195 108 100 111 65 113 37 114 59 115 55 116 56 118 217 119 197 121 121 117 88 120 151 123 527 124 262
1127 5.118688366427766 3.3852964079272052 8.0814853480503057 0 0 0 0.6066128687854534 109 275 112 356 111 233 121 785 117 593 104 379 103 351 101 246 105 297 110 191 107 266 108 182 114 444 113 439 139 949 140 1077 124 933
18 10.903028480257753 4.7165599958720827 7.3047585303915854 8 8 8 1.5472804328460548 102 200 104 265 101 162 105 121 105 184 107 196 108 101 111 66 113 38 114 58 114 60 115 54 115 56 116 57 118 218 119 198 121 120 121 122 117 89 120 152 123 528 124 263
1128 9.9860666165131278 4.2303057074180739 1.1251461794557951 112 118 135 1.0910369136553493 110 258 109 312 112 324 114 278 115 195 117 282 106 371 108 257 110 168 113 326 124 413
19 4.2044165878788125 4.1071343731944276 3.977695246751892 68 67 67 0.87381021869565545 102 202 104 285
560 10.377536258326128 5.0484732215072565 1.9627687193147099 112 118 135 0.94964914869189831 110 235 109 339
20 10.927883359659859 4.9972724220906795 7.3467116986253744 231 231 231 1.6199073014885086 102 210 104 208 103 183 101 327 105 242 106 228 108 9 106 40 110 45 116 66 116 226 116 367 118 478 119 466 121 297 117 315 120 161 124 266
561 7.0743189509388857 -2.7788694896067203 20.859423068549091 59 62 72 0.91290825948886223 102 407 109 352
21 11.882858645934318 4.8505816727894224 5.6186052701443003 229 229 229 0.42395894392041361 102 213 104 210 103 184 101 82 106 279 112 195 111 50 114 186 118 196 119 173 140 75 124 72
562 4.6987230248359859 2.6967984318045741 8.371584673140557 0 0 0 0.22724733491668542 110 281 109 371 112 450 111 367 113 503 114 517 115 538 116 624 118 1075 119 1158 121 1015 117 793 120 1185 139 1133 123 1213 124 1115
1131 8.8480863963861704 6.1277659116475185 9.396526166950995 8 8 8 0.63754921727089364 114 117 120 202
22 8.7659825955102662 6.9501894895518213 10.620324254466267 8 8 8 0.97564211820692126 102 219 104 217 103 190 109 135 110 13 112 148 111 33
563 0.68134170230100299 1.758920591563631 12.037929514391267 231 231 231 2.1834531647930366 110 262 109 381 112 503 111 437
1132 8.8480863963861704 6.1277659116475185 9.396526166950995 8 8 8 0.63754921727089364 114 118 120 203
23 4.5038397166488506 1.8872266359210805 8.5151638750128775 0 0 0 1.2067379442155337 102 284 104 312 105 281 106 353 108 144 110 166 109 337 113 356 113 501 109 366 114 433 115 399 115 484 115 536 116 464 118 1004 121 964 120 1183
564 0.64350234878205936 2.2349779179231888 12.247510191951269 231 231 231 1.2438273771776831 110 266 109 384 112 459 111 408 113 548 114 587 115 602
1133 4.0182512017923138 1.8135928295071224 5.4586232978381108 8 8 8 0.28090416789882433 114 239 120 379
24 4.5108049342566616 1.8949341348772186 8.5208821863452719 0 0 0 1.5002849192634251 102 285 104 313 105 282 106 354 107 359 108 145 110 167 109 338 109 367 112 477 111 403 113 357 113 502 114 434 115 400 115 537 116 465 118 1005 121 965 120 1184
565 12.142975727929516 3.0087987325575583 3.1572729751163169 231 231 231 1.1697748054080739 110 322 109 409 112 463 111 386
1134 4.0182512017923138 1.8135928295071224 5.4586232978381108 8 8 8 0.28090416789882433 114 240 120 380
25 4.1832205092982209 2.5990211023281207 0.60412220770293723 109 115 132 0.49072124337152101 102 290 104 427
566 11.871491113762621 4.9212830284871787 5.4486982587404276 110 115 132 0.88711214844337427 109 414 112 494 111 414 113 559 114 576 115 592 116 683 118 1166 119 1240 121 1053 117 863 140 1145 124 1145
26 3.4580453466878436 2.9680605947753849 9.9018088796603863 231 231 231 0.99434219399182566 102 292 104 418 103 348 101 240 105 348 106 438 107 435 108 348 110 365 109 461 112 549
567 0.8478560516621213 0.98691239584049184 11.800132989959762 231 231 231 2.0021793646792703 110 314 109 416 112 522
1136 -2.0033403894359068 -0.8261635188544858 1.6696984225333769 231 231 231 0.099252764730198478 118 144 120 492
27 3.1597483633570658 3.2949565697919874 10.314823235062066 110 115 132 1.6007986193745745 102 293 104 375 101 244 105 295 106 361 108 262 106 335
568 10.689837065278416 4.6254158552785452 2.4168815340446961 109 115 131 0.70880522310669147 110 345 109 427 112 513 111 413
1137 -2.0033403894359068 -0.8261635188544858 1.6696984225333769 231 231 231 0.099252764730198478 118 145 120 493
28 6.083910068110594 3.9255032972857338 8.5118503088046946 59 62 72 0.64235886098848938 102 296 104 381
569 3.4209661093938655 1.7184748957100255 9.8363954327188665 59 62 72 1.3358888876405262 106 432 109 432 112 497 111 434 115 621 114 605 111 421 117 901 120 1304
29 8.6165968697816009 6.9076630929090284 10.541833691086639 8 8 8 1.0011305877071726 102 309 104 219 106 131 109 137 112 149 113 103
570 9.8073635733318589 5.0225717706142428 7.5073523074722877 120 126 144 1.1650457153396208 113 579 115 566 116 689 118 1174 121 1062 117 838 120 1228 139 1179 123 1248 124 1106
60 5.1747153750850314 2.3602363705191367 8.0384998003185135 0 0 0 0.72679627972070793 102 516 104 532 103 506 105 430 106 472 107 449 108 356 110 360 109 449 112 534 111 455 113 594 114 616 115 631 116 719 118 1231 119 1311 121 1154 117 922 120 1321
1169 3.5645277792094898 8.3366805420435135 -1.9278971114381025 99 104 120 1.2682653615595703 118 290 121 664 139 465
601 3.7203690550717137 2.4144724211632806 9.2546502090555247 86 91 104 0.73763543038706236 109 269 112 354 111 236
61 5.5457920520903992 4.3422040917155185 8.1966818222985278 113 119 137 0.24845642948742463 102 519 104 538
1170 1.0333346700097821 10.172105755863509 -2.9552722452236848 75 79 92 0.1282009730262165 119 996 139 491 124 513
63 9.6269402700402082 4.9450785741669563 7.1919854203828191 118 124 142 1.7896316876833069 102 521 104 562 103 515 101 552 106 461
1172 5.7979830876802696 2.5951816550169258 6.7678154869306582 8 8 8 0.081850607270863684 119 470 139 504
604 8.3719289986961911 6.7401671592588048 10.374791846456613 8 8 8 0.51173523070872418 109 284 112 362 111 244 113 255
64 11.641306512147139 5.0743034738472597 5.8521337425921214 231 231 231 1.3442207089661906 102 522 104 541 103 516 101 538 105 413 106 458
1173 6.1824567413060363 4.6737340004178423 7.9928554107411056 8 8 8 1.4632690286871892 120 211 139 519 123 351
605 7.6458056700418062 6.1979644364503432 5.2055220898123551 0 0 0 1.0697302815665253 109 327 110 205 112 368 113 473 114 375
65 10.95039482631296 4.5524170846384209 3.2892330223356199 221 221 221 1.3901559524165878 102 524 104 563 103 544 101 513 105 449 106 491 107 460 108 370 110 358 109 446 112 532 111 441 113 574 114 596 115 609 116 681 118 1164 119 1238 121 1050 117 861 120 1217 139 1165 123 1193 123 1240 140 1139 124 1092 124 1136
606 4.744841942336377 5.0850158017953007 6.6144823626474052 93 98 113 0.05433832811949766 109 295 112 370
66 5.0415084012805318 -0.95200858318571524 7.6535773359609101 59 62 72 1.7405546176539872 102 536 104 570 103 551 101 525
607 4.8905626947940739 5.1184421511855707 6.5892483789284988 231 231 231 0.3979800528302081 109 405 113 515
1176 8.3067626182739733 6.3806897744823301 5.6288039184738201 92 97 112 0.21886519305302532 117 587 139 699
67 5.793394185764158 3.6830956313739325 8.2748584896458706 59 62 72 1.0706497526822474 102 557 104 580 103 554 101 572 105 447 106 488 107 462
608 2.4433903428730068 -2.7812615483864263 10.594079135194768 8 8 8 0.042799179086922129 107 166 112 377
68 5.1469932072303797 5.7295172166990334 7.2890579888247524 231 231 231 0.96551910428252286 102 561 104 582 105 451 106 483
1177 0.48775180809073848 4.8773278753382163 1.8165971291658078 236 236 236 0.24169088261485944 117 746 119 994 139 714 123 800
70 6.4936750226918223 0.68076620151896905 7.2714139404211631 74 78 91 0.17905243797946194 104 19 103 32 101 3 106 91 107 1
1179 0.41836343597284148 4.7367212130213803 2.418025139381013 0 0 0 0.7115666536424986 120 946 139 731 121 792 118 1099 119 1169 120 1131 124 825
611 1.826257778929282 -1.8843043085438789 10.568019450410523 59 63 73 0.51777082373421268 109 306 112 437 114 508
71 3.7267901971092217 1.8221055085678093 9.3369990810470416 8 8 8 0.060019502083200199 104 134 103 37
1180 0.056926113358733821 4.8381752758738488 2.1354167815533009 236 236 236 0.086435833238497142 121 692 139 737 123 819
72 3.7267901971092217 1.8221055085678093 9.3369990810470416 8 8 8 0.060019502083200199 104 135 103 38
1181 0.056926113358733821 4.8381752758738488 2.1354167815533009 236 236 236 0.086435833238497142 121 693 139 738 123 820
613 10.763633760803819 4.2390948209397266 1.9336624688050257 59 62 72 0.6162764562457641 110 326 112 468 111 350 113 487 114 458 115 436 118 757 121 580 117 531 120 720 123 877 140 824 124 600
1182 0.28406739323919494 4.5273260219804303 2.6226080432694028 236 236 236 0.40767853014298616 119 999 139 739 123 822 124 725
73 8.6436737580479601 3.8463985037060922 9.0317191283106286 8 8 8 0.090190123136757075 102 66 103 46 101 119
614 11.230968387344912 4.4558675470036135 0.39579516990406954 59 62 72 0.82117398087597993 109 425 112 490
74 8.5382729724850162 7.0138552602481052 10.613789197854461 230 230 230 0.55133952904119121 104 222 103 54 105 45 106 81
1183 -0.11095744620273774 4.6561239784030981 2.1971550193705522 236 236 236 0.47908956433678679 119 1001 139 742 121 696
615 9.817137979154019 6.5633527693449869 3.5575034809934096 0 0 0 0.57537817150735637 109 420 110 337 112 500 111 422 113 541 114 551 115 567 116 649 118 1131 119 1200 121 1009 117 836 120 1176 139 1124 123 1202 140 1105 124 1055
75 10.348944084360332 5.7154594937956382 4.1965268588555871 0 0 0 0.3632508556056977 104 224 103 55
616 9.817137979154019 6.5633527693449869 3.5575034809934096 0 0 0 0.57537817150735637 109 421 110 338 112 501 111 423 113 542 114 552 115 568 116 650 118 1130 119 1199 121 1008 117 837 120 1175 139 1123 123 1201 140 1104 124 1054
76 10.348944084360332 5.7154594937956382 4.1965268588555871 0 0 0 0.3632508556056977 104 225 103 56
1185 11.085047360740528 5.5035536928999083 5.4445054228870875 228 228 228 0.29982304154156347 116 445 120 781 139 832 123 897
617 10.971686171367281 4.5887441481947491 3.2956113884459985 228 228 228 0.28275478876166182 109 445 112 531 111 440 113 573 114 595 115 608 116 680 118 1163 119 1237 121 1049 117 860 120 1216 139 1164 140 1138 124 1091 124 1135
77 4.1179539588697098 1.4458995634396086 -1.2855086114104224 59 62 72 0.56957376375388113 104 449 103 85
1186 11.085047360740528 5.5035536928999083 5.4445054228870875 228 228 228 0.29982304154156347 116 444 120 780 139 833 123 898
618 1.1457756914165562 0.81095609313903994 11.121057031040946 85 90 103 0.74008277468344141 109 434 112 536 111 448
78 2.3484467695670692 -2.6040898598468836 10.45220095699994 69 73 84 0.47179396071820895 104 244 103 86 105 150 106 90
79 -5.5585660620520194 0.13411388619447379 12.254936087150469 231 231 231 1.7029187275856226 104 247 103 89 105 160 102 83
1190 0.3669275231804211 4.8026955794412771 2.068555074420535 236 236 236 0.25525157401081755 119 1097 139 851
81 6.3822027010783851 2.8663922602075962 7.7025869303705514 8 8 8 0.52271284810454144 104 139 103 98 119 480 116 112 121 344 120 401
82 6.3821652780858322 2.8667082634310188 7.7039101702014969 8 8 8 0.56533490959633015 104 140 103 99 119 481 121 345 120 402
1191 0.40027439454288177 4.5070107089674885 2.4901298479029257 0 0 0 0.28201770320876146 118 1025 139 855 123 915
83 8.0141829688830093 3.4924230994569347 6.1509013795945258 8 8 8 0.050612608632568445 103 162 101 63
1192 5.1124520129801327 2.7879639106433554 8.0911081072596502 166 166 166 0.58461320489655944 107 35 139 858
1194 11.325315360882405 6.7029304374416485 3.4081662864499256 59 62 72 0.94081188186058584 115 479 118 913 121 765 139 935 117 660 119 959 120 896 123 1012
85 11.341024158354976 4.8157062922811056 6.8327098611276575 228 228 228 0.64261912449387582 102 70 103 180 105 25 107 37 108 8 140 83
87 11.154238082554485 4.8436280590004328 4.2797455468407009 0 0 0 0.57165759043299169 104 342 103 185
1196 4.7534230885962918 9.3804059499754491 -1.7535211472540122 108 114 131 0.41780956777969408 117 874 118 1142 119 1207 120 1114 121 959 139 937 140 1001
88 11.131386506343777 4.862585139404878 4.2626185356228135 0 0 0 0.87560439794162181 104 341 103 186 106 287 107 309 108 229 110 228 109 314 111 283 116 516 118 905 121 611 120 758 139 648 123 738 140 665 124 635
1197 8.4312972903056824 3.7459588973597873 8.7440829943894549 8 8 8 0.27499380047911182 117 664 119 973 120 917 121 780 139 947 123 1021 124 927
89 11.106446808660699 5.0295550918285379 4.5774768590887085 223 223 223 0.58658168262522503 102 145 103 187
1198 3.8743225457987469 8.9593427438349202 -3.7735293263070786 228 228 228 0.81796867313234689 118 1210 119 1248 120 1229 121 1010 139 1004 123 1090 140 996
90 7.8407219242123372 6.0002719084730387 5.3600955840543723 114 120 138 0.43510078519097534 102 161 103 192
1199 5.5782536014992496 6.8646790780407949 2.452165877633032 113 118 136 0.72989522310890986 117 898 118 1179 119 1250 120 1230 139 1012 116 708 121 1064 121 1013 123 1155 124 1057
91 4.5163130894193735 2.816442291664826 8.4922036732446688 0 0 0 0.41703500192005422 104 324 103 214 105 286 107 307 113 436 114 442 115 457 116 476 121 894 120 932 139 956 124 941
1200 7.5097503153167287 6.07263414127274 4.8801656909452156 120 126 144 1.0190554666456388 118 1134 119 1203 120 1181 121 1012 139 1014 116 656 117 842 123 1156 140 1109 124 1058
92 3.4840213563450724 3.2849465848864177 10.131535695598833 231 231 231 0.90486455607175931 102 102 104 376 103 221 105 324 106 400 107 397
93 3.481508684619377 3.2983965469504382 10.102534989415043 231 231 231 0.47055103878670557 102 103 104 377 103 222 105 325
1202 0.36918902424064592 4.7764702200215288 2.2791296964729399 236 236 236 0.33155896136726665 120 1245 121 1077 139 1088 123 1167 140 1112 124 1067
95 10.889501597846738 4.8792557811127519 7.2592103109013637 8 8 8 0.75321054214400407 104 202 103 237 101 257 102 204 105 127 106 115 110 42 109 162 112 211 139 302 114 68 123 306
1204 0.21181059686237239 4.7912984636398974 2.138779438245868 0 0 0 0.26098104614864515 118 1195 119 1264 120 1246 121 1078 139 1090 123 1171 140 1114 124 1069
1206 0.0058865358270127257 4.7395913140527872 2.2088606900665173 236 236 236 0.54570616779492365 119 1266 120 1249 121 1080 139 1093 123 1174 140 1116 124 1072
97 10.898614345860429 4.5301623988196225 0.58069869255372131 59 62 72 0.20228058958767597 102 79 103 258
1207 0.35504671860555698 4.2977690991727933 2.9855158463822087 0 0 0 0.44444368693505926 121 1024 139 1095 118 1193 119 1219 120 1189 123 1177 140 1119 124 1075
98 2.0448537274739667 3.8449295266611463 0.92713522023145567 236 236 236 1.3905310944747293 104 355 103 259
1208 0.60651246085671751 5.1669867288175748 1.6631888513033384 0 0 0 1.1224641888160356 118 1241 119 1322 120 1275 121 1105 139 1130 123 1210 123 1252 140 1158
99 0.72037741359873819 4.6347168995798969 2.6083933837126256 0 0 0 0.10001555930148555 102 152 104 356
1210 0.48107708529212573 4.9428980144767731 1.9470892824096606 236 236 236 0.63082841686549218 118 1243 119 1296 120 1277 121 1107 139 1132 123 1253 140 1159 124 1154
101 0.09631511658969652 -3.4797660567034381 12.045323560838616 59 63 73 1.2451203988352344 102 266 103 273 105 268
1212 9.7272701212453949 4.9721410333955314 7.4642187756349738 94 99 114 1.0205047609836206 116 688 118 1173 120 1227 139 1178 123 1247 124 1105
103 3.133775067574462 -2.0979925418701555 9.3313147357773865 59 63 73 0.14374827604864032 104 301 103 283
1213 0.76988569072570034 5.0870276840042514 1.4244098918544947 236 236 236 1.0219337101595658 119 1343 139 1180 123 1274 124 1177
104 4.7208876280440792 -1.1235867003252642 8.0177542369579715 60 64 74 0.50012379334986024 102 272 103 289 105 214
1214 0.11074825995475054 4.8529883491654653 1.9710933607493044 0 0 0 1.130910183294761 119 1345 120 1307 121 1139 139 1182 123 1275 140 1180 124 1182
105 4.368810165486777 1.9480099606214403 8.5568401941050585 164 164 164 1.9596736739331484 104 314 103 293 101 96 101 220
1215 6.0341413139243061 5.0245715844563899 7.4569363979307033 231 231 231 1.450753061697958 117 873 119 1255 118 1182 123 1254
106 4.3040500051253252 2.1576296988397088 8.6790191528640683 164 164 164 0.56785635409502555 104 315 103 294 101 222
1218 -0.2438342173080752 4.7224189650987878 2.1906214702692912 0 0 0 0.75504384754752385 121 1142 139 1187 120 1308 123 1255 140 1182 124 1186
109 4.2754261374803066 2.2838935802930549 8.6679567545005352 164 164 164 0.40466174826601314 104 318 103 297 101 225
1219 8.2634841724301076 6.7375369442575783 5.6036562755217973 0 0 0 1.3198649071502977 118 1208 120 1268 121 1065 139 1206 117 896 116 704 124 1109 124 1151 123 1208 118 1177
110 4.2556468776570364 2.4222406250013599 8.5125919732909043 164 164 164 0.86215841771530832 104 319 103 298
1220 0.37023049953694825 4.3914623391009684 2.8419115818238101 6 6 6 0.50933508703669983 120 1323 121 1159 139 1209 119 1344 118 1262 123 1286 124 1197
111 4.200285828096562 3.0304583962442004 8.7310014169877928 0 0 0 0.11299128496100697 104 326 103 306 105 289 106 274
1222 1.0989448637705819 4.8237239990694709 2.4059772707298239 0 0 0 1.6930711535212293 119 1342 121 1156 139 1225
113 11.842816767033185 3.9643280842049449 4.0981918989335879 223 223 223 1.0836190954300744 102 130 103 311
114 11.1906968810876 4.7996825072748921 6.9996230658238057 10 10 10 1.3601372379818051 104 337 103 315 101 390 102 343 105 238 106 277 106 331 105 326 107 257 108 102 110 99 109 254 112 331 107 302 113 151 113 284 114 53 114 348 115 306 116 222 118 471 119 680 121 471 117 86 120 576 139 685 140 467
1224 10.906824109275494 4.9011649171477734 7.3108024777220155 8 8 8 1.8111064357706328 110 43 112 143 111 18 139 306 104 201 103 236 101 256 102 203 105 126 106 114 110 41 109 161 112 210 114 67 139 301 123 305
115 0.25524144411829797 4.1441370262081492 3.5242103214884817 235 235 235 0.18131136757726529 104 402 103 323
1225 10.935336826379658 4.9790127950491705 4.0574010859525682 0 0 0 0.59902904788454536 108 259 109 336 111 318 114 419 118 776 119 948 121 613 120 763 139 650 109 317 121 455 123 740 140 667 124 637
116 10.653716463701207 5.3795518314408515 4.2330385373152986 223 223 223 0.60909480496116986 104 397 103 324 105 331 106 372 110 283 109 369 112 448 111 324 112 420 113 458 114 464 115 478 116 520 118 911 119 956 121 762 117 656 120 895 139 933 123 1011 140 939 124 909
1226 7.7227213478580712 5.8683717160236606 5.2471912134518988 82 86 99 0.3669293203559279 108 123 110 204 112 365 111 242 113 366 139 694 115 403 119 852 123 779 140 711 119 705 124 493 124 685
117 10.654336006987855 5.3811690368451366 4.2341992448925803 223 223 223 0.62454037998502332 104 398 103 325 105 332 106 373 110 284 109 370 112 421 111 325 113 459 114 465 116 521 118 912 119 957 117 657 120 894 139 932 123 1010 140 938 124 810 124 908
1227 10.798159522547477 4.5577787025073064 1.875459920341908 89 94 108 0.44449014782764262 116 596 117 713 118 980 119 1044 120 1007 121 845 139 989 123 1074 140 980 124 894
118 7.8498820305485166 5.9886319931892844 5.2101104514113903 112 118 135 0.69644023576543213 104 400 103 328 105 312
1228 8.1129643231037694 8.2406146099696365 1.4021214382672147 107 113 129 0.40466049491700889 117 792 118 1072 119 1142 120 1031 121 874 139 1008 123 1016 123 1096 116 623 124 922 124 1004
119 0.58911616219053553 4.7153019401251477 2.4254433418807695 236 236 236 0.0089442402477996202 102 231 103 337
120 0.58911616219053553 4.7153019401251477 2.4254433418807695 236 236 236 0.0089442402477996202 102 232 103 338
1203 0.42416304248874287 4.617642496077015 2.4235391672585349 0 0 0 0.63457190496971994 118 1191 119 1262 120 1244 139 1089 121 1020 123 1170 140 1113 124 1068
121 3.6899528040655776 1.9806736598113741 9.4834165725916861 231 231 231 1.4679301078179718 102 286 104 412 103 345 101 98 105 370
1231 10.537145244540417 4.2695296983160578 5.8323653236384514 8 8 8 0.24253091402603977 114 43 123 271
122 3.4186502953794324 2.9999098581737615 10.011316832694201 231 231 231 0.3795696187485384 102 291 103 347 101 239
1236 9.7649075029769481 4.3313097568464789 10.211613335857978 0 0 0 0.14210941662118309 110 107 113 208
127 11.774908941768482 3.993522021986303 4.0359345132802096 223 223 223 1.2574361415022919 104 423 103 356
258 0.015836801077810998 1.6381104107709801 12.060137631834346 59 62 72 0.94844145776816791 102 513 104 531 101 495 105 409
1367 4.32511198289997 8.7643867383198977 -3.3453548711562391 228 228 228 0.25597352410610469 123 748 139 658 140 673 120 915 121 643 124 658
259 4.652064407695975 2.0964441889741408 8.5136881845491512 0 0 0 0.63745541921729121 102 479 101 497 105 407 106 453 107 427 108 338 110 359 109 448 112 535 111 444 113 596 114 618 115 632 116 702 118 1233 119 1315 121 1155 117 923 120 1300
1368 4.3862277723864702 9.1303771278216299 -3.4553630522873391 0 0 0 0.61868983271511735 118 1007 119 1078 121 648 123 749 140 675 139 661 124 661
260 31.276243086396438 3.8679458112922536 21.796008177012375 116 122 140 1.5256154085981417 103 478 101 502
1369 4.3862277723864578 9.1303771278216139 -3.4553630522873298 0 0 0 0.61868983271511568 119 1077 121 649 123 750 140 676 118 1006 139 662 124 662
1370 4.405225705748486 9.6593135019543492 -3.4969708807303945 228 228 228 0.3366983583351098 118 1011 119 1080 120 920 123 753 139 663 140 678 121 652 124 666
261 29.180070775451505 4.3592518166044272 21.381773695041069 59 62 72 0.99984191702335679 103 480 101 503
262 0.26875934264546036 4.2558338900631476 3.4520687869155791 234 234 234 0.57499320043418711 103 546 101 506
1371 4.4052257057484887 9.6593135019543528 -3.4969708807303972 228 228 228 0.33669835833508793 118 1010 119 1079 123 754 140 679 120 919 139 664 121 653 124 667
267 -1.0615443925985213 1.9978490089300254 13.280888427512672 111 117 134 1.2511298980872976 104 577 101 532 102 514
1376 3.920680597211736 10.191454730781361 -3.9448932179621776 0 0 0 0.69387303703996583 119 1085 139 674 140 687 118 1014 121 661 123 763 124 670
268 1.1408139699280426 2.1283936665031078 11.874049130933857 59 62 72 1.1274441600231042 102 515 101 533 104 559 107 451 108 372
1377 3.8531707827423554 10.067617780371414 -3.8738889221298352 0 0 0 0.42561639958762437 139 675 140 688 119 1086 123 764 124 671
269 6.58225391302609 2.5771938180731087 8.0083142511013712 231 231 231 0.38921672594337958 103 508 101 535 105 408
1378 4.4010562430317242 9.7405802713257703 -2.513452617757046 228 228 228 0.71863895642375952 118 838 120 801 121 666 123 769 140 697 119 984 139 679 118 1013
270 -0.38318949056124446 4.7532122233910981 2.3472454657754982 234 234 234 0.021599461438358704 102 548 101 537
1379 4.4010562430317446 9.7405802713258005 -2.5134526177570571 228 228 228 0.71863895642375342 119 983 121 665 123 770 140 698 118 1012 139 680 118 837 120 800
271 0.53159590538188095 5.0995497311477314 1.9271732391265128 0 0 0 0.081754335997389793 102 551 101 540
1380 3.406668116880915 10.163680918317754 -3.5214279356664515 228 228 228 1.222111291438307 118 843 139 682 140 700
272 0.53159590538188095 5.0995497311477314 1.9271732391265128 0 0 0 0.081754335997389793 102 552 101 541
1381 2.992882276285306 10.923965349021371 -4.370834958296145 108 114 130 0.47995501797612389 119 1090 120 1037 139 684 140 701 124 675
275 1.6889588745011683 4.7609272221071475 2.3991924912426899 235 235 235 0.19932221792671531 102 563 101 553
1384 -0.99985303683671733 11.591815200653103 -5.0407522251254209 90 95 110 0.16908635418144927 123 784 140 717 124 697
276 0.037989188517701236 4.8867917468119551 2.274189954597198 0 0 0 0.11011599713501433 102 550 101 554
1385 10.027251239744025 6.0355592490625254 7.5209599109471643 0 0 0 0.92426712653796217 117 580 120 791 140 722 116 461 118 1001 123 1105 119 975 124 926
277 0.88314700128761958 4.8622657565798262 2.1669375978447092 0 0 0 0.022697628271197645 102 566 101 555
1386 -2.9597959597756542 10.319390958475772 -5.5976996911189518 9 11 14 0.085431307245317264 123 785 140 723
278 0.82795065619388086 5.2838231037793584 1.5765944003065981 235 235 235 0.34784023522090868 102 569 101 556
1387 -2.9597959597756542 10.319390958475772 -5.5976996911189518 9 11 14 0.085431307245317264 123 786 140 724
279 0.82795065619388086 5.2838231037793584 1.5765944003065981 235 235 235 0.34784023522090868 102 570 101 557
1388 -3.0305636760266688 10.201523135097435 -5.5960977913586092 9 11 14 0.123171856701401 123 556 139 495 140 725
280 4.890731249961096 5.6595716732554511 7.1024890939355165 231 231 231 1.0933174839844284 102 419 104 464 103 457 101 484 102 493 103 493 105 360 106 377 106 411
1389 -3.0305636760266688 10.201523135097435 -5.5960977913586092 9 11 14 0.123171856701401 123 557 139 496 140 726
282 8.3141010090255634 3.7723860986901565 8.6890013210079644 231 231 231 2.0351101458716521 105 17 111 134 113 292 139 322
1391 -3.038242243590179 10.378123075935173 -5.5074129039418436 9 11 14 0.079443198770115978 123 561 139 499 140 728
283 5.2943310977095166 3.4595483043990356 8.0591381578378698 165 165 165 1.3374893667091916 104 35 105 20 106 39
1392 8.3949635483370706 3.7315291323472604 8.8319760993488448 8 8 8 0.21297935157181169 139 508 140 735
284 6.451066876638464 2.8938577814019593 7.7096895729710324 8 8 8 0.99733616530659164 101 12 102 24 105 101 115 227 114 243 140 739
285 6.4691042714581259 2.9117969974785756 8.0188209071002632 8 8 8 0.20625290167651797 101 13 102 25 105 102
1394 0.30615605370746646 4.5777304698377881 2.6456032431376459 236 236 236 0.12526779831966256 118 868 140 773
286 5.0148229074707427 3.1421935882689551 8.2029472495983065 165 165 165 0.33620047999477837 103 133 105 115
1395 -1.8694752426890473 8.839920974888086 -0.61049711816241858 236 236 236 0.24225155236652646 139 754 140 777
287 6.0162511318043759 4.0634653760005452 8.3814198424499846 231 231 231 0.49753092329664883 103 177 105 128 106 229 103 229 107 203
1396 -1.8712409603144544 8.9941365603093075 -0.65501927250162262 236 236 236 1.1252308497378518 139 755 140 778 124 944 123 1031
289 2.0610469622903982 4.1091256896600559 8.5409908069950475 59 62 72 0.42452120729645343 102 68 105 134 108 199
1398 0.3519833056691154 4.2800753424660929 3.0531249045883837 0 0 0 0.2197720653573848 123 829 139 746 140 780
290 8.5380526774388503 6.9234113692846 10.553128718605585 231 231 231 2.3327617357892274 101 83 110 70
1399 -3.1124149205285492 9.0201461623151324 -1.3220033455657314 0 0 0 0.20389687709949902 123 840 139 761 140 786
291 7.774231419234491 5.9870113053502241 5.0394243765604276 60 64 74 0.69369077144309887 104 47 105 142 107 222 106 239 110 126 111 153 113 247 115 243 118 488 121 332 139 490 123 322
1400 3.614306255473013 8.4242714513805943 -6.2387591476945703 62 66 76 0.21676303758022333 120 1025 121 858 123 693 139 604 140 826 124 612 124 799
292 4.7723353892335911 2.6708848546024071 8.4698906797740854 0 0 0 1.9283001202134877 104 137 105 169 111 220 113 361
293 10.331060693629345 4.4760484076456306 7.0894062618415372 8 8 8 0.19568255152046368 101 249 105 177
1402 11.657564952440072 5.4334773130578489 3.5581510166960455 228 228 228 1.160677563107013 120 753 139 819 140 830
311 11.128355673427631 4.993107837942115 4.5592485768548192 227 227 227 0.39453722983256029 104 392 105 305 106 367 107 334 108 255 110 259 109 333 114 420 115 443 116 518 119 953 121 757 120 889 139 930 123 1003 140 931
1420 -0.77706921884097535 10.111478402905131 -7.4237581630898379 10 16 13 0.30867916091828124 123 1009 139 823 140 935 124 1002
319 10.832497150203762 4.838934503067609 3.5593858501413727 0 0 0 0.5085708600388138 104 482 105 380 106 444 107 416 108 321 110 329 109 397 112 470 111 395 113 531 114 504 115 520 116 604 118 1054 119 1053 119 1129 117 776 120 1013 139 997 123 1080 140 1062 124 988
1428 -0.50066095855045867 18.316705808562372 -1.3190494131501518 59 62 72 0.77734597605843325 123 1178 139 1041 140 953 124 1076
402 4.9756649189388327 2.5173714955303876 8.1726442748512103 165 165 165 0.76956767756066291 106 263 107 300 108 155 106 200 110 176 109 341 112 394 111 215 114 436 115 454 116 467 119 710 116 269 121 885 120 619 124 931 124 1016
411 9.7496137350654664 6.6787519558743647 3.5746196907230474 0 0 0 1.1075613986053359 106 380 107 350 108 288 110 288
1520 3.6642545120979535 1.6757900671190407 5.4959718864938116 8 8 8 0.28067575633668479 115 226 124 500
416 9.9970680882068379 6.599830049674984 3.6200922842710419 0 0 0 1.2576280718128829 106 349 107 382 108 311
1525 11.448512257293453 8.0348071594843891 -1.0744105027498498 89 94 108 1.2060898611042097 117 549 118 773 119 814 120 745 139 610 140 612 124 615 115 378 116 358
418 13.349549909397068 3.3132972018095845 2.6795090535827253 231 231 231 2.2923841516624655 107 385 108 313 110 294 109 350 112 407 112 433 111 308 113 316 114 267 115 275 116 16 118 408 119 149 121 73 117 251 123 57 139 49 124 47
1527 4.1661058297119293 9.585367732445798 -5.744280285943641 111 117 134 0.49624945459508008 140 626 124 631
421 11.985388402897792 3.8010483675451976 1.5310558270914727 231 231 231 0.85748264961067633 106 434 107 408 110 323
1530 7.5594473680456611 5.9206071661403028 4.9146922343516879 119 125 143 0.6880557423817325 115 325 124 683
330 13.091337745727236 3.0907931157672786 2.7572355032160742 59 62 72 1.4467472541166027 104 558 105 426 106 452 107 422 108 332 110 319 109 388 112 461 111 342 113 484 114 448 115 467 116 500 118 892 119 927 121 730 117 631 120 870 139 896 123 975 140 974 124 883
1439 -1.4499792285930966 11.237010312985056 -6.1626876350708875 124 124 124 0.259652341890172 123 1100 139 1011 140 1005
1412 -0.43209396042520815 16.984358464021962 -0.98460287865384988 231 231 231 0.81685339889910047 123 597 139 526 140 871 124 540
303 10.243852098620245 6.1151629362852411 4.3896751840537043 117 121 133 0.59980539892483509 103 331 105 257
334 11.373947723767694 4.8287912405163205 6.8519191683310208 229 229 229 0.91955858870221641 102 69 103 179 105 24 102 71 104 37 103 49 106 35 107 36 108 7 140 82
1443 -0.66548000721192246 12.476114610790308 -5.0268491897020793 231 231 231 0.89194240786079793 123 1108 139 1020 140 1012 124 1011
1416 3.4817158343814745 9.5723945659853786 -5.6804445895165925 62 66 76 0.35125331284855515 120 1105 121 952 123 996 139 916 140 928 124 903
342 9.7537606139177377 6.7482458153055616 3.7907877619826782 91 96 110 0.4174485419412774 105 146 106 136 108 25
1451 1.0254214415006841 10.715612585118006 -2.8363276052877122 0 0 0 0.74737906141125054 121 969 123 1158 140 1067 139 1016 124 1062
1424 1.111572202724634 11.764712383916203 -6.8917585559181447 5 5 5 0.25858059037988385 123 1014 140 941 124 925
343 9.7444773013786818 6.742895550649644 3.7817910281739784 91 96 110 0.43867631076108277 105 147 106 137
1452 -2.4581879269573994 11.135122052280201 -5.7083078437127623 124 124 124 0.29987947770523166 123 1106 139 1017 140 1070
1425 8.3667894253852122 8.4580872250133243 1.3895445514070019 108 113 130 0.42367488084606575 116 622 117 791 118 1071 119 1141 120 1030 121 873 123 1015 140 942 139 1007 123 1095 124 921 124 1003
316 12.197411287178664 3.4177000143208272 4.1074959805001816 231 231 231 0.35298330039545694 104 475 105 344 106 390
344 2.5544254358686049 -5.7079941755830967 8.6282327374035841 8 8 8 1.9497282754959016 105 148 106 150
1453 -2.9936274511504162 8.2458651914421637 -3.3864509373332137 231 231 231 0.30406452795659961 123 1113 139 1022 140 1073
1426 9.6129424133107317 4.8516798083876429 7.3287343492747414 119 125 143 1.0032856490042721 121 776 140 944 123 902 117 572 121 655 140 844
317 32.768538985569094 5.0277836679087624 17.597815687819281 100 105 121 1.6984216026423553 103 481 105 367
345 2.5544254358686049 -5.7079941755830967 8.6282327374035841 8 8 8 1.9497282754959016 105 149 106 151
1454 -1.9687458774927904 8.5872306234843112 -0.56141839156341899 236 236 236 0.43638437844387434 139 1037 140 1075
1427 -0.80092804883568514 12.209217683551696 -5.0332716166157683 5 5 5 1.5834485980122348 123 906 139 840 140 948
318 12.017861083956968 3.7641120261437577 1.541431722262987 231 231 231 0.7722735962246764 104 424 105 372
347 10.770819107002604 3.712466026414933 2.0637700476587346 113 119 137 0.68538185200359514 105 117 106 205 107 32 108 4
1456 -3.037205460760255 8.9169640541316291 -0.86137854734767827 236 236 236 0.49815689561392157 123 1179 139 1097 140 1081
1429 -2.3828553718575542 8.554983857238069 -0.43876402990488339 0 0 0 1.1331224390900125 123 1035 139 952 140 955 124 746
320 10.34770684090596 6.0543003069981962 4.269203316326359 94 99 113 1.6521510049665127 104 467 105 384 106 429 107 380 108 308 109 378
348 10.770819107002604 3.712466026414933 2.0637700476587346 113 119 137 0.68538185200359514 105 118 106 206 107 33 108 5
1457 -3.037205460760255 8.9169640541316291 -0.86137854734767827 236 236 236 0.49815689561392157 123 1180 139 1098 140 1082
1430 4.3612480285307722 7.8393875589156794 -5.9880087857236264 59 62 72 0.34631237925733133 119 1239 120 1167 121 940 123 982 139 904 140 977 124 890
349 11.435457701098604 4.7534680726931597 6.7641400261718108 8 8 8 1.1212635618262523 105 188 106 221 107 186 108 41 112 127 112 131 111 12 114 195 115 51 121 115 120 146 139 288 124 251
1458 1.6870067898560257 9.9952367602648486 -7.9883378863352013 29 30 30 0.92397042874715207 123 1143 139 1116 140 1091 124 1094
1431 2.0183257758900846 11.767001346204676 -8.6637981315506423 11 16 15 0.91596949203908407 123 1082 139 995 140 987 124 998
322 3.809232785693645 3.0377940492597602 9.302866843794888 59 62 72 1.2853953400519678 105 394 107 436 108 361 110 367 109 453 112 547 111 458 113 614 114 635 115 647 116 735
1432 4.7045612847796567 8.618680689742412 -3.6391664725419219 0 0 0 0.46129352716440186 118 1176 119 1247 120 1177 121 1007 123 1084 139 998 140 988 124 997
323 10.998191692600782 5.1586102025973863 5.3420521477217546 111 116 133 1.7972738659643506 102 492 104 512 105 398 106 443
352 10.800742439981313 3.3843869378664322 1.7612577752958338 85 90 103 0.83730320418961546 104 333 106 259 107 295 108 134 110 144 109 236
1461 4.9259889527153717 10.1024180239777 -3.5616688523250253 0 0 0 1.1185057927911086 123 1197 140 1100 118 1259 119 1312 120 1295 121 1094 139 1119 140 1146 124 1147
1434 11.255115485409471 4.730261755076441 4.2738271640162369 228 228 228 0.24889392190869908 123 1085 139 1000 140 992 124 993
353 11.333562127271939 4.6365683736685499 4.2692819054304172 228 228 228 0.57019540792677481 105 300 106 282 108 150 109 247 112 327 111 189 118 651 117 302 139 638 123 724 140 653
1462 3.8806069788096749 8.5356024710086196 -2.8082484917657915 0 0 0 0.38885867980005928 119 1313 121 1095 140 1101
1435 4.4185738430896508 9.6817805783276505 -3.6165960088239379 228 228 228 0.54450381434292627 118 1181 119 1249 120 1180 121 1011 123 1091 139 1005 140 997 124 1001
326 9.950212253820526 4.0632947471109375 0.96448835868903882 59 62 72 0.51858687981306784 104 544 105 417 106 464
354 11.334921499440329 4.6340869890947554 4.2686887758111194 228 228 228 0.62787331032007032 105 301 106 283 108 151 110 89 109 248 112 328 111 190 118 652 117 303 139 639 123 725 140 654
1463 3.9345123357988321 9.8152038418188035 -3.8089247376841149 85 85 85 0.83506460578991293 119 1314 120 1267 121 1096 123 1198 139 1120 140 1102 118 1239 124 1102
1436 -0.53214185543327186 11.226093036686713 -6.1207050868071686 231 231 231 0.21256875482369825 139 1009 140 1002
355 11.181790946899071 5.2567495489040441 5.1025453537838521 0 0 0 0.64951215316132205 105 245 106 291 107 269
1464 3.1855361928239634 10.817890481327458 -4.4405598139349589 0 0 0 0.37569342154934027 119 1292 120 1269 121 1066 123 1152 139 1075 140 1106 124 1103
1437 -0.92112993168178936 11.919391874791966 -6.3643217726510395 231 231 231 0.20193324155434933 123 1018 139 940 140 1003 124 1007
328 4.7593906790424612 1.626862265725697 8.5469779712398513 165 165 165 1.0959495955579617 102 512 105 423 106 469 108 352 109 458 112 539 111 454 114 630 115 630 116 718 118 1257 119 1341 117 934 120 1322
1438 -1.5738802134543053 11.168207762579238 -6.2682591141341311 18 24 20 0.15723722221591702 123 1099 139 1010 140 1004 124 1060
329 12.500473583540417 2.9525211307458408 2.75374423837293 231 231 231 1.707546758044709 105 424 106 451
358 17.276534196713904 5.5952853734155674 5.9761203700458703 113 119 137 2.2146927244028669 103 454 106 358
1467 4.1664963583499235 8.4329944815193123 -6.8534359681539074 100 105 121 0.96994218721683223 120 1288 123 1192 139 1114 140 1131 124 1129
1440 -1.7333599560377879 11.335007193053999 -6.1129987437926987 124 124 124 0.25090552808791 123 1102 140 1006 124 1061
331 6.1122653964412574 2.7740718750010993 7.8887642599846455 59 62 72 1.1680102889240922 104 534 105 431 108 339
1441 -2.2033647126318336 10.944580854161334 -5.6923909432795572 124 124 124 0.18983516514795937 123 1104 139 1015 140 1007 124 1009 124 1063
332 2.5650151181030112 3.2014909423697895 9.9871495759544615 114 120 137 1.3280265032300302 103 509 105 433 106 477 107 456 110 381
360 10.646241167210261 4.6158048284009334 2.2763977814921588 109 115 132 1.056197786532199 104 220 106 370 107 312 109 158 113 14
1469 4.0682746984295681 10.338563302383111 -6.9781392248761529 112 118 135 1.7708416576931425 121 1092 123 1235 139 1160 140 1134 120 1293 124 1138
1442 -0.66548000721192246 12.476114610790308 -5.0268491897020793 231 231 231 0.89194240786079793 123 1107 139 1019 140 1011 124 1010
333 10.961233672600608 5.2409760701697374 4.6163821834643066 0 0 0 0.79777198863584897 104 566 105 434 106 479 107 455 108 360 110 361 109 447 112 533 111 442 113 576 114 597 115 612 116 699 118 1204 119 1284 121 1088 117 894 120 1262 139 1170 123 1270 140 1176 124 1146
361 6.6670779179292863 0.11813526412404234 7.126950668896967 59 62 72 1.9254307361900216 101 367 106 383 110 269 115 361 119 1126 121 454 124 1052
1470 6.8539704980339815 9.3453716217728502 -3.9865176859581748 71 75 86 0.49938705367981423 118 1254 119 1337 120 1290 121 1129 123 1241 139 1166 140 1135 124 1139
362 17.075836381982523 3.9228227727422911 6.7607314404771639 112 117 135 1.1748303941991136 102 484 106 386
1471 5.0644756680237784 8.5622648163166364 -4.0153593303852864 228 228 228 1.8409500395937179 118 1228 119 1308 121 1090 123 1242 139 1167 140 1140 124 1140
1444 -2.9602740649347554 8.1197197351506549 -3.1593820535096828 5 5 5 0.25988681436871436 139 1023 140 1017 123 1114
335 -3.9957851182592772 -0.18158725344173202 15.100702635285561 59 62 72 1.6956826206140447 103 290 101 309 105 280 102 369 103 419 101 469 106 325 107 299
363 11.808929163743505 5.3157756545189638 6.0074738713038949 231 231 231 0.59562864604605181 105 350 106 403 109 359 112 445 117 658
1472 5.0644756680237784 8.5622648163166364 -4.0153593303852864 228 228 228 1.8409500395937179 118 1229 119 1309 121 1091 123 1243 139 1168 140 1141 124 1141
1445 -2.3935618789972164 8.3681041349936738 -0.39390961450794743 0 0 0 1.337847716878876 139 951 140 1034 123 1034 124 745
336 5.5830366478954314 4.3668419422696401 8.4193179388081205 113 119 137 1.3369115052797356 102 486 104 509 103 486 101 504 105 415 102 520 104 539
364 11.833143541650859 5.3221816246315354 6.0289615572494544 231 231 231 0.43157012546390683 105 351 106 404 109 360 112 446
1473 4.0456237547820901 8.4539567345180231 -4.440518885483316 228 228 228 1.7127043648909195 119 1338 120 1292 121 1131 123 1244 139 1169 140 1142 124 1142
1446 4.8195981897710869 9.5066992368188856 -8.4563731149940793 57 57 57 0.72875584516535385 120 1219 121 1046 123 1069 139 983 140 1054 124 1044
337 3.8384571430809871 1.8558422311555214 9.0566869579448159 8 8 8 0.094874161429663234 105 7 106 27
365 10.004320950269008 4.1459691180871792 1.1169278921702113 59 62 72 1.5517489192743641 104 433 106 406 108 278 110 255 111 181 113 401 115 363 118 186 115 24
1474 4.5876529785550524 10.093469909839849 -2.9472741562848368 228 228 228 1.2949857950885932 118 1238 119 1317 120 1296 121 1097 123 1245 139 1174 140 1149 139 1125 124 1148
1447 2.8133909220885722 9.7483781539264616 -9.0137924769890621 57 57 57 0.70176467131803044 123 1140 139 1059 140 1057 124 1045
338 3.8384571430809871 1.8558422311555214 9.0566869579448159 8 8 8 0.094874161429663234 105 8 106 28
367 11.805758918309751 5.1553635838847178 6.0578426995622694 231 231 231 0.45387961640229701 105 414 106 459 107 432 108 341 110 344 109 428 112 495 111 415 113 561 114 577 115 593 116 684 118 1169 119 1243 121 1057 117 866 120 1224 139 1172 140 1150 124 1099
1476 -0.85217302242543547 11.338897012105816 -5.2051476162128596 119 126 144 0.60471422471990466 123 1250 139 1177 140 1154 124 1153
1449 3.9302407246968394 8.7591495069724417 -5.4190280473842609 111 116 133 0.52254196243494133 119 1285 120 1263 121 1054 123 1144 139 1063 140 1059 124 1093 121 1089
340 9.9679177544363871 6.4670400708666964 3.7732060906414016 59 62 72 0.98212594814134813 104 55 106 87 107 160 108 24 116 240 120 357
368 12.3318067462187 2.7871270267653947 3.4381321269426413 59 62 72 0.42405490931016909 105 442 106 468 107 447 108 330 110 342 109 423 112 486 111 409 113 521 114 525 115 546 116 585 119 1116 121 926 120 1070 139 1058 123 1139 140 1090 124 1042
1477 1.125531428056693 11.368155310783385 -2.9767972984808591 0 0 0 1.0594655127119703 123 1251 140 1156 124 1176 121 1157 139 1207
1450 5.4594310654604978 9.847935993496133 -2.289411663982349 86 81 77 0.018282913678979246 139 1074 140 1065
341 -4.5235703527281919 -0.10923097959146076 16.320730629554568 231 231 231 0.40723362099684751 102 85 106 108 107 94
369 10.835666782745207 3.6826851993603946 1.7785638488204043 67 70 81 0.56522832026871772 105 446 106 473 107 425
1478 6.6873444508256794 3.3407723111655714 7.9814519829181325 0 0 0 2.0950504015959193 114 602 115 600
370 -2.1691479410497481 0.12855054719601702 13.318450036198882 231 231 231 0.95834301237341324 104 526 105 422 106 486 107 459
1479 -3.1141157789717622 9.0214382876966912 -1.1529817024112436 0 0 0 0.40402680292208076 123 1258 139 1189 140 1162
371 9.2763471671776863 4.5201925937097833 7.3122567908016984 231 231 231 1.1955825465069101 107 452 108 358 110 347 109 430
1480 2.052962424403264 10.404442345477955 -7.8345365769855242 112 118 135 0.4703610946472101 123 1268 139 1202 140 1174 124 1172
372 2.5075773162310231 3.1652688451402442 9.7919920139548804 115 121 138 1.2203604897438887 104 560 106 490 107 463 108 376 109 465
1481 -1.2829310885016081 9.6501615212854617 -0.45246400633558315 114 120 137 1.1592928570573076 123 1289 139 1229 140 1181 124 1199
426 11.699626259172083 4.2869783024981682 4.0247675450726881 228 228 228 1.0124925612759221 106 475 107 450 108 355 110 357 109 444 112 512 111 431 113 572 114 593 115 589 116 679 118 1161 119 1234 121 1048 117 859 120 1214 139 1163 123 1239 140 1137 124 1090
373 4.1899457257123895 3.0349997967184037 8.7264926483452321 0 0 0 0.63331592406986115 102 35 101 14 106 275 104 327 103 307 105 290 107 264 108 180
1482 11.047001961267711 5.3497885871491437 2.4013652478390553 70 74 85 0.71532296802694828 116 715 117 915 118 1222 119 1303 120 1286 121 1128 123 1266 139 1220 140 1189 124 1193
1455 -1.9687458774927904 8.5872306234843112 -0.56141839156341899 236 236 236 0.43638437844387434 139 1038 140 1076
374 10.812582286830596 4.987681942117753 7.5094722635266873 8 8 8 0.96460232538467505 102 205 103 242 101 258 106 227 104 207 105 130 107 109 109 128 112 145 111 88 118 232 139 311 123 97 140 287 124 79
1483 3.761849360181984 9.4010742480508274 -5.7786109483996153 64 68 79 0.26028617421360034 121 1151 123 1267 139 1203 140 1190 124 1171
375 12.872213937405064 2.9198327333663805 2.4575171864990333 117 123 141 0.36220470493410778 105 96 107 2 108 0
429 1.0289954791808043 -1.5574666282987912 11.392977113435213 74 78 90 0.66223989602809197 107 0 108 27 112 259 111 61 113 290 110 20 114 296
1538 5.4098700925981333 9.581467969518366 -7.741803531623785 73 77 89 1.0562179400436134 120 1090 121 851 123 685 139 805 140 820 124 793
376 13.043974622993201 3.2466141984476429 2.9644656156009774 59 62 72 0.15622450563661899 105 4 107 11
1485 -3.1386741221449226 8.8296638771759532 -1.8506783949191987 69 73 84 0.057496871738063351 140 1195 124 1201
377 3.9355736140412034 3.5001638924697467 9.0417171209266609 165 165 165 0.096438605479830186 104 36 107 47 108 19
1486 -2.6747049090808637 8.6872457576011808 -0.55673396564351929 0 0 0 0.38784998219442268 123 1292 140 1196
1459 4.2284639361784189 8.6709756956751125 -3.5169883185666224 228 228 228 0.31215074186760683 121 1060 123 1195 139 1067 140 1097 124 1096
378 8.5380526774388503 6.9234113692846 10.553128718605585 231 231 231 2.3327617357892274 101 84 110 71
1487 2.0456472169091353 9.326330398949068 -8.2127123831933613 95 100 115 1.9719726520809704 139 1115 140 1132 123 1141 140 1058 124 1132
1460 4.0675903366646713 8.4565599818140669 -3.3898367635601332 228 228 228 0.60962237489894233 118 1234 119 1289 120 1265 121 1061 123 1196 139 1068 140 1098 124 1097
379 -5.6264419556467589 -1.758238908406428 19.310968717834587 10 10 10 0.56718192289580793 103 30 104 20 105 94 107 62
1488 8.4736349594710685 3.7570446777089752 8.7588284660459692 8 8 8 0.55339194460566454 107 326 108 224 110 226 111 290 113 419 140 1016 102 337 103 352 101 379 112 389 103 353 105 288 106 329 107 327 108 225 110 227 113 418 112 390 111 289 101 378 116 457 116 458 121 781 119 974 117 665 120 918 139 946 123 1020 140 1015 124 928
380 11.359509623695542 4.7739095212929792 6.9060977491238056 8 8 8 1.2177302584762051 106 223 107 100 108 45 110 38 111 14 110 39 113 34 113 35 114 52 119 193 121 117 120 148
1489 12.050802564399854 4.8424423192738582 5.7853554125640434 8 8 8 1.117960113611467 111 49 113 134 115 35 114 32 140 445 114 34 121 110 124 238
381 0.68017831086177039 1.9473467649759393 11.814047408288172 4 4 4 1.0460636019697542 106 31 107 107 108 234 110 264 109 345
1490 8.367421741791313 3.7194596981829049 8.8145554863141378 4 4 4 0.36086344045025137 102 123 104 189 101 117 140 736 116 107 118 276 121 341 139 509 113 42
383 8.4760552632332171 3.9126901891870154 8.8357556661129237 8 8 8 0.6313364299048364 105 171 107 179 108 104 110 113
1492 10.346872100275881 5.8730316764561294 4.1301862358124435 106 111 124 2.5397415059983439 110 57 109 166 112 221 111 99 140 689 109 270 120 777 109 222
1465 3.1855361928239634 10.817890481327458 -4.4405598139349589 0 0 0 0.37569342154934027 119 1293 120 1270 121 1067 123 1153 139 1076 140 1107 124 1104
1466 0.9714092214528709 11.913551704277983 -6.7596892098802073 5 5 5 0.16147097785864711 123 1203 139 1127 140 1108 124 1150
387 9.8114862609923019 5.9798787456766931 2.9773932412531146 110 115 132 0.29381806844773178 106 241 107 221 108 193
1496 1.369125655272551 11.810244392962238 -7.3836695412578512 10 10 10 0.40574648457801193 139 82 140 74 124 73
388 7.7644477155746872 5.9747541811972145 5.0311268373226872 60 64 74 0.57783871901329542 106 240 107 223 110 127 111 154 113 248 115 244 121 331 123 321
1497 9.5146667214649341 4.8064414196637175 7.5296662905727025 8 8 8 0.73080711771833773 123 325 140 290 124 83
389 1.9785963738947328 -2.2771020340934882 10.035848182736693 60 63 74 0.29230851595449331 106 245 107 230 108 127 110 132
390 4.5561656066992882 -0.20199466400134689 8.6911149797273932 59 62 72 0.75764889967571003 104 309 107 237 108 129 110 141 109 307 112 409 111 315 113 455
1499 1.9066926475309498 10.000967625514081 -8.0210167350179269 109 114 131 0.12449633899102369 140 229 124 219
391 10.974012393811986 3.509338117630727 2.0859498883886065 113 118 136 1.9778153731751091 106 260 107 242
392 5.0347576419007609 2.6591608020982389 8.1515117072046852 0 0 0 0.46516071959026783 106 268 107 250 108 159 110 231 111 218 117 589 120 927 139 1032
1501 0.58773781587814733 11.112558504256864 -8.0248101918154724 10 12 14 0.014032677732489602 140 244 124 243
393 5.0348904431585693 2.6609861175263148 8.1538273635846465 0 0 0 0.45421179048357135 106 269 107 251 108 160 110 232 111 219 117 590 120 928
1502 5.0388155681704667 9.7144903072839419 -2.1682805274972661 86 81 77 0.65545427284488289 116 483 117 484 118 689 119 712 120 408 121 328 140 269 124 259 116 392
1475 -0.85217302242543547 11.338897012105816 -5.2051476162128596 119 126 144 0.60471422471990466 123 1249 139 1176 140 1153 124 1152
394 11.935181120584398 4.6918734719913262 5.4947454876283137 231 231 231 0.41367862673542249 105 240 107 252 110 158
395 10.631912700357402 4.1030962669610114 1.9086143359180687 59 62 72 1.005829938503735 104 340 106 362 107 256 112 256
1504 10.399360860802467 4.8103259252883328 7.2237076140763952 0 0 0 0.085992578015869209 139 309 140 86
396 10.926267473110757 4.9758252904572933 4.0139791397233733 0 0 0 0.084563263757769874 106 293 107 270
1505 -1.0967832783585585 -0.37752845731611251 2.7210859669913852 8 8 8 1.0303991154023222 119 471 124 268
397 5.2454645909296582 3.8475098924930751 8.0647373237583277 59 62 72 0.28890522502364541 104 257 107 273 108 186 110 196 109 281 113 368
1506 22.690146389646245 9.777242492496903 13.689956549999103 8 8 8 0.32967567543967358 115 63 124 275
398 9.6972754744584488 6.6623096327382587 3.5382108640211123 0 0 0 0.58739616885115797 106 381 107 281
1507 8.1651455512323565 3.5484321652625455 8.4324364860228407 0 0 0 0.23703351417415236 118 483 140 512
494 10.747398784076021 4.9247092390979068 3.2572276729894498 110 115 132 0.81002215573480685 106 297 110 175 111 58
441 8.9014081248671015 5.7680149092250836 8.5611303070443441 8 8 8 0.93533249509418881 107 208 108 111
1550 8.165145551232305 3.5484321652625241 8.4324364860228069 0 0 0 0.23703351417420951 118 484 140 513
1523 -2.7998865950628802 9.0367407401213882 -2.4071450916035184 64 68 79 0.55426694089238493 140 752 124 534
414 10.225791426061942 4.859870213853501 1.8160739303825681 113 119 136 1.0231967727697764 106 346 107 378 108 240 109 259 113 131 115 30 123 696
495 11.024455071205496 5.5635369712642984 2.4086570214988474 111 117 134 2.555236719041857 108 244 110 189
442 12.001909033822486 2.653781445389924 2.8584276637090751 93 98 113 0.17416838061869952 107 294 108 128
1524 2.6383919210329543 9.0679283735294138 -8.3920223118685602 57 57 57 0.86532667458603263 140 598 124 597
415 9.997068088206829 6.5998300496749778 3.6200922842710352 0 0 0 1.2576280718128403 106 348 107 381 108 310
443 4.7278654188168758 2.7845684899767691 8.3454613550543399 0 0 0 0.45564495573409142 102 93 108 167 110 184
497 10.492542411440532 6.1271221814330339 3.1140518886047479 0 0 0 0.94642826530699509 108 76 110 199
444 4.7278654188168758 2.7845684899767691 8.3454613550543399 0 0 0 0.45564495573409142 102 94 108 168 110 185
1526 3.5039199278532513 8.9201434962417903 -6.0171529305251044 113 118 136 0.39382590159769387 120 903 140 613 124 623
417 12.931174125921922 2.9303432599174544 2.9333644756753787 231 231 231 0.66720519767526498 108 291 110 293 109 349 112 406 118 405
499 12.301587570226024 3.0426593979109362 3.5432399350751833 110 116 133 0.59692966134757508 107 323 110 219 112 314
446 0.66132019676325848 1.8243772778450931 12.076000032916134 231 231 231 1.3511134920815238 107 38 108 177 110 263 109 382
1528 9.257166825026955 4.9391455135000797 2.9354242946004034 109 115 132 1.6619892203646964 116 443 117 551 118 778 123 730 140 664 124 639
1529 -1.4883193280159686 10.185284475158754 -6.8042384905772622 9 12 14 0.058359101819322697 140 702 124 676
420 11.02974270806517 5.0043498131962858 4.2215720025232635 0 0 0 0.47407249541107205 106 426 107 395 108 322 110 330 109 400 112 473 111 397 113 533 114 542 115 525 116 606 118 1057 119 1132 121 943 117 777 120 1092 139 1070 123 1150 140 1064 124 1051
448 8.4547216462324588 6.8325405825446994 10.500104103470624 8 8 8 0.64452281102856912 107 278 108 189 109 285 105 252 112 363 111 245
449 9.8130791989631003 10.796774059802758 11.579848317877158 87 81 78 0.51611576156759364 107 228 108 205 110 214
1531 -0.73345544409989427 10.812533967693524 -5.2215448954142847 114 120 137 0.20305083483913677 140 709 124 692
422 9.792982442989997 4.7881235695852897 7.3455406546271291 118 124 142 1.6646792445055707 107 415 108 303 110 313 109 368 112 449 111 326 113 415 111 291
503 3.276732508055189 3.0126561023594913 10.474158850733382 231 231 231 0.51617290417935702 108 183 110 239 109 282
450 9.8130791989631003 10.796774059802758 11.579848317877158 87 81 78 0.51611576156759364 107 229 108 206 110 215
1532 -0.77499735673420556 12.126229055040112 -5.0002880740676279 5 5 5 1.2978824940980558 140 721 124 700
504 0.50821963067106746 2.2892303057528798 12.613299689591017 59 62 72 0.64328249442724772 108 184 110 241
1533 -0.48033528112549662 2.8294757149986833 2.3138674939720665 236 236 236 1.890757928070314 140 774 124 714
424 10.813988773322569 3.6347093672740827 2.1145376608131188 113 118 136 1.2981796718135674 110 301 109 354 112 438 111 314 113 398 114 402 115 355
505 10.011470648644014 6.3449956516753412 3.7392344073019332 94 99 114 0.32780248695351821 107 315 108 248 110 242 109 324 112 399 111 295 114 428
439 -2.1947599080712203 1.1769839863327689 13.911794188320561 88 92 106 0.63315453262864319 106 29 107 105 108 109
1548 10.899664345839534 4.5652750401678333 3.0406916376012312 228 228 228 0.78555615919383115 111 280 116 434 124 621 107 371 118 764 117 645 120 737 123 699 105 196 106 365 119 806 139 612
1521 -0.73460681845068243 10.816842050133241 -5.2295249457618587 114 120 137 0.19127098261007652 140 478 124 509
412 10.655602443841683 3.9568561023327637 1.944561782904364 97 102 117 0.63638734827631227 106 399 107 364 108 274 110 271 109 355 112 440 111 278 111 344 113 325
493 11.181027216350518 5.071769495274042 5.0546314774402958 228 228 228 1.606136163691031 108 169 110 174 115 305 119 654 139 828
1423 3.9999936673193877 9.3696256450513768 -3.5255991915516889 228 228 228 0.68797712717961323 121 875 123 1013 139 934 140 940 118 1082 119 1155 124 916
314 12.95764771969986 3.3041226946233699 2.5174750197837086 231 231 231 0.16924934419879512 104 370 105 341
522 10.76425019784263 5.0340172686266342 2.0566291923987454 64 68 78 1.9677844882062954 110 332 109 401
409 2.975606857764729 3.6340052375900505 9.2575072273170189 118 124 142 0.04461245829514382 104 336 107 343
1518 -0.057567537895480803 11.075003609174875 -7.5034364430885043 9 12 14 0.037976903978216167 140 441 124 462
1491 11.278728585129977 5.7528505946025748 2.6461761524056389 92 96 111 0.71033178932664331 117 544 119 815 123 709 140 633 114 347 115 374 116 439 118 772 121 453 119 640 117 459 120 751 139 624 121 607 124 626
1410 1.3448716184436413 4.6933095992668408 2.4217197318996804 0 0 0 0.44191238507043884 119 991 120 938 140 860 117 740 118 940
301 11.142468185749227 5.5613742614082602 5.5237161271608839 226 226 226 0.32978847575576364 104 343 105 247 106 296 108 178
509 3.8102893998325924 2.1372876104294458 9.2223398356395574 88 93 107 0.75180396249917569 108 154 111 225
438 8.4760552632332136 3.9126901891870136 8.8357556661129166 8 8 8 0.63133642990481853 105 172 107 180 108 105 110 114
1547 10.128586293442378 6.6179931617339465 3.7969778655841675 0 0 0 0.74153875711097261 112 298 113 295 124 455 110 15 109 167 115 113 117 123 140 267
492 10.840475961279394 4.8532613171026338 3.456434816599177 0 0 0 0.40910705331531438 108 171 110 173 115 372 121 451 139 633 123 713 140 643
1422 1.2237045364558456 11.258224809582412 -7.1602363724765903 231 231 231 0.20250686664722478 123 892 139 826 140 937 124 919
1549 10.85731693686505 4.5532271649302833 3.0341253069097012 228 228 228 0.53839818804441197 111 281 116 435 124 622 107 372 118 765 117 646 120 738 139 613 123 700
440 8.9014081248671015 5.7680149092250836 8.5611303070443441 8 8 8 0.93533249509418881 107 207 108 110
521 11.028602612012659 5.0049186741608533 4.2217771190509907 0 0 0 0.42468225864008208 108 323 110 331 112 474 107 396 111 398 113 534 114 543 115 526 116 607 118 1056 119 1131 121 942 117 778 120 1091 139 1069 123 1149 140 1063 124 1050
408 -2.3086408539116414 0.98312403607749643 14.175498889863032 112 117 135 0.95612431361424044 105 283 107 329 108 285 110 287
1517 1.3609462620844137 11.943366937604383 -8.1964123059365726 9 11 14 0.044864505772537526 140 434 124 453
1536 8.9584102144169862 4.7128616597250055 -0.73887084096845024 231 231 231 0.32754004868693359 121 741 139 799 140 913 124 787
427 8.2366521769795522 3.637276441835716 8.0309165615084073 8 8 8 1.6906029315441771 102 122 104 188 101 116 107 96 103 44 105 16 108 93
508 11.797075064901211 4.0619286164648454 4.0634672922496442 228 228 228 0.59250392496638193 106 394 110 250 116 508 118 901 117 641
437 11.464539257426953 4.7287220685490103 6.646478844245566 8 8 8 1.2886173791407001 105 186 108 87 110 97 109 211 114 51 139 289 139 470 113 32 123 287 140 275 140 457
1546 10.25679930270498 4.1581613791482726 0.3004029910098916 231 231 231 0.8475254972337275 114 337 115 354 121 424 120 510 124 399 116 195 118 433 123 207 139 210 140 200
1519 2.6516745506146373 1.2349547201411777 4.7271427480849502 8 8 8 0.40980782262699017 115 225 124 491
410 10.005132192884234 6.7212034640537732 3.8016359181585919 103 108 124 0.41079883468052159 107 349 108 267 110 267 109 325 112 400 111 224 113 427 114 359 115 389 139 683 123 768 140 696 124 456
339 11.275394054014669 4.8645983637202876 6.8726862637043471 8 8 8 1.0525173711875999 102 136 103 50 105 27 106 38 107 104 112 139 111 16
1421 3.8315829001795318 11.162391897586078 -5.3445734786126016 5 5 5 0.85160668169828735 119 1209 120 1182 121 957 123 895 139 827 140 936 124 918
312 11.128515113089934 4.991257910535996 4.5588589426192101 227 227 227 0.37307510588886977 104 393 105 306 106 368 107 335 108 256 110 260 109 334 112 416 111 316 113 457 114 421 115 444 116 519 118 909 119 952 121 756 117 652 120 888 139 929 123 1002 140 930 124 906
520 0.9997380021681922 0.47968896668514194 11.671980265076852 231 231 231 1.1788921406305859 108 294 110 328
407 0.99829534551471533 0.61525121450075049 11.469888600164722 231 231 231 0.64671724248955154 106 255 107 325
1516 0.66425726276548647 11.005635649181535 -8.1021194855130982 9 12 14 0.014696652392052182 140 425 124 449
461 10.736776689145101 4.8610273139799931 7.6027773273792345 231 231 231 0.7755667409649325 102 416 108 277 110 279 109 364 112 447 114 466 115 481
436 13.13977578754533 3.6007463848830681 3.4270756807301113 231 231 231 2.4759287928445239 107 61 108 80
1545 5.9633119086495672 4.7732591962417841 7.3432157935616269 231 231 231 1.6456702041452567 116 722 117 925 118 1237 119 1318 120 1301 121 1135 124 1195
490 10.972846275979654 3.6593296898790304 1.7646781276775365 67 70 81 0.23869156875444991 108 137 110 148
519 10.10426427083331 4.0982260073808305 0.99041089088164813 59 62 72 0.83150097565700765 108 342 110 327 109 394 112 467
406 12.05309630762304 2.9506841137377657 3.1198676050749672 231 231 231 0.18112961800931898 106 251 107 321
1515 0.66425726276548647 11.005635649181535 -8.1021194855130982 9 12 14 0.014696652392052182 140 424 124 448
1419 4.0765762912210475 9.4909925888232429 -3.9218156573676541 228 228 228 0.53119796955135268 120 1108 121 955 123 891 139 824 140 934 124 915
310 10.791060276790525 3.5630574089420093 1.7963710508280326 67 71 82 0.64418215973484261 104 457 105 293 106 357 108 136 111 42
518 11.9009000876591 4.3822761425645611 1.1104036123365459 231 231 231 0.30182538760638533 108 337 110 325
405 11.131104572200687 4.8701774343387241 4.263781094659608 0 0 0 0.726071433097219 106 288 107 310 108 230 110 229 109 315 111 284 116 517 118 906 121 612 120 759 139 649 123 739 140 666 124 636
1514 -2.5814992309588214 -0.73232160357774678 1.8959380619335084 0 0 0 0.10291341083592795 123 771 139 240
1418 4.1297692652444038 9.2564602978248853 -3.68118782289794 0 0 0 0.21962876762704875 118 1138 119 1152 120 1107 121 954 139 928 140 933 123 1007 124 914
309 11.77337233355434 3.9711412091370919 4.0217868834125543 227 227 227 0.8988466853222441 104 335 105 292
463 10.016091494024232 3.9843571256468597 1.1055584021233789 98 104 119 0.59972278696353076 107 393 108 296 110 275
517 12.583678956971598 2.884071282242862 3.1224132188415505 102 108 124 0.90829362125013025 108 331 110 320 109 408 112 462 111 343 139 900 123 978
1417 4.1297692652443869 9.2564602978248605 -3.6811878228979262 0 0 0 0.21962876762705591 118 1137 119 1151 120 1106 121 953 123 1006 139 927 140 932 124 913
308 11.77337233355434 3.9711412091370919 4.0217868834125543 227 227 227 0.8988466853222441 104 334 105 291
462 3.329122682667061 2.775296401643327 10.431189967120138 59 62 72 1.8343077755158583 105 287 107 308 108 284 110 316 109 380 112 483 111 404
1544 7.095896125623633 4.8509713656533116 8.5932201015351595 231 231 231 1.441926538630141 116 692 117 872 118 1178 119 1253 120 1271 121 1102 124 1178 120 1234
435 8.9128521714703499 6.9677584106669874 10.63526710577414 8 8 8 1.3457830362413035 107 147 108 61 112 234 110 60
516 9.4749168415899749 6.1469803020637039 3.0638467475143671 109 115 132 0.1754457805226172 108 309 110 318 109 419
403 4.9757677463138945 2.5184605588123858 8.1738333287706322 165 165 165 0.76411980055504214 106 264 107 301 108 156 110 177 109 342 112 395 111 216 114 437 115 455 116 468 106 201 119 711 121 886 120 620 116 270 139 1034 124 932 124 1017
1512 10.463274725351685 5.6212756126073282 -1.3882399436717474 79 83 96 0.87256175998271623 115 437 124 403
1415 1.961447199271988 10.967918218745149 -8.1215429146169704 111 117 134 1.7006528918915578 139 913 140 926
306 5.1996119253205615 -0.73251566789371347 5.8265980688518813 231 231 231 0.2583235317986311 104 364 105 275
460 12.188050593850166 2.9781958249033891 3.1910868668427801 231 231 231 0.28359843813454444 107 353 108 269 110 296
1542 4.3980734662613248 9.3271138402041682 -4.4163987341188617 0 0 0 1.3402558755927036 120 1294 121 1093 140 1143 124 1144
433 8.8107710276659805 5.5850185757439537 8.204133662902672 8 8 8 1.3503169742766128 107 133 108 55
514 10.91831061450897 4.7531731627125513 1.8377862948663164 73 77 89 1.5058063985849253 109 357 112 443
401 0.92251307381119407 0.84800488255469786 11.523545019098334 231 231 231 1.0385314679263142 106 198 107 296 108 254
1510 9.467045429183246 5.9309719443436402 9.0795080723013228 8 8 8 0.050888613262978603 113 78 124 334
1537 3.119356906256133 7.4776522508517873 -6.4233443645789796 111 116 134 0.98687123611132832 140 917 124 790
428 11.441602447783511 4.9988550486306069 6.6840049402034456 231 231 231 0.66576125930889907 102 490 104 510 103 488 101 510 105 397 106 440 107 390 104 480 103 453 105 376 106 421 108 300 110 309 109 398 112 476 111 360 111 399 113 497 114 509 115 527 116 611 118 1058 119 1136 121 950 117 779 120 1101 139 1077 123 1154 140 1066 124 1056
455 0.59744458021337055 2.2486370804777933 12.646562434519716 231 231 231 0.33682847624489909 107 197 108 238
1414 3.7020686332936927 8.935509512235928 -6.1682216365132749 62 66 76 0.39330885981429592 120 1100 121 946 123 882 139 810 140 924 124 897
1541 6.4474018164664813 5.5122279097562581 7.7882152568134888 231 231 231 2.0280009968071053 118 1081 120 1119 121 1014 123 818 124 1065 117 798
432 9.5732811224304903 5.1724415902856711 7.7645133537668425 8 8 8 1.6066498336476296 108 48 109 220
513 13.566873930383322 3.4912448244010656 3.6182390169251559 231 231 231 1.8054607986666518 108 292 110 298
400 3.3063285284201003 0.73503325277349152 0.1920780639306002 231 231 231 0.51642681073773833 106 316 107 289
1509 9.467045429183246 5.9309719443436402 9.0795080723013228 8 8 8 0.050888613262978603 113 77 124 333
1413 4.4634909076872331 7.6330752616404212 -6.1657242537589303 101 106 122 0.38617699682272411 119 1130 120 1085 121 936 139 802 140 915
458 5.7276150965029968 4.8021910491786501 7.9171217106830181 59 62 72 0.58865422432418724 107 379 108 246 109 383
1540 3.9555900131961983 9.1672059808187694 -4.473333611935618 228 228 228 0.086210082421683071 140 929 124 907
512 9.7590717444766355 6.6652408898681612 3.5767059542388142 0 0 0 0.43820497477383091 108 289 110 289
399 -0.53596224576323537 -3.8264598848980462 12.331902264562686 231 231 231 0.30493517662536812 104 358 107 284 105 262
453 0.67841195091561923 1.9526168359419542 11.815131961797411 2 2 2 0.83452167906239016 107 108 108 235 110 265 109 346
1411 0.20342493523275731 16.897543078531456 -0.31819581907097971 231 231 231 0.55946297902507658 123 839 139 525 140 870 124 740
510 10.82051465217172 4.1638822455650661 1.1408066751181689 103 109 125 1.1616763339053182 107 431 110 272 109 356
489 11.964454683837618 2.5231909743237368 3.1467872039377234 102 107 123 0.57889385744386102 108 253 110 136 111 173
434 8.8107710276659805 5.5850185757439537 8.204133662902672 8 8 8 1.3503169742766128 107 134 108 56
488 2.6191551981526313 0.31391459872706495 1.8603268511552424 59 62 72 1.4773367478534944 102 265 110 135
487 4.6320200296908975 -0.9047373194106243 8.1977117624981748 60 64 74 2.5068174156612848 107 233 110 134
486 5.138307949007122 -1.4041650883032077 7.9361553964137492 231 231 231 0.61689286593600035 105 274 113 390
1513 10.065856837224587 5.7478151218390927 -1.3479564228481014 231 231 231 0.59314563599360082 115 438 116 506 117 444 118 753 119 603 121 88 140 392 124 408 123 219
485 10.531411418025565 5.7051105281103061 4.0127330589753738 109 114 131 2.3094802906584748 105 207 110 121 112 217
430 21.693600772968683 4.2290661769926547 8.0351458902084882 59 62 72 0.82387953410721937 105 2 108 28
484 11.441473680503401 4.7168297064797891 6.6246579658564944 8 8 8 1.0883991952828418 108 86 110 96 109 210 114 50 139 469 117 307 123 286 113 31 140 274 140 456 105 185
482 10.690290840052841 3.6684094301268648 2.0411309169412672 112 118 135 0.36547178312488621 108 141 110 82
481 10.800161334836584 3.7064193326518518 2.0831745347228785 112 118 135 0.420598055886866 106 270 108 140 110 81
478 9.7111370357151436 5.3745438429007963 8.121514219822485 8 8 8 0.48124247045413926 108 50 110 50
477 9.7111370357151436 5.3745438429007963 8.121514219822485 8 8 8 0.48124247045413926 108 49 110 49
476 6.5131951853045189 0.68044677285431843 7.31632440473724 74 78 90 0.26067234242737164 108 30 110 17 111 4
474 11.535742392405371 5.3966035962874574 2.8880579696771562 59 62 72 3.0619923576324339 107 442 108 362
473 1.1832862113891474 -2.0414859077346987 11.203995836432917 59 62 72 0.6929947403638459 107 406 108 329 110 341 112 511
471 9.7314031262623235 10.128663856047137 11.592886889128273 231 231 231 1.9736668552684993 107 464 108 377 110 371 109 469
469 3.4650083994773944 2.9438320056724097 9.8851502206648831 231 231 231 1.673750827811854 107 434 108 347 110 366 109 462 112 550 116 737
468 3.6278021090020971 2.1432883690592437 9.5503217555079161 231 231 231 2.3393532878906544 107 410 108 340 110 363 106 433
413 4.702995425425061 2.6966316069043579 8.3784498894490742 0 0 0 0.17860521931995058 106 397 107 365 108 281 110 282 109 372 112 451 111 368 113 504 114 518 115 539 116 625 118 1076 117 794
1522 -1.6720645036919286 11.284596320209451 -6.1860094972779835 122 123 123 0.082160153798703658 140 480 124 516
1495 13.975787965008781 11.580917560884112 -1.7592825112928081 95 100 115 0.32542150749457199 115 320 116 374 117 316 118 470 119 460 120 348 121 107 139 71 124 68 140 70
1494 0.19208671554817938 4.1674054061036196 3.600730241154618 0 0 0 0.39021679056161362 103 322 105 365
466 10.351796983604631 4.4198868195646845 0.89303230642909892 231 231 231 1.5874236016782539 107 402 108 324 110 306
464 3.2745106779438515 3.4275691532463277 10.261703776097207 59 62 72 1.8120126532988321 106 402 108 307
1409 1.3448716184436424 4.6933095992668425 2.4217197318996808 0 0 0 0.4419123850704042 117 739 119 990 120 937 140 859 118 939
1408 0.80902432943404157 5.1962067238057648 1.2089304612112473 236 236 236 1.3165880993334116 121 503 140 857
1407 -3.0810765604979422 10.199493933522694 -5.4737066001057419 29 30 30 0.25531825266676561 123 908 140 851 139 841
298 4.6204090935281235 2.8599610038526802 8.4946390540263064 165 165 165 0.25770707446009117 101 238 105 231
324 9.7804704068742847 4.1718696487271538 0.94992241839371239 115 120 138 1.8168999538106558 104 463 105 400 106 446
1406 -0.57618443507677464 11.905475039404704 -6.630399544161043 9 9 9 0.26890346783995617 139 687 140 839 124 815
297 4.6204090935281235 2.8599610038526802 8.4946390540263064 165 165 165 0.25770707446009117 101 237 105 230
1405 1.1080368395816853 11.707529518537589 -6.871213942965043 5 5 5 0.092113169925336941 123 896 140 838
296 0.67240556497884907 2.2470685089218558 11.754791679761986 59 62 72 0.50952721832446901 103 212 105 229
1404 1.1728924902967335 11.711031854026297 -7.0834450885010787 231 231 231 0.37416020733904665 139 830 140 837 121 963 124 923
295 4.5114256916677373 1.3404861685773981 8.5071300072786329 164 164 164 0.55329660545336412 102 87 105 221 106 254 108 139
1403 4.2728884079445608 10.843267405445516 -4.4725586113406806 228 228 228 0.97366131494966768 139 667 140 836
294 4.5178558258149959 1.3358750535516188 8.5476790092037724 164 164 164 0.67618738250606536 102 86 105 220 106 253 108 138 109 252 113 417 115 393 118 815
1397 0.41314564099484402 17.380559596384714 -0.42698367976139889 0 0 0 0.48840864599714273 123 834 140 779 139 762 124 738
1390 -3.038242243590179 10.378123075935173 -5.5074129039418436 9 11 14 0.079443198770115978 123 562 139 500 140 727
1383 5.3238667240989015 6.7877916289945812 2.7548119225906458 82 86 99 0.3253112900155824 115 460 140 712
1382 10.701455687113789 4.9533769420683642 7.5874807265239719 231 231 231 0.72447645200769972 104 339 140 710
610 1.0438619488593126 -2.8579584605349955 10.967435296812438 61 64 75 0.57447445122735907 105 272 112 435 106 244
603 3.691832582393197 2.5348114395826435 9.2882338591069065 88 92 106 0.40008487823817512 109 273 112 358 111 238
598 4.4621173932656486 2.6826830545685389 8.5650766730292194 165 165 165 0.32830115925358816 108 165 112 351 111 227 114 304 115 331
584 8.9920923619866944 9.0483672461215363 11.189147217283452 231 231 231 1.5708218401821996 107 164 112 161 113 109
548 9.0630297534679869 5.8630555137225375 7.1230235979494916 231 231 231 3.0674686256480133 110 198 109 277
545 13.004616930435164 3.3017886780038102 2.6799701305323156 231 231 231 0.71683261428548217 110 140 109 235
540 1.6751935015563915 2.2559267806229184 3.8775063579042599 93 98 113 0.25747071651647768 106 47 109 188
539 8.5760232577510305 8.6277476560625619 10.679310799737431 231 231 231 0.76656390647634509 107 163 112 160 113 108
538 8.2557708407200465 6.7736193682171653 10.533203693844852 8 8 8 0.15622528015062986 110 65 109 169 112 151
537 8.2557708407200465 6.7736193682171653 10.533203693844852 8 8 8 0.15622528015062986 110 64 109 168 112 150
534 10.982846006256818 3.1738769254959003 1.9277287434071004 117 123 141 0.23176578782913837 108 221 109 150 112 182
533 10.094997521867384 6.0780935957252176 4.4030527725687536 228 228 228 1.3352400871322956 110 11 109 130 113 293
532 9.5625571164839318 5.1054646736346054 7.6122725567293381 229 229 229 0.93062888656234399 109 129 112 220
530 1.8247129703717038 -1.2543625127799114 10.7753868682718 94 99 113 0.48285432001754969 110 1 109 111 112 189 111 53 113 157 114 292 115 396 116 381
527 9.9906386216479532 4.1614202999637468 1.1480180747321309 59 62 72 1.059611326427724 104 283 105 249 106 341 110 163 107 311 108 228 108 163 109 246
525 10.993386892203882 3.5571291865051751 1.7574378474207215 82 87 100 1.5547623928784318 108 368 110 373 109 424 110 356 112 488 111 411 113 523
524 11.923756981093073 3.961489585554113 1.2495733946689813 95 100 115 1.5131770339422452 108 369 110 372 112 508 113 551 115 549 116 639 117 821 120 1071 123 1065 140 1052 124 977
523 10.716056777605189 4.289989239266478 0.8249230046005368 103 108 124 1.5344712512747538 108 357 110 343
515 0.72130507891095208 0.68043759208484911 12.321449849280828 59 62 72 0.018530988753663276 108 275 110 311
511 5.9523090556903071 4.017593639164601 8.0284288749735566 231 231 231 2.4586966767310483 108 286 110 286 109 323 111 234 113 363 113 468 112 229
507 12.693660179320499 3.2335870860384919 2.8016716042584489 118 125 143 2.5103774729817561 108 271 110 246 109 305 112 313
506 7.8019862486490856 5.8704483528227085 5.0795669077726089 117 123 141 0.86201929033107194 108 249 110 245 109 347 108 265 112 366 111 298 113 440 114 476 116 466 118 812 119 850 121 486 117 582 120 792 139 837 123 778 140 843 124 681 124 814
483 11.681390533262862 4.7807545325929404 6.5965054256226745 8 8 8 1.7793277670896306 103 235 108 85 110 93 109 209 115 48 139 282
472 -2.0605790331662193 0.56269165110645813 13.444385693672373 138 138 138 1.0374388988047603 106 258 107 247 104 133 107 172 108 172 105 223
470 8.0010098979625983 5.7977215296360045 5.4813082892057103 120 126 144 2.1681768481750159 108 367 110 370 109 455 112 548
465 -2.2403703119012084 0.38002153955720575 13.782908108306927 231 231 231 0.12339377278625711 106 417 108 320 105 340
456 0.59744458021337055 2.2486370804777933 12.646562434519716 231 231 231 0.33682847624489909 107 198 108 239
555 11.118083456962939 4.7166428136174234 1.0653582282594005 231 231 231 0.93087223413562359 110 307 109 311
14 4.0930059653616828 2.9353437100716171 8.9060082372000036 164 164 164 1.240210500203585 102 185 104 325 103 305 101 241
542 10.421371403105752 4.2211265082551144 5.6336534846836894 8 8 8 2.1770413889222526 110 92 115 210 140 446 124 446
1 4.769732202182837 2.6613290689349252 8.3498453653152271 0 0 0 0.24390248973239151 102 16 104 138 105 170 111 221
543 9.492336445312981 5.1609399883218261 7.6945240661589205 8 8 8 2.9221992539284729 107 114 109 219
2 6.3437910487329017 2.8520803637445136 7.7396760230800048 8 8 8 0.85754270526780407 102 20 104 29 103 43 101 11 114 100 116 115 119 240 121 347 123 575 140 743 124 518
544 8.6474827162557535 8.680826173835559 10.805050637847643 231 231 231 0.014097214380493784 107 224 109 228
3 8.5916561842773547 3.7060443961971448 8.7667334703469226 8 8 8 2.2053565330287968 104 33 106 34 118 271 120 395 117 322 119 472 123 790
546 10.892067823871795 4.5597111791713445 3.0128422269116371 228 228 228 0.42772689500871541 110 225 109 251 119 628
5 8.1519668755160506 3.6273742034048775 8.6212895763142114 8 8 8 0.08822576977815666 102 119 104 185
1114 11.627343908374197 9.298790665302521 -1.2459152452829418 106 111 128 0.14854049862637772 113 567 117 724 114 554
547 10.360183557100367 5.8208185598927287 4.0873842922388102 104 109 125 0.17016428468549716 110 194 109 267
6 8.303631882998717 3.6997623842136438 8.8600668368843323 8 8 8 0.18747561790199493 102 121 104 187 101 64
1115 8.3357154618039324 8.9081759195209802 1.5616000277800413 59 62 72 0.7153810417277825 115 492 118 1003 117 734 139 834
549 6.7414255128964795 7.1107701825097838 30.315711259272685 59 62 72 0.1606458989992556 103 309 109 280
1117 0.56544651664391965 5.0645406857808322 1.5468875801389648 0 0 0 0.71652390251318743 121 790 117 745 120 811 119 882 139 710 123 796 140 861
550 3.3061033678053198 3.4926291395928759 10.346465298762029 59 62 72 1.46864207798311 110 200 109 286 112 369
9 10.938253150015576 4.8518697704488609 7.197197544027488 8 8 8 0.66690111212878012 102 135 104 200 101 165 105 125 110 8 109 126 111 17 112 141 139 92 123 91 124 75
551 5.6144318958474786 4.8880863862908637 7.7796615030108986 93 98 113 0.017078542611777416 108 190 109 287
10 11.360294646809727 4.892167118331189 6.8365071202873908 8 8 8 0.37951325346610792 102 137 104 205 103 182 101 168 106 113 108 46 110 7 109 125 112 138 111 15 115 53 121 118 139 87
1119 0.79918662713629729 4.1505642401514731 2.1966804475430646 0 0 0 0.75904071566578091 116 629 119 874 117 806
552 0.49138261710735165 2.4457281226673522 12.373088593266756 116 121 139 0.55242445871917889 110 201 109 289 112 240
11 8.5801659556898588 7.0869496107282686 10.769420170656463 231 231 231 0.83863695116197412 102 148 104 221 103 53 101 183 105 44 106 80
1120 6.7127783369471397 2.7792792878179706 7.8117494740343441 231 231 231 0.9452528841100154 116 651 118 1133 119 1201 121 1063 119 1246 117 839 120 1178 139 1129 123 1209 124 1110
553 -0.7089463938917262 3.1751093126935852 10.955088643930932 117 123 140 0.54528454482266264 108 124 109 298
12 6.5022840735090339 -0.61494788351424157 6.9068006098635149 61 64 74 0.35516761614407999 102 176 104 245
1121 27.0301078319944 7.4443323637110774 -5.4972948934075196 20 29 52 0.39558699643612971 113 589 114 588 115 603 116 670 118 1152 119 1183 121 988 117 853 120 1150 139 1107 123 1127 140 1086 124 1080 117 887
554 10.033450557627784 4.079734287580167 0.84541893815380875 231 231 231 0.48070718461567713 110 222 109 310 112 381
13 4.1769306498133805 2.6364715796437581 8.7933283705167167 164 164 164 1.0603243933325148 102 182 104 321 103 301 101 230
1122 0.67553961309695487 4.9357282942202536 1.7693786043141149 0 0 0 0.36638232267236881 118 1186 119 1258 121 1019 117 879 120 1241 139 1085
571 5.6039659774750872 3.688769746329247 7.9197352900608333 59 62 72 1.543019819347256 108 373 110 377 109 459 112 546 111 446 113 600 114 619 115 620 116 721 118 1236 119 1316 121 1134 117 924 120 1299 139 1228 123 1285
30 4.5219564313023195 2.6384601282564994 8.5186525386224332 164 164 164 0.76830315371350721 102 329 104 372 103 346 101 317 105 320 106 359 108 280 110 280 109 374 112 452 111 369 114 519 115 540 116 626 118 1077 119 1212 117 795 120 1187
31 4.7036249148829441 2.6993924926250537 8.3887779674621754 0 0 0 0.17801862186784456 102 330 104 415 103 379 101 374 105 321 106 396 107 366 108 282
573 0.97336580508476211 2.1701856825207235 13.154459932556852 59 62 72 0.29209805269292821 110 378 109 463
32 4.6385924458425816 2.9249957194670517 8.450872975275221 165 165 165 0.45411542383960318 102 331 104 417 103 380 101 375 105 323 106 360 107 369 108 283 110 285 109 377 112 453 111 370 113 507 114 522 115 541 116 627 118 1080 119 1161 121 966 117 796 120 1121 139 1135 123 1215 124 1073
1141 11.361404692654531 5.8666701339972729 2.826284142581009 0 0 0 1.4709979326329792 111 288 113 413 112 419
574 7.2818773512883768 6.1875339127813422 4.6288997917975436 120 126 144 1.1978995184574381 110 383 109 468 112 551 111 459 113 613 114 620
576 11.286032765031267 5.6071011755132565 2.3764913940825698 71 75 87 1.9900988779960815 109 322 112 388 111 287
35 11.030225595220053 4.7932502147871991 7.1240241741973946 8 8 8 0.47162561108211348 102 341 104 385 103 359 101 388 105 298 106 333 107 304 108 157 110 169 109 256 112 334 111 199 113 342 114 286 115 310 116 364 118 668 119 686 117 311 120 582 139 688 123 772 140 840 124 464
1144 0.72855135088203826 4.5937218078793505 2.61308296172969 236 236 236 0.084447686247183254 116 494 120 814
577 11.415782065735707 6.1215589838106848 2.8345850310961547 84 88 102 0.8908579647851228 115 376 118 779 119 819 121 615 117 550 120 766 139 644 123 729 140 652 124 633
36 11.030225595220053 4.7932502147871991 7.1240241741973946 8 8 8 0.47162561108211348 102 342 104 386 103 360 101 389 105 299 106 334 107 305 108 158 110 170 109 257 112 335 111 200 113 343 114 287 115 311 116 365 118 669 119 687 117 312 120 583 139 689 123 773 140 841 124 465
578 3.827737252936831 1.466506769644766 9.517384713898867 115 115 115 2.8544606233054224 105 386 106 431 108 354 107 423
37 11.203170852463563 4.8032616844638305 7.0030477318538349 12 12 12 1.5304215710147997 102 344 104 426 103 316 101 391 105 239 105 327 104 338 106 278 106 332 107 258 108 103 108 226 110 100 109 255 112 332 113 152 113 285 114 54 114 349 115 307 116 223 118 472 119 681 121 472 117 87 120 577 139 686 140 468
1146 2.9649014220700476 3.6165118937148004 9.5539020372072301 231 231 231 0.56255269371840977 117 598 118 696 119 887 121 700 120 828 116 482 118 847 119 736
579 13.368572750095277 3.2467325860232257 2.6886949065992094 231 231 231 0.27036275579880409 109 147 112 110
38 8.520030159370064 6.9645511194287142 10.741095886226272 8 8 8 0.33850751666899981 102 347 104 396 103 320 105 251
1147 1.5291554781295436 4.6561729884065119 2.4561386317156457 0 0 0 0.4261378284578517 102 230 104 64
580 10.399914398651298 4.347494844555019 1.0330590139240019 231 231 231 0.0060364826441916628 109 119 112 126
39 10.895491335142024 4.9093181900929714 3.8509003581940799 220 220 220 0.53722210980714047 102 350 104 462 103 394 105 357 106 428 107 398 108 304 110 310 109 399 112 471 111 358 113 493 114 505 115 523 116 555 118 990 118 1055 119 1056 121 860 117 720 120 1015 139 1002 123 1087 140 994 124 995
1148 1.5291554781295436 4.6561729884065119 2.4561386317156457 0 0 0 0.4261378284578517 102 229 104 63
40 4.6031371547185076 2.4801509138743811 8.4826932152698991 164 164 164 0.78950132815524299 102 409 104 454 103 421 105 371 106 418 107 388 108 298 110 333 109 415 112 498 111 420 113 565 114 584 115 574 116 658 118 1180 119 1254 121 1103 117 871 120 1236 124 1185
582 8.9107410715622564 7.5848383193342963 12.533815395783254 8 8 8 0.25623737195520369 106 77 112 156
41 4.8793939715932977 2.5479765415790676 8.2261604152285148 164 164 164 0.53293278933990307 102 410 104 455 103 423 101 422 102 372 105 345 106 393 107 389 108 299 110 312 109 402 112 480 111 419 113 543 114 555 115 573 116 655 118 1135 119 1206 121 1071 117 843 120 1233 139 1188 123 1256 124 1155
1150 1.7080483297639606 4.6392961011559581 2.2848329638408513 236 236 236 0.49220519608759533 115 464 118 936 119 872 121 671 120 935 124 696
583 8.9107410715622564 7.5848383193342963 12.533815395783254 8 8 8 0.25623737195520369 106 76 112 157
42 5.0580681320586445 3.2705799660014758 8.1088173507439993 0 0 0 0.43721161914656609 102 414 104 477 103 450 101 451 105 374 106 420 107 414 108 326 110 334 109 417 112 499 111 424 113 568 114 559 115 575 116 659 118 1136 119 1210 121 1072 117 844 120 1235 123 1277 139 1210 124 1156
1151 -2.368015401510811 -0.60249090585220721 1.8344758688129923 236 236 236 0.95789151652634508 118 872 120 941
585 12.158114601423378 2.9180200844211321 3.5668243268071227 59 62 72 0.69226240799978456 108 31 112 180
44 4.8814463786232825 5.6290660335739133 7.0211870895862551 231 231 231 1.2688422082259401 102 420 104 465 103 458 101 400 105 361 102 494 106 378
1153 0.41425851606487324 4.726745297529769 2.1387664426887789 0 0 0 0.93842766042995129 117 850 119 1217 121 971 120 1127 118 1094 118 1190 117 881 140 1021
586 3.7830256225654852 -0.41139978991762433 9.2362060129826755 74 78 91 0.050649335613702898 109 151 112 185
45 10.962508282637881 5.5012077930593923 5.1400225382332296 218 218 218 0.75585025135696093 102 423 104 513 106 465 107 441 108 346 110 348 109 431 112 514 111 432 113 577 114 599 115 595 115 613 116 685 118 1171 119 1244 121 1058 117 867 139 1173 140 1147 124 1100
587 18.422758114708643 7.4918263888751326 10.478696558811466 8 8 8 0.48797897437431381 109 206 112 198
46 10.042931785653483 5.9763986045152544 3.5266684954671739 104 110 126 1.5556648862469211 102 439 104 517 103 463 105 403 106 449 108 350 109 418 110 336 113 564 114 549 115 529 116 558 118 795 119 834 121 627 117 661 117 727 139 829 120 775 123 755 123 1094
588 11.66007065621506 4.7583195410584391 6.4782876009345118 8 8 8 0.013480100312100151 103 234 112 200
47 9.7610693304857588 5.8963730473825109 2.7660773646339081 107 112 129 0.2629429965120712 102 442 104 518 103 465 105 420
1156 -2.1499387068110627 -0.82214500184132033 2.6216767448572003 0 0 0 0.090908648439233228 116 724 121 1110
48 5.1953943813559214 2.6331090854090533 8.099139310996609 0 0 0 0.98886819756914457 102 451 104 503 103 447 101 472 105 390
49 5.1953943813559214 2.6331090854090533 8.099139310996609 0 0 0 0.98886819756914457 102 452 104 504 103 448 101 473 105 391
1158 11.903281871095528 4.7895746007296838 5.8805738133743732 4 4 4 0.78766284995106706 113 135 121 279 120 132 109 199 119 175
50 4.9222429890662163 2.8903838589135353 8.2178293705029564 165 165 165 0.81664892624859053 102 453 104 505 103 482 101 475 105 392 106 436 107 429 108 343 110 349 109 435 112 518 111 435 113 580 114 604 116 703 118 1209 119 1290 121 1136 117 897 120 1272 139 1230 123 1287 124 1180
1159 8.7714025058174396 3.8806954150678847 8.6729906641971244 5 5 5 0.54466920233757643 115 109 119 474 117 163 120 393 114 228 116 98
592 12.235428003298967 6.3094445558771985 40.636782925279668 8 8 8 0.43029691430708161 105 100 112 287
51 4.3781690198404863 2.9461310767285354 8.6562590731625182 0 0 0 0.72302080314280903 102 454 104 506 103 483 101 476 105 393 106 437 107 433 108 345 110 350 109 436 112 520 111 436 113 581 114 607 115 622 116 707 118 1215 119 1320 121 1138 117 900 120 1302 124 1198
1160 4.2284574218710373 3.0157638241149969 8.745885962714711 0 0 0 0.88001580364155818 109 379 112 454 111 371 118 1144 117 799 120 1124 113 471 114 481 115 490 116 569 117 670
593 0.89945931081612651 0.54282196393414217 5.9764526420662287 8 8 8 0.92381399207975579 106 105 112 295
594 0.81363904511535778 0.46761640839076957 4.7572449394978387 8 8 8 0.91886570772112519 108 37 112 299
53 4.193719480344372 3.362147815469223 8.8912233695847878 165 165 165 0.77933521797402761 102 481 104 508 103 484 105 411 106 457 107 437 108 363 110 369 109 454 112 537 111 449 113 601 114 622 115 635 116 723 118 1240 119 1321 121 1158 117 926 120 1303 124 1200
1162 10.636143391103108 4.5976003438754249 2.326000062869138 109 114 131 1.28634598145471 104 515 105 416 107 399 105 381 108 301 110 278 109 358 114 417 115 369 118 637 117 452 102 385 103 431 111 279 121 272 120 730 120 1084 121 583 111 393 115 513 139 608
595 2.52796562113409 -2.7630076373828301 10.704181448985503 231 231 231 0.78714974829264084 110 130 112 310 113 396 114 493
54 5.010211077404449 3.6515421300005597 8.1409617151221703 165 165 165 0.72541394632802447 102 482 104 537 103 511 101 500 105 412 106 460 107 439 108 349 110 352 109 438 112 521 111 447 113 582 114 608 115 623 116 705 118 1213 119 1291 121 1137 117 899 120 1273 139 1231 123 1288 124 1181
1163 9.9063959737798495 8.5884838809577975 -0.034927002749662914 117 123 142 0.79298227429753965 114 369 139 253 140 429
597 3.3071877560927292 1.0722173234786359 3.8460487238449255 165 165 165 0.35475715214010056 110 155 112 329
56 4.1409366141050565 4.2534508368704671 4.0275522104924733 68 67 67 0.90054095845687265 102 489 104 485 103 491 101 507 105 359
1165 -0.33942970573793801 4.901556036198957 2.1703293239554142 0 0 0 0.63678653878696001 120 831 121 698 139 332 123 354
599 4.574455376073276 2.9422631958704559 8.4530358600628173 165 165 165 0.16692876535961043 108 173 112 352 111 230 114 373
58 10.395743403454821 5.9027601044611604 4.5015737135532881 220 220 220 0.2457250365998031 102 499 104 548 103 527 101 457 105 438
600 4.574455376073276 2.9422631958704559 8.4530358600628173 165 165 165 0.16692876535961043 108 174 112 353 111 231 114 374
59 9.8612677018779866 6.1639275637793718 3.3499974693734242 59 62 72 1.1825861092838936 102 506 104 550 103 533 105 440 106 484
128 5.9022134401187456 4.398401943800577 8.2559876082572696 110 116 133 0.39363112632184721 102 340 103 358
1237 7.2898931174510597 3.2457733021378066 7.887067593536722 8 8 8 0.21512159471865575 113 207 123 570
129 7.7948878007175884 6.0830651986813056 5.3684224304054551 78 82 95 0.3374368384694349 104 444 103 366 105 363
130 10.201309691837348 6.1227629925681581 4.4708010547520445 223 223 223 1.3733303205243388 104 288 103 367 106 236
131 10.202601464303578 6.1138256965802764 4.4662767966973362 223 223 223 1.5253033060020149 104 287 103 368 105 310 106 235
1240 10.853496002321339 4.7615342583724063 3.0707055115572044 112 118 135 1.5175475047220719 107 373 139 620 123 705
132 0.54210286046485423 4.5725233500784714 2.7602723278170913 0 0 0 0.54237672199643017 104 445 103 369 101 328
135 3.7564529114207512 1.6599237953595978 9.5769227830122432 231 231 231 2.0304488620559269 102 327 104 473 103 377 101 217
1244 10.246767733759471 6.0990341579912357 4.3131339710741816 99 104 120 0.48451324453622968 110 240 123 766 140 693
136 0.31286796837746378 2.0949145875404729 12.515120359713885 110 116 133 1.581499674340854 102 328 104 413 103 378 101 421 105 346 106 398 107 392 108 305 110 335 109 422 112 506 113 588 111 439
1245 0.34490578661807891 4.7937523235110824 2.1844955191574269 236 236 236 0.55155526766949015 120 819 123 812 117 752 140 759 124 717
137 10.917120812495194 3.1470704770787563 1.8919270468979765 117 123 141 0.39344380556614356 104 416 103 386 105 319
1246 0.3621625603860168 4.8242885312250587 2.183435980760783 236 236 236 0.335957189209526 120 820 121 690 123 813 124 718 140 760
138 2.1378725335156226 4.1026197294328526 8.6094906596285234 59 62 72 0.63647274692463407 102 375 104 428 103 389 101 380 105 356 106 410 107 403 108 312 110 339
139 11.002425126338595 4.9347788641776438 4.1796039162829279 0 0 0 1.6713418679727448 104 461 103 430 105 379 106 427
145 11.722220268751036 4.0453199651871259 4.0112937334528862 223 223 223 0.76541083178504632 104 479 103 427
1254 0.53149573361361024 4.9934096221360855 2.1532642316813551 0 0 0 0.58274891370753368 120 1042 123 913 124 823
146 11.227352733901277 4.722670211675851 4.2410672670902771 223 223 223 1.0050925879397239 102 378 104 458 103 429 101 336 105 377 106 422 107 391 108 297 110 304 109 396 112 444 111 355 113 490 114 502 115 518 116 554 118 989 119 1054 121 856 117 719 120 1014 139 1001 123 1086 140 993 124 994
1255 2.8454087265026908 8.3740254328824335 -0.57647619305802644 118 124 142 0.88178141159828438 117 904 120 1237 121 1070 123 1101 116 725 119 1256 119 1294
148 0.74879823601899809 4.5704832499456973 2.7700148760949483 236 236 236 0.36648418487760592 102 381 104 487 103 434 101 394
149 0.74879823601899809 4.5704832499456973 2.7700148760949483 236 236 236 0.36648418487760592 102 382 104 488 103 435 101 395
150 0.45395444055730089 4.5850258806051789 2.737188712529619 236 236 236 0.41922798609986867 102 383 104 489 103 437 101 392
1259 10.935336826379658 4.9790127950491705 4.0574010859525682 0 0 0 0.59902904788454536 109 316 121 456 139 651 108 258 109 335 111 317 114 418 118 775 119 949 121 614 120 764 123 741 140 668 124 638
151 0.45395444055730089 4.5850258806051789 2.737188712529619 236 236 236 0.41922798609986867 102 384 104 490 103 438 101 393
1260 10.847402611589787 4.8549286027013885 3.4536424725804777 0 0 0 0.50672935020591459 108 170 110 172 111 128 110 115 123 714 115 371 139 634 140 644 121 452
152 1.9033553289530318 4.7651370586516135 2.3600416958177495 236 236 236 0.18432225907408289 102 391 103 440
153 1.9033553289530318 4.7651370586516135 2.3600416958177495 236 236 236 0.18432225907408289 102 392 103 441
155 -4.6379218912208371 -0.33368863255480063 16.993244622262825 231 231 231 1.0010605956769059 102 448 104 470 103 445 101 470 105 368 106 416 107 387
1264 -2.4989675212921698 -0.92727807366083159 1.7993024991389608 0 0 0 0.073048634789874903 120 1222 123 187
157 2.8804869507575388 3.2176623682509589 10.275247794584848 113 118 136 0.99774043960943415 104 476 103 449 105 395 104 507 106 441 107 417
1266 12.522208412568874 3.1486930386935947 2.9739328757607053 59 62 72 0.46550210518506524 118 171 121 80 123 218 139 220 140 65 120 95 124 52
158 5.9866709839997458 4.6040037123588391 8.3118527701449274 59 62 72 0.91466810641615215 102 459 103 452 101 478 105 378
1267 4.5798107539600137 8.9236361007137344 -6.939148845690851 104 110 126 0.62945139860247035 121 595 123 63 139 598 140 67 124 602
160 10.869416509819018 4.7024125469128473 3.3306988627360696 224 224 224 1.0390519738033055 102 460 103 456
1269 -0.27127124954504406 11.626394239595735 -6.6915912306261855 229 229 229 0.30632718941371573 123 85 140 80 124 82
161 10.492039697173222 5.5740613377139265 4.2344361951207583 0 0 0 0.42841311542103561 104 486 103 460 105 383 106 447 107 418 108 306 110 315 109 403 112 478 111 361 113 500 114 512 115 528 116 557 118 994 119 1062 121 866 121 949 117 722 120 1026 139 1006 123 1093 140 998 124 999
1270 -0.32110508883132183 11.410333154825928 -6.467545683747641 9 9 9 1.1737071106651156 123 86 140 84 124 278
162 0.68458210496418503 4.6140262354376329 2.676244563598007 236 236 236 0.38356994573661585 102 386 104 491 103 461 101 396
1271 -1.6004508102120829 11.303332928447457 -6.2045548624206521 14 25 44 0.035546572736692823 123 98 139 99 140 87 124 321
163 0.68458210496418503 4.6140262354376329 2.676244563598007 236 236 236 0.38356994573661585 102 387 104 492 103 462 101 397
164 0.15216699878764023 4.7826473829883049 2.3235814659312561 236 236 236 0.25493038785853445 102 431 103 466 101 403 102 393
165 0.15216699878764023 4.7826473829883049 2.3235814659312561 236 236 236 0.25493038785853445 102 432 103 467 101 404 102 394
1274 4.9026107714366836 7.5604529104447327 -6.1202431693442554 59 62 72 0.36671131468415646 119 633 120 535 139 218 140 202 121 270 124 203
166 0.37585978651092494 4.8053333214198783 2.3017734565924308 0 0 0 0.26410807897091598 102 433 103 468 101 428
1275 3.5240184641430674 8.0213117276901933 -6.6040970431806114 80 84 97 1.6287200536707942 120 883 121 593 123 225 140 209 139 225 123 227
167 0.37585978651092494 4.8053333214198783 2.3017734565924308 0 0 0 0.26410807897091598 102 434 103 469 101 429
1276 1.2947180029222847 10.776703177051044 -8.6715652521553412 10 12 14 0.08357067489612742 139 238 140 231 124 222
168 0.62044271824543662 4.8249784062069594 2.247445180305176 0 0 0 0.23552996015652869 102 435 103 470 101 431
1277 1.297496141751924 11.020698034736862 -8.5954072743484335 10 12 14 0.041020581906313518 123 69 140 232 139 67 124 226
169 0.62044271824543662 4.8249784062069594 2.247445180305176 0 0 0 0.23552996015652869 102 436 103 471 101 432
1278 1.297496141751924 11.020698034736862 -8.5954072743484335 10 12 14 0.041020581906313518 123 70 140 233 139 68 124 227
171 2.2658691089411378 -2.1363095355694268 9.5685057539538647 59 62 72 0.92130512493658778 104 496 103 474 101 465 105 404
1280 6.2769472372686019 9.754231678328221 -3.4067927774791995 64 68 78 1.6023176613104166 139 250 140 242 123 251 124 234 124 240
172 2.1913588698654234 -2.2376959090282647 9.8388757350415705 59 62 72 0.44975618568416775 102 476 103 475 101 466 104 497
1281 6.6698805955784319 10.40227186530044 -3.535188266091013 64 68 78 0.74812482616944675 139 256 140 247 123 257 124 241
175 5.6153151340447174 4.3250618352131998 8.2238697873696474 113 119 137 0.024298038075104472 102 487 103 487 101 505
1284 -0.13559700717165146 10.94060061114264 -7.5029472317342938 9 12 14 0.057730017419995686 123 262 140 254
176 11.42999969987104 4.4993709493060008 4.2442994179069276 0 0 0 1.1320520476118145 102 491 104 511 103 489 105 396 106 439 107 412 108 295 110 302 109 395 112 469 111 354 113 489 114 499 115 515 116 552 116 601 118 988 118 1053 119 1052 121 941 117 718 117 775 139 996 123 1083 140 1061 124 987
1285 0.55738029261680733 11.871352822622189 -7.5984415711398645 10 12 14 0.055612142989448526 123 273 140 255 139 272 124 260
178 1.2360101005193844 4.7423218744241646 2.7253045807849978 0 0 0 0.70051284557785054 102 462 103 499 101 426
1287 5.537880024137249 10.01184102841872 -2.4266755792221417 59 62 72 1.0841375062838552 120 613 121 320 123 275 140 260 119 488
179 1.2360101005193844 4.7423218744241646 2.7253045807849978 0 0 0 0.70051284557785054 102 463 103 500 101 427
1288 3.0327012715947608 11.034243512163036 -4.7298787013397829 100 105 121 0.54484541334561232 119 870 120 621 121 494 139 278 140 266 123 283 124 76
181 -1.1006024591082815 -2.1932814040583422 12.191679548272072 231 231 231 1.4831699922506516 102 477 104 554 103 503 105 441 107 458 108 351
1290 1.1987054969965443 12.072464737557137 -6.6685954022777691 5 5 5 0.31545417545930687 139 466 140 270 124 474
182 -0.44669132163775693 2.0588897854259649 12.21608502514878 111 117 134 1.5497678569784938 102 480 103 505 104 533 101 496 105 432 106 487 107 461
1291 1.1987054969965443 12.072464737557137 -6.6685954022777691 5 5 5 0.31545417545930687 139 467 140 271 124 475
183 12.412305414185679 3.3916986543013441 4.365135280441204 231 231 231 1.2116855948097236 104 535 103 510 105 429 106 470 107 448 108 333 110 355 109 442 112 509
1292 0.093432057254060855 11.822376846734048 -7.1367615354243226 9 9 9 0.0089030850587825602 123 290 140 272
184 11.932682756185764 4.5445891526653783 5.4400340690671678 231 231 231 1.6498016574518577 102 488 103 514
1293 -0.063134548932120074 12.062498349704331 -7.1617916526014422 9 9 9 0.52074397034016862 123 81 139 85 140 273
185 11.331047826864811 5.4328501830256659 5.8923386899556673 111 117 134 2.169976532041741 104 542 107 438 106 462 108 344 109 429 118 1205 108 359
1294 -0.8692143744883114 11.206489689127425 -6.8018420961289943 9 12 14 0.082245231927237983 123 298 139 294 140 277 124 488
186 11.12502881183409 5.2271685166692592 4.800567986894781 0 0 0 1.2476179042972946 102 527 103 518 101 539
1295 -0.8692143744883114 11.206489689127425 -6.8018420961289943 9 12 14 0.082245231927237983 123 299 139 293 140 278 124 487
187 10.393896332054398 5.8797022557598693 4.4885588902214453 223 223 223 0.85146168367914732 104 547 103 528 105 437 106 481 107 457 108 366 110 368 109 452 112 517 111 433 113 578 114 600 115 614 116 686 118 1172 119 1245 121 1059 117 869 120 1226 140 1148 124 1101
1296 -0.73551481120545692 11.610918381936706 -6.4166967119942626 9 9 9 0.053349052328426703 123 92 140 280
188 0.44184921602824184 4.4863214288436977 2.898069836410667 0 0 0 0.19264585922619543 102 495 104 569 103 529 101 480
1297 -0.76354067381864155 11.586637734068645 -6.3187278883501667 231 231 231 0.1479210918693116 123 313 140 283
189 1.305469287243854 4.6932111413672235 2.601794514832898 0 0 0 0.32763260525359694 102 496 103 531
190 1.305469287243854 4.6932111413672235 2.601794514832898 0 0 0 0.32763260525359694 102 497 103 532
1299 9.6981367013844011 4.9714671496815717 7.630368740138409 229 229 229 0.68163524460461522 121 323 123 329 140 291 124 84
191 0.4032787608296371 4.7144229393309054 2.479102803251926 236 236 236 0.32012044123581079 102 498 103 534 101 481
1300 -0.9024401397659767 12.011976558262226 -4.4835647324379293 231 231 231 1.8694477835550263 123 788 140 293 139 702 124 702
194 -4.1141259799823642 0.37186374686321572 9.5367170250928783 59 62 72 1.2935407693216836 102 510 104 556 103 537
1303 4.3217579525118515 7.6823590880424906 -5.9845271220816958 59 62 72 0.45257043215116466 123 477 140 397 121 584 124 415
195 5.3800578632262592 1.8783416253572853 7.8704423192045603 164 164 164 1.1309543315863713 104 557 103 538 101 531 105 427 106 471 109 457 112 538 111 453 113 608 116 717 118 1227 119 1340 121 1153 117 920 120 1320
1304 10.25164419080911 4.1183960820413628 0.8486256989636437 231 231 231 0.56299251403979589 115 290 117 280 123 221 140 398 116 203 118 181 119 159 120 101 124 54
196 2.3357237085992621 3.1798908525155603 10.278093820950081 114 120 137 1.0614752722927172 102 544 103 540 101 536 104 579 105 445
1305 4.102168892316211 7.7087132922653074 -5.726341677484462 59 62 72 0.19403501601193834 139 426 140 400
197 4.2268785092578041 4.8685844995022656 5.5836464381391693 115 121 138 2.6720282318351551 102 558 104 545 103 545 101 574
1306 -0.9644864751261748 0.53716572149826247 0.9029463600635641 100 105 121 0.15782993296496428 121 97 140 415
198 0.60035316725597987 4.4252941494339382 3.0300834830188643 0 0 0 0.29744050303814867 102 525 104 583 103 547 101 508
1307 11.122418847355224 6.2837666169129163 3.0180745511300007 84 88 102 1.0141185336343481 139 453 140 432
199 0.61255700474676511 4.4202365160487194 3.0180177535805339 0 0 0 0.19667399758810697 102 526 103 548 101 509
1308 1.3594737843328479 11.93799083012637 -8.1932300364416228 9 12 14 0.042296852248023174 123 258 139 254 140 433 124 452
200 0.59550865044720047 4.9279448520571396 2.0828466471208764 236 236 236 0.33406973079585311 102 531 103 550 101 514
1309 4.0416389435301703 11.371487319177099 -5.7020939225805245 94 99 114 0.75770966351947877 120 923 121 656 123 751 139 457 140 438 124 451
201 -1.5641971864764033 0.79890212613318123 13.383665298930511 66 69 80 0.77684373130492623 102 539 104 573 103 553 101 550
1310 -0.83348939496205376 10.197211024168443 -7.3236225968947517 9 12 14 0.1220189191763589 123 260 139 257 140 439 124 460
202 1.1516853875125241 4.6666270903629785 2.6040038746436065 0 0 0 0.042519397031352504 102 562 103 557
1311 -0.83348939496205376 10.197211024168443 -7.3236225968947517 9 12 14 0.1220189191763589 123 259 139 258 140 440 124 461
204 -0.75425578160849271 3.0860911988709634 10.750180942164691 59 62 72 0.46480430025945141 104 252 101 9 105 241 106 340 107 346 108 266 110 291 109 387
1313 0.42167575966535692 13.047582424499666 -7.7437049919286709 9 9 9 0.049433614442402435 123 292 140 455
205 6.3665138253487044 2.8601813832080807 7.7527230858808309 8 8 8 0.82460984762199641 102 19 101 10 118 486 121 346 114 99 124 517 140 742
1314 0.19009706396945339 12.838086996096312 -7.5261791356163625 9 9 9 0.3215057983523455 139 290 140 462 123 296
207 7.8224203247960862 6.0850139994901173 5.1954315879228954 60 64 74 0.13574511853270957 103 198 101 87
1316 -1.5627599110785764 10.265181317769287 -6.727139042058778 9 12 14 0.08240292038059531 123 523 140 464 124 483
208 7.8198882121246083 6.07128684116958 5.167376998191056 60 64 74 0.22625076319372969 103 199 101 88 105 143 104 48
1317 -1.5627599110785764 10.265181317769287 -6.727139042058778 9 12 14 0.08240292038059531 123 524 140 465 124 484
209 14.201728786613304 6.0274949721111639 4.1867785083629503 59 62 72 0.11628425872909673 104 223 101 89
1318 -2.292049665829083 10.125325141870091 -6.1972664472620238 9 11 14 0.079929870099526235 123 536 140 472
210 8.6436737580479601 3.8463985037060935 9.0317191283106357 8 8 8 0.090190123136793018 102 65 103 45 101 118
1319 -1.5941235825270443 11.080565195556353 -6.2959090258116417 9 12 14 0.077505553521503096 123 317 139 303 140 473 124 505
211 4.2680562317530839 4.0463274959655271 3.7909189671821504 68 67 67 0.81779211686553288 102 201 101 153
1320 -1.5941235825270443 11.080565195556353 -6.2959090258116417 9 12 14 0.077505553521503096 123 318 139 304 140 474 124 506
212 10.921182269727467 4.8058161646199622 7.2723981429108342 231 231 231 1.2234297177390221 102 133 101 163 105 122 106 225 109 159 112 269 111 71 114 288 139 299 123 302 124 470
1321 -1.5245532366621117 11.081410891803795 -6.2008307684766795 9 12 14 0.32432569014568408 139 483 140 475 124 691
213 10.923145973172273 4.8040898217735899 7.2627474868407687 231 231 231 1.2582739289319653 102 134 101 164 105 123 109 160 106 37 112 209 106 226 114 289 139 300 123 303
1322 -2.2982886704929029 10.316223296884623 -6.1145793300683025 9 11 14 0.080418889634346805 123 544 140 476
214 11.186820406409758 4.6427761636125471 4.125976673742473 213 213 213 0.78885258457980079 102 215 101 175
1323 -2.2566514495007035 11.122625959244347 -5.7004617343936888 123 124 123 0.13207455044051156 123 554 139 494 140 489 124 521
215 10.349105489398966 5.6377107971848304 4.1058557415564376 0 0 0 2.0544277395063846 102 352 101 194
1324 9.3498361641170895 4.778067512086376 7.5261587688388287 8 8 8 0.95761616580280695 123 331 140 490 120 175 124 85
217 10.255527558557082 6.1700511965978997 4.6077240223289069 213 213 213 1.6308671632179355 102 78 101 197
1326 -2.3307756824767245 11.163310394488754 -5.6913503923828586 10 24 43 0.075178220320323105 123 345 139 318 140 494 124 522
218 2.5615789453109228 -2.7879037539593039 10.74838181083779 231 231 231 1.8443482076420172 104 448 101 202 106 382 110 268 107 287 109 328 112 247 114 492
1327 -2.3307756824767245 11.163310394488754 -5.6913503923828586 10 24 43 0.075178220320323105 123 346 139 319 140 495 124 523
221 1.1583547905423139 5.2864108925719497 1.1722929863455491 236 236 236 0.12430290326821095 102 171 101 279
1330 7.1073095176957146 4.6062880400724078 7.6031418116843525 8 8 8 1.5847378975003115 115 127 140 522
222 13.296529231110078 6.3937791304494924 4.0382877333325888 231 231 231 0.85517283882562911 102 240 101 289
1331 -1.9947021764399393 -0.7270832954457237 1.4500572184130045 6 19 42 0.10721607428171995 117 40 140 550
228 4.5158328374488494 1.3548084224502499 8.5577055711602323 164 164 164 0.0055299183690344974 103 291 101 312
1337 11.770666788260167 4.6030854272242259 1.1896396835208527 231 231 231 1.5818075739132942 103 525 140 599
229 4.5158328374488494 1.3548084224502499 8.5577055711602323 164 164 164 0.0055299183690344974 103 292 101 313
1338 2.6541231636528968 9.4023204064583137 -8.4992590558487038 57 57 57 0.29025686044410065 123 687 140 602 124 603
230 4.5586802100180464 2.3638250479408458 8.4846134904862041 164 164 164 0.85263070223535098 102 287 101 315 107 248 106 261 108 152 110 178 113 430 114 368 116 530 119 986 120 1041
1339 4.8966319545695471 9.2682577192139952 -7.1545356591002367 62 66 76 0.51751117181707795 120 1018 121 852 139 601 140 604 124 796
231 4.5586802100180464 2.3638250479408458 8.4846134904862041 164 164 164 0.85263070223535098 102 288 101 316 107 249 106 262 108 153 110 179 113 429 114 367 116 529 119 985 120 1040
1340 4.8966319545695471 9.2682577192139952 -7.1545356591002367 62 66 76 0.51751117181707795 120 1017 121 853 139 602 140 605 124 797
232 5.0162562418646717 2.6659181643587728 8.3101610092834051 0 0 0 0.18483696428768709 102 289 101 318
1341 2.1254261978484505 9.03680711849392 -8.166689213385629 59 62 72 0.11444526585990809 139 596 140 606 124 605
233 3.8897578219657043 3.3125098440008185 8.9592772105740508 59 62 72 0.73625666009758983 104 332 101 322 105 237 107 272 108 185 110 197 109 283 113 375 114 445 115 405 116 535 118 841 119 989 121 897 124 739
1342 2.1157695246196484 9.0129751053070208 -8.1452462055974291 59 62 72 0.16925592052521407 123 691 139 597 140 607 124 606
236 5.646689187389625 1.8127866677243643 7.6859666997405878 164 164 164 0.31330333162811136 103 343 101 368 106 351 112 414 111 322
1345 5.1976069541552619 8.3376703690192073 -3.9615172263974148 228 228 228 0.26782884992402473 123 701 139 614 140 622
237 5.6498022875020473 1.8123393412600441 7.7000501193867636 164 164 164 0.39578597446801761 103 344 101 369 106 352 112 415 111 323 119 1066
1346 5.1976069541552619 8.3376703690192073 -3.9615172263974148 228 228 228 0.26782884992402473 123 702 139 615 140 623
238 0.55783806165624683 2.369249482772636 12.592815830863952 110 116 133 0.89520695384857263 104 320 101 373
1347 4.1696693344895168 8.7171800127992505 -4.901737377074932 228 228 228 0.62208799873866927 120 906 139 616 140 624 123 703
239 0.34620705445388489 4.3950043743573062 3.3781374171968483 0 0 0 0.33159783759471995 102 345 101 383
240 0.34620705445388489 4.3950043743573062 3.3781374171968483 0 0 0 0.33159783759471995 102 346 101 384
1349 4.0183916248253615 9.7734710934637317 -5.672999638344538 72 76 87 0.5573153679745354 120 909 121 771 123 888 139 818 140 630 119 1071 119 1143 124 806
241 4.2662911867060647 4.4576162544216578 4.0362555097446231 111 117 135 0.07821437234461491 102 377 101 385
1350 9.1191314170908289 7.3913359818669333 -0.208429920388738 59 62 72 1.2676934820679884 117 555 118 791 119 669 123 710 139 623 140 632
242 4.2662911867060647 4.4576162544216578 4.0362555097446231 111 117 135 0.07821437234461491 102 376 101 386
1351 11.529031391258691 5.6176672263535403 2.6796497868205083 0 0 0 1.587686685395808 109 320 112 387
243 0.30644487997097691 4.967883477328658 2.2484382363639721 235 235 235 0.19571584062786385 102 357 101 406
1352 6.6282807737394798 9.5572107866306535 -3.7812617764976526 92 97 111 0.82656604890546748 118 924 119 967 120 904 121 628 123 717 139 629 140 636 117 667 124 640
244 0.30644487997097691 4.967883477328658 2.2484382363639721 235 235 235 0.19571584062786385 102 358 101 407
1353 6.6282807737394798 9.5572107866306535 -3.7812617764976526 92 97 111 0.82656604890546748 118 925 119 968 120 905 121 629 123 718 139 630 140 637 117 668 124 641
245 -0.22025606387099264 1.7366530036849668 12.832010531315335 59 62 72 1.7580894082940868 102 371 101 420 105 389 104 501
1354 3.8091890405012383 10.040810248862828 -5.8311633547107684 92 97 111 0.54123055684492305 121 774 123 719 139 625 140 638 120 912 119 1074 124 643
246 1.795941518486569 4.8099638316088464 2.4861301125610669 236 236 236 0.077944011800031104 102 429 101 433
1355 6.0935811537709377 9.1792873346286381 -3.4775474179472772 65 69 80 0.52947056614764387 118 1002 119 970 120 908 121 770 139 241 140 646 124 807
247 1.795941518486569 4.8099638316088464 2.4861301125610669 236 236 236 0.077944011800031104 102 430 101 434
1356 4.2895843259214077 10.625006669252812 -5.936664887176538 69 73 85 0.44925566958103236 120 914 123 723 139 635 140 651 119 1076 119 1148 124 647
248 1.6024067354328086 -2.1111331941163094 10.479696862974146 231 231 231 0.87394556976712645 103 443 101 442 107 445
249 1.6024067354328086 -2.1111331941163094 10.479696862974146 231 231 231 0.87394556976712645 103 444 101 443 107 446
1358 4.5217996474608739 8.6837747894357271 -3.6090137173351993 228 228 228 0.10496822182102236 123 732 139 640 140 657 124 649
250 6.0682118031690004 3.8089295274859785 8.4190633020731465 59 62 72 1.5246002550841244 103 425 101 453 105 349 107 394 104 478
1359 4.5217996474608739 8.6837747894357271 -3.6090137173351993 228 228 228 0.10496822182102236 123 733 139 641 140 658 124 650
251 10.412815731024656 5.9129056315066402 4.5369300214011803 213 213 213 0.29127100198948042 102 500 101 458
1360 4.3357541155118948 8.8066007547719067 -3.8501704828483896 228 228 228 0.77877599630383632 118 820 119 848 121 635 123 734 139 642 140 659 124 651
252 9.9279403992277686 6.1959973248748748 3.4721772062995853 59 62 72 1.5021650804986704 102 507 101 461
1361 4.3357541155118904 8.8066007547719014 -3.8501704828483869 228 228 228 0.77877599630384231 121 636 123 735 139 643 140 660 118 821 119 849 124 652
256 -0.23600094835175567 2.0843194415542849 11.885615301259024 110 116 133 1.1903268897069199 103 479 101 471 105 410 106 474 107 453 110 382 109 466
1365 4.2018211117561215 9.4156699243251403 -4.1723428704731722 228 228 228 0.52261012226544601 121 646 123 746 139 653 140 670 118 1009
619 1.0480451468557739 0.321946411910429 11.807842384577581 231 231 231 2.0782418359006298 109 450 112 542
620 10.864315219273385 4.9358373372987216 7.3874504193876893 8 8 8 1.3946905741324029 104 204 103 181 105 129 106 117 110 44 112 144 104 206 109 127 111 19 139 97 139 307 123 308 123 310 124 78
622 5.3087283510220207 3.8322460721976213 8.0639803460920252 59 62 72 1.6537344795760214 102 457 104 456 103 451 101 452 105 375 107 375 108 287 109 404 112 456 102 339 103 354 101 377 106 363 107 338 108 261 111 297 113 470 114 377 114 480 115 458 116 477 117 595 117 735 123 1175 140 1027 124 935
623 3.3412031365141464 1.3413609397928772 -0.12173585955819483 231 231 231 0.73996105298381365 102 446 112 255
625 3.2725097507814662 1.3785384039074264 0.18447704402412174 231 231 231 1.5993963346778339 110 9 111 6
626 8.5668731107800209 3.7308348265961273 8.8748277079288993 231 231 231 0.60805529268610492 103 159 111 22 101 65 115 111 116 104 117 169 123 794
627 5.7687595260520492 4.7213055387723264 7.4224310461910008 8 8 8 0.10999787742155891 107 138 111 34
628 5.7687595260520492 4.7213055387723264 7.4224310461910008 8 8 8 0.10999787742155891 107 137 111 35
629 12.225453723105604 3.0235022976440575 3.5324541317980556 108 114 131 0.059221094664689389 112 250 111 41
630 11.873480722691731 4.8072588456346397 6.3476527914651371 8 8 8 0.045280184232283027 102 212 111 55
632 4.5495206669246722 2.8014981669856294 8.4875537559527636 0 0 0 0.39942800101980552 106 207 111 109 114 306 121 502
633 0.82158681947983525 0.63115217095887799 12.037240235400589 231 231 231 0.58613224924864193 112 293 111 117 113 377 114 388 116 486 117 486
634 9.7938587690566052 7.8930299159089516 -0.12067070862345233 59 63 73 1.319851858160898 112 242 111 118 113 87 121 106 117 314 123 71 140 72
635 10.019521824829035 8.7177681671944356 0.0010821213982893144 118 124 143 1.7369273444857085 112 374 111 121 113 254 114 301
636 10.808969703676627 4.8337462571934733 3.4246885411497554 0 0 0 0.042269613013971349 110 116 111 129
637 3.6531374532485774 1.8072457629718472 10.029899619907777 8 8 8 0.06645430985094819 112 286 111 145
638 1.002197705361904 0.74853476831861832 11.180606056713501 8 8 8 0.14973279032692915 112 294 111 155 116 393 115 339
639 7.5438679863540843 6.7092745137880545 119.12289985352463 8 8 8 0.51206437089492352 102 22 111 161
640 7.5438679863540843 6.7092745137880545 119.12289985352463 8 8 8 0.51206437089492352 102 23 111 162
641 7.7386835133418455 6.1035927613087022 5.1171695385066647 61 64 74 0.15803679383271921 112 236 111 163 139 100
642 0.81096736063040331 0.69326785459105578 11.975967477431539 8 8 8 0.11482854261741743 112 228 111 165
643 9.8234084963149257 8.5299321403569728 0.058668661220243702 59 62 72 1.1068061844843546 112 309 111 168 113 101
644 7.6561217027909949 -2.1124457460878725 11.72320481867337 231 231 231 0.88769855413394338 106 246 111 172
645 11.116440978828324 4.6345887456525352 1.9873119124917695 89 94 108 1.2406887685974213 111 182 113 280 114 281 115 295 140 403
646 11.074730674836836 5.5049268420767419 5.4678734032336971 228 228 228 0.3232972808368671 110 182 111 205 113 344 115 379 116 362 118 792 121 631 140 695 124 665
647 3.9999504334575628 1.5977208321334857 9.1106183372927454 96 101 116 0.13486454116462623 108 143 111 214
648 10.121400403465522 6.6420847405049352 3.7731149089802147 0 0 0 0.039625636582268697 110 203 111 222
649 4.4621173932656486 2.6826830545685389 8.5650766730292194 165 165 165 0.32830115925358816 108 164 112 350 111 226 114 303 115 330
650 4.1664508730542531 3.0328277201741414 8.7467618419642257 0 0 0 0.14963134488155644 112 359 111 240
651 0.79698139923934497 0.75429375325250614 12.087206813448999 231 231 231 0.81217169810882417 112 301 111 246 113 257 117 487
654 5.3442162451662467 -1.3359090508005369 7.7302088342527471 231 231 231 0.19493594500908409 112 430 114 401
655 3.5350143355520709 -3.6728196373758939 14.158937904274326 231 231 231 0.84249667594459354 112 432 111 274
657 11.636759980492256 6.4966417473019265 3.1221885711008266 93 98 113 1.8363774414886929 112 391 111 292
658 8.3681760874552857 5.7558595454313144 -0.11727272503978789 109 115 132 0.52118673675749005 112 457 111 296
659 7.9489844268583081 7.8593819106414573 1.3457360929871414 0 0 0 0.028039183651440966 112 405 111 304
661 11.840210813687587 6.830043558678919 3.3453217368227222 231 231 231 1.8890122534242779 111 329 113 463
662 9.4831345885675589 7.2433950042876196 0.089621187353241927 92 97 111 2.3960459675052488 112 424 111 334 113 465 112 458 114 429 115 447 116 448
663 9.3793744991462642 7.4606795392598837 0.25681961849521495 84 88 102 1.5798616355867878 111 336 113 467 114 435 115 391
664 0.56272543086190285 1.6806130947670743 12.314324665215349 59 62 72 0.70658668424939441 112 423 111 338 113 480 114 486 115 500
665 11.315710960285836 4.4864132533466012 1.2490754865717624 99 104 119 2.0104303562420678 112 441 111 345 113 454
666 10.901407147165072 4.9243319454378787 3.8534764990598935 228 228 228 0.27200698453584543 112 472 111 359 113 494 114 506 115 524 116 556 119 1057 121 861 117 721 139 1003 123 1088 140 995 124 996
667 4.2191934650128866 3.012409881133121 8.7358685691100497 0 0 0 0.83580291901250714 112 455 111 372 113 472 114 482 115 491 116 570 118 1145 117 671 117 800 120 1125
668 10.177614385965228 9.0263328209158722 0.17966419578142731 92 97 112 1.5084589818567307 112 485 111 377 113 511 114 520 115 486
669 4.6391825358084384 -0.26084382194649153 8.749369165097221 59 62 72 0.92433128197306713 109 390 111 389
670 1.2698281800692117 -2.1460092983693637 11.425901803561386 59 62 72 0.93171961415937099 108 78 111 392 113 495
671 7.5491625347555393 6.1475678095235056 5.1899433855210795 0 0 0 0.67893107476521086 110 290 111 406 113 510 114 523 115 488 116 473 117 588 140 945
672 9.1737580103981546 7.1130328675222385 0.24653258562125319 59 62 72 1.7835821767669777 111 427 114 515 118 662 119 664 140 417 124 805 140 828
673 0.68626796793100298 1.7072421803258586 11.888404105320712 231 231 231 1.4225349605565136 112 504 111 438
674 11.437166033552728 4.7586997627327685 6.7927051162414873 8 8 8 1.2426078547442458 105 189 106 222 108 44 107 190 112 132 112 134 111 13 107 187 108 42 114 196 115 52 121 116 120 147 124 252
675 13.130417414452152 3.3232024899775654 2.6196019405442272 231 231 231 1.3350560787517873 106 415 107 386 108 314 110 295 109 351 112 408 111 309 104 371 105 342
676 5.4046300649695205 2.2388311052924132 7.8598387868545174 0 0 0 0.95575480412538327 104 368 103 296 108 149 107 246 111 328 101 372 106 356 110 277 107 361 109 363 110 257 113 422 114 471 115 395 116 524 118 811 119 977 119 1073 121 882 120 1033 120 1113
678 9.5450224967674799 5.6276900607254792 7.756386244896623 231 231 231 1.2703485542889121 114 617 115 618 116 701 118 1207 119 1287 121 1099 117 895 120 1266 139 1208 123 1273 140 1191 124 1175
679 6.5928160661453585 0.69889389365720134 7.4072745677753185 74 78 90 0.35787681815640271 111 5 113 11 115 29 121 114 124 256
680 11.539143540395393 4.3651108077097627 4.2759113363921166 0 0 0 0.042820134262275676 109 194 113 13
683 11.781199735600666 4.8230833597269971 6.7459108831323462 8 8 8 0.56020154858480797 102 206 113 29
684 11.781199735600666 4.8230833597269971 6.7459108831323462 8 8 8 0.56020154858480797 102 207 113 30
685 11.093662350101733 4.7943257601227645 7.2845785729082939 8 8 8 1.2604620899334946 111 62 112 140 113 36 114 57 116 55 118 216 120 150 123 301 140 282
686 11.058274832971568 5.5003221182004252 5.5026690507398381 228 228 228 0.089412030804689263 111 20 113 39
687 11.191883142403031 5.5680506583623783 5.5551331963095887 228 228 228 0.44785041769612544 110 183 111 21 113 40 115 58
688 8.5996803515704059 3.8122284620543203 8.7198732550342104 8 8 8 0.46065864961671765 113 41 114 93 119 476 117 167 123 572
689 4.7408018684545521 2.203383055524724 8.3529606175143094 0 0 0 0.11044707907743 111 24 113 66
690 4.7408018684545521 2.203383055524724 8.3529606175143094 0 0 0 0.11044707907743 111 25 113 67
691 1.6469308312121369 0.5530534826517457 1.169066043102394 228 228 228 1.0840320643124923 112 330 113 126
692 10.813996134194383 4.5307344302877688 2.9694094275196687 228 228 228 0.22098766617945492 109 201 113 129
695 8.1650334042322399 3.3132753922953309 4.3887689068127003 8 8 8 1.0863481714471761 112 202 113 140
696 0.69432262237358444 0.34106932933675305 1.6082358078970087 8 8 8 0.23588310071084628 111 138 113 203
697 0.69432262237358444 0.34106932933675305 1.6082358078970087 8 8 8 0.23588310071084628 111 137 113 204
699 8.0923793977967406 3.6068640580576554 8.9912580747680853 8 8 8 0.09833522578384768 104 181 113 211
700 0.73784654003910388 0.36646056123333809 1.8537081997631248 8 8 8 0.16391032710055253 111 143 113 217
701 0.73784654003910388 0.36646056123333809 1.8537081997631248 8 8 8 0.16391032710055253 111 144 113 218
702 0.27604558291918752 0.18421189458492063 2.1300382985618893 8 8 8 0.18600355546823588 111 156 113 231
704 12.537948912994192 3.0932286964034237 3.1209824978975558 231 231 231 0.58245616576225567 111 122 113 261 114 144
705 12.537948912994192 3.0932286964034237 3.1209824978975558 231 231 231 0.58245616576225567 111 123 113 262 114 145
707 11.102572085910673 5.8446366678198505 2.5105318547111675 69 73 84 2.1682271521463101 111 203 113 288 118 195
708 9.7617040560241914 6.4133592520850069 -0.54116352244980803 89 94 108 0.5968384851169618 111 333 113 291 114 197
709 10.09547493992785 6.065004183860597 4.401952337165687 228 228 228 1.5407483646574844 109 131 113 294
711 9.7255438866270225 7.651410421111053 -0.21311460002936131 67 70 81 1.007091110673904 111 335 113 297 116 369
712 1.0275876538051847 0.7608461828547155 11.301888838935287 8 8 8 0.097679601696158219 109 163 113 302
713 2.4718104060422603 6.8478608269928927 32.875723116534566 231 231 231 0.67657193690165562 106 41 113 312
714 10.833572223083303 4.1924964445664115 0.57586831459890342 231 231 231 0.90146933031804233 112 319 113 324
715 11.597140362187428 4.4301611849384939 4.2986543918502491 0 0 0 0.42328085713561031 111 185 113 330 123 711
716 11.620977699702253 4.4460781130925433 4.3074423400856094 0 0 0 0.544106886067939 111 186 113 331 120 744 139 632 123 712
717 11.142506366422671 5.2153881596850153 5.0528582648578642 0 0 0 0.44041613142478564 111 201 113 338 118 783 121 624 139 668 123 756 140 681 124 655
718 11.020523168109857 5.1622450340566948 5.0029036902699895 0 0 0 0.1316001916352329 111 202 113 339 118 784 121 625
719 11.085272185749666 5.5072039732516131 5.4791125538503307 228 228 228 0.50862118615783625 111 206 113 345 114 203 115 380 116 363 118 469 118 793 121 630 140 450 140 694
720 9.5639951008809856 7.0844400786843922 -0.39582447027475048 79 83 96 0.89341034086563975 111 237 113 359 114 234 115 215 116 221 119 172 117 306
721 1.0450293793185594 0.69145959306670923 11.204636507639721 231 231 231 0.60930998972904227 109 265 113 376 115 410 117 601
722 0.57251178419371973 1.6861104360118684 12.311944582007152 59 62 72 0.64372745908767981 111 253 113 380 114 391 115 412 116 490
723 6.1784224769109448 -0.92280626573019164 7.0192091537188839 231 231 231 0.45580251997943788 106 324 113 386
724 11.081186763918089 3.5008159568052588 1.7693373651020128 83 87 101 0.32771445616848327 111 312 113 394 114 333 115 352
725 11.011709225361102 4.4449350340454457 0.26781426677935966 231 231 231 0.87714344008727418 111 277 113 399 114 336 115 353 140 64
726 8.8578709347597915 4.9368327267964363 -0.62782783372138273 65 68 79 0.299260719002021 111 320 113 409
727 8.7844615641566417 4.883241021425647 -0.62046403314758392 65 68 79 0.83610782094285307 111 321 113 410 114 282 115 198 116 212
728 10.154405820833267 6.0198472269412928 4.4158397589234237 228 228 228 0.28451901471900976 111 293 113 423 115 445 118 797 117 561 139 677 124 668
729 10.154405820833267 6.0198472269412928 4.4158397589234237 228 228 228 0.28451901471900976 111 294 113 424 115 446 118 798 117 562 139 678 124 669
730 9.379853631002252 8.1327972084651847 0.52174943153062825 94 99 114 1.2595165015714744 114 438 115 398 118 676 116 459 117 575 139 456 123 509 118 801 140 437
731 8.6865187691316432 5.4772112462850382 -0.48996517153982899 59 62 72 0.89614130014925397 111 365 113 460 114 422 118 449 140 214 119 434 117 292 120 335
732 8.6161099991894119 5.4272544942572649 -0.48283947571613817 59 62 72 1.1942320431384463 111 366 113 461 114 423 116 346 118 450 119 435 117 288 117 293 120 336 140 213
733 2.997078036691589 3.5734401243658716 9.521318096498856 231 231 231 1.1371061930844952 111 302 113 477
734 10.524850121690408 4.1021444404248948 0.37930845138987929 69 72 84 1.4982232870891912 111 388 113 485 114 491 115 472 116 546 118 894 119 929 121 734 117 708 120 872 139 895 121 829 123 973 124 884
735 10.866741949933159 4.2815552929837351 1.9411607365609223 59 62 72 0.55980439911422242 111 349 113 486 114 457 115 435 118 758 117 530 123 878 140 825 124 601
736 11.042722616058271 5.4156810670658695 2.1817449973124061 64 68 79 1.5611980431634698 113 492 114 503 115 519 119 947 117 647 120 880 140 982 124 986
737 8.8104625860861816 4.9693338434329295 -0.29360811586986363 111 116 134 0.53508530548096389 111 400 113 496 114 463 115 440 116 430 118 761 119 613 117 534 120 721 139 599 123 689 140 608 124 416
738 5.6305478510727118 1.8340641717063442 7.7410682728842639 165 165 165 0.60016867436704235 106 388 113 498 115 530 116 616 119 1139 117 785
739 5.6338197722527035 1.8387243778950058 7.7527034233777314 165 165 165 0.33185461995049587 106 389 113 499 115 531 116 617 117 786
741 2.8920649633686204 3.8129862290109324 9.5485028270282353 231 231 231 1.9756481234404688 111 303 113 517 114 567
742 12.72697621024888 3.115451521929598 3.3089854027735011 231 231 231 0.48841539598608952 111 385 113 522 114 490 115 507 116 544 118 968 119 1036 121 832 117 705 120 998 139 986 123 1071 140 1056 124 979
743 10.67032020724324 4.0211315194095789 0.56816561683342248 231 231 231 0.73006137617871325 111 412 113 524 114 528 115 508 116 545 118 738 119 1035 121 564 117 706 117 762 120 706 140 912 124 885
744 10.470374316856418 4.7477813753331297 1.8298753229328888 73 76 88 0.74811363398311947 113 529 114 496 115 514 116 597 119 1048 121 850 117 715 120 1011 139 908 123 989 140 981 124 895
745 10.113132704337945 5.0130691265648606 1.8102023926241442 111 117 134 1.2844709575462367 113 530 114 541 115 591 118 1165 119 1236 121 999 117 824 117 862 113 592 139 1117 123 1142 140 1092 140 1133 124 1087
746 9.5507438589908844 6.2811133947873596 -0.62621398689300101 87 92 106 0.66595411403562299 111 418 113 538 114 510 115 477 116 515 118 767 119 810 121 586 117 648 120 736 139 605 123 490 140 611 124 610
747 8.8813232861456211 6.1079915262529187 -0.085532983668723403 109 114 131 0.70381019190232275 112 502 113 540
748 9.7038670305076415 8.6747154805537328 -0.21513060276548379 60 64 74 0.76794283434384147 111 407 113 545 121 768 116 564 118 919 119 961 117 663 120 899 139 654 123 742 140 832 124 646 118 800
749 7.112937168396221 7.3506011992294011 1.3209496761442612 109 115 132 1.2751586087639537 111 429 113 547 114 380
750 2.1693448968933611 4.1847678273001803 8.6518462863269612 231 231 231 1.1267968340942254 109 187 112 404 113 549 114 569 115 544 116 575 118 1023 117 743 120 1138
751 10.811052368921997 4.2999106492294672 0.040510724846623755 115 121 139 1.279383781876315 111 430 113 554 114 572 115 550 124 973 121 922
752 11.337387137859842 5.3164339176051385 4.9063511512656834 0 0 0 0.92829377960257631 111 416 113 562 114 548 115 560 118 1125 119 1194 121 1005 117 825 120 1172 139 1072 123 1151 140 1099 124 1053
753 9.0872337066855557 8.3550931728451392 1.2459030403341267 102 107 123 1.6855518450701379 111 461 113 585 114 606
754 9.9097706091995317 5.0242823835888712 1.7907903504545057 112 118 135 1.1082726701986441 112 540 113 606 121 1086 119 1282 117 916 120 1215 139 1159 124 1133
756 5.0927009599696342 2.7943595060413888 8.1001067165526024 164 164 164 0.63923339426191306 104 322 101 232 108 231 107 254 113 431 104 145 107 182 110 180 109 263 112 348 114 365 115 401 116 469 118 927 121 783 121 888 120 929
757 5.0927009599696342 2.7943595060413888 8.1001067165526024 164 164 164 0.63923339426191306 104 323 101 233 108 232 107 255 113 432 104 146 107 183 110 181 109 264 112 349 114 366 115 402 116 470 118 928 121 784 121 889 120 930
758 4.9996785912160764 3.0993047767354573 8.1577152296879625 165 165 165 1.0046262964951571 104 329 105 234 106 272 107 261 108 175 110 187 109 271 112 397 111 147 113 433 102 332 104 419 103 381 107 332 114 477 116 567 119 715 119 987 121 891 117 591 118 826 120 1038 139 1035 123 1028 124 1018
760 13.369927071123008 3.4672508888480968 3.4364454499002304 231 231 231 0.30682554928041672 108 2 113 8 114 7
761 10.792077031167176 4.5418999740185004 1.0022803438305705 231 231 231 0.71500713165101404 112 383 114 14
763 3.8045104481718783 -0.42286937043255474 9.3100940306604478 75 80 92 0.51251241104246426 113 132 114 45 115 213 116 59 118 482 119 704 117 320 120 618
764 8.1754564079002279 3.3184514033915007 4.5702109417927845 8 8 8 1.0036331143731467 111 57 114 188
766 1.3772520922413511 0.66698763745336398 3.2549734991279471 8 8 8 0.61151551011849981 111 136 114 245
767 0.79999427903635356 0.39744604521629301 2.7326124925180939 8 8 8 1.7080959700944645 112 300 114 246
768 9.1634223298134945 7.7586466292763436 0.47121308644583526 84 89 102 1.5271011732393887 114 249 121 113 116 255 120 353
769 3.536880734606251 3.0549002292424112 9.4527913224258544 231 231 231 0.92597518153282399 111 248 114 260
770 0.51491338933135533 1.8615962532613737 12.380700846079815 231 231 231 0.10074659634666643 111 40 114 263 116 127
771 6.535037763572884 -0.6845349408699114 7.0435762240637114 67 70 82 2.0450674797994557 107 231 114 269
772 12.720658391425818 3.135629998985086 3.4369972018317694 231 231 231 0.36533467257507074 113 318 114 271 117 270
773 4.1615822652771461 3.0395469962956625 8.7552488804291162 0 0 0 0.34305190448930778 111 151 114 308 116 285 118 839 119 729
774 4.1615822652771461 3.0395469962956625 8.7552488804291162 0 0 0 0.34305190448930778 111 152 114 309 116 286 118 840 119 730
775 0.98121486839937277 0.80980557848370283 11.148883235115305 231 231 231 0.53922265095307087 111 243 114 311
777 5.3126634099006695 10.288809872460584 42.978122660331778 231 231 231 0.12059761349757828 108 21 114 314
778 11.295773196191709 4.497610262279343 0.34342109892818573 59 62 72 0.23425881823570782 111 276 114 335
779 4.6064793431493447 1.3626566318717015 8.6675090845990681 165 165 165 0.38416687130494998 113 416 114 357
780 9.7606686945268244 6.6696673236456032 3.6466154176364185 0 0 0 0.47518434228295209 111 228 114 360 139 468
781 9.6656783799249819 6.6085797484673421 3.6155480634408148 0 0 0 0.44038621002930772 111 229 114 361
782 4.5566098080071402 2.7126430384753415 8.4708445466544049 166 166 166 0.47995097550326493 112 291 114 371 118 503 121 787 123 1032 139 953
783 4.556609808007142 2.7126430384753415 8.4708445466544067 166 166 166 0.4799509755031901 112 292 114 372 118 504 121 788 139 954 123 1033
784 6.8904915169533485 6.3108743518329922 18.820143973918984 59 62 72 0.19126922057665796 105 243 114 387
785 5.8741598645408928 7.464477004132819 2.6732251157649256 60 64 74 0.080316415877914105 113 383 114 389
786 1.8160377644049437 -0.72407925905868809 3.6308207622635358 231 231 231 0.3352857989047871 112 431 114 399
787 10.494612329000109 4.4310195960376735 0.06124619034217578 231 231 231 1.1394697887997891 113 450 114 405 116 315 121 255
788 2.2892587167392291 -2.6592851479277972 10.544731400726862 231 231 231 2.00487501192619 113 397 114 411
790 12.01825150786083 4.343017388907632 1.244633961460051 80 84 97 0.52384478208252405 113 449 114 449 116 417
791 11.876346265576435 6.9451495680586737 3.356422266464028 231 231 231 1.6370190869806709 113 462 114 467
792 9.3221524809342089 5.0603696624571386 7.2551195832667039 94 98 113 1.0643303260577341 112 393 114 468
795 0.57284588764280764 1.8472598144035455 12.374554186060138 231 231 231 0.4207479456079572 113 481 114 487 115 501 116 578
796 0.57821026709192747 2.1240572329538105 12.156294560558788 231 231 231 0.35951725832725173 113 447 114 489 115 503
797 9.0589446652065977 4.5408964962238345 -0.64530857066582858 231 231 231 1.0218448066128323 113 526 114 494 116 421 115 431 118 741 121 568 117 525 120 710 139 424 123 675 140 585
798 9.0589446652065924 4.5408964962238327 -0.64530857066582792 231 231 231 1.0218448066128167 113 527 114 495 115 432 116 422 118 742 121 569 117 526 120 711 139 425 123 676 140 586
799 12.180232872812358 4.5060148391820665 1.0753439300419758 231 231 231 1.7245083791390079 113 553 114 530 116 593 117 765
801 11.578922758041621 5.2509984299741266 5.5922061432382426 99 104 120 0.51915194446423374 113 535 114 547 115 561 116 644 118 1128 119 1197 121 1006 117 826 120 1174 139 1122 123 1199 140 1103 124 1098
804 9.4868315385295752 4.4885633315566817 7.4300588460431278 231 231 231 0.68215735524843568 111 417 113 563 114 579 116 646
808 8.4909327567032093 5.8484677121773405 5.7118557882080045 120 126 144 1.8957582605681993 114 633 115 645 118 1230 116 720 116 734 117 921 117 933 139 1222 123 1282 120 1319 121 1152 119 1339 124 1194
809 1.0095625755528708 2.0397974185543464 12.00783218129888 59 62 72 0.54991411425600789 109 464 114 642
810 11.908503714324439 4.7786933064983312 5.5875974138403608 8 8 8 1.244860302660326 104 275 107 99 113 15 114 28 110 85 109 198 111 47 139 81 140 252 124 71
811 12.185553777613375 4.8961311485618912 5.8180225412705084 8 8 8 1.3096094570016752 109 197 113 16 114 31 111 48 113 133 115 34 140 444 121 109 124 237
812 5.0000552505210312 3.0990754719309432 8.1574424220859676 165 165 165 1.0581640314759169 102 333 104 420 103 382 107 333 114 478 104 330 105 235 106 273 107 262 108 176 110 188 109 272 112 398 111 148 113 434 116 568 119 716 119 988 121 892 117 592 118 827 120 1039 120 1118 139 1036 123 1029 140 1029 124 1019
815 11.513983573686419 4.6428419233280618 5.7890290259536394 8 8 8 0.38472720909099845 105 193 114 37
817 12.967045158065956 3.342680913631475 3.3586040283145562 231 231 231 0.3196835610275009 114 8 115 11
818 10.767741056189047 4.8220377482919767 3.403745209722457 0 0 0 0.11703759175208733 105 200 115 32
819 11.990092055976481 4.8209498650585818 5.8831763329860074 8 8 8 0.042791639197193962 114 35 115 36
820 6.5002459081200916 2.8707357301775507 6.2285392803266166 8 8 8 0.0071050497784903265 102 27 115 84
823 2.5745026873742272 1.1974095447796798 4.7453809671537366 8 8 8 0.80465164891898167 109 217 115 118
824 9.9463594791640038 4.4159362331368213 10.475668977678831 8 8 8 0.087750115175285859 110 108 115 119
825 1.6203853602557445 0.79659228686821848 4.0341059718829486 8 8 8 0.28382710458699906 106 104 115 121
826 14.449284304025205 12.421707734089802 -1.259683231872788 84 89 102 0.39023563593635108 113 253 114 250 115 124
827 5.109494011356623 3.921216923549645 8.0668765422985285 166 166 166 0.2739388358194117 109 133 115 136 117 180
829 0.97004108379382215 0.40605737286676541 0.43631176807237004 231 231 231 0.68874757281948584 113 448 115 155
830 10.044648269892894 4.0654148058381336 5.4747544596500131 8 8 8 1.0875927557104266 112 201 115 211 140 447
831 5.7129988041305779 2.5556985311000235 6.6303118520538451 8 8 8 0.014548387222555364 114 95 115 221
834 5.3214419176393877 2.397439924707172 6.7640887975469077 8 8 8 1.8234284962730278 114 244 115 228 139 707
835 9.6115188696300411 6.6533558975539506 3.4556993936965648 0 0 0 0.1702501591696261 112 146 115 231 123 277 124 249
836 9.6115188696300411 6.6533558975539506 3.4556993936965648 0 0 0 0.1702501591696261 112 147 115 232 123 278 124 250
837 0.93470815602833301 0.80913405060599919 14.097314248258455 0 0 0 0.014749478023874545 109 164 111 164
838 13.47803462540011 3.290681262092074 2.6795936592246847 231 231 231 0.52733401240862388 113 317 114 268 115 276 116 17 118 409 119 150 121 74 117 252 120 93 139 50 140 198 123 58 124 48
839 11.964256964027394 4.0994890636170309 4.0990666134772473 228 228 228 0.37678194748809907 114 343 115 293 120 732 121 588 123 697 124 619
840 11.964256964027394 4.0994890636170309 4.0990666134772473 228 228 228 0.37678194748809896 114 344 115 294 124 620 120 733 121 589 123 698
841 11.667498944886436 4.4325289271934336 4.4488297111538273 228 228 228 0.60290114927937544 111 184 115 296 118 646 119 636 120 747
843 5.7106883909674595 1.8015424786431964 7.7135413803674959 166 166 166 0.50271645971343759 114 426 115 315 116 371 119 845 117 569
844 4.6281990900165235 2.7502854767045029 8.435820812862568 0 0 0 0.17925267224510924 102 91 115 326 119 717
845 4.6281990900165235 2.7502854767045029 8.435820812862568 0 0 0 0.17925267224510924 102 92 115 327 119 718
846 3.8866003474183941 1.8874420995226973 9.4342118802322776 8 8 8 0.042503015979453551 111 135 115 328
847 13.36184996496676 14.221927800971368 1.961201173204564 0 0 0 0.74284265461978749 114 310 115 337 116 283 118 494 119 487 120 407 139 305 123 311 140 279 124 276
848 0.52412845941157171 2.1641485883291329 12.214673192094486 86 90 104 0.96184120475611579 114 392 115 341 116 492
849 12.831175541935259 2.8821676689776448 2.9006820372418178 231 231 231 0.30436090236802171 113 389 115 347
850 25.221745364057604 9.7776510306142494 -2.6859205497228036 158 158 158 0.70670030859846633 111 310 114 331 115 348 113 321 116 413
851 25.221745364057774 9.7776510306143134 -2.6859205497228245 158 158 158 0.7067003085984459 111 311 113 322 114 332 115 349 116 414
852 10.928411623422139 3.8698014866716175 1.8262274610154716 66 69 80 1.173887121794053 114 403 115 356 118 616 121 429 117 424 120 519
853 10.928411623422139 3.8698014866716175 1.8262274610154716 66 69 80 1.173887121794053 114 404 115 357 118 617 121 430 117 425 120 520
854 10.936995956824484 4.0516917250627422 1.8580938371596145 65 69 80 0.41326135323142582 114 408 115 358 118 445 119 597 121 433 117 438
855 10.936995956824484 4.0516917250627422 1.8580938371596145 65 69 80 0.41326135323142582 114 409 115 359 118 446 119 598 121 434 117 439
856 8.8488970853851949 -2.3847734909749345 20.704692767245522 0 0 0 1.6019904457924388 104 408 109 234
857 1.7629052057230248 0.56417379421653657 2.0618675470854213 228 228 228 1.7755910857082857 112 417 115 365
858 1.7629052057230248 0.56417379421653657 2.0618675470854213 228 228 228 1.7755910857082857 112 418 115 366
859 11.525417069604233 6.1753457898913906 2.5673782077514495 69 73 85 0.65823161585943901 115 375 116 357 117 547 116 441 123 721 140 645 124 629
860 14.408541385262197 10.050308225515874 -2.7114458366208329 99 105 120 0.66219617585937673 113 354 114 350 115 377 116 356 118 649 121 93 117 542 118 768 140 68
861 14.17658789494843 10.461039531804595 -2.3363461287007965 87 92 106 0.61211495936450244 113 425 114 354 115 382 116 360 118 656 119 641
862 14.050111453743135 10.551268932140733 -2.3483673527182622 59 62 72 0.47068606798814749 113 428 115 383 119 170 140 227
864 3.0833979052127076 2.9112826442093884 9.8704185370986899 231 231 231 1.1267519793251222 114 385 115 408 118 845 117 675 120 825 120 1133
865 12.069222842188644 4.7125453828000481 1.2068847838170931 231 231 231 1.012976975353306 140 600 124 412 139 595 121 431 118 442 119 431
866 11.534824945470032 8.7991806349192103 -0.91595048646284172 107 112 129 1.4243869931110231 115 482 116 366 118 782 119 821 116 559 121 610 117 461 117 552 115 384 120 123 139 442 139 816
867 8.952072351170326 8.6509348833896631 1.2975065467452782 0 0 0 0.84549707222211079 115 489 116 472 118 681 119 701 121 302 117 583 120 592 139 83 123 281 140 691 124 253
868 3.6345503993271082 3.3534005384701495 9.9521176150762383 118 124 142 0.57195694189112001 114 483 115 493 118 1089 119 1165 121 1025 117 803 120 1130
870 0.70803309635041367 2.1723183940646331 11.95109002192719 231 231 231 0.12306572819439782 114 488 115 502 116 577
873 15.224777339423277 9.6709978432061661 -2.7475595810113558 82 77 73 0.71367590104594303 113 536 114 544 115 521 116 602 118 983 119 1049 121 846 117 716 117 773 120 1009 139 906 123 987 140 922 124 892
874 15.224777339423277 9.6709978432061661 -2.7475595810113558 82 77 73 0.71367590104594303 113 537 114 545 115 522 116 603 118 984 119 1050 121 847 117 717 117 774 120 1010 139 907 123 988 140 923 124 893
876 11.698638837521617 9.35026788871218 -1.2548197039550733 106 112 128 0.34166319202012857 113 566 114 580 115 564 114 553 116 613 118 992 119 1058 117 723 117 780 120 1021 139 911 124 803
877 8.5503091197033481 4.0861344506543702 18.113837357868967 70 74 86 0.32992243568362223 106 419 115 576
878 9.9664509777029036 5.609942919558538 -1.3807930258682362 231 231 231 0.80428409799614486 113 557 115 587 114 539
879 11.995058781756844 8.9835129667988554 -1.3380635970308801 73 77 89 1.7674106074373579 113 597 114 601 115 596 116 645 118 1124 117 827
881 7.0223380890122744 2.7138222938284211 7.9554072923216896 231 231 231 1.7738848128129043 114 613 115 615
882 9.1134993196138296 6.2336675016551624 0.10397428900563054 112 118 135 1.6845765159307269 113 609 115 628 116 716 114 629 118 1224 119 1283 121 1051 117 918 120 1220 120 1260 123 1234 140 1172 139 1201 124 1088 124 1134
883 10.59588611042931 8.4831845475225069 -0.80222808488336472 107 113 129 0.57976666884934702 113 612 114 632 115 629 116 700 118 1170 119 1242 121 1001 117 868 120 1221 139 1064 123 1146 140 1093 124 1047
884 11.276281105008795 4.6169888456537374 0.39351790717855012 98 103 118 1.5738346168524264 114 627 115 637 116 713 118 1220 119 1301 121 1123 117 911 123 1265 140 1169 124 1128
886 5.4032350281451533 2.2434891678980322 7.8708685500557358 0 0 0 1.2201910290826101 107 245 108 148 104 367 103 295 114 470 101 371 106 355 110 276 107 360 109 362 113 539 114 550 110 256 111 327 113 421 115 394 115 534 116 523 118 810 118 1073 119 976 119 1072 121 881 120 1032 120 1112
887 1.8045508631016494 -1.3977199791509389 10.760458236101565 35 37 43 1.7851745424578702 105 215 115 570 114 578 115 597 116 654 116 691
888 12.357553450939294 5.0321342419877677 1.4743230994206737 59 62 72 1.1738675351094396 114 13 115 25 116 25 117 283 140 212
889 10.551639099886907 4.1276718159086725 0.95889359281167097 86 90 104 0.78139964075568968 114 533 115 510 116 594 118 972 119 1037 121 834 117 767 120 999 139 985 123 1070 140 976 124 978
890 10.330396151522358 8.8370782524881459 -0.32304526881060747 117 123 141 0.4195437067679989 114 582 115 571 116 652 118 1064 117 783 139 918 121 864 123 997 140 989 124 904
891 10.45563893991055 8.9325246963139584 -0.34528112572048913 117 123 141 0.46306622126154728 114 583 115 572 113 584 116 653 118 1065 121 948 117 784 120 1099 139 919 121 865 123 998 140 990 124 905
896 12.543088693034653 5.0644294640173992 6.4876204855561106 8 8 8 0.16518033215515032 109 203 119 183
897 5.5731135473674467 2.5018193719150257 6.7715319947619772 8 8 8 0.01908471593352697 115 114 116 103
899 4.7715804300239899 -1.2044258201228606 8.072711347657469 102 108 124 0.82757749005313708 115 14 116 205 118 640 120 762
900 5.1195612321046191 2.791776510616276 8.0990325216031795 166 166 166 0.32030191943047576 112 288 116 273 119 713
901 5.1161445741781959 2.7853887861666067 8.0903410230993167 166 166 166 0.10315920391513805 112 289 116 274
902 5.2693571617165258 3.8704550363026518 8.0835507599911693 59 62 72 0.2538488310572537 114 307 116 280 118 505 117 340
903 11.382242698438548 4.7653093212977451 -0.012050466468442503 231 231 231 1.2831549228968644 114 406 116 316 119 418 121 256 115 289 117 279 120 100 139 213 123 210 124 192
904 9.0091315005969239 5.3681217867861557 2.7393692413512691 111 117 134 1.6874169349598598 115 381 116 361 120 770 119 955 139 659 140 436
905 12.117240287227704 7.5045291168659238 3.5355157940743962 0 0 0 0.99294854569302482 115 318 116 370 117 466 140 443
906 11.825111906710683 3.9968089819232295 4.0644755197994824 0 0 0 0.13985206099450737 109 190 114 17
907 2.7814523043100841 0.82608319015696141 5.2234173554257692 0 0 0 0.14436674422264192 111 208 115 316
908 0.99971350569438 0.74780807573176833 11.173948553731019 8 8 8 0.073266665244439921 115 340 116 394
911 11.629831028846766 7.1271238544949647 3.3847003064876691 231 231 231 1.739953628889209 115 314 116 447 121 767 117 463 118 474 120 143 123 893 140 835 124 443 139 267
912 9.6939237597807661 7.7264129399826889 -0.1681826462264577 96 101 116 0.35670018942142162 114 432 116 450 118 664 119 665 121 277 117 464 120 562 139 446 123 501 140 414 124 435
913 13.943549378049411 12.485970130769765 -1.7830723595345188 60 64 74 0.54653287180344023 113 476 114 479 115 452 116 460 118 674 119 688 117 573 120 571 139 249 123 506 140 422
914 4.1828112853482597 3.035051598325659 8.7550163488607033 0 0 0 0.18786389699848693 113 371 116 479
915 2.889964149646596 4.7863157971546846 2.3444677653785715 0 0 0 0.54076110417884238 114 568 115 496 116 481 119 867 117 596 140 720 124 307
916 2.8925534066686156 3.7350747652790424 9.4880847881145076 231 231 231 0.73942091441878577 115 497 116 484 118 848 119 888 121 796 117 599 120 829
918 12.989976535548729 2.8660620994869208 2.9249825763810651 231 231 231 0.6429290684304414 113 483 116 499 119 925 121 729 117 699 139 979 116 584 121 918 123 974 124 881
919 11.127172376989353 3.6905612122953926 1.7726258710354588 72 76 88 0.3559252782416446 114 527 116 503 118 602 119 583 117 637 120 514 123 476 140 819 124 406
920 11.800070032455384 4.0690676435862176 4.0650461450282043 228 228 228 0.55946073302809363 110 251 116 509 118 902 117 642
921 14.488544409351583 12.863516230517286 -1.4481245610362823 92 97 112 0.46440183230002458 114 440 115 453 116 525 118 802 121 466 117 576 120 782 139 656 123 743 140 663 124 648
922 7.8593171709593914 7.2203228477176085 1.0822046222617805 109 114 131 0.61728198728688188 115 487 116 526 119 966 121 634 117 666 120 783 123 758 140 680 124 663
923 9.7101082570744452 5.2143065846593712 7.4484501344816811 94 99 114 0.72710963506913029 114 514 116 562 118 1066 116 618 119 1138 121 956 117 730
924 15.664650131513277 13.572981328130654 -2.1582347954543839 117 123 140 0.37207178370944294 114 557 116 563 118 914 119 960 121 764 117 728 118 995 120 897 139 821 123 889 140 829 124 642
925 2.1704562814376485 4.1854558510874984 8.6541171460608677 231 231 231 0.38336602450542473 115 543 116 574 118 1022 117 742 120 1137
926 0.48104495777613215 2.4614180826771896 12.069060563551412 231 231 231 2.3388494274684613 115 465 116 579
927 11.931468791165557 4.4420958475219559 1.0844036494920837 231 231 231 0.90040376758774199 114 529 116 592 117 764
928 9.4992988894891024 4.988952576283805 -0.85909988497146506 231 231 231 0.65653029665632423 114 538 115 511 116 595 113 556 118 975 121 742 117 712 139 800 140 914 124 788
929 4.8049819479972751 -1.0375431732763163 10.079652985737003 59 62 72 0.93088170416694427 107 317 116 605 118 1063
930 11.355165057764674 5.7896414119068158 2.8543263331901985 59 62 72 1.8408869354449269 114 507 116 608 121 859
931 11.65397585336307 9.3157202974305129 -1.2435534633622851 106 111 128 0.38106602015823426 114 581 115 565 116 614 118 993 119 1059 117 781 120 1022 139 912 124 804
932 15.993236419173581 6.7765085431133629 -1.7474151949213674 231 231 231 0.98293601937083364 114 589 115 581 116 640 118 1116 119 1115 121 919 117 820 120 1066 139 893 140 970 124 969
933 11.949156710781381 4.0281065953766113 4.4480433077725596 112 118 135 0.50194637230928429 112 491 116 643
934 15.208586631557914 12.601685811341161 -2.5072571641219392 106 111 128 0.39394494516781176 114 603 115 598 116 647 118 1060 119 1134 121 944 117 831 120 1094 139 914 123 992 123 1078 140 984 124 898 124 989
935 1.4107421803870546 0.78802225041154661 7.0054293559540364 72 76 88 0.17011360342934759 101 446 116 661
936 12.845666817884332 3.098865686093442 2.8862937976517129 96 101 116 0.92409789622850502 115 580 116 672 118 1115 119 1187 121 1040 117 856 120 1158 139 1112 123 1191 124 1086
937 19.486024126012669 7.3607029888134043 -1.4931777065301406 231 231 231 1.5745124444487046 114 611 115 604 116 673 118 1153 119 1227 121 993 117 855 120 1206 139 1110 123 1189 140 1087 124 1084
938 14.487536688689955 9.7851323546970956 -2.6208610346948999 98 104 119 0.61273865671202643 114 598 115 611 116 682
939 8.3449922843392841 6.9918573060018989 1.0445698356849191 112 117 135 0.63609149146284016 116 733 118 1253 119 1306 121 1130 120 1291 139 1204 123 1269 140 1175 124 1173
940 2.8023010017547492 2.5377131469794705 9.7246510575986473 59 63 73 0.86579438912819029 115 649 116 738 118 1261 117 939
941 4.52726711804997 2.8130073102403204 8.4934181336041004 0 0 0 0.93810182925659014 106 208 111 108 114 305 116 475 105 285 107 306 113 435 114 441 115 456 121 501 121 893 120 931 139 955 124 940
943 2.1152155065693656 1.3424994303517845 0.56043097697758981 231 231 231 1.0776885329725239 109 181 118 183
944 10.818521211131586 5.818819593769657 2.4861443054948245 69 73 85 0.82437671561549231 115 304 116 42 121 105 124 67
945 1.2713347104998873 0.49316163868045765 2.9782306101887897 8 8 8 1.5771730131831265 107 16 118 204
946 1.2713347104998873 0.49316163868045765 2.9782306101887897 8 8 8 1.5771730131831265 107 15 118 205
947 6.7799773979687421 3.0229066802935014 7.5714664316958764 8 8 8 1.6570205587851643 114 233 123 569 118 269
948 6.4200854699033787 2.8660876681620109 7.2848931225282785 8 8 8 0.11038939301903053 114 232 118 270
949 11.484808830703429 5.0719067533829456 10.882707704490691 8 8 8 0.21225299442211629 114 231 118 277
950 11.484808830703392 5.0719067533829287 10.882707704490668 8 8 8 0.21225299442212511 114 230 118 278
951 7.5362517101430777 8.0270463979495652 1.4317945744937404 59 62 72 0.76228421663692636 115 259 118 284 119 236 121 123 139 292 140 466 117 479
952 11.283153578663136 4.7076153761623001 -0.5845731214835439 231 231 231 0.86431043529328311 112 411 118 420 121 239 116 185 120 297
953 9.6184351514856719 4.9700553827300427 -0.95122002884001733 231 231 231 0.63084389632340176 114 414 115 194 118 441 119 426
954 11.085909135907581 5.5100927987840205 5.495122233786307 228 228 228 0.30509491788480131 114 202 118 468 121 289 140 451
955 4.6270595228088318 -0.11603483480302336 8.7228975160452062 94 98 113 0.35692075758824426 115 44 118 477 121 487 120 602
956 3.4004887528436591 1.6325450185805619 9.5952692760760279 231 231 231 0.4295062420990986 115 336 118 508 121 508 120 415
958 12.256225688277006 4.779100546774079 4.6619581919592656 228 228 228 0.95641036342129426 115 370 118 650 119 637 121 608 139 820 140 831
959 10.940616322374279 5.6484465124573013 2.3389498191231777 72 76 87 0.88335921149388275 113 283 116 438 118 655 121 754 117 458 117 543 120 544 120 749 140 629 139 817 124 801
960 11.187082199179645 4.80992369886674 4.8416343346994273 228 228 228 1.8285809524315231 113 335 118 657 119 646 119 651 139 825
961 1.0259329781579665 0.5399066859899746 4.0716260555040051 0 0 0 0.53456483922680542 108 36 116 113
964 9.4684171952513942 7.3281308658973998 0.054941434968161541 92 97 111 0.46430836932299996 115 448 116 449 118 787 119 828 121 457 117 553 120 560 139 444 123 499 140 411 140 634 124 433
965 9.2728344475548976 7.1882301542413085 0.08593207872620405 92 97 111 0.68835100546726258 114 430 118 788 121 458 117 554 119 661 120 561 139 445 119 829 123 500 140 635 124 434
966 15.47652844104829 12.504119128274127 -2.5206217073058226 106 111 128 0.70529497415360998 114 472 118 789 115 449 116 451 118 661 119 458 119 826 123 241 123 708 140 628 124 66 116 233
967 10.531140224057591 9.1353043041700754 -0.6031480268653594 59 62 72 1.8599336476259314 114 475 115 451 118 799 139 450 123 504 140 420 140 423 124 439 124 440 123 505
970 5.7726640841027734 1.8330807517762657 7.7847292073857002 166 166 166 0.23252966189879865 114 427 118 922
971 3.6204038736595243 3.336786438865452 9.9564076116880198 118 124 142 0.54518195325423136 113 378 118 938 119 1093 120 1048
975 10.000965968797578 5.3154787115649835 -1.2075116694787111 99 104 119 0.47151889887836629 114 590 115 585 116 641 118 1047 121 833 120 1074 139 899 123 977 140 975
977 11.581381707974915 6.5525716467955339 3.2156166000987954 59 62 72 1.0405015436198715 115 563 118 1127 119 1196 121 1004 117 829 120 1171
978 4.3989439734825426 2.4788961436808381 8.6228140297402653 0 0 0 1.2631015368668805 114 558 118 1139 119 1213 121 1073 124 1159
979 10.556431311943609 6.0946544100490723 2.6123816584491633 110 116 133 0.7313278872361002 115 594 118 1167 119 1241 121 1002 117 865 120 1169 139 1118 123 1194 140 1096 124 1095
980 12.043236941857634 9.4790353187402108 -1.6579212198769224 63 66 76 0.76897831597126076 114 615 115 617 118 1168 121 1000 120 1168 123 1145
981 3.9862569138921735 -1.0048548644157673 9.2888018655462208 59 62 72 1.8192408111355391 110 292 115 610 118 1206 119 1307 117 893
983 14.219263328354012 12.388953644453569 -1.0966809714460499 94 99 114 0.42316033890490545 115 323 116 379 118 479 114 370 113 372 119 464 117 471 120 355 139 255 123 254 140 428 124 233
