observer_type,observer_id,camera_name,frame_id,image_path,marker_id,marker_length_m,detection_mode,detection_source,detection_support,detector_contract,opencv_version,detector_parameters_json,fx,fy,cx,cy,distortion_model,detection_success,pnp_success,pnp_reprojection_rmse_px,rvec_x,rvec_y,rvec_z,tvec_x_m,tvec_y_m,tvec_z_m,distance_m,center_u,center_v,image_width_px,image_height_px,area_px2,marker_area_ratio,d0,d1,d2,d3,d4,d5,d6,d7,corner0_u,corner0_v,corner1_u,corner1_v,corner2_u,corner2_v,corner3_u,corner3_v,selection_score,score_area,score_reprojection,score_border,score_distance,job_id,decision,reason,threshold,measured_value
static,camera_front_narrow,camera_front_narrow,static,/workspaces/project/workspace/temporary_runs/IMG_4388_20260810_151035_queue/dataset/raw_images/static/camera_front_narrow.png,7,0.17,high_sensitivity,original,1,rigcal_aruco_detector_v2,4.5.4,"{""gamma_passes"":[0.6,0.65],""parameters"":{""adaptiveThreshWinSizeMax"":53,""adaptiveThreshWinSizeMin"":3,""adaptiveThreshWinSizeStep"":4,""cornerRefinementMethod"":""CORNER_REFINE_SUBPIX"",""errorCorrectionRate"":0.8,""minCornerDistanceRate"":0.01,""minDistanceToBorder"":1,""minMarkerDistanceRate"":0.01,""minMarkerPerimeterRate"":0.008,""polygonalApproxAccuracyRate"":0.05},""support_rule"":{""maximum_area_ratio"":2.0,""maximum_center_distance_image_diagonal_fraction"":0.01,""minimum_area_image_fraction"":0.0001,""same_marker_id"":true}}",2038.1620816869136,2037.4550775227926,968.0,608.0,plumb_bob,True,True,0.13944592981277493,3.105874055650388,-0.10089756239474681,0.0917540781730698,-0.2714448402933632,0.22157262615731566,1.847081005555836,1.8800225985528198,668.2219085693359,852.5608978271484,1936,1216,35542.31268771365,0.015097559692951441,0.0,0.0,0.0,0.0,0.0,0.0,0.0,0.0,568.4508666992188,765.17041015625,756.5009765625,752.2316284179688,768.4640502929688,939.5628662109375,579.4717407226562,953.2786865234375,0.817560144645838,1.0,0.877619528786515,0.597761681205348,0.34721949768813937,20260810_171451_combined_nfev_160__aruco_mode_high_sensitivity__ref_marker_auto__ref_mode_manual_a0d1273b,accepted,accepted,,
static,camera_front_wide,camera_front_wide,static,/workspaces/project/workspace/temporary_runs/IMG_4388_20260810_151035_queue/dataset/raw_images/static/camera_front_wide.png,7,0.17,high_sensitivity,original,1,rigcal_aruco_detector_v2,4.5.4,"{""gamma_passes"":[0.6,0.65],""parameters"":{""adaptiveThreshWinSizeMax"":53,""adaptiveThreshWinSizeMin"":3,""adaptiveThreshWinSizeStep"":4,""cornerRefinementMethod"":""CORNER_REFINE_SUBPIX"",""errorCorrectionRate"":0.8,""minCornerDistanceRate"":0.01,""minDistanceToBorder"":1,""minMarkerDistanceRate"":0.01,""minMarkerPerimeterRate"":0.008,""polygonalApproxAccuracyRate"":0.05},""support_rule"":{""maximum_area_ratio"":2.0,""maximum_center_distance_image_diagonal_fraction"":0.01,""minimum_area_image_fraction"":0.0001,""same_marker_id"":true}}",984.7883347643075,987.6994918367152,968.0,608.0,plumb_bob,True,True,0.1626566989318787,-2.8306837575420047,0.08379461686557314,-0.035988547608984144,-0.5362083336632248,-0.502481565018107,1.8425224999738548,1.9836572947923343,681.2838439941406,337.97920989990234,1936,1216,8654.782414856367,0.0036763531761671033,0.0,0.0,0.0,0.0,0.0,0.0,0.0,0.0,628.7279052734375,293.5713195800781,720.8751831054688,288.1387634277344,732.8031616210938,382.5935363769531,642.7291259765625,387.61322021484375,0.6452547724968252,0.6063293804663521,0.8600991168921059,0.5558868583879972,0.33515913565053085,20260810_171451_combined_nfev_160__aruco_mode_high_sensitivity__ref_marker_auto__ref_mode_manual_a0d1273b,accepted,accepted,,
moving,moving_frame_000014,moving_calib_camera,14,/workspaces/project/workspace/temporary_runs/IMG_4388_20260810_151035_queue/dataset/raw_images/moving/frame_000014.png,7,0.17,high_sensitivity,original,1,rigcal_aruco_detector_v2,4.5.4,"{""gamma_passes"":[0.6,0.65],""parameters"":{""adaptiveThreshWinSizeMax"":53,""adaptiveThreshWinSizeMin"":3,""adaptiveThreshWinSizeStep"":4,""cornerRefinementMethod"":""CORNER_REFINE_SUBPIX"",""errorCorrectionRate"":0.8,""minCornerDistanceRate"":0.01,""minDistanceToBorder"":1,""minMarkerDistanceRate"":0.01,""minMarkerPerimeterRate"":0.008,""polygonalApproxAccuracyRate"":0.05},""support_rule"":{""maximum_area_ratio"":2.0,""maximum_center_distance_image_diagonal_fraction"":0.01,""minimum_area_image_fraction"":0.0001,""same_marker_id"":true}}",1670.3568220407146,1668.7609491421802,545.2221303399076,959.6141905487639,plumb_bob,True,True,0.14498596779407963,2.8531507265669203,0.009518308011311132,-0.10377110756953675,-0.22279851225860692,-0.7686474892981391,2.6098375082524012,2.7297820351357878,401.4704055786133,463.2305221557617,1080,1920,10537.088885426056,0.005081543636875991,0.23999743083214609,-1.6358069039702752,-4.4934225898476364e-05,0.0017468931619849986,3.7166088637899355,0.0,0.0,0.0,349.7825927734375,416.4339294433594,457.60943603515625,413.25640869140625,454.3424072265625,510.511962890625,344.1471862792969,512.7197875976562,0.7226556927498009,0.7128494677613214,0.8733731487789248,0.7434637140344691,0.26811218204701165,20260810_171451_combined_nfev_160__aruco_mode_high_sensitivity__ref_marker_auto__ref_mode_manual_a0d1273b,accepted,accepted,,
moving,moving_frame_000016,moving_calib_camera,16,/workspaces/project/workspace/temporary_runs/IMG_4388_20260810_151035_queue/dataset/raw_images/moving/frame_000016.png,7,0.17,high_sensitivity,original,1,rigcal_aruco_detector_v2,4.5.4,"{""gamma_passes"":[0.6,0.65],""parameters"":{""adaptiveThreshWinSizeMax"":53,""adaptiveThreshWinSizeMin"":3,""adaptiveThreshWinSizeStep"":4,""cornerRefinementMethod"":""CORNER_REFINE_SUBPIX"",""errorCorrectionRate"":0.8,""minCornerDistanceRate"":0.01,""minDistanceToBorder"":1,""minMarkerDistanceRate"":0.01,""minMarkerPerimeterRate"":0.008,""polygonalApproxAccuracyRate"":0.05},""support_rule"":{""maximum_area_ratio"":2.0,""maximum_center_distance_image_diagonal_fraction"":0.01,""minimum_area_image_fraction"":0.0001,""same_marker_id"":true}}",1670.3568220407146,1668.7609491421802,545.2221303399076,959.6141905487639,plumb_bob,True,True,0.24520797142443518,2.929352328789779,0.0022067425540820427,0.10262355025403597,-0.3829231718975068,-0.9735584067232875,2.430046115504349,2.6456700947690757,279.2805061340332,283.4890327453613,1080,1920,12702.649250924238,0.0061258918069657785,0.23999743083214609,-1.6358069039702752,-4.4934225898476364e-05,0.0017468931619849986,3.7166088637899355,0.0,0.0,0.0,221.599853515625,227.9130401611328,339.9815673828125,232.67630004882812,337.8475341796875,338.89361572265625,217.6930694580078,334.4731750488281,0.684862940527888,0.7826807655082485,0.8030787008663832,0.5171861224704318,0.27429799570587365,20260810_171451_combined_nfev_160__aruco_mode_high_sensitivity__ref_marker_auto__ref_mode_manual_a0d1273b,accepted,accepted,,
moving,moving_frame_000011,moving_calib_camera,11,/workspaces/project/workspace/temporary_runs/IMG_4388_20260810_151035_queue/dataset/raw_images/moving/frame_000011.png,7,0.17,high_sensitivity,original,1,rigcal_aruco_detector_v2,4.5.4,"{""gamma_passes"":[0.6,0.65],""parameters"":{""adaptiveThreshWinSizeMax"":53,""adaptiveThreshWinSizeMin"":3,""adaptiveThreshWinSizeStep"":4,""cornerRefinementMethod"":""CORNER_REFINE_SUBPIX"",""errorCorrectionRate"":0.8,""minCornerDistanceRate"":0.01,""minDistanceToBorder"":1,""minMarkerDistanceRate"":0.01,""minMarkerPerimeterRate"":0.008,""polygonalApproxAccuracyRate"":0.05},""support_rule"":{""maximum_area_ratio"":2.0,""maximum_center_distance_image_diagonal_fraction"":0.01,""minimum_area_image_fraction"":0.0001,""same_marker_id"":true}}",1670.3568220407146,1668.7609491421802,545.2221303399076,959.6141905487639,plumb_bob,True,True,0.28562950179253765,2.767929924266695,-0.017962286681877097,-0.29167175281385704,-0.05917446995593285,-0.5392277778375083,2.554217381972568,2.6111864446371773,506.7069320678711,605.0249786376953,1080,1920,10606.148277942091,0.005114847742063122,0.23999743083214609,-1.6358069039702752,-4.4934225898476364e-05,0.0017468931619849986,3.7166088637899355,0.0,0.0,0.0,454.6526794433594,561.9037475585938,562.3348999023438,550.6331176757812,560.2211303710938,649.1636962890625,449.6190185546875,658.3993530273438,0.7347823400428232,0.7151816372127519,0.7778290701992386,0.9383461704960576,0.2769172999873929,20260810_171451_combined_nfev_160__aruco_mode_high_sensitivity__ref_marker_auto__ref_mode_manual_a0d1273b,accepted,accepted,,
moving,moving_frame_000015,moving_calib_camera,15,/workspaces/project/workspace/temporary_runs/IMG_4388_20260810_151035_queue/dataset/raw_images/moving/frame_000015.png,7,0.17,high_sensitivity,original,1,rigcal_aruco_detector_v2,4.5.4,"{""gamma_passes"":[0.6,0.65],""parameters"":{""adaptiveThreshWinSizeMax"":53,""adaptiveThreshWinSizeMin"":3,""adaptiveThreshWinSizeStep"":4,""cornerRefinementMethod"":""CORNER_REFINE_SUBPIX"",""errorCorrectionRate"":0.8,""minCornerDistanceRate"":0.01,""minDistanceToBorder"":1,""minMarkerDistanceRate"":0.01,""minMarkerPerimeterRate"":0.008,""polygonalApproxAccuracyRate"":0.05},""support_rule"":{""maximum_area_ratio"":2.0,""maximum_center_distance_image_diagonal_fraction"":0.01,""minimum_area_image_fraction"":0.0001,""same_marker_id"":true}}",1670.3568220407146,1668.7609491421802,545.2221303399076,959.6141905487639,plumb_bob,True,True,0.3123225897024206,2.8649487492462224,0.0045639029128643465,0.004738493346598217,-0.2913531965682301,-0.86048927400443,2.553546478957817,2.7103372661027003,352.84827423095703,391.3768844604492,1080,1920,11006.339550366625,0.005307841218348102,0.23999743083214609,-1.6358069039702752,-4.4934225898476364e-05,0.0017468931619849986,3.7166088637899355,0.0,0.0,0.0,299.1479187011719,342.54937744140625,410.4195556640625,342.3272399902344,407.7094421386719,440.88421630859375,294.1161804199219,439.7467041015625,0.6776583332810117,0.7285493269743719,0.7620077623038995,0.6534227300573279,0.2695172778862741,20260810_171451_combined_nfev_160__aruco_mode_high_sensitivity__ref_marker_auto__ref_mode_manual_a0d1273b,accepted,accepted,,
moving,moving_frame_000010,moving_calib_camera,10,/workspaces/project/workspace/temporary_runs/IMG_4388_20260810_151035_queue/dataset/raw_images/moving/frame_000010.png,7,0.17,high_sensitivity,original,1,rigcal_aruco_detector_v2,4.5.4,"{""gamma_passes"":[0.6,0.65],""parameters"":{""adaptiveThreshWinSizeMax"":53,""adaptiveThreshWinSizeMin"":3,""adaptiveThreshWinSizeStep"":4,""cornerRefinementMethod"":""CORNER_REFINE_SUBPIX"",""errorCorrectionRate"":0.8,""minCornerDistanceRate"":0.01,""minDistanceToBorder"":1,""minMarkerDistanceRate"":0.01,""minMarkerPerimeterRate"":0.008,""polygonalApproxAccuracyRate"":0.05},""support_rule"":{""maximum_area_ratio"":2.0,""maximum_center_distance_image_diagonal_fraction"":0.01,""minimum_area_image_fraction"":0.0001,""same_marker_id"":true}}",1670.3568220407146,1668.7609491421802,545.2221303399076,959.6141905487639,plumb_bob,True,True,0.3739928496456836,2.760419899015146,-0.03155422420964334,-0.31090547960245046,-0.0031676030322676826,-0.48284576916062893,2.4842026078190855,2.5306941077894884,543.6027450561523,633.4681854248047,1080,1920,11256.41664488893,0.005428441669024368,0.23999743083214609,-1.6358069039702752,-4.4934225898476364e-05,0.0017468931619849986,3.7166088637899355,0.0,0.0,0.0,489.4065246582031,589.7590942382812,599.939453125,576.7037353515625,599.5542602539062,678.2826538085938,485.5107421875,689.1272583007812,0.7400422770221269,0.7367795918064213,0.7278058253781114,0.9933282498960142,0.2832304270692213,20260810_171451_combined_nfev_160__aruco_mode_high_sensitivity__ref_marker_auto__ref_mode_manual_a0d1273b,accepted,accepted,,
moving,moving_frame_000013,moving_calib_camera,13,/workspaces/project/workspace/temporary_runs/IMG_4388_20260810_151035_queue/dataset/raw_images/moving/frame_000013.png,7,0.17,high_sensitivity,original,1,rigcal_aruco_detector_v2,4.5.4,"{""gamma_passes"":[0.6,0.65],""parameters"":{""adaptiveThreshWinSizeMax"":53,""adaptiveThreshWinSizeMin"":3,""adaptiveThreshWinSizeStep"":4,""cornerRefinementMethod"":""CORNER_REFINE_SUBPIX"",""errorCorrectionRate"":0.8,""minCornerDistanceRate"":0.01,""minDistanceToBorder"":1,""minMarkerDistanceRate"":0.01,""minMarkerPerimeterRate"":0.008,""polygonalApproxAccuracyRate"":0.05},""support_rule"":{""maximum_area_ratio"":2.0,""maximum_center_distance_image_diagonal_fraction"":0.01,""minimum_area_image_fraction"":0.0001,""same_marker_id"":true}}",1670.3568220407146,1668.7609491421802,545.2221303399076,959.6141905487639,plumb_bob,True,True,0.34526530692730456,2.8139412119734595,-0.007267176945419217,-0.1582587231252288,-0.16518079144428255,-0.6750105423849039,2.640075915470246,2.7300045358275464,440.0668258666992,529.2122955322266,1080,1920,10153.59638560377,0.004896603195217868,0.23999743083214609,-1.6358069039702752,-4.4934225898476364e-05,0.0017468931619849986,3.7166088637899355,0.0,0.0,0.0,388.9537353515625,484.841796875,494.60693359375,478.70806884765625,492.7423400878906,574.3309936523438,383.96429443359375,578.9683227539062,0.6927046023566945,0.6997573290232741,0.7433477953014943,0.8149385664198133,0.26809618872973784,20260810_171451_combined_nfev_160__aruco_mode_high_sensitivity__ref_marker_auto__ref_mode_manual_a0d1273b,accepted,accepted,,
moving,moving_frame_000012,moving_calib_camera,12,/workspaces/project/workspace/temporary_runs/IMG_4388_20260810_151035_queue/dataset/raw_images/moving/frame_000012.png,7,0.17,high_sensitivity,original,1,rigcal_aruco_detector_v2,4.5.4,"{""gamma_passes"":[0.6,0.65],""parameters"":{""adaptiveThreshWinSizeMax"":53,""adaptiveThreshWinSizeMin"":3,""adaptiveThreshWinSizeStep"":4,""cornerRefinementMethod"":""CORNER_REFINE_SUBPIX"",""errorCorrectionRate"":0.8,""minCornerDistanceRate"":0.01,""minDistanceToBorder"":1,""minMarkerDistanceRate"":0.01,""minMarkerPerimeterRate"":0.008,""polygonalApproxAccuracyRate"":0.05},""support_rule"":{""maximum_area_ratio"":2.0,""maximum_center_distance_image_diagonal_fraction"":0.01,""minimum_area_image_fraction"":0.0001,""same_marker_id"":true}}",1670.3568220407146,1668.7609491421802,545.2221303399076,959.6141905487639,plumb_bob,True,True,0.3702383351580759,2.7726280925814306,-0.0045649416474112395,-0.26132753886782967,-0.10459684581962228,-0.5874142769124405,2.5985158029464013,2.666135857573308,477.8623809814453,579.6134643554688,1080,1920,10224.225351421162,0.0049306642319739405,0.23999743083214609,-1.6358069039702752,-4.4934225898476364e-05,0.0017468931619849986,3.7166088637899355,0.0,0.0,0.0,427.2397766113281,536.6083374023438,533.17626953125,527.1798095703125,530.0897216796875,623.6531372070312,420.9437561035156,631.0125732421875,0.7040775113280673,0.7021868862328561,0.7298000459785969,0.8849303351508246,0.27276676011180906,20260810_171451_combined_nfev_160__aruco_mode_high_sensitivity__ref_marker_auto__ref_mode_manual_a0d1273b,accepted,accepted,,
moving,moving_frame_000009,moving_calib_camera,9,/workspaces/project/workspace/temporary_runs/IMG_4388_20260810_151035_queue/dataset/raw_images/moving/frame_000009.png,7,0.17,high_sensitivity,original,1,rigcal_aruco_detector_v2,4.5.4,"{""gamma_passes"":[0.6,0.65],""parameters"":{""adaptiveThreshWinSizeMax"":53,""adaptiveThreshWinSizeMin"":3,""adaptiveThreshWinSizeStep"":4,""cornerRefinementMethod"":""CORNER_REFINE_SUBPIX"",""errorCorrectionRate"":0.8,""minCornerDistanceRate"":0.01,""minDistanceToBorder"":1,""minMarkerDistanceRate"":0.01,""minMarkerPerimeterRate"":0.008,""polygonalApproxAccuracyRate"":0.05},""support_rule"":{""maximum_area_ratio"":2.0,""maximum_center_distance_image_diagonal_fraction"":0.01,""minimum_area_image_fraction"":0.0001,""same_marker_id"":true}}",1670.3568220407146,1668.7609491421802,545.2221303399076,959.6141905487639,plumb_bob,True,True,0.47380883327321544,2.7442125768209062,-0.04267442001324349,-0.30871655059507613,0.05472120342944679,-0.424133722587148,2.411948219858399,2.4495669086633454,583.9096069335938,664.8639678955078,1080,1920,11967.655217077583,0.005771438665643124,0.23999743083214609,-1.6358069039702752,-4.4934225898476364e-05,0.0017468931619849986,3.7166088637899355,0.0,0.0,0.0,527.026611328125,620.5405883789062,641.31689453125,606.1382446289062,642.7039794921875,710.57861328125,524.5909423828125,722.1984252929688,0.720160485077496,0.7596998529447747,0.6785140497353903,0.9186859130859375,0.28989146361781537,20260810_171451_combined_nfev_160__aruco_mode_high_sensitivity__ref_marker_auto__ref_mode_manual_a0d1273b,accepted,accepted,,
moving,moving_frame_000008,moving_calib_camera,8,/workspaces/project/workspace/temporary_runs/IMG_4388_20260810_151035_queue/dataset/raw_images/moving/frame_000008.png,7,0.17,high_sensitivity,original,1,rigcal_aruco_detector_v2,4.5.4,"{""gamma_passes"":[0.6,0.65],""parameters"":{""adaptiveThreshWinSizeMax"":53,""adaptiveThreshWinSizeMin"":3,""adaptiveThreshWinSizeStep"":4,""cornerRefinementMethod"":""CORNER_REFINE_SUBPIX"",""errorCorrectionRate"":0.8,""minCornerDistanceRate"":0.01,""minDistanceToBorder"":1,""minMarkerDistanceRate"":0.01,""minMarkerPerimeterRate"":0.008,""polygonalApproxAccuracyRate"":0.05},""support_rule"":{""maximum_area_ratio"":2.0,""maximum_center_distance_image_diagonal_fraction"":0.01,""minimum_area_image_fraction"":0.0001,""same_marker_id"":true}}",1670.3568220407146,1668.7609491421802,545.2221303399076,959.6141905487639,plumb_bob,True,True,0.534775226572363,2.713466170515604,-0.056920646126032745,-0.30626079725903044,0.09278842685565317,-0.3569203231865351,2.344408447032955,2.3732367719596374,612.2664642333984,704.8146209716797,1080,1920,12581.424933193251,0.006067431005590881,0.23999743083214609,-1.6358069039702752,-4.4934225898476364e-05,0.0017468931619849986,3.7166088637899355,0.0,0.0,0.0,552.8981323242188,660.3338012695312,670.4987182617188,644.4832763671875,673.9158935546875,750.7400512695312,551.7531127929688,763.7013549804688,0.7099229868577611,0.7789371608538702,0.6515612075869347,0.8661732143825955,0.2964511736361344,20260810_171451_combined_nfev_160__aruco_mode_high_sensitivity__ref_marker_auto__ref_mode_manual_a0d1273b,accepted,accepted,,
moving,moving_frame_000007,moving_calib_camera,7,/workspaces/project/workspace/temporary_runs/IMG_4388_20260810_151035_queue/dataset/raw_images/moving/frame_000007.png,7,0.17,high_sensitivity,original,1,rigcal_aruco_detector_v2,4.5.4,"{""gamma_passes"":[0.6,0.65],""parameters"":{""adaptiveThreshWinSizeMax"":53,""adaptiveThreshWinSizeMin"":3,""adaptiveThreshWinSizeStep"":4,""cornerRefinementMethod"":""CORNER_REFINE_SUBPIX"",""errorCorrectionRate"":0.8,""minCornerDistanceRate"":0.01,""minDistanceToBorder"":1,""minMarkerDistanceRate"":0.01,""minMarkerPerimeterRate"":0.008,""polygonalApproxAccuracyRate"":0.05},""support_rule"":{""maximum_area_ratio"":2.0,""maximum_center_distance_image_diagonal_fraction"":0.01,""minimum_area_image_fraction"":0.0001,""same_marker_id"":true}}",1670.3568220407146,1668.7609491421802,545.2221303399076,959.6141905487639,plumb_bob,True,True,0.6145129811363762,2.708671550455957,-0.07074924013851097,-0.29588936098800245,0.10688147276158012,-0.32165353572773936,2.2882552726103547,2.313222176725558,624.2240905761719,724.5460510253906,1080,1920,13261.339445833117,0.006395321877813038,0.23999743083214609,-1.6358069039702752,-4.4934225898476364e-05,0.0017468931619849986,3.7166088637899355,0.0,0.0,0.0,562.5753784179688,679.2730102539062,683.0106811523438,662.4320068359375,688.517822265625,771.2510986328125,562.79248046875,785.2280883789062,0.7046855651264906,0.7997075639140246,0.619381827017674,0.844029461895978,0.3018209907638296,20260810_171451_combined_nfev_160__aruco_mode_high_sensitivity__ref_marker_auto__ref_mode_manual_a0d1273b,accepted,accepted,,
moving,moving_frame_000006,moving_calib_camera,6,/workspaces/project/workspace/temporary_runs/IMG_4388_20260810_151035_queue/dataset/raw_images/moving/frame_000006.png,7,0.17,high_sensitivity,original,1,rigcal_aruco_detector_v2,4.5.4,"{""gamma_passes"":[0.6,0.65],""parameters"":{""adaptiveThreshWinSizeMax"":53,""adaptiveThreshWinSizeMin"":3,""adaptiveThreshWinSizeStep"":4,""cornerRefinementMethod"":""CORNER_REFINE_SUBPIX"",""errorCorrectionRate"":0.8,""minCornerDistanceRate"":0.01,""minDistanceToBorder"":1,""minMarkerDistanceRate"":0.01,""minMarkerPerimeterRate"":0.008,""polygonalApproxAccuracyRate"":0.05},""support_rule"":{""maximum_area_ratio"":2.0,""maximum_center_distance_image_diagonal_fraction"":0.01,""minimum_area_image_fraction"":0.0001,""same_marker_id"":true}}",1670.3568220407146,1668.7609491421802,545.2221303399076,959.6141905487639,plumb_bob,True,True,0.6599856175323028,2.6820703248834348,-0.08659450466843341,-0.28504534001027376,0.11559973039526097,-0.2778635291571991,2.2330502081478794,2.2532387069754587,632.6772155761719,751.8124847412109,1080,1920,13805.823425551876,0.00665790095753852,0.23999743083214609,-1.6358069039702752,-4.4934225898476364e-05,0.0017468931619849986,3.7166088637899355,0.0,0.0,0.0,568.7182006835938,706.5811157226562,691.9984130859375,688.2958984375,699.5906982421875,798.4978637695312,570.4015502929688,813.8750610351562,0.7035220083087133,0.8159596164969515,0.6024148579591776,0.8283755267107928,0.3073859898002079,20260810_171451_combined_nfev_160__aruco_mode_high_sensitivity__ref_marker_auto__ref_mode_manual_a0d1273b,accepted,accepted,,
moving,moving_frame_000005,moving_calib_camera,5,/workspaces/project/workspace/temporary_runs/IMG_4388_20260810_151035_queue/dataset/raw_images/moving/frame_000005.png,7,0.17,high_sensitivity,original,1,rigcal_aruco_detector_v2,4.5.4,"{""gamma_passes"":[0.6,0.65],""parameters"":{""adaptiveThreshWinSizeMax"":53,""adaptiveThreshWinSizeMin"":3,""adaptiveThreshWinSizeStep"":4,""cornerRefinementMethod"":""CORNER_REFINE_SUBPIX"",""errorCorrectionRate"":0.8,""minCornerDistanceRate"":0.01,""minDistanceToBorder"":1,""minMarkerDistanceRate"":0.01,""minMarkerPerimeterRate"":0.008,""polygonalApproxAccuracyRate"":0.05},""support_rule"":{""maximum_area_ratio"":2.0,""maximum_center_distance_image_diagonal_fraction"":0.01,""minimum_area_image_fraction"":0.0001,""same_marker_id"":true}}",1670.3568220407146,1668.7609491421802,545.2221303399076,959.6141905487639,plumb_bob,True,True,0.7670850414285514,2.6695869593851245,-0.10284737119149974,-0.2839893655144278,0.11023170776375955,-0.2460272634414619,2.1605261424207267,2.177281253268947,631.4220886230469,769.6656951904297,1080,1920,14693.65420443751,0.007086060090874571,0.23999743083214609,-1.6358069039702752,-4.4934225898476364e-05,0.0017468931619849986,3.7166088637899355,0.0,0.0,0.0,564.9230346679688,723.7457275390625,691.6954956054688,703.6915893554688,701.425048828125,816.9267578125,567.644775390625,834.2987060546875,0.704099488385739,0.8417873894799429,0.565903720848419,0.8306998358832465,0.31473449162586714,20260810_171451_combined_nfev_160__aruco_mode_high_sensitivity__ref_marker_auto__ref_mode_manual_a0d1273b,accepted,accepted,,
moving,moving_frame_000000,moving_calib_camera,0,/workspaces/project/workspace/temporary_runs/IMG_4388_20260810_151035_queue/dataset/raw_images/moving/frame_000000.png,7,0.17,high_sensitivity,original,1,rigcal_aruco_detector_v2,4.5.4,"{""gamma_passes"":[0.6,0.65],""parameters"":{""adaptiveThreshWinSizeMax"":53,""adaptiveThreshWinSizeMin"":3,""adaptiveThreshWinSizeStep"":4,""cornerRefinementMethod"":""CORNER_REFINE_SUBPIX"",""errorCorrectionRate"":0.8,""minCornerDistanceRate"":0.01,""minDistanceToBorder"":1,""minMarkerDistanceRate"":0.01,""minMarkerPerimeterRate"":0.008,""polygonalApproxAccuracyRate"":0.05},""support_rule"":{""maximum_area_ratio"":2.0,""maximum_center_distance_image_diagonal_fraction"":0.01,""minimum_area_image_fraction"":0.0001,""same_marker_id"":true}}",1670.3568220407146,1668.7609491421802,545.2221303399076,959.6141905487639,plumb_bob,True,True,0.9862807376290641,2.6183759238136846,-0.15449071680234613,-0.25503783422637416,0.12761000419109145,-0.18241869606450709,2.0846086618742214,2.096462298016484,648.4718780517578,814.1030120849609,1080,1920,15542.81000030227,0.007495568094281573,0.23999743083214609,-1.6358069039702752,-4.4934225898476364e-05,0.0017468931619849986,3.7166088637899355,0.0,0.0,0.0,576.933349609375,769.9417114257812,707.4898071289062,745.3253173828125,724.4796142578125,859.467529296875,584.9847412109375,881.677490234375,0.6894639971619541,0.865769489776671,0.5034535053658407,0.7991261517560041,0.32294919290332547,20260810_171451_combined_nfev_160__aruco_mode_high_sensitivity__ref_marker_auto__ref_mode_manual_a0d1273b,accepted,accepted,,
moving,moving_frame_000002,moving_calib_camera,2,/workspaces/project/workspace/temporary_runs/IMG_4388_20260810_151035_queue/dataset/raw_images/moving/frame_000002.png,7,0.17,high_sensitivity,original,1,rigcal_aruco_detector_v2,4.5.4,"{""gamma_passes"":[0.6,0.65],""parameters"":{""adaptiveThreshWinSizeMax"":53,""adaptiveThreshWinSizeMin"":3,""adaptiveThreshWinSizeStep"":4,""cornerRefinementMethod"":""CORNER_REFINE_SUBPIX"",""errorCorrectionRate"":0.8,""minCornerDistanceRate"":0.01,""minDistanceToBorder"":1,""minMarkerDistanceRate"":0.01,""minMarkerPerimeterRate"":0.008,""polygonalApproxAccuracyRate"":0.05},""support_rule"":{""maximum_area_ratio"":2.0,""maximum_center_distance_image_diagonal_fraction"":0.01,""minimum_area_image_fraction"":0.0001,""same_marker_id"":true}}",1670.3568220407146,1668.7609491421802,545.2221303399076,959.6141905487639,plumb_bob,True,True,1.0157355837460835,2.6284918297478645,-0.14299155194506163,-0.2725367133343822,0.10668633820004618,-0.1977242416053331,2.0602705696708927,2.072484419900175,632.6950988769531,799.9171905517578,1080,1920,15885.44120609574,0.007660803050779196,0.23999743083214609,-1.6358069039702752,-4.4934225898476364e-05,0.0017468931619849986,3.7166088637899355,0.0,0.0,0.0,561.554931640625,754.7374877929688,693.2979736328125,730.3140869140625,708.3593139648438,846.3338623046875,567.5681762695312,868.2833251953125,0.697148531263331,0.875260135661347,0.49609681352232704,0.8283424094871238,0.32546951044669253,20260810_171451_combined_nfev_160__aruco_mode_high_sensitivity__ref_marker_auto__ref_mode_manual_a0d1273b,accepted,accepted,,
moving,moving_frame_000236,moving_calib_camera,236,/workspaces/project/workspace/temporary_runs/IMG_4388_20260810_151035_queue/dataset/raw_images/moving/frame_000236.png,7,0.17,high_sensitivity,original,1,rigcal_aruco_detector_v2,4.5.4,"{""gamma_passes"":[0.6,0.65],""parameters"":{""adaptiveThreshWinSizeMax"":53,""adaptiveThreshWinSizeMin"":3,""adaptiveThreshWinSizeStep"":4,""cornerRefinementMethod"":""CORNER_REFINE_SUBPIX"",""errorCorrectionRate"":0.8,""minCornerDistanceRate"":0.01,""minDistanceToBorder"":1,""minMarkerDistanceRate"":0.01,""minMarkerPerimeterRate"":0.008,""polygonalApproxAccuracyRate"":0.05},""support_rule"":{""maximum_area_ratio"":2.0,""maximum_center_distance_image_diagonal_fraction"":0.01,""minimum_area_image_fraction"":0.0001,""same_marker_id"":true}}",1670.3568220407146,1668.7609491421802,545.2221303399076,959.6141905487639,plumb_bob,True,True,0.3753650877485439,2.7926102415445637,-0.004769658254911201,1.2563780482977505,-0.23717725959356856,-1.384506902234957,4.446335752384501,4.662940492622353,455.0981903076172,434.1151809692383,1080,1920,2835.910138087347,0.0013676264169016914,0.23999743083214609,-1.6358069039702752,-4.4934225898476364e-05,0.0017468931619849986,3.7166088637899355,0.0,0.0,0.0,431.2515563964844,393.2518615722656,476.9149475097656,411.7887268066406,478.7067565917969,473.4405822753906,433.5195007324219,457.97955322265625,0.5444917067320486,0.36981433407883085,0.7270796742681522,0.8039170017948857,0.1765867046109339,20260810_171451_combined_nfev_160__aruco_mode_high_sensitivity__ref_marker_auto__ref_mode_manual_a0d1273b,accepted,accepted,,
moving,moving_frame_000237,moving_calib_camera,237,/workspaces/project/workspace/temporary_runs/IMG_4388_20260810_151035_queue/dataset/raw_images/moving/frame_000237.png,7,0.17,high_sensitivity,original,1,rigcal_aruco_detector_v2,4.5.4,"{""gamma_passes"":[0.6,0.65],""parameters"":{""adaptiveThreshWinSizeMax"":53,""adaptiveThreshWinSizeMin"":3,""adaptiveThreshWinSizeStep"":4,""cornerRefinementMethod"":""CORNER_REFINE_SUBPIX"",""errorCorrectionRate"":0.8,""minCornerDistanceRate"":0.01,""minDistanceToBorder"":1,""minMarkerDistanceRate"":0.01,""minMarkerPerimeterRate"":0.008,""polygonalApproxAccuracyRate"":0.05},""support_rule"":{""maximum_area_ratio"":2.0,""maximum_center_distance_image_diagonal_fraction"":0.01,""minimum_area_image_fraction"":0.0001,""same_marker_id"":true}}",1670.3568220407146,1668.7609491421802,545.2221303399076,959.6141905487639,plumb_bob,True,True,0.3494216071045465,2.6849424910419395,-0.06138054642706713,1.5391418453615813,-0.4522748023181628,-1.4139372785829982,4.3374016677440395,4.584411014724509,369.10015869140625,409.35022735595703,1080,1920,2524.775975669734,0.0012175810067851728,0.23999743083214609,-1.6358069039702752,-4.4934225898476364e-05,0.0017468931619849986,3.7166088637899355,0.0,0.0,0.0,347.88983154296875,366.8358459472656,386.7190246582031,386.12042236328125,390.8590087890625,450.4223327636719,350.9327697753906,434.0223083496094,0.5165036393101259,0.3489385342413722,0.741058239126391,0.683518812391493,0.17906991397361036,20260810_171451_combined_nfev_160__aruco_mode_high_sensitivity__ref_marker_auto__ref_mode_manual_a0d1273b,accepted,accepted,,
moving,moving_frame_000232,moving_calib_camera,232,/workspaces/project/workspace/temporary_runs/IMG_4388_20260810_151035_queue/dataset/raw_images/moving/frame_000232.png,7,0.17,high_sensitivity,original,1,rigcal_aruco_detector_v2,4.5.4,"{""gamma_passes"":[0.6,0.65],""parameters"":{""adaptiveThreshWinSizeMax"":53,""adaptiveThreshWinSizeMin"":3,""adaptiveThreshWinSizeStep"":4,""cornerRefinementMethod"":""CORNER_REFINE_SUBPIX"",""errorCorrectionRate"":0.8,""minCornerDistanceRate"":0.01,""minDistanceToBorder"":1,""minMarkerDistanceRate"":0.01,""minMarkerPerimeterRate"":0.008,""polygonalApproxAccuracyRate"":0.05},""support_rule"":{""maximum_area_ratio"":2.0,""maximum_center_distance_image_diagonal_fraction"":0.01,""minimum_area_image_fraction"":0.0001,""same_marker_id"":true}}",1670.3568220407146,1668.7609491421802,545.2221303399076,959.6141905487639,plumb_bob,True,True,0.9660452187602202,2.9119673763031524,-0.05294850581393159,1.0069684694769083,-0.13358250841055347,-1.7043452545502518,4.766595202815771,5.063898385707156,497.97926330566406,355.9433288574219,1080,1920,2823.3206335706636,0.0013615550894920253,0.23999743083214609,-1.6358069039702752,-4.4934225898476364e-05,0.0017468931619849986,3.7166088637899355,0.0,0.0,0.0,472.5098876953125,318.9030456542969,520.503662109375,333.8534851074219,523.8217163085938,390.467041015625,475.081787109375,380.54974365234375,0.4485095178941866,0.3689925594767495,0.508635300174121,0.6591543126989294,0.16491041511464619,20260810_171451_combined_nfev_160__aruco_mode_high_sensitivity__ref_marker_auto__ref_mode_manual_a0d1273b,accepted,accepted,,
moving,moving_frame_000233,moving_calib_camera,233,/workspaces/project/workspace/temporary_runs/IMG_4388_20260810_151035_queue/dataset/raw_images/moving/frame_000233.png,7,0.17,high_sensitivity,original,1,rigcal_aruco_detector_v2,4.5.4,"{""gamma_passes"":[0.6,0.65],""parameters"":{""adaptiveThreshWinSizeMax"":53,""adaptiveThreshWinSizeMin"":3,""adaptiveThreshWinSizeStep"":4,""cornerRefinementMethod"":""CORNER_REFINE_SUBPIX"",""errorCorrectionRate"":0.8,""minCornerDistanceRate"":0.01,""minDistanceToBorder"":1,""minMarkerDistanceRate"":0.01,""minMarkerPerimeterRate"":0.008,""polygonalApproxAccuracyRate"":0.05},""support_rule"":{""maximum_area_ratio"":2.0,""maximum_center_distance_image_diagonal_fraction"":0.01,""minimum_area_image_fraction"":0.0001,""same_marker_id"":true}}",1670.3568220407146,1668.7609491421802,545.2221303399076,959.6141905487639,plumb_bob,True,True,0.9855531844702764,2.936087072286605,0.006371791328534466,1.107921983227401,-0.12597910465461878,-1.5921959936223877,4.81390042242574,5.071942043630574,501.0647735595703,401.2680969238281,1080,1920,2733.0013685300946,0.0013179983451630471,0.23999743083214609,-1.6358069039702752,-4.4934225898476364e-05,0.0017468931619849986,3.7166088637899355,0.0,0.0,0.0,477.3907470703125,363.9498291015625,524.8895874023438,378.9057922363281,523.0,437.0,478.978759765625,425.2167663574219,0.4613953915543153,0.36304246930118894,0.5036379825135678,0.7430890683774595,0.16469195404277504,20260810_171451_combined_nfev_160__aruco_mode_high_sensitivity__ref_marker_auto__ref_mode_manual_a0d1273b,accepted,accepted,,
moving,moving_frame_000239,moving_calib_camera,239,/workspaces/project/workspace/temporary_runs/IMG_4388_20260810_151035_queue/dataset/raw_images/moving/frame_000239.png,7,0.17,high_sensitivity,gamma_consensus,2,rigcal_aruco_detector_v2,4.5.4,"{""gamma_passes"":[0.6,0.65],""parameters"":{""adaptiveThreshWinSizeMax"":53,""adaptiveThreshWinSizeMin"":3,""adaptiveThreshWinSizeStep"":4,""cornerRefinementMethod"":""CORNER_REFINE_SUBPIX"",""errorCorrectionRate"":0.8,""minCornerDistanceRate"":0.01,""minDistanceToBorder"":1,""minMarkerDistanceRate"":0.01,""minMarkerPerimeterRate"":0.008,""polygonalApproxAccuracyRate"":0.05},""support_rule"":{""maximum_area_ratio"":2.0,""maximum_center_distance_image_diagonal_fraction"":0.01,""minimum_area_image_fraction"":0.0001,""same_marker_id"":true}}",1670.3568220407146,1668.7609491421802,545.2221303399076,959.6141905487639,plumb_bob,True,True,0.5114136410546536,2.5081693486594263,-0.12571946527362168,1.8130605235778965,-1.080226822102116,-1.5346134085410739,3.668290228128574,4.120471028735244,44.95369780063629,248.8265838623047,1080,1920,3733.6529309290636,0.001800565649560698,0.23999743083214609,-1.6358069039702752,-4.4934225898476364e-05,0.0017468931619849986,3.7166088637899355,0.0,0.0,0.0,14.269309520721436,189.3185577392578,65.0,225.0,73.73660278320312,304.19175720214844,26.808878898620605,276.7960205078125,0.40440093481320866,0.4243307259156115,0.6616322446992123,0.08324758851969684,0.1952945333326102,20260810_171451_combined_nfev_160__aruco_mode_high_sensitivity__ref_marker_auto__ref_mode_manual_a0d1273b,accepted,accepted,,
static,camera_front_narrow,camera_front_narrow,static,/workspaces/project/workspace/temporary_runs/IMG_4388_20260810_151035_queue/dataset/raw_images/static/camera_front_narrow.png,9,0.17,high_sensitivity,original,1,rigcal_aruco_detector_v2,4.5.4,"{""gamma_passes"":[0.6,0.65],""parameters"":{""adaptiveThreshWinSizeMax"":53,""adaptiveThreshWinSizeMin"":3,""adaptiveThreshWinSizeStep"":4,""cornerRefinementMethod"":""CORNER_REFINE_SUBPIX"",""errorCorrectionRate"":0.8,""minCornerDistanceRate"":0.01,""minDistanceToBorder"":1,""minMarkerDistanceRate"":0.01,""minMarkerPerimeterRate"":0.008,""polygonalApproxAccuracyRate"":0.05},""support_rule"":{""maximum_area_ratio"":2.0,""maximum_center_distance_image_diagonal_fraction"":0.01,""minimum_area_image_fraction"":0.0001,""same_marker_id"":true}}",2038.1620816869136,2037.4550775227926,968.0,608.0,plumb_bob,True,True,0.18386205071653408,3.0955908525624283,-0.007001252921890505,0.06999933286302965,-0.524788054869417,0.22247160466433696,1.8401832858860008,1.9264398882575469,386.55116271972656,854.5196380615234,1936,1216,36018.37695332337,0.015299780880156526,0.0,0.0,0.0,0.0,0.0,0.0,0.0,0.0,292.344482421875,760.561279296875,482.1388854980469,759.4210205078125,481.4917907714844,947.9260864257812,290.2294921875,950.170166015625,0.8064871297802502,1.0,0.8446930108070857,0.5945400689777575,0.3417121274257294,20260810_171451_combined_nfev_160__aruco_mode_high_sensitivity__ref_marker_auto__ref_mode_manual_a0d1273b,accepted,accepted,,
moving,moving_frame_000004,moving_calib_camera,4,/workspaces/project/workspace/temporary_runs/IMG_4388_20260810_151035_queue/dataset/raw_images/moving/frame_000004.png,9,0.17,high_sensitivity,original,1,rigcal_aruco_detector_v2,4.5.4,"{""gamma_passes"":[0.6,0.65],""parameters"":{""adaptiveThreshWinSizeMax"":53,""adaptiveThreshWinSizeMin"":3,""adaptiveThreshWinSizeStep"":4,""cornerRefinementMethod"":""CORNER_REFINE_SUBPIX"",""errorCorrectionRate"":0.8,""minCornerDistanceRate"":0.01,""minDistanceToBorder"":1,""minMarkerDistanceRate"":0.01,""minMarkerPerimeterRate"":0.008,""polygonalApproxAccuracyRate"":0.05},""support_rule"":{""maximum_area_ratio"":2.0,""maximum_center_distance_image_diagonal_fraction"":0.01,""minimum_area_image_fraction"":0.0001,""same_marker_id"":true}}",1670.3568220407146,1668.7609491421802,545.2221303399076,959.6141905487639,plumb_bob,True,True,0.8711627918693833,2.6542361288211933,-0.00643852568904364,-0.3920852915026856,-0.1403524288421245,-0.21203493878797136,2.22940180204807,2.243856059225699,440.29515838623047,801.2140045166016,1080,1920,13069.232869151048,0.006302677888286578,0.23999743083214609,-1.6358069039702752,-4.4934225898476364e-05,0.0017468931619849986,3.7166088637899355,0.0,0.0,0.0,387.130126953125,753.317626953125,504.37890625,739.6063232421875,496.7435607910156,850.9588623046875,372.92803955078125,860.9732055664062,0.6717855291592962,0.7938940665029924,0.5344270441595041,0.8153614044189453,0.308275084264589,20260810_171451_combined_nfev_160__aruco_mode_high_sensitivity__ref_marker_auto__ref_mode_manual_a0d1273b,accepted,accepted,,
moving,moving_frame_000001,moving_calib_camera,1,/workspaces/project/workspace/temporary_runs/IMG_4388_20260810_151035_queue/dataset/raw_images/moving/frame_000001.png,9,0.17,high_sensitivity,original,1,rigcal_aruco_detector_v2,4.5.4,"{""gamma_passes"":[0.6,0.65],""parameters"":{""adaptiveThreshWinSizeMax"":53,""adaptiveThreshWinSizeMin"":3,""adaptiveThreshWinSizeStep"":4,""cornerRefinementMethod"":""CORNER_REFINE_SUBPIX"",""errorCorrectionRate"":0.8,""minCornerDistanceRate"":0.01,""minDistanceToBorder"":1,""minMarkerDistanceRate"":0.01,""minMarkerPerimeterRate"":0.008,""polygonalApproxAccuracyRate"":0.05},""support_rule"":{""maximum_area_ratio"":2.0,""maximum_center_distance_image_diagonal_fraction"":0.01,""minimum_area_image_fraction"":0.0001,""same_marker_id"":true}}",1670.3568220407146,1668.7609491421802,545.2221303399076,959.6141905487639,plumb_bob,True,True,0.9405880009534763,2.629092484026023,-0.03752422399767419,-0.3763961230369991,-0.1326335833748995,-0.17486798720620148,2.1897414285638885,2.2007130672483033,444.3366394042969,826.8921661376953,1080,1920,13458.414095488377,0.006490361735864379,0.23999743083214609,-1.6358069039702752,-4.4934225898476364e-05,0.0017468931619849986,3.7166088637899355,0.0,0.0,0.0,388.88153076171875,779.832275390625,508.34857177734375,763.6712036132812,503.4811096191406,875.6943359375,376.6353454589844,888.370849609375,0.6726556084006148,0.805627813314832,0.5153077312178919,0.8228456285264757,0.31243038004019325,20260810_171451_combined_nfev_160__aruco_mode_high_sensitivity__ref_marker_auto__ref_mode_manual_a0d1273b,accepted,accepted,,
moving,moving_frame_000003,moving_calib_camera,3,/workspaces/project/workspace/temporary_runs/IMG_4388_20260810_151035_queue/dataset/raw_images/moving/frame_000003.png,9,0.17,high_sensitivity,original,1,rigcal_aruco_detector_v2,4.5.4,"{""gamma_passes"":[0.6,0.65],""parameters"":{""adaptiveThreshWinSizeMax"":53,""adaptiveThreshWinSizeMin"":3,""adaptiveThreshWinSizeStep"":4,""cornerRefinementMethod"":""CORNER_REFINE_SUBPIX"",""errorCorrectionRate"":0.8,""minCornerDistanceRate"":0.01,""minDistanceToBorder"":1,""minMarkerDistanceRate"":0.01,""minMarkerPerimeterRate"":0.008,""polygonalApproxAccuracyRate"":0.05},""support_rule"":{""maximum_area_ratio"":2.0,""maximum_center_distance_image_diagonal_fraction"":0.01,""minimum_area_image_fraction"":0.0001,""same_marker_id"":true}}",1670.3568220407146,1668.7609491421802,545.2221303399076,959.6141905487639,plumb_bob,True,True,0.9440745007495825,2.642247115325702,-0.02082165637967352,-0.38499020569971365,-0.1448853572163371,-0.19192905114553532,2.1980283628513466,2.211143869427836,435.35303497314453,814.3293304443359,1080,1920,13389.769637732767,0.006457257734246126,0.23999743083214609,-1.6358069039702752,-4.4934225898476364e-05,0.0017468931619849986,3.7166088637899355,0.0,0.0,0.0,381.0509338378906,766.5020141601562,499.7983093261719,751.6294555664062,493.25262451171875,863.9500122070312,367.3102722167969,875.23583984375,0.6681267453847941,0.8035706399717529,0.514383579237538,0.8062093240243418,0.3114155081996313,20260810_171451_combined_nfev_160__aruco_mode_high_sensitivity__ref_marker_auto__ref_mode_manual_a0d1273b,accepted,accepted,,
moving,moving_frame_000230,moving_calib_camera,230,/workspaces/project/workspace/temporary_runs/IMG_4388_20260810_151035_queue/dataset/raw_images/moving/frame_000230.png,9,0.17,high_sensitivity,original,1,rigcal_aruco_detector_v2,4.5.4,"{""gamma_passes"":[0.6,0.65],""parameters"":{""adaptiveThreshWinSizeMax"":53,""adaptiveThreshWinSizeMin"":3,""adaptiveThreshWinSizeStep"":4,""cornerRefinementMethod"":""CORNER_REFINE_SUBPIX"",""errorCorrectionRate"":0.8,""minCornerDistanceRate"":0.01,""minDistanceToBorder"":1,""minMarkerDistanceRate"":0.01,""minMarkerPerimeterRate"":0.008,""polygonalApproxAccuracyRate"":0.05},""support_rule"":{""maximum_area_ratio"":2.0,""maximum_center_distance_image_diagonal_fraction"":0.01,""minimum_area_image_fraction"":0.0001,""same_marker_id"":true}}",1670.3568220407146,1668.7609491421802,545.2221303399076,959.6141905487639,plumb_bob,True,True,0.22655682453150752,-2.924032321134678,0.05851764178357587,-1.1310391604611614,-0.46558625133601056,-1.9408180987876995,4.491032665145797,4.91456202010124,370.2013244628906,229.56930923461914,1080,1920,3337.4957118784077,0.0016095176079660531,0.23999743083214609,-1.6358069039702752,-4.4934225898476364e-05,0.0017468931619849986,3.7166088637899355,0.0,0.0,0.0,342.89068603515625,188.30511474609375,395.19671630859375,205.6573028564453,397.0,270.0,345.7178955078125,254.3148193359375,0.5069953865595279,0.4011879370028532,0.8152903966613675,0.4251283504344799,0.16907422673080413,20260810_171451_combined_nfev_160__aruco_mode_high_sensitivity__ref_marker_auto__ref_mode_manual_a0d1273b,accepted,accepted,,
moving,moving_frame_000235,moving_calib_camera,235,/workspaces/project/workspace/temporary_runs/IMG_4388_20260810_151035_queue/dataset/raw_images/moving/frame_000235.png,9,0.17,high_sensitivity,original,1,rigcal_aruco_detector_v2,4.5.4,"{""gamma_passes"":[0.6,0.65],""parameters"":{""adaptiveThreshWinSizeMax"":53,""adaptiveThreshWinSizeMin"":3,""adaptiveThreshWinSizeStep"":4,""cornerRefinementMethod"":""CORNER_REFINE_SUBPIX"",""errorCorrectionRate"":0.8,""minCornerDistanceRate"":0.01,""minDistanceToBorder"":1,""minMarkerDistanceRate"":0.01,""minMarkerPerimeterRate"":0.008,""polygonalApproxAccuracyRate"":0.05},""support_rule"":{""maximum_area_ratio"":2.0,""maximum_center_distance_image_diagonal_fraction"":0.01,""minimum_area_image_fraction"":0.0001,""same_marker_id"":true}}",1670.3568220407146,1668.7609491421802,545.2221303399076,959.6141905487639,plumb_bob,True,True,0.28140320724350737,2.791535480967383,0.05975624959380587,1.215732469819071,-0.329265556478275,-1.4075878721129873,4.256546410239544,4.495320541065527,414.5245666503906,401.4273910522461,1080,1920,3236.485922088381,0.0015608053250812022,0.23999743083214609,-1.6358069039702752,-4.4934225898476364e-05,0.0017468931619849986,3.7166088637899355,0.0,0.0,0.0,389.806640625,357.6620178222656,439.64990234375,380.2900695800781,439.1324768066406,443.8313903808594,389.5092468261719,423.92608642578125,0.5590205738030258,0.39507028806039085,0.7803944881261471,0.7433840575041595,0.18197300640193462,20260810_171451_combined_nfev_160__aruco_mode_high_sensitivity__ref_marker_auto__ref_mode_manual_a0d1273b,accepted,accepted,,
moving,moving_frame_000234,moving_calib_camera,234,/workspaces/project/workspace/temporary_runs/IMG_4388_20260810_151035_queue/dataset/raw_images/moving/frame_000234.png,9,0.17,high_sensitivity,original,1,rigcal_aruco_detector_v2,4.5.4,"{""gamma_passes"":[0.6,0.65],""parameters"":{""adaptiveThreshWinSizeMax"":53,""adaptiveThreshWinSizeMin"":3,""adaptiveThreshWinSizeStep"":4,""cornerRefinementMethod"":""CORNER_REFINE_SUBPIX"",""errorCorrectionRate"":0.8,""minCornerDistanceRate"":0.01,""minDistanceToBorder"":1,""minMarkerDistanceRate"":0.01,""minMarkerPerimeterRate"":0.008,""polygonalApproxAccuracyRate"":0.05},""support_rule"":{""maximum_area_ratio"":2.0,""maximum_center_distance_image_diagonal_fraction"":0.01,""minimum_area_image_fraction"":0.0001,""same_marker_id"":true}}",1670.3568220407146,1668.7609491421802,545.2221303399076,959.6141905487639,plumb_bob,True,True,0.3448310515095887,2.8288827084213892,0.04245863675203787,1.1741822126887238,-0.3221312675327857,-1.448966016880068,4.336120116630396,4.583143979567123,419.71785736083984,395.5516891479492,1080,1920,3229.64903198462,0.0015575082137271508,0.23999743083214609,-1.6358069039702752,-4.4934225898476364e-05,0.0017468931619849986,3.7166088637899355,0.0,0.0,0.0,394.3835754394531,353.3314514160156,445.19561767578125,373.5122375488281,444.4563293457031,436.8940124511719,394.8359069824219,418.46905517578125,0.545349143407648,0.3946527858418271,0.7435878275397405,0.7325031280517578,0.17911055198643341,20260810_171451_combined_nfev_160__aruco_mode_high_sensitivity__ref_marker_auto__ref_mode_manual_a0d1273b,accepted,accepted,,
moving,moving_frame_000231,moving_calib_camera,231,/workspaces/project/workspace/temporary_runs/IMG_4388_20260810_151035_queue/dataset/raw_images/moving/frame_000231.png,9,0.17,high_sensitivity,original,1,rigcal_aruco_detector_v2,4.5.4,"{""gamma_passes"":[0.6,0.65],""parameters"":{""adaptiveThreshWinSizeMax"":53,""adaptiveThreshWinSizeMin"":3,""adaptiveThreshWinSizeStep"":4,""cornerRefinementMethod"":""CORNER_REFINE_SUBPIX"",""errorCorrectionRate"":0.8,""minCornerDistanceRate"":0.01,""minDistanceToBorder"":1,""minMarkerDistanceRate"":0.01,""minMarkerPerimeterRate"":0.008,""polygonalApproxAccuracyRate"":0.05},""support_rule"":{""maximum_area_ratio"":2.0,""maximum_center_distance_image_diagonal_fraction"":0.01,""minimum_area_image_fraction"":0.0001,""same_marker_id"":true}}",1670.3568220407146,1668.7609491421802,545.2221303399076,959.6141905487639,plumb_bob,True,True,0.3714723565192844,-2.8933459720505117,0.035442072484557004,-1.1786048491400989,-0.3666151036957573,-1.7854368885768686,4.396360387061071,4.759220122065029,404.47119903564453,273.87128829956055,1080,1920,3320.992178504821,0.0016015587280598094,0.23999743083214609,-1.6358069039702752,-4.4934225898476364e-05,0.0017468931619849986,3.7166088637899355,0.0,0.0,0.0,378.3675231933594,231.7101287841797,429.5208740234375,249.923095703125,429.92376708984375,314.5921325683594,380.0726318359375,299.2597961425781,0.49761820623029046,0.4001947935768042,0.7291433875765027,0.5071690524065936,0.17363462045299277,20260810_171451_combined_nfev_160__aruco_mode_high_sensitivity__ref_marker_auto__ref_mode_manual_a0d1273b,accepted,accepted,,
moving,moving_frame_000003,moving_calib_camera,3,/workspaces/project/workspace/temporary_runs/IMG_4388_20260810_151035_queue/dataset/raw_images/moving/frame_000003.png,17,0.17,high_sensitivity,gamma_consensus,2,rigcal_aruco_detector_v2,4.5.4,"{""gamma_passes"":[0.6,0.65],""parameters"":{""adaptiveThreshWinSizeMax"":53,""adaptiveThreshWinSizeMin"":3,""adaptiveThreshWinSizeStep"":4,""cornerRefinementMethod"":""CORNER_REFINE_SUBPIX"",""errorCorrectionRate"":0.8,""minCornerDistanceRate"":0.01,""minDistanceToBorder"":1,""minMarkerDistanceRate"":0.01,""minMarkerPerimeterRate"":0.008,""polygonalApproxAccuracyRate"":0.05},""support_rule"":{""maximum_area_ratio"":2.0,""maximum_center_distance_image_diagonal_fraction"":0.01,""minimum_area_image_fraction"":0.0001,""same_marker_id"":true}}",1670.3568220407146,1668.7609491421802,545.2221303399076,959.6141905487639,plumb_bob,True,True,0.019575598079280557,-0.34042438257283913,2.0906048421833177,-0.47457438102042643,1.7022673203535683,4.742209565277674,9.377688089320944,10.645529554303378,856.2626342773438,1823.1286010742188,1080,1920,472.77862755954266,0.0002279989523338844,0.23999743083214609,-1.6358069039702752,-4.4934225898476364e-05,0.0017468931619849986,3.7166088637899355,0.0,0.0,0.0,863.6438598632812,1843.3255615234375,851.2085876464844,1841.5033569335938,848.9417114257812,1802.8009033203125,861.2563781738281,1804.8845825195312,0.39910389324004064,0.1509963417880991,0.9808002485385507,0.1793914794921875,0.08586986064798312,20260810_171451_combined_nfev_160__aruco_mode_high_sensitivity__ref_marker_auto__ref_mode_manual_a0d1273b,accepted,accepted,,
moving,moving_frame_000132,moving_calib_camera,132,/workspaces/project/workspace/temporary_runs/IMG_4388_20260810_151035_queue/dataset/raw_images/moving/frame_000132.png,17,0.17,high_sensitivity,original,1,rigcal_aruco_detector_v2,4.5.4,"{""gamma_passes"":[0.6,0.65],""parameters"":{""adaptiveThreshWinSizeMax"":53,""adaptiveThreshWinSizeMin"":3,""adaptiveThreshWinSizeStep"":4,""cornerRefinementMethod"":""CORNER_REFINE_SUBPIX"",""errorCorrectionRate"":0.8,""minCornerDistanceRate"":0.01,""minDistanceToBorder"":1,""minMarkerDistanceRate"":0.01,""minMarkerPerimeterRate"":0.008,""polygonalApproxAccuracyRate"":0.05},""support_rule"":{""maximum_area_ratio"":2.0,""maximum_center_distance_image_diagonal_fraction"":0.01,""minimum_area_image_fraction"":0.0001,""same_marker_id"":true}}",1670.3568220407146,1668.7609491421802,545.2221303399076,959.6141905487639,plumb_bob,True,True,0.02367374826271948,1.0427783606650534,-2.522550931680793,1.013364441408809,0.08989336726885408,-0.1408081495462534,3.8158306192208404,3.8194857071392314,584.5984954833984,898.3829803466797,1080,1920,3931.048304291442,0.0018957601776096846,0.23999743083214609,-1.6358069039702752,-4.4934225898476364e-05,0.0017468931619849986,3.7166088637899355,0.0,0.0,0.0,586.5413818359375,936.1962890625,532.0,897.0,582.7555541992188,861.3155517578125,637.0970458984375,899.0200805664062,0.6714545744212643,0.4354032817526396,0.9768737370642784,0.9174101935492621,0.20749101891072602,20260810_171451_combined_nfev_160__aruco_mode_high_sensitivity__ref_marker_auto__ref_mode_manual_a0d1273b,accepted,accepted,,
moving,moving_frame_000145,moving_calib_camera,145,/workspaces/project/workspace/temporary_runs/IMG_4388_20260810_151035_queue/dataset/raw_images/moving/frame_000145.png,17,0.17,high_sensitivity,original,1,rigcal_aruco_detector_v2,4.5.4,"{""gamma_passes"":[0.6,0.65],""parameters"":{""adaptiveThreshWinSizeMax"":53,""adaptiveThreshWinSizeMin"":3,""adaptiveThreshWinSizeStep"":4,""cornerRefinementMethod"":""CORNER_REFINE_SUBPIX"",""errorCorrectionRate"":0.8,""minCornerDistanceRate"":0.01,""minDistanceToBorder"":1,""minMarkerDistanceRate"":0.01,""minMarkerPerimeterRate"":0.008,""polygonalApproxAccuracyRate"":0.05},""support_rule"":{""maximum_area_ratio"":2.0,""maximum_center_distance_image_diagonal_fraction"":0.01,""minimum_area_image_fraction"":0.0001,""same_marker_id"":true}}",1670.3568220407146,1668.7609491421802,545.2221303399076,959.6141905487639,plumb_bob,True,True,0.21969642347771212,2.35287143290675,-0.49462328000487554,0.23638085335644857,-0.07275744812707156,0.21060544111290308,3.558673322850543,3.5656421745391738,511.0142593383789,1058.9922485351562,1080,1920,4933.2290017828345,0.0023790649121252097,0.23999743083214609,-1.6358069039702752,-4.4934225898476364e-05,0.0017468931619849986,3.7166088637899355,0.0,0.0,0.0,459.03106689453125,1042.151123046875,531.0,1019.0,564.2353515625,1074.837646484375,489.7906188964844,1099.980224609375,0.6522327435212981,0.4877565901272078,0.8198761435642378,0.9463227024784795,0.21902723905447835,20260810_171451_combined_nfev_160__aruco_mode_high_sensitivity__ref_marker_auto__ref_mode_manual_a0d1273b,accepted,accepted,,
moving,moving_frame_000136,moving_calib_camera,136,/workspaces/project/workspace/temporary_runs/IMG_4388_20260810_151035_queue/dataset/raw_images/moving/frame_000136.png,17,0.17,high_sensitivity,original,1,rigcal_aruco_detector_v2,4.5.4,"{""gamma_passes"":[0.6,0.65],""parameters"":{""adaptiveThreshWinSizeMax"":53,""adaptiveThreshWinSizeMin"":3,""adaptiveThreshWinSizeStep"":4,""cornerRefinementMethod"":""CORNER_REFINE_SUBPIX"",""errorCorrectionRate"":0.8,""minCornerDistanceRate"":0.01,""minDistanceToBorder"":1,""minMarkerDistanceRate"":0.01,""minMarkerPerimeterRate"":0.008,""polygonalApproxAccuracyRate"":0.05},""support_rule"":{""maximum_area_ratio"":2.0,""maximum_center_distance_image_diagonal_fraction"":0.01,""minimum_area_image_fraction"":0.0001,""same_marker_id"":true}}",1670.3568220407146,1668.7609491421802,545.2221303399076,959.6141905487639,plumb_bob,True,True,0.444596661381574,1.5428039169923964,-2.2413041294778795,0.7348742873735165,0.036697508836537815,0.15940487739078277,3.055943102708884,3.0603177725662376,565.3034362792969,1047.4028930664062,1080,1920,7323.143185164779,0.0035316084033394962,0.23999743083214609,-1.6358069039702752,-4.4934225898476364e-05,0.0017468931619849986,3.7166088637899355,0.0,0.0,0.0,538.5582275390625,1098.8707275390625,505.71343994140625,1023.4619750976562,590.3925170898438,997.5217895507812,626.549560546875,1069.757080078125,0.6606367430178972,0.5942733717187315,0.6922347439482703,0.9531417846679687,0.2462861421232977,20260810_171451_combined_nfev_160__aruco_mode_high_sensitivity__ref_marker_auto__ref_mode_manual_a0d1273b,accepted,accepted,,
moving,moving_frame_000135,moving_calib_camera,135,/workspaces/project/workspace/temporary_runs/IMG_4388_20260810_151035_queue/dataset/raw_images/moving/frame_000135.png,17,0.17,high_sensitivity,original,1,rigcal_aruco_detector_v2,4.5.4,"{""gamma_passes"":[0.6,0.65],""parameters"":{""adaptiveThreshWinSizeMax"":53,""adaptiveThreshWinSizeMin"":3,""adaptiveThreshWinSizeStep"":4,""cornerRefinementMethod"":""CORNER_REFINE_SUBPIX"",""errorCorrectionRate"":0.8,""minCornerDistanceRate"":0.01,""minDistanceToBorder"":1,""minMarkerDistanceRate"":0.01,""minMarkerPerimeterRate"":0.008,""polygonalApproxAccuracyRate"":0.05},""support_rule"":{""maximum_area_ratio"":2.0,""maximum_center_distance_image_diagonal_fraction"":0.01,""minimum_area_image_fraction"":0.0001,""same_marker_id"":true}}",1670.3568220407146,1668.7609491421802,545.2221303399076,959.6141905487639,plumb_bob,True,True,0.42592477863354206,1.401227607008666,-2.3469289169509273,0.8206114631888326,0.0982448334063298,0.07913863066909652,3.170101584261358,3.172610758459283,597.0293731689453,1001.9027252197266,1080,1920,6517.87534785457,0.003143265503402088,0.23999743083214609,-1.6358069039702752,-4.4934225898476364e-05,0.0017468931619849986,3.7166088637899355,0.0,0.0,0.0,580.3038940429688,1051.893798828125,536.4060668945312,985.420654296875,612.580810546875,953.644775390625,658.8267211914062,1016.6516723632812,0.6374929325561924,0.5606483303642389,0.7012992655603446,0.8943900496871383,0.2396581080496579,20260810_171451_combined_nfev_160__aruco_mode_high_sensitivity__ref_marker_auto__ref_mode_manual_a0d1273b,accepted,accepted,,
moving,moving_frame_000138,moving_calib_camera,138,/workspaces/project/workspace/temporary_runs/IMG_4388_20260810_151035_queue/dataset/raw_images/moving/frame_000138.png,17,0.17,high_sensitivity,original,1,rigcal_aruco_detector_v2,4.5.4,"{""gamma_passes"":[0.6,0.65],""parameters"":{""adaptiveThreshWinSizeMax"":53,""adaptiveThreshWinSizeMin"":3,""adaptiveThreshWinSizeStep"":4,""cornerRefinementMethod"":""CORNER_REFINE_SUBPIX"",""errorCorrectionRate"":0.8,""minCornerDistanceRate"":0.01,""minDistanceToBorder"":1,""minMarkerDistanceRate"":0.01,""minMarkerPerimeterRate"":0.008,""polygonalApproxAccuracyRate"":0.05},""support_rule"":{""maximum_area_ratio"":2.0,""maximum_center_distance_image_diagonal_fraction"":0.01,""minimum_area_image_fraction"":0.0001,""same_marker_id"":true}}",1670.3568220407146,1668.7609491421802,545.2221303399076,959.6141905487639,plumb_bob,True,True,0.5694706460446084,1.8471900055809711,-1.953051235532235,0.5654948810095676,-0.052326669951988564,0.24903819920995943,2.901033957415165,2.912173780379512,515.0551452636719,1103.8824768066406,1080,1920,8562.648278789595,0.004129363560373069,0.23999743083214609,-1.6358069039702752,-4.4934225898476364e-05,0.0017468931619849986,3.7166088637899355,0.0,0.0,0.0,466.8014831542969,1150.1181640625,465.3041076660156,1062.69091796875,560.5401611328125,1057.923828125,567.5748291015625,1144.7969970703125,0.6645101496605971,0.6426012418578935,0.637157504359962,0.9538058245623553,0.2556123669698006,20260810_171451_combined_nfev_160__aruco_mode_high_sensitivity__ref_marker_auto__ref_mode_manual_a0d1273b,accepted,accepted,,
moving,moving_frame_000139,moving_calib_camera,139,/workspaces/project/workspace/temporary_runs/IMG_4388_20260810_151035_queue/dataset/raw_images/moving/frame_000139.png,17,0.17,high_sensitivity,original,1,rigcal_aruco_detector_v2,4.5.4,"{""gamma_passes"":[0.6,0.65],""parameters"":{""adaptiveThreshWinSizeMax"":53,""adaptiveThreshWinSizeMin"":3,""adaptiveThreshWinSizeStep"":4,""cornerRefinementMethod"":""CORNER_REFINE_SUBPIX"",""errorCorrectionRate"":0.8,""minCornerDistanceRate"":0.01,""minDistanceToBorder"":1,""minMarkerDistanceRate"":0.01,""minMarkerPerimeterRate"":0.008,""polygonalApproxAccuracyRate"":0.05},""support_rule"":{""maximum_area_ratio"":2.0,""maximum_center_distance_image_diagonal_fraction"":0.01,""minimum_area_image_fraction"":0.0001,""same_marker_id"":true}}",1670.3568220407146,1668.7609491421802,545.2221303399076,959.6141905487639,plumb_bob,True,True,0.6601586764575084,1.9965978897743482,-1.7734077369489816,0.49957272378066486,-0.06714147263479255,0.3013616790682075,2.8043688376801588,2.8213137749477535,505.1498107910156,1140.2500610351562,1080,1920,9353.882067650557,0.0045109384971308624,0.23999743083214609,-1.6358069039702752,-4.4934225898476364e-05,0.0017468931619849986,3.7166088637899355,0.0,0.0,0.0,446.5040283203125,1180.5068359375,463.150634765625,1089.3822021484375,560.7783813476562,1099.615478515625,550.1661987304688,1191.4957275390625,0.6626212335059404,0.6716352058320694,0.6023520607884466,0.9354626125759549,0.2616901042138767,20260810_171451_combined_nfev_160__aruco_mode_high_sensitivity__ref_marker_auto__ref_mode_manual_a0d1273b,accepted,accepted,,
moving,moving_frame_000140,moving_calib_camera,140,/workspaces/project/workspace/temporary_runs/IMG_4388_20260810_151035_queue/dataset/raw_images/moving/frame_000140.png,17,0.17,high_sensitivity,original,1,rigcal_aruco_detector_v2,4.5.4,"{""gamma_passes"":[0.6,0.65],""parameters"":{""adaptiveThreshWinSizeMax"":53,""adaptiveThreshWinSizeMin"":3,""adaptiveThreshWinSizeStep"":4,""cornerRefinementMethod"":""CORNER_REFINE_SUBPIX"",""errorCorrectionRate"":0.8,""minCornerDistanceRate"":0.01,""minDistanceToBorder"":1,""minMarkerDistanceRate"":0.01,""minMarkerPerimeterRate"":0.008,""polygonalApproxAccuracyRate"":0.05},""support_rule"":{""maximum_area_ratio"":2.0,""maximum_center_distance_image_diagonal_fraction"":0.01,""minimum_area_image_fraction"":0.0001,""same_marker_id"":true}}",1670.3568220407146,1668.7609491421802,545.2221303399076,959.6141905487639,plumb_bob,True,True,0.7838634545358791,2.1749426229869164,-1.5725295551266563,0.4126717047415669,-0.07751441191137602,0.35808085753493274,2.7620064777205866,2.7861999511085704,498.20597076416016,1177.6033630371094,1080,1920,9971.718952216208,0.0048088922416166125,0.23999743083214609,-1.6358069039702752,-4.4934225898476364e-05,0.0017468931619849986,3.7166088637899355,0.0,0.0,0.0,431.1786804199219,1207.5164794921875,467.76605224609375,1117.537353515625,562.5719604492188,1145.8564453125,531.3071899414062,1239.503173828125,0.656491450121547,0.6934617683489561,0.5605810228676821,0.9226036495632596,0.26411706009007996,20260810_171451_combined_nfev_160__aruco_mode_high_sensitivity__ref_marker_auto__ref_mode_manual_a0d1273b,accepted,accepted,,
moving,moving_frame_000134,moving_calib_camera,134,/workspaces/project/workspace/temporary_runs/IMG_4388_20260810_151035_queue/dataset/raw_images/moving/frame_000134.png,17,0.17,high_sensitivity,original,1,rigcal_aruco_detector_v2,4.5.4,"{""gamma_passes"":[0.6,0.65],""parameters"":{""adaptiveThreshWinSizeMax"":53,""adaptiveThreshWinSizeMin"":3,""adaptiveThreshWinSizeStep"":4,""cornerRefinementMethod"":""CORNER_REFINE_SUBPIX"",""errorCorrectionRate"":0.8,""minCornerDistanceRate"":0.01,""minDistanceToBorder"":1,""minMarkerDistanceRate"":0.01,""minMarkerPerimeterRate"":0.008,""polygonalApproxAccuracyRate"":0.05},""support_rule"":{""maximum_area_ratio"":2.0,""maximum_center_distance_image_diagonal_fraction"":0.01,""minimum_area_image_fraction"":0.0001,""same_marker_id"":true}}",1670.3568220407146,1668.7609491421802,545.2221303399076,959.6141905487639,plumb_bob,True,True,0.4758178663225613,1.2691497021694755,-2.410416899674203,0.8953403639727204,0.10342635341165991,-0.007858316312597355,3.3732698363656577,3.374864168029536,596.4669036865234,956.2433471679688,1080,1920,5453.739405469969,0.0026300826608169217,0.23999743083214609,-1.6358069039702752,-4.4934225898476364e-05,0.0017468931619849986,3.7166088637899355,0.0,0.0,0.0,587.3012084960938,1002.1580810546875,538.0,946.0,604.9502563476562,912.2117309570312,655.6161499023438,964.6035766601562,0.6103586268991281,0.5128433153329506,0.6775903875535787,0.8954316598397715,0.22857852531919998,20260810_171451_combined_nfev_160__aruco_mode_high_sensitivity__ref_marker_auto__ref_mode_manual_a0d1273b,accepted,accepted,,
moving,moving_frame_000143,moving_calib_camera,143,/workspaces/project/workspace/temporary_runs/IMG_4388_20260810_151035_queue/dataset/raw_images/moving/frame_000143.png,17,0.17,high_sensitivity,original,1,rigcal_aruco_detector_v2,4.5.4,"{""gamma_passes"":[0.6,0.65],""parameters"":{""adaptiveThreshWinSizeMax"":53,""adaptiveThreshWinSizeMin"":3,""adaptiveThreshWinSizeStep"":4,""cornerRefinementMethod"":""CORNER_REFINE_SUBPIX"",""errorCorrectionRate"":0.8,""minCornerDistanceRate"":0.01,""minDistanceToBorder"":1,""minMarkerDistanceRate"":0.01,""minMarkerPerimeterRate"":0.008,""polygonalApproxAccuracyRate"":0.05},""support_rule"":{""maximum_area_ratio"":2.0,""maximum_center_distance_image_diagonal_fraction"":0.01,""minimum_area_image_fraction"":0.0001,""same_marker_id"":true}}",1670.3568220407146,1668.7609491421802,545.2221303399076,959.6141905487639,plumb_bob,True,True,0.6869358685533162,2.3707347811319863,-0.8537023511951125,0.29307286356330225,-0.12590758474967717,0.3820439237904441,3.086829646427299,3.1129290942238277,476.85382080078125,1167.6201171875,1080,1920,7482.89905609563,0.0036086511651695747,0.23999743083214609,-1.6358069039702752,-4.4934225898476364e-05,0.0017468931619849986,3.7166088637899355,0.0,0.0,0.0,412.5908508300781,1161.0478515625,483.977294921875,1111.77978515625,542.2994995117188,1171.7681884765625,468.5476379394531,1225.8846435546875,0.6190515267080098,0.6007204978331915,0.5927907626136261,0.8830626311125579,0.24313572568133832,20260810_171451_combined_nfev_160__aruco_mode_high_sensitivity__ref_marker_auto__ref_mode_manual_a0d1273b,accepted,accepted,,
moving,moving_frame_000141,moving_calib_camera,141,/workspaces/project/workspace/temporary_runs/IMG_4388_20260810_151035_queue/dataset/raw_images/moving/frame_000141.png,17,0.17,high_sensitivity,original,1,rigcal_aruco_detector_v2,4.5.4,"{""gamma_passes"":[0.6,0.65],""parameters"":{""adaptiveThreshWinSizeMax"":53,""adaptiveThreshWinSizeMin"":3,""adaptiveThreshWinSizeStep"":4,""cornerRefinementMethod"":""CORNER_REFINE_SUBPIX"",""errorCorrectionRate"":0.8,""minCornerDistanceRate"":0.01,""minDistanceToBorder"":1,""minMarkerDistanceRate"":0.01,""minMarkerPerimeterRate"":0.008,""polygonalApproxAccuracyRate"":0.05},""support_rule"":{""maximum_area_ratio"":2.0,""maximum_center_distance_image_diagonal_fraction"":0.01,""minimum_area_image_fraction"":0.0001,""same_marker_id"":true}}",1670.3568220407146,1668.7609491421802,545.2221303399076,959.6141905487639,plumb_bob,True,True,0.9059088037720746,2.29297688747655,-1.3155961691811908,0.3300650558891684,-0.13093953851787293,0.39594682941601905,2.772544752110411,2.8037338420268876,466.0329360961914,1199.8586120605469,1080,1920,9921.827340178192,0.004784831857724822,0.23999743083214609,-1.6358069039702752,-4.4934225898476364e-05,0.0017468931619849986,3.7166088637899355,0.0,0.0,0.0,394.6022033691406,1215.9146728515625,450.47760009765625,1135.4488525390625,536.29638671875,1180.6171875,482.75555419921875,1267.4537353515625,0.6329898874209441,0.6917247904856976,0.524684076184995,0.8630239557336878,0.2628995722442904,20260810_171451_combined_nfev_160__aruco_mode_high_sensitivity__ref_marker_auto__ref_mode_manual_a0d1273b,accepted,accepted,,
moving,moving_frame_000144,moving_calib_camera,144,/workspaces/project/workspace/temporary_runs/IMG_4388_20260810_151035_queue/dataset/raw_images/moving/frame_000144.png,17,0.17,high_sensitivity,original,1,rigcal_aruco_detector_v2,4.5.4,"{""gamma_passes"":[0.6,0.65],""parameters"":{""adaptiveThreshWinSizeMax"":53,""adaptiveThreshWinSizeMin"":3,""adaptiveThreshWinSizeStep"":4,""cornerRefinementMethod"":""CORNER_REFINE_SUBPIX"",""errorCorrectionRate"":0.8,""minCornerDistanceRate"":0.01,""minDistanceToBorder"":1,""minMarkerDistanceRate"":0.01,""minMarkerPerimeterRate"":0.008,""polygonalApproxAccuracyRate"":0.05},""support_rule"":{""maximum_area_ratio"":2.0,""maximum_center_distance_image_diagonal_fraction"":0.01,""minimum_area_image_fraction"":0.0001,""same_marker_id"":true}}",1670.3568220407146,1668.7609491421802,545.2221303399076,959.6141905487639,plumb_bob,True,True,0.7145525195768688,2.3563608921325288,-0.6546245003003578,0.2881422063441775,-0.09230524333493223,0.302820620148867,3.2899513059839327,3.30514752797509,498.23492431640625,1114.1766357421875,1080,1920,6119.358819663525,0.002951079677692672,0.23999743083214609,-1.6358069039702752,-4.4934225898476364e-05,0.0017468931619849986,3.7166088637899355,0.0,0.0,0.0,439.4193420410156,1100.385986328125,513.0,1067.0,557.8907470703125,1125.437255859375,482.6296081542969,1163.88330078125,0.6000275921739091,0.5432384078553975,0.5832425595494666,0.9226572672526042,0.23228007716389368,20260810_171451_combined_nfev_160__aruco_mode_high_sensitivity__ref_marker_auto__ref_mode_manual_a0d1273b,accepted,accepted,,
static,camera_back_center,camera_back_center,static,/workspaces/project/workspace/temporary_runs/IMG_4388_20260810_151035_queue/dataset/raw_images/static/camera_back_center.png,17,0.17,high_sensitivity,original,1,rigcal_aruco_detector_v2,4.5.4,"{""gamma_passes"":[0.6,0.65],""parameters"":{""adaptiveThreshWinSizeMax"":53,""adaptiveThreshWinSizeMin"":3,""adaptiveThreshWinSizeStep"":4,""cornerRefinementMethod"":""CORNER_REFINE_SUBPIX"",""errorCorrectionRate"":0.8,""minCornerDistanceRate"":0.01,""minDistanceToBorder"":1,""minMarkerDistanceRate"":0.01,""minMarkerPerimeterRate"":0.008,""polygonalApproxAccuracyRate"":0.05},""support_rule"":{""maximum_area_ratio"":2.0,""maximum_center_distance_image_diagonal_fraction"":0.01,""minimum_area_image_fraction"":0.0001,""same_marker_id"":true}}",984.7883347643075,987.6994918367152,968.0,608.0,plumb_bob,True,True,0.40588579180426204,1.883163914895044,-1.7564875147180237,0.6027956880904145,-0.30245735121205913,-0.14861930069715776,4.627681420750019,4.639935719144915,903.6303405761719,576.4379577636719,1936,1216,997.9549103751779,0.00042390836979698114,0.0,0.0,0.0,0.0,0.0,0.0,0.0,0.0,883.1871337890625,589.686767578125,888.1312866210938,561.4556884765625,923.2828369140625,563.8550415039062,919.9201049804688,590.7543334960938,0.5030931879145858,0.20589035183732654,0.7112953312634569,0.9480887463218287,0.17730698536252334,20260810_171451_combined_nfev_160__aruco_mode_high_sensitivity__ref_marker_auto__ref_mode_manual_a0d1273b,accepted,accepted,,
moving,moving_frame_000124,moving_calib_camera,124,/workspaces/project/workspace/temporary_runs/IMG_4388_20260810_151035_queue/dataset/raw_images/moving/frame_000124.png,17,0.17,high_sensitivity,original,1,rigcal_aruco_detector_v2,4.5.4,"{""gamma_passes"":[0.6,0.65],""parameters"":{""adaptiveThreshWinSizeMax"":53,""adaptiveThreshWinSizeMin"":3,""adaptiveThreshWinSizeStep"":4,""cornerRefinementMethod"":""CORNER_REFINE_SUBPIX"",""errorCorrectionRate"":0.8,""minCornerDistanceRate"":0.01,""minDistanceToBorder"":1,""minMarkerDistanceRate"":0.01,""minMarkerPerimeterRate"":0.008,""polygonalApproxAccuracyRate"":0.05},""support_rule"":{""maximum_area_ratio"":2.0,""maximum_center_distance_image_diagonal_fraction"":0.01,""minimum_area_image_fraction"":0.0001,""same_marker_id"":true}}",1670.3568220407146,1668.7609491421802,545.2221303399076,959.6141905487639,plumb_bob,True,True,0.48355653472774524,-0.8164368218809696,2.275211842806967,1.5668383090733875,-0.021554840711064366,-0.4280500194049195,5.8717936660788705,5.887414737155399,539.1107330322266,837.6583404541016,1080,1920,1058.341294195503,0.0005103883556112572,0.23999743083214609,-1.6358069039702752,-4.4934225898476364e-05,0.0017468931619849986,3.7166088637899355,0.0,0.0,0.0,544.2649536132812,853.6701049804688,506.0,837.0,533.0,822.0,573.177978515625,837.9632568359375,0.5067737458736866,0.2259177628278169,0.6740558762619147,0.9983532093189381,0.1451923600019787,20260810_171451_combined_nfev_160__aruco_mode_high_sensitivity__ref_marker_auto__ref_mode_manual_a0d1273b,accepted,accepted,,
moving,moving_frame_000150,moving_calib_camera,150,/workspaces/project/workspace/temporary_runs/IMG_4388_20260810_151035_queue/dataset/raw_images/moving/frame_000150.png,17,0.17,high_sensitivity,original,1,rigcal_aruco_detector_v2,4.5.4,"{""gamma_passes"":[0.6,0.65],""parameters"":{""adaptiveThreshWinSizeMax"":53,""adaptiveThreshWinSizeMin"":3,""adaptiveThreshWinSizeStep"":4,""cornerRefinementMethod"":""CORNER_REFINE_SUBPIX"",""errorCorrectionRate"":0.8,""minCornerDistanceRate"":0.01,""minDistanceToBorder"":1,""minMarkerDistanceRate"":0.01,""minMarkerPerimeterRate"":0.008,""polygonalApproxAccuracyRate"":0.05},""support_rule"":{""maximum_area_ratio"":2.0,""maximum_center_distance_image_diagonal_fraction"":0.01,""minimum_area_image_fraction"":0.0001,""same_marker_id"":true}}",1670.3568220407146,1668.7609491421802,545.2221303399076,959.6141905487639,plumb_bob,True,True,1.135500346975864,2.3209982498371384,-0.052486019376975154,0.23490115511472867,0.4064043206493495,-0.2288786679786005,4.631520810849531,4.654947361445713,692.2011260986328,877.1855316162109,1080,1920,2364.960746096447,0.0011405096190665737,0.23999743083214609,-1.6358069039702752,-4.4934225898476364e-05,0.0017468931619849986,3.7166088637899355,0.0,0.0,0.0,658.6314086914062,855.857666015625,715.162841796875,858.3360595703125,728.7886352539062,898.6338500976562,666.2216186523438,895.91455078125,0.4368808709201743,0.3377143199609063,0.4682743327183839,0.7181460627803096,0.17683630564234737,20260810_171451_combined_nfev_160__aruco_mode_high_sensitivity__ref_marker_auto__ref_mode_manual_a0d1273b,accepted,accepted,,
moving,moving_frame_000152,moving_calib_camera,152,/workspaces/project/workspace/temporary_runs/IMG_4388_20260810_151035_queue/dataset/raw_images/moving/frame_000152.png,17,0.17,high_sensitivity,original,1,rigcal_aruco_detector_v2,4.5.4,"{""gamma_passes"":[0.6,0.65],""parameters"":{""adaptiveThreshWinSizeMax"":53,""adaptiveThreshWinSizeMin"":3,""adaptiveThreshWinSizeStep"":4,""cornerRefinementMethod"":""CORNER_REFINE_SUBPIX"",""errorCorrectionRate"":0.8,""minCornerDistanceRate"":0.01,""minDistanceToBorder"":1,""minMarkerDistanceRate"":0.01,""minMarkerPerimeterRate"":0.008,""polygonalApproxAccuracyRate"":0.05},""support_rule"":{""maximum_area_ratio"":2.0,""maximum_center_distance_image_diagonal_fraction"":0.01,""minimum_area_image_fraction"":0.0001,""same_marker_id"":true}}",1670.3568220407146,1668.7609491421802,545.2221303399076,959.6141905487639,plumb_bob,True,True,1.0270330442804265,2.239169630419718,0.08009666584408213,0.195519962307564,0.748216888149561,-0.2529279652092564,4.902787290760035,4.965996806859145,801.7002868652344,873.2523498535156,1080,1920,1877.3203721046448,0.0009053435436461442,0.23999743083214609,-1.6358069039702752,-4.4934225898476364e-05,0.0017468931619849986,3.7166088637899355,0.0,0.0,0.0,770.9109497070312,852.767333984375,824.9807739257812,859.712646484375,835.2514038085938,894.2977294921875,775.6580200195312,886.231689453125,0.3881908958460294,0.30088927259810117,0.4933318688719199,0.5153698391384549,0.16761658317521952,20260810_171451_combined_nfev_160__aruco_mode_high_sensitivity__ref_marker_auto__ref_mode_manual_a0d1273b,accepted,accepted,,
moving,moving_frame_000104,moving_calib_camera,104,/workspaces/project/workspace/temporary_runs/IMG_4388_20260810_151035_queue/dataset/raw_images/moving/frame_000104.png,17,0.17,high_sensitivity,original,1,rigcal_aruco_detector_v2,4.5.4,"{""gamma_passes"":[0.6,0.65],""parameters"":{""adaptiveThreshWinSizeMax"":53,""adaptiveThreshWinSizeMin"":3,""adaptiveThreshWinSizeStep"":4,""cornerRefinementMethod"":""CORNER_REFINE_SUBPIX"",""errorCorrectionRate"":0.8,""minCornerDistanceRate"":0.01,""minDistanceToBorder"":1,""minMarkerDistanceRate"":0.01,""minMarkerPerimeterRate"":0.008,""polygonalApproxAccuracyRate"":0.05},""support_rule"":{""maximum_area_ratio"":2.0,""maximum_center_distance_image_diagonal_fraction"":0.01,""minimum_area_image_fraction"":0.0001,""same_marker_id"":true}}",1670.3568220407146,1668.7609491421802,545.2221303399076,959.6141905487639,plumb_bob,True,True,1.2464607103536056,1.7256735895709934,-0.04237660273147689,0.09538308686859932,-0.5864610744889709,-0.11295087610390103,4.924310557896874,4.960396048998307,345.69642639160156,921.2923583984375,1080,1920,454.85943603515625,0.00021935736691510235,0.23999743083214609,-1.6358069039702752,-4.4934225898476364e-05,0.0017468931619849986,3.7166088637899355,0.0,0.0,0.0,319.00909423828125,916.8421020507812,374.0,918.0,375.776611328125,926.3273315429688,314.0,924.0,0.3375993934409076,0.14810717974328672,0.44514466484597204,0.6401785673918547,0.1677740861143041,20260810_171451_combined_nfev_160__aruco_mode_high_sensitivity__ref_marker_auto__ref_mode_manual_a0d1273b,accepted,accepted,,
moving,moving_frame_000154,moving_calib_camera,154,/workspaces/project/workspace/temporary_runs/IMG_4388_20260810_151035_queue/dataset/raw_images/moving/frame_000154.png,17,0.17,high_sensitivity,gamma_consensus,2,rigcal_aruco_detector_v2,4.5.4,"{""gamma_passes"":[0.6,0.65],""parameters"":{""adaptiveThreshWinSizeMax"":53,""adaptiveThreshWinSizeMin"":3,""adaptiveThreshWinSizeStep"":4,""cornerRefinementMethod"":""CORNER_REFINE_SUBPIX"",""errorCorrectionRate"":0.8,""minCornerDistanceRate"":0.01,""minDistanceToBorder"":1,""minMarkerDistanceRate"":0.01,""minMarkerPerimeterRate"":0.008,""polygonalApproxAccuracyRate"":0.05},""support_rule"":{""maximum_area_ratio"":2.0,""maximum_center_distance_image_diagonal_fraction"":0.01,""minimum_area_image_fraction"":0.0001,""same_marker_id"":true}}",1670.3568220407146,1668.7609491421802,545.2221303399076,959.6141905487639,plumb_bob,True,True,1.45855453315351,2.240807954766078,0.2719316263290605,0.12329597376552176,1.5954474482803198,-0.22153126352986707,5.405458642827785,5.640346780142771,1044.4550399780273,890.5856552124023,1080,1920,1550.7167249917984,0.0007478379267900262,0.23999743083214609,-1.6358069039702752,-4.4934225898476364e-05,0.0017468931619849986,3.7166088637899355,0.0,0.0,0.0,1018.1308898925781,869.4308166503906,1066.7279052734375,880.960693359375,1074.2127075195312,912.7428283691406,1018.7486572265625,899.2082824707031,0.259633675251626,0.2734662551010684,0.4067430624438221,0.0658240000406901,0.15059454469913985,20260810_171451_combined_nfev_160__aruco_mode_high_sensitivity__ref_marker_auto__ref_mode_manual_a0d1273b,accepted,accepted,,
moving,moving_frame_000132,moving_calib_camera,132,/workspaces/project/workspace/temporary_runs/IMG_4388_20260810_151035_queue/dataset/raw_images/moving/frame_000132.png,10,0.17,high_sensitivity,original,1,rigcal_aruco_detector_v2,4.5.4,"{""gamma_passes"":[0.6,0.65],""parameters"":{""adaptiveThreshWinSizeMax"":53,""adaptiveThreshWinSizeMin"":3,""adaptiveThreshWinSizeStep"":4,""cornerRefinementMethod"":""CORNER_REFINE_SUBPIX"",""errorCorrectionRate"":0.8,""minCornerDistanceRate"":0.01,""minDistanceToBorder"":1,""minMarkerDistanceRate"":0.01,""minMarkerPerimeterRate"":0.008,""polygonalApproxAccuracyRate"":0.05},""support_rule"":{""maximum_area_ratio"":2.0,""maximum_center_distance_image_diagonal_fraction"":0.01,""minimum_area_image_fraction"":0.0001,""same_marker_id"":true}}",1670.3568220407146,1668.7609491421802,545.2221303399076,959.6141905487639,plumb_bob,True,True,0.23270503426385106,2.139259781437186,-1.2088583539259847,0.43129781771386705,-0.3524158492179036,0.015346433994843351,3.449729421756266,3.4677176250593353,374.1859359741211,967.5631866455078,1080,1920,5082.912906219251,0.002451250437027031,0.23999743083214609,-1.6358069039702752,-4.4934225898476364e-05,0.0017468931619849986,3.7166088637899355,0.0,0.0,0.0,316.0,978.0,365.0,926.0,431.4762878417969,955.9053955078125,384.2674560546875,1010.3473510742188,0.602377816754735,0.4951010439321484,0.8112240740520555,0.6929369184705946,0.22382793272140136,20260810_171451_combined_nfev_160__aruco_mode_high_sensitivity__ref_marker_auto__ref_mode_manual_a0d1273b,accepted,accepted,,
moving,moving_frame_000137,moving_calib_camera,137,/workspaces/project/workspace/temporary_runs/IMG_4388_20260810_151035_queue/dataset/raw_images/moving/frame_000137.png,10,0.17,high_sensitivity,original,1,rigcal_aruco_detector_v2,4.5.4,"{""gamma_passes"":[0.6,0.65],""parameters"":{""adaptiveThreshWinSizeMax"":53,""adaptiveThreshWinSizeMin"":3,""adaptiveThreshWinSizeStep"":4,""cornerRefinementMethod"":""CORNER_REFINE_SUBPIX"",""errorCorrectionRate"":0.8,""minCornerDistanceRate"":0.01,""minDistanceToBorder"":1,""minMarkerDistanceRate"":0.01,""minMarkerPerimeterRate"":0.008,""polygonalApproxAccuracyRate"":0.05},""support_rule"":{""maximum_area_ratio"":2.0,""maximum_center_distance_image_diagonal_fraction"":0.01,""minimum_area_image_fraction"":0.0001,""same_marker_id"":true}}",1670.3568220407146,1668.7609491421802,545.2221303399076,959.6141905487639,plumb_bob,True,True,0.35932209259807957,2.407598156621069,-0.5565714084276564,0.030198341416337728,-0.5075920569473686,0.157136175241066,2.985243826006459,3.0321646021539026,259.7002601623535,1048.6403198242188,1080,1920,7330.883355827071,0.003535341124530802,0.23999743083214609,-1.6358069039702752,-4.4934225898476364e-05,0.0017468931619849986,3.7166088637899355,0.0,0.0,0.0,201.0,1032.0,290.0,996.0,319.7294006347656,1063.5052490234375,228.07164001464844,1103.0560302734375,0.5795190397640552,0.5945873463613905,0.7356608161121656,0.48092640770806205,0.2480057484423676,20260810_171451_combined_nfev_160__aruco_mode_high_sensitivity__ref_marker_auto__ref_mode_manual_a0d1273b,accepted,accepted,,
moving,moving_frame_000133,moving_calib_camera,133,/workspaces/project/workspace/temporary_runs/IMG_4388_20260810_151035_queue/dataset/raw_images/moving/frame_000133.png,10,0.17,high_sensitivity,original,1,rigcal_aruco_detector_v2,4.5.4,"{""gamma_passes"":[0.6,0.65],""parameters"":{""adaptiveThreshWinSizeMax"":53,""adaptiveThreshWinSizeMin"":3,""adaptiveThreshWinSizeStep"":4,""cornerRefinementMethod"":""CORNER_REFINE_SUBPIX"",""errorCorrectionRate"":0.8,""minCornerDistanceRate"":0.01,""minDistanceToBorder"":1,""minMarkerDistanceRate"":0.01,""minMarkerPerimeterRate"":0.008,""polygonalApproxAccuracyRate"":0.05},""support_rule"":{""maximum_area_ratio"":2.0,""maximum_center_distance_image_diagonal_fraction"":0.01,""minimum_area_image_fraction"":0.0001,""same_marker_id"":true}}",1670.3568220407146,1668.7609491421802,545.2221303399076,959.6141905487639,plumb_bob,True,True,0.3164287909811626,2.1990565946551084,-1.116444086262361,0.3406574574432538,-0.3708954453249681,0.049970285527273936,3.312188192620293,3.333264328572183,357.68611907958984,985.41162109375,1080,1920,5672.678247749805,0.0027356665932435405,0.23999743083214609,-1.6358069039702752,-4.4934225898476364e-05,0.0017468931619849986,3.7166088637899355,0.0,0.0,0.0,297.0,993.0,354.0,940.0,418.3750305175781,976.193359375,361.36944580078125,1032.453125,0.5926573046382023,0.5230360019390196,0.7596309096633161,0.6623817019992404,0.23077290563751543,20260810_171451_combined_nfev_160__aruco_mode_high_sensitivity__ref_marker_auto__ref_mode_manual_a0d1273b,accepted,accepted,,
moving,moving_frame_000142,moving_calib_camera,142,/workspaces/project/workspace/temporary_runs/IMG_4388_20260810_151035_queue/dataset/raw_images/moving/frame_000142.png,10,0.17,high_sensitivity,original,1,rigcal_aruco_detector_v2,4.5.4,"{""gamma_passes"":[0.6,0.65],""parameters"":{""adaptiveThreshWinSizeMax"":53,""adaptiveThreshWinSizeMin"":3,""adaptiveThreshWinSizeStep"":4,""cornerRefinementMethod"":""CORNER_REFINE_SUBPIX"",""errorCorrectionRate"":0.8,""minCornerDistanceRate"":0.01,""minDistanceToBorder"":1,""minMarkerDistanceRate"":0.01,""minMarkerPerimeterRate"":0.008,""polygonalApproxAccuracyRate"":0.05},""support_rule"":{""maximum_area_ratio"":2.0,""maximum_center_distance_image_diagonal_fraction"":0.01,""minimum_area_image_fraction"":0.0001,""same_marker_id"":true}}",1670.3568220407146,1668.7609491421802,545.2221303399076,959.6141905487639,plumb_bob,True,True,0.4467133599490517,2.3554273704444104,0.5561230301481305,-0.2573240495519392,-0.4004787580545129,0.10673235395229229,3.3890754059515724,3.4143238185999434,347.2264404296875,1012.8728332519531,1080,1920,5374.535703370348,0.002591886431023509,0.23999743083214609,-1.6358069039702752,-4.4934225898476364e-05,0.0017468931619849986,3.7166088637899355,0.0,0.0,0.0,334.0,971.0,405.0,997.0,361.1214904785156,1056.4912109375,288.7842712402344,1027.0001220703125,0.5622647818328234,0.5091057288052757,0.6912219294326669,0.6430119267216435,0.22653526136584204,20260810_171451_combined_nfev_160__aruco_mode_high_sensitivity__ref_marker_auto__ref_mode_manual_a0d1273b,accepted,accepted,,
moving,moving_frame_000127,moving_calib_camera,127,/workspaces/project/workspace/temporary_runs/IMG_4388_20260810_151035_queue/dataset/raw_images/moving/frame_000127.png,10,0.17,high_sensitivity,original,1,rigcal_aruco_detector_v2,4.5.4,"{""gamma_passes"":[0.6,0.65],""parameters"":{""adaptiveThreshWinSizeMax"":53,""adaptiveThreshWinSizeMin"":3,""adaptiveThreshWinSizeStep"":4,""cornerRefinementMethod"":""CORNER_REFINE_SUBPIX"",""errorCorrectionRate"":0.8,""minCornerDistanceRate"":0.01,""minDistanceToBorder"":1,""minMarkerDistanceRate"":0.01,""minMarkerPerimeterRate"":0.008,""polygonalApproxAccuracyRate"":0.05},""support_rule"":{""maximum_area_ratio"":2.0,""maximum_center_distance_image_diagonal_fraction"":0.01,""minimum_area_image_fraction"":0.0001,""same_marker_id"":true}}",1670.3568220407146,1668.7609491421802,545.2221303399076,959.6141905487639,plumb_bob,True,True,0.1743588896185228,1.9199755668407221,-1.4242270138265074,0.6628914161313084,-0.43596332048633685,-0.14210137851634644,4.5944300382534635,4.617255049809512,386.3812255859375,908.1694488525391,1080,1920,2462.099365338683,0.0011873550180066953,0.23999743083214609,-1.6358069039702752,-4.4934225898476364e-05,0.0017468931619849986,3.7166088637899355,0.0,0.0,0.0,346.0,921.0,368.34326171875,883.30126953125,426.181640625,895.3765258789062,405.0,933.0,0.5541970535211016,0.3445801819615712,0.8515284457248318,0.7155207881221065,0.17802289394602283,20260810_171451_combined_nfev_160__aruco_mode_high_sensitivity__ref_marker_auto__ref_mode_manual_a0d1273b,accepted,accepted,,
moving,moving_frame_000147,moving_calib_camera,147,/workspaces/project/workspace/temporary_runs/IMG_4388_20260810_151035_queue/dataset/raw_images/moving/frame_000147.png,10,0.17,high_sensitivity,original,1,rigcal_aruco_detector_v2,4.5.4,"{""gamma_passes"":[0.6,0.65],""parameters"":{""adaptiveThreshWinSizeMax"":53,""adaptiveThreshWinSizeMin"":3,""adaptiveThreshWinSizeStep"":4,""cornerRefinementMethod"":""CORNER_REFINE_SUBPIX"",""errorCorrectionRate"":0.8,""minCornerDistanceRate"":0.01,""minDistanceToBorder"":1,""minMarkerDistanceRate"":0.01,""minMarkerPerimeterRate"":0.008,""polygonalApproxAccuracyRate"":0.05},""support_rule"":{""maximum_area_ratio"":2.0,""maximum_center_distance_image_diagonal_fraction"":0.01,""minimum_area_image_fraction"":0.0001,""same_marker_id"":true}}",1670.3568220407146,1668.7609491421802,545.2221303399076,959.6141905487639,plumb_bob,True,True,0.22776677006267276,2.0119271762350484,1.2394972511098967,-0.37706950435815484,0.07316270540375731,-0.3807583213674124,4.579627200809991,4.596010767954236,571.93701171875,820.8715667724609,1080,1920,2430.376020990312,0.0011720563372831366,0.23999743083214609,-1.6358069039702752,-4.4934225898476364e-05,0.0017468931619849986,3.7166088637899355,0.0,0.0,0.0,583.002685546875,795.254638671875,614.0,832.0,561.0,847.0,529.745361328125,809.2316284179688,0.5873286653028502,0.34235308342165355,0.8144869403404312,0.9408573857060185,0.1786987269085573,20260810_171451_combined_nfev_160__aruco_mode_high_sensitivity__ref_marker_auto__ref_mode_manual_a0d1273b,accepted,accepted,,
moving,moving_frame_000131,moving_calib_camera,131,/workspaces/project/workspace/temporary_runs/IMG_4388_20260810_151035_queue/dataset/raw_images/moving/frame_000131.png,10,0.17,high_sensitivity,original,1,rigcal_aruco_detector_v2,4.5.4,"{""gamma_passes"":[0.6,0.65],""parameters"":{""adaptiveThreshWinSizeMax"":53,""adaptiveThreshWinSizeMin"":3,""adaptiveThreshWinSizeStep"":4,""cornerRefinementMethod"":""CORNER_REFINE_SUBPIX"",""errorCorrectionRate"":0.8,""minCornerDistanceRate"":0.01,""minDistanceToBorder"":1,""minMarkerDistanceRate"":0.01,""minMarkerPerimeterRate"":0.008,""polygonalApproxAccuracyRate"":0.05},""support_rule"":{""maximum_area_ratio"":2.0,""maximum_center_distance_image_diagonal_fraction"":0.01,""minimum_area_image_fraction"":0.0001,""same_marker_id"":true}}",1670.3568220407146,1668.7609491421802,545.2221303399076,959.6141905487639,plumb_bob,True,True,0.5331364881840132,2.0759967838806017,-1.272614849440639,0.5105086446206075,-0.32180057066844875,-0.025046780674961553,3.5712617468765897,3.585818374263921,394.4095153808594,948.3606414794922,1080,1920,4535.593630940653,0.0021873040272669046,0.23999743083214609,-1.6358069039702752,-4.4934225898476364e-05,0.0017468931619849986,3.7166088637899355,0.0,0.0,0.0,339.0,960.0,381.0,911.0,448.5595397949219,935.0420532226562,409.0785217285156,987.4005126953125,0.5506357403360831,0.4676862225110875,0.6522576481005232,0.7303879914460358,0.21806358612283944,20260810_171451_combined_nfev_160__aruco_mode_high_sensitivity__ref_marker_auto__ref_mode_manual_a0d1273b,accepted,accepted,,
moving,moving_frame_000130,moving_calib_camera,130,/workspaces/project/workspace/temporary_runs/IMG_4388_20260810_151035_queue/dataset/raw_images/moving/frame_000130.png,10,0.17,high_sensitivity,original,1,rigcal_aruco_detector_v2,4.5.4,"{""gamma_passes"":[0.6,0.65],""parameters"":{""adaptiveThreshWinSizeMax"":53,""adaptiveThreshWinSizeMin"":3,""adaptiveThreshWinSizeStep"":4,""cornerRefinementMethod"":""CORNER_REFINE_SUBPIX"",""errorCorrectionRate"":0.8,""minCornerDistanceRate"":0.01,""minDistanceToBorder"":1,""minMarkerDistanceRate"":0.01,""minMarkerPerimeterRate"":0.008,""polygonalApproxAccuracyRate"":0.05},""support_rule"":{""maximum_area_ratio"":2.0,""maximum_center_distance_image_diagonal_fraction"":0.01,""minimum_area_image_fraction"":0.0001,""same_marker_id"":true}}",1670.3568220407146,1668.7609491421802,545.2221303399076,959.6141905487639,plumb_bob,True,True,0.484271022257522,2.0384521078762927,-1.3336136919842034,0.5457105948722456,-0.35290892683096786,-0.0501582780019009,3.8130927797293914,3.829717628013,390.3126449584961,938.0323028564453,1080,1920,3926.408004760742,0.0018935223788390924,0.23999743083214609,-1.6358069039702752,-4.4934225898476364e-05,0.0017468931619849986,3.7166088637899355,0.0,0.0,0.0,339.0,951.0,375.0,904.0,440.0,924.0,407.2505798339844,973.1292114257812,0.5414432946851647,0.4351462258642596,0.6737314041737719,0.7228011943675854,0.20705144213812168,20260810_171451_combined_nfev_160__aruco_mode_high_sensitivity__ref_marker_auto__ref_mode_manual_a0d1273b,accepted,accepted,,
moving,moving_frame_000129,moving_calib_camera,129,/workspaces/project/workspace/temporary_runs/IMG_4388_20260810_151035_queue/dataset/raw_images/moving/frame_000129.png,10,0.17,high_sensitivity,original,1,rigcal_aruco_detector_v2,4.5.4,"{""gamma_passes"":[0.6,0.65],""parameters"":{""adaptiveThreshWinSizeMax"":53,""adaptiveThreshWinSizeMin"":3,""adaptiveThreshWinSizeStep"":4,""cornerRefinementMethod"":""CORNER_REFINE_SUBPIX"",""errorCorrectionRate"":0.8,""minCornerDistanceRate"":0.01,""minDistanceToBorder"":1,""minMarkerDistanceRate"":0.01,""minMarkerPerimeterRate"":0.008,""polygonalApproxAccuracyRate"":0.05},""support_rule"":{""maximum_area_ratio"":2.0,""maximum_center_distance_image_diagonal_fraction"":0.01,""minimum_area_image_fraction"":0.0001,""same_marker_id"":true}}",1670.3568220407146,1668.7609491421802,545.2221303399076,959.6141905487639,plumb_bob,True,True,0.42395060402781526,1.9555752298164308,-1.3335402292112237,0.6245857122910241,-0.3956000015653837,-0.07676910472286545,4.014651005689295,4.034825343699595,380.25,928.0,1080,1920,3227.5,0.0015564718364197531,0.23999743083214609,-1.6358069039702752,-4.4934225898476364e-05,0.0017468931619849986,3.7166088637899355,0.0,0.0,0.0,332.0,940.0,364.0,899.0,427.0,915.0,398.0,958.0,0.529185045580996,0.3945214615733538,0.7022715515351304,0.7041666666666667,0.19861662157782,20260810_171451_combined_nfev_160__aruco_mode_high_sensitivity__ref_marker_auto__ref_mode_manual_a0d1273b,accepted,accepted,,
moving,moving_frame_000148,moving_calib_camera,148,/workspaces/project/workspace/temporary_runs/IMG_4388_20260810_151035_queue/dataset/raw_images/moving/frame_000148.png,10,0.17,high_sensitivity,original,1,rigcal_aruco_detector_v2,4.5.4,"{""gamma_passes"":[0.6,0.65],""parameters"":{""adaptiveThreshWinSizeMax"":53,""adaptiveThreshWinSizeMin"":3,""adaptiveThreshWinSizeStep"":4,""cornerRefinementMethod"":""CORNER_REFINE_SUBPIX"",""errorCorrectionRate"":0.8,""minCornerDistanceRate"":0.01,""minDistanceToBorder"":1,""minMarkerDistanceRate"":0.01,""minMarkerPerimeterRate"":0.008,""polygonalApproxAccuracyRate"":0.05},""support_rule"":{""maximum_area_ratio"":2.0,""maximum_center_distance_image_diagonal_fraction"":0.01,""minimum_area_image_fraction"":0.0001,""same_marker_id"":true}}",1670.3568220407146,1668.7609491421802,545.2221303399076,959.6141905487639,plumb_bob,True,True,0.27850270779940195,-1.7870766080277054,-1.1271216042116583,-0.41080124410408414,0.226986220589822,-0.4942313532926897,4.773339742171286,4.804223107757071,625.0166015625,786.0226593017578,1080,1920,2110.6612256020308,0.0010178728904330781,0.23999743083214609,-1.6358069039702752,-4.4934225898476364e-05,0.0017468931619849986,3.7166088637899355,0.0,0.0,0.0,636.37158203125,763.1312866210938,665.0,798.0,614.0,809.0,584.69482421875,773.9593505859375,0.5480071689723744,0.3190412027361165,0.7821649448996715,0.8425618489583333,0.17228834616359717,20260810_171451_combined_nfev_160__aruco_mode_high_sensitivity__ref_marker_auto__ref_mode_manual_a0d1273b,accepted,accepted,,
moving,moving_frame_000146,moving_calib_camera,146,/workspaces/project/workspace/temporary_runs/IMG_4388_20260810_151035_queue/dataset/raw_images/moving/frame_000146.png,10,0.17,high_sensitivity,original,1,rigcal_aruco_detector_v2,4.5.4,"{""gamma_passes"":[0.6,0.65],""parameters"":{""adaptiveThreshWinSizeMax"":53,""adaptiveThreshWinSizeMin"":3,""adaptiveThreshWinSizeStep"":4,""cornerRefinementMethod"":""CORNER_REFINE_SUBPIX"",""errorCorrectionRate"":0.8,""minCornerDistanceRate"":0.01,""minDistanceToBorder"":1,""minMarkerDistanceRate"":0.01,""minMarkerPerimeterRate"":0.008,""polygonalApproxAccuracyRate"":0.05},""support_rule"":{""maximum_area_ratio"":2.0,""maximum_center_distance_image_diagonal_fraction"":0.01,""minimum_area_image_fraction"":0.0001,""same_marker_id"":true}}",1670.3568220407146,1668.7609491421802,545.2221303399076,959.6141905487639,plumb_bob,True,True,0.4834709606741895,2.0595240651835196,1.0774665247500381,-0.41418811674950196,-0.05522822330836917,-0.2671086785866354,4.304526828714702,4.313159911474504,523.75,856.25,1080,1920,2673.5,0.0012893036265432098,0.23999743083214609,-1.6358069039702752,-4.4934225898476364e-05,0.0017468931619849986,3.7166088637899355,0.0,0.0,0.0,531.0,829.0,570.0,862.0,516.0,885.0,478.0,849.0,0.5586585981606881,0.3590687436331948,0.6740947591893085,0.9699074074074074,0.18821191469136128,20260810_171451_combined_nfev_160__aruco_mode_high_sensitivity__ref_marker_auto__ref_mode_manual_a0d1273b,accepted,accepted,,
moving,moving_frame_000149,moving_calib_camera,149,/workspaces/project/workspace/temporary_runs/IMG_4388_20260810_151035_queue/dataset/raw_images/moving/frame_000149.png,10,0.17,high_sensitivity,original,1,rigcal_aruco_detector_v2,4.5.4,"{""gamma_passes"":[0.6,0.65],""parameters"":{""adaptiveThreshWinSizeMax"":53,""adaptiveThreshWinSizeMin"":3,""adaptiveThreshWinSizeStep"":4,""cornerRefinementMethod"":""CORNER_REFINE_SUBPIX"",""errorCorrectionRate"":0.8,""minCornerDistanceRate"":0.01,""minDistanceToBorder"":1,""minMarkerDistanceRate"":0.01,""minMarkerPerimeterRate"":0.008,""polygonalApproxAccuracyRate"":0.05},""support_rule"":{""maximum_area_ratio"":2.0,""maximum_center_distance_image_diagonal_fraction"":0.01,""minimum_area_image_fraction"":0.0001,""same_marker_id"":true}}",1670.3568220407146,1668.7609491421802,545.2221303399076,959.6141905487639,plumb_bob,True,True,0.3846008437768157,1.9074916740779806,1.3060019836728456,-0.43450445091647893,0.38093102883632024,-0.48902379611341595,4.93952133047957,4.978265129154748,674.5558776855469,793.9944763183594,1080,1920,1878.9775505363941,0.0009061427230596037,0.23999743083214609,-1.6358069039702752,-4.4934225898476364e-05,0.0017468931619849986,3.7166088637899355,0.0,0.0,0.0,686.3304443359375,773.7620849609375,713.0,806.0,663.0,815.0,635.89306640625,781.2158203125,0.5039695111024964,0.3010220462124998,0.7222298068750782,0.7508224487304688,0.16727260808879307,20260810_171451_combined_nfev_160__aruco_mode_high_sensitivity__ref_marker_auto__ref_mode_manual_a0d1273b,accepted,accepted,,
moving,moving_frame_000128,moving_calib_camera,128,/workspaces/project/workspace/temporary_runs/IMG_4388_20260810_151035_queue/dataset/raw_images/moving/frame_000128.png,10,0.17,high_sensitivity,original,1,rigcal_aruco_detector_v2,4.5.4,"{""gamma_passes"":[0.6,0.65],""parameters"":{""adaptiveThreshWinSizeMax"":53,""adaptiveThreshWinSizeMin"":3,""adaptiveThreshWinSizeStep"":4,""cornerRefinementMethod"":""CORNER_REFINE_SUBPIX"",""errorCorrectionRate"":0.8,""minCornerDistanceRate"":0.01,""minDistanceToBorder"":1,""minMarkerDistanceRate"":0.01,""minMarkerPerimeterRate"":0.008,""polygonalApproxAccuracyRate"":0.05},""support_rule"":{""maximum_area_ratio"":2.0,""maximum_center_distance_image_diagonal_fraction"":0.01,""minimum_area_image_fraction"":0.0001,""same_marker_id"":true}}",1670.3568220407146,1668.7609491421802,545.2221303399076,959.6141905487639,plumb_bob,True,True,0.5900634693852768,1.9104002422549957,-1.3461150302285605,0.6822233998078112,-0.4294457669578149,-0.09899525778438563,4.280616109493353,4.303242731322019,377.25,921.25,1080,1920,2690.5,0.0012975019290123457,0.23999743083214609,-1.6358069039702752,-4.4934225898476364e-05,0.0017468931619849986,3.7166088637899355,0.0,0.0,0.0,333.0,932.0,360.0,896.0,421.0,909.0,395.0,948.0,0.4913337399853253,0.3602085408499284,0.6289057130446516,0.6986111111111111,0.18856387509736236,20260810_171451_combined_nfev_160__aruco_mode_high_sensitivity__ref_marker_auto__ref_mode_manual_a0d1273b,accepted,accepted,,
moving,moving_frame_000151,moving_calib_camera,151,/workspaces/project/workspace/temporary_runs/IMG_4388_20260810_151035_queue/dataset/raw_images/moving/frame_000151.png,10,0.17,high_sensitivity,original,1,rigcal_aruco_detector_v2,4.5.4,"{""gamma_passes"":[0.6,0.65],""parameters"":{""adaptiveThreshWinSizeMax"":53,""adaptiveThreshWinSizeMin"":3,""adaptiveThreshWinSizeStep"":4,""cornerRefinementMethod"":""CORNER_REFINE_SUBPIX"",""errorCorrectionRate"":0.8,""minCornerDistanceRate"":0.01,""minDistanceToBorder"":1,""minMarkerDistanceRate"":0.01,""minMarkerPerimeterRate"":0.008,""polygonalApproxAccuracyRate"":0.05},""support_rule"":{""maximum_area_ratio"":2.0,""maximum_center_distance_image_diagonal_fraction"":0.01,""minimum_area_image_fraction"":0.0001,""same_marker_id"":true}}",1670.3568220407146,1668.7609491421802,545.2221303399076,959.6141905487639,plumb_bob,True,True,0.30917642850434895,1.8201974507481333,1.4017196708538586,-0.484502003709216,0.756012054312974,-0.543622475282672,5.548676220509911,5.626267628006255,774.2799987792969,795.2930450439453,1080,1920,1426.074906585738,0.0006877290251667333,0.23999743083214609,-1.6358069039702752,-4.4934225898476364e-05,0.0017468931619849986,3.7166088637899355,0.0,0.0,0.0,786.5827026367188,779.2107543945312,808.0,808.0,762.0,812.0,740.5372924804688,781.96142578125,0.462371131619671,0.26224588179163716,0.7638389893273869,0.5661481504087095,0.1509145202305819,20260810_171451_combined_nfev_160__aruco_mode_high_sensitivity__ref_marker_auto__ref_mode_manual_a0d1273b,accepted,accepted,,
moving,moving_frame_000120,moving_calib_camera,120,/workspaces/project/workspace/temporary_runs/IMG_4388_20260810_151035_queue/dataset/raw_images/moving/frame_000120.png,10,0.17,high_sensitivity,original,1,rigcal_aruco_detector_v2,4.5.4,"{""gamma_passes"":[0.6,0.65],""parameters"":{""adaptiveThreshWinSizeMax"":53,""adaptiveThreshWinSizeMin"":3,""adaptiveThreshWinSizeStep"":4,""cornerRefinementMethod"":""CORNER_REFINE_SUBPIX"",""errorCorrectionRate"":0.8,""minCornerDistanceRate"":0.01,""minDistanceToBorder"":1,""minMarkerDistanceRate"":0.01,""minMarkerPerimeterRate"":0.008,""polygonalApproxAccuracyRate"":0.05},""support_rule"":{""maximum_area_ratio"":2.0,""maximum_center_distance_image_diagonal_fraction"":0.01,""minimum_area_image_fraction"":0.0001,""same_marker_id"":true}}",1670.3568220407146,1668.7609491421802,545.2221303399076,959.6141905487639,plumb_bob,True,True,0.17211586849715493,1.8798579773642898,-0.976232951325024,0.6113785836961105,-0.16859890265458916,-0.6621787983861235,7.055481410301172,7.088492384288343,505.24395751953125,802.7529754638672,1080,1920,632.7890286110342,0.00030516446210022865,0.23999743083214609,-1.6358069039702752,-4.4934225898476364e-05,0.0017468931619849986,3.7166088637899355,0.0,0.0,0.0,477.0,804.0,500.6978759765625,792.007080078125,533.2779541015625,801.0048217773438,510.0,814.0,0.5253138557431863,0.1746895709824226,0.8531579742898322,0.9356369583695023,0.12363243389367223,20260810_171451_combined_nfev_160__aruco_mode_high_sensitivity__ref_marker_auto__ref_mode_manual_a0d1273b,accepted,accepted,,
moving,moving_frame_000126,moving_calib_camera,126,/workspaces/project/workspace/temporary_runs/IMG_4388_20260810_151035_queue/dataset/raw_images/moving/frame_000126.png,10,0.17,high_sensitivity,original,1,rigcal_aruco_detector_v2,4.5.4,"{""gamma_passes"":[0.6,0.65],""parameters"":{""adaptiveThreshWinSizeMax"":53,""adaptiveThreshWinSizeMin"":3,""adaptiveThreshWinSizeStep"":4,""cornerRefinementMethod"":""CORNER_REFINE_SUBPIX"",""errorCorrectionRate"":0.8,""minCornerDistanceRate"":0.01,""minDistanceToBorder"":1,""minMarkerDistanceRate"":0.01,""minMarkerPerimeterRate"":0.008,""polygonalApproxAccuracyRate"":0.05},""support_rule"":{""maximum_area_ratio"":2.0,""maximum_center_distance_image_diagonal_fraction"":0.01,""minimum_area_image_fraction"":0.0001,""same_marker_id"":true}}",1670.3568220407146,1668.7609491421802,545.2221303399076,959.6141905487639,plumb_bob,True,True,1.1631457616240402,-1.8940305107824797,1.238116186832716,0.48184121478287467,-0.452042469271972,-0.1720981834627825,4.9594470777765824,4.982978576719288,392.6359558105469,901.3492126464844,1080,1920,2107.033201903105,0.0010161232648066671,0.23999743083214609,-1.6358069039702752,-4.4934225898476364e-05,0.0017468931619849986,3.7166088637899355,0.0,0.0,0.0,356.0,912.0,376.0306396484375,878.6415405273438,431.38726806640625,889.496826171875,407.12591552734375,925.2584838867188,0.42832847025814497,0.31876688422837574,0.4622896975972728,0.7271036218713831,0.16714082913336137,20260810_171451_combined_nfev_160__aruco_mode_high_sensitivity__ref_marker_auto__ref_mode_manual_a0d1273b,accepted,accepted,,
moving,moving_frame_000123,moving_calib_camera,123,/workspaces/project/workspace/temporary_runs/IMG_4388_20260810_151035_queue/dataset/raw_images/moving/frame_000123.png,10,0.17,high_sensitivity,original,1,rigcal_aruco_detector_v2,4.5.4,"{""gamma_passes"":[0.6,0.65],""parameters"":{""adaptiveThreshWinSizeMax"":53,""adaptiveThreshWinSizeMin"":3,""adaptiveThreshWinSizeStep"":4,""cornerRefinementMethod"":""CORNER_REFINE_SUBPIX"",""errorCorrectionRate"":0.8,""minCornerDistanceRate"":0.01,""minDistanceToBorder"":1,""minMarkerDistanceRate"":0.01,""minMarkerPerimeterRate"":0.008,""polygonalApproxAccuracyRate"":0.05},""support_rule"":{""maximum_area_ratio"":2.0,""maximum_center_distance_image_diagonal_fraction"":0.01,""minimum_area_image_fraction"":0.0001,""same_marker_id"":true}}",1670.3568220407146,1668.7609491421802,545.2221303399076,959.6141905487639,plumb_bob,True,True,0.869677509865328,-1.8067198285807942,1.0383266429677622,0.5693877514547618,-0.35497267601887417,-0.415516125041809,5.967847238716194,5.9928173604359305,445.6874542236328,843.0648651123047,1080,1920,1165.2725854795426,0.0005619563008678349,0.23999743083214609,-1.6358069039702752,-4.4934225898476364e-05,0.0017468931619849986,3.7166088637899355,0.0,0.0,0.0,414.0,848.0,435.6697692871094,827.0791625976562,478.95733642578125,837.2709350585938,454.1227111816406,859.9093627929688,0.4346477640393382,0.23705617496024753,0.5348515959161478,0.8253471374511718,0.1430038779016045,20260810_171451_combined_nfev_160__aruco_mode_high_sensitivity__ref_marker_auto__ref_mode_manual_a0d1273b,accepted,accepted,,
moving,moving_frame_000125,moving_calib_camera,125,/workspaces/project/workspace/temporary_runs/IMG_4388_20260810_151035_queue/dataset/raw_images/moving/frame_000125.png,10,0.17,high_sensitivity,original,1,rigcal_aruco_detector_v2,4.5.4,"{""gamma_passes"":[0.6,0.65],""parameters"":{""adaptiveThreshWinSizeMax"":53,""adaptiveThreshWinSizeMin"":3,""adaptiveThreshWinSizeStep"":4,""cornerRefinementMethod"":""CORNER_REFINE_SUBPIX"",""errorCorrectionRate"":0.8,""minCornerDistanceRate"":0.01,""minDistanceToBorder"":1,""minMarkerDistanceRate"":0.01,""minMarkerPerimeterRate"":0.008,""polygonalApproxAccuracyRate"":0.05},""support_rule"":{""maximum_area_ratio"":2.0,""maximum_center_distance_image_diagonal_fraction"":0.01,""minimum_area_image_fraction"":0.0001,""same_marker_id"":true}}",1670.3568220407146,1668.7609491421802,545.2221303399076,959.6141905487639,plumb_bob,True,True,1.2150946629910886,-1.861971318118891,1.1602017385653445,0.5045978094309697,-0.45966928822328457,-0.2343818926261537,5.321285984013563,5.346243096772341,400.6264419555664,885.76416015625,1080,1920,1689.7183965966105,0.0008148719119389519,0.23999743083214609,-1.6358069039702752,-4.4934225898476364e-05,0.0017468931619849986,3.7166088637899355,0.0,0.0,0.0,366.0,894.0,386.6160583496094,865.9758911132812,437.3689880371094,876.2103271484375,412.5207214355469,906.8704223632812,0.4137557559102717,0.28545961394546726,0.45144797498165573,0.7419008184362341,0.15757354150341227,20260810_171451_combined_nfev_160__aruco_mode_high_sensitivity__ref_marker_auto__ref_mode_manual_a0d1273b,accepted,accepted,,
moving,moving_frame_000119,moving_calib_camera,119,/workspaces/project/workspace/temporary_runs/IMG_4388_20260810_151035_queue/dataset/raw_images/moving/frame_000119.png,10,0.17,high_sensitivity,original,1,rigcal_aruco_detector_v2,4.5.4,"{""gamma_passes"":[0.6,0.65],""parameters"":{""adaptiveThreshWinSizeMax"":53,""adaptiveThreshWinSizeMin"":3,""adaptiveThreshWinSizeStep"":4,""cornerRefinementMethod"":""CORNER_REFINE_SUBPIX"",""errorCorrectionRate"":0.8,""minCornerDistanceRate"":0.01,""minDistanceToBorder"":1,""minMarkerDistanceRate"":0.01,""minMarkerPerimeterRate"":0.008,""polygonalApproxAccuracyRate"":0.05},""support_rule"":{""maximum_area_ratio"":2.0,""maximum_center_distance_image_diagonal_fraction"":0.01,""minimum_area_image_fraction"":0.0001,""same_marker_id"":true}}",1670.3568220407146,1668.7609491421802,545.2221303399076,959.6141905487639,plumb_bob,True,True,0.5779033246357602,1.8852266732746468,-0.8993123314268561,0.5994734314503134,-0.07813019813758433,-0.7530404169197561,7.7455481193810645,7.78246039932252,528.3601989746094,797.0884399414062,1080,1920,489.8137943930924,0.00023621421411703915,0.23999743083214609,-1.6358069039702752,-4.4934225898476364e-05,0.0017468931619849986,3.7166088637899355,0.0,0.0,0.0,503.0,797.0,524.9382934570312,788.0624389648438,554.5025024414062,796.2913208007812,531.0,807.0,0.4586780578137851,0.15369261989992855,0.6337523879866581,0.9784448129159433,0.1138633087462757,20260810_171451_combined_nfev_160__aruco_mode_high_sensitivity__ref_marker_auto__ref_mode_manual_a0d1273b,accepted,accepted,,
moving,moving_frame_000121,moving_calib_camera,121,/workspaces/project/workspace/temporary_runs/IMG_4388_20260810_151035_queue/dataset/raw_images/moving/frame_000121.png,10,0.17,high_sensitivity,original,1,rigcal_aruco_detector_v2,4.5.4,"{""gamma_passes"":[0.6,0.65],""parameters"":{""adaptiveThreshWinSizeMax"":53,""adaptiveThreshWinSizeMin"":3,""adaptiveThreshWinSizeStep"":4,""cornerRefinementMethod"":""CORNER_REFINE_SUBPIX"",""errorCorrectionRate"":0.8,""minCornerDistanceRate"":0.01,""minDistanceToBorder"":1,""minMarkerDistanceRate"":0.01,""minMarkerPerimeterRate"":0.008,""polygonalApproxAccuracyRate"":0.05},""support_rule"":{""maximum_area_ratio"":2.0,""maximum_center_distance_image_diagonal_fraction"":0.01,""minimum_area_image_fraction"":0.0001,""same_marker_id"":true}}",1670.3568220407146,1668.7609491421802,545.2221303399076,959.6141905487639,plumb_bob,True,True,0.9217304593032817,1.9128355725783155,-1.0433214817222614,0.6072283891373164,-0.24625243380954925,-0.5736398364293186,6.631910179935027,6.661226280334698,483.0939254760742,815.0969085693359,1080,1920,821.7834461163729,0.0003963076032582817,0.23999743083214609,-1.6358069039702752,-4.4934225898476364e-05,0.0017468931619849986,3.7166088637899355,0.0,0.0,0.0,454.0,817.0,476.672119140625,802.3884887695312,513.5152587890625,811.9683837890625,488.1883239746094,829.03076171875,0.4277156227197126,0.19907476064490992,0.5203643389003405,0.8946183805112485,0.13052740689396694,20260810_171451_combined_nfev_160__aruco_mode_high_sensitivity__ref_marker_auto__ref_mode_manual_a0d1273b,accepted,accepted,,
moving,moving_frame_000153,moving_calib_camera,153,/workspaces/project/workspace/temporary_runs/IMG_4388_20260810_151035_queue/dataset/raw_images/moving/frame_000153.png,10,0.17,high_sensitivity,original,1,rigcal_aruco_detector_v2,4.5.4,"{""gamma_passes"":[0.6,0.65],""parameters"":{""adaptiveThreshWinSizeMax"":53,""adaptiveThreshWinSizeMin"":3,""adaptiveThreshWinSizeStep"":4,""cornerRefinementMethod"":""CORNER_REFINE_SUBPIX"",""errorCorrectionRate"":0.8,""minCornerDistanceRate"":0.01,""minDistanceToBorder"":1,""minMarkerDistanceRate"":0.01,""minMarkerPerimeterRate"":0.008,""polygonalApproxAccuracyRate"":0.05},""support_rule"":{""maximum_area_ratio"":2.0,""maximum_center_distance_image_diagonal_fraction"":0.01,""minimum_area_image_fraction"":0.0001,""same_marker_id"":true}}",1670.3568220407146,1668.7609491421802,545.2221303399076,959.6141905487639,plumb_bob,True,True,1.1776366786541617,1.6568141849794773,1.4410514152895333,-0.5492738947245543,1.2871742274725555,-0.5289564184414041,5.718205113438855,5.8851068047944715,925.1965484619141,803.8381652832031,1080,1920,1081.7268371582031,0.0005216661058826211,0.23999743083214609,-1.6358069039702752,-4.4934225898476364e-05,0.0017468931619849986,3.7166088637899355,0.0,0.0,0.0,936.0,793.0,959.0,817.0,912.0,816.0,893.7861938476562,789.3526611328125,0.30098278674998796,0.22840011074485517,0.45921342609733545,0.28667305840386287,0.14524102942072678,20260810_171451_combined_nfev_160__aruco_mode_high_sensitivity__ref_marker_auto__ref_mode_manual_a0d1273b,accepted,accepted,,
moving,moving_frame_000122,moving_calib_camera,122,/workspaces/project/workspace/temporary_runs/IMG_4388_20260810_151035_queue/dataset/raw_images/moving/frame_000122.png,10,0.17,high_sensitivity,original,1,rigcal_aruco_detector_v2,4.5.4,"{""gamma_passes"":[0.6,0.65],""parameters"":{""adaptiveThreshWinSizeMax"":53,""adaptiveThreshWinSizeMin"":3,""adaptiveThreshWinSizeStep"":4,""cornerRefinementMethod"":""CORNER_REFINE_SUBPIX"",""errorCorrectionRate"":0.8,""minCornerDistanceRate"":0.01,""minDistanceToBorder"":1,""minMarkerDistanceRate"":0.01,""minMarkerPerimeterRate"":0.008,""polygonalApproxAccuracyRate"":0.05},""support_rule"":{""maximum_area_ratio"":2.0,""maximum_center_distance_image_diagonal_fraction"":0.01,""minimum_area_image_fraction"":0.0001,""same_marker_id"":true}}",1670.3568220407146,1668.7609491421802,545.2221303399076,959.6141905487639,plumb_bob,True,True,1.2327354893483222,-1.8186112283286402,0.9979122102977375,0.6033321255412625,-0.3046839111711342,-0.5085922083104878,6.566201496950089,6.5929128932991565,467.5869903564453,830.0042266845703,1080,1920,943.5627421597019,0.0004550360446372019,0.23999743083214609,-1.6358069039702752,-4.4934225898476364e-05,0.0017468931619849986,3.7166088637899355,0.0,0.0,0.0,439.0,833.0,458.93890380859375,815.6441040039062,498.3658142089844,825.778076171875,474.0432434082031,845.5947265625,0.40604116484591113,0.2133157389029703,0.4478810879169006,0.8659018339934172,0.13170176110969387,20260810_171451_combined_nfev_160__aruco_mode_high_sensitivity__ref_marker_auto__ref_mode_manual_a0d1273b,accepted,accepted,,
moving,moving_frame_000117,moving_calib_camera,117,/workspaces/project/workspace/temporary_runs/IMG_4388_20260810_151035_queue/dataset/raw_images/moving/frame_000117.png,10,0.17,high_sensitivity,original,1,rigcal_aruco_detector_v2,4.5.4,"{""gamma_passes"":[0.6,0.65],""parameters"":{""adaptiveThreshWinSizeMax"":53,""adaptiveThreshWinSizeMin"":3,""adaptiveThreshWinSizeStep"":4,""cornerRefinementMethod"":""CORNER_REFINE_SUBPIX"",""errorCorrectionRate"":0.8,""minCornerDistanceRate"":0.01,""minDistanceToBorder"":1,""minMarkerDistanceRate"":0.01,""minMarkerPerimeterRate"":0.008,""polygonalApproxAccuracyRate"":0.05},""support_rule"":{""maximum_area_ratio"":2.0,""maximum_center_distance_image_diagonal_fraction"":0.01,""minimum_area_image_fraction"":0.0001,""same_marker_id"":true}}",1670.3568220407146,1668.7609491421802,545.2221303399076,959.6141905487639,plumb_bob,True,True,1.1215878159692205,1.8479825226954194,-0.7811138434741113,0.5683378589013894,-0.0011772652144078233,-0.8408329334842742,8.347710655658663,8.389950810259993,545.01416015625,791.1853790283203,1080,1920,341.4763014651835,0.0001646780003207868,0.23999743083214609,-1.6358069039702752,-4.4934225898476364e-05,0.0017468931619849986,3.7166088637899355,0.0,0.0,0.0,522.0,790.0,543.1978759765625,784.6902465820312,569.8587646484375,791.05126953125,545.0,799.0,0.40152688423767585,0.1283269263719765,0.4713450899712877,0.9907145182291667,0.10649683051665651,20260810_171451_combined_nfev_160__aruco_mode_high_sensitivity__ref_marker_auto__ref_mode_manual_a0d1273b,accepted,accepted,,
moving,moving_frame_000118,moving_calib_camera,118,/workspaces/project/workspace/temporary_runs/IMG_4388_20260810_151035_queue/dataset/raw_images/moving/frame_000118.png,10,0.17,high_sensitivity,original,1,rigcal_aruco_detector_v2,4.5.4,"{""gamma_passes"":[0.6,0.65],""parameters"":{""adaptiveThreshWinSizeMax"":53,""adaptiveThreshWinSizeMin"":3,""adaptiveThreshWinSizeStep"":4,""cornerRefinementMethod"":""CORNER_REFINE_SUBPIX"",""errorCorrectionRate"":0.8,""minCornerDistanceRate"":0.01,""minDistanceToBorder"":1,""minMarkerDistanceRate"":0.01,""minMarkerPerimeterRate"":0.008,""polygonalApproxAccuracyRate"":0.05},""support_rule"":{""maximum_area_ratio"":2.0,""maximum_center_distance_image_diagonal_fraction"":0.01,""minimum_area_image_fraction"":0.0001,""same_marker_id"":true}}",1670.3568220407146,1668.7609491421802,545.2221303399076,959.6141905487639,plumb_bob,True,True,1.7902124783045013,1.7698061242205354,-0.6902730598798611,0.5007953596917644,-0.012274631340375724,-0.7789578838281871,7.9333421103309085,7.9715019344476294,542.6592712402344,795.4461212158203,1080,1920,306.8229491598904,0.00014796631421676814,0.23999743083214609,-1.6358069039702752,-4.4934225898476364e-05,0.0017468931619849986,3.7166088637899355,0.0,0.0,0.0,517.0,794.0,544.919189453125,790.6644897460938,566.7178955078125,794.1199951171875,542.0,803.0,0.3663367458197362,0.12164140504645946,0.3583956446957256,0.9950754236291957,0.11146405666595549,20260810_171451_combined_nfev_160__aruco_mode_high_sensitivity__ref_marker_auto__ref_mode_manual_a0d1273b,accepted,accepted,,
