canonical_camera,physical_camera,source_topic,frame_index,timestamp_ns,width,height,marker_count,marker_ids,marker_total_area_px2,sharpness,candidate_preview
cam_edge_0,center_left,/edge_5/camera/color/image_raw/compressed,0,1783681578629206831,1280,720,3,15 16 19,14347.0,141.75319653252492,/home/maxim/camera-rig-calibration/data_local/real_vehicle_2026_07_10/datasets/real_05x_4k_3hz_v1/preview/static_candidates/cam_edge_0/frame_0000_t1783681578629206831.jpg
cam_edge_0,center_left,/edge_5/camera/color/image_raw/compressed,1,1783681578692100264,1280,720,3,15 16 19,14382.5,142.4476593466289,/home/maxim/camera-rig-calibration/data_local/real_vehicle_2026_07_10/datasets/real_05x_4k_3hz_v1/preview/static_candidates/cam_edge_0/frame_0001_t1783681578692100264.jpg
cam_edge_0,center_left,/edge_5/camera/color/image_raw/compressed,2,1783681578755548394,1280,720,3,15 16 19,14347.0,141.991611327926,/home/maxim/camera-rig-calibration/data_local/real_vehicle_2026_07_10/datasets/real_05x_4k_3hz_v1/preview/static_candidates/cam_edge_0/frame_0002_t1783681578755548394.jpg
cam_edge_0,center_left,/edge_5/camera/color/image_raw/compressed,3,1783681578821476639,1280,720,3,15 16 19,14323.5,141.92108072893583,/home/maxim/camera-rig-calibration/data_local/real_vehicle_2026_07_10/datasets/real_05x_4k_3hz_v1/preview/static_candidates/cam_edge_0/frame_0003_t1783681578821476639.jpg
cam_edge_0,center_left,/edge_5/camera/color/image_raw/compressed,4,1783681578888749319,1280,720,3,15 16 19,14323.5,142.03765407562253,/home/maxim/camera-rig-calibration/data_local/real_vehicle_2026_07_10/datasets/real_05x_4k_3hz_v1/preview/static_candidates/cam_edge_0/frame_0004_t1783681578888749319.jpg
cam_edge_0,center_left,/edge_5/camera/color/image_raw/compressed,5,1783681578956092588,1280,720,3,15 16 19,14359.0,141.9023360894933,/home/maxim/camera-rig-calibration/data_local/real_vehicle_2026_07_10/datasets/real_05x_4k_3hz_v1/preview/static_candidates/cam_edge_0/frame_0005_t1783681578956092588.jpg
cam_edge_0,center_left,/edge_5/camera/color/image_raw/compressed,6,1783681579022376778,1280,720,3,15 16 19,14347.0,141.83111653207735,/home/maxim/camera-rig-calibration/data_local/real_vehicle_2026_07_10/datasets/real_05x_4k_3hz_v1/preview/static_candidates/cam_edge_0/frame_0006_t1783681579022376778.jpg
cam_edge_0,center_left,/edge_5/camera/color/image_raw/compressed,7,1783681579089927256,1280,720,3,15 16 19,14347.0,142.03309134138948,/home/maxim/camera-rig-calibration/data_local/real_vehicle_2026_07_10/datasets/real_05x_4k_3hz_v1/preview/static_candidates/cam_edge_0/frame_0007_t1783681579089927256.jpg
cam_edge_0,center_left,/edge_5/camera/color/image_raw/compressed,8,1783681579155313478,1280,720,3,15 16 19,14313.0,142.2117815381462,/home/maxim/camera-rig-calibration/data_local/real_vehicle_2026_07_10/datasets/real_05x_4k_3hz_v1/preview/static_candidates/cam_edge_0/frame_0008_t1783681579155313478.jpg
cam_edge_0,center_left,/edge_5/camera/color/image_raw/compressed,9,1783681579222983561,1280,720,3,15 16 19,14359.0,141.87258243662518,/home/maxim/camera-rig-calibration/data_local/real_vehicle_2026_07_10/datasets/real_05x_4k_3hz_v1/preview/static_candidates/cam_edge_0/frame_0009_t1783681579222983561.jpg
cam_edge_0,center_left,/edge_5/camera/color/image_raw/compressed,10,1783681579290255749,1280,720,3,15 16 19,14347.0,141.632902551014,/home/maxim/camera-rig-calibration/data_local/real_vehicle_2026_07_10/datasets/real_05x_4k_3hz_v1/preview/static_candidates/cam_edge_0/frame_0010_t1783681579290255749.jpg
cam_edge_0,center_left,/edge_5/camera/color/image_raw/compressed,11,1783681579356770266,1280,720,3,15 16 19,14347.0,141.05716687900753,/home/maxim/camera-rig-calibration/data_local/real_vehicle_2026_07_10/datasets/real_05x_4k_3hz_v1/preview/static_candidates/cam_edge_0/frame_0011_t1783681579356770266.jpg
cam_edge_0,center_left,/edge_5/camera/color/image_raw/compressed,12,1783681579424186016,1280,720,3,15 16 19,14323.5,142.23562934016002,/home/maxim/camera-rig-calibration/data_local/real_vehicle_2026_07_10/datasets/real_05x_4k_3hz_v1/preview/static_candidates/cam_edge_0/frame_0012_t1783681579424186016.jpg
cam_edge_0,center_left,/edge_5/camera/color/image_raw/compressed,13,1783681579491277685,1280,720,3,15 16 19,14359.0,142.055789661544,/home/maxim/camera-rig-calibration/data_local/real_vehicle_2026_07_10/datasets/real_05x_4k_3hz_v1/preview/static_candidates/cam_edge_0/frame_0013_t1783681579491277685.jpg
cam_edge_0,center_left,/edge_5/camera/color/image_raw/compressed,14,1783681579558168075,1280,720,3,15 16 19,14323.5,141.16427175106358,/home/maxim/camera-rig-calibration/data_local/real_vehicle_2026_07_10/datasets/real_05x_4k_3hz_v1/preview/static_candidates/cam_edge_0/frame_0014_t1783681579558168075.jpg
cam_edge_0,center_left,/edge_5/camera/color/image_raw/compressed,15,1783681579625816641,1280,720,3,15 16 19,14347.0,141.86984808709417,/home/maxim/camera-rig-calibration/data_local/real_vehicle_2026_07_10/datasets/real_05x_4k_3hz_v1/preview/static_candidates/cam_edge_0/frame_0015_t1783681579625816641.jpg
cam_edge_0,center_left,/edge_5/camera/color/image_raw/compressed,16,1783681579692811270,1280,720,3,15 16 19,14323.5,140.99959631166337,/home/maxim/camera-rig-calibration/data_local/real_vehicle_2026_07_10/datasets/real_05x_4k_3hz_v1/preview/static_candidates/cam_edge_0/frame_0016_t1783681579692811270.jpg
cam_edge_0,center_left,/edge_5/camera/color/image_raw/compressed,17,1783681579760052200,1280,720,3,15 16 19,14359.0,141.51666855180525,/home/maxim/camera-rig-calibration/data_local/real_vehicle_2026_07_10/datasets/real_05x_4k_3hz_v1/preview/static_candidates/cam_edge_0/frame_0017_t1783681579760052200.jpg
cam_edge_0,center_left,/edge_5/camera/color/image_raw/compressed,18,1783681579827322329,1280,720,3,15 16 19,14323.5,141.42358284437393,/home/maxim/camera-rig-calibration/data_local/real_vehicle_2026_07_10/datasets/real_05x_4k_3hz_v1/preview/static_candidates/cam_edge_0/frame_0018_t1783681579827322329.jpg
cam_edge_0,center_left,/edge_5/camera/color/image_raw/compressed,19,1783681579894379858,1280,720,3,15 16 19,14323.5,141.539647251354,/home/maxim/camera-rig-calibration/data_local/real_vehicle_2026_07_10/datasets/real_05x_4k_3hz_v1/preview/static_candidates/cam_edge_0/frame_0019_t1783681579894379858.jpg
cam_edge_0,center_left,/edge_5/camera/color/image_raw/compressed,20,1783681579962766412,1280,720,3,15 16 19,14323.5,141.43795779334178,/home/maxim/camera-rig-calibration/data_local/real_vehicle_2026_07_10/datasets/real_05x_4k_3hz_v1/preview/static_candidates/cam_edge_0/frame_0020_t1783681579962766412.jpg
cam_edge_0,center_left,/edge_5/camera/color/image_raw/compressed,21,1783681580031079003,1280,720,3,15 16 19,14289.5,141.53015611707903,/home/maxim/camera-rig-calibration/data_local/real_vehicle_2026_07_10/datasets/real_05x_4k_3hz_v1/preview/static_candidates/cam_edge_0/frame_0021_t1783681580031079003.jpg
cam_edge_0,center_left,/edge_5/camera/color/image_raw/compressed,22,1783681580097311503,1280,720,3,15 16 19,14347.0,140.97779947573338,/home/maxim/camera-rig-calibration/data_local/real_vehicle_2026_07_10/datasets/real_05x_4k_3hz_v1/preview/static_candidates/cam_edge_0/frame_0022_t1783681580097311503.jpg
cam_edge_0,center_left,/edge_5/camera/color/image_raw/compressed,23,1783681580165323979,1280,720,3,15 16 19,14289.5,141.6139300479418,/home/maxim/camera-rig-calibration/data_local/real_vehicle_2026_07_10/datasets/real_05x_4k_3hz_v1/preview/static_candidates/cam_edge_0/frame_0023_t1783681580165323979.jpg
cam_edge_0,center_left,/edge_5/camera/color/image_raw/compressed,24,1783681580231469960,1280,720,3,15 16 19,14347.0,141.34629227014122,/home/maxim/camera-rig-calibration/data_local/real_vehicle_2026_07_10/datasets/real_05x_4k_3hz_v1/preview/static_candidates/cam_edge_0/frame_0024_t1783681580231469960.jpg
cam_edge_0,center_left,/edge_5/camera/color/image_raw/compressed,25,1783681580298448213,1280,720,3,15 16 19,14347.0,141.67966904363627,/home/maxim/camera-rig-calibration/data_local/real_vehicle_2026_07_10/datasets/real_05x_4k_3hz_v1/preview/static_candidates/cam_edge_0/frame_0025_t1783681580298448213.jpg
cam_edge_0,center_left,/edge_5/camera/color/image_raw/compressed,26,1783681580365595381,1280,720,3,15 16 19,14354.5,141.7728146697574,/home/maxim/camera-rig-calibration/data_local/real_vehicle_2026_07_10/datasets/real_05x_4k_3hz_v1/preview/static_candidates/cam_edge_0/frame_0026_t1783681580365595381.jpg
cam_edge_0,center_left,/edge_5/camera/color/image_raw/compressed,27,1783681580432577761,1280,720,3,15 16 19,14359.0,142.10837347759548,/home/maxim/camera-rig-calibration/data_local/real_vehicle_2026_07_10/datasets/real_05x_4k_3hz_v1/preview/static_candidates/cam_edge_0/frame_0027_t1783681580432577761.jpg
cam_edge_0,center_left,/edge_5/camera/color/image_raw/compressed,28,1783681580502741945,1280,720,3,15 16 19,14313.0,141.57598280615156,/home/maxim/camera-rig-calibration/data_local/real_vehicle_2026_07_10/datasets/real_05x_4k_3hz_v1/preview/static_candidates/cam_edge_0/frame_0028_t1783681580502741945.jpg
cam_edge_0,center_left,/edge_5/camera/color/image_raw/compressed,29,1783681580569317484,1280,720,3,15 16 19,14289.5,141.9583767096203,/home/maxim/camera-rig-calibration/data_local/real_vehicle_2026_07_10/datasets/real_05x_4k_3hz_v1/preview/static_candidates/cam_edge_0/frame_0029_t1783681580569317484.jpg
cam_edge_0,center_left,/edge_5/camera/color/image_raw/compressed,30,1783681580637411807,1280,720,3,15 16 19,14359.0,141.20709192420108,/home/maxim/camera-rig-calibration/data_local/real_vehicle_2026_07_10/datasets/real_05x_4k_3hz_v1/preview/static_candidates/cam_edge_0/frame_0030_t1783681580637411807.jpg
cam_edge_0,center_left,/edge_5/camera/color/image_raw/compressed,31,1783681580703447286,1280,720,3,15 16 19,14323.5,141.42553384585918,/home/maxim/camera-rig-calibration/data_local/real_vehicle_2026_07_10/datasets/real_05x_4k_3hz_v1/preview/static_candidates/cam_edge_0/frame_0031_t1783681580703447286.jpg
cam_edge_0,center_left,/edge_5/camera/color/image_raw/compressed,32,1783681580768899674,1280,720,3,15 16 19,14325.0,141.29773762088232,/home/maxim/camera-rig-calibration/data_local/real_vehicle_2026_07_10/datasets/real_05x_4k_3hz_v1/preview/static_candidates/cam_edge_0/frame_0032_t1783681580768899674.jpg
cam_edge_0,center_left,/edge_5/camera/color/image_raw/compressed,33,1783681580835350655,1280,720,3,15 16 19,14323.5,142.24648860066733,/home/maxim/camera-rig-calibration/data_local/real_vehicle_2026_07_10/datasets/real_05x_4k_3hz_v1/preview/static_candidates/cam_edge_0/frame_0033_t1783681580835350655.jpg
cam_edge_0,center_left,/edge_5/camera/color/image_raw/compressed,34,1783681580902692950,1280,720,3,15 16 19,14323.5,141.49808810627775,/home/maxim/camera-rig-calibration/data_local/real_vehicle_2026_07_10/datasets/real_05x_4k_3hz_v1/preview/static_candidates/cam_edge_0/frame_0034_t1783681580902692950.jpg
cam_edge_0,center_left,/edge_5/camera/color/image_raw/compressed,35,1783681580969651414,1280,720,3,15 16 19,14359.0,141.39000867686326,/home/maxim/camera-rig-calibration/data_local/real_vehicle_2026_07_10/datasets/real_05x_4k_3hz_v1/preview/static_candidates/cam_edge_0/frame_0035_t1783681580969651414.jpg
cam_edge_0,center_left,/edge_5/camera/color/image_raw/compressed,36,1783681581037330018,1280,720,3,15 16 19,14350.5,140.90869466103322,/home/maxim/camera-rig-calibration/data_local/real_vehicle_2026_07_10/datasets/real_05x_4k_3hz_v1/preview/static_candidates/cam_edge_0/frame_0036_t1783681581037330018.jpg
cam_edge_0,center_left,/edge_5/camera/color/image_raw/compressed,37,1783681581105133756,1280,720,3,15 16 19,14359.0,140.7522927473551,/home/maxim/camera-rig-calibration/data_local/real_vehicle_2026_07_10/datasets/real_05x_4k_3hz_v1/preview/static_candidates/cam_edge_0/frame_0037_t1783681581105133756.jpg
cam_edge_0,center_left,/edge_5/camera/color/image_raw/compressed,38,1783681581181718331,1280,720,3,15 16 19,14323.5,141.42270182185703,/home/maxim/camera-rig-calibration/data_local/real_vehicle_2026_07_10/datasets/real_05x_4k_3hz_v1/preview/static_candidates/cam_edge_0/frame_0038_t1783681581181718331.jpg
cam_edge_0,center_left,/edge_5/camera/color/image_raw/compressed,39,1783681581249745364,1280,720,3,15 16 19,14382.5,141.78161236979167,/home/maxim/camera-rig-calibration/data_local/real_vehicle_2026_07_10/datasets/real_05x_4k_3hz_v1/preview/static_candidates/cam_edge_0/frame_0039_t1783681581249745364.jpg
cam_edge_0,center_left,/edge_5/camera/color/image_raw/compressed,40,1783681581317470498,1280,720,3,15 16 19,14347.0,141.60439234059658,/home/maxim/camera-rig-calibration/data_local/real_vehicle_2026_07_10/datasets/real_05x_4k_3hz_v1/preview/static_candidates/cam_edge_0/frame_0040_t1783681581317470498.jpg
cam_edge_0,center_left,/edge_5/camera/color/image_raw/compressed,41,1783681581384001464,1280,720,3,15 16 19,14359.0,141.33600255322864,/home/maxim/camera-rig-calibration/data_local/real_vehicle_2026_07_10/datasets/real_05x_4k_3hz_v1/preview/static_candidates/cam_edge_0/frame_0041_t1783681581384001464.jpg
cam_edge_0,center_left,/edge_5/camera/color/image_raw/compressed,42,1783681581450785722,1280,720,3,15 16 19,14347.0,141.7788192744314,/home/maxim/camera-rig-calibration/data_local/real_vehicle_2026_07_10/datasets/real_05x_4k_3hz_v1/preview/static_candidates/cam_edge_0/frame_0042_t1783681581450785722.jpg
cam_edge_0,center_left,/edge_5/camera/color/image_raw/compressed,43,1783681581518073073,1280,720,3,15 16 19,14347.0,141.34122719333678,/home/maxim/camera-rig-calibration/data_local/real_vehicle_2026_07_10/datasets/real_05x_4k_3hz_v1/preview/static_candidates/cam_edge_0/frame_0043_t1783681581518073073.jpg
cam_edge_0,center_left,/edge_5/camera/color/image_raw/compressed,44,1783681581585480529,1280,720,3,15 16 19,14354.5,141.38850041473756,/home/maxim/camera-rig-calibration/data_local/real_vehicle_2026_07_10/datasets/real_05x_4k_3hz_v1/preview/static_candidates/cam_edge_0/frame_0044_t1783681581585480529.jpg
cam_edge_0,center_left,/edge_5/camera/color/image_raw/compressed,45,1783681581652829324,1280,720,3,15 16 19,14354.5,141.01982411836218,/home/maxim/camera-rig-calibration/data_local/real_vehicle_2026_07_10/datasets/real_05x_4k_3hz_v1/preview/static_candidates/cam_edge_0/frame_0045_t1783681581652829324.jpg
cam_edge_0,center_left,/edge_5/camera/color/image_raw/compressed,46,1783681581719815601,1280,720,3,15 16 19,14323.5,140.29793618518215,/home/maxim/camera-rig-calibration/data_local/real_vehicle_2026_07_10/datasets/real_05x_4k_3hz_v1/preview/static_candidates/cam_edge_0/frame_0046_t1783681581719815601.jpg
cam_edge_0,center_left,/edge_5/camera/color/image_raw/compressed,47,1783681581786668985,1280,720,3,15 16 19,14348.5,141.41862195837234,/home/maxim/camera-rig-calibration/data_local/real_vehicle_2026_07_10/datasets/real_05x_4k_3hz_v1/preview/static_candidates/cam_edge_0/frame_0047_t1783681581786668985.jpg
cam_edge_0,center_left,/edge_5/camera/color/image_raw/compressed,48,1783681581854023173,1280,720,3,15 16 19,14359.0,140.98094935432601,/home/maxim/camera-rig-calibration/data_local/real_vehicle_2026_07_10/datasets/real_05x_4k_3hz_v1/preview/static_candidates/cam_edge_0/frame_0048_t1783681581854023173.jpg
cam_edge_0,center_left,/edge_5/camera/color/image_raw/compressed,49,1783681581921722964,1280,720,3,15 16 19,14308.5,140.83109697544313,/home/maxim/camera-rig-calibration/data_local/real_vehicle_2026_07_10/datasets/real_05x_4k_3hz_v1/preview/static_candidates/cam_edge_0/frame_0049_t1783681581921722964.jpg
cam_edge_0,center_left,/edge_5/camera/color/image_raw/compressed,50,1783681581988461450,1280,720,3,15 16 19,14378.0,140.64188583795993,/home/maxim/camera-rig-calibration/data_local/real_vehicle_2026_07_10/datasets/real_05x_4k_3hz_v1/preview/static_candidates/cam_edge_0/frame_0050_t1783681581988461450.jpg
cam_edge_0,center_left,/edge_5/camera/color/image_raw/compressed,51,1783681582056663110,1280,720,3,15 16 19,14378.0,140.27668185186974,/home/maxim/camera-rig-calibration/data_local/real_vehicle_2026_07_10/datasets/real_05x_4k_3hz_v1/preview/static_candidates/cam_edge_0/frame_0051_t1783681582056663110.jpg
cam_edge_0,center_left,/edge_5/camera/color/image_raw/compressed,52,1783681582122552954,1280,720,3,15 16 19,14347.0,141.075816970824,/home/maxim/camera-rig-calibration/data_local/real_vehicle_2026_07_10/datasets/real_05x_4k_3hz_v1/preview/static_candidates/cam_edge_0/frame_0052_t1783681582122552954.jpg
cam_edge_0,center_left,/edge_5/camera/color/image_raw/compressed,53,1783681582192995717,1280,720,3,15 16 19,14323.5,140.98848734650323,/home/maxim/camera-rig-calibration/data_local/real_vehicle_2026_07_10/datasets/real_05x_4k_3hz_v1/preview/static_candidates/cam_edge_0/frame_0053_t1783681582192995717.jpg
cam_edge_0,center_left,/edge_5/camera/color/image_raw/compressed,54,1783681582259513931,1280,720,3,15 16 19,14354.5,140.6194346022605,/home/maxim/camera-rig-calibration/data_local/real_vehicle_2026_07_10/datasets/real_05x_4k_3hz_v1/preview/static_candidates/cam_edge_0/frame_0054_t1783681582259513931.jpg
cam_edge_0,center_left,/edge_5/camera/color/image_raw/compressed,55,1783681582322246173,1280,720,3,15 16 19,14319.0,140.68989908043076,/home/maxim/camera-rig-calibration/data_local/real_vehicle_2026_07_10/datasets/real_05x_4k_3hz_v1/preview/static_candidates/cam_edge_0/frame_0055_t1783681582322246173.jpg
cam_edge_0,center_left,/edge_5/camera/color/image_raw/compressed,56,1783681582391272047,1280,720,3,15 16 19,14347.0,139.61291448379325,/home/maxim/camera-rig-calibration/data_local/real_vehicle_2026_07_10/datasets/real_05x_4k_3hz_v1/preview/static_candidates/cam_edge_0/frame_0056_t1783681582391272047.jpg
cam_edge_0,center_left,/edge_5/camera/color/image_raw/compressed,57,1783681582449057147,1280,720,3,15 16 19,14382.5,140.136146905912,/home/maxim/camera-rig-calibration/data_local/real_vehicle_2026_07_10/datasets/real_05x_4k_3hz_v1/preview/static_candidates/cam_edge_0/frame_0057_t1783681582449057147.jpg
cam_edge_0,center_left,/edge_5/camera/color/image_raw/compressed,58,1783681582515464177,1280,720,3,15 16 19,14347.0,140.37435756051804,/home/maxim/camera-rig-calibration/data_local/real_vehicle_2026_07_10/datasets/real_05x_4k_3hz_v1/preview/static_candidates/cam_edge_0/frame_0058_t1783681582515464177.jpg
cam_edge_0,center_left,/edge_5/camera/color/image_raw/compressed,59,1783681582583303526,1280,720,3,15 16 19,14382.5,140.15482962134914,/home/maxim/camera-rig-calibration/data_local/real_vehicle_2026_07_10/datasets/real_05x_4k_3hz_v1/preview/static_candidates/cam_edge_0/frame_0059_t1783681582583303526.jpg
cam_edge_0,center_left,/edge_5/camera/color/image_raw/compressed,60,1783681582658754811,1280,720,3,15 16 19,14347.0,139.4812358612614,/home/maxim/camera-rig-calibration/data_local/real_vehicle_2026_07_10/datasets/real_05x_4k_3hz_v1/preview/static_candidates/cam_edge_0/frame_0060_t1783681582658754811.jpg
cam_edge_0,center_left,/edge_5/camera/color/image_raw/compressed,61,1783681582725647549,1280,720,3,15 16 19,14354.5,139.95986651746844,/home/maxim/camera-rig-calibration/data_local/real_vehicle_2026_07_10/datasets/real_05x_4k_3hz_v1/preview/static_candidates/cam_edge_0/frame_0061_t1783681582725647549.jpg
cam_edge_0,center_left,/edge_5/camera/color/image_raw/compressed,62,1783681582795489537,1280,720,3,15 16 19,14347.0,140.06850471093446,/home/maxim/camera-rig-calibration/data_local/real_vehicle_2026_07_10/datasets/real_05x_4k_3hz_v1/preview/static_candidates/cam_edge_0/frame_0062_t1783681582795489537.jpg
cam_edge_0,center_left,/edge_5/camera/color/image_raw/compressed,63,1783681582862544824,1280,720,3,15 16 19,14359.0,140.11564886756707,/home/maxim/camera-rig-calibration/data_local/real_vehicle_2026_07_10/datasets/real_05x_4k_3hz_v1/preview/static_candidates/cam_edge_0/frame_0063_t1783681582862544824.jpg
cam_edge_0,center_left,/edge_5/camera/color/image_raw/compressed,64,1783681582928699348,1280,720,3,15 16 19,14348.5,139.23569768946967,/home/maxim/camera-rig-calibration/data_local/real_vehicle_2026_07_10/datasets/real_05x_4k_3hz_v1/preview/static_candidates/cam_edge_0/frame_0064_t1783681582928699348.jpg
cam_edge_0,center_left,/edge_5/camera/color/image_raw/compressed,65,1783681582997993267,1280,720,3,15 16 19,14347.0,139.29595702333324,/home/maxim/camera-rig-calibration/data_local/real_vehicle_2026_07_10/datasets/real_05x_4k_3hz_v1/preview/static_candidates/cam_edge_0/frame_0065_t1783681582997993267.jpg
cam_edge_0,center_left,/edge_5/camera/color/image_raw/compressed,66,1783681583064248123,1280,720,3,15 16 19,14313.0,139.8513844884755,/home/maxim/camera-rig-calibration/data_local/real_vehicle_2026_07_10/datasets/real_05x_4k_3hz_v1/preview/static_candidates/cam_edge_0/frame_0066_t1783681583064248123.jpg
cam_edge_0,center_left,/edge_5/camera/color/image_raw/compressed,67,1783681583131903714,1280,720,3,15 16 19,14382.5,139.42414278140598,/home/maxim/camera-rig-calibration/data_local/real_vehicle_2026_07_10/datasets/real_05x_4k_3hz_v1/preview/static_candidates/cam_edge_0/frame_0067_t1783681583131903714.jpg
cam_edge_0,center_left,/edge_5/camera/color/image_raw/compressed,68,1783681583265877367,1280,720,3,15 16 19,14347.0,139.3957376213497,/home/maxim/camera-rig-calibration/data_local/real_vehicle_2026_07_10/datasets/real_05x_4k_3hz_v1/preview/static_candidates/cam_edge_0/frame_0068_t1783681583265877367.jpg
cam_edge_0,center_left,/edge_5/camera/color/image_raw/compressed,69,1783681583332805005,1280,720,3,15 16 19,14359.0,139.14575601186758,/home/maxim/camera-rig-calibration/data_local/real_vehicle_2026_07_10/datasets/real_05x_4k_3hz_v1/preview/static_candidates/cam_edge_0/frame_0069_t1783681583332805005.jpg
cam_edge_0,center_left,/edge_5/camera/color/image_raw/compressed,70,1783681583399813349,1280,720,3,15 16 19,14319.0,139.44671440764535,/home/maxim/camera-rig-calibration/data_local/real_vehicle_2026_07_10/datasets/real_05x_4k_3hz_v1/preview/static_candidates/cam_edge_0/frame_0070_t1783681583399813349.jpg
cam_edge_0,center_left,/edge_5/camera/color/image_raw/compressed,71,1783681583468105179,1280,720,3,15 16 19,14323.5,138.71850575691388,/home/maxim/camera-rig-calibration/data_local/real_vehicle_2026_07_10/datasets/real_05x_4k_3hz_v1/preview/static_candidates/cam_edge_0/frame_0071_t1783681583468105179.jpg
cam_edge_0,center_left,/edge_5/camera/color/image_raw/compressed,72,1783681583534722817,1280,720,3,15 16 19,14359.0,138.90601670907924,/home/maxim/camera-rig-calibration/data_local/real_vehicle_2026_07_10/datasets/real_05x_4k_3hz_v1/preview/static_candidates/cam_edge_0/frame_0072_t1783681583534722817.jpg
cam_edge_0,center_left,/edge_5/camera/color/image_raw/compressed,73,1783681583602051045,1280,720,3,15 16 19,14354.5,138.9502072438829,/home/maxim/camera-rig-calibration/data_local/real_vehicle_2026_07_10/datasets/real_05x_4k_3hz_v1/preview/static_candidates/cam_edge_0/frame_0073_t1783681583602051045.jpg
cam_edge_0,center_left,/edge_5/camera/color/image_raw/compressed,74,1783681583669493981,1280,720,3,15 16 19,14323.5,138.37515622692345,/home/maxim/camera-rig-calibration/data_local/real_vehicle_2026_07_10/datasets/real_05x_4k_3hz_v1/preview/static_candidates/cam_edge_0/frame_0074_t1783681583669493981.jpg
cam_edge_0,center_left,/edge_5/camera/color/image_raw/compressed,75,1783681583735269196,1280,720,3,15 16 19,14347.0,138.42199435556194,/home/maxim/camera-rig-calibration/data_local/real_vehicle_2026_07_10/datasets/real_05x_4k_3hz_v1/preview/static_candidates/cam_edge_0/frame_0075_t1783681583735269196.jpg
cam_edge_0,center_left,/edge_5/camera/color/image_raw/compressed,76,1783681583803121742,1280,720,3,15 16 19,14378.0,138.97106984200184,/home/maxim/camera-rig-calibration/data_local/real_vehicle_2026_07_10/datasets/real_05x_4k_3hz_v1/preview/static_candidates/cam_edge_0/frame_0076_t1783681583803121742.jpg
cam_edge_0,center_left,/edge_5/camera/color/image_raw/compressed,77,1783681583870031612,1280,720,3,15 16 19,14359.0,138.49618897381063,/home/maxim/camera-rig-calibration/data_local/real_vehicle_2026_07_10/datasets/real_05x_4k_3hz_v1/preview/static_candidates/cam_edge_0/frame_0077_t1783681583870031612.jpg
cam_edge_0,center_left,/edge_5/camera/color/image_raw/compressed,78,1783681583937094037,1280,720,3,15 16 19,14323.5,137.89280379503037,/home/maxim/camera-rig-calibration/data_local/real_vehicle_2026_07_10/datasets/real_05x_4k_3hz_v1/preview/static_candidates/cam_edge_0/frame_0078_t1783681583937094037.jpg
cam_edge_0,center_left,/edge_5/camera/color/image_raw/compressed,79,1783681584004857999,1280,720,3,15 16 19,14323.5,138.9683550260144,/home/maxim/camera-rig-calibration/data_local/real_vehicle_2026_07_10/datasets/real_05x_4k_3hz_v1/preview/static_candidates/cam_edge_0/frame_0079_t1783681584004857999.jpg
cam_edge_0,center_left,/edge_5/camera/color/image_raw/compressed,80,1783681584071089172,1280,720,3,15 16 19,14323.5,139.17025603477572,/home/maxim/camera-rig-calibration/data_local/real_vehicle_2026_07_10/datasets/real_05x_4k_3hz_v1/preview/static_candidates/cam_edge_0/frame_0080_t1783681584071089172.jpg
cam_edge_0,center_left,/edge_5/camera/color/image_raw/compressed,81,1783681584138619723,1280,720,3,15 16 19,14354.5,138.51814124552294,/home/maxim/camera-rig-calibration/data_local/real_vehicle_2026_07_10/datasets/real_05x_4k_3hz_v1/preview/static_candidates/cam_edge_0/frame_0081_t1783681584138619723.jpg
cam_edge_0,center_left,/edge_5/camera/color/image_raw/compressed,82,1783681584209798744,1280,720,3,15 16 19,14289.5,138.15238053497976,/home/maxim/camera-rig-calibration/data_local/real_vehicle_2026_07_10/datasets/real_05x_4k_3hz_v1/preview/static_candidates/cam_edge_0/frame_0082_t1783681584209798744.jpg
cam_edge_0,center_left,/edge_5/camera/color/image_raw/compressed,83,1783681584273342738,1280,720,3,15 16 19,14359.0,138.180794270532,/home/maxim/camera-rig-calibration/data_local/real_vehicle_2026_07_10/datasets/real_05x_4k_3hz_v1/preview/static_candidates/cam_edge_0/frame_0083_t1783681584273342738.jpg
cam_edge_0,center_left,/edge_5/camera/color/image_raw/compressed,84,1783681584340671884,1280,720,3,15 16 19,14359.0,138.77170246146756,/home/maxim/camera-rig-calibration/data_local/real_vehicle_2026_07_10/datasets/real_05x_4k_3hz_v1/preview/static_candidates/cam_edge_0/frame_0084_t1783681584340671884.jpg
cam_edge_0,center_left,/edge_5/camera/color/image_raw/compressed,85,1783681584407401173,1280,720,3,15 16 19,14382.5,138.32029728788677,/home/maxim/camera-rig-calibration/data_local/real_vehicle_2026_07_10/datasets/real_05x_4k_3hz_v1/preview/static_candidates/cam_edge_0/frame_0085_t1783681584407401173.jpg
cam_edge_0,center_left,/edge_5/camera/color/image_raw/compressed,86,1783681584474454749,1280,720,3,15 16 19,14347.0,138.15926756309108,/home/maxim/camera-rig-calibration/data_local/real_vehicle_2026_07_10/datasets/real_05x_4k_3hz_v1/preview/static_candidates/cam_edge_0/frame_0086_t1783681584474454749.jpg
cam_edge_0,center_left,/edge_5/camera/color/image_raw/compressed,87,1783681584542615008,1280,720,3,15 16 19,14325.0,137.9183940501272,/home/maxim/camera-rig-calibration/data_local/real_vehicle_2026_07_10/datasets/real_05x_4k_3hz_v1/preview/static_candidates/cam_edge_0/frame_0087_t1783681584542615008.jpg
cam_edge_0,center_left,/edge_5/camera/color/image_raw/compressed,88,1783681584609567395,1280,720,3,15 16 19,14382.5,138.20965161614944,/home/maxim/camera-rig-calibration/data_local/real_vehicle_2026_07_10/datasets/real_05x_4k_3hz_v1/preview/static_candidates/cam_edge_0/frame_0088_t1783681584609567395.jpg
cam_edge_0,center_left,/edge_5/camera/color/image_raw/compressed,89,1783681584676687152,1280,720,3,15 16 19,14350.5,137.98602105008234,/home/maxim/camera-rig-calibration/data_local/real_vehicle_2026_07_10/datasets/real_05x_4k_3hz_v1/preview/static_candidates/cam_edge_0/frame_0089_t1783681584676687152.jpg
cam_edge_0,center_left,/edge_5/camera/color/image_raw/compressed,90,1783681584734322744,1280,720,3,15 16 19,14347.0,137.677679033151,/home/maxim/camera-rig-calibration/data_local/real_vehicle_2026_07_10/datasets/real_05x_4k_3hz_v1/preview/static_candidates/cam_edge_0/frame_0090_t1783681584734322744.jpg
cam_edge_0,center_left,/edge_5/camera/color/image_raw/compressed,91,1783681584801979135,1280,720,3,15 16 19,14382.5,137.86568032605086,/home/maxim/camera-rig-calibration/data_local/real_vehicle_2026_07_10/datasets/real_05x_4k_3hz_v1/preview/static_candidates/cam_edge_0/frame_0091_t1783681584801979135.jpg
cam_edge_0,center_left,/edge_5/camera/color/image_raw/compressed,92,1783681584868622597,1280,720,3,15 16 19,14359.0,137.11234157880142,/home/maxim/camera-rig-calibration/data_local/real_vehicle_2026_07_10/datasets/real_05x_4k_3hz_v1/preview/static_candidates/cam_edge_0/frame_0092_t1783681584868622597.jpg
cam_edge_0,center_left,/edge_5/camera/color/image_raw/compressed,93,1783681584936001917,1280,720,3,15 16 19,14347.0,137.6953210745919,/home/maxim/camera-rig-calibration/data_local/real_vehicle_2026_07_10/datasets/real_05x_4k_3hz_v1/preview/static_candidates/cam_edge_0/frame_0093_t1783681584936001917.jpg
cam_edge_0,center_left,/edge_5/camera/color/image_raw/compressed,94,1783681585002835108,1280,720,3,15 16 19,14323.5,138.53044269559882,/home/maxim/camera-rig-calibration/data_local/real_vehicle_2026_07_10/datasets/real_05x_4k_3hz_v1/preview/static_candidates/cam_edge_0/frame_0094_t1783681585002835108.jpg
cam_edge_0,center_left,/edge_5/camera/color/image_raw/compressed,95,1783681585072834760,1280,720,3,15 16 19,14382.5,138.614550728334,/home/maxim/camera-rig-calibration/data_local/real_vehicle_2026_07_10/datasets/real_05x_4k_3hz_v1/preview/static_candidates/cam_edge_0/frame_0095_t1783681585072834760.jpg
cam_edge_0,center_left,/edge_5/camera/color/image_raw/compressed,96,1783681585139952703,1280,720,3,15 16 19,14378.0,138.14216687807507,/home/maxim/camera-rig-calibration/data_local/real_vehicle_2026_07_10/datasets/real_05x_4k_3hz_v1/preview/static_candidates/cam_edge_0/frame_0096_t1783681585139952703.jpg
cam_edge_0,center_left,/edge_5/camera/color/image_raw/compressed,97,1783681585207193498,1280,720,3,15 16 19,14359.0,138.1706955012274,/home/maxim/camera-rig-calibration/data_local/real_vehicle_2026_07_10/datasets/real_05x_4k_3hz_v1/preview/static_candidates/cam_edge_0/frame_0097_t1783681585207193498.jpg
cam_edge_0,center_left,/edge_5/camera/color/image_raw/compressed,98,1783681585274846700,1280,720,3,15 16 19,14347.0,137.72050230938825,/home/maxim/camera-rig-calibration/data_local/real_vehicle_2026_07_10/datasets/real_05x_4k_3hz_v1/preview/static_candidates/cam_edge_0/frame_0098_t1783681585274846700.jpg
cam_edge_0,center_left,/edge_5/camera/color/image_raw/compressed,99,1783681585341726737,1280,720,3,15 16 19,14347.0,138.9222742665562,/home/maxim/camera-rig-calibration/data_local/real_vehicle_2026_07_10/datasets/real_05x_4k_3hz_v1/preview/static_candidates/cam_edge_0/frame_0099_t1783681585341726737.jpg
cam_edge_0,center_left,/edge_5/camera/color/image_raw/compressed,100,1783681585408713197,1280,720,3,15 16 19,14323.5,138.33209309875932,/home/maxim/camera-rig-calibration/data_local/real_vehicle_2026_07_10/datasets/real_05x_4k_3hz_v1/preview/static_candidates/cam_edge_0/frame_0100_t1783681585408713197.jpg
cam_edge_0,center_left,/edge_5/camera/color/image_raw/compressed,101,1783681585475879119,1280,720,3,15 16 19,14347.0,138.08323783297598,/home/maxim/camera-rig-calibration/data_local/real_vehicle_2026_07_10/datasets/real_05x_4k_3hz_v1/preview/static_candidates/cam_edge_0/frame_0101_t1783681585475879119.jpg
cam_edge_0,center_left,/edge_5/camera/color/image_raw/compressed,102,1783681585542683406,1280,720,3,15 16 19,14323.5,138.2011349568496,/home/maxim/camera-rig-calibration/data_local/real_vehicle_2026_07_10/datasets/real_05x_4k_3hz_v1/preview/static_candidates/cam_edge_0/frame_0102_t1783681585542683406.jpg
cam_edge_0,center_left,/edge_5/camera/color/image_raw/compressed,103,1783681585609751681,1280,720,3,15 16 19,14359.0,137.89367940546555,/home/maxim/camera-rig-calibration/data_local/real_vehicle_2026_07_10/datasets/real_05x_4k_3hz_v1/preview/static_candidates/cam_edge_0/frame_0103_t1783681585609751681.jpg
cam_edge_0,center_left,/edge_5/camera/color/image_raw/compressed,104,1783681585676355549,1280,720,3,15 16 19,14323.5,138.14483723166674,/home/maxim/camera-rig-calibration/data_local/real_vehicle_2026_07_10/datasets/real_05x_4k_3hz_v1/preview/static_candidates/cam_edge_0/frame_0104_t1783681585676355549.jpg
cam_edge_0,center_left,/edge_5/camera/color/image_raw/compressed,105,1783681585742912752,1280,720,3,15 16 19,14392.5,138.28937065255906,/home/maxim/camera-rig-calibration/data_local/real_vehicle_2026_07_10/datasets/real_05x_4k_3hz_v1/preview/static_candidates/cam_edge_0/frame_0105_t1783681585742912752.jpg
cam_edge_0,center_left,/edge_5/camera/color/image_raw/compressed,106,1783681585809481516,1280,720,3,15 16 19,14323.5,137.3965396907935,/home/maxim/camera-rig-calibration/data_local/real_vehicle_2026_07_10/datasets/real_05x_4k_3hz_v1/preview/static_candidates/cam_edge_0/frame_0106_t1783681585809481516.jpg
cam_edge_0,center_left,/edge_5/camera/color/image_raw/compressed,107,1783681585876577402,1280,720,3,15 16 19,14382.5,138.86520932675472,/home/maxim/camera-rig-calibration/data_local/real_vehicle_2026_07_10/datasets/real_05x_4k_3hz_v1/preview/static_candidates/cam_edge_0/frame_0107_t1783681585876577402.jpg
cam_edge_0,center_left,/edge_5/camera/color/image_raw/compressed,108,1783681585943311834,1280,720,3,15 16 19,14359.0,137.74142903447913,/home/maxim/camera-rig-calibration/data_local/real_vehicle_2026_07_10/datasets/real_05x_4k_3hz_v1/preview/static_candidates/cam_edge_0/frame_0108_t1783681585943311834.jpg
cam_edge_0,center_left,/edge_5/camera/color/image_raw/compressed,109,1783681586011833770,1280,720,3,15 16 19,14390.5,138.5251562294854,/home/maxim/camera-rig-calibration/data_local/real_vehicle_2026_07_10/datasets/real_05x_4k_3hz_v1/preview/static_candidates/cam_edge_0/frame_0109_t1783681586011833770.jpg
cam_edge_0,center_left,/edge_5/camera/color/image_raw/compressed,110,1783681586219359212,1280,720,3,15 16 19,14359.0,138.91846350351975,/home/maxim/camera-rig-calibration/data_local/real_vehicle_2026_07_10/datasets/real_05x_4k_3hz_v1/preview/static_candidates/cam_edge_0/frame_0110_t1783681586219359212.jpg
cam_edge_0,center_left,/edge_5/camera/color/image_raw/compressed,111,1783681586288994920,1280,720,3,15 16 19,14359.0,138.70060004297773,/home/maxim/camera-rig-calibration/data_local/real_vehicle_2026_07_10/datasets/real_05x_4k_3hz_v1/preview/static_candidates/cam_edge_0/frame_0111_t1783681586288994920.jpg
cam_edge_0,center_left,/edge_5/camera/color/image_raw/compressed,112,1783681586354815604,1280,720,3,15 16 19,14359.0,138.53731659274513,/home/maxim/camera-rig-calibration/data_local/real_vehicle_2026_07_10/datasets/real_05x_4k_3hz_v1/preview/static_candidates/cam_edge_0/frame_0112_t1783681586354815604.jpg
cam_edge_0,center_left,/edge_5/camera/color/image_raw/compressed,113,1783681586424497388,1280,720,3,15 16 19,14347.0,138.37406032880148,/home/maxim/camera-rig-calibration/data_local/real_vehicle_2026_07_10/datasets/real_05x_4k_3hz_v1/preview/static_candidates/cam_edge_0/frame_0113_t1783681586424497388.jpg
cam_edge_0,center_left,/edge_5/camera/color/image_raw/compressed,114,1783681586560129204,1280,720,3,15 16 19,14354.5,138.58615125816132,/home/maxim/camera-rig-calibration/data_local/real_vehicle_2026_07_10/datasets/real_05x_4k_3hz_v1/preview/static_candidates/cam_edge_0/frame_0114_t1783681586560129204.jpg
cam_edge_0,center_left,/edge_5/camera/color/image_raw/compressed,115,1783681586623826154,1280,720,3,15 16 19,14359.0,139.20307720698136,/home/maxim/camera-rig-calibration/data_local/real_vehicle_2026_07_10/datasets/real_05x_4k_3hz_v1/preview/static_candidates/cam_edge_0/frame_0115_t1783681586623826154.jpg
cam_edge_0,center_left,/edge_5/camera/color/image_raw/compressed,116,1783681586687523171,1280,720,3,15 16 19,14323.5,138.84306311975993,/home/maxim/camera-rig-calibration/data_local/real_vehicle_2026_07_10/datasets/real_05x_4k_3hz_v1/preview/static_candidates/cam_edge_0/frame_0116_t1783681586687523171.jpg
cam_edge_0,center_left,/edge_5/camera/color/image_raw/compressed,117,1783681586754288135,1280,720,3,15 16 19,14359.0,139.2538075070687,/home/maxim/camera-rig-calibration/data_local/real_vehicle_2026_07_10/datasets/real_05x_4k_3hz_v1/preview/static_candidates/cam_edge_0/frame_0117_t1783681586754288135.jpg
cam_edge_0,center_left,/edge_5/camera/color/image_raw/compressed,118,1783681586821830757,1280,720,3,15 16 19,14359.0,138.30457139722918,/home/maxim/camera-rig-calibration/data_local/real_vehicle_2026_07_10/datasets/real_05x_4k_3hz_v1/preview/static_candidates/cam_edge_0/frame_0118_t1783681586821830757.jpg
cam_edge_0,center_left,/edge_5/camera/color/image_raw/compressed,119,1783681586891804910,1280,720,3,15 16 19,14347.0,139.07408632721604,/home/maxim/camera-rig-calibration/data_local/real_vehicle_2026_07_10/datasets/real_05x_4k_3hz_v1/preview/static_candidates/cam_edge_0/frame_0119_t1783681586891804910.jpg
cam_edge_0,center_left,/edge_5/camera/color/image_raw/compressed,120,1783681586956525966,1280,720,3,15 16 19,14382.5,138.14953667533655,/home/maxim/camera-rig-calibration/data_local/real_vehicle_2026_07_10/datasets/real_05x_4k_3hz_v1/preview/static_candidates/cam_edge_0/frame_0120_t1783681586956525966.jpg
cam_edge_0,center_left,/edge_5/camera/color/image_raw/compressed,121,1783681587023684790,1280,720,3,15 16 19,14378.0,138.5609700356895,/home/maxim/camera-rig-calibration/data_local/real_vehicle_2026_07_10/datasets/real_05x_4k_3hz_v1/preview/static_candidates/cam_edge_0/frame_0121_t1783681587023684790.jpg
cam_edge_0,center_left,/edge_5/camera/color/image_raw/compressed,122,1783681587094442619,1280,720,3,15 16 19,14348.5,138.6866221367624,/home/maxim/camera-rig-calibration/data_local/real_vehicle_2026_07_10/datasets/real_05x_4k_3hz_v1/preview/static_candidates/cam_edge_0/frame_0122_t1783681587094442619.jpg
cam_edge_0,center_left,/edge_5/camera/color/image_raw/compressed,123,1783681587160097181,1280,720,3,15 16 19,14325.0,138.8212184993591,/home/maxim/camera-rig-calibration/data_local/real_vehicle_2026_07_10/datasets/real_05x_4k_3hz_v1/preview/static_candidates/cam_edge_0/frame_0123_t1783681587160097181.jpg
cam_edge_0,center_left,/edge_5/camera/color/image_raw/compressed,124,1783681587225358994,1280,720,3,15 16 19,14359.0,138.92920681423496,/home/maxim/camera-rig-calibration/data_local/real_vehicle_2026_07_10/datasets/real_05x_4k_3hz_v1/preview/static_candidates/cam_edge_0/frame_0124_t1783681587225358994.jpg
cam_edge_0,center_left,/edge_5/camera/color/image_raw/compressed,125,1783681587287272180,1280,720,3,15 16 19,14347.0,138.95423285330196,/home/maxim/camera-rig-calibration/data_local/real_vehicle_2026_07_10/datasets/real_05x_4k_3hz_v1/preview/static_candidates/cam_edge_0/frame_0125_t1783681587287272180.jpg
cam_edge_0,center_left,/edge_5/camera/color/image_raw/compressed,126,1783681587356620855,1280,720,3,15 16 19,14359.0,139.42543833240939,/home/maxim/camera-rig-calibration/data_local/real_vehicle_2026_07_10/datasets/real_05x_4k_3hz_v1/preview/static_candidates/cam_edge_0/frame_0126_t1783681587356620855.jpg
cam_edge_0,center_left,/edge_5/camera/color/image_raw/compressed,127,1783681587426689512,1280,720,3,15 16 19,14354.5,138.38438476520005,/home/maxim/camera-rig-calibration/data_local/real_vehicle_2026_07_10/datasets/real_05x_4k_3hz_v1/preview/static_candidates/cam_edge_0/frame_0127_t1783681587426689512.jpg
cam_edge_0,center_left,/edge_5/camera/color/image_raw/compressed,128,1783681587488807483,1280,720,3,15 16 19,14359.5,138.45879122510374,/home/maxim/camera-rig-calibration/data_local/real_vehicle_2026_07_10/datasets/real_05x_4k_3hz_v1/preview/static_candidates/cam_edge_0/frame_0128_t1783681587488807483.jpg
cam_edge_0,center_left,/edge_5/camera/color/image_raw/compressed,129,1783681587555485047,1280,720,3,15 16 19,14347.0,138.81093308847215,/home/maxim/camera-rig-calibration/data_local/real_vehicle_2026_07_10/datasets/real_05x_4k_3hz_v1/preview/static_candidates/cam_edge_0/frame_0129_t1783681587555485047.jpg
cam_edge_0,center_left,/edge_5/camera/color/image_raw/compressed,130,1783681587622508980,1280,720,3,15 16 19,14354.5,138.90031682388403,/home/maxim/camera-rig-calibration/data_local/real_vehicle_2026_07_10/datasets/real_05x_4k_3hz_v1/preview/static_candidates/cam_edge_0/frame_0130_t1783681587622508980.jpg
cam_edge_0,center_left,/edge_5/camera/color/image_raw/compressed,131,1783681587689734744,1280,720,3,15 16 19,14359.0,138.56226126887947,/home/maxim/camera-rig-calibration/data_local/real_vehicle_2026_07_10/datasets/real_05x_4k_3hz_v1/preview/static_candidates/cam_edge_0/frame_0131_t1783681587689734744.jpg
cam_edge_0,center_left,/edge_5/camera/color/image_raw/compressed,132,1783681587756739283,1280,720,3,15 16 19,14359.0,138.96859372948546,/home/maxim/camera-rig-calibration/data_local/real_vehicle_2026_07_10/datasets/real_05x_4k_3hz_v1/preview/static_candidates/cam_edge_0/frame_0132_t1783681587756739283.jpg
cam_edge_0,center_left,/edge_5/camera/color/image_raw/compressed,133,1783681587824147199,1280,720,3,15 16 19,14325.0,138.50807833962978,/home/maxim/camera-rig-calibration/data_local/real_vehicle_2026_07_10/datasets/real_05x_4k_3hz_v1/preview/static_candidates/cam_edge_0/frame_0133_t1783681587824147199.jpg
cam_edge_1,front_right,/edge_1/camera/color/image_raw/compressed,0,1783681579344365536,1280,720,5,2 3 4 6 20,6395.5,429.27168826209214,/home/maxim/camera-rig-calibration/data_local/real_vehicle_2026_07_10/datasets/real_05x_4k_3hz_v1/preview/static_candidates/cam_edge_1/frame_0000_t1783681579344365536.jpg
cam_edge_1,front_right,/edge_1/camera/color/image_raw/compressed,1,1783681579413116764,1280,720,5,2 3 4 6 20,6450.0,429.8342844851917,/home/maxim/camera-rig-calibration/data_local/real_vehicle_2026_07_10/datasets/real_05x_4k_3hz_v1/preview/static_candidates/cam_edge_1/frame_0001_t1783681579413116764.jpg
cam_edge_1,front_right,/edge_1/camera/color/image_raw/compressed,2,1783681579478920222,1280,720,6,0 2 3 4 6 20,6722.5,429.1292249565783,/home/maxim/camera-rig-calibration/data_local/real_vehicle_2026_07_10/datasets/real_05x_4k_3hz_v1/preview/static_candidates/cam_edge_1/frame_0002_t1783681579478920222.jpg
cam_edge_1,front_right,/edge_1/camera/color/image_raw/compressed,3,1783681579546332423,1280,720,5,2 3 4 6 20,6405.0,427.6452841321968,/home/maxim/camera-rig-calibration/data_local/real_vehicle_2026_07_10/datasets/real_05x_4k_3hz_v1/preview/static_candidates/cam_edge_1/frame_0003_t1783681579546332423.jpg
cam_edge_1,front_right,/edge_1/camera/color/image_raw/compressed,4,1783681579613179182,1280,720,5,2 3 4 6 20,6428.5,429.78988027576884,/home/maxim/camera-rig-calibration/data_local/real_vehicle_2026_07_10/datasets/real_05x_4k_3hz_v1/preview/static_candidates/cam_edge_1/frame_0004_t1783681579613179182.jpg
cam_edge_1,front_right,/edge_1/camera/color/image_raw/compressed,5,1783681579679302281,1280,720,5,2 3 4 6 20,6353.0,429.35544139011415,/home/maxim/camera-rig-calibration/data_local/real_vehicle_2026_07_10/datasets/real_05x_4k_3hz_v1/preview/static_candidates/cam_edge_1/frame_0005_t1783681579679302281.jpg
cam_edge_1,front_right,/edge_1/camera/color/image_raw/compressed,6,1783681579745704925,1280,720,5,2 3 4 6 20,6379.0,429.6403307130307,/home/maxim/camera-rig-calibration/data_local/real_vehicle_2026_07_10/datasets/real_05x_4k_3hz_v1/preview/static_candidates/cam_edge_1/frame_0006_t1783681579745704925.jpg
cam_edge_1,front_right,/edge_1/camera/color/image_raw/compressed,7,1783681579812676576,1280,720,5,2 3 4 6 20,6427.5,427.60079940769384,/home/maxim/camera-rig-calibration/data_local/real_vehicle_2026_07_10/datasets/real_05x_4k_3hz_v1/preview/static_candidates/cam_edge_1/frame_0007_t1783681579812676576.jpg
cam_edge_1,front_right,/edge_1/camera/color/image_raw/compressed,8,1783681579879123809,1280,720,5,2 3 4 6 20,6452.0,428.5433783995829,/home/maxim/camera-rig-calibration/data_local/real_vehicle_2026_07_10/datasets/real_05x_4k_3hz_v1/preview/static_candidates/cam_edge_1/frame_0008_t1783681579879123809.jpg
cam_edge_1,front_right,/edge_1/camera/color/image_raw/compressed,9,1783681579945745067,1280,720,5,2 3 4 6 20,6394.5,428.7167218913312,/home/maxim/camera-rig-calibration/data_local/real_vehicle_2026_07_10/datasets/real_05x_4k_3hz_v1/preview/static_candidates/cam_edge_1/frame_0009_t1783681579945745067.jpg
cam_edge_1,front_right,/edge_1/camera/color/image_raw/compressed,10,1783681580012957136,1280,720,5,2 3 4 6 20,6384.0,428.8849975540536,/home/maxim/camera-rig-calibration/data_local/real_vehicle_2026_07_10/datasets/real_05x_4k_3hz_v1/preview/static_candidates/cam_edge_1/frame_0010_t1783681580012957136.jpg
cam_edge_1,front_right,/edge_1/camera/color/image_raw/compressed,11,1783681580092703639,1280,720,5,2 3 4 6 20,6398.0,429.32040772381066,/home/maxim/camera-rig-calibration/data_local/real_vehicle_2026_07_10/datasets/real_05x_4k_3hz_v1/preview/static_candidates/cam_edge_1/frame_0011_t1783681580092703639.jpg
cam_edge_1,front_right,/edge_1/camera/color/image_raw/compressed,12,1783681580148488045,1280,720,5,2 3 4 6 20,6403.0,429.1862041256327,/home/maxim/camera-rig-calibration/data_local/real_vehicle_2026_07_10/datasets/real_05x_4k_3hz_v1/preview/static_candidates/cam_edge_1/frame_0012_t1783681580148488045.jpg
cam_edge_1,front_right,/edge_1/camera/color/image_raw/compressed,13,1783681580214718069,1280,720,5,2 3 4 6 20,6409.5,427.96449089769794,/home/maxim/camera-rig-calibration/data_local/real_vehicle_2026_07_10/datasets/real_05x_4k_3hz_v1/preview/static_candidates/cam_edge_1/frame_0013_t1783681580214718069.jpg
cam_edge_1,front_right,/edge_1/camera/color/image_raw/compressed,14,1783681580281109785,1280,720,5,2 3 4 6 20,6443.0,427.6142184066774,/home/maxim/camera-rig-calibration/data_local/real_vehicle_2026_07_10/datasets/real_05x_4k_3hz_v1/preview/static_candidates/cam_edge_1/frame_0014_t1783681580281109785.jpg
cam_edge_1,front_right,/edge_1/camera/color/image_raw/compressed,15,1783681580349095055,1280,720,5,2 3 4 6 20,6377.0,429.7766199143856,/home/maxim/camera-rig-calibration/data_local/real_vehicle_2026_07_10/datasets/real_05x_4k_3hz_v1/preview/static_candidates/cam_edge_1/frame_0015_t1783681580349095055.jpg
cam_edge_1,front_right,/edge_1/camera/color/image_raw/compressed,16,1783681580413487086,1280,720,5,2 3 4 6 20,6396.5,428.2224431609682,/home/maxim/camera-rig-calibration/data_local/real_vehicle_2026_07_10/datasets/real_05x_4k_3hz_v1/preview/static_candidates/cam_edge_1/frame_0016_t1783681580413487086.jpg
cam_edge_1,front_right,/edge_1/camera/color/image_raw/compressed,17,1783681580480899249,1280,720,5,2 3 4 6 20,6390.0,428.4540438935069,/home/maxim/camera-rig-calibration/data_local/real_vehicle_2026_07_10/datasets/real_05x_4k_3hz_v1/preview/static_candidates/cam_edge_1/frame_0017_t1783681580480899249.jpg
cam_edge_1,front_right,/edge_1/camera/color/image_raw/compressed,18,1783681580547131980,1280,720,5,2 3 4 6 20,6414.5,428.3863536381425,/home/maxim/camera-rig-calibration/data_local/real_vehicle_2026_07_10/datasets/real_05x_4k_3hz_v1/preview/static_candidates/cam_edge_1/frame_0018_t1783681580547131980.jpg
cam_edge_1,front_right,/edge_1/camera/color/image_raw/compressed,19,1783681580614075050,1280,720,5,2 3 4 6 20,6391.0,427.2534407215814,/home/maxim/camera-rig-calibration/data_local/real_vehicle_2026_07_10/datasets/real_05x_4k_3hz_v1/preview/static_candidates/cam_edge_1/frame_0019_t1783681580614075050.jpg
cam_edge_1,front_right,/edge_1/camera/color/image_raw/compressed,20,1783681580681156494,1280,720,5,2 3 4 6 20,6439.5,428.8813721410857,/home/maxim/camera-rig-calibration/data_local/real_vehicle_2026_07_10/datasets/real_05x_4k_3hz_v1/preview/static_candidates/cam_edge_1/frame_0020_t1783681580681156494.jpg
cam_edge_1,front_right,/edge_1/camera/color/image_raw/compressed,21,1783681580747481333,1280,720,4,2 3 4 20,5646.0,429.9716056037056,/home/maxim/camera-rig-calibration/data_local/real_vehicle_2026_07_10/datasets/real_05x_4k_3hz_v1/preview/static_candidates/cam_edge_1/frame_0021_t1783681580747481333.jpg
cam_edge_1,front_right,/edge_1/camera/color/image_raw/compressed,22,1783681580815047560,1280,720,4,2 3 4 20,5614.5,429.5999930713607,/home/maxim/camera-rig-calibration/data_local/real_vehicle_2026_07_10/datasets/real_05x_4k_3hz_v1/preview/static_candidates/cam_edge_1/frame_0022_t1783681580815047560.jpg
cam_edge_1,front_right,/edge_1/camera/color/image_raw/compressed,23,1783681580881487145,1280,720,5,2 3 4 6 20,6456.0,429.73851534919265,/home/maxim/camera-rig-calibration/data_local/real_vehicle_2026_07_10/datasets/real_05x_4k_3hz_v1/preview/static_candidates/cam_edge_1/frame_0023_t1783681580881487145.jpg
cam_edge_1,front_right,/edge_1/camera/color/image_raw/compressed,24,1783681580947860967,1280,720,5,2 3 4 6 20,6440.5,428.31600347657263,/home/maxim/camera-rig-calibration/data_local/real_vehicle_2026_07_10/datasets/real_05x_4k_3hz_v1/preview/static_candidates/cam_edge_1/frame_0024_t1783681580947860967.jpg
cam_edge_1,front_right,/edge_1/camera/color/image_raw/compressed,25,1783681581014639228,1280,720,5,2 3 4 10 20,5855.5,429.0770203402297,/home/maxim/camera-rig-calibration/data_local/real_vehicle_2026_07_10/datasets/real_05x_4k_3hz_v1/preview/static_candidates/cam_edge_1/frame_0025_t1783681581014639228.jpg
cam_edge_1,front_right,/edge_1/camera/color/image_raw/compressed,26,1783681581081927166,1280,720,5,2 3 4 6 20,6449.0,429.919535979093,/home/maxim/camera-rig-calibration/data_local/real_vehicle_2026_07_10/datasets/real_05x_4k_3hz_v1/preview/static_candidates/cam_edge_1/frame_0026_t1783681581081927166.jpg
cam_edge_1,front_right,/edge_1/camera/color/image_raw/compressed,27,1783681581148577050,1280,720,4,2 3 4 20,5671.5,430.5951637241682,/home/maxim/camera-rig-calibration/data_local/real_vehicle_2026_07_10/datasets/real_05x_4k_3hz_v1/preview/static_candidates/cam_edge_1/frame_0027_t1783681581148577050.jpg
cam_edge_1,front_right,/edge_1/camera/color/image_raw/compressed,28,1783681581214045164,1280,720,4,2 3 4 20,5663.5,429.6067846954899,/home/maxim/camera-rig-calibration/data_local/real_vehicle_2026_07_10/datasets/real_05x_4k_3hz_v1/preview/static_candidates/cam_edge_1/frame_0028_t1783681581214045164.jpg
cam_edge_1,front_right,/edge_1/camera/color/image_raw/compressed,29,1783681581282091790,1280,720,5,2 3 4 6 20,6446.0,430.04673266468626,/home/maxim/camera-rig-calibration/data_local/real_vehicle_2026_07_10/datasets/real_05x_4k_3hz_v1/preview/static_candidates/cam_edge_1/frame_0029_t1783681581282091790.jpg
cam_edge_1,front_right,/edge_1/camera/color/image_raw/compressed,30,1783681581347483059,1280,720,5,2 3 4 6 20,6375.5,431.1320083049622,/home/maxim/camera-rig-calibration/data_local/real_vehicle_2026_07_10/datasets/real_05x_4k_3hz_v1/preview/static_candidates/cam_edge_1/frame_0030_t1783681581347483059.jpg
cam_edge_1,front_right,/edge_1/camera/color/image_raw/compressed,31,1783681581414873767,1280,720,6,2 3 4 6 10 20,6619.0,430.0826030240929,/home/maxim/camera-rig-calibration/data_local/real_vehicle_2026_07_10/datasets/real_05x_4k_3hz_v1/preview/static_candidates/cam_edge_1/frame_0031_t1783681581414873767.jpg
cam_edge_1,front_right,/edge_1/camera/color/image_raw/compressed,32,1783681581482613274,1280,720,5,2 3 4 6 20,6382.0,429.8742062123324,/home/maxim/camera-rig-calibration/data_local/real_vehicle_2026_07_10/datasets/real_05x_4k_3hz_v1/preview/static_candidates/cam_edge_1/frame_0032_t1783681581482613274.jpg
cam_edge_1,front_right,/edge_1/camera/color/image_raw/compressed,33,1783681581548603705,1280,720,5,2 3 4 6 20,6391.0,430.7771633921682,/home/maxim/camera-rig-calibration/data_local/real_vehicle_2026_07_10/datasets/real_05x_4k_3hz_v1/preview/static_candidates/cam_edge_1/frame_0033_t1783681581548603705.jpg
cam_edge_1,front_right,/edge_1/camera/color/image_raw/compressed,34,1783681581682563716,1280,720,5,2 3 4 6 20,6428.5,428.40921944036495,/home/maxim/camera-rig-calibration/data_local/real_vehicle_2026_07_10/datasets/real_05x_4k_3hz_v1/preview/static_candidates/cam_edge_1/frame_0034_t1783681581682563716.jpg
cam_edge_1,front_right,/edge_1/camera/color/image_raw/compressed,35,1783681581748108044,1280,720,5,2 3 4 6 20,6373.0,430.40528090709057,/home/maxim/camera-rig-calibration/data_local/real_vehicle_2026_07_10/datasets/real_05x_4k_3hz_v1/preview/static_candidates/cam_edge_1/frame_0035_t1783681581748108044.jpg
cam_edge_1,front_right,/edge_1/camera/color/image_raw/compressed,36,1783681581815804278,1280,720,4,2 3 4 20,5689.5,431.25508342445164,/home/maxim/camera-rig-calibration/data_local/real_vehicle_2026_07_10/datasets/real_05x_4k_3hz_v1/preview/static_candidates/cam_edge_1/frame_0036_t1783681581815804278.jpg
cam_edge_1,front_right,/edge_1/camera/color/image_raw/compressed,37,1783681581881574827,1280,720,5,2 3 4 6 20,6479.5,430.49428256436454,/home/maxim/camera-rig-calibration/data_local/real_vehicle_2026_07_10/datasets/real_05x_4k_3hz_v1/preview/static_candidates/cam_edge_1/frame_0037_t1783681581881574827.jpg
cam_edge_1,front_right,/edge_1/camera/color/image_raw/compressed,38,1783681581948312490,1280,720,5,2 3 4 6 20,6432.0,430.0367479924508,/home/maxim/camera-rig-calibration/data_local/real_vehicle_2026_07_10/datasets/real_05x_4k_3hz_v1/preview/static_candidates/cam_edge_1/frame_0038_t1783681581948312490.jpg
cam_edge_1,front_right,/edge_1/camera/color/image_raw/compressed,39,1783681582014799089,1280,720,5,2 3 4 6 20,6413.0,428.67032824909415,/home/maxim/camera-rig-calibration/data_local/real_vehicle_2026_07_10/datasets/real_05x_4k_3hz_v1/preview/static_candidates/cam_edge_1/frame_0039_t1783681582014799089.jpg
cam_edge_1,front_right,/edge_1/camera/color/image_raw/compressed,40,1783681582106101045,1280,720,5,2 3 4 6 20,6413.5,430.68947230009377,/home/maxim/camera-rig-calibration/data_local/real_vehicle_2026_07_10/datasets/real_05x_4k_3hz_v1/preview/static_candidates/cam_edge_1/frame_0040_t1783681582106101045.jpg
cam_edge_1,front_right,/edge_1/camera/color/image_raw/compressed,41,1783681582149478201,1280,720,5,2 3 4 6 20,6444.5,429.1039992992073,/home/maxim/camera-rig-calibration/data_local/real_vehicle_2026_07_10/datasets/real_05x_4k_3hz_v1/preview/static_candidates/cam_edge_1/frame_0041_t1783681582149478201.jpg
cam_edge_1,front_right,/edge_1/camera/color/image_raw/compressed,42,1783681582214348563,1280,720,5,2 3 4 6 20,6424.0,428.7072269835283,/home/maxim/camera-rig-calibration/data_local/real_vehicle_2026_07_10/datasets/real_05x_4k_3hz_v1/preview/static_candidates/cam_edge_1/frame_0042_t1783681582214348563.jpg
cam_edge_1,front_right,/edge_1/camera/color/image_raw/compressed,43,1783681582282073632,1280,720,5,2 3 4 6 20,6380.5,429.0437915958722,/home/maxim/camera-rig-calibration/data_local/real_vehicle_2026_07_10/datasets/real_05x_4k_3hz_v1/preview/static_candidates/cam_edge_1/frame_0043_t1783681582282073632.jpg
cam_edge_1,front_right,/edge_1/camera/color/image_raw/compressed,44,1783681582348579749,1280,720,5,2 3 4 6 20,6434.0,429.4044855609988,/home/maxim/camera-rig-calibration/data_local/real_vehicle_2026_07_10/datasets/real_05x_4k_3hz_v1/preview/static_candidates/cam_edge_1/frame_0044_t1783681582348579749.jpg
cam_edge_1,front_right,/edge_1/camera/color/image_raw/compressed,45,1783681582414771203,1280,720,5,2 3 4 6 20,6406.5,428.9523663177476,/home/maxim/camera-rig-calibration/data_local/real_vehicle_2026_07_10/datasets/real_05x_4k_3hz_v1/preview/static_candidates/cam_edge_1/frame_0045_t1783681582414771203.jpg
cam_edge_1,front_right,/edge_1/camera/color/image_raw/compressed,46,1783681582481817186,1280,720,5,2 3 4 6 20,6461.5,428.55112176000785,/home/maxim/camera-rig-calibration/data_local/real_vehicle_2026_07_10/datasets/real_05x_4k_3hz_v1/preview/static_candidates/cam_edge_1/frame_0046_t1783681582481817186.jpg
cam_edge_1,front_right,/edge_1/camera/color/image_raw/compressed,47,1783681582548311472,1280,720,5,2 3 4 6 20,6422.0,429.53386043440725,/home/maxim/camera-rig-calibration/data_local/real_vehicle_2026_07_10/datasets/real_05x_4k_3hz_v1/preview/static_candidates/cam_edge_1/frame_0047_t1783681582548311472.jpg
cam_edge_1,front_right,/edge_1/camera/color/image_raw/compressed,48,1783681582615195043,1280,720,5,2 3 4 6 20,6382.5,429.48572135851725,/home/maxim/camera-rig-calibration/data_local/real_vehicle_2026_07_10/datasets/real_05x_4k_3hz_v1/preview/static_candidates/cam_edge_1/frame_0048_t1783681582615195043.jpg
cam_edge_1,front_right,/edge_1/camera/color/image_raw/compressed,49,1783681582681782099,1280,720,5,2 3 4 6 20,6424.5,429.39769736655467,/home/maxim/camera-rig-calibration/data_local/real_vehicle_2026_07_10/datasets/real_05x_4k_3hz_v1/preview/static_candidates/cam_edge_1/frame_0049_t1783681582681782099.jpg
cam_edge_1,front_right,/edge_1/camera/color/image_raw/compressed,50,1783681582748501393,1280,720,5,2 3 4 6 20,6394.5,429.4992653613608,/home/maxim/camera-rig-calibration/data_local/real_vehicle_2026_07_10/datasets/real_05x_4k_3hz_v1/preview/static_candidates/cam_edge_1/frame_0050_t1783681582748501393.jpg
cam_edge_1,front_right,/edge_1/camera/color/image_raw/compressed,51,1783681582814948834,1280,720,5,2 3 4 6 20,6442.0,429.6204517484299,/home/maxim/camera-rig-calibration/data_local/real_vehicle_2026_07_10/datasets/real_05x_4k_3hz_v1/preview/static_candidates/cam_edge_1/frame_0051_t1783681582814948834.jpg
cam_edge_1,front_right,/edge_1/camera/color/image_raw/compressed,52,1783681582881976687,1280,720,4,2 3 4 20,5664.0,429.37313118713763,/home/maxim/camera-rig-calibration/data_local/real_vehicle_2026_07_10/datasets/real_05x_4k_3hz_v1/preview/static_candidates/cam_edge_1/frame_0052_t1783681582881976687.jpg
cam_edge_1,front_right,/edge_1/camera/color/image_raw/compressed,53,1783681582949242821,1280,720,4,2 3 4 20,5651.0,429.71327674149416,/home/maxim/camera-rig-calibration/data_local/real_vehicle_2026_07_10/datasets/real_05x_4k_3hz_v1/preview/static_candidates/cam_edge_1/frame_0053_t1783681582949242821.jpg
cam_edge_1,front_right,/edge_1/camera/color/image_raw/compressed,54,1783681583015816961,1280,720,5,2 3 4 6 20,6419.5,429.3415218128051,/home/maxim/camera-rig-calibration/data_local/real_vehicle_2026_07_10/datasets/real_05x_4k_3hz_v1/preview/static_candidates/cam_edge_1/frame_0054_t1783681583015816961.jpg
cam_edge_1,front_right,/edge_1/camera/color/image_raw/compressed,55,1783681583083075471,1280,720,4,2 3 4 20,5646.0,428.92866957973445,/home/maxim/camera-rig-calibration/data_local/real_vehicle_2026_07_10/datasets/real_05x_4k_3hz_v1/preview/static_candidates/cam_edge_1/frame_0055_t1783681583083075471.jpg
cam_edge_1,front_right,/edge_1/camera/color/image_raw/compressed,56,1783681583148880379,1280,720,4,2 3 4 20,5690.0,428.7371165892978,/home/maxim/camera-rig-calibration/data_local/real_vehicle_2026_07_10/datasets/real_05x_4k_3hz_v1/preview/static_candidates/cam_edge_1/frame_0056_t1783681583148880379.jpg
cam_edge_1,front_right,/edge_1/camera/color/image_raw/compressed,57,1783681583215551792,1280,720,5,2 3 4 6 20,6440.5,429.67754512905066,/home/maxim/camera-rig-calibration/data_local/real_vehicle_2026_07_10/datasets/real_05x_4k_3hz_v1/preview/static_candidates/cam_edge_1/frame_0057_t1783681583215551792.jpg
cam_edge_1,front_right,/edge_1/camera/color/image_raw/compressed,58,1783681583282147994,1280,720,5,2 3 4 6 20,6450.0,429.8377321030935,/home/maxim/camera-rig-calibration/data_local/real_vehicle_2026_07_10/datasets/real_05x_4k_3hz_v1/preview/static_candidates/cam_edge_1/frame_0058_t1783681583282147994.jpg
cam_edge_1,front_right,/edge_1/camera/color/image_raw/compressed,59,1783681583349204121,1280,720,5,2 3 4 6 20,6441.5,429.1360150996266,/home/maxim/camera-rig-calibration/data_local/real_vehicle_2026_07_10/datasets/real_05x_4k_3hz_v1/preview/static_candidates/cam_edge_1/frame_0059_t1783681583349204121.jpg
cam_edge_1,front_right,/edge_1/camera/color/image_raw/compressed,60,1783681583416481649,1280,720,5,2 3 4 6 20,6427.0,429.35143367784275,/home/maxim/camera-rig-calibration/data_local/real_vehicle_2026_07_10/datasets/real_05x_4k_3hz_v1/preview/static_candidates/cam_edge_1/frame_0060_t1783681583416481649.jpg
cam_edge_1,front_right,/edge_1/camera/color/image_raw/compressed,61,1783681583482991789,1280,720,5,2 3 4 6 20,6390.0,429.9624661937278,/home/maxim/camera-rig-calibration/data_local/real_vehicle_2026_07_10/datasets/real_05x_4k_3hz_v1/preview/static_candidates/cam_edge_1/frame_0061_t1783681583482991789.jpg
cam_edge_1,front_right,/edge_1/camera/color/image_raw/compressed,62,1783681583550074675,1280,720,5,2 3 4 6 20,6442.0,429.153819088288,/home/maxim/camera-rig-calibration/data_local/real_vehicle_2026_07_10/datasets/real_05x_4k_3hz_v1/preview/static_candidates/cam_edge_1/frame_0062_t1783681583550074675.jpg
cam_edge_1,front_right,/edge_1/camera/color/image_raw/compressed,63,1783681583618438135,1280,720,5,2 3 4 6 20,6423.0,428.3021698875851,/home/maxim/camera-rig-calibration/data_local/real_vehicle_2026_07_10/datasets/real_05x_4k_3hz_v1/preview/static_candidates/cam_edge_1/frame_0063_t1783681583618438135.jpg
cam_edge_1,front_right,/edge_1/camera/color/image_raw/compressed,64,1783681583682446089,1280,720,4,2 3 4 20,5663.0,429.0209622459304,/home/maxim/camera-rig-calibration/data_local/real_vehicle_2026_07_10/datasets/real_05x_4k_3hz_v1/preview/static_candidates/cam_edge_1/frame_0064_t1783681583682446089.jpg
cam_edge_1,front_right,/edge_1/camera/color/image_raw/compressed,65,1783681583750029258,1280,720,5,2 3 4 6 20,6435.5,429.8970538414272,/home/maxim/camera-rig-calibration/data_local/real_vehicle_2026_07_10/datasets/real_05x_4k_3hz_v1/preview/static_candidates/cam_edge_1/frame_0065_t1783681583750029258.jpg
cam_edge_1,front_right,/edge_1/camera/color/image_raw/compressed,66,1783681583817335715,1280,720,5,2 3 4 6 20,6435.0,428.14074090739916,/home/maxim/camera-rig-calibration/data_local/real_vehicle_2026_07_10/datasets/real_05x_4k_3hz_v1/preview/static_candidates/cam_edge_1/frame_0066_t1783681583817335715.jpg
cam_edge_1,front_right,/edge_1/camera/color/image_raw/compressed,67,1783681583883957711,1280,720,5,2 3 4 6 20,6426.5,430.0353381234441,/home/maxim/camera-rig-calibration/data_local/real_vehicle_2026_07_10/datasets/real_05x_4k_3hz_v1/preview/static_candidates/cam_edge_1/frame_0067_t1783681583883957711.jpg
cam_edge_1,front_right,/edge_1/camera/color/image_raw/compressed,68,1783681584016815213,1280,720,4,2 3 4 20,5669.0,428.9475290060525,/home/maxim/camera-rig-calibration/data_local/real_vehicle_2026_07_10/datasets/real_05x_4k_3hz_v1/preview/static_candidates/cam_edge_1/frame_0068_t1783681584016815213.jpg
cam_edge_1,front_right,/edge_1/camera/color/image_raw/compressed,69,1783681584083430541,1280,720,5,2 3 4 6 20,6408.0,428.51164378457605,/home/maxim/camera-rig-calibration/data_local/real_vehicle_2026_07_10/datasets/real_05x_4k_3hz_v1/preview/static_candidates/cam_edge_1/frame_0069_t1783681584083430541.jpg
cam_edge_1,front_right,/edge_1/camera/color/image_raw/compressed,70,1783681584149637259,1280,720,5,2 3 4 6 20,6445.5,430.41689844484193,/home/maxim/camera-rig-calibration/data_local/real_vehicle_2026_07_10/datasets/real_05x_4k_3hz_v1/preview/static_candidates/cam_edge_1/frame_0070_t1783681584149637259.jpg
cam_edge_1,front_right,/edge_1/camera/color/image_raw/compressed,71,1783681584217432843,1280,720,4,2 3 4 20,5650.0,428.5231084492896,/home/maxim/camera-rig-calibration/data_local/real_vehicle_2026_07_10/datasets/real_05x_4k_3hz_v1/preview/static_candidates/cam_edge_1/frame_0071_t1783681584217432843.jpg
cam_edge_1,front_right,/edge_1/camera/color/image_raw/compressed,72,1783681584283111803,1280,720,4,2 3 4 20,5680.5,429.88287270008607,/home/maxim/camera-rig-calibration/data_local/real_vehicle_2026_07_10/datasets/real_05x_4k_3hz_v1/preview/static_candidates/cam_edge_1/frame_0072_t1783681584283111803.jpg
cam_edge_1,front_right,/edge_1/camera/color/image_raw/compressed,73,1783681584350044768,1280,720,4,2 3 4 20,5648.5,429.98291952717045,/home/maxim/camera-rig-calibration/data_local/real_vehicle_2026_07_10/datasets/real_05x_4k_3hz_v1/preview/static_candidates/cam_edge_1/frame_0073_t1783681584350044768.jpg
cam_edge_1,front_right,/edge_1/camera/color/image_raw/compressed,74,1783681584417299316,1280,720,4,2 3 4 20,5617.5,429.50341849813464,/home/maxim/camera-rig-calibration/data_local/real_vehicle_2026_07_10/datasets/real_05x_4k_3hz_v1/preview/static_candidates/cam_edge_1/frame_0074_t1783681584417299316.jpg
cam_edge_1,front_right,/edge_1/camera/color/image_raw/compressed,75,1783681584484086384,1280,720,5,2 3 4 6 20,6405.5,429.42998575719065,/home/maxim/camera-rig-calibration/data_local/real_vehicle_2026_07_10/datasets/real_05x_4k_3hz_v1/preview/static_candidates/cam_edge_1/frame_0075_t1783681584484086384.jpg
cam_edge_1,front_right,/edge_1/camera/color/image_raw/compressed,76,1783681584550275115,1280,720,4,2 3 4 20,5630.0,429.6296622664545,/home/maxim/camera-rig-calibration/data_local/real_vehicle_2026_07_10/datasets/real_05x_4k_3hz_v1/preview/static_candidates/cam_edge_1/frame_0076_t1783681584550275115.jpg
cam_edge_1,front_right,/edge_1/camera/color/image_raw/compressed,77,1783681584644301034,1280,720,4,2 3 4 20,5675.5,428.42184324449937,/home/maxim/camera-rig-calibration/data_local/real_vehicle_2026_07_10/datasets/real_05x_4k_3hz_v1/preview/static_candidates/cam_edge_1/frame_0077_t1783681584644301034.jpg
cam_edge_1,front_right,/edge_1/camera/color/image_raw/compressed,78,1783681584683677754,1280,720,5,2 3 4 6 20,6404.5,429.39436928383043,/home/maxim/camera-rig-calibration/data_local/real_vehicle_2026_07_10/datasets/real_05x_4k_3hz_v1/preview/static_candidates/cam_edge_1/frame_0078_t1783681584683677754.jpg
cam_edge_1,front_right,/edge_1/camera/color/image_raw/compressed,79,1783681584750509029,1280,720,4,2 3 4 20,5682.0,429.67335284150676,/home/maxim/camera-rig-calibration/data_local/real_vehicle_2026_07_10/datasets/real_05x_4k_3hz_v1/preview/static_candidates/cam_edge_1/frame_0079_t1783681584750509029.jpg
cam_edge_1,front_right,/edge_1/camera/color/image_raw/compressed,80,1783681584817542091,1280,720,5,2 3 4 6 20,6391.5,429.9754480730116,/home/maxim/camera-rig-calibration/data_local/real_vehicle_2026_07_10/datasets/real_05x_4k_3hz_v1/preview/static_candidates/cam_edge_1/frame_0080_t1783681584817542091.jpg
cam_edge_1,front_right,/edge_1/camera/color/image_raw/compressed,81,1783681584884348695,1280,720,5,2 3 4 6 20,6437.5,429.3589960960943,/home/maxim/camera-rig-calibration/data_local/real_vehicle_2026_07_10/datasets/real_05x_4k_3hz_v1/preview/static_candidates/cam_edge_1/frame_0081_t1783681584884348695.jpg
cam_edge_1,front_right,/edge_1/camera/color/image_raw/compressed,82,1783681584969259065,1280,720,5,2 3 4 6 20,6452.0,429.4610564615698,/home/maxim/camera-rig-calibration/data_local/real_vehicle_2026_07_10/datasets/real_05x_4k_3hz_v1/preview/static_candidates/cam_edge_1/frame_0082_t1783681584969259065.jpg
cam_edge_1,front_right,/edge_1/camera/color/image_raw/compressed,83,1783681585066004027,1280,720,5,2 3 4 6 20,6419.5,430.4394258999282,/home/maxim/camera-rig-calibration/data_local/real_vehicle_2026_07_10/datasets/real_05x_4k_3hz_v1/preview/static_candidates/cam_edge_1/frame_0083_t1783681585066004027.jpg
cam_edge_1,front_right,/edge_1/camera/color/image_raw/compressed,84,1783681585112897827,1280,720,5,2 3 4 6 20,6413.0,429.7911066472371,/home/maxim/camera-rig-calibration/data_local/real_vehicle_2026_07_10/datasets/real_05x_4k_3hz_v1/preview/static_candidates/cam_edge_1/frame_0084_t1783681585112897827.jpg
cam_edge_1,front_right,/edge_1/camera/color/image_raw/compressed,85,1783681585151144052,1280,720,5,2 3 4 6 20,6369.5,430.6150727221409,/home/maxim/camera-rig-calibration/data_local/real_vehicle_2026_07_10/datasets/real_05x_4k_3hz_v1/preview/static_candidates/cam_edge_1/frame_0085_t1783681585151144052.jpg
cam_edge_1,front_right,/edge_1/camera/color/image_raw/compressed,86,1783681585218139852,1280,720,4,2 3 4 20,5686.0,429.9864876033629,/home/maxim/camera-rig-calibration/data_local/real_vehicle_2026_07_10/datasets/real_05x_4k_3hz_v1/preview/static_candidates/cam_edge_1/frame_0086_t1783681585218139852.jpg
cam_edge_1,front_right,/edge_1/camera/color/image_raw/compressed,87,1783681585285594432,1280,720,5,2 3 4 6 20,6343.5,430.3339677793705,/home/maxim/camera-rig-calibration/data_local/real_vehicle_2026_07_10/datasets/real_05x_4k_3hz_v1/preview/static_candidates/cam_edge_1/frame_0087_t1783681585285594432.jpg
cam_edge_1,front_right,/edge_1/camera/color/image_raw/compressed,88,1783681585391239917,1280,720,4,2 3 4 20,5614.5,430.82834400125654,/home/maxim/camera-rig-calibration/data_local/real_vehicle_2026_07_10/datasets/real_05x_4k_3hz_v1/preview/static_candidates/cam_edge_1/frame_0088_t1783681585391239917.jpg
cam_edge_1,front_right,/edge_1/camera/color/image_raw/compressed,89,1783681585476713130,1280,720,4,2 3 4 20,5633.0,429.67688347875804,/home/maxim/camera-rig-calibration/data_local/real_vehicle_2026_07_10/datasets/real_05x_4k_3hz_v1/preview/static_candidates/cam_edge_1/frame_0089_t1783681585476713130.jpg
cam_edge_1,front_right,/edge_1/camera/color/image_raw/compressed,90,1783681585487710547,1280,720,4,2 3 4 20,5671.0,430.90337210383944,/home/maxim/camera-rig-calibration/data_local/real_vehicle_2026_07_10/datasets/real_05x_4k_3hz_v1/preview/static_candidates/cam_edge_1/frame_0090_t1783681585487710547.jpg
cam_edge_1,front_right,/edge_1/camera/color/image_raw/compressed,91,1783681585551980105,1280,720,5,2 3 4 6 20,6413.0,431.94463641398755,/home/maxim/camera-rig-calibration/data_local/real_vehicle_2026_07_10/datasets/real_05x_4k_3hz_v1/preview/static_candidates/cam_edge_1/frame_0091_t1783681585551980105.jpg
cam_edge_1,front_right,/edge_1/camera/color/image_raw/compressed,92,1783681585673748397,1280,720,5,2 3 4 6 20,6426.0,431.3821598985165,/home/maxim/camera-rig-calibration/data_local/real_vehicle_2026_07_10/datasets/real_05x_4k_3hz_v1/preview/static_candidates/cam_edge_1/frame_0092_t1783681585673748397.jpg
cam_edge_1,front_right,/edge_1/camera/color/image_raw/compressed,93,1783681585703010511,1280,720,4,2 3 4 20,5653.5,429.5525596223513,/home/maxim/camera-rig-calibration/data_local/real_vehicle_2026_07_10/datasets/real_05x_4k_3hz_v1/preview/static_candidates/cam_edge_1/frame_0093_t1783681585703010511.jpg
cam_edge_1,front_right,/edge_1/camera/color/image_raw/compressed,94,1783681585762545365,1280,720,5,2 3 4 6 20,6393.5,431.04574532736194,/home/maxim/camera-rig-calibration/data_local/real_vehicle_2026_07_10/datasets/real_05x_4k_3hz_v1/preview/static_candidates/cam_edge_1/frame_0094_t1783681585762545365.jpg
cam_edge_1,front_right,/edge_1/camera/color/image_raw/compressed,95,1783681585818244101,1280,720,5,2 3 4 6 20,6405.5,429.76054021703914,/home/maxim/camera-rig-calibration/data_local/real_vehicle_2026_07_10/datasets/real_05x_4k_3hz_v1/preview/static_candidates/cam_edge_1/frame_0095_t1783681585818244101.jpg
cam_edge_1,front_right,/edge_1/camera/color/image_raw/compressed,96,1783681585885225838,1280,720,4,2 3 4 20,5670.5,430.50107824310936,/home/maxim/camera-rig-calibration/data_local/real_vehicle_2026_07_10/datasets/real_05x_4k_3hz_v1/preview/static_candidates/cam_edge_1/frame_0096_t1783681585885225838.jpg
cam_edge_1,front_right,/edge_1/camera/color/image_raw/compressed,97,1783681585975167332,1280,720,4,2 3 4 20,5665.5,430.05183229302185,/home/maxim/camera-rig-calibration/data_local/real_vehicle_2026_07_10/datasets/real_05x_4k_3hz_v1/preview/static_candidates/cam_edge_1/frame_0097_t1783681585975167332.jpg
cam_edge_1,front_right,/edge_1/camera/color/image_raw/compressed,98,1783681586018742964,1280,720,4,2 3 4 20,5693.5,429.66877949488116,/home/maxim/camera-rig-calibration/data_local/real_vehicle_2026_07_10/datasets/real_05x_4k_3hz_v1/preview/static_candidates/cam_edge_1/frame_0098_t1783681586018742964.jpg
cam_edge_1,front_right,/edge_1/camera/color/image_raw/compressed,99,1783681586110750512,1280,720,5,2 3 4 6 20,6409.5,430.7347523864699,/home/maxim/camera-rig-calibration/data_local/real_vehicle_2026_07_10/datasets/real_05x_4k_3hz_v1/preview/static_candidates/cam_edge_1/frame_0099_t1783681586110750512.jpg
cam_edge_1,front_right,/edge_1/camera/color/image_raw/compressed,100,1783681586175597133,1280,720,4,2 3 4 20,5671.5,431.91318499902326,/home/maxim/camera-rig-calibration/data_local/real_vehicle_2026_07_10/datasets/real_05x_4k_3hz_v1/preview/static_candidates/cam_edge_1/frame_0100_t1783681586175597133.jpg
cam_edge_1,front_right,/edge_1/camera/color/image_raw/compressed,101,1783681586217896183,1280,720,5,2 3 4 6 20,6396.5,430.6994377586036,/home/maxim/camera-rig-calibration/data_local/real_vehicle_2026_07_10/datasets/real_05x_4k_3hz_v1/preview/static_candidates/cam_edge_1/frame_0101_t1783681586217896183.jpg
cam_edge_1,front_right,/edge_1/camera/color/image_raw/compressed,102,1783681586285255621,1280,720,4,2 3 4 20,5666.5,429.73397445079553,/home/maxim/camera-rig-calibration/data_local/real_vehicle_2026_07_10/datasets/real_05x_4k_3hz_v1/preview/static_candidates/cam_edge_1/frame_0102_t1783681586285255621.jpg
cam_edge_1,front_right,/edge_1/camera/color/image_raw/compressed,103,1783681586351370210,1280,720,4,2 3 4 20,5673.5,431.3185275562379,/home/maxim/camera-rig-calibration/data_local/real_vehicle_2026_07_10/datasets/real_05x_4k_3hz_v1/preview/static_candidates/cam_edge_1/frame_0103_t1783681586351370210.jpg
cam_edge_1,front_right,/edge_1/camera/color/image_raw/compressed,104,1783681586417986633,1280,720,4,2 3 4 20,5651.5,429.7694832912683,/home/maxim/camera-rig-calibration/data_local/real_vehicle_2026_07_10/datasets/real_05x_4k_3hz_v1/preview/static_candidates/cam_edge_1/frame_0104_t1783681586417986633.jpg
cam_edge_1,front_right,/edge_1/camera/color/image_raw/compressed,105,1783681586486482768,1280,720,5,2 3 4 6 20,6369.5,430.2660316843562,/home/maxim/camera-rig-calibration/data_local/real_vehicle_2026_07_10/datasets/real_05x_4k_3hz_v1/preview/static_candidates/cam_edge_1/frame_0105_t1783681586486482768.jpg
cam_edge_1,front_right,/edge_1/camera/color/image_raw/compressed,106,1783681586551890956,1280,720,6,2 3 4 6 10 20,6564.5,429.56028200048746,/home/maxim/camera-rig-calibration/data_local/real_vehicle_2026_07_10/datasets/real_05x_4k_3hz_v1/preview/static_candidates/cam_edge_1/frame_0106_t1783681586551890956.jpg
cam_edge_1,front_right,/edge_1/camera/color/image_raw/compressed,107,1783681586618730593,1280,720,6,2 3 4 6 10 20,6577.0,429.58061371693066,/home/maxim/camera-rig-calibration/data_local/real_vehicle_2026_07_10/datasets/real_05x_4k_3hz_v1/preview/static_candidates/cam_edge_1/frame_0107_t1783681586618730593.jpg
cam_edge_1,front_right,/edge_1/camera/color/image_raw/compressed,108,1783681586686761959,1280,720,4,2 3 4 20,5707.0,430.7361510084639,/home/maxim/camera-rig-calibration/data_local/real_vehicle_2026_07_10/datasets/real_05x_4k_3hz_v1/preview/static_candidates/cam_edge_1/frame_0108_t1783681586686761959.jpg
cam_edge_1,front_right,/edge_1/camera/color/image_raw/compressed,109,1783681586752887697,1280,720,5,2 3 4 6 20,6426.0,429.6812811095612,/home/maxim/camera-rig-calibration/data_local/real_vehicle_2026_07_10/datasets/real_05x_4k_3hz_v1/preview/static_candidates/cam_edge_1/frame_0109_t1783681586752887697.jpg
cam_edge_1,front_right,/edge_1/camera/color/image_raw/compressed,110,1783681586818347516,1280,720,5,2 3 4 6 20,6400.5,430.56792086435945,/home/maxim/camera-rig-calibration/data_local/real_vehicle_2026_07_10/datasets/real_05x_4k_3hz_v1/preview/static_candidates/cam_edge_1/frame_0110_t1783681586818347516.jpg
cam_edge_1,front_right,/edge_1/camera/color/image_raw/compressed,111,1783681586885355096,1280,720,4,2 3 4 20,5646.0,430.07973292032904,/home/maxim/camera-rig-calibration/data_local/real_vehicle_2026_07_10/datasets/real_05x_4k_3hz_v1/preview/static_candidates/cam_edge_1/frame_0111_t1783681586885355096.jpg
cam_edge_1,front_right,/edge_1/camera/color/image_raw/compressed,112,1783681586952740086,1280,720,5,2 3 4 6 20,6361.0,431.17736537179815,/home/maxim/camera-rig-calibration/data_local/real_vehicle_2026_07_10/datasets/real_05x_4k_3hz_v1/preview/static_candidates/cam_edge_1/frame_0112_t1783681586952740086.jpg
cam_edge_1,front_right,/edge_1/camera/color/image_raw/compressed,113,1783681587018616281,1280,720,5,2 3 4 6 20,6387.0,429.71085813987537,/home/maxim/camera-rig-calibration/data_local/real_vehicle_2026_07_10/datasets/real_05x_4k_3hz_v1/preview/static_candidates/cam_edge_1/frame_0113_t1783681587018616281.jpg
cam_edge_1,front_right,/edge_1/camera/color/image_raw/compressed,114,1783681587085428980,1280,720,5,2 3 4 6 20,6424.0,430.6011703503917,/home/maxim/camera-rig-calibration/data_local/real_vehicle_2026_07_10/datasets/real_05x_4k_3hz_v1/preview/static_candidates/cam_edge_1/frame_0114_t1783681587085428980.jpg
cam_edge_1,front_right,/edge_1/camera/color/image_raw/compressed,115,1783681587152144382,1280,720,4,2 3 4 20,5662.5,431.35541095978397,/home/maxim/camera-rig-calibration/data_local/real_vehicle_2026_07_10/datasets/real_05x_4k_3hz_v1/preview/static_candidates/cam_edge_1/frame_0115_t1783681587152144382.jpg
cam_edge_1,front_right,/edge_1/camera/color/image_raw/compressed,116,1783681587219412431,1280,720,5,2 3 4 6 20,6409.5,429.9297362706208,/home/maxim/camera-rig-calibration/data_local/real_vehicle_2026_07_10/datasets/real_05x_4k_3hz_v1/preview/static_candidates/cam_edge_1/frame_0116_t1783681587219412431.jpg
cam_edge_1,front_right,/edge_1/camera/color/image_raw/compressed,117,1783681587287008138,1280,720,5,2 3 4 6 20,6388.5,430.0865187788601,/home/maxim/camera-rig-calibration/data_local/real_vehicle_2026_07_10/datasets/real_05x_4k_3hz_v1/preview/static_candidates/cam_edge_1/frame_0117_t1783681587287008138.jpg
cam_edge_1,front_right,/edge_1/camera/color/image_raw/compressed,118,1783681587352859172,1280,720,4,2 3 4 20,5668.5,430.4971579238879,/home/maxim/camera-rig-calibration/data_local/real_vehicle_2026_07_10/datasets/real_05x_4k_3hz_v1/preview/static_candidates/cam_edge_1/frame_0118_t1783681587352859172.jpg
cam_edge_1,front_right,/edge_1/camera/color/image_raw/compressed,119,1783681587419080024,1280,720,5,2 3 4 6 20,6415.0,431.0783080835684,/home/maxim/camera-rig-calibration/data_local/real_vehicle_2026_07_10/datasets/real_05x_4k_3hz_v1/preview/static_candidates/cam_edge_1/frame_0119_t1783681587419080024.jpg
cam_edge_1,front_right,/edge_1/camera/color/image_raw/compressed,120,1783681587485656113,1280,720,5,2 3 4 6 20,6430.5,428.8986976339787,/home/maxim/camera-rig-calibration/data_local/real_vehicle_2026_07_10/datasets/real_05x_4k_3hz_v1/preview/static_candidates/cam_edge_1/frame_0120_t1783681587485656113.jpg
cam_edge_1,front_right,/edge_1/camera/color/image_raw/compressed,121,1783681587570384683,1280,720,4,2 3 4 20,5642.0,429.65055200717967,/home/maxim/camera-rig-calibration/data_local/real_vehicle_2026_07_10/datasets/real_05x_4k_3hz_v1/preview/static_candidates/cam_edge_1/frame_0121_t1783681587570384683.jpg
cam_edge_1,front_right,/edge_1/camera/color/image_raw/compressed,122,1783681587685717607,1280,720,5,2 3 4 6 20,6438.0,429.78434751321214,/home/maxim/camera-rig-calibration/data_local/real_vehicle_2026_07_10/datasets/real_05x_4k_3hz_v1/preview/static_candidates/cam_edge_1/frame_0122_t1783681587685717607.jpg
cam_edge_1,front_right,/edge_1/camera/color/image_raw/compressed,123,1783681587753067953,1280,720,5,2 3 4 6 20,6388.5,428.4757960530551,/home/maxim/camera-rig-calibration/data_local/real_vehicle_2026_07_10/datasets/real_05x_4k_3hz_v1/preview/static_candidates/cam_edge_1/frame_0123_t1783681587753067953.jpg
cam_edge_1,front_right,/edge_1/camera/color/image_raw/compressed,124,1783681587819738921,1280,720,4,2 3 4 20,5630.5,429.4533656533134,/home/maxim/camera-rig-calibration/data_local/real_vehicle_2026_07_10/datasets/real_05x_4k_3hz_v1/preview/static_candidates/cam_edge_1/frame_0124_t1783681587819738921.jpg
cam_edge_3,front_left,/edge_3/camera/color/image_raw/compressed,0,1783681580249418405,1280,720,5,2 3 15 16 19,8167.5,411.662788923804,/home/maxim/camera-rig-calibration/data_local/real_vehicle_2026_07_10/datasets/real_05x_4k_3hz_v1/preview/static_candidates/cam_edge_3/frame_0000_t1783681580249418405.jpg
cam_edge_3,front_left,/edge_3/camera/color/image_raw/compressed,1,1783681580315126356,1280,720,5,2 3 15 16 19,8170.0,411.4767533491051,/home/maxim/camera-rig-calibration/data_local/real_vehicle_2026_07_10/datasets/real_05x_4k_3hz_v1/preview/static_candidates/cam_edge_3/frame_0001_t1783681580315126356.jpg
cam_edge_3,front_left,/edge_3/camera/color/image_raw/compressed,2,1783681580378799046,1280,720,5,2 3 15 16 19,8198.5,410.61290436532755,/home/maxim/camera-rig-calibration/data_local/real_vehicle_2026_07_10/datasets/real_05x_4k_3hz_v1/preview/static_candidates/cam_edge_3/frame_0002_t1783681580378799046.jpg
cam_edge_3,front_left,/edge_3/camera/color/image_raw/compressed,3,1783681580446164872,1280,720,5,2 3 15 16 19,8206.5,410.53181665339997,/home/maxim/camera-rig-calibration/data_local/real_vehicle_2026_07_10/datasets/real_05x_4k_3hz_v1/preview/static_candidates/cam_edge_3/frame_0003_t1783681580446164872.jpg
cam_edge_3,front_left,/edge_3/camera/color/image_raw/compressed,4,1783681580512480631,1280,720,5,2 3 15 16 19,8096.5,412.35331563525597,/home/maxim/camera-rig-calibration/data_local/real_vehicle_2026_07_10/datasets/real_05x_4k_3hz_v1/preview/static_candidates/cam_edge_3/frame_0004_t1783681580512480631.jpg
cam_edge_3,front_left,/edge_3/camera/color/image_raw/compressed,5,1783681580646234117,1280,720,5,2 3 15 16 19,8198.0,411.79060181114266,/home/maxim/camera-rig-calibration/data_local/real_vehicle_2026_07_10/datasets/real_05x_4k_3hz_v1/preview/static_candidates/cam_edge_3/frame_0005_t1783681580646234117.jpg
cam_edge_3,front_left,/edge_3/camera/color/image_raw/compressed,6,1783681580779082846,1280,720,5,2 3 15 16 19,8176.0,412.0092727050028,/home/maxim/camera-rig-calibration/data_local/real_vehicle_2026_07_10/datasets/real_05x_4k_3hz_v1/preview/static_candidates/cam_edge_3/frame_0006_t1783681580779082846.jpg
cam_edge_3,front_left,/edge_3/camera/color/image_raw/compressed,7,1783681580846732896,1280,720,5,2 3 15 16 19,8186.5,411.2582293337491,/home/maxim/camera-rig-calibration/data_local/real_vehicle_2026_07_10/datasets/real_05x_4k_3hz_v1/preview/static_candidates/cam_edge_3/frame_0007_t1783681580846732896.jpg
cam_edge_3,front_left,/edge_3/camera/color/image_raw/compressed,8,1783681580913992417,1280,720,5,2 3 15 16 19,8199.0,411.542635551866,/home/maxim/camera-rig-calibration/data_local/real_vehicle_2026_07_10/datasets/real_05x_4k_3hz_v1/preview/static_candidates/cam_edge_3/frame_0008_t1783681580913992417.jpg
cam_edge_3,front_left,/edge_3/camera/color/image_raw/compressed,9,1783681580979806677,1280,720,5,2 3 15 16 19,8181.0,411.6927699193837,/home/maxim/camera-rig-calibration/data_local/real_vehicle_2026_07_10/datasets/real_05x_4k_3hz_v1/preview/static_candidates/cam_edge_3/frame_0009_t1783681580979806677.jpg
cam_edge_3,front_left,/edge_3/camera/color/image_raw/compressed,10,1783681581047454798,1280,720,5,2 3 15 16 19,8182.0,412.23749229657074,/home/maxim/camera-rig-calibration/data_local/real_vehicle_2026_07_10/datasets/real_05x_4k_3hz_v1/preview/static_candidates/cam_edge_3/frame_0010_t1783681581047454798.jpg
cam_edge_3,front_left,/edge_3/camera/color/image_raw/compressed,11,1783681581112557868,1280,720,5,2 3 15 16 19,8218.5,411.58703426737867,/home/maxim/camera-rig-calibration/data_local/real_vehicle_2026_07_10/datasets/real_05x_4k_3hz_v1/preview/static_candidates/cam_edge_3/frame_0011_t1783681581112557868.jpg
cam_edge_3,front_left,/edge_3/camera/color/image_raw/compressed,12,1783681581179517969,1280,720,5,2 3 15 16 19,8170.0,411.30160793064124,/home/maxim/camera-rig-calibration/data_local/real_vehicle_2026_07_10/datasets/real_05x_4k_3hz_v1/preview/static_candidates/cam_edge_3/frame_0012_t1783681581179517969.jpg
cam_edge_3,front_left,/edge_3/camera/color/image_raw/compressed,13,1783681581246422898,1280,720,5,2 3 15 16 19,8167.5,410.95680874654505,/home/maxim/camera-rig-calibration/data_local/real_vehicle_2026_07_10/datasets/real_05x_4k_3hz_v1/preview/static_candidates/cam_edge_3/frame_0013_t1783681581246422898.jpg
cam_edge_3,front_left,/edge_3/camera/color/image_raw/compressed,14,1783681581312858272,1280,720,5,2 3 15 16 19,8196.5,411.9862128822597,/home/maxim/camera-rig-calibration/data_local/real_vehicle_2026_07_10/datasets/real_05x_4k_3hz_v1/preview/static_candidates/cam_edge_3/frame_0014_t1783681581312858272.jpg
cam_edge_3,front_left,/edge_3/camera/color/image_raw/compressed,15,1783681581379566538,1280,720,5,2 3 15 16 19,8155.0,411.16580994217,/home/maxim/camera-rig-calibration/data_local/real_vehicle_2026_07_10/datasets/real_05x_4k_3hz_v1/preview/static_candidates/cam_edge_3/frame_0015_t1783681581379566538.jpg
cam_edge_3,front_left,/edge_3/camera/color/image_raw/compressed,16,1783681581447549623,1280,720,5,2 3 15 16 19,8201.5,410.6251101390509,/home/maxim/camera-rig-calibration/data_local/real_vehicle_2026_07_10/datasets/real_05x_4k_3hz_v1/preview/static_candidates/cam_edge_3/frame_0016_t1783681581447549623.jpg
cam_edge_3,front_left,/edge_3/camera/color/image_raw/compressed,17,1783681581513013169,1280,720,5,2 3 15 16 19,8131.0,410.4495848902939,/home/maxim/camera-rig-calibration/data_local/real_vehicle_2026_07_10/datasets/real_05x_4k_3hz_v1/preview/static_candidates/cam_edge_3/frame_0017_t1783681581513013169.jpg
cam_edge_3,front_left,/edge_3/camera/color/image_raw/compressed,18,1783681581579672835,1280,720,5,2 3 15 16 19,8215.0,411.3786852103328,/home/maxim/camera-rig-calibration/data_local/real_vehicle_2026_07_10/datasets/real_05x_4k_3hz_v1/preview/static_candidates/cam_edge_3/frame_0018_t1783681581579672835.jpg
cam_edge_3,front_left,/edge_3/camera/color/image_raw/compressed,19,1783681581646555246,1280,720,5,2 3 15 16 19,8212.5,412.6681578530207,/home/maxim/camera-rig-calibration/data_local/real_vehicle_2026_07_10/datasets/real_05x_4k_3hz_v1/preview/static_candidates/cam_edge_3/frame_0019_t1783681581646555246.jpg
cam_edge_3,front_left,/edge_3/camera/color/image_raw/compressed,20,1783681581713193577,1280,720,5,2 3 15 16 19,8196.5,410.80050507413023,/home/maxim/camera-rig-calibration/data_local/real_vehicle_2026_07_10/datasets/real_05x_4k_3hz_v1/preview/static_candidates/cam_edge_3/frame_0020_t1783681581713193577.jpg
cam_edge_3,front_left,/edge_3/camera/color/image_raw/compressed,21,1783681581779900270,1280,720,5,2 3 15 16 19,8136.5,411.08006752746945,/home/maxim/camera-rig-calibration/data_local/real_vehicle_2026_07_10/datasets/real_05x_4k_3hz_v1/preview/static_candidates/cam_edge_3/frame_0021_t1783681581779900270.jpg
cam_edge_3,front_left,/edge_3/camera/color/image_raw/compressed,22,1783681581913364306,1280,720,5,2 3 15 16 19,8118.0,412.70971875402716,/home/maxim/camera-rig-calibration/data_local/real_vehicle_2026_07_10/datasets/real_05x_4k_3hz_v1/preview/static_candidates/cam_edge_3/frame_0022_t1783681581913364306.jpg
cam_edge_3,front_left,/edge_3/camera/color/image_raw/compressed,23,1783681581980106462,1280,720,5,2 3 15 16 19,8180.5,411.1197869529618,/home/maxim/camera-rig-calibration/data_local/real_vehicle_2026_07_10/datasets/real_05x_4k_3hz_v1/preview/static_candidates/cam_edge_3/frame_0023_t1783681581980106462.jpg
cam_edge_3,front_left,/edge_3/camera/color/image_raw/compressed,24,1783681582046836897,1280,720,5,2 3 15 16 19,8210.0,411.01482977549233,/home/maxim/camera-rig-calibration/data_local/real_vehicle_2026_07_10/datasets/real_05x_4k_3hz_v1/preview/static_candidates/cam_edge_3/frame_0024_t1783681582046836897.jpg
cam_edge_3,front_left,/edge_3/camera/color/image_raw/compressed,25,1783681582113272285,1280,720,5,2 3 15 16 19,8206.0,411.1495639269747,/home/maxim/camera-rig-calibration/data_local/real_vehicle_2026_07_10/datasets/real_05x_4k_3hz_v1/preview/static_candidates/cam_edge_3/frame_0025_t1783681582113272285.jpg
cam_edge_3,front_left,/edge_3/camera/color/image_raw/compressed,26,1783681582180155108,1280,720,5,2 3 15 16 19,8168.0,411.0275736472049,/home/maxim/camera-rig-calibration/data_local/real_vehicle_2026_07_10/datasets/real_05x_4k_3hz_v1/preview/static_candidates/cam_edge_3/frame_0026_t1783681582180155108.jpg
cam_edge_3,front_left,/edge_3/camera/color/image_raw/compressed,27,1783681582247023126,1280,720,5,2 3 15 16 19,8094.0,413.33475746081206,/home/maxim/camera-rig-calibration/data_local/real_vehicle_2026_07_10/datasets/real_05x_4k_3hz_v1/preview/static_candidates/cam_edge_3/frame_0027_t1783681582247023126.jpg
cam_edge_3,front_left,/edge_3/camera/color/image_raw/compressed,28,1783681582313606291,1280,720,5,2 3 15 16 19,8196.5,410.43710401515136,/home/maxim/camera-rig-calibration/data_local/real_vehicle_2026_07_10/datasets/real_05x_4k_3hz_v1/preview/static_candidates/cam_edge_3/frame_0028_t1783681582313606291.jpg
cam_edge_3,front_left,/edge_3/camera/color/image_raw/compressed,29,1783681582380353267,1280,720,5,2 3 15 16 19,8127.0,411.50762144921873,/home/maxim/camera-rig-calibration/data_local/real_vehicle_2026_07_10/datasets/real_05x_4k_3hz_v1/preview/static_candidates/cam_edge_3/frame_0029_t1783681582380353267.jpg
cam_edge_3,front_left,/edge_3/camera/color/image_raw/compressed,30,1783681582447116565,1280,720,5,2 3 15 16 19,8156.0,411.06857358287175,/home/maxim/camera-rig-calibration/data_local/real_vehicle_2026_07_10/datasets/real_05x_4k_3hz_v1/preview/static_candidates/cam_edge_3/frame_0030_t1783681582447116565.jpg
cam_edge_3,front_left,/edge_3/camera/color/image_raw/compressed,31,1783681582513926633,1280,720,5,2 3 15 16 19,8195.5,410.54691303100583,/home/maxim/camera-rig-calibration/data_local/real_vehicle_2026_07_10/datasets/real_05x_4k_3hz_v1/preview/static_candidates/cam_edge_3/frame_0031_t1783681582513926633.jpg
cam_edge_3,front_left,/edge_3/camera/color/image_raw/compressed,32,1783681582580609954,1280,720,5,2 3 15 16 19,8172.5,411.9055562169773,/home/maxim/camera-rig-calibration/data_local/real_vehicle_2026_07_10/datasets/real_05x_4k_3hz_v1/preview/static_candidates/cam_edge_3/frame_0032_t1783681582580609954.jpg
cam_edge_3,front_left,/edge_3/camera/color/image_raw/compressed,33,1783681582647120247,1280,720,5,2 3 15 16 19,8176.0,410.17258892956016,/home/maxim/camera-rig-calibration/data_local/real_vehicle_2026_07_10/datasets/real_05x_4k_3hz_v1/preview/static_candidates/cam_edge_3/frame_0033_t1783681582647120247.jpg
cam_edge_3,front_left,/edge_3/camera/color/image_raw/compressed,34,1783681582713903825,1280,720,5,2 3 15 16 19,8141.5,409.9621974430742,/home/maxim/camera-rig-calibration/data_local/real_vehicle_2026_07_10/datasets/real_05x_4k_3hz_v1/preview/static_candidates/cam_edge_3/frame_0034_t1783681582713903825.jpg
cam_edge_3,front_left,/edge_3/camera/color/image_raw/compressed,35,1783681582780663097,1280,720,5,2 3 15 16 19,8202.0,408.72336741082455,/home/maxim/camera-rig-calibration/data_local/real_vehicle_2026_07_10/datasets/real_05x_4k_3hz_v1/preview/static_candidates/cam_edge_3/frame_0035_t1783681582780663097.jpg
cam_edge_3,front_left,/edge_3/camera/color/image_raw/compressed,36,1783681582914617060,1280,720,5,2 3 15 16 19,8192.0,409.4447036168792,/home/maxim/camera-rig-calibration/data_local/real_vehicle_2026_07_10/datasets/real_05x_4k_3hz_v1/preview/static_candidates/cam_edge_3/frame_0036_t1783681582914617060.jpg
cam_edge_3,front_left,/edge_3/camera/color/image_raw/compressed,37,1783681582980885004,1280,720,5,2 3 15 16 19,8174.0,411.1225476858058,/home/maxim/camera-rig-calibration/data_local/real_vehicle_2026_07_10/datasets/real_05x_4k_3hz_v1/preview/static_candidates/cam_edge_3/frame_0037_t1783681582980885004.jpg
cam_edge_3,front_left,/edge_3/camera/color/image_raw/compressed,38,1783681583047453492,1280,720,5,2 3 15 16 19,8172.5,410.4551611870469,/home/maxim/camera-rig-calibration/data_local/real_vehicle_2026_07_10/datasets/real_05x_4k_3hz_v1/preview/static_candidates/cam_edge_3/frame_0038_t1783681583047453492.jpg
cam_edge_3,front_left,/edge_3/camera/color/image_raw/compressed,39,1783681583114134036,1280,720,5,2 3 15 16 19,8136.5,410.18383841860606,/home/maxim/camera-rig-calibration/data_local/real_vehicle_2026_07_10/datasets/real_05x_4k_3hz_v1/preview/static_candidates/cam_edge_3/frame_0039_t1783681583114134036.jpg
cam_edge_3,front_left,/edge_3/camera/color/image_raw/compressed,40,1783681583180848959,1280,720,5,2 3 15 16 19,8166.5,409.1579997612095,/home/maxim/camera-rig-calibration/data_local/real_vehicle_2026_07_10/datasets/real_05x_4k_3hz_v1/preview/static_candidates/cam_edge_3/frame_0040_t1783681583180848959.jpg
cam_edge_3,front_left,/edge_3/camera/color/image_raw/compressed,41,1783681583248049610,1280,720,5,2 3 15 16 19,8149.5,409.76642315852774,/home/maxim/camera-rig-calibration/data_local/real_vehicle_2026_07_10/datasets/real_05x_4k_3hz_v1/preview/static_candidates/cam_edge_3/frame_0041_t1783681583248049610.jpg
cam_edge_3,front_left,/edge_3/camera/color/image_raw/compressed,42,1783681583314410402,1280,720,5,2 3 15 16 19,8167.0,409.58414423709297,/home/maxim/camera-rig-calibration/data_local/real_vehicle_2026_07_10/datasets/real_05x_4k_3hz_v1/preview/static_candidates/cam_edge_3/frame_0042_t1783681583314410402.jpg
cam_edge_3,front_left,/edge_3/camera/color/image_raw/compressed,43,1783681583381444713,1280,720,5,2 3 15 16 19,8153.0,410.0467593124283,/home/maxim/camera-rig-calibration/data_local/real_vehicle_2026_07_10/datasets/real_05x_4k_3hz_v1/preview/static_candidates/cam_edge_3/frame_0043_t1783681583381444713.jpg
cam_edge_3,front_left,/edge_3/camera/color/image_raw/compressed,44,1783681583448076814,1280,720,5,2 3 15 16 19,8212.5,410.1729993971081,/home/maxim/camera-rig-calibration/data_local/real_vehicle_2026_07_10/datasets/real_05x_4k_3hz_v1/preview/static_candidates/cam_edge_3/frame_0044_t1783681583448076814.jpg
cam_edge_3,front_left,/edge_3/camera/color/image_raw/compressed,45,1783681583514534374,1280,720,5,2 3 15 16 19,8166.5,411.1911676596138,/home/maxim/camera-rig-calibration/data_local/real_vehicle_2026_07_10/datasets/real_05x_4k_3hz_v1/preview/static_candidates/cam_edge_3/frame_0045_t1783681583514534374.jpg
cam_edge_3,front_left,/edge_3/camera/color/image_raw/compressed,46,1783681583581250731,1280,720,5,2 3 15 16 19,8161.0,408.3734987442535,/home/maxim/camera-rig-calibration/data_local/real_vehicle_2026_07_10/datasets/real_05x_4k_3hz_v1/preview/static_candidates/cam_edge_3/frame_0046_t1783681583581250731.jpg
cam_edge_3,front_left,/edge_3/camera/color/image_raw/compressed,47,1783681583647927088,1280,720,5,2 3 15 16 19,8182.0,407.9968863134867,/home/maxim/camera-rig-calibration/data_local/real_vehicle_2026_07_10/datasets/real_05x_4k_3hz_v1/preview/static_candidates/cam_edge_3/frame_0047_t1783681583647927088.jpg
cam_edge_3,front_left,/edge_3/camera/color/image_raw/compressed,48,1783681583714618516,1280,720,5,2 3 15 16 19,8106.5,410.31563385179203,/home/maxim/camera-rig-calibration/data_local/real_vehicle_2026_07_10/datasets/real_05x_4k_3hz_v1/preview/static_candidates/cam_edge_3/frame_0048_t1783681583714618516.jpg
cam_edge_3,front_left,/edge_3/camera/color/image_raw/compressed,49,1783681583781390370,1280,720,5,2 3 15 16 19,8183.5,409.6403883554802,/home/maxim/camera-rig-calibration/data_local/real_vehicle_2026_07_10/datasets/real_05x_4k_3hz_v1/preview/static_candidates/cam_edge_3/frame_0049_t1783681583781390370.jpg
cam_edge_3,front_left,/edge_3/camera/color/image_raw/compressed,50,1783681583849658331,1280,720,5,2 3 15 16 19,8216.0,408.7981389946832,/home/maxim/camera-rig-calibration/data_local/real_vehicle_2026_07_10/datasets/real_05x_4k_3hz_v1/preview/static_candidates/cam_edge_3/frame_0050_t1783681583849658331.jpg
cam_edge_3,front_left,/edge_3/camera/color/image_raw/compressed,51,1783681583914840284,1280,720,5,2 3 15 16 19,8153.0,409.4738850006659,/home/maxim/camera-rig-calibration/data_local/real_vehicle_2026_07_10/datasets/real_05x_4k_3hz_v1/preview/static_candidates/cam_edge_3/frame_0051_t1783681583914840284.jpg
cam_edge_3,front_left,/edge_3/camera/color/image_raw/compressed,52,1783681583981712663,1280,720,5,2 3 15 16 19,8153.5,408.8795272050539,/home/maxim/camera-rig-calibration/data_local/real_vehicle_2026_07_10/datasets/real_05x_4k_3hz_v1/preview/static_candidates/cam_edge_3/frame_0052_t1783681583981712663.jpg
cam_edge_3,front_left,/edge_3/camera/color/image_raw/compressed,53,1783681584048355327,1280,720,5,2 3 15 16 19,8182.0,409.1510094802244,/home/maxim/camera-rig-calibration/data_local/real_vehicle_2026_07_10/datasets/real_05x_4k_3hz_v1/preview/static_candidates/cam_edge_3/frame_0053_t1783681584048355327.jpg
cam_edge_3,front_left,/edge_3/camera/color/image_raw/compressed,54,1783681584115048707,1280,720,5,2 3 15 16 19,8144.0,408.9534140462053,/home/maxim/camera-rig-calibration/data_local/real_vehicle_2026_07_10/datasets/real_05x_4k_3hz_v1/preview/static_candidates/cam_edge_3/frame_0054_t1783681584115048707.jpg
cam_edge_3,front_left,/edge_3/camera/color/image_raw/compressed,55,1783681584181638181,1280,720,5,2 3 15 16 19,8214.0,409.369797223409,/home/maxim/camera-rig-calibration/data_local/real_vehicle_2026_07_10/datasets/real_05x_4k_3hz_v1/preview/static_candidates/cam_edge_3/frame_0055_t1783681584181638181.jpg
cam_edge_3,front_left,/edge_3/camera/color/image_raw/compressed,56,1783681584248372457,1280,720,5,2 3 15 16 19,8148.5,407.754091146733,/home/maxim/camera-rig-calibration/data_local/real_vehicle_2026_07_10/datasets/real_05x_4k_3hz_v1/preview/static_candidates/cam_edge_3/frame_0056_t1783681584248372457.jpg
cam_edge_3,front_left,/edge_3/camera/color/image_raw/compressed,57,1783681584315090810,1280,720,5,2 3 15 16 19,8157.5,408.79050047918145,/home/maxim/camera-rig-calibration/data_local/real_vehicle_2026_07_10/datasets/real_05x_4k_3hz_v1/preview/static_candidates/cam_edge_3/frame_0057_t1783681584315090810.jpg
cam_edge_3,front_left,/edge_3/camera/color/image_raw/compressed,58,1783681584381919406,1280,720,5,2 3 15 16 19,8164.5,408.9896846538958,/home/maxim/camera-rig-calibration/data_local/real_vehicle_2026_07_10/datasets/real_05x_4k_3hz_v1/preview/static_candidates/cam_edge_3/frame_0058_t1783681584381919406.jpg
cam_edge_3,front_left,/edge_3/camera/color/image_raw/compressed,59,1783681584448919894,1280,720,5,2 3 15 16 19,8180.5,409.2393705366052,/home/maxim/camera-rig-calibration/data_local/real_vehicle_2026_07_10/datasets/real_05x_4k_3hz_v1/preview/static_candidates/cam_edge_3/frame_0059_t1783681584448919894.jpg
cam_edge_3,front_left,/edge_3/camera/color/image_raw/compressed,60,1783681584515179571,1280,720,5,2 3 15 16 19,8150.5,409.144979468027,/home/maxim/camera-rig-calibration/data_local/real_vehicle_2026_07_10/datasets/real_05x_4k_3hz_v1/preview/static_candidates/cam_edge_3/frame_0060_t1783681584515179571.jpg
cam_edge_3,front_left,/edge_3/camera/color/image_raw/compressed,61,1783681584581839502,1280,720,5,2 3 15 16 19,8168.0,408.05023750257044,/home/maxim/camera-rig-calibration/data_local/real_vehicle_2026_07_10/datasets/real_05x_4k_3hz_v1/preview/static_candidates/cam_edge_3/frame_0061_t1783681584581839502.jpg
cam_edge_3,front_left,/edge_3/camera/color/image_raw/compressed,62,1783681584648620045,1280,720,5,2 3 15 16 19,8158.5,408.16355024784116,/home/maxim/camera-rig-calibration/data_local/real_vehicle_2026_07_10/datasets/real_05x_4k_3hz_v1/preview/static_candidates/cam_edge_3/frame_0062_t1783681584648620045.jpg
cam_edge_3,front_left,/edge_3/camera/color/image_raw/compressed,63,1783681584715463216,1280,720,5,2 3 15 16 19,8186.5,408.8606890402887,/home/maxim/camera-rig-calibration/data_local/real_vehicle_2026_07_10/datasets/real_05x_4k_3hz_v1/preview/static_candidates/cam_edge_3/frame_0063_t1783681584715463216.jpg
cam_edge_3,front_left,/edge_3/camera/color/image_raw/compressed,64,1783681584782037712,1280,720,5,2 3 15 16 19,8229.0,408.54710336744034,/home/maxim/camera-rig-calibration/data_local/real_vehicle_2026_07_10/datasets/real_05x_4k_3hz_v1/preview/static_candidates/cam_edge_3/frame_0064_t1783681584782037712.jpg
cam_edge_3,front_left,/edge_3/camera/color/image_raw/compressed,65,1783681584849192003,1280,720,5,2 3 15 16 19,8186.5,407.8511754466116,/home/maxim/camera-rig-calibration/data_local/real_vehicle_2026_07_10/datasets/real_05x_4k_3hz_v1/preview/static_candidates/cam_edge_3/frame_0065_t1783681584849192003.jpg
cam_edge_3,front_left,/edge_3/camera/color/image_raw/compressed,66,1783681584915616540,1280,720,5,2 3 15 16 19,8172.0,409.5281995764792,/home/maxim/camera-rig-calibration/data_local/real_vehicle_2026_07_10/datasets/real_05x_4k_3hz_v1/preview/static_candidates/cam_edge_3/frame_0066_t1783681584915616540.jpg
cam_edge_3,front_left,/edge_3/camera/color/image_raw/compressed,67,1783681584982193775,1280,720,5,2 3 15 16 19,8150.0,409.112203983871,/home/maxim/camera-rig-calibration/data_local/real_vehicle_2026_07_10/datasets/real_05x_4k_3hz_v1/preview/static_candidates/cam_edge_3/frame_0067_t1783681584982193775.jpg
cam_edge_3,front_left,/edge_3/camera/color/image_raw/compressed,68,1783681585049024930,1280,720,5,2 3 15 16 19,8170.0,407.3508453791817,/home/maxim/camera-rig-calibration/data_local/real_vehicle_2026_07_10/datasets/real_05x_4k_3hz_v1/preview/static_candidates/cam_edge_3/frame_0068_t1783681585049024930.jpg
cam_edge_3,front_left,/edge_3/camera/color/image_raw/compressed,69,1783681585115714958,1280,720,5,2 3 15 16 19,8149.5,408.38897957622277,/home/maxim/camera-rig-calibration/data_local/real_vehicle_2026_07_10/datasets/real_05x_4k_3hz_v1/preview/static_candidates/cam_edge_3/frame_0069_t1783681585115714958.jpg
cam_edge_3,front_left,/edge_3/camera/color/image_raw/compressed,70,1783681585182275950,1280,720,5,2 3 15 16 19,8252.5,409.37557295030996,/home/maxim/camera-rig-calibration/data_local/real_vehicle_2026_07_10/datasets/real_05x_4k_3hz_v1/preview/static_candidates/cam_edge_3/frame_0070_t1783681585182275950.jpg
cam_edge_3,front_left,/edge_3/camera/color/image_raw/compressed,71,1783681585249751849,1280,720,5,2 3 15 16 19,8155.5,408.92800868458227,/home/maxim/camera-rig-calibration/data_local/real_vehicle_2026_07_10/datasets/real_05x_4k_3hz_v1/preview/static_candidates/cam_edge_3/frame_0071_t1783681585249751849.jpg
cam_edge_3,front_left,/edge_3/camera/color/image_raw/compressed,72,1783681585316944325,1280,720,5,2 3 15 16 19,8153.0,408.8324010008072,/home/maxim/camera-rig-calibration/data_local/real_vehicle_2026_07_10/datasets/real_05x_4k_3hz_v1/preview/static_candidates/cam_edge_3/frame_0072_t1783681585316944325.jpg
cam_edge_3,front_left,/edge_3/camera/color/image_raw/compressed,73,1783681585382603585,1280,720,5,2 3 15 16 19,8199.0,408.6966144554407,/home/maxim/camera-rig-calibration/data_local/real_vehicle_2026_07_10/datasets/real_05x_4k_3hz_v1/preview/static_candidates/cam_edge_3/frame_0073_t1783681585382603585.jpg
cam_edge_3,front_left,/edge_3/camera/color/image_raw/compressed,74,1783681585449551066,1280,720,5,2 3 15 16 19,8154.5,409.5887318433551,/home/maxim/camera-rig-calibration/data_local/real_vehicle_2026_07_10/datasets/real_05x_4k_3hz_v1/preview/static_candidates/cam_edge_3/frame_0074_t1783681585449551066.jpg
cam_edge_3,front_left,/edge_3/camera/color/image_raw/compressed,75,1783681585515788347,1280,720,5,2 3 15 16 19,8170.5,409.0225376378751,/home/maxim/camera-rig-calibration/data_local/real_vehicle_2026_07_10/datasets/real_05x_4k_3hz_v1/preview/static_candidates/cam_edge_3/frame_0075_t1783681585515788347.jpg
cam_edge_3,front_left,/edge_3/camera/color/image_raw/compressed,76,1783681585582836878,1280,720,5,2 3 15 16 19,8155.5,408.6309229042796,/home/maxim/camera-rig-calibration/data_local/real_vehicle_2026_07_10/datasets/real_05x_4k_3hz_v1/preview/static_candidates/cam_edge_3/frame_0076_t1783681585582836878.jpg
cam_edge_3,front_left,/edge_3/camera/color/image_raw/compressed,77,1783681585649367663,1280,720,5,2 3 15 16 19,8218.5,408.7510773292776,/home/maxim/camera-rig-calibration/data_local/real_vehicle_2026_07_10/datasets/real_05x_4k_3hz_v1/preview/static_candidates/cam_edge_3/frame_0077_t1783681585649367663.jpg
cam_edge_3,front_left,/edge_3/camera/color/image_raw/compressed,78,1783681585716105899,1280,720,5,2 3 15 16 19,8192.0,409.98325596934677,/home/maxim/camera-rig-calibration/data_local/real_vehicle_2026_07_10/datasets/real_05x_4k_3hz_v1/preview/static_candidates/cam_edge_3/frame_0078_t1783681585716105899.jpg
cam_edge_3,front_left,/edge_3/camera/color/image_raw/compressed,79,1783681585849440802,1280,720,5,2 3 15 16 19,8155.5,409.009344316605,/home/maxim/camera-rig-calibration/data_local/real_vehicle_2026_07_10/datasets/real_05x_4k_3hz_v1/preview/static_candidates/cam_edge_3/frame_0079_t1783681585849440802.jpg
cam_edge_3,front_left,/edge_3/camera/color/image_raw/compressed,80,1783681585916358835,1280,720,5,2 3 15 16 19,8199.0,410.25824763403875,/home/maxim/camera-rig-calibration/data_local/real_vehicle_2026_07_10/datasets/real_05x_4k_3hz_v1/preview/static_candidates/cam_edge_3/frame_0080_t1783681585916358835.jpg
cam_edge_3,front_left,/edge_3/camera/color/image_raw/compressed,81,1783681585982935389,1280,720,5,2 3 15 16 19,8176.0,409.85703973481793,/home/maxim/camera-rig-calibration/data_local/real_vehicle_2026_07_10/datasets/real_05x_4k_3hz_v1/preview/static_candidates/cam_edge_3/frame_0081_t1783681585982935389.jpg
cam_edge_3,front_left,/edge_3/camera/color/image_raw/compressed,82,1783681586049631421,1280,720,5,2 3 15 16 19,8124.0,408.9379542680479,/home/maxim/camera-rig-calibration/data_local/real_vehicle_2026_07_10/datasets/real_05x_4k_3hz_v1/preview/static_candidates/cam_edge_3/frame_0082_t1783681586049631421.jpg
cam_edge_3,front_left,/edge_3/camera/color/image_raw/compressed,83,1783681586116219501,1280,720,5,2 3 15 16 19,8194.5,409.37226343442063,/home/maxim/camera-rig-calibration/data_local/real_vehicle_2026_07_10/datasets/real_05x_4k_3hz_v1/preview/static_candidates/cam_edge_3/frame_0083_t1783681586116219501.jpg
cam_edge_3,front_left,/edge_3/camera/color/image_raw/compressed,84,1783681586183014152,1280,720,5,2 3 15 16 19,8187.5,410.79190020297983,/home/maxim/camera-rig-calibration/data_local/real_vehicle_2026_07_10/datasets/real_05x_4k_3hz_v1/preview/static_candidates/cam_edge_3/frame_0084_t1783681586183014152.jpg
cam_edge_3,front_left,/edge_3/camera/color/image_raw/compressed,85,1783681586249944066,1280,720,5,2 3 15 16 19,8195.5,410.0664070161608,/home/maxim/camera-rig-calibration/data_local/real_vehicle_2026_07_10/datasets/real_05x_4k_3hz_v1/preview/static_candidates/cam_edge_3/frame_0085_t1783681586249944066.jpg
cam_edge_3,front_left,/edge_3/camera/color/image_raw/compressed,86,1783681586316450500,1280,720,5,2 3 15 16 19,8168.0,409.2657799420343,/home/maxim/camera-rig-calibration/data_local/real_vehicle_2026_07_10/datasets/real_05x_4k_3hz_v1/preview/static_candidates/cam_edge_3/frame_0086_t1783681586316450500.jpg
cam_edge_3,front_left,/edge_3/camera/color/image_raw/compressed,87,1783681586383177865,1280,720,5,2 3 15 16 19,8178.0,409.8264377881464,/home/maxim/camera-rig-calibration/data_local/real_vehicle_2026_07_10/datasets/real_05x_4k_3hz_v1/preview/static_candidates/cam_edge_3/frame_0087_t1783681586383177865.jpg
cam_edge_3,front_left,/edge_3/camera/color/image_raw/compressed,88,1783681586449915144,1280,720,5,2 3 15 16 19,8187.0,409.94166471878697,/home/maxim/camera-rig-calibration/data_local/real_vehicle_2026_07_10/datasets/real_05x_4k_3hz_v1/preview/static_candidates/cam_edge_3/frame_0088_t1783681586449915144.jpg
cam_edge_3,front_left,/edge_3/camera/color/image_raw/compressed,89,1783681586516500588,1280,720,5,2 3 15 16 19,8141.5,409.61391484530304,/home/maxim/camera-rig-calibration/data_local/real_vehicle_2026_07_10/datasets/real_05x_4k_3hz_v1/preview/static_candidates/cam_edge_3/frame_0089_t1783681586516500588.jpg
cam_edge_3,front_left,/edge_3/camera/color/image_raw/compressed,90,1783681586583292125,1280,720,5,2 3 15 16 19,8153.0,409.97489075453035,/home/maxim/camera-rig-calibration/data_local/real_vehicle_2026_07_10/datasets/real_05x_4k_3hz_v1/preview/static_candidates/cam_edge_3/frame_0090_t1783681586583292125.jpg
cam_edge_3,front_left,/edge_3/camera/color/image_raw/compressed,91,1783681586650147523,1280,720,5,2 3 15 16 19,8143.0,409.4442731705546,/home/maxim/camera-rig-calibration/data_local/real_vehicle_2026_07_10/datasets/real_05x_4k_3hz_v1/preview/static_candidates/cam_edge_3/frame_0091_t1783681586650147523.jpg
cam_edge_3,front_left,/edge_3/camera/color/image_raw/compressed,92,1783681586716648515,1280,720,5,2 3 15 16 19,8141.5,408.98165797477907,/home/maxim/camera-rig-calibration/data_local/real_vehicle_2026_07_10/datasets/real_05x_4k_3hz_v1/preview/static_candidates/cam_edge_3/frame_0092_t1783681586716648515.jpg
cam_edge_3,front_left,/edge_3/camera/color/image_raw/compressed,93,1783681586783521930,1280,720,5,2 3 15 16 19,8175.0,409.4873492638861,/home/maxim/camera-rig-calibration/data_local/real_vehicle_2026_07_10/datasets/real_05x_4k_3hz_v1/preview/static_candidates/cam_edge_3/frame_0093_t1783681586783521930.jpg
cam_edge_3,front_left,/edge_3/camera/color/image_raw/compressed,94,1783681586850196341,1280,720,5,2 3 15 16 19,8172.5,409.2376596195737,/home/maxim/camera-rig-calibration/data_local/real_vehicle_2026_07_10/datasets/real_05x_4k_3hz_v1/preview/static_candidates/cam_edge_3/frame_0094_t1783681586850196341.jpg
cam_edge_3,front_left,/edge_3/camera/color/image_raw/compressed,95,1783681586917035767,1280,720,5,2 3 15 16 19,8200.0,410.70093156997774,/home/maxim/camera-rig-calibration/data_local/real_vehicle_2026_07_10/datasets/real_05x_4k_3hz_v1/preview/static_candidates/cam_edge_3/frame_0095_t1783681586917035767.jpg
cam_edge_3,front_left,/edge_3/camera/color/image_raw/compressed,96,1783681586983708471,1280,720,5,2 3 15 16 19,8181.5,408.7014463794093,/home/maxim/camera-rig-calibration/data_local/real_vehicle_2026_07_10/datasets/real_05x_4k_3hz_v1/preview/static_candidates/cam_edge_3/frame_0096_t1783681586983708471.jpg
cam_edge_3,front_left,/edge_3/camera/color/image_raw/compressed,97,1783681587050359272,1280,720,5,2 3 15 16 19,8184.0,409.48790817260283,/home/maxim/camera-rig-calibration/data_local/real_vehicle_2026_07_10/datasets/real_05x_4k_3hz_v1/preview/static_candidates/cam_edge_3/frame_0097_t1783681587050359272.jpg
cam_edge_3,front_left,/edge_3/camera/color/image_raw/compressed,98,1783681587117555731,1280,720,5,2 3 15 16 19,8162.0,408.5824867932342,/home/maxim/camera-rig-calibration/data_local/real_vehicle_2026_07_10/datasets/real_05x_4k_3hz_v1/preview/static_candidates/cam_edge_3/frame_0098_t1783681587117555731.jpg
cam_edge_3,front_left,/edge_3/camera/color/image_raw/compressed,99,1783681587183866660,1280,720,5,2 3 15 16 19,8207.5,410.2831185456265,/home/maxim/camera-rig-calibration/data_local/real_vehicle_2026_07_10/datasets/real_05x_4k_3hz_v1/preview/static_candidates/cam_edge_3/frame_0099_t1783681587183866660.jpg
cam_edge_3,front_left,/edge_3/camera/color/image_raw/compressed,100,1783681587250399464,1280,720,5,2 3 15 16 19,8133.0,409.2871370510336,/home/maxim/camera-rig-calibration/data_local/real_vehicle_2026_07_10/datasets/real_05x_4k_3hz_v1/preview/static_candidates/cam_edge_3/frame_0100_t1783681587250399464.jpg
cam_edge_3,front_left,/edge_3/camera/color/image_raw/compressed,101,1783681587317901253,1280,720,5,2 3 15 16 19,8199.0,408.7033320154212,/home/maxim/camera-rig-calibration/data_local/real_vehicle_2026_07_10/datasets/real_05x_4k_3hz_v1/preview/static_candidates/cam_edge_3/frame_0101_t1783681587317901253.jpg
cam_edge_3,front_left,/edge_3/camera/color/image_raw/compressed,102,1783681587384065020,1280,720,5,2 3 15 16 19,8169.5,409.9680457141969,/home/maxim/camera-rig-calibration/data_local/real_vehicle_2026_07_10/datasets/real_05x_4k_3hz_v1/preview/static_candidates/cam_edge_3/frame_0102_t1783681587384065020.jpg
cam_edge_3,front_left,/edge_3/camera/color/image_raw/compressed,103,1783681587450619045,1280,720,5,2 3 15 16 19,8186.0,409.65072511543934,/home/maxim/camera-rig-calibration/data_local/real_vehicle_2026_07_10/datasets/real_05x_4k_3hz_v1/preview/static_candidates/cam_edge_3/frame_0103_t1783681587450619045.jpg
cam_edge_3,front_left,/edge_3/camera/color/image_raw/compressed,104,1783681587517274827,1280,720,5,2 3 15 16 19,8185.0,411.349372430108,/home/maxim/camera-rig-calibration/data_local/real_vehicle_2026_07_10/datasets/real_05x_4k_3hz_v1/preview/static_candidates/cam_edge_3/frame_0104_t1783681587517274827.jpg
cam_edge_3,front_left,/edge_3/camera/color/image_raw/compressed,105,1783681587584695464,1280,720,5,2 3 15 16 19,8195.5,409.09755800312064,/home/maxim/camera-rig-calibration/data_local/real_vehicle_2026_07_10/datasets/real_05x_4k_3hz_v1/preview/static_candidates/cam_edge_3/frame_0105_t1783681587584695464.jpg
cam_edge_3,front_left,/edge_3/camera/color/image_raw/compressed,106,1783681587650930240,1280,720,5,2 3 15 16 19,8201.5,410.5469083641474,/home/maxim/camera-rig-calibration/data_local/real_vehicle_2026_07_10/datasets/real_05x_4k_3hz_v1/preview/static_candidates/cam_edge_3/frame_0106_t1783681587650930240.jpg
cam_edge_3,front_left,/edge_3/camera/color/image_raw/compressed,107,1783681587717901253,1280,720,5,2 3 15 16 19,8180.5,408.2888274013192,/home/maxim/camera-rig-calibration/data_local/real_vehicle_2026_07_10/datasets/real_05x_4k_3hz_v1/preview/static_candidates/cam_edge_3/frame_0107_t1783681587717901253.jpg
cam_edge_3,front_left,/edge_3/camera/color/image_raw/compressed,108,1783681587784407754,1280,720,5,2 3 15 16 19,8167.0,410.41169262308057,/home/maxim/camera-rig-calibration/data_local/real_vehicle_2026_07_10/datasets/real_05x_4k_3hz_v1/preview/static_candidates/cam_edge_3/frame_0108_t1783681587784407754.jpg
cam_edge_5,back_right,/edge_0/camera/color/image_raw/compressed,0,1783681578963058603,1280,720,7,5 7 8 9 10 12 17,13641.5,332.7770735291364,/home/maxim/camera-rig-calibration/data_local/real_vehicle_2026_07_10/datasets/real_05x_4k_3hz_v1/preview/static_candidates/cam_edge_5/frame_0000_t1783681578963058603.jpg
cam_edge_5,back_right,/edge_0/camera/color/image_raw/compressed,1,1783681579028252158,1280,720,7,5 7 8 9 10 12 17,13641.5,331.08504774288605,/home/maxim/camera-rig-calibration/data_local/real_vehicle_2026_07_10/datasets/real_05x_4k_3hz_v1/preview/static_candidates/cam_edge_5/frame_0001_t1783681579028252158.jpg
cam_edge_5,back_right,/edge_0/camera/color/image_raw/compressed,2,1783681579095529312,1280,720,7,5 7 8 9 10 12 17,13507.0,331.81071071237517,/home/maxim/camera-rig-calibration/data_local/real_vehicle_2026_07_10/datasets/real_05x_4k_3hz_v1/preview/static_candidates/cam_edge_5/frame_0002_t1783681579095529312.jpg
cam_edge_5,back_right,/edge_0/camera/color/image_raw/compressed,3,1783681579162946907,1280,720,7,5 7 8 9 10 12 17,13612.0,331.8191634103267,/home/maxim/camera-rig-calibration/data_local/real_vehicle_2026_07_10/datasets/real_05x_4k_3hz_v1/preview/static_candidates/cam_edge_5/frame_0003_t1783681579162946907.jpg
cam_edge_5,back_right,/edge_0/camera/color/image_raw/compressed,4,1783681579230724102,1280,720,7,5 7 8 9 10 12 17,13499.5,331.90169159712497,/home/maxim/camera-rig-calibration/data_local/real_vehicle_2026_07_10/datasets/real_05x_4k_3hz_v1/preview/static_candidates/cam_edge_5/frame_0004_t1783681579230724102.jpg
cam_edge_5,back_right,/edge_0/camera/color/image_raw/compressed,5,1783681579297275187,1280,720,7,5 7 8 9 10 12 17,13620.0,331.24845051212543,/home/maxim/camera-rig-calibration/data_local/real_vehicle_2026_07_10/datasets/real_05x_4k_3hz_v1/preview/static_candidates/cam_edge_5/frame_0005_t1783681579297275187.jpg
cam_edge_5,back_right,/edge_0/camera/color/image_raw/compressed,6,1783681579365572525,1280,720,6,5 7 8 9 12 17,12308.5,331.6480479574685,/home/maxim/camera-rig-calibration/data_local/real_vehicle_2026_07_10/datasets/real_05x_4k_3hz_v1/preview/static_candidates/cam_edge_5/frame_0006_t1783681579365572525.jpg
cam_edge_5,back_right,/edge_0/camera/color/image_raw/compressed,7,1783681579435755404,1280,720,7,5 7 8 9 10 12 17,13678.0,331.10875954691437,/home/maxim/camera-rig-calibration/data_local/real_vehicle_2026_07_10/datasets/real_05x_4k_3hz_v1/preview/static_candidates/cam_edge_5/frame_0007_t1783681579435755404.jpg
cam_edge_5,back_right,/edge_0/camera/color/image_raw/compressed,8,1783681579501518174,1280,720,7,5 7 8 9 10 12 17,13610.5,330.75539151311676,/home/maxim/camera-rig-calibration/data_local/real_vehicle_2026_07_10/datasets/real_05x_4k_3hz_v1/preview/static_candidates/cam_edge_5/frame_0008_t1783681579501518174.jpg
cam_edge_5,back_right,/edge_0/camera/color/image_raw/compressed,9,1783681579565914156,1280,720,7,5 7 8 9 10 12 17,13684.5,330.76698778493886,/home/maxim/camera-rig-calibration/data_local/real_vehicle_2026_07_10/datasets/real_05x_4k_3hz_v1/preview/static_candidates/cam_edge_5/frame_0009_t1783681579565914156.jpg
cam_edge_5,back_right,/edge_0/camera/color/image_raw/compressed,10,1783681579633746703,1280,720,7,5 7 8 9 10 12 17,13579.5,330.6018705345955,/home/maxim/camera-rig-calibration/data_local/real_vehicle_2026_07_10/datasets/real_05x_4k_3hz_v1/preview/static_candidates/cam_edge_5/frame_0010_t1783681579633746703.jpg
cam_edge_5,back_right,/edge_0/camera/color/image_raw/compressed,11,1783681579700449647,1280,720,7,5 7 8 9 10 12 17,13612.0,331.1551116482757,/home/maxim/camera-rig-calibration/data_local/real_vehicle_2026_07_10/datasets/real_05x_4k_3hz_v1/preview/static_candidates/cam_edge_5/frame_0011_t1783681579700449647.jpg
cam_edge_5,back_right,/edge_0/camera/color/image_raw/compressed,12,1783681579767660719,1280,720,7,5 7 8 9 10 12 17,13631.5,331.80087121378455,/home/maxim/camera-rig-calibration/data_local/real_vehicle_2026_07_10/datasets/real_05x_4k_3hz_v1/preview/static_candidates/cam_edge_5/frame_0012_t1783681579767660719.jpg
cam_edge_5,back_right,/edge_0/camera/color/image_raw/compressed,13,1783681579835031776,1280,720,7,5 7 8 9 10 12 17,13659.0,333.14922634420407,/home/maxim/camera-rig-calibration/data_local/real_vehicle_2026_07_10/datasets/real_05x_4k_3hz_v1/preview/static_candidates/cam_edge_5/frame_0013_t1783681579835031776.jpg
cam_edge_5,back_right,/edge_0/camera/color/image_raw/compressed,14,1783681579904158756,1280,720,7,5 7 8 9 10 12 17,13705.0,331.50799910886775,/home/maxim/camera-rig-calibration/data_local/real_vehicle_2026_07_10/datasets/real_05x_4k_3hz_v1/preview/static_candidates/cam_edge_5/frame_0014_t1783681579904158756.jpg
cam_edge_5,back_right,/edge_0/camera/color/image_raw/compressed,15,1783681579969492297,1280,720,7,5 7 8 9 10 12 17,13629.5,330.9282085483681,/home/maxim/camera-rig-calibration/data_local/real_vehicle_2026_07_10/datasets/real_05x_4k_3hz_v1/preview/static_candidates/cam_edge_5/frame_0015_t1783681579969492297.jpg
cam_edge_5,back_right,/edge_0/camera/color/image_raw/compressed,16,1783681580041027054,1280,720,7,5 7 8 9 10 12 17,13650.5,331.40065319596255,/home/maxim/camera-rig-calibration/data_local/real_vehicle_2026_07_10/datasets/real_05x_4k_3hz_v1/preview/static_candidates/cam_edge_5/frame_0016_t1783681580041027054.jpg
cam_edge_5,back_right,/edge_0/camera/color/image_raw/compressed,17,1783681580105898874,1280,720,7,5 7 8 9 10 12 17,13629.5,331.9045290790654,/home/maxim/camera-rig-calibration/data_local/real_vehicle_2026_07_10/datasets/real_05x_4k_3hz_v1/preview/static_candidates/cam_edge_5/frame_0017_t1783681580105898874.jpg
cam_edge_5,back_right,/edge_0/camera/color/image_raw/compressed,18,1783681580171737844,1280,720,7,5 7 8 9 10 12 17,13610.5,331.0774510333577,/home/maxim/camera-rig-calibration/data_local/real_vehicle_2026_07_10/datasets/real_05x_4k_3hz_v1/preview/static_candidates/cam_edge_5/frame_0018_t1783681580171737844.jpg
cam_edge_5,back_right,/edge_0/camera/color/image_raw/compressed,19,1783681580238655920,1280,720,7,5 7 8 9 10 12 17,13645.5,330.95615558114594,/home/maxim/camera-rig-calibration/data_local/real_vehicle_2026_07_10/datasets/real_05x_4k_3hz_v1/preview/static_candidates/cam_edge_5/frame_0019_t1783681580238655920.jpg
cam_edge_5,back_right,/edge_0/camera/color/image_raw/compressed,20,1783681580306817035,1280,720,7,5 7 8 9 10 12 17,13647.0,331.8457117874522,/home/maxim/camera-rig-calibration/data_local/real_vehicle_2026_07_10/datasets/real_05x_4k_3hz_v1/preview/static_candidates/cam_edge_5/frame_0020_t1783681580306817035.jpg
cam_edge_5,back_right,/edge_0/camera/color/image_raw/compressed,21,1783681580374001463,1280,720,7,5 7 8 9 10 12 17,13628.5,330.91603945752837,/home/maxim/camera-rig-calibration/data_local/real_vehicle_2026_07_10/datasets/real_05x_4k_3hz_v1/preview/static_candidates/cam_edge_5/frame_0021_t1783681580374001463.jpg
cam_edge_5,back_right,/edge_0/camera/color/image_raw/compressed,22,1783681580440806028,1280,720,7,5 7 8 9 10 12 17,13612.0,331.18262478292814,/home/maxim/camera-rig-calibration/data_local/real_vehicle_2026_07_10/datasets/real_05x_4k_3hz_v1/preview/static_candidates/cam_edge_5/frame_0022_t1783681580440806028.jpg
cam_edge_5,back_right,/edge_0/camera/color/image_raw/compressed,23,1783681580507699301,1280,720,7,5 7 8 9 10 12 17,13616.0,331.04023960531606,/home/maxim/camera-rig-calibration/data_local/real_vehicle_2026_07_10/datasets/real_05x_4k_3hz_v1/preview/static_candidates/cam_edge_5/frame_0023_t1783681580507699301.jpg
cam_edge_5,back_right,/edge_0/camera/color/image_raw/compressed,24,1783681580574977031,1280,720,7,5 7 8 9 10 12 17,13507.0,330.2435861530714,/home/maxim/camera-rig-calibration/data_local/real_vehicle_2026_07_10/datasets/real_05x_4k_3hz_v1/preview/static_candidates/cam_edge_5/frame_0024_t1783681580574977031.jpg
cam_edge_5,back_right,/edge_0/camera/color/image_raw/compressed,25,1783681580642854680,1280,720,7,5 7 8 9 10 12 17,13648.5,329.82847113305417,/home/maxim/camera-rig-calibration/data_local/real_vehicle_2026_07_10/datasets/real_05x_4k_3hz_v1/preview/static_candidates/cam_edge_5/frame_0025_t1783681580642854680.jpg
cam_edge_5,back_right,/edge_0/camera/color/image_raw/compressed,26,1783681580732015188,1280,720,7,5 7 8 9 10 12 17,13629.5,329.9574608272552,/home/maxim/camera-rig-calibration/data_local/real_vehicle_2026_07_10/datasets/real_05x_4k_3hz_v1/preview/static_candidates/cam_edge_5/frame_0026_t1783681580732015188.jpg
cam_edge_5,back_right,/edge_0/camera/color/image_raw/compressed,27,1783681580776015996,1280,720,7,5 7 8 9 10 12 17,13568.0,330.25638667351984,/home/maxim/camera-rig-calibration/data_local/real_vehicle_2026_07_10/datasets/real_05x_4k_3hz_v1/preview/static_candidates/cam_edge_5/frame_0027_t1783681580776015996.jpg
cam_edge_5,back_right,/edge_0/camera/color/image_raw/compressed,28,1783681580843436285,1280,720,7,5 7 8 9 10 12 17,13593.0,330.30531133716596,/home/maxim/camera-rig-calibration/data_local/real_vehicle_2026_07_10/datasets/real_05x_4k_3hz_v1/preview/static_candidates/cam_edge_5/frame_0028_t1783681580843436285.jpg
cam_edge_5,back_right,/edge_0/camera/color/image_raw/compressed,29,1783681580912628819,1280,720,7,5 7 8 9 10 12 17,13523.0,330.84290033207526,/home/maxim/camera-rig-calibration/data_local/real_vehicle_2026_07_10/datasets/real_05x_4k_3hz_v1/preview/static_candidates/cam_edge_5/frame_0029_t1783681580912628819.jpg
cam_edge_5,back_right,/edge_0/camera/color/image_raw/compressed,30,1783681580978125468,1280,720,7,5 7 8 9 10 12 17,13674.0,330.8569617837789,/home/maxim/camera-rig-calibration/data_local/real_vehicle_2026_07_10/datasets/real_05x_4k_3hz_v1/preview/static_candidates/cam_edge_5/frame_0030_t1783681580978125468.jpg
cam_edge_5,back_right,/edge_0/camera/color/image_raw/compressed,31,1783681581046465599,1280,720,7,5 7 8 9 10 12 17,13563.5,330.82217989953944,/home/maxim/camera-rig-calibration/data_local/real_vehicle_2026_07_10/datasets/real_05x_4k_3hz_v1/preview/static_candidates/cam_edge_5/frame_0031_t1783681581046465599.jpg
cam_edge_5,back_right,/edge_0/camera/color/image_raw/compressed,32,1783681581122241425,1280,720,7,5 7 8 9 10 12 17,13496.0,330.4078525464929,/home/maxim/camera-rig-calibration/data_local/real_vehicle_2026_07_10/datasets/real_05x_4k_3hz_v1/preview/static_candidates/cam_edge_5/frame_0032_t1783681581122241425.jpg
cam_edge_5,back_right,/edge_0/camera/color/image_raw/compressed,33,1783681581184142007,1280,720,7,5 7 8 9 10 12 17,13610.5,330.5977571605999,/home/maxim/camera-rig-calibration/data_local/real_vehicle_2026_07_10/datasets/real_05x_4k_3hz_v1/preview/static_candidates/cam_edge_5/frame_0033_t1783681581184142007.jpg
cam_edge_5,back_right,/edge_0/camera/color/image_raw/compressed,34,1783681581248846472,1280,720,7,5 7 8 9 10 12 17,13629.5,331.46084090736196,/home/maxim/camera-rig-calibration/data_local/real_vehicle_2026_07_10/datasets/real_05x_4k_3hz_v1/preview/static_candidates/cam_edge_5/frame_0034_t1783681581248846472.jpg
cam_edge_5,back_right,/edge_0/camera/color/image_raw/compressed,35,1783681581316523863,1280,720,7,5 7 8 9 10 12 17,13593.0,330.9744064203888,/home/maxim/camera-rig-calibration/data_local/real_vehicle_2026_07_10/datasets/real_05x_4k_3hz_v1/preview/static_candidates/cam_edge_5/frame_0035_t1783681581316523863.jpg
cam_edge_5,back_right,/edge_0/camera/color/image_raw/compressed,36,1783681581382842328,1280,720,7,5 7 8 9 10 12 17,13583.0,331.206682805802,/home/maxim/camera-rig-calibration/data_local/real_vehicle_2026_07_10/datasets/real_05x_4k_3hz_v1/preview/static_candidates/cam_edge_5/frame_0036_t1783681581382842328.jpg
cam_edge_5,back_right,/edge_0/camera/color/image_raw/compressed,37,1783681581448628096,1280,720,7,5 7 8 9 10 12 17,13680.0,331.74789713405573,/home/maxim/camera-rig-calibration/data_local/real_vehicle_2026_07_10/datasets/real_05x_4k_3hz_v1/preview/static_candidates/cam_edge_5/frame_0037_t1783681581448628096.jpg
cam_edge_5,back_right,/edge_0/camera/color/image_raw/compressed,38,1783681581515290940,1280,720,7,5 7 8 9 10 12 17,13523.0,330.89045120050883,/home/maxim/camera-rig-calibration/data_local/real_vehicle_2026_07_10/datasets/real_05x_4k_3hz_v1/preview/static_candidates/cam_edge_5/frame_0038_t1783681581515290940.jpg
cam_edge_5,back_right,/edge_0/camera/color/image_raw/compressed,39,1783681581582397039,1280,720,7,5 7 8 9 10 12 17,13665.0,332.20257368706586,/home/maxim/camera-rig-calibration/data_local/real_vehicle_2026_07_10/datasets/real_05x_4k_3hz_v1/preview/static_candidates/cam_edge_5/frame_0039_t1783681581582397039.jpg
cam_edge_5,back_right,/edge_0/camera/color/image_raw/compressed,40,1783681581649332236,1280,720,7,5 7 8 9 10 12 17,13735.0,331.6514268380331,/home/maxim/camera-rig-calibration/data_local/real_vehicle_2026_07_10/datasets/real_05x_4k_3hz_v1/preview/static_candidates/cam_edge_5/frame_0040_t1783681581649332236.jpg
cam_edge_5,back_right,/edge_0/camera/color/image_raw/compressed,41,1783681581718322880,1280,720,7,5 7 8 9 10 12 17,13612.0,330.55824217753457,/home/maxim/camera-rig-calibration/data_local/real_vehicle_2026_07_10/datasets/real_05x_4k_3hz_v1/preview/static_candidates/cam_edge_5/frame_0041_t1783681581718322880.jpg
cam_edge_5,back_right,/edge_0/camera/color/image_raw/compressed,42,1783681581783521322,1280,720,7,5 7 8 9 10 12 17,13548.5,331.1258809840825,/home/maxim/camera-rig-calibration/data_local/real_vehicle_2026_07_10/datasets/real_05x_4k_3hz_v1/preview/static_candidates/cam_edge_5/frame_0042_t1783681581783521322.jpg
cam_edge_5,back_right,/edge_0/camera/color/image_raw/compressed,43,1783681581850823259,1280,720,7,5 7 8 9 10 12 17,13629.5,331.3143770977254,/home/maxim/camera-rig-calibration/data_local/real_vehicle_2026_07_10/datasets/real_05x_4k_3hz_v1/preview/static_candidates/cam_edge_5/frame_0043_t1783681581850823259.jpg
cam_edge_5,back_right,/edge_0/camera/color/image_raw/compressed,44,1783681581920361963,1280,720,7,5 7 8 9 10 12 17,13616.0,330.74592114859547,/home/maxim/camera-rig-calibration/data_local/real_vehicle_2026_07_10/datasets/real_05x_4k_3hz_v1/preview/static_candidates/cam_edge_5/frame_0044_t1783681581920361963.jpg
cam_edge_5,back_right,/edge_0/camera/color/image_raw/compressed,45,1783681581991581080,1280,720,7,5 7 8 9 10 12 17,13635.0,330.01421982695854,/home/maxim/camera-rig-calibration/data_local/real_vehicle_2026_07_10/datasets/real_05x_4k_3hz_v1/preview/static_candidates/cam_edge_5/frame_0045_t1783681581991581080.jpg
cam_edge_5,back_right,/edge_0/camera/color/image_raw/compressed,46,1783681582057194450,1280,720,7,5 7 8 9 10 12 17,13657.5,330.148681584157,/home/maxim/camera-rig-calibration/data_local/real_vehicle_2026_07_10/datasets/real_05x_4k_3hz_v1/preview/static_candidates/cam_edge_5/frame_0046_t1783681582057194450.jpg
cam_edge_5,back_right,/edge_0/camera/color/image_raw/compressed,47,1783681582124955164,1280,720,7,5 7 8 9 10 12 17,13670.0,329.88970460543675,/home/maxim/camera-rig-calibration/data_local/real_vehicle_2026_07_10/datasets/real_05x_4k_3hz_v1/preview/static_candidates/cam_edge_5/frame_0047_t1783681582124955164.jpg
cam_edge_5,back_right,/edge_0/camera/color/image_raw/compressed,48,1783681582190961286,1280,720,7,5 7 8 9 10 12 17,13612.0,329.915064013812,/home/maxim/camera-rig-calibration/data_local/real_vehicle_2026_07_10/datasets/real_05x_4k_3hz_v1/preview/static_candidates/cam_edge_5/frame_0048_t1783681582190961286.jpg
cam_edge_5,back_right,/edge_0/camera/color/image_raw/compressed,49,1783681582259412579,1280,720,7,5 7 8 9 10 12 17,13507.0,329.2247113639926,/home/maxim/camera-rig-calibration/data_local/real_vehicle_2026_07_10/datasets/real_05x_4k_3hz_v1/preview/static_candidates/cam_edge_5/frame_0049_t1783681582259412579.jpg
cam_edge_5,back_right,/edge_0/camera/color/image_raw/compressed,50,1783681582326082054,1280,720,7,5 7 8 9 10 12 17,13616.0,330.392484777361,/home/maxim/camera-rig-calibration/data_local/real_vehicle_2026_07_10/datasets/real_05x_4k_3hz_v1/preview/static_candidates/cam_edge_5/frame_0050_t1783681582326082054.jpg
cam_edge_5,back_right,/edge_0/camera/color/image_raw/compressed,51,1783681582396090874,1280,720,7,5 7 8 9 10 12 17,13629.5,329.52154826973697,/home/maxim/camera-rig-calibration/data_local/real_vehicle_2026_07_10/datasets/real_05x_4k_3hz_v1/preview/static_candidates/cam_edge_5/frame_0051_t1783681582396090874.jpg
cam_edge_5,back_right,/edge_0/camera/color/image_raw/compressed,52,1783681582457855774,1280,720,7,5 7 8 9 10 12 17,13612.0,329.30965475384266,/home/maxim/camera-rig-calibration/data_local/real_vehicle_2026_07_10/datasets/real_05x_4k_3hz_v1/preview/static_candidates/cam_edge_5/frame_0052_t1783681582457855774.jpg
cam_edge_5,back_right,/edge_0/camera/color/image_raw/compressed,53,1783681582533692858,1280,720,7,5 7 8 9 10 12 17,13635.0,329.8292578063965,/home/maxim/camera-rig-calibration/data_local/real_vehicle_2026_07_10/datasets/real_05x_4k_3hz_v1/preview/static_candidates/cam_edge_5/frame_0053_t1783681582533692858.jpg
cam_edge_5,back_right,/edge_0/camera/color/image_raw/compressed,54,1783681582599739378,1280,720,7,5 7 8 9 10 12 17,13637.5,329.8956987051317,/home/maxim/camera-rig-calibration/data_local/real_vehicle_2026_07_10/datasets/real_05x_4k_3hz_v1/preview/static_candidates/cam_edge_5/frame_0054_t1783681582599739378.jpg
cam_edge_5,back_right,/edge_0/camera/color/image_raw/compressed,55,1783681582661509692,1280,720,7,5 7 8 9 10 12 17,13648.5,329.81999337201523,/home/maxim/camera-rig-calibration/data_local/real_vehicle_2026_07_10/datasets/real_05x_4k_3hz_v1/preview/static_candidates/cam_edge_5/frame_0055_t1783681582661509692.jpg
cam_edge_5,back_right,/edge_0/camera/color/image_raw/compressed,56,1783681582728321486,1280,720,7,5 7 8 9 10 12 17,13639.0,328.8905370825297,/home/maxim/camera-rig-calibration/data_local/real_vehicle_2026_07_10/datasets/real_05x_4k_3hz_v1/preview/static_candidates/cam_edge_5/frame_0056_t1783681582728321486.jpg
cam_edge_5,back_right,/edge_0/camera/color/image_raw/compressed,57,1783681582796677849,1280,720,7,5 7 8 9 10 12 17,13629.5,329.9658626123958,/home/maxim/camera-rig-calibration/data_local/real_vehicle_2026_07_10/datasets/real_05x_4k_3hz_v1/preview/static_candidates/cam_edge_5/frame_0057_t1783681582796677849.jpg
cam_edge_5,back_right,/edge_0/camera/color/image_raw/compressed,58,1783681582863505299,1280,720,7,5 7 8 9 10 12 17,13678.0,329.61062171036417,/home/maxim/camera-rig-calibration/data_local/real_vehicle_2026_07_10/datasets/real_05x_4k_3hz_v1/preview/static_candidates/cam_edge_5/frame_0058_t1783681582863505299.jpg
cam_edge_5,back_right,/edge_0/camera/color/image_raw/compressed,59,1783681582935910343,1280,720,7,5 7 8 9 10 12 17,13593.0,330.14357963559075,/home/maxim/camera-rig-calibration/data_local/real_vehicle_2026_07_10/datasets/real_05x_4k_3hz_v1/preview/static_candidates/cam_edge_5/frame_0059_t1783681582935910343.jpg
cam_edge_5,back_right,/edge_0/camera/color/image_raw/compressed,60,1783681582996531274,1280,720,7,5 7 8 9 10 12 17,13523.0,328.4875780690463,/home/maxim/camera-rig-calibration/data_local/real_vehicle_2026_07_10/datasets/real_05x_4k_3hz_v1/preview/static_candidates/cam_edge_5/frame_0060_t1783681582996531274.jpg
cam_edge_5,back_right,/edge_0/camera/color/image_raw/compressed,61,1783681583094408568,1280,720,7,5 7 8 9 10 12 17,13629.5,329.798886534119,/home/maxim/camera-rig-calibration/data_local/real_vehicle_2026_07_10/datasets/real_05x_4k_3hz_v1/preview/static_candidates/cam_edge_5/frame_0061_t1783681583094408568.jpg
cam_edge_5,back_right,/edge_0/camera/color/image_raw/compressed,62,1783681583138961300,1280,720,7,5 7 8 9 10 12 17,13536.5,329.15726005788594,/home/maxim/camera-rig-calibration/data_local/real_vehicle_2026_07_10/datasets/real_05x_4k_3hz_v1/preview/static_candidates/cam_edge_5/frame_0062_t1783681583138961300.jpg
cam_edge_5,back_right,/edge_0/camera/color/image_raw/compressed,63,1783681583205654313,1280,720,7,5 7 8 9 10 12 17,13563.5,328.7674239912198,/home/maxim/camera-rig-calibration/data_local/real_vehicle_2026_07_10/datasets/real_05x_4k_3hz_v1/preview/static_candidates/cam_edge_5/frame_0063_t1783681583205654313.jpg
cam_edge_5,back_right,/edge_0/camera/color/image_raw/compressed,64,1783681583269193464,1280,720,7,5 7 8 9 10 12 17,13620.0,330.23244028088476,/home/maxim/camera-rig-calibration/data_local/real_vehicle_2026_07_10/datasets/real_05x_4k_3hz_v1/preview/static_candidates/cam_edge_5/frame_0064_t1783681583269193464.jpg
cam_edge_5,back_right,/edge_0/camera/color/image_raw/compressed,65,1783681583336953738,1280,720,7,5 7 8 9 10 12 17,13695.5,328.60321377584216,/home/maxim/camera-rig-calibration/data_local/real_vehicle_2026_07_10/datasets/real_05x_4k_3hz_v1/preview/static_candidates/cam_edge_5/frame_0065_t1783681583336953738.jpg
cam_edge_5,back_right,/edge_0/camera/color/image_raw/compressed,66,1783681583401300761,1280,720,7,5 7 8 9 10 12 17,13610.5,328.9085351283273,/home/maxim/camera-rig-calibration/data_local/real_vehicle_2026_07_10/datasets/real_05x_4k_3hz_v1/preview/static_candidates/cam_edge_5/frame_0066_t1783681583401300761.jpg
cam_edge_5,back_right,/edge_0/camera/color/image_raw/compressed,67,1783681583469148487,1280,720,7,5 7 8 9 10 12 17,13646.5,328.8639919457318,/home/maxim/camera-rig-calibration/data_local/real_vehicle_2026_07_10/datasets/real_05x_4k_3hz_v1/preview/static_candidates/cam_edge_5/frame_0067_t1783681583469148487.jpg
cam_edge_5,back_right,/edge_0/camera/color/image_raw/compressed,68,1783681583533733636,1280,720,7,5 7 8 9 10 12 17,13678.0,328.959918612067,/home/maxim/camera-rig-calibration/data_local/real_vehicle_2026_07_10/datasets/real_05x_4k_3hz_v1/preview/static_candidates/cam_edge_5/frame_0068_t1783681583533733636.jpg
cam_edge_5,back_right,/edge_0/camera/color/image_raw/compressed,69,1783681583601301233,1280,720,7,5 7 8 9 10 12 17,13629.5,328.9742567224562,/home/maxim/camera-rig-calibration/data_local/real_vehicle_2026_07_10/datasets/real_05x_4k_3hz_v1/preview/static_candidates/cam_edge_5/frame_0069_t1783681583601301233.jpg
cam_edge_5,back_right,/edge_0/camera/color/image_raw/compressed,70,1783681583668934593,1280,720,7,5 7 8 9 10 12 17,13628.0,328.1810372984662,/home/maxim/camera-rig-calibration/data_local/real_vehicle_2026_07_10/datasets/real_05x_4k_3hz_v1/preview/static_candidates/cam_edge_5/frame_0070_t1783681583668934593.jpg
cam_edge_5,back_right,/edge_0/camera/color/image_raw/compressed,71,1783681583743484647,1280,720,7,5 7 8 9 10 12 17,13631.0,328.71171518009226,/home/maxim/camera-rig-calibration/data_local/real_vehicle_2026_07_10/datasets/real_05x_4k_3hz_v1/preview/static_candidates/cam_edge_5/frame_0071_t1783681583743484647.jpg
cam_edge_5,back_right,/edge_0/camera/color/image_raw/compressed,72,1783681583808759536,1280,720,7,5 7 8 9 10 12 17,13593.0,328.8779784972286,/home/maxim/camera-rig-calibration/data_local/real_vehicle_2026_07_10/datasets/real_05x_4k_3hz_v1/preview/static_candidates/cam_edge_5/frame_0072_t1783681583808759536.jpg
cam_edge_5,back_right,/edge_0/camera/color/image_raw/compressed,73,1783681583875713354,1280,720,7,5 7 8 9 10 12 17,13629.5,328.48857295183603,/home/maxim/camera-rig-calibration/data_local/real_vehicle_2026_07_10/datasets/real_05x_4k_3hz_v1/preview/static_candidates/cam_edge_5/frame_0073_t1783681583875713354.jpg
cam_edge_5,back_right,/edge_0/camera/color/image_raw/compressed,74,1783681583945341452,1280,720,7,5 7 8 9 10 12 17,13648.5,328.21629013458875,/home/maxim/camera-rig-calibration/data_local/real_vehicle_2026_07_10/datasets/real_05x_4k_3hz_v1/preview/static_candidates/cam_edge_5/frame_0074_t1783681583945341452.jpg
cam_edge_5,back_right,/edge_0/camera/color/image_raw/compressed,75,1783681584007407872,1280,720,7,5 7 8 9 10 12 17,13664.5,327.4733419215828,/home/maxim/camera-rig-calibration/data_local/real_vehicle_2026_07_10/datasets/real_05x_4k_3hz_v1/preview/static_candidates/cam_edge_5/frame_0075_t1783681584007407872.jpg
cam_edge_5,back_right,/edge_0/camera/color/image_raw/compressed,76,1783681584076042237,1280,720,7,5 7 8 9 10 12 17,13625.0,328.5728786836307,/home/maxim/camera-rig-calibration/data_local/real_vehicle_2026_07_10/datasets/real_05x_4k_3hz_v1/preview/static_candidates/cam_edge_5/frame_0076_t1783681584076042237.jpg
cam_edge_5,back_right,/edge_0/camera/color/image_raw/compressed,77,1783681584141671106,1280,720,7,5 7 8 9 10 12 17,13652.5,327.5225585658275,/home/maxim/camera-rig-calibration/data_local/real_vehicle_2026_07_10/datasets/real_05x_4k_3hz_v1/preview/static_candidates/cam_edge_5/frame_0077_t1783681584141671106.jpg
cam_edge_5,back_right,/edge_0/camera/color/image_raw/compressed,78,1783681584206426598,1280,720,7,5 7 8 9 10 12 17,13647.0,328.92224933284126,/home/maxim/camera-rig-calibration/data_local/real_vehicle_2026_07_10/datasets/real_05x_4k_3hz_v1/preview/static_candidates/cam_edge_5/frame_0078_t1783681584206426598.jpg
cam_edge_5,back_right,/edge_0/camera/color/image_raw/compressed,79,1783681584276188843,1280,720,7,5 7 8 9 10 12 17,13651.0,327.23186731154715,/home/maxim/camera-rig-calibration/data_local/real_vehicle_2026_07_10/datasets/real_05x_4k_3hz_v1/preview/static_candidates/cam_edge_5/frame_0079_t1783681584276188843.jpg
cam_edge_5,back_right,/edge_0/camera/color/image_raw/compressed,80,1783681584352799558,1280,720,7,5 7 8 9 10 12 17,13568.0,327.9950216952856,/home/maxim/camera-rig-calibration/data_local/real_vehicle_2026_07_10/datasets/real_05x_4k_3hz_v1/preview/static_candidates/cam_edge_5/frame_0080_t1783681584352799558.jpg
cam_edge_5,back_right,/edge_0/camera/color/image_raw/compressed,81,1783681584423487545,1280,720,7,5 7 8 9 10 12 17,13688.0,327.83703549664824,/home/maxim/camera-rig-calibration/data_local/real_vehicle_2026_07_10/datasets/real_05x_4k_3hz_v1/preview/static_candidates/cam_edge_5/frame_0081_t1783681584423487545.jpg
cam_edge_5,back_right,/edge_0/camera/color/image_raw/compressed,82,1783681584481648272,1280,720,7,5 7 8 9 10 12 17,13657.5,327.5117609875044,/home/maxim/camera-rig-calibration/data_local/real_vehicle_2026_07_10/datasets/real_05x_4k_3hz_v1/preview/static_candidates/cam_edge_5/frame_0082_t1783681584481648272.jpg
cam_edge_5,back_right,/edge_0/camera/color/image_raw/compressed,83,1783681584546557583,1280,720,7,5 7 8 9 10 12 17,13666.0,326.8893434634635,/home/maxim/camera-rig-calibration/data_local/real_vehicle_2026_07_10/datasets/real_05x_4k_3hz_v1/preview/static_candidates/cam_edge_5/frame_0083_t1783681584546557583.jpg
cam_edge_5,back_right,/edge_0/camera/color/image_raw/compressed,84,1783681584614102839,1280,720,7,5 7 8 9 10 12 17,13610.5,327.65240336268727,/home/maxim/camera-rig-calibration/data_local/real_vehicle_2026_07_10/datasets/real_05x_4k_3hz_v1/preview/static_candidates/cam_edge_5/frame_0084_t1783681584614102839.jpg
cam_edge_5,back_right,/edge_0/camera/color/image_raw/compressed,85,1783681584678944275,1280,720,7,5 7 8 9 10 12 17,13629.5,328.23735425226647,/home/maxim/camera-rig-calibration/data_local/real_vehicle_2026_07_10/datasets/real_05x_4k_3hz_v1/preview/static_candidates/cam_edge_5/frame_0085_t1783681584678944275.jpg
cam_edge_5,back_right,/edge_0/camera/color/image_raw/compressed,86,1783681584769469151,1280,720,7,5 7 8 9 10 12 17,13629.5,327.5444670019257,/home/maxim/camera-rig-calibration/data_local/real_vehicle_2026_07_10/datasets/real_05x_4k_3hz_v1/preview/static_candidates/cam_edge_5/frame_0086_t1783681584769469151.jpg
cam_edge_5,back_right,/edge_0/camera/color/image_raw/compressed,87,1783681584810200436,1280,720,7,5 7 8 9 10 12 17,13676.5,327.63725151889815,/home/maxim/camera-rig-calibration/data_local/real_vehicle_2026_07_10/datasets/real_05x_4k_3hz_v1/preview/static_candidates/cam_edge_5/frame_0087_t1783681584810200436.jpg
cam_edge_5,back_right,/edge_0/camera/color/image_raw/compressed,88,1783681584876622679,1280,720,7,5 7 8 9 10 12 17,13659.0,327.70799470455967,/home/maxim/camera-rig-calibration/data_local/real_vehicle_2026_07_10/datasets/real_05x_4k_3hz_v1/preview/static_candidates/cam_edge_5/frame_0088_t1783681584876622679.jpg
cam_edge_5,back_right,/edge_0/camera/color/image_raw/compressed,89,1783681584949130427,1280,720,7,5 7 8 9 10 12 17,13677.5,327.33456157391856,/home/maxim/camera-rig-calibration/data_local/real_vehicle_2026_07_10/datasets/real_05x_4k_3hz_v1/preview/static_candidates/cam_edge_5/frame_0089_t1783681584949130427.jpg
cam_edge_5,back_right,/edge_0/camera/color/image_raw/compressed,90,1783681585066862110,1280,720,7,5 7 8 9 10 12 17,13629.5,327.4318196576328,/home/maxim/camera-rig-calibration/data_local/real_vehicle_2026_07_10/datasets/real_05x_4k_3hz_v1/preview/static_candidates/cam_edge_5/frame_0090_t1783681585066862110.jpg
cam_edge_5,back_right,/edge_0/camera/color/image_raw/compressed,91,1783681585112812077,1280,720,6,5 7 8 9 12 17,12386.0,327.76346241454036,/home/maxim/camera-rig-calibration/data_local/real_vehicle_2026_07_10/datasets/real_05x_4k_3hz_v1/preview/static_candidates/cam_edge_5/frame_0091_t1783681585112812077.jpg
cam_edge_5,back_right,/edge_0/camera/color/image_raw/compressed,92,1783681585163265641,1280,720,7,5 7 8 9 10 12 17,13651.0,328.9374500581531,/home/maxim/camera-rig-calibration/data_local/real_vehicle_2026_07_10/datasets/real_05x_4k_3hz_v1/preview/static_candidates/cam_edge_5/frame_0092_t1783681585163265641.jpg
cam_edge_5,back_right,/edge_0/camera/color/image_raw/compressed,93,1783681585215645070,1280,720,7,5 7 8 9 10 12 17,13648.5,328.0258885652035,/home/maxim/camera-rig-calibration/data_local/real_vehicle_2026_07_10/datasets/real_05x_4k_3hz_v1/preview/static_candidates/cam_edge_5/frame_0093_t1783681585215645070.jpg
cam_edge_5,back_right,/edge_0/camera/color/image_raw/compressed,94,1783681585282029577,1280,720,7,5 7 8 9 10 12 17,13695.5,328.82739582248246,/home/maxim/camera-rig-calibration/data_local/real_vehicle_2026_07_10/datasets/real_05x_4k_3hz_v1/preview/static_candidates/cam_edge_5/frame_0094_t1783681585282029577.jpg
cam_edge_5,back_right,/edge_0/camera/color/image_raw/compressed,95,1783681585347626823,1280,720,6,5 7 8 9 12 17,12339.0,328.5889246693353,/home/maxim/camera-rig-calibration/data_local/real_vehicle_2026_07_10/datasets/real_05x_4k_3hz_v1/preview/static_candidates/cam_edge_5/frame_0095_t1783681585347626823.jpg
cam_edge_5,back_right,/edge_0/camera/color/image_raw/compressed,96,1783681585467933346,1280,720,7,5 7 8 9 10 12 17,13654.0,328.6318163672507,/home/maxim/camera-rig-calibration/data_local/real_vehicle_2026_07_10/datasets/real_05x_4k_3hz_v1/preview/static_candidates/cam_edge_5/frame_0096_t1783681585467933346.jpg
cam_edge_5,back_right,/edge_0/camera/color/image_raw/compressed,97,1783681585482629951,1280,720,7,5 7 8 9 10 12 17,13671.0,328.5103677455751,/home/maxim/camera-rig-calibration/data_local/real_vehicle_2026_07_10/datasets/real_05x_4k_3hz_v1/preview/static_candidates/cam_edge_5/frame_0097_t1783681585482629951.jpg
cam_edge_5,back_right,/edge_0/camera/color/image_raw/compressed,98,1783681585566709355,1280,720,7,5 7 8 9 10 12 17,13629.5,328.16231982148713,/home/maxim/camera-rig-calibration/data_local/real_vehicle_2026_07_10/datasets/real_05x_4k_3hz_v1/preview/static_candidates/cam_edge_5/frame_0098_t1783681585566709355.jpg
cam_edge_5,back_right,/edge_0/camera/color/image_raw/compressed,99,1783681585670343535,1280,720,7,5 7 8 9 10 12 17,13629.5,327.59335610367475,/home/maxim/camera-rig-calibration/data_local/real_vehicle_2026_07_10/datasets/real_05x_4k_3hz_v1/preview/static_candidates/cam_edge_5/frame_0099_t1783681585670343535.jpg
cam_edge_5,back_right,/edge_0/camera/color/image_raw/compressed,100,1783681585699214399,1280,720,7,5 7 8 9 10 12 17,13664.5,328.7154480393858,/home/maxim/camera-rig-calibration/data_local/real_vehicle_2026_07_10/datasets/real_05x_4k_3hz_v1/preview/static_candidates/cam_edge_5/frame_0100_t1783681585699214399.jpg
cam_edge_5,back_right,/edge_0/camera/color/image_raw/compressed,101,1783681585772738416,1280,720,7,5 7 8 9 10 12 17,13697.0,328.1170160462933,/home/maxim/camera-rig-calibration/data_local/real_vehicle_2026_07_10/datasets/real_05x_4k_3hz_v1/preview/static_candidates/cam_edge_5/frame_0101_t1783681585772738416.jpg
cam_edge_5,back_right,/edge_0/camera/color/image_raw/compressed,102,1783681585819897839,1280,720,7,5 7 8 9 10 12 17,13647.0,328.40664693942597,/home/maxim/camera-rig-calibration/data_local/real_vehicle_2026_07_10/datasets/real_05x_4k_3hz_v1/preview/static_candidates/cam_edge_5/frame_0102_t1783681585819897839.jpg
cam_edge_5,back_right,/edge_0/camera/color/image_raw/compressed,103,1783681585888067713,1280,720,7,5 7 8 9 10 12 17,13665.5,329.4862488928324,/home/maxim/camera-rig-calibration/data_local/real_vehicle_2026_07_10/datasets/real_05x_4k_3hz_v1/preview/static_candidates/cam_edge_5/frame_0103_t1783681585888067713.jpg
cam_edge_5,back_right,/edge_0/camera/color/image_raw/compressed,104,1783681585975368053,1280,720,7,5 7 8 9 10 12 17,13626.5,328.92848500463697,/home/maxim/camera-rig-calibration/data_local/real_vehicle_2026_07_10/datasets/real_05x_4k_3hz_v1/preview/static_candidates/cam_edge_5/frame_0104_t1783681585975368053.jpg
cam_edge_5,back_right,/edge_0/camera/color/image_raw/compressed,105,1783681586071615839,1280,720,7,5 7 8 9 10 12 17,13659.0,328.7159841567039,/home/maxim/camera-rig-calibration/data_local/real_vehicle_2026_07_10/datasets/real_05x_4k_3hz_v1/preview/static_candidates/cam_edge_5/frame_0105_t1783681586071615839.jpg
cam_edge_5,back_right,/edge_0/camera/color/image_raw/compressed,106,1783681586106302034,1280,720,7,5 7 8 9 10 12 17,13631.0,328.3623890021006,/home/maxim/camera-rig-calibration/data_local/real_vehicle_2026_07_10/datasets/real_05x_4k_3hz_v1/preview/static_candidates/cam_edge_5/frame_0106_t1783681586106302034.jpg
cam_edge_5,back_right,/edge_0/camera/color/image_raw/compressed,107,1783681586178887733,1280,720,7,5 7 8 9 10 12 17,13581.0,329.0551866292317,/home/maxim/camera-rig-calibration/data_local/real_vehicle_2026_07_10/datasets/real_05x_4k_3hz_v1/preview/static_candidates/cam_edge_5/frame_0107_t1783681586178887733.jpg
cam_edge_5,back_right,/edge_0/camera/color/image_raw/compressed,108,1783681586222878040,1280,720,7,5 7 8 9 10 12 17,13668.5,328.3538627860176,/home/maxim/camera-rig-calibration/data_local/real_vehicle_2026_07_10/datasets/real_05x_4k_3hz_v1/preview/static_candidates/cam_edge_5/frame_0108_t1783681586222878040.jpg
cam_edge_5,back_right,/edge_0/camera/color/image_raw/compressed,109,1783681586291066048,1280,720,7,5 7 8 9 10 12 17,13649.5,328.12751082277185,/home/maxim/camera-rig-calibration/data_local/real_vehicle_2026_07_10/datasets/real_05x_4k_3hz_v1/preview/static_candidates/cam_edge_5/frame_0109_t1783681586291066048.jpg
cam_edge_5,back_right,/edge_0/camera/color/image_raw/compressed,110,1783681586356686503,1280,720,7,5 7 8 9 10 12 17,13691.0,328.0233018318918,/home/maxim/camera-rig-calibration/data_local/real_vehicle_2026_07_10/datasets/real_05x_4k_3hz_v1/preview/static_candidates/cam_edge_5/frame_0110_t1783681586356686503.jpg
cam_edge_5,back_right,/edge_0/camera/color/image_raw/compressed,111,1783681586424118309,1280,720,7,5 7 8 9 10 12 17,13612.0,328.6920811611175,/home/maxim/camera-rig-calibration/data_local/real_vehicle_2026_07_10/datasets/real_05x_4k_3hz_v1/preview/static_candidates/cam_edge_5/frame_0111_t1783681586424118309.jpg
cam_edge_5,back_right,/edge_0/camera/color/image_raw/compressed,112,1783681586493915864,1280,720,7,5 7 8 9 10 12 17,13612.0,328.4757183147665,/home/maxim/camera-rig-calibration/data_local/real_vehicle_2026_07_10/datasets/real_05x_4k_3hz_v1/preview/static_candidates/cam_edge_5/frame_0112_t1783681586493915864.jpg
cam_edge_5,back_right,/edge_0/camera/color/image_raw/compressed,113,1783681586554977340,1280,720,7,5 7 8 9 10 12 17,13538.0,327.49827136305703,/home/maxim/camera-rig-calibration/data_local/real_vehicle_2026_07_10/datasets/real_05x_4k_3hz_v1/preview/static_candidates/cam_edge_5/frame_0113_t1783681586554977340.jpg
cam_edge_5,back_right,/edge_0/camera/color/image_raw/compressed,114,1783681586622449697,1280,720,7,5 7 8 9 10 12 17,13648.5,328.4783592773437,/home/maxim/camera-rig-calibration/data_local/real_vehicle_2026_07_10/datasets/real_05x_4k_3hz_v1/preview/static_candidates/cam_edge_5/frame_0114_t1783681586622449697.jpg
cam_edge_5,back_right,/edge_0/camera/color/image_raw/compressed,115,1783681586694370759,1280,720,7,5 7 8 9 10 12 17,13523.0,328.1364658783701,/home/maxim/camera-rig-calibration/data_local/real_vehicle_2026_07_10/datasets/real_05x_4k_3hz_v1/preview/static_candidates/cam_edge_5/frame_0115_t1783681586694370759.jpg
cam_edge_5,back_right,/edge_0/camera/color/image_raw/compressed,116,1783681586757097735,1280,720,7,5 7 8 9 10 12 17,13652.5,328.49786236419686,/home/maxim/camera-rig-calibration/data_local/real_vehicle_2026_07_10/datasets/real_05x_4k_3hz_v1/preview/static_candidates/cam_edge_5/frame_0116_t1783681586757097735.jpg
cam_edge_5,back_right,/edge_0/camera/color/image_raw/compressed,117,1783681586824139373,1280,720,7,5 7 8 9 10 12 17,13646.5,328.47583439757636,/home/maxim/camera-rig-calibration/data_local/real_vehicle_2026_07_10/datasets/real_05x_4k_3hz_v1/preview/static_candidates/cam_edge_5/frame_0117_t1783681586824139373.jpg
cam_edge_5,back_right,/edge_0/camera/color/image_raw/compressed,118,1783681586897614984,1280,720,7,5 7 8 9 10 12 17,13659.0,327.1070735668501,/home/maxim/camera-rig-calibration/data_local/real_vehicle_2026_07_10/datasets/real_05x_4k_3hz_v1/preview/static_candidates/cam_edge_5/frame_0118_t1783681586897614984.jpg
cam_edge_5,back_right,/edge_0/camera/color/image_raw/compressed,119,1783681586960558719,1280,720,7,5 7 8 9 10 12 17,13664.0,329.9792860213622,/home/maxim/camera-rig-calibration/data_local/real_vehicle_2026_07_10/datasets/real_05x_4k_3hz_v1/preview/static_candidates/cam_edge_5/frame_0119_t1783681586960558719.jpg
cam_edge_5,back_right,/edge_0/camera/color/image_raw/compressed,120,1783681587029846985,1280,720,7,5 7 8 9 10 12 17,13652.5,328.5714550763342,/home/maxim/camera-rig-calibration/data_local/real_vehicle_2026_07_10/datasets/real_05x_4k_3hz_v1/preview/static_candidates/cam_edge_5/frame_0120_t1783681587029846985.jpg
cam_edge_5,back_right,/edge_0/camera/color/image_raw/compressed,121,1783681587118876714,1280,720,7,5 7 8 9 10 12 17,13654.0,329.0850672326924,/home/maxim/camera-rig-calibration/data_local/real_vehicle_2026_07_10/datasets/real_05x_4k_3hz_v1/preview/static_candidates/cam_edge_5/frame_0121_t1783681587118876714.jpg
cam_edge_5,back_right,/edge_0/camera/color/image_raw/compressed,122,1783681587160792957,1280,720,7,5 7 8 9 10 12 17,13647.0,328.05174804404817,/home/maxim/camera-rig-calibration/data_local/real_vehicle_2026_07_10/datasets/real_05x_4k_3hz_v1/preview/static_candidates/cam_edge_5/frame_0122_t1783681587160792957.jpg
cam_edge_5,back_right,/edge_0/camera/color/image_raw/compressed,123,1783681587227514352,1280,720,6,5 7 8 9 12 17,12362.0,329.0544813343141,/home/maxim/camera-rig-calibration/data_local/real_vehicle_2026_07_10/datasets/real_05x_4k_3hz_v1/preview/static_candidates/cam_edge_5/frame_0123_t1783681587227514352.jpg
cam_edge_5,back_right,/edge_0/camera/color/image_raw/compressed,124,1783681587297456388,1280,720,7,5 7 8 9 10 12 17,13656.5,329.0756476894791,/home/maxim/camera-rig-calibration/data_local/real_vehicle_2026_07_10/datasets/real_05x_4k_3hz_v1/preview/static_candidates/cam_edge_5/frame_0124_t1783681587297456388.jpg
cam_edge_5,back_right,/edge_0/camera/color/image_raw/compressed,125,1783681587362780394,1280,720,7,5 7 8 9 10 12 17,13505.5,328.5616482204567,/home/maxim/camera-rig-calibration/data_local/real_vehicle_2026_07_10/datasets/real_05x_4k_3hz_v1/preview/static_candidates/cam_edge_5/frame_0125_t1783681587362780394.jpg
cam_edge_5,back_right,/edge_0/camera/color/image_raw/compressed,126,1783681587433110478,1280,720,7,5 7 8 9 10 12 17,13632.0,328.7567187242109,/home/maxim/camera-rig-calibration/data_local/real_vehicle_2026_07_10/datasets/real_05x_4k_3hz_v1/preview/static_candidates/cam_edge_5/frame_0126_t1783681587433110478.jpg
cam_edge_5,back_right,/edge_0/camera/color/image_raw/compressed,127,1783681587504276961,1280,720,7,5 7 8 9 10 12 17,13609.0,329.07332026057765,/home/maxim/camera-rig-calibration/data_local/real_vehicle_2026_07_10/datasets/real_05x_4k_3hz_v1/preview/static_candidates/cam_edge_5/frame_0127_t1783681587504276961.jpg
cam_edge_5,back_right,/edge_0/camera/color/image_raw/compressed,128,1783681587575101339,1280,720,7,5 7 8 9 10 12 17,13648.5,328.37321289020014,/home/maxim/camera-rig-calibration/data_local/real_vehicle_2026_07_10/datasets/real_05x_4k_3hz_v1/preview/static_candidates/cam_edge_5/frame_0128_t1783681587575101339.jpg
cam_edge_5,back_right,/edge_0/camera/color/image_raw/compressed,129,1783681587701693037,1280,720,7,5 7 8 9 10 12 17,13666.0,328.33293398963093,/home/maxim/camera-rig-calibration/data_local/real_vehicle_2026_07_10/datasets/real_05x_4k_3hz_v1/preview/static_candidates/cam_edge_5/frame_0129_t1783681587701693037.jpg
cam_edge_5,back_right,/edge_0/camera/color/image_raw/compressed,130,1783681587765746077,1280,720,7,5 7 8 9 10 12 17,13682.5,327.7667198337873,/home/maxim/camera-rig-calibration/data_local/real_vehicle_2026_07_10/datasets/real_05x_4k_3hz_v1/preview/static_candidates/cam_edge_5/frame_0130_t1783681587765746077.jpg
