# 3D point list with one line of data per point:
#   POINT3D_ID, X, Y, Z, R, G, B, ERROR, TRACK[] as (IMAGE_ID, POINT2D_IDX)
# Number of points: 5536, mean track length: 6.5303468208092488
6088 5.2261983013190703 1.6589163452069493 -0.39082810469696194 0 0 0 0.84905743571453951 108 28 111 119 116 139 117 244
6071 5.4336308360584082 1.6445812840548688 -0.48705590926651743 231 231 231 0.55700848801404712 104 50 112 151 109 77 108 76 100 69 105 53 110 62 106 62 111 144 114 179 107 50
6060 5.2845136505902746 1.6860634131281009 -0.34136958779767246 0 0 0 0.53952392149363293 112 333 108 224 111 241 114 302 115 300 116 375 122 672 117 455 121 541
6023 4.6786602177718644 2.4826784182432049 -0.18275953351180108 231 231 231 1.0286871876078989 109 117 108 100 107 100
6019 5.2918570184334284 1.6850329117146841 -0.33388043639024984 0 0 0 0.64055280632856215 104 61 108 89 122 536 112 239
5994 3.8449879265209939 1.8445000932976892 -0.53028007957447221 110 115 132 1.6251518627436923 112 361 108 255 111 291 114 348 115 359 116 428 118 770 117 533 121 579 120 557
5962 4.9298004333933418 1.6452437541416358 -0.49368819223855276 231 231 231 0.9972814424671812 109 68 107 49 122 405 121 195 118 281
5943 4.0495095316759455 1.9933646584309359 -0.55870826041655941 226 226 226 1.2958972566705993 96 65 101 127 99 65 102 71 100 35 105 54 104 62 110 19 112 66 110 81 106 19 106 81 109 21 108 37 111 63 114 92 115 47 107 12 116 30 123 75 118 67 122 58 121 28
5924 4.3244261334387026 0.50452953746775642 -0.24131641063377096 228 228 228 0.92553839051496212 102 177 110 223 106 223
5899 5.2916079383323593 1.6861865553788318 -0.33400638292928564 0 0 0 0.58868894488220769 104 60 110 98 106 98 108 88 111 147 112 238 107 80 122 535
5898 5.4205823173025154 1.7100659086335992 -0.33907571717730017 63 66 76 1.0751366675026355 104 118 110 95 106 95
5894 5.1426868364851179 1.6381124954148689 -0.42904673675606081 0 0 0 0.49382345803842431 112 148 110 75 106 75 122 415 115 63
5891 5.0765668827266692 1.5930321191630967 -0.51932972679701417 0 0 0 0.44155519417643269 102 21 110 57 106 57 109 57 107 43
5883 4.0601861627341131 1.996482469791852 -0.55658026331264743 230 230 230 0.45823347023768196 104 38 110 3 106 3 108 4 107 2 116 35
5804 4.0683345759384384 1.9970744687316493 -0.54740391697382784 8 8 8 1.1230931525566399 102 8 104 7 112 3 108 24 111 17 102 39
5803 -2.4259662649495866 1.4564967030280898 -0.046466880293764772 0 0 0 2.7046079603892652 16 254 18 390
5788 -2.9620694275975739 0.88207820797712955 0.1275416985804097 236 236 236 0.4882947432020906 18 314 19 241 21 169 22 85 23 85 20 174
5771 32.027064757004439 3.859360415327147 26.881442288245179 0 0 0 0.0039797763222172919 79 890 113 373
5734 5.1902165395765296 1.6571234759957636 -0.39788519423482754 0 0 0 0.22018058750436084 99 47 105 91 104 110
5702 3.8047723797674697 1.631602981703526 -0.54542609105870088 0 0 0 0.87981462101064534 102 75 100 119 105 140
5646 5.0550775950981466 1.5578606432991102 -0.58880977341469809 164 164 164 1.162602914806113 91 375 94 375 95 345 97 229 99 254 96 111 98 193 103 147 101 278 103 258 102 199 100 162 100 180 112 309 110 203 106 203 109 198 111 221 114 295 107 162 120 479 115 296
5634 6.8953910271681593 6.7608393915258924 -1.8465477650663331 8 8 8 0.027929373582405534 84 257 99 223
5630 5.6113723009271048 1.3634774747328162 -1.001964230030868 0 0 0 0.17013922772378254 98 191 103 254
5480 -3.1791696791563697 0.5188564436962837 -0.054548864191882346 8 8 8 0.17551011379822418 9 42 14 231
5434 2.3583765717207372 2.2990368974538757 -0.16715864703816583 231 231 231 1.1144729052279274 12 263 10 79 6 277 11 267 13 286 8 277 9 379 5 78 2 275 4 275 7 199 12 140 10 262 15 257 14 229 16 238 17 269
5431 0.95820354159816146 1.292939566562519 -0.84927854181733509 87 88 91 0.25365291251990535 2 1052 4 1052 5 1103 8 898 9 835 10 1009 7 841
5430 0.95820354159816146 1.292939566562519 -0.84927854181733509 87 88 91 0.25365291251990535 2 1051 4 1051 5 1102 8 897 9 834 10 1008 7 840
5425 2.6238486656712099 2.3606029635553507 0.0035767290971204062 106 111 127 1.9964875881214834 5 1077 8 874 7 780
5423 -2.6017250272412005 -0.51257056992589489 1.5114216574812724 6 19 43 1.1236663892795675 2 1032 4 1032 5 1110 7 777
5411 0.4288197833337522 -0.12070343383133596 1.935172775351885 17 18 19 0.14576795944660981 2 851 4 851 5 966 10 896 7 670
5350 -2.3226411595887533 -0.76935329814703868 1.2944849998894314 84 85 89 0.28940917367581698 2 351 4 351 5 448 7 107
5341 -1.9429544644676009 -0.57047155779043635 1.4473470008873834 2 2 2 0.19536066992888249 2 375 4 375 7 35 5 653
5305 2.1422550819860042 0.07970521820509624 1.9314752866162317 103 108 124 0.17777487514800022 5 1039 6 712 8 872 9 799 10 954 2 997 4 997 7 733
5298 -2.0585740405371009 -0.44046452789308499 1.5709790353950046 14 16 17 0.068016773025360633 5 964 10 957 2 941 4 941
5297 2.8758313222525103 -0.31305294250637433 1.7013732625090181 28 29 29 0.56845839588443425 5 948 6 616 8 772 9 758 10 868 12 595 2 924 11 562 4 924
5296 -1.198818309997381 -0.68380142015161172 1.3468225947029069 110 112 114 0.082905604739755792 8 836 10 948 2 919 4 919 7 715
5291 1.167783083229005 -0.76406059042619123 1.4671574202385049 0 0 0 0.39074339413038017 5 1016 8 829 9 786 10 941 2 907 4 907
5289 -1.2820836645725173 -0.82122638433081663 1.2352187953809119 94 96 98 0.1895408947305611 5 941 10 857 2 902 4 902 7 621
5287 -1.4969902466227731 -0.83293331930347003 1.1884442072973436 4 15 41 0.15473625332935284 5 1009 10 937 2 897 4 897 7 616
5286 -1.4969902466227731 -0.83293331930347003 1.1884442072973436 4 15 41 0.15473625332935284 5 1008 10 936 2 896 4 896 7 615
5284 -1.4632032610552261 1.6690807684164364 -0.38161099157447598 59 62 72 0.37270388335811838 5 913 10 899 2 857 4 857 7 677
5279 -1.4728672489535062 -0.70757627935593059 1.311991800246918 9 27 57 0.11949735954993505 5 862 10 865 2 805 4 805 7 542
5275 -3.4774903843059386 0.92272985718223199 1.321595847400991 59 62 72 0.21851593135777517 5 934 2 789 4 789 7 604
5248 -0.83370592751099681 -0.78190960410339849 1.2355947589893213 87 89 95 0.072143341837477185 5 595 8 608 10 522 2 513 4 513 7 236
5247 7.8905004917748842 -0.8912811959124286 0.80199367705525049 231 231 231 0.13872547851820183 74 544 2 499 4 499 7 350
5229 0.75553710553228814 -0.68162365242610568 1.5088877242080512 138 138 138 0.15556565803920214 6 478 2 354 10 540 4 354
5217 -2.3348619704680749 -0.2788674628666209 1.7184145676087208 19 21 22 0.19285878123035888 5 549 10 659 2 299 4 299
5179 -2.4098185785126462 -0.23164973547268827 1.7439311599576952 1 4 11 0.37528611601539341 10 753 5 830 2 755 4 755 7 456
5086 -3.6772976045576491 0.37170716417337191 0.98557007329357926 95 100 115 1.55701510079905 8 750 9 749 2 880 5 994 4 880 7 601
5084 -1.759875282285227 0.38765297472687271 2.2229390889959948 6 19 43 1.0577885680895409 10 683 9 747 8 589
5083 -1.4495100198033262 1.3534041008732045 0.083048964170760076 231 231 231 0.79685466737912258 13 592 9 723 14 467 17 416 18 363
5082 2.8273226572462447 2.6655126098886939 0.054909551117426243 0 0 0 0.82260918633938973 6 646 13 582 9 721 14 431
5081 2.3987991146506276 0.59574725639416171 1.1790439130097337 130 130 130 0.35344001305747508 6 638 8 791 10 887 11 581 12 570 13 577 9 711 5 893 2 837 4 837 7 665
5080 -3.6470351715138682 0.38543534081130509 1.0062278148581778 95 100 115 0.1443160573647089 8 679 9 679 5 572
5079 -3.2323810410041682 0.96809592311908066 0.025263313886068693 0 0 0 0.16180700253856584 6 600 9 668
5078 -1.1209361473352999 -0.26651090043911485 1.6646958528577211 102 107 113 0.46696033322179203 8 660 10 741 9 658 5 694 2 608 4 608 7 293
5077 -1.1209361473352999 -0.26651090043911485 1.6646958528577211 102 107 113 0.46696033322179203 8 659 10 740 9 657 5 693 2 607 4 607 7 292
5076 -1.0888375273118525 -0.29588168126077913 1.6495498686106758 105 111 117 0.15900093637724319 8 658 10 738 9 653 5 691 2 602 4 602 7 291
5075 -1.0888375273118525 -0.29588168126077913 1.6495498686106758 105 111 117 0.15900093637724319 8 657 10 737 9 652 5 690 2 601 4 601 7 290
5074 2.516964502934695 0.099731294202088774 1.6107283357520066 130 130 130 0.39767282226117123 78 938 82 828 9 635
5073 -0.30655655083356803 -0.16254529873580595 1.8258984067416968 10 13 14 0.74998457614691638 6 647 8 539 9 597
5072 -0.87222619780900568 -0.45653255812768573 1.509409416132893 123 123 123 0.11842359308920905 10 565 9 573 5 648 2 374 4 374
5069 -1.6306111475102349 1.4920673298144942 0.30185696451401089 0 0 0 0.31226019820868844 10 670 13 396 9 517 14 375 16 287
5068 -1.3540112870947099 -0.10739990890467228 1.8176015261103284 16 89 39 0.083943009416098877 8 551 10 479 9 510 5 546 2 445 4 445 7 204
5067 -1.3558737234253899 -0.1072813244935294 1.8169208995223296 16 89 39 0.07734865982675132 10 478 9 509 5 545 2 444 4 444 7 203
5066 2.0681110432248131 1.8115380195434172 -0.15357723565868339 0 0 0 1.3468431730921098 6 403 13 440 9 492 7 428 14 356
5065 1.2372682246184923 1.8827549636492578 -0.49631787633033719 231 231 231 0.47278490290534225 6 400 8 517 11 245 12 236 9 488 15 244 16 226
5064 2.8113484889915226 -0.093882289619469567 1.9784357331309406 231 231 231 0.52426222421630997 10 427 11 440 12 461 9 486 5 486
5063 -2.1303189714320121 1.5456405621322953 0.73748461401336429 107 113 130 0.012539663203659939 12 307 9 427
5062 -2.0570985703058664 1.4748681889549686 0.81280834754644038 59 62 72 0.59270662835973165 10 355 9 426 8 305 5 412 2 330 4 330
5061 -1.6508917171649742 1.5383074653016586 0.82862400799613722 59 62 72 0.76077556669154645 13 102 9 423 5 408 2 324 4 324 7 230 15 106 14 123 16 136
5060 0.12410547686988938 0.485584070934092 2.4797062981752176 139 139 139 0.18567151709926752 12 305 9 421 6 334
5058 -0.12089013455097596 0.34851108429296129 2.3165921880533467 0 0 0 0.61060383297514553 8 436 10 494 9 415
5057 -1.4242558543343284 -0.066269156817383934 1.824117298120087 123 123 123 0.13115536297728125 8 425 10 480 9 412
5056 -1.0510036352623815 -0.10811117317906649 1.8117187266539949 50 91 60 0.12008582649725723 8 421 10 310 9 408 5 370 2 292 4 292 7 63
5055 -1.1666932739202778 -0.21337191404497019 1.7141415893419134 94 95 99 0.17134914367882639 8 414 10 293 9 400 5 344 2 279 4 279 7 53
5054 -0.79180724922779022 -0.21144521121903564 1.7150086529771851 95 96 99 0.1292466260471539 8 280 10 272 9 397 5 328 2 96 4 96
5053 -0.84337837048692887 -0.24555938984410808 1.6834538395862333 48 73 63 0.14468199516341437 8 405 10 450 9 395 5 318 2 265 4 265
5052 -0.75787515705470776 -0.24444086549924368 1.679880689271454 58 79 68 0.062583997185953269 8 404 10 260 9 394 5 315
5051 -0.70899920735156341 -0.24146507652044283 1.680178552906983 123 123 123 0.083891380294864717 10 259 9 391 5 313
5050 -0.80389818320452422 -0.28563264417011397 1.6651043425241907 84 86 91 0.20647210907954791 8 275 10 255 9 387 5 65 2 91 4 91
5049 -0.79939348965616785 -0.28886795059072901 1.6461921624557054 122 122 122 0.099225275079703676 8 272 10 254 9 385 5 57 2 86 4 86
5048 -0.74316980283472667 -0.28266582887098984 1.6536391154287193 49 69 63 0.06373511256900409 8 271 10 253 9 384 5 58 2 88 4 88
5047 -0.74316980283472667 -0.28266582887098984 1.6536391154287193 49 69 63 0.06373511256900409 8 270 10 252 9 383 5 59 2 87 4 87
5046 -1.0228498986564238 -0.40049755551589467 1.5622533479036027 94 96 99 0.16356437107263599 8 393 10 231 9 366 5 283
5043 7.7676948141625051 1.6511032676136079 -0.71049270474183346 231 231 231 1.3370950354464335 8 335 10 376 77 288 9 252 78 133 79 1 80 129 81 36 82 65 5 440 2 346 4 346 7 250
5042 -1.3682110414592485 -0.032177440076122527 1.8791048257773422 88 89 93 0.13936967389568897 8 299 10 337 9 229 5 118
5041 -1.4211524237748516 -0.066578696013226607 1.844515760366445 74 79 86 0.21351442571730075 10 335 9 227 5 114 2 127 4 127 7 69
5040 -1.4211524237748516 -0.066578696013226607 1.844515760366445 74 79 86 0.21351442571730075 10 336 9 226 5 115 2 128 4 128 7 70
5039 -1.1272493261551866 -0.020355876294539395 1.8710462045063108 123 123 123 0.11333367686989966 8 145 10 131 9 223
5038 -1.1654975645354047 -0.029705790343837985 1.8623885060097991 93 94 97 0.099745927434997231 8 144 10 130 9 222
5037 -1.1654975645354047 -0.029705790343837985 1.8623885060097991 93 94 97 0.099745927434997231 8 143 10 129 9 221
5036 -1.3490329871942301 -0.11705601083065176 1.8278630281438946 122 122 122 0.20276493394638495 8 134 10 121 9 218
5035 -1.0840338431204715 -0.085530046825445474 1.8274546346644722 118 119 119 0.11244434150958797 8 129 10 110 9 210
5033 -0.80630507640582783 -0.24612025562829548 1.6782626535234724 122 122 122 0.1438094337601459 8 279 10 77 9 187
5032 -0.89104462980061405 -0.26578618623625488 1.6406731219625015 118 118 119 0.28214511140077242 8 278 10 76 9 185
5030 3.7784922799341927 -0.40937370800745976 1.3370009546310488 101 107 123 0.47399830561816769 8 187 76 661 9 122 71 252 73 252
5029 -1.4335438650127099 -0.032422112673020101 1.8650421271006854 90 91 95 0.21174431841201358 8 150 10 135 9 108 5 120
5028 2.4900717917897905 1.5759293279863178 -0.1786141523285866 0 0 0 1.028919727635272 83 179 87 392 79 87 82 121
5027 -1.0374590674639521 -0.029702740675771687 1.8737521918205657 84 86 90 0.17591705847701453 8 136 10 123 9 94 2 125 4 125 7 67
5026 -1.0374590674639521 -0.029702740675771687 1.8737521918205657 84 86 90 0.17591705847701453 8 135 10 122 9 93 2 124 4 124 7 66
5025 -1.530416714685547 1.7397013961236862 -0.35895124729565331 107 113 129 0.0074444997846495288 11 140 9 87
5024 7.0795315691481155 5.7355258425227742 -1.5641450392606073 231 231 231 1.4008083082144303 83 417 9 80 84 421
5023 2.3579582713772815 1.9971625499475072 -0.051297613994789638 130 130 130 0.63673541633664221 81 607 87 556 9 48 15 256
5022 2.1713590128206444 1.4675680253950019 -0.14801842651634253 0 0 0 1.9342889546277804 13 14 88 459
5020 1.9406179311539604 1.7143501240122287 0.72823601661501913 0 0 0 0.66214440611525294 6 421 11 389 12 394 8 543 9 503 5 702 7 447 15 315 14 233
5019 -3.1835530211972896 0.97260275063137525 0.0081516301183300801 0 0 0 1.4801669121861136 12 299 6 142 11 412 12 419 13 408 10 340 8 431 6 541 13 503 8 565 9 608 5 551 2 306 4 306 15 360 14 381 14 408 16 335 17 337 19 235 19 256 21 147 21 186 22 80 23 80 20 154 20 183 22 68 23 68 24 48 22 49 23 49 25 104 26 95 27 131 28 131 32 112
5018 1.9230985559026095 1.9917463703824652 0.12868613712113983 106 112 128 1.8148742977160208 6 760 11 670 12 705 8 937 9 849 5 1133 2 1078 4 1078 7 860
5017 -4.2211933914120623 0.26132280005915826 0.87552604210953167 91 96 110 0.80176808219581996 10 1005 8 919 5 1004
5016 -4.2211933914120623 0.26132280005915826 0.87552604210953167 91 96 110 0.80176808219581996 10 1004 8 918 5 1003
5015 -3.6663634060540473 0.39231041096147895 1.0588952692461437 114 120 138 1.4728079858399052 10 1003 8 912 9 845 5 1064 2 970 4 970
5014 -3.6511434843386894 0.38059281877345719 1.0276108582707983 59 62 72 0.67535884274164282 10 1002 8 911 9 831 5 1093 2 1043 4 1043 7 800
5013 -3.6423017305068064 0.46408596385693957 1.0298414780485712 81 86 99 0.84891014571111367 10 973 8 892 2 971 4 971 7 603
5012 2.3050054925441308 2.5791620528139423 -0.015968345701990815 231 231 231 1.8836320897577827 6 729 12 672 8 876 9 801 15 476 13 640
5010 -0.57629384837787934 0.83587309470210347 2.6156903599372692 106 106 106 0.6396265659853988 12 668 8 855 9 815
5008 2.2664156281900518 2.0065258340236878 -0.10196165726645164 130 130 130 0.8021377415606975 6 676 11 619 13 618 8 845 5 1042 15 442 16 437 17 438
5007 7.8811433472488641 0.84212172283231268 0.097546535536843906 231 231 231 0.6717485644643949 78 907 8 826 5 945 10 860 2 908 75 962 77 984 4 908 7 710
5006 2.2477952954810028 0.57645761045728072 2.4677320799565092 197 197 197 0.23632286991743376 6 687 10 909 11 601 12 625 8 808 9 726 5 918 2 862 2 953 10 831 4 862 4 953 7 586
5004 2.6027658800484526 -0.10498238478939771 1.5944053076283566 130 130 130 0.58730806117975298 11 567 12 599 79 976 8 775 9 694
5003 7.7886783511108302 0.42438679913026345 0.57130552021387737 231 231 231 0.84415235339146799 10 858 78 905 8 763 75 919 76 928 77 932 5 943 2 802 4 802 7 708
5001 2.0280801335627157 0.80525149741880764 1.129673045149423 59 62 72 0.70608712640150306 6 577 10 818 11 541 13 532 8 721 5 903 2 849 4 849
5000 1.8326623599246177 1.5904465445505909 0.73743219193585241 59 62 72 0.46326224122496967 6 582 11 499 12 513 13 480 8 662 9 656 5 816 2 748 4 748 7 580 15 381
4999 2.3764793496490602 2.2872551770205449 -0.076364474603223903 105 111 127 0.42379873153471354 6 525 11 456 12 474 13 454 8 656 9 591 15 313 14 367 16 318
4998 1.1830014958128012 1.7088724212278854 -0.46002795627860954 231 231 231 0.97699516427280531 13 474 8 636 12 454 6 384 8 511 5 487 15 304 15 345 14 282 14 351
4997 -3.122313555293649 0.94116871418710579 1.3285798407573643 61 64 74 0.93807382368089032 10 506 8 600 9 538 5 418 2 486 4 486
4995 -3.6505253077318423 0.35907221413213636 1.0074020410160003 106 111 128 0.54945816942958259 10 684 8 593 9 678
4994 -3.6476577099342014 0.28143684518346107 1.0119124982846681 86 80 77 0.15290211328984216 6 155 8 591
4993 -0.51334720336963735 0.48801436192084924 2.2926513451436579 5 5 5 0.56570412846313356 12 493 8 587
4992 -1.724315440863214 1.4930274139265085 0.56898627313854544 0 0 0 0.33261540835796194 12 427 8 586 5 560
4991 -1.724315440863214 1.4930274139265085 0.56898627313854544 0 0 0 0.33261540835796194 12 426 8 585 5 559
4990 -0.2973533696400576 0.42609974703780046 2.3203607957273493 0 0 0 0.50430438305456504 6 608 8 584 9 622 5 555
4989 -0.51990795671597878 0.27899386518345393 2.1107703415732315 0 0 0 0.66725284362834203 6 597 10 491 8 574 9 613 2 459 5 721 4 459
4987 0.14066305445457794 -0.14890627955073488 1.9723693160970013 28 29 29 0.42435928057179223 6 527 10 276 8 540 9 598 5 81
4986 0.82091410260402775 -0.11234158377808624 2.0918374559987827 29 29 29 0.62779534954273408 6 526 10 270 8 538 9 596 5 331
4985 2.267901776630056 2.1669369174255406 -0.040090065860571844 59 62 72 0.92058347852837719 6 416 11 384 12 391 8 537 9 502
4984 2.2932363638219733 1.9715982726111005 -0.10415133317486372 0 0 0 0.45049195564866323 11 449 12 468 13 447 8 532 9 494 5 682 14 363 16 314 17 327
4983 1.1780354974100122 1.7325415419340588 -0.48232519158128523 99 99 100 0.26492408459019712 12 360 13 347 8 512 16 224 13 264
4982 8.7037456669687732 1.9151953459330442 0.95336076184183438 0 0 0 0.32253692585554339 10 569 84 519
4981 8.0868148461020848 1.908065783835831 0.7313025661619682 231 231 231 0.58817165551581418 11 432 12 450 13 428 86 578 8 501 75 794 77 793 78 743 79 648 80 678 81 551 82 528 83 629 85 518 87 577 81 500 83 567 9 468 2 579 4 579 7 420 15 344
4980 -3.6970081997416844 0.47252007962141307 1.0158973285100612 81 86 99 0.81586614002705116 10 694 8 448
4979 -3.5958501357642616 0.50295656226196939 1.0603724830267105 61 65 75 0.31986737909353469 10 356 8 447 9 428 5 415
4978 -2.1233958121684489 1.4129271347248518 0.78207135504814773 59 62 72 0.77122759050989542 6 337 8 442 5 567
4977 -0.064736368781509096 0.41971130993524697 2.3936089978086694 139 139 139 0.24692922846645443 6 451 8 438 9 417 5 406 10 497
4975 -0.61745578042870131 1.970051990172808 -0.42000116370433171 231 231 231 1.9653811046793441 6 583 8 413 9 600 12 580
4974 1.8523141806485828 1.548247155415873 0.7199071497870021 106 112 128 0.45389069254178116 11 387 13 383 8 407 9 189
4973 2.1876463251287528 0.13368290588730469 1.5928485300647524 0 0 0 0.65288116260371043 6 399 12 378 13 442 8 386 9 342 2 394 4 394
4972 -1.6893774083890802 1.5679921532524279 0.41230498986596248 130 130 130 0.26605605200225685 12 303 8 301 15 201 16 198
4971 -1.6893774083890802 1.5679921532524279 0.41230498986596248 130 130 130 0.26605605200225685 12 302 8 300 15 200 16 197
4970 2.3521308858134948 3.8420220048797105 -0.97200263759960726 0 0 0 0.18330961917040509 10 114 13 170
4969 -2.9185522033812004 1.1445216362346353 -0.21129636587841544 8 8 8 0.091225368247361827 11 195 8 293
4968 -2.9069784297088517 1.1517142470233512 -0.21347063925104628 8 8 8 0.54053719505963549 11 194 8 292 14 247
4964 1.6349941402308847 1.8819357433373194 -0.50252733685952922 231 231 231 2.4257848897240981 6 93 11 239 8 243 14 283
4963 -0.005459817950820017 0.47190457083149739 2.417604937859045 139 139 139 0.67060293413821626 12 304 8 155 6 333 9 420 6 453
4962 -1.6409213053652014 1.4965466544602175 0.34592044720882359 130 130 130 0.18303733423427548 13 88 8 152
4961 -1.4903995856866001 1.5189679210051512 -0.11182479988062748 231 231 231 0.81447866739242047 6 128 8 125
4959 -0.87485788128785746 1.8460299119888224 -0.42253376240311702 8 8 8 0.55402113585779567 6 125 10 96 8 116 9 79 12 70
4957 4.3454544675994526 0.79588105895669559 1.0134759160310434 42 44 51 2.0022577098623815 90 357 92 311 95 298 86 140 87 123 89 131 93 135 94 81 91 81 97 71
4956 2.6050741315656358 0.017932407083548769 1.4093489528988976 130 130 130 0.98479703276310537 72 340 76 781 75 798 80 702 81 580 10 191 76 743 79 729 82 609
4955 -0.52885816787958839 0.57210397154998616 2.2845171305588554 0 0 0 0.20830317728017447 6 763 12 709 10 1031 8 938 9 854 5 1135 2 1079 4 1079
4954 2.2107255434303283 2.0169334321269257 -0.18486895920960983 87 89 95 0.24482697696195999 6 759 11 669 12 704 13 664 10 1030 8 927 9 848 5 1132 2 1077 4 1077 7 859 14 542
4953 0.71700322372494141 1.6301976714761612 -0.30534620481316865 231 231 231 1.7169198514707686 11 668 12 703 10 1027 8 926 9 839 5 1107
4952 1.7653956167912337 1.7578641427138686 0.40962173981258337 107 112 129 0.4056335180993807 13 665 2 1056 4 1056
4951 1.2931766932595294 0.7379305608218244 2.7486003802173937 5 5 5 0.31314198937719734 6 740 12 685 10 996 8 886 9 809 5 1081 2 1035 4 1035
4950 0.84793572354637337 -0.23665650726155385 1.9381903903172566 56 57 57 0.67906030685074514 6 750 10 987 8 901 9 818 5 1076 2 1031 4 1031 7 776
4949 1.9878400265196714 0.37890549652740263 1.5293729595147585 105 110 126 0.29844721185727119 6 728 13 653 10 986 8 870 8 902
4948 2.4166984716977513 -0.015657875694051717 1.9242379622937105 5 5 5 0.20955503332882403 6 709 11 639 12 671 10 985 8 869 9 797 5 1038 2 989 4 989 7 771
4947 -3.3152028736428862 0.8775293083555501 0.11688296678959743 229 229 229 2.1429623186454108 13 676 10 966 9 810
4946 2.6629009173010014 2.3100668434809455 -0.16941698531640922 59 62 72 1.4259418016486736 11 620 10 956 5 1043 2 999 4 999 7 778
4945 2.0840797286713193 0.079293807546465894 1.9171584205888652 103 109 125 0.19416227650072551 6 713 11 642 10 955 8 873 9 800 5 1040 2 998 4 998
4943 2.1979379862635064 -0.2006786532557388 2.0089300372417083 56 57 57 0.35758633135050927 6 708 12 643 10 951 8 839 9 796 2 935 4 935
4942 23.099730451883744 3.7951127326598058 12.2083647813577 0 0 0 0.87400360510630548 12 94 92 445
4941 2.9843483270897035 1.3946302478030779 1.9524689805372961 0 0 0 1.5744155112994742 6 715 11 551 12 624 13 625 10 913 9 803 2 958 4 958 7 592
4940 3.1854414632416987 1.4247052044130812 1.9984169406038985 0 0 0 1.5323899821927141 6 714 12 623 13 641 10 912 13 624 9 802 2 957 4 957 7 591
4939 2.2477952954810028 0.57645761045728072 2.4677320799565092 196 196 196 0.23632286991743373 6 688 11 602 12 626 10 910 8 809 9 727 5 919 10 832 2 863 2 954 4 863 4 954 7 587
4938 -1.5026797919398878 1.6143363072633781 -0.33622496253969025 59 62 72 0.67153429296762923 11 591 12 616 10 898 8 801 5 968 2 944 4 944 7 736 15 444 14 497 17 410 18 357 19 287 21 223
4937 -1.5042749834320701 1.613502053090766 -0.3362653347779978 59 62 72 0.65619758777283921 11 590 12 615 10 897 8 800 5 967 2 943 4 943 7 735 15 443 14 496 17 409 18 356 19 286
4935 2.7417883332717743 1.7078749557344679 0.023010741852962875 1 1 1 0.70716263267705903 6 675 11 578 12 609 13 572 10 889 8 842 9 766 2 994 4 994 7 732 15 441 14 491
4934 2.7160549910437366 1.7014502517140477 0.023503350664829531 1 1 1 0.70705475003238571 6 674 11 577 12 608 13 571 10 888 8 841 9 765 5 1036 2 993 4 993 7 731 15 440 14 490
4933 2.7351195744649117 1.5886084153523381 -0.076271475040829026 102 108 124 0.63413794007701674 6 672 11 570 12 602 13 563 10 878 8 783 9 703 5 954 2 930 4 930 7 658 15 437 14 488 16 401
4932 2.4805746332701077 1.850677050096504 -0.45732267136349114 59 62 72 0.84551613996306718 6 624 11 569 12 553 13 562 10 877 8 782 9 702 7 726 15 435 14 449
4931 2.6124023192363697 0.0098122963487939901 1.4576704553322384 130 130 130 0.35017822913138902 6 670 11 566 12 601 13 612 10 873 9 760 7 720
4929 7.0014657930064823 0.50199445408231125 0.62397421214370308 231 231 231 0.67141920482532036 76 893 10 863 75 922 77 935 78 911 9 687 2 912 4 912 7 637
4928 7.9200003125310676 0.43203270327806048 0.58167893207176935 231 231 231 0.75054977472151685 76 929 10 859 75 920 77 933 78 906 8 764 5 944 7 709
4927 -1.6622161691421817 1.4874737034626619 0.54499929055395502 0 0 0 0.92533250643105125 12 539 10 845 8 748 2 770 4 770
4926 -1.6404970792483502 1.4512073189461738 0.35549458489581359 0 0 0 0.44825921811406333 13 546 10 843
4925 -2.9271717324322752 1.4478329414414051 -0.51651471257468962 120 120 120 0.93744516742181072 6 430 10 833 9 663 5 707 2 623 4 623 7 744
4924 2.2810271419376953 1.900715426131705 0.26380594614286323 0 0 0 0.22304647944759637 11 545 13 536 10 824 8 727 9 651 5 907 2 855 4 855 7 674 15 380 14 459 16 372
4923 2.3050293979131644 1.9998609532420053 0.15139069047839848 59 62 72 0.45177437821787303 11 544 10 823 8 726 9 650 5 813 2 854 4 854 7 675 15 379 14 428 16 347
4922 2.2236932813024595 1.9804579970973657 0.068263775742498395 130 130 130 0.35837906356490173 11 543 12 576 13 534 10 821 8 725 9 649 5 906 2 852 4 852 7 671 15 378 14 427 16 371
4921 2.2389250441620154 2.105756321015714 -0.076237900650649545 130 130 130 0.32506585374547531 6 645 11 542 13 533 10 820 8 798 9 648 9 719 5 905 2 853 4 853 7 672 15 411 14 426 16 370 17 391
4920 2.4361828932251268 0.39813827899659104 1.4823322781669761 0 0 0 0.17722207204813453 6 643 11 584 12 574 13 581 10 815 8 717 9 718 5 901 2 842 4 842 7 574
4919 2.395478872522506 0.30176332006317652 1.5802082557186576 59 62 72 0.3630711908985419 6 642 11 586 12 573 13 531 10 814 8 719 9 717 2 841 4 841 7 573
4918 2.4340114617929252 0.30397845588102196 1.5885201991682811 59 62 72 0.45151063905812028 6 641 11 585 12 572 13 530 10 813 8 718 9 716 5 806 2 840 4 840 7 572
4917 2.3554296042399607 0.46853426946099264 1.3198151802742679 130 130 130 0.3906774153379004 6 639 11 539 12 571 13 529 10 807 8 716 9 714 5 892 2 836 4 836 7 664
4916 2.786156838638651 0.30938131298025873 1.4536928566103449 103 108 124 0.53496629551569053 6 632 12 563 13 570 10 800 8 709 5 884 2 830 4 830
4915 2.8164327543787269 0.30944194391749968 1.4594101404353679 103 108 124 0.51620205722163881 6 631 11 530 12 562 13 569 10 799 8 708 9 638 5 883 7 565
4914 1.3784791067058768 1.7116847990636122 -0.49946865083209213 231 231 231 1.4756781635818468 6 626 11 571 13 564 10 797 8 784 7 660 15 402 15 436 14 451 14 487 2 931 4 931 17 407
4913 8.2088209439189406 0.74682789495244384 -0.0023003472357684867 0 0 0 0.33978064684974907 75 881 77 893 10 776 5 856 2 798 4 798 7 633
4912 7.9895757195285588 0.31708836884830577 0.48767035065978431 0 0 0 0.82163171110292044 75 880 10 775 76 857 77 892 5 854 2 797 4 797 7 631
4911 -1.6881845183453379 1.50577144650919 0.33763926599718508 0 0 0 1.0544811848212512 6 595 10 754 5 832
4910 2.6551667607738039 1.8008251043472139 -0.45495426367217096 231 231 231 0.45045780775663286 6 563 11 486 12 495 10 718 8 629 9 629 5 795 2 727 4 727 7 412 15 341 14 414
4907 -1.7090231564693446 1.5454327787871478 0.66582802827071041 59 62 72 0.5536315832493065 6 463 10 681 9 532
4905 3.0121669869814172 2.2944069819412527 0.95297592958893207 0 0 0 1.2652209844531701 6 427 13 485 10 648 9 506 8 807 2 628 10 117 4 628 7 463 14 463
4903 2.4085893120176669 1.9921119651245631 0.066387971665766807 130 130 130 0.561394664637762 11 378 13 378 10 614 11 263
4902 2.4085893120176669 1.9921119651245631 0.066387971665766807 130 130 130 0.561394664637762 11 377 13 377 10 613 11 262
4901 2.290341249012561 2.0671370071885091 -0.11058132827624026 0 0 0 0.31606157554029546 6 411 11 453 12 388 13 449 10 610 8 533 9 497 5 687 2 605 4 605 7 303 7 440 5 517 15 311 14 364 16 315 17 328
4900 1.5888891813291104 -0.15678298956406511 1.9952168448376835 122 122 122 0.28944758485811856 6 410 12 471 10 601 5 499 2 405 4 405
4897 0.69034721154734002 1.7097986220755756 -0.49627734529589207 101 101 101 0.50308314040522939 13 360 10 578 11 357 2 587 4 587 7 424 15 306 14 355 17 263
4896 0.72060588166881823 1.7189052599467896 -0.49961641968142467 101 101 101 0.62370752136238694 11 356 13 359 10 577 2 586 4 586 7 423 15 305 14 354 17 264 18 302
4895 2.4964110119395548 1.7864181399836119 -0.49903957618209721 59 62 72 0.50843294688679652 6 358 11 310 12 331 10 560 13 424 8 491 9 458 2 569 4 569 7 410 15 299
4894 2.518666158413768 1.7296916442049493 -0.48771612914073775 59 62 72 0.41292003015113654 6 357 11 306 12 326 10 554 13 331 8 489 9 457 5 465 2 366 4 366 15 298 14 348 16 306
4893 7.9226391850816889 0.6882447399692051 -0.10321906214424618 231 231 231 0.90659210987774341 77 778 10 520 78 720 8 459 5 594 2 512 4 512 7 364
4892 7.6385110987382907 0.20701591981497705 0.44901240610284188 231 231 231 1.1129546138443935 76 767 10 518 8 457 5 592 2 511 4 511
4890 0.86338091045393683 -0.10589402388843581 2.0446802551946317 28 29 29 0.17116674088393613 6 418 10 451 5 322 2 268 4 268
4889 2.3792512007143429 1.9862450891009236 -0.19079178107889033 0 0 0 0.70319542601086571 83 719 10 435 9 354
4888 -0.18816088195233668 0.29295149566764678 2.2156404982933751 0 0 0 1.121566228757136 6 540 10 349 8 573 9 231 9 520
4887 0.028485148897185071 0.23578766520020925 2.2374049790767621 139 139 139 0.3493662008643989 6 437 10 339 8 427
4886 0.028485148897185071 0.23578766520020925 2.2374049790767621 139 139 139 0.3493662008643989 6 436 10 338 8 426
4885 -1.4604777703809602 1.8522599160376039 -0.41319334507394939 8 8 8 0.64671278455103498 6 58 10 317 9 88 18 212 14 114
4884 1.7587080192966633 1.9088502335580457 0.30212853366276521 59 62 73 0.45592189090117868 12 266 10 284 11 272 16 240
4883 1.6326449212672374 1.8420467657238018 0.31561872533440133 106 112 128 0.71807374554712011 6 120 12 145 10 279 8 281 5 345
4880 2.378058805034561 0.42632202125271262 1.4592808933274226 0 0 0 0.47314593732580629 13 371 10 232 6 248 12 385 9 347
4879 1.6923217325361568 1.9197638422712617 -0.51088238098193173 231 231 231 1.5876447306192982 6 92 11 238 10 218 8 244 5 274 2 247 5 275 10 222 8 247 4 247
4878 2.8189955743670279 -0.1705368721398221 1.8966446694156878 28 29 29 0.35942267841637615 11 236 10 209 8 235
4876 7.7111883179034511 -0.10723385452166335 0.8444600170224128 231 231 231 0.70145856790364025 78 434 10 155 74 364 75 483 76 551 77 488
4875 2.2065127341148192 0.61244688593074859 2.4708465591838125 124 124 124 0.07471360961445539 6 135 12 169 10 119 8 130
4874 -1.5330782842627373 1.673979044805602 -0.37784370001481388 231 231 231 0.37673896371539151 6 54 12 79 10 102 8 121 9 82 5 96 7 65
4873 2.1054353422349568 1.8712748250116269 0.30515663582104557 101 106 122 0.70962198178573133 6 115 11 386 12 264 10 80 12 392 9 390 15 314 14 304
4871 1.0276803327213282 -0.10291309420947793 2.0633921623455782 28 29 29 0.22805210826600344 6 118 10 78 9 184
4870 2.3470892410014774 1.9702337071528502 0.036045886721875635 0 0 0 0.31670355093919572 79 764 10 74 15 127
4868 2.5961169154382264 0.39087144795134432 0.97185489011519921 130 130 130 1.6558769175272652 76 835 77 852 87 732 13 334 74 640 75 807 84 722 86 662 87 692 11 308
4867 -1.4594023861716157 1.5641220949578718 -0.057047859916292645 59 62 72 0.48926352156941849 11 658 12 693 13 667 8 929 15 498 14 544 16 459 17 458
4866 0.97515115598028401 1.689623084684041 -0.54295871806699691 104 105 107 0.63759650467768703 6 748 11 667 12 691 13 663 10 1012 8 925 9 838 5 1105 2 1054 4 1054 7 843 15 496 14 541
4865 -2.0586832045019237 1.5094991712254902 0.76372330747925243 112 118 136 1.3059730205984084 11 666 13 662 10 1000 15 505 14 539 16 469 17 467
4864 -1.5853064617148991 1.3491066317761384 0.41346749899676571 130 130 130 0.95149729620720291 6 753 12 694 13 660 15 500 16 462 17 462
4863 -1.6237568268602955 1.4394829483282345 0.27716083670423347 130 130 130 0.7929384999243223 6 734 12 680 13 657 8 880 10 993 9 822 15 489 14 534 16 451 17 449 18 417 19 341
4862 -1.6205415386729272 1.4407049171394148 0.2777523183912689 130 130 130 0.63159818828087755 6 733 12 679 13 656 8 879 9 821 15 488 14 533 16 450 17 448 18 416
4861 1.9230567961759124 2.4078749114198263 0.46798917138183932 82 77 74 0.41310528677423392 6 762 13 654
4860 -1.5484327433868952 1.6441788974040199 0.16560046445270987 231 231 231 0.25634232164040333 11 647 13 645 15 491 16 449 17 461 18 403 18 415 19 337
4859 -1.5475503080425617 1.644726596477768 0.16560168436848416 231 231 231 0.27436897277482403 11 646 13 644 15 490 16 448 17 460 18 414 19 336
4858 -2.9153402881106754 1.1886230311143458 -0.24965751729877039 231 231 231 1.0629691056418162 12 675 13 643 16 442
4857 -3.3309698306964561 1.0310353741494569 -0.056590779203570821 235 235 235 1.1877952572395387 12 587 8 741 9 739 5 719 2 757 4 757 7 466 15 469 17 433 18 376 14 485 21 210
4856 -3.3306878635846839 1.0309450482573681 -0.056474157892279803 235 235 235 1.160333007245191 12 586 8 740 9 738 5 718 2 756 4 756 7 465 15 468 17 432 18 375 21 209
4854 -1.5159517374518625 1.6788796273791684 -0.3392296098491811 231 231 231 0.55067873804932865 11 592 12 619 13 585 2 946 5 970 10 959 4 946 15 417 14 499 16 377 16 407 17 412 18 359 19 289 21 205
4852 1.8877126148122085 2.3290110545000307 -0.10979285421080041 59 62 72 0.38043397888937575 6 581 11 588 12 578 13 538 10 828 8 729 9 655 5 909 2 747 4 747 7 446 15 413 14 430 16 374 17 393
4851 1.8936673796850911 2.3313099818735599 -0.1096928830472001 59 62 72 0.35101634219982542 6 580 11 587 12 577 13 537 10 827 8 728 9 654 5 908 2 746 4 746 15 412 14 429 16 373 17 392
4850 -1.697721552039178 1.5404008442860868 0.66464671241964124 59 62 72 0.37530404050449778 11 512 13 512 9 676
4848 -3.1248905929609467 0.92100644159819378 0.076313983362295501 235 235 235 1.3885168277248752 6 539 13 502 8 562 2 456 4 456 16 365 17 386 22 104 23 104 20 195 24 105 25 108
4847 -3.1248905929609467 0.92100644159819378 0.076313983362295501 235 235 235 1.3885168277248752 6 538 13 501 8 561 2 455 4 455 16 364 17 385 22 103 23 103 20 194 24 104 25 107
4846 3.3877736209807319 1.2577296937373761 0.11726082861918216 130 130 130 0.26386158385102493 87 722 13 467
4845 -2.0747142692997924 1.4919478422511259 0.81917340961362739 59 62 72 0.53468779586463866 11 482 13 466 10 682 8 588 9 534 2 479 4 479 17 389 18 336
4843 1.9231006560654318 2.3416187431642954 -0.0055311456353555602 231 231 231 1.0712982549254533 6 420 11 461 12 476 13 455 8 410 9 398 15 349 14 369 16 319 17 363
4841 -2.768636704327283 1.6522487390883396 -0.61883304385612725 231 231 231 0.083014760563213219 12 290 13 390
4840 -1.5009515277192031 1.3203898191641368 0.06378182154607745 231 231 231 0.47182000454266654 6 425 13 388 17 279 18 257 14 163 19 188
4839 -1.5074165395053225 1.3171254353399424 0.065423108851175221 231 231 231 0.18798385622027838 6 424 13 387 10 642
4838 1.9257688055770465 2.309891512121927 -0.1216464438116247 107 113 129 1.2020237697867802 11 270 14 230 12 142 15 179 14 146 16 145 17 234 17 270 17 307 15 259
4836 2.5331495490959495 0.43180654814071023 1.0913401464634958 130 130 130 0.79587674955001175 84 747 13 342 80 769 5 252
4834 -1.5655538747532947 1.3040495208719469 0.42876025525259581 130 130 130 1.0350876664313591 12 404 13 310 6 140 10 664 8 560 9 515 15 273 16 323 17 370 7 468 2 759 4 759
4833 -1.5581091670015657 1.3076396276365689 0.4297111527756256 130 130 130 0.99141344595100411 12 403 13 309 10 663 8 559 9 514 7 467 2 758 4 758 15 274 16 256 16 324 17 371
4832 3.5268081978491543 0.25050569365060954 0.7034506715566704 0 0 0 1.0210490693841174 90 225 92 138
4831 -3.119383471348363 0.91462654587590841 0.080895183004265542 235 235 235 1.1556413377283867 11 283 13 223 19 175 22 56 23 56 20 158 25 75
4830 -0.75234520581632613 2.538406960004814 -0.59364409526137896 8 8 8 0.64366716402843405 11 167 12 177 13 194
4829 -2.9192589027199478 1.1531810338221524 -0.2150650260591212 8 8 8 1.3222833605164666 6 136 12 190 15 195 20 114 27 91
4828 -0.65659184068542498 1.9289388077595409 -0.44736749129147685 8 8 8 0.46321289158786222 6 48 13 157 15 79 21 87
4827 -0.64689649616759504 1.9356664966896733 -0.44863178004790794 8 8 8 0.16228968893405149 6 47 21 86 14 89
4826 -3.2596615399489703 1.0245055661537927 -0.050069538904298008 0 0 0 0.16642238048249572 12 96 13 101 15 161 16 162
4825 -2.9233417720308217 1.1709608636543472 -0.21137419365095822 231 231 231 0.85132161318151156 11 196 13 85 10 325 9 216 15 197 14 251 18 227 21 120 22 17 23 17 20 119 24 25 25 27
4823 -1.4730581926794188 1.6108076159913693 -0.35419871004996528 8 8 8 0.24694386185747633 6 53 12 75 13 80 14 159 18 208 19 145
4814 6.8417117323557157 1.1799754950263501 -0.02163909701809532 112 110 110 0.96514758490952335 79 678 80 744 81 614 82 564 83 689 86 554 87 626 85 575 88 661 77 841 78 803 89 546 90 581 93 451 93 544 92 524 94 495 91 495 95 436 97 315 96 278 98 318 103 339 101 358 91 513 94 513 97 337 96 303
4812 -2.9222500239697653 1.179768485994406 -0.22111197541450081 8 8 8 1.2239563434195062 12 92 11 282 13 308 10 120 8 133 9 91 5 110 17 133 19 20 22 16 23 16 20 118 24 24 26 64
4810 2.4796264137690369 0.56676297114106311 1.1554956445774276 0 0 0 0.84858465606415656 74 656 77 819 71 501 73 501 80 722 78 780 81 597 83 723 84 761 86 701 87 698 11 365 6 392 87 740 9 480
4809 -1.5386899124569942 1.7689387012266342 -0.34573943100407889 59 62 72 1.1904242356353734 12 692 11 671 13 666 15 497 14 543 17 456
4807 -1.6382169228482117 1.4309086192592726 0.448005021175513 0 0 0 0.28026176465991198 6 754 12 696 11 661 13 668 10 1017 8 906 9 842 5 1114 2 1060 4 1060 7 846 15 501 14 545 16 464
4806 -2.9927891894218908 0.89772584014744861 0.11197054189039213 233 233 233 0.55560751159052335 12 681 11 660 13 669
4803 -1.4815051067980094 1.4256617009612274 0.085730987396378869 59 62 72 1.0946021856142845 6 751 12 673 11 643 13 655 8 904 9 820 15 487 14 531 16 447 17 459 18 413 19 335
4802 -1.7075958684389199 1.5132670792480389 0.66943188294654477 59 62 72 1.8966594226212663 6 699 12 667 11 637 13 609 10 999 11 655 8 890 9 745 9 814 5 1084 2 1010 2 1037 4 1010 4 1037 7 827 14 515
4801 -1.7075958684389199 1.5132670792480389 0.66943188294654477 59 62 72 1.8966594226212663 6 698 12 666 11 636 13 610 10 998 8 889 9 746 9 813 5 1083 11 654 2 1009 2 1036 4 1009 4 1036 7 826 14 514
4800 -1.6744687076258533 1.5540029399706761 0.60875647371726838 130 130 130 1.3085814129422588 6 725 12 665 11 633 13 633 10 997 8 888 9 812 5 1056 2 1007 4 1007 7 793 15 470 14 512 14 526 16 430 16 444 17 454
4799 -1.7011476095852345 1.5677875176044056 0.47494504175112345 0 0 0 0.22937266085723815 6 697 12 636 11 630 13 631 10 924 8 853 9 783 5 985 2 961 4 961 7 749 15 460 14 505 16 421 17 446 18 395 19 327
4798 -1.6600234137482963 1.4924118573822989 0.3913668338265483 130 130 130 0.42787260461963011 6 721 12 658 11 627 10 967 8 885 9 808 5 1055 2 1006 4 1006 7 747 15 479 14 522 16 443 17 444 18 405 19 330
4797 -1.5977827816316226 1.8384913981310447 -0.35422970341163573 231 231 231 1.4246671462326346 12 648 11 623 13 626 15 450 17 442 18 388 19 311 21 234
4796 -1.6953063362346497 1.5068469216172005 0.55590750777816511 0 0 0 0.37190261676320668 6 657 12 637 11 614 13 605 10 926 8 818 9 744 5 986 2 874 4 874 7 687 15 432 14 479 16 427 17 435 18 383
4795 -3.2100370037561645 0.91286817090191474 0.073467432660650617 234 234 234 0.79966558075797134 12 635 11 613 13 635 15 467 14 511 16 429 18 399 19 322 21 230 22 122 23 122 20 214 24 119 25 135 26 123 27 178 28 163 29 162 31 177 32 148 33 124 30 139 36 170 37 170 34 123 35 209
4794 -3.2100370037561645 0.91286817090191474 0.073467432660650617 234 234 234 0.79966558075797134 12 634 11 612 13 634 15 466 14 510 16 428 18 398 19 321 21 229 22 121 23 121 20 213 24 118 25 134 26 122 27 177 28 162 29 161 31 176 32 147 33 123 30 138 36 169 37 169 34 122 35 208
4793 -1.7053313470512328 1.6132719972887506 0.42337179460116958 0 0 0 0.358892441192668 6 655 12 588 11 611 13 603 8 817 9 743 15 425 14 476 16 387 17 427 18 380 19 304
4792 -1.6728474051519309 1.5617646377293664 0.3835745290679673 0 0 0 0.42523042174357001 6 696 12 633 11 610 13 630 8 816 9 782 15 456 14 504 16 416 18 394 19 318
4791 -1.6749954086751802 1.5602061230009812 0.38375295976284923 0 0 0 0.3181254494800409 6 695 12 632 11 609 13 629 9 781 15 455 14 503 16 415 18 393
4789 -1.6467358009750324 1.483578754522157 0.32098787662487011 0 0 0 0.30889779360821928 6 692 12 628 11 606 13 599 10 923 8 815 9 737 5 984 15 454 14 471 16 413 17 420 18 365 18 391 19 315
4788 -1.4242279469909458 1.1413249241049945 0.34038464206054847 59 62 72 1.1156061253729437 6 585 12 581 11 603 13 596 15 452 14 469 16 410 17 418
4787 -1.3744649619684948 1.3306630909959565 0.14635954479800614 231 231 231 1.5317563698826617 6 684 12 621 11 599 13 594 15 422 16 381
4786 -1.4746515660286921 1.3391388555834582 0.084001328369747982 231 231 231 0.88509508361036759 6 683 11 598 13 593 9 724 15 451 14 468 16 409 17 417 18 364
4785 -1.5069031541792504 1.5180316529598645 -0.14458963914025161 231 231 231 0.56284948862818063 6 682 12 620 11 597 13 590 9 770 15 419 14 465 16 379 17 415 2 950 4 950 5 971 8 847 10 904 18 362 19 292 7 781
4779 -1.6817710915845745 1.5066831754346126 0.50999573160710376 130 130 130 0.74979589225579335 6 654 12 585 11 555 13 602 10 848 8 746 9 741 2 873 4 873 7 684 15 427 14 475 16 394 17 404 17 431 18 354
4778 -1.3758573976315094 1.3011865267782623 0.032742970820854207 231 231 231 0.12822303815082425 16 439 12 618
4777 -1.694715943675368 1.5419096535169767 0.45412763516747312 0 0 0 0.28266786802067057 6 557 12 538 11 511 13 500 10 761 8 677 9 621 5 838 15 359 15 396 14 403 16 363 17 382 18 333 19 283
4776 -1.6914542204176022 1.5440742528180038 0.45464134780177518 0 0 0 0.32406303811408038 6 556 12 537 11 510 13 499 10 760 8 676 9 620 5 837 2 766 4 766 7 478 15 358 15 395 14 402 16 362 17 381 18 332 19 282
4774 -1.691775886408901 1.5715976352910459 0.42799468995643103 130 130 130 0.17444027385523642 6 606 12 535 11 508 13 549 10 846 8 743 9 672 5 839 15 393 14 436 16 360 17 379 18 349 19 280
4773 -1.7161437918701887 1.5815754293199122 0.39616245478025625 0 0 0 0.20761367533854663 6 605 12 534 11 507 9 671
4772 -1.6699483771801495 1.5247048487168562 0.43587332734915152 130 130 130 0.25778842918803718 6 602 12 531 11 506 13 496 10 757 8 673 9 670 5 836 2 764 4 764 7 477 15 392 14 435 16 359 17 375 18 344 19 279
4771 -1.6733533229758244 1.5435554669949578 0.40892877827281643 0 0 0 0.27607294449496766 6 552 12 528 11 505 13 495 10 756 8 672 9 617 5 833 2 760 4 760 15 391 14 401 16 358 17 374 18 327 19 277
4769 -1.1289665607512842 1.7638632940817602 -0.36558189100184058 231 231 231 1.8433940649142695 6 298 12 477 11 500 13 540 15 416 14 432 16 375 18 355
4768 -3.3421847928805066 1.030989722485439 -0.060988974278457203 234 234 234 0.45133747438960492 6 554 12 492 11 481 10 669
4767 -3.2201018077398778 0.9197409319320301 0.065806428134164291 234 234 234 0.65979350684971949 6 445 11 479 8 569 12 530 14 413 15 337 17 356 19 248 21 175 20 173 25 95 27 139
4766 -3.2201498304326068 0.91962180259976611 0.065799339846200122 234 234 234 0.63718963616949842 6 444 12 529 11 478 8 568 10 665 14 412 15 336 17 355 19 247 21 174 20 172 25 94 27 138
4763 -1.6783954348221284 1.5018156190994945 0.46083231186552526 0 0 0 0.87058821474915271 6 604 12 533 11 475 13 498 10 758 8 675 9 619 5 834 2 762 4 762 15 325 16 332 17 315 9 419 18 348 19 265 19 303
4759 -1.6365279771761472 1.3639559970796162 0.45324686402284808 0 0 0 0.89306928284386933 6 439 12 524 11 470 13 490 10 672 8 576 9 611 5 727 2 643 4 643 7 473 15 323 14 329 16 295 16 353 17 396 13 548 18 341
4758 -1.6357184223852408 1.3640661760287733 0.45342044550765143 0 0 0 0.85973756380260824 6 438 12 523 11 469 13 489 10 671 8 575 9 610 5 726 2 642 4 642 7 472 15 322 14 328 16 294 16 352 17 395 18 340
4757 -1.5184313606474553 1.1419194983911161 0.34060197409201581 110 116 133 0.30205955578502752 6 429 12 483 11 467 13 488 15 351 14 397 16 322 17 367 16 350
4756 -1.6435710574048903 1.5441931696669187 0.74146308390406379 113 118 136 0.4116500561350227 6 464 11 420 8 303 5 133 2 136 4 136
4754 -1.674115796393933 1.527487424110282 0.38183486426148838 130 130 130 0.53946777713487792 12 422 11 411 13 462 9 529 5 733 15 280 10 353 16 297 17 285 18 263 19 240
4753 -1.674115796393933 1.527487424110282 0.38183486426148838 130 130 130 0.53946777713487792 12 421 11 410 13 461 9 528 5 732 15 279 16 296 17 284 10 352 18 262 19 239
4752 -1.6555223927106306 1.4569738495621747 0.39086776121830075 130 130 130 0.96894971200715974 12 411 11 408 6 546 13 401 13 492 10 677 8 581 9 526 5 729 2 645 4 645 7 475 15 276 15 354 14 333 14 398 16 327 17 334 17 372 16 354 18 308 18 325 19 273
4751 -1.6555223927106306 1.4569738495621747 0.39086776121830075 130 130 130 0.96894971200715974 12 410 11 407 6 545 13 402 13 491 10 676 8 580 9 525 5 728 2 644 4 644 7 474 15 277 15 355 14 332 14 399 16 328 17 335 17 373 16 355 18 309 18 326 19 274
4750 -1.64842265432285 1.4919349058349527 0.35236515753456804 130 130 130 0.63503205094399029 6 441 12 409 11 406 13 400 10 675 8 579 9 615 5 731 15 353 14 331 16 293 17 333 18 279 19 232 19 255
4749 -1.64842265432285 1.4919349058349527 0.35236515753456804 130 130 130 0.63503205094399029 6 440 12 408 11 405 13 399 10 674 8 578 9 614 5 730 15 352 14 330 16 292 17 332 18 278 19 231 19 254
4748 -1.5919304805152206 1.4540417765293283 0.23422299793871817 130 130 130 0.29898395144507411 6 435 11 402 9 513 14 374
4747 -1.5946176409351307 1.4525742083290543 0.23389644607167281 130 130 130 0.30829963483763334 6 434 11 401 14 373
4746 2.3616423540897125 2.0426138117606212 -0.10935142478396943 130 130 130 0.06799208521789217 83 726 11 373 14 297
4743 -1.6905959350841362 1.5070115815880112 0.45744583181389958 0 0 0 1.0712056118502598 6 147 11 286 17 257 15 157 113 140
4736 -3.2502538009182937 0.80007355933360003 -0.12070670521842015 8 8 8 0.0039924114782803862 12 163 11 174
4733 9.1156162787543309 8.8123845483070991 -2.3143430988687683 8 8 8 0.002615151896235483 81 322 11 147
4732 -1.5063655493233967 1.8324015384664953 -0.39633510498854591 231 231 231 0.71367187432931367 6 59 12 158 11 145 9 406 15 97 14 115 14 241 21 16
4729 26.752981517325427 17.281653092394876 -4.7171356744232327 8 8 8 1.5149696159078676 92 58 11 136 8 295
4727 9.1026946151421857 7.3160320772714558 -1.9492738226575392 8 8 8 1.6781218082971396 81 197 83 261 11 134 84 230 10 115
4726 2.0833497607764695 1.6539718736674898 -0.10328050041295644 130 130 130 0.47817171648964818 86 164 11 104 13 114 16 228
4725 2.0834373797197014 1.6540625064626087 -0.10363579950923396 130 130 130 0.41423841359987673 86 165 11 103 13 113
4723 2.5048764850339458 0.11495159783383345 1.6480062042430421 130 130 130 0.38056522761007416 80 493 11 29 13 33
4722 2.602782470495856 0.38963489494387926 0.96133268214181322 130 130 130 0.18180034114201477 79 432 11 9
4721 5.0464738917329015 2.3334257411161743 -0.6813573135106411 231 231 231 1.0296881299024609 91 394 94 394 11 8 13 103 15 163 16 168 14 124
4718 8.0591883679060103 1.8249569585462246 0.89185323625689217 25 25 25 0.58900443664147328 81 256 82 260 87 305 79 591 80 563 88 513 75 741 86 518 89 406 12 350 6 377 6 88 12 118 13 343 8 505 7 172 15 233
4717 -3.2844989579662465 1.0330567285859782 -0.048040079459152209 232 232 232 1.1365373930860898 12 699 6 756 10 995 8 884 9 825 5 1054 2 1005 4 1005 7 789
4716 -3.2855813503897822 1.0325105689523684 -0.045931131680561912 232 232 232 1.558970571432934 12 698 6 755 11 672 10 994 8 883 9 824 5 1053 7 788
4715 -2.2987177032595625 1.4657309666754228 -0.2508637265128984 231 231 231 1.9480684661904724 6 752 9 804
4714 -1.6414797904179461 1.568942323272734 0.78494026284450891 112 118 136 1.1210586590371654 12 687 6 743 11 665 13 661 10 1019 8 908 9 828 5 1116 15 495 14 538 16 468 17 466 18 423
4713 -3.2291407209673371 0.93500859702826999 0.049691766682701484 0 0 0 0.78942726712746192 12 686 6 739 11 664 13 673 10 965 8 882 9 807 5 982 2 960 4 960 7 683 14 551
4712 -3.2251015812334636 0.99920773068111668 -0.024015870155221004 0 0 0 1.9063431158772808 12 697 6 738 11 663 13 672 10 992 8 881 9 823 5 1052 2 1004 4 1004 15 503 14 548 16 466
4711 -3.0764048226879082 0.91604395633701363 0.088489302853968166 0 0 0 1.4418443860407069 12 684 6 737 11 662 13 670 8 878 10 990 9 806 5 1051 2 1003 4 1003 7 783 15 502 14 546 16 465
4710 -3.0789941139078749 0.91432719145717967 0.091516587937322508 0 0 0 0.6742896118869901 12 683 6 736 8 877 10 989 9 805 5 1050 2 1002 4 1002
4709 -1.6930850751558859 1.6797960262262017 0.44097655520566909 130 130 130 1.8216778009510479 12 664 6 724 11 631 13 632 9 811 15 461 14 506 16 424 13 604 17 434 18 396
4708 -3.1286262011548152 0.94114096250288992 0.067959422711278292 232 232 232 0.75852128573328725 12 660 6 720 11 652 13 648 10 917 8 850 9 778 14 524 18 410
4707 -3.1330340977016018 0.9367955537282987 0.067241280682656945 232 232 232 1.1183162056592513 12 659 6 719 11 651 13 647 10 916 8 849 9 777 5 980 2 868 4 868 7 589 15 493 14 523 16 454 17 452 18 409 19 343 21 244 20 218
4706 -3.2436611191884483 0.88839352580004982 0.099850948924376876 0 0 0 0.77045088378390758 12 663 6 694 11 632 13 649 11 653 10 921 8 852 9 780 5 983 7 682 15 482 14 527 16 458 17 453 18 411 19 333 21 246 22 128 23 128 20 219 24 126
4705 -3.2379958434037737 0.97854467118503385 0.00080966544944562329 0 0 0 0.52507623678827509 12 662 6 693 10 920 8 814 9 779 5 924 2 871 4 871 7 590
4704 -3.0562289281933039 1.0263617858697869 -0.030741827014826712 0 0 0 2.0278142562305943 12 655 6 690 11 649 13 646 15 492 14 537 16 453 17 463 18 418
4703 -2.2753440893409831 1.6709141375969914 0.57589555329491737 86 81 77 2.9936790352406826 12 593 6 659
4702 -1.6816155463142521 1.7512689841054094 0.41937568959624771 59 62 72 1.2671518174471867 12 590 6 658 11 559 13 607 15 465 14 508 16 426 17 406 16 399 19 324
4700 -3.1250628191295977 1.0079698763876757 -0.013590984347303573 231 231 231 1.2097778315475236 12 631 6 653 10 840 8 738 9 736 5 825 2 751 4 751 7 314 15 457 16 417 17 421 18 392 19 316 21 225
4698 -2.9164168142069795 1.4625017556368529 -0.51546162662386663 123 123 123 1.2333734865384229 12 627 6 650 11 552 10 988 8 848 5 1047
4697 -3.259468488321787 1.0140849535076244 -0.045042333462369612 0 0 0 0.88803006912862914 12 490 6 599 11 558 13 510 10 752 8 571 9 524 5 715 5 829 7 458 15 365 14 442 16 389 17 378 18 313 19 253 21 183 20 166
4694 -3.2102921819796659 0.96222710124477273 0.018706149105138396 232 232 232 0.96596626811879893 12 527 6 548 11 556 13 608 8 434 10 345 9 522 5 402 2 310 4 310 15 431 14 483 16 397 17 430 18 374 19 298 21 228 22 112 23 112 20 203 24 117 25 133 26 121 27 174 28 160 29 159 31 172
4693 -3.1936841110208198 0.97057699757859295 0.020821738507605537 232 232 232 1.3281235999437664 12 526 6 547 8 433 10 344 9 521 5 401 2 309 4 309
4692 -3.1829129257858679 0.9702589437410214 0.0091750948888594062 0 0 0 0.96311750581075983 12 525 6 542 11 554 13 504 10 660 8 566 9 609 5 552 2 307 4 307 7 208 15 361 12 420 14 382 14 409 16 336 17 338 19 257 21 187 22 81 23 81 20 184 24 81 25 105 26 96 27 130 28 130 29 130 31 132 32 111
4689 7.7146127392011739 6.6695065168100927 -1.6946578940495338 231 231 231 0.65753499792645975 82 545 6 529
4688 2.5316554090246983 0.10794552856738335 1.5337926368339847 0 0 0 0.9460467736774768 74 709 6 502 5 651 10 564 2 576 4 576
4685 -2.1866922063431198 1.4868477002849305 0.37965666821272415 112 117 135 2.2632458886675799 12 592 6 461
4684 -2.1866922063431198 1.4868477002849305 0.37965666821272415 112 117 135 2.2632458886675799 12 591 6 460
4683 -3.3318074538636386 1.0393039844634293 -0.061757947372101211 232 232 232 1.0053940146976166 12 491 6 448 11 480 6 553 10 668 14 443 13 513
4682 -3.2209402402237282 0.96644999749715965 0.010616816210374205 232 232 232 0.87467896886658092 12 488 6 442 13 507 10 346 8 435 9 519 2 311 4 311 15 335 16 344 17 344 21 168 13 415 20 157
4680 -2.7824062739576796 1.6491087587610282 -0.62280178033125722 8 8 8 1.5508315198863296 12 289 6 328 13 393 12 292 5 112 15 272 14 322 14 324 16 248 18 250
4679 -2.7787499271122948 1.6547952232835852 -0.62333086289282069 8 8 8 1.129303302473659 12 288 6 327 13 392 12 291 10 334 9 217 5 111 2 132 4 132 15 271 14 323 16 247 18 249
4678 -2.7687228635484771 1.6463576278823062 -0.64028539141138086 8 8 8 0.39238099866131554 12 287 6 325 10 332
4677 -2.7687228635484771 1.6463576278823062 -0.64028539141138086 8 8 8 0.39238099866131554 12 286 6 324 10 331
4676 -4.4741968496639624 0.026700199780601706 0.14043003621244216 107 112 129 0.10041276626417775 12 688 6 290
4675 2.3528527350617665 2.0617095511096069 -0.13469582725987592 0 0 0 0.6045579393989946 12 258 84 682 6 265 8 264 2 261 4 261 7 194
4674 2.3838618550603581 1.991445186476356 -0.19220035100572577 0 0 0 1.0247021009276422 83 720 6 251 10 436 9 355 15 248
4671 -2.8660061402791124 1.2019103815662358 -0.22662223102944007 8 8 8 0.51865345530534024 12 193 6 139 9 213
4670 -2.9178799655057301 1.1669275538063044 -0.21689801724294655 8 8 8 0.92926641279938715 12 192 6 138 9 212 14 249 20 116
4668 2.5693324704785878 0.057133004268603869 1.4739417664831904 0 0 0 0.66739265144868376 80 578 6 13 75 608
4667 2.552747398440224 0.42873263826912233 1.0302194038278916 0 0 0 0.029702816960784733 86 621 6 11
4666 2.2166987461389542 0.74772236786046131 -0.057945887418190317 231 231 231 0.85206259020988728 87 591 6 2
4665 2.2166987461389542 0.74772236786046131 -0.057945887418190317 231 231 231 0.85206259020988728 87 590 6 1
4662 8.0316764052334406 1.826426672837719 0.96589638865992677 25 25 25 0.41136416397031766 75 936 77 956 79 863 80 830 81 674 82 724 83 741 78 927 86 714 87 717 78 874 11 575 6 630 12 606 13 566 10 885 8 788 9 706 5 960 2 936 4 936 7 729 15 407 14 455
4661 2.5267941834405017 0.05890591624110926 1.6342044545919052 130 130 130 1.1296398388984805 82 826 12 506 11 528 2 825 4 825
4659 2.6083267128321888 -0.13858167816298472 1.600633631467679 130 130 130 0.016854798433307384 74 616 12 329
4657 2.3606316022524489 2.0400528378374672 -0.10971734866672789 130 130 130 0.30983638450669565 82 697 12 256 6 266 8 397 5 515 7 192 15 253 16 234 17 305
4656 15.448126701560236 14.323070779118217 -3.7761874744128914 8 8 8 0.14206016056544712 86 246 12 191
4655 69.510436064736737 52.147048755376325 -14.055195258781017 8 8 8 0.059773531381311952 91 60 94 60 12 187
4654 69.510436064736737 52.147048755376325 -14.055195258781017 8 8 8 0.059773531381311952 91 59 94 59 12 186
4649 3.6228783352477287 1.0418066868670282 -0.35318187290003034 0 0 0 1.511311877782356 90 294 92 269
4648 11.218094660488646 8.2701240801516978 -2.2226085931497073 8 8 8 0.012292458257047778 91 226 12 74 94 226
4646 6.7461406558210735 1.2875371214561881 1.9006343606073284 105 111 127 0.81750809489985266 88 27 6 24 12 25
4645 4.9193977848861916 1.6887540283278744 0.042237212523564188 231 231 231 1.5180794219392737 96 295 101 372 99 307
4644 5.3627226524956253 1.7261340732847488 -0.29982903367855251 59 62 72 1.3444142769396847 95 318 97 234 101 332 103 312 100 217
4642 5.0386556279944372 1.7267914648623273 -0.28178573072667784 59 62 72 1.5323359402321082 91 353 94 353 95 323 97 213 101 313 95 385 97 299 96 268 98 263 103 313 99 261 102 205 100 207 105 194 104 274 108 225 111 242 107 171 112 298 106 219 110 219
4640 4.9344088767815899 1.7286617879630488 -0.55036748043151096 231 231 231 1.614923978973237 91 520 94 520 101 362
4639 5.0011382346507887 0.79421257425039216 0.36970937428626122 235 235 235 0.30303574927519283 96 211 101 336
4638 4.1129627194856075 2.0157545722231385 -0.55137749552526727 8 8 8 0.5532725555565724 103 318 101 325 99 266 102 226 100 210 105 198 104 239 112 252 110 210 106 210 109 172 108 152 111 200 114 240 115 234 107 145 116 243 119 600 123 565 118 568 122 520 117 309 121 426 120 351
4637 4.1129627194856075 2.0157545722231385 -0.55137749552526727 8 8 8 0.5532725555565724 103 317 101 324 99 265 102 225 100 209 105 197 104 238 112 251 110 209 106 209 109 171 108 151 111 199 114 239 115 233 107 144 116 242 119 599 123 564 118 567 122 519 117 308 121 425 120 350
4636 5.302787056520688 1.5663463982038728 -0.59276972253493709 164 164 164 1.1759093313707596 103 283 101 300 99 274 102 197 100 200 110 239 106 239 114 316 107 173 117 493
4635 4.9409433920357388 1.4344864467733278 -0.89815835309965741 59 62 72 2.2864997053144736 97 285 122 614 101 297 117 435 121 546
4633 4.9084119636683381 1.6410581661743384 0.051311160036987456 231 231 231 1.8472742240818654 101 271 99 170 102 191 101 326 100 196 97 65
4632 4.9739087577799381 0.79140577963860193 0.3613145537465009 235 235 235 0.73023694389505245 96 48 103 181 101 208 99 232
4631 5.0819849487328481 0.78598998154229971 0.38536880743612101 0 0 0 0.10235154348936881 103 114 101 207
4630 4.9229559016384865 1.8874202703179301 -0.25022438805797165 59 62 72 0.46167591796322771 98 159 101 202 99 165 102 115 100 118
4628 5.4079801417087729 1.6867234827716713 -0.37434880504826212 79 83 95 0.15913858142593346 103 102 101 195
4627 4.15304713413191 2.0548658962278439 -0.51870651198483275 215 215 215 1.3244065923451422 103 23 101 131 99 67 105 16 100 37 104 40 112 92 110 4 106 4 109 2 108 39 111 68 115 50 116 72 123 78 118 272 117 25 117 71 120 85
4626 4.0492210311116663 1.9936391055990983 -0.55882609366488956 225 225 225 1.2918509003806955 101 128 99 66 102 72 100 36 105 55 104 63 112 67 96 66 110 82 106 82 109 22 108 38 111 64 114 93 107 13 116 31 119 155 123 76 118 68 122 59 121 29
4624 4.896243849840312 1.8304811814690614 -0.16982952809014032 8 8 8 0.1502387464256259 96 53 101 71
4623 4.896243849840312 1.8304811814690614 -0.16982952809014032 8 8 8 0.1502387464256259 96 52 101 70
4622 4.6730148107796836 2.0228645167693102 -0.5580719100331667 231 231 231 0.70524712666235456 96 27 101 66 100 113 102 112 105 95
4620 6.1016715589564372 1.6010318574278892 -0.023866631677250959 59 62 72 0.41586010689427372 98 20 103 46 101 58 99 94 102 145 100 112 105 134
4619 5.4708139006753429 1.672911064583011 -0.50425967603818345 8 8 8 0.13252666074136374 103 11 101 53 99 90
4618 4.8167741362003884 1.1563890069883493 0.061034149343189806 100 105 121 0.28230246722062113 98 27 101 33 100 20
4617 5.0437589535607907 1.718494971226479 -0.27295251234569079 59 62 72 1.2726607697850909 96 26 101 31 104 193 112 197 110 9 110 199 106 9 106 199 109 45 108 90 108 164 111 150 114 184 107 27 116 265 114 255 121 388 120 369 118 522
4616 6.6416376972417339 1.6559069595560325 -0.52553667285086114 8 8 8 0.54748005692792356 98 11 101 24 99 11 102 15 105 22
4615 6.640089486694535 1.6558320048421022 -0.52545550240931116 8 8 8 0.38826973771885542 98 10 101 23 99 10 105 21
4614 4.9935113707224072 1.8176530697910465 -0.25303503585421394 112 118 135 1.6441469408808227 96 344 98 349 103 359 97 350 96 317 98 324 101 386 99 316 102 256
4613 4.9935113707224099 1.8176530697910487 -0.25303503585421405 112 118 135 1.6441469408807849 96 345 98 350 103 360 97 351 96 318 98 325 101 387 99 317 102 257
4612 4.96041368630849 1.4846453055412623 -0.80597523512003511 74 78 90 0.38385523905276414 90 43 93 10 95 146 97 83 91 38 94 38 103 95 96 35 98 44 101 176 99 86 102 58
4611 5.4839851128390622 1.7752773209889696 -0.29746840211605913 73 77 88 0.6196893178199181 96 236 98 279 95 381 97 266 96 258 103 310
4610 5.2549679889740091 0.67238209719999398 0.51966497930868139 231 231 231 0.37998396544552621 92 31 97 94 103 269 95 164 97 149 91 51 94 51 96 137 98 209
4609 5.8103646282292525 1.4559410910599591 -1.0456561128413644 59 62 72 1.3837591935760787 96 331 98 355 103 369 97 334
4607 5.1469288988155713 1.6524507802350228 -0.39235404912059518 164 164 164 1.3754543942566644 103 341 101 363 99 303 102 253 100 245 105 250 104 302 112 377 110 270 106 270 109 252 108 259 107 209 98 300 111 297 114 367 115 378 116 447 117 556 121 605 120 580
4606 4.3387205340048034 1.6591705814242175 -0.083519624575359691 119 125 143 1.6046555490404157 98 328 103 335 101 374
4603 5.1724471570958341 1.630099957414211 -0.4416433402643361 164 164 164 0.65238974828498075 98 278 103 309 101 330 99 277 102 231 100 216 105 223 104 281 112 365 110 250 106 250 109 241 108 247 111 282 114 355 107 190 115 363 116 417 122 718 117 537 121 587 120 564
4602 5.3028253861471848 1.5669232320812212 -0.59295727725132241 164 164 164 1.193975195746396 98 276 103 284 101 301 99 275 102 198 100 201 110 240 106 240 114 315 107 174 117 492
4600 4.484447245510558 3.4008429429414617 -0.91871797772196417 8 8 8 1.585205209684478 84 41 103 250
4597 4.9657764665516728 1.8614351882296301 -0.32540138098113008 231 231 231 0.30658219456116115 97 214 103 242 101 266 99 228
4596 5.2074412749347125 0.73052708930894694 0.43832920246864948 0 0 0 0.066054043669098755 98 141 103 241
4595 5.2384987156242122 0.7443712425188963 0.43037824339463171 0 0 0 0.34359704347649828 96 125 97 142 103 238
4590 4.973908757779931 0.79140577963859871 0.36131455374649846 235 235 235 0.73023694389415739 96 49 103 182 101 209 99 233
4589 5.1000115390767631 0.73991282100005074 0.45076351679964943 0 0 0 0.41696814986183506 96 146 98 147 103 180 101 323
4588 4.8293282436608322 1.1653124383373192 0.041185486711868412 68 67 67 0.19179871400926365 98 150 103 177 101 203
4585 4.6553446368002636 2.0262288304612155 -0.54431797823018024 8 8 8 1.1167891798660154 98 153 103 173 102 152
4584 5.2365699836498738 0.72391182572080226 0.46600484330344843 0 0 0 0.3400986783704647 96 82 103 165
4583 4.658469776343269 2.020398828982676 -0.58210632381721061 231 231 231 0.82915276063890941 97 167 103 164 101 201 120 277
4582 5.2239339479356168 1.6843247000616381 -0.370129231868219 164 164 164 0.29935147772305704 96 119 103 155 101 199 103 107 102 105 100 109
4581 5.2239339479356168 1.6843247000616381 -0.370129231868219 164 164 164 0.29935147772305704 96 118 103 154 101 198 103 106 102 106 100 110
4580 5.1189804356431612 1.6422821554884919 -0.41658004451860547 164 164 164 0.84999882833944673 102 182 105 164 105 184 97 152 101 260 103 152 99 156 112 317 102 99 110 157 106 157 109 179 108 157 111 179 111 234 114 299 115 244 116 306 122 585 117 381 117 422 121 435 120 454
4576 7.1695820582714269 1.8593189639854955 -0.39377749868488771 231 231 231 0.98547127121975642 91 248 94 248 95 235 103 144 101 235 99 146 100 158
4574 4.994744671354252 1.3481601709153175 -0.987153462115819 60 64 74 0.84847905651830446 91 245 94 245 103 140 105 68
4572 5.0866755339724872 0.7879236367468947 0.38714972153262722 0 0 0 0.26885896681031451 96 46 103 113
4571 6.0416617002171487 1.6821507295863982 -0.18628602534673908 59 62 72 0.84651504973391167 96 42 103 99 97 52
4570 7.5728238099458558 2.03952968226994 -0.63632367515277766 8 8 8 0.78645115487858297 97 39 103 90 101 3 99 30 100 63
4569 7.6303836627831831 2.0660686542888991 -0.64479769161523925 8 8 8 1.1327531572116956 97 38 98 3 103 89 101 2 99 29 102 1 100 3 100 62
4567 5.1626718177376798 0.67676954020140734 0.47976786908945834 234 234 234 0.30983663901796588 98 98 103 53
4566 4.8997260021781983 1.8244750628548621 -0.16972767263782937 8 8 8 0.40118455619573717 98 28 103 22 101 69 99 49 105 37 104 71
4565 7.1663781620452633 1.8475220117476758 -0.37839129809266642 231 231 231 0.69902338047454549 91 7 94 7 95 7 103 6 102 17 100 31
4564 5.3297603461766192 1.6619896790267712 -0.42619323370874501 164 164 164 1.9263102172256064 91 46 94 46 98 129
4562 4.4382118576338323 1.5676421501293003 0.088002137149173654 87 81 78 2.5462128880516413 96 299 98 353 103 366
4559 5.2654521307862714 1.6407431924201037 -0.50585029861529995 0 0 0 0.3832507350030725 96 338 98 339 103 353 101 380 99 314 102 261 100 255 105 259
4558 6.6733155085525793 0.76385873983654029 0.26256865037125543 59 62 72 1.2641933348273444 90 618 96 334 92 594 93 582 98 334 103 351
4557 4.374325252517445 1.5242675289321115 0.045417595007985243 231 231 231 0.10426525399515793 96 298 98 312 103 336 101 353
4555 5.2050087455805674 1.6691356714837948 -0.37614704088912659 164 164 164 0.73537876826081838 96 235 98 258 103 287 101 308 99 278 102 220 100 206 105 210 104 271 112 331 110 244 106 244 109 215 108 220 111 256 114 321 115 333 107 181 116 400 122 699 117 498 121 538 120 520
4554 4.6296555142242877 1.9690018419736965 -0.55531325217374727 8 8 8 0.23254752249071775 96 245 98 238
4552 5.0809076620754103 1.6755572981358817 -0.33268648094243608 0 0 0 0.49231728277466075 96 204 98 231 104 241
4550 6.7186587623847629 1.6929738491536845 -0.50679202962651559 231 231 231 1.781836438846615 96 110 97 82 98 222 103 279 101 329
4549 6.5521207912531105 0.83934284074104093 0.17929851958147144 231 231 231 1.3060999661338508 84 314 98 220
4548 3.6765710152538102 1.0714508477718707 -0.31160329142125331 115 121 138 0.62493948184193782 96 186 98 215
2373 -0.72703362012577544 -0.21119988417966709 1.6775263832196681 120 120 121 0.0068897144790963554 64 153 67 153 65 114
7460 -2.9208338726827066 0.96415633415142266 0.035513430554335902 231 231 231 0.16377831090124728 26 53 27 77
1126 -1.2333177676113476 -0.19334527032143847 1.7129921153570833 96 98 103 0.10066185325338588 59 430 58 429 53 658
17 -0.74884491433617961 -0.23989572247914634 1.6576465649052508 119 119 120 0.3544992124687254 56 426 62 410 63 471 61 459 64 386 67 386
5104 2.19414049614047 1.9769272878596633 0.10942278176014668 130 130 130 0.27408699218665816 9 53 11 266 5 77 14 302
2374 -0.72703362012577544 -0.21119988417966709 1.6775263832196681 120 120 121 0.0068897144790963554 64 154 67 154 65 115
7461 -3.2574643214282895 0.88067282184200968 0.11532244837633342 0 0 0 0.6737288240235082 26 55 27 82 28 25 31 65 32 13
1127 -1.0422484840764683 -0.0074174725023790659 1.8642865733935763 105 107 109 0.085081327798081599 59 478 58 473 53 726
6214 4.3431862197050437 1.6448643343759994 -0.062027818659913796 82 86 99 0.24744860972940796 114 250 115 246 116 303 108 191 119 603 123 568 118 576 124 621 125 680 111 216
1129 0.05741609596237103 0.39502320224984327 2.4330779078225775 0 0 0 1.3895426016729135 62 545 58 496 57 789 55 888 64 321 67 321
6216 4.8279700675975228 1.1131915803581067 0.00095079567240609667 132 129 129 0.28525275163596553 114 258 115 251
5107 -1.4335438650126964 -0.032422112673020018 1.8650421271006916 92 93 97 0.2117443184119891 9 109 10 136 5 121 8 151
20 -0.68344776297500709 -0.23156190852984634 1.6623546905092719 120 121 121 0.23115766975182719 56 430 62 158 63 207 60 196 59 182 58 139 57 259 55 706 53 460 64 139 67 139 65 104
1130 0.05741609596237103 0.39502320224984327 2.4330779078225775 0 0 0 1.3895426016729135 62 544 58 497 55 889 57 790 64 320 67 320
6217 5.5842541475343479 1.3338826676908118 -0.95882925627026672 59 62 72 0.74381590235474659 114 265 115 257
21 -0.72708055118009041 -0.20324347495680958 1.6868739865717604 118 118 119 0.13320895788933859 56 449 62 418 63 482 61 469 60 211 59 213 58 160 57 272 53 679 64 315 67 315 65 283
5108 -1.349745732420558 -0.75951229634067963 1.2735611191535705 50 56 71 0.14358530538690203 8 329 10 370 5 172
2378 2.5248753122559942 -0.12033378087368943 2.0131057956554548 9 9 9 1.0558009577371987 62 299 64 212 67 212 65 158 66 110 66 111 68 144 68 145 72 122 72 123 69 128 70 153 74 212 76 348 75 281 77 252 80 317 78 280 78 396
7465 -4.5554358692154686 1.6658358013706762 0.18657476147410162 92 97 111 0.7911181737403199 25 96 26 86 27 124
1131 -1.299467960991997 -0.45665424985330899 1.4878028681297844 112 118 124 0.10173093404037839 60 591 58 528
22 -1.0047431477023521 -0.098463837472833396 1.783608828575471 116 120 117 0.072186463290211014 56 471 62 429 63 509 61 515 60 281 59 262 58 195 57 308 55 495 53 697 54 669
5109 -1.1031209015314503 -0.73783248126015277 1.2788712333617365 55 61 78 0.095469108912202574 8 334 10 166 5 173 2 179 4 179
2379 5.3349045174183667 -0.23647377562514471 4.0186162614265859 9 9 9 0.22323747519029785 61 352 65 163
23 -1.0144731373857581 -0.074490139595542793 1.8062812101717811 121 121 121 0.1581288128076648 56 490 62 209 63 281 61 257 60 289 57 318 55 499 53 480 54 467 52 382
5110 -1.1102867494054713 -0.74762941185207188 1.2955293524694234 60 65 81 0.077778711137020423 8 192 10 167 5 176 2 180 4 180
2380 2.0575489469776143 -0.12365015671158594 2.0155089102310559 9 9 9 0.00030317549020744596 63 367 65 182
7467 -0.69162822300555105 8.9489231179438544 -0.55168664603932371 0 0 0 0.63266072447639488 24 38 108 42
24 -1.0508252981802142 -0.070881864799296854 1.8082786670571278 47 51 63 0.17424487756284679 56 492 62 539 63 530 61 530 60 521 59 272 58 448 57 623 55 742 53 705 54 685 52 575
5111 -1.2018905139723366 -0.74209906843892581 1.2866790201577649 60 65 80 0.10266689760453573 8 194 10 168 5 177 2 181 4 181
2381 1.529229567779169 -0.127590243813264 2.0139203907131256 9 9 9 0.27201956730079307 60 392 61 403 62 361 64 261 67 261 65 204 69 199
25 -1.0508252981802142 -0.070881864799296854 1.8082786670571278 47 51 63 0.17424487756284679 56 493 62 540 63 531 61 531 60 522 59 273 58 449 57 624 55 743 53 706 54 686 52 576
5112 -1.2760354400173328 -0.71617964173395243 1.270759741717203 14 32 63 0.30474557910017586 8 342 10 377 5 182 2 342 4 342
2382 0.64024049309676589 -0.10123089467013631 2.0595168305796583 28 29 29 0.40856951267050118 64 109 67 109 65 214 66 150 68 183 69 180
7469 -3.3334632948598348 0.86260986906116721 0.13408703844952435 236 236 236 0.31939778975564193 26 102 27 148
26 -0.99391450690658956 -0.06574293655463348 1.8094191436625577 124 124 124 0.16280266153239059 56 498 62 537 63 523 61 525 57 332 52 582
2383 2.717858596953115 -0.14304702194284333 2.0089373637379189 6 20 42 0.16686466367055308 62 483 65 250 66 157 68 174 72 162 70 261 77 602 79 604 80 581 78 549
7470 -3.2570606656503682 1.0154113650287633 -0.045330722396855684 0 0 0 0.80579453255151567 26 83 27 152 28 108 29 126 31 119 32 108 33 89
27 -0.93160544508523202 -0.0065566991929759807 1.8594921669351139 99 101 106 0.13166927858980995 56 520 62 446 63 537 61 266 60 300 57 343 58 224 55 769 53 512 54 721 64 325 67 325
5114 -1.1735833781393283 -0.65005511315069464 1.3589527480582397 74 81 92 0.080134810376611409 8 352 10 183 5 206 2 45 4 45 7 22
2384 2.7178649379624975 -0.14315599774349469 2.0088975273808432 6 20 42 0.14596892378571269 62 484 64 343 67 343 65 251 66 158 68 175 72 163 69 193 73 222 71 222 70 262 74 330 75 611 77 601 79 603 80 580 78 548
7471 -4.4182045432187618 1.1696900146922544 -0.3009803112240525 231 231 231 0.61959201552829646 26 110 27 161 28 146 29 143 31 163 32 138 33 108 30 119
28 -0.72397695591476452 -0.45306299878347761 1.4741246856703536 10 26 44 0.14609650231862481 56 574 62 493 63 405 61 581 60 357 59 327 58 266 57 409 55 792 64 359 67 359
5115 2.7599854512031765 -0.13048059629618539 1.8254099723533732 231 231 231 0.83297201579568048 8 234 11 19 12 229 5 253 6 226 6 16 12 18 2 230 4 230 7 145
29 -0.68693237243262495 -0.37199775384818345 1.5413815770193973 92 95 100 0.076539783415265947 56 661 62 378 63 441 61 424 60 399 59 354 58 319 57 483 55 654 64 278 67 278 65 265
5116 -1.0701704815982658 -0.47789444378026069 1.5059978267674221 87 92 98 0.040191726926817682 8 241 10 217 5 259 2 232 4 232
2386 -0.75181311199426415 -0.17597778540335204 1.5667918768772411 96 98 103 0.39729545456079735 64 318 67 318 65 286
7473 -4.3974795646961082 1.2607373608670873 -0.11057192317455392 87 92 106 1.0204694896132027 26 118 27 164 28 148 29 148 31 141 32 121 33 111 30 122 36 141 30 107 37 137 34 97 35 182
60 -0.99715658758890624 -0.0071785087380757473 1.8610840376932924 105 107 110 0.18226978933273888 56 820 62 554 63 648 61 541 60 549 59 476 58 471 57 636 55 764 53 730 54 712 52 740
5147 -0.402600400944224 0.50994417575619466 2.3368229669842346 5 5 5 0.53418816357522225 8 819 5 734 9 784
2417 0.91763685448295484 -0.74339702296362287 1.4155038422944137 0 0 0 0.58736303903914377 64 675 67 675 65 532 66 363 68 361 72 441 69 384 73 631 71 631 70 438
66 -0.67829824793317484 -0.37207471118903884 1.5412353430280048 110 110 113 0.11332200658377566 56 879 62 499 63 580 61 596 60 584 59 529 58 552 57 681 55 831 64 367 67 367
5153 7.5302803454566742 -0.07198774514359367 0.71800467545750801 59 62 72 0.44776229551070085 10 702 75 877 76 855 77 835 5 773 74 692 2 703 4 703 7 622
2423 1.4299404706277499 -0.16082616861571838 1.9925910365668944 123 124 124 1.8629053307163146 62 716 63 790 61 804 60 813 65 336 64 437 67 437 63 69 61 398 62 492 64 353 67 353 66 163 66 206 68 233 72 247 69 293 73 441 71 441 72 313 70 277 74 537 76 763 76 811 74 580 75 775 75 830
67 -0.78722479005127144 -0.25265282479872436 1.647484185712248 85 86 92 0.19509183514901687 56 901 62 638 61 623 60 629 59 579 58 590 57 725 55 849 64 463 67 463
5154 7.7510725308891608 0.10542493030084239 0.51539283625612375 59 62 72 0.37172241731716271 10 703 75 839 5 774 76 825 77 774 2 704 4 704 7 530
2424 -0.6988325759977807 -0.42377968534107807 1.4997125343516502 50 54 65 0.016119205108772672 64 70 67 70 65 57
7511 -4.4548843010495585 1.3128372295591051 -0.56398675484132932 112 118 135 0.55179315137059171 25 80 29 48 33 28 30 32
68 -0.77559433911880538 -0.25271739638689977 1.6476542616892256 87 88 93 0.18160694482338294 56 902 62 637 61 621 60 628 59 578 58 588 57 726 55 850 64 462 67 462
5155 1.3636549601405139 1.906082509514692 -0.2224501589270485 231 231 231 1.2850201335194997 11 498 5 810 2 744 4 744
69 -0.7641573807060088 -0.25234978307845396 1.6477690459628664 75 77 84 0.18393804184081736 56 903 62 636 63 727 61 620 61 740 59 577 58 589 57 727 55 851 53 989 64 461 67 461 65 355
5156 -1.3234297865545648 -0.27793279009814675 1.6651169007263988 123 123 123 0.15828693996990398 8 730 10 742 5 814 2 611 4 611 7 298
2426 2.3493397166928203 0.042925761446337043 1.9168422970120556 105 110 126 1.1503592377470184 62 611 64 435 67 435 65 332 68 229
7513 -3.2220512832061798 0.9082189645113411 0.084004961881059506 236 236 236 0.01063591117436341 28 66 29 77
70 -0.68737755925638011 -0.24716310981882447 1.6427608602626345 122 122 122 0.14259886040827546 56 904 62 514 63 610 61 619 60 626 58 391 55 853 64 383 67 383 65 279
5157 2.3830843407379292 2.1142915900300676 0.88807907221013338 0 0 0 1.2795380983018971 6 314 8 732 5 820
2427 -3.7663730148407004 -0.20174948777584362 2.1240064762902859 8 26 42 0.17034984428008315 47 23 48 64 49 64 43 22 46 8 44 10
7514 -3.3453814084236777 1.0666248237821454 -0.069663570440727574 236 236 236 0.8308193111201938 28 10 29 84
71 -1.000719201669299 -0.20882578925484624 1.6892752979323369 77 79 85 0.12615265955009039 56 914 62 653 63 627 60 644 59 604 57 732 53 848 54 858
5158 -3.1356649383850224 1.0013535423166096 -0.016034582087599947 226 226 226 0.40213999372348663 10 841 5 826 2 752 4 752 7 315
2428 -3.6916098001332784 -0.20959262879707916 2.1201796379256161 16 26 44 0.20540849101745626 51 230 43 24 46 10 44 11 42 11 45 34
7515 -3.3453814084236777 1.0666248237821454 -0.069663570440727574 236 236 236 0.8308193111201938 28 11 29 85
72 -1.000719201669299 -0.20882578925484624 1.6892752979323369 77 79 85 0.12615265955009039 56 915 62 654 63 628 60 645 59 605 57 733 53 849 54 859
2429 -3.4935433791913475 -0.21051501629893177 2.1021522228896954 6 21 42 0.21976294059099577 47 49 43 30 44 18
73 -0.81399000577631209 -0.19045747361557683 1.6995859374120026 102 104 107 0.097579391127057102 56 922 62 651 63 625 61 636 60 639 59 600 58 608 57 748 55 867 53 853 64 476 67 476
5160 -1.6751388916114025 1.5788434032073988 0.43069310708615127 130 130 130 0.24107860512485993 9 673 5 840 4 769 2 769
74 -0.81399000577631209 -0.19045747361557683 1.6995859374120026 102 104 107 0.097579391127057102 56 923 62 652 63 626 61 637 60 640 59 601 58 609 57 749 55 868 53 854 64 477 67 477
5161 -3.8609701644536192 1.4983164933174495 -0.53814353784967484 231 231 231 1.5639225202967699 10 970 5 841 2 464 4 464
75 -0.78280451045664312 -0.18965683444232159 1.6974837754947314 94 97 102 0.15382773602617375 56 925 62 523 63 622 61 634 60 638 59 599 58 607 57 747 55 870 53 856 64 393 67 393 65 373
5162 7.4438642677356324 1.0439195474896126 -0.61460464130643022 59 62 72 0.25825226319286265 77 890 78 850 5 850 2 794 4 794 7 532 10 700
2432 -3.6606262154645894 -0.17328036393972995 2.1413001831506424 9 9 9 0.94640461121852482 50 382 51 448 43 79
7519 -4.387375240116576 1.1641211894387289 -0.16489730910692499 98 103 118 0.51379628553485657 27 158 29 114 28 141 31 129 32 92 33 78 26 113 30 91 36 114 37 120 34 74 35 139
76 -0.74849644877666011 -0.18950536903364132 1.6981311178390555 103 105 109 0.099759220889002187 56 927 62 650 63 618 61 630 60 636 59 597 58 603 57 743 55 872 53 862 64 475 67 475 65 370
5163 7.5501810995871779 -0.2690628532940294 0.94980268726859141 59 62 72 0.40714300363061479 75 838 77 834 5 851 76 824 2 702 10 701 4 702 7 529
2433 -3.6299314973215169 -0.17148168441145958 2.123631136865975 9 9 9 0.64205351584390546 48 306 49 306 51 449 43 80 46 56 44 112 42 88
7520 -3.3324715783464391 0.87013708039618209 0.13342827989268199 236 236 236 0.93065646727896079 28 135 29 117 31 138
77 -0.73901300875785747 -0.18970691584816393 1.6973235062884824 101 103 107 0.15493914255481595 56 928 62 647 63 614 61 627 60 633 59 594 58 598 57 738 55 873 53 863 64 472 67 472 65 367
5164 2.3976801130741769 0.25723105767968102 1.1218461706641223 130 130 130 0.48436198225276056 6 668 8 773 9 693 10 870 11 565 12 598 13 559 5 874 2 816 4 816 7 650
2434 -3.3143202821806841 0.53066675812543551 1.3065792362140392 0 0 0 2.7950380803949493 51 625 43 109
79 -0.033746535447804815 -0.18873285983560306 2.0019132780815356 9 12 14 0.30319762893822017 56 932 62 509 63 606 61 614 59 581 58 596 57 741 64 379 67 379 66 222
2436 -3.6508116752258744 -0.16708685994465342 1.5933088166780229 10 10 10 1.0104326026956338 51 539 52 755 43 121 51 537
7523 -3.1277366928771402 0.98981403645364985 -0.016751557812926178 236 236 236 1.280857258314354 25 102 29 129 33 100 30 100 36 136 37 130
80 -0.77940358978172419 -0.37304546530150995 1.5385192366247367 98 101 105 0.27184058839687797 56 1010 62 627 63 710 61 719 60 716 59 674 58 692 55 955
5167 1.040230436230777 1.7950610933969944 -0.53027876648166272 101 101 101 0.84853636421925571 8 713 12 564 5 891
2437 -3.7043634692877028 -0.17271037162779704 1.64160515446878 10 10 10 0.57841435706811994 52 609 43 122 51 540
7524 -4.4219131578375892 1.1175562579715344 -0.24662393505076555 80 84 97 0.72184509328063839 28 166 29 165 31 165
81 -0.77940358978172419 -0.37304546530150995 1.5385192366247367 98 101 105 0.27184058839687797 56 1011 62 628 63 711 61 720 60 717 59 675 58 693 55 956
2438 -4.3088131073792084 0.29474396047362572 1.4954296260757356 61 64 74 0.84359269533466075 48 491 49 491 43 124 42 65 45 54 50 267 41 51 39 114 40 114 38 23
84 -0.94678279326832826 -0.20922625037531112 1.6886998702803679 93 94 98 0.12863841574918208 56 1064 62 749 61 747 60 747 59 711 58 729 57 884 55 1005 53 998
2441 -3.6927836855007623 -0.16922550847660436 1.6094884120149926 9 9 9 1.5386023781874079 51 534 52 607 43 165
7528 5.1491494830771352 1.6262459430135465 -0.45544269544281973 0 0 0 0.13851925398344955 114 134 116 91
85 -0.95830243915637858 -0.20881287607616167 1.6913031049561225 80 82 88 0.14297800240916964 56 1065 62 750 63 737 61 748 60 748 59 712 58 730 57 881 55 1003 53 995
5172 -2.3915539677558342 -0.25408406041400589 1.7276206975922743 45 75 54 0.14462728126881777 10 922 5 981 2 869 4 869 7 681
2442 -3.641552059881338 -0.16381317668802128 1.564414322760125 9 9 9 0.28646832197897143 51 535 43 166
86 -0.95828637192582244 -0.20878012461365211 1.690921413792829 80 82 88 0.14426908583431719 56 1066 62 751 63 738 61 749 60 749 59 713 58 731 57 882 53 996
5173 3.3356282570622624 1.9154877969039166 -0.47284608632918601 0 0 0 0.17260559854903462 92 207 93 330
2443 -3.7917920675698209 -0.28508466933419518 1.9898383202178975 231 231 231 2.1591254107103981 47 506 48 657 49 657 43 167 46 155 44 138
87 -0.71372397627203255 -0.20649828750747801 1.6845284681336474 100 100 103 0.17489743178458705 56 1067 62 643 63 731 61 742 60 742 59 707 58 718 57 878 55 1011 53 999 64 467 67 467
5174 -0.50666610075838103 -0.68765375162675246 1.3559186627734543 110 112 114 0.32524476824633536 8 899 9 836 10 1010 5 1071 2 980 4 980
2444 -3.6349051452852512 -0.17597131434574823 1.715215028202504 9 9 9 1.0024792563660161 47 381 43 168 44 100 42 126 45 111
88 -0.71372397627203255 -0.20649828750747801 1.6845284681336474 100 100 103 0.17489743178458705 56 1068 62 644 63 732 61 743 60 743 59 708 58 719 57 879 55 1012 53 1000 64 468 67 468
5175 -2.9138458715143796 1.4708968956912389 -0.49830557722883762 120 120 120 0.92862455798993437 8 930 5 1134 2 1058 4 1058 7 845
2445 -3.5968616751242655 -0.16208477445335123 1.6644971229836845 231 231 231 0.52246163834721404 50 645 52 760 43 169
89 -0.98674922939789533 -0.19991201565635491 1.6938906380083134 124 124 124 0.13615294953248824 56 1076 62 754 59 718 57 889 55 1007
5176 -1.1016223585563447 -0.64914690815956844 1.3571041591461619 70 76 87 0.041447919210223449 8 351 10 388 5 205 2 198 4 198 7 21
2446 -4.303289438119978 0.28784393874908004 1.5012047457447995 75 79 91 1.6121892875376223 47 517 50 579 43 172 46 281 42 64 45 24 41 198 39 239 40 239
90 -0.99600085766100444 -0.080360834239421031 1.8002342361510844 124 124 124 0.2739965777409506 56 1083 62 759 63 854 61 865 60 875 59 730 58 753 57 908 55 1021 53 1019 54 1060
5177 -2.3837905674337652 -0.28035429768135273 1.7160571753619056 4 4 5 0.20610592695343746 10 342 5 395 2 131 4 131
2447 -3.7819888414182934 0.2387052366801585 1.2331590691141183 118 124 142 1.484653675178496 47 327 43 176 46 162 44 146
91 0.029286116471613586 0.33957827625410159 2.3457255088319862 142 142 142 0.37301650582941448 56 1090 62 667 63 755 57 787 57 919 63 642 64 480 67 480
5178 -2.3884361295475749 -0.26828193686309793 1.7205777106039035 73 76 77 0.098794616452023809 10 487 5 399 2 303 4 303 7 68
93 -0.7119603462195232 -0.46524253822664119 1.4633516153347268 124 124 124 0.14714758255802285 56 1125 62 717 61 700 60 686 59 645 58 656 55 1068 64 514 67 514
5180 -0.82639018539120845 -0.81146723000511889 1.2408274238941301 45 47 53 0.092970235529399647 5 156 8 312 10 153 2 13 4 13
94 -0.7037307416805505 -0.38969381209540932 1.5265387857780317 114 114 115 0.10573779922015444 56 1163 62 733 63 816 61 822 64 527 67 527 65 388
5181 -0.88480140158230258 -0.78658780580200283 1.2370157037440497 16 18 22 0.35394867277181075 5 163 8 168 2 14 4 14 7 6
2451 -3.7440270014359611 -0.16413701121657415 2.166549238874703 231 231 231 0.84516964428715347 52 778 54 924 43 182 42 138 45 227
7538 -4.4025885098485604 1.150375012633343 -0.27234596211275269 231 231 231 1.4113625041971367 27 103 31 95 32 76
95 -0.7037307416805505 -0.38969381209540932 1.5265387857780317 114 114 115 0.10573779922015444 56 1164 62 734 63 817 61 823 64 528 67 528 65 389
5182 -0.76559109555956695 -0.75864472218597623 1.2536157743573932 70 73 78 0.070375189231212845 5 167 8 170 10 158 2 16 9 114 4 16
2452 -3.6177170350768924 0.11634155168917147 1.4913470563861104 103 109 125 0.31854440430110154 47 211 48 419 49 419 43 184 46 123
7539 -3.053991173794171 1.0107394188809395 -0.050068300255404319 0 0 0 0.26595773740499534 28 113 31 133 32 115 33 91
96 -0.72858356097468369 -0.38989436107588782 1.5293517883651864 74 76 83 0.18925054323393969 56 1165 62 736 63 818 61 824 60 824 59 777 58 792 57 960 55 1116 64 529 67 529
5183 0.78925969680027919 -0.78935953936097947 1.3915227355992601 0 0 0 0.15204769166504126 9 112 2 19 4 19
2453 -3.6587541694136689 0.46219394142672449 1.0750292166551338 114 120 138 0.80295927374388032 47 419 43 193 39 244 40 244
97 -0.72858356097468369 -0.38989436107588782 1.5293517883651864 74 76 83 0.18925054323393969 56 1166 62 737 63 819 61 825 60 825 59 778 58 793 57 961 55 1117 64 530 67 530
5184 -0.93685147317788597 -0.76001941142228147 1.2634622203773138 11 28 57 0.21373534572830427 5 168 8 322 10 159 2 21 4 21
2454 -3.6587541694136689 0.46219394142672449 1.0750292166551338 114 120 138 0.80295927374388032 47 418 43 194 39 245 40 245
7541 -3.3312955573015155 0.87124033353040475 0.13221223017367054 236 236 236 1.7002884125185711 28 134 29 139 31 137
98 -0.72215093900479399 -0.38014915295251384 1.5289109474830078 124 124 124 0.1428270518982995 56 1172 62 739 63 823 61 830 60 828 59 779 58 794 57 962 55 1121 64 563 67 563
5185 -0.93685147317788597 -0.76001941142228147 1.2634622203773138 11 28 57 0.21373534572830427 5 169 8 323 10 160 2 22 4 22
2455 -2.9739371328210429 -0.18787386576139151 2.1111065705194445 7 24 42 0.36678790388669608 47 410 48 529 49 529 51 704 55 984 43 200
7542 -2.9797180028737795 1.0252076939491941 -0.060194786113746915 236 236 236 1.0015781521889255 29 153 31 174 32 149
99 -0.73798673090795641 -0.3812681640622938 1.5352562073490625 124 124 124 0.37777524403697066 56 1173 62 797 63 824 61 833 60 830 59 780 58 795 57 964 55 1120 64 564 67 564
5186 -1.2029337918415843 -0.72787384464682492 1.3075568382993528 53 60 77 0.18053381566284965 5 19 10 30 2 30 4 30
2456 -3.4973189630996271 0.62008760607400193 1.4505606355571523 0 0 0 0.90644154083244521 48 613 49 613 43 226 42 223 45 233 113 219
7543 -4.1552866704874267 1.0600562814240859 0.15976107024069075 117 123 141 1.4177081829172236 29 169 31 181
100 -0.74244712061431173 -0.27125491009585245 1.6264429269010967 124 124 124 0.27766160982183324 56 1187 62 805 63 890 61 907 60 855 59 796 58 810 57 985 55 1188 53 1166 65 464
5187 -1.451329867536165 -0.72470461238174333 1.3007000423191737 52 57 73 0.18819949313833831 5 21 10 179 2 31 4 31
2457 -3.4985566355407247 0.62059081139045191 1.4517325062195094 0 0 0 0.32821068928972358 48 614 49 614 43 227 42 224 45 234
7544 -4.4700226017992861 1.4682676603373628 0.087378640278098926 59 62 72 1.5997830446411807 25 50 26 45 27 66 28 31 31 26 26 13 27 22 28 8 29 0 32 1 32 34 33 14
101 -0.72707136242749437 -0.19818927621895693 1.6859014753607058 124 124 124 0.18646427216979891 56 1200 62 746 63 845 61 852 60 860 59 800 58 820 57 999 55 1142 53 1128 64 537 67 537 65 435
5188 -0.80784536531796358 -0.64837561247816 1.3543903744536383 73 79 90 0.044545315118629497 8 219 10 180 2 40 4 40
2458 -3.4815709301499287 0.60698031020418386 1.5220607426943382 228 228 228 0.16575401414667387 47 445 51 798 43 231
7545 -3.2529762913039764 0.85692750554697095 0.11472805912166549 0 0 0 0.39503359134627064 31 64 32 12
102 -1.0317517112603176 -0.084756021256147021 1.7913667580174064 124 124 124 0.18240043834979336 56 1201 62 811 63 895 61 917 60 940 59 819 58 828 57 1006 55 1145 53 1171 54 1104 52 938
5189 -1.931263748898298 -0.63115047099331734 1.4200818237902402 15 17 21 0.24612634833396024 5 45 10 206 2 62 4 62 7 29
2459 -2.989986125967357 0.20622108161684571 2.2464786262597656 116 122 140 0.55479617718084207 50 609 43 238 46 221 44 212
7546 -5.0539005634402043 1.6100937005048455 0.24087142538763437 59 62 72 0.57024215105108833 29 29 32 32 33 19 30 17
103 -1.0317257728701135 -0.084779884426543356 1.7914441074545591 124 124 124 0.21430888566500744 56 1202 62 812 63 896 59 820 58 829 57 1007 55 1146 54 1105 52 939
5190 1.9849540570924791 1.7915377056737887 -0.432881908705054 231 231 231 1.6618052914874037 6 87 2 71 10 417 12 345 9 469 4 71 14 389 16 309
104 -1.0050848995676023 -0.070046804945917585 1.808790955037247 12 89 38 0.078874418316637454 56 1204 62 814 63 897 61 867 60 877 59 822 58 831 57 1009 55 1148 53 1130 52 940
5191 -1.3625985058495895 -0.45605817673103777 1.5162526279793667 97 102 107 0.27761516726432872 10 62 2 74 4 74
2461 -3.0048160654095466 0.60688903499136904 1.7981212140970126 118 124 142 0.33361407604094445 47 452 43 243 46 224 42 230 45 246
7548 -4.9313156022038847 1.895691065953454 0.29693036795725125 108 106 106 0.93113775590739911 29 33 31 75 32 36
105 -0.70154113336203106 -0.27627234490032188 1.6212713055299246 9 67 40 0.11985453745917225 56 1262 62 839 63 928 61 950 60 955 55 1221 53 1196 64 606 67 606
5192 -1.0881005805065396 -0.25670942735312846 1.6828510149839946 102 106 111 0.12093726298718575 5 330 10 273 2 95 4 95
2462 -4.2887931003470516 0.27865876307498888 1.4700475594123783 94 99 114 0.98028792411237753 48 572 49 572 43 253 47 463 46 232 44 216 50 722
7549 -3.2222746028036924 0.90332156185771417 0.084749628444090216 236 236 236 0.055678082782907604 31 34 32 38
106 -0.7015421642459444 -0.27616688804539924 1.6207222188515167 9 67 40 0.1605389488409483 56 1263 62 840 63 929 61 951 60 956 59 887 58 867 57 1058 55 1222 53 1197 64 607 67 607 65 493
5193 -2.0759647520209721 -0.41621471087679984 1.587297518582242 42 49 49 0.16251394169347641 5 79 10 282 2 99 4 99
2463 -3.4932884984550836 -0.18455212019070089 2.09097653404381 124 124 124 0.84317047182089833 48 575 49 575 43 257 46 243 44 268
7550 -3.2222746028036924 0.90332156185771417 0.084749628444090216 236 236 236 0.055678082782907604 31 35 32 39
107 -0.77498470534792963 -0.26353216166160781 1.6322732240777253 124 124 124 0.1328990916517882 56 1264 62 846 63 935 61 956 60 961 59 891 58 868 57 1059 55 1223 53 1198 64 636 67 636
5194 -2.097448563940187 -0.40585078459453583 1.5949706710606781 45 51 51 0.099726623188864813 5 85 10 289 2 103 4 103
2464 -3.0281739330948376 -0.17984344066013799 2.1004760132697013 124 124 124 0.00012440494994091764 48 527 49 527 43 267
7551 -4.4661825517167504 1.7145772566090165 -0.34048801629997894 68 72 83 1.7796949615437325 29 60 32 49 33 39 31 44
108 -0.7477576874586922 -0.26168901302702074 1.6403784897784808 124 124 124 0.20604258771566239 56 1266 62 866 63 934 61 955 60 962 59 892 58 871 57 1062 64 635 67 635 65 497
5195 -2.1222061011706321 -0.39534765673462713 1.6048192555773502 46 54 54 0.13708492079155896 5 343 10 294 2 104 4 104
109 -0.70882012745530465 -0.25845833339305274 1.6389702456717896 124 124 124 0.21276951172521702 56 1268 62 865 63 955 61 982 60 960 59 890 58 869 57 1063 55 1255 53 1228 64 633 67 633 65 496
5196 -2.1535677115581362 -0.39584995430916442 1.6024539502109045 31 38 38 0.075518932377794015 5 348 10 298 2 105 4 105
110 -0.67954611925515762 -0.27938905667123598 1.6234498556203389 10 61 41 0.26539632736305402 56 1293 62 862 63 952 61 978 60 989 58 889 57 1091 55 1253 64 630 67 630 65 491
5197 1.8033329712411343 1.9208688069435795 0.27550006816511713 106 112 128 0.41008444373239356 9 63 10 83 2 108 4 108 16 149
2467 -3.8430422627606 -0.45147924088466751 1.938060118063752 4 4 4 0.52205624793880945 52 944 43 283 46 306 44 284 42 265
111 -0.67958378165517253 -0.27941474312355552 1.6237650111584097 10 61 41 0.29944519982219042 56 1294 62 863 63 953 61 979 60 990 59 916 58 890 57 1092 55 1254 64 631 67 631 65 492
5198 -2.1970479754984522 -0.36583263072609873 1.6275995146330446 48 56 56 0.23124628004560205 5 361 10 306 2 114 4 114 7 56
2468 -4.2086597882951367 -0.002199539503234006 1.3860434432437088 89 94 108 0.54352049719195705 47 505 48 619 49 619 50 684 43 284 46 271 44 252 42 234 42 264
7555 -3.3364575276923643 1.0266883404503775 -0.05982743903196111 236 236 236 0.073184248497543181 31 116 32 95
112 -0.9567341836793043 -0.18661994306434176 1.6980402934408947 124 124 124 0.39254050918365962 56 1303 62 890 63 981 61 1010 60 995 59 923 58 897 57 1097 55 1259 53 1256 54 1186
5199 -2.2286815319958642 -0.34708718436755093 1.6511741362873944 50 56 57 0.11910716980525574 5 371 10 315 2 117 4 117
2469 -3.4346991523598067 0.12705680845399966 2.1290621461989847 108 114 130 0.80350609313056531 50 704 43 298 46 195 42 170 43 206
7556 -3.1284184246335913 0.24590588228791846 0.05698016503265594 236 236 236 0.010372458178598528 29 89 32 96
113 -0.9567341836793043 -0.18661994306434176 1.6980402934408947 124 124 124 0.39254050918365962 56 1304 62 891 63 982 61 1011 60 996 59 924 58 898 57 1098 55 1260 53 1257 54 1187
5200 -2.3775416817987316 -0.34782696056591222 1.6588276627313716 4 4 5 0.020836951674256237 10 327 2 120 4 120
115 0.01632868546106829 0.35267728522646813 2.3509368041455017 142 142 142 0.62624450270510257 56 1306 62 875 61 960 60 968 59 898 58 876 57 1072 57 1103 64 642 67 642
5202 -2.3337683706570953 -0.28800023535193703 1.6973884060985576 18 19 20 0.19198383442043992 5 386 10 482 2 126 4 126
2472 -3.4889561861758489 0.64736545181422178 1.4468737245983065 0 0 0 0.64684021123181523 48 680 49 680 43 307 44 275 42 256 45 294 39 290 40 290
7559 -3.1616684775575652 0.961980857663708 0.0099954283377199377 0 0 0 0.98869588799454522 28 133 32 114 33 102 30 115 36 148 37 145 34 92
116 0.01620398946788389 0.35279943618491161 2.3507897995889993 142 142 142 0.63223428993261688 56 1307 62 876 63 961 61 961 60 969 59 899 58 877 57 1073 57 1104 64 643 67 643
5203 -1.7542411126063144 -0.86258641546290105 1.1955013588811059 109 110 111 0.12253098234857346 5 423 10 513 2 165 4 165
2473 -3.4881667237315757 0.64721293290777082 1.4461862045629132 0 0 0 0.57524133780330422 48 681 49 681 43 308 44 276 42 257 42 274 45 295 41 240 39 289 40 289
7560 -4.5427995936829335 1.4933988571286461 0.11906711567663192 59 62 72 0.57122403517691467 29 168 28 171 33 113
117 -0.73211114552830314 -0.23262572185350558 1.659058831033406 124 124 124 0.19413453939982575 56 1330 62 902 63 995 61 1004 60 1016 59 944 58 922 57 1124 55 1285 53 1269 64 671 67 671 65 528
5204 -0.76250771212167034 -0.82495491332468307 1.2351751925129049 5 12 32 0.25783321401237386 5 427 8 163 10 362 2 172 4 172
2474 -3.4832250399103977 0.56855666982802033 1.8444615426012867 110 116 133 0.55206715284597563 48 648 49 648 52 966 43 309 44 296 42 275 45 301 41 245 39 324 40 324
7561 -3.9399087156604806 0.88135972192422196 0.16611243689644009 59 62 72 1.0498456633161308 32 2 33 2 30 19 36 26 37 56 34 12
118 -0.088086578481977248 -0.12611932594556077 2.0543986504099681 29 30 30 0.46554733163744522 56 1346 62 900 63 994 61 1029 60 1037 59 964 58 943 57 1144 64 670 67 670 65 535 66 371
5205 -1.3206428350559938 -0.72556631716634568 1.3041184501345129 59 65 79 0.31689346802224766 5 187 10 175 2 189 8 215 4 189 7 14
2475 -2.5974381821997015 0.4195262543356959 2.3794155984742638 6 19 43 1.1664688030235812 47 545 43 316 46 226
7562 -3.2576355439586542 0.87918445211268903 0.11547226220098271 0 0 0 0.39688493061743396 31 8 33 7
119 -0.73209107338957979 -0.30254422818095228 1.6144156370172114 124 124 124 0.4805002223667918 56 1354 62 921 63 1015 61 1042 60 1044 59 969 58 951 57 1153 55 1307 64 692 67 692
5206 -0.70141581669364195 -0.63845512635121437 1.3535597913542892 70 80 99 0.21329793229177008 8 349 10 181 2 194 9 280 4 194 7 19
2476 -3.8024025218127981 -0.41782631827055777 1.9387495525202092 231 231 231 1.0477603816255707 51 846 52 971 43 317 42 312
7563 -3.2576355439586542 0.87918445211268903 0.11547226220098271 0 0 0 0.39688493061743396 31 9 33 8
120 -0.030684371679268022 0.26116985828351003 2.2689301823711294 142 142 142 0.52255832974809047 56 1358 62 917 63 999 61 1044 60 1049 59 974 58 956 57 1159 64 685 67 685
5207 2.5479339009434634 0.2952192495421111 1.1827387265279927 0 0 0 0.085486731312499453 74 512 2 222 4 222
2477 -3.658464034700724 0.23723781131990232 1.1203474117319139 82 87 100 2.0121781268455003 48 740 49 740 43 320
7564 -4.4392407355273642 1.3740292648386156 0.019188927872291192 77 81 94 0.97397448079338389 31 24 33 16 29 62 30 27 36 37
122 -0.73444769090920881 -0.61557859944601045 1.3370696680306045 62 70 84 0.14117978316858307 62 78 63 6 64 37 67 37
5209 -1.9261056515344084 -0.46921936263615921 1.5355119493245286 9 10 11 0.28633616098772463 5 304 10 446 2 253 4 253 7 45
2479 -3.5932483282669851 0.59627535784287911 1.0943375357827572 113 119 136 1.6900909283106851 47 494 43 327 46 334 44 336 45 365 41 315 39 394 40 394 38 286
7566 -3.1520301139084776 1.5548887360888193 0.12292862789741811 0 0 0 0.14209039057587902 28 71 33 27
124 2.2807474250158153 -0.14920503259100257 2.0261769348860734 122 122 123 0.005413355573871733 62 87 63 12
5211 -2.0872218610175004 -0.38046550884759561 1.6423951144108155 13 20 17 0.15166307601676682 5 533 10 464 2 280 4 280
125 1.6009734637051622 -0.16168316568919397 2.0031456783881545 32 84 43 0.20744951584208818 62 91 63 55 68 63 73 100 71 100 77 258
5212 -2.3384124820591783 -0.38940893509684371 1.6125417009082477 2 2 2 0.29634168958424684 10 469 2 284 4 284
2482 -3.5971308346043536 0.59191407594434475 1.254707988900001 228 228 228 0.81997613057185437 47 589 43 343 44 291 45 327 39 321 40 321
126 -0.71079465113251872 -0.45960447635292545 1.4677171546108114 124 124 124 0.068487477670201857 62 97 63 56 58 14 55 239 64 49 67 49
5213 -2.3205006370996832 -0.37761337612796836 1.6259507126844039 94 95 95 0.035023108443838595 5 364 10 470 2 286 4 286
2483 -3.5971308346043536 0.59191407594434475 1.254707988900001 228 228 228 0.81997613057185437 47 590 43 344 44 290 45 326 39 320 40 320
127 -0.71476194233540657 -0.45669633999530779 1.4721374535746734 111 118 123 0.14125546791591342 62 100 63 60 61 42 64 56 67 56
5214 -2.3205006370996832 -0.37761337612796836 1.6259507126844039 94 95 95 0.035023108443838595 5 365 10 471 2 287 4 287
5345 -2.345323623195962 -0.25723899239879039 1.7284370169712893 63 71 68 0.059987513926421911 2 304 4 304 7 71 5 553
258 -1.0476015322892558 -0.43676235305394823 1.4949875194884301 112 118 124 0.17912854578587994 56 594 63 582 61 597 60 575 59 346 58 294 57 437 55 596 53 771 54 764
5346 15.682228869533748 9.0231967575172707 3.6099452687631475 0 0 0 0.26737993550431377 10 138 78 786 80 726
259 -0.73181877762663639 -0.37336958694324091 1.5458363992007216 95 98 102 0.065714387689953677 62 502 63 583 61 598 64 371 67 371 65 271
5347 -2.5081398428501047 -0.87956788774496375 1.2046830993665563 11 22 44 0.32441969140389587 5 577 7 90 2 504 4 504
260 -0.73181877762663639 -0.37336958694324091 1.5458363992007216 95 98 102 0.065714387689953677 62 503 63 584 61 599 64 372 67 372 65 272
261 -0.73646871471517017 -0.37192717184441043 1.5401964080699186 101 102 106 0.12868800766187477 56 877 63 586 59 536 57 684 55 828
5348 -1.9430974618370103 -0.85700856295074723 1.214864095481067 55 60 71 0.2633043164913304 2 337 4 337 7 91 5 579
5349 7.9777804633557272 0.25662489284884393 0.26737259707130567 0 0 0 0.45673754857022941 2 168 4 168 5 152 10 144 76 718 7 94 75 713 77 711
262 -0.74609893608486666 -0.37287231374791407 1.5431638219164359 101 103 107 0.1869624234363155 62 504 63 587 60 407 56 655 58 326 57 485 55 647 53 805 64 373 67 373
5351 -2.4234548361812966 -0.77273385047403509 1.2949661551870939 14 24 45 0.23508722036936089 2 352 4 352 7 109 5 611
264 -0.75851399875700576 -0.37284997866794939 1.5421405200822564 109 111 113 0.14301406352205567 56 874 62 625 63 589 61 600 60 589 59 537 58 557 57 685 53 953 64 452 67 452
5352 -2.462659990070073 -0.77674760466731829 1.3019114637473681 14 24 45 0.23074993664565849 2 353 4 353 5 612 7 111
265 -0.75851399875700576 -0.37284997866794939 1.5421405200822564 109 111 113 0.14301406352205567 56 875 62 626 63 590 61 601 60 590 59 538 58 558 57 686 53 954 64 453 67 453
266 -0.77001062643342966 -0.37303724089690071 1.5436572394239492 99 101 105 0.14915361086154275 62 506 63 592 61 602 59 360 60 411 58 330 56 653 57 491 55 825 53 803 64 375 67 375
5353 -2.5417358982408227 -0.7731198797344615 1.2971763979964084 13 24 45 0.26178647891355389 2 537 4 537 5 613 7 112
5354 -2.2950743051489813 -0.72823769966225493 1.3299955896503015 29 35 52 0.1668264837550566 2 358 4 358 5 622 7 113
267 -0.77001062643342966 -0.37303724089690071 1.5436572394239492 99 101 105 0.14915361086154275 62 507 63 593 61 603 60 412 59 361 56 654 58 331 57 492 55 826 53 804 64 376 67 376
5355 -2.5719649744312751 -0.74489271509408284 1.325796920939355 86 87 92 0.042030580471775256 2 359 4 359 7 114 5 623
268 -0.9789712749384577 -0.37454096565750045 1.5464251423545967 90 94 99 0.14569070358194885 56 649 63 596 61 440 60 431 59 367 58 342 57 500 55 641 53 611 54 836
269 -0.9789905388822675 -0.37454992190840108 1.5464149392913147 90 94 99 0.1432377273994164 56 650 63 597 61 441 60 432 59 368 57 501 55 642 53 612 54 837
5356 -2.5414320303732159 -0.73501088860446817 1.3366948045146192 30 36 51 0.07191843729698541 2 546 4 546 7 115 5 789
270 -1.0334682423507295 -0.37503886265880138 1.5472544392433205 97 99 103 0.092300313345107493 56 647 63 600 61 607 60 609 59 369 58 343 57 503 55 638 53 797 54 829
5357 -1.9106100080665809 -0.59881038390503993 1.3984943810549932 7 20 43 0.45447296987074787 5 46 7 121
5358 2.4012997566990828 0.3242103996022962 1.1310905114495831 0 0 0 0.44592085319309727 2 367 4 367 8 362 10 204 12 333 13 338 7 134
271 -1.0334682423507295 -0.37503886265880138 1.5472544392433205 97 99 103 0.092300313345107493 56 648 63 601 61 608 60 610 59 370 58 344 57 504 55 639 53 798 54 830
5359 -1.8890576855755179 -0.54582929510006128 1.4677280596235245 4 13 6 0.036712333312660599 2 381 4 381 7 144
272 -1.050816157157233 -0.37582232743158378 1.5490582714914567 97 100 104 0.084362722977955468 56 643 63 602 61 609 60 611 59 371 58 568 57 693 55 818 53 795 54 825
5360 0.61819868260776356 -0.13280529102789912 1.6186553373409969 122 122 122 1.1027539981957566 10 432 7 170 5 495 8 388
273 -1.050816157157233 -0.37582232743158378 1.5490582714914567 97 100 104 0.084362722977955468 56 644 63 603 61 610 60 612 59 372 58 569 57 694 55 819 53 796 54 826
5361 -1.8599460270306305 -0.4489138392334085 1.5561501545724852 2 7 20 0.31251925569053352 2 414 4 414 7 175 5 513
274 -1.0765028994870951 -0.37640179262235884 1.55026809632851 98 100 104 0.13498180224925332 56 641 63 604 61 611 60 439 58 347 57 505 55 636 53 793 54 820
5362 2.3425392649803869 1.9742300753101034 -0.23577672157859761 130 130 130 0.74037610571906276 13 269 7 180 17 266 14 220
275 -1.0765028994870951 -0.37640179262235884 1.55026809632851 98 100 104 0.13498180224925332 56 642 63 605 61 612 60 440 58 348 57 506 55 637 53 794 54 821
5363 2.2536247878838758 1.901161678894125 -0.09041536705419928 0 0 0 0.39124450583775428 6 257 9 359 11 254 7 183
276 -0.69999586201459219 -0.18857197497406838 1.7013954571452636 105 107 110 0.29968203540049188 62 518 63 612 61 625 60 631 59 591 64 390 67 390 65 363
5364 -2.1668619648292338 -0.37871026291776339 1.6222435956546892 46 55 54 0.33453899312854185 2 281 4 281 7 198 5 359
277 -0.69999586201459219 -0.18857197497406838 1.7013954571452636 105 107 110 0.29968203540049188 62 519 63 613 61 626 60 632 59 592 64 391 67 391 65 364
5365 -3.6147817584939017 -0.14229789091139339 1.6396527271922148 9 9 9 0.11649693816184303 2 332 4 332 7 228
278 2.2447536371306298 0.58685761202692688 2.4965035339283541 126 126 126 0.7022757812349818 62 517 63 616 61 635 64 388 67 388 65 354 66 225 76 658 75 658 77 708
279 -0.74849644877666011 -0.18950536903364132 1.6981311178390555 97 99 104 0.099759220889002187 56 926 62 649 63 617 61 629 60 635 59 596 58 602 57 742 55 871 53 861 64 474 67 474 65 369
5367 -2.2960987226763621 -0.76929679588181388 1.2889314728595906 13 23 44 0.42739849983896716 2 350 4 350 5 608 7 244
280 -0.77510277195950006 -0.18931817620083113 1.6996059998884889 101 104 107 0.14517503373982632 56 773 62 521 63 620 61 632 60 471 59 409 58 413 57 588 55 724 53 858
5368 -2.568250860678337 -0.77220038697868731 1.3040232292608485 88 89 93 0.36210027780368953 2 540 4 540 7 251
281 -0.78280451045664312 -0.18965683444232159 1.6974837754947314 97 100 104 0.15382773602617375 56 924 62 522 63 621 61 633 60 637 59 598 58 606 57 746 55 869 53 855 64 392 67 392 65 372
5369 -0.84964988155808796 -0.6485069702102656 1.3539855156273435 76 82 93 0.064810654182098804 5 614 7 254 2 541 4 541
282 -0.99381114623190714 -0.024673973866216361 1.8458398523790296 76 78 85 0.1442635602882455 62 549 63 645 61 661 60 530 55 759 53 880 54 875 52 737
5370 3.3241630677643235 -0.31044849170031591 1.5537619099611497 27 27 27 0.23817510698689784 2 545 4 545 5 619 6 483 8 620 10 544 7 257 11 423 12 437
283 -0.99715658758890624 -0.0071785087380757473 1.8610840376932924 105 107 110 0.18226978933273888 56 821 62 555 63 649 61 542 60 550 59 477 58 472 57 637 55 765 53 731 54 713 52 741
5371 -1.3858937828975277 -0.47860634460583451 1.5028427241745332 86 103 91 0.058030690440479177 2 384 4 384 5 657 7 268
284 -1.2731239527017248 -0.073878971366436633 1.8140573836312353 26 40 49 0.10706577743826122 56 793 63 654 61 681 60 669 59 467 58 458 57 629 55 739 53 692 54 663 52 721 51 634
5372 2.6547304312261688 0.67951987611682396 0.98313265231705149 102 107 123 1.8024521567861338 6 376 10 566 11 492 7 274 5 803 8 635 9 568 10 727 6 504 12 455 8 510 14 420 11 436
285 -1.2731239527017248 -0.073878971366436633 1.8140573836312353 26 40 49 0.10706577743826122 56 792 63 655 61 682 60 670 59 468 58 459 57 628 55 738 53 691 54 662 52 720 51 633
5373 2.8157526908035586 -0.096279178081102576 2.0446416307508275 231 231 231 0.35884113278638491 9 489 7 277 10 431
286 -0.023612893699016754 0.47075702586354007 2.469762009163659 0 0 0 0.43051637917872365 56 1107 63 656 59 496 57 646
5374 2.3711490063433396 -0.097243897651318773 2.0032122609417016 231 231 231 0.37214483217335542 9 491 7 278 10 590
287 -0.025281530265959168 0.46910329479394047 2.4646196332960817 0 0 0 0.22074112349163502 56 1108 63 657 59 497 59 746
5375 1.1616764048329637 -0.094581306847013963 1.7832253985688875 231 231 231 0.10970090213775918 8 528 7 281
288 -1.3056956320147344 -0.0090163621109265023 1.8692652233460152 99 101 106 0.18072444655826811 56 816 63 658 61 688 60 561 59 486 58 482 57 642 55 754 53 717 54 695 52 565 51 638
5376 2.3030194811761189 0.46609341506253715 1.3846468151727547 59 62 72 0.35872159494807454 10 592 11 445 7 283 6 407
289 -1.3056956320147344 -0.0090163621109265023 1.8692652233460152 99 101 106 0.18072444655826811 56 817 63 659 61 689 60 562 59 487 58 483 57 643 55 755 53 718 54 696 52 566 51 639
5377 -1.3572089109083072 -0.30057781542825029 1.6621250643474548 80 95 85 0.11034228946891832 2 609 4 609 7 295 5 696
290 -0.70383167175084616 -0.61771032677569415 1.3346832414551639 70 77 90 0.087784986680102303 62 588 63 660 64 417 67 417
5378 -1.3375585235539014 -0.302220031551589 1.6688248376580226 80 95 85 0.18925999140497388 2 610 4 610 7 296 5 697 10 625 8 542
291 -0.70383167175084616 -0.61771032677569415 1.3346832414551639 70 77 90 0.087784986680102303 62 589 63 661 64 418 67 418
5379 -1.9894811650325093 -0.38160565878954927 1.6640807537503057 70 75 75 0.44325310216619557 2 437 4 437 7 304
292 -0.72546081303894794 -0.61737487378982736 1.3348186187084656 60 68 82 0.12667622180496482 62 590 63 662 64 419 67 419
5380 -2.2500109054596367 -0.32725803909343959 1.6303024652436027 75 77 79 1.3852619714091976 5 705 7 307 2 441 4 441
293 -0.72546081303894794 -0.61737487378982736 1.3348186187084656 60 68 82 0.12667622180496482 62 591 63 663 64 420 67 420
5381 -2.459740091556577 -0.25210299852821738 1.7301233140606993 3 5 14 0.092756652601756806 2 754 4 754 7 316
294 1.2191339272856552 -0.2998930829709765 1.8622314253039267 0 0 0 0.32505816002239463 62 606 63 687 61 690 60 687 64 429 67 429 65 324 66 198 68 225 72 241 70 273
5382 -4.3746659865236541 1.1232117893441596 -0.15428737068102977 78 83 95 1.0954294536704361 2 686 4 686 10 851 7 325
295 2.1985687717238624 -0.16408859312835347 2.0010275641933668 124 124 124 0.12289916645848604 62 603 63 688 61 691 64 426 67 426 65 320
296 2.1905495091092244 -0.16298362840284175 1.995747572853537 124 124 124 0.21542679357422356 62 604 63 689 61 692 64 427 67 427 65 321 66 240 68 251 72 284 69 265 73 390 71 390 70 299
297 2.2354191567092045 -0.1569257769554819 2.0048620507912864 6 20 42 0.35964649180516084 62 605 63 690 61 693 64 428 67 428 65 322 66 241 68 252 72 282 69 266 73 388 71 388 70 300 74 517 76 694 75 761 77 753 80 723 78 708
298 2.0752078744167339 -0.17116783713735353 1.9916414809289142 6 20 42 0.18034866461791985 62 607 63 691 61 694 64 430 67 430 65 325 66 197 68 224 72 235 69 241 73 304 71 304 70 270 74 521 76 699 75 698 77 696 80 652 78 712
5386 -2.3261673202697954 -0.71426196580503953 1.3448099254866317 52 55 65 0.19440788662741645 2 715 4 715 7 383
299 1.4590277187662435 -0.14777856759630076 2.0144649622728057 7 21 43 0.34079873560436458 62 612 63 695 61 590 63 572 60 704 64 438 67 438 65 337 66 207 68 234 72 291 69 272 73 405 71 405 70 309 74 538 75 705
5387 -2.3769012900105766 -0.71737379788158318 1.3529214243483756 60 62 71 0.087483860871535368 2 716 4 716 5 790 7 384
300 1.4550509086642767 -0.14749522515643157 2.0104833721085043 7 21 43 0.14116789011540901 62 613 63 696 60 705 61 589 63 573 64 439 67 439 65 338 66 208 72 292 69 273 70 310
5388 -2.475816891934536 -0.71248761715931563 1.3455476219224347 60 62 71 0.070651969796174288 2 720 4 720 5 868 7 385
301 -0.72607974268123177 -0.41504072936799202 1.5148270691117873 124 124 124 0.57914781355391642 62 726 63 698 60 700 56 987 57 824 55 934
5389 -1.1348512686632186 -0.54664991589480005 1.4268710479123732 99 100 104 0.064460513358369956 2 722 4 722 5 792 7 389
302 1.2207354495052392 -0.10012592826263601 2.0526158431931312 29 30 30 0.41940938651345899 62 615 63 700 60 720 64 440 67 440 65 342 66 211 72 256 69 247 73 333 71 333 70 281 74 473 76 711
5390 2.7740555731777916 1.8284045156950535 -0.46388795675166822 231 231 231 0.21284329589393639 2 726 4 726 5 794 8 628 9 628 10 717 7 411
303 -0.66272072180227604 -0.37285208236806061 1.5437631353416557 109 110 113 0.11422503667123325 62 618 63 702 60 581 58 548 56 1014 57 845 55 960 64 444 67 444 65 345
5391 -1.9349670892983204 -0.51878510067266559 1.4808282352863924 3 3 4 0.18592235191903272 2 739 4 739 7 417
304 -0.66272072180227604 -0.37285208236806061 1.5437631353416557 109 110 113 0.11422503667123325 62 619 63 703 60 582 58 549 57 846 56 1015 55 961 64 445 67 445 65 346
5392 -2.4563445977148799 -0.2776418006451245 1.7163849307818611 43 47 46 0.46899340869921713 2 753 4 753 5 827 7 453
305 -0.76757497264891228 -0.39073986080971757 1.5282181880540424 58 61 71 0.098069971602334924 62 620 63 704 61 712 60 709 59 669 58 688 55 946 64 446 67 446
306 -0.76754360880182804 -0.39071019898064341 1.5280540333185417 58 61 71 0.12680337990018564 62 621 63 705 61 713 60 578 60 710 59 670 58 689 55 947 64 447 67 447
5394 -1.8043448825094919 1.5010023869854665 0.44658517108739942 0 0 0 0.058318679655069178 2 767 4 767 7 479
307 -0.70636932079908354 -0.37273017393150931 1.5388580947563644 92 94 101 0.17098169404664904 62 622 63 707 61 715 56 1012 60 713 59 531 58 553 57 678 57 847 55 958 64 450 67 450 65 347
5395 -3.6356983125535467 -0.11869641200143212 1.6014417709553623 231 231 231 0.040404578085883359 2 781 4 781 7 489
308 -0.7062111645016278 -0.37289595775508833 1.5394196787050909 92 94 101 0.12513404375059886 62 623 63 708 61 716 56 1013 60 714 59 532 58 554 57 679 57 848 55 959 64 451 67 451
5396 -2.5820379963741567 -0.71120591749525175 1.3415083922463027 56 59 68 0.18645332664159353 2 721 4 721 5 869 7 547 2 812 4 812
309 0.39763013023023863 -0.19478578470205271 1.9800522525743813 57 57 57 0.47528506077745725 62 624 63 712 61 722 60 843 59 695 58 713 64 448 67 448 65 344 66 216 68 277
5397 -2.4254943958923243 -0.29396752920102781 1.6949525956187423 8 9 10 0.41001055410857623 2 867 4 867 5 979 7 584
310 -1.0207600543058239 -0.37588729353112493 1.5492920930411935 115 116 118 0.10930768920575785 56 872 63 720 61 733 60 606 59 549 58 564 57 691 55 820 54 944
5398 -2.121866674814489 1.5322912899701626 0.51418294933030539 108 113 130 0.95610183843628815 2 876 4 876 7 602
311 -1.0207600543058239 -0.37588729353112493 1.5492920930411935 115 116 118 0.10930768920575785 56 873 63 721 61 734 60 607 59 550 58 565 57 692 55 821 54 945
5399 -0.8076741350170753 -0.82855741552052065 1.189869267543596 3 10 34 0.21486043164882163 2 895 4 895 5 1007 10 935 7 613
312 -0.67975098448912874 -0.28786070306525779 1.6123878866665247 59 63 71 0.11466670024345842 56 1032 62 633 63 722 61 736 60 615 59 572 58 707 57 867 55 979 64 457 67 457 65 390
5400 -2.4831117028545 -0.87837827459841478 1.2474884939066044 105 105 108 0.094721617420348972 2 900 4 900 7 618
313 -0.73007137695967206 -0.27378270668007487 1.6226147109753322 112 112 114 0.26263155158328805 56 1036 63 724 61 737 60 735 59 698 58 708 57 869
5401 -2.4831117028545 -0.87837827459841478 1.2474884939066044 105 105 108 0.094721617420348972 2 901 4 901 7 619
314 -0.70785195982182292 -0.23996788855377382 1.6547904689421924 6 28 43 0.076456724153859568 56 906 62 635 63 726 60 627 59 580 58 591 57 728 55 855 64 460 67 460 65 394 65 395
5402 -2.6005069205393223 -0.83685648361822584 1.2519183120014588 6 19 43 0.0021899494073479337 2 905 4 905 7 627
315 -0.68929000537375185 -0.22888222190281526 1.6574918747586092 124 124 124 0.13233111937083439 56 1054 63 728 61 741 60 740 59 703
5403 -2.6005069205393223 -0.83685648361822584 1.2519183120014588 6 19 43 0.0021899494073479337 2 906 4 906 7 628
316 -0.75461182929021153 -0.23840367639704266 1.6581969952677325 10 44 43 0.12364607183645217 56 909 62 639 63 730 61 624 60 630 59 582 58 592 57 729 55 991 53 994 64 464 67 464 65 359
5404 -2.4249064198893073 -0.78621554225704982 1.2965215879431851 19 27 47 0.13777000497714975 2 914 4 914 7 636 5 1021
317 -0.19565423737535567 -0.10898799599809232 2.0685309392253979 28 29 29 0.14986584620275947 62 640 63 733 61 745 60 745 64 465 67 465 65 357 66 226
5405 1.304352596291489 -0.67020156199034531 1.5791527403471195 0 0 0 0.44344952206288918 2 920 4 920 5 947 8 835 10 867 7 639
318 -0.74063905661107765 -0.20659271112910416 1.6852859466607808 97 98 101 0.19324891883719039 62 645 63 734 61 744 59 584 58 597 55 1010 64 470 67 470 65 399
5406 -2.5494452867757214 -0.75660699161431622 1.3166173560808407 91 92 95 0.077744496309891983 2 923 4 923 7 640
319 -1.07434902595578 -0.20925875317131576 1.6901354476459942 63 66 75 0.081965807014487468 56 1061 63 741 61 754 59 608 58 735 57 885 55 999 53 992
5407 -1.9512591443607017 -0.59283473291918221 1.4395175041333992 0 0 0 0.15299448110477948 2 926 4 926 5 1033 7 652
320 -1.07434902595578 -0.20925875317131576 1.6901354476459942 63 66 75 0.081965807014487468 56 1062 63 742 61 755 59 609 58 736 57 886 55 1000 53 993
5408 2.451911153098171 1.1998970070966577 0.21291633701097618 130 130 130 0.45932207076782711 2 823 4 823 5 878 6 623 9 700 10 793 12 551 7 654 8 778 8 700
321 -0.9863201189988543 -0.10490828799475861 1.7799504827521098 11 73 40 0.24117397525715506 56 778 62 757 63 745 58 749 57 609 55 1017 53 1015
5409 2.8699482928565319 1.3583196233210402 0.11099641620869728 130 130 130 0.70043974236202589 2 821 4 821 5 880 6 621 8 780 9 697 10 795 11 519 7 656 15 400
322 -0.98635986545897392 -0.10479983906613212 1.7801247401832474 11 73 40 0.18007298745934755 62 758 63 746 58 750 55 1016 56 777 53 1014
5410 -2.5586587241414329 -0.54691888156818813 1.4776925354489998 59 64 74 0.13454996905487371 2 939 4 939 7 666
323 0.17800292680273896 0.30921742045071382 2.3160580779328921 0 0 0 0.74088255115702684 56 1089 63 748 61 767 59 634 59 742 62 655 58 859 57 786 58 493 64 478 67 478
5412 2.3314827991449296 1.5906143122148337 0.62771362913076789 59 62 72 0.9964891953967332 6 677 8 799 9 768 12 614 7 673
325 -0.98496240550881187 -0.025378702849355349 1.844639553843556 69 72 80 0.12494288081677199 56 944 63 753 61 771 60 663 59 626 58 637 57 776 55 884 53 1026 54 982 52 837
5413 -2.1411383599846108 -0.85304929571893773 1.1797734071120425 6 19 42 0.011196088971480464 2 894 4 894 7 701
326 -0.98496240550881187 -0.025378702849355349 1.844639553843556 69 72 80 0.12494288081677199 56 945 63 754 61 772 60 664 59 627 58 638 57 777 55 885 53 1027 54 983 52 838
5414 -1.5529076445141512 -0.70879491998652744 1.2200575622043202 52 58 74 0.25506940457936961 5 1017 10 942 7 707
327 -1.0721856764369118 -0.031999044186289259 1.8439903594385423 124 124 124 0.22189541351124298 56 799 63 757 61 666 60 666 59 628 58 640 57 775 55 881 53 876 54 869 52 730 52 834
5415 -2.627711410106671 -0.6230588810245612 1.4138260209354181 7 20 43 0.048750470353502773 2 988 4 988 7 724
328 0.078532861129817721 0.41154100714265884 2.4024693599724207 0 0 0 0.71659483809102653 56 1100 63 758 60 565 64 322 64 485 67 322 67 485
5416 -2.6242572728999867 -0.57388338942068906 1.4566950564619132 6 19 43 0.094966215206991902 2 995 4 995 5 1041 7 727
329 0.082145306417575323 0.4121403757938939 2.4094359180814093 0 0 0 0.33971038661860808 56 1101 63 759 60 566 64 486 67 486
5417 1.1944663561760414 1.6723533768777257 -0.35255212649029871 231 231 231 1.3496725879426141 6 705 9 763 10 886 7 730
330 0.02787023095094901 0.39476540216185191 2.3885093887714475 0 0 0 0.4062374769320673 56 1099 63 760 62 680 58 767 64 542 67 542
5418 2.1259702857656047 2.0820778250947245 -0.31207414642446607 231 231 231 1.9189809599413572 11 540 12 575 7 734
331 0.02787023095094901 0.39476540216185191 2.3885093887714475 0 0 0 0.4062374769320673 56 1098 63 761 62 681 58 766 64 543 67 543
5419 -2.7883127582349077 -0.23957839484048449 2.0043320578346431 231 231 231 1.7395569635746864 2 1061 4 1061 7 748
332 -1.0650501458695703 -0.016586938177901016 1.8508540093759496 124 124 124 0.14194400453339009 62 686 63 762 61 781 54 980 52 836
5420 -3.4695634170025227 0.93803912260742262 1.3540491013987805 59 62 72 0.055181684870705829 2 1021 4 1021 7 762
333 -1.0767063493114508 -0.016901896362736969 1.8504738756939192 124 124 124 0.075717797395992173 56 946 63 763 61 782 60 779 58 642 57 780
5421 -2.6248168375900893 -0.68157943912736141 1.359935593498234 6 19 43 0.15028975332582339 2 1028 4 1028 5 1073 7 769
334 0.17780047435852026 0.46600594674531109 2.4479080820822787 0 0 0 0.38928209756897286 56 1109 62 682 63 764 61 787 60 787 58 768
5422 -0.77285783200924163 -0.30261324540713525 1.6045565165697124 122 122 122 0.59579138439420165 2 1030 4 1030 5 1108 10 1029 7 772
335 -0.050795914884379165 0.52563448057299511 2.5163877829027097 142 142 142 0.71145875880283926 62 766 63 769 60 884 56 1242 59 748 56 1111 58 770 57 925 55 1045
5424 4.459801605604377 1.1905240703687858 1.6414723958485831 79 74 71 1.3390248562418812 9 767 13 535 7 779
337 2.0223533169186587 -0.16515794725665378 2.0042999855950034 124 124 124 0.60787920025323672 62 711 63 781 61 695 64 508 67 508 65 326 66 244 68 254 72 287 69 268 73 395 71 395 70 271 70 303 74 524 76 700 75 768 77 757 78 656
5426 2.5136350284376525 0.71829865989269437 2.5441688642199609 0 0 0 0.84683513658438236 12 649 7 786 9 772
339 1.7646518640489579 -0.15546277146374168 2.0073880719036548 6 20 42 0.35737971781956823 62 713 63 784 61 798 64 510 67 510 65 410 66 267 68 274 72 309 69 289 73 438 71 438 70 326 74 650 76 808 77 883
340 1.7711091933186531 -0.15542101318795476 2.0133349549743351 6 20 42 0.36743519775684325 62 714 63 785 61 799 65 411 66 268 68 275 72 310 69 290 70 327
341 1.541182001657545 -0.16813684957502187 2.0012635840256605 124 124 124 0.41748552918899245 62 715 63 786 61 801 60 811 64 433 64 511 67 433 67 511 66 246 68 257 72 290 69 270 73 439 71 439 70 307
5429 -2.6953864349954682 -0.20013981217767524 2.0147672820205309 10 20 13 0.059851009117843752 2 1062 7 823 4 1062
342 -0.70217253277234004 -0.45520786744720187 1.4726442634621846 124 124 124 0.53726010492747989 56 1127 63 789 61 800 60 799 59 757 58 775 57 935 55 1075 64 516 67 516
5432 1.9899763961771466 0.53995716282244977 1.2682739338714131 101 106 122 0.41362619505808773 2 1075 4 1075 5 1131 6 758 8 936 9 847 10 1043 7 857
345 -0.99921009001225691 -0.47794419767152424 1.4674115685756304 124 124 124 0.30869887084748832 56 960 63 800 61 707 60 695 59 651 58 659 57 804 55 1064 53 1060
346 -0.71159148133761474 -0.42110362274929103 1.5043780268542348 124 124 124 0.21893085604451576 62 724 63 802 61 708 64 520 67 520 65 385
5435 -2.0619882153364353 1.2956671198099461 0.29409702443348218 130 130 130 2.2439690229411702 2 641 4 641 7 471
348 -0.76468408151167844 -0.4222721826159897 1.5032363472475592 124 124 124 0.051702846659355157 62 727 63 808 61 816
5436 -1.9643156849541981 1.5181305698912009 0.48152343960904948 130 130 130 2.1811720212504007 2 1008 4 1008 7 794
349 -0.76468408151167844 -0.4222721826159897 1.5032363472475592 124 124 124 0.051702846659355157 62 728 63 809 61 817
350 -0.75167224698009383 -0.41560062905926515 1.5074389887375348 124 124 124 0.079146319527823819 56 1146 62 729 63 810 61 818 64 522 67 522
351 -0.7516736156406979 -0.41562899554385674 1.5075206791204359 124 124 124 0.073164618571788187 62 730 63 811 61 819 60 702 64 523 67 523
352 -0.69284055942985223 -0.39034606603621219 1.5253191459640705 110 111 113 0.2745151835561056 62 731 63 814 61 709 60 820 59 664 58 684 55 949 64 525 67 525
353 -0.69284055942985223 -0.39034606603621219 1.5253191459640705 110 111 113 0.2745151835561056 62 732 63 815 61 710 60 821 59 665 58 685 55 950 64 526 67 526
5441 5.9456770206434539 5.682369963651718 -1.4911552597508384 8 8 8 0.32915526564455222 81 340 15 76
354 -0.69969506178864616 -0.38120957831106478 1.5339636771977612 124 124 124 0.12943817275502376 62 738 63 820 60 827 64 531 67 531 65 423
5442 5.9456770206434539 5.682369963651718 -1.4911552597508384 8 8 8 0.32915526564455222 81 341 15 77
355 -0.7791521236216612 -0.39247037264485374 1.5249599980489392 75 78 84 0.24116766509249249 62 740 63 821 61 828 58 686 57 832 64 532 67 532
5443 2.1689989267115717 2.6132887740170796 0.064572426567110236 195 195 195 0.32415327988524628 12 77 15 89 17 218
356 -0.77914956101498145 -0.39242735029538911 1.5249411072729095 75 78 84 0.25379547506853645 62 741 63 822 58 687 57 833 64 533 67 533
5444 2.2644632773092903 1.9457753917344156 0.038950345334172645 0 0 0 0.081099697218955824 10 73 15 126
357 -1.0218413545843177 -0.43376222901993722 1.5011092769795638 112 118 124 0.3952565619994946 56 1138 63 827 61 834 60 823 59 773 58 787 57 951 55 1086 53 1078 54 1019
5445 -1.7184225582935273 1.388223174521013 -0.29452196511608136 8 8 8 0.09706103287456451 6 46 15 133
358 -1.0311356872452992 -0.43329205623852601 1.4992078727880347 112 118 124 0.318973541423961 56 1137 63 828 61 835 60 826 59 772 58 788 57 950 55 1085 53 1077 54 1018
5446 -1.7184225582935273 1.388223174521013 -0.29452196511608136 8 8 8 0.09706103287456451 6 45 15 134
359 -0.99422180444157038 -0.39346266940318425 1.5310677450456418 93 95 99 0.17131872184661273 56 997 63 840 61 846 60 838 59 784 57 837 55 1108 53 1102 54 1039
5447 -3.2606367903251336 1.0231894507913291 -0.049865770707320137 0 0 0 0.45780518907829199 12 95 15 160 16 161 17 253 18 228 19 152
360 -0.99422180444157038 -0.39346266940318425 1.5310677450456418 93 95 99 0.17131872184661273 56 998 63 841 61 847 60 839 59 785 57 838 55 1109 53 1103 54 1040
5448 -1.5078201316005122 1.5761897043001358 -0.33380353803356733 231 231 231 1.0485317611283662 11 138 12 268 15 184 14 236 19 181 16 153 18 117
361 0.15763229341562668 -0.1869785335388694 2.0070406103339411 10 21 13 0.90261353646228115 62 743 63 842 61 735 63 717 58 594 64 455 67 455 66 221 68 242 69 252
5449 -1.4829959719004042 1.0869237739676338 0.29975678610742112 98 103 118 0.95737226878165327 11 144 13 180 15 188 16 251 13 301 17 313
362 -1.0686693716602504 -0.38348257857016632 1.5347687582594676 124 124 124 0.21188231050353185 56 1170 63 843 61 850 60 841 59 788 57 972 55 1112 53 1105 54 1038
5450 3.1832606569698716 1.8568837464123293 -0.54457607357975601 0 0 0 0.44051645835538017 86 230 89 349
363 -0.71784194191595629 -0.2710607523230103 1.6286870889376399 124 124 124 0.47789732712881927 56 1188 62 804 63 844 61 851 60 854 59 795 58 809 57 986 55 1136 53 1121 64 572 67 572 65 431
5451 -2.9191829283784716 1.1533011812035159 -0.21533016019696694 8 8 8 1.4682135885832768 6 137 15 196 20 115 27 92
364 -0.75153529186890133 -0.19771369152654161 1.6799936342715929 124 124 124 0.23046026097269362 62 747 63 846 61 853 60 861 59 801 58 821 57 880 55 1141 64 538 67 538
365 2.2380701581355109 0.56466591297285107 2.500839920321019 214 214 214 0.65811758585365243 62 744 63 847 61 854 64 574 67 574 65 432 66 278 68 282 74 590 76 765 75 777 77 768 6 319 12 166 8 291
5453 2.2392156094451465 1.0794561374463303 0.2191946195286627 130 130 130 0.64793500161583373 5 243 8 232 11 223 12 220 13 253 15 222 14 273
366 2.4983705026411243 0.63987036827852328 2.5634703081860417 125 125 125 0.90756495708099449 62 745 63 848 64 535 67 535 65 393 66 248 66 279 74 542 76 712 75 711 77 707 80 657 78 665
5455 2.2420234735907236 1.8957163504407162 0.21299507019453134 59 62 72 0.60254600618956378 9 499 11 383 12 390 15 258
368 -0.97556211353069744 -0.20031458388214002 1.697075586545137 124 124 124 0.084399475299506643 62 753 63 850 61 856 60 862 59 717 58 732 55 1008
5456 -1.4351126283626818 1.3082176239399359 0.16134242522299924 231 231 231 0.35083828771291625 11 399 15 269 14 318 17 311
369 -0.99531341340906476 -0.19948256770234787 1.6911784315138865 124 124 124 0.13790426641895229 56 1075 62 755 63 851 60 753 59 719 58 737 57 888 55 1006 54 1057
5457 -3.1877216518228808 0.97590368932865779 -0.0015711368501447299 235 235 235 0.60795107494225165 13 407 15 282 18 230 20 128
370 -1.0151783273665749 -0.080598134763544119 1.7960383196311016 124 124 124 0.33218502205899886 56 1203 63 855 61 866 62 813 60 876 59 821 58 830 57 1008 55 1147 53 1129 54 1059 52 902
5458 -1.7029077178475818 1.6368490973829217 0.42061095206405802 0 0 0 0.29983346366635111 11 415 15 285 16 261 18 296 19 246
371 0.10093484196123191 0.43059939453840951 2.4229735913780552 142 142 142 0.24247401071494684 56 1205 62 816 63 857 61 874 60 881 59 825 58 832 57 1012 64 577 67 577
5459 -1.6931473639442445 1.7475066979056511 0.43855029417364738 59 62 72 1.4670622841828111 11 202 12 430 15 291 16 302 17 354 13 511 18 297 19 159 21 176
372 0.10093484196123191 0.43059939453840951 2.4229735913780552 142 142 142 0.24247401071494684 56 1206 62 817 63 858 61 875 60 882 59 826 58 833 57 1013 64 578 67 578
5460 -3.3427643563420766 0.86321420052005127 0.13473668105069589 236 236 236 0.4546252117508911 13 421 15 295 14 345
373 2.0444488368349294 0.097369580229834898 1.9395005182196767 59 62 72 0.42697283932467039 62 792 63 874 61 887 64 556 67 556 65 413 66 269 68 276 72 315 69 295 73 402 71 402 70 329 74 536 75 702 77 703 80 600 78 661
5461 0.67294667281523535 1.7168322786292689 -0.45406192332478945 231 231 231 1.3047059787748756 5 666 15 307 2 589 4 589 7 426 17 321 11 439 14 391 16 310 15 346 18 303
374 1.032177899465009 -0.12249103345677366 2.0406107472942328 9 11 14 0.32561221892581621 62 794 63 876 61 895 59 849 64 559 67 559 65 456 64 601 67 601 66 308 68 304 72 392 69 322 73 542 71 542 70 396 74 690
5462 1.4027526434092592 1.9901776899635468 -0.54620485929289975 231 231 231 0.63700058816421889 12 509 15 308 9 643
375 -1.0687023442976566 -0.45637102236283111 1.4807668940979992 124 124 124 0.15658931233732942 56 1213 63 877 61 889 60 901 59 764 58 839 57 1017 55 1165 53 1147
5463 -1.5045518559890745 1.2593531128405155 0.17556085568574398 84 78 75 0.41865251975546874 11 398 15 316 17 312 18 276
376 0.89654827624377043 -0.12137435742700234 2.0381228176733557 9 11 14 0.21467083544958218 62 795 63 882 61 897 60 912 59 851 64 561 67 561 65 417 66 271 68 305 72 365 69 323
377 0.90283422693453319 -0.12181133063541728 2.0460451717907673 9 11 14 0.50065013074286391 62 796 63 883 61 898 60 913 59 850 64 562 67 562 65 418 66 272 68 306 72 366 69 324 73 507 71 507
5465 -3.2124136475741225 0.94451308639298437 0.025745041591925991 235 235 235 0.69985992666107844 13 412 15 332 17 347
378 -1.0499208869455168 -0.38464337632649126 1.5354591588961475 124 124 124 0.17157713800816538 56 1227 63 886 61 903 60 911 59 845 58 843 57 1025 55 1177 53 1157 54 1097
5466 -3.2124136475741225 0.94451308639298437 0.025745041591925991 235 235 235 0.69985992666107844 13 413 15 333 17 348
379 0.072869500999327833 -0.15127971965392792 2.0246473419583788 29 30 30 0.27698497012292728 62 799 63 887 61 905 60 925 59 863 64 567 67 567 65 427 66 274 68 309 66 312
5467 -3.2570969472416005 0.8843354360427198 0.11239386199494925 0 0 0 0.36732636410766412 13 420 15 338 14 344 17 318
380 0.072869500999327833 -0.15127971965392792 2.0246473419583788 29 30 30 0.27698497012292728 62 800 63 888 61 904 60 924 59 862 64 568 67 568 65 428 66 275 66 313 68 310
5468 2.7676291455443827 1.858224501725769 -0.42022507580720303 59 62 72 0.74675330157714415 9 463 15 342 16 307
381 0.20942079691670029 -0.109426438266179 2.0597485714206378 29 30 30 0.1728032983874814 62 801 63 889 61 906 60 926 59 867 58 856 57 1037 64 569 67 569 65 429 66 276 68 311
5469 -1.5933086010586566 1.4556473877335505 0.24235059204905895 130 130 130 0.43714226196995032 6 592 12 518 15 384 17 368 19 271
382 -0.72943039138743382 -0.26375974679412384 1.6355849323187306 14 75 41 0.12490417145605066 56 1234 62 806 63 891 61 908 60 922 59 855 58 812 57 1031 55 1190 53 1168 64 610 67 610 65 465
5470 -1.5933086010586566 1.4556473877335505 0.24235059204905895 130 130 130 0.43714226196995032 6 593 12 519 15 385 17 369 19 272
383 -0.72943039138743382 -0.26375974679412384 1.6355849323187306 14 75 41 0.12490417145605066 56 1233 62 807 63 892 61 909 60 923 59 854 58 811 57 1030 55 1189 53 1167 64 611 67 611 65 466
5472 -2.9675012051340106 1.0566072976305798 -0.092383697788910826 129 129 129 1.3877917212735793 13 598 15 453 14 502 16 412 14 470 17 443 18 389 19 328 21 235
385 -0.21810365806339499 -0.1529779695352422 1.9821988687969876 29 30 30 1.067511280928952 62 808 63 894 61 911 60 859 59 802 56 1079 58 822 57 901 64 634 63 936 67 634 65 494 66 338
5473 2.1603056677498524 1.7717854751162323 0.033203790580716527 59 62 72 0.55167642465342703 6 710 9 798 12 644 15 475 14 520
386 1.4418065456499787 0.78929562302696321 2.7276948903179643 231 231 231 0.58554955453870772 62 810 63 898 61 918 60 942 59 876 64 576 67 576 6 443 12 414 11 409 10 495 8 437 9 416 5 554 2 463 4 463 7 220
388 2.2563420942235544 -0.15382862988096505 1.9830763599208796 124 124 124 0.36572743305500782 62 826 63 901 64 587 67 587 65 447 66 298 68 294 72 350 69 314 73 484 71 484 70 350 74 644 76 801 75 822 77 870 80 793 78 840
5476 -1.4255853063523565 1.6247297174017503 -0.35812358336071609 8 8 8 0.4122253886219312 11 137 14 158 18 207 19 144 21 115
389 2.1996993152189894 -0.15692843686812186 2.0137173569552766 124 124 124 0.3808163136290923 62 827 63 902 64 588 67 588 65 448 66 299 68 295 72 353 69 315 73 487 71 487 70 353 74 647 76 804 77 874 80 796 78 842
5477 9.3102930965060366 5.5655991045416551 1.2766215485058459 0 0 0 0.18964367161828219 11 170 84 439
390 2.0906639744779478 -0.15405850288108111 1.9786845110977453 124 124 124 0.35508078100864904 62 828 63 903 61 923 64 589 67 589 65 449 66 300 68 296 73 491 71 491 70 385 75 861 77 877
5479 2.4424116798146311 1.1447014445463697 0.23317615278236165 59 62 72 0.96551800467670446 2 65 4 65 9 141 12 222 15 224 14 212 11 313
392 1.7926809173470866 -0.15726013895414223 1.9878287735097655 124 124 124 0.35835403706897118 62 830 63 907 61 927 64 591 67 591 65 452 66 302 68 299 72 386 69 346 73 527 71 527 70 390 74 681 76 848 75 867 77 881 78 901
5481 2.2619639056273804 2.7122549084031671 -0.013137500232634169 217 217 217 0.33269841908457071 12 270 15 183 18 274 11 275 13 295 14 234 16 242 17 272
394 1.5585083206146486 -0.14021553111816296 2.0122220379268394 6 20 42 0.31043378412219724 62 833 63 912 61 932 60 977 64 621 67 621 65 481 66 329 68 327 72 389 69 349 73 535 71 535 70 392 74 720 76 886 75 911
5482 -1.5201773523537845 1.5670687711615414 -0.32894403317982057 231 231 231 0.28397427204113379 12 269 14 237
395 1.216882928322196 -0.19728193567093916 1.9788784981753309 57 57 57 1.2458551932757067 62 834 63 913 60 950 64 594 67 594 65 482 68 328 69 319 72 361 66 209
5483 -1.486869751549879 1.8511373328839484 -0.39802857631845889 231 231 231 0.70572394929434334 8 423 9 405 14 240
396 1.4445751011908874 -0.10646952470315077 2.0353256584840209 231 231 231 0.25841063632940431 62 853 63 915 61 936 60 979 64 623 67 623 65 483 66 330
5484 -3.1137920807560602 0.86777402879951981 -0.1400834653614936 8 8 8 0.15031525695897863 11 163 14 244
397 1.4362860559294455 -0.10622440256194271 2.0273807253635874 231 231 231 0.37613225911325782 62 854 63 916 61 937 60 980 64 624 67 624 65 484 66 331 68 329 72 390 69 350 73 539 71 539 70 393 74 721 76 887 75 914 12 473 6 523 10 608 8 535 9 588 5 681 2 418 4 418 7 287
5486 -3.0991135078471683 0.93275589556548699 0.080005778728491364 235 235 235 0.4709958651110534 11 284 14 260
399 -0.70618843766008044 -0.40353447832451839 1.5218469554229526 124 124 124 0.57546680274989592 56 1219 63 920 61 941 60 948 55 1213 65 489
5487 2.9637227912513957 2.2850080597151914 0.95767782704012283 0 0 0 1.4104899983637169 2 130 4 130 13 543 14 310
400 2.0850014645028612 0.10257888154533931 2.0073443707703564 59 62 72 1.07780447469331 62 793 63 921 61 945 64 557 64 598 67 557 67 598 65 414 72 316 6 415 11 385 5 63 9 49
5488 -1.4653654480272709 1.3660216506925345 0.076229760397221139 231 231 231 0.0085597548518008514 6 428 14 315
401 1.0741961546294321 -0.10943773806280958 2.0470514223274798 29 30 30 0.45636707060566473 62 837 63 922 61 947 60 954 59 915 64 628 67 628 65 487 66 334 68 332 72 422 69 352 73 565 71 565 70 416 74 760
5490 -3.0564498803528499 0.8812356860811521 0.10742072851095003 0 0 0 0.060227506212536856 13 404 14 335
403 -0.68960984576694428 -0.2607882155829721 1.6292373882535018 124 124 124 0.22835846644293389 56 1267 63 931 61 952 60 958 57 1060 55 1226
5491 -3.0564498803528499 0.8812356860811521 0.10742072851095003 0 0 0 0.060227506212536856 13 405 14 336
404 -0.78604064976613142 -0.27745148622028892 1.6279055145295622 73 79 88 0.34488868777584308 62 844 63 932 60 920 59 852 58 847 64 612 67 612
5494 -1.6327382223118392 1.4911371105237186 0.30309025984558846 0 0 0 0.22452590031093692 9 518 14 376
407 1.7614791833661616 -0.14486950845770458 2.0068050867300662 25 34 51 0.6196807151079271 62 850 63 939 61 965 64 620 67 620 65 479 72 415 69 366 73 561 71 561 70 410 76 885 75 955
5495 -3.2216349179174251 0.90573880591285327 0.082037413091753844 235 235 235 0.67733443633975676 6 446 13 419 14 386 16 266 17 317 18 270
408 1.1662722450686311 -0.15493353847579674 2.0095564547541178 9 11 14 0.29442188696776378 62 835 63 940 61 940 60 953 64 625 67 625 65 485 66 332 68 331 72 419 69 351 73 564 71 564 70 394 74 722 74 758 76 920
5496 2.093420631768685 1.8582726575884443 -0.43165104152345951 231 231 231 1.113018513179852 2 735 4 735 5 655 15 405 16 367 13 521
409 1.2204334365133351 -0.11356923634347757 2.0698815604418677 29 30 30 1.307051462389083 62 856 63 942 61 970 60 985 64 651 67 651 65 510 66 345 68 341 69 367 70 413 6 417 10 447 8 403 9 386 5 314 2 262 4 262
5497 -1.6062895175828085 1.6215853098361472 0.21577491947692851 59 62 72 0.98395853341379236 11 468 14 433 16 286 13 398
410 0.88913424121422702 -0.16854694727089312 2.0055162967034148 9 11 14 0.22459263346871844 62 857 63 943 61 971 60 984 59 913 64 626 67 626 65 486 66 333 68 342 72 421 69 368 73 566 71 566 74 762 70 415
5498 2.5274374873812047 1.2127192940231701 0.21155389962490515 130 130 130 0.64913759316031872 6 622 9 699 10 792 11 520 12 550 13 560 15 401 14 450 2 822 4 822 5 877 7 653 8 777
411 -1.0530704576780363 -0.45810494372351401 1.4802448227943574 47 52 65 0.9614093400065169 56 1246 63 945 61 969 59 882 53 1184 54 1146
5499 -3.1786278281164404 0.97911395456016215 -0.011201021863073025 235 235 235 0.59335489324566748 15 424 14 474 16 382 17 422 16 418 18 368 19 296 21 208 22 109 23 109 20 201 24 101 25 130 26 115 27 167 28 150 29 151 31 155 32 134 33 117 30 128 36 163 37 163 34 118 35 202
412 -0.98827097918406459 -0.43604567771475727 1.487786274688399 124 124 124 0.20433491657938532 56 1281 63 948 61 972 60 976 59 907 58 884 57 1079 55 1241 53 1221
5501 -1.4913008263159679 1.7176816685379068 -0.40306243325449542 59 62 72 0.14716447009446934 10 903 14 498 5 969
414 0.77058141152443982 -0.11436470749098324 2.0497123618885271 29 30 30 0.55273063874456507 62 885 63 950 61 975 60 987 59 917 59 942 64 652 67 652 65 511 66 347 68 344 69 370
5503 2.1751225301304542 2.0223974682196348 -0.15817281130924124 130 130 130 0.90638271013044247 11 259 8 265 14 226 13 281 10 250
416 -0.70879519884971454 -0.25812592741826529 1.6378303257192588 124 124 124 0.13676702073346986 62 864 63 954 61 981 60 959 59 889 64 632 67 632 65 495
5504 -1.6934781550713989 1.5704524058536891 0.427703542931476 130 130 130 0.15779301604668691 13 550 8 744 14 437 6 607 12 536 11 509 15 394 16 361 17 380 18 350 19 281
417 2.246923642819441 0.64655925869716435 2.5725719466317321 122 122 122 0.60739010297267371 62 870 63 956 61 986 64 638 67 638 65 516 66 350 6 587 12 515 11 503 10 656 8 668 9 604 5 713 2 632 4 632 7 461
5505 12.036802358368274 5.8027498479303805 -0.62901433781484684 231 231 231 2.1925209435635389 7 309 13 135 14 38
418 2.2465065046714714 0.64653264944206335 2.5721987316829056 122 122 122 0.60216796195938382 62 871 63 957 61 987 64 639 67 639 65 515 66 349 6 586 12 514 11 502 10 655 8 667 8 734 9 603 5 712 2 631 4 631 7 460
5506 -1.8165254330653153 1.2867809444472926 -0.26759582409125277 8 8 8 0.0388172222810204 13 156 16 101
419 0.16150737888333261 0.32411166374533557 2.3349863414586047 0 0 0 0.15028428148331846 56 1337 62 892 63 958 61 988 60 998 59 928 58 902 57 1131 64 657 67 657
5507 -0.53575876689671165 2.0628032653491162 -0.48212644359761336 8 8 8 0.22960585108076881 11 131 13 162 16 103
420 0.12908849515108331 0.36087085215912085 2.3605506731818 142 142 142 0.49166837748776321 56 1308 62 873 63 959 61 990 59 931 58 905 57 1102 64 641 67 641
5510 3.0496312437933457 2.9357055124933504 0.10837072306013375 123 123 123 0.79473024825819771 12 78 13 169 16 184 11 78 15 135 14 156 16 154 17 241
423 0.98291599356203463 -0.16137396506237653 2.0014518296531127 9 11 14 0.31334038965608241 62 884 63 965 61 998 60 1007 59 940 64 650 67 650 65 509 66 344 68 340 72 438 69 378 68 352 73 607 71 607 70 430 74 787
5512 -1.6884093004957104 1.5298502534979581 0.45822928794543483 0 0 0 0.50108643643828366 13 313 14 257 15 158 16 203 19 203
425 -1.0070105642885709 -0.40538047099962621 1.5030175964700743 124 124 124 0.6869939557089112 56 1283 63 969 61 1001 60 1004 59 910 58 886 57 1083 55 1245 54 1177
5513 -1.6798400379554379 1.5350217866533145 0.4597129271273937 0 0 0 0.59680528918819886 13 314 14 258 15 159 16 204 17 258 19 178 19 204
426 -1.0268337727885031 -0.40843773211825807 1.5039141738348596 124 124 124 0.17326224823040187 56 1322 63 970 61 1000 60 1005 59 935 58 912 55 1275 53 1244 54 1174
5514 -3.201311699216113 0.95846612628210437 0.0065259154509454201 0 0 0 0.51834509589113842 15 204 16 205 17 225
427 -1.0484202673498997 -0.40278837620834823 1.4903308263790536 124 124 124 0.39069835973056594 56 1282 63 971 61 1002 60 1006 59 912 58 888 57 1082
5516 -3.3205427468960709 1.0685032807588677 -0.068010465822573835 235 235 235 1.2095634437194291 15 292 16 214 17 351
429 -0.099207725016944179 -0.17929406656443495 2.0154138047026908 9 11 14 0.21464059810401342 62 887 63 973 61 980 58 927 56 1334 64 654 67 654 65 513
5519 2.1638347321739637 1.6815416524448579 -0.085487290363052956 0 0 0 2.950595767240888 13 357 14 288 15 243 85 362 11 358
432 -1.025384731752806 -0.22873244951850066 1.6537914844048796 124 124 124 0.26628130781784493 56 1332 63 979 61 1008 60 1018 59 946 58 925 55 1282 53 1250 54 1182
5520 2.3528456660971759 2.1852163211978568 -0.087536640432908763 130 130 130 0.19026562648079898 8 273 16 236
433 -1.025384731752806 -0.22873244951850066 1.6537914844048796 124 124 124 0.26628130781784493 56 1333 63 980 61 1009 60 1019 59 947 58 926 55 1283 53 1251 54 1183
5521 2.2114493703110059 2.1384372853660718 -0.082490808680735758 130 130 130 0.62542523521859983 8 274 11 380 13 381 16 237 17 233
434 -1.0940426409799091 -0.18794655576504818 1.699729059119125 124 124 124 0.42727858139638203 56 1301 63 983 61 1012 60 1021 59 925 58 899 57 1099 55 1257 53 1254 54 1184 52 1005
5522 -1.5069087386501208 1.4957939213761076 -0.14415396964419228 231 231 231 0.35524350444820119 11 277 16 245 17 275 19 184
435 -1.0940426409799091 -0.18794655576504818 1.699729059119125 124 124 124 0.42727858139638203 56 1302 63 984 61 1013 60 1022 59 926 58 900 57 1100 55 1258 53 1255 54 1185 52 1006
5523 -2.7866489018169256 1.6639992252471878 -0.62694661926504314 231 231 231 0.29692357962227406 9 508 16 249 18 251
436 0.17785736317591647 0.5056037459432472 2.4856596506238859 142 142 142 0.1330284739750355 56 1349 62 907 63 985 61 1016 60 1026 59 952 58 932 57 1133
5524 -1.5257565145088494 1.2238519734505928 0.15900379411956342 231 231 231 0.19724292273271471 13 302 15 186 16 250
437 0.060648162280905568 -0.21260888692067431 1.9984612386363863 57 57 57 0.68146973118701315 62 895 63 988 61 1022 60 1033 59 970 57 1154 64 681 67 681 66 368
5525 -2.977402926139574 1.0351729027960006 -0.064908171888533039 234 234 234 1.9550487072718128 15 318 16 253 17 329 18 321 21 179 22 93 23 93 20 177 24 64 24 86 19 189 25 117 25 128 27 166 29 152 31 173
438 0.10629685947144746 -0.17009723653576206 2.0068307481579102 9 11 14 0.21182335304311997 62 896 63 989 61 1023 60 1034 59 960 58 939 57 1141 64 668 67 668 65 525 66 358 60 1013 68 365
5526 -3.1571196345445101 0.97604998317143998 0.0054515792236621875 0 0 0 0.16087489875911795 13 406 16 259 18 284
439 0.026230080626631756 -0.16513633048945836 2.0198874093019881 9 11 14 0.29792467871032952 62 913 63 992 61 1027 60 1035 59 961 58 940 57 1155 64 682 67 682 65 534 66 369 68 366
5527 -1.7029077178475844 1.6368490973829197 0.42061095206405769 0 0 0 0.29983346366643293 11 416 15 284 16 260 18 295 19 245
440 0.087371141613531531 -0.12210844944745468 2.0422245758532487 29 30 30 0.14158492084691518 62 899 63 993 61 1028 60 1036 59 963 58 942 57 1143 64 669 67 669 65 526 66 360 68 367
441 -0.73217313914674242 -0.23260114086793435 1.6586549657158582 124 124 124 0.14862122816182882 56 1331 63 996 60 1017 59 945 58 923 57 1125 55 1286 53 1270
5529 -1.6205751621055151 1.4981102522916283 0.30181993950611802 0 0 0 0.12839176870217428 13 397 16 288
442 0.068059164700108352 0.3369274559339494 2.3456029248548407 0 0 0 0.37052137666524337 56 1360 62 918 63 1000 61 1033 60 1040 59 965 58 946 57 1147 64 686 67 686
5531 2.7548646510237647 2.7232471066066997 0.031959796143215001 231 231 231 0.41865350727234729 11 388 12 395 13 481 14 370 15 350 16 320 6 422
444 0.0056276565624255809 0.43197443091871546 2.4227051359508902 0 0 0 0.52138022537005435 56 1362 62 906 63 1002 61 1035 60 1041 59 966 58 948 57 1149 55 1313
5532 -3.0505902282743449 0.88778613326175448 0.10684552491037408 0 0 0 1.5158569966496815 15 326 16 333 17 341 19 262 22 83 23 83 20 188 24 88 22 105 23 105 25 111
445 -0.028135811619834323 0.5005540059727186 2.4902946214246344 142 142 142 0.58122942995207372 56 1363 62 908 63 1003 61 1037 60 1043 59 967 58 949 57 1160 55 1314
5533 -3.0505902282743449 0.88778613326175448 0.10684552491037408 0 0 0 1.5158569966496815 15 327 16 334 17 342 19 263 22 84 23 84 20 189 24 89 22 106 23 106 25 112
446 2.0821930806558631 -0.18250182341692547 2.0182665282300145 54 54 54 0.56194447041843776 62 909 63 1005 61 1038 64 678 67 678
5536 -3.2222004843184364 0.96489390768826366 0.010661150714885877 235 235 235 0.68003233849162659 15 334 16 343 17 343 21 167 13 414 20 156
449 0.17163022345262205 0.26696025732527956 2.2887661045826571 142 142 142 0.37497152954984514 56 1359 62 914 63 1010 61 1043 60 1046 59 973 58 955 57 1158 64 684 67 684
5537 -1.521342930737035 1.0945742991423952 0.28252682224617831 59 62 72 0.16093937124430865 13 486 16 349 17 366
450 -0.63622978112645323 -0.29471952038259369 1.6135314026731147 124 124 124 0.40822884517803876 56 1367 63 1014 61 1048 60 1052 59 978 58 961 57 1163
5538 -1.4796324813795354 1.7045713481816334 -0.34836276690773604 231 231 231 0.37322626991046753 7 679 16 376 19 288 21 204
451 -0.97945067688249055 -0.54539330144836273 1.4021979259655029 106 108 110 0.25992856563444516 63 11 61 0 60 1 53 69 55 16
5539 -1.5223689036898873 1.5077158562558151 -0.14089384497200336 231 231 231 0.53980377777769528 2 949 4 949 16 378
452 -1.0072215868562362 -0.54646262057914219 1.3998258601722804 108 109 113 0.046855397112344148 63 13 61 1 53 55
5541 -1.6742036568255214 1.3541711969604666 0.4464715201272782 0 0 0 0.036102475099351689 12 583 16 414
454 -0.98497584573353247 -0.54303202686055163 1.4066733100118785 103 105 109 0.056407964935382762 63 17 61 4
5542 -1.6759215188489198 1.7558409215191713 0.41776570404286562 59 62 72 0.81416469877981468 14 507 15 464 16 425 13 606 17 405 16 398 19 323 21 231
455 -0.99594680037699501 -0.54260276714393207 1.4062195479166337 106 108 112 0.084034164109265355 63 21 61 8 60 6
5169 -0.97757356275830187 -0.75984901483246359 1.2929911405933661 39 48 70 0.19640856049937935 8 828 10 862 5 942 2 799 4 799 7 634
82 -0.66785101277528369 -0.23854336775844825 1.6561886226307447 14 49 44 0.14220818429168175 56 1052 62 634 63 725 61 739 60 739 59 702 58 714 57 873 55 992 53 1127 64 534 67 534 65 392
5545 -2.9937184303518176 1.0388392692631061 -0.048170947090704082 234 234 234 1.3879412772498341 14 521 16 452 17 450 18 404 19 338 21 241
458 -1.0102721099216914 -0.45435297255803392 1.167194025098431 109 111 113 0.23102651287754669 63 30 60 3
459 -1.0136285621588998 -0.54288481104544972 1.4057457758403695 103 104 108 0.1487222348876899 63 26 61 16 60 10 59 5 55 32
460 -1.0136285621588998 -0.54288481104544972 1.4057457758403695 103 104 108 0.1487222348876899 63 27 61 17 60 11 59 6 55 31
5548 -3.2592871617129644 1.0144888786370188 -0.045210638352439887 0 0 0 1.1348452353119034 12 489 6 598 11 557 13 509 8 570 9 523 5 714 7 457 15 364 14 383 16 388 15 430 14 480 17 377 18 312 14 441 19 252 21 161 21 182 20 165
461 -1.0286721565099903 -0.54238302716883413 1.4053917927942075 108 110 113 0.17558806449359676 63 38 61 21 60 14 59 11 55 28 53 71
5549 -1.5201994325991646 1.1397790926788351 0.35284610197597788 112 118 135 0.39743146762243287 14 184 17 221 11 171
462 -1.0286721565099903 -0.54238302716883413 1.4053917927942075 108 110 113 0.17558806449359676 63 39 61 22 60 15 55 29 59 12 53 72
5550 -1.5089596527321856 1.1449902903355893 0.35394000819534777 112 118 135 0.4278315707306331 14 183 17 222 6 60
463 -1.0508989054815046 -0.54271777096555307 1.4056042801117967 107 108 111 0.33768007702507263 63 42 61 29 60 19 59 13 55 24 53 64 54 106
464 -1.0510499670703806 -0.54299787875578365 1.4075120222610065 107 108 111 0.095997601536803853 63 43 61 30 60 20
5552 -1.5192001765796039 1.3718101124126287 0.079863653464917292 112 117 135 0.073513188232015025 13 191 15 189 17 244 13 305
465 -1.0625027954419319 -0.54315895540904346 1.4074249691421028 107 109 112 0.040015427859463985 63 45 61 32 60 22
5553 -1.5164795489848222 1.3733559468942078 0.079862724840522134 112 117 135 0.080086423861404216 13 192 15 190 17 245
466 -0.73433511626128189 -0.45038385197901237 1.480060962734431 12 90 38 0.16280414687886566 56 167 62 367 61 46 59 22 58 18 57 60 55 262
5554 -3.222586711640024 1.0753335033871634 0.0066350534356412263 236 236 236 0.32042807204895202 39 135 40 135 41 115
467 -0.69260952285254984 -0.44174829401993437 1.4814448222764416 124 124 124 0.091219006381060397 63 68 61 48 60 38 59 24 58 24 57 69 56 179
5556 -1.4843193797062078 1.5248379389017142 -0.12264214127491865 231 231 231 0.49903326672064452 13 386 17 277 18 253
469 -0.99494736280185503 -0.47677227547712536 1.4633941062538731 122 122 123 0.32720684052632265 63 82 61 58 60 41 58 17 55 164
5558 -1.699621790706231 1.534660299547987 0.48128174722018208 130 130 130 0.42313823495992725 13 317 17 298 19 219
471 -0.99796508219671531 -0.46918338541028426 1.4646623889373587 122 122 123 0.21000811413770162 63 84 61 60 60 42 57 42 53 207 54 561
5559 -1.6921436608876859 1.5401133224685057 0.48271781162703159 130 130 130 0.37409484541739368 13 318 17 299 14 192 19 220
472 -0.99668803748306711 -0.46468745838694397 1.4700348031469825 120 120 120 0.13969231286317957 63 91 61 61 58 21 54 233
5560 -1.66109987764788 1.8665082669145965 0.35776786746457967 87 81 77 0.40968059999837847 15 289 17 316 18 269 13 323
473 -1.055151562469697 -0.47021417875021393 1.467692951673198 124 124 124 0.28440404407917419 56 107 61 64 60 45 57 45 55 174 53 201 54 211
5561 -1.6580757746446073 1.5785510112039964 0.67170036259764687 59 62 72 0.942397965669868 14 387 15 162 16 305 17 319
474 -1.0556831203969221 -0.46594988008053168 1.472877692646106 118 118 119 0.25730369270260633 63 97 61 68 59 29 53 208 54 222
5562 2.2403873252375215 1.9157719028507572 -0.16051247781627603 130 130 130 0.10148085456446811 9 583 10 600 17 323
475 -0.91368815417251414 -0.11852938672880187 0.44618283221972277 118 119 119 0.050290043239087368 63 140 61 77
5563 -3.284685425962067 1.1279092561326882 -0.076749703901250688 236 236 236 0.9232978845209483 16 215 17 352
476 -1.0555930314236011 -0.71435305348773892 2.3156290144277061 120 120 121 1.9454591186454029 63 95 60 57
5566 -1.7351071070888986 1.4905575041981447 0.47997136782065886 130 130 130 0.53134500079562941 14 438 16 390 17 400 18 351 19 307
479 -1.0551084381279159 -0.42911673637698416 1.5045788951713788 122 122 122 0.33261549262400136 63 134 61 96 60 82 59 62 53 248 54 261
5567 -1.7351071070888986 1.4905575041981447 0.47997136782065886 130 130 130 0.53134500079562941 14 439 16 391 17 401 18 352 19 308
480 -1.0614466430663125 -0.42550969980450692 1.506076970918715 122 122 122 0.03399508383741906 63 139 61 99
483 -0.96720268315419522 -0.39256930872027307 1.5317409594185893 119 119 119 0.041524280258126101 63 148 61 106
5571 -3.2444445146352856 0.9267702383504357 0.054830745156037433 0 0 0 0.36817923847951373 15 494 16 457 17 464 18 421 19 344 21 245
484 -1.01875157785033 -0.39781660029163429 1.5315984238632296 124 124 124 0.058211173874957133 63 154 61 107 60 117
5572 -3.1977130354314167 0.9797805704462802 -0.0018942096477775287 0 0 0 0.69824017029391761 6 145 11 413 13 411 9 230 15 331 14 341 16 301 17 340 15 363 16 338 18 288 18 317 19 213 19 234 21 166 22 95 21 185 23 95 20 153 20 168 25 87 27 127
485 -1.0025475104167332 -0.39373155963124346 1.5382751673803983 122 122 123 0.00063542322808129385 63 156 61 110
5573 -1.4710517073601974 1.6210972249548019 -0.375859973990047 231 231 231 1.0394687933281002 11 390 16 283 17 364 12 579 13 539 5 700 19 223 21 155 21 197
486 -1.0025475104167332 -0.39373155963124346 1.5382751673803983 122 122 123 0.00063542322808129385 63 157 61 111
5574 -1.6772291940756894 1.503016993421963 0.46093440383221451 0 0 0 0.99292708557195219 6 603 12 532 11 474 13 497 10 759 8 674 9 618 5 835 2 761 4 761 15 324 16 331 17 314 11 285 9 418 18 347 19 264 19 302
487 -1.0092712938668809 -0.38959782817785676 1.5362124688337551 119 119 119 0.079567614296218087 63 163 61 114
5576 -0.68896212609128527 1.9640394632404496 -0.45542595083788984 0 0 0 0.66149273139270948 12 71 15 131 16 100
489 -1.0381780740358406 -0.39309837114859214 1.5320257582567653 124 124 124 0.15094805107144349 63 165 61 116
5577 -0.78062651780455339 1.9133516761066169 -0.44103447845354465 0 0 0 0.5832542194571233 11 77 12 72 15 132
490 -1.0414826269248227 -0.39030301404353751 1.5330460250826337 33 39 55 0.022798880246907353 63 167 61 117
5578 -1.8482087436229073 1.3100591908434522 -0.27238022539411039 0 0 0 0.051729323769350945 12 66 14 95
491 -1.0416200578420372 -0.39100716188985157 1.5350582441045644 33 39 55 0.12387309211975231 63 168 61 118 57 158 60 135 55 322
5579 -0.66121596818187456 1.9358075676013013 -0.4483623364246041 8 8 8 0.21326723997854158 11 76 16 98 18 109
492 -1.0530451747488516 -0.60623824610111088 2.40381401223729 119 119 119 0.025258984220191887 63 161 61 119
5208 -1.8976975986876659 -0.56515946127890637 1.45479095065927 85 86 86 0.12274199533136332 5 479 10 425 2 233 4 233
121 -0.18464574567473957 -0.22128056780577235 1.9458609746052589 57 57 57 1.3103548840472159 56 1372 62 920 63 1016 61 1049 60 1045 59 980 58 964 57 1168
494 -1.1007284288063552 -0.39661985320067517 1.5335635255911011 122 122 122 0.070192858827345411 56 275 61 122 59 111 54 316
5582 10.550904329874166 8.6796201388041485 -2.3059096361420628 0 0 0 0.43969600357505489 13 171 83 263
495 -1.0227113494168165 -0.33687730191725263 1.3859624947430196 123 123 124 1.798107562061535 63 176 60 138 59 115
5583 -1.4404234657538064 1.6442298104469539 -0.35642033988825916 96 101 116 0.16677255994263981 13 81 14 103 16 119 18 209 19 146
496 -1.0386600245774698 -0.37657113056397096 1.5486373594268481 123 123 124 0.10677327642255097 63 177 61 124 58 80
497 -0.78258658147616444 -0.28867426900585896 1.619425617217024 43 48 60 0.066523316448431347 56 341 61 127 59 147 55 407
498 -0.78140914752588386 -0.2839593737263425 1.6190380988417039 24 32 49 0.041965736800926128 63 185 61 129 60 170 59 150 58 100
5586 -1.6913962408110292 1.5080080916183165 0.45816308032907888 0 0 0 0.00098441821579678293 15 156 19 201
499 -0.77498940670340277 -0.28164242431536091 1.622537885887626 121 121 121 0.052174441724004733 56 361 61 131 60 172 59 152 58 101 57 207 55 410 53 636
5587 -0.36337392341943608 2.1248660800125236 -0.50308223837271493 8 8 8 0.47484669045518829 13 160 18 226 19 163
500 -0.77601150657545548 -0.27560261420558096 1.6260159761144917 26 34 51 0.096417276127590282 62 152 61 135 59 157 53 399 64 128 67 128
5588 -3.188330022686499 0.97503902897893524 -0.0009081667447530964 236 236 236 0.53407004185920504 15 283 18 231 20 129 25 38
501 -0.78331785640666785 -0.27450009702009576 1.6271044660698577 29 37 53 0.1185471538622157 62 153 61 137 60 178 55 423 53 398 64 130 67 130
5589 -3.0437242204008736 0.88837654959330548 0.1098965432783163 0 0 0 0.49882789823274626 11 198 18 234 22 58 23 58
502 -0.6830945522602756 -0.23954774669070214 1.6554532758527472 12 90 38 0.060762274599189439 63 203 61 150 64 302 67 302 65 236
5590 -3.0440849037130824 0.88810391499418562 0.10904147565383751 0 0 0 0.2345188589985536 11 199 18 235
503 -1.0121676298691262 -0.30399922692988468 1.6083960033674436 14 25 46 0.10181375809937156 63 208 61 159 55 387 53 366 59 160 54 374
5591 16.089265249803962 13.605696764507062 -3.7165718417406088 231 231 231 0.96954992954054708 82 322 18 248
504 -1.0121657555098535 -0.30408583142342166 1.6085969664566531 14 25 46 0.089247792039655452 63 209 61 160 55 386 53 365 59 161
5593 -1.7149245112182432 1.5369893055559771 0.42583278714522105 130 130 130 0.27362595348715757 15 202 18 265
506 -1.0216568101703265 -0.30960984520222068 1.7549228182136511 12 24 45 1.0427968347588634 63 479 57 212 56 345
5594 -1.7149245112182432 1.5369893055559771 0.42583278714522105 130 130 130 0.27362595348715757 15 203 18 266
507 -0.99336677340869572 -0.20906328967036006 1.6891582969567041 43 48 61 0.2332203715105339 63 254 61 214 54 439 62 194
5595 -1.5669350072323975 1.6269792091072519 0.19479005844737171 231 231 231 0.35650022476282917 11 403 13 459 18 277 19 209
508 -1.0275309871259499 -0.21247823480927105 1.6873247368459516 48 52 63 0.13139381280829956 63 258 61 217 53 440
5596 -1.3997318269657952 1.847710317896363 0.21224248476473451 231 231 231 1.5179719996107359 13 311 14 252 16 289 17 330 18 306 15 102 14 186 19 227 21 157
509 -1.0274983381473421 -0.21257359470672657 1.6868470621072382 48 52 63 0.057037265641335419 63 259 61 218
511 -1.0425524586214714 -0.20358770743408677 1.6935306910148371 123 123 123 0.13058952446138478 63 498 61 225 60 252 58 173 57 283 55 475
5599 -1.6947299820562949 1.8154573007849113 0.39215754261174895 116 122 139 0.80769455559791403 13 554 15 397 16 366 17 387 18 353 19 284 21 193 15 366
512 -1.0629409241893577 -0.20908348015769654 1.6922576468632036 121 121 121 0.12528717101172565 63 268 61 226 60 250 59 234 55 471 53 439 54 429
5602 -1.7079822630707924 1.5227268766563513 0.65874246244087176 59 62 72 0.581843778553361 15 433 16 433 17 437 18 385
515 -1.0981069191539075 -0.20547390941587032 1.6948524874661512 118 118 119 0.32520373546388048 63 274 61 231 59 240 57 286 53 438 52 351
5605 -1.5306259675897531 1.9120226535675058 -0.36069801122608158 231 231 231 1.1205045414045527 15 486 16 440 17 447 18 401
518 -1.0213168020970143 -0.085847232885914546 1.7846632949227181 120 120 121 0.49932290116867845 63 280 61 255 60 288
5606 -3.1731093265064261 0.9521757838507714 0.037559265264681195 0 0 0 0.882602780402715 17 451 18 407 19 331 22 126 23 126 20 216 24 123
519 -0.98089708878087423 -0.064460414192216556 1.8092959953828385 120 120 120 0.2134451618145925 62 435 61 256 59 267 58 204 57 333
5607 -3.0528066306133828 0.89640457028569875 0.10296062591016747 0 0 0 1.5397047955108552 16 384 17 397 18 342 12 521 6 532 13 600 12 629 11 607 2 629 4 629 15 458 14 472 16 419 17 424 18 372 19 299 19 319 21 213 22 123 23 123 20 204 20 211 24 106
520 -0.93158040995635349 -0.0065784768013106374 1.8594360332859561 98 100 105 0.13839609695492075 56 519 62 445 61 265 60 299 63 536 59 285 57 342 55 768 53 511 54 720 64 324 67 324
5608 -3.0528712288909494 0.896306106401216 0.10291595190164865 0 0 0 1.5390368281765932 12 522 6 533 13 601 11 608 9 607 15 459 12 630 14 473 16 420 17 425 18 373 16 385 17 398 18 343 19 300 19 320 21 214 22 124 23 124 20 205 20 212 24 107
521 -0.97036521579508384 -0.019457558389517883 1.8499577552816884 124 124 124 0.11050759218536448 62 224 61 267 54 490
5609 -1.4844159485588559 1.7765515499966826 -0.37176773787232326 111 117 134 0.24357104292265194 14 113 16 123 17 220 18 211 19 149
522 -0.032389532306279931 0.30489410751432766 2.3188895723567358 0 0 0 0.26315603161790996 62 215 61 271 60 325
5611 -4.4196797708979254 1.4575055705371902 0.36489977983962724 0 0 0 1.3010574301969358 39 240 40 240 45 126
524 -1.3493044268778629 -0.092411812667006724 1.8005831090446307 39 44 57 0.14814900205576687 56 473 61 294 60 308 51 346
5612 2.0933747549291146 0.054193789936109592 1.3856038216344599 0 0 0 0.41141231500222947 13 262 78 649 6 12
525 -1.3437027564464807 -0.09024309405956378 1.7997748888256724 121 122 122 0.16897137529813347 56 484 61 295 60 310 59 282 58 214 55 488 53 474
5613 2.5706767677571496 0.29601563773125023 1.1952427398538703 0 0 0 0.57544159279107032 74 511 75 685 77 686
526 -1.3597095500786589 -0.075198892314274166 1.8169334700467348 119 120 120 0.19226341838510452 56 488 61 297 60 321 59 289 58 218 57 334 55 497 54 449 52 358 51 348
527 -1.2877380957614841 -0.022381405959004709 1.8567261721850929 121 121 121 0.20762772228319368 63 309 61 313 60 332 59 301 58 243 57 353 55 509 53 491 54 463 52 372 51 376
5621 8.3831269264558177 1.2506594166894835 1.6331177437001323 231 231 231 2.0648218882651745 75 194 87 109 85 22 76 295 77 196 86 204 88 218 74 184 83 123 75 192 81 90
534 1.9894985723523 -0.13138639186136061 2.1178747090528049 9 9 9 0.16169477271318414 62 342 61 379 64 247 67 247
5622 6.1440658606342682 2.3623531752413944 -0.5711836681990563 231 231 231 1.6366725792905434 84 71 99 39 82 154 79 233 81 166 83 205
535 1.7778521564433012 -0.12431812723662571 1.9925362717333757 9 9 9 0.33187541071061172 62 345 63 395 61 382
5623 6.9104292398487743 5.1840161196677226 -0.34586851825696335 8 8 8 0.14229639486297133 103 61 99 53
536 1.8002843396427848 -0.12633201624186866 2.022000808872459 10 10 10 0.45536178939511035 62 346 63 396 61 383
5624 5.4693045280099053 1.6714539956278045 -0.50413918057761165 8 8 8 0.0060502312052723526 101 52 99 89
537 1.7242426941728681 -0.12546224161858804 2.0005944978208561 9 9 9 0.64304515666691309 62 349 63 399 61 386 64 251 67 251 65 198
5625 5.1179725057791243 1.6696020191736478 -0.36345458376109779 164 164 164 0.28696408572337417 103 50 99 97
538 -0.73786913888652317 -0.44260786255853501 1.4822436303292705 124 124 124 0.086817668403969525 56 586 61 396 58 277 60 363 57 420 55 599
5626 5.4777350660457786 1.6839604248173969 -0.48843766082711149 231 231 231 2.0455771565123881 101 177 99 147 102 180 100 203
539 1.5875277653447664 -0.12668447288445367 2.0112479545068487 9 9 9 0.15447510369878861 62 357 61 399 64 255 67 255
5627 4.1334630457685746 2.0197993603744395 -0.54765579254018859 231 231 231 1.1634849590368037 103 211 99 166 102 69 99 108 104 127 112 132 108 25 111 18 109 39 114 94 115 48 107 14 116 125 116 37 119 74 123 160 118 71 122 61 121 30 120 31
540 1.5661927568389147 -0.12666268630141525 2.0075445347417475 9 9 9 0.27202256474862774 62 358 61 400 64 256 67 256 65 201
1132 -1.299467960991997 -0.45665424985330899 1.4878028681297844 112 118 124 0.10173093404037839 60 592 58 529
1134 -1.2698232199663682 -0.43883523238327193 1.5075505175904051 112 118 124 0.2902697693892462 60 597 58 537 57 451
6221 4.3491336793332449 1.6819257483961239 -0.052322579456078981 92 97 112 0.63741508590955953 112 300 115 274 123 644 124 738 117 376 117 418 121 464 125 735
1135 -1.7901103704796582 -0.48644608536595624 1.5164308511001516 7 30 14 0.6560244146765396 56 548 58 539 57 426 55 550 53 527 54 121 52 130 51 179 52 135 50 372
1136 -0.73993785826648062 -0.39033692947089937 1.527471242809785 69 72 79 0.031058527883925328 62 616 58 541 64 442 67 442
6223 3.7051888056636333 1.2474756402430851 -0.40372927094702121 59 62 72 0.5367830181963098 112 339 115 289 116 323 119 629 123 530 118 548 124 654
1137 -1.782812630858702 -0.46706764396361783 1.525882722541485 3 25 8 0.15958554705555889 56 576 58 547 57 449 55 565 53 538 54 524 52 443 51 557 50 494
1138 -0.73017293384695348 -0.18868678823440016 1.6973152188012157 106 108 110 0.19546627312453602 56 930 58 600 57 744 53 1003
1139 -0.73017293384695348 -0.18868678823440016 1.6973152188012157 106 108 110 0.19546627312453602 56 931 58 601 57 745 53 1004
1140 -1.0771403604484877 -0.19318437099789063 1.7036870517200944 97 99 104 0.04415352476471248 59 610 58 614 57 754
1141 -1.0771403604484877 -0.19318437099789063 1.7036870517200944 97 99 104 0.04415352476471248 59 611 58 615 57 755
1142 -1.2846617028515004 -0.19531193298141142 1.7125132076834504 95 98 102 0.057980469445429984 56 750 58 622 57 756 55 714 53 839
1143 -1.2846617028515004 -0.19531193298141142 1.7125132076834504 95 98 102 0.057980469445429984 56 751 58 623 57 757 55 715 53 840
1144 -1.2855812082476372 -0.028002742806436901 1.8570414294586899 75 77 83 0.12157521536689639 56 942 58 643
1145 -1.2854887093441647 -0.028180163967356519 1.8568194500882385 75 77 83 0.1577447697193779 56 943 58 644 57 781
1146 -0.99981887322850604 -0.47706614365117167 1.4650216356190722 124 124 124 0.60945265132270199 56 961 58 660 57 650 55 1065 53 1061
1147 -0.70246102506225638 -0.43018877380795739 1.4925219031566119 124 124 124 0.097552373543507556 61 807 58 668 57 818 55 1091 56 1140
1148 -1.0793204765716564 -0.44999715103730364 1.4866139481979428 12 89 38 0.071061565274497154 56 974 58 671 57 815 55 911 53 1068 54 1012
1150 -0.68031819669317051 -0.28744024977515614 1.6108425043298114 51 59 68 0.094758892203075262 56 1031 58 706 57 866 55 978
1151 -0.78653738442055632 -0.27618000617922173 1.6247078388701222 66 73 82 0.17143830674896268 56 1034 58 710 57 871 55 982 53 981
1152 -0.70909237002840997 -0.25067305497402798 1.6559513466867497 124 124 124 0.13792387183618873 59 701 58 712 57 872
6239 5.2825925266133007 1.5939978342043604 -0.51826243905932501 0 0 0 1.7362543731980036 100 182 104 253 112 328 109 170 108 201 111 255 115 273 111 204 114 282 107 135 97 86 99 193 101 248 102 179 103 232 105 126 114 318 115 324 116 371 116 301 117 378 117 451 121 505 104 88
1154 0.6782834879164249 -0.1028002011789748 2.0562578585682241 28 29 29 0.11743559136922231 60 616 63 714 58 722 64 454 67 454 68 258 69 275
1157 -0.19832858548335638 -0.10906349095697539 2.0632071065373405 28 28 29 0.20855116307182198 56 1081 59 720 60 744 58 747 57 903 55 880
6244 4.1313686544679937 2.0750593708833081 -0.55839368548189272 0 0 0 0.7273997457871566 100 17 106 179 110 179
1158 -1.3338796981759387 -0.028556512396092037 1.8551588381458015 92 93 97 0.20169453677232899 59 737 58 760 57 915 55 1022 53 1020
6245 3.2714919229796173 2.3647092039582027 -0.5435355850087954 0 0 0 2.2292374280666594 108 64 107 24
1159 -1.3338796981759387 -0.028556512396092037 1.8551588381458015 92 93 97 0.20169453677232899 59 738 58 761 57 916 55 1023 53 1021
6246 3.8336901127779415 1.5997114888224475 -0.39264526777845155 0 0 0 0.18786445784860248 108 63 107 25
1160 0.14415040728789608 0.34224451835166098 2.3535964695277278 142 142 142 0.31482357035086639 56 1092 62 657 58 762 57 917
6247 3.8955379186975079 1.6485733098551985 -0.25064379898713351 0 0 0 0.52243987142660508 106 28 110 28 107 29
1161 0.14415040728789608 0.34224451835166098 2.3535964695277278 142 142 142 0.31482357035086639 56 1093 62 658 58 763 57 918
1162 -1.7653601974480659 -0.49821966430990194 1.504131132825272 0 0 0 0.20659881029198623 56 952 58 786 57 938 55 1054 53 886 54 883 52 749 51 650 50 653
6249 5.2918381986159746 1.5988967620372752 -0.52623977352798001 0 0 0 0.15834954178067071 106 54 110 54 107 41
1163 -1.0588627115572498 -0.39389153687811723 1.5348747230315596 30 38 54 0.17063105219892841 61 901 58 801 57 968 54 1095
6250 5.2880537332807993 1.5889271807639229 -0.52281933501830447 0 0 0 0.12274476550000432 109 60 107 42
1164 -1.0588627115572498 -0.39389153687811723 1.5348747230315596 30 38 54 0.17063105219892841 61 902 58 802 57 969 54 1096
6251 4.6719486523788625 2.0033891973581959 -0.57759986926650109 231 231 231 0.59529331621528248 109 65 107 52 112 96 111 102
1165 -1.0075336713963001 -0.2003998477970404 1.6913264698734676 124 124 124 0.43471575317788791 63 852 58 823 57 1001 54 1056
6252 5.2526094637731013 1.6267339382199875 -0.45620271422438013 165 165 165 0.11612722481763416 115 156 107 58
1167 -1.0477910891589621 -0.27586150274155574 1.635762862204575 92 98 106 0.10583081041379337 56 1232 59 860 58 852 57 1035 55 1183 53 1162
6254 5.2546394066025126 1.6562775808037711 -0.39983736525260938 165 165 165 0.28527944178102382 109 91 107 70
1168 -0.0079624140640442743 0.46409361016881889 2.4769820490046204 0 0 0 0.82096806070435302 56 1275 58 861 57 1075 55 1232
1169 -0.99958569303518452 -0.45696106556178906 1.4769262111361616 58 62 72 1.2081797936980649 63 941 58 862 57 1043 55 1202 54 1147
6256 4.3513362369959765 2.0026046207508044 -0.38431443147064498 231 231 231 1.7947745157038859 106 105 110 105 107 82
1170 -1.6263387591190175 0.38623535745575527 2.2107576071023978 6 19 43 0.89481426554580878 56 1339 55 1290 54 1162 52 1010
6257 4.6788973991516789 2.425672358914881 -0.20034919189530936 231 231 231 0.023990679698343769 106 112 110 112 107 95
1171 -1.0073031005797495 -0.40603988678284886 1.5070802091440056 124 124 124 0.03463980800597672 59 911 58 887 55 1246
6258 3.8057965645701795 1.6306766395282681 -0.54106824299921252 0 0 0 0.32352550921911427 108 52 107 104
1172 0.40442299051281744 -0.15185965880039246 2.0398833007853661 29 30 30 1.3829221751483207 63 927 58 894 65 460
1173 -1.0271216720220773 -0.45095816415248885 1.4790902790742757 124 124 124 0.13530441139212446 56 1317 58 910 57 1113 55 1271 53 1242
1174 -1.7893847372007694 -0.45315775492029925 1.527250045077418 0 0 0 0.30184505210740931 56 1279 58 915 57 1081 55 1236 53 1213 52 978
6261 5.5345209616141364 1.8024449356826324 -0.37381824715956136 59 62 72 0.26228526276726766 106 181 110 181 107 116
1175 -1.2959505816134183 -0.13148567389826477 1.7925013412593269 124 124 124 0.39769240738600303 59 949 58 929 51 943
6262 3.894943443945214 1.6460133981691183 -0.25581101522866972 0 0 0 0.64317953051601062 109 141 107 130
1176 0.17949869840745042 0.50607042710751637 2.4883812542727304 142 142 142 0.069748539055455125 60 1025 58 931 57 1132
6263 3.8111784704912957 1.499774711721896 -0.37906357813585251 0 0 0 0.80896214694404889 111 168 107 149 119 508 123 359 115 126 118 486 120 397
1178 -1.6476670803989646 0.42325305460326518 2.3670515006326767 6 19 43 1.1946193642623275 59 901 60 971 57 1108
1179 -1.0389958976485776 -0.2610702585395438 1.5412124791853103 112 118 124 0.62041128215964114 56 1371 58 962 57 1166
1180 -1.0389958976485776 -0.2610702585395438 1.5412124791853103 112 118 124 0.62041128215964114 56 1370 58 963 57 1165
1181 -1.2376168617238039 -0.11273349871376824 1.7658871594768546 124 124 124 0.72768854565427621 56 1373 58 967 57 1169 55 1319 53 1284
6268 5.0906473639323613 1.5942085547146345 -0.50550772582922765 0 0 0 0.93265298021374998 106 248 108 232 110 248 107 187 120 541
1182 -1.3048785090496089 -0.088351723407266755 1.8005023089761962 16 90 39 0.1587101616515198 56 789 60 668 58 457 61 679 60 551 59 465 57 622 53 690
6269 4.9564274957142969 1.8042419925271538 -0.35803969062108548 59 62 72 0.68581350658886675 105 236 107 192 100 232
1183 -1.3746711030424634 -0.21401428876785503 1.7007375200843928 123 123 123 0.13249733954694964 56 439 59 254 58 186 57 291 55 450 53 403 54 386 52 325 51 318
6270 4.9263252830074116 1.7622385585476792 -0.31529877851785187 231 231 231 0.0025693411151639671 109 235 107 193
1184 -0.46623798387166121 0.85606236851176654 2.5936117515235519 107 107 107 2.3095366135651538 61 997 59 903 58 909 60 793 59 750 57 1077 56 1208
6271 3.8933628127996225 1.941947802199091 -0.51645217843358593 231 231 231 0.63022067103371404 106 271 109 249 110 271 107 208 119 861 123 787 118 773 122 712 124 864 117 534 121 583 108 256
1185 -1.8388327455105018 -0.5495859772488958 1.4656847026037385 19 78 30 0.21247462858145594 56 13 57 5 52 16 51 33
6272 4.624157819207543 2.4599066350393142 -0.1892799714990368 8 8 8 0.95883468295368879 102 86 100 93 105 62 104 75 110 42 106 42 109 28 107 31 112 76 108 30 111 85
1186 -1.8382034905435505 -0.54158791029946984 1.4706191614283535 36 46 45 0.2507074318453974 56 20 57 6 50 67
6273 5.0555002419482538 1.7292057968358994 -0.2560895508281395 165 165 165 0.4837098538295555 95 18 101 63 110 108 106 108 107 86 112 201 109 105
1187 -1.8383903504773884 -0.54174091589932638 1.4709137032055821 36 46 45 0.18383524838984111 56 21 57 7 53 6 54 11 52 25 51 44 50 68
6274 5.5561434818996345 1.8427107111470518 -0.33546176104761954 231 231 231 1.2039148731404878 102 4 100 8 105 31 109 159 108 165 111 128 107 127 105 129 104 187 109 190
1188 -1.8442308735220394 -0.53915181423326186 1.4734819720183743 36 46 45 0.13132232503015867 56 25 57 9 55 26 53 11 54 12 52 29 51 47
6275 4.6293950999755609 2.4620584694594996 -0.19671465878206107 228 228 228 1.9760185702952875 100 46 102 10 105 18 104 13 110 11 106 11 109 9 109 12 112 54 108 11 111 9 107 5 107 6 104 14 110 12 106 12 111 10 108 14 107 7 112 55
1189 -1.8442308735220394 -0.53915181423326186 1.4734819720183743 36 46 45 0.13132232503015867 56 26 57 10 55 27 53 12 54 13 52 30 51 48
6276 5.2171135459029427 1.6598535382952315 -0.38967428141041782 127 127 127 0.7064374899482001 112 236 107 75 102 34 110 88 112 101 106 88 109 23 108 136 115 102 122 425 120 306
1190 -1.8615318574466153 -0.53896756434028714 1.4733805299892062 18 76 29 0.08383269222814696 56 24 57 11 53 9 55 25
6277 5.2016140553183519 1.6476260660823154 -0.41074512721800222 0 0 0 0.26983015523457193 115 326 107 178 116 395 122 695 117 495 121 561
1191 -1.8563794462324792 -0.53436879105130308 1.4790081266750656 36 48 46 0.088613494536552359 56 34 57 15 55 42 53 19 54 24 52 39
6278 -0.70364930821318172 1.8883976399513529 -0.43612918913444898 8 8 8 0.026850588038932005 14 85 21 84
1192 -1.8560285104197931 -0.53413641061216299 1.4779741095547152 36 48 46 0.17086408067047607 56 35 57 16 55 43 53 20 54 25 52 40 51 59 50 76
6279 -3.419443275227712 0.19830317524756177 0.032083916147611566 8 8 8 1.0372843707260353 18 178 21 104
1193 -1.8740319265373246 -0.53491719271176075 1.48014423867769 18 76 29 0.15277864471489527 56 33 57 17 55 41 53 18 52 32 54 21 51 51 50 71
6280 -1.4625980673077976 1.5776738141288436 -0.34558572555293027 8 8 8 0.041967903804612204 13 167 21 112
1194 -1.8799246618048457 -0.53230726866142675 1.4824768183038912 18 76 28 0.085769115631092685 56 36 57 18 53 23 55 47 54 26 52 38
6281 -1.4625980673077976 1.5776738141288436 -0.34558572555293027 8 8 8 0.041967903804612204 13 168 21 113
1195 -1.8626706218843023 -0.53188121145506684 1.4816698677300832 35 45 44 0.13537906111116474 56 37 57 19 55 48 53 25 54 27 52 42 51 62
6282 -3.046519659749896 0.88355740671716632 0.11033241929821717 0 0 0 0.48080470566516548 19 174 21 126 22 59 23 59 20 15 25 62
1196 -1.8629344164974444 -0.53218686167239249 1.4824219627926845 35 45 44 0.14932736971483795 56 38 57 20 55 49 53 26 54 28 52 43 51 63 50 81
6283 -1.5347568433203542 1.5081594316269875 -0.091727770830845129 112 118 135 0.37357219777425776 12 87 18 254 19 185 21 130
1197 -1.8795364116957822 -0.5249523075785032 1.4890705337550014 39 49 48 0.12546679611580558 56 45 57 27 55 57 53 35 54 37 52 51 51 71 50 88
6284 -3.1219679568250309 1.0001724510020178 -0.021899439753653157 236 236 236 0.47701019075942996 16 160 21 133 20 141
1198 -1.8795364116957822 -0.5249523075785032 1.4890705337550014 39 49 48 0.12546679611580558 56 46 57 28 55 58 53 36 54 38 52 52 51 72 50 89
6285 -3.9516522051606078 1.2051165981109466 -0.24674876583526895 231 231 231 1.2692948282239227 19 179 21 134 20 120
1199 -1.8853451833578354 -0.52178923072041505 1.4902189620477178 35 45 44 0.11114049185383863 56 50 57 32 55 61 53 40 54 40 52 57 51 76
1200 -1.8853451833578354 -0.52178923072041505 1.4902189620477178 35 45 44 0.11114049185383863 56 51 57 33 55 62 53 41 54 41 52 58 51 77
6287 -1.6019512226067727 1.9514827231265204 0.31243396183194222 116 122 140 0.07646536042564625 17 296 21 137
1201 -1.8913301408309957 -0.51949436467110288 1.4929418497137248 35 45 44 0.12933538213961773 56 55 57 34 55 66 53 46 54 45 52 59 51 80
6288 -3.9496929700346808 1.4061512775798659 -0.49168355055923763 129 129 129 0.79033323538368672 19 191 21 142 22 14 23 14 20 52
1202 -1.8913301408309957 -0.51949436467110288 1.4929418497137248 35 45 44 0.12933538213961773 56 56 57 35 55 67 53 47 54 46 52 60 51 81
6289 -3.1599664195840131 0.92840983623375528 0.055361733997030552 0 0 0 0.36468726739521473 13 319 21 150
1203 -1.8969009451244294 -0.51728007090900163 1.49575571666964 36 46 46 0.10950236722534004 56 59 57 40 55 70 53 50 54 50 52 65 51 85 50 97
6290 -1.6559396626687501 1.8867134795749623 0.34483976059982518 116 122 140 0.40584873921148096 15 288 16 262 17 297 21 153 16 211
1204 -0.69734412624578601 -0.45630848679416486 1.4675364924577838 124 124 124 0.093415017408645495 56 146 57 46 55 246
6291 -1.6709567471742504 1.8263181767286076 0.39169563199731178 116 122 139 0.90325537634926378 15 290 21 154 13 465
1205 -1.9088719641984127 -0.5124470233865116 1.5004881416834013 36 45 45 0.1281413275230156 56 65 57 50 53 67 54 56 52 72 51 92 50 102
6292 -3.3558063578164372 0.9968373055894858 -0.056293044883062165 236 236 236 0.37129564601396747 19 259 21 164
1206 -1.9150288682889445 -0.51003301128525191 1.5034586741779306 35 45 44 0.12258873309168897 56 68 57 53 55 80 53 78 54 57 52 74 51 95 50 106
6293 -2.9634059998305942 0.88010474967115404 0.12753999880891648 236 236 236 0.57896546505233537 18 315 19 215 21 170 22 86 19 242 23 86 20 175
1207 -1.9150288682889445 -0.51003301128525191 1.5034586741779306 35 45 44 0.12258873309168897 56 69 57 54 55 81 53 79 54 58 52 75 51 96 50 107
6294 -3.3347542611806582 0.87281096459797314 0.13381169742531995 236 236 236 0.47610180853783435 18 298 19 268 21 177 22 90 23 90
1208 -1.9205480524820624 -0.50724857733928019 1.5050347039237608 37 47 47 0.10599090677549494 56 72 57 55 55 85 53 85 54 64 52 79 51 99
1209 -1.9205480524820624 -0.50724857733928019 1.5050347039237608 37 47 47 0.10599090677549494 56 73 57 56 55 86 53 86 54 65 52 80 51 100
6296 -0.91144858545780627 1.9937745738033927 -0.30757081403226882 231 231 231 2.4113870087320817 17 413 18 360 19 290 21 206
1210 -0.78244558741064563 -0.45081730602859438 1.4781012270581928 65 68 76 0.18052048240712085 61 51 57 58 62 110
6297 -1.5477259004456525 1.5478733863995919 -0.21024068495232809 0 0 0 2.2830169330533994 11 596 19 291 21 207
1211 -0.78232448671298638 -0.45097463556790529 1.4785941616421125 65 68 76 0.26195401996573608 61 52 57 59
6298 -1.6372632835189118 1.9279789977296595 0.32553627341561842 116 122 140 0.43236676057880907 18 379 19 301 21 215 17 399
1212 -2.0925905126503523 -0.59039900250329058 1.8109589637230301 19 75 29 1.7668564783612362 56 85 55 107
6299 -2.7170371850910144 1.1943363358344143 0.017797835292450871 114 119 137 1.6180592525002533 19 329 21 242
1213 -1.9504818524764604 -0.49534535476680774 1.5183523789117628 36 46 45 0.089929272182988185 56 90 57 79 55 104 51 118
6300 -3.0499429559775955 1.0246870529349124 -0.051215171018775908 0 0 0 1.5039654112947596 13 403 15 321 14 334 16 291 17 281 18 260 16 159 19 192 21 132 21 180 12 485 11 504 15 388 14 434 16 351 14 400 18 322 22 24 22 75 23 24 23 75 20 178 24 33 24 65 25 64 25 101
1214 -1.9548400692715415 -0.49140798396818131 1.5165841857969371 36 45 44 0.087181443328310168 56 98 57 81 55 109
6301 5.0811938107438746 1.5922853932420067 -0.5137429132797442 0 0 0 1.7240914567687615 92 360 94 344 91 344 95 90 97 197 96 115 98 126 103 234 101 305 99 150 102 96 102 217 100 139 105 78 105 180 99 92 104 254 108 196 111 251 115 240 114 277 112 325 110 224 106 224 109 200 116 344 116 294 122 624 117 371 117 447 121 433 121 500 114 245 120 483 116 190
1215 -1.9551049184165676 -0.49160083713177755 1.5171665420939826 36 45 44 0.069681803832966294 56 99 57 82 55 110 53 113
1216 -1.2597826469906188 -0.27559245737795657 0.89474138940569048 19 29 48 0.89358802180276742 59 351 57 83
1218 -1.9663193952351818 -0.48640008148674141 1.5210207096184831 36 46 45 0.11009228711264493 56 109 57 99 55 116 53 121
1219 -1.2685522367727744 -0.43396903247664764 1.4915202195579518 106 112 118 0.09044470621096462 58 306 57 117
1220 -2.0028527028010452 -0.47274394348833904 1.5387489866093165 37 48 46 0.080634066472066834 56 156 57 125 55 148 53 141 54 119 51 152 50 157
1221 -1.9650039868872589 -0.46519614058570469 1.5418226104147041 37 43 44 0.1402917589271932 56 579 57 131 51 403 50 189 48 138 49 138
1222 -1.9649448121720776 -0.46475899727111025 1.5404389933956706 37 43 44 0.28122155061741017 56 580 57 132 55 786 53 745 54 515 52 429 51 404 50 190 48 139 49 139
1223 -0.97451087580297657 -0.39757213107182127 1.5300690094664777 119 119 120 0.013921232591934498 59 94 57 148
1224 -1.9186102270041927 -0.43729765121558173 1.5619652525043541 48 50 51 0.1292969528815531 56 224 57 157 55 232 53 184 54 152 51 225 50 247
1225 -2.0738274241775336 -0.44292826283062497 1.567261288986592 38 49 48 0.073716783140228767 56 216 57 161 55 215 51 182 48 129 49 129
1226 -1.8998133312526757 -0.43332855456061031 1.5675374718327131 3 3 3 0.61455354578859567 56 233 57 164 55 244 51 424
1227 -1.0382681714260387 -0.39315557204910184 1.5311995025012348 0 0 0 0.005057664914342402 59 106 60 131
1228 -1.9096741293111823 -0.42458020723581896 1.5716889629224315 88 90 92 0.12301059733023742 56 248 57 177 55 263 53 206 54 166 52 180 51 430 50 509 48 445 49 445
1229 -0.96817041893626943 -0.37496754376013025 1.5456108473388228 82 86 93 0.15134566968911631 60 427 63 169 57 178 55 339 53 613 54 613
1230 -2.0718175115903001 -0.39873729413337899 1.6051840088896372 50 62 61 0.13456235694224528 56 300 57 193 55 294 51 235 50 255 48 212 49 212 47 158
1231 -2.0906435640157301 -0.38684365704222134 1.6149612630958723 22 26 27 0.099359221694006336 56 320 57 195 50 259 48 218 49 218 47 159
1232 -1.0397204686877564 -0.30399987021264308 1.6089980713512013 43 49 62 0.13988982096454156 58 102 61 462 57 197 54 620 55 671
1233 -1.0397350611430403 -0.30394895061483801 1.6087850890006543 43 49 62 0.090011835699709511 61 463 57 198 54 619
6320 5.2303491582953656 1.6587262714473245 -0.38564293781103581 0 0 0 0.862986615628626 110 195 106 195 107 124 116 264 111 182 114 254 92 169 95 247 98 132 95 167 97 92 103 237 101 259 99 203 102 184 100 144 105 166 104 210 110 212 106 212 109 184 108 206 111 213 114 288 115 250 107 152 115 214 122 532 122 630 117 245 117 425 121 471 120 422 120 457
1234 -0.70802023481108778 -0.28114167543874974 1.6190501964649415 30 45 52 0.25395457859476772 56 693 60 162 57 204 53 639 64 114 67 114 65 90
6321 4.3081754370706209 1.6284594705641362 -0.042055604826229123 60 64 74 1.1033183919453406 112 240 111 154 114 177 115 207 116 133 116 193 108 46 111 53 115 65 119 533 123 499 118 74 118 430 122 471 124 558 121 303 120 87 125 543
1235 -1.0374894989638552 -0.27832199195996754 1.6491617710158801 80 86 94 0.0059464486014297506 56 374 57 225
6322 -6.283095207544096 1.4599674004587098 1.6293478859259711 105 103 103 0.71467590678248816 44 7 45 23 46 12 41 20 42 32 38 19 43 84
1236 -1.342205294273908 -0.2737707048185713 1.6503446146763809 121 121 122 0.91064973360560331 56 705 57 253 53 367
6323 -4.3075967325807847 0.5928509289458721 1.0888356418745901 69 72 84 0.85297436222181411 39 63 40 63 38 21
1237 -0.67575907464210316 -0.23443092041088376 1.656562494646765 122 122 122 0.10713462728255915 56 428 57 255 55 465 53 667
6324 -3.1691373657771744 1.0916487695251891 -0.054908495468208009 236 236 236 0.0069521975304240652 39 136 40 136 38 78
1238 -1.0395401474230579 -0.24702057749043385 1.6578147741542355 48 53 65 0.035206207068053455 56 416 58 158 57 262
6325 -4.3890208640692672 1.4218469044309145 -0.5662129618996391 231 231 231 0.41891024221195172 39 221 40 221 38 96
1239 -1.3511475613720187 -0.25485067192478311 1.6647600731195202 109 115 121 0.182174485704302 60 255 57 264 55 413 54 375 53 381 52 320 51 479
6326 -3.5147808294328984 0.62908983290162601 1.3884636592830795 228 228 228 0.36107075881239037 45 185 38 133
1240 -1.3091606486462097 -0.25028611498070913 1.66868060297621 122 122 122 0.26453409307267484 56 410 57 268 55 428 54 621 52 527 51 481
1241 -0.74497487951277641 -0.20174825114723052 1.6869945150640571 120 120 120 0.13481160199188322 58 161 57 274 53 465
1242 -1.0317014132643492 -0.21423532042780771 1.6859282414322172 119 120 121 0.040737325250488038 56 437 57 276
1243 -1.3042263093914761 -0.19411040645558131 1.7127293306299312 93 96 101 0.15430248034290747 56 458 57 303 54 635 52 535 51 490
6330 -3.208171913281372 1.0931708366886772 -0.034254592698431091 236 236 236 0.05605685183797552 39 250 40 250 38 179
1244 -1.3490048781374455 -0.19480746783030276 1.7150520371217095 95 97 102 0.10852292718798363 58 190 57 306 52 339 51 336
6331 -3.208171913281372 1.0931708366886772 -0.034254592698431091 236 236 236 0.05605685183797552 39 251 40 251 38 180
1246 -1.3001186084298184 -0.027058206228504925 1.8585320727291195 64 67 75 0.24122822287107581 56 804 57 349 54 460
6333 -3.1772641425271639 1.0985238451979971 -0.053483528631972588 236 236 236 0.23513204812426872 39 256 40 256 38 182
1247 -1.7852492768067161 -0.57121141368861328 1.4427991879323887 16 80 31 0.27849307656315803 58 254 57 368 51 383
6334 -4.2900271254215481 1.6271563026670834 -0.40980515432515413 231 231 231 1.2308132465030734 39 109 40 109 38 191
1248 -1.7904785269801533 -0.56476052223918827 1.4459813852794201 2 3 3 0.34247676754696049 58 256 57 371 51 17
6335 -3.0927360474322345 1.024121986709726 0.021893925069639372 236 236 236 0.22045866120746327 39 281 40 281 38 201
1249 -1.8384822049869571 -0.54608055303217606 1.4691690053003899 2 6 4 0.23889137874987698 56 524 57 382 54 7 55 5 52 411 51 385 50 327
6336 -3.0105879012665415 0.99891502034998281 0.053220130028645493 0 0 0 0.69798563667376567 39 284 40 284 38 202
1250 -1.8440074742317285 -0.54333590547516741 1.4704258280246396 3 6 5 0.23925882880253574 56 525 57 384 51 386 50 328
6337 -3.5468488883663674 0.63013413024789011 1.310548674042415 0 0 0 0.4722951990532735 44 273 46 291 38 205
1251 -1.850104733930289 -0.54096591836711494 1.4734070920291307 3 5 4 0.17850510515573745 56 526 57 385 52 412 51 387
6338 -3.5468488883663674 0.63013413024789011 1.310548674042415 0 0 0 0.4722951990532735 44 274 46 292 38 206
1252 -0.74526000322153252 -0.47947304647989863 1.4565338145795612 124 124 124 0.1475192257846667 58 258 59 325 57 390
1253 -1.8850288509391033 -0.52620611734014411 1.4878436079570918 4 4 5 0.14862870426054844 56 532 57 393 51 390
1254 -1.8773929342433107 -0.48226353354391693 1.5282748519506006 43 55 53 0.16456770049618122 56 563 57 434 55 552 53 136 48 161 49 161
1255 -1.8900434800035886 -0.47943968038343698 1.5256935529325681 11 15 16 0.14195651637444853 56 564 57 439 55 135 53 138 54 120 52 423 51 398 50 357
6342 -3.1908519881236037 1.09325292003702 -0.043755878549332619 236 236 236 0.035526297097529379 39 361 40 361 38 258
1256 -1.8813744965058579 -0.47744436703336646 1.5280064168427332 7 8 9 0.22573187805630091 56 565 57 441 54 123 52 426 50 361 48 417 49 417
6343 -3.1908519881236037 1.09325292003702 -0.043755878549332619 236 236 236 0.035526297097529379 39 362 40 362 38 259
1257 -1.8867272131032837 -0.47554345269155207 1.5270908244869639 46 58 56 0.23222940342864229 56 568 57 443 55 557 48 314 49 314
1258 -1.8866703352669298 -0.47547238288894317 1.526896366513782 46 58 56 0.17289050892464905 56 569 57 444 55 558 53 529 54 513 52 427 51 406 50 360 48 315 49 315
6345 -3.0201508068073024 1.0076002933680215 0.047616859037943368 0 0 0 0.64069577737744721 39 364 40 364 38 272
1259 -1.8769510094819648 -0.47603674281991859 1.5309381149963648 58 67 67 0.10111457557089135 56 141 57 445 55 143 53 146 52 133 51 174 50 206 48 181 49 181
1260 -1.8769510094819648 -0.47603674281991859 1.5309381149963648 58 67 67 0.10111457557089135 56 142 57 446 55 144 53 147 52 132 51 173 50 205 48 180 49 180
1261 -1.8692662109233804 -0.47502695804694905 1.5298742342960123 11 13 14 0.20601413345903258 56 570 57 447 53 149 51 177 50 370 48 326 49 326
6348 -0.78046796284297126 9.5758180559794059 -1.1299636319234758 0 0 0 1.7301106914093205 109 142 22 27 23 27
1262 -0.75248511516610106 -0.41144624504585448 1.5102696132900348 124 124 124 0.099947809129026552 58 300 60 381 57 459 55 616
6349 -2.9548510164045201 0.88533461862646912 0.13041301529239319 236 236 236 0.52923715479638223 21 135 22 40 23 40
1263 -2.0499184713241689 -0.45175871654263772 1.555559529167611 36 45 44 0.11287090612215149 56 197 57 471 55 181 53 161 51 169
6350 -3.850847495668674 0.51002737010751764 -0.054869623102862905 231 231 231 1.1813157470713096 21 188 22 47 23 47
1264 -2.0499980961303517 -0.45189073730979945 1.5557718037343096 36 45 44 0.12358044478720374 56 198 57 472 55 182 53 162 54 136 52 143 51 170 50 181
6351 -3.1921680206772982 0.9631363444606682 0.025690593336302692 236 236 236 0.089457797416330767 18 291 22 52 23 52
1265 -2.0782502404384364 -0.45202107427806659 1.5588457356281951 15 23 18 0.044710683210088184 56 596 57 475
6352 -3.1921680206772982 0.9631363444606682 0.025690593336302692 236 236 236 0.089457797416330767 18 292 22 53 23 53
1266 -0.73548017916179631 -0.37301080168495071 1.5448603107964838 101 103 107 0.10590457605203264 56 657 57 487 53 807
6353 -3.3348459909339967 0.87347049743032046 0.13398266962456326 236 236 236 0.64086678908365979 21 178 22 91 23 91 20 162
1267 -0.73548017916179631 -0.37301080168495071 1.5448603107964838 101 103 107 0.10590457605203264 56 658 57 488 53 808
6354 -3.1597000971800369 0.93382788982013487 0.053028744925598219 0 0 0 0.16385088493982461 21 189 22 96 23 96
1268 -1.9153803378381116 -0.42700608289339415 1.5718022673412166 4 4 5 0.19220190696596462 56 609 57 496 55 261 53 202 54 161 52 447 51 428 50 406 48 442 49 442
6355 -3.1986113401177394 0.97814182079103928 -0.0025131749445755761 0 0 0 1.0696559174028091 15 362 21 184 22 94 6 144 13 410 15 330 14 340 16 300 17 339 16 337 18 287 18 316 19 212 19 233 21 165 23 94 20 152 20 167 24 80 25 86 26 94 27 126 28 129 29 127 31 131 32 109 33 90 30 96
1269 -1.9212194509091132 -0.42575121036892732 1.5732403575292204 87 90 91 0.094365730828277233 56 244 57 498 55 591 53 203 54 163 52 178 51 427 50 405 48 351 49 351
6356 -3.1869980281935484 0.97365665709810867 0.0057544276979005198 0 0 0 1.0260934173268805 15 205 16 206 22 50 12 300 6 143 13 409 10 341 21 148 23 50 24 49 26 15 29 70
1270 -1.9203991068235311 -0.42519266027768854 1.5710090911997225 87 90 91 0.07585465320662535 56 245 57 499 55 592 53 204 54 164
6357 -1.7809095893743554 2.0834845502588686 -0.051248682371053761 231 231 231 1.3547329139080988 21 17 22 6 23 6 20 8
1271 -1.9312622604561245 -0.42115815389358968 1.5761928755160255 14 16 16 0.08147350843799557 56 253 57 507 50 408 48 352 49 352
1272 -1.9260563971899753 -0.42107759820322743 1.5766463142384992 2 4 2 0.16661087353594628 56 611 57 508 55 597 53 561 54 532 52 448 51 432 50 508 48 443 49 443
6359 -3.1933439386889351 0.97631367837709815 0.0073005192801572213 236 236 236 0.26304778433209713 19 169 22 35 23 35 24 35 26 68
1273 -1.9993235819677304 -0.41972162328354107 1.5843625349809145 10 12 14 0.3822593318983849 56 258 57 510 55 269 54 159 52 177 50 394 48 342 49 342 47 273
6360 -3.1930453808408119 0.97687831999814023 0.0072023222432017267 236 236 236 0.3488791825780545 19 170 22 36 23 36 24 36 25 44 26 69 29 71
1274 -1.9309595899516008 -0.41103860260608027 1.5849996170462006 2 3 3 0.10249890473220459 56 270 57 520 53 227 54 188 52 184 51 248 50 269
1275 -1.9312091661937876 -0.41130273290328107 1.5857322823839641 2 3 3 0.091941054513372616 56 271 57 521 54 189 52 185 51 249 50 270 48 362 49 362
6362 -3.3131128201242346 0.49070881134944233 -0.044943742309188899 8 8 8 0.61022861909552295 13 165 20 112
1276 -1.9162235730733039 -0.41051234286274207 1.586280088174332 5 6 6 0.073396772760351656 56 615 57 522 55 603 53 566 54 535 52 454 51 573 50 517 48 453 49 453
6363 -2.9241378272759362 1.1578961932320433 -0.21442801869658845 8 8 8 0.18360294607557615 14 250 20 117
1277 -1.9162235730733039 -0.41051234286274207 1.586280088174332 5 6 6 0.073396772760351656 56 616 57 523 55 604 53 567 54 536 52 455 51 572 50 516 48 452 49 452
6364 -3.976918871978024 0.78496395572451971 -0.12543197084035598 230 230 230 1.1274733793895535 22 20 23 20 20 124
1278 -1.9212265468036454 -0.40559963034363195 1.5894590258493435 73 76 78 0.16021368029487587 56 621 57 524 55 607 53 572 54 543 52 459 51 446 50 421 48 372 49 372
6365 -3.2609631180820093 1.0213523266032052 -0.04900467345569276 0 0 0 0.18601646553364301 17 290 20 125 26 42
1279 -2.0667451451413728 -0.40519009324993333 1.5981857850919721 16 18 19 0.13612347824082521 56 624 57 528 55 284 53 224 54 180 52 179 51 229 50 396 48 340 49 340 47 264
6366 -3.2618808785789342 1.0197279370681926 -0.048827802737104242 0 0 0 0.092621019138985197 17 291 18 229 20 126
1280 -2.0623458423539014 -0.4016818004552406 1.5986564397509542 50 62 60 0.10652174044728509 56 627 57 531 55 290 53 229 54 185 52 182 51 231 50 254 48 343 49 343 47 266
6367 -3.3358232787995203 0.87813202052409833 0.13709993119382424 236 236 236 1.1680656235412137 22 8 23 8 20 131 25 97 24 44 27 84
1281 -2.094281597534049 -0.38812151535969952 1.611244563913371 50 63 61 0.13403419271203332 56 316 57 533 54 201 51 247 50 257 48 216 49 216 47 272
1283 -2.0763662701263481 -0.38807232862755531 1.6131915243868895 14 16 18 0.1790373213557446 56 319 57 535 53 242 52 188
6370 -3.1563081284734866 0.93047967208161997 0.056175330947540181 0 0 0 0.75137328466325726 18 222 20 143 26 52 25 52 28 83
1284 -2.1198103506432098 -0.37882571363402828 1.625273383587466 51 65 62 0.1671206675771254 56 665 57 538 55 615 53 245 54 208 52 190 51 250 50 261 48 222 49 222 47 274
6371 -3.2547479125880669 1.033175398373128 -0.04890225566407768 0 0 0 0.08987533423472148 22 64 23 64 20 148 24 55
1285 -2.0462226357620348 -0.34581096639034886 1.646401524493327 2 25 8 0.2448080268118262 56 671 57 551 55 643 53 269 52 489 51 266 50 437 47 306
6372 -3.3359576881417854 1.0551448620737938 -0.064816305880124811 236 236 236 0.19697598662949575 22 62 23 62 20 150
1286 -1.3206892830546679 -0.28150508335771435 1.6408090037070235 16 33 47 0.11143154593687418 56 694 57 557 55 676 53 625 54 616 52 702 51 610
6373 -3.1850685229426139 0.9701788681557082 0.0081609876805601063 0 0 0 0.18447677947374752 19 236 22 69 23 69 20 155
1287 -1.3399662157371566 -0.2669052323515036 1.6519283690223814 124 124 124 0.83227377076954578 60 755 57 566 54 951 52 811 51 781
6374 -3.1029014241842696 0.94740558243098727 0.080747844310344874 236 236 236 0.52115806252052399 22 57 23 57 20 159
1288 -1.3308911445473794 -0.19512540014777136 1.7129639514353707 96 99 103 0.058667992412669991 56 748 57 603 55 710 53 650 51 618
1289 -1.3308911445473794 -0.19512540014777136 1.7129639514353707 96 99 103 0.058667992412669991 56 749 57 604 55 711 53 651 51 619
6376 -3.259908444238095 1.0191495040190166 -0.047865500800177777 0 0 0 0.12449104950975121 14 384 21 146
1290 -1.050827875930493 -0.078853069037938789 1.8056315036083554 124 124 124 0.12617906227826189 62 538 57 620 54 676
6377 -2.8138408131094192 1.65196605316634 -0.57449254279656814 231 231 231 1.6134994787477261 22 46 23 46 24 46
1291 -1.3242175817641921 -0.07709640244332408 1.8153084196192368 124 124 124 0.076546979397312642 56 790 57 627 52 718
1292 -1.8759452537246719 -0.51206555327549064 1.4989094374728797 57 72 69 0.095223992377388794 56 834 57 651 55 776 53 741 54 724 52 598 51 529 48 483 49 483
6379 -3.9811539676401675 1.2783643332509458 -0.25380243428571503 231 231 231 0.17012763625066377 22 18 23 18 24 27
1293 -1.8762728038656327 -0.49182155078852535 1.5168236212522963 52 66 63 0.14026283304950871 56 543 57 660 53 522 52 416 51 543 52 599 50 476 48 409 49 409
1294 -1.8762754297782962 -0.49182392668781844 1.5168238360535056 52 66 63 0.15508194681362036 56 544 57 661 53 523 52 417 51 544 50 475 48 408 49 408
1295 -1.8990255164724104 -0.47299424730335599 1.5380192401023929 44 56 55 0.26892511600475616 56 572 57 663 55 560 53 532 54 514 52 431 51 409 50 484 48 318 50 365 49 318
6382 -3.1559067072921736 0.93187479315784105 0.056155439009259123 0 0 0 0.66480437141612292 20 142 22 54 23 54 24 40 26 51 25 51 27 100 28 82 29 41
1297 -1.9060410190004882 -0.46651827705101445 1.5330951746566759 44 56 54 0.25184093979925626 56 578 57 666 55 564 53 535 54 518 52 434 51 413 50 369 48 321 49 321
6384 -3.3774182446605452 0.38441052791914959 0.091549225867087608 236 236 236 1.2878530220736495 13 84 24 51
1298 -2.0196868544090796 -0.46999835644934584 1.5451799152119934 4 5 5 0.12996368319827672 56 844 57 669 55 559 53 530 54 509 52 421 51 395 50 354 48 405 49 405
6385 -2.974551955751557 1.0318515127979142 -0.06939116665238719 236 236 236 1.1468918090505258 22 22 23 22 24 53 25 32 26 84 28 115
1299 -1.8501754189132131 -0.46404175566248207 1.562561652265964 71 74 76 1.313128544432141 58 560 57 670 54 526 53 165 52 156 51 213 50 242 48 209 49 209
6386 -3.2545325393264219 1.0340166790062852 -0.048957971210378433 0 0 0 0.082204260303457746 22 65 23 65 24 56
1300 -1.9325227890921954 -0.46258111407899144 1.5435189888189862 11 13 14 0.11761724355205808 56 845 57 671 55 570 53 537 54 521 52 437 51 549 50 485 48 418 49 418
6387 -3.2577059400812844 1.0167054793237971 -0.045708458185163371 0 0 0 0.87787377466566541 22 79 23 79 24 68 26 82 25 85 27 151 28 107 29 125 31 118 32 107 33 88 36 96
1301 -1.9313195866311859 -0.45822176591942088 1.5489142603527781 45 58 56 0.080443621220512213 56 589 57 673 55 573 53 541 54 522 52 441 51 416 50 373 48 327 49 327
6388 -3.2199425186040065 0.90602268530365404 0.081760886865839932 236 236 236 0.27329026205825258 22 72 23 72 24 73 27 143 31 106
1302 -1.8758273501497178 -0.44462814056845712 1.55584566442001 76 79 81 0.10127163686109519 56 848 57 674 55 790 53 753 54 529 52 615 51 561 50 501 48 437 49 437
6389 -3.2197705370234013 0.90662050726806065 0.08170353059781002 236 236 236 0.30270011660779961 22 73 23 73 24 74 27 144 31 107 32 100
1303 -1.893331528326365 -0.42295364040766475 1.5763115848352742 74 76 78 0.30512973377013758 56 850 57 688 55 796 53 759 54 741 52 625 51 568 50 514 50 580 48 449 49 449
6390 -3.3121544907461944 1.1871962026155627 -0.084131829947075715 236 236 236 1.3542970147520188 22 25 23 25 24 78
1304 -1.0079142984439733 -0.37544387744732716 1.5475242408415668 89 92 98 0.11828597568617566 58 562 57 689 53 937 54 946
6391 -3.3121544907461944 1.1871962026155627 -0.084131829947075715 236 236 236 1.3542970147520188 22 26 23 26 24 79
1305 -2.0835674255531274 -0.42415947413621069 1.5834872968265605 66 82 79 0.21180412568947291 56 851 57 695 55 794 53 754 54 731 52 612 51 556 50 488 48 501 49 501 47 395
1306 -2.0131566802772283 -0.4227210556688305 1.5857398302213934 21 26 27 0.28984098290824789 56 852 57 696 55 795 53 757 54 734 52 616 51 420 54 530 50 495 48 429 49 429 47 346
6393 -3.3353610941233969 0.99601354432383638 -0.046591594643558588 236 236 236 0.98797899430709213 22 117 23 117 24 98 25 126
1307 -2.0838046054692323 -0.40497425131943005 1.6007840103997213 59 74 71 0.17619276822823535 56 855 57 708 55 798 53 760 54 744 52 620 51 562 50 497 48 508 49 508 47 405
6394 -3.3288616813949163 1.0309938193563342 -0.0508971051427645 236 236 236 1.8740654152051719 22 118 23 118 24 99 25 127 28 154
1308 -2.0838046054692323 -0.40497425131943005 1.6007840103997213 59 74 71 0.17619276822823535 56 856 57 709 55 799 53 761 54 745 52 621 51 563 50 496 48 507 49 507 47 404
1309 -2.0569945215440573 -0.40361757413614108 1.6018290378249846 23 28 29 0.21613006623511058 56 857 57 710 51 429
6396 -3.2101665652890459 0.96197664714763187 0.017926530805630839 236 236 236 0.66986570342872509 21 227 24 116 25 132 26 120 27 173 28 159 29 158 31 171 32 145 33 121 30 137 36 168 37 167 34 116 35 198
1310 -2.0976246952387032 -0.39800517962923071 1.6048504444187528 60 75 71 0.159369360694401 56 858 57 711 55 800 53 764 54 748 52 623 51 567 50 502 48 430 49 430 47 345
6397 -3.1336789868637016 0.99274921114956072 -0.0044421862791879053 236 236 236 1.6282361445846398 20 210 22 119 23 119 24 121 25 137 26 125 27 183
1311 -2.0815060707513298 -0.39277273409868307 1.6049281001561115 50 63 61 0.1453993660659301 56 632 57 712 55 608 53 573 54 537 52 451 51 238 50 401 48 347 49 347 47 269
1313 -2.0771363020819233 -0.39124356562910234 1.6112913946515048 13 15 17 0.45010504673182283 56 863 57 715 55 801 54 541 51 436 50 506 48 438 49 438 47 350
6400 -4.4550164116641833 1.6876656193169912 -0.38070849227812981 231 231 231 0.90926861975902551 22 19 23 19 24 26 25 22 26 34 27 57 28 46 29 58 31 42 32 48 33 36 30 39
1314 -2.1212525694489277 -0.38301296520710443 1.6201552098211132 13 15 16 0.098496664398785558 56 880 57 716 55 804 53 579 54 547 52 456 51 440 50 407 48 436 49 436 47 348
6401 -3.9722224415748952 1.247830475495544 -0.25420134277750844 8 8 8 0.76463882249548365 22 61 23 61 25 23 28 50
1315 -2.1184939823568185 -0.38185141436997322 1.6147729660282271 13 15 16 0.087204546901046023 56 881 57 717 55 805
6402 -4.491649746828914 1.762652754215464 -0.32483971057175692 71 74 86 1.4657524791544589 22 23 23 23 25 26 31 45 29 100 32 51 33 40
1316 -2.0376687092873511 -0.35489644861968217 1.6379645037071675 3 24 8 0.20678015306445338 56 669 57 718 55 635 53 586 54 567 52 478 51 461 50 527 48 460 49 460 47 360
6403 -4.5277800900376022 1.9172780610954858 -0.23576079476789966 231 231 231 0.32264612426972039 22 51 23 51 24 32 25 28 26 40 27 62
1317 -0.78125338174300774 -0.28590509472497727 1.6195977614153951 39 45 58 0.31977389630603775 61 615 57 720 55 839 53 828
6404 -3.3359576881417841 1.0551448620737993 -0.064816305880125727 0 0 0 0.19697598662960991 20 151 22 63 23 63
1318 -0.22573424867070266 -0.19254029742203307 1.9406002246804495 57 57 57 0.32189397778073919 56 1077 59 583 57 740
6405 -3.1596697623888979 0.96492720636637108 0.0046613217243222094 0 0 0 0.0014265731446008179 24 34 25 40
1319 -0.76188068105775852 -0.46725075082171763 1.4576908065802801 124 124 124 0.11310651084843759 56 967 57 801 55 909 58 655
6406 -4.5019878649321701 1.8048028314112152 -0.28378945735032846 66 70 81 0.88249742765181927 22 48 23 48 24 47 25 72 26 63 27 104
1321 -1.3094475385490543 -0.4662818681842037 1.4827779129607703 116 120 124 0.17262022837470617 56 970 57 810 55 905 53 896 54 894 52 868
1322 -1.911527445345143 -0.49690571542581824 1.5138183507506942 60 75 72 0.13876867386824521 56 953 57 812 55 895
6409 -3.1943210003265521 0.96056517191189539 0.025140340065465647 236 236 236 0.45978616378127501 22 70 23 70 25 90 26 76
1323 -1.8465005947075439 -0.48822681037791027 1.5123101261967531 64 73 73 0.29543944902355507 56 964 57 817 55 896 53 887 54 884 52 748 51 649 50 556 48 496 49 496
6410 -3.1936832115851468 0.96261363595591753 0.025054912368084346 236 236 236 0.42153131333215382 22 71 23 71 25 91 26 75 29 90 31 86
1324 -2.070918469718062 -0.4382377157197222 1.5730709317582461 9 11 12 0.1706592000381186 56 982 57 851 55 910 53 894 54 730 52 604 51 553 50 560 48 495 49 495 47 392
6411 -4.5858262225474515 1.9836394744925638 -0.19244400072937234 82 87 100 1.3855228858814779 22 113 23 113 24 100 25 116
1325 -2.0220978983218609 -0.4162073234568015 1.5816016618355206 21 25 26 0.22712505311439318 56 989 57 856 55 916 53 758 53 900 54 738 54 891 52 617 52 758 51 660 50 569 48 511 49 511 47 409
1326 -2.0756264007645768 -0.4032721884546499 1.6014043593944083 14 15 17 0.39928737498946965 56 1003 57 860 53 763 54 747 52 622 51 566 50 571 48 512 49 512 47 408
1327 -2.0700714591343004 -0.39206394241902498 1.6166990847829266 62 71 71 0.4305940293888485 56 1007 57 863 55 925 53 768 54 896 52 768 51 670 50 574 48 518 49 518 47 414
6414 -3.192432929470979 0.97668261857985417 -0.018549419211998271 236 236 236 0.084798702623948258 25 34 26 24
1328 -2.0829309988179276 -0.38294130018243061 1.6133091428241715 64 73 73 0.18888919411804464 56 1016 57 865 55 928 53 769 53 908 54 751 54 898 52 630 51 571 51 673 50 511 50 578 48 441 48 519 49 441 49 519 47 415
6415 -4.3997930660347349 1.3864054514874971 -0.52345414381360478 59 62 72 0.90726410564361437 25 19 26 28 27 36 29 12 29 51 33 11 30 6 36 56 37 75 34 7 35 9
1329 -2.0503514165987999 -0.35200541671650187 1.6445895778557833 12 90 38 0.13381152771052152 56 1020 57 868 55 1118 53 917 54 1014 52 776 51 685 50 672 48 598 49 598 47 490
6416 -4.3996708325427649 1.3852920619793856 -0.51423122117828302 112 117 135 0.69033285981782477 25 20 26 29 29 53 31 39 32 17 37 34
1330 -1.3167324822212343 -0.26899954640573759 1.6521609068731875 124 124 124 0.16285669403221439 56 1040 57 874 53 975 54 953 52 813 51 713
6417 -3.9635953653946929 1.4492598532840273 -0.51164891883162422 129 129 129 0.3939872303044803 25 21 26 30 29 55
1331 -1.3167324822212343 -0.26899954640573759 1.6521609068731875 124 124 124 0.16285669403221439 56 1041 57 875 53 976 54 954 52 814 51 714
1332 -1.3443615328561729 -0.21300901302021877 1.6958687396767342 73 75 82 0.21579117199988529 56 1197 57 892 55 986 53 1118 54 1048 52 887
6419 -2.9261402871094533 1.1789192948371843 -0.23134483283863966 231 231 231 1.3385515108261563 24 23 26 38 31 51 32 37
1334 -1.8841523991417573 -0.51392148720843922 1.4952545543322735 8 10 11 0.13550052330333359 56 1115 57 933 55 1051 53 1043 54 992 52 846 51 751 50 646
1335 -0.98442615325116145 -0.45468608058789639 1.4758275066361088 124 124 124 0.15614464037419468 56 1130 57 939 55 1070 53 1071 53 1149
6422 -3.3281359535183319 0.90007512553553815 0.13620699483704526 0 0 0 1.6637497507765744 20 132 24 85
1336 -1.9194365431645117 -0.4992697883273684 1.5077418687655972 9 10 12 0.11280554765988307 56 1119 57 941 55 1053 54 880
1337 -0.77815086089462582 -0.44328556909126382 1.4783645988401568 124 124 124 0.081136675731539459 56 1133 57 942 55 1081 53 1083
6424 -3.2572828824584543 0.88549980879145529 0.1154282581427782 0 0 0 0.2907102938351408 25 60 26 56 27 83 28 24 27 34
1338 -0.77794211102002486 -0.4435282217861648 1.4789771689842568 124 124 124 0.076071568270987988 56 1134 57 943 55 1082
6425 -4.5068263117057921 1.5641359276957494 0.1708274764447954 59 62 72 0.99215963104043325 25 69 26 70 27 94 28 76
1339 -1.8714905022272461 -0.48805529162824379 1.5246230020504545 17 20 22 0.20814708723091208 56 965 57 947 55 897 53 888 54 885 52 747 51 648 50 555 48 494 49 494
1340 -1.880597455090798 -0.48413881156378585 1.5200418737158679 6 7 8 0.60438325495876899 56 968 57 948 55 898 54 886 52 750 51 647 52 746 50 650 48 576 49 576
1341 -1.8739193158475522 -0.47911111350721441 1.529282167879833 56 65 65 0.18242923485442342 56 972 57 949 55 901 53 891 54 888 52 852 51 651 50 654 48 580 49 580
1342 -1.9020566316216805 -0.47796945422657705 1.529666666433279 9 11 12 0.56453976426500507 56 1126 57 952 55 902 53 890 54 887 52 851 51 753 50 652 48 577 49 577
1344 -1.8621712953261886 -0.44838396739634528 1.5520330926228014 88 88 88 0.09874009977172428 56 1136 57 957 55 1066 53 1056 50 662 48 587 49 587
6431 -4.4336049691485808 1.3325339731399886 -0.49661744694187526 231 231 231 0.36088673513419517 25 113 26 103 28 144 26 107 29 141 31 149 32 128 33 106 30 117 36 154
1345 -0.72196088066411179 -0.38935828625282221 1.5197169652957687 78 80 86 0.21501974968045856 59 776 57 959 55 1115
6432 -4.4341833248236204 1.3331953440096198 -0.49703815209561714 231 231 231 0.40745103261016474 25 114 26 104 28 145 26 108 29 142 31 150 32 129 33 107 30 118 36 155 37 153 34 106 35 194
1346 -1.1053409625118522 -0.3959601179070254 1.5364697621119712 50 55 66 0.090232916677083039 56 1157 57 966 55 1101 53 1097 54 1093
6433 -3.9518700272400231 1.4520012231824011 -0.49605209989763427 129 129 129 0.60353159798715583 24 95 26 109
1347 -1.1049310723205101 -0.39684216158410102 1.5398147198205456 50 55 66 0.079851639440937275 56 1158 57 967 55 1102
6434 -4.5010369152558383 1.7514890395286244 -0.32452295771824347 68 72 83 0.37796591098604432 24 113 26 114 29 146
1348 -2.0786081482447694 -0.43333016040467204 1.5782798916193885 12 14 15 0.49354366517171455 56 1145 57 975 55 1071 53 895 54 890 52 754 50 655 48 579 49 579 47 470
6435 -4.4214785657775604 1.3621817128586238 -0.54206442737417848 59 62 72 0.59216929565544785 25 136 26 124 27 169 28 151 29 155 31 162 32 137 33 105 30 116 36 153 37 152 34 105 35 193
1349 -2.0666722445446646 -0.42945745084878395 1.578098268875044 67 82 79 0.34627489831405606 56 1148 57 976 55 1072 53 1059 54 998 52 857 51 758 50 657 48 630 49 630 47 520
1350 -2.0570862485411672 -0.42546516905332105 1.5849141057836005 12 13 14 0.23011951294754912 56 1149 57 980 55 1079 54 999 52 858 51 760 48 582 49 582 47 473
1351 -2.0055108426207022 -0.41562753967527638 1.5803608008163677 62 72 71 0.25376710480903597 56 1150 57 982 55 1083 53 902 54 1003 52 759 51 661 51 765 50 664 48 584 49 584 47 479
6438 -3.5451382708545212 0.60531449628056533 1.3536163982732898 0 0 0 0.36612380329406674 39 335 40 335 119 82 123 92
1352 -2.0675048052314984 -0.41506723727702716 1.5929282747580145 61 76 73 0.30275482175114238 56 1152 57 983 55 1084 53 1065 54 1002 51 761 50 660 48 583 49 583
1353 -2.1446878094404722 -0.36082600422525568 1.646424715883543 67 76 76 0.45051366805677279 56 1175 57 984 55 942 53 1079 54 901 52 867 51 680 51 769 50 669 48 522 49 522 47 481
1354 -2.172603676611585 -0.30602729453836885 1.6877981382639882 86 89 90 0.29841566956282267 56 1029 57 995 55 1123 53 934 54 1023 52 787 51 777 50 675 48 600 49 600 47 493
1355 -1.036799270555721 -0.20057057646778942 1.6992275092254614 124 124 124 0.16366828632225977 60 864 57 1003 55 1140 53 1125 54 1055
1356 -0.26167011620607139 -0.18177722862154913 1.8976193572244975 0 0 0 2.3841559339717531 58 724 59 893 57 1004 58 896
6443 3.5524981131109019 1.0349129532148846 -0.33480024985023443 59 62 72 0.445927240936493 115 185 119 203 114 227 123 195 118 227 122 236 124 174 121 150 126 198 125 183
1357 -1.8922505586065042 -0.50292790272435894 1.5076778706987368 60 75 71 0.39841908954933203 56 1118 57 1016 55 1052 53 1046 54 993 52 849 51 813 50 689 48 663 49 663
1358 -1.8922404209538948 -0.48857793164071345 1.5207254377863022 55 69 66 0.63864560461715847 56 1122 57 1019 55 1055 53 1049 54 997 52 850 51 815 50 692 48 628 49 628
6445 -3.487746609047865 0.64802574059320261 1.4968551581664065 228 228 228 0.37585060389413039 51 955 119 265
1359 -1.2783339028044938 -0.44210856819929023 1.498741265079468 112 118 124 0.44117280013310778 59 843 57 1021 60 907 54 1081
6446 -3.4592799914400394 0.75804187023904113 1.4343245089395862 0 0 0 1.2787541310950461 43 387 51 944 119 269 123 278 124 222 125 243
1360 -1.9386424270530282 -0.47695072631170543 1.5315682019694592 9 10 12 0.3538339340845395 56 1212 57 1022 55 1157 53 1050 54 1070 50 693
6447 -3.4650974843283708 0.7094228340177573 1.498064811194262 0 0 0 1.1043364590116611 42 342 119 270 118 297 125 159 122 308
1361 -2.0587180806717953 -0.40888965003890554 1.6026127886703199 22 25 26 0.29948360519113076 56 1226 57 1028 55 1089 53 1067 54 1004 52 859 51 766 50 663 48 635 49 635 47 522
1362 -0.0075075806168954781 -0.19806417561296558 2.1346074154894428 9 11 14 1.0172378840254348 58 717 59 704 57 1036
6449 3.510866320117433 1.0409365417741685 -0.32708947059753773 231 231 231 1.3584053245811902 88 339 119 311 118 226 123 303 122 326 115 224 124 271 117 177 117 339 116 269 121 238 120 227 126 196 125 283
1363 -0.76470759873550476 -0.45399929882272233 1.4759750246197307 109 117 121 0.17023207318300693 59 879 57 1042 55 1205
1364 -0.70817835262820128 -0.44569864475283583 1.4772384624722561 98 113 110 0.60705658616260605 59 878 57 1044 55 1242
1365 -2.0204659923879342 -0.47042527161762948 1.5415677060962651 10 44 17 0.41235276558384076 56 1247 57 1051 55 1199 53 1179 54 1112 52 945 51 848 50 717 48 665 49 665
6452 3.5800850881147839 1.5080323702655585 -0.20183224815289919 69 73 85 1.3600990035049505 115 230 119 369 116 277 123 360 123 540 118 142 118 557 116 59 122 503 124 539 117 359 121 415 120 340 125 599 125 655
1366 -1.9337400841126375 -0.43376439759380458 1.5650601784629352 86 89 91 0.33699161563097818 56 1253 57 1053 51 856
6453 3.8382249534656543 1.6358315561661738 -0.43781485527640945 0 0 0 0.3196676149383606 114 157 116 168 119 376 111 166 123 366 118 373 122 378
1367 -1.944626818459898 -0.38504680456937568 1.5913221216995499 0 0 0 0.72314683387823264 56 1257 57 1054 55 1211 54 1117 52 952 50 764 48 672 49 672
6454 3.8376513710937274 1.6364026470108466 -0.43821570059966797 0 0 0 0.4087983517768975 114 158 116 169 119 377 111 167 123 367 118 374 122 379 124 385
1368 -1.9011065763377195 -0.44459290038349442 1.5459659263414987 80 83 85 0.17941964731401322 56 1250 57 1084 55 1201 53 1180 54 1113 52 946 51 854 50 720 48 711 49 711
6455 3.8599414031010277 1.8811954227088021 -0.56578025635785834 8 8 8 1.1225243944932737 108 108 119 393 118 256 122 263 124 427 121 172
1369 -1.9236251236717623 -0.4185432938863794 1.5784889873016645 9 20 12 0.20651814675138028 56 1255 57 1085 55 1207 53 1182 54 1115 52 950 51 858 50 724 48 715 49 715
6456 3.8599414031010277 1.8811954227088021 -0.56578025635785834 8 8 8 1.1225243944932737 108 109 119 394 118 257 122 264 124 428 121 173
1370 -1.9645372073637808 -0.41793097175428023 1.5794970071517478 5 5 6 0.24505647347494122 56 1285 57 1086 55 1206 53 1181 54 1114 52 949 51 857 50 760
6457 2.4759357541216653 0.06923724373915198 1.7444898289220041 0 0 0 0.14500557478511242 72 239 79 526 80 503
1371 -1.896396983132161 -0.416643993924321 1.5962444000026477 0 0 0 1.1118652363518942 56 1286 57 1087 53 1146 55 1172 54 1076 52 915 51 825 50 697 50 728 48 669 49 669 51 888
1372 -2.0214764728645918 -0.35822808457189775 1.6375979545608199 0 0 1 0.32944271080580662 56 1258 57 1090 55 1214 53 1187 54 1122 50 732
1373 -2.0714711288285348 -0.33320549854525189 1.6502607786389372 0 1 1 0.14692539236215793 56 1290 57 1093 54 1124
6460 3.8818955418310628 1.6082872975873352 -0.10068747861410167 98 103 119 0.52581333917107964 115 85 116 183 119 420 118 407 123 406 122 399 124 552 117 142 123 246 121 296 120 275 126 549 125 444
1374 -0.42083364229527126 0.68313244120703198 2.4891693144922464 5 5 5 1.7844293976348782 56 1244 63 938 57 1109 55 1046
6461 3.9073204925788785 1.8643624996445973 -0.38874805899086518 228 228 228 0.64786682051390698 114 206 119 422 123 404 121 291 120 345
1375 -1.9072584364191907 -0.51230532578767574 1.5015903018455194 21 26 27 0.3179861723406372 56 1314 57 1111 52 972 51 897 50 786 48 734 49 734
1376 -1.9206289381816846 -0.48443149991886614 1.5232184003132538 60 75 72 0.26449148246564513 56 1278 57 1114 55 1233 53 1212 54 1141 52 974 51 883 50 788 48 738 49 738
6463 5.2521764665922568 1.6545348551547265 -0.40079457222750681 166 166 166 0.41324410952800933 104 176 114 221 116 262 112 235 122 534 121 390 120 368
1377 -1.8789159502982851 -0.46366401063666646 1.5562200766055398 4 4 5 0.24925536890218863 56 1318 57 1115 55 1270 53 1238 54 1169 52 995 51 901 50 790
6464 3.8681694922011878 1.602190750521318 -0.019460463923497394 103 108 124 0.66676835378906474 108 141 119 431 123 412 118 411 124 454 117 317 125 609
1378 -2.0581251304953545 -0.44551007814231464 1.5576771171659005 22 29 29 0.73266613595873842 56 1319 57 1116 53 1239 54 1142 54 1168 50 789 48 739 49 739 47 618
1379 -1.9488424390360497 -0.48609108613646096 1.5186928269693827 10 11 13 0.91789387969259806 56 1342 57 1138 55 1296 53 1261 54 1164 51 921 50 823 48 764 49 764
1380 -1.7770460415865308 -0.47804187016340288 1.5130072409606357 12 90 38 0.21254131312964028 56 1343 58 937 57 1139 55 1267 56 1315 53 1235 54 1166 52 993 51 900 50 831 51 923
1381 -1.7764170737558134 -0.47719102902261912 1.510837964208557 12 90 38 0.18147186359866524 58 938 57 1140 55 1268 56 1316 53 1236
1382 -2.0490753544142573 -0.44844340103339542 1.5832003353645236 11 13 14 1.1783966704387161 56 1352 57 1152 55 1298 53 1262 54 1193 52 1014 51 922 50 828 48 786 49 786
1383 -1.3166335407746939 -0.25715313445097465 1.6677422407326865 122 122 123 1.2368234836332117 56 1047 60 758 59 716 58 723 57 263 60 254 59 227 58 164 60 486 55 419 55 841 55 980 53 978 54 956 52 815 51 715
1384 -0.74609893608486666 -0.37287231374791407 1.5431638219164359 101 103 107 0.1869624234363155 56 656 60 408 58 327 57 486 62 505 63 588 55 648 53 806 64 374 67 374
6471 3.614200271551677 1.3256150816141321 -0.37043262492631301 89 94 108 1.2706241154160041 115 229 119 570 114 229 123 471 118 342 122 349 126 605 125 510
1385 0.029105828998119445 0.33926897191218708 2.3446223252897096 142 142 142 0.46642288807031523 56 1091 62 668 63 756 57 788 57 920 63 643 60 557 64 481 67 481
6472 3.5779321542868945 1.5184762680033064 -0.25153802288697674 92 97 111 0.66496165602775337 115 263 116 276 119 573 123 539 118 555 122 501 124 601 117 356 121 413 120 400 126 679 125 598
1386 -1.2923668227179455 -0.24514702950591644 1.6673601931949462 123 123 123 0.28599436175701609 56 727 61 500 60 487 59 417 58 166 57 571 61 756 58 725 55 434 53 629 54 624 52 706
6473 3.5749521659589156 1.5673747410692291 -0.21648929986035695 84 89 102 0.87750837765336454 115 264 116 278 119 579 123 541 118 558 122 507 124 609 124 670 117 360 117 409 121 419 120 405 126 683 125 657
1387 -0.69925090763806652 -0.46106439943037253 1.4655142318329617 50 55 66 0.21735704156081048 60 31 57 38 55 235
1388 -0.69925090763806652 -0.46106439943037253 1.4655142318329617 50 55 66 0.21735704156081048 60 32 57 39 55 236
6475 3.7053210694358913 1.2474755432596445 -0.40416537972028416 59 62 72 0.4802401913254602 115 288 116 322 119 630 123 531 118 549 124 655 125 638
1389 -0.76854623672187361 -0.41908903204967474 1.5046564508066556 124 124 124 0.14555238796528 59 38 63 430 57 113
6476 3.648223110892109 1.373604156936 -0.25416472975669724 64 67 78 0.84516284613993575 116 359 119 638 115 313 123 612 123 720 118 603 122 555 124 719 117 438 121 447 120 437 125 720
1390 -1.0393228438287812 -0.24724489532814894 1.6593132340366838 48 53 65 0.043397376051750078 56 415 57 261
6477 4.342729753229615 1.6451386827784231 -0.060908331029470381 82 86 99 0.057199231075945059 114 284 119 660
1391 -1.0488372801284462 -0.27478430691821265 1.6278423681955423 91 97 105 0.42410695268734022 56 1231 58 851 57 1034 55 1182 53 1161 54 1103
1392 -1.033963191370316 -0.54617229070890261 1.4026269046276989 104 106 109 0.2921746672709184 61 14 55 9 54 97
6479 3.6324612195725248 1.0218395679723897 -0.36693105860732284 231 231 231 0.59695033871751957 115 303 116 356 119 700 114 325 123 667 118 593 122 549 124 707 117 430 121 482 120 463 126 722 125 629 125 745
1393 -2.1338295394342808 -0.5396744391471775 1.4908365019225716 36 41 51 0.0085071616002692259 56 32 55 11
6480 3.602942335525233 1.0041328560143892 -0.27843074162765585 96 101 117 0.59402601714570358 115 308 123 671 118 653 119 701 122 604 117 432
1394 -1.0103784012352768 -0.54568070651750145 1.4027527813443084 13 24 46 0.19658678123586082 59 3 55 14 53 61
6481 3.8704543329609638 1.1794141518768939 0.30108644210867702 109 114 131 0.9731978386860195 116 368 119 727 118 618 115 325 122 578 117 446 121 461 120 448 127 713 128 704
1395 -0.97944599460269288 -0.5457129942569362 1.4022270899283402 106 108 111 0.13018797498970397 60 0 55 15 53 68
6482 4.3622605998802086 1.908967317525295 -0.42947133491805245 120 126 144 0.97727215694362513 116 290 119 733 114 210 123 640 123 696 118 627 117 368
1396 -1.0721217998884367 -0.54273880433212274 1.4067749308604989 30 37 53 0.14029754728425339 60 24 55 19 53 57
6483 3.4841379397269101 1.2099961105363655 -0.50609276162856709 95 100 115 0.70037614275504867 115 357 119 750 122 679 124 799 117 504 125 795
1397 -1.0497481494011067 -0.56140137818862068 1.4528687610883784 107 109 112 1.1992818059354435 59 14 55 21 53 59 54 101
6484 3.4726417825603053 1.2729619713853175 -0.55894715230177894 231 231 231 1.4613753151893805 115 338 116 405 114 346 123 711 118 693 119 751 122 638 124 755 117 460 121 509 120 491
1398 -1.8679493445578821 -0.53714709721547749 1.4773535861866391 17 72 27 0.090643547213826975 56 28 55 35 53 14 54 16 52 27
6485 3.634107461530601 1.0990072791916989 -0.36403066280454111 97 102 117 1.0417471450693745 115 340 116 379 119 754 123 715 118 699 114 347 122 640 124 758 117 464 121 511 120 497 126 813 125 797
1399 -1.8623222687962824 -0.53657721058227503 1.4800235034821809 4 6 5 0.033628063943757613 56 31 55 38 53 17 54 18
6486 3.759296694557511 1.2197772325979372 -0.34680592528965509 89 94 108 0.68582219115253673 115 309 116 381 119 758 123 717 118 701 122 645 124 762 117 469 121 514 120 499 126 815 125 752
1400 -1.8795364484934374 -0.5288215815415066 1.4857916579405714 4 10 6 0.17245719786235189 56 41 55 52 53 29 54 32 52 45 51 66
6487 3.7198935587144986 1.2494404839449944 -0.29847446424842511 66 69 80 0.63794036595563752 114 327 115 310 116 382 119 759 123 679 118 702 122 646 124 764 117 471 121 516 120 500 126 774 125 753
1402 -1.9037921392951802 -0.52325945904623961 1.4937131699504695 19 75 29 0.15682397388894156 56 49 55 60 53 39 54 39 52 49 51 70 50 83 48 61 49 61
1403 -1.8971162450440942 -0.52159622472403244 1.4934970881625278 4 8 6 0.13510099610155282 56 52 55 64 53 42 54 43 52 56 51 75
6490 4.3753472026680802 1.5494442703913895 -0.0047992520336383824 119 125 143 1.5518821064871315 116 432 119 807 123 765 118 750 122 691 124 812 117 522 121 556 120 542 125 841
1404 -1.9153685568829006 -0.51794195453100678 1.4977211199926852 18 77 29 0.14212186651906908 56 58 55 69 50 92
1405 -1.8970357523300057 -0.51750284038275773 1.4963328681400156 32 42 42 0.10162364876956269 56 60 55 71 53 51 54 51 52 66 51 86 50 98
6492 3.5755044094900419 1.4131280566852564 -0.76658928753550393 103 108 124 0.7955155037154833 115 368 116 425 119 823 123 776 118 761 122 702 124 848 117 527 121 572 120 550
1406 -1.9331312649032049 -0.5103492807091331 1.5048502867822748 17 72 28 0.07138525839064247 56 67 55 79 53 73 52 70
6493 3.7351700840578554 1.2550354115942339 -0.23162582864281808 111 117 134 1.4580391569632969 114 363 115 373 116 427 119 827 123 754 118 737 122 709 124 826 117 508 117 548 118 788 123 805 121 578 120 554 126 859 125 803 125 853
1407 -1.9269933172354861 -0.50537705749956041 1.5090520170901585 34 43 43 0.085125725033058028 56 76 55 91 53 93 54 66 52 81 51 102 50 110
1408 -1.9269933172354861 -0.50537705749956041 1.5090520170901585 34 43 43 0.085125725033058028 56 77 55 92 53 94 54 67 52 82 51 103 50 111
6495 3.8075787384047746 1.4585467000236136 -0.41882911243727233 228 228 228 0.77825425202842335 114 361 115 371 116 441 119 855 123 808 118 789 122 723 124 856 117 546 121 595 120 555 125 858
1409 -1.9503328221844352 -0.50266631247270743 1.510761191340839 19 75 29 0.12194605005116989 57 67 55 93 50 108
6496 3.8075787384047746 1.4585467000236136 -0.41882911243727233 228 228 228 0.77825425202842335 114 362 115 372 116 442 119 856 123 809 118 790 122 724 124 857 117 547 121 596 120 556 125 859
1410 -2.2428252999061553 -0.49627480476431018 1.5377526036443812 34 39 49 0.097375446881845365 56 100 55 97 54 47 53 83 52 44 51 41
6497 3.9138336384191224 1.6929911911967999 -0.2423504591422499 228 228 228 0.93409884749044381 114 365 115 376 116 445 119 863 123 816 118 794 122 729 124 866 117 553 121 599 120 577 125 864
1411 -1.9440694822874898 -0.49740280263130521 1.514575607143654 33 42 41 0.094227643248661438 57 73 55 100 53 103 54 74 52 91 51 113 50 117
6498 4.3664504815565035 1.9321640608871817 -0.42740976465516356 94 99 114 1.1473370576725341 115 346 116 431 119 869 123 793 118 776 122 713 121 555 120 562
1412 -1.9440694822874898 -0.49740280263130521 1.514575607143654 33 42 41 0.094227643248661438 57 74 55 101 53 104 54 75 52 92 51 114 50 118
6499 3.8796166288736469 1.9325558035394013 -0.46708610141877394 231 231 231 1.475950494578955 108 65 109 78 111 94 116 173 111 3 114 77 115 27 123 242 123 397 118 401 119 523 107 68 117 60 124 553 121 111 120 155 120 267
1413 -1.9490690578789958 -0.49429179877207169 1.5151679058961796 36 46 45 0.076755261494510951 56 89 57 78 55 103
1414 -2.2528650270434949 -0.4905675811861106 1.5399856950832485 43 47 55 0.17614307713196975 56 111 55 105 53 97 54 498 51 45 50 47 48 33 49 33 47 14
1415 -2.1092660340217462 -0.38594779944539204 1.2647807934908351 44 48 55 2.4814252581733776 56 169 55 126
6502 4.3071324218318914 2.0271114658104428 -0.33331421202346739 231 231 231 1.4893931433621437 116 394 119 808 123 766 118 749 115 322 117 490 122 623 119 781 121 532 120 514
1416 -1.9970151974204813 -0.47591293986399041 1.5378603766423249 31 40 39 0.11887427861243087 57 119 55 140 51 147
1417 -1.9970151974204813 -0.47591293986399041 1.5378603766423249 31 40 39 0.11887427861243087 57 120 55 141 51 148
1418 -2.0028527028010452 -0.47274394348833904 1.5387489866093165 35 44 43 0.080634066472066834 56 155 57 124 55 147 53 140 54 118 51 151 50 156
1419 -1.938911723421737 -0.4734124446970181 1.5474449104463515 10 12 14 0.73524452960125586 57 127 55 152
1420 -1.3082435408148472 -0.4721718043176325 1.4768655830421216 121 123 122 0.095937175185994011 56 110 55 157 53 173 54 169
6507 3.849647781137902 1.644953358353729 -0.088769651654406506 0 0 0 0.36452724162180583 115 32 123 158 118 165 122 279
1421 -2.0270023737442036 -0.46308877847733559 1.5492369290887376 34 44 42 0.077036186684870916 56 175 55 162 51 160 50 166 48 108 49 108
1426 -1.9941218262425611 -0.45268402767568672 1.5586634832369681 30 35 35 0.52668295323764835 56 199 55 189 51 188 54 138 50 209 48 165 49 165
1428 -1.009176341350327 -0.46114442651546639 1.4715916020101785 122 122 123 0.11349333081521056 58 25 55 205 53 222
1430 -0.72395516682103989 -0.45715343447880313 1.4719523899761746 108 114 120 0.2105494320978287 57 48 55 245 64 57 67 57
1435 -2.1751849475189098 -0.40018174876630974 1.6082003285134432 40 50 48 0.097088590315889872 56 298 55 286 53 219 52 175 50 234 48 192 49 192
1438 -2.0841920326041583 -0.397651795214085 1.6057780019659282 16 19 20 0.22064267474214222 57 532 55 295 50 253 48 210 49 210
6525 3.732321333645745 1.2485090433353685 -0.26702726587425496 113 119 136 0.7896862897682867 115 190 123 339 114 155 118 354 124 337 117 405 121 165 120 251 126 366 125 315
1439 -2.2137260135725927 -0.39143765538787584 1.6171258409705078 49 51 53 0.14470032467096605 56 314 55 297 47 102
1441 -2.2213573713078256 -0.3844095332027555 1.6236260339972626 10 13 13 0.15499298049235721 56 324 55 301 48 197 49 197 47 118
6528 3.6538729917246875 1.4155672635950407 -0.22085760968494375 72 76 87 0.84169452639979714 115 131 123 356 116 238 124 600 118 554 122 500 123 538 124 667 121 169 121 412 120 258 120 399 126 677 125 595 125 650
1443 -2.2094804797774912 -0.38561156218304099 1.6224397068873233 37 46 46 0.14844605949324233 56 322 55 303 50 240 48 200 49 200 47 123
1447 -1.0226916842459295 -0.39688362377692327 1.532459139919341 35 41 56 0.052698763405394367 59 99 55 320
1448 -1.3576949450540037 -0.3791124949282107 1.5592768501851229 124 124 124 0.08455829234036015 56 311 55 325 53 278 54 302 52 291 51 475
1449 -1.0375848363243991 -0.38828208555112259 1.5369766476177384 123 123 123 0.15945714196049079 56 292 55 327 54 606
1455 -2.3106555753403324 -0.29691763003678495 1.7006765792572889 52 65 63 0.15733946908346219 56 354 55 359 48 242 49 242 47 167
6542 3.5728246885296864 1.4110862990035771 -0.81090511185022174 231 231 231 1.0068788201786751 115 284 119 692 123 587 116 318 114 263 118 589 122 487 124 641 117 338 117 429 121 477 120 426
1464 -1.347721682732091 -0.2820606830933845 1.6393255839714109 39 45 59 0.13630575803426495 58 152 55 399 53 357 54 358 52 310 51 303
1465 -0.67295015978193273 -0.28709989044391016 1.6131898605653456 119 119 120 0.13870350969148088 60 150 55 409 64 110 67 110
1467 -0.76337674585072091 -0.27393610066505975 1.6260705509844846 105 111 117 0.33183313779624407 56 382 62 151 55 431 64 126 67 126 65 94
1469 -0.72743942424462227 -0.25217571127945509 1.6437008234717045 121 121 121 0.080956864484566238 56 404 55 443 53 423 65 234 61 144
1470 -0.67795716220282953 -0.24467543844088488 1.6471670511846743 19 32 47 0.066750657101232444 56 419 55 458 53 663
1472 -0.23082107123175299 0.78594710039809557 2.6992115909319696 20 20 20 0.95513665670026426 58 502 59 316 55 536
6559 3.7239230743148095 1.1039672399131777 -0.32347743969067316 59 62 72 0.58706701931174876 114 152 118 123 117 48 114 111 121 79 120 23
1473 -1.9094802958564945 -0.51744825273313155 1.5003103282238524 3 6 5 0.12364236948030495 56 535 55 542 53 53 54 49 52 63 51 393 50 339 48 281 49 281
6560 5.2102697225161947 1.2047182246578081 -0.28338245967384357 231 231 231 2.1695698171217894 9 261 118 191 122 197
1474 -1.9375013335183495 -0.5047362508869867 1.5118561052196788 3 5 5 0.1067352138694302 57 656 55 546 53 521 54 499 52 415 51 394
1475 -1.8384415356566424 -0.39654456550318162 1.2223782622823633 5 10 7 2.6067459430228883 56 547 55 548
6562 3.8621432041474764 1.7013697127733578 -0.43026760845833523 228 228 228 0.41609756534420156 109 76 116 116 119 387 118 254 123 378 124 408
1476 -1.8481927909733067 -0.48010977548084333 1.5124100635117972 10 12 14 1.9614157942068047 56 841 55 553 54 510 52 425 51 405 50 362 51 401 50 359 48 317 48 319 49 317 49 319
1477 -1.8635781772550943 -0.47778930602159159 1.5283053355251435 10 12 14 0.24456542186146318 56 567 55 556 52 134 51 175 50 366 48 185 49 185
6564 4.322265519975943 2.0168760154736072 -0.45697365002550933 8 8 8 1.8496907705779773 115 52 116 130 118 277 122 196
1479 -1.7684130372612084 -0.46655375282622019 1.5260020824691243 2 24 7 0.13179310760812363 57 450 55 568 53 539 54 525 52 444 51 418 50 392
6566 3.6307538771890009 1.0262441274708038 -0.35896661582786504 231 231 231 0.14864312191369802 115 222 118 317 122 322
1483 -1.2973532029305563 -0.39770497316040609 1.5394163862880867 123 123 123 0.18736730550168662 56 617 55 614 53 588 54 774 52 674
6570 3.9337457675610192 1.657781388462513 -0.18442223495177021 99 104 120 1.5979660774642421 115 203 116 179 123 405 118 406 109 108 124 446 125 445
1484 -2.309972828401079 -0.37172026783654882 1.6408626611620223 3 23 7 0.25206560390670185 56 668 55 618 53 578 54 539 52 450 51 423 50 383 48 323 49 323 47 336
1485 -2.2401409412974052 -0.37261670485709208 1.6341852355377251 38 47 47 0.090463467082099763 56 667 55 619 53 580 54 205 52 183 51 234 50 393 48 331 49 331 47 252
1488 -2.3235399805079546 -0.34552617847781875 1.6588929138237565 1 1 1 0.16613754731889577 56 885 55 634 53 776 56 1021 54 756 52 634 51 441 50 399 48 427 49 427 47 341
1490 -2.2196381656872459 -0.32869533976820314 1.6728856999935353 68 77 76 0.25745349926642491 56 888 55 649 53 590 54 570 52 479 51 262 50 425 48 370 49 370 47 354
1491 -2.2056856136602994 -0.31907634420141667 1.6903032704105176 33 35 36 1.3622125744585289 56 675 55 658 52 243 50 298 48 248 49 248 47 290
6578 3.687623258412668 1.1974004913677225 -0.500843773454829 66 70 81 0.38563026316220728 115 304 116 320 119 486 123 461 118 545 114 324 122 491 124 586 117 396 121 401 120 381 120 428
1492 -2.3135628122048373 -0.30148836170098264 1.6965202227387866 18 21 21 0.12685712485366066 56 682 55 659 52 491 50 429
1493 -2.3036842115255038 -0.29845304036212905 1.6993148553184045 26 29 31 0.17339513791482669 56 683 55 663 53 309 54 577 52 493 51 265 50 434 48 373 49 373 47 284
1494 -2.3173308142305489 -0.2561638778501949 1.7331277971980126 11 88 37 0.1936226298588099 56 726 55 672 53 342 54 320 52 277 51 291 50 317 48 256 49 256 47 303
1495 -2.3013691548256463 -0.24200307327046189 1.7408382095475794 4 25 10 0.14846767519261406 56 737 55 679 53 618 54 333 52 283 51 295 50 444 48 385 49 385
1496 -1.0402265866405254 -0.26418186036939423 1.6441118519944162 31 38 54 0.050769625046180156 56 394 55 686 53 631 54 627
6583 3.7312613241630972 1.4643152409952034 -0.41577460152159629 228 228 228 1.0716343525023744 115 259 123 608 118 601 122 553 117 354 121 410 121 444 116 274
1497 -0.78038421668185931 -0.24793114089685026 1.6546641723107267 110 116 123 0.17506089728738877 57 562 61 460 55 694 64 306 67 306
1498 -0.99304004872337748 -0.19147285494389521 1.7065197857551702 94 96 102 0.077689175997111989 56 764 59 237 55 719 53 674
1499 -0.99304004872337748 -0.19147285494389521 1.7065197857551702 94 96 102 0.077689175997111989 56 765 55 720 53 675 59 238
1501 -1.0314265407340111 -0.031534450124849102 1.8431218963355049 123 123 123 0.18086527191265794 56 501 55 751 53 723 54 704
6588 3.6470607299891937 1.6033871494299212 -0.17963637294117152 59 62 72 1.6300086025703175 115 345 116 413 118 743 117 512 121 548 120 532
1504 -2.0927125319217668 -0.43826954147585295 1.5740366591597474 5 8 8 0.1567652662453268 56 849 55 791 53 752 54 729 52 603 51 550 50 483
1505 -2.1167091256989932 -0.39213030813991606 1.6142142289914376 61 76 73 0.37292797475570411 57 864 55 803 53 765 54 749 52 627 51 667 52 765 48 513 49 513 47 476
1508 -2.2838710600491496 -0.30457302737471303 1.6974570034396732 16 18 19 0.33888201028103399 56 891 55 834 53 791 54 769 52 657 51 588 50 525 48 454 49 454 47 355
1511 -2.3307632288471187 -0.27563697907204682 1.71830233117783 1 1 1 0.18512744521838886 56 899 55 837 53 800 54 781 52 665 51 592 50 529 48 459 49 459 47 357
1513 -2.6807742537127854 0.65871103645146578 2.5148355607899466 5 5 5 1.5044494122786816 57 930 55 890 53 1033 54 990 52 843 55 1194 50 635 48 652 49 652 47 502 43 282 46 304 51 810 50 713 56 1113 56 1243
1514 -1.8944697234974393 -0.51205842266625756 1.5013974671299959 8 10 11 0.15870279486457786 56 948 55 894 53 885 54 879 51 641 50 550 48 480 49 480
1515 -2.0904759540852682 -0.39826032306146153 1.6063742679416926 13 14 16 0.29633653845557029 57 862 55 922 53 905 54 895 52 762 51 665 50 572 48 514 49 514
1516 -0.98883968137683176 -0.41966510510878591 1.5070548312984096 12 88 38 0.089800409258582278 56 985 55 923 53 1087 54 1032
1517 -2.2147643191120707 -0.35290926682498991 1.6501403200070166 6 7 8 0.1222637132787487 56 1018 55 945 53 909 54 900 52 770 51 675 50 582 48 588 49 588 47 478
1518 -2.1596284477272736 -0.35011873990149384 1.6424104491666009 67 76 75 0.20177569001716153 56 1019 55 948 53 911 54 903 52 773 51 682 50 586 48 524 49 524 47 420
1519 -2.1833791266017601 -0.3444417940678412 1.6614490374488866 67 76 76 0.35171384495170421 56 1024 55 953 53 915 52 774 51 585 52 644 50 521 48 525 49 525 47 421
1520 -2.1836605307031611 -0.34442783505715485 1.6620533635049179 67 76 76 0.36885025700564816 56 1025 55 954 53 916 52 775 51 586 52 645 50 522 48 451 48 526 49 451 49 526 47 422
1521 -2.2962191991419281 -0.30182813285066984 1.696387622812052 19 22 23 0.16233612625600308 56 1180 55 962 53 931 54 907 52 780 51 687 50 590 48 594 49 594 47 482
1522 -2.2153270683990529 -0.30105885294004725 1.6895353645502944 27 29 30 0.11965041814472345 56 1030 55 963 53 792 54 775 52 661 51 590 50 530 50 599 47 431
1523 -2.2997826979410609 -0.29118256123780234 1.7007139689205502 69 78 78 0.1388379658165359 56 1033 55 964 53 936 54 912 52 786 51 691 50 594 48 530 49 530 47 424
6610 -5.5779765874130147 274.6333325796686 -25.134312684647202 0 0 0 0.89690556048060865 108 139 113 193
1524 -2.376154143947927 -0.26841790044034952 1.7272280675129204 3 4 4 0.40399896712796424 56 1045 55 968 53 945 54 921 52 791 51 693 50 596 48 531 49 531 47 484 43 301
6611 -3.1644670345265786 0.9337529336351148 0.051074910850159846 0 0 0 1.6234509021580499 6 544 12 417 11 476 13 505 9 413 5 396 15 428 13 552 14 410 14 478 16 341 17 345 17 428 18 330 18 377 17 383 45 353 19 275 21 211 22 101 22 114 23 101 23 114 20 185 24 102 45 329 41 265 16 422 25 118 26 105
1526 -2.3922217138449891 -0.26697614448209989 1.7330438128668646 52 55 56 0.27220912402560588 56 1193 55 971 53 947 54 923 52 790 51 776 50 674 48 597 49 597 47 529 43 328
1527 -2.3425979600188196 -0.26723418966418455 1.7240772806548077 99 101 103 0.26091240130495313 56 1046 55 972 53 948 52 794 51 697 50 600 48 532 49 532 47 427
1528 -2.3394175964209039 -0.25925310279513863 1.7331340572391316 6 48 16 0.24287840754344922 56 1050 55 975 53 952 54 932 52 799 51 702 50 605 48 536 49 536 47 429
1529 -2.3394621146112184 -0.25940205016520729 1.7325092322484728 6 48 16 0.24023198991604858 56 1051 55 976 47 430
1534 -1.0068712899487196 -0.016377198253826393 1.8508709300163868 124 124 124 0.10237146743783261 61 776 55 1030 53 1028 54 984 52 839
6621 -3.5263579530751756 0.63101426112607784 1.3752031139274401 228 228 228 0.55041380790826744 42 300 122 204
1541 -1.9014971799201998 -0.46042639010935948 1.5498372016980888 9 11 13 0.13150800350215752 56 1214 55 1160 53 1051 54 1071 52 853 51 820
1545 -1.0422941956338954 -0.53862885149970463 1.3919003336671127 102 104 107 0.3583450475822289 61 963 55 1197 53 1177
1546 -1.0422941956338954 -0.53862885149970463 1.3919003336671127 102 104 107 0.3583450475822289 61 964 55 1198 53 1178
1551 0.00089514325302379977 0.46712954458938011 2.4935389292926793 0 0 0 0.77599432589040318 56 1274 57 1074 58 860 55 1231 58 878
6638 2.6126514681502995 0.45355154177554302 1.1756659415917778 0 0 0 1.6503683669326166 78 392 87 414
1552 -2.121811111885938 -0.42379670585262086 1.5888433000502318 23 29 29 0.25699890929415986 56 1284 55 1239 53 1216 51 885 50 755 48 705 49 705 47 582
1553 -2.1085694455365673 -0.40553602851143988 1.5996142704816219 67 83 80 0.24901954864316961 56 1287 55 1243 53 1217 54 1144 52 979 51 886 50 758 48 710 49 710 47 620
6640 3.8711129278557306 1.9180283493570229 -0.48254090319039833 100 105 120 0.65400623986882167 115 193 123 488 122 461 124 616 117 205
1581 -1.8504649685401324 -0.53691502701085325 1.4766422033095494 36 47 46 0.11297242092396799 57 13 53 16 54 20 52 35
1588 -1.9268807943901358 -0.50945425071052752 1.506244124484077 4 7 6 0.086905309477224982 55 83 53 82 54 61 52 73 51 94
6675 4.9463977432518478 1.5043648031731753 -0.014787001646595369 0 0 0 0.34198464398081835 116 401 123 769 122 700
1589 -1.9391835590787148 -0.5084265948017157 1.5086777170124153 17 70 27 0.051562773734362362 55 84 53 84 54 60
1590 -1.9437186811137668 -0.50093262820863216 1.510475563774031 4 8 6 0.12444443088053732 55 95 53 99 54 71 52 85 51 106
1592 -1.9504676197094761 -0.44092297965599248 1.4113712604884769 5 10 8 2.586107180847383 55 139 53 128 54 94 53 132
1593 -1.9916083057125817 -0.4779747397606583 1.53506948549219 34 43 42 0.024185598423244681 56 139 53 133 54 108
1594 -1.9916083057125817 -0.4779747397606583 1.53506948549219 34 43 42 0.024185598423244681 56 140 53 134 54 109
6681 3.8199970771870655 1.6352985787672396 -0.49056572691026828 228 228 228 0.52482928694055708 106 85 110 85 124 134
1596 -2.0077551538298306 -0.4692035911537592 1.5377864348757444 34 44 43 0.034298105297809189 56 164 53 145
1597 -1.9606289734444635 -0.46575855068182442 1.5423852413022809 9 10 11 0.52724137890459666 57 129 53 152 54 127 50 191 48 142 49 142
1598 -2.1163118685608042 -0.4257503677150194 1.5857638339132394 39 49 48 0.068479797242465376 55 253 53 185 51 204
1599 -2.1163118685608042 -0.4257503677150194 1.5857638339132394 39 49 48 0.068479797242465376 55 254 53 186 51 205
1601 -1.2992168186432531 -0.45771559159996889 1.4872206226199407 111 118 124 0.21646384601518462 60 409 53 193 52 217
1602 -1.2992168186432531 -0.45771559159996889 1.4872206226199407 111 118 124 0.21646384601518462 60 410 53 194 52 218
1603 -1.2937744938120392 -0.4546395326171816 1.4912235873387329 111 117 123 0.13902470281365634 55 207 53 205 54 206 52 477
6690 3.6861842802548952 1.0551211834724668 -0.33525467474519621 231 231 231 0.4599661812424265 115 186 116 152 124 303 117 182 118 334 119 322 122 339 123 318 121 155 119 209 120 234 126 519
1604 -1.2728119604449866 -0.44978053191730455 1.4879662250259404 16 27 47 1.2445909589172526 55 219 60 95 53 212
1605 -1.274154406099409 -0.44531684590102655 1.4702754493635826 16 27 47 2.4431921723200589 57 84 53 213
1613 -2.3344191841346791 -0.3515693205295371 1.6653370355302213 2 2 2 0.19824410092328573 56 327 53 250 54 216
1614 -2.2566936309720864 -0.34470586114401397 1.6583972684677688 42 48 49 0.15290861759815938 55 336 53 255 50 268 48 217 49 217 47 153
6701 3.8721587518539518 1.5545287143662734 -0.033616494225266275 100 105 121 0.48462947140892626 114 247 116 185 124 441 117 215 125 535
1615 -0.99572681885176006 -0.4209731516987742 1.5051010563852865 119 119 120 0.099586879992625277 58 61 53 256
1625 -2.4106003015110748 -0.2954209749791617 1.693845043885833 3 91 31 0.23104411492026111 55 355 56 352 53 299 54 253
1626 -2.4106003015110748 -0.2954209749791617 1.693845043885833 3 91 31 0.23104411492026111 55 356 56 353 53 300 54 254
1627 -2.4080455519947788 -0.29361634328742758 1.700037959637954 3 81 26 0.18471107876645124 55 357 56 359 53 303
1630 -0.98433965285157365 -0.38757320716189497 1.5337372910142484 119 120 120 0.12293400113590598 56 293 53 312 54 346
6717 3.5452401173577797 1.3993734673873641 -0.7789004046910637 96 101 117 2.1567652675146256 111 257 112 335 117 390 121 478 120 427
1632 -2.4017681486892046 -0.2895225557452466 1.7128546917355494 3 81 26 0.098561364456877285 55 364 56 370 53 314
6719 3.9683248679889975 1.8089239329493545 -0.46906637779441029 100 105 120 2.3671764196212934 115 265 123 690 124 780 120 406
1633 -2.3109034783706766 -0.28945577842533415 1.7094453034603319 65 73 73 0.22827237532047473 56 699 53 317 54 282 52 251 51 271 48 246 50 304 49 246 47 286
1644 -1.0921224607361137 -0.20460696212699778 1.6936152822816903 121 121 121 0.25559034447073758 57 287 53 442 54 428 52 353
1647 -1.9195858644620634 -0.4680511316012777 1.5401306343665055 11 15 16 0.12626528914223026 55 563 53 534 54 517 52 433 51 411 50 364
1654 -2.428703190190256 -0.40678933644574916 1.6273132464986881 0 1 1 0.66207655892213968 55 601 53 552 54 143 52 439 47 51
6741 4.9493459786884966 1.6138631808893384 -0.48509886667514324 231 231 231 0.09144974735169592 115 33 117 26
1661 -2.4176972106036732 -0.32066434764576801 1.6902855095843048 3 4 4 0.14579740482542017 55 653 56 674 53 589 50 409 48 428 49 428 47 340 43 205
6748 4.1679844169259486 2.03266797963412 -0.52364762810518428 8 8 8 0.39983980686533416 114 119 116 70 117 70
1664 -2.1985425206375635 -0.3051257013058612 1.6895482205425456 7 11 9 0.12818214510727566 55 660 53 603 54 580 52 501 51 467 48 461 49 461 47 359
1666 -2.3951776558462594 -0.28033956397303117 1.7154217795206179 5 25 9 0.26200874986262196 55 666 56 704 53 605 54 279 52 246 51 267 50 431 48 368 49 368
6753 3.4870302077813231 1.0371190490179845 -0.31464351031294696 231 231 231 0.93144562694537114 93 273 119 202 123 197 117 111 124 173 116 149 120 126 126 195 125 181
1667 -1.0434303808587986 -0.37552216705133246 1.548049664561723 98 100 105 0.073241474911245372 60 436 53 606 54 609
6754 3.9753074544708951 1.9830705399796973 -0.58286177771738934 8 8 8 1.3593086383637989 105 136 116 117 117 134
1669 -0.96878382011911612 -0.3746929892220997 1.5437122658001809 84 88 95 0.011956485231997615 57 179 53 614
6756 5.222405356208232 1.9105957981953254 -0.36163751459571652 0 0 0 0.58928955918565884 100 74 117 145 116 205 121 123 120 96
1678 -1.3317458566640954 -0.38026511029669624 1.5594004255394323 109 110 112 0.0952022604988884 58 580 53 783 54 783
1684 -2.2034382678357138 -0.35188951966530774 1.6511148264762414 38 44 44 0.20093956461980117 55 1113 53 910 54 902 52 866 51 768 50 668 48 589 49 589 47 480
6771 3.9730661600951307 1.7891812044426827 -0.37718916535002772 228 228 228 0.59940761531842934 115 235 116 281 123 637 117 361 116 336 118 617
1685 -2.3058885485007168 -0.30868184694915402 1.6910978173998381 88 91 93 0.21519998251558717 56 1028 53 928 54 765 52 655 52 777 50 588 47 416
6772 3.9730661600951307 1.7891812044426827 -0.37718916535002772 228 228 228 0.59940761531842934 115 236 116 282 123 636 117 362 116 337 118 616
1693 -1.1037114293257582 -0.21101311651461785 1.6894786789002743 54 58 68 0.14765954105719684 55 997 53 990 54 1051 52 891
6780 5.4494672975585239 1.8248947727110667 -0.29647001955583607 118 124 142 0.21358198789842678 114 304 116 402 117 501
1694 -0.44123084314559607 0.72112612706427337 2.4893708419115961 34 33 33 1.1464827796005364 56 832 58 771 59 324 53 1040
6781 3.5170663987664801 1.1856655184542197 -0.41735999773250498 231 231 231 1.58313635726741 115 306 116 406 117 505 120 495
1698 -1.0605013079868899 -0.46817371128591923 1.4664264189037362 124 124 124 0.22212580358807846 55 907 53 1064 54 1011
1699 -2.453504545012724 -0.3848751385049865 1.634044900998145 0 0 1 0.23993100005373655 55 1092 53 1066 54 1001 52 855 51 755 50 649 48 569 49 569 47 519 43 324
6786 4.8008424230877074 1.8143955614931178 -0.13028730871988245 231 231 231 1.8369065201636914 118 782 117 540 119 846 122 697 121 591 123 768
1704 -1.6369304056777052 0.42834795117743041 2.4324084848658654 6 19 43 1.812681484412149 53 1205 54 1161 52 1009
6791 5.0925808677223667 1.7003504220975152 -0.28902103823017056 133 133 133 1.1106046517309445 91 564 94 564 95 504 96 342 97 372 98 342 99 329 101 384 103 356 100 260 102 265 105 263 117 558 114 368 115 380 116 449 121 606 120 583
1707 -1.9083526759316209 -0.51235862043536018 1.5034803177797313 26 33 33 0.099285950645828236 55 1266 53 1234 54 1163
6794 5.2825875167602501 1.5940198820229263 -0.51813543314600785 0 0 0 1.7258998258362437 104 87 116 300 109 169 104 252 108 200 111 203 111 254 112 327 114 281 115 272 107 134 102 178 103 231 116 370 114 317 115 323 99 192 97 85 101 247 117 377 117 450 121 504
1709 -1.8641472068135378 -0.51879515826793909 1.4739626675391415 7 9 10 0.67797788004550119 55 1295 53 1260 54 1191
6796 5.0813253365605631 1.5926650159823674 -0.51373257924319748 0 0 0 1.6803120045406887 112 288 114 246 91 343 94 343 95 89 97 196 96 114 98 125 103 233 101 304 99 149 102 95 102 218 100 140 105 79 105 181 99 91 104 255 112 326 109 201 108 197 111 252 106 225 110 225 114 278 116 345 116 295 115 241 122 625 117 372 117 448 121 434 121 501 120 484
1712 -2.5634649309366719 0.38740514164169393 2.3121539315774906 6 19 43 1.1929258915711336 55 1304 53 1279 54 1202 52 1027 50 848 48 782 49 782 47 655 43 403 47 626 43 404 47 627 46 393 46 394 56 1361
1713 -2.2600853477068039 -0.3406089415163529 1.6841726638341969 15 17 18 0.81841668105814291 55 1316 53 1281 54 1211 52 1042
1714 -0.76745912086288737 -0.23181477533153835 1.6676767889830826 122 122 122 0.70492221717604608 56 739 61 175 60 206 59 190 55 703 53 850 56 1053 58 716 55 996 65 112
1715 -2.3388360084064934 -0.44675426338458318 1.5638533269337986 42 46 55 0.17669319243039691 55 572 53 531
1444 -2.2094912704702394 -0.38563549248843659 1.6224686241018917 37 46 46 0.13696935915824879 56 323 55 304 53 238 50 241 48 201 49 201 47 124
6158 5.3946226754305444 1.4662688670324353 -0.83142379292735447 59 62 72 1.315122851328562 112 320 114 328
1071 -0.78635202206255883 -0.24082486966798539 1.6453993697166478 11 80 38 0.85755044016086579 56 1299 60 991 59 922 62 889 63 975 61 1006 56 1329 60 1015 58 893 58 921 57 1123 55 1284 53 1253 64 656 67 656
1722 -2.2921890465729202 -0.47745640299122644 1.5606556331163817 41 45 54 0.017173079441427236 53 116 54 72
6809 5.5607864665848385 1.4876727781298977 -0.81877021724292109 0 0 0 0.086443655072019385 114 161 115 134 116 178
1445 -2.1133826218829266 -0.38566949117297816 1.6178356046200701 17 21 21 0.15419876172001257 56 663 55 308 53 244 54 204 52 186 51 246 50 404 48 346 49 346 47 267
6159 3.8845160911570291 1.8661742933248375 -0.46409573329656745 99 105 120 0.84510946214049187 112 362 114 335 115 344 116 411 119 837 123 786 118 772 122 686 124 836 117 510 121 549 120 533
1072 -0.95347710688580578 -0.36910774558859583 1.5399693274222357 124 124 124 0.28913445551083516 56 1324 60 1008 59 936 63 986 61 1020 58 916 57 1118 55 1277 53 1245 53 1266
1450 -0.71851649677262486 -0.39303970706818953 1.5242353101833179 45 49 61 0.1743457465848984 62 124 55 332 65 68
6164 3.8841034812553539 1.7317654635055102 -0.40348275326314331 20 20 20 1.0476285532637812 112 363 114 350 119 834 123 759 118 771 124 834 117 509 120 530
1077 -0.74530395726652288 -0.47937414561546227 1.4564578615816912 123 123 123 0.15738852497482975 59 326 58 7 57 391 58 259
1728 -2.2230896818194981 -0.39281725000795115 1.6216920473316825 28 30 30 0.24653284933343653 56 309 54 179 52 176 51 224 48 186 49 186
1452 -2.2028454968720341 -0.33491882843959808 1.6622920987616807 65 74 74 0.14816134616568699 56 673 55 341 53 266 54 568 52 472 51 455 50 423 48 365 49 365 47 282
6166 5.2165117741474178 1.6601897622968012 -0.38940889446440763 93 93 93 0.40999417815335132 112 237 102 33 110 87 106 87 108 137 107 74 122 426 120 307
1079 -0.70968761449096884 -0.46810635940717943 1.4596024171967192 124 124 124 0.13606299579536027 56 105 58 10 57 31
1730 -2.1248933851197598 -0.39164170730436049 1.6167294351047286 14 16 17 0.68504322159900521 56 646 54 195 50 503
6817 3.7383945856217755 1.2223639921462524 -0.430339964890607 97 102 118 0.68846426094707958 112 306 115 187 121 260
1453 -0.70100845007290224 -0.37617916177463351 1.5391295978884756 124 124 124 0.04523732787487493 58 69 55 344
6167 4.6598932631079144 2.0127108773210307 -0.56847003964940535 8 8 8 0.38306752720409015 106 227 110 227 109 202 108 199 111 228 114 275 112 285 111 227 107 165
1454 -1.018307293133107 -0.20076672659675185 0.82239153895898953 123 123 123 1.8913173806860044 61 123 55 345
6168 5.1238963930433448 1.6647272458447526 -0.36981514983197838 164 164 164 1.4079270763339349 112 294 109 185 114 285 91 351 94 351 95 319 97 205 96 174 96 200 98 225 101 310 99 240 99 279 98 260 102 186 102 221 105 211 104 260 112 329 110 228 106 228 109 216 108 218 111 236 115 275 107 153 107 182 100 147 101 262 114 319 115 328 103 156 116 372 122 627 117 452 121 536
1081 -1.0559779262710982 -0.45521967322812346 1.4817566397637514 116 116 117 0.12894755563612104 59 35 58 29 55 225 53 233 54 240
1456 -2.2079739654324366 -0.300457885275492 1.6922017896009556 5 6 5 0.17565864815137208 56 339 55 361 53 315 54 283 52 257 50 308 47 296
6170 5.1238963930433448 1.6647272458447526 -0.36981514983197838 164 164 164 1.4079270763339349 112 295 109 186 114 286 91 352 94 352 95 320 97 206 96 175 96 201 98 226 101 311 99 241 99 280 98 261 102 187 102 222 105 212 104 261 112 330 110 229 106 229 109 217 108 219 111 237 115 276 107 154 107 183 101 263 100 148 103 157 114 320 115 329 116 373 122 628 117 453 121 537
1083 -1.3530538245948822 -0.46537032144182156 1.485559285379435 11 23 45 0.32421876811553269 59 350 58 42 55 171 53 183 54 176 52 194
1734 -1.334082605106395 -0.39731701338974662 1.5451251574031062 122 122 122 0.013091992816346845 55 311 54 267
6821 3.2842285929038515 1.9385498695867223 -0.1081137970833954 0 0 0 1.916465560738152 115 202 118 265 122 269 123 154 119 63 117 311 121 289 120 349
1457 -2.2119786949545199 -0.29572722733696422 1.6951110600999555 85 87 89 0.13825195024345943 56 688 55 365 53 318 54 291 52 263 51 282 50 311
6544 3.6702537276178817 1.3883418028904473 -0.36676748791033958 109 115 132 0.66806904977814696 114 326 123 753 120 529 125 802
6171 4.6595489236295231 2.0109562049329748 -0.56754014833399502 8 8 8 0.58710322697342598 96 244 98 237 101 314 103 290 99 262 114 276 104 258 110 226 106 226 109 203 107 166 116 292 117 414 122 581 121 462 120 449 118 676
1084 -1.2766773857468015 -0.45966563956528417 1.4907215556430642 22 30 49 0.33552910050136653 56 150 58 43 53 196
1458 -2.2125102125077318 -0.29054498274840307 1.6999724967607233 6 6 6 0.1747875411688147 56 363 55 368 54 301 52 268 51 285 50 314 48 254 49 254 47 304
6172 3.6515901393801116 0.85993309255295891 -0.67877178285399542 8 8 8 0.37911366863744167 90 25 114 0
1085 -0.76899387024228116 -0.41839067601791213 1.5014948562827133 124 124 124 0.097195079190066189 59 37 58 45
1736 -1.0329570790270892 -0.42312482368224641 1.5061637869339128 124 124 124 0.087966740839809918 60 86 63 135 54 287
1459 -2.212630760003897 -0.28508605306793505 1.7050764283860398 80 83 84 0.19285346911460285 56 701 55 370 53 331 54 304 52 270 51 287 50 441 48 384 49 384 47 307
6546 3.8957871753032118 1.6859989561170994 -0.37562732864974713 0 0 0 0.29952461291209281 115 374 116 443 123 813 118 792 122 726 117 550 121 598 120 574
6173 3.6515901393801116 0.85993309255295891 -0.67877178285399542 8 8 8 0.37911366863744167 90 26 114 1
1086 -1.2703103929119308 -0.44658129368445104 1.4877982135540402 24 33 51 0.22710804882750357 60 99 58 54
1737 -2.3796204030241674 -0.27973660558684516 1.7265716212868092 2 82 26 0.042055627688745288 53 327 54 289 52 252
1460 -2.3248750404708294 -0.25869694792068221 1.7316346502504072 6 36 14 0.19528656278546616 56 409 55 382 53 339 54 314 50 316 47 173
6547 3.8282982823633107 1.5464181369102659 -0.38637222534502297 162 162 162 0.58885604657533419 115 129 116 167 109 155 112 248 108 154 119 372 123 362 118 489 120 257 125 524
6174 3.873104106641442 1.617663240740459 -0.034411892299096435 0 0 0 0.078703396272088749 112 71 115 34
1087 -1.3641240895626749 -0.44659287461616182 1.5012134107290505 13 25 46 0.11807070613906649 59 85 58 63 55 226
1461 -2.360664557967282 -0.25086055455434059 1.7399247836654117 75 77 79 0.20278867737292758 56 729 55 394 48 382 49 382 47 293
6548 3.8285001144491817 1.5461042623135364 -0.38643083724029853 162 162 162 0.59241430098102843 115 128 116 166 109 154 112 247 108 153 119 371 123 361 118 488 122 256 120 256 125 523
6175 5.250622165500241 0.37928688473875144 -0.17581015913030282 228 228 228 0.18551833638453322 112 147 115 43
1088 -1.3642035061000819 -0.44685677149266195 1.5018533786705219 13 25 46 0.13874393154311801 59 86 58 64 55 227 52 225
1463 -2.3676772916181754 -0.24786537348166238 1.7413634532301328 4 4 5 0.26817112147164995 56 734 55 397 52 512 51 472 47 292
6177 4.0405285409290084 2.0012186252110493 -0.56140605205982264 230 230 230 0.51046579952792537 99 112 102 120 102 73 119 154 120 28
1090 -1.0380143496699186 -0.39447851861440353 1.5359114961519829 122 122 122 0.084647897632184721 59 107 58 73
1466 -0.79335615078069799 -0.27403798085020997 1.6291326224493006 107 114 120 0.045668800790823423 56 381 55 426 53 397
6180 5.3286926406423767 1.3332390446965596 -1.0055579394153766 97 102 117 0.37908581844114647 114 84 115 71 116 150
1093 -1.3208983897904296 -0.39244441905580357 1.5442924861780358 120 121 121 0.031588958586758441 56 286 58 89 55 316
1744 -3.047273957780523 -0.21451773411344668 2.1077597745459138 26 81 39 0.27789679540797613 55 433 54 331 52 273 50 290 47 129 43 41 46 62 44 78
6831 5.0540985155445632 0.72155511273162354 0.32470576770272241 236 236 236 1.5512934167416061 123 700 121 543 119 737 131 523
1471 -1.2737725414762773 -0.10585302107921347 1.8002157684790858 120 120 121 1.0451814885289405 56 468 63 297 55 484 53 472
6185 3.7265655270200537 1.3872099130308317 -0.80529210770354054 104 110 126 0.99065561618536713 111 87 115 108 116 141 119 309 123 299 124 291 117 89 120 188 121 333
1098 -1.0441756491563616 -0.26098496511592251 1.6449195927950298 122 122 122 0.085765997110789791 59 196 58 150 55 430 53 386
1480 -1.9118991805420571 -0.40834038002675133 1.5904882599360699 43 45 47 0.25768223661088302 56 620 55 605 53 570 52 458 51 447 50 422
6567 3.5770707999445341 1.5120757578233426 -0.77003684606478273 231 231 231 0.3880525016400001 114 195 119 329 118 332 123 201 124 315 117 173 121 246
6194 5.4311926496663219 1.7909719073699104 -0.32309967136760648 231 231 231 0.98575741682919615 114 190 115 176 117 388 116 212
1107 -1.3558746779922215 -0.05513672050365262 1.8333208414983269 76 80 86 0.094173000790568825 61 310 58 228 51 354
1481 -2.0815228381019355 -0.39280272340796896 1.604984982184666 50 63 61 0.15089400513574155 57 713 55 609 53 574 54 538 52 452 51 239 50 402 48 348 49 348 47 270
6195 5.5417045498497499 1.7574341055634042 -0.31420961316442392 231 231 231 1.5140290202456257 114 191 115 177 116 214 117 332
1108 -1.3558746779922215 -0.05513672050365262 1.8333208414983269 76 80 86 0.094173000790568825 61 311 58 229 51 355
1482 -2.2829816505742553 -0.37738540037070445 1.6339877492122992 4 24 8 0.18109444309425723 56 666 55 613 53 576 54 534 51 422 50 381 48 325 49 325 47 238
6196 5.0684447947699489 0.66999436874956464 -0.54016730927840662 0 0 0 1.0811483965669386 106 200 109 121 110 200
1109 -1.3118673245204937 -0.03455647732071046 1.8502007117527677 121 121 121 0.074316953019529647 59 299 58 238 54 456
1760 -2.1019291121728161 -0.39031613979431523 1.6127086333505645 19 22 23 0.15021629380502916 53 575 55 611 54 540 52 453 50 400 48 344 49 344
1487 -2.3142475516027528 -0.35491556674474534 1.6540100013847261 21 22 23 0.48681746068509579 56 670 55 630 54 213 52 189
6201 3.8072986020200856 1.630264918467399 -0.5358125597816058 0 0 0 0.47581606619035988 111 162 114 201 115 189 107 137 116 233 117 288 121 271
1114 -1.8012834607335173 -0.47571026254171295 1.5201130110291139 67 70 72 0.24216289018219292 56 566 58 314 57 436 55 145 54 133 52 145 51 194 50 229
1489 -2.2213621206479583 -0.34170011022734936 1.6598179733160321 6 8 9 0.14208466328431774 56 672 55 640 53 587 54 566 52 469 51 452 50 419 48 355 49 355 47 352
6203 5.2154271086983544 1.6418401458083569 -0.4217664446952144 0 0 0 0.38869981887171856 108 134 111 117 106 77 110 77 114 218 116 252 115 209 117 322
1116 -1.8587369459250433 -0.44322983744076683 1.5524860283985589 68 65 61 0.18852763429831251 56 209 58 351 57 146 55 224 54 149 52 168 51 227 50 398 48 350 49 350
1506 -2.3245098959591202 -0.35438906136206633 1.656594444161301 71 73 75 0.24834884203759605 56 884 55 809 53 775 54 755 52 629 51 434 50 500 48 425 49 425 47 339
6220 4.988968100465657 2.9345713085950895 -1.0370267326805449 165 165 165 0.49097822591096446 111 140 115 271
7329 5.8648626112016409 0.041287373104159635 -0.10350898619177816 0 0 0 0.69427818680722575 119 147 127 96 126 122
2242 -3.4663320153461581 0.60097592255390009 1.502960229534678 228 228 228 0.2499349478934563 51 868 48 647 50 741 49 647 47 539 43 306 46 267
1509 -2.1927493693638804 -0.29121216196993455 1.7012414741006143 35 37 38 0.19394654265768324 56 895 55 835 53 610 54 588 52 509 51 470 50 440 48 383 49 383 47 362
1787 -2.9477020667959506 0.26204825763837902 2.2309475658284641 90 95 109 0.20002056876040775 53 1133 55 1150 54 972 52 824
1530 -1.344378029986117 -0.21297341185561483 1.6956898982878843 82 84 89 0.25040108404347022 57 891 55 985 53 1117 54 1047 52 886
6617 4.9609937312625387 1.4828222491058205 -0.8041549984331211 76 80 92 0.39131731979798196 108 33 109 51 111 60 112 82 122 180 121 100
1808 -2.2187877000627294 -0.50187828947772128 1.5215736523252397 36 41 51 1.3407354375879796 54 33 56 84 52 31
1543 -1.3526633288544099 -0.44324193784206151 1.4964602113363081 112 118 124 0.56952747391362268 56 1216 55 1167 53 1145 54 1079 52 955
6630 3.6771985061516528 2.1881365179587045 -0.6427100386342024 8 8 8 1.4828749138820194 84 207 118 393 122 388
1544 -2.2782065326741257 -0.38772514741145225 1.6323480859932129 1 1 1 0.19433038152012119 56 1228 55 1174 54 1074 52 914
1822 -2.2054045045598376 -0.30417442318618682 1.6842296618247752 78 80 81 0.1242541609840319 54 272 52 247 51 275
1547 -2.1671996163629155 -0.33771890336592747 1.6727110296505918 6 7 8 0.53643492367048484 56 1289 55 1215 53 1188 54 1123 52 956 51 861 50 730 48 671 49 671 47 586
6634 3.7172206012645739 1.7813885741314215 -0.22854177529619479 99 104 120 2.0704999308102967 115 84 122 395 125 438 118 400
1825 -2.2079146776762379 -0.30039170008916311 1.6919006378287931 11 12 12 0.14656444186613488 53 316 52 258 50 309 47 297
1550 -2.397238678288331 -0.27325324917079102 1.7229561319202866 70 73 75 0.52559308877424071 56 1297 55 1218 53 1194 54 1130 52 959 51 862 50 731 47 584
6637 5.1419805239777885 1.6385872104278973 -0.42888812762200085 0 0 0 0.094532156067915485 112 149 122 416
6264 3.8083922889081472 1.5040021495935643 -0.37992711852357558 0 0 0 0.37546267704968689 111 169 107 150 119 507 118 485 120 398
7373 3.6034602679451333 2.335840082191825 -0.66201217562797965 0 0 0 1.7614320865850219 84 133 120 151
2286 -2.3276515854935504 -0.45637287401665222 1.5653307739175364 47 51 59 0.092777129086410795 48 47 49 47 47 31
1555 -2.2090264921681344 -0.32438202654028503 1.6766063270601719 88 92 93 0.30622026081106146 56 1291 55 1247 53 1222 54 1150 52 981 51 889 50 765 48 716 49 716 47 585
6642 5.2169437204026226 1.64093147995625 -0.42167527978994113 0 0 0 0.1865603634253489 107 63 109 88 122 476
1556 -2.1677195664256859 -0.31850128034597319 1.6916220022026773 83 85 87 0.38587492260192657 56 1327 55 1248 53 1223 54 1153 52 982 50 766 48 751 49 751 47 622
1557 -2.2471707135538868 -0.2948573271437942 1.6850140056747063 7 8 8 0.44976132274441699 56 1292 55 1249 53 1192 54 1154 52 958 51 864 50 734 48 673 49 673
1835 -1.2846262982570027 -0.0301736148172683 1.8526047572754341 61 64 73 0.13474801966835814 60 327 52 370 51 372
1558 -2.3009187437029746 -0.27491423913223079 1.7217396682198289 7 8 9 0.19971837419725472 56 1298 55 1250 53 1195 54 1131 52 960 51 865 50 736 48 717 49 717 47 587
1559 -2.6620961690254172 0.86602588526537172 2.7164869473593569 107 107 107 1.4002896199566828 54 1139 52 910 50 637 48 555 48 654 49 555 49 654 55 1264 50 748 51 878
6646 5.1184967804037829 1.6661733673500618 -0.36481544247459413 166 166 166 0.69299066179197577 112 261 122 525 118 637
1837 -1.0286209025377322 -0.019672496033146514 1.8512741765468734 122 122 122 0.21848301448880372 54 485 62 235 52 398
1560 -2.0917299669875242 -0.43268232027764603 1.5733604287526959 15 17 18 0.2144623109477565 56 1321 55 1272 53 1214 54 1143 52 977 51 884 50 754 48 743 49 743 47 619
6647 5.1184967804037829 1.6661733673500618 -0.36481544247459413 166 166 166 0.69299066179197577 112 262 122 526 118 638
1838 -1.8738852263370041 -0.53250541885556202 1.4867597731981306 3 5 4 0.11761432545358015 53 516 52 413 51 389 50 333
1568 -1.0512011142884072 -0.017991114531244797 1.8517089877086286 124 124 124 0.33296278362492598 56 1086 57 912 55 1028 60 878 59 736 58 759 53 1132 54 1063 52 905
7391 5.1057772032716588 0.758673436802905 0.3928290687029844 0 0 0 0.99201968295322007 98 345 103 380 95 440 97 345 96 310 101 401 75 735 77 724 78 677 79 627 80 617 81 483 82 515 83 550 86 502 87 567 85 506 88 612 89 552 90 555 93 491 92 530 94 518 91 518
1569 -1.9276441959375326 -0.47207366044784832 1.536103728322413 54 68 65 1.0119080068760149 56 843 57 665 55 903 56 1128 57 955 53 892 54 727 54 889 52 752 51 754 50 558 48 578 48 629 49 578 49 629
6656 3.720974353089225 0.95436264707770391 -0.33044776526871616 100 105 121 1.4113295464849853 115 305 116 357 119 696 122 603 124 704 117 431 120 464 126 766 125 709
7392 5.227420055536335 1.6507519051486508 -0.39940274493697892 165 165 165 0.79790605695035888 112 233 109 136 107 110 114 106 115 163 121 387
2305 -3.6898157180328242 -0.17628288774264761 1.8052543202225173 231 231 231 0.61067316962698159 51 190 47 195 50 113 43 73 46 36 42 69
1847 -1.3548312042145774 -0.095286394187721474 1.7952058222482059 121 121 121 0.29854362224738012 55 487 52 545 51 499
1570 -1.7805437177419094 -0.49791757425186661 1.5038020598395112 3 3 4 0.45130954915215554 56 951 57 809 55 779 56 836 58 531 53 118 57 62 54 502 54 882 52 420 51 546 50 481 50 557
7393 5.8623993222771311 0.0517220576010042 -0.098195063589363349 60 63 74 0.96025365487392378 125 135 131 1
2306 -3.5326621097866044 -0.16331949029818524 1.8341438272280441 9 9 9 1.3292370845379331 51 421 47 199
1571 -1.313707633894458 -0.11353101398784735 1.780586465944622 124 124 124 0.6377240752392237 61 543 60 527 59 276 56 776 58 444 57 616 55 728 61 669 60 662 53 469 53 867 57 765 54 446 54 862 52 544 52 715 51 628
7394 5.8623993222771311 0.0517220576010042 -0.098195063589363349 60 63 74 0.96025365487392378 125 136 131 2
2307 -2.442586095063807 -0.38495094995193552 1.6407175618470473 43 47 52 0.23604457354781891 48 84 49 84 47 209 43 90
1849 -1.9131317738091298 -0.49890868116013481 1.5203833626624066 60 75 72 0.12118616553376063 54 881 52 745
7397 5.8677677278124616 0.049068528000608513 -0.10027089766062351 60 64 74 1.7046593004083483 125 134 131 64
2310 -2.2138136463974543 -0.29658374694498091 1.7010252572694873 93 95 98 0.029842982997128314 48 380 49 380 47 298
1575 -2.4290411743298517 -0.29553519432884295 1.7075059494201319 3 4 3 0.43182686301855694 56 690 55 661 54 571 52 481 51 453 50 418 48 440 50 518 49 440 47 344 43 208
1580 -1.8504649685401324 -0.53691502701085325 1.4766422033095494 36 47 46 0.11297242092396799 57 12 53 15 54 19 52 34
6667 3.6811699540366312 1.4255845804414469 -0.77789400675832188 173 173 173 1.5607586170165271 112 244 114 194 122 318 115 109 119 317 116 144 112 113 111 57 109 18 123 123 123 310 119 119 124 299 121 144 120 207
7403 5.9273206755549248 0.035807659725510539 -0.11831376592635762 9 12 14 0.11330728577971405 127 259 131 151
2316 -3.4572789426603543 -0.22067167233829074 2.1065746815111037 27 83 39 0.46555854332401092 54 913 47 388 43 256 46 176 44 158
1858 -2.0938207279606202 -0.4262058301230332 1.5821957232782911 12 14 15 0.35672496153727823 55 1077 52 856 51 756
1584 -1.8910612253518975 -0.52684481647231285 1.4856631389698107 17 71 27 0.035812378357653434 55 53 53 30 54 31
1862 -1.8649201105249624 -0.51733808064808806 1.4698320089092252 8 9 10 1.0056643955846463 57 1135 52 991 51 920 50 820
7409 5.9268507420867031 0.035722719327225892 -0.11815245615413662 9 12 14 0.090988127207042302 127 415 129 214 131 202
2322 -3.4429630579202755 0.63387737606157901 1.5918701142032823 0 0 0 0.49323426012853383 47 450 43 237 46 217 44 204 42 192 45 239 41 146 39 214 40 214 48 616 49 616 51 736
1587 -1.0524737581460319 -0.54105548445838336 1.399971667042722 105 107 110 0.063822141513137989 55 23 53 63 54 105
1865 -1.2850016708078058 -0.37789236391973807 1.5566214402174343 85 89 96 0.1334204500899441 55 943 54 929 52 806 56 870 60 733 59 558 58 576 57 703 55 812
1606 -1.9302886856844872 -0.41735588058800049 1.5809242594245692 83 86 88 0.11231642576055212 57 187 53 214 51 241 50 262 48 227 49 227
1609 -0.99828022919545156 -0.45763412390558528 1.4689504411112637 120 120 120 0.044333544797684886 55 217 53 230 54 242
6696 -30.387714038138171 10.293723570076084 15.32487378335958 60 64 74 1.2352767976706263 39 185 40 185 124 382 119 389
1610 -0.99828022919545156 -0.45763412390558528 1.4689504411112637 120 120 120 0.044333544797684886 55 218 53 231 54 243
1888 -2.0445128390052081 -0.45535443733980885 1.5557244742059511 35 46 44 0.027387353138971962 52 137 51 167 50 176
1611 -1.3208728535860288 -0.29053845766989739 0.99731881964012925 109 115 121 1.0956301924687035 57 122 53 235
7434 3.5755574594273751 1.4764598065350727 -0.7848011930611607 0 0 0 0.5721966087760918 115 183 116 218
1889 -2.0978906085176376 -0.43719071266157011 1.5752711521902576 6 12 9 0.16324550698615009 54 141 51 186 50 200 48 130 49 130
1616 -1.2773506958232412 -0.40207222060268666 1.5401616500633064 121 121 122 0.067648905007585566 56 265 53 257 54 274
6703 4.3488911771999534 1.6836858961523233 -0.045496808274086836 92 97 112 0.075288011869716953 116 198 124 465
1894 -3.5729429879120178 -0.21686567295322781 2.1127067623597853 118 121 119 0.30361360859707703 52 214 54 264 51 240 50 217 48 80 49 80 47 44 43 77 46 50 44 70 42 85
6981 3.7274816124308816 1.3241883882307555 -0.36345133937094803 113 119 136 0.15363826401497127 114 90 125 129
1617 -1.2889715995084976 -0.3972520498298302 1.5419015999816195 119 119 120 0.17723706227445024 57 169 53 260 54 280
1895 -1.9123868551303997 -0.41977347976163942 1.5767024088333781 9 13 11 0.22040437179451317 57 184 51 242 50 264 48 357 49 357
1619 -0.72448079564733614 -0.45580215928932688 1.5893002767161926 47 96 60 1.1709737903869279 55 293 53 267 65 56
6706 3.8066155700416218 1.6206430622889763 -0.082472465447180912 59 62 72 0.51735756714880932 114 244 115 138 116 182 124 550 120 353 126 462
1621 -2.4217424820196118 -0.29953440573973017 1.7015878957307191 3 92 32 0.23180858789810235 55 353 56 342 53 293 54 250 52 233 51 259 50 280 48 219 49 219 47 257
1899 -2.2668331671736675 -0.33877297334743489 1.6598227430985111 35 40 41 0.13928355160114192 56 329 51 254 50 272
1622 -2.4217424820196118 -0.29953440573973017 1.7015878957307191 3 92 32 0.23180858789810235 55 354 56 343 53 294 54 251 52 234 51 260 50 281 48 220 49 220 47 258
1900 -3.7200367605681768 -0.13783453614873897 2.1421991624228349 230 230 230 0.89282447169725032 52 496 54 599 51 257 50 389 48 310 49 310 43 29 46 54 44 17
1623 -0.5366477908645706 -1.026430808037905 4.0745023593324623 123 123 123 1.721898376777947 63 125 53 295
1901 -3.45693802091915 -0.19113377752200611 2.1323262660528983 25 77 39 0.239647657475237 54 596 51 258 43 34 44 21 42 44
1628 -2.4080455519947788 -0.29361634328742758 1.700037959637954 3 81 26 0.18471107876645124 55 358 53 304 56 360
7451 5.0510119431308693 0.72347519918830072 0.32585126678916165 236 236 236 1.4268020808946993 118 679 126 697 131 522 123 699 121 542 119 736
2364 -0.70896046709122262 -0.39390994669655527 1.5256936431508892 119 119 120 0.024719468342155753 64 82 67 82 65 62
1906 -2.2133417151104409 -0.30105054528770259 1.6909576499215728 12 13 13 0.11244444674642146 56 678 51 278 50 306 48 250 49 250 47 294
1629 -0.9687411357954655 -0.39132051718946559 1.5262156515737666 113 113 115 0.026839040725370616 55 324 53 305 54 342
7452 5.9273206755549186 0.035807659725509748 -0.11831376592635157 9 12 14 0.11330728580694674 127 258 131 150
2365 -0.71228104512043933 -0.38843406899484245 1.5315582050554528 57 60 69 0.091253828219057628 64 88 67 88 65 77
1631 -2.4002168896115417 -0.28849098036628368 1.7107514951782485 3 81 26 0.29702678746633998 55 363 56 369 53 313 54 260 52 242 51 460 50 424 48 359 49 359 47 275 43 148
1634 -2.2123356341241389 -0.29571561319109724 1.6957306438033519 85 87 89 0.1275172105341161 56 689 53 319 52 264 51 283 50 312 48 381 49 381 47 299
1912 -1.2700961204032435 -0.20533564299965157 1.6895984868269669 121 122 122 0.15151866713644868 52 341 51 341
5106 -1.3653699582913248 -0.032070954125368013 1.8805492629317342 88 89 94 0.14534098123017317 8 298 9 228 5 117
19 -0.69293900179723678 -0.23136740123143354 1.6595216010791085 122 122 122 0.20788072314154082 56 429 62 160 63 469 61 155 60 197 59 183 58 143 57 258 55 468 53 459 64 140 67 140 65 105
7463 -3.0539568962148644 1.0138129648519618 -0.051059198763023152 0 0 0 0.87607641769107492 26 67 27 107 28 114 31 134 32 116 33 92
2376 -0.75717755467365999 -0.21045644757208318 1.6784666657714824 23 31 50 0.052372308106844484 64 159 67 159 65 119
1918 -3.6366671073662817 -0.20043656301015866 2.1287937936268011 27 83 39 0.25914385833857861 52 226 54 581 51 439 50 221 43 26 46 47 44 14 42 13
7005 5.0636015333560822 0.75641988785972669 0.36882727152779932 0 0 0 0.59546252594640636 118 442 119 455 125 457 131 359 126 484 127 508 130 446 124 470
1641 -0.78691877649344488 -0.27958207565144427 1.6240229052170938 20 29 48 0.036644390073424522 55 412 53 390 64 127 67 127
1919 -3.7051183699590555 -0.17194423901333125 2.1252936137965399 9 9 9 1.6417227695665522 52 480 54 587 51 442 50 378 48 298 49 298 46 42 46 45 50 376 44 107 42 79
1642 -1.3365165729667567 -0.33377945459311126 2.7585786877711378 122 122 122 0.80676796681473384 57 293 53 410
1643 -1.3767215009073548 -0.19497485376976859 1.7168740919562817 94 97 102 0.077659972131059102 58 192 53 420 54 410 52 335 51 485
1645 -0.70358932246030337 -0.24463701426079557 1.6503538451024211 28 44 52 0.13153247764797624 61 148 53 443 64 134 67 134
1646 -1.9132425805093665 -0.46975309175337299 1.5356799631090325 12 15 16 0.20089810897707938 55 561 53 533 54 516 52 430 51 408
6733 3.6085642695609765 1.6040995876997055 -0.17620122368962904 84 89 102 1.3727519723748334 116 172 118 386 124 542 117 136 115 135 121 278 126 438
398 -0.74765749222647526 -0.4175744321652291 1.4967264043044208 102 114 112 0.50641604622307734 62 858 63 917 61 935 64 599 67 599
1648 -1.9247236306533571 -0.46533064173194816 1.5412268528609125 11 14 15 0.095723816113544469 55 567 53 536 54 519 52 435 51 412 50 368
1649 -2.0603602368151162 -0.45272602333142736 1.5618983279452543 5 6 7 0.21471418173610374 57 675 53 540 54 520 52 432 51 402 48 407 50 479 49 407 47 333
7472 -4.4224526086491069 1.1739482625133082 -0.30249860219231028 231 231 231 0.70030635368763328 27 162 28 147 29 144 31 164 32 139 33 109 26 111 36 156 30 120 34 120 37 155 35 205
1927 -2.3049521336656587 -0.32016151301993223 1.6806522523448431 113 114 115 0.12611296775521455 55 833 51 583 50 519 48 520 49 520 47 411
402 -0.76136352599993884 -0.2786015714331645 1.6282642480913554 46 52 66 0.6448918420503621 56 1261 63 930 61 953 60 957 59 888 58 846 57 1057 55 1220 53 1227 62 843
1651 -2.0898200397683384 -0.43796843819341036 1.5682546635091805 5 7 7 0.29837452379682422 57 687 53 543 50 358 48 312 49 312
7474 -1.6923517770431542 7.2888144560516031 5.8362065862666395 0 0 0 0.81542076227259408 113 354 129 571 130 701 131 585
1929 -3.0124425966130186 -0.16684170291587394 2.104170001194571 9 9 9 0.41120134623049909 53 972 51 593 43 199 52 679
1652 -2.0608379777396602 -0.43284184505305018 1.5841550269751492 12 13 14 0.71842203114163972 55 586 53 548 50 220
7475 -3.8682217810976995 0.805656073864079 0.15872780595785241 131 131 131 1.0796151069634787 26 126 27 175
2388 0.87848769530975257 -0.77352566408034451 1.392548420948273 140 140 140 0.72840553537354713 64 399 67 399 65 305 66 187 68 211 72 216 69 227 73 114 71 114 70 247 74 491
1930 -2.967755082670088 -0.16553009820638928 2.0926380022310598 9 9 9 0.50750508535533245 54 839 51 594 43 140 52 682
405 -0.78604064976613142 -0.27745148622028892 1.6279055145295622 73 79 88 0.34488868777584308 62 845 63 933 60 921 59 853 58 848 64 613 67 613
7476 -4.4694894213634679 1.719636891367341 -0.36619322172062779 231 231 231 0.74476508601016767 24 29 26 35 27 59 24 7 25 4 26 22 28 28 28 47 29 59 31 43 32 3 31 23 33 38 30 2
2389 0.87848769530975257 -0.77352566408034451 1.392548420948273 140 140 140 0.72840553537354713 64 400 67 400 65 306 66 188 68 212 72 217 69 228 73 115 71 115 70 248 74 492
1931 -3.4285541115548583 0.19223462649183834 2.195224061920714 5 5 5 0.50287394474579949 53 1009 51 604 43 149
1657 -2.2041231648303024 -0.39024719978669969 1.6164733880676037 7 13 10 0.15379491587933836 56 645 53 571 51 226
1658 -2.1080131535596665 -0.38832499999493075 1.6164792032219912 19 23 23 0.09119531947752138 55 612 53 577 50 403 48 345 49 345
6745 3.9156128526506162 1.8616961952740005 -0.38865878649760782 228 228 228 0.29185663101885939 114 116 123 245 117 63
1660 -2.145483425284342 -0.3652997427611005 1.6388770352230446 26 30 31 0.36906550342736699 57 543 53 583 48 225 49 225 47 276
6747 4.1350139878576906 2.0544968348827486 -0.53385512602822716 8 8 8 0.15343046464634427 115 83 116 67 117 68
1663 -2.4415097586659265 -0.31233286352075418 1.6985405198026364 95 98 99 0.073134683539216705 55 657 53 592 43 203
415 0.65934364980009597 -0.11142799435691314 2.052543254135895 29 30 30 0.46967937072606475 62 861 63 951 61 976 60 988 59 918 58 895 64 604 67 604 65 459
7486 -4.4325386673330485 1.3559871474337772 -0.00026860166409547933 79 83 96 0.9451278348381198 26 65 27 64 28 56 29 81 32 53 30 25 36 36 37 55 34 25 35 1 37 7
2399 -0.64097030462913462 -0.1896740341721726 1.7022888191916059 106 108 111 0.33781620595752093 62 641 65 397 66 250
1941 -2.2289849329906537 -0.32113341790100824 1.6785540110999329 15 17 19 0.31080164360779805 52 870 51 774 48 638 49 638 47 530
1668 -1.0434303808587986 -0.37552216705133246 1.548049664561723 98 100 105 0.073241474911245372 60 437 53 607 54 610
6755 3.9753074544708951 1.9830705399796973 -0.58286177771738934 8 8 8 1.3593086383637989 105 137 116 118 117 135
7491 -3.336630133675242 0.8754719770798054 0.13716132323251723 236 236 236 0.82020702923744127 26 57 28 84 29 94
2404 -0.69216757244948224 -0.23885499917093417 1.6510620898080319 7 47 42 0.051172631184594787 64 573 67 573 65 433
1946 -3.4308938640201712 -0.18858593418877118 2.1332378285591291 6 20 42 0.57252865960430366 52 983 54 1175 51 907 50 794 48 744 49 744 47 616 43 365 42 334
1670 -2.3767002583667618 -0.25695717216044395 1.7551558658557216 77 80 82 0.091003986333434359 55 673 53 615 54 598
6757 5.2224699744408101 1.9107018965545981 -0.36167898890239886 0 0 0 0.68883601878034662 100 75 116 206 117 146 121 124
422 0.066215266597408354 0.42071602292802185 2.4193256628178479 142 142 142 0.16439483313445188 56 1309 63 963 61 994 60 1002 59 933 58 907 57 1106
7493 -4.4732717682685266 1.4575580419817831 0.078509156188456233 97 102 117 0.65265912211205201 26 85 27 121 28 90 29 101 31 99 32 78 33 69
2406 0.82587680372106398 -0.81668377386850877 1.3491107375583726 140 140 140 0.90948198196491425 64 616 65 473 67 616 66 323 68 318 72 401 69 339 69 359 70 404
1948 -3.7269740852960802 -0.19959537132170146 2.1063010935110635 6 20 42 0.42408937435320337 52 1018 54 1195 51 929 50 825 47 635 43 376 46 370 44 368 42 354 45 363
1672 -1.2733193876897235 -0.0092698098796059267 1.8854085725807204 99 101 106 0.47876367745560938 57 641 53 722 54 700
424 -1.064899309461111 -0.43784746909861089 1.4931672940727436 124 124 124 0.16629880475291758 56 1280 63 968 60 978 59 908 58 885 57 1080 55 1240 53 1220 54 1151
7495 -4.5712717127481497 1.5979284273878984 0.24032373296476217 82 86 99 1.0171826885514634 26 88 27 132 28 111
2408 0.89886099429751998 -0.78825170123045496 1.3696905378876341 140 140 140 0.19524763759161903 64 618 67 618 65 475 66 325 68 320 72 402 69 340 73 582 71 582 70 373 74 736
1682 -1.9077823864045831 -0.4234741044014006 1.5742263647755901 82 84 86 0.23974157976440305 55 914 53 901 54 892 52 761 51 668 50 575 48 591 49 591
1960 -0.7038460512333109 -0.7307836624580959 1.2446009105147278 105 107 112 0.061263347834921628 62 19 64 14 67 14
1683 -1.9094857695190468 -0.41572196091685493 1.5854593340236407 60 63 64 0.60488332546834978 56 990 53 903 52 767 51 672 50 583 48 528 49 528
7506 -4.38848865531049 1.161828930774943 -0.15644168919946427 98 103 118 0.47262657283470638 26 62 29 22 30 9 37 54 34 10 35 10
2419 1.608502909152068 -0.17568165664859944 1.9904318659487814 7 17 32 0.24454099203773064 62 488 63 570 61 579 60 698 65 329 62 608 61 703 66 200 68 228 72 244 69 243 73 323 71 323 70 274 74 530 76 705 75 703 77 762
1686 -2.2960614680127369 -0.30172913314767247 1.6959425983306857 19 21 23 0.16428767475191039 56 1181 53 932 54 908 52 781 51 688 50 591 48 595 49 595 47 483
1964 -0.68479945126011543 -0.72212741992472751 1.2432481380933773 91 95 101 0.094626600688489701 62 25 64 18 67 18
1687 -2.4137645054996253 -0.2847772400001225 1.7214613286790115 4 5 6 0.17427580155671726 55 965 56 1038 53 935 54 909 52 658 54 772 51 686 50 589 48 523 49 523 47 413 43 273
1965 -0.6724018825086453 -0.71714755546483944 1.247622516581067 73 77 88 0.062909432380374136 62 31 64 20 67 20
1691 -2.3628508496134155 -0.26241729359043259 1.739048005340579 3 4 4 0.17720077918339688 55 974 56 1049 53 950 54 928 52 797 51 700 50 603
6778 4.0863439605907859 2.0179752785792324 -0.52750440013634148 231 231 231 0.36571353048375094 115 294 117 442 121 497 120 476
443 1.3286911067998342 0.85305075212163506 2.7461999385708866 87 81 78 0.32030422152142007 62 904 63 1001 61 1034 60 1042 59 968 64 687 67 687
1969 -0.74260964921532047 -0.63616067290987466 1.3219780994165442 89 95 106 0.0087905658096198939 62 40 64 29 67 29
1700 -1.3219096536388759 -0.46125705893553687 1.4800759469485567 115 120 124 0.25836611343927551 55 1161 53 1140 54 1075 52 920
6787 5.3424747135280883 1.7233912045862767 -0.29881686045664213 59 62 72 1.6805413007477195 112 355 116 436 117 541 120 567
1702 -2.4201363898590031 -0.31546167069418501 1.6852984001177396 17 18 20 0.16347671101802694 55 1181 53 1155 54 1082
1980 -0.71986087443087232 -0.42208991712759569 1.5029571306563281 54 97 66 0.031964547542373878 62 120 64 74 67 74
1708 -2.0147865052048322 -0.46480713112335709 1.5482096963582734 11 12 14 0.208468969004103 55 1269 53 1237 54 1165 52 992 51 899
6795 5.0836074917566378 1.6809080533029255 -0.33182777884828474 0 0 0 0.96589842789566149 111 183 115 216 107 125 117 331 96 203 98 230 104 240 122 588 112 296
1986 -0.72736125599058743 -0.39038509009307926 1.5291413672089231 115 115 117 0.046511960077081957 62 131 64 91 67 91 65 79
1716 -1.6575629558194926 0.42826543381919135 2.4042676565165224 0 0 0 2.1209603592366366 58 933 59 900 60 970 57 1107
6803 2.5131096642694026 0.14700917565612054 1.5672700047624291 0 0 0 0.21947856665243248 72 14 77 107
6430 -3.3333399924308806 0.86285390836311493 0.13288343352701892 236 236 236 1.1273318638813579 25 121 26 101
468 -1.0233298380084284 -0.48415637989003202 1.4512382633681817 118 118 119 0.097004470369013093 63 79 61 56 60 39
1994 -0.66692362415166995 -0.23116930165013433 1.6590397594610315 120 120 121 0.051604645870320508 55 469 64 137 67 137
1998 -0.74937306920487357 -0.21060437756642797 1.6810159470823824 30 37 53 0.00011256080479782446 62 172 64 157 67 157
481 -0.97449364497886071 -0.39739302565477802 1.5305218979338171 122 122 122 0.039105821472086515 63 142 61 100
7552 -4.4595954934528717 1.4327273646118379 0.060681783062614354 67 70 81 0.35615063747867431 29 63 32 55 33 45
2007 -0.67905269404499491 -0.71666429576646273 1.2549348127878661 11 13 18 0.12224217356692758 62 260 64 182 67 182
2011 2.1998157606478643 -0.12197067693180262 1.992877028455468 10 10 10 0.076649631935112775 61 349 64 227 67 227
1735 -2.2086320312637904 -0.30552371037777759 1.6914661687840604 77 78 79 0.26107769746102977 53 310 54 273 52 248 51 276 50 305
6822 4.646955002186715 2.0190128116452746 -0.55632868233554567 231 231 231 0.083839103514310648 115 141 121 300
5201 -2.2346406714419818 -0.35168623964193629 1.7132858670591498 17 20 20 1.5957165061920957 5 376 10 326 2 121 4 121
114 -0.017146788542655566 0.32097640919916293 2.328008470044816 0 0 0 0.26821090290728361 56 1305 62 874 63 960 61 991 60 1000 59 930 58 904 57 1101 64 658 67 658
7558 -3.1616684775575652 0.961980857663708 0.0099954283377199377 0 0 0 0.98869588799454522 28 132 32 113 33 101 30 114 36 147 37 144 34 91
2013 0.74337783277795488 -0.072199162150925436 1.1106090244415197 10 10 10 0.22846354345047201 61 351 64 248 67 248
1738 -2.3796204030241674 -0.27973660558684516 1.7265716212868092 2 82 26 0.042055627688745288 53 328 54 290 52 253
2016 -0.70913961943184833 -0.46917512523525801 1.463491861947863 124 124 124 0.035309088404746787 62 353 64 257 67 257
1739 -2.3835543559082781 -0.2751114181616659 1.7224670517883152 4 9 5 0.37524328031102439 55 374 56 393 54 295 52 255 50 297
2017 -0.70935252104197422 -0.41721536895515482 1.5071136534236416 124 124 124 0.0059650876565035121 62 372 64 272 67 272
1758 -2.1260815903538743 -0.4249730337930816 1.5882465619802411 6 8 8 0.061145352605030401 53 551 54 528 52 445 51 417 50 371 48 313 49 313
510 -1.0587759318091812 -0.21252549789939579 1.6878501652816458 47 52 63 0.10253665056545899 56 442 61 222 60 245 59 230 58 170 53 435 54 423
7581 -3.1194861388638104 0.46336412313056724 0.025654050963136887 0 0 0 0.56088509372871609 31 58 32 60
2036 -0.69219609991156827 -0.61603918805937419 1.3297056933395301 65 72 85 0.32741206624503522 62 478 64 342 67 342
513 -1.0629493591108055 -0.20929762894025122 1.6927111992766797 121 121 121 0.071803078019815766 63 269 61 227 60 251 59 235
7584 -3.3368633943049484 0.87102419192134195 0.13668437417649676 236 236 236 0.044508816620372191 33 51 30 58
2497 -3.5734714503206697 0.45929128659013613 1.4344648478295736 228 228 228 0.11042533036390205 47 660 48 801 49 801 43 410 46 402
2047 -0.67460846707862887 -0.70720620465165118 1.2620557269481627 17 19 27 0.048487961342924185 62 585 64 412 67 412
7134 5.2658618575754597 0.63329430357005156 0.53762145611773648 0 0 0 0.63132350658186198 98 142 129 368
7595 -3.9417670410989598 0.88461223123752886 0.17200701105183971 130 130 130 0.5149692096977001 33 3 36 40 37 40
2050 -0.64268446867655371 -0.63064279438182846 1.3171683586165186 34 44 64 0.088920350561579972 62 586 64 415 67 415
7596 -3.9417670410989598 0.88461223123752886 0.17200701105183971 130 130 130 0.5149692096977001 33 4 36 41 37 41
2051 -0.64396627266112161 -0.6231442260926453 1.3320131173943124 34 44 64 0.1098418141906202 62 587 64 416 67 416 65 317
530 -1.0251335003546924 -0.54409550120837546 1.4095366299654364 109 111 113 0.14626506896639038 63 37 61 340 60 13 59 10
7601 -3.1886126311898471 0.97636301213860965 -0.0012075618634274671 236 236 236 0.027629147324310918 33 22 36 74
2514 -3.4682022789892146 0.57293851713831645 1.8223962301617265 110 115 132 0.51562124858527625 50 620 51 728 52 825 46 216 42 225
533 2.06109867400985 -0.12425513050461312 2.0170536215578339 10 10 10 0.31965593054366859 62 329 61 361 64 234 67 234 66 132
7604 -3.1590167438144845 0.96855917818126569 0.0062674251803790148 0 0 0 0.3970771474197427 30 68 36 106
2517 -4.2831678524206938 0.25642088645605626 1.4611607127641424 67 70 81 0.63045904083922499 43 252 47 514 50 721 46 231 44 258 42 206 45 252 42 238 41 196 39 237 40 237
2059 -0.68241663184857682 -0.73964213770712617 1.2313183338943636 99 102 108 0.10766807923828742 62 691 64 495 67 495
7605 -3.1565198485785468 0.95481192369640966 0.0081802988799618281 0 0 0 0.32028430802707708 30 81 36 119 34 78 35 162
2518 -4.3050413484447398 0.28050153084187129 1.4803276539300849 94 99 114 0.71206054369036786 47 516 48 573 49 573 46 233 47 464 44 217 42 208 45 216
2060 -0.68261623998801224 -0.73382307538064095 1.2360727268242175 5 13 23 0.055308315446746269 62 694 64 496 67 496
1784 -2.3322129511537559 -0.27645203679100472 1.7186523992018785 2 2 2 0.13447898876390649 53 943 54 916 52 789 51 694 50 597
7634 -3.0478772128286926 0.99478733406751629 -0.050856977645443828 0 0 0 0.40632500844383518 37 101 34 58 35 134
2547 -3.1981708419459833 -0.16734744765823673 2.0973066089573131 9 9 9 0.13545912195690635 51 469 44 124
1846 -2.3665572907816426 -0.27454790112004773 1.715676858247944 2 81 25 0.26031077863346985 54 586 55 373 52 507 51 466 48 375 49 375
6933 4.8345209278814174 0.86898814008183589 0.2599373545251405 0 0 0 1.2424803178517736 118 518 123 433 124 463 126 476 130 441 129 42 127 62 128 540 131 183
1848 -3.357903392305936 -0.20899862065208202 2.1220591012087837 121 123 122 0.25192046007342894 53 809 54 787 52 659 51 582 50 504 48 415 49 415 47 331 43 132 46 125 44 164 42 156
7671 5.8150479095103362 0.052721847635663385 -0.11232884244758934 0 0 0 0.48842489238652709 119 1 126 101 124 2
2584 -3.519569641635337 0.64138588043000999 1.4075446198197994 0 0 0 0.95637709562726558 42 97 46 134 41 133 38 34
2128 -1.8555651302425604 -0.53766978654585895 1.4727039972107694 3 5 5 0.084450498207068792 51 388 50 330
6565 0.51116768795903755 0.3055680296473145 0.79177270398763722 0 0 0 1.051580088172098 9 460 118 291
1852 -3.0622632921883652 -0.21879243960855652 2.1116189693460923 7 21 42 0.240448916298766 53 959 54 1037 52 795 51 690 50 587 48 586 49 586 47 472 43 266 46 252 44 272
2130 -1.8648450344510417 -0.49777412450477304 1.548679325843568 23 27 28 1.7389044056079088 54 506 50 355 48 149 49 149
7217 5.1327950872953672 0.62919576733009941 0.48204851315540093 236 236 236 0.80346209661265688 119 676 125 685 129 455 130 566 127 721 131 419 127 669
1853 -3.1421873647358982 -0.20210052853936158 2.117672953648345 123 124 123 0.20516609141706665 53 1111 54 937 52 798 51 689 50 671 48 516 49 516 47 393 43 265 46 249 44 229
7676 5.0121498591345004 0.6012047508968319 0.53756640860958538 0 0 0 0.98862455505752722 118 686 127 718 119 739 124 744 126 751 129 504
2131 -3.5515964243675482 -0.21568401215334318 2.1155110953356386 122 122 122 0.52548675101516862 51 245 52 222 50 377 47 46 43 78
7218 5.1169186145243835 0.64184389726365032 0.49423077453450792 236 236 236 0.44208262547686383 119 677 125 686 129 456 130 567 127 722
2134 -3.3931968388945557 -0.17068899979850766 2.127682967089473 9 9 9 0.56880336361886197 54 809 50 414 53 813 48 423 49 423 44 120
1864 -1.2920129326255894 -0.092091175872369993 1.7988743360387927 16 91 39 1.4383706244282164 61 550 60 543 58 456 61 678 57 323 54 661 61 547 60 535 59 457 56 788 57 619 53 683 54 654 52 549
2142 -3.5863772867105101 -0.22179697346676194 2.1113983016669362 28 83 39 0.43017301161780996 51 666 52 772 50 562 48 568 49 568 47 324 43 181 46 238 44 225
2152 -3.8588739025645653 -0.31938543239176659 2.0342128483361415 2 2 2 0.86734610880922103 51 847 52 976 50 714 48 655 49 655 47 548 43 335 46 319 44 300 42 283
1907 -2.3410170330719526 -0.25651280165162882 1.7380446005899961 23 37 29 0.070924698741377759 52 275 51 288 50 315 48 253 49 253 47 172
2185 -2.1347091232349098 -0.41518725271082829 1.5754324991302697 6 11 9 0.16663872700160712 50 216 48 158 49 158
6622 3.8692569404594233 1.6659926532065203 -0.32591036065566126 228 228 228 0.19093821146483472 114 165 122 266 125 420
1535 -2.2326903092027046 -0.38241376339605349 1.6213737225372309 5 6 6 0.18896514874640169 56 1174 55 1094 53 1072 54 1007 52 860 51 763 50 658 48 581 49 581 47 471
2186 -2.0863418357709769 -0.4273331289076 1.5767394454720365 13 16 17 0.22156510591686637 51 207 48 169 49 169
6624 5.1136581342878689 1.6399251303332054 -0.42091048750550769 166 166 166 0.17952366469072811 115 62 122 288
1537 -2.1948000546349489 -0.34035280180361482 1.6600801926650792 8 9 10 0.15425309843151019 56 1176 55 1119 53 919 54 906 52 869 51 771 50 670 48 593 49 593 47 528
2188 -2.1731601090693746 -0.40325276041994146 1.6011246567215143 6 11 9 0.041459049400552929 50 230 48 179 49 179
2194 -2.0722055684687755 -0.40778938218563721 1.5979783418588365 52 65 63 0.16781624112776167 50 246 48 207 49 207 47 259
1920 -3.2449593259994338 -0.19079769923335724 2.1197967261082273 9 22 43 0.070729674063903278 54 326 51 463 50 282 48 335 49 335
7007 5.0651550990207346 0.75524274352904697 0.36767329387209363 0 0 0 0.74484769860785205 118 443 119 456 124 471 125 458 127 509 126 485 130 447 128 456 131 360
2198 -2.4023791797986522 -0.28392759988195726 1.7088503616688122 3 9 5 0.1216161628773914 52 244 48 229 49 229
1921 -1.2668969767302549 -0.0098643848328502474 1.8443233720886432 105 107 110 0.083397950284883504 54 702 51 522
6635 36.507920418481469 125.25673048672169 -31.600620593455318 0 0 0 0.59716856078430269 111 111 113 167
1548 -2.2015475828174651 -0.31075658615786533 1.6879046837215124 18 19 20 0.57980888370228068 56 1259 55 1216 53 1191 54 1126 52 923 51 863 50 735 47 561
2199 -1.9120132772869849 -0.41595353803542739 1.5878454135198399 77 79 82 0.023042805675822387 50 273 48 234 49 234
2200 -2.3717271981891348 -0.25594013004035204 1.6873766654265787 69 71 73 0.96720437145058535 51 281 48 247 49 247 47 287
1923 -1.8760784041392913 -0.51238891652396767 1.4997212712225085 58 73 70 0.050699761194764104 52 597 51 528 48 482 49 482
2201 -2.3605217631854583 -0.25707270830843898 1.738476821247225 8 11 10 0.38864765927353528 56 417 48 251 49 251 47 291 43 153
1924 -3.704033850042745 -0.21145850406471531 2.119808628986251 120 121 121 0.27989276929710843 52 641 54 768 51 564 50 482 48 402 49 402 47 323 43 126 46 122 44 106 42 76 45 129
2202 -2.1958732715085434 -0.29687740103046006 1.6988033312450892 7 41 16 0.1775968451184364 50 313 48 255 49 255 47 305
2204 -3.4073979931894707 0.19351127251138486 2.1660850667286837 5 5 5 0.7087321597598405 54 434 48 258 49 258
1928 -3.1307760729886294 -0.21945369710762919 2.0929191346614808 29 83 40 0.76848399740661733 53 957 51 587 48 336 49 336 47 334 46 129 46 248 44 123
2210 -1.9145541729693849 -0.51349877425139789 1.4979713253974967 3 5 5 0.053644792488352668 50 340 48 282 49 282
2212 -1.8152156194462685 -0.47642028102887707 1.5286971945705961 3 4 4 0.076760941612042902 51 193 48 333 49 333
1935 -2.6831407468403916 -0.10582029639081167 1.8741121636248677 5 5 5 0.67481638626099261 55 1013 51 707 48 541 49 541 47 364
6649 -6.5496124560587843 1.5807591615402206 3.7385577110026396 0 0 0 0.58395565763180013 50 617 113 263
1562 -1.9785326510018735 -0.42394767421677154 1.6040468403124117 5 5 6 0.12806870722870367 56 1323 55 1274 54 1171
2213 -3.6309369738188795 0.20089347503555241 1.3457369069854257 59 62 72 0.96409883377629135 50 592 51 473 48 337 49 337 47 215 43 31 42 38 41 95 42 75 39 72 40 72
7300 3.5551397356492189 -0.071469300206765229 0.86207553674572701 57 57 57 1.6473108339671843 119 690 123 668 124 702 128 667 79 625 80 542 82 511 78 609 77 668 75 721 78 672 125 699 126 710 81 479
1936 -1.7821220575513601 -0.56405209557969715 1.444699913624069 2 2 3 0.34848807586492131 57 932 51 748 50 641
6650 5.2533531121112507 1.6506154744870751 -0.40006351628102743 166 166 166 0.23277387660960228 112 234 114 220 116 261 122 533 121 389 120 367
1563 -2.2969421472426141 -0.36241479956561229 1.6398102587733361 29 88 46 0.39126962966050338 56 1345 55 1276 53 1243 54 1172 52 999 51 906 50 792 48 748 49 748
2214 -2.4391582118192892 -0.31737212409009191 1.6997097155804486 16 17 18 0.51580073775499613 54 244 48 338 49 338 47 133 43 94
1938 -3.6648772361497359 -0.21658135812595339 2.108371006710458 8 26 43 0.3464700129134583 52 865 54 1088 51 764 48 567 49 567 47 462 43 292
6652 3.9241552194556624 1.6860211880876945 -0.19870970090680606 228 228 228 0.89855332626967654 115 266 122 574 116 286 121 427 121 459 120 410 120 445
2220 -2.6708088207204321 0.69528911305469887 2.5420435808547417 231 231 231 0.51127133811809178 52 595 53 513 48 389 49 389
1950 -3.7010107711748237 -0.1003468653309849 2.137439775347564 5 5 5 1.0897057290764931 52 1021 54 1203 51 932 50 834
6664 4.4943457404929381 1.0818389391715726 0.32217757258782109 116 122 140 1.3352060365426557 116 450 118 778 119 843 123 796 122 715 124 811 121 586 120 582 126 847 125 838 130 720 129 588 127 869 128 814 117 559 131 598
2228 -2.4401094656711657 -0.2936076417586565 1.7177469685002422 100 102 102 0.21287305482425598 54 767 48 517 49 517 47 407 43 272
2231 -3.5239840389748602 0.57717334341203852 1.4128530213420223 228 228 228 0.44558991235460516 50 611 51 793 48 546 49 546 47 440 43 214 46 204 44 186 42 171 45 177 41 123
2245 -2.6912560343432341 -0.097394840473531447 1.870941601276193 5 5 5 0.87515621316985204 51 866 52 984 48 719 49 719 47 562 47 624 43 347 46 363
2251 -1.8715487916136326 -0.53148578096371646 1.4967896172242305 8 9 11 0.64648177265355689 50 784 48 731 49 731
2254 -3.4738332154434208 0.66266305787929081 1.5016357018588886 228 228 228 0.35086362977359503 50 809 51 918 48 757 49 757 47 600 43 357 46 346 44 322 42 308 45 360 41 289 39 345 40 345 119 99 123 105 118 209 124 73 126 107 125 87 127 85 122 213
2260 -3.489808999108087 0.5605156403760021 1.8012071789740263 0 0 0 0.45818382841428906 50 847 51 953 48 781 52 1035 49 781 47 645 43 386 46 378 44 360 42 341 45 386 41 324 39 383 40 383
1446 -1.1820233806532814 -0.85945006831129711 3.3092294369107638 121 121 122 1.0650580877387714 63 448 55 309
6160 4.9417001191444934 1.6583036196504222 -0.48754644442474354 73 77 89 0.82858789574492631 106 249 110 249 114 336 107 188 122 692
1073 -0.69879949482590864 -0.44199988514033922 1.4801493337603469 124 124 124 0.48014463771681193 56 978 62 721 60 693 59 652 63 792 61 802 55 917
2265 -3.6154544639776152 -0.19610374322400861 2.1347271917384245 37 85 46 0.76808709210263559 52 647 54 776 51 570 50 490 48 95 54 297 51 251 49 95 47 326 43 130 46 52 44 72 42 86 42 142
1451 -2.2156884704520938 -0.3349107861484053 1.6657966741485981 26 30 31 0.23894569087767487 56 330 55 340 53 268 54 247 52 223 50 286 48 230 49 230 47 279
6165 3.7714528555166202 1.5911129875019985 -0.55411355464809975 228 228 228 0.7849701810018348 112 373 114 360 115 370 116 440 119 854 123 807 118 787 122 708 124 855 117 531 121 577 120 553
1078 -0.70968761449096884 -0.46810635940717943 1.4596024171967192 124 124 124 0.13606299579536027 56 104 58 9 57 30
1729 -1.3559570707173294 -0.45854023021798307 1.4843256518925498 17 27 48 1.5144862996971635 59 352 54 187 52 197
6816 3.6860522248717209 1.1909516280441566 -0.55374882677831072 93 98 112 0.75862289089729606 112 269 115 110 121 233 125 294
1462 -1.2927825860090729 -0.28796715271915796 1.6342048728131002 119 119 120 0.12861037200358766 58 146 55 395 53 356 52 313
6176 5.250622165500241 0.37928688473875144 -0.17581015913030282 228 228 228 0.18551833638453322 112 146 115 44
1089 -0.97464837607307753 -0.39716841855083335 1.5281620765849 121 121 122 0.11315310351491399 59 93 60 105 58 68 55 321 53 600 54 605
2283 -2.3090047575712176 -0.46318135190035914 1.5559404596246784 44 47 55 0.081552874307581721 48 44 49 44 47 25
1468 -1.039731269290306 -0.25315898896603645 1.6525446548854346 41 46 59 0.37164327279146447 61 201 55 438 53 391 54 402
6182 4.5040462776104544 1.8933132060323108 -0.38009782341901455 8 8 8 1.4629973667104144 103 194 115 89
2287 -2.3553219232122968 -0.44221715723695482 1.5717231855351392 47 50 58 0.085353492110393184 48 52 49 52 47 36
7374 3.6034602679451333 2.335840082191825 -0.66201217562797965 0 0 0 1.7614320865850219 84 134 120 152
2297 -1.9850906260921428 -0.48394404167417876 1.528088407956794 0 0 0 0.15923684687927186 50 129 55 122
1486 -2.2802715395315434 -0.36205575213459945 1.6451327435501732 7 32 16 0.25940577853591279 56 883 55 622 53 773 52 457 51 433 50 395 48 426 49 426
6573 3.9081763570787809 1.2611370396251311 0.42930293009113535 59 62 72 1.822487347401146 115 171 118 424 116 259 122 66 119 71 124 459 117 144 121 36 121 301 120 89 125 448 130 119 129 269 127 313 128 236 128 437 131 412
6200 3.8072232678813172 1.6302850531845228 -0.53532827771413416 0 0 0 0.60610834359193611 111 161 114 200 115 188 107 136 117 287 116 232 112 272 121 270
1113 -1.7668307270970787 -0.48753949526036156 1.510312951791301 3 24 8 0.18552804307447565 56 546 58 302 57 424 55 549 53 525 54 511 52 602 51 548 50 486
1764 -1.3692949040136619 -0.43707548356910464 1.5119023468313242 6 19 43 0.091215772717920404 53 568 55 587 54 554 52 651
2309 -2.088292024229268 -0.39312249430237795 1.6159356768539925 50 63 61 0.054119164029838511 48 215 49 215 47 271
2311 -3.4986290187528293 0.52361863108631035 1.848520614801151 99 104 119 1.5210763630132444 48 609 49 609 47 308 43 274 46 138 44 279 46 294 42 260 45 277 39 261 40 261 52 554
2313 -4.249861296414208 -0.18720314647462893 1.8850201180576118 231 231 231 1.0282209654334675 48 6 49 6 50 35 51 642 47 317 43 11 46 96 44 0 42 59 45 48 41 81
7400 5.9268973440746677 0.035751063544687489 -0.11814926913136384 9 12 14 0.12069054028070987 127 243 131 137 129 143
2039 1.6611530473172058 -0.12529491733289419 1.9869599276513623 10 10 10 0.078890069324561954 61 586 64 351 67 351
7126 5.0182782996259014 0.58913048184799099 0.53192587138920555 236 236 236 0.55437101299412306 118 445 119 454 129 347 128 444 126 556 127 581 131 280
2317 -2.4400699783025597 -0.2934640665569106 1.717903104868316 104 105 106 0.23349735295457943 54 766 47 406 43 271
2318 -3.0090150413572307 0.19705376227084181 2.2296126933460529 116 121 139 0.35239630970100067 53 1131 47 441
1500 -0.7981948556078392 -0.19086540646512329 1.707431376909512 106 107 111 1.092847169305875 56 770 61 479 55 721
1778 -2.1688730625754933 -0.35573802476239896 1.6461606029575613 26 30 31 0.06973438812053237 53 777 54 759 52 639 51 579
2319 -3.4815709301499287 0.60698031020418386 1.5220607426943382 228 228 228 0.16575401414667387 51 797 47 444 43 230
1502 -1.8702832569617309 -0.53115202263272865 1.4825174105758823 3 4 4 0.12969429815843081 56 833 57 796 55 774 53 739 54 722 52 596
1780 -1.2641141573676764 -0.43474797718098812 1.5052333500907786 8 21 44 0.087919911819706847 53 766 55 593 54 761 52 663
6867 5.2164500893673562 1.64352171864631 -0.42300726143785661 0 0 0 0.1692652573976402 112 154 121 316 120 299
2321 -3.4429630579202755 0.63387737606157901 1.5918701142032823 0 0 0 0.49323426012853383 43 236 46 218 44 205 42 193 45 240 39 215 40 215 47 449 48 615 49 615 51 735 41 147
7408 5.926850742086704 0.035722719327225969 -0.11815245615413644 9 12 14 0.090988127167526536 127 414 129 213 131 201
1696 -0.97778397063824296 -0.53718530323315961 1.3916867092405125 33 40 55 0.059168648010956143 55 892 53 1044
448 -0.73763146705493998 -0.4439152493468364 1.4815692433990824 123 123 123 0.17818340031960683 56 1350 63 1007 61 1039 60 1029 59 955 58 935 57 1136 55 1305
1974 -0.70564230864460042 -0.44739479179765107 1.4805499110644129 55 98 67 0.10344457764911624 62 105 64 58 67 58 65 55
421 0.063280127426904698 0.41953104852759765 2.4136091256550554 142 142 142 0.22545424673941455 56 1310 62 877 63 962 61 993 60 1001 59 932 58 906 57 1105
7492 -3.336630133675242 0.8754719770798054 0.13716132323251723 236 236 236 0.82020702923744127 26 58 28 85 29 95
2405 0.66011343802668687 -0.10948238205157625 2.0535980358128327 29 30 30 0.25644082651845135 64 603 67 603 65 458 66 310 68 334 69 354
1947 -3.4350002757087803 -0.1900340131364405 2.1365582885841308 6 20 42 0.75238723260374341 54 1176 51 908 50 795 48 745 49 745 47 617 43 366 46 372 43 380 44 353 42 335
1697 -1.0649676095762157 -0.47683698706070704 1.4566473943838061 12 88 38 0.032835658304040775 55 1061 53 1058 54 1010
6784 3.3580647909409267 1.3367128234596617 0.015297747281407441 0 0 0 0.48147093474506264 86 590 87 588 79 714 82 530 84 643 85 530 89 572
1975 -0.76486378122823251 -0.45670129850106406 1.4715384931966882 41 95 55 0.037353119528177638 62 106 64 59 67 59
7494 -4.5801338062426762 1.555484152346847 0.22412845508325177 60 64 74 0.79341400775991333 26 87 27 128 28 109
2407 0.82587680372106398 -0.81668377386850877 1.3491107375583726 140 140 140 0.90948198196491425 67 617 65 474 64 617 66 324 68 319 72 400 69 338 69 358 70 405
1949 -3.652178154854143 -0.19912277469095901 2.1186049655127386 6 20 42 0.3033682439910152 52 1019 54 1196 51 930 50 829 47 636 43 377 46 371 44 352 42 357
7503 -4.4487781550815075 1.3786406218740861 -0.51565020776750259 231 231 231 0.68839864694310771 26 7 29 5 32 43 29 50 31 38 33 29 30 5 30 33 36 32 36 53 34 35 35 85
2416 0.75296792828687309 -0.72839396571630355 1.4035400739654116 0 0 0 0.52330581612039018 64 663 67 663 65 522 66 356 68 349 69 377 73 632 71 632 70 426
1680 -1.9098911988544163 -0.47723630527760297 1.526190880406471 54 69 66 0.22047928061613781 55 900 53 889 52 751 50 554
6767 5.3846127242904638 1.4824644459837484 -0.8172571908389622 94 99 114 0.60327152351027968 107 20 108 34 109 33 114 156 115 132 116 171 117 307 100 23 104 46 106 31 110 31 111 139 112 122
1958 -0.69418953105904635 -0.73386737215535158 1.240021266732019 43 64 74 0.12534393366700033 62 13 64 10 67 10
1710 -1.6504411348072416 0.40936826726782605 2.3645348940224946 6 19 43 2.0102243044790509 56 1338 53 1273
6797 5.3660223881459288 1.3237842380445941 -0.95424915839375601 102 108 124 0.30478903437540222 115 119 116 155 117 191
1988 -0.74766630410227186 -0.3895847609381658 1.525149227683541 119 120 120 0.07365775785732058 62 133 64 97 67 97
1997 -0.75330432951149584 -0.21157405598995468 1.6795457212589053 120 120 120 0.066317467533760915 62 171 64 156 67 156 65 117
1692 -1.2891109872994064 -0.20281555473393248 1.7005884702032277 124 124 124 0.25955386685456711 56 1073 53 988 54 966 51 791
1970 -0.74260964921532047 -0.63616067290987466 1.3219780994165442 89 95 106 0.0087905658096198939 62 41 64 30 67 30
1999 -0.68215640489138885 -0.20450292400820613 1.8635110891231863 123 123 123 2.903491779080849 62 175 64 160 67 160 65 243
7517 5.2053407930642805 0.68801852656481766 0.59630861783403311 0 0 0 0.57162497827029302 103 247 130 456 128 476
1972 -0.74839060698546778 -0.63639013931304977 1.3220375101063544 89 95 106 0.0037397449707558179 62 43 64 32 67 32
1724 -1.9569205429006868 -0.49332956382297488 1.5221275432725609 33 42 41 0.041936298728933612 53 112 54 82 51 121 52 99
7547 -5.0921693345240966 1.6418903685831241 0.24293693752069376 59 62 72 0.89933696634973326 29 30 32 33 33 20 30 18 35 104
2002 -0.83135728471328951 -0.19149589349954149 1.6977726742309065 79 84 92 0.09771377091758586 61 204 64 164 67 164
7089 5.0954588202427651 0.64209861784620914 0.48002292829409193 0 0 0 0.83986443401819044 119 814 123 801 124 814 125 817 126 825 130 689 129 558 127 846 128 784 131 572
5165 2.8956575794807353 1.3623985630648558 0.11286247593730968 130 130 130 0.7431441242374095 6 620 8 779 9 696 10 794 11 518 12 549 13 561 5 879 2 820 4 820 7 655 15 399 14 448
78 -0.73901300875785747 -0.18970691584816393 1.6973235062884824 101 103 107 0.15493914255481595 56 929 62 648 63 615 61 628 60 634 59 595 58 599 57 739 55 874 53 864 64 473 67 473 65 368
7522 -3.1263463063224357 0.98285658655295693 -0.016378092236770683 236 236 236 0.99375695881608961 28 117 29 128 33 99 30 99 36 135 37 129
2435 -3.3143202821806841 0.53066675812543551 1.3065792362140392 0 0 0 2.7950380803949493 51 624 43 110
1731 -1.0570234009218193 -0.47716303672716598 1.4638458667004677 120 120 120 0.070969854627309842 56 91 54 207
6818 5.8319195633427121 0.050476783613697229 -0.12061610567835335 228 228 228 0.0198456032940224 121 265 120 358
6723 4.8186797134157562 0.8548178017450011 0.26389052339994451 0 0 0 1.1311656599233055 118 780 119 845 122 717 123 798 124 842 121 604 126 849 125 840 130 722 129 590 127 871 128 816 117 561 131 625 120 585
1636 -0.64390623511188083 -0.71248965622223404 2.9468690004688085 122 122 123 1.400604702867486 63 133 53 325
2009 2.9526326332412411 -0.14551995470888787 2.4184989241873502 9 9 9 0.032913925001104322 63 347 64 219 67 219
5170 -1.513784198418165 1.134844983433333 0.29946319737099292 0 0 0 0.36014921634207453 8 803 10 906 5 973 2 947 4 947 7 738
83 -0.94678279326832826 -0.20922625037531112 1.6886998702803679 93 94 98 0.12863841574918208 56 1063 62 748 61 746 60 746 59 710 58 728 57 883 55 1004 53 997
456 -1.0072595608231074 -0.54256326746073769 1.4049356126110635 111 112 114 0.15258921386924038 63 23 61 12 60 8 59 7 53 77
7527 -4.4173557532318473 1.1095848434872122 -0.17196722386008961 8 8 8 0.089198962849582883 27 56 31 22
1982 -0.72145198505277486 -0.4781289659603587 1.853891999182717 118 118 119 0.46610714904752054 61 84 64 80 67 80
1732 -1.3643946364907311 -0.438987197821329 1.5079332600307433 107 113 119 0.10746403137747795 53 225 54 214 52 484
6819 3.7661424576575113 1.5911474611166916 -0.60632567837861173 228 228 228 0.80090517534891092 109 125 121 266
2010 2.2138986067114019 -0.121726660629713 1.9911650821991207 9 9 9 0.078686775134570355 61 347 64 226 67 226
457 -1.0158454029944788 -0.47588308315545458 1.2228178127212885 109 111 113 0.21957248209317975 63 29 59 0
1705 -1.9330688478944034 -0.50205409236225584 1.5103457717345712 14 18 20 0.11739285018291143 57 1112 53 1211 54 1140 52 973 51 882 50 751 48 735 49 735
6792 5.0836776366449152 1.6819128853518099 -0.33155417706809664 0 0 0 0.73707733333434133 111 184 115 215 117 330 112 297 122 587
1983 -0.71877987829930912 -0.39438282731018226 1.5297723946138244 17 27 47 0.048661450291231416 62 125 64 84 67 84
1746 -1.28642415953263 -0.29526807201109895 1.6279698658284434 12 90 38 0.082823843381091014 53 354 57 218 54 357
6833 4.8601138646238713 10.154857667782816 -5.8928007132829459 0 0 0 0.19501100574777719 108 226 115 312
2024 -0.78637572299410008 -0.2354383485086963 1.6621868618877664 22 37 49 0.038041570507486931 62 167 64 311 67 311
2335 -2.5896203376174101 0.4160441641563869 2.3449605479586482 6 19 43 1.7544024705645778 51 356 47 544 43 315 46 225 44 37
2025 -0.72316670787571113 -0.21028076915207866 1.680828516134804 40 46 58 0.051618540818457348 61 183 64 312 67 312 65 242
2336 -4.2566004407004874 -0.13773727568154279 1.8998579469426158 66 70 81 0.96296430196463134 48 656 49 656 50 715 51 849 47 547 43 285 48 620 49 620 46 274 44 285 42 235 42 266 41 195
1749 -1.3396293350039874 -0.20645352024269492 1.7031186289029498 123 123 123 0.10492048641976527 57 296 54 400 51 332
7572 -4.4177017041826545 1.4780375547057611 -0.52977356118563357 101 106 122 1.2150988696528238 28 99 33 77
2027 -0.68557281717868268 -0.7444883139087427 1.2285753440802638 99 102 108 0.11295403322005092 62 460 64 330 67 330
7004 3.8009028224282875 1.6830426723770664 -0.064621505561053602 107 112 129 0.71006560025237386 116 129 125 446 115 54
1917 -1.7968608682350584 -0.47983737397050974 1.5235789590066939 50 75 61 0.075336017373950181 52 436 51 415 50 375
2000 -0.68215640489138885 -0.20450292400820613 1.8635110891231863 123 123 123 2.903491779080849 62 176 64 161 67 161 65 244
2028 -0.68018877851090109 -0.74755417026647164 1.2346491160524646 12 27 56 0.079895182604043394 62 249 64 331 67 331
2001 -0.76930169766640222 -0.19011448265144426 1.6956317871362856 122 122 123 0.029906502185136935 62 181 64 163 67 163 65 123
2062 -0.64184956238636393 -0.71964464374141046 1.245574520033585 3 7 20 0.094476620811187073 62 697 64 498 67 498
7149 5.1401286108401054 0.68561690378512208 0.47559780185644979 0 0 0 0.98693441840324192 103 295 130 693 129 562 128 786 126 829 131 577
6776 4.9593814767696145 1.4541407930053361 -0.90731761861060201 0 0 0 1.7259020709997461 106 238 108 211 110 238 103 278
1689 -2.2236932809314611 -0.28911635112210721 1.7055626047905532 35 38 39 0.11478911766212592 55 966 53 940 54 917 52 793 51 698 50 604 48 539 49 539 47 492
2340 -3.4500335911579723 0.63552897571755074 1.5877004451556969 0 0 0 0.82248682376580384 48 683 49 683 50 776 47 564 43 311 44 294 42 309 45 299 41 269 39 292 39 349 40 292 40 349 127 5
2341 -3.5224280349155288 0.96144944968669133 1.3886452142143779 87 81 78 0.9523794249351174 48 689 49 689 50 746 47 570 46 301 44 297 45 304 39 213 40 213
2005 -0.71123768238662533 -0.73210881862785426 1.2384506453855804 66 77 79 0.092423232089458976 62 256 64 178 67 178
2006 -0.65637154718245316 -0.72527116175571493 1.2512055489999214 50 54 67 0.067507252946558308 62 259 64 179 67 179
1525 -2.321208238417003 -0.27143931768110291 1.7178643544974785 88 90 92 0.17297575839721907 56 1190 55 969 53 946 54 925 52 792 51 695 50 601 48 533 49 533 47 487
6612 -3.1643484438730693 0.93336762602514378 0.051164094911667138 0 0 0 1.6891469546055742 45 328 41 264 12 418 11 477 13 506 9 414 5 397 14 411 16 342 17 346 18 331 17 384 45 352 21 190 20 186 25 119 13 553 15 429 17 429 18 378 19 276 21 212 22 102 22 115 23 102 23 115 24 103 26 106 16 423
1803 -2.0773180239738469 -0.39067174832150819 1.6132566617986883 13 15 17 0.96654068901624168 56 318 57 534 53 241 54 542 56 862 57 714 55 802 52 187 51 437 50 507 48 439 49 439 47 351
6890 5.1550310718112682 1.6252276490120234 -0.45079943084077967 165 165 165 0.67841382032576147 100 143 105 128 104 209 112 291 101 194 109 176 111 208 107 143 116 305 117 421 121 466 120 364 111 178 107 106 117 380
6749 5.1883295396622255 1.635862398136197 -0.42240751783155617 0 0 0 0.029630414199705038 115 67 117 81
1662 -2.4415097586659265 -0.31233286352075418 1.6985405198026364 95 98 99 0.073134683539216705 55 656 53 591 43 204
2035 -0.63978335420579147 -0.63040401073113728 1.3329530699492556 76 88 109 0.23919745068875223 62 272 64 341 67 341
482 -0.97051104457191639 -0.39516700519025094 1.5282844220639338 34 40 55 0.12810704659356234 63 145 61 103 60 110 54 338 53 301
7553 -4.4412867799626969 1.3399706239117435 -0.52141310173078548 231 231 231 0.84111000769296074 28 72 32 66 30 52 36 93 37 91
6722 4.8186797134157562 0.8548178017450011 0.26389052339994451 0 0 0 1.1311656599233055 118 779 119 844 122 716 123 797 124 841 121 603 126 848 125 839 130 721 129 589 127 870 128 815 117 560 131 624 120 584
1635 -2.3882429337218212 -0.28259245755043727 1.7171549873466305 7 77 27 0.24752836584069129 55 369 56 703 53 320 54 277 52 245 51 268 50 432 48 369 49 369 47 277 43 151
2008 -0.71667849258899774 -0.71846556671357242 1.2536533163746753 76 80 91 0.092152824249929544 62 261 64 183 67 183
1759 -2.1847726273019688 -0.40064354793173296 1.6137509601340732 6 10 7 0.23791195752791242 55 606 54 531 51 419
2037 1.769815790469236 -0.17087162851063031 1.9818640222038899 122 123 122 0.53390932397570301 63 569 64 349 67 349 66 134 72 132 70 161 74 229 75 461 77 475 78 292
2348 -4.1307181201414984 -0.33090526225280914 1.9944998428320571 2 2 2 0.95974937636494562 51 948 47 628 52 1013 43 372 46 380 44 363 42 365 45 389
7435 3.5755574594273751 1.4764598065350727 -0.7848011930611607 0 0 0 0.5721966087760918 115 182 116 217
514 -1.0800685432257673 -0.20430291643470586 1.6941699182122543 121 121 122 0.13481238025899031 63 272 61 230 58 174 54 431 52 355
7585 -3.0501008800584133 0.98838460162010644 -0.047076244091384535 0 0 0 1.236659408581174 33 72 30 74 36 138 37 147 34 94 35 191
2498 -3.4292066543957596 0.80392684129005676 1.471300435508748 228 228 228 0.63230755198726107 47 662 48 803 49 803 43 412 46 405 44 383 118 585 119 547 124 571 126 568 125 559 127 683 122 543
1532 -1.3075120701070297 -0.028191566817121021 1.8470473332364648 78 80 86 0.36971155807785105 57 914 55 1025 53 1023 52 898 51 807
2351 -3.5402257611093266 0.62967285909460435 1.3284556655398276 0 0 0 0.52933201188390733 48 779 49 779 50 845 47 643 46 360 42 337 46 375 45 366 41 302 39 363 40 363 38 273 118 289 122 302
2015 1.6764371060497947 -0.12520595051844638 1.9879149482792737 9 9 9 0.039550012109808845 61 390 64 252 67 252
1765 -2.0606603711702802 -0.34576882449106888 1.6470274916567056 5 28 12 0.20103109584349835 56 328 54 569 51 264 48 378 49 378 47 302
6852 4.3536091853391223 1.9894263830184113 -0.43455367295474773 0 0 0 2.4344027796858541 114 127 122 283 120 163 116 131 123 260 118 183 116 79
517 -1.0046201453218253 -0.084180631241400489 1.7967806421003598 34 52 54 0.099607006211010804 56 486 62 203 61 254 60 286 58 198 53 478 54 678
7588 -3.9505831864087515 1.4340647950317018 -0.50075176386624498 127 127 127 2.0928520064851224 31 127 33 67 37 78 34 62 35 185
2043 -0.70732392199687677 -0.71869058648383299 1.2537599939332364 87 91 99 0.067810200229976705 62 580 64 407 67 407
1813 -1.7785685821385295 -0.50408669929685523 1.4927765308828151 4 5 6 0.85595339852747321 58 39 52 110 51 149
2354 -2.2032743397406529 -0.39713831536182098 1.6061631186049363 15 21 17 1.7929502494585461 56 302 55 285 53 217 52 171 51 216 50 227 48 172 49 172 47 241 56 630 55 292 53 223 54 171 52 173 51 218 48 174 49 174
7589 -3.3281972286527646 1.0164041979719625 -0.052643877820904024 236 236 236 0.53036746094293064 32 133 30 112
1536 -1.3162400058943142 -0.38650869261883114 1.5448973389371479 124 124 124 0.29130934092695676 60 918 55 1103 53 1094 54 1091 53 1154 52 929
6623 3.8692569404594233 1.6659926532065203 -0.32591036065566126 228 228 228 0.19093821146483472 114 164 122 267 125 421
1814 -1.9960398435988715 -0.4882309841881487 1.5490992524601166 5 9 7 1.3220504661976402 53 124 52 111 51 136 55 127
2355 -2.1360110587039793 -0.39625345389832806 1.5853194826042594 12 13 14 1.7842992791915384 56 1353 55 1301 53 1265 54 1194 52 1015 51 927 50 833 48 767 49 767 47 638 54 1170 52 996 51 903
1767 -2.392856879406299 -0.25871230365422182 1.7367822950072864 1 1 2 0.15262075561699048 53 338 54 597 52 269 51 284 50 439 48 377 49 377
6854 5.2015649302916938 1.6060762728378819 -0.41639514691191443 0 0 0 0.048049140605030016 104 31 120 175
2045 -0.67169277177782516 -0.71201372429611354 1.2568365428718 76 80 91 0.080563606299836721 62 583 64 409 67 409
7132 5.2663904115566638 0.63306156754561549 0.53703483310652778 0 0 0 0.73985073901112886 98 143 103 168 129 367 131 365
1740 -2.4173402132799402 -0.26996842172824836 1.7293944095910838 3 4 5 0.21047978939224521 53 330 54 300 52 254 51 270 50 295 48 241 49 241 43 50
6827 5.3308388006349823 1.7210783823533002 -0.28141582800059461 59 62 72 1.2764672432893096 107 128 112 265 114 189 116 209 121 474 108 166 111 186 104 133 107 85 108 92 109 103 115 174 120 423
2018 -0.70935252104197422 -0.41721536895515482 1.5071136534236416 124 124 124 0.0059650876565035121 62 373 64 273 67 273
2356 -3.6629734468054465 -0.0044125316007524807 1.5553735892816687 5 5 5 0.86447942250009879 48 732 49 732 47 608 43 337 46 324 44 306 42 291 45 319 41 260
7591 -3.1778424424109244 0.97718738946366845 -0.010483501252833672 236 236 236 0.35470957358519239 33 118 30 129 36 164
2504 -3.5160374331419617 0.62424723227060563 1.4002983022442621 0 0 0 0.25763694128631492 47 370 46 66 45 90
2046 -0.68268305598972046 -0.71163202334824838 1.2562454991010354 89 93 102 0.056266465566097303 62 584 64 411 67 411
7133 8.044310401631261 2.2259433208112602 0.56968429808015553 0 0 0 0.39058387039775244 83 224 88 365 81 172
493 -1.1007284288063552 -0.39661985320067517 1.5335635255911011 122 122 122 0.070192858827345411 56 274 61 121 59 110 54 315
1741 -2.2123405400948521 -0.28514162555955119 1.7046873282765236 78 81 83 0.10849471314960923 53 332 54 305 52 271
2019 0.91554795315626192 -0.099053399485329818 2.0631757503847266 29 30 29 0.71708364471482744 61 434 64 275 67 275 65 212 60 139 66 71 68 173 72 183
1538 -2.2838537899170617 -0.29480369879511054 1.6971528121467649 61 70 70 0.10431078828428682 56 1182 55 1124 53 1108 54 1022 52 784 51 775 50 595 48 596 49 596 47 485
1816 -1.7899844989703326 -0.48139950055304975 1.517427276178136 50 74 60 0.11904508534070909 53 142 52 139 51 189 50 223
2357 -3.6611130952198456 -0.0053100694463462184 1.5540507844292268 5 5 5 0.72411309120848821 48 733 49 733 47 609 43 338 46 325
7593 -3.9444383026926029 1.199072028808555 -0.23299357775906585 228 228 228 0.32702356055291126 33 0 36 24 37 6
2506 -3.6315653876947867 -0.037561277545484335 1.4833842077014558 119 125 143 0.19410060392551476 47 320 46 113 48 400 49 400
2021 -0.75618039641765156 -0.27454811896613407 1.6267865447890801 108 114 121 0.14516586401287596 63 190 64 289 67 289 65 224
1540 -0.72046389627097773 -0.27666095915924932 1.6159137104341881 124 124 124 0.28369381140580213 56 1183 55 1134 53 1165
1818 -2.0971036914066885 -0.4329352032567873 1.576507366875137 39 50 49 0.051802984783950741 56 234 52 149 48 144 49 144
528 -1.2984275559960672 -0.022253638464247747 1.8566828976905405 121 121 121 0.17287207517135617 63 312 61 316 60 335 59 303 55 508 53 490 54 461 52 371 51 375
7599 -3.9538022298991211 0.90754027173588681 0.19382612321383466 108 106 106 0.6223110068375961 30 41 36 72 37 80 34 40 35 141
2512 -3.5507174837920354 0.63113643538949604 1.3098478696766871 0 0 0 0.29982044137358671 48 607 49 607 46 201 41 175 38 186
2054 0.62155829001125951 -0.14473901783891455 2.0117165937610202 29 30 30 0.67199102666651944 62 742 64 449 67 449 65 420
531 1.2359931609143056 -0.28939809426558122 1.872228552457587 57 57 57 0.48903483704989881 62 88 61 341
7602 -3.0492761887972226 0.88474101011869499 0.11028328737423977 0 0 0 1.2913625916044564 30 88 36 81 37 103
2515 -3.445598654110114 0.7779881146291987 1.4243556422204617 0 0 0 0.46107473673210614 51 809 46 220 44 209
7575 -4.4342806763740592 1.3323965521753369 -0.5203762489350513 231 231 231 1.4131381703860555 25 12 27 8 29 11 33 10 27 35 29 49 31 37 25 18 35 84
2030 -0.65029640126603783 -0.73653773934838374 1.2402941004562025 103 105 111 0.066807327517112894 62 465 64 335 67 335
1549 -2.3874920480798845 -0.29766845606988801 1.7160768374527315 9 10 11 0.38451697868439338 56 1260 55 1217 53 1190 54 1125 52 957 51 860 50 729 48 714 49 714
6636 4.8669424919029591 0.82917521423601059 0.26584265677210989 0 0 0 0.86147049445811541 118 519 123 434 122 410 124 143 124 464 125 452 130 366 129 349 127 503 128 442 121 314 116 213 131 283 118 190
1827 -2.3116494857560914 -0.26077957750118158 1.7332439280602909 13 42 24 0.11168127859280945 53 340 52 276 51 289 47 301
7606 -3.1565198485785468 0.95481192369640966 0.0081802988799618281 0 0 0 0.32028430802707708 30 82 36 120 34 79 35 163
2061 -0.63137293269303763 -0.72288276295001797 1.2470040048550328 73 77 87 0.081988697123028698 62 696 64 497 67 497
7579 -2.9603445532411268 1.0719468088330626 -0.078177581058410842 0 0 0 1.0265803457615144 26 74 27 68
2492 -3.8442737800430478 -0.3262065214835454 1.9865141890211739 2 2 2 0.84598003895522034 50 818 43 392 46 384 44 366 42 347 45 374
2034 -0.68367123722428025 -0.70748906414868828 1.2614624590956411 12 15 25 0.042340975430769763 62 473 64 340 67 340
7121 5.1955715528376851 0.72782667931406686 0.42656575530730179 0 0 0 1.272490916647351 103 15 129 300 131 192
2345 -3.529245183156279 0.63275971719811863 1.3771881484737167 228 228 228 0.3223142802624015 48 753 49 753 50 805 47 595 43 352 46 341 44 317 45 354 41 284 119 87 123 172 126 93 124 56 125 74 127 71
7322 5.2272133472493829 1.6523581903718565 -0.39956789840746715 117 117 117 0.85102718621034279 112 232 109 135 107 109 121 386 115 162 101 59 114 105
1777 -1.2890304100677186 -0.4494271226728262 1.4949277359763602 18 28 48 0.050116595796324818 53 563 54 752 52 649
7608 -3.3234360033978141 0.85575171812461681 0.13194164081664442 236 236 236 0.88001719470725792 30 97 36 131 34 64
2521 -3.5337445996044141 0.48609566063864179 1.4655680490380234 0 0 0 0.79612905298126824 48 643 49 643 50 706 46 256 42 251 45 291
6777 4.0863439605907859 2.0179752785792324 -0.52750440013634148 231 231 231 0.36571353048375094 115 293 117 441 121 496 120 475
1690 -2.3650363073971286 -0.26327263320027011 1.7429603634096935 3 4 4 0.080927406677811675 55 973 53 949 54 927 52 796
2063 -0.69747772057524038 -0.72456489840882221 1.2457575284501419 104 107 112 0.10445298960364331 62 699 64 500 67 500
1701 -1.3525334919880792 -0.44755160923560594 1.512005543244056 112 118 124 0.239033633205261 55 1166 56 1215 53 1144 54 1078
6788 4.4729235803757579 1.5486291572034279 -0.008515210540529887 0 0 0 0.62447501960405005 116 448 118 799 119 871 122 732 123 822 117 555 124 869 121 601 120 579 125 867
453 -0.98497584573353247 -0.54303202686055163 1.4066733100118785 103 105 109 0.056407964935382762 63 16 61 3
1979 -0.78262155071699913 -0.43630061838781364 1.4946662765211787 46 51 63 0.075700307929673666 62 119 64 73 67 73
7497 -4.4856554845934467 1.7773991573232455 -0.26671982177365777 81 85 98 1.3988863233436692 25 115 28 142 26 93
2410 0.32025706900705025 -0.21068832020850603 1.8943101777257072 0 0 0 1.4017305961723467 59 957 61 1019
1674 -1.9095927712033534 -0.47729187953729418 1.5283645678687574 54 68 65 0.13459086555379893 55 781 53 744 52 601 51 547 50 480
1952 -3.1984336539036375 -0.19853141663658552 2.1145342571156167 6 20 42 0.32044563861757458 52 1023 54 1197 51 934 50 836 48 769 49 769 47 637 43 397 46 389 44 372
1828 -3.1378999593084158 -0.18477632041416128 2.1258679408288077 29 83 41 0.21555314753306121 53 815 52 278 50 293 47 251 50 428
7651 -4.0246789063597577 0.69628187295762933 1.3410792128638238 80 84 97 1.5360425750348425 38 119 35 135
2564 -4.2791395802480166 0.31201492818552384 1.5444364222994202 118 124 142 0.96219132157659604 46 323 44 305 42 316 45 342 41 278 39 330 40 330
7624 -3.0475264466987619 0.87520812352507127 0.1100390241808078 0 0 0 1.2395700788077961 30 87 36 80 37 102 35 123
2537 -3.5193524664591429 -0.20573905001455217 2.1385923290006539 26 80 39 0.077096254601506403 43 33 44 20 42 15
6793 5.2240186111365068 1.6635773530896654 -0.39540282948255012 0 0 0 2.3103505416882975 104 35 108 29 116 140 98 22 110 35 106 35
1706 -1.0255466562309503 -0.27566745574424673 1.6338773338054133 112 118 124 0.069364598424307991 55 1252 53 1226 54 1157
2079 -0.73817930979039048 -0.41896066331043341 1.5026869166510064 112 118 124 0.039035407130778688 62 836 64 600 67 600
1833 -1.2740562988934556 -0.21419019325060348 1.6915277865768361 50 54 64 2.4905080458827033e-05 54 404 52 337
2111 -2.032954508743217 -0.4606777560440129 1.5522563635712032 35 45 44 0.012002986752780612 52 128 50 169
7629 -3.2547538756779222 0.8892118466939124 0.10933564144661571 0 0 0 0.82262731568727931 36 134 37 143 34 103 35 177
2542 -3.512200820043307 0.60340632257542293 1.4202451062587313 0 0 0 0.25567645485353735 48 467 49 467 44 79
2084 0.95227379437076998 -0.70106039158583244 1.4905234074081317 140 140 140 0.64111812944601998 62 919 64 688 67 688 65 536 66 372 68 368 69 390 70 444
1717 -2.1477700919419331 -0.53658014966866396 1.5004076413075631 35 40 50 0.039659947211885843 53 1 52 1
6804 2.5131096642694026 0.14700917565612054 1.5672700047624291 0 0 0 0.21947856665243248 72 13 77 106
1995 -0.7907453111067394 -0.23519873236611125 1.6606981352308487 119 119 120 0.015986186205092637 62 168 64 152 67 152
1968 -0.65430843598179211 -0.62755867990791647 1.3295645742530833 74 86 107 0.055293340620036747 62 39 64 28 67 28 65 37
7640 -5.3085460055574476 2.3077023572910629 1.0330250870174302 108 106 106 0.72022783510492472 30 127 36 161 37 162 34 115
2553 -3.4178846733409123 0.68267392419220718 1.6741064981829072 228 228 228 0.47784964908644317 50 627 44 210 42 196 43 239 45 244 41 185
470 -0.76446454137664244 -0.42964151035297393 1.4974499225002198 57 98 68 0.020661632747833898 63 83 61 59
1996 -0.75330432951149584 -0.21157405598995468 1.6795457212589053 120 120 120 0.066317467533760915 62 170 64 155 67 155 65 116
7000 5.7706699422678369 0.1320410216710369 -0.13244891088495547 0 0 0 0.38592480010860009 124 387 125 354
1913 -1.3679667533500488 -0.009796690821449551 1.872203479847903 99 101 105 0.17863224919380982 61 330 51 366 50 322
7641 -3.1303862278302828 0.8996797465647306 0.066421376402407944 236 236 236 0.48861445253305352 37 175 34 128 35 218
2554 -3.4110514181493241 0.67923361096650292 1.6646936582035163 228 228 228 0.26452929952703708 43 240 44 211 42 197 45 245 41 186
7650 -4.4290488677866282 1.6702708844121379 -0.366117440354713 8 8 8 0.13966677872954053 33 37 35 89
2563 -3.4127788545144613 0.85027593123153433 1.451521424352705 228 228 228 0.46644287826845132 43 313 44 281 45 279 41 221
65 -0.67829824793317484 -0.37207471118903884 1.5412353430280048 110 110 113 0.11332200658377566 56 878 62 498 63 579 61 595 60 583 59 528 58 551 57 680 55 830 64 366 67 366
2422 1.9422233564002525 -0.1252796376950025 2.0223702772360794 9 9 9 1.5759525739521691 62 336 63 378 61 369 64 242 67 242 65 190 62 337 63 381 61 370 64 243 67 243 66 140 66 141 75 458 65 189
7136 5.0677361503822738 0.75461880557996253 0.36999055416011106 0 0 0 0.21147048509627198 123 577 129 417
2049 0.71403004455775987 -0.66248100187668335 1.4841708333416235 141 141 141 1.1527162360700625 62 474 64 414 67 414 65 406 72 225
6509 -3.4551295287466846 0.68785512520681136 1.5287380015263703 0 0 0 0.78066635553725561 39 348 40 348 123 176 124 75 126 178 125 89 122 215
7618 -3.8950996390886399 1.4155002130558094 0.5969957072235289 67 67 67 0.63809593224424854 30 131 36 171
2531 -4.253402808815415 -0.1489882026144855 1.9639864733546337 231 231 231 0.7317021625759349 43 374 47 631 46 382 44 364 42 344 45 371 41 329
2073 -0.7177583808683613 -0.27192091130738544 1.627792737935722 124 124 124 0.00083244390970216428 62 803 64 571 67 571
1843 -1.2694519547423775 -0.43722726050263633 1.5020271457733689 110 117 123 0.094163529481221336 54 563 52 499
6820 3.6168390945448143 2.3209231608667755 -0.66329326148368861 8 8 8 0.95947494885420892 83 249 121 283
7583 -3.3368633943049484 0.87102419192134195 0.13668437417649676 236 236 236 0.044508816620372191 33 50 30 57
2496 -3.6116113597998916 0.21165915442438263 1.6122416449511385 111 117 134 0.29290350303090806 47 658 48 800 49 800 43 408 46 400
6752 3.4889261064655903 1.0382089600949236 -0.31534662601992186 231 231 231 0.99272756459682554 93 272 119 201 123 196 117 110 124 172 116 148 124 273 117 178 118 319 119 312 121 239 126 194 126 334 125 180 125 285
1665 -2.4265935210903034 -0.28054602259811662 1.7211919861390694 74 77 79 0.25514285579845092 55 665 56 708 53 604 54 579 52 492 51 462 50 427 48 360 49 360 47 349 43 147
2038 1.769815790469236 -0.17087162851063031 1.9818640222038899 122 123 122 0.53390932397570301 63 568 64 350 67 350 66 135 72 133 70 162 74 230 75 462 77 476 78 293
7125 4.9895396496375213 0.60815098561574255 0.55334490269444103 236 236 236 1.1439822215638553 118 444 129 346 131 469
7710 -9.806685060655246 -5.3644482924324075 24.244968620692784 0 0 0 1.6546063636086144 50 275 131 213 127 465 130 319
2623 -4.342812526439487 0.32855070162910083 0.88847692011353296 61 64 75 0.68725439809045985 42 27 43 117 46 26 45 16
7659 -3.2121118151297141 0.96313767406831186 0.017305326754264268 236 236 236 0.28411387110228747 34 117 35 199
2114 -1.8413075582633471 -0.49143597875571327 1.5168660269624104 10 12 13 0.10016388348432853 51 158 50 182
7627 -3.0493837166490776 0.87470358064696574 0.10721938864152418 0 0 0 0.33921371769304237 36 140 37 134 34 84
2540 -4.1771336803863974 -0.32832873989848854 1.9864270250509413 3 3 3 0.49921512292695364 47 192 44 42
2082 -0.67097761035988168 -0.73578968675625356 1.2369186885161334 6 9 23 0.011850064089647857 62 878 64 647 67 647
529 -1.0104290810316334 -0.54525179901457932 1.4026234976877316 20 29 49 0.10226442034424547 63 345 61 339 60 354 59 4
7600 -3.1886126311898471 0.97636301213860965 -0.0012075618634274671 236 236 236 0.027629147324310918 33 21 36 73
2513 -3.5507174837920354 0.63113643538949604 1.3098478696766871 0 0 0 0.29982044137358671 48 608 49 608 46 202 41 176 38 187
2055 0.13850644148811789 0.37869969204398435 2.3722199371871309 142 142 142 0.20807197589232773 60 673 64 482 67 482
7661 -3.2528575140746701 0.96580500376803269 0.03785467377823791 0 0 0 0.18962706362354659 34 125 35 216
2116 -3.5053398235209796 -0.15077299035989405 1.8185967545923882 231 231 231 1.5724812301347029 51 426 50 198 48 285 50 561 49 285 47 200 52 202
387 1.2243390505372089 0.81506967395319052 2.8259008951467988 231 231 231 0.482840968716227 62 815 63 899 61 919 60 943 59 877 58 879 64 615 67 615 6 455 12 425 11 414 10 499 8 439 9 422 5 558 2 319 4 319 7 222
7458 -3.9018073890022524 0.83369317903373819 0.16932691874910211 131 131 131 0.85462969006227396 26 98 27 72 28 13
2371 -0.76544290135145876 -0.24049820390216592 1.6580549563828351 12 90 38 0.03665356619461186 64 144 67 144 65 109
1679 -1.3317458566640954 -0.38026511029669624 1.5594004255394323 109 110 112 0.0952022604988884 58 581 53 784 54 784
1957 -2.0872679618523016 -0.50621741636286266 1.7025717261522344 4 7 6 0.74937427517530519 52 125 51 162
6420 -3.2605483187511206 1.0234534983962413 -0.049702973265000838 0 0 0 0.21223808263897456 22 28 23 28 26 41
1984 -0.71545118798035823 -0.39031510921529855 1.5280011868491177 119 120 120 0.047307826460465635 62 127 64 85 67 85 65 75
1576 -2.4062418201071964 -0.32446895550463284 1.6853083915450133 24 27 28 0.3494934441364772 56 1027 55 829 53 918 55 957 54 905 52 771 51 674 50 573 48 510 49 510 47 398 43 270
7399 5.9268657008514172 0.035695742164208615 -0.11816140240752447 9 11 14 0.088666995449743463 127 240 131 135
2312 -3.5113207258593913 0.92422944766644322 1.3489948854103395 61 64 74 1.2167651686933285 48 262 49 262 50 542 47 314 43 111 46 143 48 554 49 554 50 634 44 127 42 195 41 14 39 83 40 83
1854 -2.3249801444214397 -0.26011947121369677 1.7275686108052419 5 46 16 0.14130752804813404 53 951 52 800 51 703 50 606 48 537 49 537 47 432
1914 -1.3307742046827193 0.0083745563522850553 1.4969278789201632 99 102 106 1.6098615892024031 61 331 51 380
6521 3.5023884171699553 1.0132492091707708 -0.28908227533793118 231 231 231 0.79504948488266991 115 225 116 220 118 320 123 305 122 328 124 274 121 241 120 228 126 331 125 286
2085 0.17812387077382399 0.3084768790696274 2.3142623621972978 0 0 0 0.67325274178631378 62 426 58 492 57 785 59 633 64 479 56 1088 62 656 63 749 61 768 59 741 67 479
532 2.0784674332208453 -0.12403675648701702 2.016592356644419 9 9 9 0.2703489074928434 62 328 61 360 64 233 67 233 66 131
7603 -3.1590167438144845 0.96855917818126569 0.0062674251803790148 0 0 0 0.3970771474197427 30 67 36 105
2516 -4.252070735846126 0.39819152807666458 0.94103723071520451 89 94 108 0.38943772530528514 43 246 47 459 46 228 44 215 42 204 45 209 41 160 41 191 39 234 40 234
2058 -0.68241663184857682 -0.73964213770712617 1.2313183338943636 99 102 108 0.10766807923828742 62 690 64 494 67 494
1834 -1.3337721856276039 -0.022536732109502893 1.8587997172043327 123 123 123 0.13677495330048556 61 328 52 364 51 368
2112 -2.032954508743217 -0.4606777560440129 1.5522563635712032 35 45 44 0.012002986752780612 52 129 50 170
18 -0.70170038902648846 -0.23509358165908162 1.6594968823476024 120 121 121 0.041156679349669566 56 427 62 408 63 468 61 154 60 195 59 181 58 135 57 256 55 704 53 665 64 305 67 305
5105 -1.4319634247490771 -0.29633747630330037 1.6580950211596275 121 121 121 0.067517993938739945 8 411 10 278 5 82 2 102 4 102
2375 -0.75717755467365999 -0.21045644757208318 1.6784666657714824 23 31 50 0.052372308106844484 64 158 67 158 65 118
7462 -4.4042701168599745 1.1518711999076401 -0.26542129077858978 231 231 231 1.7137592536049844 26 20 33 33 31 41 30 36 36 22
7500 -3.2040025953858828 0.9482143891258894 0.045780303840338335 0 0 0 0.82649995554373223 27 176 28 161 29 160 31 175 32 146 33 122
2413 0.86017877214157834 -0.76252837719249633 1.4008375466133605 140 140 140 0.21953658526034159 64 645 67 645 65 502 66 341 68 337 72 406 69 361 73 587 71 587 70 407 74 771
1677 -2.305030997476524 -0.32028638062288839 1.6808530553342302 113 114 115 0.12821247432910532 55 832 53 781 54 763 52 646 51 584 50 520 48 521 49 521 47 412
1955 -1.9678401820440441 -0.48756609863684686 1.5243569298201749 35 44 44 0.10258301124476868 54 88 52 104 51 129 56 108 57 98 55 115 50 130
2041 -0.69090388961022697 -0.7406723686876785 1.2301057293741386 2 4 6 0.091262531202524796 62 570 64 404 67 404
488 -1.0381780740358406 -0.39309837114859214 1.5320257582567653 124 124 124 0.15094805107144349 63 164 61 115
7686 5.1629030107047926 0.67442894180949986 0.48774261787477768 0 0 0 0.80206161593123204 103 54 128 556 130 452
1703 -2.1865117438056947 -0.3264150974213163 1.6686930791199004 90 93 95 0.17776680000259296 55 1179 53 1156 54 1086 52 921 51 827 50 703 48 670 49 670 47 560
6790 3.8885692693614256 1.7773359701371951 -0.41701143451801476 0 0 0 1.0411222415886388 112 130 114 162 115 194 117 203 112 281 116 279 118 498 122 512 115 231 121 281 120 264 123 387 119 403 124 435
1981 -0.73177459680905133 -0.41773699138768333 1.5029450675707574 59 99 70 0.0038407844562275244 62 121 64 75 67 75
428 0.30443639247094828 -0.17327921818490691 2.0038921972861519 9 11 14 0.24747187350994593 62 886 63 972 61 977 60 1012 59 943 58 924 57 1128 64 653 67 653 65 512 66 348 68 355
7499 -3.0586617670392555 1.0149182879825112 -0.042993875675695924 0 0 0 1.1983434748065664 25 129 28 156
1676 -2.125828620954954 -0.37425186184894615 1.6295968706704971 28 32 34 0.12024619665397501 56 882 53 772 54 754 52 631 51 574 50 512
1954 -1.6334996107748327 0.30917581984616593 1.8617070112326197 6 19 43 2.3267479162274354 52 1047 51 960
7626 -3.0493837166490776 0.87470358064696574 0.10721938864152418 0 0 0 0.33921371769304237 36 139 37 133 34 83
2081 -0.73036604724367438 -0.42163439547715675 1.5118143016277226 95 112 105 0.0024604467198583659 62 855 64 627 67 627
2141 -1.9096602737792481 -0.49637565618829044 1.5094444772231792 60 75 72 0.20206722589234069 51 644 55 778 50 552 48 487 49 487
6855 3.832282030175123 1.6428824742863513 -0.44401649383774977 0 0 0 0.21738217776733509 108 36 109 38
1768 -1.0794630056658012 -0.19356167927277279 1.7048259808972057 95 97 102 0.13768903764058396 60 491 54 641 52 541
7713 -5.3774853860539773 10.747334166185174 -1.5623927781012976 0 0 0 0.70769233523659669 31 77 114 79
2626 -3.6614883666858393 0.52772526746918447 1.0461571586007858 103 109 125 0.66390059159261072 42 43 44 115 45 37 41 100 39 30 40 30 38 158
2168 -2.2452183665129408 -0.49122733527996287 1.5315492445379288 36 41 51 0.066901024000479412 50 45 48 32 49 32 47 13
1967 -0.7451535923280006 -0.63551705466624098 1.3161452181246232 23 32 52 0.19521599945048007 62 38 64 26 67 26
7485 -4.4046113915853535 1.1522351147082859 -0.26596977646941361 231 231 231 1.5141641925674933 26 19 28 43 31 40 32 18 32 44 33 32 30 35 36 21
1940 -3.3858395708205467 -0.19253641352175752 2.1379150024002032 123 123 123 0.26205395932628645 52 874 54 1035 51 773 48 500 49 500 47 468 43 260 46 247 44 228 42 247
541 1.536058055153104 -0.12659564559272526 2.0069787952041134 9 9 9 0.34362970083477534 62 360 61 402 60 391 64 260 67 260 65 203
7612 -3.2611747778831983 1.028559626939779 -0.050781683428772026 0 0 0 0.36629180708859999 29 67 31 80
2525 -2.9498014496532798 0.53251141247531464 1.9824924881012509 231 231 231 0.36446711660540126 43 314 47 543 46 303 44 298 42 279
2067 -0.73247111312069768 -0.61581605069416456 1.3322964009664664 85 92 103 0.047656148720523143 62 706 64 504 67 504
7154 5.8771707198130896 0.040240978498347985 -0.11003444682359156 93 98 113 0.085144715511681915 119 668 127 18
1966 -0.68771990868553545 -0.71394113962309524 1.2579622186734611 1 1 3 0.05983213910122983 62 262 64 22 67 22
7638 -4.7091508807172637 1.5013398988600413 0.021734656761224571 109 114 131 1.3242415724071332 36 158 37 159 34 85 35 155
2551 -3.6364318374955191 0.26805915950264031 1.4822519931062001 93 98 113 0.098651268840534864 47 403 44 160
1815 -1.99481897270708 -0.49418310833199425 1.5721665838424277 34 43 42 1.2544849537675888 54 95 52 114 50 145
6529 3.811127149787418 1.4961740081225483 -0.3781516115157863 0 0 0 0.14488786579009447 115 127 123 358
1442 -2.2213573713078256 -0.3844095332027555 1.6236260339972626 10 13 13 0.15499298049235721 56 325 55 302 48 198 49 198 47 119
7696 -6.5068698964597171 2.9377735403561753 -0.035655564262035561 59 62 72 1.6976023901418342 35 186 38 238
2609 -3.4532273355359382 0.64313880498444176 1.6805442450860495 99 104 120 1.1540978462340798 50 807 42 276 51 916 39 323 41 219 40 323
2151 -3.6416091919735489 -0.096798123017212745 1.6625862679493815 5 5 5 0.81324954277852501 51 823 52 919 50 690 48 565 49 565 44 143 42 213 48 625 49 625
7628 -5.1848360553223518 2.2199641631767872 0.98646547833812526 108 106 106 1.0853676449678276 32 98 37 139 31 124 33 70 30 80 36 98 34 89 35 157
2541 -3.4331177025703759 -0.20935654378327842 2.110080849257205 25 82 37 0.16385944069762931 47 53 44 74
1909 -2.3243997264988292 -0.24278888369096083 1.7489233822520991 30 84 47 0.23309056771368253 55 402 51 294 47 178
2187 -2.1864821640915721 -0.40289623506950401 1.6057792935056723 20 74 30 0.035787409053005523 50 228 48 175 49 175 47 92
7705 5.9264394520171617 0.037022232496037144 -0.11899378897719494 0 0 0 0.15430262460449196 127 457 131 406 129 443
2618 -3.7621469932111928 -0.16691701150245872 2.1751729673504658 132 132 132 1.712335318129637 52 654 54 786 42 139 52 487 50 232 46 44 44 68 45 36
2160 -1.9735168369811285 -0.48513811679393859 1.5267312147232994 20 25 25 0.08396423454692678 51 134 57 102 53 126 52 109 50 136
7714 -0.91858281042024892 15.996277943346598 -2.486547220227969 0 0 0 2.3680618049105862 31 135 116 201
2169 -2.2674520919492225 -0.47990463344552675 1.537573283205 44 48 56 0.05740395645262051 50 54 48 36 49 36
516 -1.0045119983998803 -0.084139049429732063 1.7971071388335131 34 52 54 0.10162082974357191 56 485 63 279 61 253 60 285 58 197 53 477 54 677 52 380
7587 -4.9407451590721569 1.6031681397850142 -0.6581107975424304 231 231 231 2.7961285702287166 31 178 30 105
2500 -3.440298129871604 0.180322093994567 2.2252737442278794 5 5 5 1.4387017658077836 47 534 43 299 50 767 43 345 48 676 49 676 46 335 44 312 45 296
2042 -0.65247535854843086 -0.71850349501397071 1.248281221071416 60 66 78 0.082944387864517091 62 577 64 406 67 406
1561 -1.8844294626501981 -0.44242112486711593 1.5834126682911451 77 80 81 0.22041350860197223 56 1320 55 1273 53 1240 51 905 50 796 48 770 49 770
6648 5.2522510282898782 1.6222665619130083 -0.45353819556488401 166 166 166 0.30312633652846788 114 216 122 527
1839 -1.896676662966523 -0.48323881358494308 1.5266290360869292 51 65 62 0.17615527027329023 53 526 52 422 51 545 50 477 48 411 49 411
478 -0.99014403439212084 -0.42545803870293891 1.5062326343921133 123 123 123 0.063586258995989756 63 129 61 92 60 69
2004 -0.64228233131473977 -0.73669516404957858 1.2391507207668919 10 26 55 0.15017784752224206 62 10 64 175 67 175
7091 5.0699640758586417 0.72941665932990307 0.41055677670136609 0 0 0 0.75459525932789273 118 756 130 691 131 573
2342 -3.6480185646939352 -0.12041434893156321 1.6724119563422302 231 231 231 0.81328844133000244 48 694 49 694 50 752 47 574 44 304 42 287 45 316
7490 -3.1656006934725935 1.0996864382326423 -0.0099434854250350698 0 0 0 1.4365734085117432 25 66 26 14
2403 -0.22305292028385412 -0.19699273895907077 1.9336763652144964 57 57 57 0.31684942777608899 62 802 65 430 68 312
1945 -3.7127315401039791 -0.245961628743113 2.1266090596173823 231 231 231 0.444651823166198 52 1000 54 1173 51 902 50 787 48 695 49 695 47 607 43 361 46 354 44 329 42 332 44 351
7617 -3.2533565772486495 0.88694512720646068 0.11079361060726946 0 0 0 1.0877312446576626 30 101 36 133 6 447 10 667 9 527 18 334 18 335 21 194 21 195 22 88 22 89 23 88 23 89 24 75 24 76 24 90 24 91 25 109 25 110 26 99 26 100 29 133 29 134 32 117 37 142 34 102 35 176
2530 -3.7392256854490213 -0.17064552816780787 1.736376066923554 108 113 130 1.3495660749892726 47 632 46 368 44 343 42 349 45 375
1711 -2.6403431191301143 0.83928507124216856 2.7012531033881388 107 107 107 1.7461364848850991 55 1315 53 1275 54 1210 52 1011 52 1040 50 813 50 849 48 795 49 795 43 405 51 959 56 1364
1989 -0.74766630410227186 -0.3895847609381658 1.525149227683541 119 120 120 0.07365775785732058 62 134 64 98 67 98
5150 -4.3755671371341238 1.1206491629693778 -0.15252206719679343 79 84 96 0.031114347466587713 10 766 5 764
63 -0.97172451286439954 -0.0066875978482051884 1.8599223253301003 99 101 106 0.16637042065266655 56 824 62 451 63 540 61 539 60 538 59 472 58 226 57 344 55 531 53 732 54 716 52 591
7507 -2.9389663621157593 1.4172403825132591 -0.52360978803151548 129 129 129 0.04444752698332384 28 1 29 26
2420 1.478520568846954 -0.12828480398940353 2.0244299090353803 9 9 9 1.5110457759522467 62 363 63 417 61 407 64 264 67 264 65 205 62 364 61 408 60 394 64 265 63 418 67 265
1962 -0.68473558780981225 -0.7259286276272503 1.2432469312354066 20 23 27 0.067717449397638282 62 22 64 16 67 16
1608 -1.3643213274602646 -0.43911222205304817 1.5083383360698068 110 116 122 0.078411785493513006 55 251 53 226 54 215 54 553 52 485
1886 -2.0269635596826565 -0.46303092067429014 1.5490652994082263 36 46 44 0.08667277070987961 55 163 51 161 50 167 48 109 49 109
7692 -4.4180180814619572 0.74799994650394686 1.2412979593915789 64 68 79 0.95909738405484346 35 15 38 9 34 15
2605 -3.5863632190142223 0.58527274619371394 1.2322678720732045 228 228 228 1.1524235522810504 42 248 45 164 41 113 44 178 45 86 39 199 40 199 43 210 44 270 46 253 38 203
7536 -3.1567576051977944 0.92856007753235514 0.055760019696891969 0 0 0 0.14277271583954143 29 92 31 88
1991 -0.78381855861661365 -0.39265004445082191 1.5314689275914872 117 117 119 0.036123109905385337 62 136 64 101 67 101
7663 -3.1928613198468452 0.97932889660480116 -0.00083607850868963802 236 236 236 0.18950603069343216 34 19 35 19
2576 -3.5996638134752317 -0.23495527855971177 1.6800874391801779 121 127 146 0.85188561128963147 43 17 46 1 42 2
1637 -2.3892101407235327 -0.27734033367727357 1.7200751424992664 8 19 10 0.2553763874782557 55 371 56 389 53 326 54 288 52 249 50 294 48 240 49 240 47 280
406 2.5466323907801574 0.63123588088429738 2.5187262379355002 5 5 5 0.71716424753374286 62 847 63 937 64 637 67 637 66 337 74 691 76 853 77 886 80 804 78 793
7477 -2.9606571661632737 1.388638852644428 -0.49165512678950063 128 128 128 1.600682847885782 22 92 23 92 20 163 26 112 27 170 24 63
2390 0.74095366578819588 -0.7238129234263998 1.4296433217123274 0 0 0 0.40505327076421699 62 572 65 309 68 217 69 235
1932 -3.4317988367785039 0.193032452429242 2.1986363037028904 5 5 5 0.54207435452147101 53 1010 51 605 47 181 43 150
7090 5.0787097321135954 0.69858964186916095 0.43328924954313713 0 0 0 0.69288586495952087 119 813 123 770 130 690 127 847
2003 0.14216488491101165 0.38304738568053331 2.37751096050334 142 142 142 0.20666319280046253 59 312 64 167 67 167
2020 -0.77011468143760786 -0.39544532175777686 1.5247134521366172 121 121 122 0.017945139828772039 59 64 64 276 67 276
1993 -0.68946835694063802 -0.23818987108987419 1.6547581837426355 11 87 38 0.033601733412248896 53 453 64 136 67 136 65 102
2331 -2.0602277281973307 -0.41043569891551362 1.6102320137683368 16 19 20 0.011184063227823782 48 636 49 636 47 523
7665 -5.4668402706307511 2.1974409707588798 -0.87260128559132699 0 0 0 0.52512287428505522 37 154 38 245
2578 -3.6637222530371725 -0.20241063735471726 2.1492980962977453 7 21 42 0.15241836864492983 44 69 46 11 42 12
1612 -1.0155998782150524 -0.42968758241039579 1.4980723172525099 21 52 49 0.068103728292994756 55 277 53 249 54 275
1890 -2.4703647270597413 -0.37465060718650023 1.6491578657716284 6 6 8 0.1725554511932503 54 170 51 198 50 183
6977 1.8731498217326021 1.0634969877191593 -0.28344242010414339 8 8 8 1.3030335115409981 83 262 125 3
1585 -1.8973267770979387 -0.52472953794951027 1.4887681352825362 19 75 29 0.12642430069860291 55 56 53 33 54 35 52 47 51 67
1863 -2.9183412454034534 -0.19205615540122911 2.0645388289578972 6 20 42 0.28908113850006395 53 1268 54 1200 52 1025 51 935 50 841 48 789 49 789
1639 -0.99702848733535521 -0.30328372138978998 1.6086235082510247 53 97 63 0.2695360630382389 61 157 53 370
391 2.0331455013972657 -0.13540638366098348 2.0125370734906922 13 42 41 0.28072454514261191 62 829 63 906 61 926 64 590 67 590 65 451 66 301 68 297 72 355 69 316 73 492 71 492 70 389 74 648 76 845 75 865 77 879 78 900
6524 3.4917556565090737 1.2341925803255529 -0.39683160684146229 231 231 231 0.69594978244064643 116 154 119 332 123 326 115 121 118 337 122 245 122 343 124 522 117 184 121 255 120 238 126 600 125 503
5151 8.1390109707794558 -0.50257291123734371 1.1271067517600128 231 231 231 0.42300225315125978 75 837 5 771 74 661 76 823 7 357 2 506 4 506
64 -0.97172451286439954 -0.0066875978482051884 1.8599223253301003 99 101 106 0.16637042065266655 56 825 62 452 63 541 61 540 60 539 59 473 58 227 57 345 55 532 53 733 54 717 52 592
7508 -4.4781564656952133 1.4566960215598306 0.094044370698816271 87 91 105 0.41519231410616686 27 67 29 28 31 27 33 1
2421 1.7496231736744332 -0.12536629373051303 2.0022815718792906 9 9 9 1.7939977207427686 62 348 63 398 64 250 61 385 67 250 65 197 62 347 63 397 61 384 64 249 67 249 65 196
1963 -0.68473558780981225 -0.7259286276272503 1.2432469312354066 20 23 27 0.067717449397638282 62 23 64 17 67 17
7635 -3.2593546937941396 1.0123169961946807 -0.046952652080068366 0 0 0 1.5560382783749314 37 128 34 63 35 128 35 174 37 82
2548 -2.2180292346545576 -0.022903285124399479 0.288127815935877 9 9 9 0.26006758717483519 46 51 44 125
2090 -0.45647869713848632 -0.70157159174524986 2.4937035148440962 0 0 0 3.649214663474825 57 114 60 365
7662 -3.1928613198468452 0.97932889660480116 -0.00083607850868963802 236 236 236 0.18950603069343216 34 18 35 18
2575 -3.6993854798402785 0.41635585601703784 1.0899827013811851 0 0 0 0.94313134331840287 46 358 44 332 42 320 45 347 39 312 40 312
2117 -3.7543879025653077 -0.16659359576707131 2.1611437141017844 231 231 231 0.7388778295205749 52 486 50 231 46 43 51 443 44 67 45 35
7537 -4.4048013070484586 1.1529422592294907 -0.27196400170696916 231 231 231 1.5306660046151856 27 102 31 94 32 75 37 105
1992 -0.6817315394608523 -0.28589689612391184 1.614616229663004 24 43 50 0.032670141512362499 62 139 64 112 67 112 65 86
7079 5.099761975871357 0.66973078340048708 0.48895882797735496 236 236 236 0.90597982048332637 119 674 123 651 124 689 126 699 130 569 129 458 127 725 128 656 131 423 126 634
7664 -3.1691373657771731 1.0916487695251864 -0.054908495468208092 0 0 0 0.0069521975306731732 38 79 39 137 40 137
2577 -4.3927583190703317 0.73432115997307368 1.2067502319995693 120 126 144 0.10139263055738931 47 164 42 10
7632 -4.3809415226024688 0.54218835053379699 0.96855670313914755 86 80 77 2.5304591237803979 38 145 34 27 35 126
2545 -3.7111909775543466 -0.17588819390340951 2.1773000079266125 9 9 9 0.88159008901285918 46 48 48 302 49 302 44 109 42 81 46 49 45 135
2087 0.095355831755936607 -0.18491816202701375 1.9890348772361575 9 11 14 0.22495860010680274 62 632 64 456 67 456 65 350 68 259
1857 -2.960618387359355 0.61226697412586872 1.7498539923986181 119 126 144 0.45206575432672585 53 1036 54 989 52 841
2120 -2.2269804300051588 -0.38119525227662004 1.62364573307478 6 7 8 0.18329770858317629 56 664 50 239 48 199 49 199
6834 5.2770156982531908 1.6979439595161274 -0.34664203151440537 0 0 0 0.24507557682698811 114 343 121 564
1747 -1.3288883306093353 -0.27697730258369618 1.6433696971956013 19 36 48 0.018333809687973244 60 236 54 364 51 306
7623 -5.3923714078770413 2.3190954530348908 1.21913435738108 108 106 106 1.7336781350607673 30 66 36 118 37 83 33 81 34 47 35 143 41 207
2536 -3.5273051893085188 -0.19839558029136145 2.1283140013762165 122 122 122 0.13487114883338833 43 32 46 14 44 19 42 14
2078 1.2310678720798649 -0.1092938999980036 2.023433817758534 0 0 0 0.66010317079013336 61 944 64 597 67 597 65 415 66 306
1695 -1.0767375616088846 -0.54202939126981864 1.3983046636709984 89 91 96 0.057729924638266733 55 1050 53 1042 54 996
6782 3.5170663987664801 1.1856655184542197 -0.41735999773250498 231 231 231 1.58313635726741 115 307 116 407 117 506 120 496
447 1.1884355448970638 -0.22005552063216616 1.9685525017644152 57 57 57 1.6129185702119084 62 910 63 1006 61 1047 60 1031 60 1051 64 679 67 679 65 539 66 373 69 388
7518 -3.2239174580827643 0.87943482402149242 0.1181326972465738 236 236 236 0.51954445126995019 26 27 28 70 29 96
6687 3.4447639593422958 1.4462035630495038 -0.78638554602827471 231 231 231 0.71797322427453925 115 179 116 142 118 112 119 306 124 269
1973 -0.76878013102805132 -0.46879120831344551 1.4624589747361452 37 42 57 0.085411562512677452 63 58 64 52 67 52
7489 -3.1938079197556326 0.9813261953517618 0.00014870836352158724 0 0 0 0.55720861253786425 25 65 27 70 28 79
2402 2.512963908965625 -0.12957632959244825 2.0168756748922623 196 200 201 0.33667530496914411 62 790 64 555 67 555 65 408 68 271 72 347 74 635 76 797 75 816 77 810 79 821 80 779 78 774
1944 -3.5253990099392265 -0.21708192448400623 2.1239602934073125 6 20 42 0.19630242065644812 52 953 54 1128 51 859 50 719 48 664 49 664 47 553 43 322 46 311 44 308 42 296
7616 -3.1643329240484386 0.92056935203643242 0.038546349734328439 0 0 0 1.6621883035700005 30 143 36 174 37 174 34 126
2529 -4.3201097253207399 0.12167590707381791 1.4328978154919096 231 231 231 0.73041256733729032 43 391 46 367 44 340 42 328 45 361
7488 -3.1110710038265159 0.96579643897278578 0.079255536907061622 236 236 236 1.5166061695723623 27 146 28 69
1943 -2.6819015705806093 0.68246570774039073 2.5265018319373143 231 231 231 0.56873539310221444 52 943 54 1106 51 843 50 747 48 653 48 692 49 653 49 692 43 334 46 318
7615 -3.3282674605562632 1.0159437303480208 -0.055053309019235525 236 236 236 1.0539773761421374 30 111 36 145 34 88
2528 -4.3201097253207399 0.12167590707381791 1.4328978154919096 231 231 231 0.73041256733729032 43 390 46 366 44 339 42 329 45 362
2070 0.98277346019645218 -0.66780011222777369 1.4923765561043474 140 140 140 0.75860673942847578 62 778 64 550 67 550 66 236 65 404 68 247 72 271 69 261 73 281 71 281 70 290
7614 -5.0593502858526929 1.6635403911295592 0.25214032292080124 59 62 72 0.74584736439633859 30 109 32 122 33 96 36 142 37 126
2069 0.98149801340177956 -0.66813478498745593 1.4906869347679892 140 140 140 0.50296023171562476 62 777 64 549 67 549 65 403 66 235 68 246 69 260 70 289
7613 -3.2611747778831983 1.028559626939779 -0.050781683428772026 0 0 0 0.36629180708859999 29 68 31 81
2526 -2.9822586130199022 0.62474880973756552 1.7672632428182131 120 126 144 0.32166589420217323 47 571 46 317 42 277
2068 -0.70215582156932743 -0.45432529112934839 1.4731500182865143 124 124 124 0.011314550210881498 62 718 64 515 67 515
413 0.75521307798102633 -0.16587295592672074 2.0035459509421272 9 11 14 0.16645669150750531 62 859 63 949 61 973 60 986 59 914 64 629 67 629 65 488 66 346 68 343 69 369
7484 -4.3334201130720897 1.1504613604097755 -0.48315528223664395 117 123 142 2.2545843519005748 25 63 28 38
2397 0.94590469398039956 -0.72363941198640858 1.424344585179981 0 0 0 1.0912665562301729 64 493 67 493 65 379 66 259 68 265 72 331 69 234 73 423 73 463 71 423 71 463 70 254 72 221 74 668
1939 -3.3858395708205467 -0.19253641352175752 2.1379150024002032 123 123 123 0.26205395932628645 52 873 54 1034 51 772 48 499 49 499 47 467 43 259 46 246 44 227 42 246
7026 5.1135896816432496 0.7016210250799525 0.35733792934513708 0 0 0 0.40342884974960141 118 639 125 684 123 646
7227 5.0761744785739786 0.74824280775353269 0.36946609367062405 0 0 0 0.85411081455941151 119 671 127 785 122 632 118 684
2140 -1.9093175280069716 -0.49559202961562415 1.5068045122449272 60 75 72 0.12345497875018722 51 643 50 551 48 486 49 486
7611 -3.0491157098444002 0.98511146788121551 -0.046262843057291461 0 0 0 0.86907009429505422 30 73 36 137 37 146 34 93 35 190
2524 -2.9526644723631894 0.51798808747187208 1.9957985776569369 5 5 5 0.55510896458163017 47 451 46 302 44 251 42 231
2066 -0.73247111312069768 -0.61581605069416456 1.3322964009664664 85 92 103 0.047656148720523143 62 705 64 503 67 503
7153 -3.4869533135196784 0.60743660930727117 1.5168156371145587 228 228 228 0.26009516947641781 49 678 127 4 48 678
2126 -2.1925908100608749 -0.30335252034490562 1.6940312833016042 85 88 90 0.071733121864047428 52 260 50 310 48 379 49 379 47 300
6840 3.456419678761578 1.4384710460580872 -0.78191970827690771 231 231 231 0.84301945014895285 114 225 122 314 117 91 124 270 121 212 115 180 116 143 119 307 123 296 118 113 120 190
1753 -1.2679835324011035 -0.19400261383049414 1.7147580344036237 96 99 103 0.11354809919373293 53 431 54 421 51 495 52 345
7609 -3.3234360033978141 0.85575171812461681 0.13194164081664442 236 236 236 0.88001719470725792 30 98 36 132 34 65
2522 -3.472979485563418 0.86619527055727719 1.4692184656638394 99 104 120 0.59068748000589122 50 631 46 269 41 150 44 128 46 71
2064 -0.69747772057524038 -0.72456489840882221 1.2457575284501419 104 107 112 0.10445298960364331 62 700 64 501 67 501
1861 -1.359323212503345 -0.18245994559031667 1.7138116424218837 124 124 124 0.11946764175460262 60 939 52 936 51 838
2124 -2.2086787955702021 -0.3372086668291816 1.6604979271215683 26 30 31 0.09980045312917217 55 644 50 285 48 361 49 361 47 278
6838 3.7676852927776765 1.593301799656915 -0.59517802276545861 228 228 228 0.9723293794087241 104 283 109 211 108 193 107 176 116 326 118 600 124 661 117 403 121 409 115 228 118 553 117 352 120 395
1751 -1.05610769407395 -0.24754781996274827 1.6579811315474204 45 95 57 0.043197152869700516 63 246 54 408
1582 -1.8667899741988445 -0.53336877112964531 1.4791257745846365 3 4 4 0.21154166559305482 55 44 53 22 52 37 54 23 51 56
1860 -1.6169679675422017 0.41660264841985378 2.3018313406973601 6 19 43 0.77356523490591889 53 1031 54 1068 52 908
2123 -1.9298904107883035 -0.40677083674125103 1.5880355493548828 75 79 80 0.071017814809748669 57 190 50 279 48 237 49 237
7210 2.5142720592996186 1.4538364861226181 -0.0060917792732453676 0 0 0 0.49558482593780739 88 451 89 493
6837 3.8792491132669782 1.9331248382138146 -0.46747679776973416 231 231 231 1.4478437558630166 111 4 114 78 115 28 123 243 124 444 121 112 109 79 108 66 111 95 107 69 116 174 119 524 123 398 118 402 120 156 120 268
1750 -1.061577892506685 -0.248231572081448 1.6545390583276645 121 123 122 0.060900821866842161 55 439 54 405
2344 -3.5235478468480914 0.60784256810015325 1.4070449508461345 0 0 0 0.31256724795048607 48 723 49 723 50 772 47 593 51 890 43 350 44 315 42 303 45 332 41 267 39 339 40 339 119 90 118 89 124 59 125 78 122 109
7058 5.1156301234271861 1.6685908008168369 -0.36196445126787452 0 0 0 0.2692453511715146 104 120 109 96
1971 -0.74839060698546778 -0.63639013931304977 1.3220375101063544 89 95 106 0.0037397449707558179 62 42 64 31 67 31
7597 -4.3950177271233786 1.3796325102189506 -0.52145180919252565 59 62 72 0.29307809020093123 29 52 36 57 37 76
2510 -3.6661730158801653 0.13221882444502323 1.5087317524987809 81 85 98 0.58073844926202001 48 505 49 505 46 173 42 137 45 225
2052 -0.74473382291517276 -0.61871863539984706 1.3369230111282735 69 76 89 0.060947035141924601 62 592 64 421 67 421
523 -1.007869633517759 -0.0074910526217137246 1.8609317622506805 97 99 104 0.19152650328155646 63 296 61 278 52 410 54 491
7594 -4.4336481606075422 1.3757381817669789 0.033000438882582556 76 80 93 1.2171700527679434 31 25 36 25
2507 -3.597719523696858 -0.18737490702235715 1.7893117229823245 113 119 136 1.0275920095997093 50 472 46 117 44 144 42 132 45 32
2075 -0.63675364803578938 -0.72878057130841556 1.2423099201369323 104 106 112 0.067400125904424499 62 823 64 581 67 581
1567 -1.0132334209995635 -0.4290915542132161 1.492404994121562 10 68 40 0.68691476487143555 59 663 60 706 58 678 57 821 55 797 63 581 61 428 60 576 58 299
1845 -2.3665572907816426 -0.27454790112004773 1.715676858247944 2 81 25 0.26031077863346985 54 585 55 372 52 506 51 465 48 374 49 374
6932 3.8546217399452911 1.6381275773405086 -0.051587456402877721 105 110 127 0.29891632300169402 112 162 119 430 126 465 125 447
2108 -2.0312668798235913 -0.47284189065745336 1.5415405817432888 14 23 17 0.13189600066367363 55 146 50 142
1841 -2.426046279196449 -0.27359928459679445 1.7223176587186062 2 3 4 0.10101530576246659 54 583 52 497 51 464 50 430 48 366 49 366
1840 -2.4437646164606837 -0.41010405833079033 1.6430748950791407 45 49 57 0.86459763395639511 54 527 52 438 51 397 50 137 47 50
430 -1.0246176454263716 -0.31978914573750533 1.6146755455631336 124 124 124 0.20273516241281414 56 1326 63 974 61 1003 60 1014 59 941 58 920 57 1089 55 1279 53 1248 54 1180
7501 -4.4103967225004546 1.3877817746198926 -0.51186464246739327 112 117 135 1.2563527900773397 24 77 25 81 28 87 25 70 26 71 27 86 29 98 31 70 31 92 29 113 32 74 33 30 36 85 37 77 35 86
2414 0.86017877214157834 -0.76252837719249633 1.4008375466133605 140 140 140 0.21953658526034159 64 646 67 646 65 503 66 342 68 338 72 407 69 362 73 588 71 588 70 408 74 772
1956 -2.0320585106413005 -0.46388483583535517 1.5465030113316491 5 7 7 0.14652071654700097 53 150 51 157 50 163
1961 -0.68001878494371681 -0.7267026862026037 1.2434223178348507 98 100 105 0.10246932078548686 62 21 64 15 67 15
7048 4.7134796605771516 4.9901711598122152 -0.67143395793358385 0 0 0 1.7327503554669967 81 377 84 152 105 147 83 311
2239 -2.2196764822064288 -0.33971065587732058 1.6605143222942627 13 15 17 0.09112642835130054 50 698 48 637 49 637 47 526
7216 5.0609315058490756 0.73477852975749991 0.4046323619219277 0 0 0 0.044111010199049713 123 647 127 720
1675 -2.3206912705324463 -0.36314483623757249 1.6442744985201574 1 1 1 0.18938768357262709 56 1017 53 770 54 750 52 628 51 565 50 493 48 420 48 502 49 420 49 502 47 338
6762 3.7999555499250297 3.4994576871317853 -0.89159274616504014 0 0 0 1.1723992038951043 83 63 120 167
1953 -3.4304835020047939 0.15534904833350147 2.2287696045846541 5 5 5 2.0739486201239554 52 1026 54 1205 51 936 50 854 48 790 49 790 43 398 44 373 42 360
1673 -1.6070585100948132 0.40411813142637276 2.2147717901877524 6 19 43 0.44650042127900147 57 927 53 736
1951 -3.6751621975690574 -0.10831857352796163 2.1083564734187816 5 5 5 1.813394908534544 52 1022 51 933 50 835 48 742 50 793 49 742 47 612 43 364 46 357 44 335 42 323
1922 -1.2668969767302549 -0.0098643848328502474 1.8443233720886432 105 107 110 0.083397950284883504 54 703 51 523
1638 -2.4038820668479159 -0.26951647247890359 1.7314071715322006 66 69 71 0.20422657348762374 55 376 53 333 52 261 51 273 50 301 48 243 49 243 47 166 43 103
1916 -1.9013840677620248 -0.51778266146540441 1.490747582123501 3 5 4 0.20223049762190626 52 414 51 392 50 338 48 280 49 280
1659 -2.3057661506136475 -0.36019925557213806 1.6474524191839737 20 39 26 0.11268413355854269 55 623 53 581 50 245 48 329 49 329 47 248
1937 -3.77299674230327 -0.1987110356111341 2.1017467570599009 124 124 124 0.72909076579411858 52 864 54 1017 51 762 50 651 48 566 49 566 47 461 43 255 46 165 44 103
384 0.052818595341181093 -0.11137963802456717 2.0532806934094263 29 30 30 1.3444379481146056 62 842 63 893 61 910 61 957 59 894 58 857 57 1065 65 462 66 314
7455 -4.4062240164970241 1.1372288758122788 -0.29107943969485511 231 231 231 0.58392558242098569 26 31 27 39 28 42 29 54 33 54
2368 -0.67665570360534322 -0.28792699326976651 1.6130208813159534 17 29 48 0.10611243506484247 64 111 67 111 65 85
1656 -1.3692949040136619 -0.43707548356910464 1.5119023468313242 13 24 45 0.091215772717920404 55 588 53 569 54 555 52 652
6743 3.7339743789545312 1.0995656279003312 -0.3146692726758587 107 113 130 0.1651486417698583 114 112 117 49 120 60
1934 -2.3616671170068191 -0.26215050363838532 1.7370667794309633 3 3 4 0.21607045441335873 56 1048 51 699 50 602 48 599 49 599 47 486
1655 -2.4387732204225623 -0.39824165603111783 1.6338178350142354 1 2 2 0.51662614556710929 55 281 53 553 54 148 52 442 50 154 48 73 49 73 43 38
6369 -2.894120995620495 1.0157558958450261 0.0067956624014870988 231 231 231 2.0834450448220423 21 144 20 140
1933 -3.4182103942711697 -0.20724389332181431 2.119619346295873 124 124 124 0.23476939871498484 52 779 54 920 51 679 53 956 50 499 51 580 52 656 47 330 46 180 44 226 42 220
123 -0.73444769090920881 -0.61557859944601045 1.3370696680306045 62 70 84 0.14117978316858307 62 79 63 7 64 38 67 38
5210 -1.9800029808741995 -0.42343424511676103 1.6136924665741845 12 13 14 0.44671128048345332 5 523 10 626 2 269 4 269 7 49
2480 -3.5102746176979602 0.87603075515659889 1.3261515722999864 110 116 133 0.47844110519371541 47 565 43 331 46 316 42 311 45 335 41 268 39 322 40 322
7567 -4.0878384311598888 0.77298320475074245 -0.090752012966939577 0 0 0 0.10913461546448569 27 55 29 6
7194 -30.774367086133491 348.78126485672379 -48.426360942455631 0 0 0 0.27914226493045641 112 75 113 189
2107 -1.9972221708306743 -0.4794672725256458 1.5339136381737388 4 8 6 0.053793738968146092 51 140 50 141
1624 -2.3147384555660029 -0.30752293242003015 1.6940698598151571 16 18 18 0.10046800477187412 55 351 53 297 48 232 49 232
1902 -3.3954162890189856 -0.19502388796070944 2.1346214617174297 120 120 121 0.11510410164284975 53 619 51 261 42 45
7420 3.4152688836126832 1.2609501117116637 -0.069927365837116798 0 0 0 0.45453283938743072 89 335 92 309 93 316 90 350
2333 -3.508726061567768 0.64363358582898811 1.3965360592883036 0 0 0 0.51155040167973709 50 709 47 537 43 304 46 264 43 225 44 238 45 274 41 214 39 259 39 288 40 259 40 288
1875 -1.8561871173075584 -0.54188070091790153 1.4717882766181634 18 76 29 0.21778275545458781 57 8 51 40
1620 -1.2511993027872825 -0.37789188494358766 1.5544813761130549 91 93 99 0.10412459363932824 60 161 53 292 54 317 52 519
7416 5.9272879912173106 0.03582922597038992 -0.11828674793423424 9 11 14 0.025563501039705214 127 428 131 215 128 372
2329 -3.9000310035601125 -0.077676523081265159 1.68820067008226 5 5 5 1.2699048119674243 48 476 49 476 50 346 47 510 43 336 46 351 44 342 42 348 45 394 41 331
1871 -1.7921493836023303 -0.56919997699981761 1.4460185773304024 16 76 29 0.30291754602022175 57 369 51 13 50 33
1607 -2.4381285939481399 -0.38824698385479761 1.6365557227106544 2 2 3 0.2410668184147787 55 296 53 216 54 155 52 157 51 183 50 168 48 81 49 81 47 54 43 89
7135 5.0677361503822738 0.75461880557996253 0.36999055416011106 0 0 0 0.21147048509627198 123 576 129 416
2048 0.77792150191835396 -0.69437012139312404 1.555640794882484 141 141 141 0.9722300472076022 62 475 64 413 67 413 65 405
7389 4.1081714974507717 -0.17618389458505257 2.3588126592693639 124 124 124 1.2201580314482907 9 483 126 790 127 772 128 702 129 491 130 609 131 503
2302 -3.4606507421884758 0.59317747546723965 1.7591211211511071 0 0 0 0.37566627968929667 51 498 47 187
61 -0.98551515866414785 -0.0070233508342795103 1.8606304656683539 93 96 101 0.22254633117777667 56 822 62 453 63 542 60 544 59 474 55 766 53 507 54 714 52 589
2418 1.9461915745463585 -0.12701295336814206 2.0504473519406363 9 9 9 1.5317840500319515 62 338 63 382 61 373 64 244 67 244 65 191 65 192 62 339 63 385 61 376 64 245 67 245 66 142 68 164 69 148
1578 -1.3471331776403994 -0.46740090256015021 1.482213859696919 110 116 122 0.1449368106084635 57 70 59 56 55 166 53 179 54 173 52 191
1856 -3.4297546698315773 0.71790938050797493 2.7670798917414374 5 5 5 0.89693693900436999 53 1172 52 835 51 739 55 1039
2119 -2.2101284677860931 -0.38953672283512908 1.6193283625924131 8 10 11 0.096740657861571946 56 317 50 236 48 195 49 195 47 114
1829 -1.3268529993859239 -0.28169749026551866 1.6398684146709446 12 89 38 0.10500014102861077 60 231 52 311 51 305
1855 -3.2792780546828806 0.17658387093718281 2.0857014247375645 105 111 127 0.99259866514268791 53 1012 50 445
1533 -1.0392150312873993 -0.016752228019128138 1.8500001380137221 124 124 124 0.22484529012306051 62 764 55 1029 54 981 52 906
2352 -3.4629715376421419 0.98027152754828129 1.3867187527267362 111 117 134 0.89737695448012833 48 794 49 794 50 858 47 646 43 400 46 392 44 376 42 363 45 387 41 337 39 396 40 396
1755 -0.94575728030157302 -0.20908702937922666 1.6796485417857339 63 66 74 0.14497585805387708 53 457 54 444
1531 -1.3075120701070297 -0.028191566817121021 1.8470473332364648 78 80 86 0.36971155807785105 57 913 55 1024 53 1022 52 897 51 806
6523 3.694522691257875 1.1856583364600564 -0.52472769238668471 81 85 98 0.50884086720015187 115 184 116 219 119 484 123 311 114 226 118 323 122 327 124 517 117 172 121 236 120 224 125 497
1436 -2.1751840661122057 -0.40017780911214768 1.6082821838540899 40 50 48 0.10099944630694074 56 299 55 287 53 220 54 172 51 221 50 235 48 193 49 193
1809 -1.9093787293667126 -0.52044144742330645 1.4952118705882429 17 71 27 0.10102508726893888 54 42 52 55 51 74 50 87 55 65
2350 -3.5370409055470544 0.58300914434295237 1.3860831007761394 0 0 0 0.73650655977224655 49 791 50 855 47 640 48 791 43 382 46 374 44 356 42 359 45 379 41 320 39 378 40 378 38 287 119 259 123 442 118 290 127 331 122 434
7226 5.0761744785739769 0.74824280775353447 0.36946609367062533 0 0 0 0.8541108145593802 119 670 122 631 127 784 118 683
2139 -3.3533304847492453 -0.16887500660298124 2.1022585059577388 9 9 9 0.20835731242152478 54 810 50 515 44 167
7209 2.475856718935129 0.068980086870456397 1.7384955897357333 0 0 0 0.51037720452227664 69 287 71 392 73 392
2122 -1.9298904107883035 -0.40677083674125103 1.5880355493548828 75 79 80 0.071017814809748669 57 189 50 278 48 236 49 236
2478 -3.5754762189586988 0.41336165463246294 1.4389703223502672 228 228 228 0.75699875472355149 50 770 43 326 46 314 44 310 45 288
7192 -30.774367086133491 348.78126485672379 -48.426360942455631 0 0 0 0.27914226493045641 112 74 113 188
2105 -1.9735658905483044 -0.48513982978368891 1.52661114404871 34 43 43 0.036215217705600926 51 133 57 101 50 135
7185 2.5659867869051762 0.011279279682711408 1.5850084018035686 0 0 0 0.21856838052312028 74 331 82 349
2098 -3.6723922888438372 -0.24431567618690575 1.7257304852118516 231 231 231 0.2940870569638695 52 141 50 42 42 31
1898 -3.4885456852853305 -0.21518648163582071 2.111476475202354 26 81 39 0.3074164802871801 52 230 54 584 51 252 50 380 48 103 49 103 47 208 43 83 46 57 44 73 42 91
2176 -3.5889540328297937 -0.20600199992330065 2.1206330059403284 119 122 120 0.3419141412581454 50 374 52 227 48 88 51 569 49 88 47 325 43 27 46 13 44 71 42 87 42 144
2439 -3.5798792636353718 -0.17187126237622552 2.1179202646983093 9 9 9 0.61265405002653528 54 791 43 131 42 150
62 -0.98551515866414785 -0.0070233508342795103 1.8606304656683539 93 96 101 0.22254633117777667 56 823 62 454 63 543 60 545 59 475 55 767 53 508 54 715 52 590
7666 5.1197855897965399 0.65367580736650865 0.47032920837988512 0 0 0 0.33732965266081816 123 581 129 351
2121 -2.287334619515097 -0.3630257542095548 1.6451332951688791 12 88 37 0.10805282198173254 51 236 50 249 48 330 49 330 47 249
2022 -0.75612189752798176 -0.2745117835141665 1.6265338554119737 108 114 121 0.14494159241997764 62 147 63 191 64 290 67 290 65 225
477 -1.0491667968915797 -0.43763488157146718 1.4903728762356492 112 118 124 0.22964892256061945 63 126 61 90 60 65
1618 -1.2889715995084976 -0.3972520498298302 1.5419015999816195 119 119 120 0.17723706227445024 57 168 53 261 54 281
6332 -3.1772641425271639 1.0985238451979971 -0.053483528631972588 236 236 236 0.23513204812426872 39 255 40 255 38 181
1896 -1.8984150842319085 -0.42185506056870919 1.5745611363721095 3 4 4 0.31879646540640577 56 252 51 243 50 265
1564 -2.3351173149777891 -0.254500455388945 1.7250416979977774 20 30 23 0.4928159075680264 56 1328 55 1280 53 1247 54 1178 52 1003 51 910 50 801 48 752 49 752 47 621
1842 -1.2692748414201522 -0.43746300504856422 1.5030082567122771 110 117 123 0.092093410287613142 53 234 54 562 52 498
1554 -2.1898900472794431 -0.39377922722886333 1.6100689059818432 6 6 7 0.31759410660338649 56 1288 55 1244 53 1219 54 1145 52 948 51 855 50 757 48 707 49 707 47 583
1832 -1.359184813309035 -0.21598114620034906 1.6940406073174559 119 119 120 0.2394025428164139 54 385 52 327 51 321
6806 3.6204182738507114 0.87421977856222732 -0.26273402747954783 231 231 231 0.61697905971080902 115 14 117 103 121 68
1719 -1.884915722594434 -0.52610812556279329 1.4874922115269276 4 5 5 0.11615839388291398 53 32 55 55 54 34 52 48
1826 -2.3610563116203753 -0.2722469233569656 1.7302215289878538 1 59 14 0.26967824031094711 56 400 52 267 43 108
1542 -1.9358698927924576 -0.44513224634518811 1.55068468481336 11 12 14 0.60300365753202301 57 1052 55 1164 53 1139 54 1072 51 822 51 853 50 694 48 634 48 667 49 634 49 667
1820 -1.9293142625803466 -0.3941366140006905 1.6031932650199312 5 7 11 0.051174269898025183 56 303 52 195 51 255
2083 -0.76679448647594384 -0.24363508309919399 1.6671589028708342 11 81 39 0.025865841081941485 62 888 64 655 67 655
1539 -2.3486556339206399 -0.25124277136387113 1.7324670684228196 88 95 92 0.25224795089726137 56 1196 55 1128 53 1110 54 1036 52 875 51 778 50 676 48 601 49 601 47 489
6253 5.1107996633635304 1.6223328453987684 -0.41595169747111471 165 165 165 0.016606800470956286 109 83 107 66
1817 -2.0734592569375421 -0.44621874831235098 1.5631301370176913 5 11 8 0.10332216674776572 53 164 52 144 51 172
2080 -0.76187519196192155 -0.27713871966967357 1.6257653772597755 50 57 69 0.063416808089923601 62 841 64 609 67 609
1507 -2.3131533942134261 -0.34306515700926538 1.6691279865682975 10 11 12 0.58264080852495836 56 886 55 816 53 778 54 758 51 576 48 341 51 445 49 341 47 343
2326 -3.5133292829774532 0.6406330749742154 1.4825378165011547 228 228 228 0.87125276297959364 50 743 51 842 47 498 46 211
1781 -2.4308631367520865 -0.30948771894902344 1.7013653665449795 9 11 11 0.16676663539436998 53 782 54 762 52 643 51 581 50 513 48 433 49 433 47 342
6868 5.2912060973793187 1.6958127240241558 -0.33487805359416889 0 0 0 0.074678359994002574 114 188 120 310
2044 -0.66368786755020381 -0.71382816650878667 1.2543684724826116 0 1 2 0.07894712021936573 62 581 64 408 67 408
6758 3.5736689941774324 1.5146167749645638 -0.77120048561938281 231 231 231 0.33359288598581588 114 196 118 333 117 174 124 316 119 330 121 247
6156 3.8761328897527689 1.9448149642955406 -0.47951009837741071 231 231 231 0.59986167730923745 106 197 110 197 114 274 122 571 121 457
1069 -0.63449503063134982 -0.29609497777995741 1.6181902731607787 124 124 124 0.16418192116966374 56 1366 59 977 58 960 57 1162
1720 -1.8912743705732631 -0.52382169922960209 1.4908148045255754 4 9 6 0.10575674387647316 53 37 55 59 54 36 52 50
1440 -0.77586827195949026 -0.42027776126434208 1.4964114873650554 54 57 67 0.083836265110394728 56 222 55 299 53 275
6154 3.7334132707779011 1.2435184387809912 -0.50191886531779129 108 114 131 0.53519077762760792 112 305 114 264
1067 -1.3278827790648737 -0.46140793648099521 1.4919543869653733 112 118 124 0.47131367315469036 60 981 59 909 58 864
1718 -1.8490007196365803 -0.53962017496574821 1.4699240624288341 4 7 6 0.1301293910264863 55 17 54 10
6151 5.2142998850186322 1.6530022254109935 -0.40017397380576764 0 0 0 0.61538512692803793 104 179 109 137 112 230 114 251 105 88 115 247 107 111 116 257 122 529 117 328 121 384
1064 -0.98545770578515346 -0.404805159469107 1.5184497946708071 124 124 124 0.21907983387864163 56 1256 59 885 55 1212 53 1189
6150 3.7279386474445277 1.3266273475292005 -0.35582645645273792 109 115 132 1.180537594932821 112 274 114 230 115 258 116 231 116 328 119 350 123 605 118 350 122 362 124 659 117 404 114 291 121 365 120 250 126 668
1063 -1.0323699757093854 -0.070139213555426572 1.8065431653681665 124 124 124 0.1504387068072788 56 1236 59 874 55 1192
1433 -2.1959980877272711 -0.40244478273898282 1.6084241872489968 9 11 10 0.14631269189025597 56 628 55 282 53 211 54 160 52 170 51 214 50 224 48 316 49 316 47 239
6147 -3.5086106251465856 0.58802608815511204 1.45575675326715 0 0 0 0.083951809804391098 42 176 45 190 50 613
1060 -1.3674603508094698 -0.20363165796104452 1.7070045890589283 124 124 124 0.17296713801367261 56 1070 59 818 58 748 57 899 55 993 54 964 51 787
1432 -1.0340735801120484 -0.42903666424928327 1.5032152847482285 108 114 120 0.044886445399680862 60 75 55 278 54 270
6146 -3.5086106251465856 0.58802608815511204 1.45575675326715 0 0 0 0.083951809804391098 42 175 45 189 50 612
1059 -1.1030180031108126 -0.21031814075745545 1.6843012556019004 76 78 84 0.081387917457344222 61 858 59 810
1431 -1.9017161258829172 -0.43056951734759785 1.5802640894087263 3 4 4 0.46957021451670033 56 240 55 257
6518 3.5732091403701634 1.4137005919408825 -0.80042087650110327 231 231 231 0.58925252560835772 112 267 114 147 123 294 124 267
6145 3.8341075893852588 1.6525536833487611 -0.08376246059847757 0 0 0 1.0775915027541505 108 91 111 185 112 152 114 211 115 204 116 184 119 425 118 408 122 400 124 555 120 354
1058 -1.2860257372730459 -0.29547072445187822 1.6286379608324102 12 86 38 0.27239295937552804 56 1179 60 929 59 798 58 853 57 987 55 1127 53 1160 54 1100 52 931
1429 -2.0738661624071875 -0.44294639298389937 1.5674329374789442 35 45 44 0.062065455661679071 56 215 55 214 51 181 48 128 49 128
6516 4.3458477019357415 1.6431187419830273 -0.066768223375068839 82 86 99 0.023395882870379161 112 198 123 261
6143 5.0788809081182542 1.2376971446062754 -0.94931672221695573 231 231 231 0.87553778536866089 112 209 114 193 115 181
1427 -1.0096875423960128 -0.46069331571477956 1.4698236627142744 122 122 123 0.060913440382161246 56 135 55 204 53 221 54 564
6141 3.8848740899978154 1.5289972805304504 -0.052608711395226063 97 102 118 0.84153221029072123 112 157 114 169 115 140 125 439
1054 -1.0097209519359074 -0.39456117352337639 1.5392208685895834 43 49 61 0.64513616353878311 56 1160 61 849 59 787 58 800 57 842 55 1107 53 1101
1425 -1.9938980865749596 -0.45185208670840843 1.5571904724488137 30 35 35 0.11696783998136599 56 200 55 188 51 187 50 208 48 164 49 164
6139 3.8313423282239274 1.6026138664782505 -0.39373707542519887 0 0 0 0.089821669506144647 112 128 114 160
1424 -1.0459646031654204 -0.47129573316219459 1.4817280084511912 111 118 124 0.37590293106638811 56 121 55 184 54 221
6511 5.1883661723541179 1.6414702801035279 -0.42212968629785758 0 0 0 0.25151523828054922 107 64 114 174 117 240
6138 3.8313423282239274 1.6026138664782505 -0.39373707542519887 0 0 0 0.089821669506144647 112 127 114 159
1051 -1.330655260012704 -0.082983569304060326 1.8067351209312632 124 124 124 0.19484468508058084 61 876 59 732 58 756 55 1018 53 1007 54 971 52 894 51 804
1423 -2.0443590242786698 -0.45528981562613935 1.555370356587042 37 47 45 0.071169956755291933 57 143 55 179 51 168
6137 4.5652298099428004 2.4921471105373971 -0.23444321503724219 8 8 8 1.223396958229392 112 200 114 141
1050 -1.0900749686011093 -0.21058501049948203 1.6885361999994264 74 76 83 0.067222051459610646 60 756 59 722 58 733 57 736
6136 4.5652298099428004 2.4921471105373971 -0.23444321503724219 8 8 8 1.223396958229392 112 199 114 140
1049 -1.0220264566539645 -0.19993937258197697 1.6935498491544909 124 124 124 0.13774021978778245 56 1074 59 721 58 738 57 890
2566 -3.6885055560852811 0.20731954067323455 1.328211408043223 0 0 0 1.0065276180216856 43 321 46 355 44 330 42 318 45 345 41 280 39 313 40 313
2561 -3.7181403455422792 -0.24570764838270773 1.750534181210327 231 231 231 0.2790049337696569 48 560 49 560 44 257
2559 -3.5232824510644938 0.62106388682111435 1.4065083660686386 0 0 0 0.2600570247171991 47 496 44 233 41 212 39 258 40 258 38 208
2557 -3.7190922413722438 -0.21938965991011875 2.1003795841918329 6 20 42 0.1731751564462734 48 478 49 478 44 224 42 217 45 268
2556 -3.5964082392424279 -0.19764186145473633 1.7810123643256437 59 62 72 0.7919114218584179 43 249 44 220 42 214 46 160 44 142 45 223
2549 -3.6621021617100427 -0.22686913902976952 1.7048325079036171 97 102 118 0.80647450116688491 50 459 51 530 44 131 45 218
2499 -3.4310700543197283 0.17833894472080908 2.2127905314340039 5 5 5 1.2142272164314245 48 677 49 677 50 768 43 346 47 535 43 300 46 336 44 313
2491 -3.6226218093843494 0.10967286711983096 1.4944096353936365 103 109 125 2.0432882457624735 47 615 43 378 48 747 49 747 46 386 44 369 42 353
2487 -3.5271278182671795 0.63235260105605962 1.3760661991931877 228 228 228 0.33328840921905872 47 594 43 351 46 340 44 316 42 301 41 283 39 336 40 336 38 262 118 195 126 92 125 73 124 55 127 70
2353 -4.290654514043819 -0.18134516028935915 1.8719844935876413 64 67 78 1.4802375160360126 48 783 49 783 50 850 51 962 47 647 43 389 46 381 44 362 42 343 45 388 41 311
2349 -3.7544837387240904 -0.2257407598084725 1.7259239241639937 231 231 231 0.27641949965908491 48 760 49 760 50 819 47 630 43 373 46 383 44 365 42 345 45 393
2343 -3.4553872115918942 0.16965549328785487 1.1887553548777197 59 62 72 1.8433515820408464 50 763 47 580 48 706 49 706
2339 -3.4494011134298508 0.63518667985698374 1.5866675259525804 0 0 0 0.85298567798170699 48 682 49 682 50 775 47 563 43 310 44 295 46 347 42 310 45 300 41 270 39 293 39 350 40 293 40 350
2338 -3.691906148793815 0.20567098435406594 1.4506690044371935 97 102 117 0.29673514370780391 48 668 49 668 50 733 47 556 46 329 41 299
2337 -4.2788624917076836 -0.099138132948951546 1.9001075246289796 92 97 111 0.80965188566167856 48 659 49 659 50 716 51 850 47 549 42 267 41 230
2334 -3.4359609793449017 0.64683687472058993 1.6679427856810156 99 104 120 0.30996473480504172 51 870 47 540
2332 -3.5085464531761712 0.64354483763850134 1.3963722703386845 0 0 0 0.48047224093993474 50 708 47 536 43 303 46 263 43 224 44 237 45 273 41 213 39 260 39 287 40 260 40 287 38 210
2328 -3.4742850675886503 0.63392679751229097 1.5123774918600994 0 0 0 0.81262484119307565 47 500 43 234 46 215 44 278 46 296 42 259 45 196 45 276 41 216 39 210 40 210 50 711 51 802
2327 -3.4742850675886503 0.63392679751229097 1.5123774918600994 0 0 0 0.81262484119307565 47 499 43 233 46 214 46 295 44 277 42 258 45 195 45 275 41 215 39 209 40 209 50 710 51 801
2325 -3.5133292829774532 0.6406330749742154 1.4825378165011547 228 228 228 0.87125276297959364 50 742 51 841 47 497 46 210
2324 -3.6245716757516053 0.28841849645414819 1.490039383356625 109 115 132 1.0288083681117688 50 677 47 477 43 264 46 312 44 162 42 245 45 270 41 102 39 253 39 318 40 253 40 318
2323 -4.2345574038939509 -0.21083925505301812 1.8592496906199947 231 231 231 0.63950854761334319 48 475 49 475 50 545 51 640 47 457 43 162 42 111
2315 -3.7555944694943744 -0.16852986461091327 2.1296603470837976 11 11 11 0.32955853160822962 50 563 51 671 47 384 46 167 42 218
2314 -2.2145942336146587 -0.31418777741860049 1.7013889152735862 37 40 41 0.036718070345522595 48 457 49 457 47 358
2308 -2.0161522936939482 -0.42446039422479687 1.5986549719062555 22 26 28 0.066030025156619251 48 339 49 339 47 265
2303 -3.451656355941553 1.0167785224297043 1.3746619203175054 61 64 74 1.562336995625953 48 388 49 388 50 636 47 189 43 112 41 65 39 85 40 85
2301 -2.4266614222219554 -0.27514504065777162 1.7223917813834404 2 2 3 0.16448577569415937 53 323 56 392 47 161
2300 -2.2341623336916947 -0.37575495987426832 1.6338634928687301 43 54 52 0.048945387288657514 48 205 49 205 47 135
2299 -2.143575977932239 -0.4122573761337725 1.5927728966228993 39 50 49 0.07462916896268941 48 178 49 178 47 100
2298 -2.143575977932239 -0.4122573761337725 1.5927728966228993 39 50 49 0.07462916896268941 48 177 49 177 47 99
2296 -2.1359545096241508 -0.42116327578193008 1.6033066259143731 40 51 50 0.023174893320270423 48 168 49 168 47 94
2295 -1.9682794710641631 -0.44467859704038259 1.3999157791049421 0 0 0 1.0408145400134838 50 119 51 124
2294 -2.1216872242574092 -0.43105924659785466 1.5813082427837677 21 78 31 0.067551047904928663 48 134 49 134 47 78
2293 -2.0981812133497288 -0.44105097626879736 1.5717444067923465 19 77 32 0.12385414407145973 48 120 49 120 57 167 47 76
2292 -2.0998363146162333 -0.44042793016951681 1.5605742637638984 7 14 9 0.12335356774854041 48 116 49 116 47 72
2289 -2.382516768803506 -0.43069001570801507 1.5876075646691776 56 60 66 0.059679189815068735 48 60 49 60 47 42
2288 -3.6538686139096188 -0.20932980812006946 2.126822672795647 27 83 39 0.17686176838060333 52 212 54 263 47 40 43 25 46 41 44 66 42 40
2285 -2.3223664382003313 -0.45910454244271659 1.5638438203906009 42 46 55 0.083420183384116053 48 46 49 46 47 30
6998 3.7485930000077676 1.4498310095832738 -0.39401056551497921 112 118 135 2.2343481593202124 112 84 118 360 125 328
1911 -1.3447087674773546 -0.21442368192614303 1.689906500936349 44 48 60 0.10878158046149979 52 329 51 325
2284 -3.6263287312037655 0.032302225252203012 1.4601476371516788 81 86 99 0.82263047438126391 51 450 47 28 42 8
2280 -3.5092213555630054 0.88190658317106574 1.4860877999918676 99 104 120 0.94848440992204086 48 685 51 877 49 685 41 306
2268 -2.3305102674613205 -0.30339966847868433 1.7060908461198847 6 7 8 1.667816691561957 53 308 48 364 49 364
2264 -3.4229324877043794 0.68092168792429741 1.6100133643382453 228 228 228 0.6605803348576631 50 866 51 968 48 802 49 802 47 661 43 411 46 404 44 382 42 370 45 399 41 336 122 485
2263 -1.9504681675684863 -0.46374416737246033 1.5085718754881279 18 21 22 0.36961093783236737 50 862 48 799 49 799
2262 -1.9504681675684863 -0.46374416737246033 1.5085718754881279 18 21 22 0.36961093783236737 50 861 48 798 49 798
2261 -3.4600339859499738 0.63619691008190427 1.5539887800522671 3 3 3 0.411332057452094 50 856 51 967 48 793 49 793 47 653 43 399 46 391 44 375 42 362 45 384 41 335 39 395 40 395 119 467 123 445 118 531 124 494 126 493 125 473 127 516 122 484
2259 -3.489808999108087 0.5605156403760021 1.8012071789740263 0 0 0 0.45818382841428906 50 846 51 952 48 780 52 1034 49 780 47 644 43 385 46 377 44 359 42 340 45 385 41 323 39 382 40 382
2258 -3.5137096293997918 0.56020915208702027 1.4546199585002784 228 228 228 0.79093748717105816 50 844 51 941 48 778 49 778 47 642 43 384 46 376 44 358 42 339 45 368 41 304 39 380 40 380 119 261 123 275 118 295 127 334 122 306
2257 -3.5166116282616953 0.56091050150478294 1.4566349559186409 228 228 228 0.7303921397194636 50 843 51 940 48 777 49 777 47 641 43 383 44 357 42 338 45 367 41 303 123 274 122 305
2256 -3.5286435837368271 0.50790044292263337 1.4604729271893004 0 0 0 0.67348082783316954 50 842 51 939 48 776 49 776 47 639 43 381 46 373 44 355 42 336 45 378 41 321 39 379 40 379 118 292 122 304
2255 -3.6131376411086498 -0.13071865235099639 1.6626920242989525 231 231 231 0.11953992719523576 50 821 51 925 48 761 49 761 47 633
2253 -3.4738332154434208 0.66266305787929081 1.5016357018588886 228 228 228 0.35086362977359503 50 808 51 917 48 756 49 756 47 599 43 356 46 345 44 321 42 307 45 359 41 288 39 344 40 344 119 100 123 104 118 208 124 72 126 106 125 86 127 84 122 214
2252 -3.4916499328908017 0.60468095390917842 1.5026230586265419 228 228 228 0.45281753889318371 51 942 48 755 49 755 47 625 43 368 46 362 44 338 42 325 45 358 45 370 41 305 39 365 40 365 119 184 123 175 118 206 124 148 125 155 127 183 122 307
2250 -3.5077397759908515 0.63387236083470144 1.4275946865611004 228 228 228 0.32720397652082039 50 774 51 915 48 727 49 727 47 598 43 355 46 344 44 320 42 306 45 333 41 287 39 341 40 341 119 92 123 99 118 201 45 334 124 63 126 98 125 82 127 75 122 210
2249 -3.5027557140324523 0.60402897776565012 1.4549609900466245 0 0 0 0.24372259356937845 50 804 51 914 48 726 49 726 47 597 43 354 45 357 41 286 39 343 40 343 118 203 126 96
2248 -3.5048752809446015 0.60496369888583756 1.4571356331720156 0 0 0 0.32320756843642845 50 803 51 913 48 725 49 725 47 596 43 353 46 343 44 319 42 305 45 356 41 285 39 342 40 342 119 94 123 102 118 202 124 65 126 95 125 84 122 211
6961 5.047526724992073 0.77686086005403598 0.39576568281510327 0 0 0 0.88823550225844139 118 755 119 812 123 800 124 844 126 827 125 843 130 725 129 560 127 873 128 818 131 602
1874 -1.8513931231365173 -0.54649433861779706 1.4746196525638369 18 77 30 0.018843201294224621 52 19 51 39
2247 -3.5290553038021089 0.60916559312412788 1.4110521208440427 0 0 0 0.25714933291501418 50 773 51 891 48 724 49 724 46 339 123 96 126 94 127 73 122 110
6960 5.047526724992073 0.77686086005403598 0.39576568281510327 0 0 0 0.88823550225844139 118 754 119 811 123 799 124 843 126 826 125 842 130 724 129 559 127 872 128 817 131 601
2246 -3.523464784149958 0.57996387430520291 1.4311016571114252 228 228 228 0.46705559753384962 50 771 51 912 48 722 49 722 47 591 43 348 46 337 44 311 42 299 45 330 41 282 39 340 40 340 38 244 119 86 123 97 118 87 118 197 124 57 126 91 125 75 122 107
2244 -2.6985555379095598 -0.12516429141300139 1.8550754726900682 231 231 231 0.45380435663939833 55 1287 48 718 49 718 47 588 43 367 46 361
2243 -2.9837319644710263 0.56757858518025095 1.7925740702342623 118 124 142 0.55185337694769976 51 876 48 684 52 970 49 684 47 569 43 332
2241 -3.4714108161682753 0.6028046575790974 1.5077727870832824 228 228 228 0.33066267347224271 51 867 48 646 50 740 49 646 47 538 43 305 46 266 51 839
2240 -1.934503257295682 -0.40581065175538683 1.615233300835367 49 51 52 0.023357592866688329 50 699 48 639 49 639
2238 -3.6327989331074826 -0.1985984151758835 1.7448186975485593 231 231 231 0.33671689370340407 50 687 51 818 48 622 49 622 47 509 43 288 46 279 44 263 42 241 45 261
2237 -3.4937962716604019 0.60391575461776448 1.4671928709790381 0 0 0 0.49653558442657597 51 796 48 612 50 619 49 612 47 443 42 179 41 135 39 207 40 207
2234 -1.9082147819428712 -0.42416045028283234 1.5781866005980447 85 88 90 0.0061951717544626575 50 576 48 592 49 592
2233 -3.6348138221244004 -0.10996927386035621 1.6353204891996374 231 231 231 0.87553897990339602 50 647 52 951 48 563 51 852 49 563 47 460 47 512 51 821 43 170 46 234 44 219 42 127 42 211 45 113
2232 -3.5460010352746543 0.52696017638289849 1.8137558333035249 62 66 76 0.74591252240873462 50 707 51 723 48 547 52 937 49 547
2230 -3.5239840389748602 0.57717334341203852 1.4128530213420223 228 228 228 0.44558991235460516 50 610 51 792 48 545 49 545 47 439 43 213 46 203 44 187 42 172 45 178 41 124
2229 -2.6893067730045686 -0.13492422980732105 1.8597259856472674 231 231 231 0.077709148369941819 50 607 51 705 48 540 49 540
2227 -3.5946547870600085 0.053339582873521398 1.5033869833343105 113 119 136 0.30364784155640762 51 684 48 489 49 489 47 386
2225 -3.1528661876704303 -0.19913747219315844 2.1060729667319209 7 22 42 0.18097188343388201 51 589 48 432 49 432 47 337 43 137 46 130
2224 -2.0224159061404423 -0.41883055102253069 1.5912279044678814 21 25 26 0.10901307664810535 50 391 48 431 49 431 47 347
2223 -1.9361100422901685 -0.5023983392630087 1.5043224959832537 3 4 5 0.092192749497444826 50 471 48 403 49 403
2222 -3.60376483942931 -0.19676680906278601 1.7986280298437662 59 62 72 0.54539324439649006 52 449 48 399 49 399 47 196 46 116 44 101 42 71 45 81
2221 -3.6733336924956617 -0.15948614833839914 1.6166450032788588 231 231 231 0.67302996834218165 50 464 51 646 52 757 48 398 49 398 47 378 50 547 43 247 42 121 45 105 45 217
2219 -3.0106087714871124 0.59502248543617287 1.8093216935550065 75 79 91 0.97430198628496978 51 512 48 387 49 387 43 161 53 1035 54 988 46 145 44 129 42 51 43 62 46 23 45 208
2218 -1.9220148512474098 -0.4068713267208211 1.5949992965456841 77 80 81 0.0091616191692876336 50 420 48 371 49 371
2217 -1.8904321352982691 -0.41937399081115628 1.5802887523994651 1 1 1 0.0047753487703496222 50 274 48 367 49 367
2215 -2.9097898057019731 -0.22883774148778158 2.1009947935098898 231 231 231 0.77755917310959266 50 593 51 696 48 363 49 363 47 475 46 286
2209 -1.8798963284324992 -0.53053741688486278 1.4890271097364562 3 4 5 0.008951909746795288 50 334 48 274 49 274
2208 -3.6473996590794973 0.0014464784140519348 1.4561691004022477 103 108 125 0.10995595502682276 50 356 51 233 48 272 49 272
2207 -3.6474395016028978 -0.1705709456166988 1.6104768869606718 11 11 11 1.0185180032445673 52 611 48 268 51 542 49 268 43 123 45 25
2205 -3.4073979931894707 0.19351127251138486 2.1660850667286837 5 5 5 0.7087321597598405 54 435 48 259 49 259
2203 -2.3463567344534333 -0.24050305432800528 1.7485364934812699 3 3 4 0.18910043121484921 55 403 48 257 49 257
2197 -1.9194996284075676 -0.42018866338173921 1.5766285435622884 4 11 6 0.019881477376562501 50 260 48 228 49 228
2196 -3.1356981959855412 -0.19004210899938642 2.132763133114755 121 123 122 0.13326590209616165 51 280 48 223 49 223 44 28
2195 -1.8421928772893299 -0.46103239103711396 1.5439977908195026 69 72 74 0.095191592343799883 51 212 48 208 49 208
2193 -2.2152989940815848 -0.38664144964608449 1.6206681864095016 8 9 10 0.054193924057613002 50 238 48 196 49 196 47 116
2192 -2.2027452360392772 -0.39211528298649612 1.6158809995933527 7 9 9 0.071947961473712546 56 310 48 194 49 194 47 112
2191 -2.1975597351915712 -0.39437892849572603 1.6141972655382515 5 8 7 0.084740001816345639 56 305 48 191 49 191 47 110
2189 -2.177969294140301 -0.4004677304212873 1.6008477233980463 7 10 9 0.19459039977940093 50 233 48 182 49 182 47 101
2184 -1.9821605316270152 -0.39551619114930359 1.3142730233094813 0 0 0 1.9791241972421731 50 147 51 153
2183 -2.1191906054905774 -0.4251946537254761 1.5769973127728492 6 10 9 0.078010567186508506 50 211 48 143 49 143
2182 -2.0842726127828173 -0.4403852295340428 1.5639108866928677 5 8 7 0.071904044189466901 50 195 48 123 49 123
6894 5.196040799545532 1.6943900668292942 -0.43317881924977919 0 0 0 1.2472942679624557 109 85 121 315 108 79 111 115 120 298
2180 -2.0086266408189339 -0.46938340091356301 1.5381981860038194 36 46 45 0.0080815873892552334 50 161 48 102 49 102
6893 5.1550310718112682 1.6252276490120234 -0.45079943084077967 165 165 165 0.67841382032576136 111 177 107 105 117 379 120 363 100 142 105 127 104 208 112 290 101 193 109 175 111 207 107 142 116 304 117 420 121 465
1806 -1.8451756876468661 -0.54813703774807998 1.4702700391981804 18 75 28 0.12978251376483688 56 15 52 18 51 36
2179 -2.0086266408189339 -0.46938340091356301 1.5381981860038194 36 46 45 0.0080815873892552334 50 160 48 101 49 101
6892 3.7681617022619838 1.5927206694816456 -0.59542485868738015 228 228 228 0.91563045791112818 115 227 118 552 117 351 121 408 120 394 109 210 108 192 107 175 116 325 118 599 124 660 117 402
2178 -2.0390376590739638 -0.46572261350324196 1.54734873806194 21 79 31 0.022574853677480387 56 171 48 99 49 99
6891 5.0756194902783189 1.5903057672751202 -0.51839856610221258 0 0 0 0.45507165756804902 115 145 117 226 102 20 110 58 106 58 109 58 107 44 116 191 120 282
1804 -1.3614598890221319 -0.46293691470253345 1.5209309565375242 119 120 120 1.166048083131386 53 192 54 196 52 205
2177 -1.977467990126452 -0.47973257636375699 1.5192914025047126 36 46 45 0.085564378966392754 50 140 48 91 49 91
2172 -2.3664387236421791 -0.43673868888190387 1.5754969605077958 54 58 64 0.083685692689003194 50 94 48 54 49 54 47 39
2171 -2.3467116955105576 -0.44252265485339548 1.5624921528271618 43 47 56 0.056440259025196345 50 86 48 51 49 51
2164 -2.1611216957876662 -0.52474794697324489 1.4943665792168832 35 39 49 0.047002441876043959 50 22 48 16 49 16
2163 -2.4192760732161496 -0.44500298335583505 1.6509324995467001 48 52 58 1.8505821789716315 53 542 50 344
2162 -2.0516408440306595 -0.45377994321777337 1.5616356942068745 38 49 47 0.016383981491049287 52 142 50 180
2161 -2.0982743825083858 -0.41688570735451713 1.5871593662473271 66 83 79 0.32240999598688203 55 915 53 899 51 658 50 567 53 755 54 732 52 613 51 558 48 503 49 503 47 396
6873 3.907320492578894 1.8643624996445824 -0.38874805899086307 228 228 228 0.6478668205140764 114 207 121 292 123 403 120 346 119 421
1786 -2.6832023931682882 -0.11654706607288776 1.8661229553736476 231 231 231 0.55928045234701973 55 1009 54 950 52 810 51 706 50 608 47 363
2159 -3.6106837811449419 -0.079078107388926941 2.1177666711498646 5 5 5 2.388770714647189 52 1044 50 865 47 657 43 407 46 399 44 380
2158 -3.6106837811449419 -0.079078107388926941 2.1177666711498646 5 5 5 2.388770714647189 52 1043 50 864 47 656 43 406 46 398 44 379
2157 -3.4802950564173742 -0.20168640454276024 2.1012815243986194 27 83 39 0.47337302269765441 51 931 52 1020 50 832 48 765 49 765 43 379 46 387
2156 -3.6246508454251649 -0.13195107430852293 1.6728574229691899 231 231 231 0.22163160916891247 52 1017 50 822 48 762 49 762 47 634
2155 -3.5933589859090471 -0.21027509723272048 1.761346142595098 59 62 72 1.0060304696865181 52 998 50 785 48 730 49 730 47 604 43 375 46 369 44 346 42 352 45 376
2154 -3.6991690933115673 -0.15396842924828932 2.179705818196978 231 231 231 0.38800295763576537 54 1155 50 759 47 579 48 699 49 699 43 341 46 330 44 334 42 322 45 350
2153 -3.6157603933787938 -0.1360879660943973 1.9666905176636107 231 231 231 1.2446440833928147 51 887 52 980 50 718 48 662 49 662 47 552 43 295 46 283 44 266 45 228
2150 -3.6205033725563402 -0.18419401606222419 1.7999763515467269 112 118 135 1.4546417789720743 51 819 52 861 50 688 48 564 48 624 49 564 49 624 47 513 43 289 51 653 52 764 42 244 44 264 46 161 45 286
6863 5.0757515434293214 1.5892098572146094 -0.51811484704349919 0 0 0 0.3025584394198706 115 144 117 225 120 281
1776 -2.4417027132190876 -0.38363282219447281 1.6387746212759051 39 43 49 0.64087705509423443 53 762 54 737 52 446 53 565 51 552 50 478 48 85 53 218 49 85 47 210 43 91
2149 -3.6325650599732424 -0.19882395356976773 1.7445126072363939 231 231 231 0.42407901922551916 51 817 52 947 50 686 48 621 49 621 47 508 43 287 46 278 44 262 42 240 45 260
2148 -3.5768300487643439 -0.21162454914783882 1.7171576922755647 59 62 72 0.24889815841995216 51 816 52 913 50 685 47 507
2146 -3.6934165534942438 -0.26415182859955533 1.876975551603651 231 231 231 0.45563652358589446 51 814 52 912 50 642 48 561 49 561
6859 3.530047383312604 1.388229097060748 -0.74199034313202805 0 0 0 1.1214886908257293 111 246 112 303
1772 -1.901249563342732 -0.51371900331869003 1.4872483794796367 3 4 4 0.13258018387134243 53 740 55 775 54 723
2145 -3.8878281863038953 -0.37739390111613602 1.9754798154025695 231 231 231 0.38472900615691297 51 750 52 848 50 640 48 559 49 559 47 456 43 245 46 273 44 255 42 236 45 281
2144 -3.8878281863038953 -0.37739390111613602 1.9754798154025695 231 231 231 0.38472900615691297 51 749 52 847 50 639 48 558 49 558 47 455 43 244 46 272 44 256 42 237 45 282
2143 -2.4448046718331002 -0.30241233422960451 1.6921232166182842 5 14 33 0.38472289103927215 51 681 50 581 47 400
6853 4.335271498494814 1.6585155506844074 -0.07974173374346305 119 126 144 0.28140477131113684 115 155 120 168
1766 -2.4015934883988415 -0.26318719790240791 1.7265802573398019 2 2 3 0.82975651885746016 54 592 52 265 51 468 56 403 50 436 48 245 49 245 47 170 43 104
2138 -3.6387129195637291 -0.10107814156299484 1.6722641013115611 5 5 5 0.61654840725300664 52 769 50 474 51 560 43 20
2136 -2.9982011472594405 -0.17329491132632865 2.191272858094552 9 9 9 1.4148586913671182 52 686 50 442 51 595 48 458 49 458 43 141
2135 -3.3481659918956748 -0.17113945916256451 2.1311741283661969 9 9 9 0.79436220158468041 54 812 50 417 44 122
2133 -3.7152990042847458 -0.13686732843267455 2.1382405905598261 231 231 231 0.74878628276596504 51 256 52 495 50 388 43 28 46 53 44 16 45 10
2132 -2.1236710790995903 -0.40576707818456448 1.6006838584396323 13 14 16 0.0076950371331747647 56 623 50 384
2127 -1.3669753493403249 -0.0099178884916816274 1.8789100280841198 94 97 102 0.22900345171995451 51 367 50 323
2125 -2.3862944921396778 -0.27064901271280967 1.7272544884327854 72 75 77 0.1313256338615377 51 277 50 303 48 244 49 244 47 168 43 57
2115 -3.6878060917644353 -0.21817720651489053 2.1148881756220397 112 113 115 0.29928507094695839 51 228 52 199 50 192 48 66 49 66 47 29 43 23 46 9 44 64 42 39
2109 -2.0231313967573521 -0.47548875489819065 1.5477020244508912 18 73 29 0.029696723995336655 51 145 50 148
2104 -1.9666943338484255 -0.46365539245184378 1.4462064597789663 6 14 7 3.0121291454269103 55 119 50 114
2099 -2.2563059293229535 -0.48549319834561505 1.5346748892638813 44 47 55 0.082857924618296094 51 49 50 50 48 34 49 34
2097 -3.6723922888438372 -0.24431567618690575 1.7257304852118516 231 231 231 0.2940870569638695 52 140 50 41 42 30
2091 -0.70326968768356324 -0.48226048381005832 1.695563545161487 0 0 0 3.2165557863877812 57 822 62 723
2086 -0.78145558050524311 -0.28546487744263233 1.6189483860291589 36 42 56 0.34283362572201764 57 721 55 840 53 829 64 381 62 392 61 616 67 381
2077 -0.69793659463654367 -0.71969262864064887 1.2596180896314031 4 5 10 0.70772758562803928 62 776 64 583 67 583
2076 -0.65013336240274522 -0.68370120675511781 1.175278823856559 66 72 81 1.000471709707984 62 695 64 582 67 582
2074 -0.63675364803578938 -0.72878057130841556 1.2423099201369323 104 106 112 0.067400125904424499 62 822 64 580 67 580
2065 -0.63305986834585282 -0.71697753109422935 1.2543219313822107 1 2 6 0.092154809623766223 62 702 64 502 67 502
2053 -0.74473382291517276 -0.61871863539984706 1.3369230111282735 69 76 89 0.060947035141924601 62 593 64 422 67 422
2033 -0.71821032361402914 -0.72288584090107877 1.2525895572200116 4 5 9 0.086400819274506116 62 472 64 338 67 338
2032 -0.67529416400379894 -0.72961822342592908 1.2435535094292678 2 5 7 0.041581116194515509 62 468 64 337 67 337
2031 -0.65029640126603783 -0.73653773934838374 1.2402941004562025 103 105 111 0.066807327517112894 62 466 64 336 67 336
2029 -0.69053474408106186 -0.73966617641292309 1.2285045044616514 2 4 6 0.077727216465350968 62 464 64 333 67 333
6740 3.5984237928933629 1.0360695696789015 -0.34992957798418384 89 94 108 1.3122398660833436 115 116 122 24 117 11 114 150 116 147
2026 -0.67950405317220264 -0.2191449903811436 1.9939295916145443 91 94 99 0.0026718624193223287 61 192 64 313 67 313
2023 -0.68262834267945505 -0.24754041987790026 1.6470454249817894 123 123 123 0.040591211590115174 62 397 64 293 67 293 65 278
2012 1.7638088342064491 -0.17349959118438396 2.0076038784433989 27 83 39 0.60902675954085561 61 38 63 370 64 237 67 237 65 46 66 138 68 59 72 16 75 119 76 98 77 126 78 295
1990 -0.74317907496827751 -0.38612126045264999 1.5307116939505245 121 121 121 0.03766930196736195 63 122 64 100 67 100
1987 -0.73032087590156081 -0.38692851811200335 1.5305582293556075 46 51 63 0.032270248236501674 63 118 64 96 67 96
1985 -0.72741740938296651 -0.39067911339372169 1.5301528962453985 115 115 117 0.0037557200163303231 62 130 64 90 67 90
1959 -0.71172806391296906 -0.72999922063982137 1.2425164097421975 105 108 113 0.09541204685131921 62 18 64 13 67 13
1942 -3.4991838632813987 0.21131839716349213 2.3310484230177382 106 111 127 1.4300455638480378 54 1158 51 832 53 1258 50 739
1905 -3.1606475370312928 -0.19120400224613551 2.1235170146899813 25 78 39 0.21377316329545629 53 351 54 334 51 274 50 289 48 214 49 214 47 104 43 40 44 76
1904 -2.0506461250094352 -0.34179057529231988 1.6394303784631477 2 24 7 0.21420917197831024 53 272 51 269 50 438
1903 -3.3636102583683298 -0.18512882952231768 2.1280683279039097 9 22 43 0.60046170324595005 52 262 54 600 51 263 50 412 48 328 49 328 43 85 46 61 44 121 42 93
1892 -1.8710079858923911 -0.4469352434958847 1.5509781401495808 69 72 74 0.07528932518877636 52 163 51 223 50 248 48 213 49 213
1891 -2.1328772334507189 -0.42162272213799468 1.5878047461306775 7 12 9 0.11853849915601969 52 158 51 206 50 215 48 155 49 155
1883 -2.0169449573099194 -0.47724688115132657 1.5428249913463863 18 72 29 0.033169613408967513 53 135 51 143
1882 -1.9981302719012217 -0.48344183781587791 1.5322021261357934 18 71 28 0.027398231089011418 55 123 51 131
1881 -2.3654457549180581 -0.44245545559172739 1.5840531495236951 42 45 54 0.1758326373998067 56 225 51 110 50 93 48 53 49 53 47 37
1880 -1.9006500279693965 -0.41744710099179916 1.2763443821866913 18 74 29 1.7382568521659616 52 89 51 105
1879 -1.9312462356117615 -0.50555183448586793 1.5034952939310819 4 7 6 0.035835481380573526 52 78 51 98
1878 -1.9449184054527697 -0.50574025495582431 1.5099767143343348 18 74 29 0.076901491515344755 52 77 56 75 51 97 50 104
1877 -1.9210599724991986 -0.51201106725029921 1.5040974692183207 3 7 5 0.064229530610755786 52 71 55 78 51 91
1876 -1.9205265237395321 -0.51434682310678981 1.4967479394281538 19 79 31 0.04577386814641194 52 62 51 83
1868 -1.362650618266668 -0.43457548544338903 1.5074528546654353 16 27 47 0.11790569355318893 54 219 60 136 52 241
1867 -1.2983107911770964 -0.091766394261843978 1.7996472577191762 115 120 116 0.096175861850077218 55 491 53 686 54 655 52 551 56 478 57 316 55 492 61 551 60 540 59 461 56 479 58 453 57 317 53 687 54 656 51 506
1866 -1.326268050819863 -0.10234757397143107 1.7976734210584369 121 121 121 1.3877750467033607 56 470 60 304 59 278 55 485 53 470 54 448 52 357 58 201 57 310 56 467 51 347
1859 -1.2886809003756874 -0.27011266464769623 1.7641957967281694 11 80 39 1.794841678241206 54 957 52 885 51 836
1850 -3.3085062276353741 -0.22152506626098478 2.1253246777357888 6 21 42 0.55054682381287723 53 955 54 922 52 782 50 665 48 497 49 497 46 183 43 192
1831 -1.3306600041443675 -0.26811002031985148 1.6594971766187769 122 122 122 0.119957641117706 54 368 52 318 51 478
1830 -1.3229203670932084 -0.27719968197391531 1.6432884678913986 12 88 38 0.17752522545290828 60 235 52 315 51 307
1824 -2.379013172754783 -0.2738600370949083 1.7155462938025936 4 9 5 0.089582878211729611 54 296 52 256
1823 -2.3665434708732382 -0.27949054588648714 1.7139689066500636 3 7 4 0.14617653821165077 56 388 52 250 50 296
1819 -1.9200814424067354 -0.43523461513260342 1.5735428468793169 60 62 64 0.12475314676707286 54 154 52 172 50 397 48 349 49 349
1802 -2.3135265534390714 -0.28243599991367124 1.7174681558845104 17 19 20 0.32034755034789975 56 1039 55 836 53 799 54 777 55 967 53 939 54 914 52 664 52 788 51 591 51 692 50 528 50 598 48 456 49 456 47 426
1800 -2.7490713633127495 -0.21710971928001607 1.8614687567915178 231 231 231 1.4131173422375503 53 1224 55 1281 54 1179 52 1002 51 909 50 840 52 1024 48 773 49 773 47 651
1798 -1.3435350657187821 -0.066192315987549613 1.8580798651615098 83 88 96 0.38040400685648357 53 1232 54 1160 52 986 51 893
1797 -3.4747321547926902 0.73913284195479056 2.7909496838233068 231 231 231 0.6306009657358046 53 1203 55 1262 54 1138 52 969 51 872
1796 -3.4877524260515549 0.74439235627230327 2.8085010913227153 231 231 231 0.54765262651520419 53 1204 55 1263 54 1137 52 968
1794 -1.6103763054173266 0.38760326013422153 2.1488095935102853 6 19 43 1.0729030305432921 53 1206 54 1069 52 909 51 525
1791 -1.3280709988113724 -0.39639303733240655 1.5363464979497004 108 109 111 0.15114509118406311 53 1086 54 1021 52 877
1790 -1.0790159508226458 -0.45034014897282187 1.4876483660116309 12 89 38 0.00046839666465894105 53 1069 54 1013
1789 -1.91051242685967 -0.49308851441329388 1.5075539342136932 60 76 73 0.14950622080671316 53 1048 54 994 51 752
1788 -1.0328104443205133 -0.098894311291850001 1.7802145854913365 124 124 124 0.059021235088128281 53 1011 54 975 52 828
1783 -2.429922588142837 -0.37310625705688283 1.6474946171331175 4 5 5 0.32905987529130115 55 931 54 893 50 559 48 488 49 488 47 466 43 297
1782 -1.27420693692216 -0.37903272478738448 1.5533163227016105 100 102 106 0.0629916380374137 55 628 54 796 52 694
1779 -1.2640259202948931 -0.43495721876973453 1.505800489974281 8 21 44 0.076026942332211772 53 767 54 760 52 662
1775 -2.0986455029982061 -0.41768434742018173 1.588953270855562 66 82 78 0.19435668260380329 53 756 54 733 52 614 51 559 48 504 49 504 47 397
1773 -1.8383916383399461 -0.45934566918145092 1.5387121792776943 73 76 78 0.095044622037184542 57 831 54 728 50 568 48 515 49 515
1771 -1.2733193876897235 -0.0092698098796059267 1.8854085725807204 104 106 110 0.47876367745560938 53 721 57 640 54 699
1770 -1.0575849680212062 -0.07093950843136336 1.8105296627046166 124 124 124 0.068715171272847014 55 502 54 682 52 574
1769 -1.285680451163729 -0.091676187840433923 1.7984102485319091 119 122 119 0.07437444969694347 53 688 54 658 52 552 51 508
1763 -2.2902325135123967 -0.3566482048804866 1.6511533111543377 10 34 18 0.12349944748961461 53 582 54 551 52 461 51 438 48 334 49 334 47 253
1762 -1.3326252121983753 -0.44996093431933815 1.5010516989551315 112 118 124 0.13885464398116687 59 527 54 550 52 476
1761 -1.3326252121983753 -0.44996093431933815 1.5010516989551315 112 118 124 0.13885464398116687 59 526 54 549 52 475
1757 -1.8575520550900668 -0.48023021326449183 1.5261132243988036 10 13 14 0.17206882346580596 53 139 54 512 51 407 50 363 48 322 49 322
1756 -1.853250108572287 -0.4911811541489029 1.5129843120653181 22 26 28 0.11063851679345182 53 524 54 503 52 418 52 600 51 396
1754 -0.94575728030157302 -0.20908702937922666 1.6796485417857339 63 66 74 0.14497585805387708 53 456 54 443
1752 -1.2679835324011035 -0.19400261383049414 1.7147580344036237 96 99 103 0.11354809919373293 53 430 54 420 51 494 52 344
1748 -1.3280500053144282 -0.27257981420434729 1.6457681234081987 106 112 119 0.10123427127230664 60 240 54 366 52 317 51 309
1745 -2.695441272452832 -0.1457840151653482 1.8638803859626687 8 8 8 0.45146470143269252 53 827 55 705 54 351 52 696 51 600 50 532 48 463 49 463 47 428
1743 -2.3811734116736676 -0.25362141912471992 1.7391324561016224 1 2 2 0.18004264406642589 55 384 54 311 52 274 51 471 48 249 49 249
1742 -1.3132005040484889 -0.38014398441372826 1.5571915866472874 123 123 123 0.098645003999385861 56 307 54 307
1727 -1.8732944496129578 -0.45422904073768611 1.6433213392752768 2 2 3 0.78406987823951058 54 157 51 237
1726 -2.0440030043657131 -0.45886027011226016 1.5517476064604514 4 7 6 0.084434666959488827 53 157 54 131 52 127
1721 -1.9147654973969512 -0.51384904964734601 1.4999378785287449 3 8 6 0.093480927715344192 53 62 55 74 54 54 52 68 51 88
16 -0.78593357710391254 -0.24068661511091249 1.6575353043840113 12 89 38 0.11866520242046512 56 423 62 166 63 215 61 169 58 142 55 455
5103 2.1962772475096384 1.9774348027883168 0.10969389047389899 130 130 130 0.25382732325648327 9 52 11 265 5 76 11 50 14 301
1125 -1.2332788896758882 -0.19333545273468358 1.712982388036927 96 98 103 0.095706777998138176 59 429 58 428 57 600 53 657
2372 -0.75962654901320215 -0.23488594172962884 1.6599827922322559 120 120 120 0.020998504371210813 64 148 67 148 65 111
15 -0.67706608415518921 -0.24511416241686551 1.6494151076352772 19 31 48 0.085237500754633044 56 420 62 399 63 198 61 141 60 181 59 167 58 114 57 246 55 459 53 664 64 294 67 294 65 229
5102 -1.5218056333951218 -0.71749155010291699 1.2663958587171253 30 39 62 0.31836016686436175 8 36 5 20 2 29 4 29
1124 -1.0961171501634661 -0.2161632722455667 1.6851564519832569 123 123 123 0.20868018710332659 56 740 58 417 57 577 55 856 53 654 54 637 52 823
14 -0.67232533246323423 -0.24662704967216814 1.6481669512551627 118 118 119 0.14538869692765125 56 414 62 396 63 196 60 180 59 165 58 112 55 452 53 445 64 129 67 129 65 227
5101 -1.2416353909156017 -0.73898819363217139 1.3039497110253357 27 39 64 0.2323060817087724 8 208 5 18 2 28 4 28 7 10
1123 -0.79002462170205179 -0.18961928108929699 1.7015457289038554 101 103 106 0.18194191640765423 59 411 58 416 57 590
542 1.5334168979699234 -0.12894807349637738 2.0305640004535217 9 9 9 0.10706133208209288 62 362 61 404 64 263 67 263
5629 4.0367333936904348 2.0053912453941072 -0.55178880247321305 8 8 8 0.48699579218022254 101 216 99 168 102 122 100 120 105 103 104 131 112 89 110 89 106 89 109 61 108 58 114 115 115 80 107 59 116 122 119 244 119 436 123 247 118 268 122 278 117 140 121 190 120 159
2358 -2.5640540387505326 0.39884358972808553 2.2897811533906758 6 19 43 1.7148987039054959 53 1202 55 1229 54 1136 52 987 51 873 51 874 50 777 50 778 54 1065 55 1151 54 1064 51 740 50 630 47 572 47 573
1 -0.68606294593659312 -0.28548484978585403 1.6162705509166928 118 119 119 0.10626844696795031 56 347 62 384 63 180 61 125 60 156 59 143 58 95 57 199 55 411 53 637 64 280 67 280 65 215
5088 2.4415206923015864 0.71041222336057297 2.5280651624553085 4 4 4 1.4585374293889486 11 624 12 650 9 773 7 746 7 787
1110 -1.256274598398408 -0.0092355396425827727 1.8681332103074866 98 101 105 0.13513325668818305 60 337 58 246 54 474 51 379 52 379
2359 1.9230079983864081 -0.13945598022442235 2.0183808730906558 14 26 46 0.18267654105040451 61 39 63 52 65 47 66 139 68 163 72 134 69 145 73 150 71 150 70 163 74 225 75 457
2 -0.76753158184705561 -0.28461926456100511 1.6187941619494235 27 33 51 0.095438323193019259 56 351 62 391 63 459 61 448 60 167 59 148 58 98 57 202 55 408 53 634 64 286 67 286
5089 0.0030263123566852874 0.26034215026199603 2.2694242237181457 139 139 139 0.1627645801441199 6 691 8 851 9 776 10 919
1111 0.20487172017537261 0.5291077453870987 2.4994979333094101 142 142 142 0.15446798887028879 60 349 61 300 58 249 60 348
544 -1.0172346327161204 -0.46808767187701422 1.4679985270830955 112 118 124 0.14489271387091351 56 555 63 428 61 415 60 368 59 334 58 271 57 401 55 580 53 559 54 560
3 -0.67801225766330675 -0.28242058212999416 1.6170334076789321 11 86 38 0.084940734728604833 56 357 62 140 63 181 61 126 55 416 64 113 67 113 65 216
5090 -1.6609747684163134 1.5174955238964449 0.68373739931761668 59 62 72 0.20647755306170934 8 907 10 1018 9 827
1112 -1.3094320869833211 -0.45531694515513677 1.4894052446105666 112 118 124 0.20528936034675632 60 414 58 298 53 200 52 470 54 545
545 -0.75255149327534165 -0.41120125721688405 1.510119791685296 124 124 124 0.10245501817677435 63 437 61 421 58 301 55 617
4 -0.7819464097730654 -0.27883471684706523 1.6226393210668268 108 109 111 0.25380707901377153 56 367 62 149 63 192 61 134 55 414 53 392 64 124 67 124
5091 -3.6523309560865167 0.38081215825731701 1.0269947135004478 59 62 72 0.46061058607763755 10 1001 9 830 5 1092 2 1042 4 1042 7 799
546 -0.69701407014233396 -0.37253630607461574 1.542922273067556 98 101 104 0.10414647857615762 62 500 63 443 61 426 60 401 59 356 58 322 55 652 64 368 67 368 65 267
5633 13.631149833900395 14.046762559614294 -3.8274320175980998 0 0 0 0.78304274558597087 84 256 96 89
5 -0.77054016047004825 -0.27504519857972642 1.6279536085980597 119 119 120 0.36933807749527692 56 379 62 150 63 194 61 136 59 159 55 427 53 400
5092 -1.4579825020095054 1.8762718924080406 -0.41887017000540655 8 8 8 1.2120827251908515 6 129 11 142 13 172 9 199 13 174 8 287 10 112 15 137 18 213 21 116
2363 -0.70896046709122262 -0.39390994669655527 1.5256936431508892 119 119 120 0.024719468342155753 64 81 67 81 65 61
6 -0.79377865856052798 -0.27518479302800747 1.6278998465036587 108 114 120 0.50315212172907875 56 380 62 398 61 139 60 179 57 213 55 425 64 295 67 295
5093 2.8380789125648374 2.2454194978587503 0.94212519292974362 0 0 0 1.0981711871570974 13 484 8 806 6 426 9 505 12 399 13 542 10 647 2 627 4 627 7 462 14 309 2 129 4 129 10 116 16 285
1115 -1.8534923106220076 -0.45400263086037518 1.5431960606237896 68 71 72 0.13600366083756901 56 591 58 341 57 134 55 190 53 169 54 142 52 159 51 215 50 243 48 211 49 211
548 -0.72453832811664565 -0.3727306798158469 1.5427556907174942 95 98 102 0.11903555797517612 62 382 61 429 60 405 59 358 56 659 58 324 57 489 55 650 65 269
5635 4.099585723896034 1.9999340295226271 -0.56314540891533227 231 231 231 0.55368975322936798 103 210 99 230 105 135
7 -0.69794014069049459 -0.27160045528114407 1.6264417899354364 19 32 48 0.15775648099594233 56 383 62 389 63 183 60 168 59 151 57 211 53 644 64 284 67 284 65 220
5094 -1.4657949953788081 1.870456152694022 -0.41732887809536717 8 8 8 1.1981121080548389 6 130 11 143 13 173 9 200 13 175 8 288 15 138 18 214 21 117
8 -0.77998007926738444 -0.27137144587114131 1.6292564969434415 121 121 122 0.11752004979719792 56 384 62 154 63 197 53 406 64 296 67 296
5095 -3.9234953946568911 0.86800252031900182 0.16081760398963277 77 77 77 1.870112324760812 6 726 10 972 8 856 9 748 9 816 2 877 5 737 4 877 7 480
1117 -0.22809589866520294 -0.32005692038046274 1.8665855011706347 57 57 57 0.16207201923624343 56 896 58 366 57 541
2366 -0.71228104512043933 -0.38843406899484245 1.5315582050554528 57 60 69 0.091253828219057628 64 89 67 89 65 78
9 -0.72429017630747983 -0.26901043802003921 1.6295280178039704 120 120 120 0.18954210126142251 56 386 62 146 63 189 61 133 59 158 55 436 53 645 64 120 53 414 67 120 65 222
5096 -1.4316643508000881 -0.82627093503555837 1.2138866578073735 9 33 41 0.1569065209400137 8 165 10 6 5 3
1118 -0.22993499595317024 -0.30706323929008306 1.8735967988392555 57 57 57 0.19416021466918584 56 898 58 370 57 719
2367 -0.71323397739426797 -0.37301669118722447 1.5402750178927984 124 124 124 0.098792783458301281 64 104 67 104 65 82
10 -0.73448673878076742 -0.25622465129902722 1.6407509276076369 119 120 120 0.18299315405338001 56 402 62 401 63 199 61 142 59 164 58 110 57 228 55 441 53 422 64 298 67 298 65 280
5097 -0.6902130518028573 -0.72488796468140138 1.2814802083402279 13 24 47 0.077463560397643225 8 328 9 251 10 164 5 12 2 26 4 26
1119 -0.67502561986099485 -0.27852337868748639 1.6191921182488731 17 30 47 0.10531043610366589 56 696 58 378 57 548 55 842
11 -0.76932692011740045 -0.24748033894939264 1.6524096797729126 109 115 122 0.13570974778031947 56 411 62 409 63 470 61 457 60 194 59 180 58 119 57 250 53 656 65 241
5098 -1.2642149650712555 -0.76153872841263881 1.2974861650784275 35 43 65 0.42192634758930042 8 191 10 27 5 13
1120 -0.2280255625067818 -0.20796172530602561 1.9429851755809606 0 0 0 0.616361544922993 61 449 58 405 57 575
2369 -0.73716894239880326 -0.26062156762481198 1.6369409620532496 62 65 74 0.13430023529235013 64 131 67 131 65 99
12 -0.70708288422575405 -0.2475868165549279 1.6502101265114464 121 121 121 0.1178435253962184 56 412 62 155 63 200 61 146 60 183 59 171 58 115 57 242 55 696 53 437 64 133 67 133 65 233
5099 -1.2659076307109927 -0.74210792305625106 1.2858129680087436 57 63 78 0.11958617964605736 8 196 10 169 5 14 2 27 4 27
1121 -1.3413383702328414 -0.25592961040157042 1.666711293060279 124 124 124 0.24042288375701681 56 714 58 410 57 568 52 526 51 613
2370 -0.69621843384570081 -0.24032728734113451 1.652714017079687 12 88 38 0.041893413766830777 64 135 67 135 65 101
13 -0.69760727379681697 -0.2476734990157767 1.648248892159053 121 121 121 0.11677190647370259 56 413 62 400 63 463 61 143 60 182 59 166 58 113 57 243 55 449 53 661 64 297 67 297 65 230
5100 -1.4662298555657953 -0.74016110101874877 1.2831760394002019 55 59 73 0.090021692745842041 8 209 10 28 5 16
1122 -0.79002462170205179 -0.18961928108929699 1.7015457289038554 101 103 106 0.18194191640765423 59 410 58 415 57 589
30 -0.68693237243262495 -0.37199775384818345 1.5413815770193973 92 95 100 0.076539783415265947 56 662 62 379 63 442 61 425 60 400 59 355 58 320 57 484 55 655 64 279 67 279 65 266
5117 -1.1814657296896582 -0.39928458597713701 1.5551555021030488 104 105 107 0.11551348411724187 8 396 10 238 5 288
31 -0.78730129517843217 -0.28466757763342027 1.6209442487495578 124 124 124 0.11025692601754405 56 687 62 393 63 461 61 451 60 451 59 386 58 382 57 547 55 682 53 633 64 287 67 287
5118 -0.87841132284570511 -0.25546751831288467 1.6826105698591289 123 123 123 0.071196622195523765 8 406 10 448 5 317 2 263 4 263
32 -0.70016679767439971 -0.28176133136856713 1.6161634838858294 25 36 52 0.16134234212326815 56 691 62 386 63 455 61 444 58 97 57 201 55 684 53 638 64 282 67 282 65 218
5119 1.9105693664327972 2.2552010436745524 -0.030859121552582618 59 62 72 1.0407004137062952 11 121 12 143 13 142 5 347
33 -0.69076233933890308 -0.28238494782874557 1.6212130205440669 25 36 52 0.20485302534802216 56 692 62 385 63 454 61 443 60 444 59 383 58 377 57 545 55 685 53 640 64 281 67 281 65 217
5120 -1.0614902653201943 -0.10809620990160806 1.8073010683381496 66 91 73 0.11052857010848445 8 420 9 407 5 369
2391 0.74095366578819588 -0.7238129234263998 1.4296433217123274 0 0 0 0.40505327076421699 62 573 65 310 68 218 69 236
34 -0.67407759208436691 -0.27916318417558944 1.6215881115126374 16 29 47 0.16366051194891526 56 697 62 510 63 607 61 613 60 445 59 573 58 379 57 549 55 843 64 380 67 380 65 275
5121 -2.9276814239486439 0.8762144427510421 0.14559696808064015 121 121 121 0.57660522164328276 9 225 5 385 14 378 15 357
35 -0.69587806224403281 -0.27738784196745692 1.6242801882935796 12 90 38 0.15682368985444681 56 698 62 387 63 456 61 445 60 449 59 145 58 99 57 550 55 689 53 641 64 283 67 283 65 276
5122 2.8500281597849657 0.81072962751589284 2.7294209340469973 231 231 231 0.22538124370532109 6 326 8 424 12 402 5 389 11 400
36 -0.72311162248249528 -0.25921953528251102 1.6376615994693848 121 121 121 0.10569064986741085 56 711 62 395 63 462 61 452 60 453 59 388 58 386 57 552 55 690 53 834 64 291 67 291 65 277
2394 0.28842050699687677 -0.18399181656924224 1.9882416165874794 9 11 14 0.33201937884211064 60 728 61 724 65 348 66 219 68 241 69 251
37 -0.72918590258522864 -0.25842168494786028 1.6398345162084407 23 68 45 0.12141273390295204 56 712 62 512 63 608 61 454 60 455 59 389 58 388 57 555 55 847 53 832 65 352
2395 0.79432603673375624 -0.81017984201907489 1.3519349427062544 0 0 0 0.66080133024618848 64 544 67 544 65 374 66 257 68 260 72 324 69 277 69 300 66 286 73 515 71 515
38 -0.72918590258522864 -0.25842168494786028 1.6398345162084407 23 68 45 0.12141273390295204 56 713 62 513 63 609 61 453 60 454 59 390 58 389 57 556 55 848 53 833 65 353
5125 -2.4323551159774612 -0.26665385609210729 1.7150100778114483 7 16 9 0.22059013810149919 10 488 5 403 2 305 4 305 7 72
2396 0.94590469398039956 -0.72363941198640858 1.424344585179981 0 0 0 1.0912665562301729 64 492 67 492 65 378 66 258 68 264 72 330 69 233 73 422 73 462 71 422 71 462 70 253 72 220 74 667
39 -0.78786719536465111 -0.23856739685244263 1.5575593425752288 44 49 62 1.6962678738021133 56 716 62 516 55 692 53 838 64 387 67 387
5126 1.2944646653597216 0.79482575030196079 2.691475493232363 41 40 40 0.10730356981198616 6 332 5 407 2 318 4 318
40 -0.75841576757008256 -0.24623760850468313 1.6519863611610703 111 117 123 0.097194938633013456 56 725 62 515 63 611 61 456 60 457 59 394 58 396 57 563 55 695 53 843 64 385 67 385 65 282
41 -0.69294743783772395 -0.24321017914613371 1.6500356357321246 16 45 46 0.21940113557200533 56 728 62 402 63 464 61 147 60 456 59 392 58 393 57 564 55 698 53 847 64 300 67 300 65 232
5128 -1.2867330053588597 -0.64276956440145405 1.3662435752256585 61 71 90 0.17882591988805993 8 478 10 391 5 457 2 202 4 202 7 23
42 -0.69398996909258837 -0.2358310051667977 1.6580931110203065 17 45 47 0.12491049356203009 56 736 62 406 63 467 61 455 60 192 59 396 58 128 57 565 55 702 64 384 67 384 65 281
5129 -1.465673156190217 -0.65226084674770424 1.3637897590396761 72 77 89 0.038064210627841093 8 479 10 392 5 458 2 360 4 360 7 116
2400 -0.64097030462913462 -0.1896740341721726 1.7022888191916059 106 108 111 0.33781620595752093 62 642 65 398 66 251
43 -0.78312397354088725 -0.23113819796734009 1.660810516394911 123 123 123 0.47406257897868004 56 738 62 414 57 567 55 462 55 857 53 447
5130 2.8120844114873709 -0.15055904194765754 1.9722848898226799 122 122 122 0.44031981788269636 8 380 9 476 10 418 11 360 5 481 2 383 4 383 7 160
44 -0.98145995682039811 -0.19185364427929832 1.7044837375700623 101 103 107 0.15975939343460699 56 762 62 526 63 496 61 492 60 481 59 420 58 421 57 592 55 865 53 851 54 860
5131 8.1278991495729844 1.4993256257149437 1.4575539285312853 25 25 25 0.39426515859477679 9 484 10 581 11 349 13 351 81 435 5 492 6 393 2 397 4 397
45 -0.98145995682039811 -0.19185364427929832 1.7044837375700623 101 103 107 0.15975939343460699 56 763 62 527 63 497 61 493 60 482 59 421 58 422 57 593 55 866 53 852 54 861
46 -0.97338626119984029 -0.19091740590949932 1.7033453164071655 96 98 103 0.23139591873368454 56 766 62 524 63 630 61 638 60 479 59 418 58 423 57 594 53 676 54 648 62 421
5133 -1.4389389354826303 -0.21625452757447639 1.7179158888873329 100 101 104 0.1453645395930126 8 418 10 466 5 536 2 285 4 285
47 -0.97338626119984029 -0.19091740590949932 1.7033453164071655 96 98 103 0.23139591873368454 56 767 62 525 63 631 61 639 60 480 59 419 58 424 57 595 53 677 54 649 62 422
5134 -0.6435936012677349 0.6699172291563783 2.3987671596126812 21 20 20 0.66579605712581957 6 154 12 306 5 563 2 467 4 467
48 -0.77510277195950006 -0.18931817620083113 1.6996059998884889 103 105 108 0.14517503373982632 56 772 62 520 63 619 61 631 60 470 59 408 58 412 57 587 55 723 53 857
5135 -3.677129209133096 0.4085575923274834 1.0490351778629838 113 119 137 0.32362210214378473 10 691 5 574
49 -1.0148991687677422 -0.098517528101215598 1.7840326326007219 119 122 120 0.063220925711309592 56 782 62 531 63 514 61 518 60 509 59 447 58 441 57 615 55 734 53 696 54 668 52 725
5136 8.1001799140479669 0.51809203488861044 -0.022008457951846673 0 0 0 0.34869513665215673 77 772 5 581 75 782
50 -0.99435825223439323 -0.098345000555832257 1.783463953937614 117 121 118 0.078124684175337009 56 783 62 528 63 507 61 511 60 506 59 444 58 438 57 611 55 735 53 699 54 672
5137 8.3353960706448937 0.64376362205045645 -0.023065021270856141 231 231 231 0.45608955712057153 75 784 77 777 5 593 7 363
51 -0.98233786696654446 -0.07025021184213108 1.8071663238992548 13 24 45 0.083065206627565016 56 796 62 535 63 638 61 523 60 515 59 452 58 446 57 324 55 747 53 873 54 701
5138 3.0425811095654138 1.3095171174306806 0.055803716835502323 69 69 69 0.72731640683124155 6 491 8 627 9 558 10 553 11 428 12 445 13 469 5 634 2 561 4 561 7 261 15 369 14 388
2409 0.78408075408059497 -0.78839951371324712 1.3661377756913085 140 140 140 1.020490322528312 64 579 67 579 65 477 66 327 68 322 72 404 69 343 73 585 71 585 70 375
52 -0.98231647005231537 -0.070182403642049793 1.8066390077639951 13 24 45 0.051728790689762653 56 797 62 536 63 639 61 524 60 516 59 453 58 447 57 325
5139 -1.3639411170560023 -0.48023749584893249 1.5099277537348028 74 99 80 0.17025192202674341 8 643 10 579 5 658 2 385 4 385 7 269
53 -1.0594575350882369 -0.024842087325855092 1.8474321505389717 69 72 79 0.1999912168395441 56 807 62 556 63 650 61 667 60 546 59 470 58 222 57 339 55 756 53 724 54 870 52 731
5140 -1.104451991324461 -0.43609594926064055 1.5271980315125571 92 98 102 0.15324134840134607 8 644 10 583 5 660 2 391 4 391 7 148
2411 -0.21788358270514807 -0.20211026615499764 1.9375192819090485 57 57 57 0.68608710435529818 62 838 65 490 66 336
54 -1.059538487019424 -0.024975703241080883 1.8474526257435993 69 72 79 0.16383641186744344 56 808 62 557 63 651 61 668 59 471 55 757 53 725 54 871 52 732
5141 -1.104451991324461 -0.43609594926064055 1.5271980315125571 92 98 102 0.15324134840134607 8 645 10 584 5 661 2 392 4 392 7 149
55 -1.014164539949451 -0.024750117068090605 1.8471778100840941 54 58 68 0.16062069024337083 56 809 62 552 63 646 61 664 60 533 58 466 57 778 55 882 53 877 54 872 52 734
5142 2.4324607711422672 0.098216340612389291 1.8445783957416746 59 62 72 0.31232871850002158 6 515 8 647 9 581 10 596 12 511 5 668
56 -1.014164539949451 -0.024750117068090605 1.8471778100840941 54 58 68 0.16062069024337083 56 810 62 553 63 647 61 665 60 534 58 467 57 779 55 883 53 878 54 873 52 735
5143 1.3098104432683129 -0.10477668962464723 1.9916624864806451 231 231 231 0.14503297574049914 6 522 9 587 5 680 8 534 2 417 4 417 7 286
57 -0.99384557563329723 -0.02453562260451228 1.8458943144682498 69 72 79 0.18159754805058981 56 811 62 548 63 644 61 660 60 529 59 466 58 465 57 634 55 758 53 879 54 874 52 736
5144 2.2590952737861763 1.9771233705983418 -0.0066273189287749312 0 0 0 0.057604116905619306 13 452 5 689 7 302
2415 0.78421793007081886 -0.75383713478393022 1.3727259120911153 141 141 141 0.87274759867782181 64 662 67 662 65 521 66 355 68 348 72 431 69 376 73 618 71 618 70 424
58 -0.9657299814993896 -0.024532281922769048 1.8451447894012361 75 78 84 0.13033900366155129 56 812 62 673 63 640 61 658 60 660 59 624 58 460 57 632 55 886 53 881 54 876
5145 -1.517280661772018 1.1299988383125379 0.3261543949070061 0 0 0 0.14793585424671615 8 546 10 645 5 706 2 618 4 618 7 451
59 -0.9657299814993896 -0.024532281922769048 1.8451447894012361 75 78 84 0.13033900366155129 56 813 62 674 63 641 61 659 60 661 59 625 58 461 57 633 55 887 53 882 54 877
5146 -1.3281965797039756 -0.087136653989908316 1.8189895916108716 123 123 123 0.17709661526362283 8 669 10 650 5 708 2 451 4 451
128 1.5912797609221605 -0.145944631407745 2.0114564329454923 117 120 118 0.18449935194710887 62 93 63 61 61 49 60 63 65 48 66 70 68 66 70 165 76 366
5215 -2.2233541712745444 -0.33624258478069163 1.6559597003035909 22 24 25 0.25736329658948348 5 373 10 475 2 291 4 291
2486 -3.5249058586522537 0.6086859303530836 1.4086130207578897 0 0 0 0.32225004555437414 47 592 43 349 46 338 44 314 42 302 45 331 41 266 39 338 40 338 119 89 118 88 124 58 125 77 127 72
129 -0.71929475950824207 -0.45263727436067186 1.4731934767880406 106 112 119 0.085399630073444685 62 103 63 62 60 36
5216 -2.3665887269361061 -0.34763588807672663 1.6533379884041977 77 79 79 0.084730544869517171 5 377 10 477 2 294 4 294
131 -0.73378598841116871 -0.44599166194875861 1.4801708233299959 9 36 44 0.16449558060868494 62 107 63 70 61 50 58 22 57 66 55 270
132 -0.75052779654081259 -0.44412282851048501 1.483344833757831 7 46 42 0.1653755635778478 62 112 63 71 64 66 67 66
2490 -3.6815826494475781 -0.040002477002755367 1.5374703052501408 103 109 125 0.99800020179262783 47 606 43 360 46 353
133 -0.78653477154543816 -0.44056831794690177 1.4887176895689254 121 121 122 0.24349617715122154 62 117 63 81 61 57
5220 -2.3266565151068832 -0.25317895684769426 1.7248976227760078 5 7 17 0.12978911389057646 5 398 10 486 2 302 4 302
135 -0.99649852414385254 -0.45446171694822446 1.4800374054985843 121 121 121 0.21329459371320125 56 157 63 98 61 69 53 237
5222 -0.8759992617424488 0.47805553658334837 1.75427593738654 231 231 231 0.6835463851700545 10 493 2 315 4 315 7 213
2493 -3.7171972343246518 0.25293353102904997 1.2003798387206133 120 126 144 1.7922868856576422 47 648 43 393 48 788 49 788 46 385 44 367
136 -0.99653073978663465 -0.45430265676923748 1.4796124354041387 121 121 121 0.18839606527986769 56 158 63 99 61 70 60 49 59 32 53 236 54 248
5223 -2.7422920815182206 -0.15821002701732476 1.9832306429062383 9 9 9 0.031478784910528246 5 409 2 323 4 323 7 78
137 -0.72259732062045812 -0.3949831381841904 1.5246941293448384 119 119 120 0.043117837809507356 62 123 63 107 64 83 67 83 65 66
5224 -2.2792625987478288 1.3578563231040479 0.75909977012909302 59 62 72 0.56244772068764759 5 410 10 354 2 329 8 304 4 329 7 231
2495 -2.9199420712586646 0.59893377384091862 1.7420222920713668 87 81 78 0.53620499664648102 47 654 43 402 46 407
138 -0.74307363602130228 -0.39464605351883408 1.5250638900168327 120 121 121 0.093959939029074277 62 128 63 108 59 61 53 329 64 87 67 87
5225 -4.3599491885843218 1.1361497907361933 -0.15254880767635373 79 83 96 0.1756044648278037 5 137 2 335 4 335
139 -0.75233580228675667 -0.39523008606610621 1.5248929727859293 121 122 122 0.12119898129789346 62 129 63 111 55 330 64 92 67 92
5226 -1.9398135826677307 -0.8575538432371671 1.2159345794688223 56 61 72 0.27376661008249786 5 580 10 699 2 338 4 338 7 92
140 -0.77021056458092252 -0.3954511633149857 1.5258885216152738 119 120 120 0.029892114732540376 62 132 63 116 61 83
5227 0.75964952265712526 -0.76422979478592001 1.4063176039344267 138 138 138 0.11169845346102923 5 434 8 465 9 435 10 365 2 339 4 339
141 -0.75468756234472456 -0.38991569161656658 1.5277609841813298 121 121 121 0.076551031623315516 62 135 63 121 53 335 64 99 67 99
143 -0.70455114216117265 -0.28517241407120597 1.6161212113648771 122 122 122 0.18454098088831675 62 141 63 182 59 144 58 96 57 200 55 683 53 395
5230 0.75553710553228814 -0.68162365242610568 1.5088877242080512 138 138 138 0.15556565803920214 6 479 2 355 10 541 4 355
144 -0.69577755919306838 -0.26800732906789682 1.6287849375779269 119 120 120 0.10670203963876115 62 143 63 184 61 128 59 156 53 416 64 117 67 117 65 221
145 -0.76274013224885129 -0.27915372722935705 1.6224231285312418 25 33 51 0.11929383310265662 62 145 63 187 61 130 60 174 59 155 58 104 57 208 55 415 53 394 64 121 67 121 65 223
5232 1.6669901295744805 -0.1564928988053339 1.9529939689890183 121 121 121 0.3433060196632865 6 518 8 525 10 594 12 469 2 400 4 400 7 280
2503 -4.4268545174478238 0.77919160470674997 1.1689545908197727 60 64 74 1.1026572169681723 43 86 47 285 46 58 42 36 45 30 41 25 39 27 40 27 38 22 35 14 34 14
146 -0.77501564530307165 -0.28155654169063454 1.6224173195593552 122 122 122 0.081895512483139504 62 394 63 188 60 173 59 153 64 288 67 288
5233 -1.9190345342059802 -0.48621251669360371 1.5094840305552082 3 4 5 0.61294937755089529 5 671 10 605 2 401 4 401 7 171
147 -0.72668839756351278 -0.26602819123753774 1.6340126608459882 19 36 48 0.11922674464915828 62 148 63 193 65 226
5234 -1.8356151692947356 -0.47954582365279552 1.5370281343008994 25 74 40 0.058888655552027214 5 675 10 607 2 404 4 404
2505 -4.237052202397984 -0.21018736553082673 1.9860377033814227 10 10 10 0.074338112628237182 51 532 46 99
148 -0.69322205789984015 -0.2518919869694482 1.643612271663762 47 52 63 0.11521585798622476 56 405 63 195 61 140 58 111 57 233 55 444 53 434 64 292 67 292 65 96
5235 -1.9248363173309102 -0.46138861577277174 1.5572310656339396 21 23 23 0.20481355000051724 5 684 10 615 2 413 4 413
149 -0.68751365570772638 -0.24294035988597312 1.6529172553212774 10 54 42 0.11623074207592753 56 421 63 201 58 116 64 299 67 299 65 231
5236 -1.8447138409801671 -0.46005458183464248 1.5750782872739937 64 67 68 0.39462232811645831 5 514 10 616 2 416 4 416 7 176
150 -0.68317120714702873 -0.23951257301968909 1.6571444925938672 12 90 38 0.28227660751541722 62 403 63 202 61 149 60 185 59 174 58 120 56 425 55 461 53 454 64 301 67 301
5237 -2.1288412066762485 -0.45815419502637877 1.5609346745156047 92 93 92 0.083106193748926388 5 519 10 622 2 424 4 424
151 -0.68083068033706007 -0.23491847565244264 1.6590192830018891 21 34 48 0.12473073864547948 62 156 63 204 61 152 57 257 55 464 53 458 64 138 67 138 65 103
5238 2.2024464212870565 1.9796022045993529 -0.027384810890371841 0 0 0 0.33371755466380698 6 271 2 426 4 426
152 -0.75382842995249921 -0.25159514320113952 1.6468369591701344 38 44 58 0.16192228527978672 62 407 63 205 61 153 60 184 59 172 56 717 58 392 57 235 55 691 53 837 64 304 67 304 65 239
5239 -2.18565020773333 -0.44461873118769807 1.554945161946885 92 94 93 0.17937113945761862 10 623 2 427 5 522 4 427
153 -0.78295870758431096 -0.24680408775674603 1.6472450593387671 110 116 123 0.069369728486743068 62 161 63 210 64 143 67 143
5240 -2.2274740846795029 -0.41787918316264988 1.5935928679621734 97 97 97 0.11133789270890625 10 634 2 432 5 698 4 432
2511 -2.8751864977247927 -0.18478001897205873 2.1326151677864109 7 23 42 0.23392407791624051 48 462 49 462 46 198
154 -0.79756255521977626 -0.24386216263129826 1.6531811678118193 16 31 48 0.077139276472818458 62 163 63 213 61 167 60 203 59 186 58 134 55 446 53 426 64 150 67 150
5241 -2.2648312856717352 -0.40636736934853046 1.595715283599338 98 99 99 0.13638312109198758 5 532 10 637 2 435 5 699 4 435
155 -0.78592419476751041 -0.24079191091083926 1.6581728338915365 12 89 38 0.069094167534578421 62 165 63 214 61 168 58 141 55 454
5242 -2.2772993101582308 -0.39746513128624095 1.6095201028368031 99 100 100 0.10767406813676081 5 534 10 638 2 438 4 438
156 -1.0562416630748084 -0.30362557197244178 1.6092636875271451 37 94 52 0.15948817008264146 56 331 63 220 60 189 59 162 54 370
5243 -2.3068267187495928 -0.38709978799523581 1.6148444333141991 98 99 99 0.051749504889457343 5 537 10 641 2 440 4 440
157 -1.0562219297538535 -0.30375408044731067 1.609364043205189 37 94 52 0.19979216631809482 56 332 63 221 60 190 59 163 54 371 61 172
5244 -2.366339499430834 -0.31661594894190398 1.6769577086792395 72 74 75 0.10560238622546009 5 547 10 658 2 447 4 447
158 2.5612787256942706 0.59831832888002123 2.5398961444275248 126 126 126 0.37631921594237905 62 159 63 226 61 186 65 92 68 81
5245 -3.6327702265215751 0.32159110673050584 1.005313826550519 108 114 131 0.19266953929499708 5 741 2 472 4 472
159 -0.99131206471423172 -0.24948030857118944 1.6604299721954061 121 123 121 0.045765574776775404 62 183 63 240
5246 7.8905004917748842 -0.8912811959124286 0.80199367705525049 231 231 231 0.13872547851820183 74 543 2 498 4 498 7 349
162 2.2305647783046507 0.64771727755223252 2.5951784844941339 122 122 122 0.027697572895199311 62 179 63 248
5249 -0.83370592751099681 -0.78190960410339849 1.2355947589893213 87 89 95 0.072143341837477185 5 596 8 609 10 523 2 514 4 514 7 237
2520 -3.5337445996044141 0.48609566063864179 1.4655680490380234 0 0 0 0.79612905298126824 48 642 49 642 46 255 50 705 42 250 45 290
163 -0.98535426222308109 -0.21299942259744667 1.6873649860217252 120 120 120 0.058934075488069615 62 189 63 252 61 210
5250 -0.83541109155653803 -0.74171589412656447 1.2532188211295265 70 75 79 0.80126485320372376 5 779 8 687 10 707 2 516 4 516 7 238
164 -0.96803653892209418 -0.20307626435800416 1.6930621665086496 122 122 123 0.088171656071773602 62 191 63 253 61 213 57 280 54 445
5251 0.67326907743321984 -0.72954399846096274 1.4182373351635562 0 0 0 0.1329829453105606 5 603 8 611 9 540 10 708 2 523 4 523 7 243
165 -0.97464985249302505 -0.20431447393844757 1.6916983831470644 123 123 123 0.11679746919880291 62 192 63 255 61 215
5252 1.1591533529263254 -0.70142775712499961 1.503623943177576 0 0 0 0.51437266375212698 6 610 8 690 10 782 2 530 4 530
2523 -4.2641263410453769 -0.12307195392175947 1.9612464414464192 231 231 231 1.6314943129654587 43 318 47 379 46 276 45 311 41 256
166 -1.0630405615140068 -0.21559464028789271 1.6880663974817798 122 122 122 0.14800097242850577 56 434 63 262 61 219 60 241 59 226 53 432
5253 -1.9140389914942988 -0.63131114243585573 1.4124748198999002 91 92 93 0.43228741185472586 5 633 10 555 2 557 4 557 7 259
167 -1.0587968557227676 -0.21252627212814654 1.6877174341401864 41 46 59 0.099896521565278132 56 443 63 264 61 221 60 244 59 229 58 169 53 436 54 424
5254 -1.8524790598351428 -0.60895772816000004 1.4338049366590866 90 92 92 0.23228716393911153 5 637 10 561 2 560 4 560 7 393
168 -1.0242751264906202 -0.10673609548234447 1.7760721621481592 30 47 52 0.1285512323728597 62 428 63 275 61 248
5255 2.2667554300902446 0.81643038295168446 1.2829999337903981 0 0 0 1.8137393323971098 6 414 8 652 9 589 12 389 2 600 11 381 13 453 4 600 7 437 14 303 14 394
169 -0.99997056955270158 -0.09522726866338449 1.7865137720068829 22 91 42 0.076466662842412991 62 201 63 277 61 249
5256 1.8165451567577688 2.2030118967032681 -0.15312682100543729 103 109 125 0.48838260590154742 11 457 2 613 4 613 7 444
170 -1.0094130002254238 -0.095122144021134641 1.7865481776889049 19 91 41 0.11041313620401717 62 202 63 278 61 250 53 476 54 457 52 374
5257 -2.3317691113328851 -0.36815469732142064 1.6428320576701567 18 85 38 0.088225848010125896 10 747 2 617 4 617
171 -1.0043380470807806 -0.070704342501183931 1.8050072569806734 12 90 38 0.27576958634203297 62 436 63 282 61 258 60 291 53 488 54 469 52 384
5258 -2.3165201085241272 -0.30466705113746406 1.6899435122604154 15 17 18 0.23282507343641229 5 710 10 750 2 620 4 620
172 -1.0043380470807806 -0.070704342501183931 1.8050072569806734 12 90 38 0.27576958634203297 62 437 63 283 61 259 60 292 53 489 54 470 52 385
5259 -1.3814173391184483 -0.088221548018519516 1.8231202754809184 41 93 54 0.79231986676748312 8 555 10 836 2 624 9 605 4 624 7 311
173 -1.0148433414856821 -0.066820752290880969 1.8116345758588219 121 121 122 0.13483877371372191 62 216 63 284 58 207 54 472
5260 -1.3677692578322747 -0.089551338490296867 1.8283603804665283 41 93 54 0.60722666263269043 8 554 10 835 2 625 4 625 7 312
174 -1.0479168046223932 -0.074509576943940156 1.8028959135215739 121 121 122 0.10047680507562678 62 218 63 285 61 260 60 293
5261 -3.241152107255433 0.91531402080348157 0.079561315583563386 0 0 0 0.34013331281649634 9 669 2 636 4 636
2532 -2.6875360131306856 -0.20977952039455336 1.7231516966937701 231 231 231 0.07297179605282722 43 409 46 403
175 -0.97725801686235236 -0.019511607551561214 1.8493012150373205 121 121 122 0.21194991313360467 62 225 63 286 61 269 58 220 55 518 53 504 52 409
5262 -3.627816620041818 0.18326849054058444 1.2542586753406055 6 19 42 1.5922033676337255 8 444 2 662 4 662
2533 -3.3909743421579224 -0.18705860848320546 2.1206808783363251 9 21 43 1.5194971359486993 53 810 54 802 52 504 50 505 48 324 49 324 47 214 43 134 46 126 53 958 52 785 48 498 49 498 46 182 44 118 44 163 46 60 42 92 42 221
176 -1.0170951806589272 -0.029771261437404353 1.8435029787808883 120 120 121 0.14834307685378401 62 226 63 289 61 274 56 502 60 297 57 338 53 495 54 476 52 394
5263 2.5142720592996208 1.4538364861226216 -0.0060917792732452236 0 0 0 0.49558482593784536 88 450 89 492
2534 -3.5121978564107166 0.54990078496228845 1.8640693843903222 0 0 0 1.1185973837760621 50 679 51 794 48 610 52 895 49 610 43 158 46 139 43 232 47 184 44 241 42 50 42 190 45 237 41 62 41 184 39 216 40 216
177 -0.95951974290058184 -0.0058359450655840429 1.8630817591990059 97 100 105 0.095890626877138938 62 228 63 290 61 537 59 287 57 346 53 509 54 718
2535 -4.2796491385391446 0.21971718517426558 1.5591915390247146 59 63 73 0.38775797207767154 47 27 48 296 49 296 50 251 44 1 45 2 39 65 41 50 40 65
178 -1.0162308891330358 -0.019712454015262657 1.8489720996579788 122 122 122 0.17742695968480934 62 230 63 292 60 303 58 221 57 340 53 500 52 401
5265 -3.4014036151962541 0.90406677694349247 1.2920896858624287 60 64 74 0.42426370765737165 5 768 2 689 4 689 7 502
179 -1.0413011574494342 -0.026549497025456743 1.8456973377780803 120 121 121 0.10073833374224454 62 232 63 293 52 391
5266 -3.386120491819316 0.94111861468639779 1.3371886373541932 60 64 74 0.86560518548556442 5 770 10 767 2 690 4 690 7 328
180 -1.0759381266497536 -0.020342021557684067 1.8512171007092821 122 122 123 0.16020629880914755 62 240 63 300 61 282 60 307 58 225 55 517 54 475 52 388
2538 -3.36539477494243 -0.20017039321381891 2.1360802104027772 35 85 44 0.11531760514183442 50 258 44 23 42 47
181 -1.0810220401377295 -0.0075302092992698463 1.863162889810847 93 97 101 0.23468996713948787 56 516 62 458 63 301 61 288 59 295 60 315 58 233 57 356 55 523 53 502 54 482 52 395
5268 7.4428032466295644 0.70081025582440981 -0.20755992062169931 59 62 72 0.29786491905634344 10 771 78 849 2 705 5 848 4 705 7 531
182 -1.0810220401377295 -0.0075302092992698463 1.863162889810847 93 97 101 0.23468996713948787 62 459 63 302 61 289 56 517 60 316 59 296 58 234 57 357 55 524 53 503 54 483 52 396
5269 -0.72540408131810541 -0.78268245047252871 1.2327105446229756 10 21 45 0.23409461722164801 5 777 8 682 10 774 2 708 4 708 7 359
183 -1.1037649447843507 -0.007903152048291737 1.8645660710569134 95 97 102 0.19971085446775247 56 514 63 306 61 291 60 319 58 239 57 358 55 519 54 477
5270 -1.1504857761123375 -0.64870125996170747 1.355139857253197 79 84 96 0.086669213089356073 8 771 10 783 2 714 4 714
184 -1.1038576470210673 -0.0078911500854480648 1.8641491948844189 95 97 102 0.175878284576233 56 515 63 307 61 292 58 240 57 359 55 520 54 478
5271 -1.9419141871762593 -0.61211029491354463 1.4277464928588937 0 0 0 0.52541319621462723 5 875 10 796 2 723 4 723 7 394
185 -0.44624266515109023 0.67917856757071549 2.4451409412374074 0 0 0 0.68052237767422363 56 521 63 315 58 501
5272 -1.9489772792919864 -0.40739608162702257 1.5926566472500265 4 9 23 0.22719164089925775 5 812 10 826 2 745 4 745 7 434
2543 -3.521829995996697 0.63288811504669673 1.3958685257179324 228 228 228 0.26614958855020432 43 155 45 186
186 -0.73839280236264981 -0.61850902658389773 1.3362011685294586 94 100 111 0.11493242384288156 62 282 63 320 64 194 67 194
5273 -2.2300994617438188 -0.28815447805995675 1.698117652792192 4 8 20 0.12907544240400121 5 920 10 839 2 750 4 750 7 450
2544 -3.065498660314335 1.0312069983081646 1.3703213850751113 61 64 75 0.54756095275380312 43 114 44 87 42 24
187 2.5431843097969407 -0.12751986182680167 2.1047198815766026 10 10 10 0.79349289045399041 62 307 63 339 64 216 67 216
2546 -3.4309473434770887 -0.17079263642969772 2.1261708123941498 9 9 9 0.30797469558869811 50 411 51 458 44 117
189 2.2404438852356137 -0.122490843455243 2.010787860629474 9 9 9 0.7956154794766348 62 316 63 354 65 171 66 125 75 450
5276 -1.8035608780248127 -0.89157756324777304 1.2210020453126147 12 24 46 0.30862141190706011 5 846 10 770 2 790 4 790 7 354
190 2.1511250191897231 -0.12032201076908382 1.9648736374601203 9 9 9 1.1540229960370056 62 317 63 355 65 172 66 126 68 156 64 228 67 228
191 2.2144627203868072 -0.12297855048287169 2.0163883414555768 10 10 10 0.51047024142811881 62 318 63 356 65 173 75 451
5278 -0.68175569353079257 -0.71514728600067323 1.3109996244095292 21 35 62 0.09204316847521464 5 861 8 767 10 780 2 804 4 804 7 540
2550 -3.6007097115244706 -0.18081749982953885 1.6043617529910781 97 103 118 1.3483943417865742 51 541 44 134 50 463 52 610
193 2.0401115181797129 -0.14167087135308618 2.0262175570450913 9 22 43 0.091142345547837691 62 325 63 363 61 357
5280 -1.4728672489535062 -0.70757627935593059 1.311991800246918 9 27 57 0.11949735954993505 5 863 10 866 2 806 4 806 7 543
194 2.0700608396415103 -0.12215371638031704 1.9886636923217225 10 10 10 0.30131523127272591 62 326 63 364 61 358
5281 2.8295276055018679 0.3122811704641783 1.4614727795232711 102 108 124 0.62636316726754582 9 639 11 531 2 831 4 831 7 564
2552 -3.5244378186096998 0.61121579295140671 1.3721043652589964 228 228 228 0.34476918009702529 43 216 46 205 44 188 45 179 41 125
195 2.0922582324600376 -0.1240960891760262 2.0156046536059526 9 9 9 0.39713321769046772 62 327 63 365 61 359 64 232 67 232
5282 -1.9350002457596098 -0.51129993852553646 1.4884480837010228 4 5 6 0.38260523858808942 10 893 2 835 4 835
196 1.9799246005761491 -0.12561180262636637 2.0312921147963161 9 9 9 0.46982019030634525 62 335 63 377 61 368 64 241 67 241 65 188
5283 -1.9308744036941536 -0.44072052894129077 1.581393968946889 63 65 67 0.2813836846022843 5 904 10 895 2 850 4 850 7 576
2555 -3.0148567187478226 0.63352342808636797 1.8511254002849646 75 79 91 1.1596476435380041 47 501 44 214 42 201
198 -0.74539761687071437 -0.47576045491207108 1.45516972895293 124 124 124 0.070204986902965671 62 351 63 379
5285 -2.2433482526590818 -0.31992989642461606 1.6698403710769301 76 78 80 0.092485121663966691 5 974 10 911 2 859 4 859 7 676
2558 -3.5232824510644938 0.62106388682111435 1.4065083660686386 0 0 0 0.2600570247171991 47 495 44 232 41 211 39 257 40 257 38 207
201 -0.7091515849425688 -0.46924557262715105 1.4636872599406703 124 124 124 0.029645750263202791 62 354 63 384 64 258 67 258
5288 -1.7753838626500298 -0.855934316159916 1.2220600464641016 111 117 112 0.03834720958154611 5 1011 10 938 2 899 4 899
2560 -3.1280098699795342 0.18843862220934887 2.3606096915775767 5 5 5 0.070397242353263279 43 277 44 249
203 1.5589693625824206 -0.17353049886711883 1.9971395550407489 123 124 124 0.95585557848237479 62 489 63 393 64 44 67 44 66 144 68 165 72 176 69 47 77 480
5290 -1.4967663192165928 -0.77518317593122099 1.2390641391737254 3 13 38 0.1080127319210894 5 1015 10 940 2 904 4 904 7 629
205 -0.724379382719881 -0.45275437993013445 1.4728665521805551 9 26 44 0.10158455079083127 56 575 63 406 61 582 60 358 59 328 58 267 57 410 55 793
5292 7.8811433472488712 0.84212172283231312 0.097546535536843879 231 231 231 0.67174856446443176 5 946 8 827 10 861 75 963 77 985 78 908 2 909 4 909 7 711
206 1.5435502711601936 -0.12566728776340019 1.9976509270005869 9 9 9 0.40013982057141917 62 359 63 410 61 401 60 388 64 259 67 259 65 202 68 168 70 194
207 -0.73750642171534064 -0.44290762037980502 1.4836842202554184 124 124 124 0.09203193255182554 62 496 63 414 61 397 60 364 59 330 58 278 57 421 64 361 67 361
5294 0.8366489670274706 -0.69905232436750309 1.4873521237128848 138 138 138 0.081613176669142876 5 1020 8 830 9 788 10 945 2 911 4 911
2565 -3.5693101872480795 0.41289952975056787 1.4335803723813407 228 228 228 0.40202897531891735 43 325 46 313 50 769 44 309
208 -0.73747445577943849 -0.44283660773644096 1.4832021504350932 124 124 124 0.13093317939513296 56 587 63 415 59 331 55 600 64 362 67 362
5295 -0.8357065462255423 -0.69212080046313962 1.3615918302723873 109 111 114 0.04968544692332387 5 1022 8 834 2 917 4 917 7 712
212 -0.78164027713873219 -0.43055607221544434 1.4938766217840866 124 124 124 0.19069430024647582 62 371 63 424
5299 -2.0585740405371009 -0.44046452789308499 1.5709790353950046 14 16 17 0.068016773025360633 5 965 10 958 2 942 4 942
213 -1.0172346327161204 -0.46808767187701422 1.4679985270830955 112 118 124 0.14489271387091351 56 554 63 427 61 414 60 367 59 333 58 270 57 400 55 579 53 558 54 559
214 -0.76859899105323604 -0.41918111137888497 1.5048617741634378 124 124 124 0.07634087442611541 62 374 63 429
5301 -4.4118270904078836 1.1337126262336596 -0.23839047661881632 112 117 135 0.61304772693248 5 999 2 972 4 972
215 -1.0354402106009732 -0.46852682813812951 1.4691543019711413 112 118 124 0.21443123062818356 56 552 63 431 61 416 60 371 59 335 58 274 57 403 55 577 53 556 54 557
5302 -4.4118270904078836 1.1337126262336596 -0.23839047661881632 112 117 135 0.61304772693248 5 1000 2 973 4 973
216 -1.0354402106009732 -0.46852682813812951 1.4691543019711413 112 118 124 0.21443123062818356 56 553 63 432 61 417 60 372 59 336 58 275 57 404 55 578 53 557 54 558
5303 -2.9169020582255745 0.87176665479350446 1.4398198270038061 86 80 77 1.3304873794897312 5 1098 2 974 4 974
217 -0.69701346735482805 -0.37259047656582528 1.5429554897671836 96 99 104 0.082048847073397949 62 501 63 444 61 427 60 402 59 357 58 323 64 369 67 369 65 268
5304 -1.6720188430463674 -0.82420360534416648 1.2715964788225922 6 19 42 1.291238955077199 5 1014 10 939 2 977 4 977 7 704
220 -0.68694765365259802 -0.27211043067572643 1.6278531892024048 13 38 44 0.27381863984892429 62 388 63 457 61 446 60 166 59 384 58 383 65 219
221 -0.77675123871520546 -0.28797491974131811 1.6124998286869801 122 122 122 0.10036188830951863 56 681 62 390 63 458 61 447 64 285 67 285
5308 2.688462642264529 1.9271713540518647 -0.42341239569249794 59 62 72 0.60433225636528975 8 865 12 670 2 1029 9 793 9 817 4 1029 14 518 16 445
222 -0.78750160135061342 -0.28460032151006709 1.6202266774338676 123 123 123 0.10444271917730601 56 686 63 460 61 450 60 450 59 385 58 381 57 546 55 681 53 632
5309 -4.385410179248713 1.1151199771017242 -0.16996927671332479 79 84 96 0.92744002476189313 5 1123 2 1046 4 1046 7 761
223 -0.67485727399594875 -0.23481694079866053 1.6587099942634866 122 122 122 0.053973397776539055 62 405 63 465 61 151 60 186 59 179 58 127 64 303 67 303 65 237
5310 -3.4985263018803456 0.88089563494848533 1.3205255117983199 111 117 134 0.36812647430806122 5 1099 2 1047 4 1047 7 805
224 -0.77980143936150903 -0.23632459042456902 1.6584388558555845 11 47 43 0.37835531713346837 62 412 63 476 61 465
5311 -1.7752217015578862 -0.50575982250044937 1.5098104066194675 3 6 19 0.13685086519658557 5 1106 10 1028 2 1055 4 1055 7 818
225 -0.79688430651581832 -0.2363006673633703 1.6601840905257927 19 40 47 0.071465881551998706 56 735 62 413 63 477 61 466 60 463 59 189 58 402 57 260 55 701 53 662 64 389 67 389
5312 -2.4126449133591414 1.4117476580873001 -0.34021499424215251 231 231 231 0.82060968496334019 5 1111 10 1046 2 1057 4 1057
226 -0.7531483206156302 -0.20347176541589868 1.6870759523480814 122 122 123 0.10915911113717142 56 448 62 419 63 483 61 187 60 215 59 217 55 483 53 678 64 316 67 316 65 284
5313 -3.4474925164678716 0.83519595326528162 1.3429930227157938 59 62 72 0.37343301676414148 10 1039 2 1068 4 1068
227 2.2169088201364482 0.57422543325692577 2.5036189879407433 124 124 124 0.47070220553235892 62 415 63 487 61 478 64 307 67 307 65 238 66 166 68 186 76 371 75 316 10 118
228 -1.0557791788263893 -0.19194329738556745 1.7067653308431137 90 93 99 0.099524600608280347 56 465 63 501 61 496 60 489 59 425 58 181 57 599 55 482 53 671 54 645
5315 -1.4663435777847464 1.7381803426564777 -0.36763361235433978 231 231 231 0.46341424821182803 11 463 12 398 13 458 10 643 8 545 5 539 9 504 2 295 10 468 12 274 8 417 9 401 4 295 15 262 14 371 16 284 17 309 18 275 19 224 21 156
229 -1.0676729853519324 -0.19161460072092815 1.7050652770570824 94 97 102 0.12508303815464247 56 462 63 502 61 497 60 490 59 241 58 182 57 297 55 716 53 668 54 642 52 542
230 -1.0677699830383107 -0.19161358437598039 1.7050560494302545 94 97 102 0.089409657533952747 56 463 63 503 61 498 59 242 57 298 53 669 54 643 52 543
231 -0.98513556901371047 -0.10660346112297334 1.7791548274206417 25 46 49 0.10778444681964341 62 423 63 506 61 507 60 280 59 261
5318 2.0472111058178393 2.3479355993844573 0.11958598602622203 59 62 72 0.096599224298580991 2 1090 9 840 4 1090
232 -0.99435825223439323 -0.098345000555832257 1.783463953937614 119 122 119 0.078124684175337009 62 529 63 508 61 512 56 784 60 507 59 445 58 439 57 612 55 736 53 700 54 673
233 -1.0047431477023521 -0.098463837472833396 1.783608828575471 120 122 121 0.072186463290211014 56 472 62 430 63 510 61 516 60 282 59 263 58 196 57 309 55 496 53 698 54 670
234 -0.98545716674044537 -0.091667419354348245 1.7947364516169981 26 53 49 0.32440003455305272 62 431 63 511 61 653 56 941 60 283 60 770 59 621 60 658 58 631 57 767 55 877
235 -0.98541641822585113 -0.091595095664110573 1.7947237038216797 26 53 49 0.31377798337053819 62 432 63 512 61 654 56 940 60 284 60 769 59 620 58 630 57 766 55 876
236 -1.0148991687677422 -0.098517528101215598 1.7840326326007219 120 122 121 0.063220925711309592 62 530 63 513 61 517 56 781 60 508 59 446 58 440 57 614 55 733 53 695 54 667 52 724
237 -1.0537485154704938 -0.09710931163047487 1.7859054102525944 39 94 55 0.163472724988243 56 785 63 517 61 657 60 511 59 449 58 443 57 617 55 732 53 694 54 866 52 722
238 -1.0075039118867979 -0.079709723102738786 1.8007479412730862 123 123 123 0.18022384704878261 62 534 63 521 61 521 60 513 59 451 53 701 54 687
5325 7.3644165079346076 1.510190773116602 -0.75222768291341136 231 231 231 0.6788015852694429 2 520 5 600 9 432 79 841 4 520 80 807 82 642 78 854
239 -0.99359895139907339 -0.07501189745113078 1.8057080121068703 123 123 123 0.18661739523420717 56 791 63 522 61 522 60 514 58 445 57 621 55 744 53 710 54 694 52 581
240 -1.0240367963129442 -0.070793080923165497 1.8078229195466937 40 45 58 0.1663553912624276 62 438 63 524 61 526 60 517 55 745 53 708 54 692 52 579
5327 2.7432449732335602 -0.055172687207896608 1.9345717915138274 5 5 5 0.55397395516117354 2 736 6 508 8 639 11 496 4 736
241 -1.0240367963129442 -0.070793080923165497 1.8078229195466937 40 45 58 0.1663553912624276 62 439 63 525 61 527 60 518 55 746 53 709 54 693 52 580
242 -1.0315709308147751 -0.070605411230647966 1.8081298055035353 123 123 123 0.12026730082470707 56 497 63 526 61 528 60 519 59 268 58 202 57 328 55 505 53 707 54 690
5329 7.5509340513178271 -0.16841556714864001 0.84058725358853104 231 231 231 1.4405875041503604 5 852 8 760 10 773 77 887 2 795 4 795 75 917 5 938 74 724 76 889 77 930 7 624
243 -1.0384467333833376 -0.070554663516989857 1.8086216824638954 31 37 53 0.15957348239796407 56 494 62 440 63 528 61 261 60 294 59 270 58 205 57 326 55 503 53 481 54 465 52 577
5330 2.4700581431278428 0.23154867343625218 1.6265329578713641 130 130 130 0.60402159025535251 11 582 12 611 13 580 10 890 8 796 9 713 5 894 2 839 4 839 72 447 73 626 71 626 74 783 75 979 77 971 79 962 80 920 82 851 7 663
244 -1.0384467333833376 -0.070554663516989857 1.8086216824638954 31 37 53 0.15957348239796407 56 495 62 441 63 529 61 262 60 295 59 271 58 206 57 327 55 504 53 482 54 466 52 578
245 -1.0579552346779233 -0.070838656405156741 1.8088394067759139 124 124 124 0.10545930460977872 56 491 63 532 61 532 60 523 59 274 58 208 57 330 55 501 53 704 54 681 52 573
5332 -3.8896888664574893 1.4877644245056136 -0.51235631835146889 67 67 67 2.2665759873216387 2 775 5 1085 4 775
246 -1.0651537687573722 -0.070789950539150243 1.809528961293277 45 50 61 0.17823933255401406 56 794 62 444 63 533 61 533 60 524 59 454 58 450 57 625 55 740 53 702 54 679 52 726
247 -1.0651599490797798 -0.070743056017590122 1.8094831285996775 45 50 61 0.17392908980252708 56 795 63 534 61 534 60 525 59 455 58 451 57 626 55 741 53 703 54 680 52 727
248 -0.99846509145306506 -0.030798685652489454 1.8410062658934498 123 123 123 0.20152577558938223 56 800 62 447 63 535 61 536 60 528 59 281 58 219 57 337 55 512 54 705 52 583
5335 -0.90042499960597455 -0.79966393734204022 1.2237889516826785 40 43 50 0.083340428617469681 2 12 4 12 5 155 7 4
249 1.2184207149510573 0.78827536529191844 2.7628748599071167 231 231 231 0.27452862538525685 62 442 63 539 61 281 59 498 58 498 64 319 67 319
5336 -1.4302156670697035 -0.76267274287019426 1.275710944072223 39 45 62 0.46911666512155542 2 178 4 178 5 435 7 9
250 -1.052914218574428 -0.0077186299069655889 1.8630451642543797 99 101 105 0.12447039315968242 62 456 63 544 61 284 60 313 58 231 57 351 55 525 53 505 54 708 52 586
5337 -1.4319457352676679 -0.72274486553180362 1.2766190790503167 32 41 64 0.085821995140670182 2 187 4 187 5 185 7 11
251 -1.0529149048829181 -0.0077172189889135497 1.8630110601364391 99 101 105 0.12651866967809325 62 457 63 545 61 285 60 314 56 518 59 291 58 232 57 352 55 526 53 506 54 709 52 587
5338 -2.497917344406166 -0.77265810957361036 1.3033052233660904 78 80 85 0.43293651160034807 5 197 7 17 2 35 4 35
252 -1.0731324611741906 -0.0089276616239674454 1.8609553961557002 98 101 105 0.17490488112495206 62 565 63 548 61 556 60 555 56 819 57 350 53 501 54 484
5339 -2.3201054424023204 -0.74069366423193328 1.3209695660546275 81 82 87 0.30698750385651746 2 197 4 197 5 453 7 20
253 1.2932732409129171 -0.29683375039546805 1.9461763944005115 0 0 0 1.7125512712751361 62 485 63 564 64 223 67 223 74 110 76 106
5340 -1.9390456824187337 -0.62355664084277451 1.3905473587257706 8 20 43 0.59434436011987901 2 211 4 211 5 44 7 27 10 45
255 1.5387189073773784 -0.14500554675528762 2.0098735007329633 8 22 43 0.21887178619611927 62 491 63 571 61 588 60 572 64 352 67 352 65 261 66 162 68 180 72 180 69 198
5342 -1.0868905806757219 -0.47627412767324817 1.5008627621346571 90 95 100 0.061113238102758836 2 231 4 231 5 258 7 36
256 2.0733613596495366 0.098288717975934359 1.9345874064033577 106 112 128 0.058485717560499778 62 497 63 575 64 363 67 363
5343 3.9104481836980747 1.2509561297996583 0.38855847288877632 102 107 123 0.25428389969137855 5 247 12 221 13 254 7 39 15 223 14 210 14 275
257 -1.0050926131260303 -0.43648698041399903 1.4948743996335343 112 118 124 0.13982350380896266 56 595 63 578 61 594 60 573 59 345 58 293 57 435 55 598 53 774 54 770
5344 -1.2913847310674196 -0.21785171370674161 1.7410546435736798 100 101 103 0.10127693570735219 2 112 4 112 5 90 7 58 10 101
549 -0.72453832811664565 -0.3727306798158469 1.5427556907174942 95 98 102 0.11903555797517612 62 383 61 430 60 406 59 359 56 660 58 325 57 490 55 651 65 270
5636 5.502030985377008 1.6926185730678285 -0.53187577677503939 231 231 231 1.7955341842522261 101 192 99 237 102 201 100 202
550 -0.79057139145645849 -0.37304309028436655 1.5436844350706607 92 95 100 0.17101307669134116 56 651 61 432 60 415 63 137 59 362 58 332 57 493 55 645 53 616 64 377 67 377
5637 4.8232024119499863 1.1561674559551403 0.040138973471209795 68 67 67 0.30988352822463577 96 180 99 245 100 177 105 177
551 -0.79063827278238874 -0.37306743511301399 1.543577802234102 92 95 100 0.14668419021524884 56 652 61 433 60 416 59 363 58 333 57 494 55 646 53 617 64 378 67 378
5638 4.0790246784667561 2.0057569958579138 -0.55759493661814696 14 14 14 1.0323980480174415 101 337 99 267 102 207 105 169 112 249 100 211 110 207 106 207 108 178 111 170 114 237 115 196 116 240 119 597 123 562 118 504 122 467 117 207 121 374 120 347
552 -1.045732740163932 -0.39517295949907882 1.5337618568360234 123 123 123 0.27533524590829295 63 450 61 437 60 425 56 619 59 366 58 71 57 477 55 621 53 599 54 604
5639 4.0790246784667561 2.0057569958579138 -0.55759493661814696 14 14 14 1.0323980480174415 101 338 99 268 102 208 105 170 112 250 100 212 110 208 106 208 108 179 111 171 114 238 115 197 116 241 119 598 123 563 118 505 122 468 117 208 121 375 120 348
553 -0.79208040944310831 -0.24767594101751192 1.6524607514614056 110 117 123 0.1353584798293607 63 473 61 461 57 251 58 124 55 693 53 655 64 308 67 308
5640 5.9638374670104657 1.3630345510933943 -1.0056282800468779 59 62 72 0.72771759226686439 101 357 99 311 102 251 100 239
554 -0.7706658153798146 -0.23944647716675929 1.6813978126974278 9 46 42 0.74803174457131627 62 411 63 475 61 464 60 462
5641 4.007228626046424 1.9952095645392336 -0.5360681194584006 231 231 231 0.70092016824756487 101 391 99 319 102 259 100 248 105 254 104 294 112 348 110 260 106 260 109 227 108 230 111 263 114 313 115 318 107 198 116 388 119 806 123 761 118 717 122 663 117 484 121 528 120 511
555 -1.0077327038446415 -0.26056098285314577 1.6448545098667144 122 122 122 0.085137343131965679 63 486 61 475 60 210 59 192 57 247 58 145 56 398 55 432
556 -1.0401735121620674 -0.26404457463175202 1.6426685573526101 24 32 50 0.037049351939698917 63 488 61 476 60 466
5643 4.8543852524238691 1.6748474535571205 -0.44277885178475296 231 231 231 1.5909263337338695 101 383 99 328
557 -1.0290059875953079 -0.24420599768672913 1.5172453258614258 24 32 50 0.094842547023025081 63 489 57 239
5644 4.9782318564871018 1.7826541355317864 -0.23937999266677332 113 119 136 0.45421751127719451 101 399 99 330 102 266 100 261
558 -0.7981948556078392 -0.19086540646512329 1.707431376909512 102 104 108 1.092847169305875 56 771 61 480 55 722
5645 4.9804816142903041 1.7859108124323275 -0.23971951058955501 113 119 136 0.40694691586675952 101 400 99 331 102 267 105 264 100 262
560 3.0593499277292739 0.81458282172457741 2.8173583324329812 231 231 231 0.53132508763823838 62 417 63 245 61 482 64 310 67 310
5647 7.6397258071275997 2.0915447653047163 -0.65115084140685342 8 8 8 0.75296155824201438 98 4 99 1 102 2 100 4
561 -0.99573801751740054 -0.21346232882921287 1.6861526669738554 122 122 122 0.096989229593778994 63 493 61 486 59 412 58 167 57 275
5648 6.1017208901977691 1.823514419655845 -0.28275861667950397 59 62 72 1.0570543317749272 101 26 102 22 99 37
562 -1.2827177047299501 -0.29117553552092484 1.6306251046629994 11 25 44 0.095742624619540029 56 338 61 487 60 220 59 203 58 131 57 223 55 388 53 622 54 359
563 -1.0402268301048978 -0.21533957083201441 1.6832142945031576 123 123 123 0.20780824856373484 56 741 63 495 61 490 60 476 59 413 63 629 58 414 57 576 55 467 54 427
564 -1.2860146224996436 -0.28274336186306726 1.636857128952395 123 123 123 0.30312072654835653 56 362 61 491 60 226 59 216 58 151 57 231 55 401 53 364 54 365 52 316
5651 3.7711178038561135 1.407596344743975 -0.40767531340192048 211 211 211 0.78316301110966235 99 24 102 44
565 -1.0557791788263893 -0.19194329738556745 1.7067653308431137 92 95 100 0.099524600608280347 56 464 63 500 61 495 60 488 59 424 58 180 57 598 55 481 53 670 54 644
5652 4.6528222288017638 2.4396437339446413 -0.20694996771446889 231 231 231 0.9688467101438093 99 173 102 48 100 128 105 114 104 146 107 93
566 -1.2238059665846159 -0.19348161709495634 1.7099780178581008 95 98 103 0.12956322714531229 63 504 61 503 60 492 59 427 58 187 57 299 55 477 53 659 56 758 54 638 52 537
5653 4.9115462307170397 1.6922961647515913 -0.4871063885650459 231 231 231 1.7756998437485314 103 48 102 66 114 97 122 285 117 74
567 -1.2238059665846159 -0.19348161709495634 1.7099780178581008 95 98 103 0.12956322714531229 63 505 61 504 60 493 59 428 56 759 58 188 57 300 55 478 53 660 54 639 52 538
568 -1.2745995284550771 -0.19378113345061107 1.7114887816330235 91 94 100 0.12734796642197771 56 460 61 509 60 272 59 257 57 301 55 472 53 428 54 418 52 342 51 492
569 -1.2745995284550771 -0.19378113345061107 1.7114887816330235 91 94 100 0.12734796642197771 56 461 61 510 60 273 59 258 57 302 55 473 53 429 54 419 52 343 51 493
5656 6.6223995683735382 1.7078262149789196 -0.38555266165993385 231 231 231 0.86123698893037925 98 93 102 91 100 98 105 74
570 -1.0486954781171232 -0.10147618297902766 1.7789553255003798 111 118 123 0.18224094182075759 56 780 62 532 61 519 60 510 57 610 55 731 53 870 54 865
5657 5.3117597889059107 1.560258856413496 -0.60080476987407594 164 164 164 1.251176152478791 99 33 102 92 100 159 103 145 110 117 106 117 109 167
571 -1.0486832923624023 -0.10196869472718526 1.7783648780515451 111 118 123 0.089792199101678835 62 533 63 516 61 520
5658 5.3082664700423194 1.5560241935033885 -0.59804875396599155 164 164 164 1.5934050702930602 99 34 102 93 100 160 103 146 109 168 106 118 110 118 108 177 111 226
572 -1.0315555730625148 -0.070629091347042247 1.8079329962219322 123 123 124 0.12088953983617437 63 527 61 529 60 520 58 203 59 269 57 329 55 506 54 691
5659 5.1900434813816965 1.6531108711966132 -0.39865279181084307 0 0 0 0.1713611051744586 99 154 102 101 117 325 116 256 120 366
573 -0.97984460368896997 -0.030387628583981727 1.8391900649182038 123 124 124 0.13907993391268358 56 504 61 535 60 526 59 280 58 217 57 336 55 516 53 497 54 487
5660 5.1900434813816965 1.6531108711966132 -0.39865279181084307 0 0 0 0.1713611051744586 99 155 102 102 117 324 116 255 120 365
574 -0.95957992125034053 -0.0058778889651860062 1.8627474380816675 97 100 104 0.089824914674951406 63 291 61 538 59 288 57 347 53 510 54 719
5661 5.2856577979231361 1.6833543721319164 -0.33758924649715133 0 0 0 0.79047189499431447 99 162 102 107 100 145 110 215 104 236 106 215 109 187
575 -1.0219608125438169 -0.007892546228326941 1.8610343738053459 103 105 108 0.08382774637728066 62 558 61 544 55 762 53 728 52 738
5662 5.2844680347788806 1.6816723668792848 -0.33702279122009576 0 0 0 0.77665614313398146 99 163 102 108 100 146 110 216 104 237 106 216
576 -1.0219556250438386 -0.0079034557154501004 1.8609167544304444 103 105 108 0.081709884519041348 62 559 61 545 55 763 53 729 54 711
5663 5.5045126192926395 1.8609734042657406 -0.29926898872155305 231 231 231 0.3430078849952411 99 98 102 109 100 166 105 191
577 -1.0647066803096956 -0.0075112535513232612 1.8623560624750208 99 101 105 0.14332704669061436 63 546 61 553 60 553 58 475 57 638 55 760 54 706 52 584
5664 5.5045126192926395 1.8609734042657406 -0.29926898872155305 231 231 231 0.3430078849952411 99 99 102 110 100 167 105 192
578 -1.0647066803096956 -0.0075112535513232612 1.8623560624750208 99 101 105 0.14332704669061436 63 547 61 554 60 554 58 476 57 639 55 761 54 707 52 585
5665 4.9054727209325257 1.8200754425867536 -0.160844018941497 231 231 231 0.64554754744934484 97 172 99 51 102 117 100 123
579 -1.2803822451241067 -0.071467439096127169 1.8136690808418703 123 123 124 0.14472811767077201 63 549 61 560 60 552 59 469 58 215 57 630 55 498 53 475 54 664 52 555 51 511
5666 4.8242463964319526 1.1067387394738877 0.0096511786200659151 132 129 129 0.64349879167399437 103 108 102 118 100 172
580 -1.3003140281744276 -0.026758758669750353 1.8523810640711129 60 64 72 0.26881611237375164 63 550 61 561 60 558 57 348 56 803 54 459
5667 4.9387562462811108 1.5202907940825843 0.073882407919157136 109 115 131 0.62162916655810585 99 169 102 125 100 133 105 118
581 -1.2563127473042237 -0.0091624725471575949 1.8675779181839878 99 101 105 0.16521601510535658 56 512 61 562 52 378 51 378
5668 4.3123023159121017 1.5839592769084672 -0.062579749613627667 118 124 142 0.72241750584501374 99 79 102 129
582 -1.2949728501468487 -0.0094551950532897663 1.8697265041119258 96 99 104 0.19802791806795692 63 551 61 564 60 559 56 510 59 484 58 480 57 360 55 513 53 719 54 697 52 569 51 518
5669 4.3142909787636166 1.6230186023013642 -0.044121541286834584 60 64 74 0.036515240353006892 99 139 102 130
583 -1.2949728501468487 -0.0094551950532897663 1.8697265041119258 96 99 104 0.19802791806795692 63 552 61 565 60 560 56 511 59 485 58 481 57 361 55 514 53 720 54 698 52 570 51 519
5670 4.3142909787636166 1.6230186023013642 -0.044121541286834584 60 64 74 0.036515240353006892 99 140 102 131
584 -1.3299141889961341 -0.0097278700550494264 1.872015699296274 108 109 112 0.2185882669690927 56 508 61 568 59 490 58 486 55 752 53 713 54 688 52 559 51 516
5671 6.1435049734500549 1.8709699818407017 -0.3019232189142339 59 62 72 0.44704579193584887 101 178 102 142 100 141
585 -1.3299141889961341 -0.0097278700550494264 1.872015699296274 108 109 112 0.2185882669690927 56 509 61 569 59 491 58 487 55 753 53 714 54 689 52 560 51 517
586 -1.3516747795326349 -0.0097134370413936751 1.8712787786647598 101 103 107 0.20082603288626019 56 506 61 570 60 567 59 307 58 488 55 510 53 492 54 683 52 557 51 514
587 -1.3516747795326349 -0.0097134370413936751 1.8712787786647598 101 103 107 0.20082603288626019 56 507 61 571 60 568 59 308 58 489 55 511 53 493 54 684 52 558 51 515
5674 4.6553446368002636 2.0262288304612155 -0.54431797823018035 8 8 8 1.1167891798660154 98 154 102 153 103 174
588 -0.18920155928421953 0.77686809551892588 2.7834976484108016 231 231 231 0.26678713151454159 63 553 61 574 60 350
5675 5.4856801667387272 1.7823454032439083 -0.33185048270002632 231 231 231 0.7858487469683636 99 207 102 185 100 186 105 224 104 291 110 274 106 274
589 -0.18920155928421953 0.77686809551892588 2.7834976484108016 231 231 231 0.26678713151454159 63 554 61 575 60 351
5676 4.9234312854760285 1.672216230812769 0.037464438274202545 0 0 0 0.62046558380482697 95 331 97 243
590 -0.73188316219767724 -0.45129091108138825 1.4708522710962353 12 90 38 0.67293864493635724 62 494 61 584 59 329 57 407 55 590 56 573 64 360 67 360
5677 4.6644202889536306 2.4492474560968276 -0.19157936392924002 8 8 8 0.5399038131712246 99 248 102 192 100 195 105 204
591 -1.0475512781555132 -0.4670317462913614 1.466221068708746 112 118 124 0.37433016751829973 63 576 61 592 60 376 59 338 58 276 56 551 57 405 55 575 53 555
5678 5.0015148479706211 1.3536283669661922 -0.9835827912923254 61 64 75 0.18556958162746565 101 295 102 195
592 -1.0067333045753735 -0.37620191059668001 1.5511156886293589 92 96 101 0.093615037486806107 63 598 61 605 60 604 59 547
5679 6.8896861677750447 1.8517710967095986 -0.42712399481483365 231 231 231 1.5691301919487333 101 191 102 215 99 236 100 199
593 -1.0068481236361717 -0.37639148601607536 1.5516759996965745 92 96 101 0.15437101522891758 63 599 61 606 60 605 59 548 57 690 58 563 53 938 54 947
5680 5.4236704631589063 1.806320626411102 -0.30169185055902092 59 62 72 1.1740815631846684 99 244 102 223
595 0.036844719040345877 -0.10567326236220123 2.0609237078960652 29 30 30 0.31816889406677307 63 466 61 622 60 464 66 165 68 185
5682 3.8276698050369733 1.6308253378224058 -0.46252532994434209 219 219 219 0.9868268455167285 102 227 100 220 105 239 104 284 112 342 110 252 106 252 109 226 108 229 111 260 114 309 115 314 107 189 116 384 119 768 123 725 118 706 122 650 124 771 117 476 121 519 120 506
596 -1.0520466117917553 -0.21034336846616722 1.6895854195595652 124 124 124 0.073160003597884729 63 632 61 640 60 650 59 415 56 743 58 418 57 580 55 707 53 844 54 857
597 -1.287705682478786 -0.27630946311911536 1.6437343922908636 124 124 124 0.15209666782267944 56 702 61 641 60 643 59 590 58 595 57 561 55 680 53 821 54 849 52 704
5684 3.8853944059484506 1.6575587268747434 -0.29486726319236101 0 0 0 1.1611266542079393 102 249 100 237
598 -1.0441560989436049 -0.19092108651973888 1.6937458773977891 107 108 110 0.078647350748332678 63 633 61 642 60 651
5685 3.8089330458209969 1.6304363301073632 -0.51204003753479277 0 0 0 0.97983105189447772 105 255 104 293 110 259 112 340 106 259 109 237 108 228 111 259 114 308 115 311 107 196 116 383 119 761 123 722 118 704 122 648 124 806 117 475 121 517 120 504
599 -1.0441560989436049 -0.19092108651973888 1.6937458773977891 107 108 110 0.078647350748332678 63 634 61 643 60 652
5686 6.3318389694338917 6.1473962052073894 -1.7103261607047013 8 8 8 1.756327455525609 84 254 102 146 83 281
600 -1.2799146005266386 -0.25159106902294892 1.6615793794692695 123 123 123 0.29473946721878264 56 720 61 644 60 483 59 414 58 406 57 570 55 688 53 628 54 622
5687 6.3318389694338917 6.1473962052073894 -1.7103261607047013 8 8 8 1.756327455525609 84 255 102 147 83 282
601 -1.313668099230473 -0.21328832575301282 1.6973098656405721 124 124 124 0.17138500480181165 56 742 61 645 60 494 59 426 58 427 57 591 55 699 53 643 54 630 52 529 51 615
602 -1.2930195049328972 -0.19446179165992147 1.7131518803606689 93 95 101 0.10367746001595088 56 756 61 650 59 434 58 430 57 601 52 711 51 622
5689 4.1783619394965186 2.0567001986498101 -0.5178228438969984 8 8 8 1.1108042500408677 101 122 100 19 105 36 104 65 112 4 110 38 106 38 111 98 114 120 107 3 116 73
603 -1.2930195049328972 -0.19446179165992147 1.7131518803606689 93 95 101 0.10367746001595088 56 757 61 651 59 435 58 431 57 602 52 712 51 623
604 -1.3245774874704983 -0.19432991234918481 1.7130877999687157 105 107 110 0.13194461143212502 56 754 61 655 60 499 59 436 58 432 57 605 55 712 53 652 54 633 52 533 51 620
605 -1.3245774874704983 -0.19432991234918481 1.7130877999687157 105 107 110 0.13194461143212502 56 755 61 656 60 500 59 437 58 433 57 606 55 713 53 653 54 634 52 534 51 621
5692 5.9675315495441881 1.4122399340812619 -1.0992310719040266 8 8 8 0.20401511005414236 102 56 100 60
606 0.068232012252238863 0.39536656435376544 2.3914792451737275 142 142 142 0.46202784208333297 62 678 61 673 60 681 62 547 59 495
5693 5.5686745300299503 1.4958898123759641 -0.82402994333918456 75 79 91 0.15624159100716198 102 57 100 61 104 83
607 0.0068302638197338507 0.37748315697989054 2.3748977765217592 142 142 142 0.2913029756329753 56 1095 61 675 60 679
5694 6.6622667248104044 1.6645015708543567 -0.53870727023606257 231 231 231 0.16735740287974002 98 7 100 65
608 -1.2919397101260732 -0.091896815896032241 1.7998884342256141 14 90 39 1.459434422519988 56 787 61 677 60 542 59 456 58 455 57 322 53 682 54 653 54 660 52 548 51 507 51 631
5695 11.758301487198901 6.1321573204017987 -1.9852873698831028 231 231 231 0.37728030801422585 96 7 100 66
609 -1.3306136432337479 -0.096952277850323745 1.7983448934609334 122 122 123 0.48691501976319052 56 936 61 680 60 667 60 776 59 623 58 636 58 755 57 771 57 909 55 875 53 868 54 863 54 970 52 716 51 629
610 -1.3421828101638631 -0.069061953576057197 1.8203006464456735 111 117 123 0.13118508541040441 56 798 61 685 60 672 59 632 58 639 57 631 55 737 53 869 54 864 52 719 51 632
5697 5.5078517140143601 1.5881096923160571 -0.0075489196961995679 59 62 72 0.28289711957495411 99 18 100 76 105 58
611 -1.3214116782611993 -0.027046722611655624 1.8542757994269679 65 68 76 0.20553764495305188 56 801 61 686 60 674 59 482 58 477 57 782 55 749 53 711 54 674 51 513
612 -1.3215888744456075 -0.027060792123863201 1.8556123562241553 65 68 76 0.17690418954803855 56 802 61 687 60 675 59 483 57 783 55 750 53 712 54 675
5699 5.5974586452813586 1.3522973738426729 -1.0015826096531002 61 64 74 0.93139497851453423 102 133 100 95 104 162 110 116 106 116 109 31
613 -0.7067225877902783 -0.46261550593406042 1.4710291317833131 124 124 124 0.15657666712672016 63 692 61 701 60 690 59 648
5700 5.3712363641461121 1.3407018206969858 -0.96272694633994149 60 63 74 0.30721760583711594 102 90 103 139 100 96
614 -0.7067225877902783 -0.46261550593406042 1.4710291317833131 124 124 124 0.15657666712672016 63 693 61 702 60 691 59 649
5701 4.9093407268515934 1.834790843535999 -0.27030768828205848 59 62 72 2.5064438841573509 103 270 100 116 105 105
616 -0.73990896478284385 -0.39042497712568436 1.5273029053524836 65 68 76 0.1190600663552354 62 617 61 711 59 521 58 542 57 834 64 443 67 443
5703 3.9376289901403578 1.7206309600157321 -0.50838746032533966 224 224 224 2.2734981925995115 101 217 100 121
617 -0.25141072304538187 -0.03832701982750672 0.67420936887421667 0 0 0 0.21371195643764851 62 629 63 701
5704 3.8364349569498328 1.6377328896014838 -0.44177128732297877 0 0 0 2.1914255046475315 102 82 100 124 105 144 104 215 110 217 107 107
618 -1.0527121675019735 -0.42207080445405398 1.5072780871600884 124 124 124 0.090096924155717323 63 833 61 721 60 715 59 671
5705 4.6552518167163308 2.4768217730573645 -0.1813934517787997 231 231 231 1.6728916935958356 102 84 100 131 105 150 110 113 106 113
619 -0.9786916932079448 -0.39169493785777804 1.5300388211155447 77 80 86 0.17071062981664736 63 713 61 723 60 718 56 1001 58 556 58 690 59 676 57 676 57 839 53 929
5706 4.6395568317103555 2.4179480890333305 -0.17645631902011083 231 231 231 1.1852235550724617 102 85 100 132 105 151
621 0.39775947738355244 -0.15773755800950318 2.0144593368927972 28 29 29 1.0242663986993301 62 630 61 725 60 914 64 566 67 566 65 349 65 425 66 220 66 273 68 240 68 278 69 250 69 325
5708 6.0595491257773864 1.7363435999772325 -0.38506990626245918 78 82 95 1.1120244814871183 101 51 100 138
622 -0.99344198320641341 -0.37451770105342919 1.5405036081358969 108 110 112 0.26561939689533171 56 1008 61 729 60 723 59 683 58 696 57 854 55 951 53 941
623 -0.99344198320641341 -0.37451770105342919 1.5405036081358969 108 110 112 0.26561939689533171 56 1009 61 730 60 724 59 684 58 697 57 855 55 952 53 942
624 -1.0955810209142491 -0.39391586951955448 1.5344406085190676 70 73 80 0.11981603387487881 63 718 61 731 60 721 59 681 57 843 54 934
5711 3.8592918612249192 1.6858308642698552 -0.42729956716366818 223 223 223 0.51025664766833911 102 170 100 175 105 199 104 263 112 307 110 231 106 231 109 206 108 194 111 223 107 167 119 721 122 562 124 726 117 407 121 451 120 441
625 -1.0955669604094875 -0.39392960785428766 1.5342643781326208 70 73 80 0.090187691118196037 63 719 61 732 60 722 59 682 57 844
5712 3.8593064186237735 1.6856662911528952 -0.42751683927846718 223 223 223 0.55660964942599189 102 171 100 176 105 200 104 264 112 308 110 232 106 232 109 207 108 195 111 224 114 292 115 290 107 168 116 334 119 720 123 684 118 667 122 561 124 725 117 408 121 450 120 442
626 -0.72994004699527182 -0.27389596602461058 1.6230706932508603 106 107 109 0.27638354873430426 56 1037 61 738 60 736 59 699 58 709 57 870
5713 3.8754619016362311 1.6406098655091614 -0.32194810733803325 223 223 223 0.44732454684858997 102 173 100 197 105 216 104 277 112 322 110 246 106 246 109 213 108 216 111 249 114 293 115 291 107 184 116 361 119 722 123 686 118 669 122 565 124 732 117 410 121 453 120 473 125 769
627 -1.0188541933065276 -0.20912229641524815 1.6892029200537884 78 80 86 0.14772359948261013 63 739 61 750 60 647 59 606 58 610 57 734 55 1001 53 845
5714 3.8754371072292813 1.6407409204749848 -0.32188778896149695 223 223 223 0.44500843725369532 102 174 100 198 105 217 104 278 112 323 110 247 106 247 109 214 108 217 111 250 114 294 115 292 107 185 123 685 122 564 124 731 117 411 121 454 125 768
628 -1.0188541933065276 -0.20912229641524815 1.6892029200537884 78 80 86 0.14772359948261013 63 740 61 751 60 648 59 607 58 611 57 735 55 1002 53 846
5715 3.9086988666740505 1.8072010117198329 -0.44163247653300275 110 116 133 2.1231226297705401 102 229 100 214 105 214
629 -1.2804079449984824 -0.24232431174914679 1.6736512099099139 11 73 41 0.1736384581052863 56 907 61 757 60 759 58 604 55 845 53 979 58 726 54 958 52 818
5716 7.3379252869315641 1.9699948952671866 -0.4589523935775503 231 231 231 0.95645951211254898 99 297 102 237 100 228
630 -1.0227579293041147 -0.10490274292739983 1.775333923078638 16 78 41 0.068518076532108355 56 934 61 762 60 767 59 727 58 628
5717 5.5897102673763479 1.82328817520565 -0.27520101597473429 113 118 136 1.7196286274459454 102 241 100 230 105 252 104 295
631 -1.0225708611108817 -0.092274308802235611 1.7905766281087312 11 76 40 0.1593741313597756 56 938 61 764 59 729 58 632 58 752 57 768 57 907 53 1016 54 976
5718 5.9169662609856086 1.3329968122374842 -0.98175399000275676 59 62 72 1.0433373571148672 98 293 102 250 100 238 105 258
632 -1.0227294153195547 -0.092199655772240957 1.7903990442453996 11 76 40 0.17559061981956811 56 939 61 765 58 633 57 769 54 977
5719 6.5822914935763892 1.4828526233520127 -0.83935002985200968 132 132 132 0.8159423459665508 94 371 97 122 101 294 100 137 91 244 94 244 96 105
633 -1.0630518492373016 -0.09569932185110569 1.7872439322886753 112 118 124 0.75579155072566673 63 750 61 766 60 771 57 906 55 1020 53 1013 54 974 52 826
5720 6.0624817132097197 1.6878607395332872 -0.48933945620374364 86 91 105 0.42307937759830583 102 19 100 67
634 -1.0459795605177158 -0.077836508958005562 1.8011549776290723 124 124 124 0.42866095112763991 62 761 63 751 61 769 60 772 58 634 57 772 55 878 53 871 62 665
5721 4.9610089312989176 1.8330644401255276 -0.31717119975811842 231 231 231 0.59114816124638769 100 34 105 15 104 10
635 -0.029374333739061783 0.30811514283180641 2.3211429352226203 0 0 0 0.35734213984937491 56 1087 62 663 61 774 60 780 55 1038
636 -0.98932094921085167 -0.015993176578733129 1.8486474889647506 124 124 124 0.19485125513927276 62 763 61 775 60 774 59 733 58 641 54 985 52 840
5723 4.6332635861935509 2.4607318443888273 -0.18785326148206655 8 8 8 1.3944831955084847 100 21 105 19 109 14 108 18
637 -1.0829846976865765 -0.026660891271852057 1.8483253982718433 76 79 85 0.1199126654045323 56 1084 61 777 60 777 59 734 58 757 57 910 55 1026 53 1024 54 1061 52 903
5724 4.823993238236393 1.1193008690417305 0.0016150370995418523 68 67 67 0.7511909728607058 100 87 105 39
638 -1.0829846976865765 -0.026660891271852057 1.8483253982718433 76 79 85 0.1199126654045323 56 1085 61 778 60 778 59 735 58 758 57 911 55 1027 53 1025 54 1062 52 904
5725 6.6453138354361467 1.6496348489423742 -0.52414860189775558 8 8 8 0.61822377727013877 101 21 103 4 105 49
639 0.047892539013759269 0.38081830587268511 2.3841608391266673 0 0 0 0.41690431919338222 56 1096 62 675 61 779 60 783 59 639 58 764 57 1010 64 540 67 540
5726 6.6453138354361467 1.6496348489423742 -0.52414860189775558 8 8 8 0.61822377727013877 101 22 103 5 105 50
640 0.047892539013759269 0.38081830587268511 2.3841608391266673 0 0 0 0.41690431919338222 56 1097 62 676 61 780 60 784 59 640 58 765 57 1011 64 541 67 541
641 0.21365454949482035 0.53010333828439971 2.5217495647032555 142 142 142 0.27565250813989139 56 1112 61 788 60 790 57 923
5728 3.8624494603674755 1.6878185162120052 -0.41612182180377294 225 225 225 0.77290666488121873 100 45 105 60 109 81
642 -0.017110623471511089 0.47115583804716549 2.4815951300596546 0 0 0 0.17786611218342965 63 765 61 789 59 745
5729 6.481097195911536 2.8772579200721182 -0.83493285970128195 231 231 231 1.0634632343949166 91 271 94 271 105 76
643 -1.2890770826385431 -0.018398107087452195 1.8563498458207641 124 124 124 0.19881258310240332 63 767 61 791 60 781 54 979 52 829 51 743
5730 5.1924993473834524 1.6469314442663932 -0.42139096075186377 0 0 0 0.42582268006897522 101 181 105 86 104 171 110 147 106 147 108 159
644 -1.2985834263136089 -0.018318450560741498 1.8573545562193481 124 124 124 0.23322932763821216 63 768 61 792 60 782 59 739 51 742
5731 5.2064245730939955 1.6769574692802713 -0.42785216787049068 0 0 0 1.1106816222101097 105 87 104 172 110 148 106 148 115 210 114 219
645 -1.3481431007577105 -0.010070791939262892 1.8617906263646624 97 100 104 0.36739546713325621 56 947 61 793 59 635 57 784 53 874 58 645 51 636
646 -1.0187298766437396 -0.54156114142864531 1.4050711514143428 64 67 76 0.14197568601913249 63 780 61 795 60 794 59 642 55 891
5733 5.1892074898799878 1.6554125526272125 -0.39775911558968635 0 0 0 0.21264703927822709 99 46 105 90 104 109 107 72 115 160
648 -1.0261660677299855 -0.48995125417229002 1.451369850213523 12 89 38 0.09709145341570824 63 794 61 805 60 801 59 756 58 774 57 795
5735 4.6596400404486564 1.9930621386430774 -0.55103857878981677 231 231 231 1.6277448502431382 101 65 105 94 120 279 112 136
649 -0.98856506207425709 -0.47742997004648596 1.4593622012380405 12 89 38 0.14702865536388129 63 798 61 809 60 802 56 957 59 758 58 657 57 798 55 1062 53 1062
5736 3.8681456085640247 1.8055335595943534 -0.55570679415057667 231 231 231 1.0717297342659533 101 222 109 55 108 53 107 47
650 -0.98856506207425709 -0.47742997004648596 1.4593622012380405 12 89 38 0.14702865536388129 63 799 61 810 60 803 56 958 59 759 58 658 57 799 55 1063 53 1063
651 -0.99285902750102228 -0.46654749632922704 1.4641349607696699 124 124 124 0.094656992131973608 63 803 61 812 60 808 59 762 58 776 57 934
5738 4.652536456277458 2.436645058659562 -0.20750027882361549 231 231 231 0.96173254147595622 100 129 105 115 104 147 107 94
652 -1.0639466036825289 -0.47816881648095194 1.4607658814103361 12 89 38 0.096258680337290445 63 804 61 813 60 804 59 760 58 661 56 955 57 802 55 1060 53 1057 54 1009
5739 3.895880112010309 1.6410661744541497 -0.25552367098507783 0 0 0 0.3530972922259934 102 194 105 119
653 -1.0639489596962723 -0.47831043031801518 1.4612388105560656 12 89 38 0.09271695397526003 63 805 61 814 60 805 59 761 58 662 56 956 57 803
5740 5.5280411440028452 1.862156579999841 -0.29455290130807704 59 62 72 0.73821235432433341 100 111 105 132 104 242
654 -1.0527174787433444 -0.47792095392977513 1.4671585141384937 124 124 124 0.16379788701489134 56 959 63 807 61 815 60 807 58 663 57 805 55 904 53 897 54 899
5741 4.6711664731508948 2.4488773158236627 -0.21387967576241523 8 8 8 1.2246818067775198 99 171 100 156 105 149
655 -0.97282933468727628 -0.44887601324289306 1.4850571383855371 12 88 38 0.12337557183759922 63 812 61 820 60 809 56 976 59 658 58 666 57 813
656 -0.97284680223723108 -0.4490707303522008 1.4859264171221136 12 88 38 0.049216995375523508 63 813 61 821 60 810
5743 6.2071405077622783 1.3704049920519612 -1.0192757293312265 61 64 74 0.042383671823918501 99 179 105 154
657 -1.0794232889134177 -0.44947737392645476 1.4859073803189791 12 90 38 0.079922417337352419 63 825 61 831 60 814 59 767
658 -1.079415649892044 -0.44970442193534754 1.4862213206832362 12 90 38 0.11423576742693262 63 826 61 832 60 815 56 975 59 768 58 672 57 816 55 912
5745 3.806584525187747 1.6166051549600222 -0.55068670911578221 225 225 225 1.3686431416591076 102 40 105 195
659 -0.98829220002550322 -0.42003818642496227 1.5090388859184112 12 90 38 0.13724292348345418 63 829 61 836 60 711 59 667 56 986 58 680 57 827 55 924 53 1088 54 1033
660 -0.98827224433655114 -0.42012247120777757 1.5097863260547539 12 90 38 0.087250726960366842 63 830 61 837 60 712 59 668 58 681 57 828
5747 3.8293973142333346 1.5711787496734002 -0.39233811353713555 226 226 226 0.59716694138785997 104 286 112 344 110 254 106 254 109 228 108 231 111 261 114 311 114 332 115 316 107 191 116 386 119 769 123 726 118 707 122 651 124 772 117 478 121 520 120 507 125 809
661 -1.0597294414000678 -0.43202901972849966 1.5069984902095848 124 124 124 0.37514256013057401 56 1142 63 831 61 838 60 829 59 775 58 790 57 954 55 1087
5748 5.4168793689214008 1.7939637909954085 -0.31269079751512219 59 62 72 1.4242552982418715 100 218 105 234
662 -1.0637563567681763 -0.42090663256966371 1.5110439869360841 12 89 38 0.095681303488527797 63 834 61 840 60 834 59 672 58 682 56 983 57 829 55 919 53 1084 54 1027
5749 3.9329520688156463 1.7384522742949411 -0.42020063334627705 111 117 134 0.57234413107707938 100 250 105 240
663 -1.0636437902064426 -0.42061543586203692 1.5102527040940685 12 89 38 0.033253314920899654 63 835 61 841 59 673
664 -0.95549586674661247 -0.39172118749730217 1.5292041346418273 117 117 118 0.27885461718095583 56 1161 63 838 61 844 60 836 59 782 58 797 55 1110 53 1106
5751 3.8849630088437865 1.6945771210953604 -0.35549938391225477 0 0 0 1.0073410022514939 100 236 105 256
665 -0.95549586674661247 -0.39172118749730217 1.5292041346418273 117 117 118 0.27885461718095583 56 1162 63 839 61 845 60 837 59 783 58 798 55 1111 53 1107
5752 3.9088840005555467 1.7929541494374215 -0.36443672449675257 225 225 225 1.1029630723288364 104 309 112 375 110 278 106 278 109 251 108 257 111 294 114 364 115 375 105 265 116 444 119 862 123 815 118 793 122 728 124 865 117 551 121 584
666 -1.0097209519359074 -0.39456117352337639 1.5392208685895834 92 93 97 0.64513616353878311 56 1159 61 848 59 786 58 799 57 841 55 1106 53 1100
667 2.9803600109083086 0.82396225802691858 2.7882330153756842 231 231 231 0.7321876934578746 62 809 63 849 61 855 64 575 67 575 65 434 66 280 74 588 77 765 79 769 80 734 78 791 75 708
668 -1.0526137444271431 -0.20073802263558521 1.6946626665236701 124 124 124 0.12441718713224144 56 1199 63 853 61 857 60 866 59 813 58 825 57 1002 55 1139 53 1124 54 1054
669 -1.2834221084404542 -0.26244109915097408 1.6551299952097205 11 81 39 0.29967378466856842 56 1044 61 861 60 863 59 805 58 721 57 877 53 977 54 1046
670 -1.2978560119467355 -0.20188882096122676 1.695025536629061 124 124 124 0.17564856355654995 56 1072 61 862 60 869 59 724
671 -0.99552541796919769 -0.54210091209232536 1.4049995251412641 106 108 112 0.23281779203615915 63 867 61 880 60 888 55 1155 53 1137
672 -0.99552541796919769 -0.54210091209232536 1.4049995251412641 106 108 112 0.23281779203615915 63 868 61 881 60 889 55 1156 53 1138
673 -1.0218592511261801 -0.47552978015960001 1.452231338308513 124 124 124 0.12715422800231449 63 872 61 884 60 894
674 -1.0689352324989232 -0.45743139517680909 1.4844578987336641 124 124 124 0.15396053949555313 63 878 61 890 59 765
675 -1.0515253628328347 -0.45242181835776507 1.4867964322738905 76 83 92 0.26852454328949354 63 880 61 892 60 903 59 838 58 783 55 1169
676 -1.0515253628328347 -0.45242181835776507 1.4867964322738905 76 83 92 0.26852454328949354 63 881 61 893 60 904 59 839 58 784 55 1168
677 -0.75541127619043902 -0.38204334083830027 1.5349970635253871 124 124 124 0.13903002514513974 62 798 61 896 60 831 59 781 58 796 57 963 55 1178 64 565 67 565
678 -1.316724513916558 -0.066521131214631643 1.81360876958704 124 124 124 0.2024031179258057 56 1237 61 921 60 941 53 1169
679 -0.72664088824232709 -0.4501800188039336 1.4750543601526267 7 39 42 0.52090662398460208 63 910 61 930 64 595 67 595
680 -0.70747032423984357 -0.43478166388771239 1.4925863408020945 115 120 124 0.27625872483300656 56 1249 61 933 58 863 57 1048 55 1209
681 -1.0324987625284359 -0.47554686746175739 1.4502499481939426 124 124 124 0.28459032356937264 63 914 61 934 60 895 59 832 55 1159
682 -1.0261403960891464 -0.46836464796627908 1.4695329120111216 49 56 68 0.19837893400022846 63 918 61 938 60 896 56 1210 59 833 58 837 57 1014 55 1162 53 1142 54 1119
683 -1.0261403960891464 -0.46836464796627908 1.4695329120111216 49 56 68 0.19837893400022846 63 919 61 939 60 897 56 1211 59 834 58 838 57 1015 55 1163 53 1143 54 1120
5770 32.027064757004439 3.859360415327147 26.881442288245179 0 0 0 0.0039797763222172919 79 889 113 372
685 -1.0103084769469401 -0.42823514677756164 1.5023222178411306 73 82 89 0.20467891455809073 63 923 61 948 60 951 59 883 58 840 56 1218 57 1023 55 1173 53 1186 54 1129
5772 -2.9057582824402082 0.89066811014995317 0.1553783078875535 67 67 67 0.83428095052768181 18 264 19 24 21 138 22 7 23 7
686 -1.0427950270441781 -0.42900286671405929 1.5038776546183288 60 71 78 0.11012571871180489 63 924 61 949 60 952 59 841 58 841 57 1024 56 1217 55 1208 56 1251 53 1185 54 1127
5773 -1.4994940541900612 1.5740426868398629 -0.34411179643588163 8 8 8 0.99093134129653215 14 157 18 206 19 143 11 135 17 216 21 114
687 -0.74815707457792291 -0.26066672274164066 1.6383350658531182 124 124 124 0.3417214298857742 56 1265 61 954 58 870 57 1061 55 1225 53 1200
5774 -1.5272023032193525 1.7458445188160863 -0.3640837653718228 111 117 134 0.55149311381400912 16 122 17 219 18 210 19 148 14 112 21 14
688 -1.3411911751795291 -0.046109424032162213 1.8303498389793911 124 124 124 0.20355465012057372 56 1238 61 962 60 967 59 875 58 858 57 1038 55 1193 53 1170 54 1133 52 965 51 875
5775 -1.5010881275522052 1.387381703121161 0.078486634730619564 112 118 135 0.30207148465072342 16 127 19 151
689 1.3993226203687277 -0.14264150428921366 2.0014328657132281 0 0 0 0.91286597827336691 62 851 61 966 64 622 67 622 65 508 64 649 67 649 66 343 68 339 72 418 70 412 76 919
690 -1.042319733413593 -0.48170155616101701 1.4578203600701118 124 124 124 0.26357837605065643 56 1277 61 967 60 972 59 905 58 883 57 1078 55 1234
5777 -1.5333105747919491 1.508868803117656 -0.09159690941316509 112 118 135 0.38024156151474925 12 86 19 165 21 131 18 255 19 186
691 -1.0691018570205526 -0.46569140490858923 1.4816413086412485 124 124 124 0.13836508941094916 63 944 61 968 60 973
5778 -1.4887052877246953 1.8140379325062603 -0.417681474306833 231 231 231 0.1861088337637859 15 263 16 244 19 182 21 129
692 0.41713801790740712 -0.20749223102608405 2.0147988059216679 57 57 57 0.63277820926532258 63 925 61 974
5779 -2.7838645148492538 1.6352354838198451 -0.60360646633386028 231 231 231 1.4491688080275524 17 276 18 252 19 183
693 -0.69878371881411538 -0.24011081898767109 1.6548517889811361 12 87 38 0.25601350754326763 56 1270 61 983 60 963 59 919 58 872 57 1064 55 1256 53 1230
694 0.10336835817696184 0.32463425216127406 2.3528522189473668 0 0 0 0.72755253918133633 56 1336 62 872 61 989 59 929 58 903 64 640 67 640
5781 -1.7166087016071856 1.513023704048706 0.42728273475134043 130 130 130 0.053662397343334563 17 255 19 199
695 -1.3326091295440223 -0.10747916627643957 1.7918925863039672 124 124 124 0.28687977815571203 56 1272 61 992 60 966 59 895 58 875 57 1068 55 1228 53 1201 54 1132 52 964 51 869
5782 -1.7166087016071856 1.513023704048706 0.42728273475134043 130 130 130 0.053662397343334563 17 256 19 200
696 -0.46538639045858549 0.85541173563573902 2.6121557154856507 107 107 107 1.2670282512398992 59 902 58 908 61 996 57 1076 55 1293
5783 -3.2586456446274967 0.88295337079082203 0.11391033635961058 0 0 0 0.020050334133337538 15 212 19 205
697 0.94755991001144269 -0.11752553129045927 2.0286393622252863 29 30 30 0.43845861640047523 63 967 61 999 59 958 60 1032 64 666 67 666 65 523 66 357 68 354 72 449 69 379 73 629 71 629
5784 -3.3489949879823873 0.8503514891744699 0.13466061904615101 236 236 236 0.72608826374216751 18 299 19 208
698 -0.73231523992411962 -0.23294384862685108 1.6617729893066855 124 124 124 0.20973064257616439 62 903 61 1005 64 672 67 672 65 529
5785 -3.2242628756744636 0.95065339859563469 0.026816482925128792 236 236 236 0.24376010616727917 16 263 19 216 21 149
699 2.511609876679378 0.60070607845447155 2.5513612008788442 209 209 209 1.3536948890307177 62 901 63 976 64 683 63 997 67 683 65 527 66 370 76 922 74 761 75 958 77 1013 78 981
5786 -3.9541656846776294 1.2090914396468142 -0.23447502892850808 231 231 231 1.3609467291608162 19 221 21 152 26 11 25 6 27 12 28 29 26 37 29 80 31 14 32 28 32 50 30 24 36 66 20 13
700 0.14619311633692289 0.43762076409232953 2.4294764222670242 0 0 0 0.4482645637960691 56 1348 62 905 61 1015 60 1024 59 951 58 947 57 1148
5787 -1.5822576235742483 1.7065233906005608 0.20181189378935743 231 231 231 0.63607943032119485 16 290 18 307 19 228 17 331 16 326 21 158
702 -0.95347710688580578 -0.36910774558859583 1.5399693274222357 124 124 124 0.28913445551083516 63 987 61 1021 60 1009 56 1325 59 937 58 917 57 1119 55 1278 53 1246 53 1267
5789 -3.1180746173790168 0.92238974801173756 0.078902255987952932 236 236 236 0.32344485562915115 17 349 19 243 21 171 20 170
703 0.31056186036258393 -0.11986333774537264 2.022878114249163 29 30 30 0.86973373956161948 62 897 61 1024 59 962 58 941 64 667 67 667 66 359 68 356
5790 -3.1180746173790168 0.92238974801173756 0.078902255987952932 236 236 236 0.32344485562915115 17 350 19 244 21 172 20 171
704 -1.002057113495201 -0.094267695011378702 1.7895356797012369 47 97 60 0.36822478623521016 62 916 63 1011 61 1032 60 1038 58 944 57 1146 55 1303 53 1272 54 1209
5791 -3.3602544872235618 0.98638817827521197 -0.053848215478194753 236 236 236 1.0460186781882219 18 345 19 258 21 163
705 -1.3087436815165423 -0.054828301192868419 1.8258819840981588 124 124 124 0.41214827114802366 56 1335 61 1036 60 1023 59 950 58 930 57 1130 55 1288 53 1259 54 1188 52 1007 51 919
706 -1.2960121021818105 -0.091912107802524859 1.7924928648583969 111 119 113 0.33290531172547017 56 1356 61 1045 60 1047 59 971 58 953 57 1156 55 1309 53 1277 54 1206 52 1032 51 956
5793 -3.1657071389491378 0.9770355692897682 0.013803672278836878 0 0 0 1.8711055228819602 14 477 15 426 16 386 17 423 18 370 19 297 21 226 22 120 23 120 20 202 24 115 25 131
707 -1.2960121021818105 -0.091912107802524859 1.7924928648583969 111 119 113 0.33290531172547017 56 1357 61 1046 60 1048 59 972 58 954 57 1157 55 1310 53 1278 54 1207 52 1033 51 957
5794 -1.7624999177433196 1.6246926733591385 0.41578448483479957 130 130 130 0.29476226139600453 16 395 18 381 19 305
708 1.4415404081940679 -0.12762506318507369 2.0159014845949663 9 9 9 1.5588877762389766 62 365 63 420 61 409 62 366 63 421 60 397 60 398 64 266 64 267 67 266 67 267 65 206 65 207 66 147 66 148 68 169 69 159 69 200
5795 -1.7624999177433196 1.6246926733591385 0.41578448483479957 130 130 130 0.29476226139600453 16 396 18 382 19 306
709 -1.0147124143877611 -0.54696225226839679 1.4023403736269207 108 109 112 0.20272579201097551 61 5 60 4 59 1 55 10 53 518
5796 -1.3965086520677463 1.7843992415205057 -0.42461653527077003 59 62 72 0.45276328230907359 16 404 17 411 18 387 19 310 21 221
710 -1.0751109829188519 -0.54700668208767855 1.4004780024898456 23 32 50 0.22208773940314441 61 342 60 16 59 9 53 43 54 501
5797 -3.1734895496695388 0.95122707311829802 0.037498701246814189 0 0 0 0.85447484935215468 18 408 19 332 22 127 23 127 20 217 24 124
711 -1.0653465076667821 -0.54459476177978039 1.4041145275578419 33 39 55 0.067873382977176669 61 27 63 40 60 17
5798 -3.0160777187068275 0.96121753997332904 0.094206111364170647 0 0 0 0.53123300878772084 18 406 19 342
712 -1.062450650558534 -0.54309191375364974 1.4069265526213042 108 110 113 0.15204746206649322 61 31 63 44 60 21 55 22
5799 -1.5013705122762289 1.6940598302626628 -0.37292876775178835 8 8 8 1.5452100615991642 12 80 8 122 9 83 15 136 16 155 19 147 11 80 12 81 13 82 8 123 9 84 15 92 16 120 16 121 17 129 21 98
713 -1.0722578476961675 -0.54229990267306072 1.405486193400858 29 36 52 0.18665879641097818 61 33 60 25 59 15 55 20 53 58 54 98
5800 -3.1862786195666422 0.98964425814715129 -0.01814479040861804 234 234 234 0.91246028077119112 12 295 14 337 17 286 19 210 12 415 11 472 13 463 8 429 15 328 14 404 16 298 18 282 18 310 19 229 21 159 24 57 27 108 32 80
714 -1.0777278174067277 -0.54162230553227375 1.4052934105394457 20 28 48 0.24859504466457191 61 348 60 26 59 16 58 0
5801 -3.1860659646955747 0.98992350841681098 -0.018147304296420745 234 234 234 0.9437109521117939 12 296 14 338 17 287 19 211 12 416 11 473 13 464 8 430 15 329 14 405 16 299 18 283 18 311 19 230 21 160 24 58 27 109
715 -0.7311755031173911 -0.46695484124520431 1.4614287141349882 65 100 75 0.057646552340132495 63 54 60 30 58 13
5802 -1.4694272773354768 1.6163855206005178 -0.2405546601440782 138 138 138 1.9987902347826809 6 680 18 361 8 846 17 414
718 -0.72974520286348221 -0.4446624400756754 1.4789360488276466 12 90 38 0.036160725127031855 62 108 60 40 64 62 67 62
719 -1.0035844149227708 -0.46805586151787798 1.4738499152741795 112 118 124 0.30051910521226588 63 89 60 43 59 27 58 19
5806 3.8786924557347509 1.6465660467184668 -0.30659052179904567 228 228 228 1.5790955870647867 105 40 104 42
720 -0.99674277122970412 -0.45881348914656778 1.4738232716918129 118 118 119 0.048698738466372203 61 67 60 47
5807 5.5742817283018784 1.503145837700915 -0.82761300454309006 75 79 91 0.021119957698338084 105 45 104 45
721 1.6312925853166833 -0.17890656854986278 1.9985885961138139 10 12 14 0.22424282197804646 61 40 63 53 60 48 75 127
722 -1.0560524011212631 -0.45989089166775671 1.4755702228531962 122 122 123 0.14405277119845811 61 75 60 51 55 208 54 231
723 1.5968627204919683 -0.15621026188139095 2.0098091894787449 34 85 44 0.18872369757581445 63 59 60 58 64 47 67 47 68 65
5810 4.8996084712125869 1.8243343941773802 -0.16987235172829279 8 8 8 0.36699782214089544 99 50 105 38 104 72
724 -1.0061567271167073 -0.43264863024312122 1.4990796464392906 17 52 47 0.094698165925059655 61 89 60 66 58 48 57 107 53 247 54 578
725 -0.99730654097038274 -0.42793930774783845 1.501754808455068 122 122 122 0.090461329598677517 63 128 60 68 53 251
726 -1.0190189773347982 -0.42974274745271268 1.5060610588597627 108 114 120 0.17733671312770136 61 93 60 71 58 55 57 111
5813 5.2553345974113457 1.6338673174346696 -0.45709281940304797 165 165 165 0.39914060700277521 98 60 104 97
727 -1.0190272778911114 -0.4297450527265082 1.5060823667464263 108 114 120 0.14729963030051549 61 94 60 72 59 59 58 56 57 112
728 -1.0342243449447344 -0.4288063888272054 1.5025776554638057 109 115 121 0.08124319062688086 63 132 60 74 55 279 54 271
5815 5.2202028459041081 1.6798247821724155 -0.36701374868155745 165 165 165 0.24663263687630516 102 67 104 116 107 76 106 91 110 91
729 -1.3041866794959511 -0.46983079089400293 1.4786689216967772 13 24 46 0.3744667307147051 56 118 60 76 59 343 58 31 53 180 54 177 52 465
5816 5.2202028459041081 1.6798247821724155 -0.36701374868155745 165 165 165 0.24663263687630513 102 68 104 117 110 92 106 92 107 77
730 -1.3041866794959511 -0.46983079089400293 1.4786689216967772 13 24 46 0.3744667307147051 56 119 60 77 59 344 58 32 53 181 54 178 52 466
731 -1.0195886808068724 -0.42370652948161341 1.5084563351870384 124 124 124 0.087517886533184014 61 95 60 83 59 63 58 60 55 291
732 -0.77261435408412948 -0.37690083164275934 1.5413527300702334 124 124 124 0.1102705625178366 56 308 60 93 59 87 55 342 53 341
5819 5.5524882246661962 1.7337458429965054 -0.29058090707906464 59 62 72 0.92988503686191226 99 158 104 126 107 83
733 -1.0269677152503018 -0.39692970950957529 1.5256926959998711 121 121 122 0.00074696861850835009 61 108 60 121
5820 4.3244957018755601 0.27593569707911925 -0.12483515386740733 0 0 0 0.81683588073096414 105 33 104 142
734 -1.0229359215722118 -0.39722320102994896 1.531578913628509 32 40 55 0.076972166592668492 61 435 60 122
5821 4.3244957018755601 0.27593569707911925 -0.12483515386740733 0 0 0 0.81683588073096414 105 32 104 143
735 -1.0023210162527274 -0.39247257318860751 1.5329691223106543 119 119 120 0.082300089141332661 56 281 60 125 59 102 58 72 55 323 53 302 54 336
736 -0.97304224105320891 -0.38747126814176203 1.5333261158834535 123 123 123 0.10008956223879614 56 294 60 126 59 104 55 329 54 607
737 -1.0415210776656785 -0.39812366604307142 1.5298022718280135 33 40 55 0.13616179228442099 61 112 60 128 53 283 57 149 54 323
5824 5.3993032477332283 1.4847730670338646 -0.83122411965547238 59 62 72 1.5475607036910113 105 71 104 163 109 151 108 172 107 161 112 271 106 202 110 202
738 -1.0147630986413634 -0.37589012016830137 1.5502330258238877 122 122 122 0.084752029966925005 63 173 60 137 59 116
5825 5.0385218398712741 1.5687426795590214 -0.58464994536170622 80 84 97 1.5646257163410855 92 228 105 124 104 164 108 175
739 -1.3102043711597795 -0.39426721442435947 1.5445136420094159 121 121 122 0.20963143998341122 56 284 60 158 59 136 58 85 55 314 53 262 54 284 52 285
740 -1.3577312201777423 -0.37905572876433863 1.5587863285574308 123 124 124 0.10579620177360068 56 312 60 177 59 142 58 94 57 188 55 326 53 279 54 303 52 292 51 476
5827 5.251420550618378 1.6549488245815553 -0.40130670919852601 165 165 165 0.029364341491179079 100 105 104 175
741 -1.039780313528043 -0.30009848531325745 1.6127958082255818 28 36 52 0.33234065040023142 61 174 60 191 55 385 63 218 53 368
742 -1.0516783899175521 -0.26370529906508022 1.4041617462795546 120 122 120 2.486106280341712 61 176 53 372 54 377
743 -1.0397839904927235 -0.29420827398484295 1.6181620718072864 29 36 52 0.63640803507845634 61 179 63 227 60 200 59 168 55 400 53 373 54 379
744 -0.78730730506670132 -0.24426835604364441 1.6524227073533746 24 42 51 0.082815437690194935 60 201 59 184 55 448 64 146 67 146
5831 5.399069611552842 1.4962875237265538 -0.80346230744071456 82 86 99 1.0628061122878036 105 72 104 203 110 194 106 194 108 174
745 -0.78725671267846387 -0.24419154530203988 1.651695028665348 24 42 51 0.018223977688779872 60 202 59 185 64 147 67 147
5832 5.2307940047549462 1.6573467577349763 -0.38545406229461776 0 0 0 0.89818789857026071 105 167 104 211 110 211 106 211 109 183 108 205 111 212 114 287 115 249 111 181 107 123 107 151 114 253 116 263 115 213 122 531 122 629 117 383 117 424 121 470 120 421 120 456
746 -0.76126781119584719 -0.20944826424689697 1.6844152492798101 119 119 120 0.147113193253012 63 235 60 212 64 162 67 162 65 122
747 -1.0119176853314709 -0.24654339058099675 1.6576818864519376 23 31 50 0.080436073643492298 63 490 60 217 59 210 58 155
5834 3.9186874622397418 1.8392201268187154 -0.38305915258176176 227 227 227 0.42591515776579131 105 176 104 248 110 235 106 235
748 -1.011918421887912 -0.2465994698523731 1.6581114505339587 23 31 50 0.07161091107742297 63 491 60 218 59 209 58 154 53 407
749 -1.2832607911730263 -0.29857353434457723 1.6312310276830391 18 48 47 0.28496852187587368 56 676 60 219 55 668
750 -1.2860695749266084 -0.28761505748569649 1.633341934963036 122 122 122 0.089542510824188792 56 348 61 488 60 221 59 208 58 144 55 396 53 359 54 363 52 314
751 -1.341224099914039 -0.295893623803135 1.6282738536726897 95 111 98 0.1090839733755997 56 334 60 224 59 206 58 132 57 219 53 347 54 352 52 302 51 297
5838 5.5552639601436828 1.7476774751564854 -0.25369898737843077 113 119 137 0.20661204786320025 105 261 104 306 110 277 106 277
752 -0.94631494497366986 -0.20373652277104434 1.6915581417756473 122 122 122 0.23696000512464852 56 452 63 251 60 227
5839 4.0527633648859611 2.0033931806116843 -0.55169132130915821 8 8 8 0.89480531183959044 104 130 112 90 122 190
753 -1.3319428696192719 -0.28435234525058428 1.6370935047438226 24 36 52 0.24620639714098144 56 358 60 228 57 232 55 398 53 355
754 -1.2813409064752019 -0.27055745565112832 1.6471785506885022 118 119 119 0.20571112845351139 56 387 60 233 52 319
755 -0.99554116907254731 -0.20410340314333048 1.6916921091685253 121 121 122 0.10721291188133837 56 446 60 237 58 172 57 279 55 479 53 455 54 441
756 -1.3509499838453654 -0.27870890927875641 1.6412478918362754 109 115 122 0.15733704899724238 56 372 60 238 57 245 54 361
5843 4.1328611720532624 2.0298905466623887 -0.56049649317891881 8 8 8 0.89035219065776583 104 125 112 129 110 178 106 178 123 421
757 -1.0704315051924487 -0.21411500281129336 1.6886492625272604 123 123 123 0.12976107981137605 61 494 63 267 60 246 59 228 55 466 53 433
758 -1.0858774293204978 -0.20480723506762274 1.6918585782236688 121 121 122 0.14233911844864205 63 499 60 253 59 239
759 -1.3474176187995781 -0.25136802908572059 1.6659233873549155 30 37 53 0.15212194028663589 56 408 60 258 59 236 58 165 57 269 55 420 53 382 54 376 52 322 51 480
760 -1.2556735815073701 -0.21287325402810001 1.6941853193499194 50 54 65 0.18127948293403759 61 235 60 261 58 179
761 -1.273381010906415 -0.21470253440986628 1.6930459305299295 50 53 65 0.058554488532652181 61 237 60 262 59 244
762 -1.2970952800635376 -0.21704757130298391 1.6937445008608865 123 124 124 0.032711353147604087 61 502 60 263 54 393
5849 3.4701202875936361 1.0576254662435485 0.063903170618021476 0 0 0 0.74200454650028469 84 374 87 330 83 381
763 -1.2593661203354916 -0.20658099118683595 1.6997216473405257 122 122 123 0.18861378467238513 56 445 61 239 60 264 59 246 57 292
5850 4.5866822006142272 0.65763244464338177 -0.23518855927593127 228 228 228 1.8561289148576225 105 81 112 223
764 -1.3042013987947525 -0.21319419080487559 1.6976799993015652 124 124 124 0.15921065382225758 56 440 60 266 59 248 57 288 54 399 52 331
5851 -2.6727541975212348 128.95721666121798 -28.80613385450544 165 165 165 0.18651927591632042 113 214 112 226
765 -1.0134340125224117 -0.085506323510884122 1.7958405737578971 123 123 123 0.12465972963515194 62 206 60 287 59 264
5852 -2.6727541975212348 128.95721666121798 -28.80613385450544 165 165 165 0.18651927591632042 113 215 112 227
766 -1.0206695323614761 -0.074591283073508735 1.8074132766317983 121 121 121 0.15828048636784237 56 489 60 290 59 266 58 200 57 321 54 464 52 381
767 -1.2750673410110906 -0.1009423134906572 1.7915755927055195 26 51 50 0.10357210070533981 61 280 60 296 57 311 53 473
768 -1.3455536317873478 -0.11321889169059855 1.785791948752087 123 123 123 0.069484035500604488 61 546 60 301 59 277
5855 3.8382321456706068 1.63670881223943 -0.431237283493968 0 0 0 0.56965160010065452 104 276 112 276 109 205 111 220 114 232 116 331 119 644 117 358 120 402
769 -1.0065206401619005 -0.019941786303048145 1.8496189624383961 124 124 124 0.16220670452750729 62 450 60 302
771 -1.3461316000354913 -0.097941268360194386 1.7961868501312797 117 117 118 0.37957338377999816 61 290 60 306 58 211 57 312 55 486 53 471 54 447 52 356 51 345
772 -1.0912948026751437 -0.0082402222062392637 1.8633617910198632 94 97 102 0.094030994882527072 63 303 60 317 59 297 58 235 57 354 55 521 53 498 54 479 52 392
5859 6.3567711256168913 6.1461053073740715 -1.6159109717234972 59 62 72 0.51373955556479367 104 289 112 367
773 -1.0912935125356011 -0.0082060543950771298 1.8630997391311992 94 97 102 0.082487029900491476 63 304 60 318 59 298 58 236 55 522 57 355 53 499 54 480
5860 3.9217434226867374 1.9079205847362486 -0.5097607570972591 231 231 231 1.6129170860092101 101 403 112 374 111 292 114 349 115 360 116 429 120 559
774 -1.3601349011852744 -0.06516202343121924 1.8258632467840585 121 122 122 0.074256001778310918 61 305 60 326 59 294
775 -1.2984642091809815 -0.032136813023878247 1.8517956912327944 121 121 121 0.158128014432554 61 312 60 329 57 341 55 507 54 458 52 365 51 369
776 -1.3189586143114038 -0.032855433714715131 1.8508458537857642 123 123 123 0.10696351450642359 61 314 60 331 59 300 53 485 54 455 51 364
777 -1.3281986197689855 -0.033020306423292782 1.8519954458640626 123 123 123 0.18423322525797364 61 317 60 334 59 481 58 241 57 635 55 748 53 483 54 671 52 556 51 635
778 -1.2563371422764253 -0.0090957459976683912 1.8686153940652939 97 100 104 0.075376354538901569 63 310 60 336 58 245 54 473
779 -1.3451691273496318 -0.028830910116865727 1.8548418045962431 122 122 123 0.097154954575792429 61 324 60 338 52 363 51 361
780 1.2213072335016821 -0.30043156581995267 1.8478071173156969 57 57 57 0.27869634090875983 61 2 63 10 60 356 70 16
781 -1.0479771020113158 -0.46749567902046019 1.467773411411514 112 118 124 0.40130872883660107 56 120 60 375 59 337 55 183 55 574 53 554
782 1.5938526897922245 -0.12718142425776041 2.0226657895004485 9 9 9 0.16537289097921265 63 409 60 387
783 -0.77509843262888645 -0.38753955846831839 1.5272405037389218 124 124 124 0.11325610927700076 56 625 60 395 59 353 57 473 53 801
784 -0.77463553314785538 -0.38808089813298074 1.5290584267305245 124 124 124 0.074859821483833924 56 626 60 396 57 474
786 -1.3444299921806409 -0.45494703422098104 1.4931621495917287 16 27 48 0.15584085473153497 56 165 60 419 59 70 58 51 57 95 55 200
787 -1.3445256762052877 -0.4552173846135078 1.4938841697386378 16 27 48 0.14059896607848615 56 166 60 420 59 71 58 52 57 96 55 201 53 195 54 197 52 208
788 -1.3061496269349278 -0.39415775451322815 1.5444471739413084 37 42 57 0.2373135420800834 56 285 60 442 58 86 57 173 55 315 53 263 54 285 52 287
789 -1.3694828444500138 -0.39911902207886718 1.5428211513193817 123 123 123 0.11828587414299584 56 273 60 446 59 137 58 87 57 170 53 254 54 572 52 511 51 474
790 -0.79718878637532387 -0.25224662471389636 1.6485861885445625 45 50 62 0.33753995375132878 61 458 63 472 60 458 58 394 55 442 53 421
791 -1.0403154778520221 -0.28735978572465187 1.626421116595054 25 33 51 0.09264139267957211 61 467 60 461 59 178
792 -1.345458508528715 -0.29206051543045525 1.6324279459292546 19 37 48 0.12850142499800973 56 677 60 473 59 398 58 398 55 383 53 621 54 847 52 520 51 606
5879 6.5983802375989216 1.0948372395158803 -0.036948799106587021 0 0 0 0.99065822612279364 84 695 99 298
793 -1.3208101690634193 -0.28141287347248195 1.6396495868682899 10 28 44 0.14838668981526443 56 695 60 474 59 401 58 403 57 558 55 677 53 626 54 617 52 703 51 611
5880 5.4573617922935425 1.6995554328869087 -0.17587152938781028 115 121 138 0.41240136999948385 105 193 104 245 97 16 96 24
794 -1.3426692109261325 -0.28177167245103574 1.6410174978740304 123 123 123 0.17709943021922309 56 364 60 475 58 153 53 360 54 360
795 -1.322212627835794 -0.27281867265054066 1.6477232621665046 27 37 51 0.13476665128506332 56 385 60 477 59 407 58 159 57 254 55 406 53 371 54 367 52 524 51 477
5882 4.0624939512092908 1.9880314841257032 -0.55458241213801107 230 230 230 0.2664043936099425 104 37 110 2 106 2 107 1 108 3
797 -1.3390256121187396 -0.21810785518653494 1.6962403646957747 123 123 123 0.2561648457922529 56 433 60 495 59 249 57 284 55 447 53 402 54 388 52 328 51 323
798 -1.3042605970890289 -0.19418063731557092 1.7125103791622867 93 96 101 0.15594507055467277 56 459 61 514 60 498 57 304 54 636 52 536 51 491
799 -1.3861053747392749 -0.19531404540075273 1.7170336956377754 95 98 103 0.18246110408588126 56 746 60 504 59 442 58 436 55 470 57 307 53 646 54 631 52 530 51 483
5886 4.2996448934923324 0.5451320489191005 -0.18838775499837171 0 0 0 0.76581224025474059 102 31 110 27 106 27
800 -1.3858656642195186 -0.19523233392529313 1.7149197458938299 95 98 103 0.10213711727516737 56 747 60 505 59 443 58 437 53 647 54 632
802 -0.94376366761934882 -0.0068599190281960149 1.8636987739893927 98 100 104 0.22105090707657746 56 826 60 531 58 469 61 272 54 492
5889 5.0494094646147278 1.7094965266997979 -0.27985675930865256 165 165 165 0.092931296237790506 104 138 110 41 106 41
803 -0.9440338121267684 -0.0068688843395248601 1.8623760807356839 98 100 104 0.22615304540362402 56 827 60 532 58 470 61 273 54 493 63 288
5890 7.8391622957829998 12.063767524088885 -6.0587311995226445 74 78 90 0.89943881854888985 112 221 110 48 106 48
805 -1.2853928193601836 -0.091603151081377371 1.7979698340411718 119 122 119 0.08286023357096324 61 548 60 536 59 459 58 209 57 314 56 480 55 493
806 -1.2855185031598895 -0.091683811052879566 1.7992224427774925 119 122 119 0.094200086899254534 61 549 60 537 59 460 56 481 58 210 57 315 55 494 53 689 54 659 52 553 51 509
5893 5.4317855947287788 1.6358546863616963 -0.4947543103470991 8 8 8 0.2606199267121998 105 51 110 59 106 59 108 74 111 109
809 -1.3114784320649455 -0.091904512869562666 1.8001070109044397 119 122 120 0.097014041586132263 61 558 60 547 59 463 56 476 58 212 57 319 55 489 53 684 54 651 52 546 51 503
5896 5.2146860129962169 1.6518360354135753 -0.39991025462110252 0 0 0 0.69716435152390688 100 108 105 89 110 80 104 180 112 231 106 80 109 138 114 252 115 248 107 112 116 258 122 530 117 329 121 385
810 -1.3114784320649455 -0.091904512869562666 1.8001070109044397 119 122 120 0.097014041586132263 61 559 60 548 59 464 58 213 56 477 57 320 55 490 53 685 54 652 52 547 51 504
813 -1.3192571058295004 -0.0095150674828647797 1.8707760623033445 100 102 107 0.14206321957480419 61 566 60 563 59 488 58 484 57 362 53 715 52 561
5900 5.290807456209552 1.685392268258759 -0.33321122379254364 0 0 0 0.18424729672578133 104 124 110 99 106 99 107 81
814 -1.3192571058295004 -0.0095150674828647797 1.8707760623033445 100 102 107 0.14206321957480419 61 567 60 564 59 489 58 485 57 363 53 716 52 562
5901 5.4223241061925123 1.7242684092927596 -0.3291467741314596 61 64 74 0.76214728371433405 104 121 110 100 106 100
815 -1.3277147756367895 -0.47481198040724776 1.4767468291992698 124 124 124 0.25074532780057923 56 837 60 579 59 514 58 285 58 521 57 412 57 654 55 782 53 748 54 735
816 -1.327825068886817 -0.47441089914029499 1.4750754443160805 124 124 124 0.31169206022530094 56 838 60 580 59 515 59 661 58 522 57 413 57 655 55 783 53 749 54 736
5903 4.4037726687278944 0.37302251746786769 -0.18317090535460231 0 0 0 1.0544067400400923 105 125 110 123 106 123
817 -1.3166186261119617 -0.46889186402078614 1.482905812339623 12 90 38 0.20060294149701158 56 561 60 585 59 517 58 524 57 417 57 657 55 787 53 546 54 742 52 637
5904 4.6353151585595693 2.0005187689820949 -0.56470221042661528 8 8 8 0.25656756687628807 104 182 110 131 106 131
818 -1.3166186261119617 -0.46889186402078614 1.482905812339623 12 90 38 0.20060294149701158 56 562 60 586 59 518 58 525 57 418 57 658 55 788 53 547 54 743 52 638
5905 4.6353151585595693 2.0005187689820949 -0.56470221042661528 8 8 8 0.25656756687628807 104 183 110 132 106 132
819 -1.3225044924742131 -0.46789750092493582 1.4777948527686151 122 123 123 0.17982774012767178 56 560 60 587 59 519
5906 17.926960083371828 31.593658763883781 -6.8089179864538387 0 0 0 0.37413916070503211 104 173 113 304
820 -1.2888881904927167 -0.44962255295354042 1.4957560018386502 19 28 48 0.11077760759957293 56 581 60 595 59 524 58 532 57 430 55 583 53 564 54 753 52 650
821 -1.2888462949342054 -0.44946108091317005 1.4953159048611886 19 28 48 0.12544831529214587 56 582 60 596 59 525 58 533 57 431 55 584
5908 3.8940168901167453 1.7732258260074847 -0.41528203063322139 0 0 0 0.32595896865351065 104 141 110 187 106 187 107 113
822 -1.0472854079883709 -0.39391035909053307 1.5324748956561114 124 124 124 0.038686624766756571 61 604 60 601 59 545
5909 5.4955851813789183 1.8462232066223088 -0.27684282587250264 231 231 231 1.0448445878487078 104 132 110 188 106 188 107 129
823 -1.2408662699253536 -0.37844387824700343 1.5550333943460983 99 101 106 0.10533295179914461 56 868 60 617 59 555 58 574 57 697 55 814 53 787 54 803 52 808
5910 5.942099956728236 1.4007887156055023 -1.0879410339318243 231 231 231 0.1442728069616529 104 197 110 191 106 191
824 -1.2408662699253536 -0.37844387824700343 1.5550333943460983 99 101 106 0.10533295179914461 56 869 60 618 59 556 58 575 57 698 55 815 53 788 54 804 52 809
5911 5.942099956728236 1.4007887156055023 -1.0879410339318243 231 231 231 0.1442728069616529 104 198 110 192 106 192
825 -1.3080857868678888 -0.37869611999192931 1.556504253865399 92 95 101 0.131376101938871 56 637 60 620 59 563 58 358 57 514 53 598 54 789 52 690
826 -1.3416268696260671 -0.37951258858201742 1.5574332289329196 97 99 104 0.115609990765988 56 636 60 622 59 380 58 361 57 517 55 627 53 596 52 684
5913 3.8749962836814089 1.9462954116320519 -0.47942238601883774 231 231 231 0.68396396153511041 104 139 110 196 106 196 114 273 122 570 121 456
827 -1.3636802662204537 -0.37933108069051896 1.5572491982734384 90 93 99 0.085145776678077004 56 633 60 623 59 568 58 362 57 518 55 624 53 593 54 589 52 516 51 602
5914 3.9204234633003927 1.8512943411394658 -0.38552403674448776 228 228 228 0.43293154175293524 104 144 110 198 106 198 105 113
828 -1.3636802662204537 -0.37933108069051896 1.5572491982734384 90 93 99 0.085145776678077004 56 634 60 624 59 569 58 363 57 519 55 625 53 594 54 590 52 517 51 603
829 -1.3202318202952672 -0.28773327287306627 1.6387150541482418 124 124 124 0.10710204177391465 56 684 60 641 59 585 58 400 57 553 55 674 53 623 54 614 52 700 51 607
830 -1.3202318202952672 -0.28773327287306627 1.6387150541482418 124 124 124 0.10710204177391465 56 685 60 642 59 586 58 401 57 554 55 675 53 624 54 615 52 701 51 608
831 -1.3341376962544469 -0.27823829848039694 1.6430779207325628 111 118 124 0.086683862603491812 56 700 60 646 59 404 58 404 57 560 55 678 53 627 54 618 52 523 51 609
5918 5.1386174490487813 1.6372406361356135 -0.43279789993614609 0 0 0 0.98341039239577432 98 130 99 199 101 196 103 150 105 162 112 315 110 205 100 103 102 97 112 257 106 205 108 182 111 145 114 214 107 146 116 349 116 250 117 319 121 379 120 418
832 -1.3414519224957036 -0.2556227237403933 1.6641493796090085 124 124 124 0.23309765054252043 56 715 60 653 59 416 58 411 57 569 54 850 52 705 51 612 52 525
5919 5.1386174490487813 1.6372406361356135 -0.43279789993614609 0 0 0 0.98341039239577432 98 131 99 200 101 197 103 151 105 163 112 316 110 206 102 98 100 104 112 258 106 206 108 183 111 146 114 215 107 147 116 350 116 251 117 320 121 380 120 419
833 -1.2641594309820445 -0.19426070011316304 1.7096440293429764 100 102 106 0.099813229269588549 56 918 60 654 59 616 58 620 57 758 55 862 53 841
5920 3.838719831582917 1.6358161948046932 -0.43257599956953641 0 0 0 1.070693809800104 104 243 112 275 106 217 109 204 111 219 114 231 116 330 119 643 117 357 120 401
834 -1.2641594309820445 -0.19426070011316304 1.7096440293429764 100 102 106 0.099813229269588549 56 919 60 655 59 617 58 621 57 759 55 863 53 842
5921 3.8330617956463753 1.6480275635363053 -0.43858810545746235 0 0 0 0.088313404859835354 104 244 110 218 106 218
835 -1.3140328116722866 -0.19529667389137012 1.7118731384766928 105 106 110 0.14140410550971663 56 916 60 656 59 618 58 624 57 760 55 860 53 835 54 854 52 709 51 724
5922 4.6648118514322467 2.4486580542456635 -0.1976212346110903 8 8 8 0.9315007367105157 112 264 110 220 106 220 109 195 108 190 111 188 107 160
836 -1.3140328116722866 -0.19529667389137012 1.7118731384766928 105 106 110 0.14140410550971663 56 917 60 657 59 619 58 625 57 761 55 861 53 836 54 855 52 710 51 725
5923 4.3244261334387026 0.50452953746775642 -0.24131641063377096 228 228 228 0.92553839051496212 102 176 110 222 106 222
838 -1.3050775865666606 -0.095502945458798463 1.7978367297777451 13 90 38 0.1060834736547414 56 786 61 676 60 665 59 458 58 452 57 618 55 729 53 681 54 650 52 717 51 630
840 -1.3273563756041145 -0.068973180231754486 1.8153858872447839 67 77 78 0.13814903690202607 61 683 60 671 59 631 58 462 57 774
841 -0.065396946371273648 0.34688123877903981 2.1430065830143841 0 0 0 2.0318290651243509 63 652 60 676
5928 3.8369503206392013 1.6088378574130362 -0.39448922807312164 0 0 0 0.92759673845022761 104 247 112 278 110 234 106 234 109 174 108 181 115 192 115 262 107 170 116 333 119 645 123 618 118 375 118 605 122 505 122 558 124 671 117 302 121 417 120 404 120 440 125 659
842 -0.065396946371273648 0.34688123877903981 2.1430065830143841 0 0 0 2.0318290651243509 63 653 60 677
5929 5.2016960333717561 1.6481709284107984 -0.41118501545084851 0 0 0 0.25021286332365589 104 268 110 243 112 350 106 243 109 233 108 239 111 268 114 337 115 327 116 396 117 496 121 562 120 543
843 0.069177153688907894 0.39659770919584997 2.3959460728253625 142 142 142 0.1826436168680465 61 672 62 677 60 680
5930 5.4935218505326926 1.8482223785903975 -0.30671588060029825 231 231 231 0.83362725397669912 104 272 110 253 106 253
844 0.047032789288169077 0.43519436551122004 2.4262473117876051 142 142 142 0.42060393431250143 56 1104 60 683 62 684 59 744 60 788
5931 4.9067473856334844 1.7571622472783679 -0.17105357054456236 59 62 72 0.98904911374726667 104 299 110 255 106 255 107 158
845 1.235468745602708 0.81334094516989064 2.7980393366610494 42 40 40 0.29130572368935514 62 543 60 684 59 641 58 651
846 -0.74445363357653049 -0.47169741508912516 1.4532201370003752 124 124 124 0.21770093094797843 61 699 60 685 59 644 56 962 58 652 57 797 64 513 67 513
5933 4.3048240783116372 1.9667882661285967 -0.45025363250632311 118 124 142 1.5899212588014942 104 307 110 262 106 262 107 202
847 1.2264315725267554 -0.28327236553752244 1.8667951406133976 57 57 57 0.7909899360577175 61 576 63 565 60 692 64 344 67 344
5934 3.8434394757341517 1.6322653085056407 -0.40357877111318569 0 0 0 0.8878144013123519 112 347 110 263 106 263 109 239 108 245 111 279 114 333 115 342 107 199 116 410 119 802 123 757 118 709 118 740 122 654 124 809 117 480 121 522 120 508
849 -0.69994662794332085 -0.44124861352183309 1.4771564562079509 124 124 124 0.47650444394801883 61 803 60 694 59 653 56 979 58 664 55 918
5936 3.888628305900216 1.6452062668264225 -0.2797291519855421 0 0 0 0.40608071986400185 104 300 112 349 110 267 106 267 109 243 108 236 111 267 114 314 115 319 107 204 116 389 119 776 123 732 118 716 122 660 124 779 117 483 121 527 120 510 125 812
850 -0.77719466372524415 -0.44524279806909678 1.4809488200635805 124 124 124 0.098677367152795736 62 722 60 696 64 518 67 518
5937 5.5514675379973681 1.6930384885899563 -0.51021200314337167 59 62 72 0.39658253206473076 110 268 106 268 109 250 108 258 111 295 107 207
851 -0.72832939497001781 -0.41274506179173154 1.5085189408391073 124 124 124 0.21534989699512391 56 988 60 701 57 825 55 935
5938 5.4718246073621408 1.6827477440777876 -0.45617714440884438 231 231 231 1.3964589683506352 104 288 110 269 106 269
852 -1.3053195150122809 -0.47510211666879437 1.4770199763739815 124 124 124 0.27665084123190975 56 839 60 707 59 513 58 519 57 652 55 784 53 750 54 739 55 562 52 632
5939 5.4744532034378199 1.7621993286917341 -0.32931159631723422 231 231 231 0.55533118303100137 104 290 110 273 106 273
853 -1.3052669431420298 -0.47538179292429938 1.4779910225476818 124 124 124 0.2928070418912348 56 840 60 708 58 520 57 653 55 785 53 751 54 740 52 633 53 545
5940 3.9327627336438375 1.8653889991462576 -0.42985698168186554 110 116 133 0.7963123253967489 104 308 110 276 106 276
854 -0.97880250754929432 -0.39174040479161243 1.5295087351107712 76 78 85 0.13631984739788294 56 1002 60 719 57 840 53 930
5941 3.8153478004292443 1.5215419683191622 -0.38589980613591995 0 0 0 0.46824627969237881 104 298 112 343 110 265 106 265 109 238 108 244 111 278 114 331 115 315 115 341 107 201 116 385 119 762 123 723 118 705 122 649 124 769 117 477 121 518 120 505 125 808
855 0.91593098107800419 -0.1010577866336351 2.051233068201646 29 30 30 0.83982230745771891 63 709 60 727 59 700 63 591 65 387 72 260 69 274
5942 3.8382905002006447 1.6071898755121896 -0.39489000762063226 0 0 0 1.1555757173604018 104 246 112 277 100 194 105 202 110 233 106 233 109 173 108 180 115 191 107 169 116 332 115 261 119 646 123 619 118 376 118 606 122 506 122 559 124 672 117 301 121 416 120 403 120 439 125 660
857 -1.2850016708078058 -0.37789236391973807 1.5566214402174343 85 89 96 0.13342045008994413 56 871 60 734 59 559 58 577 57 704 55 813 54 930 55 944 52 807
858 -1.3509610104536747 -0.38037985418403347 1.5563180171001487 102 104 108 0.17010313904107974 56 860 60 737 59 691 58 702 57 699 55 806 55 940 53 922 54 918 52 804
859 -1.3509610104536747 -0.38037985418403347 1.5563180171001487 102 104 108 0.17010313904107974 56 861 60 738 59 692 58 703 57 700 55 807 55 941 53 923 54 919 52 805
860 -1.3404897872096191 -0.28657083664883337 1.6365470375782072 124 124 124 0.14553198794060698 56 893 60 750 59 709 58 593 59 587 57 724 55 838 53 816 54 848 52 697 51 712
861 -1.0361991801861599 -0.20986743046088627 1.6876137999403953 96 98 101 0.084439817436860756 61 752 60 751 58 612
862 -1.0361991801861599 -0.20986743046088627 1.6876137999403953 96 98 101 0.084439817436860756 61 753 60 752 58 613
863 -1.090052229615476 -0.21079683587889914 1.6904210193188727 70 72 80 0.084982070136430846 56 1060 60 757 59 723 58 734 57 737
865 -1.2804079449984824 -0.24232431174914679 1.6736512099099139 12 73 41 0.1736384581052863 56 908 61 758 60 760 58 605 55 846 53 980 58 727 54 959 52 817
5952 5.3850460961486588 1.7359117355682459 -0.32179915363984701 59 62 72 0.095532106415687421 104 304 110 275 106 275
866 -1.26522472980038 -0.21145370990930848 1.6950355142163587 61 65 73 0.10758976610348585 56 912 60 761 59 612 58 616 57 750
867 -1.26522472980038 -0.21145370990930848 1.6950355142163587 61 65 73 0.10758976610348585 56 913 60 762 59 613 58 617 57 751
868 -1.2946141079661899 -0.21209546309994146 1.699406486269436 62 65 75 0.22602723105582528 56 910 60 763 59 614 58 618 57 752 54 851 51 722
5955 5.2202426303914145 1.6655639158730167 -0.39512621173551143 165 165 165 2.0069914123223143 112 102 109 24 122 198 120 41
869 -1.2941758789972366 -0.21167761929661849 1.694538733246119 62 65 75 0.098765918489317081 56 911 60 764 59 615 58 619 57 753
870 -1.366770598065409 -0.19420811881245342 1.7180822361803423 99 101 105 0.15248969359846859 56 920 60 765 58 626 57 762 55 858 53 830 54 852 52 707 51 718
5957 2.9293070001435408 3.5471500512762875 -0.76979700903168946 0 0 0 1.9760583124137583 110 186 109 41 106 186
871 -1.3667677570829269 -0.19423885330664881 1.7180534520417454 99 101 105 0.15191846378405552 56 921 60 766 58 627 57 763 55 859 53 831 54 853 51 719
5958 3.894139045609482 1.7748146416413617 -0.41653831967560812 0 0 0 0.71218807534278461 112 131 109 42 114 163 115 195 107 114 117 204 120 265 119 404 123 388 124 436
872 -1.0225500476270066 -0.1051890834027695 1.7783642426875086 13 78 40 0.15071532514822752 61 763 60 768 59 728 56 1080 58 629 58 751 56 935 57 764 53 1008 54 973 52 827
5959 3.7257786423194137 1.4721936347295763 -0.76968463622862149 59 62 72 1.3972706966554951 112 62 109 49 108 21 108 105 111 138 107 8 107 35 116 43 123 27 122 237 124 36 124 318 121 74
873 -1.0452398296746519 -0.077836416889653134 1.8057466016586357 124 124 124 0.15860209590372931 61 770 60 773 59 731 58 754 57 773 58 635 55 879 53 872 53 1018 54 978 52 830
874 0.047152857858440742 0.43506945159311744 2.4260993566676525 142 142 142 0.44577901300234835 62 685 60 789 59 743 56 1103
5961 5.5615359867246701 1.4893544009452684 -0.82073708732751272 74 78 90 0.47342262207643543 106 30 110 30 109 52 108 50 111 91 107 34
876 -1.0753605714292049 -0.54379764868643354 1.4035341960295125 83 85 91 0.22014716333028819 61 796 60 797 59 753 55 1049 53 1041 54 995
5963 4.9330066324745232 1.6453371919099515 -0.47459579973559612 231 231 231 1.0472500412034249 112 142 109 74 111 105 116 192 117 224 118 517
877 -1.0753566300052879 -0.54337308047757427 1.4031110463220458 83 85 91 0.06943905209452314 61 797 60 798 59 754
5964 4.485310671865375 0.64411849358579309 -0.20746637302486104 228 228 228 2.7332480559936787 100 106 109 75
878 -1.0262628738231356 -0.48974514113426676 1.4501435924293462 12 89 38 0.15372886600483493 61 806 60 800 59 755 56 1116 58 773 57 794 55 1056 53 1052 54 1005
5965 5.538632993655825 1.7345915352494985 -0.51126286515756136 231 231 231 0.023448403035697684 106 61 110 61 109 80
879 -1.0026261659903106 -0.44359258642435345 1.4878153368506895 95 100 106 0.16507115918768295 56 1135 60 812 59 766 57 946 55 1080 53 1076 54 1087
5966 4.935604363488852 1.8129736780852184 -0.30415888380250689 231 231 231 0.95410318553855644 112 49 111 125
880 -0.73518399175442639 -0.39912637358430808 1.5189606058282104 124 124 124 0.099152404069493605 56 1151 60 816 59 774 58 791 57 956
881 -1.3165369505135684 -0.48316654075324111 1.469486172206167 124 124 124 0.18699516547544157 56 954 60 819 59 763 58 665 57 807 55 899 53 893 54 1000 52 862
882 -0.99133496774171803 -0.4313823074080666 1.5053079092060817 124 124 124 0.31407594594137944 56 1143 60 822 59 770 58 789 57 953 55 1088 53 1080 54 1029
5969 5.2863777144575765 1.3086715489043999 -1.0055810715615214 231 231 231 1.0702148743206168 105 123 108 103 111 135
883 -1.3093934790879922 -0.46458941971276896 1.4792555048571598 116 120 124 0.26574561169149469 56 971 60 832 58 673 57 811 55 906 59 771
884 -1.0639220941180161 -0.42072372991836055 1.510259225511311 12 89 38 0.079274675382857068 56 984 60 835 58 683 57 830 55 920 53 1085 54 1028
885 1.048681276047527 -0.10102704237801095 2.0521385525026625 29 30 30 1.2577157364199725 63 706 60 842 61 718 60 726 59 696 64 365 67 365 65 386 66 214 66 247 72 317 70 311
886 -1.2641715900904036 -0.39632381680301104 1.5414552456061719 103 103 106 0.20602724125172206 56 993 60 844 59 685 58 698 57 849 55 932 53 1090
5973 4.1675637847230265 2.0625408435647614 -0.52107548550084359 8 8 8 2.0151391813026169 103 251 109 134 108 67 119 444 118 273 122 282 117 141 121 118 120 86 116 71 117 72
887 -1.2641715900904036 -0.39632381680301104 1.5414552456061719 103 103 106 0.20602724125172206 56 994 60 845 59 686 58 699 57 850 55 933 53 1091
888 -1.3176325103429996 -0.39710271807413011 1.5417171828259926 61 65 74 0.11708763126886779 56 991 60 846 59 688 58 700 57 852 55 929 53 913 54 910 52 802
889 -1.3176325103429996 -0.39710271807413011 1.5417171828259926 61 65 74 0.11708763126886779 56 992 60 847 59 689 58 701 57 853 55 930 53 914 54 911 52 803
890 -1.2721793840271678 -0.38670841028143105 1.5403799243013749 124 124 124 0.36256981540200922 56 1169 60 848 59 789 58 806 57 977 55 1105 53 1095 54 1031 52 882
891 -1.3438090286271607 -0.39646842386240666 1.5424788227585851 52 56 68 0.18013545679624623 56 1155 60 849 57 973 55 1098
5978 4.4317778546031228 2.2923686923304425 -0.35291649480197029 8 8 8 1.0136254263544051 112 155 109 145
892 -1.3438090286271607 -0.39646842386240666 1.5424788227585851 52 56 68 0.18013545679624623 56 1156 60 850 57 974 55 1099
5979 3.8224895649613275 1.6322365275009521 -0.48352486809184575 228 228 228 0.7760107892629432 106 213 110 213 109 152 111 163 114 204 115 124 107 138 116 236 122 374 117 295 120 338
893 -1.3568663667526777 -0.39754679831503209 1.543918832560788 110 111 112 0.2984649624307173 56 1153 60 851 59 790 58 804 55 1095
5980 3.8224895649613275 1.6322365275009521 -0.48352486809184575 228 228 228 0.7760107892629432 106 214 110 214 109 153 111 164 114 205 115 125 107 139 116 237 122 375 117 296 120 339
894 -1.3568663667526777 -0.39754679831503209 1.543918832560788 110 111 112 0.2984649624307173 56 1154 60 852 59 791 58 805 55 1096
895 -1.3797729355850556 -0.37914787777330683 1.5525404456511191 103 105 108 0.2321975170964905 56 1005 60 856 59 693 58 704 57 857 53 920 52 880 51 779
896 -1.3797729355850556 -0.37914787777330683 1.5525404456511191 103 105 108 0.2321975170964905 56 1006 60 857 59 694 58 705 57 858 53 921 52 881 51 780
897 -1.1033588624693107 -0.21119112532015208 1.6907491241543027 52 56 66 0.17592351513192228 61 859 60 865 59 811 55 998 54 1052 52 892
5984 5.4351333091806424 1.7568249026093106 -0.30679099727807696 231 231 231 1.7330585082071097 112 242 109 191 108 187 111 153
898 -1.3218422672937149 -0.21244039522703009 1.6968429839556844 81 83 88 0.3329128779354098 56 1057 60 867 59 814 58 740 57 893 55 989 53 1119 54 962 52 819
899 -1.3218422672937149 -0.21244039522703009 1.6968429839556844 81 83 88 0.3329128779354098 56 1058 60 868 59 815 58 741 57 894 55 990 53 1120 54 963 52 820
900 -1.312925462043314 -0.20394543255952824 1.6991787645460366 124 124 124 0.20075699087459178 56 1198 61 863 60 870 59 816 58 827 57 1005 55 1138 53 1123 54 1050 52 890 51 790
5987 5.3359841855899806 1.7209001376558182 -0.28631248420710537 59 62 72 0.19206294953224348 112 319 109 208 107 156
901 -1.3619496729581642 -0.2125031204263268 1.69991436875534 81 84 89 0.28342836903510449 56 1055 60 871 59 725 58 743 57 895 55 987 53 982 54 960 51 783
902 -1.3619496729581642 -0.2125031204263268 1.69991436875534 81 84 89 0.28342836903510449 56 1056 60 872 59 726 58 744 57 896 55 988 53 983 54 961 51 784
5989 3.8290085664515185 1.5716329062085572 -0.39129333777352648 228 228 228 0.39424625960621901 112 345 109 229 111 262 114 312 115 317 119 770 123 727 118 708 124 773 117 479 125 810
903 -1.3228814121063939 -0.20206611422376966 1.697563299334905 124 124 124 0.206644718847182 56 1071 60 873 58 746 57 898 55 995 53 987 52 889 51 789
5990 5.560836394779022 1.8271503737965342 -0.37922847313741659 59 62 72 1.3985777973087505 112 372 109 234 108 250 111 289
904 -1.3332089470257817 -0.20364444524927053 1.7027268112392553 124 124 124 0.17876546813568808 56 1069 60 874 59 817 58 745 57 897 55 994 53 1122 54 1049 52 888 51 788
5991 3.8425395489164873 1.6340479613379633 -0.40404790723413292 0 0 0 0.94387258993860912 106 264 110 264 109 240 108 246 111 280 114 334 115 343 107 200 116 409 119 801 123 756 118 739 122 653 124 808 117 481 121 521 120 509 125 831
905 -1.3430387865274296 -0.083957048578147161 1.7993741442226241 124 124 124 0.16985087869691495 61 877 60 879 59 824 54 1058 51 803
906 1.4441907920550687 0.81629290311060199 2.7599658081979821 44 42 42 0.34863718044976044 61 773 63 856 60 880 59 827
5993 3.7004330891571486 1.4480913455194482 -0.79709400191528468 59 62 72 0.89584402072065616 112 358 109 247 108 253 111 290 114 322 115 337 116 404 119 793 123 750 118 734 122 678 124 824 117 458 117 502 121 545 120 524
908 -1.0525015909005413 -0.54452758436505699 1.4124234159382603 86 89 95 0.19502820181332967 61 924 60 890 59 830 55 1153 53 1135 54 1108
909 -1.0525015909005413 -0.54452758436505699 1.4124234159382603 86 89 95 0.19502820181332967 61 925 60 891 59 831 55 1154 53 1136 54 1109
5996 5.5569982761497139 1.486796985478712 -0.82112400498549343 75 79 91 0.02118536203404511 106 0 110 0 108 0
910 -0.98427082963525903 -0.4546005378923868 1.4762249193492576 124 124 124 0.16144650763910876 56 1129 60 898 59 835 58 777 57 940 55 1069 53 1070
5997 3.8221730632660491 1.6770005010847597 -0.085882493152704881 0 0 0 0.70147187835095859 109 46 108 10
911 -1.0007999480066307 -0.45141163798108852 1.4835304343854585 63 69 79 0.37422379888299462 56 1131 61 943 60 899 59 836 58 778 57 944 55 1170 53 1150 54 1084
912 -1.0007999480066307 -0.45141163798108852 1.4835304343854585 63 69 79 0.37422379888299462 56 1132 61 942 60 900 59 837 58 779 57 945 55 1171 53 1151 54 1085
913 -1.3165731577236586 -0.47488286327098922 1.4805541853743514 12 90 38 0.16764474481090733 56 1120 60 905 59 840 58 781 57 937 55 1058 54 1073 52 917 53 1054
6000 2.5292323564305255 2.0693993076766999 -0.10064712884897506 0 0 0 0.23260430514479419 83 182 86 260
915 1.1140610752653 -0.11846864517511217 2.0272086334312207 9 11 14 0.25231858789499129 61 891 63 875 60 908 59 848 64 558 67 558 66 307 68 303 69 321 70 395
6002 -3.5107504371251204 0.63871302642386996 1.3979630759261708 0 0 0 0.39218969838840917 41 134 42 98 46 135
916 -1.29844828803631 -0.38708825373401856 1.5425473683044464 124 124 124 0.23627205803307497 56 1168 60 915 55 1104 54 1092 52 930
917 -1.3645224526765363 -0.39752916288159768 1.5396224994914336 43 49 62 0.31551047961177392 56 1220 60 916 59 846 58 844 57 1026 55 1175 53 1152 54 1089 52 924
6004 3.8821276910087539 1.5659730129996601 -0.020446466552153621 0 0 0 0.96679473719623932 112 167 108 31 111 152 114 98 114 170 115 205 116 246 119 527 123 410 118 69 122 280 122 401 124 447 117 218 121 116 121 297 120 356 126 550 125 536
918 -1.3645224526765363 -0.39752916288159768 1.5396224994914336 43 49 62 0.31551047961177392 56 1221 60 917 59 847 58 845 57 1027 55 1176 53 1153 54 1090 52 925
6005 3.8821276910087539 1.5659730129996601 -0.020446466552153621 0 0 0 0.96679473719623932 112 168 108 32 111 151 114 99 114 171 115 206 116 247 119 528 123 411 118 70 122 402 124 448 122 281 117 219 121 117 121 298 120 357 126 551 125 537
919 -1.3607785002759918 -0.38528774287723461 1.5379110648843206 124 124 124 0.54400724227247255 56 1167 60 919 59 793 57 978 53 1092 52 926
6006 3.8322820301751368 1.6428824742863302 -0.44401649383774522 0 0 0 0.21738217776724816 109 37 108 35
920 -1.0331942590460266 -0.20630708000906864 1.209493432877629 89 95 103 0.72871023857225015 61 912 59 858
6007 4.1481665451300698 2.0666781709033009 -0.52323959047409474 229 229 229 1.7970582516395404 100 79 103 217 119 157
921 -1.343086598459134 -0.29567381555887506 1.6259770723323048 44 92 57 0.25593062284770712 56 1177 60 930 59 864 58 813 57 988 55 1125
922 -1.343086598459134 -0.29567381555887506 1.6259770723323048 44 92 57 0.25593062284770712 56 1178 60 931 59 865 58 814 57 989 55 1126
6009 3.806003695023938 1.6300725145305806 -0.54116615041182659 0 0 0 0.32925764591799428 109 53 108 51 107 103
923 -1.3115479237545467 -0.27614342537407699 1.6434272854978373 124 124 124 0.17457986565035849 56 1185 60 932 59 803 58 816 57 991 55 1130 53 1113 54 1042 52 883 51 834
924 -1.3115479237545467 -0.27614342537407699 1.6434272854978373 124 124 124 0.17457986565035849 56 1186 60 933 59 804 58 817 57 992 55 1131 53 1114 54 1043 52 884 51 835
6011 3.8495890211068704 1.8613224445962124 -0.56050601143289647 8 8 8 1.4269678726392288 106 163 110 163 108 54 115 79 116 114 123 150 124 418 123 238
925 -1.3237542832020157 -0.27868627225388559 1.6445623649440846 12 86 38 0.1784684906345271 56 1184 60 934 59 869 58 815 57 990 55 1129 53 1112 54 1041 52 932 51 833
6012 3.8131402206681435 1.4894696713732336 -0.37687142304500937 0 0 0 0.034100425126906031 112 125 108 59
926 -1.2963603261715904 -0.26134553789748882 1.654861495768494 124 124 124 0.11293591919218841 56 1191 60 935 59 806 58 818 57 993 55 1132 53 1115 54 1044
6013 3.8131402206681435 1.4894696713732336 -0.37687142304500937 0 0 0 0.034100425126906031 112 126 108 60
927 -1.2963917435688661 -0.26137997079332398 1.6553262572418663 124 124 124 0.12298448852177112 56 1192 60 936 58 819 59 807 57 994 55 1133 53 1116 54 1045 52 933
6014 4.5179640274398372 0.6384176354208585 -0.21395376738389096 228 228 228 0.74606640883898234 105 30 108 62
928 -1.2875705797602353 -0.25105005942952879 1.6625330218107424 8 52 41 0.58232055868632104 56 1194 61 958 60 937 59 872 58 854 57 996 55 1187 53 1164 54 1102 52 935
929 -1.2875705797602353 -0.25105005942952879 1.6625330218107424 8 52 41 0.58232055868632104 56 1195 61 959 60 938 59 873 58 855 57 997 55 1186 53 1163 54 1101 52 934
6016 5.4321330014234688 1.6369878911502964 -0.4950717315898065 8 8 8 0.25181007073233086 106 60 110 60 108 75 111 110
930 -0.71739337081727339 -0.42434170981405361 1.4961524924641987 113 119 123 0.21285347861674508 56 1252 60 947 57 1049 55 1210
6017 5.0798299520843502 1.6853289484017591 -0.328885800984968 0 0 0 0.37248282092642515 112 178 108 85 111 123 114 181 116 204 122 420 121 318 120 304
931 -1.3037753926640192 -0.44482791142511324 1.4926005242392859 112 118 124 0.21446613254196939 56 1248 60 983 59 884 58 866 57 1050 55 1204 53 1183 54 1118
6018 5.0798299520843502 1.6853289484017591 -0.328885800984968 0 0 0 0.37248282092642515 112 179 108 86 111 124 114 180 116 203 122 419 121 317 120 303
933 -1.0255339348187642 -0.27568592656985552 1.6338336428541582 112 118 124 0.087945399523570972 56 1295 60 993 59 920 58 891 57 1095 55 1251 53 1225 54 1156
6020 5.4053550928756362 1.7638435439671303 -0.29149395404875816 59 62 72 0.29523482366160925 109 102 108 93 111 129 116 267
934 -1.0258486768724686 -0.27524919236567241 1.6311241964613008 112 118 124 0.1747696048068223 56 1296 61 984 63 977 60 994 59 921 58 892 57 1096
6021 5.3215754059390035 1.7352665342032501 -0.26265195831579702 165 165 165 0.33078053524142226 104 134 112 204 108 95 111 130 117 147
935 -1.3468645671292858 -0.064682790531767731 1.8243972205415133 73 79 87 0.68847821483728688 61 995 60 999 59 927 58 901 53 1231 54 1159 52 985 51 892
6022 5.3215754059390035 1.7352665342032501 -0.26265195831579702 165 165 165 0.33078053524142226 104 135 112 205 108 96 111 131 117 148
937 -1.0985441898686135 -0.36975565266380078 1.5382914491769002 124 124 124 0.54275399272747604 61 1025 60 1010 59 938 58 918 57 1120 54 1198
938 -1.0986433881713129 -0.37235044051405147 1.5484463198624259 124 124 124 0.29100393769167721 61 1026 60 1011 59 939 58 919 57 1121
6025 3.7713338728291901 1.5863901935590126 -0.60601933608391489 228 228 228 0.89917856290923392 112 120 108 106 111 61 114 198 117 193 120 248
939 -1.3022802702744325 -0.23198293642830992 1.662618005948048 124 124 124 0.4389700819945962 56 1300 60 1020 59 948 57 1126 53 1249 54 1181 52 1004
6026 3.7693611008807602 1.5884089397860106 -0.60600144807047729 228 228 228 0.65100191338995528 112 121 108 107 114 199 122 364 117 194 120 249
940 -0.7373582279212445 -0.44401832529661456 1.4823358263368314 119 119 120 0.18843510229932706 56 1351 62 912 60 1030 59 956 58 936 57 1137 55 1306 64 680 67 680
6027 -3.6421797573501467 0.60874642631339637 1.2771053756559241 0 0 0 0.82045888900105357 41 12 44 179
941 -1.0022176831122731 -0.094194776457198884 1.7885813054715343 29 93 47 0.24403297426737872 63 1012 60 1039 58 945 57 1145 55 1302 53 1271 54 1208
942 -0.050795914884379165 0.52563448057299511 2.5163877829027097 85 85 85 0.71145875880283926 56 1241 62 767 56 1110 63 770 60 885 59 747 58 769 57 924 55 1044
6029 4.8242363371808459 3.6263836505712579 -0.96174649307987337 8 8 8 0.20150969089733109 106 128 110 128 108 129
943 -1.007321655244928 -0.54276587245791608 1.4048212557824584 111 113 115 0.11282034244479366 60 9 59 8 55 33 53 76
6030 4.8242363371808459 3.6263836505712579 -0.96174649307987337 8 8 8 0.20150969089733109 106 127 110 127 108 130
944 -0.69207551148432855 -0.44224088288484364 1.4830405152177957 124 124 124 0.042945668634380089 60 37 59 23 58 23
6031 5.5314427816837695 1.7339639314327477 -0.52071974893726714 8 8 8 0.10987163660448482 104 91 108 131
945 -1.0036569571692571 -0.46821296058416645 1.4740373924431136 112 118 124 0.31402747398229497 63 90 59 28 58 20
946 -1.0560543010333419 -0.45506193272301126 1.481342155870033 116 117 118 0.1319410236080843 61 79 59 36 54 239 53 232
948 -1.0439076449481692 -0.44285452036131245 1.4888505896777529 122 122 122 0.11642495948732079 60 64 59 39 58 40 57 86
949 -1.278495594075493 -0.46759810710279692 1.4754066132318295 121 121 122 0.062627759941909569 60 70 59 40 58 30 57 63
6036 5.3463674255467133 1.3088822005539897 -0.96731835126588905 71 75 86 0.6322760315452095 109 122 108 143 111 156 107 33
950 -1.2807506340036341 -0.46497506619624812 1.4815503850584939 18 28 47 0.22266937793323299 60 79 59 48 58 35 55 176 54 190
6037 3.683412175366596 1.4490044440068364 -0.75627567351443958 231 231 231 0.53359930566518554 109 123 112 245 108 144
951 -1.2807506340036341 -0.46497506619624812 1.4815503850584939 18 28 47 0.22266937793323299 60 80 59 49 58 36 55 177 54 191
6038 3.6988268289435653 1.4859085425174494 -0.76369327323870351 110 115 132 0.59335598007446433 109 165 108 147 111 158 115 111 119 212 117 109 115 70
952 -1.3289605401688571 -0.47060038632049228 1.4806314644134961 23 32 50 0.17278710378119702 56 116 59 50 58 33 57 64 55 160 53 174 54 167 52 463
953 -1.3289605401688571 -0.47060038632049228 1.4806314644134961 23 32 50 0.17278710378119702 56 117 59 51 58 34 57 65 55 161 53 175 54 168 52 464
954 -1.3454372448652767 -0.45178738113353778 1.4963444128591881 108 114 120 0.077302405474918526 60 113 59 77 58 57
955 -1.3327618249658277 -0.44822698170150138 1.4988619568078765 111 117 123 0.22730861762934426 60 118 59 79 58 59 52 232
6042 3.8464787561008538 1.6307969807456573 -0.079180785699431336 0 0 0 0.040863332115532218 109 163 108 167 111 214
956 -1.2690488856464501 -0.43849319274516441 1.5084898160134512 107 113 119 0.16412712096843465 60 119 59 83 58 66
6043 4.9157382039512729 1.682351395890535 -0.1456341988579804 93 98 113 0.83032786979416118 112 243 108 168
957 -1.2691711269427728 -0.43879591407117485 1.509064064066465 107 113 119 0.22132090395332873 60 120 59 84 58 67 58 307 57 118
6044 5.0015428339024464 1.3396321112881306 -1.0030627277538535 231 231 231 0.011260515211120136 109 164 108 170
958 -1.0229280699671972 -0.39580563333712898 1.5287928896622272 32 38 54 0.13307242792290808 63 160 59 100
6045 4.9361887078156297 1.7657221655808877 -0.30869029091390676 231 231 231 1.256772519333391 109 189 108 185 107 155
959 -0.94428682059087798 -0.38827035270824384 1.5366607079464865 119 119 119 0.074076536639120116 56 295 59 101
960 -1.0680553452653501 -0.39762517054914404 1.5306804395303262 122 122 122 0.16324065964240297 60 133 59 105 57 151 63 451 53 281 54 321
6047 4.6617450688343922 2.003873110147631 -0.56595524584290591 8 8 8 0.37353905989919928 112 286 108 198
961 -1.0777080932575025 -0.388060709515131 1.5356989520366464 122 122 122 0.13427632587451729 63 174 59 114 57 165
962 -1.2780096472259437 -0.40168036166883286 1.5394997910836137 119 120 120 0.068399122743202076 60 142 59 120
6049 3.8938769746262798 1.6435911244864108 -0.26265671164709126 0 0 0 0.55104114670233229 106 236 110 236 112 253 108 203 111 205 114 241 117 305 121 370 120 341
963 -1.3212222085945544 -0.39933928518103723 1.5365119032914238 116 117 118 0.025599000531628807 60 149 59 124
6050 3.8946440544636634 1.6429453764891644 -0.26187287709654977 0 0 0 0.38605308798523913 112 254 108 204 111 206 114 242 117 306 121 371 120 342
964 -1.2923938554595853 -0.3939200970353427 1.5415837780482127 33 38 55 0.12484365337332941 60 152 59 130 58 82
6051 3.8746950338715389 1.5948912410737266 -0.11225975968153309 97 102 117 0.24407424722210383 109 196 108 208 111 238
965 -1.3375612614447909 -0.39930080097927717 1.5414379407881826 48 53 64 0.084876038864262746 60 157 59 131
6052 3.8573385703217262 1.6409920130973341 -0.058038759862022178 109 115 131 0.45748106787789239 112 293 108 209 111 239 114 280 115 239 116 291 119 596 123 561 118 566 122 521 124 618 117 364 121 431 120 414 126 689 125 673
966 -1.3336448013259101 -0.3956586507064439 1.5381911865805111 123 123 123 0.031266313517804421 60 159 59 134 58 83
6053 4.3193873425773956 1.6225934961734958 -0.062350133093728416 117 123 141 0.99595995449975949 112 299 108 210 111 243 114 283 115 243 114 249 116 302 116 348 119 602 123 567 118 574 118 630 122 524 122 580 124 682 124 737 117 373 121 432 125 679 125 733
967 -1.3340823640207264 -0.39634972020413939 1.5410274326345046 123 123 123 0.072220214587635612 60 160 59 135 58 84 55 312
6054 4.6510342853541671 0.3133674083893177 -0.24157665733217612 0 0 0 1.6158278437586107 102 175 104 229
968 -1.2874998632902683 -0.38252062611452997 1.55371750048297 123 123 123 0.093237769483518751 60 164 59 140 58 90 52 296
969 -1.312779670224018 -0.37865634871086412 1.550220630832895 124 124 124 0.035681463433880366 60 169 59 141 58 93
6056 4.2017647398839371 2.0452122343217431 -0.53406962386428136 231 231 231 1.1620368579065234 112 321 108 215 118 718
970 -0.76124642390672392 -0.28316614008962615 1.6196936782627707 121 121 121 0.17173262412254506 56 356 62 144 59 149 64 119 67 119
6057 3.9175875347181597 1.692272569860036 -0.20643217178657708 228 228 228 0.67718046172616819 109 219 108 221
971 -0.68034874432709302 -0.26870087341626758 1.6291622668246113 120 120 121 0.20099945814815523 62 142 59 154 57 214 55 437 53 417 64 116 67 116 65 91
972 -1.0115697945210125 -0.28684703271668172 1.62337942163523 15 25 46 0.094505198850598146 56 346 59 173 58 107 55 405
6059 5.2845136505902746 1.6860634131281009 -0.34136958779767246 0 0 0 0.53952392149363293 112 332 108 223 111 240 114 301 115 299 116 374 122 671 117 454 121 540
974 -1.0116124023415733 -0.26360498563705625 1.6432355371993312 20 28 48 0.088992379262864491 61 474 63 484 59 191 58 136 56 396 57 238 55 424 53 387 54 392
6061 5.5616350722762693 1.456173689913437 -0.91618234562806977 59 62 72 1.5103243585509227 109 221 108 227 115 358
975 -1.0470039779435909 -0.23839948152389243 1.5034566861330574 121 121 121 1.9521492737733657 60 213 53 635 54 397 59 195
6062 4.3058050717780363 1.9596219764494851 -0.46331185189885127 118 124 142 1.1152269991271999 109 230 112 324 108 234 111 253 111 266
976 -1.2865346723247426 -0.29512559435577773 1.6274508999252002 12 90 38 0.087480948716740933 56 335 59 197 58 122 57 217 55 380 53 353 54 356 52 521
6063 3.8913852026952243 1.6838611332310685 -0.33260149824278701 0 0 0 1.2103986814288119 106 266 110 266 108 235 111 265 118 715
977 -1.0396946068620327 -0.25578934389146069 1.6463834634914019 37 43 57 0.51202471781587711 60 216 61 200 59 201
6064 3.9016480510037721 1.6419676242257979 -0.19767046227444421 99 104 120 1.8087435634892159 106 256 110 256 108 240 124 810
978 -1.3289847405098927 -0.29567162785875906 1.6278573926965128 95 112 99 0.10950217505198892 60 222 59 204 58 129 55 378 53 349 54 354 52 306 51 301
6065 3.6385442289194385 1.4208698730925167 -0.78969770760550673 102 108 124 1.8439682032690965 112 336 108 242 111 258 114 306 124 708
979 -1.3289847405098927 -0.29567162785875906 1.6278573926965128 95 112 99 0.10950217505198892 60 223 59 205 58 130 55 379 53 350 54 355 52 307 51 302
6066 3.6567373612174601 1.4471713470856917 -0.75292576947316137 231 231 231 1.0536216586236835 112 338 108 243 111 276
980 -1.3412347582538169 -0.29587194581764642 1.6282443860742182 90 109 93 0.1093309611538725 60 225 59 207 58 133 57 220 53 348 54 353 52 303 51 298
981 -0.66616979110851626 -0.18809152460516462 1.7018461365630777 98 100 104 0.036534642418226862 61 185 59 220
6068 3.867151274987235 1.5853415120454202 -0.056166192638714404 0 0 0 1.0542212722057942 112 368 108 251 111 287 114 353 115 347 116 414 119 839 123 791 118 747 122 688 124 838 117 517 121 553 120 540 126 864 125 837
982 -1.3148836036359746 -0.27940589614919609 1.6331372158167439 122 122 122 0.10787648776364807 60 229 59 221 57 234
6069 3.867151274987235 1.5853415120454202 -0.056166192638714404 0 0 0 1.0542212722057942 112 369 108 252 111 288 114 354 115 348 116 415 119 838 123 790 118 746 122 687 124 837 117 518 121 552 120 539 126 863 125 836
983 -1.3510213853786401 -0.27877866237941268 1.6427263065160338 109 115 121 0.14406526936694841 56 371 59 223 57 244 53 361
6070 3.8543834214728689 1.8702063669437536 -0.55069331529987964 225 225 225 0.94708427827195985 100 122 105 107 110 79 106 79 108 55 104 214 109 126 112 124 114 114 115 130 107 55 116 239 119 392 119 516 123 381 123 484 118 147 118 388 118 496 124 548 117 132 121 174 120 146 121 98
985 -1.0225377072560362 -0.20415023932922255 1.6936087946092921 121 122 122 0.074042158557432555 61 220 59 233 57 281 55 476 53 450 54 437
6072 3.9343547104443979 1.6779653856864003 -0.18258291852726777 228 228 228 0.24903372512321675 109 26 108 41
986 -1.268584647747208 -0.21672142530305549 1.6931189247045584 121 121 121 0.11898433230932609 60 259 61 501 59 243 55 456 54 403 52 336
6073 3.8628200089427298 1.8523582854583767 -0.5486429089449415 221 221 221 0.40237219148731262 112 87 111 12 116 18 124 140
987 -1.288715154371487 -0.21632849684353078 1.6937391818968148 122 122 122 0.19157583435611725 61 238 59 245 58 178 57 282 55 453 53 409 54 396 52 333 51 335
988 -1.374803003466619 -0.21389216236793623 1.6994155840066791 124 124 124 0.16234250729629865 60 275 59 253 58 185 55 451 53 404 54 387 52 326 51 319
6075 5.1113731432044744 1.6776444701778122 -0.34721804216918412 0 0 0 0.16403164580153673 112 44 111 47
990 -1.3592062774531928 -0.20807813588352211 1.703267773983079 118 119 119 0.31648349486874117 60 277 59 256 57 295 53 413
6077 4.307411556944519 1.6240919802497986 -0.042830620533789852 60 64 74 0.53921953142923063 108 47 111 54 115 66 116 134 118 75 120 88
991 -1.3488464951875936 -0.19457166147556906 1.7133046079999885 94 96 101 0.085663160444735473 60 278 59 259 58 189 57 305
6078 4.0358859042449522 2.00483428686529 -0.55118063672930717 8 8 8 0.059453380199963581 106 90 110 90 111 66
992 -0.98035152064713327 -0.07622405638668539 1.8063845638096354 120 121 121 0.11023722700256026 56 487 59 265 58 199 57 313 55 500 53 486 54 468
6079 4.3483653515364269 1.9993941710510668 -0.41075358454285948 227 227 227 1.6558937899456938 108 77 111 75
993 -1.328622155420403 -0.060647046735883975 1.8272783414747524 117 118 119 0.20594907685592145 56 499 59 292 54 450 52 359
6080 3.8333027734359293 1.5333667065830745 -0.38439817550481398 228 228 228 0.16416854289500868 108 61 111 92
994 -1.328622155420403 -0.060647046735883975 1.8272783414747524 117 118 119 0.20594907685592145 56 500 59 293 54 451 52 360
995 -1.3366610468165387 -0.030584807002464437 1.8538060369541842 70 73 80 0.15338926438117412 61 320 59 302 58 242 53 484
996 -1.3163536309344557 -0.021965342089843135 1.8581643513145722 123 123 123 0.20837387430776105 61 321 59 304 58 244 51 370
6083 5.4290407286342308 1.6325829391077666 -0.5035366540815045 231 231 231 0.37300603345653305 109 73 111 108 107 46 108 73
997 -0.037051289970018352 0.30334025979067797 2.3072234111514747 0 0 0 0.31369771317245526 61 270 59 311 60 324
998 -1.0054895051917259 -0.46695671892023805 1.4667460957134044 112 118 124 0.21301138530066149 56 557 59 332 58 273 57 402 55 581 53 562 54 757
6085 5.1885970377449055 1.6410559034841845 -0.42231113832653638 0 0 0 0.26200425555073342 108 80 109 86 111 116 114 175 107 65 117 241
1000 -1.2839880265946391 -0.47033159060400631 1.4820429637121171 14 25 46 0.1582753735930052 60 393 59 340 57 415 56 559 55 569
6087 5.2154768438887329 1.6418374986214899 -0.42189760643209046 0 0 0 0.35649362419117109 108 135 111 118 106 78 110 78 116 253 117 323
1002 -1.3484236916677217 -0.46873226085165842 1.4758233562384386 12 24 45 0.29136281497357708 56 558 60 588 59 348 55 159
1003 -1.3635001267347562 -0.43804485697284223 1.5038916809071921 111 117 123 0.19646072177606294 60 429 59 364 58 312 57 123
6090 3.6408073447102782 1.4240057185924291 -0.74286786426367246 231 231 231 1.5095495601377642 112 218 111 137
1004 -1.3624230011928982 -0.4363969905793198 1.4980475885198812 111 117 123 0.11738116519607285 60 430 59 365 58 313
6091 3.8755238464503408 1.6065662494390607 -0.037576380634553992 0 0 0 0.51757264849868734 112 259 111 149 116 186 118 409 117 316
1005 -1.2885734130757018 -0.39075711392630852 1.5427820295455366 124 124 124 0.20745292791204464 56 289 59 376 58 88 60 155 55 317
1006 -1.2642988431708515 -0.37819178201941445 1.5548972428506509 100 102 106 0.082023198091362728 56 639 59 377 55 631
6093 4.314930222382733 1.6229201303095893 -0.041937473816082586 60 64 74 0.41553828152080147 112 241 111 155 114 178 115 208 116 194 119 532 123 498 118 429 122 470 124 557 121 302 125 542
1007 -1.2642988431708515 -0.37819178201941445 1.5548972428506509 100 102 106 0.082023198091362728 56 640 59 378 55 632
1008 -1.3416124946446251 -0.37947651454283549 1.5573016038463812 97 100 104 0.12886992741075012 60 621 59 379 58 360 56 635 57 516 55 626 53 595
1009 -1.3936421859262467 -0.38094193830781475 1.5553533301269162 90 93 99 0.064044297264095384 60 625 59 381 58 364 57 515
6096 4.6644107210874273 2.4499452383190983 -0.1955749906041431 8 8 8 0.29658375711063456 108 189 111 187 107 159 104 249
1010 0.63210748834335406 -0.1003498841098846 2.052386642361399 27 28 29 0.12074001143022475 60 447 61 438 59 395 58 407
1011 -1.3443082184953759 -0.29856740360222978 1.6224693649884026 24 53 48 0.22121126002161545 60 472 59 397 58 126 55 377
6098 4.9136156730041778 0.35021430738359577 -0.16486479228423209 106 112 128 0.6635540668438813 112 123 111 202
1012 -0.67295379804755184 -0.1892305444500684 1.6993529564190142 99 101 105 0.095395001150991976 56 774 59 399 58 408 57 581 55 725 53 865
6099 5.3331135968398815 1.7181064589202282 -0.28432701727270931 59 62 72 0.0027265238323613888 108 188 111 215
1013 -0.67295379804755184 -0.1892305444500684 1.6993529564190142 99 101 105 0.095395001150991976 56 775 59 400 58 409 57 582 55 726 53 866
6100 5.3069278212311159 1.5566044627982059 -0.59527877548049024 165 165 165 0.15034506588149807 108 176 111 225
1014 -0.76196222726248952 -0.19067070117885554 1.7006611248604735 91 94 100 0.075767887157106056 56 768 59 405 57 585 53 859
1015 -0.76196222726248952 -0.19067070117885554 1.7006611248604735 91 94 100 0.075767887157106056 56 769 59 406 57 586 53 860
1016 -1.0007992380466733 -0.19097437349548646 1.6958718737586977 103 105 108 0.087082050566942473 60 484 59 422 58 425
6103 4.3297142644001099 1.6668764013878985 -0.0038087193623136148 0 0 0 0.58524311989406552 112 334 111 244 114 290 115 277 116 351 117 419
1017 -1.0007992380466733 -0.19097437349548646 1.6958718737586977 103 105 108 0.087082050566942473 60 485 59 423 58 426
1018 -1.3396069717922128 -0.19490397912166205 1.7146718064973552 99 100 105 0.18728873663688633 56 752 60 501 59 438 58 434 57 607 55 708 53 648 52 531 51 489
1019 -1.3394703238644139 -0.19499429267645865 1.7152186603540196 99 100 105 0.1342033868418254 56 753 59 439 58 435 57 608 55 709 53 649 52 532
1020 -1.0606497957281946 -0.10216337796894058 1.7845305255186044 112 118 124 0.16146281469538612 56 779 59 448 58 442 57 613 55 730
6107 3.5641161483698447 1.3850779788431795 -0.77833680365725499 59 62 72 0.88524294440406104 114 305 115 285 116 355 123 665 118 652 119 693 122 599 124 754
1021 -1.0426868855797615 -0.0074793163083981167 1.860863913990177 106 108 111 0.14303448049527484 62 563 59 479 58 474 53 727
6108 5.2015885674472724 1.6471555885562641 -0.41092414157520463 0 0 0 0.30587405738943435 105 209 111 269 114 338 107 179 122 696
1022 -1.2638007298280647 -0.43434001747082451 1.5042469272729664 9 22 44 0.10765342396016006 60 599 59 533 58 308 56 599 57 454
6109 3.6302498261526934 1.4663357106138653 -0.77245107574896954 231 231 231 0.79609110735115074 112 337 114 323 115 302 116 377 119 755 123 714 118 697 122 639 124 759 117 459 121 510 120 492
1023 -1.26377555375379 -0.43423194402346882 1.5039810772221383 9 22 44 0.10402320508092669 60 600 59 534 58 309 57 455
6110 5.2363632606389485 1.6369219616283119 -0.43747232562729249 165 165 165 0.46600526342000387 108 248 109 242 112 366 111 283 115 364 114 356 116 433 117 538 120 565 121 588
1024 -0.73646871471517017 -0.37192717184441043 1.5401964080699186 102 104 107 0.12868800766187477 56 876 63 585 59 535 57 683 55 827
1025 -1.3684606693626582 -0.43506702932216956 1.505002460091202 10 22 44 0.056979758187048743 60 602 59 542 58 544 57 667
1026 -1.3684606693626582 -0.43506702932216956 1.505002460091202 10 22 44 0.056979758187048743 60 603 59 543 58 545 57 668
6113 4.3757804244398999 1.933195297724543 -0.4816875143355141 231 231 231 1.5607205971645914 112 376 111 293 114 351
1027 -1.2975434344757841 -0.39619320819259402 1.5366965994523956 124 124 124 0.1455821922178292 56 853 60 614 59 552 58 567 57 682
6114 3.858429649878393 1.5580908997695744 -0.16421509444638913 109 114 131 1.6092911065443105 109 254 111 296 114 352 115 320 107 211
1028 -1.2740067610122092 -0.37946732317431303 1.554605545426381 97 99 103 0.1119320181626058 60 619 59 557 57 513 55 629 54 797 52 695
1029 -1.2975615696272491 -0.37881038779139414 1.5564837573370567 108 109 112 0.16411422862681749 56 866 59 560 58 578 57 701 55 810 53 785 54 792 52 692
6116 4.1328195354422279 2.0205779890548481 -0.54783788207947104 192 192 192 1.2516919659525578 103 212 99 167 102 70 99 109 104 128 112 133 108 26 111 19 100 18 109 40 114 95 115 49 107 15 116 126 116 38 119 75 123 161 118 72 122 62 121 31 120 32
1030 -1.2975615696272491 -0.37881038779139414 1.5564837573370567 108 109 112 0.16411422862681749 56 867 59 561 58 579 57 702 55 811 53 786 54 793 52 693
1031 -1.3080340453242638 -0.37880829839145297 1.5567859994238926 91 94 99 0.12257984483773714 56 638 59 564 58 359 54 790 52 691
6118 8.1448166396354029 10.931023336559218 -7.5351332246794938 0 0 0 1.3012672115670065 106 201 110 201 112 268
1032 -1.3727356356216089 -0.38018040780814427 1.5605216866239011 115 116 118 0.16764139490350224 56 864 59 570 58 583 57 705 55 808 53 779 54 779
6119 3.4727247148257749 1.4293434876547695 -0.77304002592903143 231 231 231 1.7922881604526495 112 302 114 224 121 211 120 189 117 90
1033 -1.3726131478266392 -0.38007994250446447 1.5599491689388685 115 116 118 0.12115322062476737 56 865 59 571 58 584 57 706 53 780 54 780
1034 -0.68376901766837439 -0.27283559735610891 1.6198695794508331 12 50 43 0.17836616736911265 56 897 59 575 58 587 57 722 55 844
1035 -0.76141329869339414 -0.4675338692478988 1.4589314079080444 124 124 124 0.17821070564020902 56 966 59 646 58 654 57 800 55 908
6122 3.430137073843202 1.9633310401651469 -0.46435458776625865 0 0 0 1.3741175370200305 108 5 114 75
1036 -0.70213355581301573 -0.43041966288706235 1.4935702891882887 124 124 124 0.12354785744558497 61 808 59 654 58 669 57 819
1037 -0.71897792588569909 -0.49892142270280504 1.7307630670106757 124 124 124 0.68242590025380145 59 655 64 519 67 519
1038 -0.77398896624996238 -0.43243296073913728 1.4930229790088219 124 124 124 0.1539402865665252 56 1139 59 656 55 1090 58 670
1039 -0.97295579459797188 -0.4486361711577273 1.4840666549543573 12 88 38 0.11564440565678354 56 977 59 659 58 667 57 814 55 1074 53 1075
6126 4.9612428821160117 1.4829456338167424 -0.80377639696307768 75 79 91 0.38533339274758743 112 83 114 113 115 42 122 181 121 101
1040 -0.74926331281286951 -0.41627455440298017 1.5122135813227109 124 124 124 0.42281919060750262 56 1147 59 660 58 677 57 823 55 1097
6127 4.1545319800371425 2.0398266233914062 -0.52779200457317132 8 8 8 2.0744284447713306 111 96 114 118 115 82 116 69 116 66 117 67 117 69
1041 -1.0000608655228385 -0.42120102270351684 1.5040217201954995 124 124 124 0.059212890994836738 56 981 59 666 57 826 55 921 53 912 54 915
6128 3.9277641227660163 1.6860770788816422 -0.18616913177729544 228 228 228 0.71697684017647445 112 224 114 122 116 74 120 83
1042 -1.0833574726061934 -0.39701770741204867 1.5435471011070583 102 104 106 0.53959185964759326 56 995 59 677 55 936 53 924
1043 -1.0833574726061934 -0.39701770741204867 1.5435471011070583 102 104 106 0.53959185964759326 56 996 59 678 55 937 53 925
1044 -1.0730627092245901 -0.39365421455346983 1.534773898426558 61 65 73 0.19407733400315363 56 999 59 679 58 694 55 938 53 926 54 935
1045 -1.0730627092245901 -0.39365421455346983 1.534773898426558 61 65 73 0.19407733400315363 56 1000 59 680 58 695 55 939 53 927 54 936
1046 1.0123190836322189 -0.102249249107687 2.0552659035988099 29 30 30 0.88381377844251763 62 735 59 697 64 524 67 524 66 215 74 589
1047 -0.11736594011316571 -0.19059042990274977 2.034127765688083 10 20 13 1.5076217811857913 63 723 59 706 65 351
1048 -1.339759181956804 -0.26754456650878239 1.653134734365211 124 124 124 0.31495902511930751 60 754 59 714 58 720 57 876 53 974 54 952 52 812 51 782
1053 -1.050163071343529 -0.44433134995182272 1.4894695733119236 99 106 112 0.20685964800682807 60 817 59 769 58 785 55 1078 53 1073 54 1016
1055 -1.35169293384185 -0.38747842721719472 1.5427953365979856 124 124 124 0.10424535627994658 60 853 59 792 58 807 57 979 55 1100 53 1093 54 1024
1057 0.57683419781290635 -0.099443566310227285 1.9773567593012091 29 30 30 0.24800436373631754 60 731 61 727 59 797
1061 -1.2794694834957365 -0.44494758357935676 1.5087004713326364 112 118 124 0.36778769896649455 60 906 59 842 57 1020
1062 -1.0026021280522561 -0.27829090954458285 1.6516590164736935 88 94 102 0.16170831247268028 60 927 59 857 58 849
1066 -1.010348270344356 -0.48209623068011154 1.4597334877840418 124 124 124 0.89013065905143351 63 964 59 904 58 882 57 1041 55 1235 53 1215
1068 -1.0283159986577481 -0.44396009696249045 1.4561915795282776 124 124 124 0.58647702995908446 60 1003 63 966 59 934 58 911
1070 -1.3136846096118588 -0.27983790664721681 1.6378661176976355 123 123 124 0.27805013643974635 56 1369 59 982 58 966 57 1167 55 1317 53 1282
1074 1.0109795648576312 -0.097697596019099817 2.0315253681365788 29 30 30 1.4313595227890685 62 376 63 445 61 431 60 608 59 387 62 377 63 446 60 438 64 274 67 274 65 211 66 149 72 259
1082 -1.3530538245948822 -0.46537032144182156 1.485559285379435 11 23 45 0.32421876811553269 59 349 58 41 55 170 53 182 54 175 52 193
1091 -1.0387346856134079 -0.37629470143481636 1.5470566560567456 122 122 122 0.055827450354126437 56 313 58 79 53 321 59 117 54 347
1092 -1.2892623502042879 -0.39748240810785868 1.5434570800166432 116 117 117 0.15127770306155616 59 126 58 81
1094 -1.2724380010784579 -0.36317623488853723 1.4923975922750159 120 120 121 1.3004000254230494 60 165 58 91 52 300
1096 -1.2865785373041152 -0.29511427459578327 1.6275455222831829 12 90 38 0.081598215754691825 59 198 58 123 55 381 56 336 52 522
1097 -0.76545430154188032 -0.24054331150715122 1.6580289395355781 12 87 38 0.15432616907272775 61 164 58 138 55 457 64 145 67 145 65 110
1099 -0.98539137567495227 -0.20414870171512436 1.6909549931232628 121 121 121 0.1611116875938047 56 447 58 171 57 278 55 480 53 666 54 442
1100 -1.3041905908557703 -0.2130489830678414 1.6963271181913733 123 123 123 0.13266755844778283 56 441 58 183 57 289 55 460 61 506 54 398 53 411 51 486
1101 -1.275813099107453 -0.20697224294019481 1.7007874193819734 121 121 121 0.11925339292621362 59 250 58 184 53 418
1102 -1.3766614459882947 -0.19498716688341144 1.7173105911355229 93 96 101 0.10362247721197831 56 457 58 191 53 419 54 409 52 334 51 484
1103 -1.4015046021636184 -0.19532172844938717 1.7181483582590467 93 96 101 0.11134134733249337 56 455 58 193
1104 -1.4015046021636184 -0.19532172844938717 1.7181483582590467 93 96 101 0.11134134733249337 56 456 58 194
1106 -0.9799819023409474 -0.03021957505129403 1.8385302378532322 123 123 123 0.1101962987867645 56 503 58 216 57 335 55 515 53 496 54 486
2569 -3.5078019501931239 0.13617506081962308 2.2046777453547097 108 114 131 1.3185679023928316 47 623 44 354 45 380
2570 -3.7715991176718702 0.49681941333261243 1.1260227826486628 99 104 119 1.6652446551298217 43 395 46 388 44 370 42 356 45 398 42 369
2571 -3.4365745122944795 0.16073966269725756 2.2342208598562121 5 5 5 1.2793697187301376 51 937 44 374 42 361 45 383
2573 -3.7015399162782026 0.2191006116790904 1.4355779571034724 95 100 115 0.97611474132602716 43 394 46 397 44 378 42 368 45 397
2582 -4.3076908524764441 0.61425136512548129 1.1124625419244305 60 63 73 0.26055055399668159 43 81 47 245 42 33 45 55 41 23
2583 -2.9598857381382806 0.53588223149351777 1.9789288665763001 231 231 231 0.22449216967814331 48 386 49 386 42 53
2585 -3.8994142376562677 -0.18545067654832073 1.7595773598230802 10 10 10 0.065828558379915178 46 102 42 115
2586 -4.2604359886493333 -0.098602224945022479 1.9618111358715995 5 5 5 0.40646115309544756 46 153 42 118 41 199
2587 -3.6591593806403502 -0.18108266448012533 1.6296202106153344 231 231 231 0.30683374227868515 44 130 50 546 51 645 42 120
2588 -3.6868485207236099 -0.1727828266030253 1.7959245297729969 231 231 231 0.25122187482510139 44 141 46 159 42 128
2590 -3.7002252201508221 0.21351038259812058 1.3689655446738849 114 120 138 0.35249263267158659 43 185 42 136 41 94 39 123 40 123
2592 -3.6161298003564069 -0.17152339825194443 2.1232875073350685 9 9 9 0.308714012928477 51 451 52 490 42 145 54 595
2593 -3.5720569265572566 0.40380373699859179 1.4343923094899094 228 228 228 1.3095932575831706 43 268 46 190 42 159 45 148 44 174 41 237 46 284 39 279 40 279
2594 -3.5853671076376945 0.40462068030968718 1.4471497534984434 228 228 228 0.51052469942052359 43 269 44 175 46 191 42 160 45 149
2595 -3.4611217729769432 0.10947921560238175 2.1410636415579503 108 114 131 0.27091624534425424 43 202 42 169
2596 -3.5189389854766802 0.59838610697674111 1.4328739223724229 228 228 228 0.62800202654770787 43 218 42 173 41 127 48 464 49 464 50 614 39 164 40 164 113 143 38 165
2597 -3.5188053605494392 0.59832637176638181 1.432728931358288 228 228 228 0.37186493720152741 43 219 42 174 41 128 48 465 49 465 50 615 39 163 40 163 38 164
2600 -3.4919366454850329 0.63227266135941673 1.4592036973556735 228 228 228 0.067418811224146891 48 552 49 552 42 181
2601 -3.4930729807630434 0.6326845427771588 1.4600116258716194 228 228 228 0.12604070851507476 46 136 48 551 49 551 42 182
2602 -3.4743606054389398 0.56065230865495908 1.7442108839183581 98 103 118 0.27080343211320423 48 548 49 548 42 187 41 145
2603 -3.6467985199739168 -0.092449270634629155 1.5090091863791817 5 5 5 1.1773853750199677 46 230 42 209 45 56 41 85
2604 -3.5592389818403216 -0.22459266459910218 2.137677347872863 7 21 43 0.43759232043564011 43 183 50 564 51 669 42 219
2606 -3.5834797189256991 0.5842669948540028 1.2308708221060989 228 228 228 1.1972308749531619 44 271 42 249 45 165 41 114 46 254 43 209 38 204
2607 -3.5157407360551809 0.53793649536161925 1.455809777886532 228 228 228 0.7422560437647423 46 288 48 605 49 605 42 252 45 271 39 282 40 282 38 230
2608 -3.5157407360551809 0.53793649536161925 1.455809777886532 228 228 228 0.7422560437647423 46 289 48 606 49 606 42 253 45 272 39 283 40 283 38 231
2610 -3.630827922237887 -0.1550458878987323 1.7036195549703832 231 231 231 0.60525030040133643 44 301 46 320 42 285 45 317
2611 -3.630827922237887 -0.1550458878987323 1.7036195549703832 231 231 231 0.60525030040133643 44 302 46 321 42 286 45 318
2612 -3.508869622276845 0.6068462725515541 1.4612394042023591 0 0 0 0.32254428650219363 44 318 46 342 42 304 119 93 123 101 124 64 125 83 127 76
2613 -3.6697059851020515 0.20438288993061313 1.3103135463135107 0 0 0 0.55051186940547636 44 331 46 356 42 319 45 346 41 281 39 314 40 314
2614 -3.648665932213333 0.50972315021299142 1.037391269769349 103 109 125 0.45990150349660763 46 333 42 324 45 364 41 314 39 373 40 373
2615 -4.2306791305341616 -0.23640265332246571 1.8639934516254906 231 231 231 1.1450229464144619 43 371 42 327
2616 -3.9556458150331442 0.5499915162562059 1.1680032407745171 0 0 0 1.3356984352675649 46 331 42 355 45 395
2617 -3.6140994720614761 -0.11735990090499554 1.974235049826365 5 5 5 1.4735881072657735 52 783 54 933 51 578 50 386 48 305 49 305 47 328 42 41 51 678 52 872 50 661 48 574 49 574
2619 -2.9786922078402025 0.63938061338202867 1.726495401277399 120 126 144 2.1078168244036717 43 401 44 377 42 364 46 406 44 384
2622 -4.342812526439487 0.32855070162910083 0.88847692011353296 61 64 75 0.68725439809045985 42 26 43 116 46 25 45 15
2624 -4.2524653073633409 0.47789699627286147 0.98694560706827605 61 64 75 0.34209953108704172 46 2 45 20
2628 -3.5979524290930649 0.65779430965001251 1.5204854287216234 228 228 228 2.5627552476768991 51 627 45 39
2629 -3.4662676110510739 0.59145886511625156 1.7685580741734324 0 0 0 0.3659991337638317 48 472 49 472 45 40
2630 -4.31003044925398 0.33217844340103714 0.88376015736983304 61 64 75 0.54634563328534447 43 118 46 79 45 45 39 103 40 103
2631 -4.31003044925398 0.33217844340103714 0.88376015736983304 61 64 75 0.54634563328534447 43 119 46 80 45 46 39 104 40 104
2632 -4.2762835672818289 -0.31758172665124457 2.1082943525489699 6 7 7 1.7305682041293231 47 193 50 325 45 49
2633 -4.4120166308742856 0.21302182175181039 1.5668468993625946 62 66 76 0.35535472020540565 47 383 45 50 39 112 40 112
2634 -4.346452866331405 0.67991233278902219 1.1427588848573829 61 64 74 1.7002282514034641 47 261 45 58 41 52 39 115 40 115 35 73
2635 -3.6473134205091799 0.1621586743725065 1.2490611789184072 121 127 146 0.2566057872951048 43 21 45 59 39 69 41 57 40 69
2636 -3.7797743421171246 -0.17238866186494706 1.6355514710241232 10 10 10 0.28370060263518287 48 396 49 396 45 101
2637 -3.7797743421171246 -0.17238866186494706 1.6355514710241232 10 10 10 0.28370060263518287 48 397 49 397 45 102
2638 -3.6760904284347213 -0.10508088612915309 1.5522442901589109 231 231 231 0.087951020245925465 46 154 45 106
2639 -3.6661912151607927 0.36932080130771483 1.0292942120902719 120 126 144 0.37810435540382631 46 172 45 118 39 191 40 191
2641 -3.7029138967190365 0.20684076514214653 1.3605359222669013 0 0 0 0.56674819498670226 44 150 45 125
2642 -3.6749162371754158 -0.13380717690664409 2.0698805740091792 231 231 231 0.28241991183503895 42 141 44 153 45 134
2645 -5.2951278226795822 2.3509670723673017 1.0470076248827891 108 106 106 1.7765562933979686 46 298 41 208 44 239 39 317 40 317 42 298 45 325
2646 -3.5392859264952894 0.47981688939511741 1.4701311792217044 0 0 0 0.70227228931228458 47 437 45 168 41 119 43 145 39 150 40 150
2647 -3.5393647102970607 0.48139150946678277 1.469914412367326 0 0 0 0.2159126095401839 47 438 45 169 41 120
2648 -3.5179859452511018 0.533186853061418 1.4572514965182883 228 228 228 0.047727797004379541 46 199 45 174
2649 -3.5265831668912075 0.61271377041519604 1.3743957588816109 228 228 228 0.26156119324478411 43 217 45 180 41 126
2651 -3.5211284192222285 0.64998121631466688 1.3742130410186852 228 228 228 0.39527998668109143 48 549 49 549 45 187 41 129 39 161 40 161
2652 -3.5211284192222285 0.64998121631466688 1.3742130410186852 228 228 228 0.39527998668109143 48 550 49 550 45 188 41 130 39 162 40 162
2653 -3.332939944076128 0.54637443588589607 1.2106423119658174 228 228 228 2.4324651777612627 44 193 45 191 42 177
2654 -3.3329399440761267 0.54637443588589563 1.2106423119658161 228 228 228 2.4324651777612232 42 178 44 194 45 192
2655 -3.4670773255512226 0.66175374837893353 1.5189461477939872 228 228 228 0.4510203708056143 50 624 45 200
2658 -3.4485455211247804 0.78054925619723614 1.4263256033859311 0 0 0 0.2052106207151469 44 208 45 204
2659 -3.0109797943313104 0.59791971805881527 1.8153682346256856 75 79 91 0.17323491862659104 43 160 46 144 45 207
2660 -4.283809634100149 0.2792458977831711 1.4620200141033723 94 99 113 0.64527779135347774 42 239 43 290 44 261 46 280 45 215 41 163 39 238 41 197 45 254 40 238
2661 -3.6377115300699994 0.13271514043222757 1.5039691778651059 62 66 76 0.19788100018662416 48 424 49 424 50 523 45 226 41 174 39 196 40 196
2662 -3.6042805169206282 -0.13042318812441003 1.9523523450309423 231 231 231 0.48960423242017981 44 267 45 229
2663 -3.4958855870951635 0.64051464158128357 1.4525941537345315 0 0 0 1.3603741743396978 45 235 39 43 40 43 46 212 43 156
2664 -3.4923231851992949 0.64240110683713125 1.4483096830841837 0 0 0 0.99892331869103912 43 276 46 213 45 236 43 157 113 141
2665 -3.7005843340046307 -0.14552110106679264 1.6459856402877266 100 105 120 0.42003223983000915 44 135 45 256
2666 -3.6609877149664793 -0.10710850359039095 1.5625003095180467 100 105 121 0.44461678834430929 44 137 46 157 45 257
2667 -3.6186240000806476 0.049592478657811717 1.5233262325721644 114 120 137 1.6985651606353795 47 387 48 490 49 490 45 266 41 204
2668 -3.666612833164959 0.20050305280108052 1.3670210565074246 59 62 72 1.0520069472406004 46 239 45 267 44 151 41 203 39 271 40 271
2669 -3.6492009095825515 0.19662726462408658 1.4256633382486816 97 102 117 0.62447756019141265 43 258 46 240 51 597 45 269 39 249 39 273 40 249 40 273
2670 -3.6928517412081083 -0.088426847912526335 1.5375732752060967 5 5 5 0.47643284535916797 44 286 45 285 41 257
2671 -3.6538653759406152 -0.0042081845693071104 1.545592418054333 0 0 0 1.0375949205393575 42 292 45 320 41 261
2672 -4.4086868999499007 0.76575795885150832 1.260201554146869 96 101 116 0.78113590792640397 46 332 45 321 41 258 39 310 40 310 38 222 34 90 35 172
2673 -3.6464785520466863 -0.22485708347504987 1.9383583710403374 231 231 231 0.29029810571110798 42 293 44 307 45 323
2674 -3.7040275209740736 0.41651553133043606 1.0935911156345335 0 0 0 0.43363382720023563 42 321 44 333 46 359 45 348 41 263
2675 -3.525217818057941 0.63150379696088677 1.3737939442324545 228 228 228 0.36106628320688605 48 754 49 754 50 806 45 355 39 337 40 337 38 263 119 88 118 196 122 205
2676 -3.8146322491088958 -0.13507722019935803 1.6767604385455999 231 231 231 0.8508377358628717 42 346 44 341 45 372 41 330
2677 -3.5089428848249775 0.6854399733119928 1.3898612614233803 0 0 0 0.74061009403637146 48 792 49 792 50 857 45 381 41 322 39 381 40 381 119 465 123 444 118 448
2678 -4.7701824784853564 0.72949792228782362 1.2210063277916052 109 115 131 0.82484894449326374 42 366 46 395 45 390 41 326 39 390 40 390
2679 -4.7701824784853564 0.72949792228782362 1.2210063277916052 109 115 131 0.82484894449326374 42 367 46 396 45 391 41 327 39 391 40 391
2680 -3.4724101396450364 0.59180773866522296 1.8198034196658672 0 0 0 0.53644234087958609 47 313 46 141 45 91 51 496 42 21 41 64 39 50 40 50
2681 -3.6188605615776201 -0.10637878870167321 1.6123569891734486 231 231 231 1.0042672883951786 52 460 50 473 47 319 45 60 51 757 48 477 49 477
2682 -3.4611293593391337 0.77590586530514682 1.438162915877125 0 0 0 1.8098628782566437 50 811 43 359 46 350 44 324 45 303 48 650 49 650 43 279 46 300 42 227 41 244 41 291 39 347 40 347
2683 -3.4611293593391337 0.77590586530514682 1.438162915877125 0 0 0 1.8098628782566437 50 810 43 358 46 349 44 323 45 302 48 649 49 649 43 278 46 299 42 226 41 243 41 290 39 346 40 346
2685 -3.4871499513778379 0.5949637058338737 1.4023269479071603 228 228 228 2.4595622445128935 43 60 45 38
2687 2.5590092854070789 -0.13959533594849477 2.0088159923468982 9 9 9 0.67265212999101942 64 42 67 42 66 101 68 136 72 115 69 120 73 141 71 141 70 14 74 207 77 458 79 509 80 312 78 387
2688 -0.19390231803876337 -0.028343691913142472 0.36619170606819912 0 0 0 0.21274794317829213 62 322 64 253 67 253
2690 1.2417793461773665 -0.2860880194875724 1.9033093934364076 0 0 0 0.96116711458478088 65 328 66 160
2691 1.9277435765255473 -0.1157461518321576 1.8697178238684304 9 9 9 0.08023095839104076 64 347 67 347 66 161
2692 0.84247902934379193 -0.85977521126830125 1.3228740910119325 140 140 140 0.28146982131761583 65 296 66 174 68 195
2693 0.83256152153346852 -0.85289568644566793 1.3125896308757368 140 140 140 0.32612170809505736 65 297 66 175 68 196 70 228
2694 0.73527305888363748 -0.85394030802038523 1.3161880651513498 0 0 0 0.49153119029875647 65 298 66 176
2696 0.88571929464266752 -0.7963576566502516 1.3601380582857072 140 140 140 0.25525631775897634 64 395 67 395 66 183 68 203 72 208 69 219 70 239
2697 0.88762572746435986 -0.79737770245315231 1.3621040566165818 140 140 140 0.25203465282482573 64 396 67 396 66 184 68 204 69 220
2700 2.6882369217525244 -0.15856444651477372 1.9953561897932555 124 124 124 0.52042570040999714 62 602 66 193 74 417 78 641 79 659
2702 2.5121768276780143 -0.1626193600549331 2.0071972600915307 124 124 124 0.89651651949300337 64 424 67 424 66 195 68 222 69 264 76 692 75 684 79 607 80 647
2703 2.5142902391492785 -0.14183356513555526 2.0117756238157232 6 20 42 0.1975052762572789 64 425 65 318 67 425 66 196 68 223 72 231 69 239 73 292 71 292 70 264 74 424 76 611 78 642
2706 2.5475451889008522 0.064558761569435144 1.9744349474115561 105 110 126 0.37184105422419167 64 434 65 331 67 434 74 442 77 631 79 536 78 583
2707 2.3653525626308225 0.034283222509818544 1.9755316954683673 109 115 131 0.62555511160615918 64 436 65 334 67 436 66 203 68 231 70 276 77 639 80 597
2708 1.425595561941484 -0.11693751562572043 2.0251165381127012 231 231 231 0.3633397010522556 65 339 66 210 68 235 72 250 69 246 73 332 71 332 70 278 76 655
2709 0.6793439596074059 -0.10216221793567493 2.0554812199462198 29 29 29 0.18164522204423483 62 508 63 595 66 217 68 239
2710 0.63755654568264597 -0.10241342691764732 2.0418922933045636 29 30 30 0.21503520639806428 62 631 66 218 69 249
2711 -0.22432937579520176 -0.19585841236723286 1.9552264554941103 57 57 57 0.6937314432514543 64 458 67 458 66 223 68 281
2712 2.225781821455461 0.66169693818822495 2.564249653760617 122 122 122 0.3333962388367433 64 471 67 471 66 227
2713 0.73400135754579721 -0.87915388779144588 1.2877903970485942 0 0 0 0.48500016091079096 65 290 66 232 68 192 70 222 72 195
2715 0.74822442455633376 -0.72826944179858433 1.4298412909284288 0 0 0 0.90210865395643824 64 547 67 547 66 260 72 332 69 303
2716 0.74822442455633376 -0.72826944179858433 1.4298412909284288 0 0 0 0.90210865395643824 64 548 67 548 66 261 72 333 69 304
2718 2.7165155244467294 -0.12765525175185349 2.0182943605711858 22 27 24 0.27048954899566829 64 554 65 445 67 554 66 264 68 270 69 312
2719 0.94578005049841585 -0.88159782105676765 1.3006402508520125 0 0 0 0.50618818873696403 65 436 66 283 70 338
2720 0.74173262128113526 -0.87569434885051689 1.2928171382546123 0 0 0 0.53702343483596882 65 437 66 284 68 285 72 374 69 298 70 340
2721 0.74173262128113526 -0.87569434885051689 1.2928171382546123 0 0 0 0.53702343483596882 65 438 66 285 68 286 72 375 69 299 70 341
2722 0.93902174314571007 -0.72540610232408897 1.4210718864883134 0 0 0 0.20082958281052513 65 439 66 287
2725 2.7536736329600906 -0.15198834882776599 1.9997002053298374 124 124 124 0.30046332282874899 64 585 65 443 67 585 66 293 68 291 72 341 69 309 73 470 71 470 70 346 74 619 76 783 75 800 79 795 78 762
2726 2.5782985605932729 -0.15089081634075988 1.9846650668914572 124 124 124 0.51292843340131133 64 553 65 444 67 553 66 295 62 789 68 292 72 343 69 311 70 348 74 628 76 787 75 808 77 806 79 813 80 771 78 771
2727 2.5089932457831763 -0.15768297527852004 2.0314111228288039 124 124 124 0.36614212461559131 64 586 67 586 66 297 6 509 10 580 8 516 9 487 5 491 2 395 4 395
2729 1.4552434954933171 -0.13615394287260368 2.0123591580337821 90 94 101 0.49275059578382335 63 871 66 305 68 302 72 362 69 320 73 537 71 537 70 359 74 686 76 852 75 913
2730 -0.44259961762568556 -0.28244743151037882 1.7932770041068822 0 0 0 0.71709547996861545 65 426 66 311 68 308
2731 0.82101974289584212 -0.84312699117778744 1.3195248765650407 140 140 140 0.73088948594335479 65 467 66 317 68 313 72 397 69 356 70 402
2732 0.82101974289584212 -0.84312699117778744 1.3195248765650407 140 140 140 0.73088948594335479 65 468 66 318 68 314 72 398 69 357 70 403
2733 0.89769403128787839 -0.84389651617217831 1.3229209229079397 140 140 140 0.16691683941992497 65 469 66 319 68 315 72 395 69 332 70 400
2734 0.89740628193370775 -0.84362136136741406 1.3226418909621953 140 140 140 0.13442223274324752 65 470 66 320 68 316 72 396 69 333 73 578 71 578 70 401 74 729
2735 0.93624906898798621 -0.84348768926241879 1.3240205483802223 0 0 0 0.91879939721250747 65 471 66 321 69 334 70 369 74 727
2736 0.85805865760395061 -0.83800344087269008 1.3250035061858834 0 0 0 1.2040220325919628 65 472 66 322 68 317 72 399 69 335 73 580 71 580 70 370
2737 0.89958620453603566 -0.78880277289518175 1.3705950737124415 140 140 140 0.2415616518307549 65 476 66 326 68 321 69 341 70 374
2739 0.60328108079906828 -0.14929787943313411 1.9717907411473496 29 30 30 0.6098144101997991 65 457 66 335 68 307 69 353
2740 0.93157760119507016 -0.81876792589530689 1.3523627673564937 0 0 0 0.71227514186035024 65 500 66 339 68 336 72 430 69 375 73 614 71 614 70 423 74 791
2741 0.86311267849284912 -0.87380216051763926 1.3087930477531602 0 0 0 0.79413904987353212 65 519 66 353 68 345 72 440 69 373 73 630 71 630 70 420
2742 0.7792788872353863 -0.74896697473707585 1.3678285027375803 141 141 141 0.37034207525976165 64 661 67 661 66 354
2743 0.76652052078829491 -0.82705820529964058 1.3399595038586429 0 0 0 0.53369855771397767 65 531 66 362 68 360 69 383 70 437
2744 0.94960886372698838 -0.21096591023571162 2.0063890083480684 57 57 57 0.60836135476056319 61 1018 66 367 68 364 69 389
2745 2.0224741127997694 -0.16511600178715166 2.0046650278939055 124 124 124 0.55721682622600066 62 712 63 782 64 509 67 509 66 245 61 696 65 327 68 255 72 288 69 269 73 396 71 396 70 304 74 525 76 701 75 769 77 758 78 716
2746 0.59725148473819534 -0.19308440542603417 1.9229431089879645 57 57 57 1.2430281093499784 63 879 61 946 59 886 66 309 61 714 64 560 67 560 65 416 64 602 67 602 68 333
2747 0.12703250125857971 -0.10916071855111278 2.0561310013956504 29 30 29 1.2367337127880285 60 741 58 739 57 902 64 459 67 459 65 391 66 277 59 868 64 570 67 570 65 461
2748 0.97443539685283909 -0.67026129093761744 1.4858711509690086 141 141 141 0.22284465428646083 65 440 66 288 68 287 72 334 69 305
2749 0.96954742548643325 -0.66846382303918694 1.4806551309107561 141 141 141 0.66750873489236284 65 441 66 289 68 288 72 335 69 306 70 377
2750 2.7015615443385363 -0.14878280752012774 2.0082491139594656 119 121 120 0.22078904051567463 65 40 66 94 68 43 69 44 77 242
2751 1.5721164283078624 -0.15858612348496445 1.9982874924192233 26 79 39 0.18116070239839815 62 92 64 45 66 69 67 45 68 64 72 18 69 152 73 151 71 151 70 164
2752 1.4277541412862036 -0.1206540776313693 2.0302269420323427 231 231 231 0.079544104351654418 65 49 68 71 69 48
2753 1.1391553627788458 -1.0494105251820893 1.6090809445290397 140 140 140 0.12049180009104055 65 126 70 103
2754 1.1391553627788458 -1.0494105251820893 1.6090809445290397 140 140 140 0.12049180009104055 65 127 70 104
2755 2.5587777949022543 -0.10671789510123351 1.8091937722116436 9 9 9 0.39164438359719655 65 144 68 124 69 110 70 145 77 241 79 274 80 304 78 371
2756 2.5336632481683887 -0.16167533878919557 1.9873043263782095 6 22 42 0.53697619419542431 64 40 67 40 68 128 62 86 69 114 73 86 71 86 70 146 75 274 79 288 80 310 78 384
2757 2.5686451370229042 -0.15462754992902858 2.0053555166685149 9 9 9 1.3154518961826551 65 41 68 130 72 111 64 41 65 42 67 41 70 147 77 250 80 218 78 381
2758 2.5554387616426837 -0.13835277998151208 2.0067590765196597 8 8 8 0.89002772774127625 64 43 67 43 68 137 72 116 69 121 73 142 71 142 70 15 76 94 74 206 75 93 77 457 79 508 80 311 78 386
2762 2.4882350953409711 -0.12052883946978016 2.0101939529095874 9 9 9 0.46972236904852421 65 159 68 146 66 112 72 124 69 130 80 320
2763 2.4797284591954867 -0.12131822788350029 2.0168882741772536 9 9 9 0.43048645397332019 65 160 66 113 68 147 72 125 69 131 80 322
2764 2.5890023802242785 -0.12619628459502691 2.1056840262125438 9 9 9 0.059512078286052053 65 161 68 148
2765 0.94580734652527021 -0.066586226462292758 1.0403956274635093 9 9 9 0.0082746729059978014 65 169 68 159
2766 1.6328771328291547 -0.12863008304047907 2.0401913391909234 0 0 0 0.32657032286352772 60 386 62 355 64 254 67 254
2767 2.0773427654618151 -0.12550526750826646 2.0413482500004707 9 9 9 0.040495087247674214 64 235 67 235 68 161
2769 1.5607730666230855 -0.17362390585347634 2.0013696326409116 123 123 123 0.73362141117532786 63 394 68 166 72 177 77 481
2770 2.0319131857775607 -0.16789572426240021 2.001238019476717 123 124 124 0.80158883828819016 63 566 68 177 76 632 75 636
2771 -0.021001542526565335 -0.056370751730036285 0.60956883942147166 0 0 0 0.61989227550850712 62 490 63 567
2772 2.0139898228373925 -0.14184372720541613 2.0054819069796213 6 20 42 0.28310952858631838 65 258 68 179 69 197 70 187 71 229 73 229 74 341 76 528 75 454 75 641 77 645 78 599
2773 1.4357736934933603 -0.14358594410215605 2.0067566165522428 6 21 42 0.22656396234009046 64 262 67 262 68 182 75 652
2774 0.2261476638959069 -0.10400094293500016 2.0657661476769804 29 29 29 0.4159511903511004 62 511 66 151 68 184
2775 0.73536739727996137 -0.88105325925214939 1.2899015588289298 0 0 0 0.18612188719371056 65 289 68 191 72 194 70 221
2776 0.90835547925627913 -0.83347251840496883 1.3303961031179008 140 140 140 0.14427330895268486 66 177 68 199 69 211
2777 0.90739797974892122 -0.83277744732081482 1.3294000915485764 140 140 140 0.13279493592415617 66 178 68 200 69 212 70 232
2778 0.88293843351238943 -0.83000495649047124 1.3269577982689114 140 140 140 0.12161598164443933 66 180 68 202
2779 0.61533484704514196 -0.67056725264232608 1.1361607207547439 141 141 141 2.3692824609112266 65 301 69 221
2780 0.61533484704514196 -0.67056725264232608 1.1361607207547439 141 141 141 2.3692824609112266 65 302 69 222
2781 0.80862651965767762 -0.77539154873203653 1.3740971962029804 0 0 0 0.30168993745457906 66 185 68 209 72 214 70 245
2782 0.80862651965767762 -0.77539154873203653 1.3740971962029804 0 0 0 0.30168993745457906 66 186 68 210 72 215 70 246
2783 0.71603070955526926 -0.66459103062491576 1.4882304600052576 141 141 141 0.67127786044012461 65 316 68 220 69 238 72 299 70 258
2784 2.4853375841912326 0.091698365795111911 1.8495731951427146 59 62 72 1.4459833553672494 65 335 66 204 68 232 72 289 69 292 73 435 71 435 70 358 68 301 74 575 76 631 75 765 77 755 79 746 78 651 78 777 71 493 73 493
2785 2.5352439272137963 -0.063149245420066724 1.8495483187249586 5 5 5 1.5754609247204696 65 319 66 239 68 250 72 300 69 283 73 291 73 430 71 291 71 430 70 324 74 510 74 570 76 693 76 745 77 744 79 814 74 632 76 794 80 587 80 778 78 701 12 462
2786 2.2328209880915955 -0.15697650361904672 2.0022613470431558 6 20 42 0.26472063638228355 65 323 66 242 68 253 72 283 69 267 73 389 71 389 70 301 74 518 75 762 77 754 80 724
2787 0.79364798736529119 -0.80902277645352549 1.3505121858691105 0 0 0 0.93925423204105951 65 375 68 261 72 325 73 514 71 514
2788 0.88469893980523084 -0.76197051608425337 1.3805016793554157 0 0 0 1.053586709204666 66 233 68 262 72 266 72 326 73 364 73 452 71 364 71 452 70 320 70 342 74 552 74 607
2789 0.88469893980523084 -0.76197051608425337 1.3805016793554157 0 0 0 1.053586709204666 66 234 68 263 72 267 72 327 73 365 73 453 71 365 71 453 70 321 70 343 74 553 74 608
2790 1.9184234074458901 -0.12968566586522834 2.0188342350273421 12 12 12 0.42605233318904606 63 783 68 273 72 308 69 288 73 436 71 436 70 325 76 807 75 826 77 823 78 788
2791 0.72228257793930251 -0.66962418234238719 1.4811034727130057 141 141 141 0.85119082091885945 66 290 68 289 69 307 70 378 71 551 73 551
2792 0.71583329251220973 -0.66393268269236994 1.472264107120921 141 141 141 0.71261630224945649 66 291 68 290 69 308 72 338 70 379
2793 2.5544842468470517 -0.088115175784362856 1.8424131908665893 231 231 231 0.61681099120016913 65 446 66 296 68 293 72 344 69 313 70 349 74 629 76 788 75 809 77 805 79 805 80 767 78 770 12 370 6 387 11 361 10 419 8 507 9 333 5 482 7 159 7 162 5 265
2794 1.2298812183192018 -0.26613773722635981 1.8940992069756686 0 0 0 0.27474154704266296 65 450 68 298 72 358 70 354
2795 2.5756142939401885 -0.13413378061856027 1.7860849976292066 124 124 124 0.43739620407780777 65 442 66 292 68 324 72 377 69 344 73 517 71 517 70 380 74 618 76 830 75 845 77 849 79 791 80 760 78 817
2796 1.5240420456539934 -0.16265104771945563 2.0246931105745309 124 124 124 1.0894144127657122 65 480 68 326 69 348 70 411
2797 2.0865114269608718 0.059191055089852826 2.0079294970068484 5 5 5 1.2103150721434934 64 596 67 596 68 330 72 363 73 400 71 400 80 654 78 660 6 412
2798 0.86535638664603654 -0.8142927466124722 1.3412498119822507 0 0 0 1.0482064726327074 65 499 68 347 72 429 73 615 71 615 70 422
2799 0.76693823657108451 -0.86078230173654113 1.3046740340953888 0 0 0 0.95752548616207067 66 361 68 359 72 450 69 382 70 443
2800 0.81920481385281707 -0.7806827768342951 1.3636890667981656 0 0 0 0.2476187073656024 64 619 67 619 66 328 68 323 64 644 67 644 65 501 66 340 72 405 69 360 73 586 71 586 70 406
2801 1.7636230300707385 -0.17404355885682285 2.0075120370716149 27 83 39 0.64510514310598799 68 58 72 15 75 118 77 125 78 294
2802 1.7303762038249293 -0.16484069572755194 1.9974308822993374 37 85 46 0.44375961366721439 66 67 72 17 70 18 74 108 76 100 77 478
2803 2.5723735633508276 -0.10719512635700208 1.8039709058111941 10 10 10 0.14943727633946727 65 38 72 107 69 109 73 84 71 84 80 303
2804 2.5349929798439059 -0.10680633492634191 1.8061317565649877 9 9 9 1.1586100630706853 66 95 68 125 72 108 69 111 66 93 78 372 75 432 79 468
2806 0.81320644068636894 -0.85499345883120037 1.3179046721138707 141 141 141 0.50115957483185136 68 197 72 200 69 209 73 414 71 414 70 229
2808 0.88512282410320031 -0.77655097713472199 1.3757326253721198 141 141 141 0.26180459377313725 65 304 72 212 70 243
2810 0.87790433437349502 -0.75291063238328171 1.40903367909444 141 141 141 0.27836638825890386 64 401 67 401 68 213 72 218 69 229 70 249
2811 0.87795153847169016 -0.75284912478316357 1.40912881556717 141 141 141 0.26502662012056832 64 402 67 402 68 214 72 219 70 250 69 230 74 495
2812 2.5989560855218348 -0.14377975426309728 1.7685729139083139 124 124 124 1.0457884301417812 68 121 72 228 66 156 73 136 71 136 76 518 75 81 77 237 79 270 80 453 78 369 78 639
2813 2.5638945424001007 -0.14055719272273315 1.7457248825740337 124 124 124 0.71296931799325025 68 122 72 229 78 640
2815 0.77641959181698628 -0.74976109025158399 1.3999161696118634 141 141 141 0.24267838191101665 65 307 72 268
2816 0.77641959181698628 -0.74976109025158399 1.3999161696118634 141 141 141 0.24267838191101665 65 308 72 269
2817 3.3249485337537221 -0.22858286873002842 3.2225209068506029 124 124 124 1.1599275096917432 62 791 72 302
2818 1.6260202430130075 -0.15756319141724265 1.9822394653858419 124 124 124 0.30839799662940021 63 909 68 325 72 388 61 929
2819 0.93439593905473328 -0.87796233092297538 1.3123423845287501 0 0 0 0.41945063685407408 68 346 72 428 69 374 73 610 71 610 70 421 74 766
2820 2.5659275274532165 -0.073473638813602679 1.7729818637657837 59 62 72 0.99481582113206346 68 362 72 433 69 385 73 590 71 590 70 439 74 743 75 944 77 966 79 954 78 936
2821 2.6512790935748964 -0.19261005327176958 1.9305158967051961 57 57 57 1.2086267929863961 66 364 72 443 69 391 70 446 77 1001 79 982 80 908
2822 1.22816245129499 -1.1689090546736858 1.107200419749621 57 57 57 0.71935041656853127 72 149 69 6 70 63
2823 2.5596620463969306 -0.16805824554612347 1.9860409315054208 9 9 9 0.34704719245673715 66 65 68 42 69 43 77 247 80 307 78 274
2824 2.059240723092878 -0.14303812089596415 2.0075591949741978 118 120 118 0.14500438545474206 68 53 72 11 69 46 66 66 73 91 71 91 74 101 76 360 75 107 77 254 80 221 78 289
2825 2.630706723925297 -0.11149010791207997 1.8859257426864091 9 9 9 0.54645982966578721 66 96 68 127 69 112
2826 2.5877920148664302 -0.11353379274458977 1.9052669088477794 10 10 10 0.57594790687617026 66 98 68 132 69 116
2828 2.5060477754649337 -0.12006044126837762 2.0126163686104293 9 9 9 0.35385420714597221 62 300 69 129 70 158 75 282 77 253 80 318 78 281
2829 2.0433992231050158 -0.12396723750130906 2.0133966791437734 10 10 10 0.059565762245324547 66 133 69 140
2830 1.471470548511876 -0.14783562654803828 2.0086060678062712 121 122 122 0.23145256110872706 68 67 72 136 69 155 70 166
2831 0.69579500797674976 -0.93413234484740226 1.2255599351118618 140 140 140 0.29352721037204821 66 230 69 204
2832 0.80389761544251259 -0.84784256687208515 1.3056305737964324 141 141 141 0.084930115504415135 68 198 69 210 70 230
2833 0.91141741092833606 -0.79984914920376948 1.3665375997048221 141 141 141 0.00301772366149455 66 181 69 217
2834 0.91141741092833606 -0.79984914920376948 1.3665375997048221 141 141 141 0.00301772366149455 66 182 69 218
2835 0.9122469953769079 -0.77945482643624786 1.3818170201049307 141 141 141 0.095070275537351173 68 207 69 223 73 359 71 359
2836 0.91694722456647271 -0.78274353690561493 1.3872898852528395 141 141 141 0.0007033955619221812 68 208 69 224
2839 0.73043430915586982 -0.6766997327447799 1.515599603661268 141 141 141 0.56039586844791378 72 298 69 237 70 257
2840 2.2522400923667254 -0.16544981940249778 1.9892751941583142 123 123 124 0.21188962543278445 65 253 69 240 73 297 71 297
2841 1.2163245393721123 -1.1887843327927858 1.1261585646853525 0 0 0 0.057791775404267227 72 263 69 255 70 286
2842 1.2476802577630905 -1.1541540945764661 1.1373024925509556 17 17 17 0.54120246880234413 72 297 69 257 70 316
2843 0.81563481560747286 -0.79706352125002589 1.3661597769234146 0 0 0 0.029702429887938538 68 244 69 258
2844 0.80885890403483418 -0.79258324587452433 1.3572038882814694 0 0 0 0.30578239052842027 68 245 69 259 73 356 71 356
2845 1.2178512259224852 -0.19278934304758208 1.9768462107606928 57 57 57 0.35843290217466989 72 314 69 294 74 584 71 444 73 444 76 816
2846 0.77265248866895719 -0.7446992186476018 1.3825213648066037 141 141 141 0.75088631555522445 72 328 69 301 73 458 71 458 70 344
2847 0.77265248866895719 -0.7446992186476018 1.3825213648066037 141 141 141 0.75088631555522445 72 329 69 302 73 459 71 459 70 345
2848 2.7728163859199091 -1.3989427861923647 1.1801919530309744 57 57 57 1.2298937121133562 72 295 69 327 70 364
2849 1.278647545816864 -1.1855830392819116 1.1086910578477887 0 0 0 0.23433037525015318 72 371 69 328 70 365
2851 2.48329809612965 0.11254826662131677 1.7763633304351099 130 130 130 0.86284151267243858 72 445 69 387 73 593 71 593 74 782 76 944 75 976 77 1009 80 918 12 612 6 640 11 583 10 810 8 795 9 715 5 895 2 838 4 838 7 662
2852 1.1063146637927319 -0.10018499006614523 2.0632417581651068 29 29 29 0.4647997373209149 60 725 61 717 59 794 64 441 63 577 67 441 66 212 68 236 69 248 62 375 72 258 73 335 71 335 70 282 74 474 76 715
2853 2.0262634408002511 -0.12359432365971974 2.0115788528041483 9 9 9 0.35740497955620842 68 162 72 131 69 143
2854 2.4958166948130454 -0.15002090829913478 2.0056918560969508 120 120 121 0.1132023176622651 66 103 73 88 71 88 74 210 76 345
2855 2.5560259729740165 -0.096779966901103076 1.807083569716387 231 231 231 0.86199925025794877 72 109 73 139 71 139 70 178 76 90 75 268 77 603 79 469 78 267
2856 2.5509900598135244 -0.010204638724120809 1.6411273103112338 130 130 130 0.17416148011296753 72 166 73 223 71 223
2857 2.5509900598135244 -0.010204638724120809 1.6411273103112338 130 130 130 0.17416148011296753 72 167 73 224 71 224
2858 2.4775851929451869 0.20566155471980505 1.588110069188301 0 0 0 0.39795254976272132 72 245 73 232 71 232 75 630 78 578
2859 1.7448073277132685 -0.1508488996387424 2.0185494397034178 122 123 122 0.32017300205487942 72 175 73 236 71 236 70 188 77 479
2860 2.665019276795586 -0.14323115269514394 1.1898097916858654 59 62 72 0.47904807426154961 72 159 73 279 71 279 76 585 79 382 80 406 78 506 82 281 81 439
2861 2.5499452828883413 0.40722816889342084 1.5661200841829008 114 120 138 0.42053921703958963 72 254 73 331 71 331 74 463 76 646 79 540 78 593 82 407
2862 0.81119576268230309 -0.80484976280494058 1.3525111874686737 141 141 141 0.026334591658721446 69 215 73 350 71 350
2863 0.81138933311629291 -0.80515511034799347 1.353099664603107 141 141 141 0.09884325456298404 69 216 72 205 73 351 71 351
2864 2.5599562943534213 0.010732432869991787 1.5849921868335501 130 130 130 0.48268363583791157 72 280 73 381 71 381 74 507 76 603 75 609 77 595 80 458 8 56
2865 2.5597632401962773 0.010701519073890133 1.5844245726240465 130 130 130 0.55340468254672304 72 281 73 382 71 382 74 508 76 604 75 610 77 596 80 459 74 332 8 57
2866 0.87041807033020058 -0.77861293368048368 1.3745910389413281 0 0 0 0.33311443162045762 72 265 73 416 71 416 70 287 74 602
2867 0.87041807033020058 -0.77861293368048368 1.3745910389413281 0 0 0 0.33311443162045762 72 264 73 417 71 417 70 288 74 603
2868 2.4865415239366704 0.069314126136353502 1.7440720036657218 0 0 0 0.78679773186425972 72 306 73 431 71 431 70 356 69 317 76 749 75 759 77 816 75 821 82 623 74 435 76 627 12 379
2869 2.4828763133009182 0.068791781338918667 1.7406973618673722 0 0 0 0.43534595486260919 72 307 73 432 71 432 70 357 69 318 76 750 75 760 82 624
2870 2.5536106849358919 -0.01227743968879825 1.6213686009773232 130 130 130 0.53432548444852068 72 378 73 472 71 472 74 621 76 832 75 846 77 853 79 793 80 761 78 820 82 667 12 343 6 367 11 325 10 404 8 369 9 464 5 466 2 370 4 370 7 139
2871 2.5547795537885136 -0.012560693646563519 1.6226168855674323 130 130 130 0.62161784321220726 72 379 73 473 71 473 70 383 74 622 76 833 75 847 77 854 79 794 80 762 78 821 82 668 12 344 6 220 6 368 11 326 10 405 8 370 9 465 5 467 2 371 4 371 7 140
2872 2.5685737017779586 0.057923989044331964 1.4822361189981399 0 0 0 0.56562099144284017 72 345 73 474 71 474 74 623 76 786 75 802 77 800 79 734 80 759 78 819 82 614 12 335 6 360 11 319 13 263 13 340
2873 2.5747204972083186 0.057974549174860987 1.4856331790334958 0 0 0 0.66155347469312731 72 346 73 475 71 475 74 567 74 624 76 785 75 801 77 799 79 733 80 758 78 696 78 818 80 577 82 613 12 334 6 359 11 318 10 559 8 494 5 639 2 564 4 564 7 404
2874 2.5328109562198033 0.017365430504581315 1.6379566628165971 0 0 0 0.28181324895213627 72 348 73 478 71 478 70 351 74 630 76 789 75 810 77 803 79 801 80 763 78 767 82 675 12 352 6 371 11 335 10 212 8 371 9 322 5 472 2 234 4 234 7 146
2875 2.5328109562198033 0.017365430504581315 1.6379566628165971 0 0 0 0.28181324895213627 72 349 73 479 71 479 70 352 74 631 76 790 75 811 77 804 79 802 80 764 78 768 82 676 12 353 6 372 11 336 10 213 8 372 9 323 5 473 2 235 4 235 7 147
2876 2.5261952692007461 0.062378272632934176 1.5855479549919089 0 0 0 0.66292087530949584 72 351 73 481 71 481 74 633 76 792 75 813 77 807 79 736 74 571 76 746 80 710 82 736 12 354 6 373 11 337 13 349 10 562 8 499 9 466 5 649 2 572 4 572
2877 2.5271926083144347 0.062397404915902656 1.5863120925621306 0 0 0 0.66266627519639931 72 352 73 482 71 482 74 572 74 634 76 747 76 793 75 814 77 808 79 737 80 711 82 737 12 355 6 374 11 338 13 350 8 500 9 467 5 650 2 573 4 573
2878 2.5234383505023628 0.04100101407169441 1.6690389624311643 130 130 130 0.43791617316557141 72 381 73 483 71 483 74 638 76 796 75 849 77 861 79 809 80 773 78 826 82 677 12 364 70 387 6 233 11 352 10 414 8 377 9 328 5 478 2 238 4 238 7 151
2879 2.5142832761809117 0.11238569029057981 1.5746712289890676 130 130 130 0.42861678075269 72 382 73 485 71 485 74 641 76 798 75 850 77 862 79 810 80 774 78 829 82 678 6 381 11 345 13 361 10 415 8 378 9 326 5 261 2 239 4 239 7 152
2880 2.5137349763897174 0.1123684882145137 1.5742439083050206 130 130 130 0.43105304573970837 72 383 73 486 71 486 74 642 76 799 75 851 77 863 79 811 80 775 78 830 82 679 6 382 13 362 10 416 8 379 9 327 5 262 2 240 4 240 7 153
2881 2.5159806647326151 0.13738114194853718 1.5469722656910063 0 0 0 0.3882705693447055 72 385 73 488 71 488 74 643 76 800 75 817 79 812 80 776 12 362 6 383 9 325 2 241 4 241 7 154
2882 2.5024210020023729 0.11860744393567545 1.6330437267492086 130 130 130 0.24930720996603101 72 356 73 489 71 489 74 645 76 802 75 819 77 814 79 816 80 713 78 775 82 680 12 373 6 388 11 366 13 365 10 423 8 382 9 334 5 268 2 244 4 244 7 165
2883 2.5024210020023729 0.11860744393567545 1.6330437267492086 130 130 130 0.24930720996603101 72 357 73 490 71 490 74 646 76 803 75 820 77 815 79 817 80 714 78 776 82 681 12 374 6 389 11 367 13 366 10 424 8 383 9 335 5 269 2 245 4 245 7 166
2885 2.5686960820404194 -0.055004690547734873 1.6258913208503565 0 0 0 0.40085955653245059 72 412 73 519 71 519 74 669 76 829 75 895 77 910 79 874 80 846 78 884 82 779 12 447 6 496 11 488 10 558 8 495 9 560 5 640 2 563 4 563 7 403
2886 2.5747288205950158 0.36758886229472176 1.5274012984099739 62 65 76 0.61878517769714458 72 391 73 531 71 531 74 684 76 806 75 864 79 826 80 790 78 841 82 685 81 691 83 763
2887 0.8969078257595362 -0.81397653605437437 1.3445180533412231 0 0 0 0.35831187742618231 69 336 73 543 71 543 70 371 74 730
2888 0.8969078257595362 -0.81397653605437437 1.3445180533412231 0 0 0 0.35831187742618231 69 337 73 544 71 544 70 372 74 731
2889 3.051836990339853 -0.18446222671587617 1.4659749768478982 29 30 30 1.3768754408243136 73 550 71 550 74 703 76 870
2890 2.5417025891113347 0.0077010160687387601 1.5973270795541215 130 130 130 0.64386791863396087 72 413 73 554 71 554 74 706 76 871 75 897 77 911 79 919 78 885 82 780 12 451 6 498 11 433 8 630 9 561 5 641 2 725 4 725 7 407
2891 2.5377731360709808 -0.0010513068639179106 1.6639041088179896 0 0 0 0.46697828681443471 72 414 73 556 71 556 74 708 76 873 75 900 77 913 79 920 80 880 78 887 82 783 12 504 6 569 11 494 10 723 8 633 5 796 2 728 4 728 7 557
2892 1.0069077847642676 -0.11475693338682183 2.09768775123064 29 30 30 0.44689650020171651 72 423 73 567 71 567 74 723
2893 2.5814528767978508 0.60677842819833128 2.605019701720114 215 215 215 0.40880013378675351 68 358 73 568 71 568
2894 0.90003386905564908 -0.78952638792956042 1.3720579898313605 141 141 141 0.06795054602745014 72 403 73 583 71 583
2895 2.5184108418515838 0.10109877881471684 1.610315268198087 130 130 130 0.43351566541068043 72 434 73 591 71 591 74 745 76 907 75 947 77 968 79 955 80 883 78 937 82 827 12 507 6 572 11 534 13 526 10 798 8 705 9 634 5 801 2 731 4 731 7 563
2896 2.4940263467498962 0.16551845922301511 1.6012574277504696 0 0 0 0.34956008279534867 72 446 73 592 71 592 74 746 76 908 75 950 77 969 79 960 80 916 78 974 82 829 12 566 6 634 11 538 13 575 10 804 8 712 5 888 2 833 4 833 7 568
2897 2.5175442534250472 0.4052585381958923 1.4976604717974404 0 0 0 0.30051101594651652 72 448 73 601 71 601 74 753 76 912 75 953 77 976 79 927 80 886 78 943 82 790 81 775 83 845
2898 1.2031905385926596 -0.11520283775920252 2.0554773119167113 29 30 30 0.50835425353077579 72 420 73 605 71 605 70 414 74 759 76 921
2899 0.78535289023538613 -0.75642018730548344 1.3741997503835757 141 141 141 0.39147986856748868 72 432 73 619 71 619 70 425
2900 2.6032027440397352 -0.10276000458981288 1.5926708972449526 130 130 130 0.89643376378866135 72 442 73 620 71 620 74 773 76 934 75 968 77 1019 79 977 80 929 78 986 82 844 12 600 6 669 11 568 10 872 8 776 9 695 2 818 4 818 7 649
2901 2.4987162895518056 0.082887906138776737 1.6999810969754923 9 9 9 0.33817617971160735 72 444 73 623 71 623 74 780 76 942 75 975 77 1006 79 984 80 915 78 973 82 847 12 610 11 580 10 883 8 789 9 708 5 955 2 832 4 832 7 661
2903 2.5651027579248646 0.0089057411206529598 1.438865596414737 130 130 130 0.72463715135468687 72 451 73 633 71 633 74 792 76 952 75 991 77 1020 79 978 80 930 78 987
2904 2.5515808207559387 0.055168932805024024 1.5326882678916154 0 0 0 0.25589750533914513 72 452 73 636 71 636 74 794 76 954 75 994 77 1023 79 983 80 933 78 990 12 603 6 671 11 615 10 874 8 838 9 762 5 950 2 928 4 928 7 725
2905 1.8654867131138884 -0.20220256569948677 1.9556268728058293 57 57 57 1.034282092154152 72 453 73 640 71 640 74 797 76 957
2906 2.6855599321029184 -0.15631055465546245 2.0070136630081956 124 124 124 1.726411749647087 62 788 65 407 66 262 68 268 72 342 66 294 69 280 69 310 73 429 62 709 64 505 67 505 65 381 66 237 68 248 72 279 69 262 71 429 70 295 70 347 74 506 74 565 76 744 75 681 75 752 75 804 79 803 77 685 80 708 80 641 78 698 78 765
2908 1.4219238412199577 -0.15109799541804644 1.9970953217074818 123 124 124 0.58224399300584007 62 98 73 238 71 238 76 369 69 158
2909 1.16169313326972 -1.1514626114636888 1.0917258814834123 0 0 0 0.020535853612468888 69 2 70 61
2910 1.16169313326972 -1.1514626114636888 1.0917258814834123 0 0 0 0.020535853612468888 69 3 70 62
2911 1.2357648100101255 -1.1890536585223002 1.1385720873719041 57 57 57 0.47121895992832391 69 98 72 56 70 64
2912 2.6684224285155076 -0.31934172632046398 1.5173803776431782 104 109 125 0.67908475010682035 71 218 72 8 73 218 70 130 76 467 79 257 79 390 80 287 78 353
2915 2.5499805058310856 -0.067572459428189666 1.8474387263349337 5 5 5 0.22058806763959735 71 225 73 225 70 182 79 489 78 560
2916 0.27380893335151202 -0.030549934179274513 0.43136260638397922 9 9 9 0.28379746517354032 68 150 70 190
2917 1.1983095879814072 -1.2238552461056356 1.086224302738565 57 57 57 0.045279480554210084 72 184 70 209
2918 1.1983095879814072 -1.2238552461056356 1.086224302738565 57 57 57 0.045279480554210084 72 185 70 210
2919 0.94669096375652662 -0.88109775194356676 1.2907810002651674 0 0 0 0.26191811288321942 66 172 70 219
2920 0.94669096375652662 -0.88109775194356676 1.2907810002651674 0 0 0 0.26191811288321942 66 173 70 220
2921 1.2340748418781382 -1.1425831549890775 1.9357948351450913 141 141 141 2.5077342479642883 68 205 70 235
2922 1.2340748418781382 -1.1425831549890775 1.9357948351450913 141 141 141 2.5077342479642883 68 206 70 236
2923 0.88053989459390369 -0.79228202967230565 1.3526472855459648 141 141 141 0.13239584053939174 72 209 70 240
2924 0.76819436344882586 -0.79095380330794829 1.3511066881182776 141 141 141 0.035320455078316368 72 210 70 241
2925 0.88512282410320031 -0.77655097713472199 1.3757326253721198 141 141 141 0.26180459377313725 65 303 72 213 70 244
2926 0.77749169431580045 -0.75031248655927885 1.4038826026678393 141 141 141 0.2830763987160998 68 216 70 252
2927 2.5280696190770371 0.030410347440288216 1.6392033925850198 0 0 0 0.38827771770822278 71 293 73 293 70 268 76 609 75 615 77 608 79 472 76 521 80 472 82 370
2928 1.4363795174675857 -0.098213386919029755 2.0549343652436822 231 231 231 0.1185471010739285 72 252 70 279 12 40
2929 1.4339557809870385 -0.099091946351204288 2.0497465230919705 231 231 231 0.67254933703069997 72 253 70 280 74 540 65 340
2931 1.2313872254482521 -1.1389651773862299 1.1232578365726058 0 0 0 0.30796815725502702 72 296 70 317
2932 2.5920934082522522 -0.14362579119497085 2.0064647772780977 124 124 124 0.066750617090740413 68 269 69 281 70 323
2933 1.1742565411884744 -1.1899777030048149 1.0396452731032149 0 0 0 0.71267164764757607 72 393 70 362
2934 1.3170752403979415 -1.2078028775056846 1.0994544836597839 57 57 57 0.36579406440509521 72 369 70 363
2935 0.96987647638780161 -0.9480542275780911 1.2530601190808768 140 140 140 0.60949889284489056 69 330 70 367
2936 0.96987647638780161 -0.9480542275780911 1.2530601190808768 140 140 140 0.60949889284489056 69 331 70 368
2937 2.5519456913768841 -0.036413065163920365 1.6522892749944833 0 0 0 0.33414577237409276 71 471 73 471 70 381 74 620 76 784 75 803 77 801 79 792 78 761 10 406
2938 2.5220021644911887 0.015946249875127948 1.6961657414186462 0 0 0 0.42145172312926826 69 345 71 480 73 480 70 384 74 636 76 795 75 815 77 809 79 806 78 772 12 366 10 413 8 375 5 263 2 380 4 380 7 150
2939 1.7212386949766196 -0.15868984449797385 2.0120890451512192 124 124 124 0.4713105016433578 62 831 63 908 61 928 64 593 67 593 65 454 66 304 68 300 70 391 72 387 69 347 73 528 71 528 74 685 76 849 75 872 77 928
2940 2.5417928362786331 0.01480927571405896 1.6275232620005065 0 0 0 0.26805641051921847 70 266 74 203 79 462 78 552
2941 1.1107072417838895 -0.097187169885748964 2.0602906885482688 28 29 29 0.34683159540834496 72 138 74 239 76 544
2942 4.3546193175974404 -1.4320728284142654 15.702451557632108 9 11 14 0.43375250282443067 69 177 74 242
2943 1.9134158581162832 0.090750988632335966 1.2014524051797568 130 130 130 2.6566051304048797 72 238 74 335
2944 0.97733028678650824 -0.95191810173759772 1.2440919256505278 141 141 141 0.13971015473001105 71 239 73 239 74 356
2945 0.87823168320700629 -0.77940742476464897 1.3845416299754392 0 0 0 0.11495347358602823 65 248 74 399
2946 2.5482068156407838 0.014004790800477418 1.6341225009286156 0 0 0 0.25222174746451897 72 233 74 422 80 462 78 375
2947 2.5444951914808609 0.014225655319719085 1.6316856442045045 0 0 0 0.15481095386759747 72 232 74 423 80 463
2949 2.4983580689634488 0.07000313437516624 1.7605403157730568 0 0 0 0.23758922277556885 72 240 74 436 76 628
2950 1.2261093937983605 -0.290533294694789 1.8508953275126967 0 0 0 0.34919176305189659 71 322 73 322 74 464
2951 1.5360354930797195 -0.14591883175754458 2.0056828491814622 7 21 43 0.23522852658829105 71 330 73 330 74 469 76 652 75 650 77 706
2952 2.5017819466678901 0.66230450811479924 2.5511493975641044 122 122 122 0.71655511556813889 64 466 65 396 67 466 74 475
2956 2.5083082644031793 0.090976659837901069 1.6485828047654663 0 0 0 0.43202717081689368 72 305 74 516 75 757 77 747 82 555
2957 1.5932018532453853 -0.14203459734852797 2.0031699039398165 124 124 124 0.10579334389290787 69 271 74 534
2958 1.2571979596614145 -0.10281083357072911 2.0444600641411244 29 30 30 0.80184824582170777 71 408 73 408 74 586 76 819
2959 1.2571979596614145 -0.10281083357072911 2.0444600641411244 29 30 30 0.80184824582170777 71 409 73 409 74 587 76 820
2960 2.5243160131172648 0.040927620939034487 1.6696233662973594 130 130 130 0.47497275287364638 70 386 72 380 74 637 75 848 77 860 79 808 80 772 78 825 12 363 6 232 11 351 8 376 5 477 2 237 4 237
2961 2.5083150928818605 0.29103092016917931 1.6280562382660835 59 62 72 0.73201805768410022 72 364 74 649 75 825 77 878 79 747 80 794 78 843 82 748
2962 1.2249004250208275 -0.29855053982889762 1.8601118639994754 0 0 0 0.14742464535393332 71 497 73 497 74 651
2963 2.0703759212812716 0.47920541807495626 1.5888073208193489 0 0 0 0.41864734474948406 71 506 73 506 74 660 76 817 75 831 11 455
2964 2.0793732651916246 0.43691337064387487 1.5533408747931179 59 62 72 0.48728857841956186 71 505 73 505 74 689 76 813 75 874 77 885 79 836 80 731 78 848 82 638 81 657
2965 3.2412073749150991 -0.27330160331640874 1.4733146889574682 29 30 30 1.2329922411846881 72 408 74 739 76 896 75 966 77 991 79 974 80 896 78 953 82 838 81 789
2966 2.3976568998914929 -0.19524457493515104 0.4364591824169386 101 106 122 1.0330455715447602 71 21 73 21 75 0 77 0
2967 2.6611948879604106 0.27475866517569536 0.73102209007451624 78 83 95 0.87925982455588814 71 68 73 68 76 68 74 57 75 68 77 77 79 54 80 77 78 100 78 101 81 98 83 140
2969 2.0512566340755511 -0.15496914421568284 2.0071014818732391 26 81 39 0.20983918003096566 74 99 76 96 77 120 78 288
2972 2.2398361121718771 -0.16836748330218365 1.9801715387855185 120 120 121 0.41373033927025632 70 154 76 352 77 110 80 119 78 121
2973 2.2421045830290747 -0.16755071251219178 1.9823730676529583 120 120 121 0.22471268568578529 70 155 76 353
2974 1.7121638126756986 -0.17723771972159483 1.9827958686372082 10 13 16 0.19142077429220866 65 45 76 362 75 306 77 477
2975 2.6754016563574643 -0.32007792141606811 1.5214447863869947 107 112 129 0.65061676676025637 70 131 71 219 72 9 73 219 76 468 79 258 79 391
2976 2.5687938641603112 -0.11840415983650127 1.9798828105646409 10 10 10 0.70527294412669506 72 169 76 523 79 505
2977 2.7883410631563956 0.31513647496706088 1.5252401765168577 0 0 0 0.85250284228527817 76 525 75 443 79 480 78 570 82 365 81 349
2978 2.8087800522625259 0.31733727470659778 1.5391317092239105 0 0 0 0.94528913037189788 76 526 75 444 79 479 78 569 82 364 81 348 83 445
2979 1.5873742058361262 -0.16302866194597179 2.0255624168076851 27 83 39 0.32418785810588507 74 236 76 538 77 655
2980 1.5585870681063232 -0.16274477782832983 1.999698954320152 7 21 43 0.26353330906503269 74 346 76 539 77 656
2982 2.6814462363869023 -0.024928884740433799 1.214333788339746 89 94 108 0.15449344683273344 71 287 73 287 74 411 76 594 75 677 74 503 77 683 79 597 80 572 82 532 81 511
2983 3.0811967860906919 0.14363388296030166 1.15335160278241 59 62 72 1.8572421128776251 76 595 82 585 75 675 80 570 79 389 82 294 81 280 83 703
2984 2.5563520952423575 -0.16056421279072261 1.9714037024751139 124 124 124 0.74255482628066083 71 290 73 290 76 605 75 614 77 607 80 476 79 282
2986 2.5037527446730707 0.042222146507326176 1.6676183039028136 130 130 130 0.21303232693870355 71 295 73 295 74 430 76 614 75 619
2987 2.5037527446730707 0.042222146507326176 1.6676183039028136 130 130 130 0.21303232693870355 71 296 73 296 74 431 76 615 75 620
2989 2.5155268801241983 0.090836845989036366 1.6497266040115925 0 0 0 0.13511255638099312 71 300 73 300 76 617 78 644 13 31
2990 2.5066762066259094 0.12441946323259592 1.6022118545113107 0 0 0 0.54550858671682045 71 302 73 302 74 519 76 621 75 688 77 616 79 503 80 489 78 571 82 552
2991 2.5066762066259094 0.12441946323259592 1.6022118545113107 0 0 0 0.54550858671682045 71 303 73 303 76 622 75 689 74 520 77 617 79 504 80 490 78 572 82 553
2992 2.5406841069210686 0.35618802391626403 1.1617506280118781 130 130 130 0.23136368412391875 71 305 73 305 76 623 75 625 81 336
2993 2.5406841069210686 0.35618802391626403 1.1617506280118781 130 130 130 0.23136368412391875 71 306 73 306 76 624 75 626 81 337
2994 2.5475456115823745 0.42698353027670138 1.0228330715043183 0 0 0 0.61435887281968127 71 308 73 308 74 439 76 625 79 446 80 461 78 556 82 325 84 536 86 540
2995 2.555788882930659 0.42902249935162234 1.0269995840483865 0 0 0 0.70916063754588099 71 309 73 309 74 440 76 626 79 445 80 460 78 555 84 535 86 539 87 547
2996 2.5295883474302703 0.43297068687172235 1.1302274104335694 130 130 130 1.3171055669761635 71 234 73 234 76 629 75 445 75 694 77 465 77 621 80 308 78 391 78 645 82 490 83 441 83 599 84 305 84 550 86 394
2997 2.5293327072529483 0.43307781917164334 1.1301675743247617 130 130 130 1.33773126751684 71 235 73 235 76 630 75 446 75 695 77 622 80 309 77 466 78 646 82 491 83 442 83 600 84 306 84 551 86 395
2998 2.0195695749714226 -0.16699788045749564 1.9858378168077511 124 124 124 0.45210390860654837 68 178 76 633 75 637
2999 2.6180646410059047 0.37405861339795354 1.5399699984238722 62 66 76 0.19614848954840966 71 324 73 324 76 634 77 633
3000 2.4878376018784545 0.43703111483924184 1.2614018055426039 130 130 130 0.5182790488900485 71 325 73 325 74 458 76 635 79 522
3001 2.4878376018784545 0.43703111483924184 1.2614018055426039 130 130 130 0.5182790488900485 71 326 73 326 74 459 76 636 79 521
3002 1.9541377662161452 0.032299568357263379 1.6500539666880936 110 115 132 0.28792201745660634 71 317 73 317 76 638
3003 3.0731749745404935 0.1370492326028383 1.5312601802328121 105 111 127 1.7485056841494395 71 289 76 684 73 289 74 329
3004 1.0997544372632719 -0.11305753189027443 2.0379150981276202 9 11 14 0.21267448607618702 74 541 76 714
3005 0.49902587096410228 -0.020989820488521983 0.10590320524558627 0 0 0 0.053770224316535109 71 116 74 499 73 116
3006 2.7099077594184848 -0.3153166172474044 1.5247448892757156 107 112 129 0.060312817161034357 71 370 73 370 76 735 79 697
3007 2.7099077594184848 -0.3153166172474044 1.5247448892757156 107 112 129 0.060312817161034357 71 371 73 371 76 736 79 698
3008 2.7048975093889314 0.064509270704324398 1.0760253795641754 108 114 131 0.55051467956704114 71 376 73 376 74 556 76 738 75 743 77 735 79 700 80 636 80 682 78 745 82 589 81 563 83 654
3009 2.7048975093889314 0.064509270704324398 1.0760253795641754 108 114 131 0.55051467956704114 71 377 73 377 74 557 76 739 75 744 77 736 79 701 80 637 80 683 78 746 82 590 81 564 83 655
3010 2.6396621829613114 0.28027037037918462 0.7860791958553669 109 114 131 1.1605980257231352 71 427 73 427 74 558 76 740 75 745 79 702 80 638 78 749 82 591 81 560 83 650 84 713 86 656 87 688 85 679
3011 2.6396621829613114 0.28027037037918462 0.7860791958553669 109 114 131 1.1605980257231352 71 428 73 428 74 559 76 741 75 746 79 703 80 639 78 750 82 592 81 561 83 651 84 714 86 657 87 689 85 680
3012 2.7791183926978786 0.26543109896540745 1.502766547374679 59 62 72 1.2919812526270507 74 574 76 748 75 755 77 745 80 642 78 699 82 546 81 592
3015 2.5548378366722098 0.41959096065936646 1.5704486658149563 115 121 139 1.5527724535652847 71 440 73 440 76 758 75 770 77 759 78 713 82 632 81 603 83 605 80 525 75 646 81 385
3017 2.5865609437098289 0.017256225164801384 1.4003702061958354 130 130 130 0.36375411021892412 72 339 76 780 75 797 80 701
3019 2.4949935630762932 0.46249515523794849 1.4180463512328456 59 62 72 0.70098499720314111 71 536 73 536 74 654 76 809 75 866 77 820 79 828 80 725 82 687 81 693 83 766
3020 2.4860894437663998 0.66477560181239359 1.1791459912156832 59 62 72 0.87750839029439442 71 503 73 503 76 810 79 749 83 682 82 630 81 598 84 690 86 675 87 670
3021 2.5085282460924971 0.79867663504404018 1.0924912409385725 116 122 139 1.1265611932061117 71 446 73 446 74 658 76 812 75 829 77 825 79 750 80 729 78 787 82 688 79 830 81 599 84 729 86 634 80 653 81 524 82 558 79 667 87 624
3022 2.5416723347994696 0.3560126030872367 1.1803007792753564 130 130 130 0.36548609668605847 71 520 73 520 74 671 76 836 75 852 77 864 79 796 80 765 78 827 82 661 81 683 83 748 12 340 6 361 11 323 13 429 10 399 8 365 9 316 5 249 2 225 4 225 7 263
3023 2.5421043475630154 0.35610242135523057 1.1805533407858029 130 130 130 0.36590933604941228 71 521 73 521 74 672 76 837 75 853 77 865 79 797 80 766 78 828 82 662 81 684 83 749 12 341 6 362 11 322 13 430 10 400 8 366 9 317 9 462 5 250 2 226 4 226 7 264
3024 2.854764041307837 0.33790999218277878 1.5889291747883392 0 0 0 1.3079219921306484 71 522 74 673 76 838 73 522
3025 2.7405560844200747 0.30891953474543526 1.514886170672733 0 0 0 0.74061497260884313 76 839 75 854 77 868 79 807 80 777 78 834 82 738 81 685 83 801
3026 2.5363783285369101 0.42996258889705941 1.0922184877486161 130 130 130 0.23659021163675464 71 525 73 525 74 675 76 840 75 856 77 866 79 798 80 768 78 831 82 664 81 681 83 746 86 729 12 338 11 320 10 401 8 367 9 314 2 227 4 227 7 141
3027 2.5356371917168601 0.43028827899032873 1.0920381704909601 130 130 130 0.38036806003276713 71 526 73 526 74 676 76 841 75 857 77 867 79 799 78 832 82 665 84 746 10 402 12 339 13 341 11 321 8 368 9 315 5 251 2 228 4 228 7 142
3028 2.5066210150148982 0.43444507851501446 1.1948407481738932 0 0 0 0.57495736048597401 71 529 73 529 74 678 76 843 75 859 77 871 79 879 80 780 78 835 82 739 81 686 83 751 84 753 12 358 6 379 11 339 13 433 10 410 8 502 9 470 5 475 2 378 4 378 7 157
3029 2.5066210150148982 0.43444507851501446 1.1948407481738932 0 0 0 0.57495736048597401 71 530 73 530 74 679 76 844 75 860 77 872 79 880 80 781 78 836 82 740 81 687 83 752 84 754 12 359 6 380 11 340 13 434 10 411 8 503 9 471 5 476 2 379 4 379 7 158
3030 2.4958299588111799 0.43768064943580154 1.2464375815750104 130 130 130 0.40229881666984485 71 532 73 532 74 682 76 846 75 862 77 875 79 882 80 783 78 838 82 741 81 688 83 755 12 367 6 385 11 354 13 436 10 421 8 508 9 474 5 483 2 388 4 388 7 163
3031 2.4958299588111799 0.43768064943580154 1.2464375815750104 130 130 130 0.40229881666984485 71 533 73 533 74 683 76 847 75 863 77 876 79 883 80 784 78 839 82 742 81 689 83 756 12 368 6 386 11 355 13 437 10 422 8 509 9 475 5 484 2 389 4 389 7 164
3032 2.5349342256976199 -0.0006086249845019319 1.6609793266086537 0 0 0 0.35892935326791747 71 555 73 555 74 707 76 872 75 899 77 912 80 879 79 921 2 729 4 729 7 556
3033 2.5558184366968604 0.31484064244302895 1.1858979126268989 0 0 0 0.44621371243942565 71 557 73 557 74 710 76 874 75 901 77 915 79 918 80 847 78 886 82 777 81 728 83 798 12 496 6 494 11 487 13 470 10 557 8 492 9 559 5 635 2 566 4 566
3034 2.5263848834909788 0.37879493529874608 1.1904849421548236 130 130 130 0.60437254100388083 71 595 73 595 74 747 76 877 75 903 75 948 77 918 79 922 80 881 78 891 78 939 82 781 81 729 83 835 12 498 11 490 13 472 10 720 8 631 9 562 5 644 2 570 4 570 7 409
3035 2.518508097451472 0.43306609609558572 1.1513740737003577 130 130 130 0.50752304695526207 71 559 73 559 74 712 76 878 75 905 77 920 79 877 80 850 78 893 81 731 83 799 84 836 12 452 6 500 11 434 13 431 8 496 9 564 5 646 2 574 4 574 7 270
3036 2.518180043455343 0.43316832316569304 1.1512416984785685 130 130 130 0.52875192261041282 71 560 73 560 74 713 76 879 75 906 77 921 79 878 80 851 78 894 81 732 83 800 84 837 86 770 12 453 6 501 11 435 13 432 10 563 8 497 9 565 5 647 2 575 4 575 7 271
3037 2.5182784186918683 0.29336242583456718 1.6223624830568002 59 62 72 0.030940945957924255 71 562 73 562 76 880
3038 2.4982416800178942 0.47890688787759922 1.190568078813111 130 130 130 0.55781695740262571 71 600 73 600 74 714 76 881 75 908 77 923 79 884 79 925 80 853 80 885 78 897 78 942 82 785 81 734 83 802 84 802 86 771 12 456 6 505 11 495 13 478 10 568 8 504 9 569 5 654 2 578 4 578 7 418
3039 2.4825301820443793 0.4403127869544205 1.291130956142448 0 0 0 0.40453216574108453 71 563 73 563 74 715 76 883 75 909 77 924 79 888 80 854 78 898 82 786 81 735 83 804 11 438 10 729 8 637 9 570 6 506 12 458 13 438 5 659 2 581 4 581 7 419
3040 2.6766907891434308 0.13857870207018705 1.3847031861112864 59 62 72 2.1455050599073897 73 553 74 744 76 906 71 553 74 705 75 942 77 965 80 906
3041 2.5134488806694 0.39127614247852799 1.2469835177575277 0 0 0 0.51490826685235946 71 597 73 597 74 749 76 909 75 951 77 970 79 924 80 884 78 941 82 784 81 733 83 837 12 505 6 503 11 493 13 476 8 634 9 567 5 652 2 730 4 730 7 415
3042 2.5314423792628604 0.29531703802319192 1.6236364922625011 59 62 72 0.2172760277628546 71 598 73 598 74 750 76 910
3043 2.4918203918242448 0.28979801829216728 1.5951917442396502 59 62 72 0.44983747747660868 71 599 73 599 74 751 76 911 77 974
3045 2.4603725977228437 0.65404793473386547 1.1458260201039856 59 62 72 1.5548885065743061 71 603 73 603 74 755 76 915 75 956 77 977 79 928 78 944 82 788 80 799 82 746 81 737 83 761 83 841 84 804 86 737
3046 2.5354719970559407 0.78229854143577304 1.0654183216886386 0 0 0 1.0902300343678237 74 757 76 918 75 982 77 1012 79 964 80 922 78 980 82 830 81 773 83 840 84 839 86 781 87 789
3047 2.6890983293090867 0.23077830986080999 1.2886116624824167 59 62 72 1.2003901718769423 71 622 73 622 74 776 76 938 75 971 77 1002 79 952 80 907 78 967 82 817 81 792 83 853
3048 2.545190064512973 0.37724618460083248 1.1236180548713166 63 63 63 0.28579915589767269 71 624 73 624 74 781 76 943 75 974 77 1005 79 953 80 912 78 971 82 819 81 770 83 854 12 552 6 564 11 521 13 516 10 791 8 698 9 630 5 876 2 819 4 819 7 555
3049 2.5146922169976182 0.48728106676328997 1.118274027433068 0 0 0 0.61079799857626971 71 627 73 627 74 784 76 945 75 977 77 1007 79 957 80 913 78 975 82 823 12 557 11 525 13 523 8 703 9 632 5 882 2 827 4 827 7 561
3050 2.5146922169976182 0.48728106676328997 1.118274027433068 0 0 0 0.61079799857626971 71 628 73 628 74 785 76 946 75 978 77 1008 79 956 80 914 78 976 82 822 12 556 11 524 13 522 8 702 9 631 5 881 2 826 4 826 7 560
3051 2.4819414348029927 0.53013840147747437 1.1575386967283783 7 7 7 0.5754636428215566 71 641 73 641 74 798 76 947 75 980 77 1010 79 961 80 919 78 978 82 846 81 799 83 859 12 565 6 633 11 535 13 573 10 803 9 705 5 887 2 834 4 834 7 659
3052 2.5904323854384592 0.69922327684138375 2.5808116687501159 5 5 5 0.80858929136015845 61 1030 76 949
3053 2.7699200927165446 0.11457789432946171 1.4858940833476693 59 62 72 0.94389096712758602 71 634 73 634 74 793 76 953 75 992
3054 2.6136379525031348 0.27262356170324548 1.1610423314713525 130 130 130 1.0199918755487998 71 638 73 638 74 795 76 955 75 993 77 1022 79 979 80 931 78 988 82 842
3055 2.5738411811433952 0.38094595383563151 1.0066327933831296 130 130 130 0.83791856792876407 71 639 73 639 74 796 76 956 75 995 77 1024 79 980 80 932 78 989 82 843 12 548 6 619 11 563 10 871 8 774 9 692 5 949 2 817 4 817 7 651
3056 2.4507863672607475 0.59977641002134507 1.1786018775494718 130 130 130 1.3355513977030393 71 642 73 642 76 958 74 786 75 981 77 1011 77 1027 79 963 80 921 78 979 82 848 81 802 83 860 84 854 86 782
3057 2.7351917275271465 -0.11975028855514691 2.0249262775992491 9 9 9 1.2020212246200965 64 206 65 149 67 206 66 100 68 134 72 114 69 117 70 149 62 291 76 342 68 133 70 148 79 279 75 434 78 376
3058 3.5815065388601761 -0.11532784248207807 1.1241949325773937 85 89 103 1.2780522359988715 71 45 73 45 74 24 75 7 76 228 77 20 79 27 80 27 78 35 78 166 75 167 79 29 77 24 80 29
3059 3.6153437263032844 -0.1216766186076861 1.1347006436421982 85 89 103 0.98444027513352372 71 46 73 46 74 25 75 8 76 229 77 21 79 28 80 28 78 36 82 81 76 19 77 19 78 33
3060 3.5988318700380382 -0.078921227439266162 1.1433567297217477 84 89 102 0.17497732182730896 71 52 73 52 75 15
3061 3.5988318700380382 -0.078921227439266162 1.1433567297217477 84 89 102 0.17497732182730896 71 53 73 53 75 16
3062 3.5291649847728794 -0.20659011249365763 1.0890424238011815 29 29 29 1.8475268246816663 71 112 73 112 74 149 75 149 77 140 79 15 80 140 80 10 78 11 82 137 82 77
3063 3.7260878417109646 -0.2117816036877711 1.1679478852910929 98 103 119 1.8671342352188329 71 41 73 41 74 19 75 150 76 207 75 152 77 143 77 144 79 20 79 108 80 141 80 142 78 149 78 150 82 138 81 148 82 9
3064 3.7943633913671913 -0.36014083784424739 1.8051968938735052 10 13 14 0.27377728766030596 71 57 73 57 74 34 75 180 77 34 79 149 80 187 78 52 82 169 81 174
3065 2.6716059308006206 0.26350811460386347 0.73152003325847992 90 95 109 1.0441981665357492 74 55 76 313 75 216 77 223 79 158 80 75 78 228 82 101 83 139 84 218 86 459 87 531 79 250 82 172 85 545
3066 2.6716039923390551 0.26335497143363812 0.73153536922291484 90 95 109 1.0512501519064386 74 56 76 314 75 217 77 224 79 159 80 76 78 229 82 102 84 219 86 460 87 532 79 251 82 173 85 546
3068 1.7589604655983062 -0.14280104726021575 1.9723489294049821 120 121 122 1.6042048995840557 76 99 75 304 77 127 78 128 78 425
3071 2.9487246316500757 0.77007511814959539 2.7202610490600545 231 231 231 0.46172900976664583 74 241 75 313 71 157 73 157 77 261 78 427 82 446
3072 1.4262996802461054 -0.095198950259765519 2.0485378837605452 231 231 231 0.075863679235458475 68 172 75 314
3073 3.6393427733100645 -0.40768277122452379 1.3069505219873065 99 105 120 1.2432288501194397 71 160 73 160 74 145 76 193 75 321 77 295 79 198 80 136 78 305 82 70 77 4 81 231
3074 3.6070444322993587 -0.36108078613223066 1.4482239349640664 101 106 122 0.43849894211031115 74 275 76 443 75 328 71 174 73 174
3075 3.6070444322993542 -0.36108078613223005 1.4482239349640642 101 106 122 0.43849894211024265 74 276 76 444 75 329 71 175 73 175
3077 3.5330561094281401 -0.13506772119589527 1.1567749442963233 101 107 123 0.41366706256615832 71 119 73 119 74 158 76 451 75 333 77 331 79 223 78 324 81 248 82 254 77 527 78 468
3079 2.0024257311445406 -0.12490154072394738 2.0240167299840768 9 9 9 0.030413107765881329 65 186 75 455
3080 0.29033866291944183 -0.030978329663120217 0.43868051384705925 0 0 0 0.14976073744755458 68 149 70 189
3081 2.1074496750140677 0.042100589617560753 1.9075361632568903 110 116 133 0.63192253528014319 63 574 75 460
3082 2.5232791125580851 0.76452738447368318 1.101591664620287 0 0 0 1.0486921278677976 74 471 75 466 76 541 77 257 74 347 76 653 79 544 80 528 78 290 82 495 83 468 84 310 87 37
3083 2.4801188145880899 0.81030519657957722 1.0653004310751384 0 0 0 1.0981720682464806 74 348 75 467 77 654 76 654 79 295 80 530 78 600 82 210 81 136 81 372 83 315 83 471 76 542 84 554 75 649 81 464 86 418
3084 4.0633089106719638 -0.43734309757351386 1.4717892902828911 59 62 72 1.3462151620738563 71 161 73 161 74 262 76 558 75 514 77 509
3085 3.8431234850257483 -0.17385343164251846 1.1347876950589613 94 99 114 0.40549111519419462 71 362 73 362 76 562 75 523 77 670 79 569 80 544 78 459 82 455 81 424 83 559
3087 3.5702537577611295 -0.32349170415297901 1.5813333786197603 29 30 30 1.5816080712221436 74 403 76 579 75 560 71 367 73 367 78 492 78 738 79 590 80 628 80 675 82 155
3088 3.1678421948456852 -0.32531080773660537 1.5715441792300366 29 30 30 1.2134052797963018 75 569 77 678 78 497 6 3 11 295
3091 2.5280696190770371 0.030410347440288209 1.6392033925850198 0 0 0 0.38827771770822284 71 294 73 294 76 610 75 616 77 609 79 473 76 522 80 473 70 269 82 371
3092 2.4998683993533581 0.062184764475660098 1.5763324686189515 0 0 0 0.29816356372652802 74 426 75 617 80 582 78 558 79 474
3093 2.5023358821318098 0.061983943752464715 1.5778998390264376 0 0 0 0.43803474332100206 74 427 75 618 77 612 80 583 78 559 79 475
3094 2.5301110854810407 0.38134214541328182 1.1656371796395448 0 0 0 0.15437502712760667 71 313 73 313 75 627 79 463 80 474 82 353
3095 2.5338424234281041 0.38182789101980757 1.1675862149569334 0 0 0 0.080774542277701464 71 314 73 314 75 628 80 475
3096 2.4775851929451869 0.20566155471980505 1.588110069188301 0 0 0 0.39795254976272132 71 233 72 246 73 233 75 631 78 579
3097 2.5580201214665008 0.38914675424657685 1.5690147486924588 0 0 0 0.49249318496881955 71 329 76 642 75 645 73 329 74 461 80 522 78 592 82 496 83 604
3099 2.5339447296474553 0.41975919533769424 1.1208136735810603 0 0 0 1.1148603187213895 74 576 76 697 75 690 79 465 80 477 82 487 83 665 84 669 77 463 86 487 86 627
3100 2.5329812429512524 0.41719781863994648 1.1202982867035602 0 0 0 1.5241238385168649 74 577 76 698 75 691 71 494 73 494 77 813 79 466 79 735 80 478 78 704 82 488 82 616 83 666 84 668 86 626 86 486
3101 2.5281663973505535 0.385853301723939 1.2204934364515374 130 130 130 0.2987413079328271 71 397 73 397 75 692 77 623 78 648
3102 2.5281663973505535 0.385853301723939 1.2204934364515374 130 130 130 0.2987413079328271 71 398 73 398 75 693 77 624 78 647
3103 2.4821870987158285 0.28773172360581434 1.6244380318067726 59 62 72 0.78424020658801419 72 249 75 699 80 521 79 538 77 638 81 386
3104 2.9296074131393972 0.77982786495671752 1.101634576931003 0 0 0 1.4046121015677862 74 466 76 644 75 700
3105 2.0045483384472185 0.43028247859417584 1.5599757846176807 59 62 72 0.45988364862777342 76 710 75 707
3106 2.5524185651282569 0.61707107166375574 2.518527439073285 5 5 5 1.7533796331625768 71 508 75 710 73 508 79 564
3107 3.6415192299216868 -0.2385572240174425 1.1344457649164066 59 62 72 0.96627335919657764 71 357 73 357 75 722 76 669 77 715 80 612
3108 2.6913091971242999 -0.10440864015439115 1.2669939968645918 108 114 131 0.31290352668423943 74 612 76 737 75 742 77 734 79 699 80 635 80 681 82 588
3109 0.71362749180530816 -0.93631628703870251 1.240722846563644 0 0 0 0.26613232903379153 66 315 72 372
3110 0.71362749180530816 -0.93631628703870251 1.240722846563644 0 0 0 0.26613232903379153 66 316 72 373
3111 2.9604295848522302 0.76953552516536439 1.0002505525029128 59 63 73 0.51354425226359812 74 579 76 757 75 766 77 749 79 658 80 586 79 602 82 541 81 452 81 521 83 593 84 597 86 616
3112 1.5509661230726208 -0.17022365011615603 2.0131327567845423 124 124 124 0.54679623459492199 74 533 76 761 75 774 77 764 76 707
3113 3.719678768116339 -0.1961577938826132 1.1368990183119234 29 29 29 0.31583278255567998 71 450 73 450 74 595 76 770 75 786 77 783 79 683 80 663 78 728 82 569 81 538 83 698
3114 2.6728181313697843 -0.12607663596418306 1.9762540549193215 79 97 86 0.51109090538649105 74 627 75 805 79 804 80 709 78 766
3115 2.5946558253721661 0.39053955085549658 0.97103038834328492 130 130 130 1.6969654741260034 74 639 75 806 84 721 77 851 76 834 86 661 87 691 87 731 12 324 13 333
3117 2.4466062211292634 0.037900053635885347 1.8722468198820204 5 5 5 1.0611513975757461 76 805 75 823 77 873 78 896
3118 2.053910839449939 0.8039018376983369 1.0632161199454728 59 62 72 0.46540789484909073 76 821 75 834 77 829 79 757 80 733 82 636 81 610 83 727
3119 2.5462652934979273 0.45800644973977805 1.0689907661407712 0 0 0 0.77845520730913065 74 677 76 842 75 858 77 869 79 800 80 770 78 833 82 666 12 342 6 365 2 372 4 372 7 143
3120 2.5067907668851217 0.67139498924514318 1.1813288001357487 59 62 72 0.87459810366339807 74 687 75 871 79 893 77 925 78 847 80 800 81 692 83 762 82 747 84 762 84 805 86 738
3121 2.5467920214492952 0.42742048010258071 1.047214328403997 0 0 0 0.59011413565047566 74 711 76 875 75 902 71 558 73 558 77 916 79 875 80 848 78 890 82 778 71 594 73 594 81 727 83 797 84 798 86 766 12 446 6 493 11 429 13 425 10 556 8 490 9 459 5 636 2 562 4 562 7 262 7 405
3122 3.0311304553952789 0.80053711439738651 1.0653478547809558 59 62 72 0.50925656114940454 74 716 76 882 75 907 77 922 79 876 80 849 78 895 82 734 81 680 83 745 84 744 86 690
3124 2.5285480000806322 0.37916695663033562 1.1916850390469287 130 130 130 0.58536159878836813 71 596 73 596 74 748 75 949 79 923 77 919 75 904 80 882 78 892 78 940 82 782 81 730 83 836 12 499 6 499 13 473 10 721 8 632 9 563 5 645 2 571 4 571
3125 2.4903135276174204 0.66442033763041142 1.1604756595417149 59 62 72 0.5434997877843577 74 756 76 916 75 957 77 978 79 929 78 945 82 789 81 738 83 842
3127 2.7568299115089148 0.22059711897707684 1.4273283990969483 112 117 135 1.0878376600116972 74 777 76 940 75 972 77 1004 79 981 80 910 78 969 82 845 81 795
3128 2.7525312492171987 0.22086640402137719 1.4246422506794962 112 117 135 1.0681082522626972 74 778 76 941 75 973 77 1003 80 909 78 968 81 794
3129 2.5546863972080449 -0.16505777424802295 1.9942651425490137 65 73 85 0.42706310922844493 64 506 65 382 67 506 66 263 70 322 75 682 71 385 73 385 76 606 79 739 80 712 78 700
3130 2.6747704747369649 -0.11965836781984211 2.0153060114120334 9 9 9 1.3370771289822616 65 150 69 119 64 207 67 207 75 435 62 293 65 151 68 138 72 168 73 140 71 140 79 486 78 377 78 378
3131 3.4209763842437528 0.67301525646931015 1.0313111752869277 59 62 72 1.0800613972073994 74 779 76 939 75 943 79 948 80 905 78 933 82 776 81 765 83 831 86 777 84 847
3132 2.2461129602085603 -0.12175349160992388 1.998176315779489 9 9 9 1.3867676776016851 63 352 65 170 66 123 75 449 64 225 67 225 62 315 63 353 68 155 66 124 78 403
3135 2.4772722374980907 0.83438095126853262 1.0954678684733667 61 64 74 1.0933925229362036 76 543 75 468 79 296 80 532 71 337 73 337 78 601 83 473 76 656 86 263 86 420 87 433
3139 2.5786075866213745 0.38900338967767129 1.5927369353684262 0 0 0 1.4051236410833807 76 530 77 121 79 89 81 137 72 137 83 474
3140 2.7074353919099923 0.24032116360852876 0.74155783678533782 97 102 117 0.21953428521430274 71 132 73 132 75 64 77 222
3141 2.6776622353275519 0.05865351803811239 1.0763611922553014 109 115 132 0.68071036993123002 74 322 77 225 83 408 80 417
3145 0.97779258321799289 0.01281595680204381 0.37257127573126469 0 0 0 0.76347087094853294 76 602 77 467
3146 0.97779258321799289 0.01281595680204381 0.37257127573126469 0 0 0 0.76347087094853294 76 601 77 468
3148 2.6088366268298873 0.21571173294973506 1.1663923399313207 130 130 130 0.54383911310380051 74 420 77 588
3149 2.5974892111197869 0.21444405021934895 1.1601565155854825 130 130 130 0.65915687055912942 74 421 77 589 80 449 74 201
3151 2.5193750187350208 0.4355875528794772 1.1832316906253597 0 0 0 0.29261631722074749 71 321 73 321 74 451 77 627 79 493 81 350 83 528
3152 2.5193225697864552 0.43539156836266518 1.1832501756488629 0 0 0 0.2289587524908884 71 320 73 320 74 450 77 628 79 494 83 529
3153 2.4763006536541763 0.43890433481561492 1.3151753374768878 0 0 0 0.093313821267150765 71 327 73 327 77 636 82 395
3154 2.4763006536541763 0.43890433481561492 1.3151753374768878 0 0 0 0.093313821267150765 71 328 73 328 77 637 82 396
3155 2.5147332136060818 0.41919064720149424 1.4634120368054193 59 62 72 0.12791414592786016 74 462 77 640
3156 2.4647325447358268 0.57376700407862802 1.1477377456615701 0 0 0 0.30792288706595816 74 467 77 641 80 518 82 393
3157 2.5188119452094702 0.4370634441673073 1.4833786151539332 0 0 0 0.56734588294942778 74 465 77 643 79 539 78 654 81 375 83 537
3158 2.0604353482846345 0.044836241693145866 1.8798227604191737 110 116 133 0.76102458459254141 74 460 75 463 77 650
3159 2.8717594634621233 -0.27731658837236506 1.3629175772498194 0 0 0 1.0099407671770237 72 272 76 778 80 751
3160 2.5393422729886868 0.38287052183313758 1.1652817819943257 0 0 0 0.39440988523648673 74 522 76 695 77 691 78 702 83 669 6 85 9 142
3161 2.5378458373354364 0.38335782369211163 1.1644051273851816 0 0 0 0.73111411140709681 74 523 76 696 77 692 78 703 83 670 84 671 6 86 9 143 77 812
3162 2.4862798790886176 0.19686144596970934 1.5941846466249958 0 0 0 0.55270878588224459 76 753 77 751 80 717 72 359 82 682 12 238
3163 2.4862798790886176 0.19686144596970934 1.5941846466249958 0 0 0 0.55270878588224459 76 754 77 752 80 718 72 360 82 683 12 239
3165 2.4802888821157945 0.56698138826763278 1.1559521786641307 0 0 0 0.82300423153074165 71 500 73 500 74 655 77 818 80 721 78 779 81 596 83 722 84 760 86 700 87 697 87 739 12 371 11 364 13 364
3168 2.7113488872804736 -0.11975796411845124 2.0279799433891728 6 6 6 0.63575350129615271 68 135 69 118 75 272 77 243 66 102 70 150 79 281 78 271
3169 2.5935473198683243 -0.12081053363695746 2.0240825605282184 9 9 9 1.8141341889824738 65 155 68 142 66 108 75 440 70 152 77 251 65 156 66 109 68 143 72 121 69 125 75 279 79 289 78 388
3170 2.9953488219656603 0.79036603676964323 2.7706451057590011 231 231 231 2.1071153304755086 74 240 75 312 71 156 73 156 77 260 62 416 63 244 64 309 67 309 78 426 82 447 61 481
3171 2.5530157475379078 -0.12160419168483907 2.0171601343419696 9 9 9 1.3281119464312801 70 265 74 425 77 613 62 298 65 157 72 170 69 127 79 609 80 315 80 588 79 290 78 390
3172 2.7794719042719143 0.29637713480812072 1.5406551883156514 0 0 0 1.1984259562974504 74 441 77 614 80 481 78 565 79 478 82 363
3174 1.4262996802461054 -0.095198950259765519 2.0485378837605452 0 0 0 0.075863679235458475 68 171 75 315
3176 2.5117964976355722 -0.16632753334228434 1.984966569615092 123 124 123 0.48267959266953059 69 45 79 185 78 277
3177 3.6101370280235887 -0.17845650915920336 1.1691252798456337 101 106 122 0.75940391427738385 71 185 73 185 74 280 76 442 79 216 80 250 78 316 81 154 83 358
3179 2.7474196778826587 -0.19879746982042035 1.2498666481981946 104 109 126 1.0180950878230532 75 342 76 42 79 244 80 405 82 171
3180 4.4370375426009971 1.4755066414150519 1.9319216051600669 231 231 231 0.46837989732001761 74 472 75 464 76 540 77 471 79 292 80 330 78 418 82 205 81 356 83 302 83 447 86 385 87 396
3181 3.6760484395662592 -0.19885532751677293 1.1896888143593631 29 29 29 0.62390548633298604 71 366 73 366 74 488 76 572 79 341 76 671 77 521 80 373 78 314 77 316 80 246 82 245 81 153 79 209 82 141 83 499
3185 2.6045270149764419 0.21963682830047743 1.164609847915707 130 130 130 0.55698236066500906 71 384 73 384 79 428
3186 2.5617081064649883 -0.078005976542905128 1.6225226515189761 0 0 0 0.27225360874936033 76 520 79 439
3187 0.72165279829498441 -0.0050503038076901638 0.091122784607829438 124 124 124 0.29425638782594438 76 226 79 442
3188 2.5393520981339126 0.41391057302099687 1.0948632488991872 130 130 130 0.80052922953914885 71 316 73 316 79 458 80 469 78 563 82 344 81 331 84 537
3191 2.8316582400568735 0.7233751628839401 1.0867862610200576 0 0 0 1.1183184993078579 75 639 76 640 79 490 81 453 83 597 84 539 86 541 86 622
3192 2.6123782272371354 0.66353544549109045 1.0018264503265022 67 71 82 1.6562486530244271 75 644 76 643 79 499 82 372 81 347
3193 2.5035410794649673 0.13192823032891637 1.631542816770932 130 130 130 0.098544566382641738 74 337 79 515 82 391
3194 2.5035410794649673 0.13192823032891637 1.631542816770932 130 130 130 0.098544566382641738 74 338 79 516 82 392
3196 2.5324872574486865 0.43037777498963975 1.5351902353836826 0 0 0 0.3031318220970215 76 531 79 542 80 526 82 497 81 466
3197 2.5324872574486865 0.43037777498963975 1.5351902353836826 0 0 0 0.3031318220970215 76 532 79 543 80 527 82 498 81 467
3198 2.6956693535428804 -0.16504716731252628 1.1996987262720156 108 113 130 0.28234422316071534 75 669 76 679 79 649 78 627
3199 2.5845529521798993 -0.14180047639053314 1.5844586248085286 130 130 130 0.19886683343024025 74 560 79 724 82 610
3200 2.5845529521798993 -0.14180047639053314 1.5844586248085286 130 130 130 0.19886683343024025 74 561 79 725 82 611
3201 2.5929413433725728 0.018192712286133596 1.3993968438253039 130 130 130 0.49073037078144105 76 742 79 728 81 579
3203 2.597903443460444 0.22730275527973634 1.1606891389973737 130 130 130 0.17496566911353775 74 625 79 731 78 756
3204 2.597903443460444 0.22730275527973634 1.1606891389973737 130 130 130 0.17496566911353775 74 626 79 732 78 757
3205 2.4854435120088629 0.41160073727298035 1.2732224619162282 0 0 0 0.83792354447929174 74 680 79 820 80 782 11 353 10 420 8 381 2 386 4 386
3206 2.6241598764962646 0.76392999405014517 1.105392500339605 60 63 74 0.64393360049016479 74 688 79 827 78 844 83 757 86 736
3207 2.057183776788015 0.40311066959221903 1.5290635682139706 112 118 135 0.37401677539759426 71 504 73 504 77 826 79 835 80 730 78 789
3210 2.4499737183492845 0.44716895363838111 1.3264547389638521 130 130 130 0.80667818745940301 74 717 79 891 82 744
3212 2.6814462363869045 -0.024928884740433827 1.2143337883397471 89 94 108 0.15449344683274122 71 286 73 286 74 410 76 593 79 596 74 502 75 676 77 682 80 571 82 531 81 510
3213 2.6661665064639402 -0.12040872534155284 2.0271693370626149 9 9 9 1.2125883558217982 69 122 75 436 79 284 66 105 70 151 68 139 78 380
3216 2.5339443216420308 0.033024813657612201 1.9126791500886515 59 62 72 1.9063781956185633 64 431 67 431 66 199 65 409 66 266 68 227 72 242 69 242 70 355 64 592 65 453 67 592 66 303 72 384 73 433 71 433 76 751 75 855 80 787 78 837 10 589 8 521 9 490 5 665 6 512
3217 2.6230004088947676 0.29606648274498854 0.72707540178769192 80 84 97 0.91302936593837325 74 66 80 87
3218 2.0473120068652313 -0.15159841083749354 1.9826550014838704 28 83 39 0.54149142266746775 74 97 80 124
3219 3.9210520862132436 -0.44655173403513654 1.4318157858337182 99 104 120 0.93958664122355962 71 38 73 38 76 194 77 5 79 199 80 137 82 71
3220 1.5825965483303384 -0.14519669688110956 2.0006570532797134 0 0 0 0.021222170967010345 71 101 72 19 73 101
3221 2.4826138187925353 -0.13673101911560656 1.9928061253328018 8 22 43 0.24943687941456549 74 211 79 291 80 316 78 395
3222 3.8968151840060719 -0.21468713610381035 3.5713276739560156 9 9 9 0.0092307523134205587 65 187 80 324
3223 2.2670549119329895 -0.12110750781110811 1.98904401616453 9 9 9 0.045469467161211495 69 135 80 331
3224 2.5295901132359244 0.58105978581401641 2.5005944855328361 218 218 218 0.6620969691961015 64 382 67 382 80 336
3225 2.6770564869778513 0.059034689229525816 1.0752134847814496 109 115 132 0.31102931905496572 74 323 80 418 83 409
3227 2.5360212595129972 0.33979812090800171 1.1775395900522883 130 130 130 0.32281384502227839 74 437 80 464 81 338 83 437
3228 2.5403922073306573 0.34017976007586331 1.1799403501821284 130 130 130 0.25463834569246879 74 438 80 465 83 438
3229 2.4647325447358268 0.57376700407862802 1.1477377456615701 0 0 0 0.30792288706595816 74 468 77 642 80 519 82 394
3231 2.5086662302275391 0.47654755800183152 1.146041207378496 0 0 0 0.15862857724083959 71 498 73 498 80 715
3232 2.5320230948019784 0.34410533119113978 1.5947914679262856 59 62 72 1.4712256582037901 71 534 73 534 80 795 78 782
3237 2.5172542054611071 -0.16332192775403609 2.0089085438062431 124 124 124 1.6397176393513906 62 289 65 252 70 179 80 484 64 423 67 423 66 194 68 221 72 230 75 683 79 606 62 710 64 507 67 507 66 238 68 249 69 263 76 691 80 646
3238 2.5180256166018755 0.059379822968335938 1.927348678207278 5 5 5 0.59798890329005305 64 432 67 432 66 201 68 256 65 383 72 243 69 244 73 228 71 228 70 275 65 260 79 293 80 515 71 307 73 307 79 534 10 235 7 174
3239 2.4686618647623373 0.45756938350770437 1.3387296546496064 130 130 130 1.8887865012325442 71 602 73 602 74 754 76 913 75 954 79 926 80 856 74 718 76 884 75 910 79 892 78 899 82 745 82 787 81 736 83 843
3244 3.6188543703478975 -0.066784511601325064 1.1539719100877126 84 89 102 0.39365414020278561 71 54 73 54 74 32 75 17 76 31 78 48 81 65
3247 2.6513071285419629 0.29544322800348449 0.78569265410372746 110 115 132 0.15130568498374367 71 134 73 134 78 242
3248 2.6513071285419629 0.29544322800348449 0.78569265410372746 110 115 132 0.15130568498374367 71 135 73 135 78 243
3250 3.35635359303829 -0.23533192443689929 3.8672353590914548 9 9 9 0.43545663851138194 66 146 78 421
3251 0.79196828834604838 -0.016885073687634769 0.23061944017904559 9 9 9 1.3286885189869797 75 437 78 580
3253 2.4758567189351237 0.068980086870456356 1.7384955897357286 0 0 0 0.51037720452228863 69 286 71 391 73 391
3254 2.4679341522558906 0.28581921561515305 1.6022616424133893 59 62 72 0.51427195110010537 74 578 78 709 81 602
3255 2.4759717766621261 0.57254112177158556 1.153719094758862 0 0 0 0.87336763678974749 76 759 78 710 84 688 86 631
3256 2.463861460047359 0.56874269037080327 1.1465267789210325 0 0 0 1.0160245562718933 76 760 78 711 84 687
3257 2.5332513424332599 0.032882186748032623 1.603685860001242 130 130 130 0.22081403042565689 75 812 76 791 78 769 10 408
3258 2.735488037452098 0.73325214019437845 1.0419735939220152 0 0 0 1.4686349446976665 75 952 76 914 77 972 79 959 80 917 78 977 82 824 81 771 83 857 84 851 74 719
3259 2.659417055735807 0.27586338356411227 0.73097902683187543 58 62 71 1.1158640204602497 71 69 73 69 76 69 75 69 74 58 77 78 79 55 80 78 78 102 74 62 75 221 79 58 81 99 83 141
3260 2.5113604255980397 0.090962624151361443 1.6485979627392875 0 0 0 0.80828208314807226 71 301 73 301 76 616 80 487 78 643 72 304 74 515 75 756 77 746 82 554
3263 3.5873714073172072 -0.067040937525531641 1.1417470143219857 85 89 103 0.41461932648948596 74 33 76 32 80 37 82 85 78 49 75 18 81 66 83 214 77 179
3265 3.4441839652904211 0.71883936977077134 1.0695134825621253 107 113 129 1.4314574214932527 74 432 82 189 87 485 79 266
3266 2.4801643763996806 0.20856188693883876 1.5903052633945383 0 0 0 0.23260724259087748 74 221 76 359 82 209
3268 2.6564324597078262 0.22642672030452632 0.72898623180127886 99 104 120 0.9287773396372917 75 589 76 590 77 574 78 513 79 383 80 407 82 279 81 271
3272 0.65491772801594994 0.025382874742555246 -0.0069712440271314348 130 130 130 0.041730718170790458 78 693 82 556
3274 0.65491790815079387 0.025390113894228159 -0.006952911667537651 130 130 130 0.18399915337115819 78 694 82 628
3275 2.0641775566038247 0.40994080424926349 1.5340308673266787 112 117 135 0.53898610295509264 71 445 82 637 73 445 81 611 77 763 78 717 79 668 80 655 82 562
3279 2.5222419384257906 0.44408387007868766 1.1167590248584593 0 0 0 1.6113047236966895 71 495 73 495 76 755 75 763 77 693 80 643 82 617 71 318 73 318 79 476 78 573 82 492 81 593 83 526 83 671 84 548 86 666 87 501 87 663 76 356 12 116 13 111 9 144 78 393
3280 2.5220124487827378 0.44395293718004003 1.1164444229425015 0 0 0 1.4870261824931645 71 319 73 319 79 477 78 574 82 493 71 496 73 496 76 756 75 764 77 694 80 644 75 629 83 527 83 672 84 549 86 667 87 664 87 502 12 117 13 112
3281 3.6951754641206098 -0.13872950180155777 1.1473395421624322 101 106 122 0.33727434473819279 74 23 75 163 76 221 77 161 78 157 79 217 80 147 82 143 81 241 83 357
3285 2.0310105764399804 0.48958660740781945 1.5237241809442055 59 62 72 0.29428152899431226 75 776 79 760 82 639 81 612
3286 0.6923305131468378 0.034348214783521874 -0.012438968305083981 0 0 0 0.082131549327575548 79 123 80 395
3291 2.6876639291777371 0.23003721860238527 0.74009569791537877 99 104 120 0.87881131989962935 71 131 73 131 75 590 77 575 78 514 79 384 80 408 82 280 81 272
3292 2.6026530943934114 0.39002975531090162 0.96241819805431261 130 130 130 0.48281139518069843 74 428 76 689 81 290 71 386 73 386 83 586 87 543
3294 2.4994090378645555 0.42079161625763878 1.2485395222356666 130 130 130 0.42668860219778526 74 456 82 384 81 355 78 577 79 512
3296 2.4795660510725446 0.47218661551331909 1.4086843162553102 59 62 72 0.41172082492473422 71 406 73 406 75 459 77 646 82 405 81 376 76 533
3297 0.67923066214597194 0.034781640010756676 -0.0010608045461723556 130 130 130 0.52339048324230797 78 524 81 391 84 391
3298 0.67923066214597194 0.034781640010756676 -0.0010608045461723556 130 130 130 0.52339048324230797 78 525 81 392 84 392
3299 2.0319132633405808 0.83719078976502304 1.117266449534239 0 0 0 0.8162217631204044 75 657 77 482 78 664 79 189 80 335 81 402 79 559
3301 2.8221691902602388 0.72157971310971425 1.0816071786132568 0 0 0 0.84269291891234988 75 640 76 641 81 454 83 598 86 623
3308 2.946480744814119 0.16422862846872835 1.4669876235853401 112 118 135 1.5400857035745903 75 970 76 936 77 1000 78 966 82 841 81 791
3309 0.75371546744117246 -0.01308480021555869 0.044211910511685042 0 0 0 1.8192737435875515 77 505 78 135
3312 3.4555023438244743 0.014989095698493918 0.95002342001896434 103 108 124 1.127135822362106 74 312 78 327 81 246 83 363 82 257 79 352 84 359
3315 3.4485425626975004 0.75097765750705769 1.0398828435742666 110 116 133 0.76017606173375285 74 434 83 419 87 384
3319 3.9075544450855912 0.77261800631101418 1.0084022130909962 59 62 72 0.66579679831278904 74 670 75 799 76 782 77 796 78 751 79 709 80 688 81 567 82 595 83 705 86 654 87 648 84 712 85 637 88 728 89 617 90 642 93 577 92 590
3323 -4.2555162894964873 0.31364565666948657 0.84843964117142923 61 65 75 0.48919492237368578 43 4 41 18 39 22 40 22
3324 -4.3349945909718457 0.62544734354645692 1.1107458872841438 95 100 115 0.80303729610853514 44 62 41 22 39 64 40 64 38 77 35 108
3325 -4.3816008367674435 0.42338369951503763 1.6531986115999011 0 0 0 0.20894241687296788 48 446 49 446 41 26
3327 -4.3998447464719526 0.68248842649572161 1.1559864669134121 61 64 75 0.10563586395197044 46 168 41 84
3328 -3.6395102963105774 -0.038173023455826106 1.4897859459003575 120 126 144 0.31382715639079373 46 114 47 321 41 87 48 401 49 401
3330 -3.1653958987803357 0.92195841409964263 0.055824575114101216 0 0 0 0.68554084317985475 45 166 41 103 14 194 13 320 21 151
3331 -3.1648400395313847 0.92132708747219805 0.056153054234612684 0 0 0 0.91045370131835779 45 167 41 104 14 193 16 134
3332 -3.6228314943409075 0.32171951429646106 1.537676427155436 105 111 127 0.57294209598871593 44 169 41 105
3333 -3.6142958037163337 0.35600148259991521 1.5762302515776661 105 111 127 0.70998923326414931 44 172 41 112
3334 -3.5012060769502784 0.58258369600130733 1.4478170539792485 0 0 0 0.23607235984199906 44 191 41 131
3338 -3.5422714128608321 0.83695983291149056 1.2851842658226185 111 117 134 0.49033364619778064 44 203 41 139 39 168 40 168
3339 -3.4744577540652224 0.60478224769070543 1.5171991059074723 228 228 228 0.2155641305527557 47 371 41 141
3340 -3.4311548522368973 0.86299140584812861 1.4508328425518007 111 117 134 1.3466464976906385 42 198 41 151 39 179 40 179
3341 -3.4194412504005172 0.86528544587313849 1.4612485054341822 228 228 228 0.079396522237995384 46 72 41 152
3342 -3.4194412504005172 0.86528544587313849 1.4612485054341822 228 228 228 0.079396522237995384 46 73 41 153
3343 -4.3471969361981824 0.34022513859074227 1.5910339189692959 119 125 143 0.15195919214408071 42 124 41 166 44 145
3344 -4.3357475879534109 0.40781194265387671 1.6328518551868973 0 0 0 1.6380892606866608 47 557 48 590 49 590 41 169 39 331 40 331
3345 -3.6418647902771557 0.21181548612241036 1.3531585169357601 115 120 138 1.1843665693448779 50 673 51 598 41 173 39 195 40 195
3346 -3.5162427517102031 0.60492456944365514 1.4191076738482762 0 0 0 0.35860472422484385 46 209 41 179 39 203 40 203
3347 -3.5132644235109263 0.60366316577656343 1.4147895050284742 0 0 0 0.75156141314958469 45 230 46 208 41 180 39 204 40 204
3348 -3.4626885849429976 0.65801646281377912 1.5099600981648784 228 228 228 0.22869335539570851 44 199 41 181 39 211 40 211
3349 -3.4626885849429976 0.65801646281377912 1.5099600981648784 228 228 228 0.22869335539570851 44 200 41 182 39 212 40 212
3351 -3.5759451407037162 0.40766450629453471 1.4390933161236501 228 228 228 0.35214153482388694 46 285 41 238 39 280 40 280
3352 -3.4186167243043739 0.85039161164627286 1.4583932357854301 228 228 228 0.4648685925157382 47 567 48 686 49 686 41 246
3353 -3.4186167243043739 0.85039161164627286 1.4583932357854301 228 228 228 0.4648685925157382 47 568 48 687 49 687 41 247
3354 -3.8332012008325207 0.90502654770969326 0.12155551834587261 67 67 67 0.69575589105589408 42 66 39 236 40 236
3357 -3.902575752717214 0.96931376996314667 0.1083909311236415 128 128 128 1.0680966180432077 42 315 41 277
3358 -3.7864804814763162 0.17496381793544111 1.4643034205214707 97 102 117 1.1648187929253988 42 317 45 344 41 298 39 359 40 359
3359 -3.6394670807366549 0.17249217395996375 1.3056522129299164 59 62 72 0.41183646861555884 43 180 45 124 41 91 46 121 42 133 45 123 41 90 39 194 40 194
3360 -3.4282784405581745 0.8626056840726446 1.4695222063890636 228 228 228 1.1711190476553974 47 375 43 241 41 220 43 312 44 280 45 278
3362 -3.5195109868166767 0.62620956119617355 1.4037297890016054 0 0 0 0.01144191748992919 45 89 46 65
3365 -4.3147615343469097 0.31495026840766416 1.6295064409458979 63 67 78 0.42268613632467644 45 26 39 68 42 35 40 68
3366 -3.6461831997419449 0.17113407823073939 1.312295840902141 59 62 72 0.42116020877932608 41 9 42 9 44 8 39 70 40 70
3367 -3.5925391213188504 0.56152199338012942 1.878562028895322 0 0 0 1.018110026197288 41 144 45 197 39 82 40 82
3368 -3.0752737506886154 -0.0053993245808298855 0.41773956392226336 0 0 0 0.292683888110086 41 68 39 99 40 99
3369 -4.2558931712248942 0.33360987760309974 0.86851209905023141 61 65 75 0.35401356704524362 43 120 39 105 40 105
3370 -4.3162193468574541 0.36649752752246156 0.91400891592601263 61 65 75 0.069408986976346912 46 88 39 107 40 107
3371 -4.3443732096272711 0.71502086454112979 1.1664325441974408 120 126 144 0.35946626835798617 41 167 45 221 39 116 40 116 38 110
3373 -4.355683383760395 0.042537680932637219 2.0817006484626774 92 97 111 0.20001701875665376 41 168 45 219 39 121 40 121
3374 -3.6482147260200533 0.46095105565229227 1.0659920416651147 115 121 139 0.46923388011241823 41 98 45 83 39 125 45 131 40 125 38 156
3375 -3.6472169237043706 0.46046323479800055 1.0651470359474509 115 121 139 0.48548007154039752 41 99 39 126 45 132 40 126 38 157
3376 -3.583294154347842 0.60060573402365913 1.2310564589406163 112 118 135 0.10849635967936834 44 180 39 141 40 141
3377 -3.8821179010128311 0.89208693037160403 1.438403806392111 0 0 0 1.1020807824315151 39 143 40 143 35 153
3378 -3.5259465838325572 0.62831788978648384 1.3512375871006728 228 228 228 0.10335253641979365 45 182 39 155 40 155
3379 -3.4520566246606506 0.78366783755132929 1.4300822951066077 0 0 0 0.29874303357743659 41 148 46 219 39 176 40 176
3380 -3.4550447993805009 0.78610383292560115 1.4338149144998706 0 0 0 0.11933908553981905 41 149 39 177 40 177
3381 -4.2834022752644589 -0.086477081482593976 1.3594224677805509 104 109 126 0.073180614248685841 45 94 39 184 40 184
3383 -3.5448857875119035 0.56516479425878507 1.1890276791882408 228 228 228 0.10846064119184619 45 87 39 200 40 200
3384 -3.5014778463314213 0.63307179723028717 1.4424219580898425 228 228 228 0.27805053347739672 43 228 39 205 40 205
3385 -3.4573420416800111 0.98227118401264568 1.3351406911786157 87 81 78 0.2877959446836591 42 228 39 217 40 217
3386 -4.4047455732004597 1.2465849735006447 -0.22388769654922033 98 103 118 0.65148201176957055 41 190 45 247 39 231 40 231 38 169
3388 -3.3372332334743477 0.99921347285049367 0.084783825082379249 236 236 236 0.39357867514551059 41 205 39 246 40 246 38 176
3389 -3.3372332334743477 0.99921347285049367 0.084783825082379249 236 236 236 0.39357867514551059 41 206 39 247 40 247 38 177
3391 -3.5113467690345876 0.43309948913140855 1.7283772913852895 62 66 76 0.23998453371068285 42 255 39 291 40 291
3393 -3.3029333784289272 0.9700122152161158 0.079971496450980187 236 236 236 0.37038028738773082 41 234 39 315 40 315
3394 -3.3029333784289272 0.9700122152161158 0.079971496450980187 236 236 236 0.37038028738773082 41 235 39 316 40 316
3395 -2.8911218448903875 1.0152794132751204 0.11251667750994161 67 67 67 0.63958836872350389 41 271 39 351 40 351
3396 -5.3875790523616116 2.3882381055784694 1.074823697513529 108 106 106 1.6009970524379795 44 337 46 364 39 360 40 360
3397 -3.2089275779281214 1.0742990529951664 0.018145744531425027 236 236 236 0.36462444482246009 41 316 39 374 40 374 38 268
3398 -3.2089275779281214 1.0742990529951664 0.018145744531425027 236 236 236 0.36462444482246009 41 317 39 375 40 375 38 269
3399 -3.1405870634279025 1.0519022334005874 -0.014619531135419998 0 0 0 0.68470032106885204 41 318 39 376 40 376 38 270
3400 -3.0935650099547671 1.014555977644539 0.01257895488911972 236 236 236 0.81997225214565972 41 319 39 377 40 377 38 285
3401 -3.2344956665044164 1.0924515496001979 -0.019534246616695568 0 0 0 0.66951793228840928 41 333 39 392 40 392 38 283
3402 -3.2373190007917105 1.0438631801653711 0.043856996510806878 0 0 0 0.33662712894290348 41 334 39 393 40 393 38 284
3403 -5.1032459186330055 2.1119472584610515 1.1161279723421655 108 106 106 1.0588933246525549 42 222 46 297 45 155 44 236 39 128 46 142 41 101 40 128 43 280 38 24
3404 -3.4937962716604019 0.60391575461776448 1.4671928709790381 0 0 0 0.49653558442657597 42 180 41 136 39 208 50 618 51 795 48 611 49 611 47 442 40 208
3406 -3.626958373269948 0.2092971883321102 1.5876881526471334 113 119 136 0.31944101726382362 39 275 46 245 40 275 43 263
3414 4.3456657261637073 1.4645850823580033 1.9145774273846039 231 231 231 1.2308295922323187 74 238 76 107 83 181 86 163 87 138
3420 3.4470156538896912 0.015256639137655952 0.94736302336822453 0 0 0 0.97955142718620813 74 311 78 326 79 351 80 258 81 245 82 256 83 362 77 529 84 358
3422 3.6114610726520291 -0.13923318812772134 1.1872977201010064 0 0 0 0.43003633266631697 71 208 73 208 82 255 74 301 77 528 81 249 78 469 75 334 79 224 76 452 77 332 78 325 83 365
3423 2.5312301609175041 0.43214491253972426 1.1095767091429036 130 130 130 0.97387093470179087 74 447 84 544 86 484
3424 2.5312301609175041 0.43214491253972426 1.1095767091429036 130 130 130 0.97387093470179087 74 446 84 545 86 485
3426 2.4923810250338527 0.5008068774269735 1.1898261377745305 130 130 130 0.77968627499446896 74 528 76 703 84 601 86 542
3427 2.4923810250338527 0.5008068774269735 1.1898261377745305 130 130 130 0.77968627499446896 74 529 76 704 84 602 86 543
3433 2.5623952150465201 0.43612147527640627 1.1385393522105136 0 0 0 1.8501088946290722 76 357 77 464 81 130 84 301
3438 3.49714709712863 1.4818477016219158 -0.76324211983222257 102 108 123 0.65418683598618099 83 89 84 14 86 20 85 136 88 341 93 268 92 387
3439 3.49714709712863 1.4818477016219158 -0.76324211983222257 102 108 123 0.65418683598618099 83 90 84 15 86 21 85 137 88 342 93 269 92 388
3440 3.0712048891429204 2.0361716503377938 -0.53350873958990419 231 231 231 1.5382104154923628 81 116 82 112 83 167 84 140 86 43 87 21 85 98 88 157 89 230 90 166 93 48 93 338 88 428 85 325
3441 3.0712048891429204 2.0361716503377938 -0.53350873958990419 231 231 231 1.5382104154923628 81 117 82 113 84 141 86 44 83 168 87 22 85 99 88 158 89 231 90 167 93 49 93 339 88 429 85 326
3442 3.0395853327114235 1.995564161560925 -0.51795466296642478 8 8 8 0.30880215048338139 83 51 84 33 86 45
3443 3.1718987524283553 2.1201386615980882 -0.54498087071760615 8 8 8 1.6782988589763013 82 114 83 53 84 34 86 46 81 119 84 36 83 169
3446 3.863071536330223 1.3809660872125797 -0.34488943946726869 231 231 231 1.4336483989914603 83 206 84 72 86 96
3447 3.3900752672273868 1.8844266305111399 -0.56102021860153972 8 8 8 0.58659351890281586 81 102 82 106 83 134 86 136 87 121 88 153
3448 3.3257236651556727 1.8536474117374646 -0.55081774991607735 8 8 8 0.015329396732073917 83 135 86 137
3449 3.4312860004749561 1.9320433459682351 -0.57384087536042039 8 8 8 0.69668128227936932 83 136 86 138 81 182 87 122
3450 3.3583655751462813 1.8728033251087186 -0.5450426740512867 229 229 229 0.7384080703186614 87 341 85 194 88 394 89 339 93 320 81 184 82 182 84 120 86 139 90 358 92 313 79 81 81 104
3452 3.8329214354268486 1.2427143641538736 0.3744631880432055 105 110 126 0.74139172171121237 84 128 86 142 87 212 85 199 93 137
3453 3.3882756385130168 1.64768499636215 -0.077557314045530873 0 0 0 0.65372830891419431 84 137 86 143 82 109 79 178 88 156 87 222
3456 2.7007968600861845 1.8788811166582338 -0.40219099874211467 8 8 8 1.543499706047974 84 145 86 153 83 175 81 127 82 118
3457 2.8310143247243751 1.7106563314803223 -0.067273821478452414 0 0 0 1.3051581321590731 79 518 86 156 82 360 83 430
3458 2.4979643743309423 2.0038030158005657 -0.53398708351089219 231 231 231 0.75944436370895707 81 31 84 147 86 157 87 30 87 390 85 110
3459 2.4979643743309423 2.0038030158005657 -0.53398708351089219 231 231 231 0.75944436370895707 81 32 84 148 86 158 87 31 87 391 85 111
3461 2.437460533735055 1.4754505626562735 0.62227083275222428 0 0 0 1.8277512921388119 78 428 79 188 81 139 82 59 84 157 86 166 80 224 83 316 77 659 79 297
3462 3.3734718960803103 0.76297156104426911 -0.11302319200704077 106 111 128 0.73788809737862604 78 322 84 167 86 174
3463 3.4916775605235553 0.7897583681865481 -0.063944838201025617 103 109 125 1.2835936233032497 81 50 83 81 84 61 86 180 80 158 87 442 79 211 82 139
3464 3.4350641584350154 0.77483945000037124 -0.06113672793726721 103 109 125 1.1724172057640243 80 159 81 51 84 62 86 181
3465 3.6931239322259781 1.2736256925113558 -0.35506191614785193 231 231 231 0.7702698779513133 81 160 83 202 84 348 86 185 78 690 79 588 80 561 81 250 82 473
3466 3.6931239322259781 1.2736256925113558 -0.35506191614785193 231 231 231 0.7702698779513133 81 161 83 203 84 349 86 186 78 691 79 589 80 562 81 251 82 474
3467 3.3775518807867293 1.2955013339894699 0.056902803413136346 0 0 0 0.39650903919117969 81 101 82 180 86 228 87 206 85 197 89 351 90 369
3468 2.9155898537533598 1.6638932586903969 -0.48895194832343564 8 8 8 0.93055091892450303 83 247 84 209 86 231
3469 2.945561049997182 1.6642117681401076 -0.49112712661180874 8 8 8 0.58190837892554825 79 419 81 191 83 244 87 210
3470 3.1585392694954586 1.9885835016303059 -0.55732915111937409 8 8 8 1.6028033873290504 82 190 84 135 86 235 87 217 83 164 85 322 88 422 93 401
3473 3.002505557227193 1.9985715063634535 -0.53272411175239176 8 8 8 1.4150928584189939 81 194 84 225 86 241 83 254 87 226
3474 3.002505557227193 1.9985715063634535 -0.53272411175239176 8 8 8 1.4150928584189939 81 195 84 226 86 242 83 255 87 227
3475 2.5479727761648499 1.6727430815565323 -0.43636463304785617 231 231 231 1.1500678938524529 83 265 84 233 86 247 81 123 82 47 87 383 85 101 88 161 88 545 89 235
3478 2.401576532060405 1.9934911964602342 0.28832152272856637 0 0 0 0.061844969021630815 79 93 82 60 86 265
3480 3.719866476740985 1.0855501582518172 -0.3182299502478011 0 0 0 0.80428335714509336 80 388 86 281 78 483 79 348 81 234 82 244 83 340 84 332
3481 3.5990846640033838 1.056806488737708 -0.30028755720410988 102 108 124 0.40447604628113981 78 328 86 283 83 193
3482 3.5105156951082743 1.2574629233484325 -0.50046976092514661 103 108 124 0.92806827466785058 84 344 86 286
3483 3.3886686745018979 1.2485639774652264 -0.06474122661604724 0 0 0 0.58907233754583466 80 422 84 383 86 328 81 267
3484 3.3748730627284296 1.2417999156186221 -0.064074040292508808 0 0 0 0.61490952639264229 84 384 86 329 81 268
3485 4.2112598636675402 1.2574077618311579 0.32589386306828122 106 112 128 1.2389828769449465 79 387 80 419 81 97 83 385 84 390 86 330 79 160 87 336
3486 3.3873784927181396 1.2762265218342961 0.023758932341844841 0 0 0 0.91842673465530966 82 295 84 393 86 331 87 342 79 262 89 342 94 410 94 456 91 410 91 456 15 107
3487 3.3873784927181396 1.2762265218342961 0.023758932341844841 0 0 0 0.91842673465530966 82 296 84 394 86 332 87 343 79 263 89 343 94 411 94 457 91 411 91 457 15 108
3488 3.3509834478193872 1.2753477153089785 0.12571291823491298 0 0 0 0.35704340166458604 78 534 79 403 80 431 81 185 86 334 87 356 85 318
3489 3.3509834478193872 1.2753477153089785 0.12571291823491298 0 0 0 0.35704340166458604 78 535 79 404 80 432 81 186 86 335 87 357 85 319
3490 3.120247940723563 1.7445452140886266 -0.36074914749187836 108 113 130 2.0604011754858709 84 400 86 336
3491 3.3199611809173963 1.5097950966511695 0.056399137540752403 110 115 132 2.0508189522681102 79 429 84 416 86 355 78 561 83 414
3492 2.6057759629924924 0.2955267095758764 0.71815170634801084 83 88 101 1.0070193673408192 82 31 86 357
3493 3.3473055573853454 1.3035423491744456 0.2899694210024002 59 62 72 1.0867189733292186 78 373 79 425 82 311 83 416 84 418 86 360 78 550 77 690 80 576 87 379 88 430 90 445 93 142 89 232
3494 2.7143597376755877 0.35546564868558456 0.77518191683776061 83 87 100 0.8901235371682531 78 117 81 111 82 40 83 160 86 365 80 101
3495 2.7124741380556263 0.35475844179908372 0.77451806606984608 83 87 100 0.88060790377724218 81 112 83 161 86 366 78 118 80 102
3496 2.6903975918790564 0.36605646764452487 0.77107466061661512 82 87 100 0.85992504616549303 84 227 86 367 81 113 87 481
3497 2.6878849075682387 0.3658237149492789 0.76980389892346623 82 87 100 0.98175710260304383 83 50 84 228 86 368 87 482
3498 2.5159921968647541 1.6702210032915705 -0.4340216717083959 109 114 131 0.65002490945542368 81 289 82 323 83 418 84 236 86 369 87 480
3499 2.4939716771705815 1.8550267422962448 -0.50076016768065568 231 231 231 0.49940685288520026 81 312 82 362 86 371 85 422 88 437
3501 2.4241460321727053 1.8221554726643889 -0.081548600561346385 0 0 0 0.56467092566353616 82 411 86 380 87 398 84 447 85 354 88 555
3502 2.4084492996475655 1.9630685090234763 -0.18892835404992106 130 130 130 0.76335741745584329 84 448 86 381 81 460 82 559 83 530 87 399
3503 2.4112654954133985 1.9664894602400469 -0.18919383474035842 130 130 130 0.71593962487838447 84 449 86 382 81 461 82 560 83 531 87 400 11 33
3504 2.3930908904386761 1.9630351989558366 -0.14138435750003872 0 0 0 0.65788218047822689 81 373 82 418 83 458 84 452 86 386 85 430 88 460
3505 2.3928946777149158 1.9629051938339646 -0.14068628621340978 0 0 0 0.52573075224845778 81 374 82 419 83 459 84 453 86 387 85 431
3506 2.3729792548557129 1.9758065663029105 -0.13837835828120856 130 130 130 0.051852543703121506 81 382 82 421 86 391
3507 2.3833812000618595 1.9367840355588843 -0.081519447430705466 0 0 0 0.59513807711072553 81 383 82 501 86 392 87 551 84 552 85 432 88 556
3508 2.3833812000618595 1.9367840355588843 -0.081519447430705466 0 0 0 0.59513807711072553 81 384 82 502 86 393 87 552 84 553 85 433 88 557
3509 -3.351440115775937 0.5632539810944025 1.2489515605664807 0 0 0 0.96775782860470738 43 154 44 81
3510 2.5112149648752471 0.43328318030111079 1.1754244089000434 0 0 0 0.40485636674548314 77 469 80 313 86 400 79 285
3511 2.3542249797168253 2.0037365002250493 -0.052576239798970609 130 130 130 0.22522248905863931 83 469 86 402 85 364
3512 2.3306077891051507 2.0933927563407302 -0.11456468709509739 0 0 0 1.0087974909684769 84 462 86 407
3513 2.5065412256437201 0.45382568639497944 1.1953337550220238 0 0 0 0.9222632968004425 75 452 86 408 84 459 83 450 75 633 79 506 82 377 77 629
3514 2.6351683686781633 0.79037790774534855 1.1260542611427815 59 62 72 1.0302630887421109 84 463 86 412 87 425
3515 2.3284127029057462 2.2150106024221015 -0.10050879695243835 59 62 72 0.42239418011708546 81 397 83 476 86 415 82 442
3516 2.3504887477286234 2.0421035330247088 0.12923503238856343 59 62 72 0.91761619017698492 82 444 84 312 86 417 81 400 79 563 87 427
3517 2.4098027092900138 1.9916387092125798 0.23722021436297464 0 0 0 0.59873657141789494 79 620 81 398 82 440 86 419 87 428
3518 2.3701596560901419 1.5911213350429143 0.66461164813536033 59 62 72 0.58361701511600239 81 472 83 477 84 470 86 423
3519 2.3567715132831597 1.6104065022001308 0.76224091710743258 59 62 72 0.43409355753930862 79 302 83 317 84 313 86 424
3520 3.6180331928699916 1.4049528380480814 -0.81307718789994399 231 231 231 1.6336665475360246 81 225 82 512 83 333 84 558 86 428 79 339 81 477 79 629 85 503 89 549 90 627 93 490
3521 3.4187705498790595 1.1280866847392081 0.093587222621287075 0 0 0 0.453147924832628 81 269 84 387 86 452 82 283 83 383 88 391 90 499 94 454 80 420 83 231 91 454
3522 3.4185086471906883 1.1283144230397335 0.093877509473939233 0 0 0 0.51273165391468667 81 270 82 284 83 384 86 453 84 388 88 392 90 500
3523 3.398024452969902 1.1831497155898469 0.085724960861458269 130 130 130 1.5184153771071967 77 741 80 684 81 276 82 288 83 388 86 454 77 797 78 809 79 704 82 581 79 392 87 470 87 641 85 467 85 527 88 677 89 528 93 572 92 517 90 544 94 542 91 542 91 491 94 491 6 189 11 301
3524 3.3978831986046698 1.1829849632766334 0.085727425883668579 130 130 130 1.4941473253617898 77 742 80 685 81 277 82 289 83 389 86 455 77 798 78 810 79 705 82 582 79 393 87 471 87 642 85 468 85 528 88 678 89 529 93 573 92 518 90 545 94 543 91 543 91 492 94 492 11 302 10 184
3525 3.3682003326337799 1.2731804048667679 0.048357686753695985 130 130 130 1.0201029352649196 78 529 86 457 87 473 85 311 88 402 77 440 89 431 90 230 93 390 92 209
3526 2.6325279001582538 0.23605158646863031 0.72546120496300726 60 63 73 0.71597890169365908 80 286 83 395 86 458 87 530
3527 3.0804044882659185 2.0137793635710546 -0.53424276263113779 8 8 8 0.43893576411574203 81 443 82 539 83 515 84 526 86 462 87 528 85 476 88 591 89 537 90 577 93 480
3528 3.0804044882659185 2.0137793635710546 -0.53424276263113779 8 8 8 0.43893576411574203 81 444 82 540 83 516 84 527 86 463 87 529 85 477 88 592 89 538 90 578 93 481
3529 2.8743587095576699 1.8759034928341825 -0.45667692966904161 231 231 231 0.24972255753633679 84 529 86 465
3532 2.5528022238359886 1.475311143136101 -0.0042638900696708578 114 120 138 0.88141235065684187 81 319 84 435 86 474
3533 2.8948152637762092 0.73201746472087414 0.94396628538032945 61 64 74 0.69407760215007164 82 332 83 431 86 480 81 311
3534 2.5525513447156376 1.2031263755971069 0.34359663107364746 76 80 92 1.2653548490829682 77 653 79 525 80 520 81 211 83 286 84 441 86 481 87 545 85 559 88 733
3536 3.5732788890084475 1.2128083271614138 -0.48201081719670263 59 62 72 1.3260597830575576 79 586 80 560 81 428 82 470 83 495 86 508 87 516 85 511 88 668 89 554 8 766
3538 3.5690685125745523 1.5146122026865745 -0.75456196298681244 59 62 72 1.5826319416286163 81 496 82 525 83 560 84 498 86 512 79 645 87 572 79 691 85 584 88 670
3540 3.3954667893202002 1.0366269475537957 0.061211212826415735 130 130 130 0.466357446355045 84 583 86 521
3544 2.499948936450529 1.8160394899136503 -0.45256940753736091 113 119 137 0.722423877705347 81 449 82 548 83 520 84 531 86 530 87 487 85 484 88 645
3545 2.499948936450529 1.8160394899136503 -0.45256940753736091 113 119 137 0.722423877705347 81 450 82 549 83 521 84 532 86 531 87 488 85 485 88 646
3546 2.9258702283785611 1.2602022736515799 0.4278063105279174 59 62 72 0.44709265878978943 79 662 80 649 83 589 84 596 86 536 75 827 77 821 81 518 82 542 87 541 85 556 88 647 89 541 93 540
3547 2.4827257423055387 0.57859848040802653 1.1587259572906956 0 0 0 0.65420779905858806 79 533 83 533 86 544 84 606
3548 2.4721429785278795 0.57397381989450191 1.1513607628354885 0 0 0 0.032207839834038673 83 532 86 545
3550 4.281275491410363 1.2576893592659573 -0.46603511602860292 161 161 161 1.1352407452352322 81 616 83 691 84 698 86 556 78 805 79 780 80 747 82 646 87 566
3551 3.4973418643577276 1.1893873525869456 -0.52667201611523695 59 62 72 0.95231199300142511 79 686 80 673 81 534 82 571 83 612 84 620 86 558 87 634 85 578 88 664 89 598
3552 3.5257529884417473 1.4329567121536235 -0.77446497186053365 231 231 231 1.0751148562422492 79 689 81 536 82 573 83 546 84 559 86 559 81 485 87 635
3553 3.5257529884417398 1.43295671215362 -0.7744649718605322 231 231 231 1.0751148562421839 79 690 82 574 83 547 84 560 86 560 81 537 81 486 87 636
3554 3.5872797137263333 0.81101642811066388 -0.088838301345092338 102 107 123 1.1420336552366701 77 729 78 684 79 578 80 622 81 484 82 516 83 545 84 565 86 561 87 571 85 581 88 715 89 639 92 626
3555 3.4729968877433635 0.87017537166949543 -0.13348427831736026 103 108 124 0.8488782416668097 77 790 78 737 80 672 81 539 82 572 83 617 84 626 86 565 87 517
3556 3.4966836869974856 0.8783073859449988 -0.13646483420971697 103 108 124 0.56888694902560866 77 791 86 566 87 518
3557 3.5330440673562671 0.85174290002376618 -0.091048819540020295 103 108 124 0.77425026256687701 77 788 78 735 84 574 86 567 81 491 82 520 79 687 80 670 83 615 84 624 79 635 80 625 83 557 87 453 85 454
3559 3.4514764348623208 1.2232961636433337 -0.12336065729574539 130 130 130 0.83526273104024418 78 747 86 580 85 524 87 579 88 632 90 604 94 574 91 574
3561 3.4822422578214338 1.0769396786249377 0.064444117032778345 130 130 130 0.6670669290814869 82 580 83 634 86 583 79 696 81 503 87 582
3562 3.4004098337821578 1.2916157054942441 -0.029903384714573624 0 0 0 0.5423440750050269 81 556 83 638 84 640 86 584 87 583 88 676 89 567 6 193 10 188 5 221
3563 3.3975784306588168 1.2642088876220099 -0.0015394326204427858 130 130 130 0.4334952132367183 78 811 79 706 80 686 81 554 82 583 83 636 84 638 86 585 87 584 85 589 88 674 89 568 90 606 93 569 92 551 94 540 91 540 12 206 6 191 11 207 10 186 8 353 9 132 5 224 2 58 4 58
3564 3.3976307938728629 1.2642947713148698 -0.0015308546719218772 130 130 130 0.43824346354596355 78 812 79 707 80 687 81 555 82 584 83 637 84 639 86 586 85 590 88 675 89 569 90 607 93 570 92 552 94 541 91 541 12 207 6 192 11 208 10 187 8 354 9 133 5 225 2 59 4 59
3565 3.3818225443781698 1.2861735663009599 0.024129157944097319 0 0 0 0.41372869646077093 78 752 79 708 80 689 81 506 82 587 83 572 84 585 86 587 87 585 85 529 88 634 89 570 90 572 93 522 92 553 94 544 91 544 6 79 11 210 13 235 10 189 8 221 5 226 2 212 4 212 7 124 14 202
3566 3.3692045052037756 1.3181990340214806 0.043454980212731066 130 130 130 0.32553649044301092 78 754 79 712 80 693 81 558 83 639 84 641 86 588 87 586 88 680 89 573 90 608 93 523 92 554 12 213 11 213 13 238 10 194 8 225 9 136 5 231 2 214 4 214 7 127 15 216 14 267
3567 3.3698292458656951 1.3189120882363585 0.043719273772571156 130 130 130 0.31802676541321212 81 559 82 594 83 640 84 642 86 589 85 532 88 681 90 609 12 214 11 214 13 239 9 137 15 217 14 268
3568 3.1129771371719839 1.3011550255197013 0.018000029987419255 0 0 0 0.49468265024827179 12 215 6 201 11 215 13 240 10 192 8 222 9 301 5 233 7 33
3569 3.3724427203692424 1.2927910646258518 0.073691948482766265 0 0 0 0.29500310099251853 77 850 78 753 79 711 80 691 81 557 82 593 83 641 84 644 86 591 87 589 85 535 88 682 89 575 90 610 93 525 92 556 12 212 6 199 11 216 13 241 10 193 8 223 8 224 9 135 5 229 5 230 2 213 4 213 7 125 7 126 15 215 14 205 14 206
3570 3.6339768816339131 1.6720411050963115 -0.095326997643503456 231 231 231 0.99432672395728505 78 822 79 720 80 754 81 570 82 600 83 647 84 645 86 592
3571 3.6339768816339131 1.6720411050963115 -0.095326997643503456 231 231 231 0.99432672395728505 78 823 79 721 80 755 81 571 82 601 83 648 84 646 86 593
3572 3.8950346250591354 1.2634719707665736 0.42482023760475179 59 62 72 0.64933718943646435 75 898 77 848 78 814 79 710 80 690 81 562 82 596 83 642 86 594 87 645 84 647 85 591 88 679 89 571 89 616 93 574
3573 3.3606727462086377 1.2937301904848895 0.1233554229335542 0 0 0 0.37650524340454739 77 802 78 758 79 715 80 695 81 565 82 533 83 575 84 586 86 595 79 650 81 507 87 592 85 536 88 637 89 578 90 573 93 526 92 558 12 216 6 206 13 246 10 198 8 227 6 81 9 139 5 234 2 216 4 216 7 130 82 534 14 208
3574 3.3552712887231322 1.3208907914366526 0.096813910585984514 130 130 130 0.32705837656603787 77 858 78 759 79 718 81 566 82 597 83 643 84 648 86 596 87 593 85 537 88 683 89 576 90 611 93 527 92 557 12 217 11 219 13 247 8 228 9 305 5 235 2 218 4 218 7 132 15 218 14 271
3575 3.3551306858691281 1.3208405409402582 0.096992446541064412 130 130 130 0.27102211853516017 79 719 80 700 83 644 84 649 86 597 87 594 88 684 89 577 90 612 6 83 11 220 8 229 10 199 9 306 5 236 2 217 4 217 15 219
3576 3.3557749527218173 1.2717783417249893 0.1551082081835613 130 130 130 0.46768447255064116 77 856 78 815 79 716 80 697 81 568 82 598 83 645 84 650 86 598 87 595 85 592 88 685 89 579 90 613 93 529 92 559 13 249 15 220 14 269
3577 3.3559491388824609 1.2719101487709163 0.15514275112717704 130 130 130 0.39663100136011609 77 857 78 816 79 717 80 698 81 569 82 599 83 646 84 651 86 599 87 596 85 593 88 686 89 580 90 614 93 530 92 560 12 218 6 205 11 221 13 250 10 197 8 355 9 304 5 240 2 220 4 220 7 34 15 221 14 270
3579 2.5110853510939495 1.7567324578247161 -0.44306330008849787 231 231 231 0.79648200167692085 81 635 82 735 83 709 84 715 86 604 87 599
3580 2.4844007418350968 2.0105889413218652 -0.52556159121114532 8 8 8 0.4715890608470954 83 592 84 593 86 610 81 590 87 609 85 553
3581 2.5329727671770903 1.5745776683963011 -0.1165990097645378 79 83 96 1.4345683244180254 79 745 81 522 83 590 84 594 86 611 82 620 80 727 82 551 87 653 85 641 88 770 89 682
3582 2.5141137012444443 1.5028340871872807 -0.025299368672177625 59 62 72 0.93820979111021163 79 824 80 802 82 622 84 660 86 613 85 558 88 649
3583 2.4678309726989851 1.9318879757198828 -0.30537595607080981 130 130 130 1.3314947441478924 84 663 86 614
3584 2.4678309726989851 1.9318879757198828 -0.30537595607080981 130 130 130 1.3314947441478924 84 664 86 615
3585 2.8508779976270664 0.6928158924730724 1.0591074408362908 59 62 72 1.0827216778834801 77 750 78 707 79 661 80 645 81 523 83 596 84 600 86 619 84 667
3586 2.5348623963111261 0.42415941687646452 1.0191188784400145 0 0 0 0.014334875657573066 83 594 86 620
3587 2.3853607445129161 1.9887584841794808 -0.15199236027923035 130 130 130 0.42246554212235321 81 649 82 693 83 675 84 674 86 624 87 619 85 604 88 702 12 248 6 253 11 250 13 369 10 438 8 257 9 361 5 300 7 184 15 249 14 293 16 280 17 303
3588 2.3853607445129161 1.9887584841794808 -0.15199236027923035 130 130 130 0.42246554212235321 81 650 82 694 83 676 84 675 86 625 87 620 85 605 88 703 12 249 6 254 11 251 13 370 10 439 8 258 9 362 5 301 7 185 15 250 14 294 16 281 17 304
3589 2.3912537789814907 1.9124933136955571 -0.068039746272954907 130 130 130 0.49491506388756185 79 833 81 651 82 691 83 677 84 678 86 628 87 659 85 609 88 704 12 247 6 255 11 252 13 274 10 239 8 395 9 360 5 296 2 254 4 254 7 181 15 252 14 296 16 229
3590 2.3738232579335827 2.0133561950063141 -0.13173633698706419 0 0 0 0.46741257927213492 81 604 82 633 83 678 84 680 86 629 85 610 12 252 6 260 11 257 8 260 7 189 14 224 16 231 17 267
3591 2.373143145946675 2.0124528237065951 -0.13175266667681171 0 0 0 0.48459258922768722 81 605 82 634 83 679 84 681 86 630 85 611 12 253 6 261 11 258 13 279 10 244 9 164 2 256 4 256 7 190 14 225 16 232 17 268
3592 2.5440984780698721 0.7785952904626865 1.1003670874098432 0 0 0 1.0291115111561357 78 785 80 728 83 680 84 689 86 633 87 665
3593 2.1602054486468374 2.2650386529628741 -0.16688114966226816 114 120 137 1.2407436880652045 84 693 86 635
3595 3.6167983914615105 1.2043131370804383 -0.52794262222364208 231 231 231 1.3508103868614592 80 749 81 620 82 648 83 694 84 700 86 641 87 673 85 622 89 638 93 618
3596 3.7205702542771948 0.82962122928801962 -0.053054520854173906 59 62 72 1.5653291176620174 78 806 79 685 80 668 81 535 82 570 83 613 84 621 86 644 77 844 87 637 85 624 88 714 93 592 90 654
3597 3.4506334085414982 0.81631706188579134 -0.053424119676367336 59 62 72 0.49467678360286055 79 783 80 750 81 623 82 649 84 705 86 647
3598 3.8924053891495864 1.2309265856059137 0.38026165260800177 109 115 131 0.80322862975450549 75 896 77 909 78 813 79 785 80 753 81 627 82 653 83 701 84 709 86 651 87 643 87 684 85 634 88 722 89 614 90 641 93 571 92 589 94 577 91 577 95 511
3599 3.3692941583235951 1.92673123608833 -0.48540761925726578 59 62 72 0.75684595279882472 79 790 82 602 86 652 87 644 89 615
3600 3.3427004040198169 1.2727929114071308 0.19645113712905618 0 0 0 0.56621642398391359 77 914 78 883 79 787 80 844 81 631 82 654 83 704 84 710 86 653 87 687 85 636 88 726 89 656 90 644 93 608 92 623
3601 3.3681169609230945 1.2987225270707334 0.29471868064392237 59 62 72 1.6030788968011014 77 917 83 657 84 655 86 655 78 763 79 873 80 704 81 512 82 536 87 649 85 478 85 599 88 688 88 767 89 581 93 578 93 609
3602 2.7060730364633772 1.783942517561244 -0.45221851879780256 231 231 231 1.3133394953004978 81 576 82 612 83 658 84 656 86 658
3603 2.4019259264272526 1.9130962576443382 -0.12245060127496657 130 130 130 0.45215671687203951 81 647 82 689 83 717 84 726 86 663 79 894 87 656 85 645 88 735 12 383 6 408 11 371 13 367 10 433 8 391 9 353 5 501 2 411 4 411 7 288 15 247 14 292 16 278
3604 2.40221284510001 1.9134680954303549 -0.12259828828635641 130 130 130 0.36948456953029557 81 648 82 690 83 718 84 727 86 664 79 895 87 657 85 646 88 736 11 372 10 434 5 502 2 412 4 412 16 279
3605 2.3884686898833101 1.9376332070714311 -0.094987915051635521 0 0 0 0.55842249813656297 79 834 81 652 82 692 83 721 84 679 86 665 87 658 85 606 12 250 6 256 11 253 10 240 8 394 13 368 9 358 5 506 2 255 4 255 7 182 15 251 14 295 16 230 16 282
3606 2.3648031397744953 2.0086846554937692 -0.084631191326352356 0 0 0 0.70848825273564853 81 653 82 695 84 683 86 668 87 660 85 612 12 255 6 262 11 260 13 374 8 263 9 367 5 309 2 260 4 260 7 191
3607 2.3584963173321589 2.0389027379900089 -0.10871927694387462 130 130 130 0.38019284200338693 81 655 82 696 83 725 84 685 86 669 87 661 85 613 13 375 10 444 2 422 4 422 17 306
3608 2.3586626782918452 2.0394604103639762 -0.10844028518083822 130 130 130 0.37955131443370765 81 654 84 684 86 670 87 662 85 614 12 257 6 267 11 374 13 376 10 443 8 398 2 423 4 423 7 193
3609 2.3558360022610092 2.0249860705114009 0.13180099368868953 59 62 72 2.0167571779889117 82 698 84 691 86 671 79 897 79 771 81 700 81 609 84 763
3610 2.3311185485875443 1.9914504498474344 0.13055615464243597 59 62 72 1.3820455308025161 79 898 81 701 82 699 84 692 86 672 84 764
3611 2.3716801443998006 1.9934648154819681 0.19987641353632193 59 62 72 0.63768275289358867 81 656 84 730 86 673 87 666
3612 2.4891448638505222 0.66499512361331392 1.1812647478525797 59 62 72 1.0009144139313082 79 748 83 681 86 674 87 669
3613 3.4101803784469995 1.2592530088886371 -0.042487751647035589 0 0 0 0.5223331178184264 78 881 79 870 80 842 81 625 82 650 83 699 84 708 86 681 87 680 85 631 88 721 89 647 90 640 93 602 92 615 94 594 91 594 12 314 6 349 11 298 10 548 8 482 2 361 4 361
3614 3.412147323802349 1.1500338951031355 0.088505019536970833 18 18 18 0.46731190768732045 77 908 78 880 79 869 80 841 81 626 82 727 83 700 84 739 86 682 87 681 85 632 88 759 89 648 90 658 93 603 92 616 94 595 91 595 12 443 6 489 11 426 10 551 8 625 9 555 5 627 7 390
3615 3.3770736775727985 1.3023282463616652 0.0034269239962788412 0 0 0 0.59989625957023285 82 732 83 742 84 740 86 683 87 682 88 760 89 649 90 659 93 604 92 617 94 596 91 596 8 487 9 556
3616 3.3785504981375687 1.3043690520902513 0.0027754958809217173 0 0 0 0.67662173618507226 78 882 79 871 80 843 81 677 82 731 83 743 84 741 86 684 87 683 85 633 88 761 89 650 90 660 93 605 92 618 94 597 91 597 12 444 6 490 11 427 10 552 8 488 9 557 5 632 2 558 4 558 7 400
3617 3.3394068624855318 1.3121953088650886 0.14144169091431566 0 0 0 0.68017426905667933 77 967 78 934 79 872 80 845 81 679 82 733 83 744 84 742 86 685 87 686 85 676 88 765 89 655 90 663 93 629 92 622
3619 3.4927938960254212 1.672518366843643 -0.038002483658877047 0 0 0 0.60258407254563207 78 773 79 730 80 706 81 575 82 606 83 656 84 653 86 688
3620 2.4863509957701564 1.1896495740581654 0.24786333651925074 115 120 138 0.9890453525835371 77 926 78 845 79 818 80 791 82 673 86 689 81 640 83 715 84 723
3621 2.4151961180668766 1.9558469985783331 -0.21710726659553659 0 0 0 0.60311094263817544 81 690 82 791 83 750 84 745 86 691 87 733 85 686 88 772 12 463 6 511 11 441 13 441 10 597 8 522 9 579 5 670 2 592 4 592 7 429 15 309 14 357 16 311 17 322
3622 2.4019836088674809 1.9632076229044775 -0.16507278105955281 130 130 130 0.53188437414868972 83 753 84 748 86 692 85 687 88 774 13 443 11 442 10 599 8 526 5 676 7 432 14 360
3623 2.4036615759449877 1.9668386680981544 -0.16512366673573109 130 130 130 0.58873164510988807 81 739 82 792 83 754 84 749 86 693 87 734 85 688 88 775 12 464 6 513 11 443 13 444 9 584 5 677 2 593 4 593 7 433 15 347 14 361 16 312 17 324
3624 2.3854486795884706 1.9529390867575447 -0.11127688594304536 25 25 25 0.48066538301772477 81 696 83 758 84 750 86 694 85 691 88 778 12 465 11 446 2 595 4 595
3625 2.3852947916810052 1.9526980398789997 -0.11131239664002424 25 25 25 0.47904471219879247 81 697 83 759 84 751 86 695 85 692 88 779 12 466 11 447 5 678 2 596 4 596
3626 2.3697275610759942 2.0299621607748617 -0.15442591310581863 0 0 0 0.55933028719771993 81 698 83 760 84 752 86 696 87 694 85 693 12 467 6 519 11 448 13 446 10 604 8 530 9 493 5 683 2 598 4 598 7 436 15 310 14 362 16 313 17 326
3627 2.3423390269043232 2.0816323506358798 -0.11155395077347778 0 0 0 0.45272588660052954 81 699 82 749 83 764 84 728 86 697 87 695 85 648
3629 2.3335347855684327 2.137877553600084 -0.10058330977653936 130 130 130 2.0981594750514234 81 743 82 795 83 767 84 759 86 699 83 810 87 696 85 649
3630 3.483464783899215 1.2947110743671113 -0.72135709872624831 59 62 72 0.98692813145714764 81 709 82 757 83 776 86 707
3631 4.3294004185437744 1.3186897028991051 0.38810317129841443 107 112 129 1.3013091099570364 78 932 79 916 80 877 81 722 82 769 83 789 86 722 77 963 87 759 85 710 88 814
3632 3.3424373733141319 1.368602815536351 0.067328878946984985 0 0 0 0.33755090767198193 78 935 79 917 80 878 81 725 82 774 83 791 84 795 86 724 87 725 85 674 88 793 89 676 90 679 93 627 92 631
3633 3.3265220351643898 1.4343021098598039 0.096881722792242372 130 130 130 0.7548700381149015 78 970 79 949 82 775 83 792 84 796 86 725 87 727 85 714 88 794 89 677 90 680
3634 3.360526966232583 1.3305745360735566 0.24254431413895852 130 130 130 0.52143083281253055 81 726 83 793 86 726
3635 2.5373564238286592 0.43106394561710976 1.0927191499706554 130 130 130 0.29556436179223167 81 682 83 747 86 730 87 735 6 364
3636 2.3703214751388537 1.967987629269194 -0.049725583738055676 130 130 130 0.46434714506822661 79 965 81 776 82 832 83 807 84 801 86 731 87 771 85 721 12 512 6 576 11 497 13 479 10 732 8 722 9 647 5 808 2 743 4 743 7 577 15 377 14 392 16 346
3637 2.3447844448894792 2.0335762533789827 -0.059182978531884908 0 0 0 0.57724520788984846 81 742 82 794 83 808 84 755 86 732 87 736 85 694 12 470 6 520 13 450 10 735 8 650 9 586 5 686 2 604 4 604 7 439 15 348 14 393 16 316 17 362
3639 2.3876657480982693 1.9362723438394234 0.26207381632054028 0 0 0 0.27700589429062761 79 932 81 744 82 796 83 813 84 808 86 739 87 741
3640 2.3965362901589189 1.6162001316086478 0.64859505648845805 59 62 72 1.3593078512875918 79 896 82 799 83 814 84 809 86 740 81 702 83 768 80 887 81 779
3641 3.9794449650629473 1.3825201054072251 -0.80221459602127487 231 231 231 0.94092383915948896 82 756 84 768 86 741 79 907
3642 3.8363731133026122 1.342837048205777 -0.68237838071293544 59 62 72 1.0591422729639353 80 893 84 769 86 742
3643 3.5186497145957101 1.5304752496590339 -0.77438295194444207 59 62 72 0.60976921750687763 81 748 83 816 84 817 86 745 87 746
3644 3.4373871132091636 0.9765252198492923 -0.22436850475663123 59 62 72 0.21789721190327746 80 895 84 815 85 724
3645 3.4447943894358826 1.219613788010341 -0.086454937075023608 130 130 130 0.64113761039436412 78 962 79 945 80 902 81 759 82 811 83 823 84 823 86 753 87 755 85 730 88 810 89 687 12 544 10 785 8 695 5 866 2 810 4 810 7 645
3646 3.4447943894358826 1.219613788010341 -0.086454937075023608 130 130 130 0.64113761039436412 78 963 79 946 80 903 81 760 82 812 83 824 84 824 86 754 87 756 85 731 88 811 89 688 12 545 10 786 8 696 5 867 2 811 4 811 7 646
3647 3.438703268317445 1.0973863329536417 0.053973136999945125 130 130 130 0.649569224200644 77 997 78 960 79 943 80 900 81 757 82 809 83 825 84 825 86 756 87 757 85 732 88 812 89 690 5 864 6 614 8 693 10 787 12 542 2 808 4 808 7 643
3648 3.4394899674134343 1.0977542911699527 0.054006469791336137 130 130 130 0.63581341477742725 77 998 78 961 79 944 80 901 81 758 82 810 83 826 84 826 86 757 87 758 85 733 88 813 89 691 10 788 6 615 11 515 12 543 8 694 5 865 2 809 4 809 7 644
3649 3.394397267318122 1.239460984261622 0.081259195735023937 130 130 130 0.6169614486338848 78 964 79 947 80 904 81 762 82 813 83 828 84 827 86 758 77 1021 87 760 85 734 88 816 89 692 93 640 12 546 6 617 11 516 9 691 5 871 2 815 4 815 7 648
3650 3.3305189887736231 1.956041330620482 -0.51013760455213575 231 231 231 0.50846523156068957 79 950 81 763 82 815 83 829 84 794 86 759 87 762 85 713 88 792 89 693 90 677 93 641
3651 2.6997243557496873 0.24313904105633907 0.7957936866540174 59 62 72 0.66918898975198682 82 768 84 828 86 760 87 763
3652 3.3669824009204912 1.2972905164479853 0.39940295699356909 111 117 134 1.0683733810569953 77 1026 78 972 79 951 80 911 81 766 82 816 83 794 84 830 86 761 87 764 85 715 88 817 89 694
3653 2.5025233803970321 1.7673494516900272 -0.4880985714687297 59 62 72 0.81647571011214359 81 767 82 820 83 796 84 797 86 762 87 765 85 718 88 819
3654 2.488024933346384 1.8625149347493135 -0.53865665061945112 231 231 231 1.1820700685848755 81 793 83 852 84 831 86 764 87 781 85 735 88 821
3655 2.4998035158940692 1.9945177313155478 -0.45902254204948861 231 231 231 0.8796932401910651 81 796 83 834 84 832 86 765 87 767 87 785 85 736
3656 2.4145994316477903 1.8631638609750694 -0.090067670245472922 0 0 0 0.41263740566644064 79 985 81 774 82 831 83 838 84 799 86 767 87 768 85 720 88 802 12 510 6 575 13 528 10 816 8 720 9 644 5 902 2 847 4 847 7 669 15 376 14 425 16 369
3658 2.4502656263929286 1.9153388386046868 -0.25903181361855004 130 130 130 0.85912939335830452 81 797 83 855 84 833 86 778 87 786 85 737 12 567 6 635 11 536 10 811 8 793 9 709 2 843 4 843 15 408 14 423
3659 2.4496012577019735 1.9154382087419604 -0.25992012169062034 130 130 130 0.93364848381468923 81 798 82 853 83 856 84 834 86 779 87 787 85 738 12 568 6 636 11 537 10 812 8 794 9 710 5 898 2 844 4 844 7 668 15 409 14 424 16 368
3660 2.4457552152972104 1.7978043646562047 -0.12598301760699668 130 130 130 0.5568697681479865 81 800 82 852 83 858 84 849 86 780 87 788 12 569 6 637 11 579 13 574 10 891 8 792 9 712 5 961 2 938 4 938 7 667 15 410 14 457 16 402
3661 2.4689760518626311 1.7293407281583175 0.75383866405323141 117 123 141 1.1403405274625751 81 805 82 855 83 861 84 855 86 783
3662 3.5328746465924441 0.85170179007253277 -0.091014674812894672 104 110 126 0.7335228590490207 82 521 84 575 86 511 77 789 78 736 86 568 79 636 81 492 83 558 80 626 80 671 79 688 83 616 84 625 87 454 85 455
3663 2.4266424782648888 1.6332291288756318 0.70532893568751898 118 124 143 0.91662243039640934 82 563 83 608 84 613 86 550 81 401 84 471 86 266 80 736 80 656
3664 2.3493899751348102 1.9718374625355553 0.018122081943249494 0 0 0 0.57462452977237954 82 793 83 809 86 735 83 765 84 756 86 698 79 930 87 737 85 696 11 454 6 521 12 472 13 451 10 734 8 651 9 498 5 688 2 603 4 603 15 312 14 365 16 317
3665 2.4920403576120891 0.66859568415099035 1.1911862462343132 59 62 72 1.2447456988840726 74 237 75 308 86 548 71 407 73 407 74 581 76 762 77 760 79 610 78 598 82 404 84 610 78 420 87 560
3666 3.9910265356437762 0.75500323698654381 1.0495674430326165 107 112 129 0.47655469537908013 78 249 81 110 86 239 75 80
3667 3.9151642206510222 0.7374019750761841 1.0234795743835106 107 112 129 0.73194071466696009 78 248 80 292 81 109 86 240 77 425 75 79
3668 3.5238801867637877 0.24094900947086936 0.70444195774924367 104 110 126 0.94526981251328412 80 263 83 361 84 506 86 444 82 148 75 558 74 317 77 550 79 354 81 244 76 461 87 467 87 523 85 466 88 631 89 566
3669 3.5882872135454207 0.19329304990471163 0.70533955990481545 103 108 124 0.6027084670305296 75 730 77 726 78 682 79 632 80 623 81 542 82 522 83 621 86 569 74 609 76 777 75 791 80 666 84 630 85 520
3670 3.5878803716836813 0.1932763672177672 0.70522550458428335 103 108 124 0.63938489829252643 75 731 77 727 78 683 79 633 80 624 81 543 82 523 83 622 86 570 74 610 80 667 75 792 84 631 85 521
3671 3.476994018839723 0.13115968584057508 0.74236384895540208 103 108 124 1.1862347029701632 75 790 78 733 81 544 83 623 84 633 86 571 76 776
3674 4.2783623079214612 0.74720041780327928 1.0277152501239748 108 113 130 1.0971361244699973 75 941 77 907 78 879 79 868 80 840 81 723 82 728 83 790 84 793 86 723 87 761 85 711 88 815
3679 4.1081870968556533 1.4290742791741924 -0.80190469713865131 231 231 231 2.1723090536015008 79 680 83 690 84 697 86 638
3681 5.2907450759817021 0.78618187803586759 0.38667456006379203 0 0 0 0.3134250569081839 87 5 88 52 92 163 98 229 103 289
3684 3.0738569322037956 2.0960612833343597 -0.50425220989944974 160 160 160 1.1117446455127067 86 147 87 23 88 245 89 371
3685 2.495820685083876 1.8884606166617139 -0.48796350359516455 231 231 231 0.031922034469548416 82 123 87 29
3693 2.5115442907090015 1.7198510883082712 -0.48659396278498063 102 108 124 0.99064821349782051 86 150 87 127 85 205 88 433
3694 2.3465415625747892 2.2786789041820779 -0.1593683079533961 231 231 231 0.78347276317569081 82 214 86 261 87 139
3702 3.3745231804514297 1.292776854407353 0.056470916423388938 0 0 0 0.26295325231158007 86 227 87 205 89 350 90 368
3703 3.1417128500765932 1.7868886810566553 -0.52703237564733818 8 8 8 1.4088311283770105 81 189 82 186 89 344 88 403
3704 3.1629401416600929 1.9668616574162761 -0.55754903046588622 8 8 8 0.38555469811309978 83 250 87 216 93 398
3705 2.4996494043604973 0.44366736864766426 1.4639937177594369 0 0 0 0.17498997139860048 71 102 72 21 73 102
3706 3.3499593661719413 1.2549025059947645 0.43973233098993564 59 62 72 1.1573569143300879 79 268 84 43 87 230 85 203 89 30 88 34
3707 2.5223915849672442 1.6930563227401119 -0.44848610902513664 111 117 134 0.38795682938338494 86 249 87 234
3708 2.5399268141110292 1.6907487523444642 -0.42602905372037014 111 117 134 1.7302891540520069 86 250 87 235 85 329
3710 4.4325774714148851 1.4889253445982586 1.945876554957555 231 231 231 0.64831624342189353 75 307 76 368 77 255 78 286 79 187 87 251
3711 1.5006861185826597 0.075998312733029483 0.0010861637536057598 231 231 231 1.1757019416686294 75 142 87 263
3713 5.1310892737095486 0.75373433794020306 0.42859818815178846 0 0 0 0.63667347635447802 76 578 77 526 87 274 85 380 88 496 90 463 93 417 92 462 95 414
3714 3.4618243069918084 1.2323155836875332 -0.48691547310521155 104 110 126 0.19927855305043476 81 151 82 145 87 279
3715 3.4694558322035296 1.236039917394858 -0.48878363820866455 104 110 126 0.3179527583466451 81 152 82 146 87 280 80 398
3716 3.5146011970149029 1.1002823538315072 -0.31042037777588988 105 110 126 0.10159401733416606 86 289 87 283
3717 3.5146011970149029 1.1002823538315072 -0.31042037777588988 105 110 126 0.10159401733416606 86 290 87 284
3718 3.5220971290548944 1.2352598674293875 -0.42107766565960425 76 81 93 0.62677667155761241 81 57 83 93 84 176 87 291 79 122 85 252 88 510
3719 3.5220505578979031 1.2350669392815947 -0.42163869812244847 76 81 93 0.66834097433739903 81 58 84 177 87 292 85 253 88 511
3725 3.4079836905861192 1.2664050113503018 -0.012957935457162692 130 130 130 0.48251939932822741 79 394 82 290 83 386 87 337
3726 3.4079836905861192 1.2664050113503018 -0.012957935457162692 130 130 130 0.48251939932822741 79 395 82 291 83 387 87 338
3727 4.328224634352706 1.2876005332867644 0.43360211543084459 59 62 72 0.6902710928355773 79 259 87 339 85 307 88 390 93 315 90 345 96 159
3728 3.3538007013379292 1.8716808377645073 -0.54328786106005855 231 231 231 0.59309982224770574 87 340 85 308 81 183 82 181 89 338 88 395
3729 3.3801211929701198 1.2808965706871605 0.075787625178980397 0 0 0 0.78688070902136131 77 590 87 348 85 314 88 407 92 327 113 218
3730 3.3801211929701198 1.2808965706871605 0.075787625178980397 0 0 0 0.78688070902136131 77 591 87 349 85 315 88 408 92 328 113 217
3732 3.893294603263902 1.2663415193263039 0.38387143787814559 109 115 131 0.12597086026688667 80 295 83 240 87 351
3733 3.3569711388885928 1.2914752821710846 0.10910181574573996 0 0 0 0.42663401748937629 80 433 84 216 87 354 89 363 93 393
3734 3.3569711388885928 1.2914752821710846 0.10910181574573996 0 0 0 0.42663401748937629 80 434 84 217 87 355 89 364 93 394
3735 3.3330139649603354 1.2615611561253091 0.16523024775432438 130 130 130 0.31267122285881765 78 539 79 406 82 303 87 362 80 438
3736 3.33148011013281 1.2607209760750047 0.16507478236035056 130 130 130 0.36157750060841287 78 538 79 407 82 304 87 363
3737 3.9399525104648978 0.76016399822020519 0.96849582174403437 60 64 74 0.41158838236108736 79 261 81 281 87 367
3740 3.3377036166428917 1.2721882050859648 0.21806406152489202 0 0 0 0.47234756861889027 77 610 87 373 92 447
3741 3.3371985319617705 1.2716428050021678 0.2178472037924909 0 0 0 0.42608089494934953 77 611 82 306 87 374 92 448
3742 3.385616600422896 1.2682180143390478 0.35760203312648148 59 62 72 0.62319654668132296 86 363 87 380
3743 2.655152924954995 0.27804006840489792 0.78173769124661874 112 118 135 0.44618206612702405 75 70 87 382
3744 2.5052679128441895 1.8302614903076369 -0.45851531440295268 114 120 137 0.083801027218451313 86 373 87 387
3745 2.4256937771894305 1.9669291942763887 -0.24468587045369589 0 0 0 1.1719338144622149 84 443 87 395 85 349
3747 2.4080615340276932 1.897775266833464 -0.11745647232872532 130 130 130 0.64706153819523005 79 548 81 367 82 412 83 452 87 403 84 450
3748 2.4080615340276932 1.897775266833464 -0.11745647232872532 130 130 130 0.64706153819523016 81 368 82 413 83 453 87 404 79 549 84 451
3749 2.3942359244564231 1.9144668088835597 -0.082406228374470827 130 130 130 0.60012093735819261 79 616 83 460 84 454 87 405 88 465
3750 2.3942359244564231 1.9144668088835597 -0.082406228374470827 130 130 130 0.60012093735819261 79 617 83 461 84 455 87 406 88 466
3751 2.3766108166923487 1.9617261260174372 -0.087433053800489297 130 130 130 1.1772570046789006 83 466 87 409 79 550 82 424 84 457 81 526 85 493 88 600
3752 2.3779327284672505 1.9623551966432984 -0.090183097230784326 130 130 130 0.44935581344787423 79 551 82 425 83 467 87 410
3753 2.3382125138186542 1.9642365812368532 0.04482196010418437 0 0 0 0.05009562684546455 86 410 87 421
3754 2.3382125138186542 1.9642365812368532 0.04482196010418437 0 0 0 0.05009562684546455 86 411 87 422
3755 2.3504887477286234 2.0421035330247088 0.12923503238856343 59 62 72 0.9176161901769847 82 443 84 311 86 416 87 426 81 399 79 562
3756 2.3973322555833718 1.9866391247248654 0.25369777036878693 118 124 143 0.39443930084724133 79 560 87 432
3760 3.4896187289780443 0.78823996980637256 -0.065057775521976877 106 112 128 1.3720439252153103 79 212 82 140 87 443
3761 3.6599895763922636 1.5278438297178456 -0.76100203860653892 103 109 125 2.1023199863458357 79 365 84 336 87 446 85 387
3762 3.5838021115707552 0.94043440408053036 -0.16849582935744994 104 109 125 1.47432507067806 78 485 81 236 87 450
3763 3.4558741832812876 0.14827304324493865 0.63578259865848408 102 108 124 1.3639508518405601 81 146 86 288 87 456 84 173
3764 3.490629087038625 0.86306703637813376 -0.04302601933851509 105 111 127 0.8944371721700759 78 493 79 355 80 392 82 252 83 346 87 458 77 556 84 179 85 402 88 580 89 525
3765 3.4843848500715486 0.86133804415570214 -0.042265848994985734 105 111 127 0.6976579247297986 78 494 79 356 80 393 82 253 87 459 77 557 83 347 85 403 88 581
3767 3.3645124728743587 1.2793863391345934 0.10078450464772983 130 130 130 0.7194918841730048 78 637 81 282 84 395 87 474 79 401 83 241 85 413 88 587 89 480 90 437
3768 3.3645124728743587 1.2793863391345934 0.10078450464772983 130 130 130 0.7194918841730048 78 638 81 283 84 396 87 475 79 402 83 242 85 414 88 588 89 481 90 438
3769 3.3824895916922366 1.6450168550979765 -0.050968087182588322 112 118 135 1.0734442328955576 86 353 87 477 88 590 89 483 92 500
3770 3.3684255716083435 1.2786981410046556 0.3628895260578634 110 116 133 0.88107944605375244 86 466 87 479 85 544
3771 2.4945223535587453 1.1913928582132955 0.26478357691309118 115 121 138 0.87822988526538159 77 701 78 658 87 495 81 332
3772 2.5408333914249375 1.2296008203490845 0.27512271694560314 115 121 138 0.28265038428148476 84 440 87 496
3773 2.5392815783373321 0.42984493174339655 1.0754547245745145 130 130 130 0.37063941234294157 83 524 87 499 79 459 80 470
3774 2.5384762407663195 0.42939432892105611 1.0749451709833326 130 130 130 0.49170056201669554 81 329 83 525 87 500 77 460 82 346
3775 3.6459201780714361 1.5014995407255709 -0.77235295572281759 59 62 72 1.5092057556272409 84 493 87 512 85 509 88 568
3778 5.0257231911711573 0.63205999468413354 0.55765043594580699 219 219 219 0.95519260661999172 75 733 76 729 77 674 78 622 79 575 80 550 81 421 82 458 83 489 86 509 87 515 85 449 88 618 89 516 90 515 93 460 92 510 94 500 91 500 95 445 97 349 96 314 98 351 12 102 6 74 8 39 9 17 5 199
3779 0.71803774392674291 -0.9580082101952454 1.2554264096650489 0 0 0 0.17757179145849067 69 203 70 217
3780 2.6039658071160567 0.39106534686002942 0.96363334093926434 130 130 130 0.69234852221969434 76 690 83 587 87 544 85 561
3781 2.4040768369541854 1.9049432691897259 -0.09184551123358671 0 0 0 0.68958294121960795 81 462 82 499 84 547 87 549 79 614 83 455 85 492 88 599
3782 2.4040768369541854 1.9049432691897259 -0.09184551123358671 0 0 0 0.68958294121960795 81 463 82 500 84 546 87 550 79 615 83 454 85 491 88 598
3783 2.5448519493946509 0.45100452985697637 1.1002704703355644 130 130 130 0.60027518761245247 79 470 80 479 81 342 82 355 84 542 87 553 83 439
3784 2.5448519493946509 0.45100452985697637 1.1002704703355644 130 130 130 0.60027518761245258 81 343 82 356 84 543 87 554 80 480 79 471 83 440
3785 2.5033509211169007 0.67230986914856417 1.2013580732273694 59 62 72 0.46810484288608095 78 419 82 403 87 559
3790 3.611082609398907 0.17974302165914663 0.66106689375285477 104 110 126 0.88237104996942972 75 531 77 524 78 463 79 336 80 371 81 423 82 239 83 496 84 502 87 573 85 587 88 672 89 611
3792 3.4514764348623208 1.2232961636433337 -0.12336065729574539 130 130 130 0.83526273104024418 78 748 87 580 85 525 88 633 90 605 86 581 94 575 91 575
3793 3.368980038683786 1.3180987998644922 0.043547760103389496 130 130 130 0.33409354661367296 78 755 79 713 80 694 87 587 85 531 89 574 93 524 92 555 6 200 10 195 8 226 5 232 2 215 4 215 7 128
3794 3.189305372494593 1.9930652147697934 -0.47821314668161241 111 116 134 1.0385073087966137 82 657 83 707 87 597 85 541 89 658
3795 2.7065754292534958 1.8030820935772949 -0.29017325556989754 231 231 231 2.0063225042972785 86 469 87 605
3796 2.551749925247103 1.4180389585848072 -0.0079800762145654496 0 0 0 0.9760189492307948 86 532 87 610 85 487
3797 2.9967573045649125 1.3250263419573614 0.47397392078990708 59 62 72 0.017388701770534361 86 538 87 612
3798 4.2637858463871661 1.4992269506434444 1.9356134549348201 87 81 78 0.40185826747326447 79 537 87 621
3799 2.3682457553875018 1.8731761359820056 0.27234663758842398 59 62 72 1.4950275798988719 83 686 84 611 87 623 5 692 9 500
3801 4.8527237937774252 1.474620324602441 -0.46681346222137399 59 62 72 1.2699186336022663 81 665 87 629 78 921 79 911 80 870 82 760 83 734
3802 3.5424602987647944 0.17210415645653696 0.67398988564546414 59 62 72 0.38378765294115663 77 718 78 673 81 490 82 517 87 638
3803 3.316416597211266 1.4242684851658216 0.060891684338155484 130 130 130 0.51323368709378947 84 711 87 646 85 596 88 727
3804 2.3741310118124845 1.9681228867185472 0.25298291681681079 117 123 141 1.6167545453568846 83 607 84 612 87 667
3805 3.7174316651696677 1.2070502584160052 -0.51429022937054247 59 62 72 0.74963492723036396 86 640 87 672 85 620 89 636 90 649 93 589 92 604
3807 4.7886797420895366 0.51644600405490559 0.76277000721964006 68 67 67 0.92471126382780688 75 891 76 867 79 855 80 822 81 624 82 715 86 678 87 678 77 901 83 737 85 628
3808 2.5494937125326507 1.4476765831025922 0.0069775564742806948 115 120 138 1.1455162629645745 79 886 80 857 81 638 82 669 83 713 84 719 87 690
3809 3.5404114741101833 0.84996929716450376 -0.16267144219139235 69 72 84 1.8350240778817404 83 733 87 708 85 662 88 786
3819 3.3716064374573698 1.5907873153567074 -0.042820799690692891 0 0 0 0.66428211352551225 86 687 87 726 85 677 88 766 89 657 90 643 93 607
3821 2.3358152903585574 2.2739293551227178 -0.18225972396160214 231 231 231 1.9708669358583986 82 750 87 738 85 695
3827 2.3774665752824022 1.84436286011712 0.35578012497115774 59 62 72 1.4639464683245897 81 778 87 790 14 368
3828 3.4594670960420597 1.0662782832014437 0.063591180507349576 130 130 130 1.0419586194254473 81 502 84 582 86 520 87 581 82 579 83 633 86 582 79 695
3829 3.34280782642228 1.4932169770576234 0.050285916188863931 59 62 72 1.087849747894911 78 824 79 727 81 574 82 605 84 654 86 601 80 705 87 598 82 535 83 580 86 526 85 598 88 687 89 619 90 576 89 536 93 534 92 502
3838 5.4103871756693094 0.82251261284069788 0.38560984196018427 218 218 218 1.4019294253958769 87 438 81 416 83 485 90 456 75 665 82 236 89 455 81 230 79 337 92 457 94 418 91 418 95 407 97 290 96 281 98 301 103 344 12 0 101 385 84 573
3854 5.2932011434334196 0.68038633376717872 0.50961689008417999 0 0 0 1.3490452649952931 85 5 89 36 90 185 87 6 93 65
3855 5.1605256083414064 0.67668290349998617 0.51661451164076178 220 220 220 1.6009494479648856 83 9 87 9 85 8 76 28 79 21 88 185 89 163 90 265 93 243 92 364 94 385 91 385 95 353 95 380 96 266 98 308 103 332
3856 5.1572590474540059 0.67183800960527118 0.52080819185863436 220 220 220 0.31113322102381408 79 22 83 10 87 10 85 9 89 164 90 266
3858 8.1777765219825405 1.2273429864421104 1.576365963818471 231 231 231 1.179277297920492 74 185 75 193 78 57 87 108 85 21 88 217 77 195
3860 6.4449547049960483 1.4667048320332456 0.73401887451078329 25 25 25 0.88304391450903674 84 28 85 24
3861 6.4449547049960483 1.4667048320332456 0.73401887451078329 25 25 25 0.88304391450903674 84 29 85 25
3862 2.4984567692339184 1.5846860403468581 -0.17797664304173816 115 121 138 0.3526434621895092 83 180 85 38
3864 7.3084784598193506 0.46959644710033893 1.308920343593305 231 231 231 1.3094528770516953 75 161 83 189 85 53 76 18 87 268 86 280 78 313 88 175 89 392 90 252 92 356 97 194
3866 5.1567758612356425 0.68517930569688956 0.50516466558488959 220 220 220 0.84611300569660075 75 11 80 18 85 59 79 23 83 11 90 267 93 162 92 236 94 381 91 381
3868 5.1025108102178605 0.6810920933678648 0.51187184712707012 0 0 0 0.83745671539683697 85 61 88 188 76 249 90 275 96 238
3869 6.6122746783599018 1.6306996561056168 0.41323354238457455 231 231 231 0.94055308840472707 84 87 85 79
3871 8.1595378427570484 1.9821629193780559 0.6778371971128857 231 231 231 1.7789355472898376 85 85 86 124 87 181 80 195 75 204 88 94 77 207 75 371 79 143 85 83
3874 8.1120151145539179 1.0580517786108732 1.7492749126197817 231 231 231 0.9306157838862763 75 31 76 52 83 128 86 133 85 92 75 36 89 77
3876 3.3445237631895486 1.9486199589181434 -0.46005477341164702 231 231 231 1.0837268134217457 82 485 85 97 79 601 84 525 88 540
3877 2.4799819917536796 1.8027438011674746 -0.45308528234959 114 120 138 0.30606064764810809 86 253 85 107
3878 2.4799819917536796 1.8027438011674746 -0.45308528234959 114 120 138 0.30606064764810809 86 254 85 108
3879 2.419219209648837 1.9543397889775764 -0.24868989388911955 0 0 0 0.1966115528734303 81 134 85 112
3880 7.059562801046626 1.3365387181557857 -0.13264863384062664 231 231 231 0.91577723227154262 85 117 89 148 93 148 92 154 94 123 82 128 91 123 95 142 97 77 98 87 96 71
3881 7.0583952747129164 1.336150229702902 -0.1320212208992195 231 231 231 0.84099772458880362 85 118 89 149 93 149 92 155 94 124 91 124 95 143 97 78 96 72 98 88
3882 7.2354215479274586 1.4175105663379515 -0.11469601465511647 231 231 231 1.2627997731772627 85 120 89 150 93 150 92 156 78 307 94 127 77 305 79 195 86 168 91 127 88 170 95 144 97 79 96 73 98 89
3885 3.7664375798488616 0.27398450435786148 0.66394867291071891 106 111 128 1.4137499869616457 78 168 80 26 85 152 81 16 93 301
3887 8.1144332646203594 2.1419612096194678 0.47839912876752194 231 231 231 0.46984481290260294 75 381 77 378 81 77 82 92 86 118 87 174 85 161 83 113 88 205
3888 8.1279279803981215 2.3046248370309983 0.39333417307971685 130 0 0 0.41441057853122321 77 219 79 150 81 92 86 201 87 186 85 177 75 395 78 346 80 271 82 160 83 218 88 211 89 180 93 178
3889 8.172885336012083 2.3186753445065338 0.39579304410188565 130 0 0 0.39434411720108248 75 396 77 220 79 151 81 93 86 202 87 187 85 178 78 347 80 272 82 161 83 219 88 212 89 181
3890 8.1764486036514743 1.2174808754602369 1.5482143254062741 52 52 52 0.53162755650756754 76 480 77 360 78 330 80 266 81 82 83 217 86 203 87 189 85 179 75 189 88 216
3892 2.5762302457223094 0.43556098210634575 1.0373590059319622 0 0 0 0.5148912771001507 87 402 85 217
3893 2.3565695947031853 1.9685040054644267 -0.0063291849404361932 130 130 130 0.12584781369695633 87 254 85 220
3894 2.3565695947031853 1.9685040054644267 -0.0063291849404361932 130 130 130 0.12584781369695633 87 255 85 221
3895 5.0979882660288212 0.77630425421988625 0.39024542768718695 0 0 0 0.85981904435908674 75 338 79 115 83 82 85 240 87 272 87 145 88 492 94 427 91 427 96 263 91 383 94 383 98 283 103 315 101 348 101 368
3896 5.1040545281775369 0.78087161327246002 0.39143906668522227 0 0 0 1.2657334981735251 75 337 79 114 83 83 85 241 87 273 87 146 88 493 90 270 94 268 91 268 95 250 97 204 91 384 94 384 96 264 98 284 103 316 101 349 101 369
3897 8.1529876327615352 2.1767529991091519 0.51246228515659031 41 41 41 0.64395465404914365 75 591 77 571 78 505 79 230 80 402 82 262 83 366 87 302 85 259 81 169 81 255 88 352
3898 8.2559493610055323 1.2049161995638911 1.5269028780276122 52 52 52 0.46016111846714197 76 470 77 355 79 226 80 264 82 150 85 261 75 345 81 167 83 215 87 303 78 329
3899 8.1260159937240868 1.9304836114940933 0.97081185593281427 25 25 25 0.33277594940533484 87 313 85 275 89 302 79 376 77 576 78 630
3900 7.1177720548951982 1.6386440126667718 0.82394730595876797 25 25 25 2.3455426941278166 84 372 87 314 85 276 89 303
3902 3.4574426982182489 1.0524323385135312 0.06464359800219141 130 130 130 0.79443046481615165 78 521 84 373 85 305 88 537 93 435 90 434
3904 3.3551241611706129 1.327058781119524 0.042775978378602121 130 130 130 0.21717650083151036 78 532 85 316 88 411 89 355
3905 3.3551241611706129 1.327058781119524 0.042775978378602121 130 130 130 0.21717650083151036 78 533 85 317 88 412 89 356
3906 2.4985250325178545 1.7926627309250867 -0.51155166715930045 59 62 72 0.18533946901819404 81 303 85 332
3907 2.4836018371135693 2.0192833055998523 -0.53855803682532155 231 231 231 0.64443564080542892 84 434 85 341
3908 2.9864687654557769 0.76057181602451607 0.99725770867837327 110 116 133 0.48597655851858113 78 389 85 344
3909 2.4171994763517706 1.9538707751135196 -0.24571410138926478 0 0 0 0.37119254272898838 81 363 85 348 82 408 89 383
3910 2.394054542710311 1.9064275299006186 -0.10259582026503923 130 130 130 0.3552894092092222 81 370 82 212 85 356
3911 2.3945577858005866 1.9072179252811359 -0.10319456557480126 130 130 130 0.28408551460105674 81 371 85 357
3912 0.86771275276201465 -0.81987559089997608 1.3108579927289639 0 0 0 0.23580649754306313 66 179 68 201 69 213
3913 2.3548179871519097 2.0050829276383459 -0.052541700941265153 130 130 130 0.17530507638711262 83 470 85 365
3914 2.3334123141711118 2.0968640957262967 -0.11471405896878931 0 0 0 0.92554453638841916 84 461 85 366
3915 5.1309317961282757 0.70451496069746766 0.48307335256876333 0 0 0 1.2605315483472894 75 536 77 327 78 317 80 245 81 144 82 238 83 339 86 282 87 441 85 381 79 204 88 497 89 460 90 464 93 418 92 463 94 465 91 465 95 442 97 321 96 311 98 346 103 362 103 381
3916 5.1216224425144858 0.79266300568315085 0.41134649321491351 220 220 220 1.0357074513300097 78 321 86 179 85 382
3917 5.0251968007846202 0.70983272371172468 0.47627348667940878 220 220 220 1.4562246061094952 77 335 78 320 80 252 85 383
3918 6.742435903947567 0.62325210312802137 1.3024653437346392 61 64 74 0.60233943092289099 75 341 77 343 79 222 83 356 85 396 76 583 88 503 89 403 90 403 92 421 94 380 91 380 95 352 97 231 96 199
3919 3.0568120375735326 2.049736055760131 -0.49753980810346915 231 231 231 0.85543651359498663 87 478 85 419 88 542 86 364
3920 2.9422358495335312 1.2897081964092139 0.46270349389400767 59 62 72 0.31075286846252176 87 493 85 427 88 648 89 544
3921 7.4070834801701197 -0.2685022758514225 1.4473739830931893 231 231 231 0.87000390767248137 79 314 80 352 85 434 71 249 73 249 89 499
3922 5.0253606055696256 0.78543857649744342 0.37720583364192839 220 220 220 1.1362647079586548 75 668 77 728 78 623 80 552 81 419 82 459 83 488 86 507 87 513 85 446 88 615 89 515 90 561 93 459 92 508 94 499 91 499 95 443 97 346 96 312 98 348 103 382 101 402 6 75 10 37 9 128 5 30
3923 3.5235478428932594 0.24068850144988929 0.70441755281342489 107 112 129 0.99551221878980678 80 262 83 360 84 505 86 443 85 465 74 316 77 549 81 243 82 147 87 522 75 557 79 353 88 630 89 565
3924 3.7275258922441985 1.7766176510095231 -0.091526902102247384 231 231 231 2.0382093987667282 87 526 85 470
3925 3.7275258922441985 1.7766176510095231 -0.091526902102247384 231 231 231 2.0382093987667282 87 527 85 471
3926 3.9278909602497283 0.77002113292295582 0.98816342099749244 59 62 72 0.4908810207781501 77 684 79 399 81 442 82 299 85 475 74 509 88 589 90 546 93 479 92 520
3927 2.3771955294738483 1.9634622687512102 -0.084969992581491863 130 130 130 0.31990748318153822 81 527 84 458 85 494 88 601
3928 3.7289871764795683 1.4343443369418309 -0.82252427764346803 59 62 72 1.5884052114735145 84 321 85 501 79 572 81 224 79 338 82 234 89 548
3930 5.2023899824868538 0.65885559501528213 0.54243520508836096 0 0 0 0.30793798633544212 75 729 77 722 78 675 79 570 80 615 81 482 82 514 83 553 86 506 87 569 85 507 76 727 88 613 89 513 90 556 93 495
3932 4.8795631478016244 0.83431058627484445 0.33711181019841396 119 117 117 2.2738972056200266 78 734 85 512
3933 3.5173026962905696 0.81641912986441578 -0.08113159106369984 59 62 72 1.2058434219779057 77 730 78 685 85 513 88 669 89 557
3935 8.2172117377248295 1.2759027768453879 1.5367010644113894 231 231 231 0.85766105331598907 75 793 76 779 81 501 82 578 83 630 86 579 87 578 85 523 77 792 78 742 77 732 78 687 74 615 89 524
3936 3.355254630479068 1.3202603832221003 0.096142664206594244 130 130 130 0.43335735059836167 77 859 78 760 80 699 85 538 93 528 13 248
3937 2.4261132231631128 1.836578600227267 -0.08386198539132049 0 0 0 0.023895454845638202 87 615 85 564
3938 2.4298942847411906 1.8420479284779199 -0.08399640235345214 0 0 0 0.11564766909260289 87 616 85 565 88 654
3939 2.5270754991112461 2.3745653984482393 -0.32454198727575606 231 231 231 2.7285175744195156 87 618 85 566
3941 3.3064389790465514 1.4178930908158118 0.059280134249739262 130 130 130 0.4906085892959981 87 647 85 597
3948 3.509344373389562 1.4417152374393261 -0.80636913623256956 59 62 72 1.1746540334332591 79 854 81 668 83 692 84 699 85 661 88 749 89 637 90 669 93 619 92 624 7 541 2 528 4 528 5 781 8 612 9 541 10 709
3950 8.0290897549406761 2.0284525820812975 0.70627504221139636 41 41 41 1.0486848431770768 77 959 80 872 85 668 75 937
3951 8.0662832392676709 1.4841941115312121 1.3836746630585208 25 25 25 0.69415525627543784 76 901 79 860 80 827 83 785 86 718 87 720 85 670 75 929 77 951 78 924 81 717 77 903 78 869 82 721 82 764 88 756 89 645
3952 8.0388287355472272 1.479246002364617 1.3774428376219503 25 25 25 0.56633811402849765 75 930 76 902 79 861 80 828 81 718 83 786 86 719 87 721 85 671 77 952 78 925 82 765 77 904 78 870 82 722 12 607 11 576 6 673 13 567 10 884 8 790 9 707 5 959 2 937 4 937 7 728 14 456
3953 3.9501717362839082 0.6667658086899777 0.99744616624595062 59 62 72 1.1568731729341521 87 724 85 673 89 675 90 678
3954 2.5472343745079442 1.6859911046982055 -0.47387443365259813 231 231 231 1.6218254476313076 81 632 82 658 86 727 85 678
3956 2.5453425457250156 1.7188516321937115 -0.4364893003987475 59 62 72 1.2243178174825919 86 728 85 717
3958 6.6308345162612472 0.65932980443481937 0.97871844917353723 117 115 115 1.4677016528799292 86 744 87 772 85 723 76 932
3959 7.9232115702528141 1.9947922287643742 0.90003156356438629 231 231 231 0.56872143774018002 77 995 78 957 79 941 80 898 81 755 82 808 83 821 86 752 87 753 85 727 75 989 88 809
3960 7.8396704592910433 1.4128896780754383 1.5415367939445279 231 231 231 0.91882195205314821 75 967 77 993 78 956 79 940 80 897 81 756 82 807 83 822 86 776 87 780 85 728 76 951
3961 3.3748469926731413 0.79081794934657512 1.0200334977621206 60 64 74 1.5166708981956885 76 524 77 456 79 437 83 425 84 429 82 192 75 687 83 274 85 338 86 255 87 248 88 439 90 390
3962 2.4236700475211324 1.8213517724169168 -0.081626549636266296 0 0 0 0.46299787759757094 81 365 82 410 86 379 85 353 83 448 84 446 87 397 88 554
3963 3.8242895425666852 1.2386232586421226 0.37436859284065388 107 112 128 0.67387741933138223 80 294 83 239 87 350 85 198 84 127 86 141 87 211
3964 3.1589565343068826 1.9895375031562568 -0.55753522023609892 8 8 8 1.6434800598108532 83 165 82 191 85 323 84 136 86 236 88 423 93 402
3965 8.4362190469034477 1.0953926091421855 1.8460864149660241 231 231 231 1.927961294236171 77 187 81 91 82 95 85 93 75 185 78 192 83 222 75 30 86 132 87 114 85 91 83 127 79 41 88 106 89 76
3968 8.0999440118321662 1.9272314252719025 0.67738656396499186 52 52 52 0.42808536483430926 75 370 77 368 78 337 79 229 81 168 82 152 83 210 86 117 87 171 85 157 88 204 12 15
3974 2.3916599604814155 1.9494654074477162 -0.10265614207282611 0 0 0 0.093145840533406077 87 693 85 647
3975 6.5311786420609819 1.4712872938736663 0.62928647547036498 231 231 231 1.8461693570513233 84 738 87 715 85 666
3977 7.9782830843563497 1.8191440445842588 -0.73499535853105957 0 0 0 1.1001733278344694 81 1 85 46 88 0 90 1 93 2 92 24 92 23
3978 4.8554032605452333 0.51903221083355933 0.81190476658111221 68 67 67 0.51378260182794577 88 15 92 194 86 187
3979 5.3122126810111538 0.64838970674792329 0.53697565216034326 220 220 220 0.46969918705944197 80 143 88 53 75 165
3980 5.3041020161246699 0.72613027633442095 0.45872892950395217 0 0 0 0.44407065805180407 86 11 88 54 93 64
3981 3.9222136105935248 1.3569207336506892 -0.4248660120651539 231 231 231 2.1649245398333434 85 71 88 62
3982 3.9222136105935248 1.3569207336506892 -0.4248660120651539 231 231 231 2.1649245398333434 85 72 88 63
3983 7.9609431920784006 2.0630513826364338 0.47199698904444304 52 52 52 1.5039763707696066 75 207 78 206 80 193 87 95 88 75 83 107 77 209
3984 6.753060145418921 1.6880565315397151 0.39093445194024812 231 231 231 0.1761552721842285 84 21 88 86
3985 8.0630242605189792 1.9486211074556423 0.67864057067451966 231 231 231 0.83073892844382213 75 203 80 194 88 93
3986 2.8949808679925204 1.9974788336682039 -0.44479474829640037 8 8 8 0.6066819452912553 85 100 88 159
3987 2.5206737417503842 1.769463394005079 -0.45201127700864835 231 231 231 0.14113845912834644 85 420 88 162
3989 3.7096714186625963 1.1631249076974057 -0.3505030578346251 231 231 231 0.41744809824577223 85 12 88 194
3990 5.0721179266877536 1.8654347511142397 -0.55418333140553866 231 231 231 0.15452768393523969 86 184 88 195
3991 8.055457590581268 1.913518295473795 0.67399440943851419 52 52 52 0.28005244689272979 83 209 87 170 88 203 86 116
3992 8.1452065390077024 1.2160409793409648 1.5402666435855981 52 52 52 0.48806034405573329 75 190 82 87 83 23 88 215 81 83
3993 3.3565620236608793 1.8945399354427803 -0.56247994515787281 8 8 8 0.3010841146014217 79 264 83 137 84 121 88 237
3994 3.3565620236608793 1.8945399354427803 -0.56247994515787281 8 8 8 0.3010841146014217 79 265 83 138 84 122 88 238
3995 3.3641559831240833 1.3278587438714586 0.069871261443150465 0 0 0 0.50387704074850026 84 125 87 124 88 241 83 245 93 212
3996 3.0379084266761929 2.0894031841181095 -0.49987397492120977 8 8 8 0.33677945036223883 85 202 88 246
3997 7.9039547728099659 1.766134872714054 -0.7114592741013781 231 231 231 0.89326995219161787 78 606 79 315 80 354 81 215 82 218 83 319 85 222 87 260 88 300 77 663 89 240 90 241 93 222 92 152
3998 6.8278432348737583 0.50665732520035911 0.75228972101236236 112 110 110 0.60249066934196649 78 452 79 320 80 361 81 406 82 224 85 373 86 273 88 304 75 509 76 557 77 507 89 442 90 453 90 506 93 407 92 455 94 414 91 414 95 404 97 287 96 256 9 16
3999 7.0517083643853384 1.3978458065290318 -0.063192429992503213 59 62 72 1.1629150706968192 77 311 85 122 88 306 90 48 95 234 97 40 99 32
4000 3.6539249207442555 1.431622701098697 -0.81682238339902324 231 231 231 0.79216194808563534 87 142 88 312
4001 5.273881334857446 0.75174754782659348 0.42335350818425205 0 0 0 0.85725012715913051 86 176 88 320 79 107 85 126 76 244 89 255 82 4 90 397 93 238 76 245 92 361 94 379 91 379 95 378 97 263 96 259 98 281 103 330 101 366
4002 3.5429189921516278 1.4393861844246554 -0.786561741458085 231 231 231 0.43689079158017463 85 234 88 327
4003 3.5429189921516278 1.4393861844246554 -0.786561741458085 231 231 231 0.43689079158017463 85 235 88 328
4004 3.6329815648634072 1.4787426165832067 -0.7912528894110038 231 231 231 0.99700157225156782 85 238 88 330 89 261
4005 5.0229719851936396 0.65601740257767016 0.567693602446526 120 118 118 1.9744773090043268 75 339 88 337 89 274 93 258 92 260
4006 8.22305097742111 1.6455151844371003 1.1526429641825802 25 25 25 2.0255684090519797 77 565 88 359 85 268
4007 6.7969789153394222 1.2248994109732485 1.0055592075977433 25 25 25 2.430648081060482 84 366 87 311 88 361
4008 8.2092732793501124 1.4670115636017362 1.3578327686821507 25 25 25 1.396282819837839 83 370 86 305 88 363 75 574
4010 8.0193207545912202 1.3287928950126133 1.6116715873222396 41 41 41 0.063687532774630434 82 163 88 370
4011 3.2432454639298345 1.9042227529239661 -0.55914761336060603 8 8 8 0.032157790930364666 87 208 88 404
4012 3.3460505391575777 1.2823414836276978 0.15079162071496324 130 130 130 0.4924337313389211 78 540 80 440 88 420 79 408 89 368 80 296 93 331
4013 3.3451975545763064 1.281699356156671 0.15048274288988092 130 130 130 0.52015683766891185 78 541 80 441 88 421 79 409 89 369 77 606 93 332
4014 3.1550544439740449 2.0073089888823019 -0.55652443715975453 8 8 8 0.86662360745106926 87 220 88 425 86 238
4016 2.5407498237816526 1.6684790236184341 -0.44448145003343609 8 8 8 0.41774601616464418 81 198 88 431 83 264
4017 3.4156121314582251 0.73935443281625723 1.0232638161693315 116 122 139 1.2116054988702001 87 243 88 435 89 373
4018 2.5122931667501489 1.20589337370438 0.27234172310856641 115 121 139 0.22141918886304618 85 345 88 453
4019 2.5122931667501489 1.20589337370438 0.27234172310856641 115 121 139 0.22141918886304618 85 346 88 454
4022 7.7408731007169171 1.6827204248752854 -0.72575830549727649 0 0 0 0.80994467402627257 83 539 88 473 89 440 79 567 80 610 81 474 82 507 78 670 90 451 93 406 92 351 94 246 91 246
4025 8.0611523695209506 1.8252671745533744 0.89161018902622513 25 25 25 0.60203207644745715 79 592 80 564 82 261 88 514 75 740 81 257 86 519 87 306 82 159 89 407 12 351 6 378 6 89 12 119 13 344 8 506 7 173 15 234
4026 3.4545184909529625 1.222775998333085 -0.13552867246022413 130 130 130 0.89809598279549196 79 380 88 535 89 332 90 536 93 313
4030 5.3981307220761261 0.65436647041716223 0.57653714762146235 220 220 220 0.76790861281900769 77 671 79 331 83 487 86 431 87 439 88 564 75 664 76 676 82 235 93 415 92 458 94 464 91 464 95 409 97 292 96 287 98 320
4031 4.1702963359507734 0.68191732233406177 0.98874769860336897 0 0 0 0.73671393276147334 79 157 81 274 82 282 83 394 75 599 77 582 78 523 80 416 86 522
4032 3.9172850831474406 1.2439838659673996 0.42623973414509658 59 62 72 0.3949676198026375 78 695 82 484 83 514 88 586 90 543 95 461
4033 7.9565400746962398 1.8547158278232596 -0.67591225545924571 0 0 0 1.0363078291423002 78 726 81 476 83 541 85 497 88 602 82 508 86 552 87 506 89 500 93 450 92 451
4034 7.4491506907750384 0.64912451678828864 1.1210999805998967 59 62 72 1.2570369307051246 79 328 85 504 86 430 88 607 85 438 89 450 89 507 90 554 92 505 94 373 91 373 97 259 96 233
4035 5.1211235791138128 0.71922001769433974 0.452162252147503 0 0 0 0.86916275633524787 75 732 77 672 78 619 80 616 83 554 86 505 87 570 88 614 76 730 79 571 90 557 93 496
4036 3.6393193865144067 0.85525551633549102 -0.13848606388759752 93 98 112 1.0362305409525776 85 444 88 617 87 270 89 518
4037 3.6144984942763063 0.1252688873355049 0.70984607663093924 88 93 108 0.61390990851128346 85 461 88 626 89 563
4038 2.399032836156076 1.8918271167495895 -0.091039562676864916 0 0 0 0.20935354432279762 85 568 88 656
4039 3.6587878501297149 0.18977847020134408 0.64872446748415857 59 62 72 2.2445220744326564 87 519 88 671 86 514 83 490 84 576 89 561 84 501
4040 2.4891140854822442 1.5730301803407238 -0.19471423502081145 115 121 138 1.4143911927821895 85 554 88 695
4041 2.4966842228955017 1.5837805705343531 -0.19798013046495982 115 121 138 1.7731888838816658 85 555 87 652 88 696
4042 7.3438703512537744 0.42254743632229563 1.3395025261275246 231 231 231 0.54359543925726106 77 785 78 730 79 681 80 662 81 618 82 567 83 695 85 618 86 642 87 632 88 708 75 842 89 593 90 583 93 546 92 528 94 496 91 496 95 466 97 340
4043 7.3438703512537744 0.42254743632229563 1.3395025261275246 231 231 231 0.54359543925726106 77 784 78 729 79 682 80 661 81 619 82 566 83 696 85 619 86 643 87 633 88 709 75 841 89 594 90 584 93 547 92 529 94 497 91 497 95 467 97 341
4044 3.7312907744967592 1.3016015170990829 0.38201110283822659 86 80 77 0.84501285733297982 85 594 88 723 89 652
4045 3.7312907744967592 1.3016015170990829 0.38201110283822659 86 80 77 0.84501285733297982 85 595 88 724 89 653
4047 7.6433978720674673 0.63041115330076081 1.151376187904108 59 62 72 0.91322637502876036 76 865 77 842 78 861 79 777 80 812 82 645 86 676 87 706 88 745 75 888 83 693 93 585
4048 7.1636436070113003 0.5990447334331489 1.2160786990485792 107 112 129 1.1415218883140665 79 782 80 746 81 621 82 647 85 623 86 677 87 675 88 748 89 632 90 622 93 587 92 599 94 555 91 555 95 497 97 386 96 363
4050 3.6579874032250106 1.4401599333348747 -0.78622332577843634 59 62 72 1.9318216181897254 83 731 87 707 85 700 89 668 88 785 93 636
4051 2.5187374930358351 1.2178486137629358 0.2371574072681891 115 121 139 1.0899508221184984 85 683 88 801 89 684
4052 5.9973767277127452 1.3742724922185008 -0.015230549318038546 119 116 116 0.48837515783385116 88 803 81 666 77 945 79 852 80 820 82 712 78 918 81 711
4053 3.6864319842804703 0.10689090872060833 0.76748250421745601 68 72 83 1.2773838503680961 85 703 87 747 88 808
4055 7.6039062404205442 1.0638230533318283 1.6385204755168523 41 41 41 1.9147423268324668 85 708 86 720 87 751 88 758 89 646 90 638 93 601 92 610
4057 3.5827257286400078 1.1087881843049878 -0.32711350185947369 8 8 8 0.22170349819798874 88 9 89 16 93 82
4058 2.9311410543609413 1.2457763786574874 0.43172952963678929 59 62 72 0.65841142708101119 75 121 77 122 78 122 79 84 89 31
4059 3.7145970410995504 0.81383666304278501 -0.057936089312446599 81 86 99 0.23823780301800002 85 63 88 59 89 47
4060 3.6223665247186743 1.1400335947304212 -0.32696796100891196 231 231 231 0.67372770436754692 88 11 89 68 90 419 93 282
4062 7.9214150232441707 1.1231908210878401 1.8180483532390053 41 41 41 0.57155417765941641 86 209 89 90
4064 2.4145056477652895 1.9462136751784247 -0.24816734424386289 0 0 0 0.022688183930908254 85 113 89 145
4068 3.7988884450234495 0.88664748776368574 0.044749083728631255 108 114 130 0.5877176373222891 86 29 89 186 87 84
4069 8.1441336935346911 1.5077377813311017 1.488448573758089 25 25 25 0.6431609006616591 78 83 82 167 86 308 89 192 87 315
4070 8.1866092683998719 1.5173642087728121 1.4994649358240912 25 25 25 0.73049296636034455 76 66 78 84 89 193 86 135 87 120 90 18 93 293 82 269
4071 3.5576515827083615 0.31546313650523955 0.68395860166301858 80 84 97 0.65418832363737134 88 145 89 219 90 497 93 312 92 494
4072 3.3694074716672939 1.2868488851360309 0.052363579666278748 0 0 0 1.944392014871978 82 103 89 225 92 326
4073 3.3326849686421163 1.5323954283959218 -0.020755889853103292 59 62 72 1.014030382160934 85 324 89 229
4074 6.9234001175329647 0.95340961830588555 0.18407433533790335 59 62 72 1.5332987302284218 78 451 83 322 86 268 88 301 89 243 93 224 92 215 97 129 96 193 103 142
4075 5.371357455488428 0.67240846978741886 0.52760470898110667 221 221 221 0.8950567568729878 86 67 87 68 89 252 76 232 78 21 90 255
4077 3.6268851666324737 1.4751712576671081 -0.7874792157433308 231 231 231 0.70551750887541775 88 329 89 260
4078 6.7645667275746089 0.5795503121743163 1.2672762671835576 103 109 125 0.73245237675465924 80 153 85 250 86 182 87 282 89 269 74 315 77 171 83 344 87 152 76 580 77 337 85 138 75 666 90 277 93 245 92 235 94 347 91 347 95 310 97 198 96 171
4080 3.4593307943140568 1.2269472642848769 -0.1347099565645217 130 130 130 0.74306196399672841 88 536 89 333 90 537 85 412
4081 3.3706081109325665 1.8530975294978138 -0.56481897124244296 231 231 231 0.36523605430131834 79 405 82 300 89 337 93 318
4082 3.3785787283032387 1.3202551631408839 0.029606322290545963 130 130 130 0.068734409294029158 88 405 89 346
4083 3.3785787283032387 1.3202551631408839 0.029606322290545963 130 130 130 0.068734409294029158 88 406 89 347
4084 3.1832606569698716 1.8568837464123298 -0.5445760735797559 8 8 8 0.44051645835533981 86 229 89 348
4086 3.1492323828226012 1.8476237587524051 -0.54035155164872739 8 8 8 1.5277291933579951 86 232 89 354 83 248
4087 3.3495189923948807 1.3363247288926894 0.093868758725552268 130 130 130 0.43013062462423324 87 213 89 366 92 336 90 378
4088 2.504622671453884 1.5199172678217767 -0.22244464434694658 59 62 72 0.41173330860218299 88 441 89 377 93 345
4090 6.9711153050936092 0.5421389331458828 0.68770717089576672 231 231 231 1.3332324057315179 82 220 89 388 92 223 95 307 98 223
4091 3.7179926960495111 1.0152583918951428 -0.36077443846126961 105 110 126 0.91153377537143232 79 329 81 221 82 131 89 394 83 330 84 324
4092 3.7154361308392891 1.013976987306987 -0.3604093324442938 105 110 126 0.79203826344980532 79 330 80 372 89 395 78 465 81 222 83 331 84 325 82 229 82 132
4094 6.2816387079512239 0.55531371241581007 1.2494395242155831 109 115 132 0.81777427434920824 85 397 87 460 88 504 89 404 90 470 93 427 94 432 91 432 95 383 97 297 96 267
4095 8.0872903075177369 1.4112377614123899 1.3926416637210075 25 25 25 0.59734459450605126 86 448 89 409 75 672 78 625 79 368 81 433 12 356 8 237 9 472 10 571 5 270 14 352
4096 8.0922281740909003 1.4129553589123804 1.3929246224844563 25 25 25 0.6661286354077689 86 449 89 410 75 673 78 626 81 434 12 357 8 238 9 330 79 369 5 271 2 584 9 473 10 572 4 584 14 353
4097 8.0650641083720842 1.0687637643703467 1.7829042687617798 41 41 41 0.64036808940707546 85 274 86 307 87 469 88 368 89 413 75 573 78 500 79 367 81 170 82 263 83 373 80 399 80 189 93 371
4098 3.5088178427037215 1.6532748336071654 -0.73972774832520649 231 231 231 0.71724825899255362 83 628 89 414
4099 3.5648179165800511 0.30628602169312696 0.63434035143274492 61 64 75 0.033341062419563909 87 304 89 425
4100 4.3043584872794112 0.67445893289573422 1.0156002009609866 84 78 75 1.5947827748930139 88 539 89 429
4101 3.368394535021376 1.5795337374207872 -0.013026282276051614 0 0 0 0.19722586205195891 85 415 89 432
4102 3.7387151110103236 1.4397993159775579 -0.78221018350016658 231 231 231 1.9220873685337279 88 479 89 457 93 457 90 559
4103 3.7444495298404719 1.4422333456292957 -0.78678719151427778 231 231 231 1.2202766044995801 88 480 89 458 93 458
4104 3.6209941175946825 1.6839581377707611 -0.12066227886072974 231 231 231 2.6976099433898799 88 636 89 479
4106 3.6617512482937666 0.85091776492696858 -0.055884928211183543 108 113 130 0.85553646559275442 88 623 89 555 93 557
4107 3.6617512482937666 0.85091776492696858 -0.055884928211183543 108 113 130 0.85553646559275442 88 624 89 556 93 558
4108 2.9118640385947527 1.6169504924774059 -0.011002591576829163 59 62 72 0.25784050731795216 88 643 89 586 90 580 93 538
4110 3.5740816578008605 1.4700167880001676 -0.77562449256926158 231 231 231 1.1010408057967411 85 579 88 712 89 599 93 591
4113 8.0000177852448875 1.8203946589577116 0.96122578792534674 25 25 25 0.74442715502089163 79 862 85 669 88 755 89 644 75 935 77 955 78 873 80 829 81 673 82 723 83 740 86 713 87 716 78 926 93 561 6 629 15 406 14 454
4114 4.9499898833309715 1.2223530553464721 -0.25723903802432174 61 64 74 0.93428013583384484 85 502 88 742 89 665 88 707
4115 4.9910804868164886 0.64128258894989032 0.51243499081190824 0 0 0 1.5024094570853694 83 84 87 73 89 257 84 64 88 189 90 280
4116 6.7818594806487527 0.8081989300923349 0.27444067177727099 59 62 72 1.9951143946420833 85 498 87 563 88 604 89 501 81 613 85 615 88 705 89 591 86 637 90 503 93 543 92 523 94 461 91 461 95 434 97 314
4117 3.3720114773400258 1.2757963779445041 0.047972140201607817 130 130 130 1.0855034749868444 78 528 85 310 88 401 77 439 89 430 86 456 87 472 93 389 92 208 90 229 94 330 91 330
4118 6.9486755793042105 0.51121747434099185 0.61855561537530213 231 231 231 1.4195948214694956 81 659 88 738 89 626 82 704 83 772 85 655 87 703 86 703 92 595 94 581 91 581 95 492 79 844 78 858 97 363 97 383 6 663
4119 6.9240299629152968 0.50692241954397177 0.61563675088776249 231 231 231 1.4768222238783129 81 660 82 705 89 627 83 773 85 656 87 704 88 739 79 845 86 704 78 857 92 596 94 582 75 921 76 892 77 934 78 910 91 582 95 493 97 364 97 384 6 664 10 864 9 688 2 913 4 913 7 638
4120 5.160456588978521 0.68648347976776869 0.5054854816685288 110 110 110 0.83244148181451261 80 19 83 12 85 60 79 24 88 57 89 166 78 31 90 268 93 163 92 237 94 382 91 382
4121 6.1931428111283955 0.51671213153779127 0.92283910018229043 0 0 0 2.7948980638425125 84 170 88 176
4122 3.1897948290563316 2.0561620528088018 -0.55784300414238552 218 218 218 1.7557174393594188 87 221 88 426 90 377
4123 3.547099703288441 1.3512805739271165 0.41625234564210956 0 0 0 2.5630714620277928 88 543 89 582
4124 6.8585281679107384 0.57419658355737624 0.54493259379532633 59 62 72 1.425291331501167 76 862 78 802 79 776 85 652 89 625 92 565 94 511 91 511 95 462 97 336
4125 8.0993893371872794 1.495534479161617 1.4848802953732412 25 25 25 0.14245020157186619 88 23 90 17 85 28
4126 7.2340357407910778 1.4935749566553806 -0.057522669722304631 231 231 231 0.51084784774851411 80 139 83 75 85 49 87 47 90 49 77 155 95 6 98 45 103 7 99 14
4127 10.04607819841662 7.3984134336012728 -0.27661349420664716 0 0 0 0.29240112762771708 83 429 90 154
4128 5.3383414453003732 0.75765582834562339 0.44074504386955293 0 0 0 0.25186882344016315 88 180 90 184 94 257 91 257
4129 5.2197454426307832 0.68754127816058064 0.50423398572287215 0 0 0 0.60100968500881713 85 6 87 7 89 39 90 186 93 69 92 165 94 264 91 264 95 316 97 201 96 202 98 232 103 294
4130 3.754175142567135 0.87955678399465165 -0.22461454654959379 0 0 0 0.87433173323997404 77 162 78 26 80 11 90 191
4131 3.4670365182830438 0.24935501330135387 0.50593747851469806 61 65 75 0.92494075198108827 89 184 90 216
4132 6.9010567985209494 0.88441587887873818 0.26788249756991178 231 231 231 0.5077458824297999 90 244 92 218 95 141 96 109 87 265 98 122 103 229
4133 6.6593045310244809 1.8126326405978512 -0.33056219099173961 59 62 72 0.29782593202530516 89 246 90 249 93 230 98 124
4134 5.3840500566287677 0.78480867049747793 0.39870286916314607 224 224 224 1.294272277802337 79 106 90 254 78 27
4135 8.1761124466152051 0.99526941156882132 1.9594630520669296 130 0 0 0.34309639395219538 85 186 88 221 89 305 90 318 93 289 92 275 94 279 91 279 95 261 97 208 96 176
4136 8.1761124466152051 0.99526941156882132 1.9594630520669296 130 0 0 0.34309639395219538 85 187 88 222 89 306 90 319 93 290 92 276 94 280 91 280 95 262 97 209 96 177
4137 3.7018262191666262 0.86904605436845295 -0.039401010623643075 111 116 134 0.70978249990579034 89 66 90 322 93 181
4138 3.7018262191666262 0.86904605436845295 -0.039401010623643075 111 116 134 0.70978249990579034 89 67 90 323 93 182
4139 3.5334832956092037 1.2406433328494522 -0.41526021330454072 79 83 96 1.0844768981598674 89 71 90 329 93 183 94 446 91 446
4140 3.8409739634701117 0.26194479316609881 0.63857115795270747 109 115 132 0.93088254449153962 88 200 90 331
4141 3.5248533636315611 0.86833876705362689 -0.048895729048970431 112 117 135 1.7953302010116594 88 17 90 333
4143 3.3877647538139519 1.271379629199755 0.025159612716872556 0 0 0 0.23910444180836377 89 222 90 359 92 321 79 75 94 329 91 329
4144 3.3880490580869034 1.271581663119542 0.024787853099330275 0 0 0 0.23047828065450873 89 223 90 360 92 322
4145 3.3766006800088753 1.3041428350116249 0.045987524559412692 130 130 130 0.29532948539786663 83 237 90 366
4146 3.3624971391870635 1.3164196779794066 0.061880063794730197 130 130 130 0.067504967538087615 83 143 90 370
4147 3.3624971391870635 1.3164196779794066 0.061880063794730197 130 130 130 0.067504967538087615 83 142 90 371
4148 3.3659337527279227 1.2950099576461342 0.0918210858271747 0 0 0 0.03812756484383821 85 200 90 372
4149 2.9160382704412982 1.59776495192323 -0.0049300917399000199 108 114 131 0.12707423253119354 88 247 89 236 90 389
4150 7.5448048073554945 1.7388035831701265 -0.11492162091936085 59 62 72 1.1338243779347181 85 436 90 392 93 348
4152 4.8468364759944116 1.1710973786782515 0.037218153213303275 68 67 67 0.42862566836026472 88 343 89 402 90 404 93 356 92 370 97 212
4153 3.7664511446192548 0.82160605464218905 -0.035624475868284759 109 115 131 0.7516888632321499 88 60 90 416
4154 3.7081329392371893 0.18265372819380699 0.64590384132971013 105 111 127 0.4963566628265883 89 469 90 424 93 288
4155 3.4454731369711804 0.23162300242583628 0.49110086828721444 111 117 134 0.58155198277960785 89 287 90 426
4156 3.5483549136458428 0.86498871649763243 0.033499593374776634 76 80 92 0.75649657750042076 89 85 90 431 93 302 92 441
4157 3.5483549136458428 0.86498871649763243 0.033499593374776634 76 80 92 0.75649657750042076 89 86 90 432 93 303 92 442
4158 3.3273130106210678 1.4032306073393317 0.057989074720076084 0 0 0 0.36138721504135968 78 546 90 443 92 342
4159 6.9300158440085644 0.51452357119888059 0.70019686658747815 59 62 72 1.8294630377111609 80 355 90 452 86 270 93 227 90 246 92 409 94 247 91 247 95 339 97 131 96 229
4161 5.2732156046251459 0.78220067405387761 0.39490367094489204 0 0 0 0.91706044567140343 89 254 90 459 93 237 92 414 94 420 91 420 95 411 97 294 88 321 96 286 98 305 103 346 85 377 101 389
4162 4.763076087548856 1.1561372699427339 0.054291074323777999 109 114 131 0.5753566447720615 85 141 90 471
4163 3.5490015384311784 1.0632585460386106 -0.32982241499117138 231 231 231 0.55583958528470678 89 466 90 480 93 432
4164 8.1824180817732106 0.94680772611443675 1.9522866973701958 231 231 231 0.64972864663700725 85 409 88 517 89 411 90 481 93 372 92 426 94 388 91 388 95 355 97 235 96 206
4165 8.1824180817732106 0.94680772611443675 1.9522866973701958 231 231 231 0.64972864663700725 85 410 88 518 89 412 90 482 93 373 92 427 94 389 91 389 95 356 97 236 96 207
4166 3.5313114693016328 1.1196807526992576 -0.31414007313576298 111 117 134 1.4313943552873278 89 288 90 488 93 286 94 533 91 533
4167 3.5316976791583232 1.1200349731775561 -0.31458968603147069 111 117 134 1.4280613557766413 89 289 90 489 93 287 89 183 94 534 91 534
4168 3.5597406567818672 0.31570152141620811 0.68507429371185879 85 89 103 0.58629879478936875 89 218 90 496 93 311 92 493
4169 6.9512515509986246 0.4971899873329888 0.70242247640146438 59 62 72 2.0874380637740049 85 499 86 553 89 502 90 504 93 486 94 412 91 412 97 286 96 304
4170 6.9321717433012662 0.66301680124237605 0.58864432720340254 114 112 112 1.4287322231886319 90 505 93 452 95 403 85 576 75 785 87 627
4171 4.8724922754758389 1.1088017057405524 0.0093844968885810759 124 121 121 1.0983032959978332 88 616 90 514 85 448 92 509
4172 6.223768953485906 0.58576188916477656 1.2552859348654883 59 62 72 0.61144718414150112 89 559 90 519 88 625 85 516 87 576 93 500 92 537
4173 3.6970973335697344 0.83714695703848141 -0.092401483356255837 110 116 133 0.37031055940605057 89 463 90 521 92 475 98 292
4174 7.294466849069547 1.9252938922580849 -0.43749269560763798 231 231 231 1.6253245074068423 88 476 89 444 90 552 93 453 92 525
4175 7.294466849069539 1.925293892258082 -0.43749269560763732 231 231 231 1.6253245074067508 88 477 89 445 90 553 93 454 92 526
4176 3.3396169130137294 1.4895619377238896 0.047550745607323849 59 62 72 0.82800115135365315 89 618 90 575 93 533 92 501
4177 5.5068986719261224 1.6248608072940993 -0.58093996278429749 59 62 72 0.64737925643486383 89 547 90 582 93 545 92 527 95 496
4178 7.131575807703185 0.4893186206891571 0.72723069677319763 59 62 72 1.1505341786409389 87 625 90 619 88 660 94 512 91 512
4179 7.3677000725714183 1.610704141011055 -0.10886979083829215 59 62 72 1.0636576961016475 85 657 88 740 89 628 90 620 86 705 93 583 92 566 95 464 98 337 99 312 87 743
4180 7.3258666189151267 1.5952965713695755 -0.099498164308931117 59 62 72 1.6353717372324024 85 658 88 741 89 629 90 621 83 730 86 706 79 778 80 815 81 664 77 898 78 864 82 644 93 584 92 567 95 465 97 339 96 305 103 352 101 359
4181 3.5793317424679301 1.4783538030539494 -0.77042073778490117 231 231 231 1.9289157680619393 89 600 90 632 92 608
4182 5.0492607659959612 1.5090958150549134 -0.54429098456886049 163 163 163 0.75954532332849101 89 631 90 646 93 586 92 598 97 387 96 362 98 362 103 376
4184 7.3599593225441398 0.43558540257856088 1.285569345599582 47 49 57 0.74825587790700854 80 368 86 501 88 560 75 526 77 520 83 542 89 505 90 454 83 336 89 391 93 410 92 456 94 416 91 416 95 374 97 289
4188 3.4092674158136265 1.6703591619421905 -0.080132980221886044 0 0 0 0.13182809280654506 90 162 93 47
4189 4.3988496220035982 2.2831546793359889 0.94123232688125691 231 231 231 0.33800926977920104 90 168 93 50 92 149
4190 3.4096963535896054 1.363163748750317 0.30109298850257915 59 62 72 0.12469905978513687 90 446 93 141
4191 3.4041429113949877 1.2683994657661011 0.37749184921777862 0 0 0 0.34841811633488051 89 233 93 143
4193 5.2977396190269417 0.70956838913824138 0.47798553003752503 0 0 0 1.4465382651138583 86 9 90 256 93 156 77 16 78 28 94 345 91 345 95 311
4195 3.6060637075271655 1.3960403703567785 -0.76733178901619958 98 103 118 0.96967502703220265 90 192 93 161
4196 7.9589009571017444 2.3661550784767815 0.24828212617580231 130 0 0 0.84082024808747069 85 175 88 208 89 282 93 177 89 69
4197 2.9165931871968951 0.13797074032263357 0.29075563860067505 59 62 72 0.12760999195375874 90 140 93 179
4198 3.5353102853268932 1.2422776870326477 -0.41480025582629826 79 83 96 0.64887852586305694 89 72 90 330 93 184 94 404 91 404
4199 4.3279098958031961 1.2857036206150421 0.43139107038413904 59 62 72 0.13419039392068677 90 227 93 208
4200 3.3671258737833498 1.330282878166934 0.070112135714360993 0 0 0 0.15532966791789302 88 242 93 213
4202 6.8593462890608654 0.5267993309356187 0.67884429316625772 231 231 231 1.0429791792576939 85 119 86 272 88 303 93 228 97 81
4203 7.3867806138241106 1.645552255577559 -0.062036207000722474 59 62 72 1.0443045379572455 85 227 93 229 95 308 97 227 81 226 101 299
4204 5.3441660431017821 0.71729355472783352 0.46461998535184929 222 222 222 0.59481616704095319 86 63 88 178 93 234
4205 5.351894941008541 0.69265150975721279 0.49634429176588424 222 222 222 0.36951094574895677 81 7 93 235 76 236
4206 6.7949439924544341 0.57389389794851919 1.2490708444654035 59 62 72 0.69813970573976192 75 176 80 148 87 76 93 244 85 11 86 81
4207 3.6959345502476451 1.240539014817138 -0.51701982983349926 231 231 231 2.0260223375779676 86 71 89 266 93 261 92 372
4208 3.5370137131656416 1.4727264458572422 -0.76874285629774564 231 231 231 0.22824329243000516 89 277 90 301 93 264 92 273
4209 6.3349368848004408 0.54615131274895912 1.3058326587066991 109 114 131 0.97238593809976559 85 144 88 198 93 267
4210 3.598481643480568 0.83478330841746051 -0.043965402181824355 59 62 72 0.55041349420115582 90 487 93 283
4211 8.0189231706887174 0.91048808119043456 1.8492725499912124 52 52 52 1.0553857423416901 87 192 93 285
4212 3.7489208432033809 0.31508725492105266 0.69629568980195389 81 85 98 1.6472110838062548 90 340 93 310 92 490 80 35 74 35
4215 3.3958042481744735 1.2833931529344809 -0.00067479692980095007 130 130 130 0.016736002932473008 89 340 93 326
4216 3.3958042481744735 1.2833931529344809 -0.00067479692980095007 130 130 130 0.016736002932473008 89 341 93 327
4217 3.3429396745634663 1.4968390978499393 0.063144901313540086 59 62 72 0.74885182316571441 88 427 93 337
4218 6.8254624868182647 0.57946560223395138 1.2157982260569797 106 112 128 1.5279272183915746 76 677 90 401 93 351 74 493 92 415
4219 3.4169261247768254 1.5848168685619466 -0.069707101713680275 0 0 0 0.65405249111754526 90 236 93 395
4220 3.4169261247768254 1.5848168685619466 -0.069707101713680275 0 0 0 0.65405249111754526 90 237 93 396
4221 3.3540750124686189 1.3356956115394194 0.09539107695131703 130 130 130 0.20238734979229928 87 358 93 399
4222 3.3540750124686189 1.3356956115394194 0.09539107695131703 130 130 130 0.20238734979229928 87 359 93 400
4223 4.7774887772215182 0.69716711369524809 0.38513494799093306 224 224 224 0.71544186522326791 84 338 93 420
4224 5.037734012616756 0.66087593169511949 0.53796966314484396 224 224 224 1.2476017605629248 75 335 76 458 78 319 93 422
4225 5.5922536994612804 1.5198270764968271 0.078848224643542519 108 114 130 1.3921174460521863 89 468 90 472 93 430 92 371
4226 3.4515901311148909 1.0505859361512175 0.064645165945202684 130 130 130 0.16628837040299149 85 306 93 436
4227 3.3591894497917312 1.3332072956364514 0.06885042660905441 0 0 0 0.039143053000626857 79 598 93 441
4228 3.3591894497917312 1.3332072956364514 0.06885042660905441 0 0 0 0.039143053000626857 79 599 93 442
4230 3.5220864118509834 1.2318807008151087 -0.42649155135745248 79 83 96 0.56932524488072433 90 568 93 469 92 544
4231 3.5220864118509834 1.2318807008151087 -0.42649155135745248 79 83 96 0.56932524488072433 90 569 93 470 92 545
4232 3.7340266308782355 0.28677965396764149 0.65212580183473567 111 117 134 0.48981662846033341 85 519 93 475
4233 3.46027586397808 1.0604293795413116 0.06470691768273007 130 130 130 0.055705091138574997 90 538 93 477
4234 3.3803234388489405 1.2841538735653566 0.34388944027067458 59 62 72 0.52562882321693505 88 544 93 482
4235 5.6798253270926962 1.5928472532918379 0.11291848214276952 59 62 72 0.85589943414966752 89 521 90 565 93 505 88 579 92 471
4236 5.8086720499426656 0.61088359174153173 1.3365892536719453 59 62 72 0.68100171379670504 89 564 90 570 93 513 92 513
4237 2.9114178016338492 1.6161237743790442 -0.011415883796671666 59 62 72 0.20308978136914127 90 579 93 537
4238 2.8743725152272965 1.6119416921125047 0.023826631582476113 0 0 0 0.17151577399996931 89 487 93 539
4239 2.4866977480427876 1.5648529157114226 -0.1932891147130438 115 121 139 1.6126745291532019 89 542 93 541
4240 5.0861232449378466 1.5591181545190467 -0.47799605411412754 0 0 0 1.3551754667494431 90 623 93 548 92 570 94 557 91 557 95 499 97 369 96 339 98 340 103 354 101 396 99 326 102 263 100 257
4241 3.5001451669425965 1.3625390579292826 -0.76019187977408598 59 62 72 1.0219862856242758 90 629 93 551 4 526 2 526 7 371
4243 3.5742537234850853 1.4699497123165794 -0.77596096709748208 231 231 231 1.3039634276074641 85 580 88 713 93 590
4244 3.5407117135062047 1.5015599458125268 -0.73078003620462417 59 62 72 1.3638040017772946 89 604 90 636 93 593
4245 6.8306004860270688 0.84248428324627977 0.18567933617142557 231 231 231 0.96261593231012799 81 704 82 753 85 653 88 781 89 661 93 615 83 770 87 700 85 697 92 592 94 549 91 549 95 490 80 866 77 938 78 914 79 904 97 381 98 357
4246 6.8306004860270662 0.84248428324627933 0.18567933617142537 231 231 231 0.96261593231010611 81 705 82 754 83 771 85 654 88 782 89 662 93 616 87 701 85 698 92 593 94 550 91 550 95 491 80 867 77 937 78 913 79 905 97 382 98 358
4248 7.8663858213697599 0.86717185902617966 1.6103344822822532 231 231 231 1.8146309877792861 88 805 89 669 90 652 93 623 85 725 92 603
4249 3.6877513828644526 0.7230728658297797 1.0160019770468374 0 0 0 0.47071594949304485 85 542 89 678
4250 3.7195104190321362 0.71746348343978106 1.0350089911927853 87 81 77 1.7074513553608779 90 681 93 631
4251 3.3353143238746323 1.4007142556605912 0.060262170772763357 0 0 0 0.95253013834368649 82 307 83 398 87 368 93 443 79 652 81 508 83 577 84 587 86 524 85 473 85 539 88 639 89 532 90 547 93 531 92 521
4252 3.333823487656784 1.3992136123101364 0.060163554707313015 0 0 0 0.96635759338309246 82 308 83 399 87 369 93 444 79 653 81 509 83 578 84 588 86 525 85 540 88 640 89 533 90 548 85 474 93 532 80 703 92 522
4253 3.9113901127709751 0.72518655769163021 0.98344620875122968 110 116 133 0.82322400158522957 85 635 88 725 93 606 75 844 76 828 77 847 78 808 79 784 80 752 81 628 82 652 83 702 86 686 74 704 87 685 84 743 85 675 88 762 89 654 90 662 92 621
4255 3.7316673792656947 1.0627672133208175 -0.36937470152610435 59 62 72 1.7580335094315775 78 40 81 39 93 497 83 77
4257 5.0489845155545758 0.71877895531953839 0.42578252630398378 0 0 0 0.37140413905410385 93 26 92 4 94 17 91 17 97 13
4258 5.0489845155545758 0.71877895531953839 0.42578252630398378 0 0 0 0.37140413905410385 93 27 92 5 94 18 91 18 97 14
4259 3.4759324684920117 1.4716097968865172 -0.76042645358517402 110 115 132 0.44387394041018396 89 50 92 12
4260 3.4759324684920117 1.4716097968865172 -0.76042645358517402 110 115 132 0.44387394041018396 89 51 92 13
4261 3.7188880116908063 1.0302604727406741 -0.3114271228450104 8 8 8 0.15310905111506934 90 10 92 52
4262 3.7188880116908063 1.0302604727406741 -0.3114271228450104 8 8 8 0.15310905111506934 90 11 92 53
4263 7.3007022587242902 0.40969408450103717 1.3809444343926403 231 231 231 0.16610945595778423 89 157 93 155 92 160
4264 5.3017483300435053 0.7897747423874133 0.38688000945545825 0 0 0 1.0032435224588667 88 51 93 236 92 162 96 116 98 228 103 288 101 267
4265 3.7042449747789612 0.80372120433465444 -0.085026281557423936 100 105 120 0.76444791985841842 93 73 92 181 94 360 91 360 97 219 95 279 98 246
4266 3.3623956903882446 1.3158720519547249 0.063723240945965154 130 130 130 0.12091311584150298 93 138 92 210
4267 6.901091828924705 0.85819062044420003 0.28224687271578974 59 62 72 1.4677779335891075 78 450 79 318 80 358 85 223 87 262 88 558 92 217 80 611 94 337 91 337 95 306 96 194 98 221 98 273 103 306
4268 7.3870581147754777 0.41474305936045586 1.4025013577293559 231 231 231 0.41046914757761099 89 249 93 232 92 227 95 239 97 133
4269 5.1076441940375696 0.64776468767455719 0.55026907730876251 0 0 0 0.35334610558075136 82 78 90 278 92 242 78 158
4270 5.1076441940375652 0.64776468767455697 0.55026907730876196 0 0 0 0.35334610558072177 78 159 82 79 90 279 92 243
4271 8.1280190196620339 0.96867865083014626 2.01843868074869 231 231 231 0.46499629924513941 88 115 89 197 93 296 92 279 96 179
4272 3.5167120855162235 0.86078739742794252 -0.053964367508831462 113 119 136 1.0919350816175775 90 20 92 288
4274 4.3897859713965532 0.70203878668304354 1.0586648475266338 110 116 133 1.122605096415906 90 347 93 209 92 304
4276 3.18439083599691 0.94994258581276403 0.062456012831886155 130 130 130 1.4766617442966083 78 522 92 319
4277 3.380526239168534 1.3228614492879605 0.02684946330509962 130 130 130 0.037511865500794217 90 363 92 323
4279 3.3588293894270049 1.3471114214873563 0.09458630651316248 130 130 130 0.12090461260716874 90 379 92 337
4280 3.3252283576484643 1.4006675974063245 0.057977299786361819 0 0 0 0.42180379429554271 90 444 92 343
4281 3.4061801694117944 1.2707810877917096 0.39592924863917467 118 124 142 0.51196787471346361 93 340 92 346
4282 3.3563502616574565 1.297657936776428 0.47173269511596738 59 62 72 0.0041079193325570494 90 386 92 347
4283 7.9714448443672206 1.8303959148271858 -0.77550697635670585 231 231 231 2.1554826185784535 79 193 92 352
4285 6.8447594443379112 0.63748775229536481 1.1567652356588267 106 112 128 0.76710417436199874 89 397 90 400 92 362
4286 6.1741237706927317 0.55049870748937346 1.2649027757102176 59 62 72 0.41757803711791114 93 271 92 374 94 387 91 387
4287 6.1056545086171132 0.56289397063396696 1.2645140810310846 110 116 133 0.38645670818751199 88 351 92 378 94 392 91 392
4288 3.3437773467937815 1.496123617359653 0.05636307927947818 59 62 72 1.0226578219296165 85 416 92 406
4289 6.8993788395956859 0.92397567086535826 0.2050463463609421 231 231 231 1.1176720735373602 77 664 88 559 92 408 98 250 103 280
4291 5.2743817160531288 0.78237996013365207 0.39576499517599817 0 0 0 0.60122743666133804 89 253 92 413 94 419 91 419 95 410 97 293 96 285 98 304 103 345 101 388
4292 3.7392163301068666 0.30925595321783944 0.6508675731755017 0 0 0 0.20027165181285494 84 354 93 205
4293 3.6405523966582805 1.0476295070205695 -0.33044774362117774 99 104 119 1.9866555126363297 90 406 92 429
4294 6.8558539209221738 0.92979360334183214 0.15017246721367114 59 62 72 2.3012782711230413 92 452 75 840 96 255 98 294 80 743
4295 5.2428508406687149 1.6547071940065721 -0.44671190602697652 163 163 163 1.3230480304261536 90 510 92 459 94 463 91 463 95 408 97 291 96 257 98 277 103 326 101 345 99 287 102 230 105 233 104 280 110 258 106 258 107 197
4296 3.5447171677017897 1.2142934125270257 -0.52088482613924914 95 100 115 0.023697865044149148 90 408 92 476
4297 3.6372189085178768 1.4259942291476573 -0.80814077032266962 231 231 231 0.61186447300235614 90 512 92 532
4298 3.7410114931974889 1.4477542931220859 -0.77455485673429547 231 231 231 1.7329349325070695 90 560 92 535
4299 8.1773209638642168 1.0557306165967626 1.8883956770229884 231 231 231 0.30748366989099379 88 720 93 565 92 540
4300 3.3380925688473395 1.2731121042944618 0.28534570623515726 59 62 72 2.0771434067722265 88 768 93 579 92 563
4301 6.9605061349099699 0.22919406285111751 1.5630799426547868 108 113 130 1.7161633055355823 89 595 90 624 93 588 92 571 94 556 91 556 95 517
4302 3.6883234107799274 1.4151518499689182 -0.79915921115310617 59 62 72 0.8044512690209501 90 626 93 549 92 601
4303 3.7159466456568091 1.2648749476150973 -0.55995873301129739 231 231 231 0.28313377956216118 90 630 92 605
4304 3.5743578520498209 1.2062251139346059 -0.49677828427545612 59 62 72 1.8844034632624602 90 633 93 555 92 609
4305 3.8856718481070613 0.6537026447758747 0.96514733522519414 61 65 75 0.5546920713779433 90 661 92 619
4308 4.9701804925113624 1.3727710602853551 -0.18458714115294306 108 113 130 0.068992464192599773 90 648 92 602
4309 8.0069104012515186 1.797657364379001 -0.76508148189519787 0 0 0 0.17047455846128645 90 0 94 1 91 1
4310 6.8620906666053747 0.67826663419830868 1.1592713628076645 59 62 72 0.29930485871349022 92 34 93 28 94 9 91 9 95 10
4311 10.95116090176953 9.7824518133140739 -2.5705133822903505 8 8 8 0.029826772883811987 83 273 94 33 91 33
4312 5.2529383065193294 0.73719249888095217 0.44246437534421945 228 228 228 0.59771719728170836 92 28 94 47 91 47 95 91 97 140 95 158 96 123 98 201 103 262
4313 5.2531049264556602 0.73714914136328547 0.44266804042376146 228 228 228 0.54029606062944957 92 29 94 48 91 48 95 159 97 141 96 124 98 202 103 263
4314 5.2070287526817367 0.74320645500263272 0.43121395636336313 229 229 229 0.55093460013096374 92 32 94 52 91 52 95 165 97 150 96 130 98 206 103 266 101 319
4315 5.2070287526817367 0.74320645500263272 0.43121395636336313 229 229 229 0.55093460013096374 92 33 94 53 91 53 95 166 97 151 96 131 98 207 103 267 101 320
4316 5.5088069978596819 1.6963190405821991 -0.17321347748729535 98 103 119 0.23038474107274137 92 174 94 56 91 56 97 58
4317 4.8803537705278082 0.47574698112306646 0.78137785958908879 68 67 67 0.32477767870795221 89 14 94 68 91 68
4319 7.5115711507547251 0.53230615726479857 1.3146425886911077 59 62 72 1.4223142961207467 85 125 93 153 94 154 91 154
4320 6.0727755724578421 1.8442769835337103 -0.29618065387370379 104 109 126 0.92152455059558136 92 231 94 169 91 169 96 8 98 195 103 97 101 179 99 194 102 181 100 102 105 84 105 182
4321 6.8373438235978279 0.45345352952192208 1.3708031371185911 59 62 72 0.30934866508616615 90 6 92 35 94 170 91 170 95 153 97 89
4322 6.8373438235978279 0.45345352952192208 1.3708031371185911 59 62 72 0.30934866508616615 90 7 92 36 94 171 91 171 95 154 97 90
4323 6.7664297371048434 0.55588133211459057 1.2506550244825787 59 62 72 0.92369736398042301 85 10 94 174 91 174 97 91 96 169
4324 6.8044153998151167 0.69611156911299255 1.2131445992633771 231 231 231 0.79528602336773491 90 282 92 241 94 183 91 183 95 313 97 135
4325 5.5078743124644687 1.5813042996604803 0.01850102283825103 59 62 72 0.93257904546840975 90 92 94 220 92 60 91 220
4326 4.3996875246653069 1.4785212914474937 -0.42606075802594562 231 231 231 0.20471444696761706 90 83 94 225 91 225
4327 3.7293337032407163 1.0662955979936581 -0.32137353904337379 8 8 8 0.24718544380962082 92 66 94 227 91 227
4328 3.7293337032407163 1.0662955979936581 -0.32137353904337379 8 8 8 0.24718544380962082 92 67 94 228 91 228
4330 5.0422912859369902 1.270312163911723 -0.97631109288722162 231 231 231 0.12450179978880549 80 347 94 243 91 243
4331 7.3885156685069227 0.39156758199296982 1.3867857798942245 59 62 72 0.25314012212792675 89 247 90 251 93 231 94 251 91 251 95 238
4332 5.3218022037874961 0.65725490887191207 0.55288903105515497 0 0 0 0.40253904783510214 89 256 93 239 94 258 91 258
4333 5.2415132550510872 1.6514012958960322 -0.41048357446212519 163 163 163 1.4769264090458345 92 167 105 207 104 256 91 260 94 260 95 245 96 167 97 199 98 196 101 280 103 260 99 257 100 184 102 202 112 352 110 241 106 241 109 212 109 231 108 237 115 331 115 353 114 339 107 180 111 270 116 397 122 698 117 497 117 525 121 563 120 545
4334 5.2488861771675159 1.6597915178744307 -0.40555914344655997 163 163 163 0.24761664458033325 92 168 94 261 91 261 95 246 97 200 96 168 98 197
4335 6.7835746004977624 0.62812755714205293 1.2805344984763196 231 231 231 0.63849632474386253 92 244 93 259 94 262 91 262 95 243 96 173
4336 6.7835746004977624 0.62812755714205293 1.2805344984763196 231 231 231 0.63849632474386253 92 245 93 260 94 263 91 263 95 244 96 172
4337 5.2251848480296621 0.68245461055696 0.51463687266447244 0 0 0 0.8114927894833982 87 8 94 266 86 16 91 266
4338 5.0702874488558374 0.77619333983168481 0.38288659884608078 0 0 0 0.59242860475393044 95 249 97 203 98 210 96 144 90 269 91 267 94 267 101 284
4339 4.8275519730025334 1.1228777222093762 0.0039917611920872696 68 67 67 1.3740346221090587 94 273 91 273 103 239 101 269 99 229 92 6
4340 5.0198728960276249 0.63251076503553172 0.57633148962151182 230 230 230 0.26135949555260068 89 44 94 276 91 276
4341 4.2988618921715736 0.33533857291378566 0.78126435253108983 0 0 0 1.1639317696634652 85 75 92 199
4342 6.1529821528429895 0.52639991872680425 1.2789905103951607 59 62 72 0.6773595376714977 93 180 94 278 91 278
4343 3.6957608062297087 1.1867126475166725 -0.53672624046153405 100 105 120 0.40938326606599929 90 74 94 281 91 281 95 270
4344 4.3914541998158274 0.74640520089044515 1.0220486423079116 116 122 139 0.025638638132302907 90 346 94 319 91 319
4345 6.8858223121397595 0.88016423062630866 0.25873169955923897 231 231 231 0.55286210635457933 79 319 80 359 82 222 83 324 86 269 88 474 94 338 89 386 91 338 95 305 97 192 103 281 9 125
4346 7.1962131741419482 1.8359170558202211 -0.41696310140032 59 62 72 1.1239395742329443 92 224 94 340 91 340 95 340 96 196 98 192 103 282 98 274 101 298 99 273 102 214 100 179
4348 5.2019315233160519 1.6487948829762356 -0.4121266864725121 0 0 0 0.68563624270739587 92 234 94 348 91 348 95 350 97 232 96 197 98 257 92 238 103 286 101 306 99 258 102 219 100 205 105 208 104 269 112 351 110 242 106 242 109 232 108 238 120 544
4349 6.0942312755842183 1.7913576320718041 -0.31075892597126908 108 113 130 1.4631651605917471 90 398 92 411 94 377 91 377 95 376 97 261 96 234 95 347 98 256 103 285 101 303 99 276 102 216 100 204 105 222 104 270
4350 6.0358089631226299 1.8081572603490101 -0.31386254138076747 59 62 72 0.78411272808483601 90 399 92 412 94 378 91 378 95 377 97 262 103 308
4353 5.1095211844697106 1.633877006077902 -0.44466006258614249 0 0 0 0.91371806723734261 92 460 94 421 91 421 95 412 97 295 96 279 98 296 103 327 101 360 99 299 102 238 100 243 105 248
4354 5.1095211844697106 1.633877006077902 -0.44466006258614249 0 0 0 0.91371806723734261 92 461 94 422 91 422 95 413 97 296 96 280 98 297 103 328 101 361 99 300 102 239 100 244 105 249
4355 6.949674685797266 0.71681633849964377 1.2771710614294185 231 231 231 0.04874803916661765 92 464 94 423 91 423
4356 5.269585990505238 1.6768542223108718 -0.37701542956527623 0 0 0 0.09398295871072887 92 417 94 424 91 424
4357 5.269585990505238 1.6768542223108718 -0.37701542956527623 0 0 0 0.09398295871072887 92 418 94 425 91 425
4358 5.1494910612576739 1.6527495479495444 -0.41159203654372117 164 164 164 0.16057350409112853 92 416 94 426 91 426 95 379
4359 3.719292760182427 1.1747932058063333 -0.5292072144914185 85 90 103 0.21380041500067323 92 365 94 436 91 436
4360 3.4181477901911439 1.1270920924125554 0.093330185575514715 0 0 0 0.01890500063675191 80 421 94 455 91 455
4361 3.9578457887598266 0.75997485285358335 0.99038860609881241 109 114 131 0.59882918321859047 92 329 94 458 91 458
4362 5.0996857761631036 0.64616345162244337 0.53348217581752344 0 0 0 0.47372410700773887 92 507 94 467 91 467 95 417 97 324 96 292 98 323
4364 5.4403779093056404 0.43940748517394007 1.3471336726394922 232 232 232 0.53476189043339195 92 514 94 504 91 504 95 453
4365 6.2044765726731441 1.7210148197629553 -0.25060383806654102 106 111 127 1.428223363269195 94 516 91 516 95 468 97 342 96 337 98 338 101 394 99 325 102 262 101 379
4366 7.757697576051017 1.8646881256461367 -1.0472879391472631 231 231 231 0.73585975976910856 90 450 92 449 94 546 91 546
4367 7.7066732869778241 -0.013024197879160929 1.0070012711510774 231 231 231 1.0374852797870773 79 775 94 547 91 547 95 487
4368 7.6789883287969039 -0.011177886982386916 1.0024223958432361 231 231 231 1.1900962836680173 79 774 94 548 91 548
4369 6.5218855622951013 1.7441307026119488 -0.37509655216031673 61 64 74 0.54250868599596114 92 597 94 554 91 554 95 516 97 385 96 360
4370 5.9400785999960481 1.7968918275783596 -0.34041295738354854 59 62 72 0.76390581743466413 92 572 94 558 91 558 95 498 97 368 96 364 98 363 103 377
4373 5.2827678141707679 0.70544794125978327 0.47536617117689761 0 0 0 1.8122873481674744 90 257 93 157 94 346 91 346 95 312
4378 5.5643902148645212 1.4917684592761797 -0.82183635736382932 74 78 90 0.030412691665554607 91 2 94 2 95 2
4382 4.975411623872124 1.2936216082016632 -0.95964388418339142 89 94 108 0.1919999516963834 91 96 94 96 95 138
4385 5.2547977685924643 0.67225665349198549 0.51957745185857696 230 230 230 0.39147954949367442 91 50 92 30 94 50 95 163 96 136 97 148 98 208 103 268
4387 5.4219668099065492 1.7723274565859988 -0.33755991219740494 164 164 164 0.59356829274923506 91 269 94 269 95 170
4389 3.5995705255162158 0.74412349237841424 -0.24080757935712727 8 8 8 0.033179707837886215 91 201 94 201 95 200
4390 2.5627709815117092 1.6566395222155301 -0.44094844836771502 0 0 0 1.132166833145563 81 196 86 245 83 260 84 229
4392 14.964675958343632 12.333818659077226 -3.2840652773465533 8 8 8 0.42808538147165254 95 207 17 217
4393 3.9162401331537473 1.1580975730577219 -0.34695289046353339 8 8 8 0.25963471168617269 92 50 97 171
4394 5.4121036807286886 0.43773372277118416 1.2972590882002308 233 233 233 0.83493811793327533 91 74 94 74 95 210 97 216
4395 6.8593898934886504 0.5791521480458578 0.61742160647070721 231 231 231 1.641882947579232 92 222 95 233 98 46
4396 8.8417327889681196 1.4841428150986917 1.4159051569573016 229 229 229 0.2285100969759184 92 252 95 241
4398 8.1327316438144432 0.9020597352588261 1.8643152369283338 231 231 231 0.28814705715983907 85 180 95 251 96 134
4399 8.1801078949930499 0.93153884105833062 1.8996876414479009 52 52 52 0.46646024232769734 93 284 95 253
4400 5.0113969988866645 0.79999188562813461 0.37232548059442033 231 231 231 0.64117559295818327 92 246 95 255 96 210 101 335
4402 5.4119964212350569 1.773855099854492 -0.28171879222752277 59 62 72 0.79869352345729439 91 199 94 199 95 259 97 207
4403 5.0240299276649907 0.63349132189361868 0.57804776603079022 231 231 231 0.41879224564023765 91 275 94 275 95 263 97 162 98 240
4404 5.5372160283421925 0.54160022846499067 1.2885781957949958 114 119 137 0.33341722628427239 91 287 94 287 95 272 97 170
4406 5.3759123807110836 0.40455794512204996 1.400864175400905 233 233 233 0.016559370655583671 91 290 94 290 95 277
4407 5.3759123807110836 0.40455794512204996 1.400864175400905 233 233 233 0.016559370655583671 91 291 94 291 95 278
4408 5.0831556420775543 0.44417221816488955 1.3426200442118301 117 122 137 0.4058315561976456 91 306 94 306 95 283
4409 3.5229521620055886 0.81457523677137333 -0.081580812589201371 59 62 72 0.40531641572991101 91 302 94 302 95 291
4410 5.1380576922454892 0.68668204789816001 0.47748340200606459 0 0 0 1.2848509012151956 91 349 94 349 95 317 97 233 96 205 98 236 103 296 129 561 130 692 128 785 131 576
4413 5.2923749355145615 1.7168625614512079 -0.26570377986818922 164 164 164 0.12990507950067767 91 206 94 206 95 321
4416 5.0557889328750525 1.5568309537436043 -0.58746347118916298 164 164 164 0.82440041347600834 91 376 94 376 95 346 97 230 103 259 101 279 99 255 102 200 100 181 112 310 109 199 111 222 114 296 107 163 120 480 115 297
4417 6.7587111167608009 0.24383371284822006 1.5561610851954766 109 115 131 1.2133463766462893 90 462 95 349 89 462 93 419
4418 5.293928849404578 1.7041500337901423 -0.31471944041202271 164 164 164 1.7597456286792665 91 350 94 350 95 354 97 267 96 260 98 280 103 311 94 431 91 431 101 309 101 333 99 288
4419 5.2431516785117207 1.3879389259669963 0.017365590465927193 109 115 132 0.60563475038629144 91 435 94 435 95 358
4420 3.5024724269927696 1.1074913795544752 -0.31609350687405074 114 120 138 0.25252903257512993 90 212 91 366 94 366 95 370
4421 6.1971575220284993 1.7819384839575871 -0.31603293314402908 59 62 72 0.73218323184084033 90 396 95 375 98 255 97 195 95 309 101 302 99 256 100 183
4422 5.2625059659269091 1.6882974441732967 -0.35856738796718057 0 0 0 1.4492644359954621 91 469 94 469 95 415 97 320 96 282 98 298 103 343 101 365 99 301 102 240 100 246 105 251 104 303 110 272 106 272 107 210
4423 5.1133595534802367 0.65054152976781288 0.53763913813547171 0 0 0 0.21928694392611012 91 466 94 466 95 416 97 323 96 291 98 322
4424 5.1008840187885207 1.6742402622568204 -0.34506303712042263 0 0 0 0.69529659398680088 97 298 96 288 98 303 103 329 101 347 99 304 102 242 100 231 105 235 104 292 112 370 91 470 94 470 95 418 110 261 106 261 109 244 108 249 111 284 114 357 115 365 107 203 116 434 122 719 117 539 121 590 120 566
4425 3.7362243983587846 1.1958691008401932 -0.56917331791570158 100 105 121 0.023714118447292338 91 471 94 471 95 420
4426 5.4947235103523147 0.55389852154806496 1.2818132180480044 114 119 137 0.5590913585023366 91 481 94 481 95 422 97 326
4427 5.1733738547633248 0.41189842537930343 1.3443181121069783 0 0 0 0.43342801191300445 91 488 94 488 95 426
4428 5.1510334007281067 1.6565045449088036 -0.38476054798162562 164 164 164 1.2044438353095004 91 468 94 468 95 441 97 319 96 283 98 299 103 342 101 364 99 302 102 254
4429 5.3069798383540316 1.4806877110668319 0.069535468483524251 111 117 134 0.45432776736750974 91 473 94 473 95 447
4430 5.3069798383540316 1.4806877110668319 0.069535468483524251 111 117 134 0.45432776736750974 91 474 94 474 95 448
4431 5.7596491449070166 0.56152641728689368 1.304293309237228 113 119 136 0.95971861512832346 91 479 94 479 95 451 97 352
4433 5.3350048272472943 0.41575550663950661 1.3473802439408544 0 0 0 0.51551376915472302 91 485 94 485 95 456
4434 3.5131366547980845 1.1105210979867677 -0.31289887147177059 114 120 138 0.83267736786447677 86 24 95 460
4435 5.5661140405015912 1.7092835403577755 -0.23868082081320632 109 115 132 1.6099509458684076 91 519 94 519 95 469 97 344 96 340 98 341 101 397 99 327 102 264 100 258
4436 5.2860667191625677 1.7319823130791334 -0.29882136237365114 164 164 164 0.63111939491465396 91 501 94 501 95 470 97 347 96 309 98 319 103 355 101 382 99 315 102 255 100 259 105 262 104 305 100 247
4437 5.2968310555391325 1.3294959849885719 -0.96469083587500182 59 62 72 1.3058601104935992 95 485 97 360 96 356 98 356 103 370 101 393
4438 6.9000391111846184 0.93314777280546346 0.13059916441826178 59 62 72 1.5938868303417648 95 489 96 333 98 333 97 335 103 350 82 703
4439 4.8195738388768792 1.1215899866172006 0.034476358195312917 68 67 67 1.6967600999442423 95 503 97 371 98 347 101 390 103 358 99 318 102 258 100 251 105 257
4441 5.0564349076221067 0.5279258897963155 1.2661284944133606 114 120 138 0.66642904483066512 91 572 94 572 95 506 97 393
4442 3.5515896228555377 0.87161014236323497 0.026455751443317306 79 84 96 1.3123840534575282 91 508 94 508 95 509
4443 3.5515896228555377 0.87161014236323497 0.026455751443317306 79 84 96 1.3123840534575282 91 509 94 509 95 510
4444 5.4512376596592995 1.5962510020402314 -0.2183774757537052 110 116 133 0.87644904241059185 91 583 94 583 95 518 97 388 96 365 98 364 103 378
4445 4.994157482779837 1.51960941930448 0.053464757417084972 113 119 137 0.85930319831552182 91 566 94 566 95 522 97 389 96 366 98 366
4446 5.2344497433133323 0.707406074873838 0.47985745668996371 219 219 219 2.0433608717078178 79 19 81 12 86 70 87 71 85 130 88 183 89 162 90 261 93 160 92 230 95 351 86 14 85 57 88 182 81 11 76 27 78 156 80 16 93 241 97 264 96 261 98 282 103 331
4447 7.1610125186376292 1.3930634030687856 -0.11549708348660022 231 231 231 1.2213260327271833 85 121 87 141 95 145 78 306 93 151 92 157 89 151 94 128 91 128 97 80 96 74 98 90 86 169
4449 5.4239231756448083 1.7075635840092707 -0.36242833295378929 76 80 92 0.21381831804328955 95 14 97 7 103 105
4450 5.0551188246779928 1.7286336468628825 -0.25574623767109306 164 164 164 0.5396959417307774 95 19 97 25 98 26 101 64 110 109 112 202 106 109 109 106 111 127 107 87
4451 6.0991427592847902 1.7970523197331674 -0.32244900340417293 107 112 129 0.66729596488440446 91 42 94 42 97 50 96 40 98 49
4453 10.778243122868513 3.6449381842531565 -2.2792942429070568 231 231 231 0.20064881519401967 90 30 97 74
4454 6.8541138218984026 0.46197580513322073 1.3530425022445933 107 112 129 0.2464528239600022 93 70 97 88
4457 4.9302232840666056 1.7260607522449567 -0.50537283493547269 8 8 8 0.33910399887273046 91 54 94 54 97 95 96 80 99 160
4458 4.9302232840666056 1.7260607522449567 -0.50537283493547269 8 8 8 0.33910399887273046 91 55 94 55 97 96 96 81 99 161
4459 7.1395656580227813 1.3419659001666584 -0.14714601721554513 231 231 231 0.29949126418110589 92 219 97 127
4460 7.061388053556044 1.31796667410591 -0.14814405504229972 231 231 231 1.0947498911096223 83 328 92 220 97 128
4461 6.8561889558428515 0.9265115520492011 0.20283286663316422 231 231 231 0.78082236379102676 83 325 88 302 97 130 80 360 96 107 103 143
4462 5.2492532357661332 0.68305117943362281 0.50423390518103983 231 231 231 0.5099781251806661 91 181 94 181 95 160 97 144
4463 5.2489611202405104 0.68263725509722328 0.50496793299898746 231 231 231 0.090453910911229826 91 182 94 182 97 145
4464 5.2086613272843492 0.75909535281014995 0.4136472938616686 231 231 231 0.30747235371748977 95 162 97 147 96 129 98 204 103 265 101 318
4466 5.1188876899561375 1.6423744946113892 -0.41669210165622361 164 164 164 0.87314569722426982 95 248 97 153 103 153 101 261 99 157 102 100 102 183 105 165 105 185 112 318 110 158 104 174 106 158 109 180 108 158 111 180 111 235 114 300 115 245 116 307 122 586 117 382 117 423 121 436 120 455
4467 5.0314350122313591 0.63575385404216445 0.58092629457075751 233 233 233 0.39531606578468109 95 264 97 163 98 241
4468 5.404309978996686 0.4299866860133571 1.3574085799634048 0 0 0 0.17858275338336965 95 274 97 175
4469 5.404309978996686 0.4299866860133571 1.3574085799634048 0 0 0 0.17858275338336965 95 275 97 176
4470 3.6927131255620593 0.85963418722392182 -0.039323631275115421 115 121 139 0.24183777475706886 95 285 97 182
4472 5.2161024295889487 0.6865448046901792 0.50267484945767427 0 0 0 0.37590747162922322 91 265 94 265 97 202 98 233
4473 3.8212264562427638 1.3214710035390602 0.092566998844724455 79 84 96 0.77400872598272108 90 435 97 220
4474 6.9411426989990783 0.53650812946447968 0.68012777562298621 231 231 231 2.0954398341115454 80 356 85 372 97 226 75 507 78 448 79 316 83 481 96 195 96 230 8 212 6 68
4476 4.9638310308973921 1.8350279203974971 -0.3510816863305613 59 62 72 1.776975582028149 95 359 97 239 96 214 103 314 101 334 99 281 99 289 102 206 100 219 105 213
4477 21.295473001592146 22.644463145698484 -5.9155931035366187 8 8 8 1.7573451316619855 83 591 97 241 81 591 84 592
4478 5.5640777813407993 0.52460819146643367 1.2961026678309304 59 62 72 0.047667701249210326 95 361 97 242
4480 8.3642330527097659 0.92581297961053532 1.9873575924426838 61 65 75 0.60667926819608853 89 473 91 434 94 434 95 382 97 265 93 366 96 262
4482 7.3355912296621719 1.5066944089049554 -0.72178799691253615 231 231 231 1.3511323499104575 91 460 94 460 95 373 97 284 96 225 98 247 101 276 102 196
4484 5.2841208353586193 0.66996038114613332 0.54924055654666581 0 0 0 0.71464740465669263 91 498 94 498 95 439 97 318 98 344
4485 8.1041464533968668 1.0101244886838718 1.8711836466020941 231 231 231 0.30307766551680715 91 472 94 472 95 444 97 322 96 289
4486 3.4981702860480541 0.85878503848810128 -0.046805988289263925 115 121 139 1.3967920215295675 95 431 97 333
4488 7.6015268615288418 1.9658192665858303 -0.4571087544473994 59 62 72 0.72352528390049509 89 443 90 508 93 408 97 338 98 335
4489 7.2381972079143777 0.75923932104621761 1.4342811477454056 231 231 231 0.61801020491184411 91 561 94 561 95 500 97 343
4490 7.3280220543868522 0.37610118197638281 1.3631996282323575 59 62 72 1.0425602163493146 89 449 90 455 92 410 94 374 91 374 95 344 97 228 97 260 80 543 82 453 89 506 94 417 75 663 77 519 78 457 79 325 90 509 91 417
4491 10.803433333156349 3.8678251782981183 -2.0919655225270612 231 231 231 0.25033300272017805 90 175 97 125
4492 6.2528278739388057 1.778375628465751 -0.26134028276076982 107 113 130 2.1288054523334243 92 506 97 317 103 340 95 438 99 313 102 252 100 256 105 260
4497 5.3224214237295415 1.6971412326691091 -0.3423808204270562 164 164 164 0.24069811000417213 91 19 94 19 96 79 98 133
4498 5.3252774201305115 1.6137911622039591 -0.51413677259232593 164 164 164 0.42470831338126525 91 41 94 41 96 113
4499 5.2991456642479235 0.78824640390980949 0.38332259627301696 0 0 0 0.53744606788869176 93 24 96 117 101 268
4500 5.3563824017417749 0.62752834811234315 0.56148384317212785 231 231 231 0.45463589982553287 95 157 97 137 96 121
4501 4.9368125729331398 1.7203194805498589 -0.51508226193993933 231 231 231 0.65843456922252186 91 272 94 272 96 122 100 107 105 85 110 63 106 63
4502 5.2086613272843492 0.75909535281014995 0.4136472938616686 232 232 232 0.30747235371748977 95 161 97 146 96 128 98 203 103 264 101 317
4503 8.1327316438144521 0.90205973525882766 1.8643152369283373 231 231 231 0.28814705715975858 85 181 95 252 96 135
4507 5.2477949871305505 1.6316012192919602 -0.45334648754220619 164 164 164 0.88654360036486912 90 65 103 235 99 151 102 143 96 165 98 127 100 164 105 160 103 100 104 206 99 238 109 177 111 209 107 140 116 311 121 469
4508 5.2477949871305505 1.6316012192919602 -0.45334648754220619 164 164 164 0.88654360036486912 90 66 103 236 99 152 102 144 96 166 98 128 100 165 105 161 103 101 104 207 99 239 109 178 111 210 107 141 116 310 121 468
4509 3.6986308869917592 1.0156844174196522 -0.35780914733655939 107 112 129 1.143586667011175 94 283 96 184 91 283
4510 4.8084336673519372 1.1637937974886674 0.053494821056078341 112 118 135 0.63040041753655363 97 237 96 212 98 264 103 297 101 321 100 224
4511 4.8064417524570144 1.1624397598755056 0.053127743516048181 112 118 135 0.68748971469103193 97 238 96 213 98 265 103 298 101 322 99 282 102 233 100 223
4512 4.9032071317052566 1.6577474759272097 0.044814613618989751 231 231 231 0.73153394737916821 99 290 101 350 98 285 102 234
4514 4.3913259824983593 2.0364381733068679 -0.041998377400192501 115 121 139 1.1541724519291563 95 430 96 300
4516 5.0357607354854048 1.7389054547980336 -0.29516414245506922 59 62 72 1.6231274083374962 91 502 94 502 96 313 98 321 102 243 100 233 105 253 104 285 107 194
4519 4.9269019372924063 1.8567613391404032 -0.24500505685081492 59 62 72 1.6618291318242633 97 353 96 320 98 326 103 347 101 367 99 305 102 244 100 234
4520 6.9400819933227273 1.778097754820531 -0.44655098916933295 231 231 231 0.84088483088545429 91 514 94 514 95 494 97 365 96 335 98 359 91 551 94 551 103 373
4521 6.9713043332400808 1.7932011764811167 -0.44966020392205142 231 231 231 0.84368678333577207 91 515 94 515 95 495 97 366 96 336 103 374 98 360
4522 5.0445016896852986 1.6873487005690997 -0.35416748864422221 69 73 85 1.1005158648662423 91 210 94 210 98 138 105 133
4523 6.0938414315413656 1.4417324808661689 -0.93436664597536523 231 231 231 1.1962908319261543 95 71 97 73 96 160
4525 6.9563359722919769 0.57677526983373173 0.63426649704461291 231 231 231 1.0477389595155242 79 317 81 220 82 221 83 326 86 271 89 387 75 508 78 449 80 357 85 225 76 556 90 245 94 339 91 339 95 338 96 228 77 662 94 413 91 413 98 252
4526 5.0486088648570613 1.5688406714427152 -0.51338666760207874 0 0 0 0.11054580781279871 96 14 98 14
4527 5.0486088648570613 1.5688406714427152 -0.51338666760207874 0 0 0 0.11054580781279871 96 15 98 15
4528 2.4280181639548735 1.9765083490210149 -0.096047611272555566 0 0 0 0.12090444776529696 85 214 88 42
4529 2.4077830543260896 1.9346982035087841 -0.094488728347554424 0 0 0 0.16510988300472473 83 183 88 41
4530 3.7478881804749165 0.81262714261924018 -0.057883371910736919 68 71 83 1.2694332721386674 92 185 98 33
4531 7.1734192402666688 1.4551237122563658 -0.070022946710913525 231 231 231 0.79195351550518378 77 313 83 74 98 41 103 39 101 49 99 12 97 41 95 81
4532 7.1776949255466 1.4560348767881688 -0.070547840761590055 231 231 231 0.65586332284734383 77 312 83 73 95 82 97 42 98 42 101 50 99 13
4534 3.6850195325282429 0.84381083527825951 -0.038340307432220132 115 121 139 1.2125088551789314 96 189 98 85
4535 3.6850195325282429 0.84381083527825951 -0.038340307432220132 115 121 139 1.2125088551789314 96 190 98 86
4537 5.0815150836294176 1.6858516904680234 -0.33076348362795766 0 0 0 0.70679893868997712 96 88 98 96 103 159 101 265 99 217 102 149 105 99
4538 4.6612299759147504 2.0474100053506294 -0.56397307272956521 231 231 231 1.4132986850407834 96 91 98 99 101 182 103 111 99 101 102 113 100 114 115 86 115 142 112 137 111 103 117 222 120 166
4539 4.6474121090427785 2.0218467308774284 -0.55803882759779733 231 231 231 0.45110765835342415 96 92 97 111 98 100 101 183 103 112 99 102 102 114 100 115 105 97 104 114 110 74 106 74
4540 4.9984138494755648 1.2996268518153395 -0.98093308804004509 95 100 115 0.21429646781377013 96 106 98 121
4542 12.18689790808018 13.009211472988762 -3.3676453785095872 8 8 8 0.83820815632496226 83 433 98 151
4545 4.3580676788984336 1.5141266378248417 0.05643609885545247 231 231 231 0.2457548025121436 96 157 98 187
4546 5.0531024838356124 1.5584741937562092 -0.5914994749939696 164 164 164 0.61504221179181218 96 112 98 194 103 148 100 163 110 204 106 204 116 343
4547 3.6765710152538102 1.0714508477718707 -0.31160329142125331 115 121 138 0.62493948184193782 96 185 98 214
