# Image list with two lines of data per image:
#   IMAGE_ID, QW, QX, QY, QZ, TX, TY, TZ, CAMERA_ID, NAME
#   POINTS2D[] as (X, Y, POINT3D_ID)
# Number of images: 21, mean observations per image: 75.714285714285708
108 0.94204117086387906 -0.20153527044690006 0.037714012751895606 -0.26555530573772501 -5.6346882603374189 -3.5634398392198317 -3.3038450552893033 108 moving_frame_0107.png
553.49566650390625 36.0670166015625 354 440.021728515625 114.53218841552734 461 440.021728515625 114.53218841552734 -1 775.4276123046875 355.09893798828125 -1 1165.517822265625 503.73092651367188 -1 8.9245386123657227 209.0140380859375 -1 748.8798828125 340.10406494140625 -1 789.6624755859375 353.54733276367188 -1 646.57989501953125 17.267232894897461 -1 558.4520263671875 39.208477020263672 213 736.96368408203125 123.26670837402344 -1 877.5360107421875 332.18463134765625 -1 777.0567626953125 333.9073486328125 464 878.54931640625 336.87933349609375 -1 878.54931640625 336.87933349609375 -1 775.46270751953125 366.66134643554688 -1 642.4769287109375 12.929247856140137 465 558.5616455078125 39.376461029052734 -1 366.72738647460938 40.375694274902344 199 773.20941162109375 101.39179992675781 -1 864.6053466796875 132.46945190429688 -1 777.1322021484375 333.10699462890625 -1 735.0234375 352.45706176757812 -1 672.73077392578125 6.277735710144043 -1 672.73077392578125 6.277735710144043 -1 472.41241455078125 35.228267669677734 -1 449.663818359375 115.1214599609375 490 274.94070434570312 147.44219970703125 -1 788.71978759765625 150.21913146972656 -1 775.3438720703125 342.69650268554688 -1 759.85662841796875 358.3673095703125 -1 1108.8670654296875 373.01776123046875 467 1182.9736328125 446.27731323242188 398 1182.9736328125 446.27731323242188 -1 645.98590087890625 6.0311565399169922 -1 645.98590087890625 6.0311565399169922 -1 767.0819091796875 124.63677978515625 -1 767.0819091796875 124.63677978515625 -1 736.82427978515625 125.42531585693359 -1 309.86215209960938 137.11337280273438 468 794.72113037109375 144.52276611328125 469 383.45281982421875 181.73414611816406 491 385.42892456054688 194.51016235351562 -1 1089.0032958984375 353.08999633789062 -1 733.2158203125 359.34628295898438 141 1099.3033447265625 361.95877075195312 -1 1202.0281982421875 506.38519287109375 -1 327.88565063476562 138.09419250488281 -1 826.08123779296875 145.55375671386719 -1 281.14096069335938 153.46884155273438 471 814.3343505859375 156.2088623046875 424 1099.295654296875 361.685791015625 -1 720.6204833984375 366.68472290039062 107 1138.2628173828125 372.29534912109375 397 888.96417236328125 395.11624145507812 472 1131.008056640625 421.680419921875 400 1165.60205078125 441.95220947265625 -1 83.864509582519531 614.98638916015625 -1 731.9276123046875 95.962783813476562 428 432.83837890625 112.94400024414062 402 448.16500854492188 112.46195220947266 473 189.4404296875 122.94302368164062 -1 808.64495849609375 134.42607116699219 474 993.622314453125 142.73078918457031 492 840.40966796875 146.30754089355469 -1 28.49656867980957 212.12789916992188 -1 782.4644775390625 313.7052001953125 184 789.568603515625 344.54364013671875 -1 747.9793701171875 365.30316162109375 108 1145.5987548828125 406.39004516601562 241 961.66058349609375 508.95980834960938 -1 1261.8345947265625 706.34515380859375 -1 174.65234375 38.827934265136719 401 532.911865234375 44.784347534179688 477 765.0364990234375 74.292694091796875 -1 1029.2427978515625 104.53108978271484 -1 231.43753051757812 110.49111938476562 -1 759.41845703125 314.71746826171875 188 778.9725341796875 328.81982421875 157 1064.5980224609375 329.69671630859375 320 1150.4027099609375 450.79031372070312 -1 1138.1060791015625 513.06109619140625 -1 764.73150634765625 72.468544006347656 -1 686.69342041015625 92.346580505371094 -1 1017.676513671875 138.93795776367188 -1 354.54995727539062 151.83421325683594 409 541.93463134765625 177.1759033203125 478 422.08047485351562 185.978271484375 429 470.8524169921875 182.82133483886719 -1 345.71969604492188 189.47219848632812 493 51.584701538085938 198.68855285644531 -1 51.584701538085938 198.68855285644531 -1 616.031494140625 341.58230590820312 480 616.031494140625 341.58230590820312 411 327.39089965820312 369.51544189453125 481 737.5126953125 378.20648193359375 118 1169.068603515625 422.9178466796875 261 1150.3299560546875 451.1153564453125 -1 88.544815063476562 47.823455810546875 -1 769.67266845703125 93.938789367675781 -1 769.67266845703125 93.938789367675781 482 717.75091552734375 127.79423522949219 -1 748.95452880859375 322.58441162109375 483 859.796142578125 344.18389892578125 417 1105.899658203125 352.68093872070312 240 675.26324462890625 403.40066528320312 127 1223.8267822265625 464.98538208007812 426 1156.4840087890625 489.24127197265625 -1 715.65673828125 30.808658599853516 484 232.13105773925781 121.49472045898438 -1 316.9677734375 159.29595947265625 -1 316.9677734375 159.29595947265625 485 309.11166381835938 211.0177001953125 486 1078.46240234375 366.38534545898438 217 1078.46240234375 366.38534545898438 218 858.33355712890625 380.96832275390625 422 1085.764404296875 404.75918579101562 219 669.2406005859375 434.15676879882812 314 47.888195037841797 449.62118530273438 -1 1208.4527587890625 488.425048828125 489 908.73504638671875 503.52059936523438 -1 1176.850341796875 555.4852294921875 -1 1100.497802734375 579.4473876953125 423 64.820060729980469 689.74200439453125 -1
107 0.96552922719102874 -0.12797223342126521 -0.038928805955295992 -0.22329569404707089 -3.1628962924481265 -2.6196444411223778 -3.1663740444943782 107 moving_frame_0106.png
419.09469604492188 106.12696838378906 461 838.29095458984375 308.08282470703125 -1 698.14495849609375 324.32562255859375 -1 697.01336669921875 326.96939086914062 387 1218.897705078125 463.95272827148438 -1 747.548583984375 123.30718231201172 -1 776.895263671875 152.15689086914062 -1 751.56707763671875 310.15548706054688 -1 711.00689697265625 311.53262329101562 -1 737.353759765625 312.09329223632812 302 870.040771484375 102.87892150878906 -1 716.00677490234375 106.48591613769531 -1 749.20098876953125 296.1563720703125 -1 1081.3160400390625 387.4326171875 -1 1081.3160400390625 387.4326171875 427 1164.8409423828125 685.3636474609375 -1 616.47137451171875 9.6433639526367188 465 345.70364379882812 36.475421905517578 199 984.98876953125 127.23179626464844 -1 747.4786376953125 133.63539123535156 -1 7.9971408843994141 189.55949401855469 -1 281.65765380859375 189.771240234375 -1 736.55523681640625 296.86691284179688 -1 749.34698486328125 296.4061279296875 -1 711.4830322265625 312.27734375 -1 801.35394287109375 330.50238037109375 -1 832.6463623046875 330.50296020507812 -1 1165.447265625 697.7999267578125 -1 645.64337158203125 3.2637529373168945 -1 427.747314453125 106.40355682373047 490 958.11370849609375 126.20107269287109 -1 308.48260498046875 130.28565979003906 -1 775.27386474609375 153.4454345703125 -1 724.11016845703125 329.36822509765625 -1 1042.220947265625 333.07705688476562 467 1133.1412353515625 448.66348266601562 -1 1142.9986572265625 483.74789428710938 -1 1267.6575927734375 497.26113891601562 -1 1268.1715087890625 506.169677734375 -1 1127.605224609375 661.62957763671875 -1 1152.6556396484375 662.2420654296875 -1 701.10400390625 84.03826904296875 428 826.447509765625 115.65351867675781 -1 752.14129638671875 128.15689086914062 469 752.14129638671875 128.15689086914062 -1 780.31134033203125 147.12019348144531 393 363.7159423828125 176.33737182617188 491 280.61862182617188 178.28681945800781 -1 45.934970855712891 188.14195251464844 -1 45.934970855712891 188.14195251464844 -1 724.8056640625 319.43780517578125 147 753.41864013671875 327.28387451171875 -1 697.22772216796875 330.17605590820312 141 1072.77490234375 332.98223876953125 397 1119.369140625 408.794921875 -1 1263.7091064453125 539.9501953125 -1 1165.1051025390625 653.59039306640625 280 1113.1256103515625 670.0760498046875 362 1145.2799072265625 669.0079345703125 363 659.3905029296875 83.740036010742188 -1 955.92486572265625 115.01090240478516 -1 783.736328125 129.59431457519531 -1 771.19384765625 138.43121337890625 424 262.52243041992188 147.00830078125 471 790.17791748046875 321.25711059570312 399 846.96441650390625 365.10958862304688 472 1067.8291015625 383.63296508789062 400 1234.392578125 591.65289306640625 -1 1262.9698486328125 594.83648681640625 -1 1136.351318359375 656.30853271484375 -1 1177.51904296875 660.2322998046875 236 1101.772216796875 663.07537841796875 238 1103.6617431640625 706.34625244140625 -1 158.33038330078125 36.227851867675781 -1 411.37017822265625 104.3817138671875 402 765.67083740234375 119.41262054443359 474 940.6015625 125.09514617919922 492 290.80126953125 134.32160949707031 404 742.742919921875 286.86346435546875 184 738.53594970703125 300.86773681640625 157 751.10906982421875 315.66595458984375 -1 1083.4617919921875 370.52236938476562 241 1266.7696533203125 551.87103271484375 -1 1178.2103271484375 691.4476318359375 255 1178.2103271484375 691.4476318359375 256 621.6474609375 23.235963821411133 -1 509.19357299804688 40.405620574951172 477 733.640869140625 66.614814758300781 406 975.0992431640625 88.468795776367188 381 301.98626708984375 103.07112121582031 -1 970.06884765625 103.10924530029297 -1 34.502178192138672 164.89634704589844 -1 48.944168090820312 181.16966247558594 494 48.944168090820312 181.16966247558594 -1 28.487728118896484 193.70211791992188 -1 816.664794921875 301.72232055664062 -1 1010.9234008789062 302.39895629882812 320 702.0751953125 347.89068603515625 118 1086.3885498046875 412.02328491210938 425 1092.1015625 444.03485107421875 -1 1240.602783203125 495.5723876953125 -1 1240.602783203125 495.5723876953125 408 1150.98876953125 692.97998046875 -1 1166.9066162109375 707.077392578125 -1 736.6962890625 83.948432922363281 482 336.23382568359375 141.66435241699219 409 520.1866455078125 170.85005187988281 478 402.11257934570312 180.37075805664062 429 326.12466430664062 183.80868530273438 493 712.51416015625 293.31982421875 483 589.00445556640625 318.99075317382812 480 589.00445556640625 318.99075317382812 411 1049.854248046875 322.95639038085938 240 313.03890991210938 346.93551635742188 481 1106.5416259765625 386.48748779296875 261 1147.1085205078125 415.71566772460938 426 1159.8133544921875 622.39312744140625 372 66.25604248046875 642.39794921875 -1 1147.106201171875 643.28424072265625 247 1147.106201171875 643.28424072265625 -1 264.18377685546875 91.317665100097656 430 212.35562133789062 110.89150238037109 -1 831.81622314453125 131.96855163574219 431 818.17181396484375 320.91583251953125 417 1029.2200927734375 370.05706787109375 -1 643.943115234375 371.59927368164062 127 1200.7783203125 427.46499633789062 282 1136.1160888671875 436.033935546875 489 75.758621215820312 617.2999267578125 -1 1071.0631103515625 654.56585693359375 420 1160.9671630859375 671.904052734375 270 1128.49462890625 690.5770263671875 -1 336.388427734375 104.65029144287109 -1 751.21612548828125 109.90402221679688 432 301.60482788085938 154.744873046875 485 298.63766479492188 206.70858764648438 486 1023.9835205078125 336.438232421875 -1 1023.9835205078125 336.438232421875 -1 816.249755859375 352.11099243164062 422 101.70143127441406 389.91619873046875 -1 42.012561798095703 399.62619018554688 -1 638.2451171875 400.9287109375 314 1212.920654296875 457.17776489257812 -1 1031.10498046875 520.0416259765625 423 1244.970947265625 532.2353515625 -1
106 0.97082018324673591 -0.031071304955208493 -0.19487510909036318 -0.13625871592736266 2.0375536214684975 -1.1465627322765173 -1.5267865909857838 106 moving_frame_0105.png
504.39599609375 27.836633682250977 354 905.430419921875 103.15093231201172 -1 700.46826171875 110.54763031005859 -1 706.57159423828125 110.63185882568359 -1 935.39434814453125 112.89641571044922 -1 928.53955078125 114.90256500244141 -1 273.59503173828125 176.88212585449219 -1 673.7852783203125 286.64422607421875 -1 700.87841796875 286.5946044921875 -1 663.07470703125 301.34686279296875 387 1131.3388671875 510.09585571289062 -1 91.204124450683594 570.55841064453125 -1 14.359758377075195 581.861083984375 -1 792.3387451171875 86.583732604980469 -1 786.78814697265625 106.51556396484375 -1 699.45050048828125 281.43521118164062 464 1094.5020751953125 622.292236328125 -1 662.31219482421875 111.84841156005859 -1 274.73110961914062 184.70669555664062 -1 673.30792236328125 287.3551025390625 -1 704.72515869140625 310.4427490234375 -1 49.074974060058594 623.43572998046875 -1 590.40728759765625 6.5333328247070312 465 509.64263916015625 31.402490615844727 213 662.3951416015625 111.50108337402344 -1 735.24322509765625 136.56254577636719 -1 242.77314758300781 180.37046813964844 -1 716.2506103515625 299.58499145507812 223 1077.093505859375 388.65841674804688 -1 1060.2548828125 600.367919921875 -1 1081.343505859375 601.4814453125 -1 783.38330078125 102.29657745361328 -1 271.68222045898438 125.80617523193359 468 740.408203125 130.78489685058594 393 5.5689425468444824 166.68843078613281 -1 262.35501098632812 185.61003112792969 -1 689.71002197265625 303.18673706054688 177 1026.033935546875 357.9661865234375 427 1062.83837890625 378.30599975585938 398 988.83917236328125 441.2432861328125 -1 988.83917236328125 441.2432861328125 -1 1193.91455078125 473.64907836914062 -1 1267.937744140625 515.679443359375 356 673.0966796875 71.457923889160156 -1 932.36846923828125 99.065116882324219 -1 42.440559387207031 170.74595642089844 -1 42.440559387207031 170.74595642089844 -1 342.5908203125 171.90164184570312 -1 688.19775390625 294.58526611328125 147 662.9652099609375 304.3848876953125 141 1139.1402587890625 428.71966552734375 -1 1080.6392822265625 435.40435791015625 -1 888.27215576171875 451.59002685546875 -1 1179.884765625 452.74761962890625 -1 1201.39892578125 459.0230712890625 -1 1194.1727294921875 473.765625 -1 1093.599365234375 593.53216552734375 280 1047.1270751953125 607.7598876953125 362 1076.9119873046875 607.329345703125 363 390.38821411132812 96.581871032714844 402 403.51516723632812 96.061714172363281 473 903.7509765625 99.764877319335938 -1 891.1490478515625 109.52182769775391 -1 287.30874633789062 126.71605682373047 -1 28.815450668334961 152.91102600097656 -1 1264.8173828125 267.87188720703125 -1 1251.215087890625 276.39053344726562 -1 673.92730712890625 279.90548706054688 -1 673.92730712890625 279.90548706054688 -1 1269.3382568359375 282.9342041015625 -1 751.85247802734375 301.13824462890625 399 676.81793212890625 309.00155639648438 108 651.12579345703125 310.93722534179688 107 1050.6214599609375 351.03402709960938 -1 1011.8429565429688 353.85897827148438 400 1057.739990234375 371.1702880859375 -1 1034.6923828125 400.02279663085938 -1 1197.2701416015625 428.75527954101562 -1 1220.890380859375 448.51116943359375 -1 1155.0501708984375 519.03729248046875 -1 1189.8355712890625 535.984619140625 -1 1106.0909423828125 599.2918701171875 236 1034.6708984375 601.79034423828125 238 595.8218994140625 19.156660079956055 -1 702.774658203125 60.159950256347656 406 729.11163330078125 120.26491546630859 424 271.6636962890625 128.40750122070312 404 243.65194702148438 140.55848693847656 -1 47.290012359619141 166.31718444824219 494 704.80010986328125 263.260498046875 184 699.0025634765625 275.67691040039062 157 713.52606201171875 276.33551025390625 204 714.73199462890625 290.6904296875 151 1026.8646240234375 339.05703735351562 -1 619.677978515625 458.75735473632812 -1 1194.873779296875 517.98974609375 -1 279.45358276367188 527.43011474609375 -1 1107.11376953125 628.75030517578125 255 1107.11376953125 628.75030517578125 256 1038.734130859375 640.117919921875 -1 485.03524780273438 36.327175140380859 116 924.63232421875 74.136688232421875 381 917.62237548828125 88.67303466796875 -1 281.96121215820312 98.481651306152344 -1 679.44854736328125 265.7989501953125 188 960.0023193359375 277.69332885742188 -1 668.756591796875 321.03515625 118 1082.677001953125 374.80337524414062 426 1027.1075439453125 377.73751831054688 425 1160.637939453125 446.30487060546875 -1 987.46514892578125 456.93545532226562 -1 1191.703125 455.82843017578125 -1 305.66213989257812 527.9383544921875 -1 1173.396240234375 544.086181640625 -1 1077.476318359375 583.62322998046875 247 1077.476318359375 583.62322998046875 -1 1021.60302734375 623.71038818359375 -1 1021.60302734375 623.71038818359375 -1 1079.8094482421875 629.61334228515625 -1 1079.8094482421875 629.61334228515625 -1 1006.4859619140625 632.264404296875 -1 1007.64013671875 648.50494384765625 -1 1007.64013671875 648.50494384765625 -1 790.47930908203125 116.29278564453125 431 318.21438598632812 132.45271301269531 409 497.9793701171875 164.94100952148438 478 497.9793701171875 164.94100952148438 -1 381.84716796875 175.33804321289062 -1 381.84716796875 175.33804321289062 -1 306.31072998046875 179.08094787597656 -1 306.31072998046875 179.08094787597656 -1 677.41510009765625 268.91485595703125 483 998.40155029296875 296.62588500976562 -1 562.189697265625 298.75881958007812 411 692.553466796875 317.42190551757812 -1 296.45297241210938 326.85189819335938 -1 1023.5140380859375 377.29159545898438 -1 1124.3404541015625 383.64157104492188 -1 1070.2269287109375 391.62600708007812 -1 1087.3720703125 564.3358154296875 372 73.240196228027344 580.52081298828125 -1 1005.2504272460938 593.35626220703125 -1 1005.2504272460938 593.35626220703125 -1 1091.2587890625 645.2803955078125 -1 1053.2071533203125 653.6051025390625 -1 947.38470458984375 697.79150390625 -1 660.07489013671875 20.215055465698242 484 88.260696411132812 27.380313873291016 -1 716.5152587890625 97.556022644042969 432 778.453857421875 299.84530639648438 417 973.196533203125 310.08343505859375 -1 973.196533203125 310.08343505859375 -1 776.4268798828125 327.21075439453125 422 976.43310546875 341.19894409179688 -1 612.4051513671875 343.791748046875 127 1181.8450927734375 427.07083129882812 -1 1232.2879638671875 462.88571166992188 -1 969.877685546875 470.98345947265625 423 1207.3585205078125 475.71011352539062 -1 1244.5986328125 500.71481323242188 -1 1244.5986328125 500.71481323242188 -1 1216.397216796875 508.817138671875 -1 81.038688659667969 557.45086669921875 -1 1089.6365966796875 609.35662841796875 270 1061.080078125 626.9952392578125 -1 1061.080078125 626.9952392578125 -1 992.887451171875 692.46551513671875 -1 242.41448974609375 86.785369873046875 430 45.702651977539062 108.16880035400391 -1 284.27243041992188 149.07456970214844 -1 542.46453857421875 178.38236999511719 -1 695.2110595703125 226.09524536132812 -1 695.2110595703125 226.09524536132812 -1 544.89886474609375 251.642822265625 -1 1239.75830078125 257.13516235351562 -1 609.19598388671875 372.68133544921875 314 1167.9395751953125 481.25308227539062 -1 226.59994506835938 626.45556640625 -1
105 0.96805093057791125 -0.009613729621224849 -0.2109514868650002 -0.13521997707238287 2.3124345759926803 -0.85915812836553584 -1.6850350944421524 104 moving_frame_0103.png
321.68215942382812 84.471199035644531 -1 832.2554931640625 88.853370666503906 -1 471.73907470703125 179.20416259765625 -1 605.4361572265625 245.27146911621094 -1 647.57135009765625 253.59257507324219 -1 1060.767333984375 368.97354125976562 -1 1055.86279296875 371.014404296875 -1 1051.0772705078125 391.07815551757812 -1 1051.0772705078125 391.07815551757812 -1 1057.162353515625 401.02505493164062 -1 1068.1221923828125 402.97421264648438 -1 710.587646484375 83.343124389648438 -1 629.28802490234375 245.85946655273438 302 841.46490478515625 71.998245239257812 -1 645.7041015625 84.601516723632812 -1 652.77716064453125 84.922187805175781 -1 607.90966796875 87.528999328613281 -1 51.635967254638672 522.6138916015625 -1 460.75579833984375 23.898458480834961 213 615.29559326171875 52.232578277587891 -1 721.91607666015625 79.423141479492188 -1 321.18191528320312 80.030563354492188 -1 972.13525390625 311.29080200195312 -1 942.9002685546875 313.38818359375 -1 933.98516845703125 354.2628173828125 -1 1044.3896484375 383.22161865234375 -1 927.92852783203125 486.32754516601562 -1 917.3984375 498.14593505859375 -1 931.68865966796875 515.63726806640625 -1 716.7987060546875 73.405662536621094 -1 664.934326171875 103.82899475097656 -1 658.8104248046875 109.50863647460938 200 17.403293609619141 146.98960876464844 -1 593.45013427734375 254.8177490234375 -1 624.04766845703125 260.46990966796875 177 637.882080078125 265.73858642578125 -1 971.9403076171875 311.17514038085938 -1 946.197265625 322.21469116210938 -1 1004.6878662109375 354.76174926757812 -1 888.1796875 365.0784912109375 -1 1069.64453125 381.82205200195312 -1 975.98748779296875 492.74465942382812 -1 970.2147216796875 498.73452758789062 280 945.36004638671875 499.23748779296875 -1 934.2501220703125 509.90631103515625 362 959.87994384765625 510.14559936523438 363 1268.39404296875 532.46258544921875 356 1183.27880859375 714.969970703125 -1 841.47064208984375 74.130340576171875 -1 809.99139404296875 74.557998657226562 -1 653.6558837890625 97.152641296386719 -1 653.6558837890625 97.152641296386719 -1 16.566600799560547 154.39347839355469 -1 303.85235595703125 175.61445617675781 -1 604.09375 248.36766052246094 -1 648.63836669921875 258.91854858398438 223 597.39849853515625 261.0965576171875 141 611.6318359375 266.28900146484375 108 690.95635986328125 274.2470703125 -1 717.11846923828125 274.2977294921875 -1 945.2178955078125 321.79296875 -1 970.75714111328125 358.51278686523438 -1 928.17645263671875 360.20040893554688 -1 1051.1900634765625 369.303955078125 -1 1068.71728515625 381.38693237304688 -1 82.386283874511719 490.5540771484375 -1 917.0709228515625 496.79132080078125 -1 919.34326171875 504.96817016601562 238 946.32781982421875 516.8231201171875 -1 628.0765380859375 234.92939758300781 157 645.09869384765625 235.66841125488281 204 646.7550048828125 248.74107360839844 151 590.365478515625 252.05503845214844 -1 586.14654541015625 267.29171752929688 107 732.72882080078125 293.06109619140625 -1 949.26153564453125 298.8695068359375 -1 923.56201171875 321.87808227539062 -1 1062.0306396484375 407.95025634765625 -1 221.87454223632812 463.68045043945312 -1 544.01458740234375 12.785011291503906 -1 691.48846435546875 67.53253173828125 -1 842.414794921875 79.066299438476562 -1 695.66259765625 101.84810638427734 -1 612.9686279296875 225.27970886230469 188 634.3388671875 224.04574584960938 184 605.1322021484375 276.44863891601562 118 926.3997802734375 287.83193969726562 -1 964.87042236328125 320.0859375 -1 977.53515625 349.07293701171875 -1 1.8472172021865845 490.70748901367188 308 986.1202392578125 529.041259765625 255 986.1202392578125 529.041259765625 256 557.53851318359375 25.567411422729492 -1 831.5941162109375 49.938877105712891 381 822.45147705078125 64.491302490234375 -1 168.2760009765625 71.857994079589844 154 704.8687744140625 73.127006530761719 186 731.2259521484375 72.703887939453125 -1 867.75701904296875 236.64237976074219 -1 943.41217041015625 321.38592529296875 -1 930.4735107421875 360.93447875976562 -1 930.4735107421875 360.93447875976562 -1 1055.47607421875 377.07669067382812 -1 1081.63525390625 426.33074951171875 -1 964.79705810546875 472.61175537109375 372 957.34405517578125 489.314453125 247 39.468799591064453 492.00436401367188 -1 939.5621337890625 503.12811279296875 -1 939.67706298828125 550.51055908203125 -1 867.99346923828125 608.7791748046875 -1 830.26898193359375 47.645717620849609 -1 652.785888671875 79.736724853515625 -1 453.398681640625 155.19277954101562 -1 453.398681640625 155.19277954101562 -1 266.13815307617188 170.81483459472656 -1 266.13815307617188 170.81483459472656 -1 257.86361694335938 193.07362365722656 -1 904.8935546875 252.22819519042969 240 625.49468994140625 273.05178833007812 -1 880.6717529296875 290.07965087890625 -1 552.543212890625 299.380859375 127 993.84942626953125 313.07272338867188 282 1093.236572265625 383.41461181640625 -1 77.873481750488281 464.26699829101562 -1 39.003597259521484 510.84796142578125 -1 968.85284423828125 511.4256591796875 270 954.24810791015625 529.10784912109375 -1 954.24810791015625 529.10784912109375 -1 23.78697395324707 532.4505615234375 -1 30.600893020629883 551.86920166015625 -1 496.0869140625 78.103385925292969 -1 12.940996170043945 125.31391143798828 -1 704.7989501953125 263.64151000976562 -1 881.35601806640625 266.38418579101562 -1 881.35601806640625 266.38418579101562 -1 1045.1650390625 348.98974609375 -1 1072.9549560546875 397.15200805664062 -1 1083.2188720703125 431.59042358398438 -1 934.06201171875 573.2198486328125 -1 886.05120849609375 588.11041259765625 225 199.55950927734375 79.71533203125 -1 199.55950927734375 79.71533203125 -1 680.31732177734375 92.125 -1 680.31732177734375 92.125 -1 246.92300415039062 138.26968383789062 -1 493.7470703125 228.58914184570312 -1 493.7470703125 228.58914184570312 -1 265.591064453125 254.15068054199219 -1 265.591064453125 254.15068054199219 -1 224.27154541015625 337.10028076171875 35 1037.576416015625 404.18707275390625 -1 32.711238861083984 477.88626098632812 -1 274.02764892578125 493.08648681640625 343 90.254180908203125 514.84112548828125 -1 90.254180908203125 514.84112548828125 -1 205.16033935546875 530.67877197265625 -1 168.38427734375 575.42388916015625 -1 837.4554443359375 595.6715087890625 257
104 0.96718935647883986 -0.026546644536447096 -0.20125487282257701 -0.15276288994082143 2.1025144859060791 -1.1408395177576658 -1.9598224008542962 105 moving_frame_0104.png
758.4659423828125 56.174354553222656 -1 602.226318359375 65.249221801757812 -1 857.4293212890625 90.737564086914062 -1 684.27191162109375 97.92559814453125 -1 650.96099853515625 98.568016052246094 -1 10.971673011779785 151.25242614746094 -1 627.3138427734375 276.02920532226562 -1 999.17950439453125 343.1722412109375 -1 1060.276123046875 467.0284423828125 -1 259.1534423828125 505.8155517578125 -1 259.1534423828125 505.8155517578125 -1 564.20361328125 4.0889720916748047 139 564.20361328125 4.0889720916748047 -1 634.99334716796875 99.283866882324219 -1 518.82928466796875 158.00367736816406 -1 663.328857421875 258.92901611328125 464 680.11236572265625 263.49871826171875 -1 639.0120849609375 265.40615844726562 -1 665.26495361328125 265.88189697265625 302 681.665771484375 276.76126098632812 -1 635.469970703125 98.484466552734375 -1 696.26971435546875 121.79459381103516 -1 518.9058837890625 158.56251525878906 -1 1111.594970703125 419.53079223632812 -1 68.819267272949219 536.17767333984375 -1 644.53436279296875 61.335380554199219 -1 611.29443359375 63.281505584716797 -1 686.41400146484375 96.433815002441406 -1 702.17486572265625 116.59243011474609 -1 267.87075805664062 120.69413757324219 -1 11.258750915527344 151.38819885253906 -1 681.51708984375 277.73251342773438 223 655.81549072265625 280.23336791992188 177 1008.094482421875 348.5750732421875 -1 1008.094482421875 348.5750732421875 -1 1108.4473876953125 409.49237060546875 -1 1133.6031494140625 418.12451171875 -1 1154.2742919921875 432.62277221679688 -1 1267.842529296875 524.30194091796875 278 987.88201904296875 555.36968994140625 362 885.78228759765625 86.803367614746094 -1 885.78228759765625 86.803367614746094 -1 10.712997436523438 142.78303527832031 -1 25.059284210205078 169.54121398925781 -1 629.6717529296875 281.13784790039062 141 940.57025146484375 283.40167236328125 -1 671.36724853515625 285.60479736328125 -1 1005.6743774414062 355.29574584960938 -1 1068.1505126953125 388.88143920898438 -1 1023.2499389648438 394.02777099609375 -1 1123.2017822265625 431.27178955078125 -1 1041.8463134765625 548.11248779296875 236 974.56512451171875 549.835693359375 238 1015.4893798828125 554.938720703125 363 380.01559448242188 88.889129638671875 473 368.32077026367188 89.694747924804688 402 651.3076171875 91.930442810058594 -1 633.44140625 93.362831115722656 -1 844.2376708984375 96.174224853515625 -1 691.17193603515625 108.29945373535156 -1 734.739013671875 115.75888824462891 -1 252.22866821289062 122.94343566894531 -1 695.14404296875 124.76209259033203 -1 24.724590301513672 170.11134338378906 -1 323.5125732421875 177.6187744140625 -1 662.80218505859375 254.05018615722656 157 678.89532470703125 254.88447570800781 204 622.32757568359375 272.16781616210938 -1 714.82373046875 281.779052734375 -1 969.08282470703125 283.11444091796875 -1 1005.1060180664062 355.093505859375 -1 936.38458251953125 398.93328857421875 -1 594.25177001953125 424.6072998046875 -1 5.6125240325927734 534.0987548828125 308 974.44805908203125 550.1544189453125 238 412.14337158203125 31.953769683837891 -1 664.832275390625 66.437065124511719 -1 886.7135009765625 90.165084838867188 -1 946.89739990234375 266.39743041992188 240 679.8980712890625 268.3468017578125 151 975.07464599609375 312.16448974609375 241 998.2691650390625 323.42153930664062 261 978.0684814453125 392.9434814453125 -1 955.07611083984375 412.27325439453125 -1 1043.6009521484375 574.53759765625 255 569.66546630859375 16.020811080932617 153 584.24786376953125 28.0982666015625 156 460.50350952148438 32.457687377929688 477 876.69293212890625 60.978443145751953 -1 868.758056640625 75.919136047363281 -1 741.68731689453125 84.590873718261719 -1 912.73040771484375 256.13690185546875 320 535.91949462890625 280.38925170898438 411 636.56207275390625 297.41397094726562 118 973.75555419921875 349.18612670898438 -1 1015.8311157226562 353.9261474609375 -1 1089.4423828125 404.5018310546875 408 1120.230224609375 413.63458251953125 -1 290.90728759765625 510.10696411132812 -1 1014.4456787109375 532.8050537109375 247 1027.52783203125 590.90875244140625 -1 993.56353759765625 598.12127685546875 -1 914.9862060546875 658.18084716796875 -1 186.82176208496094 75.657447814941406 -1 751.54473876953125 102.25640106201172 -1 475.89071655273438 159.81227111816406 -1 475.89071655273438 159.81227111816406 -1 361.26339721679688 170.66873168945312 -1 361.26339721679688 170.66873168945312 -1 286.32534790039062 174.71018981933594 -1 286.32534790039062 174.71018981933594 -1 950.6053466796875 273.79660034179688 -1 658.62255859375 294.01544189453125 -1 582.3475341796875 320.29241943359375 127 75.103721618652344 528.4337158203125 -1 946.26324462890625 541.89129638671875 420 946.26324462890625 541.89129638671875 -1 39.954177856445312 556.95330810546875 -1 1026.7119140625 556.77117919921875 270 994.39813232421875 598.297119140625 -1 915.93011474609375 659.99298095703125 -1 526.63983154296875 83.663963317871094 -1 684.907958984375 87.287200927734375 -1 274.90536499023438 197.83915710449219 -1 740.8304443359375 280.72357177734375 -1 740.8304443359375 280.72357177734375 -1 926.12677001953125 286.92098999023438 217 926.12677001953125 286.92098999023438 218 927.822509765625 315.78042602539062 219 1109.8599853515625 384.79513549804688 -1 1160.04296875 419.44894409179688 -1 1136.7166748046875 433.46771240234375 -1 81.324363708496094 506.95361328125 -1 1002.2221069335938 573.54986572265625 -1 1002.2221069335938 573.54986572265625 -1 936.86932373046875 636.24322509765625 -1 220.61990356445312 83.879013061523438 -1 220.61990356445312 83.879013061523438 -1 33.904476165771484 102.28200531005859 -1 266.019287109375 143.52175903320312 -1 514.16510009765625 174.53524780273438 -1 518.68524169921875 238.70646667480469 -1 518.68524169921875 238.70646667480469 -1 283.60641479492188 264.8955078125 -1 283.60641479492188 264.8955078125 -1 581.32110595703125 348.563720703125 314 1099.2314453125 439.32232666015625 -1 982.24322509765625 494.37564086914062 -1 93.098320007324219 561.7890625 -1 93.098320007324219 561.7890625 -1 251.59298706054688 607.2745361328125 -1 174.80160522460938 623.80206298828125 -1 883.99188232421875 644.1041259765625 -1
103 0.97024680862951318 -0.0033859660625838034 -0.20845079797135158 -0.12311754709697073 2.4566548258549967 -0.79844649860311712 -1.2666399976698923 102 moving_frame_0101.png
632.416259765625 54.760482788085938 -1 702.72918701171875 113.79600524902344 -1 702.72918701171875 113.79600524902344 -1 102.98643493652344 130.10055541992188 -1 547.415283203125 155.12188720703125 -1 533.665771484375 177.03388977050781 -1 684.53759765625 243.60069274902344 -1 684.453125 245.98016357421875 -1 945.07452392578125 495.91342163085938 -1 515.369140625 27.763011932373047 213 381.69564819335938 78.81658935546875 -1 102.07968139648438 130.28607177734375 -1 547.24951171875 155.73013305664062 101 536.01483154296875 155.93817138671875 -1 964.3016357421875 311.77386474609375 -1 165.19773864746094 436.24307250976562 -1 970.91497802734375 487.85830688476562 -1 592.27960205078125 8.3043308258056641 139 876.3463134765625 74.447624206542969 -1 876.3463134765625 74.447624206542969 -1 694.0135498046875 84.293998718261719 -1 536.1025390625 156.40255737304688 -1 547.24359130859375 156.43170166015625 101 633.53045654296875 249.58387756347656 141 948.8538818359375 300.668701171875 -1 963.4268798828125 311.4456787109375 -1 296.41827392578125 464.52401733398438 277 931.66973876953125 479.31777954101562 -1 970.57598876953125 487.45474243164062 -1 973.1640625 492.0032958984375 363 973.1640625 492.0032958984375 -1 961.4283447265625 496.9140625 -1 751.63995361328125 67.5499267578125 -1 697.455322265625 95.839492797851562 202 696.5767822265625 107.6556396484375 200 630.81353759765625 243.60340881347656 -1 684.444091796875 247.87361145019531 223 942.661376953125 249.22557067871094 397 673.72705078125 254.27546691894531 -1 1020.066650390625 344.25723266601562 -1 1065.5849609375 357.86605834960938 -1 1083.27099609375 371.51800537109375 -1 1070.484619140625 383.90652465820312 -1 141.78489685058594 423.77484130859375 -1 162.9500732421875 422.9925537109375 -1 143.43077087402344 433.45370483398438 -1 983.01397705078125 481.02395629882812 280 948.2939453125 491.46365356445312 362 1268.6949462890625 516.45843505859375 278 1169.507568359375 706.00537109375 -1 298.94705200195312 114.55864715576172 233 640.74560546875 238.33921813964844 -1 663.18560791015625 249.03599548339844 177 649.7047119140625 255.01329040527344 108 622.4481201171875 255.69119262695312 107 975.21826171875 293.92681884765625 -1 1082.669921875 371.24166870117188 -1 1073.1817626953125 385.05621337890625 -1 102.12492370605469 430.601806640625 235 997.69085693359375 486.36334228515625 236 1187.5072021484375 699.088623046875 -1 623.23345947265625 20.063201904296875 146 641.72760009765625 50.012752532958984 -1 862.7061767578125 84.769371032714844 -1 696.38677978515625 111.05055236816406 -1 736.2340087890625 123.88124084472656 183 98.529586791992188 136.86532592773438 -1 670.3887939453125 215.53469848632812 184 663.986328125 225.78973388671875 157 682.054931640625 226.60311889648438 204 683.55633544921875 238.99789428710938 151 975.243408203125 294.044921875 261 987.60711669921875 309.04144287109375 -1 123.74742889404297 435.63525390625 -1 932.99884033203125 487.48165893554688 238 616.56134033203125 9.0685720443725586 -1 597.15966796875 19.871885299682617 153 608.394287109375 30.921138763427734 156 492.58489990234375 32.582618713378906 116 278.58306884765625 55.749195098876953 -1 239.47996520996094 67.627899169921875 154 876.8101806640625 80.683509826660156 -1 734.94415283203125 104.00984191894531 182 73.514869689941406 136.26905822753906 -1 650.49383544921875 216.43949890136719 188 932.08642578125 244.27978515625 240 643.37469482421875 264.6181640625 118 952.63031005859375 282.8974609375 241 144.42770385742188 426.81573486328125 -1 998.66400146484375 510.6026611328125 255 998.66400146484375 510.6026611328125 256 881.7509765625 583.04937744140625 -1 237.876953125 65.289520263671875 154 745.43621826171875 73.890327453613281 186 50.830280303955078 81.286849975585938 -1 753.53680419921875 89.771903991699219 206 246.96641540527344 95.036430358886719 -1 80.898643493652344 150.91600036621094 245 530.79632568359375 212.50587463378906 -1 530.79632568359375 212.50587463378906 117 661.6422119140625 262.37921142578125 -1 1010.5702514648438 305.02261352539062 282 995.06768798828125 337.37109375 -1 165.13623046875 428.78802490234375 -1 165.13623046875 428.78802490234375 -1 977.89373779296875 456.11575317382812 372 107.65467071533203 470.41513061523438 -1 107.65467071533203 470.41513061523438 -1 970.9105224609375 471.51559448242188 247 952.81610107421875 484.91049194335938 -1 115.34944152832031 487.71572875976562 27 969.21563720703125 511.35336303710938 -1 952.91180419921875 530.07135009765625 -1 42.483383178710938 565.33966064453125 -1 541.97021484375 80.854751586914062 123 541.97021484375 80.854751586914062 124 695.3387451171875 82.029426574707031 190 506.52798461914062 156.21560668945312 125 506.52798461914062 156.21560668945312 126 439.29660034179688 162.47906494140625 248 439.29660034179688 162.47906494140625 249 328.82119750976562 168.0450439453125 31 328.82119750976562 168.0450439453125 32 324.87591552734375 188.79060363769531 34 661.22296142578125 262.05020141601562 -1 741.43780517578125 259.12423706054688 192 590.89959716796875 285.262451171875 127 908.324951171875 285.77786254882812 219 154.55668640136719 411.04879760742188 269 982.12811279296875 493.54605102539062 270 102.78892517089844 506.85757446289062 -1 946.107666015625 549.806884765625 -1 541.15496826171875 226.50434875488281 -1 910.19366455078125 262.31008911132812 217 910.19366455078125 262.31008911132812 218 287.5689697265625 312.63034057617188 35 1060.5260009765625 339.18032836914062 -1 1109.8232421875 373.50653076171875 -1 1088.0352783203125 387.85296630859375 -1 166.08006286621094 455.18374633789062 94 166.08006286621094 455.18374633789062 93 328.9276123046875 466.91830444335938 287 165.46250915527344 495.74783325195312 -1 233.97422790527344 518.30194091796875 37 898.9598388671875 564.7874755859375 225 661.39599609375 22.723899841308594 -1 267.47998046875 78.492050170898438 -1 96.935775756835938 83.874954223632812 -1 525.469970703125 125.6048583984375 133 314.60089111328125 134.89012145996094 132 92.379928588867188 161.74961853027344 250 540.52337646484375 225.4661865234375 134 327.52877807617188 243.69447326660156 92 1052.9752197265625 393.97027587890625 -1 117.88606262207031 420.37396240234375 -1 942.82904052734375 435.95016479492188 -1 203.15711975097656 460.59109497070312 271 48.830024719238281 482.43759155273438 273 852.90814208984375 570.5147705078125 257 681.69781494140625 598.5762939453125 -1
102 0.96579705269748373 -0.0010258348904714882 -0.21939659441347945 -0.13820323810750093 2.4489161764311471 -0.78437061141673015 -1.8947146077903434 103 moving_frame_0102.png
354.67117309570312 19.388545989990234 -1 725.06927490234375 54.015426635742188 -1 628.93060302734375 104.06367492675781 -1 601.8443603515625 228.2135009765625 -1 615.9268798828125 238.06965637207031 -1 553.93707275390625 251.33628845214844 -1 435.35757446289062 19.687522888183594 213 472.53305053710938 148.64775085449219 -1 568.19879150390625 228.30947875976562 -1 596.50006103515625 228.43341064453125 302 942.94830322265625 394.14324951171875 -1 938.3973388671875 497.07467651367188 -1 573.59051513671875 228.25146484375 -1 881.40460205078125 327.54248046875 -1 279.23837280273438 23.062665939331055 -1 555.301513671875 44.439380645751953 140 618.4639892578125 75.287605285644531 -1 623.06768798828125 97.724205017089844 200 472.40762329101562 149.69258117675781 101 984.987060546875 351.91275024414062 -1 1012.3692016601562 350.96072387695312 -1 995.283203125 360.95431518554688 -1 867.43157958984375 460.37405395507812 -1 897.80560302734375 465.84884643554688 -1 903.55328369140625 465.95184326171875 -1 225.54205322265625 473.85855102539062 277 1268.5103759765625 540.67108154296875 278 562.22039794921875 43.734966278076172 -1 675.7412109375 56.761558532714844 -1 212.80204772949219 111.73375701904297 233 565.6043701171875 242.9185791015625 141 605.43511962890625 247.37820434570312 -1 890.6617431640625 293.5836181640625 -1 947.14471435546875 325.10067749023438 -1 921.657470703125 327.59591674804688 -1 989.25927734375 335.55841064453125 -1 996.8013916015625 361.554931640625 -1 77.650787353515625 452.62420654296875 -1 916.6016845703125 460.58428955078125 280 892.75775146484375 461.06491088867188 -1 883.97998046875 471.16702270507812 362 544.77935791015625 10.708250999450684 -1 75.401466369628906 17.261098861694336 401 639.44439697265625 57.856533050537109 -1 766.94720458984375 64.575386047363281 -1 622.39154052734375 86.421531677246094 202 632.740966796875 112.07909393310547 -1 664.23529052734375 112.1722412109375 183 279.28384399414062 160.31533813476562 -1 571.88323974609375 230.82699584960938 -1 595.8740234375 240.50938415527344 177 616.192626953125 241.03884887695312 223 654.42364501953125 241.94061279296875 -1 6.5435900688171387 450.54177856445312 -1 876.3482666015625 451.37338256835938 -1 895.8616943359375 477.67630004882812 -1 84.248359680175781 10.25041389465332 106 544.73236083984375 10.670745849609375 -1 786.01190185546875 72.2442626953125 -1 622.7135009765625 101.36675262451172 -1 580.48516845703125 208.71267700195312 188 594.52972412109375 217.96881103515625 157 612.46539306640625 218.82038879394531 204 614.4327392578125 231.20512390136719 151 559.94708251953125 234.43009948730469 -1 654.98468017578125 242.464599609375 -1 681.7410888671875 242.86705017089844 -1 579.8233642578125 246.435791015625 108 554.0001220703125 248.48626708984375 107 903.152587890625 277.1651611328125 261 1003.3087158203125 346.94650268554688 -1 1003.9854736328125 376.6337890625 -1 932.56610107421875 464.38763427734375 236 868.045166015625 467.70132446289062 238 518.15447998046875 10.665382385253906 153 530.40447998046875 21.526096343994141 156 411.927490234375 24.877202987670898 116 147.79878234863281 65.536109924316406 154 800.5916748046875 69.975395202636719 -1 660.31146240234375 93.411888122558594 182 600.81463623046875 207.61698913574219 184 859.31341552734375 228.86958312988281 240 574.61175537109375 257.72097778320312 118 880.629638671875 266.50350952148438 241 915.23577880859375 291.43301391601562 -1 923.61492919921875 319.09423828125 -1 36.278560638427734 453.87820434570312 -1 933.5338134765625 488.79202270507812 255 953.4388427734375 522.0682373046875 -1 823.26806640625 565.011962890625 -1 30.59123420715332 16.892133712768555 -1 670.3485107421875 62.730007171630859 186 678.62579345703125 79.488639831542969 206 825.80474853515625 219.68490600585938 320 593.50372314453125 254.72300720214844 -1 937.97125244140625 286.87197875976562 282 1024.244873046875 395.72506713867188 -1 911.04107666015625 436.03836059570312 372 63.289787292480469 445.065185546875 -1 904.68731689453125 451.60952758789062 247 887.9481201171875 464.58544921875 -1 904.07452392578125 489.67794799804688 -1 904.07452392578125 489.67794799804688 -1 889.9559326171875 509.12200927734375 -1 29.075160980224609 509.63818359375 27 30.756980895996094 18.494674682617188 -1 317.01034545898438 31.521881103515625 -1 143.27142333984375 59.233264923095703 -1 465.09228515625 73.365676879882812 123 465.09228515625 73.365676879882812 124 619.9600830078125 72.613746643066406 190 430.69952392578125 150.91557312011719 125 430.69952392578125 150.91557312011719 126 245.649169921875 167.10588073730469 31 245.649169921875 167.10588073730469 32 240.9130859375 188.73504638671875 34 460.051513671875 209.02421569824219 117 839.26715087890625 248.00929260253906 218 837.059326171875 269.93841552734375 219 523.1141357421875 280.14154052734375 127 985.81390380859375 319.1646728515625 -1 1014.7207641601562 365.48468017578125 -1 1024.790283203125 397.33053588867188 -1 71.011177062988281 427.32687377929688 -1 34.580673217773438 471.27899169921875 -1 915.5946044921875 471.91485595703125 270 922.363525390625 521.28955078125 -1 838.7864990234375 546.9610595703125 225 824.886962890625 568.0987548828125 -1 178.79632568359375 75.575935363769531 -1 178.79632568359375 75.575935363769531 -1 669.55950927734375 248.38043212890625 192 705.2935791015625 255.18040466308594 -1 524.07818603515625 305.49093627929688 314 208.53549194335938 319.23153686523438 35 1035.350830078125 350.83367919921875 -1 918.7532958984375 684.19525146484375 -1 583.5457763671875 15.501178741455078 -1 449.57791137695312 119.37528228759766 133 469.19091796875 220.36296081542969 134 247.15255737304688 245.60418701171875 92 981.735595703125 373.7086181640625 -1 877.9405517578125 417.24078369140625 -1 29.347164154052734 439.76919555664062 -1 85.196990966796875 478.06695556640625 -1 85.196990966796875 478.06695556640625 -1 122.19015502929688 476.8624267578125 40 257.26882934570312 475.26834106445312 287 191.47064208984375 493.68698120117188 -1 87.385528564453125 511.837646484375 -1 159.35882568359375 532.98321533203125 -1 208.26283264160156 554.6497802734375 -1 793.89154052734375 553.505859375 257 625.64703369140625 590.751220703125 -1
101 0.97458706311114685 -0.0057187039171916806 -0.19624106741190422 -0.10787398343870294 2.4291007428522624 -0.79766253572397083 -0.56865573602269448 101 moving_frame_0100.png
674.1773681640625 19.527456283569336 -1 588.2877197265625 33.945117950439453 354 709.31463623046875 65.107177734375 -1 776.89813232421875 125.05795288085938 -1 776.89813232421875 125.05795288085938 -1 752.5150146484375 241.34515380859375 -1 753.523193359375 253.52806091308594 -1 1044.2677001953125 330.1214599609375 -1 1044.2677001953125 330.1214599609375 -1 1139.5391845703125 400.13027954101562 -1 1000.264404296875 503.38516235351562 -1 665.7939453125 65.526947021484375 -1 768.85760498046875 95.782302856445312 -1 391.35934448242188 165.37217712402344 -1 670.41925048828125 19.035074234008789 139 828.5118408203125 78.981269836425781 -1 769.00189208984375 95.531494140625 -1 770.917724609375 117.66963195800781 200 812.796142578125 130.49885559082031 183 621.494140625 164.76148986816406 101 712.095703125 241.26625061035156 -1 791.3343505859375 262.64547729492188 258 1052.4781494140625 330.96456909179688 -1 243.681884765625 410.90567016601562 -1 165.47601318359375 414.75881958007812 -1 702.69635009765625 12.232637405395508 -1 828.0347900390625 79.366050720214844 -1 955.39483642578125 88.789329528808594 -1 779.0831298828125 130.75675964355469 -1 731.07745361328125 258.99679565429688 177 703.12347412109375 259.349609375 141 691.4505615234375 265.3929443359375 107 832.89068603515625 295.60025024414062 -1 1097.0924072265625 366.2020263671875 -1 1162.5377197265625 397.2138671875 -1 1268.2706298828125 487.998046875 356 1014.5037231445312 514.23309326171875 362 1027.022216796875 520.66552734375 -1 773.12359619140625 106.43244934082031 202 645.71856689453125 122.24167633056641 -1 195.24049377441406 135.465087890625 -1 165.80593872070312 136.33908081054688 53 710.8819580078125 247.82975769042969 -1 753.5010986328125 258.70010375976562 223 1146.665771484375 385.21160888671875 -1 1137.6640625 389.59103393554688 -1 1161.177978515625 396.62625122070312 -1 1142.4698486328125 397.65951538085938 -1 1152.9945068359375 411.5631103515625 -1 1152.9945068359375 411.5631103515625 -1 187.55870056152344 415.73532104492188 235 1185.6861572265625 414.91665649414062 -1 999.4967041015625 499.87936401367188 -1 281.12619018554688 20.036998748779297 106 693.32568359375 20.156904220581055 -1 701.0992431640625 30.924270629882812 146 780.68414306640625 113.73780822753906 181 780.68414306640625 113.73780822753906 -1 809.9517822265625 115.71371459960938 182 770.31982421875 121.3697509765625 -1 740.39410400390625 225.04911804199219 184 734.13043212890625 235.65017700195312 157 751.87750244140625 236.40818786621094 204 753.11358642578125 248.40620422363281 150 753.11358642578125 248.40620422363281 151 698.18792724609375 250.23307800292969 -1 793.1666259765625 265.00653076171875 -1 1050.4818115234375 313.63339233398438 261 1063.0648193359375 329.40426635742188 -1 222.79025268554688 413.61557006835938 143 1157.41455078125 413.484619140625 -1 163.86415100097656 416.67550659179688 10 205.23056030273438 422.06536865234375 6 164.41683959960938 442.66812133789062 -1 1066.8824462890625 510.30474853515625 236 674.72955322265625 30.838413238525391 153 685.48516845703125 41.543563842773438 156 152.06927490234375 82.018562316894531 -1 955.962890625 95.729583740234375 -1 720.68475341796875 225.81758117675781 188 678.5848388671875 240.72265625 -1 711.48846435546875 273.82928466796875 118 1027.5252685546875 302.0865478515625 241 1035.82861328125 330.98574829101562 -1 1070.298828125 358.73406982421875 -1 987.71563720703125 527.5865478515625 -1 1067.3411865234375 536.33062744140625 255 126.64424133300781 540.666259765625 -1 75.012031555175781 543.213623046875 -1 941.5816650390625 604.89306640625 -1 945.72882080078125 65.505462646484375 381 323.87225341796875 68.549667358398438 154 821.55755615234375 85.897026062011719 186 331.98007202148438 98.801612854003906 -1 829.1993408203125 101.65528869628906 206 176.32133483886719 149.68434143066406 245 601.5814208984375 218.99250793457031 -1 601.5814208984375 218.99250793457031 117 1009.3338012695312 266.24032592773438 -1 1086.75390625 325.958740234375 282 1150.40576171875 393.17880249023438 -1 233.62849426269531 399.25234985351562 -1 246.45254516601562 416.25778198242188 -1 246.45254516601562 416.25778198242188 -1 186.28327941894531 454.36300659179688 25 186.28327941894531 454.36300659179688 26 1040.23779296875 494.98837280273438 247 972.842529296875 500.623046875 420 972.842529296875 500.623046875 -1 1038.9940185546875 536.92340087890625 -1 1018.6592407226562 554.403076171875 -1 944.22833251953125 63.236434936523438 -1 617.92047119140625 89.706146240234375 123 617.92047119140625 89.706146240234375 124 771.37274169921875 93.383880615234375 190 580.62811279296875 163.41622924804688 125 580.62811279296875 163.41622924804688 126 408.07345581054688 171.09062194824219 31 408.07345581054688 171.09062194824219 32 404.81146240234375 191.18490600585938 34 658.41943359375 292.51589965820312 127 981.05169677734375 302.56967163085938 219 233.4869384765625 399.21893310546875 269 1188.8905029296875 399.68862915039062 -1 175.20152282714844 404.16851806640625 22 196.52847290039062 436.029052734375 17 1174.2440185546875 445.0355224609375 -1 397.04165649414062 462.18948364257812 287 174.66824340820312 509.38217163085938 -1 1052.810546875 519.5654296875 270 96.229057312011719 527.417236328125 -1 961.9898681640625 587.46954345703125 225 942.35015869140625 608.010009765625 -1 325.03347778320312 703.8636474609375 -1 983.65081787109375 279.42648315429688 217 983.65081787109375 279.42648315429688 218 1139.324951171875 363.08340454101562 -1 112.50376129150391 382.49880981445312 507 1166.12109375 413.7283935546875 -1 244.35299682617188 442.73101806640625 94 244.35299682617188 442.73101806640625 93 305.91433715820312 505.82632446289062 37 350.18234252929688 120.21743774414062 43 599.774169921875 133.39590454101562 133 396.8551025390625 138.33624267578125 132 187.73240661621094 160.76658630371094 250 404.06549072265625 244.95280456542969 92 1128.84619140625 417.90927124023438 -1 279.73941040039062 449.21804809570312 40 1050.4095458984375 453.68218994140625 -1 398.75479125976562 461.82180786132812 287 133.19334411621094 463.85040283203125 273 97.738906860351562 526.43902587890625 48 343.74343872070312 530.16650390625 197
88 0.92157720830020462 0.090766243836149535 0.36021345441788066 0.11270849736295616 -3.3480363819187429 1.1636016367679665 2.6944091841242033 89 moving_frame_0088.png
1268.294189453125 211.63291931152344 -1 1268.294189453125 211.63291931152344 -1 254.70797729492188 210.10687255859375 -1 887.1185302734375 464.49008178710938 518 890.49505615234375 484.54034423828125 519 902.03997802734375 488.21713256835938 433 683.2161865234375 497.14224243164062 -1 1267.9144287109375 212.16281127929688 -1 172.32810974121094 244.75811767578125 -1 1251.400634765625 587.78973388671875 434 259.345458984375 252.31840515136719 -1 797.13262939453125 443.87814331054688 4 694.818115234375 486.36361694335938 105 876.31024169921875 491.74264526367188 104 850.04046630859375 715.107177734375 -1 172.75285339355469 245.56291198730469 -1 831.21136474609375 440.5361328125 3 786.36370849609375 448.52374267578125 152 721.42291259765625 479.6771240234375 112 917.68353271484375 490.951171875 7 688.5360107421875 494.72634887695312 109 1091.9927978515625 502.98358154296875 5 1246.6129150390625 662.6993408203125 436 758.879150390625 699.8636474609375 437 173.45169067382812 246.68829345703125 -1 816.3394775390625 442.57876586914062 9 873.702880859375 445.27975463867188 11 891.2176513671875 445.54934692382812 12 861.1820068359375 456.46597290039062 13 1067.0130615234375 503.48294067382812 10 1076.7783203125 512.83203125 57 608.2578125 522.79486083984375 -1 606.198486328125 533.708984375 -1 879.17132568359375 645.814697265625 20 840.822265625 427.9979248046875 113 885.30206298828125 433.548095703125 21 880.39630126953125 457.44711303710938 14 866.80303955078125 469.64273071289062 439 831.8023681640625 478.17044067382812 16 1141.4189453125 520.36688232421875 15 578.1019287109375 529.75860595703125 -1 1057.1329345703125 548.61566162109375 520 1057.1329345703125 548.61566162109375 -1 506.6407470703125 569.086669921875 441 263.11572265625 264.637939453125 -1 965.38592529296875 303.35147094726562 38 890.1092529296875 475.3709716796875 119 890.1092529296875 475.3709716796875 24 1081.8095703125 491.90615844726562 22 1072.091552734375 536.15289306640625 25 1072.091552734375 536.15289306640625 26 1084.5360107421875 552.76092529296875 27 986.4696044921875 584.46478271484375 442 767.57635498046875 689.27166748046875 336 247.31173706054688 177.81796264648438 -1 243.53108215332031 200.72225952148438 -1 243.53108215332031 200.72225952148438 -1 249.98526000976562 222.81982421875 -1 249.98526000976562 222.81982421875 -1 249.38809204101562 243.67971801757812 -1 215.130859375 250.20014953613281 -1 159.44810485839844 267.18826293945312 -1 948.2935791015625 466.33773803710938 71 890.53369140625 475.94058227539062 24 866.4857177734375 489.63497924804688 162 895.15887451171875 500.40762329101562 36 1129.86767578125 541.73101806640625 -1 1129.86767578125 541.73101806640625 -1 1215.7196044921875 669.40869140625 -1 272.23468017578125 674.75054931640625 -1 738.44549560546875 698.04608154296875 -1 975.0955810546875 444.73590087890625 44 798.32781982421875 455.23956298828125 47 1112.9193115234375 503.80880737304688 510 861.32989501953125 514.0377197265625 451 897.4093017578125 525.6259765625 452 581.01470947265625 526.9029541015625 -1 938.582763671875 543.19024658203125 72 947.12481689453125 573.37225341796875 28 1110.3245849609375 575.30682373046875 511 1214.8380126953125 647.1734619140625 -1 324.08419799804688 657.572265625 -1 314.98324584960938 684.24261474609375 -1 309.31353759765625 141.26739501953125 -1 1250.410888671875 188.59347534179688 -1 1250.410888671875 188.59347534179688 -1 199.79527282714844 213.03215026855469 -1 124.97589874267578 222.4908447265625 -1 164.26887512207031 224.46510314941406 -1 259.7535400390625 282.1240234375 -1 327.74539184570312 306.42437744140625 -1 114.51301574707031 335.96453857421875 -1 753.72662353515625 443.38424682617188 46 913.76654052734375 450.9534912109375 45 694.75738525390625 468.9085693359375 135 652.30419921875 488.66549682617188 136 580.95269775390625 524.62420654296875 521 786.4031982421875 528.32745361328125 -1 533.59967041015625 547.658935546875 459 987.95086669921875 560.47369384765625 48 1159.4144287109375 559.7188720703125 -1 519.49957275390625 587.63092041015625 460 1114.840576171875 605.41387939453125 96 1162.10302734375 624.44512939453125 37
89 0.90174564570228533 0.108204700399437 0.40111159324503476 0.11939858890651332 -3.3391894578569881 1.426069145797171 5.0780251568457437 88 moving_frame_0087.png
886.174072265625 464.07373046875 -1 358.55853271484375 208.63714599609375 -1 383.52890014648438 250.04173278808594 -1 382.09078979492188 226.04318237304688 -1 303.41629028320312 257.18411254882812 -1 385.84637451171875 266.82113647460938 -1 973.26422119140625 488.71978759765625 518 978.3597412109375 509.49014282226562 519 358.1666259765625 210.04829406738281 -1 319.429443359375 212.73129272460938 -1 358.53662109375 225.406494140625 -1 382.15402221679688 225.72718811035156 -1 303.56756591796875 257.41912841796875 -1 781.76263427734375 504.89236450195312 105 106.05714416503906 16.863735198974609 -1 106.05714416503906 16.863735198974609 -1 881.0269775390625 467.33349609375 -1 1004.5896606445312 514.142333984375 7 963.41192626953125 515.9190673828125 104 870.40472412109375 471.36993408203125 152 805.88311767578125 499.52151489257812 112 719.48712158203125 529.90789794921875 -1 719.48712158203125 529.90789794921875 -1 1172.1292724609375 543.4591064453125 57 899.47979736328125 465.5888671875 -1 960.33184814453125 469.517333984375 11 977.31829833984375 469.8182373046875 12 948.098388671875 480.5478515625 13 774.42913818359375 495.89199829101562 440 1188.0699462890625 533.79547119140625 5 692.12994384765625 548.49407958984375 -1 1156.98583984375 551.98480224609375 498 971.60980224609375 457.73162841796875 21 966.636962890625 481.30194091796875 14 952.55023193359375 493.76980590820312 439 916.8270263671875 501.3668212890625 16 1162.855224609375 534.04449462890625 10 1240.6297607421875 552.243896484375 15 594.8642578125 578.681884765625 441 1151.6549072265625 579.18316650390625 520 367.83663940429688 256.56533813476562 -1 386.82931518554688 257.97344970703125 -1 342.87570190429688 263.45004272460938 -1 383.8560791015625 275.84698486328125 -1 1055.182861328125 328.51559448242188 38 1212.2689208984375 556.5274658203125 -1 1167.540283203125 566.70013427734375 25 1167.540283203125 566.70013427734375 26 1182.4111328125 584.51422119140625 27 374.71484375 670.10870361328125 -1 370.639892578125 196.17417907714844 -1 379.60031127929688 217.39920043945312 -1 379.60031127929688 217.39920043945312 -1 371.88934326171875 238.01116943359375 -1 371.88934326171875 238.01116943359375 -1 1036.5601806640625 493.8165283203125 71 1132.8699951171875 492.60772705078125 507 978.4493408203125 501.17413330078125 119 978.4493408203125 501.17413330078125 24 952.36273193359375 513.72735595703125 162 983.09796142578125 525.78399658203125 36 414.27694702148438 681.55462646484375 -1 299.64425659179688 241.27461242675781 -1 421.1494140625 272.64932250976562 -1 314.609375 307.34222412109375 -1 441.96771240234375 319.980224609375 -1 837.2332763671875 466.48907470703125 46 945.63519287109375 538.009521484375 -1 1210.2965087890625 534.774169921875 510 945.63519287109375 538.009521484375 -1 985.134521484375 551.563720703125 452 1120.9051513671875 561.804931640625 -1 622.40716552734375 561.043701171875 459 1026.9376220703125 569.85662841796875 72 1229.8026123046875 576.5159912109375 93 1229.8026123046875 576.5159912109375 94 1257.244384765625 598.33233642578125 -1 1211.1473388671875 607.70849609375 511 1144.7060546875 614.09588623046875 512 422.48446655273438 656.06011962890625 -1 432.10208129882812 162.83735656738281 -1 229.91775512695312 176.46586608886719 -1 301.71243286132812 204.84104919433594 -1 331.70803833007812 228.3111572265625 -1 262.19961547851562 235.03700256347656 -1 248.16937255859375 341.30758666992188 -1 837.75 464.15621948242188 46 1065.78173828125 472.73373413085938 44 1002.2506713867188 476.41622924804688 45 736.43792724609375 505.96835327148438 136 666.88592529296875 538.224365234375 521 622.22442626953125 558.16162109375 459 1035.4761962890625 602.7562255859375 28 1215.497802734375 639.9375 96
90 0.95674374197545953 0.068010983496064575 0.26522445223080116 0.098345860378385525 -3.0251808417700845 0.8472797926709047 1.335767157533742 91 moving_frame_0090.png
724.66314697265625 425.5006103515625 -1 726.54541015625 444.89602661132812 -1 1219.8619384765625 319.10906982421875 -1 635.26092529296875 406.63986206054688 4 532.90869140625 463.0177001953125 -1 940.28973388671875 463.571533203125 143 1067.3931884765625 523.351318359375 434 992.1820068359375 236.6685791015625 2 738.2017822265625 448.658447265625 433 741.9453125 453.58645629882812 1 533.016357421875 462.9154052734375 -1 623.6885986328125 413.45077514648438 -1 713.50457763671875 452.52740478515625 104 520.7916259765625 469.1142578125 109 1091.728759765625 150.40139770507812 -1 1266.8226318359375 235.25276184082031 -1 668.219482421875 403.81689453125 3 555.3438720703125 450.93988037109375 112 754.56134033203125 450.648681640625 7 919.70782470703125 453.95550537109375 5 1135.4298095703125 79.577552795410156 85 1136.938232421875 91.522232055664062 86 1253.9227294921875 181.82981872558594 199 1253.9227294921875 181.82981872558594 -1 656.52679443359375 405.78115844726562 9 728.031005859375 406.0391845703125 12 894.87872314453125 454.9720458984375 10 924.4443359375 464.8778076171875 6 397.453125 528.31121826171875 8 716.86279296875 612.197998046875 20 685.9422607421875 672.14501953125 -1 677.6495361328125 390.32281494140625 113 721.9730224609375 393.95550537109375 21 710.04083251953125 405.99264526367188 11 697.50299072265625 417.68045043945312 13 717.9666748046875 418.82174682617188 14 704.54156494140625 431.09674072265625 439 670.31109619140625 441.28494262695312 16 964.64654541015625 468.66567993164062 15 894.7435302734375 472.466552734375 498 917.32427978515625 475.18548583984375 17 917.32427978515625 475.18548583984375 18 430.31048583984375 518.7655029296875 -1 353.01708984375 536.3875732421875 19 363.8597412109375 556.75311279296875 121 321.35943603515625 566.41461181640625 441 1069.4219970703125 586.71527099609375 436 1136.86083984375 77.851142883300781 85 1136.2509765625 92.944129943847656 86 1124.25732421875 191.76370239257812 -1 931.6531982421875 204.75051879882812 30 1136.6890869140625 208.12933349609375 349 1136.6890869140625 208.12933349609375 -1 1121.0306396484375 219.41253662109375 89 798.72235107421875 258.16860961914062 38 29.051811218261719 264.60354614257812 -1 9.7721214294433594 276.09112548828125 -1 745.81689453125 423.57623291015625 23 726.40948486328125 435.65744018554688 24 746.2159423828125 440.02362060546875 -1 746.2159423828125 440.02362060546875 -1 910.4639892578125 443.34930419921875 22 900.9130859375 487.38772583007812 25 900.9130859375 487.38772583007812 26 911.968017578125 503.07086181640625 27 1081.07421875 512.2333984375 -1 318.61151123046875 613.87445068359375 -1 621.23809814453125 655.02587890625 -1 799.5667724609375 257.5885009765625 38 1178.5015869140625 316.82907104492188 -1 1178.5015869140625 316.82907104492188 -1 1254.3729248046875 331.063232421875 -1 1254.3729248046875 331.063232421875 -1 1170.8914794921875 336.9857177734375 -1 1170.8914794921875 336.9857177734375 -1 731.26953125 460.73031616210938 36 651.72723388671875 677.899169921875 337 1149.0826416015625 381.59515380859375 -1 808.4681396484375 398.94158935546875 44 593.5955810546875 411.57080078125 46 637.5369873046875 419.20599365234375 47 1095.17822265625 424.75787353515625 -1 701.594970703125 476.86572265625 451 953.99700927734375 492.9833984375 93 953.99700927734375 492.9833984375 94 777.2662353515625 501.6396484375 72 983.0106201171875 508.60263061523438 40 409.32659912109375 514.60125732421875 39 785.36907958984375 529.619140625 28 886.39605712890625 536.2783203125 512 985.9024658203125 569.024169921875 -1 1166.2947998046875 144.87081909179688 41 1166.2947998046875 144.87081909179688 42 1143.514892578125 248.90925598144531 43 755.12677001953125 378.96533203125 -1 755.12677001953125 378.96533203125 -1 748.66790771484375 409.77859497070312 45 530.43902587890625 442.30218505859375 135 484.95928955078125 465.98455810546875 136 823.82012939453125 516.136474609375 48 350.136962890625 543.1151123046875 459 1086.552490234375 549.2098388671875 343 939.0379638671875 552.126953125 96 577.5740966796875 673.1650390625 -1 106.73799133300781 686.1700439453125 -1 609.416259765625 685.277587890625 173 682.13543701171875 687.90301513671875 -1
91 0.94285190226130144 0.072549584310936124 0.30792167527092063 0.1046474563327055 -3.1192368810160787 0.9051673512774967 2.5240037853842412 90 moving_frame_0089.png
1039.53173828125 495.029052734375 325 1184.4139404296875 109.26906585693359 -1 804.65850830078125 443.7757568359375 -1 806.9794921875 462.92105102539062 -1 821.67657470703125 471.86978149414062 1 106.54737091064453 242.26414489746094 -1 716.53997802734375 422.9796142578125 4 818.51177978515625 466.98178100585938 433 1154.9571533203125 553.4442138671875 434 793.4952392578125 470.41110229492188 104 1179.611083984375 178.01896667480469 -1 749.07513427734375 420.7076416015625 3 705.28057861328125 429.0888671875 152 637.64208984375 463.6937255859375 112 834.46807861328125 468.45050048828125 7 1003.1141967773438 476.76309204101562 5 605.48382568359375 479.46875 109 683.8751220703125 680.5765380859375 437 735.60662841796875 422.90835571289062 9 808.521240234375 424.24713134765625 12 988.7467041015625 486.56671142578125 57 1009.257080078125 487.6859130859375 -1 522.180908203125 512.36181640625 -1 519.0264892578125 523.78460693359375 -1 1153.6468505859375 622.25982666015625 436 796.3848876953125 626.563232421875 20 1231.4478759765625 119.38998413085938 86 1255.1666259765625 156.996826171875 -1 1230.1890869140625 235.03323364257812 349 1230.1890869140625 235.03323364257812 -1 758.16802978515625 407.80438232421875 113 802.63262939453125 412.29998779296875 21 790.7060546875 424.035888671875 11 778.34033203125 435.47427368164062 13 798.15692138671875 436.65701293945312 14 784.52069091796875 448.760498046875 439 750.0850830078125 457.90975952148438 16 609.0357666015625 459.653076171875 440 977.90185546875 477.73312377929688 10 1049.7984619140625 492.5213623046875 15 976.3955078125 494.94631958007812 498 1000.751953125 498.06106567382812 17 1000.751953125 498.06106567382812 18 444.0672607421875 538.16229248046875 19 415.98300170898438 564.47357177734375 441 1122.0167236328125 628.99725341796875 -1 1229.0909423828125 104.06671142578125 85 1218.124267578125 219.32670593261719 -1 1215.12548828125 246.91166687011719 89 880.40863037109375 279.95162963867188 38 864.2071533203125 444.60470581054688 71 806.863037109375 453.8380126953125 24 993.4864501953125 466.0078125 22 1039.3292236328125 510.94561767578125 -1 983.6123046875 509.80178833007812 25 983.6123046875 509.80178833007812 26 995.08612060546875 525.85748291015625 27 1170.485107421875 542.86920166015625 -1 901.9422607421875 559.0238037109375 442 693.244873046875 670.0655517578125 -1 1242.8360595703125 33.491783142089844 -1 102.97393798828125 186.50672912597656 -1 102.97393798828125 186.50672912597656 -1 112.24593353271484 233.10923767089844 -1 70.8502197265625 240.65229797363281 -1 785.3736572265625 469.31320190429688 162 811.992431640625 478.91693115234375 36 1038.8604736328125 514.2689208984375 -1 1038.8604736328125 514.2689208984375 -1 901.6295166015625 560.9586181640625 -1 692.24798583984375 668.78472900390625 336 162.73143005371094 688.3824462890625 -1 722.9384765625 695.17523193359375 -1 1231.89794921875 100.8797607421875 -1 109.19515991210938 161.35073852539062 -1 117.23772430419922 210.39747619628906 -1 117.23772430419922 210.39747619628906 -1 19.557331085205078 219.15950012207031 -1 78.400077819824219 263.430419921875 -1 78.400077819824219 263.430419921875 -1 1240.25732421875 414.5755615234375 -1 889.86602783203125 420.53262329101562 44 672.7374267578125 428.66632080078125 46 717.18048095703125 435.73287963867188 47 1186.2635498046875 455.74542236328125 -1 1023.7776489257812 476.87945556640625 510 780.48822021484375 493.67257690429688 451 814.31646728515625 504.01535034179688 452 495.41537475585938 518.70672607421875 39 856.26226806640625 520.51513671875 72 1067.7861328125 531.9727783203125 40 864.30975341796875 549.8389892578125 28 1018.6290283203125 547.52117919921875 511 966.0535888671875 558.0816650390625 512 1172.28515625 575.36602783203125 -1 1120.6165771484375 611.80859375 -1 219.2449951171875 666.95159912109375 -1 651.65435791015625 687.2674560546875 -1 211.71781921386719 694.07647705078125 -1 1206.32763671875 66.68194580078125 -1 172.17567443847656 120.79325103759766 -1 51.753719329833984 200.71182250976562 -1 1243.3555908203125 224.97911071777344 -1 201.25527954101562 297.2283935546875 -1 829.88909912109375 428.73291015625 45 612.36419677734375 453.54379272460938 135 569.09552001953125 475.23629760742188 136 707.64385986328125 509.5113525390625 -1 903.69390869140625 536.50323486328125 48 443.59466552734375 543.3741455078125 459 1023.4248046875 576.526123046875 96 1172.3443603515625 580.45281982421875 343 429.60891723632812 582.633544921875 -1 1070.1346435546875 594.456787109375 37 684.32208251953125 696.596923828125 -1
92 0.97635736891184066 0.047927361675451328 0.19329002392863159 0.084072723424708451 -2.335601894620297 0.56975271410463302 4.1176670049461821 92 moving_frame_0091.png
544.94232177734375 411.208740234375 -1 584.55517578125 461.34255981445312 -1 441.02572631835938 473.06344604492188 -1 441.02572631835938 473.06344604492188 -1 368.77462768554688 516.33660888671875 -1 194.93601989746094 620.07550048828125 -1 1197.491455078125 210.32171630859375 -1 559.30535888671875 390.06411743164062 -1 389.61624145507812 485.03515625 51 329.0283203125 539.4964599609375 -1 238.53302001953125 576.54193115234375 -1 911.2574462890625 211.98513793945312 2 659.72845458984375 434.0390625 433 663.86444091796875 439.3433837890625 1 449.572265625 449.27548217773438 105 313.95623779296875 527.6964111328125 -1 1264.0601806640625 210.29545593261719 -1 877.80145263671875 212.47712707519531 53 1081.8453369140625 229.51512145996094 233 541.46234130859375 401.29092407226562 -1 470.83709716796875 435.22314453125 -1 634.9146728515625 438.25372314453125 104 1223.3270263671875 213.90071105957031 -1 1262.0240478515625 317.02255249023438 -1 589.06134033203125 389.72210693359375 3 840.273193359375 434.663818359375 5 675.86334228515625 435.52972412109375 7 844.44317626953125 446.02239990234375 6 435.53622436523438 462.45339965820312 109 962.921875 553.52642822265625 -1 1261.91552734375 316.69842529296875 -1 648.46929931640625 390.96273803710938 12 577.27349853515625 391.87994384765625 9 815.994873046875 435.39105224609375 10 676.1075439453125 435.98043823242188 7 470.73849487304688 442.8402099609375 112 827.3145751953125 444.41464233398438 57 226.67886352539062 587.4583740234375 114 639.77496337890625 602.918212890625 20 617.685546875 657.01666259765625 -1 1050.176513671875 51.718208312988281 85 1048.4180908203125 65.358375549316406 86 597.279541015625 376.46932983398438 113 642.2454833984375 378.55178833007812 21 630.4486083984375 390.90234375 11 618.326416015625 403.10784912109375 13 638.70867919921875 404.284912109375 14 625.44586181640625 416.79840087890625 439 591.1854248046875 428.343505859375 16 884.43115234375 448.45364379882812 15 838.36376953125 456.07257080078125 17 838.36376953125 456.07257080078125 18 338.22030639648438 519.357421875 63 257.69900512695312 540.686767578125 -1 219.6466064453125 575.9068603515625 441 212.44570922851562 591.2252197265625 -1 1187.6402587890625 71.925132751464844 115 1051.4483642578125 183.61555480957031 349 1051.4483642578125 183.61555480957031 66 1032.9022216796875 192.84934997558594 89 1276.1273193359375 301.16024780273438 -1 666.60333251953125 408.47796630859375 23 647.17437744140625 420.92657470703125 24 831.3585205078125 424.2481689453125 22 822.14324951171875 468.54428100585938 25 822.14324951171875 468.54428100585938 26 833.05352783203125 484.20263671875 27 744.47540283203125 520.70465087890625 442 992.34832763671875 555.3839111328125 436 211.77729797363281 591.36700439453125 -1 218.52056884765625 625.0341796875 -1 549.594970703125 645.0997314453125 -1 1052.893798828125 48.378204345703125 -1 1052.1771240234375 183.55412292480469 -1 1052.1771240234375 183.55412292480469 -1 719.38714599609375 237.5225830078125 38 1091.9439697265625 285.2139892578125 31 1091.9439697265625 285.2139892578125 32 1164.6993408203125 297.66961669921875 91 1164.6993408203125 297.66961669921875 161 1085.30322265625 305.17340087890625 33 1085.30322265625 305.17340087890625 -1 1011.6100463867188 399.13711547851562 35 704.26068115234375 408.86553955078125 71 652.5035400390625 446.531982421875 36 700.32452392578125 487.05023193359375 72 225.9708251953125 604.4798583984375 460 549.18792724609375 644.21856689453125 -1 75.062225341796875 661.29779052734375 -1 581.23431396484375 665.9088134765625 -1 1064.9464111328125 351.38909912109375 92 729.3240966796875 380.49899291992188 44 557.0084228515625 406.50848388671875 47 655.068603515625 471.90695190429688 452 874.2891845703125 473.96664428710938 93 874.2891845703125 473.96664428710938 94 903.50213623046875 487.82968139648438 40 709.62591552734375 513.55438232421875 28 318.96212768554688 516.25177001953125 -1 1007.4103393554688 519.95458984375 -1 907.12554931640625 547.82269287109375 37 1184.7452392578125 60.03631591796875 -1 1078.372802734375 117.56552886962891 41 1078.372802734375 117.56552886962891 42 1176.977783203125 123.41690063476562 129 1176.977783203125 123.41690063476562 84 1223.210205078125 179.360107421875 -1 1058.4459228515625 219.64175415039062 43 668.94134521484375 393.8197021484375 45 512.11126708984375 397.59713745117188 46 446.33560180664062 434.85430908203125 135 399.14627075195312 460.96792602539062 136 747.189208984375 499.91055297851562 48 1007.8265380859375 521.75 -1 859.60919189453125 532.1248779296875 -1 253.32447814941406 550.74542236328125 459 955.32220458984375 561.794677734375 82 504.64324951171875 665.6068115234375 -1 537.35888671875 676.86553955078125 173 614.13568115234375 674.0601806640625 -1
93 0.99557914382691071 0.011990317295814866 0.0788083641414771 0.049675370248902978 -0.72087204620646905 0.0079643119172975538 7.0825811763069604 93 moving_frame_0092.png
1071.5533447265625 127.53244781494141 -1 1051.438720703125 255.19039916992188 -1 583.456298828125 429.83038330078125 1 836.49725341796875 192.10299682617188 99 570.0455322265625 418.98013305664062 -1 795.8541259765625 434.96426391601562 325 300.18728637695312 485.79010009765625 51 832.6995849609375 188.36845397949219 2 280.91802978515625 496.5228271484375 144 280.91802978515625 496.5228271484375 145 264.46914672851562 512.5650634765625 -1 128.99411010742188 588.793212890625 -1 473.9310302734375 382.57662963867188 4 580.88323974609375 422.81591796875 433 556.8087158203125 427.4306640625 104 132.19337463378906 593.7659912109375 -1 925.6556396484375 23.697116851806641 -1 929.3890380859375 96.460670471191406 106 953.969970703125 161.22671508789062 -1 1173.5079345703125 180.97833251953125 -1 1133.9127197265625 184.88424682617188 -1 508.35409545898438 379.39675903320312 3 763.8023681640625 418.55487060546875 5 597.91119384765625 425.05770874023438 7 767.75823974609375 430.201171875 6 346.904296875 461.13467407226562 109 468.569091796875 650.53790283203125 -1 925.7769775390625 23.009305953979492 -1 967.3966064453125 25.679031372070312 85 965.89892578125 37.419692993164062 86 994.4566650390625 45.221611022949219 -1 1119.29296875 183.0126953125 -1 568.379638671875 379.34844970703125 12 496.65884399414062 381.42727661132812 9 435.89230346679688 406.0938720703125 111 548.9207763671875 418.69122314453125 -1 751.1878662109375 428.68450927734375 57 383.85797119140625 439.20693969726562 112 891.91961669921875 526.37322998046875 -1 891.91961669921875 526.37322998046875 -1 563.82965087890625 599.04107666015625 20 549.989013671875 646.37384033203125 -1 928.51287841796875 11.229190826416016 -1 1171.10693359375 35.168441772460938 -1 805.27764892578125 199.08110046386719 264 829.56219482421875 199.18620300292969 110 1181.580078125 265.86404418945312 -1 516.16900634765625 365.54058837890625 113 562.2113037109375 366.4071044921875 21 550.6036376953125 379.307861328125 11 538.8272705078125 391.94296264648438 13 559.29364013671875 393.20516967773438 14 546.55279541015625 405.92852783203125 439 511.72872924804688 418.57257080078125 16 738.76641845703125 420.22640991210938 10 807.65118408203125 431.67141723632812 15 762.22515869140625 440.42648315429688 17 762.22515869140625 440.42648315429688 18 735.10101318359375 467.2340087890625 520 735.10101318359375 467.2340087890625 -1 241.61001586914062 526.4310302734375 63 155.90719604492188 552.50018310546875 -1 164.42428588867188 576.1256103515625 121 119.70546722412109 605.42254638671875 114 968.69482421875 24.103782653808594 -1 1098.9130859375 44.166065216064453 115 1206.686767578125 49.274742126464844 -1 955.36920166015625 140.39808654785156 -1 970.70355224609375 160.0230712890625 66 951.04180908203125 168.59396362304688 89 1231.164306640625 343.2117919921875 -1 1231.164306640625 343.2117919921875 117 588.52435302734375 372.86697387695312 -1 754.69964599609375 408.41525268554688 22 568.428955078125 409.8045654296875 119 568.428955078125 409.8045654296875 24 746.31951904296875 453.4097900390625 25 746.31951904296875 453.4097900390625 26 757.29248046875 469.2083740234375 27 920.740234375 526.9285888671875 -1 114.45462036132812 571.88568115234375 -1 109.04862213134766 594.23919677734375 -1 109.04862213134766 594.23919677734375 -1 103.23610687255859 610.23394775390625 -1 478.82675170898438 640.115966796875 336 111.07341003417969 645.27862548828125 -1 1243.8170166015625 149.17829895019531 -1 970.59112548828125 159.86300659179688 -1 639.65911865234375 219.36288452148438 38 1011.4400024414062 255.69364929199219 31 1011.4400024414062 255.69364929199219 32 1082.496337890625 266.5640869140625 91 1082.496337890625 266.5640869140625 161 1135.0595703125 273.18890380859375 248 1135.0595703125 273.18890380859375 249 1004.93212890625 275.39303588867188 33 1004.93212890625 275.39303588867188 34 1237.23388671875 392.00985717773438 -1 626.11041259765625 396.58273315429688 71 574.68408203125 435.98471069335938 36 624.60955810546875 475.58071899414062 72 635.59100341796875 501.10623168945312 28 920.54345703125 526.6448974609375 -1 1213.81005859375 280.64971923828125 126 985.4259033203125 323.237548828125 92 985.4259033203125 323.237548828125 -1 651.23919677734375 364.93875122070312 44 933.0821533203125 373.1348876953125 35 476.06613159179688 396.76052856445312 47 545.61566162109375 453.45767211914062 451 798.283935546875 457.43350219726562 93 798.283935546875 457.43350219726562 94 827.693359375 470.71731567382812 40 224.99992370605469 524.43963623046875 -1 832.49468994140625 531.17041015625 37 118.37155914306641 624.073974609375 -1 511.37322998046875 658.1514892578125 337 1095.323974609375 30.371858596801758 -1 995.47503662109375 89.801734924316406 41 995.47503662109375 89.801734924316406 42 1089.5068359375 95.326400756835938 129 1089.5068359375 95.326400756835938 84 1229.8917236328125 121.98793792724609 -1 1133.507568359375 150.28668212890625 -1 975.64874267578125 192.82357788085938 43 1009.0912475585938 221.46542358398438 132 688.26043701171875 358.86175537109375 165 688.26043701171875 358.86175537109375 166 1232.590576171875 361.30914306640625 134 589.796142578125 381.66744995117188 45 430.18426513671875 390.30178833007812 46 359.76092529296875 431.80282592773438 135 310.33999633789062 461.1322021484375 136 672.29034423828125 487.38702392578125 48 784.3338623046875 516.22369384765625 -1 882.3863525390625 542.51336669921875 82 152.34312438964844 570.4185791015625 -1 78.512191772460938 613.20074462890625 -1 431.13626098632812 663.8665771484375 -1 546.47259521484375 663.87164306640625 -1 468.47537231445312 670.652099609375 173
94 0.99870394304801502 0.00056161357511640185 0.043929537039301705 0.025696585494030422 -0.48810675168505552 -0.22456261066519359 4.9114132837951985 94 moving_frame_0093.png
482.3408203125 394.37802124023438 -1 500.6375732421875 415.20458984375 -1 726.00433349609375 424.34149169921875 325 706.7022705078125 451.5692138671875 -1 1159.6917724609375 259.56884765625 98 760.198486328125 180.87275695800781 99 517.7872314453125 414.30575561523438 -1 515.4136962890625 425.98291015625 1 221.05252075195312 494.27963256835938 51 933.08941650390625 185.19638061523438 -1 1165.4088134765625 267.67425537109375 101 402.66586303710938 379.90701293945312 4 695.09552001953125 407.80136108398438 -1 710.9017333984375 410.61083984375 -1 220.69117736816406 494.4132080078125 -1 872.40447998046875 147.83692932128906 102 1082.6436767578125 163.66921997070312 -1 756.79266357421875 176.90437316894531 2 1254.9093017578125 379.53424072265625 -1 510.66897583007812 418.80029296875 433 487.21347045898438 424.26922607421875 104 284.30517578125 451.48779296875 105 841.614013671875 12.798041343688965 -1 848.43145751953125 84.003364562988281 106 1081.4429931640625 262.59072875976562 -1 436.1719970703125 377.32040405273438 3 400.17428588867188 381.44393920898438 4 380.26083374023438 386.64031982421875 -1 1236.201416015625 390.45111083984375 107 1264.2034912109375 392.07754516601562 108 694.6300048828125 408.21453857421875 5 698.65350341796875 419.83810424804688 6 528.28314208984375 420.59530639648438 7 267.30972290039062 468.87466430664062 109 42.102912902832031 616.86614990234375 -1 883.4635009765625 13.839070320129395 85 728.56396484375 186.84968566894531 264 754.3629150390625 186.82521057128906 110 423.24237060546875 379.82537841796875 9 361.68283081054688 406.943115234375 111 670.06243896484375 410.00979614257812 10 683.0540771484375 418.34963989257812 57 307.41192626953125 443.3492431640625 112 499.69210815429688 597.943359375 20 1108.2686767578125 35.946704864501953 -1 443.72116088867188 363.23291015625 113 479.03717041015625 375.66241455078125 11 496.69964599609375 375.63925170898438 12 467.78390502929688 388.62265014648438 13 488.46145629882812 389.80755615234375 14 440.68267822265625 416.80877685546875 16 738.1744384765625 420.20501708984375 15 693.48284912109375 430.05792236328125 17 693.48284912109375 430.05792236328125 18 235.87626647949219 466.2047119140625 -1 158.50523376464844 540.101318359375 63 25.699703216552734 630.014404296875 114 884.8309326171875 12.23487663269043 -1 1008.3638305664062 31.875772476196289 115 1144.9024658203125 130.86009216308594 116 888.80078125 146.47843933105469 66 869.966796875 155.45811462402344 89 1136.15234375 319.13327026367188 -1 1136.15234375 319.13327026367188 117 490.21102905273438 362.38616943359375 21 516.6429443359375 367.76156616210938 -1 517.26470947265625 393.77816772460938 23 685.82421875 398.43203735351562 22 1249.75537109375 400.07156372070312 118 498.05105590820312 406.19119262695312 119 498.05105590820312 406.19119262695312 24 678.4525146484375 443.38607788085938 25 678.4525146484375 443.38607788085938 26 689.397216796875 459.04296875 27 852.36090087890625 508.60537719726562 -1 68.801902770996094 570.14447021484375 -1 75.714996337890625 596.2021484375 121 415.43948364257812 642.6378173828125 336 1228.99169921875 93.915458679199219 -1 1144.40478515625 131.97795104980469 -1 1188.9830322265625 185.70561218261719 123 1188.9830322265625 185.70561218261719 124 564.84356689453125 211.58648681640625 38 930.70562744140625 239.35813903808594 31 930.70562744140625 239.35813903808594 32 925.9368896484375 258.55191040039062 33 925.9368896484375 258.55191040039062 34 1120.894775390625 259.25503540039062 125 1120.894775390625 259.25503540039062 126 555.93865966796875 391.07308959960938 71 557.3212890625 471.060546875 72 414.59442138671875 641.5743408203125 -1 29.440397262573242 648.51715087890625 -1 14.866869926452637 672.83453369140625 -1 1254.007568359375 41.684173583984375 -1 909.16192626953125 307.72726440429688 92 580.6343994140625 357.98681640625 44 858.3812255859375 357.09811401367188 35 1184.480712890625 407.87359619140625 127 504.61346435546875 432.30987548828125 36 570.2791748046875 496.07611083984375 28 765.7039794921875 517.28692626953125 37 448.5450439453125 657.95684814453125 337 911.1439208984375 77.053909301757812 41 911.1439208984375 77.053909301757812 42 1000.559326171875 81.221694946289062 129 1000.559326171875 81.221694946289062 84 1099.37109375 85.653800964355469 130 1099.37109375 85.653800964355469 131 1200.4234619140625 86.799957275390625 -1 1200.4234619140625 86.799957275390625 -1 894.3121337890625 178.11322021484375 43 742.66766357421875 202.208251953125 -1 928.454345703125 205.98161315917969 132 1156.5968017578125 229.97207641601562 133 1139.9583740234375 336.87835693359375 134 518.850341796875 376.95855712890625 45 355.63223266601562 391.43185424804688 46 402.72601318359375 395.72332763671875 47 283.0703125 436.91531372070312 135 232.24783325195312 468.84307861328125 136 605.50225830078125 480.56045532226562 48 814.3304443359375 525.61273193359375 82 485.69461059570312 662.3001708984375 -1 405.57192993164062 673.56964111328125 173
95 0.99994393677142479 -0.0093956559215835189 -0.0048777238358163741 -0.00022972603138629032 0.06419307519327816 -0.45057121491438007 3.9081427862718399 95 moving_frame_0094.png
1069.6041259765625 239.48440551757812 98 846.3642578125 246.1041259765625 -1 639.47454833984375 404.741455078125 -1 1217.44677734375 348.0955810546875 -1 309.49981689453125 393.80511474609375 -1 1174.46435546875 86.040931701660156 137 1209.953125 85.784202575683594 195 1169.752685546875 145.37284851074219 174 685.32135009765625 170.31527709960938 99 1077.5985107421875 246.48008728027344 101 1177.2125244140625 347.08828735351562 -1 1160.703125 354.358154296875 -1 445.17037963867188 425.28054809570312 1 138.92832946777344 530.0328369140625 -1 1177.4429931640625 347.45416259765625 -1 1186.83056640625 362.67108154296875 -1 1205.2855224609375 363.15521240234375 -1 1198.137451171875 368.47012329101562 -1 411.66213989257812 383.84423828125 -1 137.54789733886719 507.24240112304688 51 1179.46728515625 99.003997802734375 139 792.4478759765625 136.03996276855469 102 1170.4576416015625 144.71878051757812 138 1207.8067626953125 146.52862548828125 140 649.52166748046875 166.87893676757812 53 681.07415771484375 166.56143188476562 2 1079.335693359375 236.29261779785156 -1 1158.071533203125 359.18344116210938 141 1215.1407470703125 363.65689086914062 223 115.66670227050781 521.23052978515625 144 115.66670227050781 521.23052978515625 145 45.872600555419922 569.111083984375 -1 916.78338623046875 22.839120864868164 -1 1208.3619384765625 112.47932434082031 146 1144.873291015625 364.23867797851562 107 361.36614990234375 378.42123413085938 3 324.33575439453125 383.33840942382812 4 625.9481201171875 401.06777954101562 5 630.4527587890625 411.79498291015625 6 457.56878662109375 419.03689575195312 7 416.36444091796875 423.63717651367188 104 203.9129638671875 459.91061401367188 8 163.1275634765625 487.30545043945312 -1 94.147087097167969 544.38006591796875 -1 1185.4830322265625 91.616935729980469 178 1207.9490966796875 100.34505462646484 -1 1207.9490966796875 100.34505462646484 149 1154.212158203125 320.343505859375 179 1192.1402587890625 355.15252685546875 147 1172.4127197265625 365.08737182617188 108 347.24615478515625 381.58148193359375 9 303.74429321289062 398.45828247070312 -1 601.46820068359375 402.74072265625 10 283.73699951171875 411.37646484375 111 615.23406982421875 410.57083129882812 57 406.66629028320312 415.11517333984375 -1 226.60713195800781 451.58987426757812 112 1181.4493408203125 112.00974273681641 153 677.97314453125 177.27371215820312 110 1217.1104736328125 353.0745849609375 150 1217.1104736328125 353.0745849609375 151 349.32156372070312 368.66647338867188 -1 406.09005737304688 374.67010498046875 11 423.38873291015625 374.55111694335938 12 395.25338745117188 388.09341430664062 13 395.25338745117188 388.09341430664062 155 416.06124877929688 389.16397094726562 14 669.89996337890625 411.24453735351562 15 367.89840698242188 417.4398193359375 16 625.534912109375 422.31796264648438 17 625.534912109375 422.31796264648438 18 153.58193969726562 477.1910400390625 19 435.45376586914062 600.3883056640625 20 1150.966552734375 23.335691452026367 -1 1052.707763671875 114.46425628662109 116 1193.170654296875 124.41921234130859 156 809.89410400390625 134.25283813476562 66 1048.6373291015625 298.25177001953125 117 1192.8316650390625 326.5745849609375 188 1207.9578857421875 341.1787109375 157 416.58706665039062 360.89389038085938 21 1158.8067626953125 373.6279296875 118 617.22760009765625 390.87216186523438 22 445.79913330078125 392.39141845703125 23 426.33914184570312 405.23614501953125 119 426.33914184570312 405.23614501953125 24 611.058349609375 435.99151611328125 25 611.058349609375 435.99151611328125 26 622.45989990234375 451.62823486328125 27 505.15289306640625 489.52713012695312 159 69.290779113769531 559.4678955078125 63 350.67745971679688 648.94940185546875 171 1152.931884765625 25.834802627563477 -1 1052.2945556640625 115.92794799804688 -1 614.954833984375 137.94331359863281 -1 614.954833984375 137.94331359863281 30 1094.52197265625 167.55120849609375 123 1094.52197265625 167.55120849609375 124 853.74188232421875 224.6033935546875 31 853.74188232421875 224.6033935546875 32 963.18408203125 235.80645751953125 248 963.18408203125 235.80645751953125 249 1034.8079833984375 240.05055236816406 125 1034.8079833984375 240.05055236816406 126 849.65191650390625 243.87013244628906 33 849.65191650390625 243.87013244628906 34 1182.27490234375 330.26004028320312 -1 785.92437744140625 344.36505126953125 35 1097.25732421875 383.5123291015625 127 484.90078735351562 388.62014770507812 71 618.78436279296875 392.22341918945312 22 1251.0384521484375 407.22671508789062 -1 434.73434448242188 431.7723388671875 36 489.40927124023438 468.41677856445312 72 700.39654541015625 507.2427978515625 37 490.06655883789062 204.88322448730469 38 409.36141967773438 426.21575927734375 -1 203.76480102539062 447.4110107421875 39 692.5107421875 448.13046264648438 40 62.651721954345703 558.73284912109375 -1 830.07086181640625 65.35577392578125 41 830.07086181640625 65.35577392578125 42 915.9820556640625 68.375526428222656 129 915.9820556640625 68.375526428222656 84 1010.2393798828125 70.276649475097656 130 1010.2393798828125 70.276649475097656 131 1104.322509765625 72.301246643066406 163 1104.322509765625 72.301246643066406 164 816.52923583984375 165.17161560058594 43 850.8968505859375 191.98342895507812 132 1066.41455078125 210.90635681152344 133 1054.002197265625 315.01193237304688 134 450.6551513671875 341.63690185546875 -1 546.619140625 345.65087890625 165 546.619140625 345.65087890625 166 509.41696166992188 354.1595458984375 44 446.81317138671875 374.8045654296875 45 279.29669189453125 394.93243408203125 46 327.0814208984375 397.97268676757812 47 538.95831298828125 476.550537109375 48 748.32342529296875 512.0479736328125 82 423.6236572265625 664.20196533203125 172 342.06765747070312 679.49957275390625 173
96 0.9895446862257461 -0.017022040444646599 -0.13961993128942266 -0.031903587388059228 2.5543695258239816 -0.72783629122493432 5.0774318034993948 96 moving_frame_0095.png
1115.201171875 73.218391418457031 -1 1088.26953125 86.58251953125 -1 335.19381713867188 384.603515625 -1 334.3359375 396.37362670898438 -1 574.28985595703125 396.56948852539062 -1 1113.854736328125 130.94195556640625 -1 1229.41796875 205.80537414550781 -1 1229.41796875 205.80537414550781 -1 985.798583984375 221.07901000976562 98 330.96432495117188 398.92645263671875 -1 207.32061767578125 415.46746826171875 -1 1113.5347900390625 69.901077270507812 -1 1079.0850830078125 70.5823974609375 137 1263.0498046875 145.7462158203125 175 610.48602294921875 161.0975341796875 99 1190.1129150390625 203.37223815917969 -1 995.3629150390625 228.08439636230469 101 384.50430297851562 418.732177734375 -1 50.652767181396484 524.17364501953125 -1 1032.162841796875 16.414422988891602 -1 1113.3370361328125 69.946189880371094 -1 1076.654541015625 128.13714599609375 138 606.26715087890625 157.51799011230469 2 1268.2259521484375 165.82691955566406 -1 1197.276611328125 188.14253234863281 -1 1188.2376708984375 191.91952514648438 -1 995.44256591796875 228.64414978027344 101 1114.940185546875 330.58108520507812 -1 1114.940185546875 330.58108520507812 -1 50.466259002685547 524.2215576171875 51 1083.8123779296875 83.020645141601562 139 715.64288330078125 125.04970550537109 102 1114.31201171875 129.48651123046875 140 1163.0240478515625 139.39686584472656 -1 1167.927490234375 155.89811706542969 -1 996.240966796875 218.27470397949219 -1 1073.130615234375 336.32992553710938 141 1100.9420166015625 338.18185424804688 177 1128.37890625 339.64303588867188 223 557.94757080078125 395.46990966796875 5 578.2105712890625 400.32778930664062 143 384.55621337890625 419.46957397460938 7 120.41909027099609 472.2100830078125 105 26.443775177001953 540.2293701171875 144 26.443775177001953 540.2293701171875 145 273.2589111328125 669.61419677734375 198 744.0487060546875 10.65214729309082 -1 691.19744873046875 62.625171661376953 106 1113.2467041015625 96.033454895019531 146 1101.4691162109375 329.7435302734375 147 1060.20263671875 341.21017456054688 107 283.78158569335938 382.24591064453125 3 245.55157470703125 387.72674560546875 4 223.30329895019531 395.64315795898438 -1 225.42404174804688 403.75970458984375 -1 562.5001220703125 406.45498657226562 6 343.96142578125 426.00531005859375 104 142.76945495605469 454.11968994140625 -1 1111.3553466796875 84.751792907714844 -1 1111.3553466796875 84.751792907714844 149 578.0439453125 167.15834045410156 245 988.67999267578125 203.78610229492188 -1 1128.2591552734375 329.2459716796875 150 1128.2591552734375 329.2459716796875 151 1060.012451171875 340.61184692382812 -1 268.41836547851562 385.52981567382812 9 533.3602294921875 396.75143432617188 10 225.11732482910156 403.9940185546875 152 546.92041015625 405.13531494140625 57 203.88235473632812 418.2012939453125 111 142.04554748535156 463.8504638671875 112 439.64743041992188 487.095947265625 159 28.473850250244141 547.52850341796875 -1 1086.3333740234375 95.810295104980469 153 966.21148681640625 99.087738037109375 116 717.72509765625 107.72158050537109 154 1185.75439453125 133.87550354003906 -1 1199.5203857421875 193.521240234375 181 1225.0003662109375 194.91685485839844 182 1219.8006591796875 216.10527038574219 183 1125.6495361328125 303.63299560546875 184 1221.32275390625 369.46615600585938 185 271.35552978515625 372.23126220703125 -1 331.01779174804688 376.47854614257812 11 347.1380615234375 376.28836059570312 12 320.83111572265625 390.30404663085938 13 320.83111572265625 390.30404663085938 155 341.63818359375 391.31771850585938 14 602.0445556640625 405.25067138671875 15 117.04316711425781 462.64108276367188 440 65.787864685058594 492.84033203125 -1 1097.5478515625 107.81539916992188 156 732.59735107421875 122.75731658935547 66 716.249755859375 133.29203796386719 89 1251.093017578125 165.85911560058594 186 1181.5765380859375 201.36634826660156 187 778.831298828125 212.11570739746094 31 778.831298828125 212.11570739746094 32 967.12408447265625 279.5601806640625 117 1117.080810546875 318.29702758789062 157 1074.7685546875 350.612548828125 118 340.28622436523438 362.06417846679688 21 372.49490356445312 393.72528076171875 23 352.65277099609375 407.24755859375 119 352.65277099609375 407.24755859375 24 557.8826904296875 417.24032592773438 17 557.8826904296875 417.24032592773438 18 292.29483032226562 421.310791015625 16 543.716796875 431.33203125 25 543.716796875 431.33203125 26 555.451171875 447.04586791992188 27 721.11236572265625 480.80996704101562 287 438.919921875 489.18057250976562 159 284.05010986328125 659.87506103515625 171 1020.321044921875 27.145410537719727 -1 1044.5665283203125 66.299644470214844 -1 1006.767333984375 151.23092651367188 123 1006.767333984375 151.23092651367188 124 1150.9093017578125 155.60328674316406 -1 845.361328125 217.75924682617188 91 845.361328125 217.75924682617188 161 953.349609375 223.095458984375 125 953.349609375 223.095458984375 126 1016.320068359375 362.8375244140625 127 412.3033447265625 388.62234497070312 71 352.90560913085938 407.4346923828125 24 362.81903076171875 434.61093139648438 36 636.0283203125 499.6011962890625 37 1190.8709716796875 170.04646301269531 190 412.45309448242188 200.24577331542969 38 1194.9986572265625 367.66607666015625 192 334.79132080078125 429.04879760742188 162 625.9825439453125 442.22012329101562 40 420.28134155273438 468.9205322265625 72 471.74343872070312 475.86517333984375 48 750.368896484375 54.341732025146484 41 750.368896484375 54.341732025146484 42 834.37628173828125 56.266082763671875 -1 834.37628173828125 56.266082763671875 84 925.1905517578125 58.325588226318359 130 925.1905517578125 58.325588226318359 131 1014.5765380859375 58.458675384521484 163 1014.5765380859375 58.458675384521484 164 992.52490234375 139.62806701660156 -1 740.4415283203125 153.34812927246094 -1 775.408935546875 179.50645446777344 132 981.309814453125 193.82145690917969 133 973.69427490234375 296.20828247070312 134 475.20263671875 338.86920166015625 165 475.20263671875 338.86920166015625 166 436.92398071289062 351.9290771484375 44 372.71627807617188 375.58291625976562 45 198.4517822265625 402.7032470703125 46 247.26472473144531 403.87106323242188 47 409.37130737304688 404.72720336914062 -1 119.35874938964844 458.59335327148438 135 684.04852294921875 501.35836791992188 82 659.3843994140625 530.51141357421875 197 360.57626342773438 670.0816650390625 172 238.6114501953125 684.3421630859375 -1 276.783935546875 689.1513671875 -1
97 0.98497985436943347 -0.012097877577172839 -0.16101041253267834 -0.061188029062507872 2.4470685604327391 -0.75744554818939824 2.1295570874207792 98 moving_frame_0097.png
938.19818115234375 39.587814331054688 -1 910.264404296875 42.499382019042969 -1 690.61956787109375 115.54374694824219 -1 454.23385620117188 138.86241149902344 -1 20.181716918945312 451.0130615234375 -1 905.2061767578125 42.665569305419922 137 935.77337646484375 42.495498657226562 195 942.20745849609375 42.783737182617188 -1 718.549072265625 112.88059234619141 -1 1012.2728881835938 167.13987731933594 -1 1012.2728881835938 167.13987731933594 -1 829.13720703125 197.204345703125 -1 464.16354370117188 410.67221069335938 -1 1218.325439453125 151.83023071289062 -1 841.455810546875 197.46688842773438 101 909.98931884765625 54.769905090332031 139 457.11572265625 147.83969116210938 99 1218.2264404296875 151.23783874511719 -1 1007.0313720703125 157.75935363769531 200 1007.0313720703125 157.75935363769531 -1 927.72467041015625 286.82461547851562 -1 160.84024047851562 410.1729736328125 -1 463.848876953125 411.61495971679688 -1 15.497516632080078 477.59368896484375 -1 131.67877197265625 704.788330078125 198 1070.6341552734375 122.65485382080078 -1 1087.825927734375 135.85258483886719 -1 451.2109375 143.73489379882812 2 940.46807861328125 292.45010375976562 147 917.09906005859375 298.70114135742188 141 944.047607421875 299.0892333984375 177 957.5919189453125 305.69622802734375 -1 1260.0728759765625 325.08596801757812 -1 1270.229248046875 334.3408203125 -1 1241.727783203125 335.898681640625 -1 1271.4560546875 341.77261352539062 -1 1251.4490966796875 346.9542236328125 -1 418.09124755859375 393.33859252929688 5 441.07974243164062 395.96151733398438 143 9.6067295074462891 460.1544189453125 -1 939.7198486328125 67.12860107421875 146 828.5540771484375 71.357002258300781 213 718.4007568359375 114.71604156494141 -1 1012.072265625 146.22554016113281 202 954.54180908203125 289.4586181640625 -1 969.11541748046875 300.90740966796875 223 929.476806640625 303.7275390625 108 1269.7562255859375 334.13235473632812 -1 1252.135498046875 347.426025390625 -1 74.5640869140625 407.997314453125 -1 220.90342712402344 433.47616577148438 -1 190.57931518554688 441.58590698242188 104 1229.1685791015625 600.811279296875 238 935.03656005859375 56.457347869873047 149 1044.018310546875 177.55441284179688 183 969.27392578125 277.9117431640625 204 903.91632080078125 302.70223999023438 107 1000.5452270507812 321.23611450195312 -1 392.93838500976562 395.1732177734375 10 95.356475830078125 405.84866333007812 9 74.110588073730469 408.25161743164062 -1 47.457962036132812 430.96954345703125 152 221.32228088378906 433.57168579101562 -1 301.87789916992188 497.11380004882812 263 1233.8582763671875 591.71343994140625 -1 1241.161865234375 609.11956787109375 362 913.02825927734375 66.881294250488281 153 804.01263427734375 72.862648010253906 116 923.38214111328125 78.035659790039062 156 563.9736328125 89.56109619140625 154 579.92120361328125 103.63195037841797 66 425.2913818359375 154.74485778808594 245 1019.1022338867188 155.87353515625 181 1046.4071044921875 158.32395935058594 182 1004.4999389648438 164.56692504882812 187 1015.9015502929688 178.75502014160156 -1 938.59228515625 265.96136474609375 188 953.666259765625 277.997314453125 157 968.57208251953125 290.3673095703125 151 1053.4398193359375 322.40802001953125 185 465.10580444335938 400.01284790039062 15 317.0101318359375 417.13131713867188 215 237.93075561523438 630.01611328125 20 1207.045166015625 113.37056732177734 -1 1064.642333984375 128.60630798339844 186 1197.9093017578125 128.28218078613281 -1 1070.321044921875 145.18363952636719 206 908.63287353515625 291.59063720703125 -1 182.50772094726562 389.79220581054688 12 167.22697448730469 405.37860107421875 -1 167.22697448730469 405.37860107421875 -1 216.67243957519531 405.88406372070312 23 420.13592529296875 415.22311401367188 17 420.13592529296875 415.22311401367188 18 406.54180908203125 430.55087280273438 25 406.54180908203125 430.55087280273438 26 129.92472839355469 440.26687622070312 16 419.46987915039062 446.50326538085938 27 115.08534240722656 478.02706909179688 -1 142.48365783691406 696.104248046875 -1 1008.38232421875 114.35762786865234 -1 1206.14990234375 111.24720001220703 -1 1010.6919555664062 134.402587890625 190 800.57489013671875 194.390380859375 125 800.57489013671875 194.390380859375 126 866.3392333984375 327.56021118164062 127 409.71371459960938 384.81881713867188 -1 196.30195617675781 421.97882080078125 24 361.37539672851562 427.95376586914062 -1 259.4775390625 437.29696655273438 209 230.697998046875 690.30389404296875 -1 248.213623046875 196.64474487304688 38 1028.1759033203125 320.801513671875 192 1230.60205078125 345.44601440429688 217 1230.60205078125 345.44601440429688 218 1231.1710205078125 375.4935302734375 -1 258.07684326171875 401.69674682617188 506 460.21835327148438 426.19326782226562 94 460.21835327148438 426.19326782226562 93 491.86172485351562 440.37100219726562 271 176.28416442871094 445.8018798828125 162 211.79507446289062 450.11505126953125 36 597.30731201171875 464.76779174804688 -1 274.7818603515625 480.86029052734375 72 332.10601806640625 483.5191650390625 48 454.7119140625 485.37460327148438 -1 507.41238403320312 492.51229858398438 37 1250.8974609375 629.3287353515625 -1 1115.2254638671875 675.01116943359375 257 1174.1104736328125 679.195556640625 225 468.93362426757812 15.372226715087891 -1 593.927978515625 30.197597503662109 -1 593.927978515625 30.197597503662109 -1 676.81396484375 31.396163940429688 -1 676.81396484375 31.396163940429688 -1 763.92669677734375 31.569826126098633 -1 763.92669677734375 31.569826126098633 -1 847.64483642578125 30.026678085327148 -1 719.57958984375 47.218540191650391 -1 719.57958984375 47.218540191650391 -1 804.37396240234375 49.457881927490234 -1 585.53619384765625 136.42300415039062 43 626.5078125 158.70962524414062 132 823.23577880859375 165.13954162597656 133 440.19000244140625 168.93609619140625 250 284.81570434570312 355.48843383789062 44 216.08047485351562 387.55975341796875 45 256.35418701171875 414.73635864257812 -1 72.995834350585938 427.84259033203125 47 556.73907470703125 490.19778442382812 82 1168.1900634765625 501.3778076171875 -1 534.396484375 521.10150146484375 197 226.98043823242188 694.26953125 -1
98 0.98744255634570455 -0.014555478652953141 -0.15031462676500143 -0.046377245920192676 2.4949184692598934 -0.74526667496298027 3.5080960291692933 97 moving_frame_0096.png
766.65972900390625 126.425048828125 -1 1183.042236328125 151.63417053222656 -1 533.3427734375 411.127685546875 -1 309.5535888671875 423.20196533203125 -1 988.68768310546875 114.27060699462891 174 1166.8375244140625 126.78162384033203 175 531.4017333984375 145.35208129882812 -1 203.66755676269531 682.8359375 198 1087.842041015625 5.0520792007446289 -1 989.43719482421875 56.255706787109375 137 1136.84375 186.14131164550781 -1 905.146484375 212.01300048828125 -1 1032.8685302734375 324.75778198242188 -1 242.8037109375 390.5667724609375 -1 267.95611572265625 433.33309936523438 -1 16.350284576416016 529.791015625 -1 994.50921630859375 68.598190307617188 139 908.76171875 82.701545715332031 213 982.29718017578125 113.33389282226562 -1 1026.275634765625 114.42543029785156 140 1103.8814697265625 169.52996826171875 -1 1094.414794921875 173.64630126953125 200 1094.414794921875 173.64630126953125 -1 917.15692138671875 212.60983276367188 101 1045.7811279296875 317.73089599609375 223 1095.5765380859375 332.91976928710938 258 16.33247184753418 529.81451416015625 -1 1116.50537109375 15.510021209716797 -1 1075.916748046875 138.64451599121094 -1 529.162353515625 149.9625244140625 2 497.75979614257812 150.52630615234375 53 993.18365478515625 315.88949584960938 141 1020.4804077148438 317.29437255859375 177 510.1270751953125 396.720947265625 143 493.39892578125 404.63113403320312 6 268.09677124023438 432.27215576171875 104 29.808717727661133 489.80804443359375 -1 1070.93896484375 8.4093036651611328 -1 613.684326171875 52.277908325195312 -1 1024.431640625 80.827178955078125 146 762.0477294921875 125.06314086914062 -1 1099.5980224609375 162.25953674316406 202 1006.838623046875 297.76553344726562 -1 1018.46484375 309.79183959960938 147 980.07879638671875 321.43264770507812 107 1005.6265869140625 321.64614868164062 108 162.51106262207031 395.87240600585938 4 137.982666015625 406.8502197265625 -1 308.50222778320312 426.09344482421875 -1 29.639078140258789 489.89398193359375 -1 1070.7313232421875 9.0674037933349609 -1 613.70440673828125 52.068832397460938 -1 999.67523193359375 61.157363891601562 178 1021.3027954101562 69.891799926757812 149 990.15435791015625 280.007568359375 179 1047.52978515625 295.70782470703125 204 202.38142395019531 389.46115112304688 3 184.707763671875 393.45089721679688 9 463.80978393554688 394.84396362304688 10 161.72659301757812 396.23382568359375 -1 477.17794799804688 402.88189697265625 57 389.56689453125 412.844482421875 215 113.39088439941406 413.8779296875 -1 139.63890075683594 414.90841674804688 152 308.49072265625 426.55722045898438 -1 117.81905364990234 430.31777954101562 111 13.658417701721191 510.81100463867188 -1 314.85858154296875 661.8251953125 -1 997.44085693359375 80.768608093261719 153 1007.9681396484375 91.614036560058594 156 1093.2471923828125 117.01933288574219 -1 646.30938720703125 126.00849914550781 -1 1106.5111083984375 173.94038391113281 181 1132.79052734375 176.09011840820312 182 1128.1827392578125 196.62940979003906 183 1040.9510498046875 283.5859375 184 1033.329833984375 297.32305908203125 157 1045.835205078125 308.675537109375 151 1080.100830078125 341.96542358398438 -1 1134.8214111328125 344.55978393554688 185 266.7716064453125 381.3204345703125 12 245.99836730957031 396.22216796875 13 245.99836730957031 396.22216796875 155 533.95172119140625 401.34902954101562 15 26.533821105957031 479.9114990234375 440 51.324722290039062 481.09304809570312 112 371.26290893554688 491.02655029296875 159 639.54180908203125 95.549362182617188 154 655.94268798828125 112.55139923095703 66 1154.1639404296875 146.09480285644531 186 505.49615478515625 163.49652099609375 264 524.41839599609375 164.11885070800781 110 1160.5218505859375 162.47769165039062 206 1089.4970703125 182.4632568359375 187 1015.8538818359375 284.29006958007812 188 980.02154541015625 317.32992553710938 -1 260.68795776367188 366.3646240234375 21 296.51565551757812 397.62841796875 23 489.57296752929688 414.8070068359375 17 489.57296752929688 414.8070068359375 18 336.86080932617188 425.16671752929688 209 475.83963012695312 429.4810791015625 25 475.83963012695312 429.4810791015625 26 213.01527404785156 430.27627563476562 16 487.9903564453125 445.2152099609375 27 656.8929443359375 472.59381103515625 287 214.66096496582031 675.038818359375 171 1096.627685546875 130.39994812011719 -1 924.409912109375 136.25717163085938 123 924.409912109375 136.25717163085938 124 1059.3948974609375 138.25656127929688 -1 1098.3663330078125 150.52987670898438 190 1160.5264892578125 163.32614135742188 -1 705.328125 200.47540283203125 31 705.328125 200.47540283203125 32 875.70880126953125 207.79806518554688 125 875.70880126953125 207.79806518554688 126 645.944580078125 324.23110961914062 35 939.38092041015625 343.62042236328125 127 483.6370849609375 385.95623779296875 -1 276.26425170898438 412.97097778320312 24 571.77349853515625 495.2091064453125 37 214.36277770996094 673.953125 -1 332.17254638671875 197.515869140625 38 1108.6820068359375 342.76748657226562 192 336.81671142578125 393.27658081054688 506 257.79214477539062 435.4991455078125 162 288.25836181640625 440.29031372070312 36 348.99728393554688 472.9765625 72 370.62765502929688 496.5 159 176.49569702148438 692.78729248046875 -1 1221.1881103515625 694.94732666015625 -1 550.83990478515625 23.673696517944336 -1 672.2164306640625 42.060585021972656 -1 672.2164306640625 42.060585021972656 42 755.07489013671875 44.180530548095703 -1 755.07489013671875 44.180530548095703 -1 843.493896484375 45.392601013183594 -1 843.493896484375 45.392601013183594 -1 929.57586669921875 45.441059112548828 163 929.57586669921875 45.441059112548828 164 884.47589111328125 61.16339111328125 -1 661.87335205078125 144.84429931640625 43 701.10540771484375 168.5089111328125 132 517.517578125 174.78372192382812 250 900.75665283203125 178.65472412109375 133 362.103515625 352.20657348632812 44 296.21624755859375 379.36590576171875 45 335.01351928710938 406.30874633789062 -1 113.78802490234375 413.24038696289062 46 163.50289916992188 413.0909423828125 47 402.76004028320312 477.96310424804688 48 620.1114501953125 494.537841796875 82 596.544921875 524.78448486328125 197 295.19625854492188 679.41082763671875 -1
99 0.9822124037824157 -0.0096876383021519442 -0.17139454301524787 -0.076084519744097384 2.3949466199980955 -0.76587205202002728 1.1042905145700901 99 moving_frame_0098.png
614.62933349609375 105.38369750976562 -1 614.62933349609375 105.38369750976562 -1 1258.0618896484375 654.45318603515625 -1 823.46722412109375 29.988101959228516 137 852.44427490234375 29.811515808105469 195 860.2828369140625 29.779329299926758 -1 992.2705078125 94.943565368652344 175 930.103759765625 150.92437744140625 -1 1208.0758056640625 378.053955078125 -1 828.4046630859375 41.942523956298828 139 585.72735595703125 51.954097747802734 -1 986.8294677734375 106.55751800537109 -1 924.674560546875 142.76248168945312 200 924.674560546875 142.76248168945312 -1 726.83001708984375 177.66969299316406 -1 854.19085693359375 270.53158569335938 -1 894.59918212890625 282.88113403320312 223 1197.1796875 368.5352783203125 -1 394.06842041015625 408.08688354492188 -1 1179.0604248046875 574.29705810546875 -1 860.2496337890625 35.865402221679688 -1 1002.552734375 119.42070770263672 -1 370.87506103515625 138.95248413085938 2 844.35504150390625 282.91793823242188 141 871.14599609375 282.86569213867188 177 883.45184326171875 289.13619995117188 -1 1234.6075439453125 372.70977783203125 -1 832.85162353515625 35.131923675537109 178 858.6611328125 53.921421051025391 146 929.19281005859375 131.43861389160156 202 370.46694946289062 139.01237487792969 -1 794.665283203125 143.10527038574219 -1 852.5107421875 271.45401000976562 -1 840.62298583984375 276.13595581054688 -1 831.76220703125 288.28448486328125 107 856.64593505859375 288.62728881835938 108 344.11727905273438 398.49783325195312 235 370.0401611328125 398.63040161132812 143 353.00827026367188 407.53518676757812 6 129.89842224121094 455.64813232421875 -1 498.65713500976562 459.79876708984375 277 753.189697265625 8.1871147155761719 -1 781.84368896484375 8.0423192977905273 -1 833.06097412109375 35.208965301513672 -1 756.008544921875 162.03746032714844 -1 841.35784912109375 248.01132202148438 179 895.0439453125 261.57144165039062 204 894.88543701171875 273.76925659179688 150 894.88543701171875 273.76925659179688 151 925.07330322265625 302.81942749023438 -1 976.41571044921875 303.77816772460938 185 1214.42431640625 361.26657104492188 261 1227.5816650390625 379.11456298828125 -1 319.41683959960938 399.96636962890625 10 354.30844116210938 406.79611206054688 6 1175.3621826171875 412.37619018554688 -1 241.12263488769531 423.30511474609375 215 30.528020858764648 430.29751586914062 -1 499.05087280273438 459.85821533203125 -1 1151.6697998046875 555.83746337890625 -1 1146.0682373046875 566.57305908203125 238 1160.3577880859375 572.3182373046875 362 1220.3638916015625 572.5322265625 236 174.08648681640625 694.0003662109375 -1 831.90679931640625 53.816356658935547 153 842.45751953125 64.984222412109375 156 500.18130493164062 69.217582702636719 -1 486.90249633789062 81.729415893554688 154 502.6964111328125 95.680152893066406 66 1123.8526611328125 124.17801666259766 -1 936.78094482421875 140.28585815429688 181 964.40850830078125 142.30339050292969 182 923.5782470703125 148.95443725585938 187 934.87823486328125 163.50303649902344 -1 962.14227294921875 163.09408569335938 183 863.8287353515625 250.34226989746094 188 885.41754150390625 249.87681579589844 184 878.75439453125 262.24798583984375 157 1167.384521484375 301.54583740234375 240 1191.554931640625 349.05514526367188 241 1200.4681396484375 379.17572021484375 -1 394.73257446289062 402.33938598632812 15 303.94000244140625 410.7508544921875 -1 101.36003875732422 419.4345703125 -1 131.97787475585938 420.01559448242188 -1 142.10472106933594 447.81707763671875 -1 229.18685913085938 508.89987182617188 263 1183.563720703125 568.54473876953125 -1 1192.318603515625 599.792236328125 -1 1219.1060791015625 599.60491943359375 255 1219.1060791015625 599.60491943359375 256 167.46101379394531 648.76507568359375 -1 122.53317260742188 707.309814453125 -1 527.32354736328125 69.825263977050781 -1 980.2244873046875 113.02311706542969 186 1003.683349609375 115.67951202392578 -1 366.40042114257812 120.62174224853516 -1 986.478271484375 129.1409912109375 206 559.1795654296875 183.30642700195312 31 559.1795654296875 183.30642700195312 32 835.946044921875 276.60858154296875 -1 85.46197509765625 385.74444580078125 -1 380.74526977539062 386.95022583007812 -1 425.29705810546875 398.89657592773438 -1 425.29705810546875 398.89657592773438 -1 93.338836669921875 402.22589111328125 -1 1236.6365966796875 411.39178466796875 -1 78.832710266113281 418.14816284179688 -1 78.832710266113281 418.14816284179688 -1 348.45285034179688 418.89022827148438 17 348.45285034179688 418.89022827148438 18 335.58834838867188 434.94281005859375 25 335.58834838867188 434.94281005859375 26 349.18701171875 450.98001098632812 27 528.07696533203125 460.43783569335938 287 29.44158935546875 513.56536865234375 -1 1192.1302490234375 553.44805908203125 247 1116.7259521484375 567.34368896484375 -1 1116.7259521484375 567.34368896484375 -1 1131.6649169921875 582.68914794921875 -1 1131.6649169921875 582.68914794921875 -1 1207.137451171875 584.34320068359375 -1 1115.6727294921875 598.534423828125 -1 1115.6727294921875 598.534423828125 -1 1203.306396484375 615.01300048828125 -1 1249.7393798828125 645.1461181640625 -1 1112.220947265625 92.145729064941406 -1 767.417236328125 110.95671081542969 123 767.417236328125 110.95671081542969 124 892.6943359375 109.20298004150391 -1 928.18634033203125 119.18537902832031 190 726.56207275390625 182.62229919433594 125 726.56207275390625 182.62229919433594 126 625.77978515625 184.18614196777344 91 625.77978515625 184.18614196777344 161 506.9967041015625 312.59393310546875 35 278.36129760742188 364.23858642578125 507 380.78506469726562 386.80142211914062 269 5.833247184753418 430.44961547851562 -1 178.42404174804688 449.09786987304688 209 42.012630462646484 451.84713745117188 -1 42.012630462646484 451.84713745117188 -1 441.65631103515625 494.97027587890625 37 1249.533447265625 644.8505859375 -1 417.310791015625 130.46159362792969 -1 952.11407470703125 301.53781127929688 192 1142.8328857421875 320.70730590820312 217 1142.8328857421875 320.70730590820312 218 1141.9215087890625 348.34323120117188 -1 174.91700744628906 411.3399658203125 506 111.69747924804688 435.38711547851562 24 288.42684936523438 440.19400024414062 273 89.929420471191406 460.25872802734375 162 131.50239562988281 463.6387939453125 36 197.24662780761719 492.1947021484375 72 1169.935302734375 592.24261474609375 -1 1098.80615234375 644.05303955078125 225 767.39202880859375 19.732322692871094 -1 509.91180419921875 128.64437866210938 43 551.77423095703125 150.698974609375 132 748.28167724609375 153.10169982910156 133 360.31341552734375 164.91749572753906 250 159.59065246582031 197.386962890625 38 550.21405029296875 253.2117919921875 92 1090.759033203125 470.79730224609375 -1 493.8250732421875 487.11831665039062 82 258.14797973632812 492.6983642578125 48 1158.30419921875 511.57736206054688 -1 471.72915649414062 521.05718994140625 197 1043.90966796875 642.26654052734375 257
100 0.97884128082983968 -0.0077003520342175998 -0.18284723238403366 -0.091527816162341 2.3775948127909712 -0.78098077010739764 0.22614245899005633 100 moving_frame_0099.png
747.62060546875 76.430168151855469 174 850.330322265625 121.00724792480469 -1 852.2305908203125 137.11622619628906 -1 823.48638916015625 252.94589233398438 -1 770.5386962890625 268.63265991210938 -1 1113.9075927734375 344.90640258789062 -1 1113.9075927734375 344.90640258789062 -1 911.2896728515625 80.866928100585938 175 249.46719360351562 132.89979553222656 -1 799.966552734375 268.10906982421875 -1 749.0684814453125 29.926822662353516 139 846.7503662109375 129.65615844726562 200 482.64743041992188 170.75567626953125 -1 783.0233154296875 251.98109436035156 -1 767.1370849609375 277.24130249023438 -1 1089.7120361328125 321.01174926757812 -1 1114.696533203125 345.17477416992188 -1 781.3604736328125 23.463035583496094 -1 906.23907470703125 92.2998046875 -1 823.66400146484375 269.75897216796875 223 771.99456787109375 270.5670166015625 141 812.59814453125 275.09072875976562 -1 1180.120361328125 391.69467163085938 -1 267.41064453125 404.75753784179688 235 1268.7139892578125 442.72262573242188 -1 1269.112548828125 451.484375 -1 753.38665771484375 23.139137268066406 178 368.959228515625 27.112186431884766 106 672.38995361328125 48.618663787841797 213 849.97210693359375 118.30527496337891 202 720.0943603515625 132.25700378417969 -1 285.12557983398438 136.31729125976562 2 255.55158996582031 137.07513427734375 53 780.271728515625 258.93115234375 -1 769.279296875 263.59286499023438 -1 801.41119384765625 269.767822265625 177 786.208251953125 275.45867919921875 108 1102.5177001953125 334.63858032226562 -1 243.63510131835938 404.966796875 10 1221.9942626953125 417.60122680664062 -1 1226.3934326171875 427.62664794921875 -1 1236.8326416015625 440.83203125 -1 432.628662109375 458.45516967773438 277 17.675308227539062 473.66143798828125 -1 39.570430755615234 473.38296508789062 -1 1128.142333984375 532.681396484375 280 1084.9781494140625 541.4420166015625 362 753.61309814453125 23.232925415039062 -1 779.432373046875 41.732112884521484 146 845.9896240234375 133.49037170410156 -1 856.09332275390625 147.14007568359375 -1 886.0203857421875 147.23114013671875 183 805.19671630859375 247.45199584960938 157 822.789306640625 248.51847839355469 204 823.02783203125 260.3892822265625 151 768.72119140625 263.0216064453125 -1 760.4990234375 275.01693725585938 107 786.13787841796875 274.67611694335938 108 864.44659423828125 278.64175415039062 -1 890.5604248046875 278.98776245117188 -1 852.43438720703125 287.25643920898438 -1 1129.571044921875 335.65127563476562 261 1142.5009765625 352.73843383789062 -1 1091.5703125 385.97171020507812 -1 298.57229614257812 404.4951171875 143 282.06869506835938 412.2896728515625 6 1263.3321533203125 450.87451171875 -1 39.494583129882812 473.14862060546875 -1 1071.200927734375 535.94439697265625 238 752.962646484375 41.732959747314453 153 648.79632568359375 50.817264556884766 116 763.4190673828125 52.552196502685547 156 407.48052978515625 75.688240051269531 154 424.7005615234375 89.327095031738281 66 1038.175048828125 111.52919006347656 -1 857.63818359375 126.18235015869141 181 857.63818359375 126.18235015869141 -1 885.97991943359375 128.25242614746094 182 791.66668701171875 237.25279235839844 188 811.8004150390625 237.03085327148438 184 1103.347412109375 296.12399291992188 -1 1107.071044921875 324.40936279296875 241 1115.619873046875 353.64688110351562 -1 1150.852294921875 383.134765625 -1 322.29541015625 407.59097290039062 -1 322.29541015625 407.59097290039062 -1 162.10603332519531 434.89376831054688 215 54.380325317382812 465.775390625 -1 1105.77587890625 536.7384033203125 -1 1113.6314697265625 566.48663330078125 -1 1140.08740234375 565.70318603515625 255 1140.08740234375 565.70318603515625 256 92.152328491210938 673.14349365234375 -1 899.725830078125 98.405868530273438 186 414.71224975585938 103.78325653076172 -1 906.18072509765625 115.08344268798828 206 279.365234375 116.59386444091797 -1 279.365234375 116.59386444091797 -1 672.33758544921875 227.22465515136719 117 748.89764404296875 256.84359741210938 -1 762.52581787109375 269.05194091796875 -1 309.01025390625 391.25726318359375 -1 1234.85107421875 421.94375610351562 -1 274.51333618164062 425.60540771484375 17 274.51333618164062 425.60540771484375 18 261.99948120117188 442.61508178710938 25 261.99948120117188 442.61508178710938 26 275.65719604492188 458.887451171875 27 1113.4400634765625 522.08551025390625 247 154.75825500488281 524.93743896484375 263 692.44403076171875 99.536567687988281 123 692.44403076171875 99.536567687988281 124 848.787109375 105.62591552734375 190 210.56709289550781 109.19770812988281 -1 210.56709289550781 109.19770812988281 30 654.0267333984375 172.25518798828125 125 654.0267333984375 172.25518798828125 126 484.59768676757812 176.15252685546875 31 484.59768676757812 176.15252685546875 32 587.22589111328125 175.22006225585938 248 587.22589111328125 175.22006225585938 249 481.196044921875 195.59126281738281 33 481.196044921875 195.59126281738281 34 1087.8087158203125 286.42791748046875 -1 1167.1663818359375 348.12881469726562 -1 1064.4630126953125 358.00018310546875 -1 256.65069580078125 393.76654052734375 22 308.9324951171875 391.21969604492188 269 274.5172119140625 425.53591918945312 17 28.409128189086914 453.2239990234375 -1 28.409128189086914 453.2239990234375 -1 1126.7607421875 549.147216796875 270 1003.905029296875 633.19744873046875 -1 333.20465087890625 126.82891845703125 -1 879.35443115234375 285.02920532226562 192 1060.7684326171875 298.74114990234375 217 1060.7684326171875 298.74114990234375 218 1059.3560791015625 325.03207397460938 219 197.68605041503906 370.31903076171875 507 1248.498779296875 441.98068237304688 -1 1248.498779296875 441.98068237304688 -1 1260.974853515625 476.07965087890625 -1 47.997509002685547 480.82229614257812 -1 374.9495849609375 497.9500732421875 37 114.7381591796875 508.28042602539062 72 179.57215881347656 507.47079467773438 48 1096.092041015625 560.06829833984375 -1 1096.092041015625 560.06829833984375 -1 1028.423095703125 613.21160888671875 225 431.36358642578125 122.84671020507812 43 475.54830932617188 143.65830993652344 132 673.226318359375 142.52151489257812 133 276.57736206054688 162.10693359375 250 63.921581268310547 201.58148193359375 38 478.00299072265625 248.23118591308594 92 1224.3123779296875 388.73138427734375 -1 86.68182373046875 427.97555541992188 506 353.08224487304688 441.71224975585938 271 1210.8004150390625 445.8023681640625 -1 1126.9171142578125 480.1905517578125 -1 1082.625 482.530517578125 -1 408.09732055664062 524.2471923828125 197 378.79522705078125 693.34521484375 -1
