# 3D point list with one line of data per point:
#   POINT3D_ID, X, Y, Z, R, G, B, ERROR, TRACK[] as (IMAGE_ID, POINT2D_IDX)
# Number of points: 5662, mean track length: 6.7647474390674676
15832 0.33276966093080723 6.334356390511295 2.9161060222916726 231 231 231 1.5769914910793901 156 108 155 32 154 247 148 336 147 345 153 251
5559 3.0087484118934102 -0.12224661336971804 -1.1901830977678689 107 113 129 1.0781901568607992 87 582 89 616
15831 -1.2454471473767914 4.131772960678636 6.0053549972716009 107 107 107 0.55715437536444667 158 106 153 237 155 223 154 220 150 264 149 293 151 266 146 285 147 378 148 386
5558 2.9779789222921544 -0.49173181736182697 -0.94616528933600019 0 0 0 0.19399733151843485 86 248 87 190
15830 -0.93958882878322614 5.1466976517524703 2.2259113827474799 69 74 85 0.46873464127016212 156 149 153 223 154 208
5557 3.0343904200577887 -0.26162545972704582 -0.9147703051743844 115 121 139 1.3165561524840634 87 676 89 719
15819 -0.62556844052801941 6.0009388870662024 2.5638679760845746 8 8 8 0.20660088657369161 167 234 153 72 154 94
15804 4.0453712926504029 1.1157633621290735 4.3674114664238131 158 158 158 1.3049838202562298 158 187 165 672 155 275 153 331
15785 -0.049408019715322958 3.5545586705449663 3.8839106036521809 67 67 67 1.060559451430694 158 48 155 143 156 124 153 233 152 274 150 324 149 357
5512 3.2120322327664121 -0.17416892947174373 -1.1655591954833564 59 62 72 0.11815625139041666 86 205 89 249
15781 -1.5169121991867587 8.0634432035768313 4.1509019969162315 8 8 8 0.20696457013840097 166 318 155 111
5506 3.2581000064430246 -0.2946851017674047 -1.0812630960490457 0 0 0 0.11485487710457638 86 121 89 148
15761 -0.48285847928101433 3.1402464206370322 3.0368376470997478 0 0 0 0.81908139830339677 168 170 170 117 167 126
5488 3.1154668056210215 -0.12562268611919641 -1.2889203877541515 231 231 231 0.68327905304371106 87 694 89 714 88 643 85 651 86 726 82 748 83 721 84 642
15669 4.2845680294413144 0.50207506169791916 3.1126478021324253 143 143 143 1.5928253908162482 157 80 162 103 156 101 155 119 154 55
15618 4.4688995162009126 0.43081246010979185 2.9631361449936935 143 143 143 0.72549507384332057 159 135 160 192 161 272 157 142 162 160 158 121 156 170 155 205 153 166 154 236 150 105 152 168 151 115 148 54
15615 4.4209720910801877 0.3911619436367505 2.8446556606906781 143 143 143 0.71940674157174989 159 133 160 187 161 269 157 137 162 156 158 138 156 165 155 201 153 162 154 176 154 231 150 56 152 162 151 183
15609 -0.59907680046085887 4.3706491826151863 2.749605881578344 96 101 116 0.42698704504650886 163 589 165 528 157 108 154 155 151 172 146 239 147 149 148 317
15608 -0.5023943784510847 4.1789082464192067 2.8231536118938365 99 104 120 0.38029727425833931 164 337 157 106 156 147 155 182 153 139 154 153 152 142 152 231 149 208 150 158 151 170 146 237 147 325 148 315
5333 3.2243272123467519 -0.33543314125374701 -1.2657243487104384 59 62 72 1.7604558251922795 85 443 86 540 87 560 83 482 82 411 84 412 89 592
15596 -3.931037256468334 0.91511510195346168 7.1775941495006714 52 56 64 1.856026233850818 179 36 177 44 181 25 182 24 183 25 185 80 41 7 43 13 184 26 186 29 187 63 180 50 188 116 40 89
5323 4.5787416741546929 -0.21417599655674899 -1.3109815961145346 231 231 231 1.5759900243458047 76 157 78 214 79 99 84 88 84 252 86 192 85 80 83 133 85 264 82 129 87 293 88 278 91 245 87 100
15592 -2.5924115680255686 -3.1908326479326341 -0.38277378583449423 0 0 0 1.4666787928041263 12 504 14 365 10 532 11 403 7 462 10 637 6 357 10 319 11 292 13 401 16 387 15 343 16 305 17 359 5 632 5 835 4 881 8 728 3 743
5319 3.2015723512633789 -0.32737749942474625 -1.2623279048682097 104 109 126 1.2338275575917113 85 14 87 8 86 14 89 18
15590 -2.5924330415361685 -3.1907976163509897 -0.38276937178924492 0 0 0 0.5463878571845564 7 562 10 710 6 740 14 456 12 615 11 464 13 476 15 411 16 437 17 428 18 324 5 881 8 1045 3 894
15588 -2.5923576944699303 -3.1907187140920392 -0.38260413946718846 112 118 135 0.70680839318650579 12 651 6 787 7 596 10 743 13 503 14 497 15 438 16 465 11 496 5 940
5315 2.9353592380149638 -0.10381756790881722 -1.0373717719365265 0 0 0 0.23976192302387189 84 647 85 655 86 732 83 731 82 792 87 701
15584 0.36053948592686169 0.41152363395053398 6.9980449909692615 5 5 5 1.8442207275085492 167 50 173 67 164 57 47 403 47 441 46 272 46 295 49 529 176 385 172 510 169 376 173 491 175 334 173 458 177 281 174 345 177 319 179 243 163 585 164 329 165 565 166 434 167 210 170 245 171 243 161 158 160 65 159 19 157 14 162 85 159 84 158 66 155 13 169 131 174 101 165 63 51 544 168 307 51 679
15574 -2.5932280055691859 -3.191628221883053 -0.38277468439213025 0 0 0 0.36899043982322571 11 341 15 257 10 313
5301 4.4627158080283174 -0.19104119165618585 -1.3205815421508431 41 41 41 0.59522684271589521 75 788 86 707 84 633 83 682
5285 2.9254044854580168 -0.092107026294249633 -1.0479289562673828 130 130 130 0.44432855601557941 84 590 85 607 86 653 83 662 82 678 87 615
15536 -2.5923844896133152 -3.1909235108386875 -0.38276785862758134 0 0 0 0.89723048255515003 7 451 13 394 12 453 6 611 10 448 14 388 11 399 6 490 11 366 15 361 16 384 17 374 11 283 5 620 4 678 8 720 3 637
15535 -2.5923309045442924 -3.1907093022475319 -0.38262119775529546 0 0 0 1.936942154156116 7 418 10 324 16 269 13 308 17 287
15531 -2.5923875584381384 -3.1908549363564118 -0.38281261868812522 130 130 130 0.59121754607514199 7 406 13 337 12 391 11 331 10 450 14 324 16 331 5 622 4 680 8 722 3 639
5258 2.9183713273211103 -0.062387975321734866 -1.0285755210066969 130 130 130 0.99469912751634271 84 441 85 529 86 576 85 472 83 577 82 579
15529 -2.593140842640731 -3.1912873380630904 -0.38313669854062843 0 0 0 0.78992791944498464 16 288 10 300 7 348
15528 -2.593140842640731 -3.1912873380630904 -0.38313669854062843 0 0 0 0.78992791944498464 16 287 10 299 7 347
15526 -2.592380247263522 -3.1908687174891157 -0.38277927651255822 0 0 0 0.62732261278628421 7 604 15 435 10 740 11 503 12 658 14 492 6 796 5 963 4 1121 8 1118 3 1008
15524 -2.5931384152187786 -3.191625674841748 -0.38273210872842189 0 0 0 1.2170674845965268 7 594 14 493 12 645 10 731 11 504 15 436
15523 -2.5923460123692066 -3.1909134517696485 -0.38279690897693125 130 130 130 0.46588097354249053 7 590 15 434 10 738 11 500 12 643 14 489 6 794 5 937 4 1104 8 1103 3 1006
15520 -2.5923259742172999 -3.1908900517266381 -0.38299366976532001 59 62 72 1.0049787748308168 7 582 16 457 10 726 12 638 13 496 15 427 18 328 11 487 14 488 17 447
15516 -2.5924081283275298 -3.1908473791828791 -0.38281279537108165 130 130 130 0.30786789122821967 7 571 15 408 10 709 12 631 6 764 11 481 14 471 13 491 16 447 17 438 8 1082 5 916 3 952
15513 -2.592404597793462 -3.1908586868841846 -0.38285166534261256 0 0 0 0.3419738610378007 7 556 15 391 10 679 12 588 6 737 14 449 11 457 13 447 16 431 17 420 18 307
15511 -2.5924107243396426 -3.1908251128485441 -0.38274707450937973 130 130 130 0.74445568082699842 7 535 10 641 6 690 10 682 12 591 14 426 11 442 15 368 13 428 13 451 16 416 17 408 5 837 4 979 8 985 8 894 4 884
15510 -2.5924131283698375 -3.1908228312947626 -0.3827902179275921 130 130 130 0.27535898153862109 7 499 10 578 6 616 12 503 11 402 12 547 14 393 15 342 13 423 16 386 17 378 18 287 5 763 8 891 3 744
15508 -2.5924236660663618 -3.1908098496795105 -0.38277987188244389 0 0 0 0.44901868447836729 7 465 10 581 6 622 12 507 14 397 15 346 13 406 16 394 17 385 18 282 5 716 4 801 8 829 3 746
5229 4.4667902872141649 -0.21541330457248778 -1.3541785818974204 52 52 52 2.3536783481012979 75 456 84 242 86 275
15501 -2.5923543290237228 -3.1909577154785844 -0.38278087892107254 0 0 0 1.1380683570658401 7 448 15 337 10 517 13 366 15 315 13 421 16 382 3 632
15500 -2.592346430267523 -3.1909518345493826 -0.3827817983924196 0 0 0 1.572694034965211 7 447 15 338 10 516 15 316 13 367 13 422 16 383 3 631 4 673 8 715 6 479 11 277 14 275 13 284 15 235
5227 2.9112753200195525 -0.060827715301695805 -1.0456204170646719 130 130 130 0.18153119115903818 84 344 86 386 85 363 87 378
15496 -2.5924113003639651 -3.1908181813443321 -0.38282134060839113 130 130 130 0.54612173194378755 7 412 15 290 10 453 12 458 10 315 6 495 11 288 14 282 13 338 16 299 17 352 18 232 5 626
15492 -2.5923996540448471 -3.1908450425461603 -0.38283783196038701 130 130 130 0.49977144652107119 7 356 16 296 12 390 15 287 17 301 8 725 5 625
5219 2.884707474385527 -0.10139166795239482 -1.1678979343646401 231 231 231 0.57925470518207578 85 347 86 369 83 85 85 33
15491 -2.5923996540448471 -3.1908450425461603 -0.38283783196038701 130 130 130 0.49977144652107119 7 355 16 295 12 389 15 286 17 300 8 724 5 624
5218 -2.8268744538366408 0.01816111810687053 6.3672736942036252 0 0 0 0.62622162880604026 45 202 46 90 43 66 41 69 186 105
15473 3.815040182901233 -0.38921447192913067 2.2748106749574371 29 30 30 0.51322571258277816 160 239 161 320 159 186 157 211 162 211 158 195 156 249 155 269 153 324 154 295 150 389 152 310 149 419 151 355 146 410 147 482 148 522
15469 3.6420724060380882 -0.46693686205819868 2.1854939501828987 9 12 14 1.0913840164046928 160 236 161 307 159 164 157 194 162 199 158 192 156 226 155 253 153 309 154 278 150 355 152 305 149 356 152 292 151 332 146 274
5196 4.4454426331800558 -0.21038560584517679 -1.3370824778244759 0 0 0 0.64279580669238157 75 273 84 167 86 186
15468 3.4532116354178228 -0.50161560110818648 2.361991082418768 9 11 14 0.53732978622861727 160 225 161 290 159 163 157 177 162 187 158 178 156 222 155 252 153 305 154 276 150 354 152 291 153 283 149 354 151 331 147 448 148 476
15467 3.3139038711202491 -0.4934463669183482 2.5895309483138464 29 30 30 0.64643038246464535 160 224 161 289 159 153 157 176 162 186 158 175 156 200 155 232 153 282 154 261 150 319 152 290 151 330 147 449 148 477
5194 4.5891709262531428 -0.21766850681636929 -1.6376770765108351 220 220 220 0.64509414261487663 77 108 79 76 89 268
15466 4.4536089908835343 0.46467814744664243 3.0365993253365695 0 0 0 0.53024622386584286 161 273 164 462 159 137 157 161 162 173 158 164 156 189 155 224 153 270 154 248 150 285 152 277
15458 3.5342441935061184 -0.53035666758586353 2.3423256384967415 9 12 14 0.28628562234863991 160 69 161 95 159 42 162 54 158 37
5185 2.9175959186041198 -0.081385009525098445 -1.0630844410169162 130 130 130 0.68081932227072484 84 614 86 685 83 693 82 732 85 625 87 679
15457 1.7041298524796997 -0.3474497720564495 3.4955164326605312 91 92 96 0.24139543559051133 160 26 161 30 164 50 159 8 163 59 162 9
5184 2.9146185083286404 -0.088559332205276439 -1.078044229847408 0 0 0 0.63276639385544653 85 623 84 612 86 683 87 677 83 689 82 725
15456 1.6685998588851658 -0.39305703129177222 3.3957868139100862 95 99 102 0.14720220711854992 160 9 161 26 164 43 159 2 162 1
5183 2.9297515791757975 -0.087562806142569394 -1.0320246609925297 130 130 130 0.3848995813670742 85 577 84 551 86 626 83 628 82 635 87 591
15455 1.6685998588851658 -0.39305703129177222 3.3957868139100862 95 99 102 0.14720220711854992 160 8 161 25 164 42 159 1 162 0
5182 2.9240514722701136 -0.082884421286566326 -1.0403172230407671 0 0 0 0.47293771955100805 85 576 84 550 86 655 83 629 82 638 87 618
15450 4.726687483788595 0.64375869893580606 3.0154126746516932 143 143 143 0.66240010664088755 161 334 164 509 160 260 159 203 157 228 162 234 158 234 156 283 153 348 152 338
5177 2.9245404396441894 -0.082025311186766134 -1.0362391211080428 0 0 0 0.40765626430508628 85 430 84 405 86 571 83 520
15449 4.7281164215147795 0.64387074831987734 3.0025069038248478 143 143 143 1.0152683426828319 164 508 160 259 156 282
5176 5.1829306470940635 0.5393626737386652 -1.0416446556432342 0 0 0 1.2190482201668926 83 621 81 303 83 513 77 646
15447 4.1023114434729706 0.20734615937540571 3.0738945683194014 143 143 143 0.73737554339642908 161 331 164 521 160 256 159 208 157 234 162 241 158 242 156 279 155 301 153 345 154 321 150 459 152 351 151 410
5174 2.8936964626324446 -0.14742403983133623 -1.164847214714668 231 231 231 0.50382480698583021 86 729 84 669 85 677 83 752
15446 -1.2885148581347938 1.6928605234816523 8.0049589575622182 0 0 0 1.3544022360214329 161 303 165 666 167 441 160 247 159 182 158 208 162 220 155 293 153 306 154 291 150 412 152 306 149 447 151 352 146 499 147 565 168 417 173 572
5173 2.9090170903792609 -0.17080043276399964 -1.1461072041825406 59 62 72 0.41991995034482515 84 645 87 698 82 750 83 724 86 728 85 654
15444 4.1838445363289063 0.31650612469322614 3.0404017519561366 0 0 0 0.4828726408983588 161 292 164 480 160 232 159 174 157 189 162 193 158 185 156 233 155 260 154 284 150 368 152 297 151 341
5171 2.9172223057900939 -0.16979592172719796 -1.1342589635859004 231 231 231 1.0532895380378826 85 567 86 559 84 540 83 652 82 663
15443 2.9256081061113837 -0.40996259246248029 2.7884735549776396 231 231 231 0.3758327579613141 161 288 164 456 160 222 159 152 157 170 162 183 158 172 156 217 155 248 153 304 154 274 150 350 152 304 149 382 148 518
5170 2.9094714019731387 -0.15400648760008911 -1.1389361927183848 113 119 137 0.36655550501014006 85 464 86 453 84 429 83 506 82 494
15442 2.9259333682974606 -0.40952549438630076 2.786481119911921 231 231 231 0.39033793859853616 161 287 164 455 160 221 159 151 157 169 162 182 158 171 156 216 155 247 153 303 154 273 150 349 152 303 149 381 151 348 148 517
5169 2.9126844539511865 -0.14933195724092421 -1.1439963561995723 113 119 137 0.72339468260172846 85 463 86 452 84 428 83 505 82 493 87 583
15439 2.6272821878803438 -0.63838388828388637 2.4643075592536512 0 0 0 1.2267512567516405 161 283 164 449 160 201 159 149 157 151 162 196 158 88 156 198 156 213 155 168 155 228 153 278 153 298 154 240
15434 4.3927760323040319 0.46339924633075569 3.0461949791837615 143 143 143 0.58583739891609388 161 242 164 435 160 189 159 118 157 139 162 158 158 118 156 168 155 203 153 164 154 233 152 166 151 187
15430 4.2530502477730519 0.37135906183542428 2.9868118508867485 143 143 143 0.75343388661553345 161 237 164 431 160 183 159 129 157 116 159 114 162 152 158 114 158 136 156 161 155 154 153 158 154 172 150 101 152 156 151 105
15429 2.6548043760117794 -0.71349325137963759 2.5059056257633809 57 57 57 0.9917155101083428 161 222 164 447 160 168 159 122 157 125 158 89 162 117 156 174 155 211 153 120 153 211
15425 4.127458177466746 0.30320694205109283 3.0127475669076338 0 0 0 0.93874045956910057 164 414 160 160 161 174 160 104 157 66 162 92 156 30 153 44 151 104 152 97
15423 -0.53807998243803312 -0.26777103502314392 6.7709056807312713 92 97 112 1.0231233612217343 165 588 166 459 167 366 169 433 171 297 160 150 159 104 158 83 157 122 156 134 153 2 157 51 154 2
5150 4.5436646410132351 -0.11488674310322119 -1.422254457814889 0 0 0 0.48041192212610923 77 393 85 271 84 255
15420 -0.053529193883085718 3.3395977280999078 3.162488943858849 97 102 117 0.34368377316152454 164 334 165 530 160 136 157 103 156 143 153 142 150 160 152 144 149 210 151 174 147 151 148 106
15419 -1.566468914104088 1.561108493111486 5.8985170641619664 119 125 144 0.67120009626339494 164 260 165 378 166 363 167 292 168 251 171 231 160 117 156 112 153 117
5146 4.460659308193982 -0.076167293607722397 -1.591041233101314 25 25 25 0.94964322086498565 80 222 81 189 82 228 84 243 88 173
15418 -0.76564005825182013 -0.49421110107703731 7.0599073301839512 5 5 5 0.9522400944259638 161 187 164 362 165 585 160 110
15416 -0.21286644940240559 3.0449825743497971 2.6991949584952164 59 62 72 0.99946038964770523 161 89 165 410 160 94
5143 4.63756734806796 -0.23327259946134457 -1.5825119056567336 0 0 0 1.3283781699581891 78 88 89 272
15411 -0.47328623130611358 4.4867004273857596 2.9515439988164958 59 62 72 0.54228689705914501 166 166 167 138 168 114 160 73 165 247 170 222 171 121 169 342 172 453
5138 4.4556288351395512 -0.25790300040580394 -1.5802652220635116 0 0 0 1.4585822525659407 76 203 77 201 79 153 86 148 84 123
15410 3.4173896124214984 -0.40509146207609287 2.6113226153034557 27 28 28 0.64989896530748426 161 96 164 284 160 70 159 20 162 30
5137 4.4147511453938 -0.05091699670154131 -1.6733944004660701 231 231 231 0.36266989486339946 79 109 85 73 84 81
15409 -0.10905647923215231 3.2582803753547056 3.0622229940605563 75 79 92 0.80616503522966754 163 367 166 164 159 43 158 14
15406 1.7542544712781267 -0.38925734997884509 3.2940865412821614 124 124 124 0.25319499367962134 161 68 163 476 164 269 160 50
5133 4.4471204711002592 -0.28773840498373343 -1.5248216100330154 0 0 0 0.47664276825427632 79 7 84 48
15405 -1.7480068617382245 1.6630996277937138 6.0570419457375229 60 63 73 1.2620339291126033 164 315 169 236 171 74 160 49 173 307 159 58 172 469 162 119
15404 4.2036357082568543 0.88279875266653085 4.5443035746611953 231 231 231 0.65628781715957196 165 468 160 40 159 25 157 49 158 54 156 109
15400 0.3835552497289777 0.45150488594804028 7.0621734179969442 231 231 231 0.54038423313275774 164 332 168 309 171 245 161 160 171 281 161 201 169 413 163 627 165 567 166 436 160 131 159 87 157 99 162 132
15395 -0.50050286714768066 4.5023232050816775 3.0693216801793719 82 86 99 0.48189124361608754 163 488 165 420 166 284 167 217 171 211 161 131 166 406 170 251 161 169 168 281 169 382 172 478 173 497 172 521 160 139 160 74 157 112
15391 -0.49515349344316645 3.9894737169621028 2.6306607776675963 65 68 79 0.83359415019559169 170 363 171 374 161 329 157 233 153 340 154 313 150 428 152 344 149 471 148 620
15390 -1.3209550566024586 1.5988861899317108 7.9904767705447615 0 0 0 1.7231127264340553 166 555 161 327 159 205 169 522 173 614 153 356 154 332 162 247
15388 -5.5564479370866557 3.8448199847297326 10.001603382074721 108 106 106 0.98511146031254837 164 487 165 662 166 543 167 463 170 355 171 377 161 312 160 243 159 192 157 205 162 217 158 205 156 256 163 717 168 422 169 517
15384 1.4424000537730097 0.19574579861343122 5.3391487332893357 6 19 42 1.7539337864789175 166 525 161 260 157 178 153 286 156 203 158 150 155 186 152 78 147 331 148 319 148 479
15383 -0.4534785206741514 0.40756970118316521 8.6245416549200939 84 79 75 1.4683020224846963 165 623 166 507 172 568 161 257 157 173 156 223 153 310 148 563
15381 4.1732327707013495 0.89710492840023848 4.5273378142407417 231 231 231 0.64209841414301039 164 415 165 628 161 244 160 195 159 142 157 147 162 163 158 144 156 193 155 227 153 277 154 253 152 282 151 319 163 683
15377 -0.39468257893349346 -0.2612466735752722 6.6100452115859456 5 5 5 1.1151858828358034 163 648 164 399 165 589 161 196 160 116 157 90 162 112 158 87
5104 3.7706338222989748 -0.38169408357150042 -1.2385393992070657 0 0 0 1.3406254132060187 82 199 85 233 86 241 89 276 94 338 93 322 97 239 96 190 99 282 98 210
5102 4.4206933323177733 -0.065220096435088082 -1.6459670004378455 231 231 231 1.7140392623990846 78 43 79 106 85 147 84 159 89 78 86 176 77 234 82 56 87 77 88 169
15373 1.9844626034629564 -0.51596164038687264 2.657063261883791 124 124 124 0.52544526720539408 163 651 164 370 161 191 160 108
5100 4.39310233353845 -0.038162370226595368 -1.7147885799017029 52 52 52 1.3546892433862372 79 177 80 136 85 140 83 113 81 109
15371 -1.7847172503825375 0.59114838018095195 6.9243457317647845 101 106 122 0.56596277300790099 163 639 164 361 166 456 161 186
5098 4.426164762679714 -0.30100349483629046 -1.5129677114663433 215 215 215 0.77672872300696072 76 130 85 112
15365 -1.4336875654333696 1.6062633495723766 5.8549315309811538 97 102 117 0.72816636063028806 165 498 168 254 161 146 160 119 158 93
15364 -1.0473471760273854 0.53948851357180416 6.3536600008088868 119 125 144 0.99738446654177226 166 364 167 293 168 252 161 143 153 118
15353 1.922804028526274 -0.5164345484213928 2.7633729404837548 119 119 119 0.45428286441157784 163 470 164 180 165 396 161 63 160 44
5080 4.4455499480899627 -0.063278827489635953 -1.6115206856213466 231 231 231 0.7363586859646436 77 762 78 743 79 726 80 660 81 627 85 613 84 601 83 674 82 699 86 668 87 661
15346 2.0041491269256082 -0.2106169801821749 3.3808654189319638 108 109 112 0.14573178084780794 163 351 165 214 161 41
5073 4.4357181236073036 -0.070011806866140322 -1.6327138208078871 231 231 231 0.95589932393034194 77 606 78 585 79 565 80 504 81 477 83 543 85 550 82 531 84 520 86 549 87 567
15340 2.0305149231096657 -0.51765099401417747 2.5606136482842059 86 87 92 0.51938905395944623 163 46 164 26 161 9 160 0
5067 4.4182688480544385 0.0079309224732892047 -1.7045775721915188 41 41 41 0.59086768549182056 78 479 81 391 83 418 85 412 84 251 87 465
5066 4.4176284948048821 0.0075896257256403386 -1.704171631601795 41 41 41 0.70529527333308006 78 478 81 390 83 417 87 464
15281 -1.3233562691313827 4.8741525089138449 3.1370544814291428 231 231 231 1.5458869408366749 105 203 106 214 107 177
15264 -3.6870128574012098 5.0290545190740525 4.7250694530797528 8 8 8 0.23155140386630327 207 116 106 136
4991 5.4104422153053573 0.42426890452888244 -0.77915720461604665 0 0 0 1.4104617020502199 73 479 75 668 81 449 76 510 78 506 79 475 80 433 82 447 83 624 2 392 2 519 1 392 1 519 3 248 205 299
15263 3.0382897391836137 -0.10248963806484829 -1.2550983569666527 0 0 0 0.9360523788908629 86 209 84 186 83 161
4990 4.7090747069049526 -0.45573781187791712 -1.0052769537693247 123 123 123 0.83373844331530722 77 112 78 23 81 380 78 467 79 248 80 405 82 476
15258 -1.7154845946968975 4.5119240670019112 3.275532924260165 0 0 0 0.058513694214445369 108 75 106 90
4985 4.5731778670192131 -0.40243535191137131 -1.2383071162404085 59 62 72 0.848348138085113 79 712 81 618 82 693 83 671
15255 -3.8279658262381533 4.9037451389663289 4.8229094411979734 229 229 229 1.2056767030566697 110 37 111 56 112 71 113 58 106 81 107 89 119 185
15251 -2.8922200327284866 5.0097191819395022 3.9886414831723673 231 231 231 0.68473085891628993 113 120 106 69
15250 -1.7220908137231503 4.5792693653492726 2.8308630183496373 0 0 0 0.57668004293416109 109 57 113 141 111 129
4977 -2.3266604178751922 0.80580930591012745 6.4528464194385124 228 228 228 0.40995440848852338 47 389 48 304 44 235 43 142 41 140
15237 -3.1228856142131067 4.0379426317774714 2.5012589362181545 105 110 126 0.53831604104892072 105 1 106 3
15235 -2.9199686509713567 5.1135013254567312 3.9997315836419589 8 8 8 0.73535644342901574 112 216 111 220 110 151 109 167 108 142 113 244 115 251 112 215 111 221 110 152 106 173
4962 5.2932014931870679 0.32448837674515435 -0.88908250654056609 0 0 0 1.1066923606978918 81 275 83 334 75 504
15233 -2.9199440116462609 5.1006959828618168 3.9980312137764185 8 8 8 0.44137092695644631 109 168 108 143 106 174 107 153 107 154 105 185
15227 -1.5524167299515195 4.5853171777847974 3.3656796741996584 165 165 165 0.43817770607272327 110 78 108 84 107 95
15224 -1.9716812588554513 4.4669199998396527 3.3080661798492859 0 0 0 0.42707862047621764 109 73 108 69 106 83
15223 -2.1230969068704049 4.4380744763638846 3.3687507307553073 165 165 165 0.25104574530710366 105 99 108 62
15221 -1.9618592027819592 4.4720463610394283 3.1135024676392593 165 165 165 0.45694647879339612 110 92 108 53
15220 -1.960237827887737 4.4850579628452412 3.1109964313692045 165 165 165 0.11708842792582021 120 278 108 52
4947 5.2863080167028178 -0.047042269680119049 1.2190542119308965 22 68 32 0.57630522752370295 61 21 63 60 64 202 73 215 74 278 71 79 75 525 70 177 65 116 66 132 68 110 72 132 59 24
15219 -1.5592686698820852 4.8144276048369026 2.6998842102966933 231 231 231 0.37012345084373177 109 58 108 42 106 59 107 62
15208 -2.1591329256179259 0.83414290545285452 5.2715414239030709 0 0 0 1.9358577115426503 142 37 144 37
15207 3.3344907328389488 -0.076125349106035051 -1.4614631261591307 132 132 132 1.4207928411762472 99 53 101 84 104 4 101 112 100 52 102 139 103 36 99 187
15202 3.6380816630283541 -0.17888433482709601 -1.5109712658639098 0 0 0 0.55386354543625393 93 225 95 187 96 153 99 198 98 159 101 163 100 149 102 169 103 141 96 174 99 220 101 176
15201 3.7591328642019333 -0.12327353134455653 -1.584689037757576 59 62 72 1.4288459661073585 104 161 103 154
15200 3.7597487346753731 -0.13963919176368703 -1.5751297714758743 110 116 133 0.52979951061952002 104 176 103 151
15198 3.5191459976930211 0.10074340093741267 -1.4990874323229431 8 8 8 1.2179691841817193 102 112 103 124
15195 3.275363249965749 -0.13300483493131127 -1.3832080416432091 225 225 225 0.41643086560217807 104 104 103 111
15193 3.6663106321478192 -0.2332123575923796 -1.5797708725470314 0 0 0 0.072986760337052148 104 70 103 99
4920 5.367291399841986 0.35240991437406771 -0.79919937860128454 130 130 130 0.71922496881305908 73 323 77 450 74 411 82 338 83 339
15190 -2.9149543332087822 5.0973074916907866 4.0246922795887192 0 0 0 0.54817994716203167 112 75 115 87
15189 3.4743616939294726 -0.096297477581955782 -1.5436800662644889 231 231 231 0.11650789850929655 100 77 104 96 103 70
15187 3.4768512636760076 -0.083158375376669036 -1.5445542166748767 0 0 0 0.59940262835456126 98 112 104 98
15186 3.6926327463134552 -0.18206864490817076 -1.5413222265199302 0 0 0 0.17951490084080368 104 91 103 66
15185 3.6926327463134552 -0.18206864490817076 -1.5413222265199302 0 0 0 0.17951490084080368 104 90 103 65
15184 -2.2001730352481101 0.71856330817806902 6.5324210755116532 228 228 228 0.5747643302982941 124 326 132 101 138 195 140 209 134 98 125 378 122 419 137 173 127 398 145 351 142 286
15183 3.8121039517725963 -0.013556855014915381 -1.7121622461360553 66 70 81 0.031610912217034826 93 174 103 62
15182 3.6400238861724104 -0.21286074410650188 -1.5462044974292899 165 165 165 0.11123145788088581 100 40 103 55
15180 -1.958323031302007 4.4859385578524718 3.113292088324318 0 0 0 0.032655363751212162 105 89 109 64
15167 3.5930226741178402 -0.25117845606906886 -1.5568144460653033 164 164 164 0.3695796373820886 95 109 101 123 100 94 104 111 99 142 102 120
15163 3.2900852734642618 -0.16329555306094434 -1.3557663019053148 223 223 223 0.16196295149647444 101 150 104 145
15160 -2.6060608878075384 3.0820382995835502 2.4237595721430671 0 0 0 2.0253036115035901 110 118 113 154
15157 3.6670560557724738 -0.21135629159386132 -1.5640607504649635 164 164 164 0.2756505584778946 101 98 104 77 103 53
15155 3.6673650119984038 -0.21084537571938686 -1.5644266102439881 164 164 164 0.036150388611720569 101 97 104 76
15152 3.6537623376132902 -0.30242649823320183 -1.6596217753384119 59 62 72 0.37873713549986621 101 92 102 86 104 68 103 47
4879 4.4084647507758818 -0.25748698473613441 -1.5768221757787351 0 0 0 0.93486982276603536 76 581 77 598 78 527 79 548 80 451 82 513 83 473 82 463 84 451 85 484
15149 3.6385203980240401 -0.17365943157439873 -1.5118239972847669 0 0 0 0.32042351246026335 100 23 104 46
15147 3.5120432475476733 0.10694923798947222 -1.4895512466997458 227 227 227 0.19610014468263942 101 30 104 37
4874 4.406295670088002 -0.25761302817302895 -1.5925958539097573 215 215 215 1.031635281285824 76 534 77 499 78 464 79 441 80 397 84 409 81 373 85 437
15146 3.6398502553274281 -0.1510880918940064 -1.4942202149128201 121 124 135 0.053629838818911243 101 51 104 29
15145 3.6754651901289725 -0.19603457570986141 -1.5517131314073453 165 165 165 0.10222509319815501 101 45 104 26
4872 2.5643661924691115 -0.93273520052328063 -0.70736503811838392 0 0 0 0.028825527041215739 78 356 80 384
15144 3.6754651901289725 -0.19603457570986141 -1.5517131314073453 165 165 165 0.10222509319815501 101 46 104 25
15143 3.6546580567009621 -0.20244721115107006 -1.5469234087200421 0 0 0 0.091545913578282706 99 40 102 30
15141 3.6080308138569781 -0.11044528312875627 -1.5168356335141844 231 231 231 0.54462284690977825 102 65 104 3
15140 3.6099811931296197 -0.10564472799968214 -1.4586586918350635 8 8 8 0.31342151499298521 98 67 102 66 104 103
15139 3.4810178003291314 -0.095516339412107465 -1.5483646342736794 231 231 231 0.36557548006505053 99 159 102 61 99 77 100 49 103 67 97 81
15138 3.6387867583623832 -0.20664815601973374 -1.5391423067119137 0 0 0 0.59995013761343463 93 151 95 126 96 120 99 177 98 94 101 155 102 186 96 121 99 178 98 95 101 156 104 132 104 133 104 156 104 157
15134 3.7777247263084921 -0.13537635394030922 -1.5854443006317294 112 118 135 1.076074389943817 101 221 104 203 103 177
15132 3.317652971977517 -0.067470922069295169 -1.4637835127001333 12 12 12 0.18617440851958653 100 184 102 207
4859 5.8917675536583749 -0.10244104475401652 -0.07371053027025444 130 130 130 0.93045374672741243 71 127 80 299
4857 -2.3127124448791201 0.78391025844879458 6.4728928480230143 0 0 0 0.65431789140464403 46 181 48 302 185 221 182 173 178 177 180 155 179 188
15129 3.522113365188221 0.11265406275497292 -1.4981456346326281 8 8 8 0.24225813843431773 101 180 102 191 104 182
15128 3.6366202435557873 -0.30165034658493262 -1.3209146983233262 68 67 67 0.41177824316906081 101 179 102 190 104 147
15127 3.7180450081498475 -0.20718730240060695 -1.6231297784134766 231 231 231 1.7399502921371812 101 182 102 182 104 185
15125 3.747366465295086 -0.14621603942187905 -1.5865063815680647 231 231 231 0.65610420941052428 101 175 102 165 104 172 103 166
4852 4.434551352191737 -0.27125072339098227 -1.5333036027332001 0 0 0 0.82111084069892226 76 483 77 350 78 465 79 240 80 192 81 155 84 361 82 406 83 394 85 386
15123 -3.6744804944574758 5.0161964144055897 4.7471489085276239 0 0 0 0.35832721524409938 105 152 115 150
4850 4.5467682638339415 -0.11394845493989945 -1.4236920016286705 25 25 25 0.52035522294105629 77 392 79 190 80 146 83 220 85 270 84 254
15120 3.5169889147264279 0.10862885552282385 -1.4989577443937112 231 231 231 0.24184280411230416 101 118 102 113 104 106
15119 -3.6067025652508322 5.0161101146986873 4.7797431295184554 0 0 0 1.2039618104674301 105 127 111 115 110 51 119 316
4846 4.4032154916808341 -0.26257284950948417 -1.5808117671122954 0 0 0 1.0283048435117705 76 331 79 235 80 110 82 196 84 213
15118 3.3496736217226291 -0.057004441375608762 -1.4674738188454426 8 8 8 0.63666265445586445 99 102 101 115 102 108 103 81
15117 3.654823693243165 -0.20304547944804377 -1.545848355864188 0 0 0 0.25140095206126722 96 56 102 98 104 114 103 102
15116 3.654823693243165 -0.20304547944804377 -1.545848355864188 0 0 0 0.25140095206126722 96 57 102 97 104 113 103 101
4843 4.5905126768697828 -0.23363543857862415 -1.2990452927759526 231 231 231 0.84078479858653998 79 22 80 68 82 14 83 16 85 24
15114 3.9472497510291484 -0.14814330504987364 -1.6935512996948561 59 62 72 0.27321005233468421 99 144 102 90
4840 4.434179797424842 -0.27751080721452787 -1.5242400758441317 216 216 216 1.3609649091096261 77 15 80 56 82 9 84 55 85 11
4839 4.4370140773978548 -0.27719573189309549 -1.5252487013949962 216 216 216 1.0283723573045567 76 138 77 14 80 55 81 5 82 8 83 47 84 54
15111 3.3113683663327684 -0.0778899842783599 -1.453833588561388 228 228 228 0.59243989619874238 100 57 102 79 104 34 102 35 103 39
4838 4.5996946038745472 -0.2457407995088374 -1.5753973708373137 215 215 215 1.0457882755286148 77 105 80 50 89 270
15109 3.5691049146845897 -0.41184927870441429 -1.3321583973373359 0 0 0 0.70145011054583506 92 213 101 20
15107 3.7529329581241337 -0.12090128239783197 -1.5859704942313433 231 231 231 0.36747617286899825 101 137 102 60 104 160 103 153
15106 3.7529329581241337 -0.12090128239783197 -1.5859704942313433 231 231 231 0.36747617286899825 101 136 102 59 104 159 103 152
4833 4.4411476317559684 -0.28195135285463363 -1.5149577267958034 216 216 216 0.90690253599654214 78 21 79 16 80 10 76 17 81 4 84 53 82 7 85 13
15105 3.6658578265481738 -0.19381436395584725 -1.5434735559491355 164 164 164 0.35185944945796854 99 48 102 58 104 86 103 61
4832 4.4304335503405836 -0.28349159275039854 -1.5240467932648978 0 0 0 0.96985700240787531 76 15 77 13 78 20 79 13 80 6 82 5 83 3 84 51 85 7
15103 3.6621989613422716 -0.25319367554599315 -1.5994018784137232 164 164 164 0.40952527999221644 100 66 102 48 103 98
4830 4.534182843149793 -0.12385143035850285 -1.4424249065525927 25 25 25 0.88010386934320206 76 705 77 734 78 741 79 723 80 661 81 628 85 642 84 634 82 702 83 679 86 704 89 691 88 621 87 665
15101 3.3168806022204085 -0.074021841624173898 -1.4546492499085424 8 8 8 0.9164736391048931 101 24 102 36 104 8 104 35 103 23
4828 4.4352568521463773 -0.29149809322859649 -1.5021035863911141 0 0 0 0.38288228019812809 76 574 77 549 79 501 80 448 83 477
15100 3.6424024711506422 -0.18741894827715325 -1.5214933236865258 164 164 164 0.14484395525984275 98 35 102 32
4827 4.5546191532307958 -0.19328279140668014 -1.3741525961758492 52 52 52 1.1281427555605263 78 102 79 96 85 151
15099 -3.5979689657875902 4.0921381120054061 5.3578259464560753 0 0 0 2.1551199807204 109 35 110 114
4826 5.954149173482528 0.25905679343501947 0.11230241429725048 0 0 0 0.89197700083959652 71 316 77 636 78 682 75 663 79 596 77 581 76 556 75 613 80 588 74 521 74 562 7 281 6 432 10 396 9 457 12 327 205 321 4 610 8 625 5 529 72 290 71 244
15098 3.6417184801241822 -0.2040051703267351 -1.5408367530865308 0 0 0 0.23192798199888115 100 22 101 44 104 24 103 17
4825 5.9440870657290912 0.25556981402873852 0.1106104497891708 0 0 0 0.70569386358036579 71 317 77 637 75 664 79 597 77 582 76 557 75 614 80 589 74 522 74 563 7 282 6 433 10 397 12 328 205 322 72 291
15096 3.6632133850528272 -0.21817852601475957 -1.5571571505305539 164 164 164 0.096274499761353105 101 66 102 22
15095 3.5978413277248436 -0.13322656513839981 -1.5126359605726445 59 62 72 1.6845756613765146 96 192 98 196 100 189 99 269 98 228 102 214 101 205 104 191 104 199 103 174
4822 4.5730567618720244 -0.10810219773144182 -1.3958834591163953 231 231 231 0.61991144886576999 76 754 77 784 78 805 79 784 80 725 81 684 82 776 83 746 85 672 84 662
4819 4.9150519997164483 -0.11308044718958045 -1.0723318366744279 59 62 72 0.99758424998798556 79 764 81 662 77 767 82 747
15091 3.3289685294206723 -0.073139708348101892 -1.461938876840073 8 8 8 0.29163489860741482 101 194 100 182 102 205 104 180 103 158 99 249
4818 5.1380794070450984 0.51353732804377517 -1.1452684234290009 59 62 72 0.81947758879912569 76 720 79 750 80 625 79 694 85 622
15090 3.3289685294206723 -0.073139708348101892 -1.461938876840073 8 8 8 0.29163489860741482 101 193 100 181 102 204 104 179 103 157 99 248
4817 4.5413441980642011 -0.1559776949191049 -1.4027777518696625 231 231 231 0.94440354783605729 77 732 78 738 79 722 80 657 81 624 76 738 85 640 84 630 82 700 83 675 86 702
15089 3.8016669750568233 -0.17152259024584843 -1.4852015174491562 59 62 72 0.6068403981321453 101 192 102 202 104 193 100 174 103 167
15088 3.7887391314624206 -0.14230818422899197 -1.6018262616802761 59 62 72 0.62423244407148082 98 175 100 170
4815 4.4817200945869331 -0.3314875997161908 -1.3869468728924705 115 113 113 1.3051063089819344 79 713 80 654 83 670 85 635 82 694 84 628
15083 3.3078655645552573 -0.075439086454461582 -1.4494164758100001 8 8 8 0.47254184412740746 101 149 100 133 102 141 104 118 103 110
4810 4.3898363163960648 -0.4118916785624076 -1.5000709806437655 59 62 72 0.8583856107190353 76 624 77 589 78 637 90 466 79 608
15082 3.7310031567916275 -0.37978909045703702 -1.2274050367849487 235 235 235 0.55620072102809859 97 127 98 65 99 166 100 120 96 105
4809 5.5885412986887824 0.85270028937571518 -0.77435734820670654 59 62 72 0.72267940584474211 78 627 79 604 82 573 77 654 83 578 76 666 85 584
15080 -2.2453882179696336 0.75360918154175549 6.5990568428486034 0 0 0 0.51381908411830213 127 318 140 282 131 170 132 103 125 384
15079 -2.249043588073226 0.75342443714542173 6.6131101514813926 0 0 0 0.55169733803133236 127 317 140 283 131 169 132 102 125 383 130 88 134 64
4806 4.5913751266103109 -0.2300115524970037 -1.2883901741445094 60 64 74 0.99286620156590877 76 633 77 555 79 511 82 600 85 495
15076 3.4792616172006197 -0.14813967320028931 -1.3162658156012688 231 231 231 0.88736968181608833 99 135 100 89
15074 3.6008697706680497 -0.099891731678887416 -1.4870062716346215 59 62 72 0.32950334158112043 96 131 100 83 102 106
15069 3.6699814849007151 -0.18546630068446826 -1.5404492435891726 164 164 164 0.23294076963818186 101 107 100 75 104 88 103 63
15068 3.6699814849007137 -0.18546630068446993 -1.5404492435891708 164 164 164 0.23294076963753835 101 108 100 74 103 64 104 89
15066 3.6406376620460503 -0.20481070995523221 -1.5406210487948342 0 0 0 0.28603800350439218 98 61 100 71 103 58
4793 5.060339842938836 -0.20055678744833189 -0.75370136251544817 109 115 132 1.2914493378028935 79 317 81 228 82 286
15063 -2.6807948580449681 1.8933164908605442 3.4711282784112121 0 0 0 1.0660027816184821 105 78 116 241 117 281
15062 3.6622252269144515 -0.25295197168555511 -1.599365319479362 164 164 164 0.60081041518050582 101 121 100 65 102 47 103 97
15061 4.2159310377326813 -0.13410928662465629 -1.8894503322912393 231 231 231 1.5258305374586523 97 149 99 141 100 64 96 144 102 152
15052 3.6118163738252944 -0.10417724770003599 -1.4631674766898377 0 0 0 0.40114136118419069 98 39 101 23 99 79 100 25
15049 3.6411630745695085 -0.2052126199393963 -1.5396949963953093 0 0 0 0.29609460341348354 95 15 101 43 100 21 104 23 103 16
15047 4.5788779696755997 0.40520670365387368 -2.5290331533745114 84 89 102 0.086265971941037148 93 2 102 17
4774 4.6820711741641299 -0.47124424809629401 -1.0000005796625684 29 29 29 0.7814930833228495 78 189 79 161 80 198 81 167 82 417
15045 4.02823163110246 -0.22537946139724369 -1.7975782635813258 231 231 231 0.42818313025869814 99 5 101 64 100 14 98 2 102 1
15042 4.3023572461492314 -0.091775633031115647 -2.0597989795608203 8 8 8 0.89720781286164808 96 4 100 1 102 15 98 20
15040 -2.1714506905615738 4.4420025626530544 3.328603547722214 0 0 0 1.0748918145892286 207 1054 105 222
15039 -3.3465238114124864 4.9349968703080105 4.602303622150214 116 122 140 0.59164383115326014 109 136 105 193 108 118 107 147
15037 -1.9583503941430562 4.4893395982455138 3.1305143972372194 165 165 165 0.55737939412046744 109 155 105 165
15035 -2.7398288914079751 4.2380860428665086 2.0488399524207832 231 231 231 0.30568967819768289 109 94 105 134
15032 4.6235278702726035 -0.16527307610688446 -1.3098245034109857 0 0 0 0.62917461357244187 81 21 82 134
15030 -2.1909847773854403 0.72193551601731565 6.4974487273766082 0 0 0 0.55570699821023362 124 325 140 208 125 377 132 100 134 97 138 194 122 418 137 172 127 397
4757 4.864774547086232 -0.16906456220862456 1.4879586691217166 57 57 57 1.1755775382573621 72 270 73 444 71 269 75 721 72 300 73 486
15021 -2.3007709047497937 0.64532281826321536 6.4802718846674141 228 228 228 0.48755481757713875 144 246 145 313
15018 2.9140409168066812 -0.087388629738399906 -1.0697330492570751 0 0 0 1.1146678341793279 85 102 86 374
15015 -1.7695039674287605 2.3167751530250125 4.2000980164419408 0 0 0 1.3456189663658253 125 408 140 242 123 387 126 311 129 261 137 209 138 231 124 134 124 354 128 309 139 292 135 181
14997 -4.1321957239064098 3.6468831876181849 5.0203713175697455 0 0 0 0.51110823676370676 123 614 207 664 116 321 118 416 119 497
14995 3.6499118883222179 -0.14514973431430339 -1.3797208650303583 231 231 231 0.99821577699802821 98 68 101 165 102 175
14990 3.6401033323164977 -0.21331587168655664 -1.5453638900244964 164 164 164 0.067751178641068457 98 93 101 100 104 79
14986 3.6357496859201128 -0.15745296064505851 -1.4944559977559961 59 62 72 0.18322033403216037 93 20 101 82
14982 3.3415081205667136 -0.049823130316485262 -1.4683721070640339 226 226 226 1.3448156020079507 99 171 101 54 100 87 102 109 104 9 103 41
14979 4.0792465313896571 -0.13860748819799859 -1.771602298236719 87 92 106 0.79908837557018508 99 7 101 39 104 18
14972 3.6460156320513737 -0.14102863816199418 -1.3823429671397143 231 231 231 0.62278059078660908 98 200 100 190
14969 3.6640903281736805 -0.2131208447831717 -1.5803325301844777 0 0 0 0.15343198786804887 99 290 98 251 101 231 100 211 102 234
14964 3.6473932618206151 -0.197064565577171 -1.530326668412656 164 164 164 1.0591731616224196 99 266 98 223 101 220 100 201 102 227 104 210 103 186
14963 4.2371857787002805 -0.38769405114016325 -1.5483817113983929 59 62 72 1.5889362567196661 93 344 95 298 96 227 97 254 98 218 92 503 90 531 93 364
14956 3.3459908281929458 -0.40854994223513197 -1.1501127995624101 68 71 83 0.78865236298264674 97 224 98 149
4683 4.6138461745592823 -0.13996379860911384 -1.3067419868438861 231 231 231 1.1319008853220729 76 739 77 739 78 748 79 731 79 762 80 668 81 632 85 648
14953 3.6646270577079436 -0.19411312129399289 -1.5416192298775078 164 164 164 0.40620001510201992 99 150 98 97 101 161 100 114 104 135
4680 4.5652650665958507 -0.17114886775853225 -1.3537587828608804 41 41 41 1.8120318287633288 76 736 77 761 78 740 79 760 80 702 81 657 82 745 83 716 85 645 85 666 84 660
14952 3.6646270577079436 -0.19411312129399289 -1.5416192298775078 164 164 164 0.40620001510201992 99 149 98 96 101 160 100 113 104 134
4679 4.5701598039249935 -0.16578235237521693 -1.3597212187840795 41 41 41 1.4788289271122792 76 735 78 739 83 715 85 644 84 632 83 681 86 706 77 760 87 668
14951 3.5082809369686649 -0.15148587272192834 -1.3036670843614231 231 231 231 1.211152224898534 96 70 99 174 98 88
14950 3.4737635281599828 -0.12153980905654557 -1.3678746924156353 8 8 8 0.11503069146000328 99 133 98 87
14949 3.4719596654437397 -0.1349852367050306 -1.3610562794471921 8 8 8 0.086079512484866866 99 132 98 86
14947 4.2200141596293239 -0.13504724895268505 -1.8847807535606134 231 231 231 0.71651247035872989 96 50 97 7 99 27 98 51 96 18 100 8 102 16
14944 3.5741021863428291 -0.180519816437547 -1.5374822860425126 231 231 231 0.14236356888670235 96 36 98 33 101 50
4671 4.4518105804866757 -0.37345471866724023 -1.3790828702720634 59 62 72 1.5280021447487395 76 699 77 661 78 693 79 672 80 552 81 576 84 596 82 645 85 544 94 496
14943 3.9626634131767631 -0.17781231938097988 -1.5794223241498151 59 62 72 0.37455560415904449 97 16 99 73 98 31 100 41 102 99 101 131
14942 3.7427722175743132 -0.15172423599461529 -1.5784429035726351 2 2 2 0.35183991857756031 99 74 98 9
4669 4.7900749647581371 0.08763000698467488 -1.2941250129230393 59 62 72 0.69007883682978632 76 637 77 666 78 649 79 626 80 566 81 548 82 619 83 607 85 598
14938 -3.4736845630624846 3.7337770345383823 5.5836142349290983 0 0 0 1.2423601852877459 123 213 139 145 142 113 141 106 116 176 117 176 119 309 120 270 122 416 123 368 138 298 139 365 140 225 114 132 125 527 119 381 121 356 123 510 124 471 138 338 140 336 141 332 115 156 113 135 142 348 112 80 113 87 144 146
14935 -3.9986113774436727 0.82915039069078089 7.1465353891557299 95 100 115 0.40387143199901909 42 80 184 67 185 79 39 52 182 21 177 39 176 8 37 28 188 113
14934 -4.9179918387197592 3.7160782890735509 9.3804447778671616 83 81 81 1.1346190780329972 176 338 178 186 172 424 166 367 178 247 165 497 180 158 178 277 173 400 177 207 40 98 41 76 39 80 181 153 182 158 43 84 185 158 184 155 161 149 44 18 169 317 175 274 45 229 37 79 168 250 170 186 171 184 174 267 179 204 42 250 159 106 188 118
14933 -1.9496782222191817 -1.2918270841409893 7.2990579037836376 133 133 133 0.78602361374439811 179 309 177 333 176 446 175 372 173 500 174 361 172 522 169 423 169 385 171 256 170 225 51 699 49 625 48 404 46 344 47 505 48 426 44 343
14920 -2.5931209376288882 -3.1915620043520967 -0.38282222842093427 0 0 0 1.1418982636820438 11 440 14 448 15 390 13 446 16 430 17 436 13 471
14918 -2.5932287805867826 -3.1916352350670421 -0.38277104204952367 0 0 0 1.5586598983192315 13 372 14 330 14 430 11 409 15 321 7 460 12 545 16 395 10 568 6 608 10 634 5 607 8 825 4 666 3 466 3 624
4645 4.6652841129385694 -0.47125013751796141 -1.0478189597934218 89 94 108 0.48606906844467918 76 572 78 522 79 499 80 452 81 430 82 412 83 402
4636 4.7780477410819016 0.075020585481812507 -1.3063554914662954 60 64 74 0.52273869602768186 76 547 77 507 78 490 79 459 80 422 85 457 82 437
4632 4.5148105947667183 -0.31005560718821423 -1.384884790777249 116 114 114 0.66612021355386963 76 535 77 601 78 470 80 404 81 159 83 399
14896 -2.5931755357528878 -3.1915056971801801 -0.38219239123611787 0 0 0 0.44534376236332368 4 899 8 911 3 750
14894 -2.5936077529063186 -3.1917975602035424 -0.38271621646533982 0 0 0 0.73626488826456449 4 713 8 759 3 334
14892 -2.5934348141238268 -3.1917919029807322 -0.38262969518189055 0 0 0 0.073706896930297569 4 687 8 734
4619 5.3420179381234378 0.3722375472197077 -0.78411561211563052 130 130 130 0.60001134153083358 77 459 78 426 80 432 74 420 81 406 2 254 1 254
14891 -2.5931713005948374 -3.191733312795606 -0.38229051369213063 0 0 0 0.15964183521499353 4 343 8 371
14887 -2.2967198453454176 2.4400216159589725 3.3942549532539732 0 0 0 1.2783656191818404 109 108 140 220
4614 5.40000449575889 0.30508665151508457 -0.70729409569957535 130 130 130 0.65981668250686676 77 447 78 420 79 366 83 452
14886 -2.2967198453454176 2.4400216159589725 3.3942549532539732 0 0 0 1.2783656191818404 109 107 140 219
4613 5.40000449575889 0.30508665151508457 -0.70729409569957535 130 130 130 0.65981668250686676 77 446 78 419 79 365 83 451
14881 -2.5924179698623209 -3.1908000045818352 -0.3828227582728333 0 0 0 0.3961475801091961 15 410 7 561 15 393 10 681 12 614 6 739 11 461 14 451 13 473 16 433 17 424 18 323
14877 -2.5924425433615337 -3.1907734837995023 -0.38280175669072602 0 0 0 0.3361282876297299 15 395 11 443 7 538 10 683 12 592 6 693 14 455 13 449 16 413 17 401 18 317
4604 4.579917698626466 -0.27324122705367948 -1.3128366487812979 231 231 231 0.84922733438703268 76 349 77 363 78 346 79 266 80 213 85 407
14874 -2.5924318659546288 -3.190799686632523 -0.38279625069340967 130 130 130 0.20572896506212004 15 367 7 502 10 640 6 620 11 407 14 395 13 425 16 392 17 383 18 295
4600 4.690783283394043 -0.41247975611277737 -1.0583256593552539 102 107 123 0.92421773820393704 76 336 77 356 78 338 75 256 79 255 80 207 81 181 82 223
14823 -2.5931785289503253 -3.191529231916761 -0.38219138156497784 0 0 0 0.55422962309036705 3 991 4 1097 8 1095
14822 -2.5931509097291712 -3.1917725232295844 -0.3822877442755987 0 0 0 0.81752530661661105 3 990 4 1095 8 1091
14821 -2.5931509097291712 -3.1917725232295844 -0.3822877442755987 0 0 0 0.81752530661661105 3 989 4 1094 8 1090
14818 -2.5931153068306014 -3.1916024933194183 -0.38273719242781873 0 0 0 0.31794046158606593 3 981 4 1080 8 1077 5 912
14817 -2.5931789071433538 -3.1915009695949119 -0.38218191031853088 0 0 0 0.44175963576589261 3 968 4 1062 8 1096
14816 -2.5936112092393886 -3.1918058963118874 -0.38271848899106881 0 0 0 0.7799116115692919 3 967 4 1096 8 1108
4543 4.9567937486707789 0.17733485386848249 -1.1090365565766942 108 113 130 1.7928942367097569 77 622 76 601 78 540 79 530 80 474 81 270 81 493 82 491 82 548 83 502 75 309
14815 -2.5936063337851882 -3.191823776590756 -0.3827433052587455 0 0 0 0.89563987525717548 3 961 4 1055
4542 4.964315721376809 0.17992929818636988 -1.110367799458194 108 113 130 1.8273908778684891 77 621 76 600 78 539 79 529 76 419 80 473 82 490 82 547 81 269 83 501 81 492 75 308
14812 -2.5932302428074188 -3.1916513676126619 -0.38275989826590107 0 0 0 0.41187883860240504 3 947 4 1042 8 1078
4539 4.9471939437377381 0.20403758026998495 -1.1683888704756602 108 113 130 1.5733761304907594 77 429 76 424 78 401 85 332
14811 -2.5931548654717673 -3.1917645449074761 -0.38227341852888297 0 0 0 0.93055883215051782 3 907 4 1060 8 1050
4536 4.5274637947175815 -0.33310056411381328 -1.3299685971138526 59 62 72 1.2357608467470902 77 205 76 208 78 93 79 91 80 118 81 105 83 103 85 123 84 224 86 252 87 185
14795 -2.5930699423215899 -3.1919110039723222 -0.38203809078771211 0 0 0 0.97819515376772181 3 668 4 703
14786 -2.5931706938510386 -3.1916053308622265 -0.38277455836778929 0 0 0 0.48607776273105274 3 623 4 792 8 887 5 759
14784 -2.5931174553371195 -3.1916207366680687 -0.38272755650434309 0 0 0 0.39774433686459104 3 620 4 662 8 705 5 599
4511 5.3693337205947156 0.37890887560879483 -0.80801955265237435 130 130 130 0.6622444319445856 77 709 76 684 78 713 75 736 83 688 2 591 1 591 7 244 205 463
14783 -2.5931174553371195 -3.1916207366680687 -0.38272755650434309 0 0 0 0.39774433686459104 3 619 4 661 8 704 5 598
4510 4.6497046953268093 -0.45795878725012129 -1.0746680206867669 59 62 72 0.87106395301839157 77 698 76 672 78 694 79 674 80 602 82 696 83 672
14770 -3.6774380177086075 3.8834512506877155 5.6514654280447516 44 46 54 1.2225867719409094 123 442 138 398 139 361 140 334 114 212 113 219 141 454 142 389
14767 -2.4998949528479009 0.36303579680203785 6.4419014245055637 184 184 184 1.6313526124383571 178 155 179 162 137 304 177 167 126 407 176 304 174 229 175 233 172 382 173 361 168 209 44 177 141 227 182 151 140 160 170 156 48 283 131 137 167 254 183 140 45 161 141 426 51 638 169 267 49 503 171 148 180 124 43 75 123 556 137 115 127 261 139 204 124 263 142 233 123 304 124 507 186 116 138 148 184 158 143 471
14766 -3.5330822014630603 3.78442766184132 5.5494201273814365 0 0 0 1.5564341903622452 123 732 124 702 125 738 138 538 139 648 207 920 116 380 117 460 118 503 119 594 120 552 121 536 122 677 114 334 115 309 140 509 113 310 112 284 141 597 142 582
14764 3.9520001721485252 -0.16161137543393767 -1.6697072350717197 109 115 132 1.697557506846983 97 279 99 273 101 232 98 234 104 209 102 233
4491 5.1951363807869244 0.2159848000833868 -0.94775400632111007 130 130 130 1.674512873476931 77 626 76 603 78 605 83 615 82 626 1 434 2 434
14763 3.5125136486199748 -0.16451010312099709 -1.2949456761387592 231 231 231 0.45161788066948699 96 224 99 270 98 230
4490 5.2035309982393425 0.21911307667005647 -0.94978326889820353 130 130 130 1.8543374755620483 77 625 76 602 78 604 75 657 83 614 82 625 1 433 2 433
14757 3.6661494326881821 -0.1864921286682332 -1.5418983011061993 164 164 164 0.27303672189433742 96 185 99 244 98 191 101 201 100 171 102 198 104 190 103 165
14755 3.3096433134002279 -0.3944219843003568 -1.2286797049105354 231 231 231 2.6008304475352784 93 175 99 235
4482 4.5867671579058271 -0.36014416824915746 -1.2581638920024623 102 108 124 0.94686377379426312 77 600 76 577 78 575 79 554 80 491 81 465 82 524 83 539 85 549
14753 3.643692035215059 -0.19057518189659051 -1.5237213587650822 164 164 164 0.61630158602162965 97 191 99 218 98 177 101 189 100 173 102 188 104 175 103 148
4480 4.648125620296077 -0.55272243704954771 -0.9893695133928444 29 29 29 1.2943126099996531 77 591 76 569 78 566 75 586 79 611 80 548 81 525 82 593
14752 3.643692035215059 -0.19057518189659051 -1.5237213587650822 164 164 164 0.61630158602162965 97 190 99 217 98 176 101 188 100 172 102 187 104 174 103 147
14751 3.6016594022340178 -0.1213078373516403 -1.4919328511749443 110 116 133 1.1077282364739025 97 199 99 202
14744 3.6352421165514626 -0.31439055314093117 -1.3303491406069761 68 67 67 0.65054604671584892 93 166 99 158 98 139
14743 3.6357008264088471 -0.31434665260831623 -1.3314363417521822 68 67 67 1.1562860769794243 93 165 99 157 98 14
4470 4.5920955191276756 -0.47545675413930133 -1.1498954760073863 105 111 127 0.54149052407997622 77 546 76 529 83 526
14742 3.8313815545364824 -0.38069403432281046 -1.2873003223827559 233 233 233 0.52258396399225815 96 83 97 49 99 154 98 126
4469 4.6036271412069087 -0.50219411471516118 -1.0991673803586335 59 62 72 0.6688168441105794 77 544 76 527 78 521 76 571 79 494 80 444 81 462 83 524
14740 3.5930226741178402 -0.25117845606906886 -1.5568144460653033 164 164 164 0.36957963738208854 95 110 99 143 101 124 100 95 102 121 104 112
4467 5.2569345216349772 -0.054723616456382455 1.2266664205339546 7 21 42 0.86612349526765209 69 116 76 522 75 578
14735 3.6754686443381681 0.040301717295971214 -1.5646235658604661 231 231 231 1.2675177260332788 95 96 102 6
14734 3.4810178003291314 -0.095516339412107465 -1.5483646342736794 231 231 231 0.36557548006505053 99 78 100 50 102 62 103 68 99 160 97 82
14731 3.6336123937740474 -0.20482995266202475 -1.5322559563696576 164 164 164 0.38802634379787443 93 8 99 45
14730 4.0189470257070088 -0.23053900846203754 -1.7834454236058777 8 8 8 0.47142800266653284 96 17 97 6 99 24 98 24 101 34
14729 4.0189470257070088 -0.23053900846203754 -1.7834454236058777 8 8 8 0.47142800266653284 96 16 97 5 99 23 98 23 101 33
4456 4.9832908524746271 -0.20268598638224905 -0.90311343554028667 71 75 86 1.2841447487579614 77 506 76 491 78 486 79 520 80 419 81 438 82 481 75 555
14726 3.7317157775023535 -0.37933918562866281 -1.2276753911480522 233 233 233 0.58099682463498104 97 128 96 106 99 167 96 40 98 66 100 121
14725 3.8010662349959174 -0.38554640912725441 -1.2471081357724705 163 163 163 0.71909553800719672 92 135 94 34 90 61 93 37 95 130 97 115 96 126 99 225 98 162
4452 4.725700316771503 -0.51708510371370553 -0.92044359552384247 29 29 29 1.2798367115311415 76 480 78 329 75 545 79 238 80 193 80 403 81 161 81 377 82 207 77 342 82 415
14722 3.3295103217406119 -0.39359369166746011 -1.1456568480604059 115 121 139 2.0735156994455819 97 290 96 244
14721 3.3295103217406119 -0.39359369166746011 -1.1456568480604059 115 121 139 2.0735156994455819 97 289 96 243
14720 3.6043510308412579 -0.10873278102678316 -1.4832110260734432 59 62 72 1.6906733347176435 96 239 99 284 98 245 101 224 100 205 102 229 104 206
14714 3.769991969242001 -0.38214139780952722 -1.237968313545061 0 0 0 1.4861593930815626 93 323 97 240 96 191 99 283 98 211
14712 3.6360266544419191 -0.29526492138867716 -1.3177062995004523 112 118 135 0.38976915518449518 96 177 99 246 98 198 101 207 100 179 104 196 97 215
14707 3.3323079392557791 -0.39153733313199152 -1.1409376231423101 115 121 139 0.32463237976416504 97 64 96 115
14699 3.6923086238392369 -0.17984966394138954 -1.5434758103525936 0 0 0 0.77103718212676731 93 157 96 90 99 151 100 148 103 139
14697 4.2437440802463282 -0.36935382877197293 -1.5623913881378282 231 231 231 0.66777039426148022 92 211 93 135 95 104 96 74 90 213 98 90
4424 4.6902991248874706 -0.41256046416119674 -1.0580956208989227 102 107 123 0.97778545286986795 77 355 76 335 78 337 79 254 80 206 81 180 82 222
14691 3.6338339558334072 -0.20452895829548265 -1.532639316286704 164 164 164 0.3442064977284201 93 9 96 9 99 46 102 56
14688 3.6375898211284774 -0.31095713628644533 -1.3198845119635683 68 67 67 1.2944860161152985 99 298 98 239 101 238 100 218 102 239 95 355 97 314
4415 4.8441314735116592 -0.11257584281324921 -1.1260011826694372 91 95 110 1.7369524255003925 77 150 76 238 78 139 79 122 80 85 74 106 81 132 82 259
14687 3.6969036843844814 -0.16098668171687103 -1.5386506127872872 164 164 164 0.66082158967014981 93 370 95 332 97 297 96 232 99 275 98 236 101 233 100 214 102 236 104 212
4414 4.8441314735116592 -0.11257584281324921 -1.1260011826694372 91 95 110 1.7369524255003925 77 149 76 237 78 138 79 121 80 84 74 105 81 131 82 258
14686 4.486986364345702 -0.2864262298167447 -1.2978435293458972 231 231 231 0.4425923121295553 92 564 93 407 95 330 97 293
4413 4.7533179008641255 -0.31143263005630495 -0.97181959202888113 5 5 5 0.42370169410289105 77 137 76 222 78 220 79 30 80 81 82 243
14683 4.5112663335054073 -0.35946412296294611 -1.4039174999132973 59 62 72 0.96129605766182258 86 583 95 301 97 277 84 513
14682 3.2829263027037565 -0.41251180149721184 -1.1131904520411748 96 101 116 0.83316674667233515 95 248 97 274
14677 3.8066666602178758 -0.39809787561156929 -1.2072933909790684 232 232 232 0.89130652892668094 93 290 97 237 96 205
14673 3.3301707467112487 -0.41669933946564219 -1.1493117804706661 100 105 121 0.94695517631135429 95 241 97 223 96 195
14671 3.9440693375010349 -0.15381308599238974 -1.6934293527343913 59 62 72 0.84397043226499602 90 379 97 205 96 183 99 241 102 210 103 172
14670 4.1936352650856739 -0.15664297333437316 -1.8740506591062815 59 62 72 1.2873941552378823 90 327 92 356 93 253 96 142 99 211 98 91 99 140 101 94 101 181 100 158 102 178 97 204
14668 3.8364030983236237 -0.39918181046167595 -1.2300547545748073 0 0 0 0.33393631789616257 92 314 94 152 97 185
14667 3.6349621177602347 -0.15524541169741313 -1.3750888088205879 231 231 231 1.0128118201287246 95 93 97 174 95 164 93 57
14663 3.9091469980209448 -0.13143629874722793 -1.6714932775945504 106 112 129 0.88417762326457938 90 235 92 226 97 151 94 159 96 80 99 35 98 156 101 130 100 107 102 92 104 131 103 116
4390 5.3764590219647967 0.31562810484259091 -0.75825421600407106 26 26 26 0.72184892439150794 73 598 77 794 76 762 78 816 75 813 79 800 80 738 74 696 81 695 2 738 1 738 10 590 6 638 9 711 4 842 8 858 3 771 12 511 205 857 5 787 82 786
14659 3.8052014563227003 -0.38817700882718753 -1.2410983716787711 231 231 231 0.32357021062704994 90 64 92 43 94 4 97 118 96 127 98 164
4386 5.4907221777946154 0.52935327766233464 -0.69308044999809959 130 130 130 0.77453495916993476 73 567 77 753 76 721 78 766 75 773 79 753 80 691 74 666 81 647 83 732 7 431 10 546 8 797 6 528 9 599 4 605 12 477 205 644 3 571 1 654 2 654 82 756 11 348 5 686
14653 4.5065823404072765 -0.39826838307334722 -1.2920649387351844 231 231 231 0.81330190840863503 89 175 97 97 85 115
4380 5.5538800623413946 0.51041884172768315 -0.6122105486105931 130 130 130 0.55103884629812749 73 539 77 713 76 688 78 717 75 741 79 698 80 638 74 642 81 606 82 723 83 694 7 385 10 379 8 613 6 411 9 446 4 606 3 396 12 419 205 479 1 658 2 658 11 311 5 512
14652 3.2864264906745619 -0.38032167167044967 -1.2456781386815898 85 89 103 0.41833863094478074 95 89 97 83 96 64
4379 5.4796419190668848 0.45994846143315249 -0.67716706800148529 0 0 0 0.6329901062620239 73 537 77 712 76 686 78 716 75 739 79 697 80 634 74 641 81 604 82 722 83 691 7 254 10 365 8 607 6 400 9 441 4 599 3 392 3 568 12 412 205 303 1 602 2 602 11 308 5 506
14651 4.3269842969253727 -0.3704883562935477 -1.2469541328779206 75 80 92 1.5690650398786328 90 69 94 42 97 76
4378 5.4799773644139682 0.46007057619111275 -0.67715027224176805 0 0 0 0.63137754861170403 73 536 77 711 76 685 78 715 75 738 79 696 80 633 74 640 81 603 82 721 83 690 7 253 10 364 8 606 6 399 9 440 4 598 3 391 12 411 205 302 1 601 2 601 11 307 5 505
14650 4.3249776007297482 -0.37070020293468586 -1.2465014142330875 75 80 92 1.2839822618026535 88 53 90 68 94 41 97 75 93 34
4377 5.3624232270473051 0.37649885735867428 -0.80734986973031919 130 130 130 0.60894357034486446 77 708 76 683 78 712 75 735 79 688 80 623 74 637 81 592 82 672 83 687 2 590 1 590 10 348 6 387 9 430 4 395 8 424 12 280 3 375 73 534 5 493
14649 3.6648359831282344 -0.23384707040882319 -1.5774466287226525 0 0 0 0.73184929787960518 93 81 97 73 96 78 98 52 101 125 100 96 102 154 104 125 103 130 104 151
4376 5.417076070597278 0.31554554094890075 -0.68712825006457567 130 130 130 0.60276275631448106 73 531 77 707 76 681 78 707 75 733 79 687 80 622 74 634 2 589 1 589 10 478 6 386 9 429 7 376 3 371 4 390 8 595 12 283 205 465 5 343 81 591 82 675
14646 3.6932878895615904 -0.30604571572745765 -1.675990232165663 74 78 90 0.49492052055539915 95 28 97 31 96 44 99 59 100 29
14645 3.7459604132310655 -0.20023047915425421 -1.5219746633548465 110 116 133 1.0523488311168947 93 405 95 354 97 312
14640 3.9762419238073337 -0.15105292645106866 -1.6892049615860292 106 112 128 1.9545392116811167 90 538 92 509 95 329 95 304 97 292 96 231 99 289 98 249 94 452 96 253 100 210
14638 4.4151565691077153 -0.42682760489600546 -1.488939454128841 231 231 231 1.2999607340958903 77 757 78 730 93 401 95 348 97 308
14637 4.4197186238813586 -0.42510100768601344 -1.490906588837112 231 231 231 1.5615704778882078 77 758 78 729 95 347 97 307 96 249 93 400
14635 4.3204262864227987 -0.3699654372109526 -1.6312437973437424 231 231 231 2.1111052175334617 78 772 92 556 95 345
14634 3.2953101705101062 -0.37062222013681068 -1.223348595710519 231 231 231 0.85619453366675924 93 394 95 341
14624 3.6408958600188632 -0.18421404708406922 -1.5144411885610245 0 0 0 0.5440434201673483 93 353 95 287 97 267 96 204 99 267 98 224 101 222 100 195 102 220 104 204 103 178
14623 3.7911169783078935 -0.40636398582796568 -1.1893552442434752 0 0 0 0.34595124642563091 92 485 93 347 95 284 96 217
4350 5.9396077873183959 0.17077147338473994 0.0067009554632833125 130 130 130 0.18792748242009716 72 176 77 438 78 417 73 299 75 486 79 373
14622 3.6834770159672621 -0.18082276764899713 -1.5458135405006119 0 0 0 1.3259214116910834 92 452 93 350 95 282 97 282 96 213 99 264 98 221 101 219 100 200 102 228 104 211 103 187
14621 3.6485433425628351 -0.19553352443661987 -1.5300713585369727 164 164 164 1.1721562612816134 92 450 93 349 95 280 97 281 96 214 99 265 98 222 100 202 102 226
4348 5.745040197166225 0.10135989615612402 -0.27426897323402882 0 0 0 0.61975720004612889 72 168 73 388 77 427 78 405 75 479 74 473
14620 4.8328523560858638 -0.19078628149087493 -1.3364021548117202 61 64 75 0.92876474439976187 88 483 93 328 91 381 95 260 97 235
4347 5.7450401971662295 0.10135989615612574 -0.2742689732340286 0 0 0 0.61975720004604928 72 169 77 426 78 404 73 389 75 480 74 474
14619 3.6987999561820253 -0.16985171719669082 -1.5425180475572842 164 164 164 1.1433184692930669 93 326 95 259 97 241 97 266 96 188 98 193 101 202 100 188 102 213 92 371
14618 3.7722613831275464 -0.15815251701541078 -1.5849624487346252 59 62 72 0.44209406297055504 92 410 93 324 95 256
14616 4.3317120241611269 -0.34067087000148727 -1.2407697662736166 61 64 75 0.38039430217891684 92 411 93 289 95 230 90 430 94 393 87 457 88 423 89 514 91 365 90 386 92 368 94 340 97 208 86 479
14615 4.3905813509051379 -0.34551664527286102 -1.6351460352817417 59 62 72 1.8995874125659362 78 562 92 394 93 278 95 225 79 541
14614 4.3133203212440572 -0.3621507108187928 -1.2443400571330949 109 115 132 0.65000816148440044 90 337 92 316 93 217 94 284 95 208 84 225 86 253 88 249 89 412 91 316 93 255 82 108 85 242 97 179
14613 4.0936502319684784 -0.17112136493340724 -1.805425420181697 231 231 231 1.3481723314224368 90 328 91 47 95 206 92 357
14612 3.3921009203758845 -0.31319335862370784 -1.2043045748247663 115 121 138 0.24001622719090393 94 134 95 198
4339 4.7101415338210275 -0.4893300253916994 -0.95989035892194763 100 106 121 1.0768745163993347 77 197 76 197 78 188 75 247 79 160 80 197 81 166 82 214
14611 3.3921009203758845 -0.31319335862370784 -1.2043045748247663 115 121 138 0.24001622719090393 94 133 95 197
14609 3.6382858386782821 -0.17837895076906923 -1.5112817014517435 0 0 0 0.36018701294908745 93 226 95 188 96 154 99 199 98 160 101 164 101 177 100 150 102 170 103 142
14607 3.7129639898533782 -0.16728131010512726 -1.5412414362876188 59 62 72 1.810602383128576 96 173 98 194 99 257 102 189 101 203
14606 3.7620573847013001 -0.38179345311760893 -1.236301521260291 0 0 0 0.62841242603829417 84 56 92 235 93 155 95 184 85 50 87 55 97 162 99 203 99 230 98 140
14605 3.8278173425200257 -0.39289183226820273 -1.2440945965873165 0 0 0 0.7908214372539123 84 13 89 44 93 212 95 179 87 5 85 4 86 52
14602 3.3194387504526683 -0.28292868226788681 -1.3071747201372068 231 231 231 0.13415483399470912 94 131 97 144
14595 3.6362111697367507 -0.20285846103380081 -1.5333223915046901 164 164 164 0.83046656651153195 92 232 95 136 96 86 99 148 99 216 98 99 101 158 101 174 100 112 102 163 103 136
14593 4.1028314153479455 -0.32318363934376498 -1.3032959909642199 230 230 230 0.53661920706176935 91 214 96 92
4320 6.2052851783058065 0.13954877735749263 0.26052303513073533 231 231 231 1.8640952544763212 72 318 71 308 77 673 76 644 78 673 74 593 5 510 6 414 9 449 10 381 12 422 8 610 8 443 3 395
14591 4.3710869544663042 -0.38413037185881932 -1.2315154703984208 106 112 129 0.23460769142447269 88 52 90 146 94 103 95 113
4318 4.5768181327271922 -1.2332689559129293 1.294826890548312 0 0 0 0.69224234547556562 69 206 73 492 71 284 68 235 70 271
14586 3.6578227009835906 -0.19694294584371363 -1.5408472337158508 0 0 0 0.2776072343305665 93 96 95 82 99 146 101 103 100 47 104 116
4313 4.6136383311897378 -1.1036045511488231 1.3156326404715295 141 141 141 0.97504523898448658 69 184 72 280 71 252 67 94 71 285 66 223
14584 3.61158416243009 -0.23030753428210998 -1.5468858787223962 0 0 0 0.67879746052379497 90 49 92 31 95 74 97 154 95 111 96 146 99 175 101 127 102 157 104 129
14582 4.2479375321021333 -0.23879017424914312 -1.7435763402624533 231 231 231 1.3599882009452944 89 167 91 129 95 66 88 127 97 68 99 26 98 26
4309 5.8269045985009589 0.070178415908736275 0.83856470646968939 124 124 124 0.62126492358410157 71 242 75 617 78 557 68 206
14580 3.7719445270220362 -0.40660659777303237 -1.1621578984534877 231 231 231 0.20916575379319161 92 50 93 47 95 45
14579 3.7719445270220362 -0.40660659777303237 -1.1621578984534877 231 231 231 0.20916575379319161 92 49 93 46 95 44
14573 -2.3636598228659014 0.7779676295938377 6.452054404022399 57 57 57 0.63654473467567108 178 52 181 159 41 104 43 110 47 309 42 180 184 179 39 133 46 176 44 229 182 218 45 172
4300 5.8854215831609604 0.12782061371453887 -0.052992579777214735 0 0 0 0.42759179910867778 72 173 71 194 77 434 76 426 80 324
14567 -4.9113106125304862 2.4533007305776087 5.9883129662563421 67 67 67 1.5991454761780062 40 271 41 247 39 212
14565 -4.9820968605586176 3.7458040515384523 9.4081454226534991 108 106 106 0.3635115853406975 174 375 39 193
14542 -2.3100479223732928 0.79195734717726385 6.4594877465914911 0 0 0 0.57339990993542633 44 129 184 77 43 25
14538 -3.4747324818021221 0.032558965030530934 7.8085976265649952 71 75 87 0.37992172551407277 41 38 43 37 39 13
14536 -2.7461552164106231 0.82088414966203782 6.2827781051949829 228 228 228 0.54356812695021217 185 87 39 4
14535 4.2980377980293243 -1.577882801701169 1.3570794871379732 0 0 0 1.0354997080030939 67 161 70 280 68 251 72 365 73 543 71 346 72 344
4260 4.5103783990051474 -1.4191485420598384 1.2673207808255218 0 0 0 0.21812888252612705 69 243 73 547 71 330 70 300
14531 5.4123775488470942 0.3099833385396526 -0.97028944547608098 0 0 0 0.32806640400237369 1 498 74 599 2 498 12 262
14529 6.544788825340154 0.16718925997683232 0.41760004063101064 124 124 124 0.93152984619468038 77 669 70 284 75 655 78 668 76 641 79 649 72 284 73 467 74 551 71 289 76 599
4256 5.9344033912130154 0.04897728809697878 -0.048460402829826964 0 0 0 1.0188331200903868 73 529 71 336 77 743 76 675 78 755 75 728 79 743 74 628 10 540 6 523 9 590 8 790 4 583 12 469 3 557 205 635 208 1177 72 353 80 682 5 675
4253 5.8398704967163422 0.25856740172732728 -0.055336842271545846 130 130 130 0.66426755340285193 73 515 77 683 76 653 78 680 75 705 79 655 80 583 74 605 2 603 1 603 7 388 10 384 8 617 6 416 9 306 4 411 12 315 205 492 71 322 5 364 72 332 208 623
4250 5.8285445713255379 0.23289330175755646 -0.1282553548232995 130 130 130 0.71574854094951434 73 511 77 680 76 650 78 710 75 701 79 692 80 631 74 601 2 599 1 599 7 259 10 370 8 437 6 404 9 442 4 405 3 389 12 413 205 483 208 896 5 358 5 507 72 328
14520 4.2104262723805919 -1.1804305249631781 1.5072470205208679 141 141 141 2.4550023844812539 66 257 70 238
4247 5.8565875661045714 0.17670252682864962 -0.10534468484105218 0 0 0 0.71011605107478692 73 507 71 292 77 676 76 605 78 675 75 660 79 587 80 627 74 559 7 252 10 361 8 604 6 396 9 438 4 593 3 565 12 299 208 1191 1 522 2 522 5 352 5 502 72 323
4244 6.3555603988318712 0.12638800648488852 0.4398075990009126 124 124 124 0.61639577413318902 72 317 71 305 78 676 75 656 79 654 74 555 70 285 73 504 76 643 77 674
4241 5.9216465211213416 0.077134989926130854 -0.013735435622275959 0 0 0 0.87133553207921677 72 314 73 501 71 304 77 668 76 640 78 666 79 647 4 392 3 372 80 620 5 345
4224 4.8885081138089355 -0.1696183580391421 1.4310925276752855 57 57 57 1.2673405918399632 72 238 71 208 75 719 73 443 74 576
14491 6.382106630507721 0.1438200484485182 0.48323129998624992 9 9 9 0.84098289086452493 71 12 70 19 79 219 73 119 67 22
4218 6.2098082545974131 0.046954184991454866 0.16822430117670267 124 124 124 0.43585695491078935 72 258 73 424 77 571 79 532
14485 -3.0678812389555423 0.65989711068304036 6.0339316339726752 29 30 34 1.3094935182648253 180 55 182 133 41 155 185 245 40 184 40 208 42 248 186 179 183 115 41 73 43 72 44 121 185 151 186 108 44 164 39 82 37 89 37 109 187 151 39 164 187 113 188 120 188 159
14477 -4.0753302222947481 0.98189255654178942 7.4879203973868433 118 124 143 0.52679683183552339 46 346 48 451 186 274 184 366 182 310 181 304 37 145 188 243
4204 4.8815012992313074 -0.1579769480574946 1.4946129079858599 57 57 57 0.76596813410575026 72 193 73 348 71 210 74 449 69 158
14468 -3.8370235194991422 0.97014931737339927 7.4797592493978451 0 0 0 1.282951975786081 44 288 180 246 181 254 178 268
14467 -5.0485742827262081 2.9593644402708099 6.9749813271535093 0 0 0 2.1809005138031941 42 269 43 178 186 237
14466 -4.4018522040728651 0.12360317720520765 6.4247488135322381 114 120 138 0.41298260122701008 184 266 185 300 186 230 37 126 187 204
14465 -5.9200161598501193 2.695072056133442 5.6516592731266995 80 84 97 0.90955736123127429 183 257 185 301 186 227 184 310
14460 -4.5016221623421071 2.0526014544012812 5.3184248388562496 0 0 0 0.543691491491334 40 238 185 308
14459 -5.7051594704850856 2.7373282995301076 5.7072214603026223 98 103 118 0.74844963432158618 181 210 184 233 186 201 182 98 183 196 187 187 188 188
14452 -2.3840077278468637 0.82044529781332953 6.3959670833233124 0 0 0 0.36922656084509586 45 173 183 157
4179 4.5194955814369022 -1.3448276762032996 1.3378533123958101 141 141 141 2.6160531804188576 66 184 73 72
14443 -4.6383085316333412 2.1362612207276204 5.4250563090937023 0 0 0 1.1408824219670148 185 331 40 237 184 316 182 293 178 229
14439 -3.7817269297679759 -0.8396612538790994 6.9543055595517211 0 0 0 0.56041771290294928 185 122 186 88 183 83
14413 -1.9877570879325637 4.4015521500349841 3.230024417385291 0 0 0 0.8737340366245695 117 192 106 73 107 71
14409 -1.7506461883693605 4.5546929388254469 2.807979274328841 231 231 231 0.3702761103575683 110 57 109 54 108 41
4136 -2.7676579282572478 -0.75685708478667513 7.0066882994303628 5 5 5 1.2928405110665377 44 355 42 365 45 332 46 313 47 443 48 385 49 459 51 397 183 204
14408 -2.9290016635741822 5.15782468566786 4.0404643801854059 231 231 231 0.65281513393119883 110 55 109 51
14407 -4.162270267257357 4.542764374723756 4.9802148851312218 231 231 231 0.087344877528222536 110 35 109 37
14406 -2.3006948166579519 0.80101861377415284 6.4692062611767627 0 0 0 0.48599187814334954 124 173 140 107 141 259 142 273
4133 -2.6573996899201204 -0.61186904252283281 6.7348834760980019 116 122 140 1.3809994434575492 44 342 45 333 42 348
14403 -1.9308874652792656 4.4931532789899729 3.2668555213649069 0 0 0 0.83782230584012996 111 163 113 143 116 225 110 110 114 227 120 406 115 189 109 120 106 147 108 92
4130 -1.1549108939225463 0.7228467513307727 6.2439504550172815 120 126 144 1.2260798633262806 45 348 42 343
14402 -3.8462416684812917 4.1548354802176544 5.1952129009802483 0 0 0 1.6951577982376036 122 652 110 203 108 170 109 200
4129 -3.0923264108034041 0.76866686949111451 6.0023947652971961 103 109 125 1.0577403194991135 44 328 42 340 43 245 40 279 41 240 185 359 186 300
14401 -2.3246012574053112 4.452805052104031 2.2694870541670613 59 62 72 1.151979185481083 111 267 110 196 109 192 107 171
4128 -3.1227826383795882 0.55347405658623805 6.1068684524383059 0 0 0 0.77071939959969316 44 348 45 339 42 337 185 334 43 217
14400 -2.4578971577779201 4.381291242204739 3.1580430358869638 165 165 165 1.1813269788808944 115 286 110 180 105 180 106 189 106 199
14399 -2.4558910074210671 4.3806019233861919 3.1595560318989127 165 165 165 0.59041896464381105 115 285 110 179 106 198
4126 -2.2387813818382365 -1.2136092939938066 6.9146921835343171 231 231 231 2.7391601832608696 46 297 42 334
14386 -2.2577891640967316 0.8267723374142163 6.494642843492243 0 0 0 0.58001677288713405 123 350 124 324 128 278 129 225 139 257 140 207 125 382 132 105 122 344 141 269 145 430
4113 -2.354105350776035 0.61605231991685627 6.474762292814801 228 228 228 0.86216335278957135 173 372 169 282 172 393 175 244 42 277 43 183 47 434 176 320 177 184 184 292 178 244 179 174 185 254 178 170 180 141 170 167 168 220 167 267 165 470 41 161
14384 -3.6903267889201312 5.0316406893511711 4.7621642618503648 231 231 231 0.092115296946047892 112 150 110 84
14380 -2.0335275292713635 4.4754634921885001 3.5801713337349592 0 0 0 0.25832737547303719 111 141 110 72
14375 -2.3366005285948082 5.4895347736037721 3.3187372425615069 0 0 0 0.98675109928472082 117 262 110 44
4102 -3.5789208479781673 -0.042753230562107093 7.5463815513007839 93 98 113 0.61541622863117251 45 239 42 229 47 412 48 317 46 246 184 213 182 204 174 122
14374 -3.6615211623965038 4.9534144380600464 4.7506261140779618 8 8 8 1.6397234274323462 116 120 118 103 110 42
14373 -4.2918157334400053 4.1777977221479059 4.983048153737446 0 0 0 0.020287357622177177 111 53 110 34
14372 -1.86503270860304 4.5012061419641149 3.212349453859662 165 165 165 0.0063331981112846733 116 131 110 25
14365 -1.0411216731301591 0.77455058000585542 6.1784705751051368 92 97 111 1.2847798078575796 124 543 126 432 127 424 130 295 139 492 141 466 139 428 124 410 126 308 138 229 141 341 140 241 133 166 125 406 139 294
14364 -2.9117746221640601 1.3433331609216328 7.36753905725429 94 99 114 1.0394001750627599 122 472 123 507 125 519 126 422 128 430 129 374 130 290 131 362 137 320 138 333 139 407 134 208 119 430 127 480 132 242 140 331 129 424 133 162 135 291 136 319 136 375 133 195
14360 0.64578586513856118 0.72519631619193359 7.2289356608137156 0 0 0 0.98704708520137174 47 477 51 545 49 457
4082 -2.5794996629216507 0.86745076711433999 6.3162859194492524 0 0 0 0.41765707636170957 44 59 47 104 42 168 43 97 41 89 142 251 144 232
14352 -0.57546581465154079 -0.38254103606892803 6.8411985908651678 0 0 0 0.67545171979348873 49 443 51 596 45 230 46 236 47 312 48 249
4074 -2.5417095890768304 -0.83131779666425976 6.5593266997790147 231 231 231 1.2576780152811646 44 205 45 118 42 127 182 114 46 34 181 18 43 60 181 194
14340 -1.7908292886303192 0.45022669944733773 7.067133019872025 107 112 129 0.65485078658108797 124 351 132 65 140 230 134 75 133 63 132 122 41 127
4067 -1.9517994682372737 -1.2224316821898031 7.3177859740538524 11 24 45 0.15692727266174436 44 8 45 14 42 12
14332 -3.4934457534401653 3.837881416562742 5.6004005110956383 0 0 0 1.1728012307581372 113 67 116 97 142 152 112 122 111 165 122 130 142 297 144 285
14328 -1.3187739698518841 4.8881695135004781 2.9357314390083076 59 62 72 0.89412258250175836 110 193 109 187 108 163
14326 -1.9694833895276882 4.4866192238143716 3.2644115414672195 0 0 0 0.30202844218689662 118 494 111 257 105 200 108 157
4053 -1.2497189717978852 -1.0851892587025347 6.7261330325866453 0 0 0 0.7703240457743179 44 176 50 446 45 153 46 156 47 215
14325 -3.5792290363257644 5.1270134377187828 4.7186186088426636 231 231 231 1.1299754368335397 111 252 109 176 105 208 106 203 107 176
14320 -4.0660561028475373 3.9235382161536569 5.1249832547168843 228 228 228 0.49845901015727856 117 242 118 334 111 191
4047 -1.8853512579805944 -1.0017789682396254 7.2506852957011443 0 0 0 1.5954540484884987 44 350 51 741 50 681 49 665 45 337 52 931 49 678 46 345 47 539 48 431 42 339
14319 -2.2975866518683685 0.65978651304036284 6.4924274983192216 228 228 228 0.92740291219545123 131 354 141 440 122 523 137 313 144 416 123 580 142 429 143 430
4046 -2.2026941825620803 0.83743112292048649 6.536005465853064 228 228 228 0.4167239537534565 44 340 51 722 49 653 46 335 47 528 48 420 45 328 42 330 43 236 51 749 185 366 184 353 183 339 182 322 40 263 41 230 181 293 178 309 180 277 179 321 177 309 176 425 175 385 173 508 174 372 172 500 169 404 170 268 171 276 168 329 167 362 166 416 165 581 163 609 164 354
14315 -2.6124998369022974 4.2037845324321017 2.0458438100391727 71 75 87 0.6044822302734052 112 185 111 186 110 101 109 113
14313 -1.90549671398229 4.4350512051337621 3.2485931220127249 0 0 0 3.0367628152853601 112 124 116 226
14309 -1.9611741767875017 4.500754366685678 3.7448555714478378 166 166 166 0.35318019314106985 112 84 113 148 111 147 109 90 108 86
4036 -1.8604974000294328 -1.2068373014491878 7.2783452974816409 0 0 0 0.7061301445061603 44 359 52 919 51 735 50 667 49 662 45 355 46 358 47 535 48 428
14308 -2.0338375913576656 4.4533270968449346 3.5752064922730207 0 0 0 0.22204214696111441 112 83 111 142
14291 -3.8250580284629074 4.8974014085259441 4.8195096690885579 230 230 230 1.2979363853744172 112 72 113 59 110 38 111 57 106 82 105 61 107 90
4018 -2.3465885720666315 0.66151585512560851 6.4642008529893982 228 228 228 0.55663563805046923 44 363 51 768 49 685 45 345 46 351 47 545 48 440 42 356 43 252 185 382 184 400 183 363 182 345 40 275 41 243 181 326 178 332 179 338 177 362 176 475 175 408 173 540 174 399 172 556 169 461 170 290 171 318 168 350 167 391 166 478 165 608
14285 -1.5592508746920055 4.7143448000696848 2.666347242854564 59 62 72 0.95488596530362368 113 290 112 282 111 282 105 220 107 185
4012 -1.9179146832986855 -1.0762567872317466 7.3244882684208577 231 231 231 1.4798187261472882 46 92 47 35 50 321 51 419 52 605 48 11 48 143 44 118 49 46 45 96 42 108
14284 -2.3003737045282606 4.4025576919034481 3.2494392634571128 0 0 0 0.89255487806678069 120 538 112 251 111 254 110 182 105 197 108 155 106 191
4011 -1.4133760024024391 -1.1173235579013623 6.8767234077817028 0 0 0 1.4565838396513475 47 212 48 148 47 45 51 333 50 439 49 320 45 100 46 95 44 123 53 204 175 24
14283 -3.3223027532106801 4.8602083058362693 4.5999181068718524 117 123 141 1.7588990685151067 111 255 110 202 109 199 108 169 112 249
4010 -1.4125504191725406 -1.1740118711796852 6.8871742707152093 0 0 0 1.1233451684123941 46 145 47 208 48 209 52 709 48 145 49 314 49 389 44 170 51 424 45 147 53 817
14282 -2.3117747378346025 4.4718599930624316 2.2744893382458522 59 62 72 1.1583953858144964 113 278 112 247 110 178
4009 -3.1077342817307509 0.16038953073143294 6.4663620908220301 120 126 145 1.3302825513398464 44 370 45 363 46 368 47 559 48 457 184 406
14281 -4.7933013226762577 4.1271661393436414 4.7323586741561758 94 99 114 1.248991169500044 116 317 118 415 119 492 112 246 117 327 122 490 121 408
4008 -2.328000905078798 -0.97479905014638402 6.854018409509691 231 231 231 1.0103227538381803 46 124 49 362 45 195 48 132 44 29 47 200 46 6 51 399 42 138 181 120
14278 -3.6065592949829339 3.8700375576595487 5.5004638125208958 98 103 119 0.67954351490669695 142 476 112 225 111 236
14275 -3.7628758715268655 4.0373939703376882 5.2627855345396339 0 0 0 0.20530386426623468 140 381 112 217 111 226
4002 -1.9182215570148822 -1.2389797620437031 7.3336461548942227 11 22 43 0.70197052253335457 46 10 47 7 48 5 49 32 42 30 44 9 45 53 50 141 52 146 178 11
14272 -2.268893727753353 5.3944771408397898 4.6114346508242976 8 8 8 3.4572281829191502 113 234 112 208
14271 -1.7216495057103618 4.5351252358159089 3.2738339076938008 0 0 0 0.51596921260775208 113 231 112 207 111 211 110 134 106 163 109 162 107 121
3998 -1.4346541377027326 -1.1349946762082772 6.9034696891580989 0 0 0 1.5045819647395031 46 205 47 342 48 271 44 264 52 782 51 571 49 470 45 249
14270 -1.7211530507687303 4.5360912008857177 3.2740960939763895 0 0 0 0.21897948160241659 113 230 112 206 111 210 110 133
14269 -4.6367600612927165 4.1611927330491545 4.7869041653171234 95 100 115 0.27466018535332137 120 456 112 188
14266 -1.9657610121689244 4.4765531442603033 3.2271008199265694 0 0 0 0.64133386719628682 113 190 112 172 110 94 105 136 108 91
14265 -1.9657610121689244 4.4765531442603033 3.2271008199265694 0 0 0 0.64133386719628682 113 189 112 171 110 93 105 135 108 90
3992 -1.890776155560558 0.40598759195882517 7.086071271209164 59 62 72 0.59525926879278279 48 342 46 265 45 257 42 253 44 271 185 291 142 475 141 455
14264 -2.0846234983695742 4.4460658176883836 2.7830427489801832 165 165 165 1.0356094929775121 115 217 112 163
14262 -4.0975657870446227 4.1219919956000108 5.0847985769572777 0 0 0 0.14501124735953477 116 161 112 145
14261 -4.0975657870446227 4.1219919956000108 5.0847985769572777 0 0 0 0.14501124735953477 116 160 112 144
14260 -4.1891336367422776 4.1414654909703996 5.0362525797902054 228 228 228 0.346142992312023 116 155 112 143
14259 -2.2330377484714341 0.92957365400297653 6.5056219014218151 228 228 228 0.30118154520298196 127 325 142 385 128 283 137 178 136 160
14258 -2.2953828095996314 4.4568637688719663 2.3183719401544738 94 99 114 0.70772373328605753 113 158 115 143 112 140 111 152 110 79 109 97 108 34 106 49 107 55 105 50
3985 -2.3577793129116449 0.75794477180685516 6.4567963862262525 0 0 0 0.29041025474420484 44 127 48 174 46 112
14249 -1.8954974645696501 1.9859708819374364 2.7538478357604212 165 165 165 0.051137506951102377 120 108 112 116
14247 -2.9030524912189688 5.0524526195026267 3.9464351379435056 231 231 231 1.1826114681031219 113 116 114 124 112 105
14246 -2.9483001700276232 5.0740350611786829 3.9919626696990091 231 231 231 0.70820507828269419 113 115 112 104 111 117 110 47
3973 -2.6690462756867865 -0.03619180001243949 6.4255061731686967 97 102 117 0.42940665507286846 44 157 47 345 185 247 184 245
14245 -4.2292790465418824 3.6850979191602682 5.1119040479918105 228 228 228 0.44572704675537134 121 246 112 97 118 209
14244 -2.9332393340709917 4.3353773980166883 2.9309074221541178 75 79 91 0.65401983029407673 115 48 112 94 111 90 110 30 109 96 108 35 106 50 107 103
3971 -3.4687291162302372 -0.18353191887780351 7.5675357407487676 95 100 115 0.8108790279215925 44 86 42 54 48 136 47 5 43 32 186 98 183 43 182 56 188 114
14240 -1.718446791390793 4.6926705364335142 2.8339758023896344 231 231 231 1.5272043000386557 116 65 117 56 112 62 111 78
14234 -3.6014465830654205 3.9233250603243177 5.5896864084214695 0 0 0 1.6744258236953995 119 43 121 142 122 195 114 81 115 98 117 249 114 213 115 184 139 415 113 162 140 387 142 293 111 140
3961 -1.7149486440543353 -1.2225102728708246 7.1349123563674608 0 0 0 0.43902493720808028 46 46 51 130
14233 -3.5893873638015781 3.8842223800197764 5.5131504159386626 81 85 99 1.1039105572696495 116 214 117 248 118 303 119 379 120 268 121 355 122 415 123 447 124 401 125 466 138 297 139 362 140 284 114 172 115 97 141 282 142 343 113 86
3960 -1.2405664231481515 -1.1194770450140517 6.7463510580992949 0 0 0 1.5619878173250477 46 24 51 197 176 22
14229 3.937934080245292 1.7159558753366966 -2.5109478895747737 130 130 130 0.33297356025207503 9 487 6 452 1 670 2 670 14 303 13 321 8 469 12 356 16 282
14228 -3.8015851482585683 4.9010274472433668 4.8060444737642527 230 230 230 1.6059294356286071 117 41 120 67 122 128 114 41 116 90 118 57 119 126 121 74 115 30 113 7 117 39 120 174 121 195 114 73 112 2 111 14 109 14 110 8 108 17 106 31 107 30
14225 0.42816127443118573 0.46942611386485916 7.0627830760642771 154 154 154 0.7667488726565912 176 191 175 199 173 68 171 38 46 70 49 361
14224 -3.5053063901380903 2.7009866323306722 3.9403716465745591 0 0 0 1.3592514556769641 175 209 176 286 177 150 178 138 179 257 179 146 180 109 180 223 181 228 182 274 182 299 176 6 179 85 177 42 177 83 178 35 178 73 180 59 180 30 181 74 181 128 182 209 183 135 174 204
3951 -2.5645635861536586 0.86487964316325616 6.3288818446038988 0 0 0 1.2526480203416199 45 255 47 464 182 279 40 212 172 489 128 338 128 475 167 260 169 276 173 365 166 329 168 215 126 354 177 175 178 159 207 688 39 181 143 428 49 613 145 459
91 2.92104021386944 -1.3930161529823852 3.307551969895989 12 86 38 1.0633552813283802 63 89 64 51 59 32 61 39 54 69
5178 2.9245404396441894 -0.082025311186766134 -1.0362391211080428 0 0 0 0.40765626430508628 85 431 84 406 86 572 83 521
13745 0.015849569040841824 3.4078017288863469 3.5794346283698104 60 64 74 0.50881979481278161 168 369 169 471 170 301 163 661 165 601 166 494 167 410 171 308 159 169 160 206 157 182 162 189 158 152 156 205 155 219 153 266 154 243 150 249 152 236 149 280 151 255 146 247 148 375 174 413
646 3.3667446442217792 0.85134523015988939 2.8880781320887645 0 0 0 1.4866188235114848 64 619 63 774 60 1183 62 1156 57 1055 61 891
1222 3.3602009007016505 0.95899174457158953 2.8979653394345632 142 142 142 1.1885254442759501 62 1157 63 767 57 1056 61 892 60 1184
15374 2.0464248596949384 -0.51014054079242133 2.6104864498500282 12 67 42 0.56687571891159072 163 653 164 400 161 192 160 146
113 2.8329702576014979 -1.1939985754321238 3.3582922858904292 121 121 122 1.1459513600375226 63 141 64 109 58 330 59 103 62 79 60 95 57 103 61 95 54 207
15376 2.0912674436620442 -0.43051649570680856 2.4987128719209055 124 124 124 0.33948568545287899 163 655 161 195 160 148
115 2.8801208067358171 -1.1976925967437184 3.4183384375054646 43 47 60 1.6428472866688306 58 326 63 142 64 111
660 2.3859985104693942 -1.584256762426929 3.6971603060700349 124 124 124 2.0211273705163051 59 586 60 15 55 535 54 7
15921 -0.042611135456702011 5.7382794709754963 1.6579364552590392 231 231 231 1.5554918521318675 153 367 150 476 152 366
5747 3.7876286429926185 -0.40614782324942494 -1.1832206405242525 0 0 0 0.26508629594159255 82 47 87 251 88 228 94 171 91 205 90 243
16020 2.6625110523200961 5.0741554500346133 -2.0797022975016719 101 101 101 0.50448479688183612 150 393 149 425 151 361 147 486 148 485 150 362
1369 1.6138909374603463 -1.4431665423824453 4.3217808310198471 124 124 124 0.90277512626801482 60 497 57 426 55 576 53 491
16630 0.56852291974405877 -1.6423274562213834 4.9945922603339721 5 10 7 0.53097939078100553 53 87 58 148 54 126
3726 -2.379325480395551 -0.87044372181309693 6.5852701320373548 228 228 228 1.279618245141305 44 91 49 158 46 4 47 257 48 191 51 548 181 3 175 213
15521 -2.5923875312840661 -3.1908838786817415 -0.38287393623291771 130 130 130 0.47083643710066703 7 588 15 430 10 728 12 640 6 780 11 489 13 499 16 460 17 450 14 479
260 2.6874476826366536 -0.76692665611735178 3.4641895572915304 81 83 89 0.60751190729518667 58 1147 64 468 59 709 62 849 60 859 57 782 61 655 54 975
12791 3.4120013704041376 -0.48047588144332615 -0.88828819705562811 0 0 0 0.72894001717312618 88 193 91 333 89 143
2617 -0.21174295541630289 -1.2292244550766707 5.700415994835768 1 1 1 0.34819521452276142 58 771 50 354 51 223 49 268
1370 2.7034814966195198 -0.88141911657972172 3.4685830225606282 124 124 124 0.43553982473555175 59 624 63 459 64 332 57 434 61 412 54 836
16730 1.7482281058466893 -1.6790107557982386 4.2055031216612981 114 119 124 0.14677951958195459 53 897 55 1004 58 1202
6457 -2.3305497380317597 0.71307349479829529 6.4809427044496486 0 0 0 0.83039347196404711 183 159 181 161 182 169 47 305 44 225 46 215 45 219 42 176 179 186 40 130 43 108 185 181 184 175 49 509 51 599 175 249 178 175 180 148 177 194 175 131 186 132
16631 0.58013090949230783 -1.6397895329536754 4.983341879802726 10 12 11 0.92534553083236948 52 122 55 541 58 145 54 128
15522 -2.592395126122002 -3.1908924336040254 -0.38287244082711575 130 130 130 0.92700252729131172 7 589 15 431 12 641 10 729 6 781 14 480 11 490 13 500 16 461 18 332 17 451
261 2.6690542820349186 -0.77059658045563673 3.481131951026768 93 95 99 0.68136257777580533 58 1146 64 469 59 710 62 850 60 860 57 781 61 656 54 974
2618 -0.18886485742153278 -1.2093749493869963 5.6817528369371244 1 1 2 0.56282281971371795 53 526 58 774 50 356 49 272
1387 2.0854907639037092 -0.16293813630237197 3.9425964744100401 107 108 112 0.91218298257868824 58 1083 62 798 63 506 57 554 55 888
16648 1.7567630902548683 -1.3567997272356818 4.2004600308957727 123 123 123 0.76075953185288192 52 228 62 179
377 2.8815564315306501 -0.80843746817734941 3.3263444161019295 105 112 118 1.598617402128135 58 442 64 127 60 196 64 246 57 170 54 291
819 2.1852976561498858 -0.20109580448435316 3.8617239987323555 54 58 68 0.84249241983022816 58 569 59 339 62 354 60 363 63 254 57 349 55 460 53 371 61 313
1388 1.6918425539562572 -0.22430083002764603 4.2721114247351926 102 104 108 1.0423034664553166 60 642 62 646 57 564 52 535
16649 1.720762113395319 -1.3476757840749038 4.2002560659514874 123 123 124 0.56110204905740912 55 229 58 289 54 219
378 2.6452546513147785 -0.76378038509521506 3.4977019329458958 29 38 55 0.50065732016141962 58 460 59 223
15542 -0.4900165332051663 1.0185782900479909 2.6868143715334427 0 0 0 0.45635881462807448 133 9 137 27
281 2.8619479207762955 -1.1997602550363944 3.3353984204771208 95 97 100 1.2930285407851052 58 1377 63 667 64 504 59 827 62 1015 60 1040 57 939 61 775 54 1171
10996 1.4942663229248514 -0.55028908440770674 3.1931813479676143 122 122 123 0.091441254732085975 166 245 165 380 163 451
822 2.1564947995368202 -0.20350606798279475 3.8860699726322676 56 59 69 0.93135811451272466 59 344 62 361 60 367 63 261 53 365 61 318
5909 3.1814483243040548 -0.3126410210719322 -1.3704821023322822 231 231 231 0.9877785398041492 91 359 94 390 88 347 90 476
16182 -23.140955090760528 48.470151658097812 85.523536557570125 94 99 114 0.068722362186942387 172 454 147 476
6008 4.2737877518771148 -0.22889285136878323 -1.7568183977479583 59 62 72 1.3768691616401341 87 0 89 43 91 0 93 69 95 67 96 76 92 26 100 16
282 2.8619479207762955 -1.1997602550363944 3.3353984204771208 95 97 100 1.2930285407851052 58 1378 63 668 64 505 59 828 62 1016 60 1041 57 940 61 776 54 1172
1393 3.3548470392193157 0.75807382283182501 2.8744987866112379 142 142 142 0.83592274603872774 64 362 57 573
3750 -2.0431413515160832 -0.9480363943654796 6.818848179238258 0 0 0 0.75099786158363024 46 11 47 123 48 83
13924 -3.9076889114495854 4.3290960091953519 5.0823931891648151 0 0 0 0.60846758696351066 116 280 117 339 118 392 122 516 123 627 114 242 120 438 113 209
15644 4.3356544970964555 0.34475033521894549 2.9305990264413677 0 0 0 0.62265490935211076 159 188 160 254 161 321 157 216 162 213 158 222 156 268 155 271 153 327 154 297 150 397 152 325 151 363
15645 4.591139317908989 0.54870454564672178 3.0240140348846603 0 0 0 1.0314214396574377 159 190 161 322 164 507 157 218 162 215 158 225 156 253 155 273 153 329 154 300 152 327 151 364
384 2.6724733574533572 -0.64149518927453009 3.4791655449369476 17 26 47 0.65926357918342493 58 518 63 211 64 183 59 254 61 210 65 142
5471 3.229552772053081 -0.26153474173109481 -1.1145785839008799 0 0 0 0.61779499960751805 84 606 86 671 87 634 89 669 88 624 91 577 94 540 90 610 92 575
15988 6.4711226374866531 2.2754978429817219 -2.3943758356083862 69 72 84 0.42672579709321873 150 307 149 253 151 293 146 225
727 2.1401305716266217 -1.3472897538460213 3.890688990891126 122 122 122 0.69340898910480908 58 249 62 492 60 150 57 134 55 225 53 527 54 159
11000 1.8005573376261965 -0.26103079328688134 3.5712442448602442 124 124 124 0.31780049538329491 167 310 165 412 163 480 164 274 161 81 160 60 159 39 162 51 156 8 153 8
5814 3.3631776644080134 -0.39320487598599096 -1.1368296177240682 110 115 132 0.34935608740157875 87 563 91 464
16087 5.3000969135858007 -0.36098122217233958 0.2395215219121028 57 57 57 0.79251298848210416 149 294 146 178 147 193 148 322 147 333
826 2.053362620484029 -0.19956437189962367 3.9684872238344262 123 123 123 1.2135553084877269 58 570 60 378 57 365 53 610 54 423
15611 4.7518092814885433 -0.24055655520855679 1.439606152226343 29 30 30 1.1768208248410552 159 113 160 182 157 114 162 141 158 135 156 128 160 140
350 2.7367372560978009 -0.6994439697105671 3.4328970197256581 124 124 124 1.0453982139456801 58 1506 64 616 59 974 62 1151 60 1177 57 1049 54 1299
5437 3.0436480532022259 -0.1095546184011523 -1.2623072042010923 8 8 8 0.49882184023620313 87 530 89 578 88 544 85 460 86 501 82 489 83 498 84 425
15710 5.2490570189796246 -0.17873554158818075 0.98495450848263322 29 30 30 1.2496986265393881 159 160 157 190 158 163 158 186 159 139 157 141 162 172 156 234 150 280 151 313
15619 4.4688995162009126 0.43081246010979185 2.9631361449936935 143 143 143 0.72549507384332057 159 136 160 191 161 271 157 143 162 161 158 122 156 171 155 206 153 167 154 235 150 106 152 169 151 116 148 53
5445 2.941197513692893 -0.11094829967318895 -1.0353045820252578 0 0 0 0.10268108450735114 84 503 87 548
15718 -0.98056707578929936 5.540376266316156 2.7456681724303351 8 8 8 0.60863970558645231 164 213 166 167 167 219 156 53 165 255 154 17 155 16
358 2.2685999604372871 -1.6139955293498225 3.593564646291552 119 119 120 1.4108121165841625 58 30 59 46 60 6
10631 -0.66104030398946467 4.2639774985774874 2.5784576358349924 78 82 94 0.96554692757253235 170 119 171 115 163 364 158 15
5447 3.2612100972757867 -0.32175764237772636 -0.70637105293347069 0 0 0 1.8350430291910707 86 521 87 551
15621 4.4884425301175535 0.52220808650213868 3.0183113314572307 143 143 143 0.21120121178063489 159 141 160 194 161 246 157 145 162 175 158 143 156 191 155 226 153 272 154 250 152 279 151 316
360 2.7863596476719126 -1.2323304564085058 3.3902960014922221 119 120 120 1.3116227867388672 58 297 63 136 59 93 62 69 64 233 61 84 54 157
10633 -0.91772775113945193 5.3927844226942705 2.6066755727364663 231 231 231 0.47919613662281996 170 85 171 123 165 421
459 2.366616237574882 -1.2317671336038731 3.713684806420142 91 94 99 0.56551282961351146 58 993 59 613 62 703 60 718 57 625 55 826 61 557 54 814
1470 1.6221371176517536 -0.23629878426945591 4.3304692138344594 107 109 111 1.4591787497686879 60 646 62 805 57 567 53 602 55 722 50 464 54 710
16731 0.65364825082831768 -1.8377796557600452 4.7603348262928629 0 0 0 0.42092630859815444 50 548 51 558 52 759
15622 5.3998618516431662 -0.15556380016337268 0.85819592189157479 29 30 30 0.35687207421030553 159 143 157 146 162 162
1471 2.165190512785772 -0.21034979901653533 3.8783509105778387 121 122 122 1.1953910998011057 62 359 60 365 59 341 57 348 63 497 58 1070 60 907 55 884 53 769 61 492 54 707
1472 2.1736111681377461 -0.38503508678582937 3.8716239404479991 21 91 42 1.0126697097105908 62 339 60 343 59 324 57 328 58 537 59 323 55 433 53 323 61 286 61 287 54 397 63 236
363 -0.99335674531272522 -1.7443248958158548 1.10537344772235 40 46 59 0.50226633653702202 64 80 59 129
5450 3.2292681129587106 -0.27000184812735617 -1.123637569069514 0 0 0 0.17882668351258185 84 522 86 594 87 569 88 569 82 602
1473 1.7289540749634842 -1.4080458338655624 4.2273241280532385 120 120 120 0.90525000591582505 58 245 60 496 60 172 57 156 55 583 53 507 52 463
15625 4.0816447162220157 -0.4402452160835767 1.7164608338586562 57 57 57 1.6850076274725616 159 167 160 241 157 156 162 200 158 153 156 182 155 145 158 103
364 -1.0314620839184869 -1.7536891371649881 1.0966888600040003 119 120 120 0.88389125329619522 63 111 64 82 59 130
5451 3.2361406327137519 -0.27326832623427255 -1.1156883088586567 130 130 130 0.30175072309099354 84 523 85 554 86 595 87 570 89 636 88 570 2 502 1 502 83 598 82 605 91 512 94 515 90 557 92 552
365 -0.99019067423745333 -1.7420149192822301 1.1052432919580226 116 116 117 0.57043131325157048 63 115 64 85 59 131
15626 4.0644268022575369 -0.40738998358811357 1.7652294889198548 9 11 14 1.4414664284373091 159 168 160 227 157 157 162 188 158 133 155 144
5452 3.2361406327137519 -0.27326832623427255 -1.1156883088586567 130 130 130 0.30175072309099354 84 524 85 555 86 596 87 571 89 637 88 571 2 503 1 503 83 599 82 606 91 513 94 516 90 558 92 553
2722 0.16104253484128117 -1.683951434314561 5.2880143148103036 41 51 50 0.60285887936935645 53 61 58 143 51 127 49 73
366 -0.99019067423745333 -1.7420149192822301 1.1052432919580226 116 116 117 0.57043131325157048 63 114 64 86 59 132
15627 -0.59313361055258562 4.4161599174699049 2.951259606918657 59 62 72 1.0922468331977535 160 207 157 158 155 188 153 144 154 159 152 145 147 162 146 168 148 107 151 175
2723 0.16104253484128117 -1.683951434314561 5.2880143148103036 41 51 50 0.60285887936935645 58 144 51 128 53 62 49 74
15628 4.4385336377619247 0.36104400132949788 2.7463737809555986 0 0 0 0.50347709641314575 159 159 160 212 161 293 157 160 162 194 158 162 156 210 155 240 153 292 154 270 150 331 152 276 151 314
1478 1.7768590380296532 -1.6448268679630487 4.1828268469383652 42 49 63 0.35515918920458106 57 53 55 80 53 115
15630 -0.095220150610327611 0.0066662079361985488 7.3262283552353731 106 106 106 0.98758374205566812 159 150 157 168 158 191 156 243 154 290
10543 -0.46956243057725744 4.2039368001870638 2.8147982423463418 80 84 97 0.69285473026182576 169 380 170 216 171 283 168 277 166 443 165 572 164 342
369 2.3876222251275432 -1.2930216380040316 3.6964435219434817 116 117 119 0.73538186260720262 58 280 59 138 62 119 60 131 57 120 55 271 61 124 54 181
1479 1.7768590380296532 -1.6448268679630487 4.1828268469383652 42 49 63 0.35515918920458106 57 54 55 81 53 116
3836 0.13659085690318587 0.050877353402605047 6.3463540222179224 0 0 0 1.8669431580719955 46 340 47 501 45 350 48 446
469 2.2648977665907455 -0.64639788005427079 3.7975042345390588 101 103 107 0.89356776299059837 58 1050 59 645 60 774 57 695 55 855 54 872
15633 4.7174174510107498 -0.25964980724032394 1.48666812874593 29 30 30 0.55574190359134834 159 173 160 230 157 188 162 192 158 183 156 231 155 236 153 291 154 267 150 329 152 296 149 361 151 311 146 283 147 381 148 391
5459 3.245222823401245 -0.25530412942339709 -1.0693580861742138 130 130 130 0.20924956546193138 84 537 85 561 86 608 87 580 89 639 88 578 83 601 82 617 91 524 94 518 90 567
6305 -2.3905237461810782 0.8231916136904549 6.3943430448251117 228 228 228 0.05905749441896857 46 64 41 105
1218 2.1369870550527845 -1.2625276476390288 3.8995368258182204 124 124 124 0.78054386085881644 58 1498 62 1147 60 1171 57 1045 55 1217 54 1292
472 2.2000446410312895 -0.38707326097540706 3.8492486739105121 123 124 123 0.68384087375833247 58 866 63 480 59 649 62 762 60 586 57 508 55 869 53 749 61 589 54 676
375 2.7692367321101687 -0.82254508908844515 3.4053882604348376 115 115 117 0.6087872847860345 58 438 63 164 64 137 59 197 61 150 65 62
10549 -2.604678061841756 0.80410454723407088 6.3941219264763651 228 228 228 1.306893808382082 126 479 170 233 138 369
1485 0.47786552914994695 -1.8146758105994765 4.9409378132913613 40 45 46 0.61966018740782658 58 594 55 475 53 11 50 240 51 87 49 53 52 328
6572 -2.4403282841726592 0.87511944614532522 6.3867707438741368 228 228 228 0.034278344866608093 42 182 40 123
16746 1.1825753757378219 0.54461685694901196 4.6264225569061219 0 0 0 1.0467138679383632 55 1189 58 1458
376 2.6809191373571877 -0.87080231875972036 3.4715081258520328 8 20 44 0.56832470765786658 58 415 63 165 59 198 57 178 61 151 54 274
5464 3.1310275998402659 -0.13232354035055788 -1.2859558828824376 59 62 72 1.0906050192715504 86 641 87 604 82 656 83 646 89 671 84 573
15737 4.1990791051534719 0.40399707056656708 3.1957078642728192 143 143 143 0.38484008219240318 157 74 156 99 155 109 154 47
476 2.1597670990010593 -0.31652071510733537 3.8827028754324053 13 27 46 0.88769749642466322 58 1065 59 660 62 774 60 598 57 520 55 874 54 703
15629 4.6929383255138681 0.95757059403420253 4.2341496278731778 231 231 231 0.39541851056791133 159 146 160 219 161 277 164 437 157 166 162 180 158 166 156 212 155 243 153 294 154 271 152 283
368 2.3876222251275432 -1.2930216380040316 3.6964435219434817 116 117 119 0.73538186260720262 58 281 59 137 62 118 60 130 57 119 55 272 61 123 54 182
1487 0.48784522015035914 -1.8156935658186037 4.9317379067703726 8 9 10 0.84689139548611103 58 12 50 242 49 201 52 324
6574 -2.3728136030923945 0.74794787696410536 6.4571971479296142 228 228 228 0.55833266839380125 184 172 40 126 39 103
16748 2.2301115727988554 -1.4898242368750143 3.8171874177593335 124 124 124 1.29689747542356 60 1143 62 1115 59 944 54 1232 206 833
5465 3.4211854394222057 -0.23582603887795781 -1.0797204296455287 59 62 72 0.62148202421753007 84 534 87 605 86 605 86 642 89 638 83 600 85 560 82 611 94 517 91 517 90 556
15738 4.3092390238125073 0.51590002736957785 3.330851083314164 143 143 143 0.21099583484401704 162 104 156 104
477 2.1597670990010593 -0.31652071510733537 3.8827028754324053 13 27 46 0.88769749642466322 58 1066 59 661 62 775 60 599 57 521 55 875 54 704
379 2.1928464422818674 -0.99872164258261942 3.678327401339784 25 92 45 0.4476316446400459 58 378 59 226
15739 1.8134506594648629 -0.32686503937248329 3.3874910948655295 80 90 86 0.14863876551299038 157 53 158 28 156 113 155 134 153 53 154 72
5466 3.2165565432597081 -0.20231920205538623 -1.1115070103798854 59 62 72 1.3862159876711795 86 610 87 609 84 483 85 506 89 643 88 542 87 528 91 437 91 527 94 494 90 462 90 528
2736 -1.9206966480965204 -1.2584853511964385 7.3367347364517848 120 120 121 0.87019018638448364 52 396 51 272 49 176 47 120 48 81 46 38 45 51 44 108 42 103
17997 -2.5931259368587205 -3.1917574543287097 -0.38229257300850888 0 0 0 1.8561641110932869 4 894 5 885
15641 1.5675294829676512 0.27439050151498257 4.7640427653790471 6 19 42 1.6637639295459399 167 444 157 207
380 2.6801985851260728 -0.73062859542450842 3.4741382100461493 12 90 38 0.81543234562666567 58 475 59 228 60 241 57 231 54 334
5467 3.2605559139819822 -0.2369814750308914 -1.0352257793236244 59 62 72 1.5055786759246037 84 539 87 610 89 644 83 612 91 488 90 529 85 507
15740 1.8134506594648629 -0.32686503937248329 3.3874910948655295 80 90 86 0.14863876551299038 157 54 158 29 156 114 155 133 153 52 154 71
381 2.6297751367091049 -0.72359901457629205 3.5108313576118211 121 121 122 0.60405225576201593 58 481 63 199 59 238 64 170 62 233 61 194 54 337
5369 3.0125751446748206 -0.13034288301839228 -1.2093340130291235 160 160 160 0.18511058576109257 86 340 87 155
15642 4.1750594041664124 -0.31696316023112009 1.8365661302042953 29 30 30 1.0404532274916549 159 198 160 253 157 213 162 227 158 216 156 250 155 270 153 312 154 282
5468 3.2606170376217043 -0.3190811330649555 -0.70725570605770638 0 0 0 2.3595020036346743 86 623 87 617 84 505
15741 -1.3780772389026275 4.8060591113923339 1.7453802480619727 8 8 8 0.25058749065019503 166 380 156 115
480 2.0705744699113917 -0.33114376917883892 3.955741000689494 25 33 50 0.8999726967336853 58 873 59 666 62 619 60 610 57 534 55 871 53 753 61 609 54 695
10556 -0.34752064775308755 4.3765980222242025 3.1283272808121625 96 101 116 0.63551145571663603 169 250 170 253 171 213 168 318 166 473 165 602
2739 0.29489904015955465 -1.6348258704805712 5.1565502478114675 56 69 67 0.31511162684060501 50 134 58 700 51 312 49 228 49 324
5470 3.2576818220567749 -0.2972319520403866 -1.0858074760235934 0 0 0 0.37456489123233855 86 670 87 633 85 616 89 667 85 591 88 623 83 643 82 652 91 576 94 539 90 609 92 574
15743 -1.0289000954899827 5.1908735339207661 2.389594959524012 95 100 115 0.84931955855965791 163 629 166 439 156 151 165 570 167 347 168 312 170 247 155 140 153 137 153 264 154 157 150 155 150 245 152 140 152 228 149 205 151 168 151 299 146 235 147 323 148 313
383 2.6798347402722298 -0.64177525972271476 3.4732262526721591 119 119 120 0.78095847480379077 58 516 63 208 59 249 64 181 65 86
10656 -0.36673278442493507 2.9385795420012251 2.6034948484534088 59 62 72 0.83223298044363558 169 337 171 204 168 103 167 115 166 143 165 175
15635 -1.0305428835521828 4.456473911075201 3.3432752999731661 103 109 125 2.4638084331749606 161 305 157 196 156 224
10548 -0.33960950465783807 -0.95654322811332282 4.6838352604003264 82 85 87 0.29364115068774166 169 387 172 485 170 228 171 259 168 282
374 2.8145884160167687 -0.84034898620505427 3.3735331479345256 18 31 48 0.75909807871178503 58 793 63 156 64 130 59 190 62 170 60 195 61 144 65 122 54 278
1493 0.43837123687512886 -1.7922327216082441 4.9835059384672613 36 42 42 1.158766905394417 58 33 51 95 49 61 53 24 58 43
16754 3.397477960183513 -0.39981618613995917 3.0231235797972693 0 0 0 1.1921844049618122 57 1051 54 1300
2741 0.16753642556942308 -1.4750305551114429 5.3021210289570275 15 17 18 0.5684126765983426 58 303 51 339 47 168
385 2.2841188535873553 -0.69685144148171918 3.7811856488758764 118 119 119 0.646609712407895 58 509 59 285 62 278 60 291 57 285 61 246 54 374
2742 0.16753642556942308 -1.4750305551114429 5.3021210289570275 15 17 18 0.5684126765983426 58 302 51 340 47 169
10560 -0.87815982380253466 3.9619409269191785 2.102331860325692 98 103 118 0.55237117792441681 169 442 170 276 171 303 172 540 168 305 167 334 173 552
2743 -0.23627569181144248 -1.2491428350227936 5.7206884402763531 2 2 3 0.39387070190578205 55 623 58 369 51 361
10561 -0.24470003817490857 3.0847788628974895 2.709646003469266 87 92 106 0.83501529780781325 169 444 170 277 171 279 172 573 168 306 167 338 166 430 163 574 173 553 174 434 164 325 160 124 159 85 157 58 162 84 162 127 158 64 156 117 155 47
387 2.142169011148972 -0.7205182581074604 3.8947819416813991 116 117 118 0.80103529979687138 58 503 59 307 62 300 60 309 53 282 61 269
15648 4.3659267470888876 0.28776995504529884 2.6192088045504107 143 143 143 0.41697689385309611 159 211 160 257 161 332 157 226 162 232 158 232 156 280 155 302 153 346 154 322
5474 3.2368667484588434 -0.24502917525640938 -1.0734290153403165 0 0 0 0.42722899096115791 84 609 85 619 86 674 87 640 89 699 88 628 83 685 82 712 91 583 94 560 90 614 208 1427
2744 -0.2238157660565063 -1.23901969132248 5.7140892456804595 1 1 1 0.46666372800039219 58 768 51 363 47 236
388 2.0968385343830036 -0.71317094118345181 3.9333400421913649 121 121 122 0.75002389294846428 58 508 59 313 62 307 57 301 55 394 53 281 61 275 54 379
15649 5.3461689315103156 -0.17828199144742043 0.8886377845917639 29 30 30 1.0217884972766804 159 201 157 227 162 233 158 223 151 362
10562 -0.49509656751351683 4.1405991652706469 2.7322456627408016 69 73 84 0.70175246363857058 169 377 170 278 171 282 168 338 167 377 166 464 165 598 163 658 164 408 164 428 161 226 160 176 157 155 157 181 158 132 157 128 156 145 155 216 153 281 154 259 152 270 149 384 151 297 149 353 146 273 147 450
2745 -0.17441750108124596 -1.2320642409106899 5.6701359736366248 6 7 8 0.76342958054251664 58 770 51 372 47 181
389 2.2197920749029936 -0.40639121085007962 3.8326799583312843 19 34 47 0.68234540169500524 58 532 63 377 59 316 62 598 60 583 57 506 55 705 53 742 61 477 54 393
15650 4.421882863411926 1.0539169755294195 4.3481138056014697 87 81 78 0.60078821903103585 159 214 157 229 162 235 154 308 156 284 158 235 160 258 161 333 164 523 155 306
2746 -0.15044833506373692 -1.2119547673240023 5.6448656467376361 5 7 7 0.89179158591216312 55 304 58 385 51 377 49 351 48 164
18007 -2.5936885184190759 -3.1922020679004719 -0.38252455118314849 0 0 0 1.0107821029381645 5 199 9 146
390 2.2168904080566016 -0.37816569029946495 3.8361472637076361 22 40 48 1.1414875051540554 59 319 63 235 62 335 58 539 55 435 61 281 61 283
2747 -0.079255482474622052 -1.1599704377126665 5.5855141432305846 30 84 47 1.373949530205578 53 208 51 383 49 287 47 189 48 68 58 784
1500 0.68853188682368638 -1.7340598960939684 4.7397223698699493 69 71 73 1.2654310504618913 58 55 55 34 53 44 51 168 50 115 52 75
16761 1.6363765708327458 -1.4311503668499104 4.3012070238556923 120 120 121 0.4024061271867917 53 143 58 226 52 204 57 160
15652 1.217986460097072 0.11948956657298422 5.3679654393565546 6 19 42 1.6198394917031329 160 265 157 231 159 217 162 239 162 245 157 238 158 239 156 286 155 310 153 354 154 330 150 450 152 348 149 492 151 404 146 522 147 595 148 625 149 475 161 343
1501 0.42757302182906787 -1.771462514237008 5.0024292735062463 33 38 39 0.59851585424421505 58 52 52 49 50 78 51 110 49 70
491 2.7572019691732343 -0.56028447608419085 3.4158208035909281 104 106 109 1.2164524573709803 58 1174 63 549 64 405 59 715 62 728 60 763 57 687 61 575 65 241 54 1002
1504 0.29024743795927366 -1.7810135839252219 5.1545116474164603 36 46 46 1.0116101158496065 58 56 53 26 55 24 52 39 50 60 51 83 54 102
16765 0.66289779444196406 -1.8420702818563766 4.8907595411435851 10 12 13 1.1078981003897237 50 384 52 544 54 755
395 2.0998759176076529 -0.40979950174621921 3.9311830444200626 37 93 54 0.67294470560686059 58 534 59 326 60 345 57 327 55 425 53 313 61 290
396 2.2124637356229853 -0.32342036835366617 3.8390103261976867 119 119 119 0.44986248701830062 58 547 59 329 57 333
2753 0.19517377050200926 -1.6463723915636703 5.2605717917340566 13 14 16 0.19023405866447896 55 543 51 418
18014 -2.5936866438546393 -3.1921943665156873 -0.38251580347365099 0 0 0 0.43561792748487765 5 889 9 843
1507 2.8078097282809167 -1.3185923284828807 3.1929019899609319 0 0 0 0.71371263142239338 58 207 64 223
16768 0.61583456651715418 -1.8655734580665009 4.921176833960601 6 8 9 1.0011981963235852 50 541 52 757 54 1041
6594 -4.2583598594871015 0.38873551512673021 6.4929187533067596 104 110 126 0.80960195441480232 185 125 40 53 41 53 184 7 186 52 39 8 187 131 188 103
497 2.2158317865395154 -0.18678200167577236 3.8379764510761589 73 76 82 0.94291344973114977 58 1191 63 576 59 737 62 890 60 909 57 718 55 992 53 882 61 690 54 905
399 2.1341149660515426 -0.21088010201905652 3.9032678607190432 120 120 121 0.99885106764286158 58 567 63 264 59 347 62 365 60 368 57 353 55 458 53 363 61 325
10573 -0.28164596138363629 -0.9409870213485434 4.6420952831619307 77 80 81 0.31014310779178217 169 475 170 307 171 331 168 373
10574 -0.24175204371020947 -0.90186218085500292 4.7090278038917024 2 6 18 0.2137921983911116 169 459 172 554 168 345 170 309 171 315
15661 4.1774040194367856 0.38392100437458221 3.120416346341091 143 143 143 1.0420722518868473 157 71 162 95 156 96 155 104 154 42
400 2.103473415099439 -0.19169886928144517 3.931118571766306 123 123 123 0.97215328978539617 63 270 59 353 57 364 58 571 55 461 53 366 61 334
10673 -0.49284020973640469 4.4030376076715578 2.8819212061659272 59 62 72 1.3255067454714262 172 519 171 252 169 420 165 419 164 343 161 97 158 71 158 102 156 51 155 141
5487 3.2417965395223729 -0.27551219169140367 -1.0879347521528471 130 130 130 0.82889220047359846 84 667 85 674 86 724 87 692 83 749 82 781 1 737 2 737
15760 0.0332074467248894 5.6282634646410754 1.7952487315355536 8 8 8 0.52007523091476049 166 312 156 84
401 2.3717198550911802 -1.5163890353617222 3.7082941562471121 24 32 50 1.3140119986707597 58 111 59 409 57 20 55 169 54 54
1512 0.16904811346847806 -1.7168653772648863 5.2693859815044028 21 76 30 0.84955892681333167 58 127 52 63 50 85 49 55 54 124
5490 2.9290222604769771 -0.18174302594590763 -1.1331137305878378 61 64 74 0.99382968121697379 84 644 87 697
403 2.9057255971182285 -1.147222659062566 3.3005950765708887 124 124 124 1.4329171599107891 58 747 59 417 54 583
10577 -0.64490769230519895 3.2473978232963856 4.037922457909791 67 67 67 1.9165583316262291 168 395 167 443 166 523 165 654 163 698 164 452
10578 -0.5471668842437829 4.02701463378133 2.5912252867695775 64 68 79 1.1980107241791103 169 445 170 321 171 307 172 512 168 383
404 2.3877542621626668 -1.3086913413898755 3.6955654939452773 122 123 123 0.82175012830098493 58 737 59 425 62 465 60 472 55 591 57 104 61 396 54 557
405 -1.0314005243465711 -1.7482569475402914 1.0980837125003295 120 120 120 0.15822064546471015 64 232 59 430
10579 -0.47901591241809321 4.5881191443177567 3.0864618598249201 92 97 112 0.57105054145555212 169 472 170 323 171 326 172 578 168 385 167 411 165 626 163 680 173 556 164 430 161 265 160 228
1520 0.59966578206377219 -1.6119082446585364 4.8518979380877711 77 79 81 1.265281371516785 58 165 53 100 55 137 50 155 51 193 52 129
411 2.2305336355318577 -1.3300406007430019 3.822931668568657 31 38 54 0.25620333443569471 58 256 59 443 60 141 57 125
15672 2.9584419059280225 -0.40378351959531189 2.8144672804252098 231 231 231 0.40291334020466374 160 128 161 161 162 128 154 148 150 151 152 137 151 162
412 2.253791986131982 -1.3088684672733075 3.8030760953459404 24 32 50 0.46040662008688205 58 740 59 446 62 489 60 149 57 139 55 594 54 200
15673 2.9564636163822513 -0.40562636117130668 2.8174831594431082 231 231 231 0.27900057299772313 160 129 162 129 154 204 150 152 154 149 152 138 151 163
14054 -2.8420806351414458 3.9617183401878893 4.9422543017402072 117 123 141 1.3263009145659921 116 292 117 356 119 478 120 476 121 430 122 532 123 594 124 581 139 538 115 232 122 578 123 630 113 260 140 441 112 235 118 434
3880 -1.1798600038917255 -1.1161925660378524 6.6620424742589144 0 0 0 2.2741962298290135 46 361 48 452 50 682 49 680 51 765 52 929
1523 1.726403004225912 -1.4327892155347766 4.2283126336409369 118 118 119 0.96627941791356642 60 162 53 147 52 459
414 2.7197266956360431 -0.83401043792430996 3.4405405171538614 111 117 123 0.28609732305454411 58 799 63 346 59 461
15675 5.3882943743875247 -0.18583177376859769 0.84340147435457924 9 11 14 0.0037271431272635509 157 162 162 176
1526 0.15400554669402614 -1.67516783461396 5.291302223342246 41 53 51 0.92221439094464075 58 155 55 95 53 66 52 84 50 103 51 131 49 77 54 148
3883 -1.8762967443016938 -1.1532882015254151 7.3098218664154162 9 9 9 0.97613230330683542 46 88 50 430 42 147
1527 0.1541847914366575 -1.675159252089476 5.2901808676448994 41 53 51 0.99787797477016671 58 156 55 96 53 67 52 85 50 104 51 132 54 149
11800 5.8756826564053206 0.66499859635351188 -0.27491228866186679 0 0 0 1.4185211382342924 1 752 2 752 9 735 6 663 10 668 3 787 7 526 12 575 4 859 11 426 5 809 205 961
1626 0.17284681516584255 -1.689885644076113 5.2720400904245865 43 54 53 0.88128147141874769 58 137 55 82 53 58 52 77 50 96 51 124 54 552
3884 -1.5111209795842155 -1.0955145819682472 6.9469477351101583 0 0 0 0.66520610954716963 46 93 50 438 49 319
14157 -3.0843693442489157 1.233178522302385 7.0341438191872019 60 63 73 0.78250855653933848 122 123 126 94 127 88 128 27 129 62 130 54 131 65 138 45 139 44 140 20 142 148 132 24 119 122 141 95 137 5 144 139 135 49
3983 -2.2853287370945439 -0.99646336992775375 6.547645614964301 0 0 0 0.35383387946367539 44 1 48 0
418 2.6277143589230927 -0.7743130770495178 3.5111587551916843 29 37 54 0.78036258638803235 58 459 59 478 62 211 63 472 64 350 59 634 60 528 61 180 61 569 54 316
1528 1.8017169496088108 -1.4140928667166992 4.1661652700699046 19 28 48 0.55899216386110118 60 486 57 421 55 582 58 228 53 505
6615 -2.8160556885762413 -0.0096316979451582466 6.2060424520643576 59 62 72 0.63147937323478709 42 140 45 12 41 67 186 103
419 2.6539110699954604 -0.75685991394958174 3.4908696407979143 111 118 124 1.1511073429402428 58 811 63 364 64 264 59 479 60 532 57 456 58 1033 61 435 63 363 64 263 54 635
1529 2.3013012684600418 -1.3234444075426337 3.7655986775687955 118 119 119 0.47982381220007797 57 108 58 254 55 240 54 151 60 132 62 121
420 2.1833817828280662 -1.0169768243483228 3.8619492511098543 30 93 48 0.52134361409645114 58 379 59 486 60 221 57 185 55 643 53 230 54 251
5507 3.2581000064430246 -0.2946851017674047 -1.0812630960490457 0 0 0 0.11485487710457638 86 122 89 149
422 2.2945003401880508 -0.67836271670267323 3.7719720718490675 122 122 123 0.73667934531379342 58 515 63 376 59 512 62 284 60 298 57 292 61 464 54 383
15683 -0.95383164133345888 0.6131622282149175 6.3715740940320424 97 102 117 0.89877530507352099 161 19 158 6 159 55 155 5 153 1
425 2.1133896154023009 -0.67053105449259309 3.920017730667956 90 93 99 0.8382955528289231 58 845 59 522 62 583 60 565 57 488 55 691 53 726 61 475 54 665
426 2.1134082288602238 -0.67038859269410067 3.9205410018284446 90 93 99 0.86350500594416368 58 846 59 523 60 566 57 489 55 692 53 727 61 476 54 666
10600 -1.086059943948066 4.0249227280740909 1.9414108780358394 231 231 231 1.7744112316455469 169 480 170 346 168 411 167 436 166 518 161 302 164 474 163 694
427 2.1826361609888147 -0.3900104870179899 3.8631615036918254 123 124 123 0.6927505295784766 58 863 63 483 59 524 62 601 60 587 57 509 55 706 53 746 61 590 54 673
10602 -0.53462766168190468 -1.0503543382877338 4.6978591193509835 16 41 24 0.68840139394507527 169 9 172 324 171 2 169 147
15689 -0.5746728833768493 4.3922909304787767 2.7563173048387117 60 63 73 0.18794646068585907 157 42 161 128 165 229 167 214 158 44 155 53 153 11 154 79 150 5 152 11 149 5
429 2.1565009670586872 -0.32717967735866987 3.884614938128808 122 122 122 0.75719172322181338 58 546 63 384 59 531 62 345 60 350 57 334 53 345 61 485 54 408
10702 -2.3944850728829121 0.93169512749482775 6.4187598797848979 0 0 0 1.1229710082014308 171 334 44 364 42 357 185 393 46 364 183 383 182 356 40 283 41 250 181 341 179 361 173 570 174 428 172 589 170 314 171 319 168 377 167 418 43 261 165 632 166 496 184 401 180 322
15789 -3.3213824058312751 4.7636073426012642 3.5490768676007534 0 0 0 0.12212648982952042 168 236 169 304
10604 -0.60304613199319268 -0.8784775883843402 6.0796352232200546 0 0 0 1.6852347604585993 47 98 49 435 52 634 53 924 55 837 47 378
430 2.1390998029863191 -0.32051218955403332 3.89945966393624 27 34 51 0.83396025472812951 58 882 59 534 62 612 60 352 57 522 55 716 53 604 61 486 54 409
15691 4.8238617592640241 0.68372838025269644 3.0696288109399066 176 176 176 0.66724526205605894 159 66 160 41 158 55 156 33 155 164 152 179
431 2.1390555834650327 -0.32022083514827376 3.8992797439084379 27 34 51 0.83371187789289891 58 883 63 390 59 535 62 613 60 353 57 523 55 717 53 605 61 487 54 410
432 2.1151051867801134 -0.32383483362851689 3.9192258099524899 21 30 49 0.84514504777684862 58 878 59 536 62 614 60 603 57 527 55 713 53 600 61 488 54 699
433 2.1151051867801134 -0.32383483362851689 3.9192258099524899 21 30 49 0.84514504777684862 58 879 59 537 62 615 60 604 57 528 55 714 53 601 61 489 54 700
435 2.0948101144865796 -0.32780367486605777 3.9357383409087516 24 31 50 0.95525231125097443 58 877 59 539 62 617 60 606 57 530 55 712 53 756 61 491 54 698
5523 3.2299145788928838 -0.25661731391326936 -1.107680075887344 130 130 130 0.10312083887296286 86 306 89 356 91 273
436 2.2174878507581277 -0.138090320507366 3.8355163107676518 94 97 101 1.3817562378662833 58 908 59 543 60 629 54 732
437 2.1986371809009042 -0.14323802259173596 3.8521185441293957 98 100 105 1.1179309336807897 58 905 63 499 59 544 62 624 60 630 57 548 55 740 53 623 61 612 54 727
10612 -0.47602625878619581 -1.0417818470583371 4.6502809367582314 18 20 20 0.15479255629887648 169 148 172 325 171 43
5525 3.063848290089874 -0.12705323585874659 -1.2710328406519324 211 211 211 0.26493788722040201 89 365 91 285
438 2.1986371809009042 -0.14323802259173596 3.8521185441293957 98 100 105 1.1179309336807897 58 906 63 500 59 545 62 625 60 631 57 549 55 741 53 624 61 613 54 728
439 2.1760292750266372 -0.14681083644226028 3.8704374020009387 95 98 103 1.140914699732914 58 903 63 397 59 546 62 628 60 632 57 550 55 738 53 621 61 499 54 725
10613 -0.5360867639644803 -1.0290816391988356 4.8593250660236462 16 24 20 1.6020415074745555 169 152 172 193 171 46 173 18
440 2.1760292750266372 -0.14681083644226028 3.8704374020009387 95 98 103 1.140914699732914 58 904 63 398 59 547 62 629 60 633 57 551 55 739 53 622 61 500 54 726
15701 -0.88366466966618062 3.9745750937794986 5.2949722296679349 107 107 107 2.1779182943927742 157 184 162 171 158 198 156 260
442 2.0675213913137935 -0.16489966301862569 3.9585058577903567 101 103 107 1.4940572339979299 58 899 59 552 62 635 60 636 57 555 55 736 61 507 54 720
10715 -1.375078724375733 4.0886395026789888 2.6198424872586004 8 8 8 0.22653758010169961 169 193 167 105
5529 3.0370247201065323 -0.26275314402717698 -0.90343967925360047 115 121 139 0.62640883059279995 87 435 89 385
15802 4.6100456619079253 0.5583855771198003 3.0091256150779158 0 0 0 0.51937582338089672 159 179 161 311 155 262
444 2.0491427944540006 -0.16847149409766643 3.9766895839491343 95 98 103 1.0764430197164623 58 897 59 554 57 557 55 734 53 615 61 509
15705 3.2718973087940881 -0.61880441591118784 2.4609169956864307 57 57 57 1.3652347614138216 157 236 158 237 156 289 155 314 153 352 154 328 150 472 152 345 149 472 151 401 148 619
445 2.0491427944540006 -0.16847149409766643 3.9766895839491343 95 98 103 1.0764430197164623 58 898 59 555 57 558 55 735 53 616 61 510
15706 4.9218575012273558 -0.25317745433431821 1.2592962700888606 29 30 30 0.61485167365450244 159 219 158 241 156 287 155 312 151 409 150 435
5532 3.2395639077933303 -0.25288964984872936 -1.0850222386209027 0 0 0 1.3395269165110839 84 183 87 418 89 467 94 328 90 373 92 68
2803 0.30136528248171612 -1.6574066553169489 5.1478359013044841 60 75 72 0.55428401353896173 52 827 50 603 51 622 58 1217 55 1009 53 895 52 765 50 553 49 545
15708 1.7419901112342711 -0.28560759444891687 3.6117369741792817 90 92 95 0.33105276478874307 159 37 157 30 158 12 167 204 165 195 163 63 161 33 162 24 156 39 153 4 154 6 152 3
2804 0.18091076126624517 -1.6964861846535035 5.2641667407548134 24 30 30 0.73328498794724106 50 93 51 122 58 134 52 73 49 67 54 130
452 2.3081285547987163 -1.5943271352954613 3.7577745092892552 112 118 124 1.354619689357206 58 931 59 591 62 673 60 675 57 584 55 765 54 747
15714 -0.46102857011574611 4.4887019332542106 3.1775314216180548 61 64 74 0.2535364194332031 157 44 158 49 156 23 154 84 150 84 152 14
453 2.327694144461073 -1.4453779354283611 3.7421104665920217 9 52 42 0.85324916995210975 58 697 59 601 62 680 60 452 57 604 55 572 54 105
5540 3.268742966086474 -0.32787026596864915 -1.0901068346753899 130 130 130 0.0072323577972688742 84 418 89 567
454 2.8567177233861547 -1.140727242404614 3.3401031512375012 94 97 102 0.97617538131662718 58 1005 63 449 64 323 59 602 62 688 60 698 57 615 61 542 54 824
10628 -0.57677141174462943 -0.90596181584201385 5.0862983593098248 1 3 7 0.14214156103435793 169 220 170 97 171 96 168 57
5541 3.4278176613247555 -0.24161711292012863 -1.0811564075702047 59 62 72 0.71826957734124075 84 421 85 454 86 497 89 569 88 494 94 444 92 500 93 361
455 2.8567177233861547 -1.140727242404614 3.3401031512375012 94 97 102 0.97617538131662718 58 1006 63 450 64 324 59 603 62 689 60 699 57 616 61 543 54 825
15717 -1.3662698798179438 4.5094666833071599 1.7131021701304052 8 8 8 0.12863140771672549 166 256 156 37
456 2.729539287371324 -1.1640084766061061 3.4345595801806756 92 95 100 1.1559074012859396 58 996 64 392 59 606 62 698 60 707 57 417 61 551 54 816
2814 1.7571036081072051 -0.15544841453126576 4.2783578549672772 0 0 0 0.92707799893025666 52 307 62 411
458 2.366616237574882 -1.2317671336038731 3.713684806420142 91 94 99 0.56551282961351146 58 992 59 612 62 702 60 717 57 624 55 825 61 556 54 813
10632 -0.031298350982712032 3.3615133022854509 3.1687534299462365 61 64 75 0.78238476318193917 169 341 171 118 168 172 164 62 160 71 162 58 161 94
460 2.1777016339535962 -1.2677376929590742 3.863139333300817 96 99 103 0.54391607534705599 58 985 59 616 62 711 60 726 57 635 55 931 54 807
15721 -7.0936987670271918 15.890903692980926 12.311486019473483 0 0 0 0.035063814767773316 163 506 167 241
361 2.7862149412426347 -1.2316895899712763 3.3912044231402527 119 120 120 1.0414311279247914 58 298 63 137 59 94 62 70 61 85
10634 -0.45497205966130638 4.4683535664610332 3.1560513980025653 61 64 75 0.93561003177233637 170 123 171 124 168 174 166 285 165 251 163 397 163 490 164 211 164 282 161 99 160 101
461 2.1777016339535962 -1.2677376929590742 3.863139333300817 96 99 103 0.54391607534705599 58 986 59 617 62 712 60 727 57 636 55 932 54 808
15722 -1.8767884832362425 6.650512693380664 4.0010399409224204 8 8 8 0.14620349019825984 166 289 156 72
463 2.7079008433893406 -0.7612930377184981 3.4520542331931758 31 37 54 0.59632518580334959 58 1032 63 467 64 345 59 631 62 725 60 525 57 452 61 430 54 851
464 2.8046253940202561 -0.55497504920913621 3.3729583379463421 103 105 109 1.5162081406121066 58 1055 59 637 54 879
467 2.2788704649150815 -0.64291369278796284 3.7823910922824444 95 98 103 0.87034942083702049 58 1052 63 564 59 643 60 772 57 697 63 478 55 857 61 673 54 874
5455 3.2313963535585337 -0.25333399300661325 -1.1037645417316757 130 130 130 0.73225656375624826 84 528 85 556 86 599 87 574 89 608 88 572 83 548 82 607 91 518 94 486 90 560 1 509 2 509
15728 -12.777588686646252 15.306246395646886 17.566220311158649 8 8 8 0.66179301760031317 174 72 156 80
5554 3.229898023065167 -0.34296909982520279 -1.2831555971110089 0 0 0 0.6223416863683382 86 662 87 625 84 566 82 648
470 2.1339207220640182 -0.66767603655709917 3.9013044735624294 93 96 101 0.7962361936785598 58 1047 59 646 62 744 60 563 57 486 55 852 53 728 61 586 54 667
471 2.1339207220640182 -0.66767603655709917 3.9013044735624294 93 96 101 0.7962361936785598 58 1048 59 647 62 745 60 564 57 487 55 853 53 729 61 587 54 668
372 2.2486857389553903 -1.3170943360912106 3.8064529043579252 120 121 121 0.4199826610233649 58 269 59 161 55 248 54 178
10645 -1.8652919995365682 -0.82827753558650574 7.0294226653578082 111 117 134 1.3392715250097893 170 160 179 164 176 307 175 235
2828 -0.075587582312260593 -1.1482072692566041 5.5869238767295544 5 27 12 1.741965834992496 53 210 55 307 47 100 48 120 58 406 49 150
2829 -0.35862896405066091 -1.6894662192336929 5.3622014742379678 47 51 59 0.25412282211562942 49 170 47 121
15736 4.1990791051534719 0.40399707056656708 3.1957078642728192 143 143 143 0.38484008219240318 157 73 156 98 155 108 154 46
2833 -0.20778921871556713 -1.2761674027913221 5.6972727220861792 1 2 2 0.37921822745860895 53 173 55 619 49 263
2834 -0.16208701133918338 -1.1906018083269856 5.6614926313707663 0 0 1 0.58675589183984778 58 780 49 279 47 242 48 166
481 2.1704595482084676 -0.19317592610008463 3.8742513859354593 69 71 79 1.0887750248029273 58 1080 63 579 59 667 62 780 60 800 57 720 55 885 61 693 54 906
382 2.7327894448680015 -0.6288088441176054 3.4321608828112709 38 44 57 0.9426511478935895 58 520 59 246 61 202
10655 -1.0438826911047621 3.9974716541919717 1.9783091154367909 231 231 231 1.294078286663082 170 202 171 202 168 259 164 322 161 152
5469 3.2339439837802577 -0.27945733339876561 -1.1274895303830172 0 0 0 0.46545819712480546 84 571 85 590 86 669 87 632 86 639 89 666 88 599 2 582 1 582 83 642 82 651 91 575 94 537 90 608 92 573
15742 -1.3780772389026275 4.8060591113923339 1.7453802480619727 8 8 8 0.25058749065019503 166 381 156 116
483 2.1580221324972215 -0.15032236404713711 3.8837785375201994 104 107 109 1.1908112796913184 58 1085 63 504 59 669 62 793 60 635 57 727 55 892 53 773 61 615 54 724
484 2.3515695281640152 -1.4631682770331524 3.7257591973567612 112 118 124 0.94419525598055498 58 952 59 688 62 678 60 682 57 602 55 793 54 777
5472 3.2300120359596916 -0.2608478984979884 -1.1153086041922042 0 0 0 0.98058960572829179 84 607 85 592 86 672 87 635 89 670 88 625 83 644 82 653 91 578 94 541 90 611 92 576 1 646 2 646
15745 -0.96830453148134799 4.990449061776121 3.7654276457050533 84 78 75 1.7474085267138475 157 133 158 76 156 155 158 158
487 2.2611028986549235 -1.2511127009307361 3.7974830833293622 94 96 101 0.35734481790680767 58 989 59 701 62 707 60 719 57 631 55 822 54 811
5475 3.247239084751377 -0.25069124102602847 -1.0569660565871699 0 0 0 0.33304388782502731 84 575 85 594 86 675 87 641 89 675 88 630 83 648 82 657 91 584 94 546 90 615
15748 4.3346868692460756 0.47007353212478264 3.0790569304976221 0 0 0 0.94896865072781778 161 241 156 235 148 418
488 2.2611028986549235 -1.2511127009307361 3.7974830833293622 94 96 101 0.35734481790680767 58 990 59 702 62 708 60 720 57 632 55 823 54 812
5476 3.2608781405129825 -0.24005220284644233 -1.0341997986809632 59 62 72 1.6362654869087485 87 644 89 677 94 548 90 594 85 621
15749 0.23199561517015538 6.5491748238999383 3.1083600663487254 231 231 231 0.37777906426148899 167 415 156 238
2847 -0.13152665591524576 -1.4851282038254656 5.6008812312532195 111 113 113 0.944586315657585 58 1111 49 404 47 285
5581 3.2279051840992108 -0.36406600721073257 -1.2160508561624805 59 62 72 0.71992714138790037 89 294 88 257 87 258
5482 3.2364543375880248 -0.29667398121572858 -1.1383804032961422 130 130 130 0.34477240347743776 84 663 85 668 86 720 87 687 83 717 82 779
15755 1.845559841604772 -0.25842563826454856 3.4797402071873775 80 82 87 1.5295099138052268 167 208 166 276 165 205 163 342 160 62 159 18 156 42 167 131 166 155 165 203 163 339 164 197 161 80 160 59 159 16 162 50 155 43 153 7 154 9 152 6
498 2.1381808390564254 -0.19933976681634616 3.9001574480164001 60 63 72 0.98509008426732481 58 1185 63 581 59 740 58 1078 62 781 60 801 57 722 55 989 53 879 54 902
15759 1.4294485642683232 -0.29351671336922114 3.845698079110369 0 0 0 0.12698343594850961 158 3 170 35
502 2.9747718709424453 -1.4408555423819756 3.2598654168542573 124 124 124 0.39728080593164478 63 606 59 752
15764 4.6397928624551499 -0.25829681311980945 1.5701311004745684 27 28 29 0.33273316758066074 156 28 159 44 155 27 153 42 152 53
15768 -0.53648413729899558 3.3691597571829588 4.1370767732601781 59 62 72 0.53698857191586469 156 122 157 63 158 39 155 51 152 76
507 2.3147338035280236 -0.69023330668814842 3.7536397595178843 115 115 116 0.96313875741218724 58 1302 63 630 59 791 62 964 60 996 57 892 55 1066 61 743 54 1120
508 2.1981993388326648 -0.68323736052349171 3.8524309573198741 124 124 124 0.86689412532536314 58 1303 59 792 62 969 60 1002 55 1067
5595 3.2325724267589599 -0.25552290327107507 -1.0933578115679183 0 0 0 0.20747344263131817 89 464 88 386 82 273 94 324
15868 -11.509472271167503 23.117940136983069 19.107941869094621 8 8 8 0.12547480218738738 166 320 154 190
15770 -2.1303764779875336 8.0179020691359923 4.7291080822314324 8 8 8 0.084828390772745121 167 231 155 85
10683 -0.77647867305056517 4.1046218102381848 2.2683264776080612 87 92 106 0.72480301417965032 169 467 170 298 171 323 168 337 167 373 166 463 168 364 165 596 163 625 164 381 161 199 158 129 156 177 155 173 153 60 154 195 152 128 151 71
509 2.1889162979727002 -0.33913446308247303 3.8572555333330447 124 124 124 0.80137789263454129 58 1313 63 681 59 793 62 978 60 1012 57 910 55 1074 53 957 61 802 54 1135
5498 3.2000039250250585 -0.32876419443040339 -1.2615582849253413 106 112 128 1.3733336562934551 87 7 89 17 86 13 88 17
15771 -2.1303764779875336 8.0179020691359923 4.7291080822314324 8 8 8 0.084828390772745121 167 232 155 86
510 2.0846088623243322 -0.39641067595312424 3.9501240966490387 112 118 124 0.82113693169848656 58 1312 59 794 55 1073 53 951 61 748 54 1006
5598 3.2071647030979289 -0.19397965428503269 -1.13565422690646 59 62 72 0.34135720713152223 86 444 88 392 92 207
15772 -8.7251865444187189 13.629300402776156 13.077825496652139 8 8 8 0.74489719930280063 175 179 155 87
15773 -3.2273426988426879 6.108430248534277 5.1227658800185969 0 0 0 0.0051243181498857437 169 199 175 180
5599 3.0330407210277106 -0.10861081314745313 -1.2385637907911045 231 231 231 0.5400168084978213 87 422 88 395
15872 -1.0366737966379869 5.4657372784589855 2.56616011404821 231 231 231 0.65077373756448587 164 518 154 318
512 2.1854092587693432 -0.19353838998411307 3.8623676490470022 69 72 80 0.97211307761343879 58 1187 63 632 59 797 62 980 60 910 57 824 55 1078 53 963 61 752 54 1013
10785 1.3824960306318479 -0.33614395504853772 3.9518694223111299 85 87 92 0.27029447352562586 170 207 167 196 166 264 165 401 163 474 168 267 164 185 161 70 160 53 159 34 162 45
15778 -4.7190789069327792 10.662385919810692 8.1627901655328827 8 8 8 0.50116342238187528 165 436 155 96
517 2.0255659528281846 -0.22061245261672827 3.9938384393303608 65 68 76 1.3570722010709488 58 1317 59 803 62 984 60 1017 57 915 55 1076 53 959 61 757 54 1137
526 2.3608173964194523 -1.4895385154135801 3.7187590106249004 106 111 116 1.1543526338064698 58 1344 59 826 60 945 57 853 55 1105 54 1054 206 126
15787 -1.0784345281106911 1.39614628697656 5.7137608265395183 0 0 0 1.6602643889838002 156 135 157 93 162 181 156 199 157 167 155 170 153 215 152 223 151 153 153 56
531 2.3498212153744804 -1.3029262453057973 3.7279450282881861 63 67 76 0.78020752550755557 58 1370 59 845 62 1026 60 965 57 867 55 1119 61 788 54 1167
532 2.3498212153744804 -1.3029262453057973 3.7279450282881861 63 67 76 0.78020752550755557 58 1371 59 846 62 1027 60 966 57 868 55 1120 61 789 54 1168
5620 3.2304519349746967 -0.24766883801418851 -1.0958569840765293 0 0 0 0.76103309758279103 84 387 85 422 86 442 88 498 82 282 91 433 94 371 90 506 92 481
533 2.2006630515853765 -1.2982610390363858 3.8500720421801011 124 124 124 0.52469566470130502 58 1375 59 848 62 1030 55 1121
539 2.1334000188488362 -0.36024371950498679 3.9069709648951956 124 124 124 0.87264343572804015 58 1396 59 863 62 1059 60 1078 57 975 55 1132 53 1015 61 819 54 1195
15800 4.0223198883698998 0.1989408825704814 2.9242204103457281 142 142 142 1.3532438130883693 159 156 155 257 154 268 150 274 153 156 152 154 149 364
5626 3.3099712955114429 -0.40501108292213506 -1.1306603356203775 108 113 130 1.3298037297166798 87 504 89 553 88 522 86 396 91 503
15899 -1.7990497754049426 5.5243631443973253 4.5582325794500482 231 231 231 0.8131410760852773 153 20 150 254 151 89 147 374
638 3.4633252695410111 0.67164007012911331 2.8125347086218309 0 0 0 1.1798925737221384 64 585 63 748 60 1162 62 1137 57 1039 61 866
618 3.3503398091963676 -0.2666783199274283 2.5521474667747381 29 30 30 1.8280426247287547 63 728 65 322 66 274 66 294 68 273 64 540 64 563
10891 1.3502883706342828 -0.33324484165573209 3.9510727629542743 97 97 101 0.25446463638419659 167 304 166 262 165 399 163 293 164 44 161 27 160 15 159 5
717 2.3993001948446264 -1.2733539955214159 3.6873688526501298 121 121 122 0.71891528321587772 58 299 62 126 60 136 55 608 61 134 54 206
628 3.2151193956646567 0.62791851725355929 2.9521500387413204 0 0 0 1.3788896863862832 63 750 64 588 60 1138 62 1109 57 1021 61 868
636 3.6644766573456455 -0.34487985590852205 2.265321110314944 9 11 14 1.4416692391184625 63 741 61 856 61 874 66 319 64 600 65 363 67 194 68 303 59 946 62 1123
15900 -1.9898316309352277 5.6120677209562961 5.3433120024394292 107 107 107 0.31088328655329039 153 234 154 223 150 261 152 246 149 290 151 263 147 375 148 383
639 3.2699507768742402 0.80790887554653612 2.9457607639032295 142 142 142 1.2017748899362675 64 591 63 753 60 1164 62 1139 57 1041 61 869
10912 -1.43495553186668 4.2142156311193997 1.7565636192754215 8 8 8 0.20775161442814555 170 194 166 362
5726 3.2535467837690586 -0.28797514701153093 -1.0874141637873938 130 130 130 1.9470631014459006 84 526 85 499 87 520 89 604 88 534 2 501 1 501 83 426 86 438 84 285 85 283 82 432 82 604 91 479 94 446 92 475 90 451 91 399 94 369
15999 5.1947630757340173 4.3278123538745321 -3.38145407613169 231 231 231 1.0239193954025274 150 298 149 332 147 417 146 323
640 3.2699507768742402 0.80790887554653612 2.9457607639032295 142 142 142 1.2017748899362675 64 592 63 754 60 1165 62 1140 57 1042 61 870
5628 3.2696532587493072 -0.32529881490469309 -1.0918303787157988 130 130 130 1.2861199123183067 88 531 91 476 85 496 86 592 94 482 94 512
15901 -1.9660990072824902 5.601978937263933 5.3118983526817072 107 107 107 0.34390702834581949 153 235 150 262 154 224 155 192 152 247 151 264 147 376 148 384
16000 -29.979941409041079 48.574685225875534 51.060781542430547 231 231 231 0.3116680375182489 174 279 149 333
5727 3.2815187503182663 -0.30878037889462989 -0.74809329382131728 0 0 0 1.2904823396896536 82 714 86 682 83 686 84 611
541 2.1704149806449329 -0.31417500560333295 3.8736906943567524 12 90 38 0.81190510544403571 58 1399 63 707 59 865 62 1062 60 1081 57 978 55 1135 53 994 54 1198
10814 0.99849247515424344 -0.72711389163762641 3.4865716086684393 113 113 115 0.15338794522537558 168 22 167 16 166 10 165 13 163 7
10822 1.1149990829771794 -0.58793314051853218 3.6659776173224463 103 105 108 0.026877254060190009 168 82 167 89 166 113
5735 3.233358302578877 -0.25060845685044092 -1.0939607238832514 130 130 130 0.0071926027572443412 84 91 91 123
15638 5.2656361704221357 -0.20450945716345761 0.92874850565426192 9 11 14 0.59105286289022763 159 176 157 202 162 205 158 201 156 251 150 366 149 393 151 339 146 385 147 456 148 488
5365 4.4233181551871237 -0.072730190559906843 -1.6395463699105832 52 52 52 0.52440564806591594 79 28 80 22 81 18 87 69
278 2.9129328663566456 -1.1910210178652374 3.300333224302729 120 120 120 1.1094814666970176 58 1379 63 664 64 501 59 824 62 1011 60 1038 61 773
651 3.2426463759549811 0.52735153955129432 2.9308667545282363 142 142 142 1.5734401025790454 63 782 64 627 60 1193 62 1167 57 1068 61 900
15912 3.8017202720061478 -0.42700663719283177 2.0288298020419551 9 11 13 0.40996676018190759 155 295 150 430 147 561 148 595
15639 4.5356587313493169 0.48023081050229982 2.9181984687018678 0 0 0 0.27874375848998562 159 178 157 203 162 206 158 202 156 252 155 261 153 314 154 285 152 313 151 343
5366 4.4233181551871237 -0.072730190559906843 -1.6395463699105832 52 52 52 0.52440564806591594 79 29 80 23 81 19 87 70
279 2.9129328663566456 -1.1910210178652374 3.300333224302729 120 120 120 1.1094814666970176 58 1380 63 665 64 502 59 825 62 1012 60 1039 61 774
652 3.3113498427977808 0.66652463735584733 2.8875155759440498 0 0 0 1.4761305207341622 64 617 63 772 60 1194 62 1168 57 1069 61 901
655 3.08509539554364 0.90601124192841254 3.0548389894461323 142 142 142 1.32155159789481 63 776 60 1196 62 1171 57 1071 61 904
15922 3.6150962780256699 -0.39333489563596846 2.4680314389526119 28 29 29 0.7514906589282313 160 157 157 104 155 142 154 165 150 9 162 31 156 20
5748 5.1110042385238028 0.029607765299425277 -1.9100850441557782 122 120 120 3.2397780225513308 76 144 91 208
16021 5.2163514002807672 4.3383186881788536 -3.4195692703309311 59 62 72 0.68297949297099281 150 443 149 436 146 397 147 495
661 2.3784780217596766 -1.5589674944806291 3.7043924235276378 32 39 55 1.3863867089541917 58 67 59 61 62 38 60 21 57 6 55 135 54 20
10934 1.0826458777183345 -0.62785149643741756 3.5347072274297444 124 124 124 0.21240485678772414 167 396 166 482 165 612 163 637 164 389
760 2.1903437322188526 -0.95726245815014532 3.9036373131516076 14 25 46 0.36849876628959938 59 499 60 237 57 212
662 2.381894427780916 -1.5456150415421881 3.7016663394443068 122 122 122 1.1278910017989141 59 399 62 42 60 24 57 11 58 79 54 26
10837 1.0693590227570486 -0.58895722714405074 3.6994473787179718 102 104 108 0.14690997799408981 168 149 167 178 166 241 165 147 163 221 164 160
15924 -0.52486805084664401 5.9970817754718047 2.4694713478121555 0 0 0 0.098220363291422183 150 29 153 40
5850 4.3643173776556266 -0.38540926042507462 -1.2222117875756218 59 62 72 0.27560084233693621 88 7 89 15 94 39 90 66 92 127 93 143 95 114
670 2.3602399962813601 -1.5267467556603154 3.6897129706204903 118 119 119 0.53054041448422051 59 407 60 35 62 444 57 18
15931 0.5871359185092514 5.8930167092921808 1.3659788835909628 8 8 8 0.6113146221208795 150 86 152 93 153 88 154 169 146 69 148 26
671 2.318160069395224 -1.5056148030895187 3.5878825712645459 12 89 38 1.0368937495608381 59 71 62 49 60 37 61 62
10845 1.3482951353327108 -0.33469987273100232 3.9575235018402988 99 99 103 0.24859299500127405 168 266 167 305 166 263 165 400 163 294 164 45 161 28 160 16 159 6
672 2.318160069395224 -1.5056148030895187 3.5878825712645459 12 89 38 1.0368937495608381 62 50 60 38 59 72 61 63
10846 -1.4145290584146533 4.6022245691460553 1.8125563086388234 231 231 231 0.43867103701277099 168 360 167 369 166 460 165 590 163 650 164 375 156 176
10849 1.3217829911165178 -0.417721682125962 3.793075494901236 68 102 75 0.38965748962633034 168 393 167 438 166 519 165 640 163 695 164 443
15936 5.7890167280512754 2.4809813094562192 -1.2873523170414616 87 81 78 0.040616092523227995 153 295 152 268
675 2.2454566708737884 -1.5374060249649302 3.7795606159339776 33 40 55 0.87577374981672662 59 84 62 453 60 46 57 27 54 52
10850 -1.4331199824797265 4.5822385809432697 1.7291013095436647 59 62 72 0.72176902840770962 168 409 167 455 166 532 165 664 163 719 164 490
676 2.2627757360924368 -1.5358142895373414 3.7945899051224212 33 40 55 1.2157424982568741 59 85 60 47 57 28 55 156 54 51
15937 5.8195362894566065 2.468089814629586 -1.3652718520237315 110 115 132 0.47960074001632397 153 257 152 284 151 290
15941 0.7192808996579535 6.4156489752732782 2.1244745396289293 231 231 231 1.1100109400996609 150 398 152 312 149 395 147 467 148 534 146 394
680 2.3609420732959623 -1.428116739788204 3.7189842886155722 123 123 123 0.84394672119528014 58 177 62 72 60 59 57 67 55 188 54 108
5767 3.2325490782131494 -0.25145514431653854 -1.0978832923147828 130 130 130 0.16188179144308248 85 174 91 278 83 148
16040 5.1822722687665612 4.3928235161650768 -3.3883207002228968 99 104 120 0.033030800710127858 150 491 149 516
779 1.6795264597113297 -1.0068643577251444 4.2706075310232698 12 89 38 0.66106597535284395 58 403 62 285 60 281 57 260 55 322 53 220 52 480
10859 0.98187782477193852 -0.69795477990937749 3.5635958876687628 93 98 104 0.17518784330701606 167 80 166 11 165 15
5772 3.2421676800391208 -0.25113707171573124 -1.0707010492177385 130 130 130 0.31960441134828427 89 368 91 287 90 317
685 1.7495524343721067 -1.6541892878674358 4.2065081005831058 27 35 53 0.56302639472544946 58 48 60 65 57 51 53 108 55 72
15946 3.9413435312444065 1.2409452779008669 4.2798480421727723 86 80 77 0.45119323074080009 155 305 159 202 152 352 151 412
10860 1.0782864503917169 -0.70449245290782425 3.4847433225098552 121 121 121 0.28475082655771622 167 21 166 13 165 16 164 3
686 1.7495524343721067 -1.6541892878674358 4.2065081005831058 27 35 53 0.56302639472544946 58 49 60 66 57 52 53 109 55 73
15947 5.2073360030690168 3.9459467320773056 -3.2352223590936098 87 81 78 1.4310796339927365 150 420 152 354 149 457 151 400 147 535 148 538 148 607
3045 -0.1648580725007063 -1.2060303677539159 5.6609408258608953 81 84 86 0.61948847529695872 53 688 58 1020 48 237
13219 4.0123701585463118 1.6539548958585333 -2.4759202118993264 130 130 130 0.14041974242548602 1 565 2 565 205 83 8 90 16 224
10866 1.938341180097169 -0.23959098235020498 3.5111675803130602 105 107 110 0.036270381439830642 167 52 166 66 165 61
692 2.3291851381478907 -1.4164621640943151 3.7446378025367673 119 119 120 1.0191476991671415 58 188 60 73 54 113
15953 4.4825092975762137 -0.41197277738584698 1.4155323973413925 57 57 57 1.6499489994682077 159 170 160 229 157 200 162 190 158 199 153 289 154 296 150 327 150 390 152 294 158 160 156 186 155 195 159 98 157 113 160 178 162 138 154 229 149 421 151 308 151 359 146 451 147 369 147 517 149 358 148 382 148 562 156 264
15954 2.0856827663916411 4.729166341308245 -2.1744426579577834 64 89 71 0.18016405879575301 150 73 149 2 151 164
15955 2.3098280091609644 4.7693432949872845 -2.3315617261656789 88 93 99 0.10406864126082205 150 7 149 3 148 2
5781 3.2307922065243693 -0.35321555534721916 -1.19978793476358 110 115 132 0.78612934204336538 89 299 91 327 94 358 90 495 92 430
16054 -0.50794117165268715 4.2939586204363671 2.6653463224798046 59 62 72 2.3636511153558502 149 274 150 163 151 249 149 211 146 163 147 154 147 364 146 272
694 2.8905084226752367 -1.2003093860250964 3.3187582653123986 119 120 120 1.327615876205233 62 66 60 77 57 98 58 319 54 194
10967 -0.57291583433566506 4.3519954642137408 2.7685637795895035 85 90 103 0.44630925399016769 169 245 165 64 172 139 174 287 174 196
696 2.8669860759793959 -1.201227311549623 3.3334914392148107 119 119 120 1.3288948482007632 58 318 62 68 60 79 59 88 63 132 64 97 61 82 54 192
10870 0.98499379647097518 -0.84192053803649036 3.1980248080001501 99 101 105 0.064189491401131754 167 75 166 85 165 2
15957 3.1164650373561642 4.3251674768995594 -1.6229565463780899 8 8 8 0.0697561627365203 150 53 149 45
698 2.2742356323413286 -1.4294314055894941 3.7868662863036509 116 117 118 0.61630527687580738 59 123 60 82 55 191
10873 -3.007218890666091 4.5655833982078011 3.2444390297882046 8 8 8 1.1125719428883318 165 131 163 202 172 417 173 398
699 2.8038281470293476 -1.2104942920229964 3.3485870492243208 120 121 121 0.77070808226587673 62 74 63 139 64 106 60 87 57 100 61 89
700 2.813049818773794 -1.2106727511052706 3.3723817177244322 120 120 121 1.2202020910790712 58 312 59 98 62 76 63 332 64 235 60 88 57 101 61 92 54 198
15961 -3.375972443260618 5.3689440402394597 5.033293689994502 0 0 0 0.70359012594552561 173 43 171 76 172 85 174 20 176 123 175 29
705 2.7979477949146383 -1.1463838016768266 3.2743393487511527 124 124 124 0.68120356314482322 59 107 62 94 60 112
10881 1.7395036420733727 -0.37467444579835713 3.4201286201134971 32 79 50 0.15072325466621575 167 125 166 148 165 188 163 311 164 48 160 21
5794 3.24918432986895 -0.24813626912950862 -1.0498797863557341 0 0 0 0.31634241101155763 87 349 91 349
16067 6.9522194300202935 1.4718154682171047 -1.9986443169416757 80 85 98 1.6756350213275106 150 406 151 387
707 2.4038907247498558 -1.3070630653552555 3.687163905018632 119 119 120 0.50273070852545587 58 260 62 105 60 117 55 259
10980 1.5853208886462724 -0.53635261403076029 3.1103228375589929 121 121 122 0.22815358190633697 166 249 165 153 163 27
708 -1.4603595217005927 -1.8008282974839054 0.58747140997514269 118 118 119 0.43515452327451515 59 75 60 118
15971 6.4413293658456148 2.5788202503005953 -1.9923239222233233 61 64 75 0.72144723410693423 150 138 149 188 151 151
711 -0.37194153204020053 -1.6605762895685596 1.4738835451299086 17 26 47 0.017167686300237288 63 119 60 122
10885 -0.096979739737870108 3.2242661077667618 2.9676801669600903 77 81 94 1.2849510033841212 167 136 170 120 166 162 165 218 164 207 163 363 161 90 160 67 157 39 158 35 162 29
15972 -3.0601566860233813 1.3931100100163154 7.3381486656992951 119 126 144 1.6622678190187206 122 327 144 313 131 177 140 188 141 101 132 174 124 124 127 28 124 52 145 296 143 127 135 26
716 2.3677824717952993 -1.2993182281955458 3.7108301199962535 119 119 119 0.8414889766314495 59 139 62 120 60 133 55 270 61 126
10890 -0.83471189365423537 3.5148937508973619 2.0945721243074171 59 62 72 0.61404183120882927 167 300 166 255 165 390 163 32 164 264 161 118 160 56 157 28
10892 1.7974261348507472 -0.3460014324710774 3.3742167807386263 122 122 122 0.16750317503261958 167 202 166 269 165 406 163 318 162 13
718 2.3085787989689224 -1.3076544689649632 3.7603356049687569 117 118 119 0.3696244244756543 58 275 62 128 60 137 59 147 57 124
15979 2.1094063604282063 5.0263992709315115 -1.4571392653793551 8 8 8 0.1905945354862314 152 249 149 214
5805 3.231888956337118 -0.28081153146583693 -1.1343728682889633 0 0 0 0.22110724766283568 86 435 85 275 82 247 83 232 91 396
16078 3.9952383581541833 3.8491618688952243 -2.6333189548175819 8 8 8 0.2734407513221957 149 48 146 43
817 1.6117867526434693 -0.51781546060229022 4.3352420428818759 121 122 122 0.82154026545318304 58 524 62 367 60 357 57 335
10893 1.7960793382884479 -0.34822183860895034 3.3818338339317608 122 122 122 0.16454146058577498 166 270 165 407 163 319 164 189 161 77 160 55 162 14 167 203
719 2.2503917132190336 -1.3284436974417781 3.8062017468879099 122 122 122 0.46605109054662647 59 440 60 139 62 133 55 235
15980 2.1094063604282063 5.0263992709315115 -1.4571392653793551 8 8 8 0.1905945354862314 152 250 149 215
10894 1.7987076360649268 -0.33063834418038657 3.4036051862355809 18 80 42 0.17323919436043958 167 307 166 271 165 408 163 322 164 190 161 31 160 29 159 9 162 16
16080 -0.36137563338009188 5.785391371723267 2.2795601818393241 0 0 0 0.0045619034164982083 164 70 165 72
5807 3.7909131136777288 -0.39462011324864332 -1.2122582697314421 0 0 0 0.93934603368228931 86 393 87 445 88 470 89 507 94 391 91 407 90 472 92 449 93 346 95 283 97 283 96 234 98 241 98 255
720 2.3646772289704732 -1.2816288888720397 3.714634139658612 121 121 122 0.69542776532447603 58 294 59 146 62 127 60 140 57 132 55 287 61 137 54 205
15981 5.3149518860329774 -0.16629687350730002 0.94010482275630758 29 30 30 0.32602974723668182 158 141 149 221 146 254
721 2.2201558460989972 -1.3312759407901722 3.8134572747905988 30 38 54 0.41613062117140304 59 444 62 136 60 142 57 126
10895 1.7662386684715581 -0.26094559738091877 3.5944000751987213 124 124 124 0.11951643470109177 167 206 166 274 165 198 163 334 164 193 161 78 160 31 157 12 162 26
5812 3.7740546666372641 -0.40811401321676771 -1.1703166657464887 226 226 226 1.0592959186591038 82 469 83 481 84 459 88 515 89 590 85 448 86 539 94 429 91 452 90 517 92 488 87 502 95 308 93 351 97 298 96 236
15986 -0.95525886323050335 3.8849075472297807 2.1393987663397644 0 0 0 0.66019667460943088 167 112 168 44 173 330
15990 6.5302091980348154 2.4247849037680762 -2.2059926251088 61 65 75 0.051040993278717584 150 225 149 257
5816 3.2358859910572604 -0.29797741208158213 -1.1526096437337219 130 130 130 1.2956358501974203 87 517 91 474 89 601 90 554 92 549
16089 -9.1650145924247255 3.4731643249984638 11.481259041809288 0 0 0 1.5362966510323952 126 23 142 58 120 51 144 67
729 2.2975359842452439 -1.2456257541848943 3.768997764825742 123 123 123 0.31972479522691577 62 148 60 152 59 447 57 145 58 332 55 296 54 228
11002 1.9059331634951311 -0.25385269999779664 3.4338775880423076 81 83 88 0.30721969087442474 166 396 165 414 163 482 164 276 161 84 160 64 159 41 157 33 162 53 158 33 156 10 155 10 153 10 154 11 152 8 151 3
828 1.5823553369593646 -0.41517369227054479 4.3595826791243697 122 122 122 0.99034802145840717 58 536 62 386 60 380 53 300 55 415 50 365 54 405
731 2.251743974826335 -1.2564022696178163 3.8051534482833409 123 123 124 0.38221352808356895 59 448 62 496 60 154 57 150 58 329 54 225
16091 5.3896541425372293 -0.37039652778797777 0.23164282474581729 57 57 57 0.3083842250343089 149 299 146 186 147 338 148 323
5818 3.5293601244729285 -0.31999286903130891 -0.90362543090270619 59 62 72 0.65638505768605326 86 499 87 526 88 499 89 575 91 482 94 447 92 501 84 422
15992 2.3005233043690101 4.7301097883248469 -2.3554531603537083 39 89 51 0.56819728772012501 150 242 149 271 148 94
732 2.2427994663713111 -1.2582749394723434 3.7977283319570856 123 123 124 0.32791586633827297 59 449 60 155 62 497 57 151
15993 2.2659161630393498 4.7522250082833324 -2.3249299835408728 39 89 51 0.050406662296749137 150 243 149 272
734 -2.8430297777653006 -1.9904990196117975 -0.26750512409967958 113 113 115 0.79271705276737836 59 149 60 159
735 1.8184038846398547 -1.3996806072609427 4.1513961899112877 119 119 119 0.63930395496262804 58 242 62 154 60 160 57 147 55 215 53 170
5723 5.5111638328588253 0.805088810497674 -0.7985546852950397 59 62 72 1.3145165906378682 80 695 78 793 79 776 81 670 83 734 73 602
15996 6.4089385296473242 1.0593304809512789 -2.8143386958227103 5 5 5 1.182921274195047 150 294 149 319 147 395 148 414 146 294
736 1.8184038846398547 -1.3996806072609427 4.1513961899112877 119 119 119 0.63930395496262804 58 241 62 155 60 161 57 148 55 214 53 169
10910 1.0455520635345139 -0.70876415295765272 3.365293131760474 11 84 38 0.098503940148034708 167 281 166 349 165 482 163 539
5824 3.2164687552043674 -0.20222354737954398 -1.1132487949292462 59 62 72 1.4199610755070495 89 642 91 526 94 493 94 522 90 527 90 569
737 -2.8742984303414039 -1.9946235331512883 -0.29205935798661925 112 113 115 0.92982497519232254 59 150 60 164
5725 3.2538441688357835 -0.28760665260947932 -1.0876888705896963 130 130 130 1.9005276556210235 84 525 85 498 87 519 89 603 88 533 2 500 1 500 83 425 86 437 85 282 82 431 82 603 91 478 94 445 92 474 90 450 91 398 94 368
15998 6.127047826290303 1.8715840870970699 -2.8890009021886809 61 65 75 0.54198209139516351 150 296 149 328 146 201 147 346 148 341
1486 0.47786552914994695 -1.8146758105994765 4.9409378132913613 40 45 46 0.61966018740782658 58 595 55 476 53 12 50 241 51 88 49 54 52 329
10914 1.4471607762273622 -0.56909512591334876 3.3147747034044386 94 95 99 0.19652746567585946 167 297 166 369 165 382 163 453 164 249 161 102
740 1.6259623841061577 -1.4464455384505095 4.3103342377487293 116 117 117 1.1817563728943932 58 216 60 175 52 201
747 2.6720217797623542 -0.88412581153136593 3.4379283295524803 121 121 121 0.47374443881431327 59 194 62 180 63 159 64 133 60 197 61 147
5834 3.164711526422666 -0.29813454479299795 -1.3536342512075474 231 231 231 2.3608470403232751 87 596 88 589 89 657 84 517 86 633 1 486 2 486 82 517 91 567 83 528
16107 6.034041719852044 4.2975072634288196 -2.0220675011190248 119 125 144 0.57961962842519965 149 378 146 351 147 475
846 2.726880477869591 1.227448539976757 3.3036472265028833 231 231 231 2.0906255551277368 62 657 60 422 61 623
10922 -0.067890025338176466 3.3660888036053884 3.3481641406429472 59 62 72 1.6540787865875015 167 379 166 401 163 590 164 280 159 94 160 99 158 43 156 50 161 127 160 98
5835 3.3362083018789463 -0.40663685482055878 -1.1446151257101376 59 62 72 0.70937309129857329 88 591 89 658 91 569 94 553 90 604
15735 4.1331925482893119 0.34170804731949145 2.9544397600668209 142 142 142 1.389681487867892 157 68 156 94 155 91 154 37
474 2.2083019271627662 -0.30909219918041003 3.8427226155173817 8 21 44 0.71287295159724273 58 1067 63 488 59 658 62 770 60 790 57 518 55 878 53 764 61 602 54 891
748 2.7007152963699621 -0.87805532519228402 3.4565714848950506 121 121 121 0.56631328150870852 58 413 59 195 62 181 63 160 64 134 60 198 61 148
11021 -1.3713960011864446 4.8094539292182406 1.7748663050962901 231 231 231 1.4379479492190741 166 428 165 502 163 624 156 137 155 135 154 135 167 195
10923 -0.59906542765601878 4.9159670636349011 3.0293120085197818 231 231 231 0.90063574987236983 169 347 166 407 156 156
749 2.7210640465383733 -0.84832530242449333 3.4547935547343087 17 27 48 0.56035443515060224 59 458 62 517 63 343 64 249 60 202 57 183 61 415 54 284
5836 3.5244483053678928 -0.35350515009528177 -0.89374920527093682 59 62 72 1.0231849305974969 88 626 89 697 91 579 94 542 90 612
16109 -3.8350837529047936 2.6632241945262467 6.4393422252819299 86 91 104 0.84792501012460919 141 93 144 90 120 115 122 121 123 137 128 86 129 142 137 46 138 99 143 174 145 204 136 95
5935 3.2443478167969122 -0.33299483840980032 -1.3082792602590572 231 231 231 1.025700190030473 91 566 94 531 88 614 89 685 90 580 92 537 93 393
750 2.7182433332700779 -0.83240287814944858 3.4603717105479128 109 115 121 0.50715723592084783 59 203 62 186 63 172 60 206 57 192 61 161 54 296
16011 6.4422936575579755 1.0728458126169078 -2.7084135926906501 5 5 5 0.61489375526225798 150 373 149 399 147 492
5837 3.5253240082722721 -0.33394968862820135 -0.8981080876538301 111 117 134 0.67825119605617401 86 673 87 637 88 627 89 674 91 580 84 574 90 589 94 544 92 577
16110 4.7560439913120485 -0.27796593769096872 1.4056419244815443 9 11 13 0.21290597009546927 149 391 150 360 146 378 147 452 148 483
5936 3.219837697437185 -0.34078473014167188 -1.2661028524625495 59 62 72 1.9533014038855852 91 541 94 533 88 563
753 2.2142593693806223 -1.0147743111995069 3.8348238959658145 7 20 43 0.89721006180926677 58 380 60 216 61 438 59 481
16014 5.9467726456046739 4.1579404263726651 -2.3844783738718616 67 70 81 0.15202251592766292 150 381 149 410
758 2.8432105394883509 -0.6964893455637361 3.3920839300928414 12 89 38 0.56181484860969977 59 213 62 201 63 184 64 154 60 233 57 221 61 172 65 72
761 2.645832423478589 -0.74943684762664009 3.5036997623221295 13 29 46 0.27980336229364311 60 240 57 227 61 183 63 193
16022 6.9229562296993681 1.4496809734635336 -2.0847180922839397 93 98 112 1.4972485811743408 150 405 149 437 151 345
5848 3.2217916787809004 -0.35775110453254 -1.1926488437269851 111 117 134 0.61693620648981018 88 175 94 23
16121 6.6262082023034345 1.0528202477578081 -2.6477272422394948 99 105 120 0.26530960187348746 149 456 146 469 147 577
860 1.6236180142978409 -1.5995580772252425 4.3102616377605916 12 23 45 0.93287332855770266 58 118 60 474 57 97 53 130 55 134 52 167
762 2.6809037656872539 -0.7307315863856475 3.4749654853981515 12 89 38 0.4298864790789711 59 229 63 366 64 265 60 242 57 232
663 2.9359076736996368 -1.3280399070705953 3.2911175810070992 45 96 59 0.92901554118284724 62 33 60 26 57 25
10936 -2.2106685408296309 0.80527446917692469 6.4703010103329932 228 228 228 0.58034379242946077 174 429 166 499
16023 0.065547443545052764 3.5518487532563521 3.5206939828495161 0 0 0 0.53829446738724551 169 448 170 303 172 546 173 525 171 309
5849 3.6658272231029563 -0.24965517930461673 -1.6035709966060381 162 162 162 0.29147083600225138 88 39 94 30 93 73
16122 -4.6318793684788231 0.7828618075748095 8.1050868024287599 90 95 109 1.6513784083215299 122 259 141 304 142 313 144 297 126 123 139 338 140 259 123 419 124 443 127 373 122 445 128 402 140 351 119 405 144 433 143 405 145 438
5752 3.1589163590305898 -0.29180512905903849 -1.351736472223346 231 231 231 0.66361288138350505 89 289 91 229 94 195
16025 2.6384686298685414 5.1667760966654095 -2.1521018124478077 158 158 158 0.4457528329702532 150 395 149 452 146 415 147 523 148 601
665 0.49981326947840643 -1.627289565986761 1.7491640053956587 48 52 64 1.9763972687844404 59 34 60 30
10938 1.124164590341364 -0.70300356901310312 3.3727724970333726 124 124 124 0.18300739023884832 167 432 166 514 165 634 163 688
5851 4.3643173776556266 -0.38540926042507462 -1.2222117875756218 59 62 72 0.27560084233693621 88 8 89 16 94 40 90 67 92 128 93 144 95 115
16124 6.0868181919007576 4.3922508339379869 -1.9668621733152365 92 97 112 0.33474694477914768 149 442 146 489 147 548 148 590
764 2.2465580364930631 -0.86688660689885033 3.8013301695192991 118 118 119 0.41900188442281988 59 502 62 549 60 248 57 237 61 451
11037 1.7889042561016504 -0.29733924729200262 3.465050200463843 124 124 124 0.37828693663746366 166 488 165 620 163 676 164 405 161 221 160 171
10941 -0.96962926769415103 5.2292273975334185 2.4553193044733916 84 89 102 0.43271411496644557 170 349 166 538 165 668 163 726
16028 5.2075718347657096 4.3347161220136172 -3.3510313009730779 231 231 231 1.2512387346089378 150 422 149 460 146 528 147 611 148 636
10572 0.064283622186692368 3.5523959482260832 3.5118817300681671 92 97 112 0.98673367609210183 168 370 167 412 166 495 165 627 163 681 169 449 170 304 171 310 172 547 173 526 164 429 160 208 161 264 159 155
398 2.1948018293365452 -0.17741788848205031 3.8564869232861487 120 120 121 0.72740449469648616 58 575 63 257 59 342 61 316 54 425
15758 4.7796048725952565 -0.3250854217837611 1.222731573577861 9 11 14 0.50059743403685564 157 214 158 220 156 265 159 199 157 224 162 229 158 230 155 284 154 307 152 324 150 391 149 422 151 377 146 413 148 568
5485 3.2616834291898678 -0.3164176797779622 -1.0940158954412873 130 130 130 0.28858423148245188 84 666 85 671 86 723 87 690 83 748 82 778
5858 3.2485064178901726 -0.24860891576465155 -1.047718569815032 0 0 0 0.54937871362027979 89 161 94 96
16131 -5.5012688309782813 2.6759624763457914 7.8159370322754942 84 79 75 0.78171054216461766 142 496 144 479 118 451 119 538 120 499 121 485 122 597 123 653 124 611 125 660 126 569 127 615 128 546 138 461 139 561 140 455 141 515 143 529 145 515
771 1.6604947318736689 -1.0713007349009884 4.2861325567575124 103 115 106 0.61954994178906231 58 375 60 266 57 229 53 214 52 231
11044 -0.62018369627335457 5.0332178322212151 3.050942431716237 231 231 231 1.5707935746733419 166 540 165 669 156 262 155 282 153 335 154 305 169 506 172 612
5859 3.8191525147758574 -0.39731742170533924 -1.2195047437247915 0 0 0 0.85728981450638519 86 56 87 51 88 135 89 47 91 58 94 102 90 149 92 227 93 222 95 182 97 188 96 150 98 179
772 2.2479079969999982 -0.81788722989596618 3.8255500166514347 20 31 50 0.54300235637783389 62 260 60 269 59 509 61 457
5860 2.9895803991305896 -0.21731961263333438 -0.99571289672452701 0 0 0 1.1217387597319002 84 206 88 207 86 45 89 541
773 2.1866982379920383 -0.8260283468437678 3.8569490551709786 16 27 47 0.46683343310880504 58 457 60 271 53 565
16034 5.0451385095851631 -0.33877176691908734 0.88974128543838904 57 57 57 0.20622687783261312 150 434 149 478 147 571 148 600
873 2.8583301704193196 -0.84553751666125654 3.3412971871770805 122 122 122 0.88697097234318678 58 790 59 450 62 505 63 338 64 243 60 503 57 430 61 407 65 119 54 613
5960 3.4190211096540564 -0.24013367775344366 -1.0865194191731993 109 115 132 0.80034742465516273 91 269 90 295 92 285 93 201
16037 5.2152686075193184 3.9335366195577026 -3.3427701372820202 231 231 231 1.0625367105613619 150 465 149 501 148 653
5863 3.2336044830756387 -0.24716189814118861 -1.0973020599383669 0 0 0 0.12868910207575537 88 319 94 139
16136 5.2711827230752455 -0.39261093940360153 0.21041972954819743 57 57 57 0.52147439144212804 149 94 147 4 148 114
875 2.7682928685492159 -0.79764840087539746 3.4074841858812412 22 31 50 0.60172577014109463 59 202 64 251 60 512 63 170 61 158 65 127
5962 3.2350777442342769 -0.26064457953105868 -1.0994492027806613 0 0 0 0.11431181194110568 94 136 90 305
776 1.6731651517780879 -1.0229749961094408 4.2763144233011792 12 90 38 0.58762549890933247 58 397 62 279 60 278 57 251 55 319 53 218 52 238
11049 -1.8720540995421395 4.3470284271329085 2.3322806104549905 231 231 231 2.0597562774490314 167 478 165 674 163 715 164 484
778 1.6345827039128751 -1.0308591524128319 4.3076910924627194 15 26 47 0.73414680468674842 58 396 62 566 60 280 57 255 55 315 53 540 52 235
5865 4.5040829728540928 -0.39827598415191318 -1.2908410071438918 231 231 231 0.63868189566588551 88 215 91 182 94 151 89 267 90 225 89 174 93 142 86 237 95 108
16138 -1.9864123981688346 6.0738935399768055 5.0715792389193393 231 231 231 0.029469571588513217 151 41 147 10
5868 3.7305516453706433 -0.38026807688421371 -1.2262994260557121 226 226 226 0.14803542138023393 84 60 94 172 92 240 93 161
16141 -9.2626440140308706 11.438791067854371 12.803080482013151 8 8 8 0.15800541500004628 147 30 154 90
880 2.6792832292012077 -0.71748225103959939 3.4494132504014998 10 38 44 0.49386696162346205 59 480 62 541 60 536
781 2.6501804967337588 -0.58313946651284831 3.5137529605517619 121 121 121 0.33787205353216909 62 265 60 284 63 213 59 272 57 281 54 388
11054 1.2874633456961806 -0.79826579842424616 2.9157073158883464 97 99 103 0.061656226831612086 166 7 165 6 163 4
16043 0.49543405039898042 6.0272086528449114 1.500533216215874 8 8 8 0.51523133592157111 151 96 147 29 150 52
5870 3.7417504518519951 -0.37584914027111549 -1.225088911342989 124 122 122 1.4446340547550631 91 207 94 174 87 253 82 104 90 249
16044 -10.507739850777412 12.51528361440535 14.385533824684872 8 8 8 0.25422891478461912 154 93 149 47
5872 3.2462171169106755 -0.33562217167583497 -1.2907874545094902 231 231 231 1.105024529075354 88 240 94 187
16046 1.8316646646012704 4.6793754256145652 -2.0697395786580559 92 92 96 0.04357145777654331 150 0 151 9
16151 5.075875186655324 4.7093894692315628 -3.3684954101332969 8 8 8 0.16629719056287673 149 251 147 304
890 1.6797971596701404 -0.9920518443965739 4.2700540247929926 16 32 47 0.64106911578836723 58 408 62 739 60 552 57 475 55 648 53 548 52 484
5977 3.8000752889955387 -0.39828409795616737 -1.2086050660817311 226 226 226 0.71270810209205382 89 187 91 198 90 338 94 163 92 366 94 282 93 259
891 1.6592325239346257 -0.99050903047105177 4.2880615019595867 30 37 54 0.63503548334228621 58 411 62 572 60 553 57 269 53 222 52 483
792 2.1379215810170891 -0.73050275002485154 3.8984794904494011 29 36 53 0.76050537569772503 58 494 59 306 62 296 60 306 57 290 55 386 53 277 61 469 54 355
693 2.3030218252622556 -1.4212450520982656 3.7438929583550324 119 119 119 0.53649428666468135 59 120 60 76 57 86
10966 1.7823076656190531 -0.33017383408845508 3.4528481421008883 120 120 120 0.15485397923883848 166 57 165 59 163 61
5780 3.2593156380207398 -0.34281562238979602 -1.2260146322554037 231 231 231 0.55793847606785263 89 59 91 324 94 356
16053 6.5447607754221622 2.4639530398448031 -2.0735397880759669 119 126 144 0.32706111800875959 149 189 151 240
16152 5.0718323788879038 4.7391300959219294 -3.3532588531748115 8 8 8 0.20237563624902155 149 252 147 305
5879 3.2790166228176738 -0.39328458956046281 -1.1089793565163346 112 118 135 0.24038776465417852 88 88 94 224
16057 4.0524017887270167 1.1624181028353071 4.3807348952313401 158 158 158 0.44347792407801401 156 197 151 283
5883 3.2316730336883608 -0.25244921221126304 -1.0969603773510779 130 130 130 0.01472570950992586 91 277 94 243
16156 -0.41703272646689216 -5.0873791273243176 16.594480038648083 57 57 57 0.73129561354129646 154 161 147 339
5982 3.2287357268179933 -0.2491394745278839 -1.1037892282356219 130 130 130 0.15665481574496876 88 315 90 369
796 2.1510484846759721 -0.67166057465913909 3.8872853806495269 97 100 104 0.67438152341936231 59 314 62 309 60 313 57 302 55 406 53 294 61 474
11069 1.4971969221168009 -0.5492435489776577 3.2394604759191066 84 86 91 0.16723906748171985 166 246 165 383 163 454 164 250 161 103
804 1.6689982262378262 -0.7907657922909288 4.2822788309728841 119 119 120 0.41096076130751219 58 486 62 325 60 333 53 260 52 254
16065 5.679881402211814 3.777546780670384 -2.9679495919890115 98 103 118 0.28238133560155654 150 404 151 371
805 1.636503091976077 -0.79073253720769709 4.3100653661936459 123 123 123 0.36923877114220588 58 488 62 330 60 335 57 318 55 373 53 258 52 253
812 2.1768074064487251 -0.3509248704238554 3.8669854981880363 24 37 50 0.60049898329123397 59 327 62 343 63 240 60 348 57 331 55 438 53 597 61 292
16075 5.275226534667496 -0.3666243058980303 0.21154457970027374 0 0 0 0.41645617857616835 149 216 146 22 147 187 148 320
5901 3.6416102190175943 -0.29875144949701138 -1.3274157359796115 68 67 67 0.45417497803889934 88 362 89 415 91 317 94 341 87 264 90 347
16174 6.0794032356403918 4.2976270149709812 -1.8854979900550399 61 64 74 0.47670158908704269 150 314 147 435 148 466
913 1.553253521943883 -0.7677035541087156 4.3792186425818347 94 97 102 1.2293050189674981 58 834 62 760 60 582 57 503 54 657
6000 3.3033714314168576 -0.23944116286216188 -1.0312482121914548 59 62 72 1.0585044117284581 94 524 90 592
814 2.1441001669286623 -0.32866175558555255 3.8925205048503853 119 120 120 0.81458237008369827 62 348 63 248 60 351 57 336 55 441 53 343 54 407
11087 1.2377794454845417 -0.81213089563201435 2.9745290441004877 100 102 106 0.067200108165892003 165 126 166 91 163 1
816 2.0665507539959682 -0.32211258933619791 3.9613745121026231 122 122 123 1.06083989407132 59 335 60 356 53 339 61 308
16077 2.4776717780509148 4.5231263418837484 -0.94143010583511022 8 8 8 0.75557431030035271 152 153 146 42
5530 3.2599899463848234 -0.30441201277643298 -1.082733273383313 0 0 0 0.38923852619672006 84 283 89 456 88 444 83 234
15704 -1.2741320104248461 1.6605832380108314 7.9526454506370632 0 0 0 0.2849007267604779 160 248 158 227 163 723 155 294
5904 4.7688478545222495 -0.19012582424171842 -1.3171827742999156 231 231 231 0.54286390735062606 87 467 88 434 89 529 91 383 94 353 95 235 97 212
16177 7.0214528169387371 3.849022456276272 -4.319280990200725 86 91 104 0.035280628262558955 146 357 147 444
916 2.1826361609888147 -0.3900104870179899 3.8631615036918254 122 123 122 0.6927505295784766 58 864 59 525 62 602 63 484 60 588 57 510 55 707 53 747 61 591 54 674
6003 3.2604285929433279 -0.34044294669921854 -1.2981601913089829 82 86 99 0.81019674534369879 88 612 87 622 89 654 86 661 83 585 84 565
824 2.1318369467847629 -0.18756318129213756 3.905909314530335 121 121 121 1.1408976515673115 58 572 62 373 60 374 63 266 55 464 53 372 61 331 54 424
725 2.2032391475541964 -1.3267061344054052 3.8269637304803683 113 113 115 0.66296203685951538 62 142 60 147 59 166 57 137 54 177
10998 -1.3640804077245154 4.6527637258970875 1.7570309591528157 59 62 72 0.37240572666762617 168 260 165 394 163 275
1200 1.6021334888333882 -0.38808181515940027 4.3426275650246735 76 82 90 1.0159392677332197 58 1456 60 1137 53 1043 55 1185 54 1253
16461 -3.4559740658578222 -0.10133141668286606 7.8719481168388237 62 66 76 0.69954865105316433 40 226 187 194 43 157
827 2.0352394454609901 -0.20260304872028159 3.986758373222957 121 121 121 1.5670600132559409 59 360 62 379 60 379 53 360 61 341 54 421
5918 3.2071559041286242 -0.19798884884433293 -1.1374456515054696 59 62 72 0.10583348354790954 91 483 94 448 90 507
937 1.6012129800227528 -0.46245280665829658 4.3422056201765349 31 38 54 0.75387781979679969 58 529 62 632 60 622 57 344 53 296 55 409 52 518 54 399
6024 3.8233254049834464 -0.37957670601320154 -1.2721622384027222 0 0 0 0.61606011553210693 90 228 91 186 92 221 83 1 93 145 95 118 97 103 96 87 99 183 98 131
367 -1.0092928986032366 -1.744687975995949 1.102710436412861 119 120 120 0.15798094742574031 63 122 64 91 59 133
10640 -0.53296994113306562 -1.0077111002541093 4.7899901881492104 87 89 88 1.1946590484475812 172 461 171 138 169 257 173 97
5454 3.2234896271603839 -0.25110551739151205 -1.1104556356263982 0 0 0 0.15958905997807987 84 527 86 598 87 573 83 550 82 542
15727 -3.3909031941640184 5.451610362983403 5.0520012413001592 0 0 0 1.1147982163096128 174 71 173 207 177 104 179 105 168 95
839 1.599343858937867 -0.29125416828596845 4.3463457545844033 124 124 124 1.4274642101473394 58 559 62 406 60 403 57 374 55 443
16100 -1.1787630893319097 4.1160962825377085 5.9049336320623871 107 107 107 0.1675383368866506 153 236 154 219 146 284 147 377 148 385
5926 3.2127930570290397 -0.3274674004826208 -1.2421519451016181 79 83 96 1.2351843152080173 91 469 94 477 90 524 92 546
16199 6.3258934295729263 1.9822746204533739 -2.8355982610509645 90 95 109 0.32428271443157564 146 470 147 578
938 1.7262945928926579 -0.39127689850816899 4.2389545090455139 23 34 48 0.82693819694994419 58 870 62 795 60 623 57 544 53 738 55 863 52 665 54 692
1214 3.3392768871323133 0.63894717832318582 2.8462467150013993 0 0 0 1.8818145170025253 57 1040 61 848 64 586
841 1.6170169981167963 -0.27446635159573274 4.3307603115743722 121 121 121 1.4256323226520713 58 561 62 407 60 405 53 331 55 454
5928 3.716589193639205 -0.23159556465657308 -1.6322384110420629 59 62 72 1.0751316381634277 88 556 91 492 94 495 90 535 92 529 93 386 95 350
16201 6.0385371797064202 4.2470382174685666 -1.9144473660433499 60 64 74 0.33237429795308937 149 469 150 427 147 584 148 618
940 1.7140438403497629 -0.38922621020262888 4.2502924386567926 124 124 124 0.85024259580224171 58 871 62 634 60 627 57 347 53 592 55 426 52 526 54 693
844 4.5517017625732485 1.6059976015413073 2.348635414879376 87 81 78 0.29811127302157875 63 394 60 418 61 502
16105 -3.0531297478704493 1.3232998221809291 7.0573538049806732 61 64 74 1.328707085905213 123 322 125 222 127 159 140 101 141 247 142 256 130 142 139 134 138 100 126 144 137 83 126 97 136 91
845 4.5517017625732485 1.6059976015413073 2.348635414879376 87 81 78 0.29811127302157875 63 395 60 419 61 503
16106 -5.0902014495727448 3.0647874073621959 9.2673294399450423 59 62 72 1.9767586742002385 122 183 123 205 142 237 144 215 131 184 138 179 124 170 140 177 139 225 126 146 118 243 125 364 141 239 125 223 124 287 143 261 145 280 145 283 135 150 141 237
5560 3.508505055880184 -0.23545603380233401 -1.1489021341886376 111 116 134 1.2112505726487215 84 640 86 708 87 691 85 617 89 711 82 709 83 683
5461 3.164957335388594 -0.2979012593104452 -1.3541890070791902 231 231 231 2.293117518893355 87 595 89 656 84 516 86 632 88 590 1 485 2 485 91 568 83 527 82 516 85 479
15734 4.0898191045364758 0.28569019710921489 3.0433346889425157 142 142 142 0.74511066059927566 157 115 156 92 153 93 150 176
851 1.7598385809324548 -1.6940200204332112 4.1987614978325212 9 21 44 0.50115339451672791 58 604 60 445 57 395 53 436 55 503
16112 -12.434515848141842 11.413077547637275 12.480136353827344 0 0 0 1.7355873266137665 151 161 169 365
854 1.6741244201318684 -1.6496404825775148 4.2689173831715213 12 24 45 0.88738690825278743 58 65 60 462 57 409
5941 3.4191018785934619 -0.24746716334118962 -1.0897851806969865 90 95 110 0.49310461750035783 91 552 94 514 86 640 87 603 84 572 87 636 89 668 88 600 83 645 85 593 82 654 94 538 90 588 92 551 93 418
16214 -0.38134338605345564 4.738507137102884 3.2903010384152989 107 107 107 1.7419232225730585 149 510 150 475 147 653
953 1.5856323357207394 -0.24367333329906879 4.359610424372236 99 102 106 1.538951638237342 58 887 62 808 60 649 57 570 55 721 53 599 50 461 52 532 54 709
6040 3.4482464085042115 -0.36983206013012904 -1.2724110032549607 59 62 72 0.13696099618679822 88 217 92 321
15370 4.1524918222724736 0.99080761678109763 4.4225740949786783 157 157 157 0.47975594291583967 165 541 161 176 158 124 153 254 151 284
109 2.838365117428479 -1.2068710830978342 3.3512858273280401 30 37 53 0.6915999795808907 58 317 63 134 64 103 61 83
1228 1.63444227936026 -0.46248255349607864 4.3140534934523505 122 122 122 0.59430610930662608 58 1057 60 796 62 794 60 621 57 541 57 715 53 584 53 730 55 693 52 655 54 679 54 887
3585 4.3766017424360095 -1.4402804969290324 1.3684581036155572 0 0 0 0.47987180948458014 67 127 69 203 72 303 71 277 70 282 66 276
13759 -3.7926404110195624 4.0471615452421084 5.242717680757802 0 0 0 0.73492831493027566 116 358 117 404 118 458 119 576 120 507 121 497 122 653 123 709 124 672 139 616 207 908 114 306 115 284 113 284 112 271 111 276 110 205 109 201
855 1.6739016479564801 -1.6476757945716978 4.2691685646526967 12 24 45 0.65686040897031261 58 66 60 463 57 410 53 452 55 85 52 401
1538 1.6364919989941642 -1.4326099688565259 4.302089668714018 120 120 121 0.87223269206946663 57 159 60 183 55 198 53 144 52 205
3895 -2.2853643558507515 0.79906037392067164 6.4920302152456468 228 228 228 1.095773535415721 46 224 49 562 48 371 51 674 42 280 43 144 185 223 185 288 45 177 184 223 183 219 51 602 182 246 178 225 180 203 179 268 177 250 176 377 175 322 169 290 168 225 39 172
14069 -2.3522189704529231 4.531134043646019 2.2598820922009919 59 62 72 1.6743507413242187 114 328 115 315 112 276
1539 1.6822473930776556 -1.4229100854200343 4.2646419156588813 124 124 124 0.6796271851139758 58 232 60 494 57 424 55 200 52 460 53 497
3896 -2.2858273111433127 0.79911570322205783 6.4938022735172192 228 228 228 1.1491132097799872 46 225 49 563 48 372 51 675 42 281 43 143 185 222 185 287 184 222 183 218 51 603 182 245 178 224 180 202 179 267 177 249 176 376 175 321 169 289 171 225 168 224 45 178 39 171 47 315
1540 0.56606514978457401 -1.5912992191286786 4.8870525417217472 77 80 82 1.0910287576993993 58 181 53 112 55 144 50 156 51 195 49 125 52 132
6627 3.204442608789245 -0.17652041900856827 -1.1420976286827584 0 0 0 0.39139604074512979 91 126 94 94
1542 2.2613771851700584 -1.3151287257023645 3.7978502145687809 124 124 124 0.49272877828498396 57 130 58 271 54 180 60 144
14073 3.0403999550940584 -0.10321426377168401 -1.2621819940459398 179 179 179 1.8429242050431403 89 37 86 206 88 331 87 352 83 158 85 190 82 167 82 27 87 37
3899 -2.5845969982597365 -0.5192127732490347 6.6207241191865229 5 5 5 1.3022873591846482 46 319 45 315 48 403 49 660 183 355
14172 -2.2577891640967316 0.8267723374142163 6.494642843492243 0 0 0 0.58001677288713394 124 323 125 381 128 277 129 224 140 206 123 349 139 256 122 343 141 268 132 104 145 429
1642 0.2579043674828379 -1.5766996560272042 5.2081567200278807 50 63 61 1.0092137054700401 58 727 55 565 53 461 52 377 50 310 51 327 49 240 54 587
1543 2.4000427973999647 -1.290798655635538 3.6895889482143862 117 118 118 0.47733789048733805 57 114 60 128 62 116 58 283 55 275 54 184
16903 4.0534690619130096 1.588886015341652 -2.5178490355178074 0 0 0 0.35616464378006474 3 416 4 626 6 443 8 650 10 405 12 335 81 611 208 1253
6630 -2.3896950810393243 0.79631018098070028 5.1757278541567651 0 0 0 1.8367885228855843 44 231 45 214
1545 2.4223555135271884 -1.2858404590687653 3.6731515956493377 113 114 115 0.38171120447338686 57 109 58 286 54 188
3902 -2.2447440049504856 1.0771356284953264 6.4770052767618393 0 0 0 1.1769856830871515 46 354 49 674 178 311 124 636 138 443 137 397 129 466 127 535 126 541 122 574 123 628 141 494 131 417 130 373 51 751 40 265 207 822 134 279 133 196 43 239 143 546 135 341 136 420
14076 -2.0874361641107151 4.4576978417868434 3.3151815432212737 0 0 0 0.22040673185164483 116 187 115 104
1546 0.57250376244238976 -1.5827734067618582 4.8841789682753189 6 7 7 1.2340004436668413 58 191 53 117 55 152 50 159 51 198 52 135
6633 -2.3614330655320077 0.22411524354619541 6.5077071323798847 111 117 134 2.581430084891855 182 153 41 159
1547 0.57258496480355248 -1.5827966727608138 4.883359211633314 6 7 7 1.0780201309856494 58 192 53 118 55 153 50 160 51 199 49 260 52 136
1548 0.06022791218161256 -1.6377776732967464 5.3909254447206605 9 76 23 0.97460150156456082 58 190 55 136 53 83 52 102 50 118 51 147 49 79 47 57
3906 -1.7651522284642316 -1.1879574220356059 7.1994521582642079 120 122 121 0.20605221302594923 44 52 45 21 48 88 46 47 42 35
1550 1.7707104479994673 -1.3541174166921373 4.1894170172894025 123 123 123 0.43017342109264423 58 284 62 175 55 228 53 185 52 229
6637 -3.5229751176631345 0.0026944256697123054 7.2734212905953095 0 0 0 1.6073403408448144 42 261 45 271 46 298 43 156 186 207
415 2.6517643286665771 -0.84482205263407262 3.4946847093550062 110 116 122 0.86850528866104459 58 801 63 350 59 464 62 520 60 211 57 195 57 445 61 418 54 623
1653 0.089451996520842028 -1.2963295567953019 5.4019137857887287 94 97 99 1.1541023560290209 58 757 55 611 53 512 50 352 51 374 52 448 49 277 47 185 54 617
1556 2.8798660650186321 -1.1425840791483843 3.3226075489378939 123 123 123 0.75800090519964414 57 116 58 341 54 233
3913 -2.8530511934987803 0.0064396192744455615 6.3225047686803588 0 0 0 1.5052050862759605 44 150 45 200 46 84 43 65 41 66 185 145 186 102
1560 0.043691589822189597 -1.5974543257668516 5.417041374877507 43 54 52 0.53553178408864788 58 211 55 163 53 102 52 117 50 132 51 164 49 91
1561 0.043691589822189597 -1.5974543257668516 5.417041374877507 43 54 52 0.53553178408864788 58 212 55 164 53 103 52 118 50 133 51 165 49 92
1563 0.14211903182005842 -1.3218472649153319 5.3549194009454375 6 7 7 1.3153586524203165 58 346 55 286 53 159 51 227 49 145 49 146 54 257
1564 0.123612077292881 -1.3142200747952262 5.3688017523157852 87 90 92 1.0390886935293555 58 349 55 290 50 351 51 373 52 187 49 276 47 187 54 265
15707 4.0362747045536853 0.98549189891933897 4.321031433497633 158 158 158 0.36296637382467017 157 240 158 245 156 292 155 318 153 369 154 339 152 367 151 434
446 2.0224093188970325 -0.17143598472222252 3.9968206037764404 92 95 101 1.5784415780890175 58 896 59 558 62 639 57 368 60 388 55 732 53 369 61 343 54 434
1565 2.2601756675901457 -0.95732404565886287 3.8909000854414497 0 0 0 0.39933439230387957 58 405 62 223
10997 1.4839785509792369 -0.53854106707132976 3.2714042614199008 123 123 123 0.19913738580472817 166 248 167 298 165 385
823 2.0937402194925201 -0.20956755815560713 3.9371651899969677 121 121 122 1.1927520864250218 59 350 62 372 63 399 60 373 57 360 58 568 55 457 53 361 61 501 54 420
1569 2.1867823521334633 -0.82848757411318985 3.8580502307031597 17 27 47 0.86186719024938918 57 265 53 566 58 458 61 458 54 326
1570 2.6966522769583992 -0.74013985058593201 3.4804884154390918 12 28 45 0.1624277708620368 62 212 63 189 61 177 54 333
1571 2.6858580800461174 -0.71364376454868172 3.4689835656487538 119 119 119 0.64567805008054968 57 243 58 487 62 225 61 185 54 338
1577 1.6252474729340329 -0.79689197818226087 4.3137061334301139 115 115 116 1.0429553026088998 57 317 55 371 54 375
6665 -3.6045423471966789 2.5514349500689755 4.1463869230411845 0 0 0 0.50281334745391504 183 127 181 35 182 142 182 74 178 28 184 151
1578 2.1574402042428251 -0.71044356557265498 3.8840952312986885 53 56 67 0.72130152526770552 62 303 59 516 55 398 53 577 54 376
1579 1.7279134683511266 -0.46875627623891314 4.2397831835808519 25 42 50 1.4949496715484643 58 527 62 358 58 525 53 298 55 411 52 522 54 396
6666 -3.6045423471966789 2.5514349500689755 4.1463869230411845 0 0 0 0.50281334745391504 183 128 181 36 182 143 182 75 178 29 184 152
1580 1.6978240205250101 -0.44449538704921254 4.2633840459424075 0 0 0 0.8881883613615873 58 530 62 626 52 523
1581 2.1633377729855039 -0.35848337100336047 3.8793440745620349 122 123 123 0.83236256635422545 57 517 60 347 62 342 55 710 53 332 61 293 54 403
1582 2.0677232792642859 -0.34024509625072064 3.9596936349707068 121 121 121 0.96055517839459237 59 334 62 353 53 333 61 305 54 406
3939 -2.1873332992641425 1.2400108242881209 6.6129041592928859 99 104 120 1.17008331459005 45 35 44 22 47 325 40 78 40 154 139 49 142 39 144 148 124 65 144 283
14113 -1.5719634380868721 4.7415191051925891 2.7072542243415301 231 231 231 1.5361655547224351 116 234 113 169 112 157 110 107
14121 -2.0349327243150328 4.4975748001869267 3.4702492822757356 166 166 166 0.44183039969253868 121 398 113 192
6304 -2.4405008752557618 0.8750620023731488 6.4028722467822714 228 228 228 0.23603884898490607 42 181 184 168
1217 2.4188983975530731 -1.2115563955320126 3.6786129689380287 124 124 124 0.45639612062373175 58 1501 59 967 62 1145 60 1170 57 1044 61 876 54 1295
3947 -1.9104523395036495 0.50908924984768322 6.9077996916693198 93 98 113 1.0801465865201834 49 449 51 534 183 178 47 313 45 183 134 106
14220 -2.7943644358583364 3.9999458380304267 4.9087683190939186 82 86 99 1.5215451115256173 116 257 117 359 118 402 119 479 120 446 121 431 122 533 123 595 124 541 113 261 121 299 139 369 113 170 122 207 139 89 120 355 117 311 121 396 112 130 140 393
1592 2.8033324271907354 -1.4176620020433177 3.3781308460578572 124 124 124 1.2108370685675065 62 436 59 387 63 326 61 388 54 486
6680 -2.5281610130521472 -0.85416524434561103 6.558200457589372 10 10 10 0.67858792877118634 45 116 46 121 178 107 180 85 179 117 181 103
6687 -2.5627281806784787 0.069075382174289379 6.5084872801205185 88 93 107 1.2562132835371249 45 149 48 215 51 528 181 131 178 146 180 116
1600 0.31388021493303159 -1.7932483354509987 5.1177524128791365 38 48 47 0.50435793020133979 58 620 53 21 55 481 52 332 50 244 49 47
6688 -2.9355758992595473 0.92809494756006172 6.1553998098260534 113 119 136 2.0015635870164834 182 78 180 117 181 132 177 160 129 176 119 370 122 400 138 145 127 382 145 414
1602 0.28047687682731265 -1.7878234933838582 5.1616549038678814 5 7 6 1.0959082293228692 58 627 53 393 52 335 50 248 51 268 54 507
14133 -2.1959079297525341 4.5573470736774464 3.858977649431683 231 231 231 1.7043988920447166 113 227 112 233 111 237 110 132
3959 -2.4925434465872258 0.38331894691865809 6.4343707167463604 228 228 228 1.4517020486676531 45 298 47 490 42 301 43 219 46 285 49 612 140 426 175 357 178 274 180 251 185 336 181 262 179 292 172 483 128 463 142 459 125 561 186 262 144 455 51 715
14232 -3.4848887932935346 3.697851376385032 5.5371196904987467 75 78 90 0.72674637282336285 116 175 114 128 118 244 115 155 113 188 114 214 141 329 112 120 142 344
1603 0.2704653633146924 -1.7801941887080399 5.1719786813676105 4 8 6 0.84482897445224325 58 633 53 395 55 485 52 336 51 269 50 249 54 509
1604 0.69169662624697836 -1.7028291326007858 4.7422270602367007 68 65 61 1.3305624290788896 58 641 55 506 53 413 50 293 51 321 52 358
14036 -2.0015377262874554 4.4915932211921668 3.7262624662701813 59 62 72 1.1180891808155542 117 55 118 269 121 364 115 169 116 233 113 172 112 182 111 146 110 15 110 76 109 87 108 28 108 96 107 97 105 64
1605 0.27191855425192801 -1.765958712642536 5.1729390753390749 39 50 49 0.82586994713334028 58 78 53 34 55 31 52 47 50 67 51 94 54 516
3962 -1.3805520343042801 -0.48110040980076912 7.1823477511570051 0 0 0 0.97001845432271894 46 164 51 530
1606 0.2513736825453457 -1.7653974063816169 5.1867498373066079 5 7 7 0.83856339280603909 58 638 53 399 55 490 52 340 50 256 51 273 49 194 54 517
1607 0.22809831411264095 -1.763494191669142 5.2099945001082988 20 79 32 0.66979870197415969 58 82 53 32 55 32 52 45 50 65 51 86 49 48 54 518
14139 -1.7944532056089872 1.8586308838424759 2.5946521640368498 165 165 165 2.5215950985602147 122 497 113 266
15750 -0.64230300454904388 3.9175268749887686 2.4498937996649586 75 79 91 1.0623319118991714 157 172 158 170 156 244 155 245 153 319 154 289 152 301
1608 0.26161981286337938 -1.758155570346944 5.1836322113919993 40 51 49 0.71975724868018609 58 83 53 35 55 37 52 51 50 70 51 97 54 519
5478 3.2539060501348942 -0.31921095385117709 -0.70777578664124596 0 0 0 0.86136609434965872 86 687 84 589 85 525
15751 -0.37351290754876337 4.8507241189972783 2.6953319686300961 0 0 0 2.0251212016790481 158 218 163 728
1611 0.2305678631968624 -1.749603357355999 5.2092589436077228 5 9 7 0.65628899015998532 58 643 53 401 55 494 52 342 50 260 51 275 49 195 54 524
16872 5.8699101614988614 0.26243682244717809 -0.22872747287139991 130 130 130 0.97825060139682196 9 439 205 476 208 889 7 248
3968 -2.0243800562728294 -1.2166426462084163 7.4269909324453955 25 78 39 0.74277153189252032 44 7 47 6 48 4 52 148 42 11
5854 3.2138049127772046 -0.56693327298698948 -0.87956564638875767 59 62 72 0.26869651805459827 91 145 94 87
16127 6.6081487220204194 2.4929165479489526 -1.9912803875405913 96 101 116 0.59732972227066616 149 467 146 511 147 583 148 616
866 2.3881506315239505 -1.2293774260474553 3.696985634267302 78 82 91 0.69285389400010933 58 744 62 145 60 483 57 420 61 406 54 586
5953 3.7867716937669922 -0.40636315057329392 -1.1828764931842353 0 0 0 0.27654276665319111 91 204 94 170 90 242 87 250 88 227
767 2.1513159504379384 -0.8937724784938873 3.8873499488817842 13 24 46 0.53417724235431652 58 425 60 253 57 241 53 240 54 306
11040 1.1305372382180461 -0.69586426344448149 3.1886307103743565 124 124 124 0.80526741609658392 166 510 167 452 165 644
6699 -2.8200390528922625 -0.0034613303756416882 6.225378788123443 59 62 72 0.94864101954639035 180 95 178 125 124 445 127 454 126 396 125 490 179 132 181 216 182 232 139 386
1612 0.22089637439794019 -1.741945372393759 5.2197126471127193 5 8 8 0.62942639178333204 58 644 53 403 55 501 52 344 50 263 51 277 49 196 54 527
16873 6.5798794821725206 0.16905344029373198 0.34558188296175424 0 0 0 0.67070331695833352 71 303 72 313 73 466 74 586 75 690 77 667 78 667 79 648 76 639
14144 -2.0395497248422765 4.4959635876666315 3.7252623071504822 59 62 72 1.6593997824023989 113 275 112 260 111 263 109 189 110 206 105 209 108 165 106 215 107 179 117 411
1613 0.21051902654317209 -1.7341523084518893 5.2325530767368589 5 7 6 0.58447374745571401 58 650 55 504 53 405 52 345 50 265 51 279 54 528
5483 3.2389796997742328 -0.29551352336592812 -1.1402554166751724 130 130 130 0.66618783547632565 84 664 85 669 86 721 87 688 2 683 1 683 83 718 82 780
15756 2.8771616885376394 -0.37313457567398517 2.8624946390646797 5 5 5 1.8421631104457799 161 224 159 126 157 127 162 169 156 138 161 125 164 341 160 153 164 279 157 13 162 83 162 126 158 65 158 95 156 14 155 231 161 258 153 261 154 258 150 318 152 9 149 199 162 185 148 1 148 369
1614 0.2220077876148269 -1.72775620730232 5.2229367848206847 41 52 51 0.4372833730753567 58 116 55 53 53 46 52 60 50 83 51 107 54 530
14145 -5.1094253960013543 3.8808382654984648 4.8162765714055169 231 231 231 1.2090546153536685 116 272 117 367 118 440 119 487 121 437 122 583 113 276 120 517
1615 0.2220077876148269 -1.72775620730232 5.2229367848206847 41 52 51 0.4372833730753567 58 117 55 54 53 47 52 61 50 84 51 108 54 531
14147 -1.8872673515853882 4.4941749727891249 3.2670225322993924 0 0 0 1.155536861649523 116 305 117 394 120 482 114 251 115 236 113 224 116 264 118 361 120 408 207 447 114 230 117 279 115 192 112 232 111 179 111 205 110 159 109 160 105 143 105 169 108 121 106 160 107 141
1617 0.58780195639776744 -1.6581094241425351 4.8564623835188652 3 3 4 1.1784507208466999 58 672 53 424 55 525 50 412 51 429 52 364
1618 0.57687833522086485 -1.6557701309516248 4.868658880077235 90 93 95 1.0426553965744296 58 673 53 426 55 526 50 296 51 326 52 365
1619 0.21187363781784294 -1.7201115876311048 5.2333555209951097 41 52 51 0.54232131784164772 58 121 55 57 53 50 52 64 50 87 51 113 54 538
14150 -2.0301880911252237 4.473232031104784 3.4419804864102659 166 166 166 1.6388636521757682 114 313 113 288 116 339 117 409 118 436 120 512 114 289 115 272 113 258 120 539 112 229 111 234 111 259 110 170 115 291 109 171 109 183 105 187 106 180 107 155
5489 3.2783340891918016 -0.22581177496543689 -1.0102031617716305 114 120 137 0.53932640015214306 84 668 85 653 86 727 87 695 82 783 83 723
15762 -0.4854013806273268 4.3966144602001025 3.0891218237321643 113 118 136 0.35816644432354933 156 22 158 18 155 15 154 16 149 86
402 2.3722633466514429 -1.5176491243066026 3.7085086793430566 24 32 50 0.9938209951857685 58 112 59 410 62 51 57 21 55 170
10675 -1.9723519474287021 -1.1260298214579187 7.4294372105739601 231 231 231 0.69055504220184094 175 352 171 258 168 321
1620 0.59861995758255127 -1.6495274968339482 4.8470896989727503 89 92 94 1.1381846667365028 58 676 53 430 55 530 50 303 51 436 52 366
1621 0.2005771165492074 -1.7120423614921725 5.2453382270211177 44 56 54 0.56523402519859711 58 663 55 63 53 410 52 68 50 273 51 117 51 288 54 541
1622 0.2005771165492074 -1.7120423614921725 5.2453382270211177 44 56 54 0.56523402519859711 58 664 55 64 53 411 52 69 50 274 51 118 51 289 54 542
5492 2.933880225121495 -0.19066056736552139 -1.1344618285057673 231 231 231 1.2729392124298144 86 450 84 187 87 424 89 473 82 313 85 32 83 25 87 213 82 29
15765 0.23254558953509361 6.4487269999683079 3.0863478810603389 231 231 231 0.31334500147955557 163 181 155 33 167 145 154 53
504 2.2848595567813286 -1.2476699336967541 3.7776039035204088 117 118 119 0.43501662858917994 58 1116 59 778 62 831 60 846 57 764 55 935 54 950
1623 0.5685332203087109 -1.6410215652915152 4.8795165688341458 1 3 1 1.0189089463381491 58 685 53 643 55 537 50 416 51 502 52 563
1624 0.558897445282031 -1.6429799155021236 4.886650154776401 15 16 16 0.95948807785865342 58 686 53 433 55 536 50 302 51 328 49 332 52 368
15767 -1.0096821234306785 3.9989960387024084 2.2852136243837076 59 62 72 0.97531445769292513 156 43 158 61 155 40 153 47 154 73
506 2.3147338035280236 -0.69023330668814842 3.7536397595178843 115 115 116 0.96313875741218724 58 1301 63 629 59 790 62 963 60 995 57 891 55 1065 61 742 54 1119
1625 0.17076230803948089 -1.7034207516865105 5.2721923108534492 5 9 7 0.88025276735405911 58 671 55 515 52 350 50 275 51 287 49 203 54 547
5869 3.7299620202883377 -0.38044502500447686 -1.2259552912250391 226 226 226 0.14108702360795813 84 61 94 173 92 241
16142 6.731185216302233 0.85836742527030119 -2.5551581808187973 104 110 126 0.2612889922265601 146 125 147 73
5968 3.2986864471705717 -0.25003373667611534 -1.0242012595801591 59 62 72 0.23202059308047784 94 266 90 322
782 2.6377677251178526 -0.58567935528276882 3.5056988255412409 121 121 121 0.73394003352852388 59 273 62 266 60 285 64 188 63 214 57 282 61 227 54 387 58 521
11055 1.41518539569473 -0.66336248120832297 3.111398371696783 108 115 121 0.093252053886175482 166 16 165 25 163 14
6714 -2.3169383300047803 0.7466298584710388 6.4667171957170204 0 0 0 0.2729894893466614 184 351 181 291 180 275 179 297 177 305 176 420 173 480 172 498 169 401 171 274 165 547 163 607
1627 0.15185098628849816 -1.6882527580017497 5.2890678101907245 5 9 7 1.218126498576551 58 683 55 519 52 355 50 278 51 291 49 208 47 142 54 555
3984 -2.3575056637577507 0.75705293581562116 6.4479514655236807 0 0 0 0.2597996887219417 44 126 48 173
14158 -3.971723317637927 0.81282574765148208 7.1557899938170006 0 0 0 0.63715775970181387 178 26 182 22 180 6 173 2 174 3 175 114 40 86 41 36
1629 0.5626301542630141 -1.6069348618022048 4.8889569686711862 2 2 2 1.0534914961590793 58 702 53 448 55 554 50 314 51 438 49 338 52 376
1630 0.58299145088612792 -1.5841358203408664 4.8724469538019788 75 78 80 1.0943075989757693 58 715 53 456 55 560 50 317 51 443 49 343 52 383
16891 0.37131781074093245 -2.1581558158143039 -0.74339836065445253 0 0 0 0.65146278828612125 3 507 4 531 205 589 8 535
1631 0.58290145579988739 -1.584112068553388 4.8733562047485988 75 78 80 1.2496039697282448 58 716 53 457 55 561 50 318 51 444 52 384
16991 0.56061001224934681 6.0415359391555477 1.4440463952068781 8 8 8 0.069764751369754741 151 99 148 32
6718 -3.6392593289461517 2.6051191437321033 4.1546208000149978 233 233 233 1.3574795658089815 181 307 178 292 180 269 182 341 179 281 176 390 175 306 183 377
15774 4.1331925482893128 0.34170804731949167 2.9544397600668173 142 142 142 1.3896814878679062 156 93 157 67 155 90 154 36
16893 3.5130611915717895 -0.48263451752337239 -0.93801517335222229 0 0 0 1.3452910401910487 84 470 88 568
1633 0.099905480196527591 -1.6541346934680983 5.3542286211575405 6 8 8 0.63260069677764508 58 705 55 540 50 286 51 302 49 217
1634 0.090234039854019801 -1.6467111261029383 5.3624913583880076 6 8 8 0.54361182309953737 58 710 55 544 53 429 50 112 51 143 49 218
15777 -2.3348461557656224 5.0718375532159561 3.8937131067312678 0 0 0 1.7159901086063269 169 195 174 163 175 183
516 2.0255659528281846 -0.22061245261672827 3.9938384393303608 65 68 76 1.3570722010709488 58 1316 59 802 62 983 60 1016 57 914 55 1075 53 958 61 756 54 1136
1635 0.071729276054822572 -1.647292169341841 5.3802557983721533 18 69 28 1.0282739380933041 58 709 55 130 53 79 50 111 51 137 49 78 47 55
16896 5.4123775488470942 0.3099833385396526 -0.97028944547608098 0 0 0 0.32806640400237363 1 499 2 499 12 263 74 600
1636 0.10096755336505536 -1.6385358896051423 5.3521353974455659 40 51 50 0.74788476697370676 58 712 55 132 53 84 52 103 50 120 51 154 49 86 47 60
1637 0.10014468678421608 -1.6393232707187448 5.3561879715356762 40 51 50 0.56040851611901166 58 713 55 133 53 85 52 104 50 121 51 155 49 87
1638 0.049631457221188259 -1.6446104588351749 5.4012177139338657 12 13 13 0.98265246813693952 58 711 55 545 53 81 52 99 50 288 51 301 49 214 47 219
1639 0.29979889090617112 -1.6025434542629573 5.1585086224182559 49 62 60 0.39148317266354482 58 719 55 559 53 446 52 371 50 301 51 324 49 235
1640 0.27428021322187457 -1.6062009080969071 5.1895449539768306 14 17 18 1.1544252048759893 58 720 55 147 53 101 52 126 50 144 51 323 49 232 54 581
1641 0.04663456917852403 -1.6316063926887474 5.4092641101740924 9 73 23 0.59930953393187247 58 196 55 139 53 86 51 152 49 82
14075 -2.0874361641107151 4.4576978417868434 3.3151815432212737 0 0 0 0.22040673185164483 116 186 115 103
1643 0.041233923709378402 -1.6103006004540428 5.4147257369295145 7 8 9 0.82436313897294822 58 723 55 148 53 96 52 110 50 125 51 160 49 222 47 153
4000 -2.2147888063258017 -0.98085434689879369 6.6857490027526927 59 62 72 1.3607547012536785 46 127 47 259 48 192 49 363 45 128 44 30 49 296 45 83 47 201 48 134 51 400 42 202 126 198 128 193 126 398 127 457 125 304
3901 -2.6308679592958848 -0.54949526265225412 6.5030827892516072 0 0 0 1.4084338870880075 46 343 49 624 45 334 48 425 183 352
14174 -1.9319266108222573 0.39301233742832742 7.0882290138503583 62 66 76 1.1434769866700325 139 360 182 247 132 114 46 177 51 672 49 507 123 512
505 2.2848595567813286 -1.2476699336967541 3.7776039035204088 117 118 119 0.43501662858917994 58 1117 59 779 62 832 60 847 57 765 55 936 54 951
1743 0.1150096354736448 -1.2308766212796136 5.3816962886140685 1 1 3 0.99375227416061862 58 1274 50 581 51 594 52 792 54 1110
15786 4.8204126292341982 0.67996182008448958 3.0851083238202417 172 172 172 0.18883734984329925 158 56 159 103 155 165 152 180
525 2.4111145171149948 -1.6161080539235557 3.677377730521461 12 89 38 1.3030084619296436 58 1201 59 818 62 1003 55 1091 206 106
1644 0.2674619911380588 -1.5700311458722522 5.20096753175096 20 23 24 1.1510891045968106 58 215 53 122 52 131 50 154 51 178 49 241 54 591
17004 6.0901014392206116 4.3069319779454469 -2.1139286824826486 59 62 72 0.080917054000390509 147 126 148 297
6731 2.7703470621482893 -0.59375145814727481 -0.73548446306641513 0 0 0 0.075128868540987062 86 61 87 332
4001 -1.6395723421534794 -1.1913848152247184 7.0855172684202179 0 0 0 0.64960515871949853 46 48 47 36 48 12 44 53 52 171 49 41 45 23 179 16 53 176
1645 0.033395035761621054 -1.6027180789527253 5.4178561075177836 8 9 9 0.68187409750325356 58 724 55 157 53 98 52 113 50 127 47 154
14176 -0.84349294206593828 1.1773824674446498 1.6471390527193486 236 236 236 0.00073730551068807554 131 230 132 142
5515 3.1816202306987096 -0.28260949999881385 -1.3658535061996886 59 62 72 1.2297179160533194 87 255 89 290 86 244 88 256 83 195 91 230 85 384
15788 -1.0182945570537667 5.0745215990330683 1.4322605207211854 8 8 8 0.10201329529654123 165 563 155 174
527 2.3146909344452014 -1.4559350350578077 3.7534503635909897 112 118 124 1.1062728483856323 58 1349 59 832 62 1014 60 1035 57 936 55 1107 54 1156
1646 0.21888414498287723 -1.5468397222192549 5.2480768554048334 50 64 61 0.63685984145375008 58 732 55 569 53 474 52 386 50 315 51 330 49 244 47 164 54 596
17006 -1.8218454112051818 5.4406442679702804 2.1970269210079132 0 0 0 0.64225575126099832 151 155 152 66 153 128
6733 -4.156087998591528 0.55083078891563741 6.7261549450696521 60 64 74 1.0513596032491861 178 18 179 21 177 0 181 49 183 91 182 51
1647 1.642591063823712 -1.0864227740497634 4.3003371521284475 18 50 46 0.72557220186355698 60 756 62 734 55 308
1648 0.11210442785175354 -1.3201370774307568 5.3766639179284175 5 8 7 1.1404702469539174 58 751 53 499 55 603 50 348 51 369 52 443 49 350 47 244 54 604
1649 0.085047531865947129 -1.3136935058956842 5.4040503446892858 4 5 5 1.081844164760533 58 752 55 606 53 503 50 346 51 367 52 444 49 349 47 243 54 605
1650 0.086339639455683528 -1.3134735707724792 5.3969818449985558 4 5 5 1.0377021017805941 58 753 55 607 53 504 50 347 51 368 52 445 54 606
1651 0.094978172961969545 -1.3105550476762848 5.3952025638609191 1 1 1 1.0989476222001608 53 162 50 349 51 370 52 185 49 273 47 245 58 754 54 609
1652 0.094978172961969545 -1.3105550476762848 5.3952025638609191 1 1 1 1.0989476222001608 53 163 50 350 51 371 52 186 49 274 47 246 58 755 54 610
5522 3.2345478907683036 -0.26201099770629022 -1.1045952501603689 0 0 0 0.53133303361546957 84 383 89 353 88 382 91 336 92 441
15795 3.9789904630953212 -0.38763397905399977 2.0471826485757245 29 30 30 0.12828410918261221 156 184 155 221 153 268 154 245 152 244
534 2.7886558096267042 -0.8107299041127094 3.3925148112769468 124 124 124 0.99498142384014465 58 1393 63 675 64 514 59 849 62 1036 60 983 57 881 61 794 65 321 54 1185
1654 0.089451996520842028 -1.2963295567953019 5.4019137857887287 94 97 99 1.1541023560290209 58 758 55 612 53 513 50 353 51 375 52 449 49 278 47 186 54 618
16915 -2.2058969283098566 0.7800460884286945 6.5342006488569737 0 0 0 0.17512794684003866 45 70 48 244 180 10
5524 3.2299145788928838 -0.25661731391326936 -1.107680075887344 130 130 130 0.10312083887296286 86 307 89 357 91 274
15797 3.931506820415724 -0.37832785989935291 2.1218928836690845 9 11 14 0.12242146332261022 156 207 155 233 153 288 154 264 150 326 152 275 149 286 151 306 148 377
536 2.2274213954472026 -0.68130836725229271 3.8312009825213007 124 124 124 0.82760988027729654 58 1304 59 859 60 1000 57 899 61 799 54 1128 206 419
1655 0.091434476962056227 -1.2802283080605321 5.402177019472961 0 0 0 1.2207606547987195 58 763 55 617 53 177 50 355 51 378 52 192 49 283 47 248 54 621
1656 0.094683721082197678 -1.2625614064450859 5.4012758358199999 85 88 89 1.2423320139879817 58 765 55 622 53 521 50 357 51 380 52 452 49 286 47 249 54 622
5526 3.2085944582358663 -0.18733239971261242 -1.1345242186326805 0 0 0 1.254565712922501 86 335 87 351 89 371 88 328 91 294 94 263
15799 -0.50508770253006319 4.4859613651043357 3.1656245208943345 82 86 99 0.25466358933030186 157 198 158 196 155 255 154 280 150 357 151 335 146 412 147 483 148 521
538 2.158460007146104 -0.34467529817337483 3.8855618895716959 124 124 124 0.80616294707670577 58 1398 59 862 62 1061 60 1080 57 977 55 1134 53 993 61 803 54 1197
1657 2.1944656040768376 -0.88316623382337134 3.8549746361249473 16 26 47 0.65434934185583538 57 466 58 798 54 626
14190 -2.2349165738881331 0.91886993061222444 6.4979047738744145 228 228 228 0.78762703867978789 128 431 129 375 139 479 141 452 144 466 132 239 123 508 143 482
4016 -2.3466936669706335 1.4489934680697278 6.5587260377676992 87 81 78 1.3226734099052269 44 202 49 621 47 474 48 380 45 264 42 287 185 296 46 293 184 299 185 226 174 374 181 268 128 592 41 141 122 658 139 617 123 713
1659 2.7184897303379483 -0.72256312965695579 3.4588103927986453 123 123 123 0.19666337489047703 63 471 64 349 61 570 54 645
1660 2.670204837376319 -0.70632408398984536 3.4805562741571867 122 122 122 0.95666215869177995 58 826 62 230 54 650
1661 2.0729846278577821 -0.75020259214179064 3.9517803548551464 124 124 124 0.56077935021189063 57 484 55 845 54 651 58 1155 206 197
4019 -2.2026941825620803 0.83743112292048649 6.536005465853064 228 228 228 0.41672395375345639 44 341 51 723 49 654 46 336 47 529 48 421 45 329 42 331 43 237 185 367 184 354 183 340 182 323 40 264 41 231 181 294 178 310 180 278 179 322 51 750 177 310 176 426 175 386 173 509 174 373 172 501 169 405 170 269 171 277 168 330 167 363 166 417 165 582 163 610 164 355
6750 -3.6119261040228055 2.3697640199859484 4.3187472412310788 231 231 231 0.67947228988556396 181 113 182 129 178 67 180 52 179 31 184 247 185 251 181 69 184 147 182 69 183 119 39 166 37 105
1664 2.1266606311769394 -0.32160515084993979 3.9184983749343716 123 123 123 0.53125236239601337 58 881 53 758 54 702
4021 -2.3190545638576818 0.74640227028139827 6.4714810570850032 0 0 0 0.27366877593682654 44 337 51 720 49 649 46 333 47 526 48 418 45 326 42 328 43 226 185 365 183 338 182 321 40 262 41 229 178 307 175 382 174 371 170 265 168 328 167 361 166 451
14195 -1.0176830128129672 0.70474622450273861 6.3671540830831059 0 0 0 1.2339828734414726 129 435 130 381 137 403 132 248 124 639 125 672 128 568 176 436 129 510 126 579 178 335 179 342 174 337 177 276 133 218 175 390 180 281 136 423 135 381 134 320
1665 1.7411625298050741 -0.21848011871735099 4.2321501138389399 98 101 105 1.402160915756282 57 560 53 608 62 644 55 726 52 537 54 716
4022 -2.3857136139221788 0.70868400171217716 6.445529185548625 228 228 228 0.53612606594418877 44 329 51 716 49 645 46 329 47 520 48 414 45 322 42 322 43 220 185 337 185 363 184 347 183 333 182 319 40 259 41 212 181 286 178 302 180 271 179 315 177 340 176 419 175 375 173 507 174 365 172 493 169 396 173 475 170 262 171 270 168 324 167 356 166 411 165 542 163 597 186 279 39 206
14295 -4.0890221595118916 4.1060640858854649 5.0684505455362707 0 0 0 0.19339635095237462 113 83 111 102
1666 1.7396778608745758 -0.21815254898622463 4.2307065828238555 98 101 105 1.3667456505529043 57 561 53 609 62 645 55 727 54 717
4023 -2.30068105844015 0.83248273212264534 6.4742431355179422 0 0 0 1.0971836254129332 44 270 49 565 48 306 44 296 47 470 48 374 42 303 43 199 184 297 183 217 183 283 182 177 40 190 40 230 41 197 181 231 181 265 178 183 180 160 179 194 179 270 177 248 176 326 175 256 173 451 174 336 169 292 51 646 185 315 171 162 168 292 167 269 165 476 163 535 39 185
14296 -3.6758497300513042 4.9539975223467918 4.7082956214309251 8 8 8 1.3712360163331363 207 114 111 109 106 137
1667 0.60729493992094252 -1.818256684793202 4.8128568232146192 45 57 56 0.66761878581794565 58 913 53 627 50 386 51 410 52 547
14199 -1.002849368755995 0.7080013191068818 6.3822268108642017 0 0 0 1.349946783939534 124 691 126 615 129 539 130 434 138 514 139 621 169 434 172 538 173 510 132 343 131 529 174 402 137 449 127 633 131 491 177 363 159 124 161 252 128 597 153 259 152 222 162 12 140 513 163 673 171 298 177 385 156 214 160 198 152 318 136 495 135 461
1668 0.82196998018562728 -1.7777744156273867 4.6875976535893082 2 24 7 1.3868411666171883 58 921 55 747 53 634 52 554 50 398
9113 -2.2907729758459077 0.74523037366081046 6.533571557843457 0 0 0 1.5545270399965958 45 176 47 386 46 179 181 165 180 157 124 318 125 373 138 186 139 253 126 266 140 201 130 141 49 447 51 600 182 175 183 163 178 179 184 183 123 348 141 262 177 198 179 190 39 150 135 136
1670 0.59058145845331467 -1.8063999859649169 4.8289755177459526 44 57 55 0.73917610240147513 58 920 53 629 55 744 50 257 50 388 51 411 52 334
4027 -1.7502039708565547 -1.2343874613941079 7.184023397054542 0 0 0 0.68590385861973246 44 116 52 403 51 292 50 308 49 179 45 92 46 43 47 129 48 85
5913 4.1971545748605257 -0.36583173155317988 -1.1774068427742732 110 115 132 0.73783652232203711 89 519 94 399 86 480 87 458 88 425 91 371 84 416 93 327 95 261 97 264
16186 6.910681394385688 3.5396251719511618 -5.3559498129483689 115 121 139 0.17640718378065123 146 439 147 507
925 2.1878315988732999 -0.30043487385119805 3.8598883824138608 123 123 124 0.98767330648565899 58 884 62 611 63 490 60 600 57 526 61 604 54 705
6758 -3.827649186440333 2.6643377400286044 4.2465206251447638 0 0 0 0.5093301011846334 178 110 179 123 177 136 183 272
17031 6.9407716312225771 1.4703542268974976 -1.9996417213393836 65 68 79 0.087412584806853627 149 340 148 449
11944 5.8364214266066199 0.22670733442668087 -0.082594745190705282 130 130 130 0.65291561756281458 1 743 2 743 9 669 208 1431
4028 -2.4639900544278532 0.7365208008310854 6.4001162301644516 0 0 0 0.67181435061938455 44 362 49 684 45 359 46 363 47 554 48 454 42 355 43 249 185 392 183 381 182 355 40 281 41 249 181 324 178 347 180 311 179 360 177 360 176 474 175 429 174 427 169 456 172 551 173 568 170 312 171 316 168 376 167 417 166 475 184 398 165 605 186 304 39 230
1672 0.54749074715045365 -1.7757934761716336 4.8811885888676469 46 58 56 0.58378914263752102 58 928 55 749 53 633 50 395 51 413 52 553
16933 3.2133330165195284 0.90286993150979089 3.1021525720337872 0 0 0 0.324852062124656 62 912 60 1022
5914 3.2416106390190826 -0.36656362946486748 -1.2079565713132898 231 231 231 0.52522352449972087 88 474 91 425 94 404
16187 6.9263792876727086 3.7352199739341576 -4.5630131276595005 79 83 95 0.21405746529187436 146 443 147 508
926 2.1423462412627119 -0.31759030623031398 3.9222044133650344 124 124 124 1.0289315694054022 59 663 60 602 57 525 61 606
6013 -2.4054803115859742 0.81600293682762004 6.4274922247875699 0 0 0 0.39965797923883911 42 114 40 65
9116 -1.376493849750984 1.4632535548911696 6.0699069355798718 0 0 0 1.3407374089094308 176 356 175 361 176 401 177 278 177 223 171 197 172 429 173 408 174 275 178 209 179 218 181 184 180 234 165 161 179 276 180 261
1772 0.22436997556219465 -1.6405290293604244 5.2319247458493079 67 83 80 0.5097225193654582 58 1469 55 1198 53 1026 52 899 50 649 51 703 49 636 54 1263
1673 0.18460307052492755 -1.7115741969394089 5.2583774369205178 5 6 7 0.74291912397220017 58 946 55 759 53 637 52 556 50 396 51 412 49 312 54 785
17033 7.089125687825554 2.5739391000987486 -2.8527536139772018 87 81 78 0.1795962344050529 147 434 148 469
6760 -3.7038287012509747 2.5466416165022192 4.2539773672728449 231 231 231 0.64318159940449871 181 199 182 268 178 116 180 194 179 78 177 33 176 78
16934 3.2133330165195284 0.90286993150979089 3.1021525720337872 0 0 0 0.324852062124656 62 911 60 1021
4030 -1.780702702978205 -1.1837218817059927 7.212028886461316 26 83 38 0.35663705437143478 44 51 52 166 51 151 49 187 45 59 46 14 47 24 48 9 42 109
1674 0.63264612742481219 -1.6324075296668383 4.8127180255744735 74 77 79 1.2193144879722961 58 951 53 644 55 770 51 507 52 565
535 2.2801716689694622 -0.67034517545650441 3.7845273743870984 124 124 124 0.79309978525324121 58 1307 59 858 62 966 60 998 57 894 55 1070 61 797 54 1131
6761 -3.7038287012509747 2.5466416165022192 4.2539773672728449 231 231 231 0.64318159940449871 181 200 182 269 178 117 180 195 179 79 177 34 176 79
17034 -2.275072244688559 1.5595323656513806 6.5600890340443208 0 0 0 1.4071268905495207 141 290 142 302 119 320 127 339 128 298 139 286 42 193 46 188
1773 0.083966566269695009 -1.3848212488945495 5.3970499749671328 89 92 93 1.1203591275328364 58 1474 55 1201 53 1049 50 654 51 709 52 901 49 640 47 515 54 1266
12792 4.4545417080084828 -0.022080581651065544 -1.6371084833103708 0 0 0 0.55448576447514564 78 477 83 420 82 430
2519 -0.23169965534961678 -1.2740436586163775 5.716201020140498 46 48 50 0.39808826053772961 53 1039 55 1182 58 1444 50 638 52 888 51 690
4031 -1.5471119780844942 -1.1457383097269753 6.9988822711959013 0 0 0 0.8400372266700169 44 54 52 181 51 174 50 169 49 59 45 26 46 17 47 44 48 20 53 188
14304 -1.867446541788873 4.5053611367618576 3.2132035309548517 165 165 165 0.28422660455668486 115 116 111 136
5917 3.3257324428319057 -0.40827005894435214 -1.1523676097316791 110 116 133 0.94510942277797427 94 434 90 443 96 209 98 215 88 359
16190 1.2370913363450067 6.6926537313939249 2.1272675002522869 0 0 0 0.090598767502263755 149 499 151 413
830 1.5941887994545325 -0.40801436900619387 4.3492192204563551 108 114 120 0.88755764613430788 58 540 62 388 60 382 57 352 53 303 55 418 52 273
11103 -1.3262484638445611 4.747866845384948 1.7174934580608172 231 231 231 0.40701917682276184 166 141 167 114 163 283
9119 -2.2345191651412364 1.10379830717516 6.4557087486356215 0 0 0 1.0572080041379033 182 185 46 269 181 175 178 193 180 169 179 205 177 203 122 349 123 373 49 566 47 438 140 221 141 279 142 387 124 339 125 394 131 185 139 271 144 422 138 213 184 194 128 364 45 186 43 119 183 174 185 195 41 124 51 606 164 13 144 275 134 110 133 71 143 441 143 301 135 158
1675 0.40395624860729135 -1.6672634481659721 5.0423518881108125 20 24 25 0.51101544631690632 58 949 53 639 55 763 52 558 50 404 51 495 49 406
9120 -1.9067462721525363 0.79193110400678945 6.668746502443307 228 228 228 0.81314889888624853 49 590 126 496 129 430 138 393 125 587 139 483 177 313 176 433 43 187 178 280 175 388 122 576 140 439 128 491 181 271 141 462 44 303 46 307 135 345
4033 -1.9546051952028276 -1.1431249444771197 7.3660662983790575 231 231 231 0.80394261524432065 44 114 52 421 51 141 49 185 46 41 47 17 45 18 42 32
1676 0.59178078799081035 -1.5985180936785433 4.861772042281955 4 5 5 1.2731403222080302 58 955 53 650 55 777 50 427 51 440 52 570
16937 0.29808173066473059 -2.1371763165883224 -0.69825146493374768 0 0 0 1.2564780153321529 8 925 205 834 3 761 4 828
1677 0.59178078799081035 -1.5985180936785433 4.861772042281955 4 5 5 1.2731403222080302 58 956 53 651 55 778 50 426 51 439 52 571
1678 0.3054733669888236 -1.625235339003698 5.1495925006681498 15 17 18 0.37993869025793398 58 708 55 550 53 439 52 367 50 295 51 315 49 327
6765 -3.6183160438729955 2.3841146654954963 4.3248663600490689 231 231 231 0.74981636841990662 182 240 178 122 181 218 180 97 179 129 184 285 176 280 176 211 175 208
17038 -0.52848173311328928 4.1858517090321543 2.7962016808518722 0 0 0 0.095487023490868156 169 415 172 515
1777 0.65414608627499338 -1.7630390977714037 4.7752780805529431 4 4 5 1.7289809252718751 58 1463 55 1191 53 1046 50 662 52 912 51 738
1679 0.31417347987619088 -1.6130651189652347 5.1407346277952604 50 63 61 0.47682905355854988 58 714 55 555 53 443 52 369 50 297 51 322 49 234
9123 -2.4986676062884499 0.36363308353913559 6.437670339427001 206 206 206 1.7566837512137434 44 178 48 284 46 160 43 76 182 152 184 159 183 141 176 305 46 57 175 234 141 427 49 504 167 255 169 268 174 230 141 228 173 362 177 168 180 125 140 161 178 156 172 383 168 210 170 157 171 149 129 358 179 163 137 305 126 408 138 149 123 557 127 262 125 332 142 234 124 264 139 205 44 290 41 180 40 211 131 138 124 508 186 117 144 219 185 52 207 681 51 671
1680 0.060894775367213667 -1.6523230673680753 5.3891222336547928 6 8 8 1.0133353718000679 58 707 55 542 53 422 52 359 50 284 51 299 49 316 47 217
1681 0.28012466556997923 -1.5888301447623705 5.1774321667012702 50 64 62 0.45945283815449567 58 961 55 783 53 451 53 652 52 566 52 372 50 306 51 427 49 237
16942 0.30026012901142396 -1.7170554228687545 5.0589969955250771 12 14 15 0.055540415415150091 49 677 51 761
1683 0.38208833596355679 -1.4431642934412467 5.0965904499473638 3 24 9 0.82402503986440301 58 983 55 799 53 671 52 592 50 440 51 453 49 431 51 519
1684 0.0478695535528414 -1.4489756039927821 5.427883863044201 7 7 8 0.24800947802145221 58 991 53 669 55 800 50 434 52 582 51 441 49 334 47 291
1685 0.085554654338028419 -1.4209258587667442 5.3886310782517812 67 76 76 1.0279438199398709 58 995 53 484 55 803 50 325 51 346 52 412 49 257 47 171 54 832
1686 0.060116055982360243 -1.4034898895705847 5.4226636459395143 70 79 79 0.31424669997980975 58 1004 53 673 55 804 50 437 51 447 52 593 49 341 47 233
16947 -0.043117975284578752 -2.1723768462253403 -0.78829638427567983 0 0 0 0.90399857507527426 4 915 205 921 3 842 8 1001
1687 0.10155644948352469 -1.3625277929676911 5.3831602841710309 32 33 34 1.0362222184706442 58 1012 53 490 55 814 51 355 52 431 49 267 47 240 54 834
14219 -1.8516524003890664 0.47891967280659142 6.990258166378684 0 0 0 1.3401607046149768 44 366 46 366 47 556 48 456 45 361 40 285 41 246 42 359 43 254 184 416 183 385 182 358 181 344 141 600 142 585 180 325 132 368 134 356 49 688 51 770 135 456 136 494
1688 1.6848887446271572 -1.0176298704398403 4.2460177307987452 12 26 44 0.3600512107213466 58 781 55 831 53 711 52 641 54 841
4045 -2.3190523386410304 0.74640147923218603 6.4722217725276598 0 0 0 0.29659559173441624 44 336 51 719 49 648 46 332 47 525 48 417 45 325 42 327 43 225 185 364 184 352 183 337 182 320 40 261 41 228 181 292 178 306 180 276 179 298 177 306 176 421 175 381 173 481 174 370 172 499 169 402 170 264 168 327 167 360 166 450 165 548 163 608 39 208
14318 -4.0660561028475373 3.9235382161536569 5.1249832547168843 228 228 228 0.49845901015727856 117 241 118 333 111 190
1689 1.7327495487078262 -0.73958924392973024 4.2246847152459921 90 92 99 0.2606917732849815 58 1045 55 848 52 749 54 859
1690 1.7327495487078262 -0.73958924392973024 4.2246847152459921 90 92 99 0.2606917732849815 58 1046 55 849 52 750 54 860
1691 1.7681612731258187 -0.73166028572880626 4.2002197889420501 98 101 105 0.63256401354117908 62 881 53 866 54 863
17051 -4.6834238173420699 3.2637579800624015 5.0174019133182748 0 0 0 2.1070259589815103 125 714 141 570
6778 5.3116753712815337 0.35195710150731563 -0.82287277319140628 0 0 0 0.12878726774127477 80 429 82 443
1692 1.7681612731258187 -0.73166028572880626 4.2002197889420501 98 101 105 0.63256401354117908 62 882 53 867 54 864
6779 5.3116753712815337 0.35195710150731563 -0.82287277319140628 0 0 0 0.12878726774127477 80 430 82 444
17052 -0.77092231174314751 4.0824221357688586 2.2206561344096878 0 0 0 1.1772700434508763 172 595 173 593
1698 1.634245811627935 -0.44671702058065932 4.3132655802345603 123 123 123 1.0921167973859718 58 855 60 799 53 733 55 696 54 888
1701 0.29622104349127737 -1.7959378069031309 5.1405054552232299 4 5 6 1.1854878960039468 58 936 53 631 55 748 52 548 50 382 51 405 49 383 54 926
6788 3.2336513001108842 -0.26105285995212935 -1.0970294303194972 0 0 0 0.48236604978146591 85 171 87 336 89 459
17061 -4.9699377669840361 3.3107979668803882 8.9541401424272511 84 88 102 0.33924305292382934 125 55 138 14 140 21 143 66
6789 3.2336513001108842 -0.26105285995212935 -1.0970294303194972 0 0 0 0.48236604978146591 85 172 87 337 89 460
1702 0.23992128431583232 -1.7525024317361815 5.1994778443559131 5 6 6 0.74879813573046405 58 1087 53 636 55 754 50 390 49 386 54 929
17066 -9.4289134690232981 4.0370421930466724 10.143799290356096 8 8 8 0.89330960330517695 120 23 121 2 122 23 123 16 143 81 124 83 145 177
1707 0.27253033581080843 -1.6302069087895523 5.187668870757741 60 75 72 1.1793675407292084 58 958 55 776 53 646 50 496 51 496 49 400 54 936
9152 -1.3488198346102798 1.44744143070791 6.0889716113504484 0 0 0 1.2270667067602268 166 485 168 356 177 345 164 403 167 367 173 511 170 294 163 564 170 273 160 120
4065 -3.8883271103514154 0.95993433514163451 7.3488183570898036 64 68 79 0.79137782834604675 45 24 185 8 48 41 42 8 37 13 186 31 39 1 188 55
14239 -3.1657828780237707 4.7521791174876764 4.5109353157431036 8 8 8 2.6760252195930851 113 65 112 59
1708 1.6461365925979308 -1.3691507886234719 4.2972980315770322 89 92 98 0.78961372480133607 57 773 58 1100 60 852 55 1040 53 811 52 797
1609 0.26161981286337938 -1.758155570346944 5.1836322113919993 40 51 49 0.71975724868018609 58 84 53 36 55 38 52 52 50 71 51 98 54 520
11882 3.9607104677040343 1.6812652575814102 -2.5369419662309598 0 0 0 0.36017785823513776 1 616 2 616 9 336 4 453 3 425 14 240 13 239 12 349 15 196 16 279 11 247 5 387
5578 4.5288467274048445 -0.24818745620444799 -1.5720872400512573 223 223 223 1.3170460961727002 78 89 79 11 86 8 87 172
15851 4.7718074553200989 -0.23232192788218414 1.4224551702865154 29 29 29 0.17233906392660084 155 76 154 34 152 55
1709 0.28996216673432679 -1.5810945643824195 5.1803524215677141 13 15 17 1.8159585657189261 58 964 52 569 50 422 51 435 49 416 54 589 54 940
17070 -3.6017255320208825 1.9215051238357022 4.6590372261766202 8 8 8 0.67517403829224065 144 12 143 111
1710 0.29267981130643556 -1.5775562426648 5.1693110868099206 13 15 17 0.39775388964720504 58 963 52 568 50 421 51 434 49 415
6798 -1.4982155147628156 -0.24646524756449062 7.1270811556492228 5 5 5 1.402329636386008 50 527 52 740 53 870
1711 0.28242270653484314 -1.5547548244237941 5.1795432617290036 64 73 73 0.49590742192265197 58 1098 55 913 53 794 52 691 50 504 51 505 49 421
1712 0.21262024113468453 -1.5631226066665458 5.2529880264411641 13 15 16 0.49337403247723588 58 965 55 788 53 655 52 573 50 423 51 431 49 330 54 961
4069 -2.324540005546833 0.65865526722133083 2.7599855030773282 228 228 228 0.57275837233974192 44 58 42 39
3970 -1.6791515821464094 1.6850435289919616 6.0272002150869977 0 0 0 0.80775235908424592 44 70 47 198 45 76 46 69
14243 -3.0998055329846856 4.2696903458451043 2.7898621713584979 59 62 72 1.9347872222643201 115 66 112 93 108 33
1715 2.1551055705115689 -0.41348984493272767 3.8887962127399307 13 77 40 0.60595835590417146 58 1176 62 885 61 745 54 1004
6805 -3.6281023368513341 2.3068558195447824 4.3847618896829132 0 0 0 0.78270523821650584 181 249 182 298 180 242 178 260 184 339
1718 2.1482498553522302 -0.37690453786938266 3.8896887706228314 13 72 41 0.9718543824237571 60 903 55 982 53 954 54 1010
14251 -1.8954974645696501 1.9859708819374364 2.7538478357604212 165 165 165 0.051137506951102377 120 107 112 117
4077 -2.6346713797101975 -0.68600845783411646 6.5643916659450801 5 5 5 0.32078949005766982 44 84 42 131 43 61
5589 3.2176258695678537 -0.26425983135218789 -1.0829445660305772 0 0 0 1.4520905615035875 87 210 88 318 91 168
15862 4.4680921056045859 2.4459110208593779 -3.8340312453336227 8 8 8 0.12690077421123641 153 54 154 145
1720 2.0531216915205568 -0.18687899356529972 3.9783835867882198 124 124 124 1.271190900657956 59 806 62 896 53 961 61 758 54 1018
1723 2.9998321637297001 -1.3708352012945602 3.2764921647362288 124 124 124 1.2750208254070952 62 918 63 651 61 764 54 1051
4080 -2.3841310324476885 0.49666076149666821 6.4723166628791873 0 0 0 0.75172309050834052 46 105 47 300 42 163 183 144 40 110 142 253
9167 -2.5474311226502184 0.56152106393338741 7.3861896087533028 228 228 228 2.6363901845548652 181 150 140 190
5594 3.2325724267589599 -0.25552290327107507 -1.0933578115679183 0 0 0 0.20747344263131817 89 463 88 385 82 274 94 323
15867 -11.685527505769089 23.135588929726499 19.286365582416483 8 8 8 0.18567451376883298 166 319 154 189
10879 1.3044929904321918 -0.41732092453844721 3.8425709254440683 13 88 38 0.17493750409826908 167 190 166 137 163 272 164 34 160 3
606 3.5732443575525479 -0.2215076519652544 2.4255672481895982 29 30 30 2.0845044182317958 63 701 65 317 66 271 64 537 61 792 68 249 59 850
15966 -0.45954567800174428 4.3853465136505454 3.0572593862710806 115 121 139 0.12978480166207149 155 14 156 21 149 85
5693 3.2336656030705058 -0.24803700333125622 -1.0871555531155548 130 130 130 0.85852793551189843 83 553 89 613 87 579 94 491 208 876
1725 2.2652470614873623 -1.5068263779668558 3.7901007011747865 97 103 110 1.4598201025486544 58 1343 62 1010 55 1102 54 1053
5596 3.2373695609669273 -0.2562539975439907 -1.0886545073837619 0 0 0 0.57310486099773605 86 313 88 388 82 159 94 325
15869 -11.509472271167503 23.117940136983069 19.107941869094621 8 8 8 0.12547480218738738 166 321 154 191
1727 0.31724323651048869 -1.6916315803815503 5.1289393443538316 12 13 14 0.43341073548025505 58 1214 52 764 50 551 51 562 49 544
5597 3.2383560179777073 -0.25555023750626765 -1.0897093519997627 0 0 0 0.23348347563364016 86 314 88 389 82 160
15870 -0.39708142062011403 0.23857784527067102 8.5466636404380232 4 4 4 0.9791203628238504 153 284 155 250 156 218 154 262 151 256
10882 1.7715457652954836 -0.27814077932208453 3.5918146781505018 80 81 87 0.083896617859207101 167 128 166 151 165 197 163 65 164 53
609 3.3045129705975063 0.82891004931047552 2.9169388732256238 142 142 142 1.1998354222977838 63 683 64 525 60 1083 62 1065 57 982 61 805
1728 0.23657862947244443 -1.6806467614388974 5.21360629440042 67 83 80 0.65468796961525288 58 1093 55 905 53 783 52 682 50 489 51 491 49 473 54 1068
1729 0.60477213854067369 -1.6131241690755287 4.8485983232412213 61 63 65 1.2481582056235927 58 1218 53 789 55 908 50 560 51 576 52 768
16990 -3.7130062256650023 8.1572352828065959 6.3029481556281945 8 8 8 0.066082740915671415 154 97 148 23
5604 3.2726236080423314 -0.32671985404307863 -1.0924681496315647 130 130 130 1.0462430733493215 86 294 89 568 88 443 84 419 91 395
15877 -17.187795609291388 20.067802408576345 23.515530059035004 8 8 8 0.32003000872940512 169 197 154 35
1735 0.18442640026232746 -1.48778676670136 5.2917356419545669 67 76 75 0.54142074603948365 58 1252 55 1018 53 900 52 773 50 564 51 577 49 486 47 359 47 423 54 1095
16996 6.9435263188181153 1.4553066191257953 -1.9707942037157513 59 62 72 1.500334650416064 149 69 150 222 148 83
1737 0.15318325303730077 -1.4651226277024583 5.3170847171946516 67 76 76 0.71057678541138813 58 1255 55 1023 53 901 52 775 50 566 51 578 49 488 47 360 54 1097
16998 5.8855825149806407 4.0390162694248568 -2.5580998052132884 80 84 97 0.19902639121320914 149 71 148 88
4094 -2.6048698503122365 -0.20845359282708942 6.5507586835542151 81 85 98 0.71822813360585136 48 204 49 394 42 208 184 140 183 120 43 133 41 153 185 246
1738 0.36123306731919685 -1.4338836458617958 5.1189185868593068 12 90 38 1.0521614586985506 58 1257 55 1033 53 904 52 777 50 570 51 634 49 558
17098 -9.2056688102227291 3.9882077594872016 9.7923396015104807 101 101 101 0.82413900438397059 119 197 121 209 122 212 123 223 124 188 125 252 143 190 145 327 117 94
6825 -1.9873364954847736 0.82441886987834911 6.6509350205720752 228 228 228 0.81780072176410223 178 363 180 334 179 380 177 392 175 458 173 601 174 458 172 598 129 584 127 697 181 351 126 643 125 737 169 512 128 624 131 555 170 342 171 352 168 404 166 511 165 645 163 703 164 465 207 1139
1739 0.12161783947916886 -1.4433511333963529 5.3562111843213067 68 77 77 0.88297975726491873 58 1258 53 799 55 1031 52 698 50 567 51 513 49 425 50 510 47 361 54 1099
17000 -11.780143945216318 12.979296456756918 15.779509182571582 8 8 8 0.010054898361719675 153 71 148 132
1740 0.12151937057391039 -1.4434970057115537 5.358807083586651 68 77 77 0.92754737890909877 58 1259 53 800 55 1032 52 699 50 568 51 514 50 511 49 426 47 362 208 332 54 1100
6827 -3.4579980351290827 2.3699578788288789 4.1659829970903424 116 116 116 0.5109601319211442 182 146 183 132 181 126 178 131 180 106
1741 0.15619178637858244 -1.316861393793713 5.3404872180820755 85 87 89 1.0865948577678148 55 1044 53 910 50 576 51 590 52 784 49 500 47 377 47 430 54 1102 58 1268
6828 -2.2341976027173578 -0.9735420991068785 6.7489321674404232 41 43 50 1.6839271152666317 46 276 45 273 47 405 48 355 48 314 51 614 46 243 49 531 178 221 46 195 47 329 48 259 49 460 179 229 180 222 44 309 49 572 51 655 177 88 44 256 45 197
17101 -4.529538889186834 -0.1616213212932413 8.0664368992642714 5 5 5 0.22106069549037285 142 154 143 204 145 236
6927 -2.3490211272249177 -0.078341538067250624 6.541098575874372 112 118 136 2.3007875365287949 178 358 180 329 177 381 128 603 124 684 129 527 138 486 139 602
5615 3.2135578317705615 -0.30384575151133608 -1.3868333212348907 231 231 231 1.1294705262158919 89 391 88 467 87 228 91 445
15888 -0.52942756566451588 4.5491339074790185 3.0631479942174535 0 0 0 0.061589602274150793 173 269 174 113
528 2.8054077198205531 -1.1832701371078287 3.3783499805523998 124 124 124 1.1137998606856969 58 1418 63 673 64 509 59 833 62 1021 60 1044 57 943 61 780 54 1178
10801 0.011560553566942895 3.4638764404990381 3.4776049155619071 119 125 144 0.57555274859936567 170 218 167 316 166 404 163 592 159 96 157 109 162 90 158 45 163 484
1746 0.68497173392721511 -1.7192305741044831 4.7470902012126563 82 83 83 1.3047122929165793 58 1206 55 1002 53 892 51 624 50 552 52 763
14277 -3.6213700017820547 4.0898462513161569 5.3399232621512178 228 228 228 0.75197827288178165 118 397 124 577 139 533 140 437 112 219 117 345 121 428 123 588
9190 -4.4939620617630549 2.704516052866659 5.3049128093639473 231 231 231 1.4330364298315394 122 375 123 410 139 158 119 347 118 278 120 312 117 282 141 400 116 242 140 255 144 437
1747 0.26995435598515832 -1.7295757187366745 5.1761167870002502 12 14 15 0.91611459703437415 58 1211 53 891 55 1003 52 761 50 550 51 561 49 541 54 1158
17008 -6.2493525636383884 3.0315033942367555 6.993756447664893 0 0 0 1.2015315659023973 119 19 142 44 120 26 123 21
5619 3.2304519349746967 -0.24766883801418851 -1.0958569840765293 0 0 0 0.76103309758279092 84 386 85 421 86 441 88 497 91 432 94 370 90 505 92 480 82 281
15892 -7.9147438150124927 11.689032603939211 11.602207744527844 0 0 0 0.51460126235107795 156 82 177 106
1750 2.8598920668359704 -1.2401608171422991 3.3353660353608463 124 124 124 1.3926984307560026 58 1374 63 660 54 1161
1752 2.4232253584585988 -1.2859190075094469 3.6676588718335674 98 100 103 0.64740075580622891 58 1372 62 1024 59 843 61 786 54 1169
17013 5.6915506446385402 3.7032694843135037 -3.0251578484335595 59 62 72 0.10866755046179025 147 306 148 354
6839 4.482880692838429 0.035934701120000787 -1.7434509493647237 0 0 0 0.75283976244555861 82 17 89 317 82 133 86 283 91 244 82 235
17112 -4.9451214897426459 3.0251805483202667 8.7607229545943497 59 62 72 1.4079015535456971 118 238 120 172 121 191 126 262 128 154 129 143 137 85 142 236 143 259 131 107 138 101 140 169 122 181 142 143 141 231 145 282 135 149 135 96
1754 0.099409278993291175 -1.4358094416016509 5.3785150644427784 8 8 10 0.70921813890763374 58 1260 53 903 55 1034 52 776 50 569 51 630 49 555 47 424 208 334
17015 6.070423306658844 4.3317281953282141 -2.0272579737525551 93 98 112 0.040263456362426904 149 265 148 363
5625 3.3099712955114429 -0.40501108292213506 -1.1306603356203775 108 113 130 1.3298037297166798 87 503 89 552 88 521 86 395 91 502
15898 -0.92334475570359975 5.372120394192323 2.56675932187663 64 68 78 0.29591013892336149 153 231 154 215 150 248 149 279
15997 6.4456013527735561 1.067506596630357 -2.6915037376561561 5 5 5 0.3078487705774246 150 295 149 326 147 402 148 426 146 300
5724 3.2778090134219067 -0.39323050313289004 -1.1113216277845683 64 67 77 0.903647183156564 84 371 86 477 87 460 82 419 89 559
1756 0.32397619048840359 -1.6293739284593072 5.1316865579094717 22 25 27 0.32866165674025277 58 1351 55 1095 53 972 52 828 50 606 51 625 49 549 49 580
17017 -0.53869687855385151 4.4187037192386782 2.6822966934247665 68 72 83 0.19414544592142938 150 320 152 271 148 373
6845 -2.363898593933631 -0.93216092633469438 6.642247460209294 231 231 231 0.43822894073684454 48 79 180 21
1759 2.2652341173430464 -1.5540935564752898 3.7889320490792464 56 60 71 1.4816263699158256 57 1012 55 1173 54 1225
4116 -2.5754096486124376 -0.50097783137898 6.5613904393247084 0 0 0 1.3729237511604779 44 326 42 295 45 314 46 318 48 402 49 659 43 212 183 354
14290 -4.0902216920956178 4.1068568685045355 5.0682998912846502 0 0 0 0.047999019858630032 113 82 111 54
1760 2.3749013189216686 -1.5403014211833204 3.7058953205774494 47 54 66 1.8732488602890203 58 1430 62 1094 54 1226 55 1174 206 712
1763 0.59742491636316997 -1.731753467964263 4.8830771995665314 81 84 85 0.58087894490271874 58 1406 53 1025 55 1140 50 631 52 880
17024 -4.7539044425204997 5.6127221958676889 4.9487784125438266 0 0 0 0.16010355125320108 166 96 170 105
4120 -2.3094175982954783 -1.4184758839361031 7.3326521442399368 2 2 2 0.77328211345705078 44 318 42 311 45 293
1765 0.57408036825776487 -1.6311595361259701 4.8743409368191877 9 18 12 1.1528984838243204 58 1434 53 1029 55 1170 50 634 51 687 52 883
17026 -3.9459614253939939 -0.4137364412670354 6.7561848308482704 0 0 0 0.24125142669601812 185 37 187 53
1767 0.4024758169488204 -1.4500220558928567 5.135582246367723 2 4 12 1.3360682189541324 58 1439 55 1177 52 884 50 637 54 1239
17028 5.163275586207658 4.2902265903333268 -3.4454482369742272 119 125 143 0.0041170360852854013 149 331 148 433
4025 -1.7722909225548533 -1.2481827916552419 7.2017856456267415 0 0 0 0.75008096986321182 44 260 52 774 51 485 50 557 49 374 45 246 46 201 47 334 48 264
14298 -3.9842025039375857 4.7108196385315679 5.1449954174013861 0 0 0 0.94236314278298783 113 184 207 540 111 112 108 66 110 49 109 60
629 3.2410508575893053 0.69040621948486203 2.940796859200733 142 142 142 0.86876409944995614 64 589 63 751 60 1139 62 1110 57 1022
15890 -0.23225808262724665 5.2003338157685803 0.71445498250176209 8 8 8 0.14411716376688222 154 206 150 150
2986 0.051596968317507444 -1.6152250787326554 5.400747433962187 6 8 8 1.154582560374974 53 93 52 108 51 158 49 89 47 152 58 960 55 558 53 440 50 292 49 321
1768 0.15949812928575124 -1.4131470979123428 5.3277743704481821 6 7 8 0.95487069282181691 58 1440 53 1033 55 1178 52 885 50 636 51 689 49 607 47 486 54 1240
17029 5.1715566811295925 4.4131687744068477 -3.2903699336209513 231 231 231 0.41348018612487808 146 324 147 419 148 437
17128 -4.4538582085288763 -0.41161387457189191 8.0503443782782949 9 13 13 0.96226908584470505 122 79 145 360
6855 -1.6847131823797361 1.6766380455518644 5.9985456861403579 61 64 74 0.82336114420464779 178 54 180 41 177 69 181 42 182 88
4026 -1.7635696334972011 -1.2109545789503895 7.1950586763099622 0 0 0 0.50293005323758555 44 119 52 411 51 297 50 312 49 182 45 94 46 44 47 130 48 87
14299 -2.5011492890326545 4.463203956372622 3.4849908611696629 59 62 72 1.6000400529999612 112 111 111 123 110 50 109 117
1769 0.1042718992619608 -1.3399859642055041 5.3924233941709225 13 15 15 1.4929254400136727 51 667 49 584 54 1241 47 463 52 862 53 1005 55 1160 58 1441 50 624 208 745
1771 0.19286246085793307 -1.7058342133783071 5.2478839767512513 37 47 46 0.92015437134777578 58 1467 49 632 54 1262
17032 6.9528559685150144 1.4446494092746003 -1.9962647810570415 75 79 90 0.4374660787880853 149 255 148 450
1774 0.17041821396366819 -1.3484832669653442 5.3234503242101914 85 88 90 1.117856738085492 58 1475 53 1050 55 1202 50 655 51 711 52 903 49 641 54 1267
17035 5.2849390585012905 -0.18238176098978057 0.86446474286627994 9 11 13 0.09359875325625662 146 386 147 457 148 489
4032 -1.9546051952028276 -1.1431249444771197 7.3660662983790575 231 231 231 0.80394261524432065 44 113 52 420 51 140 49 184 45 17 46 40 47 16 42 31
14305 -1.867446541788873 4.5053611367618576 3.2132035309548517 165 165 165 0.28422660455668486 115 117 111 137
1781 0.16145993231682795 -1.6346347932944729 5.2891190719379599 11 13 14 1.1804075641819041 58 1513 53 1063 55 1214 52 914 50 663 50 677 51 736 51 763 49 679 54 1305
17042 -0.48011555649322968 4.1578199996818164 2.7870932314901085 0 0 0 0.28285170692796097 169 416 172 517
4138 -3.2048222294922897 0.67717872249600219 6.4681338284482681 99 104 119 0.84039642423652117 44 372 45 364 42 368 185 389
14312 -2.0073603523140067 4.4716291656050311 2.9469888110754012 0 0 0 0.54118462254076305 116 218 111 159
1783 2.8253241990557783 -1.1484838179504098 3.3674303156244583 74 74 74 1.2175749964152165 58 339 62 97 60 115 54 235
17044 5.9008205475251501 3.0708817906614407 -4.474313315063509 231 231 231 0.56514079247944649 147 466 148 577
1784 2.2758881319906359 -1.5002886530718214 3.7837808189721596 82 82 82 1.0687397418464279 58 132 62 58 57 43 60 54 55 180 54 79
17045 -1.2274294073526442 -0.40508845075495042 6.9794007580266468 0 0 0 0.22676011088590264 164 358 165 489 166 350 167 323
1792 0.24903898912460321 -1.7782086558394627 5.1854947699053699 19 77 31 0.71189269773608821 58 63 55 25 53 28 52 37 50 56 51 80 49 44
4149 5.119034053095481 -0.045257176456970402 1.3366873561693122 6 20 42 0.6685912379422887 71 143 74 189 66 134 72 133
14422 -1.2851415840689868 4.9664809612459306 2.9632534783392579 59 62 72 0.22044609897327794 110 116 109 123
4248 5.8995888814414368 0.18019303126422287 -0.0011803139002782743 130 130 130 0.82838413014995083 73 508 71 313 77 678 78 708 75 699 79 690 80 629 74 597 2 597 1 597 7 383 10 375 8 435 6 406 9 298 4 403 3 387 12 415 205 486 72 324 208 892
1798 0.21779990573004485 -1.7561682960176026 5.2243076159686748 19 74 30 0.59984437698749593 58 92 55 39 53 37 52 50 50 69 51 91
17059 -4.8074479972575412 2.2557452341131552 6.3577809132801031 231 231 231 1.5440981695133764 123 35 143 54 122 154
6888 -1.8543246442206021 0.57076438282113384 6.9174104423714526 0 0 0 1.3629717241081201 179 239 177 211 125 526 138 295 124 476 126 372 124 407 125 399 137 276 123 515 123 454 129 241 139 277 127 335 140 288 128 294 130 92 130 165 176 381 174 313 173 391 170 181 168 296 171 179 172 411 163 556 180 175 178 200 132 124 141 335 142 351 181 204 182 86 183 34 45 111 48 248 47 111 184 46 41 3 134 77 134 109 133 134 161 181 143 187 51 463 135 162 136 257
1801 0.14620767843168139 -1.7055846284026994 5.3042889575381995 19 74 30 0.39146871821584062 58 133 55 70 53 53 52 71 51 115
1802 0.096408106612271949 -1.6681302580066595 5.3587548956600921 20 75 30 0.59736084480415796 58 164 55 104 53 68 52 86 50 102 51 129
17063 -2.1739867607492367 1.2514804726078819 6.6942743818811419 99 104 120 1.0672210969446441 144 41 143 78 41 5
1816 0.032663154342297301 -1.618353034319346 5.420153338944246 53 55 57 0.95110296452568321 58 202 55 143 53 91 52 107 50 122 51 156 49 85 47 58
9262 -2.5168438190320046 1.0008421415381399 6.3653449953709718 110 115 132 1.6500050815404641 41 98 182 167 123 328 128 260 140 187 176 117 178 171 180 143 176 321 169 283 142 263
4175 6.0029966268678576 0.050610450398865262 0.72340595255257678 27 83 39 0.36236437646799063 69 8 73 24 77 166 76 88 70 20
4076 -2.3404197979745334 -1.0737845847204486 6.6339988677655679 111 117 134 0.11442382405065181 44 82 45 117 42 130
14349 -1.033389295040007 0.68141909441095239 6.26683441297447 93 97 112 0.57221384005596243 138 228 140 238 141 295 135 176 134 120
1818 0.015865878291489693 -1.6080255794713658 5.4404066195762883 57 59 61 1.0571625187369789 58 206 55 151 53 95 50 124 51 159 49 88 47 59
1820 0.022526494165693065 -1.5959294856488275 5.4348186568976979 7 9 9 0.79504559982345535 58 728 55 165 53 104 52 115 50 130 51 306 49 224 47 156
1821 0.022526494165693065 -1.5959294856488275 5.4348186568976979 7 9 9 0.79504559982345535 58 729 55 166 53 105 52 116 50 131 51 307 49 225 47 157
684 2.8795316522605487 -1.2151791238565559 3.3241881580833352 121 122 122 1.3160324291861956 59 76 62 60 63 116 60 64 57 94 58 742 61 70 54 158
15945 4.9217975796439868 -0.25675341262220869 1.2728089306770043 29 30 30 0.020051865003392028 154 333 152 350
1823 0.032965336630550436 -1.59000286888124 5.4292834216905064 42 53 51 0.53833425298133497 58 217 55 171 53 106 52 120 50 136 51 166 49 93
17183 -3.8405815493618594 2.8165217341189273 6.258252326252193 59 62 72 2.7278379144182194 144 516 143 537
6910 -3.3581622384935339 -0.027646150554437997 7.3430582984103827 118 124 142 1.6553999820550185 177 291 176 445 175 401 178 293 179 286 174 391
17084 -9.4635112458916719 4.2281487330438283 10.195312136345143 8 8 8 0.218715925115123 123 97 143 142
1824 0.022775483537884118 -1.5829030670117186 5.4400411498351477 41 51 50 0.52431334462942236 58 224 55 173 53 110 52 123 50 138 51 167 49 95
6912 -3.1015056496097184 -0.16278852479101663 6.8786086946828453 106 112 128 1.1309315109755689 179 306 177 287 176 444 175 400 174 359
1825 0.013329924483857216 -1.575931230779968 5.4503707525784799 41 52 51 0.52642725834799653 58 231 55 176 53 114 52 127 50 142 51 169 49 98
17086 -4.4595879870954223 -0.16679727452973223 8.2261489795558909 59 62 72 0.64869889378236989 122 84 142 9 143 148 145 239
1826 0.0036560191376317388 -1.5688506364033588 5.4610628310055018 43 54 53 0.48486534600414399 58 731 55 181 53 120 52 128 50 143 51 170 49 100
1827 2.269938083506454 -1.4303244426967803 3.7887126147382526 121 122 122 0.43087998768794361 58 183 55 190 57 91
17088 -4.1289259450103248 5.346960776553531 4.3454903535026963 0 0 0 0.040584614552867659 168 138 173 389
6914 -2.5801318442174703 -0.47264426270620363 6.4949173880572966 84 89 102 2.0487011859950321 178 319 181 306 180 289
1835 1.7955537851605425 -1.4045632089728055 4.1693587858878605 112 113 115 0.60192064876144802 57 149 55 212 62 159
1836 2.2574206620764681 -1.3336372555300859 3.7998788323478658 22 31 49 0.56672126846201443 57 111 58 251 55 232 54 145
17097 -2.4149587031894288 2.237207106476506 10.298980320908424 231 231 231 1.5548055577461306 140 78 142 116 143 188 119 139 123 159 124 132 144 106 125 65 126 106 137 13 127 110 128 116 129 42 130 70 131 82 133 28 138 57 141 111 136 54 134 46 135 77 121 207
1841 2.9050447532576307 -1.2074829865980501 3.3036317528659618 0 0 0 1.252821605812714 58 309 63 112 64 83
6928 -2.4703863151468641 0.47498196767232476 6.4016980048850076 228 228 228 0.44510191213059502 181 349 180 330 179 376 177 399 175 453 174 455 172 616 170 339 171 349
1842 2.2786128471827114 -1.3053450490616938 3.7823765431858347 50 54 66 0.13468343760546952 59 157 62 140 55 264
17103 2.8130840966253072 5.7963218222837147 -2.0445335772807818 0 0 0 0.32186675726460545 146 390 148 490
6929 -2.6380897745258323 0.7732635135934357 6.3043833016761308 228 228 228 0.51900820961837046 178 359 179 375 177 398 176 497 175 452 174 454 172 615 169 491 180 332 173 597 171 348 168 400 167 449
6930 -2.136320129441406 1.1203303754222285 6.5215595091371066 228 228 228 0.46173310371001325 179 379 177 402 175 457 173 600 170 341 171 351 168 403 167 451 166 529 165 658 169 511 163 714 178 362 180 333 164 483
1843 2.4442786661878673 -1.2836999874373953 3.650058556828093 118 119 120 0.77145787229148832 62 109 55 282 61 116
17116 -2.657546135149198 1.0288182283779819 5.2762518021422631 92 97 111 2.6190848003251648 138 37 143 266
1855 2.3015386067311607 -0.93431736277912147 3.7662135302611492 14 26 46 0.38958714327415778 57 204 58 410 55 349
12128 -4.1883631607528438 3.5558388465718211 5.5758964755077072 0 0 0 1.9277742044569111 120 343 140 320 125 509 119 258 117 156 121 258 122 453 124 268 141 233 118 332 123 553 125 572 119 454 120 430 121 414 118 384 124 511 138 437 118 147 140 359 121 177 116 273 122 280 117 72 114 201 114 238 207 673
1954 2.057383064802544 -0.73680418336580578 3.9618441097750914 44 49 62 0.202302788456107 58 1297 55 1063 53 989 57 895
1856 2.2416752558675075 -0.85200825960041138 3.8144641331526055 8 20 43 0.38139902110523877 59 266 62 244 55 352
14387 -2.191113893387219 4.559719700027463 3.8522020523711791 231 231 231 2.4079754814034398 113 147 110 97 109 86
4213 4.575213846185008 -1.2249396806749246 1.2870887647027154 0 0 0 0.51698331989587154 67 68 69 151 73 415 70 215 71 227 66 192 66 141
14486 -6.7821348831555222 1.8246640783855914 8.2860621786778239 125 122 122 0.69533688752050382 183 191 186 136 182 199 181 84
1857 2.1920648883748886 -0.82011758494811038 3.8534902725149625 120 120 122 0.74015284380458246 62 267 55 364 59 278 53 269 61 459
1859 1.7499631082645291 -0.80081051735825748 4.210686036867803 122 122 122 0.28644276161948395 58 474 55 370 52 506
1860 1.7884385236582299 -0.78630789787374611 4.1835156251913865 54 58 67 0.54955949056323039 58 484 60 569 55 375 62 586 52 264
17121 -2.3005932855677607 0.64699236647221803 6.4834991700287166 228 228 228 0.29033706924576119 142 265 143 282
14391 -4.0867724121676989 4.1151023112715706 5.0826972898207989 0 0 0 0.83847483124606303 115 145 120 345 110 106 118 294 121 351 124 462 109 134
6575 -2.3723022049029008 0.74855768451029947 6.4608421106152747 228 228 228 0.40900971955736359 42 113 40 127 41 100 39 102
11662 4.1401135736389252 1.5271413133127107 -2.4700931647636835 0 0 0 0.93833699038706719 10 402 6 441 7 284 14 233 15 266 1 559 2 559 5 552 208 1246
16749 0.79805912636748799 -1.743615088786582 4.8219215523423458 0 0 0 1.1130450766327245 53 1048 58 1464 54 1258 55 1194
1861 1.6176886429597708 -0.75518712429678492 4.3268435144302551 90 93 98 0.19300376267659816 57 322 55 378 53 267 58 505 62 597
1862 2.1449444938195859 -0.73627983244223416 3.8955066993242635 121 121 121 0.8420176084368951 58 493 59 302 62 293 55 385
6953 -1.4774772372639946 0.94325695708879242 2.1720919290821734 105 103 103 0.20910518850682602 178 21 179 20
1866 2.0699480540600357 -0.39941844584560016 3.9569656410272596 38 45 60 1.0853920562564465 62 344 55 427 59 331 53 315
1877 1.6966376633702518 -1.6198570496215425 4.2512212041258604 112 118 124 0.98141261240110567 60 467 55 538
1883 -0.13500521800493401 -1.5747194168522036 5.5947485370036194 4 25 9 1.0251089476051563 58 970 55 567 53 654 52 564 50 407 51 417 49 317 47 216
17144 -3.8847495177636322 2.3386915451328019 5.2927765419130575 113 119 136 0.61999245524596847 141 208 143 369 145 382
4240 6.1454428502968605 0.042308441235801242 0.17918405904721602 124 124 124 0.38903716695665641 72 312 73 500 71 302 77 703 76 638 78 702 75 688 79 683 74 585
14416 -2.4909339879178125 4.3659031321601081 3.157187494524468 165 165 165 1.2228322738025503 118 246 109 100
4242 5.9231329111663822 0.10298044595215243 -0.055936368153860661 130 130 130 0.89964110375821571 73 502 71 306 77 704 76 676 78 703 75 693 75 729 79 684 74 589 10 352 6 390 7 380 9 432 8 426 4 393 3 373 12 409 205 472 208 862 5 496 72 315 80 618
1903 1.6609037305814365 -0.97637365680052568 4.2847760765461302 123 123 123 0.6282490840728423 60 554 62 576 55 651 53 549 52 485
17164 -3.8024914806749024 2.7527237226022718 6.8773801002126183 60 64 74 0.35485279965578781 144 486 143 501 145 518
14440 -3.7817269297679759 -0.8396612538790994 6.9543055595517211 0 0 0 0.56041771290294928 185 123 186 89 183 84
1909 1.6874841941584036 -0.4496335940436238 4.2630967562629358 121 123 121 0.30320741925714095 58 853 55 699 53 587
14441 -4.3212749512632609 0.39630897239636947 6.6082438675730852 61 65 75 1.2333737939515359 181 11 185 127 186 90 182 14
4267 5.9061314033659524 0.12346118860626133 -0.0090275604171377727 0 0 0 1.5971396241581546 73 560 77 745 76 711 75 763 74 658 2 694 1 694 8 861 208 1424 80 708 72 379
14540 -3.2686008915682407 3.1590743235939951 6.3514485896380375 0 0 0 1.3690729354737474 41 51 43 48 181 41 39 31 40 44 179 63 180 40 184 44 42 41 176 119 182 39 178 53 185 193 41 29 177 24 44 68 37 38
14442 -4.3212749512632609 0.39630897239636947 6.6082438675730852 61 65 75 1.2333737939515359 181 12 185 128 186 91 182 15
4268 5.9105608796187026 0.12379345541082676 -0.0029585249030268058 0 0 0 0.89407837033139992 72 380 73 561 71 357 77 746 76 712 78 759 75 764 80 709 74 659 10 543 8 862 6 579 9 662 4 762 3 712 12 475 205 779 208 1425 79 747 5 683
1911 2.0239332306361417 -0.17446077603377944 3.9916327524232642 97 99 104 0.53868317094445806 58 895 62 638 55 731
17172 -3.4219935801755499 0.53559577869368791 6.3702332115442255 70 74 85 1.1647334126544564 142 555 143 565
4174 6.1226117510566045 0.013242970434139337 0.13351761866495293 124 124 124 1.3604563966973351 72 39 73 14 77 160 76 169 80 95 71 59 79 349
5785 3.105397414433746 -0.08766824733895022 -1.3371584101247456 8 8 8 1.2864057954053014 87 340 91 337
16058 5.6859659870207722 3.7698403746071625 -2.9619668107338133 98 103 118 0.37793783638174516 150 306 151 292 147 308
4273 6.0216351026774806 0.35001380903997609 0.15086981927435048 130 130 130 0.75657480783559972 73 583 77 796 76 746 76 764 78 821 75 796 79 805 80 746 74 683 10 667 6 723 73 599 4 944 12 572 8 952 3 869 71 375 72 390
5787 -2.4568556526132097 0.80214411646028128 6.3973626730387689 228 228 228 0.68436485506992817 47 384 49 512 183 148 182 161 178 165 180 136 179 169 177 179 176 315
16060 -0.52207807529046801 4.9408351536152271 2.9218854591130903 231 231 231 1.0940866732705621 150 358 158 219 149 388 148 526
1918 -0.092603501591266374 -1.5179446555084608 5.5638511890542839 8 32 17 1.1784581910366327 58 978 55 795 53 658 51 422 49 227 50 153 47 62
17179 -5.7041719749145576 3.1534126211213325 9.8620089059750029 105 111 127 1.2849563643023902 141 555 142 562 144 541 119 573 120 531 121 516 122 644 123 699 124 658 118 486 125 694 126 604 127 658 128 588 129 533 138 491 140 482 137 438 139 603 136 466 135 451
4275 5.9702722024628878 -0.013675563941806518 -0.093426784058312395 130 130 130 1.2020614280919508 71 372 77 788 76 755 78 811 75 806 74 691 10 652 8 934 6 704 9 776 4 929 12 596 3 859 72 399 5 786 205 949 73 596
16170 -4.5088229954041728 1.1222771366152025 8.6690605223723889 0 0 0 1.5181906858459309 141 82 142 90 123 124 129 52 121 179
909 1.749731553141965 -0.73297418829603422 4.2145729535103209 88 92 98 0.49794329998971076 58 510 62 592 60 577 55 381 53 271 52 513 54 385
5996 3.2613965718520075 -0.301423446737 -1.0844617015208085 0 0 0 0.33746528029985995 88 492 90 502 92 472
17279 -2.5931200291526206 -3.1916258907570634 -0.38272635107614289 0 0 0 0.94758930116540696 11 286 12 253 19 129 24 44 21 53 20 62 22 56 18 210 17 262 16 308 18 239 17 309
2018 2.1643243738325806 -0.89344243689523672 3.858078202140474 11 23 45 0.79350722331834389 62 241 53 243 61 230
2309 4.5633611261420342 -0.17068476600491156 1.6971190844317401 9 11 14 0.84801303081487633 59 959 64 596 65 360 61 871 63 755 66 315 69 266 67 189 68 299
16334 -2.5924265834036802 -3.1908314105530509 -0.38275766841162284 130 130 130 1.0326076450116053 6 692 13 427 16 398 17 407 18 297 8 897
14116 -2.7105583579528183 4.0165784707274108 5.1046926349488011 95 100 115 0.82528560011101859 115 122 113 175 141 340
3942 -0.71931157548973645 -1.1381187761579219 6.3543153781264161 0 0 0 1.8310394747922842 45 64 47 72 48 105 49 129
16341 -2.593255253869827 -3.1916399298932498 -0.38277055714949398 227 227 227 1.7909445307886296 7 536 11 469 5 760 6 687 12 589 17 426 19 196 3 629 4 669
17450 -3.7506434677891596 4.041250673547168 5.2830633686903674 0 0 0 0.11052291919224744 114 47 115 13
12363 -2.0580854456546191 0.7426396393563135 6.5876238447090962 0 0 0 1.3796160322799125 137 363 139 481 128 487 131 453 130 329 137 322 130 288 125 458 41 201 43 200 44 301 46 291 47 496 49 616 183 284 40 194 42 218 46 234 45 259 40 234 45 301 48 349 48 394 125 581 142 473 129 425 124 535 138 390 126 539 127 532 141 496 183 341 144 468 178 195 130 161 173 486 132 216 132 283 134 167 134 252 207 824 143 443 143 509 135 292 135 375 136 417
16420 -2.5931944120165888 -3.1916243887893554 -0.38276805549730136 235 235 235 1.043348494975967 16 303 17 302 18 230 7 410 17 327 7 357 19 137 21 59 24 35 24 63 19 152 20 51 23 32 10 441
1159 1.6289928247058219 -1.4017328188720846 4.3180114292575453 124 124 124 0.91906913856069561 58 1361 60 1058 57 956 55 1112 53 977 52 839
16425 -2.5932240568213136 -3.191622404962132 -0.3827752134111756 0 0 0 1.3120220717987567 17 398 19 165 21 87 24 61 18 272 20 69 22 58
1164 1.7004954352690509 -0.99964253203249276 4.2503143957410048 124 124 124 0.96536355003373764 58 1279 62 1047 60 1070 57 966 55 1125 53 984 52 841 54 1108 206 396
16427 -4.0064462128569724 0.78526488709699727 7.1108253649585995 69 72 84 1.3049265851389822 39 72 41 0 185 7 37 10 40 84 180 48 181 55 188 50
1166 1.7251368001224603 -0.94863653755457389 4.2308694975025611 124 124 124 1.0244514138445393 58 1387 62 1050 60 1073 57 968 55 1127 54 1188 206 401
6253 -3.4670415786674011 0.010592138280057475 7.7527749324315964 119 125 143 0.77064729139130339 40 175 41 146 43 126 185 233 44 146 39 119 41 61 42 133 186 143
5892 3.217623000741566 -0.32309357971815478 -1.2409425828397314 79 83 96 0.72673937752542894 91 155 94 316
16165 2.6332611216055009 5.205829938569698 -1.9257610014670419 8 8 8 0.015304112386953013 150 272 147 382
904 1.6385573150794968 -0.82312788971711404 4.3070705270214908 124 124 124 0.53450773076124303 58 465 62 590 60 572 55 671 53 248 52 500
2023 2.2241580035920947 -0.7115934094668247 3.8312813305437796 41 47 61 0.332664487873371 59 290 53 289
2024 2.1176974111464051 -0.68117410158231029 3.9138578769023793 123 123 124 0.82534658801629457 60 314 53 292 59 315 61 277
7111 -1.952342707060676 -1.0877334648658352 7.2990063292164002 231 231 231 0.57212835496534975 179 288 177 294 176 413 174 363 172 524 173 501
17555 4.4535798097817771 -0.28431422272383983 -1.4908367571705974 0 0 0 0.37887437171113181 76 579 80 454 77 552 78 529 79 506 81 428
7381 -3.3478342180527179 5.3569357697321331 4.9761694515786461 8 8 8 0.66117369317985597 173 202 174 145 168 93 167 35
7574 2.1537208693867229 -0.41823104559924917 3.8875001184048994 10 18 24 0.6796391433691702 59 320 60 339 57 323 53 593 55 703 58 858
2487 -0.11842689256372754 -1.2149548318432122 5.6140076614770678 4 48 15 0.63124193095606629 53 825 55 943 58 1276 50 523 51 592 52 718 49 498 47 372 48 288
16450 -3.3711377035630523 -0.060382577321974169 7.7991283294024312 64 67 78 1.2138902262391242 40 91 187 135 188 137 41 40
1189 4.3817096980706252 1.5204812656216204 2.3650158868127367 231 231 231 1.88806507183088 63 708 60 1115 61 821 62 1090
4251 5.8261879884879333 0.23236326149739656 -0.12917145410340494 130 130 130 0.75665718467565923 73 512 76 651 78 711 75 702 79 693 80 632 74 602 2 600 1 600 7 260 10 371 8 438 6 405 9 443 4 406 3 390 12 414 205 484 208 897 71 338 5 508 72 329
14425 -4.0790501109709707 4.1106146737349647 5.085241302238547 0 0 0 1.6242250743355109 116 248 117 376 119 460 121 416 123 618 207 682 115 210 113 205 124 525 111 214 110 164 109 133 115 144 120 344 118 293 121 350 110 105
16175 7.7796352543523648 1.8707163396375455 -4.6535950527215189 115 121 139 0.98193754960713886 146 352 147 440
6001 3.6295955340685278 -0.24546910808442884 -1.5696756912394128 163 163 163 0.31513807631090968 91 562 90 595 88 610 92 560
9104 -2.0360011183141711 0.7340994534037476 6.6049732593302544 0 0 0 0.98192014086668489 122 206 185 95
14191 -2.2349165738881331 0.91886993061222444 6.4979047738744145 228 228 228 0.78762703867978789 128 432 129 376 139 480 141 453 144 467 132 240 123 509 143 483
2033 1.6585933356108704 -1.6885303739217159 4.2792779066535998 12 24 45 0.34822613575043621 57 398 58 37 53 437 52 392
5903 3.1795359940297825 -0.29216467844099064 -1.3667344320781016 231 231 231 1.8877346163534217 91 363 94 343
16176 7.7796352543523648 1.8707163396375455 -4.6535950527215189 115 121 139 0.98193754960713886 146 353 147 441
915 2.2000446410312895 -0.38707326097540706 3.8492486739105121 121 123 121 0.68384087375833247 58 865 59 648 62 761 63 479 60 585 57 507 55 868 53 748 61 588 54 675
6002 4.5439155553928101 -0.27094624603477829 -1.3158147795071611 231 231 231 1.5902106598632468 88 639 91 590 94 551 90 597 89 706 92 563 93 406
2034 1.6585933356108704 -1.6885303739217159 4.2792779066535998 12 24 45 0.34822613575043621 57 399 58 38 53 438 52 393
17295 -12.55952164295104 3.4722619574743243 15.513929894322105 113 119 136 0.53858577964867849 127 8 143 2 145 106
16463 -4.398812046787377 0.72760199694590144 7.6382579406675246 0 0 0 0.87994470849844997 37 136 39 191 40 223 185 40
1202 2.2976213230385651 -1.378628383404777 3.772060278214254 124 124 124 0.83535328929621133 58 1472 59 963 62 1142 60 1144 57 1026 54 1259 206 834
5915 3.2357197108662143 -0.29842547267702801 -1.1564115299847453 130 130 130 0.05742182153342075 87 415 94 414
16188 6.9868475003415735 3.8416106675190003 -4.388645039284369 66 70 81 1.7884883596454393 146 493 147 509
927 2.0830508129899132 -0.32937085672666228 3.9461168071640946 124 124 124 0.9858277437267986 58 874 59 664 62 777 60 607 57 531 53 754 61 607 54 696
2046 2.2744781027059404 -1.3296059315575464 3.7672615553680813 121 121 121 0.35792470302725948 57 107 59 432 54 147
16465 -5.2229160306441864 -1.7026814263425551 9.9031640477796454 0 0 0 0.90672996625931446 183 317 186 263 184 332 187 212
1204 4.2590354469609464 -0.23147330747792322 1.8838803967757873 9 11 14 0.93243407282065205 59 943 63 739 64 573 65 350 61 853 66 308 68 289 67 192 68 301
3862 -1.117950235139394 -1.0933895299913616 6.606611464500479 0 0 0 1.5978543460735692 46 53 48 39 50 179 49 103 45 62
14135 -2.658246335156965 3.8724301337810401 4.979762732654839 95 100 115 0.28392303466123192 114 249 113 232
16492 -2.5932717167998751 -3.1920266993765316 -0.38260407270197233 59 62 72 0.15844644894682552 11 84 19 148
1231 2.2560218807019523 -1.6451733660218009 3.8001309478250702 12 89 38 1.2224200611878855 62 30 60 12 55 60
14151 -2.0073947237658065 4.4720149154437081 2.9753557364300494 0 0 0 1.2606807315244752 118 466 115 270 113 272 117 441 118 507 112 241 112 254 110 183 109 165 109 174 207 926
16508 -2.5931849377264315 -3.1916398893118827 -0.38274277173996724 0 0 0 0.48098868202940426 17 440 19 205 21 129
16511 -2.5931897739152738 -3.1916257195753102 -0.38276575327510143 235 235 235 0.69034232303194032 16 411 17 396 18 286 15 394 19 187 17 425 18 309 21 105 24 103 20 104 22 92 23 81 22 95 13 448
1250 2.0162008566365874 -1.3909950713819055 2.7843732024291263 123 123 123 1.8847238074035346 63 331 64 228 60 442
16515 -2.5930921377494958 -3.1914448543522749 -0.38291985035875675 231 231 231 1.7876130587867387 14 180 20 8 22 37 20 14 13 281
1254 1.770981414991929 -1.39223783002415 4.1903072343781504 124 124 124 0.86673324767582571 62 504 60 493 55 220
17624 3.2803812691241929 -0.14211498202288572 -1.2234296198085737 0 0 0 2.8270904438883746 86 554 87 523
2098 1.6648160175076867 -0.28046757356481028 4.2961325407846962 99 100 103 1.1857133538190752 58 1315 53 956 52 818 62 989 206 454
17359 -1.3797978129753916 5.5987094281404159 4.1543598709115956 0 0 0 0.92883171017936161 148 565 155 234
16527 -2.593126940602303 -3.1916283656784907 -0.38272807159210015 0 0 0 1.4483699687365956 14 453 19 199 21 120 24 115 20 115 11 459
1266 2.3718900661534432 -1.4344409569785725 3.7084095292487325 124 124 124 0.72987724263507581 62 1013 60 1034 57 937 58 1220 55 1016 54 1057
16528 -2.5923153309531708 -3.1904530757497667 -0.38339049161251332 231 231 231 0.9222014595770035 21 124 15 421 11 488 16 444 13 489 17 434
17637 -2.5933861351323757 -3.1919841312871604 -0.3826458711350772 59 62 72 1.2856980899479582 7 495 5 514 9 445
2376 -0.11729180713422975 -1.2051283582601084 5.6137681986937071 14 25 19 0.67215937489693467 53 200 55 306 58 387 50 187 51 229 52 197 49 280 47 183 48 116
2111 0.25874017993553894 -1.7860246268000415 5.1782917806759823 20 78 30 0.63117828940190812 58 54 53 25 55 23 52 36 50 54 51 79
17372 -3.9118666435199945 2.3574633654741346 5.2717104115022924 114 120 137 1.5798291850311286 143 531 144 506 145 531
16531 -2.5932065204537 -3.1916444965621036 -0.38274980074308801 236 236 236 1.309934634525751 15 294 17 337 18 241 19 144 21 64 16 342 19 159 24 74 20 54 24 50 13 346
1270 2.8324614040346323 -1.4263798205076776 3.363698099835136 46 96 60 1.4012161989055045 60 13 57 4 58 135 54 59
17640 5.4915420384695777 0.65863689948083182 -0.75788166583124228 0 0 0 1.4705685359013168 76 693 80 643 205 649 4 417 77 690 75 713 74 574 76 620 78 624 79 599 5 524 9 454 12 320 81 562 73 524 80 541 83 665 82 631 7 272 10 388
16538 -2.5931202470762651 -3.191626623488188 -0.38272618346745235 0 0 0 0.95879202273076336 21 52 24 43 20 61 22 55 11 208 19 128 18 209 16 307
1277 2.3282867379748104 -1.4882662617883211 3.7121012953607462 123 123 123 0.61137517859685098 59 89 60 48 57 38
6364 -2.239451695530692 1.0871935637619043 6.4684754119009584 0 0 0 0.90789005076779139 44 315 49 617 46 309 48 395 45 287 42 305 184 328 45 330 48 422 182 285 40 232 41 216 181 266 180 256 176 428 175 269 174 248 124 533 125 583 47 472 140 383 131 364 130 291 51 725 43 203 166 345 167 276 168 231 163 548 165 485 170 175 171 172 173 484 169 299 172 404 185 292 164 303 185 342 207 548 132 244 143 507
16540 -2.5934690265523153 -3.1917240684760504 -0.38276594712389322 231 231 231 0.88399118096306495 21 69 24 46
6366 -3.928081291213966 0.95963621225999818 7.4092225632972353 63 67 78 0.46932444138136081 46 50 48 99 185 44 184 27
16559 -2.5931423456526019 -3.1915821763430259 -0.38280159658906943 0 0 0 0.80504684244975488 24 22 22 14 23 14
1298 2.2932864360010137 -0.99745316965842923 3.7709902136996893 50 96 60 0.75894765547523346 62 192 57 174 58 389 55 330 61 433
2142 1.676266571429144 -0.45566856359664848 4.2792165727822109 14 90 38 0.63617833381659628 58 850 62 786 60 614 57 536 53 732 55 859 57 714 60 795 52 657 54 678 54 886
16587 -2.5931872260744626 -3.1916334756925413 -0.38288028138361768 129 129 129 2.3241984499062682 22 57 23 55
1326 1.7024487904117844 -0.81266817023955407 4.2313318022965465 122 122 123 0.4988909086168607 60 320 57 306
2170 2.7181441287833166 -1.2357529451165419 3.3669221269483236 116 116 116 0.6184023584728976 59 102 63 140 64 108 61 94
16591 -2.5930774730896173 -3.1915695399831243 -0.38278993442970305 231 231 231 0.34934321444970551 22 91 23 85
1330 1.6031500043591507 -0.82422347115950301 4.3363441364950468 118 119 119 0.54012120832645605 60 328 62 329 57 313 55 358 53 246 52 245
16596 2.266291320779763 -1.5970433142435978 3.7949011997770183 118 118 119 0.029321264180564466 55 106 58 50
1335 1.6174303601902269 -0.75508249874172084 4.3266075677589297 93 95 100 0.21901667468594063 58 504 62 596 57 321 55 377 53 266 52 509
17705 -2.5928297980817816 -3.1912359439402511 -0.38269876318362711 0 0 0 0.17731937706690409 4 800 9 693
14381 -1.5488365024953279 4.5918032077999209 3.3661907770967781 165 165 165 0.67868897011690643 114 152 110 77 109 92 108 29 108 83 107 94
4207 4.3891454345644281 -1.4145434756205653 1.3753187794255346 141 141 141 0.13261415639052379 69 138 72 152 73 366
105 2.8381530309113439 -1.2202002953482658 3.3511281536078843 120 121 121 0.91198034172965337 58 301 63 128 64 95 61 80
2462 -0.042629455100128992 -1.3398797083932386 5.5305052891976416 17 19 20 0.36006538200336463 53 675 55 817 58 1013 50 443 51 451 52 601 49 347 47 294
16604 2.378645376517706 -1.5275949200537615 3.7019562437127118 118 118 119 1.7409452073231586 55 159 58 103 54 45
1343 1.644187300980763 -0.43258380006980918 4.3085380569099279 21 43 48 0.45199221366101794 62 382 57 346 53 591 52 272 54 404
2187 2.6311838137564316 -0.74092734697172524 3.5148002943719683 12 90 38 0.31634560870080697 59 233 62 227 63 197 64 169 61 190
17448 -3.0328138056413878 1.3727941348698085 7.2663492505541134 63 67 77 0.83477332220070832 122 127 123 80 128 81 129 26 130 21 134 38 139 74 140 22 136 3
108 2.8210479553297185 -1.2248932407729052 3.362475164960129 120 120 121 1.0005831297485996 58 300 63 133 64 98 59 86
16607 1.6418956186849267 -1.6387604172137655 4.2326392401513413 10 22 44 0.042584612296029889 53 455 52 400
1346 2.2060984188904333 -0.17496653398608616 3.8455040296575858 124 124 124 0.87453179591127128 58 576 62 363 57 358 55 468 61 315 54 426
17716 -2.592799217433488 -3.1912197208428563 -0.38271046437863787 0 0 0 0.21722526544675419 4 799 9 691
2455 0.60072266685617026 -1.5892076809078353 4.8553251867103961 45 47 48 1.078060208750931 53 453 55 782 52 574 50 431 51 445
16610 0.44791563971268422 -1.8079544017880875 4.9908316106064703 0 0 0 0.32080412557300031 50 55 52 29 53 16 55 12 58 26
16216 7.5917242234447073 2.1009020187543666 -4.1781725195858206 90 95 109 0.72153083810522356 146 563 147 662
5943 3.7657892570070151 -0.39338806485234673 -1.2177498607539454 0 0 0 0.10233686814181062 88 4 90 16
856 1.82915563208808 -1.5654972421357123 4.1400479648440127 15 26 46 0.76973905485038918 58 126 62 471 60 468 57 93
17728 4.0934588512725849 1.5814650729530195 -2.7049546572507168 130 130 130 1.0110454296725744 3 876 4 951 6 657 7 517 8 957 9 732 10 608 11 422 12 567 205 864 5 806 16 403 13 409 14 411 15 351 85 680 83 754
6916 -3.6005657927222998 2.7272616218295331 4.0618280097487869 0 0 0 1.6951731252370985 178 296 181 322 180 293 174 294
17090 -4.2812295383241592 2.2761828859609698 5.4647831648659215 231 231 231 0.09812049007878404 120 48 143 159
1829 -0.020556342245153146 -1.4697105229840537 5.4943570706741847 42 48 48 0.21756834209592615 58 323 55 195 53 132 52 142 50 163 51 188 49 105
2202 2.1644875045202454 -0.71715929444976723 3.8772380676533142 111 112 113 0.68078205660602098 53 286 59 304 61 267
16620 0.32044433030677277 -1.80329343931884 5.140487269840186 0 0 0 0.67023860593649742 55 19 58 41 50 50 52 26 53 18 54 86
1359 2.7108884978688241 -1.4252331945098675 3.3187509100510022 124 124 124 0.76120662141847273 59 386 63 325 64 219 61 387
2213 2.0576456746147542 -0.17290385064293459 3.8842825335761195 0 0 0 0.6514558619889792 59 359 62 381 63 272 61 336
7300 -0.53138786997756726 -0.25335753845507303 6.7706480593774447 92 97 111 0.88970998110197286 174 274 129 322 137 367 130 176 133 137 133 164 171 196 173 407 127 346 131 294 132 133 177 277 179 241 137 206 136 324 175 288 47 324 134 118 135 172 134 253 134 212
16647 0.30333830183610266 -1.5957203591114191 5.1855553853401748 22 27 27 0.62545768097536258 50 148 58 201 54 213
1386 2.0854907639037092 -0.16293813630237197 3.9425964744100401 107 108 112 0.91218298257868824 58 1082 62 797 57 553 63 505 55 887
2230 2.8808107126816043 -0.70510926633819349 3.4170687705823664 11 27 45 0.42457378498405296 59 470 63 357 64 342 61 425 65 192
2231 2.8999084904967476 -0.68760466905912765 3.4087655894014377 12 90 38 0.25197564317835519 59 472 63 359 61 427 65 194
17492 -2.5932083838964197 -3.1916856128765976 -0.38270082848373504 0 0 0 0.2871700141696174 18 246 19 160
2232 2.9193613491634549 -0.66989509295286942 3.4056991704515696 124 124 124 0.51266860740828857 59 473 62 531 63 360 64 344 61 428 65 195
17493 -2.5932083838964197 -3.1916856128765976 -0.38270082848373504 0 0 0 0.2871700141696174 18 247 19 161
16650 0.067901236277784466 -1.6097554043766176 5.3520216527975863 41 53 52 0.91490827937432617 52 111 55 149 58 204 54 232
14433 -5.9819398396112859 2.6946162908092997 5.6715737496748622 80 85 97 0.92401839065104796 185 2 186 46
4259 4.5649923343184273 -1.4614916244978731 1.2170248858245691 0 0 0 1.2231807646255315 69 241 73 545 71 328 70 298
2234 2.1935984851760195 -0.96848363604391696 3.7379691314683559 0 0 0 0.94168056660906152 53 236 59 490 62 536 61 444
17495 -4.1997894476470163 2.5421056246782596 6.4613428514671352 89 94 108 1.6831092646813539 119 368 120 385 122 272 123 551 124 387 127 518 128 420 137 308 138 363 207 670 136 355 118 335 121 254 125 502 126 412 139 393 118 217 127 278 125 558 126 472 139 445 120 241 128 520 137 387 138 93
2238 2.2497640097030449 -0.71354024553852946 3.8077896935200348 123 123 123 0.82581086708943818 55 397 62 277 61 463 54 350
17499 -3.6829019957006492 2.923245972151383 6.5913490133909658 94 99 114 0.91273860961148823 117 350 118 401 119 424 120 443 121 391 122 468 124 466 125 522 126 426 127 538 128 494 129 432 137 324 139 405 140 330 136 379 120 399 123 503 127 484 138 335 138 388
17958 4.5268865711822643 -1.4740680068812726 1.2587493573383306 0 0 0 0.597205698996644 67 165 68 276 69 239 70 296 71 348 72 367
2697 -1.0981619030868723 -1.1145676571360841 6.5860723500672744 123 124 123 1.0667935584072923 49 483 47 346 46 209 45 252 48 278 175 247 176 375 50 516
16658 1.6311789516619406 -0.85141528388747201 4.0552983446751396 120 120 121 3.2441723057899701 52 499 54 342
17767 -2.5932399842999665 -3.1916322147380281 -0.38277091458868295 227 227 227 1.4447268311717221 6 784 7 607 10 742 12 650 5 915 4 1044 8 1080
2506 -0.13517628400865031 -1.1956803618729364 5.6290152500553523 95 98 98 0.53675682190727003 53 922 55 1050 58 1278 50 609 51 636 52 791 49 560 47 429 48 339
16660 2.0529461324893585 -0.74451770249832627 3.9706270280523475 53 57 68 0.44974966170154823 55 380 54 348 53 273
1399 1.7339666348154663 -1.6889814562680485 4.2172949482613173 12 90 38 0.19307599530654021 58 927 57 600 55 757
17769 -2.5928033743730583 -3.1912456780991802 -0.38272470712584461 0 0 0 0.35992045300968889 4 1084 9 836
2243 5.2835297279905884 0.01036241021380313 1.1945800806955451 9 9 9 0.98779084733018085 59 580 64 302 63 420 65 171 61 525
2245 5.4266080793410882 0.056416731993581881 1.2908097250715853 9 9 9 1.6176602673017833 64 306 63 426 65 174 61 527 59 582 66 163
7332 -2.0375005539870732 1.6104364641397002 6.2948150388877204 60 63 74 1.4749356391834418 176 347 173 402 169 318 172 428 166 240 168 144 171 107 170 107 167 174 169 233 172 336 174 269
17775 -2.5931708950667778 -3.1914042642557692 -0.38303715831428337 0 0 0 1.7290408373129147 10 702 6 793 7 583 14 470 5 935
16669 1.5594631402029748 -0.24443672729942481 4.3865243553882705 0 0 0 1.1468549736437343 50 371 52 529 62 652 54 429
1408 2.0900839788806458 -0.4153866879720769 3.939334451065462 112 118 124 0.97883940475336972 58 1058 62 765 57 711 54 881
17787 -2.5924115680255686 -3.1908326479326341 -0.38277378583449423 0 0 0 1.4666787928041263 12 505 14 366 10 533 11 404 7 463 10 638 13 402 15 344 16 388 17 360 5 631 10 320 16 306 6 358 11 293 5 834 4 882 8 727 3 742
16684 2.8046899920198758 -1.428365977275625 3.3819142962751179 124 124 124 1.1701271526329959 58 680 54 485
2267 3.2353012083361783 0.66202327782383696 2.9403099355442124 142 142 142 1.1710239285943627 62 900 61 695 60 810 64 426
4058 -2.4509878815489619 0.83713832287947898 6.3926409230515278 228 228 228 0.33579327891987848 44 335 49 651 46 331 47 524 48 416 45 324 42 326 43 224 185 361 184 346 183 334 182 317 40 258 41 227 181 285 178 300 180 273 179 314 177 339 169 395 173 505 170 261 171 268 165 579 167 357 168 323 166 448 186 281
14331 -2.0171777777343336 4.4988690760129932 3.7268276722674933 59 62 72 1.3414350050912791 112 234 111 239 115 240 113 229 109 144 106 183 107 149 107 169 105 192 118 410
4157 4.28009480500398 -1.2840583128592389 1.4648821202036628 0 0 0 0.88925687924827468 66 195 72 246 70 218
16688 0.61568404401482701 -1.7462636870824335 4.9473150428822441 16 18 19 0.75622744981808554 55 33 58 61 54 498
11700 4.0178796006165154 1.6280072381807587 -2.5053866793400767 0 0 0 0.80866928202342991 1 724 2 724 6 542 12 434 14 343 15 303 205 656 11 244 5 700
1427 3.2834188666873354 0.7675563923649511 2.9267498974587691 142 142 142 1.1087883112129833 62 906 63 585 57 836
2274 4.8193563319740127 0.011869107086356261 1.6979808182574265 29 30 30 0.99360748827488921 59 693 63 525 64 383 61 722 68 184 67 107 69 181
16692 0.16928097031717929 -1.7341553900612825 5.2533325685589753 10 18 12 0.51924883249935705 55 505 58 652 54 532
1431 2.8109694893614279 -1.3726213877322571 3.3763593613021468 124 124 124 1.1536343691404192 58 1352 57 850
16702 1.6272767551302065 -0.23406338892422082 4.3068095114528848 101 103 106 0.9327134630792403 57 566 62 804 54 713
1441 1.7134315946771967 -0.92105566810307804 4.2487055518561023 11 79 39 0.30692899613351088 58 1287 57 890
6528 -2.3636679677666863 0.77831746462637075 6.4517782728232627 228 228 228 0.62639587398118257 182 217 181 158 178 51 44 228 43 109 45 171 39 132 42 179 46 175 47 308 184 178
2029 2.2006775736866011 -0.32799064056703175 3.8493467708397953 41 46 59 0.21623648223194811 63 241 53 348 61 294
17290 -12.635467119630311 3.1980155028264754 15.340007838067029 99 104 120 0.99773968989440753 122 75 125 76 126 49 127 43 145 92 120 80 123 165 124 78 121 95
16171 6.4790370968267466 2.3208114481315829 -2.3580405981952226 95 100 115 0.46384712660349897 149 339 147 426 148 356
910 1.749731553141965 -0.73297418829603422 4.2145729535103209 88 92 98 0.49794329998971076 58 511 62 593 60 578 55 382 53 272 52 514 54 386
11084 1.7879511184482262 -0.35367237006258428 3.332224907051311 32 76 50 0.31656526580160227 166 390 165 511 163 570 164 271 161 115 160 88 159 53 157 52 162 81 158 24 156 36 155 38 153 48 154 69
17280 3.2390039792340968 0.760981205795354 2.9571154868719414 0 0 0 1.3622665176744866 60 651 64 523 63 638 64 478 62 993 57 921 61 703
2019 1.6693164036903625 -0.8114070423850932 4.2816394244777403 114 115 116 0.28380686397046601 62 318 53 251 52 252
16712 0.8455182489408396 -1.7761148443449002 4.7255583718440652 0 0 0 1.1835968803918653 52 555 53 635 55 480 58 923
6538 4.3276754126337202 -0.20599103964432491 -1.3466323048996651 0 0 0 0.2630105829986833 80 147 87 93
16713 0.53912750312377455 -1.7956507927857335 4.9100421508699155 0 0 0 0.51537211411603034 50 391 53 632 58 925 52 552 55 746
16180 5.2417366748843435 4.4326640734782563 -3.334220507443169 114 120 137 0.27006810631101091 149 403 147 472 148 541
919 2.2128734153120599 -0.36301775818275722 3.8382884155038157 25 45 49 0.75471013541893728 58 541 62 605 60 591 59 527 57 513 55 436 61 480 63 380 54 688
6006 4.2516483149012396 -0.13826912759586091 -1.9233161658260651 59 62 72 1.8538511818218988 88 459 90 418 94 425 92 401 94 332 99 261 97 276
17289 -12.970074342320395 4.2526699031493136 14.588844724219118 96 102 117 1.0889525787520127 145 90 118 115 127 46 117 58
16183 -8.3623455251297703 3.9346762357827778 8.9877001141377608 0 0 0 1.3297449906247112 119 200 122 221 123 394 124 364 142 156 121 212 118 72 126 386 119 150 121 151 117 95
922 2.1910123837119664 -0.32370475122645653 3.856235266633167 123 123 123 0.63150737918446975 59 657 63 487 60 595 55 873 53 759 61 601
17292 -13.071572154026404 3.4606511329675222 15.749278851905972 59 62 72 0.97652007573717281 118 77 145 97 120 82
7118 -2.7124508654859256 -1.3286946429612767 7.391791599425023 231 231 231 1.5318983833465774 177 324 176 440 175 397
16724 0.32093327481252876 -1.6175770698347935 5.1672080878460438 23 27 28 0.63964648714151318 50 413 53 648 54 937
6550 4.5168262217314554 -0.28216293732334319 -1.3879845932476511 51 50 50 1.0581755255035823 76 701 77 699 78 696 80 604 81 580 82 650 75 757
17833 -2.5931967625770596 -3.1916301748303302 -0.38275487347168224 226 226 226 1.0642313698612635 10 447 5 273 12 457 7 457 8 364 4 330
16185 6.910681394385688 3.5396251719511618 -5.3559498129483689 115 121 139 0.17640718378065123 146 438 147 506
924 2.1725718149745292 -0.31507457812710882 3.8753734151697441 12 90 38 0.81099238397215911 59 533 62 610 63 388 60 597 58 552 55 451 55 719 53 607 54 412
2877 -0.70295152970766883 -1.03546745660357 5.922005453667083 6 20 42 1.1474658281361323 53 1076 55 1228
16451 -3.4121879178129602 -0.044086920079133916 7.8294733684362656 121 127 145 0.35834033699586493 40 177 186 173 187 147 41 147 43 159
815 2.1539734293195147 -0.30863722323222509 3.8862300807146348 122 122 123 0.75391694896210881 58 553 60 355 61 301
16076 6.4831108269790789 1.1528976866408176 -3.5652921890642171 10 20 13 0.096499247172747243 149 223 146 23
3172 -0.87906633652476796 -1.0598853081436057 6.3798512761758595 27 82 39 0.67722779016423496 46 101 48 104 47 224 47 69 45 103
7041 -2.8778991219449739 -0.076447510498854385 6.963390765482198 93 98 113 1.414685491075969 178 357 179 372 177 395 176 507
17314 -3.0513086098094906 1.3390418241788895 7.1204643024091823 61 64 74 0.96081915991712419 137 45 138 49 144 140 128 71 136 30
17855 -3.4740743661730193 -0.21440326438213159 7.50530271185196 69 72 84 0.35814633270236884 187 15 188 51
16750 2.2256740804928508 -0.9137619114350678 3.8315437453010426 112 118 124 0.55740943934070364 55 1207 58 1478 54 1271
6576 -2.1929975041986136 0.87289623553056528 6.5233799050628543 228 228 228 0.027091632638700722 44 196 40 145
17859 -4.9865277835867916 -1.716342200330204 9.6285103320777168 231 231 231 0.60944702392756422 185 27 187 48 188 85
16212 -1.0434222335040584 4.2481704665969442 2.7613275018398071 0 0 0 2.3794093653488395 170 361 171 372
6038 3.7821536635631627 -0.3995618875457268 -1.1971884776497461 0 0 0 0.42966412714626917 91 202 94 168 92 319 93 263
17321 -14.401773209947354 3.3115635193233275 20.257100495507224 107 107 107 1.8155681666602241 123 261 145 230 119 358 124 224 143 209 120 337 121 233 125 289 139 169 141 182
4222 5.6340034191195976 0.30714856775828903 0.65329521167037763 67 70 82 0.59489309778962396 67 138 66 260 68 242
16753 0.73325691607011945 -1.7579722859778979 4.8626131009283702 74 77 79 0.97497877329750349 55 1193 54 1289
17862 -4.0322725013691612 -0.42181539969326509 6.8493672905050715 231 231 231 0.35096745078849223 187 95 188 99
7688 -2.7414861389588259 0.81780013658899509 6.2681257193378626 228 228 228 1.2283702181943454 175 232 125 334 126 231 128 225 137 121 172 381 176 303 177 166 178 154 179 161 181 134 182 150 183 247 129 184 131 251 138 151 49 439 142 232 141 425 124 262 139 203 140 159 43 94 45 209 170 155 185 162 44 57 183 11 168 208 169 266 171 147 40 103 144 362 184 13 184 157 167 253 39 88 37 59 184 253 46 259 47 380 144 217 145 293
2601 0.10965563072387001 -1.661537938782637 5.3463651022031327 6 10 8 0.51734796399561722 53 421 50 285 55 539 51 300
16757 2.4237492683775321 -1.4968338182459191 3.6698529198318739 12 89 38 1.7185911287438169 58 123 54 61
17866 -5.3024165463419601 -1.7156686623650179 9.9717547037145486 0 0 0 0.3573869447273556 184 86 187 124 188 126
2340 0.17713981539230841 -1.7257993168624075 5.2697442812659085 20 74 29 0.60353028747883342 55 55 52 59 50 82 51 103
7427 -0.8234006774897531 3.518234622678245 2.1048632636450093 59 62 72 0.82612038883578209 173 548 174 407 172 539 169 408
17867 -6.6954299673445252 1.8122251995960785 8.1851591985229728 126 124 124 0.69577467259068182 184 100 188 128
2606 0.56510068459659069 -1.5450727054184201 4.9504773098753869 3 5 11 1.3469697963531269 53 129 58 210 50 319
2341 0.21191485754876541 -1.7202851460655437 5.2351675035444547 39 50 49 0.48118956714615024 53 51 55 58 52 65 50 88 51 114
17602 4.4422130921362593 0.42461778522533217 -2.0298559101308591 0 0 0 0.76837417161146682 79 630 80 570 81 547
16220 -8.0236795725849266 10.002011605337687 11.123185454021485 0 0 0 0.47466261333663851 152 36 173 208
959 2.2825677060167195 -1.5989109336810676 3.7776280176167192 112 118 124 0.87947697152652415 58 929 59 594 62 675 60 676 57 588 58 623 55 533
6046 3.4250803783136354 -0.31458597783701886 -1.2261089743679052 113 119 136 1.100445019679607 88 280 92 382
2344 0.13145590784466424 -1.6612340565375834 5.3204193345381965 39 49 48 0.56788882395914164 55 109 52 94 58 167 50 110 51 139 49 81
7431 -0.97996309808300075 -0.94670008799660288 5.8471338994864386 231 231 231 1.4249194266710725 172 487 173 537 173 504 171 153 169 274
16766 0.59925973310208536 -1.8505762516072133 4.9347723250829016 11 14 15 0.89670737444389881 50 380 52 541 54 756
6592 -2.3911945629693854 1.4134907134429664 6.5268835545158552 61 64 75 1.4191155954210808 44 67 46 117 185 12 184 82 44 201 184 193 40 150 41 123 45 74 183 13 180 37 49 151
17875 -3.4219175777395558 -0.070166015206243784 7.6880167959784185 62 66 76 0.17752264292164166 187 174 188 176
2614 -0.18161963808898463 -1.2738746307351865 5.6667702676317955 2 86 28 0.41342654002185297 53 515 50 342 51 359 55 299
2349 0.061892793514719394 -1.6097966855142478 5.393649313614552 35 45 44 0.83335325160873075 55 150 58 205 52 112 50 126 51 161 49 90 47 61
16767 0.6368176890774716 -1.8718437817903326 4.9048416026942165 15 17 19 0.7663982258128188 52 676 54 1038
16769 2.2750668467978326 -1.3138746484474508 3.7857942497068695 117 117 119 0.69311290954799376 58 1246 54 1079
1508 0.25321943662654239 -1.7507250445662788 5.1873635854502638 40 51 50 0.86247250292967792 58 93 55 42 52 54 50 76 51 101 49 52 54 118
2352 0.24913597578635158 -1.5518680231217326 5.2159902943820144 28 33 34 0.17202433155074542 53 126 52 137 51 183 49 113
7439 -0.48919606087751177 3.0034075087386798 2.4165802406259407 115 121 139 1.9753054795608083 173 605 172 605 169 483 171 337 170 318 167 399 168 361
14551 -3.6140412526812811 2.361259607263722 4.3241484970077639 236 236 236 0.094134854745356045 184 40 39 85
16771 0.81429079796434156 -1.8232982805898375 4.789012421515018 12 90 38 1.8157505708921682 52 911 54 1283
1510 0.23248761546552249 -1.7357088785912085 5.2120528305023575 39 49 48 0.50364028835211205 58 107 53 40 55 50 52 57 50 80 51 104 54 121
17880 -6.8148668417727745 -1.7917591722403612 11.693834509481276 0 0 0 0.33073387596423715 186 243 187 200 188 197
2619 -0.17573763589788569 -1.1986405758008167 5.6679962121864547 1 2 2 0.53811990363849282 55 628 58 778 50 358 52 453 49 275 48 163
17914 1.4053628658976289 -0.33728706003515974 3.8972150894130406 0 0 0 0.36628559014738704 168 105 167 117 166 48 170 82 165 178
5845 4.5223853503306239 -0.24553004708336829 -1.5536476060772901 0 0 0 1.7699075794794981 77 115 86 152 77 114 80 59
16118 -1.0150329096894246 5.4085885576281125 3.1848243007516976 231 231 231 1.4793536790789681 150 415 146 453 147 519 148 597
1976 2.2574009807749071 -1.3339551842745272 3.7999769552005889 27 35 51 0.54666344524681065 58 252 55 233 62 483 60 478 57 112 54 146
17237 5.2182581710084088 3.8871664755741731 -3.2525600398097452 85 80 76 0.41363200978645148 146 549 147 636 150 479 149 514
16662 2.0671156041005423 -0.738345887223405 3.9606079127925171 115 115 116 0.47057264738765775 55 383 54 360 53 274
1401 1.7551405050139246 -1.413866472082048 4.2055228448653956 124 124 124 0.21108618276488467 58 967 57 630 55 801 53 677
2520 -0.05602116660207275 -1.2510893484643553 5.5483609441549326 7 8 9 1.1564255974497644 53 1040 55 1183 58 1445 50 640 51 693 52 890 49 609 47 517 208 1318
1552 1.719386276598821 -1.3532737020440613 4.2354570430623895 123 123 124 0.27260485605711482 57 164 58 290 55 230 53 523 52 468
18051 2.6995594996422656 -1.3376702961016442 3.2933733567988126 0 0 0 0.44716984518594877 64 495 61 768 63 656
16965 -3.4258568698643406 2.29714732360158 4.0802731200150522 0 0 0 0.12526007224186969 183 360 184 395
1714 0.12907800306508257 -1.2756220942329788 5.3664127310884115 33 34 36 1.1338778517831414 58 1017 55 824 53 680 50 451 51 455 52 609 49 353 54 966
15856 -1.071793527276502 3.7713392678653399 2.212221198709615 0 0 0 0.11211177554787008 168 92 172 308
496 2.2158317865395154 -0.18678200167577236 3.8379764510761589 73 76 82 0.94291344973114977 58 1190 63 575 59 736 62 889 60 908 57 717 55 991 53 881 61 689 54 904
10769 -2.5778503922636706 0.86714173207977485 6.3345029377094306 0 0 0 1.2154218048760459 126 355 181 139 176 311 44 60 49 511 42 169 47 303 48 294 46 213 43 98 182 80 182 155 41 90 138 160 175 239 129 290 125 345 139 216 140 174 128 339 130 207 183 143 185 165 184 163 167 261 169 277 173 366 166 330 168 216 177 176 124 274 178 160 180 128 45 256 141 243 142 252 186 120 37 61 143 429 143 271 145 305
16453 -4.0588043229871653 -0.41381392909196835 6.694068499112384 231 231 231 1.3411562951381248 183 226 187 167
1192 2.7598701654032491 -1.3315335618151269 3.1986922251851477 112 118 123 0.3248134198781103 59 905 60 1121
6279 -3.8306938961183308 -0.93556645554383333 6.9582182128596086 231 231 231 0.35037652850932782 185 5 184 3 186 6
4254 5.8537348256959927 0.26344331406696148 -0.053122175661739858 130 130 130 0.44861354947871679 73 516 77 684 76 654 78 681 75 706 79 656 80 584 74 606 2 604 1 604 7 389 10 385 8 618 6 417 9 307 4 412 12 316 205 493 71 323 5 365 72 333
7014 -3.6942075496129299 0.87193635993066909 7.3504203074014924 94 99 114 1.8398661866289276 178 240 180 248 179 262 177 272
1927 1.7167048434194658 -0.73856717005978312 4.2449612282075933 91 94 100 0.28567646585635664 57 702 55 847 53 723 52 650
7568 -2.6354890292162283 -0.19939670846647378 6.7984762631392357 62 65 76 2.4860636376187832 176 373 179 232 177 158 175 315 177 270
2481 -0.08315455337209765 -1.2791465842350564 5.5767626880613346 17 18 19 0.68848974121360751 53 809 55 937 58 1128 50 519 51 524 52 712 49 428 47 295 48 235
15887 -0.61005013852821255 4.978712257945225 3.0493072382804951 0 0 0 1.4464287321432088 172 580 173 530 170 337 171 328 167 414
1749 0.41536959422434161 -1.6489764085350442 5.0303585927146912 62 71 71 0.78938076774113786 58 1347 55 1010 53 896 52 766 50 555 51 567 49 482
17010 5.2793356079529055 -0.15605876996622661 0.92475751331058931 29 30 30 0.22816592559415935 147 342 150 175 148 329
15891 -1.2898323842773507 4.1302988430496068 6.1149137543945242 107 107 107 1.2514030059776173 174 34 150 172 149 95 151 181
630 3.2410508575893053 0.69040621948486203 2.940796859200733 142 142 142 0.86876409944995614 64 590 63 752 60 1140 62 1111 57 1023
17005 -8.981417901565349 9.0027262592755601 9.0687489538209167 8 8 8 0.086588972104499784 154 140 148 303
17104 -4.5808373813533461 2.5524827499152565 5.3558504016462525 231 231 231 1.2745331942413176 119 64 120 141 121 13 143 218 142 15 145 251
6831 -3.3083933906645799 2.3281078798713026 4.0976494290160792 0 0 0 1.0379387913628111 178 140 180 111 181 130 182 147 183 137 39 168 185 282 184 160 185 163 37 124
17009 -6.5620744514273017 3.1664590733107327 7.3090106458877386 0 0 0 1.5958485982018182 122 34 142 45 123 22
1748 0.29277622327264513 -1.715821175814525 5.1567696337039175 67 83 79 1.2240564521335315 58 1339 53 968 55 1088 52 826 50 600 51 620 54 1159 49 542
14378 -2.0620604447883664 4.7864846351400647 3.3475957544664636 0 0 0 1.9760752214567039 120 135 110 63
2593 -0.39153561642215945 -1.7246011773232903 5.8469264332481909 50 54 60 2.0392581464002388 53 406 51 54 49 177 47 31 50 236
2329 3.18520044642566 -0.51736859877711772 2.7570107493657114 0 0 0 2.0233670462908684 60 1201 62 1174 61 907
7416 -0.07307988830756873 3.3213023767219596 3.1282173263110709 66 70 81 1.5630328374942948 173 434 174 353 172 361 169 340 160 96 161 166
16471 -5.0015494777674787 -1.7096122404613989 9.5730620414933973 0 0 0 0.77871626516050318 185 25 187 29 186 21
6297 -3.6402695531112674 2.2878187451173542 4.4090381024171235 0 0 0 0.52747402781749364 185 152 184 138 183 111 181 64 41 77 40 99 186 112 37 45
17012 -17.213462570117443 27.923722366787928 26.346744212922708 0 0 0 0.62594117100009816 150 188 170 128
15903 -1.849610130828691 5.9090858133045412 4.8110313637132114 231 231 231 1.344763931771094 154 265 150 328 152 248 149 359 151 267 146 381 147 453 148 482
1764 0.48211620092211788 -1.647441084727195 5.04629809137659 5 5 6 0.70336883452428989 58 1433 53 1027 55 1169 50 633 52 882 54 1235
15906 4.5180287833056374 3.0216903099226138 -3.0957773153507633 83 77 74 0.83587779497230574 154 323 150 359
17016 6.4557208197909128 3.8827104232559795 -3.3260654109093424 59 62 72 0.59972607701982728 146 265 149 351 148 366
519 2.0337029491799097 -0.19426534430965375 3.9885767699793848 124 124 124 1.4827337733832775 58 1189 59 807 62 986 60 913 57 828 55 988 53 960 61 759 54 1017
17018 2.6773831693468066 5.1652590058433248 -2.1811597349437877 158 158 158 0.34951963243138029 146 280 148 392
17117 -2.3832920762810592 0.49903738037122036 6.4378079393549879 0 0 0 0.21177708020599201 144 234 143 272
6844 -4.6489329679075917 0.9923121173503715 8.1378340944288645 60 63 74 0.72793914622642863 180 20 179 32 177 41 178 25 182 6 181 1 183 6
2882 -0.29109597810804683 -1.3623590853292347 5.7685855584494252 3 94 33 1.7821567829477958 53 136 50 322 52 160 49 242 53 138 55 595 58 347 51 337 55 249 52 169 58 344
15915 -0.048245551867862439 0.38925084330317128 7.4866180764918591 0 0 0 1.5302968318186525 153 343 150 454 152 349 149 495 151 419 146 544 147 628 148 649
17027 5.4368765867282791 3.6932390726276636 -3.151151117791287 110 116 133 0.95679838083993018 149 330 151 368 148 432
1766 0.62385166584280682 -1.6082521870782662 4.960161507147034 2 5 14 0.90686857821350231 55 1147 53 1030 54 1237 58 1436
6853 -2.9806489970603685 0.92632946038430208 6.1647335342114369 61 64 74 1.7372848661019566 180 35 182 77 124 163 123 199 122 173 131 87 181 76 179 13
15918 -0.014951847211430955 3.3590208909970878 3.4163471217044621 0 0 0 0.46017083745300108 169 504 172 610 173 595 174 452 171 362
529 2.297341936732995 -1.4592631860361089 3.7673720049447437 112 118 124 0.76673963691902214 58 1348 59 834 62 1017 60 1036 57 935 55 1106 54 1155 206 377
15889 -4.1289259450103248 5.346960776553531 4.3454903535026963 0 0 0 0.040584614552867659 168 139 173 388
5616 3.2135578317705615 -0.30384575151133608 -1.3868333212348907 231 231 231 1.1294705262158919 89 392 88 468 87 229 91 446
530 2.2254014729070866 -1.4244519266828439 3.8242790973638807 12 90 38 0.72835400585501753 58 1222 59 841 60 959 62 939 57 863 55 1021 54 1061 206 140
1778 0.24091436046115569 -1.736513344701351 5.2001435647058303 13 15 16 0.83611198288167787 58 1466 53 1047 55 1195 52 898 50 647 51 702 49 631 54 1291
17039 6.5172653473387561 2.4641807762100778 -2.0902619932551061 121 127 145 0.57522983402326056 151 372 148 546
15920 -1.0844366084754795 5.3541695272794252 2.861678350980366 84 89 102 0.81414533994029048 153 366 154 337 150 474 149 508 151 432 146 570 147 652 148 664
1964 0.073235728341988562 -1.6252476047478506 5.3776390541140984 6 6 7 0.92520579766897404 58 1470 55 1172 53 1028 52 881 50 632 51 683 49 603 47 513
10810 -0.74214508073512853 3.7705103830484354 2.2564387777743202 90 94 109 1.6474463981712864 171 371 167 466 166 534
537 2.1451506037937915 -0.69430278662444533 3.8951654259577522 124 124 124 0.79441746378354594 58 1394 59 860 62 1052 60 1075 57 973 55 1131 53 991 61 800 54 1192
15897 -0.69025055062103069 3.3461439343291852 4.0625599687309304 67 67 67 0.92386457436189084 153 260 154 257 150 241 155 178 153 221
5624 3.305603261345182 -0.40562876736695813 -1.1594969437797122 104 109 125 0.35401844377521724 87 444 89 551 88 517
17036 -0.94428630664727631 3.9145830701427502 2.1726578930088762 0 0 0 1.605076749821627 166 462 171 111
1785 2.8797340767635542 -1.1381341244317846 3.3245581669364919 96 96 96 1.0524999326060682 58 342 62 93 60 111 59 106 63 333 64 237 57 115 54 234
15927 -3.7463321299840291 4.9986771955703606 3.9644520079320067 0 0 0 0.27910510503587654 163 445 167 168 165 135
4131 -2.6563359047700921 -0.76969154517095351 6.6325633212864918 231 231 231 0.85364889688850998 44 354 45 351 42 346 43 260
14404 -1.928662781616125 4.4955673659387934 3.2673668386477361 0 0 0 1.4811569128232003 116 130 120 137 115 115 113 144 111 164 110 111 114 228 120 407 115 190 109 121 105 40 108 93 106 148
4230 5.7688600773508893 0.11336900339298565 -0.25773841783120216 0 0 0 1.3429857300549406 72 286 77 623 78 664 75 691 74 553 10 342 6 382 9 426 7 241 8 591 4 584 79 644 3 558 73 469 1 685 2 685 80 616
17037 -5.2703945412111368 2.5920243511554939 7.9892496363572478 59 62 72 1.4998043067727569 142 89 144 129 140 15 118 88 126 37 127 23 137 2 143 166 119 35 124 46 129 5 137 1
10813 0.96810866956472841 -0.73303262637795064 3.5211899113789062 116 117 117 0.15416626630952518 168 20 167 15 166 9 163 6
540 2.1333940454641063 -0.36043172686178782 3.9063331324358699 124 124 124 0.87514772166682653 58 1397 59 864 62 1060 60 1079 57 976 55 1133 53 1016 54 1196
15930 -0.55929238534049852 4.4590243042448732 3.1306212071190558 114 120 137 0.16848620901526135 158 74 152 77
669 2.3602344249450513 -1.5261078734858322 3.6891030335358255 118 119 119 0.73432358373386852 59 406 60 34 57 17 54 46
17040 5.405439483106032 4.7282831863377739 -3.1356908439897739 74 78 90 2.0425365214586813 147 428 148 547
17041 5.4631721389256578 4.8779249174883104 -2.8993495479670224 64 68 78 0.08319857043901599 149 376 148 552
1780 2.893160513731035 -1.4013629814912947 3.3148516880924213 123 123 123 1.3007343182985653 58 1512 62 1159 54 1303
17047 5.154116280824784 4.7908510964893871 -3.4073237033285899 98 103 118 0.16369105597944089 149 463 148 580
2630 0.24832173176810815 -1.611399879004227 5.214375456571001 60 75 72 0.93664675171801581 53 649 55 781 50 411 49 407 54 796
17048 7.0648869253868742 1.4227035467303626 -1.9007122985153382 62 66 76 0.53297743346082949 149 438 148 584
1797 0.27332710032222229 -1.7646832287073977 5.1655619952288951 40 51 50 0.51617010851272072 58 77 55 30 53 33 52 46 50 66 51 93
17058 -4.0380047217911432 -0.508846174406972 6.7314416537656898 0 0 0 0.22426470166392526 183 3 184 2
15939 -1.1645804244228803 4.9427239299240506 2.0418367390267771 0 0 0 0.098527137363939477 154 303 166 535
10852 -0.64190529704086241 3.4454656857192827 4.148102850909094 109 115 131 1.5705524856163895 168 433 167 472 166 550 165 678 163 725 164 495 161 316 159 197 162 224 158 210
1799 0.19637967275067905 -1.7422001024138662 5.2481792201804929 20 73 29 0.41436809635234617 58 104 55 47 53 39 52 55 51 99
17054 5.2005430218011748 3.9661638624609008 -3.2899897662123907 165 165 165 1.9485175348008623 146 507 151 415 150 439 152 333 149 434 149 483 148 579
16517 -2.5932259579181576 -3.1916207533675669 -0.38277721685165406 0 0 0 1.7260479376845701 14 292 19 115 21 31 24 33 18 185
1807 1.6962584984858533 -1.6146155340035675 4.2501883185703742 112 118 124 0.23583531729540769 57 81 55 114 53 128 52 416
4164 4.5730152165366631 -1.23356568356411 1.2931532465585176 0 0 0 0.77057961728547719 69 205 71 283 73 491 68 234 70 270 72 346
15949 -1.283967257956534 5.1331952787962507 2.0007952822934905 231 231 231 0.22421645095459711 153 364 154 335 152 365
17064 -7.6838247365746248 -1.8125824844802951 14.374289102728229 28 29 29 0.3813727411311903 122 45 143 79 145 107
16524 -2.5931558044290437 -3.1916361502280246 -0.38273037356039935 236 236 236 1.4171719196176891 15 251 21 67 20 9 16 209
17065 -9.4289134690232981 4.0370421930466724 10.143799290356096 8 8 8 0.89330960330517706 121 1 123 15 143 80 120 22 122 22 124 82 145 176
1804 0.13064748383614144 -1.659992453541719 5.318270741645442 40 51 50 1.0336511691596688 58 166 55 108 53 73 52 93 50 109 52 97 51 138 49 80
17067 -4.7333981498823361 0.69204575394629453 7.8723612801324929 61 64 75 0.40648892867209085 141 8 142 63 144 70 143 97 145 185
17074 -4.2603477863251129 1.1909327759510226 8.2960602108120334 61 64 74 1.9169143281688525 142 91 143 116 140 57 124 117 138 38 121 182 122 171 127 81 125 211 126 87 131 93 119 96 137 33 129 130 128 134
17076 -5.7488399488305104 3.124551948962945 10.096802695580706 59 62 72 1.3037552476189156 118 101 121 137 122 120 125 125 126 96 137 42 139 71 143 119 127 160 118 59 129 140 128 72 145 79 136 29
1815 0.060711738468917219 -1.625145062910113 5.3975480586347881 5 8 7 0.53960353004533501 58 197 55 140 53 89 52 106 50 123 51 157 49 221
16543 -2.5930645479565295 -3.1916001970887513 -0.38272401092653391 131 131 131 0.44136980504400392 21 83 24 86
1282 1.6809832428347793 -1.6400347054922633 4.2633235230052193 109 115 121 0.91948600731520991 60 97 57 70 55 93
16268 -0.6200169210954406 5.1275203151080788 3.0302940542765029 142 142 142 1.6580000682923999 163 745 165 687 166 557 164 520 167 482 170 370 171 380 149 497 150 457 151 406 146 546 147 630 148 651
1007 2.1011003686783751 -0.4137716561638709 3.9152166002645181 112 118 124 1.0319549593963473 59 653 62 764 60 787 57 710 61 595 54 883
6094 3.665540201059593 -0.21149927076900982 -1.5614401986214299 163 163 163 0.64183438766390233 90 232 93 209 92 123 97 156 96 81 98 123 100 108 102 159 103 113 103 132
2126 -0.15119775978616168 -1.51992206804542 5.62173574203148 72 75 77 0.75819026780606646 55 796 58 1104 53 657 52 575 50 419 51 421 49 323
15975 0.066042501077028914 3.4495686384526572 3.3581879182460095 0 0 0 0.12536572907753493 172 316 173 270 169 208
16548 -2.5931930892192576 -3.1916297176894406 -0.38275992650940466 236 236 236 0.30806980032425768 16 207 18 187 19 117 21 36 20 26 23 16
1287 2.3509142280292212 -1.4051322119991299 3.7058641064460285 120 120 120 0.21337792924977381 59 114 62 84 57 87
17089 -4.5758329108027489 2.7679261908689003 5.212650239598104 116 122 139 0.53557221886005801 144 119 143 156
16549 -2.5931936101199824 -3.1916317587881458 -0.38275929924852609 236 236 236 0.46575054139378563 16 208 18 188 19 118 21 37 20 27 22 46 23 17
1288 1.7037130325185894 -1.6084925247470885 4.2435052768473103 46 53 65 0.017819543790230583 58 100 57 88
7109 -2.3862647324942028 -1.5742972039613823 7.1543978351101885 231 231 231 0.57782208174286553 179 247 177 283 176 365 175 338 42 255
17283 -4.411331718884445 -0.19320301794961162 7.8897530327444629 95 101 116 0.27717990759153888 143 15 145 24
2022 2.0671878788930691 -0.73923090429111171 3.9619713328189605 118 119 119 0.60442858702284941 55 384 59 312 53 275 54 361
16550 -2.5930994056193293 -3.1912641677621085 -0.38309420947002937 231 231 231 1.664424612998614 24 18 22 30 20 36
1289 2.8680951720482053 -1.214196664397321 3.3165835774052264 120 120 121 0.56052687935512591 59 77 62 61 64 229 57 95 63 117 61 71
17091 -5.4556500514265727 2.605156928659135 7.7471036674890934 84 79 75 0.6576356625842138 119 162 143 161
6917 -2.4678459439757714 -0.8229127646104637 6.5201120697116766 103 108 124 0.40071604752955753 178 342 180 300 179 351
17092 -5.2335929084385331 2.6159496627299346 8.0116748370413866 59 62 72 0.70508351895577603 120 55 141 83 143 167 129 6
17093 -5.3445356077234223 2.7517472505732687 8.3630766737156144 59 62 72 1.6962657994071668 118 89 129 8 143 171 120 58 121 128 127 24 128 23 142 92 145 274 136 1 139 64 128 24 136 2
1832 -0.038028883153177873 -1.4546618798302688 5.5094175222126376 41 47 47 0.35048776237662843 58 745 55 204 53 482 50 165 47 70
13766 -2.2031104847492422 0.83290542348879271 6.5220867120270825 228 228 228 0.51332903211679926 122 618 123 672 124 635 125 668 126 575 127 585 128 528 129 497 130 407 131 477 137 423 138 472 139 581 140 466 141 536 142 519 144 521 132 314 207 923 134 308 143 545 135 410 136 445
3592 4.3061249030596596 -1.5777826609013261 1.3619371171787296 0 0 0 0.8493032160903804 67 162 71 347 70 281 68 252 72 366
17094 -3.0284465675733778 1.3789383217748257 7.3007340235233853 63 67 77 0.83989026228200347 119 130 123 83 143 176 145 299
2026 1.645310896622423 -0.26800043869755114 4.3070709339790234 122 122 123 1.1295853393718218 62 403 53 334 60 404 55 455 52 530
4203 5.8315609158830721 0.25591698940634799 -0.095492706214866233 0 0 0 0.81816033404721933 72 185 73 308 77 520 76 440 78 551 75 499 75 610 79 389 80 359 2 408 1 408 71 265
14377 -2.0067828063343005 4.474609090482998 2.9419914553601134 0 0 0 0.65837840176149454 118 255 110 53
16562 -2.5931944551847952 -3.1916292642907664 -0.38275751736842534 236 236 236 0.33442324668738771 24 2 22 3
1301 2.8901556514576097 -0.80197933917957753 3.3480065005144808 100 106 113 0.66114221644644522 59 191 62 174 64 128 57 180 61 145 65 121
6388 -3.7574408175953526 -0.64200387067652287 6.9977962351475895 104 110 126 0.31860072806805301 185 126 183 86 181 88 184 207
17671 -2.593202475874901 -3.1916690653487949 -0.3827055116818282 0 0 0 0.382176926857834 6 489 5 611 12 394 14 335 4 668
2145 0.067583678068331071 -1.4278150639330951 5.408950922783875 26 30 31 2.0325469357149486 58 994 55 584 58 746 55 586 53 483 52 408 50 324 50 435 51 344 51 446 52 585 52 406 49 255 49 337 47 231 47 232 47 292
17105 -4.7001056498081235 0.80626114718471964 8.1755177724151018 61 64 74 0.74257325845537048 122 93 126 70 143 221
6931 -2.3463838558664616 0.85072551126639684 6.4483778491681081 195 195 195 0.48098703963784128 49 519 51 605 44 191 47 319 48 243 42 186 185 183 184 181 183 161 182 171 40 135 180 153 45 225 181 163 179 192 178 180 177 196 166 89
1844 2.4442786661878673 -1.2836999874373953 3.650058556828093 118 119 120 0.77145787229148832 62 110 55 283 61 115
13778 -2.2425691418498079 0.87922034312012987 6.5063236165177063 228 228 228 0.74602228630671119 122 680 123 710 124 671 125 702 126 609 127 662 128 591 129 534 130 431 131 505 137 444 138 498 139 614 140 491 141 581 142 566 144 548 132 338 207 1002 134 336 143 594 135 434 136 470
2037 -0.1342126640534908 -1.5180722660810892 5.6028569770270131 14 15 15 0.77728591561042548 58 981 53 477 52 385 50 309 51 316
17106 -4.6052563140254739 0.82590581796820595 8.0420293122390127 61 64 74 1.1505404340951482 119 74 122 98 123 111 142 127 143 222 140 45 128 45
17107 -4.6266205828939109 -1.5534749056742871 12.008473958055044 59 62 72 2.5477465738445764 142 198 143 228
6933 -3.6490826614219851 2.4897649143223939 4.2229490796437883 138 138 138 0.93837320671854041 181 197 178 118 180 191 182 270 183 273 179 80 177 35 176 80
17109 -5.2938510779478571 2.6212575534263407 7.9978940863906471 98 103 118 1.3778032442689632 121 248 122 265 127 82 137 74 140 271 143 242 139 342 145 404
6935 -2.1362581396193736 1.2235023491202881 6.5186092342777169 228 228 228 1.2147215659967638 181 269 178 278 180 258 183 288 179 301 177 311 176 431 124 579 138 395 127 539 184 301 139 535 142 520 141 460 128 495 144 489 130 331 171 180 166 352 165 490 174 260 169 307 163 553 167 282 168 239 170 182 172 412 173 394 164 308 122 531 132 286 161 184 135 377
16569 -2.5932673940673232 -3.1920628370393 -0.38257769484814858 236 236 236 0.012583925710208606 24 6 22 68
1308 2.6537030629155183 -0.71000912332447497 3.5111099044766712 122 123 123 0.36534837295771094 59 239 62 236 57 248 54 649
2152 2.9747967583088282 -1.424855664924777 3.2746025370043093 44 95 59 1.2377791811624068 59 19 62 4 63 75 64 36 61 24 54 31
17110 -4.6071292698411623 1.3453369779960653 8.9670681518445452 60 64 74 1.3803834809836031 125 327 138 91 140 149 141 218 142 218 144 208 143 250 124 256 139 195
6936 -3.6452036089683379 2.4876147773883197 4.2178136693003196 232 232 232 1.095118715037573 181 198 178 119 180 192 182 271 183 306 179 81 176 81 177 36
17111 -5.2656401586127961 2.7514435803158119 8.3099520406160927 59 62 72 1.4301237662878341 118 91 124 118 125 122 126 91 127 83 128 59 129 56 137 36 138 39 140 58 141 85 144 209 143 253 120 109 142 219 121 129 127 84 128 25 142 141 129 55 136 18 136 19 138 40
17113 -3.7021559684569691 2.4088756697062137 5.564234950814047 109 115 132 1.0801068126043369 120 106 128 146 144 136 143 262 119 244
2696 -1.107722782691992 -1.1566875454370151 6.5943667465247318 27 83 38 1.4043177625427596 50 514 47 281 46 208 45 155 48 275
17114 -5.0161736507846797 3.2012534530707719 9.2174692471403006 82 86 99 1.5091305074377674 128 160 141 154 142 146 143 263 145 284
4220 5.8710444375459803 0.23409267959508129 -0.031848778858486734 0 0 0 0.51591889380953215 73 429 71 263 77 573 76 506 78 547 2 528 1 528 10 122 12 20 72 264
4121 -3.4510283946500251 -0.017102090239833039 7.6530937835808919 118 124 142 1.1678238220559252 44 324 42 312 40 252 41 219 39 198 186 276 187 218 45 313 188 231
14394 -1.9125295795581583 4.4944544771424111 3.2516338300345078 165 165 165 1.2383302829600589 112 176 110 113 109 106 111 135 105 101 107 79 106 30 108 25
16005 5.0634380631870641 -0.22029449456862776 1.0843716168161937 9 11 13 0.2020246868098132 150 363 149 362 151 337 146 289 147 454 148 486
13787 -3.9863043362825215 4.5798977753609789 5.1125369958661908 99 104 120 1.0920693378473523 116 376 117 454 118 500 119 593 120 550 121 535 122 676 123 753 114 330 115 305 113 300 112 270 207 1047
3613 5.1138181167735555 -0.0098620371730865353 1.356841424017341 231 231 231 0.11091285340884062 67 16 69 19 75 232
16574 -2.5931984456459518 -3.1916719848238846 -0.38271723820173076 236 236 236 1.0051685561931081 20 117 24 117 22 107
1313 2.2612421396782669 -0.8192793922025926 3.7922072449749571 56 98 65 0.47093489301113295 59 507 57 258 62 256 61 455
2157 2.8457268229441808 -1.4244091835039085 3.2925170545395139 7 32 42 0.7293499516907237 59 28 63 85 64 46 61 33
17115 -3.839064757205199 2.7458483892719343 6.2044347321796307 92 97 111 2.291019909806038 144 226 143 265
1854 2.3015386067311607 -0.93431736277912147 3.7662135302611492 14 26 46 0.38958714327415778 57 203 58 409 55 348
1864 2.2831828659368383 -0.68095123411827041 3.7812518745980652 122 122 122 0.52873175247343795 58 514 62 283 55 405
4221 5.8640776699942725 0.23140994242330945 -0.03428587356300853 0 0 0 0.77085063007991894 73 430 71 262 77 574 78 548 2 529 1 529 10 123 76 507 74 399 72 182 75 494 73 305 12 21 72 263
4122 -2.3646224526581578 -0.80632376895285673 6.4818293702905061 231 231 231 0.98714272149915661 44 320 45 309 46 314 42 313
14395 -2.1164173328832985 4.5702228408530576 3.8383541996969801 59 62 72 0.95481795335423203 112 180 110 136 108 103 108 127 109 110
16006 5.7775902392588803 2.3276320064203904 -1.363625568107149 86 81 77 0.41472545312782561 150 336 149 369 146 396 147 471 148 499
16575 -2.5932232222347271 -3.1916177637318768 -0.3827770945543339 0 0 0 1.1667784370046579 20 70 22 59 24 62 21 88 19 166 18 273 16 396
1314 2.1499606661134911 -0.84133815974899318 3.8877025657099642 123 124 123 0.82997569479704025 58 452 57 264 61 462 54 322
2158 2.8457268229441808 -1.4244091835039085 3.2925170545395139 7 32 42 0.7293499516907237 59 29 63 86 64 47 61 34
17419 -3.0388024143830799 1.1340376973007744 6.9585227030595167 94 99 114 1.0351509108634054 119 474 122 510 123 565 124 515 125 570 126 481 127 521 128 477 129 411 130 321 131 405 137 352 138 372 139 456 140 364 141 433 135 331 136 359
14223 -1.80629629607081 0.41618069813977648 7.0793410102308947 0 0 0 1.2024193782358779 44 275 45 226 42 217 185 295 49 446 185 258 183 286 183 250 142 438 141 457 140 390 181 233 182 248 184 224 144 426 41 167 139 416 135 245
16580 -2.5933604710887059 -3.1923046352529667 -0.38251265436326987 236 236 236 0.18833375840098954 20 50 23 22
1319 1.6986435753157512 -0.91527326211478588 4.2498873381423543 121 121 122 0.90759030018700648 58 804 57 276 55 660 52 488 54 631
1870 2.1987448718927287 -0.31828670951942362 3.8520611686692021 117 117 118 0.24186621220061014 58 549 55 448 53 354 61 296
17131 -3.8948972939545761 1.2688661235583547 8.2358432128687813 86 80 77 1.9914818360193245 141 90 143 333
16012 -22.424917305120093 37.273605968734053 54.984165087247312 115 121 138 0.39020257278888404 174 385 149 404
751 2.6793818216541596 -0.83917675169421979 3.4440921304249414 55 60 71 0.41751125836201364 63 174 64 141 60 209 61 162
2171 2.8239560304914946 -1.139412360331838 3.2404889948117304 124 124 124 0.71911363512463122 63 146 64 114 61 98 65 54
7258 4.4808755356809318 0.47077890221015833 -2.0140891508629237 0 0 0 1.7544729247734714 79 339 83 264
17129 -3.1150897946675586 0.64394121379893154 5.8676723957470456 109 114 131 0.69389478669711602 144 305 143 327 145 377
6955 -1.5658838669370188 0.99388324644443604 2.4337340839232886 105 103 103 0.3270456020326058 178 30 179 27
17133 -4.9775389425274694 3.3809940765648743 9.0853379208652623 94 99 114 0.9256340169663515 119 378 120 398 121 353 122 404 124 393 125 454 126 366 127 407 128 436 137 268 138 275 140 280 141 323 144 312 143 337 118 351 123 435 129 379 131 368 139 352 142 335 145 342 135 295 136 321 117 307
1872 2.2425954194742901 -0.13720036856791573 3.8177586765713198 95 98 103 0.26589312084730682 59 346 55 469 53 377
17134 -2.2947844585813204 0.79960117122929564 6.4666030368515459 0 0 0 0.85050248825150432 124 315 137 166 138 187 139 250 140 198 126 267 131 265 130 217 132 170 143 340 143 434 145 427 135 137
17135 -2.2947844585813204 0.79960117122929564 6.4666030368515459 0 0 0 0.85050248825150432 124 316 137 167 139 251 140 199 138 188 126 268 132 171 131 266 130 218 143 341 143 435 145 428 135 138
1874 0.26128038682646088 -1.7716639835458625 5.177568466178343 5 8 8 0.55212470003422232 58 635 55 488 53 398 50 254 52 338 51 271
6961 -1.9074008156057081 -1.1025925598533532 7.297717407956017 0 0 0 1.7507436337888944 49 308 52 603 177 59 179 46
1884 -0.0076383407870648304 -1.5613631620478268 5.4748946647232355 41 51 50 0.47211273875200738 58 734 55 568 53 466 52 375 50 298 51 314
6971 -2.2352280782482139 -1.0137776655949353 6.7786605304043119 59 62 72 0.099659888874585642 180 107 179 87 173 81
16026 5.1454197434575315 -0.27673972931695678 0.86870647051865957 10 15 13 0.41432885141147191 150 417 149 453 147 525 148 571
765 2.2426702792335327 -0.86830370512504129 3.7981710847455097 118 118 119 0.55206657126274739 59 501 60 249 61 450
666 2.6591609257888118 -1.3908473111855242 3.297324219236085 48 52 64 0.3582336749854072 64 226 60 31 61 49
10939 -1.2671718492906696 4.445228334884975 1.6955005512418966 231 231 231 0.64326555730442758 167 435 166 517 165 650 163 706 164 475
16198 -1.7412232223899187 5.4378211299303532 4.996865222519582 107 107 107 0.50103775411472951 151 358 147 570
5925 3.2127930570290397 -0.3274674004826208 -1.2421519451016181 79 83 96 1.2351843152080173 91 468 94 476 90 523 92 545
838 1.5993908826325012 -0.29089337923678793 4.3473583422499349 124 124 124 1.3330322887499433 58 558 62 405 60 402 57 373 53 322 55 442 50 370 52 285 54 419
5826 3.1782813694951555 -0.31583481169686295 -1.3702116676134697 231 231 231 1.022912018661867 86 528 89 585 91 536 82 460 94 501
16099 -0.050316987295953866 3.4095696262704696 3.1596479863476552 68 72 83 0.6682591790406055 150 321 152 272 163 659 146 276 166 468 148 374
17710 5.9221904589994967 0.51091940446835626 -0.37429378310042594 103 108 124 0.26820719144929056 1 706 2 706 5 742
14383 -3.6903267889201312 5.0316406893511711 4.7621642618503648 231 231 231 0.092115296946047892 112 149 110 83
17142 -5.1906352267062426 2.7587215286876119 8.1784166252140853 87 92 106 0.66459875304774951 118 297 119 249 121 256 124 165 125 329 126 233 127 388 128 337 129 288 137 252 138 269 139 197 141 314 142 328 144 308 143 366 120 244 122 273 123 430 141 364 145 376 136 227
17143 -3.8847495177636322 2.3386915451328019 5.2927765419130575 113 119 136 0.61999245524596847 141 207 143 368 145 381
16606 0.60038172257328093 -1.8012017266654294 4.8215155802830196 0 0 0 0.38855432620153141 50 74 51 116 52 38
1345 2.0890039323376199 -0.21961207076571762 3.9402947164417608 38 43 56 0.70107582029869908 58 564 62 371 57 356 53 359 61 498
5930 3.1705303994294081 -0.30356965262041524 -1.3676979502662494 59 62 72 2.0233341831334291 91 537 94 505 90 581
843 1.547473985913707 -0.25305621246594046 4.3916759982490072 89 92 98 1.7361790320999335 62 655 60 408 58 562 50 207 52 289 54 428
16104 -5.482417519094855 2.6591983222471685 7.9042873551900792 85 79 75 1.0010878709809228 127 253 141 204 142 203 144 200 118 292 119 237 122 263 123 277 124 240 125 207 126 214 128 330 129 281 138 127 139 182 140 139 121 238 125 308 143 241 143 361 145 265
17715 -2.5934173609699793 -3.1918237327052843 -0.38269022480974246 0 0 0 0.16099497481092917 4 670 9 757
17147 -3.0621424776920012 2.9322689596209894 6.0836266079287551 104 109 126 0.63253677782713824 144 375 143 384
1886 1.6862855003288524 -1.4406165011061594 4.2581454851657492 123 123 123 0.29232378690814992 57 146 55 575 53 492 52 458
3839 -2.2821918161896653 0.70149249255265811 6.4742024814051948 228 228 228 0.76002622228959349 130 428 127 660 123 731 124 670 125 701 126 607 128 587 129 531 131 503 137 441 138 495 139 613 140 507 141 580 144 547 142 565 207 998 122 679 143 593 145 565 135 432 136 468
14013 -2.7428222621217815 4.0511882701901243 4.9379472629878212 92 97 112 0.56102325958468124 119 390 115 118 113 91
2470 0.28199257391352051 -1.7465047371852593 5.1618608352310789 10 12 13 1.1114746372322435 53 779 55 903 52 680 50 482 51 484 49 467 54 1060
3982 -1.1396523537152643 0.70896045544244968 6.2501096934370786 120 126 144 0.7082431251795579 44 307 47 475 42 308
14255 -1.7070606100580406 4.5475106804011363 3.2777500892361773 0 0 0 0.50945276610002355 117 202 112 128 116 197
4081 -2.3841452155351255 0.49583002827362488 6.4736144229128092 0 0 0 0.71520016887701554 46 106 47 301 42 164 43 96 183 145 40 111 185 167 142 254
16612 1.6961822992205406 -1.6169211346554546 4.2514658628035669 111 117 123 0.87406059324329699 52 415 53 127 55 113 60 466
1351 1.6925319336333764 -0.28582621711699435 4.2669556584555126 122 122 122 0.74687617964350284 60 394 57 369 53 330 52 292
17153 -3.1965783735404725 0.87020468848129462 6.519197560424808 90 94 109 1.9365477430019902 143 424 144 354 119 171 142 225
2196 2.2128623819148623 -0.70409670984222972 3.7253767160144635 123 123 123 0.26029906426252741 59 288 63 233 61 250
17457 2.8187678888690244 -0.37677473365058128 -0.85018913794341955 0 0 0 1.9541496658774282 85 217 87 163
17154 -5.0104232300491214 3.1250770114799362 9.243514122558091 60 64 74 0.88740115427840238 118 399 119 421 121 386 122 466 123 500 125 513 126 420 127 481 128 433 137 319 138 329 139 402 140 325 141 371 142 377 143 425 124 460 129 378 131 419 144 404 120 395 144 360 131 366 124 390 145 411 135 340 136 320
15631 4.6385812660247376 -0.28742530434377211 1.5025132541570481 9 11 14 0.3992832274304936 159 171 157 186 162 191 158 181 155 235 153 290 154 266 152 295
15730 -10.603590768566717 15.983133431354684 15.71290083758567 8 8 8 0.6705675374195923 164 294 155 100
5457 3.2401918708015836 -0.25306506005696838 -1.0793139848804594 0 0 0 0.63660141393259906 84 478 85 505 86 552 87 577 89 611 88 575 1 440 2 440 83 551 82 544 91 521 94 489 90 565 208 873
370 -1.0279387759108833 -1.7426036123968529 1.1010555627552006 124 124 124 0.36706433660157822 64 100 59 142
3846 -2.5728270613074682 -0.24764328160453625 6.5277525682134616 103 109 125 1.8030206702372114 46 359 47 538 48 449 51 743 44 371 45 356 49 666 184 393
14020 -4.4417031018556425 4.117424525165613 4.9120680275242403 228 228 228 1.3107257904860754 116 79 117 220 115 134 113 156 111 50
2472 -0.094470151260997851 -1.4012400100113485 5.5730063527874316 114 114 115 0.29063706512586168 53 804 55 918 58 1124 52 701 50 509 51 512 49 424 47 356
16614 0.33995872899668783 -1.8171935998923023 5.1242992313206948 0 0 0 0.62324296088025777 52 19 58 29 50 45 54 75
1353 1.643076242578726 -0.29442761781494092 4.3118089344089432 121 121 121 1.1293986248296395 58 556 62 401 57 371 53 326 55 445 52 287 54 415
656 3.510887906920181 0.57460057182099056 2.7694157145552936 142 142 142 1.3835377646424736 64 626 63 780 60 1204 62 1176 57 1076 61 908
17155 -4.9686013500203332 3.2864021424132002 9.1874710138201277 92 97 112 1.0264577663435033 120 442 121 427 122 514 124 527 125 577 126 493 127 534 129 429 131 456 137 362 138 384 139 468 140 374 142 424 144 407 143 426 118 400 119 473 128 489 135 344 136 376 141 436 145 413
16615 1.6962062434194429 -1.5958428088167631 4.2004527116650072 111 117 123 2.2557355034755058 52 418 54 77
1354 1.6072289622703726 -0.28790065214520966 4.342061093512867 119 119 120 1.1112263792213983 60 400 62 404 57 372 53 325 52 286 50 204
17156 -5.200453557128454 2.7735092052692929 8.1189920497476322 87 92 106 1.4608098642556091 144 481 143 456 118 419 122 499 140 419 119 500 123 552 124 563 125 619 138 362 127 513 129 489 137 343 127 618 128 549 137 415 120 501 138 463 128 518 124 564 126 570 125 620 127 619 138 464 140 420 129 490 128 550 137 416 137 344 128 519 127 514 139 523 121 487 122 600 139 524 128 584 137 436 136 440 136 441
16047 -0.78207429729262234 4.0937227730025265 2.3324895969422452 59 62 72 0.88648954350775322 150 70 152 67 153 216 151 72
5873 3.2450328160506876 -0.33264689759449889 -1.2840199371221859 109 115 132 1.6268414530647171 88 155 94 193 90 395 92 378 93 335
17157 -4.3688819917216328 1.2822990306751325 9.0512668026741601 96 101 116 1.3557286159177455 141 477 144 400 143 457 124 506 125 562 128 467 131 400 126 474 127 512 121 454 139 446 137 346 136 350
16687 0.67886156843766954 -1.7504164786770979 4.8938912275622339 69 72 74 1.5874138778381404 50 287 52 351 53 404 55 489 58 626 54 496
1426 3.2834188666873354 0.7675563923649511 2.9267498974587691 142 142 142 1.1087883112129833 62 905 63 584 57 835
6513 -2.227250581955583 1.234563913569765 6.4755963273739878 99 104 120 1.6372996237334221 46 338 142 567 182 348 180 315 48 444
2270 2.8716573086590538 -1.5033004248374526 3.2829158651368266 124 124 124 0.71368061119100423 59 750 63 604 64 445 61 714 58 1205 206 112
7357 -0.53382589706713079 4.2733194922258235 2.8557201636878671 118 124 142 0.40387824356183077 173 338 174 37
17255 -2.5931217387458201 -3.1916260423608604 -0.38272687635996522 0 0 0 1.0745430064457664 17 356 18 257 19 172 24 85 20 87 22 74 15 318 12 386 17 331 7 405 13 404 14 368 11 370
16434 -5.1893280585515269 4.0536901316506233 9.4619858493306577 108 106 106 1.4693391703132013 40 254 41 225 37 138 185 360 184 343 183 332 181 263 180 227 187 225 43 247 42 353 188 244
1173 2.3266196767219798 -1.5897622610326587 3.7439040559973322 45 52 66 1.3008090139182655 58 1404 59 879 62 1068 60 1088 57 926 55 1143 54 1145 206 551
5886 3.2090401592004296 -0.16396574026734445 -1.1694297372641185 0 0 0 0.5982375467269162 91 171 94 257 88 204
16159 -19.554635749445737 26.348925966050263 29.69105182776617 118 124 143 0.4296361150587773 173 419 147 349
898 2.1633784136679557 -0.69973840739321569 3.877678572865547 122 122 122 0.80626015319910493 58 840 59 517 60 561 62 305 55 688 53 580 61 470
799 1.7276180771466099 -0.77782570330643641 4.2336148497701931 122 122 123 0.44800969423162645 58 491 60 324 57 314
11072 1.548780500362914 -0.5493604138303122 3.2053729962211706 83 85 89 0.11727149763192042 166 372 165 387 163 458 161 57
2017 2.1643243738325806 -0.89344243689523672 3.858078202140474 11 23 45 0.79350722331834389 62 240 53 242 61 229
7104 -3.1681247910290522 -0.2432414421322856 7.2042412652316514 69 73 85 2.2042515776773746 177 267 176 393 175 343 174 304 173 442 172 371 179 252
17516 4.5089491231397805 0.43411471875080726 -1.9543597561587367 0 0 0 1.053599795300816 78 660 81 550 79 633 80 573
1531 1.6763528934464735 -1.4334342643798275 4.2691994189660925 44 49 62 0.69869386514058429 57 154 58 222 53 146 60 171 52 210
18030 -2.5932296380362336 -3.1916367060176687 -0.38277076351055589 0 0 0 1.4249292785818635 13 373 14 331 14 431 11 410 15 322 7 461 12 546 10 569 6 609 5 608 8 826 17 305 18 235 16 312 3 625
16437 -4.5626236019369815 2.1888665464235628 5.4991353841829733 67 67 67 1.5875597290184968 39 224 186 299 187 234 37 153
1176 2.2708630577843207 -1.4462242426834213 3.7876038124170885 64 71 82 0.8588860569546084 59 916 62 1071 60 1091 57 990 58 1410 55 1176 54 1209
2020 1.7664706850277694 -0.78591208412723768 4.1984806658940323 41 47 60 0.46384408518281683 60 321 53 263
17281 -13.461472761544602 3.6246072900664323 16.114265535463574 60 64 74 1.0468478890501713 121 154 123 167 145 0 122 144 125 178
17519 -4.4522401570174326 2.7953457677391493 7.4091603751364898 105 111 127 0.949029431760538 118 523 119 608 120 572 121 555 122 673 123 727 124 686 125 718 126 638 127 693 128 620 137 481 138 509 139 627 140 518 141 591 136 518
2258 5.1589306751730781 -0.044912046801330818 1.3276371641888978 6 20 42 0.50457059467804832 63 521 64 380 61 628 69 180 73 440 71 250 74 535 70 257 65 258 66 232 67 105 68 210 72 268 76 566 59 678
16438 -4.9893863857693912 2.8838541170634024 6.7407629650410064 0 0 0 1.4998972454631783 40 90 37 115 187 195
16994 3.681297819354564 6.3428298477054943 -1.4248340928377654 231 231 231 0.11594102573362228 149 64 148 68
1733 0.21838000773970459 -1.594495439439382 5.2446724340340563 61 77 73 0.47547515405058621 58 1228 55 1014 53 791 51 569 49 479 54 1089
7566 -2.4179744507772734 -0.92625566315274954 6.6177070582461832 94 99 114 0.63956277766993586 176 468 181 316 178 343 179 352 177 350 180 306 175 420 174 415
2479 -0.069669880599392706 -1.3072052946713533 5.5569672582168064 70 79 79 0.33545086101258437 53 808 55 929 58 1127 50 517 51 521 52 710 49 492 47 365
2021 1.7641220426385964 -0.77079010519999469 4.2031694939701207 122 122 122 0.68708655015418196 60 322 53 268 52 265
17282 -12.880161455558442 3.4784850020504634 15.651406779812984 59 62 72 1.2853940046217815 118 43 145 5 125 5
17520 -2.2602494409011102 1.0029125321551127 6.4563270803008272 0 0 0 0.8440809442094227 124 699 125 734 126 641 127 696 128 623 129 583 130 486 131 554 135 484 137 486 138 535 139 646 207 1096 136 521
2259 5.2141301363917902 -0.031853121459059087 1.3366433658321362 0 0 0 0.54179552563626587 59 679 63 522 64 381 61 629
16154 6.4325784499383527 2.5697959122684289 -2.0097452156007893 61 64 74 0.82543070777463168 150 224 147 311 148 358 146 262
893 2.1716899544373636 -0.73413265423674745 3.8708310777297807 124 124 124 0.70197426894129411 59 641 62 567 60 555 57 483 55 685 61 585 54 652
16695 0.12666673674169329 -1.6657016812302792 5.3215345885173937 6 10 8 1.735979794335071 47 146 49 215 54 565
1434 2.8192847844447737 -1.3288432909490753 3.372546642496828 124 124 124 1.2831276757695447 58 1356 60 944 57 856 54 1059
6521 -2.3305497380317597 0.71307349479829529 6.4809427044496486 0 0 0 0.83039347196404711 44 224 46 214 45 218 42 175 43 107 183 158 47 304 179 185 181 160 182 168 185 180 40 129 49 508 51 598 175 248 177 193 178 174 180 147 175 132 184 174 186 131
17777 4.6392746898901551 0.54217190633003021 -1.8095905322905692 0 0 0 0.50720565377874716 78 817 79 796 80 734 81 692
12690 5.417076070597278 0.31554554094890075 -0.68712825006457567 114 114 114 0.60276275631448106 73 530 77 706 76 680 78 706 75 732 79 686 80 621 74 633 2 588 1 588 10 477 6 385 9 428 7 375 8 594 3 370 4 389 12 282 205 464 5 342 81 590 82 674
14311 -2.0085742816569665 4.4769260400992135 2.9459166834293842 0 0 0 0.86438528334536113 116 217 111 158 117 261 118 254
4137 -3.3669963130285367 0.71913598828993941 6.6395118706869303 0 0 0 1.2603915199632363 44 349 45 320 42 367 185 375
16668 1.5490155756047923 -0.24743105506551274 4.3956551324977422 0 0 0 0.90961655595481106 50 206 60 407 62 654 54 427
1407 1.6411140681074423 -0.94251794336976213 4.3039775193591554 124 124 124 0.51535451598041337 60 770 62 743 57 686 55 836 52 737
17576 -2.5924969801442752 -3.1908910741620673 -0.38322554629859423 231 231 231 0.72473869212980468 10 168 5 261 4 300 8 335 3 296
820 2.1971260019586296 -0.19657981197280164 3.8715206927945718 54 58 68 1.0550377780234952 59 340 62 355 63 255 60 364 57 350 61 314
16081 -0.36137563338009188 5.785391371723267 2.2795601818393241 0 0 0 0.0045619034164982083 164 69 165 71
17319 -8.5844429242221167 4.1318031509759976 9.1090552161166087 158 158 158 0.36821421868718784 144 155 145 225
16210 5.4494339823887872 3.8433481944518797 -3.107838337404639 86 80 77 1.0917716901633043 146 550 150 442 147 638 148 654
949 1.6782102060622877 -0.22965583219803704 4.2817400876240921 96 99 103 1.499265340783456 58 889 62 649 60 645 57 563 53 763 55 725 52 534 54 715
1808 0.12112997806424146 -1.6548282316167153 5.3352035628746703 41 52 50 0.46659190336536888 58 174 55 116 53 77 52 98 50 114 51 145
15950 4.7373637787165572 0.98104200432638078 4.1981892922772728 231 231 231 0.59109435581090719 157 87 162 109 152 58 159 50 160 82 158 23 161 51 164 150
10863 1.502862846589246 -0.28469845572586128 3.8634638783186754 105 107 110 0.31859413444620305 167 39 170 41 166 54
17600 4.4552489107100746 0.40907983245951529 -2.0016597830010681 0 0 0 0.91387851290293876 78 656 79 629 80 568 81 486
7426 -0.74453137882479314 3.3359111985546135 2.2656496334961047 231 231 231 1.5810428479792513 173 517 175 336 174 406
16775 2.1817151166979096 -1.6473375310135221 3.7419044938557988 39 80 55 0.44492675557108785 60 934 62 1005
1514 0.5822889141146621 -1.6347185411406866 4.8642121951403672 5 10 7 1.1860480223421064 58 149 53 88 50 149 51 182
17884 -2.2892591753467091 0.74545227189381058 6.530056471136219 0 0 0 1.6182906518439013 45 175 47 387 49 448 180 156 125 372 139 252 124 317 140 200 51 601 130 140 181 164 182 174 183 162 126 265 138 185 141 261 123 347 142 275 178 178 177 197 179 189 39 149 135 135 46 178 43 111 184 182
2358 -0.29568927856922472 -1.3665561490569278 5.772655992128886 3 94 33 0.74935036335972371 53 137 55 250 50 323 52 161 49 243 58 345
7445 -0.8941836543833398 3.6317315446914469 2.1991671381459863 74 78 90 0.1121698657014638 173 604 174 479
17857 -5.2910379645837251 -1.6947839947537253 9.9079627667751744 0 0 0 0.44849437119207947 186 44 188 62
17497 -3.8272496434988699 2.7060286177832547 6.2605023117979517 92 97 112 0.97808995485510353 117 341 118 393 120 435 121 421 124 513 125 574 126 490 127 529 128 485 137 356 138 374 139 454 140 362 136 369 123 492 122 503 119 464 123 560 119 415 122 460 141 431
2236 2.9667360058339964 -0.51025536171207631 3.4536338464175165 124 124 124 0.40574262148016338 59 497 63 373 64 273 61 447 65 140
7323 -1.7552401325434179 1.6115205793885159 5.8534775355937043 60 63 74 1.3213041556253304 175 166 173 305 174 138 165 151 168 72 169 234 170 108 172 337 167 175
741 -2.2484339318280515 -1.9195946601823872 0.40827068919532195 119 119 120 0.48032658968769554 64 92 60 184
5729 5.0034828000914242 -0.17281414245483606 -0.87750403154084833 59 62 72 1.3221953730751621 79 574 80 509 81 482 77 561 80 470 81 441 82 485
16002 5.3652640952863457 5.0611807721433193 -2.990709302639051 79 83 96 0.080173493532993578 150 312 149 345 148 455
17240 -3.5557124653471734 -0.025825554732113766 7.4461359760945065 75 79 91 1.13143022207538 44 250 48 356 45 238 42 228 40 174 40 203 41 172 185 232 46 245 39 158 186 169 183 234 187 145 47 478 184 238 188 175
2195 2.2393414964090339 -0.70970331393569674 3.7272564407695445 118 119 120 0.49599332722780654 59 284 62 275 63 229 61 243
17083 -9.4635112458916719 4.2281487330438283 10.195312136345143 8 8 8 0.218715925115123 123 96 143 141
15974 6.0377149404127683 4.2037844907387774 -2.2095869224142328 59 62 72 0.62185266822213014 150 345 148 461 146 350
713 -1.4385075585110003 -1.794011149060416 0.5990202040626661 119 119 120 0.41634117615651844 59 81 60 126
16073 -1.0124760003242608 5.176347313769007 2.3712288516933953 96 102 116 1.4502587665336644 165 417 155 139 153 136 163 483 154 156 150 154 152 139 156 150 151 167 151 298 170 246 168 311 167 346 166 438 165 569 163 628 164 384 156 180 155 218 153 263 154 242 150 244 154 210 146 275 148 372 149 275
5800 3.1508404975300737 -0.28744111538069883 -1.3469657712039169 108 113 130 0.76599927557679959 84 125 87 260 88 363 91 373
5840 3.240775878778841 -0.26900513667306691 -1.0749812821865279 130 130 130 1.3801495318789447 87 669 89 695 91 594
16113 5.2915260769109222 4.1795395725518913 -3.2040794567193465 85 80 76 0.9455238732572594 149 247 151 235 146 398 148 435
1971 -0.10987399389434303 -1.5472468912747959 5.5683498402069667 12 90 38 0.94988470395269509 58 1497 55 1216 53 1064 52 916 50 666 51 739 49 667 47 540
13756 -4.1382150824089647 4.1143686383325759 5.0543534281535534 228 228 228 0.55407206668532316 116 352 117 402 118 454 120 500 121 488 122 641 123 703 207 901 117 428 119 568 121 512 119 543 114 300 115 277 113 280 112 248 111 269 110 198
17881 -5.7869276474940845 3.1569359742039129 6.5440584814616329 109 115 131 2.1780724589571667 187 189 188 222
2620 1.5952427323778635 -0.3993692637326906 4.3114707257128178 109 116 122 0.64879259044435444 53 306 55 421 50 367 52 525
17664 -2.5933400777564226 -3.1917792888676049 -0.38269424401529439 0 0 0 0.38908778497365237 3 464 9 644
2403 0.22671938675879766 -1.5703808339972494 5.2378367779289361 17 20 21 0.12321595648157499 53 463 52 381 50 420 51 430
7490 -0.54452186221612564 -0.90575175046615386 5.0023739421819897 53 56 57 0.41537345297502276 173 472 172 486 169 388 170 229 171 222 168 283
17407 6.2276602904401557 0.13561916195350057 0.41314697546429813 0 0 0 0.077991198923942212 72 126 76 431
2712 -0.30042301260534332 -1.8388340385442885 5.7263279670830292 58 61 67 2.5542786062553651 50 3 55 18 49 10 47 9
17666 -2.5931853563604244 -3.1916422941020133 -0.38273157280824871 226 226 226 0.11813303374137633 6 564 10 566 5 605
2405 -0.16150784769456833 -1.5079160853656677 5.63324391883146 0 0 1 0.52930315096789449 53 131 55 573 52 387 51 318
1424 1.7174964803779327 -0.79275888874851552 4.2390380525305345 78 80 86 0.76429553582731435 58 1151 62 880 57 816 55 968 53 859 54 981
16685 2.9841329010516544 -1.3792444106953754 3.248657471486605 124 124 124 1.6167702338984311 57 391 54 491 62 434 58 695
17923 2.2860305744288776 -1.2807759696198595 3.7733342174648512 124 124 124 0.081323617353376981 62 1029 206 386
315 2.9135098022041945 -1.237012681132118 3.2929846604725643 124 124 124 0.98699841922685749 63 717 64 558 57 991 61 833 54 1211 59 910 58 1416
16814 2.1925546799981217 -1.3295309265227548 3.8500534954026207 76 79 85 0.42468665893426988 60 972 62 945 206 161
1553 1.6324297741858018 -1.364674967989413 4.3062299324917994 124 124 124 0.44621053503355734 57 166 58 288 53 520 52 466
6640 2.9303162834195375 -0.058085855576645334 -1.0032666240918866 0 0 0 0.18047953296578359 82 509 86 579
16558 -2.5932010187777617 -3.1916404933354374 -0.38274802775865296 236 236 236 0.71500520954900559 24 110 20 110 22 97 23 82
2141 1.7126019217480117 -1.7205619304521771 4.2363771780242718 93 93 93 0.53054540002324457 58 915 60 679 57 596 53 784 55 750 55 899 57 741
7228 -2.2819649829115281 -0.97392511629236478 6.7419102817562386 11 11 11 1.1441526909096129 177 85 175 116 174 46 172 2 179 9
515 2.1475315693460502 -0.1749745547095595 3.8980247429151111 124 124 124 1.0029876829679014 58 1319 63 636 59 801 57 916 55 1080 53 965 61 755 54 1139
17014 5.3905159528507482 5.0875976622768722 -2.929774899663478 77 81 93 0.46203760898896473 150 313 148 360
1753 2.4232253584585988 -1.2859190075094469 3.6676588718335674 98 100 103 0.64740075580622891 58 1373 62 1025 59 844 61 787 54 1170
17709 5.9066313139404123 0.50137065177327966 -0.37727529529508125 103 108 124 0.82206298319477689 1 705 2 705 3 777 4 850 6 647 7 513 8 868 9 719 10 598 11 418 12 520 5 741
14382 -4.1644871604147129 4.6062483145731852 5.0168406050308709 8 8 8 1.0973249663041595 116 117 119 177 120 163 110 81 207 80
2183 2.7232955815174722 -0.85017326372791591 3.4651148798451161 113 114 115 0.30340885156640252 59 199 63 168 64 139 61 154
7270 4.8084303867250808 1.1033662546142573 -2.0617762689346013 101 106 122 1.9598864931845856 79 422 83 87 78 161 80 370 85 35
17682 -2.5934253106021474 -3.1917816649708177 -0.38263397919821829 127 127 127 0.89948392578621394 6 507 7 504 5 634
2421 -0.24547398893960368 -1.3216716516072928 5.7234893740624901 3 87 29 0.85081329413257556 53 494 55 604 50 329 51 347 52 429 49 252 47 227 48 154 58 759
13678 -2.0018347932316498 4.4740617482557097 3.2631878461812667 0 0 0 0.26621125465920231 117 316 120 404 207 441 114 222 112 169
3504 3.5668061719247217 -0.25944105252482408 2.3939388104032431 9 11 14 0.85831914577656432 65 296 66 252 68 231
16035 7.0451718766765268 1.4056380010431839 -1.8426398636459373 62 66 76 0.47347323106437733 150 444 149 486
774 2.8801905383288871 -0.53261264195156399 3.4160033360748057 91 94 99 0.119568847911383 64 180 60 275 65 85
16134 -10.868671075160314 3.9520462646566203 13.505891241313329 231 231 231 1.5679196305177374 120 50 126 22 145 124 143 94
5861 2.9891105254363985 -0.2175048046090281 -0.99560736396069527 0 0 0 0.52214747613799861 84 205 88 206 86 44
17685 4.3816323107525124 0.31872008987694989 -2.0424616877435975 0 0 0 1.0564169080993899 79 678 81 582 80 606
2424 -0.2185614962418351 -1.2989901633500345 5.7004276301629258 5 82 28 0.5931234396730195 53 501 55 610 58 764 50 333 51 350 52 435 49 259 47 230 48 157
17168 -3.2736620813218691 0.60458882459337282 6.1247988509260676 112 118 135 1.8262447096107786 144 445 143 530
16059 6.5838324263534496 2.4538112736330997 -2.1264219331620891 63 67 77 0.61870584563673592 150 310 151 296 147 312
1467 4.0199115480200849 -0.129128989210164 2.4448718559299896 29 30 30 1.0489378991797313 60 1189 57 1063
17966 4.8860683049360372 -0.37411395728751762 1.2895772429377153 0 0 0 2.096603329148182 74 685 75 801 73 564
2705 -0.050938678696568943 0.30986802554960913 5.5433980928227244 0 0 0 1.2927838336879394 55 1223 53 1079 58 1518
2440 1.7004201726093489 -0.79806234545708243 4.266001972491253 124 124 124 0.15435632895953447 53 558 52 502
17452 -5.5008621420706865 2.8544009893295081 8.7060252151024322 59 62 72 1.3923702280571768 127 85 128 26 137 4 141 86 136 20 138 41 126 142 128 241 137 124 125 213
7278 -1.7237462956238603 -1.1904224998239543 7.1802768368572814 124 124 124 0.32345415631143848 177 296 175 355 173 470 174 331 172 481 169 356 171 221 170 232 168 285
17458 -3.1096251967388513 1.2473674168669249 7.0303851232027483 95 100 114 0.70895607423128026 119 297 122 186 123 206 124 168 125 126 130 53 132 57 139 132 140 100 136 87
4150 5.1166784622873198 -0.048070016262497905 1.3328992468648813 6 20 42 1.1528871410500801 68 136 72 134 71 144 74 190 73 45 75 397
16670 1.5687862339204033 -0.24491199087591445 4.3767856646832444 0 0 0 1.2116223390805709 50 208 53 335 57 377 52 293 62 416 54 431
1409 1.6415350167949132 -0.41537397921363473 4.3093697541730576 124 124 124 0.73662201950823203 58 1061 57 716 55 860
2253 2.1180929880907557 -0.15730175782106692 3.9219987342560652 105 106 109 1.1618973384379394 53 771 55 890 58 902 61 617 54 912
17752 5.8036578175030202 0.65567434184718765 -0.34737300588280989 0 0 0 1.7710308329359474 75 67 78 157 74 495 73 437 81 31 82 368
18009 -2.593678637640199 -3.1921860585152584 -0.38251425157767527 0 0 0 0.61566699029772298 5 441 9 565
17238 -2.5923659865181232 -3.1908571106823564 -0.38309814039904611 112 117 135 0.71378422005199771 11 165 18 171 7 170 13 195 18 150
1977 2.3292714640366783 -1.4175664228069522 3.7430430669838941 85 85 85 0.7798374390377627 58 187 55 193 59 119 62 85 60 72 54 112
16129 5.989172671624746 4.2358120396364081 -2.0066665372068537 117 123 141 0.56354472361125996 150 470 146 536 147 616
5955 3.2762990280026298 -0.37454195869807566 -1.2398339319014344 59 62 72 0.48987198039972246 91 206 90 263
4037 -2.4654600162713236 -0.72567340979081218 6.5547494491636069 231 231 231 1.2680704595163719 46 74 48 133 45 2 42 3 47 0 44 94 51 473 182 121 49 169
14310 -2.0258944856477084 4.5077790550660302 2.0717184306881462 74 79 91 0.56767543067265414 112 141 111 153 110 80 109 98 108 88 106 48 107 54 105 75
16667 1.5994590918524465 -0.28975895702329357 4.3522262988684464 123 123 123 1.178956476473787 50 369 53 321 54 418 52 284
1406 1.744425957128271 -0.99321881057822459 4.2148650762849886 124 124 124 1.0627864171989274 58 1025 60 762 62 868 57 682 60 873 55 834 53 714 53 857 52 736 54 845
17749 -2.5932252212365272 -3.1916864243592364 -0.38269657365804816 227 227 227 2.0347136024601586 7 608 5 880 11 507
2488 -0.11818277356327145 -1.2140339003255534 5.6141168566009823 4 48 15 0.46864430721791089 53 826 55 944 58 1277 50 524 52 719 48 289
7575 2.2128734153120599 -0.36301775818275722 3.8382884155038157 20 42 47 0.75471013541893728 59 526 62 606 60 592 57 514 63 379 61 479 58 542 55 437 54 689
16640 1.6841472379328035 -1.4147012288090224 4.2226508857678713 124 124 124 0.83258779866004551 55 201 58 233 54 170
1379 1.6975018040014789 -0.74193951593662 4.2582727990848159 89 92 98 0.49299841138872358 58 836 62 753 57 499 55 680 52 647 54 659
16739 2.3280291987663131 -0.6923299562864651 3.7332909944048955 101 102 104 0.52871512651624974 59 789 60 992 62 962 54 1122
6466 -3.8287617600187542 2.6583895670109765 4.2390030304856356 0 0 0 0.42344176125652966 184 137 183 110 181 109 180 90 182 123
2223 2.9645690750359051 -1.369944185779268 3.2390037242906766 124 124 124 0.71218778339017108 59 379 62 433 63 321 61 383
1534 2.8868953229931265 -1.2116983306557081 3.3190754164144591 9 21 43 1.2849087838372393 58 307 62 62 61 72 54 163
3891 -1.7591166075583156 -1.2132201184740721 7.2031841506114258 0 0 0 0.22627220308840421 46 134 49 377 51 490 45 139
18033 -2.5932231409344157 -3.1914827445170868 -0.38298148711760255 0 0 0 1.9819867759674132 3 1004 8 1117 4 1102 4 1136 5 969 3 1043
17496 -2.4561241238773182 0.10488351071273362 7.4171053348172755 69 73 85 0.84002444572618173 123 572 125 507 126 480 127 520 128 472 129 410 131 401 137 351 138 435 140 369 136 356
2235 2.9667360058339964 -0.51025536171207631 3.4536338464175165 124 124 124 0.40574262148016338 59 496 63 372 64 272 61 446 65 139
14362 -1.4692853815124702 2.1600017916964851 4.0803869361789609 0 0 0 1.1365311916066434 129 385 131 224 132 199 140 244 123 457 127 489 138 236 128 386 134 190
17239 -1.9812735417924556 -0.9473342675174975 7.0397244610148819 5 5 5 1.1129635607875279 169 386 180 119 179 157 178 149 177 163 176 300 173 356 174 226 169 259 172 377 170 150 46 45 45 93 177 245 179 233 173 448 174 307 172 460 170 226
3931 -2.8446927885802689 0.042832663058735142 6.2693446523889182 0 0 0 1.2371622547723387 44 344 45 335 46 300 42 320 43 214 40 241 185 357 186 253 41 209 187 196
16686 0.28928531287914261 -1.845836365970579 5.3942225454332462 0 0 0 1.469383953154545 49 200 58 606
1425 2.0973944223434131 -0.34773478684071701 3.9238812522429196 124 124 124 1.0799896739469763 59 735 62 888 57 823 61 683 61 750 58 1064 62 776
17750 -2.5928455148531002 -3.1912371735499354 -0.3826895521138598 0 0 0 0.18349213433681863 4 1045 9 806
7576 -1.9003517641763941 -1.1141385359153542 7.4233112747795342 231 231 231 0.76942936516573757 179 159 176 230 174 61 172 203 175 129 178 48 175 230 172 330 169 161 167 63
1535 0.14401360702522356 -1.6674850682867259 5.2997236622546495 41 52 51 1.0950542531734897 58 160 55 100 53 70 52 88 50 106 51 135 54 165
10963 1.6594358561254796 -0.54798167250411955 3.1030976891594619 121 121 121 0.098663901330795209 166 129 165 45 163 34
16050 -11.785078901344313 13.781195426438854 16.067185074966925 0 0 0 0.14563166646847137 150 87 155 151
18034 -2.5931591655674633 -3.1915980790562819 -0.3827870969884723 0 0 0 0.55522242696911039 3 803 4 874 8 981 6 733 5 830 10 677
17498 -3.8272496434988699 2.7060286177832547 6.2605023117979517 92 97 112 0.97808995485510353 117 342 118 394 120 436 121 422 124 514 125 575 126 491 127 530 128 486 137 357 138 375 139 455 140 363 136 370 119 416 122 461 123 493 122 504 119 465 123 561 141 432
15655 3.9060444481195375 1.2531337060380259 4.2344589400466317 87 81 77 1.6409535918176443 159 220 160 266 161 344 164 522 157 241 162 249 158 244 158 243 156 291 153 360 154 338 150 463
394 2.0998759176076529 -0.40979950174621921 3.9311830444200626 37 93 54 0.67294470560686059 58 533 59 325 60 344 57 326 55 424 53 312 61 289
15754 1.8457432480638536 -0.25893016527765894 3.4816088840491815 80 82 87 1.5817568331085496 167 207 166 275 165 204 163 341 161 39 160 61 159 17 156 41 167 130 166 154 165 202 163 338 164 196 161 79 160 58 159 15 162 49 155 42 153 6 154 8 152 5
5481 3.0378696468403126 -0.25836263766552453 -0.91508889135647942 115 121 139 2.6701545724642721 84 585 87 675
18012 -2.5936866991759078 -3.1921956109272931 -0.38251534514058355 0 0 0 0.28753807415735988 5 771 9 765
17241 -1.9205767269903053 -1.182676774010569 7.4844434999842155 144 144 144 1.0951127578718534 49 463 51 563 48 265 169 218 173 291 168 124 176 229 178 151
17256 -2.5931217464578267 -3.1916261953264002 -0.38272689173793356 0 0 0 1.2378761650284611 17 355 18 256 19 171 24 84 20 86 22 73
16690 0.30891476692297204 -1.7947463064975404 5.1507989115431254 0 0 0 0.67140043819534201 50 245 52 333 53 22 55 482 58 621 54 504
1429 1.7378391959112984 -1.7497155087554654 4.2151257990978648 124 124 124 0.56096247493568285 60 943 57 844 55 1001 53 894
2273 2.8822531810725849 -1.1947491789974183 3.2535532000256064 106 106 108 0.89002730637206684 59 765 62 931 63 662 64 500 61 721 65 290
17772 -2.5927851529797503 -3.1911919487268046 -0.38261312115609558 0 0 0 0.39339704310106161 4 1091 9 839
16663 2.733797297177472 -0.62776379487974188 3.4643386027901837 118 118 119 0.15415077619526921 63 206 54 365 64 177
1402 1.6645690241520481 -1.3631292095191072 4.2810609531498285 95 98 102 0.69325246683101838 60 738 57 644 58 976 55 807 53 683
2246 5.1425063839882972 -0.010463121032832522 1.3526527864000755 9 9 9 1.5834248881019179 63 428 64 308 65 175 61 531 66 164 72 135 59 585
18056 -2.5932058465545276 -3.1916565100376162 -0.38273086012908419 0 0 0 2.2219413702128517 3 886 4 976 8 1042 6 763 7 595 10 733 12 647 5 878 11 506 13 502 17 455 15 437 14 496 16 464 18 337
15838 -2.0670871156884463 6.256594111299945 5.1921317822538855 231 231 231 1.0593598434363689 156 229 153 326 147 526 148 570
478 2.126597116595585 -0.32214475015102351 3.9100377685907848 124 124 124 0.94175994023498399 58 880 59 662 60 601 57 524 53 757 61 605 54 701
10751 -1.3106623212654545 -0.50888790281899132 7.3581411694442576 5 5 5 0.14811782575661275 174 432 168 389
2503 -0.096303941195648349 -1.2494932270739003 5.5869017336780136 88 91 92 0.60129309614116477 53 919 55 1049 58 1272 50 577 51 587 52 788 49 497 47 368 48 287
16520 -2.5932985851992485 -3.1920350154594952 -0.38261195833567746 0 0 0 0.033059747804833291 13 390 21 43
1259 2.2089042347444425 -1.5362928447564177 3.8364196080629887 12 90 38 1.2263946791478422 62 1009 60 947 57 852 58 1210 54 1047 206 121
17856 -4.0227337006713952 1.080106728234935 7.4623636113943395 61 64 74 0.045233634817684179 187 38 188 54
17603 0.45309967520054606 -1.4620914226965396 -1.1715573147136491 0 0 0 0.7355862701705036 9 268 12 261 205 283 5 333 10 215
7429 -3.4584953022683766 2.732754074791143 3.911975021758844 227 227 227 1.2171420674622806 176 484 174 416 178 352 180 327 181 347
17050 6.8443304969147007 1.3327075023992154 -2.2519550797423875 62 65 75 1.7745966110628193 149 401 148 613
6876 -2.8286934446206851 -0.068920081014179291 7.1345276366946733 89 94 109 2.0826872183228256 178 144 180 115 179 152
2162 2.7597697743304042 -1.3557902989603741 3.3204561307709355 38 94 54 0.70056330874655814 59 55 64 75 61 53 63 105
7622 -3.996194470478442 0.79120700095663077 7.1520352815471595 0 0 0 0.68963903721113973 173 350 174 212 176 285 177 235 179 224 172 365 182 230
2535 0.49598564910621823 -1.8038746085515489 4.9256200823985088 24 29 30 0.63334301712378005 55 13 58 23 50 62 51 100 49 63 52 32
17348 -5.0611365748878763 3.0533654756536674 8.7808074214750835 96 101 116 0.24971462820833731 143 334 145 341 144 310
17736 -2.5927044468511498 -3.1911201726522109 -0.38269677652558554 0 0 0 1.2854803646969752 3 890 9 758
2475 -0.088024577240549351 -1.3616563290083683 5.5709424705483599 88 92 94 0.23985623984832055 53 805 58 1126 52 705 50 513 51 517 49 489 47 358
17864 -5.9643881276993866 3.1327046100714044 7.3363408642743702 59 62 72 0.17232676107968833 187 58 188 106
10557 -0.34768032967599388 -0.89456756699338302 4.8478903935664421 84 87 89 0.2488823139612267 172 534 170 257 171 265 168 288 167 319
284 2.8975066800216429 -1.165137401897657 3.3479061774250192 124 124 124 0.68717707036709874 63 671 64 507 59 830 62 1018 60 1042 57 941 61 778 54 1179
4252 5.8127691981123268 0.25364075665913371 -0.16703232771933535 0 0 0 0.91624838125795094 73 513 77 681 76 652 78 678 75 703 74 604 9 444 205 481 208 900 72 331 81 605
16783 2.1154080685237613 -0.7260108262584497 4.0201801408802149 83 85 89 0.15998731513484904 57 896 59 861
1423 1.7174964803779327 -0.79275888874851552 4.2390380525305345 78 80 86 0.76429553582731435 58 1150 62 879 57 815 55 967 53 858 54 980
11696 6.2134091809744447 0.32424671380465392 0.31849743123285018 59 62 72 1.5017421426630964 10 490 71 320 6 533 73 472 9 607 10 551 75 707 76 613 72 292 77 685
17865 -4.593514207934895 2.0784975366755911 5.453847355230943 108 106 106 0.26578520693467861 187 107 188 112 37 73
17351 -15.150629015775966 4.7672095231713367 18.498662050594902 0 0 0 1.0388694351633583 118 414 119 488 120 455 121 442 122 549 123 607 124 551 125 605 126 519 127 566 128 511 142 393 143 392 144 380 145 356
17352 -6.5794886807778514 -1.7220807102035371 12.969270216337865 10 12 14 0.23266169199805664 143 351 144 327 145 358
10547 -0.29737959838623607 -0.96854698997074729 4.6145395086583445 8 9 10 0.19338260843071545 169 357 172 484 170 227 171 219
373 -1.4579073662375628 -1.8074220248759927 0.87884031886141878 40 46 59 0.0055412499271316543 64 112 59 183
15733 -1.6527908477862348 7.0712281212917416 3.9357264387603275 8 8 8 0.30586811348464782 170 146 156 90
5460 3.2452713542773401 -0.25521307652995323 -1.0693956654096064 130 130 130 0.26180620839498858 84 538 85 562 86 609 87 581 89 640 88 579 2 511 1 511 83 602 82 618 91 525 94 519 90 568
17618 -2.5931996461918709 -3.1916406776362001 -0.38274648398482741 226 226 226 0.86116303464177901 6 484 10 527 5 427 7 458 12 500 8 365
12365 -3.6282482436125476 2.3499502098233629 4.377161742077547 0 0 0 0.57341466027770005 183 373 184 410 176 441 178 317 181 318 182 337 180 307 177 327 177 348 175 398 179 329
2092 0.07344486538990698 -1.2766841104433011 5.422377933557545 36 38 39 1.0410954051997254 53 917 50 580 51 591 52 787 49 501 47 376 58 1271
17361 -14.637660874721453 4.7729408701551765 18.655528245933823 107 107 107 1.9225552211582571 119 532 121 409 122 594 123 535 124 605 126 465 140 403 142 442 143 397 144 384 145 435 120 492 121 478 123 648 125 654 126 562 118 374 120 421 139 553 128 454 118 446
14451 -3.156843428795022 0.50990649651508391 5.9172726936184912 120 126 144 0.53353589674963964 43 130 44 153 185 210 186 148 39 141
7380 -3.3920506420616121 5.3429435407225263 5.0180328878492313 8 8 8 0.58988397515636448 173 411 174 143 175 289 170 69 172 340 167 188 166 134 169 188 168 91
2293 5.444018451638331 -0.020277578620039777 1.1128831277857791 124 124 124 0.71377306530088969 63 710 64 550 65 331 61 824 66 285 68 262 67 152 69 231 73 520 71 325 70 308 72 338 59 901
17745 -2.5931798858424466 -3.1914263933912923 -0.38302978454130099 119 119 119 1.1729305477447616 6 601 12 540 5 872 11 362
2484 -0.13104553351238826 -1.2413062111837216 5.6226800394243863 106 108 110 0.48793166676196947 53 818 55 940 58 1130 50 521 51 526 52 715 49 432 47 296 48 286
17358 -8.6961285539047175 4.1650139225798535 9.2103529457506124 158 158 158 0.23294829273710879 143 393 144 325 145 393 142 309
12370 -3.6166687453077402 2.3773845201223134 4.3249482252365343 182 182 182 1.324846439607847 181 68 182 68 184 146 183 118 182 239 178 121 181 217 180 96 179 128 181 112 178 66 180 51 179 30 184 284 182 128 184 246 185 250 176 210 175 207 39 165 37 104
2097 1.6648160175076867 -0.28046757356481028 4.2961325407846962 99 100 103 1.1857133538190752 58 1314 53 955 52 817 62 988 206 453
16805 2.3711970751621028 -1.357436157597901 3.7713191027876207 124 124 124 1.2958014021969795 58 1438 60 1146 62 1117
7377 -0.7767887873780206 -0.77274730437768624 5.6329159240507369 9 9 9 0.24088386084434291 169 176 171 69 175 165 168 14 170 62 173 40 174 136 46 211
2290 4.8026526862734871 -0.037117380661425274 1.6439797047456117 9 11 14 0.58557875075587384 59 885 63 693 64 531 65 310 61 810 66 262 68 266 67 154 69 233
17746 -2.5933909824043 -3.1917156334656003 -0.38284286054493627 0 0 0 2.0497343831606032 4 1039 9 683
2485 -0.15444036140293799 -1.2256413818327432 5.6476353030876316 3 3 3 0.90360005853865033 53 821 55 941 50 578 51 588 52 716 49 495 47 428 48 338 58 1131
7572 -4.1644513452527674 0.5018591336304089 6.7112910918087527 88 93 107 0.71760970339273944 42 194 40 170 41 142 185 230 41 168 43 148 184 208 186 167 39 134 182 100 183 197 37 114
7378 -3.4231331114803125 5.2561794937330184 5.0061749269356364 9 9 9 0.63192207792423116 173 409 174 141 172 430 171 198 167 186 169 328 170 199 166 377 168 156 165 392
2291 4.6840763984715981 -0.061521032068308494 1.7210180780784172 9 11 14 0.62372418228349802 59 886 63 694 64 532 65 311 61 811 66 263 68 267 67 155 69 234
1459 3.458815819319156 -0.23980393692408331 2.4919424627495435 29 30 30 1.9525174960354179 61 737 63 676 64 464 64 513 65 297 66 254 65 319 66 273
416 2.8130307602269036 -0.72037144098659001 3.3750136794858876 13 29 46 0.98707657243195313 58 1036 59 469 62 527 63 356 60 521 57 453 61 424 65 191 54 641
16613 0.3398015008854986 -1.8167669964257849 5.1242643979066305 39 49 48 0.66871548802959202 58 28 54 74 50 44
1352 1.6756752175592569 -0.28685665802766108 4.2815711002816403 120 120 120 1.266522991643503 58 557 60 397 62 399 57 370 53 329 55 452 52 291 54 416
2471 -0.094470151260997851 -1.4012400100113485 5.5730063527874316 114 114 115 0.29063706512586168 53 803 55 917 58 1125 52 700 50 508 51 511 49 423 47 355
17515 4.4935834926851488 0.44125200092960348 -1.9815539112414078 0 0 0 0.95268873997969483 78 661 81 489 79 634 80 517
17409 -5.016608663814619 3.123599984915665 8.7942949484185888 84 88 102 1.3461650686695628 118 302 119 374 120 349 121 277 122 300 123 316 124 278 125 359 126 261 127 322 128 428 129 310 131 183 137 161 138 273 139 224 140 170 141 234 142 334 135 243 125 511 122 464 123 495 140 323 144 214 118 396 136 96 136 316 136 373
7235 -1.5253303765951309 -1.0895312935595645 6.9380766610024498 9 9 9 1.7381122292287787 176 231 175 158 169 168 171 58 173 295
17950 5.4075371535110879 0.64392223354922806 0.055059007452489435 0 0 0 1.2701375463842255 74 619 75 720 76 669 77 694 79 666 78 688
17410 -0.58658242311757613 -0.27006059733696741 6.4657247416239958 5 5 5 1.2135511678462636 126 305 130 238 135 255 51 597
7236 -1.4533556870035556 -1.2125429938438628 7.01950925505668 122 123 122 1.6202702742378214 176 232 175 159 173 297 174 63 175 130 169 171
17951 5.441940200922935 0.7347733835151834 0.09501971459076243 0 0 0 1.3622622074452648 74 580 75 679 79 669
397 2.1406591848446612 -0.32699636004502552 3.9638856787756409 119 120 120 1.358640016917456 58 545 59 333 62 351 60 354 57 338
15658 -0.38706995936350386 0.26023520263620054 8.7313482744812827 231 231 231 0.20007679851157764 165 415 166 277 162 28
15757 4.0828387642010258 0.85628618081197927 4.3238138044933745 5 5 5 1.554740000959872 164 350 165 538 157 85 162 142 158 123 156 192 163 702 165 642 161 294 159 161 162 195 153 252 151 281
5484 3.2616834291898678 -0.3164176797779622 -1.0940158954412873 130 130 130 0.28858423148245188 84 665 85 670 86 722 87 689 83 747 82 777
4266 5.8214703442626101 0.091887241125365282 -0.091866623186212013 130 130 130 0.57007287554375874 72 378 71 356 77 744 76 710 78 757 79 744 7 426 10 541 8 795 6 525 9 591 4 755 3 708 12 472 205 777 73 559 80 686 5 677
14539 -2.7427497137460817 0.83876519475647038 6.3124641965823969 112 118 135 1.7727455410439323 40 30 176 306 39 15 170 159 187 116
17437 -2.0948789307490214 2.5851770955655171 4.6891249771635746 116 122 140 1.1032458027102794 119 615 121 560 122 702 123 734 124 689 125 721 126 631 127 684 128 626 129 586 137 468 138 513 139 632 135 486 120 576 136 496
17180 -3.0990353624009046 0.79254789536817116 6.0754301196445839 64 68 78 1.4982604118704357 119 92 184 141 182 36 127 61 128 21 47 371
18013 -2.5936866991759078 -3.1921956109272931 -0.38251534514058355 0 0 0 0.28753807415735988 5 772 9 766
16701 1.6272767551302065 -0.23406338892422082 4.3068095114528848 101 103 106 0.9327134630792403 57 565 62 803 54 712
1440 1.7497431651038675 -0.947600923714636 4.2138324525717863 11 79 39 0.49950421491230051 60 990 62 1049 57 887 55 1052 52 844 206 185
6527 -2.1943466644760914 0.86754159785207829 6.529893881156382 114 114 114 0.67157946167048665 46 231 47 397 182 181 49 524 184 189 183 169 40 192 41 164 181 171 178 189 179 200 176 332
16426 -5.7168889552463176 2.7390898730294562 5.7281603676246986 98 103 118 0.23292745071580148 184 21 37 7
1165 1.7004954352690509 -0.99964253203249276 4.2503143957410048 124 124 124 0.96536355003373764 58 1280 62 1048 60 1071 57 967 55 1126 53 985 52 842 54 1109 206 397
2284 2.954547746183747 -1.1530535426310284 3.3242949196315625 124 124 124 0.49265793730191726 59 829 63 669 64 506 61 777
2185 2.7216955687545119 -0.73420649210654565 3.4948600490495769 10 28 45 0.43391744474821392 59 225 64 162 61 178
12458 3.5247570195479447 -0.32859804104181572 -0.88686991291550976 0 0 0 0.4414641233432991 84 98 92 306
14483 -4.8947256513247517 2.4127021827677542 5.7776160920123356 128 128 128 1.556603664968053 185 388 186 298 37 152
17242 1.6868007696553808 -0.44710606666236596 4.2720609990394465 120 123 120 0.55727269855152362 58 854 53 588 55 700 54 682 57 539 62 788 54 683 57 540
17954 4.2439489571031617 -1.7029018613971227 1.3264842720439021 0 0 0 1.7883966975558376 69 258 71 344 67 159 72 363
17956 4.2439489571031617 -1.7029018613971227 1.3264842720439021 0 0 0 1.7883966975558376 69 259 71 345 72 364 67 160
3539 5.5081390408002777 -0.0031166288834668233 1.0774997187185 6 20 42 0.28107745201301115 63 644 68 241 61 761 67 135 69 215 72 298 71 299 70 276
434 2.0948101144865796 -0.32780367486605777 3.9357383409087516 24 31 50 0.95525231125097443 58 876 59 538 62 616 60 605 57 529 55 711 53 755 61 490 54 697
15695 -0.0090338462039353182 0.017362967525278293 6.7015146439156776 106 106 106 1.081884295421544 164 379 158 94 153 132 152 134 149 83 147 138 148 101
15794 3.9791072936294158 -0.38747756854298088 2.0478347027785277 29 30 30 0.16142030795502646 156 183 155 220 153 267 154 244 152 243 154 221
5521 3.2345478907683036 -0.26201099770629022 -1.1045952501603689 0 0 0 0.53133303361546957 84 382 89 352 88 381 91 335 92 440
1516 0.60343739376797767 -1.6308857553845715 4.8454146378815883 88 91 93 1.1975764080723124 58 151 53 90 55 117 50 152 51 186 52 125
16777 2.2272412661335466 -1.4255584050627126 3.8250564138728111 42 75 57 0.41001715806335987 59 842 62 940 206 141
18015 -2.5936866438546393 -3.1921943665156873 -0.38251580347365099 0 0 0 0.43561792748487765 5 890 9 844
16391 -2.592429929856872 -3.1908201530010682 -0.38276228278887736 130 130 130 0.24828161342282823 7 368 10 460 15 250 16 263 18 220
1130 1.5953980171067401 -0.81384548567669257 4.3413419360955476 114 115 116 0.92379055421914269 58 1289 62 974 60 1007 57 903 55 1053 53 933 52 806 54 1115
2735 -0.44066608097744037 -1.6204245381258491 5.8801316328114597 0 0 1 2.0563892344534533 55 162 51 270 49 186 47 137
16877 5.7288704256702188 0.55223605685693822 -0.57164318232046152 0 0 0 1.4401525221725406 4 410 8 444 205 482 208 918
16602 0.61481493455519409 -1.8175494639803929 4.936641696379005 42 48 49 1.3896081059932865 58 8 54 41
1341 1.5935256434195673 -0.4703835661204685 4.3487282172253181 119 120 120 0.75674714408078925 58 528 57 343 53 295 52 517
2460 -0.30278465860272136 -1.3528889855675637 5.7766893306794813 3 3 3 1.0318903358330427 53 674 55 815 50 436 51 442 52 596 49 331 47 287 49 420 48 222 58 1015
17959 2.8637472824804093 -1.3935427241183367 3.294440156635507 101 104 104 0.71037578363253373 59 980 61 894 63 778 64 623
17445 -5.0289684310358824 3.2006450360220584 9.389544701490669 61 64 74 1.3705661742928976 121 290 122 189 123 210 128 288 138 192 140 186 141 156 135 163 137 174 139 243 138 103 139 139
12358 -3.5239733755331897 -0.034137385763588955 7.4976344107447881 78 82 94 1.1423446633143894 40 87 46 277 41 60 42 128 45 127 46 128 185 137 39 118 186 99 184 118 183 203 187 133 47 449 48 357 188 71
14118 -2.3572711283615804 0.60419725768785426 6.4703876795193045 0 0 0 0.056925519507514802 46 108 185 175
3944 -1.2486063867220323 -1.0838981191748926 6.7242622273342647 0 0 0 1.0547466608492064 45 152 47 214 50 445
1519 0.31167061498775916 -1.6696014643974417 5.1538068540205897 15 17 18 2.1811830288648282 58 142 51 308 54 133
18018 -2.5936766149479964 -3.1921870595679702 -0.3825136939605388 0 0 0 0.55587488541035435 5 946 9 865
12270 -2.5635300650291497 0.86471075559714017 6.3643846874711159 0 0 0 1.8761542519918151 128 476 182 280 49 614 172 490 171 291 174 396 167 387 168 346 207 689 40 213 39 182 184 290 47 465
17357 -12.841829301553277 3.4851804496335932 15.781074776991884 114 120 138 0.77237457242156393 118 369 119 394 121 371 122 433 123 463 124 423 125 479 127 500 143 387 145 389 126 385 126 450
12369 -3.5558686599763991 2.4021770777038216 4.2482327769249677 232 232 232 0.31126110064646656 178 291 180 292 182 340 179 308 176 407 177 286 175 340
2096 1.6028581170141571 -0.78692517407750151 4.3363049642432774 124 124 124 0.51895708425842679 60 1010 53 936 52 813
17247 4.4685145959138666 -0.40602929765205559 -1.3140760352472243 45 47 55 1.1953032457853001 86 532 82 461 83 468 76 305 77 334 78 324 76 533 77 548 85 481 84 408 89 489 75 592 95 251 88 464 90 421 91 443 92 403 94 381 93 312 97 230
17521 -2.4230335096666082 0.74403163567754194 6.4038694792000195 228 228 228 1.435978581273927 122 407 124 291 125 353 128 246 138 164 143 381 129 203 140 182 136 230 122 517 124 523 126 484 127 523 128 421 129 413 130 319 131 350 138 378 140 372 142 426 144 414 207 697 143 476 145 463 135 278
2260 5.1583398704048724 0.012013004783025357 1.3783315113938865 231 231 231 2.0289830773940949 59 681 63 523 61 631 66 205 68 182 67 75 69 159 73 347 74 448 72 194 64 382
15752 -0.40973843512154257 -0.037521241269365208 6.6054636291341158 0 0 0 1.0848673985360369 162 236 156 271 155 288 153 339 154 312 152 342
5479 3.2244288307763713 -0.23682735504441624 -1.096885342031124 0 0 0 0.28688406115509013 84 643 85 618 86 709 87 671 89 698 88 647 82 711 83 684 91 596 94 559
15653 5.1582747077038835 -0.22072179299745198 1.0707713664500278 29 30 30 0.77896351809084985 159 213 157 235 162 242 158 233 156 281 151 396
392 2.1895738032043557 -0.38059870976170057 3.8576171008151472 16 90 40 0.70292380925337927 58 538 63 381 59 322 62 338 60 342 57 325 55 434 53 328 61 284 54 398
17264 -2.5931901638178516 -3.191629220452918 -0.38275674131753079 0 0 0 1.0685711482034583 11 338 17 381 14 370 16 335 24 72 19 157 20 82 22 72 18 275 21 90 24 90 19 168 22 85 23 61 12 388 10 446
4301 5.8854215831609604 0.12782061371453887 -0.052992579777214735 0 0 0 0.42759179910867778 72 174 71 195 77 433 76 425 80 323
1533 2.845613056998467 -1.2123977700979014 3.2715772823158011 0 0 0 0.087849961199114313 60 63 62 59
18032 -2.5932132689410863 -3.1916402556406993 -0.38275354031474695 0 0 0 0.41508102368231931 3 809 4 877 8 888 6 735 10 707 12 611 5 832
16829 -1.0805588802584465 -1.0911898462668239 6.6157592827217613 0 0 0 0.021335571888338463 48 150 175 133
17911 1.1092984388526139 -0.67174104197151596 3.5054519507894155 0 0 0 0.14317987535228191 164 9 167 26 168 73 165 18
12366 -2.1701210694063167 1.1959389329239212 6.286987532829186 99 104 120 2.1238092633977108 123 86 140 29 181 4 178 12 182 12 122 68 141 31 174 19
17136 -2.3109281751366737 0.79170197369626727 6.4680727280821593 0 0 0 0.66516825238611166 41 108 43 24 44 128
1875 -0.38377739053592413 -1.7646154921899144 5.8460051201635297 50 54 61 0.76350585629047918 58 679 55 508 53 400
1885 2.3568530060064332 -1.421774118483276 3.7223588575062045 124 124 124 0.13988734234124472 57 73 55 574
16027 5.2598305477160858 4.2005995457066874 -3.2210455990736984 231 231 231 1.4696971812267148 150 421 149 459 147 607 146 530 148 638
17677 -2.592705565895987 -3.1912217041518387 -0.38270701178251948 0 0 0 0.74419742439648384 3 638 4 679 9 536
16293 -2.5932026632086167 -3.1916628344508302 -0.38274607918154763 0 0 0 0.67691791533242318 16 310 22 47 17 307
1032 1.7855064541389811 -1.6094940330906682 4.1776768640714312 11 23 45 0.6580191473181598 58 941 60 829 57 606
6119 3.8626926439540092 -0.15417859658965677 -1.6524967968114377 59 62 72 0.64684923801570371 90 575 92 531 93 404 95 352 96 254 98 250
2151 2.9366664571388013 -1.4301760593482578 3.2623916402223649 109 116 122 0.53614693133709934 59 18 63 74 64 35 61 23
17934 4.3984455824260582 -1.3739009016575723 1.3683676178996154 0 0 0 0.18058078496956084 66 241 72 275 73 457
2673 1.1864801210202267 0.54605136901518048 4.5563316210593072 0 0 0 1.5263341188639508 55 1188 58 1457 53 1022
2205 2.1563680006670318 -0.40709088025443574 3.8275476985799624 21 91 42 0.16238456550272951 62 334 63 234 61 282
10937 -2.2106685408296309 0.80527446917692469 6.4703010103329932 228 228 228 0.58034379242946077 174 430 166 500
664 2.2695033647699034 -1.5820160724579306 3.7894658770634804 32 39 55 1.2677759035228602 58 59 59 408 62 443 60 29 57 14 55 118 54 18
17163 -5.0683832585157207 3.1184595034111213 9.1685558272950871 117 123 141 0.93495427198571268 118 459 119 508 120 466 121 458 122 564 124 569 125 627 126 534 127 584 129 498 137 393 138 438 139 528 140 431 141 481 144 484 143 500 123 621 128 555 131 480 128 530 142 508 145 497 136 416 123 568 135 411
18058 -2.5931836336592791 -3.1916232419271204 -0.38275787326360999 0 0 0 1.0912149011334169 3 465 4 497 8 507 7 497 15 396 16 412 12 497 19 188 18 313 21 118 24 109 20 109 22 96 6 563 10 565 11 441 17 397 13 450 14 428 5 603
17940 6.0758889401785119 -0.29309370777299038 -0.14710844524189656 0 0 0 1.98932035607683 72 162 73 6 74 363 75 264 71 46
16545 -2.5931558075761072 -3.1916302755760357 -0.38273301137022175 236 236 236 1.0155852608325389 14 398 16 370 18 279 13 370 17 361 17 338 7 453 7 408 10 524 12 451 20 72 6 481 12 494 5 600 6 606 3 304
1284 1.6736541855661626 -1.6381050929273657 4.2713002628214438 108 114 120 0.80295197607092117 60 102 57 74 53 121
2128 -0.11792786098741911 -1.4760619339409078 5.5907469753209673 6 7 8 0.72693112107226332 55 915 58 1113 53 664 52 578 52 695 50 428 51 433 49 328 47 286
7215 -1.3436159784240538 4.0399219129172108 6.0469117956953014 67 67 67 1.8665711878005429 177 230 176 386 175 295 174 281 156 52 154 166
17627 0.79285263122287442 -1.3536086781293444 -1.2019089573945352 130 130 130 0.56361812365987041 3 547 4 573 6 371 10 333 5 480 9 414 205 611
2366 -0.089523789219099523 -1.325646695248897 5.5760774644033493 54 67 65 0.24692892281912299 53 151 55 289 58 354 50 174 52 179
7453 -0.63201756122907327 -0.94764060637741132 5.0654983272124863 77 83 81 0.32716626977162028 173 21 172 15 169 36 171 15
17524 3.3428500375079389 -0.27286121590933277 -1.3428294506194252 0 0 0 3.215750634142502 87 63 89 60
2263 4.4706421150868003 -0.016554255634612519 2.1651343906935003 0 0 0 2.4214827961399759 60 864 61 646 59 609 62 718
17273 -2.5931211939072125 -3.1915065442632011 -0.38289167838956201 3 3 3 1.190745094713618 10 191 7 232 6 174 16 249 17 144 18 100 11 78 17 275 5 132
17585 -2.5924328152297664 -3.1908223926412265 -0.38278515290202086 0 0 0 0.39960045569663583 13 293 15 245 5 281 17 310
7411 -2.5968400204201347 5.3640881546882673 4.2501308219737073 8 8 8 1.2674158011826342 173 418 174 318 175 332 172 434 171 79 173 414 169 239
16246 -2.5931621469900947 -3.1916258084379829 -0.38273723915913921 0 0 0 0.52279425513035727 11 495 13 493 14 482 15 425 6 762 7 573 10 705 12 630
985 1.6215070514165066 -1.3695552699754237 4.3156501920252373 89 93 98 0.76858433374997703 58 975 60 741 57 649 55 806 53 682 52 621
17355 -3.0578787949586999 0.80386662258652508 5.9847293472048237 103 109 125 0.69506208980737882 143 332 145 383 142 29
17328 -5.5999975553251531 2.9822861798512532 7.6460474773616918 85 79 76 0.11446266476536782 143 240 145 264
14221 -3.6446720349025892 3.7428532769692509 5.3404328699702086 94 98 113 1.3185564803354832 117 406 140 492 114 307 116 334 118 425 119 510 120 508 122 570 124 574 125 671 138 475 139 583 115 307 141 582
7150 -1.8522694348241333 -1.2284346978998755 7.273659660099308 27 82 39 0.27666386472660265 179 45 176 105 173 16 174 56 172 192 169 30 168 5 42 145 44 154
12336 -0.87512586708942353 1.1535365426894379 1.638199958650902 0 0 0 0.0013378108001279915 125 63 119 52
2063 2.1417754523965757 -0.15126298271745503 3.9004904153152733 96 98 103 0.84207603003079257 62 631 63 401 53 620 61 505
7051 -2.9197279752430108 0.91212990484580747 6.0781872275002593 69 72 83 1.5430998558846476 45 342 42 352 40 280 41 248 45 321 43 246 46 304 185 378 184 286 186 303 39 228
17324 -4.4739930952043609 -0.13203829776621459 8.1393563417638468 5 5 5 0.66508873462243134 144 165 145 238 141 171
17672 -2.5923216858592628 -3.1909318322002758 -0.38278561300041147 130 130 130 0.04479972481842974 17 256 5 612
7498 -0.78382596843394892 -0.73662572676921867 5.662002300983878 231 231 231 0.51344978231738925 173 543 172 558 170 291 171 294 168 348 167 389 165 578 175 409 46 349
16430 -3.6574845031313195 2.5670663671289033 4.1853454044955214 236 236 236 0.35817171525070179 184 149 37 84 182 33
17512 -3.7113934627496112 1.3250378290659373 8.1066647610409834 107 112 129 0.9727496826260057 122 695 123 747 125 716 127 675 128 605 129 575 130 479 131 547 137 463 138 507 139 628 140 519 141 592 136 489
1554 2.7818095990376452 -1.1622620478445298 3.3956754401958147 124 124 124 0.80303725694555905 58 337 62 99 63 150 61 103 54 230
16914 0.31226857877723474 -1.3839678051290185 5.2417335704264811 1 3 8 2.0479371157196762 52 887 55 1179 208 1307
6641 2.9303162834195375 -0.058085855576645334 -1.0032666240918866 0 0 0 0.18047953296578359 82 510 86 580
18053 4.2595526182664285 -0.14498196180241413 1.8888577744370931 0 0 0 0.28021107122649952 68 302 66 318 67 193
17778 -2.5936891692129818 -3.1921872111663525 -0.382530239738477 127 127 127 0.64258668299619615 9 841 5 941
2517 -0.21981890299871965 -1.3433963651099794 5.7048908625409913 9 10 11 0.74408049912930929 53 1036 55 1180 58 1442 50 635 51 688 52 886 49 606 47 514 49 638
3636 6.3286455426516346 0.16420803452906307 0.52540190482817983 37 54 66 0.72884446253574953 67 131 69 212 77 682 78 679 75 661 79 657 74 560 70 272 71 290 72 289 76 649
2275 4.7546663969856118 -0.0014959329887854556 1.7331021329487439 29 30 30 1.0900433679986394 63 609 64 447 63 666 65 260 61 729 66 234 66 250 69 194
16417 -2.5931846273375334 -3.191638840672808 -0.38274312977806585 0 0 0 0.40652932375389422 17 439 18 335 19 204 21 128
1541 0.56606514978457401 -1.5912992191286786 4.8870525417217472 77 80 82 1.0910287576993993 58 182 53 113 55 145 50 157 51 196 49 126 52 133
18040 4.2109983799228212 1.640354060384924 -2.4227744832160498 0 0 0 0.81794881585467039 5 380 208 1255 11 239 12 341 205 314 7 296
17269 -2.5931785544898416 -3.1916416924211775 -0.38273807575712721 0 0 0 1.4471101624104963 17 403 13 453 18 314 10 443 24 91 21 107 21 97 20 93 22 86 12 455 23 76 15 369 7 455 6 343 19 169 14 400 16 417 18 292
17928 4.4931274172764466 -1.3494651876521089 1.3005433617102629 0 0 0 0.45908651462140515 69 167 71 221 72 209
17414 -4.4909572757406337 1.0858099767922731 8.636289605829738 0 0 0 1.1582830043131946 125 443 142 327 122 396 123 428 124 384 127 380 128 329 131 248 137 246 138 266
362 2.8273419292879791 -1.2092485675140008 3.3617353107735721 121 122 122 1.107739862003434 58 316 63 138 64 105 59 96 62 73 57 99 61 88 54 191
7433 -1.8379529907569061 0.49148757555926903 6.9092326308377059 0 0 0 0.86889504286829156 173 588 175 442 174 442 169 495 123 756 140 511 125 719 126 629 127 682 138 511 139 630 129 556 137 466 128 612 131 527 130 460 170 344 171 353 168 406 167 430 168 387 166 512 165 646 163 704 164 466 124 704 180 324 132 367 144 569 161 298
2346 0.11087003449579293 -1.6471760840627803 5.3460997945944442 39 50 49 0.48349170304669764 55 127 58 179 52 101 50 117 51 150
14072 -3.5887329960980399 4.0669060689361025 5.3295466449947613 228 228 228 1.6497684628563982 117 302 118 348 115 215 119 307 124 345 115 85 118 241 122 332 139 280 119 186 123 366 140 231
16429 -3.6850372751371396 2.6187320977834334 4.1742985698020734 236 236 236 0.24177589346730505 184 148 37 70
5742 3.8200490794955231 -0.39589677662003514 -1.2267119912340798 226 226 226 0.62964121774276749 83 45 88 221 89 185 90 333 91 194 92 362
16015 5.5476759905399433 4.9892901364243736 -2.7163360345396184 98 104 119 0.27996125848614267 150 382 149 411 148 553
14183 -1.0979235277223529 0.64838539946317619 6.1810522716356218 75 79 92 0.87681379538365611 125 469 127 422 129 324 138 341 140 341 132 186 141 385 135 258 134 213
3910 -2.0260710161769948 -0.94839902160008727 6.8775785988104783 230 230 230 1.3437217824648067 44 109 45 137 47 333 42 105
18052 2.6995594996422656 -1.3376702961016442 3.2933733567988126 0 0 0 0.44716984518594877 64 496 61 769 63 657
15834 4.4111000790262818 0.59554454196918583 3.2715399064838788 142 142 142 1.7364536657289822 161 309 153 274 152 281 151 318
15933 -1.0221275589333214 4.9578984027856796 1.4246972761866394 0 0 0 0.25772259173341722 165 517 163 572 153 124
5660 5.2620641240841612 0.31440158237594401 -0.88416020949450236 0 0 0 0.13024246276936238 79 359 2 227 1 227
2586 -0.083326382094019533 -1.2145416804558826 5.5818813886899958 5 33 14 0.87894844756014101 53 195 50 189 51 230 49 147 48 119
16428 -3.5353672902125108 2.4185864758425 4.1902882705485602 0 0 0 0.079221317969646488 39 86 37 57
1167 1.7254703629683352 -0.94761827668933818 4.2305700945226956 124 124 124 0.96664075029255314 58 1388 60 1074 57 969 55 1128 53 986 52 843 54 1189
17510 -3.0368963722007689 2.9482263590757332 6.1220462864847516 107 113 129 1.0654349746317195 117 439 118 491 119 578 120 534 121 524 122 656 123 711 124 673 125 706 126 613 127 666 128 595 129 558 135 459 137 447 138 500 139 618 140 493 136 473 122 619
17933 4.3984455824260582 -1.3739009016575723 1.3683676178996154 0 0 0 0.18058078496956084 66 240 72 274 73 456
16337 -2.5923946364925454 -3.1907616602225737 -0.3833008309909911 59 62 72 1.344101227684658 6 725 15 406 16 423 19 193 21 114 13 468 14 467 5 865 17 412 18 299 4 1037 8 1031 3 940
17960 3.4008579617518566 -0.2782842062887611 2.5172338214621122 0 0 0 1.9314835708084754 61 880 66 330 68 316 63 770 59 970 64 613 65 371
17952 5.4649388881013135 0.64425286479981647 -0.75691606044870596 0 0 0 1.3226258513691194 74 573 76 619 78 623 80 540 73 523 79 598 81 561 75 712 77 689 7 271 76 692 4 416 9 453 80 642
2691 -1.1158462410301417 -1.1103504972318292 6.6046347024576564 6 20 42 2.6212769824707287 52 612 50 336 51 343 49 329 45 157 47 220
17181 -3.7501065491836871 2.8079192722295065 6.6562103573904992 59 62 72 2.2180842083599295 141 30 142 108 144 95 143 177 118 104 123 140 126 101 137 51 140 72 143 128 117 82 121 72 128 100 125 128 128 98 137 8 138 15 145 298 135 69 135 70
16072 6.1551695076194344 1.5927542391284182 -2.9734163277087053 0 0 0 0.96245061581365743 150 478 152 360 151 428
17949 1.6988459805089882 -0.55067068872193747 4.2489922942699945 124 124 124 0.57200887873856943 58 1488 60 1181 206 926
17435 -4.3027497882659391 2.7246063414726409 7.4540011903958172 63 67 77 0.61926656863064167 120 551 121 534 126 626 127 679 128 609 129 555 137 465 140 505 141 578 135 453 136 491
17178 -4.0894976023025542 2.2872883225882799 5.6296674194460623 99 104 120 1.2594375158920192 142 535 144 539 143 587 207 888
17246 2.1463760403500527 -0.37383843399710881 3.8925014684866883 27 48 49 0.67133540207957376 53 595 55 709 58 868 60 594 62 608 57 516 61 483 54 687
17349 -2.1996689616673457 0.71729793372822415 6.545243918813715 228 228 228 0.1959481922260774 142 285 145 350
1391 1.6221371176517536 -0.23629878426945591 4.3304692138344594 107 109 111 1.4591787497686879 60 647 62 806 57 568 53 603 55 723 50 465 54 711
16652 2.2653383731972729 -1.0043560345748792 3.7988362261002195 16 26 47 0.61427659402402601 55 647 54 248
3748 -2.8424531705415141 -0.052291575743490852 6.1700679390067465 110 116 133 1.0958995079608489 183 8 51 325 47 19 49 42 46 8 48 6 142 25 184 29 144 27
13922 -4.2770931789348916 3.4691871360648792 5.2146206362053764 109 115 132 1.4469743009082405 116 245 118 207 119 408 120 339 121 380 122 496 123 287 124 561 125 559 114 237 120 458 121 446 113 204
17890 5.8961417366575288 0.21906373725780684 -0.26177911584019092 0 0 0 2.0941319632166095 7 245 208 869
17917 1.9210646172994243 -0.25969227732584232 3.4599396724187477 0 0 0 0.16700923303896428 166 64 167 134
17376 -3.0807816896935067 1.3106859484941422 7.0603277932126876 0 0 0 1.3531838948228516 124 288 139 348 142 336
17947 5.7885542440118138 0.79236403371123088 -0.77081999282517755 0 0 0 1.8551093208782354 2 543 10 387 12 319 83 664 1 543 82 630
2686 -0.1537059412485596 -1.2243985482772799 5.6451584960963768 3 3 3 0.8187077760922753 53 822 55 942 58 1132 50 579 53 921 51 589 52 717 49 496
17176 -5.15531675830404 1.2053583309889164 9.761669090786997 108 113 130 1.4796964717416736 140 473 141 548 142 560 144 536 143 584 145 551
17943 5.1510131022082692 1.0985786801661228 -2.4531446158147832 0 0 0 0.68308448201295713 1 381 4 28 2 381
17429 -3.7592173632454817 2.7254721228303658 6.7896393091585248 60 64 74 0.93547387718416863 118 427 119 472 120 467 121 459 122 513 123 573 124 572 125 630 126 537 127 586 128 531 129 468 137 396 138 442 139 531 140 433 135 415 141 486 136 419 117 407
2168 2.7966170373219859 -1.2091425366062438 3.2923300778246412 116 116 118 0.18402171341884566 62 67 63 131 64 96 61 81
2214 2.0057677506317195 -0.17413947794463167 4.0126117818244404 81 85 93 1.4539511030439323 55 466 61 345
7301 -1.2631554602510784 1.7927021491499442 8.0236001269321893 0 0 0 0.75444745790180867 173 55 174 277 175 68 179 18 163 71 178 211 160 127 156 141 153 13 150 11 149 8 152 235 146 25
17941 5.9894764692489417 -0.30394298599288522 -0.16007953573598765 0 0 0 1.6273860320303584 72 163 74 364 76 361
17341 -2.3660274104575367 0.91376672392700697 7.0441037687239811 228 228 228 0.41938228160597135 140 214 145 314
17882 -4.7415869471572138 2.1408510772700358 5.5826185860915096 59 62 72 1.0773171383877636 187 192 188 241 37 95
3465 -0.95216276018762203 -1.1994508242465463 6.6261383714278708 0 0 0 1.4149043881073471 45 253 46 258 48 332 47 348 49 484 51 580
13639 -3.74252533069133 2.2486769919072236 4.5484757889297125 232 232 232 1.1614700202288244 178 108 180 88 176 199 180 210 176 274 175 142 175 201 181 246 177 132 183 268 184 243 185 278 184 282 183 237 186 241 37 97
2356 -0.30431303471957738 -1.37430288485868 5.781688050893143 2 81 25 0.34116757883668636 53 135 52 157 50 170 49 104
413 2.6902344710038562 -0.85991910551483408 3.4651078521254135 124 124 124 0.74410252403416022 58 789 59 459 62 518 60 510 57 441 54 620
14555 -2.3214367262290949 0.80657504890289089 6.4722088684600161 228 228 228 0.39940676774079786 42 117 39 111 49 451 185 185 48 180
16309 -2.5931975039960466 -3.1916306285199885 -0.38275939890069977 0 0 0 0.69737875082927503 7 360 15 320 16 367 16 337 17 358 18 255 19 155 21 82 24 69 20 80 22 62 23 57 6 347 13 369 18 237 14 374 11 340
1048 3.8190458423385416 -0.23631942379918208 2.2275721766904568 29 30 30 0.21568366635891956 63 538 66 211 68 187
10861 -1.3857921901000139 4.4723137228132472 1.6178166543874413 116 122 139 0.24334297796270102 168 90 166 24 165 40 163 26
687 2.886642340762029 -1.2091538654061043 3.3194636818970729 9 21 44 1.2432388850634311 58 308 59 78 62 63 63 118 60 67 57 96 61 73 54 164
15948 -0.74594282007480017 3.9820047693425678 4.9156052782248709 107 107 107 1.7749799150977963 153 359 154 320 152 358 151 422
17932 -2.5923934508005626 -3.1908457928698764 -0.38286608409545619 0 0 0 0.13953087898804203 11 330 13 335 6 488
2289 5.167507981079476 -0.023016293110575615 1.3319160307320959 210 210 210 1.1454717430641341 63 692 64 530 61 809 66 259 68 264 67 153 69 232 73 522 71 326 75 748 74 646 59 876 72 341
16431 -3.6574845031313195 2.5670663671289033 4.1853454044955214 236 236 236 0.35817171525070179 184 150 37 85 182 34
1170 1.6115760571328992 -0.43775438479524931 4.3378949145993158 124 124 124 0.9069887264904638 58 1309 62 1063 60 1082 57 911 55 1071 52 849 54 1133
17513 -3.7113934627496112 1.3250378290659373 8.1066647610409834 107 112 129 0.9727496826260057 122 694 123 748 125 717 127 676 128 606 129 576 130 480 131 548 137 464 138 508 139 629 140 520 141 593 136 490
18054 3.3274225571153968 -0.4681081742974128 2.462860632622645 0 0 0 1.8368062562681033 68 322 60 1187 66 336 62 1162
2600 0.075926387790912833 -1.668042019074115 5.3796691606887306 19 28 22 0.73415751349608416 58 696 50 280 51 295
16742 1.7183287834355567 -1.3777472910775874 4.2044904724448795 124 124 124 0.86628833993829313 52 866 55 1113 54 1175
17927 4.4931274172764466 -1.3494651876521089 1.3005433617102629 0 0 0 0.45908651462140515 69 168 71 222 72 210
17525 3.3428500375079389 -0.27286121590933277 -1.3428294506194252 0 0 0 3.215750634142502 87 64 89 61
769 1.6717863315355816 -1.0694306485347052 4.2767957114247501 98 113 101 0.64438079281449578 58 377 62 560 60 261 57 225 55 310 53 216 52 472
16030 5.7770434334464174 3.9223790564956875 -2.8063818652697159 87 92 106 1.1502303471854125 150 445 149 466 151 418 148 615
17268 -2.593201381933842 -3.1916434036406245 -0.38274708840099481 236 236 236 1.4481179913880331 7 459 15 400 17 405 18 316 21 106 24 111 20 111 22 98 16 419 10 528 12 501 13 455 6 485 14 429 19 189 23 83 5 428
7094 -3.1262453401206463 -0.0724572452060262 6.9380217324064386 85 90 103 0.35566225912292859 179 255 177 237 176 289
17906 2.383789205157222 -1.6083509317224152 3.6937122780670366 124 124 124 0.3922478810344468 59 761 62 920 206 107
12819 0.24920021837585449 6.4189061010137429 3.0271223645876302 0 0 0 0.53487651023184624 165 113 164 145 168 115 166 69
18031 -2.5932009139671162 -3.1916701651150445 -0.38270970554160849 0 0 0 1.0633919192129009 3 885 4 975 8 984 11 484 13 495 17 444 15 426 14 483 16 452 18 338 19 207 7 574 12 612 10 708 6 736 5 879
2577 -0.26531131094099819 -1.3273333798634774 5.7457182444522346 2 6 4 0.50767945078049437 58 356 50 171 51 202
16719 2.6585861062257279 -0.58296318110930712 3.5024353518139817 85 88 95 0.16223664794147497 57 690 54 876
1458 1.7395599648336852 -0.91209549946143798 4.2204053185133343 8 47 42 1.370389719188605 58 1390 62 1084 57 971 55 1129 52 870 54 1191 206 606
16444 -3.6354685339071908 -0.17591210356875359 7.1991780987320526 63 67 77 0.51679615243358812 41 30 187 62
2302 4.7663659022318248 -0.017399768213025447 1.703753443763478 29 30 30 0.91839099842393879 59 914 63 718 64 559 65 335 61 835 66 307 68 287 67 180 69 255
7389 -0.5721702709504507 4.3965228426778467 2.7560486190506563 59 62 72 0.16363134100229759 173 339 174 197
17260 -1.1168057011683028 0.62499009281644113 6.3814202240399007 75 79 91 1.4110243439280556 44 203 129 325 138 342 45 75 126 307 127 423 128 304 131 204 130 178 137 56 127 37 139 85 132 187 133 4 42 223 46 118 48 254 49 453 125 233 51 609 124 479 51 387 140 79 46 190 172 471 173 456 169 183 169 368 171 233 168 79 167 330 163 238 176 354 175 168 179 217 177 102 178 208 181 236 180 185 181 206 182 195 47 196 136 48 136 186 135 46
17390 -2.2045145663000083 0.20450135022586621 7.6207434495040731 5 5 5 1.1559253205092925 123 357 124 329 127 315 130 137 131 163 138 196 140 204 135 131 131 98 130 85
17898 -0.68721437832877352 1.1107432060334634 2.1344573846149673 0 0 0 0.16847452482991548 133 81 136 115
17885 -1.3251167281613252 -0.44824948651646207 7.3506328613335148 5 5 5 0.85312391012469135 179 102 175 276 174 259 171 229 172 467 168 299 166 421 180 177 165 553 164 360 166 455 173 393 131 172 126 369 128 357 127 405 125 397 138 218 137 272 130 147 178 227 161 179 176 239 49 438 135 236 136 163 136 249 49 290 177 254 47 103 132 93
10841 1.2021280901506126 -0.59352887062577442 3.5193361769526765 90 91 95 0.15229493699620675 168 154 167 182 166 116 165 149 163 223 164 17
10940 1.3200312873980236 -0.41932727767387856 3.7989249727626206 65 100 73 0.45895884852083146 167 439 166 520 165 641 163 696 164 444
667 2.2627731583244639 -1.5726737018418762 3.7951786131086735 119 119 120 1.3329342817631582 62 47 60 32 59 412 58 73 55 546 54 24
17912 2.781215892104155 -0.74275159324185525 3.3931477794263381 0 0 0 0.43902932426550334 57 882 58 1288
2651 0.5490173830583065 -1.8266879462099226 4.8742530383491136 55 70 67 0.51709416667935126 52 760 50 547 51 557 58 1197
12825 4.4545417080084828 -0.022080581651065637 -1.6371084833103702 0 0 0 0.55448576447495868 78 476 82 429 83 419
17371 -4.2317506044222322 2.2772898117888762 5.4868082885896392 231 231 231 1.7308882699857742 124 552 140 446 145 527 119 489 121 476 125 607 126 520 127 567 139 507
17342 -2.2171969168572487 0.79168878094388206 6.522558249492505 228 228 228 0.32215478386703805 143 296 145 324 123 356
17883 -8.0420998683742493 2.0606010243973176 9.789388343020196 231 231 231 0.25285501739275867 186 188 187 201 188 210
3466 0.8412380003812463 -1.8165461937173366 4.5640642577199211 18 88 41 1.2275533481605532 50 661 51 737 52 910
16828 -0.099551804311034442 -1.2145160624616564 5.581417458708958 18 49 26 1.6104928576486994 47 374 49 499 51 593 208 359
17369 -3.940362839013726 2.2320940943893377 5.2832480702260272 66 70 81 1.0480350504937936 143 415 145 491
2108 1.6232289979037313 -1.4379671957061224 4.3165238453629957 50 54 66 0.63263586390482551 58 1415 57 993 55 1155 53 1004 58 1359 60 1054 57 949 55 1109 52 864
7388 -0.61278388922897664 4.3631193719355368 2.7265927139768764 66 70 81 0.32123950516521571 173 337 174 194
2301 2.7583341035185298 -1.3214725927926283 3.2878531875968013 113 119 123 0.14301694881274196 62 1095 63 716 64 557 61 832
1536 0.14401360702522356 -1.6674850682867259 5.2997236622546495 41 52 51 1.0950542531734897 58 161 55 101 53 71 52 89 50 107 51 136 54 166
18035 -2.5932403910323623 -3.191632901869712 -0.38277062185449967 162 162 162 1.4432019905161944 3 949 8 1079 6 783 10 741 5 914 7 606 12 649
16651 2.8252821239216281 -1.1526704563154935 3.3632611968433728 124 124 124 0.38479613680806546 58 340 54 236
2509 0.046045626522278497 -1.3780022324619454 5.4337163308486467 15 17 18 1.0056020494347397 55 1118 58 1383 52 833 51 632 49 556 47 462
7497 -0.40817785382537719 -0.87859348587573716 4.9751817561633276 13 85 36 0.70099689211018223 173 542 169 458 172 553 170 308 171 314 168 375 167 386
17770 -2.5927594530248941 -3.1911507553154395 -0.38264952763904164 0 0 0 0.58951559014849442 4 1088 9 838
17494 -2.3683988560857943 0.053888026003153601 7.1248634062393634 92 97 111 0.9743149466425004 123 569 124 518 125 568 126 477 127 515 128 468 129 405 131 398 137 349 138 367 139 458 140 366 136 351
16696 1.7717802786394943 -1.0579939091018009 4.2123533830160929 17 51 47 1.1820169034278811 60 252 54 601 62 263
1435 2.4084458183191031 -1.289366790381806 3.6227240634650224 108 109 111 0.94471201235179125 60 962 57 866 61 785
16795 5.3280656027797422 0.27201146255560155 -0.97258457648971708 0 0 0 1.0253153330795839 1 219 2 219 74 391 76 554
6522 -2.2028234594373641 0.72117049398216226 6.5386968908199545 228 228 228 0.99721798955426355 47 390 42 213 48 240 45 179 182 221 46 266 51 695 48 346 41 112 41 185 181 167 178 184 180 162 177 251 176 328 179 196 185 289 168 226 167 270 166 340 165 478 163 536 40 217 169 295 170 169 171 163 172 398 173 374 174 235 175 260
14478 -5.6556776129164819 3.3970689893931136 7.9104332450454375 108 106 106 2.6680943745989767 41 221 42 268 43 232 186 275 185 272
3095 -0.72466932695477848 -1.1577657778094008 6.1967222663424177 0 0 0 1.9107262919521182 53 1066 50 683 51 766 52 921 49 681 48 458 55 1220 47 562
17481 -3.7137397936113374 2.8859037144271982 6.5112253568368752 84 89 102 0.84687504530052271 117 175 119 293 121 288 122 318 124 307 125 455 126 367 127 410 128 368 129 315 137 182 138 203 139 247 140 193 136 255
7307 -1.157231531383778 -1.1455941775386722 6.612668665587635 27 82 39 0.045958349019496469 175 25 173 37
1518 0.56221777252386218 -1.6279949596631564 4.8881809668874716 88 90 92 1.0804445404061602 58 157 53 92 55 121 50 151 51 331 52 124
18017 -2.5936766149479964 -3.1921870595679702 -0.3825136939605388 0 0 0 0.55587488541035435 5 945 9 864
12472 0.546653577592914 -1.4333013936164891 -1.1611125778245286 0 0 0 0.84957205263880231 6 216 9 265 10 216 4 379 8 415 3 362 12 200 205 282 5 330
2298 5.1174123608226676 0.010254539313019355 1.3397888363455748 231 231 231 0.36807823857985544 66 288 68 265 67 177 73 542 71 342 75 780 74 649 72 361 75 749 69 253
17476 0.17000532924099593 0.058518894306219073 6.4097917233332771 0 0 0 1.0662693848419336 177 257 176 384 172 433 173 416 175 330 51 539 49 592 47 500
2215 1.8386250116495682 -0.17915058102702608 3.8709621605292526 98 101 106 1.7144637049653053 62 393 61 346
1511 0.23248761546552249 -1.7357088785912085 5.2120528305023575 39 49 48 0.50364028835211205 58 108 53 41 55 51 52 58 50 81 51 105 54 122
18010 -2.5936749206016789 -3.192187031238551 -0.38251112868730558 0 0 0 0.21328000190065238 5 641 9 650
17469 -2.2808301836754543 0.74188958505769398 6.5248732986710456 0 0 0 0.70302704237415159 39 112 46 66 40 67 184 78 144 142
2208 2.1025684148349177 -0.22435351216010255 3.8558192429544409 0 0 0 0.30284546936729045 59 343 63 260 61 317
7295 0.73269660131144476 0.64082948684618668 7.4230961795132337 107 107 107 1.97116158669375 176 516 163 727 164 479 168 427 170 348 173 592 167 473 164 499 170 368 160 250 159 166 157 223 162 210 162 240 158 179 158 215 158 229 156 278 153 325 150 433 152 323 149 450 151 395 166 539 172 637 175 462 165 679 167 448 169 502 171 361 161 317 174 450 159 206
17467 -1.2959162995755416 -0.45469840022730945 7.400530858951953 99 104 120 0.92771893300633623 127 330 129 229 130 284 137 186 138 219 174 265 176 345 177 217 136 167
7293 -1.2812991936841045 -0.54704088856812216 7.2937883351239172 5 5 5 0.90576211337171886 176 501 177 403 175 459 174 459 172 619 173 602 170 354 171 367 166 530 178 364 168 407
2206 2.1207908206660937 -0.31848808196689532 3.8319853693011194 22 40 48 1.019361342874072 62 349 63 249 61 300
16382 -2.5924143127681094 -3.1908204326307028 -0.38280617553862512 0 0 0 0.75160228094261428 6 96 7 179 15 172 17 281 18 191 14 284 6 354 5 149 5 430
1121 1.689008377816356 -0.97755291154493384 4.2567257078644563 124 124 124 1.1388876434354083 58 1137 57 885 55 958 53 928 52 802 54 969 60 989 206 181
17464 -4.1963863754552451 2.6107842336956066 7.1402325701833513 59 62 72 1.1549950578075441 118 231 129 220 131 278 139 208 142 417 136 151
7290 -3.527085123444917 2.4725506065638578 4.1505733797572137 228 228 228 0.75895391095638298 176 495 177 390 175 434 179 371
17451 -4.5546251250363703 1.3808706920201426 9.0515767330846888 60 63 74 1.0479471670220317 119 100 121 134 123 131 124 119 125 43 126 90 131 1 137 34 139 65 142 94 136 16
7277 -1.7237462956238603 -1.1904224998239543 7.1802768368572814 124 124 124 0.32345415631143848 177 295 175 354 173 469 174 330 172 480 169 355 171 220 170 231 168 284
12364 -2.7734391730754169 0.044072877067166893 6.3287411080705516 110 116 133 1.14998612419146 177 269 176 372 175 311 174 220 124 449 125 494 182 267 178 238 180 221 179 228 177 242 127 378 125 441 124 382 139 341 138 263 128 327 181 252 123 476 126 344 140 311 141 416 142 451
16342 -2.5932539465860502 -3.1916373722000349 -0.38277244563060575 227 227 227 1.6103933846101255 7 537 11 470 10 575 6 688 5 761 12 590 8 714 3 630
1081 3.0671305090508927 0.95366463969852466 3.1055081509311431 142 142 142 1.1634270555911246 62 914 63 403 60 924 61 708
16359 -2.5931465277458274 -3.1912775318116857 -0.38313503538087862 0 0 0 0.45358084904563989 15 231 16 245 11 276 14 274
1098 2.707103971346382 -1.2348031249619806 3.3677834164692544 96 97 101 0.63185603210785535 62 933 60 956 61 725 59 766
17441 -2.4230838680871369 0.74515092242541292 6.405665813232476 228 228 228 1.2078751134923715 122 408 128 247 143 382 139 229 135 279 122 518 124 524 126 485 127 524 128 422 129 414 130 320 131 351 138 379 140 373 142 427 144 415 207 698 143 477 145 464 136 231
12354 -3.8079537684432756 2.6638646489203284 4.2619559341074744 0 0 0 1.3522629182188892 176 405 177 325 175 367 182 335 178 289 183 372
17434 -2.4030753824159552 1.3058771358750785 6.3760196370132203 110 116 133 0.73454106116965656 126 610 129 536 139 615 141 562 135 435
17177 -5.1696445194755665 1.2070271890980484 9.7938080228956412 108 113 130 1.3181235562849849 123 694 124 651 128 581 140 474 141 549 142 559 144 537 143 585 145 552
1926 1.7167048434194658 -0.73856717005978312 4.2449612282075933 91 94 100 0.28567646585635664 57 701 55 846 53 722 52 649
16068 0.92997813908046989 0.64187453037568198 6.9791649028288347 105 105 105 0.5508899372742706 155 311 151 408
807 1.5841262005417927 -0.80361314277975116 4.3523782861980296 122 122 122 0.47236593006806499 58 480 60 337 55 367 53 250 52 248
17424 -0.84780384032619349 1.179262068342156 1.6343439208752089 0 0 0 0.00017622636965638146 129 474 131 462
12337 -2.4931906804849118 0.38237930416042992 6.4376881722678512 228 228 228 1.4736151021350106 47 489 140 425 42 300 43 218 45 297 128 462 181 261 185 335 49 611 175 356 178 273 180 250 125 560 179 291 172 482 142 458 46 284 44 289 186 261 144 454 207 680 51 714
16626 2.2384201428856874 -1.4409805339792834 3.7952328008716774 122 122 122 0.89520712656804013 60 78 62 90 54 109
1365 1.745857088947768 -1.6409515124493099 4.2118052260571348 112 118 124 0.60114600667140905 58 634 60 461 57 406 55 523 53 460
2209 2.0778791861445609 -0.23015610677501752 3.8242089266183061 0 0 0 0.48006501428749332 59 345 62 362 61 319
17167 -3.0794186651783702 0.0070517765338724368 6.3682563535916747 0 0 0 0.87163954579496583 142 447 124 219 140 258 141 405 125 279 126 116 139 164 123 417
17422 -0.97348707522333011 0.60899068269722811 6.3911123386050628 97 102 117 1.4786327870775438 138 447 176 400 207 741 125 594 135 350
2207 2.0999449851865473 -0.33515040762026443 3.9326329881537689 120 120 121 0.26395658149907003 53 337 55 439 61 304
7294 -1.2797593890299441 -0.54140185001503649 7.2872700768909082 5 5 5 0.76857148771804862 176 502 175 460 174 460 172 620 173 603 168 408 166 531
3023 0.42918787997354796 -0.89721658440120711 0.56221561596397918 0 0 0 0.21277832179764791 50 363 52 489
17165 -3.7516130469651672 2.8954461173777108 6.7962798424523747 92 97 112 0.51453210120898685 144 487 143 504 142 513 141 490
1914 0.2801261865847513 -1.5887791979582484 5.1774045325972446 49 62 60 0.5068933040021405 58 962 55 784 53 653 52 567 50 307 52 373 51 428 49 238
17175 -3.8593184603919943 2.7422007963227495 6.7860736715794721 117 123 141 0.85304084171156547 142 540 143 573 119 547 121 521 126 608 129 537 140 489 141 559 118 489 122 609 123 663 124 619 125 700 137 442 138 497 139 567 122 651 123 707 124 669 139 611 145 536 136 471
4271 5.924053326551439 0.25438509077920957 0.045351721807165186 0 0 0 0.90755729031636945 73 581 71 374 77 795 76 763 78 818 75 794 79 801 80 743 74 681 7 520 10 663 6 654 4 939 8 941 3 866 12 565 205 960 1 763 2 763 72 401
16056 3.7121152437644267 4.1374408223186254 -3.0005036215390017 8 8 8 0.14071495556578623 149 296 151 275
17401 -1.9596074323641897 4.7975382762491092 3.2515734997843415 0 0 0 2.1045411454861398 105 58 111 133
2140 1.7586520848028424 -1.7114779776031421 4.1971600173635268 93 93 93 0.66074606940290947 58 917 60 822 57 739 53 640 55 901 55 752 57 592
16292 -2.5932026632086167 -3.1916628344508302 -0.38274607918154763 0 0 0 0.67691791533242318 16 309 22 48 17 306
1031 1.7855129188198378 -1.6087870997345592 4.1779273841725946 11 23 45 0.48359004330222299 58 940 60 828 57 605 53 796 55 772
17374 -4.033178112388339 2.4298983768179241 5.8755958677690172 88 93 107 1.9755181521589831 143 567 144 509 145 559
2113 0.28426384645163821 -1.7722424035983322 5.1530732013955998 37 48 47 0.51275270866472389 55 27 58 69 53 30 50 64 52 44 51 90
17373 -11.701751018716825 6.823395239742954 56.632281884115386 119 125 143 2.0583521833618774 146 555 145 538
2112 0.28426384645163821 -1.7722424035983322 5.1530732013955998 37 48 47 0.51275270866472389 55 26 58 68 53 29 50 63 52 43 51 89
16282 -2.5923366516570159 -3.1909255346526195 -0.38298839907142546 112 118 135 0.69156499313980879 12 178 10 176 18 172 14 199 17 272 17 251
1021 3.260538729930722 0.73987760779404055 2.9343644726217786 0 0 0 1.5524928544517305 62 901 64 476 57 918 61 697 60 812
6108 3.6757998050568657 -0.19341010794061697 -1.5434554100859621 0 0 0 0.34237961258926802 90 428 92 407 93 320
17364 6.9823366759884404 3.4711683816382037 -5.2910036627341928 0 0 0 1.8355774415696826 146 538 147 664
17904 -2.5924160462922901 -3.1908021882738034 -0.38326557783079085 5 5 5 1.6710130407133958 15 133 10 81 11 160 14 174 7 156 10 80 5 122 5 125 6 83 12 169 14 173 11 159 18 144 8 147 7 72 3 125 18 113 4 106
17363 7.7796587495194904 1.8460555421250313 -4.6624226077052136 0 0 0 2.2568689610999919 146 513 147 649
16393 -2.593236604061365 -3.1917086633507972 -0.3826832680685977 236 236 236 1.3710753007621481 17 266 18 224 19 132
1132 1.6473609864494847 -0.78038701517074316 4.299206251900034 124 124 124 0.77448070436110639 58 1293 62 1057 60 1009 57 908 55 1056 53 939 52 847 54 1123 206 412
10832 1.4351856681805675 -0.30414321434179686 3.960257274521334 103 105 108 0.23282247632207054 168 106 167 119 166 146 165 56 163 312
17903 4.0641406107325144 1.6067489664438004 -2.4515911742060172 116 116 116 0.50644677445007058 1 611 2 611 7 293 10 408 6 267 9 481 4 446 3 418 14 237 13 318 205 318 8 457 12 226 15 269 12 343 11 242 5 382 16 278 81 564
16519 -2.5932985851992485 -3.1920350154594952 -0.38261195833567746 0 0 0 0.033059747804833291 13 389 21 42
1258 2.2569951524817089 -1.6456599412232786 3.8007617412951173 12 89 38 1.1501621881214781 62 1004 60 933 55 1086 58 1198 206 103
2377 -0.092645286489104445 -1.2088796040596006 5.5902398237163231 3 31 10 0.82608960686887356 53 198 55 625 58 382 50 188 51 231 52 198 49 281 47 184 48 118
17362 -16.125803559855665 5.2249230685337356 20.528972158418792 107 107 107 1.4662573655936766 121 410 123 536 126 466 140 404 142 443 143 398 144 385 145 436 118 373 120 420 125 550 128 455 120 375 139 435 125 489
17356 -8.347022845415152 -2.0365134779910581 15.239137327217142 29 29 29 1.5585976995417206 127 367 145 388 125 417 126 322 123 398 124 360 122 435
17354 -3.3536536766965841 0.80680217275001076 6.3282250357257457 104 110 126 1.0265981500624701 119 240 122 58 145 379 124 239 126 204 127 243 141 202 140 13 140 265
17337 -2.4860528459274938 0.84527628838903701 6.3704849928351619 228 228 228 0.11784192190758067 144 237 145 308
17336 -2.3849436085518647 0.491585043694167 6.4808271541047651 0 0 0 0.46751687303549305 186 71 145 306 47 190
17335 -3.7587784219202405 2.7197616065523031 6.5580095579102888 59 62 72 0.65837061621820103 143 268 207 420 145 295
17334 -2.7396136455070907 0.81863055382511218 6.257104354923622 228 228 228 0.11320040032507928 124 261 145 292
2073 1.6753186157655851 -0.44372392700993613 4.276812835913927 15 91 39 0.36353985299658875 60 797 53 734
7160 -1.9852432338968931 -0.94579175022039608 7.0284422347042712 5 5 5 0.10718580705496365 179 94 176 228 173 289
17333 -4.9716217799643694 3.2377801810963143 9.1416494719233672 93 98 112 0.77216924780803631 120 265 125 225 141 155 142 247 144 223 145 285 140 185
17873 -6.8775818500337822 -1.69832912453925 11.825157388060735 231 231 231 0.28380479272406034 186 134 188 145
2612 -0.25242241330885329 -1.2749875849297456 5.7355767082534639 77 80 82 0.22958677483417103 55 620 58 767 50 337 51 351 48 156
17332 6.0355366280879128 4.3185454852707315 -1.9357637111833861 0 0 0 0.26061075863954908 146 354 148 513
17872 -6.8775818500337822 -1.69832912453925 11.825157388060735 231 231 231 0.28380479272406034 186 133 188 144
17331 -3.0730921679683441 0.62563057219986518 6.0299497945830849 114 120 137 2.0095314326258391 143 252 145 277
17871 -3.0979340129434125 0.81317954361656186 6.0440660137188544 62 65 76 0.18972372681066352 40 59 186 65 188 141
2610 -0.21849774681374678 -1.2843117635333277 5.7048358684383604 3 10 5 0.37007470027108713 55 618 58 766 50 335 51 352 52 440 49 261 47 170
16487 -2.5932369437439418 -3.19170945500501 -0.38268309979458742 236 236 236 1.5744754012286899 17 265 19 131
1226 1.6925916283744029 -0.44760025509742152 4.2683999111691948 99 114 103 0.68539737246661125 58 1514 62 1177 60 1202 57 1066 53 1082 55 1229 52 938 54 1308 206 1047
2345 0.077228928471569702 -1.6527359026162523 5.3774262227320211 19 72 29 0.57584171737576817 53 78 55 120 52 95 50 108 51 134 49 76
17330 -3.9636845171937467 2.3613051876121829 5.3219473174781582 114 120 137 2.0194473921060707 143 251 145 276
17327 -4.5784657237258806 2.5191584716154121 5.3327587957492337 8 8 8 0.098251498473783311 141 119 145 249
7153 -1.8965429288291342 -1.1398213279038549 7.4524612729959898 10 10 10 0.52814963766812617 179 51 176 110 174 14 178 83 173 20
17326 -4.5784657237258806 2.5191584716154121 5.3327587957492337 8 8 8 0.098251498473783311 141 118 145 248
17325 -5.6102432092190755 2.508525731830205 7.3306429883879636 231 231 231 0.003159758180564931 127 53 145 245
17863 -5.9643881276993866 3.1327046100714044 7.3363408642743702 59 62 72 0.17232676107968833 187 57 188 105
4124 -2.8431946347347776 0.048886368364833808 6.2349145178975247 0 0 0 0.61664337098706345 44 345 42 321 45 336 43 215 41 210 40 242 186 254
14397 -4.2663985906706579 4.1577435783969516 4.9848720267040978 0 0 0 0.19477335686344441 117 289 123 488 110 144 109 151
4223 4.8885081138089355 -0.1696183580391421 1.4310925276752855 57 57 57 1.2673405918399632 72 237 71 209 75 718 73 442 74 575
17322 -14.52094797918658 3.3343648015214042 20.42869876997187 107 107 107 1.8007855506988213 119 359 123 262 125 290 141 183 142 175 143 210 145 231 124 225 139 170
17320 -6.6469710838273688 -1.6863810737752745 13.283886016266711 9 11 13 0.17474945034973177 143 199 144 162 145 226
16211 5.450656220320468 3.842247887171677 -3.1153124905436327 86 80 77 0.28204374180300856 146 551 147 639 148 655
2635 0.085078651386499282 -1.3481103396830034 5.406126208076552 37 39 41 0.75516931603167692 58 749 50 444 49 427 47 297
14420 -1.278072589266702 4.8340115164075153 2.9988083322147689 231 231 231 0.3028151772372521 110 117 109 109
4246 5.8565875661045714 0.17670252682864962 -0.10534468484105218 0 0 0 0.71011605107478692 73 506 71 291 77 675 76 604 78 674 75 659 79 586 80 626 74 558 7 251 10 360 8 603 6 395 9 437 4 592 3 564 12 298 208 1190 1 521 2 521 5 351 5 501 72 322
417 2.824808090918471 -0.70369827967830545 3.3632699423257848 12 90 38 0.57899131123140246 58 825 63 358 59 471 62 528 60 526 57 455 61 426
14559 -2.3745043370208032 0.74104060918410164 6.4431913228322824 228 228 228 0.78713366552369879 39 145 186 158 48 296 183 212 174 134
17318 -8.5844082672899997 4.1316644615669933 9.1087046197072059 158 158 158 0.26947787546599428 143 196 144 154 145 224
7144 -1.4057493464785711 -1.1730856700575552 6.8063991498144754 117 121 118 0.93253434917540567 177 19 176 18 51 320 45 27 44 15
17313 -4.5111150487106357 1.0730219657459972 8.6236365028560673 69 73 84 1.9706827344723532 121 178 145 193 131 85 139 38
2351 0.033798094329997468 -1.5895641148680644 5.4273290311930271 42 52 51 0.40623567778375058 53 107 55 172 52 121 50 137 49 94
4277 5.7743453488210399 0.02132633141299586 0.87371776005009394 124 124 124 0.57774481258189059 64 440 65 255 68 204 67 100 69 175 72 228 73 431 65 281 68 223 67 115 69 191 72 265 71 240 71 260 77 649 76 560 74 523 70 253 66 230 66 245
14550 -3.658308235485598 2.4519975846439643 4.3377912834567631 236 236 236 0.42367947108464415 40 101 39 83
810 2.2011099842883346 -0.35066113453667158 3.8626798987940352 121 121 122 0.82390800996462876 59 528 63 382 60 346 57 330 61 481
5798 3.1803634327214088 -0.28048696181571908 -1.3708067670733532 231 231 231 0.67058285631352099 88 422 89 291 91 368
16071 6.1551695076194344 1.5927542391284182 -2.9734163277087053 0 0 0 0.96245061581365743 150 477 152 359 151 427
17309 -2.6817900855088914 2.1316777094952601 3.7149012340590573 0 0 0 0.27096934463660027 106 142 113 57
2348 -0.10445394569399302 -1.5989803843161261 5.562116844995006 2 26 8 1.2675954898628874 55 168 58 221 52 109 51 148 47 48
17306 -0.61005013852821255 4.978712257945225 3.0493072382804951 0 0 0 1.446428732143209 170 336 173 529 171 327 167 413 172 579
17305 -8.4252805977566361 14.349581141206139 13.050080475007695 0 0 0 0.45890728292270017 149 116 165 432
7131 -2.0669477676262931 -0.88812029523309943 6.546833675761305 94 99 114 1.6809805442480703 176 506 175 463 174 470 177 394 172 614 179 373
16752 2.3176129341421552 -1.5278020177138076 3.7485619502725163 124 124 124 1.7526600362189859 58 1495 54 1286 55 1215
17293 -8.8172761190759967 3.6122211041065562 9.5111294058611104 8 8 8 0.26428312954539473 124 4 145 102
16184 5.3040544001086101 4.1172451017282468 -3.2826384660054395 231 231 231 0.67397321267247634 150 299 147 494
923 2.1724962408940449 -0.31524878093183134 3.8727121314348905 12 90 38 0.84668447842265382 59 532 63 385 60 596 62 346 62 609 58 551 55 450 55 718 53 606 54 411
16206 5.2467121692287249 4.2108471575116653 -3.21031677688593 231 231 231 0.6457325925008276 146 531 147 608 148 639
945 1.6272095643022118 -0.29801218432210508 4.3224898123707121 124 124 124 1.2816679462317284 58 885 62 643 60 641 57 559 53 745 55 715 55 872 52 666 54 706
4132 -2.4759839227444447 -0.82788309581432362 6.5282262571272618 113 119 137 0.60647035805377769 44 356 45 352 42 347
14405 -2.31342694599349 0.80095328151152845 6.5019475997809559 0 0 0 0.06617482052905807 124 54 140 24
4231 5.8936619144816813 0.13890089904174793 -0.037001787558089271 0 0 0 0.82631101390419059 71 310 77 672 76 646 78 672 75 696 79 651 80 581 74 595 7 250 10 359 8 432 6 394 9 436 4 398 3 381 12 297 205 305 208 613 1 595 2 595 72 320 73 471
7334 -2.2222639862375844 -1.224778586563154 7.4230512172358294 13 13 13 0.71786593405556554 175 313 173 444 172 456 169 350
2247 2.7810555221291762 -1.1507515751398607 3.31290086641541 98 100 105 0.23164181268790895 63 451 64 325 61 544 62 690
17288 -2.3875155334050868 0.49129678888251138 6.4485037101322256 0 0 0 0.28350374156368119 186 15 145 83
16745 2.1842388895063216 -0.92177829550996404 3.860846018047575 87 94 102 0.62250207072739971 57 1005 58 1421 54 1215
2328 4.6701794206503218 -0.24803995358746531 2.0417385071481666 0 0 0 1.674958142733016 60 1199 61 905 59 993
17286 -4.3662926252306367 2.1920420747548248 5.5304164481013416 8 8 8 0.17103884521532212 142 17 145 74
2025 1.5800711511594956 -0.39064476393751291 4.3612375211100014 121 122 122 0.8030813855623804 60 386 62 642 53 307 52 276
16736 2.8725382965376847 -0.85384127186360503 3.3210230545473514 45 49 61 1.4326840397672527 58 1282 54 1104
6562 -2.2820582407401124 0.74049998781169835 6.5074790236570585 0 0 0 0.26368096954340858 46 65 40 68 39 113
2319 4.5132299696817899 -0.22020343676073492 2.0658331705115756 57 57 57 1.8991828508639923 60 734 63 663 65 220
17277 -1.0987524595397831 0.58228125898672212 6.3496967805423541 78 81 93 1.0287434882602462 47 499 49 619 126 545 129 469 140 468 132 246 176 435 167 365 168 300 167 327 161 142 159 70
2016 2.1670003440553978 -0.96084750045879364 3.869561436111844 14 25 46 0.24612229515531719 62 232 53 235
775 1.6928465605886096 -1.0161129759907512 4.2604389718197551 123 123 123 0.74113188233589022 58 402 62 276 60 276 57 253 55 321 52 239
17274 -2.5931631324800684 -3.1916276833582304 -0.38273692653778918 117 117 117 0.86343484301761597 11 494 13 492 17 454 7 572 15 424 16 463 12 629 10 704 6 761 14 481 18 336 19 206 5 831
16721 0.5819297749204454 -1.8463804032389783 4.833570325428731 0 0 0 0.48957015337402787 51 479 52 678
1460 1.648215133658087 -0.38124063667190372 4.3000259866498354 124 124 124 0.66777865883099241 60 1108 57 979 54 1220 62 1087 206 637
17272 -2.5931278647046612 -3.1916348746755028 -0.38272499676233829 0 0 0 1.3931853468951461 15 364 18 288 19 190 17 399 22 101 11 369 13 403 14 367 15 317 7 404 16 389
13945 -3.6538004989089843 4.1142356650970582 5.3601029447027937 228 228 228 0.32653057713066591 120 468 114 288
3771 -2.6381853552393717 -0.52875442288769625 6.4375942529119765 0 0 0 0.56936780009425791 46 126 47 262 48 194 49 368 45 125
17271 -2.5931927304928837 -3.1916584248319415 -0.38272418901182154 94 94 94 0.89583986102875868 7 533 18 325 19 200 21 121 15 415 16 442 11 462 13 482 17 430 14 474
17270 -2.5931927304928837 -3.1916584248319415 -0.38272418901182154 94 94 94 0.89583986102875868 7 534 18 326 19 201 21 122 15 416 16 443 11 463 13 483 17 431 14 475
17266 -2.5931434127486481 -3.1912850201000329 -0.38313131362511776 0 0 0 1.0339039005479163 10 304 16 244 6 338 11 275 13 279
752 2.3018748038710473 -0.99043907461572045 3.7636753195358552 122 123 122 0.62148525928318477 59 222 62 193 60 213 57 179 58 777 55 649 61 434 54 254
16013 -22.424917305120093 37.273605968734053 54.984165087247312 115 121 138 0.39020257278888404 174 386 149 405
17251 -2.5931761913802434 -3.1916439993540977 -0.38273579497654142 0 0 0 1.6830331472306808 16 265 19 127 14 214 21 51 20 42 22 52 24 15 23 26
3943 -2.2162605356406067 -0.98673514395573636 6.7518052550401473 113 119 136 0.97931841784419837 45 85 47 260 49 364 42 203 44 145 178 8
14117 -4.2619210095651505 3.720528701374568 5.1489780863410335 228 228 228 1.6846993703577413 114 85 116 247 113 180 112 52
17250 -3.068077959698202 0.65945884803279942 6.0355337602404902 84 88 101 1.2783458106064767 40 183 183 114 180 54 182 132 41 154 185 244 40 207 42 247 186 178 39 163 37 108 41 72 43 71 44 120 185 150 186 107 39 81 37 88 187 150 187 112 188 158
17249 -1.1157322723486165 0.62839742721103642 6.3782259186311618 75 79 91 1.0573670052554782 49 452 46 189 48 253 42 222 51 608 169 367 172 470 173 455 171 232 167 329 163 237 176 353 179 216 181 235 180 184 181 205 136 185
5453 3.2342391195760092 -0.26426550449794445 -1.1084230598006695 0 0 0 0.39599158877157858 84 477 85 500 86 597 87 572 89 605 88 537 2 435 1 435 83 546 82 538 91 516 94 485 90 559 92 520
15726 -0.41837260217572364 5.8752940540145557 2.3180451701348144 8 8 8 0.23342209416469906 166 298 156 77
465 2.8046253940202561 -0.55497504920913621 3.3729583379463421 103 105 109 1.5162081406121066 58 1056 59 638 54 880
5552 3.2623366325944101 -0.23818235325954673 -1.0352541872955137 59 62 72 1.1329354495290935 85 599 87 643 89 676 82 658 94 547 90 593
3941 -1.6354411971721232 -1.1575965950487666 7.0842434895970499 0 0 0 0.66795637361739901 45 60 47 40 52 177
9028 -2.3127124448791201 0.78391025844879458 6.4728928480230143 0 0 0 0.65431789140464391 182 172 46 180 48 301 178 176 180 154 185 220 179 187
14115 -2.7565824545045206 3.994727059346229 5.0039596775817339 82 86 99 0.82413162551477614 114 224 119 389 121 301 113 171 124 133
16707 0.67301409059208439 -1.8499607524003014 4.8811928817715948 10 11 13 0.9742086220131615 54 753 50 383 52 542
1446 1.7104681370650654 -0.76649288194823384 4.24726242579277 124 124 124 0.66835907099894909 58 1296 57 907 55 1061 54 1127
6533 3.8312891454928111 -0.39564495972719427 -1.2374233180392882 0 0 0 2.1102787718479501 84 45 93 213 89 180 90 330 82 3 95 209 94 153 89 178
16432 -3.214615035293876 0.57763725664107535 5.9915096381258151 105 110 126 0.83334208937049503 39 120 37 101 187 177 188 157 188 193
1171 3.2436726337487096 0.82923462730379249 2.9672928643345751 142 142 142 1.2194228674751684 64 528 60 1085 62 908 63 589 64 435 61 706 57 922
17248 -6.5403717443669889 1.9577033068622973 12.16356558428736 55 54 54 1.033798856499762 165 134 178 41 169 175 180 32 181 34 182 26 183 24 184 25 185 41 40 20 41 32 43 10 42 23 39 49 44 105 45 91 186 55 37 9 187 61 46 49
16139 0.24045694713189106 6.0984175456190046 1.7691567244287485 8 8 8 0.29256723642199567 151 94 147 26
878 2.6851370129840193 -0.7517436326892788 3.482070254009352 111 117 124 0.39302518378172219 59 475 62 533 60 531 63 470 64 348 57 454 54 636
5965 3.2384071214319561 -0.2579631667710911 -1.0848258658788266 130 130 130 0.14169792358112498 94 247 90 311
17245 -2.5924054593646311 -3.1908745281087576 -0.3828088777689011 80 80 80 1.1789920394005988 7 407 13 336 12 392 11 332 10 451 14 323 16 330 18 228 8 723 17 372 13 396 16 361 18 270 5 623 3 640
16657 2.8015132946458312 -0.68546427374804275 3.4217195832273375 120 120 120 0.3332081823353783 63 188 64 161 65 77 54 340
1396 2.8699068682904976 -1.3907931928414765 3.2990278466369585 124 124 124 0.71884083611856897 63 430 64 312 57 590 61 530
17198 -2.5921534034637213 -3.1905962601720805 -0.38335271578401903 0 0 0 1.3985435098668422 19 180 13 418 15 359 16 407 17 391 18 298
17182 -4.5427037918183943 1.3825303301730389 9.0200312308031183 60 64 74 1.3161231387362251 123 132 124 120 141 87 121 135 125 44 126 89 137 35 139 66 140 60 143 117 119 101 144 85 142 95 136 17
17174 -3.8611105342681502 2.7425528003282547 6.7883848678702474 117 123 141 0.9057123538686197 118 488 119 546 121 520 129 538 140 488 141 558 142 539 144 544 143 572 122 608 123 662 124 618 125 699 137 443 139 566 122 650 123 706 124 668 139 610 145 535 136 472
16621 0.32030993113382922 -1.8027136103608565 5.1408744164401945 0 0 0 0.79148844058293233 53 19 58 42 50 51 54 87
1360 2.9734392394708795 -1.2807031980635815 3.3326226897889688 124 124 124 0.83584273893750427 60 438 57 400
16720 2.1180929880907557 -0.15730175782106692 3.9219987342560652 106 108 110 1.1618973384379394 53 770 55 889 61 616 58 901 54 911
6447 -2.4512098599333614 0.8370887226178404 6.3908007238732978 228 228 228 0.26194331048780528 185 362 183 335 182 318 178 301 174 367 172 535 173 506 171 269 167 358 166 449 165 580 39 203
7193 -2.4899679935683885 -1.0805806654790269 6.8891196512710806 94 99 114 0.69559238074059859 177 328 176 442 175 368 174 356
2106 2.1096112299982157 -0.2657218096220772 3.9472489048323078 124 124 124 1.5822198115608079 62 1136 53 1056 61 890
17173 -5.2537107933024458 3.0714950996429922 8.9703011339812981 75 79 92 1.7930768428041455 142 507 143 570 141 526 119 544 122 606 123 660 124 615 140 459 120 529 121 518 140 484
2483 -0.11333610932267837 -1.2635210640090997 5.6029250103114352 0 0 1 0.54867464409047118 53 810 55 938 58 1129 50 520 51 525 52 714 49 429 47 367 48 234
16625 2.3190445993699211 -1.4361349904168859 3.7489844015107705 107 113 119 1.3121317069648475 55 186 54 107
1364 1.7672412761166925 -1.6452162335521043 4.1937009107157621 111 118 124 0.68811859601950454 58 630 60 458 57 405 60 688 53 459 55 762
13993 4.392801766200221 0.025702475211208699 -1.7663655571130401 0 0 0 0.39483496052910833 77 403 79 290 80 231 82 233 83 214 85 255
3819 -2.4108939127361158 0.77518276611647563 6.4240957594545831 0 0 0 0.394484678064076 46 306 48 391 49 647 51 717 45 300 47 522 43 222 185 339 184 349 183 313 182 302 40 248 41 214 181 289 178 276 180 253 179 294 177 303 176 418 175 359 174 334 172 496 169 398 173 477 170 235 171 272 167 322 166 413 163 602 39 205
3024 0.42918787997354796 -0.89721658440120711 0.56221561596397918 0 0 0 0.21277832179764791 50 364 52 490
17166 -2.202731931818259 1.2521972738921472 6.6795533449594409 99 104 120 1.310769254563412 45 289 47 440 48 379 143 511 144 427 123 216 131 198 124 179 123 378 126 298 126 152 122 355
4272 5.8239683671552802 0.31137871565502695 -0.098876754990727483 0 0 0 0.45213338594297459 73 582 77 773 76 745 78 787 75 795 79 804 80 744 74 682 1 746 2 746 7 518 10 605 6 653 9 723 4 853 8 870 3 779 12 522 205 870 5 797 72 391
14446 -2.4576736686204632 0.79630907922696348 6.3821135889711815 228 228 228 0.22727952501126963 185 170 186 123 44 187 45 169
16623 2.2709554664776976 -1.4522474194722972 3.7701520737532381 21 49 49 0.89806324030666895 59 420 60 60 54 103
1362 2.798409098945037 -1.3171273042547067 3.3672428377165873 124 124 124 1.5301547444336467 60 440 62 445 57 403 63 433 64 316 54 523
1263 2.1378404436987135 -1.3395925501105463 3.8747984081603075 65 68 77 0.48263021576307646 62 947 60 974 57 759
11536 5.6585837919855289 0.44495576475939502 -0.1276833334008374 59 62 72 0.46168250490484514 7 525 10 612 8 955 6 662 4 858 3 786 12 574 205 785 1 751 2 751 5 747 5 808
119 2.7657816478885233 -1.1691661639255755 3.4055438235353428 123 123 123 1.1958745012815069 63 336 64 119 58 335 59 421 62 98 60 113 57 121 61 105 54 218
16618 0.32964199654692516 -1.8105438407236008 5.1331066736749644 38 48 47 0.49153291207483774 58 35 54 83 52 23
17159 -3.8438884551629542 2.728517290860994 6.2025067078847052 92 97 111 2.7689174116248778 144 409 143 466 207 684
1908 2.2149386642550666 -0.69224243409477726 3.8385500026396229 122 122 123 0.77716591424295112 58 843 55 690 62 294 53 583 54 382
16150 5.075875186655324 4.7093894692315628 -3.3684954101332969 8 8 8 0.16629719056287673 149 250 147 303
11063 1.5702718641823854 -0.55176204174372467 3.2022558517767656 82 83 89 0.1137879098029722 166 250 165 156 163 239
16706 1.6687673988624072 -1.7069496718654735 4.2541020766501818 10 22 44 0.26611820683460785 52 576 53 427 55 493 58 596
1445 1.7272281879785472 -0.76557399285045313 4.2343354432786775 124 124 124 0.42366978376632536 60 1005 57 905 55 1062 53 944 52 816
16149 -3.8123569921993883 1.4169208813336973 8.1563318022289408 61 64 74 1.5812815768677828 119 286 123 204 141 151 122 180 139 70 127 86 143 121 144 137
888 1.6277505588837524 -1.0201310300850361 4.3145023674028202 112 118 124 0.64715384337152126 58 399 62 568 60 550 57 474 55 641 53 545 52 640
789 2.2290882069344939 -0.70424416667455658 3.8251766483370258 123 123 123 0.8383543255683501 58 507 59 292 62 288 60 299 55 399 61 253 54 372
11062 1.4515451684051093 -0.62583879410785559 3.1366751695127628 124 124 124 0.13856771213819385 166 117 165 150 163 23 164 16
16126 5.2890394084006829 -0.27104542775419566 0.53479382536851461 57 57 57 0.74227290982770544 149 498 146 501
865 2.3881585312855984 -1.2293479536299416 3.6969837897064304 78 82 91 0.57169512140025214 58 743 62 144 60 482 59 162 57 419 55 621 61 405 54 585
5952 4.3226367011600706 -0.33652686450572744 -1.2816709632695298 59 62 72 0.42909180787660356 87 263 90 237 93 149 97 100
16120 -1.0744475258071822 4.0738088836036708 5.6866465891949023 107 107 107 2.1987416433902052 155 222 158 105 146 459 148 566
859 2.3875282213928406 -1.3087976820593348 3.6948628287125502 122 122 122 0.84493905306550465 59 426 62 466 60 473 57 105 55 592 61 397
5946 4.5148610601433079 -0.40093629652581403 -1.2810481545217327 59 62 72 0.19607324513386259 88 51 90 47 93 32
16656 2.2471657366746469 -0.87428684553158864 3.8166667172036557 18 28 48 0.48251652143418045 58 800 54 309
4310 5.8243872819218829 0.070308027644945606 0.83821038620623145 124 124 124 0.52068689756246012 71 243 78 556 68 207
16095 -3.0322828472229366 1.3419617553227878 7.073914027754312 0 0 0 0.51286881246455529 124 123 141 99
16082 0.34090496914601531 6.4631594938939285 2.5484802019446011 231 231 231 0.39242361457865282 151 63 146 126
14276 -3.7628758715268655 4.0373939703376882 5.2627855345396339 0 0 0 0.20530386426623468 140 382 112 218 111 227
16633 1.6222415999389723 -1.4464385854550199 4.2650399824726399 38 44 58 1.080277341360951 52 196 53 140 58 213 54 135
11645 5.7332569050697639 0.029588728043474021 -0.34770247238087998 130 130 130 0.53387850826492733 72 310 73 498 6 375 76 635
1372 1.7510404344033703 -1.0527881374642432 4.2036274006619534 12 90 38 1.0561237710359563 58 773 57 458 53 539 54 603
6459 -2.1969308726477403 0.77750384528001593 6.5406105008856477 0 0 0 1.0649168564372 45 182 46 185 184 188 183 168 44 273 51 677 46 289 49 523 47 393 44 298 48 377 42 283 182 180 40 220 41 199 181 170 178 188 180 72 180 165 182 82 179 199 177 200 176 331 175 265 173 377 172 402 169 298 170 172 171 166 168 16 168 135 168 229 167 273 166 343 165 481 163 542 43 116 185 190 174 240
2118 -0.39312179689213356 -1.6556495722402382 5.8438087608518563 42 46 52 1.9160153023006519 55 548 53 420 50 394 49 181 47 136 58 722 52 353 51 404
1910 1.7094823933195891 -0.44588046632079459 4.2448812039747637 122 123 122 0.38951188582581941 58 856 55 701 53 589 52 662
16052 -0.51990035076954533 4.1777763284051579 2.7819647875868609 69 73 84 0.21948835948668688 154 151 151 166 148 102
11064 1.5702718641823854 -0.55176204174372467 3.2022558517767656 82 83 89 0.1137879098029722 166 251 165 157 163 240
791 2.1378914988486581 -0.73035131254337693 3.8975198449445698 29 36 53 0.66500990590987774 58 495 62 295 60 305 57 289 55 387 53 278 61 468 54 356
16041 -0.7841739589412583 4.0970969486200746 2.2253022874107078 0 0 0 1.3292283855055129 172 607 173 606
9383 -1.0483710402501416 0.65952369152401735 6.4403588412422916 93 97 112 1.0182998212512893 172 339 176 355 177 255 170 67 163 463 180 232 181 44 159 54 158 57
14470 -5.5911248879805298 2.8675971986277187 5.8357056851990068 87 92 106 1.4918948408770367 40 236 184 277 39 188 185 307 186 249 182 224 183 264 185 329 181 189 41 204 37 127 187 216 188 220
4245 5.9042768672393491 0.15527113931020545 0.038882259510849948 0 0 0 1.1230913784986976 72 321 73 505 71 312 77 677 76 647 78 677 74 596 10 485 8 605 7 387 4 402 3 386 205 490 208 888
16029 5.2075718347657096 4.3347161220136172 -3.3510313009730779 231 231 231 1.2512387346089378 150 423 149 461 146 529 147 612 148 637
4243 5.9231329111663822 0.10298044595215243 -0.055936368153860661 130 130 130 0.89964110375821571 73 503 71 307 77 705 76 677 78 704 75 694 75 730 79 685 74 590 10 353 6 391 7 381 9 433 8 427 4 394 3 374 12 410 205 473 208 863 5 497 72 316 80 619
1876 0.14029088914519675 -1.6820520794976146 5.3029097106677838 6 10 8 1.0267214756984868 58 690 55 524 53 416 51 294 49 210 47 143
16018 5.544460344939834 5.2989659094189996 -2.4698141550357935 82 86 99 0.53241643687952211 150 384 149 414
757 2.803848262308601 -0.71175861910066396 3.3818558259255171 12 90 38 0.91031188048597467 59 212 62 200 63 183 64 153 60 232 58 478 57 220 61 171 65 71 54 335
16117 -0.37396481426189393 0.2935423889635021 8.2936780837827815 0 0 0 1.0379165239485399 150 414 151 375 146 452 149 449
5844 3.0879282245965438 -0.17191188683114628 -1.0703237732031241 59 62 72 0.40963783669961618 88 546 91 530
658 2.8265983958687833 -1.4174880310266509 3.2335213851122497 11 86 38 0.32234163430870461 62 15 63 320 60 7 64 44 63 84
10931 -0.57913617250560301 4.4279775592255559 2.727765475507447 68 72 83 0.11325219609710818 168 341 166 467 163 660
16852 3.2822326286827219 -0.39366794043301651 -1.114925151141352 0 0 0 1.9556580790598237 84 17 91 254
2710 -0.28397030053725414 -1.8581156619277908 5.7055394451843551 45 48 56 2.1827627443848399 55 7 49 8 47 127
16017 5.9753104055106228 4.1730288511232478 -2.3412672428501042 96 101 116 0.33220936909124787 150 409 149 413 147 503 148 555 146 437
756 2.8607810187358105 -0.69750716831102655 3.3410391340962953 17 28 48 0.53099096525798795 59 210 62 197 60 230 57 219
16116 -8.7043178716058307 4.1701986551253487 9.2230800107276938 158 158 158 1.0833867977738862 121 215 142 310 144 326 118 174 119 202 120 191 122 223 123 396 124 198 125 270 118 316 120 370 143 394 145 394 117 206
5843 3.0940467771281073 -0.15590720154734597 -1.0560228793668307 59 62 72 0.2706452168200274 88 400 91 440
16016 5.4513654560114055 5.1809019421598164 -2.7850459645560215 97 102 117 0.14275013052296717 150 383 149 412 148 554
16115 2.6439238336319728 5.1653472525458959 -2.1573090707378579 158 158 158 0.20194426814527308 150 394 146 414 147 522
5842 3.6403439463069467 -0.31214599022066569 -0.96247500947470566 60 64 74 1.1768272369404196 89 244 91 266 94 230 88 195 92 282 93 118 93 200 90 108 95 203
16155 6.7198197658450178 3.4598375555601102 -4.9638541315099065 98 103 118 0.38756374296655355 146 343 147 318 148 473
894 1.7521362363578599 -0.9127884575198324 4.2094384317479898 123 123 124 0.9126974411614921 58 803 60 556 57 478 55 661 54 319
795 2.0620993715297278 -0.74570587383669251 3.9742814556193631 46 51 63 0.91390914559962466 59 520 62 578 60 312 57 297
11068 1.4471607762273622 -0.56909512591334876 3.3147747034044386 92 93 96 0.19652746567585944 166 368 165 381 163 452 164 248 167 296 161 101
1871 2.1987616186515351 -0.31851727595420487 3.8464372114541709 117 117 118 0.19476421132735297 58 550 55 449 53 355
4217 6.2098082545974131 0.046954184991454866 0.16822430117670267 124 124 124 0.43585695491078935 72 257 73 423 77 570 79 531
14490 6.3754611156611229 0.11864983527638021 0.47173577497240954 9 9 9 0.58838741197161026 76 172 70 16 71 10 77 161 78 152 79 217
12686 5.658583791985536 0.44495576475939824 -0.1276833334008369 42 44 51 0.46168250490485785 8 954 1 750 2 750 10 611 6 661 4 857 3 785 12 573 205 784 7 524 5 746 5 807
2512 0.53999152186203625 -1.7389855282960582 4.8928171297074741 11 12 14 0.58032547979220594 53 998 55 1139 52 857 50 620 51 662
1869 2.0964966415054285 -0.32263239614235867 3.8632376764596943 122 122 122 0.8060560745575287 59 332 62 352 63 250 55 446 53 344
6956 -1.5598798643913576 1.0042749436974718 2.447459732219611 105 103 103 0.2542273917589099 178 33 179 28
2685 0.094692189375303187 -1.3244114722423563 5.3939165115218968 75 77 79 0.74943860491563385 55 285 50 183 58 750 50 344 51 221 49 141 47 95
15991 2.0668315673017545 4.7321520503260137 -2.1346981786089292 117 117 117 0.13621999899822135 150 239 149 269 151 247
15989 -23.440766339472187 42.888975512158147 85.105046531528345 59 62 72 0.030788494154762237 174 192 149 256
11001 1.9059331634951311 -0.25385269999779664 3.4338775880423076 81 83 88 0.30721969087442474 166 395 165 413 163 481 164 275 161 83 160 63 159 40 157 32 162 52 158 32 156 9 155 9 153 9 154 10 152 7 151 2
728 2.1402147796110147 -1.346779542537097 3.8909016684206708 122 122 122 0.70358400910948971 58 250 62 493 60 151 57 135 55 226 54 160
5815 3.4654417219662279 -0.49075151969324821 -0.92299269617580704 111 117 134 0.15278387118667397 87 566 91 472
14475 -5.3253355465135632 2.7737304873667648 5.8173227684077622 0 0 0 2.9441279695778189 41 235 185 330
4202 5.8315609158830721 0.25591698940634799 -0.095492706214866233 0 0 0 0.81816033404721933 72 184 73 307 77 519 76 439 78 550 75 498 75 609 79 388 80 358 2 407 1 407 71 264
14376 -2.2556591630902121 0.83246910780734418 6.4953590192613113 0 0 0 0.49381627409898571 142 281 144 265 145 352
15987 -0.95525886323050335 3.8849075472297807 2.1393987663397644 0 0 0 0.66019667460943088 167 113 168 45 173 331
5813 4.1790193960485773 -0.35681517536899193 -1.1688683117042702 59 62 72 0.94489108691247714 88 523 89 595 86 590 87 565 84 471 94 433 91 458 90 518 92 489
15976 -0.14792617727675642 5.2497491270880579 0.64066468623682415 8 8 8 1.1155764755574014 150 237 152 226 154 207 149 197
10988 1.7419901112342711 -0.28560759444891687 3.6117369741792817 87 89 93 0.33105276478874307 165 196 163 64 161 34 159 38 157 31 162 25 158 13 156 40 153 5 154 7 152 4 167 205
715 -0.35974906095140369 -1.6534203506786724 1.4791514610010421 116 116 117 0.31169331947709095 63 125 60 129
10889 -0.8349194747803651 3.5154839714036936 2.0956531182519194 59 62 72 0.59732550252117278 167 301 166 254 165 389 164 263 161 117 160 57 157 29
1819 0.032287073131469599 -1.6029379879068608 5.424169938222831 7 9 10 0.86072403454610757 58 725 55 158 53 99 52 114 50 128 51 304 49 223 47 155
4176 6.0029966268678576 0.050610450398865262 0.72340595255257678 27 83 39 0.36236437646799063 69 9 73 25 77 167 76 89 70 21
15952 -1.0614801229240112 0.83866017325666686 6.274313850546398 92 97 112 1.1425916796143063 154 4 152 1 160 17 164 32 158 8 156 5 155 7 165 41 168 34 170 25
15951 4.3711331174977133 0.55946001413789159 3.4595146547265347 142 142 142 0.16967576378980223 153 273 152 280 151 317
15942 1.2314516598236729 6.5798786695621807 2.2462118520492709 86 80 77 1.3148607811597293 155 264 152 315 149 432
1795 0.23814327783410208 -1.7710005283273853 5.201523418536917 20 78 31 0.62027876688854688 58 76 55 28 53 31 52 42 50 59 51 82
15929 -0.50222411739515826 3.3734642816875411 3.8153344910208817 97 102 118 0.51194506446924792 156 139 152 75 151 82
10842 1.1238675494361043 -0.59991191565855762 3.6356141152368169 123 123 123 0.073679133578627279 168 253 167 290 166 359 165 376 163 448
16758 0.44718234821709996 -1.8060555520769082 5.050224802703978 12 14 15 0.50684102304927403 50 57 52 31 54 71
2616 -0.055388068705357313 -1.2893674434973439 5.542180156707456 19 21 22 0.41132608813716143 53 679 50 345 51 362
4125 -2.745005699087252 -0.87953586039479359 7.3094911403128133 5 5 5 1.5233555143993958 44 319 42 333 43 244
14398 -2.085829023840073 4.4716132632622712 2.7979206607120717 165 165 165 0.88227582044995079 118 465 110 162 108 138 106 186
2613 -0.18161963808898463 -1.2738746307351865 5.6667702676317955 2 86 28 0.41342654002185303 53 514 55 298 50 341 51 358
15895 -3.1598464910564905 1.5009783184127958 7.4228627587693312 61 64 74 1.3361794271271994 122 193 142 106 119 188 130 62 131 72 132 34 138 50 141 100 125 127 126 100 144 93 127 92 128 85 129 78 137 47 119 129 140 71 134 68 133 0 143 126 135 55 136 36
2587 -0.044516415926290569 -1.1558748719852256 5.5514835301355712 4 26 11 1.4306432645859437 53 532 55 631 50 195 51 384 49 288 47 250 48 170 58 1024
1736 0.053700236265146965 -1.484310210757521 5.4177077701884926 6 7 7 0.35293861247202035 58 1253 53 899 55 1019 52 770 50 562 51 575 49 485 47 419
4093 -1.9362313954068047 -1.2335197590242446 7.3215431542987037 123 123 123 0.21601174015760172 44 215 46 132 42 206
15878 -0.52486805084664401 5.9970817754718047 2.4694713478121555 8 8 8 0.098220363291422183 153 41 150 30
1734 0.30973287287846119 -1.5738469909468495 5.1556750509088358 63 72 72 0.388480652262505 58 1229 55 1015 53 792 55 912 52 690 50 502 51 503 49 417
16995 3.6812978193545431 6.3428298477055201 -1.4248340928377365 231 231 231 0.11594102573364994 149 65 148 69
15876 3.906918786161949 -0.35353396194397835 2.1988295764483041 29 30 30 1.1242749354618915 161 266 153 269 154 246 158 104 156 154 155 190 161 235 159 128 157 110 160 138 159 95 161 172 162 89 159 62 158 75 156 125 153 70 150 12 150 169 150 253 152 150 152 245 149 9 149 90 151 307 146 15 146 171 148 110
16710 0.6273843013302598 -1.8337935342543628 4.7872210063083411 0 0 0 0.33834446039890587 50 246 51 406 52 321
2568 0.12173425636992731 -1.6544964850522963 5.335291632143468 40 51 50 0.47560766780319569 53 76 50 113 51 144
15875 4.3350275699860008 0.54063973388039255 3.3900021060250034 142 142 142 1.8102333086223656 158 52 159 99 155 34 154 120 160 141 157 83 162 106 156 106 155 128 152 102
1732 0.2628310458130429 -1.6082343462540769 5.1989728834388398 13 14 16 1.018021493624838 58 1225 55 911 53 790 52 688 50 556 51 568 49 481 54 1086
15874 -0.62365519015201087 5.0396744174448482 3.0504652704921291 179 179 179 1.8211185144813733 156 263 165 670 155 283 166 541 154 306 153 336 169 507 163 729
1731 0.28852330004812793 -1.6222901841120809 5.1728721962072779 14 15 17 1.3076378841253025 58 1096 55 909 53 787 52 686 50 500 51 566 49 478 54 1084
1632 0.086746179064323817 -1.660589544545775 5.3670447623082733 21 78 31 0.65477081823034489 58 170 55 112 53 72 52 91 50 105 51 133 49 72
11905 5.3150403158625554 0.35672111521286731 -0.80511273475733491 130 130 130 0.33149965598731618 80 624 9 431 79 689 81 593
15873 -1.2905889410448519 1.6993477665046923 8.0145803316380917 0 0 0 1.1784494886852734 161 304 167 442 153 307 154 292 158 209 159 183 162 221 155 279 150 413 152 307 149 448 151 353 146 500 147 566 148 524
513 2.1854092587693432 -0.19353838998411307 3.8623676490470022 69 72 80 0.97211307761343879 58 1188 63 633 59 798 62 981 60 911 57 825 55 1079 53 964 61 753 54 1014
10786 1.3870778018020147 -0.33095072017603278 3.9314890902298929 85 87 92 0.45695630514285784 170 208 167 197 166 265 168 268 165 402 163 475 164 186 161 71 160 54 159 35 162 46 155 39 153 49
15864 -8.0244373520315548 11.142787970671895 11.510000014392828 0 0 0 0.055917128187421075 155 150 172 435
15860 -1.1203080033280952 3.8422556620501784 2.2859962608925786 0 0 0 0.3845450471963141 168 96 169 192
599 3.2286462574492427 0.75656887157592001 2.9526654219013655 0 0 0 1.2525326090593121 64 524 63 639 64 479 62 992 57 920 61 704
15959 0.96252593261664332 6.1988852046806047 1.7523213225918783 231 231 231 0.68820762502704669 152 101 149 58 151 111
5686 3.8029410346086645 -0.39722166201378806 -1.2102014511861272 225 225 225 0.76215349319472347 83 48 88 136 89 188 87 179 94 164 86 57 91 199 90 339 92 367 93 260 87 54
10773 -0.95981566463354462 3.9070812090167992 2.1538581620277526 8 8 8 0.46822437505538961 169 203 167 37 166 47
1717 2.1482498553522302 -0.37690453786938266 3.8896887706228314 13 72 41 0.9718543824237571 55 981 53 953 54 1009 60 902
15859 -0.42233477653204682 5.6884746988115058 2.2580561586667529 0 0 0 0.15123433643026118 153 37 165 435
499 2.0443791394680022 -0.23314554049947389 3.9773016592201431 124 124 124 1.2405986814255408 58 1183 59 744 62 893 60 912 57 826 55 987 53 878 54 896
10772 1.2748507249027083 -0.38153298197769003 3.9182224734421069 122 122 122 0.10476655707891139 170 30 167 36 166 46 165 52 163 48
1716 2.1551055705115689 -0.41348984493272767 3.8887962127399307 13 77 40 0.60595835590417146 58 1177 62 886 61 746 54 1005
15858 -1.6843585011825362 7.0348424524003903 3.9545121510074952 8 8 8 0.057756819673725937 163 427 148 24
15855 -17.859657882918853 21.319881109291931 24.586393811454368 0 0 0 0.61172418158361863 155 88 172 303
495 2.207113037551709 -0.70850819960666755 3.8438617648476932 53 58 69 1.0343892629914386 58 1163 59 730 62 872 60 888 57 812 55 976 54 989 206 209
10768 1.4280323940503516 -0.32082408177795557 3.8848399179827884 83 85 90 0.14914981731294016 170 116 168 168 167 199 166 267 165 182 163 302 161 75
2547 -0.086104662695659057 0.35492425367259495 5.6378737260756706 0 0 0 0.98206294753244516 53 996 55 995
4068 -2.3050339311670363 0.81548282922826543 6.471937287516079 0 0 0 0.4972379700842452 46 114 47 317 185 89 184 80 41 48
14242 -1.9611741767875017 4.500754366685678 3.7448555714478378 166 166 166 0.35318019314106985 113 149 112 85 111 148 109 91 108 87
15853 -0.42104622647177559 4.4702762522317085 3.1215696318249737 61 64 74 0.3376689619910056 155 55 156 24 154 83 150 83 152 15 151 87 148 5 147 177
592 3.0817457442956684 0.53958482885594727 2.8923614524136516 0 0 0 1.3244365083028611 63 574 59 739 64 423 61 688
493 2.2393155752214748 -0.70289318980838589 3.817639063274322 42 47 60 0.88131276755673771 58 1165 59 728 60 886 55 978 61 671 54 856
10766 1.2900074813786415 -0.39290119740282498 3.9377304166273723 61 66 76 0.22964954968682488 170 114 168 162 167 191 166 139 165 166
1706 0.27253033581080843 -1.6302069087895523 5.187668870757741 60 75 72 1.1793675407292084 58 957 55 775 53 645 50 495 51 497 49 401 54 935
15848 -1.0447029815247462 6.0629171438393454 2.9917188892674558 0 0 0 0.4167750716353848 156 71 168 182 170 143
2540 -0.19482334821176989 -1.2835599540921365 5.6786326619767067 3 91 30 0.35975815937131428 55 615 52 441 50 338 51 353
1705 0.38335651592745706 -1.6547823763333624 5.0647817015087009 20 24 26 0.58930715706111081 58 1095 55 906 53 786 52 684 50 494 51 498
15847 -0.28598910505152703 5.6691148811248002 2.1256044870693898 8 8 8 0.28874245468049692 155 26 153 39
2539 -0.093906426775111573 -1.3095960526412209 5.5805806729579563 22 25 26 0.5495330723105234 58 761 50 176 51 210 52 437 49 133 47 175 48 112
4061 -2.4528914682854417 -0.74473575030037231 6.583209384152644 231 231 231 0.94720794033526479 46 242 48 313 44 209 46 194 45 196 42 199 47 404 49 532 51 656 182 263 43 163
15846 0.29944370579280521 6.4416972512480628 3.1098257277686341 86 80 76 1.1389071503852797 156 237 164 501 153 313 154 298 165 671 148 606 168 419
2538 0.30372071870859496 -1.8015722979102533 5.1288063424270636 4 7 6 0.57943910043821067 55 479 52 330 50 239 51 265
1703 0.26312305051240126 -1.7004391847041878 5.1864727294368249 67 83 80 0.95390965056474342 58 1092 55 760 53 781 50 486 51 488 49 392 54 930
15845 3.2249364266444442 -0.57661424649229742 2.5406565434603876 57 57 57 1.1938798659455248 161 262 157 152 162 184 157 171 158 173 155 230 153 262 160 154 161 163 155 177 150 317 149 270 151 246
10758 -1.8192172640407793 -1.2028966653738953 7.4148586798128742 9 9 9 1.6523409323322262 174 129 170 54 168 60 171 56 167 62 172 206
4049 -1.9870048678045462 -1.2237960954137503 7.382866549872376 6 20 42 1.3972251591882949 51 732 49 661 46 357 47 534 48 427 44 358 45 354 50 664 52 918 42 350
14322 -4.0980664375571392 3.8315720392441666 5.1365379190660132 0 0 0 0.27887252874315449 118 331 111 217
2537 -0.096057663075176117 -1.1978574943218185 5.5918258435057799 69 97 78 0.73998517522610474 53 202 50 193 51 232 52 202 49 149 48 66
15844 1.2248646616418055 0.12391123275478987 5.3411175725562625 5 15 35 1.6622961110951637 156 290 157 237 159 216 160 264 157 230 162 238 162 244 158 238 156 285 155 309 153 353 155 315 154 329 150 449 152 347 152 355 149 474 149 491 151 403 146 521 147 594 148 624 148 647 147 623 161 342
16678 0.78582280796326209 -1.8156209374130399 4.6834837526895452 0 0 0 0.45929131012570634 50 266 52 337 53 389
1417 2.2352162299463196 -1.3232024438466268 3.8033717332535333 124 124 124 0.34156026115338184 62 829 57 757 59 700
2536 -0.276937641820031 -1.3348904275394324 5.755982093448468 2 4 4 0.35466369581053314 55 279 52 175 51 201
15843 -1.050794740215848 5.002149197919179 4.0495317768461092 107 107 107 1.7093639664174052 155 299 153 358 156 261 158 217 154 319 152 357 151 421
1700 0.72732705338762649 -1.7549655201673555 4.6949075421851942 72 75 77 1.360129240261805 58 1086 55 898 53 778 50 487 51 494 52 681
14330 -1.7362980730425173 4.5446475566737332 3.2766896558738994 0 0 0 1.8934933493664527 116 368 117 447 114 319 115 295 113 292 111 249 118 469 114 278 116 341 117 412 110 191 109 185 115 256
4057 -2.4511177650525657 0.83731365829060578 6.3934451236402259 228 228 228 0.3645890882542045 44 334 49 650 46 330 47 523 48 415 45 323 42 325 43 223 184 345 40 257 41 226 181 284 180 272 176 416 175 377 174 366 169 394 186 280 39 202
14231 -1.7930964425203855 0.52680211492978257 6.9831163578627153 0 0 0 1.3313780028543933 44 131 46 116 42 120 47 112 43 47 183 63 184 47 182 43 142 115 144 150 132 4 127 32 125 62 144 286 124 67 45 228 144 429 140 290 126 374 137 193 139 285 130 94 178 96 128 102 41 128 133 67 48 127 136 46 136 100 49 521
15842 3.9363002396855786 -0.47620589004597991 1.7638811143567341 57 57 57 1.381225604509972 155 317 153 357 150 451 152 356 147 560 150 431 148 623
482 2.1580221324972215 -0.15032236404713711 3.8837785375201994 104 107 109 1.1908112796913184 58 1084 63 503 59 668 62 792 60 634 57 726 55 891 53 772 61 614 54 723
10755 -1.3371842414478916 4.299859958021 1.7258053886089186 119 125 143 0.33791661539610379 170 357 168 425 167 465 166 545 165 675 163 716 164 486
1699 2.0783286400821495 -0.210751603147843 3.9605420092640755 124 124 124 1.1605328594348465 58 1073 53 768 54 901
14329 -1.7362980730425173 4.5446475566737332 3.2766896558738994 0 0 0 1.8934933493664521 116 369 117 448 114 320 115 296 113 293 111 250 117 413 118 470 114 279 116 342 110 192 109 186 115 257
4056 -2.4251688692971518 -0.80188890435602322 6.684008758169572 231 231 231 1.5560094744178725 44 323 45 312 46 317 48 400 42 316 47 503 43 210 49 623
15841 -1.2926434477554272 1.6502673511181627 7.946175496194182 0 0 0 1.8622069153465259 174 462 159 204
15839 -0.38530881436117753 7.6747525193577797 4.2472120249419412 231 231 231 1.9126568762321567 155 319 153 347
479 2.0705744699113917 -0.33114376917883892 3.955741000689494 25 33 50 0.8999726967336853 58 872 59 665 62 618 60 609 57 533 55 870 53 752 61 608 54 694
10752 -0.87154232251606634 3.5893027547204825 2.1600506723522099 99 104 120 0.51062199315270174 170 347 168 412 167 457
15837 -1.0478982979596498 5.3964512201288324 3.3397702558507802 231 231 231 2.0510230644442702 155 281 153 323 154 281 152 322
14512 5.8005696979987258 0.021677996911039964 0.86567988459398226 124 124 124 0.12236516795903324 74 414 70 220
2313 2.9094818520629855 -1.2769655627213985 3.3863517298024903 124 124 124 0.50084097492352819 59 982 64 608 61 896
6684 -3.5378783396179538 2.4265129765131208 4.1860912033301405 0 0 0 0.53506423741307252 181 123 178 128 182 144 180 101 179 130 183 129
4327 6.0971745116653793 0.10369836439765127 0.14579008632219884 59 62 72 0.80781752819978403 72 388 71 367 77 770 78 784 79 768
2109 1.6232289979037313 -1.4379671957061224 4.3165238453629957 50 54 66 0.63263586390482551 58 1414 57 992 55 1154 53 1003 58 1358 60 1053 57 948 55 1108 52 863
7097 -3.0910631875443957 -0.00040592143477350469 6.843025008690895 62 65 75 1.6941768935104629 179 225 177 240 176 371
17370 -4.1987789032856373 -0.63411897498441538 8.2006710967019298 57 57 57 1.4867894105080977 207 975 145 525
14463 -3.6368907731669 2.2936366478089796 4.4021453813823532 0 0 0 1.1099513272616623 183 244 186 214 39 180 37 103
4289 6.3557433594076711 0.120184991794497 0.48991486960741676 7 24 42 0.59466726935343994 69 100 71 63 78 293
14462 -3.6388029009912968 2.2969351786357253 4.4049986432785646 0 0 0 1.1993578786959955 183 243 186 213 182 233 39 179 37 102
14456 -3.7761249751568524 -0.8430752289575546 6.935634542503152 0 0 0 1.0660222334195653 184 106 186 165
2257 5.3025099926546364 -0.075431172747452382 1.1745149962042361 7 17 32 1.466602347473527 63 520 61 626 73 405 71 249 74 494 70 246 64 378 65 215 66 203 67 102 69 177 75 623 68 178 72 233 76 621 59 675
4276 5.8718773702362892 0.42922549346807054 -0.064279313149000525 130 130 130 1.3752712869496178 73 600 77 775 76 747 78 790 75 797 75 814 79 807 74 684 74 697 10 666 7 523 6 658 72 392 71 376
7311 -3.9841064183439197 1.0925663264673235 7.5335100667782013 74 78 90 1.0495009013660206 176 101 172 183 170 6 171 47 169 210 177 156 173 92 174 53
17584 3.770522631007863 2.6813316483165592 -1.5834347443570278 130 130 130 0.50293518345251975 151 265 5 275
4270 5.842733536159983 0.22843971417279335 -0.085685108507636609 130 130 130 0.72448599539688852 73 580 71 368 77 771 76 744 78 785 75 793 79 769 80 712 74 680 7 479 10 597 8 865 9 668 4 846 3 776 12 519 205 869 1 742 2 742 5 736 72 389 208 1430
14534 6.5291268860693856 0.15335210197042634 0.39143998327910734 124 124 124 1.0351162208800322 76 553 77 572 79 533 70 239 70 249 78 541 72 223 73 387 74 472 76 498 77 514 71 232
4261 4.5103783990051474 -1.4191485420598384 1.2673207808255218 0 0 0 0.21812888252612705 69 244 73 548 71 331 70 301
10558 -2.3097253237512927 0.57475989414841144 6.474747105922912 0 0 0 0.52757661015142976 179 316 170 259
285 2.8404566576515173 -1.1743212017741604 3.3557947826653449 124 124 124 1.2787092136670086 58 1381 63 672 64 508 59 831 62 1020 60 1043 57 942 61 779 54 1180
14427 -2.8142119877310559 -0.0051978299943208402 6.1547696699371963 59 62 72 0.099152063177810335 43 4 186 12
4249 5.9009457462031092 0.18065665793628308 -0.0010581928843412217 130 130 130 0.79899130636983573 73 509 71 314 77 679 76 648 78 709 75 700 79 691 80 630 74 598 7 384 10 376 8 436 6 407 9 299 4 404 3 388 12 416 205 487 1 598 2 598 5 357 72 325 208 893
17003 6.4941433327413831 2.312314288562463 -2.3116601886311585 59 62 72 0.77244885967552057 149 187 148 293
17102 -2.8543474138394793 2.2963400773792952 3.7142361730238962 0 0 0 0.18057005634013501 105 53 113 3
6829 -1.9069780163976138 0.79200486722870433 6.6689237109250765 228 228 228 0.82491891019563535 43 188 178 281 177 314 176 434 181 272 175 389 122 577 129 431 138 394 139 484 125 588 126 497 140 440 128 492 49 591 44 304 46 308 135 346
5899 3.7598952726656774 -0.38302331492689573 -1.2351531195812342 0 0 0 0.93835368093960747 82 198 84 219 85 234 86 242 89 277 94 339 88 224 84 57 85 51 87 247 87 56 92 236 93 156 95 185 97 163 99 231 98 141 99 204
16172 6.5264546533569208 2.394942166037981 -2.3295952659387966 61 64 75 0.74231816416952423 146 340 147 427 148 451
911 1.6337149725861773 -0.7532987186928306 4.3096948621245987 97 99 103 0.71336749234580643 58 835 62 757 60 579 57 501 55 677 53 567 52 511 54 658
2030 2.2006775736866011 -0.32799064056703175 3.8493467708397953 41 46 59 0.21623648223194811 63 242 53 349 61 295
16031 -2.9976117860432954 1.4212788601654982 7.4495612252204682 96 101 116 0.57323725307067086 142 514 144 488 143 505
4237 4.6176084805655169 -1.110389712726632 1.3243944075778753 141 141 141 1.0073696654341822 67 130 73 497
7564 -0.45490626281281377 0.30647217715253694 8.6998752542007303 0 0 0 0.28080837618181798 177 227 179 221 175 292 169 334
2477 -0.26129649345266759 -1.3099327469152826 5.7415486280456687 5 5 6 0.59430995125575636 53 806 55 930 58 1270 50 515 51 581 52 708 49 487 47 357 48 336
2004 2.2743165319705527 -1.3153308070053396 3.7864296463128158 0 0 0 0.29792854637386329 58 272 62 134 59 152
6992 -1.989234870672014 -1.1881651120902315 7.4874744599288166 15 15 15 0.63772293113433498 178 223 179 158 176 301 177 164 169 158 171 94 172 328 174 228 175 229 173 290 173 357 45 201 46 199 48 263 42 244 49 462
17265 -2.5931785544898416 -3.1916416924211775 -0.38273807575712721 0 0 0 1.4471101624104963 17 404 13 454 18 315 10 444 24 92 21 108 21 98 20 94 22 87 12 456 23 77 15 370 18 293 7 456 6 344 19 170 14 401 16 418
2592 0.34479249977388154 -1.8308504799142882 5.0813664195492354 5 8 7 0.7193877955001331 58 593 50 233 51 257
12766 3.4322360576611404 -0.50994339364346253 -0.88088557048008387 0 0 0 1.3377370783695419 84 237 87 85 85 126 82 204
7390 -0.035298083490660236 3.3674828258365848 3.1756092806980112 61 65 75 0.27899128592658795 173 340 174 198
4188 6.3714284905002465 0.18598190620608329 0.50714630647257841 9 9 9 1.2613501980401267 69 106 79 392 73 201
14461 -5.1034896103329439 4.0163715337876793 9.288584959092173 108 106 106 1.1083287023082777 41 193 42 275 43 194 39 161 186 212 185 280 184 251 183 279 182 283 180 151 37 118 187 178 188 178
2262 4.5573896306102428 -0.034662613690594257 1.8415753396859755 29 30 30 1.1751102614371056 59 698 64 385 65 222 61 643 68 185
7250 -2.5443027814856984 0.10344463578101441 6.5806993452250762 109 115 132 0.36232241597598608 176 395 177 273 175 228
17523 -2.5322996608342607 0.098807201531057154 7.6416859696173338 107 113 130 1.5284592004904289 124 285 125 347 126 248 127 287 131 256 140 176 136 133
15956 2.3098280091609644 4.7693432949872845 -2.3315617261656789 88 93 99 0.10406864126082205 150 8 149 4 148 3
5782 3.2307922065243693 -0.35321555534721916 -1.19978793476358 110 115 132 0.78612934204336538 89 300 91 328 94 359 90 496 92 431
4171 5.2435270019460383 -0.069728543463025483 1.2429092466064589 124 124 124 1.1734489217009463 61 716 63 603 64 442 63 645 64 483 61 762 73 433 71 266 74 530 70 255 65 257 69 178 67 117 69 193 75 624 65 285 66 248 68 226 68 179 72 267 76 565 59 755 59 814
4163 4.470080525453473 -1.3619532387787341 1.3163392598018451 0 0 0 0.58451342227329417 69 183 72 305 73 489 71 280 70 267
4162 4.470080525453473 -1.3619532387787341 1.3163392598018451 0 0 0 0.58451342227329417 69 182 72 304 73 490 71 279 70 266
14336 -2.2596823157417476 1.5786455026530948 6.5377793500934667 0 0 0 1.3533018177318765 49 295 131 52 47 197 40 50
16693 0.60191214862520215 -1.6442450815831982 4.9599044178828819 5 5 6 0.21752177181875509 52 370 54 543
2137 0.016564446184877298 -1.3106239763541616 5.4677688063076832 7 8 8 0.79472600402386406 55 1181 58 1443 53 1038 50 639 51 692 52 889 49 608 47 516 47 488 208 999
15938 6.2004786994347452 1.8775141741438237 -2.9787161782214242 104 110 126 0.16200795294147582 150 297 152 285 147 412
10851 -0.64190529704086241 3.4454656857192827 4.148102850909094 109 115 131 1.5705524856163895 168 432 167 471 166 549 165 677 163 724 164 494 161 315 159 196 162 225 158 211
14426 -2.81555534139763 -0.0087473997109696472 6.177062002286962 59 62 72 0.1975105099311322 42 6 43 3 186 11
4153 4.9111407757888701 -0.35080112206527186 1.3735687236402099 57 57 57 0.97387112427556999 69 82 72 187 71 200 70 171 73 404
16778 2.1925546799981217 -1.3295309265227548 3.8500534954026207 76 79 85 0.42468665893426988 60 971 62 944 206 160
14421 -4.2677782867442522 4.1512847156372974 4.9756224747236777 0 0 0 0.29108928197342393 119 251 109 115
4119 -0.80587925262030147 0.41654504127140235 6.5333356588815183 231 231 231 0.42069132145825527 44 306 45 291 46 294 42 309
4112 -2.3542440418579509 0.61541971855651911 6.4747520505566927 228 228 228 0.92842337820862042 169 281 172 392 173 371 175 243 42 276 43 182 47 433 176 319 177 183 178 243 184 291 185 253 179 173 41 160 178 169 180 140 182 165 170 166 168 219 167 266 165 469
4013 -1.9171122962335476 -1.0754700592879318 7.3234811337212085 231 231 231 1.5710173243911114 46 91 47 34 48 10 44 117 52 604 50 320 49 45 45 95 42 107
14286 -2.1086754747918186 4.4441131021073073 3.3675430934758257 166 166 166 1.5516836496840831 114 274 118 405 120 447 115 228 113 256 112 226 117 267 120 402 114 174 115 160 112 165 111 232 110 108 110 155 109 156 105 182 106 157
15866 -20.936273506996471 33.915106812241291 32.02485891706764 8 8 8 0.39427761816330975 166 302 154 184
7408 -1.8602924972273096 -1.1047415000104175 7.4526033189492589 5 5 5 0.38042359418184218 176 414 174 311 171 263
9166 -2.5474311226502184 0.56152106393338741 7.3861896087533028 228 228 228 2.6363901845548652 181 149 140 189
14297 -3.9811146650532039 4.706036097440542 5.1435450192916488 0 0 0 1.3496418910121857 113 183 117 165 111 111 108 65 110 48 109 59
14396 -2.1869801722606996 4.4420681294310569 1.9393565466885654 59 62 72 0.65449315688332543 111 187 110 139
4123 -2.3646224526581578 -0.80632376895285673 6.4818293702905061 231 231 231 0.98714272149915661 44 321 45 310 46 315 42 314
5590 3.2332199463332194 -0.24222487438255405 -1.0898929026512336 130 130 130 0.2180412503307553 89 364 88 322 91 346
15863 4.4680921056045859 2.4459110208593779 -3.8340312453336227 8 8 8 0.12690077421123641 153 55 154 146
503 2.8831413116046356 -1.2816713254138221 3.3178429530637787 124 124 124 1.2820586016852622 58 1242 59 763 62 928 57 743
10776 -7.0979053586353338 1.8321567920203015 12.682920353998693 0 0 0 0.16401778246767984 168 65 180 28
4078 -2.8141193700710239 -0.0038518423778709796 6.1842308982703074 59 62 72 0.73015505625721544 45 133 46 200 42 141 41 68 40 181 185 212 186 104
7113 -2.4818984406256082 0.90392144930141705 6.3564046611351488 0 0 0 1.1372692948036693 181 287 177 301 139 565 140 460 170 258 168 325 166 410 165 543 163 600 172 494 174 368
17386 -5.0246742820066466 3.0633443184633729 8.7546229211741426 60 64 74 1.004173421944851 118 102 119 106 121 138 124 51 127 90 128 84 131 106 137 6 138 46 142 104 135 95 129 30
4015 -2.4111205043086015 0.77517307755709264 6.4246682185309529 0 0 0 0.3948955548459962 44 332 49 646 46 305 47 521 45 299 42 323 43 221 185 338 184 348 183 312 182 301 40 247 41 213 181 288 178 275 180 252 179 293 177 302 176 417 175 358 175 378 174 333 172 495 169 397 173 476 170 234 171 271 168 290 167 321 165 544 166 412 163 601 186 282 39 204
15729 4.6339350783660525 -0.26080645104930633 1.5714467808835242 29 29 29 0.22134700658952108 160 102 156 81 155 75
468 2.2648977665907455 -0.64639788005427079 3.7975042345390588 101 103 107 0.89356776299059837 58 1049 59 644 60 773 57 694 55 854 54 871
16474 -5.1814992590832638 -1.6524645157057078 10.086414026712685 0 0 0 1.2020013023430161 186 266 187 213 184 333 188 234
1213 2.0690240304473169 -0.66852774065068843 3.958607657065214 124 124 124 0.65357978386450633 58 1485 62 1134 60 1161 57 1038 55 1210 53 1055 54 1276 206 924
3919 -2.7655488271846305 0.011530943172948047 6.3140231056593601 59 62 72 0.84945701232132276 44 217 45 204 48 268 46 203 42 242 40 206 41 151 41 176 43 164 185 241 184 217 186 211
7784 4.3825916473663975 -0.034185837154938621 -1.7263577375116241 0 0 0 1.5753927940510755 78 127 85 134 77 383 79 178 80 137 83 114 84 151 84 149
18057 -2.5931710886394521 -3.1916028728550101 -0.38277410790274213 193 193 193 1.8198293864667383 3 622 4 791 8 886 16 434 17 422 7 559 12 587 18 308 19 195 21 116 24 108 20 113 22 104 13 474 6 686 10 678 5 758
3915 -2.4373116320540174 -0.095033191214995802 6.6429696912642138 112 118 135 0.65111859111005777 44 166 45 148 48 276 49 262 43 21 43 73 182 148
14089 -2.4672791140535124 4.4206265674312721 3.5252597133942798 231 231 231 0.26776730436135804 117 85 113 66 112 58
16446 -6.6442785374102433 1.8002223309597045 8.1161486198771922 126 123 123 0.51565711129694358 184 99 187 83
2304 5.1016948754527576 -0.047705918477490138 1.3658519567540872 0 0 0 0.89344942445947062 63 735 64 570 61 850 67 188 69 264 65 346 66 304 68 298 71 358 72 381 59 933
18029 -2.5931268486649031 -3.1916280886759418 -0.38272795587846753 0 0 0 1.6276189907392973 7 557 16 435 12 543 14 452 19 198 14 423 21 119 24 114 20 114 11 458
3887 -0.64033825689125057 -0.91230090695328803 6.1105979216394362 0 0 0 0.73315514159167172 50 657 51 713 55 1205 49 642 47 518 48 412
2228 2.6297561108095615 -0.89371128553226908 3.4393207428759593 22 30 49 0.3050872187306245 62 182 63 163 64 136 61 414
13791 -4.3027699150938021 4.0365827559225611 4.9259878515731375 228 228 228 1.0639866117122481 119 603 121 547 122 689 123 742 207 1084
3609 5.2697887984632814 -0.36533484944118932 1.3537703331137843 57 57 57 0.32613443175218204 61 359 63 52 64 14
3581 5.3172035743197972 -0.011840472551042362 1.2085065932914749 124 124 124 0.31694635136274513 68 209 67 104 75 627
5825 3.1974011649045138 -0.31421952653072333 -1.3777765139562961 59 62 72 1.0642405041336984 87 553 88 557 89 628 91 535 86 527 94 530 90 577
16098 -2.7581996839137739 2.7382482273942546 5.6785272281239072 59 62 72 1.5938387500325799 119 132 122 351 126 157 127 183 140 291 121 199 125 231 128 109 129 150 137 91 138 109 139 287 120 352 120 274 129 253 136 49 135 262
6670 -2.4749527901855961 -0.81781887866330238 6.4771772489666155 121 127 146 0.52716999115338603 181 59 180 49 178 62 179 75 182 116
13741 -3.9908074193289509 3.8586902844480924 5.1179555965108383 0 0 0 0.46149562260369303 139 564 207 807
3548 4.5197785050140515 -1.3669346978270762 1.2917507458607447 140 140 140 0.30387715207984062 66 299 69 247 67 170 73 549 71 332 70 302 68 281 72 370
13722 -2.4506556948616156 0.84331923748028992 6.3127689947011856 228 228 228 1.6138584423379885 123 575 124 571 126 487 127 526 128 525 130 367 131 448 137 355 138 377 139 463 140 371 142 512 141 530 141 438 128 343 123 502 129 291 137 312 130 208 122 406 143 541 207 696 136 234
5806 3.231888956337118 -0.28081153146583693 -1.1343728682889633 0 0 0 0.22110724766283568 83 233 86 436 82 248 85 276 91 397
16079 0.56366324254719224 5.9115159998218418 1.3977700089237504 8 8 8 0.1287245267380418 152 94 146 70
2632 0.24487543689137414 -1.5828305202917674 5.2169716571720448 16 19 20 0.23412834367011259 55 787 50 418 51 426
3547 4.4006596145945034 -1.4414056632884933 1.3281001867068454 140 140 140 1.5305202305281167 68 280 67 169 69 246 71 352 70 317 66 298
17667 -2.5931924997727811 -3.1916509011270198 -0.38272843742343499 226 226 226 0.49567241164267239 6 565 10 567 5 606 11 372
13798 -3.8168606364908579 4.365388383563209 5.1618371343222504 228 228 228 0.46475858824267657 116 391 117 478 118 524 120 574 121 557 207 1094 114 345
3525 5.6927871476128784 0.10628675481029939 1.2190402190086167 0 0 0 0.99066455478529758 59 577 64 299
16691 0.5613302058281302 -1.705387420525813 4.9839650558688611 47 50 50 1.2398017997094457 50 291 52 90 53 56 55 61 58 648 54 521
1430 2.9947251431716126 -1.3275615011321724 3.30930435692563 124 124 124 0.65001529852135664 60 938 57 846 54 1055
2549 0.38666361480679329 0.45526917715097004 7.0502698477324905 231 231 231 0.65694801732987618 46 296 47 476 49 593 169 412 171 280 165 566 166 435 168 308 163 626 164 331 171 244 161 159 161 200 160 130 159 86 157 98 162 131
8488 -2.1270528564905935 1.2428655978442567 6.5025703827385568 107 107 107 0.95501878754806568 181 180 179 211 177 213 176 342 124 350 138 225 126 300 125 404 123 380 137 198 139 283 122 357 140 234 141 287 131 292 144 288 142 299 46 240 182 192 126 429 130 240 175 278 184 200 49 528 178 202 180 180 183 183 174 261 42 192 47 327 132 183 134 181 133 104 119 321 143 307 135 167
13557 -0.49419403072970092 2.8627133261604611 2.4153339733898513 79 84 96 1.0924975054328467 173 576 169 438 170 295 171 301 172 569 167 331 165 557 164 318 161 147 160 151 168 358 174 445 159 78 162 122
13551 -1.7751253304296912 0.4061262075843477 6.9943609672665152 0 0 0 1.1827656458037594 177 67 179 100 131 76 139 144 134 74 180 39
16603 0.61195956725346434 -1.8164834490453698 4.932014276217549 42 48 49 1.4446130575452827 50 68 58 9 54 42
1342 1.6009246525366898 -0.46205200126105012 4.3442321611235792 38 44 57 0.70469828312507177 62 633 57 345 55 410 52 519
2461 -0.098417472624172789 -1.3422381470534626 5.5828933316411042 16 18 19 0.34955785351665786 53 493 55 816 58 1014 50 441 51 449 52 600 49 342
17158 -3.9863585537173334 2.434755339967912 5.8147472768725574 89 94 108 1.2382746032822145 144 399 143 462
3016 -2.0240248148837772 -1.2329366764641465 7.4297099176900536 7 24 42 0.99877663728470445 52 143 48 3 46 9 44 47 42 28
2933 -0.19995082757741378 -1.2332223008102954 5.6905708952440293 72 74 76 0.46287078989665575 53 524 55 624 58 769 47 239 48 158
2711 -0.29410490336960121 -1.8504425780775662 5.7173558933651973 47 50 58 2.1676026077883095 55 14 49 9 47 128
10598 -0.55869443938845498 2.87179992207095 2.4563165053253564 80 84 97 0.73448163151424051 172 344 169 238 170 70 173 321 175 97
5511 3.0280588126017629 -0.39950876953117087 -1.1439698177110849 105 111 127 0.82591406504199094 86 10 89 200
7396 -2.9990181825610613 -0.052275874526475724 7.5786070415457409 0 0 0 2.1464790996322107 173 355 174 225 172 378 171 143 170 152
17669 -2.5934060938442456 -3.1918275807077956 -0.38268666115368399 0 0 0 0.79622649260823775 4 667 9 530 9 689
2143 2.1577339038065424 -0.83668845274374781 3.8841174304464183 25 57 33 0.45605710682593054 57 266 59 280 58 453 53 563 54 323
2589 1.6129352139787652 -0.24446734356222474 4.2998035966398813 91 93 99 0.85037735718793106 53 341 58 565 50 210 52 298
16726 1.1545629786930571 0.53396288655064195 4.7160156279754446 0 0 0 1.894582354977568 52 926 53 1074
1465 1.664634012072969 -0.35114357257503587 4.2935784686871106 124 124 124 1.1538421587998682 58 1508 60 1182 57 1054 58 1489 53 1071 55 1222 52 925 54 1279 62 1155 206 993
2584 -0.14661243074169852 -1.2544410334206626 5.636504405199422 5 5 6 0.54349733464806116 53 184 50 185 51 219 49 138 47 179 48 115
2575 -0.34081389257491895 -1.3823199714079102 5.8177899292229398 5 14 31 0.54923300683455956 55 236 50 168 51 189
2574 0.17879244182327014 -1.505821295918671 5.292386128504857 24 28 29 0.64082940888244533 55 185 50 164 51 334 49 247 47 165 54 597
2569 0.023645278620582182 -1.5822171521398523 5.4381340665213127 43 55 54 0.45245173250950721 55 174 50 139 49 96
2541 -0.19482334821176989 -1.2835599540921365 5.6786326619767067 3 91 30 0.35975815937131428 55 616 52 442 50 339 51 354
16666 2.2199414672897761 -0.40494121965202823 3.8424341439959178 24 40 49 0.28222436629339653 55 704 58 531 53 741 54 394
1405 2.8674884788260608 -0.72236943435021417 3.3928424187236046 124 124 124 0.45849220239768684 63 464 57 672 64 339 61 566 65 188
2524 0.65400784822575508 -1.6841546570135515 4.7894152884008685 77 80 81 0.94796523838635927 53 1062 52 915 50 665 51 742
2523 -0.11461824698712711 -1.2045118419334366 5.6065568940443233 13 26 18 1.1807220050533114 55 1203 53 1051 50 656 51 744 52 922 52 904 49 669 47 543 48 453 208 1322
16655 1.7566749393566032 -0.97155794311900567 4.1972031645455044 117 118 118 0.081134275613358953 52 486 54 305
2513 0.1180372904026175 -1.3890857158010486 5.3623325213286419 90 93 95 0.44361907795791383 55 1159 58 1419 52 861 51 666 49 583 47 487
4014 -2.4177652785568124 -0.76848699214793992 6.7070713029578011 5 5 5 1.0586145109954446 46 75 47 115 48 196 44 143 49 11 51 403 44 98 45 84 181 119 43 39 51 475 182 125
14287 -4.1717818226610861 4.5868423827437068 5.0085812974803874 9 9 9 0.15772737940223303 112 1 111 0
16644 2.3312798434896922 -1.3009784919118978 3.7434044140716627 120 121 121 0.36686615149801294 58 276 54 185 57 122
1383 1.7090432101061783 -0.44395197559095645 4.2528925309557337 122 123 122 0.6756199962017706 60 612 62 784 57 538 58 857 53 590 55 702 52 663 54 685
2502 -0.2145227511930371 -1.2517664030597 5.703393125961937 56 58 59 0.49714281637470364 53 918 55 1048 58 1275 51 635 52 786 49 557 47 427
16641 2.2509317528129227 -1.3173604770331606 3.7884719973509982 0 0 0 0.38018308709597587 57 131 60 145 62 138
1380 1.6975018040014789 -0.74193951593662 4.2582727990848159 89 92 98 0.49299841138872358 58 837 62 754 57 500 55 681 52 648 54 660
16740 3.2916313109434254 -0.33467420519209484 2.9279450608298911 29 30 30 2.3435524411488027 57 972 60 1068 62 1045 54 1132 59 854
6467 -3.6525093123567784 2.5662201191716765 4.1784373578926974 234 234 234 0.48952108459523308 183 125 181 71 180 26 182 140 184 248
2499 -0.042836752531048732 -1.314409988137947 5.5297548774170471 61 70 70 0.38491048693237284 53 909 55 1045 58 1269 50 573 51 584 52 780 49 493 47 366
2497 -0.066209908298412459 -1.3372021126133307 5.5522426003856946 19 21 22 0.26348138864947956 53 905 55 1042 58 1267 50 571 51 582 52 778 49 490 47 425
16638 2.4145575232242518 -1.301630079415232 3.6793829238048605 119 120 120 0.44013954684501094 55 262 58 268 54 156
1377 1.7600770148742313 -0.73108351062598143 4.2067325532321584 97 99 104 0.51204550087200207 60 780 62 751 57 497 58 838 55 683 53 569 52 515 54 661
2496 0.075442877890804144 -1.4766171761527509 5.3942087239745593 36 42 43 0.74514483060207071 55 1020 58 1376 52 772 50 563 51 628 49 552 47 420 208 330
2494 0.2423950090851873 -1.7093988697665077 5.2042984197063618 12 14 15 0.57278982712462734 55 1089 58 1342 52 762 51 619
16624 2.8264646408539793 -1.3576991607835953 3.3650302460812451 36 93 52 0.92176735210194372 58 195 54 104 57 31
1363 1.7672412761166925 -1.6452162335521043 4.1937009107157621 111 118 124 0.68811859601950454 58 629 60 457 57 404 60 687 53 458 55 761
2482 -0.18924679741237116 -1.2530187009305638 5.6769730850527536 3 3 4 0.52267080442705449 53 813 55 939 58 1273 50 575 51 586 52 713 49 494 47 364 48 337
16622 0.65770902834824096 -1.7360848085607565 4.9108589144479691 67 69 71 1.5468238718702789 50 119 52 79 53 48 55 41 58 64 54 99
1361 2.8184839665546559 -1.3162160761231356 3.3850725833980246 124 124 124 0.51928669255183801 57 402 62 446 54 522
2480 0.080868002047950027 -1.3156517665147254 5.4048625691223426 20 22 23 1.4163810631440223 55 928 52 711 50 518 47 373 54 1103
7567 -2.354827781677058 0.81667892811403964 6.447906368190325 228 228 228 0.30182499883650726 44 338 51 721 49 652 46 334 47 527 48 419 45 327 42 329 43 227 185 340 184 350 183 336 182 303 40 260 41 215 181 290 178 305 180 274 179 295 177 304 176 422 175 380 173 478 173 479 174 369 172 497 169 399 169 400 182 304 179 296 170 263 171 273 168 326 167 359 166 414 166 415 163 605 165 546 163 606 39 207
5891 4.7633452220689225 -0.17615963315892164 -1.3167523630195495 130 0 0 0.49643497101794543 87 298 88 372 89 323 91 250 90 359 92 329 93 230 94 312 95 190 97 165
16164 2.645108304523482 5.1871982320220376 -2.1506653476567585 158 158 158 0.20483092367972303 150 268 147 379
16619 0.32983762226075924 -1.8092565683182673 5.1346362269305281 38 48 47 0.37833948255602035 52 24 54 84
1358 2.9642948841440804 -1.4092776222921317 3.373689731656965 12 90 38 0.76587641134943096 60 431 57 388
14248 -2.8791700008243741 5.1122006875364496 3.9950900654015498 231 231 231 0.41193719187157496 117 180 112 107
2463 -0.28654661372838841 -1.3034932261403183 5.7683090780594384 78 80 82 0.44994214543460415 53 676 55 819 50 442 51 448 52 602 49 336 47 226 58 1018
16601 1.6868528530914386 -1.622431164050351 4.2154976097668024 107 113 120 0.17059373165552352 52 154 53 123
1340 1.6420189853472591 -0.45393211672796263 4.3072077508729976 28 44 51 0.84779858081183601 60 362 57 342 53 299 55 413 52 271
2459 -0.31362657465720989 -1.3939253137896879 5.7857542095877834 8 10 10 0.6483214007714726 53 672 53 133 52 584 58 748 51 506 47 223
16600 0.66310212765385856 -1.8237636766803029 4.7515020589390859 0 0 0 0.49496998615562876 50 255 51 285 52 331
1339 1.7312348228206416 -0.43850386942529879 4.2308167535970247 28 41 51 1.0085483618651123 60 361 57 341 55 414
6426 2.987921759407393 -0.16995139197135481 -0.99864144117806086 0 0 0 0.33003359225057793 82 569 89 580
2458 -0.29775010382077471 -1.4303429276250235 5.7701813098765573 3 3 4 0.87182483254691046 53 670 55 802 50 433 51 432 49 403 47 284 52 580 58 1009
16599 2.2619987828534209 -1.5670495031860152 3.7885290412175063 122 122 123 2.2698555019798796 58 74 54 25
2457 -0.14749411211711674 -1.4934785341946011 5.6188192163393769 1 1 1 0.52323137963169908 53 663 55 798 58 1110 52 577 50 424 51 425
3965 -0.55685532809272076 -0.32900326296552285 6.7882311661328707 0 0 0 1.0428693460527056 46 187 44 244 45 189 48 252 47 320 51 531
14238 -4.2229669121561075 3.6736489039148017 5.10447163878698 228 228 228 0.20366148476476195 114 84 112 51
2453 -0.088538321396659958 -1.588164855994336 5.548086995004077 3 24 9 0.99324450762906979 55 566 58 966 52 561 50 405 51 416 49 318 47 218
16593 -2.5934441054162325 -3.1917023646183091 -0.3827666224379212 231 231 231 1.4294288304450535 22 12 23 12
1332 1.5662326336958072 -0.82283023203433103 4.367178995215915 51 56 66 1.1442298225384879 60 334 57 316 55 361 52 244
12724 5.67214970409296 0.33737355956331805 0.67567955553435288 0 0 0 1.4514113233823405 73 438 74 533 75 576 76 520 76 564 78 559 72 269 77 538 71 270 69 217
2451 0.65917507257930052 -1.7106377103544816 4.7751772142503954 77 79 81 1.2383939778122903 53 638 55 755 58 938 50 403 51 500 50 493 52 557
14227 3.9761475373404163 1.6746810318030976 -2.4972441288417624 0 0 0 1.7535429543199965 4 457 3 429 14 243 205 326 1 726 2 726 6 544 9 616 3 728 14 345 13 354 205 660 8 468 8 657 13 319 12 436 15 305 12 353 10 412 16 347 7 301 11 354 5 703
2442 1.5676384694411254 -0.76336690487514103 4.3636202845295378 92 94 100 0.47027801633903477 55 676 52 505
2441 1.5676384694411254 -0.76336690487514103 4.3636202845295378 92 94 100 0.47027801633903477 55 675 52 504
14222 -3.5887329960980399 4.0669060689361025 5.3295466449947613 228 228 228 1.6497684628563978 119 187 140 232 115 86 117 303 119 308 122 333 115 216 118 349 124 346 118 242 123 367 139 281
2437 1.7375946803066373 -1.0305596513635924 4.219640517129295 123 123 123 0.30785398607207121 53 543 55 640 52 477
2731 -0.17195642467820882 -1.2542772660007018 5.6613113866966955 1 1 2 0.57270574109879935 53 183 58 368 51 217 49 136 47 88 48 113
2717 0.26870627631081556 -1.79445815863212 5.1667588751330769 19 76 30 0.48141969769005516 52 30 55 22 53 23 58 47 51 78
2343 0.173259787629263 -1.6897864608161892 5.2723844373023887 39 50 49 0.85635798983307065 53 59 52 78 55 83 50 97 51 125 54 553
7422 -0.80596640842606249 3.6205920849992967 2.2026072234320373 115 121 138 0.68298391463551056 173 520 174 384 172 507 169 375
4214 4.5753717748488292 -1.2250463585754054 1.2871338778457249 0 0 0 0.49357081290311977 67 69 69 152 68 171 73 416 70 216 71 228 66 193 66 142
14487 -6.7327364343450684 1.8163554279511698 8.2232871484236121 125 122 122 1.020040781800684 183 192 186 137 182 200 181 85 185 112
7124 -1.8254386416560517 0.36772538921048242 6.9054628581182076 100 105 121 1.1458774660360922 175 431 173 545 174 431 172 560 169 463 170 315 171 320 168 379 167 395 166 481 166 502 165 610 163 666 164 418 176 477 173 571 174 401 175 410 179 341 177 342 129 535 132 339 176 430 136 446
17397 -4.9471602454217036 3.2797139569109954 8.9072328360396327 84 89 102 0.99245007842772071 118 304 119 290 120 264 121 285 122 312 124 300 125 369 126 282 127 406 137 267 139 240 140 184 144 222 135 164 141 246 136 168
2136 -0.42280397661484664 -1.6682882588458399 5.8791454921525679 1 4 14 1.823895409635131 55 1094 53 969 58 1355 49 536 51 615 52 824 50 598
2320 3.8027678535857663 -0.28788446526839562 2.1965292315124354 29 30 30 1.4646101841401218 63 537 64 394 61 645 66 209 62 840
7406 -1.9417494899937116 -1.1129160406166687 7.4080980160532075 231 231 231 0.68762696508001386 175 317 178 242 174 308
17679 -2.5928116499964307 -3.1912745028170382 -0.38271957175450566 0 0 0 0.12813599522856758 4 681 9 543
2418 -0.27314231270893802 -1.3459903951263066 5.7516890587491867 3 92 31 0.51994405187134396 53 488 52 425 50 327 51 341 58 350
2310 4.5788262011570247 -0.073255496337831585 1.7798596501906248 29 30 30 0.75355615961751166 59 961 63 756 64 597 65 361 61 872 66 316 67 198 68 311
2306 4.4304094836689156 -0.2067794769177099 1.7729947110850064 9 11 14 1.1998705738804738 63 738 64 572 65 349 59 941 61 852 69 268 66 306 67 179 68 286
2305 4.8625556172932924 -0.03098334919354909 1.5669186183777435 29 30 30 1.3332464915208884 73 570 72 383 74 673 67 190 68 300 69 267 66 305
7387 -0.64861205869305183 3.9324233357011127 2.4126059624397898 73 77 89 2.130960724120234 173 492 174 193
16441 -4.0649950468923635 -0.45913721004582808 6.6095340133318281 114 120 138 0.53401376542575463 183 2 187 31 188 38
1180 2.7252259383193316 -0.78773114572944869 3.4391402671110853 124 124 124 0.97295342226648063 58 1451 60 1098 57 999 54 1246
2299 4.8084782285839731 -0.11345774880714389 1.5601848599350472 9 11 14 0.84921782300294391 61 830 63 714 59 907 64 555 65 347 67 178 68 285 66 289 72 382 73 568 74 672 69 254
16440 -4.0649950468923635 -0.45913721004582808 6.6095340133318281 114 120 138 0.53401376542575463 183 1 187 30 188 37
1179 2.6464739308603971 -0.85312531918270662 3.4689499484844242 70 77 86 0.80145299993540198 59 894 62 1078 63 725 64 566 60 1096 57 997 61 840
6266 -4.3656923557366598 0.74840410970725957 7.5476548635650076 107 112 129 1.7112132871508974 42 226 43 189 41 205 40 251 39 213 186 235 186 272
2297 5.1834170119684337 0.049809433734689025 1.3824794407461012 231 231 231 0.53216185228000601 59 908 63 712 64 553 65 333 61 828
2281 4.9223108629792742 -0.1762996847702944 1.4787605097379501 57 57 57 0.51983574548899669 59 757 63 649 64 446 65 217 61 766
2272 2.8822531810725849 -1.1947491789974183 3.2535532000256064 106 106 108 0.89002730637206684 59 764 62 930 63 661 64 499 61 720 65 289
16407 -2.5931559569490465 -3.1916304548318783 -0.38273303203193104 236 236 236 0.99154241969248269 14 399 16 371 18 280 17 362 7 409 13 371 7 454 10 525 6 482 12 495 12 452 5 601 6 607 3 305
1146 2.2654754488767872 -1.5351720546881524 3.7911707159247428 67 75 85 1.2731736949863297 58 1333 59 884 60 1031 57 934 55 1149 54 1150
6233 -3.5568514804414813 -0.18787411032514312 7.4387029906319819 62 66 76 1.7733708759259583 44 134 185 78 49 372 45 120
2265 3.4036922842998103 0.69182012861930431 2.857967722369648 142 142 142 1.1349571552410274 63 571 61 685 57 830
16402 -2.5931959063228978 -3.1916536470984447 -0.38272775569472733 236 236 236 0.84803777385456858 14 376 18 263 7 415
2248 2.7810555221291762 -1.1507515751398607 3.31290086641541 98 100 105 0.23164181268790895 62 691 63 452 64 326 61 545
7335 -2.2222639862375844 -1.224778586563154 7.4230512172358294 13 13 13 0.71786593405556554 175 314 173 445 172 457 169 351
2242 2.0555107571769748 -0.22221935672769483 3.9984377384414036 123 123 123 1.0631680314866572 57 359 59 548 61 506
6950 -3.0529826557025803 -1.0818153505741892 7.5394572874639509 63 66 77 0.64203113098926878 178 340 179 346 180 319 181 332
16744 0.31488036187057694 -1.5876208903899411 5.1814254363535523 65 74 74 0.10869889179731473 53 1002 54 1213
6570 -2.4834771822312325 0.8455786182028272 6.3684716404529871 228 228 228 0.096915029302186026 42 173 43 105 40 114
7316 1.6287270935846747 -1.6069574945549459 4.2895402332322092 0 0 0 0.49206709307728747 52 414 53 476 55 124 58 646
7315 1.6287270935846747 -1.6069574945549459 4.2895402332322092 0 0 0 0.49206709307728747 52 413 53 475 55 123 58 645
17588 -2.5931822762098262 -3.191740514844299 -0.38229924337620053 61 64 75 1.3939073008027938 6 365 5 290
16204 6.0715926009814849 1.6108632065154251 -3.0912292635430725 115 121 138 0.60897896516568162 146 503 147 602
943 1.9853424287826007 -0.17689992899220708 4.0277330304072176 96 99 103 1.6868716488430826 59 559 62 640 60 639 55 728 53 611 61 513 54 718
6030 3.2759234005266231 -0.40109683107772565 -1.1130718752451023 114 120 137 1.801194350394913 90 31 92 278
2062 2.1408858753150195 -0.15050743943071956 3.9013447458999795 96 98 103 1.0970556051680831 62 630 53 619 63 400 61 504 54 435
16743 -0.07198103861938919 0.74349355796561878 5.4884267740279657 0 0 0 1.4786359417060542 55 1137 53 966 58 1427 55 1000
14000 -3.484660767376258 3.6416508185612542 5.4549532884699454 96 102 117 2.2587836063623876 123 353 115 99 113 129
2212 2.0569301193165508 -0.22287859089593781 3.9702711720085508 122 122 122 0.9986870052447504 55 456 59 354 61 335
2211 2.1112438027289486 -0.18910197423556185 3.9235460022298487 121 121 122 0.60394307409550241 55 462 63 267 61 332
2580 -0.96674818280216945 -1.1253875390387871 6.4672205511731269 27 82 39 1.8368121434328457 49 110 47 159 50 180 46 55 48 101
2194 2.2593713762122114 -0.70496928811997994 3.7416822018173659 118 119 120 0.51518219776057295 62 274 63 228 61 242
2172 2.8401447661455288 -1.1415289323880979 3.3729742733395218 124 124 124 0.59603778240865424 59 113 63 147 61 100
2164 2.9137486188950099 -1.1910833515164025 3.330521247647221 120 121 122 0.56143263560743673 59 82 63 124 61 76
7152 -1.9376816274318798 -1.1698229752793519 7.5248009445955706 11 11 11 1.2327579697736737 178 80 179 50 176 108 174 59 175 126 173 19 49 303
17425 -3.0157940913591408 1.1381635276588629 7.0700285670707768 66 69 80 0.78788829241894587 119 512 122 567 123 623 124 521 125 573 126 483 127 578 128 523 129 463 130 369 131 450 137 390 138 436 139 461 140 428 135 372 136 411
14307 -2.3033848787039717 0.8000687897002724 6.4801972471168963 0 0 0 0.45651243737768965 124 174 140 108 141 260 142 274 144 255
2144 2.1576845635232305 -0.83643697768826131 3.8832217196290437 21 47 27 0.46187663685417629 57 267 58 454 53 562 54 324
2139 1.7126118665831991 -1.7214911283520038 4.2373508567712612 124 124 124 0.70728348079284542 60 824 57 742 53 785 55 900 60 680 57 597 58 916 55 751
7205 -2.7549271742460801 -0.013753879738156357 7.437191141870902 0 0 0 1.8650634747369967 174 471 173 609 172 628 169 509 171 365 170 351 168 421
17478 4.4440489613628342 0.29067448579894772 -1.9363448011291919 0 0 0 0.76279660771778257 80 258 81 217 79 319
5821 3.763759456845031 -0.39033882143027931 -1.2330922589548743 0 0 0 1.4604911585617848 86 534 87 556 88 509 89 587 94 453 91 494 90 539 92 510 93 387 95 306 97 295 96 233 98 238
16094 0.34194250071149335 6.354979829088391 2.9239327241282722 231 231 231 0.051238321364886041 154 52 146 206
1952 1.5149063662911126 -0.77281386564425747 4.380715744375328 100 102 106 1.0656092133425812 58 1299 55 1057 53 937 52 808 50 583
2117 -0.38845621333748431 -1.6684302504282476 5.8382996997070924 1 1 1 1.9366522097717114 55 129 53 418 50 259 51 262 49 180 47 134 58 200 52 70
5942 3.218567413742806 -0.22921394918355553 -1.0992092959538322 0 0 0 1.1039730816036637 86 331 88 449 82 292 94 420 84 482 85 456 86 556 87 525 89 574 88 540 83 496 83 556 91 485 90 412 90 509
16215 6.3983401127513586 1.0959639737981508 -2.7493192358982208 5 5 5 0.17729916757335051 146 576 147 658
16588 -2.5931986340470696 -3.1916347448060192 -0.3827581688208806 0 0 0 0.83414478761787969 22 82 23 69
1327 1.7294121036588275 -0.8026025531367591 4.2316550623655731 119 120 120 0.61797312814590544 60 319 57 307 55 369 53 257 52 255
16205 6.0715926009814849 1.6108632065154251 -3.0912292635430725 115 121 138 0.60897896516568162 146 504 147 603
944 1.9853424287826007 -0.17689992899220708 4.0277330304072176 96 99 103 1.6868716488430826 59 560 62 641 60 640 55 729 53 612 61 514 54 719
5906 3.2975392239136498 -0.38846163388261445 -1.0970942013796825 76 80 92 1.1724377346035824 88 288 91 331 94 364 90 447 92 497 93 379
16179 6.27913433005694 1.9188241331380278 -3.1276302513649541 61 65 75 0.72282769231345656 146 308 147 470
918 2.1657303596926312 -0.39281142048447415 3.8774582895139189 122 123 122 0.70895611565105865 58 862 59 651 62 604 60 590 57 512 55 867 53 744 61 593 54 672
6005 3.3750568565629435 -0.31606655450416082 -0.81310955579386024 36 38 45 0.59132632938662932 86 219 87 156 88 335 89 254 91 304
9097 -2.5768091012671981 0.86718180807064649 6.3282438352852992 0 0 0 1.2257689436379153 176 310 47 302 49 510 46 212 184 162 183 142 182 154 175 238 138 159 129 289 125 344 139 215 181 138 130 206 184 289 185 164 48 293 124 273 141 242 186 119 37 60 145 304
5894 3.236438138587022 -0.26344704249875239 -1.1005668118994363 130 130 130 0.11655624617997398 88 311 94 321
16167 -1.0103993591168912 5.206078846259433 1.4324817067341189 0 0 0 0.36130581635539255 152 130 163 579 151 75
906 1.8396983112192147 -0.71800596610244438 4.1417645481785739 97 100 104 0.56700049043323442 58 842 62 749 60 574 57 496 55 687 53 725 52 654 54 664
14552 -2.4865509455309271 0.84569871116437667 6.3702225169018645 228 228 228 0.064085526843654317 42 110 39 96
5887 3.2183842128189846 -0.22573092975151679 -1.1006741793927897 0 0 0 0.22982656108141311 91 292 94 262 90 319
16160 5.8932029976541118 4.0458609487122192 -2.5540924526175641 79 83 96 0.14421415608237398 149 346 147 353 148 456
800 1.6304579613591355 -0.81722398711767286 4.3096630338802022 36 41 56 0.82586005582293309 58 469 60 325 57 310 55 362 53 249 52 247 54 344
11073 1.5106023932602244 -0.55712745789788287 3.3047131813620352 123 123 123 0.046949465962007324 166 370 165 500 163 459 164 253
16158 0.38414935777879899 6.5127034080907507 0.24671448499915394 8 8 8 0.014968097239279126 152 254 147 341
897 1.6233517095301229 -0.94207869515984299 4.3181455588422795 112 118 124 0.58859327999582078 58 420 62 746 60 559 57 480 53 550 55 657 52 487
798 2.1985651735466338 -0.69514431736473636 3.8525180640500345 122 122 122 0.6582554286959571 58 512 59 303 57 298 55 689 53 581 54 381
11071 1.548780500362914 -0.5493604138303122 3.2053729962211706 83 85 89 0.11727149763192042 166 371 165 386 163 457 161 56
1975 2.2869090750844978 -1.5745514323631853 3.77338937520671 73 73 73 1.4499831699506971 57 15 55 122 58 62 62 44 54 23
4321 5.8938174497559421 0.13926992963562765 -0.036968439666568938 0 0 0 0.77428462276338761 71 309 77 671 76 645 78 671 75 695 79 650 80 580 74 594 7 249 10 358 8 431 6 393 9 435 4 397 3 380 12 296 205 304 208 612 1 594 2 594 5 350 72 319
1963 2.2658393962161822 -0.90663341586827451 3.7918700355090094 90 97 104 0.61012772529929526 60 1100 55 1163 206 597
16101 6.5028831620525267 1.0585029220076438 -2.7272041319713178 59 62 72 0.7133984988873493 149 431 146 302 147 403
5927 4.0868091432321956 -0.33680714721582022 -1.0888628937666081 59 62 72 0.71548463411926244 91 511 94 478 88 530 90 522
1959 -0.0015363673008250821 -1.5957212819003219 5.4555105557842847 5 6 6 0.99547420690201405 58 1357 55 1099 53 974 52 829 50 604 51 621 49 543 47 418
813 2.1885232057999948 -0.34872010615308302 3.8768191512192431 24 37 50 0.89309857825668504 59 328 60 349 57 332
5801 3.1508404975300737 -0.28744111538069883 -1.3469657712039169 108 113 130 0.76599927557679959 84 126 87 261 88 364 91 374
16074 5.2600667590175663 -0.37883730029530577 0.19476187172374909 0 0 0 0.65153167402866863 149 12 146 16 147 184 148 113
7039 -1.8463107582338589 0.48370885315857687 6.9185806732838753 0 0 0 0.18585383358608332 178 355 179 368 177 384 176 499 172 600 170 343 168 405
17312 -5.5260824233748842 2.5362478891756943 7.8025933167410741 110 116 133 0.43035050971704286 124 29 145 187 138 4
2325 3.1196859220491993 -0.44321341091893707 2.6360278343283801 9 11 14 1.6966539650291936 61 859 61 879 66 320 68 304 63 761 59 949
1929 -0.15202851219927072 -1.5515395534684282 5.610418054718231 0 1 1 0.91816519085578396 58 1099 55 914 53 793 52 689 50 498 49 393 47 283
5797 3.1819281402098212 -0.31203962283480752 -1.3717320399702411 231 231 231 1.0611187638410287 87 225 88 346 91 358 94 389 90 475
16070 6.3182830896388902 1.9782547944901974 -2.7955129357497706 90 95 109 1.3588031393407167 150 440 152 363 151 417
5896 3.2394372746170008 -0.2529163013514048 -1.0843424560104795 0 0 0 0.55241357281548198 89 466 94 327 87 417 90 372
710 2.3958670841782395 -1.3025760110430615 3.6930291864133395 17 26 47 0.44739434389398047 58 267 62 111 60 121 57 106
10983 1.609104187759639 -0.54484941945997212 3.1641464219090487 73 75 82 0.092602490406360954 166 258 165 159 163 243 164 23 161 5
1928 2.0998353251023243 -0.39923340367629934 3.9335517674119136 34 93 51 0.1639239477531787 58 1060 55 865 53 740
16069 -1.3705967568281572 8.9264347551612531 5.9742123127054496 0 0 0 1.586133046073805 150 464 164 500
90 2.8994345123788619 -1.4123391786533617 3.3035276511640688 12 87 38 2.0722474016901615 64 50 60 429 57 389 61 35 54 480
1199 1.6018992123300861 -0.38699402998954707 4.3442297518295696 76 82 90 1.0671147925491546 58 1455 53 1042 55 1184 52 905 54 1252 60 1136 62 1138 206 859
82 2.9586292850731 -1.4554550419813024 3.2807908043305476 43 95 58 1.2456976048841415 63 66 64 27 59 12 62 1 61 20 54 14
2433 -0.078133158870913641 -1.2004585836937371 5.577454778543343 11 88 37 0.8226969385989098 53 531 55 627 58 775 50 359 51 382 52 455 49 285 47 247 48 169
76 2.7757183606881828 -0.90935713877704083 3.3915139745424918 124 124 124 1.076619671293255 58 1521 63 779 59 994 62 1173 60 1200 57 1074 61 906 54 1316
2432 -0.15077325195164332 -1.1940832034772013 5.6463843445303921 77 80 82 0.74524196778996232 53 530 55 629 58 779 51 379 52 454 47 241 48 167
75 2.7369798664332099 -0.69928481009931243 3.4344445509378803 124 124 124 1.0803998041095833 58 1505 63 762 64 615 59 973 62 1150 60 1176 57 1048 61 883 54 1298
1184 1.7395320748908587 -0.91283192339319252 4.2213901885318377 8 45 42 1.3817232219819968 58 1391 62 1083 60 1107 57 970 55 1130 52 871 54 1190 206 605
74 2.6435640657442194 -0.74337090665190064 3.4982766205655991 12 89 38 1.0540655922690492 58 1482 63 745 64 604 63 764 59 951 59 972 62 1128 60 1155 57 1033 61 861 61 885 54 1273
73 2.8650813059970304 -0.823182363554673 3.3376832863096602 8 49 42 0.77232916289972331 58 1480 63 743 64 578 59 948 62 1126 60 1127 57 1030 61 858 65 353 54 1269
15334 3.2627023815169207 -0.30381243900777444 -1.08392555879708 0 0 0 0.015412872126162158 85 278 91 262
72 2.794446633236773 -0.76956070990773295 3.3875313813274608 124 124 124 0.87104550856035023 58 1453 63 727 64 580 59 922 62 1105 60 1130 57 1017 61 842 65 355 54 1249
1181 2.7353658833419976 -0.78751265043290697 3.4451697944904009 124 124 124 0.5352841355138428 59 923 62 1106 63 729 64 567 60 1099 57 1000 61 843 54 1247
6268 -3.4203140069667488 -0.073905927272109859 7.8087015765352339 61 65 75 0.36456034955940753 43 36 40 161 185 139 186 144
71 2.8385280353189861 -0.77338760834472586 3.3598620679429776 124 124 124 1.2745657682888902 58 1452 63 722 64 562 59 920 62 1103 60 1097 57 998 61 837 54 1248
3537 4.6920684180343217 -0.01764165930348903 1.7695143806941831 29 30 30 1.6294788212118436 61 781 63 670 64 503 68 212 67 119 69 195 67 140
70 2.6814107418050344 -0.80598793209146224 3.4751156246195611 124 124 124 0.57005805900244522 58 1449 63 730 64 568 59 924 62 1107 60 1131 57 1018 61 844 54 1245
3536 6.0160900619440802 0.072931749553896641 0.71707173726622231 6 20 42 0.37271531318964735 68 202 67 98 69 188 72 261 71 258 77 643 76 612 74 519 70 252 73 427 66 228
610 3.3045129705975063 0.82891004931047552 2.9169388732256238 142 142 142 1.1998354222977838 63 684 64 526 60 1084 62 1066 57 983 61 806
5697 3.153678865638323 -0.29571380784152862 -1.341736819551391 231 231 231 0.10540528082180256 2 425 85 442 1 425
511 2.1049216024130115 -0.34492969605513396 3.9254362750470926 124 124 124 1.00752762724639 58 1179 59 796 62 979 55 984 53 875 54 1012 60 905
10784 1.3253480777755731 -0.39223243199437141 3.8754397096354909 123 123 123 0.1509629705288642 168 163 170 205 167 194 166 261 168 263 165 167
69 2.8232301627871199 -0.82285436081825691 3.3674669390292 7 44 42 0.99339760396151111 58 1448 63 721 64 561 59 918 62 1102 60 1128 57 1016 61 836 65 340 54 1244
3535 6.0096136523568857 0.070935958839797322 0.71464907605843242 6 20 42 0.5366072722375661 67 97 69 187 72 260 71 257 77 642 76 611 78 620 75 615 74 518 70 251 73 426 66 227 65 251 68 201
1178 2.6464739308603971 -0.85312531918270662 3.4689499484844242 70 77 86 0.80145299993540198 59 893 62 1077 63 724 64 565 60 1095 57 996 61 839
2425 -0.23319002789194423 -1.2952354372896933 5.7144893964319037 3 23 6 0.66666262433331824 53 502 55 613 51 450 52 436 49 340 47 229 48 229
68 2.821263133505421 -0.82229081599979981 3.3690682358146815 7 44 42 0.49552961465770284 58 1447 63 720 64 560 65 339
67 2.7085708814098086 -0.84509898293598706 3.4457913615309828 48 52 65 0.79537607567992952 58 1446 63 723 64 564 59 919 62 1076 60 1094 57 995 61 838 54 1243
6263 -2.4074100641884422 0.80452906399491741 6.4203799263250119 0 0 0 1.0268557667365172 44 226 48 299 45 220 42 211 185 216 46 173 47 310 182 211 180 198 46 261 179 175 177 185 186 154 39 169
16536 -2.5931971952048229 -3.1916353695236421 -0.38275680781598137 0 0 0 1.5711290904819684 15 145 24 39 13 140 14 215
2423 -0.077880812015769948 -1.3286261273536453 5.5642166469698369 26 29 30 0.29589947287302754 53 496 55 602 58 1016 50 332 51 452 52 434 49 346 47 234
66 2.762425400262011 -0.79226566581991653 3.4120993504669768 10 72 40 0.8038958135557458 58 1423 63 705 64 542 59 896 62 1039 60 1060 57 959 61 817 65 324 54 1216 54 1186
1175 2.3355044688398658 -1.4337696704631886 3.7375551359068373 68 76 86 0.8070339765083353 58 1411 59 915 62 1096 60 1090 57 989 55 1153 54 1210 206 563
1076 3.2214737265795206 0.73224510536020793 2.9677559728121898 142 142 142 1.1307438284426441 62 904 64 432 60 918 57 833 61 702
11349 3.9817133812234058 1.6510883424727869 -2.5620978791482334 130 130 130 0.33249477845734465 1 614 2 614 7 294 10 409 6 446 9 334 4 449 3 421 14 238 13 315 205 315 8 460 12 345 15 192 16 274 11 240 5 384
6163 4.94898691205709 -0.033702734435431758 -1.0903309857145329 0 0 0 0.81964561098206035 74 252 83 152 82 280
16436 -3.6727673541904706 2.5168029122144895 4.2388936041680134 236 236 236 0.60788681937900424 39 217 184 341 37 147
6262 -2.7942149680578865 1.1446708158170282 6.4823776527543764 0 0 0 1.4534222829398789 43 23 40 62 41 20 41 85 185 88 45 67 186 42 39 57 37 92
16535 -2.5934682727521015 -3.1917256552869655 -0.38276559236115398 231 231 231 0.82861751685423157 21 54 24 24
1274 2.259461461634205 -1.550896530345875 3.7987541880719675 119 119 120 0.74790672674483727 58 96 59 413 60 43 57 22
2422 -0.24516350835263087 -1.3219354322342338 5.7214474188886157 3 87 29 0.89840577485005391 53 495 55 605 58 760 50 330 52 430 49 253 48 155
7410 -2.7171533346063921 5.5244004547981573 4.4281902109861928 8 8 8 0.21180072152228832 173 417 174 317
17683 -2.5929721519891085 -3.1914287818413967 -0.38218215655114857 113 119 137 1.2920149540218175 6 625 5 649
65 2.7222281891987943 -0.59707710073974363 3.447605485378272 124 124 124 1.0972282128192556 58 1395 63 678 64 517 59 855 62 1046 60 1067 57 888 61 795 65 301 54 1193
1174 2.3273918638810307 -1.5922542556853441 3.7439004951526251 45 52 66 1.0280822219270263 58 1405 59 880 62 1069 60 1089 55 1144 206 552
64 2.7453829512310013 -0.81956228330582548 3.4257262159292123 124 124 124 0.71568404769064253 58 1392 63 703 64 539 59 851 62 1037 60 1059 57 958 54 1184
63 2.6993177390503025 -0.62383092010588581 3.4587786897823825 106 106 109 0.66575837461401277 58 1308 63 626 64 474 59 785 62 855 60 871 57 794 61 741 65 274
1172 3.2436726337487096 0.82923462730379249 2.9672928643345751 142 142 142 1.2194228674751684 64 527 60 1086 62 907 63 588 64 434 61 705 57 923
1073 3.4991882963305065 0.65259383281509931 2.7882768821274562 0 0 0 1.7530237601887861 62 895 64 418 57 981 64 519 63 565 61 679 60 915 65 243
11346 4.0392163842137965 1.5297847644027915 -2.7392420103529465 130 130 130 0.3368247427740938 1 557 2 557 7 268 14 223 13 238 10 395 16 222
2419 -0.27314231270893802 -1.3459903951263066 5.7516890587491867 3 92 31 0.51994405187134396 53 489 52 426 50 328 51 342 58 351
62 2.8537796936308952 -0.69718708420256148 3.3454634960168801 10 35 44 1.1897525229257844 58 1291 63 618 64 466 59 782 62 955 60 984 57 883 61 738 65 267 54 1113
61 2.8732381631647614 -0.85138511752490831 3.3317292563863856 33 44 60 0.91319477801048021 58 1283 63 617 64 463 59 705 62 839 60 854 57 777 61 734 65 266 54 1105
15322 3.19470860742351 -0.33073744792310622 -1.2520069597599797 0 0 0 1.1609857712394678 90 284 91 75
6257 -2.5294186651877726 0.084250019752614175 6.4570497486912179 0 0 0 0.61805613187677544 45 101 185 252 41 157
16530 -2.5932065204537 -3.1916444965621036 -0.38274980074308801 236 236 236 1.309934634525751 15 293 17 336 18 240 19 143 21 63 16 341 19 158 24 73 20 53 24 49 13 345
1269 3.2550671850596458 0.73660570606991294 2.9300518542585738 0 0 0 1.6016693371178141 64 522 57 919 62 902 64 477 61 698 60 813
6356 -3.5727197927983037 2.4363957891851182 4.1941770862514405 0 0 0 1.0513185781487491 185 379 184 379 183 331 182 316 39 227 37 155
60 2.6916931735846799 -0.57548978818094088 3.4662590987972539 100 103 106 0.9829038698854573 58 1173 63 554 64 408 59 718 62 859 60 877 57 800 61 663 65 278 54 999
29 2.8190178424412662 -0.74536514100445317 3.3708435173447833 39 44 58 0.95724773962819909 58 812 63 176 64 255 62 189 60 222 57 213 65 128 54 314
6225 -3.6791197025348867 -0.30920902145230333 7.3211851963290373 231 231 231 1.8699405236355975 43 241 42 344 178 315 179 363 185 371 184 389
28 2.7477151532735524 -0.7707124377175073 3.4234050156806966 121 121 121 0.73490631100978832 58 810 63 466 64 341 59 467 62 522 60 224 61 421 65 190 54 311
15289 -2.406856485315461 4.3246433541561355 2.1479223642342262 60 64 74 0.37994778038227262 105 73 107 53
3494 5.9461742683222427 0.048829013606216796 0.7371249625974049 124 124 124 0.63939120555104645 67 112 69 189 72 262 73 428 71 259 74 520 70 250 66 226 68 222 65 250
27 2.8265948226158564 -0.79554273801397823 3.365232828742585 123 123 123 0.77345266400614487 58 809 63 161 64 135 59 456 57 191 61 149 65 124
15288 -2.4284142370055086 4.3043873502702796 2.1409059616863502 60 64 74 0.007412831500591569 105 72 107 52
1136 2.0752936829109792 -0.19081059638389677 3.9537618838528714 124 124 124 1.1589555385756507 58 1318 62 985 60 1018 57 917 55 1077 53 995 61 804 54 1138
10840 1.2042238644209717 -0.59081478441575763 3.5112989236400365 90 91 95 0.11201626098498421 168 153 167 181 166 115 165 148 163 222
567 2.1853413586929977 -0.37810372086260452 3.8616059024469322 16 90 39 0.7656484751485354 58 1516 59 987 62 1166 60 1192 55 1231 53 1077 54 1306
26 2.8272937052514582 -0.80665745629996888 3.3659931277689061 10 25 45 0.93739486015313322 58 807 63 341 64 248 59 454 62 514 60 509 57 444 61 411 65 184 54 624
15287 -2.1715687021559571 4.6952816641046144 3.8468433589750375 231 231 231 0.19503251040153055 105 126 107 43
10839 1.1531695649465821 -0.60577225884222352 3.578549096901551 85 87 92 0.091109095690181052 168 152 167 180 166 111 165 32
566 2.1852405521916003 -0.3780411845629007 3.8621597717997367 16 90 39 0.84157787931413808 58 1517 59 986 62 1165 60 1191 57 1053 55 1232 53 1078 61 899 54 1307
15926 0.52961559117680201 5.9746126915788347 1.4463024762698478 8 8 8 0.25888808421527887 153 43 149 49
5653 4.4219703898003386 -0.064658129516723659 -1.646164428197225 0 0 0 1.8771256838848707 78 44 84 160 85 148 89 79 86 177 86 78 77 235 87 78 82 57 87 80
25 2.655063959662348 -0.84148286821066265 3.4021097504936937 110 116 123 2.2084630500066527 58 802 63 347 59 462
5112 4.931329627500852 0.0022078619588603667 -1.1410328622255812 80 85 98 2.7959176793594711 77 154 85 314
15286 -1.2428723201059428 4.9383572057508029 2.9877969950949348 231 231 231 0.1465795338694276 106 39 107 41
2922 -0.20918137898494885 -1.3040592590197109 5.6906915998701004 3 5 4 0.91584439775695081 52 182 58 357 47 80 48 56
10838 1.1531695649465821 -0.60577225884222352 3.578549096901551 85 87 92 0.091109095690181052 168 151 167 179 166 110 165 31
565 2.8927531174813996 -1.3951824219680269 3.3136172981926988 122 123 123 1.8774537925350032 63 777 59 979 62 1158 61 893 54 1302 60 1185 58 1511
15925 3.1114783476276116 3.7134755682973242 -1.8343474042197281 8 8 8 0.4749516437755702 155 89 152 44
5652 4.4484952523541086 -0.20936110143166409 -1.3378770782600975 0 0 0 0.75166360249208353 75 274 86 187
466 2.2788806685200114 -0.64293825138502492 3.7827203709487862 95 98 103 0.85521270236879032 58 1051 63 563 59 642 62 573 63 477 60 771 57 696 55 856 61 672 54 873
10739 -0.84321117642870702 3.6000997564308537 2.1819939640904438 59 62 72 0.69065973629506139 170 242 168 303 167 302
15826 -1.7068160960192573 7.6050276562005648 4.1665625436035754 8 8 8 0.077815388659519757 167 353 153 154
24 2.8717906162866473 -0.83443496088827096 3.3324777740142397 12 90 38 0.98695511678038272 58 795 63 339 64 244 59 451 62 168 60 194 57 168 61 408 65 120 54 276
15285 -4.005606506019701 4.7604630282307605 5.126111199834801 231 231 231 0.17280082204941977 108 158 106 205
23 2.848389614687151 -0.83618273553913502 3.3491680855771819 25 35 52 1.0284592192960387 58 794 63 456 64 328 59 619 62 506 59 452 60 504 57 169 58 421 61 409 65 180 54 275
15284 -3.1596912624934226 4.6295761544198557 4.6125294150572183 118 124 142 2.0409753483003907 106 141 107 34
10836 1.0977001105786335 -0.66177151707408777 3.4941333328666087 21 71 45 0.089494008134231598 168 247 167 173 166 237 165 139 163 212 164 153
563 2.1846654603606774 -0.46831924513402329 3.8430128068813016 124 124 124 0.68164618411284328 58 1507 59 976 62 1154 61 889
15923 4.0131265828299352 0.19085847462090594 2.9609993975196827 151 151 151 1.3093278813703486 160 211 164 413 153 157 150 275 159 157 155 258 154 269 152 155 149 365
5650 3.0359396084326113 -0.44948163240419559 -0.86402148743067198 59 62 72 0.41275800882884961 84 90 88 502
15824 -3.3026576532610026 4.6384780512312025 3.526637589259825 0 0 0 0.21590312449554666 163 444 170 104
22 2.827733840863492 -0.84017318455034173 3.3620062996711155 12 24 45 0.93301269848984703 58 792 63 340 64 245 59 453 62 507 64 329 60 505 57 433 61 410 65 181 54 619
5109 4.4004392317375496 -0.022568702895345794 -1.7079120683113187 41 41 41 0.73350483044508108 79 282 80 224 81 191 85 250 77 504 78 475 84 377 86 266 89 307 82 227 87 277
15283 -0.97884475114489011 1.256530266472389 1.7693652347823723 0 0 0 3.1090350941951539 119 120 123 138
1131 1.5953980171067401 -0.81384548567669257 4.3413419360955476 114 115 116 0.92379055421914269 58 1290 62 975 60 1008 57 904 55 1054 53 934 52 807 54 1116
6218 -2.3955812915008763 0.85118646442397028 6.4280479850747314 0 0 0 1.0513501347764225 42 278 44 232 49 516 46 263 47 436 48 344 45 222 42 251 185 256 185 285 183 215 182 213 40 189 40 216 178 246 180 200 179 181 179 264 177 191 176 397 184 221 41 183 43 184 47 466 183 281 184 293 51 643 175 319 166 232 168 133 163 530 168 221 169 361 39 148 39 184
16491 -2.5931559505535859 -3.1916332040636997 -0.38273136514566414 236 236 236 1.3799397862065288 24 56 23 28 20 58 22 11 19 146 14 327
10835 1.0977001105786335 -0.66177151707408777 3.4941333328666087 21 71 45 0.089494008134231598 168 246 167 172 166 236 165 138 163 211 164 152
562 2.2119055159647911 -0.77620798574896299 3.8493614033553962 124 124 124 0.83481738169877528 58 1504 59 975 55 1221 61 886 54 1296 206 921
5550 3.299693266882004 -0.4136587805881034 -1.1336517965221899 106 112 128 1.0665999013015395 84 453 86 585 87 558 89 632 88 592 82 464 83 472
15823 -3.3026576532610026 4.6384780512312025 3.526637589259825 0 0 0 0.21590312449554666 163 443 170 103
2378 -0.06716902777667208 -1.2104650518748714 5.5667261404195481 9 34 18 0.88753194551292347 53 199 55 626 58 381 50 192 51 381 52 199 49 284 47 188 48 168
7465 -0.54339088513767431 -0.99447490170789332 4.7913263620616853 7 8 8 0.38573352879211587 173 95 169 151 172 191 170 1 171 45
21 2.7072158329105158 -0.86761495519696941 3.4525103309046821 9 21 44 0.63496870655934579 58 788 63 342 64 333 59 455 62 513 60 199 57 435 61 413 54 616
15282 -3.8112573192078916 4.0936878225141546 5.2656472998932058 0 0 0 0.38546163674129985 108 173 106 220
6217 -2.3955812915008763 0.85118646442397028 6.4280479850747314 0 0 0 1.0513501347764227 47 467 42 279 43 185 44 233 49 517 46 264 47 437 48 345 45 223 42 252 185 255 185 286 184 294 183 214 183 282 182 214 40 188 40 215 41 184 178 245 180 201 179 182 179 265 177 192 176 398 175 320 169 362 51 644 168 222 184 220 168 132 163 531 166 231 39 147 39 183
16490 -2.5931558151744798 -3.1916338011623164 -0.38273159082715386 236 236 236 0.18239890578348383 14 326 19 145 11 333
6316 -2.6402949757959289 -0.36820915319777336 6.4036989885633986 81 86 99 0.75521678783952162 46 129 47 331 49 373 183 48 181 27 51 489 179 7 184 214
10834 1.0417632826373049 -0.71069740278556137 3.5267211247219175 37 72 54 0.038368658868256578 168 142 167 169 166 234
561 2.2580368254624581 -1.3802030668296692 3.8096043631536465 124 124 124 1.3299239251359669 58 1471 59 965 62 1118 60 1147 57 1028 206 836 54 1260
10735 -0.95953875924891596 3.9772299604442667 2.2100291616890408 59 62 72 1.1644144921785207 169 336 168 264 163 566 173 425
462 2.669234641866193 -0.87323051068469648 3.4798004234096469 124 124 124 0.63517529274538043 58 1027 63 460 59 625 62 515 60 507 57 437 61 561 54 614
15822 4.5188489640890435 0.53057437578509825 3.041622395963631 142 142 142 0.31896492165372209 155 131 162 36 153 108 152 104
5549 3.2010703598479435 -0.34542154603862785 -1.2656133051912695 59 62 72 1.3117756138917618 87 594 85 543 83 525 86 584 82 594 84 515
1129 1.6843276647806182 -0.7756031239025496 4.2704006543234341 124 124 124 0.69195554808728277 58 1294 62 1056 60 1006 57 906 55 1060 53 943 52 848 54 1124
6216 -2.17193820858094 0.82683685436982124 6.5426372906382797 136 136 136 0.58567906011889093 46 230 42 216 43 147 47 323 48 251 185 225 183 172 182 184 181 174 178 192 180 167 179 203 177 202 176 335 175 267
15821 4.5166002320534284 0.52875664599921346 3.0552152305679363 142 142 142 0.384084238837543 155 130 153 107 152 103
10833 1.4351856681805675 -0.30414321434179686 3.960257274521334 103 105 108 0.23282247632207054 168 107 167 120 166 147 165 57 163 313
560 2.3386944011403115 -1.3643630130211357 3.7444745245043767 124 124 124 0.99276492867975186 58 1473 59 962 62 1116 60 1145 57 1027 55 1200 54 1261 206 837
19 2.8605801797166119 -0.53892543106927671 3.3458444269507783 96 99 104 1.0062103082790059 58 523 63 202 64 173 65 79
6215 -2.1823642105725414 0.93411228113535871 6.5662816388098442 0 0 0 1.49891899229545 49 689 43 255 40 277
18 2.8151682846921759 -0.54808695230594506 3.3770719947158261 90 92 99 1.1394215829456382 58 522 63 210 64 179 60 274 65 84
1127 2.2623155101907404 -0.6729750217484205 3.8025409223124584 124 124 124 0.62295239339451014 58 1306 62 967 60 999 57 893 55 1069 61 798 54 1130
2374 -0.15920443295055189 -1.2572800662241028 5.6491128994086388 1 63 16 0.89230152140071373 53 518 58 367 50 448 51 365 52 191 47 178 47 238 48 160
17 2.6724733574533572 -0.64149518927453009 3.4791655449369476 15 26 47 0.65926357918342493 58 519 63 212 64 184 59 255 61 211 65 143
6213 -2.8428599341646557 -0.15067835132915028 6.8285306918476403 97 102 117 1.7237961289545656 42 319 41 223 43 231 185 358 186 289
1126 1.6850048606235537 -0.94053900956391967 4.2639125552788961 124 124 124 1.0168391332893107 58 1140 62 973 60 997 57 795 55 964 53 930 52 803 54 972 206 186
557 2.3097865396773392 -0.62897392223443493 3.7643445810570166 124 124 124 0.71627225389574023 58 1487 59 955 62 1132 60 1158 57 1036 63 766 55 1212 61 888 54 1278
15818 -0.6786842338442225 4.9702842138854972 3.1339560880272601 231 231 231 1.2961656335842575 161 209 163 90 153 69 164 283 152 241 151 304
2373 -0.15920443295055189 -1.2572800662241028 5.6491128994086388 1 63 16 0.89230152140071373 53 517 58 366 50 447 51 364 52 190 47 177 47 237 48 159
16 2.6798347402722298 -0.64177525972271476 3.4732262526721591 117 117 118 0.78095847480379077 58 517 63 209 64 182 59 250 65 87
13755 -4.088114984334676 3.8605902299386217 5.1252669204477508 0 0 0 0.73829407271302461 116 353 117 427 118 482 119 567 120 526 121 511 122 640 123 698 124 660 139 605 114 301 115 279 113 297 112 265 111 270 207 899
3482 5.7636133182635705 0.10548652472655951 0.9916312627840177 9 9 9 0.71119483638016412 63 308 66 157 68 134
3383 5.4856174558895585 -0.040411000882302386 1.0405618689684506 122 123 123 0.8043396757031881 61 371 75 213 75 375 70 172 67 28 69 111 71 71 65 165 72 52 76 270 77 314
13656 -3.7744402776827206 4.9375152156970241 4.7918653780437666 10 10 10 1.0391164100750734 119 425 122 473 117 293 118 341 120 393 116 250 114 204 115 178 112 189 111 194 110 120 106 175 107 159 207 109
1125 1.6460592652026973 -0.98012729917194019 4.2987469501520739 124 124 124 0.3034987297493098 58 1134 62 971 60 994 57 790 53 925 52 799
10829 -1.389698624923728 4.5174099064494211 1.709056721598035 231 231 231 0.42699204404529717 168 39 167 99 166 123 165 388 163 250 164 267
556 2.3098223021997257 -0.62895766371588846 3.7647568941374976 124 124 124 0.74935437218462941 58 1486 59 954 62 1131 60 1157 57 1035 55 1211 61 887 54 1277
457 2.729539287371324 -1.1640084766061061 3.4345595801806756 92 95 100 1.1559074012859396 58 997 64 393 59 607 62 699 60 708 57 418 61 552 54 817
10730 -3.4043744711657444 4.8269227603324429 3.6354010893896258 8 8 8 0.9105150945939321 170 177 163 446 165 136 168 235
15817 -0.12468491509473731 3.2534553660700904 3.1364679899566337 59 62 72 0.26668625230002335 155 136 157 101 153 67 154 147 152 74
2372 -0.23645443752039269 -1.2613692020379537 5.7227437108001347 69 72 74 0.36819844237650379 53 179 50 343 51 357 52 188 49 265 47 172 58 365
15 2.6374316393790789 -0.72124531731534625 3.5046255456262436 22 36 50 0.57180422873631065 58 485 63 198 64 270 59 236 60 247 61 191
1124 1.6460592652026973 -0.98012729917194019 4.2987469501520739 124 124 124 0.3034987297493098 58 1135 62 970 60 993 57 789 53 926 52 800
5543 3.2780334911933404 -0.4115785588968518 -1.1298593450676364 59 62 72 1.0928311034945315 84 457 89 593 88 520
15816 -0.81590637864556748 4.0688331537406217 2.307377940792116 59 62 72 0.65171113363911892 156 118 153 59 152 64 151 69
10828 1.2174308394764184 -0.57190006180647612 3.5690236637029997 102 104 107 0.14084509899045108 168 87 167 96 166 119
555 2.6745004003461159 -0.73682383385979289 3.4744969463075388 11 76 39 0.56449733552536263 58 1483 64 603 59 950 61 860
2371 -0.22692028534907072 -1.2765872080681089 5.7108352571050016 78 81 82 0.50746171803296347 53 171 55 297 58 359 50 178 51 209 52 184 49 131 47 82 48 108
14 2.8518626500275728 -0.72265771784309174 3.3468298631429834 120 120 121 1.2445824658197742 58 473 63 179 64 256 59 208 62 190 60 225 61 166 65 129 54 637
15275 -2.4652622065745846 4.3592973492468436 3.1595101250752728 165 165 165 0.32919974276804109 105 179 106 188
5731 4.5441511469513314 -0.19463662664485859 -1.3604549409571063 231 231 231 1.2976631562840037 77 228 78 216 85 153 76 232 84 169 86 185 87 196
15905 0.35016627319111815 0.14072387361810049 6.2342892343736924 105 105 105 1.6553244153279432 154 256 157 192 161 284 150 351 149 383 151 329 147 480 148 475 146 407
5632 3.2870672970435684 -0.4086972649255366 -1.1252335698702867 59 62 72 0.44917744546825761 86 586 87 561 89 594 88 564
15806 4.349185987782219 1.0139935780954776 4.6692255490823511 87 81 77 1.1213578296291964 156 270 155 287 153 332 154 301 151 399
10818 1.0021665148797245 -0.71465164420652449 3.4956917058808652 25 72 47 0.10763896432019948 168 140 167 78 166 97
545 2.4048399204926243 -1.5262432228642737 3.683140256137861 124 124 124 1.212230392738783 58 1331 59 881 62 1070 60 1026 57 927 55 1097 54 1149 206 555
2361 -0.28557089622929099 -1.3573848599312526 5.7640525047278866 3 95 33 0.55731143497921454 53 139 55 596 58 348 51 338 52 170
4 2.8659935958948619 -0.84615858898623852 3.3348147332025189 17 30 47 0.58021063269855677 58 416 63 154 59 189 65 58
1113 1.8197029942484741 -1.3985960485632716 4.1495448197883098 108 109 111 0.64140143486871404 58 1241 62 1033 60 978 57 874 55 1037 53 914
6200 -3.1302279524694363 0.59772915689820161 6.1251599601099693 0 0 0 1.4971035256394376 45 206 46 150 46 96 185 147 41 70 43 132 184 134
447 2.9462803203789178 -1.4195482637152534 3.2998104197969145 8 23 44 1.2296611122532966 59 573 62 432 61 522 54 762
10720 -1.6325268965249811 -1.1357956050707734 7.1236054449547979 9 9 9 1.047280778364174 171 99 168 126 177 172 167 65 169 164 166 71
15807 4.489983595375187 -0.45787339433291652 1.4285723450612142 57 57 57 1.3473960344935658 158 240 162 228 155 300 151 407
10819 1.0306217812573515 -0.70585259530942557 3.4873039371012169 121 121 121 0.15222226063783323 168 141 167 81 166 99 165 137 163 10
546 2.2223148641585762 -1.3257337508599341 3.8313506772995756 49 53 64 0.152617511229486 58 1366 59 888
5 2.6850646945260861 -0.84232175552204724 3.4691449172335638 8 21 44 0.60094807906908032 58 428 63 348 64 254 59 463 62 187 60 208 57 190 61 163 54 289
15266 -3.8147263659591752 4.4575721045976824 5.1403823674098765 228 228 228 0.25838639379893663 105 132 106 143 107 102
10820 1.0837124936270628 -0.62298029897970786 3.6193386999223311 121 122 122 0.11871495724361399 168 78 167 87 166 15 165 24
547 2.2223148641585762 -1.3257337508599341 3.8313506772995756 49 53 64 0.152617511229486 58 1367 59 889
15907 -3.8618793658543007 2.655472340588958 6.3767306286484713 67 70 81 1.8937794702764437 119 267 142 144 125 217 127 393 128 276 129 304 137 82 143 338 145 202 129 29 136 93
5634 3.2311630097876409 -0.25371019867570976 -1.1032194291297333 130 130 130 0.3392465028181571 84 529 85 557 86 600 88 573 82 608 90 561 92 521
10721 -3.3417324840423404 4.7254301854295502 3.5689430758309593 8 8 8 0.69886942426067622 171 104 170 106 163 203 165 132 168 137
448 2.7523489649332884 -1.4361027739803409 3.19842232501381 12 90 38 1.0385021225900162 64 40 59 575 62 9 61 524 62 666
15808 -0.43820392102292832 0.030779330173642729 6.6410703111148059 0 0 0 1.5499382060121234 159 215 160 263 155 308 161 341 154 334
5535 3.2178359735354354 -0.20058121942891077 -1.1084948371792391 59 62 72 0.95292165491326897 86 338 89 470 85 311 88 393 94 329
6 2.6952496979079257 -0.84100828496517821 3.4610906900185285 122 122 122 0.72644552104281779 58 432 63 171 64 253 59 205 62 185 60 205 61 159 54 290
11388 4.5335222673758535 -0.1181981660315978 -1.4215391129615462 0 0 0 1.1321868003086024 76 542 82 479
1115 1.7148276016416122 -1.4186312669106393 4.2374612915416412 63 66 74 0.73452653553059843 58 1236 60 980 57 876 55 1030 53 908 52 794
6202 -2.350417358258535 0.76181791081536643 6.3323602105927144 0 0 0 1.1490575459858199 179 177 177 187 46 111
5635 3.2343797192875554 -0.24750968078469884 -1.0876919042873801 130 130 130 0.10172669809577979 84 536 85 559 86 607 88 577 91 523
449 2.3696469291780722 -1.57870397469141 3.7100786158729053 112 118 124 1.5957894606503902 58 937 59 587 62 669 60 671 57 582 55 769 54 750 54 453
10722 -1.356600859533263 4.2416026543612304 1.7079191133696154 231 231 231 0.50601459913751046 170 111 168 155 167 183 164 259
5536 3.1235401563687342 -0.16054582345596052 -1.3009920038833784 231 231 231 0.66056402522755342 85 418 89 533 83 243 88 304 82 264 87 327
15809 4.0543198761207719 1.1565363779087212 4.3667916730118757 130 130 130 1.4447894296464883 161 276 165 643 161 247 160 144 159 120 157 165 162 164 158 127 156 196 155 242 160 215 153 253 154 237 152 299 153 293 151 282 163 684 165 540
7 2.7745209646991795 -0.80740385355175492 3.40158438473008 117 118 119 0.72950129600050051 58 446 63 344 64 250 59 200 57 199 61 155 65 125 54 302
5094 4.438909144115593 -0.27385227532840717 -1.5225821030182016 0 0 0 0.43792775868349815 78 91 85 56
1116 2.7700755326829145 -0.82362682424372879 3.4055421156687036 110 111 113 0.52252395370194304 59 780 62 953 60 981 57 879 61 735
6203 -2.3857745990955062 0.76491893072866857 6.4238548912192766 0 0 0 0.5026044955970097 179 178 177 188 41 163 45 216 51 641 43 136 185 219 186 157
2365 -0.089034480647390057 -1.3252503919991683 5.5736604957025531 54 67 65 0.38123798179293494 53 150 55 288 58 353 50 173 51 208 52 178 49 132 47 173 48 111
7452 -1.6997439787394157 1.5530905847252239 5.4946875911497601 0 0 0 0.026777124531013712 177 220 178 205
8 2.8567864425655318 -0.79337485579929823 3.3437719792454144 118 118 119 1.1083338712245845 58 450 63 158 64 131 59 193 60 201 57 188 61 146 65 123 54 303
3474 5.8558686184256192 0.07479972983873226 0.85461284940264159 117 121 117 0.55864428709311231 64 17 65 36 67 6 69 84 68 5 66 26 71 68
1117 2.7700755326829145 -0.82362682424372879 3.4055421156687036 110 111 113 0.52252395370194304 59 781 62 954 60 982 57 880 61 736
6204 5.8683773781145891 0.28525031547195762 -0.055870350788299397 0 0 0 0.65960614819568408 1 296 2 296 73 312 77 461 76 444 78 430 79 395 80 368 75 505
16477 -2.5923701458537165 -3.1908265844307042 -0.38325208108019188 231 231 231 0.59440813181261798 13 215 15 63 19 86 7 155 11 70 14 39 16 99 17 65 18 111
1216 2.4188611250807539 -1.2119429621198936 3.6784475145360691 124 124 124 0.48637062048620133 58 1500 62 1144 60 1169 59 966 57 1043 55 1219 61 875 54 1294
9 2.7694660631426182 -0.78232180148403474 3.405624219535059 117 118 119 0.5877213096981565 58 455 63 175 59 206 60 218 57 205 61 164 65 63
3475 5.2697887984633125 -0.365334849441183 1.3537703331137894 2 2 2 0.32613443175224793 61 360 63 53 64 15
13649 -4.954087180848326 4.0102716899814768 4.8865631857276908 231 231 231 0.84797137194403494 118 187 119 222 120 217 122 379 115 130 116 149 207 46
1118 4.2402117805094912 -0.092367147362471175 2.0407575547835171 29 30 30 1.1257888591666003 63 616 59 699 64 462 65 265 61 644 66 208 68 215 67 110
6205 5.8683773781145749 0.28525031547195218 -0.055870350788302291 0 0 0 0.65960614819591301 1 297 2 297 73 313 77 462 75 506 76 445 78 431 79 396 80 369
11292 -0.54010263735222774 4.5175203746521859 3.0693569086883739 119 125 144 1.204696919010708 167 351 168 316 169 421 171 284 172 520 166 283 170 219 170 283 163 487 165 66 167 139 161 98 164 388 158 47 157 65 156 123 153 149 156 152 150 82 152 12 149 88 151 14 168 342
2367 -0.29623906737044714 -1.2971983084726124 5.7742577593055824 4 4 5 0.97165194378247122 53 500 50 172 52 180 49 254 47 73 48 152 58 358
10 2.6234290475236759 -0.75169084954220644 3.5153286507976191 15 30 46 0.53455058758523244 58 463 63 367 64 267 59 483 62 222 60 243 57 230 61 186 54 332
3476 5.1874899366015894 -0.037997191521397501 1.3167690491764743 119 120 121 0.66969266456535315 61 37 64 30 71 81 66 133
3377 3.0036140172473909 -1.1224805732810887 3.2696992368719573 123 123 123 0.93320450629746732 59 91 64 99 65 53
13650 -4.9584200024085829 4.0131961347959733 4.8893385699786984 231 231 231 0.80624823246927058 122 380 120 218 118 188 119 223 115 131 123 266 207 47
1119 2.7235575728722048 -0.59418111854061195 3.5087016810249847 124 124 124 0.48828880360832017 63 679 64 518 61 796 57 889 59 856 60 987 65 302
16479 -2.5923774074332568 -3.1908208401627816 -0.38325629155731217 97 102 117 0.46348419324218121 15 65 19 107 13 88 14 40 16 186 18 112 17 227
6206 -2.2447806482269508 0.058110624236678343 6.7548482066688234 62 66 76 1.234450977409016 48 224 49 502 183 209 43 167
16380 -2.5931815656449646 -3.1916272089342801 -0.38276009239998848 0 0 0 0.47862014678825998 17 233 18 184 21 33 24 25
552 2.4119321137633669 -1.5566949045051208 3.6751874135972482 124 124 124 0.55647705547355431 58 1429 59 935
11 2.6622757971312083 -0.74572063059412241 3.5153475762439883 16 33 48 0.60554447025194247 58 466 64 165 63 192 62 221 60 239 57 226 61 182 54 330
1120 1.689008377816356 -0.97755291154493384 4.2567257078644563 124 124 124 1.1388876434354083 58 1136 57 884 55 957 53 927 52 801 54 968 60 988 206 180
553 2.3886286164526247 -1.463779602327576 3.6979347150320061 124 124 124 0.69965653391159965 58 1468 59 942 62 1114 55 1199 206 716
15913 -2.4961714374542727 5.269607053789386 4.2430423476103032 0 0 0 0.43042514439698515 172 592 173 574
5640 3.2165215362006307 -0.2189936757212147 -1.0997517574182969 130 130 130 1.0432075100927176 84 576 86 643 88 604
12 2.6269838520329944 -0.74080547419945408 3.5128301465224583 12 90 38 0.517108134709929 58 471 63 196 59 232 62 226 61 189
15914 -0.49779481171416234 4.3449289887873963 2.8344421399185018 0 0 0 1.7275354542980599 169 470 173 554 174 414
5641 3.1473157425625602 -0.3066355990293716 -1.3530867328565477 59 62 72 0.60292547506898653 89 684 88 613 87 623 91 586 94 550
15815 -1.2625463474507224 1.7974213392635567 8.0233573445582405 0 0 0 0.45308703105569448 163 70 173 54 175 67 179 17 153 12 150 10 149 7 146 24
10827 1.2174308394764184 -0.57190006180647612 3.5690236637029997 102 104 107 0.14084509899045108 168 86 167 95 166 118
554 2.8651218431870529 -0.82311814934819605 3.3376852933659822 10 71 40 0.83595608930169463 58 1479 63 742 64 577 59 947 62 1125 60 1126 61 857 65 352 54 1268
2370 -0.083897683752834767 -1.3002201511909788 5.5742829992647041 66 74 75 0.44861301627159367 53 506 55 609 58 762 50 340 51 212 52 183 49 266 47 176 48 114
13 2.7945076508369002 -0.72672116452043545 3.389082439194318 22 33 49 1.0410093812646626 58 472 63 182 64 151 59 211 61 170 65 70 54 329
15274 2.9268507178153556 -0.064132794606811941 -1.0186209064226546 0 0 0 0.62944102700406979 82 508 86 578 84 443 84 510
30 2.789007020923898 -0.73536161332902816 3.3920537789494896 124 124 124 0.75693159668831556 58 813 63 355 64 261 62 196 61 423 65 133 54 632
31 2.8077757479218577 -0.73367284599415195 3.3792086862687065 124 124 124 0.91885553330120828 58 814 63 465 64 340 59 468 62 526 60 518 57 450 61 422 65 189 54 633
15292 -2.9149584460072435 5.0858835430648375 3.9636360153576611 231 231 231 0.27631557558647074 105 106 107 72
32 2.6413734906482391 -0.73796130986821895 3.5012815739572001 12 90 38 0.60383884212850703 58 816 63 369 64 269 59 485 62 542 60 245 57 234 61 441 54 644
33 2.843488570492438 -0.72003541119815606 3.3539233379456257 12 24 45 1.146783725418111 58 818 63 352 64 259 59 466 62 523 60 517 57 451 61 420 65 187 54 639
15294 -1.8671109409617763 4.5132206270261115 3.210995349373587 165 165 165 0.16137172914414954 105 96 107 76
1142 2.3677425448595733 -1.5166180269057743 3.714274425497798 72 78 88 1.5579373422755989 58 1335 60 1027 57 929 55 1100 54 1152
34 2.6191672174757445 -0.72741991818800833 3.5187329273819166 13 35 45 0.64614949628275198 58 823 63 370 64 353 59 492 62 545 60 537 58 824 57 469 61 442 61 443 54 646
35 2.7902690933947225 -0.69690261984516877 3.3920331559979675 124 124 124 0.93337220724197678 58 827 63 362 64 347 59 474 62 534 60 534 57 462 61 431 65 197 54 647
1144 2.23429637731964 -1.560606797329986 3.8167626435023325 124 124 124 1.5138985339374189 58 1407 62 1006 60 1029 57 928 55 1148 54 1148
36 2.8280252151747844 -0.69005732868071856 3.3652795337210772 26 39 51 1.1799861059965555 58 828 63 361 64 262 59 215 60 235 57 223 61 429 65 134 54 339
15297 -1.9684284955816054 4.482642876066059 3.306536851464136 0 0 0 0.068578243752728252 105 103 107 82
1145 2.2654754488767872 -1.5351720546881524 3.7911707159247428 67 75 85 1.2731736949863297 58 1334 59 883 60 1030 57 933 55 1150 54 1151
6232 -3.0949706121618519 0.79369482751256504 6.0394561931175854 103 109 125 0.60111925911581765 44 14 45 102 40 164 41 75 185 50 186 109 39 131 37 90 187 137 188 160
2394 -0.38520705722182352 -1.6936375473359935 5.8310796373822189 0 1 1 0.50458395864624606 50 243 47 37 52 343
7481 -0.42468983004837529 -0.92913996305847979 4.8614990101484814 55 63 63 0.4139126859787477 173 369 169 221 172 388 170 53 171 55 168 6
37 2.804048286446811 -0.68437978315235504 3.3834619625381999 123 123 123 1.0849973802449804 58 831 63 187 64 160 59 219 62 535 60 535 57 235 61 174 65 136
15298 -1.9603089130372031 4.2576566430568983 3.3575812843822304 165 165 165 0.02855431352856308 120 363 107 83
3503 3.5668061719247217 -0.25944105252482408 2.3939388104032431 9 11 14 0.85831914577656432 65 295 66 251 68 230
13677 -1.9601435155199465 4.488969145172323 3.1265664100478752 166 166 166 0.8577405995952937 117 363 118 408 207 440 115 231 112 200 110 127 109 154 105 164
2395 0.13510112179795825 -1.709430773292449 5.3107311228798384 12 22 15 1.3987032786714515 52 348 51 284 53 412 50 270
7482 -0.44829030029428568 -0.89227451028332028 4.953554114023194 81 83 84 0.19515484708886946 173 370 172 391 169 275 170 99 171 154 168 125 167 148
38 2.6756438208660374 -0.61929521506772911 3.4769002970395331 123 123 123 0.60661505688295536 58 847 63 476 64 356 59 500 62 554 60 548 57 477 61 449 65 200 54 654
39 2.7219096372222507 -0.61116285456428776 3.4434428222451672 121 121 122 0.84458729979689129 58 848 63 474 64 355 59 495 62 551 60 546 57 476 61 448 65 199 54 655
1148 2.2374248241666836 -1.4592797600163669 3.8131102131273198 124 124 124 0.93090743537315157 58 1350 59 839 62 1019 60 1037 54 1157 206 131
2397 0.13060367167605852 -1.675522700416219 5.3214803765164511 6 10 9 0.53887661348697369 53 419 52 357 50 281 51 296 49 212
40 2.910041406621263 -1.1299844020941572 3.3013870960646954 97 100 104 1.2451121171968791 58 1008 63 447 64 322 59 600 62 686 60 695 57 614 61 541 65 227 54 827
15301 -3.9006079938927627 4.238752998681921 5.0657712788056894 0 0 0 0.1073692028880161 105 130 107 100
1149 2.314562199230668 -1.3065538441195701 3.7566526363451107 47 51 63 0.25613811456641639 58 1368 60 1045 57 944
2398 0.57851379249162382 -1.6833280919882208 4.8657046742336671 60 63 64 0.63861911282413408 53 417 55 516 52 360 51 319
41 2.9303328529438311 -1.1257651695588742 3.2875649766506689 91 94 100 1.2641737279942631 58 1010 63 444 64 319 59 595 62 683 60 692 57 611 61 538 65 177 54 828
1150 2.314562199230668 -1.3065538441195701 3.7566526363451107 47 51 63 0.25613811456641639 58 1369 60 1046 57 945
2399 0.017919619005387768 -1.6224906398171917 5.4358749072835577 21 22 23 0.93501137890770047 55 557 58 721 52 362 49 219 47 147
42 2.9303328529438311 -1.1257651695588742 3.2875649766506689 91 94 100 1.2641737279942631 58 1011 63 445 64 320 59 596 62 684 60 693 57 612 61 539 65 178 54 829
1151 2.1300471534041825 -1.3441658369360137 3.8977376029962789 42 47 60 0.9390010975501385 58 1362 60 1047 55 1116 53 981 54 1165
2400 0.43000865968074847 -1.6558924354131888 5.0192185300947347 11 12 14 0.42925288970847081 53 423 55 531 52 363 50 294 51 317 49 233
43 2.8326808936867196 -0.82257390564252708 3.3592068599150888 12 90 38 0.8178060719688347 58 1030 63 457 64 330 59 622 62 509 60 506 57 436 61 560 65 182 54 843
13782 -1.5650588803306387 4.5910578798389627 3.2951791082191377 59 62 72 1.7719983879458481 117 450 114 322 110 174 109 190 105 175 207 1015
3509 5.8143459075777679 0.07689189930414593 0.87614428238363729 9 27 42 0.9048518715670123 69 227 72 334 73 518 71 321 77 718 76 691 75 740 74 612 70 288 66 283 67 150 68 260 65 329 64 548
1152 2.1300471534041825 -1.3441658369360137 3.8977376029962789 42 47 60 0.9390010975501385 58 1363 60 1048 55 1117 53 982 54 1166
2401 0.63209928855079434 -1.6263627199395989 4.8520012716596836 1 1 2 0.59613498429237122 53 94 52 374 50 313
44 2.7708703932660517 -0.77623802429667044 3.4066584089512144 124 124 124 0.74704730682998177 58 1031 63 462 64 337 59 627 62 722 60 516 60 748 57 668 61 563 65 185 54 846
13783 -2.1161515278837841 0.50053272328006493 6.5591270670793227 0 0 0 1.0870213726161768 168 430 169 516 172 629 165 673 166 542 167 462 170 364 171 375 173 611 174 474
3510 4.7269073368262147 -0.23428699826518345 1.446374044865782 57 57 57 1.090724753287216 61 826 64 529 67 187 66 287
13684 -2.2000794843462126 0.77448278260049841 6.539329851028362 0 0 0 1.3955849793051984 131 275 137 265 141 381 142 342 144 373 123 446 124 398 127 478 128 355 129 368 130 225 138 280 140 377 126 281 141 273 123 587 139 478 141 450 142 436 144 465 138 386 129 73 131 102 132 107 139 262 134 204 143 439 143 343 135 230 135 338 136 244
3411 5.5068215225710917 0.013348118619938718 1.0798845593215258 20 31 49 1.3700915937066394 61 849 63 734 65 345 66 303 67 174 76 724 74 667 70 322
2402 -0.087482753834749752 -1.5391207326839653 5.5523951058097083 12 88 37 0.71030136709684788 53 473 52 378 50 300 51 313 49 226 47 222
45 2.6956206023794107 -0.74670567705812929 3.4611800872432417 112 118 124 0.59513421631362318 58 1034 63 469 64 403 59 633 62 727 60 752 57 674 61 568 54 852
15306 -2.0871464160468607 4.4521231681580851 2.7940002692865695 165 165 165 0.50100490727878444 105 177 111 218 107 135
3511 4.1941074299866301 -0.11999121107157945 2.0421530263404666 29 30 30 0.61271443243011625 65 337 66 292 68 269 67 181
1154 1.6597428428409269 -1.4270715527565261 4.2753240881555907 41 46 61 0.89656683134985682 58 1233 60 1051 57 952 55 1025
46 2.8053881923563204 -0.69671044825308559 3.3824197037011863 13 36 45 1.0595020438976028 58 1037 63 468 64 346 59 632 62 726 60 754 57 675 61 567 65 196 54 853
15307 -2.4794997206795899 4.3642233778475115 3.155842987175737 165 165 165 1.4848282685127439 110 145 120 444 107 137
1155 1.6597428428409269 -1.4270715527565261 4.2753240881555907 41 46 61 0.89656683134985682 58 1234 60 1052 57 953 55 1026
16416 -2.5931183011135328 -3.1915506781215495 -0.38281016236173127 235 235 235 0.84135093651901283 13 490 16 446 19 202 18 331 17 452
2404 -0.12218708535475183 -1.535663683026379 5.5856036834846705 11 31 17 0.97077624510272875 55 791 58 973 52 382 50 299 51 310 49 322 47 221
7491 -0.44518944434891189 -0.9228717099060697 4.8735872364198078 50 58 58 0.41201210793632503 173 473 169 389 172 488 170 230 171 223
47 2.6272739637632925 -0.58396240242263975 3.5143471889715419 105 107 110 0.65160015070862898 58 1053 63 557 64 414 62 730 60 766 57 691 54 877
15308 -4.1334898728818574 4.6341353035148378 5.0269665454556263 231 231 231 1.3262839112943794 106 177 109 130 107 143 105 154 207 85 108 99
10862 1.6996426163622749 -0.36749735363563407 3.4320565191446204 110 117 123 0.071560235999621205 167 121 166 49 165 55
589 3.1939229201904209 -0.45649815168155689 2.5465872280843724 9 11 14 2.2228452081462198 63 540 66 212 68 191 64 397 65 231
490 2.2273972409867926 -1.2581310963296735 3.8234662993778556 93 96 101 0.43041024909390085 58 1115 59 704 62 834 60 724 57 634 55 934 54 810
10763 1.3652890106988524 -0.34235912540018687 3.9289204003552398 122 122 122 0.32763339042585155 170 79 168 104 167 116 166 142 165 174 163 292
7492 -0.40273492219670026 -0.89705880232777746 4.8867217097812556 9 10 11 0.15766676054327927 173 474 169 359 172 491 170 161 171 155 168 212 167 147
17765 -2.5932099911710509 -3.1916288125123096 -0.38276788200977457 0 0 0 1.2379206108866783 6 782 7 605 10 732 11 505 12 646 5 913
48 2.6272739637632925 -0.58396240242263975 3.5143471889715419 105 107 110 0.65160015070862898 58 1054 63 558 64 415 62 731 60 767 57 692 54 878
49 2.9470494346070009 -1.1229524320693374 3.2754317292413067 118 119 120 1.3349195078533254 58 1122 63 527 64 386 59 689 62 818 60 834 57 749 61 635 65 223 54 958
13788 -3.2671655752911564 4.92057545430439 4.6507392264727425 96 101 116 1.485218899909041 118 526 119 613 122 700 207 1050 116 393
3515 4.2730647274545541 -0.11859098596465903 1.9283056540492165 29 30 30 0.80115618078977835 59 945 63 740 64 574 65 351 61 854 63 758 65 362
1158 1.6470054748478673 -1.4015596331062623 4.2988006348572139 124 124 124 0.79583550617920917 58 1243 60 1057 57 957 53 978 52 840
492 2.2393155752214748 -0.70289318980838589 3.817639063274322 42 47 60 0.88131276755673771 58 1164 59 727 60 885 55 977 61 670 54 855
10765 1.280354958546396 -0.41132886106526839 3.8414812498866264 124 124 124 0.3584952801680435 170 113 168 161 167 189 166 133 165 162 163 268 164 30 164 181 161 11
10864 1.8712097680929525 -0.27168989709302771 3.4691549890231879 120 120 120 0.039186738746219953 167 49 166 63 165 60
591 3.0817457442956795 0.53958482885595205 2.8923614524136574 0 0 0 1.3244365083028304 63 573 59 738 64 422 61 687
50 2.7581275244151775 -0.77482908322815514 3.4148469104959824 15 69 42 0.6708985989818167 58 1144 63 543 64 401 59 630 62 723 60 749 57 669 61 565 61 652 65 236 54 847
51 2.7581275244151775 -0.77482908322815514 3.4148469104959824 15 69 42 0.6708985989818167 58 1145 63 544 64 402 59 629 62 724 60 750 57 670 61 564 61 653 65 237 54 848
1160 2.760903834381379 -0.79147679343039845 3.4119952413099539 10 70 40 0.58840101033654746 58 1424 59 895 62 1038 63 704 64 541 60 1061 57 960 61 816 65 323
52 2.7833099901262539 -0.71365917455113081 3.3974894167295502 6 26 43 0.83876078985538527 58 1149 63 619 64 467 59 708 62 851 60 863 57 784 61 654 65 268 65 269 54 978
53 2.5596025183820532 -0.59729525438124542 3.5642346841249783 112 113 115 0.72591935052083301 58 1166 63 561 59 723 62 864 60 881 57 809 55 979 61 668 54 996
5140 4.4527573570609258 -0.22276866348474819 -1.3226899925405589 52 52 52 0.62745218376257039 75 270 84 166 86 276 85 258
15314 -1.6094302027107066 4.6671234530644572 2.8302954423678308 231 231 231 1.6268430815782522 105 211 107 186
13693 -2.5750611796479959 4.2690173429005043 2.0406134201769999 113 119 137 1.5557422273351345 116 208 115 44 207 524
1162 1.7524925800277342 -1.053331955715908 4.2054033882798878 12 90 38 0.92230183617371209 58 1384 60 1064 57 961 55 1123 53 1013 52 867 54 1182 206 591
6249 -3.166873280859988 0.50855751587995857 5.9612026266129989 120 126 144 0.48372208066596961 44 152 185 209 184 121
54 2.5596025183820532 -0.59729525438124542 3.5642346841249783 112 113 115 0.72591935052083301 58 1167 63 562 59 724 62 865 60 882 57 810 55 980 61 669 54 997
1163 1.6782358521449459 -1.0099420484154757 4.2672016923539076 11 88 38 1.032075680032821 58 1386 62 1082 60 1069 57 965 55 1124 53 983 52 869 54 1183 206 594
55 2.6152770795831506 -0.58708207559553183 3.5240231328123484 93 95 101 0.77859202734513422 58 1168 63 559 64 416 59 721 62 862 61 666
56 2.6152770795831506 -0.58708207559553183 3.5240231328123484 93 95 101 0.77859202734513422 58 1169 63 560 64 417 59 722 62 863 61 667
57 2.6753625502512088 -0.57731463504380576 3.4791429098394189 106 107 110 0.86968159797512301 58 1170 63 555 64 409 59 719 62 860 60 878 57 803 61 664 65 279 54 1000
15318 -1.5645512067794742 4.5897660080291827 3.3188015265103812 59 62 72 1.678745929083322 114 150 109 88 108 82 106 98 107 124 116 309 117 365 114 281 109 145 207 744
58 2.6753625502512088 -0.57731463504380576 3.4791429098394189 106 107 110 0.86968159797512301 58 1171 63 556 64 410 59 720 62 861 60 879 57 804 61 665 65 280 54 1001
59 2.6916931735846799 -0.57548978818094088 3.4662590987972539 100 103 106 0.9829038698854573 58 1172 63 553 64 407 59 717 62 858 60 876 57 799 61 662 65 277 54 998
15320 3.0122996442501129 -0.60015703819358146 -0.87233018521239813 0 0 0 0.19623761136478099 90 36 94 17
128 2.6672965216066347 -0.85708625483972245 3.4817195503951441 8 20 44 0.47891663528609318 58 419 63 173 64 140 59 204 62 184 60 203 57 186 61 160
15389 -5.5201930678165558 3.8282432914543776 9.9606624475017149 108 106 106 1.1297795109469637 164 488 165 663 166 544 167 464 170 356 171 378 161 313 160 244 159 193 157 206 162 218 158 206 156 257 155 265 153 299 154 288 152 302 151 347 163 718 150 385 168 423 149 380
3594 4.4203829857958503 -1.4955610362121945 1.3209668562322239 140 140 140 1.3172941972598289 68 275 67 164 69 238 73 575 71 351
13768 -2.0079271787356019 4.4778188790148858 2.9772137981411277 0 0 0 1.353438055122165 117 442 118 508 115 271 118 467 113 273 112 242 112 255 110 184 109 166 109 175 105 206 108 153 107 172 207 927
1138 3.4185464461013497 0.9163353924925759 2.8918276181309404 0 0 0 1.6134259764270555 63 685 60 1020 64 546 64 433
11411 5.6008405324033026 1.3845031193623045 -1.7493323703749168 231 231 231 1.9117871440608691 1 711 2 711 6 714 9 783 8 942 4 940
674 2.2588607769191458 -1.5487259301475969 3.7966989185597648 119 120 120 1.290512301688812 58 97 60 44 57 23 62 452 55 141 54 44
10848 1.3601075378525489 -0.39519119208134945 3.77305064797592 12 89 38 0.26720492036109988 168 332 167 371 166 427 165 560 163 623 164 372 161 197 160 115
133 2.7577918325696795 -0.75781499235335836 3.4167867910962211 122 122 123 0.96383087523468536 58 461 64 149 60 226 61 169 54 313
5220 2.8851440114136921 -0.10034146515527853 -1.1687365849456566 231 231 231 0.42629018075714181 85 348 86 370 83 86
3599 4.4702666637782817 -1.4312187078752518 1.2928400173815517 0 0 0 0.42137953946594298 67 183 73 592 71 363 70 325 68 294 72 386
1242 1.8222254465073866 -1.3345205223697012 4.1477376864577575 124 124 124 0.69403206529297312 62 172 60 187 55 246 53 196
11416 5.8739272486848826 0.15739223839665753 -0.17959862000787122 0 0 0 1.0130262867117463 73 597 74 694 75 808 10 689 8 1014 6 710 9 779 4 1024 3 926 12 598 205 953 5 853 208 1701
1143 2.3676461866354903 -1.5173558324776812 3.7117223168753246 72 78 88 1.6609893187963269 58 1336 59 911 60 1028 57 930 55 1101 54 1153
679 1.8143771887898812 -1.6743133366674257 4.1584734113194086 119 120 121 1.840991773818915 58 39 60 56 57 26 57 32
5766 3.2533119955327545 -0.29155187780121528 -1.0857579338777708 130 130 130 0.19613318713284145 89 344 91 268
5667 2.922770157965433 -0.071680143491637524 -1.0398539619220759 0 0 0 0.46783667490115527 84 438 86 573 86 522 82 576
15940 2.0783748774573665 5.0473038620623347 -1.5481976957937287 101 101 101 0.73035349403841843 150 259 152 311 149 390 151 309 151 360 147 516 148 525 146 411
2495 -0.28059874012389052 -1.441017394232432 5.7527749004231055 23 26 28 1.123921112590371 53 902 55 1035 50 561 51 570 49 477 47 350 52 771 58 1261
138 2.8212048911453249 -0.68178124306100107 3.3696679118207951 120 120 120 1.2699640363753095 58 832 64 159 59 218 62 206 60 238 61 173 65 135 54 341
5126 3.7473420551956029 -0.38000422668500417 -1.2326210180191137 217 217 217 0.15664994373383431 83 480 85 447 89 547
15399 -1.2785425965357038 1.7719561487106013 8.0500202063650033 0 0 0 1.804529377604102 175 291 163 583 161 157 179 326 177 317 163 678 167 309 180 236 172 565 170 210 174 383 171 241 176 457 168 270 167 402 181 208 166 490 157 97 157 175 156 221 153 228 154 214 158 177 155 185 156 17 150 251 149 283 165 524 169 333 175 414 166 394 147 372 173 413 148 381 179 220 146 279 164 451 168 336
2498 -0.066274888808669705 -1.3372997836420812 5.5522444718917434 19 21 22 0.27043071027850418 53 906 55 1043 52 779 50 572 51 583 49 491 47 426
141 2.8302561865408609 -0.68707873988253376 3.5555706917787764 121 121 121 2.2270348911280187 58 830 63 194 64 166
15402 1.7462807567959522 -0.34214066570873858 3.4586580826004334 86 87 91 0.039780808078133743 165 404 160 27
3607 4.5494079547059787 -1.2716725956177017 1.3172998378096807 0 0 0 0.44583096912226888 68 308 67 203 69 276 72 397 71 371 70 331 66 326
13781 -2.0285348065907409 4.4693036175704517 3.5174787914908845 0 0 0 0.67234347362418678 116 385 207 1012 117 465 118 510 114 336 120 581 121 563 115 311 113 313 112 285 111 284 110 212 109 207 105 215 108 172 106 217 107 183
154 2.8513716849547279 -1.4255044355919129 3.2302336150437783 108 114 120 0.69606690998208098 63 315 64 207 59 23 60 2
15415 2.0782111428621284 -0.4198813500007425 2.5718673163710912 78 81 86 0.64939771582807737 161 113 164 321 160 85
701 2.8580819521192078 -1.193439028878994 3.3409245479654031 41 47 60 1.2294136394052781 58 325 62 75 63 135 60 89
16061 3.92017363996057 -0.38707298035336807 2.1527068124323225 9 11 13 0.14566428258930553 149 285 150 325 151 305 148 376
5788 -2.4570112044920447 0.80201264419121465 6.396703651077579 228 228 228 0.68826677053442631 47 385 49 513 183 149 182 162 178 166 180 137 181 146 179 170 177 180 176 316
160 2.9021469741362544 -1.3987011602542425 3.3067077670918632 9 26 44 1.4337214658635593 63 88 64 217 59 31 62 19 60 10 57 5 61 38 54 68
161 2.7891736471968938 -1.4043482609683742 3.2845373972523229 7 35 42 0.80288430177646386 63 93 64 218 59 38 62 24
15422 -1.1177971618060973 0.70764397081718544 6.2415249496039591 119 125 143 0.76800740320257432 163 560 164 313 166 457 167 328 170 270 160 149 159 105 157 88 162 145 165 495
13900 4.331848121190097 -1.3294149474710513 1.4018481090898529 141 141 141 1.3179447453032334 72 308 73 458 70 268
3627 5.4053507986600531 -0.053013876502302326 1.0984619001283986 123 124 124 0.71063248126173273 64 377 65 214 69 155
13801 -2.274316423214235 1.0000363103907595 6.4672740432019316 0 0 0 0.13323371190973118 124 700 207 1097
165 2.7633138639358812 -1.2224107536472468 3.4072320963280625 24 32 50 1.2765406742221981 63 145 64 236 58 306 59 105 62 78 60 91 57 102 61 96
3631 4.5782233116669415 -1.5278142859163215 1.1912804945982447 0 0 0 1.0379620972490775 67 126 69 200 70 265 73 488
13805 -2.3379571236964432 0.88990072502739215 6.4345445636621728 0 0 0 1.6108644728767549 122 572 124 528 125 514 129 420 130 282 137 359 141 491 142 433 144 420 207 709 125 374 126 272 123 343 124 313 128 271 138 189 142 383 131 271 139 248 140 196 141 257 207 99 134 95 132 96 143 480 145 465 135 140 136 241 136 366 139 472 134 248
6361 -3.6316960189377698 2.3520183820383207 4.3786567472903624 0 0 0 0.44902364883104662 185 391 184 411 183 374 182 338 181 319
16634 1.6207869434416531 -1.4509737442871393 4.3084168632579729 38 44 58 0.2432934068109712 53 141 58 214 52 195
11646 5.7347494937575547 0.030005452657475767 -0.34763707589182974 130 130 130 0.45695499455256366 72 311 6 376 9 422 76 636 73 499
1373 1.6274566664240462 -1.020946108806613 4.3139217546657322 112 118 124 0.6707286819772722 60 551 57 473 62 569 53 544 52 474
6460 -2.3463838558664616 0.85072551126639684 6.4483778491681081 228 228 228 0.48098703963784128 49 518 51 604 42 185 183 160 44 190 47 318 48 242 185 182 184 180 182 170 40 134 181 162 45 224 178 181 180 152 179 191 177 195 166 90
171 2.67687716661746 -0.85512278088866223 3.4755760204884765 117 118 119 0.67149375257161026 58 791 63 169 64 252 59 201 62 183 60 204 57 187 61 156 54 283
15432 4.2985076962600308 0.40854809180017782 3.1034366685690338 143 143 143 0.78606203067897196 161 240 164 434 160 185 159 131 157 135 159 116 162 154 158 116 156 163 155 199 153 160 154 174 150 103 152 100 151 110 148 49
1280 2.2754836090059438 -1.4993767485706062 3.784407474015461 124 124 124 1.1883364832536096 60 55 57 44 55 179 54 80
2529 0.32891820616971434 -1.7585015479799817 5.1041109392358646 11 13 14 1.5591345869692286 55 1226 58 1510 52 928 50 673
172 2.6707189787967045 -0.84127096719313865 3.4797062122618487 20 29 48 0.68401944123964831 58 431 63 349 64 257 59 207 62 188 60 212 57 198 61 417 54 295
15433 4.2985076962600308 0.40854809180017782 3.1034366685690338 143 143 143 0.78606203067897196 161 239 164 433 160 186 159 117 159 132 157 136 162 155 158 117 156 164 155 200 153 161 154 175 150 104 152 99 151 109 148 48
1281 2.3471930909671026 -1.449231705982498 3.7280765482674409 18 43 48 0.90408416574984629 58 162 62 456 57 59 55 570 54 101
174 2.6746170278532468 -0.83134723262783661 3.4768048666162317 122 122 122 0.5918155088232544 58 437 63 180 64 260 59 465 62 521 60 515 57 202 61 165 54 300
5261 4.4257845217557223 -0.20910473000583735 -1.3443578531901179 231 231 231 0.57716751583353898 75 687 84 521 86 591 87 568
15435 4.3927760323040319 0.46339924633075569 3.0461949791837615 143 143 143 0.58583739891609388 161 243 164 436 160 190 159 119 157 140 162 159 158 119 156 169 155 204 153 165 154 234 152 167 151 188
1283 1.6809832428347793 -1.6400347054922633 4.2633235230052193 109 115 121 0.91948600731520991 60 96 57 71 55 94
2544 -0.62598973540633918 -0.95823605077931229 6.096057881836126 9 9 9 1.2770641275495782 53 707 53 855 50 455 52 633 55 962 49 433 51 456 48 232
187 2.9394058469830817 -1.4195383698038879 3.2932883093880316 9 22 44 1.2732124474574049 63 425 64 307 59 572 62 431 61 521 54 761
1296 1.7120570402727513 -1.4187509599780073 4.2400829842353129 40 46 59 0.28710674825937071 58 236 57 155 55 202 52 220
1312 2.2566040526689419 -0.82028904003891689 3.7888223394745402 56 98 65 0.573505085490291 59 506 60 262 57 257 62 255 61 454 54 327
6300 -3.452210249283636 2.3694261678744959 4.1670935181629591 235 235 235 0.18915105967777002 185 160 184 153
16573 -2.5931984456459518 -3.1916719848238846 -0.38271723820173076 236 236 236 1.0051685561931081 20 116 24 116 22 106
215 2.2634834288536498 -0.13331552263985241 3.7992414433817219 95 98 103 0.87932394736508324 58 909 63 495 64 363 59 540 62 621 60 625 57 546 55 742 53 774 61 493 54 729
15476 4.0992709889267704 0.89182611052201644 4.3574836541292399 231 231 231 0.61476488223627157 160 76 161 133 164 297 159 47 157 48 162 37 152 172
1324 2.2656559382605663 -0.68653814258191426 3.7970013159592169 122 122 122 0.84892915515997258 58 844 60 302 57 291 54 378
216 2.2634834288536498 -0.13331552263985241 3.7992414433817219 95 98 103 0.87932394736508324 58 910 63 496 64 364 59 541 62 622 60 626 57 547 55 743 53 775 61 494 54 730
1325 2.0986713449942109 -0.73794114775488184 3.9282555203274678 120 121 121 0.47996626084826133 62 304 57 293 55 682 53 571 58 492
5852 3.1435487437858329 -0.32617183209275086 -1.3409852768485644 59 62 72 0.22856536475260913 91 57 94 43
16125 6.0868181919007576 4.3922508339379869 -1.9668621733152365 92 97 112 0.33474694477914768 149 443 146 490 147 549 148 591
2581 -0.20645278082006671 -1.261260690514592 5.6926842654494783 76 79 81 0.61501033182412024 53 180 55 300 58 364 50 181 51 214 49 134 47 85 48 109
224 2.9470494346070009 -1.1229524320693374 3.2754317292413067 115 116 117 1.3349195078533254 58 1123 63 528 64 387 59 690 62 819 60 835 57 750 61 636 65 224 54 959
1333 1.6009757134149483 -0.80255314290787627 4.3370603255169389 118 119 120 0.48977301705470833 60 336 62 332 57 319 52 249
2582 0.095390747153445921 -1.3248189282004437 5.3946838205691625 75 77 79 0.60366906064964299 55 284 50 182 51 220 49 140 47 94
225 2.7738656712155891 -1.2101564380665801 3.3990986550502313 124 124 124 1.1915981229518935 58 984 64 388 59 597 62 681
1334 1.6009854085625259 -0.7715454480239895 4.3365097766511367 123 124 124 0.42988334189675437 60 338 62 333 57 320 52 256
6421 -3.6280357387691611 -0.51661307878202056 7.1207885965784259 0 0 0 0.56747140327651657 184 278 185 269 183 231 182 201 184 234
16694 0.54966488833614879 -1.6135934569752202 5.0129523706486117 2 2 2 0.33178718539377394 53 447 55 553 58 701 54 559
1433 2.9282019063485052 -1.313680620397546 3.2916355343229244 124 124 124 1.9709219439701435 58 1230 57 855
6520 -2.1721986572789147 0.8268736710890654 6.5428835276851132 162 162 162 0.57774899487102171 46 229 42 215 43 146 185 224 182 183 48 250 183 171 181 173 178 191 180 166 179 202 177 201 176 334 175 266
688 1.808195464944633 -1.6209325712962619 4.1551922290293373 110 116 121 1.6923504531928075 58 75 60 68 57 64 60 80
10961 1.2309858378164484 -0.46584058333980005 3.7925750159808365 122 122 122 0.12084087348854518 166 124 167 100 165 43
246 2.8723819140243587 -1.4977883668865439 3.2394337285957033 124 124 124 0.69138409996901262 58 1204 63 601 64 443 59 749 61 710
15507 -2.5924245313368686 -3.1908110379589578 -0.38277961992301174 0 0 0 0.37117600472951806 7 464 10 580 6 621 12 506 14 396 15 345 13 405 16 393 17 384 18 281 5 715 8 828 3 745
1355 1.6750983190658486 -0.26497168316533554 4.2818815326520658 120 120 121 0.98093443372924405 60 399 57 375 53 336 52 296
11529 5.4308769562488353 0.31988191202120492 -0.91847437963739498 130 130 130 0.3214538668126245 10 648 8 933 6 702 4 931 12 551 1 760 2 760 3 862 5 784
6343 -2.8918409711063813 -0.2463632539634977 7.1821244998213691 0 0 0 1.5874135195304739 46 278 184 322 48 361 47 453
16616 1.6948186958980738 -1.6101012987360206 4.2521764990184998 0 0 0 1.402024678644564 52 419 60 110
253 2.7884224664329356 -1.2164176141034748 3.3890105524084269 62 65 74 1.2873983777032347 63 612 64 454 58 1254 59 768 60 830 61 727 54 1082
5241 2.92982327543554 -0.091557681740612643 -1.0394216339798965 0 0 0 0.18188392565558151 84 404 85 357 86 458
15514 -2.5924179698623209 -3.1908000045818352 -0.3828227582728333 0 0 0 0.3961475801091961 7 560 15 392 10 680 12 613 6 738 15 409 11 460 14 450 13 472 16 432 17 423 18 322
6449 -2.9208432906532065 0.094066541338072088 6.3681805552229935 77 81 93 1.4637409432959867 49 668 183 353 182 312
16722 0.37017794000661691 -1.8454035353109151 5.0493417106947511 0 0 0 1.0973946980408538 49 378 50 376 51 402
1461 2.9124253099199171 -1.4042825256028277 3.3724167508377261 9 60 41 0.18281952479082411 60 1087 57 986 54 1207
16821 -5.8888309719722107 2.6781479124834973 5.6200076104363328 0 0 0 0.42203936781482065 183 258 184 311 185 302
6548 4.7296619112540625 0.0084046378536839928 -1.2958454998042377 0 0 0 2.2603912184323236 75 761 84 641
869 1.7368928541333799 -1.4033669007655576 4.220612362572373 21 30 49 0.62566742337289771 58 733 55 213 53 508 60 492 52 464
5956 4.2248875261480059 -0.3316495359466875 -1.1648847700661755 61 64 75 1.1932179492655663 88 277 90 272 89 428 87 401
5857 3.2485064178901726 -0.24860891576465155 -1.047718569815032 0 0 0 0.54937871362027979 89 160 94 95
16130 -5.5012688309782813 2.6759624763457914 7.8159370322754942 84 79 75 0.78171054216461766 142 495 144 478 118 450 119 537 120 498 121 484 122 596 123 652 124 610 125 659 126 568 127 614 128 545 138 460 139 560 140 454 141 514 143 528 145 514
872 1.840180358835233 -1.3298413842885393 4.1348457191886014 93 96 101 0.56763850147237127 58 741 62 508 60 498 57 427 55 590 53 528
5959 3.2318661278575425 -0.28077879959039126 -1.1365390530354758 0 0 0 0.32105358089713826 94 228 90 292
874 2.6651106354202754 -0.86470133217379752 3.447904693700905 123 123 123 0.4759633459798665 59 460 62 519 63 345 64 335 60 511 61 416
5961 3.2362109350504906 -0.2695012119663534 -1.10764899914339 0 0 0 0.097758906479561453 88 196 90 298
16234 -2.5931427557908187 -3.1912821624721763 -0.38313302811930422 0 0 0 0.98377161369632693 11 274 13 278 16 243 7 350 10 303 12 250 6 94 6 337
973 2.7692653209460447 -1.1566905735505177 3.4043424968993587 99 101 105 1.0949205126449799 58 999 59 605 62 697 63 533 60 706 64 391 57 623 61 550 54 819
879 2.635391581298109 -0.76126452272491063 3.5067783868278952 111 117 124 0.59017308304130667 62 538 63 473 64 351 60 533 57 459 63 365 54 634
11053 1.2874633456961806 -0.79826579842424616 2.9157073158883464 97 99 103 0.061656226831612086 166 6 165 5 163 3
5867 3.8488409525885898 -0.40329973860364599 -1.2180436661989145 0 0 0 0.37013155470121356 88 220 89 273 94 156 87 240 93 219 97 187
16140 -10.389332165701052 12.172976106547898 14.172130374124468 0 0 0 0.61766018684491608 154 91 173 201
5966 3.2462309494133232 -0.25371789645408349 -1.063836376832537 130 130 130 0.019920617574218445 91 169 90 320
16239 -2.5926498663004089 -3.1909600002444125 -0.38253934464334227 59 62 72 1.4385497746502824 11 374 13 381 6 506 12 464 7 419 14 409 15 326 16 374 5 635 8 740 3 670 4 342 3 333 8 369
978 1.8595548459342266 -1.3272192101531832 4.1165495727065107 102 104 107 0.58003717724858028 58 1107 62 841 60 731 57 639 55 926 53 829
882 1.7511053554473026 -1.0535798175679421 4.20675199901964 12 90 38 0.91670184243517738 58 772 62 555 60 540 57 457 55 639 53 538 54 602
783 1.6693343759449462 -0.99423088252649783 4.2805369104752948 110 116 122 0.54157189795763405 58 407 62 570 60 286 57 268 55 331 53 221 52 482
11056 1.4310700480342404 -0.6521634049424162 3.1434715713062737 110 117 123 0.14337905232991741 166 18 165 29 163 18
883 1.7576756431855463 -1.0391709807369047 4.2037326938683117 14 28 45 1.1470938582604544 58 776 62 557 60 542 57 461 55 312 53 541 52 476 54 608
5970 3.2485540833378144 -0.24880554959344625 -1.0478602227405733 0 0 0 0.019723319124758106 94 265 90 324
11057 1.4895431119375857 -0.65522054681231523 3.0483198095296777 110 116 122 0.085123927542868363 166 112 165 30 163 19
884 1.6489210948163886 -1.0734760007413606 4.2956061884198924 105 115 107 0.67988206176046995 58 372 62 561 60 543 57 463 55 632 53 534 52 469
5971 3.2960354698069962 -0.22446972681127009 -1.0179266788775696 118 124 142 0.26009573297199773 94 376 90 326
785 2.2908521162280784 -0.7044006108629367 3.7750646202162899 41 46 59 0.69402898533748425 59 283 62 272 60 288 57 278 55 400 54 362
11058 1.5409965642234353 -0.61514322202488347 3.0222243769671007 73 78 85 0.082766271347240253 166 21 165 37 163 24
885 1.6489210948163886 -1.0734760007413606 4.2956061884198924 105 115 107 0.67988206176046995 58 373 62 562 60 544 57 464 55 633 53 535 52 470
5972 3.2065330851387572 -0.32013086885403896 -1.3885113010845389 101 106 122 0.46061307956333836 91 181 90 329 92 315
11059 1.5409965642234353 -0.61514322202488347 3.0222243769671007 73 78 85 0.082766271347240253 166 22 165 38 163 25
886 1.7507311691190879 -1.0296021545126677 4.2092788157072354 123 123 123 1.0602164209878486 58 391 62 558 60 545 57 236 55 316 53 546 52 478 54 269
787 2.2239043555704248 -0.71206474039150258 3.8293274258772705 53 57 68 0.75955757169371019 62 286 60 295 59 291 55 396 53 290 54 363
11060 1.2808748441504461 -0.46525331496609795 3.7614505625254515 122 123 123 0.15028864003613865 166 33 165 48 163 38
887 1.7495301759619466 -1.0131971572196261 4.2105947895887743 123 123 123 1.2167104340014845 58 783 62 563 60 547 57 470 55 644 53 547 52 481 54 279
11061 1.2377794454845417 -0.81213089563201435 2.9745290441004877 100 102 106 0.067200108165892003 166 92 165 127 163 2
5978 3.8048547790007907 -0.39946897988340202 -1.2055359043217155 226 226 226 1.3361005089865712 87 177 88 226 91 201 90 341 89 51 92 365 93 262 98 213
16251 -2.5923764317993085 -3.1907524667279619 -0.38257447762532981 59 62 72 1.5849493787622235 16 272 13 309 5 287 4 505 8 515 3 328 3 481
6077 3.8010662349959174 -0.38554640912725441 -1.2471081357724705 229 229 229 0.71909553800719661 90 60 93 36 95 129 97 114 96 125 94 33 92 134 99 224 98 161
11067 1.1882589406782778 -0.57887315645127113 3.5438782943973766 122 122 122 0.10033717680969413 166 242 165 377 163 449 164 163
794 2.1291013940558745 -0.721020169068603 3.9058774797434621 122 122 123 0.8189277567428721 58 502 59 519 62 575 60 311 57 296 55 390 53 573 61 472 54 371
5981 3.2287357268179933 -0.2491394745278839 -1.1037892282356219 130 130 130 0.15665481574496876 88 314 90 368
16254 -2.5923696164472334 -3.1908670780084258 -0.38290663268359154 0 0 0 0.43381374813000945 10 440 16 251 15 233
993 2.7840304523479062 -0.55372645687265099 3.4332117412208065 101 103 107 0.72704410814543996 63 550 64 406 61 576 65 242 59 716 60 764 62 729 57 688 54 1003
6080 3.6932887101669443 -0.18451651397243876 -1.5431184835815679 163 163 163 1.0788258844601091 90 22 92 48 93 41 90 21 95 83
896 1.7302711193490363 -0.89798607370533057 4.2295503942741606 123 124 124 0.86276455686485964 58 806 62 580 60 558 57 481 55 662 53 554 52 494 54 640
11070 1.4971969221168009 -0.5492435489776577 3.2394604759191066 84 86 91 0.16723906748171985 166 247 165 384 163 455 164 251 161 104
5884 3.2393110046960816 -0.25667700774064006 -1.0856550158344045 130 130 130 0.17517386513210553 88 202 94 246 90 310
16157 2.7192934445828199 5.0835888747706814 -2.0141004008378927 8 8 8 0.032416130763765816 150 270 147 340
5983 3.2355239728833598 -0.24613596053600495 -1.0826684044522461 130 130 130 0.048125155139267704 85 177 90 374
16256 -2.5923761496502102 -3.1907310640353161 -0.38329097074355623 0 0 0 1.1929623332858548 10 512 16 323 6 559 12 442 7 402 21 74 11 327 13 363 14 319 19 135 21 57 5 582 17 321 8 689 18 225 4 654 3 615
995 2.1485287530954569 -0.72178098310113559 3.8899652642676417 124 124 124 0.73993342899553227 58 1038 62 740 60 768 59 731 57 693 55 851 53 868 61 674 54 854
5984 3.8204023554076563 -0.38751938518530937 -1.2535279377295405 0 0 0 0.54244296981956508 89 271 91 312 94 277 90 382 92 361 93 287 97 233 96 187 98 208
16257 -2.592362675753753 -3.1908043683277625 -0.38327968344020541 231 231 231 1.1754203678875979 10 623 16 353 6 597 12 375 7 315 16 322 6 674 15 312 19 149 11 324 18 264
5985 4.1546701581530634 -0.36115048594986288 -1.1474589541022773 110 116 133 0.63689500781807218 88 368 89 424 90 393 87 397 86 410 92 374 93 294 94 350
16258 -2.5923618490878608 -3.1908593308760405 -0.38312930940725931 231 231 231 0.87531582857861812 10 673 16 409 7 551 12 605 6 726 13 439 15 384 11 453 14 443 18 303 17 395 5 866 8 1036 3 945
997 2.1496428377696315 -0.66812358255700022 3.8827172046130771 104 106 109 0.59671566667699993 59 732 60 775 57 698 61 677 54 869
5986 3.2449337481595837 -0.33285732265758511 -1.284026697797366 110 116 133 1.4062743673143032 88 154 90 394 92 377 93 334
16259 -2.5923882723418199 -3.1907692943563393 -0.38326360914744906 231 231 231 0.77329788065866256 10 699 16 408 6 756 7 550 12 604 15 379 19 181 11 452 13 437 14 440 5 868 17 393 18 285 18 300 17 416 4 967 8 1034
6085 3.5988950122968242 -0.24098066094333731 -1.5666911884184558 80 84 97 0.8260684290137279 90 224 93 83
899 1.6298194328529956 -0.9309625723876187 4.3145919629520542 15 26 46 0.51446252915583968 58 427 62 584 60 562 57 482 55 658 53 234
11172 -1.3256606585370141 -0.44812901559002161 7.353064793740363 5 5 5 0.90342459404604836 165 552 166 454 163 638 174 258 175 275 179 101 171 228 168 298 166 420 180 176 164 359 172 466 173 392 131 171 126 368 128 356 127 404 137 271 125 396 130 146 138 217 178 226 132 92 134 93 161 178 176 238 49 289 178 15 47 102 135 235 136 162 136 248
900 1.7879831700865587 -0.7860539154444991 4.183301056651672 51 55 66 0.58070436792598434 58 483 62 587 60 568 55 374 53 265 52 263
11074 1.4589951831795427 -0.53336353785724844 3.3548748603102623 124 124 124 0.13235800283521479 166 505 165 614 163 670 167 420 164 422 161 212
5987 3.2329362192348605 -0.25855562888258116 -1.1015768260455547 130 130 130 0.044253154133788608 86 309 90 406
16260 -2.5924307615299966 -3.1907981462884814 -0.38279651302310347 130 130 130 0.20641300758725736 12 548 13 424 16 391 15 366 11 406 7 501 14 394 10 639 6 619 17 382 18 294 5 766
999 1.6839063702968378 -0.80245277613048938 4.2679420429145436 124 124 124 0.71063626345404507 58 820 62 750 60 777 57 700 55 838 53 717 52 644 54 653
902 1.7008160926518334 -0.79962119163543521 4.2541442231560955 124 124 124 0.61549339298653549 58 822 62 588 60 570 57 491 55 672 53 559 52 503 54 354
16262 -1.6962935686609208 1.5976785854331439 5.9694076984364983 79 84 95 1.1047772182849194 46 355 47 550 163 618 168 355 174 378 169 464 172 561 164 364 159 147 51 754
6088 3.8192100594891856 -0.38873525679962578 -1.2452886404721675 228 228 228 0.6922346140886555 90 53 92 8 93 89 95 77 97 108 96 124 98 136
5991 3.8172434162898372 -0.38022702808327075 -1.2645229582333928 0 0 0 0.76910038504782308 89 504 94 383 90 424 92 444 93 317 95 255 97 260 96 202 99 278 98 226
16264 -2.592403825080221 -3.1907914329482683 -0.38266021415476947 59 62 72 1.7895595372958255 7 563 13 485 16 453 14 461 6 766 12 616 15 418 15 403 5 920 7 577
1003 1.6496322393068159 -0.7525715696821158 4.2959114182033602 95 97 103 0.68135912239652274 58 1040 60 783 57 706 55 842 53 719 54 862
6090 3.8224095500956814 -0.39071070063901731 -1.2405394154805118 228 228 228 0.58152635156205679 90 55 93 91 95 125 97 110
905 1.8396983112192147 -0.71800596610244438 4.1417645481785739 97 100 104 0.56700049043323442 58 841 62 748 60 573 57 495 55 686 53 724 52 653 54 663
5893 -2.4785724641482596 0.84447239573930188 6.375457813981094 228 228 228 0.41637446908297704 45 215 46 171 183 146 182 159 41 137 178 163 180 134 179 167 177 177
16166 2.6332611216055009 5.205829938569698 -1.9257610014670419 8 8 8 0.015304112386953013 150 273 147 383
5992 3.2524429300971818 -0.35487424381982652 -1.3076091014038784 100 105 121 0.47379143535818519 94 384 90 427 92 453 93 330
16265 2.0575914364822858 4.9854825937979337 -1.511970706905684 138 138 138 1.5127429286459424 147 564 153 344 150 455 147 596 148 628
6091 4.1520429181715066 -0.37114434088550086 -1.1420739124934691 109 114 130 1.5204360018255503 88 19 93 112 95 150
5993 3.2910969483162829 -0.36996810284899873 -1.2365156071950978 231 231 231 0.021281785733024982 94 395 90 434
16266 -3.5377614474396823 -0.018042077114175676 7.5053037036590737 61 64 74 1.3252970518343807 40 2 177 10 183 95 176 218 39 0 184 117 44 89 45 82 42 57 42 129 40 159 41 35 41 59 48 138 43 57 46 76 185 138 186 28 39 74 187 109 188 17 188 136
1005 1.6609427809601376 -0.74821544508834203 4.2880488644957593 105 107 110 0.51791948659698495 58 1044 62 756 60 785 57 708 55 679 53 721 52 646 54 866
907 1.5746173575069669 -0.82146340460886713 4.3579912154878304 124 124 124 1.0546419840805248 58 468 62 594 60 575 57 493 55 670 53 556 52 498 54 351
5895 3.236438138587022 -0.26344704249875239 -1.1005668118994363 130 130 130 0.11655624617997398 88 312 94 322
16168 0.26808001509372908 4.9484222702284884 1.3268938438309241 0 0 0 0.38225908480225634 164 293 167 239
5994 3.2897310048685982 -0.40944033479691355 -1.1176658255576633 92 97 112 0.55844647423840554 94 314 90 444
16267 0.21402511496214627 0.109045853477291 6.8399164634601188 100 100 100 1.4377434642858227 175 467 172 635 169 514 169 523 176 514 171 369 172 623 173 615 177 405 170 359 174 477 167 468 166 547 165 676 163 720 164 492 161 314 160 245 159 194 157 220 162 219 158 207 156 272 153 342 155 290 150 429 152 346 149 473 151 391 151 402 149 490 147 593 146 520 154 316 148 622 148 648 168 415
1006 2.1122557742656145 -0.4095749710039398 3.925288605210461 112 118 124 1.0437991547572421 59 652 62 763 60 786 57 709 53 873 61 594 54 882
5997 3.2613965718520075 -0.301423446737 -1.0844617015208085 0 0 0 0.33746528029985995 88 493 90 503 92 473
16270 -2.5932647745174195 -3.191649555735975 -0.38276903100770454 0 0 0 1.5607878901651404 10 529 12 395 7 416 6 492 11 343 8 713 14 221 15 149
1009 2.1805243442726727 -0.31383394287893612 3.8633919649769206 16 39 45 1.0317161700525526 62 772 63 567 60 792 53 876 61 681 54 889
5998 4.179561539627886 -0.31081861079795675 -1.6589685713476887 115 113 113 0.88142325417241085 92 504 97 275 96 210 99 260 90 511 92 483 98 232 96 228 100 199
16271 -3.0921272245080482 -1.2122056970966535 7.8006244779196923 0 0 0 1.5811629715833146 178 104 182 108 179 113 180 17 177 131 42 123 43 51
1010 2.1805243442726727 -0.31383394287893612 3.8633919649769206 16 39 45 1.0317161700525526 62 773 63 568 60 793 53 877 61 682 54 890
6097 3.8477543774856957 -0.40362739146632404 -1.2176802433735057 0 0 0 0.34759210211425134 88 219 94 155 93 218 84 216 87 239 97 186
912 1.551814572410579 -0.76743139386371584 4.3778907851178559 94 97 102 1.0293619118420139 58 833 62 759 60 581 57 502 53 564 55 839 52 501 54 656
5999 4.6757435424175098 -0.18529871976514631 -1.3179457896604536 231 231 231 0.69900419966443028 87 602 88 566 91 550 90 548
917 2.1657303596926312 -0.39281142048447415 3.8774582895139189 122 123 122 0.70895611565105865 59 650 62 603 60 589 57 511 58 861 55 866 53 743 61 592 54 671
5905 3.2975392239136498 -0.38846163388261445 -1.0970942013796825 76 80 92 1.1724377346035824 88 287 91 330 94 363 90 446 92 496 93 378
16178 6.7373062114400675 0.85539942241936717 -2.5763889061444862 104 110 126 0.56109788354687817 146 391 147 468 148 537
920 2.1463760403500527 -0.37383843399710881 3.8925014684866883 22 47 47 0.67133540207957376 58 867 62 607 60 593 57 515 55 708 53 594 61 482 54 686
6007 4.2863652816268738 -0.15765758074382413 -1.8393082905911091 59 62 72 0.90607794091929084 88 463 94 380 90 419 93 283
5908 3.2106330769471341 -0.16397481458046897 -1.1683811202041543 0 0 0 0.74220001428146032 91 347 94 373 90 410 92 392
16181 -3.8115081731795688 2.8265827559955734 6.7783984021753163 117 123 141 2.3865487365451625 118 350 119 377 144 363 124 391 126 283 128 435 137 321 139 351 141 324 127 331 140 70 141 102 117 83 129 99 137 50 122 66 128 99 143 376 143 269 145 297 145 418 136 173
6010 3.8056829359827598 -0.38799447803304005 -1.2411733380157213 227 227 227 0.45134856473154827 90 65 94 5 92 44 93 94 95 80 97 119 96 128 98 165
16283 -2.5924128032109293 -3.1908155927714286 -0.38282183593797431 130 130 130 0.26094865207575141 10 97 17 279
6011 3.2935677855055725 -0.3595492466845801 -1.2418308314872919 231 231 231 0.28928589278596617 90 24 92 57
16284 -2.5924128032109293 -3.1908155927714286 -0.38282183593797431 130 130 130 0.26094865207575141 10 98 17 280
1023 4.4443790037356257 1.5191615529322675 2.3389238071348326 231 231 231 2.0372021151176738 63 493 60 816 61 496 62 809
6012 3.2390410132109619 -0.25389735088100551 -1.085361415818344 0 0 0 0.66367649043813992 84 182 86 202 92 67
16285 -2.5924145364329974 -3.1908209799532079 -0.38280603415202624 0 0 0 0.78544463980902279 6 355 14 285 15 173 17 282 6 97 7 180 11 170 18 192 5 150 5 431
1024 4.4432759449503765 1.5201775673353586 2.3433653549972209 231 231 231 0.73797802157973535 63 494 60 817 61 497
6111 2.9108753853190033 -0.092728833189959725 -1.0818387938945615 0 0 0 0.83476890336440479 83 574 84 500 87 545 85 467 89 581
6014 3.2073097274218569 -0.16772769258726014 -1.1665731744873917 0 0 0 0.57487870518784545 90 314 92 69
16287 -2.5923276044467878 -3.1910093726583195 -0.38294655786983428 59 62 72 1.6956271004919734 12 235 17 295
928 2.0838482581253879 -0.330493693370842 3.9419448436364939 124 124 124 0.38436800037276841 58 875 62 778 60 608 57 532
11102 1.2987388607911585 -0.38450264345524882 3.9014604745518788 70 75 82 0.24705797451895709 167 192 163 278 164 40 161 15 160 4 159 0
930 1.6762774970823082 -0.45567213524733841 4.2790466715783824 15 91 39 0.67649713364665909 58 849 60 613 62 785 57 535 60 794 53 731 55 858 52 656 54 677 54 885
6017 3.8278660391815573 -0.39840293375556046 -1.2242689113541503 227 227 227 1.5464336383936395 91 3 92 133 95 128 90 57
831 1.6251955857423925 -0.38962090305031882 4.3233129028728472 108 114 120 0.91538897577366229 58 544 62 389 60 383 57 354 53 309 52 280 54 414
11104 -0.38607679904593128 3.0000848824797566 2.7331460760176038 59 62 72 1.1564905947513333 166 145 167 118 163 308
932 1.665240288507539 -0.45123363274344147 4.2891057622935147 122 123 122 0.64350255420737057 58 851 62 789 60 617 57 542 53 585 55 694 52 658 54 680
16193 7.7799350627694794 1.86259492819207 -4.6558221699722679 115 121 139 0.20131877131231718 146 440 147 552
934 1.6761728528399893 -0.44733442707646592 4.2767472027610793 16 90 40 0.52375619643720583 58 859 60 619 52 520
6021 3.228831955865437 -0.35161044648511575 -1.2009349323706415 113 119 136 1.9619932494839096 90 365 94 24 92 193 93 274
935 1.6761728528399893 -0.44733442707646592 4.2767472027610793 16 90 40 0.52375619643720583 58 860 60 620 52 521
6022 3.240448138915379 -0.26290898948047475 -1.0928016394165836 0 0 0 0.22842463337415758 90 207 92 199
6025 3.8236945961988584 -0.37942320613268682 -1.2722950516059668 0 0 0 0.65913245786382946 90 229 91 187 92 222 87 233 93 146 95 119 97 104 96 88 99 184 98 132
16298 -2.5931131318900884 -3.1915549552857603 -0.38281803306807932 235 235 235 1.8422380349376362 18 174 24 81 19 113 21 58 21 30 23 66 17 324 14 279 18 266 19 163 13 282 16 252
1037 2.8949959990831751 -1.1371398136259188 3.3147971107910603 86 89 96 1.1895111765062902 59 692 62 821 60 837 64 457 57 752 58 1263 61 638 54 1092
6124 5.508988983792948 0.9858976861839972 -0.9473381721004337 0 0 0 1.6866152701121706 85 583 78 629 79 664 83 635 80 545 81 519 82 634 74 620 76 668 77 693 75 717
939 1.7262945928926579 -0.39127689850816899 4.2389545090455139 23 34 48 0.82693819694994419 58 869 62 796 60 624 57 545 53 737 55 862 52 664 54 691
6027 4.3193601015631362 -0.33279130585444022 -1.27582377950727 231 231 231 1.0935220961100109 90 240 91 220 92 231 93 150 97 180
16300 -2.5931808272473487 -3.1916226697803856 -0.38276058082145487 0 0 0 0.31600063694843239 14 325 23 59 24 67 15 292 17 329
1039 2.3105577261544692 -1.242861917507303 3.7598164092671054 90 93 98 0.1743926546505089 58 1118 60 844 57 762 54 952
941 2.2174878507581277 -0.138090320507366 3.8355163107676518 96 99 103 1.3817562378662833 58 907 59 542 60 628 54 731
6028 3.279236274493273 -0.38467745903517941 -1.2341177656521882 106 111 128 0.54866795390927448 90 155 92 251
16301 -2.5931217877804498 -3.191627260559522 -0.38272616579701035 0 0 0 0.23169543669194678 12 385 17 330
1040 2.3105577261544692 -1.242861917507303 3.7598164092671054 90 93 98 0.1743926546505089 58 1119 60 845 57 763 54 953
942 2.0357832018182433 -0.17305055390132604 3.9857149781084042 97 99 103 1.4500127696271723 58 894 59 556 62 637 60 638 57 366 55 733 53 614 61 512 54 432
948 1.6782102060622877 -0.22965583219803704 4.2817400876240921 96 99 103 1.499265340783456 58 888 62 648 60 644 57 562 53 762 55 724 52 533 54 714
6035 3.2404457161760178 -0.26259978660885075 -1.0929458830632566 0 0 0 0.18395677123078458 90 308 92 296
16308 -2.5931977858570519 -3.1916317885788588 -0.38275893003200795 0 0 0 0.92632937217843392 7 359 15 319 16 336 17 357 18 254 19 154 21 81 24 68 20 79 22 61 23 56 6 186 13 368 14 373 11 339 11 294 14 290
1047 2.6505395665954561 -0.77416837151999396 3.4998861427533212 78 80 86 0.49170315991285013 59 711 62 852 63 545 60 861 57 783 61 657 54 973
11123 0.056432961182378644 3.5052015296961656 3.4638512173820852 93 98 112 0.25932800547610868 168 173 163 489
850 1.7598385809324548 -1.6940200204332112 4.1987614978325212 9 21 44 0.50115339451672791 58 603 60 444 57 394 53 435 55 502
952 1.5856323357207394 -0.24367333329906879 4.359610424372236 99 102 106 1.538951638237342 58 886 62 807 60 648 57 569 55 720 53 598 50 460 52 531 54 708
6039 3.7829256510871696 -0.40089055727739498 -1.1937955923001913 0 0 0 0.37901949282463837 84 124 91 203 92 320
6042 4.2752655971592795 -0.18701787342631843 -1.7718248118122302 59 62 72 1.0830761246421889 87 383 91 306 88 405 89 169 97 92 83 183 92 358
16315 -2.5924081295810382 -3.1908540917171639 -0.3828316964285266 130 130 130 0.29702244041696163 12 498 14 390 16 359 17 370 18 268
956 2.8931124176032843 -1.3953923147831966 3.3190126204411583 124 124 124 1.8375239282877274 62 667 60 669 54 772 58 953
5944 3.5366350430280993 -0.23370110692787879 -1.1471964396075642 59 62 72 0.012179610132642748 89 32 90 32
16217 6.8556988806492871 3.433511896218171 -5.3562630233515014 67 70 81 1.2169852264776106 146 559 147 682
6043 3.6663422840066802 -0.23155094056609923 -1.5800599236345665 0 0 0 1.1233263332585701 93 82 97 74 97 206 96 79 91 50 92 359 98 53 101 126 100 97 102 155 104 126 103 131
16316 -2.5924081295810382 -3.1908540917171639 -0.3828316964285266 130 130 130 0.29702244041696163 12 499 14 391 16 360 17 371 18 269
1055 2.7764701998984198 -0.55824170900043057 3.4632484417267708 82 86 93 0.52905017941592969 62 856 63 628 64 475 60 874 57 797 61 660 65 276
957 2.8565538843202569 -1.3915235212727437 3.2925612533455659 124 124 124 1.0664927921740948 59 581 62 668 63 429 64 311 60 670 57 589 61 529
6044 3.8955180373020624 -0.14619776044767305 -1.6652371811807443 59 62 72 0.87167330473396576 90 381 94 337 92 360 93 286 95 252 90 423 96 184 98 172 100 166
958 2.3456985889332027 -1.5871414444056824 3.7293057480621514 112 118 124 1.3418498018801632 58 935 59 589 62 671 60 673 57 581 55 767 54 749
6045 3.2445458292506526 -0.33802084675821353 -1.2925830871046666 231 231 231 0.53035762667141628 90 389 92 375
960 2.8356977001470622 -1.2893174472689173 3.3608814767048014 124 124 124 1.3935980884290748 58 968 60 677 54 783
6047 3.2179974538300113 -0.32275318080596099 -1.2414463371777942 79 84 96 0.66765815364197056 91 154 92 385
861 2.2858623864795531 -1.3290592378088297 3.7775676281912092 121 122 122 0.44886494434370544 58 736 62 477 60 477
11134 -2.4308894145567574 0.95656398108689522 6.3894237313197078 0 0 0 0.12385814444198534 179 266 163 532
961 2.8356977001470622 -1.2893174472689173 3.3608814767048014 124 124 124 1.3935980884290748 58 969 60 678 54 784
6048 3.2368457947282736 -0.25236739766488225 -1.0868933798445621 130 130 130 0.27419511224890658 85 291 92 391
964 2.2663992988888571 -1.4792174308215482 3.7917529129957743 112 118 124 1.0439989669203522 58 950 62 679 60 684 57 603 55 789 54 776
6051 3.3312056570031094 -0.41605405748758983 -1.1508196399488089 100 105 120 0.54953392252695998 89 278 92 423
965 2.910041406621263 -1.1299844020941572 3.3013870960646954 97 99 104 1.2451121171968791 58 1007 59 599 62 685 60 694 63 446 64 321 57 613 61 540 65 226 54 826
6052 3.2345864305397027 -0.26870502423166659 -1.1162944799053649 130 130 130 0.3420009193718202 83 239 84 287 85 284 92 435 82 260
968 2.8340202645985562 -1.1454778423403658 3.3580200702105625 100 101 106 1.0765634890674383 58 1002 62 692 63 453 60 701 57 617 54 822
6055 3.8755902667575217 -0.40140284321909137 -1.2246625381888934 227 227 227 0.58336326102861735 87 500 89 505 90 470 92 443 93 315 83 391 84 410 85 440 95 276 97 258 96 215
969 2.8340202645985562 -1.1454778423403658 3.3580200702105625 100 101 106 1.0765634890674383 58 1003 62 693 63 454 60 702 57 618 54 823
6056 3.6651279263717593 -0.20314103305538173 -1.5622359189585033 163 163 163 0.78025232144746137 90 471 92 445 93 314 95 275 97 257 96 198 99 254 94 385 98 206 101 210 100 192 102 217 104 197 103 176
970 2.816012266332554 -1.1493607151648313 3.3734861129733087 101 103 107 0.95018855600164542 58 1000 62 694 60 703 57 619 61 546 54 820
6057 3.7804525022507041 -0.38574332038895104 -1.2303615332731033 0 0 0 0.51635011588151913 88 420 92 448 83 188 86 392 95 279
971 2.816012266332554 -1.1493607151648313 3.3734861129733087 101 103 107 0.95018855600164542 58 1001 62 695 60 704 57 620 61 547 54 821
6058 3.2318731846410649 -0.2808838247438547 -1.1328753529681532 0 0 0 0.61802265126600409 94 441 92 470 93 362
972 2.7692653209460447 -1.1566905735505177 3.4043424968993587 99 101 105 1.0949205126449799 58 998 59 604 62 696 63 532 64 390 60 705 57 622 61 549 54 818
6059 3.2318731846410649 -0.2808838247438547 -1.1328753529681532 0 0 0 0.61802265126600409 94 442 92 471 93 363
6060 3.2103805501464282 -0.17483882051354516 -1.1482518784482763 0 0 0 0.070820115762981833 90 526 92 502
16333 -2.5924276930105274 -3.190833476299888 -0.38275703402619055 0 0 0 1.3711732928424571 6 691 13 426 14 425 16 397 17 406 18 296 8 896
11345 4.0389009701471812 1.5289998200349852 -2.7389001848547023 130 130 130 0.17861259343604605 1 556 2 556 13 237 7 267 16 221
1072 3.4991882963305065 0.65259383281509931 2.7882768821274562 0 0 0 1.7530237601887861 62 894 64 419 57 980 64 520 63 566 61 680 60 914 65 244
976 2.2422814527168455 -1.2558103603022224 3.8120231952127837 99 101 105 0.3651825759083987 58 987 62 709 60 721 55 820
6063 4.0487762820648392 -0.16285333692291096 -1.7742836951045358 61 64 74 0.8906357827727176 91 561 94 527 92 528 93 402 95 349
16336 -2.5923876427051349 -3.1908245732467386 -0.38324673267437359 0 0 0 1.2128793340380026 7 549 10 672 12 580 13 436 15 378 11 451 14 438 17 411 6 754 5 864 4 1036 8 1030
1075 3.4224417802204488 0.69473430316660811 2.8361814320396719 142 142 142 1.2678061233472779 62 898 63 570 64 421 60 917
16435 -3.6573612799949364 2.4814262994682417 4.213267323353671 236 236 236 0.29661119517534118 39 216 37 146
6162 4.94898691205709 -0.033702734435431758 -1.0903309857145329 0 0 0 0.81964561098206035 74 251 83 151 82 279
977 2.2422814527168455 -1.2558103603022224 3.8120231952127837 99 101 105 0.3651825759083987 58 988 62 710 60 722 55 821
979 1.8595548459342266 -1.3272192101531832 4.1165495727065107 102 104 107 0.58003717724858028 58 1108 62 842 60 732 57 640 55 927 53 830
6066 3.2756780353486108 -0.37677621437137387 -1.2306796015566688 59 62 72 2.118496351402043 90 582 92 565
981 1.7297033670690953 -1.3492859169164746 4.2272796529142171 93 96 101 0.60643025520726401 58 982 60 735 57 643 55 811 53 687 52 724
982 1.7108960790049916 -1.3538377079041819 4.2425731954062798 97 99 104 0.70116121934196995 58 979 60 736 55 809 53 685 52 624
983 1.7108960790049916 -1.3538377079041819 4.2425731954062798 97 99 104 0.70116121934196995 58 980 60 737 55 810 53 686 52 625
6070 3.6292537122485906 -0.20905154872276005 -1.5373511296246654 0 0 0 1.152668589059713 90 425 92 446 93 318 95 277 97 261 96 199 99 262 98 219 101 217 100 193 102 224 103 184
984 1.6215070514165066 -1.3695552699754237 4.3156501920252373 89 93 98 0.76858433374997703 58 974 60 740 57 648 55 805 53 681 52 620
6071 3.6292537122485906 -0.20905154872276005 -1.5373511296246654 0 0 0 1.152668589059713 93 319 95 278 97 262 96 200 90 426 92 447 99 263 98 220 101 218 100 194 102 225 103 185
986 2.902065528529167 -0.81614468762385683 3.3462572026227626 7 20 43 0.6349471173974065 59 618 62 717 63 541 64 399 60 743 57 663 61 559 65 232 54 840
6073 4.3015763944410175 -0.18998673327564763 -1.8053471834002497 59 62 72 1.5201424092542366 90 571 91 559 94 525 88 607 89 680 95 326 96 230 99 288 92 559 97 291 98 233 100 209
987 2.8933559228657537 -0.79407985361663891 3.38038436862402 8 40 43 0.69444368780288579 59 623 62 512 63 458 64 331 60 745 65 183
989 1.6397707579295604 -1.0615400371644241 4.3032757840607809 20 36 47 0.55591979410095871 58 1019 62 735 60 757 57 468 55 636 53 708 52 635
991 1.6859352621910135 -1.0382677214830276 4.2630463704163564 124 124 124 0.60969328587711058 58 1022 62 867 60 759 57 679 55 830 53 710 52 638
992 1.6841448961355625 -1.0203252212843856 4.2672097538590776 12 25 45 0.66672792419697691 58 782 62 736 60 760 57 681 55 832 53 712 52 642
6079 3.8257702866025145 -0.40225710209702353 -1.2164919486176529 228 228 228 0.22412802827721687 90 63 92 42 93 39
994 1.658822072279533 -1.0134202137605739 4.2884244076632196 112 118 124 0.58830904578534238 58 1023 62 738 60 765 57 684 55 833 53 713 52 643
6081 3.7769222688639492 -0.42846332931607961 -1.0794850169923584 68 67 67 0.22574187873654866 91 144 93 50
895 1.6908205926016002 -0.9304249843316702 4.2603465519516002 124 124 124 0.97500149216330778 58 796 60 557 62 742 57 479 55 659 53 551 54 629
11168 1.8536950493375817 -0.36448668444532972 3.2840561162947077 124 124 124 0.61562017497522792 166 522 163 697 164 446 161 253 160 200 159 148 157 150 158 147 153 258
6082 3.2126134749615822 -0.42034802648415664 -1.1451021696158921 8 8 8 0.45283798006113951 91 62 93 58
16355 -2.5931939921302365 -3.1916379759364171 -0.38274704646176277 236 236 236 0.60533455965701333 15 256 17 335 18 243 24 52 20 56 22 50
1094 2.8455735427706172 -1.2953324347881521 3.3617098652239834 124 124 124 0.78387323979886547 62 929 60 949 57 858
3356 2.7779819220726387 -1.292339985581501 3.2518067958469494 123 124 124 1.2791369883720209 59 762 62 927 64 494
1002 1.6496322393068159 -0.7525715696821158 4.2959114182033602 95 97 103 0.68135912239652274 58 1039 60 782 57 705 55 841 53 718 54 861
6089 3.8224095500956814 -0.39071070063901731 -1.2405394154805118 228 228 228 0.58152635156205679 90 54 93 90 95 124 97 109
5990 3.8430832067065528 -0.37364772333672847 -1.2878962547879007 225 225 225 1.3488762578924214 87 441 88 466 91 402 90 422 93 313 95 253 97 256 96 212 99 276
16263 -2.5924069390145976 -3.1907957655865111 -0.38265945275876612 59 62 72 2.0531533345835844 7 564 13 484 16 454 12 617 14 462 6 767 15 419 15 402 5 921 4 1092 7 578 3 1014
13539 -1.9591499767685514 0.46716215542076134 6.7513945563615163 104 110 126 1.488948294497785 51 640 166 344 163 547 180 229 180 255 179 300 173 483 175 387 178 248 139 412 124 469 140 333 129 370 166 452 165 483 184 257 135 146 135 289
1008 2.1121171942767769 -0.3961939475113504 3.9414944330008344 31 93 50 0.92422848384224354 59 655 62 767 60 789 57 713 61 599
6095 3.665540201059593 -0.21149927076900982 -1.5614401986214299 163 163 163 0.64183438766390233 90 233 93 210 92 124 97 157 96 82 98 124 100 109 102 160 103 114 103 133
3367 2.1910377188183827 -0.91497832716669303 3.7325633166445535 0 0 0 2.0244659718872251 58 1420 60 1101
13541 -0.66983288280782727 4.2369753101404539 2.5229898738306971 79 83 95 0.56695661731242797 172 451 171 209 166 278 168 276 165 416 163 359 173 432 174 285 161 91 157 62 155 48
1111 2.3419750826901073 -1.239969566707356 3.7366315597693771 110 111 113 0.30351423714581455 59 775 62 949 60 976 57 761 55 1047 54 947
11285 -0.60910025575570304 4.3437480336245953 2.6876354126090192 0 0 0 0.96309904005822133 163 586 165 526 166 279 170 213 171 246 172 513 169 339 174 352 164 335
1012 2.1381808390564254 -0.19933976681634616 3.9001574480164001 56 60 70 0.98509008426732481 58 1079 59 741 62 782 63 582 60 802 57 723 55 990 58 1186 53 880 54 903
6099 3.6702812388647494 -0.19886112699127587 -1.5494243620176107 163 163 163 0.34711876881367731 90 152 92 230 93 221 95 181 97 184 96 149 98 158
3370 3.3669244694597262 -0.34480122493657084 2.499401010099644 29 30 30 1.6357704291611257 63 700 61 813 66 269 68 247 64 535 64 511 61 790 59 892 65 315
13544 -0.39200479336639843 0.25442066619769022 8.8212206992331161 139 139 139 0.77172807294576584 177 279 177 318 179 303 176 402 176 437 175 362 167 339 166 397 173 457 170 244 171 242 163 584 164 328 165 564 166 432 172 473 174 342 178 284 180 283 181 296 161 155 160 125 159 83 157 37 162 130 156 121 154 163 169 374 168 272
6100 4.1685716082680946 -0.36815003661468071 -1.1509778759493638 59 62 72 0.66231638470927856 88 171 93 227
11287 1.5239228442140393 0.22452238117336668 5.3137155848940525 6 19 42 1.1231663924640474 163 634 168 368 164 339 165 574 161 165 159 88 162 56 156 19 154 15
1014 2.0635877368562583 -0.21119328515262228 3.9612092660949938 67 70 78 1.2599160351344261 58 1072 60 804 57 725 55 883 53 767 61 700 54 900
6101 3.2830153430495121 -0.38198625142241871 -1.2197397837159556 231 231 231 0.067794693912920229 92 331 93 237
1015 1.6098376356335775 -0.39736124437559028 4.3362038400171645 112 118 124 0.85443239900251577 58 1063 62 899 60 805 57 719 53 736 55 861 52 752 54 893
13547 5.4385524390970525 0.57791732658240313 -0.73900038374179844 27 27 27 0.96830874320122173 77 799 76 767 78 822 75 817 79 806 74 700 10 604 8 940 9 721 4 938 205 868 3 780 1 764 2 764 6 650 7 515 12 564 81 700 11 420 5 796 80 745
1016 1.6373389185855984 -0.2825523498950705 4.3141450160361119 66 68 76 1.2096869820050828 58 1069 60 806 57 728 53 750 55 876 52 667 54 897
6103 3.6582576746175746 -0.20178677652721294 -1.5447464953602525 0 0 0 0.79712628422773868 93 257 95 211 97 209 96 172 95 229 90 336 92 317 99 243 98 174 101 200 100 169 102 197 104 189 103 164
1017 1.6597970616707578 -0.23135636737070067 4.2959483794074389 97 99 104 1.4563784413578136 58 1074 62 801 60 808 57 730 53 760 55 880 52 671 54 909
6104 3.2318579909910823 -0.34565399159401622 -1.2067597340249969 114 120 137 1.0774307210205762 92 192 93 273
1018 1.6597970616707578 -0.23135636737070067 4.2959483794074389 97 99 104 1.4563784413578136 58 1075 62 802 60 809 57 731 53 761 55 881 52 672 54 910
6105 3.6397761060549576 -0.20354418036451466 -1.5319366656772866 164 164 164 0.43975853858206204 90 383 92 409 93 288 95 257
3381 2.9283080255881813 -0.83942590984254295 3.3573130300155767 15 26 46 0.79228124786397358 59 188 62 162 64 125 65 118
11298 -0.038336872680783701 3.3971276899026872 3.4977436319144584 116 122 140 0.63553223335000308 163 700 165 655 166 524 167 446 168 396 169 505 171 345 172 611 171 363 170 332 173 596 164 457 159 187 161 291 160 237 160 226 157 197 162 201 158 194 156 246 155 254 153 308 154 277 149 418 151 334 148 520
1025 2.8545752149198145 -1.3800888481376055 3.3276354952330798 12 90 38 1.0974376172553377 59 680 62 813 60 820 57 738 61 630
16385 -2.5924116630619589 -3.1908103238173298 -0.38325487189164414 231 231 231 0.87976960588534292 15 226 19 111 21 46 12 378 14 266 18 202
6112 2.9108753853190033 -0.092728833189959725 -1.0818387938945615 0 0 0 0.83476890336440479 83 575 84 501 87 546 85 468 89 582
11300 1.4145699496003468 0.18692310673134047 5.1643650152264025 6 19 42 1.674063742012436 170 367 164 498 157 208
1027 1.758594315135831 -1.7120910797021842 4.1988864285372234 124 124 124 0.73742493989207314 58 918 60 823 55 902 53 641 55 753
6114 3.2857922392407302 -0.41214567982655426 -1.1152476990693649 95 100 115 0.41035715275926199 92 468 93 374
3385 5.1213316588531148 -0.069490776820571379 1.3345684179599022 124 124 124 1.3002525776644775 63 423 61 36 73 439 71 207 74 497 70 224 70 256 64 303 65 173 69 157 68 113 75 629 67 74 68 181 66 204 75 582 71 268 72 236 59 385
13559 -0.77750393735606171 3.5843584438847458 2.1230712311062772 59 62 72 0.85988178396927006 173 422 174 190 170 76 167 107 166 43 164 184 157 34 158 30 166 379
11301 -0.60874630547799291 5.1199584060413583 3.0112057885171075 231 231 231 1.3783389154773813 163 744 167 481 170 369 164 519 149 496 151 405 150 456 147 629 165 686 166 556 148 650 146 545
1028 2.3542731876347851 -1.4080674172252261 3.7254305027172259 124 124 124 0.8232025852712167 58 1224 62 935 60 825 57 745 55 1024 54 1058
6115 3.4035189973728825 -0.5011067754701416 -0.86940490217056143 0 0 0 0.93889149626694479 86 490 84 375 87 516 83 410 85 406 82 221
6016 3.8292855667144012 -0.39724786633690473 -1.2262043728779413 227 227 227 1.2097716750927545 91 2 92 132 93 92 95 127 97 160
16289 -2.5931940150498614 -3.1916228906191511 -0.38276859908939098 235 235 235 1.1049900527280228 16 304 17 303 7 358 18 231 17 328 19 138 21 60 24 36 24 64 19 153 20 52 23 33
3386 3.7479264993520194 -0.36232034733712087 2.1779090012965594 9 11 14 1.3666755597409375 61 553 65 179 64 239 66 165
1029 2.7607194951605045 -1.2153434120155 3.3017382719963373 58 62 71 0.19846934187546092 64 449 60 826
6116 3.4035189973728825 -0.5011067754701416 -0.86940490217056143 0 0 0 0.93889149626694479 86 489 84 374 87 515 83 409 85 405 82 220
1030 2.7607194951605045 -1.2153434120155 3.3017382719963373 58 62 71 0.19846934187546092 64 450 60 827
16390 -2.592429929856872 -3.1908201530010682 -0.38276228278887736 130 130 130 0.24828161342282823 7 367 10 459 15 249 16 262 18 219
6117 3.2450119338029051 -0.33175829689064801 -1.3105713512680264 231 231 231 0.44268798861554937 92 536 93 392
3389 5.239363169033858 0.081644658561692299 1.4202862031831571 231 231 231 1.3870088664899431 59 682 61 632 65 218 67 77 69 161
13563 -2.2601547948375669 1.5067227791772579 6.5368048580170193 71 75 86 1.531398939636279 44 375 46 372 47 558 48 460 45 366 42 370 184 417 43 263 182 349 183 386 181 328 180 297 41 252 49 690 135 439
3390 5.239363169033858 0.081644658561692299 1.4202862031831571 231 231 231 1.3870088664899431 59 683 61 633 65 219 67 76 69 160
1033 2.7891899913576039 -1.2156498333631749 3.3901261470149335 65 68 76 1.1846168882846286 59 769 62 815 63 613 64 455 60 831 61 728 54 1083
1034 2.9743125048744825 -1.1184949738354604 3.2535707013257595 109 110 113 1.3452853963988862 58 1264 59 686 62 816 63 610 64 451 60 832 57 747 61 723 65 261 54 1093
6121 4.4513558353399487 -0.2176839483695063 -1.3335636194146949 0 0 0 1.5585637734211621 75 271 85 152 86 183 87 284 83 127
1035 2.9743125048744825 -1.1184949738354604 3.2535707013257595 109 110 113 1.3452853963988862 58 1265 59 687 62 817 63 611 64 452 60 833 57 748 61 724 65 262 54 1094
6122 5.4942616677669971 0.91831323125929276 -0.93088560224873174 0 0 0 1.7242610926318513 85 473 77 483 78 451 79 429 83 373 80 390 81 333 82 365 74 536 75 581
16395 -2.5931939921302365 -3.1916379759364171 -0.38274704646176277 236 236 236 0.60533455965701333 15 255 17 334 18 242 24 51 20 55 22 49
1036 2.8949959990831751 -1.1371398136259188 3.3147971107910603 86 89 96 1.1895111765062902 59 691 62 820 60 836 57 751 64 456 58 1262 61 637 54 1091
6123 5.5223065448536239 1.0285136764353924 -0.97423422863512654 0 0 0 1.5414882868626556 85 474 79 430 77 485 78 518 80 393 83 375 85 375 81 412 76 471 82 449 75 583
1038 2.7923291282586788 -1.1532996206697306 3.38817422079032 109 111 113 1.0418106075227367 58 1120 59 694 62 823 63 529 64 458 60 838 57 755 61 641 54 956
6125 5.4673911437586122 0.9174964762955532 -0.98785640538447839 0 0 0 1.0384265751497235 85 683 76 769 77 801 78 795 79 809 83 757 80 716 81 672 82 790
3397 2.9458767444383382 -0.52593710027874085 3.3925719409673558 114 114 116 0.54205205855139782 59 783 62 957 63 622 65 272
13571 -2.3324570945497234 1.4444185886490504 6.5909078481423355 86 80 77 0.3283928590969199 46 32 48 128 183 180 179 273 180 173 179 237 182 190
3398 2.9458767444383382 -0.52593710027874085 3.3925719409673558 114 114 116 0.54205205855139782 59 784 62 958 63 623 65 273
13572 -2.3191843700964454 -0.90700626082037483 6.5894637946838701 6 6 6 1.5615373198311062 176 215 178 126 179 135 177 146 174 117 180 98 175 149 176 212 174 43
1041 1.7742552662205022 -1.3393439913027683 4.1884303372389189 89 92 99 0.75260625796255454 58 1105 62 844 60 850 57 771 55 924 53 823
6128 4.3905337388365169 0.0059922556211746171 -1.7512698405728959 0 0 0 0.7533454180885506 79 187 88 273 89 311 86 272 82 131 85 150 84 164
16401 -2.5931959063228978 -3.1916536470984447 -0.38272775569472733 236 236 236 0.84803777385456858 14 375 18 262 7 414
3399 5.5019346124742841 -0.0054625772106675734 1.07608521039057 6 20 42 0.39993053563696079 66 247 68 240 67 134 61 760 63 643 64 481 65 284 69 214 73 481 71 298 75 711 74 567 70 275 72 297 76 665 77 724
13573 -1.891965136446158 0.78846176686300695 6.6826176038208693 165 165 165 1.0436467349618137 180 182 178 204 182 194 177 215 175 280 176 344 174 263 124 353 127 338 129 244 139 368 125 402 126 297 137 195 138 222 172 415 173 397 169 310 123 383 181 182 181 81 131 116 131 191 130 169 168 242 166 355 167 285 165 493 164 306 141 289 142 301 144 290 183 185 184 202 47 400 46 238 45 263 132 130 132 219 43 169 134 179 141 463 133 136 161 137 135 68 136 178
1042 1.7742552662205022 -1.3393439913027683 4.1884303372389189 89 92 99 0.75260625796255454 58 1106 62 845 60 851 57 772 55 925 53 824
3400 4.8614738107085245 0.00063715148647329814 1.5470618939731098 0 0 0 1.047303202735792 61 770 65 288 61 719 59 684
13574 -2.3823650232059848 0.51033596751141208 6.4671069713623526 0 0 0 2.0161622624091291 182 281 174 332 166 331 167 262 168 217 169 278 170 163 171 157 173 367 176 312 184 254 131 403 140 429 141 483 126 530 127 575 128 473 129 460 138 370 130 363 128 418 124 567 123 624 179 165 178 161 125 625 142 468 181 140 44 222 45 211 44 291 47 431 42 273 49 505 48 291 182 156 182 243 41 181 180 129 138 157 137 138 129 195 127 283 126 244 128 236 185 283 124 275 139 217 125 342 171 62 144 458 186 150 186 216 207 691 143 502 141 244 136 308 136 357 123 497 143 378
1043 2.8566248352046539 -0.80847016501421753 3.3402969862895939 7 45 42 1.2958627485778123 58 1141 60 855 57 778 54 967
13576 -2.3191843700964454 -0.90700626082037483 6.5894637946838701 6 6 6 1.5615373198311062 178 127 179 136 177 147 176 216 174 118 180 99 175 150 176 213 174 44
1045 3.4641287783513852 -0.40490090546156632 2.3815544959260779 10 21 13 1.9447800343419837 63 539 68 188 64 396 65 229 67 81
13676 -1.9600945699044054 4.4845562561006362 3.1241025803524769 166 166 166 0.49569947324704605 117 362 118 407 207 439 115 230 112 199 110 128
3403 4.5036353895712615 -0.091745608203251477 1.8288707872094407 9 11 14 0.55869995351340451 59 838 63 695 64 533 65 312 68 244 67 141 66 264 69 235
1046 4.5945638147415861 0.0023790185570137087 2.0383770153111156 29 30 30 1.3049953489357362 63 535 60 858
6133 4.4236873572504516 -0.036282300852967096 -1.6502523913283842 0 0 0 1.777856565414039 86 699 83 714 78 776 77 765 79 730 80 666
13580 -1.6257650202716145 -1.2139286830962623 7.0672892583744868 26 79 39 1.3918474128776357 176 111 177 61 175 19 174 13 49 188 45 98 47 132 50 316 51 303 52 417 177 18 53 509
1050 2.6968682522038354 -0.72147883169573312 3.4601159968284723 8 44 42 0.68572654235182751 58 1152 59 712 63 621 64 470 60 866 57 786 61 658 54 979
13681 -2.029973928383269 4.471919870525797 3.4581272938523822 166 166 166 0.47413817649851131 116 260 117 319 207 445 109 140 105 149 108 123
1051 3.1203064672415568 -0.46630534335246165 2.5777999046768261 9 11 13 3.4394648445514315 64 327 60 867
1052 2.7667329075393674 -0.61191250033425326 3.4350069460915398 89 90 95 0.4373542956394964 63 625 60 870 59 714 62 854 64 473 57 792 61 740 54 993
13683 -1.8870130978949595 4.495125486277626 3.2671141075645003 0 0 0 1.0971092993857772 116 263 117 278 118 360 207 446 116 304 117 393 114 229 114 250 120 481 115 191 115 235 113 223 112 231 111 178 111 204 110 158 109 159 105 144 105 170 108 120 106 159 107 142
3410 5.5211529483683215 -0.011799541095843186 1.0305337977093052 124 124 124 0.73507798949345793 61 823 63 709 64 549 65 330 66 284 68 261 67 151 69 230 73 519 75 744 74 613 71 324 72 337 76 694 77 722
1053 1.6485052986892932 -1.0421605944620829 4.2964927959338004 124 124 124 0.51906404348232749 58 1133 62 965 60 872 57 787 55 945 53 856 52 731
6140 4.3927431669825125 -0.034451509267563379 -1.7089500104446582 0 0 0 1.2167519101174527 78 226 89 303 83 63 82 54 84 157 85 143 77 144 86 173 87 275
13586 -2.382282854559215 0.5103764621251321 6.4662077504439965 0 0 0 2.0018920114038474 181 141 44 223 45 212 184 255 49 506 48 292 182 157 180 130 44 292 47 432 42 274 182 244 41 182 138 158 137 139 127 284 129 196 126 245 128 237 185 284 124 276 125 343 139 218 178 162 179 166 176 313 168 218 173 368 166 332 167 263 169 279 170 164 171 158 182 282 124 568 123 625 125 626 126 531 127 576 128 474 131 404 138 371 140 430 141 484 142 469 144 459 128 419 130 364 129 461 186 151 186 217 207 692 141 245 143 503 136 309 136 358 123 498 143 379
13587 -3.1131162197167881 0.55793924445562826 6.049957875460084 42 44 51 1.3095929760279441 182 313 183 328 180 287 178 318 181 305 179 331 177 330 44 347 45 338 42 336 41 211 185 333 43 216 40 240 186 252 39 194 37 121
1056 2.7646699968249329 -0.5613347729018715 3.4540448999052207 82 86 93 0.48556880163492216 62 857 60 875 57 798 61 661
1057 2.248447362960273 -0.70404908647196485 3.7975133758935931 60 63 72 0.6181551056484057 59 725 62 869 60 883 57 807 54 990
3415 3.4004771000744833 -0.38248721703786975 2.4422875940024431 9 11 14 1.8654718626561269 63 759 61 877 66 328 64 601 68 314 65 368 59 968 62 1149
13589 -2.0566598060109862 0.74155879658764656 6.6041485922759104 0 0 0 1.7656583088719122 129 426 124 536 138 391 126 540 127 533 141 497 164 357 170 237 171 175 164 12 125 582 142 474 174 251 175 272 144 469 48 393 45 302 137 323 137 364 178 196 179 208 139 482 128 488 131 454 130 287 130 328 138 212 140 224 180 172 181 178 125 459 124 342 130 160 48 348 41 202 43 201 44 302 46 292 47 495 49 615 183 285 40 195 42 219 126 288 176 337 177 206 45 258 129 234 40 235 46 233 47 395 165 488 172 407 168 234 51 647 169 302 163 551 166 348 167 279 173 487 132 117 132 215 132 282 134 166 134 251 207 825 183 342 143 444 143 510 135 293 135 376 136 418
11332 -0.64461323980644125 4.273658342687229 2.6006038953028598 76 80 93 0.92023697877005484 168 113 171 116 174 286 164 60 157 16 158 16
1059 2.1094696874758414 -0.72550161728436768 3.9212354973743579 45 50 63 0.84077546028706951 58 1156 62 873 60 891 54 986
6146 4.3894378947727786 0.0065188308735486958 -1.7518879033113737 0 0 0 1.2314746025113337 79 186 86 271 89 310 82 230 83 210 82 130 85 149 77 395 78 364 80 225 88 272 91 237 81 114 84 163
3417 3.3039971267323418 -0.38014532322603861 2.5385579170472545 9 11 14 2.0048550757995773 61 897 66 338 68 324 59 984 60 1188 62 1163 63 769
13591 -4.4841429262255161 2.8324086325342903 5.1077346084820716 0 0 0 1.49405886905873 124 603 141 506 118 412 117 399 116 329 140 402 121 441 125 653 123 644 122 547 123 528 144 495 120 415 125 544
11333 -1.1322646415988056 0.65971476291280406 6.3234175576548202 111 117 134 1.0941483912262306 163 236 169 237 173 405 166 243 164 177 179 215 174 314 178 249 179 275 181 234 180 231 182 249 159 52 207 737 157 26 51 649 49 526 48 351 136 268
1060 2.1095162628626003 -0.72602688728424802 3.9210700936409446 45 50 63 0.76675333096314036 58 1157 62 874 60 892 61 676 54 987
1061 3.2445266988914336 -0.22793451706522247 2.9525619787078394 28 29 29 1.8376208175074922 60 893 62 959 57 817 54 1008
3419 2.8883406267786915 -0.39872210141102876 2.5557782450425868 29 30 30 1.0189589794177718 63 771 59 985 64 614 61 898 65 372
13593 -1.4346085812372855 -1.1453211630462943 6.9183576973846312 73 73 74 0.95373353027370067 46 206 47 343 48 272 49 471 45 250 44 265 176 233 175 161 177 174 175 236 173 104 174 64 169 170 170 59 171 60 172 217 51 572 167 153 168 128
1062 1.7499178871389029 -0.88192231925719689 4.2115579983753273 11 77 39 0.65112777161891011 58 1142 62 875 60 894 57 805 55 965 53 932 52 805 54 976
11336 4.8192923212384473 1.1144453444539124 -2.0698655448274073 101 106 122 1.4467447470589354 78 162 79 423 85 36 80 371
1063 1.7499178871389029 -0.88192231925719689 4.2115579983753273 11 77 39 0.65112777161891011 58 1143 62 876 60 895 57 806 55 966 53 931 52 804 54 977
13595 -1.6660949019524824 -1.2174722805942169 7.0917077807526425 3 11 23 1.3923570919391008 175 353 176 396 177 274 173 449 174 309 169 262 171 145 170 153 168 206 172 462 44 312 52 860 51 661 50 622 49 574 45 296 46 301 47 451 48 388 167 146
1064 1.7702450916313468 -0.78427786776679409 4.1967612949421875 71 74 81 0.51650943593088328 58 1153 62 877 60 896 57 813 55 969 53 860 54 982
11338 5.84649898137567 0.17550778293735628 -0.092966748936552726 0 0 0 0.20747935266645029 73 302 74 481 75 489 77 441 7 13
1065 1.7702450916313468 -0.78427786776679409 4.1967612949421875 71 74 81 0.51650943593088328 58 1154 62 878 60 897 57 814 55 970 53 861 54 983
13696 -3.713795237043843 4.9621195186278708 4.7592530161501667 8 8 8 0.72877015467307593 116 252 117 295 118 345 119 476 120 396 121 392 122 528 114 206 115 180 113 212 112 191 111 196 110 147 109 131 109 152 105 190 108 132 106 178 107 161 207 546
3423 5.2544569162339796 -0.026320044653153275 1.2616226492107421 9 23 43 0.7896683745273998 63 421 64 301 65 172 66 162 64 379 65 216 67 73 69 156 73 341 71 206 75 580 74 447 70 223 68 180 72 192 76 524 59 579
13597 -1.7807266162790811 0.47038352156257951 7.044564782319334 109 115 132 1.0806746419314746 44 300 46 290 47 468 48 378 45 285 40 250 41 203 42 304 43 202 184 331 183 287 182 287 142 480 51 673 141 500 134 209 144 473 133 163 49 588 135 343 136 378
1066 1.679492929420086 -0.74838795326064278 4.2747204122239451 106 108 111 0.36527019700303615 58 1041 62 883 60 898 57 703 55 973 53 864 52 747
13697 -3.713795237043843 4.9621195186278708 4.7592530161501667 8 8 8 0.72877015467307593 116 253 117 296 118 346 119 477 120 397 121 393 122 529 114 207 115 181 113 213 112 192 111 197 110 148 109 132 109 153 105 191 108 133 106 179 107 162 207 547
3424 5.6987501093566966 0.070355413417451426 0.97413353110750489 14 14 14 1.3024308652904544 64 480 65 283 69 213 72 296 73 478 71 296 77 692 76 663 75 673 74 566 70 274 67 133 68 225 63 642
1067 1.679492929420086 -0.74838795326064278 4.2747204122239451 106 108 111 0.36527019700303615 58 1042 62 884 60 899 57 704 55 974 53 865 52 748
3425 5.1160604447221445 -0.086348051714958615 1.3188889077147805 124 124 124 0.83757533035452492 63 646 73 484 71 301 74 618 70 277 64 484 65 286 69 216 75 716 68 227 66 249 72 299
13599 -3.7426126151367098 2.2486565858066316 4.5484589570841676 153 153 153 1.2159252898670836 184 244 185 279 183 238 180 211 176 275 176 200 175 143 181 247 175 202 178 109 180 89 177 133 183 269 186 242 37 98
1068 1.5860141090509214 -0.75886090455663846 4.3486724608423017 98 100 104 0.87862656016833895 58 1158 62 976 60 900 57 818 55 971 53 862 52 745 54 994
3426 4.1932414805035938 -0.097563648608548811 2.0703576870507532 14 14 14 1.9531030958074362 61 647 64 395 65 228 66 210 68 216 59 610
13600 -2.2390014799744424 1.0859763797720605 6.4612656981485115 0 0 0 1.3685810387852639 44 316 51 726 49 618 46 310 48 396 45 331 48 423 45 288 47 473 42 306 184 329 182 286 46 270 45 261 41 217 181 267 178 194 180 257 179 206 175 270 185 343 47 439 140 384 40 233 43 204 130 292 141 495 185 293 174 249 176 429 178 312 137 398 129 467 138 444 127 536 126 542 123 629 122 575 125 584 124 534 131 365 131 418 130 374 163 549 165 486 166 346 167 277 168 232 169 300 170 176 171 173 173 485 172 405 164 304 132 245 134 280 177 204 133 197 207 823 143 508 143 547 135 342 136 421
1069 1.5860141090509214 -0.75886090455663846 4.3486724608423017 98 100 104 0.87862656016833895 58 1159 62 977 60 901 57 819 55 972 53 863 52 746 54 995
3430 4.1894663680333464 -0.096594190255334875 2.0768491374615001 28 28 28 1.088734488000128 63 337 64 242 65 55 66 166 68 138
11347 5.8260299993896458 0.35671584035943554 -0.10959092020120011 0 0 0 0.47474092112929522 73 476 78 618 7 280 77 641 6 256
1074 3.4224417802204488 0.69473430316660811 2.8361814320396719 142 142 142 1.2678061233472779 62 897 63 569 64 420 60 916
11350 3.9819017085068595 1.6515240542309708 -2.5622879017907239 130 130 130 0.28548887986291055 1 615 2 615 7 295 10 410 6 447 9 335 9 483 4 450 3 422 14 239 13 316 12 346 15 193 16 275 11 241 5 385
1077 3.2214737265795206 0.73224510536020793 2.9677559728121898 142 142 142 1.1307438284426441 62 903 64 431 60 919 57 834 61 701
11352 -1.2599842354637198 1.7789118260551515 8.0063039519895352 0 0 0 1.0768291848152431 175 290 179 219 163 582 161 156 157 174 158 176 155 184 153 227 150 250 149 282 146 278 173 412
1079 3.3192538735093984 0.80769736575068674 2.9365675146360233 0 0 0 1.1721905765013361 63 587 60 921
13711 -4.394170108643829 3.3338531255788335 5.1187787928833997 59 62 72 0.84928791302442352 116 320 117 372 118 377 119 449 120 424 122 491 125 616 139 520 140 415 114 255 115 260 207 656
3438 3.6149165088758894 -0.41525788136753311 0.88161379159284547 9 9 9 1.2884415712607205 61 520 65 168
13712 -4.2320060444629073 3.2813471020132412 5.2599480359950563 71 75 87 1.0978678566899811 116 350 117 423 118 478 125 690 138 487 140 476 119 564 122 599 123 693 121 509 119 539 141 551 121 486 123 655 114 298 115 299 207 659
1082 3.065918539496248 0.95371313272392688 3.105481569306539 142 142 142 0.95081410263597432 62 913 63 402 60 925 61 620
3441 2.9302812182522211 -0.5240896200122378 2.6899768085480722 57 57 57 2.2995634111092937 63 542 65 233 68 194 66 253
1085 2.410858712035151 -1.6152482626933493 3.6795457780078578 12 90 38 1.4347175302088211 59 817 62 1002 60 929 58 1200 55 1090 206 105
3445 5.1862818959444041 -0.37915038123304873 1.3602018018877211 0 0 0 0.58109706385620097 63 598 65 253 64 373 65 210 61 709
6176 -3.9796764452325992 0.81857974398222466 7.1592518238076961 59 62 72 0.31130796539778621 43 12 44 6 45 15 185 42 46 15 39 11 183 7 37 11
990 1.6859352621910135 -1.0382677214830276 4.2630463704163564 124 124 124 0.60969328587711058 58 1021 62 866 60 758 57 678 55 829 53 709 52 637
11263 -2.2278180917835093 -1.2544823695302629 7.5545068092343737 9 9 9 1.7505043549070338 176 223 175 155 169 144 176 102 175 121 174 4 172 174 173 90 169 13 173 91 171 7
13621 4.3379591167918559 0.24034488282747987 -2.076468315161466 0 0 0 0.3586835516581125 79 313 85 267
13721 -2.4402220114065116 0.84610005782217668 6.2767681541577609 228 228 228 1.6053364549894256 123 574 124 570 126 486 127 525 128 524 130 368 131 449 137 354 138 376 139 462 140 370 142 511 141 529 141 437 128 342 123 501 129 292 137 311 130 209 122 405 137 148 136 233
3448 -0.16275319973324198 -1.3808030061642214 0.51776300438498302 124 124 124 0.46830488434085787 64 551 65 328
13622 3.5368266487374709 -0.32275569046958208 -0.90703667442992209 0 0 0 0.82748081345622337 88 323 91 283 90 309 94 250 92 297
1093 2.8407775747665802 -1.3003481789600633 3.356013390842826 124 124 124 1.4057466803167991 58 1360 60 948 57 857 54 1065
1095 2.3375118836269921 -1.4446716142625347 3.740441363024829 11 84 38 0.58202931471164188 58 1219 62 932 60 953 57 859
11269 -3.6834832226668337 2.4676410022199007 4.3014174166128498 0 0 0 0.92062962762154255 183 375 184 409 176 406 181 317 178 316 182 336 180 286 179 305 177 326 185 390
6083 4.2666737602890281 -0.22388882106449651 -1.7531875890393789 231 231 231 0.89050913635039264 77 195 95 2 97 32 89 168 78 83 93 70 99 28 98 50 100 18
16356 -1.2815776106996284 1.7691785095687311 8.0563136509623945 0 0 0 1.9368643438329869 156 201 152 234 163 677 175 413 168 269 170 209 171 240 172 564 168 335 178 282 180 235 176 456 177 364 177 316 179 325 174 382 167 308 172 436 164 450 167 401 181 207 157 96 165 523 166 393 169 332 156 220 148 380 174 276
1096 2.3746010670879882 -1.3962111153864658 3.7077808824760337 12 90 38 0.77700728259988217 59 835 62 936 60 954 57 860 58 1227 55 1028 54 1064
6183 -4.1723332658595584 0.63012371483833474 7.0343503094061903 61 64 75 0.58031218929887218 45 40 43 29 184 23
6184 -4.1857819765201016 0.83072202608655055 7.4597369570130629 61 64 74 0.58191602054213065 45 132 43 56 41 57 186 96 185 136
998 2.1496428377696315 -0.66812358255700022 3.8827172046130771 104 106 109 0.59671566667699993 59 733 60 776 57 699 61 678 54 870
11271 0.058646753958926608 3.4711957612242093 3.6261480941762603 0 0 0 0.38433042475485207 165 67 170 86 171 122 169 209 173 342 164 64
1100 2.249347894881804 -1.4280461363079784 3.8076615980348536 124 124 124 0.38903659329651585 59 770 62 938 60 958 57 746 206 139
16460 -3.6272880337853128 -0.13458623720316673 7.2208478741965889 62 65 76 1.7316163702387213 41 206 187 193 186 250 188 172
6187 -2.7417348894584053 0.81822289644882173 6.2653083677613353 228 228 228 1.0700638352123102 45 210 43 93 183 246 181 133 178 153 40 102 179 160 180 122 182 149 185 161 140 158 49 440 129 183 139 202 122 292 137 120 138 150 127 267 128 224 125 333 131 252 184 156 183 138 176 302 177 165 142 231 141 319 172 380 175 231 173 359 39 55 39 87 37 34 37 58 46 260 144 216 47 381
11374 4.3560333930310735 1.3865860981459308 -2.3253318344594551 1 1 1 1.1952505888393874 1 771 2 771 7 545 10 694 6 719 9 789 4 1028 3 931 12 600 205 955 8 1020 11 447 13 461 5 859
1101 2.2253735464154096 -1.4238901231752112 3.8245805581538073 12 90 38 0.89267467202488326 58 1223 60 960 57 864 55 1022 54 1062
13732 -3.2365440462145112 4.8074486592617713 4.5853831212241065 119 125 144 0.88897034637800509 116 286 119 516 120 472 121 462 113 217 207 719
3459 0.61363077637649199 -1.8828314293352848 4.7924000093788255 53 67 64 0.17475342324689297 50 616 51 659
1103 2.378486356621615 -1.2934603719709792 3.7042048202205762 62 65 74 0.83782900969382679 58 1251 62 942 60 968 57 870 61 733 54 1081
1004 1.6609427809601376 -0.74821544508834203 4.2880488644957593 105 107 110 0.51791948659698495 58 1043 62 755 60 784 57 707 55 678 53 720 52 645 54 865
11277 -0.98089471949281692 5.4971980579173589 2.7302569300634429 8 8 8 0.7541319328890298 163 396 165 252 167 140 164 212 156 25
1104 2.1710694709605729 -1.3343710257656984 3.8662215341643447 108 109 111 0.83442881320826201 58 1244 60 969 57 871 54 1077
16464 -3.4350666185390879 -0.075772280681910192 7.5056410011782022 62 66 76 1.7137864564993543 186 273 187 210 43 209 185 332
3462 0.051389793072978251 -1.4400989088830114 5.4179638977613953 17 19 20 0.65602436977082856 47 459 50 608 208 738
1105 2.1710694709605729 -1.3343710257656984 3.8662215341643447 108 109 111 0.83442881320826201 58 1245 60 970 57 872 54 1078
3543 6.026865590893693 0.071383152517758744 0.67361222088826422 124 124 124 0.4156420780929701 67 146 69 224 72 326 71 311 77 686 76 655 78 719 75 704 74 603 70 286 73 510 66 280 68 257
13717 -4.0757422002898922 4.1105241131686672 5.088678703646484 0 0 0 1.0728018520483411 117 377 119 461 121 417 123 619 207 683 116 249 115 211 113 206 124 526 111 215 110 165
3444 -0.068421403568514269 -1.3595952557780853 0.49726778684882933 6 20 42 0.37488901975393119 64 482 65 252
1186 1.6086432280492904 -0.33595788903159468 4.3417328762870611 124 124 124 1.0175490536053822 58 1426 60 1110 57 1009 53 1014 55 1165 52 894 54 1221 62 1089 206 750
11360 4.0055764442311572 1.5951622315445091 -2.6401066810292639 0 0 0 0.63371191471715216 1 720 2 720 7 436 10 491 6 536 9 612 4 623 3 727 14 339 13 350 205 648 8 807 12 430 15 299 16 317 11 313 5 697 208 1467
13817 -4.6588558930930244 3.9056191796972537 4.5944265562822499 59 62 72 0.97945173498229732 117 62 118 118 121 115 123 46 114 23 116 147 120 145 122 158 119 228 120 219 122 255 123 267
3544 5.9969249653363761 0.075102821502818842 0.75901197241936036 124 124 124 0.62839313275187259 67 148 69 225 72 327 71 315 77 687 78 720 75 708 74 607 70 287 66 281 73 514 76 656 68 258
1187 3.1654822566486338 0.87124401417948327 3.0554543389098798 0 0 0 0.42717302460330542 60 1113 63 686 61 807
11361 4.0057987604476857 1.621185006937891 -2.5771751614172804 130 130 130 0.49534648417225891 1 722 2 722 7 437 10 497 6 541 9 614 4 775 14 341 13 352 205 654 8 809 15 301 11 352 5 698 208 1600
1088 2.9791102098949103 -1.3302132182821802 3.2946721571873967 124 124 124 1.0443351051505776 62 921 60 939 57 847 54 1056
3446 4.5036353895712615 -0.091745608203251477 1.8288707872094407 9 11 14 0.55869995351340451 63 696 64 534 65 313 59 837 68 245 67 142 66 265 69 236
13719 -3.8700759117200585 4.0591658966211543 5.195896893902721 228 228 228 0.67615988491768064 116 326 117 382 118 422 119 506 120 462 121 453 122 565 139 577 207 693 114 285 115 263 113 265 112 238 111 244 110 186 109 181 108 149
1188 3.1654822566486338 0.87124401417948327 3.0554543389098798 0 0 0 0.42717302460330542 60 1114 63 687 61 808
1089 2.4224798213773324 -1.4962219028484665 3.6691475242946852 12 88 38 1.0498364839813104 59 822 62 925 60 941 57 848 58 1212 54 1048 206 123
11362 5.8628118777092526 0.23480889101264488 -0.082161546182829545 130 130 130 0.3441909216394754 77 772 78 786 79 770 7 480 5 737
13720 -3.8698277849739471 4.0576910660221204 5.1944400238664468 228 228 228 0.8056383739842794 116 325 117 381 118 421 119 507 120 461 121 452 123 665 124 629 139 578 207 694 122 566 114 284 122 610 115 262 113 264 112 237 111 243 110 185 109 180 108 148
11363 4.0990531004296571 1.543618292418792 -2.4731680900378756 0 0 0 0.5725091355581744 1 776 2 776 7 485 10 613 6 664 9 674 4 862 3 792 12 526 14 380 15 352 13 410 205 780 8 874 11 381 5 748 81 703 208 1725
1090 2.4231441297785166 -1.4972227464490533 3.6693002385488427 12 88 38 1.1899958970892499 58 1213 62 926 60 942 59 823 57 849 55 1104 54 1049 206 124
1193 1.7033133841792718 -1.6614680971803888 4.2366000881285126 112 118 124 1.0558271302437212 58 1428 60 1124 57 1014 55 1168
13725 -2.3764794369757882 0.73653600255821816 6.4325334419592792 0 0 0 1.673774441052736 122 519 123 577 126 488 128 479 129 415 130 324 131 352 139 466 141 487 144 460 126 416 127 470 138 325 140 326 207 701 143 478 142 337 127 297 124 302 125 362 129 209 130 133 138 175 139 236 126 256 137 154 141 251 145 423 145 499 135 284 136 361
1194 1.7558564095788662 -1.6025735844096036 4.2067223427262093 112 118 124 0.7455336305558784 58 1431 57 1015 55 1171 53 1031 60 1125
1195 2.8081053781083956 -0.7658710192301551 3.3968252004750243 124 124 124 0.50767311143245553 59 921 62 1104 63 726 64 579 60 1129 61 841 65 354
3553 4.3363693701621573 -1.3475684988934842 1.3696321373619604 141 141 141 0.33526669470035314 66 324 72 395 68 306
13727 -2.3849023020865618 0.90584491400397238 6.4179273591355477 228 228 228 1.28523669714529 122 525 123 582 128 482 129 363 130 219 138 327 139 469 140 328 141 443 142 431 144 462 128 349 125 370 131 164 137 164 126 263 127 313 140 194 132 94 132 211 207 706 143 432 145 425 145 501 135 221 135 335 136 311 136 364 134 91
1196 3.7988634641924515 -0.2855142356524375 2.2079945883599894 29 30 30 0.94384269252449982 66 268 65 314 67 143 68 270 59 887
1097 2.3595106875134966 -1.3970316359541077 3.6959671875170907 12 90 38 0.45483322829080081 59 836 62 937 60 955 57 861
11370 4.1685916522258921 1.4771699413213979 -2.513996334333195 130 130 130 0.40289949510955236 7 519 10 665 6 722 9 733 4 954 3 874 12 568 14 412 15 375 13 432 1 775 2 775 205 865 8 961 11 423 5 861
3554 4.3391925527765549 -1.3480293917081072 1.3727343241473631 141 141 141 0.60646769162600656 66 325 67 196 69 271 72 396 71 364 73 593 70 326 68 307
13728 -2.3849127700096928 0.90594581655236361 6.4175860574870924 228 228 228 1.3079159911705407 122 526 123 583 128 483 129 364 130 220 138 328 139 470 140 329 141 444 142 432 144 463 128 350 125 371 126 264 131 165 140 195 124 312 127 314 132 95 132 212 207 707 143 433 145 426 145 502 135 222 135 336 136 312 136 365 134 92
1197 2.8296613302249094 -0.70452837689425674 3.4059755440909889 11 75 40 0.76980641649116321 59 925 63 744 64 581 60 1133 57 1019 65 356 54 1250
1198 1.6315173721685534 -0.49943389072826994 4.3145765846152546 124 124 124 0.54015848110728681 58 1425 62 1108 60 1135 57 1020 53 1041 55 1164 52 892 54 1218 206 738
11372 5.388297493155644 0.51337741786042834 -0.49219266370928066 130 130 130 0.54271125615795035 1 767 2 767 7 522 10 609 6 655 8 948 9 726 4 854 3 871 12 570 205 872 11 425 5 801 4 946
1099 2.707103971346382 -1.2348031249619806 3.3677834164692544 96 97 101 0.63185603210785535 62 934 60 957 61 726 59 767
1205 2.2418168703624661 -1.0490986516467107 3.8077602229975192 124 124 124 0.8245128432367913 58 1476 59 971 60 1149 57 1029 54 1265
1207 4.2027424627031502 -0.11524311770396604 2.0477701594470443 29 30 30 0.81787480774960697 63 719 64 576 65 338 61 855 66 293 59 917
1209 2.2282380328405984 -0.91608463841867926 3.8282507039680449 112 118 124 0.49553059087766799 62 1130 60 1154 59 952 57 1032 206 844
11383 3.2752291123575543 -0.23397249016512559 -1.0196721707217078 0 0 0 1.0096381113787596 85 193 86 449
1110 2.3419750826901073 -1.239969566707356 3.7366315597693771 110 111 113 0.30351423714581455 59 774 62 948 60 975 57 760 55 1046 54 946
1211 1.7112605027871468 -0.86452675533338608 4.2520090288148245 124 124 124 1.3057296605494801 58 1481 62 1135 60 1159 62 1153 55 1208 53 1053 52 924 54 1274 206 920
3470 4.6891180921577522 -0.26981755918201844 1.4535277833313196 57 57 57 2.3979824747125709 64 595 65 367 68 310 66 335 66 314
13743 -4.0240388529728701 4.2036244267015839 5.0908990634603937 228 228 228 0.63892612571038765 116 324 117 379 118 420 119 502 120 460 121 449 122 562 123 664 207 809 114 260 115 261 113 262 112 236 111 242 110 167 109 170 108 145
1212 2.0690240304473169 -0.66852774065068843 3.958607657065214 124 124 124 0.65357978386450633 58 1484 62 1133 60 1160 57 1037 55 1209 53 1054 54 1275 206 923
11387 4.5335222673758535 -0.1181981660315978 -1.4215391129615462 0 0 0 1.1321868003086024 76 541 82 478
1114 1.7148276016416122 -1.4186312669106393 4.2374612915416412 63 66 74 0.73452653553059843 58 1235 60 979 57 875 55 1029 53 907 52 793
3477 4.5638056423178552 -0.029187882886062208 1.8557864867577467 29 30 29 0.89988102826262895 59 424 63 335 66 135 68 137 67 32
13750 -4.4829283423772059 2.9953164554263432 5.1764979502597859 65 68 79 1.2940058183678982 116 348 117 420 118 473 120 490 121 475 140 471 141 572 119 531 122 633 123 687 124 648 125 685 139 594 119 562 114 327 207 884
1219 2.1369870550527845 -1.2625276476390288 3.8995368258182204 124 124 124 0.78054386085881644 58 1499 62 1148 60 1172 57 1046 55 1218 54 1293
6306 -2.5439989817002275 1.270266533323051 6.4115982222730974 109 114 131 1.6034891531783253 183 164 40 132 184 184 185 186 144 259
16579 -2.5931936458112412 -3.1916275502144571 -0.38275935063336319 0 0 0 2.6499568424682991 22 0 24 1
1318 1.7338918566033945 -0.91315393842348047 4.2187686503374238 15 33 46 1.5338012538972452 60 304 62 306 57 275 62 308 53 239
13751 -4.9100639543192752 3.9492773934896226 4.7972353983587457 231 231 231 1.1247466853415566 117 398 118 443 119 529 120 488 121 474 122 632 123 686 114 293 115 275 113 296 112 262 207 885
3580 5.3111094184113536 -0.01432644985471092 1.2063998604082513 124 124 124 0.31115445428020982 68 208 67 103 73 434 71 267
13754 -4.2300092261137463 4.1333935267861053 5.0053751751473206 0 0 0 0.5777606300257877 116 351 117 426 118 452 119 566 120 525 122 638 123 697 207 898 118 481 114 299 115 276 113 279 112 264 111 268 110 197
1223 3.1846572776175983 0.81877212271120803 2.9992881234461652 0 0 0 1.3468841029868304 62 1169 63 775 60 1195 57 1070 61 903
3484 5.4848104550594403 0.0024103737470134918 1.1018169631705599 121 123 121 0.35731224548262264 64 288 66 159 67 39 69 115 73 213 71 142 74 274 70 176 70 222 72 130
13757 -4.0555954054771748 3.9590256871737091 5.1197776962025001 228 228 228 0.54281843721786793 116 354 117 429 118 455 119 569 120 502 121 489 122 643 123 704 124 666 139 608 207 902 114 302 115 280 113 281 112 266 111 271 110 200
3584 3.6338701553591415 -0.37198697814413417 2.2620249997730659 9 11 14 1.7130089786136291 63 536 67 111
1227 1.6925916283744029 -0.44760025509742152 4.2683999111691948 99 114 103 0.68539737246661125 58 1515 62 1178 60 1203 57 1067 53 1083 55 1230 52 939 54 1309 206 1048
1128 2.2469052809348176 -0.67502073259142625 3.8138133425104597 124 124 124 0.73293318933180107 58 1305 62 968 60 1001 57 900 55 1068 61 744 54 1129
11401 4.0053527412741481 1.6197846889335878 -2.5763251098411177 130 130 130 0.37724575761699186 1 721 2 721 10 496 6 540 9 613 3 590 14 340 15 300 13 351 8 808 12 432
3588 4.9039088119228831 -0.29646678622301781 1.4259704000481517 0 0 0 0.80654170074403986 68 239 69 228 71 297 70 273 67 132 72 339
13762 -2.2684172005324368 0.79109369768934501 6.4913150856766215 0 0 0 0.32077298259839632 122 616 123 670 124 627 140 463 141 533 138 470 139 575 126 574 129 496 137 421 125 666 128 554 130 406 131 475 142 544 144 519 127 581 132 311 207 917 134 307 143 543 145 542 135 409 136 444
13763 -2.2297961516145004 0.72465973978862375 6.5307003051233732 228 228 228 0.44835580990197815 122 617 123 671 124 628 125 631 126 535 127 582 128 526 129 465 130 371 131 452 137 394 138 441 139 532 140 464 141 535 142 518 144 520 132 281 207 918 143 544 145 543 135 374 136 413
1232 2.2471815557911494 -1.5716302939957776 3.7833849842645977 119 119 120 0.59148448265016318 62 48 60 33 57 16
6319 -3.1119095720975367 0.82086679726134126 6.1218444534333933 61 65 75 1.1932618703204649 46 210 47 375 184 219 183 124 182 145
16592 -2.5931418169003244 -3.1915760808285376 -0.38280171154315806 0 0 0 1.6179790015430293 7 352 15 240 16 294 19 136 21 47 21 77 23 44 24 60 22 69 23 68 13 286 18 267 17 299
1331 1.7098578270477232 -0.78123025282823333 4.2497769643721819 119 120 120 0.18704291912110049 58 490 57 315 55 376
11406 5.5217287358245031 0.2301652822075092 -0.72823907376284969 130 130 130 0.32369929670954456 2 759 10 647 1 759 6 701 9 710 4 930 3 861 12 552 205 938 5 852
1133 1.5859046586774517 -0.7884246278220004 4.3501656478839568 124 124 124 1.0100971149154379 58 1292 62 1058 60 1011 55 1055 53 935 52 810 54 1125
1233 2.3684268754849107 -1.5055916909473996 3.7032775226685204 120 120 121 0.56153066854579625 62 52 60 42 57 24
1134 1.6308991681203826 -0.4322301963782017 4.3178896931738047 124 124 124 0.77755355235667689 58 1310 62 987 60 1013 57 912 53 949 55 1072 54 1134 206 437
11407 5.957886908804471 0.1092251718622267 -0.29591867469520033 130 130 130 0.70943618410812515 1 761 2 761 10 650 6 705 9 777 8 935 4 1021 3 860 12 597 205 947
1236 1.8090395713574909 -1.5793768788243761 4.1255191691634723 9 21 44 0.79961722419694592 62 467 60 100 57 84
11410 4.4077924736031298 1.2518723405494148 -2.4181930267198855 103 108 124 1.1419937698014091 1 762 2 762 10 657 6 713 9 782 4 937 3 865 12 558 205 941 8 1016 7 505 5 855
3496 5.8239813238479297 0.016526616523115087 0.81872961810147871 6 20 42 0.86656456630633416 64 439 65 254 67 99 69 174 72 227 73 397 77 584 76 559 75 616 74 486 70 244 71 239 66 229 68 203 78 625
13769 -1.9100755965402989 4.4976591305812255 3.3228884207670597 166 166 166 0.49382943646632732 116 365 117 446 118 495 207 931 114 317 120 541 115 294 113 291 112 259 111 262 110 190 109 182 105 202 108 161 106 204 107 175
1238 2.2128375537415685 -1.3254759858645262 3.8352770596482491 113 113 115 0.29176845157895165 62 141 60 146 57 136 58 262 55 239
11412 5.6008405324033026 1.3845031193623045 -1.7493323703749168 231 231 231 1.9117871440608691 1 712 2 712 6 715 9 784 8 943 4 941
13770 -2.0256160673239711 4.4885576274016419 3.6299266072595566 166 166 166 0.79845295607072819 116 366 207 932 114 337 121 540 115 312
1239 2.2537740784136822 -1.3085196596101378 3.8027939377422046 29 36 53 0.45724966794909533 62 488 60 148 57 138 58 739 55 593 54 199
11413 5.3962316411476374 1.2074910672476107 -1.5827200088398297 25 25 25 1.7454418834222953 1 716 2 716 6 717 9 786 10 661 5 856 8 1019
3498 5.7779846933531882 0.022309101501811958 0.87346782380111043 124 124 124 0.64174420476078098 64 441 65 256 68 205 67 101 69 176 72 229 71 241 77 585 76 561 70 245 66 231
13771 -4.8924797773068702 3.2810520995566042 5.261451716041738 94 99 113 1.4844026966687054 116 372 117 452 123 683 140 500 114 325 207 978
1240 2.2975376391447773 -1.2455074764486709 3.7692249427026621 123 123 123 0.3272260159968246 62 149 60 153 57 144 58 331 55 295 54 227
1141 2.7580657735782705 1.2927652256380235 3.3200884996688065 87 81 78 1.2129433698765555 62 996 60 1023 57 925
11414 4.5357431848473153 0.4861228262883156 -1.1239300424874392 25 25 25 1.3359378964433051 1 715 2 715 6 718 9 787 10 662 12 563
3499 5.1748981183441938 -0.038678112267735522 1.3324426981098942 7 21 43 0.19105089213624971 65 259 66 233 68 211 67 106
13772 -4.8405120334898069 3.940885041893099 4.6495893267455868 59 62 72 0.73147289503632407 116 346 117 415 119 588 120 519 121 504 122 670 123 724 114 324 115 297 113 295 112 275 111 278 207 982
1241 1.8222254465073866 -1.3345205223697012 4.1477376864577575 124 124 124 0.69403206529297312 62 171 60 186 53 197 55 245
13774 -4.0271329029838236 4.0820613900024636 5.1144777928474143 0 0 0 0.75598098583611584 116 356 117 431 118 483 119 571 120 527 121 513 122 648 123 728 124 687 207 989 114 304 115 302 113 299 112 268 111 274 110 210
1243 1.8046635315997277 -1.3379926277454708 4.1640386830158631 124 124 124 0.70470844146571643 62 176 60 188 57 162 58 296 55 242 53 192
3502 5.7771764481046217 0.02243320334044235 0.87542077230913151 124 124 124 0.45721336444133376 65 282 68 224 67 116 69 192 72 266 73 432 71 261 77 650 74 524 70 254 66 246
13775 -4.0280044995957773 4.0831188159774161 5.1157290253435965 0 0 0 0.73413482640261218 116 355 117 430 118 484 119 572 120 528 121 514 122 649 123 729 124 688 207 990 114 303 115 301 113 298 112 267 111 273 110 209 109 204
1244 1.7839524908412967 -1.3398691621579326 4.18017955426492 123 123 123 0.76713870049111366 62 511 60 189 57 163 58 295 55 237 53 191
1245 2.2892102109226884 -0.94052384013909596 3.8060880680584619 18 28 48 0.34921342275782852 62 219 60 228 61 200
1246 2.2892102109226884 -0.94052384013909596 3.8060880680584619 18 28 48 0.34921342275782852 62 220 60 229 61 201
13779 -2.062120614810746 4.4612454739844898 3.251151068238475 166 166 166 0.54308795434312129 116 382 117 464 118 509 120 577 207 1008 114 335 115 310 113 311 112 280 111 281 110 204 109 198 105 207 108 167 106 212 107 182
1248 2.1642096602425176 -0.71766782225336101 3.8756736868108836 112 113 114 0.58767808935215149 62 297 60 307 57 294 53 285 54 369
1255 2.216898438444904 -0.40799576801993809 3.8292088402773143 22 41 47 0.50584322547301375 62 599 60 584 59 317 63 378 61 478
3615 6.3499112408541079 0.1182844653214275 0.48893604259634704 6 22 42 0.47938077024673748 67 21 69 101 77 303 78 294 71 64 70 164 74 148
13789 -3.2671655752911564 4.92057545430439 4.6507392264727425 96 101 116 1.485218899909041 118 527 119 614 122 701 207 1051 116 394
13790 -4.1544692923125472 3.2779989611224605 5.3814236746064132 112 118 135 1.3020795114440524 116 388 117 474 118 517 119 602 120 566 121 549 122 687 123 725 124 695 125 729 140 516 138 530 114 341 207 1083
1262 2.1474753136780627 -1.337739868860945 3.8833268011405222 65 68 77 0.52992720789104608 62 946 60 973 57 758 55 922
3522 5.4929852946150008 -0.034119116017777298 1.0765604528662847 27 83 39 0.84343777839643364 66 30 68 103 69 85 75 216 74 42 70 24 71 74 77 316
13795 -2.4018638777074193 0.82229648433957392 6.4218882126172208 228 228 228 0.51535496741179565 122 698 123 751 124 697 125 731 126 627 127 677 128 607 129 578 130 481 131 549 137 482 138 532 139 644 140 521 141 594 207 1091 129 551 136 516
1264 1.8197029942484741 -1.3985960485632716 4.1495448197883098 108 109 111 0.64140143486871393 62 1032 60 977 58 1240 57 873 55 1036 53 913
3523 5.6995326184320252 0.055103453790977468 0.96771514924593072 14 25 44 0.76708538669176285 65 115 68 105 64 201 67 30 69 87 72 128 69 113 73 208 71 73 71 141 77 313 76 268 75 366 74 271
13796 -2.4018638777074193 0.82229648433957392 6.4218882126172208 228 228 228 0.51535496741179565 122 699 123 752 124 698 125 732 126 628 127 678 128 608 129 579 130 482 131 550 137 483 138 533 139 645 140 522 141 595 207 1092 129 552 136 517
3524 5.2377147957939636 -0.086224689544055017 1.216487747072966 123 124 123 1.2619366017321407 63 309 64 289 68 108 61 376 67 15 70 136 59 571
13797 -4.0193788654970648 4.7571409199144084 5.0705513467861856 231 231 231 0.99943898609093185 116 389 117 476 118 522 119 611 120 573 121 556 122 696 123 754 114 343 115 317 113 305 112 278 207 1093
13799 -3.6459147197873816 4.071461014664278 5.2281197038955911 228 228 228 0.68650325614381769 116 392 117 479 118 525 119 612 120 575 121 558 122 697 207 1095
1268 2.2257196540717641 -0.91498520336290778 3.8268776572066074 112 118 124 0.63440837387882709 62 1129 60 1153 57 1031 58 1477 55 1206 54 1270
6355 -3.6252926709552309 2.4393395482872497 4.3352812698181005 235 235 235 1.3350941343307088 185 377 184 378 183 358 182 315 40 273 39 219 37 149
16628 2.8589788850299196 -1.3120988813331602 3.3400370096722272 46 95 59 0.83974167798741328 57 50 54 119 58 218
1271 2.3819452976015745 -1.545825413701333 3.7025794568355788 123 123 123 1.1797167401038133 58 80 60 25 57 12 62 41 54 27
3530 4.5459743674833728 -1.3420049589688305 1.2947934587189245 140 140 140 0.3831129000949442 66 180 68 160 70 208
13803 -2.3947747504242485 0.6220839009586554 6.472741643963591 159 159 159 0.52167070769073243 125 730 127 692 128 619 129 574 131 546 138 531 207 1135
1272 2.2695669339374702 -1.5824868273373394 3.7883397916549328 31 37 54 0.85793410601465081 58 60 62 442 57 13 55 119
13804 -3.8528379404280075 4.8754703775507968 4.9059333687367062 231 231 231 1.1334817076674504 119 577 122 655 116 357 117 434 118 485 120 533 121 522 114 305 113 283 115 282 115 306 113 301 112 269 111 275 110 199 109 196 105 228 108 168 106 213 106 216 107 190 207 919 207 1000
1273 2.4133364285556991 -1.5089278134866344 3.6719626885323295 124 124 124 1.2912514463682916 58 114 59 68 57 19 61 61
6362 -2.5636862155353173 -0.2243981283875536 6.4718376942819509 58 62 71 0.83278072656253066 48 13 42 104 46 135 47 277 49 472 183 121 181 39 178 38 180 58 41 136 184 142 43 69 138 3 127 57 128 46 140 95 125 197 124 107 182 35 177 12 138 76 142 216
16635 1.8106165959286891 -1.4101724872468695 4.1267439794544689 117 118 119 0.99480841157007216 53 161 55 205 54 143
11647 5.9056714465999409 -0.080736800256268809 -0.085041656409948707 130 130 130 0.81739895465397283 10 338 76 596 78 597 6 378 73 465
1374 1.764304852549794 -0.79973799701300397 4.2009907936131397 123 123 123 0.44681190579309171 60 567 57 485 55 674 53 560
16734 2.374676406419709 -1.3974131328711179 3.7082001085568366 12 89 38 0.92538513324008453 55 1027 58 1226 54 1063
6461 -3.2000699452085906 0.080553395742047562 6.7381273606179022 119 125 143 2.1320105001449723 46 198 45 243 185 235 42 198 184 119 48 200
3635 4.6127683531630534 -1.1108645357977431 1.3198924523248938 141 141 141 1.0794026586469818 69 208 67 129 68 237 73 496
1278 1.6714329222328788 -1.6984249946653156 4.2710932841509397 110 115 121 0.62461544507095823 58 27 60 453 57 40 53 434 55 45 52 391
13813 -1.3275514572605307 1.0838424752882692 2.0351090795515225 8 8 8 0.087136845964466261 141 33 114 0
1285 2.3304703817473347 -1.4228275511340869 3.7229651412736211 35 41 55 0.17281416402043601 59 110 62 80 57 77
6372 -3.7443091115363329 -1.0263620033788186 7.1464140162175838 0 0 0 0.73062391158022055 184 4 183 16 182 2 185 72
16645 1.7636136151518991 -1.3996454797162188 4.2108668184309259 0 0 0 0.24783651624849107 53 167 55 216
3545 5.8496679724883416 0.042691063449610156 0.79294663947740751 124 124 124 0.78218012740227638 66 282 67 149 69 226 72 330 73 517 77 715 76 687 75 709 74 608 68 259 78 722
13818 -4.0729736139098822 3.8714221263885027 5.1701940422209987 0 0 0 0.27861118558054243 120 61 114 37
1290 2.3051730633599123 -1.3195340303370713 3.7845687553953811 18 28 48 0.038607824985524231 60 135 57 118
1291 2.769070966701324 -1.1528474361158061 3.39287108761437 122 122 122 0.80559724833498347 60 123 57 128 61 108
1292 2.7599804855608641 -1.1541301924579914 3.3851947755848246 122 122 122 0.80044713748383789 59 121 60 124 57 129 61 109
3551 4.1771929737292961 -0.2907892693727292 2.0241942549860261 57 57 57 1.5225755195261936 66 290 68 288 67 191
13824 -4.8706557723407533 3.8063622435988447 4.8064853758944786 59 62 72 0.44082847239059009 114 69 116 143 117 132 118 183 119 214 120 210 121 219 122 245 123 413 207 42
1293 1.7945674338498243 -1.4219005572036458 4.1697143357173019 121 121 121 0.72608737679016355 60 158 57 143 62 499 58 223
6380 -3.6243843747188125 2.3802461460513551 4.3413929258978445 234 234 234 0.74588241131787603 185 154 183 55 40 28
16653 2.2339066653768813 -1.0085625934268068 3.8115342689838623 69 75 85 0.27486625894429317 60 214 54 253
1392 3.5213320497115101 0.64810848835409751 2.7912100823674222 0 0 0 1.7128471872628452 63 482 57 572 61 597 59 530
1294 1.7712395870689941 -1.4086295330741068 4.1915652106487657 120 120 120 0.68652293597951031 60 167 57 152 58 238
16654 2.3033582852332 -0.97705545709632935 3.7714069349819122 49 96 60 0.54295523965282766 58 394 54 255
6381 -3.6243843747188125 2.3802461460513551 4.3413929258978445 234 234 234 0.74588241131787603 185 155 183 56 40 29
1299 2.2535063082566524 -1.0085885454789822 3.7835430762385016 11 22 44 0.58459716294147257 59 476 62 194 57 176 61 436
13831 -2.7225560139670395 3.9373281581649087 4.9767094234350937 0 0 0 0.86775766359985507 121 145 122 136 114 82 115 121
1300 2.2648921691665667 -1.0058529283606203 3.7930470878643932 11 22 44 0.76354302719104705 62 195 57 177 55 646 61 437 54 249
3659 -1.4656155639456636 -1.1315136625463249 6.9259398361411231 0 0 0 1.0061562931679775 52 781 50 512 49 391 47 278 48 210 44 221 45 208 173 296 53 827
13833 -2.849914000497547 4.0756668531708549 4.9582066397341888 119 126 144 0.87377369921448 116 62 117 53 121 360 114 98
3560 5.7926088579202624 0.014442058074028803 0.85187322243999275 123 124 123 0.84965423078873881 64 199 67 25 66 23 74 168 71 67 78 160
1302 2.1832278640124234 -1.0173921056478483 3.8616300698925086 47 96 58 0.4808703283508195 60 220 57 184 59 487 53 229 55 642 54 250
1303 2.1903437322188526 -0.95726245815014532 3.9036373131516076 12 24 46 0.36849876628959938 59 498 60 236 57 211
1304 2.7767521075306489 -0.75352355358225309 3.4288406843548533 122 122 122 0.44270532486216563 63 353 64 148 57 214 61 168 65 132 64 343 54 312
1305 1.6611504686267951 -1.0732585683940552 4.2859569713236896 98 113 101 0.5863957440138684 58 374 60 265 62 268 57 228
1306 2.1514283420467479 -0.89422843716335387 3.8892924948720369 22 30 49 0.69822052924627787 58 426 59 277 60 254 57 242 53 241 54 307
3666 -1.3209638286076233 -0.4565824296519761 7.1896020695079512 0 0 0 1.5963971448825165 47 491 48 389 44 330 51 668
13840 -4.8484164046596385 3.9687154512387361 4.7596684976712105 231 231 231 1.0142026041166166 116 145 120 216 123 264 114 103 117 135 122 254 115 129 113 155 112 90 111 151
1309 1.6633485731803546 -1.0331024366788397 4.2825757550942329 16 28 48 0.71252285492282286 60 549 57 249 55 313 53 217 52 473
1310 1.6467058471270293 -1.0369714904983027 4.3217760870876409 119 119 119 2.470649590918415 60 277 57 250 54 277
3668 -1.5105067163767079 -1.1383073364522232 6.9617437271385469 0 0 0 1.3502119875055305 44 360 52 920 51 740 50 668 49 634 45 341 50 653 51 706 46 348 48 432 53 1065
3569 4.393431788069905 -1.3699886358717994 1.3730165054352927 0 0 0 0.54634705863094812 67 64 69 143 72 156 73 369 70 209 66 182
13842 -4.3846856346671261 3.0529248854196913 5.2139913478520237 59 62 72 1.6712443754397985 116 39 117 36 119 160 123 186 114 109 140 52 122 92 124 104 138 125 124 237
1311 1.6730901925656585 -1.0245519345205283 4.2757202347330878 12 89 38 0.53504985487130063 60 279 62 280 57 252 53 219
6400 5.5113598960939987 0.68716404196070602 -0.7628518427434422 0 0 0 1.1259523639155058 83 460 74 445 79 424 81 327 76 465 77 477 73 345
16673 1.7094728781121624 -1.7030089426135639 4.2393978207141521 17 27 47 0.60965809765686796 52 389 55 496 57 396 58 598 60 448
16772 2.2465508103138063 -0.69048731711640132 3.8120749017429318 119 119 120 0.90571950293259851 55 403 54 377 59 293 61 255
6499 -2.3485390189846229 0.75665719877185211 6.46526520415369 0 0 0 0.38193766746545427 46 217 48 297 182 219 179 183
6401 5.511359896093996 0.68716404196070435 -0.76285184274344175 0 0 0 1.1259523639156059 83 461 74 446 77 478 81 328 76 466 79 425 73 346
16674 1.7094728781121624 -1.7030089426135639 4.2393978207141521 17 27 47 0.60965809765686796 52 390 55 497 57 397 58 599 60 449
1413 1.7568405800885567 -1.7488985293339685 4.1998544680074454 13 90 38 0.49254463608508919 60 821 57 737 55 897 53 782
16773 2.8348895220927961 -0.72945951568295986 3.3602431965839719 124 124 124 1.0929813077084063 58 815 54 630 59 628 63 463 64 338 61 419 65 186
6500 -2.3485390189846229 0.75665719877185211 6.46526520415369 0 0 0 0.38193766746545427 46 218 48 298 182 220 179 184
1315 2.692830337815836 -0.63653424892040611 3.4720873212434196 32 38 53 0.2947767647485961 62 238 57 272 60 264
6402 3.2365921246880514 -0.25360807564209586 -1.0865750993612306 0 0 0 0.19313085394771318 89 248 90 313
16675 2.2806186361770604 -1.5947745776033677 3.7713856044295198 111 118 124 1.889959228234612 55 532 58 622 54 450
1316 1.7547679223973585 -0.94218522011900829 4.2105451423018527 28 49 52 0.32003809191414984 60 287 62 571 57 273 62 298 55 345 52 241
6403 4.3891454345644281 -1.4145434756205653 1.3753187794255346 0 0 0 0.13261415639052379 69 137 73 365 72 151
1317 1.689810830759112 -0.9632824469853063 4.2621409626460975 121 121 122 0.47440088397429409 60 289 57 274 53 232
6404 3.2365921246880514 -0.25360807564209586 -1.0865750993612306 0 0 0 0.19313085394771318 89 247 90 312
3676 -1.9863018921264035 -1.232245529848448 7.2802412796884015 6 20 42 0.60391940093595209 44 151 51 553 45 199 48 137 48 262 42 239
3577 4.4910559088100435 -1.331721348730865 1.3083167569783822 0 0 0 0.46043193878773486 67 89 73 371 71 225 70 235 68 196 72 211
13850 -3.5799226747571562 4.9554381731754571 4.7202295060139559 8 8 8 1.087233096495364 116 122 114 122 111 114
6406 -2.1919727191908311 0.87024928801688473 6.5181019849889887 228 228 228 0.16776782449521319 184 190 183 170
16679 0.64833291465913823 -1.8276767751769276 4.7672073091230507 0 0 0 0.48081813144399033 50 253 51 281 52 327
1418 1.6461365925979308 -1.3691507886234719 4.2972980315770322 99 101 106 0.78961372480133607 58 1101 60 853 57 774 55 1041 53 812 52 798
1320 2.7421209522429639 -0.5557857305974292 3.4622795548628242 123 123 123 0.52468401215449545 60 282 57 279 54 390
6407 -2.0386488381512682 0.73895035455364533 6.6152451965376189 0 0 0 0.17283706382674094 43 117 183 176 185 197 41 120
16680 0.64833291465913823 -1.8276767751769276 4.7672073091230507 0 0 0 0.48081813144399033 50 252 51 280 52 326
1419 2.6665697531983357 -0.84917528569589396 3.4839686194602262 70 76 86 0.79878180764809181 58 1285 57 779 54 1106
1321 2.2346735969849782 -0.71950458738224443 3.8181864960179035 122 122 122 0.56723988554434768 60 290 57 280 55 393 61 249
6408 -2.0400145147641595 0.73754293835312601 6.6048929841751303 0 0 0 0.80467873449152894 43 118 185 198 41 121 183 177 122 353 144 278
16681 0.77121263308116572 -1.8106880726801449 4.7554302430354483 0 0 0 1.1164166969285696 52 339 53 392 58 588
1420 2.6665697531983357 -0.84917528569589396 3.4839686194602262 70 76 86 0.79878180764809181 58 1286 57 780 54 1107
1323 2.2526541756574678 -0.7028580681229315 3.8058000028977945 46 51 63 0.40453321520637919 59 289 62 282 57 288 61 252
6410 -2.3095658193557838 1.55700718445546 6.5361586686021615 87 81 78 0.2599697824994931 42 221 183 181
16683 1.7188904988960065 -1.6230168712193913 4.2395183652098494 112 118 124 0.23335618943861217 53 470 55 105 58 88
3586 4.5107183827221196 -1.3248591188371917 1.3149437750797262 0 0 0 0.61375787763763356 66 242 67 128 72 306 71 281
13859 -2.469900779128603 4.4227904013012624 3.5329751569017893 231 231 231 0.54388970770166978 117 182 114 134 111 160 110 56
1328 1.6311655406244694 -0.81777253557125706 4.312141918532137 39 45 58 0.92250462146206191 58 470 60 326 62 591 57 311 55 363 54 345
1329 1.7800961355646305 -0.76696336630730155 4.1926792250207807 121 121 121 0.59836947353888359 58 829 57 312 53 568 52 512
3687 -1.6425131150871615 -1.155246192848731 7.0959002284137629 0 0 0 0.7227979149007433 51 565 49 466 48 267 44 263 179 236
1336 2.192900030421455 -0.39357396416443147 3.885869315742545 29 92 47 1.2969869076725058 62 337 57 324 53 319 54 395
1237 1.8090395713574909 -1.5793768788243761 4.1255191691634723 9 21 44 0.79961722419694592 62 468 60 101 57 85
11510 4.0713558292509013 1.7312889973988976 -2.3668003821167494 0 0 0 0.55456673365293474 7 439 10 505 6 547 9 623 4 780 3 729 14 348 15 308 13 356 205 666 8 812 12 439 16 320 11 317 81 650 5 706
3697 -1.3209638286076233 -0.4565824296519761 7.1896020695079512 0 0 0 1.5963971448825165 47 492 48 390 44 331 51 669
3598 4.580501645790295 -1.5198674487774959 1.2236190338621904 0 0 0 1.1893923201210583 67 182 69 260 73 571 71 360 70 324 68 293 72 384
13871 -1.591840115004217 4.7809797476384599 2.6738047683599704 231 231 231 0.59683876813155623 114 145 113 142 112 119 110 59 109 55 108 40 106 57 107 60
6427 -4.4031016553051199 0.12338360935285711 6.4275762080536749 114 120 137 0.39286313900518555 184 265 183 255 185 299 186 229 37 125 187 203
16700 2.1583606567161051 -0.34577800301649336 3.8508074567834387 124 124 124 0.40011752496408631 61 600 54 690
1439 1.7006853033497376 -0.96057347582384234 4.2512560348996793 12 88 38 1.4103427507913799 60 1072 57 886 53 929
6526 -2.2043702736773034 0.72120820351417592 6.5431269398027228 228 228 228 0.90553549003249822 47 391 42 214 48 241 182 222 46 267 51 696 48 347 41 186 181 168 178 185 180 163 177 252 176 329 179 197 185 290 168 227 167 271 166 341 165 479 163 537 40 218 169 296 170 170 171 164 172 399 173 375 174 236 175 261
3698 -2.4120867487194224 0.77587599882925451 6.4257054450362237 0 0 0 0.33355150001643524 44 333 51 718 48 392 42 324 175 379 168 291 165 545 186 283
8785 5.8411124497889126 0.096987847552634843 -0.12003230883163188 130 130 130 0.39097097859100832 71 236 72 224 77 512 73 390 6 7
1344 1.5947781628040822 -0.40617679653576599 4.3502157280786067 109 115 122 0.95812316919236651 60 381 62 387 57 351 53 304 55 419 52 274 50 196
1348 2.1764441983838396 -0.17813113628306113 3.8690762033240622 122 122 122 0.9684388342963185 59 348 62 366 63 396 57 361 61 495
6438 -2.6898750423230178 -0.28293277205961631 6.719021163481985 0 0 0 1.1785411534792907 49 578 183 303 51 664
16711 0.6273843013302598 -1.8337935342543628 4.7872210063083411 0 0 0 0.33834446039890587 50 247 51 407 52 322
16716 1.8180362205914058 -0.72291829571997945 4.1485729086127625 94 98 102 0.066139045749966568 60 778 54 867
1455 1.7522805465743245 -1.0533407751188844 4.2094926124141798 12 87 38 0.16304735631206396 58 1385 57 962
16717 1.8180362205914058 -0.72291829571997945 4.1485729086127625 94 98 102 0.066139045749966568 60 779 54 868
6543 4.4299189489261881 -0.14434517733161348 -1.3746904094794119 0 0 0 0.54007135221958447 75 128 84 176 83 135
3616 6.3830890764536186 0.15957697430505355 0.48885452141396546 9 9 9 0.75323453402823637 67 23 69 102 71 139 70 168 77 443 79 383 73 200
13889 -2.1160355715701913 4.4517859421319796 3.3694311517265629 166 166 166 0.4538452584891926 117 268 120 403 114 175 115 161 112 166 110 109
6445 -2.841925614059627 -0.018447533075741984 6.4011824939100386 59 62 72 0.45067336792074925 49 635 51 708 183 329
16718 2.6585861062257279 -0.58296318110930712 3.5024353518139817 85 88 95 0.16223664794147497 57 689 54 875
3617 6.3694293415436745 0.15981330367376065 0.48826788120256698 9 9 9 1.6452492630863604 69 103 67 3 78 295 71 138 70 169 76 77 72 13 77 442 79 382 74 33 67 24 73 19
13890 -2.8160756070058564 3.9419142653022168 4.9715107462403223 60 64 74 0.82227687696387275 116 222 117 254 118 252 119 388 120 354 121 359 122 477 123 517 124 478 139 421 114 176 115 187 113 198 140 340 112 183
6450 -3.5603446280272499 2.4051151412496998 4.2537385373744216 235 235 235 0.24762946581183937 178 290 180 291 182 339 179 307 177 285
16723 0.61732863581131914 -1.644558188383979 4.956410244452031 73 75 77 1.1242462792340457 52 687 55 907 58 1094 54 931
3622 4.5096608288666111 -1.3380518989780941 1.3379324347342196 141 141 141 0.34279902096096881 66 185 69 146
13895 -1.8819431493239229 4.5136969748167441 3.3262762290970245 166 166 166 1.1130881307397558 116 232 118 365 120 366 114 185 117 325 115 194 112 178 109 142
13896 -5.2348440469513351 3.8931243794397976 5.0384394511949369 231 231 231 1.3951204281073699 116 138 117 129 118 171 120 139 122 368 123 405 114 192 121 155 115 198 113 236
6452 -2.437280892451541 1.3018559516048607 6.4106153067367613 110 116 133 1.2152157697965316 43 238 183 365 181 327 167 393 207 1003
16725 1.6911751659936465 -0.24637487712990475 4.2804361734695373 124 124 124 1.3297536364144067 52 821 62 990 54 1016
1464 2.2414077217087032 -1.048722499437662 3.8052253658810606 124 124 124 0.44854904328428036 58 1502 57 1047
3723 -2.3262754528513914 -0.95555952741747086 6.6355764798387433 231 231 231 0.14702934925189498 44 285 46 274 45 270 42 264
13897 -5.2235193289869928 3.8846563334361757 5.0301859694529254 231 231 231 1.3394648737770936 116 139 117 130 118 172 119 333 120 290 121 156 122 369 123 406 114 193 120 140 115 199 113 237
1366 2.8327528112372939 -1.2834010589986822 3.3597845683520213 124 124 124 0.69277663265980982 58 735 57 411 54 540
6354 -3.6240173852070754 2.4383864256741523 4.3334318050603065 235 235 235 1.3245731477797744 185 376 184 377 183 357 182 314 39 218 37 148
16627 2.2626819107222667 -1.4362709158935065 3.7906361547639675 35 41 56 1.1736757865602965 55 187 58 176 54 110
13899 -4.1745466197807417 4.1313597143499221 5.0340641950480638 228 228 228 0.84709066249665932 120 383 121 348 114 199 117 290 115 141 111 169 109 128
1371 2.2639986988400223 -0.95531225488682425 3.7922914887414874 121 121 121 0.059927747730671242 60 520 62 537 57 448
13906 -2.4814868611841496 4.3752166901401628 3.1572009249450934 166 166 166 1.1245647510007724 116 284 114 210 117 348 112 194 111 189
1375 1.704825187273963 -0.80009428488948264 4.2596144922905808 124 124 124 0.35132568317291746 62 589 57 492 60 571
1376 1.5959356984832804 -0.81624932501639202 4.3809072143573822 124 124 124 1.4750988456408198 60 576 62 595 57 494 54 352
1378 1.7600770148742313 -0.73108351062598143 4.2067325532321584 97 99 104 0.51204550087200207 60 781 62 752 57 498 58 839 55 684 53 570 52 516 54 662
6465 -3.9749135746182995 2.6911078494166705 4.3425956513170094 234 234 234 0.2892667792380943 184 131 183 101
16738 2.3280291987663131 -0.6923299562864651 3.7332909944048955 101 102 104 0.52871512651624974 59 788 60 991 62 961 54 1121
16741 0.59767824798486602 -1.8442215519330436 4.8165240261249931 0 0 0 0.11541185069942128 50 597 51 617 52 758
6468 -3.6525093123567784 2.5662201191716765 4.1784373578926974 234 234 234 0.48952108459523308 183 126 181 72 180 27 182 141 184 249
1382 1.7018009331265929 -0.4443954452089568 4.2460544104363969 122 123 122 0.49142296641928662 60 611 62 783 57 537 54 684
1385 1.665240288507539 -0.45123363274344147 4.2891057622935147 121 122 121 0.64350255420737057 58 852 60 618 62 790 57 543 55 695 53 586 52 659 54 681
6483 -2.6120797770352029 -0.35004487004560536 6.3951207310862079 104 109 125 0.77743892151530591 49 375 51 493 182 65 47 268 181 66
16756 2.2018266395376256 -0.72292042562037517 3.8472297651321399 120 120 121 0.73170390802462137 55 391 54 349 57 283 60 292 58 498 53 575
1398 1.7339666348154663 -1.6889814562680485 4.2172949482613173 12 90 38 0.19307599530654021 58 926 57 599 55 756
1400 2.2465346237563737 -1.3231856390335939 3.8109056759221991 124 124 124 0.62382777983327942 60 713 57 621 58 971 55 813 54 791
6487 -2.5507558450591845 -0.83949326639314104 6.5315687869723185 10 10 10 0.75978807795404779 46 120 182 112 181 99 180 83 178 105
16760 1.6767285060042325 -1.4269280321289328 4.2232786197347094 44 49 62 1.1186464180468656 53 145 54 152 52 209
6490 -2.4794490187565481 0.84456383948414759 6.3764332661139669 228 228 228 0.37095609123131212 46 170 183 147 182 160 41 138 178 164 181 144 180 135 179 168 177 178
1403 1.6645690241520481 -1.3631292095191072 4.2810609531498285 95 98 102 0.69325246683101838 58 977 60 739 57 645 55 808 53 684
1404 2.8733157558068307 -0.82301142863946453 3.3217797912550191 7 20 43 1.377379744529333 58 1029 57 662 54 839
6491 3.2355239728833598 -0.24613596053600495 -1.0826684044522461 0 0 0 0.048125155139267704 85 178 90 375
16764 3.0713527422808853 0.85629563669971909 3.0231309837237279 0 0 0 0.056586161841309726 57 575 60 414
1410 2.1709730665251219 -0.19352708008140507 3.8744558788854251 74 77 83 0.7853731470937283 63 580 57 721 58 1081 55 886 61 694
6497 3.2368457947282736 -0.25236739766488225 -1.0868933798445621 0 0 0 0.27419511224890658 85 290 92 390
16770 2.8355957523090218 1.331889876438348 3.6235032388635617 5 5 5 0.27289066477050905 59 900 62 1091
1411 1.6373118523933652 -0.28149162907923331 4.3147306421341458 70 73 80 1.1903537254374779 60 807 57 729 53 751 55 877 52 668 54 898
3770 -2.6381853552393717 -0.52875442288769625 6.4375942529119765 0 0 0 0.56936780009425791 46 125 47 261 48 193 45 124 49 367
13944 -3.8730531335957457 3.8377682726553659 5.6246265120499634 59 62 72 1.4169236197137784 118 423 119 548 120 464 114 286 116 333 121 457 122 611 123 666 124 631 125 703
1415 2.7544110239837853 -1.1632795741826112 3.4172571688459703 102 104 108 0.97553968904382626 59 696 62 825 63 614 64 460 57 753 54 954
1416 2.7544110239837853 -1.1632795741826112 3.4172571688459703 102 104 108 0.97553968904382626 59 697 62 826 63 615 64 461 57 754 54 955
3678 -2.2747121305933677 1.1710569158986455 6.4863156543915075 99 104 120 0.76508180619572352 44 198 40 151 51 540
13951 -1.2681476989799325 1.4364470992127347 2.0125295610314877 165 165 165 0.86581101812435268 118 381 114 310 121 447
1421 2.7667329075393674 -0.61191250033425326 3.4350069460915398 107 108 110 0.43735429563949635 59 713 62 853 63 624 64 472 57 791 60 869 61 739 54 992
6518 -1.1323869631693888 0.75970974378403111 6.3963850888829699 0 0 0 2.022415977140299 44 376 45 367 47 557 46 367 182 365
16791 4.2184742254514944 0.17144580720775304 -2.1064211895942337 0 0 0 0.78326916055273543 82 59 80 78 83 60 81 65 79 115
13965 -3.9365353789495385 3.5726791044234538 5.5845067118116845 111 117 134 1.2053053681027939 116 390 117 477 118 521 119 609 120 571 121 554 122 693 123 749 124 696 125 733 138 534 139 643 114 344
1436 1.5916447386985482 -1.3733036454884182 4.3247763536923998 104 106 109 0.82582106021601764 58 1248 55 1038 53 915 52 795 206 171
6523 -2.301418346926404 0.82993266865377457 6.4722224746630603 0 0 0 1.3335945202686781 46 113 47 316 42 187 183 216 182 176 44 269 49 564 48 305 44 295 47 469 48 373 43 198 184 296 40 191 40 231 181 232 178 182 180 159 179 193 179 269 177 247 176 325 175 255 169 291 51 645 185 314 171 161 163 534 41 198 39 186
1437 1.5912735630436556 -1.3743528762432862 4.3225607794915737 104 106 109 0.20645167777015638 58 1249 55 1039 53 916 52 796
16797 2.2359378708725424 -1.595058692837749 3.8204103708572208 124 124 124 0.74841724309626034 58 1465 55 1197 206 710
6524 -2.1965810465998445 0.77725318808606259 6.5415833744165752 0 0 0 0.93151219358394677 46 184 43 115 184 187 183 167 182 179 44 272 51 676 46 288 44 297 48 376 47 392 49 522 42 282 40 219 181 169 178 187 180 71 180 164 179 198 177 199 176 330 175 264 173 376 174 239 172 401 169 297 170 171 171 165 168 15 168 134 168 228 167 272 166 342 165 480 163 541
3795 -1.890780056393744 0.78985925139459623 6.7179178077629276 228 228 228 1.3486519924060141 46 237 47 399 44 199 43 168 45 262 142 300 181 5
13969 -2.0946113037688154 4.4694648996269226 3.3204720345040522 0 0 0 0.14773980055164279 117 184 114 136
6525 -2.2344309144456802 1.1036301540826075 6.4534774033838476 0 0 0 0.97786198033808869 182 186 184 195 181 176 142 292 140 222 142 388 141 280 144 423 49 567 122 350 124 340 41 125 45 187 185 196 128 365 51 607 180 170 144 276 123 374 131 186 138 214 139 272 125 395 183 175 134 111 133 72 143 442 135 159
14070 -3.2682062086260575 4.8516242548186472 4.4624647508440409 231 231 231 0.45181053884365735 114 346 115 319 113 307
3797 -2.127356829768432 1.2422410536860735 6.5033707935597826 228 228 228 1.0249803070682826 181 179 179 210 177 212 176 341 124 349 138 224 137 197 126 299 126 428 125 403 123 379 139 282 122 356 140 233 141 286 131 291 144 287 142 298 46 239 182 191 130 239 175 277 184 199 178 201 180 179 183 182 139 417 47 326 132 182 134 180 133 103 119 322 207 720 143 306 135 166
1443 1.6676984595910858 -0.80347981377788358 4.2810773178779593 75 78 83 0.76736442054917764 60 1003 62 1054 57 901 60 1076 53 987 52 845 54 1117
1444 1.6676984595910858 -0.80347981377788358 4.2810773178779593 75 78 83 0.76736442054917764 60 1004 62 1055 57 902 60 1077 53 988 52 846 54 1118
3804 -1.8189439112557468 0.37833757810449525 6.9758897734116543 98 103 118 1.4989154633892166 44 274 42 284 43 186 46 268 48 343 47 435 185 294 184 298 41 166 144 470
13978 -3.9143637559885196 4.3681301698801089 5.0961592472952022 0 0 0 0.31786263404057186 118 93 115 29
1447 1.6665325928831904 -0.77356005679444528 4.2828442677215239 124 124 124 0.64705863182873213 58 1295 57 909 55 1059 53 942 54 1126
6534 3.831972193056107 -0.39547572652143043 -1.2376285765512414 0 0 0 2.232707888107436 84 46 93 214 90 331 89 181 95 210 94 154 89 179 86 54
3805 -0.82678723029409318 0.38861817739681592 6.4520511051353608 0 0 0 1.1343381446640024 46 271 47 401 45 265 44 278 44 305 45 290 48 350 48 308
1349 2.1701054591734308 -0.18155075235453225 3.8711482486305129 124 124 124 0.19312684920694689 58 574 57 362 55 467
11622 4.0326506013466323 1.6199723145823115 -2.4862181797694327 0 0 0 0.23122493952632142 1 613 2 613 6 269 9 333 205 317 15 195 16 277
11623 3.9608868373536117 1.6814271849821174 -2.5372271690269086 0 0 0 0.3535560902575336 1 617 2 617 6 273 9 337 4 454 3 426 14 241 13 240 205 320 8 464 12 350 15 197 16 280 11 248 5 388
1350 2.0208775728393729 -0.17017688142739809 3.9972697918684501 94 97 102 1.6602057078737638 60 387 57 367 59 557 53 368 61 342 54 433
3808 -2.8918409711063817 -0.24636325396349795 7.1821244998213727 0 0 0 1.5874135195304659 46 279 47 454 48 362 184 323
13982 -2.8245852447383526 3.9245968916389926 4.9676688728234435 60 64 74 0.45647979482486667 117 52 120 127 139 84 115 39 122 135 113 71 112 132
1454 1.7528425861011987 -1.3740317589876989 4.184087535813716 124 124 124 1.4014593523065724 58 1364 55 1114 53 979 54 1173 206 385
1456 1.6429459390349632 -1.0776134872647405 4.2968554788045541 41 92 55 0.58762894438513091 60 1065 57 963
11729 5.7348727432583688 0.37812810775514555 -0.070605288356397289 130 130 130 0.4455599095058696 1 766 2 766 8 953 9 728 4 945 3 870 12 571 205 873 5 800
3817 -2.52280738020132 0.12597655983237499 6.5127924127623089 109 114 131 0.77301784559772835 46 303 47 485 42 299 186 258
13991 -3.8593365826615829 4.0904602606757114 5.1924266330243363 228 228 228 0.64744111410631489 118 148 119 283 123 330 124 331 115 75 120 166 117 160
3822 -2.4263708796089531 -0.82115395956342785 6.7351196088214893 231 231 231 1.1546231481190938 46 316 47 502 48 399 44 322 45 311 42 315
1502 0.42757302182906787 -1.771462514237008 5.0024292735062463 33 38 39 0.59851585424421505 58 51 52 48 50 77 51 109 49 69
14063 -3.1595183494270818 4.7970373876844796 4.6454862812645539 94 98 113 1.260528421216222 114 308 115 287 112 243
1532 2.2929780676463456 -1.3214611344195728 3.7721144141842227 18 28 48 0.47361036822058927 58 258 55 244 57 117 54 155
9473 -1.8574854328091264 0.56747139835367766 6.8781096350916524 0 0 0 1.5453751367689494 41 2 44 130 45 110 48 247 185 17 47 110 51 462 182 85 180 174 181 203 183 33 184 45 48 74 143 76 143 186
4388 5.6133020859560148 0.59125735946278735 -0.49333686871451377 130 130 130 1.8136954301495716 77 755 76 749 78 770 75 799 80 693 74 669 81 669 82 728 73 588
14563 -4.9228064113361221 3.6945515104228264 9.3072872496954044 108 106 106 1.0767951036612038 43 181 185 281 39 162 184 287 182 278 45 303 37 99 42 302
4299 6.1378861168847809 0.15139746648853539 0.25472504685219 5 5 5 1.9455963013132485 72 288 71 193 78 611 75 608 79 472 79 588 74 383
14572 -3.6323154449319945 2.3012506805507722 4.3916043705711143 0 0 0 1.7505735156301698 181 248 182 297 180 241 178 259 184 338 182 265 180 215 177 137 181 214 175 204 178 111 180 91 179 124 39 199 40 245 184 325 186 256 39 195 37 131
14576 3.631492783705379 -0.16371427324358936 -1.4813908622084597 164 164 164 0.39772593211920942 90 26 95 21 97 26
14577 4.4993328482803454 0.22226431393498766 -2.1317994462618692 59 62 72 0.53238334216300875 91 66 96 21
4305 -2.4184500334164341 0.82889459371305452 6.4003368832817822 228 228 228 0.43120121066357847 46 219 49 514 43 137 185 214 183 210 186 152
14578 3.668718464638741 -0.19492372735958549 -1.5444898525267723 0 0 0 0.42130472329052243 93 40 95 43 99 43 101 101 100 44 104 42
14581 4.2339727514104242 -0.24294394085793267 -1.7331439642021824 231 231 231 1.5914751056179361 89 166 91 128 95 65 88 126 97 67 78 181 98 27 100 17
4312 5.8159181884725921 0.34596189274492489 0.75938496677669975 5 5 5 0.37875905656241732 72 235 71 251 78 558
14585 3.6578227009835906 -0.19694294584371363 -1.5408472337158508 0 0 0 0.2776072343305665 93 95 95 81 99 145 101 102 100 46 104 115
14588 3.330281023722828 -0.41565243291520604 -1.1485820796613702 100 105 120 0.84537286536239697 92 186 93 116 95 95 97 145 96 42 98 120
14589 3.3342746177519942 -0.39101339230317528 -1.1701461552967536 231 231 231 0.19985685452377333 93 54 97 85
14590 3.6119555232850944 -0.22994429433480815 -1.5471128969160197 0 0 0 0.82702041395215142 90 50 95 112 92 32 97 155 96 147 99 176 101 128 102 158 104 128 104 154
9509 -2.3909366067225548 1.3254447164163869 6.3463523921750991 110 116 133 0.63894981756714231 125 580 127 537 129 428 140 380 126 494 138 389 141 493 130 375 165 484 173 379 134 281 133 214 136 377
4324 4.556137238284653 -1.3509392336831199 1.2485264913102554 0 0 0 0.49042755828311924 73 551 71 334
14597 3.6432419398310198 -0.18881858940709298 -1.5228560677445155 164 164 164 0.59102826630420013 93 164 95 143 99 181 102 167 104 139 101 135
14598 3.7718105220845319 -0.40693008562600991 -1.162861980971734 231 231 231 0.22900974375936989 93 169 95 148 92 243 97 132
4326 4.3533999671903674 -1.3500041092595911 1.3852345790055374 141 141 141 0.54453856378826604 73 594 71 365
14599 3.7718105220845319 -0.40693008562600991 -1.162861980971734 231 231 231 0.22900974375936989 93 170 95 149 92 244 97 133
4429 5.1802862292788934 -0.053024948984147315 -0.63297827821242347 107 112 129 1.2104878450947612 77 508 76 411 78 491 80 296 81 271 82 439
14603 3.9442332514057643 -0.15298306973719095 -1.6903218069136379 59 62 72 0.24845997994869162 90 227 95 176 97 150 103 145
4430 5.1823889486028092 -0.052404511876752317 -0.63342392287774485 107 112 129 1.2619303368894155 77 509 76 412 78 492 79 331 80 297 81 272 82 440
14604 3.8272219586602554 -0.39061711869156845 -1.2488650024154848 0 0 0 0.93547290511368697 92 225 93 211 95 178 86 5 84 14
4331 5.6566214625694142 0.039751911695786915 0.97288107187685113 118 119 119 0.85579731899173017 72 22 77 84 76 93
4443 5.57825918746705 0.53768945265760115 -0.5159056103192684 0 0 0 1.0377620841406441 77 475 76 459 2 306 1 306
4451 4.5782976878259429 -0.48364817903678026 -1.1621687152517035 59 62 72 0.88684794356008356 77 542 76 476 78 458 79 437 80 394 81 417 83 467 82 459
4454 4.7004941124700315 -0.43447163831078939 -0.99911605520114632 231 231 231 0.94760541088925954 77 500 76 484 78 471 79 446 80 462 81 436 83 488 75 450
14628 3.8482518966938315 -0.39583631369709776 -1.2176962410700576 0 0 0 0.87728296370132741 92 484 95 305 97 280 98 237
4455 4.9832908524746271 -0.20268598638224905 -0.90311343554028667 71 75 86 1.2841447487579614 77 505 76 490 78 485 79 519 80 420 81 439 82 482 75 554
14629 4.2920458934042056 -0.19350923678166163 -1.7988432486786621 59 62 72 1.2621396602576647 90 572 93 365 95 327 91 560 94 526 88 608 89 681
14632 3.7904619892422868 -0.15814424485208628 -1.5713758788716261 109 115 132 1.9433631823746174 93 388 95 331 97 294 96 256 99 292 98 253
4459 5.0271159731047259 -0.15104467192790119 -0.91087443845028548 59 62 72 1.358055266171873 77 611 76 494 82 484 82 539 83 494 81 483 81 442 75 556
4360 4.6720741789040794 -0.52157063743502907 -0.98665960195846103 94 99 114 1.1991996621895609 77 497 76 478 78 462 79 439 80 447 81 426 82 473
14633 3.6423218466656699 -0.17364930569359938 -1.496964476638875 164 164 164 0.31650935902291127 93 391 95 334 97 315 96 257 99 293 98 254 100 215
14641 4.3547019435027643 -0.33704140313061498 -1.3047770310627185 59 62 72 0.40714376367782901 92 35 93 4 95 10 97 13
4468 4.6033501938317052 -0.50186475434020539 -1.0991467779992545 59 62 72 0.48436186017765165 77 543 76 526 78 520 79 493 80 443 83 523
14642 4.0890956305892248 -0.16938311433637765 -1.8047841011967063 231 231 231 1.3920676308071556 92 27 95 70 96 145
14643 3.8832926765756879 -0.40388892715740743 -1.2273185027933307 229 229 229 0.34077729757775116 92 223 93 147 95 120 97 105 90 230
4381 5.5514853810890621 0.50928111894886741 -0.61229399904980819 130 130 130 0.5608228104468298 73 540 77 714 76 689 78 718 75 742 79 699 80 639 74 643 81 607 82 724 7 386 10 380 8 614 6 412 9 447 4 607 3 397 12 420 205 480 1 659 2 659 11 312 5 513
14654 4.308212193360311 -0.35962026136018832 -1.2837290146797871 107 112 129 1.454704143933877 91 315 87 446 84 413 89 510 86 471
4481 4.5882725830439535 -0.35974146120638484 -1.2593395734681923 102 108 124 1.2648092111425062 77 599 76 576 78 574 79 553 80 490 81 464 82 523 83 538 75 686 85 548
14655 4.3351859021521841 -0.34366961195807982 -1.2522873950435758 231 231 231 0.52859489438740448 92 234 93 153 97 101
4382 5.413203503535593 0.25798450669826112 -0.67520137038903361 0 0 0 0.79715836438081922 77 747 76 713 78 760 75 765 79 745 80 684 74 660 2 648 1 648 10 539 6 522 9 588 4 586 8 791 3 559 12 468 205 628 73 562 5 674 81 642 82 752
4383 5.4394809578123269 0.36142222070115509 -0.67438739183743324 130 130 130 0.70025620279705081 73 584 77 749 76 715 78 762 75 767 79 748 80 710 81 665 83 727 2 692 1 692 10 542 6 577 7 424 9 592 4 760 3 709 12 470 205 774 5 679 82 753
14656 3.6706923666124833 -0.19376889723795782 -1.5446004758324037 0 0 0 0.515806007184896 95 134 97 112 96 122 99 179 98 125 101 159 100 110 102 161 104 117 103 137
4384 5.4219318294421299 0.3536422888525419 -0.67447242708561694 130 130 130 0.63106642211909492 77 750 76 716 78 763 75 768 79 749 80 711 81 666 82 754 2 693 1 693 6 578 7 425 9 593 4 761 3 710 12 471 205 775 73 585 5 680
14657 3.8146920323500142 -0.3873323018569364 -1.2417062250778557 0 0 0 0.34655710977024135 93 93 97 113 95 131 98 137
4385 5.4268444007255381 0.42415419076300381 -0.73299234559210158 130 130 130 0.6211221782450711 77 752 76 718 78 765 75 769 79 752 80 689 74 664 81 644 82 719 83 730 2 652 1 652 7 428 10 481 6 527 9 595 8 600 4 764 3 716 12 474 205 637 5 682 73 565
14658 3.8323862001265954 -0.40016881434439494 -1.2196762330885174 231 231 231 0.24571662932009791 90 62 92 41 97 116 96 129 98 166
4486 4.929430630210323 -0.050905091104535664 -1.0811521095486487 110 115 132 1.5158867034188932 77 614 76 593 78 593 79 577 80 512 74 547 81 543 82 609 83 605
14660 4.7487512928382127 -0.1922699212770887 -1.3653876017732556 231 231 231 0.31901338999677975 90 266 92 246 93 223 97 120
4387 5.6511175859384615 0.57096836407740892 -0.550140229415222 0 0 0 1.0356132380006504 73 566 77 754 76 722 78 767 75 775 79 754 80 692 74 668 81 649 7 433 10 487 6 530 9 600 8 800 4 611 3 572 12 478 205 651 11 350 1 708 2 708 5 527 208 1211 82 757
4487 4.929430630210323 -0.050905091104535664 -1.0811521095486487 110 115 132 1.5158867034188932 77 615 76 594 78 594 79 578 80 513 74 548 81 544 82 610 83 606
4389 5.50247054982432 0.41785355029817955 -0.60755146295701223 0 0 0 0.79423564201980923 73 586 77 774 76 719 78 788 75 770 79 771 80 713 74 662 81 667 82 755 10 544 6 580 8 796 9 596 4 765 3 719 12 476 205 778 1 701 2 701 11 378 5 684
14662 3.5956862738547528 -0.14226454952404058 -1.4866327331959788 111 117 134 0.15101611844871973 95 153 97 137
14665 3.6027892752011379 -0.11781680087260665 -1.510634380706813 231 231 231 1.0290125961189467 97 172 99 201 102 171 104 142 103 109 92 335
14666 3.307645892503293 -0.39900926138136905 -1.22009763096277 8 8 8 0.24871003931274774 92 149 97 173
4501 4.5584244965112983 -0.37206822528992889 -1.300429695754701 59 62 72 0.99470075717149442 77 662 76 630 78 642 79 615 80 554 81 529 82 649 83 641 75 682
14675 3.5962918880024151 -0.25039497540876032 -1.5558608888666743 164 164 164 0.68048489690090352 90 377 97 231 101 183 102 194 103 161
4502 4.6099022714839757 -0.38220763506914479 -1.2105677494851403 96 101 117 1.0178690593469812 77 663 76 632 75 685 79 616 80 558 81 533 83 591
14676 3.5962918880024151 -0.25039497540876032 -1.5558608888666743 164 164 164 0.68048489690090352 90 378 97 232 101 184 102 195 103 162
4504 5.7998565516388165 0.34157944864459117 -0.11025073567769655 0 0 0 0.69130248570247876 76 657 74 610 2 539 1 539 6 430 9 455 5 531 72 335
14678 3.6324154992000324 -0.1577625418188435 -1.4964322476696581 59 62 72 1.0870397645502488 95 263 97 244 96 176 93 270 99 222 98 195 101 204 100 175 102 199 104 192 103 156
4505 5.833589165506841 0.35441219379469968 -0.10897078041311614 0 0 0 0.63406071890970106 76 658 80 591 74 611 6 431 9 456 5 532 72 336
4407 5.3358066695742732 0.36955869310823786 -0.78349921413403711 130 130 130 0.64712148558583027 76 179 78 427 77 460 80 431 74 421 81 405 2 253 1 253
14680 3.814170725536818 -0.38172091478701359 -1.2629625302655478 0 0 0 0.66776495315736295 93 316 95 254 97 259 96 201 99 277 98 225
14684 3.6296422798061605 -0.1563678782002221 -1.5001131943628416 59 62 72 0.8550179369287465 93 371 97 286 96 219 99 268 98 227 101 223 104 205 103 179
4518 5.2991892344462661 0.33499460634504669 -0.85920724186319708 0 0 0 0.78325017941883368 77 748 76 714 78 761 75 766 79 746 80 685 74 661 81 641 2 649 1 649 10 476 6 521 9 587 4 587 8 789 12 404 205 626 3 560 83 726 5 673 82 713
14692 3.9160395276846458 -0.13487416878602354 -1.6747062897650213 59 62 72 0.61323354331501079 93 3 95 9 96 20 99 69 98 29 101 129 100 69 102 122 104 130
4519 5.430290819138615 0.42536290606288502 -0.73284065290720934 130 130 130 0.57119251353829625 77 751 76 717 78 764 79 751 80 688 74 663 81 643 82 718 83 729 2 651 1 651 7 427 10 480 6 526 9 594 8 599 4 763 3 715 205 636 5 681
14693 3.3088824619794339 -0.39774320739761843 -1.2198143705377442 231 231 231 0.43615638169589505 97 59 96 41 98 70
4520 4.6200061129189134 -0.50588829339143859 -1.0560639505621183 89 94 108 0.97856252350642581 77 759 76 732 78 774 75 784 79 757 80 697 81 679 82 767
4521 4.5988299560238453 -0.42401960741027006 -1.1850481760590217 59 62 72 0.53679492707873566 77 730 76 733 79 711 80 698 82 743 83 709
14695 3.6601157637559005 -0.20510499039570743 -1.5481465113239392 0 0 0 0.36433152490930726 90 70 96 54 102 95
4423 4.6225281339436677 -0.40146682036694781 -1.1731900901058525 59 62 72 0.90617099217576802 77 349 76 322 80 196 81 160 82 202 83 203
14696 3.6601157637559005 -0.20510499039570743 -1.5481465113239392 0 0 0 0.36433152490930726 90 71 96 55 102 96
14698 3.6358787291580863 -0.20312875735546743 -1.53316259419892 164 164 164 0.80927686880116723 95 135 96 85 99 147 98 98 101 157 101 173 100 111 102 162 103 103 103 135
14706 3.3323079392557791 -0.39153733313199152 -1.1409376231423101 115 121 139 0.32463237976416504 97 63 96 114
4532 5.4342905429155568 0.49901240978276901 -0.78899620222323408 103 103 103 0.83072340130578737 77 798 76 766 78 820 75 816 79 803 80 740 74 699 81 697 82 788 2 741 1 741 8 863 9 716 4 844 205 861 10 593 12 514 5 733
14709 3.8169788016303352 -0.3980729315384724 -1.2189496866341398 0 0 0 1.0213087883354108 90 150 91 59 96 151
4535 6.3721819369320274 0.12325525686376564 0.48101914209802737 7 14 24 1.9746455669072303 69 186 77 628 76 427 77 304 78 609 75 605 79 218 71 235 70 165 74 515 72 40 79 653
14710 3.6291014821798266 -0.15822122787812623 -1.3717255858521848 231 231 231 1.0415183316716665 93 186 97 221
4541 4.551455221563609 -0.32443419759336062 -1.3198352752121685 103 108 124 0.62839702026762645 77 554 76 536 78 531 79 510 80 457 81 470 82 525 83 540 85 493
9628 -1.8383460999265506 0.49095357223823555 6.9085233595303874 0 0 0 0.9078601548119638 125 720 127 683 129 557 137 467 177 383 179 369 176 500 175 443 174 443 173 589 169 496 172 599 123 757 140 512 126 630 138 512 139 631 128 613 131 528 130 461 171 354 168 388 165 647 166 513 167 431 163 705 164 467 124 705 178 356 144 570
4562 4.7130976668958278 -0.44104941653111251 -1.0019389545390041 10 10 10 1.2623392125369199 76 18 78 28 80 12 79 18 81 12 82 13
4572 4.5628427934398816 -0.39583725555240329 -1.2640664291813599 103 108 124 0.81226528225383487 77 103 78 84 79 77 76 8 80 52 81 50 83 99
14746 3.4831388551441558 -0.086841563991766263 -1.5460872733912714 231 231 231 0.4569128572661062 96 111 97 141 99 162 101 110
4582 4.5743686416182463 -0.21317853409994464 -1.3147168467688601 231 231 231 1.6978857939458905 77 223 78 213 81 111 83 132 84 89 85 81 86 86 87 101 84 175 76 158
4584 4.7664070797202793 -0.30952268653928594 -0.97423094861106785 5 5 5 1.4246229132486516 76 221 78 219 80 80 82 242 79 280
14758 3.6356675637155615 -0.29559695869167513 -1.3174647829392758 112 118 135 0.31887521651981793 96 178 99 247 98 199 101 206 100 180 102 215
4587 4.7752546886211018 0.056049382215912741 -1.2745341183951575 107 112 129 0.89809456654123243 76 405 78 264 83 269
14761 3.51676978618775 -0.16371811899194316 -1.2874699866096213 87 81 78 1.1840383977119719 97 200 99 251 98 203 96 182
4588 6.3734976117521684 0.10264489279788054 0.46781617593840163 9 9 9 0.59748821271048891 69 99 78 290 79 216 70 163 75 485
14762 3.7590722646360302 -0.13931131908993996 -1.5842478685941803 110 116 133 0.57655747451864625 96 186 99 256 98 192 97 236 100 187
4591 5.1497224775996324 0.68029014837011015 -1.0431550988643223 231 231 231 1.3982786825666786 85 223 83 177 79 222 81 139 82 178
4492 5.4120832455601722 0.34559125840930149 -0.71217885242075119 0 0 0 0.61056817406530073 77 632 76 607 78 612 74 564 81 507 82 564 83 622
14765 -3.5302231786840528 3.781014349228621 5.5447008603913677 0 0 0 1.5190109885067471 141 598 142 583 116 379 117 459 118 504 119 595 120 553 121 537 122 678 123 733 124 703 114 333 125 739 139 649 138 539 115 308 140 510 113 309 112 283
4594 4.5531994050419469 -0.45961782488042885 -1.2124612616250376 59 62 72 1.0807266544507141 76 301 78 321 79 231 80 186 81 147 83 466 82 401
4595 4.6077443444071688 -0.48852305597555085 -1.1102401760181908 102 107 123 1.3901362226874936 76 477 78 322 79 232 80 395 81 151 82 194 80 107 83 393
14769 -3.5346789197521074 3.8881499197034071 5.5942214700600044 98 103 118 1.2644406688096492 122 337 123 449 114 173 124 473 125 529 111 238 116 255 117 304 118 352 119 427 120 400 122 527 123 590 124 537 125 590 138 399 139 485 140 391 114 246 115 222 113 251 112 228 141 499 142 439
4603 4.5300347769741736 -0.27898204113414027 -1.374625147699607 68 67 67 1.1345795782896464 76 346 77 361 78 344 76 148 79 451 80 410 81 382 82 422 83 487 85 450
4606 4.5942983646426576 -0.20042489031213806 -1.3134492837552929 41 41 41 1.1571654422777664 77 370 78 354 79 274 80 219 81 192 83 215 80 141 85 268 84 378 86 416 76 357 87 294 89 530 88 435 90 439
4615 5.3398837445677865 0.3603632967069953 -0.82736294771885976 130 130 130 0.65968872646054499 77 451 78 421 75 512 74 418 81 285 83 337
4616 5.3448161189131724 0.3627940502515542 -0.82768848098382164 130 130 130 0.48688113325432897 77 452 78 422 75 513 74 419 83 338 2 247 1 247
14796 -2.5936163409458799 -3.1918113823197878 -0.38271372803117926 0 0 0 0.089590122835286376 3 672 4 714
4630 4.436504913995365 -0.40988956478855582 -1.4489006070244157 108 106 106 1.467018937311164 76 475 77 494 78 456 79 436 80 104 94 379 90 468 92 400 91 400 93 310
14804 -2.5931747760086385 -3.1916416940084109 -0.38272975757215338 0 0 0 0.15199729525635344 3 808 4 974 8 982
4531 5.4342905429155568 0.49901240978276901 -0.78899620222323408 103 103 103 0.83072340130578737 77 797 76 765 78 819 75 815 79 802 80 741 74 698 81 698 82 789 2 740 1 740 8 864 9 717 4 845 205 862 10 594 12 515 5 734
14807 -2.5930833990432829 -3.1915892048992855 -0.38275676039104461 0 0 0 0.7232667399783389 3 883 4 1038 8 1040 5 910
14819 -2.593442884192414 -3.1918041407395945 -0.38262965031601981 0 0 0 1.4251579273029358 3 984 4 980
4650 5.1077257841719463 0.48572307423411898 -1.1724728215390134 59 62 72 0.95418024665043233 76 615 77 583 78 549 79 534 80 476 85 521 83 566 82 496 81 447
4652 4.6700878407954862 -0.54081272801579394 -0.97753398061946983 104 110 126 1.3625883368516096 77 545 78 567 75 589 79 495 81 463 82 514
14826 -2.5934368527888125 -3.1918018342221615 -0.38263754908656689 0 0 0 1.3545857115223807 3 1044 4 1124 8 1133
4653 4.6509891772735692 -0.43282981638495738 -1.0947166274626934 90 94 108 0.48524025250313269 77 595 78 572 79 549 80 488 81 468 82 599 83 592
9741 5.868659769061038 0.63480461425590518 -0.26112036469737931 0 0 0 2.3946090097756674 82 371 80 388 81 339 74 438 76 464
4656 4.5417589814127197 -0.18016390131657956 -1.3884017742852295 231 231 231 1.1849755548824539 76 587 77 605 78 583 79 562 80 503 81 476 82 601 83 544 85 552 88 527
4657 4.6111350980025554 -0.20030731417811237 -1.3030227773842948 231 231 231 0.70107115861171887 76 537 77 604 78 584 77 556 79 563 81 479 82 532 83 595 85 553
9744 -2.2062959532994695 0.78032737866367274 6.5532669854941155 0 0 0 0.1138464199158099 45 71 48 245
4673 4.7664915799436498 0.044075581736188557 -1.2936101520198156 110 116 133 0.64617911121951932 76 674 77 701 78 699 79 622 78 648 80 607 81 584 82 655 83 647 85 595
4689 5.2743920901714469 0.63261612621103935 -1.0646289613772 0 0 0 1.2563871310557664 76 748 77 778 78 789 79 772 80 742 83 755 81 699 82 787
4719 5.4913353248878929 0.45922684605187886 -0.70407243944298814 0 0 0 0.26388015563807948 76 180 75 348 83 346 82 344
14893 -2.5933589383491671 -3.1919503679756978 -0.38231848500682558 0 0 0 0.18826352578303757 4 704 8 907
4721 4.6422300373357031 -0.40663196435587101 -1.1414827172348465 100 105 121 1.0256447534045448 76 325 82 416
4622 5.2328024526914545 0.55628127765799795 -1.0452632487503446 0 0 0 1.3802830624014135 77 471 78 434 80 347 81 302 83 512 85 353
14895 -2.5931979106620862 -3.1915450673187649 -0.38221600525633265 0 0 0 0.36400085558873863 4 717 8 764
9821 -2.1426029725654114 0.87796150422401009 6.5578951491734792 0 0 0 0.84284870895355946 51 724 165 550 169 406 172 503
4737 6.2608309260360908 0.098780955770553222 0.51502707746554321 124 124 124 0.081659980325357318 69 171 75 606
9826 -1.7711360613456921 0.48441307217078627 6.9792675841670686 67 71 82 1.2602705715663101 125 589 137 365 139 486 128 437 124 538 177 216 175 281 172 418 172 468 169 181 169 311 174 137 173 454 140 392 127 336 130 330 170 184 179 274 176 399 138 296 171 230 125 463 123 593 180 230 180 260 132 243 136 258
4743 4.6528179227855047 -0.41419917603923878 -1.1316617205667656 86 90 104 0.76584738856597601 76 631 79 551 80 557 83 593
4646 4.6678149101445854 -0.47100333572399045 -1.0484542391780534 89 94 108 0.5528494680901751 76 573 78 523 79 500 79 545 80 453 81 431 82 413 83 403
4753 5.933040794005219 0.16843309840255333 0.0058361154585692097 130 130 130 0.28965379931990226 72 177 77 439 75 487 73 300 78 418 79 374 80 341
4756 6.1106549940898125 0.088463977517835954 0.19829219874802029 231 231 231 1.3137311347409957 72 11 73 118 71 135 77 298 78 150 75 483 77 432 76 421 79 466 74 145
4758 5.7904147183999504 0.062259419857338134 0.88547180697552852 6 20 42 0.96411761750519298 64 285 65 164 73 320 75 520 77 480 76 457 74 425 70 221 63 412 66 153 72 186 78 517
14936 -3.9617151664755377 0.97757751779989355 7.4603551436467717 121 127 145 1.0428892123734141 42 7 174 51 178 75 179 88 181 114 182 63 176 98 177 90 181 70 172 171 40 160 39 136 41 132 43 127 185 234 44 218 37 74 187 134 44 48 170 90 188 156
4763 4.5905126768697828 -0.23363543857862415 -1.2990452927759526 231 231 231 0.84078479858653998 79 23 82 15 83 17 85 25 80 69
14937 -3.3754323755555009 0.12234943684618003 7.7887806929579417 0 0 0 2.1912840074376838 41 148 183 207 40 239 186 239 47 482 49 553
14948 3.4719596654437397 -0.1349852367050306 -1.3610562794471921 8 8 8 0.086079512484866866 99 131 98 85
4780 4.651499540506018 -0.4272245960220431 -1.1150811939264109 59 62 72 0.64093235772368251 77 348 78 334 79 244 80 195 81 163 83 404
14954 3.7392381036485172 -0.16066428602564431 -1.5317592717779946 108 114 130 1.2759557436697022 92 52 98 100
14955 3.8134747150473824 -0.3948751710453513 -1.2166448425069241 233 233 233 0.73866842187528603 93 10 97 123 98 102
4781 4.6577361188343511 -0.43171291574164278 -1.08641554310862 101 106 122 1.4947818316105741 76 321 79 246 82 211
4783 4.5236021050860042 -0.2934029046949157 -1.3640285741328091 231 231 231 1.178484243597995 78 340 79 257 80 202 81 171 82 213 83 206 84 415
14957 4.2892292285393934 -0.36264571240925692 -1.5816981265181236 59 62 72 0.53463150680149962 92 210 93 134 96 138 98 153 95 175
4684 4.6181621489552116 -0.13830402362953409 -1.3080035934986751 231 231 231 1.1248830884140673 76 740 77 740 78 749 79 732 80 669 81 633 82 746 79 763 83 719 85 649
4784 4.5359496037954035 -0.20328377237170453 -1.3841839410787335 52 52 52 0.9325656535333352 76 355 77 365 79 272 80 127 81 183 82 226 83 209 85 251 85 252 86 413 87 398
14958 3.8333385936703372 -0.39973930038205774 -1.2200868094664012 233 233 233 0.16376133837219395 96 130 97 117 98 167
4785 4.6020882391579052 -0.17319397368097023 -1.3034472450658803 41 41 41 1.4715358434241805 76 368 79 283 77 381 80 228 81 193 85 415
14959 3.4800684455134872 -0.087270748387579297 -1.5487005360239303 8 8 8 0.50235048680325645 96 179 97 217 98 184
4686 4.7227230820966071 -0.012545000980130392 -1.3087688681842689 106 111 128 0.77631729516270953 76 709 77 741 78 753 79 737 80 674 81 634 85 650 82 710 83 720
4687 4.9035053382725788 0.16373564697870857 -1.1932746261832035 59 62 72 0.88610915232582055 76 758 77 791 78 780 79 765 80 706 81 689 83 751 85 676
14960 4.2367471127596277 -0.37346775571419288 -1.5641670717430241 231 231 231 0.90792490867095454 92 395 93 279 96 164 98 189 90 416
14966 3.7725621545997412 -0.16434658024202214 -1.5605862987317569 111 117 134 1.5172997968189541 93 368 98 235 102 235
4792 4.6965370547947236 -0.053763608945886318 -1.29596585653404 104 110 126 0.54467268979106287 76 393 77 410 79 315 80 243 82 71 83 241
14967 4.131778059870693 -0.17162740274093102 -1.8449690165582204 231 231 231 0.90461047712930909 93 383 95 324 96 251 97 309 98 247
14968 4.131778059870693 -0.17162740274093102 -1.8449690165582204 231 231 231 0.90461047712930909 93 384 95 325 96 252 97 310 98 248
4804 4.5736448851128984 -0.37886803135807673 -1.2630223420911264 59 62 72 1.3685196043279109 78 524 79 505 83 534 85 492
14983 4.2790482274899828 -0.11392184343004037 -2.0309214928976682 8 8 8 0.29226920148690316 98 1 99 2 101 63 100 12 102 14
14988 3.6371258139782157 -0.30010125983082642 -1.3140726224552677 102 107 123 0.24803481293662977 99 51 101 88 104 64
14989 3.6398310218263763 -0.21382075957219535 -1.5448947301432112 164 164 164 0.15147520289972552 93 86 98 92 101 99 104 78
14991 3.5738746984301124 -0.18002486800406711 -1.5371767315087546 231 231 231 0.24019663131794966 96 94 101 106
14993 3.6927341058091558 -0.18003712790562806 -1.5431626921314383 0 0 0 0.73366074409946025 97 52 101 133 103 119
14996 3.3241234434908198 -0.079537185364937465 -1.4615969242311388 231 231 231 0.95017104734444202 99 170 101 178 100 85 102 107 103 79
4824 4.6230978069288824 -0.48015512755047512 -1.0897663937623865 59 62 72 1.7590941594678007 77 6 76 6 79 74 76 7 78 12 80 1 80 49 81 3 81 44 82 98 83 101 82 10
14998 -4.1321957239064098 3.6468831876181849 5.0203713175697455 0 0 0 0.51110823676370676 123 615 207 665 116 322 118 417 119 498
14999 3.6137981219588289 -0.22933447176923688 -1.5465314396447305 0 0 0 0.70745441575879398 96 171 99 213 101 185 100 168 102 184 104 186
15000 3.6137981219588289 -0.22933447176923688 -1.5465314396447305 0 0 0 0.70745441575879398 96 170 99 214 101 186 100 167 102 183 104 187
15001 3.4788217754155273 -0.090615950513024374 -1.5455911585102795 8 8 8 0.36210928392493369 99 229 101 191 100 176 102 201
15002 3.645252113625717 -0.21351450713574821 -1.5434863620707651 164 164 164 0.59882300745352912 98 207 99 255 101 211 100 186 102 212 104 198 103 173
4829 4.4405477523273378 -0.28955819130980814 -1.5044996280744147 0 0 0 0.83638156711012857 76 575 77 550 78 525 79 502 80 449 81 423 84 454 82 465 83 478 85 485
15003 3.6211692965339015 -0.12661480749078691 -1.4879733992560835 112 118 135 1.7029816440941032 99 281 98 244 101 237 99 300 98 258 100 217 102 238 104 214
15004 3.6211692965339015 -0.12661480749078691 -1.4879733992560835 112 118 135 1.7029816440941032 99 280 98 243 101 236 99 299 98 257 100 216 102 237 104 213
4835 4.5450475216575432 -0.1142342059553044 -1.4217449589825364 25 25 25 0.61134371233130969 79 38 80 25 83 136 77 246 84 177
15009 -2.31342694599349 0.80095328151152845 6.5019475997809559 0 0 0 0.06617482052905807 124 53 140 23
15012 -3.8027665944289781 4.8984428237715241 4.8089739067754689 229 229 229 0.45649683966235588 110 1 105 27
15014 -2.0337703611171452 4.4622642631973406 3.5791265644861174 0 0 0 0.17355301975653892 110 73 111 82
9936 -3.7387868199344112 2.2331997271320145 4.5460285834780221 236 236 236 1.2465946260808811 178 61 180 19 183 103 185 149 40 186 40 95 185 243 186 181 37 44 37 78 187 153 187 180
15024 -2.8535723314563648 2.2959515744563763 3.714298355336199 165 165 165 0.48601851853312822 113 4 105 91
4851 5.5113886424459144 1.0281382650826734 -0.97239529300369876 0 0 0 0.91084813236398832 82 179 83 178 80 177 78 312
4754 5.8102687289971406 0.042407641245567868 0.85312124019711644 26 81 39 0.46359771097609354 69 13 72 17 73 32 71 15 75 200 76 182 74 38 75 62 70 23 68 4 78 307
15027 -2.4642705596498282 0.74277342753392595 7.7989106678968785 0 0 0 0.49503396830934288 44 185 140 216
15033 -2.1890884653755776 4.6879944990339242 3.9454284184236483 87 91 105 0.70838853549402359 109 21 105 128
15046 3.4315123903599054 -0.58408728739305071 -1.1648282809427097 231 231 231 0.15429238511423804 101 47 100 15
15048 3.9022094144635817 -0.1788253598107909 -1.6159281974631892 59 62 72 1.7593984810384655 99 37 101 73 100 20 102 53
4880 4.4169255461154826 -0.23818739398056976 -1.5927928613562705 216 216 216 1.0278313000422381 76 582 77 553 78 530 79 508 80 455 81 429 84 458 82 466 83 479 85 446
4885 4.5064680775731762 -0.23882272608297878 -1.5844848451653053 0 0 0 0.76954023723264842 76 578 79 546 80 487 77 551 78 466 86 536
4786 4.595115228453138 -0.17533433372401247 -1.3023098626867486 41 41 41 1.7510347883974455 76 369 79 284 77 382 80 229 81 194 85 416 83 490
15059 3.3114053933449727 -0.076919178401346294 -1.4545106046431102 225 225 225 1.294586918740062 101 52 100 56 102 78 103 38
4886 4.5805290476856744 -0.26969928349198397 -1.3165934762836411 231 231 231 0.62595563025445167 78 580 80 498 82 529 83 542 80 463
15060 3.5417352112284037 -0.29514071959226612 -1.5913400004598621 74 78 90 0.47055925397329501 101 93 100 63 102 89 104 69 103 48
15070 3.4832497550757693 -0.087020677593260015 -1.5458318322017439 231 231 231 0.48966611999691384 96 62 100 78 102 104 101 111 104 97 103 73
15071 3.6121523122957049 -0.15401387805533295 -1.4829352566314939 59 62 72 1.8647042696682581 95 193 100 79 103 78
15072 3.4760906844327604 -0.086606763074623394 -1.5414015376489762 231 231 231 0.11763393607308573 101 138 100 80
15073 3.4771068411742991 -0.082641986990025035 -1.5445975375312149 231 231 231 0.1198765089097595 98 113 100 81
15075 3.6318018007752109 -0.3047160297049305 -1.3179507207817922 68 67 67 0.059260329190387165 99 165 100 84
4919 5.367291399841986 0.35240991437406771 -0.79919937860128454 130 130 130 0.71922496881305908 73 322 77 449 74 410 82 337 83 340
15093 3.3010738868348235 -0.072038659833761162 -1.4417687867245084 231 231 231 0.41654655646805133 101 239 100 221 102 240 104 215 103 189
15094 3.5402761999942078 -0.29729096808267763 -1.5887835097357406 74 78 90 0.6236983607708495 96 49 98 49 100 34 99 65 97 69 95 68
4831 4.5342274185532423 -0.12371200302230362 -1.4428192820527452 25 25 25 0.84314222821002283 76 706 77 735 78 742 79 724 80 662 81 629 83 680 85 643 84 635 82 703 86 705
15104 3.6658578265481738 -0.19381436395584725 -1.5434735559491355 164 164 164 0.35185944945796854 99 47 102 57 104 85 103 60
4952 4.5297209178502298 -0.37784095866869111 -1.2961348208149412 92 97 111 0.55944774772621653 80 8 81 8 82 101
4853 4.5267647069502477 -0.29282146016507243 -1.3653303132843264 231 231 231 1.1948190734652939 79 256 80 201 81 170 82 212 83 205 84 414
15126 3.6297493447068985 -0.32585689223519926 -1.320357568007416 132 129 129 0.12998375056947528 101 114 102 172
4957 4.5687325394227729 -0.22534823604487095 -1.2885912923652947 231 231 231 0.6032450509553271 76 223 81 184 83 134 85 158
15131 3.317652971977517 -0.067470922069295169 -1.4637835127001333 12 12 12 0.18617440851958653 100 183 102 206
4959 4.5369984820675695 -0.14676997011457019 -1.4337777151855113 25 25 25 0.38852655010195336 80 221 81 188 86 415 85 410
15133 4.069903608368425 -0.20000841036778619 -1.8205599212894217 231 231 231 2.3526760201886359 99 240 100 185 102 216 98 171
15135 3.6360101541020873 -0.29416655133301411 -1.3182054179050111 112 118 136 0.25351443309138555 101 213 102 221
15136 3.6481547097563904 -0.13299394235160344 -1.3864875668973724 231 231 231 0.59456779642819668 100 206 101 226 102 230
4963 5.2932014931870679 0.32448837674515435 -0.88908250654056609 0 0 0 1.1066923606978918 81 276 83 335 75 503
15137 3.6481547097563909 -0.13299394235160275 -1.3864875668973726 231 231 231 0.59456779642795288 100 207 101 227 102 231
15148 -2.0946113037688154 4.4694648996269226 3.3204720345040522 0 0 0 0.14773980055164279 114 135 117 183
15151 3.7998583231299508 -0.172415066762798 -1.4800195175630597 59 62 72 0.5366084344177533 102 64 104 58
4984 4.6336861681914776 -0.45114900114061096 -1.1259711796896625 59 62 72 1.4654774321027422 80 653 81 617 82 692 83 708
4891 5.5345437239226571 0.94505960178100634 -0.94563118390791645 0 0 0 0.29975376063207088 79 605 80 544 85 533
15164 3.2900852734642618 -0.16329555306094434 -1.3557663019053148 223 223 223 0.16196295149647444 101 151 104 146
15165 -1.970011092321023 4.4815512101894228 3.2638460877565163 0 0 0 0.19653009331712989 105 199 207 930 106 201 107 173
4992 5.4101976254784434 0.42400133920812672 -0.7790612675818992 0 0 0 1.3819549308894432 73 480 75 669 81 450 76 511 78 507 79 476 80 434 82 448 83 625 2 393 2 520 1 393 1 520
15166 -1.8061288261445747 4.515407543313013 3.2835482210511451 0 0 0 0.027604939379565031 105 225 207 1110
4994 5.5423076297688274 0.47841012261065513 -0.60603555299209411 130 130 130 0.56271911440280997 73 331 76 452 81 320 77 468 80 363 82 349
15168 3.6435178110825417 -0.18833303257906611 -1.5231682882106861 164 164 164 0.63307244782683181 93 163 95 142 99 180 102 166 104 138 95 86 101 134 93 101
4995 4.4119573277926705 -0.29200614570958633 -1.52485751641722 0 0 0 0.87394887150608247 77 9 82 4
15169 3.6588911222534328 -0.25286048828842062 -1.5938152251620694 164 164 164 1.828059946647077 97 95 99 195 98 155 101 171 102 181 104 168 96 168 101 198 100 164 102 209 103 160
15269 -2.1089440548592586 4.4463391962686938 3.2572063541584484 165 165 165 0.21349386521592545 114 218 106 145
4996 4.4378592023937236 -0.28279857101709632 -1.5137660404930386 216 216 216 0.98234176666922346 80 9 82 6 83 46 85 12 79 15 76 16 84 52
15170 3.5395636152576921 -0.37271646529966901 -1.6224864482288439 104 110 126 0.61582030542848554 100 0 103 0
15270 -1.7548411032501283 4.5472321809917409 2.7970441866116991 231 231 231 0.66495626779249029 109 135 106 152
4997 4.4306386200069694 -0.27671259993834102 -1.5420186156641782 215 215 215 1.4338089308796682 76 135 77 111 78 17 84 50 82 45 85 48
15271 -1.727390245481764 4.5182506769328148 3.2749170770233147 0 0 0 0.72131279078761168 109 161 106 162 107 120
4998 4.6030449785567287 -0.3935573505595506 -1.2066350801373755 97 102 117 1.0009338945133783 76 131 82 51
4899 5.4996613646219616 0.49672280993202361 -0.68474993674309304 0 0 0 0.51360293909812649 76 454 78 436 80 360 73 334 79 403 74 428 81 316 82 346 83 351
15172 3.6945540098110512 -0.17954134303579602 -1.5426531811427058 0 0 0 0.011087938841102185 104 1 103 5
15272 -2.0365901226435175 4.4633481285436201 3.565245756138292 0 0 0 0.06672807483945413 108 125 106 165 107 144
4999 4.5847270836323037 -0.19715385723610626 -1.3432377996465641 231 231 231 1.7229884981576524 79 100 82 62
15273 2.9268507178153556 -0.064132794606811941 -1.0186209064226546 0 0 0 0.62944102700406979 82 507 86 577 84 442 84 509
5000 4.5726696208642492 -0.1972846458074807 -1.3455619749962513 231 231 231 1.9947230888112049 78 107 82 63
10087 3.2326222064246468 -0.28074700063142022 -1.1365404257719123 0 0 0 0.014111132207663352 88 303 89 340
4901 5.4996613646219616 0.49672280993202361 -0.68474993674309304 0 0 0 0.51360293909812649 73 335 79 404 80 361 76 455 78 437 74 429 81 317 82 347 83 352
15174 3.6505708741927991 -0.30311504613053936 -1.654287759682568 93 98 113 0.43383745717981548 102 0 103 14
15276 -1.202941563268541 4.8653062533326112 3.0954098944479722 110 116 133 0.62666847322274444 105 189 106 194
5003 4.5235240286489722 -0.19005815384914265 -1.6371088988355009 122 120 120 1.4259469267065008 76 215 78 196 86 245
5004 4.6637409651552417 -0.43169220214904214 -1.0841702096175434 101 107 122 1.1780636770932906 76 202 80 121 82 111
15178 3.3130000110305673 -0.074462318513143624 -1.4562809527335341 229 229 229 1.0049520119822291 101 53 102 8 104 7 103 22
15278 3.365404358404402 -0.12867272463441939 -1.4354789081699524 0 0 0 1.8571911630690578 98 229 103 175
5005 4.8966034308538129 -0.24575158291965174 -0.9609596934251381 59 62 72 0.75820221907478003 80 151 82 137 83 140
15280 -2.4759386645448211 4.4687142070208736 3.5230676213089773 59 62 72 0.32464487514096724 105 223 106 210 107 187
5007 4.6601576811382497 -0.43165932611011637 -1.085270890477952 101 107 122 1.2148192842208334 79 245 82 210
15181 3.6400238861724104 -0.21286074410650188 -1.5462044974292899 165 165 165 0.11123145788088581 100 39 103 54
15290 -2.3333124294004493 4.3959166192654493 3.2484541619457992 0 0 0 0.1891539544480656 112 109 107 63
5017 5.3913478974968649 0.30424285657823197 -0.70644017012501614 130 130 130 0.4189320722153908 80 320 82 446 2 243 1 243
15191 3.8058813161946343 -0.17270335135385284 -1.4832257502706452 59 62 72 0.89174628074390538 102 63 103 82
5020 4.6065188299425204 -0.082240169410142394 -1.3909648897406652 231 231 231 1.0919352244377167 80 505 82 533
15194 3.6663106321478192 -0.2332123575923796 -1.5797708725470314 0 0 0 0.072986760337052148 104 71 103 100
15295 -1.8671109409617763 4.5132206270261115 3.210995349373587 165 165 165 0.16137172914414954 105 97 107 77
5022 5.4565676329268129 0.42926537103895573 -0.76145372020625635 130 130 130 1.447042798972255 74 525 75 566 77 463 79 378 83 572 82 567 2 266 1 266
15196 3.6936294865690193 -0.17818530642025243 -1.5450882681676186 0 0 0 0.044414135969271226 101 132 103 118
15296 -1.9684284955816054 4.482642876066059 3.306536851464136 0 0 0 0.068578243752728252 105 102 107 81
5023 5.4113913055217422 0.41198823222458791 -0.75521554065999219 130 130 130 0.65977503252078795 74 526 82 568 83 573
15197 3.2738883435717154 -0.090350098874180079 -1.3977020962646625 85 89 103 1.5388542509390732 104 60 103 122
15302 3.5702808802961252 -0.18790601132202231 -1.5381019323313618 0 0 0 0.17663568311288277 100 73 104 82
5029 5.3943836744746481 0.37910074536233568 -0.76974039982927633 0 0 0 1.4756762141921733 77 635 76 610 78 614 81 510 82 563 78 505 75 563 77 578 81 404 82 500 83 454 83 570 2 390 1 390 10 226 73 325 1 515 2 515 73 477 79 469
15203 3.6588911222534328 -0.25286048828842062 -1.5938152251620694 164 164 164 1.828059946647077 96 167 101 197 100 163 102 208 103 159 97 94 99 194 98 154 101 170 102 180 104 167
15303 -2.5066915553146503 4.5879818998234025 3.5288331690979602 231 231 231 0.036832522016406521 106 109 107 105
5030 5.4054508319636954 0.34319618151260789 -0.71177956425738154 0 0 0 0.62010171126770064 77 633 76 608 78 613 74 565 81 508 82 565 77 576 78 545 83 623
15204 3.529735940594922 -0.35754844018417409 -1.6262994354274534 61 64 74 0.62342604042617411 99 192 100 90 101 153 102 119 103 112 101 168 100 155
15304 -2.2501502295668629 4.481916458709569 2.325220441180436 81 85 98 1.5094950922899812 109 127 107 119
5031 4.5413441980642011 -0.1559776949191049 -1.4027777518696625 231 231 231 0.94440354783605729 77 731 78 737 79 721 80 658 81 625 76 737 85 641 84 631 82 701 83 676 86 703
15305 -3.1635095451742377 4.1468543248293521 2.5463919982423993 61 64 75 1.7069793384901675 106 47 108 107 114 231 107 134
5032 5.3840525829666177 0.37603074728382291 -0.7698694317121092 0 0 0 1.2942200731356421 77 577 78 504 75 562 79 468 81 403 82 501 77 634 76 609 81 509 82 562 83 455 83 571 2 389 1 389 73 324
15206 3.3345384567969614 -0.074904011670860526 -1.4622511745174929 231 231 231 1.3355630321446177 101 113 100 53 103 37 99 54 101 85 99 188 102 140
15309 -2.4515844004889709 0.83878792284727599 6.3626433106176243 228 228 228 0.69141963126232453 122 613 207 695 143 540
5036 4.4049350523479518 -0.26393742463155528 -1.5840874195411223 0 0 0 0.50962745283077604 77 11 83 2
10123 -2.4146436312641852 0.71346390866388243 6.4471657981022394 0 0 0 0.52534650911431402 174 233 175 242 176 318 177 182 179 172 178 168 47 382 180 139 181 148 182 164 183 151
15310 -1.7342276614607057 4.5223504352709494 3.2759940978051816 0 0 0 0.68239777609129038 105 171 108 146 107 157
5037 4.5744301811182551 -0.47804197187066044 -1.1657337373761942 61 64 74 0.80883071420235708 78 10 83 36
15211 -4.1457894323520694 4.6068026010715757 5.0211891218900027 221 221 221 0.098587944264657557 111 13 108 14
15311 -1.7364323021364072 4.5180695790181336 3.2752745915971797 0 0 0 0.49196489702492041 108 147 107 158
5038 4.4268474075489825 -0.28278347869441095 -1.5289826441166203 216 216 216 0.90040951321149654 79 10 83 44 85 5 84 15 80 4
15212 -3.8249684313466736 4.951848190676702 4.8286462475164917 230 230 230 0.63791280929038652 110 0 108 15 106 28 105 60
5039 4.4571402486827623 -0.28245643838384737 -1.5046203427580929 0 0 0 0.87777041795844357 76 333 82 46 83 50 85 236 84 220
15213 -3.5639594346818808 5.0586226626408495 4.7693672597109051 111 117 135 0.12505753973762346 111 18 108 23
15313 -2.2531645919629204 4.6098975950223338 3.7808819264726199 59 62 72 1.412914044098434 105 217 107 178
5040 4.4602997206512942 -0.28129608101244696 -1.5061525452674183 0 0 0 0.853762046363852 76 334 83 51 84 221 85 237
15315 -1.3943983919267582 4.7553738267672658 3.0679475133086953 231 231 231 0.21180372936402866 105 214 107 188
5042 4.4246432222797782 -0.081813244323876086 -1.6372706400001611 231 231 231 0.50025444412618758 79 173 80 132 83 111 85 138 82 118 89 301 86 172
15216 -1.5579147853256918 4.5547487383008454 3.3663514443609706 165 165 165 0.086503165687590144 109 93 108 30
15316 -1.1402388243505575 4.8106133700844858 3.0438069228954978 113 119 137 0.3789625204461361 105 226 107 191
5043 4.4240462886115646 -0.072238478344309187 -1.6438036113728871 52 52 52 0.68541889528193389 80 133 81 107 83 119 79 174 85 141 82 122 84 153
15217 -2.6159664154904303 1.5021977337328891 3.3440008849958893 0 0 0 0.027712594370879803 110 6 108 36
15317 -1.9131138641161911 4.4924067985990419 3.2518570784140066 165 165 165 1.1029102427894502 112 175 110 112 105 100 107 78 117 198 112 121 111 134 109 105 108 24 106 29
5044 4.4220075993811729 -0.073409095862190285 -1.6427804415018894 52 52 52 0.67989318147836053 81 108 85 142 84 154 89 302 83 120 86 265 82 123 87 274 79 175 80 134
15218 -2.6159664154904303 1.5021977337328891 3.3440008849958893 0 0 0 0.027712594370879803 110 7 108 37
5054 4.4683632783031735 -0.26938830377675449 -1.5111490216378363 217 217 217 1.7516787497584509 76 337 83 193 84 365
15228 -1.9797391099460586 4.4917143118042864 3.7471315954787041 115 121 139 0.50561939718411597 105 47 108 85 107 45
5055 4.4160504545275963 -0.08768548885336655 -1.6412043043549751 52 52 52 0.49187252368289852 77 371 78 353 79 273 80 218 81 182 83 208 85 249 84 241 82 225 86 262 87 270
10142 -0.66468529486624195 3.4847781117050669 4.4560256675999605 0 0 0 0.15393862142399845 173 335 174 110
15229 -2.255055245451365 4.4096144897696066 1.6496841439502719 61 64 74 0.49511384024307303 109 95 108 98
5056 4.466262522626395 -0.044065115225345113 -1.5799526072732999 25 25 25 0.96167669388697241 78 368 77 399 81 118 87 295 88 282 76 381 83 216 91 325
5057 4.4735991617844757 -0.040262863093013662 -1.5839719651129707 25 25 25 0.70058271970644659 78 369 81 119 83 217 76 382 79 292 77 400
5060 5.4501438892423613 0.44371255148583866 -0.70191069988666377 0 0 0 0.27771113646781226 79 391 82 345 83 347
4961 4.739529784097563 0.045691212146707599 -1.3117056313043318 60 63 74 1.129320232366618 80 260 81 226 82 269
15234 -4.0905290553367104 4.7026910234361479 5.1740995097590439 231 231 231 0.7671141392593146 122 612 119 549 207 816 118 456
5065 4.44272688831047 -0.081943011286282466 -1.5806412576020799 25 25 25 0.71603733674321068 76 487 83 413 89 426 87 399
4968 5.1713890577264419 0.55656972993629139 -1.0916250140752657 0 0 0 1.8916927917190676 78 438 79 394 83 453 81 301
15241 -1.2535452073041793 4.907234270295957 3.1683489792073338 231 231 231 1.9456824266837449 105 21 106 13 107 42
15343 1.77163617581009 -0.22662272849632512 3.5375987930630748 106 107 110 0.21030171903178244 163 337 164 195 165 200 161 36 160 33 159 14
5070 5.4152434614544749 0.3487007978264311 -0.70606727825310522 0 0 0 0.73225287617304213 75 560 83 514 2 257 1 257
15244 -2.4177920047828962 0.82819032735135367 6.4490676559881042 0 0 0 0.22521912536167582 51 460 184 170
4974 4.6841213111610456 -0.50710444699825308 -1.0003704016923762 26 16 17 0.46634609738628852 80 401 81 375 82 474
15247 -2.2290932328250213 4.2967437598363984 1.6502733151702182 88 93 107 0.43903606473696744 105 65 106 46
4976 -2.3266604178751922 0.80580930591012745 6.4528464194385124 228 228 228 0.40995440848852338 47 388 48 303 44 234 43 141 41 139
15249 -2.333601745652174 4.3803493786126388 3.2514693600258249 0 0 0 0.6718157929504498 109 41 106 55
5078 4.4110385305699022 -0.36357082481656455 -1.3188628864605709 105 111 127 1.1064907777122903 84 598 87 626 85 611 86 663 83 640 89 655 88 611 91 563 94 528 90 573 92 561 93 403 95 351 81 578
15252 -1.9864874291433456 4.3963445101580261 3.2277156016397255 0 0 0 0.017657701834791803 117 191 106 72
5079 4.4455499480899627 -0.063278827489635953 -1.6115206856213466 231 231 231 0.7363586859646436 77 763 78 744 79 725 80 659 81 626 85 612 84 600 82 698 83 673 86 667 87 660
15253 -1.9851795214505759 4.5660939168290495 3.2521699088221072 0 0 0 0.145442666205537 114 138 106 77
15259 -2.0348075350035773 4.475133414242749 3.5782860572180857 0 0 0 0.016299393267891094 105 121 106 94
4987 4.4762706701613428 -0.06433426672387707 -1.5728832668151902 25 25 25 0.66125224881096156 77 737 78 745 79 727 80 663 81 630 83 677 85 614 89 690 82 704 84 603 86 700 88 597 87 664
15260 -2.0348075350035773 4.475133414242749 3.5782860572180857 0 0 0 0.016299393267891094 105 122 106 95
4988 4.4760981966287519 -0.064618044793925716 -1.5726417527641516 25 25 25 0.54583644732798009 77 738 78 746 79 728 80 664 81 631 83 678 85 615 84 604 82 705 86 701
15261 -3.1439263191540112 4.7871177763520523 4.6580711548260902 76 80 92 1.6343469776853055 110 157 106 99
15262 -1.7522000802522812 7.9137415328548988 3.0914236360178937 0 0 0 0.32412626058848143 105 93 115 166
5168 2.9242926902485133 -0.19346062432852382 -1.1255459089386246 109 114 131 1.3961257960722775 86 503 84 392 87 474 82 314 83 295 85 322 89 579
15342 1.798924882012102 -0.33046851119499637 3.4019774905342075 34 73 52 0.14398898024097795 164 191 165 409 166 272 161 32 160 30 159 10 162 17
5071 5.4152434614544749 0.3487007978264311 -0.70606727825310522 0 0 0 0.73225287617304213 75 561 83 515 2 258 1 258
15344 1.121163177209616 -0.8412051287495077 5.9460111951527743 0 0 0 1.2766270450149155 164 55 170 83 161 37
5072 4.5329300602648992 -0.35639133587003902 -1.3107314964477692 105 111 127 0.86640095652154792 79 507 83 533 85 547
15345 1.121163177209616 -0.8412051287495077 5.9460111951527743 0 0 0 1.2766270450149155 164 56 170 84 161 38
5074 5.1814636338251345 0.48953163994610044 -1.0639289114733785 59 62 72 1.10630661367885 78 552 82 560 83 567 85 522 77 639 80 532 81 505 78 616
15347 2.0041491269256082 -0.2106169801821749 3.3808654189319638 108 109 112 0.14573178084780794 163 352 165 215 161 42
5075 4.648945735742708 -0.41482147949345727 -1.1301499275689166 101 107 122 0.12885453063568919 79 552 83 594
15348 -0.4056843976665957 3.0737234948406904 2.8874280290923648 59 62 72 0.36146611031507586 165 191 161 43 166 149
5175 2.9009560211087964 -0.10404735887543345 -1.1550567137663212 231 231 231 1.2552685100785672 85 678 84 670 86 731 87 699 83 753
15349 -0.47130593490136918 4.1954263379067633 2.818687038283044 60 63 73 0.80817813879745004 164 208 167 55 169 133 161 44
5180 2.9133304558173374 -0.073482550057912335 -1.0585992147897405 130 130 130 0.3226923362847931 85 574 84 548 86 624 87 589 83 626 82 636
15354 -1.5834339535062867 1.678441375847838 6.0130860720083419 93 97 112 0.37099863392864091 165 154 169 185 170 23 161 64
5181 2.9133304558173374 -0.073482550057912335 -1.0585992147897405 130 130 130 0.3226923362847931 85 575 84 549 86 625 87 590 83 627 82 637
15355 -1.5547130201324932 1.6747663019468666 5.9518958555670292 93 97 112 0.59224875459908377 165 155 169 184 161 65 170 24 160 118 157 55
5082 4.416289142341201 -0.022119663891245107 -1.6830560355190094 41 41 41 1.3939533043332328 79 761 80 703 83 713 85 639 78 777
15356 2.0928202952103483 -0.44461835741131156 2.7492106110970123 105 107 110 0.4954955818679313 163 305 164 182 161 66 160 47
15357 2.0928202952103483 -0.44461835741131156 2.7492106110970123 105 107 110 0.4954955818679313 163 306 164 183 161 67 160 48
5085 4.4040875168756619 -0.089833818722761763 -1.6910196007083862 0 0 0 1.6062434204938707 78 801 80 720 84 654 83 742 82 772
15358 2.1804918147266177 -0.42661159603852356 2.6449756158882751 106 108 110 0.21799789298467168 163 478 161 72 160 51 159 32
5086 4.4259611745672505 -0.025316223423406854 -1.6754937267511343 41 41 41 1.4113511206642835 79 782 83 743 85 664 82 773 84 659 80 723 81 659
15359 -4.8198843205757376 3.8125280105263033 9.0341463471870203 108 106 106 1.4960367700920294 167 291 168 249 170 185 165 496 164 320 161 76 161 150 159 81 157 94 162 148 164 402 155 46 163 563 166 366 155 171 154 194 153 218
5087 4.4816728193776552 -0.0069965988882865092 -1.611987244441843 231 231 231 0.73832891098919828 77 786 78 806 79 785 80 726 81 685 83 745 85 667 82 775 84 661 86 718 87 686
15360 2.0544324341603115 -0.44002248202667915 2.6940082913432613 122 122 122 0.44667162249554082 163 473 164 268 161 114 160 46 160 86
15361 -0.12553610372333959 3.3433494425084964 3.3449496016228792 59 62 72 1.5547608292766841 163 587 164 278 165 568 166 437 161 126 160 97 157 40 158 41 158 70 156 49 155 50 155 52 154 13
15368 3.7363003956329801 1.4233731232096358 -2.9582400012563372 231 231 231 0.59629059410772356 164 245 161 162
15477 4.6687055350937356 0.57896571633273741 3.0340318681878835 0 0 0 0.79561574983555905 160 196 161 248 164 463 159 144 157 148 159 100 162 178 158 125 156 194 155 162 153 275 154 251 152 173 152 262 149 227 149 321 151 189
5204 4.4602889035850115 -0.13522654754646507 -1.5420037108353755 52 52 52 0.20179638512351791 78 351 86 263 77 368
15378 -0.41682503256545628 2.9146461085219508 2.5738406827409599 78 82 95 1.4120225291260076 165 561 161 198 157 57 162 124
5119 4.40898345039846 -0.20941922252419912 -1.6099676379994601 116 114 114 1.7035061835071523 78 576 80 492 85 491
15392 -5.1198745776221655 3.1727027823288605 9.3549041541054834 70 68 68 0.48692720281207336 163 736 164 512 165 681 166 553 167 477 161 338 160 262
15393 -0.87009157781818103 0.77645128076372683 6.2987087988623811 0 0 0 1.0151512430597243 163 743 164 517 165 684 161 340 162 243 157 219 158 236 155 307 153 351 154 327
15403 1.7716361758100898 -0.22662272849632523 3.5375987930630761 107 109 111 0.21030171903180994 161 35 163 336 164 194 160 32 165 199 159 13
5257 2.9183713273211103 -0.062387975321734866 -1.0285755210066969 130 130 130 0.99469912751634271 84 440 85 528 86 575 85 471 83 576 82 578
15431 4.2531319313917049 0.37119641039966156 2.9863093541614876 143 143 143 0.76157798436013524 164 432 160 184 161 238 159 115 157 117 162 153 158 137 156 162 155 155 158 115 153 159 154 173 150 102 152 157 151 106
5279 2.9414045640727977 -0.10884364957157355 -1.036817641652912 0 0 0 0.45348508011950023 85 572 86 621
5280 2.940906549106074 -0.10990955386198291 -1.0358144333223303 0 0 0 0.5529430306727604 85 573 86 622 82 633
5186 2.9208122862451731 -0.079652577816421849 -1.0456032023580701 0 0 0 0.40321995543602557 85 626 84 615 86 688 87 680 83 697 82 733
15459 -1.0291026199504503 0.64307144369553193 6.4085014277655263 93 97 112 0.52233613128097622 170 271 159 73
5187 2.9208122862451731 -0.079652577816421849 -1.0456032023580701 0 0 0 0.40321995543602557 85 627 84 616 86 689 87 681 83 698 82 734
15460 -1.4607282402602597 1.48676166262327 5.8261667089760047 119 125 143 1.2016826273489472 166 365 159 76 162 116 158 85 164 367
5286 2.9254044854580199 -0.092107026294244665 -1.0479289562673866 130 130 130 0.44432855601479249 84 591 85 608 86 654 83 663 82 679 87 616
15461 -0.61322823189311193 3.2968358835411768 4.0744896036938565 67 67 67 1.8776502901704293 164 330 159 107 160 155 157 61 162 57 156 120 155 137
5287 2.9167465637797974 -0.059871204040961967 -1.0407047363658384 0 0 0 0.30759634647132394 84 556 85 580 86 656 83 632
5189 2.9066344570610774 -0.15442526696259951 -1.1382834287102512 114 120 137 0.90372192432455478 85 330 86 42 84 201 83 173 82 330 87 158
15462 4.0301062278935236 -0.34773694330028271 2.1141427183163639 29 30 30 0.39436114485021062 160 158 161 236 159 110 157 131 162 150 158 107 156 158 155 193 153 239 150 85 152 151 149 91 151 179 146 19 147 180 148 111
5288 2.9097390445617233 -0.055025800290992528 -1.047414650682909 130 130 130 0.49357203450592457 85 582 86 657 83 633 82 681
5289 2.9092131397187191 -0.056238439203188106 -1.0465753310456465 130 130 130 0.38391953456834288 84 555 85 581 86 658
15463 2.6524111394967016 -0.71488638285954476 2.5140643103056628 57 57 57 0.81075594463825473 160 169 161 223 159 123 157 126 158 90 162 118 156 175 155 212 153 121 153 212
5296 2.917595918604122 -0.081385009525095364 -1.0630844410169187 130 130 130 0.68081932227014963 84 613 85 624 86 684 87 678 83 692 82 731
15470 4.3933152752673319 0.52403418309610039 3.2316723214985679 0 0 0 0.60701702264706958 161 308 164 481 159 177
5297 2.9067094673788292 -0.062756323324173136 -1.0594548563077413 0 0 0 0.54150948629558215 84 617 85 628 86 690 87 656 83 699 82 735
15471 3.6812993740122995 -0.52546465920597807 2.1385558901749144 57 57 57 0.52482427315107638 160 249 161 318 159 184 157 209 162 208 158 212 156 245 155 266 153 322 154 293 150 388 152 320 149 385 151 351 146 374 147 481 148 519 148 559
5298 2.9032519374091996 -0.04280281582924457 -1.0493833576307077 0 0 0 0.53130580564613406 84 592 85 609 86 691 83 666 82 736
15472 3.7862427131812435 -0.46047778590709254 2.0981715022145164 9 11 14 0.93978514025024507 160 238 161 319 159 185 160 252 157 195 162 209 158 193 156 247 155 268 153 311 154 279 150 356 152 309 149 386 151 354 147 451 148 478
5300 4.4398778699515784 -0.030504620632568185 -1.6548602653843352 41 41 41 1.3198961057911101 77 764 78 775 79 729 80 665 87 663 89 689
15474 3.9776570392419708 1.2235280450624573 4.3818668303750785 87 81 77 1.5460350615590248 163 730 157 204 159 191 162 216 155 274 153 330 154 286 150 335 152 328 151 381
15475 3.5691829029682158 -0.42951944053981378 2.4453838916793895 29 30 30 0.21769848554302479 160 251 161 330 159 195 157 222 162 223 158 228 156 258 155 280 153 334 154 304 152 337 150 411 149 446 151 376 146 449 147 513 148 596
15479 4.4361307948984541 0.58577723398192139 3.4685952521579857 143 143 143 0.32384726062030272 160 242 161 310 164 502 159 189 157 217 162 214 158 203 158 224 156 269 155 272 155 286 153 328 154 299 152 326 151 380
15480 4.1518651437024632 0.9461856004203989 4.4349467542162637 87 81 78 0.51910158754177715 160 77 165 467 159 48 160 107 157 86 162 79 158 79 156 31 155 35 152 119 151 191
15497 -2.5924113003639651 -3.1908181813443321 -0.38282134060839113 130 130 130 0.54612173194378755 7 413 15 291 10 454 11 289 12 459 10 316 6 496 14 283 13 339 16 300 17 353 18 233 5 627
5363 5.3156286262764718 -0.01730357937668528 1.2200148896932195 117 121 118 0.67565778614200922 63 68 65 38 61 27 66 38 68 8 67 31 64 203 69 88 73 146 71 80 74 279 75 394 70 137 72 56 76 275 59 30
15537 -2.5923852424377389 -3.1909237902072767 -0.38276790305347447 0 0 0 0.68661612662708482 7 452 13 395 12 454 6 612 10 449 14 389 11 400 11 367 15 362 16 385 17 375 5 621 8 721
15637 5.0572429488968167 -0.22670394937534336 1.1079643604555023 9 11 14 0.32889872762625577 159 175 157 201 162 203 158 184 156 232 155 259 150 364 149 363 151 338 146 288 147 455 148 487
5364 3.3358299360479773 -0.4114439492393131 -1.1444076323605405 81 85 98 0.97454492791721115 85 3 86 150 87 59 88 59 94 115 90 397 92 337 95 244 96 196
15643 4.9778737477549981 -0.30026216489091634 1.0236544289068554 9 11 14 0.72169091945130426 159 200 157 215 162 212 158 221 156 266 155 285 150 392 149 424 151 378 146 416 147 487 148 569
5370 2.9066344570610774 -0.15442526696259951 -1.1382834287102512 114 120 138 0.90372192432455478 84 200 87 157 85 329 86 41 82 329 83 172
15647 5.1367882757943102 -0.28051017528606076 0.91036774456419522 9 11 14 0.46272664115358558 159 212 157 225 162 231 158 231 156 267 151 379
5374 3.1227000490286554 -0.15237230001307367 -1.2965928793897012 230 230 230 1.0347736555305269 89 347 88 307 86 200 85 167 83 142 87 329 82 272 83 246 84 292 85 286 94 320 91 263 87 208 84 181
10468 -1.4702560223376702 2.1606818459480635 4.0842280011654326 236 236 236 1.400654343948845 140 245 126 437 130 300 129 386 131 432 127 490 124 412 130 73 131 225 132 198 133 112 128 387 134 189 134 260 125 411 136 195 137 97 135 309
15555 -2.5923888796645236 -3.1906471392528699 -0.38333257653650593 0 0 0 1.1409243308005543 7 167 12 240 16 238 13 194 14 179 18 147
15659 -0.044839917965382746 3.3303863922060244 3.2042928357371796 85 90 104 0.47873004742405129 164 61 165 65 162 32
5386 3.2586292954054503 -0.30568933999183395 -1.0814172449754014 0 0 0 0.30862845904306363 85 277 87 324
10473 -0.64764598246333382 -0.9833253699968052 4.9854025243612785 12 14 15 0.45252472393276905 173 292 170 3
15660 4.5169681245941709 0.54200386330446293 2.9643736200825259 143 143 143 0.031619161180007474 164 244 162 35
5387 3.2609256661639194 -0.30415724950607931 -1.0833230556960085 0 0 0 0.19901365372077909 84 284 87 325 89 457
10474 -1.4062124936056695 -1.0792409211175025 6.8449502419594763 9 9 9 1.1808026882231879 174 65 177 95 169 172 170 14 52 608 176 235
15662 4.1784423156699964 0.38685480727490734 3.0846775113657943 143 143 143 1.6270343583255062 157 72 162 96 156 97 155 105 154 43 155 99
5389 3.1236915830314436 -0.1507541985288243 -1.2976987674239659 231 231 231 0.77321261536074992 87 328 85 287 89 346 83 245 82 271 84 291
10476 -0.72464580757784192 -0.72363394326734853 5.6598228567285078 231 231 231 0.28076941659245519 172 32 170 18 171 29 167 11 166 5 165 4 163 0
203 2.6690928285840547 -0.87311636375222335 3.4789105460305221 124 124 124 0.67475701228733875 58 1028 63 461 64 336 59 457 62 516 60 508 57 438 61 562 59 626 54 615
15663 4.2292310932347323 0.44048599193037485 3.1590002066932978 143 143 143 0.47950317092037387 157 75 162 97 155 114
5390 3.2348298587084043 -0.26921456557974577 -1.1068911632175586 0 0 0 0.9213358184562499 84 289 86 304 87 330 89 349 88 309 82 262 94 237 92 438 90 452
15664 4.2292310932347323 0.44048599193037485 3.1590002066932978 143 143 143 0.47950317092037387 157 76 162 98 155 115
5391 3.2345990305227463 -0.26923816269287881 -1.10680181756597 0 0 0 0.8205496799914449 84 290 86 305 87 331 89 350 88 310 82 263 92 439 90 453
10478 -0.32641340461909107 -1.0075338405096785 4.5492555716105274 21 24 26 0.54287467100028208 169 155 172 329 170 49 171 48
15665 5.1170178764946721 -0.20004721839447845 1.1475010258451941 29 30 29 0.56945130884784789 159 46 162 99 158 78 157 118 156 95 155 153 150 90 149 98
5392 3.2383195973509826 -0.26260083849336813 -1.0924069384902324 0 0 0 0.37225206479324374 85 288 87 338 89 461 84 295 88 383 82 267
10479 -0.38398790056911603 -0.95698634826371676 4.7567422995968016 15 17 18 0.40923124517554688 172 386 170 52 171 51 168 3
15666 4.2567045881413197 0.46986280174061995 3.1474423421576021 143 143 143 1.150406792347052 157 77 162 100 154 50 155 29
5393 3.2383195973509826 -0.26260083849336813 -1.0924069384902324 0 0 0 0.37225206479324374 85 289 87 339 89 462 84 296 88 384 82 268
10480 -0.52546329157746674 -0.88592456541547071 5.0714297114892499 1 2 6 0.20206824948959526 169 225 170 56 172 334 171 59 168 59 167 59
15674 -0.63947821147960948 2.9214813776484774 2.3377307320528118 116 122 140 0.91490286950399491 160 166 161 217 163 642 164 397 162 146
5401 2.9155554429958617 -0.18236787545615724 -1.1455234629684659 111 117 134 0.75132355065689826 84 99 86 211 87 358 82 30 85 97
15676 -0.79367813381867081 3.3338290671331139 4.2308776032135942 67 67 67 1.2621976163400421 157 180 159 165 160 223 161 286 162 198 158 174
5403 2.9118001161492484 -0.090723134505261274 -1.0864057722269136 0 0 0 0.46359951265642274 84 333 87 365 83 344 82 355
15677 0.049124313004253857 0.05226672268419786 7.2172242591316484 106 106 106 1.7383479753734929 159 180 160 233 163 709 162 207
5404 2.9175492353183925 -0.081092815851961597 -1.054909131245735 0 0 0 0.26866065246410137 84 337 86 377 87 369
10491 -0.31636462254536402 -0.93742276852116579 4.7158576683718954 43 45 46 0.23955811757418805 169 272 172 464 170 96 171 151 168 123
15578 -2.5929855953109819 -3.1913761182436904 -0.38218199430041627 0 0 0 0.98228348862646842 3 486 8 372 6 366
5405 2.9175492353183925 -0.081092815851961597 -1.054909131245735 0 0 0 0.26866065246410137 86 378 87 370 84 338
10492 -0.47030959161390412 -0.85975727731236651 5.0411693326217879 1 2 6 0.24445929048905671 169 280 172 394 170 100 171 156 168 127 167 152
5306 2.9122838446987527 -0.052815140604061561 -1.031784375519667 0 0 0 0.72746075728808679 84 618 85 629 86 712 83 701 82 760
15579 -2.5932350284368892 -3.1915100135721617 -0.38297705312646857 0 0 0 0.85657623098355273 3 802 8 699 4 660
15679 4.0479156542573795 -0.44031938086289457 1.7023248911809807 57 57 57 2.2510748529796216 157 210 162 226 158 213 150 322 152 293 149 278 147 330
5406 2.9251933177550553 -0.080810075614569876 -1.0349996606286263 0 0 0 0.64239037492922824 86 381 87 375 82 375
5307 2.9267882895925452 -0.06307694942188867 -1.0074837628569269 0 0 0 0.39828324587331071 84 619 85 630 86 713 83 702 82 737
15680 -1.3150807145187278 1.5950501766823324 7.9709359542971372 0 0 0 1.526477863843261 166 554 169 521 162 246 173 613 153 355 161 326 154 331
5407 2.9247987191091043 -0.081651636722873525 -1.0346988815098643 0 0 0 0.92636992946694796 86 382 87 376 82 376 83 368
15581 -2.5931363573201009 -3.191623030434533 -0.38273130431008329 0 0 0 1.2648868019671482 3 980 8 1076 5 911 6 778 10 730 12 644 7 593
15681 4.6674706099822139 0.57836703096583775 3.0345229591621061 0 0 0 0.92069812980984056 160 216 164 464 159 145 162 179 159 101 160 197 157 149 161 249 158 126 156 195 155 163 155 241 153 276 154 252 152 174 152 263 149 228 149 322 151 190
5408 2.9116542883633709 -0.059889061279164608 -1.0461120709849097 130 130 130 0.17045189051277029 84 343 86 385 87 377 82 379
15583 -1.9385440750213789 -1.2461134043662834 7.3492255398351292 120 120 121 0.78538912878426625 178 77 179 92 177 91 176 227 175 156 174 55 172 188 169 153 173 93 171 50 168 1 170 7 52 696 50 497 51 482 47 265 48 198 46 133 50 409 47 204 45 134 44 216 42 207
15585 -1.6127617762265953 -1.2203547343479528 7.1675962834987512 11 35 17 1.6276878769031453 175 438 173 567 172 587 169 474 44 373 51 762 49 676 46 360 48 450
5411 3.1439771327320916 -0.27107113652925219 -1.3586340735896556 59 62 72 1.4250115073199421 85 399 87 387
15685 4.1611537412024164 0.99265896007398047 4.4158863933479848 158 158 158 0.289747935201142 159 26 158 20 152 56
5412 3.2160745621016376 -0.32378370321567296 -1.2428684322728665 77 81 94 1.0580842197947609 86 257 87 393 86 406 83 104 82 114 84 226 89 524 82 216 88 481
15586 -2.0704620461587644 -1.2378265963946826 7.474964918709512 26 27 26 1.0158112422816692 176 297 172 326 46 248 47 408 48 318 49 534 51 616 52 831 50 554
15686 4.1611537412024164 0.99265896007398047 4.4158863933479848 158 158 158 0.289747935201142 159 27 158 21 152 57
5413 3.2156123771834153 -0.3239294826961352 -1.2420950082711428 77 81 94 0.9155331351659648 84 227 87 394 86 407 83 105 86 258 82 217 89 525 82 115
15587 -2.2936808301159548 4.4645375514814463 2.2823974831363594 59 62 72 1.511921822863479 105 141 113 239 107 118 106 144 112 212 111 213 110 140 109 149 108 129
15688 1.7593387823407711 -0.32460359398990135 3.4041150673710545 92 93 97 0.18378228251182091 162 48 158 26 153 50 154 70
5415 3.2349656436046437 -0.29923167589575667 -1.1560681285945063 130 130 130 0.77078526420832372 84 256 87 414 89 337 94 413
15589 -2.5926511754945887 -3.1909573848841379 -0.38257138707832483 111 117 134 1.5835247758988342 12 659 6 799 7 609 10 746 14 500 11 510 15 440 16 466 5 942 3 966
15690 7.8995658657096044 -8.4043293599164475 24.333377321228493 29 30 30 0.055558178121926219 160 35 158 53
5417 3.1990645076783113 -0.17734887437286739 -1.1447594705020157 113 119 137 0.70999446778687691 84 185 87 421
15692 1.8003147633150072 -0.36773564558499527 3.4085577249091306 123 123 123 0.14612826155919553 157 92 162 121 158 58
5419 2.9286595026835669 -0.093440048545319121 -1.0376160043081353 0 0 0 0.48713138796423056 84 403 85 356 87 438
15593 -2.0070785958778563 4.4754015125713558 2.9575405261186218 0 0 0 0.96182262886973657 117 387 114 271 116 291 115 225 113 186 118 404 110 126 108 131 105 161 111 225 106 172
15693 -1.0738594704141491 4.0153223721972946 2.028568336295399 231 231 231 0.74779744235185308 164 323 158 60 161 153
5420 3.2955900103897595 -0.39726892536748215 -1.1388100446544902 105 111 127 0.85690328415045425 84 464 87 453 85 487 89 515 82 518 83 531
15594 -2.5924161382975557 -3.1908238055238223 -0.38272001192999405 0 0 0 0.40664872251703071 7 539 10 684 6 741 12 593 11 465 14 457 13 456 15 397 16 441 17 432 5 882 8 987 3 893
15694 -1.4715130326784911 1.225875298403883 6.1842210547228254 119 125 143 1.8963660328062921 157 89 164 316 158 82
5421 3.2955900103897595 -0.39726892536748215 -1.1388100446544902 105 111 127 0.85690328415045425 84 465 87 454 85 488 89 516 82 519 83 532
15595 -3.9939056620560311 0.79373947285471247 7.1490977753666947 50 52 60 0.82157469335823252 44 286 45 274 46 281 40 202 185 271 186 208 173 349 174 211 176 284 177 234 179 223 172 364 182 229 48 363
15696 4.4144569544621071 0.9238499541094678 4.3252900136114283 43 41 41 0.71592782563839474 161 210 164 416 158 128 155 209 154 254 152 266
5423 3.2375397288175645 -0.26429870258072691 -1.1005271908821175 130 130 130 0.45299270545409404 85 419 86 439 87 468 88 446 82 433 90 454 92 476
15597 -4.0379430629240334 1.0803065861212147 7.4902534535903307 60 63 73 1.7104156567547115 42 9 44 49 39 12 41 9 48 102 185 45 46 22 40 56 184 68 185 81 184 9 182 27 181 33 179 40 177 48 175 119 174 52 46 97 37 12 187 64 188 73 41 39
5424 3.2375397288175645 -0.26429870258072691 -1.1005271908821175 130 130 130 0.45299270545409404 85 420 86 440 87 469 88 447 82 434 90 455 92 477
15598 -0.85519485946560936 3.4571560683039708 2.0499930540525946 116 122 140 0.2674506470213881 166 25 157 6
15698 -0.58930302163183679 4.8047012922758476 3.0190861000184492 94 99 114 1.2059807003286966 161 233 158 156 150 323 149 284 148 378
5425 3.2408367032010532 -0.25805162815280541 -1.0858185303543604 130 130 130 0.80064934377447017 84 384 87 470 89 570 82 435 83 250 91 341 91 430 94 416 90 456 92 478
10512 -0.30240427713847057 -1.0139270498660256 4.5447933271435517 53 60 61 0.26453357834968622 169 261 170 148 171 142
15599 4.3451185932591176 0.43573366497759242 3.0771838511035075 0 0 0 0.06767950115771533 160 36 157 21 162 33
15699 -0.51827980643376659 4.7559794376552151 2.9391213382206969 94 99 114 1.5698627037643378 161 234 158 157 156 208
5426 3.2408367032010532 -0.25805162815280541 -1.0858185303543604 130 130 130 0.80064934377447017 84 385 87 471 89 571 82 436 83 251 91 342 91 431 94 417 90 457 92 479
10513 -0.48634996677092934 -0.96411884103727541 4.8528739764250579 82 84 85 0.17100214053645033 169 264 172 463 170 151 171 144
15600 4.3451185932591176 0.43573366497759242 3.0771838511035075 0 0 0 0.06767950115771533 160 37 157 22 162 34
15700 4.03315544693747 1.2133812580551542 4.2688414304572131 87 81 77 1.3729149945641168 160 162 165 359 158 165 156 239 155 208 152 265 151 320
5427 3.2038014927562251 -0.17224325780931704 -1.1513140102962274 113 119 137 1.7255874198924295 84 423 86 447 87 472 85 312 89 576 83 290 94 421 91 434 82 301
15601 4.5519861138679296 0.9960308050754485 4.132887387542203 87 81 78 0.62464556240117919 160 80 157 25 164 246
15709 1.4903027352006386 0.21599751866864914 5.2233807780685639 4 12 28 1.6714780056800345 161 261 157 179 158 151 160 204 167 445 156 204 155 187 158 131 153 287 152 79 148 480
5436 3.0436480532022259 -0.1095546184011523 -1.2623072042010923 8 8 8 0.49882184023620313 87 529 89 577 88 543 85 459 86 500 82 488 83 497 84 424
15711 -0.49025922274491746 4.1723777636947403 2.8077155834714125 99 104 120 0.44997010936165233 164 336 157 105 158 100 169 378 170 248 171 247 172 474 168 313 167 348 166 441 165 571 163 630 164 382 161 204 160 156 157 129 156 146 155 181 153 138 154 152 152 141 152 230 150 157 149 207 151 169 146 236 147 324 148 314
5438 3.004449161210561 -0.22366343115821621 -1.0020731229365372 0 0 0 0.78631228501636075 84 493 86 617 87 537
15612 4.4198334495778928 0.61841020606897346 3.4698788982848705 143 143 143 0.30580386383823044 160 161 157 119 155 207 152 261 151 280
5439 3.1665934225693739 -0.23093403034377397 -0.93273585415597193 59 62 72 0.59139863947097615 84 497 86 565 87 538 89 621 85 516 88 553 83 562 82 556
15613 -0.63489777784709223 2.919759246245202 2.3327320229817783 116 122 140 0.87157115018819253 161 218 163 643 164 398 157 121 160 167 162 147
5440 3.1736616915827471 -0.21935258141916386 -0.92862260333290114 59 62 72 0.16159865030889278 86 517 87 539 89 622
15614 4.6139979828580788 -0.26416569464165401 1.5690133665830237 29 30 30 0.36450057790097079 159 112 160 179 157 134 162 151 158 134 156 187 155 196 153 250 154 230 152 255 149 220 151 269 150 266 146 189 147 204 148 328
15715 -0.44050305593524924 5.7523413737445788 2.2988412041799728 8 8 8 0.18138917954145881 163 430 165 438 156 26
5442 2.9935619620835041 -0.21684684297452689 -0.99701846889709611 115 121 138 0.86154398743523408 86 516 87 542 83 448 82 498
15616 4.4209720910801877 0.3911619436367505 2.8446556606906781 143 143 143 0.71940674157174989 159 134 161 270 157 138 162 157 160 188 158 139 156 166 155 202 153 163 154 177 154 232 150 57 152 163 151 184
15719 -1.0137746976995201 5.5750248534309392 2.7901165914052339 8 8 8 1.3655260358095009 166 168 156 54 164 214 165 256 167 220 155 57 156 56 154 18 155 17
5446 2.941197513692893 -0.11094829967318895 -1.0353045820252578 0 0 0 0.10268108450735114 84 504 87 549
15620 4.4884425301175535 0.52220808650213868 3.0183113314572307 143 143 143 0.21120121178063489 159 140 160 193 161 245 157 144 162 174 158 142 156 190 155 225 153 271 154 249 152 278 151 315
15731 -6.3403270077896634 10.482229953116914 9.6569413909201884 8 8 8 0.41229762597758723 174 166 156 83
5458 3.2341318066343594 -0.24769603358988657 -1.0874923158383694 130 130 130 0.45662057002766482 84 535 85 558 86 606 87 578 89 612 88 576 83 552 82 616 91 522 94 490 90 563 208 875
15632 4.7502055307717121 -0.28514368298609405 1.4165264296263438 9 11 14 0.52075482584303268 159 172 157 187 160 231 162 202 158 182 156 230 155 256 154 283 150 361 149 392 151 336 148 484
5359 2.559196410832723 -0.62941447519728277 -0.59341453868967819 0 0 0 0.0049949929432604378 82 316 85 266
15753 -0.1298517772755384 3.2801300552963437 2.9424590421296273 68 72 83 1.292252934635564 157 232 156 275 155 292 154 315
5480 3.2072108631858813 -0.18358772069666307 -1.1475859473296139 0 0 0 0.89505511372604041 84 577 86 676 87 672 89 700 88 629 91 582 94 545 90 591
5381 4.5350398077143073 -0.19515990627823315 -1.375210416142302 52 52 52 0.9016223292042802 76 228 77 225 85 257 87 283
15654 5.0254890072843592 -0.36104904377048253 0.90453584290563249 57 57 57 0.16322104931041567 159 218 157 239 162 248
15769 1.4185302125437835 0.26432482409818786 5.2834974877427356 106 106 106 0.78246268197826341 158 67 155 54 157 100 153 265 158 98 152 273 151 300 147 368
5496 3.1671722737322159 -0.2773931270677365 -1.3532209252437675 59 62 72 0.99437838026408598 87 562 89 633 88 594 85 489 83 535 86 587 82 526
15670 4.6054441541803515 0.93958166419784239 4.1745142458281617 46 44 44 0.4440669563455909 160 81 161 134 162 108 156 129 153 115
10597 -1.9675600979031254 -0.96599596905490026 7.1594746878998263 5 5 5 1.2734351180384165 173 566 172 586 169 453 170 306 178 272 179 311 177 335 176 449 175 373 173 536 174 394 172 523 171 287
5528 3.2760893622768532 -0.32122344272760917 -0.75678473191183782 110 116 133 1.2917641930657546 86 371 84 331 83 333 89 384 82 327
10615 -0.16235180481447442 -0.97438047094384272 4.4465223491398866 11 83 35 0.3908425119508479 169 219 171 53 168 2
15702 5.224565815804068 -0.17975138019751807 0.97960365053712917 29 30 30 0.38051117692928182 162 204 158 200 150 367 149 394
5608 3.2484722193232796 -0.24903757959096273 -1.0502861561180183 0 0 0 0.46846251182427534 84 388 88 450 83 273 90 463
5609 3.2482549452950082 -0.24936386487553838 -1.0500338760129748 0 0 0 0.39150207310688129 84 389 88 451 90 464
5510 3.0280588126017629 -0.39950876953117087 -1.1439698177110849 105 111 127 0.82591406504199094 86 9 89 199
15783 -1.0257365632621538 7.7191958798838183 3.5578668269678748 8 8 8 0.18253683163251827 163 507 155 116
5610 2.9576303669135724 -0.19272732564026043 -1.051700135863926 115 121 139 0.057477165569874283 89 479 88 456
424 2.1291013940558745 -0.721020169068603 3.9058774797434621 123 124 124 0.8189277567428721 58 501 59 518 62 574 60 310 57 295 55 389 53 572 61 471 54 370
10697 -1.3800256928425261 -1.1274023117415686 6.9733210510529835 6 6 6 1.6909838081037556 174 66 171 63 176 236 170 61 177 96 172 335
16001 5.2274320534347609 4.359546417492103 -3.4420186337702972 101 107 123 1.0631344916225842 150 303 147 418 148 434
5728 4.6248575311788729 -1.1013671268716625 1.321794074916486 141 141 141 1.2698439399735615 69 185 72 248 71 253 67 95 71 286 72 281 66 224 73 377
10815 1.0087272312775839 -0.67429902153406118 3.5787548593794782 77 81 88 0.12783017260887261 168 27 167 22 166 14
15902 -0.82564630378695791 3.4838029733757176 2.1115337613455631 0 0 0 0.51624567026814072 172 438 173 420
5629 3.2696532587493072 -0.32529881490469309 -1.0918303787157988 130 130 130 1.2861199123183067 88 532 91 477 85 497 86 593 94 483 94 513
443 2.0678609758355653 -0.16520150921926396 3.95866405481447 101 103 107 1.400476579793164 58 900 59 553 62 636 60 637 57 556 55 737 53 618 61 508 54 721
10716 -1.7023022175817497 4.3070201014072751 3.011454028953398 8 8 8 0.060129411311912573 172 342 167 106
5730 3.0001257566365687 -0.21819672390477549 -0.99522312488331122 115 120 138 2.0040482177640144 87 674 89 702 85 602 86 680 83 656 82 668
15904 -0.40877143121178477 5.7801046241216314 2.2724786094931124 0 0 0 1.333106543513382 165 536 167 352 166 447
5631 3.0888599757074684 -0.16992322840798885 -1.0715744504645901 59 62 72 0.36641732252444265 89 618 88 547 91 531
5636 2.9551337706163956 -0.19509550194266229 -1.0543997465453134 115 121 139 1.6041471660522317 89 619 88 582
450 2.3456985889332027 -1.5871414444056824 3.7293057480621514 112 118 124 1.3418498018801632 58 934 59 588 62 670 60 672 57 580 55 766 54 748
10723 -0.53726106497236437 2.8614152062007405 2.4306350086933461 79 84 97 0.31594999700529175 169 331 168 158 163 33
15810 -1.0486596255316136 5.1672743403863821 2.3232175337255692 56 59 68 1.5968909696017419 168 339 170 322 168 384 167 408 166 492 165 624 163 679 164 454 156 225 155 217 167 344 153 280 153 302 154 260 154 275 150 386 152 227 149 273 151 248 151 349 147 479 166 399 148 370
16009 7.1126293290311695 1.424487080794369 -1.7407049126501137 64 67 78 0.16107129824612521 150 379 149 375 148 505
5736 3.5666131133096464 0.099616870069918331 -1.1016984661501625 231 231 231 0.67846665265840145 88 34 89 163 94 145 91 127 87 160
10823 1.1149990829771794 -0.58793314051853218 3.6659776173224463 103 105 108 0.026877254060190009 168 83 167 90 166 114
15910 -0.80896648248754388 3.4856649022238617 2.136706278936241 0 0 0 0.71841949414114992 172 593 173 578
5637 3.3701057249609239 -0.22782182894492023 -1.0686187319240703 86 80 77 0.90346602836508927 89 672 88 601 87 606
10724 -0.32807388492366074 2.9555762570903377 2.6066983392442125 59 62 72 0.10643028415874642 171 206 168 166
451 2.3081285547987163 -1.5943271352954613 3.7577745092892552 112 118 124 1.354619689357206 58 930 59 590 62 672 60 674 57 583 55 764 54 746
15911 -0.80896648248754388 3.4856649022238617 2.136706278936241 0 0 0 0.71841949414114992 172 594 173 579
5638 3.3701057249609239 -0.22782182894492023 -1.0686187319240703 86 80 77 0.90346602836508916 87 607 89 673 88 602
15919 -1.0844366084754771 5.3541695272794243 2.8616783509803634 84 89 102 0.8141453399402736 153 365 154 336 150 473 149 507 151 431 147 651 146 569 148 663
5646 4.4124349421872955 -0.25607188459892671 -1.5785080723457698 0 0 0 0.9530156947843802 79 503 83 474 84 452 76 580 77 597 78 526 80 450 78 570 79 547 83 529
5547 3.2782495369800357 -0.31344791927386706 -0.75454307830182277 59 62 72 0.42558201291655057 84 499 86 620 89 626
15820 -15.831211877651077 20.966181704780272 25.25568527077964 231 231 231 0.2631853490035575 174 75 153 94
5655 3.2200212018496503 -0.33496741081242509 -1.0525183651478296 0 0 0 0.1001874688205958 88 445 2 216 1 216
5556 3.2207403161974195 -0.21537930887183326 -1.0922218186337911 130 130 130 0.45693527415175172 85 652 86 710 89 715 88 648 82 749 83 722 91 597
15829 -1.112496046736084 5.0800191660137912 2.1854647953763542 65 69 80 1.1197539146058393 168 310 153 219 154 199 152 225 148 367
15932 -1.0221275589333214 4.9578984027856796 1.4246972761866394 0 0 0 0.25772259173341722 165 518 163 573 153 125
5659 5.4942710102440344 0.26066388887774183 -0.67127149916246476 0 0 0 0.65720407422849492 75 491 2 225 1 225
473 2.0997117452102749 -0.39940011262438385 3.9319209291324895 25 92 46 0.77952180732837428 58 1059 59 654 62 766 60 788 57 712 55 864 53 739 61 598 54 884
10746 -0.61878450910309513 3.3538224201916771 4.1203038481429566 109 114 131 0.77065150152227535 170 299 168 365 166 491 167 407 165 597 163 657 164 407 159 154 161 259 161 225
10847 1.2922052078808182 -0.4459768073970326 3.790517114428043 12 90 38 0.14818823759179045 168 331 167 370 166 461 165 592 163 620 164 369 161 194 160 112
15934 -0.31958491989486548 3.3439832128457243 3.8701473159346418 59 62 72 0.52599096744888174 150 164 159 127 149 212 148 108 153 143
5661 5.3373188543308672 0.38593152322714902 -0.80982473780604691 130 130 130 0.078219481005104105 77 522 2 255 1 255
475 2.2083019271627662 -0.30909219918041003 3.8427226155173817 8 21 44 0.71287295159724273 58 1068 63 489 59 659 62 771 60 791 57 519 55 879 53 765 61 603 54 892
10748 -2.2397542849936993 1.0518026991315148 6.4448662096800158 0 0 0 1.9133196614049499 180 314 168 378 48 443
15935 1.2401215968799 6.4850934545326515 2.1052703068020691 231 231 231 1.2726918732396129 150 293 152 264 149 118 151 65 147 347
5662 5.4170679292671196 0.41115983212757234 -0.76310919619648365 130 130 130 0.51947352200306596 75 567 77 464 79 379 2 267 1 267
15944 5.1999045922497995 3.980362376319813 -3.2215020263517533 87 81 78 0.70975356140064072 150 374 152 334 149 370 151 367 147 348
10759 -2.4481350345737036 0.8371602236821194 6.3860560626478842 228 228 228 0.30487753384128319 176 415 175 376 168 322 179 313 177 338 170 260
486 2.7923291282586788 -1.1532996206697306 3.38817422079032 105 107 110 1.0418106075227367 58 1121 63 530 64 459 59 695 62 824 60 839 57 756 61 642 54 957
501 2.9760920258410732 -1.4573111505975287 3.2683938563517541 124 124 124 0.51848714197933854 63 605 59 751 61 715
10774 1.502862846589246 -0.28469845572586128 3.8634638783186754 105 107 110 0.31859413444620305 170 40 167 38 166 53
5690 3.2441559052616302 -0.25550408681417269 -1.0643091463362706 0 0 0 0.3253452776212209 83 267 89 468 87 419 82 289
15963 5.509285475861045 5.3640090898810282 -2.4612696509926795 119 125 143 0.0054123968683166355 150 145 149 73
10877 1.2599585690695094 -0.41225415147279765 3.9126874373397724 84 88 94 0.21046765832166825 167 108 166 135 165 163 163 271 164 33 161 12
15964 0.88858700583993155 3.0107239508584702 1.733513817600473 107 107 107 1.6498725117465014 150 74 152 135 149 81 151 79 148 96
5691 3.2441559052616302 -0.25550408681417269 -1.0643091463362706 0 0 0 0.3253452776212209 83 268 89 469 87 420 82 290
5692 3.2307982380942897 -0.25407564013827094 -1.102972167094864 130 130 130 0.21914284977921147 83 549 89 609 87 575 91 519 94 487
15965 0.88858700583993155 3.0107239508584702 1.733513817600473 107 107 107 1.6498725117465014 150 75 152 136 149 82 151 80 148 97
5791 3.2330978653141256 -0.24246675611857899 -1.0897536415445042 130 130 130 0.10497774827592482 89 363 91 345
10878 1.257818402932561 -0.41420633516223609 3.9215989034376881 84 88 94 0.083412900628154055 167 109 166 136 165 164
5700 3.3725926862970472 -0.37030918580662642 -1.1330434596980021 0 0 0 1.3761688069878719 82 224 89 315 85 246
15973 5.4639600377050002 5.1706587337255447 -2.7493635814055364 86 91 104 0.45719310492909554 150 227 149 192 148 89
10985 1.7670993675078182 -0.38314125815009081 3.3339964051691879 35 85 51 0.13456348809536689 166 268 165 187 163 307 164 188 161 29 160 18
712 2.6615281359904372 -1.1730442325454897 3.3762421381588221 123 123 124 0.67488880793485639 59 124 62 103 60 125 63 152 64 122 61 111
10787 -0.23721231624390593 3.0283219512477655 2.6877671026851759 59 62 72 0.99692695899453332 168 271 167 201 166 273 163 327 165 194 164 201 166 150 161 88
514 2.1758408154755706 -0.16964562317005075 3.8728922282556826 124 124 124 1.1832135226265035 58 1192 63 635 59 800 62 982 60 1015 57 827 55 993 61 754 54 1019
5721 5.2818579392198863 -0.013093689774527868 1.2482580373871277 6 20 42 1.0359099132353038 59 903 63 711 64 552 65 332 61 827 66 286 68 284 67 176 69 252 73 541 71 341 74 645 75 779 72 359 76 726
15994 0.76291895708816115 0.70164462586220588 7.2917317762410985 105 105 105 0.95836957508970022 150 265 156 153 149 297 151 268 147 488 148 390 146 287
15995 5.4076567488120846 -0.14031906796947288 0.81448756403997546 29 30 30 0.60584690392584017 150 283 149 307 147 390 146 255 148 401
5722 3.2625790603658897 -0.23078956715593363 -1.0379501921613172 59 62 72 1.1456744473189482 89 535 88 500 83 428 84 322 86 448 87 354 85 317 89 372 94 422
5765 3.2533119955327545 -0.29155187780121528 -1.0857579338777708 130 130 130 0.19613318713284145 89 345 91 267
16038 7.0210872160184383 1.4532957053200237 -1.800791183228869 119 125 143 0.47423812906578283 150 469 149 506 148 656
5864 4.4969670850966965 -0.4070544550282027 -1.2915456042094158 59 62 72 0.38572828874712506 86 233 88 212 94 149 92 217
16042 -1.0157970240805456 5.2457426379143364 2.4224646339646685 85 89 103 1.7588951625477338 149 355 168 366 167 313 167 409 166 493 165 531 163 632 164 387 153 224 154 212 152 232 151 350 146 408 147 367 147 512 163 699 146 448 150 387 170 215 148 560
5769 3.2377586800124596 -0.25582038971011717 -1.0882579537698642 0 0 0 0.17064381055317557 83 76 91 280 90 371
10856 -1.0688757445587953 3.9156026434927131 1.9853367173555738 96 101 115 1.6016947173016001 172 634 167 456 166 533 165 649 164 470
5778 3.6261962035681181 -0.30074552265764254 -1.3102827784270492 0 0 0 0.52103451454670424 87 189 88 365 89 418 91 318
16051 5.4382375957995803 4.2026261183981459 -1.302347477439991 59 62 72 0.65918413672224441 152 220 151 148 146 231 147 352
10964 1.6696548922693526 -0.5070033467678674 3.1475567175117285 103 104 108 0.02808264895111498 166 41 165 51 163 43
5789 3.242862997077308 -0.25615928873081012 -1.0781280164957281 0 0 0 0.31194278362141858 83 254 87 342 91 343 89 359
16062 2.1235843201431224 5.0169959965642494 -1.5815366447713908 101 101 101 0.34593973935245287 150 260 151 310 147 332
5790 3.242862997077308 -0.25615928873081012 -1.0781280164957281 0 0 0 0.31194278362141858 83 255 87 343 91 344 89 360
16063 5.2322109384142683 3.9423746906234656 -3.2840323921869263 87 81 78 1.2578429125169217 152 286 151 324
16066 6.2050716089250777 1.8718351224307868 -2.992997539265895 104 109 126 0.69832097885745759 150 401 151 382 148 497 146 304
5793 3.2481848290890651 -0.24912295233536555 -1.0492675116970223 0 0 0 0.43140564082089394 87 348 91 348 86 332
10880 1.7138152846547268 -0.40440892169953202 3.4224833216340182 32 79 50 0.17969808211508079 167 200 166 144 165 403 163 477 164 187 161 69 160 87
5811 3.7455251457511736 -0.3811009487077 -1.2300384250727139 226 226 226 1.4970738094138385 86 538 87 501 88 514 89 546 94 427 91 450 90 515 92 487 95 307 97 296 96 235 99 301 98 256
5817 3.2358859910572604 -0.29797741208158213 -1.1526096437337219 130 130 130 1.2956358501974203 87 518 91 475 89 602 90 555 92 550
16090 5.3896541425372293 -0.37039652778797777 0.23164282474581729 57 57 57 0.3083842250343089 149 300 146 185 147 337 148 324
16202 7.0065221061316745 3.8642731545915767 -4.34701030570921 97 102 117 0.09074705860989199 146 516 147 592
5929 3.6171855454807034 -0.23932834864027624 -1.5310853215308786 0 0 0 1.1384063640931745 94 499 90 574 92 530 95 353 97 311 96 255 91 534 99 291 98 252 100 212
16103 5.2594076870143223 4.2263335897297587 -3.173528959555207 231 231 231 0.1950624832007396 149 334 146 325 147 420 148 438
5830 3.5266601553820034 -0.31685856952000568 -0.8955436353337024 59 62 72 0.56712151290008828 87 608 88 603 89 641 86 645 94 521 91 555 90 590 84 580
5841 3.240775878778841 -0.26900513667306691 -1.0749812821865279 130 130 130 1.3801495318789447 87 670 89 696 91 595
16114 -3.784613290982771 2.8320011137732632 6.9639506282866188 61 64 74 0.99953862865780996 141 157 142 149 144 236 127 181 128 162 137 10 126 149 131 117 119 301 129 147 143 377 145 344 135 42 117 84
16213 1.9039999845650015 4.9665341724489638 -1.4549836806803658 231 231 231 1.3522544623574362 149 521 147 650 148 677
5940 3.218567413742806 -0.22921394918355553 -1.0992092959538322 0 0 0 1.1039730816036637 86 330 88 448 82 291 94 419 84 481 85 455 86 555 87 524 89 573 88 539 83 555 83 495 91 484 90 411 90 508
5846 3.1664399369280485 -0.37085010209934521 -1.2250468510682961 59 62 72 1.8435766603319215 88 588 91 587 89 629
16119 5.3445911677210267 -0.32793823596133986 0.2566223181791335 0 0 0 0.3523369010692925 149 451 146 456 147 568 148 599
16218 2.8188851313976184 -0.45346240361284157 2.7607504015497155 0 0 0 1.2126914519535827 161 285 164 453 160 202 159 125 159 162 157 193 162 197 158 169 156 215 155 246 153 279 153 301 154 241 150 348 152 289 149 267 155 176 159 82
5945 3.5433169405408695 -0.29404297552878522 -1.5943495728785224 74 78 90 0.37002550620180175 91 27 90 45 92 25 93 68
11032 -0.8869160424062259 3.4387240192819246 2.0830484122749957 117 123 141 0.47909532480520806 166 458 165 587 163 641 164 368 161 219 160 170 157 124
689 2.2468129282845091 -1.4498923739538356 3.8055112389926373 122 122 122 1.1323628339742773 58 169 62 88 60 69 55 571 54 106
10962 1.2310486707458101 -0.46535963905229261 3.790302387033424 122 122 122 0.05757599185506565 166 30 167 101 165 44
5880 3.231050049585634 -0.28198807288499822 -1.1352511616739431 0 0 0 0.45750718547516139 89 339 94 227 88 302 90 291 93 248
16153 6.5378299135194116 2.4205276591685232 -2.2491721317144391 61 64 75 0.36420387260480241 146 228 147 310 148 296
5979 4.1926126190551143 -0.37048124882236561 -1.1565057215040448 109 115 132 0.012284341620095875 87 192 90 348
11066 1.049800030430786 -0.70170600597224297 3.5007558545514117 52 76 64 0.053100205232763195 166 235 165 373 163 204 164 151
5889 3.8043430345435776 -0.39933270878319954 -1.2059159801946662 225 225 225 1.7384686765363904 88 225 91 200 94 281 86 151 87 176 90 340 92 364 93 261 97 238 96 206 93 291 98 212 95 231
16162 5.9797804229842138 4.2173366048483256 -2.293213462653962 62 65 75 0.2804461524025556 149 264 147 357 148 362
11075 1.4589951831795427 -0.53336353785724844 3.3548748603102623 124 124 124 0.13235800283521479 166 506 165 615 163 671 167 421 164 423 161 213
16163 7.7109727312872662 2.6924961094226396 -3.3913944017905711 61 65 75 0.42394464879379956 146 269 147 362
5890 4.7633452220689225 -0.17615963315892164 -1.3167523630195495 130 0 0 0.49643497101794543 87 297 88 371 89 322 91 249 90 358 92 328 93 229 94 311 95 189 97 164
10982 1.609104187759639 -0.54484941945997212 3.1641464219090487 73 75 82 0.092602490406360954 166 257 165 158 163 242 164 22 161 4
709 -0.34273387146282852 -1.6559470943187713 1.4797902404838312 118 118 119 0.36265418742485628 64 84 60 119 63 113
5921 3.7787473404607197 -0.41100663839693735 -1.1850521921136479 0 0 0 1.3154155526428188 86 535 87 557 88 512 89 589 94 454 90 473 92 486 93 348 95 285 96 218
16194 7.7799350627694794 1.86259492819207 -4.6558221699722679 115 121 139 0.20131877131231718 146 441 147 553
16196 4.7992873928064768 -0.39474206748325719 1.1732744738185146 57 57 57 0.30118806542270726 150 416 147 567 148 598
5923 3.6215692193892046 -0.33371257707734731 -1.3133934423175126 124 121 121 0.86366275920517344 88 560 94 460 90 516
5924 3.8483117846094426 -0.17413110348943006 -1.4651312171547053 59 62 72 1.0444624514668397 91 501 94 465 88 524 89 558 90 484
16197 -1.7412232223899187 5.4378211299303532 4.996865222519582 107 107 107 0.50103775411472951 151 357 147 569
16296 -2.5931783319208201 -3.1916486340655363 -0.38273459859216863 0 0 0 0.78525523799759622 15 254 24 54 22 66 17 314
6023 3.240448138915379 -0.26290898948047475 -1.0928016394165836 0 0 0 0.22842463337415758 90 208 92 200
5950 4.0631712395837933 -0.151499305027299 -1.7663305361664987 59 62 72 0.54674150156709567 88 211 94 148 90 219 96 77
16223 -36.273739757014489 57.875616965747241 55.317884082518674 0 0 0 0.51141691051105387 149 245 167 236
16322 -2.5924417048729667 -3.1907940100722438 -0.38281326613811395 0 0 0 0.42245000279206824 6 617 7 500 11 405 17 379
6049 3.9116933489794294 -0.15178789694825112 -1.6705012120286429 107 113 129 1.3442652275731475 90 380 94 336 92 405 93 285 95 228 97 207 96 169 99 242 98 190 101 199 100 165 102 211 103 163 104 188
5951 3.8044612144826426 -0.39610470553491789 -1.2170308584700611 0 0 0 1.0299662999716626 91 197 90 236 89 186 92 318 93 154 88 3 95 183 97 189 97 210 96 152 96 189 98 168 98 180
16224 -36.273739757014489 57.875616965747241 55.317884082518674 0 0 0 0.51141691051105387 149 246 167 237
6050 4.769341072474016 -0.19024215171772393 -1.3166903812476236 231 231 231 1.0148366466858758 87 466 88 433 89 528 92 417 91 382 93 293 94 352 95 234 97 211 90 438
5954 4.3163209583488644 -0.34789386917242499 -1.247418366923096 231 231 231 0.82457418894532419 85 18 90 244 92 233 93 152 97 102
768 1.6717863315355816 -1.0694306485347052 4.2767957114247501 98 113 101 0.64438079281449578 58 376 62 559 60 260 57 224 55 309 53 215 52 471
11041 -0.54411564522434308 -1.4868562400783998 5.6233723337404768 0 0 0 0.56743463003851058 47 39 48 31
5976 3.8185982259380387 -0.39353034856515318 -1.2311254868139669 226 226 226 0.92795129601750137 86 149 87 173 88 222 89 183 91 195 94 279 90 334 92 363 93 256 97 234
16249 -2.592387484677491 -3.190766136623961 -0.38329069176505215 231 231 231 0.87008348330159702 10 169 16 103 6 160 7 73 15 66 12 168 19 64 11 158 13 89 5 262 8 336
6075 4.5148610601433079 -0.40093629652581403 -1.2810481545217327 59 62 72 0.19607324513386259 88 50 90 46 93 31
5988 3.2329362192348605 -0.25855562888258116 -1.1015768260455547 130 130 130 0.044253154133788608 86 310 90 407
16261 -2.5924160221931181 -3.1908105802581663 -0.38280731186858302 0 0 0 0.46736859080436205 7 498 16 365 10 577 6 615 12 502 14 392 11 401 15 341 13 400 17 377 18 276 5 762 8 892 4 798
6087 3.8192100594891856 -0.38873525679962578 -1.2452886404721675 228 228 228 0.6922346140886555 90 52 92 7 93 88 95 76 97 107 96 123 98 135
6033 3.2312047273243714 -0.25448829877083845 -1.1093820687102562 130 130 130 0.030331826133574508 90 304 92 292
847 4.2346148621631992 -1.1352882744617248 4.2035365810236041 124 124 124 1.7780328448186182 63 434 64 317 60 439
11120 1.5985663210100476 -0.5307681147907527 3.1885457626944604 123 123 123 0.055450474588017371 165 391 166 374 163 462 164 255
6034 3.2404457161760178 -0.26259978660885075 -1.0929458830632566 0 0 0 0.18395677123078458 90 307 92 295
6054 5.9221548180011006 0.16876532966169161 -0.00030600816722894074 0 0 0 0.78767853486790951 1 276 2 276 76 504 74 479
6067 3.2161474099780052 -0.34598252233760463 -1.2656057649765116 59 62 72 2.328406384220747 90 602 92 567
16371 -2.592364540126689 -3.190855405507691 -0.38309834185655739 112 117 135 0.56632667308790519 18 149 7 171 13 196 11 166
6098 3.6706439594713087 -0.19866000424019253 -1.5505646725792623 163 163 163 0.72131535619945042 93 220 95 180 97 183 96 148 90 151 92 229 99 215 98 157 101 187 100 159 102 185 104 171 103 146
16379 -2.5931647372851412 -3.191591470646705 -0.38278369503393073 235 235 235 2.3550574357268994 13 288 18 181 20 48 23 15
6106 3.2905413526074088 -0.36939277370227863 -1.2345629002485659 231 231 231 1.1582445037355986 92 419 93 298 95 217
6141 4.39301545717169 -0.035590567873594672 -1.7074780559599623 0 0 0 1.9191655792845665 89 304 82 55 87 276 77 145 85 144 86 174 78 227 77 242 84 155
16414 -2.5924409477263946 -3.1907225900236784 -0.38279761838267234 130 130 130 1.9495687819615959 11 466 14 458 15 412 16 438 18 318 13 477 14 472 7 575 13 452 10 735 12 632
16447 -3.4783489941124914 -0.23443547025405265 7.5354969784966404 69 73 84 0.44615541897132482 40 85 41 33 186 97 187 108
6174 3.2372173507330482 -0.25787654009594851 -1.0941369977279736 0 0 0 0.52221571333274019 84 530 85 501 86 601 87 576 89 610 88 574 83 547 82 540 91 520 94 488 90 562 92 522 2 436 85 502 1 436 82 541
1013 2.0635591568722158 -0.21110101620893509 3.9605854400226677 67 70 78 1.1740296189540464 58 1071 62 791 60 803 57 724 55 882 53 766 61 699 54 899
11286 1.5179239284270303 0.2178988245823047 5.3361164925274647 6 19 42 1.3636653440939155 163 633 168 367 164 338 165 573 166 469 171 342 161 164 162 55 159 89 154 14 156 18
16581 -2.5933604710887059 -3.1923046352529667 -0.38251265436326987 236 236 236 0.18833375840098954 20 49 23 23
6308 -2.1682947913323987 0.82616152877735793 6.5305160611743736 228 228 228 0.14418178570891552 48 183 184 191 41 118
16482 -2.5932259579181576 -3.1916207533675669 -0.38277721685165406 0 0 0 1.7260479376845701 14 293 19 116 21 32 24 34 18 186
6209 -3.869408644770493 0.99651190438782233 7.5045146088701316 96 101 116 0.5257946565688123 41 191 40 227 43 192 184 319 186 238 39 192 46 324 37 130 188 206
6264 -2.4074100641884422 0.80452906399491741 6.4203799263250119 0 0 0 1.0268557667365172 44 227 48 300 45 221 42 212 185 217 46 174 47 311 182 212 180 199 46 262 179 176 177 186 186 155 39 170
16537 -2.5931971952048229 -3.1916353695236421 -0.38275680781598137 0 0 0 1.5711290904819684 15 146 24 40 13 139 14 216
11351 4.0416873471985912 1.627335951982303 -2.4901160407729654 0 0 0 0.79555672914376163 1 612 2 612 7 297 10 411 6 268 9 332 4 447 3 420 14 298 15 194 13 317 205 316 8 459 12 344 15 268 16 276 11 243 5 383 81 612 208 1263
1078 3.3192538735093984 0.80769736575068674 2.9365675146360233 0 0 0 1.1721905765013361 63 586 60 920
11357 3.9465412493964362 1.6919824096858551 -2.5735530415055035 0 0 0 0.400584421085104 1 725 2 725 7 394 10 501 6 543 9 615 4 776 3 598 14 344 15 304 205 659 8 811 12 435 13 353 11 353 5 701
1084 2.5098933055626151 1.4939253847276559 3.554261669783652 107 107 107 2.1531529696619036 62 428 57 840 60 928
6293 -2.8606980309619829 -0.036382683299665548 6.1498077103532243 114 120 137 1.3250580508699803 47 206 49 380 184 122 124 97 125 103 126 61 144 199 142 190
16584 -2.5934443005580308 -3.1917035425276428 -0.3827683989420867 8 8 8 0.96070850391130969 22 40 23 30
6311 -1.8780449668193493 0.54454713158895007 6.8949628922834725 98 103 118 0.7688769403602902 184 198 182 189 142 390 48 246 134 107 127 332 130 163 133 62 135 154
16646 0.31968549305369293 -1.6018613825268362 5.1374924765865453 0 0 0 0.25365729076718657 49 102 50 145
6373 -4.3175472655754286 0.3868997528169475 6.5532934824930287 61 64 74 0.71832504042523282 40 52 185 38 184 22 183 19 188 102
6540 4.5481541401731667 -0.30721673699531404 -1.32281108903163 0 0 0 0.63619843640901375 80 203 76 343 77 358 81 173 82 421 83 406 84 373 85 404
6563 -2.1635920803933808 0.8257880257279151 6.5667842596185828 228 228 228 0.091434129078714038 45 72 40 72
6581 5.8316983826770876 0.35913326568427523 -0.10662992405695126 0 0 0 0.82088309481184729 1 453 2 453 78 617 73 475 77 640 7 279 6 255
16897 5.9392371673616804 0.060464620012119039 -0.10002884930936731 0 0 0 1.6622852128133578 8 590 205 468 208 1178
6624 3.153164874401325 -0.4216885243877781 -0.99786769599867164 0 0 0 1.6505858075475661 90 366 91 394
6653 -2.5295219301763638 0.10314033821368364 6.5444201075133854 109 115 132 1.1431086357020477 44 168 46 157 45 251 47 353 184 250 49 585 179 155 180 118 138 267 129 276 137 249 127 251 124 386 126 469 125 324 139 345 140 154 128 209 128 461 41 158 185 157 43 166 177 161 178 241 141 317 144 451
6662 -3.1831704349040373 0.64833264152512038 5.9877658044456687 73 77 89 0.08393439129938586 181 26 180 8 182 62
6671 -2.6215338005297353 -0.38439776874556913 6.3504177490281339 109 115 131 0.3225617148214116 182 119 181 61 178 7
6780 4.4499571028164331 0.44149502899712367 -2.0357126015057312 0 0 0 1.2200038047622555 80 278 83 248 82 275
17055 5.9085594291238062 -0.10390989217344392 0.45450144021981415 231 231 231 0.49285173347111227 149 316 148 422
6782 -2.4130496363874325 0.71354137026181363 6.4431239760201917 228 228 228 0.4337345724905966 47 383 178 167 180 138 179 171 177 181 176 317 175 241 181 147
17073 -4.4710630988436364 1.1114546824858631 8.6497910415228976 59 62 72 0.89147097332502767 123 125 125 42 144 83 143 115 137 0 140 97 138 9 145 194
6800 -2.2901015122406605 -1.0181251254449992 6.6716890778795159 59 62 72 0.86093448097214509 51 651 178 235 179 254 177 236 180 244 176 366
6878 -1.9573449050507714 -0.78594411742361303 6.6973472240764496 0 0 0 1.0978497650689221 44 161 45 141 46 138
17151 -5.1554273803051069 1.1097567915797075 9.695795979391427 106 112 128 1.3602940382526876 142 368 144 341 123 285 140 270 141 310 119 245 121 347 122 269 124 247 126 215 127 250 128 210 129 169 137 109 138 133 143 413
6921 -2.9265701400847193 0.91352867010920047 6.2533719730853239 111 117 134 1.2025463805704721 180 310 176 488 177 355 175 428 119 570 122 639 124 655 125 691 128 583 129 529 123 696 131 500 126 625 138 506 139 601 144 542 183 379
6934 -2.1359705389346524 1.2236122260471791 6.5168210360370598 228 228 228 1.1909683612989783 181 270 178 279 180 259 184 302 183 289 179 302 177 312 124 580 138 396 127 540 176 432 139 536 142 521 141 461 128 496 144 490 130 332 171 181 166 353 165 491 163 554 167 283 168 240 169 308 170 183 172 413 173 395 139 418 164 309 122 530 132 287 161 185 207 721 135 378
6979 -2.4440042299397127 -1.509954842877697 7.2830492872685353 231 231 231 0.82405417186115448 178 217 179 120 176 209 175 104 42 258 44 280
17252 -2.5931751443282933 -3.191639493902394 -0.38273797401244719 0 0 0 0.96652252129526228 7 178 13 344 17 333 18 245 14 372 18 261 11 336
6980 -3.6531960127779075 2.4273696984063933 4.3266635026701943 230 230 230 0.3022119819988528 178 120 182 127 179 127
17253 -1.826806562923345 -1.2025406321046677 7.2485507432672138 17 55 31 1.7801293197964609 44 50 52 407 51 293 44 10 49 35 45 55 48 7 46 42 42 33 175 16 179 15 174 10 176 16 174 12 177 17 50 311
6985 -2.3397123010696306 -0.96765267557585477 6.7632709541116727 10 10 10 1.0531125988001704 178 129 179 138 177 148 176 219 174 123 173 277
17258 -2.5931228782702394 -3.1916225645405958 -0.38272866538506922 0 0 0 1.4699944046050786 15 365 12 544 7 558 10 563 16 436 16 390 19 191 17 400 18 289 14 424
17259 -2.593146358410483 -3.1915838206978719 -0.3827971079925222 0 0 0 0.73098701337733962 14 362 16 358 17 351 12 384 13 393 15 363 7 450
6986 -2.3952343725355401 -1.0204224612742827 6.9365271986112393 10 10 10 0.71465593519445392 178 130 179 139 177 149 176 220 175 153 173 74 172 144 174 124
17261 -2.5931747976475572 -3.1916392606444637 -0.38273787296151746 0 0 0 1.259460147702026 7 177 13 343 17 313 17 332 18 244 24 53 15 253 16 264 19 126 14 371 18 260 11 335 14 213 10 309
6988 -3.1427630626326897 0.61967313456782125 6.1214046589813886 84 89 102 0.99419466981864879 178 133 179 143 176 94
6994 3.2320326663937964 -0.25466961018223294 -1.108668899512526 0 0 0 0.057403198519130658 82 266 87 335
17267 -2.5931905227651302 -3.1916308846967816 -0.38275611357107309 0 0 0 1.154073123762293 11 337 17 380 14 369 12 496 10 564 18 274 19 167 21 89 24 89 22 71 22 84 16 334 20 81 19 156 23 60 10 445 6 562 5 602 12 387 6 345 4 496
7011 -3.4262403097593896 2.7660878267322691 3.8486599834828557 231 231 231 0.63020997155723624 178 266 179 259 174 299 181 282
7012 -3.4262403097593896 2.7660878267322691 3.8486599834828557 231 231 231 0.63020997155723624 178 267 179 260 174 300 181 283
17291 -12.813028945555853 3.4270383239164945 15.339586392622131 97 102 118 1.0826916895009875 119 61 127 2 145 94 123 93 125 78 118 73 121 93 122 73 120 78
7018 -2.0059047786944482 -1.2494764443851547 7.3667871864133936 6 20 42 0.53782825529660294 179 287 176 394 175 351 173 447 174 329 172 459 169 255 178 297 170 149 171 141
17294 -8.8172761190759967 3.6122211041065562 9.5111294058611104 8 8 8 0.26428312954539473 124 5 145 103
7021 -1.975151421871975 -1.096569060914119 7.3209788729823213 231 231 231 0.81605809550853681 178 298 179 310 177 334 176 448 175 403 174 393 172 550 169 452 173 535 171 313 170 286
7122 -1.8381364409042071 -1.1707442227369189 7.4806797822450575 231 231 231 0.39318339755440684 176 450 175 404 174 364 172 530 169 424 173 502 171 261 167 354 170 287 177 336 179 312
17296 -12.076644456548939 2.397985378751526 16.274318994311642 60 64 74 0.9700524369773732 120 89 121 109 122 82 142 41 144 53 145 111 123 103
7023 -2.2787671563323477 0.61359526387120411 6.5798195905043446 0 0 0 2.0078738564494403 179 317 169 430 170 267 178 303
7024 -2.2787671563323477 0.61359526387120411 6.5798195905043446 0 0 0 2.0078738564494403 178 304 179 318 169 431 170 266
17297 -10.238395507736504 4.1238447703864987 12.168867143347748 231 231 231 0.33899896059470036 141 5 145 123
7025 -2.1990996983489151 0.66291892218618709 6.5747383904573775 0 0 0 0.43599119572246536 178 308 179 319 176 423 175 384 169 403
7028 -3.1307583440078339 0.13930393100742353 6.6451644881452623 73 76 89 1.7104968440333461 178 321 179 330 177 352
7029 -2.3030522755973037 -1.2405880630880639 7.1580225703346096 231 231 231 1.7017119185193585 179 334 177 354 176 472 173 561 174 422 175 425 172 582 178 324
17303 -1.9849209238453678 6.6470683068370686 4.1072065681440773 0 0 0 0.15235626440810845 155 70 165 266
7030 -2.4289399851021507 0.93329330508677011 6.3718628896929399 0 0 0 2.33168549627579 172 557 176 453 139 568 140 461 182 346 179 339
17307 -3.8886201089649903 2.3444857577614884 5.3148422454160897 114 120 137 1.4453129298734564 143 255 145 157
7034 -2.2946829407468123 -1.3630830905793931 7.1750255751265906 2 2 2 0.78672768420846051 179 353 177 373 176 482 175 422 174 419 173 558 178 322
17308 5.9742451219591928 4.136685839029294 -2.4046292029024254 0 0 0 0.21526355685052406 146 264 147 355
7035 -2.2926510434843461 -1.3609264315947724 7.1668547067684951 2 2 2 0.80448117264826546 179 354 177 374 176 483 175 423 174 420 174 437 173 559 178 323
17310 -6.6900082291232961 -1.6626096246558166 13.374849212420164 29 29 29 0.34082591297868908 142 48 143 145 144 116 145 178
7037 -1.9898441006941023 -1.0273734641134213 7.0791795023382136 231 231 231 0.9647997216236992 178 345 179 358 177 379 175 436
12124 -4.5106477389583013 2.7985696955788515 5.2219958034069354 0 0 0 1.0559134235035434 120 213 141 347 140 257 118 189 122 238 121 221 124 213 123 245 116 240 125 281 142 402
17311 -10.84148763688078 3.9768464440625428 13.597401933599802 231 231 231 0.087218906719389019 126 71 145 180
7038 -2.5075886665728189 0.16167391457292349 6.54054124556842 112 118 135 0.85811463714198866 181 340 124 685 138 505 137 462 129 550 127 674 126 624 125 715 123 746 139 626 140 517 141 590 128 604 142 580 179 366
17315 -2.3871294811751689 0.49373879216564726 6.4430053150390529 0 0 0 0.29135900916175994 186 72 145 210
7042 -2.2524002579098168 0.96690265795133556 6.4505621630384544 0 0 0 0.74879236126449289 178 361 179 378 177 401 176 512 175 466 173 599 169 510 172 618 170 353 171 366 168 402 167 450 166 528 165 657 163 713 174 457 164 482
7043 -2.8230262681104183 -1.5055027133163286 7.9148960623653055 2 2 2 1.2930486946365076 179 73 180 238
17317 -12.152412428430585 2.5320703624865142 16.461580542442125 67 67 67 1.1301682833602873 119 215 120 222 121 223 122 236 123 238 124 211 127 370 128 189 141 173 143 194 145 220
7044 -1.7913825051114378 0.39430894574004854 6.9457246986699683 100 105 121 0.91285766511327582 179 209 177 208 176 379 125 461 123 513 124 404 126 370 138 292 127 408 137 273 139 363 129 311 140 285 128 363 130 228 131 285 141 283 178 198 181 79 175 360 180 73 132 176 142 112 144 317 134 168 135 244 136 250
12131 -4.2355943974884367 3.6952045032531289 5.6003656709532663 92 97 111 1.2317073841329707 120 431 140 361 139 453 138 380 125 576 119 457 123 554 117 336 122 500 124 512 121 415 118 386 116 274 114 239 207 525
1858 2.2363218366558053 -0.81805746416205838 3.8171863283084475 15 26 47 0.52981032857745625 57 262 55 366 62 259
17329 5.4770867454513779 3.828182879451556 -3.0432537001748439 0 0 0 0.61919989716305768 146 326 147 421
7056 -1.410748706318286 -1.1531652160366537 6.8890367348620076 0 0 0 0.33105395937529963 44 56 45 61 46 19 48 30 177 22
7065 -2.0305755312863796 -1.1999670040240555 7.5070290234628549 9 9 9 0.099789085750348949 178 44 177 55
17338 -2.4860528459274938 0.84527628838903701 6.3704849928351619 228 228 228 0.11784192190758067 144 238 145 309
7066 -1.9424291826295652 -1.1851297637046228 7.4930595667398947 231 231 231 0.6661361031143429 179 47 177 57 175 124
17339 -2.3007709047497937 0.64532281826321536 6.4802718846674141 228 228 228 0.48755481757713875 144 245 145 312
7169 -3.3221467464582961 2.332045431365422 4.0999002511949376 0 0 0 0.66467111446038096 177 152 176 288 175 211 174 206 179 148 181 257 184 344
17343 -7.953714413234394 -1.9391507538611035 14.825783500735724 29 29 29 1.8241412557749923 122 370 125 250 127 113 145 325 123 228 124 196
7070 -0.45219011103795248 0.16296552668074993 8.9852366283104939 231 231 231 1.4846207501801578 179 65 177 71 180 42
7071 -0.45219011103795248 0.16296552668074993 8.9852366283104939 231 231 231 1.4846207501801578 179 66 177 72 180 43
17344 -13.328907480230082 4.5906600483836364 15.316469187904463 73 77 89 0.49021102050749321 124 201 145 326 120 202
7072 -3.8637267635601029 0.80230449811584015 6.7686772016116619 67 71 82 0.55066227564879877 179 121 177 80 173 271
17345 -4.278252028214065 -0.39315927791747385 8.3306563533051676 93 98 113 0.34899308269950624 143 315 144 171 145 331
7077 -2.8130195698467357 0.00014099454334555138 6.3873906983912141 59 62 72 0.071451203319909631 179 145 177 87 176 222
17350 -13.78984674525114 4.5940116062314571 16.533189426130036 231 231 231 2.0020635954278068 118 319 125 426 142 357 143 350 144 328 145 355 119 342 124 431 127 455
17353 -4.3741064227968236 -0.4120342213571615 8.0104214503572546 10 18 13 1.0598967240851724 124 136 145 361 122 226 125 173
7080 -2.3386763000640212 1.3970005770511986 6.3340546477044608 60 64 74 0.94056322373178558 179 98 177 99 175 134 173 142 127 413 128 369
7087 -1.8102189118035918 -0.78730252446911853 7.0289838283520174 0 0 0 0.45494616152211798 42 157 45 150
17360 -4.9843483699469946 3.2997187934644514 9.2377323730590941 92 97 112 0.46970516250194333 144 406 145 412
7092 -1.7716553087235436 1.6284701278924176 5.94689443702375 60 64 74 0.64518594413215469 178 206 177 221 176 351
17365 -2.800456555838625 1.0076365740103665 5.5237111448822622 92 97 111 1.5718565453309057 123 480 124 452 127 465 128 410 129 353 138 312 145 455 125 498 137 302
17375 -7.0224569645142871 12.416120428834377 11.014402298221574 0 0 0 0.32010118703451562 152 95 165 286
7102 -2.4644085321795357 -1.6484360664818274 7.064371157052209 231 231 231 0.43798100594023526 179 245 177 263 176 364 42 224
7125 -2.2179287473633398 1.506432990653594 6.4092913130018294 107 113 129 1.0229108011267594 177 344 176 455 175 412 174 377 124 675 126 611 125 704 127 664 122 660 123 714 140 494 128 593 131 506 130 432 119 582 141 583 173 489 132 341 179 324 134 337 133 244 135 438
7130 -1.9908667735988552 -1.2611177647842502 7.505706502056773 6 20 42 0.39160044541941325 176 486 175 437 174 439 172 585 173 565 169 473 170 324 171 330 168 372 177 380 179 359
7138 -1.8713173761979802 -1.2032813245010801 7.4509413738536718 9 9 9 1.3630122368685016 179 96 177 92 176 109 172 200 173 98
17411 -1.097669962350301 0.64649696691469494 6.1880370461283665 0 0 0 0.95063143892655622 140 342 141 386 125 470 134 214 135 259
7142 -1.9602626403804093 -1.1656005466089079 7.4651418489190933 9 9 9 0.41971658648077498 178 45 176 15 174 11
7147 -2.103687737712042 -1.0658619228181603 6.8055715651506743 231 231 231 1.6963549318187641 42 296 177 154 176 97 175 312
17420 -3.0388024143830799 1.1340376973007744 6.9585227030595167 94 99 114 1.0351509108634054 119 475 122 511 123 566 124 516 125 571 126 482 127 522 128 478 129 412 130 322 131 406 137 353 138 373 139 457 140 365 141 434 135 332 136 360
7166 -2.8356505402065997 -1.4999053193621807 7.8081302514631199 2 2 2 0.24362501474398168 177 134 176 277 174 202
7173 -2.2318140399384032 0.26467943031021507 6.2490784660753969 106 112 128 1.6998236556697521 178 158 176 308
7305 -0.35485687389207687 -1.2854502676954576 5.6879272735270563 84 90 87 0.35006910908504851 47 289 48 281 49 419
17479 4.4440489613628342 0.29067448579894772 -1.9363448011291919 0 0 0 0.76279660771778257 80 259 81 218 79 320
7206 -2.7549271742460801 -0.013753879738156357 7.437191141870902 0 0 0 1.8650634747369967 174 472 173 610 172 627 169 508 171 364 170 350 168 420
7306 -0.6739087768741564 -1.1114395818151475 6.1531629146155185 0 0 0 1.8482938544854022 47 421 51 523 50 522
17480 -3.7704639121627261 2.7774533131477317 6.3312620286107535 84 89 102 1.1553743739602131 117 247 118 301 119 276 122 303 123 320 124 286 125 453 126 274 138 182 139 232 141 372 136 247
7207 -2.03773917727916 1.5120594550475586 6.3564113668892404 117 123 141 0.85464911312401015 177 404 176 513 174 461 167 433 171 355 169 497 172 601 161 300
17482 -2.7815612855750773 2.8724948210565961 5.8109548422561046 111 117 134 1.1177366727305196 123 381 139 288 140 235 136 269 124 539 126 500 138 400 136 382
7209 -2.4391988651823047 0.86972013530426961 6.3912760491168665 228 228 228 0.38441260166617131 46 222 181 155 178 173 180 145 176 323 179 180 177 190 175 246
7211 -2.4403734603666782 0.86980534662742937 6.3947289570228758 228 228 228 0.37214980416738286 44 230 181 154 46 221 178 172 180 144 176 322 179 179 177 189 175 245
7218 -3.6908667004913642 2.2750064388779463 4.478908712175917 139 139 139 0.74582606818321773 181 336 180 301 176 465 177 347 178 341 175 417 179 349 182 362 183 391
7256 -1.3285455615647046 -1.1240306530472375 6.6967376603620989 27 83 39 1.3516374617725022 176 314 175 240 173 27
7264 -2.0986877655140987 1.5974884233467561 6.3338049461576649 60 64 74 1.2978290502419367 176 346 175 282 173 401 174 268 172 427 169 232
12351 -3.5550058243038443 -0.060685297962575366 7.3798637444000557 66 70 81 1.0707176290489451 46 275 45 237 42 227 40 201 41 171 44 282 43 153 43 174 185 270 39 157 184 279 183 265 184 236 182 256 181 241 186 206 187 144 47 447 49 573 47 409 188 153 49 595
12362 -2.219515951656112 1.5070455622329786 6.4130996564474545 109 114 131 1.1601581669036789 176 454 177 343 175 411 173 488 178 334 124 676 126 612 127 665 125 705 123 715 122 659 174 376 140 495 128 594 131 507 130 433 119 581 141 584 169 366 179 323 132 342 134 338 133 245
7284 -3.3492497127580072 2.3359633025350566 4.092458431812191 0 0 0 1.2981423617781567 176 443 177 329 175 399 178 327 179 333 180 309 174 357 181 321 183 392 184 412
17557 4.4272028922832485 0.3808301015487352 -2.0252579153163586 0 0 0 0.90759538973413845 79 627 80 516 81 484 78 655
7291 -2.2271605385277278 -1.1782140501226577 6.9759302683862394 231 231 231 0.32406370936537554 177 377 175 435 174 438
7304 -2.0676202661750454 -1.2023926227879085 7.4453480700687997 9 9 9 0.70999184157037587 175 13 173 13 174 7 169 23
17577 -2.5928829627482561 -3.1912929771187635 -0.38301116576976546 0 0 0 0.945406608424331 4 301 9 188 3 297
17586 -2.5924328152297664 -3.1908223926412265 -0.38278515290202086 0 0 0 0.39960045569663583 13 294 15 246 17 311 5 282
7313 -1.4731874581280118 -1.1074545176351445 6.9616021605721752 9 9 9 1.0330324542048093 176 234 171 25 167 67 168 129 170 101 173 105 166 74
7314 -0.61829872545874909 -0.9359644225307312 6.0876964678716678 0 0 0 0.92224422515771887 48 233 51 457 55 963 49 434 50 525 52 730
7326 -1.7819313943103368 -0.76841608589729149 6.9223563442526084 111 117 134 1.177839690781485 177 173 173 363 169 270 171 152
7348 -1.0878868805759343 -0.97598202100230635 6.2146093224151278 6 20 42 1.207184408571409 174 440 169 476 175 439 171 333 170 311 172 588 173 586
7366 -2.7911008871638532 5.533759956678888 4.4708914350632192 231 231 231 0.10182535874909736 173 51 174 78
7379 -3.4170266083347145 5.2508764954213198 4.9983513359425649 9 9 9 0.65902758920253302 173 410 174 142 172 431 170 200 171 199 167 187 169 329 166 378 168 157
7382 -2.6759931899329099 5.5255634984613238 4.4108302913520809 231 231 231 0.22891617397457042 173 320 174 164 175 137
7395 -2.0006609496155972 -0.95676222766848973 6.9869140374924905 231 231 231 0.50001421955111147 177 159 179 154 174 224 178 147 171 140
17773 -2.5931873019397078 -3.1917881795346696 -0.38229040550885679 113 119 137 0.72097971490551926 6 800 5 926
7500 -3.1798699452034165 5.0971881772994445 4.7871375980545015 0 0 0 1.1694918485826009 173 512 174 380 172 562 175 325 174 339
17674 -2.5923156341245459 -3.1909241570985745 -0.38278674816605379 0 0 0 0.62352850485469957 11 278 17 255 14 276 15 234 5 613 6 480 4 674 8 716
7401 -4.545623757394619 0.98116251383380582 7.885533477158142 61 64 74 0.62777342661516866 43 31 44 93 40 55 39 50 37 42
7417 -0.49104564251286831 4.1760245667094278 2.8093251467750164 98 103 118 0.044965082464086592 173 493 174 354
7440 -0.13769264096594228 3.406983376101397 3.4136243626431297 59 62 72 0.9938465969926924 173 594 174 465
7444 0.22031446797498414 0.11575310625520852 6.7839917041266 107 107 107 0.76747626639195665 174 478 169 524 173 616 171 370 172 636 170 360 172 624 167 469 166 548 163 721 164 493 160 246 159 181 160 234 168 416
17717 -2.5924184608168561 -3.190855490212694 -0.38272521680358962 0 0 0 0.65632589812448594 6 623 7 503 11 408 5 765 4 883
7446 -2.0344401209498124 -1.1847589048857647 7.4210638637240729 6 6 6 1.4280809120712006 179 44 177 15 176 14 174 8 173 14 175 14 172 9 178 43 169 25 52 583
7447 -1.9358401330222437 -1.1659904015197755 7.5089651320532944 11 11 11 1.0873926084733048 176 107 178 81 174 58 175 127 179 49 49 302
12534 0.45531134567163273 -1.5103737807030537 -1.1895659579512139 0 0 0 0.66938946945423805 8 575 4 569 3 541 205 440 9 581 6 517 5 665
7449 -1.4342347702668934 -0.54800322977608917 7.1966240428502894 67 70 80 1.2370896284552912 48 230 46 163 47 298 51 529 44 293 44 181 172 502 163 545 167 364 180 168 164 302
17740 -2.5923924983161375 -3.1908300358573602 -0.38324407363168445 59 62 72 1.2246872584261597 6 753 7 548 10 671 11 450 12 579 13 435 14 437 15 377 5 863 4 1035 8 1029
7467 -0.5084512606841336 -0.89675819747205554 5.0639666988086516 59 61 63 0.32972692945194315 173 117 172 223 169 49 170 12 171 23 168 10
7468 -0.46360545605140041 -0.86872153070533698 4.9262073575518492 10 16 12 1.0684892314691217 173 120 169 169 172 224 170 55 171 57 167 4
7516 -0.60956012432549722 -0.91830137363540587 5.0691527454929872 1 3 8 0.28310857215970592 173 101 169 163 170 11 171 52 168 4
7556 0.11233879798403305 -1.3723461319608801 5.3647749317175881 0 0 0 0.48289096510905938 49 694 51 774 52 936
7573 -3.1559768538196789 0.62930743391977528 5.939625400142174 109 115 131 0.53609839683693283 46 146 184 125 182 61 181 63 183 100
7579 -1.6438840351062287 -1.1523049021520801 7.0873194070772358 0 0 0 0.83721774274848149 49 540 51 564 49 465 48 326 46 254 48 266 174 310 44 262 45 248 179 235
17860 -5.1872402725931632 -1.5934575761923953 10.094188706269756 0 0 0 0.30354149190225393 184 101 187 82 188 86
7587 3.2669392434270632 -0.33101298463257961 -1.0879451298639933 0 0 0 0.30251495495551162 86 293 88 442
7652 -1.9353249837754349 0.72038550375991617 6.7955672690949482 74 78 90 1.651887761393541 45 286 47 497 51 697 44 314 49 589 178 313 184 300 126 495 142 479
7893 -1.9392326037284751 0.69812375246468594 6.7001461826898376 99 104 120 0.96429870501682802 169 432 138 499 137 445 127 663 144 551 44 353
7971 -2.2604346249094989 1.1697146867457402 6.4198001163456366 104 109 126 0.51251912522243903 183 173 137 187 126 291 123 372 139 270
7986 5.6703446534069499 0.31540695112591349 -0.13611476569692726 0 0 0 0.88671034687463934 71 78 81 332
8115 -2.2942319494830676 0.80499377298197028 6.5525403000514535 0 0 0 0.40715921541410344 40 40 44 193
8116 3.1987064133936474 -0.29232776504967406 -1.0711329515124586 0 0 0 0.86762926980000166 88 201 89 151
8140 -2.734695880326699 0.81584228052336394 6.2395581724311402 228 228 228 0.40582007169175643 47 251 127 268
8249 -2.4326396429147277 1.3273031404830147 6.4416750729165786 93 98 112 1.1696783068215775 46 311 48 397 44 317 182 284 179 299 47 498 41 200 183 314 180 228 167 275 132 285 40 249
8275 -2.1214942936071872 0.76356373458019111 6.5709088714389488 35 35 35 0.77880156766241715 44 374 51 777 49 696 46 371 47 564 48 459 45 365 42 369 43 262 183 393 182 364 41 251 181 342 178 354 180 323 179 367 177 382 176 490 175 440 173 587 174 441 172 590 169 477 138 536 137 485 127 680 129 582 124 701 126 640 125 735 139 647 123 755 140 523 141 596 128 611 131 553 130 485 170 325 171 335 168 386 167 428 166 509 165 633 163 687 184 414 164 438 132 384 134 379 207 1098 135 483 136 520
8303 -2.0710325749209009 -1.0226084002940379 6.8659148478415952 173 173 173 1.5146709441174164 176 374 177 50 175 348 176 13 175 10 174 126 179 89 172 321 178 76
8304 4.4931435023118276 -0.40135556691784119 -1.3043711623390932 231 231 231 0.62909293902648167 77 659 76 628 78 640 79 612 80 550 84 568 83 639 85 588 86 631 87 593 88 585 89 653 90 537 91 533 94 498 92 508 93 367 95 303 81 526 82 647
13391 -4.0410505178978644 2.2384871432171018 5.3106496663938154 0 0 0 1.8220273421617499 117 68 141 74 118 51 120 53
8305 4.4931896286244601 -0.40130588024254082 -1.3043991871557055 231 231 231 0.62804867682656518 77 660 76 629 78 641 79 613 80 551 84 567 83 638 85 587 86 630 87 592 88 584 89 652 90 536 91 532 94 497 92 507 93 366 95 302 97 278 81 527 82 646
13392 -3.9849231410832853 2.2312854737165897 5.1360965162224748 0 0 0 1.1209475595964535 117 98 141 184 142 188
8307 -2.3725404660298834 0.55705535067548084 6.4662135268988123 0 0 0 0.5938620188886935 44 361 51 767 49 683 45 343 46 362 47 553 48 438 42 354 43 248 185 381 184 399 183 382 182 343 40 282 41 241 181 325 180 312 179 336 177 359 176 473 175 430 174 397 172 533 173 569 169 457 170 313 171 317 168 347 167 388 166 476 165 606 186 305
13394 -4.1697113653950622 2.2814842559172925 5.397383248891332 0 0 0 1.0574277255345077 141 348 120 336 122 249 119 226 123 178 125 187 124 142
8308 -4.114117654260939 1.0275090731998913 7.4136304114099216 60 63 73 1.223967819997279 172 373 178 132 179 142 173 354 174 223 175 225 176 292
8312 4.4995624319590055 -0.38482212311686947 -1.3199902602944316 231 231 231 1.6700021981063033 88 48 90 141 94 150 92 109 93 80 89 173 87 48 77 335 79 233 84 217 86 236 83 186 85 49 86 6 75 94 97 72
8316 4.5146058919637815 -0.40906280858470279 -1.2978346121551423 59 62 72 0.98662340379641522 88 406 89 584 88 465 94 335 91 355 91 401 94 382 92 404 90 469 93 284 84 359 77 547 76 532 78 461 79 438 80 189 77 333 83 469 85 483 85 438 87 495 86 463 95 227 81 420 82 462
8317 -2.2708504191839416 1.4233052819401537 6.4755481899679985 85 79 75 1.2482915926738243 176 339 177 209 175 323 138 223 124 405 137 278 127 418 139 364 123 452 129 321 122 423 126 153 123 215 137 89 176 237 140 286 128 371 123 153 124 63 131 293 130 241 173 453 174 257 179 61 169 305 167 324 170 178 172 408 171 176 119 386 128 104 132 184 178 13 134 182 133 21 133 105 207 827 135 252 136 9 136 264
8318 -2.798146225372578 0.00075177910879067726 6.3739461105233737 59 62 72 1.3884073080714505 182 238 178 72 140 309 128 326 179 144 181 221 175 7 176 221 177 86 183 271 126 343 141 360 139 389 180 196 51 631
8358 -1.791985122902588 0.40113280600128037 7.0711732202209658 0 0 0 1.5552413588756691 179 99 138 293 137 274 126 151 127 180 127 333 128 366 130 231 131 75 125 462 128 161 130 66 177 66 180 38 182 40 124 474 132 178 142 294 134 73 133 19 176 340 139 143 183 60 135 65 136 252
8393 -2.040681384870155 0.74048165983986303 6.5853080317290926 0 0 0 0.75021989119563348 129 233 126 287 138 211 140 223 51 648 174 250 47 396 175 271 176 336 163 550 165 487 166 347 167 278 168 233 169 301 171 174 172 406 170 236 164 356 184 196 177 205 179 207 180 171 181 177 182 187 124 341 132 118
8395 -1.8807751321914801 0.52398432748449342 6.7580246218671123 98 103 119 1.6515774041907263 173 385 174 256 126 289 137 184 138 216 128 287 130 162 135 151
8462 5.2647987057546866 0.081330908031359048 -0.69010581581975361 0 0 0 0.34937080012609301 74 591 82 660
13549 -2.2953717731408587 -0.92185563551498872 6.6852447265837744 231 231 231 1.6677327097991081 178 71 180 53 179 84 179 227 177 241 176 290 173 283 174 219
8463 5.2647987057546866 0.081330908031359048 -0.69010581581975361 0 0 0 0.34937080012609301 74 592 82 661
8492 -2.0054895167524984 0.24489220219707603 6.786928317724592 68 72 83 0.83984065424037424 182 178 181 166 179 195 130 136 127 308 129 211 137 160 141 266 123 354
13579 -3.7387332588780735 2.2324135690781008 4.5461238831335766 52 52 52 1.3755870913271659 185 148 184 30 40 94 183 102 180 18 178 60 40 185 184 132 185 242 186 180 37 77 187 114 187 152 187 179
8786 5.8411124497889126 0.096987847552634843 -0.12003230883163188 130 130 130 0.39097097859100832 71 237 72 225 77 513 73 391 6 8
3600 4.566152113090606 -1.4093665452915995 1.2525360162210049 0 0 0 1.2013607124310941 67 184 69 261 73 591 71 362 70 318 68 295 72 387
13873 -4.8496269808428618 3.8815084152907384 4.6874936490898174 231 231 231 0.94544897826705609 120 206 121 217 114 154 119 211 122 241 123 253 118 117 116 140 120 85 115 127 112 137 111 86
8925 -1.0608136711934861 0.7641252821968304 6.334773057142959 92 97 112 0.71845269939561085 175 287 177 256 173 406 174 273 171 195 179 240 178 250 180 233 181 237 181 273 161 145 159 77 157 91 162 120 156 38 159 56 155 169 153 214 135 177 134 216 135 351 135 303
9054 2.9153809028177724 -0.08477062470363457 -1.0686894966451261 0 0 0 0.035141939177198225 82 503 87 489
9121 -2.7170268756394935 0.81333093839728443 6.2596466166338587 228 228 228 1.5232152793319771 181 260 179 290 138 433 43 196 137 386 46 286 183 311 140 424 42 272 139 448 125 623 126 527 127 572 128 515 177 299 122 506 141 528 142 457 131 396 207 679 186 260 40 256 47 493 144 453 49 643
9125 -1.8478339390998493 0.57528851241174761 6.8915597040741696 0 0 0 0.88226575870793156 176 380 179 238 125 525 123 514 124 475 177 210 138 294 126 371 137 275 124 406 125 398 129 240 139 276 127 334 123 453 140 287 128 293 130 91 130 164 173 390 174 312 168 295 178 199 132 123 141 334 142 350 134 76 134 108 133 133 161 180 135 161 136 256
9234 -1.8791451060753575 0.55179936226478821 6.8043935969482936 98 103 119 0.53200049738264632 127 587 129 427 137 399 172 504 140 436 130 372 168 293 166 418 165 551 163 614 164 390 165 583 166 453 141 498 132 284 161 177
4048 -2.2412152536188823 0.72425365679865372 6.5212291689164283 228 228 228 0.50711022917617443 44 352 51 771 46 353 47 547 48 442 45 347 42 342 43 235 184 381 183 364 182 347 40 276 41 244 181 310 178 333 180 296 179 340 177 341 176 476 173 544 174 400 172 559 49 673 185 383 171 295 168 351 168 352 166 479
14321 -2.2975352652366339 0.66036729905134206 6.491863216990442 228 228 228 1.0078390018333026 131 355 141 441 122 524 137 314 144 417 123 581 142 430 131 410 143 431
9523 -4.1925579892185514 2.9441859998254425 5.0369727953334804 64 67 78 1.0146058747625513 142 212 140 92 140 138 123 272 124 238 117 99 124 105 116 112 141 206 118 202 138 126 144 307 144 352
14610 2.8896932466609133 -0.19302519233154711 -1.1258462714630302 0 0 0 1.5691761940099545 83 301 86 354
9549 -2.2489357840662509 1.4121277119239626 6.4217152699424904 86 80 77 1.4651462066330063 124 64 179 62 128 105 178 14 133 22 136 10
14636 4.3204262864227987 -0.3699654372109526 -1.6312437973437424 231 231 231 2.1111052175334617 78 773 92 557 95 346
9815 -2.7493346997903179 0.033065020181459834 6.3277759931531774 92 97 112 1.4992199819096876 45 205 46 204 47 344 48 269 42 243 47 280 40 187 41 152 141 307 46 139 43 165 40 209 183 113 184 218 49 480 142 325 124 149 125 307 51 585 186 177 142 213 144 353 186 64 123 190
9816 -2.2416826867915294 1.1088721556961894 6.494634736926634 0 0 0 0.64971048441317869 142 291 177 64
9842 5.4497453845190229 0.4242133941923299 -0.7761928842358351 0 0 0 1.7156383339176091 76 177 77 162 80 96 83 89
9852 4.3837341831134404 0.55039578397893019 -2.1749188285930345 0 0 0 1.4392316097811308 80 293 83 261
14939 -3.4736845630624846 3.7337770345383823 5.5836142349290983 0 0 0 1.2423601852877457 116 177 117 177 119 310 120 271 121 357 122 417 123 369 138 299 139 366 140 226 125 528 124 472 123 511 140 337 138 339 123 214 119 382 139 146 114 133 142 349 141 333 115 157 113 136 141 107 142 114 113 88 112 81 144 147
9858 3.0822162219343401 -0.11320029615757023 -1.2990210495270798 0 0 0 0.59708547190649208 85 179 86 319
14945 3.3071213714121033 -0.39791517755504452 -1.2208883732557541 10 10 10 0.0080408743091894344 93 19 98 40
9956 -2.3866374153216521 0.8211889268644873 6.4208310838192695 0 0 0 0.37759929640631523 42 183 184 176 183 156
15043 3.8502009369054813 -0.30818872367417538 -1.7735918231912817 74 78 90 0.39757715954584966 98 17 100 11 102 13
10467 -2.4000964609459436 0.83881982464542337 6.4410844031535772 0 0 0 0.4770884124398449 45 109 49 358 42 38 181 77
15554 -2.5924064690121718 -3.190780046946577 -0.38269706080508797 130 130 130 1.3293626950757162 12 633 13 494 7 576 16 451 6 765 15 417 17 443 5 918 8 1084 3 985
10469 -2.418381037036764 0.82890116134080194 6.4000961758511847 228 228 228 0.38405277817371325 46 220 49 515 43 138 183 211 42 178 185 215 186 153
10472 -2.2463072089148275 1.5838762275894043 6.5499379861938634 17 18 21 1.9309332613511949 46 68 45 190 48 186 184 84 183 64 132 41 41 52 182 87 177 68 179 64 43 49 181 82 130 97 129 149 138 107 125 229 137 90 126 302 123 455 129 251 139 149 141 291 134 41 133 74 127 340 135 72
10517 -0.37965583722062235 -0.92304910222239023 4.8007686836464645 8 9 11 0.34672959388205093 169 358 170 158 171 150 168 122
15604 4.3294308369229402 0.53382694808035758 3.3879988800446075 143 143 143 1.2515352563914766 160 142 157 84 162 107 156 107 155 129 154 121
10520 -0.42928624186424708 -0.85172518565795885 5.0611186121636234 1 3 8 0.23577162972722521 169 360 172 465 170 165 171 159 168 130 167 156 166 223
10580 -0.61642003537486756 -0.4343129288152271 6.6114190113210851 5 5 5 2.1168357722672337 168 390 167 419 167 434 166 503 166 516 165 613 165 637 171 356 163 669 170 345 164 421 170 326 172 621 161 215 161 251
15667 4.2567045881413197 0.46986280174061995 3.1474423421576021 143 143 143 1.150406792347052 157 78 162 101 154 51 155 30
5394 3.231216767292139 -0.24888920046518773 -1.0802947843079096 130 130 130 0.18497806170818554 85 295 86 322 87 346 82 287
10581 -0.93317308621397932 3.9266409075049711 2.1196506098033732 80 84 97 0.57415866390850845 169 500 170 328 168 382 172 606 167 422 166 486 165 617 173 591
15668 4.2845680294413144 0.50207506169791916 3.1126478021324253 143 143 143 1.5928253908162482 157 79 162 102 156 100 155 118 154 54
5395 3.231216767292139 -0.24888920046518773 -1.0802947843079096 130 130 130 0.18497806170818554 85 296 86 323 87 347 82 288
10595 -2.4738689925733635 0.47421012027159576 6.4116003525498355 228 228 228 0.51433562859754167 172 617 173 598 169 492 170 340 181 350 178 360 180 331 179 377 177 400 176 498 175 454 174 456 171 350 167 427 168 401
5409 2.9101992545313293 -0.053987663663087722 -1.041376165392101 130 130 130 0.018800507505164404 84 208 87 379
15682 -0.86562574593616315 0.5375911050139589 6.3404734345174054 95 100 115 1.898845192471758 161 20 162 11 158 7 164 31 155 6
386 2.1935494991970113 -0.72112623841603252 3.8538288860291932 23 31 50 0.66856494705963865 58 499 59 296 62 289 60 296 57 286
10659 -0.0060571438839532978 3.3089250291664407 3.4842916032752291 59 62 72 1.4465667655274381 170 217 171 210 168 280 165 532 163 591 161 206 153 147 164 386 154 160 152 146 151 85
489 2.2273972409867926 -1.2581310963296735 3.8234662993778556 93 96 101 0.43041024909390085 58 1114 59 703 62 833 60 723 57 633 55 933 54 809
10762 1.2590176639044126 -0.43759785978226429 3.8261934812647334 123 123 123 0.40925807624739974 170 73 168 43 167 104 168 160 166 130 165 49 166 34 163 41
494 2.207113037551709 -0.70850819960666755 3.8438617648476932 53 58 69 1.0343892629914386 58 1162 59 729 62 871 60 887 57 811 55 975 54 988 206 208
10767 1.4280323940503516 -0.32082408177795557 3.8848399179827884 83 85 90 0.14914981731294016 170 115 168 167 167 198 166 266 165 181 163 301 161 74
548 2.236503756500571 -1.2933627299170403 3.8192762086691823 124 124 124 0.58338361327783561 58 1417 59 890 62 1074 60 1092 57 946 55 1161 54 1177 206 573
10821 1.1400453513946791 -0.62819633268706865 3.5963410742729818 122 122 122 0.13223170375410229 168 148 167 88 166 109
10871 0.98499379647097518 -0.84192053803649036 3.1980248080001501 99 101 105 0.064189491401131754 167 76 166 86 165 3
10916 1.7401650853697372 -0.35517535369337078 3.4244064995073926 124 124 124 0.38766637454582487 167 336 166 389 165 510 163 569 164 270 161 116 160 89 159 36 157 27 162 47 158 25 156 0 155 2 154 1
763 2.6463251053025516 -0.73746461975335864 3.5044048792664091 12 90 38 0.50476804092302963 59 484 63 368 64 268 60 244 57 233 61 440 54 643
11036 1.7659495521556676 -0.36766944081050545 3.3357087238480094 92 110 96 0.18603709006983471 166 487 165 619 163 675 164 404 161 220 160 165 157 123 154 192
832 1.5939700050853209 -0.3947640578882618 4.3501071996972129 107 113 120 1.0539893280108936 58 543 62 390 60 385 57 357 53 305 55 422 50 366 52 524 54 413
11105 -0.64741017257800304 3.9124787355184809 2.3775518978100063 75 79 92 0.64308740442623613 169 206 163 335 173 267 164 204 161 154 154 141 152 70 151 73
11140 -1.1033739373670797 4.9127199366961856 1.9481411686888122 75 79 91 0.8482636759523654 155 229 153 300 152 300 151 373
876 2.8219038166642965 -0.71523416781899818 3.3639875918482045 7 49 42 1.56820103574204 58 819 60 522 54 642
11149 -1.3796847668020562 4.7123915733556849 1.7008251848340046 231 231 231 0.33233857094926467 167 333 163 622 156 136
1058 2.248447362960273 -0.70404908647196485 3.7975133758935931 60 63 72 0.6181551056484057 59 726 62 870 60 884 57 808 54 991
11331 -1.9100777624180261 -0.85888037160967245 7.0368178007352267 74 78 89 1.8063817439604868 174 231 172 379 168 211 177 169 180 121
11343 5.3778706110153101 0.38341465751047116 -0.80867079350667914 130 130 130 0.58142450268345547 82 673 7 243 8 425 6 388 73 535 74 638 4 396 3 376 12 281 5 494
1070 2.1049860239594298 -0.34481217898524325 3.9278831940655912 124 124 124 0.88836119046204731 58 1178 59 795 62 887 60 904 59 734 57 822 55 983 53 874 61 749 54 1011
11356 4.0505430088426877 1.5866454196870559 -2.5175480230132288 130 130 130 0.40829108624873817 1 667 2 667 7 391 10 404 6 442 9 475 4 625 3 415 14 234 13 314 205 491 8 649 12 334 15 267 16 318 11 237 5 377 81 610 208 1252
11364 4.0062966416033214 1.6620656045382964 -2.4301055579397186 130 130 130 0.47987264889506764 1 753 2 753 7 486 10 553 6 593 9 675 4 865 3 793 14 381 13 383 205 781 8 876 15 327 16 376 11 384 5 749
1091 2.2091221689540887 -1.5373044305400179 3.8362782233814108 12 90 38 1.2156414420626001 58 1209 62 1008 60 946 57 851 55 1012 54 1046 206 120
1102 2.3784823622833788 -1.2933639836121418 3.7041601073356278 62 65 74 0.74265206589801491 58 1250 59 771 62 941 60 967 57 869 61 732 54 1080
11375 4.3560033586839575 1.3863685124183847 -2.3253760389036264 1 1 1 1.2370990056413038 1 772 2 772 7 546 10 695 6 720 9 790 4 1029 3 932 12 601 205 956 11 448 13 462 5 860
1135 2.2142854884847307 -0.16120753958090264 3.8693369595637348 124 124 124 1.1964862017240703 59 799 63 634 60 1014 57 913
11408 4.9754660592361653 1.2577954842521091 -2.2647273276811002 130 130 130 0.94021050798979078 1 699 2 699 10 654 6 709 9 715 12 554 8 939 3 775 4 936 5 791
1153 1.8028689797112558 -1.3742427987438992 4.1685812135950977 124 124 124 0.83749320026246732 58 1365 62 1034 60 1050 57 954 55 1115 53 980
11426 2.922770157965433 -0.071680143491637524 -1.0398539619220759 0 0 0 0.46783667490115527 82 577 86 574 84 439 86 523
1450 1.7352942837433156 -1.7125170265615688 4.2158873110652637 12 90 38 0.57954434081792083 60 1033 57 932 58 1321 55 1083
11723 5.1562125658705167 1.0899530058974354 -2.2731519238955475 130 130 130 2.048493569215958 1 736 2 736 6 634 4 927 9 707 10 585
1583 2.1486303814107677 -0.18629681065025208 3.9013501006763502 122 122 122 0.86846251877476355 58 892 55 730 53 617 54 422
11856 0.47460601249396561 -1.4808200263072495 -1.1660632389158871 0 0 0 0.46439191540024122 6 105 10 214 9 262 205 278 8 414 5 191
12062 -0.86393679762134912 1.1548590296882508 1.6367529864164869 0 0 0 0.095782424559017296 139 120 137 133 122 304
12140 -4.2302368935330605 3.471003655267606 5.479810252196712 64 68 78 1.3775714091906268 120 459 140 422 139 562 138 490 119 499 123 616 124 613 121 413 118 453 117 374 140 481 124 505 116 331 122 557 114 256
12352 -3.4618113924102243 2.7344845107910549 3.9127249479345387 228 228 228 1.2283584431872328 175 421 176 485 174 417 177 375 180 328 178 353 179 356 181 348
12367 -2.3439361126594886 -0.92122175599975642 6.5847233867952077 161 161 161 0.96000146385280893 51 467 180 94 178 27 179 34 175 112 176 88 174 116 175 148 51 393 173 346
12372 0.17860646258674248 0.043711585089160683 6.4240394434631938 4 15 33 0.93969874264207942 165 514 164 324 160 92 158 63 154 143 157 95 159 80 161 120 162 125 163 571 166 429 167 335 168 265 170 206 171 237 172 566 173 515 174 403 175 415 176 478 177 366 160 122 168 334 169 440 169 373 47 549
12373 -2.2694507807838842 1.1830305593782906 6.5673463313740754 99 104 120 0.99701280995972408 185 11 183 12 180 12 185 194 183 59 41 122 130 37
12374 -1.7262936379734026 1.6320883859636806 5.8943308138596588 48 51 59 1.2493566775518679 176 240 175 167 173 306 174 139 168 76 169 235 170 109 171 108 172 338 177 222 176 352 175 286 174 272 180 183 178 207
2156 2.8078262034510804 -1.4529913201509568 3.3181431939604735 40 94 55 0.59484710736172308 59 25 63 83 61 32
2416 0.34248985548426003 -1.4200945296048759 5.1394300495661236 4 25 9 0.76862962867321005 53 485 55 585 52 422 50 331 51 360 49 348
12689 5.7156332680683253 0.094081819207020384 -0.26422458647738817 0 0 0 0.94498209089095753 72 285 77 624 78 665 75 692 74 552 10 343 9 14 9 427 7 242 8 592 4 585 79 645 80 617 5 200 73 468
12835 5.8652496711706963 0.23285745986926634 -0.030245262220822029 0 0 0 0.68662161198193772 71 293 77 630 12 309
12941 4.010458667781772 1.6497087338981691 -2.4773316774372662 130 130 130 0.28280594740932202 1 469 2 469 8 89 16 223 11 186
12976 -1.2800436209370485 1.6899060755393778 7.9744430547429488 0 0 0 1.0188883564947795 165 667 168 418 171 358 172 603
2720 0.13667566235610695 -1.6978093247717339 5.315457658254827 21 75 30 0.38810674854140798 52 72 53 55 51 119
12993 4.008963645169791 1.6355520521324685 -2.5434040455175344 0 0 0 0.22751848201146035 1 467 2 467 14 4 13 28
12994 4.008963645169791 1.6355520521324685 -2.5434040455175344 0 0 0 0.22751848201146035 1 468 2 468 14 5 13 29
13049 4.0196241705522411 1.6311580372518246 -2.5073455262169713 0 0 0 0.29921953368901943 1 723 2 723 14 342 15 302 205 655 5 699
13089 -2.3207277976360325 0.80582027449029037 6.4741311274973112 228 228 228 0.52481568625098307 45 68 48 179 49 450 39 110
13097 4.0098775611167268 1.6770635322400711 -2.3894443234262321 130 130 130 0.44321420756114072 1 566 2 566 13 241 15 201
13098 4.0098775611167268 1.6770635322400711 -2.3894443234262321 130 130 130 0.44321420756114072 1 567 2 567 13 242 15 202
13104 5.3473293795234111 0.2809152400672485 -0.97315275682212787 0 0 0 0.14900075899041001 1 220 76 555 2 220
13126 5.7757110257306969 0.59545613047346646 -0.31822216771266032 0 0 0 1.6380562909480418 78 791 75 798 76 723 77 779 79 775 74 686 80 715 81 675 82 758 72 393 73 587
13148 4.0637158891473426 1.5720399522635942 -2.5087061350971687 130 130 130 0.17396955512521939 1 466 2 466 13 151
13172 -2.3571030707663962 0.60508532677860161 6.475079397428452 0 0 0 0.33181113743699536 42 170 46 107 44 183 184 166 185 174
13173 3.2320326663937964 -0.25466961018223294 -1.108668899512526 0 0 0 0.057403198519130658 82 265 87 334
13189 3.9379703778823254 1.7167648080685534 -2.5106350153044481 130 130 130 0.21102358825841641 1 669 2 669 13 320
13287 -2.3743101758622336 1.425445912107868 6.5935096478277773 59 62 72 1.4080332989427253 131 194 139 78 125 131 122 204 119 190 119 319 123 152 130 41 140 75 141 105 129 38 132 67 135 40
13299 -3.8465667335434839 2.6743386207528594 6.4022007453736904 97 102 117 0.7515310643743609 129 371 140 322 138 324 128 426 142 378 141 370 137 315 127 475 126 418 125 510 124 459 123 494 122 462 121 385 120 390 119 417 118 338 139 398 144 412 207 417 143 427 145 415 136 314 117 299
13307 -3.8118251621556016 2.2800255044445392 5.4415707089471423 59 62 72 1.1650273472988497 128 331 144 396 126 216 138 128 125 309 124 242 123 425 117 231 139 180 120 230 140 268 143 459 145 494
13309 -3.247250060243418 0.89702502857973998 6.5218626140663245 0 0 0 1.0069406198669451 128 513 142 504 141 523 140 418 126 525 138 430 129 458 125 618 124 560 127 569 123 612 122 556 119 540 139 522 144 510
13311 -3.4437731894237249 0.7534763375543958 6.499814243788542 0 0 0 1.3555811675315061 128 543 141 574 126 565 125 656 124 608 127 609 123 650 122 636 119 565 123 691 142 557 139 556
13328 -4.0467827629632245 2.2299529293891895 5.6655141897164203 0 0 0 1.0800011436996868 126 135 142 324 140 134 125 196 118 203 124 146 123 187 127 138 120 228
13340 -3.9123482233450484 2.5416642173168471 6.1611865283653229 79 83 96 0.82071259092176563 124 166 141 225 138 96 120 162 137 140 119 259 128 250 125 214 118 220 139 129 124 260 121 180 140 99 121 263 127 293 126 242 142 229 128 150 141 150 144 311 143 336 145 385 136 144 117 159
13342 -3.8118251621556016 2.2800255044445392 5.4415707089471423 59 62 72 1.1650273472988497 124 243 144 397 138 129 123 426 128 332 117 230 125 310 139 181 120 231 126 217 140 269 143 460 145 495
13347 -4.4784234490307622 2.7663645746476497 5.1502545819486025 0 0 0 2.2381451436085489 124 601 141 541 118 413 117 401 116 330 140 445 120 454 125 652 144 532 122 587
13356 -4.0868610402213283 2.259843670581716 5.7075692656441701 98 103 118 1.3557084818858893 123 117 144 347 127 70 117 104 118 87 143 245
13360 -4.1068021267984616 3.217674047113098 5.2145458828632307 113 119 136 0.95405619543086939 123 288 141 316 140 153 119 241 117 149 118 290 121 241 124 254 139 196 122 267 114 166 115 140 142 329 144 402
13381 -4.0786780715640285 2.2772989400004291 5.639684637106642 0 0 0 1.2726096843054622 120 495 121 481 117 422 141 547 118 448 119 534 140 452 122 555 123 608 125 657 124 555 126 566 127 610 128 544 139 517 142 534
13393 -4.0065645095241544 2.2345457260906945 5.2495892421267278 0 0 0 1.5831357568806417 117 148 141 191 139 107 118 124 124 143 125 288 127 59
13427 -4.4881491710538945 2.900269880149807 5.2956168403020758 59 62 72 1.2336759043058378 116 109 141 20 140 87 117 97 119 158 118 121 121 159 124 229 125 302 120 149 122 156 114 71
13428 -4.2332879914325803 3.6676270478182453 5.519540832989291 0 0 0 2.2353313207414276 141 235 142 241 115 51
13430 -4.5907067557196726 3.3588834766394786 5.1765436797125153 98 103 118 1.3738871343656012 116 204 120 151 114 197
13431 -4.1539646311682539 3.6375870567830195 5.6431046741060475 0 0 0 1.3948794641140441 116 277 140 368 117 337 124 517 119 458 118 389 121 383 139 460 123 559 138 382 120 432 122 501 119 413 118 336 122 455 140 324 114 261 207 72 125 361
13432 -4.1572473718714988 3.7488879774157766 5.6541390681828343 84 88 102 1.3496551616955226 116 278 140 432 139 464 138 440 118 390 119 459 120 386 121 420 123 562 124 522 125 628 119 414 122 502 114 262
13441 4.0744417530476902 1.5895627500781329 -2.4835978386417406 0 0 0 0.38010863370172221 15 83 11 91 81 521 81 458
13442 4.0744417530476902 1.5895627500781329 -2.4835978386417406 0 0 0 0.38010863370172221 15 84 11 92 81 520 81 457
13449 -0.91470908113723748 1.1364080335714564 1.6844607540632888 0 0 0 0.0048684777910153873 121 292 118 106
13467 -4.5248114695345425 2.5303318559477805 5.2854120643788987 8 8 8 1.6720002325110304 140 33 142 66 121 12 123 26 117 28 116 21 125 93 120 43 116 20 125 92 126 59 123 101 120 41 121 11 122 40 117 27 118 40 119 29 119 27 143 153
13468 -3.1382161543443394 0.66385930520992642 5.9130584702761881 78 82 95 0.99252917999798085 140 48 142 320 139 8 141 198 123 50 124 27 125 23 126 25 127 13 128 4 144 346 143 417 145 450
13469 -3.9396405155197289 2.2301382042437794 5.2784004995314886 66 70 80 1.8463436189005173 140 89 142 366 141 197 120 152 127 133 143 416 145 492
13470 -4.5906824443703744 2.8163243142546621 5.3261683256973207 0 0 0 1.8649649325927142 140 118 142 404 139 154 121 331 144 435
13471 -3.2510582435212161 0.92046143184690021 6.5212150893118501 90 95 109 0.85831154683489086 140 273 142 412 139 343 138 264 141 363 122 397 123 429 137 243 124 385 125 444 144 448 143 461
13472 -3.1924368194255286 -0.035551255534257503 6.4149187225284381 115 121 138 0.42773308268877042 140 345 142 400 145 481
13473 -3.9002037954749893 2.3473188496276229 5.2874100644831392 0 0 0 1.4253796156842078 140 353 117 334 118 379 120 426 124 499 125 553 138 310 139 442 141 472 123 475 123 548 142 500
13474 -4.3113643408768851 2.2325907724761076 5.6229281919913872 0 0 0 0.82498766252688938 140 470 142 553 141 542 118 474 119 561 121 506 124 604 125 683 123 646 120 521 122 590 126 596 127 651
13486 -3.845306605353398 2.7520312347908233 6.6642394759902661 59 62 72 1.2761655657100999 140 181 142 255 141 248 125 366 139 233 124 289 122 182 126 147 128 286 119 181 136 166 135 160
13488 -4.4979046944084118 2.964902502187559 5.2433560585435908 231 231 231 1.1679508265105909 140 306 116 203 117 213 118 282 121 225 119 227 123 259 125 440 120 223 122 252 124 228 139 172 114 196 207 648
13489 -3.024488068654045 0.64445631173473428 5.9654569449527246 113 119 136 1.9682035839602683 140 354 142 501 141 473 144 507 143 532
13534 -0.51044623211422269 4.3880818278074516 2.9735101178827326 117 123 141 0.87741524544837923 173 583 169 487 170 335 171 346 172 597 168 397 167 447 166 527 165 656 163 710 164 478 161 306 160 240 157 212 158 214 156 248 155 267 153 321 154 294 150 410 152 319 149 417 151 374 146 450 147 514 148 561 174 435
13535 -0.1323928840964535 3.2120574283002408 2.9514103521157735 79 83 95 0.32817897140428126 173 433 169 242 170 118 171 114 172 452 168 171 167 211 166 161 163 360 160 66 159 60 157 38 162 87 156 15 154 12 174 320
13536 -1.4716512657626941 -0.59089778995332365 7.2230269507256972 109 114 131 1.513743897951263 175 268 173 378 174 245 170 174 171 169 46 162 45 166 168 230
13537 0.70916236744938232 0.69965275584311026 7.4280427355637801 54 54 54 1.4852871555184701 177 231 176 363 175 365 164 411 169 338 170 300 172 542 163 682 166 472 167 380 173 522 175 393 161 263 160 175 162 135 156 206 153 238 165 625 174 412 147 524
13540 -0.58762914339623162 4.3642077309688787 2.736120680164063 79 83 95 0.42548003127791573 173 494 174 388 169 379 172 516 171 248 170 249 168 314 167 350 166 440 165 527 163 588 164 383 161 205 157 107 158 101 156 148 155 183 153 140 154 154 150 156 152 229 149 206 151 171 146 238 147 148 148 316
13543 -0.050776383837169189 3.3384412984129224 3.1610055511313107 17 18 21 0.39819007707331155 163 631 165 529 166 442 167 349 168 315 169 417 170 250 171 249 172 518 173 495 164 333 159 108 160 135 161 203 157 102 162 149 158 99 156 142 155 180 153 141 154 209 150 159 152 143 149 209 151 173 146 240 147 150 148 105 174 389
13546 -1.8901004262599643 0.78860828911247083 6.6752950240335913 212 212 212 0.85562458305245603 180 181 178 203 177 214 176 343 175 279 173 396 174 262 172 414 169 309 182 193 124 352 125 401 127 337 129 243 138 221 139 367 137 194 123 382 131 115 130 168 168 241 171 182 166 354 167 284 165 492 164 305 141 288 144 289 183 184 132 129 132 218 134 178 133 135 161 136 135 67 136 177 126 296
13552 -4.0169286688369139 2.4167509306963737 5.888920551410342 0 0 0 0.92955570121700859 128 464 142 503 141 475 140 355 137 341 126 470 125 556 121 412 119 453 118 418 139 444 127 509 138 359 124 501 123 550 122 494 120 429 117 375
13558 0.042747694428016327 3.3504882330608159 3.2474499705618336 59 62 72 0.90667694721073544 173 268 174 199 169 248 170 122 172 363
13561 -1.3481700063150106 -1.1835288713599348 6.7960208568382887 2 6 14 0.88021828924510281 176 309 175 237 173 364 48 270 47 209 47 341 44 171 49 390
13562 -2.7426937521625936 0.020822141564741579 6.2907151704076592 41 43 50 1.4291560459966741 47 279 184 136 181 121 127 52 183 9 184 34 177 11 142 369 141 141 180 29 182 30 124 106 44 111 45 57 48 17 42 102 43 20 41 19 128 197 186 13 51 518 144 351
13565 -3.4401494856587971 -0.1916274044218447 7.5428327844715719 27 29 33 1.0093040745454165 45 0 185 43 46 36 44 25 42 1 41 34 40 22 43 33 183 22 187 37 47 119 49 183
13566 -2.7181045245347479 0.81368457467406941 6.257563303853245 114 114 114 1.5584937745055483 142 456 167 252 131 397 46 287 42 271 138 432 137 385 127 571 43 195 126 526 125 622 128 514 183 310 140 423 122 505 177 298 179 289 181 259 139 447 141 527 168 207 169 265 170 154 171 146 207 678 186 259 40 255 47 494 141 424 144 452 136 348 143 469 49 644
13567 -3.6293179905886093 2.2928542055151317 4.3873231563394421 0 0 0 1.1959669028840942 179 125 175 205 182 234 178 112 181 215 180 92 181 111 182 266 180 216 177 138 184 326 40 246 41 196 186 257 39 196 37 132
13568 -3.6393870521008065 2.2861920146101742 4.4074881595134388 0 0 0 0.56658011246001128 185 153 183 112 184 139 181 65 184 72 40 100 41 78 186 113 183 51 37 46
13578 -3.8273567858117112 2.691853682309242 6.4185423592258264 59 62 72 1.3598570304039788 128 282 142 248 141 241 140 175 126 260 138 173 129 232 125 357 122 296 120 256 119 178 117 173 127 91 138 48 129 85 124 50 141 94 137 7 123 75 140 19 122 122 121 56 120 116 119 38 118 152 125 221 139 72 142 147 141 153 144 229 144 138 143 125 145 343 136 37 117 48
13581 -3.505280910544764 2.698565584814117 3.9410945656380449 0 0 0 0.97849433698359944 181 229 182 275 175 210 176 287 174 205 177 151 179 258 179 147 178 139 179 86 180 110 177 84 180 224 181 129 182 210
13583 -0.49442737371725304 2.8629141115244257 2.4153379997079432 79 83 96 1.0752082051924765 167 332 165 559 164 319 173 577 169 439 170 296 171 302 172 570 167 368 161 148 160 152 159 79 162 123 168 359 174 446
13590 -3.0693127889511143 0.83148292991620465 6.0355410415332091 62 65 75 1.1432932135161622 141 210 123 283 140 141 129 126 119 366 125 204 127 135 139 113 142 372 128 22 122 268 144 398 143 423 145 453
13596 -3.5567292274162328 2.6513368862627211 4.031002424703007 0 0 0 1.2363161018106386 180 320 179 355 178 344 176 469 177 351 175 418 174 390 181 338 182 363
13601 -1.8989864087707862 -1.2563395339165091 7.3129427728961121 7 24 17 1.082522702346256 46 252 47 410 48 319 50 605 49 535 45 277 51 618 52 832 174 227 176 299 177 162 175 122 179 156 179 93
13602 -2.5312042905274654 0.85285678379608321 6.3441555467933801 0 0 0 0.94320632689379724 142 564 144 567 173 538 169 454 170 288 166 474 165 604 44 351 49 686 46 352 47 546 48 441 45 346 42 341 43 250 185 380 184 380 183 361 182 342 40 274 41 242 181 309 176 452 175 406 138 493 129 530 137 437 124 662 127 657 126 603 125 696 139 606 122 675 123 730 128 585 131 502 140 506 177 358 178 330 179 335 180 295 141 579 207 993 186 291 39 221 143 592 136 465 130 457
13623 5.3133740331324564 0.33229667195554968 -0.79734161561047534 0 0 0 0.24737458337162052 2 244 79 367 81 290 1 244
13624 5.3133740331324564 0.33229667195554968 -0.79734161561047534 0 0 0 0.24737458337162052 2 245 79 368 81 291 1 245
3373 2.8463219362672958 -1.4458744781796673 3.3512768940688371 55 59 61 1.6121208018089639 62 1092 54 1227 58 1432
13646 -1.7848802496930034 0.44846891211806705 6.93747141229513 0 0 0 0.72586850748780885 166 419 168 297 173 452
3379 5.4824614520874499 -0.038199523068677244 1.0715591916416931 27 83 39 0.93537472249449405 61 515 63 413 64 200 65 114 66 31 69 86 71 75 75 217 74 43 70 25 68 104 72 54 77 317
13652 -4.1422057159157184 4.6216655454541158 5.0268864597635856 230 230 230 1.2152381975212401 116 211 120 248 122 310 123 437 118 299 119 373 121 269 118 219 117 73 116 118 121 186 123 327 114 88 114 202 115 69 119 273 113 100 112 98 112 161 111 98 110 82 120 110 106 78 107 122 109 40
13655 -3.8303232845141904 4.9253715930034225 4.8565828835302964 8 8 8 0.83642395317031359 116 170 118 235 119 305 120 175 121 291 122 336 117 169 117 114 118 153 114 114 115 72 113 108 112 99 111 107 110 39 109 45 105 138 108 89 106 138 107 111 207 106
13657 -3.7744402776827206 4.9375152156970241 4.7918653780437666 10 10 10 1.0391164100750734 116 251 117 294 118 342 119 426 120 394 122 474 114 205 115 179 112 190 111 195 110 121 106 176 107 160 207 110
13674 -2.3112908769293452 4.3990533544297179 3.2489374181122872 0 0 0 1.6993859062044712 117 353 118 432 116 335 115 219 115 267 120 509 113 248 112 239 111 245 110 168 105 162 120 477 108 140 107 139 207 436
3402 5.0101604209013715 0.01996365085396232 1.5574157020098676 0 0 0 1.1425898207637331 59 913 65 308
13675 -2.3112908769293452 4.3990533544297179 3.2489374181122872 0 0 0 1.6993859062044712 116 336 117 354 118 433 115 220 115 268 120 510 113 249 112 240 111 246 110 169 105 163 120 478 108 141 107 140 207 437
3406 3.3687044323493205 -0.34325276234420826 2.5012174382347236 29 30 30 1.8421624157982979 63 699 61 812 61 791 66 270 68 248 64 536 59 891 62 1040 65 316
13679 -2.0018347932316498 4.4740617482557097 3.2631878461812667 0 0 0 0.26621125465920231 117 317 120 405 207 442 114 223 112 170
13680 -2.029973928383269 4.471919870525797 3.4581272938523822 166 166 166 0.47413817649851131 116 259 117 318 207 444 109 139 105 148 108 122
13682 -2.2002437810240254 0.77434705055914033 6.5416975073853534 0 0 0 1.3703303041622148 129 367 131 274 137 264 123 586 124 397 127 477 128 354 130 224 139 477 140 376 123 445 138 279 126 280 139 261 138 385 141 272 131 101 132 106 141 449 142 435 144 464 141 380 144 372 142 341 134 203 143 438 143 342 135 229 135 337 136 243
3421 3.7652439083352691 -0.37793673550702406 2.1478261186087253 28 28 28 2.001918903160139 63 531 64 389 65 225 65 294 61 731 66 267 68 228 68 246 66 206 68 186 67 120 59 840
13694 -3.977720158267017 4.7112136340471702 5.1645221056970394 231 231 231 1.2869564436587075 122 409 123 443 117 112 116 88 114 43 115 52 112 5 207 539 119 299 120 120
13695 -3.9791953861522806 4.7132397822075704 5.1663856800051651 231 231 231 1.2304411695706046 122 410 123 444 117 166 117 113 116 89 114 44 115 53 112 6 119 300 120 121
13700 -2.4068682576416736 0.95671581068204237 6.7994737504169986 0 0 0 0.76445805979018799 47 563 184 413
3453 3.7150022721120077 -0.22389151497257861 2.3117515470042185 29 30 30 1.6049735566893957 61 878 63 760 64 602 65 369 66 329 68 315 59 969 64 610
13726 -2.376508821760146 0.73369646720516934 6.4301907637065288 0 0 0 1.1663701667713122 122 520 123 578 127 471 128 480 129 416 130 325 131 353 138 326 139 467 141 488 144 461 126 417 140 327 126 489 207 702 143 479 142 338 145 500 135 285 136 362 145 424
13731 -3.6211782939137716 4.0882006528960098 5.3372560735506003 228 228 228 1.0264099940131588 121 429 123 589 117 346 118 398 124 578 139 534 140 438 120 469 112 220 207 713
13761 -2.2684172005324368 0.79109369768934501 6.4913150856766215 0 0 0 0.32077298259839632 122 615 123 669 124 626 125 665 126 573 127 580 128 553 129 495 130 405 131 474 137 420 138 469 139 574 140 462 141 532 142 543 144 518 132 310 207 916 134 306 143 542 145 541 135 408 136 443
3507 4.1094080229749563 -0.22154881018046879 2.0161491802921687 29 30 30 1.2350496861741269 64 510 66 266 68 268 67 156
13780 -1.9581476061229484 4.4905967356475109 3.1709343472504816 166 166 166 1.0425088220289065 116 384 117 481 118 530 207 1010 114 348 115 320 113 312 112 281 111 283 110 211 109 206 105 212 108 171 106 211 107 181
3519 5.2286425421793448 0.035134053435533955 1.3977742596514044 231 231 231 0.087878234230861954 61 47 63 94 68 11
13792 -4.3258068426595662 4.0552677382093263 4.9500711812878659 228 228 228 0.80810724749136187 116 387 117 471 118 516 119 604 120 565 121 548 122 690 123 743 114 340 207 1085
3533 3.3779108896694137 -0.42348311628069946 2.4291797658026222 9 11 14 1.6604636850752188 65 230 68 189
13806 -2.3379571236964432 0.88990072502739215 6.4345445636621728 0 0 0 1.6108644728767547 124 314 125 375 126 273 128 272 142 384 123 344 138 190 139 249 140 197 141 258 131 272 122 573 124 529 125 515 129 421 130 283 137 360 141 492 142 434 144 421 207 710 132 97 207 100 134 96 143 481 145 466 135 141 136 242 136 367 139 473 134 249
3541 4.3576957752471221 -1.4019617239635012 1.3847615212475541 141 141 141 1.3728136414666772 68 253 67 172 69 249 72 372 73 576 71 335 70 304 66 277
13814 -1.3275514572605307 1.0838424752882692 2.0351090795515225 8 8 8 0.087136845964466261 141 32 114 1
3546 4.4006596145945034 -1.4414056632884933 1.3281001867068454 140 140 140 1.5305202305281167 68 279 67 168 69 245 71 353 70 316 66 297
13819 -4.0729736139098822 3.8714221263885027 5.1701940422209987 0 0 0 0.27861118558054243 120 62 114 38
3549 4.5256268620072042 -1.3671043317209153 1.2944345240526172 140 140 140 0.17254334111512926 66 300 68 282 69 248 67 171 71 333 70 303
13822 -3.677691219610582 4.9787682222554857 4.7427507675747682 231 231 231 1.6535624655458534 116 59 117 46 118 60 119 314 120 177 122 198 114 45 118 239 115 11 113 110 112 55 112 101 111 16 110 10 110 40 105 123 106 85 111 59 107 91
3550 4.4010657158093398 -1.3824095500048033 1.3480161227288328 0 0 0 0.37360349572748824 67 173 69 250 73 554 70 305 66 301 68 283 72 373
13823 -3.6778223839855184 4.9761583254523405 4.7419226738444671 231 231 231 1.5048137984972834 116 60 117 47 118 61 122 199 114 46 120 178 115 12 113 111 112 56 112 102 111 17 111 60 110 11 110 19 110 41 105 124 106 86 107 92 118 240
13828 -3.591029701898369 5.0305404627720485 4.7741933428761847 229 229 229 1.7408515148284525 116 96 117 115 118 105 114 78 115 33 113 63 122 131 121 76 119 45 112 7 111 3 110 12 109 0 105 31 107 14
3556 4.2967197106980688 -1.3024479851000328 1.4273138784000101 0 0 0 1.1138258490131938 68 309 69 272 72 398 67 197 73 595 70 327 71 366 66 327
13829 -3.5509898272742499 5.0357422353815204 4.7412309975497378 8 8 8 1.2177125251804513 117 49 114 79 115 34 112 57 111 61 116 123 117 174 105 46 109 1 107 33 108 64
3559 5.452739643122257 -0.031713699141076634 1.0895163760833442 31 83 41 0.96177572675088141 61 1 63 56 64 18 67 12 69 17 73 140 71 76 75 219 74 182 70 26 70 133 77 486
13832 -2.9342147521989568 4.335567023006428 2.9300839494043394 75 79 91 1.0983852611767799 117 105 114 83 115 49 112 95 113 99 111 91
13834 -1.6930720006316471 3.3119191287378174 2.7727925294701996 0 0 0 1.5542100326108712 116 98 114 99
3562 5.4900122124243893 -0.03885997427464636 1.0428788317439359 123 123 123 0.68755793002330701 65 166 75 214 75 376 70 173 67 29 69 112 71 72 72 53 76 271 77 315
13835 -2.2065984247786545 0.78031961871696986 6.538585287702209 0 0 0 0.47403309388034809 48 125 182 81 185 91
13837 -1.9130875932895819 4.4977868071293496 3.2830194807058937 166 166 166 1.1111608826986854 120 185 114 101 115 164 117 276 113 195 110 71 105 105 108 95
13838 -1.9130868296021566 4.4984954652041935 3.2829150337983761 166 166 166 1.0567929046384197 120 186 114 102 120 287 115 165 117 277 113 196 110 70 105 104 108 94
13841 -4.738164437125846 3.2926717865666237 5.1555498345455595 231 231 231 1.036067025133782 125 115 114 106 141 190
3570 4.3971165163553776 -1.370671312934848 1.3743503545840565 0 0 0 0.47527667497816944 66 183 67 65 69 144 70 210
13843 -4.016588479064481 4.2353315061254735 5.0907931635658166 228 228 228 0.37810269842249272 116 162 120 247 122 306 123 324 114 112 113 105
13844 -4.0176678661574634 4.2367851407989816 5.0921186538158283 228 228 228 0.39859910979749591 116 163 120 246 122 305 114 113 120 165 113 106
13845 -4.0623870398056647 3.8210691283207767 5.7184920157239603 0 0 0 1.549648944265668 116 169 125 388 138 205 140 192 121 271 123 321 139 353 118 221 119 272 124 392 122 465 123 499
13846 -3.8027544916335403 4.4874562126937372 5.1330586909040443 228 228 228 0.69345235044574782 117 171 120 262 122 412 123 359 114 117 115 78 118 99
13847 -3.8313100394099893 4.517560233697445 5.1670020782731561 228 228 228 1.3555458248634646 117 172 120 263 123 358 114 118 122 411 118 340 121 390 115 79 118 100 111 175
3575 5.9997263044702258 0.048558084213455005 0.68092939487852089 123 123 123 0.9272861340236398 65 160 76 446 67 71
13848 -3.7432044650363019 4.0228549898168104 5.2587476695042055 0 0 0 0.73562003124349873 119 294 114 119 122 323 115 80 123 341 124 337 112 151 121 279 118 232
3576 4.373918524339512 -1.4306064814972008 1.3606675255040714 0 0 0 0.68531554085829516 67 85 69 165 73 454 71 215 72 205 70 229 66 221
13849 -3.7418150138663413 4.0212057751898493 5.2574516888714431 0 0 0 0.70853549140257521 119 295 121 280 114 120 118 233 115 81 112 152 122 324
3578 4.2700089061705127 -1.2876533420362966 1.4576398729781428 0 0 0 0.1701226700754313 66 194 67 92
13851 -2.9456156154103055 5.1690032199035691 3.9986148142332731 231 231 231 1.1820421528279765 121 298 114 125 113 117 105 109 107 75
13855 -2.3323577111263001 4.3922247121187459 3.2462131774580252 0 0 0 0.66053587807963854 118 250 114 130 115 94
13856 -3.4919649336880787 3.824699525333882 5.5834291385403647 0 0 0 0.56516178839208742 123 370 124 348 114 131
13863 -1.7283090550503457 4.6266020731755964 2.7912386676690604 231 231 231 1.335692660682871 117 200 116 193 106 58 107 61 114 139
13864 -0.88608386141767692 1.1710906353002297 1.6710152382928811 0 0 0 0.0010671800903235158 123 601 124 414
3593 4.4204743623632581 -1.4947020818694607 1.321423801444956 140 140 140 1.2670583369291661 67 163 69 237 71 350 73 574 70 315 68 274 72 385
13866 -1.9276477836514307 4.5147686735537622 3.2758302805535857 0 0 0 0.5937206216357237 116 129 120 136 115 114
3597 4.4677565025261785 -1.4777263847067015 1.2908707052709623 0 0 0 0.54487881930407689 67 167 69 242 73 546 71 329 70 299 68 278 72 369
13870 -2.4035528712128338 0.82276472961947156 6.4612080524212274 0 0 0 2.236174161709982 40 66 48 178 42 115
3601 4.4681431229915773 -1.3233783233125098 1.3549593004137253 141 141 141 0.29041014950166744 68 296 67 185 69 262 72 374 73 578 71 354 70 320
13874 -4.9266857710235472 3.8988684316791593 4.7979560682992863 231 231 231 1.2707197305031843 122 243 114 155 118 274 121 329 115 171
3602 4.4681431229915773 -1.3233783233125098 1.3549593004137253 141 141 141 0.29041014950166744 68 297 67 186 69 263 72 375 73 579 71 355 70 321
13875 -4.9178879610834496 3.8911710860445923 4.7912860245996169 231 231 231 0.90012237266617245 122 244 114 156
3603 4.4775847234197137 -1.5363679917264152 1.2794841071430061 0 0 0 0.84936654727143712 67 195 69 270 73 589 71 361 70 323 68 305 72 394
13876 -4.6370934494126654 3.3054090021880569 4.8872670513468774 94 99 114 1.2733619320142706 116 201 118 184 119 210 120 209 121 216 122 237 123 248 124 220 139 167 114 157 115 173
3604 4.1655806669010946 -0.1626294439668555 2.0261241924289748 29 30 30 0.92478178007798284 64 599 68 313 67 199
13877 -4.6752368846825343 2.9297324200492336 5.3194559574643012 231 231 231 1.1636942634062877 119 155 124 212 125 282 140 119 114 158 120 87
3605 4.310536193493931 -1.4776433831951492 1.3664300665619855 0 0 0 0.93040082658026457 68 320 67 202 69 275 71 370 70 330
13878 -4.4380850413891277 4.1180306577554182 4.9200852862008722 228 228 228 1.1944156819892626 117 221 114 162 115 135 116 153 113 157 123 483 119 410 118 205 121 382 120 382
13879 -4.3706470651486944 3.3211696284330938 5.3682699269446861 66 70 81 1.0057956014444436 140 277 114 163 118 289 122 392 123 479
13881 -4.270592804487344 4.1554428140654096 4.9772492673277311 0 0 0 0.49320233692802851 119 252 121 346 114 165 118 212 123 298 115 137 113 178 111 168 109 116
13883 -3.9319823593515824 4.376186397204668 5.1141182118411876 0 0 0 1.043918349467527 116 212 119 375 121 275 123 337 114 168 122 320 115 176 120 388 113 181 111 156 110 86 109 103 108 134 106 97
3611 5.4263125870805569 -0.0570355756425786 1.0893804543412042 10 12 14 1.0035578067140798 73 139 75 382 74 181 70 132 69 15 65 37 72 55 76 272
13884 -3.9270430757740264 4.3709002966101895 5.1083014230573633 0 0 0 0.70653751212635207 116 213 119 376 121 276 114 169 122 321 123 338 115 177 113 182 111 157 110 87 109 104
3612 5.5104398324971315 0.010469593003022405 1.0595009865024951 118 119 120 1.5960435671370228 61 10 69 18 71 20 77 318 76 186 75 68 71 19 77 174 72 24 76 100
13885 5.9531233419493219 0.26067866854843696 0.1228699995027242 0 0 0 0.95628719116440675 71 245 76 448 7 21 74 406 73 310 75 509 78 433
13891 -2.8160756070058564 3.9419142653022168 4.9715107462403223 60 64 74 0.82227687696387275 116 221 117 253 118 251 119 387 120 353 121 358 122 476 123 516 124 477 139 420 114 177 115 188 113 199 140 339 112 184
13893 -1.8795199667883717 4.506093197675801 3.3237535367842796 166 166 166 0.80546803132738631 116 231 118 364 120 365 114 184 117 324 115 193 112 177
13898 -4.5882715323263259 3.280929742172118 4.9177423836770169 82 86 99 1.0435434670709436 116 202 117 208 118 276 119 348 120 307 121 333 122 377 123 412 140 299 114 194 124 436 139 382 115 200
3628 4.3733176040669912 -1.4306202123245952 1.3601291087796417 0 0 0 0.74554377006145589 67 86 69 166 73 453 71 216 72 204 70 230
13901 -4.1745466197807417 4.1313597143499221 5.0340641950480638 228 228 228 0.84709066249665932 117 291 120 384 121 349 114 200 115 142 111 170 109 129
3629 6.3236684044940379 0.14547195229598803 0.52231215162809963 6 20 42 0.61596500758801409 67 96 69 173 75 559 74 477 71 238 70 242 72 226 73 394 78 546 79 536
13902 4.331848121190097 -1.3294149474710513 1.4018481090898529 141 141 141 1.3179447453032334 72 309 73 459 70 269
3630 4.5782233116669415 -1.5278142859163215 1.1912804945982447 0 0 0 1.0379620972490775 67 125 69 199 70 264 73 487
13903 -4.0145523209198339 4.6944196777392486 5.1406081715353684 100 105 120 1.034138665351269 116 166 117 162 118 230 120 257 114 203 115 149
13905 -2.4814868611841496 4.3752166901401628 3.1572009249450934 166 166 166 1.1245647510007724 116 283 117 347 114 209 112 193 111 188
13911 -2.1033511802990343 4.4507236571202355 3.2587831288449527 166 166 166 0.85023355158924474 116 294 114 219 117 389 120 480 115 227 113 253 112 222 111 229 110 154 108 114 106 146 106 154
3641 4.3460580189044595 -1.547831784216968 1.3563377955465621 0 0 0 0.33897560836478574 67 201 69 274 70 329
13914 -1.967666238195898 4.4764801637370129 3.2990444565472519 0 0 0 0.40926614641142361 117 273 114 225 115 185 112 174
13915 -1.967666238195898 4.4764801637370129 3.2990444565472519 0 0 0 0.40926614641142361 117 274 114 226 115 186 112 173
3643 -1.7984120890688999 -1.178333297548982 7.2292954135255796 0 0 0 0.33659589883950514 44 11 52 163 45 20 48 8
13916 -2.2354127028941155 0.78247297564871687 6.5077030650494692 0 0 0 1.0247202621322937 142 339 144 370 122 345 123 440 129 222 141 270 134 67 134 161 135 227
3644 -1.659623814855147 -1.1785762877358426 7.0977560543937317 0 0 0 0.72289566776425851 44 12 52 174 51 305 50 162 45 22 175 21 53 516 169 38
13917 -2.2362077460607743 0.78215255232557457 6.514106609266566 0 0 0 0.96604466245438525 142 340 144 371 122 346 123 441 129 221 134 66 141 271 135 226
13919 -4.8026795645489084 3.3330659420480342 5.20493231593092 231 231 231 2.0151635054317416 139 438 114 232 124 437 122 378 123 471 119 352 121 335 117 139 120 215 115 201 116 108 118 192
13920 -4.6705546537566125 3.307766656314894 5.3569418239750926 98 103 118 0.88763093964652329 117 214 118 323 121 341 122 386 123 422 125 497 138 311 140 310 114 235 124 448
13921 -4.4838737273571949 3.4611863281151845 5.3619351562451492 89 94 108 1.2651918949206686 116 244 118 329 119 236 120 380 122 390 123 477 124 451 125 501 139 344 114 236 117 217 121 236 140 274 115 207
3650 -1.9421632914069871 -1.1611107529242342 7.3654021133271108 9 9 9 1.1530439462701993 44 110 52 594 50 425 49 300 46 82 42 144
13923 -3.9006335231326772 4.3201598829626029 5.0748661914983924 0 0 0 0.77761107670408258 116 279 117 338 118 391 122 515 123 626 114 241 120 437 119 509 113 208
13925 -3.8283772772407803 4.49314913227545 5.158456460313392 228 228 228 0.8210119270616606 118 339 120 439 122 522 114 243 121 389 121 426 113 214 111 222
13926 -3.8251573552873697 4.4868242865227694 5.1536016716135444 228 228 228 0.75960582432320278 122 521 114 244 120 440 121 425 113 215 111 223
13927 -3.4771932614316805 3.6729839787933143 5.512959613510878 100 105 121 0.66807602558257018 116 285 114 245 115 221 113 220
3656 -1.9679125745561399 -0.96665505170070054 7.086947958338901 5 5 5 1.0759171648155668 44 158 51 623 49 539 45 138 46 202 48 202 42 209
3657 -1.7119156085082048 -1.2456874689470907 7.1498872141708514 0 0 0 1.287587076746056 44 159 52 402 51 487 50 501 49 299 50 305 46 87 48 86 45 56
13930 -2.7660575897890824 4.0771409881811342 4.9514547552994967 92 97 112 1.1128017022175751 116 297 117 385 118 435 119 481 124 587 139 541 114 247 122 579
13931 -2.7812698172037509 4.0353107488303479 5.0271998913344698 82 86 99 0.96152912411841496 117 360 119 480 121 432 114 248
13933 -4.3929701836419994 3.3329909259344395 5.1175658425134243 59 62 72 0.89242253160400364 116 319 117 373 118 378 119 450 120 425 122 492 125 617 139 521 140 416 114 254 115 259
13934 -4.0401262387284529 4.0323998205771439 5.1300612738106119 0 0 0 1.3777095528605685 116 275 118 387 119 463 121 419 122 561 139 530 114 257 115 174 116 209 117 243 120 346 139 350 118 296 113 240 112 213 111 171 111 192 110 149
13935 -4.0401262387284529 4.0323998205771439 5.1300612738106119 0 0 0 1.3777095528605683 116 276 118 388 119 462 121 418 122 560 139 529 114 258 120 347 116 210 117 244 118 295 139 349 115 175 113 241 112 214 111 172 111 193 110 150
13936 -4.0250216994587653 4.2070909942124119 5.0947791614261577 228 228 228 0.8351657298680677 116 323 117 378 119 503 121 450 122 563 114 259 111 241 110 166 109 169 108 144 106 192
13937 -2.0070785958778563 4.4754015125713558 2.9575405261186218 0 0 0 0.96182262886973657 117 386 114 270 116 290 115 224 113 185 118 403 110 125 105 160 108 130 106 171 111 224
13943 -5.0950713436859179 3.819997289228001 4.8743376299178323 59 62 72 1.3442173216981776 116 313 117 368 118 411 119 525 120 452 121 438 122 584 123 643 114 282 115 258 113 277 112 245 207 796
13948 -2.3480293053916852 0.66157696693349488 6.4683758615206699 0 0 0 0.5248559420411929 172 555 177 361 179 337 182 344 43 251 45 344 46 350 47 544 48 439 166 477 167 390 168 349 169 460 170 289 173 539 174 398 175 407 178 331 183 362 163 663
13950 -2.0864720450065177 4.4583493725314929 2.8033151111900843 165 165 165 0.58661140006622037 117 437 114 309 108 139 106 187
13952 -1.9698530851604332 4.4852563695068364 3.2655695755753036 0 0 0 0.38213553144666473 116 362 117 443 118 493 120 556 114 311 115 289 113 286 112 257 111 256 110 187 109 177 108 156
3680 -2.5674244520415788 -0.20129702746715836 6.5011493076573581 62 66 76 0.43403857058590861 44 219 51 516 49 395 46 137 45 140 48 206 182 76 41 156 43 70 184 143 185 213
13953 -1.9695706606534047 4.4823157556607951 3.2648742815831922 0 0 0 0.37873852243774137 116 363 117 444 120 557 114 312 115 290 113 287 112 258 110 188 109 178 106 202 107 174
13954 -1.9070091023586313 4.4974885111848426 3.2089099574783377 166 166 166 0.84817938192916575 116 364 117 445 118 511 120 558 114 315 115 293 113 302 112 272 111 258 110 189 109 179 105 198 108 160 106 200 107 165
13957 -5.0063344215498322 3.4599591496494777 5.2847552188762013 231 231 231 1.0799218401058879 116 347 117 417 118 472 119 559 120 520 121 505 122 630 123 682 114 326 207 980 140 502
3685 -2.4235651740689423 -0.73537892771415936 6.6282737681182597 5 5 5 0.80736196883804401 44 254 51 658 49 533 45 242 47 406 46 244 48 315 42 201 46 196 181 250
13958 -3.9505203506102426 4.2951207822658954 5.134388249849767 0 0 0 1.1530060814841128 116 375 118 499 119 592 121 533 122 674 123 750 114 329 115 318 113 306 112 279 111 280
13961 -2.0256160673239711 4.4885576274016419 3.6299266072595566 166 166 166 0.79845295607072808 116 367 121 541 207 933 114 338 115 313
13962 -4.9146683008624983 3.7753731877791568 4.7834365346232186 99 104 119 0.823660033491042 116 386 117 468 118 514 119 598 120 561 121 543 122 684 123 739 114 339 207 1036
13963 -4.0799151644423306 3.2197926944510815 5.2598518247204522 111 117 134 0.8913535399967405 139 600 141 577 124 654 115 300 142 579
13964 -4.140541735803569 4.5621743756982971 5.0551968233957503 110 116 133 1.9730446338214342 117 475 118 520 119 610 120 570 121 553 114 342 115 316 113 304 112 277 111 279 110 208
13966 -2.1030109131430836 4.455154045924024 3.3142364408168112 0 0 0 0.89517448653296239 118 358 114 220 116 295 117 390 114 272 115 254 113 254 112 223 111 230 110 129 105 166 106 155 107 151
13967 -2.1030109131430836 4.455154045924024 3.3142364408168112 0 0 0 0.89517448653296239 118 359 114 221 116 296 117 391 114 273 115 255 113 255 112 224 111 231 110 130 105 167 106 156 107 152
13968 -2.9532108931632952 5.1872253568011315 4.0782082256226957 231 231 231 0.8692658469046507 116 179 114 127 117 179 118 248 121 361 114 126
13976 -4.5862426485022763 3.2894412459242317 4.8986991454369191 84 88 102 0.371825277983103 116 22 120 46 115 26
13977 -3.9143637559885196 4.3681301698801089 5.0961592472952022 0 0 0 0.31786263404057186 118 92 115 28
13981 -2.8245852447383526 3.9245968916389926 4.9676688728234435 60 64 74 0.45647979482486667 117 51 120 126 122 134 139 83 115 38 113 70 112 131
13986 -5.2133988924377483 3.8958337256246343 4.9949307143664203 59 62 72 0.35664927741462404 116 137 115 60 118 170 120 195 123 240
3715 -1.8534140267580621 -1.2284934750527834 7.2790800160410081 0 0 0 0.39187699597480041 50 304 46 39 48 84 49 33 44 112 52 149 45 16 177 16
13988 -4.4297195696622236 3.4331258096882435 5.3056516977893029 89 94 108 1.2688580773399438 124 252 125 325 139 124 115 68
3716 -1.4511690182178991 -1.1237814971062146 6.9131649240554616 0 0 0 1.2688703193194202 49 220 51 329 52 446 44 122 45 99 46 94 50 326 53 529 169 48 171 24 173 102
13989 -3.9842786652361601 4.1858734852482824 5.092160888485374 228 228 228 0.43271966068888013 116 164 120 249 121 267 122 307 115 70
13990 -3.9842786652361601 4.1858734852482824 5.092160888485374 228 228 228 0.43271966068888013 120 250 121 268 122 308 115 71 116 165
13992 -3.8593365826615829 4.0904602606757114 5.1924266330243363 228 228 228 0.64744111410631489 118 149 119 282 123 329 124 330 115 76 120 167 117 161
3721 -1.5828518096353257 -1.2217453575894748 7.0348750130677207 0 0 0 0.65024203412180126 44 261 50 505 52 702
13994 -2.9502989137232545 5.0936701471643566 3.9993107795966494 231 231 231 0.92451413013501682 116 215 120 124 115 82 111 116 110 46 106 66
3722 -1.1256824460236146 0.65532036355109302 6.3669513442682222 119 125 143 1.2593726168070174 46 241 129 326 127 486 128 440 139 422 130 294 137 280 126 376 130 243 138 300 125 530 131 295 137 326 138 340 132 188 44 277 133 139 48 309 124 408 140 338 180 204 134 215 135 300
13995 -2.9204279711007022 5.0310528497587725 3.9660805647353077 231 231 231 1.5671775308978291 116 216 120 125 115 83 105 107
3725 -1.4520601117400564 -1.1450385890919386 6.9242741312132168 118 119 119 0.78915782251827371 49 75 46 18 44 55 177 20 53 193
13998 -2.3307735660381335 4.3917936821268757 3.2462529734677563 0 0 0 0.39917509653868966 118 249 115 93
14004 -1.9931212629648039 4.3994302400117 3.2341006193027764 0 0 0 1.5871266691437302 120 181 115 105 107 70
3732 -2.5361143715038152 -0.35567035564685012 6.4669816662648243 114 120 137 0.79940461047902545 44 213 49 382 45 135 48 140 46 79 45 88 42 142 184 35 43 67 183 116
14005 -2.0097560782824235 4.4627485287434432 3.2599355285682661 0 0 0 0.48259477723942457 120 182 115 106 111 131
3733 -2.5361143715038152 -0.35567035564685012 6.4669816662648243 114 120 137 0.79940461047902545 44 214 49 381 46 80 45 136 45 89 48 141 42 143 184 36 43 68 183 117
14006 -1.9790160816723121 4.5539232842514838 3.2462797550481497 0 0 0 0.77486509160894224 114 137 115 107 105 55
14007 -1.9680917490045151 4.4793755529161228 3.3067807136120897 0 0 0 0.31863481529058663 116 192 120 285 115 110 118 265
14008 -1.9682417286242557 4.4824387229231588 3.3082332936688723 0 0 0 0.074892550982210981 118 264 115 111
14009 -2.0283497909075447 4.4624487523915413 3.4653788958693261 166 166 166 0.034470457053152964 114 140 115 112
14014 -2.0329975605170185 4.4628642694359462 3.576055929905789 0 0 0 0.50440155689853428 117 195 118 266 115 119 120 282 113 146
14015 -2.0329975605170185 4.4628642694359462 3.576055929905789 0 0 0 0.50440155689853428 117 196 118 267 115 120 120 283 113 145
14018 -4.7747993061958409 3.7952620536499579 4.5264724819809201 102 107 123 0.38052226970529229 117 128 120 199 115 126
14019 -4.7371381820666771 3.9528868072493788 4.6810635437155712 107 112 129 1.1071912522313887 116 150 117 138 118 193 119 230 120 147 121 224 123 269 115 132 113 95 115 63 112 92 111 89
14022 -4.2301149615413225 3.6906295012686079 5.1157961193344201 228 228 228 1.3098693213011081 119 364 121 173 115 138 124 258 113 179 116 246 112 96
14024 -4.2117008991207481 3.6736333204702083 5.095731984595778 228 228 228 0.91917237603908075 120 342 115 139 119 365 121 174 124 259
14025 -4.0368641148046711 3.8838266642180796 5.0914093871577339 228 228 228 0.31382921535420838 120 242 115 146 116 158 121 260 118 215 122 286
14026 -4.0362665712084729 3.8830653357800005 5.0904018491359153 228 228 228 0.32276104758725882 120 243 115 147 116 159 121 261 122 287 123 309 118 216
14027 -3.5786149593578864 4.9256233716786992 4.7311205295022978 231 231 231 0.0012056096419507242 207 435 115 152
14030 -2.1152870622040254 4.4612340617284136 3.2631417035795613 166 166 166 0.23051853067684258 116 219 115 158 113 163
14032 -2.1152870622040254 4.4612340617284136 3.2631417035795613 166 166 166 0.23051853067684258 116 220 115 159 113 164
14037 -4.9551988732669017 3.9295820382045328 4.8324738868724726 231 231 231 2.5044158746264 121 330 115 172 112 187
14039 -3.6003112502741592 3.9156683247170934 5.6012590566617178 0 0 0 0.47559858898988416 141 456 142 437 112 201 111 208
14042 -5.1046291602694636 3.8865939587372966 4.834705875401446 231 231 231 1.2796164120244593 116 237 120 192 123 526 115 197 118 169 113 203
14045 -3.9874148113430139 4.7190182762332249 5.1389600707397491 231 231 231 1.1198252966749602 121 423 115 213 113 210 110 122 108 116 107 115
3773 -2.9034470684332061 -0.00012133906749680158 6.1492966108351155 121 127 146 0.92596786590650981 46 130 47 271 48 199 44 147 45 8 42 82 185 84 40 93 184 70 186 39 187 136
14046 -3.9845948209805435 4.7137717677421298 5.1348750767644189 231 231 231 1.1839157767332045 121 424 115 214 113 211 110 123 108 117
3777 -1.505747582337406 -1.1794423338634858 6.9633479754098069 0 0 0 0.99298562609185814 46 142 47 276 48 207 50 506 49 387 45 207 51 499 52 706 53 814
14050 -3.4307033969692604 3.7439629218068209 5.536194706165757 107 112 129 1.374776511907764 116 289 117 306 118 307 119 311 115 223 122 339 123 371 124 347
14051 -2.1023606124197078 4.4511605292580168 3.259078722136155 166 166 166 0.58205536930586599 116 293 117 388 120 479 115 226 113 252 112 221 111 228 110 153 108 113 106 153
14053 -2.1055582775046005 4.445934815917945 3.3683092229029969 166 166 166 0.84071027702957113 114 275 118 406 120 448 115 229 113 257 112 227 111 233 110 156 109 157 105 183 106 158
14056 -2.9182039101420347 5.1128783743562867 4.0033547160540737 8 8 8 1.3725250599830738 114 267 116 287 115 252 117 351 118 429 120 474 121 464
14060 -2.9950346020222587 4.6362879320200996 4.6620795136006832 231 231 231 1.5099254284864547 114 269 115 269
14062 -4.0603773497098343 3.9633950456749751 5.1251611444259888 228 228 228 0.52228507103147892 121 490 123 705 124 667 139 609 115 281 113 282 111 272
3791 -2.1947677741305198 0.86681718455911305 6.5301367089951512 228 228 228 0.56770047719920202 46 232 47 398 182 182 49 525 40 193 41 165 181 172 178 190 179 201 176 333
14064 -2.2976654165950063 4.4005969044071449 3.2496416787519444 0 0 0 1.4711932897635216 120 537 115 288 112 250 111 253 110 181 105 196 108 154 109 195 106 190 106 209
14067 -4.5630946251839575 3.2886625414952038 4.9688637376358677 66 70 81 0.65596583909713679 116 318 117 371 118 370 140 414 115 298 119 399 120 416 121 405 122 440 123 538 124 442 139 385
14071 -3.803030242312643 4.9068321660578622 4.8083539290013579 230 230 230 1.3167114778176157 116 91 117 42 118 58 119 127 120 68 122 129 114 42 121 75 115 31 117 40 114 74 113 8 112 3 111 15 110 9 109 15 108 18 106 32 107 31
14074 3.0403999550940584 -0.10321426377168401 -1.2621819940459398 179 179 179 1.8429242050431403 89 38 86 207 88 332 87 353 83 159 85 191 82 168 82 28 87 38
3809 -1.9915483797605034 -0.98374359102661146 7.0288200547210726 231 231 231 1.1157513858667625 46 280 47 450 48 359 49 597 45 278 51 682 42 245
14082 -3.7807822972012146 4.9115410730858837 4.814910059077584 8 8 8 1.2627241919742851 117 44 113 9 116 58 121 140 122 196 112 4 111 58 110 17 105 28 105 62 107 32
3810 -2.6754347667434826 -0.027864598330590282 6.4189207203759091 97 102 117 1.0012903274307947 46 283 47 455 44 287 49 604 45 279 42 298 184 324 183 245 183 307 41 178 43 179 51 691 185 313
14085 -2.0315544356447237 4.4558045700437594 3.5795152578928322 0 0 0 0.33948399548223124 120 75 113 42
14091 -1.9707748517696591 4.4905039176703205 3.3144690279554712 0 0 0 0.80436753133636563 120 284 113 68
14096 -4.0990139438693287 4.1212886180908228 5.0806828327150759 0 0 0 0.41667458103153432 123 314 113 101 124 296 111 101
3826 -1.8407131394270533 -1.0971007126948065 7.2606113306164204 231 231 231 1.1202661574435659 47 510 48 409 49 629 52 902 51 704 42 338 45 319 46 322 50 651
14099 -4.0834211462216832 3.8107741310440635 5.6650253002667998 0 0 0 2.1108601818707196 115 77 142 261 113 112
3827 -0.60695662295122488 -0.84125944309550282 6.05776558826964 0 0 0 2.2286676420938605 51 694 52 891 51 637 47 379 48 290 49 610 46 328
14100 -2.8916478259436889 5.1303971468541727 4.0023928745885637 231 231 231 1.5056467121374748 117 181 113 122
14103 -1.6663649358475774 1.8637289986160621 2.5774527281200399 165 165 165 0.42901232915941578 117 74 113 139
14104 -1.6663649358475774 1.8637289986160621 2.5774527281200399 165 165 165 0.42901232915941578 117 75 113 140
14106 -1.7001203876642568 4.638671501828906 2.8167923813941167 231 231 231 1.1022793183732627 117 201 116 230 108 44 106 60 107 104
14107 -2.5016683060522715 4.4510002883954813 3.5121490514239704 231 231 231 1.3790092039464905 115 92 121 300 112 112 111 176 110 88 109 118
14108 -1.9042527316875666 4.5161934659342551 3.269094163437527 0 0 0 2.0125039509288163 114 142 112 123 105 39
14110 -4.1113862181990397 3.821708055906385 5.1481812726592908 0 0 0 0.70139076936066436 116 156 117 153 123 302 113 159 118 213 120 240 122 282
14111 -4.1113862181990397 3.821708055906385 5.1481812726592908 0 0 0 0.70139076936066436 116 157 117 154 123 301 113 160 118 214 122 281 120 239
14120 -2.0349327243150328 4.4975748001869267 3.4702492822757356 166 166 166 0.44183039969253868 121 397 113 191
14122 -1.8750439953305862 4.5058429533307089 3.2142758106844984 166 166 166 0.079374289764940292 117 322 113 193
14123 -1.8750439953305862 4.5058429533307089 3.2142758106844984 166 166 166 0.079374289764940292 117 323 113 194
14126 -3.6660673914401789 4.1136466906403353 5.4268921949623925 99 104 120 1.9062019427910759 119 304 120 266 121 293 113 218 139 278 123 148 123 362 111 201
14128 4.0637158891473426 1.5720399522635942 -2.5087061350971687 0 0 0 0.17396955512521939 1 465 2 465 13 152
14129 -1.8801853340728822 4.4976971863941761 3.2113016946291348 166 166 166 0.3718380741005573 115 233 113 221 112 204 111 202
14130 -1.8801853340728822 4.4976971863941761 3.2113016946291348 166 166 166 0.3718380741005573 115 234 113 222 112 205 111 203
14131 -2.0343443848311655 4.4708357036196427 3.5642785915221853 0 0 0 0.13880425178477573 115 238 113 225 111 206
14132 -2.0344484217918812 4.4721771087560791 3.5649019141014171 0 0 0 0.1713631103821853 115 237 113 226 111 207 108 126 106 166 107 145
14140 -1.7944532056089872 1.8586308838424759 2.5946521640368498 165 165 165 2.5215950985602147 122 498 113 267
14148 -4.2701463884171256 4.1574699635626589 4.9809005871349115 0 0 0 0.99031277675560736 121 345 114 164 123 487 117 288 113 177 117 150 118 211 115 136 111 167 110 143
14149 -2.0301880911252237 4.473232031104784 3.4419804864102659 166 166 166 1.6388636521757682 114 314 113 289 116 340 117 410 118 437 120 513 114 290 120 540 115 273 113 259 112 230 111 235 111 260 110 171 115 292 109 172 109 184 105 188 106 181 107 156
14155 -1.7973138128109285 0.52215356288604953 7.007807261073066 0 0 0 1.1408041876524875 124 66 182 42 183 62 132 3 127 31 125 61 178 95 128 101 130 93 137 192 139 284 140 289 126 373 144 428 45 227 133 66 49 520 136 45 136 99
14161 -1.8584211622071642 0.58068140734811413 6.9382275744284678 0 0 0 0.74461846660019992 48 75 139 148 132 38 141 109 129 98 123 156
14173 -1.9363372342134244 0.47872498508130368 6.8131810065538385 102 107 123 0.91714054479237339 46 182 48 239 124 343 138 210 132 113
3904 -1.3486132819810248 -1.1166674524327205 6.7161409425799032 0 0 0 0.29096782085197737 45 29 48 33 44 16
14177 -0.84349294206593828 1.1773824674446498 1.6471390527193486 236 236 236 0.00073730551068807554 131 229 132 143
14194 -1.015736502743896 0.71659719577254655 6.2326414954284184 0 0 0 1.2895445979009783 129 434 130 380 137 402 141 566 132 247 124 638 136 422 180 280 135 380
14218 -1.8514971882163764 0.47857878355024042 6.9908210863846882 0 0 0 1.3100390072282408 44 365 46 365 47 555 48 455 45 360 40 284 41 245 42 358 43 253 184 415 183 384 182 357 142 584 181 343 141 599 134 355 49 687 51 769 135 455 136 493
