# 3D point list with one line of data per point:
#   POINT3D_ID, X, Y, Z, R, G, B, ERROR, TRACK[] as (IMAGE_ID, POINT2D_IDX)
# Number of points: 2288, mean track length: 6.8562062937062933
1287 2.7645287616812486 0.68047589297413302 1.5794344558207762 114 117 125 1.9503963120575216 135 318 136 355 137 236 139 155 138 181 140 142 141 110 144 102 143 83
1275 1.7205183449432266 0.5112549625597399 0.97887755318917524 151 157 167 0.11552449169926728 138 52 139 44
1212 2.9876837445327094 1.6295161552816499 2.3078005443911862 160 166 176 1.1379852026836128 121 338 137 455 138 410 147 347
1209 0.043371286139467988 -2.1481326264438474 1.6979956908957965 1 1 2 1.4467723630260598 135 361 137 422 138 444
1207 0.017573006751851066 -0.9049188730783212 1.7571102744620331 41 43 46 0.69313989745175408 106 336 107 347 113 282 105 353
1200 0.99051534856553647 -2.5531345433880315 2.0465752100999137 89 90 95 0.5715036666343527 133 189 134 232 135 267 136 297 137 285 138 325 139 286 140 279
1190 2.5545161749547676 0.46013049646305598 1.6331078946026307 0 0 0 0.084446261058187533 123 141 134 145
1186 -0.068859202194735125 0.39943600870385226 2.0032250734126551 61 61 65 0.2367831561816644 129 148 137 184
1172 3.0559702978769079 0.37626713866396572 2.9914669446122142 50 51 54 1.4590816377663147 119 193 136 322 118 163 137 310 141 260 142 243 144 242 143 244 145 223 146 193 147 213 148 262 149 255 104 89 105 103 103 95 102 79 101 64
1146 4.0005456169627713 -0.32510774273926563 3.4983718653185454 182 189 201 1.596179943308903 132 232 133 281 134 285 135 315 136 316 137 366 141 184 142 181 146 145 147 205 148 225 149 248 150 215 151 227 152 202 153 233 154 219
1109 5.7912135247502823 -3.5550177977831043 7.1931376373050666 103 106 114 1.3468182965714388 118 7 119 47 133 14 134 23 135 66 136 80 121 3 132 20 143 3 145 68 147 40 148 14 150 82 151 15 152 9 104 43 155 4 156 44 157 39
1108 2.2529252985311401 -3.846222426287226 4.3116330750708753 18 18 19 1.251012218610748 119 1 120 59 121 34 122 75 127 90 123 2 123 116 128 9 130 82 132 12 133 44 134 47 135 15 135 188 136 76 136 200 137 74 137 209 142 208 104 8
1107 5.7629758346973947 -4.4141853610262345 6.4600194332822261 0 0 0 1.2223607084407397 106 382 107 396 108 376 115 465 116 433 135 461 109 360 110 335 111 325 112 311 113 327 114 423 136 489 137 481 138 468 139 434 140 426 105 390 141 408 142 369 144 390 143 380 145 358 146 347 104 363
1106 6.4569957204338655 -4.9405585087033534 7.2262016055188933 0 0 0 1.1035728326362271 118 438 135 460 117 473 136 488 137 480 138 467 139 433 140 425 141 407 142 368
1105 -0.37291966186136233 -1.4567713938876086 2.2152087039501458 0 0 0 0.77962544687750046 131 366 132 363 134 460
1104 6.504156860960367 -4.6514656215176959 5.1884690206192099 1 1 1 2.2364298115446739 116 430 115 463 137 477 138 466 139 432 106 354 107 371 140 424 105 375 141 404 142 365
1103 0.095773370329228322 0.44564387741603345 4.9397084120166621 46 46 49 1.7448820282846118 108 385 116 441 118 426 106 393 107 405 109 388 117 466 115 476 105 386 104 334
1102 2.5669239718068093 -0.20756992135295116 3.8006192558677134 17 17 18 1.4453983522309166 131 355 132 349 133 411 134 413 135 446 130 391 136 475 137 445 138 460 139 426 140 417 141 395 142 354 144 380 143 369 145 351 146 341 147 364 148 378 149 387
1101 4.5271864733863882 -2.9158551114574531 7.6918502214020057 39 39 41 1.4600500093518571 116 377 119 426 125 405 135 441 107 351 106 359 105 356 104 351
1100 4.865085400994305 -1.7166712140381415 4.3076323452688978 175 182 194 1.2887441815826299 116 271 117 308 118 312 137 441 138 451 139 392 141 388 142 348 144 374 143 351 115 364 116 345
1098 1.4721818474489874 -1.6996764192847675 0.94703706982352609 114 118 125 1.8223180652404372 132 353 133 421 135 429 136 460
1097 -0.77068970965234074 -1.0338079224492844 2.4965699352312907 48 50 54 1.5103140759372853 133 327 134 361 135 415 136 454 137 463 138 469
1096 6.5031508502743529 -5.8582569632543757 7.6004993702964665 49 50 52 1.1039275290051205 106 334 133 367 135 414 138 391 139 357 140 350 105 320 142 326 144 350 143 345 145 325 146 302 148 334 147 322 149 329 150 312 151 279 152 264 153 256 104 296 103 253 154 239 155 260 156 209 157 202 158 192 159 239 160 304
1095 4.9808525764363711 -3.3459352821150867 7.5975241460157319 95 99 110 0.60128851216716495 106 308 117 357 118 308 119 350 132 270 133 330 134 360 135 383 107 287 108 267 115 330 122 333 123 346 121 318 124 352 125 299 126 308 127 290 131 279 109 225 120 276 128 284 130 310 129 303 136 374 137 365 138 359 139 327 140 313 105 299 141 290 142 305 144 316 143 313 145 294 146 266 147 287 148 304 149 303 150 323 151 289 152 275 153 265 104 267 103 230 154 251 155 268
1094 6.7068121424850959 -4.823320565633578 5.87418479846687 1 1 1 1.8534281374004411 118 341 133 365 134 344 134 397 135 373 136 417 151 275 152 260 153 285 154 268 155 290 156 239 157 230 158 248 159 261 160 331 161 308 162 259 163 217 164 255
1093 1.8465413652346945 -1.8065648041982414 0.95121578281143004 69 70 74 0.61766280175265265 133 352 134 380 135 348 136 391 137 344
1092 3.0228713284694861 -0.48851304997782508 1.4460908966483916 95 96 102 1.3640298741939907 137 295 138 299 137 324 139 267 140 229 144 228 145 210 146 216 147 262 148 308 149 340
1091 3.1039317393761894 -0.55268862768005855 1.5576017914112543 96 97 103 1.4143309964365494 116 121 115 198 136 308 137 294 138 298 139 266 140 228 141 215 144 226 145 209
1089 3.2323574799851453 -0.2696546874790674 1.8489719198652688 111 113 119 1.3493575207843307 118 114 135 196 119 116 136 213 137 221 138 217 139 195 140 178 141 179 142 179 146 119 147 118 148 167
1087 0.92641976461788478 -2.6959614685607338 1.7215213949016723 104 107 115 0.39419740994519703 131 106 133 161 135 181
1086 -0.39364893074078999 0.91317244684301635 3.8215885255149873 61 62 65 1.0606990186886385 123 105 127 158 135 162
1085 -0.32347768900152979 -0.23287979748272311 2.4147692701341725 48 53 54 0.68526720249102413 121 14 135 149
1083 2.2267131962812061 -2.5093589887877066 1.4715885971978759 115 119 126 1.0030281585708962 126 77 135 111
1082 0.90305937961461724 -1.3498246879387343 0.75386317467177755 41 44 54 0.45877257085974044 133 68 134 85 135 110 136 67
1081 3.4451457655315938 -0.031906934019660764 2.7706032872972988 100 105 114 0.41492868739011174 121 64 135 77 120 49
1080 -0.28208715086996283 -0.68233415789618757 5.1017544284238756 62 64 68 0.38065479745942588 132 55 135 75
1078 3.4972076277883053 1.0034657147582231 1.9524939421447944 130 135 144 0.8878188926780799 120 96 135 53
1077 3.5668174282123153 0.25674698316632349 2.716853900141496 174 181 192 0.81005844223989776 123 97 135 41 122 109 121 115 136 37
1076 3.091237665683527 -0.42848537229311634 1.4863760758680693 102 104 110 1.6210124062745623 119 16 135 29 136 87 139 140 141 95 144 79 143 128 146 12 147 44
1075 6.0950394511307522 -3.2526061113299423 7.2040307134961656 14 14 17 1.3059539834580896 120 3 122 41 123 63 127 19 132 47 133 49 135 26 124 78 125 60 149 59 150 21 152 12 153 54 155 63 160 139
1074 3.0031687284301238 -5.4902642250288505 6.8477317920109835 133 138 145 1.5445218750472769 115 16 135 17 110 9 111 4 140 10 142 5
1073 1.9396428485435981 -2.0894008284406285 1.1098920353245854 142 147 156 1.8771656444094458 131 32 134 4 135 108
1072 0.54338337333125197 -0.77709116359703634 4.0062198815970245 59 60 63 1.2685725996130341 116 22 123 71 124 123 122 15 125 72 126 105 127 68 127 153 128 105 133 88 131 129 134 112 128 148 129 179 130 183 135 139 136 167 137 160 112 19 114 82
1071 0.042843147666049873 0.34415421572818639 4.7924794493501386 42 44 47 1.1140876606179595 122 63 108 95 127 71 126 35 134 133 128 61 130 67 132 56 133 109 131 69
1068 -0.64875336196190647 -0.45746162836760568 3.0622325775409354 4 5 5 1.3866463481097573 127 371 126 390 134 444 130 388
1067 3.9761496842665318 -2.4629785965754429 7.9141905473222414 184 191 203 1.0383601888542713 125 377 126 389 127 399 128 390 129 398 130 408 131 369 134 443 136 471 137 466 139 419 140 409 142 350 145 362
1065 3.4692374459262902 1.484040133599601 3.1791006245211659 184 191 203 1.4211055877384491 125 396 124 456 135 425
1064 0.44540761625677389 -2.2208391316181548 2.1469478580085704 69 70 75 1.2015869533284107 129 329 130 339 134 393 138 419 139 409 136 406 140 398
1063 1.8599349481091545 -1.9765394929220923 1.0213631852863085 172 178 190 1.2609093289161812 132 329 133 394 134 379 136 389
1062 4.0699710138251266 -3.9187657629281922 7.9408243436069776 33 36 45 0.72886435854047094 107 320 117 350 118 304 119 344 120 273 122 330 123 341 124 347 125 294 126 303 128 331 129 336 130 349 131 319 132 267 133 325 134 355 106 307 108 299 109 264 121 314 121 368 122 386 124 398 135 377 136 370 137 361 138 395 139 321 140 306 105 324 141 319 142 297 144 354 146 306 148 338 149 334 150 316 151 283 152 267 153 292 154 273 155 296 156 245 157 235 158 226 159 242 160 339 161 316 162 264
1061 3.3396208773298874 -5.3445804262392063 7.0630819476594109 1 0 0 1.6479942553915916 117 390 118 343 121 352 123 384 134 349 114 298 116 339 119 387 120 348 120 310 119 337 135 375 136 420 137 398 138 392 139 353 140 346 141 360 142 324 141 317 149 362 145 346 151 313 152 299 153 286 154 267 155 291 156 238 157 229
1060 4.4083623112965133 -3.5826064284182313 8.0161001366779256 86 91 101 0.62876292285800373 107 288 117 356 118 307 119 310 132 269 133 329 134 312 106 309 120 275 121 316 122 332 123 345 124 351 125 298 126 305 127 289 131 278 108 268 129 302 128 283 130 309 110 226 135 336 136 373 137 364 138 358 139 326 140 312 105 300 141 326 142 306 144 315 143 312 145 293 146 268 147 289 148 306 149 302 150 324 151 288 152 274 153 267 104 301 103 231 154 249 155 270
1059 1.1522140922896025 -0.4504929288349705 3.823409594855951 81 82 87 0.91103773320314996 131 223 134 284 142 260 144 283 145 276 149 350
1058 -0.57317654529049133 -1.6225025172000163 2.2375445124233013 36 37 40 0.69715853815319273 131 145 132 160 133 238 134 276 135 270
1056 -0.72114870861449032 -0.82553789275685829 2.0094678065507479 18 18 19 0.72236742871571791 130 123 134 205 135 245 136 309
1055 -1.4971375179336677 -0.75157667663368366 0.76748237038021627 0 0 0 0.4088559459002169 132 70 134 190
1054 0.91511618502720882 -1.309535613549248 0.72458401831296193 51 53 61 0.49838346396349004 132 127 133 157 134 188 135 180 136 191
1053 2.2553023829914993 -2.6043350855327572 1.2992569776273537 144 148 158 1.1534196484030397 133 155 134 187 132 125 131 140 135 227
1052 5.8223106786521965 -3.1276879499533088 7.0850824953856719 74 75 80 0.42670154447740211 118 113 133 132 134 160 119 150 135 125 136 154 137 81 146 69 147 79 148 102 149 151 150 123 151 110 152 87 153 107 154 102 155 155 156 120 157 108 158 106 159 145 160 208 161 182 162 150
1050 -0.46554276328272742 0.8494771188458109 4.0887201304162044 45 46 49 0.18154296722686913 127 74 134 143
1049 -0.31457281769924461 0.80705404796411861 6.5869401292042387 37 38 40 0.15715041587319292 125 92 134 137
1047 0.17229190439738246 0.12090294418490743 0.044135005759575012 76 80 90 1.62235542689525 130 58 134 131
1046 -0.53114656681424677 -0.29895957889293817 3.2557501787138348 37 41 44 1.5856412430866702 107 79 134 129 135 76 136 217 108 38
1045 7.1835197091596008 -4.2839554979457199 7.3720350856056749 184 191 203 2.2514311563716349 118 98 135 190 136 204 107 115 115 78 116 12 113 107 154 169 143 234 156 135
1044 -0.96382350013925389 -1.0638367662437591 1.3939243524954694 51 53 56 0.36446390770826592 133 46 134 91 136 150 135 62
1043 3.241285196581988 -3.8170243237375945 4.1937794045004519 50 50 53 1.9409422355630577 119 42 134 90 135 117 144 117 140 61 143 123 145 129 146 108 147 105 148 145 149 176 150 137 118 3 151 139 103 54
1041 3.3488279047783367 -3.8533037041422391 4.1549182736374402 28 28 30 0.56747420734357257 126 84 127 87 131 77 134 46 125 100 128 75 129 68 130 80 142 129 145 128 146 107 147 104 148 189 149 175 150 136 151 170
1040 -0.5922981753783938 1.0952301623416909 3.6951785408808591 35 35 36 0.95472626159449836 130 41 134 39 136 61
1039 3.6139150576468637 0.27024849608633877 2.7033493309997474 150 156 166 2.0689171883709703 123 100 134 36 150 33
1038 3.2403079987865762 -6.5333940437505174 8.0152960761583021 114 118 126 1.4692431098881655 118 4 134 20 114 4
1036 0.94266619215745662 -1.3566540395967985 0.72570302089784611 35 37 43 0.70834712316386694 130 285 132 246 127 226 128 233 129 277 126 242 131 255 133 296
1035 -1.401782250962913 -1.031438451694954 1.7008920385982145 30 32 35 1.072764009466445 128 384 129 393 125 403 130 404 131 367 126 385 132 365
1034 0.57177882283700276 -0.82860432149513108 4.1961449985837911 60 61 64 1.0043273455804014 122 14 123 70 124 122 125 71 118 16 126 104 127 67 127 152 106 129 128 104 133 87 131 128 128 147 129 178 130 182 134 111 135 138 136 166 137 159
1033 -0.83656304031143691 -0.72142921507256186 2.1258778657597146 13 14 15 1.3777839479793799 116 125 131 157 126 140 127 145 128 135 129 174 130 174 133 199 134 246 135 280 136 347 137 331 110 122
1029 -1.0112913120279265 -1.87952081827595 2.7480659144215971 43 45 49 0.57774824837587546 132 341 133 401 131 346 134 432 135 458 136 486 137 478
1027 -0.17641487733318184 -2.7396348326738038 2.1835780322692937 58 59 61 1.351598806113069 130 338 132 297 133 359 131 306
1025 1.7414802653026673 -0.75710347935665478 4.3018979287327062 40 43 54 1.6410480338846556 128 247 129 262 130 319 131 247 144 357 143 318 145 329 146 340 147 363 148 377 149 385 149 386 148 376
1024 0.14926157721166752 -0.76760694924613948 4.6326167532670155 4 5 6 0.91975702383338209 130 271 133 280 131 246 134 313 135 340 136 379 137 368 138 364 139 367 140 359 141 330 142 333 143 375
1023 -1.1426356010191947 -1.2711955485293063 1.5961955841812985 61 64 68 0.43784998810492087 132 227 133 271 131 242 134 342 135 371 136 411 137 433
1022 -1.1426356010191947 -1.2711955485293063 1.5961955841812985 61 64 68 0.43784998810492087 132 226 133 270 131 241 134 341 135 370 136 410 137 432
1021 -1.3842386510228144 1.2152101957825272 2.3735325864173813 39 39 42 0.67106281439009141 130 260 132 192 131 206
1020 -1.7764916041028156 0.69478208414196396 0.54062928255968046 56 58 64 0.11709228284816967 130 194 131 204
1019 -1.7764916041028156 0.69478208414196396 0.54062928255968046 56 58 64 0.11709228284816967 130 193 131 203
1017 -0.87809133184888155 -0.92818770289758568 2.2693831034700547 19 19 21 2.034983805263149 129 172 132 204 133 130 131 180
1015 1.9774098106902567 -2.4477946012854428 1.2500118721047611 76 77 81 1.1089126334633894 129 61 131 70 134 81
1014 -0.18208878499247386 -0.55320037988155668 3.4682667337005952 56 59 62 0.23419555335843861 128 56 137 170
1013 2.3694952836790297 -2.2099570480505539 5.6468729448346409 66 69 79 1.7308552595880773 125 66 128 93 130 54 133 21 131 56 127 102 122 85 135 27
1012 5.9619584669652355 -3.2624839616394739 7.0022606038383906 22 24 27 1.4481586902617436 122 38 126 55 132 46 131 52 121 39 147 42 144 16 149 55 151 43 152 28 154 43 155 53 157 74 158 68 159 80 160 72 161 89 162 58 163 76 164 88
1010 0.8397009300443673 -2.7454021890421698 1.7430346699965853 103 106 111 0.51664671417338337 129 41 131 39 134 9
1009 3.8633222695666882 -2.4006744037217151 7.9473781790274431 181 188 199 1.7304987483249077 125 34 127 22 131 25 124 34 123 68 134 54
1002 -0.87229700888263828 -1.0893257558771818 1.6092571617426199 43 45 49 0.5431263867913787 130 377 132 362 133 434 134 459
1001 0.89140560958732062 -1.4723066788393306 1.016948043086574 74 76 82 1.4803771043737934 133 424 136 483 137 476 135 431 138 463
1000 -1.6604126292872561 0.0040835188012496174 0.81665366682060869 7 20 45 0.31603439268028533 132 317 133 409
998 6.476763475530908 -5.8781050107349815 7.7490839370187965 0 0 0 0.86336316050080397 107 315 115 357 116 372 117 387 127 328 132 264 108 294 109 298 113 279 114 339 130 344 111 281 112 263 110 295
997 6.1454209321149653 -5.575706603403245 7.3327055570790494 39 39 41 1.0597512234266957 115 356 116 371 117 386 132 263 113 278 114 338 112 264 130 343 127 327 140 349
996 1.7093593875901134 -2.2253164388759323 1.1154486531689973 12 13 20 2.0915354913057698 130 361 132 288 133 351 131 331 134 319 135 322
995 1.0320523647997957 -1.2804064693187054 1.0044886359191207 23 24 28 0.55437169332248204 129 253 133 309 131 265
994 -1.3677331770770231 0.47496344991005252 2.1249045360874943 4 6 6 1.1747170216619951 132 235 133 285 131 250 134 372 135 395 136 437
993 3.9988105452064588 -0.36853108833149117 3.3944980111677601 147 153 162 1.5517988042505624 126 194 132 211 133 252 152 178 153 182
992 5.7728615195520092 -3.24707432570347 7.3330055117947266 77 80 89 1.3960654650930671 119 269 132 206 133 243 118 234 116 231 113 153 109 133 114 194 112 50 134 278 107 187 105 211 145 239 148 248 149 240 151 197
991 3.9288465806204798 -4.3950783730543117 9.6110119540777532 36 38 48 1.2990806362506502 119 267 133 241 134 242 135 240 136 306 137 256 138 213 140 266 141 272
990 -1.5161539405836586 0.64235568019054368 0.97893529611411145 74 76 80 0.24393579408673935 132 188 133 225 131 170
989 -0.34184782647119966 -0.68653832844968765 4.3229428258358 46 50 52 0.98017251108010617 130 214 132 179 133 208 135 285 134 250 136 318 139 307 137 334 138 311 137 305 140 293
988 4.4225986608036445 -4.3379749204032123 9.2598928741731097 80 84 95 1.518060242225191 117 271 118 232 119 264 132 164 133 197 107 228 108 217 109 184 106 250 135 236 134 195 137 293 139 232 140 172 138 211 141 177 142 231
987 3.5379750413993092 0.70065705027018044 3.0737940222481193 101 105 114 2.2733237054435675 124 210 125 178 133 183 134 180 135 156 136 108
986 3.5379750413993092 0.70065705027018044 3.0737940222481193 101 105 114 2.2733237054435675 124 209 125 177 133 182 134 179 135 155 136 107
985 -0.20871015463052195 0.46452273639909164 1.7552701393235874 47 48 51 0.15561878303042576 129 151 133 180
984 3.1716315348345234 0.34873707088615502 2.9616756314528603 1 1 1 0.30998215361797765 125 147 126 150 133 179 134 173
983 -1.3440406697619904 -1.4009160515720751 1.7685292503153276 1 1 1 0.91806981518745734 130 83 132 132 133 164 131 112 134 235 135 269 136 337 137 353
981 -0.25185649487993422 0.62817979686331882 4.2658353114022765 41 42 44 0.079942900026644115 126 122 133 145
979 2.9864853095019477 -0.42154521194191086 3.2167739731745448 28 30 39 2.1887780392992826 129 146 132 120 133 141 131 166 134 60 135 146 136 92 137 87 140 71 142 93 144 133 143 136
978 3.0965432832113744 -0.74277206634927229 3.9275900188519226 44 44 46 0.34291030075682172 122 99 124 164 133 140 135 197 149 185
977 7.0361465198317603 -4.3755679022767833 7.345731789214609 132 137 145 1.9064083560935996 117 179 135 119 136 153 137 142 116 11 139 10 139 184 140 226 148 150 142 172 153 131 104 108 154 130 155 116 150 118 158 118
976 5.3164906327348671 -3.7096152745111231 6.1355982162965716 184 191 203 1.708130466433736 116 167 136 203 135 273 136 300 137 290 139 183 139 264 141 248 142 226 144 257 145 237 137 321 139 292 147 143 148 214 149 205 149 269 150 180 150 210 150 117 151 103 151 171 151 221 152 83 152 136 152 167 153 171 154 97 154 152 154 188 155 114 155 177 155 192 156 155 162 164 163 142 168 121
975 -1.9685555273311905 -0.65461016023902063 0.9453317130992489 43 45 49 0.54325337153907238 133 119 131 147
974 3.2040127204149993 0.37865508604474324 2.9571995972286094 33 34 36 0.46663907627856499 124 100 133 112 134 73
973 -0.61918114948973535 -0.24688588042197496 3.3008948414789732 15 16 18 1.8362507877421443 107 151 133 106 131 103 132 97 134 166 135 201 136 218 137 228
972 3.1295491016076111 -0.6956673918495434 3.8472877509097438 38 39 41 1.4175195457013121 122 100 133 96 134 164 148 117 142 92 149 68 150 95 151 86 152 68
971 1.2171331339246485 -0.68590938985887684 3.6847489351401084 45 46 52 2.0566089900452562 129 94 131 95 141 187 143 176 145 186 144 201 146 151 147 152 148 198 149 222 103 66 133 91
970 2.9935011141590588 0.31276418096306652 2.1230375277146565 144 150 160 0.089414933888825168 124 95 133 62
969 3.876613958847928 0.32958235967924437 2.7802431198712427 144 150 160 0.23567470811556929 123 144 133 61
968 4.5564796277880859 -2.2238352580729286 5.3515954164245079 0 0 0 1.7941056741622012 107 9 118 59 126 62 127 98 128 90 129 131 106 14 119 112 120 68 121 98 126 142 122 84 125 113 125 138
967 2.9549787626083366 -5.6911651653250077 6.7984603216707695 62 64 68 1.464646382141005 119 45 120 60 121 92 123 118 124 71 133 45 117 13 128 10 134 19 137 76 138 94 139 80 140 108 141 86 142 1 148 4 146 1
966 7.2246310460782475 -5.926522644753935 6.5948933464271091 69 71 75 2.0074542646439943 123 55 125 52 126 7 133 43 146 36 141 87 142 80 143 124 144 54 145 90 140 62 148 100 150 42
965 3.6493882631071148 -0.34763189872666417 3.1958519260374931 117 122 132 0.26534260789205288 126 33 133 30
964 3.1429819563534198 -0.75488536406034701 4.0881130533055767 43 43 46 1.2835644450545669 124 39 125 37 133 27 137 13 138 29 142 14 144 97 145 25 146 79 134 58 147 16
963 2.0175632287749452 -2.1979013120065427 1.4041685107314166 68 69 73 1.2361708215630824 128 35 129 39 133 1 131 37 134 43
961 -1.7562396748688607 0.22232422034658705 0.57959830232433929 77 80 86 0.84848941040055637 130 355 132 371 131 354
960 -1.6236075347460057 0.66895649068557694 1.0900271955855316 69 70 76 0.16976367215178217 130 359 132 350 133 441 131 357
959 0.94878090370472157 -1.105834462419214 0.7955132678722121 0 1 5 1.6624385232344938 130 395 132 334 133 396 131 335 134 426 135 432 136 462 137 456 138 445 139 408
958 0.50085715343051929 -0.80242086383875166 3.9799395832571483 27 28 30 0.45750059978992735 128 341 132 319 133 382 134 407
957 -1.5923790173694847 0.0070856097526932425 0.64794159544122343 40 45 52 0.48901358118911542 130 315 132 315 133 408 131 323
956 -1.9004147919872854 -0.82888330383001418 0.80098989273545174 46 48 52 1.4525962009386308 129 289 132 300 133 363 131 271 131 312 130 235
955 0.65203843749459367 -1.1349101116032034 0.8855324357302673 29 29 31 1.454264883242032 130 366 132 295 133 357 131 338 134 387 135 405 136 443 137 424 138 413 139 377
954 0.91027146350383148 -1.2405983629786355 0.92659593031634746 0 1 5 1.4549876057998992 130 365 132 294 133 356 131 337 134 386 135 433
953 -1.5517968449581425 0.12312940855040042 0.79318152713234258 42 51 70 0.32656103165620376 130 270 132 273 133 336 131 245
952 2.1221335590840331 -3.9208513883513634 4.3912075801946076 61 62 65 1.199800302706725 118 294 119 332 130 294 132 261 133 315 131 270
951 3.0833758688348958 0.52907472106542486 3.0984998471201157 70 71 75 0.21642060369762828 126 226 127 255 132 237
950 -1.4901761639712421 0.54470170302007248 2.131070311347981 3 6 6 0.66577917430885447 130 277 132 236 133 286 131 251 134 373 135 424 136 459 135 399
949 -0.13141192788096021 0.42229053240518211 4.7874751635636628 1 1 1 1.3012273373759677 128 250 129 267 130 321 132 234 133 282 131 291 138 404 139 372 140 367 106 342 141 374 107 358 143 360
947 0.51929750498020433 -0.98669857806305983 0.79282492630876356 84 87 92 1.641918840697653 130 265 132 197 133 266 131 268 137 380 136 400
946 -1.2573590034864657 1.1531257826021197 2.5224340365624944 35 36 38 0.34651340434197275 130 225 132 191 133 226 131 233 134 293
945 -1.3563888313845118 1.1506032717591619 2.6364465776962054 13 13 14 0.53844596993047522 130 258 132 190 133 223 131 205 134 292 135 320
944 -1.6954629064667464 0.69569113962625784 1.0174340923116625 51 54 61 0.23863672052109297 130 221 132 189 131 197
943 -2.1600499504358459 0.84789839511291631 1.4720483361567467 72 73 78 0.52494144777891449 130 192 133 224
941 -1.6643755588809193 -0.031330597755774778 0.77925652317723648 40 43 50 0.46925422933391681 130 177 132 172 133 205 131 186
940 0.21752084895591819 0.38322244747990863 5.3072132310140496 52 52 54 0.47772001391310104 126 120 132 151 133 178
939 3.0030682619670808 -0.76567260061754572 3.9615814819098154 58 59 63 0.51185051746088694 127 170 128 173 132 145
938 -0.78134292492953183 -1.8435092171247316 2.5529317806312064 30 31 34 0.50096825127307243 129 112 132 133 133 165 134 239 135 271
937 3.8168997128061686 -3.6375698895124886 3.3967458516492397 59 60 64 1.8252654211417469 132 131 133 163 131 143 134 189 135 230 144 154 140 106 142 166 143 156 145 162 146 138 147 142 148 188 125 183
936 0.50856327162282622 -0.92363703245131856 0.73938032122663522 70 72 77 0.43674600479607006 130 199 132 129
935 5.6829499991205044 -2.4865250664242926 9.0218076522452115 132 137 146 0.52040204435926252 121 159 124 159 126 146 127 154 132 114 128 149 129 141 130 181 131 125
934 3.3549927736027652 -0.075110726314804047 2.8715525861421316 34 36 46 0.32313076416686998 124 91 132 99 123 93
933 0.88867563414208828 -0.47537505694961868 3.2268676559651053 62 63 67 0.22703351747824027 116 132 132 94 133 101
932 1.11405187649231 -0.6469021994988795 3.8602332033811808 20 20 21 0.30459920039250826 125 78 126 110 132 91 133 99 134 125 137 166
931 -0.92629613159958823 -1.0409484081765721 2.3689702694087749 34 34 36 0.13559939919979086 130 85 132 76 133 125 131 83
930 3.4855690071856995 -5.4345384335151641 9.0233843043289994 119 124 132 1.2857057137343997 116 114 118 49 132 73 138 97 109 64 139 133
929 3.0019004832474177 -4.7590523532654654 7.484426815195353 124 129 137 0.87178837751333715 119 104 123 58 125 103 132 72 118 48
928 3.9846286021128092 -3.0790375257265779 3.0219461707013262 66 67 71 1.0550302001877701 127 86 128 74 132 68 129 67 131 76 149 204
927 1.0671089935763416 -1.2293653851699549 0.81836007233553121 80 82 88 0.82939132072976374 128 72 129 66 132 64 135 59 136 9 138 86
926 0.51398820488801311 -0.76294925922597279 4.0698193633889863 18 18 19 0.045385644815402894 127 28 132 53 136 28
925 0.30830860799282095 -0.84105514669341241 4.3021447277766587 24 25 30 0.41018597650824529 127 111 132 51 133 58 134 115 135 141 137 163 138 115
923 2.0529418767985677 -2.2130306130543596 1.4152674014646032 60 61 64 0.77191049582562954 127 4 130 9 132 6 131 5
922 3.7568077392857311 -0.59443573588193344 4.3039150683844429 180 187 199 1.8301855034535492 128 176 129 214 130 253 132 182 133 212 131 194 135 283 137 270 144 240 143 208
921 3.7568077392857311 -0.59443573588193344 4.3039150683844429 180 187 199 1.8301855034535492 128 175 129 213 130 252 132 181 133 211 131 193 135 282 137 269 144 239 143 207
920 6.3767126915227541 -5.0054739549208387 5.9246616948088917 184 191 203 0.55323865637188718 123 380 124 384 125 325 126 337 127 320 128 321 129 330 130 372 121 345 122 322 132 304 133 318 131 310 134 339 144 307 147 280 148 301
917 -0.23400959076480585 -2.4985046174244561 1.9964905636154724 58 59 61 1.5204548806984735 129 356 130 368 132 336 131 340
916 2.353076269357846 -2.4891575074579353 1.6291899220367194 57 58 62 1.713099151562558 128 310 129 350 130 363 132 333 133 395 131 333 134 384 135 404 136 441 137 423 138 416 139 381
915 -1.9148863143658426 0.44936295663929976 0.2595666788518452 39 47 66 0.2720166984274931 129 313 130 357
914 3.7671620372848311 -3.6711671621445991 4.1486203788084381 0 0 1 1.4454351975597324 121 344 125 287 128 270 130 340 119 333 123 379 124 383 126 295 127 281 129 358 126 336 127 319 130 371 128 359 132 260 132 301 133 316 133 364 131 309 135 368 136 412 137 392 138 386 139 349 140 343 141 315 142 322 144 343 143 339 145 345 146 334 145 319 147 355 148 367 148 385 149 376 150 364 152 315
913 -1.2808139042404745 1.0321905689584319 2.1158156076249734 70 71 75 0.281658313687002 129 319 130 325 133 345 134 420
912 -1.7403711583084482 0.28605385660888205 0.53280566527114415 47 56 75 0.0071748240836790964 129 261 130 317
911 3.2531704190385495 -3.2150227210866271 7.159729437625165 85 89 100 1.092299591892463 121 274 122 296 123 297 124 304 125 252 126 257 127 238 128 282 129 301 130 308 120 232 132 268 133 328 131 277 134 359 135 335 136 372 137 363 138 360 139 325 140 354 141 327 142 307 144 317 143 314
910 -0.96286634281827455 -0.75868344668474097 1.9784235822835032 50 52 56 0.73203950734834811 129 300 130 307 132 314 133 377 131 322 134 437
909 6.5024877174898927 -3.9811553274132447 7.1539535728836192 98 101 108 1.6791778188186453 119 341 121 311 122 327 123 340 124 346 125 292 126 301 127 287 128 280 129 297 130 303 118 299 120 270 132 266 133 324 131 274 134 308 147 255 150 267 151 251 152 232 153 219 154 209 155 233 156 213 157 204 158 195 103 205 159 205 160 279 161 255 162 213 163 177 167 119 165 208
908 2.8985393848316643 -3.6605479482509575 3.9475538312233978 63 64 68 1.3418374936018811 125 247 126 253 127 235 128 238 122 289 123 290 124 300 119 256 121 267 117 228 133 267 134 302 135 328 136 366 137 389 138 380 139 345 140 339 141 312 144 339 143 337 145 342 146 331 147 369 146 345 148 382 149 373
907 4.2689189938421768 -4.3533917937631843 3.7692183667143797 156 161 171 0.30513132535029414 126 293 127 276 128 268 129 285 130 291
906 1.5078325957899534 -1.8605820143820162 1.0798756280749355 58 60 64 2.215151890957217 128 261 129 276 130 284 127 269 132 247 131 258
905 3.2375188447359253 -0.87349682904755244 4.1095465517667575 84 85 90 0.58494467240268921 127 216 129 242 130 272
904 -1.6497826610434401 0.73818294540883134 0.99875229855818515 32 47 46 0.21400528195851018 129 218 130 257 131 232
900 2.5227073948973806 -4.5720136636348334 4.8034446996305817 11 11 12 0.65258532103882527 126 251 127 232 128 215 129 229 130 232 132 198 133 233 131 214 134 271 135 304 136 335 137 317 138 329 139 290 140 282 141 285 142 268 143 269
899 -0.76014623475225984 1.1769825893914465 3.8644870428483502 38 39 42 1.3277096628710778 107 215 129 188 106 210 130 224 133 222 132 153 131 173 131 201 134 262 135 295 136 290 136 329 105 224
898 -0.73074317173754777 1.1380150573811598 4.0036616147281396 3 3 3 0.62855285837102115 129 219 130 222 132 185 133 220 131 200 134 261 134 290 132 218 131 231 135 294 136 357 137 339 138 343 139 314 140 328
897 -1.7675518854683752 -0.76935388435499452 0.81064393927317546 10 11 12 2.1775384561854305 130 201 132 224 131 216 134 430 129 169
896 3.277930472230516 -5.9781265164835862 7.1633785016542992 20 20 21 1.9803501256294895 118 225 119 210 116 223 117 229 109 176 111 93 113 143 115 195 108 208 110 150 112 47 107 250 106 242 132 158 133 194 131 176 134 234 135 231 137 253 138 259 139 261 136 244 140 259 141 271 142 252 147 253 148 274 149 268 150 238 146 230 130 200 143 251 144 271 145 260 151 217 152 194 153 192 154 206 155 229
895 -1.3089090687855423 1.2253744938629547 2.4013949496197986 47 48 51 0.77083096138548035 129 189 130 195 132 194 133 262 131 208 134 296
894 -1.6835001097836062 0.6940414203923575 1.0484113658141485 52 57 62 0.46484790232594325 129 152 130 191 131 171
891 0.68978159804009642 -1.6254883589333302 4.8330672908996224 13 14 15 0.89222611109956784 125 140 130 179 124 158 132 141 133 172 131 159 134 162 135 249 136 261 137 263 138 303 139 271
890 0.58593296890036795 -1.4889015716222562 0.87078900309488783 52 55 63 0.72857257639263051 129 165 130 166 132 128 133 158 131 142 135 264 136 293
889 -2.0543789693161565 -1.0065213829748372 -0.14179899553479 1 1 2 0.50234410400012353 129 106 130 160
888 -0.51135956539262639 1.3374754636049127 11.470508117865519 54 56 60 0.1864349558478616 128 157 130 155
887 -0.71649993208325502 -0.81907614029469855 2.0981982042274914 50 51 55 0.48234732433176447 129 75 130 126 131 85 134 161 135 247 136 260 137 260
886 -0.72839893361028907 -0.83689937563376782 2.0348144867888545 25 26 27 0.87374828208115718 129 122 130 124 133 131 131 152 132 137 134 206 135 246 136 310 137 299
885 -0.71635648758113823 -0.89016344021695659 2.0534925798562695 51 52 55 0.55705331345604503 129 121 130 121 134 199 131 116 132 110 135 242 136 258 137 297
884 -0.72509526790544221 -0.90713233713371111 2.0896153729923936 51 52 55 0.45562880488667185 129 120 130 120 133 127 132 109 131 115 134 198 135 241
882 -2.0615487000716737 -1.0149830911919679 -0.12303705270321982 46 47 51 0.53638054057940587 127 79 129 160 130 109
880 5.3438997207465064 -3.0509044385627915 6.0987644452301941 44 46 49 1.2488147891262593 120 22 121 94 122 79 125 107 127 95 128 40 129 74 130 84 131 48 117 20
879 3.4123077171193317 -3.8112836112551967 4.1701800458979577 30 31 32 1.4203372201333753 123 115 124 106 127 88 128 76 129 69 130 81 131 78 137 73 105 46 142 130 144 118 148 146 149 112 150 116 151 100
878 0.19175517855156768 -2.5799344374927351 2.0591772996149902 60 61 64 1.2318704425925735 127 51 130 79 131 75 134 88 135 116 136 198 137 206 138 248 139 256
877 0.19228500432511517 -2.5672935617881198 2.0495179334481803 60 61 64 1.1644627274928239 127 50 130 78 132 67 133 71 131 74 134 87 135 115 136 197 137 205 138 247 139 255
876 0.15684193161850493 -2.7701067031602706 2.2046435394779533 49 50 53 0.32575003742498493 127 85 130 77 132 66
874 0.53220850050148572 -0.90461500631165437 4.0945183671187984 31 31 33 0.39218896340560239 128 20 130 61 138 112
873 -0.25465677819853821 0.2059428528950451 -0.3290579109472378 41 42 46 0.07394563013151291 127 12 130 42
872 2.9134174643778614 -2.6490265092429404 6.2441184794939275 77 81 91 1.5968342319340518 122 42 126 19 130 35 128 46 132 23 133 81 131 87 135 126
871 3.2007273788191286 -5.9892363382329741 7.5346766274816908 114 119 126 0.78600383696964415 119 46 126 10 130 19
870 -1.5691331912369593 -0.46217019081610655 0.75286291929428195 56 57 60 1.9781481342348872 128 126 129 113 121 233 123 253 124 260 125 249 126 255
869 0.22141785026225275 -2.3006165739485036 1.9567499027900126 82 83 88 1.1041919584137616 127 390 128 379 129 387 130 400 132 356 133 426 131 361 134 454 135 452 136 484
868 7.2374442473519967 -5.2658670037376414 6.5099581151910746 1 1 1 1.0665258707633021 119 385 121 350 122 371 123 382 124 386 125 328 126 340 127 325 128 324 129 359 130 374 131 313
867 -0.50840866578338717 -2.2897959862347204 1.2163882091449469 1 1 1 0.88734331831025282 128 355 129 352 130 393 132 355 133 423 131 360
866 1.1884242204388873 -0.64628428892822698 3.8381223896922281 25 25 27 1.0992414367418659 127 341 128 344 129 344 132 321 133 384 134 409 135 417 136 455 138 435 139 396 141 393 142 352 144 381 143 370 145 367 146 356
865 -0.65891278749361371 -0.98116327164256956 2.7834275092135261 12 13 14 1.2510524237115233 128 334 129 338 130 385
864 -0.65891278749361371 -0.98116327164256956 2.7834275092135261 12 13 14 1.2510524237115233 128 333 129 337 130 384
863 -0.65153401150981993 -1.5307495083727001 2.388757414168531 13 13 14 0.64698052761107538 128 278 134 400
862 -0.65153401150981993 -1.5307495083727001 2.388757414168531 13 13 14 0.64698052761107538 128 277 134 401
861 -1.2826135656151552 1.3363076566832621 2.6159265539893339 43 43 46 0.68848603942356545 128 297 129 320 130 326 132 327 133 391 131 296
860 -1.3817975990488476 1.0824307770494435 2.6902710916334245 70 71 75 0.38655821124805956 128 295 129 318 130 324 132 286 133 343 131 294 134 418 135 426
859 0.82751410884336363 -0.56688237328107838 4.0645545101984206 19 20 26 0.99307674870508511 127 296 128 290 129 310 130 356 132 272 133 332 131 284 131 328 132 323 134 366 135 389 136 429 137 409 138 401 140 387 141 368 142 331 144 358 143 374 145 331 146 342 147 339 148 355
857 -1.9568353970363648 0.23620110970182984 0.087216528057445633 62 65 74 0.0039346839216445302 128 226 129 259
856 0.10327703647050854 -3.0009288534257981 2.2042642122896758 160 165 176 1.1648158394260872 124 338 129 252 133 307 134 331 135 357 136 397 137 376
855 -1.37712417096442 1.2606837447307135 2.4549771216971239 33 33 35 0.42908910310378778 128 211 129 247
854 3.6475146270755867 -3.4366702519102708 3.6705991399356872 5 5 6 1.7759146495750584 122 256 123 217 124 189 125 185 126 206 129 228 119 141 121 135 130 231 132 104 134 191 144 192 143 157 142 78 145 168 146 139 147 187 148 213 149 235 148 241 150 236
853 3.5950447555817879 -3.3799500441391972 3.6336890376331725 5 5 6 0.22530650045240716 122 255 126 205 129 227 130 230
852 0.83167505286690813 -1.2909014474549112 0.95870590851962445 29 29 31 0.7294958172826993 126 157 129 225 127 183 130 264 132 196 133 231 131 210
851 -1.3145486265150492 1.2844334546777927 2.3918475666554295 5 5 6 0.53396430428465447 128 184 129 222 130 261 132 240 131 234
850 -1.2865258242436306 1.2876283995490638 2.5667611592751731 39 40 43 1.3845067432041229 128 183 129 190 105 229 106 235
849 0.40427812767848453 -0.75705141811349952 4.195132344696006 20 21 24 0.16953715263940389 127 168 128 171 129 181 130 184 131 163
848 1.2082408652262728 -0.75196597806009224 3.8123465478085587 2 2 2 1.2611736785629244 127 167 128 170 129 180 130 213 132 144 131 162 105 213 141 258 142 240 144 199 143 209 145 218 146 190 147 209 148 227 149 254 150 219
847 -1.5202182336401118 -0.72244553565056646 0.75028021161261393 14 15 16 0.69040374195546284 128 187 129 168 130 168 132 157 133 235 131 175 134 301
846 -1.9802374623736734 -1.0002177142691466 -0.11655588584535494 36 37 40 0.44997820998845678 128 122 129 163 130 163
845 -1.9802374623736734 -1.0002177142691466 -0.11655588584535494 36 37 40 0.44997820998845678 128 121 129 162 130 162
844 -0.10300683329643974 0.78720967779168549 5.9212926391262553 0 0 0 0.80781323574054142 123 104 128 116
843 -1.5586983836550883 -0.024228492397991463 0.73636710224190172 44 49 60 0.13972592764913869 128 142 129 135 130 136
842 -1.5586983836550883 -0.024228492397991463 0.73636710224190172 44 49 60 0.13972592764913869 128 141 129 134 130 135
840 -0.7785613352683679 -0.8827170135839667 2.0421585988718109 46 47 49 1.0657870162389969 128 129 129 119 130 119 132 108 133 126 131 114 134 202 135 243 136 257 137 296
839 -0.85431503637202499 -0.97714637059797205 2.1441788352855742 0 0 0 0.16192332815306562 128 128 129 116 130 171 131 148
837 -0.51366198349896475 0.88910823232567915 3.8361381318277465 54 56 59 2.0492801905834672 124 102 128 159 129 102 125 93 134 181 135 161
836 -0.054535241475941632 0.44486754039642901 4.6963767436478951 46 47 50 1.0989915574456861 125 39 126 119 127 122 129 100 134 135 135 91 136 47 141 202
835 2.7161636844208061 -5.7266033827526943 6.8430869814396749 72 74 79 0.80448909529173929 123 117 124 70 125 53 129 70 131 47 132 14 134 49 138 149 139 79
834 -1.0267310905698495 -1.2056564154583425 1.5512639728733264 2 2 2 0.25108165150189715 128 82 129 46 130 48 132 105 133 117 131 80 134 236
833 -0.3369721927306587 -0.34540260660666949 2.9541525488499132 56 60 63 1.3303920434534233 106 72 129 33 134 62 135 148 123 19 136 216
832 5.6085796563024504 -2.7477001866984203 6.5539143104828836 69 73 83 0.82194445139560146 120 4 122 8 126 25 127 61 129 28 121 42 123 64 125 65 130 53
831 -0.59334168196924886 0.97773220509718972 3.955660526261918 29 30 32 1.79911778674406 110 178 111 192 116 190 118 171 113 223 116 280 117 247 119 134 119 197 120 131 109 159 109 216 121 192 122 166 123 211 124 205 107 237 122 243 123 235 124 239 108 249 125 172 107 273 128 179
829 3.5130866898775386 -4.8476198559606942 8.1195919170478454 140 146 155 1.6095636203971715 118 5 125 55 127 56 128 39 132 41 140 113 106 44 148 149 152 137 155 179 157 107
828 0.60949389465547543 -0.8187724605209894 4.0166350344701343 21 22 25 0.98720234172016719 126 102 107 59 106 63 128 55 120 6 126 32 127 27 129 54 130 62 132 50 133 83 131 93 134 26 135 134 136 24 138 222 140 191
827 3.150814018144104 0.010024843600016972 3.378235669053653 1 1 2 1.9844361688248391 126 396 127 407 128 396 129 403 132 373 133 414 131 374 134 447 135 448
826 -1.3963972698194096 0.45142359813961541 1.6510261996198909 42 45 48 1.0092934792650723 127 373 128 394 129 401
825 3.6624424080683147 -4.2719188184187686 7.5502661587419508 184 191 203 0.32443639423078496 106 399 126 411 128 385 129 394 130 405
824 2.5496247254361468 -3.7419659043017526 3.9016856149900754 67 68 72 1.2036622784215054 124 433 125 401 126 409 127 392 128 381 129 390 130 401 132 359 133 429 131 364 134 457 135 455 136 465 137 460 138 465 139 431 140 420 141 402
823 0.84348847017000905 -1.1933423939701797 0.74181709413224828 73 75 80 2.1678062845428725 126 374 127 384 128 373 129 384
822 1.4988940526443717 -1.7582499758720909 0.9448346553052922 107 109 116 1.97429827698937 126 373 127 381 128 371 129 382
821 -0.25126737788842413 -1.3677567751226367 0.41164919686495582 61 61 64 0.90887995211508921 127 358 128 370
820 5.8251727307031738 -2.8665663239722012 6.4494392555798212 184 191 203 1.1001484796625502 118 356 119 348 120 328 121 372 122 390 123 400 124 403 125 339 126 387 127 369 128 364 117 355 116 303 106 281 129 366 130 406 132 343 133 375 131 348 134 402 135 381 136 424 137 402 138 396 139 360 140 310 105 298 141 324 142 302 144 311 143 308 145 289 146 262 147 283 148 339 149 338 150 321 151 284 152 270 153 261 104 265 154 275 155 298 156 249 157 257
819 -1.4813425068426012 -0.6817400588341459 1.0801970683186513 43 45 49 1.7692623557534588 127 333 128 361 129 392
818 -0.51361373679264366 -2.3620008180280005 1.2646344171559563 1 1 1 1.4033491834025134 127 361 128 354 129 351 132 354 133 422 131 359 134 452
817 0.77018029041118186 -2.5099100722134104 1.4208388090959716 80 81 86 0.8272999675093663 126 330 127 360 128 353
816 -1.3778384752586983 1.0830880575773596 2.6536676451677139 65 66 71 0.15102524784947782 126 315 127 299 128 348
814 0.71533716484944954 -2.6248924056647014 1.7986958884620656 71 72 76 0.46435470973792942 124 378 126 333 128 316 129 327
813 2.3073110161101247 -2.3305467327596943 1.6923117380475081 184 191 203 0.83512910282249442 125 284 126 289 127 271 128 312 124 336 129 326 130 334 132 293 133 305 131 302 134 330 135 359 133 355 136 402 137 382 138 375 139 340 140 334
812 2.3146286606066968 -2.339176915593252 1.6991235373283389 184 191 203 0.86744415696035759 125 283 126 288 127 270 128 311 124 335 129 325 130 333 132 292 133 354 131 301 134 329 135 358 136 401 140 333
811 -1.0813232451358972 -2.2587538024520866 0.87915443854933129 40 41 43 0.11295295867163845 127 309 128 307
810 -2.0212836338808251 -1.0317354981071509 -0.13347200656801161 27 28 31 0.32444855844229692 127 305 128 303 129 324 130 328
809 -2.0212836338808251 -1.0317354981071509 -0.13347200656801161 27 28 31 0.32444855844229692 127 304 128 302 129 323 130 327
808 2.5460488424722665 -0.43248639303173497 3.658970154769158 43 47 58 1.6882489927555462 125 219 126 265 127 251 128 292 129 314 130 358 132 275 133 334 144 322 145 300 146 273 147 332 148 348 149 344 150 331
807 5.1428623525657864 -1.8964170810992145 4.7649184237082993 184 191 203 1.0525304326874589 122 297 126 260 128 288 120 237 131 282
806 3.417615547004091 -4.025085353391173 8.0702098342160671 30 33 42 0.90137388161504262 118 303 119 308 120 272 121 313 122 329 123 294 124 302 125 293 126 302 127 288 128 281 117 305 129 298 130 304 132 229 133 274 131 275 134 310 135 333 136 369 137 360 138 354 139 320 108 266 106 306 107 284 109 263 140 305 105 325 141 321 142 300 143 306 143 349 146 305 147 328 148 337 149 333 150 315 151 282 152 266 153 291 154 272 155 295 156 244 157 234 158 225 159 241 160 338 161 315 162 263
805 0.87190383413601691 -2.6429971088966639 1.7249751907507056 107 111 118 1.4736484121514646 126 243 129 282 130 290 132 255 133 302 131 264 134 299 135 355 136 359
804 2.088674641252688 -2.1200496908041604 1.2971586187415207 176 183 194 0.90933593490979958 126 240 127 224 128 260 129 274 130 283 132 251 133 299 131 257 134 326 135 354 136 396 137 377 138 373 139 338
803 2.1107087763311614 -2.1466212553232684 1.3153498507381021 176 183 194 0.78667282887176182 126 239 127 223 128 259 129 273 130 282 132 250 131 256
802 1.8080907473051813 -1.9261075785460293 1.0621103878395173 67 68 72 1.0801078967275826 126 238 127 265 128 257 129 271 130 329 131 299 132 245 133 295 134 322 135 351 136 392
801 -1.3341753939490701 1.1874348817200127 2.4768025704407699 10 10 10 0.78083784089823549 127 254 128 252 129 270 132 287 133 346 131 295
800 -1.6303792553369889 0.43508221082836424 0.8728828205477176 46 64 59 0.22636594160754683 127 250 128 249 129 265 130 274 132 279 133 389 131 290
799 -1.9248310932785331 0.27466247127000087 0.0074060790028680846 49 52 63 0.52480680249764611 127 240 128 243 129 305
798 -1.9373495538016063 0.27320298298095946 0.014291002394298792 49 52 63 0.19969524950982454 127 239 128 242
797 1.583437277241954 -4.2479035725922909 4.7086358923587355 60 61 65 1.000523747710663 124 257 125 248 126 254 127 236 128 239 129 256 130 266 132 223 133 268 131 239 134 303 135 367 136 409 137 386 138 379 139 343 140 336
796 5.0403268014120357 -4.189614188648962 4.630085729339263 4 4 4 2.5602807080658025 118 262 119 255 127 234 128 237 117 261 116 222 106 100 107 35 109 57 115 247 114 139 108 47 129 255 131 238 132 200 105 149 103 78
795 2.9541070064640684 -3.9578121484770206 8.3442663409922684 80 84 94 1.539988009815709 119 218 120 194 121 235 122 261 123 256 126 211 127 212 128 222 116 229 117 236 118 191 124 224 125 190 122 224 112 128 114 193 107 226 108 214 134 277 135 274 136 340 137 322 138 296 139 238 106 224
794 3.8733032129196032 -5.1309478686922052 10.677555333411222 80 84 94 1.2164760653796824 119 217 120 193 121 234 122 260 123 255 124 223 125 189 126 210 127 211 128 221 117 235 118 190 122 223 110 157 116 228 114 192
793 -0.99750374425939303 -1.2446087072564243 1.5818734530862901 1 1 1 1.6197361817287415 127 185 128 220 129 194 132 201 133 272 131 177 129 170 134 343
792 -2.0075052579806529 0.98198165013447991 0.50800599689779879 34 55 47 0.36916372573429451 127 173 128 210 129 221
791 -0.587039362363173 0.90200183491905328 4.327079210388634 1 1 1 1.7895222915975229 123 209 124 204 129 246 130 278 128 209
790 2.9546396619385065 -0.61220221880006387 3.6590577634066781 0 0 0 1.376319152340356 125 165 128 205 129 210 130 250 131 192
789 5.6182193113724024 -2.2356384937077363 8.5848775198009495 15 15 16 1.5217819330419591 120 171 122 234 123 225 124 231 125 199 126 191 127 198 128 204 130 249 132 174 133 204 131 187 134 249 135 251 136 263 118 158 137 265 138 275 144 232 145 211 146 182 147 196 148 221 149 216
788 2.5540047542078326 -3.0724169273581468 6.9970093649524312 32 35 44 0.94354475921740644 120 164 121 202 122 226 126 182 128 194 129 197 132 205 133 244 131 218 139 295 140 289 141 274 142 270 144 277 143 276 145 269 146 238 147 263
785 -1.7367736093473751 0.021401099554626282 0.53984659099379217 9 10 14 0.78462009998083426 127 163 128 167 129 204 130 209 132 207 131 220
784 3.0294977074351519 -4.0714625757963745 8.0781688269297831 88 93 102 0.82810909184388648 119 184 120 139 121 182 122 180 123 192 125 159 126 161 127 140 128 164 118 229 129 117 132 134 133 168 131 113 134 156 136 254 107 225 106 222 137 215 138 269 139 190 140 64 125 58
783 -1.7028879682492892 -0.74735234854316046 0.73409861699646739 18 19 21 1.5304682671273844 127 133 128 162 129 109
782 -0.35000340451138845 0.91987237556358803 3.7941877152570211 24 22 23 1.6995550639969677 125 125 127 126 128 160 129 154 134 221 135 211
781 -0.29449783556384573 0.71184347573258289 2.7469273640243115 61 61 64 1.8494299457568839 125 122 126 123 128 158
779 -1.6673863727149312 0.031409096354247698 0.70727985868528298 11 19 35 0.79597386030456541 127 151 128 144 129 139 131 160
778 0.064379061519661288 0.27572539150255643 5.1769749669635257 20 20 22 0.65509273438372617 126 68 128 113 127 121
777 -0.86242512494072965 -0.86227577905078578 2.0107415953952241 39 40 42 1.1811044964345747 127 93 128 86 129 73 133 124 132 107 131 149 134 157
776 -0.12631866509627146 0.58984651972228486 3.336344504724051 62 62 65 0.76683339539822515 124 45 128 63
775 0.39886939703587027 -0.91695328239389362 4.3111490690049923 24 25 30 1.0936327925090246 126 64 127 65 128 53 129 90 134 106 136 162 107 60 139 145 140 192 141 190
766 4.8926555358198307 -2.2647525480596431 7.6895790358890581 184 191 203 1.8624330783312875 123 464 124 460 125 409 126 416 127 401 133 438 134 463 136 473 137 468 132 367 138 455 139 421 140 411 105 379 141 390 142 374 144 393 143 385 104 366 103 294
765 4.8926555358198387 -2.2647525480596471 7.6895790358890705 184 191 203 1.8624330783312815 123 463 124 459 125 408 126 415 127 400 133 437 134 462 136 472 137 467 132 366 138 454 139 420 140 410 105 378 141 389 142 373 144 392 143 384 104 365 103 293
763 1.3091312932931136 -2.1053249857811331 0.90667578807293714 116 121 129 0.70104930413869726 116 294 106 295 115 287 105 315 104 286 103 245
762 2.0108345192123158 1.4232567257458408 -0.23519422568942872 178 185 197 1.821588596949401 111 183 106 284
761 0.62095048463522251 -0.082105800292764999 2.0721620162901586 34 37 46 1.9326230965854752 107 260 109 271 111 181 112 204 113 212 116 309 106 283 114 304 115 334 105 301 104 240 103 184
760 0.3635988392369901 0.25179991806018737 5.5872657659048155 51 51 53 1.4228836177238915 125 170 126 169 127 172 128 207 129 216 131 227 132 150 133 217 131 195 134 256 135 253 136 324 137 313 138 314 140 324 107 270 106 262 104 250
759 4.9172492226081381 0.86515044698719079 4.5219624753898762 171 178 189 0.67104708035264005 107 263 108 242 109 233 111 228 112 209 113 218 114 283 106 259 110 240 105 245 104 212 103 165 102 131
758 0.90541731815493287 -1.1341747380483675 0.040317971984172571 68 70 74 1.3669541553014792 107 220 109 204 106 239 105 231 104 232 103 198 102 163
757 1.2233127123816352 1.7953869573565617 -0.61659607587797416 184 191 203 0.094496792445425581 116 350 106 226
756 3.9747416600484993 -6.7885523356324411 8.5904994728337378 7 7 7 1.1253349785524893 122 36 125 102 106 145 124 14 128 11 105 47
754 2.5647026733987373 0.4751417881750894 1.9882349075134615 78 81 88 0.13995657511665185 107 147 108 161 109 155 111 108 112 96 106 126
753 2.2485322485275692 -0.11389255614899961 0.90382948187463319 128 133 141 0.37816328429121354 111 101 106 108 105 53 104 81
752 4.723762914760977 -1.0446371244456505 2.8090148084472402 127 132 140 0.70051647357061464 107 6 108 140 110 118 111 55 112 127 106 107 109 130 114 236 115 254 104 164 103 82
751 3.5224734851950115 -4.5160343817889972 8.2790242470368458 140 146 155 1.9211308920983425 108 10 125 57 127 138 118 53 119 105 120 138 122 135 123 160 124 25 126 89 128 84 129 115 134 154 137 144 133 166 139 81 140 169 141 172 143 160 152 139 154 99 158 119
749 0.64040623527922014 2.6336615934316168 -2.2245118713707996 158 164 174 0.7756036031775273 107 89 106 85
748 1.8669879612192943 -4.4404997217501219 5.1429763022171562 71 73 78 0.57643620789863625 107 34 119 44 106 41
746 2.1390397528820277 0.75034967422954346 1.696721651661379 37 38 42 0.32097367781006098 110 20 112 26 106 24
745 1.9257347035793346 -1.1961005633665043 0.33245075210433878 71 72 77 1.1472493281627076 112 10 106 8 104 38 102 98 103 108 101 76
744 2.3214987183290146 -1.1872592360150491 -1.0021962942487002 180 187 198 1.5551690247236998 108 322 109 321 111 298 107 340 104 287 112 280 103 246
743 0.22965169027295723 2.1830521214751921 -0.31956016256062575 78 79 83 1.9531354710619 107 332 106 320 105 308 103 241 102 217 101 126 100 131 99 118 97 137 96 184 95 221 94 224 117 449
742 0.22110605794005347 2.3199532892110848 -0.44093932742797665 36 37 39 1.5077231850866111 108 224 107 235 106 230 105 221 104 217 103 176 102 141 99 72 98 71 97 97 96 150 95 186 94 178 93 219 92 219 91 196
741 2.5987559953912678 0.84796570474632738 0.66955899221715776 184 191 203 1.7031458150409031 108 396 109 383 110 360 111 364 112 349 107 413 109 402 106 403 105 391
740 1.6327666676046702 0.06499166750539713 -1.5578997475641079 184 191 203 1.0927408932672473 108 372 109 358 107 391 106 380 105 373
738 2.2698357005321905 0.24141049847235641 0.75452085821903436 66 69 77 1.3212295104503251 108 331 109 331 110 316 111 303 113 330 107 350 114 426 115 470 116 449 106 339 106 358 104 350 103 274 102 265 101 165 100 151 99 142
736 0.44981892512736288 -0.9540823942789286 -0.055017783420377039 1 3 10 1.1867384033010897 108 291 109 293 110 290 111 276 112 284 113 297 107 342 106 328 105 347 104 342 103 290
734 0.20250710068414887 2.5838442807028259 -0.17896839444684329 74 75 79 1.8547893053600049 108 281 109 281 107 336 106 323 105 311 104 280 103 218 102 179 101 128 100 110 99 98 98 90 97 98 96 151 95 187
732 2.0882662200448312 -3.8645476175538791 4.0261057858030256 0 0 0 1.3083707222767789 108 261 109 257 118 292 110 258 112 227 114 296 115 322 117 345 111 246 113 242 116 335 119 304
731 0.33053381651390545 -0.79483156845910985 -0.057509002128945448 75 70 64 0.56780923474978617 108 260 110 257 111 245 112 225 107 279 106 299
730 -0.64347136460198229 2.4693674100707685 -2.2525077359395516 96 97 102 0.90358111390368778 108 250 107 274 106 267 105 253 104 218 103 171 102 137 101 66 100 65 99 51 98 38 97 17 96 33
729 2.6137185946794417 1.2900080561810878 2.1846388320023009 43 44 47 0.98245048707764571 108 245 109 236 110 242 111 230 112 211 113 220 107 265 106 260 105 247 104 245 103 187 102 158 101 110 100 91 99 92 98 124
728 1.7999700461375507 1.2573137978582756 -0.21542301599555341 0 0 0 1.030988875315699 108 239 109 229 117 400 118 405
726 0.13277532788233257 0.2940215991919824 5.1016169075339093 42 43 46 0.63967934660488135 124 172 107 232 106 206 105 194
725 1.9669792643985025 2.0075981137268291 -0.12078326800172855 165 171 182 0.46883476465739538 109 158 107 208
724 2.4310886435822523 0.41952385696129751 2.0481563274015335 65 67 72 0.71213466600409736 109 188 111 150 112 134 114 206 107 202 115 205 116 240 106 195 105 186
723 2.3812351266577028 -0.16575669186126987 1.0297729146551367 128 133 141 0.38439630613413023 108 185 110 117 107 184 112 11
722 0.38671164907611666 2.5931251987048571 -2.3669981522072785 158 164 175 1.730220543205671 112 110 106 86 103 67
721 -1.5202882758038596 1.8174446520559897 -2.6341043700298985 129 134 142 1.0539685494276128 109 154 107 68
720 0.3742459116191455 -0.8847235825008144 4.1964064458481474 26 27 33 0.5334673691305134 126 65 127 66 107 61 128 54 129 91 130 95 132 48 133 56 131 92 137 153 134 107 136 163 135 132 138 221
718 1.1788877936703384 -1.5290817167225323 5.8118246148550332 36 37 39 0.36304152566137426 117 24 107 13
717 1.4289377409726971 0.89840471261295896 0.37907629480099087 123 128 136 0.73811422617425571 121 122 107 12
714 3.3407157550363307 -2.1312228996308802 3.5936414937204169 184 191 203 2.3373480749403637 116 264 118 265 119 259 123 291 124 344 127 208 107 254 115 295 117 266 120 267 121 268 117 301 121 309 109 224 103 180
711 0.18928526233083356 -2.3437464186977279 1.4926305012821917 61 62 64 0.84224122944600988 125 398 126 406 127 383 128 372 129 385
710 -0.68160697860777963 -0.014908083964406666 3.209405339796739 2 2 2 1.0864641990207649 126 394 127 372 128 393 129 400 130 410
709 -2.0078792518534012 0.29688684333227655 -0.091760346492761491 2 7 28 2.2357679788391742 108 300 124 400 127 368
708 -0.52499419232069811 -2.3316812584459963 1.2418754998489163 1 1 1 1.9862913768108434 126 405 127 362 130 394
707 5.9244856410562274 -3.3652296409542712 7.050360032497065 44 45 48 1.3712244123074049 117 353 118 306 119 347 120 326 121 370 122 388 123 399 124 402 125 338 126 352 127 338 116 343 107 285 106 278 131 347 132 313 133 374 134 357 135 380 136 371 137 401 138 357 139 324 105 296 141 287 142 299 144 309 143 305 145 287 146 261 147 282 148 303 149 300 150 268 150 318 151 281 152 269 153 259 104 300 103 227 154 241 155 262 156 247 157 237 158 228 102 264 159 244 160 307 161 313 162 265 163 220 164 260 165 253
706 2.6180304447987752 -5.3381779096693931 7.7801161009780113 2 2 2 1.8240702761257541 119 394 120 313 121 358 122 420 123 435 124 393 125 371 126 383 127 332 107 372 118 396 128 328 129 361 130 376 132 342 133 371 131 345 134 399 137 436 138 429 139 414 140 404 141 387
705 2.0720716580111636 -3.090328735422371 3.6060985038263715 0 0 0 1.381014290162782 121 348 122 369 127 323 128 271 129 287 130 295
704 -0.56185688321691818 -1.1531968739778515 0.48231388740068393 59 60 63 1.2269236872992717 126 334 127 316 128 315 129 353 130 364 132 332 131 334
703 1.9909154338598909 -2.1308375866392688 1.505182688464517 61 62 66 0.85569724819533222 124 295 125 285 126 290 127 314
702 0.21181777093944434 -2.4116912240123614 1.4709839366684707 61 62 64 0.094081634998364014 125 321 126 332 127 313
701 1.9752208053655795 -2.0718159126409725 1.3197902892510496 54 55 59 0.80596532247900476 125 279 126 331 127 312 128 309 129 349 130 362
700 -1.0820954167614811 -2.2655135353420266 0.88267266026804625 41 42 44 0.24880836679264637 126 283 127 310 128 308 130 287
699 3.0959958327426018 -5.3819901597028394 9.3638512501287643 42 44 48 2.0309910131557394 114 341 116 376 117 393 118 349 119 340 121 310 122 326 123 339 124 345 125 291 126 300 127 286 109 299 110 298 111 284 112 230 115 361 128 279 129 295 130 302 132 265 133 323 131 273 131 318 108 329 134 352 135 376 136 421 137 399 138 393 139 389 141 364 142 327 144 373 143 347 145 348 146 337 147 359 148 371 149 364
698 -1.6122005593141089 -0.74131381218917669 0.76659879664106878 39 40 43 0.96663542284820592 126 299 127 285 128 276 129 293 130 298 131 315
697 -1.617793891827435 -0.74597401126587493 0.77304725559277976 39 40 43 0.83260851056586116 126 298 127 284 128 275 129 292 130 297 132 302 133 398 131 314 134 428
696 3.2356048479141948 -6.1578259104807866 7.6575646603849581 155 161 171 0.64084534775637736 119 336 120 265 121 306 122 291 123 337 124 340 125 289 126 297 127 283 128 274 129 291 130 300
695 0.8383726077419934 -1.46711413376133 1.1729194542642061 23 22 24 2.1071100027691778 123 155 126 250 127 280 124 217 128 319 129 355 130 367 131 339 132 296
694 3.9339532962870649 -3.9994324260119392 3.4500475325459701 150 155 164 1.3402931643027256 123 248 124 298 125 245 126 294 127 277 128 269 129 286 130 292 132 257 131 267 134 390 142 344 144 336 143 331 145 314
693 -2.2285242238478813 1.2433398967120866 0.15711134450512659 83 84 89 0.30417011645569508 126 230 127 260 128 300
692 -1.9230706351190743 0.45087412984542896 0.26579732328836125 47 56 73 0.25462195935754678 126 262 127 246 128 289
691 -1.9793958626631174 0.30786084479923576 -0.0446857748027761 5 59 27 0.65425274280707812 126 213 127 241 128 245 129 306
689 0.85102136641539572 -1.3771241168624371 0.76831605043498019 52 55 63 0.63223013680966134 125 243 126 246 127 228 128 235 129 279 130 289 132 249 133 298 131 260 134 324 135 350
688 -0.71777146464117658 1.1033771159157664 4.1994990095105429 3 3 3 1.5978281994350758 126 222 127 219 128 251 129 269 130 323 132 284 131 293 134 416 132 326 135 423 136 478 137 473 138 462
687 2.9616951532263096 -3.61836172259558 7.6884244007481879 82 86 97 1.2876613577541183 119 220 120 163 121 201 122 225 123 220 124 225 125 191 126 181 127 213 118 192 108 215 117 237 109 182 116 230 110 158 107 257 106 247 128 193 128 223 132 162 133 196 134 241 135 235 136 303 137 291 138 297 139 265 140 287
685 3.7454248786626394 -3.7988953124200893 4.0428108890645102 70 71 75 1.6917892638850982 121 230 123 251 124 256 125 211 127 206 129 226 132 156 115 193 133 193 131 213 134 233 149 266 148 240 150 235
684 0.32542562431937277 0.12437726833790393 5.5709575501788846 2 2 2 0.96521244012424157 124 200 125 169 126 168 127 203 128 206 129 215 130 254 129 245 132 184 133 216 131 226 134 286 132 212 135 290 136 354 137 335 138 365 145 257
683 -1.3746158013414307 1.2657379008670706 2.460202041939239 32 32 34 0.49008408948834031 126 174 127 176 128 212
682 0.64596780454098968 -1.4559991926629423 0.83173157705050804 55 57 65 0.44682341408998943 125 131 127 161 132 154 133 187 134 229 135 263 136 292
680 -0.57580250845452252 -1.6307225045077505 2.2237575940876053 38 40 43 0.093867475756091903 126 86 127 134 128 83
679 2.5996273842663231 -2.2570202768806267 5.7026342987644947 69 73 84 1.5918501778278533 119 114 120 70 121 100 122 87 123 129 124 117 125 69 126 97 127 101 107 47 128 95 129 81 130 57 132 80 131 59 133 53
678 -1.5569528631086802 -0.74213217418175603 0.71903457691118977 53 56 60 0.18265324451087805 126 85 127 91 128 78 129 110
676 -1.9045095130622272 -0.17346229885421699 -0.15938208073837212 48 50 54 0.4428560945869956 122 76 127 89
675 1.9867326542639534 -2.1849087570266019 1.3915361625826361 69 71 75 0.5349694521931232 125 1 126 4 127 42
674 -0.37771804530004022 0.78526102046527468 4.848099154240745 44 45 48 0.70495222479573749 122 27 127 31
673 1.1437872430018192 -0.75228142610989601 3.9820605624146435 24 24 25 0.66803138870966916 122 18 127 29 128 57 129 32 130 63 132 27 133 24 131 26
671 0.18732140109015549 -2.6641412424076116 2.0881797016278343 85 86 91 1.041174761602125 125 10 127 10 132 38 133 70 131 45 134 86 135 114 136 195 137 204 138 245
669 4.743334143196849 -1.8666712452667751 6.6781090177612112 33 36 45 0.53277199297412214 120 241 125 217 126 216 127 245
668 -0.62460771457357522 1.0160299330535771 4.1997537402380072 15 15 16 1.9472532854648394 114 41 115 49 118 34 119 85 123 36 125 42 126 125 127 77 112 72 132 122 133 148 135 164 136 283 137 247 135 212
667 3.4361772450700339 -4.7220000028128899 6.243043802732708 57 58 60 1.0997139795837565 114 336 115 358 117 388 118 344 119 388 120 311 121 353 122 372 123 385 124 388 125 330 126 342 113 276 116 369 127 329 128 325 130 345 132 308 133 321 133 368 131 316 134 346 136 418 137 396 138 388 139 354 140 347 140 381 105 317 141 361
666 2.6178825860318056 -3.9300077009976691 7.8766129132803053 31 34 43 1.824958124479328 120 160 121 181 122 222 123 254 124 262 126 209 119 183 124 222 117 185 109 129 116 171 118 103 120 106 108 235 111 99 113 109 114 143 115 127 127 210 128 241 107 255 129 233 130 269 132 228 133 273 131 243 134 309 135 334 136 339 137 359 138 355 139 323 140 309 141 322 142 301 144 355 146 308 143 307 144 310 145 288 147 327 149 335
665 -2.2729312580986774 1.2056805400352586 -0.080038141768876664 0 0 0 1.1737710507959891 108 388 109 372 125 388
663 3.920271277643578 -3.8355367956930326 3.673396132368568 1 1 1 1.108676867655445 109 294 125 400 126 408 110 259 127 389 128 378 129 386 130 399 132 337 133 362 131 341 134 394 135 408 136 447 137 431 138 422 139 384 140 374 141 357 142 318 144 338 143 336 145 316 146 295 147 312
662 -2.2351878835710277 1.5126207399873015 0.075665770168844099 79 80 85 0.15869782757284154 124 425 125 358 126 403
661 -2.2575157863289372 1.5832573957968192 0.45559100439377831 2 7 23 1.6671040055419848 124 453 125 394 126 402 127 379
660 0.12849400482224882 0.30874681490448624 5.0832420127789346 42 42 44 1.3900829653072222 125 381 126 397 127 374 128 366 129 374 130 411 132 374 131 371 133 416 134 448 135 449 136 498 137 490 138 475 139 442
658 2.3817921620808762 -2.6093070944639196 2.6136756555758849 63 64 68 2.4014007854666999 122 367 123 377 124 432 125 367 126 378 127 391 128 380 129 389 132 358 133 428 131 363 134 456 135 454 136 464 137 459
657 -0.83410833336033696 -1.2021328169825547 0.62777165816970792 58 58 61 1.8891599575761358 123 429 126 376 127 387 128 376 130 398
656 -0.83410833336033696 -1.2021328169825547 0.62777165816970792 58 58 61 1.8891599575761358 123 428 126 375 127 386 128 375 130 397
655 2.5671984713127962 -3.7320783507288278 4.3986150104988795 0 0 1 1.9520885826738874 118 340 121 349 122 370 125 327 126 339 123 431 120 347 126 380 124 436 127 324 128 323 128 272 130 341 132 262 133 317 131 272 134 338 135 369 136 413 137 394 141 358 140 342 142 321 139 348 131 343 144 370 143 366 145 344 146 333 147 354 148 366
654 6.5540520219087597 -5.1607002407956637 6.099463040435154 183 190 202 1.1643446231858461 116 337 117 347 118 296 119 334 121 346 122 323 123 381 124 385 125 326 126 338 120 306 127 321 128 322 129 331 130 373 132 305 133 319 131 311 134 340 135 372 136 414 137 358 138 352 139 319 140 304 141 316 142 294 144 306 143 303 145 285 146 259 147 279 148 300 149 324 150 307 151 274 152 259 153 251 104 291 154 234 155 256 156 235 157 226 158 222 159 237 160 326 161 306 162 257 163 216
653 -1.9648876746831245 0.39522498125855204 0.019281877714337411 16 24 45 1.1142423927295457 108 302 124 306 125 254 126 310 127 295 128 338
652 3.2586305864265848 -6.1569252630669125 7.7443830304776657 140 145 154 1.410647758101637 118 342 119 335 121 305 122 290 123 336 124 339 125 288 126 296 109 324 116 367 117 385 111 322 113 300 115 417 108 354 112 308 110 332 114 393 127 282 107 370 108 326 128 273 129 290 130 299 130 342 133 320 134 345 135 374 136 416 138 428 139 388 140 380 105 350 106 330 107 343 106 353 141 359 142 323 132 307 134 398 135 411 144 344 143 340 145 320 146 335 147 356 148 368 149 361 150 348 151 311 152 297 153 284 154 265 155 288 156 261 157 252 158 243 159 258
651 3.8646174028418154 1.1958877090375206 3.6568176806810127 52 53 57 1.2139874860093121 124 326 125 271 126 276
650 -1.8154612750337098 0.13704178097682007 0.47135984940511844 16 26 49 0.21895641708716815 114 240 126 259 127 243
649 1.079956174689956 -1.2759256518162092 0.93076623025315186 2 3 5 1.9458978517319609 123 188 126 249 122 132 127 279 128 318 129 354 130 396 132 335 131 336
648 1.034444608054595 -1.2289809277144579 0.88173816866117638 2 3 5 1.7899433803374127 124 253 126 248 127 278 128 317
647 0.85049332634901387 -1.3751415799474436 0.76753603990003849 53 56 64 0.69570454896907419 124 296 125 242 126 245 127 227 128 234 129 278 130 288 132 248 133 297 131 259 134 323 123 286 135 349 136 388
646 0.88453975254908879 -2.1997818886725327 1.7858401068284293 55 56 60 1.4865989977607128 123 249 124 252 125 210 126 204 122 254 127 184
645 -1.4171920986212887 1.3493621850708035 2.5159895947139872 10 10 10 0.53264898558732654 125 176 126 198 127 204 128 232
644 -0.16377270547501496 -0.49777904546272589 2.971047344061724 42 44 48 0.42429981046945575 123 168 125 163 126 188
643 -0.6471584559990079 1.1464972991825166 3.7569134570469602 52 52 54 1.0741794488123124 124 208 125 175 126 172 127 175 128 180 129 187 130 223 132 186 133 221 131 202 134 263 135 296 136 330 137 340 138 370
642 -0.09288585200941063 0.40050943672685713 4.6178796361259664 1 1 1 1.3373112982854762 124 202 126 170 128 208 129 217 130 255 132 214 134 213 122 107 123 140 136 325 141 341 142 314 144 331 143 324 145 308 145 338 146 325
641 0.29021656241803911 -0.91788686208009129 4.4396941290708352 76 80 88 0.85281789444315803 119 189 126 164 127 109 129 92 131 126 138 223
639 -0.62107677083652413 -0.25410808132419554 3.307251075619122 21 22 23 1.9189647143500455 108 39 121 17 126 118
638 1.0987839374722845 -0.67583203547257997 3.7396654935513007 59 60 64 2.0169412393224095 108 24 126 106 127 112 128 106 130 144 132 116 133 92 131 97 134 119 140 189 142 214 143 211 145 222 146 191 147 211 148 261 104 125
636 3.4141009416540467 1.3973481040619571 3.3374879373814252 33 32 33 1.0778411822277052 124 60 126 74
635 2.701040038777295 -1.2871481696732454 3.1668898673054962 34 37 46 1.8656505588766716 124 115 132 78 122 40 121 41 133 50 120 27
633 2.2642068813892835 -4.5807951858910432 4.7509053543532724 37 37 39 0.58450969175529544 121 0 126 49 123 0 131 109 123 114
632 3.8920981734289057 -2.4104964496084262 7.7343419788331484 184 191 203 1.3317990454683841 123 441 124 444 125 376 126 388 127 398 128 389 129 397 130 407 132 347 133 405 131 368 134 442 135 416 136 470 137 465 139 418 140 408 141 367 142 349 145 361
631 -0.32410338066499955 -2.1453222858774623 1.2249461743211107 163 169 179 0.65728357859591469 124 294 125 281 126 244 108 288 127 229 128 236 129 250 130 263 132 222 133 300 131 237 131 263 134 325 135 347
629 0.75163006112171105 -2.6546803811941047 1.7209703875035158 125 129 136 1.9292720048555179 124 105 125 50 126 46 126 80 127 47 117 2 106 0 128 69 128 70 127 46 129 107 130 114 132 102 132 103 133 115 131 107 134 150 135 183 136 192 137 201
628 -0.81604470347082381 -0.80854821619493833 2.2215047095836771 46 47 49 1.9017053560806942 121 96 122 82 123 127 120 25 124 114 125 108 107 132 127 96 126 93 106 184 128 134 129 127 123 126 130 128 131 119 124 111
626 -2.2002973540307891 1.5724643721132363 0.40490645689858434 2 7 23 1.8848904585380073 108 398 124 454 125 395
624 1.140478212416097 -1.5169863759966256 1.2491244815468361 4 5 7 0.54712488158823913 122 321 123 376 124 381 125 366 121 266 126 377 127 388
623 -2.234690248970133 0.090362002905906694 -0.72707387290790226 81 82 87 0.61834430447152466 124 430 125 364
622 -0.2830852389677026 2.2252628297470651 2.0843419903665601 85 86 91 0.25332445897314892 124 374 125 362
621 -2.0880889875610942 1.2286141012226695 0.20397551806767719 71 72 76 1.1619822346642561 123 363 125 348 126 361 127 376
620 3.2516108023970145 0.44473914254887437 2.9944678470630182 29 29 31 0.36060711609149609 123 314 124 360 125 347
619 4.3158907822338959 -3.8811416108471382 4.1657825408846092 61 62 65 1.1090078674224368 117 299 118 293 119 330 121 342 122 368 123 378 124 382 125 323 126 335 127 318 128 358 129 357 130 370 131 308
618 -0.1033750913766889 2.2241806803633075 2.1803220622664443 28 26 27 0.43823841982210893 124 375 125 316 126 372
617 -2.2620442572916581 1.4489166821851949 0.087024185644099625 0 0 0 1.6256121622056923 108 317 124 325 125 312 126 365
616 -1.9676408394484552 1.0010169329483021 0.4718630889280081 46 56 55 0.10698733846776615 124 318 125 304 126 314 127 347
615 -2.2334757927662219 0.40677477418726171 -0.28069320041552848 76 85 83 0.22964123300600106 124 350 125 295 126 304 127 292
614 -0.49657183144720668 2.2182865898640336 2.1448295969001889 39 39 41 0.124489066812334 124 292 125 277 126 280
613 -0.50761480239215018 2.1237298084394967 2.1539546211024798 22 22 24 0.21248807038586218 124 289 125 276 126 279
612 -2.2405946887886481 1.3859616311589409 0.086041094232006302 81 82 87 1.6698635397307335 108 285 124 283 125 269 126 324 127 354
611 -1.968015698208798 1.2521792973692352 0.65208911165884431 38 59 48 0.25872999519240142 124 281 125 264 126 274 127 258 128 299
610 3.2497336214610808 0.58117593239854282 2.9797447079674981 68 69 73 1.7978051172632858 122 279 125 262 126 272 132 285 133 342 134 316 135 342
609 2.2778610090820473 -4.1323468345453334 4.345158710973517 10 10 10 0.64281237949227521 119 303 122 288 123 289 124 299 125 246 121 304 126 252 127 233 128 216 129 230 130 233 132 199 133 234 131 215 134 272 135 305 136 336 137 318 138 330
608 3.1244981841792954 0.25916441007374147 2.9874024697327428 0 0 0 1.2393445273729533 123 232 125 221 126 267 127 252 132 280 133 283 134 315
606 -0.51903106677653144 1.9709591476647965 2.4230544662567062 27 25 26 0.2875176454818697 123 245 124 246 125 205 126 234 127 262
605 0.54686970380166089 -0.94063191636992338 4.1893228089784929 21 22 23 0.56186462297295758 120 166 121 205 125 196 126 186 127 195 128 229 130 247 132 209 133 247 131 222 135 311 140 319
604 4.9648393992955668 -1.7898528064318611 4.6017329958138502 184 191 203 1.9170669568193834 119 185 121 184 122 187 123 223 124 229 125 195 127 214 124 267 126 261 122 298 128 287 132 230 131 281 134 245 134 280 133 200
603 -0.52427215271014749 -1.7724515751632459 2.4617357610213326 48 50 53 1.7355219895582863 125 187 107 252 106 301 130 116 133 118 134 307 135 232
602 0.95374893455157783 -2.3216744900727595 1.8948343980388402 51 52 56 0.23150622266874091 122 218 124 216 125 184
601 -0.34935928529247934 2.0905368229545824 2.280070864165932 16 16 17 0.3340029549229489 124 178 125 179 126 175
600 -1.2416799218809829 1.0876105141994141 2.4855571098675191 7 7 8 0.72869367925337125 124 207 125 173 126 171 127 174 128 181 129 220
257 2.4121583636998154 1.9315810365080728 0.32024154676092575 146 152 161 1.2146789209098503 113 261 114 315 115 370 116 384 117 410 118 376 105 215
2614 0.55626128273058695 1.1048486491646927 -3.1953368648670688 158 164 175 0.5926717834180818 99 101 96 154 100 112
256 2.5048780697867774 -0.49152220132677776 0.03342290929385705 19 20 78 0.38693322159869786 112 229 113 245 114 335 115 355 116 365 107 283 106 275 105 265 104 234 103 204 102 168 101 107 100 96 99 104
2613 0.55194003435037942 1.1041865449368253 -3.1943915168301023 158 164 175 0.56114976751143364 99 102 96 153
255 2.5048780697867774 -0.49152220132677776 0.03342290929385705 19 20 78 0.38693322159869786 112 228 113 244 114 334 115 354 116 364 107 282 106 274 105 264 104 233 103 203 102 167 101 106 100 95 99 103
2612 -0.70314853719750692 2.3589172889450838 -2.0367848348072743 94 95 101 0.8089867009789643 97 90 96 143 95 177 98 83 94 196
254 1.2268437928268119 -2.7508662869070362 1.8137696596833375 43 43 46 0.90730572994071867 110 219 111 202 113 239 114 294 115 350 116 361 108 259 107 278 106 297 105 314 104 285
2611 1.0284612066716963 2.0338362094200031 -0.76988304806502528 64 68 78 1.8677178561092631 97 63 96 124 95 164 94 156 93 184 92 194 91 193
252 1.1231630492294378 1.9218619440953577 -0.69844202254567456 166 172 183 1.7036937605418401 118 329 115 341 104 93 107 152
2609 0.47527903294387031 2.6391453884226563 -0.3933183983189803 15 15 19 1.170616814239722 98 70 97 80 94 162 93 165 92 170 91 151 90 192
251 2.5025197088441495 1.3066302830722529 2.0620058191502038 50 51 54 0.89992866754858014 110 241 111 229 112 210 113 219 114 309 115 338 109 235 108 244 107 264 105 246 104 244 103 186 102 157
2608 0.59423092154561963 3.3335677594934667 -0.93006930565941914 184 191 203 0.94321242886006973 98 147 97 146 96 191 94 221
250 -0.60675632311379835 -0.25505797515885942 2.9310622256835339 30 31 34 1.7635749577473203 110 234 117 275 118 200 119 227 120 169 109 274 119 281 121 208 122 233 123 226 124 271 126 192 126 218 127 247 130 318 134 368
2607 -1.1210156864350174 3.1470300622420115 -3.0102614284727198 50 51 54 2.1377875358936529 97 134 96 158 95 195 94 192 93 203 92 211 91 186
249 0.53117701647845439 2.3902219667861222 -0.40192752099484108 29 31 38 0.14116283464414695 114 251 115 314 116 355
2606 -0.71403524918498207 2.3965584553614256 -2.1244371563267936 0 0 0 0.47344329829985971 98 82 97 89 96 142
248 -2.5425397995116827 1.620121175390367 -0.53510538227902549 17 26 21 1.6479920096960132 114 292 115 312 116 287 109 318
2605 1.3272329582459048 2.22596524807873 -0.91161809989611553 184 191 203 0.85719823823021124 99 74 101 97 97 84 95 173 94 173 93 181 92 191 91 164 90 182
247 7.0560562900730588 0.54608445681724638 6.8533070004775265 159 165 175 1.9642176927394899 112 208 113 217 114 282 118 323 115 305 111 227 119 366
246 5.5862186861142433 -1.1994503075180132 3.4729798682494493 174 181 193 1.302789759937691 111 179 113 203 114 239 118 359 115 300 110 197 116 306 117 313 119 404 109 210 108 213 107 124 110 119 112 52 106 223 105 237
2603 -1.0278393970274098 4.1119462339860462 -3.8374105796147147 33 36 45 0.89985676079547761 99 117 97 74 98 85 96 133 98 125 95 156
245 2.7963353655368546 1.2792049756247337 2.6718409127716245 61 62 65 1.7421441200932422 113 161 114 213 118 252 115 265 112 69 116 188 117 249 119 247
2602 -0.823137201651711 3.0848498099831416 -3.6540820402083121 32 35 44 1.7316432017089849 103 282 97 60 96 119 95 153 94 145 93 144 92 145 91 120 90 97
243 2.431088643582243 0.41952385696130046 2.0481563274015224 70 71 76 0.71213466600411546 111 149 112 133 114 205 115 204 116 239 109 187 107 201 106 194 105 185
2600 1.5608703079437447 2.1423325784550893 -0.76791147773002566 184 191 203 1.7692849532094139 99 48 97 38 96 109 98 44 95 157 94 153 93 180 92 216 91 190
242 -0.77735170998683767 -1.2398265189590876 2.2998692006225192 31 32 34 1.0957883140043967 110 154 118 143 115 197 116 169 117 181 109 207 121 200 108 232
2599 -0.71890306484747557 2.3144379354913935 -1.9642547446667316 51 52 55 0.27412341721668171 98 14 97 18 95 55
241 -3.2763149403236609 2.2708968046676081 -0.8205524234845194 73 75 79 0.90492547469635398 114 177 115 183 117 111 120 58
2598 3.724853991772398 -3.9287304138563623 8.6450687658364487 99 103 113 2.2971938658399718 174 112 175 124 176 114
240 1.9790024965689745 2.4847293951389706 -0.42347553267549926 149 155 165 1.0671068043934435 113 28 115 158
2597 2.7524695138862421 -4.406613615909027 7.0427756573323324 43 45 48 2.7594698815325556 175 179 176 156
239 -0.47320723449904173 -0.15140392163458688 3.1807590317967072 36 37 40 1.2725669185549853 110 25 111 77 112 98 113 16 115 138 119 126 121 61 122 58
2596 2.6416409699933316 -2.8298472691325061 7.5619874648790537 37 40 50 0.18041732518440984 175 192 176 153
238 2.0935167900505172 2.4399930692434983 -0.42448589500657269 150 155 165 0.67211521106235839 113 24 115 115
2595 5.7052604802041786 -3.3702740095343233 7.1488442384640143 33 35 45 0.27843823938056572 174 134 175 168 176 138
237 2.3749830014919446 0.22810003337876347 1.832871501338966 84 88 97 0.79528265806302312 110 14 111 61 112 57 113 58 115 94 116 82 109 32 108 60 107 48 106 55 105 62
2594 6.6833290736145301 -3.6272810146609902 7.2818959974516764 184 191 203 0.75636986545971163 174 127 175 161 176 132
236 -0.7579319069495325 -1.003389480204173 2.2092871756868471 14 15 16 0.56185624122395683 110 116 111 53 113 51 115 80 116 118 117 120
235 -1.2062749076245585 -1.5097724267820458 1.9187099769373357 17 17 19 0.5231390004512495 118 47 115 76 117 116 119 101 120 99 121 137
2592 4.7770710799199314 -3.7809434652497331 7.3849384001920626 36 39 49 0.63323421950914738 173 117 174 111 175 123 176 97
234 -3.2070430669260892 2.2177230262756971 -0.7668679056704405 65 71 72 0.15695508373492634 114 135 115 74
2591 5.7403011715494943 -3.2129862576337276 6.8369762652494792 77 78 83 0.21745113459737905 173 88 174 96 175 96 176 89
233 -0.23717243999840157 -0.25120182485433479 3.2771639780458472 15 17 21 0.66968697583326486 110 23 118 123 115 37 116 31 117 98 109 157
2590 3.5818380260876377 -3.984117132513683 9.5009396363769945 19 21 26 1.9339431682035706 174 113 175 113 176 83
232 0.50288735455698208 -0.8460428211097043 4.2749531583614964 63 65 72 1.2630059191490564 120 38 121 51 124 121 125 70 126 103 127 110 128 103 132 83 133 86 134 110 135 137 136 165 137 158 139 202 130 142 140 196 141 226
2589 6.4446472515206503 -2.0402353561025506 7.181985947892862 100 104 111 0.48325441392247037 175 87 176 78
230 -0.69250795246166708 2.3632082800513694 -2.0221382340390628 97 99 104 1.4758603441788054 113 360 114 455 107 333 106 321 105 309 104 276 103 214
229 -0.22602179803250597 2.4826422322578852 -1.7210390353462344 38 41 51 2.2937829750479497 113 358 114 454 105 280
2586 6.3727134739175613 -2.1343463562514362 7.1290648595049273 140 146 155 0.63928021656951861 175 57 176 41
228 -0.70586312383820105 2.4534306158413628 -2.1872485432253952 97 98 103 0.57669521395989032 113 320 114 436 107 306 106 322 105 310 104 278 103 215
2585 2.4609487830451378 -3.3876208559598817 9.343116875173834 52 53 56 1.0129744354228016 172 53 176 17
227 1.9590561429490594 2.2667276142577562 -0.51006343964183998 184 191 203 1.7262230884500709 113 354 114 433 115 454 116 426 117 484
2584 3.69758311633466 -3.9393265424251633 8.4092255570693926 45 47 55 3.4465974110485065 173 74 175 55
226 1.8615819180625037 1.4986258654073834 -0.034182183477609492 46 47 50 0.4834026195235423 112 337 113 350 114 432 115 488 116 459 109 366 108 381 105 381 104 354 103 278 102 268 101 175 100 154 99 144
225 2.7345827890114158 0.57989181347808494 1.3914632990135187 85 88 94 1.285157117233952 110 317 111 304 112 290 118 444 114 408 115 438 116 438 117 464 109 333 108 334 106 363 105 358 104 327 103 276 102 267 101 174
224 -2.6006240854381675 0.80928215796586855 -1.0053268619265838 3 11 30 1.3811142074172706 118 397 114 401 115 429 119 424 120 325
2581 2.4894632331166657 -3.2728580596344572 7.2765814159838991 42 44 48 0.32714939546330041 174 173 175 188 176 152
223 -1.1589733862027407 -0.87083851383649502 1.7059720574344954 20 21 23 1.1893851995088252 110 336 112 287 114 398 115 425 117 435
2580 2.8830066666124647 -3.9358042210472988 8.7281457340175344 42 44 48 1.7012081825202501 171 150 174 170 176 148
222 -0.20032550814845246 -2.4015529572649843 1.5111342599619593 95 97 103 0.78928502785112642 110 288 111 274 112 255 113 271 114 354 115 384 116 359 109 291 108 323
2579 2.507591554484585 -4.7618469656670772 7.5453361785188973 43 45 48 0.91409947020176407 174 176 175 180 176 144
221 0.2437359326633842 -2.0439007384953771 1.0279701297691626 184 191 203 0.99610924186910044 110 217 112 223 113 237 114 328 111 200 115 383 116 358 109 251 111 241 107 310
2578 2.5730819649130265 -2.9337624858720437 7.4126646390804121 122 127 135 1.505622566039422 173 184 174 174 175 174
220 2.9420470953103868 -2.0911514686783126 0.44206105213087948 13 13 14 0.75966288318067698 110 253 111 273 112 254 113 270 114 326 115 380 109 252
2577 5.4324316766538674 -3.406395494264749 7.1308637995465771 0 0 0 1.4424841775670081 172 137 173 137 174 152 175 167
218 2.8399420608206136 0.95158457036105937 2.288928186926642 46 49 59 1.598193390789153 110 269 111 253 112 240 113 256 114 308 116 314 118 324 117 327 119 367 120 334 109 275 121 385 122 407 123 419 108 275 124 452 107 298 106 288 105 273 104 243 103 210 102 171 101 109 100 101 99 90
2575 3.0223402094503808 -2.5292541290183062 7.2989006159505072 9 10 12 0.74983481131131458 174 140 175 150 176 125
217 0.16816678882741501 -0.89672361850752857 4.4042424667885172 63 65 71 1.1887924973966106 110 268 114 305 117 320 109 304 123 260 133 279 131 244 136 378 137 367 139 332 140 358 141 329 143 355
2574 6.7825591400976961 -2.5497531906503954 7.3116252288791905 184 191 203 1.0289825083551842 174 116 175 146 176 105
216 -0.38518141819919571 2.0716178945159989 2.5223527857043333 33 33 35 0.64534351098770626 112 185 113 229 114 291
2573 3.7693473934290229 -4.0194002100593993 8.3018993698258203 102 107 117 1.4168679114530165 173 131 175 135
215 -2.2812339662008179 0.83520826150712268 -0.2705859727089408 35 38 44 0.09320722425561917 112 206 114 278 117 279
2572 5.387189832818887 -2.470452032258204 6.395434416560378 97 101 111 1.0996137807181294 174 87 175 120 176 108
214 -0.87392028002216215 -1.0899184672977418 2.1945445589069816 63 64 68 1.0640689727851229 111 206 112 193 113 198 114 263 115 324 116 299 118 301 117 303 119 307 120 228 109 259 121 270 122 292 123 293 124 301 125 250 126 256 108 296 127 237 128 240 129 257 130 267
2571 7.013761064854795 -2.0848364358487124 7.7613131085483413 159 165 175 1.7292495086738626 170 17 176 73
213 0.36452730719669663 1.9165575168933024 -0.61052380786163007 148 154 164 0.94332800043907383 112 141 114 248 115 271 116 248
212 -0.62071280025436015 -0.2175452936541149 3.2839310402578814 54 56 60 0.90047189864454324 111 220 112 136 113 214 114 244 110 236 115 262 116 237 110 206 117 280 109 214 108 220 107 207
2569 6.2147842141953902 -2.1917298654911939 7.0509721121953994 147 153 162 0.30144126711957009 174 99 175 104 176 94
211 -0.79797766756646193 -0.70995979980290247 2.3137848556868863 53 55 58 0.14209724561218393 110 199 114 241 115 257
2568 6.3836141191590565 -2.1588197968028728 7.1700310900698483 116 120 128 0.77091287280771714 173 69 174 57 175 84 176 58
210 1.5537590028043349 -1.032187007467442 -0.31804948005504874 100 103 109 0.88611931704564784 111 126 114 226 115 286
209 -0.63685263380599966 2.1027842634867082 -2.2573519866312122 149 154 164 1.2252763368517692 112 148 114 224
208 0.12238957173709855 2.2766511595238335 -0.5313839967439602 43 44 47 0.80278605858914187 111 83 113 163 114 217 110 27 109 161 108 96 106 133
2565 5.2627550658477515 -2.8627107308179998 6.9132523353057884 60 64 73 2.0205074821934761 173 64 174 43 175 48
207 0.10401028318624191 -0.60968297237238456 4.066056019050527 10 11 14 1.5452680587197518 110 203 111 152 112 135 113 157 118 238 114 203 115 260 116 235 117 276 119 229 120 203 109 213 121 242 123 262 108 241 124 270 125 218 126 217 127 215 107 297 106 315 105 304
2564 3.631054465283531 -4.3869003244744258 8.6919189159575847 99 103 110 1.2452983304055647 173 17 175 24
206 -3.2280858362168665 2.2237459729001396 -0.75520868052471446 73 74 79 0.29756688972132844 118 138 114 176 115 182 121 132
2563 5.3029612969639262 -3.5293651568455799 7.7158732440894928 33 36 45 1.3381570860652765 171 131 174 169 175 187 176 151
205 0.36291899467568495 -0.65274457872486402 3.9000512902147717 19 20 23 1.0545274728681433 110 129 111 105 114 153 117 144
2562 4.5363923017190864 -3.6941753120606569 7.7668000716134955 33 36 46 0.80299614177056478 172 159 173 173 174 167 175 166 176 149
204 -0.73591078901223261 -0.85367999597722033 2.4325308480428367 15 15 17 0.31124881546547878 110 123 111 59 112 89 113 57 114 148 115 128 116 126
2561 5.3307785003499921 -2.7148496924983752 6.2013939734110748 158 164 174 0.7762881150932589 172 139 175 177
203 -0.83942428188693941 -0.96813860103838512 2.1437384738099392 16 16 17 0.31344436615227533 111 98 112 126 113 50 114 142 110 156 115 126 116 117
2560 3.7083476476094739 -3.4966380564416126 8.22538960701843 22 24 31 0.14312673317487293 171 116 174 135
202 -0.92679121050621616 1.2385907838652217 3.172721093232536 20 20 21 1.8932953695555517 111 82 114 99 110 30 115 110 117 107 119 29 108 99 107 216
2559 5.7274225969451207 -3.4850574829193803 7.2745735490267478 137 143 154 1.884629113165375 172 135 173 135 174 133 175 139 176 135
200 -2.6041819447906862 1.6114256307050894 -0.47948219955839322 8 12 10 0.11167944870058061 113 32 114 58 116 41 117 64
2557 4.1667777799705048 -3.0785781330409483 7.9494716114149213 28 30 39 0.73844521733051716 174 115 176 104
199 -0.27446030998067095 2.1036994307257517 2.2151518018692089 60 60 64 1.9468229938228014 114 52 117 66 118 90 119 33 120 57 121 82 123 186
2556 5.2528167272502015 -2.7452618523339929 7.1233352371118093 28 30 38 1.2293150748783008 173 90 174 98 176 70 175 98
196 -0.19183278279835198 -0.61520749438940203 3.8793701351658072 69 72 77 1.7912487566644972 110 80 112 21 114 27 115 33 119 23 109 37 111 70 133 28 139 28
2553 5.8342298714678558 -3.2619228797605331 6.9378566536250377 0 0 0 0.5528346142425995 172 85 173 105 174 94 175 116
195 -0.919942687237152 -1.0439226799416168 2.2743439803842547 18 19 20 0.37533913426618043 111 9 114 8 115 79 118 102 116 54 117 119
2552 5.3753590333954548 -3.2958261081650972 6.6101391002018453 8 8 8 1.6600726180337386 172 79 173 101 174 90
191 -1.161556633662632 -0.23327686199777076 1.9833855743984818 22 23 25 1.262337767606283 118 441 113 371 114 445 115 484 116 454 117 475
2548 5.0860128431189233 -2.9068478432090572 6.7894224695059853 63 66 76 1.2880252439345279 173 63 174 42 175 47
190 -0.74300439375560623 -1.6894936234619791 0.77848822463441636 1 1 1 0.83920385824615307 110 373 113 364 109 396
2547 3.7140920305670075 -3.1168349245398193 8.4520099682178174 44 46 55 0.60864511624647866 172 64 173 46 174 36 175 44
189 -0.51822086886032748 2.622371306096309 -2.4087694012168162 49 50 53 0.7175786637358732 112 329 113 362
2546 5.000014980001378 -2.2917558338316204 6.9067473007343372 21 19 20 0.55588460201882195 172 188 173 193 174 182 175 198
188 0.27629839904855613 2.3801710784722414 -0.24845441982573327 19 19 20 1.0147280450665144 110 349 113 357 109 374 108 386 107 407 106 373 104 358
2545 5.6818594439010495 -2.4532264202019389 6.7470883210800237 33 36 45 0.64420548694992885 171 117 172 169 173 192
187 0.26852549314650365 2.378281423057548 -0.25610083734875555 19 19 20 1.0008462219971808 110 348 113 356 109 373 107 406 106 372 104 357
2544 4.4426111489227491 -3.8618470486041603 8.1465859921779007 176 183 195 1.4910591274242193 171 128 172 156 173 170 175 164
186 -2.2230566463696837 0.48744037646466098 -0.22289939119443702 3 11 30 0.77821940631768571 118 421 114 402 115 430 116 412 117 461 119 425 120 353 121 400 122 437 123 461
2543 4.4444548771533006 -3.8714338238168313 8.1676518694708893 176 183 195 1.8357620893652253 171 127 172 155 173 169 174 149 175 163
185 -2.3340534553082684 1.0538158918733438 -0.26022027033565454 25 31 31 0.18881474627671979 112 319 113 333 116 420
2542 5.233278391938172 -2.7420714204537049 7.1881181602868347 28 31 39 0.67025101399187892 172 124 173 141 175 191 173 175
184 -1.1484026069043594 -0.63127000031564151 1.7538942139608582 20 21 23 1.0497854506812425 110 337 111 327 112 312 113 328 114 399 115 468 116 435 117 460
2541 2.6386002333260787 -2.6345088526082936 7.6219870429106429 36 39 48 1.6394943216528581 172 127 173 124 174 122 175 148 176 122
183 -0.2983808030083776 0.84078721192669459 4.4646886905875158 31 31 32 0.87105296197969362 110 346 113 313 114 368 115 397 116 383 117 403 109 371 108 365
2540 5.86123055293998 -2.5133264764764109 6.9342689058317166 112 117 127 0.27413411203745985 172 106 173 109 174 78
182 1.4385967525486167 1.3996875508131337 -0.18301811355317768 184 191 203 1.772995423453642 111 291 112 271 113 308 114 365 115 442 116 421 118 448 117 467 109 273 108 273 107 291 106 313 105 302 104 269 103 208 102 205
2539 5.8509732856212748 -2.5169634245067569 6.9246437165055212 112 117 127 0.23039000754396605 172 105 173 108 174 77 175 80
1290 6.1476414436065241 -3.620301351787039 7.0522111243823025 158 164 174 1.2137087968016675 117 182 139 188 105 210 143 162 153 74 159 105 160 181
181 2.1598115405116221 -1.1601327100971983 -0.65196264770646473 158 164 174 0.7949964004211878 110 287 111 272 112 282 113 296 109 292 108 290 107 311 106 298 105 287 104 258 103 199 102 185 101 113 103 223
2538 6.0604901397733277 -2.4071573190341211 7.0599381966376011 55 58 65 1.1622719832421002 172 107 173 93 174 80 175 83
1289 24.612657367686531 11.54698628217524 9.6699664237793073 141 146 156 1.280934181188671 113 131 139 169
180 1.6966101402968576 -0.93675822293048605 -0.99365381902692262 0 0 1 1.3930826484999459 110 286 111 271 112 281 113 295 109 290 108 289 107 309 106 271
2537 5.3448544288889686 -2.6862274302954927 7.1925683483850884 86 90 100 1.0552323849812826 172 93 173 92 174 75 175 99 176 47
1288 2.2661387217383067 0.77395891702539321 1.1405147256385104 145 151 161 0.76207600486123428 136 186 139 165 140 146 141 52
179 -0.52793692203410636 -1.6309784970045358 0.8955925542439066 1 1 1 1.072091009013737 110 289 111 275 112 257 113 273 114 330 115 385 116 362 117 382 109 322 108 325 107 341
2536 5.5393296631178988 -2.3933529092830037 6.4684561461962016 76 80 90 1.6798600560777524 172 76 173 82 174 64 175 71
177 0.13322772772355215 2.3029171808198292 -0.52211191197581308 36 37 39 1.3889129746542683 111 197 113 231 108 223 107 234 115 343
2534 6.0207454492270021 -2.3881985455736481 7.054946440009795 62 65 74 1.4709931707993027 172 54 173 67 174 47 175 64
176 -0.96928549846281342 -0.53817770366683237 1.9530294320515895 52 53 56 0.35720024390609656 110 231 111 216 113 209 114 272 109 267
2533 4.894628829707429 -2.9467456889652826 6.3819428743564233 62 66 76 1.4834388172500401 171 83 172 102
1284 0.42387414879663615 -0.87795394111985425 4.1302579218986049 25 26 31 1.4168385035160391 106 67 140 193 105 111 142 192 144 209 143 217 145 226 146 196 147 217 148 264 149 260 150 230 151 241 152 224
175 -1.9796127957911496 0.32104581820926348 0.035832703858274341 2 9 30 0.11997454536526199 111 214 112 200 113 207 114 270
2532 5.0447545156289113 -3.6407770886492288 8.0961201515340893 40 43 53 0.66044631845613899 171 132 172 178 173 180 174 168 175 186 176 150
1283 2.7377821488986545 0.14676729797242843 1.0449897954072993 35 41 54 0.93915767560060792 136 275 139 143 140 125 141 145 142 142
174 -1.9745889926531732 0.36138172174698796 -0.040260138040406221 2 9 30 0.44030454305771521 111 213 112 199 113 206 114 269 115 331 118 310 116 305 117 309 119 311 120 233
2531 3.7073071045932475 -4.8420029184253384 9.8893816619623145 184 191 203 1.9367431994398387 171 124 172 153 173 165 174 145 175 156 176 145
173 1.1422672653693202 2.0065728969465724 -0.84038809018282912 180 187 199 0.89833404950299611 112 212 113 186 114 287 115 311 116 322 105 216
2530 3.4732346084697734 -4.4799920676448748 8.6460899907059865 184 191 203 1.9140031778453444 170 111 171 123 172 173 174 144 175 182 173 163 176 130
1281 3.681876301072839 -5.28342550815265 9.7649436422106604 123 128 136 1.5181164281112105 116 170 118 54 137 145 139 134 117 19
172 0.46115554774284628 2.5306559682034955 -0.24628363591614205 40 41 45 1.9839872858223535 111 119 112 108 113 168 114 223 115 219 116 253 109 162 108 168 107 156 106 134 105 124 104 103
2529 5.7962696540422707 -4.0004230080269236 6.598036182106771 184 191 203 1.6932006853079093 170 122 171 122 172 172 173 190
171 -0.32751457549141344 2.3699293646601105 -2.1947012944166455 146 151 161 0.90059195942128656 110 106 113 133
2528 3.0333203109151303 -3.4161165212151929 8.473348671284251 97 100 107 1.1124363196847424 170 104 172 167 175 142
170 -3.0623572773027914 2.0950051595150256 -0.53642525862515444 34 43 41 0.62300649342740377 111 123 113 97
2527 3.0333203109151303 -3.4161165212151929 8.473348671284251 97 100 107 1.1124363196847424 170 103 172 166 175 141
1278 0.79511423782865975 0.34787976293429873 0.35816263268442061 125 130 138 0.17840720678259994 137 66 139 64
169 -0.83267146433241357 1.1892802731239109 3.844950045465791 19 20 21 2.0546583119797432 111 81 112 105 113 75 110 29 114 98 115 109 117 106 119 28 120 15 109 197 121 79 122 124 123 149 108 98 124 174 125 149 126 151 127 159
1277 0.81504249315533084 0.30473701757217225 0.41078171079827625 134 139 148 0.20357176426549162 136 60 137 58 139 60
168 0.3850203700094052 0.29414996335984506 5.2955611356419743 34 33 34 2.2302948822414455 118 126 113 73 114 160 110 208 111 188 112 140 113 184 115 145 115 212 116 142 117 156 119 167 119 130 121 116 120 126 122 197 123 205 108 221 124 201
2525 5.3136877423209139 -2.0346104369619988 6.0867940759052814 23 25 33 1.2116022156436597 172 142 173 186
1276 0.85903473203710212 0.31624664380796291 0.62612082253839751 158 164 174 0.12131510057320172 136 56 140 151
167 -2.6474309400205587 1.0144328517399868 -0.95694191225037695 61 64 71 0.49365003562119353 112 67 113 66 114 92 115 99 116 85 119 125 120 82 121 112
2524 5.6812320629570889 -3.3443665646597265 6.7341859355128433 0 0 0 1.1106803756084971 170 83 171 96 172 120 173 134
1274 1.7549072074688181 0.48773934905182786 1.0261109860212516 150 156 166 0.11475920834368143 138 49 139 43
165 -0.89077597695972566 -0.97446147560277541 2.6806695629747512 19 20 21 0.77665611876453589 118 112 113 56 116 124 117 132 119 109 120 110 121 147 122 139 123 164 124 152
2522 4.8207440716889796 -2.9635448458965552 6.3710024955962368 62 65 75 0.45247788503126896 171 73 172 101
1273 0.92220683983192042 0.099621228869052336 0.67175960937403401 158 164 174 1.2791178079929111 138 40 139 31 140 30
164 -0.96041165717282762 -0.81241175632539475 2.2328797862341934 36 37 39 1.0720838432908786 110 51 113 53 119 108 118 109
2521 3.7418104898373996 -3.1567080448248737 8.3419269393389293 28 30 39 0.61709757180537128 171 55 172 92 173 77
1272 -0.12510523939179388 -0.49350337868440169 3.0611370401121758 45 49 51 0.20499332365844652 133 25 139 27
163 -2.5971435137683123 0.93476707476359211 -0.83330664644562069 43 47 57 0.68180709061178035 111 33 113 8 114 26 121 15
2520 5.8111294948746437 -3.3056524016373623 6.9090623617841658 52 53 56 0.49131114902811984 171 67 172 81 173 103 174 92 175 94 176 87
1271 5.7071512942206954 -3.516863149977024 6.8170364669103121 183 190 201 0.9191026090641774 107 4 139 12 114 7 141 20 150 120 151 14 155 120 158 89 159 104 160 129
162 0.44966239397192798 2.4834629684425775 -0.28022725483375127 24 25 29 2.0473061224728664 111 118 112 154 113 164 114 220 108 199 107 211 106 208 105 196 104 134 103 103 102 84 101 57 100 68
2519 5.4028625419350798 -2.4549518002191393 6.4241109136141459 68 72 82 1.3063455085567617 170 27 172 75 173 96 171 77
1270 0.14132768493253156 -2.2801672567640021 3.3033767462479875 46 48 52 0.29394389445010249 127 55 139 8
161 -0.86158165539416798 2.5345922666704386 -2.3290091695239235 97 99 104 1.165139872808822 111 354 112 357 109 379 108 390 107 409 106 395 105 387 104 361 103 300 102 283 101 181 100 161 99 151 98 137 97 132 96 178 95 204
2518 6.5560410040259303 -2.2500261555541767 7.3880350529000802 139 145 153 0.42334082570006515 171 25 172 72 173 79 174 79
160 -2.9814669672921048 1.8994634108436563 -0.58312448981113918 184 191 203 1.8337905517862838 112 356 114 452 115 495
2517 5.4882668747594296 -2.4415103236858764 6.4420416831533904 59 62 70 0.32018785884461781 170 42 172 68 173 50
1268 4.7346768923764913 1.8814679460384327 3.3836066493853756 184 191 203 1.8437294544860376 135 345 138 407 136 384
159 1.5417786026889966 2.9909512393463404 -2.1348052854307444 184 191 203 1.2352514361431712 111 371 112 355
2516 6.2678148475609436 -2.658482151959785 7.1474774127696765 141 147 157 2.2462747807154337 166 5 172 48 165 13
158 -2.6896364056986815 1.4004816929604929 -0.77644124318242946 3 9 27 0.30466290187355743 111 370 112 353 113 375 114 449 115 490 116 461
2515 0.64041503508291808 0.9543251308347479 -3.1594315729504201 0 0 0 0.82985436669572765 99 100 102 228
1266 0.74656284218481173 0.20538434808660283 0.42663108575779263 149 154 164 0.15847504340883217 137 39 138 54
157 1.6135589396653904 1.8585173105424257 -0.47929384830765503 184 191 203 0.97686996144456262 110 361 111 350 112 352 109 385 108 382 107 402 106 405 105 393 104 367 103 296
2514 -0.79355660529574457 3.9990035227362539 -4.4745173820700774 9 9 10 1.485860681116673 99 149 100 158 98 120 99 133 97 108 94 183
156 -2.694396441701651 1.1249285242295888 -0.95890458735172202 3 10 29 0.27898871757119181 111 367 112 350 113 373 114 446 115 486 118 443 116 456 117 477
2513 -0.85041861801205543 3.8642362089174944 -4.3589176475031994 9 9 10 1.1198043076268815 99 148 100 157 98 119 99 132
1264 0.15442415807307161 -0.77388944060799425 4.1869414529373632 63 65 70 1.737027263610043 124 81 125 74 134 118 138 116 122 19 134 57 136 93 139 94 140 133 105 79
155 -2.6924700579151803 0.95115592570341867 -1.0556134117502511 3 10 30 0.23825284267925931 111 363 112 348 113 370 114 444 115 483 116 452
2512 1.4485242889982684 1.4194047443901456 -0.12239477321646262 184 191 203 0.89681654564453139 99 112 100 100 101 117 98 118 97 110 96 173 95 205
1263 1.1081035982062304 -0.71205992935860107 3.9471404118184235 56 57 61 1.5185759804761405 106 60 134 121 135 142 136 168 137 161 108 64 138 165 117 88 109 89 139 147 140 187 144 202
154 -2.6924700579151803 0.95115592570341867 -1.0556134117502511 3 10 30 0.23825284267925931 111 362 112 347 113 369 114 443 115 482 116 451
2511 0.78634200205465032 1.8578264904584298 -0.29377390317558016 184 191 203 0.94822565253521462 99 80 98 81 97 114 96 161
1262 3.8169729448780765 -5.0865352384550162 8.420542172401607 157 163 174 1.8538924480373611 106 161 120 158 122 221 123 218 124 220 125 188 126 180 127 187 107 177 129 196 130 203 138 293 107 253 137 289 139 263 140 261 140 286 141 247 142 171 129 114 144 272 143 252 145 261 146 211 130 118 149 238 147 254 148 244 151 194 152 231 153 170 154 187 155 232 158 165 158 193 159 175 159 202 160 246 160 276
153 -2.9163664544210479 2.1232726012993424 -0.48848568134746417 2 2 2 1.6420239411352624 111 357 118 380 115 404 116 390 117 423 119 324 117 374 120 260 121 302
2510 -1.0109529781823166 4.6327325626726577 -4.1632063866067446 31 33 41 0.66286368392022788 99 83 100 86 98 60
1261 2.5223201803860937 0.21951557220386994 1.0514907251694992 79 80 87 0.67939418354519099 137 487 144 377 145 366 146 355
152 0.71798538293958225 2.6371760013493004 -0.25599616687500515 27 28 35 1.6295639464717544 110 365 111 372 112 343 113 376 114 451 115 494 109 389 108 387 107 408 106 374 105 363
2509 -0.94276791411646699 3.3607706007061062 -3.173804278101906 35 37 41 0.2145114263410578 99 82 98 58
1260 -0.71284796374709036 -0.81915259813728236 1.6877392035772631 105 106 112 0.34857066685059962 136 451 138 450 139 436
151 0.63641379369168138 2.0309351860235507 -0.23986755257666459 26 28 36 1.1280621459478373 110 362 111 352 112 342 113 355 109 386 108 383 107 403 106 406 105 395 104 371
2508 2.3101794713395511 1.2733953613826481 0.13598781842507798 87 88 93 0.89887166140290298 101 44 98 35 102 75 103 86 96 107 95 155
1259 2.9878799582129729 1.3597019344078543 2.1444491020615954 158 164 174 1.1144994205693695 136 482 137 453 138 443 139 406 140 394 141 371 142 339 144 363 143 357 145 334 146 320 147 343 148 361
150 0.14163051466555374 0.315702530252717 5.2007179762553246 33 32 34 1.5435759700852849 120 333 121 410 122 400 123 412 124 414 125 382 126 398 127 375 128 367 129 375 130 412 131 372 132 375 133 417 134 449 135 450 136 499 137 491 138 476
2507 2.5391739080403366 0.72759925093886879 2.5388478678365916 36 39 50 0.74184578338560636 100 156 101 168 102 270 99 150
1258 2.9934826356989701 1.3621683151210293 2.1477862610082408 158 164 174 1.1599354701999227 136 481 137 452 138 442 139 405 140 393 141 370 142 338 144 362 143 356 145 333 146 321 147 344
149 1.8607517394138198 1.4985948234832904 -0.034989405140864953 87 90 95 0.49233279412673586 110 342 111 349 112 336 113 349 114 431 115 487 116 458 109 365 107 401 106 388 105 382 104 355 103 279 102 269 101 176 100 155 99 145
2506 -0.54251934436875693 3.9163585680630053 -3.5495423041477969 184 191 203 1.3570800561934739 100 163 101 183 99 136
1257 -1.1759484552383219 -1.0390206885179922 2.5049794883521574 69 70 75 1.0982056466177552 136 376 137 406 138 433
148 -1.5904819640024932 -0.29848770234840361 0.62335311215435563 76 77 82 1.2827178408421689 110 358 111 348 112 335 113 345 114 425 115 467 116 434 119 445 109 400 122 436 123 460 108 395
2505 0.27412030500082629 2.6133463112948854 -2.0796630550730355 184 191 203 1.9975336479756989 100 146 99 131 98 144
1256 7.8611667715891027 -3.757499387425637 8.1396732548562962 0 0 0 0.42922334228025194 119 402 130 383
147 -0.63044633045388077 2.380743370920257 -1.9792861025937292 97 98 104 1.2790451864307706 111 315 112 325 108 342
2504 0.59125850288312953 2.2844320690882607 -2.5006585954085505 158 164 175 1.2815459529527795 100 143 99 128 97 107
1255 3.5875854609401641 -3.525051269253213 4.023794732696361 0 0 1 1.7360302648455694 137 434 138 427 106 332 107 314 118 392 135 410 136 448 117 384 140 403 104 322 105 316
146 -1.3534493568400634 1.6174416278352324 2.3249171120692709 5 5 5 2.0818693397397308 110 366 118 406 112 321 113 336 114 414 115 451 116 423 117 444 119 436 120 363 109 376 121 412 122 446 123 467 108 389 107 410 106 407 105 396
2503 0.59125850288312953 2.2844320690882607 -2.5006585954085505 158 164 175 1.2815459529527795 100 144 99 127 97 106
1254 -0.91037873985705509 -1.1355807579615171 1.5364017408269701 43 45 49 0.30575214174242449 136 415 137 393 138 423
145 0.62448321564425513 2.2823845926373121 -0.46908884085849489 104 109 119 1.2322536310497483 110 347 111 333 112 320 113 337 114 434 115 477 116 445 118 455 117 470 109 370 108 364 107 387 106 391 105 362 104 330
2502 0.55536772467739826 2.209354448913754 -0.54264430419509402 123 128 138 1.0925194948340553 100 129 99 116 97 117 96 164 95 184
1253 0.41027545638485446 -0.57927072493700227 0.58871790975813965 85 87 92 1.8588007933703421 137 428 138 418
144 -3.0007829372003716 2.082307100332514 -0.4041576895781423 146 152 161 0.2576145956489071 111 320 112 305 114 347 115 375
2501 0.5754180793728334 1.9479106212940873 -0.6568706952909088 174 180 191 1.9155790281504439 100 126 99 114 97 130 96 180 95 218 94 220 93 234 92 244 91 218
143 -0.74781338932633379 2.4531804523523904 -2.0813668656420403 69 70 74 0.52804559841182319 111 317 112 303 108 313
2500 0.5729201155306598 1.9485667199056831 -0.65724670265951934 174 180 191 1.9998606812994548 100 125 99 113 97 129 96 179 95 217 94 219 93 233 92 233 92 243 91 217
1251 3.1242339107814852 -0.10977537045718017 1.810197801826223 184 191 203 1.1566649181401969 136 474 137 444 138 400 139 365 140 357 141 292 142 272 144 279 143 277 145 328 146 310 147 362 148 391
142 -0.60566255183130391 2.0871471267299211 2.182757535818332 41 41 43 0.85929601436317526 110 329 111 314 112 301 113 319 114 371 115 399 116 386 117 414 109 352 108 351 107 368 106 379
2499 0.24843944963245421 2.4264616859431274 -0.4000239402707243 65 66 70 0.28545215873318736 100 69 99 55 98 41 97 41 96 117 95 152 94 144
141 -0.57457856150275066 2.091806649674731 2.3449842914240779 41 41 43 0.51163098445415367 110 328 111 313 112 300 113 318 114 370 115 398 116 385 118 373 117 413 119 371 120 294 109 351 121 336 122 359
2498 0.21176259425366498 2.4027087165767393 -0.48464679360436314 1 1 1 0.11168112780815935 100 67 99 53 98 45
1249 2.6529343890562531 -2.8683030985983127 2.1218256517834937 67 68 72 0.53305721335118805 133 306 134 332 135 326 136 363 137 350 138 345 131 300 132 256 139 287 140 302 141 284 142 288
140 -0.22332181925110203 2.1808186826084452 2.1134241210343814 41 40 42 0.40256363198294604 110 327 111 312 112 299 113 317 114 373 115 401 116 388 117 416 118 374 119 372 109 347 108 350 107 367 106 349 105 369 104 337
2497 1.6598518004276501 1.4213956520657882 -0.11887919331702476 93 96 102 0.3898849975215381 100 62 101 62 99 46
1248 -0.037889894518545644 -0.93651405654410957 4.5044297977881103 43 46 49 0.548570922761622 119 188 138 336
139 -0.1897445600502311 2.1879005919103283 2.2176682807429224 41 40 42 0.49043684428557627 110 326 111 311 112 298 113 316 114 372 115 400 116 387 117 415 109 346 108 349 103 266 104 336 105 368 106 348 107 366 102 274
2496 3.0401114177460435 -3.4637410444818233 8.4207603607743309 47 48 51 1.3837063803329754 167 2 168 9 171 24 169 29 170 16
1247 1.0040916388087024 -2.5941873480945095 2.0768514726617724 89 90 95 0.63878883687465937 135 266 136 296 137 284 138 324 139 285 140 278
138 -1.4559899374729246 -0.16664688745767955 0.92100485333603621 50 52 58 1.2261759256593152 110 315 111 302 112 289 113 304 114 400 115 428 116 409 109 362
1246 0.10927924346284801 0.41748988627507849 4.3075569822965569 52 52 55 0.44235705276110832 134 172 138 315 139 253
137 -1.0260756718349764 -2.5683956844551541 0.97620297231143549 1 1 1 1.3450341581745071 110 311 111 297 112 278 113 294 114 350 109 357
2494 4.6309869890446365 -3.009447201311898 6.8580476718973129 154 161 172 1.2463997356987986 170 133 171 145 172 182 173 183 174 172 175 190
1245 3.0132859768344278 -0.14040711426168948 1.6579444500561082 92 93 98 1.2146673438634263 137 332 138 307 139 272 140 269 141 255 142 234 143 239 144 231 145 213 147 234 146 218 148 282 149 280 150 281
136 -0.79216311969783704 2.456270497249248 -2.20041111433145 23 23 25 0.77358882448841582 111 266 112 276 109 247 108 252 107 307
2493 5.232315559613534 -2.1937773254554038 5.9052452729913734 162 168 180 1.2106646646749879 171 137 172 184 173 195
135 0.56194863508178949 2.4715696960245208 -0.45556882164651202 29 30 36 1.3485259196746613 111 263 112 273 113 288 114 375 115 403 116 356 117 452 109 280 108 278
2492 5.232315559613534 -2.1937773254554038 5.9052452729913734 162 168 180 1.2106646646749879 171 136 172 183 173 194
1243 3.1584351767770271 -0.39307067004496637 1.6379450004038207 40 41 43 0.64959825593354359 135 339 136 346 137 327 138 300 145 242 146 240 147 264 148 310 149 343 150 352
134 0.51117631715760603 1.7157009581654168 -0.082761131522312015 22 20 21 0.92977155254714383 111 255 118 450 112 272 113 312 114 369 115 450 116 443 117 481 108 276 109 237 110 207 111 231
2491 6.3603356616808844 -3.6268262599569745 8.2011377180428617 0 0 0 1.6715708140740841 168 103 170 97
1242 3.5275391675455023 -5.6417831720549696 9.6643174796909488 112 117 125 1.1358737857578729 113 149 138 294 116 168 118 189
133 -1.7950319518488165 -0.70466359976184056 0.69979245133509949 43 45 49 0.99735045766169295 110 293 111 279 112 261 113 301 114 358 115 387 116 368 117 431 119 390 120 349 121 355 122 374 123 432 124 387 125 329 126 341 127 326 128 360
2490 3.0595301437650249 -2.5468199715254478 7.2423087477809007 26 29 37 1.490732240646846 170 89 171 104 172 146 173 143 174 139 175 149 176 124
132 -1.1017814179539458 -2.2366310406063277 0.87675236622119634 41 42 45 0.34151454133422421 110 285 111 270 112 253 113 269 114 325 115 348 109 320 108 321
2489 6.5408052827743113 -2.5571391159824697 7.2366446487063785 158 164 174 1.0184343490433272 170 73 171 91 172 123 173 119 174 117 175 128 176 106
1240 2.5948497323316992 0.12592205345667845 1.0989033953464178 67 71 81 1.1709260991349895 136 274 137 271 138 278 145 182 146 146
131 0.36355049857367544 2.3223959457879539 -0.48645218032497106 27 29 34 1.2125924605704419 110 246 111 262 112 250 113 287 114 374 109 239 107 303 106 290 105 278 104 275 103 240 102 216
2488 5.5288754775844327 -3.2440765602737618 6.8112917257713281 46 47 51 1.3863962293144416 170 68 171 81 172 86 173 75 174 71 174 105
1168 4.1972342062652075 -1.0409769219515497 3.7495179451003975 29 31 40 1.6649802080003031 118 398 136 491 137 482 138 453 139 417 140 430 141 411 142 372 144 391 143 383 145 360 146 349 103 275 102 266 101 166 100 152
59 -1.2576489721487745 1.0787733774642887 2.2240141961268982 27 28 29 1.3315044795976074 110 245 118 280 111 191 112 181 113 222 114 284 115 307 116 278 117 287 119 291 109 241
2416 4.7146301439686056 -1.6798339253569754 5.2659175657799686 0 0 0 0.95439376359513095 167 85 168 84
1167 -0.51906341285786028 -1.804515572973058 2.5902042342236564 0 0 0 0.71800128441711464 129 294 133 370
58 -0.011929722557361537 0.18275317094603685 4.9470210418916549 19 19 20 1.7485553703522843 118 207 111 187 116 241 117 245 119 192 120 143 109 238 121 214 120 175 122 194 123 231 108 246 124 233 125 200 126 220 127 217 128 231 129 266 130 275 132 233 131 249
2415 2.5932434023261002 -2.9614559218052388 7.2571712658674405 61 62 66 0.85478286777610402 166 96 168 74 171 94 173 115
599 4.0097399700250129 -0.43310382864095881 3.5131489974150902 78 82 90 1.1304612020332285 122 161 124 198 125 166 123 182 126 193 135 284 136 315 137 301 138 308 140 270 141 256 142 236 144 235 143 241 145 215 146 186 147 200 149 219 153 181
57 -2.5231762122993326 0.90424157981676101 -0.73221236500924924 3 10 29 0.19658119258007317 110 202 111 182 112 174 113 182 114 242 115 259 116 234 117 241
2414 6.2013119061420605 -3.5669366372127151 6.9630949874378185 106 110 117 2.4222235051012144 162 147 168 70 170 34
598 -0.32762483135345216 2.1351738925094907 2.1912555492606973 0 0 1 0.89235407251599541 124 137 125 153 126 201
56 -1.9445653535819865 0.2379788142797164 0.082301072852559859 46 56 59 0.65917522268803919 118 230 111 180 112 171 113 180 114 237 115 255 116 268 117 268 119 216 120 162 109 227
2413 2.5512188885963316 -2.9640677873288412 7.4567609503358909 57 58 62 0.60269969000318879 167 26 168 54 169 36 171 44
597 -0.3724095984573893 2.1223749199139208 2.2285892899089839 79 80 84 0.042517028462276917 124 136 125 151 126 176
1164 4.7199358455138896 -6.4886780185522159 9.6843424733361303 4 4 18 1.2173398561748636 106 398 107 395 108 375 135 437 136 467 137 462 138 448 139 415 140 405 141 406 142 367
55 -2.1744287451363493 1.2282247848900973 0.16973831940697176 54 55 58 0.68091374024135676 110 177 111 160 112 144 113 187 117 207 119 169 120 128 109 218 121 169 122 206
2412 5.9528689305920803 -3.2188891380965732 7.012324989704581 51 52 56 0.36080394796286674 164 31 165 58 166 38 167 36 168 53 169 50 170 38 171 72
596 3.1567354116996627 -0.7821971795056335 3.8738593065105174 20 20 21 1.3213782919928718 121 110 122 96 123 134 124 161 125 144 126 147 127 156 128 152 132 117 133 139 131 164 153 159 152 151 154 162
1163 2.7039632544298771 -5.8032161892634067 8.3169670813617458 2 2 2 1.711215445426413 108 374 115 418 135 436 136 466
54 0.29158522525654962 0.23875213021545105 5.0037897647583547 1 1 1 2.128968636312194 110 173 118 167 111 157 112 139 113 160 114 212 115 211 116 185 117 204 119 165 120 125 109 215 121 162 122 195 123 204 108 247 107 269 106 289
2411 5.926016605516879 -3.2117894984188005 6.9947230521845514 51 52 56 1.2136915399474308 164 30 165 57 166 37 167 35 168 52 169 49 170 37 171 71 175 95 173 87 174 95 176 88
595 3.8651324970217074 -3.0730237247578494 3.0342692241170592 32 33 35 0.47152010791259052 121 33 125 98 124 67 126 83 122 133 123 154 125 132 127 52
1162 -1.1659505124397898 -1.2764031406096685 1.7291090439381112 0 0 0 2.2938451316672555 134 348 135 412 136 450 137 461
53 1.8191506210146167 1.2896667058080851 -0.11351079913479406 135 139 147 1.1562969451011353 110 166 118 325 111 151 114 207 109 189 108 193 107 199 106 191 105 180
2410 5.8813606384129118 -3.2971340468892922 6.9368133242330208 37 38 40 0.22359112007348306 165 55 166 35 168 48
594 3.6424905091442858 -0.24168758698828982 2.9808920566674031 145 150 160 1.8824510191531205 121 19 122 23 124 127 125 85
1161 2.6578530758791712 -3.7498450207647496 4.4123595933378974 0 0 1 1.8500990015275733 113 275 116 366 106 331 107 344 108 292 109 296 110 291 111 278 118 393 119 422 112 260 114 333 115 386 117 430 136 449 114 357 137 435 138 426 139 387 132 340 140 379 141 386 105 351
52 -0.94890060886955385 -1.2013641975939207 1.6255217502195707 38 40 43 0.92351955777592876 110 153 118 188 111 135 112 120 113 147 115 196 116 165 117 230 119 211 109 178 122 219 123 191 124 218 125 186 126 179 127 186 128 190 129 195 130 202 132 159 132 202 133 237 131 179 134 275 135 307
2409 6.1561867683668465 -3.0736889538592607 7.1681243849865774 62 65 72 0.54377983617168801 166 21 167 21 168 33 165 9
593 3.182766669539808 -0.74119663228579291 3.846835078583474 46 47 52 1.3968722795136823 120 45 121 57 123 78 125 82 126 116 127 119 128 111 129 143 130 147 131 101 134 113 151 121 152 101 155 168 156 146
1160 0.67621844450247282 -1.1853013768868543 0.92088765575930509 32 32 34 0.79417535518870674 133 358 134 388 135 406 136 444 137 425
51 0.017672784478536114 2.4173167710802144 -2.0059289263991413 158 164 174 2.0171839398977855 110 137 107 154
592 1.1136801303259447 -0.58705507420865211 3.807045731124032 51 51 54 0.35573583563421063 118 23 125 81 117 34 126 115 127 118 128 110 132 96 133 103 134 128 139 151 140 197
1159 2.9112169139916122 -1.9213525392450594 0.88315067990718676 184 191 203 1.0778736171134309 117 336 136 439 137 420 138 411 139 376
50 -2.9073447115076267 2.023942987407771 -0.44851822581190831 39 40 42 0.64233539794648686 110 144 111 85 113 36
2407 4.6786325462805127 -1.7210536206758233 5.0902060108144473 0 0 0 0.76860263622594027 166 171 167 160 168 170
591 1.1029091342507411 -0.63656828467247117 3.8132665368492868 16 16 17 0.56346346858006369 119 72 125 79 126 111 132 92 133 100 134 126 137 167 138 169 139 205
1158 2.9448816004237361 -0.19168441353701085 3.0177943797919928 40 43 53 1.6406378438801583 132 324 133 387 134 412 135 390 136 430 131 356 137 408 149 345 150 353
49 -2.6686787095901177 1.0101702200510507 -0.97784078516741135 75 76 82 0.1482770102855592 118 78 111 75 112 64 113 64 114 90 115 98 116 84 117 95 119 68
2406 5.0894113682250648 -2.3353014105407697 5.0155590222341599 184 191 203 2.3462520715496722 166 185 167 158
1157 -0.75436268509185112 -0.57153018203461214 1.919315420557355 98 99 104 0.35765142250646886 135 387 136 428 137 443 139 425
48 -2.5805468213240381 0.95260242291831454 -0.85072347301679518 53 56 65 0.51532984683886351 118 75 111 72 112 62 113 61 114 86 115 96 116 83 117 93 120 37 121 108
2405 3.325710214526798 -4.2840319103275855 8.5070112457433442 30 32 41 1.158177200367194 165 240 166 179 167 147 168 149 169 153 170 125 171 141 172 175 173 168 174 126 174 164 175 122 176 80
589 3.058853198926653 -0.87891722867205613 3.9595242170741556 57 58 61 1.6187641161815194 120 7 125 76 131 96 134 103 148 168 145 101 146 142 149 118 152 100 153 114 129 95 154 111
1156 -0.75436268509185112 -0.57153018203461214 1.919315420557355 98 99 104 0.35765142250646886 135 386 136 427 137 442 139 424
47 -2.6456082953935063 0.96172448344979633 -0.9477251567462498 33 38 52 0.49417453514521154 118 71 111 69 115 29 116 78 117 86 120 32
2404 5.4216279702212731 -2.0971951653317338 7.6666441522433617 127 131 140 1.0527887618332838 165 226 166 167 167 133 168 134 169 122 170 76
1155 2.7701945493091653 0.1734534780791549 2.0688357144001408 144 150 159 0.84644123430621787 133 339 134 369 135 341 136 380 137 370 138 338 139 305 140 292 141 276 142 259 143 260
46 -2.6738466956090501 1.0209972883615381 -0.98012887665514192 45 49 59 0.28938318582770589 118 25 111 43 119 24 120 8
2403 5.4942948815528068 -2.4297947401215469 5.7172389104956123 81 86 95 0.39959800526741901 166 160 167 129 168 131 169 137
587 -1.9141568971812377 0.29062216791526219 0.0071564548655607234 59 62 71 0.43585292150184635 123 62 125 61 127 99
1154 0.36710597431766212 -2.2034989237288314 1.9830584122734061 56 57 61 1.3056243615909824 133 232 134 268 135 302 136 365 137 352 138 347 139 316
45 -2.675507929283131 1.0036363855449872 -0.9894224187929247 42 45 57 0.3744093417447748 118 76 111 35 115 34 116 28 117 94 119 65 120 35
2402 4.6223904795764605 -1.6449743827084686 5.2404514521761412 37 37 40 1.0269596209613114 166 107 167 97 168 116 169 145
1153 3.6533843052170827 0.33979821965232826 2.7497645706009646 184 191 203 1.3022698942178565 121 253 135 317 136 353 120 249 122 276 150 218 151 232
44 -2.6635022454880537 0.99810379197042864 -0.97398902684911737 45 48 58 0.25366922680247073 118 22 111 34 112 23 113 11 114 28 116 29 117 37 119 21 120 36
2401 5.0364907825080278 -2.2175269218865497 7.3044085958237162 49 48 51 1.9094311705925475 165 163 166 119 167 96 168 94
585 -0.44976672627142111 0.96834431092806039 3.8851400641717357 53 53 56 0.68920824963797589 122 121 125 44 126 72 133 150 131 30 135 166 137 188
1152 3.6376222430198659 0.17316362717057299 2.6411657688888885 184 191 203 1.8075919443880073 122 315 135 316 136 352 121 250 123 276 120 244 147 237 148 284 149 252 150 251 151 230
43 -2.3734524060915096 1.3820336267196625 -0.097523347539896277 2 8 25 0.63834684392660213 118 447 110 382 111 369 112 354 113 374 114 448 115 489 116 460 117 480 119 452 120 375
2400 4.9368512304719454 -4.1580350305717051 8.0924726817393591 0 0 0 1.3614531358503221 164 137 166 102 167 89 168 87 169 103 170 93 171 105
1151 -0.89353674974429098 -0.86970486404749114 2.2130025858548543 27 27 28 0.19257046629934305 134 244 135 278 136 345
42 -2.2137443137882791 0.97291763678082677 -0.02069267234903684 3 12 19 0.49581181555701226 118 446 110 379 111 368 112 351 113 351 114 447 115 474 116 457 117 478 119 451 120 372
2399 4.7950953355577726 -1.6714413372124284 5.2849667012716752 83 84 89 0.4868404634810693 166 106 167 84 168 115 169 144
583 0.5617359165960385 -0.89891391003241539 4.0741523729897331 37 37 39 0.35873185762643178 122 46 124 37 125 35 126 31 127 25 128 19 133 55 134 56 135 73 136 91 137 152
1150 2.896694583836366 -3.1907979465345107 7.2383491218542853 39 42 52 0.44837538750199452 119 266 136 341 138 331 139 293
41 -2.4357377616939457 1.255723491921428 -0.35115176949621357 25 33 33 2.3485668628269396 118 427 110 364 111 353 112 341 113 353 114 413 115 447 116 442 117 468 119 408 120 286 121 382 122 404 123 449 125 416 121 420 124 450
2398 2.6277850825714508 -2.8757782426473137 7.3132628803764614 1 1 2 1.149142505570524 166 100 167 83 168 81 169 112 170 109 171 120 170 88 172 143 173 142
1149 2.6855955927121991 0.48037154678761901 2.5534322353121719 0 0 0 0.56886619550199735 118 164 119 194 120 144 121 190
40 -2.4583045661641698 0.057034952204871446 -0.71377882871978593 3 3 3 0.97078370467507558 118 417 113 324 117 454
2397 3.3175514480841226 -2.2113742252069679 5.8246772590862905 5 5 5 0.87031991009407361 166 85 167 72 168 86
581 -2.2041415382572787 1.5894615479618999 0.38422217294839983 1 6 19 1.48414661533676 118 407 110 350 111 335 112 322 113 314 113 338 114 415 115 452 116 424 117 407 117 446 118 371 119 369 119 410 120 336 109 391 121 387 122 431 122 447 108 397 123 452 124 468
1148 -0.52664547040635945 -0.14866049749425825 3.1440669001203538 1 1 1 0.76362729536735641 134 254 136 321 137 312 138 313 139 277 140 274 141 283 140 299 139 308
39 -2.550061167855052 1.5716191211357744 -0.39683764723429904 20 22 24 0.7030717924848513 118 410 110 367 111 338 119 413 120 335
2396 3.3938344438895007 -2.190563037782483 5.7770061696171853 11 12 12 0.1957188371115004 166 84 167 71 168 97
1147 3.436204501545105 -0.15325924771754207 2.7625120608658169 184 191 203 1.3215636239029398 135 287 136 317 140 183 144 173 145 181 146 188 149 250 150 216 151 201 134 253 152 204 133 214 153 275 152 281
38 -2.2076505351775517 1.5893587678480843 0.39203904971997022 2 7 22 1.238585347374703 118 408 110 351 111 336 112 323 113 315 113 339 114 416 115 453 116 425 117 408 117 447 118 372 119 411 120 337 109 392 121 388 122 432 123 453 124 469
2395 2.9323706050600014 -3.2809277721263426 7.8207271344796041 47 49 56 0.89959014779176927 166 63 167 65 168 65 169 88 170 64 171 76 172 95 173 91 174 73
1145 -0.77970892300468597 -0.73426641216728639 2.023554985446955 97 98 103 0.65357149161892059 134 208 135 279 136 311 133 171 137 329 139 331
36 -2.2471412038789396 1.1920554918082567 -0.087481323182338866 85 86 91 1.2521652907277443 118 365 110 323 111 309 112 296 113 311 114 367 115 396 116 382 117 402 119 364 120 285 121 329 122 403 123 414 124 419
2393 5.4422891840879775 -2.655757296732844 5.4019086618126773 184 191 203 1.0645882959204895 166 57 167 63 168 61 169 95 170 72 171 98
577 3.4908897724270078 0.054541073963700351 2.8710951277033345 25 27 35 1.775071252876105 122 429 123 446 124 463 125 413 134 467 135 467 148 392 149 383
35 -2.3388901972421743 1.0446109405251338 -0.25431181182252577 24 31 30 1.2074981443861934 118 364 110 322 111 308 110 345 112 294 113 310 114 366 115 394 116 381 117 399 119 362 120 283 109 369 121 327 122 398 123 410
2392 6.0030694367258688 -3.4484815442098413 7.5112231206267532 32 34 40 0.45877251822250331 164 60 165 93 166 56 167 62
576 2.8852477124427329 -3.9931519899758343 5.9424682597637828 7 7 28 1.821396212717336 113 326 114 397 115 422 116 432 117 459 118 439 119 444 122 435 123 459 124 457 112 310 125 402 126 410 127 395 109 359 128 383 129 391 130 403 132 364 131 365 133 435 134 433 143 379 144 389
1143 4.7360227234853687 -3.5073880681584639 7.8727040421337753 40 43 54 0.19395418125432098 108 145 136 304 107 189 137 258 139 240 140 264 141 250
34 -2.4408664145850154 0.085435812766065281 -0.70680584887027909 3 3 3 0.91539096544541265 118 337 110 256 111 244 112 226 113 241 114 331 115 351 116 298 117 342
2391 5.5904671007346849 -2.6537536244974405 7.3380521515369779 27 30 38 1.2933721335288577 165 111 166 77 167 56 168 62 169 85 170 62 171 85 172 91 173 89 174 74 175 77
1142 3.119585332365383 -4.5101736178916374 7.4873812027961328 149 155 164 0.64959222482979706 114 261 115 252 117 265 136 301 140 285
33 -2.2694403979949027 1.5197471967200404 0.12895701294458395 78 79 84 1.0864854018791739 118 327 110 325 111 310 112 297 113 286 114 346 115 371 116 351 117 370 119 321 120 254 109 378 121 333 122 355 123 367
2390 3.0147346055733562 -5.8993261822556979 8.0078900020129318 103 107 114 0.37977420602616418 164 27 167 44
574 -0.55992591573744277 2.0838504300328835 2.311821602022778 68 68 72 1.5488781715437916 122 360 124 429 125 360 105 371 104 339 103 289
1141 0.59502917877113115 -1.428866945315356 0.88412790777549799 52 55 64 0.34459165990089868 133 160 134 231 136 295
32 -2.5048227095973816 0.85946035533936949 -0.72431359999297362 55 58 66 0.34619881705885919 118 313 110 300 111 288 112 235 113 252 114 303 115 333 116 347 117 359 119 313
2389 2.5932643390949384 -2.9342714227385209 7.2594280151652963 40 41 47 0.96809994924813281 166 28 167 27 169 37 171 45 170 22 173 51 174 32
573 -2.3394234317715403 1.521008885074518 0.037852901380553736 2 7 24 1.5337580932874029 108 369 109 354 124 426 125 356
1140 0.59502917877113115 -1.428866945315356 0.88412790777549799 52 55 64 0.34459165990089868 133 159 134 230 136 294
31 -2.209521954971748 0.45103237393956375 -0.36540761187585091 81 87 88 0.73473629638778792 118 305 110 262 111 248 112 232 113 248 114 301 115 327 116 302 117 306 119 309 120 230 109 301 121 315 122 331
2388 4.525589201439792 -1.1053114539037414 5.2471943547521551 176 183 194 1.8984665033865868 164 251 165 247 166 201 167 167
572 3.5860482978626607 0.24022319237812212 2.8557667634204953 184 191 203 1.2148200005404903 121 380 122 401 123 413 124 415 123 447 133 418 134 450 135 420
1139 2.0712025742463172 -1.9911418880407357 0.96711976697714364 75 76 80 0.99536871588889209 133 153 136 291
30 -2.4819720909663276 1.4347695841721864 -0.3289791096724255 35 38 41 0.25074844248852168 118 284 110 280 111 264 112 249 113 266 114 318 115 342 116 319 117 331 119 296 120 220 109 286 121 223 120 183 122 247
2387 4.525589201439792 -1.1053114539037414 5.2471943547521551 176 183 194 1.8984665033865868 164 250 165 246 166 200 167 166
571 3.3756176945980245 -4.636856529893854 6.1301554493652981 57 58 60 1.0493746451386488 108 293 117 389 118 345 119 389 120 312 121 354 122 373 123 386 124 389 109 297 110 294 114 337 115 359 116 370 111 280 112 262 113 277 125 331 126 343 127 330 107 345 106 333 128 326 130 346 132 309 133 322 133 369 131 317 134 347 136 419 137 397 138 389 139 355 140 348 140 382 105 318 141 362
13 -2.6236513557194572 0.93169276406766632 -0.90984620451761844 4 11 30 1.0310722594225743 118 198 110 200 111 148 112 173 113 156 114 202 115 258 116 177 117 240 121 240
2370 6.3505027157453791 -5.1000026685802711 5.837951811163669 53 54 58 0.34448543576171603 164 82 165 87 166 51
554 3.4662361739721632 -0.072124920033344142 2.8967025699432867 114 119 128 1.9122336950911187 121 187 122 239 123 230 124 232 135 288 136 273 137 272 138 279 140 184 139 200 141 185 142 185 144 174 143 172 147 122
1121 0.4510899235103854 0.12914484696893583 0.26691402257604935 184 191 203 0.027499411250808445 135 79 136 105
12 -2.1745426621699782 1.3431478984614567 0.24615222901741021 55 56 59 0.69737570779711355 118 174 110 181 111 161 112 150 113 162 114 215 115 214 116 191 117 214 119 171 120 132 122 167 123 183
2369 6.3505027157453791 -5.1000026685802711 5.837951811163669 53 54 58 0.34448543576171603 164 81 165 86 166 50
553 -2.2654161770048824 0.8832384915252075 -0.18326741836730151 31 39 37 0.56979020468809372 123 227 124 199 125 168
1120 0.67527883360893104 0.15271163452426906 0.40271144785901875 184 191 203 0.0016249606603581943 135 85 136 103
11 -2.3184932414951058 1.190066010944989 -0.14132127164957534 41 43 50 0.31004903371200698 118 168 110 176 111 189 112 179 113 185 114 245 115 266 116 243 117 206
2368 4.7845129940930944 -1.1526962283916682 4.6584596314515885 127 131 140 1.14555152119276 162 107 166 46
552 -0.37688131684167331 -0.35065601764387799 2.9367796498424505 47 49 52 2.0486330247088658 126 190 107 262 106 258 133 210 134 251 135 286 136 351 105 276
10 -2.623771160106005 0.98348526104066469 -0.89893511590057662 51 55 64 0.2218512290794874 118 159 110 169 111 153 113 158 114 204 116 180 117 200 119 157 120 120
2367 3.724260116714746 -3.1395118699758737 8.1481915599747268 32 33 40 1.6541061210826271 165 15 166 25 168 10
551 -0.85130090697461902 -1.784400061993481 2.4803771160447954 43 45 49 2.2047253378655927 122 220 124 190 126 158 130 169 131 146 134 238 135 272 136 338 138 353 139 317 140 341
266 -2.9986939196104347 1.8961973933881333 -0.55932500465659418 184 191 203 0.52618911037155613 114 453 115 496
2623 0.25446191180951688 1.8316365881136372 -0.328675362761009 39 43 53 1.0038945570248377 97 118 96 182 95 208 94 222
9 -2.6220431990079698 0.95875847937877778 -0.9241217620566331 61 63 71 0.79141886234225933 118 154 110 167 111 109 112 94 113 117 114 154 115 136 116 133 117 143 117 198 119 154 120 114 122 232
2366 6.3656000183909693 -4.9113337584536545 5.602990941101015 4 4 4 0.99015846057948309 164 2 165 4 166 0
550 -0.20686115544966374 2.0702690349356154 2.200622053012006 33 33 34 0.58725017205885632 123 152 124 180 125 152 126 177
265 3.4381559125805206 -0.20698028637509286 2.4438019906349275 184 191 203 0.57411290519161196 110 339 111 329 112 313 113 347 114 427 115 485 116 455 109 363 108 360 107 398 106 385 105 377 104 364
2622 -1.3371331061411764 3.5891362247754355 -3.199353846437917 42 45 56 1.7829668954781925 97 135 96 181 95 207 94 197 93 205 92 215 91 187 90 201
1117 0.013713238816034043 -0.65087631498315968 4.0012754191274027 57 59 62 0.9291560128327816 106 75 133 59 134 59 139 152
8 -2.6095413485836727 0.96780045156140226 -0.87822829706737804 53 56 66 0.29364023594275745 118 120 110 133 111 111 112 97 115 137 116 138 117 147 119 122 120 78
2365 3.9798734935791975 -1.6543370920955265 5.3523933309259881 24 22 22 0.68402283522134288 164 248 165 263
549 3.9755457903260449 1.1442068886323424 3.8388194251036891 122 126 135 0.81026935896787444 122 171 123 185 124 176
264 4.2031597762693709 -2.9943309933751854 1.6243788088561317 88 91 97 1.5458244220292918 110 312 112 306 114 420 115 460
2621 1.5208521831357138 2.5806679480760875 -0.75016507658556564 184 191 203 1.6259705712109658 97 127 98 135 96 176 95 206 94 212
7 -2.593172043899838 0.95945197296762674 -0.86526162958131647 58 61 69 0.77702772300769041 118 119 110 132 111 110 112 63 113 62 114 87 115 97 116 137 117 146 119 121 120 76 121 156
2364 4.3648786103499173 -1.7177671603138123 5.922565122078062 23 21 21 0.41029394698120414 165 260 166 199 167 174
548 1.1831756694179123 -0.57281058034759036 3.9732727415147604 2 2 2 0.91182499161352415 120 84 122 157 124 166 127 157 130 186 132 147 131 165
263 2.6525814819809104 1.5756069570478914 0.34649723668528509 175 182 194 2.0741832892560681 110 302 115 443 111 252
6 -2.5467217569869876 0.86700588057341588 -0.7839357361218644 42 46 57 1.1931863926015527 118 116 110 125 119 117 120 72 122 88 121 102
2363 5.1740429578093785 -2.2282135438224566 4.9249089029965356 39 42 53 0.85434828593129486 163 187 165 241 166 198
547 -1.6060147052276754 0.0040202269395166346 0.68669904967095108 48 52 59 1.3276205645065633 123 166 124 153 125 137 127 164 107 193
262 -2.6911271307981455 1.0849139781780039 -1.0117237514892188 3 10 29 1.4272129572416032 114 409 115 439 117 438
2619 -0.75889434591153715 2.1944174377277355 -4.2829675146982691 25 25 93 0.46750825671876978 97 124 98 142 96 170 95 191 94 182 93 196 92 181 91 157 90 171
5 -2.5519831922294904 0.91892105282460168 -0.79182544272016242 48 51 62 0.97321878594722855 118 74 110 131 111 71 112 61 113 60 114 85 115 95 116 80 117 92 119 120 120 74 121 154 122 95 123 198
2362 3.2258918239734515 -2.1582945613674989 5.7182924152579302 0 0 0 0.90940625995308799 164 170 165 230 166 176
546 -0.4748703670753604 2.1736412316055858 2.1419925940284013 47 47 50 0.67994078997892027 123 113 124 138 125 130 126 154
1113 0.56758144833913193 0.28221290783755071 0.38160199284137736 158 164 174 0.21247903638109095 135 55 136 62
4 -2.5271799357814375 0.90030261361636743 -0.76867073806358099 51 54 64 0.97638729073658537 118 72 110 77 111 31 116 79 117 87 119 58 120 33 121 106 122 148
2361 5.2937982953170808 -2.1094559687742351 7.4397868023044378 128 133 143 2.0014215895122169 164 247 165 225 166 166
545 3.1995157701285621 0.4518053498328653 2.975345639272148 31 31 33 0.65611647735052836 121 72 122 115 124 134 134 176
1112 6.2663371793442417 0.52157877925764196 4.7267872980507528 182 189 201 0.280036777622655 118 127 119 133 137 94
3 -2.5087234769829205 0.85313347618589097 -0.75425190190127234 57 60 68 0.69267560574465026 118 66 110 75 111 66 115 93 116 71 117 83 119 56 121 103
2360 5.499123861022027 -2.4300778390632369 5.7188122954390357 54 57 67 0.58918318256491631 163 162 164 190 165 220 166 161 167 130 168 132 169 138
544 -0.50312739607104418 0.87875851731894516 1.9712229776261478 53 53 56 0.073528318407912518 121 166 124 132
1239 5.1633627554369692 -3.1977031598668124 7.2862884582558545 39 42 52 0.72951741504195866 106 178 116 123 117 189 135 277 137 259 138 272 118 195 136 307 119 271 139 242 140 230 141 218 142 232 144 229 143 238 145 240 146 214 147 232 148 249 149 273 150 244 151 222 152 197 153 222 133 198 154 212 155 239 156 194 158 205
130 -1.4642151541897108 1.4750919285276638 1.7183351338975839 45 46 49 1.0067612607131786 110 305 111 293 112 247 109 316 108 315 107 339 106 326
2487 5.8194232304264482 -3.3059053238049221 6.9164960766990449 45 46 48 0.47748588038914314 170 53 171 66 172 80 173 102 174 91 175 93 176 86
1111 5.7200932181457516 -3.299433337010139 6.7311074171986442 17 17 20 1.7147903360398911 118 8 136 19 138 17 147 6 151 16 159 3 160 9
2 -2.520305194229818 0.85508998784533752 -0.7615751532644488 49 53 63 0.042895118823983475 118 65 110 74
2359 6.4744394187934722 -4.4173382296643489 7.3292574514009914 184 191 203 1.1295383002399657 157 173 165 206 133 239 158 166 159 176 160 247 161 240 166 147 167 146
543 3.2028385414408329 -0.77554593523285409 3.8329784459724121 26 27 30 1.4558352979231211 119 64 120 40 121 54 122 50 123 133 124 125 125 120 126 113 127 116 132 87 133 89 134 108 135 131 138 110 144 131 146 77 147 85 148 169 149 158 150 129 151 155 152 128 103 12 102 41 101 19
1238 3.3394154475234554 -4.4560243775573651 7.8231549258919673 149 155 164 2.1225119154255365 107 224 108 211 113 150 138 266 106 244 139 230 140 168 141 249 142 228 154 208
129 -1.4037087259074574 1.1056861124306818 2.0396931830727865 45 46 49 0.76541177156818774 110 275 111 259 112 245 113 263 114 285 115 308 116 279 118 249 117 285 109 311
2486 5.8755068956559384 -3.5534190557902532 6.9103699327177495 184 191 203 0.27840185333284084 170 35 171 52 172 70 173 72
258 -0.014244487896486737 2.4843591541371817 -0.23595676460978401 25 27 35 1.7462733730610609 118 384 115 373 116 324 117 375 119 375
2615 -0.56177206369395793 3.6657313609660149 -4.3580768269984826 184 191 203 1.3093250819466251 97 125 98 143 96 155 95 192 94 167 93 173
1 -2.531788477110267 0.86148410904816186 -0.77823428399744388 52 55 65 0.15938891589003587 118 64 110 73 111 65 116 70 117 82 119 55 120 31
2358 4.80108134861488 -1.5152863284214138 5.5069923695205896 78 79 85 0.51567612361014925 164 198 165 189
1237 3.5904936274251149 1.5413983146312549 2.5714501333209925 141 146 155 1.0641954322039477 135 223 138 241 139 216
128 -0.44822440765579463 -0.3110609990534855 3.985747336471984 2 3 3 1.1615276672816692 110 239 118 274 112 238 118 242 113 254 114 280 114 306 115 337 117 324 119 284 109 232 108 243 107 268 106 261 105 248
2485 6.1214582085302718 -3.6038273718175198 7.020089041308557 88 91 97 0.72754650959064138 170 15 171 40 168 40
1123 1.9342603220976529 -2.0118888856514716 1.0358162231088319 126 131 139 0.99310505354348544 133 156 134 149 135 179 136 141
14 -2.2554447351413067 1.3374445581572121 0.098723683073788829 10 10 11 0.97018768942672662 118 208 110 209 111 193 112 182 113 189 114 214 115 213 116 244 117 250 119 198 120 150 109 243 121 218 122 211 123 238 124 241
2371 5.2327973747809109 -2.2504572211585567 7.1906542792300288 107 112 123 1.2137096612106872 164 93 165 63 166 62 167 39
1124 6.2474859995192213 -4.7188338694439631 6.0560713434258231 114 118 126 0.54209849417847067 118 95 136 152
15 -2.2284197589287422 1.375651362250325 0.10909039519672137 61 62 65 1.1070333147204245 118 210 110 210 111 194 112 183 113 190 114 247 115 267 116 245 117 252 119 199 120 152 109 245 121 220 122 244 123 242
2372 4.8594775400765862 -1.4271331666407072 4.9730088705841489 158 164 174 2.2963484096342541 161 100 166 66
556 -2.1996789773167209 1.2339426847079689 0.13811200413019722 74 75 80 0.92659433938709801 108 251 124 240 125 203 126 229 127 259
1125 5.4236083602411469 -1.9865402528170339 4.9098431308975066 184 191 203 1.6824923790690323 116 16 136 156 137 149
16 -2.2182221276375125 1.3769698925372882 0.080102151715717107 61 62 65 1.3032766892367029 118 211 110 211 111 195 112 184 115 268 116 246 117 253 119 200 120 153 121 221 122 245 123 243 124 284 125 270
2373 3.4458750368826321 -2.1855515430680925 5.7638045432604619 1 1 1 1.2664237337912305 165 70 166 67 167 66 168 76
557 3.7725404897753605 1.0352149319636128 3.5366147717095489 176 180 191 1.5023881445685312 122 248 123 244 124 243
17 -2.5350243586861816 0.93518824853572435 -0.72442804571633124 28 32 45 0.48435992117033089 118 237 110 205 111 184 114 243 115 261 116 236 117 244 119 226 120 167 121 207 122 271 123 264
2374 5.5571662851647377 -2.4543534944821555 6.6707761836084725 30 33 41 1.1170032364950571 165 61 166 79 167 69 168 79 169 110
558 2.8905797018164971 -3.7960333292109509 6.3346894113837191 184 191 203 1.9497433944580154 109 223 110 224 113 197 114 262 115 294 117 300 121 269 123 292 124 261 126 208 127 209 128 191 129 232 132 161 133 195 131 217 134 240 136 302 108 231
1127 5.6998879692213213 -3.5546981476434305 6.5499940354938158 149 155 164 1.537993053103764 108 132 138 209 114 189 108 184 106 104 139 186 105 50 141 213 150 181 136 251 143 235 152 120 153 145 143 201 154 153
18 -2.574780711684749 0.97244771855242274 -0.7827719569804702 31 35 47 0.9088481498133727 118 239 110 237 111 221 117 277 119 228 120 168 121 209 122 235 123 266
2375 4.6727275571067484 -1.1339633056459011 5.1581260137619438 167 173 184 0.85047847533903853 165 119 166 86 167 75
559 -2.3268285232391048 0.87340688588660265 -0.2085237406905634 0 1 0 1.089674809874172 122 274 123 268 123 310 124 276 125 220 126 221 127 218
1128 0.71211927987504287 -2.5108414664932712 1.6626271161319635 74 76 80 0.73991080184537772 132 65 133 69 136 193
19 -2.6105562017700814 1.0126409688595039 -0.85314885315307687 38 41 52 0.2059634166127802 118 240 110 238 111 222 112 177 113 183 114 279 115 264 116 238 117 281 119 232 120 170
2376 5.6574408425827194 -2.5992665560197645 5.6486728627995033 78 82 93 0.98610517239802886 161 160 163 77 166 93
560 -2.2901437068169925 1.0773788962476052 -0.20312827524188495 7 9 10 0.49655061157139879 123 233 124 277 125 227 124 235
1129 7.7361416756506074 -5.7933464616412254 7.1499370302025662 112 117 124 1.4491381933897876 106 150 116 113 136 201 107 36 108 117 115 125 138 260 140 110 137 140 142 169 144 156
20 -2.6568728048581609 1.2145177859730603 -0.82945564350317669 40 44 55 0.22819053717224577 118 245 110 272 111 256 112 242 113 258 114 312 117 282 119 237 120 173 121 251
2377 3.430560960627159 -2.1752047620249613 5.7317507507049639 64 65 69 1.1524715374411623 164 97 166 108 167 99 168 118
561 -0.56550044850296444 -1.1577463538254265 0.48003395033398255 60 60 63 0.3603257438402413 123 288 124 297 125 244 126 291
1130 3.8334450905062756 -5.7577990247956219 10.074779830544983 110 115 122 1.8362186312938056 114 188 136 205 113 151
21 -2.6568728048581609 1.2145177859730603 -0.82945564350317669 40 44 55 0.22819053717224577 118 246 110 273 111 257 112 243 113 259 114 313 117 283 119 238 120 174 121 252
2378 5.325158596771665 -3.8741868507817911 7.9793295276747989 2 2 2 0.95569890811447711 164 160 165 156 166 113 167 92 168 90 169 105 170 95 171 109 172 132 173 128
562 -2.2793587660772707 0.45434974686033552 -0.43461857599649328 3 11 31 0.33566383751769502 123 295 124 303 125 251
22 -2.2666851571261404 1.3881599270089104 0.062105158915674467 54 55 58 0.28820223484206359 118 253 110 249 111 232 112 214 113 226 114 288 115 269 116 283 117 290 119 243 120 179 121 258
2379 4.1636983994232999 -1.6809902985450655 4.4346329396578881 141 146 155 0.14160578429938453 165 167 166 124
563 3.1178135278628303 -0.19652515386377933 3.2474268565464421 39 43 53 1.4280581942273334 121 286 122 309 123 311 124 314 125 303 126 312 127 343 128 347 129 373
1132 5.3281977982298052 -3.2725386254638607 7.1415551215762045 59 63 73 1.5761543547175838 106 49 117 125 136 208 116 59 137 217 138 212 139 191 142 175 144 227 142 229 143 165 105 95 133 169 145 137 139 139 147 190 150 184 152 122 104 110
23 -2.266948590208679 1.3880963775670601 0.063857263963863389 54 55 58 0.2853721886786999 118 254 110 250 111 233 112 215 113 227 114 289 115 270 116 284 117 291 119 244 120 180
2380 5.8043925333844451 -4.8543051902848253 5.8429823073061185 0 0 0 0.72062207054937588 164 135 165 152 166 126
564 -2.2473071294922886 1.0000151450121151 -0.10420001365796404 6 33 17 0.55440049135984082 123 275 124 317 125 260 126 270 127 300
1133 6.0779744302936329 -3.3628180777168786 7.6304122929916236 80 82 90 1.0120681778491571 117 130 135 244 136 209 107 40 137 147 138 216 106 113 139 192 140 116 141 139 144 161 143 166 142 177 145 95 145 138 146 115 134 158 147 111 148 159 149 150 150 122 151 145 152 86 153 106 154 132 155 157 156 140 160 184
24 -2.2471324081485795 1.435362574769466 0.10650355018557296 8 8 8 1.2365538644707121 118 255 110 278 111 236 112 216 113 228 114 290 115 310 116 285 117 292 119 246 120 184 109 283 121 260 122 282 123 280
2381 5.6722966801396382 -2.5694260238664595 5.365075182890342 184 191 203 1.7890319312192775 164 164 165 160 166 131 167 126 168 129 170 131 171 146
565 -2.3923121111695616 1.200541117166291 -0.31643212273077026 6 7 9 0.27197207640899845 123 278 124 322 125 307
25 -2.5482810157694966 0.85041910752092786 -0.80726736905466501 3 10 30 0.8523539834977768 118 270 110 264 117 316 120 239 121 277
2382 3.2924021587925409 -2.2189500910520721 5.8269272654546338 0 0 0 0.35317913762152287 165 193 166 142 167 140 168 165
566 -2.1739394362335092 0.48036903499508882 -0.42487095571809103 77 86 84 0.34119426676640396 123 343 124 349 125 296 126 306
1135 -0.0081125628363935502 0.29683161883105558 4.3420786591756109 21 21 23 0.71000746014333194 133 177 134 169 135 205 136 223 137 233 138 282
26 -2.3127361841040437 0.87665583987550777 -0.25705321345125492 0 0 0 0.86960397040156079 118 273 110 270 111 224 112 207 112 239 113 216 113 255 114 281 114 307 115 304 116 312 117 323 119 283 120 207 121 245
567 -2.1819225352134568 1.2857976179338726 0.19865591354209372 0 0 0 0.47344382987112071 123 319 124 362 125 349
1136 3.6494876312122368 -4.9489741597432833 8.5124910271058756 149 155 164 1.6289480035297534 119 144 120 159 123 219 136 247 121 140 122 177 125 158 128 163 129 171 126 87 127 137
27 -2.6561101067151722 1.1421062074018251 -0.87063735497689809 35 40 52 0.31082095043832897 118 275 110 303 111 254 112 241 113 257 117 325 119 317 120 210 121 248 122 313
28 -2.2002580917042347 1.188763820096846 0.15341634428340203 6 6 6 1.2038485158490546 118 278 110 274 111 258 112 244 113 262 114 314 115 339 116 316 117 328 119 289 120 214 109 279 121 254 122 278 123 279 124 321 125 263 126 318
2385 3.2105455491345132 -2.2186467019655756 5.6838740306775515 72 72 76 0.29421458745818219 166 175 167 142
569 0.93073354964288224 -2.4667983908992146 1.8085303552270533 51 52 56 1.7813888282109154 116 297 117 339 124 379 115 320 125 286 126 292 127 275 114 257 128 267 129 328
29 -2.1481080760312925 1.2848016198741283 0.17068364949519119 31 31 33 1.7803915869440976 118 283 110 277 111 261 112 246 113 225 113 264 114 316 115 340 116 318 117 330 119 294 120 218 121 295 122 318 123 320 124 363 125 350
2386 2.6629105928125978 -2.692886331157248 7.4557199944611279 12 13 16 0.84481023705873637 165 244 166 188 167 161 168 158 169 179
570 -2.3926721281611338 0.087676004249315556 -0.7026767448240796 3 3 3 1.09899714644487 123 375 124 380 125 322
1169 4.7994466588210241 -1.7940960053444941 8.9337785230641273 23 21 21 1.1233216013117306 107 399 134 465 135 465 136 493 106 404 108 379 109 384 110 341 111 331 112 317 113 348 114 429 115 472 116 437 137 483 138 471 139 438 140 434 105 392
60 -0.87500477868023296 -0.76689015261470939 2.4316657517462463 56 58 61 1.0500973168023737 110 230 118 268 111 215 112 201 113 208 114 271 115 301 116 273 117 312 119 273 109 266 121 236 122 262 123 299 108 301 124 263 125 214 126 214 127 242 128 228 129 236
2417 5.4201279830615405 -3.5352527259323079 6.8347155196773359 184 191 203 1.750770646523111 165 180 166 111 167 77 168 88 169 98 169 124 164 183 166 150 165 209
61 -1.97519100786067 0.47187805108630015 -0.0096983182570574925 6 18 42 0.87740938670807711 110 233 118 236 111 217 112 202 113 210 114 273 115 302 116 274 117 274 119 276 120 200 121 239 122 266 123 301 124 268 125 301
2418 2.5699582564689085 -2.9321403725685196 7.4442016174036736 115 119 127 0.76231585705338756 167 82 168 95 169 111 171 100 170 87 172 125 173 120 175 129
62 0.12183965216537844 -0.40186479612206016 3.9173230624889097 40 43 53 1.4315975259933928 110 235 118 272 111 219 112 205 113 215 114 276 115 303 116 275 117 322 119 282 120 243 109 231 121 284 122 307 123 308 108 274 124 312 125 257 126 264 127 249 128 291 129 312 130 320 132 274 133 333 131 286 107 299 134 367 135 391 136 431 137 447 136 457 134 411 138 437 139 399 139 428 140 419
2419 5.4819651133351996 -3.7779422819223627 6.2281571027916662 0 0 0 1.3041509308893979 164 136 165 153 166 128 167 76
64 -2.6141317571570291 1.6140263315893748 -0.50166938922859294 18 23 23 0.33116226213276856 118 258 111 237 112 221 113 235 114 293 115 313 116 288 117 293 119 248 120 185 121 224
2421 4.9761940970800449 -1.834670284304085 5.430537235348873 168 174 186 1.0883299017293779 167 105 168 135 169 168
1174 3.8774978793149684 -0.39546432115856917 3.4356134155060567 96 100 110 0.85467903609738993 121 18 137 17 149 66 150 29
65 -0.68681391962004434 2.4846627981165028 -2.237774878158278 4 4 4 0.86044136665405679 110 213 111 238 112 275 113 321 114 437 109 221 108 227 107 275 106 269 105 283 104 249 103 191
2422 4.7874548687431187 -1.6065431315489795 5.3735814445181278 0 0 0 1.0358688662298119 167 107 168 139 169 171
1175 0.71118559030637729 0.16675820451233236 0.44367559889288949 150 156 166 0.24550510340256759 136 44 137 32
66 -0.73974103150156578 2.4993509486794112 -2.2358141315291946 51 51 54 1.0309682532649653 110 214 111 239 112 252 113 292 109 248 108 253 107 276 106 270
2423 4.6084277695716933 -3.0162371330714688 6.7994282407381723 155 161 172 1.5753099600430778 167 155 168 155 169 161 170 132 171 144 172 181 173 182 174 171 175 189
1176 0.76908366122154692 0.22135906456279017 0.44413149807690649 142 148 157 1.2492728312669799 136 52 137 40 138 55
67 -2.387892466042719 -0.042088715051890747 -0.58321813325186989 58 59 63 0.22453420437351135 110 255 111 243 112 224
2424 4.5917469691553094 -3.0198441809097005 6.7707630329287536 155 161 172 0.49804889713096462 167 156 168 156 169 162
1177 4.5342108541695421 -0.47086376144001341 4.1541923394248741 26 29 37 2.1135880920077881 127 70 137 89
68 -1.6431279549913564 0.0077375189670651429 0.80530465186368949 9 22 46 0.98419762437596381 110 263 118 269 111 249 112 233 113 250 114 302 115 332 116 307 117 314 119 274 120 234 121 276 122 264 123 258 124 265 125 216 126 215 127 244 128 246 129 308 130 316 132 318 133 410 131 283
2425 2.6661019965104167 -2.6939631137319644 7.4452580204893479 3 3 4 0.89145478239903431 167 162 168 159 169 180
69 1.6114369030854119 1.2810834205395658 -0.3855830562078682 184 191 203 1.5869181147345239 111 251 110 267 112 237 113 285 114 364 115 393 116 419 108 272 107 261 105 271 106 282 104 239 102 119 101 94 100 87 99 87 98 116 97 126 96 187 95 215
2426 2.0660111268947947 -0.034043797910505491 0.79749664987130364 131 136 144 0.34787549877969104 104 13 101 0 100 21
1179 0.49512994104960534 0.11779286307417064 0.2988409430237744 121 125 133 1.3137954347720777 132 32 137 108
70 -1.8778055441419808 -0.048573553759419089 -0.06540349188651215 43 45 48 1.1741030482585877 110 296 118 394 111 282 112 265 113 280 114 359 115 388 116 374 117 433 119 392 120 351 121 397 122 419 123 434 124 437 125 369 126 381 127 394 128 382
2427 2.0996765595993039 0.65317059036332559 1.8231570971276652 50 51 54 0.56849334152304931 105 72 101 28 103 42 104 70
1180 0.41296704508894233 0.10776392894008131 0.25102038800049853 125 129 137 0.14918875336769563 135 40 137 112
71 -0.90881326765720949 -1.3268047864736705 1.946797441694514 32 34 36 1.0976581676581254 110 297 118 347 111 283 112 286 113 281 114 340 115 360 116 375 117 348 119 396 120 316 109 327 121 360 122 422 123 437 108 358 124 439 125 373 107 393
1181 0.87069081676368043 0.28562992318655178 0.47273600654470815 142 147 157 0.25049055547581367 136 122 137 116
72 -1.6489408278513895 -0.14498315432404965 0.6881162075529671 1 6 26 1.132085432898964 110 299 118 350 111 285 112 266 113 247 114 342 115 362 116 340 117 349 119 343 120 271 120 322 121 312 122 328 124 397 125 335 126 348 127 366 128 388
2429 0.46780253952158701 2.6632159237640818 -2.3194556709563461 108 112 119 1.0957377845221499 104 31 101 50 100 11
1182 0.50583618919246742 -0.88746251706857515 4.465390951399109 63 64 68 0.081980074556368049 133 85 134 109 135 136 137 157
73 -2.6619070080816312 0.84317882397893484 -1.0349275404598308 80 81 87 0.81766173043962398 118 309 111 286 112 267 113 283 114 343 115 365 116 346 117 358 119 349 120 274 121 317 122 335
2430 -0.7338132857932842 2.4713013365717469 -2.2491448293285949 3 3 3 0.37232874757891565 102 139 101 67 100 66 99 52 98 39 97 39 96 92 95 133 91 89
74 2.7162013998726824 0.24809698995589322 2.1079117585843679 34 37 45 2.0654832131643128 110 266 118 401 111 287 112 268 113 253 115 366 116 379 117 397 119 406 120 360 109 303 121 407 122 428 108 303 107 323 106 311 105 326 104 303 103 232 102 247 101 145 100 122
2431 -0.47851759738678867 3.8566006687757075 -3.6980567305169525 183 190 202 0.47240822757855466 102 147 101 71 100 56
1184 -0.4905561552615314 -0.31167505476407897 3.2409216258225477 46 51 55 0.93834719078515516 130 100 137 171 138 280 139 276 140 294 105 192
75 -2.6635620223435086 1.0107345909179042 -0.98518066123946557 72 73 80 0.66651744866940177 118 362 111 289 112 269 113 284 114 344 115 367 116 348 117 361 119 360 120 279 121 324
2432 0.15865924271235621 2.4158321592573344 -0.34902481958527387 38 38 40 0.50036988014649064 102 111 101 73 100 76 99 59 98 61 97 69 96 138 95 170 94 166 93 168 92 172
1185 3.2355560218871813 0.34724845862186399 2.9563832988090062 17 17 18 0.99425769555798205 119 79 136 174 137 172 138 173 118 28
76 2.8141638179959072 0.52003501468863655 2.3462131451587656 23 24 27 2.0305503738971367 110 301 118 403 111 290 112 270 114 345 115 392 116 380 117 440 119 431 120 373 109 305 121 419 122 444 123 465 108 305 124 464 125 414 107 325 106 312 105 329 104 305
2433 -0.61752718308521337 2.5515505686280648 -2.3333794425426997 1 1 1 0.39198600767858777 102 177 101 98 100 81 99 67 98 53 97 64 96 123
78 -0.61069373289769602 2.5109326330299266 -2.3677289981834617 59 60 63 0.95669009965403928 110 307 111 294 112 304 109 315 108 280 107 305 106 291 105 281
2435 -1.1631851028700488 3.2447141838562756 -3.5305234834803585 184 191 203 1.5000019090082219 102 180 101 103 100 83
1188 2.9231706346462718 1.3354279866996006 2.0686887953765676 132 137 146 1.4129121002599965 135 225 137 190 145 155 146 62
79 -0.77529954539344015 2.5225853549443178 -2.2447288473773082 0 0 0 1.077107270792486 110 281 111 295 112 277 113 341 109 284 108 282 107 308 106 293 105 284 104 252 103 192 102 161 101 101
2436 -0.45340948007981341 2.4492769086667723 -2.1308768309195631 87 88 93 1.465255754185546 102 173 101 111 100 93 99 79 98 66 97 87 96 140 95 174
1189 2.1622174845683397 1.0228499189990967 1.4847830900076036 158 164 174 0.49691078228539887 124 55 137 191
80 -0.69342609610836003 -1.10789962018444 2.6142003054179375 20 21 22 1.4835221061691701 110 314 118 351 111 301 112 288 113 303 114 360 117 394 119 400 109 330 121 366 122 384 123 438 108 359 124 441 125 374 126 386 127 396 107 376 106 384 128 386
2437 -0.93606023669844773 3.2675766515251241 -3.6916771714184144 164 170 182 0.37249679429514193 102 220 101 121
1191 7.0578499946628384 -5.2096348456462414 6.7125065177884684 97 100 107 1.3850655831421423 107 172 108 181 109 206 113 146 114 234 115 251 116 164 117 177 137 210 106 43 110 152 111 204 112 190 138 150 139 132 140 111 142 170 144 120 146 37 147 38 104 12
82 1.0686757419588429 -0.35908763715900605 3.8243715897056254 34 37 47 1.0631352801166785 110 318 118 400 111 305 112 292 113 307 114 363 115 391 116 416 117 437 119 430 120 359 109 335 121 406 122 427 123 443 108 335 124 461 125 410 126 417 127 404 107 381 106 366 105 383
2439 -0.71475079135242303 2.3535759644307834 -2.0350260761281649 97 99 104 0.76014446804358093 102 218 101 125 100 105 99 93 98 84 97 91 96 144 95 178
1192 4.5947005937850394 -3.51456460414563 8.1592268983150102 80 85 96 1.4408239450288767 116 174 133 133 137 218 121 150 123 167 140 175 141 219
83 -0.47381028834461436 -0.22702996795787439 3.0865704582932008 61 63 67 1.0799872662721153 110 320 118 317 111 306 112 291 113 305 114 361 115 368 116 349 117 362 119 314 121 283 122 303 123 303 109 337 125 255 127 248 128 248 129 263 130 273 132 231 133 335 131 248 134 314 135 393 136 432 137 410 138 402 139 400 140 390
2440 -0.057053316239114131 2.4526018777612193 -0.31386961511673239 25 28 36 1.4269536972639927 102 222 101 129 100 111 99 99 98 130 97 120
1193 3.2271090267120575 0.46234374907049375 2.9065787006234109 34 35 39 1.5993481552920816 134 216 135 207 136 222 137 232 138 180 145 106 146 89 148 179 149 161 150 178 151 165 152 135 153 168
84 0.43459369386253777 -0.45955929488050429 3.9583778791005702 35 38 48 1.0958834310065242 110 319 118 399 111 307 112 293 113 306 114 362 115 390 116 378 117 436 119 405 120 358 109 336 121 404 122 426 123 442 108 363 124 446 125 379 126 392 127 403 107 383 106 389 128 392 129 399 132 369 133 439 131 370 134 466 135 466 136 494
2441 -0.99866872917076321 3.197512530274973 -3.1006667026682933 9 10 10 0.36495632499755271 102 287 101 159 100 94
1194 7.5565442586364577 1.7669993457051518 4.4172795186817613 94 97 104 1.4289657016031965 117 51 137 235
85 -0.74365573869557611 2.4586740907996765 -2.0762912220695116 64 65 69 1.1205054360155702 110 308 111 318 109 350 108 314
1195 6.0718592260032613 -4.7002371476154217 5.9047590694850207 113 117 125 1.6250578070903545 106 220 107 223 113 145 116 225 117 263 137 254 109 120 115 250 138 261 139 229 140 260 142 225
86 -1.6054689262930895 -0.60420203586949295 0.78672059079319301 0 1 1 1.712145166397337 110 333 118 395 111 323 112 309 113 325 114 396 115 421 116 403 117 434 119 393 121 398 122 375 120 314 123 387 124 390 125 370 126 382 127 331 128 327 129 360 130 375 132 360 133 430 131 344
2443 -1.2384972384224755 2.9249194624352479 -2.8854948780801952 50 51 54 0.62558931780235982 102 288 101 185 100 149 99 119 98 128
87 -2.0996162835946701 0.46279200193941844 -0.11430830945781965 76 77 81 0.73498956389204551 110 338 118 422 111 328 113 331 114 403 115 433 116 413 120 354 122 439
2444 0.54838472367552749 2.6388434145608568 -2.2143252832610734 79 82 87 0.73664114851376772 104 73 101 49 98 43
1197 4.6652539695368631 -3.4468880098167012 7.7521342970355098 40 43 54 0.39099519036581137 107 190 117 190 118 193 136 305 137 257 108 146 106 252 138 271 140 265 141 251 144 260 143 255 145 265 146 233 147 258 148 278 149 272 150 243 151 255 152 238 153 224 161 294 163 226
88 -2.5441858989315578 1.5692626957760984 -0.40649654035408067 21 22 24 0.31404811217684903 118 409 111 337 119 412
2445 2.2719383481464641 1.9444742171516451 0.076645863386994972 184 191 203 0.4655517706426181 102 44 100 4
89 -0.74571977157089442 2.395861191764777 -1.9580846920672514 28 29 31 1.632478398640248 112 327 113 361 108 345 107 363 106 346 105 366
2446 2.4566275553681267 1.4626702016871367 0.23872548097402527 72 74 78 0.34004748967919318 102 20 100 9
1199 1.8785215056713445 -1.994029922199247 1.2417661681238439 74 76 80 1.5713159397859062 132 5 137 280
90 -0.65374190532929222 2.5366982963629745 -2.338525070536603 1 1 1 1.2188282771809626 110 309 111 340 112 344 109 348 108 346 107 364 106 345 105 340 104 315 103 213 102 176
2447 1.4628161826369253 1.5184123977101605 -0.20304623814960082 92 94 100 0.44029245271556222 102 42 100 25 99 17
1201 4.0263778954761582 -4.3039066497718332 9.0844754602361828 72 76 86 1.642828653549296 107 227 108 216 109 183 117 269 118 231 132 163 137 292 110 160 134 194 135 192 138 156 139 231 140 171 142 230 146 179 143 237 148 157 142 176 154 155 144 124 128 87 129 123 131 50 124 77 122 138 125 136
92 -2.4523785386692132 0.22338556652706143 -0.56772120861114683 43 45 48 0.62026016235990178 110 356 111 346 112 333 113 366 114 440 115 480 116 446 117 471
2449 0.22846364914080164 1.8804945864007903 -0.37639576499395688 56 58 65 0.70681362630341216 102 135 100 82 98 68 97 76 96 149 95 185 94 204
1202 3.2900122773840206 -0.21178248529158394 1.8759050228285463 94 96 101 1.7083132867956765 136 313 137 300 138 305 139 247 145 212 146 185 147 233 148 253 144 197 149 278 150 277 151 294
93 -0.036068554437749673 -2.1327902194004351 3.4178738878848143 41 43 46 1.2627960604448925 110 357 118 440 111 347 112 334 113 344 114 424 115 466 109 399 108 394
2450 -0.0074109395143536379 2.2731315133137695 -0.40625565699922406 45 47 54 0.81635792553556541 101 127 100 109 99 97 98 89
1203 -0.24391050478184903 -0.86483392700741002 4.7803181361415952 44 46 50 0.63781241841615921 132 176 137 333 139 306
94 0.30441407902354473 0.3136144378863116 5.8778933271059204 33 32 34 2.2975944310676808 110 363 118 425 111 351 115 475 116 440 117 465 119 432 120 332 109 404 121 409 122 399 123 411 109 387 124 413 105 385 108 384
2451 0.6065302217089753 2.2322630999089457 -0.50861478814092131 120 125 135 1.4177073878975504 101 153 102 252 99 115 100 128 97 116 96 163 95 183
1204 6.4347239185049414 -5.0898821577946078 5.9720576732599309 133 138 146 0.30532292444025022 116 336 137 357 138 351 139 318 140 303
95 0.67463406261982262 0.95110165200881747 -3.1423247901548819 184 191 203 2.0412484644474302 110 353 111 358 108 371 105 372 104 340 101 171 100 136 98 132
1205 -0.085497247024087966 -2.1224815161378938 1.6640655224999359 58 59 62 1.64885619441547 134 334 136 399 137 378 133 311 138 372
96 -1.822325810252142 0.36479804307643932 -0.08890779171358805 3 14 38 1.2872005122060466 110 375 111 360 113 367 114 441
2453 -1.1743104761012124 3.3598926490496392 -3.4997668403121178 184 191 203 2.0662501692949542 101 170 100 148 99 137
1206 4.2420483323920317 -3.2296193871092798 3.1947356056372844 55 56 60 1.2602117332853273 119 329 134 336 135 365 136 407 137 385 118 291 138 378 139 344 140 338 141 313 142 293 142 319 144 340 145 317 146 296 147 314 148 365 149 360 150 360
97 -1.822325810252142 0.36479804307643932 -0.08890779171358805 3 14 38 1.2872005122060466 110 376 111 361 113 368 114 442
2454 2.8865970786712216 -3.5207463154827829 8.8858246363600291 50 51 55 1.7245348022865767 167 24 168 37 169 31
1210 19.112341734453963 -7.7510478235992766 3.7626719527794106 144 150 159 2.2100826354927534 114 384 137 426
101 -2.640353978979018 0.97127222176093131 -0.94642014263186969 26 30 44 0.34282146400741997 111 32 112 22 113 7 114 25 115 32 116 27 117 28
2458 3.028438335290911 -3.1809708734818298 7.8943743964868407 1 1 1 1.2798078348609567 168 109 169 119 170 105 171 118 172 170 174 136 172 141 175 145
104 -0.62671170579507562 1.0162502828172677 4.1837361180143269 19 20 21 1.9744905974100857 118 35 114 42 115 50 123 37 125 43 126 126 127 78 112 73 132 123 133 149 135 165 135 213 136 59 137 248
2461 4.8994950389138019 -1.7117405700372386 5.5374503512663971 178 185 196 0.6849155181990253 168 111 169 142 170 139
105 -3.0769701896746189 2.0850254059877877 -0.5174530644662817 36 51 47 1.2289391414058977 111 87 112 81 121 30 122 74
2462 3.7262074238091873 -5.2574528265958245 8.7599897965812143 184 191 203 0.98541861289593136 168 147 171 139 169 150 170 121 172 171 173 176 174 162 175 153 176 129
106 -2.2062055205339917 0.42191370859003324 -0.36186113182037843 87 89 93 0.073965813098666788 111 100 112 88 114 144 116 119
1216 10.637254501048874 -7.2839806613596565 10.588647457314286 0 0 0 2.4407603194819201 114 6 135 18
107 -2.6716863561995905 0.85753749074086516 -1.0683510581025342 68 70 77 0.34640702382860622 118 148 112 91 115 200 116 175 117 192 119 149 120 109
2464 4.9696879502745688 -1.8377583475404109 5.4283259154063019 184 191 203 1.0241548362607911 168 136 169 169
1217 0.052747948632131059 -0.67068325111387583 3.3540689181635024 44 47 49 0.2564097293145175 135 33 138 31
108 0.27599002250059751 2.3169874311538425 -0.45676141085882699 46 47 51 0.94936213066470287 110 107 112 106 114 218
2465 5.5569580779721726 -2.5571143795340205 5.4796733118447962 38 41 51 0.11159501527554615 168 154 169 176
1218 0.78760548392610608 0.081768629665532513 0.55202048787197244 158 164 174 0.044638712379671291 137 25 139 32
109 -0.44324155971488283 2.0986987099099896 2.3812163077964024 46 46 49 0.51144595208062715 110 143 111 121 112 107 113 121 109 168
2466 2.9343594359106029 -3.4187349095414392 8.4724401333881918 50 51 55 2.339762375304665 166 10 169 32 170 12 173 18 174 8
1219 0.83846470938647288 0.15521291548721014 0.56339736932049778 183 190 201 0.11975865249894638 137 27 138 43
110 0.58672719026464693 -0.82447666275856446 3.8424109065872316 29 31 36 1.144496914698226 118 199 112 131 116 233 121 206 122 230 123 224 124 230 125 197 126 187 127 196 128 203 132 210 133 248
111 0.37003128169168392 1.9163056164562338 -0.59874970402597871 127 131 139 1.5546448190026003 110 174 111 158 112 142 113 188 114 249 115 272 116 249 109 194 108 197 107 209 106 228 102 134 101 88 100 72 99 68 97 75 95 166 96 126
2468 2.5724952891083821 -2.9146212001474523 7.3005969014163696 37 39 49 0.9354091884207818 165 20 170 23
1221 0.81550550708147307 0.29473064818519357 0.40379089253971506 133 138 148 0.72914473340951569 137 57 139 59 138 68
112 -0.54858537777557526 1.1884224712946607 4.2452163809677446 37 36 38 1.5107784413677843 110 180 111 114 118 209 112 145 113 120 114 162 115 150 116 147 117 161 119 135 120 95 109 198 121 124 122 123 108 100
2469 6.8245203037147375 -4.3813473974523909 7.1414893313489216 89 92 98 1.5397299854370281 165 50 169 90 170 33
1222 0.72829741957194727 0.3274701215589102 0.49288130778412848 158 164 174 0.079839092928318173 135 54 139 61
113 0.16730548799511369 2.2486556614282596 -0.55794406553468312 1 1 1 1.2620682587964971 111 196 112 153 113 191 109 217 108 222 107 233 106 229 105 249 104 213 103 170 102 138 101 100 100 84 99 70 98 69 97 78
2470 5.5893033619139194 -3.3570640186120677 6.825747782876272 40 41 44 1.2694690213355384 169 43 170 36 171 65 172 77 173 84 174 67
114 0.14931561155645756 2.3758123428947804 -0.51429187262770093 18 18 19 1.2622125877181289 110 183 111 198 112 156 113 192 114 252 115 281 109 219 108 225 107 236 106 207 105 195 104 133
2471 5.5116439150539041 -2.6294385331718337 7.3370216508675448 95 99 109 0.52367265608649571 169 53 170 41 171 54 172 94 173 78 174 76 175 100 176 71
115 0.071432719765864655 2.3619099324204145 -0.42105614229379734 15 15 17 1.1942372867695443 110 138 112 157 111 84 114 219
2472 5.5419541570843034 -2.4195092499178021 6.441646466663669 38 41 49 1.9105463968451284 170 43 173 95 172 96 174 102 175 107 171 78
1225 3.3295067736180659 -0.80276660301555902 4.124765685406186 54 55 59 1.1766386530106183 107 11 138 111 144 132
116 0.18716660683330483 2.4242750029405595 -0.25532710213492132 52 53 57 1.0973651013866699 110 184 111 162 112 158 113 165 114 221 109 199 108 200 107 214 106 209 105 197 104 185 103 130 102 112 101 74
2473 5.6103962560823915 -3.3241133461710515 6.8872117693130654 24 25 28 0.94406586593721298 169 44 170 54 171 68 172 78
1226 0.54594923608482238 0.15439655816123177 0.3069152035043855 142 147 157 0.59585069844966321 136 112 138 127
117 0.073242577188811928 2.4033854232677618 -0.39890282203287752 52 53 57 0.24233116650302389 110 185 111 163 112 159 113 166 114 222 109 200
2474 2.6996206585419338 -2.6653931856097293 7.516091790991573 36 38 48 1.2062656282139097 169 101 170 78 172 126 171 103 173 123 174 121
1227 1.6311430561125644 0.58124360751499116 0.80300104895795565 142 147 157 1.8207420543137172 123 98 138 129 142 113
118 0.24556012435195115 2.4564068996342066 -0.30996156873516806 53 54 57 0.357911534141657 110 139 111 120 112 160 113 167 114 254 109 164 108 169 107 213
2475 3.9091949542690378 -3.8986785345650703 8.1130007313341288 32 35 44 1.6362369116057376 169 116 170 99 171 112 172 136 173 133 175 138 176 98
119 -1.2776366525622744 1.0697921527034084 2.1632797954206162 27 28 30 2.413543590291221 110 244 111 190 118 279 112 180 113 221 115 306 116 277 117 286 119 290 120 217 109 240 121 255 122 316 123 316 124 320 125 306
2476 3.6766584197319196 -3.9240372036859079 8.2022310938413732 33 36 45 1.1328694287741214 170 101 171 113 172 138 173 136 174 132 175 137
1229 -0.12975039961049434 -0.52004006363995059 3.7967329376956922 61 63 67 0.59922026852137122 106 131 138 171
120 -1.9700621895658534 0.29336528650044369 -0.1148472136618174 2 9 31 0.99528052952850254 110 225 112 195 113 199 114 265 115 298 116 267 119 261 121 272 122 294 123 342 124 348
2477 7.0178560309118572 -3.679698093673252 7.4769496958210651 184 191 203 1.9213594990259864 168 148 169 151 170 123 171 147 172 174
1230 3.2281306135530778 0.32311859147621097 2.9147862759511542 52 53 56 0.89867215686419755 117 41 138 172 139 153 140 135 141 148 142 150 143 177 141 192 145 149 146 127
121 -1.5790215343229963 -0.023941798700764624 0.68133480866897833 47 51 60 0.35205651229500906 110 228 111 211 112 198 113 205 114 268 115 329 113 249 116 304 117 307
2478 6.1104633719608623 -3.1424532420711988 6.8222175104921936 184 191 203 1.2349255475696688 169 154 170 130 171 149 172 179
122 -2.2854800951750813 1.268978075032936 -0.041210615514020423 23 25 30 0.45664776025126314 111 260 112 213 113 224 114 286 115 309 116 281 117 288
2479 3.9763665053088131 -4.0141541085725247 8.0341602480734355 33 36 46 1.1397754527356077 165 255 170 135 171 148 172 187 173 191
1232 2.0157320457930701 0.62679799563149285 1.1152864215598237 142 147 157 1.8511231526722738 136 225 141 120 138 187 139 162
123 0.3288597213545118 2.3683871863247461 -0.39470958249279398 47 48 51 0.74450820708470034 110 247 111 234 112 217 113 232 114 320 107 271 106 263 105 250 104 215 103 173
2480 5.4856755535777229 -2.6498977575231488 5.5701722486436172 184 191 203 1.6303079252312147 169 157 170 136
1233 6.8010035086478906 -3.908212351098808 7.3188004454636637 149 155 164 1.2874024920723386 117 231 138 208 139 187 143 202 135 123
124 0.33376057855196073 2.3697025574421229 -0.3898991583920482 47 48 51 0.6716073468552709 110 248 111 235 112 218 113 233 114 321 109 242 108 248 107 272 106 264 105 251 104 216 103 174
2481 5.4856755535777229 -2.6498977575231488 5.5701722486436172 184 191 203 1.6303079252312147 169 158 170 137
1234 3.0837937410166854 -0.17149883724975798 1.6291054868836636 115 117 124 1.2875038610687102 137 223 138 218 135 199 136 159 135 135 139 197 140 180 141 182 142 180 144 167 143 168 145 144 146 120 147 83 147 119 148 113
125 -0.26292702238642296 2.1139269897566679 2.1614116573041322 51 52 55 0.33696566790991078 110 251 112 219 113 230 114 250
2482 3.7857666844734736 -3.9400219816160211 8.3160436885625888 133 139 150 1.3485345700298881 169 156 170 116 171 130
126 -2.976478430335503 2.0601015955226387 -0.29705212104575651 110 114 121 1.4126551260975415 111 267 112 222 113 194
1236 3.4069790813879433 1.1370311365826786 2.8131964913974925 144 149 158 1.3615040050654177 135 214 138 238 133 263
127 -2.662874723911953 0.96324375556955399 -0.96901031115999736 3 10 30 0.71099897342116392 118 314 112 236 113 213 114 275 116 311 117 318 119 278 120 240 121 280 122 338
2484 5.3115020253098733 -2.2127833905836671 5.836543946291127 40 43 52 1.0127339591877047 170 21 171 29
267 -2.6512307823208499 2.4644377905923607 -0.13514862316041795 1 5 19 1.0669504758656112 118 456 115 497 117 486 119 456 120 377 121 421
2624 0.17607713634711478 2.1645932170977389 -0.3561158928862409 78 79 84 0.21241523596895887 97 136 96 183 95 220 94 223
268 -2.6456094013123526 2.4572726219658509 -0.15160855397784281 1 5 19 0.64598512264423014 118 457 115 498 117 487
2625 0.85804303969821583 2.4867897751259727 -0.80585776396158659 28 31 39 0.19023863207038871 97 144 96 190 95 219
269 -2.6797329437808108 1.0212108005595422 -0.99593096273305393 36 41 53 1.6434852070009867 118 79 112 24 115 36 113 13 114 29 116 30 117 38 117 96 119 73 120 39
2626 0.2311278852978873 2.3104439298031654 -0.68006424238658814 48 52 60 2.3400710968104637 96 115 95 16
270 0.19102334568087737 2.5276935274615884 -0.48547520392321852 73 74 79 1.6720398935742515 118 416 117 424 119 420
2627 0.44591648455597416 1.0012084211365873 -3.1583002509024598 150 156 165 0.15316161516196569 96 27 95 25
272 1.076636279179056 -0.6738809924221586 3.9944031230511454 28 29 35 1.4134801256575111 118 21 117 30 119 70 120 44 121 56 122 52 123 76 108 29 124 84 125 119 126 109 127 115 128 109 129 97 132 90 133 98 131 100 134 124 135 145 136 171 137 165 138 168 139 204 140 194 142 189 144 205 143 213 145 189 146 192 147 212
2629 0.24321028151343607 2.3775721137109032 -0.42536385076076844 34 34 36 0.46986046878623389 96 93 95 139 94 139 93 143
273 -2.5783048595077518 0.909415866733016 -0.85065321300616703 21 27 42 0.20237644940280611 111 67 116 73 117 84
2630 0.30406466496875229 2.4419571624647727 -0.42501963632848067 0 0 0 0.4154721542552447 96 137 95 168 94 164
274 1.1269033595307805 -0.61804299038808741 3.6426703790772978 47 48 53 1.8250137154642352 111 63 118 118 116 77 117 141 120 83 109 88 121 109 122 94 108 65 107 54 117 90
2631 0.8212893966914282 2.3299270390020381 -0.36504680585274163 0 0 0 2.5787458631373945 96 147 98 126
275 4.3510833119039791 1.0757243589144794 3.8609556332815673 120 124 131 1.1678742628918319 111 80 116 91 112 101 113 72 109 106 108 89 107 22 106 29 105 81
2632 0.8212893966914282 2.3299270390020381 -0.36504680585274163 0 0 0 2.5787458631373945 96 148 98 127
276 1.274091546391616 1.7548631552224225 -0.36255369119748326 184 191 203 0.55261463006049405 115 51 116 94 117 164
2633 0.2782923319577506 2.7593061275841331 -2.1759809205444567 176 183 195 0.79570365258849662 95 193 94 189 93 231 92 212 91 206 90 217
278 3.0061912960981543 0.57268565153614026 2.6514927415700003 18 19 23 0.88957983770299121 111 76 116 141 110 22 112 28 109 41 108 76
2635 1.1935857620336612 2.1260296638506277 -0.69426627388420381 81 84 94 1.3943210779864723 96 34 94 107 93 114 92 133
279 1.1565492225135947 1.5553709735190338 -0.32550076003716621 158 164 174 0.71581947910938282 118 89 116 146
2636 0.65616612430310228 2.7370215755210823 -0.35267232505595636 96 101 112 0.77722033829501191 95 150 94 149 93 164 92 169 91 150
280 1.1403491463839672 1.935302750231257 -0.73659334246346719 149 155 165 0.59622230917167607 115 152 116 152
2637 0.21098474252477198 2.5198652266146402 -0.30903898944371905 32 32 34 0.32843436824873562 95 159 94 150 93 169 92 173
281 1.4213878394246096 2.0440136334237913 -0.58841066005953779 150 155 165 2.1552165259233993 118 219 116 153 117 166
2638 -0.75486074162302386 2.3640406177631252 -2.1160874891066692 0 0 0 0.48322294631580243 95 163 94 154 93 160 92 159 91 137 90 142
282 -1.3206845072780451 -0.8991094050336973 1.4245449778759345 43 45 49 1.6554421611450749 118 298 119 305 120 266 121 363 122 380 123 392 124 440
2639 0.4296345764919981 1.924328814298135 -0.53631605873319854 107 112 123 1.0260070147187674 98 57 94 160
283 1.7682500533720056 1.5171414108915651 0.02574466594938472 110 113 120 1.2479669933868525 114 211 115 146 116 187 105 109 104 126 103 64
2640 0.3085276855527937 2.2937444413454235 -0.46656037544326867 0 0 0 1.0189915617687635 95 167 96 135 94 161 93 189 92 201 91 170 90 195
284 -2.1826843574297938 1.3424427284413194 0.25529209567759009 59 60 63 0.7206286084978869 118 175 116 192 119 172 120 133 122 168
2641 0.79247945261267982 2.2799292640149762 -0.47936528549299501 29 32 40 0.8770612868254557 95 182 94 177 93 162
285 2.1483579090474203 -1.5960012105936012 0.42349863704443136 107 110 116 1.3313284668180263 111 92 112 115 113 140 114 229 115 241 116 215 111 130 109 54
2642 0.00074176912618864241 2.4643926619517305 -0.2853779825645868 25 27 35 0.68825796991460753 95 189 96 152 94 180
286 -0.36918377439474925 2.1786905516588151 2.206929121156926 10 10 11 2.272997254727589 115 217 118 215 116 250 114 216 117 256 119 206 120 186 121 228 122 285 123 285 124 330 125 315
2643 -1.0998371068153268 3.8701564202211372 -3.8246128257209597 180 186 198 1.0275598099616365 95 201 96 174 94 187 93 200
287 -2.5421171531353184 2.7549194623023472 -0.69745038865356812 71 75 83 0.56301492713631229 115 118 116 254 117 297 119 253
2644 -1.0998371068153268 3.8701564202211372 -3.8246128257209597 180 186 198 1.0275598099616365 95 202 96 175 94 188 93 201
289 1.1760940422372443 2.6444653076530016 -1.1741907772154494 0 0 0 0.69675031370701768 114 256 115 284
2646 0.47119767949193553 1.9231228871488213 -0.6144088464746198 24 26 33 0.90835886571995927 95 181 94 200 93 216 92 217 91 209
290 0.2365407783692394 2.478253618266089 -0.43842664279936622 0 0 0 2.1191785763760596 116 292 117 334 118 288 120 303 119 328
2647 -0.62528377912596544 3.3291472661155437 -3.4493748092348095 184 191 203 1.5389113947725437 95 213 96 188 94 208 93 225 94 217
291 -2.314794340200411 1.6071842337472511 0.23768481077240766 2 7 23 1.3042780227756892 112 274 116 321 109 317 108 287
2648 -0.62528377912595967 3.3291472661155534 -3.4493748092348171 184 191 203 1.5389113947725455 95 214 96 189 94 209 93 226 94 218
292 0.17682622842023119 2.3715875597708158 -0.31710267376459511 0 0 0 0.068557639776156976 115 345 116 323
2649 0.58220848237446521 3.1449003396154804 -2.0752713988380269 158 164 174 0.50831055740368047 94 44 93 21 90 22 92 107
293 0.23381032680030342 2.3364261194966733 -0.42587741459660472 58 59 62 0.4742129888247178 118 382 116 353 117 372 119 376
2650 -0.795116304886062 2.4213676904184314 -2.271319550139848 46 46 49 0.26781481136024154 94 43 93 47 92 101
294 0.22941974272270926 2.3338351134315163 -0.43095745570324201 58 59 62 0.41915647358528413 115 344 116 354 117 373 118 383 119 377
2651 0.53554417138858113 2.8976865582656126 -1.9970226005988982 184 191 203 0.90757177400774025 94 42 93 98 92 115 91 91 90 75
295 1.1605236187094408 -2.6497536543348823 1.7143592063549946 43 43 46 0.72457155780971894 110 218 111 201 113 238 116 360 109 253 108 258 107 277 106 296 105 313
2652 0.22473652903864105 2.3656318450131706 -0.43758142092729463 30 30 32 0.31072508256116366 94 138 93 142 92 144 91 118
296 0.14589370326130882 2.287840762753464 -0.38650799480334397 7 7 8 0.66642121215805794 118 432 116 389 117 450 119 457 105 338 106 343 107 359 104 314 103 242 102 219 101 158 100 134 99 139 98 139 97 138 96 185 95 222 94 225 93 244
297 -2.5993850373891059 2.7416196550826526 -0.62620742347199976 1 1 1 1.4353053393852335 115 346 116 391 117 453 118 387 119 419 120 299 119 381
2654 0.47595799615697909 2.6419459375308638 -0.3886622399977282 27 30 38 0.39879615331302565 94 163 93 166 92 171 91 152
298 -2.7877246883756164 3.1003624956307432 -0.06942973243296284 63 64 67 1.52946315347121 115 379 116 392 117 426
2655 -0.74495146068756524 2.542283748173404 -2.387572357665972 91 93 98 0.59212216796850614 94 169 93 178 92 189 91 146 90 159
299 2.1361578188240467 -2.1705629254521419 0.87563575159508378 184 191 203 0.78423366636588798 110 254 111 242 112 256 113 272 114 327 116 393 115 382 109 254
2656 -0.73968179025274583 2.4644509626894799 -2.284302410713074 34 34 36 0.61946463152590159 94 170 93 179 92 190 91 147 90 160
301 -2.7385372356421955 0.78323289888936731 -1.3120845954517892 77 78 83 0.91129073737767285 116 431 117 432
2658 0.56296592250676514 2.0972413890139983 -0.57816730536611494 171 177 189 1.5054006768242794 93 187 92 197 91 168
302 0.57968253116909096 2.2702867752931484 -0.50490204348871703 147 153 164 0.68818824218094365 118 454 116 444 117 469
303 2.079045025254731 0.30083328801952763 0.58797392378005409 55 59 69 0.70529041517359392 113 329 115 469 116 450 108 330 107 349 106 338 106 357
2660 0.2466532081324162 3.2519410494329302 -1.8531408661521891 184 191 203 1.5403945082748849 94 199 93 211 92 229 91 208
304 1.9951397235369159 2.6687171198892807 -0.36843534896130475 184 191 203 1.7596993034502235 115 493 116 464 117 485
2661 -0.77126700395622005 3.3259801517196994 -3.6215642848633864 28 31 39 0.80134987363137444 94 216 95 212 93 223 91 179
305 -2.6912216326049365 1.0065372996933384 -0.9990999635009985 26 31 46 0.23475449624093905 118 20 117 36 120 34
2662 0.73448875354343213 2.629417515770724 -0.35789879169453381 26 28 36 1.0072135587843953 94 202 93 235 92 236
306 0.86872171652265728 1.9427736181539086 -0.88557957015548527 143 148 158 1.6395186891449249 116 101 118 183 117 69
2663 -0.75082375029394011 2.3260638279478263 -4.1664705685602046 184 191 203 1.0958809062118331 94 215 95 211 93 239 92 239 91 200 90 213
307 -1.0753938420427072 -1.1750153832326709 1.4471670359467586 25 26 28 0.73025452773907329 115 77 117 75 119 103 120 62 121 139 123 159 124 142
308 0.49842797483854051 -0.72404016555267181 4.0998282258825158 14 14 17 0.79418644683093209 110 130 111 106 117 145 120 122 121 158 122 149 123 171 108 195 124 194 125 164 126 166 127 169 107 204 128 172 129 182 130 215 132 178 133 175 131 190 134 212 135 252 136 272 137 304 138 310 139 275
2665 -0.64179932824930896 3.3915351561914893 -4.1156619750799379 184 191 203 1.5381515998884188 94 206 95 199 93 197 92 183 91 158 90 157
309 1.6611086629633582 0.34853723145563564 0.456173109786777 133 137 145 0.8566969607743824 115 92 118 152 117 194 119 224
311 0.22180870656098672 1.7885048288831704 -0.32909877953150224 52 54 62 1.7444940328443659 118 259 119 298 117 255
2668 0.47824524052604295 2.9117519940259129 -1.9546065935100694 184 191 203 0.27316082892701155 93 101 92 116
312 1.6344532062013664 1.4945264113885623 -0.15348116723550009 16 16 17 0.57555789069363628 110 171 117 289 111 154 112 137 108 196 107 205 106 199 104 123
2669 1.3534005762452503 2.0764399420655177 -0.75668004641506414 141 146 156 1.9510788088970163 93 133 94 135 92 130 91 76
313 0.16961942489705273 2.4396730527742885 -0.32462855737867002 66 67 71 0.72027600743204534 118 261 117 294 119 301
314 0.30642801698241706 2.4202559986798824 -0.38896408663933435 1 1 1 0.29128179815229899 116 290 118 287 117 296
2671 -0.92439475420177653 3.0400394430841335 -3.5250186389608769 177 184 195 0.57564510242880607 93 145 94 146 95 154 92 148
315 -1.9486395628545434 0.36815540818174158 0.06669859314185056 29 35 52 1.291183827590368 110 232 117 315 119 275 120 198 109 269 121 238 122 299
2672 -1.1201912406946777 4.1399791033299831 -3.846834641080358 30 32 40 0.34969534573069144 93 148 95 158 92 151
316 0.16109337708695681 2.4569344625724261 -0.39696054627963479 0 0 0 1.7330725350925162 118 332 117 332 119 327 120 302
2673 -0.65051070202843453 4.1643676102421212 -4.7381225055055731 62 64 68 2.4329391941215301 93 198 96 171 92 207 90 172
317 -2.8404454278119311 3.282174237638706 0.15906022731710948 23 21 22 0.97104241491966914 116 327 117 335 120 224 119 302
2674 0.382478591205001 3.1229176965062742 -2.0332622492610932 184 191 203 1.3307729792284877 93 206 92 228 91 207 90 218
318 0.94655622656593097 1.4801478742121987 -0.4596882806417496 158 164 174 1.7450057010398046 118 369 117 368 119 322 106 255
319 0.82419159523982122 1.4752916834641372 -0.55437434956591281 158 164 174 0.68514373072827428 118 370 117 369 119 323
320 0.56054917798391868 2.4462557381501675 -0.4823759825026071 26 27 31 0.19455643952104051 118 333 117 376
2677 0.64093128442022429 3.0866465704428037 -2.1561642973457431 158 164 174 0.31296323753300176 92 105 91 46 90 20
321 -0.18883215726553854 -0.37256267644658331 3.9625586575749692 1 1 1 1.8459234634531734 118 318 119 316 109 307 121 244 122 306 120 206 123 307 108 340 107 355 106 368 137 448
2678 -1.9254310778157371 1.4003411763217568 -2.0685264388478934 0 0 0 0.29041950866509281 92 135 93 128
322 0.047808620616046051 2.3175610071308701 -0.32711390818236585 43 45 52 0.89453670952735842 118 381 117 420 119 416 120 342
2679 0.70832821509717725 3.2010953210787276 -2.1348013369744634 98 101 108 0.36491341250726411 92 127 91 93 90 105
323 0.50683133698651595 2.6778749577817362 -0.28804812444803951 24 26 34 1.6492810085790144 118 386 117 425 119 382
2680 0.56933832404798568 3.4965469387579318 -1.6365447519049248 184 191 203 0.85849845655021162 92 138 91 110 93 115 90 129
325 -0.38876675666392496 -0.16464395612990268 3.0237547932208941 53 55 59 1.25320032915921 114 31 119 26 112 65 109 98
2682 0.72352360403640315 1.9738630743391801 -0.76735206275168999 73 76 87 0.56770859471864865 92 152 91 129
326 -2.6584050317945649 0.97494741197725499 -0.95496584275639507 9 16 33 0.20576357276135551 118 73 119 60 120 73
2683 0.55726702576745479 2.6235757174585883 -0.44714071739381878 22 25 32 0.09049045175748173 92 154 91 131 90 135
327 1.1754390583369472 -0.58008010039175806 3.8150682453433804 51 51 55 1.5193853288386572 114 22 118 24 119 75 120 47 121 59 122 54 133 104 131 130 142 190
2684 0.28931274416772162 2.4734705041673339 -0.39569735666443173 39 39 42 0.39922509268486644 93 150 91 139 90 153
328 -2.1923972528113582 1.3211574034859064 0.17865797788571272 23 24 25 0.42059918424569115 110 28 119 86 120 53
2685 1.4158135450203291 2.2498493944620819 -0.69003522763243186 70 74 84 1.0913322832150165 92 160 91 149 90 184
329 -1.0777069378734874 -1.2075362613303515 1.4925911158673404 19 20 22 0.60042018523482654 117 74 119 102 120 61 121 138 120 100 123 158 124 141
2686 -1.1104561130622757 3.1219310551965105 -3.0091762277291525 49 49 52 0.95735894947267375 92 186 93 176 91 160 90 176
330 -2.6490169371867216 1.0030757966586394 -0.92790341119177044 62 64 71 0.16257960212090056 118 121 119 124 120 81
2687 -2.3013844933718128 2.7816430412292008 -2.0239917839625488 44 48 59 1.0031789476327562 92 199 91 166 90 163
331 -2.5284293987956858 0.91055017494151758 -0.78675455634666047 44 48 58 0.24009937179518751 118 155 119 155 120 116
2688 0.33188667422256546 2.3048171696446174 -0.45684982761215798 0 0 0 0.31948115407439115 92 200 91 169 90 194
332 -2.2422929299231344 1.24137108543945 0.1659234188617742 51 52 55 0.47860542912166593 118 170 119 196 120 146
2689 -0.679279494866046 2.3442468827907494 -2.0428877577754783 95 97 102 1.0720743893159266 92 227 93 207 91 189 90 202
333 -1.4266882372438552 1.4153120352183355 2.1844082445033273 38 39 41 0.37541908781179367 117 254 118 212 119 202 120 154
1763 -2.4945780552418206 -0.5202954299741096 9.9110331397172491 57 58 62 0.1570601305031076 148 47 150 36
1766 -0.018180291448826495 -0.92795455371281088 4.731115142873267 77 78 83 0.1615462737914202 149 96 150 79
1769 3.8388213120274521 -0.1898394223249214 3.2644653458129609 82 86 93 0.92057442248881305 148 29 149 159 150 98 151 125 152 36
1780 0.43125301333683591 -0.87173727420343383 4.1124580255943446 0 0 0 1.7540312183927611 149 259 150 229 151 240 152 223 153 211
1781 0.45580056245148304 -0.82732373014629257 4.0691398374869507 78 79 84 0.60459146522672336 148 233 150 233 151 211 152 226 153 215
1805 0.7850993436041932 -1.4056081390162019 5.0042253629065865 46 49 57 1.0615371833611533 150 100 151 92 152 109 153 120 154 116 155 173 156 132 157 117 153 84 158 134
1808 3.2138176256518225 -0.72561213588786144 3.8743529394571183 48 49 53 0.7907881562001835 148 115 150 93 151 122 153 116 152 102 154 144 155 169 156 147
1810 0.83145368081892457 -1.2670760856850727 3.91100266066131 97 102 112 0.76520539954360112 150 130 151 127 152 132
1811 3.1777383466265059 1.0213680101501212 2.4912337134364875 149 155 165 1.96180975550527 136 53 151 136
1814 3.4400481105450451 -1.3076666519346891 3.7617097304328762 37 40 49 1.003026058176268 150 126 151 150 152 124 153 151
1817 1.3582466414604302 -1.9611666798387786 4.8050051606889399 13 14 15 0.81171745119980865 150 158 151 178 153 179 152 149 154 195
1818 3.4435279364773477 0.034669266300840378 2.7316865054561279 63 66 73 1.0052703432019858 150 172 151 186 152 155 153 162
1819 3.5870161383188353 0.31397495603294323 2.8190453401259945 154 160 170 0.43835811762223975 150 197 151 187
1820 1.0618748034045031 -0.60854295852078499 3.7891958507569603 82 83 88 0.6357073826260331 150 225 151 207 152 184 153 209
1821 0.83791442838273422 0.47636608606974784 0.50043331358261656 0 0 0 0.12053376308071022 140 276 141 304
1822 1.0632650945486315 -0.79697057148313699 3.753280976270974 0 0 0 1.6162411444004856 150 252 151 234 153 243
1823 0.76423089172701753 -0.50606598012847637 4.119560940577923 44 47 58 0.72684414850665835 150 253 151 243 152 227
1826 8.0904690473926362 -4.9003209239621439 8.7127813668722389 0 0 0 0.82871335154320636 135 308 149 299
1827 3.5584669757733876 0.19718599092100522 2.7909793934545375 165 171 183 1.6494349539845405 149 305 150 282 151 266 152 254 153 240
1828 4.5654674432196876 -6.189889715158043 8.2470719472153196 56 57 60 0.86525737465336094 143 342 144 347 148 331 149 326 150 309 151 276 152 261 153 253 154 236 155 257 156 206 157 199 158 189 159 195 160 274
1829 4.5654674432196876 -6.189889715158043 8.2470719472153196 56 57 60 0.86525737465336094 143 343 144 348 148 332 149 327 150 310 151 277 152 262 153 254 154 237 155 258 156 207 157 200 158 190 159 196 160 275
1831 3.2142421107915906 -0.089741954727025938 3.2066235759457631 0 0 0 1.4776407880173137 150 354 151 324 152 317 153 318
1833 3.642598710346503 -2.688675693632951 7.0931343927721677 41 41 45 0.15883063510736517 147 361 149 378 150 369 151 331
1834 3.0222422294403466 -0.69443169883731459 3.9456123354417154 2 2 2 1.0775724764093209 125 145 126 167 127 171 128 174 129 209 132 146 131 191 151 183 148 195 149 186 150 167 152 152 153 183 154 178 155 209 156 178 157 166
1835 3.2841430052314768 1.2236974090132382 2.5279445884286211 100 103 110 1.2043907521706978 123 368 124 367 151 246 148 321 150 294
1836 3.2851377810748197 1.2245257780318257 2.5282023526022459 105 109 116 1.121216385787823 122 357 123 369 124 368 151 247 148 322 150 295
1837 3.4811649600459535 -4.8425423816203521 8.004561652687487 132 137 145 1.1837785114714083 151 3 152 3 147 3 149 3 150 4 158 30 159 38
1838 3.139233947907448 -6.1121133688552503 7.4542719406499369 175 182 193 0.10148162318702528 149 54 150 41 152 0 154 0 155 0
1840 8.2547435216867875 -4.2720684334037413 9.3746270001980623 49 51 56 1.7689616668777142 146 9 150 20 152 11 153 2 154 3
1841 4.0337504421197448 -0.3923707876900675 3.5261852365254898 122 128 137 0.71965491423415495 151 27 152 16 153 14
1842 21.167830945485303 12.433414226997499 6.8692761238767535 134 139 148 0.16307778289402361 140 54 152 23
1843 5.7102700847609693 -3.6393237856793452 7.2390249903009778 110 115 126 0.89713859120997919 132 45 150 43 152 26 120 23 121 38 126 14 131 21 153 42 154 40 155 49 156 43 157 38 158 31
1844 3.9430778731492548 -2.8637086967170293 9.5696676014938422 119 124 134 0.39338424078770612 149 28 150 47 152 32 153 10 155 66 158 44 159 54
1845 5.2481150206538505 0.50747290554589375 3.6410221590998906 184 191 203 0.89179564182571236 135 82 151 56 152 43
1846 6.4343563332329765 1.1436916214736175 4.0892423540704534 149 155 165 0.099969861362376497 136 109 152 47
1847 3.430609678639954 0.054081222775932622 2.7459821149850105 90 94 104 2.0561029908398938 136 32 152 53
1848 3.6125939103948461 0.14038456492248344 2.6966059675449698 140 145 154 0.45002462368238744 133 34 152 54
1850 3.1774263139375631 0.32951969581082197 2.9084536934881107 20 20 22 1.2021306369651066 151 66 152 58 153 72
1851 5.7100165066615203 -3.3264835975789104 7.1864998910634528 63 65 72 1.1894864815568484 133 48 150 84 152 61 121 40 122 39 123 61 120 26 153 102 154 75 154 101 155 121 157 93
1852 3.4568968993527585 -1.2618536624087988 3.7350680089399146 61 64 74 0.071654410725548429 151 82 152 65
1854 3.6456447151541251 -3.4577700038402459 8.572602882731216 69 73 83 1.4773057094467292 148 107 150 86 151 78 152 92 149 117 153 110 154 133 155 159 156 123 157 112 158 111 159 127 162 153
1855 3.6721235850824843 -3.102918256555955 8.1044041731491134 79 82 91 0.62867795088655154 148 165 149 179 152 94 146 118 153 134
1856 3.6300995993783638 0.12434794427461703 2.6662209507829444 135 140 149 1.6573168863857244 151 160 152 113
1857 0.76508313811458817 -1.3689809853533188 5.0058972003074116 99 103 113 1.2594993394032934 151 158 152 131 153 160 154 165 158 161
1858 6.6483629805381828 -3.8223667585968224 7.2699435612382795 140 146 155 1.4357432125230241 133 167 152 140 153 147 155 152 156 117 157 120 158 120 161 177
1859 5.2994577981432434 -3.7745993128081521 8.1140306430400493 108 113 124 0.91054136390918927 133 128 152 142 128 132
1860 4.7779780436451524 -1.7584137858709008 5.0596278886875181 70 72 79 1.7530693266023403 150 187 151 147 152 144 153 176 154 171 155 196 156 173 157 158 158 149 159 178 162 202 163 166 165 227 166 170 164 195
1861 3.9060800495213694 -1.0938614707628493 3.4054191076995339 95 99 109 1.0831072604158263 151 151 152 147 154 176 155 204
1862 1.0459778005822815 -0.73551486211301698 3.8888891064075204 51 52 55 2.2714864207423222 131 64 151 163 152 161 129 55
1863 7.3487639986865068 -4.2564871706326484 7.5336432883233728 184 191 203 2.058710793540814 138 295 142 227 152 196 140 227 137 211 153 172 155 180
1864 3.6773693281418725 -2.8803311834521295 9.3751507596614054 40 43 53 1.4040299394681104 150 276 151 223 152 199 154 213 153 226 155 242 156 196 157 160 158 139 159 165
1866 1.0809069380097553 -0.70191666727959023 3.7691774562248264 83 84 89 1.2657537434134458 151 235 152 213 153 245
1867 1.0809069380097553 -0.70191666727959023 3.7691774562248264 83 84 89 1.2657537434134458 151 236 152 214 153 246
1868 1.0743988327755292 -0.6411058787816778 3.808575560016795 0 0 0 1.1196400226364369 149 224 151 205 152 217 153 206
1869 0.54089775120232209 -0.79412989322791605 4.0568713354050097 79 80 84 0.71809720927268295 150 231 152 225 153 213
1870 4.6693019868680921 -3.4492055323460789 7.7598476249076134 40 43 54 0.50883768338146718 145 264 146 232 147 257 148 277 149 271 150 242 151 254 152 237 143 254 144 259 153 223 161 293 163 225
1871 2.9341377411896259 0.49383774799546493 3.1007640696117691 24 26 34 1.4683535278704634 151 269 152 257 153 282
1872 3.2888127172442916 -0.19334264996280437 2.8878109831713337 184 191 203 1.2018625467424764 152 284 153 299
1873 3.0410944388393419 0.53670729823453855 3.0179576330362106 69 71 75 0.75233027495071569 151 268 152 293 153 283
1874 4.307066984750735 -1.4603227987622041 4.2823085440238451 184 191 203 1.3529921622555279 151 317 152 302 153 294
1875 4.307066984750735 -1.4603227987622041 4.2823085440238451 184 191 203 1.3529921622555279 151 318 152 303 153 295
1876 1.5723483727092988 -2.0467879531878039 4.9116179395283677 12 12 14 1.4073171335365333 151 320 152 305 153 313 155 315
1877 2.3912556787676404 -0.062186049219018512 3.3601686290899981 35 38 48 1.2824347266111438 151 327 152 322 153 322
1878 0.83751131402699941 -0.81793383698179845 4.1904684383937809 7 7 9 2.6986965129523166 151 326 152 321
1881 0.0475095154533592 -1.2481762592212002 6.52267002852735 115 119 127 0.23494252282871664 143 35 153 29
1883 3.0902062657522826 -6.0337167853501636 7.2760023976772521 141 147 156 0.56133301860403106 146 4 148 6 149 0 153 39
1884 3.5125682458600096 -4.8146843027162927 9.0831467639537085 132 137 145 0.57580755856298005 149 18 152 8 153 40 154 39 159 76
1885 5.4197359074021305 -3.0407982503645683 6.4546625253415151 20 21 24 0.91582594631213721 144 17 153 50 154 44 155 54 156 48
1886 5.6436001170341097 -3.1417878956337839 6.7840875099503499 44 45 48 1.5707103912052574 146 7 148 16 151 20 153 52 154 45 155 57 156 51 155 59 157 42 159 83 162 60 163 54
1887 5.856351238430638 -3.2337738635122868 7.020697541022944 44 45 48 1.5058883168416799 148 17 153 53 146 8 154 46 155 58 156 52 155 60 157 43 158 37 160 47 161 41 162 61 163 55 164 61 165 59 166 36 167 51 168 51 169 48 171 70 170 58 172 87 174 72
1888 4.5319540320169498 -3.0033499794385379 7.1693772621563188 94 98 110 0.7658615819450002 146 11 148 106 153 57
1890 4.1025747935415957 -0.0085191106096123813 3.2912689691527648 118 123 130 1.643269432151484 152 110 153 87 154 117 155 139
1891 -1.6327726792984103 -1.2236664973395051 11.94012960292592 118 122 130 1.2013047706477298 140 81 153 91 154 87
1892 3.8186086235314027 -0.14555246188640203 3.2180321922667039 110 115 124 0.95967696754249943 152 39 153 121 154 147
1894 3.4620773814740642 0.039988847061661219 2.7332063818340435 60 63 70 0.66462413223620076 152 154 153 161 154 168
1895 1.358545489674331 -1.9595551274289917 4.8062497402040316 14 15 16 0.76654311549396004 151 177 153 178 154 194
1896 5.5213217677048068 -2.4652067589911311 5.1441159018966207 184 191 203 1.4148683710531544 151 196 152 169 153 194 154 210 155 264 154 243 156 214 157 239 158 230 159 267 160 340 161 317 162 267 163 222
1898 3.6959176107542442 0.32462688735346812 2.7472625111242199 184 191 203 1.5242352362161469 152 208 153 201 154 203
1899 1.1873349988176651 -0.70707841762839241 3.7332530956132874 56 57 60 0.46879450861259336 151 203 152 181 153 202
1900 3.6158562618823744 0.18269818702657192 2.7206833754933086 114 118 126 0.032301793986969987 152 253 153 238
1901 1.2154209349385234 -0.7400680349866926 3.729103747981096 0 0 0 0.93565599831792456 151 233 152 209 153 242
1902 3.3916372354027362 -0.54847092670528652 3.8285728346244547 17 18 24 1.1350170121013854 151 260 153 270 154 220 155 247 156 201
1903 3.7058966923811858 -0.044336667334517521 3.2127942031281953 38 41 51 1.1554954811109217 152 249 153 297 154 281 155 320
1904 3.1322769380324647 0.17080356909095071 2.9488314090593568 73 74 78 0.57493733594757401 151 301 153 302 154 290
1905 1.4539309476533209 -0.38306043512000715 3.7691222582725508 1 1 1 0.038169950720516321 152 291 153 306
1906 1.6256622068150757 -2.1248053628396097 1.1265378366631487 21 22 25 1.0241418944946905 117 0 104 6
1908 3.1840808600645669 0.43913319928729527 2.9370765873341518 41 41 45 0.66911273063517696 143 180 104 67 103 44
1909 2.2437356768869012 1.3770510471028736 0.33582605406271282 132 136 145 1.0797910370625778 105 101 114 210 104 88
1910 0.25010850128469897 2.4485383613506353 -0.43964252418769545 43 43 46 0.35465958615046372 105 123 106 87 104 102
1911 -1.7953048035628094 1.6105632875999005 -2.5288850048503981 112 117 128 0.59350849343576106 105 240 104 111
1912 0.046274460637844426 2.3544673723079814 -0.51838428176339224 2 2 2 0.84561408991817777 106 135 104 135 107 155 103 104 102 110
1913 3.2808058605814576 -0.83062656206627838 4.0294482210633964 52 53 57 1.700802956193209 106 187 107 195 144 234 104 174
1920 -0.86436053193881313 2.5721185716407207 -2.4273584928452476 50 51 54 1.6557333051461287 106 376 104 335 102 256 101 155
1921 0.59557776773037763 1.1320553817587895 -3.1924077435131148 158 164 175 0.97137806657857562 105 344 104 343 103 269
1922 6.1968657269951537 -4.207015672454018 5.8398879292601737 176 183 194 1.3150490313542227 146 346 147 371 104 347 148 386 103 271
1925 0.20556079693128237 1.9908718972717685 -0.74482420843835995 0 0 0 0.97246715400183392 114 450 115 491
1926 2.3476110368714034 -0.28216538036600425 6.3138133351735899 39 38 40 1.3682125944258681 145 38 147 58 104 98 146 92 147 155 148 176 103 101 156 152
1927 2.2600215537494188 0.5713420743330746 2.112462141533713 41 43 48 0.65487295804595103 105 104 115 142 116 139 104 90
1928 2.4934374613333739 0.49467340592197179 1.9059919223655508 80 83 91 0.21192453015831381 105 184 106 193 107 198 104 121
1930 -0.37053734779560171 1.8005384243419853 -1.6725525938127028 141 146 155 1.7363672639241483 106 78 103 22
1932 3.492594311979214 -0.24269268216198953 1.9527648902857486 98 101 109 0.59379338179489072 104 49 115 131 103 35
1934 2.0828201600312095 1.3783200041655215 -0.029629999313849371 122 125 132 0.43265191215850196 104 57 114 156 103 60
1935 0.11826510812611697 2.3747875151733435 -0.50549465556241324 43 43 46 0.27003654640339048 104 101 103 69
1937 0.50855153720653379 2.0534066523152248 -0.66551213905035744 78 82 91 1.2510067989077911 104 131 105 220 103 100 102 82
1939 1.0653136267624483 1.9510371173820664 -0.64400460985488794 184 191 203 0.90305842901151934 105 217 103 126 102 128 101 84 100 71
1941 -0.52319917591039389 2.03483582665912 1.4710630354373131 14 14 15 1.0397303915833274 104 190 105 198 103 131 102 150
1942 0.86446676518878174 -1.6616703987209138 0.55284597333791252 6 6 7 1.6336440118655966 104 192 105 202 107 162 103 133 106 215 108 177 109 118 110 110 115 235
1943 0.34677985537069245 1.8805870820474357 -0.6866764737346398 30 32 41 0.33036489002546027 105 219 103 169 102 133 101 87 100 79 99 66 98 54
1944 -0.34078211183702023 2.4791084230151581 -1.7785389133956546 49 51 57 1.7447941541455987 104 214 103 172
1945 -0.60403370265999823 2.5934454152831878 -2.4561357538626241 49 49 52 0.37926181023797972 104 247 105 282 103 189
1946 -0.29073079609538782 2.2618808563845052 2.7451260759214917 0 0 0 1.1706424878472426 105 228 106 236 108 174
1947 1.3318178296760788 -1.2774718259308859 0.75332310964630933 1 1 1 1.4814531447132544 105 291 106 273 107 281 103 202 108 262 110 221 111 203 112 188 113 243 102 190
1948 0.036652229549638787 2.1438163282912197 -0.72977572095933796 0 0 0 0.22888101391801707 104 273 105 306
1949 0.14682888579434777 2.163135578861735 -0.61986180912709776 77 78 83 0.796104005435879 104 274 105 307 102 213
1950 0.45479630717610664 0.28272067192925038 2.0744650422682436 43 46 57 1.2744613651488597 104 308 105 303 106 314 107 296 103 236
1952 -0.70405213102958097 2.5260701369462 -2.2971046446874923 42 43 45 1.269548744690467 102 272 100 147 99 135 98 136 97 128 94 193
1953 -0.70810501050987773 2.5929590982649131 -2.3863818886716333 96 97 103 0.31851716908865702 104 360 103 284
1954 -0.50229908780906429 3.7341591701600105 -3.6799310248093016 184 191 203 1.2505889151353644 104 362 103 287 102 257
1955 3.3297208497056783 -1.914140459640171 6.4549180974135307 184 191 203 1.686380045063123 104 352 105 357 106 362 103 295 119 428 120 356 121 403 122 425
1956 0.15202358228661933 2.4889658878789871 -2.1313675040773954 184 191 203 1.6047549841458431 104 370 103 298 102 281
1958 27.914113315927978 7.9923863255361525 14.506189124232639 137 143 153 2.7953522683188852 143 82 103 27
1959 0.46603155794486262 2.5068576845648698 -0.58582191646738402 51 54 63 2.3291168405227101 104 132 105 193 103 127 102 83
1960 3.0830104269513474 -0.84680433822867396 3.8771656735171036 79 81 86 1.8955134544494221 127 199 132 177 153 180 152 175 120 80 121 107 124 160 119 59 118 67 125 143 133 138 134 163 135 129 136 89 137 86 138 107 139 20 139 89 140 69 141 101 142 88 143 79 147 84 148 111 149 157 151 118 152 127 154 197 155 245 156 199
1962 5.8451090958659329 -3.1569075000683369 6.8603296108262981 51 53 58 1.0419058462880408 148 19 150 18 153 6 154 6 151 22 156 9 160 11 161 12 162 28 164 33
1963 34.394946943951091 16.521447044163402 13.201893906404175 142 147 157 0.0038437169807130295 140 48 154 20
1964 10.859973350925777 4.7696065983253391 4.577883014824712 133 138 148 0.23330885137586033 138 71 154 31
1965 8.095078057434554 4.2853237670412652 2.972870144042048 117 121 129 0.89161191159759301 138 82 154 36
1966 3.5534270489477002 -4.487134349035828 8.3911976376128763 132 137 145 1.3012743001711737 149 17 150 12 151 13 154 38 152 7 153 0 155 88 159 42 161 10
1967 3.9793099023774583 -0.46721757290680405 3.5057499878615213 69 72 82 1.66702129074075 154 57 156 79 155 96 157 104 158 116
1968 17.805380605883983 7.9440640213663318 7.3592290234495854 142 147 157 0.13282461751047547 139 117 154 69
1969 11.920693469081955 2.4155211548303894 7.339758521442973 0 0 0 0.24062348947972992 136 178 153 83
1970 3.6236763120610576 -0.43577702360944587 3.2193982709586009 140 145 154 0.11770729251135868 152 35 154 83 155 99
1972 4.6115200343708844 -3.0355994837424118 7.2201616840039753 101 106 117 1.2546953858335927 128 137 151 112 154 105
1975 3.7371659280275455 -3.7454320780678754 7.8432311242746771 92 97 108 0.45282325134214801 148 158 154 156 144 125 131 51
1976 3.1370435216928785 -0.84716523887607997 3.8772334899228449 84 86 90 1.2090382237044506 128 151 153 138 154 161 155 187
1977 3.7351489308842907 -3.3269769037340304 8.5240323494997128 64 68 77 1.488908946732459 149 276 152 242 154 192 155 241
1978 3.9847223601628219 -0.0033605003461426924 3.2283339669379583 163 169 181 0.93436948972229983 153 184 154 198 155 221 156 204
1979 5.1277426305442129 -4.9461754864550445 6.2544832519017328 0 0 0 1.2598731220545056 148 302 149 298 150 264 151 250 152 230 153 252 154 207 155 231 156 187
1980 5.1183457453925163 -1.8576515933499629 7.2116813953893768 184 191 203 0.66860765189334725 152 245 153 227 154 214 151 291 150 328
1981 3.9714341759997733 -2.5723348356367133 9.4547466031740068 184 191 203 0.79366870351951879 151 225 152 200 153 229 154 215 155 243
1983 1.3554747100234248 -1.1133383455546479 4.8422351053017119 6 7 9 0.44095423425489094 153 198 154 222 155 249 156 203 157 194
1984 3.6841354415010277 0.20280527057065456 2.6781295016307651 184 191 203 0.36797920931136874 153 199 154 229
1985 3.6921070357467904 -4.7384788816820169 6.1492163787534153 0 0 0 1.2102562898713025 150 263 153 218 154 235
1986 3.8133797318397162 -3.8694635260537211 8.3662808386959409 92 97 107 1.3954868469997626 150 270 152 234 154 246 155 236 156 192 157 180 157 210 158 201 159 213 160 287 161 263 162 223
1987 4.4758035156084679 -1.5586171332015031 4.7810145048591064 36 38 47 1.7974834721368651 150 212 154 252 155 300
1988 3.2828613211485487 -1.1313700036420653 4.7952569023549687 42 45 56 1.5673548123020871 153 231 154 253 155 274 154 217 156 257
1989 2.852476617716392 -0.58926749409881785 4.1593713703275066 45 48 59 0.96001086772637745 153 234 154 255 156 231 157 224 158 241
1990 3.7871001643148228 -0.00065438367781997335 3.1281831152617925 184 191 203 0.84970333715088264 153 236 154 256 155 305 156 274
1991 2.9397539264384247 -0.66791521770879636 4.3427141132448828 11 11 13 1.2635581982211788 153 272 154 278 155 319
1992 0.69505757263893087 -1.3838532118722262 5.0756763911287193 147 153 163 0.76457396445669268 153 273 154 279 155 303 156 272 152 278 157 276 158 267
1993 0.69588706795763866 -1.3836019129441881 5.074461789184098 147 153 163 0.70499273588606093 153 274 154 280 155 304 156 273 157 277 158 268
1996 5.4173486316665285 -4.3570802001685909 5.7837544067929549 0 0 0 1.4455104199057982 151 314 153 287 154 284 155 310 156 262
1998 6.1274860322904363 -3.0437736399835109 7.292235442451994 49 52 62 0.85014736043012828 149 24 150 24 155 12
1999 -0.13692457118570314 -1.2415442579205247 7.2040359254942201 130 135 143 0.47476449457087799 145 42 155 22
2000 4.1017019142737716 -0.017251233776405181 3.2632307347404819 140 145 154 1.2242443669970813 154 19 155 26 157 29
2003 5.8647526138639074 -3.3025451792570855 7.0673314545880501 17 18 20 1.3045239615998752 129 24 153 48 154 42 155 51 130 51 152 27 121 5 122 5 123 12 149 20 124 27 125 20 132 21 150 15 156 45 157 73 151 42 158 67 159 79 162 57 161 88 163 52 164 58 160 71 165 92 166 55 167 48 168 49 169 46 170 55
2004 5.6829289872988147 -3.2094733677345459 6.9388402776000255 45 46 50 0.89373726543881171 151 19 153 4 154 4 155 56 156 50 157 41 158 36 160 46 161 40 162 59 163 53
2006 4.1879291038128823 -0.388610947791941 3.5105462821262576 137 142 151 0.028544275550219905 154 12 155 69
2007 0.77263464285421501 -1.3855095204898673 5.0390037334267355 83 86 96 0.85460214651516309 154 15 155 70 156 80 157 59
2009 4.7967286641986 -1.6796553427553484 5.3148722217081916 45 47 54 1.0706293826983524 154 50 155 91 156 99 157 98 158 94 159 132 160 193 161 163 162 157 163 118 164 144
2011 6.1111881550177154 -3.7039927870982194 7.0201132544588054 132 137 145 1.6566844051544025 133 122 134 97 135 65 151 41 155 118 156 116 157 90 160 127 162 120 161 159 163 112
2012 5.4262696427122155 -2.361052513672441 5.1581686564312923 78 82 92 0.089737480359697072 153 103 155 122
2014 4.5998087818279156 -1.6845854117507337 6.0034741366561493 30 33 41 0.21228115491208663 153 137 155 128 154 136
2015 3.1450992588966789 -0.6886048689689942 3.9105997773575378 32 32 34 1.5151477510534217 154 113 155 134 156 128 157 136 158 146
2016 0.52015622143311468 -1.2944916913695736 4.9547327756469786 89 91 97 0.88423176334482323 153 90 155 143 156 111
2019 5.3549139896017737 -2.3680796826520973 6.5211270529119556 71 74 84 0.77374513235226428 153 77 154 107 155 163
2020 3.5818606916076829 -3.3733229201270154 8.7320920345030562 27 29 37 0.93415769117887659 155 164 158 91 160 188 161 187 162 155 163 116
2021 4.876476491687642 -1.7107957540494492 5.2734384335338627 15 16 20 1.6909218406977848 153 149 154 157 155 183 156 158 157 142 158 140 159 167 160 238 161 220 162 185 163 150 164 196 165 187 167 135 168 160 169 170
2022 0.39578248236299179 -1.2321327685521712 4.9720997649522563 75 76 80 0.51010012851918807 154 148 155 188 156 169
2023 1.5165532620837745 -1.882224497867234 4.8644380081767418 48 50 59 0.62879506738691771 154 177 155 206 156 164 157 127
2024 0.40347542791803698 -1.1946595081753739 4.9557152390003347 27 31 38 0.88854453003756984 154 180 155 213 156 182
2025 3.9502032989492388 -2.8760378015008041 8.8793176385639558 103 106 114 0.68280929003293966 152 198 153 195 154 193 155 218 156 174 157 159 158 138
2026 3.6415422615374164 0.026748837418035493 3.213347026618866 184 191 203 1.1828395035065187 154 179 155 222 156 233
2027 3.4153153424344955 -0.14319914287785238 2.7639473853802636 184 191 203 0.11436588373455744 154 181 155 225
2028 5.9643277164278121 -3.3901068160641601 7.7088052029527505 68 72 82 1.1312892765119584 150 269 152 236 153 221 154 211 155 238 156 191 157 215 158 204 159 216 161 267 163 184
2030 6.1082524485393863 -4.9483776193623958 6.321797285564946 3 0 0 0.9376181532889486 150 308 156 240 157 254 158 249 159 263 160 333
2031 5.56041020292745 -2.550652188388252 5.6787927608076778 33 36 46 0.61802670174144425 153 293 154 274 155 312 156 264
2032 3.6939658077257729 -4.484196354707235 8.4656270267317204 184 191 203 1.3303319164277909 106 277 144 258 145 238 146 213 147 230 148 246 149 239 150 211 151 195 152 168 153 173 155 193 130 170 105 236 121 93 122 77 124 144 125 134 126 160 127 162 128 127 129 71 120 63 120 103 144 194 145 173 146 178 149 206 150 182 151 105 152 141 153 148 154 131 154 170 155 153 156 138 157 121 158 121 158 136 159 140 160 204 160 223 161 215 162 180 164 184 165 210
2033 5.6077447078857414 -2.4274148333636538 6.773968848075782 71 74 84 1.4220483341271635 153 76 154 106 155 162 161 132 157 75 156 53
2036 4.1573435055428325 -0.015911831744042475 3.2680128352031734 134 139 148 0.34885132933578272 153 61 156 58 157 64
2037 0.40397157342259282 -1.2414367527420647 5.0689058031844372 75 77 82 0.58574741711517997 155 83 156 64
2038 4.885275579372939 -1.6373206328194314 5.244379203551647 48 49 53 1.0913514171584786 155 93 156 74 154 51 157 76 158 72 159 90 160 82 161 97
2039 4.5837852625420155 -1.6287521264159159 5.1087995955207637 29 29 32 1.0784490426111559 155 64 156 75 157 77 158 74
2040 3.763188583659693 -5.146424625662954 8.4294637540001016 184 191 203 1.239011471469031 145 131 151 102 156 91 157 137 156 154
2041 5.9501867651969089 -3.0691282457673661 6.9573864766947207 91 94 101 0.33529727826153799 151 109 153 105 156 95
2042 3.3657087858825712 -0.60070155104876377 3.1454558889047721 129 134 143 2.5089617164743294 154 115 155 137 156 108
2043 0.78217395902464726 -1.4067979091659455 5.0081933438798574 49 52 59 0.65764413200283744 155 172 156 131 157 116 158 133 151 91
2044 4.7402546741895222 -2.2150540120511808 4.8183817184355267 70 74 85 0.62873593609016298 154 76 156 141
2045 2.9285348615273818 -3.3073427679252609 7.9307543661648268 34 36 46 1.7997958577830626 154 190 155 195 156 156 157 140 158 137 159 155 160 211
2046 3.4811229342858088 -3.3648106723858531 8.6577294237632447 27 29 37 1.5822467583486073 148 251 149 243 150 245 156 157 157 157 162 229
2048 4.0553609402134558 -0.44605367563473625 3.5069757787552658 62 64 71 0.68637812845151536 155 208 156 166 157 150 158 143
2049 5.6277628677448304 -2.7453877831061209 5.5514925960871766 184 191 203 0.86384978605105722 154 189 155 217 156 190 157 208 158 197 159 211 157 176 160 280 161 259 162 214 163 180 164 213 165 213 166 178 167 148
2050 3.0832127944850041 -0.83758270151923631 3.8872960363316134 84 86 91 1.1601266411496471 155 246 156 200 157 220 158 239
2051 3.1756665863942648 -0.97062762848441664 3.796433565184087 85 86 91 1.036492237976989 155 276 156 225
2052 3.2000620417607726 -0.96655710974049391 3.8072526965013607 85 86 91 1.5328151184838619 155 277 156 226 157 248 158 265
2054 5.8872506613234696 -3.3458316536528026 7.0081971804158272 19 20 21 0.60375200214835545 153 260 154 242 155 263 156 248 157 238 158 229 159 245 160 308 161 314 162 266 163 221 164 261 165 254
2056 1.546939078040664 -2.4968469280964789 5.8116142269988424 42 45 48 1.2709402160766721 155 314 156 266 157 262 158 255 159 270
2059 0.75504603868207132 -1.8504621867710567 5.0049226707268684 42 45 48 1.1985678765503378 155 301 156 271 157 272
2061 6.6789659493910696 -3.0639152424332234 7.4310881068134016 162 168 179 0.41784214333325154 157 13 162 29 168 35
2062 3.2803889849297678 -2.1703852342591992 5.8294077153631862 52 53 56 1.2471214218693891 155 16 156 11 157 17 158 43 160 78 164 146 165 194
2063 1.763493073955384 -2.4018735853976607 6.5736619556145452 39 40 43 0.61425405887241924 156 13 157 19 158 48 159 11
2064 5.4430040233496859 -3.2722964738971458 6.8542430112002215 23 24 29 0.44740493937133713 153 47 157 40 150 14
2065 1.7598436697174655 -1.9808306240928444 4.7190935582370974 45 47 50 1.6312411515023708 156 14 157 54 160 165 158 99
2066 4.9053824095247069 -4.0384358884259797 8.617478610796006 105 109 120 1.4837122006289745 132 135 149 149 157 92 131 154 142 211 134 197 136 256 139 234 141 217 147 192
2067 4.856538816595438 -1.5674252836752649 5.299519750134535 58 60 65 1.1272893013477525 156 100 157 99 158 96 159 133 160 194 161 189 162 158
2068 3.0876462845612909 -0.81904578299678887 3.8702810451670038 83 84 89 0.84743566908502588 156 106 157 102 158 101
2070 4.7853119220305818 -1.6299819413098251 5.4217809997565611 19 21 25 1.2021221616180817 156 142 157 126 159 156 160 229 161 205 162 169 163 132 164 168
2071 3.53205433109797 -1.2125691408066601 3.8275074982618 139 145 156 1.6128474726943061 156 162 157 128
2072 3.1820137547576279 -0.79011075553802601 3.8514304096485392 0 0 0 0.58660166119466939 155 207 156 165 157 165 158 186
2073 5.2051909328380193 -2.1002459948375329 5.2161079815485989 63 67 77 1.0765509700476192 156 195 157 181 158 175 159 222 160 288 161 268 162 227 163 189 164 225 165 222 166 164
2074 4.2493435086983862 -1.1370974044176605 3.5130769978090388 184 191 203 1.264105148624235 156 175 157 187
2078 4.0843794311509285 -0.31539293333184915 3.5256063457450844 184 191 203 0.55603392746772218 155 280 156 230 157 250 158 240
2079 1.9294920383726597 -0.84820080569071377 4.5927168405353296 45 49 60 1.196031048033233 156 232 157 251 158 242
2080 1.7122817467094689 -2.4267963345436323 6.0810949861584076 12 13 14 1.3034845028892974 156 253 157 264 158 256 159 271
2081 2.9495129836592984 -5.8843814188331152 7.8084535129027559 1 1 1 1.9171467895422565 152 25 155 48 156 40 157 36 151 0 156 41
2083 1.8265124943595634 -1.9719583347452667 4.5632811425253994 105 109 116 0.77190031718114671 157 79 158 18 159 22
2084 4.8315990176653818 -1.4561330489590818 5.0714540069126235 40 43 50 1.71243414668103 157 18 158 49 159 58 160 84 162 35
2085 3.6570139760053038 -4.4203544380357558 8.4437000651057676 184 191 203 0.90870074318828442 154 74 158 66 160 8
2086 4.7613331560226841 -1.6442820422600604 5.3348306209813163 18 19 23 1.1786746649095761 157 49 158 75 159 112 160 157 161 142 162 97 163 101 164 113 165 130 166 98
2243 4.768123348770696 -1.2076560239139691 4.6746773852768726 184 191 203 0.19699609249520844 161 147 162 69
2244 4.8040704755916055 -1.1344529205488316 4.7208206032230509 158 164 174 1.3728992734336842 160 62 162 70 163 61 165 75
2245 4.845318116941205 -1.0369402715960383 4.6200491737045581 184 191 203 0.088969614223780275 160 64 162 75
2246 5.0238573613942945 -0.72262597409973217 4.6575185088600302 149 155 165 0.89471115412647095 161 109 162 79
2248 4.7703002498618163 -1.6315249736516686 5.2298699670084758 20 20 21 0.21329646590543483 161 144 162 96 163 103 164 115
2249 3.3191588213373988 -2.2052349228968389 5.8980979417547275 17 17 17 1.1622521014459142 160 16 162 99 163 107
2250 4.9901958270571996 -1.3055852230698095 5.0674946221521049 158 164 174 0.39719451020267987 161 146 162 105 163 83
2251 5.6199202188361204 -3.2060817950574285 7.0069780883019623 24 25 29 0.13091082225457412 160 182 162 124
2252 5.134049217981759 -0.72531325085166953 4.6190864741236179 184 191 203 1.1598536629828902 161 170 162 139
2255 4.7629471805982062 -1.0875473330247993 4.7594977013298605 184 191 203 0.70018066118364797 161 228 162 172 163 125
2256 4.7801312518889487 -1.2326663677968011 4.6771382717275261 184 191 203 0.97211446580035432 161 207 162 187 163 134 163 169
2257 4.8111387727380261 -1.2189962532917811 4.6957724775574654 184 191 203 0.68633658356379157 160 240 162 188
2258 5.9210212321614621 -3.4431158283957304 7.6585410571623136 80 84 95 1.4528081023985009 160 251 162 197 165 214 164 187 166 154 167 122 168 123 169 128 170 128
2259 6.0170717886332046 -3.4772349159219429 7.7867797494954081 80 84 95 1.8310662317103494 160 252 162 198 163 158 165 215 164 186 158 173 166 155 167 123 168 124 169 129 168 104 170 129
2260 5.3635082200925783 -3.7331717809280893 8.2707415678166409 141 147 158 0.9814892373601547 164 216 165 216 166 153 167 150 168 151 169 127 170 127 171 143 172 177 173 179 174 166 175 196 176 159
2261 2.1638770390604782 -2.8358604531181792 6.5683686852791805 18 20 23 0.10563467013511607 161 271 162 232
2262 3.1502282424406549 -4.120911970374018 8.7124430160857038 162 168 179 1.2148484193898359 160 309 161 287 162 245 163 203 166 183 167 153 168 152 169 134 170 117 171 133 172 160 173 171
2263 3.1499958471230398 -4.1214392821961843 8.7187006484339395 162 168 179 1.1902567436555689 160 310 161 288 162 246 163 204 166 184 167 154 168 153 169 135 170 118 171 134 172 161
2265 2.0375870219557086 -2.0283551875802162 6.2690869206780064 37 40 50 1.0987526101161504 161 277 162 252 163 213
2266 5.8393528717224621 -2.8161131087802205 6.5058600223237164 184 191 203 1.3143193994288622 158 253 159 268 160 341 162 268 165 258
1982 2.3719510599082607 -1.397172905278548 5.2121261184005432 41 45 55 1.3209051728328014 153 232 154 218 155 275 156 258 157 270
2523 4.7053945192419047 -4.1227918375858801 8.0634436413795232 184 191 203 1.3920366978213445 170 70 172 119 173 164 174 146 175 183 176 131
1414 3.824918433167106 -0.24514074034586031 3.3074055422605828 94 98 108 1.0643981057303644 137 20 141 34 142 94 144 99 143 18 145 147 146 83 147 46 149 121 150 50
2271 5.357421127557263 -0.97533734126457372 5.1924344251563284 150 156 166 0.63545828685968953 163 15 164 12
2272 6.0507948129947176 -0.11826803277625411 6.3767996439820518 159 165 176 1.7057887662812892 162 17 163 19
2273 5.0869697798133178 -0.54513292891500864 5.482688098561554 159 165 176 0.43715398664414767 161 25 163 21
2274 4.8093360759083046 -1.109332793700571 4.7585896210194969 150 155 165 1.1840009939103671 160 63 162 42 163 45 165 76
2275 3.4370248443557472 -2.1549814846680992 5.6461093953498356 53 53 57 0.55905023801831721 162 33 163 58
2277 4.5970230509109058 -3.8999268818483386 7.6553945537356638 36 39 49 0.83320933414760867 162 91 163 73 165 125 166 91 167 67 168 73 169 92 170 52
2279 3.6858670063356045 -3.23748017416152 8.4068319938902167 69 73 82 0.78698976899515494 162 94 163 81 164 92 165 95
2280 5.5538899480149873 -2.6600405466358188 5.5711373255587917 84 88 98 0.84385852281710982 159 81 160 73 163 96 165 94
2282 2.1306338463632217 -2.7186365357289004 7.0206739872755115 57 59 65 1.3716407313408938 162 100 163 108
2283 5.9974363281372813 -2.3709875563240113 7.0618223350587117 33 36 45 1.1797279176318731 161 188 162 154 163 115 164 128 164 140 165 128 166 105 170 74
2284 4.6961707691942056 -1.0913375933409297 4.5252749790462365 184 191 203 0.65716843758412613 161 164 162 135 163 126
2287 4.7868666565702567 -1.222229329849059 4.6819118630571568 184 191 203 0.69702356536343446 159 157 161 208 163 135
2288 4.5615014579247939 -0.75984840279062116 4.3008828941618562 179 186 198 1.2469309982775814 161 173 162 174 163 138 164 179
2289 5.9946046692146071 -3.6758236944199623 7.6285880379479805 20 21 27 1.584656033792375 161 217 162 183 163 145 164 158 167 91 168 101 170 82 171 108
2290 5.3315650467567473 -3.8742297073834138 7.9813737519610122 5 6 7 1.281843295449568 161 198 162 167 163 146 164 161 165 157 166 114 167 93 168 91 169 106 170 96 171 110 172 133 173 129 174 129
2291 3.0176244445043658 -3.2395402187809696 8.0367888591079009 8 9 11 0.32554987820005193 162 184 163 149 164 167
2292 4.8663787766636499 -1.0651357014576828 4.6251149632625017 184 191 203 1.0263620066901944 162 205 163 152
2008 3.3574607980907012 -0.17089662623115931 2.7775259552602694 126 130 139 1.1905966393877738 153 31 154 91 155 87
2549 6.6189195176147777 -2.4867261125680389 7.3105306009744044 144 149 158 1.5134815230385337 172 71 174 46 175 61
1440 2.9897172485046197 -3.1932890235652294 2.7535972141117351 67 68 72 0.8579664508987388 135 268 136 239 137 252 138 252 139 227 140 257 141 270 142 250
2294 3.7915278830728436 -4.1737315775200079 8.1167405896306342 184 191 203 1.6642641726540373 162 182 163 157 164 185 165 182 167 102 168 100
2010 4.2401247916539679 -0.28984465500999151 3.5488974278093748 131 136 144 0.57298213668930953 154 82 155 97
2551 6.5087363768468292 -2.211324260434234 7.3655189455520356 123 127 135 0.81735820928427105 172 66 173 66 174 81 175 63
2296 3.7954049037191186 -3.9423328034564347 8.3072521950754972 120 125 136 1.2687531580964397 162 200 163 161 165 184 164 189 166 159 164 223 167 128 168 128 169 133
2298 2.2669771076514027 -2.122876886046182 6.5064849803961842 0 0 0 0.89774112349437762 162 189 163 172 164 242
2299 5.2506781387321739 -4.7494173653965301 6.3953671591713803 61 62 65 1.6421717624644103 161 285 162 242 163 197 164 256 165 251 166 195 167 169
1760 5.4341693727039928 -3.0412052712755102 6.4723480059306402 22 23 26 0.84908659237125372 146 5 150 16 153 49 156 47
2301 4.4183007593035741 -3.6686043443418233 8.0043086922269033 135 141 152 1.6362857164480384 161 264 162 218 163 205 162 247
2017 3.7366885951444329 0.045937803941174804 3.1915728004336308 139 144 153 0.44741248819198559 153 125 155 148 156 88
2558 2.6372148502967274 -2.7138155601452607 7.5624583797053582 2 3 4 0.44628331863497461 171 95 174 120 175 132
1449 9.1241415568954949 -6.6269330297315863 7.446246998247104 0 0 0 0.98225959620583991 114 422 136 485 110 331 112 307 113 343
1761 3.6021292942073173 0.15146295300670279 2.7029489154335953 125 129 137 0.67134250003798412 133 35 150 31 151 62 152 56
2302 4.4183007593035741 -3.6686043443418233 8.0043086922269033 135 141 152 1.6362857164480384 161 265 162 217 163 206 162 248
1762 3.7595803970097217 0.31853405543645835 2.7891418408173743 128 133 141 0.67768732540434939 147 20 150 32
2303 2.3546281503995377 -2.3737958904686853 6.6736137283344421 16 17 22 1.1567427199843408 162 233 163 209 164 252
1765 3.165018827764488 0.32600946678199261 2.889444564266014 17 17 18 0.62506774093617146 149 43 150 68 151 96
2306 5.7130623930118345 -3.0693374264545765 7.1891904585562409 33 36 45 2.0291986170911098 159 146 160 209 162 151 133 80 157 124 158 90 123 193 125 162 126 162 132 112 133 136 134 207 120 112 121 151 122 186 124 154 127 192 128 201 129 205 131 156 135 193 136 86 144 126 146 70 145 96 147 80 148 103 148 160 149 152 151 111 152 88 152 89 153 108 104 18 103 56 154 104 155 123 156 121 161 185 163 130 164 139 165 142 166 117 167 95 168 93 169 118 170 102
1767 3.403784789300961 -2.1557879736545837 5.8029329867468107 18 18 19 0.17589901287738754 147 45 148 109 150 88 151 114 152 95 153 135
2308 5.8909959175237665 -3.4798103321986176 7.4566949997096765 81 84 94 0.75690771655254641 161 122 163 75 164 87 165 91
1768 3.0802809637822257 -0.71513670762685388 3.9345161622019895 38 38 41 0.86069790004127555 134 117 149 32 150 96 151 51 153 117 152 103 154 114 155 171
2309 3.4511125193832708 -4.7494291319169664 9.0836072453118017 184 191 203 1.3862312750579129 162 165 163 128 164 157 165 181 166 129 166 151 167 121 168 122
2312 4.8373202862872811 -1.08171856593323 4.6703447742776394 116 120 128 0.37352307189253076 159 21 164 15
1772 3.9390853221879416 -0.19674731441745191 3.2908671952299229 162 168 178 0.57475251021364548 149 187 150 170 151 156 152 129 153 141
2313 3.3526831441921137 -2.1884826536703974 5.7060212942981305 47 48 50 1.4628342161829802 163 13 164 39 165 100
1773 3.84410182707947 -1.308427167008795 3.8576719173108907 129 134 146 0.73729236133705456 148 190 149 212 150 189
2314 5.3846953051186484 -0.98214831838022931 5.0758940783700934 184 191 203 0.93730270844700914 163 38 164 41
1774 3.8088854867332729 -1.2188159488831494 3.7903018095719117 36 39 49 0.44323616838557478 148 191 149 214 150 190 151 198
2315 5.3645932545921404 -0.95096302080886086 5.2130593464978494 184 191 203 0.62607041387455309 163 39 164 42
1775 -0.15328832080764368 -0.90913484582123394 5.1041802979805793 60 61 66 1.1585465480999018 143 220 150 205
2316 4.8087310020720935 -1.1076839775605074 4.7307611611065949 157 163 173 0.75189389354250546 159 20 164 43
1776 1.5089856212682062 -1.8343836430864204 4.7733078054603935 64 67 77 0.89018642596795927 149 244 150 213 151 224 152 201 153 230
2317 5.4937314445010346 -0.31189392836565438 4.7611798916875481 141 146 155 2.4134153260285491 163 48 164 47
1777 1.0724741239684945 -0.64209547678850021 3.8121628294544427 0 0 0 1.4611128459619451 148 229 149 225 150 221 151 206 152 218 153 207
2318 5.9084504304144305 -3.268896991557336 7.0041321356155741 14 15 17 0.79753369787560591 155 52 164 59 156 46 165 56 167 49 168 50 169 47 170 57 171 69 172 84 173 104 174 93
1778 3.1528917968315704 0.43846112489393496 2.9831860832111503 43 44 47 1.5283538991773926 149 226 150 222 151 237 153 247 152 215
2319 5.2156724998499646 -0.95780264173555285 5.0837887888223285 184 191 203 1.309767251195898 163 42 164 70 165 71
2035 0.73553973681982454 -1.3845506123916551 5.0638621331992937 115 120 128 1.3659438786496363 155 71 156 57 157 60
2576 4.2662021864527091 -3.7808769944152254 8.0723131086722528 32 35 44 0.95534628425309986 173 174 174 151 175 165 176 133
358 -2.9048131070079362 3.0453144053809247 0.03653084616740699 1 1 1 1.7806721061371988 119 440 120 341 121 394
1779 0.54152805774825119 -0.84747124478111757 4.0217790239077988 0 0 0 0.82078480194901726 148 232 149 229 150 228 151 210 152 222 153 249
2320 4.9152460562566489 -0.82507197065008331 4.5781297008577893 150 155 165 0.4935911058627741 163 64 164 73
1782 6.7658941397437484 -5.5351365224632163 5.9314296199418459 3 3 3 1.0078109109134119 135 330 150 240 137 356 151 219 152 229 153 217 156 185 155 228
2323 5.545897111204722 -3.4405369405860577 7.378148216235564 32 34 44 1.5277936253767201 162 122 163 97 164 125 165 126 166 103 165 140 167 68 167 79 168 78 169 107 170 84 171 111
1893 3.9554289322184677 -0.22899418361415289 3.2587398838733233 152 158 168 0.66548369408695762 151 124 153 140
2434 -0.96602324272652351 3.3035434656234863 -3.6695099889299754 36 39 49 0.90275027435080535 102 162 101 99 100 80 99 65 98 51
1325 2.8805811334211309 0.93618367132065616 1.5665534902731533 151 156 166 1.764969716129432 137 115 140 89 143 90
1770 1.4970511971264295 -1.8117313425475108 4.9073431447060631 26 28 36 0.45391991864498954 148 192 149 184 150 164
2311 5.391729058469255 -0.95776581211520673 5.0943963673147579 150 156 166 0.92903709619931196 163 16 164 13
1897 1.6152978352404621 -1.8673158325078709 4.6456921961618569 52 54 60 0.5516666276516794 152 172 153 197 154 216 155 244
2438 -0.92354194742061191 3.2820606931375989 -3.7073732237340198 164 170 182 1.2158397098388207 102 221 101 122 100 103 99 77 98 63 97 72 96 120
2181 4.6389585155087598 -1.5734359811790057 5.2045362702511042 25 26 27 1.3149956318905747 159 148 160 215 161 190 162 170 163 133 164 145 165 164 166 121 167 111 168 143
1796 4.2061923656509723 -3.762933892944258 8.4484842065710684 39 42 52 0.25611805944745475 144 276 145 267 146 235 147 260 150 273 143 274 151 257 152 240 156 220
2337 5.1950776991389587 -3.4805270720485639 4.4755110573154901 184 191 203 0.58979548523989977 159 236 164 254
2120 0.59169705054518607 2.5091826300902387 -2.3645752269863749 158 164 175 1.3377990720517339 103 234 102 206 98 78
1798 3.9452892446093486 -0.35485736694417636 3.2688658152393244 184 191 203 1.5438160174087263 133 60 134 165 152 69
2339 5.8706663705135194 -3.3793285423864763 7.1215108723521441 39 41 45 1.4205077430674216 129 47 155 5 128 43 130 88 156 2 157 5 158 32 164 86 153 45 161 120 163 74 165 53 166 20 167 46 168 41
1800 2.2211567005331752 -0.38315135735719313 2.0656283096953434 142 147 157 0.33067868820232693 150 60 151 69
2341 6.2667033792168896 -4.5402947232546227 6.0179403281840873 133 138 146 1.1437587700030036 160 42 163 4 165 6 167 33 169 59 170 31 170 49
1907 5.7165862558554528 -4.8236923899662481 5.7263391122212575 54 54 57 1.9210418136821155 145 65 147 77 155 176 158 147 159 162 161 251
2448 0.78227690254353499 1.9990356732130021 -0.69714761568994343 110 115 126 0.84343593231612379 102 81 100 51 99 39
1339 2.7563002290773442 0.98313247068463261 2.6510204603153551 89 91 97 0.54587811976420952 138 405 139 370 140 322 141 293 142 279
2191 1.5550363285879376 -1.958173772169711 5.2687759630518443 128 133 142 2.3828488821613942 147 116 160 296 146 43
1916 0.27936553923992874 2.5043566355377371 -0.35017916288222273 14 15 15 1.1574423294401015 105 222 106 266 104 221 103 129 102 143 101 90 100 75 98 47 97 55 97 68 96 127 95 169 94 165 93 167 92 202 91 173
2457 3.6928122407310009 -4.004641052836571 8.9778078239815038 0 0 0 1.8860659740123231 162 225 164 224
1348 0.44174181622521302 -0.95834611611400367 4.299907447190793 38 39 45 1.0246065605980565 107 58 138 220 118 70 119 57 122 45 115 23 124 80 126 29 127 64 128 51 129 53 130 94 133 54 131 90 134 104 135 72 136 161 137 151 138 162 140 186 141 188
2200 4.8079736439334493 -1.1017412102047646 4.7842944992875314 184 191 203 0.11140753770749726 159 64 161 51
1789 1.1662879265541497 -0.53514335772581023 3.7853388914485082 0 0 0 0.7945554643770677 149 283 150 287 151 304 150 334 152 307 153 307
2330 6.0978525900756226 -4.9151959207625389 6.1564886759642663 0 0 0 1.4081752204835782 162 209 163 175 164 210 161 252 165 236 166 177 167 145
2281 4.8885127456979731 -1.5842815590284625 5.6853334430146321 25 27 35 0.34530807135387803 162 101 163 104 164 131
1994 3.6781997852655186 -0.064098503778440299 3.2022408427232238 38 41 51 0.89396153151165103 153 298 154 282 155 321
2535 5.9294001039013668 -2.3111140378154853 6.8907220751972726 79 83 93 2.1533384013311334 172 73 173 80 174 83 175 103 176 93
1426 3.4333397444387415 -0.032346511738433781 2.7592234240541962 119 124 134 0.448354465974585 138 224 139 201 140 185 142 186 144 175 143 173
2295 3.7758757694682932 -3.8832362783710752 8.2190789534717119 120 125 136 0.24542265682983361 162 199 163 160
2153 3.6371329895731104 -1.2824019300872191 3.8436525236280938 184 191 203 1.9095767345862 158 216 159 254 161 247
1812 3.4786775261778931 -3.8839165870899448 4.1485125387301789 35 35 38 0.52615947748864278 148 97 151 138 149 111 150 40
2353 5.434953748258029 -2.1029990006408985 7.3670441997424714 38 41 52 1.1066694909691157 164 142 165 162 166 118 167 81 168 80 169 97
2069 3.721140015106537 -2.9917735787056183 9.0689582132127491 35 38 48 1.4070256294138599 151 175 152 96 157 113
2610 0.59851629074609425 2.9372529290605107 -2.0350754466267382 158 164 174 1.7235855277596979 97 14 96 32 95 9
1501 2.9658946412061362 1.0120698195121272 1.9251071890840561 167 173 184 0.65612811130433446 139 401 140 391 144 360
392 -0.43087881625752483 2.065569744624042 2.2652825799421978 7 8 8 0.97151208810900469 120 135 121 198 119 139 122 215 123 246 124 250 125 236 126 278 124 288
2096 3.1724628664377197 -0.74059462690658084 3.8700389436451728 47 48 51 0.93742147233030459 157 133 158 145
2293 5.259114753320473 -3.9133809552551937 7.6708540799509297 184 191 203 0.29690556634240756 160 248 163 155
2420 5.349453273366934 -2.1276958902744805 7.5343656873201601 134 140 150 0.57641973951658843 167 132 168 133 169 121 170 75
1311 3.2038464187672036 0.39619094656644743 2.926456794078427 4 4 4 1.947907378191341 141 194 143 179 145 188 136 277 135 254 146 152 147 154 148 228 149 223 150 220 151 204 152 212 153 244 104 64 103 40
2163 4.9401839111004051 -1.3901632554586525 5.1044188382374642 115 120 129 1.143992340940879 159 13 160 55 162 36
2300 5.2506781387321739 -4.7494173653965301 6.3953671591713803 61 62 65 1.6421717624644103 161 284 162 243 163 198 164 257 165 252 166 196 167 170
2167 5.7654457077731101 -3.1738927600253204 6.9804087329080549 0 0 0 0.65172304894384814 155 62 160 74 161 91 162 62 163 56 164 90
1786 1.1257548540090931 -0.7553023531282026 3.7594878333624759 0 0 0 0.64612850688628165 149 306 150 283 151 302 152 288 153 303
2327 3.6557288097916789 -5.2301693239001201 7.8019839552733385 20 20 74 0.52843030006267078 163 141 164 182 165 179
1797 3.4892837909363932 -5.3286352928574363 8.7515120075272304 133 138 146 0.74763445247441929 145 19 151 1 152 2 159 75
2338 6.6891041613674629 -5.4603519522022701 6.5476373108816501 6 6 7 1.4883264036948143 149 1 159 121 160 203 161 175 162 163 159 154 160 222 163 127 164 180 121 91 123 157 126 134 127 132 128 125 130 115 132 71 133 76 131 111 134 48 165 176
2297 4.7896793300853817 -1.5242449238581 5.4967002418909212 74 75 82 0.87688459174800004 156 143 163 167 164 197 165 188 166 137
2247 5.8985446568988671 -0.12984690855727513 4.8711409984807439 142 147 156 2.6179543410069748 161 111 162 80
2114 0.33276767280660152 2.5530291880665854 -0.41019261167530974 26 27 31 0.30401901863759212 103 128 102 109 101 72 100 70 99 54 98 46
2276 6.2824778098458678 -4.8690661269312425 5.6217212416903335 70 72 77 1.0459274270673322 160 109 161 69 163 71 164 51 165 48 166 52
2143 3.5054884553415646 -2.7006125116281514 7.7774730559078744 112 117 127 1.3453805994869379 155 125 159 129 160 189
2077 3.6212948424641014 -1.2870485581259479 3.9285213434026875 35 38 48 0.90486561416443667 156 256 157 244
2618 -0.75889434591153715 2.1944174377277355 -4.2829675146982691 25 25 93 0.46750825671876978 97 123 98 141 96 169 95 190 94 181 93 195 92 180 91 156 90 170
400 -0.28607860250654915 2.2512599110534559 2.1441389655056162 79 80 84 2.0465633318315231 120 187 121 263 119 207 123 328 124 373 125 361 126 370
2076 3.6996748292668404 -1.3238387109755776 3.843457123163966 184 191 203 1.257021213725273 156 224 157 243
2617 0.10909074207046385 1.7535686653433025 -0.37349318114688984 184 191 203 1.7324163329884896 97 77 96 166 95 209
399 -1.3176555220108657 1.373551574835431 2.3406441429256595 31 31 33 0.89677181680087859 120 221 121 259 122 281 123 321 119 245 124 323 125 265 126 273 127 257 128 254 129 322
2075 2.9172400445226985 -0.67029713801015989 4.0547552836793708 31 33 42 1.052308756996313 156 179 157 193 158 221
2616 0.21071512261098491 1.8088641611995631 -0.62197519085297404 34 36 46 2.2427859092265057 97 115 96 162 94 201
1507 3.1210066210307907 -4.0407744812149415 3.9085200278861909 6 7 10 1.3469972768000644 134 395 135 409 136 446 137 429 138 420 139 410 140 401 141 381 144 387 131 342 132 338 133 397 142 345 130 369 143 364 145 355 146 344
398 -2.2215866240578279 1.2773480335820697 0.095084284135044869 59 60 63 0.59101857231204813 109 313 121 257 110 276 122 317 123 318 108 347 124 361
2102 3.1496640031481022 -0.67706355962157727 3.870744187249727 0 0 0 0.1905742079102028 157 222 158 219
2264 4.1111333763601623 -1.4901762779199335 5.3046727775795066 43 46 57 0.87552323981889091 161 297 162 251 163 230
2104 4.4403756051577892 -3.6078668252447303 8.0713057802986512 114 119 130 0.63992647222233401 153 268 156 216 157 212 158 232 159 247 160 312 161 292
2645 -1.1210156864350174 3.1470300622420111 -3.0102614284727198 49 50 53 2.1377875358936564 95 194 96 157 97 133 94 191 93 202 92 210 91 185
1536 3.5738340358524128 2.6880333038031834 1.9347881099421442 158 164 174 0.075288590994004298 144 329 143 299
427 3.2124876586464057 0.41146084799855726 2.9307310218240392 0 0 0 0.84180357981985365 120 89 121 165 122 164 119 82 123 208 134 258
2131 3.3974126235750735 -1.5112177932127291 3.8832550797988965 150 156 166 2.9405358657130525 157 52 159 28 160 104
1809 4.0350260061561825 -0.10718500524428097 3.2753197215403977 136 142 151 1.1364560486179687 150 99 151 126 152 106 153 142 148 30 154 164 155 211 156 167 157 167
2350 6.5513203982850268 -4.648113803652886 6.1278798550584765 178 185 197 1.5051037323023735 162 146 163 111 165 124 166 90 170 65
2634 -0.5723761657809594 2.0990069383678831 -4.358953806107837 184 191 203 1.4147428740531718 96 186 97 142 95 210 94 214
416 -3.0900542447673156 0.73612890427717381 -0.28220104966071846 66 68 75 0.14093276588362197 121 46 122 10
2093 3.4276893759602176 -2.6073103676212983 9.0559961999576313 37 40 50 2.0767320641600229 154 137 158 126 155 129 159 131 160 156
1792 1.4532450708332294 -0.39300774542329414 3.7511400679727984 7 8 9 0.73738816366299931 147 337 150 335 151 328
2333 5.7906368471747891 -3.3397083896477313 7.5170248400321986 84 89 99 1.1653754883103535 161 266 162 221 164 219
1919 -0.18074292731108932 2.5158637977105736 -2.1336703820150915 47 48 51 1.5176818537306722 106 370 104 331 103 261 102 251 101 151 100 127
2460 4.9506124209769196 -1.7631691621104095 5.5751301504054522 25 28 36 1.3174587464685155 169 141 170 134
1351 1.185720213243022 -0.64924820387271764 3.7651521098830569 43 44 47 0.7601648288297469 140 73 105 25
1801 5.5422447487260911 -3.209365980489435 6.4799330057193743 88 91 97 0.59942957403186448 145 67 146 39 151 74 141 23 147 5
2342 2.9357373881340489 -3.2617084662049414 7.8394167308410747 34 36 43 1.0564387109769002 165 17 167 25 170 20
1799 0.8254241455043515 -1.2536655805852743 3.9225866159092106 42 45 54 0.21731287592245224 150 58 151 61
2340 5.5556780744483207 -4.5503591749904784 5.3005770108606516 56 58 62 0.39185986676761886 162 21 165 0
2269 3.6689229640341634 -4.4019606841194507 8.6889755793352208 32 35 44 1.5174900391173685 161 179 162 166 163 144 164 159 165 158 166 130
2267 5.8393528717224621 -2.8161131087802205 6.5058600223237164 184 191 203 1.3143193994288622 158 254 159 269 160 342 162 269 165 259
1853 4.3382962545735602 -2.7248415375641422 4.5371887010926617 0 0 0 1.901239659429943 133 121 143 2 145 92 130 49
2394 5.3054375747626654 -2.7227949117702503 7.2819333440876992 30 33 40 1.1284597396689899 165 112 166 78 167 64 168 63 169 86 170 63 171 86 172 104
1794 2.8991135893877114 -1.8908609579539788 5.9239117872245632 31 32 34 2.2338154439987439 147 376 148 390 149 381 150 370
2335 4.4796312539534862 -3.8235452617560135 8.1851368159604849 155 162 173 1.6858797432185233 164 221 165 219 166 157 167 151 168 126 167 124 169 130 170 113
1816 4.4756446263031648 -1.5778381506568737 4.7349966023485441 31 34 43 0.94694030155437914 149 180 150 188 151 173 148 218
2357 2.9265500042601329 -3.9321215711299744 8.6711666794323197 42 44 48 1.6653635509304618 165 185 166 132 167 131 166 162 168 130 169 136 170 119 172 180 173 181 175 185
2100 1.7629607042770952 -2.3262959479460243 6.49101687251187 101 104 111 1.2104177233310147 157 185 158 178 160 290 161 273 162 236
1815 3.5406270186434656 0.10359463583694119 2.7056052199348728 123 127 135 0.13262828744586591 150 173 151 161
2356 3.7887629825386755 -3.9227493710745693 8.2447708154268771 154 160 171 1.1643548498497511 164 188 165 183 166 158 164 222 167 127 168 127 169 132 170 115 169 155 171 129
2099 5.198747957753346 -2.1008041062629217 5.2124318316884883 69 73 83 1.0951818675303771 157 182 158 176 159 223 160 289 161 269 162 228 163 190 164 226 165 223 166 165
1813 4.2108836535116874 -1.1662001684087973 3.4858964994498414 184 190 202 0.96664513553536757 150 151 151 148 152 123 153 136 153 177 154 159 155 219
2354 3.3496532625560813 -2.2112587390548875 5.824445757445277 99 101 106 0.71135490387848699 164 133 165 165 166 140 167 139 168 163
2097 6.9626929963119952 -5.828503814953117 6.5426366046498865 10 10 10 0.75222171561928564 133 236 157 171 134 273 158 164
1807 3.0801136636187469 -0.81120444473818309 3.8161909403114849 36 37 39 1.694546544253839 138 109 150 90 151 120
2348 5.4002629917289084 -2.8664709922933991 7.0212655384916367 63 67 77 0.55669843408782804 158 109 165 110
2091 5.8060475571720804 -2.3352412501334787 5.4114726847212609 94 98 109 1.0482805682924137 157 95 158 108
2060 5.8931825349362983 -3.9360992970473325 6.5779407584349334 88 91 96 1.657693284834987 143 68 150 81 156 66 135 20 137 141 139 185 154 98 136 78 155 115 158 104 159 139 160 177 162 55 162 119
2601 0.53067752901655663 1.029455927996584 -3.3343030110007974 184 191 203 0.75510147995973309 98 49 97 42 96 118
1492 1.8404348503947068 1.4611352071837584 0.93438824466131332 149 155 165 0.26595645591010081 141 350 144 302
1803 3.6769445573957804 -3.2430828952365158 7.9842403709699372 68 72 82 1.8280909341551226 146 74 147 114 148 108 149 155 151 79 150 87 150 124 152 93 155 160 156 122 157 111 158 110 159 126 162 127 163 114 164 129
2344 6.049941872105955 -4.8674259951850241 5.8948462502074621 159 165 175 0.10163333416184078 163 3 164 28 165 28
2628 0.91843827084129215 2.0376751320895212 -0.76018181095987925 88 92 102 0.51580767076734013 96 36 95 54 94 108
1519 3.069484305207633 1.4865419968285711 2.2211194812035551 149 155 165 0.95881751632905665 144 110 143 100 103 24
410 -1.5137428817672125 -0.1742554635364508 0.95003750892943961 62 64 70 1.6297614620716949 120 327 121 371 122 389
2087 1.8311449966015538 -1.9588744914246639 4.659934873087245 75 78 83 0.02284542211584413 157 80 158 79
1806 6.0926192836715511 -3.1245709674225957 7.0875260551953811 91 93 101 0.93750156582301969 134 203 151 108 127 147 129 128 131 117 132 139 126 141 153 104 156 94 161 128
2347 6.1487638382907397 -4.9732809443010924 5.7265995038727766 184 191 203 1.9388888619010676 163 28 165 85 166 73
2090 6.0378754764078479 -3.0974942729865056 7.0301814416392583 90 93 101 0.4901865752357577 155 156 157 109 158 107 159 124 160 142 162 93
1804 2.9927398312625288 -0.74020643061497704 3.972099047941462 48 50 54 1.4830575026862254 132 29 133 26 151 87 131 66 129 57 130 102 152 104 153 118 154 145 155 135
2345 3.7367445938135688 -2.5929317095396032 4.6420866785922552 90 94 104 1.5999855756177062 163 5 165 30
1802 5.045703352690885 -2.4482393907065232 5.8571887181002609 132 137 147 1.5299159674207778 148 105 151 76 154 49
2343 5.9414954261266999 -0.68317377945706514 5.4833712153569936 150 156 166 0.36455910079986009 162 7 165 22
2336 3.6831346490376591 -4.8958570968867399 8.1301338311374085 184 191 203 1.305072551089244 161 239 162 212 163 176 164 243 166 146 167 118
2047 3.3801398942371033 -1.2545407434999529 3.7449940250640164 105 110 119 0.11303573137302689 155 205 157 129
2588 5.8970740392035168 -3.3438373328626603 6.9771074703684883 0 0 0 0.34774486714229352 174 53 175 74 176 68
1479 -0.38115706809102384 -0.4648313701136344 3.6084634613691118 73 74 79 0.39830636018234133 142 163 144 182 143 109
370 0.71516095972962967 1.9513163249745415 -0.33517015500117558 137 142 153 0.48990445972525209 110 175 111 159 112 143 109 195 108 198
1790 7.1123424818513348 5.4894010873407257 3.79303419692229 149 155 165 0.087419012874807828 143 297 150 300
2331 5.3635082200925783 -3.7331717809280893 8.2707415678166409 154 160 171 0.9814892373601547 164 217 165 217 166 152 167 149 168 150 169 126 170 126 171 142 172 176 173 178 174 165 175 195 176 158
1793 2.79050618805553 -6.3567955850287454 7.415743249960137 1 1 1 1.7694420893678076 142 364 150 362 140 377 141 384
2334 4.4796312539534862 -3.8235452617560135 8.1851368159604849 155 162 173 1.6858797432185235 164 220 165 218 166 156 167 152 168 125 169 131 167 125 170 114
1918 1.5620648341915877 2.2271927309875332 -0.84065089424994388 184 191 203 0.761455037319822 105 360 112 340 104 328 102 208
2459 2.6308274557246629 -2.7582118922798338 7.3181637984089463 35 38 48 0.89458004318494821 168 137 169 140 170 120 171 138 172 185 173 185 174 159 175 178 176 140
1350 1.0876940131156221 -2.6320975276727121 1.8362236187216965 64 66 70 1.0582985746310212 115 243 116 218 105 2 114 137 117 173
2202 4.0433759913423737 -1.3745963530673007 4.2858581026182687 158 164 174 2.5217129888467738 159 19 161 55
1791 1.2588203417332056 -0.59867662500952012 3.6621749731403774 51 53 60 0.83477759173936139 148 312 150 332 151 303
2332 5.6532284132950146 -3.2954423626521985 7.339427560305122 84 89 99 0.19642009241036307 162 222 163 183 164 218
1915 4.8453721232178371 0.89483994965772928 4.5231349097160063 184 191 203 1.5932106321929662 116 276 117 284 118 251 104 211 103 164 102 130 99 78 98 67
2456 4.6785591264798354 -1.6798376647862892 5.2687446283692196 59 60 64 1.2635075981417432 168 69 169 102
1347 3.1054674081880558 0.40561763123640182 2.9691125466396104 35 36 38 1.062109048394599 120 145 121 191 122 201 123 207 124 236 125 202 126 195 127 220 132 216 133 254 134 289 135 291 151 238 152 216 153 248
2199 4.8187947604468562 -1.1428797673507189 4.7030631756637771 132 137 146 0.75314876322203783 160 60 161 50 162 40 163 60
1788 1.1945077328240539 -0.63066775521313501 3.7050758108109392 0 0 0 1.3657821574138107 149 282 150 285 152 290 153 305
2329 5.8530459733822227 -4.7002641893552113 5.4652837040029105 184 191 203 0.97549055347554059 161 237 164 208 165 203
1914 0.97204204836358021 2.0499900646236102 -0.92750658670097408 29 32 40 0.76528860533435605 105 218 106 227 104 182 103 166 102 127 101 82 100 78 99 63 98 65 97 73 95 161 94 174 93 182 91 191
2455 2.5621046314165983 -2.9876257772432346 7.4260482918154054 66 67 71 0.5902694280503471 168 66 169 89 170 69 171 87 172 109 173 111 174 101 175 78 176 45
1346 3.0724930982498631 0.91790230240938064 2.6271735873323503 38 41 51 1.7273122430943177 137 492 138 477 139 441 140 438 141 415 142 379 144 395 143 387 145 369 146 360 147 382 148 397
2198 5.7341878971421778 -3.2328615586427265 6.7821123206430123 38 39 42 0.24562874635122051 157 10 161 39 158 12 159 44 162 26
1787 1.1945077328240539 -0.63066775521313501 3.7050758108109392 0 0 0 1.3657821574138107 149 281 150 284 152 289 153 304
2328 5.0856020819854812 -1.8647749371758477 5.2498284253942016 42 45 56 1.183955554807433 163 165 164 194 165 186
2707 -2.2875909175680893 2.8906115006370179 -1.749315748801848 80 81 86 0.47727109531584344 91 220 90 226
1598 3.6425841730119122 -0.5596931223001157 3.9662297922114411 59 63 72 1.3201291530839983 136 26 146 82 139 22
489 4.1854771912497046 0.081890132469785867 3.2720856970398118 142 147 156 0.21324212653728522 120 246 121 289 122 342 123 358
2193 5.1746032356730236 -3.4906125053339307 7.8711971271568668 120 126 137 2.0290229537088411 156 218 157 214 160 314 158 202 159 214 161 290 160 283 163 200
1785 4.1944157554752683 -3.7520872659578055 8.4216084600503098 39 42 52 0.26430960008771431 143 273 144 275 145 266 146 234 147 259 150 272 142 253 151 256 152 239 156 219
2326 4.7785381827682309 -1.0820215367678756 4.7626922009872841 184 191 203 0.92761619206010648 163 153 164 171 165 168
1784 3.9682340389671116 -4.0096273037339367 8.7823169653281994 81 85 96 1.6165431131920751 143 315 144 318 145 295 146 267 147 288 148 305 149 301 150 271 151 253 151 290 152 235 153 266 154 247 155 237 156 193 157 179 157 209 158 200 159 212 160 286
2325 3.4740236104966034 -2.1989306137845381 5.7889052779276753 0 0 0 0.73598316020829113 163 119 164 169 165 191 166 174 167 163 168 172
1783 3.3978573138071653 -0.53894089435755554 3.8523859119711661 15 16 21 1.3227213870554915 149 249 150 248 151 261 152 277
2324 4.9516170001550632 -2.8324002363511314 6.3877663478358153 71 74 85 1.8500765292232046 162 126 164 127 166 94
2242 2.2744195311018873 -2.6015203152662432 6.6319900928916029 65 68 78 0.77284142793347244 161 14 162 66 164 149
2241 4.5021606632985822 -0.81490805372233199 4.1965813205911093 141 146 156 1.0205739064103034 161 32 162 52 163 70 164 77
2240 4.8763877877390778 -0.69960998280874209 4.42557495508788 142 147 156 0.93984650448907026 161 59 162 49
2239 6.055772336877518 -0.075658020170078055 4.958868713991925 150 155 165 2.6892708312206377 161 58 162 45
2238 6.0241844379882368 -3.5327298085692025 7.406713340881705 43 45 51 1.0111535138823176 160 44 161 37 162 24 163 30 164 55 165 51 166 33 167 34
2236 4.8421107623358628 -1.0495698561671092 4.6684186424387679 125 129 137 0.0052631477826239727 160 29 162 13
2235 3.8839704794956669 -1.4173442377626602 4.1920680570873854 0 0 0 0.62030721160856883 147 147 160 28
2234 5.6656259125230335 -3.3098282427234387 6.9375495030060232 43 44 48 0.48612852701656284 157 6 159 4 162 3 155 6 158 33
2233 5.9154401544458644 -3.4316678558086586 7.067395044693856 0 0 0 1.4666269835981784 155 50 159 78 161 119 150 83 160 134 159 108 162 56 160 70 163 95 164 124 166 92 169 93 170 66 171 80 172 99 173 99 174 104 175 112 176 84
2232 4.6442708863035458 -1.0004785187233274 5.4344183505038188 177 184 196 1.1407655605534279 162 275 163 211
2231 4.6442708863035458 -1.0004785187233274 5.4344183505038188 177 184 196 1.1407655605534279 162 274 163 210
2230 4.4977159284422603 -1.3217697525420626 5.1280265502905911 37 40 50 1.8257946391109858 160 347 161 321 162 273 165 245 166 189 167 178
2229 1.4743586717350783 -2.500729513328074 5.9831390269767937 42 45 48 0.10578528099939073 160 316 161 320
2228 4.7730056833383694 -1.2681135471310918 5.0378490552977002 184 191 203 0.38070813317553365 160 346 161 319 162 272 163 229
2225 4.812656471859821 -1.0752817713458143 4.694499920896364 150 155 165 0.52164787748972941 160 292 161 275 162 235 163 195 164 235 165 229
2224 2.7565311956131189 -6.1505392262099345 9.5775441069255969 43 45 48 0.25552426861630584 153 257 161 253
2223 4.5340404616141186 -0.99828167480773267 4.6790079919709298 158 164 174 1.5581899538112038 161 244 162 237
2222 2.9286566746055853 -3.873183777994361 8.8745084974162598 19 20 24 1.8501202933214602 161 241 162 226 163 208
2221 3.7962839714017527 -4.063971965593959 8.1485200455424884 14 15 19 1.6171276722518793 155 194 161 218 163 148 164 163 165 161 166 116 167 78 168 77 169 100 170 71 171 89 173 114 174 103 175 109
2220 4.4472574721152665 -4.014870694997577 7.8391329405384536 184 191 203 0.91916424885187842 155 182 156 139 157 138 158 122 159 141 160 224 161 216 157 122 162 181 163 129 163 156
2219 3.6601652990939657 -5.2262456633127981 7.8061393393853038 13 13 49 1.6338656836364609 159 164 160 237 161 214 162 178 164 181 165 178 166 127 167 100 168 99 169 115
2218 3.6308980770500372 -5.1203076984854974 7.641663925943643 13 13 49 0.54305501017399815 159 163 160 236 161 213 162 177 163 140
2217 4.8293239650423283 -0.92822948037298925 4.7048732590980391 184 191 203 1.2678817925307935 160 216 161 209 162 190 165 170 164 173
2216 4.4365949072101269 -3.9167178426650979 7.9024860803936221 10 11 14 0.97397156014931829 160 226 161 199 162 168 163 147 164 162 165 159 166 115 167 94 168 102
2215 5.3976742348786901 -3.9931728421613379 7.9408067860253482 169 176 187 0.91782598437674134 157 123 158 123 159 142 160 225 161 197 160 206 162 148 164 138 163 143 165 155 166 112 167 90 168 89 169 104 170 94 171 106 172 130 173 126 174 125 175 134 176 111
2214 5.7665122399155244 -2.7052432995863862 5.8417506813590023 70 74 84 2.071714599954642 159 144 161 181 162 123 163 98 164 108 165 107
2213 5.0005686954602542 -1.3600344664987474 5.0225284002535977 158 164 174 0.93720529065719327 160 85 161 145 162 103 163 82
2212 4.7352199551662428 -1.6559857747038471 5.304410060591441 16 17 19 1.5244421303488163 160 158 161 143 162 98 163 102 164 114 165 131 166 99 167 86
2211 4.2849333191674503 -3.2333593157321401 7.7339929117093744 108 113 123 0.68804247679496466 159 109 161 130
2210 5.7906121938832769 -3.2788023084804365 7.224760203105701 28 30 35 1.0597371335641237 158 105 161 127 159 123 162 125 160 183 163 113 164 126 165 141 166 104 167 80 168 92 169 108 170 100 171 114
2207 6.7650689354645444 -3.7774492377560689 7.4257758704996109 124 128 136 1.3899642189849524 156 67 157 69 161 118 154 100
2206 4.9303588581535926 -0.97528090006886548 4.6367494433857201 184 191 203 0.30699422090743106 160 94 161 105
2205 4.7532877082671616 -1.0703738992660508 4.5940136318816558 150 155 165 0.28344109496812775 159 24 161 104
2204 3.275930542717 -2.1550896625793956 5.6149957834682969 33 33 35 1.8895136367573491 160 80 161 98 162 102 163 122
2201 4.8353619510889416 -1.0479402091084447 4.7422727167952816 132 137 146 0.21294890841635508 160 27 161 54 162 11
2197 3.703986084013684 -6.6235269658532374 8.1105251617837801 61 62 64 0.95710464534325179 160 167 161 36
2196 4.5148562820891298 -1.2781087857340956 4.6626031424642145 0 0 0 0.21287930283332673 159 15 160 23
2195 3.6707099514047554 -5.2137275144343924 6.7257914087170168 59 59 62 0.79955988263197508 158 245 160 328 161 304
2194 1.3293783331483229 -2.1821471793232496 6.3085499973952741 9 11 12 0.98333564584960109 159 230 160 318 161 325
2192 5.2735837565337489 -3.5389600600548974 8.0291825760305287 121 126 137 1.9739137196706431 154 250 155 267 156 217 157 213 158 203 160 313 159 215 160 284 161 289 163 201
2190 4.812656471859821 -1.0752817713458143 4.694499920896364 149 155 165 0.52164787748972941 160 291 161 274 162 234 163 194 164 234 165 228
2189 5.8120589020413789 -2.8166773050870306 5.9784404922861221 35 38 48 0.81320491444579535 157 178 158 171 160 282 161 261 162 216 163 182 164 215 165 238 166 181 167 173
2188 5.8120589020413789 -2.8166773050870306 5.9784404922861221 35 38 48 0.81320491444579535 157 177 158 170 160 281 161 260 162 215 163 181 164 214 165 237 166 180 167 172
2187 5.7699616750874476 -4.0162278422428548 6.7286380215573738 184 191 203 1.3480273882239833 157 203 158 194 159 203 160 277 163 199 161 254 156 210
2186 4.5923379304856304 -1.5055451555713173 5.2315939307799484 82 83 89 1.1100176452739972 159 179 160 260 161 224 162 203 163 168 164 199 165 190 166 172 167 137 168 161
2185 5.0795601430701822 -1.868061646051743 5.2182083869297573 42 45 56 1.9229299273725811 159 177 160 257 161 242 162 201 163 164 164 193
2184 5.1599993967684545 -2.3010515049193536 5.0661321079988078 107 112 122 0.77833038942261701 158 148 160 254
2182 3.6990130615417467 -6.879109853123996 8.2492180805413433 28 28 30 2.0766576801285725 157 155 158 163 159 161 160 235
2180 5.3637614510172122 -4.2929509769700589 8.4238848336522061 0 0 0 1.7830756897966249 122 179 160 205 121 180 126 136 161 178 164 156 161 196 165 154 166 110 167 101
2179 -3.7022350616987643 -2.4607301660826928 21.800370815072263 56 58 61 2.994218600750429 143 225 160 198
2178 6.7080179080061875 -0.22965762992781985 5.4067906494722102 184 191 203 1.4307288386786978 122 198 160 196
2176 3.5069381887525659 -6.0690725743056158 7.6702380199884805 1 1 1 1.160608796310127 157 88 158 88 159 120 160 168 161 117
2175 6.7441788195386101 -0.1506608590179532 5.4434208431593953 150 155 165 1.4653762513840878 122 113 160 98
2174 6.6831639652155053 -0.23798139448537922 5.4650955214552077 150 155 165 1.3494315068158391 122 110 160 95
2172 8.2315852498195987 0.19246471679171906 6.4309684805880334 127 131 139 2.2272642104308873 133 110 160 91
2171 1.9053143785205757 -2.3331569909613021 6.20996663912344 25 27 34 0.45298227446529771 159 12 160 86 161 102 162 109
2170 4.7335588937937372 -1.610117823418777 5.2635654500914386 60 60 64 0.59093455259620564 159 91 160 83 161 99 163 105 164 116 165 132
2169 4.8156806572779756 -1.6615262474404904 5.2623249434502428 54 54 57 1.1213399995353643 159 89 160 81 161 140 162 95 163 100 164 130
2168 3.2597583269948123 -2.1774923194278974 5.772021616143034 56 57 60 1.0794988081768675 159 88 160 79 161 141 162 133 163 120
2705 0.31622909892275541 3.8845159440851957 -1.4862724859185845 184 191 203 1.1026722857577991 92 232 93 214 90 222
1596 5.4525114271584307 -2.2916118771836249 5.0370518628655523 107 111 122 0.59546706286167017 138 101 143 5 144 70 146 68 148 156
487 3.513728537315834 0.011995842817615341 2.6888348741207024 184 191 203 1.921189833109918 120 211 121 287 122 311 123 355 124 411 150 280 151 265 152 205 151 229 153 237 154 226
2164 4.8834751309837667 -1.1483557835672424 4.888631927539838 184 191 203 1.5080253040697471 159 60 160 59 162 38
2162 -1.8258653504268756 -2.0971360796812069 15.724483851339981 126 130 138 2.6713992714590828 143 43 160 34
2160 1.8421176507940726 -1.9598355239820358 4.5288127331305379 0 0 0 1.9279583687226731 157 22 159 26
2159 -0.43727301037579996 -3.2483325888541916 17.109063997592305 118 122 130 1.7181125458791748 143 32 160 18
2158 7.0323544576493493 -4.4264981064228772 7.3183520356948364 0 0 0 0.86602158970931209 135 21 156 92 152 84 161 158
2156 5.9197063668626928 -3.1821662579829253 6.9192559232802218 54 56 61 1.6042458853008705 148 18 149 19 151 17 152 10 150 19 153 7 153 51 157 44 151 23 154 47 155 61 158 38 159 45 150 17 153 5 154 5 151 21 160 10 156 8 161 11 162 27 164 32
2155 3.669925207926064 -5.2090696422515981 8.0936727255295278 0 0 0 0.84861529439763894 155 292 156 241 157 256 158 251 159 265 160 335
2154 3.7372372077492209 -5.3746803694315215 6.8905778266114863 61 61 64 1.4024328307936278 156 236 157 228 158 244 159 259 160 327 161 303
2152 3.6371329895731104 -1.2824019300872191 3.8436525236280938 184 191 203 1.9095767345862 158 215 159 253 161 246
2151 3.9450139480974546 -2.657281011302961 9.8152451810345358 128 133 142 1.6701104369463331 156 197 157 183 158 206 159 226
2150 5.9154163958889381 -3.7180285095693146 6.61281423787627 128 133 141 2.0195455123443171 148 276 159 206 161 256 167 120
2149 4.6289244610626783 -1.4893934943812788 5.269572513575449 81 83 88 0.7828595507441618 158 180 159 180 160 261 161 225 162 204
2148 3.1397342394855667 -0.85931747473012809 3.8452054301164083 0 0 0 0.49896507632094989 157 149 158 157
2147 0.19445597355496713 -1.5474532211478362 8.3277698002806559 8 9 11 1.1293340483869863 151 264 159 168
2145 3.4212249106629713 -2.1207545123401719 5.7501138134948953 0 0 0 1.620693670040426 157 97 158 113 159 147 161 223 160 212
2144 1.6442707947963788 -1.8834288854608283 4.7155113345124064 39 41 48 1.5071157802551214 158 100 159 135
2142 3.6830908114304317 -3.0958137884582562 7.8092255431669608 28 31 39 0.58354661085130688 155 161 159 128 160 187 161 161 162 128 163 99 164 110
2681 -0.72414287096190422 3.4597650163825566 -3.3873288043541194 39 40 44 0.98534286861956577 92 150 93 147 91 122
2140 -6.4724424283500008 -1.1555015444214602 23.996742809671836 38 40 47 0.22309346840343303 153 95 159 102
2139 2.3089647289979296 -2.1222794207806106 6.4614202635121822 37 37 39 0.27010515879088853 158 53 159 93
2138 5.606833349408272 -3.1795698708680979 6.8712457070673167 43 44 47 0.51912674665972913 151 18 159 82 153 3
2134 5.9071762444399702 -3.3009916076799737 6.9625154143729677 39 40 43 0.55823011628406327 157 9 158 11 159 43 156 5 160 45 161 38 162 25 163 51 164 56 165 54 166 34 167 47 168 47
2133 3.4847310064765549 -4.736302958793333 8.0478663027876713 123 127 135 1.4240083494790727 150 8 159 39
2132 -0.20433477600880853 -1.7570596744336837 9.110999660109556 53 55 59 0.91782284003901493 143 34 159 33
2130 3.3034570283038529 -2.2074371906406496 5.8566218369609411 30 31 32 1.1535879060452328 158 16 159 9 160 15 161 46 163 106 164 134
2128 0.68265622440858198 2.9852911999095904 -1.0167607294939018 38 41 51 0.88287165940367829 103 299 102 282 101 179 100 160 99 153 98 146 97 145
2127 -0.66114075810442796 2.4445711456385437 -1.9119978216317917 30 31 33 1.446746948100871 103 285 102 273 101 180 100 164 99 154
2667 0.51564939755726991 3.0239704815077872 -2.1360837654838103 184 191 203 0.90649121567039215 93 48 92 114 91 90 90 74
1558 0.26244142377091534 -0.92931243807199726 4.2034592669356075 29 31 38 2.2956886645881944 143 141 145 109 146 158 144 210 147 162 152 186
449 0.13043060624450892 1.7705832118256088 -0.40719548985500736 56 58 66 0.228889239812339 120 261 121 339 122 414
2126 0.041185358906930397 2.6506135495124012 -0.018475068088356958 44 47 59 0.66486166726132856 103 265 104 317 102 258 101 160 100 135 99 120 98 131 97 121 96 168
2125 0.57589369673297852 2.6460845358417391 -0.35916625202602953 24 25 30 0.91512540998845426 103 263 104 332 102 255 101 157 100 133
2124 -0.79077225727072298 3.2295693711925728 -3.7179515996712436 143 149 160 0.86696585959819206 103 244 102 215 101 119 99 75 98 62 97 61
2123 -0.55421278183181977 2.4633590644824119 -2.1751626096350223 3 3 3 0.84943845976593202 103 239 102 211 101 120 100 104 99 91 98 79
2122 -0.055451097239226081 2.5036190995543448 -1.9171266481808709 184 191 203 2.2359374608529166 103 238 104 310 102 210
2121 0.59169705054518607 2.5091826300902387 -2.3645752269863749 158 164 175 1.3377990720517339 103 235 102 207 98 77
2118 1.1533401533515941 1.9898289218866194 -0.77299091802260511 184 191 203 2.0843935738195118 102 155 101 96 103 163 102 126 99 62 98 64 97 62 96 132 95 162 94 155 93 183 92 166 105 277
2117 0.17774587442390177 2.3045114930053896 -0.49042774802581485 54 55 58 0.32224466805696905 103 175 102 140 101 89 99 71
2657 0.56296592250676514 2.0972413890139983 -0.57816730536611494 171 177 189 1.5054006768242794 93 186 92 196 91 167
1548 -1.0609614337357902 -1.257899493536129 9.790465301601051 137 142 151 1.8025218902389968 143 44 145 50 146 56
439 -2.2618523559549901 1.2810387175676174 0.0060974191322372001 8 8 8 1.6690851515557379 109 312 122 349 123 418 108 367 124 421 125 390
2116 0.88572646147139711 2.0554364997018997 -0.72385450136790019 128 133 144 0.85540631526010269 104 184 102 132 99 64 98 52 97 65 96 125 95 165 94 158 93 161 92 168 92 195 90 185
2113 1.757249340322294 1.9235998983648681 -0.20142660755815914 132 137 146 0.84539607943298478 103 125 104 180 102 106
2111 0.43899940030749518 2.014784827488914 -0.69316705919806232 122 127 137 2.1298372383246886 103 47 102 45 100 17
2109 4.4672960056811419 -3.6256701612430557 8.1273751009421886 114 119 130 0.68361294620960567 154 248 155 269 156 215 157 211 158 231 159 246 160 311 161 291
2108 2.0125515537937493 -1.0001154060731725 4.4538662185376499 0 0 0 0.14302778222929269 157 275 158 266
2107 3.0665561528509913 -0.99322019524041327 3.9111696648310468 87 88 93 0.87956581572248715 157 247 158 264 159 279
2106 3.0665561528509913 -0.99322019524041327 3.9111696648310468 87 88 93 0.87956581572248715 157 246 158 263 159 278
2101 2.9799475563524638 -0.84730982267717458 3.9141978838480003 20 20 22 0.45254259839908939 157 190 158 187
2098 5.3674943700101547 -2.4738166613329708 5.3271983215089707 37 40 50 0.96002949920451019 156 171 157 156 158 172 159 217 160 285 161 286 162 244 163 202 164 245 165 257
2095 3.1724628664377197 -0.74059462690658084 3.8700389436451728 47 48 51 0.93742147233030459 157 132 158 144
2094 2.3594102452130445 -2.1077447630091202 6.3741450080200703 18 19 20 2.2820051873629112 157 145 158 142 160 262
2092 3.3156634395777536 -2.2217880627970024 5.894433454370982 46 46 49 0.60340202343922955 156 70 158 112 163 151
2089 4.6858430639614701 -1.6046005431693853 5.2666400521972516 51 52 56 0.65928463381642466 157 78 158 95 159 134
1758 3.1194003801619181 0.41748893857490482 2.949064133542171 41 41 44 1.5658999993054008 105 73 142 196 149 227 116 33 137 173 138 177 139 209 145 150 106 23 108 36 111 41 110 18 146 153 147 157 148 203 150 223 104 71 103 43
1757 1.5717747127525543 -0.53673568256851534 4.0113300275100237 1 1 2 1.1455366551213058 147 295 149 370 150 356 151 335
1756 1.5717747127525543 -0.53673568256851534 4.0113300275100237 1 1 2 1.1455366551213058 147 294 149 369 150 355 151 334
1755 0.66729614915347069 -0.617755217541886 4.0190280901841202 29 32 40 1.8586423342485248 148 319 149 353 150 343 151 310 152 312
1754 1.6132507322568597 -2.1929946239670288 5.3897846412833141 15 16 20 0.59171386698889084 147 290 148 309 149 341 150 327 151 319 152 304
1753 3.2380126694676883 -4.5892906256199808 8.6500071671060592 170 176 187 0.95068276354002579 144 352 145 326 146 303 147 325 148 335 149 330 150 313 152 301 153 289 154 270 155 293 156 242 157 232 158 224 159 240 160 305 161 310 162 260
1752 2.8135761080587374 1.087451067820419 2.1391640644860832 149 155 165 0.31014905725153025 146 255 149 314
1751 1.286089675564255 -0.42552449167699624 3.767970686266962 31 33 42 1.1409518019840861 148 285 149 307 150 288 151 267 152 292
1750 3.1323937176506393 0.53956225041287376 2.9403475934582932 68 69 74 2.3021190469069044 148 286 149 284 153 280
1749 3.6059373871000817 -3.8313771698630301 4.1075441168999269 71 72 76 0.79105058062846689 146 208 148 272 149 265
1748 4.3628497031773898 -0.28928335159736451 3.7146924543451489 0 0 0 2.3623550961463589 139 303 148 256 141 275 142 258
1747 4.3176315741585061 -3.1861472536889113 3.3547210314030456 1 1 1 0.55719510485485435 147 188 148 242 149 236 150 209 151 193 152 192
1746 -0.11402917305340235 -0.7345690502259461 4.0683622242881761 73 74 79 0.16226465368996634 148 205 149 232
1745 1.1224185855403632 -0.7198364135738059 3.7508574117769968 1 1 1 1.0528106713863057 148 200 149 192 150 201 153 189
1744 3.3247802669630331 0.22182937156026106 2.8245894633580577 46 48 55 0.71951285480425531 148 196 149 190 150 174 151 188
1743 3.562234185691791 -0.11879779586745538 2.9440352473732117 158 164 175 1.3015109698188643 148 170 149 189
1741 3.0253104364725991 0.82480961932257257 1.7571994151701193 132 137 146 0.62676969963105811 148 135 149 134
1740 4.2905866951085718 1.9701907800628187 2.9925422527362873 158 164 174 0.72292838314007146 137 60 149 133
1739 3.8567755812214681 0.40582646371567255 2.7919872572140667 150 155 165 1.2208779393675553 143 20 148 172 149 125
1738 2.9776476315285354 0.77488419061244962 1.7867794390476941 104 108 115 0.79741896873552398 148 134 149 103
1737 0.087707853113277598 -0.90296013245212414 4.3177221952915694 76 77 82 0.35121754975426728 148 44 149 97
1736 0.31796552049771054 -0.77350996932291805 3.1375163890586357 0 0 0 0.65613102425998826 146 50 147 66
1735 3.4672666600019286 0.60788745832870528 2.2198692850370376 141 146 156 0.18142866434759919 135 99 149 89
1734 3.7100888396096261 0.56852900111009574 2.4446186560002956 150 156 166 0.56580149830063464 134 38 149 84
1733 3.6015382227975494 0.18685420707986808 2.6758204262210987 132 137 146 0.67893104446317454 135 39 149 73
1732 3.3570302558608085 -0.040873261164381509 2.7455334230453392 32 35 44 0.65737756378551004 148 32 149 71 150 102
1731 3.9470743236710724 -0.33187660309748601 3.283099320517374 153 159 169 0.81373356309181066 135 36 149 67 152 18
1730 1.1668800183813308 -0.70078473475765457 3.7650936305150342 38 38 41 1.3889829059828036 146 23 149 42 151 34
1729 3.9485566881171756 -0.36401199476779306 3.4295878510962221 134 139 149 0.44742913362456666 134 63 135 37 149 31
1728 8.9886275904184529 0.33140492082779699 6.9411954992739577 86 90 98 2.6314544597600404 139 24 149 30
1727 4.2282181757125841 -0.34070820115295525 3.4932835933877588 154 160 170 0.60280964456504849 148 28 149 29 150 48 152 33
1726 7.0811368440045319 -3.4178478497414893 8.3060094967330027 56 60 70 1.2942195214402343 131 23 132 25 149 23 124 32 126 27 127 62 129 30 150 23 152 13 155 11
1724 3.4111844724279914 0.03104882069980985 2.883960164510726 15 17 22 1.1166562809474732 137 486 147 378 143 368 145 365 138 472 139 439 140 414 141 392 142 351 144 394 146 354
1722 3.0196880172936802 -0.49678516426974056 1.7858645445223051 184 191 203 0.92328147778069569 147 373 148 388
1721 3.2347016778699706 -0.48017252001335964 1.6886522278203653 0 0 0 1.4718570542110601 135 385 136 377 148 374 137 325 149 379
1720 0.82868750127418567 -0.55742171660414774 4.0204674454416409 9 10 13 0.46212178262097797 147 340 148 356 151 307 152 309
1719 0.65453237154181132 -0.79853410773905531 3.9927600664974303 47 49 56 1.2392813477471707 146 276 148 353 149 349 150 336
1718 0.85468763194261521 -0.76228162110106712 4.2703691950987164 19 20 26 1.13276014115631 148 351 149 348
1717 0.458822226471992 -1.0446745408364009 4.0399673638502067 79 80 85 0.83876405410575872 147 334 148 350 149 347 152 323
1716 0.46085015400887525 -1.0408131166134333 4.0310170346076379 79 80 85 0.40101666231102978 147 333 148 349 149 346
1715 5.5042879606889814 -3.9436263882249398 4.8489745191711 1 1 1 1.5584274224936474 132 306 147 318 148 330 149 325 150 349
1714 2.8926514965682029 -6.0026162160731653 7.7474034738445043 1 1 1 1.8472253704973327 144 345 145 321 146 297 148 328 149 323 150 306 151 312 152 298 154 266 155 289 156 237 158 247 157 227 160 325 161 302
1713 0.94622212790784443 -0.69157598998399739 3.9935453982156761 49 51 59 0.76327566000447733 147 268 148 313 150 333
1712 0.042962708918510596 -0.87873508952195523 4.3845926057986704 21 28 28 1.4450770414254883 145 229 148 288 149 285 151 244
1711 3.2630039250552536 -0.59598668940808408 1.6484265805422906 97 98 103 1.2155620953623338 135 309 148 280 149 275 150 275
1710 3.8326561514464998 -0.5652942018123992 4.1790923637408479 59 63 72 0.8921070783750803 147 204 148 255 149 247 150 214 151 226
1709 3.4890264989553645 -0.61123940768803753 3.9734401545876414 60 64 73 1.3678279193617684 147 202 148 254 149 246
1708 6.2516781086295383 -5.2536319689019537 5.9698686852288283 25 25 26 1.4658821676029528 135 306 136 299 137 288 138 292 139 262 140 225 141 245 142 224 143 232 146 210 147 228 148 243 144 224 144 256 149 237 150 241 151 220 152 195 153 193 154 186 155 230 156 186
1707 2.9133512350700741 -3.584463819304633 3.7316110885573393 66 67 71 0.2147628182516938 145 204 146 206 147 186 148 239 149 263
1706 3.0805328189754895 0.38874840586225495 2.7792963573772989 0 0 0 1.8856712613756514 105 69 137 309 139 154 140 139
1705 -0.99082497167203454 -0.78435597387859812 6.6454608028146094 72 74 78 0.32436333046301435 142 205 151 192
1704 0.4512245661610842 -0.7835528037079218 4.1098957061307173 0 0 0 1.0668523620052526 147 128 148 204 149 196 150 204 151 191 152 189
1703 4.5687152807223175 -2.5856925457003688 9.2872441726256643 84 87 92 0.28102568135572781 143 206 144 198 145 175 148 193 149 183 150 162 151 153 152 126
1702 0.011809742164204806 -0.87472500498954953 4.3873713646902797 42 56 48 0.70024689365630743 147 67 148 182 149 131 150 135 151 168
1701 -0.18296049871892309 -0.97895560416065952 5.4779241859366197 62 63 67 0.64649636307195646 141 109 148 181
1700 2.3364505740603358 -0.28371681965570544 6.3150069010351997 39 38 40 1.7230015313835232 146 93 147 156 148 177 104 99 103 102 156 153 157 153
1698 4.8385848968086203 -3.0303531564729731 7.2810133109908843 94 98 110 1.3303649552787133 132 79 145 72 148 163 157 96
1697 6.8314212811014645 -3.2468099234767438 8.1580975589993532 33 34 42 1.264747227040419 144 127 145 97 147 112 148 161 142 86 143 129 146 72 135 69 137 85 138 105 139 83 140 66 141 96 134 52 136 21 133 82 149 153
1696 4.9298249867608348 -4.3237602423684827 8.5644686172078064 127 133 144 1.2937427364526295 118 104 132 74 133 47 135 124 136 79 138 154 139 137 140 115 141 138 142 131 144 160 145 136 146 114 147 110 148 154 119 106 120 107 121 143 123 122 127 141 128 85 131 82 141 175 143 164 126 91 122 78 129 118 122 137 126 137 149 146 143 126 150 121 151 106 152 85
1695 5.2276125558140913 -3.948356736145723 7.8808041921447227 118 123 133 0.98924786077955174 105 55 144 123 145 94 146 113 148 153 123 163 146 67 149 113 149 145 153 101 118 105 104 83
1694 3.3985311394497879 -5.0452298776239397 8.4539614933042557 132 137 146 1.5202462913304655 105 206 148 148 151 141 152 119 153 130 154 129 155 178 157 119
1692 3.222083146686312 -0.73000019835345387 3.8429884833345929 45 47 52 1.3779062433618019 135 74 138 26 148 114
1691 3.1831526050999432 -0.83327446760348578 3.8575799043659562 64 65 69 1.1851489057492908 134 105 148 112 132 84 133 84 150 128 151 119 152 99 154 143 159 172
1690 -7.7535704654809656 -1.8923257674199303 30.284127905508701 77 78 83 0.8697738052815196 142 50 148 88
1689 2.6877618970893828 0.31955545346611092 1.850584538448294 146 152 162 0.12030386978305962 134 75 148 82
1688 14.60754986353788 6.6058394891629186 6.4290590801828191 145 150 160 0.34260667110772952 141 127 148 73 149 87
1687 3.7681124660808614 0.58234577363353301 2.615056881160561 184 191 203 0.20484360524446604 147 55 148 71
1686 3.6110322875866721 0.25412918544840118 2.7169394817748342 135 140 149 0.13756043498782683 136 173 148 68
1685 3.5985014375021378 0.13838072048145705 2.7016023633899806 141 146 155 0.81229013490319879 147 49 148 67 149 123
1684 2.9849623350256209 0.77690135075384104 1.8003399598818677 130 135 144 1.2218443209725109 137 114 148 46 136 118
1683 5.9744530255807717 -3.4228306625255489 7.423970722913448 66 68 74 0.31700985373763146 137 9 146 6 148 15 149 21 151 44
1681 0.03702960379694413 -0.41273038068917689 3.8385015340430022 30 33 41 1.8532244203580828 105 330 106 316 143 389 144 396 147 384 145 371 146 364
1680 3.1592313715225835 0.34783180222059012 2.9891380568449555 20 21 22 1.9014507415359805 118 26 136 220 137 229 138 174 139 206 147 153 105 67 142 217 107 63 144 203 143 212 145 187 148 202 141 228 149 194 150 202 104 63 103 62
1679 3.0930859695843935 0.47093942308894582 2.9923896571531814 11 11 12 1.8120061505622067 119 166 137 273 147 216 144 208 143 215 145 191 146 155 148 231 149 228 150 203 151 209 152 219 153 208 102 80 103 65 101 48 100 48
1677 3.0673436235924991 -0.24110228121795307 1.4903257988945491 184 191 203 1.3523686168770948 135 464 136 492 147 377
1676 2.1101332401038606 -3.97987901105195 4.4305934168725063 61 61 64 0.57319428896421865 139 346 140 337 147 368 134 304 135 331 136 367 137 354 138 349 148 381
1675 3.7181238652019739 -0.12601450367435449 3.2696992590749252 36 39 49 1.6054891968838116 145 299 147 331 148 347 149 368 150 371 151 321
1674 4.4556494215593467 -1.5862702240968021 4.0898559588641232 184 191 203 1.7810724502222499 133 378 147 330 148 373 149 366
1673 -0.14043134647321115 -0.71624903664062922 4.0520910790243203 25 35 38 0.4119521228181684 146 284 147 301 148 360
1672 1.3840640836132541 -0.29883015646088085 3.804423431229814 45 48 60 1.3369260556834632 146 250 147 298 148 316 150 339 151 305 152 308 153 308
1671 6.7751118730152022 -5.5425976513332476 5.9398133364023984 2 2 2 1.0712582591313959 135 329 137 355 147 278 148 299 149 297 150 239 151 218 152 228 153 216 154 205 155 227 155 254 156 184 157 154
1670 3.5198430772911267 -3.6092865163172774 3.8551283262049294 73 74 78 1.319187113585699 117 226 144 305 146 258 116 163 147 277 148 297 148 327
1669 3.2166227865891246 -2.2551922276500984 6.81647943353809 184 191 203 1.1082188518395442 145 297 146 269 147 266 148 281 149 277 150 191
1668 3.1607204458099214 -6.4500180142700634 7.4951323415853981 4 4 4 0.60101338552818107 140 283 141 286 142 269 143 271 144 270 145 236 146 209 147 252 148 273 149 267 150 237 151 216 152 193 153 191 154 185 155 216 156 170
1667 3.0769584064548137 -3.8331007990445061 4.190864449617691 70 71 75 1.1817880165129901 117 73 145 235 147 251 148 271 149 295
1666 2.3635989751413566 -3.9252220481676958 4.4034662800982005 11 11 11 0.77272671490218658 143 249 145 258 146 207 147 249 148 269 149 294 150 259
1665 2.4839238747598444 0.1202975973622073 0.95437036055516611 53 57 65 0.41483612916494039 146 189 147 239
1664 3.3008634877663847 0.1535309993565912 2.3609753206143922 0 0 0 0.18333239368180909 137 369 144 263
1663 0.56668114892847066 -1.4316048591117694 4.3832708090431352 12 13 14 1.397417549000781 146 219 147 235 148 257
1662 0.11578722603177119 0.12051825454201739 -0.033862144890653305 0 0 0 0.040302776777175441 131 84 134 283
1660 4.0547061793673711 -3.0737843736357324 3.162338355509676 67 68 72 1.4774449853572105 139 228 147 227 138 257 149 296 150 262
1659 2.8817462303386483 -3.7246810702310902 3.86768547337181 65 66 70 1.140451052309549 144 222 145 203 146 176 147 225 148 268 149 293
1658 0.1330514340246052 -0.95769500958195641 4.4796784815652559 50 53 59 0.24857192507354889 146 197 147 218 148 234 149 261
1657 2.4534193218119378 0.17494129265455338 0.93046978749821074 8 21 45 0.21813289880165526 146 148 147 210
1656 3.3648299408119242 -0.11190570424113552 2.7678937441570719 29 31 40 0.16985521947277626 145 183 147 208
1655 3.6865347911146578 -2.7971238046202176 2.4665120872471689 76 78 82 0.26121601736039479 146 173 147 183
1654 -1.0862759586745945 -0.99522711426290733 8.1113195693905009 68 69 74 0.073517682116491789 142 221 147 167
1653 -0.04757491993437412 -0.81761921014698402 4.3767653553801358 69 70 74 0.4874257949511408 144 212 147 165
1652 3.1704819520678047 0.25161502513990702 2.8885416431445798 0 0 0 0.74924932247698206 146 149 147 150 149 220 150 199
1651 3.6195677342666248 -0.67386256134581113 4.065065052980402 32 34 44 0.72060586441383412 146 121 147 149 148 194
1650 2.9599199025572278 1.2573352646918752 2.1211307256076402 123 128 136 0.88542815969729616 137 118 147 136
541 3.0776178585262515 -3.0299473249790765 7.3306872755224797 66 70 80 2.22575680397357 116 65 117 78 118 60 119 113 120 69 121 99 122 86 123 128 124 116 125 67 126 96 127 103 107 46 115 89 106 116 108 54
1649 -1.373748506433041 -0.75819781472320968 7.8454684743188139 62 63 67 0.24693474807881249 142 121 147 135
1648 2.50472801479353 0.78606269784414695 1.379763700904967 0 0 0 0.94914689902046268 142 158 145 117 146 132
1647 2.9989334566597305 0.68890189426827042 1.7495663932808767 150 155 165 0.2121563075995217 146 130 147 130
538 -0.47153537418346908 2.1265396894650324 2.2497092821963203 2 2 2 0.218303018247479 123 112 124 104 125 129
1646 3.9597394541459785 0.51097659308730226 2.6775459026281565 155 161 171 0.31246281810559695 138 229 147 123
537 3.3983852517458475 0.35150133346386192 3.0619352602093679 38 38 41 0.51887995807871146 121 71 123 102 124 101 122 26
1644 6.0579508883464239 -3.0423004679543579 7.1510498650026433 38 40 48 1.2019994538300867 138 158 139 82 140 117 142 133 144 163 145 139 146 40 147 81 135 194 148 104 149 60 150 85 153 75 154 103 156 69 157 12 158 39
535 1.2435566900254187 -0.67848877408763553 3.6775212131647583 43 45 51 1.482867953622321 121 16 122 49 123 18 124 82 125 75 126 66 128 58 129 93 130 97 132 85 133 90 131 94 134 116 135 140 137 156 138 163 140 126 105 65 141 186 142 187 130 143 104 61
1643 5.7503893839212559 -3.9287240423701588 8.4490520816252861 95 99 110 1.566161464927885 117 124 147 78 118 57 114 75 151 107 133 129 134 201 135 239 141 176
534 0.5243699379655804 -0.93737000089812428 4.0687439451295546 5 5 5 0.63955048352248023 121 48 122 44 123 67 124 79 125 116 108 63 126 100 127 107 128 102 129 88 130 137 131 89 134 102 135 130 136 160 136 215 137 225
1642 6.2427021241586491 -5.2544111294974112 5.8649414752939366 25 25 26 0.35164616779695373 141 19 142 79 147 74
1640 4.6803875179469356 0.89459643055426197 2.8732812168066468 184 191 203 0.052477597701817716 137 100 147 53
531 0.4691613199479025 -0.88429202474740021 4.032631396787604 34 35 37 0.44148865668435289 108 26 121 12 124 35 126 30 127 24 128 52 131 62 134 55
1639 3.6614064279281107 0.070841437251097539 2.7506577165871215 175 182 193 0.71980947327146205 141 35 147 48 103 13
530 -1.8569783060292786 0.23211633679046909 0.10550491191147823 35 40 54 0.74523573096476214 123 13 124 28 125 25 126 58 127 97 128 92
1638 5.7350930827106561 -2.9225649642649576 6.0169197253848843 120 125 136 0.99417621230705577 135 67 136 82 144 14 147 41 148 101 149 147 154 1
529 2.9553986175767664 -5.3905546943469362 6.8993630169275502 105 109 116 1.6002127593252793 109 119 124 15 127 53 128 80 130 20 138 95 140 11
1636 -0.1595999917810853 -1.0532940008947829 5.7480405398893533 59 60 63 0.037637096239714216 142 22 147 29
1635 3.6329441374953837 0.29914244285552366 2.7326107246081874 184 191 203 1.1164384456593399 136 38 147 22 121 117 149 39
526 -0.91926796678601541 -0.82746251881894095 2.2688764173516911 40 40 43 1.2126271232599812 110 121 117 127 120 65 121 145 123 125 108 150 118 110 124 113 126 139 127 143 128 133 129 126 130 127 132 140 133 170 131 155
1634 4.398083237243319 -1.0637506052278196 3.5971875698106284 130 135 146 0.49625291254034082 146 13 147 12 148 66
525 4.6748917397128862 0.36578626833671274 3.7945504139422432 184 191 203 1.3149857964470237 109 364 111 332 112 318 113 332 114 430 115 473 116 439 108 362 117 479 107 380 106 365 105 380 104 353 103 277 102 280
1633 5.9353156078940073 -3.3064903173499403 7.3043313850151028 18 19 22 0.47747835787376386 135 25 145 70 147 7 148 20 149 58 153 55
524 -0.68773045069285754 2.4162482487882939 -2.1241822790960461 0 0 0 0.6075843441903529 112 328 113 377 108 344 107 362 106 344 105 364 104 333 103 262 102 254 101 154 100 130 98 123
1629 5.7778628317831933 -2.8795027512965348 6.9815329175174972 35 38 48 0.93869844180188899 135 337 136 343 137 323 139 268 141 273 142 255 143 275 144 274 145 268 146 236 140 288 147 261 148 279 149 274 150 274 151 258 152 241 153 225 153 269 155 271 156 221 157 242 158 233 159 248 160 315 161 295 162 249 163 207 164 263
1628 1.2341327019286021 -0.37561058778636852 1.2722803572128858 141 146 155 2.1034670622441589 145 73 146 44
519 0.21541976826616929 2.5593018998378501 -0.43487861159499092 73 74 79 2.0021429581355275 115 374 106 292 104 279 103 217 102 178 101 112 100 108 99 96 98 88 97 119 96 167 95 197 94 205 93 220 92 218
1625 2.9468542609917527 1.1331636829595875 2.692389965699943 184 191 203 1.260959550749829 147 383 148 398 149 391 150 373
516 0.30503403026790155 2.3150821733134563 -1.6156019241452972 158 164 175 0.12008992644256003 109 115 108 166
1622 0.14586668170072478 -0.74451337107643878 4.3459502095453937 2 2 2 0.54750233720443864 144 385 145 354 146 343 148 395 147 366 149 389 150 372
1621 3.4407691446657709 -2.5309243561304076 2.3092127148570913 65 66 70 0.93776188991852238 131 305 132 298 134 392 146 328 147 352
512 5.256966279985047 0.34562551848986828 3.602648603333634 184 191 203 1.7619188450237462 109 156 108 69 116 87 107 57
1618 4.7082490153322434 -1.6540653410079957 4.2717585557880744 184 191 203 1.9242098341061715 135 384 137 405 138 398 139 361 140 314 146 309 136 375 147 329 148 372 149 365
509 -1.6946584935237492 1.6863519952515753 -2.6435435437937018 91 95 106 0.62859285022899525 109 25 108 48
1617 3.1614262123016434 -0.60952330979406455 1.5134497820530666 184 191 203 0.74034155175112204 135 438 136 452 146 307 147 372
508 1.1427764110591276 -0.68675405679544332 3.8228549266650229 45 46 48 0.28272099054646294 117 91 108 25 126 107 127 113 128 107 133 93 131 98 134 120 139 149
1616 4.6840494352726312 -2.9456451302293298 3.742697189652318 184 191 203 0.80589132251294049 143 346 144 351 146 300 147 357
507 -1.6393115719239528 1.6680213093460281 -2.583326539067377 81 85 96 0.60072125493410611 109 75 108 19
1615 5.9742077207689368 -4.2457112442028109 5.1103760589706742 1 1 1 0.86025147357637433 137 395 138 387 139 351 140 345 142 295 145 323 146 299
506 -2.845753601764331 1.8754016711466213 -0.68114263345360049 184 191 203 1.9129339919248636 121 414 123 456 122 434
1614 2.9837461314157365 1.628104252794629 2.3068626198857785 158 164 174 1.1710038216485903 137 454 138 409 147 346
505 -2.845753601764331 1.8754016711466213 -0.68114263345360049 184 191 203 1.9129339919248636 121 413 122 433 123 455
1613 0.55262918740494216 -0.71408949304440561 4.0638159409366068 3 3 3 0.83848606415248539 145 278 146 251 147 270 148 318 149 310 151 309 152 311 104 181
504 -0.15955994471803286 -0.5886591446690016 0.92898536694726586 0 0 0 2.3427152168636347 118 141 122 381
1612 0.50753966643640425 -0.79794493991334425 4.0769229248311474 78 79 84 1.498452935573642 145 274 146 248 148 314 150 289 151 306 152 294 104 209
503 -2.3470067331233984 1.2596802952579589 -0.12776664887425393 2 7 24 1.5427048518929669 109 341 122 348 123 417 109 375 121 331 122 405 124 451 125 417 125 389
1610 1.6008364725284359 -4.0337812091189589 4.5709124470599756 66 68 72 0.29558180382477656 144 254 146 229 147 276
1609 2.7622417701473334 1.020738327680508 2.0100032636665222 184 191 203 0.46204347367111254 145 281 146 225
500 2.3003375896359195 0.54738376740228689 3.4386027610056509 43 46 57 1.3626015832507252 121 381 122 402 123 448 124 449 125 384 126 420 127 409 128 397
1607 -0.16820380334447868 -0.6580611030849024 3.9971310747593565 63 64 68 0.028427030572863696 145 196 146 165
1606 0.47885583204524412 -0.86056464760130369 4.1003770110404316 31 31 33 0.15263778569551442 145 192 146 156 147 160
1605 3.2172389834196986 0.33637555399732705 2.932673503342941 54 55 58 1.5999785842764214 143 178 146 128 152 160 153 188
496 3.2267994393716437 1.3865098816977264 2.3707815126943097 150 155 165 0.30743659973947879 121 390 122 410 123 425
1604 3.1490579632516589 0.28898501268184901 2.9105265935037448 47 48 51 1.1420622480402993 145 104 146 126 147 126 148 201 149 193 150 176 151 190 152 159 153 187
1603 3.0913922145470663 -5.4217043521991775 8.474262842097863 81 84 90 0.56925847139711983 130 117 143 158 146 109 147 107 151 101 155 113 158 103 159 122 160 175
494 -1.1810383715330599 -1.284304917252912 1.8242740189073716 0 0 0 0.69317728344981733 121 357 122 377 123 389 124 392
1602 -0.2541161025933939 -0.61375996889021578 3.9411758808629633 42 62 50 0.16164330662369997 145 83 146 102
493 -1.1810383715330599 -1.284304917252912 1.8242740189073716 0 0 0 0.69317728344981733 121 356 122 376 123 388 124 391
1601 -2.968075509620697 -1.2793082651696528 14.683588274527745 55 56 60 0.049604716990935549 143 47 146 100
492 3.6649947655952442 -3.5698261400272315 3.4732162704719469 1 1 1 0.54888279397961337 114 297 115 352 116 333 117 383 118 336 122 366 123 374
1599 0.52768003792596607 -0.74462695057161787 4.032226415985928 30 30 32 1.2610950296288292 145 111 146 94 147 129 146 129 148 180 149 163 150 133 151 166
490 -2.3011238641738156 1.353748412286172 -0.018203070320698452 33 36 44 1.3249564372949059 123 365 108 352 124 364 125 352
1597 4.2493592290689746 -1.0674688921333095 3.5070704349006956 131 137 147 1.1089013358519313 138 22 146 76 147 115 148 166 149 181 150 155 151 152
488 4.0938469887418165 0.10227167267881034 3.1847135201999053 142 147 156 0.43825796910901299 120 245 121 288 122 341 123 357 124 359
1595 6.3645816003334765 -4.990666210687019 5.5535496657944137 60 62 66 1.410339964912283 133 42 144 119 145 91 146 66 147 106 148 147 151 140 156 0 143 125
486 -2.6327565299657376 0.93353449828955826 -0.82968536811254012 78 79 85 0.38306383442812608 121 281 123 352
1594 3.1864999853449096 1.0840014531830657 2.5409001500729249 167 173 184 0.94452551583763733 144 107 146 57 147 34 149 198
485 0.51868569774776918 -0.83534067430115533 4.1109243407023985 19 19 20 0.47420437765385903 118 315 121 321 123 348 124 354 128 342 132 320 133 383 134 408
1593 -1.5295562051174756 -1.377330002386014 11.069423105479052 63 64 68 0.07219438697308167 143 145 148 84
1592 2.9715964110232473 0.81908207990221016 1.7323520797427592 145 150 159 1.3130826055243461 137 181 138 183 146 53
483 1.2280836358110172 -0.18565647858977577 3.7276582564037564 44 47 59 0.97427192944055463 119 285 121 285 122 308 123 309 124 357 125 302 126 311 129 372 130 390
1590 2.9736811014806701 1.381031336701473 2.1871755885020323 141 146 155 1.292319372797639 139 167 146 34 140 45
481 3.5396703609748026 1.5985594724533645 2.6842218015995334 184 191 203 0.69849367070660728 121 301 122 284 123 284
1588 3.6075686555031177 1.1697268113422721 1.858042343254537 122 126 134 0.37443970172480373 139 45 146 29
479 -2.1995791127863384 1.3485584014019301 0.19403688322674595 72 73 78 1.2425503658582031 122 213 123 241 125 230 126 232
340 1.1837978866324605 -0.64880203340860765 3.8327917479674767 28 28 30 1.2451994619232105 112 234 117 360 119 361 120 281 121 323 122 340 123 351 124 355 127 342 107 324 128 345 129 345 132 322 133 385 134 410 135 418 136 456 138 436 139 397 105 328 141 394 142 353 144 382 143 371 145 368 146 357
2697 0.68728678092646045 3.8400020144685527 -1.7286270727850233 132 137 146 0.4296922182737043 91 123 92 139 90 127 93 116 94 109
1587 2.4119912111957178 0.32389774687857964 1.6231459038316232 150 156 166 0.064106239418206951 135 45 146 27
478 -2.1954803870214907 1.3479623610464562 0.19061250691116241 72 73 78 1.4659392666766875 109 220 123 240 108 254 125 229 126 231
1584 3.0181239687053596 0.31569980970251088 1.2130511343523618 0 0 0 1.3560069422635941 138 473 139 440 140 413 141 391
1583 1.2789878854825603 -3.6103569887549871 3.944759540971277 60 61 65 0.36867235856410002 142 291 143 332 144 334 145 341 146 326
474 3.2433067696687958 0.34747956113363454 2.8833841076611346 40 41 43 0.28549244631416598 121 189 122 199 123 206 124 203 134 257
1582 3.3214149795794889 -4.005270186462198 3.376381383224738 0 1 4 0.24916755388542566 143 362 145 340 142 342
473 -2.5949750763656865 0.97830493651290873 -0.9013940139727894 54 57 67 0.13906626980449283 122 158 123 201
334 0.84522854588424734 -0.58088770736890949 4.1775463134188762 18 20 26 0.71235368392143461 110 168 119 233 120 205 109 212 121 243 122 304 123 304 108 240 124 309 125 256 126 263 129 311 131 285 142 332 144 359 145 332
2691 -0.23415855215417605 3.4298145161197779 -3.3434847738949083 43 44 47 0.73609418538867599 92 242 93 242 91 215 90 236
1581 1.6879431289619766 -4.4205979797559154 4.9245276410124887 65 66 70 1.3362856428953176 141 311 142 292 143 335 144 337 145 315 146 327 148 296
472 -2.4649107339585257 0.87881801656503855 -0.74678004927463992 67 69 77 0.63339840164146088 121 153 122 145 123 174 124 197
1580 2.0826235494800853 1.3136002681447139 1.2700033725460995 149 155 165 0.45305284058446593 143 298 145 310
471 -0.88665922440800782 -1.0482430268051128 2.2838403931371443 19 20 21 0.18618161770712724 121 141 122 136 123 161 124 145
1579 3.4313603642010468 2.0780709287177825 2.1603919581634008 158 164 174 0.12933929275273795 144 293 145 306
470 -0.64424075686779081 0.96876891584389946 4.1115645535822036 1 1 1 1.1658850752795782 122 119 123 147 125 124 126 124 127 75 133 147 135 163
1578 3.4313603642010468 2.0780709287177825 2.1603919581634008 158 164 174 0.12933929275273795 144 292 145 305
469 -2.5170675855874789 0.9030924295879349 -0.87127860088101317 32 37 51 0.14181603145622967 121 45 123 131
1577 0.99318783821300072 -0.50067969725340877 3.8326213557764204 81 82 86 1.2340901490251643 144 284 145 277 146 277 148 317 149 351 150 342 152 310
1576 0.50382611256024457 -0.80285962483878082 4.0850992876399728 78 79 84 1.3459199265616859 143 262 145 275 142 242 146 249 148 315 150 290 104 210
1575 3.6225010703249736 0.042858880987643733 2.7051617476833418 175 182 193 0.78690709979173024 140 291 144 262 145 273 146 243
466 -1.6251385253455257 0.0044949105136547077 0.55538165360556624 49 52 61 1.8965766159500692 122 81 123 124 124 112 125 111 127 144 107 133 128 166
1574 0.56827002236476531 -1.4304662866075128 4.3495966503303762 13 14 15 1.8839483304049793 144 281 145 272 146 220 147 236 148 258
1573 2.3602704358958562 -1.8439080761905302 5.5419113915860079 34 37 46 1.942295960497989 136 312 141 254 142 257 143 257 144 261 145 271 147 292 149 342 148 344
464 1.0885593109255338 -0.62210683103646858 3.9612143893994958 58 59 63 0.68876510545212088 117 33 119 74 123 80 124 85 125 80 126 114 127 117 132 95 133 102 134 127 135 147 136 172 137 168 139 150
1571 2.8671377817607762 1.4741537026775815 2.0827462507941084 184 191 203 1.0465456511552635 138 342 145 256
462 3.517062831000922 0.10562272757183068 2.7214028027911117 157 163 173 0.77713648149272774 120 124 123 21 121 161 135 202
1570 -0.2622823108225133 -0.59061302557540551 3.9339936669544624 28 34 41 0.42591038159834982 144 269 145 255 146 257
1569 2.8098835053208187 0.63154227172097432 1.7158865063742037 131 136 145 1.1482871383796664 144 266 145 251 146 280 147 342
460 0.61675981979189831 -1.4435641432936417 4.4770933434718536 30 33 41 0.76768085704760392 118 361 119 357 120 330 121 376 122 395 123 404 124 407 125 343 130 387 132 346 133 380 131 352 134 405 135 443 136 469 137 470 138 457 139 423 140 433 141 413 142 376
1568 0.29198183892120216 -0.92944071046234678 4.2033620101657583 30 33 41 0.94000330255311915 144 265 145 249 146 247 147 269 148 287 149 308 150 337
459 0.61639223318643843 -1.4462421132184973 4.4820492165968568 30 33 41 0.7523304911879205 118 360 119 356 120 329 121 375 122 394 123 403 124 406 125 342 126 356 127 339 128 337 129 340 130 386 132 345 133 379 131 351 134 404 135 442 136 468 137 469 138 456 139 422 140 432 141 412 142 375
1567 3.752203591903728 0.27391942588950058 2.7734267221432938 150 156 166 0.75173030547767028 144 264 145 247 146 221 147 238 148 259 149 253 150 217 151 231
458 -2.4996804192900322 0.84241159528999798 -0.64793032754552615 43 46 57 1.5427425597434357 111 68 114 84 116 76 117 85 122 13 118 69 121 11
1566 0.77374069362697306 -1.666279743488527 4.7433407170660207 12 13 14 1.7130812643100777 143 242 144 236 145 246 146 242 147 293 148 375
457 -1.0414271763399763 1.2271109689412085 2.8923819386089327 1 1 1 0.47008155143820396 121 411 122 445 123 466 124 465 125 415
1565 0.47100239220235057 -0.9089923573817984 4.0738994308656116 64 64 68 0.50137048921433058 143 214 144 206 145 225 146 195 147 215 148 230 150 224 149 257 151 239 152 220
1564 1.2196870753571212 -0.69015993926649311 3.7315913498016529 49 49 52 0.80444430921481158 143 175 144 200 145 185 146 150 147 151 148 197 149 221
455 -2.2043001533536088 0.49559828065526046 -0.24413809095801187 3 11 31 0.73201151921362106 121 401 122 438 123 462
1563 3.7095237087308885 0.15907630379817406 2.9580436239484231 101 105 115 0.97482639661001869 140 130 144 176 145 184 106 125
454 -2.1903143729505841 0.63350363118501363 -0.4725536640197901 0 0 0 0.33508048087469333 109 401 113 346
1562 -0.18202590618173134 -0.70129371957762798 4.1208740731097482 70 72 76 0.24406461483042827 144 145 145 154 146 133 147 134
453 3.1242293385333468 0.017148015052281931 3.3568351531040141 7 8 10 2.2473787963329195 119 407 120 331 121 379 122 430 118 402 117 439 123 444 124 448 125 380 126 395 127 406 128 395 129 402 132 372 131 373 135 447 136 476 137 471 138 461 139 427 134 446 140 416 133 413 104 304 103 233 102 250 101 149 100 124
1561 0.018231252695018019 -0.84647403031910329 4.3384946415649797 47 51 56 1.3440674017712084 145 152 147 164 149 230 150 234 151 245
452 3.8886224713334272 -0.9399450137216766 3.3256473092351131 29 31 40 0.96740825390389729 119 427 120 355 121 402 122 424 123 440 124 442 125 406 126 413
1560 2.6986186199197895 -0.019631688659903133 1.1257801577197557 76 78 83 0.30837281216868817 142 139 143 132 145 146
451 -0.91463877082358713 -1.1565932235809684 1.7014630910215951 43 45 49 1.3625836465937342 119 395 120 315 121 359 122 421 123 436 124 438 125 372 132 361 133 433 134 458
1559 2.4808340853226354 0.84970152273576793 1.2512414834923291 141 146 155 0.84335632791484982 137 185 145 118 146 61
450 -0.73225497979299281 -1.7276263933570977 2.1871798276675052 3 3 4 1.8681913956040974 119 391 121 415 122 418 120 350 123 433 108 355
1557 1.033370816898922 -0.75769633156919658 3.7802402088994111 48 49 52 0.80306969407133444 144 138 145 103 147 125 148 199 103 46
448 -0.25600037741649162 2.1610328748171583 2.029985704723551 68 69 73 0.33491370283601213 120 296 122 412 123 426
1556 5.6703872580230348 -2.6904679139142522 6.5558407458104551 95 100 109 1.6468154136678133 135 127 137 83 138 103 134 100 140 17 141 25 144 78 145 71 146 71 149 61 150 44
447 -0.66750634145266763 -0.7782389810968936 2.8241840831167555 25 26 27 1.2572712203682042 120 278 122 393 121 320 123 402 124 405 125 341 126 355 107 378 128 365 106 360
1555 -0.31236208021318929 -0.58290061843533802 3.9670807281625904 77 78 82 0.16190647541890504 144 113 145 84 146 63
446 -0.66619162672304955 -0.76873384639245124 2.8177448770733853 25 26 27 0.91157457890916649 119 355 120 277 121 373 122 392 121 319 123 401 124 404 125 340 126 354 107 379 108 332
1554 2.676184489191257 0.75176203351110094 1.4531085023138355 123 127 136 0.1723919266594727 137 183 145 79
445 -0.66162599220427709 -1.43222550891635 2.5022987648762696 24 25 26 1.4253772133692482 119 339 120 320 121 365 122 383 123 395 108 328 109 328 124 396 125 334 126 345 127 335 107 375 106 356 107 346 130 379
1553 0.080858600625699592 -0.8930024890558923 4.3335262366631175 49 50 53 0.37622766483435183 144 106 145 77 148 85
1551 2.9930213140193791 1.3325760563864155 2.1035690775773812 141 146 155 1.7145817429448478 136 66 141 132 142 116 143 95 145 54 147 70
442 4.0618207635357528 1.2469462544883065 4.0152746003555562 114 118 125 1.8172496206525222 120 291 121 334 122 356 123 421 124 423 125 392 126 400
1550 3.0141600664732482 1.3476093904973812 2.2169291781520899 167 173 184 0.91198209461772739 137 123 145 53 146 32
441 -2.5318564642543446 1.4751551133194964 -0.40465891706595353 7 9 11 0.46638327954776904 109 355 122 354 123 422 124 455 125 418
1549 -0.84438002221847108 -1.0920239170679915 8.6304909279010289 121 126 133 1.4040074685685566 143 45 144 45 145 51 146 30
440 -2.5456513866623194 1.4397622925942759 -0.46806971554563442 3 31 13 0.8743040489478171 109 353 122 353 123 366 124 365
1547 3.2102318397178755 0.39923432573447065 2.9591705811353943 10 10 11 1.3236063077800708 143 23 145 34 146 25 150 71 151 98
1546 3.9336554712881941 -0.34875116356656827 3.4280533617588937 124 130 139 1.4278424330660502 137 88 139 92 145 24 138 30 146 17 148 116 136 271
437 -2.4656809121936609 0.87672057407958881 -0.78050729426194854 69 72 79 0.56058209472609821 121 279 122 336 123 350 124 410
1545 2.4183237698465945 1.2500175919348409 1.7642391636242782 184 191 203 1.8105339090586068 137 418 139 336 142 266 143 289 140 327 141 340 142 284
436 -2.5349577035676667 1.5987427552900175 -0.43415409604245747 14 41 25 0.73381179274903274 121 262 122 283 123 283 124 329
1544 2.9369411812536352 1.1409918719699579 2.0994279227146291 184 191 203 2.0595272724514659 139 215 141 54 142 204 143 222 141 263 144 246 146 200
435 -2.6098874538219032 1.0759091826322038 -0.98910573636800869 43 47 57 0.09865396206514257 121 211 122 275
1543 3.0349818430850104 0.77425867615905641 1.911697904840199 110 114 121 1.8846661638426152 139 369 143 280 137 412 144 267 138 403 145 253
434 -0.85976829868521709 -0.8465909897536521 2.6109568970308157 81 82 87 0.15926688086060392 120 236 121 237 122 263 123 300 124 264
1542 2.7428708453712054 -0.071950751003855729 1.1179383058983126 184 191 203 1.320158778422138 136 349 137 266 138 304 136 266 139 244 140 177 141 221 142 178 144 196 143 76 139 141 141 141
433 -2.8047915541020139 3.1510687117121639 0.099435203560535187 98 101 107 0.99959545440034914 118 221 119 250 122 253
1541 2.6760172994056801 0.87895312549290505 1.5479124854503603 184 191 203 0.11408784255248994 141 416 142 380 143 388
432 -0.28233445769408921 2.2968380340632573 2.0417354094676425 28 26 26 0.043624326063860984 121 229 122 251
1540 1.5498409715333283 -0.44704806817093373 4.0196809594396719 23 23 26 0.77602131627143656 144 384 143 373 145 353 146 359 147 380 148 394
431 -2.5919935934029197 0.9064508458650159 -0.85742588340385417 3 10 30 0.58952718281290717 110 165 122 231
1539 3.5645564934591047 -5.8664157159765171 7.6632312098926363 0 0 0 1.2724507394521467 105 374 144 346 143 341 145 322 146 298 147 317 148 329 150 350 148 369 158 223 157 253 159 262 160 332 161 307
430 -0.74960944000271368 -0.77988706616662529 2.6763058610082826 27 28 30 0.81795585426563555 119 186 122 229 108 238
1538 0.57005061250884248 -0.89044799703475919 4.0287766575224433 0 0 0 0.58680548487048412 142 273 144 323 143 319 145 301 146 313 147 335 149 371 148 352 150 358 151 336 152 324 104 242 105 244
429 3.8614528272030202 1.0983552028016395 3.600246051727642 71 72 77 1.4691061194704123 120 155 121 196 122 214 123 212 124 175 125 150
1537 2.9867011197692119 -3.8359762911913378 8.0610515814189334 106 111 121 1.1582703620490467 130 305 144 313 143 310 129 258 131 276 133 275 134 311 140 311 141 288 145 291 146 264 147 285 148 341 149 336 150 319 151 286 152 272 153 263 154 244 155 265
428 0.34124849155423903 -0.78505591728419966 4.2550096525641967 20 22 26 0.59947243303111752 117 199 118 156 119 158 122 189 133 250 135 313
1535 1.2804194452857189 0.70915498645454433 0.82769376418873841 0 0 0 0.039420661713388511 141 345 144 299
426 -0.29711486176365132 2.0900672777028424 2.1963994640131816 60 61 64 0.55627690866310653 121 83 122 128 123 187 124 179
1534 2.1609444110366867 1.1431463676711562 1.4467559352413875 158 164 174 0.17517047576233752 141 343 143 291
425 3.2256120367595638 0.46060473130692786 2.9052631881500153 38 39 41 1.3797135630735762 119 84 120 90 121 118 122 116 123 146 124 173 134 215 135 206 136 221 137 231 138 179 145 105 146 88 148 178 149 160 150 177 151 164 152 134 153 167
1533 2.1609444110366867 1.1431463676711562 1.4467559352413875 158 164 174 0.17517047576233752 141 342 143 290
424 -2.6494542240017158 1.004309759222465 -0.99450004906184175 34 38 51 0.024425132575473643 121 53 122 101
1532 3.3808334301354734 1.8713713592034069 2.2319508807838546 158 164 174 0.0074965116355730516 144 290 143 288
423 3.5225838650803643 0.71339916613854804 3.1113727478157922 31 33 42 1.0687185037848246 120 54 121 78 122 72 123 109 124 103 125 126 141 42
1531 0.014959696182227053 -0.8938847592927569 4.4219491838322238 43 51 49 1.4228025895121987 142 274 144 286 143 282 141 277 145 280 146 281 147 300 150 344 148 320
422 1.0712509929210043 -0.67984636155980749 3.9983482049707644 22 23 26 0.98221707794722424 117 29 119 69 120 43 121 55 122 51 123 75 108 28 124 83 125 118 126 108 127 114 128 108 129 96 132 89 133 97 131 99 134 123 135 144 136 170 137 164 138 167 139 203
1529 3.550418263099743 -4.8897691830586414 8.6131038227454546 137 143 152 1.1124334657101782 105 295 144 273 143 272 145 263 146 231 147 256 148 275 149 270 150 266 151 252 152 233 153 220 104 298 155 234 156 188 157 174 158 167 159 204 160 278 161 258
420 -0.68202265895706338 -1.8131004461067688 2.5340815633398388 32 34 36 0.57761191976077431 119 4 121 35 122 37 123 119 124 73 125 54
1528 2.0118025256370333 -4.0012782165475338 4.0222325771492358 66 67 71 0.82205232568679731 134 270 143 268 131 212
419 -0.50972307651438387 2.1291515030481847 2.3131338000867396 59 60 63 1.0415781956243622 121 28 122 34 123 50 125 127 124 135 126 152
1527 0.11000999196851512 0.049034811331645743 4.8599610764079619 1 1 1 0.28084781171588424 144 252 143 247 145 234 146 204 147 223
418 -0.17482251745823693 0.76496866879310621 4.4367215237079787 53 53 55 1.6911233349123755 117 103 122 28 127 73
1526 3.0839419650426638 0.38828040934480457 3.0158573985138477 45 46 50 0.86499577916479264 136 323 137 311 138 312 139 250 140 237 141 261 143 245 145 224 146 194 147 214 148 263 149 256
417 3.5340095206948607 0.094417675119629771 2.8197765531477752 105 110 120 1.8830218667636316 121 67 122 24 123 95 125 86 120 51 120 12 121 21 145 29 146 19 147 18 148 35 134 34 136 34 149 36 150 30
1524 3.7342104550893196 0.87732082836093739 2.2883727381799668 157 163 173 0.98218312441449884 135 209 143 185
415 2.6177141989313366 0.80902043918857292 3.7245642103223089 0 0 0 2.0211832217835477 118 404 119 409 120 361 121 383 119 434 103 280 104 329 105 361 106 369
1523 1.0649038512345239 -0.60453722910700536 3.7878639081570693 78 79 84 2.0128560134739568 144 207 143 184 145 190 146 154 150 226 151 208 152 185 153 210
1522 3.428813251963776 -4.7434952808629909 8.7762328729470891 139 145 154 1.869608896505411 105 209 144 122 143 161 145 93 146 111 147 108 148 151 150 143 151 143 152 121 153 146 155 119
413 -0.25842678172177391 2.1552334125885291 2.0122702763271976 64 64 67 0.42221466970299071 120 297 121 392 122 413 123 427
1521 2.7084773737004473 -0.035840194095060077 1.1665794651408627 95 98 105 0.31029875028794984 140 181 141 143 143 131
412 3.2516872574871014 1.3904430678542068 2.3966011244889383 158 164 174 0.72365471910382162 119 370 120 338 121 391 122 411 123 424
1520 -0.34684255459994867 -0.54340595308819994 3.8764764235302249 73 75 79 0.46960756270015458 144 114 143 106 145 122
411 3.0051257655356993 1.0322530564205268 2.9323511375717697 0 0 0 1.306925576226289 119 435 120 362 121 386 122 408 123 420 124 422 125 351
1518 0.13940610693260505 -0.94164472968150847 4.3857717880435443 47 49 53 0.17366397534746517 144 105 143 88 145 112
409 -0.71176273101506671 -1.0758849197097231 2.5351721701013123 16 16 17 0.58293943764014589 118 352 121 367 122 385
1517 5.7792449107624826 -3.4700940066732917 7.5126184242606904 62 65 75 0.94208414716807565 105 15 138 102 143 71 148 61 134 50
1516 2.8380234822606312 -1.1812445676261114 0.50707747641502088 158 164 175 1.0278595089832823 141 8 142 57 143 50
407 1.497628051814913 -4.4753611403959512 4.8125210770398601 61 62 66 1.1832520561094795 114 332 115 353 116 334 117 344 118 338 119 331 125 324
1515 1.5608005635131252 0.56059336444556651 0.76199586001904085 151 156 166 0.63675832028024981 144 48 143 42
406 -1.4018455576980677 1.2302515832860359 1.7830971565285276 22 23 24 1.2146063194652217 120 252 121 332 122 350 123 415 124 420
1514 0.087789187981191966 -0.95850925528590791 4.6174482518517239 49 53 53 1.1008131834627006 144 37 143 30 145 75 149 93
405 -0.46144729464426065 0.91642987398743969 3.8684816357076386 38 38 40 0.96808735862441897 119 320 120 250 121 330 122 347 123 315 124 319 125 261 125 305 126 268 126 313 127 298 128 294 106 375 129 317 130 279 132 282 133 341 131 292 134 374 135 396 136 436 137 415 137 451 138 408 139 407 140 395 141 376
1513 3.1462797847767332 -0.70051802530954366 3.7366013490968117 44 46 52 0.81233598754156622 138 27 144 95 143 16 136 90 102 13
404 2.838796521002183 0.47245458023838566 3.2140127231789308 13 15 19 1.3755807043906572 117 363 118 319 119 363 120 287 121 328 122 346 123 359 124 416 125 346 127 346 128 349 129 376 132 325 131 329 134 371 135 421 136 458 137 449 138 438 139 368 140 360 140 388 141 331 141 369 142 309 145 330 146 314 147 338 148 354 149 309 150 338
1512 5.0104106361230416 -4.0055544333798014 8.1161976186226976 34 37 47 0.73143177306135942 105 322 106 337 107 318 108 297 109 261 117 351 118 353 134 354 135 378 136 422 137 400 138 394 139 359 140 352 141 318 142 296 144 353 143 348 115 363 116 341 119 345 120 323 121 369 122 387 123 396 124 399 125 336 126 349 127 336 128 332 131 320 132 311 133 372 129 363 130 380 145 327 146 304 147 326 148 336 149 331 150 314 151 316 152 265 153 290 104 324 154 271 155 294 156 243 157 233 158 252 159 266 160 337 161 311 162 261
403 -1.323148500438702 0.30290515781996286 2.0486939975981944 42 44 48 1.975140274206 120 282 121 326 122 397 123 409 124 447 125 411
1506 2.9275447012428399 -5.6827968483544717 8.3728209134746034 2 2 2 1.6531492631314915 106 355 142 347 144 371 143 367 145 347 146 336 148 370 147 358 150 351 149 363 150 365 151 315 151 330 152 300 153 288 154 285 154 269 155 311 156 263 157 255 158 250 159 264 157 231
397 -2.2898051563220392 0.97190981527230746 -0.15991906195566782 2 3 4 1.5341714115846559 109 309 121 247 122 312 123 356 124 412 125 383 126 399 127 408
1505 -0.030970611208502558 0.22493285302999813 4.5147012960693784 61 62 66 0.87608668804543954 141 339 142 312 144 366 143 323 145 337 146 324 147 349
396 -1.6169995538357025 -0.56494403397227622 0.8177035501812675 0 0 0 1.0952983540346077 119 142 121 232 126 159
1504 -0.092729234567383162 0.11379626706708248 5.1026019381010439 1 1 1 0.83498127653915688 141 337 144 365 140 325
395 -0.48515714675882621 2.0072471716745213 2.2588325709222485 66 67 70 0.61881663627769479 119 205 120 157 121 227 122 250
1503 0.28067789080611188 0.25084200668377715 5.5710346425790487 48 49 52 1.5732528719040442 142 310 144 364 141 336 143 359 145 335 146 322
394 -0.48616006650579402 2.0032559599320576 2.2276886865265242 66 67 70 1.0707222148267654 119 204 120 156 121 226 118 181 122 249
1502 2.965894641206134 1.0120698195121263 1.9251071890840545 167 173 184 0.65612811130441739 139 402 140 392 144 361
393 -2.2465077066906396 1.3402822782345218 0.10084395660639386 1 1 1 1.8254032240724432 109 244 121 219 122 212 123 239 108 256 124 242 125 232
1500 3.9291479214136733 -3.4674746476852638 3.6042793891037417 61 62 65 0.99890753093573315 137 388 138 382 139 347 140 340 141 314 142 320 144 341 143 338 145 343 146 332 147 353 148 383 149 374
391 -0.79665036013624824 -0.83466261448965973 2.3867739456686379 9 10 10 0.90005356708849993 118 147 119 148 120 111 121 148 122 140 123 165 108 189 107 192
1499 0.039517018390119937 0.16724890711895854 5.0085779249161826 58 58 62 1.0401822048909273 142 311 144 328 141 338 143 321 145 307 146 290 147 348 148 363
390 -0.92885376524968288 -0.9774167121314512 2.5688317683575188 54 56 59 0.43518448604037835 119 107 121 144 118 108 122 183
1498 0.17775604653088559 0.12913102726463235 4.9659217973208349 1 1 1 0.93610162339821112 142 267 144 326 143 320 145 336
389 -0.81048886641325779 -1.0408576088365316 2.2664760675151578 13 13 14 1.6543485493209638 119 182 120 104 121 142 122 178 123 162 125 135 107 183 106 173
1497 2.9722784818606436 1.0934217763970435 2.1156694982731676 184 191 203 0.6867585347413564 140 363 141 334 144 325 141 296 142 278 143 264
1496 2.9742936385115311 1.0957570998273585 2.1166956856286649 184 191 203 0.57697920424767535 140 362 141 333 144 324 141 295 143 263
387 2.760819795452425 0.10153791599350594 2.2557875695234002 35 37 47 1.4114379740949052 117 97 119 78 120 87 121 113
1495 2.9757020367258811 -3.8168069952798032 8.0199245090131637 103 108 118 1.0904118846952899 130 306 141 289 142 304 144 314 143 311 145 292 146 265 147 286 148 342 149 337 150 320 151 287 152 273 153 264 154 245 155 266
386 -0.83892227290395072 1.0155875444023796 1.0559309422416261 1 1 1 0.38863812186948155 120 52 121 73
1494 5.8144524585191046 -2.8587094769221615 6.4454673564223981 147 153 164 0.91420508933915523 132 344 134 403 135 382 136 425 137 403 138 397 141 325 142 303 144 312 131 349 133 376 143 309 145 290 146 263 147 284 148 340 149 339 150 322 151 285 152 271 153 262 103 229 154 276 155 299 156 250 157 258 102 194 101 142
385 0.045154487017053498 0.40099764992241993 4.3400053405254582 41 42 44 1.1235663598307455 117 48 121 23 118 29
1493 1.8404348503947068 1.4611352071837584 0.93438824466131332 149 155 165 0.26595645591010081 141 351 144 303
384 1.3545863000316174 2.298805659813357 -0.77163260009821555 0 0 0 1.0290824792640514 113 25 115 114
1491 0.42893587816526851 -0.75486134151673623 4.1099275260715382 0 0 0 0.7592815080555092 142 261 144 285 143 281 145 279 146 279 147 299 149 352
1490 2.8296919012833541 0.55982778706482461 1.796781214439523 153 159 169 0.14228062161534877 140 320 144 282
1489 3.4498978239023517 -1.3113991297116214 4.5182397367067617 36 39 49 1.2417805982071701 135 310 136 348 144 278 137 330 139 298 140 290 141 291 144 320 142 271 145 296 146 270 147 291 148 343
1487 -0.12922547503667009 -0.70433617214637823 4.0551626001300471 33 38 43 0.66012273111157838 141 197 144 247 142 201 140 136 143 223 145 232 146 224
1485 3.343622079566039 0.31315970287010436 2.9017447245971941 19 20 24 0.90969338621926377 140 273 141 227 142 215 144 241 143 210 145 219 103 91 102 103
376 -0.63653896919173214 -0.39122993692562663 3.0544291684473155 28 29 32 1.9896772510397771 119 359 109 334 120 280 118 316 121 322 121 377 122 339 123 349 108 336 124 408 123 405 125 344 126 358 128 343 129 343 132 348 131 353 135 445
1484 2.4851803972723476 0.1802189556708392 0.93763994316005028 24 31 48 1.0634632434823517 138 309 139 273 144 238 137 307 145 217
375 -0.66227066217549668 -1.401157672902817 2.4584625912610014 27 28 30 0.71453970191344651 118 348 119 338 120 319 109 329 121 364 122 382 123 394 124 395 125 333 126 344 127 334
1483 3.696600133506255 -1.2637405979735594 3.3878800953342418 0 0 0 1.2209545997434212 136 259 139 269 141 220 142 233 135 248 129 240 143 204 144 230
374 -0.91360318798727358 -0.098532532367025374 2.7232777111574946 39 41 44 2.0499837509404912 118 363 109 306 119 315 120 242 121 325 123 407 108 338 124 445 125 378 126 391 107 384 127 402
1482 3.7889259589847515 -3.6638112400588478 3.6088711584101492 1 1 1 0.15011022814116731 138 291 139 260 141 244 142 251 144 223 135 303 137 316 143 248
373 -2.3186558408671214 1.1127078609124281 -0.16701045783952936 33 36 39 0.21408217239902363 120 177 109 278 121 216 122 240
1481 3.1609546788742291 0.35924692266818542 2.9390099004740478 19 20 21 1.2641396330926022 141 229 144 204 152 183 153 190
372 4.0682834269557961 -3.8555248051829722 2.6594510087877827 65 66 70 1.1636774070562632 110 190 111 170 112 187 113 196 114 295 115 319 116 329 109 205 108 205 107 247 103 200 104 260 102 186
1480 1.7139030171383249 -3.8714558116770683 4.3243631079844551 1 1 1 1.588654417700087 139 78 142 167 144 191 136 15 138 91 143 199 145 163 146 175 147 185 148 238 149 233
371 0.21408400005502654 2.4969398743486497 -0.2395233281858018 0 0 1 1.557563073335019 112 186 109 201 108 226 107 239 106 231 105 223 104 222 103 178 102 146 101 102 100 85 99 73 98 72 97 81 96 139 95 171 94 179
1478 0.56239570659931104 -0.71221070486017668 3.8241715677713088 11 11 12 1.9451165481075112 142 154 144 179 145 151
369 0.4928020252886437 -0.65059118840282137 4.1668194422918274 76 77 81 0.11503248842901607 119 190 109 191 118 201
1477 3.7489580974774546 -0.26064893137965839 3.3746646645346092 35 38 47 1.2850894363096077 141 147 144 171 142 144 143 137 145 180 146 187 147 206 148 283 147 267 149 279 150 249 150 278 151 262 152 247
368 1.5793477419595354 1.391488664185101 -0.4139908449490679 129 133 141 1.2533652682953815 113 118 109 190 108 194 107 200 106 192 105 181 104 86 103 59 100 23
1475 5.3387921501517477 -3.6530491657622477 7.2689137976955989 34 37 47 0.35885046326489883 106 167 118 145 135 191 141 173 142 173 144 159 140 170 117 184 139 189 143 163 145 135 146 112 147 109 148 152 149 144 149 207 150 183 151 172
366 1.0718510546900044 -0.74861217637249144 3.5568918404973369 81 82 87 0.18473433808274697 116 176 117 239 109 185 118 197
1474 -0.42950056567644956 -0.42928352613841764 3.6029436499827758 76 78 82 0.54584790846926579 142 36 144 149 143 112
365 -1.8560576441457626 1.8708005592958661 -2.9987877374348835 158 164 174 0.13214250459596508 111 95 109 180
1473 2.6850339926622611 1.3407612790444858 1.9451641183894455 184 191 203 2.0149496439349202 137 193 140 50 141 164 144 146
364 2.3623476850174097 -1.6817538097073104 0.56319985491971658 48 48 51 1.3102211722688364 112 116 113 141 114 231 115 242 116 217 109 174 110 147 108 206
1472 3.0430169858718021 0.40683644056032348 2.9996639926336024 47 49 53 1.3866842944440907 117 46 118 82 144 139 149 162
1471 1.1707074857142503 -0.72124744828181253 3.8050504577623045 25 25 27 1.8889370790522229 144 137 140 72 141 105 146 125 147 124 148 173 149 191 150 200 142 97 104 24
362 1.1008841714490134 -0.74614108122380285 3.7363964567806027 13 14 16 1.2648336817629597 117 140 109 85 123 169 120 119 121 155 126 165 127 166 107 51 128 169 129 207 130 212 132 175 133 174 131 188 136 268 105 187 141 259 142 241 143 261
1470 3.6967449612527266 0.38592059250599164 2.7558878237779258 184 191 203 0.70665526414321433 139 249 140 134 142 146 144 136 145 102 145 148
361 2.1139730099049423 0.16229063448453021 0.82878639752314764 158 163 174 1.2721228608135917 115 91 109 31 117 138 107 45 103 34 104 84 105 59 116 129 102 38
1469 3.8617493237867242 0.3318500450843429 2.8638322590853633 150 155 165 0.82115615572092504 142 145 144 135 143 174 146 124
1466 3.0271328682368548 1.5075553400870152 2.1656935717997627 149 155 165 1.1494112559048488 141 163 144 112 143 102 145 120
1465 0.16671738073135034 -0.99368748671976515 4.6747936938097645 107 110 117 0.71265949094986469 140 24 144 103
356 -0.17931174967333574 0.4261585387070847 4.919190874289793 1 1 1 1.6297891245934217 118 320 109 338 121 291 119 286 120 248 122 343 123 313 108 341 124 358 125 259 126 266 127 297 128 293 133 337 120 284 129 315 134 370 134 414 135 394 136 433 137 411 138 440 139 403
1464 2.5783006138944256 0.01074933497644542 1.1134270226654217 37 43 51 0.45315934180240247 141 100 142 87 144 91 143 14
355 -1.6474012008406276 0.009310075141769859 0.5759379247367763 33 36 43 1.3490153109854426 119 263 120 231 109 265 121 273 122 295 123 298 108 269 124 305 125 297 126 307 127 291 107 321 128 286 129 339 130 350 131 350
1463 3.1018548402575865 -0.38343128563979934 1.6752147898584306 64 65 69 0.60748521967991498 139 18 141 97 144 85 140 120 139 193
354 2.498196709199028 0.21245074870637981 1.9604087318762569 28 30 39 1.2635346387663606 117 150 118 161 120 172 121 213
1461 2.3791682556829454 0.66333570184671298 1.2919955562222587 125 129 137 0.23311756888139423 140 35 144 39
352 -2.5632057884713664 0.88573189069490699 -0.81231800197336368 46 49 60 0.16246825703582093 119 152 120 140 121 185
1460 3.9041543829625307 -0.48605012403212577 3.5040020593233296 42 44 53 1.0093764679804169 140 70 141 104 142 13 144 26 146 16 147 15 150 91
2708 -0.87337347375003549 2.5192652618511926 -2.3306035633760502 96 98 103 1.3057439197862624 102 284 101 182 100 162 99 152 98 138 97 131 96 177 95 203 94 211 93 204 91 188 92 214 90 178
351 -2.6578070079257028 1.0128355877658459 -0.95372425710469144 66 68 75 0.01495086102114224 119 160 120 121
1459 3.0658252884833144 -0.394288826106165 1.5459943445136786 46 47 49 0.48192955132424842 139 86 144 20 138 106 140 119
1458 6.6062179149873668 -2.9804292763611353 7.3352219569905017 89 92 101 1.2342211069690303 133 52 137 84 138 104 141 26 144 18 135 128 146 41 148 65 149 62 150 45 151 24
2706 -2.2875909175680893 2.8906115006370179 -1.749315748801848 80 81 86 0.47727109531584344 91 219 90 225
349 -1.2057632397857418 -1.5803073891298938 2.0164628148932864 26 27 29 0.45914173044379075 116 9 118 46 119 100 120 98 121 136
1456 3.4865085210035485 -3.9151938422182577 3.2425967943451917 89 91 96 1.7165889003059485 136 14 144 0 139 4
2704 0.31622909892275591 3.8845159440851966 -1.4862724859185845 184 191 203 1.1026722857577893 92 231 93 213 90 221
347 1.5413253483626774 2.3283690633318277 -0.61380001456192879 0 0 0 0.23624905833000687 114 100 115 155
1455 5.1793560225572461 -2.250768219384331 5.1479236319705466 30 33 42 1.7739460028274796 126 412 133 436 134 436 135 439 136 453 137 440 138 430 139 391 140 353 140 384 141 323 141 365 118 355 119 401 121 399 122 423 123 439 124 458 125 404 115 326 116 344 117 354 120 352 114 266 108 234 107 286 106 279 105 297 144 356 143 350 145 349 146 338 147 360 148 387 104 264 103 228 102 243 101 173
2703 -2.2644870151977825 2.8561554065227965 -1.6630923643900573 0 0 0 0.46083604881299989 91 195 90 187
346 -2.7174859336295811 2.9634990220205304 -0.30320005167798075 70 72 76 0.61850689851639462 116 106 121 32
1454 1.7076894133790326 -1.7666136463537696 1.4681139711535716 0 0 0 1.5571421480813461 136 298 138 326 139 288 140 281
2702 -0.61467593471128412 2.4454842708770448 -2.1739189034024973 1 1 1 0.43031531417314062 92 213 90 179
345 2.0337229782545245 0.33674088653790363 1.4063542240949409 151 157 168 1.8858516324922754 116 81 119 163 114 19
1453 3.1454196328666177 -0.69616979259435796 4.008807982132141 6 6 7 1.5910370617485672 137 224 138 161 139 90 140 124 141 146 142 143 136 267 144 170 106 121 107 143 115 203 116 178 143 170 145 179 113 115 104 118 103 118
344 0.30277339866048825 2.1934559892838128 -0.50586643270572906 77 78 83 1.7557981248563426 118 413 119 439 120 379 103 212 102 175 101 124 100 107 99 95 98 87 97 96 96 165 95 196 94 203 93 217
1452 3.0202496050989818 0.53199471966029988 2.3517735116771106 184 191 203 0.12907912927036935 140 436 141 414 142 377 143 386
1451 3.0383841289334739 -0.32930081129916822 1.6068841455694345 0 0 0 0.023885815390199423 140 429 141 410 142 371 143 382
342 -0.074534512322810859 2.5843621746753653 -0.1253655615650022 44 47 59 1.2392475308448105 118 414 119 417 120 364
1450 3.0383841289334739 -0.32930081129916822 1.6068841455694345 0 0 0 0.023885815390199423 140 428 141 409 142 370 143 381
1447 6.5358414322837879 -5.8887402839805718 7.6351243962116406 43 44 46 1.0263574871072261 105 319 135 413 138 390 139 356 133 366 142 325 144 349 143 344 145 324 146 301 148 333 147 321 149 328 150 311 151 278 152 263 153 255 104 295 103 252 154 238 155 259 156 208 157 201 158 191 159 238 160 303
1446 2.4651997619939192 -0.53964656479064899 0.14662499912854984 184 191 203 1.2765613798630002 140 373 141 356 142 317 143 334
1445 2.2713135441185948 -0.39556618850746139 -0.0079190890309603513 184 191 203 0.67233220681206574 141 355 142 315 143 333
2693 0.79469271656537444 3.9070328737042028 -1.6838172277859129 124 129 137 1.7493087159751886 92 51 90 33
336 -2.4112330826958068 1.167673961040431 -0.22433521290912029 5 7 8 1.4805690624191135 118 247 119 287 120 212 121 292 122 344 123 360 124 417 125 386 126 421
1444 -0.5216350397264522 -0.22676547906347513 3.2532630388733126 0 0 0 1.6336841879094997 105 332 141 372 106 340 107 354 108 337
2692 0.57260536499986192 3.053507959904719 -1.9621432047591034 158 164 174 0.4667403193014128 91 69 90 24
335 -2.8047915541020139 3.1510687117121639 0.099435203560535187 80 82 88 0.99959545440034914 118 220 119 249 122 252
1443 3.6288137053788652 -4.1280791671488393 3.3646752972578495 81 83 88 1.046179941444819 137 315 138 348 139 289 144 304
1441 4.1885998145083345 -3.1742068776920527 7.7454616091502162 35 35 39 0.92680451570776945 125 215 130 240 133 245 142 256 143 256 146 217 148 250 152 170 153 174 104 238 157 139
1439 -0.57164375967849035 -0.25349433359960893 3.2657720017735201 26 29 36 0.60560927401671771 140 241 141 264 142 248
1438 -0.20881667851230584 -0.47705114409384491 3.2765239001592494 58 60 65 0.42232323229750635 131 65 144 251
1437 2.8381094689492086 0.98964357641138767 2.7995725495560988 83 85 90 0.44486040775373831 139 279 142 220 143 188
1436 2.7730624691626917 0.96006088395846079 2.7397346989069322 83 85 90 0.75013718428488818 139 278 140 202 142 219 143 187
1434 0.56641088906174375 -0.82091598746047134 4.0174545549472844 4 4 4 0.79633334244129816 105 110 141 225 142 216
1433 2.6215950678640287 1.2531944926259335 1.8911013136402088 149 155 165 0.20567195021196513 139 220 140 244 142 206
1431 2.5465934331325042 0.86014249321830849 2.4086392303080553 99 102 108 0.54753230935642727 139 213 142 203 140 144 143 189
1430 -0.0585998541492605 -1.0078827759626516 5.2135639034838084 45 49 53 0.53416830620338629 132 52 142 200
1429 0.37497589018090438 -0.10833241561478323 0.42712477287267109 0 0 0 0.75406194216699485 140 121 142 198
1427 0.42534639287720782 -0.90013677298662409 4.2138731894567885 19 19 21 1.1196538270129412 106 66 142 191 143 216
1425 0.88856881101621399 0.17338669748893154 0.57853496662004744 143 148 158 0.94889311304366109 134 134 142 161
1424 3.2213528151729287 0.3032642607493537 3.0412368004827797 44 45 47 1.5289526262984374 105 23 142 151 115 43 143 139 146 86 147 91
1423 2.6775065567205036 -0.0068783407974351181 1.1402933567479581 21 30 43 1.4463509217701664 136 270 137 267 146 144 147 207 148 226
1422 2.7546289024871395 -0.052330265375387153 1.1468271886344628 56 57 61 0.11312348543394615 140 179 141 142 142 137 141 180
1421 3.1182776131908656 -0.43777049400575818 1.6503445382425042 73 74 79 0.48840330566406581 140 118 142 135 139 84 144 82 143 73
1420 1.8967539336973622 -2.121017937674023 1.6344435301184583 92 95 101 1.1761577817463138 137 72 142 128
1419 2.9193971892094792 1.2446356649969648 2.0642100741863065 149 155 165 0.30271377098567642 140 41 142 114
1418 3.2426396087935498 1.3619763109620981 2.3149412174381139 149 155 165 0.28291718021821083 140 95 142 112
1417 2.7009835562939948 0.79629616266168535 1.5698418934589151 184 191 203 0.5734749239227469 138 185 139 158 142 105
1416 3.0097855810358296 0.77141492012526325 1.8079158177910901 141 146 155 0.92489393302920409 140 80 142 100 144 104 136 117 143 84
1415 46.005407131682318 4.762256430843216 31.850916627991953 153 159 169 0.036357851574396707 115 107 142 96
1413 3.8771024024906433 -0.29424134344099873 3.1880865106048097 161 168 178 1.894790547639198 138 219 139 91 142 91 144 96 143 135 140 20 146 78 150 97
1411 6.1035583730972922 -3.7726578756589753 8.1521141877093957 58 61 71 1.5115097680255507 117 21 142 84 119 48 134 98 120 108 126 56 124 151 144 73 149 114 151 75 148 60
1410 3.0037581237331072 -0.6788215349947273 3.7653827660040671 39 39 41 0.23232486518415366 137 14 142 15 144 98
1409 4.136704330510673 -2.6235280374876244 4.4232500286471454 0 0 0 2.4924814318939483 118 142 130 21 114 140 126 135
1408 5.3986616639709792 -3.5946345752123534 7.4259663537805869 33 36 45 0.7693365537269945 105 323 106 305 107 319 116 342 117 352 118 354 135 379 136 423 137 362 138 356 139 322 140 307 141 320 142 298 119 346 120 324 134 356 133 326 123 398 132 312 124 401 125 337 126 350 127 337 128 362 129 364 130 381 131 321 133 373 144 308 143 304 145 286 146 260 147 281 149 332 150 317 151 280 152 268 153 258 104 299 154 240 155 297 156 246 157 236 158 227 159 243 160 306 161 312 162 262 163 219 164 259
1406 4.1486288759310774 -4.0977970293898425 8.0458993685709377 37 40 50 0.443015486873578 107 123 139 135 141 174 108 137 118 144 132 106 134 155 117 183 136 207 107 182 106 172 142 174
1405 6.6368071413664307 -4.3402580011054859 6.085123252830039 184 191 203 1.7457327867732135 107 374 108 357 115 464 141 405 111 324 117 472 142 366 105 376
1404 7.2722510249822481 -2.9077993642917384 0.64095347958345972 184 191 203 1.7212440162256744 115 408 142 358 143 328
1401 -0.81127206377273708 -0.018079714170932674 2.8366690936691583 3 5 6 0.53137464888556341 139 373 140 368 141 375
1399 1.8378094311601585 -3.9618853393925146 6.2860660594491984 43 45 48 2.3105318229021989 106 302 140 351 144 372 141 363 145 359
1398 0.75703903316183685 0.38527728041510528 0.47641166442826294 184 191 203 0.5342688253333594 134 265 143 267
1397 1.1936908733394451 0.47338794509236731 0.88360010243042963 160 166 176 0.53099667976346099 137 414 141 299
1396 2.9595218045316214 1.3724427276454785 2.2565276255098365 184 191 203 1.6302258453390739 139 313 141 282 142 263 144 268 138 340 145 283 146 256 147 345
1395 3.4803796010070376 -0.61543323677378725 3.9183376856681318 31 33 43 1.6949794124407815 132 180 137 268 138 277 139 248 140 271 141 257 136 269 142 237 144 237 143 243
1394 3.0677521895631794 -2.0565037144964351 1.0950058894855084 61 62 66 0.8377441815167127 136 237 139 257 140 253 141 243 138 246 138 283 139 226 140 224 142 223
1392 2.7047230639485549 0.62084460008636666 1.5994586771930068 98 101 107 1.1435145383961347 119 235 139 211 141 198 142 199 143 186
1390 3.0856453308678331 -0.20775677738905579 1.7060949493200215 89 91 96 0.96601856360236704 138 276 139 196 141 181 142 138 144 166 143 130
1389 3.0277662463200756 -0.46477015547854145 1.5134228542288179 96 97 102 0.11617515418260489 139 243 140 173 141 178 142 134 143 127 143 167
1388 1.3295363441177594 0.52211949660619716 0.61950505918504772 141 146 155 0.34296429370182646 137 192 141 166
1387 2.4800401095053521 0.38609776738317714 1.6314582643933602 0 0 0 0.95755163154890732 134 140 139 207
1386 3.4847558906106912 1.407164627452159 1.5673981008739708 145 150 159 0.35662443376664532 139 115 141 158
1385 -0.01428484695222371 -0.74059757323258446 4.4809342739151905 75 78 83 0.18580281258891818 132 54 141 155
1383 3.4764886567561128 2.1998876579480862 2.8597856801100123 175 182 193 0.60840792568422175 138 77 141 135 142 125 143 147
1382 0.69457924735523491 0.17491969666421542 0.40648694568477839 142 147 157 0.6382358977830429 135 93 141 134
1381 0.86375970984000794 0.20233609313003859 0.51539947902555117 145 150 160 0.083259220758246419 135 96 141 130
1380 2.4758520034059139 0.78989336910469798 1.2663102060703288 118 122 129 1.6552245115521864 139 161 141 116 138 240 137 314 144 144 143 91 145 153 146 227 145 231
1379 1.5138900060169793 0.35655297606414416 0.87947408802158422 119 123 131 0.059248899699793148 139 100 142 106
1378 3.2192222200393656 -1.3626818516952732 0.62940661852119173 158 164 175 1.1926643152464615 138 10 141 71 142 59 143 52
1377 -0.43074698590883159 0.94897763501413612 3.7217858710660887 24 23 24 0.9321713726505001 137 122 141 67
1376 -0.027658375869772368 -0.14179708023409707 1.3382629807615756 122 128 138 1.1666364028677001 131 63 141 60
1375 0.061080264249390608 -0.14017552765504451 1.0041941020834142 59 61 64 0.28463103422661062 140 33 141 58
1374 0.86559068476356138 0.19749060942653959 0.51993706116900373 151 156 166 0.022648386984896129 135 95 141 55
1372 2.8291033890405526 0.61981348497493005 1.6940495565991878 131 135 144 0.30999036173182837 138 45 141 41
1371 2.7333816027245308 0.59524874022383967 1.6189625629948527 146 151 160 0.86627667289125887 137 31 141 40 144 101
1370 1.551980484975672 -3.1231715156142354 2.6277418981840288 94 96 102 0.43172145795178818 134 89 141 3
1366 -0.043727324970495432 0.60288178811677873 4.9911696329394868 48 49 51 1.6659197622877 118 366 119 318 105 365
1363 4.8371922054652137 -2.7593319087200006 5.8613620102536812 0 0 0 1.1259236280558778 108 265 114 300 140 308 109 262 110 261 111 247 112 231 115 325
1362 1.3607462414798066 -1.5258064950311638 0.58288285289893504 114 118 125 1.0325533273665328 109 256 105 288 104 261 103 201 102 165
1361 -0.67169713569583911 2.4557358651986183 -2.2642524529246373 96 97 102 0.23851465618282455 106 268 105 254 104 219
1359 2.6345479757079433 -4.0255439091614225 4.4616103366534636 71 72 76 1.3631851205059886 138 258 105 203 140 258 144 255 143 250 145 259 147 250 148 270 149 264 150 260
1357 2.3394330495948545 0.82518090385214904 1.8856861891235079 64 66 72 0.29792565886877437 110 134 112 100 105 112
1356 2.5080200671193165 0.51503110752977121 2.0213795074569649 17 18 21 0.53479590415280109 106 21 107 15 108 33 113 65 105 64 115 39 104 87 103 61
1355 1.7982442408432178 -1.1457102207788239 4.0144883764634756 32 35 44 1.1437870779292323 106 16 107 10 115 21 118 12 105 61 104 85 103 58
1354 -1.8013289379123896 1.6519980416233571 -2.6093687669270857 101 105 117 0.74595360971728097 106 52 105 58
1352 0.35209718485115121 -0.54547237991951936 3.4800062314650142 23 24 25 1.7659577682221459 122 17 105 27 123 17 104 28
1345 6.1297528872613141 -4.4055735491698007 5.0324257527460805 1 1 1 2.3739740392092634 117 457 135 456 104 346 103 270 118 419 102 276
1344 1.3728430456182621 -2.5973447512672774 2.2844779249915552 78 80 85 0.021447072331131668 135 363 140 399
1343 -0.6951036307052515 -1.7789614413021544 2.4215729451202486 41 43 47 0.81064999194173182 138 350 139 350 140 376 137 319
1342 0.97527682737659438 -2.200354672174309 1.8632158062721413 60 61 65 0.51987859807592451 137 383 138 417 139 383 140 372 135 362
1340 -0.39405961182699834 -0.51692364376094713 0.78068419142317924 41 43 47 0.74153693668195364 117 392 105 234
1338 3.0912727640432669 1.0793360007536148 2.5556034347033472 165 171 182 1.5084669460312534 136 382 137 371 138 366 140 321 142 277 144 287 143 283 145 254
1337 5.7803083310956609 -3.6733008682344876 6.5309991201188984 149 155 164 1.6613449533409328 113 148 140 262 112 124 143 253 146 212 147 229 148 245 104 200 117 267
1336 2.6712796941801948 1.2769885671035841 1.9192507224119288 144 150 159 0.69837918679887645 136 231 140 243
1335 -0.44827523539033454 -0.21914412717659007 2.7195692883329992 0 0 0 2.2896194253297728 134 252 138 231 139 251
1332 2.7421672634366803 0.7317134134358948 1.6225179690144882 140 145 154 1.6809271217447801 137 238 138 234 140 143 141 112 142 104 144 143 143 86
1331 3.6116551948498858 0.16135065050495223 2.7624630923240141 158 164 174 0.82456372157275271 118 205 140 129 144 134 147 86 148 121
1330 0.50350056424339351 -0.8743079206072798 3.9913212051780707 34 34 36 1.7453016151803584 106 22 139 144 140 127 141 189 142 188
1328 0.80515636489004616 0.39048981137164451 0.55813289913904052 158 164 174 0.62678571579906173 139 62 140 102
1327 0.8639834081205342 0.28368396102195959 0.46818304773132413 142 147 157 0.54577634433746491 138 128 140 96
1324 3.5322669920267522 1.2144931389591027 3.1343544200442595 78 79 84 1.0567392631250878 137 276 138 237 140 88 135 344 136 356 134 377 141 121
1323 1.8244144611431492 0.49973514801770508 1.0003735131137954 119 123 131 0.48319921804671356 138 122 140 84
1320 29.890095922594682 13.742729688163809 12.832993532270349 143 148 157 1.3362212897096433 114 127 140 42 153 24
1319 2.5316714072512152 0.83389392404769824 1.2897412673260056 114 118 126 0.4131164319123411 138 57 140 40 143 38
1318 0.11446604933320462 -0.098236191376496626 0.73582863694066414 95 98 104 0.75286315692344075 139 33 140 37
1317 -0.27336112894586395 -0.41279893127803013 3.3004746049147271 119 123 131 2.2167759869132846 108 74 140 31 106 27 107 70 142 117
1316 1.8121439209864245 -2.1637416802233158 1.3870841095167443 64 65 70 0.34111763725389183 124 65 140 0
1315 0.50868147642289729 -0.83764345128748119 4.0494758650724298 11 11 12 1.090501632511359 119 62 130 96 119 63 120 77 121 50 122 48 123 69 124 120 125 117 126 101 127 108 107 17 132 115 135 133 135 198 136 164 108 30 137 155 115 25 116 21
1313 0.64419728953396072 0.12531417186609989 0.42787519976991356 184 191 203 0.22379405614233377 138 120 139 107
1310 3.3956978148021846 1.280725895273616 2.9868053484781245 84 86 92 2.5489170202427176 135 400 136 383 137 372 138 367 118 326 116 315 117 329 119 368 120 292 121 389 122 409 123 423 124 427 134 419 139 309 140 296 141 280 142 244 143 246
1309 1.0960738194914017 -0.70482007115531409 3.9210740532090398 54 55 59 0.82058312696606861 118 17 125 77 127 69 132 88 130 98 133 95 134 122 135 143 117 89 136 169 137 162 139 148 106 61 138 166 140 188
1307 3.3177883921392932 0.43239790349135077 2.9312816988961341 19 20 24 0.8307983815491623 136 497 137 488 138 474 139 429 140 418 141 396 142 355 144 383 143 372 145 352 146 358 147 379 148 393 149 388
1306 3.2988562454470745 -0.48579849048947021 1.9060872943356622 184 191 203 1.1349822571276054 136 490 137 464 138 452 139 416 140 385 141 366 142 329 144 375 143 354 145 350 146 348
1305 0.67929691075108667 -1.6023855791198753 1.2418013493594906 58 59 62 0.73895149920369385 137 379 138 414 139 378 136 362
1304 2.7472209980269948 0.98026155680025073 2.6417744118747235 90 93 99 0.66810902173592457 137 413 138 406 139 371 136 435 135 398 134 417 140 323 141 294 142 280 143 284
1302 5.1223602779226738 -2.3104637494579512 7.6419965446836375 184 191 203 1.7170048165566025 127 340 128 339 129 341 131 325 132 316 133 381 134 406 135 388 136 426 137 407 139 364 140 356 141 328 142 308 144 319 143 316 102 246
1300 2.8232982075509798 1.2432078837513016 1.9238349513841824 184 191 203 1.717916950054206 137 373 138 369 139 334 136 385 144 248 145 304
1299 2.1568262600528652 -2.3280851590458385 1.3886091370715539 74 75 80 0.3042866952207397 136 360 138 321 139 315
1298 2.5294675530919259 0.86062000550425832 1.2347011443789773 184 191 203 2.0599242926941312 120 253 138 339 139 310 142 218 144 213 118 166 119 239 143 219 145 233 146 201 147 247 117 101
1294 0.72783087473362595 0.33198300451658336 0.51252696445143564 158 164 174 0.44879537919984469 135 219 139 223 140 221
1293 2.7987534201167508 0.7393123680911633 1.6178498030740691 158 164 174 1.3205211445922651 138 233 139 212 140 201 141 199 142 156 143 142 144 142
1292 1.0106458393508557 0.11711514416979642 0.72563323205075903 158 164 175 0.13658068724723935 138 230 139 208
536 3.2923725584076959 -0.77907561933533609 3.9828035270372482 48 49 54 1.400358925435417 120 46 121 58 122 53 123 79 124 86 125 83 126 117 127 120 128 112 129 144 130 148 132 93 133 94 131 102 134 114
532 1.627983542751378 1.8561838195714615 -0.18878887257651861 0 0 0 0.59840923240335109 115 108 117 59
523 -0.8197216602320645 0.13977228264615138 -1.9048075525295178 53 56 64 0.79372492050256382 111 269 108 318 109 289 110 284
522 -0.084907448527095086 2.4579917463789189 -1.9745911732029287 184 191 203 1.3403358409027146 109 310 108 309 107 327 106 318 105 305
521 2.0828018231803083 1.6340274120156482 1.4096670415690511 175 182 193 1.5558087713750524 109 277 110 271 111 292 112 295 108 306 113 334 107 356 106 341 105 384 104 356
518 2.3427455709594174 -4.9309434864063046 5.7116004645748122 41 42 45 1.2312049122487518 109 222 110 222 115 289 116 261 117 262 118 263 119 257 121 231 122 257 108 230 123 252 120 190 124 258 125 212 126 207 127 207 107 280 128 218 129 231 130 234 132 225 133 269 131 240 134 305 135 332 136 368 137 390 138 424 138 383 139 385
517 -0.37732865535566862 3.4311901389891868 -3.1752112016638971 32 32 35 0.39300078535157584 110 215 108 228
514 0.9212051461621924 -2.4009562628260408 1.3439459178026751 45 45 48 0.64170179891473578 113 134 114 181 115 236 108 108 116 213
510 -1.6953478316527271 1.6942411491607547 -2.6369046528233873 81 86 97 0.60572452314935643 109 74 108 49
502 -1.8636577076417313 -0.21249321891776293 -0.1800699484099921 2 2 3 1.828611561873567 114 421 115 462 116 429 117 456 118 418 119 421 123 430 121 347 122 416 124 434 125 368 126 379 127 364 128 357
482 -2.505036988080743 0.84274638385580181 -0.68403257745247192 66 69 76 0.18765921586649822 121 278 122 300 123 302 124 356
343 0.30660173290191006 2.19732789328615 -0.50047933001847134 77 78 83 1.7776315311227013 118 412 119 438 120 378 103 211 102 174 101 123 100 106 99 94 98 86 97 95
2700 -1.1104561130622737 3.1219310551965163 -3.0091762277291561 48 49 52 0.9573589494726743 91 161 92 187 90 177 93 177
477 -2.6744248059426345 1.052334295784368 -0.9130719045820278 46 50 59 0.057913982638023075 121 210 123 229
338 -2.2376458839850151 1.2687630029552326 0.12848666594288266 46 47 50 0.22475381825464932 118 282 119 293 120 216
2695 1.3216967555461911 2.2154152356538273 -0.7971596205802981 65 69 79 0.24203621858045232 91 77 90 53
476 3.2088664456663829 0.5017478202367317 2.9406803760591766 0 0 0 1.654433299494005 121 167 122 204 123 210 124 206 125 174 126 197 132 217 133 218 134 259 135 255
337 -2.2139186171693539 1.2760397498056422 0.082540168410117312 46 47 50 1.0484894274376191 118 281 119 292 120 215 121 256 123 317 125 308 126 362
2694 0.46153377784275429 3.4834658036771398 -1.6081262771502585 123 128 136 0.034768696965387882 91 53 90 34
443 2.9620957151840979 1.337226037001285 1.9923371480317142 184 191 203 2.117341487928182 120 293 122 358 121 335 140 366 141 298 142 262 143 285
402 -2.5087392216830344 1.3620340986758059 -0.42951663667582429 22 23 25 0.30059254441383781 109 349 121 296 122 319 123 322
401 -0.2862049742748346 2.2688859500952021 2.2519014936994752 79 80 84 1.5127143987140081 120 188 121 264 119 208 118 217 117 218 123 329
379 0.33485516776380975 2.4730366973850959 -1.5627542965066545 184 191 203 1.2659766844868103 110 380 109 406
377 -2.4115916187307147 1.1659989440250804 -0.22498243996871314 5 6 7 1.2325537653370771 120 213 121 293 122 345 123 361 124 418 125 387 126 422
367 0.49313340983078818 -0.9374471352353092 3.8879565281455322 80 81 85 0.16020092561996185 119 187 109 186 117 238 118 196
359 -2.6886265478256037 1.0846720551267355 -1.0063672595318174 3 10 29 0.37323282266187335 119 429 120 357 121 405
353 0.056478870433533453 0.24234191426836388 4.3612096702059375 26 26 28 1.206290120103757 117 203 118 206 119 191 120 142 121 188 122 193 123 203
341 -0.43098504722446329 -1.5583930253202587 2.3089125059983862 43 45 48 1.5049185913353358 115 389 119 397 120 317 121 361 122 378 123 390 124 394 125 332 126 384 127 365 130 378 136 487 135 459 137 479
2698 0.68728678092646045 3.8400020144685527 -1.7286270727850233 132 137 146 0.4296922182737043 91 124 92 140 90 128 93 117 94 110
2696 0.56793741389448049 2.6869822787859428 -0.40953954695355455 66 70 80 0.096489904657480474 95 151 90 118
339 -2.4827418294032499 1.4349338224410526 -0.32837038727166373 37 40 43 0.24116001219058195 110 279 119 295 120 219 109 285 121 222 120 182 122 246
