observer_type,observer_id,camera_name,frame_id,image_path,marker_id,marker_length_m,fx,fy,cx,cy,pnp_success,rvec_x,rvec_y,rvec_z,tvec_x_m,tvec_y_m,tvec_z_m,distance_m,center_u,center_v,area_px2,corner0_u,corner0_v,corner1_u,corner1_v,corner2_u,corner2_v,corner3_u,corner3_v
moving,moving_frame_000073,moving_calib_camera,73,results/bus_real_data/ablation/moving_cam/fov/fov_100deg/raw_images/moving/frame_0073.png,14,0.17,537.0237639534591,537.0237639534591,640.0,360.0,True,2.267219190168954,-0.3876868168158936,0.15925247764835798,0.5748258380237314,0.9188356843978966,1.739099106443362,2.049182632420726,817.75,644.75,2934.5,781.0,627.0,825.0,610.0,856.0,661.0,809.0,681.0
moving,moving_frame_000220,moving_calib_camera,220,results/bus_real_data/ablation/moving_cam/fov/fov_100deg/raw_images/moving/frame_0220.png,14,0.17,537.0237639534591,537.0237639534591,640.0,360.0,True,1.5904671633255685,1.5904330404681424,-0.9073425839517768,0.5090050089779644,0.9305204541404329,2.053996484108756,2.311678172122907,773.25,604.0,1780.0,790.0,584.0,801.0,624.0,755.0,624.0,747.0,584.0
moving,moving_frame_000221,moving_calib_camera,221,results/bus_real_data/ablation/moving_cam/fov/fov_100deg/raw_images/moving/frame_0221.png,14,0.17,537.0237639534591,537.0237639534591,640.0,360.0,True,1.5896925535622397,1.5891885321690644,-0.891596291330769,0.5121111559779199,1.0477867532787504,1.939401746310825,2.2630497232754174,782.0,651.0,2162.0,799.0,628.0,812.0,674.0,763.0,674.0,754.0,628.0
moving,moving_frame_000075,moving_calib_camera,75,results/bus_real_data/ablation/moving_cam/fov/fov_100deg/raw_images/moving/frame_0075.png,14,0.17,537.0237639534591,537.0237639534591,640.0,360.0,True,2.2086475712040428,-0.5302449209159696,0.2429460815839462,0.3894250305351505,0.8907317045995561,1.7747695444547842,2.0235764774058764,758.0,630.5,2718.0,722.0,618.0,763.0,596.0,795.0,641.0,752.0,667.0
moving,moving_frame_000074,moving_calib_camera,74,results/bus_real_data/ablation/moving_cam/fov/fov_100deg/raw_images/moving/frame_0074.png,14,0.17,537.0237639534591,537.0237639534591,640.0,360.0,True,2.2355366196721533,-0.4640639986543514,0.20648453299332573,0.4813889405585388,0.8994767587751629,1.7580736417001033,2.032637862805229,787.25,635.75,2809.0,751.0,621.0,793.0,601.0,825.0,649.0,780.0,672.0
moving,moving_frame_000219,moving_calib_camera,219,results/bus_real_data/ablation/moving_cam/fov/fov_100deg/raw_images/moving/frame_0219.png,14,0.17,537.0237639534591,537.0237639534591,640.0,360.0,True,1.5972510834564737,1.6014443524844113,-0.9182790255637777,0.509433082793578,0.8165045261745698,2.182418740328029,2.385194596933992,765.5,561.5,1470.0,782.0,544.0,791.0,579.0,748.0,579.0,741.0,544.0
moving,moving_frame_000072,moving_calib_camera,72,results/bus_real_data/ablation/moving_cam/fov/fov_100deg/raw_images/moving/frame_0072.png,14,0.17,537.0237639534591,537.0237639534591,640.0,360.0,True,2.279689770410467,-0.29082414197330486,0.14005158310441973,0.6672710561361782,0.9457699081692551,1.7148134653314047,2.0688926029249255,849.25,657.25,3049.5,812.0,636.0,858.0,623.0,888.0,677.0,839.0,693.0
moving,moving_frame_000218,moving_calib_camera,218,results/bus_real_data/ablation/moving_cam/fov/fov_100deg/raw_images/moving/frame_0218.png,14,0.17,537.0237639534591,537.0237639534591,640.0,360.0,True,1.653491016817521,1.5334145844997507,-0.8584068091907433,0.3940205098836572,0.7373613701836395,2.2533874979875175,2.4034785558715757,734.0,536.25,1322.5,749.0,519.0,759.0,551.0,718.0,554.0,710.0,521.0
moving,moving_frame_000198,moving_calib_camera,198,results/bus_real_data/ablation/moving_cam/fov/fov_100deg/raw_images/moving/frame_0198.png,14,0.17,537.0237639534591,537.0237639534591,640.0,360.0,True,1.4308799259319094,1.4263443277638352,-1.0438589486154781,0.5205088418388563,0.7414793084133308,3.9665472336537824,4.068687500416321,710.5,460.5,253.0,720.0,455.0,724.0,466.0,700.0,466.0,698.0,455.0
moving,moving_frame_000221,moving_calib_camera,221,results/bus_real_data/ablation/moving_cam/fov/fov_100deg/raw_images/moving/frame_0221.png,3,0.17,537.0237639534591,537.0237639534591,640.0,360.0,True,-1.961712833702523,-0.48860079922054983,1.9057003005034996,1.2294381229167477,0.7348297198029943,1.6469193154404373,2.1826213704528787,1042.0,600.25,2357.0,1032.0,558.0,1072.0,606.0,1050.0,643.0,1014.0,594.0
moving,moving_frame_000066,moving_calib_camera,66,results/bus_real_data/ablation/moving_cam/fov/fov_100deg/raw_images/moving/frame_0066.png,3,0.17,537.0237639534591,537.0237639534591,640.0,360.0,True,-2.417102188410019,-0.0814567947844763,0.2709385715747135,1.3603491348486665,0.46211276960578485,1.6380903570121879,2.178861628982566,1086.75,511.0,2295.0,1069.0,490.0,1134.0,500.0,1102.0,532.0,1042.0,522.0
moving,moving_frame_000080,moving_calib_camera,80,results/bus_real_data/ablation/moving_cam/fov/fov_100deg/raw_images/moving/frame_0080.png,3,0.17,537.0237639534591,537.0237639534591,640.0,360.0,True,-2.6358326623621346,0.1417736727098393,-0.6534631498002871,-0.17249260429628918,0.7197793201310161,1.7983734741247681,1.9447321462506788,588.0,574.75,1799.5,563.0,565.0,611.0,547.0,612.0,584.0,566.0,603.0
moving,moving_frame_000076,moving_calib_camera,76,results/bus_real_data/ablation/moving_cam/fov/fov_100deg/raw_images/moving/frame_0076.png,3,0.17,537.0237639534591,537.0237639534591,640.0,360.0,True,-2.4369265356325016,0.2008954771967687,-0.596219797107625,0.0790291419495883,0.2645388245326393,1.992343481905842,2.0113823467593357,661.0,431.0,1305.0,641.0,422.0,682.0,407.0,680.0,440.0,641.0,455.0
moving,moving_frame_000071,moving_calib_camera,71,results/bus_real_data/ablation/moving_cam/fov/fov_100deg/raw_images/moving/frame_0071.png,3,0.17,537.0237639534591,537.0237639534591,640.0,360.0,True,-2.414477313368482,0.08605678559289834,-0.20013206720770732,0.7204414186540625,0.19813956394952162,1.954427574236776,2.092386739456029,838.0,414.0,1342.0,821.0,401.0,866.0,395.0,854.0,427.0,811.0,433.0
moving,moving_frame_000068,moving_calib_camera,68,results/bus_real_data/ablation/moving_cam/fov/fov_100deg/raw_images/moving/frame_0068.png,3,0.17,537.0237639534591,537.0237639534591,640.0,360.0,True,-2.4274192204598277,-0.011575135519712933,0.07939479103600271,1.1370270981020383,0.3360398754743434,1.81390603363521,2.1670275767939304,977.0,459.0,1704.0,960.0,442.0,1014.0,444.0,992.0,476.0,942.0,474.0
moving,moving_frame_000069,moving_calib_camera,69,results/bus_real_data/ablation/moving_cam/fov/fov_100deg/raw_images/moving/frame_0069.png,3,0.17,537.0237639534591,537.0237639534591,640.0,360.0,True,-2.4510625860574446,0.006194988429591036,-0.044228300916638444,1.0027642751572956,0.28041169273917904,1.8712023982804395,2.1413933137765833,928.0,440.0,1567.0,912.0,424.0,961.0,423.0,943.0,456.0,896.0,457.0
moving,moving_frame_000065,moving_calib_camera,65,results/bus_real_data/ablation/moving_cam/fov/fov_100deg/raw_images/moving/frame_0065.png,3,0.17,537.0237639534591,537.0237639534591,640.0,360.0,True,-2.4258687674000883,-0.12471507093240476,0.35233385324230965,1.4738678132432657,0.5422207655000396,1.5573999074662135,2.211737814757822,1149.25,546.5,2724.5,1131.0,523.0,1203.0,538.0,1164.0,570.0,1099.0,555.0
moving,moving_frame_000067,moving_calib_camera,67,results/bus_real_data/ablation/moving_cam/fov/fov_100deg/raw_images/moving/frame_0067.png,3,0.17,537.0237639534591,537.0237639534591,640.0,360.0,True,-2.4318402500325575,-0.05040221995550321,0.16304147107925027,1.2507330915110129,0.39446960775901757,1.7257172183766702,2.16749612582075,1029.75,482.25,1971.0,1013.0,463.0,1071.0,469.0,1045.0,501.0,990.0,496.0
moving,moving_frame_000070,moving_calib_camera,70,results/bus_real_data/ablation/moving_cam/fov/fov_100deg/raw_images/moving/frame_0070.png,3,0.17,537.0237639534591,537.0237639534591,640.0,360.0,True,-2.4420078231200066,0.04726149241424189,-0.1169257175723231,0.8698808541437795,0.23653387812319085,1.9333026945251344,2.1331432873963374,881.75,425.25,1431.5,865.0,411.0,912.0,407.0,897.0,440.0,853.0,443.0
moving,moving_frame_000217,moving_calib_camera,217,results/bus_real_data/ablation/moving_cam/fov/fov_100deg/raw_images/moving/frame_0217.png,3,0.17,537.0237639534591,537.0237639534591,640.0,360.0,True,-2.039499927505054,-0.4947252033013227,1.7304513730024411,1.009813460680618,0.3321159915950129,2.1583565864418035,2.405935870193056,891.75,442.75,1052.5,885.0,413.0,909.0,440.0,898.0,473.0,875.0,445.0
moving,moving_frame_000222,moving_calib_camera,222,results/bus_real_data/ablation/moving_cam/fov/fov_100deg/raw_images/moving/frame_0222.png,3,0.17,537.0237639534591,537.0237639534591,640.0,360.0,True,-1.9694896048339212,-0.4511480701793321,1.9547633580186783,1.2176738649543177,0.8227784291974332,1.5089593963408836,2.106336261082457,1074.75,653.75,2972.5,1062.0,606.0,1109.0,662.0,1085.0,702.0,1043.0,645.0
moving,moving_frame_000080,moving_calib_camera,80,results/bus_real_data/ablation/moving_cam/fov/fov_100deg/raw_images/moving/frame_0080.png,7,0.17,537.0237639534591,537.0237639534591,640.0,360.0,True,-2.7137401909369583,-0.6933163286988613,1.4159748528759144,1.6478587321657965,-0.08971299332508847,2.1340406362431548,2.697705739973043,1055.5,337.5,2178.0,1043.0,311.0,1091.0,325.0,1067.0,365.0,1021.0,349.0
moving,moving_frame_000065,moving_calib_camera,65,results/bus_real_data/ablation/moving_cam/fov/fov_100deg/raw_images/moving/frame_0065.png,0,0.17,537.0237639534591,537.0237639534591,640.0,360.0,True,-2.3173295385596595,0.9167071269089648,-1.513848871226877,-1.3052839703919126,0.21485682454682065,1.3442252918117772,1.8859669492233622,116.0,446.25,6150.5,50.0,447.0,123.0,398.0,177.0,445.0,114.0,495.0
moving,moving_frame_000102,moving_calib_camera,102,results/bus_real_data/ablation/moving_cam/fov/fov_100deg/raw_images/moving/frame_0102.png,7,0.17,537.0237639534591,537.0237639534591,640.0,360.0,True,-3.0261130121340427,0.15840013714534196,-0.34902721711851353,-1.2559574798519784,0.207300796296722,1.402383602623068,1.8939594980483196,158.5,439.25,4940.0,114.0,412.0,191.0,403.0,202.0,466.0,127.0,476.0
moving,moving_frame_000101,moving_calib_camera,101,results/bus_real_data/ablation/moving_cam/fov/fov_100deg/raw_images/moving/frame_0101.png,7,0.17,537.0237639534591,537.0237639534591,640.0,360.0,True,-3.042272985538643,0.09940055734611954,-0.24077294589277046,-1.154158230613199,0.17100941487945714,1.4839400082962366,1.8876979073707318,222.0,421.75,4158.0,184.0,394.0,252.0,389.0,260.0,449.0,192.0,455.0
moving,moving_frame_000003,moving_calib_camera,3,results/bus_real_data/ablation/moving_cam/fov/fov_100deg/raw_images/moving/frame_0003.png,7,0.17,537.0237639534591,537.0237639534591,640.0,360.0,True,2.933194191530557,-0.0410895402885219,0.1380177118161248,-1.2175347722532284,-1.2485970630229006,6.605071320126154,6.831423913898784,541.0,258.5,182.0,534.0,252.0,548.0,252.0,548.0,265.0,534.0,265.0
moving,moving_frame_000045,moving_calib_camera,45,results/bus_real_data/ablation/moving_cam/fov/fov_100deg/raw_images/moving/frame_0045.png,0,0.17,537.0237639534591,537.0237639534591,640.0,360.0,True,-2.846261489882487,-0.20477303232077704,0.36707900219243705,0.6626744059165989,0.4664059231757757,1.074671867572008,1.345953742288743,972.25,592.5,7179.0,936.0,546.0,1032.0,568.0,1006.0,640.0,915.0,616.0
moving,moving_frame_000244,moving_calib_camera,244,results/bus_real_data/ablation/moving_cam/fov/fov_100deg/raw_images/moving/frame_0244.png,0,0.17,537.0237639534591,537.0237639534591,640.0,360.0,True,3.048545347924318,-0.0068639113385837855,-0.015988726822936138,0.4846082736492203,0.6592082810855572,1.3574208714294032,1.5849265468573654,831.75,621.0,4725.0,797.0,586.0,864.0,586.0,867.0,656.0,799.0,656.0
moving,moving_frame_000053,moving_calib_camera,53,results/bus_real_data/ablation/moving_cam/fov/fov_100deg/raw_images/moving/frame_0053.png,0,0.17,537.0237639534591,537.0237639534591,640.0,360.0,True,-2.800301531019302,0.26658363997672674,-0.43433346736568773,0.08273303524426007,0.03814600816226383,1.5615884504331001,1.564243702747591,668.0,372.75,3037.5,637.0,352.0,692.0,339.0,698.0,393.0,645.0,407.0
moving,moving_frame_000061,moving_calib_camera,61,results/bus_real_data/ablation/moving_cam/fov/fov_100deg/raw_images/moving/frame_0061.png,0,0.17,537.0237639534591,537.0237639534591,640.0,360.0,True,-2.5367525318879163,0.7049288930940442,-1.1584031489380753,-0.8544732048552438,0.040670648723353645,1.5584120330249729,1.7777588768334696,344.25,374.0,3661.5,300.0,365.0,356.0,334.0,386.0,382.0,335.0,415.0
moving,moving_frame_000060,moving_calib_camera,60,results/bus_real_data/ablation/moving_cam/fov/fov_100deg/raw_images/moving/frame_0060.png,0,0.17,537.0237639534591,537.0237639534591,640.0,360.0,True,-2.5766547471212813,0.6433827279326367,-1.0461572797868177,-0.736626831592205,0.01365091529812185,1.5958806236529834,1.7577372959179887,391.0,364.5,3360.0,350.0,354.0,404.0,326.0,430.0,374.0,380.0,404.0
moving,moving_frame_000063,moving_calib_camera,63,results/bus_real_data/ablation/moving_cam/fov/fov_100deg/raw_images/moving/frame_0063.png,0,0.17,537.0237639534591,537.0237639534591,640.0,360.0,True,-2.421486467669469,0.7889250538718853,-1.2743257987351961,-1.0848704917120728,0.11287888397296018,1.4638780586365137,1.8255477525367514,240.25,401.5,4596.0,187.0,397.0,250.0,358.0,290.0,405.0,234.0,446.0
moving,moving_frame_000058,moving_calib_camera,58,results/bus_real_data/ablation/moving_cam/fov/fov_100deg/raw_images/moving/frame_0058.png,0,0.17,537.0237639534591,537.0237639534591,640.0,360.0,True,-2.644077569809914,0.5272395451010453,-0.8812711656649796,-0.4898564346014972,-0.013032672930015308,1.6252007706800962,1.6974706837242788,477.25,355.5,3017.0,441.0,342.0,493.0,319.0,512.0,368.0,463.0,393.0
moving,moving_frame_000059,moving_calib_camera,59,results/bus_real_data/ablation/moving_cam/fov/fov_100deg/raw_images/moving/frame_0059.png,0,0.17,537.0237639534591,537.0237639534591,640.0,360.0,True,-2.6472761885093186,0.6087670338887289,-1.0100918803132224,-0.6132274584610168,-0.004258909741703522,1.6162882280328092,1.7287144617316603,435.25,358.5,3162.0,397.0,346.0,449.0,321.0,472.0,370.0,423.0,397.0
moving,moving_frame_000242,moving_calib_camera,242,results/bus_real_data/ablation/moving_cam/fov/fov_100deg/raw_images/moving/frame_0242.png,0,0.17,537.0237639534591,537.0237639534591,640.0,360.0,True,3.059247976991387,-0.001682209842926229,-0.0051783224360831505,0.48608569889115577,0.5900517148589702,1.5893635700165303,1.7636657536421705,804.25,559.5,3392.5,775.0,530.0,832.0,530.0,834.0,589.0,776.0,589.0
moving,moving_frame_000054,moving_calib_camera,54,results/bus_real_data/ablation/moving_cam/fov/fov_100deg/raw_images/moving/frame_0054.png,0,0.17,537.0237639534591,537.0237639534591,640.0,360.0,True,-2.794590491948754,0.33267706698673727,-0.575087516920097,-0.023342471735067517,0.014106229950310852,1.5814258845237,1.5816610524861767,631.5,364.5,2968.0,600.0,345.0,653.0,330.0,662.0,383.0,611.0,400.0
moving,moving_frame_000062,moving_calib_camera,62,results/bus_real_data/ablation/moving_cam/fov/fov_100deg/raw_images/moving/frame_0062.png,0,0.17,537.0237639534591,537.0237639534591,640.0,360.0,True,-2.4693336518853966,0.7361808602499035,-1.2266110862202535,-0.9738940382711797,0.07273138646662225,1.5181838839554147,1.8051708389677281,294.0,385.75,4029.5,246.0,379.0,305.0,344.0,339.0,392.0,286.0,428.0
moving,moving_frame_000064,moving_calib_camera,64,results/bus_real_data/ablation/moving_cam/fov/fov_100deg/raw_images/moving/frame_0064.png,0,0.17,537.0237639534591,537.0237639534591,640.0,360.0,True,-2.3918715520191807,0.8584589918416456,-1.3861860646095148,-1.1992781197575364,0.16087747454792495,1.4103155436275971,1.8582624957049785,181.25,421.5,5270.0,122.0,419.0,190.0,376.0,236.0,423.0,177.0,468.0
moving,moving_frame_000056,moving_calib_camera,56,results/bus_real_data/ablation/moving_cam/fov/fov_100deg/raw_images/moving/frame_0056.png,0,0.17,537.0237639534591,537.0237639534591,640.0,360.0,True,-2.7328491072035734,0.4272531011080593,-0.6798790181569591,-0.2506064174016821,-0.013581458575693183,1.6249180653460589,1.6441857411946887,556.5,355.25,2919.0,523.0,339.0,575.0,320.0,589.0,371.0,539.0,391.0
moving,moving_frame_000240,moving_calib_camera,240,results/bus_real_data/ablation/moving_cam/fov/fov_100deg/raw_images/moving/frame_0240.png,0,0.17,537.0237639534591,537.0237639534591,640.0,360.0,True,3.064197562010217,0.00123423725801881,0.005049756037071276,0.48747898513017984,0.5211303482516743,1.824279845809397,1.9588796687491599,783.5,513.5,2550.0,758.0,488.0,808.0,488.0,809.0,539.0,759.0,539.0
moving,moving_frame_000057,moving_calib_camera,57,results/bus_real_data/ablation/moving_cam/fov/fov_100deg/raw_images/moving/frame_0057.png,0,0.17,537.0237639534591,537.0237639534591,640.0,360.0,True,-2.6972123890542483,0.4928285459705362,-0.8245311245598327,-0.36830293362113087,-0.017564785865517515,1.6252254732236304,1.6665273509400937,517.5,354.0,2946.0,483.0,339.0,534.0,318.0,551.0,368.0,502.0,391.0
moving,moving_frame_000239,moving_calib_camera,239,results/bus_real_data/ablation/moving_cam/fov/fov_100deg/raw_images/moving/frame_0239.png,0,0.17,537.0237639534591,537.0237639534591,640.0,360.0,True,3.0935308846814493,-0.016597105282861905,-0.07358833201354209,0.4933404568436041,0.491515982594464,1.9631998428739312,2.0830569820733866,775.0,494.5,2209.0,751.0,471.0,798.0,471.0,799.0,518.0,752.0,518.0
moving,moving_frame_000055,moving_calib_camera,55,results/bus_real_data/ablation/moving_cam/fov/fov_100deg/raw_images/moving/frame_0055.png,0,0.17,537.0237639534591,537.0237639534591,640.0,360.0,True,-2.770838631272622,0.3790070218679612,-0.6022910295243155,-0.13559280603907176,-0.0029142206345277796,1.6127436264489128,1.618436253419654,594.25,358.75,2922.5,562.0,341.0,614.0,324.0,626.0,376.0,575.0,394.0
moving,moving_frame_000237,moving_calib_camera,237,results/bus_real_data/ablation/moving_cam/fov/fov_100deg/raw_images/moving/frame_0237.png,0,0.17,537.0237639534591,537.0237639534591,640.0,360.0,True,3.024620815462116,0.006797969225489044,0.05186403655766729,0.48384010761525814,0.4110813643076324,2.155834455217632,2.2473787700611734,760.5,462.5,1806.0,739.0,441.0,781.0,441.0,782.0,484.0,740.0,484.0
moving,moving_frame_000236,moving_calib_camera,236,results/bus_real_data/ablation/moving_cam/fov/fov_100deg/raw_images/moving/frame_0236.png,0,0.17,537.0237639534591,537.0237639534591,640.0,360.0,True,3.041168106532834,-0.011248950593870165,-0.09756495969209342,0.4920006936124659,0.3822780449372886,2.308544523549925,2.3911459602810896,754.5,449.0,1600.0,734.0,429.0,774.0,429.0,775.0,469.0,735.0,469.0
moving,moving_frame_000235,moving_calib_camera,235,results/bus_real_data/ablation/moving_cam/fov/fov_100deg/raw_images/moving/frame_0235.png,0,0.17,537.0237639534591,537.0237639534591,640.0,360.0,True,3.0144047420561044,-0.0070128242550637244,-0.08809376457204468,0.49462729651491893,0.3475716425194386,2.426716199786198,2.500882588896585,749.5,437.0,1444.0,730.0,418.0,768.0,418.0,769.0,456.0,731.0,456.0
moving,moving_frame_000231,moving_calib_camera,231,results/bus_real_data/ablation/moving_cam/fov/fov_100deg/raw_images/moving/frame_0231.png,0,0.17,537.0237639534591,537.0237639534591,640.0,360.0,True,-3.1416015951843317,1.0583685620443175e-07,1.458262871998942e-06,0.48875002735371537,0.20718750688788254,2.8529388645477756,2.9019068587905825,732.0,399.0,1024.0,716.0,383.0,748.0,383.0,748.0,415.0,716.0,415.0
moving,moving_frame_000232,moving_calib_camera,232,results/bus_real_data/ablation/moving_cam/fov/fov_100deg/raw_images/moving/frame_0232.png,0,0.17,537.0237639534591,537.0237639534591,640.0,360.0,True,2.960144227479469,-0.0007549414620111646,-0.2692461985323024,0.493014103491125,0.24437685826022437,2.767820749926767,2.8219877141510494,735.75,407.5,1105.5,719.0,391.0,752.0,391.0,753.0,424.0,719.0,424.0
moving,moving_frame_000224,moving_calib_camera,224,results/bus_real_data/ablation/moving_cam/fov/fov_100deg/raw_images/moving/frame_0224.png,0,0.17,537.0237639534591,537.0237639534591,640.0,360.0,True,3.1425054915242225,1.248950402735543e-07,-1.0406531065497775e-06,0.49300006424383785,-0.4386000400637155,3.651762003678982,3.7109008057346204,712.5,295.5,625.0,700.0,283.0,725.0,283.0,725.0,308.0,700.0,308.0
moving,moving_frame_000233,moving_calib_camera,233,results/bus_real_data/ablation/moving_cam/fov/fov_100deg/raw_images/moving/frame_0233.png,0,0.17,537.0237639534591,537.0237639534591,640.0,360.0,True,3.058166231771318,0.004284195234536522,0.0669169386174986,0.4871111525287944,0.2756131684989029,2.6218362352641416,2.6809075213651035,739.75,416.5,1207.5,722.0,399.0,757.0,399.0,757.0,434.0,723.0,434.0
moving,moving_frame_000227,moving_calib_camera,227,results/bus_real_data/ablation/moving_cam/fov/fov_100deg/raw_images/moving/frame_0227.png,0,0.17,537.0237639534591,537.0237639534591,640.0,360.0,True,-3.0949685936193143,-1.0076353900433557e-08,0.45817497833835225,0.49993648489885156,-0.022009783799903936,3.381260653074875,3.4180907716952555,719.5,356.5,729.0,706.0,343.0,733.0,343.0,733.0,370.0,706.0,370.0
moving,moving_frame_000225,moving_calib_camera,225,results/bus_real_data/ablation/moving_cam/fov/fov_100deg/raw_images/moving/frame_0225.png,0,0.17,537.0237639534591,537.0237639534591,640.0,360.0,True,-2.9473877461566644,1.0021633642557073e-15,0.4116281124355974,0.48982472646075026,-0.29389484110273484,3.5113092187776527,3.557470290831967,715.0,315.0,676.0,702.0,302.0,728.0,302.0,728.0,328.0,702.0,328.0
moving,moving_frame_000229,moving_calib_camera,229,results/bus_real_data/ablation/moving_cam/fov/fov_100deg/raw_images/moving/frame_0229.png,0,0.17,537.0237639534591,537.0237639534591,640.0,360.0,True,-3.0344058006825105,0.03125403684351918,0.35586163292923395,0.4953596579927566,0.13688986844472759,3.1238563459304065,3.165848779847071,725.25,383.5,855.5,710.0,369.0,740.0,369.0,740.0,398.0,711.0,398.0
moving,moving_frame_000223,moving_calib_camera,223,results/bus_real_data/ablation/moving_cam/fov/fov_100deg/raw_images/moving/frame_0223.png,0,0.17,537.0237639534591,537.0237639534591,640.0,360.0,True,-2.805885775017707,2.5648041182540407e-16,0.3709666220220095,0.5024349562510253,-0.6015066425508195,3.8039185154707367,3.883818636166836,711.0,275.0,576.0,699.0,263.0,723.0,263.0,723.0,287.0,699.0,287.0
moving,moving_frame_000196,moving_calib_camera,196,results/bus_real_data/ablation/moving_cam/fov/fov_100deg/raw_images/moving/frame_0196.png,0,0.17,537.0237639534591,537.0237639534591,640.0,360.0,True,-3.1414832208332295,1.9031871485201672e-07,-1.3808598051489236e-06,0.4978572267001605,-0.8985715633463172,6.521003974089882,6.601422990744363,681.0,286.0,196.0,674.0,279.0,688.0,279.0,688.0,293.0,674.0,293.0
moving,moving_frame_000197,moving_calib_camera,197,results/bus_real_data/ablation/moving_cam/fov/fov_100deg/raw_images/moving/frame_0197.png,0,0.17,537.0237639534591,537.0237639534591,640.0,360.0,True,2.879088089852749,0.01992287372700577,-0.07341628440599893,0.5113127008249911,-0.8829878661232671,6.538522404198283,6.617656947889394,682.0,287.5,182.0,675.0,281.0,689.0,281.0,689.0,294.0,675.0,294.0
moving,moving_frame_000102,moving_calib_camera,102,results/bus_real_data/ablation/moving_cam/fov/fov_100deg/raw_images/moving/frame_0102.png,6,0.17,537.0237639534591,537.0237639534591,640.0,360.0,True,-3.044145769060607,0.15512759695542128,-0.3396455416306583,-0.8269488708137548,0.15767754994080507,1.4961540052563564,1.7167362791471834,342.75,416.5,4058.0,305.0,390.0,372.0,383.0,380.0,442.0,314.0,451.0
moving,moving_frame_000045,moving_calib_camera,45,results/bus_real_data/ablation/moving_cam/fov/fov_100deg/raw_images/moving/frame_0045.png,1,0.17,537.0237639534591,537.0237639534591,640.0,360.0,True,0.3660147245773013,-2.6990540462627166,1.314677189075167,-0.3939350959904749,0.11130875377400101,0.7877375048865842,0.8877527105701717,369.5,439.5,9925.0,385.0,494.0,279.0,467.0,360.0,389.0,454.0,408.0
moving,moving_frame_000108,moving_calib_camera,108,results/bus_real_data/ablation/moving_cam/fov/fov_100deg/raw_images/moving/frame_0108.png,6,0.17,537.0237639534591,537.0237639534591,640.0,360.0,True,-3.016264116688917,0.13437866614094654,-0.3176001862719109,-0.6560103555727681,0.4205262546037818,0.9711706662294861,1.2451362898793121,276.25,592.25,9502.0,216.0,556.0,322.0,540.0,335.0,627.0,232.0,646.0
moving,moving_frame_000107,moving_calib_camera,107,results/bus_real_data/ablation/moving_cam/fov/fov_100deg/raw_images/moving/frame_0107.png,6,0.17,537.0237639534591,537.0237639534591,640.0,360.0,True,-3.0281049539089415,0.15504713945969642,-0.34181644959240987,-0.6991597399428374,0.3718864185745822,1.0640431644304158,1.326390480231315,286.25,547.5,8047.0,231.0,514.0,328.0,499.0,340.0,580.0,246.0,597.0
moving,moving_frame_000103,moving_calib_camera,103,results/bus_real_data/ablation/moving_cam/fov/fov_100deg/raw_images/moving/frame_0103.png,6,0.17,537.0237639534591,537.0237639534591,640.0,360.0,True,-2.970966116134555,0.19762627012484937,-0.4762247907975832,-0.9152197923356824,0.18172811779700615,1.421387579899283,1.7002926305118637,293.5,428.5,4682.0,250.0,403.0,324.0,392.0,336.0,453.0,264.0,466.0
moving,moving_frame_000105,moving_calib_camera,105,results/bus_real_data/ablation/moving_cam/fov/fov_100deg/raw_images/moving/frame_0105.png,6,0.17,537.0237639534591,537.0237639534591,640.0,360.0,True,-3.0100582409261194,0.17962606843082168,-0.39384100613790535,-0.7994114162793383,0.2749699436334125,1.2470632845724208,1.5065968001121115,295.0,478.25,5956.5,247.0,449.0,330.0,437.0,342.0,506.0,261.0,521.0
moving,moving_frame_000084,moving_calib_camera,84,results/bus_real_data/ablation/moving_cam/fov/fov_100deg/raw_images/moving/frame_0084.png,6,0.17,537.0237639534591,537.0237639534591,640.0,360.0,True,2.5816845973891867,0.4851822878254464,-1.4587431420544115,1.5923888463450186,0.46423516716575725,1.5859082801973317,2.294846749043582,1181.0,517.75,4702.5,1153.0,479.0,1231.0,503.0,1208.0,559.0,1132.0,530.0
moving,moving_frame_000104,moving_calib_camera,104,results/bus_real_data/ablation/moving_cam/fov/fov_100deg/raw_images/moving/frame_0104.png,6,0.17,537.0237639534591,537.0237639534591,640.0,360.0,True,-3.00509048595753,0.19317485554251745,-0.3956113559229584,-0.8493307138134373,0.2257866806019809,1.3265498157303848,1.5912500432610903,295.5,451.25,5283.0,250.0,424.0,328.0,412.0,340.0,478.0,264.0,491.0
moving,moving_frame_000083,moving_calib_camera,83,results/bus_real_data/ablation/moving_cam/fov/fov_100deg/raw_images/moving/frame_0083.png,6,0.17,537.0237639534591,537.0237639534591,640.0,360.0,True,2.6127416657206832,0.5477876306552877,-1.4265958630260764,1.6503462481230617,0.37310193086279975,1.6349107743160403,2.3528240540852368,1183.75,483.0,4412.0,1158.0,446.0,1234.0,469.0,1208.0,522.0,1135.0,495.0
moving,moving_frame_000096,moving_calib_camera,96,results/bus_real_data/ablation/moving_cam/fov/fov_100deg/raw_images/moving/frame_0096.png,6,0.17,537.0237639534591,537.0237639534591,640.0,360.0,True,3.114701988656141,0.15003229996943693,-0.26950194233009217,-0.14364552414401804,0.12233691630828734,1.7649754496627759,1.7750320266436739,596.5,397.25,2602.5,574.0,369.0,624.0,374.0,619.0,426.0,569.0,420.0
moving,moving_frame_000106,moving_calib_camera,106,results/bus_real_data/ablation/moving_cam/fov/fov_100deg/raw_images/moving/frame_0106.png,6,0.17,537.0237639534591,537.0237639534591,640.0,360.0,True,-3.0011630796393125,0.15845554850919505,-0.37087769026382345,-0.7447616970830556,0.32195867285901464,1.1528809199340782,1.4097736655290514,292.25,509.75,6877.5,241.0,479.0,330.0,465.0,343.0,540.0,255.0,555.0
moving,moving_frame_000099,moving_calib_camera,99,results/bus_real_data/ablation/moving_cam/fov/fov_100deg/raw_images/moving/frame_0099.png,6,0.17,537.0237639534591,537.0237639534591,640.0,360.0,True,-3.064153484638384,-0.0057902576144433,-0.052843918728665486,-0.5118004114847234,0.11895249968251839,1.6764211615903901,1.7568372916706672,476.0,398.0,2970.0,448.0,371.0,503.0,371.0,504.0,425.0,449.0,425.0
moving,moving_frame_000098,moving_calib_camera,98,results/bus_real_data/ablation/moving_cam/fov/fov_100deg/raw_images/moving/frame_0098.png,6,0.17,537.0237639534591,537.0237639534591,640.0,360.0,True,-3.0978285871703983,-0.046162917593173335,0.12768519320334054,-0.3859849710446036,0.11303643964235968,1.6837189821446608,1.7310896121788661,517.0,396.0,2864.0,491.0,368.0,544.0,370.0,543.0,424.0,490.0,422.0
moving,moving_frame_000100,moving_calib_camera,100,results/bus_real_data/ablation/moving_cam/fov/fov_100deg/raw_images/moving/frame_0100.png,6,0.17,537.0237639534591,537.0237639534591,640.0,360.0,True,-3.062878218702005,0.04059289028668859,-0.11937765443409891,-0.6206941853678276,0.12664737507070148,1.6151400102497626,1.7349288406362184,433.5,402.0,3254.0,403.0,375.0,461.0,373.0,464.0,429.0,406.0,431.0
moving,moving_frame_000094,moving_calib_camera,94,results/bus_real_data/ablation/moving_cam/fov/fov_100deg/raw_images/moving/frame_0094.png,6,0.17,537.0237639534591,537.0237639534591,640.0,360.0,True,-3.0447328237692766,-0.24798514655776155,0.5680377046334716,0.1114799555466262,0.14723089539663656,1.7573608385041573,1.7670375869675234,674.5,405.0,2579.0,654.0,375.0,703.0,384.0,695.0,436.0,646.0,425.0
moving,moving_frame_000006,moving_calib_camera,6,results/bus_real_data/ablation/moving_cam/fov/fov_100deg/raw_images/moving/frame_0006.png,6,0.17,537.0237639534591,537.0237639534591,640.0,360.0,True,-3.1414889698421797,-4.187833377958628e-07,1.8062393588891042e-06,-1.3656665839438213,-1.4109998942115363,6.0862688660080995,6.395204033438282,519.5,235.5,225.0,512.0,228.0,527.0,228.0,527.0,243.0,512.0,243.0
moving,moving_frame_000005,moving_calib_camera,5,results/bus_real_data/ablation/moving_cam/fov/fov_100deg/raw_images/moving/frame_0005.png,6,0.17,537.0237639534591,537.0237639534591,640.0,360.0,True,2.9583721894038613,-0.0386899898852329,0.1229772631130929,-1.152660362857388,-1.3422174798787285,6.159800651168293,6.4088468336767,539.5,243.0,210.0,532.0,236.0,547.0,236.0,547.0,250.0,532.0,250.0
moving,moving_frame_000004,moving_calib_camera,4,results/bus_real_data/ablation/moving_cam/fov/fov_100deg/raw_images/moving/frame_0004.png,6,0.17,537.0237639534591,537.0237639534591,640.0,360.0,True,2.9317353552504137,-0.034488364852358816,0.10953772344471863,-0.9918149790629727,-1.341112106214836,6.576217027823203,6.784460850440624,559.0,250.5,182.0,552.0,244.0,566.0,244.0,566.0,257.0,552.0,257.0
moving,moving_frame_000034,moving_calib_camera,34,results/bus_real_data/ablation/moving_cam/fov/fov_100deg/raw_images/moving/frame_0034.png,1,0.17,537.0237639534591,537.0237639534591,640.0,360.0,True,1.326244427975502,-2.030617756371771,1.0587164292583198,-0.2436091726745899,0.20244838812966992,0.71234926946305,0.7795974990801604,454.5,517.75,13642.0,392.0,591.0,384.0,487.0,506.0,452.0,536.0,541.0
moving,moving_frame_000038,moving_calib_camera,38,results/bus_real_data/ablation/moving_cam/fov/fov_100deg/raw_images/moving/frame_0038.png,1,0.17,537.0237639534591,537.0237639534591,640.0,360.0,True,1.0249358520323912,-2.2962138644603916,1.1781776663996721,-0.2552288290739494,0.18041991818147687,0.7234386090302438,0.7880713946735308,448.75,498.75,12828.0,416.0,575.0,363.0,490.0,477.0,432.0,539.0,498.0
moving,moving_frame_000031,moving_calib_camera,31,results/bus_real_data/ablation/moving_cam/fov/fov_100deg/raw_images/moving/frame_0031.png,1,0.17,537.0237639534591,537.0237639534591,640.0,360.0,True,1.5178272554792773,-1.8032703040290474,0.9431287663505915,-0.2487838243429892,0.20242196781777755,0.7299333123940134,0.7972895865696736,455.25,513.75,12748.5,377.0,574.0,403.0,471.0,521.0,457.0,520.0,553.0
moving,moving_frame_000030,moving_calib_camera,30,results/bus_real_data/ablation/moving_cam/fov/fov_100deg/raw_images/moving/frame_0030.png,1,0.17,537.0237639534591,537.0237639534591,640.0,360.0,True,1.56098275998692,-1.72589191916226,0.9149743770325771,-0.2492427955115837,0.19800067713461644,0.739150952842446,0.8047797029921242,457.25,508.5,12142.5,376.0,563.0,411.0,464.0,526.0,456.0,516.0,551.0
moving,moving_frame_000037,moving_calib_camera,37,results/bus_real_data/ablation/moving_cam/fov/fov_100deg/raw_images/moving/frame_0037.png,1,0.17,537.0237639534591,537.0237639534591,640.0,360.0,True,1.110804044966792,-2.2405319481663395,1.1471442969952415,-0.24966231904073433,0.18881106306839815,0.7200433422962903,0.785139036012749,452.0,505.75,13210.0,412.0,583.0,369.0,491.0,486.0,438.0,541.0,511.0
moving,moving_frame_000029,moving_calib_camera,29,results/bus_real_data/ablation/moving_cam/fov/fov_100deg/raw_images/moving/frame_0029.png,1,0.17,537.0237639534591,537.0237639534591,640.0,360.0,True,1.6199813757176325,-1.6474565459180135,0.8828148074451069,-0.24888336219505205,0.19183388365725493,0.7502908007346977,0.8134368153480961,460.25,501.75,11623.5,377.0,550.0,420.0,455.0,532.0,454.0,512.0,548.0
moving,moving_frame_000035,moving_calib_camera,35,results/bus_real_data/ablation/moving_cam/fov/fov_100deg/raw_images/moving/frame_0035.png,1,0.17,537.0237639534591,537.0237639534591,640.0,360.0,True,1.2533354734415587,-2.1031985677944256,1.0744257499858487,-0.24488971261388753,0.20016659759158173,0.7157527314803863,0.7825213164873763,454.5,515.25,13489.5,399.0,591.0,380.0,490.0,500.0,448.0,539.0,532.0
moving,moving_frame_000039,moving_calib_camera,39,results/bus_real_data/ablation/moving_cam/fov/fov_100deg/raw_images/moving/frame_0039.png,1,0.17,537.0237639534591,537.0237639534591,640.0,360.0,True,0.9542410528866506,-2.3680821411042894,1.1964458565016558,-0.26658034139516285,0.1728109428249705,0.7369813926788054,0.8025398890604805,444.0,490.5,12343.0,419.0,565.0,357.0,487.0,466.0,425.0,534.0,485.0
moving,moving_frame_000033,moving_calib_camera,33,results/bus_real_data/ablation/moving_cam/fov/fov_100deg/raw_images/moving/frame_0033.png,1,0.17,537.0237639534591,537.0237639534591,640.0,360.0,True,1.3909915655079979,-1.958146249699649,1.0280169217286614,-0.2446756784000581,0.2043497410271959,0.7163967072108802,0.7841232341673102,454.75,518.25,13443.0,386.0,588.0,390.0,483.0,511.0,455.0,532.0,547.0
moving,moving_frame_000036,moving_calib_camera,36,results/bus_real_data/ablation/moving_cam/fov/fov_100deg/raw_images/moving/frame_0036.png,1,0.17,537.0237639534591,537.0237639534591,640.0,360.0,True,1.1796043510571237,-2.165797237256516,1.127481290882511,-0.24546329090124377,0.194603575494626,0.7148132936818308,0.7804363033583385,453.75,511.25,13388.0,406.0,588.0,374.0,491.0,494.0,444.0,541.0,522.0
moving,moving_frame_000042,moving_calib_camera,42,results/bus_real_data/ablation/moving_cam/fov/fov_100deg/raw_images/moving/frame_0042.png,1,0.17,537.0237639534591,537.0237639534591,640.0,360.0,True,0.6690944034015819,-2.5490959319608084,1.2680119513329127,-0.3120008775645512,0.14192785583256923,0.7608427566146386,0.8344877255869273,418.0,464.25,11068.5,416.0,530.0,327.0,478.0,423.0,405.0,506.0,444.0
moving,moving_frame_000047,moving_calib_camera,47,results/bus_real_data/ablation/moving_cam/fov/fov_100deg/raw_images/moving/frame_0047.png,1,0.17,537.0237639534591,537.0237639534591,640.0,360.0,True,0.1637008039870324,-2.7830162391227535,1.3416486086021462,-0.4652948614997619,0.0943116982278661,0.796923217650995,0.9276209459644181,324.25,427.0,9552.0,350.0,474.0,233.0,462.0,307.0,382.0,407.0,390.0
moving,moving_frame_000051,moving_calib_camera,51,results/bus_real_data/ablation/moving_cam/fov/fov_100deg/raw_images/moving/frame_0051.png,1,0.17,537.0237639534591,537.0237639534591,640.0,360.0,True,0.2689054491624178,2.7662719295799785,-1.2769668716872344,-0.6521549327738108,0.08572826828043459,0.7901464978486124,1.0280986724950105,193.75,421.75,9913.0,239.0,454.0,99.0,473.0,160.0,387.0,277.0,373.0
moving,moving_frame_000025,moving_calib_camera,25,results/bus_real_data/ablation/moving_cam/fov/fov_100deg/raw_images/moving/frame_0025.png,1,0.17,537.0237639534591,537.0237639534591,640.0,360.0,True,1.790856032149778,-1.3250739949564603,0.7429916102422077,-0.2304434014856543,0.1540538770753398,0.8299608929526034,0.87502676653969,489.75,463.0,8490.0,409.0,486.0,472.0,417.0,564.0,436.0,514.0,513.0
moving,moving_frame_000049,moving_calib_camera,49,results/bus_real_data/ablation/moving_cam/fov/fov_100deg/raw_images/moving/frame_0049.png,1,0.17,537.0237639534591,537.0237639534591,640.0,360.0,True,0.054408722451841,2.813362037811712,-1.3413894644254647,-0.5514493636445389,0.0856451295005888,0.7984127557847022,0.9741121175054039,266.5,421.0,9505.0,302.0,460.0,174.0,464.0,241.0,381.0,349.0,379.0
moving,moving_frame_000044,moving_calib_camera,44,results/bus_real_data/ablation/moving_cam/fov/fov_100deg/raw_images/moving/frame_0044.png,1,0.17,537.0237639534591,537.0237639534591,640.0,360.0,True,0.4834138043981129,-2.6528649914411275,1.2995983463129022,-0.36200423328878095,0.12022988311122117,0.7780574043187356,0.866530792371018,388.25,446.75,10350.5,398.0,506.0,297.0,469.0,384.0,393.0,474.0,419.0
moving,moving_frame_000046,moving_calib_camera,46,results/bus_real_data/ablation/moving_cam/fov/fov_100deg/raw_images/moving/frame_0046.png,1,0.17,537.0237639534591,537.0237639534591,640.0,360.0,True,0.2730186188432159,-2.7472002309483843,1.3271620450603552,-0.4287115067896918,0.10293628161829456,0.7954186774846953,0.9094395563305956,348.5,433.0,9718.0,369.0,484.0,258.0,464.0,335.0,385.0,432.0,399.0
moving,moving_frame_000021,moving_calib_camera,21,results/bus_real_data/ablation/moving_cam/fov/fov_100deg/raw_images/moving/frame_0021.png,1,0.17,537.0237639534591,537.0237639534591,640.0,360.0,True,1.9236718535617159,-1.001954348460653,0.5754865914480968,-0.1596777036376743,0.10204271249733439,0.9454725032313507,0.9642758622818323,548.75,420.25,5762.0,479.0,425.0,547.0,381.0,617.0,411.0,552.0,464.0
moving,moving_frame_000041,moving_calib_camera,41,results/bus_real_data/ablation/moving_cam/fov/fov_100deg/raw_images/moving/frame_0041.png,1,0.17,537.0237639534591,537.0237639534591,640.0,360.0,True,0.7658027691818905,-2.4793388805554937,1.2506357577410023,-0.29160931974828147,0.15166896178681458,0.747592884164239,0.8166606331803627,428.75,473.25,11538.0,419.0,543.0,338.0,481.0,440.0,412.0,518.0,457.0
moving,moving_frame_000052,moving_calib_camera,52,results/bus_real_data/ablation/moving_cam/fov/fov_100deg/raw_images/moving/frame_0052.png,1,0.17,537.0237639534591,537.0237639534591,640.0,360.0,True,0.3755591618602951,2.717844808130369,-1.2608505733767494,-0.7044390385688121,0.0900962624968117,0.7787159962755265,1.0539213910112235,150.75,425.75,10305.0,202.0,454.0,53.0,481.0,112.0,394.0,236.0,374.0
moving,moving_frame_000245,moving_calib_camera,245,results/bus_real_data/ablation/moving_cam/fov/fov_100deg/raw_images/moving/frame_0245.png,1,0.17,537.0237639534591,537.0237639534591,640.0,360.0,True,-0.004572808301960422,2.5333961624146264,-1.8542005171285854,-0.5295054328600574,0.34305704753282146,0.8158885881355473,1.031376909543776,288.0,589.75,9018.5,315.0,630.0,191.0,629.0,272.0,550.0,374.0,550.0
moving,moving_frame_000024,moving_calib_camera,24,results/bus_real_data/ablation/moving_cam/fov/fov_100deg/raw_images/moving/frame_0024.png,1,0.17,537.0237639534591,537.0237639534591,640.0,360.0,True,1.835137651753083,-1.2431835393500368,0.7054137172988255,-0.21951610320364842,0.14218017436848238,0.8604420549046647,0.8993125437787071,502.0,451.75,7701.5,424.0,469.0,489.0,407.0,575.0,430.0,520.0,501.0
moving,moving_frame_000050,moving_calib_camera,50,results/bus_real_data/ablation/moving_cam/fov/fov_100deg/raw_images/moving/frame_0050.png,1,0.17,537.0237639534591,537.0237639534591,640.0,360.0,True,0.16256995375190658,2.787881380405163,-1.3107709672638708,-0.6009909758144345,0.0842979488382428,0.7964940605696788,1.0013486334496573,232.0,420.25,9644.0,272.0,456.0,139.0,467.0,202.0,383.0,315.0,375.0
moving,moving_frame_000048,moving_calib_camera,48,results/bus_real_data/ablation/moving_cam/fov/fov_100deg/raw_images/moving/frame_0048.png,1,0.17,537.0237639534591,537.0237639534591,640.0,360.0,True,0.04658380801279754,-2.8228894215520097,1.3548534723856192,-0.5066200631090082,0.08856805215975691,0.7981539986928448,0.9495040778413363,296.75,423.0,9488.5,328.0,466.0,205.0,462.0,275.0,381.0,379.0,383.0
moving,moving_frame_000032,moving_calib_camera,32,results/bus_real_data/ablation/moving_cam/fov/fov_100deg/raw_images/moving/frame_0032.png,1,0.17,537.0237639534591,537.0237639534591,640.0,360.0,True,1.4481958199331062,-1.8739243201227158,0.9878429922171468,-0.24647719858791914,0.20329106110594297,0.7204938756074729,0.7881558790856067,454.5,516.5,13089.0,380.0,581.0,396.0,478.0,516.0,456.0,526.0,551.0
moving,moving_frame_000243,moving_calib_camera,243,results/bus_real_data/ablation/moving_cam/fov/fov_100deg/raw_images/moving/frame_0243.png,1,0.17,537.0237639534591,537.0237639534591,640.0,360.0,True,0.0030929155318016803,2.5378989845406297,-1.8430793258140763,-0.5317320624755238,0.274008044184166,1.0465200845041,1.2054143195650926,365.5,502.5,4312.0,392.0,527.0,297.0,527.0,346.0,478.0,427.0,478.0
moving,moving_frame_000040,moving_calib_camera,40,results/bus_real_data/ablation/moving_cam/fov/fov_100deg/raw_images/moving/frame_0040.png,1,0.17,537.0237639534591,537.0237639534591,640.0,360.0,True,0.8537582725883117,-2.408829740128906,1.2264743917048817,-0.2766277215369175,0.16230327025870073,0.7399669635669123,0.806483945921933,437.5,482.25,11837.5,420.0,554.0,348.0,485.0,455.0,419.0,527.0,471.0
moving,moving_frame_000023,moving_calib_camera,23,results/bus_real_data/ablation/moving_cam/fov/fov_100deg/raw_images/moving/frame_0023.png,1,0.17,537.0237639534591,537.0237639534591,640.0,360.0,True,1.8650083772066823,-1.1670430192371604,0.6486925889614311,-0.2042595745549865,0.12919934787361023,0.8868569603839109,0.9192005839150343,515.5,441.0,7014.0,440.0,454.0,507.0,398.0,587.0,423.0,528.0,489.0
moving,moving_frame_000028,moving_calib_camera,28,results/bus_real_data/ablation/moving_cam/fov/fov_100deg/raw_images/moving/frame_0028.png,1,0.17,537.0237639534591,537.0237639534591,640.0,360.0,True,1.667409141336157,-1.5684939249387793,0.8500911907750582,-0.2479395032194769,0.1841130446618565,0.7674547786913328,0.8272596012181076,465.0,493.0,10854.0,381.0,534.0,431.0,446.0,538.0,450.0,510.0,542.0
moving,moving_frame_000016,moving_calib_camera,16,results/bus_real_data/ablation/moving_cam/fov/fov_100deg/raw_images/moving/frame_0016.png,1,0.17,537.0237639534591,537.0237639534591,640.0,360.0,True,2.0249913419610728,-0.568202139428987,0.34262699046086176,0.03725943327002316,0.039501572679794414,1.100312633911652,1.1016517289767114,658.25,380.75,3630.0,602.0,372.0,669.0,352.0,717.0,387.0,645.0,412.0
moving,moving_frame_000026,moving_calib_camera,26,results/bus_real_data/ablation/moving_cam/fov/fov_100deg/raw_images/moving/frame_0026.png,1,0.17,537.0237639534591,537.0237639534591,640.0,360.0,True,1.7493926021494122,-1.4039804262907503,0.7736382339953319,-0.23933802710098878,0.16517419625131452,0.8071316654240484,0.8579200030620917,479.5,473.5,9231.0,397.0,502.0,457.0,427.0,554.0,441.0,510.0,524.0
moving,moving_frame_000027,moving_calib_camera,27,results/bus_real_data/ablation/moving_cam/fov/fov_100deg/raw_images/moving/frame_0027.png,1,0.17,537.0237639534591,537.0237639534591,640.0,360.0,True,1.7085892342463984,-1.479797949784422,0.8296053294573388,-0.24458187585914185,0.17586234073676166,0.7862213993037354,0.8419572112710438,471.5,484.0,10006.0,388.0,518.0,443.0,437.0,546.0,447.0,509.0,534.0
moving,moving_frame_000022,moving_calib_camera,22,results/bus_real_data/ablation/moving_cam/fov/fov_100deg/raw_images/moving/frame_0022.png,1,0.17,537.0237639534591,537.0237639534591,640.0,360.0,True,1.9003058886800126,-1.078305897192566,0.6159358763851035,-0.18474867652367713,0.11568349408113246,0.9202464081344551,0.9457104186612496,531.5,430.0,6303.0,459.0,438.0,527.0,389.0,601.0,417.0,539.0,476.0
moving,moving_frame_000043,moving_calib_camera,43,results/bus_real_data/ablation/moving_cam/fov/fov_100deg/raw_images/moving/frame_0043.png,1,0.17,537.0237639534591,537.0237639534591,640.0,360.0,True,0.5717813746905319,-2.602938997834621,1.276678961531249,-0.3372897112537326,0.13106353818678637,0.7725227679817216,0.8530729320578672,403.75,455.0,10617.5,408.0,518.0,313.0,473.0,404.0,399.0,490.0,430.0
moving,moving_frame_000015,moving_calib_camera,15,results/bus_real_data/ablation/moving_cam/fov/fov_100deg/raw_images/moving/frame_0015.png,1,0.17,537.0237639534591,537.0237639534591,640.0,360.0,True,2.035774619066202,-0.48229031831164854,0.29558501439527723,0.0925999254312411,0.030012914171408316,1.1219239280728557,1.1261388997762922,684.5,375.75,3402.0,630.0,365.0,697.0,349.0,742.0,384.0,669.0,405.0
moving,moving_frame_000014,moving_calib_camera,14,results/bus_real_data/ablation/moving_cam/fov/fov_100deg/raw_images/moving/frame_0014.png,1,0.17,537.0237639534591,537.0237639534591,640.0,360.0,True,2.042801271318749,-0.4031269921696634,0.24709243816089038,0.1533414257344049,0.022890520421561006,1.1483390503131792,1.158758017553969,712.0,372.0,3175.0,659.0,360.0,726.0,347.0,768.0,382.0,695.0,399.0
moving,moving_frame_000017,moving_calib_camera,17,results/bus_real_data/ablation/moving_cam/fov/fov_100deg/raw_images/moving/frame_0017.png,1,0.17,537.0237639534591,537.0237639534591,640.0,360.0,True,2.011274374419266,-0.6560162469667203,0.3789275760208956,-0.01238656624253959,0.05010623480542224,1.0699579591762058,1.071202173352056,633.75,386.75,3967.5,575.0,380.0,643.0,356.0,694.0,390.0,623.0,421.0
moving,moving_frame_000241,moving_calib_camera,241,results/bus_real_data/ablation/moving_cam/fov/fov_100deg/raw_images/moving/frame_0241.png,1,0.17,537.0237639534591,537.0237639534591,640.0,360.0,True,0.004660096932788451,2.517734406833496,-1.8694245758557422,-0.5295508763600525,0.20295621565071803,1.2677489583566601,1.388813442309426,414.75,447.0,2320.0,439.0,463.0,362.0,463.0,395.0,431.0,463.0,431.0
moving,moving_frame_000020,moving_calib_camera,20,results/bus_real_data/ablation/moving_cam/fov/fov_100deg/raw_images/moving/frame_0020.png,1,0.17,537.0237639534591,537.0237639534591,640.0,360.0,True,1.9434183653877242,-0.9225658089717813,0.5434927498888128,-0.13118598729195255,0.08860652993633737,0.9775583232545503,0.9902934695197031,567.5,410.75,5183.5,501.0,412.0,568.0,374.0,634.0,405.0,567.0,452.0
moving,moving_frame_000019,moving_calib_camera,19,results/bus_real_data/ablation/moving_cam/fov/fov_100deg/raw_images/moving/frame_0019.png,1,0.17,537.0237639534591,537.0237639534591,640.0,360.0,True,1.9703559202362924,-0.8431054909873954,0.4960869051566622,-0.09773695378278152,0.07497527647180387,1.010282042501191,1.0177640245249089,587.75,401.75,4732.5,524.0,400.0,591.0,367.0,652.0,399.0,584.0,441.0
moving,moving_frame_000018,moving_calib_camera,18,results/bus_real_data/ablation/moving_cam/fov/fov_100deg/raw_images/moving/frame_0018.png,1,0.17,537.0237639534591,537.0237639534591,640.0,360.0,True,1.9961782447784282,-0.7307223296040147,0.4265596459706849,-0.05743527181864518,0.06215135032437506,1.0422791249576597,1.0457090298541607,610.25,393.75,4291.5,549.0,389.0,618.0,361.0,672.0,395.0,602.0,430.0
moving,moving_frame_000246,moving_calib_camera,246,results/bus_real_data/ablation/moving_cam/fov/fov_100deg/raw_images/moving/frame_0246.png,1,0.17,537.0237639534591,537.0237639534591,640.0,360.0,True,-0.00836409377240182,2.521703977442182,-1.854835905234106,-0.5280393644999198,0.37726344201031714,0.7014924688810887,0.9556385085563663,230.25,655.0,14272.0,257.0,709.0,109.0,708.0,219.0,601.0,336.0,602.0
moving,moving_frame_000013,moving_calib_camera,13,results/bus_real_data/ablation/moving_cam/fov/fov_100deg/raw_images/moving/frame_0013.png,1,0.17,537.0237639534591,537.0237639534591,640.0,360.0,True,2.0259211257943943,-0.36517676318708325,0.22319576890390036,0.1426623167854828,-0.0069804703933751865,1.2302874517613736,1.2385509588058976,702.5,358.0,2540.0,654.0,347.0,718.0,337.0,754.0,367.0,684.0,381.0
moving,moving_frame_000012,moving_calib_camera,12,results/bus_real_data/ablation/moving_cam/fov/fov_100deg/raw_images/moving/frame_0012.png,1,0.17,537.0237639534591,537.0237639534591,640.0,360.0,True,2.027172494605743,-0.3380564188478588,0.217004461670291,0.142015111356363,-0.03383389464565736,1.3361381635156562,1.3440901072039195,697.25,347.25,2052.0,653.0,337.0,713.0,329.0,744.0,356.0,679.0,367.0
moving,moving_frame_000011,moving_calib_camera,11,results/bus_real_data/ablation/moving_cam/fov/fov_100deg/raw_images/moving/frame_0011.png,1,0.17,537.0237639534591,537.0237639534591,640.0,360.0,True,2.00956297883117,-0.29965498745247304,0.18624592128109774,0.14727471002064058,-0.05888058061119287,1.4420039032093321,1.4507005272818108,695.0,338.75,1625.5,655.0,330.0,711.0,323.0,738.0,347.0,676.0,355.0
moving,moving_frame_000010,moving_calib_camera,10,results/bus_real_data/ablation/moving_cam/fov/fov_100deg/raw_images/moving/frame_0010.png,1,0.17,537.0237639534591,537.0237639534591,640.0,360.0,True,2.000493242391201,-0.2667568852203686,0.16985615696601733,0.16113295254168242,-0.08025037171901865,1.5353049387474214,1.5458218543862239,696.5,332.5,1358.0,659.0,324.0,713.0,319.0,736.0,340.0,678.0,347.0
static,cam_edge_1,cam_edge_1,static,results/bus_real_data/ablation/moving_cam/fov/fov_100deg/raw_images/static/cam_edge_1.png,1,0.17,929.5935668945312,930.330078125,655.2582397460938,353.51751708984375,True,1.8177279223165173,-0.40559962786139664,0.27661057119007787,0.6289509691951304,0.2537478273033637,2.3893291801085814,2.4837192297904807,900.25,452.75,1692.5,853.0,447.0,905.0,436.0,949.0,458.0,894.0,470.0
moving,moving_frame_000009,moving_calib_camera,9,results/bus_real_data/ablation/moving_cam/fov/fov_100deg/raw_images/moving/frame_0009.png,1,0.17,537.0237639534591,537.0237639534591,640.0,360.0,True,1.981565207105926,-0.2426178193375031,0.14665529519687864,0.18180998769392395,-0.09983387834579889,1.6516188872272048,1.6645920291580334,699.25,328.0,1090.0,665.0,321.0,715.0,316.0,736.0,335.0,681.0,340.0
moving,moving_frame_000007,moving_calib_camera,7,results/bus_real_data/ablation/moving_cam/fov/fov_100deg/raw_images/moving/frame_0007.png,1,0.17,537.0237639534591,537.0237639534591,640.0,360.0,True,1.954500271241571,-0.1589525601649221,0.10949870193803185,0.24306961433092816,-0.12547495420974958,1.8418073297351778,1.8620099466466742,711.0,323.75,779.0,681.0,317.0,727.0,315.0,743.0,330.0,693.0,333.0
moving,moving_frame_000226,moving_calib_camera,226,results/bus_real_data/ablation/moving_cam/fov/fov_100deg/raw_images/moving/frame_0226.png,1,0.17,537.0237639534591,537.0237639534591,640.0,360.0,True,0.028066153451252688,2.5366728914428354,-1.8224542418085237,-0.5498951845746641,-0.4904578604344856,3.0078423000302372,3.0967804133860644,541.75,272.5,152.5,555.0,275.0,524.0,275.0,529.0,270.0,559.0,270.0
moving,moving_frame_000108,moving_calib_camera,108,results/bus_real_data/ablation/moving_cam/fov/fov_100deg/raw_images/moving/frame_0108.png,5,0.17,537.0237639534591,537.0237639534591,640.0,360.0,True,-3.039056061251478,0.13496307878351152,-0.29605507022110367,0.8211936115864868,0.5447127939696683,1.3199036235604864,1.6471844314201134,973.75,581.5,3945.0,943.0,554.0,1003.0,543.0,1004.0,608.0,945.0,621.0
moving,moving_frame_000083,moving_calib_camera,83,results/bus_real_data/ablation/moving_cam/fov/fov_100deg/raw_images/moving/frame_0083.png,4,0.17,537.0237639534591,537.0237639534591,640.0,360.0,True,-2.7819570421306783,0.09851492280894193,-0.6705957671442092,0.1784290760694417,-0.24456253936264738,1.4709947321126466,1.5018233160893653,704.5,270.25,3243.0,679.0,240.0,732.0,238.0,729.0,299.0,678.0,304.0
moving,moving_frame_000024,moving_calib_camera,24,results/bus_real_data/ablation/moving_cam/fov/fov_100deg/raw_images/moving/frame_0024.png,2,0.17,537.0237639534591,537.0237639534591,640.0,360.0,True,-2.488597137628123,0.7590099439538542,-1.528002447618183,-1.30339519284296,0.37963308730936374,1.50964141560247,2.030265380044787,174.5,495.5,4648.0,121.0,492.0,188.0,452.0,225.0,498.0,164.0,540.0
moving,moving_frame_000095,moving_calib_camera,95,results/bus_real_data/ablation/moving_cam/fov/fov_100deg/raw_images/moving/frame_0095.png,5,0.17,537.0237639534591,537.0237639534591,640.0,360.0,True,-3.0733436902151854,-0.1854750554479768,0.48126408882198823,1.3777516541070198,0.6021600103825264,1.3677529690923875,2.032620102960599,1181.75,596.5,5606.0,1145.0,556.0,1229.0,572.0,1218.0,638.0,1135.0,620.0
moving,moving_frame_000109,moving_calib_camera,109,results/bus_real_data/ablation/moving_cam/fov/fov_100deg/raw_images/moving/frame_0109.png,5,0.17,537.0237639534591,537.0237639534591,640.0,360.0,True,-3.0381042172195967,0.12818510800358954,-0.2461281094394877,0.8598066527613912,0.6083021903953917,1.1958317956641902,1.593522111077854,1025.75,633.0,4794.5,992.0,603.0,1059.0,591.0,1059.0,662.0,993.0,676.0
moving,moving_frame_000097,moving_calib_camera,97,results/bus_real_data/ablation/moving_cam/fov/fov_100deg/raw_images/moving/frame_0097.png,5,0.17,537.0237639534591,537.0237639534591,640.0,360.0,True,-3.071891921759888,-0.08878539351035973,0.23707379902552075,1.1985792389220782,0.4959870870167918,1.5501808436158904,2.021300578928355,1055.5,531.75,3776.5,1026.0,500.0,1091.0,506.0,1085.0,564.0,1020.0,557.0
moving,moving_frame_000000,moving_calib_camera,0,results/bus_real_data/ablation/moving_cam/fov/fov_100deg/raw_images/moving/frame_0000.png,5,0.17,537.0237639534591,537.0237639534591,640.0,360.0,True,-2.8508071660424603,2.2258466706061326e-14,0.4326452626089479,1.0654693874561538,-0.9216636673180183,7.0226205989768316,7.16253370033496,721.5,289.5,169.0,715.0,283.0,728.0,283.0,728.0,296.0,715.0,296.0
moving,moving_frame_000001,moving_calib_camera,1,results/bus_real_data/ablation/moving_cam/fov/fov_100deg/raw_images/moving/frame_0001.png,5,0.17,537.0237639534591,537.0237639534591,640.0,360.0,True,-2.8508071660424603,2.2258466706061326e-14,0.4326452626089479,1.0654693874561538,-0.9216636673180183,7.0226205989768316,7.16253370033496,721.5,289.5,169.0,715.0,283.0,728.0,283.0,728.0,296.0,715.0,296.0
moving,moving_frame_000002,moving_calib_camera,2,results/bus_real_data/ablation/moving_cam/fov/fov_100deg/raw_images/moving/frame_0002.png,5,0.17,537.0237639534591,537.0237639534591,640.0,360.0,True,-2.8508071660424603,2.2258466706061326e-14,0.4326452626089479,1.0654693874561538,-0.9216636673180183,7.0226205989768316,7.16253370033496,721.5,289.5,169.0,715.0,283.0,728.0,283.0,728.0,296.0,715.0,296.0
moving,moving_frame_000091,moving_calib_camera,91,results/bus_real_data/ablation/moving_cam/fov/fov_100deg/raw_images/moving/frame_0091.png,4,0.17,537.0237639534591,537.0237639534591,640.0,360.0,True,-2.5324621332087016,0.21501530648568956,-1.2141920851343901,-0.7947172035590971,-0.14991745193328748,1.001961766682971,1.287624967885223,210.25,278.75,10370.0,140.0,238.0,255.0,229.0,276.0,314.0,170.0,334.0
moving,moving_frame_000089,moving_calib_camera,89,results/bus_real_data/ablation/moving_cam/fov/fov_100deg/raw_images/moving/frame_0089.png,4,0.17,537.0237639534591,537.0237639534591,640.0,360.0,True,-2.6387495266826844,0.17424029744483263,-1.100155153373166,-0.5436909117159925,-0.1576076824749811,1.1893349216821432,1.31717787143209,392.5,288.25,6071.5,347.0,253.0,427.0,247.0,436.0,320.0,360.0,333.0
moving,moving_frame_000090,moving_calib_camera,90,results/bus_real_data/ablation/moving_cam/fov/fov_100deg/raw_images/moving/frame_0090.png,4,0.17,537.0237639534591,537.0237639534591,640.0,360.0,True,-2.606127584528713,0.20723187989499656,-1.1936602959052343,-0.6736331731475441,-0.1584837182954783,1.1003330477617512,1.299858283401023,308.5,282.0,7740.0,253.0,244.0,347.0,237.0,361.0,316.0,273.0,331.0
moving,moving_frame_000216,moving_calib_camera,216,results/bus_real_data/ablation/moving_cam/fov/fov_100deg/raw_images/moving/frame_0216.png,4,0.17,537.0237639534591,537.0237639534591,640.0,360.0,True,-2.0812575262838773,-0.49264741103630516,1.631685747691359,0.9878333573197692,-0.4555549334151088,1.0626353863569713,1.5207034568023186,1143.0,128.25,8652.5,1119.0,77.0,1212.0,87.0,1160.0,185.0,1081.0,164.0
moving,moving_frame_000215,moving_calib_camera,215,results/bus_real_data/ablation/moving_cam/fov/fov_100deg/raw_images/moving/frame_0215.png,4,0.17,537.0237639534591,537.0237639534591,640.0,360.0,True,-2.1256835212563043,-0.47009231786112116,1.5433216816238677,0.8833165233646257,-0.538620667545319,1.166902762552015,1.559494264563823,1049.25,110.75,6532.0,1028.0,64.0,1104.0,72.0,1066.0,162.0,999.0,145.0
moving,moving_frame_000086,moving_calib_camera,86,results/bus_real_data/ablation/moving_cam/fov/fov_100deg/raw_images/moving/frame_0086.png,4,0.17,537.0237639534591,537.0237639534591,640.0,360.0,True,-2.8044262389802657,0.08903406139250092,-0.8128893358017667,-0.10667503241382235,-0.11072295794866781,1.394793680743147,1.403242155794362,598.0,317.0,3775.0,568.0,286.0,627.0,283.0,627.0,346.0,570.0,353.0
moving,moving_frame_000088,moving_calib_camera,88,results/bus_real_data/ablation/moving_cam/fov/fov_100deg/raw_images/moving/frame_0088.png,4,0.17,537.0237639534591,537.0237639534591,640.0,360.0,True,-2.700351637525027,0.12910306920867334,-0.9815385822268321,-0.4099336684592162,-0.15010511644008045,1.2796911238850976,1.3521044823046129,466.5,296.5,4941.0,428.0,263.0,499.0,259.0,503.0,327.0,436.0,337.0
moving,moving_frame_000082,moving_calib_camera,82,results/bus_real_data/ablation/moving_cam/fov/fov_100deg/raw_images/moving/frame_0082.png,4,0.17,537.0237639534591,537.0237639534591,640.0,360.0,True,-2.7342011650026574,0.11531457286808534,-0.6451664735980847,0.2434379508134061,-0.33385188146306927,1.5102317767320683,1.565732778638795,726.0,240.75,3064.5,702.0,211.0,753.0,209.0,749.0,269.0,700.0,274.0
moving,moving_frame_000085,moving_calib_camera,85,results/bus_real_data/ablation/moving_cam/fov/fov_100deg/raw_images/moving/frame_0085.png,4,0.17,537.0237639534591,537.0237639534591,640.0,360.0,True,-2.834111035974194,0.06773026872923502,-0.6942007254341341,0.05224489166268018,-0.08302033574176362,1.420673405926797,1.424055768275655,659.0,328.25,3551.5,631.0,298.0,688.0,295.0,686.0,357.0,631.0,363.0
moving,moving_frame_000079,moving_calib_camera,79,results/bus_real_data/ablation/moving_cam/fov/fov_100deg/raw_images/moving/frame_0079.png,4,0.17,537.0237639534591,537.0237639534591,640.0,360.0,True,-2.5831100836656,0.15842795282922248,-0.6191808785055092,0.42932991882185867,-0.5969523573842924,1.512668092381918,1.6819158878768576,792.0,147.25,3003.5,772.0,116.0,820.0,114.0,811.0,177.0,765.0,182.0
moving,moving_frame_000078,moving_calib_camera,78,results/bus_real_data/ablation/moving_cam/fov/fov_100deg/raw_images/moving/frame_0078.png,4,0.17,537.0237639534591,537.0237639534591,640.0,360.0,True,-2.5342996490813126,0.17130165068096864,-0.6038764597511138,0.4960954249121862,-0.696093499408826,1.5236866401799658,1.7470769324792026,814.5,113.75,2978.0,796.0,82.0,843.0,80.0,832.0,144.0,787.0,149.0
moving,moving_frame_000214,moving_calib_camera,214,results/bus_real_data/ablation/moving_cam/fov/fov_100deg/raw_images/moving/frame_0214.png,4,0.17,537.0237639534591,537.0237639534591,640.0,360.0,True,-2.1673664479685013,-0.4500483729701966,1.447390332791084,0.7700188972823679,-0.6234323691663302,1.2705156587081712,1.6111508495851514,967.5,95.25,5112.0,948.0,52.0,1012.0,59.0,984.0,142.0,926.0,128.0
static,cam_edge_0,cam_edge_0,static,results/bus_real_data/ablation/moving_cam/fov/fov_100deg/raw_images/static/cam_edge_0.png,4,0.17,929.03515625,929.0380859375,636.6603393554688,365.6862487792969,True,-2.77058332398758,-0.04372985369397898,0.01296888827582298,0.07244981948858947,-0.519982893561705,2.486406114159564,2.5412293384247704,663.75,171.0,4069.0,633.0,138.0,697.0,140.0,694.0,204.0,631.0,202.0
moving,moving_frame_000087,moving_calib_camera,87,results/bus_real_data/ablation/moving_cam/fov/fov_100deg/raw_images/moving/frame_0087.png,4,0.17,537.0237639534591,537.0237639534591,640.0,360.0,True,-2.7631764544494093,0.11716586671315332,-0.9171682824263301,-0.26044556120227697,-0.13348117833816148,1.3375150146931762,1.3691586941805542,534.25,306.0,4271.0,501.0,274.0,564.0,270.0,567.0,336.0,505.0,344.0
moving,moving_frame_000213,moving_calib_camera,213,results/bus_real_data/ablation/moving_cam/fov/fov_100deg/raw_images/moving/frame_0213.png,4,0.17,537.0237639534591,537.0237639534591,640.0,360.0,True,-2.158870802141668,-0.4411502287922786,1.5243784519728973,0.7979628167054702,-0.6132281821488249,1.3538337708797936,1.6869082190210236,958.25,115.75,4210.0,940.0,76.0,998.0,82.0,973.0,159.0,922.0,146.0
moving,moving_frame_000212,moving_calib_camera,212,results/bus_real_data/ablation/moving_cam/fov/fov_100deg/raw_images/moving/frame_0212.png,4,0.17,537.0237639534591,537.0237639534591,640.0,360.0,True,-2.1601492664218935,-0.43739690316646734,1.6049886768670458,0.8329787527365504,-0.597476139359502,1.435970525528521,1.7643249955156024,953.0,135.75,3518.0,937.0,99.0,988.0,104.0,967.0,176.0,920.0,164.0
moving,moving_frame_000081,moving_calib_camera,81,results/bus_real_data/ablation/moving_cam/fov/fov_100deg/raw_images/moving/frame_0081.png,4,0.17,537.0237639534591,537.0237639534591,640.0,360.0,True,-2.6683675710688286,0.13796615893878814,-0.6463997120656332,0.305512372830724,-0.42004740998616935,1.5153337655715862,1.6018782905296243,747.75,210.5,2989.0,725.0,181.0,775.0,178.0,769.0,239.0,722.0,244.0
moving,moving_frame_000209,moving_calib_camera,209,results/bus_real_data/ablation/moving_cam/fov/fov_100deg/raw_images/moving/frame_0209.png,4,0.17,537.0237639534591,537.0237639534591,640.0,360.0,True,-2.1224433711576958,-0.38592846292511507,1.8316123777452455,0.991566596280791,-0.5147795693684575,1.682334445502075,2.01951764201797,957.5,195.25,2175.0,945.0,165.0,983.0,169.0,969.0,228.0,933.0,219.0
moving,moving_frame_000210,moving_calib_camera,210,results/bus_real_data/ablation/moving_cam/fov/fov_100deg/raw_images/moving/frame_0210.png,4,0.17,537.0237639534591,537.0237639534591,640.0,360.0,True,-2.1224433711576958,-0.38592846292511507,1.8316123777452455,0.991566596280791,-0.5147795693684575,1.682334445502075,2.01951764201797,957.5,195.25,2175.0,945.0,165.0,983.0,169.0,969.0,228.0,933.0,219.0
moving,moving_frame_000077,moving_calib_camera,77,results/bus_real_data/ablation/moving_cam/fov/fov_100deg/raw_images/moving/frame_0077.png,4,0.17,537.0237639534591,537.0237639534591,640.0,360.0,True,-2.474264521033717,0.1927611307774931,-0.6012959795108819,0.5561098369948823,-0.7841622527411001,1.5042608423502848,1.7852084671698316,838.25,79.0,3044.0,821.0,46.0,868.0,44.0,854.0,110.0,810.0,116.0
moving,moving_frame_000211,moving_calib_camera,211,results/bus_real_data/ablation/moving_cam/fov/fov_100deg/raw_images/moving/frame_0211.png,4,0.17,537.0237639534591,537.0237639534591,640.0,360.0,True,-2.1376810475503274,-0.40137433749957185,1.7548100651389074,0.9287304137753034,-0.5482719095918672,1.6004429838871346,1.9299119184543925,952.75,175.5,2531.5,939.0,143.0,981.0,148.0,965.0,210.0,926.0,201.0
moving,moving_frame_000208,moving_calib_camera,208,results/bus_real_data/ablation/moving_cam/fov/fov_100deg/raw_images/moving/frame_0208.png,4,0.17,537.0237639534591,537.0237639534591,640.0,360.0,True,-2.115035699744153,-0.36096166797013746,1.8883612427277312,1.0692809294718355,-0.47998275526156914,1.7756780238621563,2.127622521949712,964.25,214.5,1897.5,952.0,186.0,988.0,190.0,975.0,245.0,942.0,237.0
moving,moving_frame_000203,moving_calib_camera,203,results/bus_real_data/ablation/moving_cam/fov/fov_100deg/raw_images/moving/frame_0203.png,4,0.17,537.0237639534591,537.0237639534591,640.0,360.0,True,-2.0799607884322002,-0.32393009082436697,2.0625996439101186,1.221458730745817,-0.46760965274468597,2.1916926492455744,2.5522807226111066,939.75,245.25,982.5,932.0,223.0,955.0,225.0,947.0,269.0,925.0,264.0
moving,moving_frame_000204,moving_calib_camera,204,results/bus_real_data/ablation/moving_cam/fov/fov_100deg/raw_images/moving/frame_0204.png,4,0.17,537.0237639534591,537.0237639534591,640.0,360.0,True,-2.0558260036328417,-0.31172720054547637,2.05077413160563,1.2179343788235193,-0.4357387964386141,2.0881230188737017,2.4563163867450433,953.75,247.75,1124.0,945.0,224.0,970.0,227.0,962.0,273.0,938.0,267.0
moving,moving_frame_000207,moving_calib_camera,207,results/bus_real_data/ablation/moving_cam/fov/fov_100deg/raw_images/moving/frame_0207.png,4,0.17,537.0237639534591,537.0237639534591,640.0,360.0,True,-2.090478404843142,-0.34567293614134775,1.9798531323175725,1.1470537635312623,-0.4339759215233443,1.849900065240366,2.219503928419497,973.75,233.75,1648.5,963.0,207.0,995.0,210.0,984.0,263.0,953.0,255.0
moving,moving_frame_000205,moving_calib_camera,205,results/bus_real_data/ablation/moving_cam/fov/fov_100deg/raw_images/moving/frame_0205.png,4,0.17,537.0237639534591,537.0237639534591,640.0,360.0,True,-2.0590637375335796,-0.3065831139769146,2.0367933872204294,1.2328589149352833,-0.41033298813642916,2.0160211831565027,2.398469444504999,969.0,250.5,1282.0,959.0,226.0,987.0,229.0,978.0,277.0,952.0,270.0
moving,moving_frame_000206,moving_calib_camera,206,results/bus_real_data/ablation/moving_cam/fov/fov_100deg/raw_images/moving/frame_0206.png,4,0.17,537.0237639534591,537.0237639534591,640.0,360.0,True,-2.061912346877031,-0.3084814657129365,2.037190346528358,1.2277763872866532,-0.378809365882007,1.909468034153863,2.301521141835115,986.0,253.25,1504.5,975.0,227.0,1006.0,231.0,996.0,281.0,967.0,274.0
moving,moving_frame_000201,moving_calib_camera,201,results/bus_real_data/ablation/moving_cam/fov/fov_100deg/raw_images/moving/frame_0201.png,4,0.17,537.0237639534591,537.0237639534591,640.0,360.0,True,-2.0661664823028216,-0.33716855353655945,2.056485038674109,1.2391775985255788,-0.5346201943369084,2.4207114518368424,2.771502084779026,915.25,241.25,735.0,909.0,221.0,928.0,223.0,921.0,263.0,903.0,258.0
moving,moving_frame_000200,moving_calib_camera,200,results/bus_real_data/ablation/moving_cam/fov/fov_100deg/raw_images/moving/frame_0200.png,4,0.17,537.0237639534591,537.0237639534591,640.0,360.0,True,-2.074777473089207,-0.316622809552013,2.0451017087669543,1.2398504937334427,-0.5653985731200036,2.52264419920972,2.8671655949916195,904.25,239.5,664.0,898.0,220.0,916.0,222.0,910.0,260.0,893.0,256.0
moving,moving_frame_000202,moving_calib_camera,202,results/bus_real_data/ablation/moving_cam/fov/fov_100deg/raw_images/moving/frame_0202.png,4,0.17,537.0237639534591,537.0237639534591,640.0,360.0,True,-2.050368642367584,-0.30551879881641963,2.0651635007126683,1.2281849716399265,-0.4996085107412876,2.301226007686198,2.655878033159402,927.0,243.25,831.0,920.0,222.0,940.0,224.0,934.0,266.0,914.0,261.0
moving,moving_frame_000199,moving_calib_camera,199,results/bus_real_data/ablation/moving_cam/fov/fov_100deg/raw_images/moving/frame_0199.png,4,0.17,537.0237639534591,537.0237639534591,640.0,360.0,True,-2.0755756214895507,-0.31255763693891364,2.0558027446366602,1.2469601379570256,-0.6014456196170238,2.6340259324541715,2.9756913535935436,894.5,237.25,580.5,889.0,219.0,905.0,220.0,900.0,257.0,884.0,253.0
static,cam_edge_3,cam_edge_3,static,results/bus_real_data/ablation/moving_cam/fov/fov_100deg/raw_images/static/cam_edge_3.png,2,0.17,919.951171875,920.0068969726562,661.20947265625,356.6334228515625,True,3.0251617645737485,0.24030818223459788,-0.6928314323958941,0.5978966659043521,0.5728787794241534,2.4685440948907864,2.6037243455162877,884.5,570.25,4092.5,858.0,532.0,921.0,546.0,911.0,610.0,848.0,593.0
moving,moving_frame_000008,moving_calib_camera,8,results/bus_real_data/ablation/moving_cam/fov/fov_100deg/raw_images/moving/frame_0008.png,2,0.17,537.0237639534591,537.0237639534591,640.0,360.0,True,-3.095583567601975,0.10064835908323186,0.3895651783233853,-0.026015652030011827,-0.06213914481539121,3.036934182670669,3.0376812402460036,635.5,349.0,874.0,620.0,335.0,649.0,333.0,651.0,363.0,622.0,365.0
moving,moving_frame_000091,moving_calib_camera,91,results/bus_real_data/ablation/moving_cam/fov/fov_100deg/raw_images/moving/frame_0091.png,8,0.17,537.0237639534591,537.0237639534591,640.0,360.0,True,2.9490800482202695,0.3471311195209445,-0.905396685932622,1.78965583301071,0.22149420389842606,1.7216775237845707,2.4932110177228934,1199.25,429.25,3981.0,1169.0,397.0,1243.0,410.0,1229.0,463.0,1156.0,447.0
moving,moving_frame_000113,moving_calib_camera,113,results/bus_real_data/ablation/moving_cam/fov/fov_100deg/raw_images/moving/frame_0113.png,8,0.17,537.0237639534591,537.0237639534591,640.0,360.0,True,-3.0442672972699594,0.07030470206708207,-0.14401018535717142,0.4361461448109392,0.2640793880918896,1.1769938401252824,1.2826830795411976,838.75,480.25,5627.5,801.0,445.0,876.0,440.0,876.0,515.0,802.0,521.0
moving,moving_frame_000115,moving_calib_camera,115,results/bus_real_data/ablation/moving_cam/fov/fov_100deg/raw_images/moving/frame_0115.png,8,0.17,537.0237639534591,537.0237639534591,640.0,360.0,True,-3.0344164988210025,0.04717022575757353,-0.054202623411174544,0.4897152231945523,0.38872683012908776,0.9481106378559848,1.135712696902866,917.25,579.75,8635.5,871.0,536.0,966.0,532.0,963.0,623.0,869.0,628.0
moving,moving_frame_000112,moving_calib_camera,112,results/bus_real_data/ablation/moving_cam/fov/fov_100deg/raw_images/moving/frame_0112.png,8,0.17,537.0237639534591,537.0237639534591,640.0,360.0,True,-3.0362374778399253,0.08902791466175826,-0.15324972649205412,0.4049638363300712,0.20363995377796018,1.3024837639714315,1.3791043814443655,806.75,443.75,4632.0,772.0,412.0,840.0,407.0,841.0,475.0,774.0,481.0
moving,moving_frame_000114,moving_calib_camera,114,results/bus_real_data/ablation/moving_cam/fov/fov_100deg/raw_images/moving/frame_0114.png,8,0.17,537.0237639534591,537.0237639534591,640.0,360.0,True,-3.057384575033588,0.05116568586189021,-0.11331936517252918,0.46823166225408963,0.32759998278989055,1.0677960576842211,1.2110949835034117,875.25,524.5,6845.0,834.0,485.0,917.0,481.0,916.0,563.0,834.0,569.0
moving,moving_frame_000110,moving_calib_camera,110,results/bus_real_data/ablation/moving_cam/fov/fov_100deg/raw_images/moving/frame_0110.png,8,0.17,537.0237639534591,537.0237639534591,640.0,360.0,True,-3.002566880626988,0.11850484043481285,-0.1866690360305665,0.32069985132323275,0.07971657467325027,1.5315877093024755,1.566832485686579,752.25,387.75,3377.5,722.0,361.0,780.0,356.0,782.0,414.0,725.0,420.0
moving,moving_frame_000111,moving_calib_camera,111,results/bus_real_data/ablation/moving_cam/fov/fov_100deg/raw_images/moving/frame_0111.png,8,0.17,537.0237639534591,537.0237639534591,640.0,360.0,True,-3.0273345567825043,0.10074809126624178,-0.19314593125369695,0.36315212974902555,0.140389708992988,1.4107804254750702,1.4635197807464062,778.0,413.25,3948.0,746.0,384.0,808.0,379.0,810.0,442.0,748.0,448.0
moving,moving_frame_000093,moving_calib_camera,93,results/bus_real_data/ablation/moving_cam/fov/fov_100deg/raw_images/moving/frame_0093.png,8,0.17,537.0237639534591,537.0237639534591,640.0,360.0,True,3.014539360608318,0.3060000197258151,-0.7354298150874602,1.4839013478647392,0.08127630756810958,1.863582614926274,2.3835916619719377,1068.25,383.5,3009.0,1043.0,355.0,1104.0,364.0,1093.0,413.0,1033.0,402.0
moving,moving_frame_000092,moving_calib_camera,92,results/bus_real_data/ablation/moving_cam/fov/fov_100deg/raw_images/moving/frame_0092.png,8,0.17,537.0237639534591,537.0237639534591,640.0,360.0,True,2.9545778705146595,0.34024625898750877,-0.8109049589693771,1.6510466363245606,0.1516240955641772,1.8151713921008374,2.458412504925809,1129.25,405.0,3347.5,1102.0,375.0,1168.0,386.0,1156.0,436.0,1091.0,423.0
moving,moving_frame_000116,moving_calib_camera,116,results/bus_real_data/ablation/moving_cam/fov/fov_100deg/raw_images/moving/frame_0116.png,8,0.17,537.0237639534591,537.0237639534591,640.0,360.0,True,-3.043207192330468,0.02396984064951048,-0.04288488456103393,0.5076480577201937,0.4513922363358836,0.8308366318518347,1.0731966317307824,968.0,651.25,11160.5,916.0,601.0,1025.0,598.0,1019.0,701.0,912.0,705.0
moving,moving_frame_000116,moving_calib_camera,116,results/bus_real_data/ablation/moving_cam/fov/fov_100deg/raw_images/moving/frame_0116.png,12,0.17,537.0237639534591,537.0237639534591,640.0,360.0,True,-2.2004486567965484,-0.937712081188457,1.8979592500741216,0.9230649069284043,-0.24697500206669973,2.123262302496435,2.328366010585761,874.0,297.5,1091.0,877.0,271.0,896.0,287.0,870.0,325.0,853.0,307.0
moving,moving_frame_000139,moving_calib_camera,139,results/bus_real_data/ablation/moving_cam/fov/fov_100deg/raw_images/moving/frame_0139.png,12,0.17,537.0237639534591,537.0237639534591,640.0,360.0,True,-3.010865265818678,-0.15849104982024112,0.3067588822366272,0.018454371613836836,0.38234677685587753,0.9162522458581055,0.9929993955908342,651.75,583.75,9301.5,607.0,528.0,706.0,546.0,695.0,641.0,599.0,620.0
moving,moving_frame_000147,moving_calib_camera,147,results/bus_real_data/ablation/moving_cam/fov/fov_100deg/raw_images/moving/frame_0147.png,12,0.17,537.0237639534591,537.0237639534591,640.0,360.0,True,-3.0086631103423893,0.24551472466946994,-0.5416284594848203,0.08044817069750018,0.38608968549029127,0.9523553863969795,1.0307851063194045,684.0,577.75,8166.5,634.0,546.0,721.0,519.0,733.0,607.0,648.0,639.0
moving,moving_frame_000136,moving_calib_camera,136,results/bus_real_data/ablation/moving_cam/fov/fov_100deg/raw_images/moving/frame_0136.png,12,0.17,537.0237639534591,537.0237639534591,640.0,360.0,True,-2.9322242387643835,-0.3162189252043974,0.623009501166039,0.006140387841660144,0.3359750791576617,0.963319436787663,1.0202457034806582,645.0,547.25,7939.0,610.0,488.0,697.0,520.0,678.0,609.0,595.0,572.0
moving,moving_frame_000137,moving_calib_camera,137,results/bus_real_data/ablation/moving_cam/fov/fov_100deg/raw_images/moving/frame_0137.png,12,0.17,537.0237639534591,537.0237639534591,640.0,360.0,True,-2.954037309128226,-0.2694713045385437,0.5233346563543967,0.007114852220836988,0.35248594813135936,0.9409410800621184,1.004821915018106,645.5,561.0,8475.0,607.0,502.0,699.0,531.0,682.0,622.0,594.0,589.0
moving,moving_frame_000131,moving_calib_camera,131,results/bus_real_data/ablation/moving_cam/fov/fov_100deg/raw_images/moving/frame_0131.png,12,0.17,537.0237639534591,537.0237639534591,640.0,360.0,True,-2.7180153467429387,-0.5733893365460259,1.0984730558138884,0.07172097499807546,0.22283984182213853,1.1137415008814657,1.1380780395665713,676.25,467.75,5163.0,659.0,412.0,719.0,453.0,691.0,526.0,636.0,480.0
moving,moving_frame_000141,moving_calib_camera,141,results/bus_real_data/ablation/moving_cam/fov/fov_100deg/raw_images/moving/frame_0141.png,12,0.17,537.0237639534591,537.0237639534591,640.0,360.0,True,-3.041744768096771,-0.058174729697985594,0.09783253727108904,0.03696223360541957,0.39651165737592964,0.8949377379556218,0.9795413497985848,662.5,597.5,9922.0,613.0,546.0,716.0,552.0,711.0,650.0,610.0,642.0
moving,moving_frame_000143,moving_calib_camera,143,results/bus_real_data/ablation/moving_cam/fov/fov_100deg/raw_images/moving/frame_0143.png,12,0.17,537.0237639534591,537.0237639534591,640.0,360.0,True,-3.048468573496407,0.05844943422197222,-0.09780480240883106,0.058198094593378526,0.4027535058093108,0.8978266264645187,0.9857434026381555,674.5,600.5,9818.0,622.0,555.0,724.0,549.0,726.0,645.0,626.0,653.0
moving,moving_frame_000144,moving_calib_camera,144,results/bus_real_data/ablation/moving_cam/fov/fov_100deg/raw_images/moving/frame_0144.png,12,0.17,537.0237639534591,537.0237639534591,640.0,360.0,True,-3.052482573283702,0.10210587476508337,-0.21893696699790866,0.06733407236929052,0.40238308629678093,0.9058759258060712,0.9935075331342799,679.25,598.25,9579.5,627.0,556.0,726.0,544.0,731.0,639.0,633.0,654.0
moving,moving_frame_000134,moving_calib_camera,134,results/bus_real_data/ablation/moving_cam/fov/fov_100deg/raw_images/moving/frame_0134.png,12,0.17,537.0237639534591,537.0237639534591,640.0,360.0,True,-2.8571792434979133,-0.4214411736969143,0.8266782109527642,0.016503684062721492,0.2941545065636457,1.0119848808402894,1.0539984081433325,650.5,516.25,6807.5,623.0,457.0,699.0,495.0,676.0,578.0,604.0,535.0
moving,moving_frame_000140,moving_calib_camera,140,results/bus_real_data/ablation/moving_cam/fov/fov_100deg/raw_images/moving/frame_0140.png,12,0.17,537.0237639534591,537.0237639534591,640.0,360.0,True,-3.023378166402061,-0.10359575474010822,0.21099641121430376,0.02698721480985615,0.3897215641070438,0.9014332970521787,0.982442464639836,656.75,591.75,9685.5,609.0,538.0,711.0,550.0,703.0,647.0,604.0,632.0
moving,moving_frame_000132,moving_calib_camera,132,results/bus_real_data/ablation/moving_cam/fov/fov_100deg/raw_images/moving/frame_0132.png,12,0.17,537.0237639534591,537.0237639534591,640.0,360.0,True,-2.7680101620450097,-0.5265364496864923,1.0327430389994614,0.046801863749887755,0.2458444251875665,1.069550189276133,1.0984386661197247,665.25,483.75,5722.0,645.0,426.0,710.0,467.0,683.0,544.0,623.0,498.0
moving,moving_frame_000145,moving_calib_camera,145,results/bus_real_data/ablation/moving_cam/fov/fov_100deg/raw_images/moving/frame_0145.png,12,0.17,537.0237639534591,537.0237639534591,640.0,360.0,True,-3.0358166344410495,0.1559356701002815,-0.3271024022849565,0.07434753901985144,0.3975412275937048,0.9134238599493515,0.9989543193358696,682.75,593.5,9242.5,630.0,555.0,727.0,537.0,734.0,630.0,640.0,652.0
moving,moving_frame_000148,moving_calib_camera,148,results/bus_real_data/ablation/moving_cam/fov/fov_100deg/raw_images/moving/frame_0148.png,12,0.17,537.0237639534591,537.0237639534591,640.0,360.0,True,-2.983092357765296,0.30795168255204725,-0.6627479636260291,0.0781660389105875,0.37719658536454564,0.9759455130905451,1.0492172502257155,681.5,567.75,7552.0,633.0,540.0,714.0,508.0,729.0,593.0,650.0,630.0
moving,moving_frame_000146,moving_calib_camera,146,results/bus_real_data/ablation/moving_cam/fov/fov_100deg/raw_images/moving/frame_0146.png,12,0.17,537.0237639534591,537.0237639534591,640.0,360.0,True,-3.0290184585002544,0.21106526967433167,-0.4490648878956113,0.0789579198556099,0.39343047310405826,0.9325999788266158,1.0152657833209058,684.25,586.5,8715.5,633.0,552.0,724.0,528.0,735.0,619.0,645.0,647.0
moving,moving_frame_000153,moving_calib_camera,153,results/bus_real_data/ablation/moving_cam/fov/fov_100deg/raw_images/moving/frame_0153.png,12,0.17,537.0237639534591,537.0237639534591,640.0,360.0,True,-2.8142022985848114,0.5308035169766732,-1.1839654643005115,-0.010522965158325799,0.32066236923153985,1.1338324868735477,1.1783510496141467,633.5,512.5,4824.0,594.0,496.0,649.0,457.0,671.0,526.0,620.0,571.0
moving,moving_frame_000138,moving_calib_camera,138,results/bus_real_data/ablation/moving_cam/fov/fov_100deg/raw_images/moving/frame_0138.png,12,0.17,537.0237639534591,537.0237639534591,640.0,360.0,True,-2.983791111686503,-0.21569404332354267,0.4058920908820996,0.011297825174673605,0.3678666277661706,0.9251400176096086,0.9956593538256138,647.75,573.25,8965.5,606.0,516.0,702.0,539.0,688.0,633.0,595.0,605.0
moving,moving_frame_000135,moving_calib_camera,135,results/bus_real_data/ablation/moving_cam/fov/fov_100deg/raw_images/moving/frame_0135.png,12,0.17,537.0237639534591,537.0237639534591,640.0,360.0,True,-2.885845574044412,-0.36966867907908496,0.7088117811833733,0.008873002204386011,0.3157137578815936,0.9857337546072159,1.035096585858477,646.5,532.0,7362.0,615.0,473.0,697.0,508.0,676.0,594.0,598.0,553.0
moving,moving_frame_000133,moving_calib_camera,133,results/bus_real_data/ablation/moving_cam/fov/fov_100deg/raw_images/moving/frame_0133.png,12,0.17,537.0237639534591,537.0237639534591,640.0,360.0,True,-2.821387260059935,-0.47866463701371786,0.9200261182947871,0.028815397690653676,0.2726191701216946,1.0475181828282223,1.0827954019193344,656.5,500.0,6202.0,633.0,442.0,703.0,481.0,678.0,561.0,612.0,516.0
moving,moving_frame_000149,moving_calib_camera,149,results/bus_real_data/ablation/moving_cam/fov/fov_100deg/raw_images/moving/frame_0149.png,12,0.17,537.0237639534591,537.0237639534591,640.0,360.0,True,-2.9564911504884113,0.35614465377075033,-0.7404167373910169,0.07123144437214286,0.3683842479808963,1.005569494651057,1.0732897471794716,676.5,557.0,6966.0,629.0,532.0,706.0,498.0,722.0,579.0,649.0,619.0
moving,moving_frame_000150,moving_calib_camera,150,results/bus_real_data/ablation/moving_cam/fov/fov_100deg/raw_images/moving/frame_0150.png,12,0.17,537.0237639534591,537.0237639534591,640.0,360.0,True,-2.9307908390761224,0.4031431321805612,-0.8657621855846952,0.059734666173868016,0.3559440075776839,1.0314099061555944,1.0927354489487644,669.5,545.75,6413.5,624.0,523.0,695.0,487.0,713.0,565.0,646.0,608.0
moving,moving_frame_000152,moving_calib_camera,152,results/bus_real_data/ablation/moving_cam/fov/fov_100deg/raw_images/moving/frame_0152.png,12,0.17,537.0237639534591,537.0237639534591,640.0,360.0,True,-2.862266687341382,0.4951992252247268,-1.066442639181823,0.01862073383709204,0.33514144211712776,1.1062919446343713,1.1560918582517044,647.5,523.25,5275.5,606.0,505.0,666.0,467.0,687.0,538.0,631.0,583.0
moving,moving_frame_000151,moving_calib_camera,151,results/bus_real_data/ablation/moving_cam/fov/fov_100deg/raw_images/moving/frame_0151.png,12,0.17,537.0237639534591,537.0237639534591,640.0,360.0,True,-2.8924836655204076,0.44348075339459764,-0.9425016135071081,0.041986373810152064,0.3464075142797679,1.0703293925648085,1.1257735252364773,659.5,534.25,5810.5,616.0,514.0,682.0,477.0,701.0,551.0,639.0,595.0
moving,moving_frame_000129,moving_calib_camera,129,results/bus_real_data/ablation/moving_cam/fov/fov_100deg/raw_images/moving/frame_0129.png,12,0.17,537.0237639534591,537.0237639534591,640.0,360.0,True,-2.608584579016042,-0.6835426334814374,1.2784331586000686,0.13877661788706475,0.16882174414345072,1.1750852257722473,1.1952342945197074,705.0,437.5,4396.0,694.0,384.0,745.0,426.0,713.0,493.0,668.0,447.0
moving,moving_frame_000130,moving_calib_camera,130,results/bus_real_data/ablation/moving_cam/fov/fov_100deg/raw_images/moving/frame_0130.png,12,0.17,537.0237639534591,537.0237639534591,640.0,360.0,True,-2.654013247329734,-0.6413996123959318,1.2110179866926025,0.10096661789983372,0.19444709093878418,1.1333338517902096,1.1543177849787811,689.5,452.5,4796.0,676.0,397.0,731.0,440.0,700.0,510.0,651.0,463.0
moving,moving_frame_000154,moving_calib_camera,154,results/bus_real_data/ablation/moving_cam/fov/fov_100deg/raw_images/moving/frame_0154.png,12,0.17,537.0237639534591,537.0237639534591,640.0,360.0,True,-2.768768084836755,0.5714951162411427,-1.2905466874201148,-0.048468067431195576,0.3121226712203181,1.17953610077479,1.2210958719450398,616.5,502.75,4325.5,579.0,488.0,629.0,449.0,652.0,515.0,606.0,559.0
moving,moving_frame_000160,moving_calib_camera,160,results/bus_real_data/ablation/moving_cam/fov/fov_100deg/raw_images/moving/frame_0160.png,12,0.17,537.0237639534591,537.0237639534591,640.0,360.0,True,-2.383840643927082,0.80848215375603,-1.8504009622981081,-0.41192781166118136,0.2658685749087697,1.3605147212310333,1.446157297056702,476.25,465.5,2860.5,444.0,457.0,476.0,420.0,506.0,472.0,479.0,513.0
moving,moving_frame_000165,moving_calib_camera,165,results/bus_real_data/ablation/moving_cam/fov/fov_100deg/raw_images/moving/frame_0165.png,12,0.17,537.0237639534591,537.0237639534591,640.0,360.0,True,-2.3923264092306877,0.7800579098581553,-1.8790277212798119,-0.7088535333755331,0.1715267108156066,1.60959150106038,1.76711050718058,402.5,417.5,2319.0,371.0,406.0,405.0,381.0,432.0,427.0,402.0,456.0
moving,moving_frame_000155,moving_calib_camera,155,results/bus_real_data/ablation/moving_cam/fov/fov_100deg/raw_images/moving/frame_0155.png,12,0.17,537.0237639534591,537.0237639534591,640.0,360.0,True,-2.7108087030120456,0.6125733930111797,-1.4161721615559,-0.09028449358298007,0.29768116609152556,1.2013966844209831,1.2410154550870334,598.25,493.75,3992.5,562.0,480.0,608.0,441.0,632.0,505.0,591.0,549.0
moving,moving_frame_000167,moving_calib_camera,167,results/bus_real_data/ablation/moving_cam/fov/fov_100deg/raw_images/moving/frame_0167.png,12,0.17,537.0237639534591,537.0237639534591,640.0,360.0,True,-2.4924787009907656,0.7343837583939345,-1.7507797554778894,-0.757041377710378,0.0941029510583988,1.7995771940568732,1.9545958892653836,413.25,388.25,1973.0,384.0,376.0,418.0,356.0,441.0,399.0,410.0,422.0
moving,moving_frame_000169,moving_calib_camera,169,results/bus_real_data/ablation/moving_cam/fov/fov_100deg/raw_images/moving/frame_0169.png,12,0.17,537.0237639534591,537.0237639534591,640.0,360.0,True,-2.6163392898081796,0.682595340686411,-1.5873130683029455,-0.7786445054398711,0.006273600297068328,2.0413117695070215,2.1847838255169036,434.5,361.75,1626.0,408.0,349.0,441.0,334.0,460.0,373.0,429.0,391.0
moving,moving_frame_000117,moving_calib_camera,117,results/bus_real_data/ablation/moving_cam/fov/fov_100deg/raw_images/moving/frame_0117.png,12,0.17,537.0237639534591,537.0237639534591,640.0,360.0,True,-2.192270597370087,-0.9508836831340887,1.9472235718350859,0.9487992158484099,-0.1741281070867709,1.9590278776807108,2.1836507905803915,900.75,312.25,1337.0,904.0,284.0,926.0,301.0,896.0,342.0,877.0,322.0
moving,moving_frame_000145,moving_calib_camera,145,results/bus_real_data/ablation/moving_cam/fov/fov_100deg/raw_images/moving/frame_0145.png,10,0.17,537.0237639534591,537.0237639534591,640.0,360.0,True,-2.4347039589312534,-0.8170343643944219,1.6617490626235214,1.0779452566073129,0.28373551467301744,1.138346214728699,1.5932055495497512,1152.0,494.75,8450.0,1135.0,438.0,1227.0,490.0,1163.0,554.0,1083.0,497.0
moving,moving_frame_000192,moving_calib_camera,192,results/bus_real_data/ablation/moving_cam/fov/fov_100deg/raw_images/moving/frame_0192.png,10,0.17,537.0237639534591,537.0237639534591,640.0,360.0,True,3.047412431073802,0.00809397478847297,0.02399675643080838,-0.9941358678549005,0.4600754348441063,1.1780521497646044,1.6086585706941097,186.75,570.0,6280.0,151.0,530.0,229.0,530.0,223.0,610.0,144.0,610.0
moving,moving_frame_000193,moving_calib_camera,193,results/bus_real_data/ablation/moving_cam/fov/fov_100deg/raw_images/moving/frame_0193.png,10,0.17,537.0237639534591,537.0237639534591,640.0,360.0,True,3.036984680717064,0.008230535978055764,0.0209827513931632,-0.993692940080487,0.4904133685340218,1.0809589297990425,1.5480320213467744,146.25,604.0,7524.0,108.0,560.0,193.0,560.0,185.0,648.0,99.0,648.0
moving,moving_frame_000194,moving_calib_camera,194,results/bus_real_data/ablation/moving_cam/fov/fov_100deg/raw_images/moving/frame_0194.png,10,0.17,537.0237639534591,537.0237639534591,640.0,360.0,True,3.0340096667429752,-0.0019355634315947883,-0.0041993649932794,-0.9880834727274127,0.5169425493128583,0.9790762069071317,1.4839571312200353,98.0,644.0,9114.0,57.0,595.0,149.0,595.0,140.0,693.0,46.0,693.0
moving,moving_frame_000192,moving_calib_camera,192,results/bus_real_data/ablation/moving_cam/fov/fov_100deg/raw_images/moving/frame_0192.png,9,0.17,537.0237639534591,537.0237639534591,640.0,360.0,True,3.036596807329144,-0.003854598837926214,-0.011637116530063593,0.48675880144070743,0.46141620898299945,1.1816559118630192,1.3587309309547129,861.25,570.0,6200.0,821.0,530.0,898.0,530.0,902.0,610.0,824.0,610.0
moving,moving_frame_000188,moving_calib_camera,188,results/bus_real_data/ablation/moving_cam/fov/fov_100deg/raw_images/moving/frame_0188.png,9,0.17,537.0237639534591,537.0237639534591,640.0,360.0,True,3.004025402214021,0.1616482167532407,-0.4220892254769391,0.6344763579192907,0.4481086538138669,1.2192278960777732,1.4456411300719267,920.25,557.75,6391.0,882.0,513.0,964.0,526.0,959.0,604.0,876.0,588.0
moving,moving_frame_000181,moving_calib_camera,181,results/bus_real_data/ablation/moving_cam/fov/fov_100deg/raw_images/moving/frame_0181.png,9,0.17,537.0237639534591,537.0237639534591,640.0,360.0,True,2.845176073535116,0.39521381704665776,-1.1478471647842017,1.0801498906152074,0.447158575274397,1.212680219145356,1.6844191555381642,1120.75,558.75,7841.5,1082.0,507.0,1182.0,539.0,1158.0,614.0,1061.0,575.0
moving,moving_frame_000185,moving_calib_camera,185,results/bus_real_data/ablation/moving_cam/fov/fov_100deg/raw_images/moving/frame_0185.png,9,0.17,537.0237639534591,537.0237639534591,640.0,360.0,True,2.965556321329003,0.2572844535434508,-0.7619406361520639,0.7953786530315053,0.44081792201230807,1.2342836027513426,1.5331026234685972,987.5,552.25,6676.5,950.0,505.0,1037.0,526.0,1025.0,602.0,938.0,576.0
moving,moving_frame_000189,moving_calib_camera,189,results/bus_real_data/ablation/moving_cam/fov/fov_100deg/raw_images/moving/frame_0189.png,9,0.17,537.0237639534591,537.0237639534591,640.0,360.0,True,3.0410585720973624,0.11245118178119475,-0.3330215189142207,0.5909278495682311,0.45136096224767247,1.2106156169993614,1.4207436833430664,902.75,560.5,6314.0,864.0,517.0,945.0,527.0,942.0,605.0,860.0,593.0
moving,moving_frame_000190,moving_calib_camera,190,results/bus_real_data/ablation/moving_cam/fov/fov_100deg/raw_images/moving/frame_0190.png,9,0.17,537.0237639534591,537.0237639534591,640.0,360.0,True,3.0467312216761795,0.07976894013397859,-0.20649174458911676,0.5487328630437397,0.45230504593421095,1.193712832329727,1.3894739780328336,887.25,563.75,6330.5,848.0,521.0,928.0,528.0,927.0,607.0,846.0,599.0
moving,moving_frame_000191,moving_calib_camera,191,results/bus_real_data/ablation/moving_cam/fov/fov_100deg/raw_images/moving/frame_0191.png,9,0.17,537.0237639534591,537.0237639534591,640.0,360.0,True,3.0467312216761795,0.07976894013397859,-0.20649174458911676,0.5487328630437397,0.45230504593421095,1.193712832329727,1.3894739780328336,887.25,563.75,6330.5,848.0,521.0,928.0,528.0,927.0,607.0,846.0,599.0
moving,moving_frame_000183,moving_calib_camera,183,results/bus_real_data/ablation/moving_cam/fov/fov_100deg/raw_images/moving/frame_0183.png,9,0.17,537.0237639534591,537.0237639534591,640.0,360.0,True,2.86150214973604,0.3320787425338395,-1.043044858297171,0.9310803614153538,0.4415908131278996,1.236165972136646,1.609353720075498,1046.5,552.5,7062.0,1009.0,503.0,1101.0,530.0,1083.0,605.0,993.0,572.0
moving,moving_frame_000184,moving_calib_camera,184,results/bus_real_data/ablation/moving_cam/fov/fov_100deg/raw_images/moving/frame_0184.png,9,0.17,537.0237639534591,537.0237639534591,640.0,360.0,True,2.850757387401462,0.32209688123082525,-0.8925831921041631,0.8637283529939612,0.4411896236165052,1.241751817188523,1.575634008024558,1015.25,551.5,6852.0,978.0,503.0,1067.0,527.0,1052.0,603.0,964.0,573.0
moving,moving_frame_000187,moving_calib_camera,187,results/bus_real_data/ablation/moving_cam/fov/fov_100deg/raw_images/moving/frame_0187.png,9,0.17,537.0237639534591,537.0237639534591,640.0,360.0,True,3.012064020002928,0.19476461668566242,-0.5187471622159726,0.6798077879647889,0.44193990642590114,1.2208644864847775,1.4655918953887037,940.0,554.75,6482.0,902.0,509.0,986.0,525.0,978.0,602.0,894.0,583.0
moving,moving_frame_000186,moving_calib_camera,186,results/bus_real_data/ablation/moving_cam/fov/fov_100deg/raw_images/moving/frame_0186.png,9,0.17,537.0237639534591,537.0237639534591,640.0,360.0,True,2.9799310318264185,0.23615075373772437,-0.6144911824396376,0.7370954724501001,0.44228801515170146,1.2318031934586293,1.5020877242252348,962.5,553.25,6537.5,925.0,507.0,1010.0,525.0,1000.0,602.0,915.0,579.0
moving,moving_frame_000182,moving_calib_camera,182,results/bus_real_data/ablation/moving_cam/fov/fov_100deg/raw_images/moving/frame_0182.png,9,0.17,537.0237639534591,537.0237639534591,640.0,360.0,True,2.8588579273124695,0.3838390217461853,-1.0293163281802917,1.0064064427694757,0.44445403551113544,1.2299327438265324,1.6501902532940576,1081.5,554.75,7371.0,1044.0,504.0,1139.0,534.0,1118.0,608.0,1025.0,573.0
moving,moving_frame_000177,moving_calib_camera,177,results/bus_real_data/ablation/moving_cam/fov/fov_100deg/raw_images/moving/frame_0177.png,9,0.17,537.0237639534591,537.0237639534591,640.0,360.0,True,-2.9437104245058716,-0.24156588504386947,0.8321183272216486,0.9286111675355261,0.17079088822143437,1.8163261386943172,2.047078129939199,915.25,410.5,2824.0,892.0,381.0,948.0,391.0,938.0,441.0,883.0,429.0
moving,moving_frame_000181,moving_calib_camera,181,results/bus_real_data/ablation/moving_cam/fov/fov_100deg/raw_images/moving/frame_0181.png,11,0.17,537.0237639534591,537.0237639534591,640.0,360.0,True,1.7589122767733045,0.7809447322513172,-0.5547783378212947,0.02778640560299688,0.4331861634587923,0.8844287871706021,0.9852089200390667,657.0,626.75,8401.0,658.0,573.0,730.0,626.0,656.0,688.0,584.0,620.0
moving,moving_frame_000126,moving_calib_camera,126,results/bus_real_data/ablation/moving_cam/fov/fov_100deg/raw_images/moving/frame_0126.png,11,0.17,537.0237639534591,537.0237639534591,640.0,360.0,True,0.4069907284689412,2.6127005577266282,-1.3716319081913326,-0.6354659101129405,0.19174367673768447,0.9083647486167651,1.1250373669412728,262.0,476.25,7682.5,312.0,499.0,188.0,525.0,221.0,450.0,327.0,431.0
moving,moving_frame_000128,moving_calib_camera,128,results/bus_real_data/ablation/moving_cam/fov/fov_100deg/raw_images/moving/frame_0128.png,11,0.17,537.0237639534591,537.0237639534591,640.0,360.0,True,0.5977284426881225,2.5240068463035077,-1.3382543438408339,-0.6753968469505137,0.3162280624823929,0.7330172197175849,1.0456937088720395,140.5,597.25,14571.0,211.0,618.0,40.0,680.0,85.0,567.0,226.0,524.0
moving,moving_frame_000156,moving_calib_camera,156,results/bus_real_data/ablation/moving_cam/fov/fov_100deg/raw_images/moving/frame_0156.png,11,0.17,537.0237639534591,537.0237639534591,640.0,360.0,True,1.968733521237614,0.46407433430371386,-0.3054577842883923,0.7542418075779554,0.35801355984507743,0.8218890492340306,1.171561360997462,1137.25,598.25,10366.0,1056.0,540.0,1185.0,574.0,1232.0,664.0,1076.0,615.0
moving,moving_frame_000127,moving_calib_camera,127,results/bus_real_data/ablation/moving_cam/fov/fov_100deg/raw_images/moving/frame_0127.png,11,0.17,537.0237639534591,537.0237639534591,640.0,360.0,True,0.5063513294700319,2.568343029508625,-1.3655960377579268,-0.6605618479352802,0.25394124140882646,0.8188503438079175,1.082286466047817,203.5,530.5,10360.0,262.0,553.0,118.0,593.0,156.0,503.0,278.0,473.0
moving,moving_frame_000180,moving_calib_camera,180,results/bus_real_data/ablation/moving_cam/fov/fov_100deg/raw_images/moving/frame_0180.png,11,0.17,537.0237639534591,537.0237639534591,640.0,360.0,True,1.7902458577154685,0.6970457660604591,-0.5005905684340526,0.0427634794638737,0.3958407785174535,0.9539148339062131,1.0336692640586151,664.25,585.75,6571.5,659.0,540.0,731.0,581.0,671.0,637.0,596.0,585.0
moving,moving_frame_000159,moving_calib_camera,159,results/bus_real_data/ablation/moving_cam/fov/fov_100deg/raw_images/moving/frame_0159.png,11,0.17,537.0237639534591,537.0237639534591,640.0,360.0,True,1.984492090744496,0.23216590985343089,-0.15375769046145918,0.6399064991478405,0.2434686226498149,1.1220235875057996,1.3144178288451613,947.75,478.25,4082.0,895.0,449.0,978.0,459.0,1007.0,509.0,911.0,496.0
moving,moving_frame_000125,moving_calib_camera,125,results/bus_real_data/ablation/moving_cam/fov/fov_100deg/raw_images/moving/frame_0125.png,11,0.17,537.0237639534591,537.0237639534591,640.0,360.0,True,0.3680848991099478,2.6419610312449096,-1.3988302051810588,-0.5916036675832869,0.12897369518663762,1.023150250677885,1.1888925725271862,328.0,429.75,5354.5,372.0,449.0,267.0,468.0,291.0,408.0,382.0,394.0
moving,moving_frame_000178,moving_calib_camera,178,results/bus_real_data/ablation/moving_cam/fov/fov_100deg/raw_images/moving/frame_0178.png,11,0.17,537.0237639534591,537.0237639534591,640.0,360.0,True,1.8610322620589277,0.5755002682437165,-0.39965493817374953,0.03807183950844672,0.31977601157827246,1.1263043141301414,1.1714382487236075,658.25,514.25,4082.5,647.0,481.0,713.0,506.0,672.0,551.0,601.0,519.0
moving,moving_frame_000158,moving_calib_camera,158,results/bus_real_data/ablation/moving_cam/fov/fov_100deg/raw_images/moving/frame_0158.png,11,0.17,537.0237639534591,537.0237639534591,640.0,360.0,True,1.996384642170688,0.3009727340582271,-0.19525419846909056,0.6921815208470157,0.28078585149007806,1.0242194284859123,1.267667696948654,1005.0,509.5,5448.0,945.0,473.0,1039.0,488.0,1073.0,549.0,963.0,528.0
moving,moving_frame_000157,moving_calib_camera,157,results/bus_real_data/ablation/moving_cam/fov/fov_100deg/raw_images/moving/frame_0157.png,11,0.17,537.0237639534591,537.0237639534591,640.0,360.0,True,1.9812088045791367,0.38094451773201254,-0.2493439304244277,0.7289560853126339,0.31865627673834823,0.9216798268621379,1.217543633823317,1067.75,548.75,7374.5,998.0,503.0,1108.0,526.0,1147.0,599.0,1018.0,567.0
moving,moving_frame_000179,moving_calib_camera,179,results/bus_real_data/ablation/moving_cam/fov/fov_100deg/raw_images/moving/frame_0179.png,11,0.17,537.0237639534591,537.0237639534591,640.0,360.0,True,1.824190337708719,0.6298670769247426,-0.45541458610498425,0.04651085906586276,0.35951815981194785,1.0366902197316208,1.0982455003016447,664.25,548.5,5143.0,655.0,510.0,725.0,541.0,675.0,592.0,602.0,551.0
moving,moving_frame_000124,moving_calib_camera,124,results/bus_real_data/ablation/moving_cam/fov/fov_100deg/raw_images/moving/frame_0124.png,11,0.17,537.0237639534591,537.0237639534591,640.0,360.0,True,0.3010553159256641,2.6658836317062535,-1.4199080324709281,-0.5357332977454917,0.06847635118015082,1.1326541545130138,1.2548325030536136,385.0,394.0,3985.0,424.0,412.0,333.0,424.0,351.0,375.0,432.0,365.0
moving,moving_frame_000176,moving_calib_camera,176,results/bus_real_data/ablation/moving_cam/fov/fov_100deg/raw_images/moving/frame_0176.png,11,0.17,537.0237639534591,537.0237639534591,640.0,360.0,True,1.8896635049161632,0.4269185224845074,-0.2903445077169106,-0.016696157955194444,0.2258999502248852,1.2855986205920475,1.3054016096474854,633.0,455.5,2608.0,618.0,432.0,679.0,446.0,651.0,481.0,584.0,463.0
moving,moving_frame_000123,moving_calib_camera,123,results/bus_real_data/ablation/moving_cam/fov/fov_100deg/raw_images/moving/frame_0123.png,11,0.17,537.0237639534591,537.0237639534591,640.0,360.0,True,0.2583940963275589,2.6589676034846006,-1.4537160244254328,-0.47169900500417555,0.01420242168844252,1.25047647651992,1.3365601664098103,436.75,367.25,2958.0,473.0,383.0,392.0,391.0,405.0,351.0,477.0,344.0
moving,moving_frame_000122,moving_calib_camera,122,results/bus_real_data/ablation/moving_cam/fov/fov_100deg/raw_images/moving/frame_0122.png,11,0.17,537.0237639534591,537.0237639534591,640.0,360.0,True,0.2139334896254302,2.666637403998948,-1.49636507671389,-0.39145158953984927,-0.03667636752045747,1.3428885880977512,1.3992602556104214,483.0,346.25,2312.0,517.0,360.0,443.0,366.0,453.0,332.0,519.0,327.0
moving,moving_frame_000166,moving_calib_camera,166,results/bus_real_data/ablation/moving_cam/fov/fov_100deg/raw_images/moving/frame_0166.png,11,0.17,537.0237639534591,537.0237639534591,640.0,360.0,True,1.962128212849927,0.2053183723137192,-0.14111280687634636,0.2388703342982241,0.09594908601892066,1.513284794429666,1.5350231701077506,725.0,394.75,1638.5,698.0,379.0,756.0,384.0,755.0,411.0,691.0,405.0
moving,moving_frame_000161,moving_calib_camera,161,results/bus_real_data/ablation/moving_cam/fov/fov_100deg/raw_images/moving/frame_0161.png,11,0.17,537.0237639534591,537.0237639534591,640.0,360.0,True,1.9911811162979065,0.06428428239145514,-0.04018491831325305,0.4936749092744343,0.1755253695477623,1.2978843474865274,1.3996527608133842,845.0,433.75,2650.0,801.0,414.0,869.0,416.0,893.0,454.0,817.0,451.0
moving,moving_frame_000120,moving_calib_camera,120,results/bus_real_data/ablation/moving_cam/fov/fov_100deg/raw_images/moving/frame_0120.png,11,0.17,537.0237639534591,537.0237639534591,640.0,360.0,True,0.09549277725493592,2.6864380583570564,-1.5352257259730449,-0.2171835744395017,-0.12414062975722602,1.5743991572258063,1.5941493992835705,565.75,318.25,1488.0,595.0,330.0,534.0,332.0,539.0,306.0,595.0,305.0
moving,moving_frame_000123,moving_calib_camera,123,results/bus_real_data/ablation/moving_cam/fov/fov_100deg/raw_images/moving/frame_0123.png,13,0.17,537.0237639534591,537.0237639534591,640.0,360.0,True,0.25945878938772776,2.6745302828566593,-1.439244852214155,-1.198959701418178,0.28605403867810714,1.2955116165005691,1.7882062596794421,141.5,480.0,3680.0,164.0,500.0,79.0,511.0,124.0,459.0,199.0,450.0
moving,moving_frame_000175,moving_calib_camera,175,results/bus_real_data/ablation/moving_cam/fov/fov_100deg/raw_images/moving/frame_0175.png,13,0.17,537.0237639534591,537.0237639534591,640.0,360.0,True,1.9343150838052658,0.36524379643932486,-0.23516726356072198,0.602970615541186,0.5389269700555324,1.1816548551806285,1.431895261194514,915.25,607.0,4809.5,872.0,568.0,952.0,588.0,964.0,649.0,873.0,623.0
moving,moving_frame_000173,moving_calib_camera,173,results/bus_real_data/ablation/moving_cam/fov/fov_100deg/raw_images/moving/frame_0173.png,13,0.17,537.0237639534591,537.0237639534591,640.0,360.0,True,1.9721171489885727,0.21444702717742845,-0.13217207139078224,0.5102813800555531,0.4047814194835915,1.4598322376613595,1.598544727715156,828.25,510.0,2561.5,794.0,486.0,856.0,494.0,866.0,535.0,797.0,525.0
moving,moving_frame_000162,moving_calib_camera,162,results/bus_real_data/ablation/moving_cam/fov/fov_100deg/raw_images/moving/frame_0162.png,13,0.17,537.0237639534591,537.0237639534591,640.0,360.0,True,1.9814473041510638,-0.0008798709436656914,0.0028164924070502775,1.1443310586436297,0.40966638340233363,1.4392024316040195,1.8837791156612074,1068.25,514.0,2667.0,1015.0,493.0,1075.0,493.0,1125.0,535.0,1058.0,535.0
moving,moving_frame_000174,moving_calib_camera,174,results/bus_real_data/ablation/moving_cam/fov/fov_100deg/raw_images/moving/frame_0174.png,13,0.17,537.0237639534591,537.0237639534591,640.0,360.0,True,1.9590926492490288,0.2977988748847057,-0.19992078978587638,0.5646135409568415,0.47149292372195656,1.3186924233268293,1.5099813691205886,870.75,553.5,3493.5,833.0,523.0,903.0,536.0,913.0,586.0,834.0,569.0
moving,moving_frame_000172,moving_calib_camera,172,results/bus_real_data/ablation/moving_cam/fov/fov_100deg/raw_images/moving/frame_0172.png,13,0.17,537.0237639534591,537.0237639534591,640.0,360.0,True,1.9693217118893895,0.28309058630406264,-0.195995375457526,0.6098046367379127,0.39415257477740945,1.4909705731546183,1.6583760723080063,860.25,503.0,2439.5,827.0,479.0,889.0,489.0,897.0,528.0,828.0,516.0
static,cam_edge_5,cam_edge_5,static,results/bus_real_data/ablation/moving_cam/fov/fov_100deg/raw_images/static/cam_edge_5.png,13,0.17,927.202392578125,927.3688354492188,651.477294921875,358.7645263671875,True,1.9140818273759492,0.32855743722893216,-0.3282583022005137,0.7048002136871956,0.6046867358819155,2.0630546348391037,2.2624287427665317,968.75,631.5,3794.0,933.0,602.0,1011.0,615.0,1007.0,662.0,924.0,647.0
moving,moving_frame_000171,moving_calib_camera,171,results/bus_real_data/ablation/moving_cam/fov/fov_100deg/raw_images/moving/frame_0171.png,13,0.17,537.0237639534591,537.0237639534591,640.0,360.0,True,1.9611894487246806,0.35164151029534324,-0.23471159120001053,0.7075965782038918,0.38298964351784004,1.4986523942616166,1.700980006747244,894.25,498.25,2380.0,861.0,474.0,924.0,486.0,931.0,524.0,861.0,509.0
moving,moving_frame_000121,moving_calib_camera,121,results/bus_real_data/ablation/moving_cam/fov/fov_100deg/raw_images/moving/frame_0121.png,13,0.17,537.0237639534591,537.0237639534591,640.0,360.0,True,0.14092997253651282,2.6821565662722255,-1.5046967115938799,-1.0561523109395516,0.16452251482071348,1.5658790760171863,1.8959173617260654,277.0,417.25,2106.5,296.0,433.0,231.0,437.0,261.0,401.0,320.0,398.0
moving,moving_frame_000163,moving_calib_camera,163,results/bus_real_data/ablation/moving_cam/fov/fov_100deg/raw_images/moving/frame_0163.png,13,0.17,537.0237639534591,537.0237639534591,640.0,360.0,True,1.9800169707711361,0.04567327903900205,-0.028334659481805604,1.0901527410192442,0.41575622488312886,1.4192371137849458,1.8372588882423362,1053.75,518.5,2774.5,1001.0,496.0,1064.0,498.0,1110.0,541.0,1040.0,539.0
moving,moving_frame_000170,moving_calib_camera,170,results/bus_real_data/ablation/moving_cam/fov/fov_100deg/raw_images/moving/frame_0170.png,13,0.17,537.0237639534591,537.0237639534591,640.0,360.0,True,1.9620084268204492,0.4142831049856013,-0.28097836516884117,0.818773384914504,0.37984717155875825,1.5137212768094324,1.7623920771074526,931.25,495.75,2357.5,898.0,471.0,962.0,485.0,968.0,522.0,897.0,505.0
moving,moving_frame_000168,moving_calib_camera,168,results/bus_real_data/ablation/moving_cam/fov/fov_100deg/raw_images/moving/frame_0168.png,13,0.17,537.0237639534591,537.0237639534591,640.0,360.0,True,1.9579278104303417,0.3187171046841246,-0.21366919555481392,0.8728778476976197,0.4036521282489063,1.4509995562341498,1.7407614683904282,964.0,510.5,2600.0,924.0,485.0,991.0,497.0,1008.0,537.0,933.0,523.0
moving,moving_frame_000164,moving_calib_camera,164,results/bus_real_data/ablation/moving_cam/fov/fov_100deg/raw_images/moving/frame_0164.png,13,0.17,537.0237639534591,537.0237639534591,640.0,360.0,True,1.9762540073194723,0.10058203294115214,-0.06414505059296836,1.033005363225694,0.41613670455903823,1.4008195561654333,1.7895712520796219,1037.25,520.75,2854.5,986.0,497.0,1051.0,501.0,1093.0,545.0,1019.0,540.0
moving,moving_frame_000119,moving_calib_camera,119,results/bus_real_data/ablation/moving_cam/fov/fov_100deg/raw_images/moving/frame_0119.png,13,0.17,537.0237639534591,537.0237639534591,640.0,360.0,True,0.0457765466657488,2.7149181220762117,-1.5544375286294858,-0.8599455960552549,0.062334760233386896,1.8139722312802107,2.0084539592342883,385.0,379.0,1358.0,402.0,392.0,349.0,393.0,370.0,366.0,419.0,365.0
moving,moving_frame_000118,moving_calib_camera,118,results/bus_real_data/ablation/moving_cam/fov/fov_100deg/raw_images/moving/frame_0118.png,13,0.17,537.0237639534591,537.0237639534591,640.0,360.0,True,0.0026433707003181415,2.7106419574192753,-1.582232890944988,-0.737648783062054,0.019656662740157354,1.9073748516843794,2.0451383660723343,432.0,366.0,1152.0,449.0,378.0,399.0,378.0,417.0,354.0,463.0,354.0
