observer_type,observer_id,camera_name,frame_id,image_path,marker_id,marker_length_m,fx,fy,cx,cy,pnp_success,rvec_x,rvec_y,rvec_z,tvec_x_m,tvec_y_m,tvec_z_m,distance_m,center_u,center_v,area_px2,corner0_u,corner0_v,corner1_u,corner1_v,corner2_u,corner2_v,corner3_u,corner3_v
moving,moving_frame_000000,moving_calib_camera,0,results/bus_real_data/ablation/moving_cam/motion_blur/moving_blur_k09_mild/raw_images/moving/frame_0000.png,13,0.17,929.4671630859375,929.467134475708,640.0,360.0,True,1.9010314919775386,0.4078239304735646,-0.30453016282153444,0.7666319225686287,0.35674672920757805,1.4176420405229355,1.6506670435189554,1144.25,595.75,7473.5,1082.0,554.0,1202.0,577.0,1212.0,641.0,1081.0,611.0
moving,moving_frame_000000,moving_calib_camera,0,results/bus_real_data/ablation/moving_cam/motion_blur/moving_blur_k09_mild/raw_images/moving/frame_0000.png,11,0.17,929.4671630859375,929.467134475708,640.0,360.0,True,1.916812137136647,0.4060472473633683,-0.28873337230911233,0.154917046640879,0.00023165467718940799,1.6310348256388074,1.6383753988175105,728.5,361.0,3484.0,700.0,338.0,789.0,351.0,760.0,385.0,665.0,370.0
moving,moving_frame_000000,moving_calib_camera,0,results/bus_real_data/ablation/moving_cam/motion_blur/moving_blur_k09_mild/raw_images/moving/frame_0000.png,12,0.17,929.4671630859375,929.467134475708,640.0,360.0,True,2.726235240365205,-0.6492138837380755,1.4109764292957268,-0.7561068484961949,-0.03963092070262994,2.1170764580394987,2.248395184437926,307.0,342.75,4857.5,260.0,320.0,322.0,297.0,351.0,363.0,295.0,391.0
moving,moving_frame_000000,moving_calib_camera,0,results/bus_real_data/ablation/moving_cam/motion_blur/moving_blur_k09_mild/raw_images/moving/frame_0000.png,9,0.17,929.4671630859375,929.467134475708,640.0,360.0,True,-2.6382927532067053,-0.09085741936997754,0.5084500380845135,0.9517138560413906,-0.15716809902392098,2.272923409633548,2.4691378862251008,1029.75,295.25,4903.0,998.0,259.0,1073.0,267.0,1061.0,332.0,987.0,323.0
moving,moving_frame_000000,moving_calib_camera,0,results/bus_real_data/ablation/moving_cam/motion_blur/moving_blur_k09_mild/raw_images/moving/frame_0000.png,10,0.17,929.4671630859375,929.467134475708,640.0,360.0,True,2.9938886751761378,0.22950634441949216,-0.3662058438456518,-0.32576980721759796,-0.3960689244943678,2.9137341661019116,2.958520466543086,536.25,233.75,2703.5,515.0,205.0,567.0,210.0,556.0,263.0,507.0,257.0
moving,moving_frame_000001,moving_calib_camera,1,results/bus_real_data/ablation/moving_cam/motion_blur/moving_blur_k09_mild/raw_images/moving/frame_0001.png,13,0.17,929.4671630859375,929.467134475708,640.0,360.0,True,1.9571950840996226,0.3138915357600487,-0.21164698670264714,0.6422153921420123,0.31637931451334034,1.4645500913879221,1.6301666941575088,1048.75,562.5,6956.5,990.0,523.0,1100.0,541.0,1114.0,604.0,991.0,582.0
moving,moving_frame_000001,moving_calib_camera,1,results/bus_real_data/ablation/moving_cam/motion_blur/moving_blur_k09_mild/raw_images/moving/frame_0001.png,11,0.17,929.4671630859375,929.467134475708,640.0,360.0,True,1.959376222467661,0.3238919781653959,-0.2181899773403393,-0.0034639580587934034,-0.021497633982596135,1.6088231758348739,1.608970527503749,638.0,348.5,3732.0,609.0,325.0,699.0,336.0,670.0,373.0,574.0,360.0
moving,moving_frame_000001,moving_calib_camera,1,results/bus_real_data/ablation/moving_cam/motion_blur/moving_blur_k09_mild/raw_images/moving/frame_0001.png,12,0.17,929.4671630859375,929.467134475708,640.0,360.0,True,2.611741906923424,-0.7261587220752603,1.513398998818345,-0.9528487965734631,-0.032227612914823005,2.0027731486435587,2.2181207661201223,196.5,345.25,5652.0,143.0,323.0,210.0,297.0,247.0,365.0,186.0,396.0
moving,moving_frame_000001,moving_calib_camera,1,results/bus_real_data/ablation/moving_cam/motion_blur/moving_blur_k09_mild/raw_images/moving/frame_0001.png,9,0.17,929.4671630859375,929.467134475708,640.0,360.0,True,2.8513567566194156,0.23774711653047467,-0.4704241015056157,0.7287332996478154,-0.22360872160199377,2.3148860312894795,2.437160318947284,933.0,270.5,4598.0,902.0,236.0,973.0,241.0,964.0,306.0,893.0,299.0
moving,moving_frame_000001,moving_calib_camera,1,results/bus_real_data/ablation/moving_cam/motion_blur/moving_blur_k09_mild/raw_images/moving/frame_0001.png,10,0.17,929.4671630859375,929.467134475708,640.0,360.0,True,3.0988511608878038,0.15767920984542372,-0.179626339257962,-0.61954839029394,-0.42864178773275646,2.8707908417050105,2.967998323268379,439.5,221.25,2915.5,416.0,192.0,469.0,196.0,463.0,251.0,410.0,246.0
moving,moving_frame_000002,moving_calib_camera,2,results/bus_real_data/ablation/moving_cam/motion_blur/moving_blur_k09_mild/raw_images/moving/frame_0002.png,13,0.17,929.4671630859375,929.467134475708,640.0,360.0,True,1.9766034815157465,0.23057624051286577,-0.1589964344618269,0.5116986225863784,0.2778931410122907,1.4811811207117962,1.5915268111255703,962.0,536.0,6608.0,905.0,500.0,1011.0,512.0,1025.0,574.0,907.0,558.0
moving,moving_frame_000002,moving_calib_camera,2,results/bus_real_data/ablation/moving_cam/motion_blur/moving_blur_k09_mild/raw_images/moving/frame_0002.png,12,0.17,929.4671630859375,929.467134475708,640.0,360.0,True,2.5427902532796742,-0.7942283769290599,1.658829547537528,-1.1311187889946837,-0.013505817796095434,1.8687687802445188,2.1844699301999393,75.75,353.5,6866.0,15.0,332.0,88.0,301.0,134.0,372.0,66.0,409.0
moving,moving_frame_000002,moving_calib_camera,2,results/bus_real_data/ablation/moving_cam/motion_blur/moving_blur_k09_mild/raw_images/moving/frame_0002.png,9,0.17,929.4671630859375,929.467134475708,640.0,360.0,True,2.882762490985451,0.16910248256361915,-0.282905860781771,0.5052828467218388,-0.27998948311610294,2.3334345776660483,2.403876409904319,841.5,248.75,4408.5,810.0,215.0,879.0,219.0,873.0,283.0,804.0,278.0
moving,moving_frame_000002,moving_calib_camera,2,results/bus_real_data/ablation/moving_cam/motion_blur/moving_blur_k09_mild/raw_images/moving/frame_0002.png,10,0.17,929.4671630859375,929.467134475708,640.0,360.0,True,3.1215616417459104,0.10054206754801899,-0.08977164205711954,-0.9103897623936346,-0.4438489333701002,2.806117709527766,2.9833048779583806,338.5,213.0,3092.0,312.0,184.0,369.0,186.0,363.0,243.0,310.0,239.0
moving,moving_frame_000003,moving_calib_camera,3,results/bus_real_data/ablation/moving_cam/motion_blur/moving_blur_k09_mild/raw_images/moving/frame_0003.png,13,0.17,929.4671630859375,929.467134475708,640.0,360.0,True,1.9998152532955915,0.13672983579896858,-0.09585565135517193,0.3855898117510285,0.24484447040310878,1.4880941861552242,1.5566157600648116,881.5,514.5,6460.0,825.0,481.0,928.0,488.0,944.0,549.0,829.0,540.0
moving,moving_frame_000003,moving_calib_camera,3,results/bus_real_data/ablation/moving_cam/motion_blur/moving_blur_k09_mild/raw_images/moving/frame_0003.png,9,0.17,929.4671630859375,929.467134475708,640.0,360.0,True,-2.6626850987061768,-0.04131004950425894,0.19402297442176492,0.2808737430597229,-0.3230641715647919,2.319370898267824,2.3585465613849808,752.75,230.0,4463.0,720.0,196.0,789.0,199.0,785.0,264.0,717.0,261.0
moving,moving_frame_000003,moving_calib_camera,3,results/bus_real_data/ablation/moving_cam/motion_blur/moving_blur_k09_mild/raw_images/moving/frame_0003.png,10,0.17,929.4671630859375,929.467134475708,640.0,360.0,True,-3.0686548632775783,-0.06000727465489109,-0.030508893936138645,-1.1580874000729144,-0.4325981372090974,2.6335348430862964,2.909263367980628,231.25,207.25,3661.5,201.0,176.0,262.0,178.0,261.0,239.0,201.0,236.0
moving,moving_frame_000004,moving_calib_camera,4,results/bus_real_data/ablation/moving_cam/motion_blur/moving_blur_k09_mild/raw_images/moving/frame_0004.png,13,0.17,929.4671630859375,929.467134475708,640.0,360.0,True,2.0207545120464885,0.04242087068479927,-0.028771273785378096,0.26289993016756474,0.21644887194685614,1.4826887840802083,1.52129304142444,805.25,497.25,6472.5,748.0,466.0,850.0,468.0,868.0,529.0,755.0,526.0
moving,moving_frame_000004,moving_calib_camera,4,results/bus_real_data/ablation/moving_cam/motion_blur/moving_blur_k09_mild/raw_images/moving/frame_0004.png,11,0.17,929.4671630859375,929.467134475708,640.0,360.0,True,2.0391893060828568,0.03598263294891174,-0.015068224578614599,-0.42992899897460457,-0.03541175613448308,1.4479300128257155,1.5108256877195698,363.25,338.5,5164.5,328.0,314.0,431.0,316.0,404.0,363.0,290.0,361.0
moving,moving_frame_000004,moving_calib_camera,4,results/bus_real_data/ablation/moving_cam/motion_blur/moving_blur_k09_mild/raw_images/moving/frame_0004.png,9,0.17,929.4671630859375,929.467134475708,640.0,360.0,True,2.9650161279949185,0.02715139245779152,-0.02077986096634476,0.06402794008450809,-0.3615332657739442,2.2903811544332515,2.3196231831820513,666.0,213.5,4555.0,632.0,180.0,701.0,181.0,700.0,247.0,631.0,246.0
moving,moving_frame_000004,moving_calib_camera,4,results/bus_real_data/ablation/moving_cam/motion_blur/moving_blur_k09_mild/raw_images/moving/frame_0004.png,10,0.17,929.4671630859375,929.467134475708,640.0,360.0,True,-3.053566751237132,-0.006102202930100408,-0.14732125342282837,-1.4092565683640046,-0.4116815809257039,2.4943145435961087,2.894320445622019,114.75,206.5,4253.5,80.0,174.0,147.0,175.0,149.0,239.0,83.0,238.0
moving,moving_frame_000005,moving_calib_camera,5,results/bus_real_data/ablation/moving_cam/motion_blur/moving_blur_k09_mild/raw_images/moving/frame_0005.png,13,0.17,929.4671630859375,929.467134475708,640.0,360.0,True,2.0386729554736758,-0.06078214117801902,0.02988345121602193,0.14788353331214163,0.19627575021433533,1.4779970909254427,1.4982887272922918,733.25,485.0,6558.5,675.0,456.0,776.0,453.0,797.0,513.0,685.0,518.0
moving,moving_frame_000005,moving_calib_camera,5,results/bus_real_data/ablation/moving_cam/motion_blur/moving_blur_k09_mild/raw_images/moving/frame_0005.png,9,0.17,929.4671630859375,929.467134475708,640.0,360.0,True,-2.616555451218756,0.010144751606807534,-0.09726022277108992,-0.14652758188822174,-0.38505078559531974,2.245698435384436,2.283176712922083,579.25,200.0,4725.0,543.0,167.0,614.0,166.0,615.0,233.0,545.0,234.0
moving,moving_frame_000006,moving_calib_camera,6,results/bus_real_data/ablation/moving_cam/motion_blur/moving_blur_k09_mild/raw_images/moving/frame_0006.png,13,0.17,929.4671630859375,929.467134475708,640.0,360.0,True,2.019034079875552,0.04037634198671087,-0.03575454725416974,0.2620145360657712,0.2785224201972331,1.382186964662351,1.4341084899493513,816.75,549.25,8106.5,755.0,513.0,864.0,515.0,885.0,586.0,763.0,583.0
moving,moving_frame_000006,moving_calib_camera,6,results/bus_real_data/ablation/moving_cam/motion_blur/moving_blur_k09_mild/raw_images/moving/frame_0006.png,11,0.17,929.4671630859375,929.467134475708,640.0,360.0,True,2.0378605693363996,0.038483799988664844,-0.024999295865225528,-0.4343015900457344,0.024509223413768218,1.3442564351419755,1.4128849693337429,338.75,378.5,6484.5,303.0,350.0,413.0,352.0,381.0,407.0,258.0,405.0
moving,moving_frame_000006,moving_calib_camera,6,results/bus_real_data/ablation/moving_cam/motion_blur/moving_blur_k09_mild/raw_images/moving/frame_0006.png,9,0.17,929.4671630859375,929.467134475708,640.0,360.0,True,2.937938168378849,0.0235666307595696,-0.05399828776765111,0.06247034017349757,-0.30234416121573715,2.1951624750269887,2.216766299588041,666.5,232.25,4932.5,631.0,198.0,703.0,198.0,702.0,267.0,630.0,266.0
moving,moving_frame_000006,moving_calib_camera,6,results/bus_real_data/ablation/moving_cam/motion_blur/moving_blur_k09_mild/raw_images/moving/frame_0006.png,10,0.17,929.4671630859375,929.467134475708,640.0,360.0,True,-3.0889449741531374,0.0030266009344981117,-0.12112693739311187,-1.3957672031864934,-0.342514492878279,2.354912341434713,2.758821197389246,89.0,224.75,4724.0,53.0,191.0,123.0,191.0,125.0,259.0,55.0,258.0
moving,moving_frame_000007,moving_calib_camera,7,results/bus_real_data/ablation/moving_cam/motion_blur/moving_blur_k09_mild/raw_images/moving/frame_0007.png,13,0.17,929.4671630859375,929.467134475708,640.0,360.0,True,1.9955228520133252,0.1393807435851862,-0.11128175509676635,0.35786909586142435,0.36054927111987983,1.2744079122554588,1.3719262347141945,902.0,625.5,10481.0,835.0,579.0,956.0,589.0,976.0,673.0,841.0,661.0
moving,moving_frame_000007,moving_calib_camera,7,results/bus_real_data/ablation/moving_cam/motion_blur/moving_blur_k09_mild/raw_images/moving/frame_0007.png,9,0.17,929.4671630859375,929.467134475708,640.0,360.0,True,2.9364015306487,0.10007964928104521,-0.14688381848492044,0.2560837201825189,-0.20976997906713898,2.118438976301721,2.144146919447133,752.5,268.25,5376.5,717.0,231.0,792.0,234.0,788.0,306.0,713.0,302.0
moving,moving_frame_000007,moving_calib_camera,7,results/bus_real_data/ablation/moving_cam/motion_blur/moving_blur_k09_mild/raw_images/moving/frame_0007.png,10,0.17,929.4671630859375,929.467134475708,640.0,360.0,True,-3.1295557890824646,-0.05621793731867962,-0.028776104035264777,-1.1894479363666601,-0.30967703896255827,2.4139825000449617,2.708873893763024,182.0,240.75,4328.0,150.0,207.0,216.0,209.0,214.0,275.0,148.0,272.0
moving,moving_frame_000008,moving_calib_camera,8,results/bus_real_data/ablation/moving_cam/motion_blur/moving_blur_k09_mild/raw_images/moving/frame_0008.png,11,0.17,929.4671630859375,929.467134475708,640.0,360.0,True,1.9772666123877571,0.22025114373778057,-0.14586672363740966,-0.23475542278369993,0.12704090566937165,1.2427993523746137,1.2711411135284734,463.75,457.0,8102.0,432.0,420.0,545.0,432.0,502.0,496.0,376.0,480.0
moving,moving_frame_000008,moving_calib_camera,8,results/bus_real_data/ablation/moving_cam/motion_blur/moving_blur_k09_mild/raw_images/moving/frame_0008.png,9,0.17,929.4671630859375,929.467134475708,640.0,360.0,True,-2.712538581261831,-0.07500650804900807,0.2633089711045747,0.4243670316768802,-0.1092286525246338,1.9857723111020307,2.0335461508522723,839.0,308.25,6086.5,802.0,268.0,884.0,274.0,875.0,349.0,795.0,342.0
moving,moving_frame_000008,moving_calib_camera,8,results/bus_real_data/ablation/moving_cam/motion_blur/moving_blur_k09_mild/raw_images/moving/frame_0008.png,10,0.17,929.4671630859375,929.467134475708,640.0,360.0,True,3.120821779811844,0.13796446955442954,-0.16119833637628714,-0.9721769996969236,-0.2615619280888771,2.41857126088331,2.6197384802563723,266.5,259.5,4060.0,239.0,225.0,300.0,229.0,295.0,295.0,232.0,289.0
moving,moving_frame_000009,moving_calib_camera,9,results/bus_real_data/ablation/moving_cam/motion_blur/moving_blur_k09_mild/raw_images/moving/frame_0009.png,11,0.17,929.4671630859375,929.467134475708,640.0,360.0,True,1.9441108607136597,0.31613874969732647,-0.21013469503105162,-0.1573083281119381,0.1805588592167571,1.1866417715133348,1.2105643748414767,516.25,503.75,9373.5,487.0,461.0,603.0,480.0,551.0,550.0,424.0,524.0
moving,moving_frame_000009,moving_calib_camera,9,results/bus_real_data/ablation/moving_cam/motion_blur/moving_blur_k09_mild/raw_images/moving/frame_0009.png,9,0.17,929.4671630859375,929.467134475708,640.0,360.0,True,-2.7577030094710397,-0.11334429246447277,0.3266810955422802,0.5757311602056124,-0.012872886291841332,1.8695744318697616,1.9562567920225413,926.75,353.0,7037.5,889.0,309.0,977.0,318.0,964.0,398.0,877.0,387.0
moving,moving_frame_000009,moving_calib_camera,9,results/bus_real_data/ablation/moving_cam/motion_blur/moving_blur_k09_mild/raw_images/moving/frame_0009.png,10,0.17,929.4671630859375,929.467134475708,640.0,360.0,True,3.0688282035732555,0.17520240107492502,-0.27980001339794924,-0.7753697894307654,-0.2088293701883561,2.4394019112618683,2.568168549936556,344.75,280.5,3859.0,320.0,246.0,378.0,251.0,371.0,316.0,310.0,309.0
moving,moving_frame_000010,moving_calib_camera,10,results/bus_real_data/ablation/moving_cam/motion_blur/moving_blur_k09_mild/raw_images/moving/frame_0010.png,11,0.17,929.4671630859375,929.467134475708,640.0,360.0,True,1.9037491558095465,0.40595981292137023,-0.27343401914378207,-0.09228104201153851,0.23241649896980796,1.1194899809682797,1.1470793508718031,563.0,555.75,11115.0,537.0,506.0,656.0,534.0,595.0,610.0,464.0,573.0
moving,moving_frame_000010,moving_calib_camera,10,results/bus_real_data/ablation/moving_cam/motion_blur/moving_blur_k09_mild/raw_images/moving/frame_0010.png,9,0.17,929.4671630859375,929.467134475708,640.0,360.0,True,2.712796412497241,0.3130765517865131,-0.5148243782559287,0.7068497735809643,0.07903424321286075,1.7395482630942296,1.879337961529496,1018.5,403.0,8358.0,977.0,354.0,1074.0,368.0,1060.0,453.0,963.0,437.0
moving,moving_frame_000010,moving_calib_camera,10,results/bus_real_data/ablation/moving_cam/motion_blur/moving_blur_k09_mild/raw_images/moving/frame_0010.png,10,0.17,929.4671630859375,929.467134475708,640.0,360.0,True,3.0513919898983417,0.22603426793882403,-0.37588661653441713,-0.5848374538386429,-0.14805695481421186,2.4322279238573294,2.5059306420714558,416.75,303.5,3828.0,393.0,268.0,451.0,275.0,441.0,340.0,382.0,331.0
moving,moving_frame_000011,moving_calib_camera,11,results/bus_real_data/ablation/moving_cam/motion_blur/moving_blur_k09_mild/raw_images/moving/frame_0011.png,11,0.17,929.4671630859375,929.467134475708,640.0,360.0,True,1.8641301385541278,0.49654883080363876,-0.3407449887994767,-0.04267131728202738,0.2832191158233716,1.0566786411872886,1.094807590231165,602.25,612.5,13350.0,580.0,555.0,703.0,593.0,629.0,677.0,497.0,625.0
moving,moving_frame_000011,moving_calib_camera,11,results/bus_real_data/ablation/moving_cam/motion_blur/moving_blur_k09_mild/raw_images/moving/frame_0011.png,12,0.17,929.4671630859375,929.467134475708,640.0,360.0,True,2.750349709176992,-0.5979537962514292,1.161663722742683,-0.9132183634289067,0.23441354939797404,1.5720910402590198,1.8331360370435725,98.0,499.25,11435.0,23.0,473.0,130.0,434.0,171.0,522.0,68.0,568.0
moving,moving_frame_000011,moving_calib_camera,11,results/bus_real_data/ablation/moving_cam/motion_blur/moving_blur_k09_mild/raw_images/moving/frame_0011.png,9,0.17,929.4671630859375,929.467134475708,640.0,360.0,True,-2.7983353135789883,-0.16823703443993118,0.6318771616504788,0.8210328309768804,0.17575510139164685,1.6101538367188004,1.8159240466240245,1115.25,461.0,10283.0,1070.0,406.0,1180.0,425.0,1159.0,518.0,1052.0,495.0
moving,moving_frame_000011,moving_calib_camera,11,results/bus_real_data/ablation/moving_cam/motion_blur/moving_blur_k09_mild/raw_images/moving/frame_0011.png,10,0.17,929.4671630859375,929.467134475708,640.0,360.0,True,3.054442624047418,0.296229472003011,-0.6044427114431172,-0.40298627278001603,-0.0836598396426542,2.4263988800698426,2.461058396304799,486.0,328.0,3652.0,464.0,291.0,520.0,301.0,507.0,366.0,453.0,354.0
moving,moving_frame_000012,moving_calib_camera,12,results/bus_real_data/ablation/moving_cam/motion_blur/moving_blur_k09_mild/raw_images/moving/frame_0012.png,12,0.17,929.4671630859375,929.467134475708,640.0,360.0,True,2.8398063570090537,-0.5179847122052565,1.0534343412815426,-0.822648735824513,0.2657455961497248,1.5689222697160943,1.7913371410311747,150.75,518.0,11377.0,79.0,489.0,186.0,453.0,221.0,543.0,117.0,587.0
moving,moving_frame_000012,moving_calib_camera,12,results/bus_real_data/ablation/moving_cam/motion_blur/moving_blur_k09_mild/raw_images/moving/frame_0012.png,10,0.17,929.4671630859375,929.467134475708,640.0,360.0,True,2.9803475936502015,0.3369302901342666,-0.7163188501469275,-0.2280203993365435,-0.014306611832051922,2.3694081002313347,2.380397598532139,551.0,354.5,3770.0,531.0,316.0,586.0,328.0,571.0,394.0,516.0,380.0
moving,moving_frame_000013,moving_calib_camera,13,results/bus_real_data/ablation/moving_cam/motion_blur/moving_blur_k09_mild/raw_images/moving/frame_0013.png,12,0.17,929.4671630859375,929.467134475708,640.0,360.0,True,2.800535292004969,-0.49955452210229107,0.7528102876828983,-0.7416982475913734,0.29748901645853215,1.5690920630852108,1.7608707811280706,199.25,537.0,11320.0,129.0,506.0,237.0,473.0,268.0,564.0,163.0,605.0
moving,moving_frame_000013,moving_calib_camera,13,results/bus_real_data/ablation/moving_cam/motion_blur/moving_blur_k09_mild/raw_images/moving/frame_0013.png,10,0.17,929.4671630859375,929.467134475708,640.0,360.0,True,2.9083627196320703,0.37154023724234597,-0.8525510343363024,-0.06923485384508687,0.05564277020537651,2.315928231064237,2.3176309357409357,612.75,382.5,3859.5,594.0,343.0,649.0,356.0,631.0,424.0,577.0,407.0
moving,moving_frame_000014,moving_calib_camera,14,results/bus_real_data/ablation/moving_cam/motion_blur/moving_blur_k09_mild/raw_images/moving/frame_0014.png,12,0.17,929.4671630859375,929.467134475708,640.0,360.0,True,-3.039180848786064,0.4029663204762795,-0.6198247605541608,-0.6614967610934832,0.3289105360681794,1.5532980070174094,1.7200275591623764,243.0,557.0,11331.0,175.0,524.0,283.0,493.0,310.0,587.0,204.0,624.0
moving,moving_frame_000014,moving_calib_camera,14,results/bus_real_data/ablation/moving_cam/motion_blur/moving_blur_k09_mild/raw_images/moving/frame_0014.png,10,0.17,929.4671630859375,929.467134475708,640.0,360.0,True,2.8480866343647646,0.4148158778822042,-0.9938178609265464,0.07996519637318725,0.1272073365479793,2.261250239167989,2.2662367006206394,673.5,412.5,3978.0,656.0,371.0,711.0,387.0,690.0,456.0,637.0,436.0
moving,moving_frame_000015,moving_calib_camera,15,results/bus_real_data/ablation/moving_cam/motion_blur/moving_blur_k09_mild/raw_images/moving/frame_0015.png,12,0.17,929.4671630859375,929.467134475708,640.0,360.0,True,-2.9494837450092035,0.4087608190348054,-0.7977179327269859,-0.7777358623877482,0.3696821982298376,1.4082851944411179,1.6506983940787356,124.75,604.25,14441.0,45.0,572.0,170.0,532.0,203.0,632.0,81.0,681.0
moving,moving_frame_000015,moving_calib_camera,15,results/bus_real_data/ablation/moving_cam/motion_blur/moving_blur_k09_mild/raw_images/moving/frame_0015.png,10,0.17,929.4671630859375,929.467134475708,640.0,360.0,True,2.885684499584182,0.3651286588195052,-0.8464556283889917,-0.11067823350902813,0.15105225525050522,2.1846342966065473,2.192645312196783,593.5,424.5,4313.0,574.0,382.0,632.0,397.0,612.0,469.0,556.0,450.0
moving,moving_frame_000016,moving_calib_camera,16,results/bus_real_data/ablation/moving_cam/motion_blur/moving_blur_k09_mild/raw_images/moving/frame_0016.png,10,0.17,929.4671630859375,929.467134475708,640.0,360.0,True,2.9380875826769435,0.3275543601279632,-0.7111267059819272,-0.28495724559754243,0.18002324692712404,2.0845655471464877,2.1116397707949286,513.5,440.5,4820.0,492.0,396.0,553.0,411.0,535.0,487.0,474.0,468.0
moving,moving_frame_000017,moving_calib_camera,17,results/bus_real_data/ablation/moving_cam/motion_blur/moving_blur_k09_mild/raw_images/moving/frame_0017.png,10,0.17,929.4671630859375,929.467134475708,640.0,360.0,True,2.9560760058258007,0.2991113218035238,-0.6211168963674838,-0.4442142877431345,0.21350292941947735,1.9894752663839412,2.049615005277648,433.0,460.0,5298.0,410.0,414.0,474.0,428.0,456.0,509.0,392.0,489.0
moving,moving_frame_000018,moving_calib_camera,18,results/bus_real_data/ablation/moving_cam/motion_blur/moving_blur_k09_mild/raw_images/moving/frame_0018.png,10,0.17,929.4671630859375,929.467134475708,640.0,360.0,True,2.9894180015499563,0.2316410528810085,-0.5453851991720958,-0.5737015129239098,0.24581163047215948,1.835232694536217,1.9384622324670728,350.0,484.75,6233.0,323.0,435.0,393.0,449.0,377.0,536.0,307.0,519.0
moving,moving_frame_000019,moving_calib_camera,19,results/bus_real_data/ablation/moving_cam/motion_blur/moving_blur_k09_mild/raw_images/moving/frame_0019.png,10,0.17,929.4671630859375,929.467134475708,640.0,360.0,True,3.0296454353753495,0.19902611033126122,-0.4101589657042133,-0.6956753211832338,0.28558622904130543,1.7151452451121876,1.8727644962868062,263.5,515.0,7401.0,232.0,462.0,310.0,476.0,295.0,569.0,217.0,553.0
moving,moving_frame_000020,moving_calib_camera,20,results/bus_real_data/ablation/moving_cam/motion_blur/moving_blur_k09_mild/raw_images/moving/frame_0020.png,10,0.17,929.4671630859375,929.467134475708,640.0,360.0,True,3.0516601646061785,0.1635851441485517,-0.25574840942283367,-0.7942609264825536,0.32647455545540816,1.580362612067967,1.7986055821994489,173.25,552.25,9190.5,136.0,496.0,225.0,508.0,211.0,610.0,121.0,595.0
moving,moving_frame_000021,moving_calib_camera,21,results/bus_real_data/ablation/moving_cam/motion_blur/moving_blur_k09_mild/raw_images/moving/frame_0021.png,10,0.17,929.4671630859375,929.467134475708,640.0,360.0,True,3.0407395879922925,0.11724096867536914,-0.1620455454892131,-0.8699151203623309,0.36638706786470226,1.4328724748825912,1.7158424547171178,76.0,598.0,11589.0,33.0,537.0,134.0,547.0,120.0,660.0,17.0,648.0
moving,moving_frame_000028,moving_calib_camera,28,results/bus_real_data/ablation/moving_cam/motion_blur/moving_blur_k09_mild/raw_images/moving/frame_0028.png,14,0.17,929.4671630859375,929.467134475708,640.0,360.0,True,1.497004177224235,1.0960130939243442,-0.9266729229037018,-0.3874585549458429,0.9696604570914021,3.506804413541213,3.6589674402322245,537.25,617.25,923.0,554.0,604.0,565.0,624.0,518.0,630.0,512.0,611.0
moving,moving_frame_000029,moving_calib_camera,29,results/bus_real_data/ablation/moving_cam/motion_blur/moving_blur_k09_mild/raw_images/moving/frame_0029.png,14,0.17,929.4671630859375,929.467134475708,640.0,360.0,True,1.4896413799089816,1.0435567175359721,-0.9501325801581001,-0.5059579662262632,1.0353534583697763,3.2791699361641724,3.4757597324310288,496.5,653.75,1052.0,515.0,639.0,526.0,660.0,475.0,668.0,470.0,648.0
moving,moving_frame_000029,moving_calib_camera,29,results/bus_real_data/ablation/moving_cam/motion_blur/moving_blur_k09_mild/raw_images/moving/frame_0029.png,16,0.17,929.4671630859375,929.467134475708,640.0,360.0,True,2.677015951310162,-0.202271094564354,0.7077873335832235,-1.7348559934103696,0.10267553281518825,3.728334454772507,4.11348336444364,207.25,385.75,1845.5,183.0,367.0,228.0,365.0,233.0,404.0,185.0,407.0
moving,moving_frame_000030,moving_calib_camera,30,results/bus_real_data/ablation/moving_cam/motion_blur/moving_blur_k09_mild/raw_images/moving/frame_0030.png,14,0.17,929.4671630859375,929.467134475708,640.0,360.0,True,1.504330140885681,0.9842060697380337,-0.8860734626387063,-0.6244204287387941,1.1288781676643038,3.156418729142128,3.4098747752571006,456.0,692.75,1230.0,475.0,676.0,487.0,699.0,435.0,709.0,427.0,687.0
moving,moving_frame_000030,moving_calib_camera,30,results/bus_real_data/ablation/moving_cam/motion_blur/moving_blur_k09_mild/raw_images/moving/frame_0030.png,16,0.17,929.4671630859375,929.467134475708,640.0,360.0,True,-2.692354792411004,-0.04106484757637542,-0.6859960130959027,-1.8448079086786997,0.20052575828651512,3.4418571523920756,3.9102311257945286,141.5,414.0,2196.0,114.0,395.0,166.0,391.0,169.0,433.0,117.0,437.0
moving,moving_frame_000031,moving_calib_camera,31,results/bus_real_data/ablation/moving_cam/motion_blur/moving_blur_k09_mild/raw_images/moving/frame_0031.png,16,0.17,929.4671630859375,929.467134475708,640.0,360.0,True,-2.7062755339896056,-0.022577033731282954,-0.5999200018735907,-1.933360141728473,0.286467800776039,3.162880375438014,3.7180314022122936,71.5,444.0,2640.0,39.0,424.0,98.0,419.0,103.0,464.0,46.0,469.0
moving,moving_frame_000033,moving_calib_camera,33,results/bus_real_data/ablation/moving_cam/motion_blur/moving_blur_k09_mild/raw_images/moving/frame_0033.png,4,0.17,929.4671630859375,929.467134475708,640.0,360.0,True,-2.64809741445257,-0.10470210102717115,1.4066540553773847,0.06762744619255281,-0.15378302026552765,2.255572183125927,2.2618197457118407,668.5,296.5,2870.0,648.0,260.0,689.0,263.0,689.0,335.0,648.0,328.0
moving,moving_frame_000034,moving_calib_camera,34,results/bus_real_data/ablation/moving_cam/motion_blur/moving_blur_k09_mild/raw_images/moving/frame_0034.png,4,0.17,929.4671630859375,929.467134475708,640.0,360.0,True,-2.706341406336951,-0.08777816152769737,1.3326075406983569,0.027012077191392276,-0.10405536296174092,2.1313744914552593,2.1340839706303636,652.5,314.5,3404.0,629.0,276.0,676.0,279.0,675.0,355.0,630.0,348.0
moving,moving_frame_000035,moving_calib_camera,35,results/bus_real_data/ablation/moving_cam/motion_blur/moving_blur_k09_mild/raw_images/moving/frame_0035.png,4,0.17,929.4671630859375,929.467134475708,640.0,360.0,True,-2.760153442049769,-0.07659745375387736,1.2480220646022426,-0.0017718559636435323,-0.05859006895479586,2.0069924630857323,2.0078482717916257,640.0,332.75,4082.0,614.0,292.0,666.0,295.0,666.0,376.0,614.0,368.0
moving,moving_frame_000036,moving_calib_camera,36,results/bus_real_data/ablation/moving_cam/motion_blur/moving_blur_k09_mild/raw_images/moving/frame_0036.png,4,0.17,929.4671630859375,929.467134475708,640.0,360.0,True,-2.7892082096721778,-0.07528949232945611,1.171089454074995,-0.016133272187049994,-0.0170602143244163,1.8928080168705184,1.8929536502813693,633.0,351.5,4814.0,604.0,308.0,662.0,312.0,662.0,398.0,604.0,388.0
moving,moving_frame_000037,moving_calib_camera,37,results/bus_real_data/ablation/moving_cam/motion_blur/moving_blur_k09_mild/raw_images/moving/frame_0037.png,4,0.17,929.4671630859375,929.467134475708,640.0,360.0,True,-2.825577498911983,-0.054165326189414144,1.1062821560191007,-0.018777544825236966,0.021341985321208963,1.7834699819644526,1.783696513730797,631.25,371.0,5672.5,598.0,325.0,664.0,329.0,663.0,420.0,600.0,410.0
moving,moving_frame_000038,moving_calib_camera,38,results/bus_real_data/ablation/moving_cam/motion_blur/moving_blur_k09_mild/raw_images/moving/frame_0038.png,4,0.17,929.4671630859375,929.467134475708,640.0,360.0,True,-2.762535004099072,-0.09211536762045691,1.1328226422888668,0.06542607330570585,-0.07843052544645225,1.7558619951801577,1.7588300840354234,675.75,318.25,5955.5,642.0,271.0,710.0,276.0,708.0,368.0,643.0,358.0
moving,moving_frame_000039,moving_calib_camera,39,results/bus_real_data/ablation/moving_cam/motion_blur/moving_blur_k09_mild/raw_images/moving/frame_0039.png,0,0.17,929.4671630859375,929.467134475708,640.0,360.0,True,2.5449157239967315,-0.37957535335932874,0.8559148548603448,-2.3435605332973037,0.176414496658647,3.638581681963444,4.3315903204458275,41.0,405.25,2015.5,12.0,389.0,62.0,383.0,71.0,421.0,19.0,428.0
moving,moving_frame_000039,moving_calib_camera,39,results/bus_real_data/ablation/moving_cam/motion_blur/moving_blur_k09_mild/raw_images/moving/frame_0039.png,4,0.17,929.4671630859375,929.467134475708,640.0,360.0,True,-2.6958549019079308,-0.12496658850758569,1.1502365120689684,0.1495271828485232,-0.17278316015101283,1.7151902188142218,1.7303438633862243,722.25,266.0,6406.0,688.0,218.0,758.0,222.0,756.0,318.0,687.0,306.0
moving,moving_frame_000040,moving_calib_camera,40,results/bus_real_data/ablation/moving_cam/motion_blur/moving_blur_k09_mild/raw_images/moving/frame_0040.png,0,0.17,929.4671630859375,929.467134475708,640.0,360.0,True,-2.566567520186347,0.05286511474946859,-0.5833828709384166,-2.185742114416679,-0.044438926140591285,3.6508334050742417,4.2553528596929775,83.25,348.5,1938.0,53.0,332.0,104.0,327.0,112.0,364.0,64.0,371.0
moving,moving_frame_000040,moving_calib_camera,40,results/bus_real_data/ablation/moving_cam/motion_blur/moving_blur_k09_mild/raw_images/moving/frame_0040.png,4,0.17,929.4671630859375,929.467134475708,640.0,360.0,True,-2.635480315858131,-0.16038263276473624,1.1614931380136508,0.22991371943441635,-0.26185360636247784,1.6643920114108588,1.7004788729053613,769.75,213.25,7049.0,734.0,163.0,809.0,168.0,804.0,267.0,732.0,255.0
moving,moving_frame_000041,moving_calib_camera,41,results/bus_real_data/ablation/moving_cam/motion_blur/moving_blur_k09_mild/raw_images/moving/frame_0041.png,0,0.17,929.4671630859375,929.467134475708,640.0,360.0,True,2.6183735617964845,-0.42279163571415856,0.8527199438736361,-2.002960549158737,-0.2643843917098784,3.5927594818179003,4.121852831222689,121.5,291.75,1947.0,92.0,275.0,140.0,270.0,152.0,308.0,102.0,314.0
moving,moving_frame_000041,moving_calib_camera,41,results/bus_real_data/ablation/moving_cam/motion_blur/moving_blur_k09_mild/raw_images/moving/frame_0041.png,4,0.17,929.4671630859375,929.467134475708,640.0,360.0,True,-2.5631284880506358,-0.20577897531856995,1.1830929485004895,0.30682342663882894,-0.3440752002721889,1.6046610163987107,1.669570404662973,819.25,160.0,7815.0,783.0,107.0,862.0,113.0,854.0,217.0,778.0,203.0
moving,moving_frame_000042,moving_calib_camera,42,results/bus_real_data/ablation/moving_cam/motion_blur/moving_blur_k09_mild/raw_images/moving/frame_0042.png,0,0.17,929.4671630859375,929.467134475708,640.0,360.0,True,-2.5149764584370633,0.09810641150287569,-0.4952242991563536,-1.9360313883273186,-0.5021928077740149,3.733268282226112,4.235293050054985,157.75,234.75,1848.0,129.0,218.0,176.0,213.0,186.0,251.0,140.0,257.0
moving,moving_frame_000042,moving_calib_camera,42,results/bus_real_data/ablation/moving_cam/motion_blur/moving_blur_k09_mild/raw_images/moving/frame_0042.png,4,0.17,929.4671630859375,929.467134475708,640.0,360.0,True,-2.4913238934646222,-0.23528203770943143,1.187923814644707,0.37999995091907307,-0.41801746721792626,1.5323675081889967,1.6331836227905123,872.25,105.5,8955.5,834.0,49.0,920.0,56.0,908.0,166.0,827.0,151.0
moving,moving_frame_000043,moving_calib_camera,43,results/bus_real_data/ablation/moving_cam/motion_blur/moving_blur_k09_mild/raw_images/moving/frame_0043.png,3,0.17,929.4671630859375,929.467134475708,640.0,360.0,True,-2.36753654056714,-0.24432195443554233,1.2843687268669466,0.13102782231432908,0.37267655924252985,2.447585287054316,2.4792599390612606,690.25,501.5,1995.5,669.0,460.0,710.0,490.0,709.0,543.0,673.0,513.0
moving,moving_frame_000043,moving_calib_camera,43,results/bus_real_data/ablation/moving_cam/motion_blur/moving_blur_k09_mild/raw_images/moving/frame_0043.png,0,0.17,929.4671630859375,929.467134475708,640.0,360.0,True,2.7760758874648945,-0.4200678258170745,0.6656486401265154,-1.7225277110102226,-0.7011418988840546,3.5637728086080105,4.019848045504044,190.5,177.25,1956.5,161.0,160.0,209.0,155.0,220.0,194.0,172.0,200.0
moving,moving_frame_000044,moving_calib_camera,44,results/bus_real_data/ablation/moving_cam/motion_blur/moving_blur_k09_mild/raw_images/moving/frame_0044.png,14,0.17,929.4671630859375,929.467134475708,640.0,360.0,True,1.7941394207151695,1.0328887530784856,-0.6907425033664417,-0.4169354724632705,0.6875873439297612,2.249042897378279,2.3884734660402316,467.5,645.0,3414.0,488.0,612.0,514.0,653.0,445.0,679.0,423.0,636.0
moving,moving_frame_000044,moving_calib_camera,44,results/bus_real_data/ablation/moving_cam/motion_blur/moving_blur_k09_mild/raw_images/moving/frame_0044.png,0,0.17,929.4671630859375,929.467134475708,640.0,360.0,True,2.814554616128092,-0.4434048319839007,0.6412127966744228,-1.6066359546148756,-0.9270564392968498,3.570233412577915,4.023341814038518,221.5,118.75,1922.5,192.0,101.0,239.0,97.0,251.0,135.0,204.0,142.0
moving,moving_frame_000045,moving_calib_camera,45,results/bus_real_data/ablation/moving_cam/motion_blur/moving_blur_k09_mild/raw_images/moving/frame_0045.png,14,0.17,929.4671630859375,929.467134475708,640.0,360.0,True,1.8178758818969092,1.1019368382214845,-0.6792928978810759,-0.3442728066865393,0.5663775683597442,2.259846710468052,2.355040226870488,498.25,593.75,3355.0,519.0,562.0,544.0,603.0,476.0,627.0,454.0,583.0
moving,moving_frame_000045,moving_calib_camera,45,results/bus_real_data/ablation/moving_cam/motion_blur/moving_blur_k09_mild/raw_images/moving/frame_0045.png,3,0.17,929.4671630859375,929.467134475708,640.0,360.0,True,-2.253906650926294,-0.34106690560090563,1.2809380481594483,0.3088241633394764,0.13320047901577284,2.458952548246887,2.4818465637509135,757.25,410.25,2113.0,737.0,369.0,780.0,400.0,774.0,452.0,738.0,420.0
moving,moving_frame_000045,moving_calib_camera,45,results/bus_real_data/ablation/moving_cam/motion_blur/moving_blur_k09_mild/raw_images/moving/frame_0045.png,0,0.17,929.4671630859375,929.467134475708,640.0,360.0,True,-2.3048643377213356,0.10970517533906678,-0.2666817878441298,-1.4774022973116585,-1.1431878610183677,3.5342216963773674,3.9975391221132575,251.25,59.0,1974.0,221.0,41.0,268.0,36.0,281.0,77.0,235.0,82.0
moving,moving_frame_000046,moving_calib_camera,46,results/bus_real_data/ablation/moving_cam/motion_blur/moving_blur_k09_mild/raw_images/moving/frame_0046.png,14,0.17,929.4671630859375,929.467134475708,640.0,360.0,True,1.8678148093063336,1.155198369720276,-0.6699524379070528,-0.27456900899090547,0.44561580072247714,2.260519655777983,2.3203255583452926,527.0,544.0,3366.0,547.0,512.0,573.0,554.0,505.0,577.0,483.0,533.0
moving,moving_frame_000046,moving_calib_camera,46,results/bus_real_data/ablation/moving_cam/motion_blur/moving_blur_k09_mild/raw_images/moving/frame_0046.png,3,0.17,929.4671630859375,929.467134475708,640.0,360.0,True,-2.230830376691517,-0.45816851589560387,1.4129094509264277,0.39844494051592805,0.019926396869561158,2.4450628355061124,2.477395346223153,792.0,367.5,2154.0,778.0,324.0,814.0,357.0,805.0,411.0,771.0,378.0
moving,moving_frame_000047,moving_calib_camera,47,results/bus_real_data/ablation/moving_cam/motion_blur/moving_blur_k09_mild/raw_images/moving/frame_0047.png,14,0.17,929.4671630859375,929.467134475708,640.0,360.0,True,1.8995944218266456,1.2281367388162474,-0.6442100979059271,-0.20869902987507358,0.332652130466968,2.277420258933361,2.3110291561932117,554.75,496.5,3352.0,575.0,465.0,600.0,508.0,533.0,529.0,511.0,484.0
moving,moving_frame_000047,moving_calib_camera,47,results/bus_real_data/ablation/moving_cam/motion_blur/moving_blur_k09_mild/raw_images/moving/frame_0047.png,3,0.17,929.4671630859375,929.467134475708,640.0,360.0,True,-2.1430749762468704,-0.41256468337915897,1.2708394354030654,0.4813229186913092,-0.09022047598314337,2.4255340322757104,2.474475061113329,825.0,325.25,2312.5,806.0,283.0,850.0,316.0,841.0,368.0,803.0,334.0
moving,moving_frame_000048,moving_calib_camera,48,results/bus_real_data/ablation/moving_cam/motion_blur/moving_blur_k09_mild/raw_images/moving/frame_0048.png,14,0.17,929.4671630859375,929.467134475708,640.0,360.0,True,1.9126186635620035,1.27927725756087,-0.6363809729534519,-0.14168198953562042,0.2172954175522856,2.2435063966133706,2.2584534611749483,581.25,450.75,3394.0,602.0,420.0,627.0,463.0,559.0,483.0,537.0,437.0
moving,moving_frame_000048,moving_calib_camera,48,results/bus_real_data/ablation/moving_cam/motion_blur/moving_blur_k09_mild/raw_images/moving/frame_0048.png,3,0.17,929.4671630859375,929.467134475708,640.0,360.0,True,-2.0716595633395576,-0.4738443188987025,1.311944276915547,0.5439301204892225,-0.1883239627462756,2.3097594931353345,2.3804022363980164,859.5,284.0,2547.0,842.0,239.0,886.0,275.0,874.0,330.0,836.0,292.0
moving,moving_frame_000049,moving_calib_camera,49,results/bus_real_data/ablation/moving_cam/motion_blur/moving_blur_k09_mild/raw_images/moving/frame_0049.png,14,0.17,929.4671630859375,929.467134475708,640.0,360.0,True,1.963767479190455,1.3564521505212601,-0.6295675150805286,-0.08050602322068814,0.1109376851613895,2.251142271213045,2.2553114895743347,606.75,406.5,3464.0,628.0,375.0,652.0,420.0,584.0,439.0,563.0,392.0
moving,moving_frame_000049,moving_calib_camera,49,results/bus_real_data/ablation/moving_cam/motion_blur/moving_blur_k09_mild/raw_images/moving/frame_0049.png,3,0.17,929.4671630859375,929.467134475708,640.0,360.0,True,-2.0340492406144524,-0.5721663598804492,1.2937513535104748,0.6184669252778996,-0.2843983855730426,2.2692597128832133,2.369160911355338,894.0,243.25,2842.0,880.0,196.0,923.0,236.0,906.0,291.0,867.0,250.0
moving,moving_frame_000050,moving_calib_camera,50,results/bus_real_data/ablation/moving_cam/motion_blur/moving_blur_k09_mild/raw_images/moving/frame_0050.png,14,0.17,929.4671630859375,929.467134475708,640.0,360.0,True,1.8797578325074624,1.4028115576164781,-0.6726981220436246,0.037016721877973904,0.23308966136277845,2.2220892508139816,2.2345875830935444,655.5,458.25,3602.5,678.0,427.0,701.0,475.0,631.0,490.0,612.0,441.0
moving,moving_frame_000050,moving_calib_camera,50,results/bus_real_data/ablation/moving_cam/motion_blur/moving_blur_k09_mild/raw_images/moving/frame_0050.png,3,0.17,929.4671630859375,929.467134475708,640.0,360.0,True,-1.9979499700166339,-0.525206589043408,1.4243769776670558,0.7491506314041496,-0.12016429358605558,2.196554545488865,2.32390146032358,957.75,309.0,2906.0,943.0,260.0,987.0,303.0,970.0,358.0,931.0,315.0
moving,moving_frame_000051,moving_calib_camera,51,results/bus_real_data/ablation/moving_cam/motion_blur/moving_blur_k09_mild/raw_images/moving/frame_0051.png,14,0.17,929.4671630859375,929.467134475708,640.0,360.0,True,1.792781576736184,1.4228384157280822,-0.7570317183763804,0.14970705657283834,0.35873607843418553,2.1767831525710446,2.211218820034593,704.0,514.0,3740.0,728.0,483.0,750.0,533.0,678.0,545.0,660.0,495.0
moving,moving_frame_000051,moving_calib_camera,51,results/bus_real_data/ablation/moving_cam/motion_blur/moving_blur_k09_mild/raw_images/moving/frame_0051.png,3,0.17,929.4671630859375,929.467134475708,640.0,360.0,True,2.5588159882478054,0.8885126073038127,0.6836864860044292,0.9039271920026346,0.042394234355644725,2.1825804706391354,2.3627397551071336,1024.5,378.25,3156.5,1015.0,328.0,1055.0,374.0,1034.0,429.0,994.0,382.0
moving,moving_frame_000051,moving_calib_camera,51,results/bus_real_data/ablation/moving_cam/motion_blur/moving_blur_k09_mild/raw_images/moving/frame_0051.png,16,0.17,929.4671630859375,929.467134475708,640.0,360.0,True,-2.3451924329659533,0.072279577603389,-0.28318901587695644,-0.9907003309364723,-0.7116704639230479,2.224370097952173,2.5368847682939486,225.5,61.75,5097.5,177.0,31.0,254.0,26.0,272.0,92.0,199.0,98.0
moving,moving_frame_000052,moving_calib_camera,52,results/bus_real_data/ablation/moving_cam/motion_blur/moving_blur_k09_mild/raw_images/moving/frame_0052.png,14,0.17,929.4671630859375,929.467134475708,640.0,360.0,True,1.7116290478344447,1.4817789813884588,-0.8514814980150307,0.25792390072188315,0.4864580071264601,2.1244078201157723,2.1946012661597747,753.0,573.75,4050.0,780.0,543.0,799.0,596.0,724.0,605.0,709.0,551.0
moving,moving_frame_000052,moving_calib_camera,52,results/bus_real_data/ablation/moving_cam/motion_blur/moving_blur_k09_mild/raw_images/moving/frame_0052.png,3,0.17,929.4671630859375,929.467134475708,640.0,360.0,True,-1.992212000045642,-0.538039320626006,1.6552926987905614,1.007711807141344,0.20571570757214758,2.0754879465940745,2.3163445890133167,1092.25,452.25,3543.5,1080.0,399.0,1126.0,449.0,1102.0,506.0,1061.0,455.0
moving,moving_frame_000052,moving_calib_camera,52,results/bus_real_data/ablation/moving_cam/motion_blur/moving_blur_k09_mild/raw_images/moving/frame_0052.png,16,0.17,929.4671630859375,929.467134475708,640.0,360.0,True,-2.373168219697035,0.03988048927366543,-0.20740281507751152,-0.8154055057224461,-0.6240421532557555,2.2751239768378784,2.4960977260085713,306.5,104.25,4624.5,262.0,74.0,336.0,71.0,349.0,134.0,279.0,138.0
moving,moving_frame_000053,moving_calib_camera,53,results/bus_real_data/ablation/moving_cam/motion_blur/moving_blur_k09_mild/raw_images/moving/frame_0053.png,14,0.17,929.4671630859375,929.467134475708,640.0,360.0,True,1.6421382594864942,1.5244483691900481,-0.8837744690092305,0.370477192498781,0.6261440371509489,2.0991574647014812,2.221659687493433,804.25,638.25,4358.0,832.0,607.0,851.0,665.0,774.0,669.0,760.0,612.0
moving,moving_frame_000053,moving_calib_camera,53,results/bus_real_data/ablation/moving_cam/motion_blur/moving_blur_k09_mild/raw_images/moving/frame_0053.png,16,0.17,929.4671630859375,929.467134475708,640.0,360.0,True,-2.4377643964079363,0.010384663773484907,-0.14566297456476648,-0.6507547430090639,-0.531769064336002,2.342083762426174,2.488295887460718,381.5,148.25,4258.5,341.0,118.0,412.0,117.0,420.0,178.0,353.0,180.0
moving,moving_frame_000054,moving_calib_camera,54,results/bus_real_data/ablation/moving_cam/motion_blur/moving_blur_k09_mild/raw_images/moving/frame_0054.png,16,0.17,929.4671630859375,929.467134475708,640.0,360.0,True,-2.48514314259288,-0.00759784517038988,-0.05002766644160082,-0.47890586853658823,-0.4251501932031222,2.3755555682792875,2.4603592777645633,452.5,193.0,4020.0,415.0,163.0,483.0,163.0,489.0,223.0,423.0,223.0
moving,moving_frame_000054,moving_calib_camera,54,results/bus_real_data/ablation/moving_cam/motion_blur/moving_blur_k09_mild/raw_images/moving/frame_0054.png,0,0.17,929.4671630859375,929.467134475708,640.0,360.0,True,2.927490135619897,0.004515094567731476,-0.010530378906220177,0.4310215562302655,-1.079905323681135,3.514417932927089,3.7017709947171946,754.0,74.5,1845.0,731.0,54.0,776.0,54.0,777.0,95.0,732.0,95.0
moving,moving_frame_000055,moving_calib_camera,55,results/bus_real_data/ablation/moving_cam/motion_blur/moving_blur_k09_mild/raw_images/moving/frame_0055.png,16,0.17,929.4671630859375,929.467134475708,640.0,360.0,True,-2.491022731608695,-0.012622248023319996,-0.06634021676176106,-0.47535308399324727,-0.31341022693033194,2.2791558704896087,2.349199439552474,446.0,231.5,4270.0,407.0,201.0,478.0,201.0,484.0,262.0,415.0,262.0
moving,moving_frame_000055,moving_calib_camera,55,results/bus_real_data/ablation/moving_cam/motion_blur/moving_blur_k09_mild/raw_images/moving/frame_0055.png,0,0.17,929.4671630859375,929.467134475708,640.0,360.0,True,2.9693055054411133,0.05235645447098542,-0.1427496191793657,0.43913922053895016,-0.9664719489451498,3.5354649584982596,3.691398617852384,755.5,106.0,1890.0,734.0,85.0,778.0,85.0,778.0,127.0,732.0,127.0
moving,moving_frame_000056,moving_calib_camera,56,results/bus_real_data/ablation/moving_cam/motion_blur/moving_blur_k09_mild/raw_images/moving/frame_0056.png,16,0.17,929.4671630859375,929.467134475708,640.0,360.0,True,-2.571590898174002,-0.009353487123695069,-0.048822408223832284,-0.4834351894604577,-0.2143755887197275,2.242438425151743,2.3039523792918613,439.5,270.5,4473.0,400.0,239.0,472.0,239.0,478.0,302.0,408.0,302.0
moving,moving_frame_000057,moving_calib_camera,57,results/bus_real_data/ablation/moving_cam/motion_blur/moving_blur_k09_mild/raw_images/moving/frame_0057.png,16,0.17,929.4671630859375,929.467134475708,640.0,360.0,True,-2.5456914158201838,-0.035668178084657665,0.060767971112340786,-0.3014670559171631,-0.21116641063093755,2.2282612091322416,2.2584555906427726,514.25,271.25,4395.0,476.0,239.0,548.0,241.0,551.0,304.0,482.0,301.0
moving,moving_frame_000057,moving_calib_camera,57,results/bus_real_data/ablation/moving_cam/motion_blur/moving_blur_k09_mild/raw_images/moving/frame_0057.png,0,0.17,929.4671630859375,929.467134475708,640.0,360.0,True,-2.4923036782915915,-0.0007694257673382042,0.31077634535131643,0.7542234509338239,-0.8049350898447064,3.468610183888256,3.6397843508338728,842.25,144.0,2002.0,820.0,122.0,867.0,123.0,864.0,166.0,818.0,165.0
moving,moving_frame_000058,moving_calib_camera,58,results/bus_real_data/ablation/moving_cam/motion_blur/moving_blur_k09_mild/raw_images/moving/frame_0058.png,16,0.17,929.4671630859375,929.467134475708,640.0,360.0,True,-2.5444753765303156,-0.05314874845677994,0.16168192787363256,-0.12486373972142249,-0.20386432666020976,2.2268150104702134,2.239610838524697,588.0,274.25,4366.0,551.0,241.0,623.0,245.0,623.0,308.0,555.0,303.0
moving,moving_frame_000058,moving_calib_camera,58,results/bus_real_data/ablation/moving_cam/motion_blur/moving_blur_k09_mild/raw_images/moving/frame_0058.png,0,0.17,929.4671630859375,929.467134475708,640.0,360.0,True,2.9223052913385033,0.17697974713461975,-0.3407865766074759,1.0447843245023078,-0.7477861205522931,3.3559918085602165,3.5935274294124517,929.5,153.0,2164.0,907.0,130.0,956.0,132.0,952.0,176.0,903.0,174.0
moving,moving_frame_000059,moving_calib_camera,59,results/bus_real_data/ablation/moving_cam/motion_blur/moving_blur_k09_mild/raw_images/moving/frame_0059.png,16,0.17,929.4671630859375,929.467134475708,640.0,360.0,True,-2.538111930776788,-0.08465587857549962,0.26841202534394465,0.04524939918884684,-0.1859000155609683,2.184799213082276,2.19316071581575,659.5,280.25,4516.0,624.0,245.0,696.0,252.0,694.0,316.0,624.0,308.0
moving,moving_frame_000059,moving_calib_camera,59,results/bus_real_data/ablation/moving_cam/motion_blur/moving_blur_k09_mild/raw_images/moving/frame_0059.png,0,0.17,929.4671630859375,929.467134475708,640.0,360.0,True,-2.4026115976969034,-0.012279411285641306,0.44780327416430515,1.2913418312460585,-0.6631728722332392,3.1589158306718925,3.4765084796188113,1020.25,164.5,2430.0,997.0,141.0,1051.0,143.0,1043.0,189.0,990.0,185.0
moving,moving_frame_000060,moving_calib_camera,60,results/bus_real_data/ablation/moving_cam/motion_blur/moving_blur_k09_mild/raw_images/moving/frame_0060.png,16,0.17,929.4671630859375,929.467134475708,640.0,360.0,True,-2.5374722838423214,-0.09609270631566064,0.3818335781185601,0.2100015506386296,-0.1636240458980355,2.1541137714612435,2.1705021585028783,731.0,288.75,4672.5,696.0,252.0,769.0,261.0,765.0,326.0,694.0,316.0
moving,moving_frame_000060,moving_calib_camera,60,results/bus_real_data/ablation/moving_cam/motion_blur/moving_blur_k09_mild/raw_images/moving/frame_0060.png,0,0.17,929.4671630859375,929.467134475708,640.0,360.0,True,2.9155103573061387,0.32692249147326863,-0.695638258752743,1.6269272200209302,-0.619523515143114,3.175688413042849,3.6215602247919225,1116.5,178.75,2657.5,1094.0,153.0,1149.0,157.0,1139.0,205.0,1084.0,200.0
moving,moving_frame_000061,moving_calib_camera,61,results/bus_real_data/ablation/moving_cam/motion_blur/moving_blur_k09_mild/raw_images/moving/frame_0061.png,16,0.17,929.4671630859375,929.467134475708,640.0,360.0,True,-2.5223663227675157,-0.12187346237023815,0.4818870773647371,0.3669649312651431,-0.13505007823381646,2.105881422465246,2.141877295713655,802.5,299.75,4922.0,768.0,261.0,843.0,273.0,836.0,339.0,763.0,326.0
moving,moving_frame_000061,moving_calib_camera,61,results/bus_real_data/ablation/moving_cam/motion_blur/moving_blur_k09_mild/raw_images/moving/frame_0061.png,0,0.17,929.4671630859375,929.467134475708,640.0,360.0,True,2.9562744869599418,0.3753442979038728,-0.8687718232073431,1.9045460801617256,-0.5346936465284355,3.0531503365647064,3.637982963781228,1220.25,197.25,3092.5,1197.0,169.0,1257.0,175.0,1243.0,226.0,1184.0,219.0
moving,moving_frame_000062,moving_calib_camera,62,results/bus_real_data/ablation/moving_cam/motion_blur/moving_blur_k09_mild/raw_images/moving/frame_0062.png,18,0.17,929.4671630859375,929.467134475708,640.0,360.0,True,-2.268787110460227,0.369349138040325,-1.4253250902762475,-0.7505336809656811,-0.03141021837670654,1.600727829578298,1.768224248354494,202.25,341.5,7861.5,150.0,318.0,232.0,278.0,252.0,363.0,175.0,407.0
moving,moving_frame_000062,moving_calib_camera,62,results/bus_real_data/ablation/moving_cam/motion_blur/moving_blur_k09_mild/raw_images/moving/frame_0062.png,16,0.17,929.4671630859375,929.467134475708,640.0,360.0,True,-2.532083404286135,-0.10157144910484203,0.33879319878809405,0.13990102390087122,-0.10286538387293685,2.012617538856195,2.0200947852512776,705.0,311.75,5229.0,667.0,273.0,746.0,283.0,741.0,351.0,666.0,340.0
moving,moving_frame_000062,moving_calib_camera,62,results/bus_real_data/ablation/moving_cam/motion_blur/moving_blur_k09_mild/raw_images/moving/frame_0062.png,0,0.17,929.4671630859375,929.467134475708,640.0,360.0,True,2.9482338554426932,0.31570989971799257,-0.6685819757574287,1.5599400090311484,-0.5718176747848441,3.1069131966563233,3.5232510408044524,1107.0,189.0,2794.0,1084.0,162.0,1140.0,167.0,1130.0,216.0,1074.0,211.0
moving,moving_frame_000063,moving_calib_camera,63,results/bus_real_data/ablation/moving_cam/motion_blur/moving_blur_k09_mild/raw_images/moving/frame_0063.png,16,0.17,929.4671630859375,929.467134475708,640.0,360.0,True,-2.573401633283893,-0.06858066026513449,0.24421041325058684,-0.0666754718233025,-0.06133511892187207,1.9671416271776814,1.9692267001874812,608.75,330.25,5444.5,568.0,292.0,648.0,299.0,648.0,369.0,571.0,361.0
moving,moving_frame_000063,moving_calib_camera,63,results/bus_real_data/ablation/moving_cam/motion_blur/moving_blur_k09_mild/raw_images/moving/frame_0063.png,0,0.17,929.4671630859375,929.467134475708,640.0,360.0,True,-2.5910314929416813,-0.06153941226007993,0.45746486569064615,1.226424698282089,-0.5911014645547185,3.140481296823796,3.4228849319915966,1003.25,184.75,2621.0,980.0,159.0,1034.0,162.0,1026.0,211.0,973.0,207.0
moving,moving_frame_000064,moving_calib_camera,64,results/bus_real_data/ablation/moving_cam/motion_blur/moving_blur_k09_mild/raw_images/moving/frame_0064.png,16,0.17,929.4671630859375,929.467134475708,640.0,360.0,True,-2.564048704429833,-0.052175671048325295,0.13272237161704734,-0.25394737014328267,-0.007753318702717515,1.8608680106158235,1.8781318201039265,513.25,355.25,5940.0,468.0,317.0,553.0,322.0,557.0,394.0,475.0,388.0
moving,moving_frame_000064,moving_calib_camera,64,results/bus_real_data/ablation/moving_cam/motion_blur/moving_blur_k09_mild/raw_images/moving/frame_0064.png,0,0.17,929.4671630859375,929.467134475708,640.0,360.0,True,-2.676331166779175,-0.04243439840276481,0.3866313254704611,0.9116852974218702,-0.602776430223611,3.1791495505158895,3.361770570832237,906.75,183.5,2532.5,883.0,158.0,935.0,160.0,930.0,209.0,879.0,207.0
moving,moving_frame_000065,moving_calib_camera,65,results/bus_real_data/ablation/moving_cam/motion_blur/moving_blur_k09_mild/raw_images/moving/frame_0065.png,16,0.17,929.4671630859375,929.467134475708,640.0,360.0,True,-2.5614413839748824,-0.02353023323671606,-0.02446271631295624,-0.414090150131781,0.05391624236076877,1.7273732960269064,1.7771314294258949,417.0,388.0,6890.0,365.0,350.0,459.0,351.0,467.0,426.0,377.0,425.0
moving,moving_frame_000065,moving_calib_camera,65,results/bus_real_data/ablation/moving_cam/motion_blur/moving_blur_k09_mild/raw_images/moving/frame_0065.png,19,0.17,929.4671630859375,929.467134475708,640.0,360.0,True,-1.9699171510073907,-0.48457993790642706,1.916709782368557,1.1967152749079006,-0.2777542792317897,2.008811322480425,2.3546969694962914,1194.75,231.25,3859.5,1183.0,182.0,1229.0,206.0,1204.0,284.0,1163.0,253.0
moving,moving_frame_000065,moving_calib_camera,65,results/bus_real_data/ablation/moving_cam/motion_blur/moving_blur_k09_mild/raw_images/moving/frame_0065.png,0,0.17,929.4671630859375,929.467134475708,640.0,360.0,True,3.0024101674340704,0.0642898004709768,-0.2517282755436389,0.589650606904664,-0.5861192147254057,3.1204651711984837,3.229322909954368,815.75,185.5,2523.5,791.0,161.0,842.0,161.0,841.0,210.0,789.0,210.0
moving,moving_frame_000066,moving_calib_camera,66,results/bus_real_data/ablation/moving_cam/motion_blur/moving_blur_k09_mild/raw_images/moving/frame_0066.png,16,0.17,929.4671630859375,929.467134475708,640.0,360.0,True,-2.574499386505655,0.004772038052372612,-0.10372750660737234,-0.5587619629187365,0.12308351146206727,1.608782174816519,1.707496579207701,316.75,430.0,7989.0,257.0,392.0,360.0,389.0,374.0,468.0,276.0,471.0
moving,moving_frame_000066,moving_calib_camera,66,results/bus_real_data/ablation/moving_cam/motion_blur/moving_blur_k09_mild/raw_images/moving/frame_0066.png,19,0.17,929.4671630859375,929.467134475708,640.0,360.0,True,-2.060322587300675,-0.449214680381121,1.7872546372516698,1.002833052965009,-0.28083776151475837,2.007862799577732,2.261870244364134,1105.25,229.75,3898.5,1091.0,180.0,1138.0,205.0,1118.0,282.0,1074.0,252.0
moving,moving_frame_000066,moving_calib_camera,66,results/bus_real_data/ablation/moving_cam/motion_blur/moving_blur_k09_mild/raw_images/moving/frame_0066.png,0,0.17,929.4671630859375,929.467134475708,640.0,360.0,True,2.9241204602001645,0.01788693444250458,-0.10853994762570687,0.2816552735302281,-0.5472426331264019,2.993798082715581,3.056408211068998,727.5,190.25,2623.5,701.0,166.0,754.0,165.0,754.0,215.0,701.0,215.0
moving,moving_frame_000067,moving_calib_camera,67,results/bus_real_data/ablation/moving_cam/motion_blur/moving_blur_k09_mild/raw_images/moving/frame_0067.png,16,0.17,929.4671630859375,929.467134475708,640.0,360.0,True,-2.574882286166317,0.030630359051552154,-0.22590524792402156,-0.6763679516165251,0.19881444116285973,1.472672283834434,1.632716890205697,212.25,484.25,9700.5,142.0,447.0,259.0,438.0,279.0,521.0,169.0,531.0
moving,moving_frame_000067,moving_calib_camera,67,results/bus_real_data/ablation/moving_cam/motion_blur/moving_blur_k09_mild/raw_images/moving/frame_0067.png,19,0.17,929.4671630859375,929.467134475708,640.0,360.0,True,-2.127942962826868,-0.4159909395169436,1.6805455856228273,0.8147974899591256,-0.2733357422891891,1.9774472518283743,2.1561319559387044,1024.0,231.25,3961.0,1007.0,181.0,1056.0,206.0,1039.0,284.0,994.0,254.0
moving,moving_frame_000067,moving_calib_camera,67,results/bus_real_data/ablation/moving_cam/motion_blur/moving_blur_k09_mild/raw_images/moving/frame_0067.png,0,0.17,929.4671630859375,929.467134475708,640.0,360.0,True,2.9894613254267646,-0.05641528636034606,-0.004161923453691779,0.007999544684334035,-0.518002301255687,2.9791871651694772,3.023895921147401,642.5,198.5,2707.0,615.0,174.0,668.0,172.0,670.0,223.0,617.0,225.0
moving,moving_frame_000068,moving_calib_camera,68,results/bus_real_data/ablation/moving_cam/motion_blur/moving_blur_k09_mild/raw_images/moving/frame_0068.png,16,0.17,929.4671630859375,929.467134475708,640.0,360.0,True,-2.577671928144289,0.05773075354379078,-0.35407326595653277,-0.7711917139181541,0.27926736821418247,1.3323950770560302,1.5646097161683614,100.5,553.5,12267.0,17.0,518.0,152.0,500.0,180.0,588.0,53.0,608.0
moving,moving_frame_000068,moving_calib_camera,68,results/bus_real_data/ablation/moving_cam/motion_blur/moving_blur_k09_mild/raw_images/moving/frame_0068.png,19,0.17,929.4671630859375,929.467134475708,640.0,360.0,True,-2.2198854945215447,-0.41317011995582925,1.5712407786556246,0.6502034529480999,-0.2604421861321068,1.952824928654441,2.0746372850493953,950.5,235.75,4133.5,933.0,185.0,982.0,210.0,968.0,289.0,919.0,259.0
moving,moving_frame_000068,moving_calib_camera,68,results/bus_real_data/ablation/moving_cam/motion_blur/moving_blur_k09_mild/raw_images/moving/frame_0068.png,0,0.17,929.4671630859375,929.467134475708,640.0,360.0,True,2.9757490089970555,-0.16843273872570153,0.23077550794822047,-0.2567746804401469,-0.4707348285951375,2.914605364439938,2.9635196887805044,558.0,210.0,2832.0,528.0,186.0,582.0,182.0,588.0,234.0,534.0,238.0
moving,moving_frame_000069,moving_calib_camera,69,results/bus_real_data/ablation/moving_cam/motion_blur/moving_blur_k09_mild/raw_images/moving/frame_0069.png,0,0.17,929.4671630859375,929.467134475708,640.0,360.0,True,2.919267473776125,-0.2529404756842418,0.3179275198355952,-0.4961055084522426,-0.4051236937714636,2.780726286473145,2.8535389541855603,474.0,224.75,3108.0,441.0,201.0,498.0,195.0,507.0,248.0,450.0,255.0
moving,moving_frame_000069,moving_calib_camera,69,results/bus_real_data/ablation/moving_cam/motion_blur/moving_blur_k09_mild/raw_images/moving/frame_0069.png,19,0.17,929.4671630859375,929.467134475708,640.0,360.0,True,-2.231374219831199,-0.3607201643921501,1.4941754174107402,0.4955985450447039,-0.23793671528169094,1.8957006811497195,1.973806695408894,884.0,243.0,4152.0,862.0,191.0,915.0,217.0,903.0,297.0,856.0,267.0
moving,moving_frame_000070,moving_calib_camera,70,results/bus_real_data/ablation/moving_cam/motion_blur/moving_blur_k09_mild/raw_images/moving/frame_0070.png,0,0.17,929.4671630859375,929.467134475708,640.0,360.0,True,2.8982025342344637,-0.33495043742540787,0.460761027597683,-0.7134828630583576,-0.3338039722155515,2.647716232735688,2.762405498263587,389.25,243.0,3500.5,353.0,219.0,413.0,211.0,426.0,266.0,365.0,276.0
moving,moving_frame_000070,moving_calib_camera,70,results/bus_real_data/ablation/moving_cam/motion_blur/moving_blur_k09_mild/raw_images/moving/frame_0070.png,19,0.17,929.4671630859375,929.467134475708,640.0,360.0,True,-2.2820798444613164,-0.32768601722194995,1.3687478409983929,0.35733936738409566,-0.21353633457906676,1.8403732770064136,1.8868659169075195,821.5,251.75,4464.0,796.0,199.0,853.0,225.0,844.0,307.0,793.0,276.0
moving,moving_frame_000071,moving_calib_camera,71,results/bus_real_data/ablation/moving_cam/motion_blur/moving_blur_k09_mild/raw_images/moving/frame_0071.png,0,0.17,929.4671630859375,929.467134475708,640.0,360.0,True,2.8435713305824044,-0.4121523859231561,0.5495079814876094,-0.9107975136038962,-0.25594582302306673,2.5112021319288984,2.6835045225440255,302.5,265.5,3962.0,262.0,242.0,327.0,231.0,343.0,288.0,278.0,301.0
moving,moving_frame_000071,moving_calib_camera,71,results/bus_real_data/ablation/moving_cam/motion_blur/moving_blur_k09_mild/raw_images/moving/frame_0071.png,19,0.17,929.4671630859375,929.467134475708,640.0,360.0,True,-2.338439780088241,-0.28796452570727615,1.2242196706057198,0.2345935513483201,-0.18366857183385643,1.7736538515545799,1.7985038959502149,764.0,263.25,4975.5,734.0,209.0,797.0,236.0,791.0,319.0,734.0,289.0
moving,moving_frame_000072,moving_calib_camera,72,results/bus_real_data/ablation/moving_cam/motion_blur/moving_blur_k09_mild/raw_images/moving/frame_0072.png,0,0.17,929.4671630859375,929.467134475708,640.0,360.0,True,2.8481247818004536,-0.349929800115233,0.4257297022122323,-0.7421315652148716,-0.22588249373599203,2.4336797163559423,2.5543255710396444,356.25,274.0,4138.5,316.0,249.0,383.0,239.0,396.0,298.0,330.0,310.0
moving,moving_frame_000072,moving_calib_camera,72,results/bus_real_data/ablation/moving_cam/motion_blur/moving_blur_k09_mild/raw_images/moving/frame_0072.png,19,0.17,929.4671630859375,929.467134475708,640.0,360.0,True,-2.332071354782327,-0.3414105788906607,1.336467997333427,0.3431216188123073,-0.11370744794792485,1.6747081556339876,1.7132744192225018,831.75,296.5,5698.0,804.0,238.0,869.0,269.0,857.0,358.0,797.0,321.0
moving,moving_frame_000073,moving_calib_camera,73,results/bus_real_data/ablation/moving_cam/motion_blur/moving_blur_k09_mild/raw_images/moving/frame_0073.png,19,0.17,929.4671630859375,929.467134475708,640.0,360.0,True,-2.266140704512726,-0.36178576188087747,1.4396865951072553,0.41882972589074424,-0.038058885113877505,1.5245632081579639,1.5815055465267047,897.0,336.5,6723.0,869.0,271.0,938.0,310.0,923.0,406.0,858.0,359.0
moving,moving_frame_000073,moving_calib_camera,73,results/bus_real_data/ablation/moving_cam/motion_blur/moving_blur_k09_mild/raw_images/moving/frame_0073.png,0,0.17,929.4671630859375,929.467134475708,640.0,360.0,True,-2.7044207107002927,0.16288674162794953,-0.30248672484636524,-0.6017347361632126,-0.19163276858198589,2.3805742007483386,2.462913180761433,404.75,284.75,4328.0,365.0,258.0,433.0,249.0,444.0,311.0,377.0,321.0
moving,moving_frame_000074,moving_calib_camera,74,results/bus_real_data/ablation/moving_cam/motion_blur/moving_blur_k09_mild/raw_images/moving/frame_0074.png,19,0.17,929.4671630859375,929.467134475708,640.0,360.0,True,-2.209920706438751,-0.3784028196504848,1.53937515425732,0.47565295883531095,0.038540666954888274,1.385207016763941,1.4651039552025553,961.25,385.75,8077.5,932.0,312.0,1008.0,361.0,987.0,464.0,918.0,406.0
moving,moving_frame_000074,moving_calib_camera,74,results/bus_real_data/ablation/moving_cam/motion_blur/moving_blur_k09_mild/raw_images/moving/frame_0074.png,0,0.17,929.4671630859375,929.467134475708,640.0,360.0,True,-2.7099782595436843,0.13584951874171367,-0.27395623674248026,-0.469790827001969,-0.15404699495082946,2.298691461264902,2.3512584570567197,449.75,297.25,4563.5,410.0,269.0,480.0,261.0,489.0,325.0,420.0,334.0
moving,moving_frame_000075,moving_calib_camera,75,results/bus_real_data/ablation/moving_cam/motion_blur/moving_blur_k09_mild/raw_images/moving/frame_0075.png,19,0.17,929.4671630859375,929.467134475708,640.0,360.0,True,-2.157866835642745,-0.40554737146987774,1.6363392917488822,0.5100698868318603,0.11487861312036807,1.244907555088986,1.350245609481017,1023.5,446.0,10006.0,994.0,361.0,1077.0,425.0,1049.0,535.0,974.0,463.0
moving,moving_frame_000075,moving_calib_camera,75,results/bus_real_data/ablation/moving_cam/motion_blur/moving_blur_k09_mild/raw_images/moving/frame_0075.png,0,0.17,929.4671630859375,929.467134475708,640.0,360.0,True,-2.726290369113005,0.09985736320080105,-0.1952068490776748,-0.3569462636412069,-0.11558818999541556,2.2262508086812494,2.257645660405492,490.75,311.25,4803.5,451.0,281.0,523.0,275.0,530.0,341.0,459.0,348.0
moving,moving_frame_000076,moving_calib_camera,76,results/bus_real_data/ablation/moving_cam/motion_blur/moving_blur_k09_mild/raw_images/moving/frame_0076.png,19,0.17,929.4671630859375,929.467134475708,640.0,360.0,True,-2.1061617621932633,-0.4378358176389477,1.7228137317949979,0.5226386455815368,0.1893658643515397,1.1108348685139326,1.2421612977159104,1080.75,519.25,12661.5,1051.0,421.0,1143.0,504.0,1105.0,622.0,1024.0,530.0
moving,moving_frame_000076,moving_calib_camera,76,results/bus_real_data/ablation/moving_cam/motion_blur/moving_blur_k09_mild/raw_images/moving/frame_0076.png,0,0.17,929.4671630859375,929.467134475708,640.0,360.0,True,-2.7448819276307757,0.06637817044526552,-0.12956406251336328,-0.2627805180386916,-0.0749111801756803,2.1597326245492976,2.1769497686254944,526.75,327.25,5059.5,487.0,295.0,561.0,291.0,566.0,359.0,493.0,364.0
moving,moving_frame_000077,moving_calib_camera,77,results/bus_real_data/ablation/moving_cam/motion_blur/moving_blur_k09_mild/raw_images/moving/frame_0077.png,0,0.17,929.4671630859375,929.467134475708,640.0,360.0,True,-2.7865460532229025,0.031350311073607036,-0.1003633008466789,-0.1814805223624925,-0.03309495099954596,2.0856414502390326,2.093783827125857,559.0,344.75,5441.5,519.0,310.0,596.0,308.0,598.0,379.0,523.0,382.0
moving,moving_frame_000078,moving_calib_camera,78,results/bus_real_data/ablation/moving_cam/motion_blur/moving_blur_k09_mild/raw_images/moving/frame_0078.png,0,0.17,929.4671630859375,929.467134475708,640.0,360.0,True,-2.808469848977244,-0.008989024831223423,-0.05242282130656065,-0.1153562601206986,0.007611154514270893,2.0159881644863957,2.019300194565261,586.75,363.0,5809.0,547.0,326.0,626.0,326.0,626.0,400.0,548.0,400.0
moving,moving_frame_000079,moving_calib_camera,79,results/bus_real_data/ablation/moving_cam/motion_blur/moving_blur_k09_mild/raw_images/moving/frame_0079.png,0,0.17,929.4671630859375,929.467134475708,640.0,360.0,True,-2.861690234214093,-0.043813765799179345,0.004073759394976653,0.004608399633144417,0.06741902495877712,1.9145112909407036,1.9157035379758034,642.25,392.25,6482.5,602.0,352.0,685.0,354.0,682.0,433.0,600.0,430.0
moving,moving_frame_000080,moving_calib_camera,80,results/bus_real_data/ablation/moving_cam/motion_blur/moving_blur_k09_mild/raw_images/moving/frame_0080.png,0,0.17,929.4671630859375,929.467134475708,640.0,360.0,True,2.71266155644658,0.11562607046399208,-0.03477286508750756,0.10594396642931507,0.12697863816305938,1.783407845064279,1.7910586926199086,695.25,427.0,7384.0,654.0,382.0,742.0,389.0,737.0,472.0,648.0,465.0
moving,moving_frame_000081,moving_calib_camera,81,results/bus_real_data/ablation/moving_cam/motion_blur/moving_blur_k09_mild/raw_images/moving/frame_0081.png,0,0.17,929.4671630859375,929.467134475708,640.0,360.0,True,-2.8589782382478752,-0.12077047669098051,0.2037252451680586,0.18927970520962,0.1945707004120972,1.6655598819736546,1.6875349728829885,746.0,468.0,8459.0,702.0,419.0,799.0,429.0,788.0,518.0,695.0,506.0
moving,moving_frame_000082,moving_calib_camera,82,results/bus_real_data/ablation/moving_cam/motion_blur/moving_blur_k09_mild/raw_images/moving/frame_0082.png,0,0.17,929.4671630859375,929.467134475708,640.0,360.0,True,-2.851652419760981,-0.15347954879885345,0.3044837229796325,0.2508411302121497,0.25912905214222703,1.5328430600059741,1.5746990140591046,792.75,516.5,9941.5,747.0,461.0,851.0,478.0,838.0,572.0,735.0,555.0
moving,moving_frame_000082,moving_calib_camera,82,results/bus_real_data/ablation/moving_cam/motion_blur/moving_blur_k09_mild/raw_images/moving/frame_0082.png,1,0.17,929.4671630859375,929.467134475708,640.0,360.0,True,0.3513961050316097,-2.5531508997575743,1.5278170397827133,-0.7554164972353329,-0.12297963457354057,1.3648115581764795,1.564764731244685,124.0,277.5,5256.0,131.0,306.0,31.0,293.0,121.0,250.0,213.0,261.0
moving,moving_frame_000083,moving_calib_camera,83,results/bus_real_data/ablation/moving_cam/motion_blur/moving_blur_k09_mild/raw_images/moving/frame_0083.png,0,0.17,929.4671630859375,929.467134475708,640.0,360.0,True,-2.866451959076102,-0.2013968617918024,0.4351754292339349,0.29559373149028956,0.32774657663325346,1.4165910890855051,1.4837532767504265,835.0,574.5,11754.0,787.0,512.0,900.0,536.0,882.0,639.0,771.0,611.0
moving,moving_frame_000084,moving_calib_camera,84,results/bus_real_data/ablation/moving_cam/motion_blur/moving_blur_k09_mild/raw_images/moving/frame_0084.png,1,0.17,929.4671630859375,929.467134475708,640.0,360.0,True,0.524002505538772,-2.4835076682093797,1.4992161607364805,-0.6715256813531352,-0.05796286412434604,1.2411933752251996,1.4123977587907781,135.25,318.25,7131.0,130.0,356.0,34.0,330.0,143.0,283.0,234.0,304.0
moving,moving_frame_000084,moving_calib_camera,84,results/bus_real_data/ablation/moving_cam/motion_blur/moving_blur_k09_mild/raw_images/moving/frame_0084.png,0,0.17,929.4671630859375,929.467134475708,640.0,360.0,True,-2.9124611277984505,-0.269825221945729,0.5066431755974106,0.32935528480364945,0.4050309339985034,1.3287298348481034,1.4276021627677864,871.75,643.0,13752.0,823.0,572.0,944.0,606.0,919.0,716.0,801.0,678.0
moving,moving_frame_000086,moving_calib_camera,86,results/bus_real_data/ablation/moving_cam/motion_blur/moving_blur_k09_mild/raw_images/moving/frame_0086.png,1,0.17,929.4671630859375,929.467134475708,640.0,360.0,True,0.7215668796984285,-2.347014588838501,1.4450648044260375,-0.48317751077221593,-0.031663352037023515,1.242748537108015,1.3337492272771394,277.25,338.0,7107.5,264.0,378.0,183.0,343.0,290.0,301.0,372.0,330.0
moving,moving_frame_000087,moving_calib_camera,87,results/bus_real_data/ablation/moving_cam/motion_blur/moving_blur_k09_mild/raw_images/moving/frame_0087.png,1,0.17,929.4671630859375,929.467134475708,640.0,360.0,True,0.8335275416521567,-2.2581254766672796,1.404719754267578,-0.3915602425169966,-0.013166189623029219,1.2220302038491733,1.2832967666088817,341.0,351.75,7387.5,322.0,393.0,248.0,353.0,359.0,313.0,435.0,348.0
moving,moving_frame_000088,moving_calib_camera,88,results/bus_real_data/ablation/moving_cam/motion_blur/moving_blur_k09_mild/raw_images/moving/frame_0088.png,1,0.17,929.4671630859375,929.467134475708,640.0,360.0,True,0.957671058633577,-2.1358361283254372,1.351972641509026,-0.3080427918788241,0.0070709341594442825,1.1772916195571759,1.2169453221973228,395.75,367.5,7900.5,366.0,411.0,304.0,363.0,422.0,328.0,491.0,368.0
moving,moving_frame_000089,moving_calib_camera,89,results/bus_real_data/ablation/moving_cam/motion_blur/moving_blur_k09_mild/raw_images/moving/frame_0089.png,1,0.17,929.4671630859375,929.467134475708,640.0,360.0,True,1.03841482514418,-2.0637120754277976,1.3139967855038592,-0.23798355121405124,0.028892357817146646,1.1572744547984302,1.1818439417781388,448.0,385.25,8414.0,414.0,430.0,357.0,377.0,478.0,344.0,543.0,390.0
moving,moving_frame_000090,moving_calib_camera,90,results/bus_real_data/ablation/moving_cam/motion_blur/moving_blur_k09_mild/raw_images/moving/frame_0090.png,1,0.17,929.4671630859375,929.467134475708,640.0,360.0,True,1.116093076681,-1.990099333328742,1.2589628172321443,-0.17757485532429615,0.052773797673080554,1.1395402549594031,1.154499846529754,494.5,405.25,9057.0,455.0,452.0,405.0,393.0,529.0,362.0,589.0,414.0
moving,moving_frame_000091,moving_calib_camera,91,results/bus_real_data/ablation/moving_cam/motion_blur/moving_blur_k09_mild/raw_images/moving/frame_0091.png,1,0.17,929.4671630859375,929.467134475708,640.0,360.0,True,1.1947671989320698,-1.9102177142746997,1.2257762737474427,-0.12280684390690161,0.07663270381876873,1.1110704129800457,1.1204604209005324,536.75,426.5,9824.0,491.0,474.0,448.0,409.0,576.0,382.0,632.0,441.0
moving,moving_frame_000092,moving_calib_camera,92,results/bus_real_data/ablation/moving_cam/motion_blur/moving_blur_k09_mild/raw_images/moving/frame_0092.png,1,0.17,929.4671630859375,929.467134475708,640.0,360.0,True,1.2558045495203403,-1.8150226170556574,1.1736542938000598,-0.07461578116212583,0.09879315450965531,1.072445823362902,1.0795682684411096,575.0,448.25,10698.0,521.0,497.0,487.0,426.0,621.0,403.0,671.0,467.0
moving,moving_frame_000093,moving_calib_camera,93,results/bus_real_data/ablation/moving_cam/motion_blur/moving_blur_k09_mild/raw_images/moving/frame_0093.png,1,0.17,929.4671630859375,929.467134475708,640.0,360.0,True,1.326719939845616,-1.7352609725305848,1.137497194228077,-0.03459734357368837,0.12223973508594305,1.0436607520002532,1.051364491640255,609.0,471.75,11743.5,548.0,521.0,522.0,443.0,661.0,426.0,705.0,497.0
moving,moving_frame_000094,moving_calib_camera,94,results/bus_real_data/ablation/moving_cam/motion_blur/moving_blur_k09_mild/raw_images/moving/frame_0094.png,1,0.17,929.4671630859375,929.467134475708,640.0,360.0,True,1.3866143838975482,-1.6493999101228238,1.0802296443161241,-0.001901310445358816,0.14439478875309647,1.0142245923553643,1.0244535097986955,638.25,495.5,12897.0,568.0,545.0,554.0,461.0,697.0,449.0,734.0,527.0
moving,moving_frame_000095,moving_calib_camera,95,results/bus_real_data/ablation/moving_cam/motion_blur/moving_blur_k09_mild/raw_images/moving/frame_0095.png,1,0.17,929.4671630859375,929.467134475708,640.0,360.0,True,1.458137119281156,-1.5590739438325332,1.0319814686322681,0.02559726384530543,0.16613361752258088,0.9866507855667345,1.0008673096104996,664.25,520.0,14211.0,585.0,568.0,583.0,478.0,731.0,474.0,758.0,560.0
moving,moving_frame_000096,moving_calib_camera,96,results/bus_real_data/ablation/moving_cam/motion_blur/moving_blur_k09_mild/raw_images/moving/frame_0096.png,1,0.17,929.4671630859375,929.467134475708,640.0,360.0,True,1.5090989182320873,-1.4748563521024154,0.9784641152650129,0.046737298969551005,0.18427207955518976,0.956060908798766,0.9747784547022394,685.75,543.0,15644.0,598.0,589.0,607.0,495.0,761.0,497.0,777.0,591.0
moving,moving_frame_000097,moving_calib_camera,97,results/bus_real_data/ablation/moving_cam/motion_blur/moving_blur_k09_mild/raw_images/moving/frame_0097.png,1,0.17,929.4671630859375,929.467134475708,640.0,360.0,True,1.5481046462982673,-1.379989181300997,0.9306499488773147,0.0636321099735061,0.20123295019848897,0.9311885184123295,0.9548066833072637,704.0,565.0,16686.0,607.0,607.0,630.0,512.0,787.0,521.0,792.0,620.0
moving,moving_frame_000098,moving_calib_camera,98,results/bus_real_data/ablation/moving_cam/motion_blur/moving_blur_k09_mild/raw_images/moving/frame_0098.png,1,0.17,929.4671630859375,929.467134475708,640.0,360.0,True,1.5989877352747586,-1.2930071624233337,0.873945557146688,0.07710386403385125,0.21721811575908329,0.9143494343297817,0.9429547198683873,719.0,585.25,17881.0,614.0,623.0,651.0,526.0,810.0,544.0,801.0,648.0
moving,moving_frame_000099,moving_calib_camera,99,results/bus_real_data/ablation/moving_cam/motion_blur/moving_blur_k09_mild/raw_images/moving/frame_0099.png,1,0.17,929.4671630859375,929.467134475708,640.0,360.0,True,1.6404051243264663,-1.2036750823509366,0.8082242744304118,0.08846186774175877,0.23213311582976845,0.9061403603118836,0.9395752434453281,731.5,602.75,18655.0,620.0,635.0,671.0,539.0,830.0,565.0,805.0,672.0
moving,moving_frame_000100,moving_calib_camera,100,results/bus_real_data/ablation/moving_cam/motion_blur/moving_blur_k09_mild/raw_images/moving/frame_0100.png,1,0.17,929.4671630859375,929.467134475708,640.0,360.0,True,1.676916189195377,-1.1050486205037184,0.7712327215545526,0.0965599220609151,0.2410340729007005,0.88941512856852,0.9265422352888545,741.75,616.75,19348.0,624.0,641.0,688.0,549.0,848.0,585.0,807.0,692.0
moving,moving_frame_000101,moving_calib_camera,101,results/bus_real_data/ablation/moving_cam/motion_blur/moving_blur_k09_mild/raw_images/moving/frame_0101.png,1,0.17,929.4671630859375,929.467134475708,640.0,360.0,True,1.7080810489948492,-1.0120988039092655,0.7108333096821807,0.10524122025920256,0.25005883815078744,0.8828718165361449,0.9236166853261152,751.75,628.25,19775.0,629.0,645.0,707.0,558.0,864.0,602.0,807.0,708.0
moving,moving_frame_000103,moving_calib_camera,103,results/bus_real_data/ablation/moving_cam/motion_blur/moving_blur_k09_mild/raw_images/moving/frame_0103.png,2,0.17,929.4671630859375,929.467134475708,640.0,360.0,True,-2.907695940319006,0.474861469832676,-0.9970608920804235,-0.7474282855117678,0.51708988619721,1.766004901057757,1.986153141867596,245.25,632.5,8578.0,185.0,611.0,276.0,572.0,304.0,651.0,216.0,696.0
moving,moving_frame_000104,moving_calib_camera,104,results/bus_real_data/ablation/moving_cam/motion_blur/moving_blur_k09_mild/raw_images/moving/frame_0104.png,2,0.17,929.4671630859375,929.467134475708,640.0,360.0,True,-2.986220778952789,0.4258677155297914,-0.8196183602667946,-0.663386783045261,0.5027348325630114,1.8559607455917597,2.0340635744658573,306.75,612.0,7673.0,251.0,588.0,338.0,556.0,361.0,634.0,277.0,670.0
moving,moving_frame_000104,moving_calib_camera,104,results/bus_real_data/ablation/moving_cam/motion_blur/moving_blur_k09_mild/raw_images/moving/frame_0104.png,5,0.17,929.4671630859375,929.467134475708,640.0,360.0,True,2.6683013319887214,-0.4731423084519513,0.9373763561399205,-2.344914025726922,-0.30256394669750303,3.9975179704587376,4.644385497999983,94.5,289.75,1640.0,67.0,275.0,110.0,269.0,123.0,304.0,78.0,311.0
moving,moving_frame_000105,moving_calib_camera,105,results/bus_real_data/ablation/moving_cam/motion_blur/moving_blur_k09_mild/raw_images/moving/frame_0105.png,2,0.17,929.4671630859375,929.467134475708,640.0,360.0,True,-3.003266914707528,0.37342601278445053,-0.6883362002587262,-0.5633754932344777,0.4889142481045761,1.932613790974072,2.0715755244354543,368.25,595.25,6900.5,317.0,570.0,399.0,543.0,419.0,619.0,338.0,649.0
moving,moving_frame_000106,moving_calib_camera,106,results/bus_real_data/ablation/moving_cam/motion_blur/moving_blur_k09_mild/raw_images/moving/frame_0106.png,1,0.17,929.4671630859375,929.467134475708,640.0,360.0,True,1.821530591841227,-0.5354570534995537,0.3859219858640739,0.17532966999573213,0.2715568164758801,0.916276177141483,0.9716201060869096,819.25,640.0,17743.0,697.0,621.0,822.0,573.0,945.0,651.0,813.0,715.0
moving,moving_frame_000106,moving_calib_camera,106,results/bus_real_data/ablation/moving_cam/motion_blur/moving_blur_k09_mild/raw_images/moving/frame_0106.png,2,0.17,929.4671630859375,929.467134475708,640.0,360.0,True,-3.0322865384831115,0.31509545062917266,-0.5719636828064854,-0.4525989423570689,0.47585141516854024,1.9972460678512938,2.102444345871751,428.75,581.5,6345.5,381.0,554.0,460.0,533.0,476.0,607.0,398.0,632.0
moving,moving_frame_000107,moving_calib_camera,107,results/bus_real_data/ablation/moving_cam/motion_blur/moving_blur_k09_mild/raw_images/moving/frame_0107.png,1,0.17,929.4671630859375,929.467134475708,640.0,360.0,True,1.833818150824727,-0.4404669913537938,0.3111842300713221,0.20039734435589487,0.27142720327620196,0.9303422496226953,0.9896304985883637,841.75,635.5,16957.0,722.0,611.0,854.0,572.0,966.0,653.0,825.0,706.0
moving,moving_frame_000107,moving_calib_camera,107,results/bus_real_data/ablation/moving_cam/motion_blur/moving_blur_k09_mild/raw_images/moving/frame_0107.png,14,0.17,929.4671630859375,929.467134475708,640.0,360.0,True,1.1063232401642402,-1.806197020781298,1.3506079428644173,-1.7268350107702903,0.9648733943758813,2.715956512895932,3.359964226228948,48.5,690.75,2127.5,10.0,716.0,19.0,682.0,83.0,667.0,82.0,698.0
moving,moving_frame_000107,moving_calib_camera,107,results/bus_real_data/ablation/moving_cam/motion_blur/moving_blur_k09_mild/raw_images/moving/frame_0107.png,2,0.17,929.4671630859375,929.467134475708,640.0,360.0,True,-3.0368287981108057,0.26473626293323804,-0.4296324305522678,-0.328348570539767,0.46356780127653563,2.0441760395461808,2.1216417159385275,490.25,570.75,5949.0,445.0,542.0,522.0,525.0,535.0,598.0,459.0,618.0
moving,moving_frame_000108,moving_calib_camera,108,results/bus_real_data/ablation/moving_cam/motion_blur/moving_blur_k09_mild/raw_images/moving/frame_0108.png,14,0.17,929.4671630859375,929.467134475708,640.0,360.0,True,1.1461189364714701,-1.7103143013452815,1.3346028732520026,-1.52685509729848,0.9128942352437314,2.8635901920399576,3.3711735583969906,144.0,656.75,1709.5,109.0,677.0,117.0,648.0,176.0,637.0,174.0,665.0
moving,moving_frame_000108,moving_calib_camera,108,results/bus_real_data/ablation/moving_cam/motion_blur/moving_blur_k09_mild/raw_images/moving/frame_0108.png,1,0.17,929.4671630859375,929.467134475708,640.0,360.0,True,1.8406038275847767,-0.3568484872228902,0.2620692540619806,0.23336199842036334,0.27340851170551284,0.9519906590172821,1.0175933625156603,869.5,631.0,15848.0,754.0,602.0,887.0,572.0,992.0,654.0,845.0,696.0
moving,moving_frame_000108,moving_calib_camera,108,results/bus_real_data/ablation/moving_cam/motion_blur/moving_blur_k09_mild/raw_images/moving/frame_0108.png,2,0.17,929.4671630859375,929.467134475708,640.0,360.0,True,-3.034283312623624,0.22348618301657805,-0.25554017453681804,-0.20077801168515455,0.4609846689940998,2.1148603168873943,2.1738106713715646,551.5,562.5,5482.0,509.0,533.0,583.0,520.0,594.0,591.0,520.0,606.0
moving,moving_frame_000108,moving_calib_camera,108,results/bus_real_data/ablation/moving_cam/motion_blur/moving_blur_k09_mild/raw_images/moving/frame_0108.png,7,0.17,929.4671630859375,929.467134475708,640.0,360.0,True,-2.4697937451865157,-0.04537879865727234,-0.7430873289759692,-2.59927790417833,-0.45409177575990123,4.016760063737075,4.805913687697225,38.25,254.75,1664.5,12.0,238.0,59.0,236.0,64.0,271.0,18.0,274.0
moving,moving_frame_000109,moving_calib_camera,109,results/bus_real_data/ablation/moving_cam/motion_blur/moving_blur_k09_mild/raw_images/moving/frame_0109.png,14,0.17,929.4671630859375,929.467134475708,640.0,360.0,True,1.2272557888702438,-1.6377645663743943,1.2455036179497232,-1.3384408673941202,0.8933413981634044,3.068211157638394,3.4645926913621468,234.25,631.0,1446.5,202.0,649.0,211.0,621.0,264.0,614.0,260.0,640.0
moving,moving_frame_000109,moving_calib_camera,109,results/bus_real_data/ablation/moving_cam/motion_blur/moving_blur_k09_mild/raw_images/moving/frame_0109.png,1,0.17,929.4671630859375,929.467134475708,640.0,360.0,True,1.8437190535319248,-0.2687821312937452,0.19905622966891226,0.27088595527744114,0.27400754893800694,0.9687228149467486,1.042536920132778,901.75,626.75,14989.0,789.0,594.0,926.0,572.0,1022.0,655.0,870.0,686.0
moving,moving_frame_000109,moving_calib_camera,109,results/bus_real_data/ablation/moving_cam/motion_blur/moving_blur_k09_mild/raw_images/moving/frame_0109.png,2,0.17,929.4671630859375,929.467134475708,640.0,360.0,True,2.6404597944834283,-0.182919757451789,-0.0011817742864239059,-0.05997495608760807,0.45668708899447413,2.1620246912820056,2.210545375767032,614.25,557.0,5232.5,574.0,526.0,646.0,517.0,655.0,587.0,582.0,598.0
moving,moving_frame_000110,moving_calib_camera,110,results/bus_real_data/ablation/moving_cam/motion_blur/moving_blur_k09_mild/raw_images/moving/frame_0110.png,14,0.17,929.4671630859375,929.467134475708,640.0,360.0,True,1.3108426214553743,-1.5821748465791654,1.174401563474776,-1.036461320272618,0.7847706271486574,3.0824242329559617,3.345363381991664,327.25,597.0,1412.0,296.0,613.0,305.0,586.0,356.0,581.0,352.0,608.0
moving,moving_frame_000110,moving_calib_camera,110,results/bus_real_data/ablation/moving_cam/motion_blur/moving_blur_k09_mild/raw_images/moving/frame_0110.png,2,0.17,929.4671630859375,929.467134475708,640.0,360.0,True,-3.1037049417598395,0.13800680531021217,-0.025476230500760103,0.15180285799376494,0.4267835756083496,2.0817473801217465,2.130460157512428,707.75,550.5,5708.0,667.0,516.0,742.0,510.0,749.0,584.0,673.0,592.0
moving,moving_frame_000111,moving_calib_camera,111,results/bus_real_data/ablation/moving_cam/motion_blur/moving_blur_k09_mild/raw_images/moving/frame_0111.png,2,0.17,929.4671630859375,929.467134475708,640.0,360.0,True,-3.039816207709556,0.09030204394262399,0.0518059616059444,0.3439343661386137,0.4053784495623582,1.9709542967935545,2.0413925089579728,802.25,551.0,6293.0,760.0,514.0,841.0,510.0,844.0,588.0,764.0,592.0
moving,moving_frame_000112,moving_calib_camera,112,results/bus_real_data/ablation/moving_cam/motion_blur/moving_blur_k09_mild/raw_images/moving/frame_0112.png,2,0.17,929.4671630859375,929.467134475708,640.0,360.0,True,-3.039816207709556,0.09030204394262399,0.0518059616059444,0.3439343661386137,0.4053784495623582,1.9709542967935545,2.0413925089579728,802.25,551.0,6293.0,760.0,514.0,841.0,510.0,844.0,588.0,764.0,592.0
moving,moving_frame_000113,moving_calib_camera,113,results/bus_real_data/ablation/moving_cam/motion_blur/moving_blur_k09_mild/raw_images/moving/frame_0113.png,2,0.17,929.4671630859375,929.467134475708,640.0,360.0,True,-2.9964041423839003,-0.007647418408083978,0.27379436126220386,0.6528945960893525,0.40572091150053186,1.7139888167166422,1.8784670546648445,994.5,579.75,8606.5,948.0,533.0,1045.0,538.0,1041.0,627.0,944.0,621.0
moving,moving_frame_000113,moving_calib_camera,113,results/bus_real_data/ablation/moving_cam/motion_blur/moving_blur_k09_mild/raw_images/moving/frame_0113.png,14,0.17,929.4671630859375,929.467134475708,640.0,360.0,True,1.5692928801482933,-1.4338688526207863,0.9185965043796704,-0.2436272008332338,0.5730323557091568,3.191160421925381,3.251342050928877,569.0,527.25,1416.5,540.0,540.0,549.0,512.0,597.0,514.0,590.0,543.0
moving,moving_frame_000113,moving_calib_camera,113,results/bus_real_data/ablation/moving_cam/motion_blur/moving_blur_k09_mild/raw_images/moving/frame_0113.png,19,0.17,929.4671630859375,929.467134475708,640.0,360.0,True,-2.1269704800627807,0.3822697279577856,-1.811764156647533,-0.958431327477162,0.06257491184317661,1.585731861713222,1.8539287382028191,76.25,396.75,7375.5,27.0,372.0,101.0,332.0,122.0,418.0,55.0,465.0
moving,moving_frame_000114,moving_calib_camera,114,results/bus_real_data/ablation/moving_cam/motion_blur/moving_blur_k09_mild/raw_images/moving/frame_0114.png,2,0.17,929.4671630859375,929.467134475708,640.0,360.0,True,-2.9616750468945283,-0.06645988564519396,0.36659837669470097,0.7593531882552167,0.4216052901443933,1.5529632542036131,1.7793434615323083,1095.25,612.0,10744.5,1045.0,558.0,1156.0,570.0,1145.0,667.0,1035.0,653.0
moving,moving_frame_000114,moving_calib_camera,114,results/bus_real_data/ablation/moving_cam/motion_blur/moving_blur_k09_mild/raw_images/moving/frame_0114.png,14,0.17,929.4671630859375,929.467134475708,640.0,360.0,True,1.6305502782594443,-1.3114378705517173,0.8693585103627087,0.004803074455018573,0.48913144956646254,2.97403336495727,3.013991887905187,641.5,513.25,1553.5,609.0,524.0,622.0,496.0,672.0,502.0,663.0,531.0
moving,moving_frame_000114,moving_calib_camera,114,results/bus_real_data/ablation/moving_cam/motion_blur/moving_blur_k09_mild/raw_images/moving/frame_0114.png,19,0.17,929.4671630859375,929.467134475708,640.0,360.0,True,-2.1734239142349088,0.3723773536364267,-1.6753638070243668,-0.8298923387535081,0.02000307939553898,1.575641948857321,1.7809460879279777,148.5,371.75,7401.0,100.0,347.0,175.0,307.0,194.0,393.0,125.0,440.0
moving,moving_frame_000115,moving_calib_camera,115,results/bus_real_data/ablation/moving_cam/motion_blur/moving_blur_k09_mild/raw_images/moving/frame_0115.png,14,0.17,929.4671630859375,929.467134475708,640.0,360.0,True,1.6766185281881307,-1.25545239930011,0.8001233728248236,0.220155517239256,0.4447613795140622,2.8640953312169466,2.906771955757253,711.5,504.75,1695.0,677.0,515.0,692.0,486.0,743.0,494.0,734.0,524.0
moving,moving_frame_000115,moving_calib_camera,115,results/bus_real_data/ablation/moving_cam/motion_blur/moving_blur_k09_mild/raw_images/moving/frame_0115.png,19,0.17,929.4671630859375,929.467134475708,640.0,360.0,True,-2.2260198291118938,0.37612262619740766,-1.5377695739891475,-0.7069490911222113,-0.01793266401662302,1.5415403032740342,1.6960085803130405,211.75,349.0,7816.5,162.0,324.0,240.0,283.0,259.0,371.0,186.0,418.0
moving,moving_frame_000115,moving_calib_camera,115,results/bus_real_data/ablation/moving_cam/motion_blur/moving_blur_k09_mild/raw_images/moving/frame_0115.png,5,0.17,929.4671630859375,929.467134475708,640.0,360.0,True,2.9285320762427403,0.3090902290371673,-0.74617059932804,2.1556973259520746,-0.7723154871447789,3.807402369494123,4.442951156160741,1166.5,171.5,1904.0,1147.0,150.0,1194.0,153.0,1186.0,193.0,1139.0,190.0
moving,moving_frame_000116,moving_calib_camera,116,results/bus_real_data/ablation/moving_cam/motion_blur/moving_blur_k09_mild/raw_images/moving/frame_0116.png,14,0.17,929.4671630859375,929.467134475708,640.0,360.0,True,1.7480615225663145,-1.1799627693388297,0.7423533474001143,0.4124968848683271,0.41665510935540606,2.760397500702,2.821976173191384,779.0,500.75,1883.0,743.0,509.0,759.0,480.0,813.0,491.0,801.0,523.0
moving,moving_frame_000116,moving_calib_camera,116,results/bus_real_data/ablation/moving_cam/motion_blur/moving_blur_k09_mild/raw_images/moving/frame_0116.png,19,0.17,929.4671630859375,929.467134475708,640.0,360.0,True,-2.2721008910582463,0.3641988032126773,-1.406628658813567,-0.6073113824975586,-0.050186477693956226,1.521474480617014,1.6389723588344112,267.0,329.0,8128.0,216.0,303.0,298.0,263.0,315.0,352.0,239.0,398.0
moving,moving_frame_000116,moving_calib_camera,116,results/bus_real_data/ablation/moving_cam/motion_blur/moving_blur_k09_mild/raw_images/moving/frame_0116.png,8,0.17,929.4671630859375,929.467134475708,640.0,360.0,True,-2.4038455310691536,-0.07383869697262614,0.5468751284687249,2.3429943956082875,-1.400539306855438,4.074222153813969,4.904122678576414,1174.75,40.25,1701.0,1158.0,20.0,1202.0,22.0,1191.0,61.0,1148.0,58.0
moving,moving_frame_000117,moving_calib_camera,117,results/bus_real_data/ablation/moving_cam/motion_blur/moving_blur_k09_mild/raw_images/moving/frame_0117.png,14,0.17,929.4671630859375,929.467134475708,640.0,360.0,True,1.797125129189654,-1.0992580628715267,0.683413609355417,0.5846507093779445,0.4033891876561608,2.64973590028305,2.743289928159774,845.25,502.0,2077.5,807.0,509.0,825.0,479.0,882.0,494.0,867.0,526.0
moving,moving_frame_000117,moving_calib_camera,117,results/bus_real_data/ablation/moving_cam/motion_blur/moving_blur_k09_mild/raw_images/moving/frame_0117.png,19,0.17,929.4671630859375,929.467134475708,640.0,360.0,True,-2.297527954841191,0.3503334138276872,-1.2827510992496394,-0.5135553808562244,-0.0771435865889314,1.4790527994440101,1.5675737449004907,315.25,311.0,8644.5,263.0,284.0,349.0,244.0,365.0,335.0,284.0,381.0
moving,moving_frame_000117,moving_calib_camera,117,results/bus_real_data/ablation/moving_cam/motion_blur/moving_blur_k09_mild/raw_images/moving/frame_0117.png,6,0.17,929.4671630859375,929.467134475708,640.0,360.0,True,2.89135845480744,0.4558039276573174,-0.7528464877577058,1.4522790879947394,-1.2085717515638135,3.5154128434873892,3.9909757814676032,1024.25,40.5,2007.0,1008.0,18.0,1054.0,21.0,1041.0,64.0,994.0,59.0
moving,moving_frame_000118,moving_calib_camera,118,results/bus_real_data/ablation/moving_cam/motion_blur/moving_blur_k09_mild/raw_images/moving/frame_0118.png,14,0.17,929.4671630859375,929.467134475708,640.0,360.0,True,1.8796993977937562,-1.0023815712585444,0.6147521442884075,0.7308375474213329,0.4014897093427535,2.5226902180665176,2.6569312079460117,909.5,508.5,2414.0,868.0,513.0,890.0,482.0,950.0,503.0,930.0,536.0
moving,moving_frame_000118,moving_calib_camera,118,results/bus_real_data/ablation/moving_cam/motion_blur/moving_blur_k09_mild/raw_images/moving/frame_0118.png,19,0.17,929.4671630859375,929.467134475708,640.0,360.0,True,-2.3295173277867196,0.3335612277417374,-1.1208978211591651,-0.43763697893938325,-0.10239686590508809,1.4476364592304753,1.5158042622897334,357.0,293.5,9306.0,301.0,266.0,395.0,226.0,409.0,319.0,323.0,363.0
moving,moving_frame_000119,moving_calib_camera,119,results/bus_real_data/ablation/moving_cam/motion_blur/moving_blur_k09_mild/raw_images/moving/frame_0119.png,14,0.17,929.4671630859375,929.467134475708,640.0,360.0,True,1.9450436302896852,-0.8940300749502528,0.5729863840486316,0.8544938717521576,0.40947938034758735,2.399766068466601,2.5800601394454907,971.25,519.25,2727.0,926.0,520.0,953.0,490.0,1015.0,517.0,991.0,550.0
moving,moving_frame_000119,moving_calib_camera,119,results/bus_real_data/ablation/moving_cam/motion_blur/moving_blur_k09_mild/raw_images/moving/frame_0119.png,19,0.17,929.4671630859375,929.467134475708,640.0,360.0,True,-2.33654563862981,0.3022125119937408,-1.013169495059385,-0.3691240554696104,-0.12255742210079033,1.4018104964154159,1.4547664960050317,393.25,277.75,9939.0,336.0,248.0,435.0,210.0,447.0,305.0,355.0,348.0
moving,moving_frame_000120,moving_calib_camera,120,results/bus_real_data/ablation/moving_cam/motion_blur/moving_blur_k09_mild/raw_images/moving/frame_0120.png,14,0.17,929.4671630859375,929.467134475708,640.0,360.0,True,1.9114457869178312,-0.8853992341016002,0.5521526358143618,0.7987135540894976,0.5972608872780076,2.3204860104412632,2.5257314254710455,960.25,600.0,3210.5,913.0,602.0,942.0,567.0,1006.0,597.0,980.0,634.0
moving,moving_frame_000120,moving_calib_camera,120,results/bus_real_data/ablation/moving_cam/motion_blur/moving_blur_k09_mild/raw_images/moving/frame_0120.png,19,0.17,929.4671630859375,929.467134475708,640.0,360.0,True,-2.3900631647909174,0.28891382795208853,-1.016470639692559,-0.4458565510175229,0.0005137958532277225,1.3166390569878654,1.3900815567646796,322.75,359.5,11947.5,255.0,331.0,369.0,287.0,385.0,386.0,282.0,434.0
moving,moving_frame_000120,moving_calib_camera,120,results/bus_real_data/ablation/moving_cam/motion_blur/moving_blur_k09_mild/raw_images/moving/frame_0120.png,7,0.17,929.4671630859375,929.467134475708,640.0,360.0,True,2.9300980273767885,0.545096356000252,-0.857448751751886,1.7103046367937755,-1.0857009763971757,3.286910056094561,3.861044713240656,1124.0,53.0,2472.0,1107.0,27.0,1159.0,33.0,1140.0,80.0,1090.0,72.0
moving,moving_frame_000121,moving_calib_camera,121,results/bus_real_data/ablation/moving_cam/motion_blur/moving_blur_k09_mild/raw_images/moving/frame_0121.png,19,0.17,929.4671630859375,929.467134475708,640.0,360.0,True,-2.43922402403576,0.2612069203294345,-1.0203188554218035,-0.5210498811202869,0.11274438178314919,1.2189375204008623,1.3304183375465526,239.5,445.25,14836.5,160.0,417.0,292.0,367.0,313.0,471.0,193.0,526.0
moving,moving_frame_000121,moving_calib_camera,121,results/bus_real_data/ablation/moving_cam/motion_blur/moving_blur_k09_mild/raw_images/moving/frame_0121.png,7,0.17,929.4671630859375,929.467134475708,640.0,360.0,True,2.8709142786445447,0.5250845520158492,-0.9130932106150371,1.660593497480307,-0.86557611377124,3.2435513207235047,3.7453194713899096,1116.25,112.0,2491.5,1099.0,86.0,1151.0,92.0,1133.0,139.0,1082.0,131.0
moving,moving_frame_000122,moving_calib_camera,122,results/bus_real_data/ablation/moving_cam/motion_blur/moving_blur_k09_mild/raw_images/moving/frame_0122.png,19,0.17,929.4671630859375,929.467134475708,640.0,360.0,True,-2.4915139912559217,0.2403926126035101,-1.0406620000566718,-0.6056935318016701,0.21717490127946346,1.1311882094373593,1.3013901633953688,138.25,538.0,18598.0,45.0,510.0,198.0,453.0,225.0,562.0,85.0,627.0
moving,moving_frame_000122,moving_calib_camera,122,results/bus_real_data/ablation/moving_cam/motion_blur/moving_blur_k09_mild/raw_images/moving/frame_0122.png,7,0.17,929.4671630859375,929.467134475708,640.0,360.0,True,2.8506268662560155,0.4894722866971547,-0.812274836156866,1.6112801891512305,-0.6545736012327306,3.192340555679644,3.635344367569464,1109.5,169.5,2566.0,1091.0,143.0,1144.0,150.0,1128.0,197.0,1075.0,188.0
moving,moving_frame_000123,moving_calib_camera,123,results/bus_real_data/ablation/moving_cam/motion_blur/moving_blur_k09_mild/raw_images/moving/frame_0123.png,3,0.17,929.4671630859375,929.467134475708,640.0,360.0,True,-2.5611686931333275,0.17761935010888466,-1.0522286685457747,0.15325965070685912,0.5445014089333701,2.4149627782384924,2.480325689328438,698.5,569.5,2342.0,678.0,554.0,722.0,530.0,719.0,583.0,675.0,611.0
moving,moving_frame_000123,moving_calib_camera,123,results/bus_real_data/ablation/moving_cam/motion_blur/moving_blur_k09_mild/raw_images/moving/frame_0123.png,7,0.17,929.4671630859375,929.467134475708,640.0,360.0,True,-2.58699676141647,-0.17052960539591683,0.3984796626183049,1.5660612778797016,-0.4515453542079423,3.138996715205561,3.5369112953327346,1104.0,226.0,2658.0,1084.0,199.0,1139.0,206.0,1123.0,254.0,1070.0,245.0
moving,moving_frame_000124,moving_calib_camera,124,results/bus_real_data/ablation/moving_cam/motion_blur/moving_blur_k09_mild/raw_images/moving/frame_0124.png,3,0.17,929.4671630859375,929.467134475708,640.0,360.0,True,-2.580890172352959,0.1606257347664196,-1.0841843734308223,0.07025283863783814,0.6832061969958704,2.224278706057081,2.327900756297226,668.75,645.5,2784.0,645.0,631.0,695.0,601.0,691.0,659.0,644.0,691.0
moving,moving_frame_000124,moving_calib_camera,124,results/bus_real_data/ablation/moving_cam/motion_blur/moving_blur_k09_mild/raw_images/moving/frame_0124.png,7,0.17,929.4671630859375,929.467134475708,640.0,360.0,True,-2.6890280980542856,-0.18785524013976782,0.33409416505700085,1.5054069045933185,-0.2545526836845754,3.053379026122799,3.413820512905573,1098.5,282.25,2795.0,1078.0,254.0,1134.0,262.0,1118.0,311.0,1064.0,302.0
moving,moving_frame_000125,moving_calib_camera,125,results/bus_real_data/ablation/moving_cam/motion_blur/moving_blur_k09_mild/raw_images/moving/frame_0125.png,7,0.17,929.4671630859375,929.467134475708,640.0,360.0,True,-2.706948812563182,-0.17405981818756786,0.3831165076620476,1.4509387455546836,-0.0679480294909255,2.9722968047726885,3.3082304142434564,1094.0,338.5,2919.0,1072.0,310.0,1130.0,318.0,1115.0,368.0,1059.0,358.0
moving,moving_frame_000126,moving_calib_camera,126,results/bus_real_data/ablation/moving_cam/motion_blur/moving_blur_k09_mild/raw_images/moving/frame_0126.png,7,0.17,929.4671630859375,929.467134475708,640.0,360.0,True,2.7001343468781167,0.3836305941176747,-0.8012011606573992,1.3757193235242442,0.10724178098014173,2.8476284877886022,3.1643470829178963,1089.5,395.25,3226.5,1066.0,365.0,1126.0,374.0,1113.0,427.0,1053.0,415.0
moving,moving_frame_000126,moving_calib_camera,126,results/bus_real_data/ablation/moving_cam/motion_blur/moving_blur_k09_mild/raw_images/moving/frame_0126.png,4,0.17,929.4671630859375,929.467134475708,640.0,360.0,True,-2.69415434631359,0.12280118021078307,-1.0354244768055627,0.33126888034680707,-0.3213135832936108,2.0646487429767513,2.1155982420513317,788.5,215.0,3753.0,765.0,178.0,816.0,175.0,810.0,250.0,763.0,257.0
moving,moving_frame_000127,moving_calib_camera,127,results/bus_real_data/ablation/moving_cam/motion_blur/moving_blur_k09_mild/raw_images/moving/frame_0127.png,7,0.17,929.4671630859375,929.467134475708,640.0,360.0,True,2.637981046773287,0.3700572742383449,-0.8286866324235423,1.3148552901248594,0.2731404906277373,2.746425110630943,3.0571720674332146,1085.5,452.75,3466.5,1061.0,421.0,1123.0,431.0,1110.0,486.0,1048.0,473.0
moving,moving_frame_000127,moving_calib_camera,127,results/bus_real_data/ablation/moving_cam/motion_blur/moving_blur_k09_mild/raw_images/moving/frame_0127.png,4,0.17,929.4671630859375,929.467134475708,640.0,360.0,True,-2.7454263419423497,0.10791233850040446,-1.0374123356166887,0.2535866204338903,-0.1967680622812471,1.9726685548710947,1.9986107854642965,758.75,267.0,4265.0,733.0,229.0,787.0,225.0,784.0,303.0,731.0,311.0
moving,moving_frame_000128,moving_calib_camera,128,results/bus_real_data/ablation/moving_cam/motion_blur/moving_blur_k09_mild/raw_images/moving/frame_0128.png,7,0.17,929.4671630859375,929.467134475708,640.0,360.0,True,2.562904683501994,0.35128551912598976,-0.8555563680928424,1.2370832739628417,0.4246357335289059,2.607852435835878,2.917462058022928,1081.5,511.75,3835.0,1056.0,478.0,1120.0,489.0,1108.0,547.0,1042.0,533.0
moving,moving_frame_000128,moving_calib_camera,128,results/bus_real_data/ablation/moving_cam/motion_blur/moving_blur_k09_mild/raw_images/moving/frame_0128.png,4,0.17,929.4671630859375,929.467134475708,640.0,360.0,True,-2.771788292247822,0.07439644783572821,-1.0652932669612483,0.17199581555615384,-0.08289280833940689,1.8785754821497849,1.888253060470846,724.25,318.75,4785.0,696.0,279.0,755.0,275.0,751.0,356.0,695.0,365.0
moving,moving_frame_000129,moving_calib_camera,129,results/bus_real_data/ablation/moving_cam/motion_blur/moving_blur_k09_mild/raw_images/moving/frame_0129.png,7,0.17,929.4671630859375,929.467134475708,640.0,360.0,True,2.543924279227818,0.3326806414394681,-0.8293193913585271,1.1674397443597027,0.5668878085149067,2.482424614830207,2.801197835296248,1077.75,572.75,4325.5,1050.0,536.0,1118.0,549.0,1106.0,611.0,1037.0,595.0
moving,moving_frame_000129,moving_calib_camera,129,results/bus_real_data/ablation/moving_cam/motion_blur/moving_blur_k09_mild/raw_images/moving/frame_0129.png,4,0.17,929.4671630859375,929.467134475708,640.0,360.0,True,-2.8435840113257864,0.053365169036691674,-1.0380381121430782,0.09104237495671186,0.02136179147386729,1.7818946167071743,1.784346789506664,686.5,371.0,5713.0,654.0,329.0,720.0,325.0,718.0,410.0,654.0,420.0
moving,moving_frame_000130,moving_calib_camera,130,results/bus_real_data/ablation/moving_cam/motion_blur/moving_blur_k09_mild/raw_images/moving/frame_0130.png,6,0.17,929.4671630859375,929.467134475708,640.0,360.0,True,2.5015142547853175,0.33656819799458093,-0.7853398214770777,1.2440138701603327,0.5237242411247992,2.2143774169988317,2.5933231450799674,1163.0,580.5,5603.0,1128.0,540.0,1209.0,554.0,1198.0,623.0,1117.0,605.0
moving,moving_frame_000130,moving_calib_camera,130,results/bus_real_data/ablation/moving_cam/motion_blur/moving_blur_k09_mild/raw_images/moving/frame_0130.png,7,0.17,929.4671630859375,929.467134475708,640.0,360.0,True,2.6141296536527667,0.3002750553091854,-0.7783263747104586,0.9547463701771352,0.501642368188151,2.5502887029140355,2.768963373744547,988.5,543.25,3958.0,963.0,508.0,1026.0,519.0,1015.0,580.0,950.0,566.0
moving,moving_frame_000130,moving_calib_camera,130,results/bus_real_data/ablation/moving_cam/motion_blur/moving_blur_k09_mild/raw_images/moving/frame_0130.png,4,0.17,929.4671630859375,929.467134475708,640.0,360.0,True,-2.7859178644204246,0.06933490220120547,-1.1414512885585284,-0.07521230057485984,-0.01901178843505369,1.753349358568357,1.755064759901848,599.0,349.75,5996.5,565.0,307.0,633.0,303.0,632.0,389.0,566.0,400.0
moving,moving_frame_000131,moving_calib_camera,131,results/bus_real_data/ablation/moving_cam/motion_blur/moving_blur_k09_mild/raw_images/moving/frame_0131.png,6,0.17,929.4671630859375,929.467134475708,640.0,360.0,True,2.5609000026457696,0.3038064201749501,-0.7065021867903496,1.0533273051134224,0.46136668921011914,2.279063267399586,2.5527410778260076,1070.25,548.75,5087.0,1038.0,510.0,1113.0,522.0,1103.0,589.0,1027.0,574.0
moving,moving_frame_000131,moving_calib_camera,131,results/bus_real_data/ablation/moving_cam/motion_blur/moving_blur_k09_mild/raw_images/moving/frame_0131.png,7,0.17,929.4671630859375,929.467134475708,640.0,360.0,True,2.6393057385846355,0.287291136389403,-0.6779314026906097,0.7415163741700741,0.43528815451167746,2.600155535855715,2.7386367267787883,905.5,516.0,3670.0,881.0,482.0,942.0,492.0,930.0,551.0,869.0,539.0
moving,moving_frame_000131,moving_calib_camera,131,results/bus_real_data/ablation/moving_cam/motion_blur/moving_blur_k09_mild/raw_images/moving/frame_0131.png,4,0.17,929.4671630859375,929.467134475708,640.0,360.0,True,-2.722436091995186,0.09634651981741017,-1.2610097669616294,-0.23610592735841154,-0.054937194257968135,1.6989132974257222,1.71612076976437,509.5,329.75,6492.0,473.0,286.0,544.0,281.0,545.0,370.0,476.0,382.0
moving,moving_frame_000132,moving_calib_camera,132,results/bus_real_data/ablation/moving_cam/motion_blur/moving_blur_k09_mild/raw_images/moving/frame_0132.png,6,0.17,929.4671630859375,929.467134475708,640.0,360.0,True,2.6067365717981796,0.2756639557705896,-0.6483128954595119,0.8610081724957972,0.39896339257786056,2.3217648154429753,2.5082062753989636,985.25,520.25,4732.5,955.0,483.0,1026.0,493.0,1016.0,559.0,944.0,546.0
moving,moving_frame_000132,moving_calib_camera,132,results/bus_real_data/ablation/moving_cam/motion_blur/moving_blur_k09_mild/raw_images/moving/frame_0132.png,7,0.17,929.4671630859375,929.467134475708,640.0,360.0,True,2.7503957560790786,0.25591183523097416,-0.5114154286104851,0.5299638747803171,0.3728643311157505,2.6420765017219328,2.7203782382127986,826.75,491.5,3556.0,802.0,458.0,862.0,467.0,851.0,526.0,792.0,515.0
moving,moving_frame_000132,moving_calib_camera,132,results/bus_real_data/ablation/moving_cam/motion_blur/moving_blur_k09_mild/raw_images/moving/frame_0132.png,4,0.17,929.4671630859375,929.467134475708,640.0,360.0,True,-2.6528405718152617,0.1183206195102482,-1.3644087211240519,-0.3883844786487709,-0.08596882302186049,1.630375230347616,1.6782003853884921,417.0,310.75,7275.5,377.0,265.0,453.0,260.0,456.0,352.0,382.0,366.0
moving,moving_frame_000133,moving_calib_camera,133,results/bus_real_data/ablation/moving_cam/motion_blur/moving_blur_k09_mild/raw_images/moving/frame_0133.png,6,0.17,929.4671630859375,929.467134475708,640.0,360.0,True,2.6490023613376117,0.2586242861755543,-0.5085942280648337,0.6720625608404416,0.33844802414983627,2.352047295409522,2.469482057148338,906.0,494.25,4486.5,877.0,458.0,945.0,467.0,936.0,532.0,866.0,520.0
moving,moving_frame_000133,moving_calib_camera,133,results/bus_real_data/ablation/moving_cam/motion_blur/moving_blur_k09_mild/raw_images/moving/frame_0133.png,7,0.17,929.4671630859375,929.467134475708,640.0,360.0,True,2.8125791692650775,0.23409891803224175,-0.5048543034085915,0.31644205929361185,0.31148508294246235,2.662744686776288,2.699512511684472,750.75,469.0,3429.5,727.0,436.0,785.0,444.0,774.0,503.0,717.0,493.0
moving,moving_frame_000133,moving_calib_camera,133,results/bus_real_data/ablation/moving_cam/motion_blur/moving_blur_k09_mild/raw_images/moving/frame_0133.png,4,0.17,929.4671630859375,929.467134475708,640.0,360.0,True,-2.5705475317337636,0.1348551023568749,-1.4365740504738047,-0.5314085317189826,-0.11062658718249233,1.5480369185212646,1.6404424922807208,319.0,293.25,8493.5,274.0,246.0,358.0,239.0,363.0,336.0,281.0,352.0
moving,moving_frame_000134,moving_calib_camera,134,results/bus_real_data/ablation/moving_cam/motion_blur/moving_blur_k09_mild/raw_images/moving/frame_0134.png,6,0.17,929.4671630859375,929.467134475708,640.0,360.0,True,2.7013477191819883,0.2030689407163381,-0.37914265126676705,0.43038451943416633,0.28410310699620767,2.38879042875624,2.4438218270755536,807.75,471.0,4257.5,779.0,436.0,845.0,443.0,837.0,507.0,770.0,498.0
moving,moving_frame_000134,moving_calib_camera,134,results/bus_real_data/ablation/moving_cam/motion_blur/moving_blur_k09_mild/raw_images/moving/frame_0134.png,7,0.17,929.4671630859375,929.467134475708,640.0,360.0,True,2.870894398516317,0.1786994438686187,-0.29342116651417666,0.044180140884330726,0.25592511812131097,2.6356142102230553,2.648379092211624,655.75,450.5,3511.0,631.0,418.0,689.0,424.0,681.0,484.0,622.0,476.0
moving,moving_frame_000134,moving_calib_camera,134,results/bus_real_data/ablation/moving_cam/motion_blur/moving_blur_k09_mild/raw_images/moving/frame_0134.png,8,0.17,929.4671630859375,929.467134475708,640.0,360.0,True,-2.7535207633064225,0.013986780227034298,0.8032727471792037,1.60149786006025,0.1978758525740185,2.5927729985174484,3.0539191329586015,1214.75,430.75,4140.5,1181.0,399.0,1253.0,405.0,1248.0,463.0,1177.0,456.0
moving,moving_frame_000134,moving_calib_camera,134,results/bus_real_data/ablation/moving_cam/motion_blur/moving_blur_k09_mild/raw_images/moving/frame_0134.png,4,0.17,929.4671630859375,929.467134475708,640.0,360.0,True,-2.5160549735181705,0.1796799805796077,-1.5383401496301519,-0.7014984662911454,-0.12396930002402994,1.451376285129797,1.6167750636976213,188.25,280.25,10530.5,133.0,230.0,231.0,222.0,241.0,325.0,148.0,344.0
moving,moving_frame_000135,moving_calib_camera,135,results/bus_real_data/ablation/moving_cam/motion_blur/moving_blur_k09_mild/raw_images/moving/frame_0135.png,6,0.17,929.4671630859375,929.467134475708,640.0,360.0,True,2.7531059777956473,0.14656834166143587,-0.19417377851274376,0.19186104263125037,0.23449897362111569,2.406186782944234,2.4251876757736563,714.25,451.0,4165.5,685.0,417.0,750.0,422.0,744.0,486.0,678.0,479.0
moving,moving_frame_000135,moving_calib_camera,135,results/bus_real_data/ablation/moving_cam/motion_blur/moving_blur_k09_mild/raw_images/moving/frame_0135.png,7,0.17,929.4671630859375,929.467134475708,640.0,360.0,True,2.8874332367228814,0.1483493847312362,-0.11656505622303351,-0.22035551869935852,0.20975055261520267,2.5906474427038266,2.6084489685120396,561.0,435.5,3648.0,535.0,403.0,595.0,408.0,587.0,469.0,527.0,462.0
moving,moving_frame_000135,moving_calib_camera,135,results/bus_real_data/ablation/moving_cam/motion_blur/moving_blur_k09_mild/raw_images/moving/frame_0135.png,8,0.17,929.4671630859375,929.467134475708,640.0,360.0,True,2.731335488623693,0.19825890291944032,-0.5515468981905673,1.3146228502602957,0.1122332390794045,2.6615411442770065,2.9706280145888537,1099.5,399.5,3711.0,1068.0,369.0,1134.0,374.0,1131.0,430.0,1065.0,425.0
moving,moving_frame_000136,moving_calib_camera,136,results/bus_real_data/ablation/moving_cam/motion_blur/moving_blur_k09_mild/raw_images/moving/frame_0136.png,6,0.17,929.4671630859375,929.467134475708,640.0,360.0,True,2.8144782732918694,0.08356342349307519,-0.10297876084295826,-0.04626757981342323,0.19048477252941828,2.3802976214503597,2.3883554811186745,622.0,434.75,4274.5,592.0,401.0,657.0,404.0,653.0,469.0,586.0,465.0
moving,moving_frame_000136,moving_calib_camera,136,results/bus_real_data/ablation/moving_cam/motion_blur/moving_blur_k09_mild/raw_images/moving/frame_0136.png,7,0.17,929.4671630859375,929.467134475708,640.0,360.0,True,2.970989849879913,0.09581635116437623,-0.013002201324233967,-0.4775501731872674,0.17417069941162142,2.5364162706346898,2.586850807136954,465.0,424.0,3868.0,437.0,391.0,499.0,395.0,493.0,457.0,431.0,453.0
moving,moving_frame_000136,moving_calib_camera,136,results/bus_real_data/ablation/moving_cam/motion_blur/moving_blur_k09_mild/raw_images/moving/frame_0136.png,8,0.17,929.4671630859375,929.467134475708,640.0,360.0,True,2.8000417741899652,0.1320235909632746,-0.4825040631021264,1.0554703789106545,0.03280555669968193,2.7697714289851825,2.964241504015959,994.5,371.25,3329.5,965.0,343.0,1026.0,345.0,1024.0,400.0,963.0,397.0
moving,moving_frame_000137,moving_calib_camera,137,results/bus_real_data/ablation/moving_cam/motion_blur/moving_blur_k09_mild/raw_images/moving/frame_0137.png,5,0.17,929.4671630859375,929.467134475708,640.0,360.0,True,3.0788071073000323,-0.008553684001835,-0.38676373200628855,1.1866641239439402,0.479922907662449,2.242319650787249,2.5819556844883045,1132.25,559.0,5498.0,1093.0,522.0,1170.0,525.0,1172.0,596.0,1094.0,593.0
moving,moving_frame_000137,moving_calib_camera,137,results/bus_real_data/ablation/moving_cam/motion_blur/moving_blur_k09_mild/raw_images/moving/frame_0137.png,6,0.17,929.4671630859375,929.467134475708,640.0,360.0,True,2.8119961585489537,0.03345939474497439,0.08661059433942306,-0.27339891279389084,0.15360808286636904,2.317325957945855,2.3384486318943245,530.25,422.0,4528.0,498.0,388.0,566.0,390.0,563.0,456.0,494.0,454.0
moving,moving_frame_000137,moving_calib_camera,137,results/bus_real_data/ablation/moving_cam/motion_blur/moving_blur_k09_mild/raw_images/moving/frame_0137.png,7,0.17,929.4671630859375,929.467134475708,640.0,360.0,True,2.93717045959113,0.03947664539179002,0.1398174872684461,-0.7116224568806525,0.14595184945370432,2.41068274510287,2.517756890772523,365.5,416.5,4365.0,335.0,383.0,401.0,385.0,397.0,450.0,329.0,448.0
moving,moving_frame_000137,moving_calib_camera,137,results/bus_real_data/ablation/moving_cam/motion_blur/moving_blur_k09_mild/raw_images/moving/frame_0137.png,8,0.17,929.4671630859375,929.467134475708,640.0,360.0,True,-2.7930525851177586,0.03789608627784788,0.4443006886974282,0.7891701776350629,-0.04219563571386367,2.848744703558915,2.9563349652901016,897.75,346.0,3048.0,869.0,319.0,927.0,320.0,926.0,373.0,869.0,372.0
moving,moving_frame_000138,moving_calib_camera,138,results/bus_real_data/ablation/moving_cam/motion_blur/moving_blur_k09_mild/raw_images/moving/frame_0138.png,5,0.17,929.4671630859375,929.467134475708,640.0,360.0,True,3.0406049709973977,-0.027599793670501947,-0.21421280023002703,0.9801799521101322,0.4099172434979185,2.317817193374222,2.5497179112475776,1033.25,524.5,4933.5,996.0,490.0,1067.0,490.0,1071.0,559.0,999.0,559.0
moving,moving_frame_000138,moving_calib_camera,138,results/bus_real_data/ablation/moving_cam/motion_blur/moving_blur_k09_mild/raw_images/moving/frame_0138.png,6,0.17,929.4671630859375,929.467134475708,640.0,360.0,True,-2.870452916504289,-0.05902008151820644,-0.3165851818910766,-0.4831144775912425,0.12708182372492555,2.2153182784228433,2.2709435182526807,437.0,413.0,4964.0,401.0,379.0,474.0,379.0,473.0,447.0,400.0,447.0
moving,moving_frame_000138,moving_calib_camera,138,results/bus_real_data/ablation/moving_cam/motion_blur/moving_blur_k09_mild/raw_images/moving/frame_0138.png,7,0.17,929.4671630859375,929.467134475708,640.0,360.0,True,2.9911945162350397,-0.0032311677984303146,0.3310403012958384,-0.9461834123972641,0.13192524963205712,2.32071605806476,2.509659407877063,260.75,413.0,4930.0,226.0,379.0,298.0,379.0,296.0,447.0,223.0,447.0
moving,moving_frame_000138,moving_calib_camera,138,results/bus_real_data/ablation/moving_cam/motion_blur/moving_blur_k09_mild/raw_images/moving/frame_0138.png,8,0.17,929.4671630859375,929.467134475708,640.0,360.0,True,2.92048629913812,0.02475981743398204,-0.16627841086987752,0.5144369972251056,-0.11386642459260639,2.88642956769431,2.934124509291221,805.75,323.5,2941.5,778.0,297.0,833.0,297.0,834.0,350.0,778.0,350.0
moving,moving_frame_000139,moving_calib_camera,139,results/bus_real_data/ablation/moving_cam/motion_blur/moving_blur_k09_mild/raw_images/moving/frame_0139.png,5,0.17,929.4671630859375,929.467134475708,640.0,360.0,True,-3.1240414923708077,0.09906578140413977,0.11035057361241611,0.7713619164633695,0.34573043506171985,2.366859868491921,2.513275626940985,943.0,495.75,4536.0,907.0,464.0,975.0,461.0,979.0,527.0,911.0,531.0
moving,moving_frame_000139,moving_calib_camera,139,results/bus_real_data/ablation/moving_cam/motion_blur/moving_blur_k09_mild/raw_images/moving/frame_0139.png,7,0.17,929.4671630859375,929.467134475708,640.0,360.0,True,3.053344156433088,-0.03885510626920176,0.46215424564072516,-1.1534200595884765,0.12951784124311871,2.1821635424547625,2.471637196491443,148.25,415.25,5837.5,108.0,380.0,188.0,378.0,189.0,450.0,108.0,453.0
moving,moving_frame_000139,moving_calib_camera,139,results/bus_real_data/ablation/moving_cam/motion_blur/moving_blur_k09_mild/raw_images/moving/frame_0139.png,6,0.17,929.4671630859375,929.467134475708,640.0,360.0,True,2.808835306888075,-0.09355740366860622,0.4516817953912032,-0.6897009246282578,0.11140775437773119,2.142043052953573,2.253097311230748,340.25,408.75,5545.0,301.0,374.0,378.0,372.0,380.0,443.0,302.0,446.0
moving,moving_frame_000139,moving_calib_camera,139,results/bus_real_data/ablation/moving_cam/motion_blur/moving_blur_k09_mild/raw_images/moving/frame_0139.png,8,0.17,929.4671630859375,929.467134475708,640.0,360.0,True,-2.8150439912303424,0.0537372132765528,0.14460884307100522,0.23863239552243468,-0.17358257826936496,2.855698617028892,2.870904199546223,717.75,303.25,2971.5,689.0,277.0,745.0,276.0,746.0,329.0,691.0,331.0
moving,moving_frame_000139,moving_calib_camera,139,results/bus_real_data/ablation/moving_cam/motion_blur/moving_blur_k09_mild/raw_images/moving/frame_0139.png,17,0.17,929.4671630859375,929.467134475708,640.0,360.0,True,-2.1971772153922897,-0.30292329855455125,1.830318187806909,1.0252453486167579,-0.28805181130432794,1.745707341573667,2.044895105691292,1187.5,206.25,6236.5,1162.0,155.0,1230.0,167.0,1211.0,261.0,1147.0,242.0
moving,moving_frame_000140,moving_calib_camera,140,results/bus_real_data/ablation/moving_cam/motion_blur/moving_blur_k09_mild/raw_images/moving/frame_0140.png,5,0.17,929.4671630859375,929.467134475708,640.0,360.0,True,-3.127645611706588,0.12395859243152557,-0.056918235084437024,0.5658459190341647,0.2848337887820375,2.4010658539037526,2.483229575794817,859.0,470.25,4285.0,824.0,440.0,889.0,435.0,894.0,500.0,829.0,506.0
moving,moving_frame_000140,moving_calib_camera,140,results/bus_real_data/ablation/moving_cam/motion_blur/moving_blur_k09_mild/raw_images/moving/frame_0140.png,6,0.17,929.4671630859375,929.467134475708,640.0,360.0,True,-2.8886992249442836,0.02954855260074263,-0.5833894140994278,-0.8820462581643451,0.10728931827725942,2.0454283048273822,2.230088238063046,238.5,408.5,6330.0,194.0,374.0,278.0,368.0,283.0,443.0,199.0,449.0
moving,moving_frame_000140,moving_calib_camera,140,results/bus_real_data/ablation/moving_cam/motion_blur/moving_blur_k09_mild/raw_images/moving/frame_0140.png,8,0.17,929.4671630859375,929.467134475708,640.0,360.0,True,-2.721725977650745,0.08108725296319935,0.058059850160773745,-0.02979998640678915,-0.2205286885274792,2.763881816998593,2.7728259303441565,630.0,285.5,3090.0,599.0,260.0,657.0,257.0,660.0,311.0,604.0,314.0
moving,moving_frame_000141,moving_calib_camera,141,results/bus_real_data/ablation/moving_cam/motion_blur/moving_blur_k09_mild/raw_images/moving/frame_0141.png,5,0.17,929.4671630859375,929.467134475708,640.0,360.0,True,3.0576497799682776,-0.17957264764035163,0.14380129667142724,0.364639151164731,0.23181492176072216,2.423479657497491,2.4616972841552274,779.75,449.0,4195.5,744.0,420.0,807.0,413.0,816.0,477.0,752.0,486.0
moving,moving_frame_000141,moving_calib_camera,141,results/bus_real_data/ablation/moving_cam/motion_blur/moving_blur_k09_mild/raw_images/moving/frame_0141.png,6,0.17,929.4671630859375,929.467134475708,640.0,360.0,True,2.82993285704953,-0.22286350669463728,0.7496925976107185,-1.0589839671632373,0.11235625579102942,1.9299736705939365,2.2042843147175915,129.0,414.5,7530.0,78.0,379.0,171.0,370.0,180.0,449.0,87.0,460.0
moving,moving_frame_000141,moving_calib_camera,141,results/bus_real_data/ablation/moving_cam/motion_blur/moving_blur_k09_mild/raw_images/moving/frame_0141.png,8,0.17,929.4671630859375,929.467134475708,640.0,360.0,True,-2.7766761783914378,0.11443020381635048,0.039239852199787255,-0.28847110139332705,-0.2661199030565317,2.750030198288673,2.7778951511245946,542.5,269.75,3195.0,510.0,244.0,568.0,240.0,574.0,295.0,518.0,300.0
moving,moving_frame_000142,moving_calib_camera,142,results/bus_real_data/ablation/moving_cam/motion_blur/moving_blur_k09_mild/raw_images/moving/frame_0142.png,5,0.17,929.4671630859375,929.467134475708,640.0,360.0,True,3.0576497799682776,-0.17957264764035163,0.14380129667142724,0.364639151164731,0.23181492176072216,2.423479657497491,2.4616972841552274,779.75,449.0,4195.5,744.0,420.0,807.0,413.0,816.0,477.0,752.0,486.0
moving,moving_frame_000142,moving_calib_camera,142,results/bus_real_data/ablation/moving_cam/motion_blur/moving_blur_k09_mild/raw_images/moving/frame_0142.png,6,0.17,929.4671630859375,929.467134475708,640.0,360.0,True,2.82993285704953,-0.22286350669463728,0.7496925976107185,-1.0589839671632373,0.11235625579102942,1.9299736705939365,2.2042843147175915,129.0,414.5,7530.0,78.0,379.0,171.0,370.0,180.0,449.0,87.0,460.0
moving,moving_frame_000142,moving_calib_camera,142,results/bus_real_data/ablation/moving_cam/motion_blur/moving_blur_k09_mild/raw_images/moving/frame_0142.png,8,0.17,929.4671630859375,929.467134475708,640.0,360.0,True,-2.7766761783914378,0.11443020381635048,0.039239852199787255,-0.28847110139332705,-0.2661199030565317,2.750030198288673,2.7778951511245946,542.5,269.75,3195.0,510.0,244.0,568.0,240.0,574.0,295.0,518.0,300.0
moving,moving_frame_000143,moving_calib_camera,143,results/bus_real_data/ablation/moving_cam/motion_blur/moving_blur_k09_mild/raw_images/moving/frame_0143.png,5,0.17,929.4671630859375,929.467134475708,640.0,360.0,True,-3.069718032894741,0.23269417709310508,-0.3101130207896264,0.2723371527738571,0.22703528757737437,2.2804511997347556,2.3078496963532955,750.75,452.5,4568.0,713.0,424.0,779.0,413.0,788.0,480.0,723.0,493.0
moving,moving_frame_000143,moving_calib_camera,143,results/bus_real_data/ablation/moving_cam/motion_blur/moving_blur_k09_mild/raw_images/moving/frame_0143.png,8,0.17,929.4671630859375,929.467134475708,640.0,360.0,True,2.872657433212486,-0.22291605670263162,0.3487645325910336,-0.40999990187108853,-0.2600038666628242,2.511021465204598,2.557524335941335,488.0,264.0,3771.0,452.0,237.0,515.0,232.0,524.0,290.0,461.0,297.0
moving,moving_frame_000143,moving_calib_camera,143,results/bus_real_data/ablation/moving_cam/motion_blur/moving_blur_k09_mild/raw_images/moving/frame_0143.png,17,0.17,929.4671630859375,929.467134475708,640.0,360.0,True,-2.371153292281077,-0.30821958275868105,1.4463534650630219,0.6178320041378588,-0.3950919293147245,1.6760380172420561,1.8294582403507649,984.25,140.25,7053.0,955.0,87.0,1028.0,98.0,1012.0,198.0,942.0,178.0
moving,moving_frame_000144,moving_calib_camera,144,results/bus_real_data/ablation/moving_cam/motion_blur/moving_blur_k09_mild/raw_images/moving/frame_0144.png,5,0.17,929.4671630859375,929.467134475708,640.0,360.0,True,-3.0777082525656527,0.22222935911530503,-0.28621215520511134,0.37410672047389637,0.2722999893799933,2.1396911337585034,2.1891508103382984,802.25,478.25,5157.5,763.0,448.0,832.0,436.0,842.0,508.0,772.0,521.0
moving,moving_frame_000144,moving_calib_camera,144,results/bus_real_data/ablation/moving_cam/motion_blur/moving_blur_k09_mild/raw_images/moving/frame_0144.png,8,0.17,929.4671630859375,929.467134475708,640.0,360.0,True,-2.7514143371217057,0.13906854444306552,-0.03482402446777926,-0.3092465883845945,-0.22968048775556815,2.4580630147089737,2.4880635769938264,523.0,272.75,3994.5,486.0,245.0,551.0,239.0,559.0,300.0,496.0,307.0
moving,moving_frame_000144,moving_calib_camera,144,results/bus_real_data/ablation/moving_cam/motion_blur/moving_blur_k09_mild/raw_images/moving/frame_0144.png,17,0.17,929.4671630859375,929.467134475708,640.0,360.0,True,-2.3512272461588206,-0.32109961565697687,1.4836008475635158,0.7076745088006128,-0.3410829154199151,1.5240954164456757,1.7146450373264592,1073.75,151.25,9209.5,1040.0,92.0,1128.0,106.0,1104.0,215.0,1023.0,192.0
moving,moving_frame_000145,moving_calib_camera,145,results/bus_real_data/ablation/moving_cam/motion_blur/moving_blur_k09_mild/raw_images/moving/frame_0145.png,5,0.17,929.4671630859375,929.467134475708,640.0,360.0,True,-3.095532377380631,0.20599554789505897,-0.3005039974478049,0.4670657989262987,0.3199064937639912,1.9954626439870846,2.0742135350119955,857.25,509.0,5856.5,816.0,476.0,889.0,464.0,899.0,541.0,825.0,555.0
moving,moving_frame_000145,moving_calib_camera,145,results/bus_real_data/ablation/moving_cam/motion_blur/moving_blur_k09_mild/raw_images/moving/frame_0145.png,8,0.17,929.4671630859375,929.467134475708,640.0,360.0,True,2.8916829880574935,-0.189682896316658,0.18608273605880754,-0.19919429159582433,-0.1897637495649452,2.2968906877607655,2.3133083404456554,559.25,283.5,4512.0,521.0,254.0,589.0,248.0,598.0,312.0,529.0,320.0
moving,moving_frame_000146,moving_calib_camera,146,results/bus_real_data/ablation/moving_cam/motion_blur/moving_blur_k09_mild/raw_images/moving/frame_0146.png,5,0.17,929.4671630859375,929.467134475708,640.0,360.0,True,-3.0620121460249963,0.20406245477106463,-0.29472363463021806,0.5494915786491292,0.36732153245361204,1.8348318736288474,1.9502497552095035,918.0,546.0,6771.0,874.0,511.0,953.0,497.0,962.0,580.0,883.0,596.0
moving,moving_frame_000146,moving_calib_camera,146,results/bus_real_data/ablation/moving_cam/motion_blur/moving_blur_k09_mild/raw_images/moving/frame_0146.png,8,0.17,929.4671630859375,929.467134475708,640.0,360.0,True,2.947806079673976,-0.17683462158919577,0.2543337115857652,-0.10345058967311507,-0.15003114182303123,2.1962131831577207,2.2037612651773797,596.0,296.75,4993.0,556.0,265.0,627.0,259.0,636.0,328.0,565.0,335.0
moving,moving_frame_000147,moving_calib_camera,147,results/bus_real_data/ablation/moving_cam/motion_blur/moving_blur_k09_mild/raw_images/moving/frame_0147.png,5,0.17,929.4671630859375,929.467134475708,640.0,360.0,True,-3.061877730999384,0.19067462370482263,-0.27067052187268253,0.6260763839470166,0.42163815207488553,1.6885135754261658,1.849548178399187,984.25,592.0,7916.5,937.0,554.0,1023.0,539.0,1031.0,629.0,946.0,646.0
moving,moving_frame_000147,moving_calib_camera,147,results/bus_real_data/ablation/moving_cam/motion_blur/moving_blur_k09_mild/raw_images/moving/frame_0147.png,8,0.17,929.4671630859375,929.467134475708,640.0,360.0,True,2.9465071089606774,-0.14942159810771094,0.08370765194109747,-0.010952566083098695,-0.10511057819492488,2.065807072511158,2.068508412646513,635.0,313.0,5680.0,593.0,279.0,669.0,273.0,677.0,346.0,601.0,354.0
moving,moving_frame_000148,moving_calib_camera,148,results/bus_real_data/ablation/moving_cam/motion_blur/moving_blur_k09_mild/raw_images/moving/frame_0148.png,5,0.17,929.4671630859375,929.467134475708,640.0,360.0,True,-3.0634903966508547,0.17161112524747904,-0.2585886375462836,0.6972560376535158,0.4789895344841327,1.547904861599341,1.763974607740282,1058.25,647.5,9285.0,1008.0,606.0,1101.0,590.0,1108.0,688.0,1016.0,706.0
moving,moving_frame_000148,moving_calib_camera,148,results/bus_real_data/ablation/moving_cam/motion_blur/moving_blur_k09_mild/raw_images/moving/frame_0148.png,8,0.17,929.4671630859375,929.467134475708,640.0,360.0,True,-2.8891447266445827,0.14224969235944018,0.0633293280057221,0.07405626647183434,-0.05644955125026407,1.9558560020833844,1.9580713938275343,675.25,332.75,6375.5,631.0,297.0,712.0,290.0,719.0,368.0,639.0,376.0
moving,moving_frame_000149,moving_calib_camera,149,results/bus_real_data/ablation/moving_cam/motion_blur/moving_blur_k09_mild/raw_images/moving/frame_0149.png,8,0.17,929.4671630859375,929.467134475708,640.0,360.0,True,-2.9477163445435295,0.14551970725112923,-0.011777596072368557,0.15252398881360404,-0.006645662130115537,1.8285798708441756,1.8349419816564398,717.5,356.25,7326.5,671.0,318.0,757.0,310.0,764.0,394.0,678.0,403.0
moving,moving_frame_000150,moving_calib_camera,150,results/bus_real_data/ablation/moving_cam/motion_blur/moving_blur_k09_mild/raw_images/moving/frame_0150.png,8,0.17,929.4671630859375,929.467134475708,640.0,360.0,True,-3.0370058749834765,0.1375805887028642,-0.033591933069289204,0.22496085047134784,0.047685384578048606,1.706083100822489,1.7215112044535834,762.5,385.75,8477.5,713.0,344.0,805.0,336.0,812.0,427.0,720.0,436.0
moving,moving_frame_000151,moving_calib_camera,151,results/bus_real_data/ablation/moving_cam/motion_blur/moving_blur_k09_mild/raw_images/moving/frame_0151.png,8,0.17,929.4671630859375,929.467134475708,640.0,360.0,True,-2.990947741906504,0.12685333004619104,-0.05206552180261339,0.28625169427950364,0.10370016669220647,1.5572819756071303,1.5867642889228144,810.75,421.5,9999.0,758.0,376.0,858.0,368.0,864.0,466.0,763.0,476.0
moving,moving_frame_000152,moving_calib_camera,152,results/bus_real_data/ablation/moving_cam/motion_blur/moving_blur_k09_mild/raw_images/moving/frame_0152.png,8,0.17,929.4671630859375,929.467134475708,640.0,360.0,True,-3.011014207131709,0.10548137934606894,-0.061078406700021716,0.3422621706179552,0.1628749738267704,1.4193385227914759,1.4690791308895088,864.0,466.25,11969.0,807.0,416.0,917.0,408.0,921.0,516.0,811.0,525.0
moving,moving_frame_000152,moving_calib_camera,152,results/bus_real_data/ablation/moving_cam/motion_blur/moving_blur_k09_mild/raw_images/moving/frame_0152.png,11,0.17,929.4671630859375,929.467134475708,640.0,360.0,True,0.21303091640314487,2.584800940157833,-1.6437907401452652,-0.3606188036689826,-0.4895397134878127,2.4138190947627693,2.489220294566701,501.0,171.75,1026.5,536.0,177.0,467.0,182.0,469.0,165.0,532.0,163.0
moving,moving_frame_000153,moving_calib_camera,153,results/bus_real_data/ablation/moving_cam/motion_blur/moving_blur_k09_mild/raw_images/moving/frame_0153.png,8,0.17,929.4671630859375,929.467134475708,640.0,360.0,True,-3.007787615051194,0.10512508757362914,-0.023857005604463105,0.3883447163954313,0.22238711162790148,1.2718073792044977,1.34824391560632,923.75,522.0,14851.5,860.0,466.0,984.0,458.0,987.0,577.0,864.0,587.0
moving,moving_frame_000154,moving_calib_camera,154,results/bus_real_data/ablation/moving_cam/motion_blur/moving_blur_k09_mild/raw_images/moving/frame_0154.png,8,0.17,929.4671630859375,929.467134475708,640.0,360.0,True,-3.016351068345909,0.08925969143177964,-0.03140959806398441,0.4276351501031907,0.2855622006464735,1.1312865935679461,1.2426692837711901,991.25,594.0,18572.5,921.0,531.0,1060.0,523.0,1061.0,656.0,923.0,666.0
moving,moving_frame_000155,moving_calib_camera,155,results/bus_real_data/ablation/moving_cam/motion_blur/moving_blur_k09_mild/raw_images/moving/frame_0155.png,12,0.17,929.4671630859375,929.467134475708,640.0,360.0,True,2.266510413691819,0.9875254173986335,-1.8824840374421858,0.8074557799667186,-0.3082619702885025,2.25205923617577,2.41221497428658,974.0,232.75,2574.0,982.0,193.0,1009.0,213.0,966.0,275.0,939.0,250.0
moving,moving_frame_000156,moving_calib_camera,156,results/bus_real_data/ablation/moving_cam/motion_blur/moving_blur_k09_mild/raw_images/moving/frame_0156.png,12,0.17,929.4671630859375,929.467134475708,640.0,360.0,True,2.258914506074929,1.0118300312063075,-1.924416180360833,0.869007387643821,-0.24190557553170647,2.1016314875301014,2.2870389276597045,1025.25,253.0,3204.0,1033.0,209.0,1065.0,234.0,1016.0,299.0,987.0,270.0
moving,moving_frame_000157,moving_calib_camera,157,results/bus_real_data/ablation/moving_cam/motion_blur/moving_blur_k09_mild/raw_images/moving/frame_0157.png,12,0.17,929.4671630859375,929.467134475708,640.0,360.0,True,2.2181405752833183,1.02435701758357,-1.9557293528944728,0.9258166878245015,-0.17409323440480381,1.9551990525812923,2.170310652633544,1081.25,277.25,3926.0,1090.0,230.0,1126.0,258.0,1071.0,327.0,1038.0,294.0
moving,moving_frame_000158,moving_calib_camera,158,results/bus_real_data/ablation/moving_cam/motion_blur/moving_blur_k09_mild/raw_images/moving/frame_0158.png,12,0.17,929.4671630859375,929.467134475708,640.0,360.0,True,-2.187684488459843,-1.0205461905224915,1.9723246595793271,0.9731363264291045,-0.10394297737329826,1.8042833536766312,2.0526170789301523,1142.75,306.5,5077.0,1150.0,254.0,1195.0,288.0,1131.0,362.0,1095.0,322.0
moving,moving_frame_000159,moving_calib_camera,159,results/bus_real_data/ablation/moving_cam/motion_blur/moving_blur_k09_mild/raw_images/moving/frame_0159.png,13,0.17,929.4671630859375,929.467134475708,640.0,360.0,True,0.09020670974956664,2.6315390909837646,-1.625116907963568,-0.8554729621679367,0.13427419691200468,1.645543814687787,1.8594832602134341,155.75,437.0,4862.5,189.0,460.0,85.0,464.0,127.0,413.0,222.0,411.0
moving,moving_frame_000159,moving_calib_camera,159,results/bus_real_data/ablation/moving_cam/motion_blur/moving_blur_k09_mild/raw_images/moving/frame_0159.png,11,0.17,929.4671630859375,929.467134475708,640.0,360.0,True,0.08105222511714429,2.65851115566306,-1.6072868419104642,-0.15818168757432913,-0.08598826074036633,1.5432715544795088,1.5537382399022737,544.5,309.25,4370.0,598.0,329.0,488.0,332.0,498.0,289.0,594.0,287.0
moving,moving_frame_000159,moving_calib_camera,159,results/bus_real_data/ablation/moving_cam/motion_blur/moving_blur_k09_mild/raw_images/moving/frame_0159.png,12,0.17,929.4671630859375,929.467134475708,640.0,360.0,True,2.2810932289004633,0.980071275401222,-1.9200951886397928,0.7969424846794485,-0.03793031712608868,1.7265856756513691,1.9020131777169247,1070.5,339.75,5494.5,1076.0,284.0,1123.0,321.0,1061.0,398.0,1022.0,356.0
moving,moving_frame_000160,moving_calib_camera,160,results/bus_real_data/ablation/moving_cam/motion_blur/moving_blur_k09_mild/raw_images/moving/frame_0160.png,12,0.17,929.4671630859375,929.467134475708,640.0,360.0,True,2.358253057555179,0.9297157286632614,-1.8444296820466766,0.6533080367198202,0.03223311407473949,1.669418688429754,1.7929888794312643,1005.25,378.25,5940.5,1009.0,319.0,1057.0,360.0,999.0,440.0,956.0,394.0
moving,moving_frame_000160,moving_calib_camera,160,results/bus_real_data/ablation/moving_cam/motion_blur/moving_blur_k09_mild/raw_images/moving/frame_0160.png,20,0.17,929.4671630859375,929.467134475708,640.0,360.0,True,-3.126157852587242,0.031211537100449945,-0.0525106841764002,0.3016838927548713,-0.9547697152060836,2.8604742394723845,3.0306618509671375,738.0,49.75,3053.0,710.0,22.0,765.0,22.0,766.0,77.0,711.0,78.0
moving,moving_frame_000161,moving_calib_camera,161,results/bus_real_data/ablation/moving_cam/motion_blur/moving_blur_k09_mild/raw_images/moving/frame_0161.png,12,0.17,929.4671630859375,929.467134475708,640.0,360.0,True,2.358253057555179,0.9297157286632614,-1.8444296820466766,0.6533080367198202,0.03223311407473949,1.669418688429754,1.7929888794312643,1005.25,378.25,5940.5,1009.0,319.0,1057.0,360.0,999.0,440.0,956.0,394.0
moving,moving_frame_000161,moving_calib_camera,161,results/bus_real_data/ablation/moving_cam/motion_blur/moving_blur_k09_mild/raw_images/moving/frame_0161.png,20,0.17,929.4671630859375,929.467134475708,640.0,360.0,True,-3.126157852587242,0.031211537100449945,-0.0525106841764002,0.3016838927548713,-0.9547697152060836,2.8604742394723845,3.0306618509671375,738.0,49.75,3053.0,710.0,22.0,765.0,22.0,766.0,77.0,711.0,78.0
moving,moving_frame_000162,moving_calib_camera,162,results/bus_real_data/ablation/moving_cam/motion_blur/moving_blur_k09_mild/raw_images/moving/frame_0162.png,11,0.17,929.4671630859375,929.467134475708,640.0,360.0,True,0.32981230188187927,2.4874648802431345,-1.6153389140252203,-0.5185293616901214,0.19345221530785442,1.1071652611498801,1.2377848658144772,202.5,525.25,11737.0,275.0,553.0,109.0,576.0,141.0,495.0,285.0,477.0
moving,moving_frame_000162,moving_calib_camera,162,results/bus_real_data/ablation/moving_cam/motion_blur/moving_blur_k09_mild/raw_images/moving/frame_0162.png,12,0.17,929.4671630859375,929.467134475708,640.0,360.0,True,-2.535425596719659,-0.7564322222579377,1.6523846573003322,0.39976375462272284,0.1820831963682054,1.4925665371368695,1.5558663881228572,890.75,474.0,7884.0,884.0,404.0,946.0,454.0,894.0,548.0,839.0,490.0
moving,moving_frame_000162,moving_calib_camera,162,results/bus_real_data/ablation/moving_cam/motion_blur/moving_blur_k09_mild/raw_images/moving/frame_0162.png,20,0.17,929.4671630859375,929.467134475708,640.0,360.0,True,-3.1044088360584294,0.07642112902861298,-0.04172115759362731,-0.15838873024546188,-0.7526064721375129,2.677943586871595,2.786195496773108,585.0,98.75,3518.0,554.0,70.0,613.0,68.0,616.0,127.0,557.0,130.0
moving,moving_frame_000163,moving_calib_camera,163,results/bus_real_data/ablation/moving_cam/motion_blur/moving_blur_k09_mild/raw_images/moving/frame_0163.png,12,0.17,929.4671630859375,929.467134475708,640.0,360.0,True,2.568003155604104,0.7439434599617204,-1.6197365106599544,0.292621308777075,0.2548281294848768,1.3552385869224686,1.4096936665143882,842.75,535.75,9490.0,837.0,457.0,901.0,516.0,847.0,619.0,786.0,551.0
moving,moving_frame_000163,moving_calib_camera,163,results/bus_real_data/ablation/moving_cam/motion_blur/moving_blur_k09_mild/raw_images/moving/frame_0163.png,20,0.17,929.4671630859375,929.467134475708,640.0,360.0,True,3.128520183595499,-0.14940302969665975,0.24221904264450478,-0.3562786107252444,-0.6381720500487101,2.5213864344471872,2.6251833394523105,508.5,124.75,3958.5,474.0,95.0,537.0,92.0,543.0,154.0,480.0,158.0
moving,moving_frame_000164,moving_calib_camera,164,results/bus_real_data/ablation/moving_cam/motion_blur/moving_blur_k09_mild/raw_images/moving/frame_0164.png,12,0.17,929.4671630859375,929.467134475708,640.0,360.0,True,-2.665788067324623,-0.6708677528706856,1.5034693657263267,0.20618484456214592,0.33143028068267144,1.2361895211664,1.2963497804690383,797.5,610.5,12000.0,783.0,521.0,863.0,591.0,807.0,705.0,737.0,625.0
moving,moving_frame_000164,moving_calib_camera,164,results/bus_real_data/ablation/moving_cam/motion_blur/moving_blur_k09_mild/raw_images/moving/frame_0164.png,20,0.17,929.4671630859375,929.467134475708,640.0,360.0,True,-2.5960135532186923,0.07776450661581194,-0.22894724106663414,-0.5290773437576833,-0.521921408529176,2.3474342295079373,2.462269736284855,430.25,152.75,4525.0,391.0,122.0,461.0,118.0,468.0,183.0,401.0,188.0
moving,moving_frame_000165,moving_calib_camera,165,results/bus_real_data/ablation/moving_cam/motion_blur/moving_blur_k09_mild/raw_images/moving/frame_0165.png,20,0.17,929.4671630859375,929.467134475708,640.0,360.0,True,3.040015942828583,-0.14966712514200778,0.22386015890270192,-0.3439097030020394,-0.5105623586586646,2.226689489752517,2.310215117618352,496.25,147.0,4959.5,457.0,114.0,529.0,111.0,535.0,179.0,464.0,184.0
moving,moving_frame_000166,moving_calib_camera,166,results/bus_real_data/ablation/moving_cam/motion_blur/moving_blur_k09_mild/raw_images/moving/frame_0166.png,20,0.17,929.4671630859375,929.467134475708,640.0,360.0,True,-2.6125275890261697,0.059701638727011994,-0.08940504651242051,-0.17917116122652502,-0.49818862467521224,2.13852556448129,2.20308551824732,562.0,142.75,5382.5,522.0,108.0,597.0,105.0,601.0,177.0,528.0,181.0
moving,moving_frame_000167,moving_calib_camera,167,results/bus_real_data/ablation/moving_cam/motion_blur/moving_blur_k09_mild/raw_images/moving/frame_0167.png,20,0.17,929.4671630859375,929.467134475708,640.0,360.0,True,-3.114846795430095,0.06892674376239624,0.051135030426722926,-0.024741954583397573,-0.4804187668536415,2.0347217418210244,2.090814894365583,628.75,140.5,6059.0,588.0,103.0,666.0,100.0,669.0,177.0,592.0,182.0
moving,moving_frame_000168,moving_calib_camera,168,results/bus_real_data/ablation/moving_cam/motion_blur/moving_blur_k09_mild/raw_images/moving/frame_0168.png,20,0.17,929.4671630859375,929.467134475708,640.0,360.0,True,3.1224158493258547,-0.027248418668604352,-0.12046488096866921,0.11541269445908636,-0.4455546756033574,1.8950886786021999,1.9501795196239118,696.75,141.5,6935.0,654.0,101.0,738.0,99.0,739.0,181.0,656.0,185.0
moving,moving_frame_000169,moving_calib_camera,169,results/bus_real_data/ablation/moving_cam/motion_blur/moving_blur_k09_mild/raw_images/moving/frame_0169.png,20,0.17,929.4671630859375,929.467134475708,640.0,360.0,True,-2.7028309953323437,0.037017173593232845,0.12909714259486768,0.2415721469643183,-0.40650729479147674,1.7710297841051355,1.833071678657198,767.0,145.75,8052.5,722.0,102.0,813.0,100.0,811.0,189.0,722.0,192.0
moving,moving_frame_000170,moving_calib_camera,170,results/bus_real_data/ablation/moving_cam/motion_blur/moving_blur_k09_mild/raw_images/moving/frame_0170.png,20,0.17,929.4671630859375,929.467134475708,640.0,360.0,True,-2.6532741501542745,0.023973087696166892,0.15502021814855232,0.3443381125993194,-0.35324170895366813,1.601228530373001,1.675494329209577,840.25,153.75,9790.5,792.0,106.0,894.0,104.0,887.0,202.0,788.0,203.0
moving,moving_frame_000171,moving_calib_camera,171,results/bus_real_data/ablation/moving_cam/motion_blur/moving_blur_k09_mild/raw_images/moving/frame_0171.png,20,0.17,929.4671630859375,929.467134475708,640.0,360.0,True,-2.7250546686296255,0.00042320122403747054,0.20244861498276517,0.44025287102279903,-0.3038010778573562,1.4762424222449977,1.5701622128260782,917.75,167.5,11823.5,866.0,114.0,979.0,114.0,967.0,221.0,859.0,221.0
moving,moving_frame_000172,moving_calib_camera,172,results/bus_real_data/ablation/moving_cam/motion_blur/moving_blur_k09_mild/raw_images/moving/frame_0172.png,20,0.17,929.4671630859375,929.467134475708,640.0,360.0,True,-2.7205069891086753,-0.032009823201247234,0.3156836412511094,0.5730904834679283,-0.2344974995646389,1.3633011187774566,1.4973348723660438,1031.75,198.75,14198.5,977.0,140.0,1103.0,143.0,1084.0,258.0,963.0,254.0
moving,moving_frame_000173,moving_calib_camera,173,results/bus_real_data/ablation/moving_cam/motion_blur/moving_blur_k09_mild/raw_images/moving/frame_0173.png,20,0.17,929.4671630859375,929.467134475708,640.0,360.0,True,-2.739690852505793,-0.06616431195678708,0.41460060216751704,0.6890741448868059,-0.1625423238391918,1.2481896571763595,1.4349984684565225,1154.75,237.5,17618.0,1095.0,172.0,1239.0,179.0,1211.0,304.0,1074.0,295.0
