# 3D point list with one line of data per point:
#   POINT3D_ID, X, Y, Z, R, G, B, ERROR, TRACK[] as (IMAGE_ID, POINT2D_IDX)
# Number of points: 1672, mean track length: 5.9066985645933014
1530 -15.632529932752725 2.1049501833821589 -3.4012613738080346 106 106 106 0.29126673549051935 7 1040 9 1114 10 1167 8 929 6 954 5 868 3 782 2 764
1528 0.74452771305719279 4.4181487485883819 -1.3968289303312296 114 119 137 0.021147194743376237 7 1056 8 897
1524 -9.1558809946265303 -0.0022261595061803517 9.0962131916602065 59 62 72 2.4179006712649751 7 997 9 1072 8 854 6 891
1517 -1.3585457375725094 6.7795084641408581 8.3104407919882757 87 81 78 0.80124879231429225 7 939 8 776 6 810 5 728 3 672 2 662
1516 0.95525026172005145 3.6807361164336618 0.095796480025474778 90 94 108 0.92299524802894828 7 983 8 770 6 729
1515 0.95525026172005145 3.6807361164336618 0.095796480025474778 90 94 108 0.92299524802894828 7 982 8 769 6 728
1514 2.6118176656756487 0.40762999933566507 4.9820470155464802 113 119 136 0.71905684918791235 7 928 8 765 6 721 5 650
1512 -1.7375300061399923 5.219464192700265 -1.7439018304212714 5 5 5 0.59217143760776225 7 755 8 760
1507 -30.156668322975925 -3.5037607762132841 11.21231419726219 59 62 72 0.58912688311306083 7 816 9 851 10 921 11 954 12 822 13 817 14 799 15 690 16 493 17 571 8 719 7 896 6 664 3 562
1499 -3.3744313500285767 5.9730371485632112 2.0390716826910738 115 121 139 1.7529356426973357 7 931 8 615 5 104 6 127
1491 -27.171724333599681 4.9629218146878813 1.8376622330880379 130 130 130 0.49409213978939509 11 823 12 697 13 766 14 722 8 538 15 664 208 1716 6 546 5 490 2 478
1478 -11.427344729235971 5.1448260037881823 -1.6343565059260226 82 95 87 0.24453227399008617 9 674 8 392 7 588 6 221 5 195 3 56 2 58
1473 -26.73591154157128 3.2082172175542092 3.6086736521333602 0 0 0 0.46065052502320197 7 413 9 451 10 507 11 529 13 579 14 550 15 535 17 459 8 363 12 476 208 1433 6 373 5 322 3 161 2 157 206 778 83 1015
1468 -2.6590072126380329 5.725139059059658 2.5334242323457623 61 64 74 0.15602939868005195 9 553 8 285
1464 -9.4873528899483333 4.2369788297527249 -2.6698366822471744 4 12 6 0.16754169305663191 7 253 9 464 8 224
1463 -27.284686777925902 4.0853298657991743 1.4226742068452287 0 0 0 0.373366752044408 7 234 10 334 11 522 13 573 14 544 8 214 12 470 15 529 6 196 5 164 3 151 2 145 208 1177 206 635 83 1013
1452 -9.8904213604856981 2.4928488078754021 6.3978928416439222 130 130 130 0.11314864963222089 11 187 8 123
1449 -30.31966614872827 5.6404040847222401 1.0312300358315893 231 231 231 0.48686206699109197 12 319 13 251 14 436 8 73 10 152
1442 -26.799502617646148 2.8829762002656385 3.5686901965395554 130 130 130 0.29302355605306857 7 63 9 96 10 337 12 282 14 416 8 50 11 73 13 217 17 338 208 877 206 464 83 934
1432 -6.4831530021385069 3.869936741813699 -3.4960228152757029 6 19 43 0.57071908282920047 9 1034 7 961 8 803 208 1908 6 841 5 687 3 639
1431 -2.1620917202155554 6.0690798521786036 2.2696158753345408 61 64 75 0.82306165581107515 9 826 7 933
1430 -1.4807311095395379 4.2850429600330102 0.67716254098823114 59 62 72 1.1112553192811312 11 1035 7 923 8 819 6 854 5 715 3 664 2 654
1429 -6.193682093057066 7.296169590535345 -2.6162586089539634 231 231 231 0.25685496556056686 9 1007 7 919
1428 -6.2499525560476439 7.333702368934107 -2.6336871425306714 231 231 231 1.2058449794818082 9 1006 7 918 208 1749 6 894 5 803 3 592 2 514
1427 -2.4539982085437488 0.71017783807546486 5.0235809137157093 225 225 225 1.0264583903708935 9 998 10 1080 5 701 6 785 2 584 206 1071
1426 -5.8407042226817447 1.5388811678703156 5.473256279711082 67 67 67 0.43362773438493357 9 996 7 911 8 811
1425 -6.4549631393066411 4.4141411713780014 -3.176759099735349 6 19 43 0.46176182150811668 9 992 10 1110 7 906 208 1876 6 685 5 497 3 457
1423 -6.4684349230434792 3.6653034109877853 -3.6525048115795626 6 19 43 0.064722172696895799 9 990 7 900
1422 -8.2340229795038269 3.5218118518756443 -3.5840207856559738 48 52 63 0.71452243729598985 9 936 10 1002 7 898 8 725 6 767 8 801 5 598 3 558
1421 -6.4065442497960845 3.1720472725938689 -3.9201718956071021 6 19 43 0.26465863282739266 9 988 7 895 8 716 6 763
1419 -19.984106567779151 2.8267011311098607 -2.2346564842647325 56 57 57 0.81500518546990486 9 983 10 1066 11 1003 12 920 7 891 6 761 5 680 3 634
1417 -11.98975083654827 1.2137559769495232 -4.3701764595142825 106 106 106 0.66636161207410705 9 978 10 1098 7 881 8 790 6 877 5 675 2 635
1416 1.03327460481595 3.6971085317358545 -0.2326519855997142 115 121 138 0.39073551751228114 9 975 7 867
1413 -7.2532353774438212 5.6720630161321886 -2.2478561375541735 8 9 10 0.53548503184247742 9 887 7 848 8 671 6 702 5 509 3 337 2 346
1412 -24.289925032853422 1.3514180212995821 12.928520937585027 0 0 0 0.91437606973317254 14 726 7 843 8 565
1411 -24.929991781525299 0.1128149598744983 11.674236127116064 130 130 130 0.51345019864771335 12 775 13 831 15 659 16 478 18 379 19 308 7 836 20 341 5 615 206 1009
1410 -6.8066927757764821 4.1609177628004366 -3.2999634919185299 13 25 46 0.029297079587619599 9 868 7 833
1408 -34.007854680011917 -2.3723546769540969 13.887853314580797 59 62 72 1.2695057949309712 12 759 19 326 7 823 11 894 11 960
1407 -12.107774938312184 3.0550307035999924 -2.6903717769856637 17 35 65 0.36062041552314611 12 882 7 815 8 718 5 594 3 425 2 453
1405 -6.9806654447343721 3.0686209324078222 -4.0383414219070772 119 119 120 0.16175393669999649 9 931 7 808 8 713 6 653 5 588
1404 -6.9812862991405842 3.0714936307501319 -4.0376352114832148 119 119 120 0.34474273513081855 9 930 7 807 8 712 6 652 5 587 2 437 3 553
1403 -6.0369772952991108 7.3521743071995402 -2.1041736979435819 5 5 5 0.69634427925497455 10 892 7 750 8 426 6 247
1402 0.52751854645281193 -0.56451910845524345 6.8364391983384101 0 0 0 0.46011924891632644 9 1100 11 1119
1401 -2.8513780387057928 0.87600344614352044 4.2406013430817389 0 0 0 0.96886386568549088 9 804 7 735
1400 -26.734843478506729 4.4879569898593248 2.4887505774153555 130 130 130 0.40197414997997249 9 781 10 866 11 822 12 696 13 765 14 720 15 660 7 713 8 534 6 543 5 491 3 315 2 479 206 873
1399 -26.536507064623809 3.6926423567598237 3.7963216759569072 130 130 130 0.3972660848048627 10 865 11 821 12 695 13 690 14 717 7 710 9 657 15 600 17 461 8 535 6 544 5 334 3 453 2 480 206 872
1398 -25.85739901934982 0.066606737283754519 10.119543251829493 0 0 0 0.58327308411277234 9 864 10 860 12 774 13 762 14 708 7 708 8 659 208 1872 6 680 5 612 3 573 206 956
1397 -27.079340268214057 4.5902596316473376 1.8420023389069562 0 0 0 0.67990130615861777 9 776 10 858 11 819 12 693 13 763 7 706 15 599 8 531 208 1574 6 538 5 479 3 452 2 318 206 960
1396 -27.15152433858966 3.8688733460865401 1.9593824521906666 0 0 0 0.39674993563270383 9 766 10 930 11 896 12 770 13 826 14 771 15 657 7 698 8 651 208 1701 6 674 5 469 3 443 2 470 206 953 83 1102
1395 -6.6438520397218159 3.7428891302355916 -3.5728606705152162 75 77 83 0.2312966891965659 9 767 7 696 6 359
1394 -27.389686990063311 3.866011743854548 1.2790909522883047 130 130 130 0.47517891826410424 9 762 10 842 11 796 12 765 13 754 14 769 15 653 7 695 8 649 6 672 3 436 2 465 206 949 83 1101
1393 -26.462922307003346 3.7541424560819672 1.2213049045806501 130 130 130 0.28410449001230542 9 761 11 795 12 764 13 753 14 768 15 652 7 694
1392 -2.1419094509873009 6.1901579353886147 2.6025097052755681 60 63 73 0.54850207644826077 10 982 7 665 8 622 6 448 5 393 3 230 2 375
1391 -6.0767964684799693 7.6249301800923996 -2.2133993785397963 5 5 5 0.49784848906634288 9 897 7 633
1390 -2.3250782482275656 0.68994706578288301 5.0612010004865766 230 230 230 1.0284388625600271 12 804 7 614 206 892
1389 -2.2444375572144284 0.68104027746643325 4.9834894039933486 230 230 230 0.37721239007002738 12 803 7 613
1388 -2.672250848594071 0.69546450709083207 4.9864722755214617 0 0 0 0.65883465964966714 9 807 7 610 6 578 10 961
1385 -9.5779387540857854 4.3059879592956154 -2.750178047805476 75 78 77 0.50189085102745323 10 698 7 574 8 372 6 381 5 173 3 159
1384 -26.809043510030889 4.47823552941695 2.8161396659166922 59 62 72 0.41942498386958921 9 659 10 693 12 700 13 693 14 724 15 604 7 572 17 519 8 540 208 1587 206 785
1383 -26.809043510030889 4.47823552941695 2.8161396659166922 59 62 72 0.41942498386958926 9 658 10 692 12 699 13 692 14 723 15 603 17 518 7 571 8 539 208 1586 206 784
1382 -28.170886761431046 3.8421648464441174 3.176696119401738 103 108 124 0.37862747121895801 11 813 12 688 14 714 15 595 7 558 17 511 5 328 2 317
1381 -27.234063219010615 3.7226734661647711 3.0747874127951618 103 108 124 0.70599504235158772 9 647 10 679 11 812 12 687 13 682 14 713 15 594 7 557 8 367 6 377 5 327 3 308 2 316 206 867
1380 -28.601001808476425 -2.4231347817220885 12.023300065535038 231 231 231 1.2911053819460707 9 630 11 792 13 750 15 576 7 543 18 374 19 304
1379 -6.6568923399706579 3.4834537955713247 -3.740506992071627 99 99 102 0.27199325372183863 9 621 7 535 8 352 6 183 5 156 6 351
1378 -6.6409476102776095 3.4819372488424838 -3.7349835271974978 99 99 102 0.23291497500157413 9 620 7 534 8 351
1377 -6.8084499016504187 3.4436813901604597 -3.734603251752576 6 19 43 0.28395752557000098 9 754 7 533 8 349 6 182 5 36
1376 -6.7192648099229935 2.8712097384244504 -3.9394274812181416 6 19 43 0.66491457639335383 9 842 7 517 8 638 6 498 5 293 5 436
1375 -9.5091701432882925 2.3637225738185759 -4.5121812264278809 57 57 57 0.45479153068818207 10 813 7 509 9 578
1374 -12.038959264976622 1.2090840960599871 -4.1294440265366097 5 5 5 0.58290593631407928 11 945 7 504 8 469 9 837 6 643 9 920 3 399
1372 -3.7049682398742338 6.2616223884389521 2.9114276520843476 61 64 74 0.61148145720017721 9 551 7 475 6 268 5 236
1371 -6.115085825862054 6.972088445303144 -2.3609180846706495 10 21 13 0.32760402999585159 9 533 7 462 8 425 2 194
1369 -2.779232367478913 0.90627653984581114 4.707577243609574 0 0 0 0.43038673144487122 9 517 7 450 3 69
1368 -24.916825992530889 1.0933909835304432 11.224721275073136 59 62 72 0.43556890557423172 13 596 14 650 15 470 16 400 17 414 18 316 19 224 7 426 8 558 208 1739 5 351 5 502 206 787 206 879
1367 -27.022337486880488 4.2390267346775854 2.027196676577415 130 130 130 0.35114897231288406 10 678 11 661 12 579 13 586 14 645 15 539 7 416 9 645 8 366 208 1430 5 324 2 315 206 869 83 1062
1366 -27.186752416459544 4.3225225227254036 1.5604404350705057 0 0 0 0.38576376508678084 9 449 10 505 11 528 12 574 13 581 14 642 7 412 15 537 8 216 208 1425 6 369 5 172 3 158 2 150 206 779 83 1059
1365 -6.6802223489482229 3.6339269971723289 -3.6024074118735459 13 24 45 0.16416555419975842 9 763 7 406 8 207 6 43
1361 -6.4061576413353674 3.0030596660009734 -4.0709846240199825 121 121 122 0.16414894923453247 9 598 7 384 8 186 208 1169
1360 -6.6434013268362104 2.962544106201586 -4.0268363755227785 116 116 117 0.12639137334839656 9 427 7 383
1359 3.2397294980471947 0.74587406011545065 7.2961128700486855 230 230 230 0.20415357375999701 9 559 7 334 8 294 6 128
1358 0.77197998289975245 0.68194183213236115 7.7227655822352714 8 8 8 0.15797995889354249 9 214 7 311
1357 -7.6699951099809587 5.210331379882331 -2.4830524412446424 2 2 2 0.28228586720135906 10 554 7 285
1354 -8.7290972914855249 5.2901029156943435 -2.3536250705191044 15 22 19 0.32564752080109416 9 344 7 279 8 106
1353 -25.29354644362045 0.35022021272076764 11.228006440377932 0 0 0 0.82004688930969627 15 236 7 261 10 170 14 282 6 87 5 78 8 89 9 139
1352 -27.77229368848807 5.5727881466465981 1.4290081064315703 5 5 5 0.49312579991910177 10 513 12 487 15 546 7 255 11 410 14 558 6 391
1351 -26.611644642693626 3.0896777765235814 4.0131535373530882 130 130 130 0.27281068985014767 9 300 11 531 13 458 14 551 15 459 17 409 7 243 10 350 8 218 208 1436 6 206 5 57 3 162 2 158 206 644 83 1017
1350 -9.5778894547607631 3.9236915549339617 -2.8250778962095673 9 21 44 0.56591808368080887 10 365 11 403 7 236 8 215 208 940 6 48
1349 -11.276143316883811 3.5456516164801015 -2.7447104931442068 73 79 91 0.084376353903257137 9 287 10 322 7 220 8 42 6 42 5 42 3 28
1348 -7.0392627426195054 3.483750931331048 -3.6495900374089452 90 91 96 0.57118395420701984 9 440 7 213 8 38 6 39 3 23 2 28
1347 -20.224525853776424 3.3421652213680662 -1.838986551811516 138 138 138 0.21368177744099445 11 512 12 459 13 560 7 208
1346 -20.224525853776424 3.3421652213680662 -1.838986551811516 138 138 138 0.21368177744099445 11 511 12 458 13 559 7 207
1345 -12.15101690654501 3.028326180227503 -2.7897822316616709 15 33 63 0.43432755770372111 9 266 10 303 7 204 8 30 208 585 11 37 12 245
1343 -6.0751196328093418 7.6380452878506224 -2.4257053372021185 9 9 9 0.012752739309066192 9 379 7 156
1342 -6.0165442691450419 7.2141048416548808 -2.2632825723410637 9 9 9 0.13642466058592889 10 451 7 151
1341 -7.6824659864764664 4.5125571716785 6.4800228626510048 59 62 72 0.65575854346918983 13 160 15 412 7 149
1340 -6.9882657799449568 5.8312140553994913 -2.2361449084468226 2 4 12 0.53188906701088423 9 524 7 147 8 264
1339 -11.397141301930757 6.2686546425652585 -0.98397326499812987 99 103 108 0.17488390483070071 9 189 10 427 7 138 208 996 12 412
1334 -9.3293525488544162 4.6306602254362721 -2.4705722235592513 13 15 15 0.22898332310426026 9 327 10 528 7 104 8 91 208 1262
1332 -27.014261671599215 4.3611501628314455 2.0556965432991836 130 130 130 0.31232146973089914 9 120 14 432 7 82 11 388 13 245 8 71 6 59 206 493 83 961
1331 -27.015518336780534 4.3625502156787226 2.0561396645168806 130 130 130 0.30862383940325661 9 119 11 387 13 244 14 431 7 81 8 70 208 623 6 58 206 492 83 960
1330 -28.211735890428205 5.2295237304927147 0.71557473223791224 121 121 121 0.64060510337413745 13 460 7 80 9 302 10 353 15 465 11 386 14 434
1329 -28.52531699448982 5.0580937522719935 1.0603558336680061 231 231 231 0.30429887314706783 10 149 11 385 15 382 7 77 14 429
1328 -27.154333101030797 4.4937337793933967 1.5997266204996869 0 0 0 0.83311157174386852 13 243 7 76 9 301 10 143 11 384 12 313 14 430 208 888 5 50 3 37 206 490
1327 -27.030261034618029 4.1277351976608907 2.120726190147824 130 130 130 0.37412320133061733 9 110 10 146 14 424 7 73 12 95 13 68 11 374 15 223 8 63 208 896 5 53 2 39 206 483 83 953
1326 -27.134480540510665 4.3982742586367527 1.712448533657883 130 130 130 0.38086094635889511 10 145 12 309 14 269 7 72 13 71 8 62 208 893 5 52 3 39 206 487 83 956
1324 -27.172244581139591 4.2439246156522943 1.6773873242349735 0 0 0 0.21864984764555551 10 132 13 234 14 260 15 373 7 70 12 93 208 613 206 305 83 863
1323 -27.172957799412256 4.2437109296629121 1.6764371004088807 0 0 0 0.273102084812548 9 105 10 131 12 92 13 233 14 259 15 372 7 69 208 612 206 304 83 862
1322 -27.330249633611938 3.9693687276660787 1.5757775841293171 0 0 0 0.61722793236149254 15 457 7 61 208 1178 9 295 10 498 6 51 3 33 206 468
1321 -6.8346708866717858 3.5983263038843707 -3.6425703304806203 92 94 97 0.013264533305833676 9 290 7 55
1320 -7.8642852510796439 3.4985222226814527 -3.4774218276633242 79 80 86 0.2935180326369391 9 283 7 52
1319 -6.7834045935619658 3.4882723362559052 -3.6895935864653051 90 91 95 0.043990447380378481 9 286 7 51
1318 -7.2956468860893571 3.4532387423825988 -3.628825486516754 90 92 95 0.21026051825145273 9 276 10 318 7 49
1317 -6.9843845658504051 3.4627378599579326 -3.7131126138055581 98 99 102 0.39563201397966979 9 275 7 48 8 37
1316 1.7731085451462099 0.51211361037456582 5.3758808824446191 231 231 231 0.54731377735651132 21 224 9 1009
1312 0.13339733040015073 0.17299181197136793 1.8843719336491858 0 0 0 0.058208438238803263 16 344 23 349 22 349
1311 -27.128474427051074 4.278003629833564 1.8186366773540819 130 130 130 0.48833807774231919 10 675 12 576 13 585 14 644 15 538 9 642 11 530 6 203 5 475 3 447 83 1060 83 1084
1309 -27.228078882007306 4.1297973542556061 1.5772229423253348 130 130 130 0.28075130643602542 11 363 12 290 13 221 14 417 15 365 9 99 8 55 208 862 206 472 83 937
1308 -27.392483957055546 3.5787159231469192 11.61234732589172 0 0 0 1.1002899575456955 10 1158 11 1107 12 967 13 950 14 882 17 624 9 1097 7 1044
1307 -24.888255136567249 -2.6011479151695034 10.878797647450204 231 231 231 0.90669807633782151 10 1156 11 1102 12 973 13 958 14 889 15 767 9 1096 7 1042 6 956 5 872 3 805
1306 2.6336744915016328 0.25255892799384105 5.0369255036623644 114 120 137 0.048372656966906596 10 1144 9 1079
1305 -9.9815545614921781 4.4291690187336874 -2.5067455797882463 3 8 22 0.63259763066853258 10 1157 11 1117 9 1069 7 994 8 882 208 1967 6 887 5 754 3 696 2 643
1304 -26.524887647492655 3.8773593492417442 4.2000003804724146 101 107 122 0.86412382545870881 10 1134 11 1088 12 964 13 948 14 879 15 770 17 622 9 1068 7 992 8 881 6 921 5 838 3 785 2 768 206 1130
1303 -16.011147711454672 1.803748759783895 -4.042207087408638 0 0 0 1.4870189235680074 12 958 9 1063 10 1100 11 1080 9 1025 7 948 8 842 6 833 5 829 8 903 6 951 3 731 2 729
1302 2.6099831670782105 0.34659244536663764 5.0126305734206893 114 120 137 0.47046335201615086 10 1087 9 1049
1301 2.5727005884050391 0.22098504582638392 4.805769769019248 59 62 72 0.37108708297649573 10 1118 9 1046
1300 -6.0885872414949143 7.1401260976943552 -2.4043590616053083 9 11 14 0.28920414161635838 10 1139 9 1042 7 1000 8 858 6 895 5 804 3 705 2 702
1299 -15.596732809057107 7.7170789240932756 0.84761261383922348 5 5 5 0.62273832747554903 11 1093 12 951 9 1041 3 702
1298 -21.519221887913073 1.2346265433047543 -3.4165774529295332 56 57 57 1.262257277216168 10 1099 11 1081 12 943 13 941 9 1026 7 947 8 841 6 832 5 746 3 546 2 636
1297 -2.0596553161782678 6.1226598811316562 2.4123143438517247 111 117 134 0.50599187675310542 10 1095 9 1019 7 985 8 828 7 936 6 861 5 721 3 670 3 715 2 656
1296 -1.4610850443703272 4.4512994158620511 0.6797594609353238 115 121 138 0.98131427902757962 10 1119 9 1012 7 975 11 1069 8 822 6 803
1294 -7.5008718841866884 3.5161585755401328 -3.6369658134074929 78 80 85 0.24026533259147198 10 1070 9 989 7 899 8 802 208 1800 6 768 5 601 3 560
1293 -10.479573587231723 3.0529449843776244 -3.4429911163676219 6 19 43 2.1741506961709396 10 1067 11 1047 9 984 7 956 8 848 6 760 6 882 5 793 3 695
1290 -6.2927508467973867 7.8000052493177359 -2.3688799700484244 231 231 231 0.28111019857015779 10 1039 9 965 7 854
1289 -6.3257322856968123 7.5538479537724834 -2.2673550869442294 231 231 231 0.33608618077673474 10 1085 9 964 7 853 8 757 6 709
1288 -25.208493877330707 4.5150319180886083 2.9935486853690492 105 111 127 0.50254389866093629 11 1010 12 888 13 869 14 832 15 718 17 586 9 939 5 693 3 645
1287 -27.166994236640697 5.4219344282818769 1.1360149693072021 5 5 5 0.36318483076869662 10 1006 11 964 12 887 13 867 14 803 15 717 9 938 7 831 8 733 208 1804 6 772 5 689 3 570 2 567
1286 -22.452286024282547 2.9788757713269471 -1.9347236462299662 0 0 0 0.47186107580585085 10 997 11 1004 12 878 13 895 9 934 7 810 8 643 6 660 5 590 2 449
1284 -11.209798981435856 2.6116509058211976 -3.2777759075827708 4 14 40 0.15668621302191726 10 992 11 1000 9 927 7 805 8 636 6 648 5 437 3 408 2 276
1283 2.5389504630631814 0.12834553192500378 4.8099244636265306 110 116 133 0.70516039114530715 10 1041 9 898 7 751 8 601
1282 -7.3371226952941067 5.8342977359666417 -2.098553068520661 42 76 53 0.11830584280175524 10 968 9 889 7 742 8 675 6 704 5 521 3 473 2 506
1281 -6.7646539216803596 4.3887215421439905 -3.1413138547808543 10 23 45 0.034806634004537533 10 1018 9 872
1280 -12.060699321448087 3.2927871446616188 -2.6603403916539392 110 112 115 0.36126562954725244 11 959 12 884 9 855 7 820 8 724 9 935 208 1691 6 666 5 600 3 561 2 563
1279 -9.5974313208110207 2.704073019529698 -3.6475031448387494 11 23 45 0.71267681912958269 10 912 11 950 9 840 7 515 8 482 208 1406 11 884 3 124
1278 -20.894134869824644 2.1257293105234991 -2.5554794923067954 138 138 138 0.18175670391007148 10 989 11 949 12 874 13 858 9 839 7 802 8 708 6 645 5 583 3 548 2 430
1276 -2.6697248752186726 0.81552290223722068 4.7358988884584985 0 0 0 0.31178199656444955 10 962 9 808 7 739 8 587 6 579 5 367 3 210 2 351
1273 -6.7795806269921481 4.2785265558870043 -3.218131841858467 68 72 81 0.10422610175263719 10 937 9 786 7 716 8 548
1272 -6.7795806269921481 4.2785265558870043 -3.218131841858467 68 72 81 0.10422610175263719 10 936 9 785 7 715 8 547
1270 -6.7871832833895196 4.0321742681557753 -3.3647205329016341 73 77 85 0.12723004004765953 10 869 9 782 7 568 8 529 208 1596
1267 -7.4216511703729475 3.6847363555074937 -3.4700720674331631 73 75 82 0.17909290504854253 10 851 9 764 7 544 8 356 208 1453 6 189 5 43
1264 -7.6686286926943215 3.6495299126364591 -3.4280876884609288 34 40 54 0.11219706654267578 10 929 9 759 7 542 8 507 6 358
1263 -8.1186404004126782 3.5269995085624508 -3.4177163510730528 6 19 43 0.36170702157897494 10 928 9 757
1261 2.5080163911732218 0.68113659626260747 4.8011629393004132 80 84 97 0.17799733773145368 10 793 9 718
1260 -1.4862870216919077 4.3827303473560146 0.66781178853132295 115 121 138 0.75271701593142204 10 789 9 711 206 731
1258 2.5552497055773218 0.18893307737082576 4.76171659032864 59 62 72 0.13555823929008876 10 787 9 704
1257 -6.4131038034628638 7.6646762260079901 -2.3988957114749128 9 9 9 0.081905354224393032 10 785 9 700 7 302
1256 0.19382971111029243 1.5434004116664264 3.6815484004017818 130 130 130 0.11777015513714406 12 863 9 699
1254 -7.3258814065296578 5.953259357209717 -2.038065581511376 1 4 10 0.83511015094446273 10 780 9 696 7 453 8 411 208 1498 6 424 5 220 3 209
1253 -9.2911124443800954 2.5143170032493125 7.3473804381394023 0 0 0 1.3517307764819904 16 411 19 234 9 694 208 1758 206 798 10 760
1252 -9.2855974719586865 2.5055163139628132 7.3388338861853581 0 0 0 0.80585542243541397 16 410 19 233 9 693 208 1759 206 797
1249 -25.231986253163111 -0.69038574955206267 11.437669125846217 130 130 130 0.33838374685514983 11 816 13 685 16 392 9 653 6 386 5 494 3 459 83 1055
1246 -7.4623773653208199 3.6132148765152654 -3.5481436557328268 16 25 46 0.1965219343370937 10 843 9 631 7 403 8 203 6 41
1245 -7.7763373545291952 3.5477400255720872 -3.4487471499871392 8 20 43 0.44778041022593024 10 838 9 629 7 401 8 201 208 1437
1244 -7.536129788183227 3.5353723180774779 -3.480914396337075 7 20 43 0.00074835332565132968 10 840 9 628
1243 -7.270929692623751 3.3921390710386627 -3.6560554714112001 6 19 43 0.43614894121435999 10 835 9 617 7 396 8 199 208 1561 6 179 5 32
1242 -7.8605915062748286 3.3399271294251078 -3.5752680825711067 6 19 43 0.49285087236400654 10 832 9 615 7 394 8 348 6 178 5 152
1241 -9.3318310534315358 2.8177533965683468 -3.6379917675650764 57 62 73 0.22503971968865971 10 643 11 772 9 596 7 379 8 184
1239 -12.071397349701025 1.8979054822356594 -3.7489664975455481 57 57 57 0.28221036398781779 11 764 9 579 10 630
1234 -11.796400077074868 6.1074823896533559 -0.98192851602142783 123 123 123 0.10359872913988361 10 743 11 714 9 510
1233 -7.7139549151896567 5.1794981112985097 -2.4457341730964171 99 100 100 0.044861513084656239 10 552 9 507 7 283
1232 -7.8499393195443483 5.1413042019120541 -2.467334344846162 102 103 103 0.048394514613818024 10 736 9 506 7 441
1231 -7.8899064962076215 5.0590519907088236 -2.4743107737951302 101 101 101 0.093239484279877882 10 733 9 502 7 439
1230 -8.0348888189705363 5.0245350214633611 -2.4986759906505212 100 101 100 0.049783141256573404 10 728 9 501 7 437
1229 -8.8158954312128266 4.9428716764576199 -2.389114795923625 9 10 11 0.18100085937761923 11 851 9 496
1228 -11.540608779410958 4.3037977986733491 -2.1775449844054133 79 102 85 0.13095035657377019 11 677 9 463 7 249 8 221 6 61 5 176 3 36 2 38
1226 -14.095414002908205 4.4747937843323848 -1.6118114702104085 108 109 110 0.051816606134835602 10 696 11 671 9 459
1225 -14.095414002908205 4.4747937843323848 -1.6118114702104085 108 109 110 0.051816606134835602 10 695 11 670 9 458
1224 -7.4067544044453966 3.7544958633256043 -3.4399840259825289 6 19 43 0.23286235438401592 10 509 9 446 208 939
1223 -26.7419031635892 -1.6983147889607568 11.59937285746962 231 231 231 0.29617992363195383 10 667 12 567 13 571 14 534 17 392 9 444 7 408 8 362 6 362 5 168 3 156 2 152
1222 -7.9220796586738267 3.6229919390331875 -3.3807912115235657 59 65 74 0.25335982969933113 10 668 9 443 7 226 8 205
1221 -7.3828184238901917 3.5013853390627263 -3.6385811469729528 90 92 95 0.23527372239456329 10 666 9 439
1220 -7.7077085877931593 3.3780213442870726 -3.5845333298705735 102 103 105 0.32426512952825448 10 660 9 435 7 395 8 198 6 36
1217 -7.7007482122235382 5.9092757445097339 -2.232204872957019 3 4 5 0.26676154243989381 10 242 9 371
1208 -8.4316997561826952 5.3756086343754603 -2.1926682770863075 2 5 13 0.052072116527965326 10 555 11 717 9 351 208 1307
1207 -7.8321600456097418 5.1827059694176931 -2.5073045632701287 4 4 4 0.033601112953462298 10 418 9 349
1206 -8.3528341432079323 5.201826028054489 -2.3491399365968131 50 58 58 0.13503532846720509 10 548 9 348 7 120
1205 -8.5282743889318944 4.9439331550528367 -2.4301844897650171 18 22 23 0.16915291994134088 10 539 9 333 208 1288
1204 -7.8094424702358207 4.8190633211734166 -2.7599569564206958 21 26 40 0.2755510966112466 10 400 9 331 7 109
1203 -24.008536337151149 1.1959030939855551 12.853491948950026 0 0 0 0.91976906847596895 11 428 13 272 17 351 9 329
1199 -25.075979146920098 -0.23992557842058174 11.49329263413196 130 130 130 0.36302347205236024 15 376 9 313 10 368 3 175 83 943
1198 -26.582324026212842 -1.9007084971133548 11.733667410218152 59 62 72 0.87252574437747754 10 328 12 78 13 210 14 409 16 217 17 101 9 294 18 124 14 49 15 76 7 232 8 49 6 197 2 153
1197 -27.417996310292637 -1.969590148223846 11.831322698218441 59 62 72 0.6640762078327932 11 351 12 269 13 208 14 241 15 346 16 301 17 249 18 220 19 193 9 293 6 49 5 47 206 614
1196 -7.7097981073403341 3.5987425257407955 -3.3888273056089813 8 20 44 0.25838300970415728 10 333 9 292 7 56 8 44
1188 -16.947664597876347 8.7130428222398812 1.0702702083859505 0 0 0 0.40362919891361593 11 462 12 419 9 203 8 128
1185 -22.749060899920806 9.6436904703686235 2.7591586467407718 231 231 231 0.16358884016182232 11 203 12 409 9 196
1184 -7.5710941587013254 5.6395571978854386 -2.1648646167804397 10 11 12 0.31666806547274395 10 434 9 193 7 141 8 120
1183 -7.4495012693787981 5.5363212794200498 -2.2275187173289579 23 26 27 0.14511524406678605 10 235 9 192
1182 -8.2029563693601144 5.2352792640354222 -2.3198582265894885 53 60 60 0.1281955535302666 10 419 9 173 7 123
1181 -12.800604013907677 5.9420747564612038 -0.8990113274712187 71 94 78 0.46915089921892045 12 606 9 168 208 1303
1180 -8.6133296187007726 5.0150237869370171 -2.3862087511499146 48 55 55 0.030912108151809996 10 405 9 159
1176 -24.968944968150431 -0.36435192935801347 11.273207839256591 0 0 0 0.97198859462743847 17 259 9 129 14 426 15 371
1175 -20.166926126600263 -1.2881984491606757 10.960809370708802 231 231 231 0.43095185174904033 14 59 9 128 15 98 16 134 18 76 19 62 20 79 7 89 3 48 2 165
1174 -27.015380395977104 4.5120321616958687 2.1102528213410245 0 0 0 0.50110421520568182 15 384 9 124 208 920 7 86 11 392 6 64
1173 -25.995550347045242 -0.71437643634569847 9.9697588410673479 102 108 124 0.75700315064479939 16 128 9 102 15 89 206 450
1171 0.12775987350517898 0.81097219097289852 -0.21867777608372985 130 130 130 1.3463201623905416 10 155 9 95
1170 -7.7135722538639477 3.654401893257158 -3.3994131607802731 67 70 77 0.10750653981597647 10 338 9 92 208 649
1169 -6.9664569501443321 3.5842427839424662 -3.6332569386781488 110 111 113 0.0011243080120564683 10 329 9 89
1168 -7.3999312787517058 3.5753102192451811 -3.5929809859536732 97 98 101 0.024924667411260835 10 327 9 87
1162 -21.711529149186646 4.7269746703921429 -4.4351511040521876 28 39 65 2.5767832254916714 13 193 10 79
1159 -9.5260683771913062 4.2570339075170454 -2.6757371271853954 3 6 4 0.13153778278193329 11 829 10 699
1158 -9.4397817416169811 4.0649801432319812 -2.8124307298787712 2 2 2 0.69177689679444998 11 827 10 694 9 656 7 244 8 59
1157 -9.6932341487232616 4.0141003869228644 -2.88558843113994 104 105 105 0.77439266801948858 11 668 10 686 9 454 7 551 8 517 6 527 5 467 2 462
1155 -9.46413399677445 3.9550322244571707 -2.9143078695650808 96 96 96 0.070489782727818556 11 540 10 511
1153 -9.4331970306556947 3.8924498260403988 -2.872560641774343 15 24 43 0.12302605846050531 11 398 10 359
1152 -9.3916451663100009 3.8634932109235938 -2.9227964960524417 12 23 43 0.11386420145428855 11 535 10 354 9 106 208 937
1150 -9.3044314248160429 3.8243936748286798 -2.9579276510701944 11 23 45 0.26866278952312744 11 393 10 148 208 234
1148 -5.3175087572242639 0.68693876695482659 5.3586345757733316 59 62 72 1.8535604244461747 11 1118 10 1162 9 1039
1145 2.3732755297150256 0.50986507890543897 4.902725014788424 80 84 97 0.046395685528395889 11 1111 10 1143
1144 -10.123426734940992 8.6163581685477251 0.063456671813274801 6 19 43 1.2697376549057082 12 938 10 1113 9 962
1143 0.73096268272039044 -0.45161559620115543 6.8468374645572041 231 231 231 1.4036256536986036 12 909 7 747 6 791
1142 2.4782564932368678 0.66399735606908072 4.8544065099097091 80 84 97 0.86055563902364141 11 1072 10 1090 9 971
1141 -7.8139072599981718 3.860263132154337 7.4820603333986764 112 118 135 1.9397586069842001 9 1003 7 971 8 815 6 795
1140 -8.773340051984917 4.8497317828233628 -2.4748236879069303 12 14 16 0.18543197486890328 11 1055 10 1073 9 944 7 842 8 739 208 1815 6 689 5 500
1138 -20.919419861444677 5.6639401616677771 -0.603142183504213 56 57 57 0.75863376619429168 11 1053 12 926 13 929 14 880 10 1071 12 948 9 991 7 904 8 805 6 842 5 692 3 644 2 572
1137 -17.744591116285598 -6.553788385361015 7.5253976239932321 41 41 130 0.28038164534479021 11 995 12 873 13 857 10 1058 9 922 7 886 8 792 6 830 5 745 206 1051
1134 -1.7441496652212065 4.1393528438532172 0.37048029741740068 87 81 77 0.59472077740247908 11 1063 10 1040 9 966 7 922
1121 -10.805930937047087 2.9036353742307348 -2.8359530621486058 43 51 69 0.68679908911838461 11 1006 12 880 10 998 11 955 9 849 7 813 8 717 6 661 5 591 3 422 2 450
1119 -8.0084423193335095 5.627802770413024 -2.1112311327356652 4 7 18 0.16869126176349314 11 981 10 960 9 805 7 734 8 584 208 1742 6 419 5 212 3 199
1118 -3.6493036829990051 1.0771446834135419 4.5341638941060349 0 0 0 0.19438950602002875 12 852 10 956
1117 -17.424284653493569 7.9784880829963063 0.53617504008700301 139 139 139 0.14895338466067151 11 922 12 849 10 955 13 846 14 815 9 883 7 736 8 673
1113 -9.1974193389838437 4.9451561018478492 -2.3059975980330334 3 7 21 0.36973408585837525 11 912 10 943 9 788 7 590 8 390 6 400 5 348
1111 -11.122838140897592 5.118280459606086 -1.7327931189273045 124 124 124 0.39207793827134818 11 970 12 892 10 940
1110 -9.1844049272666215 4.8354174097327425 -2.4080521972176001 65 68 70 0.5666968943430023 11 972 10 938 9 873 7 717 8 663 208 1604 6 553 5 498 3 326 2 328
1109 -25.868747615188518 0.070118971234650537 12.941643847599829 59 62 72 1.0767840520126324 16 479 17 514 18 380 19 309 20 342 10 935 9 870 7 837 5 617 3 647
1108 -12.30965288453435 3.384661391030241 -2.4966216417471547 79 85 96 0.92610643558827077 11 893 12 827 10 927 13 865 208 1696
1107 -11.066366573130288 3.2285493373138205 -2.8863641789168066 8 27 56 0.3294169691931606 11 892 12 826 10 926 9 749 7 532 208 1690 6 513 3 287 2 133
1106 -11.990398944487227 2.7147855732096469 -3.1390210783654764 78 79 85 0.35566027965087044 11 951 12 821 10 914 9 843 7 679 8 639 208 1548 6 655 5 444 3 412
1104 2.0185022937576216 0.53574636268103615 4.1941836879695291 11 11 11 1.2177167789399879 21 197 10 896
1103 -7.1466837457823269 5.8203435829259949 -2.2109476660312382 54 56 57 0.64467731742846823 11 870 10 890 9 695 7 615 8 588 208 1495
1102 -8.1760802589838963 5.1011516683664064 -2.4399199625871626 15 18 19 0.79507660311532113 11 918 10 881 9 796 10 952 208 1609
1099 -25.231791034926367 -0.69129332209606065 11.438802421440972 130 130 130 0.37225780759292548 11 817 12 690 13 686 14 641 15 528 16 393 17 455 10 862 18 309 9 654 7 709 6 387 5 495 3 460 2 323 206 864 83 1056
1098 -26.00966545437787 -0.47396846183605384 9.8571013727090993 103 108 125 0.673649203810612 11 802 12 676 13 756 14 702 15 584 16 443 17 500 18 376 19 281 10 849 9 768 7 700 8 653 6 537 5 478 3 448 2 475 206 941
1097 -18.75388868448859 -3.6911957078463704 8.5631453837527989 231 231 231 1.8345808613247421 13 655 15 507 17 385 10 821 20 268 9 737 206 926
1095 -19.617948917703703 1.0590649439761459 -3.4395494963221154 56 57 57 0.34391155414007879 11 761 12 744 13 736 10 812 9 730 7 506 8 473 5 428 2 121
1094 -19.617948917703703 1.0590649439761459 -3.4395494963221154 56 57 57 0.34391155414007879 11 760 12 743 13 735 10 811 9 729 7 505 8 472 5 429 2 122
1091 0.15267162248264329 1.5706634193118616 3.7551095402693329 130 130 130 0.489304914685328 11 935 10 784
1090 -9.1091292686264982 3.05981067743248 7.4439345314288721 0 0 0 0.74266224487212484 16 379 10 775 21 281 22 463 23 463 8 423
1089 -9.569106705850551 3.0812107559291477 6.6971255989342886 130 130 130 1.6870637010878398 11 731 12 628 10 763 7 454 8 412 6 427
1088 -9.3709725312631438 2.4131557025520585 7.0201424131693768 0 0 0 0.28462876396375947 20 294 10 750 8 589
1087 -8.0472462721284543 5.4933055858993116 -2.1267246818789642 2 5 14 0.13956370396105577 11 730 10 748
1086 -7.4334094577451584 5.3250269347406656 -2.4436983199165128 0 1 0 0.55698946789808601 11 729 10 747 9 511 7 287 208 1311
1085 -15.367477896448987 7.1743706919806094 0.27006031336222364 5 5 5 0.43090884250540817 11 716 12 616 10 746 8 122
1084 -3.842537046824821 0.012369898914236873 6.0927324132780249 231 231 231 0.22372011912783521 21 292 10 734
1083 -26.184164164409061 8.8659942174245732 2.826134263079457 122 122 122 0.49219059389361719 12 604 13 609 14 660 15 554 10 732 9 509 7 447 8 260 10 415 11 444 208 1488 6 106 5 217 3 208 3 343 2 192
1082 -26.206294259559698 8.8748699521522543 2.8284873204995291 122 122 122 0.47725611965073078 12 603 13 608 14 659 15 553 10 731 9 508 7 446 8 259 208 1487 10 414 11 443 6 105 5 216 3 207 2 191
1081 -8.1673024647586185 5.0653047459284108 -2.4465047578803962 16 20 21 0.17279219558913553 11 853 10 729 208 1481
1080 -27.777421863320892 7.0492477947684531 6.8253774749306588 0 0 0 0.98296634885468792 12 601 13 838 14 574 10 727 8 579 5 514 3 478 2 511 16 254
1079 -28.542663815941729 7.202495087910461 6.9557241016970721 0 0 0 0.71357843400676313 13 780 17 475 10 726
1078 -8.9157370876185755 4.7900354987910196 -2.4635394779941815 10 12 13 0.12284471416965644 11 849 10 719 208 1475
1077 -8.6899701405332959 4.7479428641733659 -2.5403963905937994 13 18 17 0.23033127612744048 11 848 10 718
1076 -7.3041881329795233 4.2740961814574403 -2.3946962483874228 0 0 0 2.0085490597880602 11 695 10 716
1075 -9.2139324728876275 4.6912529582148688 -2.4554110097969191 6 7 7 0.19923576961516942 11 843 10 714 9 486 8 94 208 1471
1074 -8.9397804323411361 4.624777108370381 -2.5768197848885657 14 18 19 0.20500121363788773 11 842 10 711 9 479 208 1470
1073 -12.737459252688417 5.0486078558780019 -1.4738026673866607 100 106 112 0.12172303238120424 11 836 12 712 10 710 9 482 7 429 8 385 6 216 5 191 3 54
1072 -12.737459252688417 5.0486078558780019 -1.4738026673866607 100 106 112 0.12172303238120424 11 835 12 711 10 709 9 481 7 428 8 384 6 215 5 190 3 53
1071 -8.963630655738676 4.6103827742285075 -2.6629877472797827 100 101 101 1.3484609097326148 11 689 10 708 9 477 208 1254
1070 -9.3998689362864987 4.5049570586079044 -2.5032528150267845 3 3 4 0.82068333612355804 11 832 10 703 9 471 7 425 8 230 6 79 5 61
1069 -25.381323721367558 1.4400700911049611 10.870728706913265 0 0 0 0.29166503418923795 11 680 12 589 13 698 14 652 15 545 16 401 17 462 10 701 19 254 9 665 7 583 8 557 208 1736 6 556 5 350 3 331 2 339 206 788
1068 -25.210211425833272 -0.063690345585838457 11.007690105816559 0 0 0 0.28556216468913564 11 666 12 581 13 588 14 552 15 536 16 396 17 408 18 313 10 691 19 252 9 457 7 422 8 375 208 1725 6 392 5 340 3 320 2 327 206 780 83 1016
1067 -9.2683894707995229 3.8778983540326162 -2.943350278485485 103 104 104 0.47211849014543023 11 667 10 682 9 450 7 409 8 360 208 1456 6 194
1066 -0.55195775555302062 -0.0087482149770905099 0.23150363694142556 0 0 0 1.1453484591372673 14 507 16 348 12 435
1065 -15.103683466361874 1.9589699051063088 -3.9135065704953425 0 0 0 0.071673152789670833 11 617 12 532 10 633
1064 -1.3423693523998075 4.4019124602660931 1.0625494558177093 81 86 99 0.004940748372439057 11 756 10 598
1063 0.82756964031705482 -0.37408580216343851 6.8543048473199661 67 67 67 0.63628554831056117 11 479 10 590
1062 -2.7512425438735875 0.86424671415459364 4.6083818554259093 232 232 232 0.42462225446176999 11 732 10 579 9 369 7 294
1061 -3.4267317435089666 0.91470552121459381 4.8552048086592041 231 231 231 1.2885338498122219 11 582 10 568 9 364
1060 -8.0443009997513553 5.3895145346211635 -2.245995725517794 14 15 16 0.24804746599970207 11 721 10 563 9 356 7 131 8 117 208 987
1059 -8.631382794727287 5.26275072831847 -2.218205150502139 2 4 13 0.47630168143435025 11 707 10 549 9 505 7 280 8 247 208 1306 6 100
1058 -8.2871342201687987 5.0592090689089853 -2.4210854645595981 66 81 78 0.074791708484338207 11 705 10 547 9 337 7 276 208 1300
1057 -8.7966829858035762 5.1454142549464175 -2.253682460791417 3 5 11 0.14608182991024973 11 704 10 546 208 1301
1056 -8.1957527464519888 4.9771918972011573 -2.4700290660188062 20 28 25 0.046976643105225022 11 702 10 545
1055 -8.9013406784524776 5.0846287225327478 -2.2686029340945364 3 5 13 0.15344693531759432 11 701 10 543 9 499 208 1295
1054 -8.361549168366821 4.9230406032512768 -2.4978118819256263 15 28 20 0.094186172557042855 11 700 10 538 9 332 208 1287
1053 -9.8666460516426628 0.77274222035421736 7.7285517954851466 231 231 231 1.2900351210936931 17 471 20 219 10 537 14 733 9 166
1052 -9.5666132972141291 4.7018304064216609 -2.3873573004797195 2 3 10 0.59045438321512334 12 599 10 530 9 480 7 267
1051 -23.78033052151503 3.0636821333636055 8.7510306211955804 59 62 72 0.27600172965705949 12 595 13 601 15 550 16 363 17 417 18 287 10 527 9 489 7 434 8 396 5 356
1050 -8.8774025146669526 4.5042037166312241 -2.6396090154326037 98 99 98 0.02798337896907193 11 688 10 525
1049 -9.0976372980501061 4.4683568232694304 -2.6214259196698135 16 30 22 0.022413760466460649 11 687 10 524 9 323
1048 -12.689279800476488 4.3664346820674718 -1.8856556852727229 94 99 104 0.20386392877054746 11 674 12 704 10 515 9 461 7 251 8 223 6 63
1047 -26.31669832535405 -1.4737259521061874 12.357465726364708 231 231 231 1.2529362183463468 15 449 16 355 18 281 19 220 10 504 14 539 11 809 20 230 12 679 7 417 8 656 6 382 5 178 3 314 2 482
1046 -12.454783871081446 3.8193469034225886 -2.2196175070922775 89 91 96 0.052723857343042947 11 372 12 482 10 501
1045 -12.454783871081446 3.8193469034225886 -2.2196175070922775 89 91 96 0.052723857343042947 11 371 12 481 10 500
1044 -11.930171710318962 3.4906022343691752 -2.6042616083527399 60 70 90 0.12925118588370274 11 520 12 568 10 495 9 284 7 53 8 41
1043 -20.549866284190351 3.0218322991941733 -1.9951748420060926 0 0 0 0.18075622931970764 11 645 12 558 13 555 14 617 10 484 9 429 7 197 8 342 6 173 5 26
1042 -2.9697663074589227 6.2854202172498805 -0.7784982946625586 101 101 101 0.42634954485853671 11 876 10 460
1041 -3.8552720826354743 6.2525233953856025 2.9238495736145755 61 64 74 0.32251133693334372 13 354 10 457 7 326
1040 -7.2747697312085586 5.8339952018231811 -2.1637386942565402 8 13 10 0.33792277224652556 11 597 10 440 9 374 7 144 208 759
1039 -7.3442004893946917 5.7896592729281746 -2.1486266987714635 78 80 81 0.27045866619307496 11 471 10 438 9 373 7 143 8 125 208 752
1038 -7.5186196017084992 5.7623247185169069 -2.148304314057262 14 20 17 1.3465710374939028 11 746 10 435 9 197 9 519 208 1318
1037 -7.4855947967984928 5.4659415779853644 -2.3931835064284144 3 3 3 1.1311246136459656 11 214 10 432 7 134
1036 -7.9832336134163526 5.5344275274532819 -2.2089545861495399 45 47 48 0.27090094627749006 11 585 10 430 9 186 208 741
1035 -7.9864086416368876 5.5376878371677387 -2.2097659958116318 45 47 48 0.29071855186845896 11 584 10 429 208 740
1034 -11.397141301930759 6.2686546425652603 -0.98397326499813098 92 96 101 0.17488390483079069 12 413 10 426 9 188 7 137 208 995
1033 -8.0868832376366893 5.3735444950063469 -2.3006559382930702 53 61 61 0.45706066725347294 11 580 10 424 9 182 208 733
1032 -8.3398332278880645 5.0591873865434236 -2.3797361372138446 33 41 40 0.052798622138110506 11 569 10 411 9 163
1031 -8.470835223259229 5.065887759055645 -2.3628993409547978 50 57 57 0.21638813143325353 11 568 10 410 9 161 208 723
1030 -8.7295366381093604 5.0674574464704385 -2.3605190860534075 10 12 12 0.12760450647943497 11 565 10 406 9 335
1029 -8.7623156067538694 4.9893809913056701 -2.3695596782095842 6 7 7 0.14896776945839432 11 563 10 403 9 156 208 975
1028 -9.8364317338375482 1.2698642841330861 6.4248871112474264 231 231 231 0.49831198870038929 19 113 10 398 18 245 21 266
1027 -10.010318778723938 -0.47732719607620172 9.6648852953349191 231 231 231 0.028881424914819074 12 140 10 390
1026 -20.918212217119169 6.2612961333165646 -0.18745280257252372 28 29 29 0.23051822710702582 12 359 13 490 10 383
1025 -23.095335687312549 5.9976809490740228 0.12724879335860317 231 231 231 0.17415616663344416 11 544 14 567 10 380 12 489 13 597 9 322 7 103 6 90 5 76
1024 -24.984122951034092 0.53143449091114114 11.270793543406123 0 0 0 0.35527660369403136 12 334 13 264 14 443 16 323 17 274 18 239 10 373 15 389 19 201 9 467 8 382 6 213 3 182 2 176 208 1605 206 666
1023 -9.1963577124656517 3.9149358212065026 -2.959759677189902 3 3 3 0.1133343495668724 11 399 10 364 9 112
1022 -12.927820344916968 3.8395220599950579 -2.2062086916365664 93 95 100 0.44232744759848242 11 367 12 478 10 340 208 193 13 253
1021 -12.848130830255787 3.825415854365426 -2.2014498529089805 93 95 100 0.10543159550782545 11 366 12 477 10 339
1020 -11.107713512063182 2.9793328519374351 -3.0029648139271763 49 54 68 0.12873278599644947 11 327 12 456 10 302 9 258
1019 -21.033478603116357 2.9119766409181018 -2.0821330787043828 138 138 138 0.41890851120809786 11 502 12 446 13 550 14 519 10 289 9 251 8 23
1018 -13.710815095149552 2.610775249437979 -2.8623699969897856 45 47 53 0.072083221117784313 11 297 12 441 10 285 9 45
1017 -11.41543548709798 2.6772089987834664 -3.2352172856554891 5 24 41 0.47623540462950847 11 294 12 440 10 284 9 248
1016 -1.3959173816909185 4.4285149962560384 0.77707132743940788 115 121 139 0.43709369559486155 11 482 10 251
1015 -1.3959173816909185 4.4285149962560384 0.77707132743940788 115 121 139 0.43709369559486155 11 481 10 250
1014 -6.9742905323557283 5.7316036139293267 -2.2764001735966231 77 84 81 0.13449476755241127 11 473 10 244 9 199 208 756
1013 -7.0317960227124532 5.7365855116846909 -2.2585030268017556 7 11 9 0.26501063517853501 11 472 10 243 208 755
1012 -7.5845709070438456 5.6498558968913875 -2.2037482491612237 50 57 57 0.17761390301217475 11 465 10 237 208 747
1011 -7.8507427403824757 5.4234080318557147 -2.2942536349509313 19 22 23 0.26697199901402707 11 453 10 225 208 738
1010 -7.677229715557381 5.2909493208778402 -2.3959140976973705 9 10 11 0.1506717739592244 11 452 10 221 208 736
1009 -7.7551923695666023 5.2399126043455553 -2.4189538003753128 23 23 24 0.13280823231006786 11 199 10 217 208 325
1008 -8.1139806891680504 5.2420091672174847 -2.3000040302490228 50 57 57 1.7592307236018681 11 449 10 212 9 174 10 420 208 323
1007 -8.5020823191043977 5.0102736906961569 -2.400859668207731 24 28 29 0.057381928786833715 11 446 10 206 208 721
1006 -8.4564287719093318 4.9258742070436856 -2.4675377847260047 57 72 69 0.096913950457607853 11 168 10 205 208 302
1005 -8.688079418267673 4.960697640572767 -2.4019645851572076 47 54 54 0.12443534438282114 11 442 10 204 9 155 208 718
1004 -12.274536669518632 5.3981387964037904 -1.2587201722390666 102 103 105 0.18481151915708227 11 440 12 397 10 203 9 154 7 112
1003 -9.681830856017708 0.40262638233609999 7.8771760813567271 231 231 231 0.29940840956205023 12 143 10 200 7 116 8 108 6 102
1002 -9.7024129170478624 0.40506159812117276 7.8877350967399753 231 231 231 0.3187562911475969 11 154 12 142 10 199 7 115 8 107 6 101
1001 -13.887579836634393 5.3099192300323734 -1.0588243803922592 100 101 104 0.12925667223234072 11 151 12 381 10 194
1000 -23.631893634638246 2.8030413881935652 9.0419452523667427 59 63 73 0.56634754656143471 13 103 14 86 15 136 17 56 10 192 11 137
999 -14.116983093079762 5.1355583497044357 -1.1297920851784087 80 89 86 0.073574358991776681 11 431 12 374 10 191 13 496 9 148
998 -9.3377509923946409 4.5586078189347665 -2.5223585754922486 42 48 49 0.22966974023819034 11 148 10 190 208 286
997 -22.718449994417924 0.59395207842885056 12.294183332496837 106 111 128 0.99963155509912449 15 250 10 188 6 97 2 62 206 93
996 -11.545517026678436 4.4310610286317438 -2.0759612564892005 111 117 123 0.21170269400281264 12 353 10 179 208 686
992 -25.115931561262499 0.094433979690274589 11.166887618556652 130 130 130 0.5267166009714217 13 82 14 69 19 103 10 166 18 159 208 1261 206 318 83 784
991 -25.124518274530541 -0.12691615940482345 11.236434436853067 130 130 130 0.47857915585912592 12 101 15 220 17 116 18 154 10 163 16 135 19 98 9 130 11 396 13 254 16 230 7 95 8 85 208 1252 6 82 5 69 2 48 206 491 83 860
990 -25.112395227059256 -0.45370229356606279 11.539422740580017 0 0 0 0.41307044860855557 13 250 14 265 18 235 10 159 11 394 12 320 15 370 17 260 19 145 20 212 16 229 9 311 7 254 8 225 208 1467 6 209 3 172 2 169 206 648 16 316 83 936
989 -13.466737436610527 3.2776663032520763 -2.3660983396501702 72 78 90 0.093015906591777983 11 339 12 259 10 89
988 -14.151041260133105 3.3336988108970811 -2.380925134949186 73 79 90 0.10482454863948042 11 337 12 257 10 85 13 206
987 -14.153029615281934 3.3342949949097984 -2.3802860694546988 73 79 90 0.06729481355776494 13 205 10 84
986 -11.792278374431785 3.1401487258075456 -2.8740264615709457 65 70 83 0.24211431735193673 11 331 12 248 10 81 9 71 7 45
985 -11.613264725221573 3.0811471875810774 -2.889036715773126 31 41 65 0.54545381506441382 11 44 12 63 10 80 9 70 208 141
983 -11.933861724169994 3.0653898177639292 -2.9266540853455818 64 69 82 0.18586535189797918 11 34 12 244 10 75 9 66 7 38 8 27
982 -11.826135651171958 2.9954831938563458 -2.8557339804800232 58 63 78 0.11427387084085398 11 33 12 243 10 73
981 -12.060438328367217 2.9697755769712479 -2.8124040292664545 59 65 80 0.70406398962181604 11 32 12 239 10 72 9 62 7 37 208 125
980 -12.630352879756696 3.0086223616685044 -2.8353759982501208 59 64 80 0.15905537693468089 11 324 12 237 10 69 9 61 7 198
979 -14.058229866275523 2.7130665017173676 -2.6368457003120072 72 74 80 0.074371305182291458 11 305 12 217 10 56 13 181 9 52
978 -7.8139072599981718 3.860263132154337 7.4820603333986764 112 118 136 1.9397586069842001 9 1002 7 970 8 814 6 794
976 -6.2912102663106264 3.5939931415726774 7.0119997824099611 87 81 77 2.1968959681131857 12 643 11 750
974 -26.339989666719777 2.0191919210298459 13.7035761812679 84 88 101 1.7189715915295742 12 966 13 949 14 881 15 759 16 548 17 623 18 445 11 1106 10 1137 8 914 206 1133 6 983
973 -3.8032437398255263 -0.13950919861337033 6.0896776356534703 231 231 231 0.073759270593743084 14 884 11 1092
972 -24.551672797649701 1.2009747338063588 11.508159841138431 107 113 129 0.90733760663784346 12 949 13 930 14 858 15 758 16 535 17 608 18 444 11 1090 10 1136 9 1037 7 996 8 885 6 925 5 840 3 788 2 772
971 -25.177054251187389 -0.19833341710796146 11.99681067875426 124 124 125 0.57492916849790721 12 947 13 928 14 857 15 741 16 534 17 607 18 435 19 355 11 1089 10 1108 9 1036 7 995 8 884 6 923 5 799 3 786 2 769 206 1117
970 -2.4537186348764366 0.71341478838926065 5.0248042558577728 233 233 233 0.9328225212718495 11 1062 10 1081 9 999 7 914 8 751 6 786 3 590 206 1072
969 -6.306231337534637 0.17290153512668457 7.5056049533048661 231 231 231 2.3227219446293983 11 1058 10 1075 9 948 7 732
968 -19.483872506969188 -0.65160427115020081 10.153030913121485 231 231 231 2.5823727328570762 12 946 13 927 14 856 16 547 18 443 19 354 14 878 10 1107 9 1035 13 947 7 993 8 883 6 888 6 922 5 839 2 741
967 -19.607760254244436 -3.4562176033823997 9.1664642169479453 61 64 72 0.44892644799933751 12 922 13 897 14 828 15 715 17 585 18 433 11 1049 10 1069 9 986 7 958 8 850 6 884 5 796 3 739 2 691 206 1115
966 -19.693408488907394 -3.4725798516632573 9.1903948965678701 61 64 72 0.65015761501282321 12 921 13 896 14 827 15 714 16 512 17 584 18 432 11 1048 19 325 10 1068 9 985 7 957 8 849 6 883 5 795 3 738 2 690 206 1114
965 -22.493074027680667 10.0090487713826 2.4678416163608023 3 3 3 0.90330672633698861 12 903 13 880 14 840 15 750 11 1025 15 728 10 1031 9 957 7 915 208 1879 208 1914 6 788 5 705 3 654
964 -14.804757666085903 3.0502588446279142 -2.3535896563735732 110 112 114 0.39481131146425796 12 881 13 898 11 1007
963 -14.433696043494393 2.4309952179888343 -2.9067591828952182 3 10 34 0.21795999650083486 12 876 13 893 11 999 10 991 9 925 7 804 8 710 6 647 5 585 3 550 2 433
960 -13.315967425748694 3.1924542796409776 -2.4956488163857284 111 112 115 0.65143788327101804 12 883 13 864 11 957 10 925 9 854 7 819 10 1001 8 721 208 1684 6 665 5 597 3 557 2 562
959 2.2254751380371012 1.1223828904467257 6.1340122556995826 231 231 231 0.90896062663572708 20 163 11 942
958 -1.7619011530795974 4.2091008429773327 0.34578617712468718 87 81 78 0.38919535952787609 12 865 11 936 10 897 9 702 7 304 9 536
957 -15.191773977967554 10.497998630827571 2.1822034173153604 106 106 106 0.89785410155526335 13 730 14 603 11 934 10 972 9 895 7 748 208 1338
956 -17.291514078023027 7.9220507771396482 0.53043112759871025 139 139 139 0.075794141709861929 12 848 13 845 14 814 11 921
955 -15.30098390667265 5.5123173696411802 -0.71258485016406048 25 27 26 1.3725352916566456 13 874 11 905 10 712 9 488
953 -25.842174284953387 0.068253640074891805 10.118358483286819 3 3 3 0.46015804594650317 12 773 13 761 14 775 15 655 16 476 17 549 18 377 19 306 11 899 14 707 10 859 9 863 7 707 8 658 208 1873 6 679 5 611 3 572 2 487 206 955
952 -14.493639003152198 2.9848293117739164 -2.4997630681979204 20 35 62 0.29137344349058347 12 825 13 821 11 888 10 920 9 747 7 529 8 499 5 302 2 130
951 -15.396162624224317 3.1279623973317752 -2.6224880450748049 20 35 62 1.2986104532185734 12 824 13 820 11 887 10 919 9 746 7 528 8 498 6 766 5 684 3 637 2 559
950 -13.067091827758395 2.9148951711455564 -2.7815569596731833 39 48 70 0.48306451046752336 12 823 13 862 11 886 10 918 9 742 7 682 9 848 8 642 208 1677 6 508 5 452 3 283 3 420 2 288
949 -14.273612139912268 2.5796961229426247 -2.6952673168949497 7 19 44 0.49632418970968178 12 818 13 813 11 885 10 820 9 736 7 522 8 338 6 338
948 -16.385862148833588 8.6177002389275668 0.9870050588336492 0 0 0 0.66292925569960159 12 737 13 728 14 762 11 867 10 772 9 375 7 300 8 129
947 -3.1006824833871693 0.7526317308109628 4.9165885166170007 232 232 232 0.78212126514836122 12 795 13 796 11 862 10 886 9 691 7 606 8 407 6 421 5 218 2 189 206 686
946 -9.6853843501351022 0.48011476499032074 7.7549975971616432 59 62 72 1.050540132445057 16 454 21 324 11 846 22 515 23 515 8 569 2 497 3 470 206 971
945 -12.617920815849294 5.1546955222536806 -1.3854917979968917 102 107 113 0.49421729934544084 12 720 13 786 11 841 7 432 8 387 6 217
944 -12.617920815849294 5.1546955222536806 -1.3854917979968917 102 107 113 0.49421729934544084 12 719 13 785 11 840 7 433 8 388 6 218
943 -9.7520630012834921 4.6195946408910409 -2.4781925382345555 22 86 42 0.73150709537429259 12 715 11 834 10 705 9 473 9 667 8 380 6 393 5 184 3 169
942 -9.6294050315280693 4.5687724821756781 -2.4615947230018733 22 86 42 0.17786733785935332 12 714 11 833 10 704 9 472 208 1468
941 -18.430174241095671 6.0199880429855472 -0.82860867653147574 57 57 57 0.44848079133668894 13 768 14 783 11 831 9 478
940 -25.340826661520097 -0.29173470421078118 10.799098697728555 130 130 130 0.31324032932244344 12 691 13 687 14 711 15 591 16 446 17 457 18 349 19 283 11 820 10 861 9 779 7 711 8 660 208 1810 6 682 5 496 2 490 206 865 83 1058
939 -18.926148461257046 -1.4515134817240154 10.360210384951554 101 101 101 0.57859135489252866 12 686 17 399 11 815 10 681 7 563 8 532 6 542 5 484 2 483 206 954
937 -14.011223703729938 2.7854427726280102 -2.6244676470508557 65 69 73 0.71030493540452821 12 754 13 748 11 781 10 651 9 608 7 389 8 341 6 167 8 189 5 147 3 19 2 18
935 -10.127061140381524 8.6101031398478707 0.1743353073531366 6 19 43 0.93858193062356465 12 644 11 751 10 782 13 855 7 749
934 -15.211655604366737 8.5678184348703486 1.1901719824189012 5 5 5 0.12197127105831707 13 809 14 795 11 749
933 -7.0606164039449544 2.7102563812250868 6.8603621839550746 113 119 136 1.9680087036113427 12 859 11 748 10 444
932 -7.0606164039449544 2.7102563812250868 6.8603621839550746 113 119 136 1.9680087036113427 12 858 11 747 10 443
931 -2.5964964008566827 0.61917253552851026 4.9408018319150173 233 233 233 1.0653817189724724 12 636 13 639 11 727 8 408 3 68
930 -17.086666165504496 8.2684059032179054 0.65314209403296875 0 0 0 0.18431935771768937 12 732 13 718 14 754 11 725 10 754 9 518
929 -9.2042922260858155 2.8210443612954035 6.3643910509102986 130 130 130 0.68554355762874786 12 624 11 724 10 753 9 520 10 578
928 -13.018016048879094 5.9961485832092078 -0.80299560115421986 123 123 123 0.1452980583896602 12 728 13 791 11 703 10 730 9 504
927 -18.737343461674623 6.5544318210526207 -0.5850029815164447 29 29 29 0.37848330959255128 12 716 13 778 14 739 11 690 10 532 9 492
926 -14.202568068649825 5.0070311058788413 -1.1504679748646673 123 123 123 0.10585818486010956 12 596 13 709 11 684 10 523
925 -24.851743424952961 0.77950541974235266 11.325279125302261 130 130 130 0.37489413205797734 12 702 13 697 14 648 15 542 16 399 17 412 18 315 19 223 11 678 10 871 9 664 7 582 8 554 208 1735 6 554 5 349 3 328 2 337 206 878
924 -12.665951548936505 4.3618187986535348 -1.8830989202028818 97 102 108 0.20942507099316926 12 703 13 702 11 673 10 514 9 460 7 250 8 222 6 62
923 -25.011076722149127 0.24047462243329387 11.343103547969383 130 130 130 0.29828203456978858 12 587 13 591 14 557 15 464 16 359 17 410 18 283 19 221 11 669 10 516 9 465 7 423 8 378 208 1730 6 395 5 344 3 327 2 330 206 781 83 1019
922 -14.454633963466881 2.6936502249674867 -2.6329015812231411 5 21 51 0.10329186544267066 12 663 13 744 11 643 10 482
921 -13.890383331736903 2.6471130747495848 -2.758051839339748 92 95 101 0.16700740803375169 12 659 13 658 11 641 10 649 9 605 7 388 8 340 6 166 5 146 3 17 2 17
920 -15.376010875769481 1.7063928761568428 -3.2395656104890875 106 106 106 0.35224275842288666 13 534 11 618 12 533 10 634
919 -2.1661828621448613 0.66574203793566122 4.9704917198086465 233 233 233 0.11200903285047777 13 527 11 596
918 -2.1661828621448613 0.66574203793566122 4.9704917198086465 233 233 233 0.11200903285047777 13 526 11 595
917 -16.694139441116292 8.5561065129858385 0.8463173110446186 0 0 0 0.22479367076435039 12 520 13 638 14 598 11 594 10 238
916 -8.9504860264098696 2.6214522081477516 7.4171109940465714 130 130 130 0.11774603823566013 12 513 11 590
915 -12.813306198580323 5.9480391224456115 -0.89940739893641808 67 96 74 0.6022380608014688 12 607 13 612 11 566 10 412 9 169 7 124 8 114 208 1304 5 86 6 232 2 65
914 -9.612283171339767 1.5193465463041986 6.2122917142967928 109 115 132 0.45779972590624307 14 575 11 558
1364 -6.9761335540213558 3.403960841882125 -3.6732689830581062 6 19 43 0.5995659860880973 9 618 7 398 8 200 10 663 208 1201 6 180 5 35
255 -2.762393458620191 0.84096398862805133 4.7188801892577192 236 236 236 0.5060587277609353 19 86 21 218 18 192 26 87 24 209 14 115 15 155
1363 -13.900502639190885 2.644947405792248 -2.760932510588944 85 88 93 0.10408469384741513 9 604 10 648 7 387 8 339 6 165 5 145 3 16 2 16
254 -3.6081902382575728 1.0910375363959006 4.3771182387904171 0 0 0 0.61525438777614871 22 367 23 367 18 190 25 131 20 100 26 103 24 217 27 184 14 476
795 -11.282939544047355 5.5577400903010661 -1.4389919639955653 97 98 101 0.15726444158153177 13 507 12 404 208 725
1362 -6.5840320921124729 2.9999835500453913 -4.0714762743612605 123 123 123 0.11975038933815846 9 599 7 385
253 -3.6099475614516479 1.0915050460729614 4.3827708768653251 0 0 0 0.76732990244234822 22 366 23 366 18 189 25 130 20 99 26 102 24 216 27 183 14 475 15 405 13 623
794 -11.699605726480954 5.1794275819124289 -1.6546984821966892 21 76 44 0.044492267377415094 13 506 12 391 11 437
1338 -8.0585832542711362 5.3624740504126986 -2.2942062314768856 48 55 55 0.033395548125514304 9 181 7 130
229 0.31689398746620084 1.8403326977920198 4.3553435193142027 131 131 131 3.2138865818093523 20 366 19 219
1337 -7.1996345320691661 5.0525909902766601 -2.6497553733906827 29 34 44 0.0015363651934025531 9 172 7 122
228 -2.4752178498535762 1.1682311518963528 4.1949568050942023 236 236 236 1.0535540424986662 20 391 19 363 18 452 16 544 17 615 15 764 14 866 13 938 12 935 10 1033 206 1027
1336 -11.129867364547927 5.4906307126059044 -1.4152019209380198 103 103 106 0.11330987890063686 9 339 10 409 7 119
227 -2.4020616004756699 0.76813991018755745 4.952324071896653 236 236 236 2.0402149779226919 20 384 19 362 18 451 16 540 17 613 15 763 14 886 13 936 12 952 11 1061 7 913
1335 -13.583309778964688 5.13777034903742 -1.2597399227947819 123 123 123 1.8283499091108912 12 494 7 107 13 606 208 1469 13 712
226 -3.7607975163370901 0.24050364332176574 6.0510551098469803 129 129 129 0.71693382894647972 20 383 19 358 18 447 16 537 17 610 15 762 14 885 13 955
1333 -24.614913437788434 -0.27725064752490525 11.474310319615787 0 0 0 0.38048122908071308 11 101 15 221 7 96 17 118 13 77 5 71 2 53
224 0.12839408641445357 1.5441964496614442 3.837594820366852 131 131 131 0.6489095106420536 20 393 19 352 18 441
729 -9.9312529236156628 4.3766213286791764 7.1262086603555739 115 121 138 0.47531318940903378 17 376 18 257 14 601 19 172 21 232
1292 -22.352219837707491 2.4433313811742545 -2.2905390310840228 0 0 0 0.53104281076667448 10 1063 12 914 13 921 9 981 6 839
183 0.57529028159255968 0.35273377162452435 5.5096787582099225 8 8 8 1.2951239838600357 21 145 19 130 27 20 31 0 29 5 30 31 32 38
1291 -22.315811547200742 2.4241226397252338 -2.29202136757009 0 0 0 0.80095865070948757 10 1062 12 913 13 920 9 980 7 889 6 838 3 552 2 558
182 0.58056840162006962 0.38120414124804469 5.5352605655401224 8 8 8 1.3459768665026592 21 144 19 129 18 196
723 -9.187093885533395 3.4203852949209415 6.8933854480046506 0 0 0 0.3733246142050447 19 132 20 162 14 334 21 230 11 468
1285 -11.198351393246499 2.6100456165566652 -3.275573680184614 4 14 40 0.1551686538180522 10 993 11 1001 9 928 7 806 8 637 6 649 5 438 3 409 2 435
176 -2.7590209802427732 0.83881769870561596 4.7028678220940767 236 236 236 0.28664093176644706 21 217 19 85 18 191 26 86 24 208
717 -10.384877403873585 0.94430675163130817 7.6417764679043598 231 231 231 0.61799909560433042 18 324 15 552 12 724 9 793 7 595
1275 -27.329992554284654 6.9722068699925055 6.7709060965469652 0 0 0 0.99206115749546697 13 117 9 798 12 148 3 67 7 129
166 -3.8915659629166632 0.077401105815200336 5.9084527359682921 8 8 8 0.44924328840597594 21 112 19 31 18 48 13 135 14 100
707 -9.9473281320200329 1.2766525738991656 6.6212877051821586 231 231 231 0.89300179683706982 19 289 20 321 21 330 15 615 14 738 13 784 12 782
1274 -9.547818460488644 0.081142053064735278 9.003307931769438 59 62 72 0.82959253464194305 10 946 11 909 9 794
165 -4.1063161816070695 1.4630597185993304 4.6421874084590327 67 67 67 1.1348070625657549 21 405 20 390 19 347 18 439 16 541 17 614 15 747 17 592 14 863 13 934
706 -9.5074818508607581 -0.21120305508826751 8.5817392076644943 59 62 72 0.50374549163998861 19 257 20 276 21 321 22 494 23 494 15 607 12 710 11 839 7 719 8 666 6 691 5 504 3 579 2 495
1271 -6.7871832833895196 4.0321742681557753 -3.3647205329016341 73 77 85 0.12723004004765953 10 870 9 783 7 569 8 530 208 1597
162 2.1697549174475279 0.6729374819505618 4.8083049558127309 99 104 120 0.88957748339493703 22 496 23 496 20 377 25 173 26 135 24 279 31 287 27 199 29 200 30 300 32 276 33 275 191 330
1269 -25.450208387499373 -0.28040639100595782 10.834503274841502 130 130 130 0.24672863630678318 17 456 18 348 19 282 9 778 2 489
160 0.74209188433858309 -0.27140894237475111 7.0134266505353642 129 129 129 0.48256183418157467 20 371 19 341 16 542
701 -9.3548019336518919 2.5937182441679236 7.0051670978951019 130 130 130 0.5611705414029744 19 207 20 246 15 484 13 616 12 622 11 723 208 1511
1268 -7.0006066645401983 3.6924282343345993 -3.4975497617315749 66 68 76 0.16434760909002985 10 932 9 765 7 691 8 510 208 1457 6 520 5 312 3 294
159 0.73187245320218697 -0.25973574539696942 6.9539887170398265 129 129 129 1.1630963958407023 22 532 23 532 20 370 19 340 16 543
700 -7.7081928438847367 4.5024253005264709 6.3184100761411912 59 62 72 0.60895292175066029 16 345 18 260 15 411 19 217 20 266 21 283 14 491 12 526 11 478 10 447 9 377 15 498
156 -3.5397015492520718 1.0602135295797865 4.3912150424884295 0 0 0 1.2132287549313232 21 364 20 349 19 318 18 389 16 460 25 211 26 173 24 316 14 748 13 720 13 882 14 816 12 731 12 792 11 861 11 925 9 688
1262 -11.112180933278482 3.2422708330952457 -2.8931168140772865 8 26 56 0.034784116792872681 11 891 9 748 7 531
153 3.1657301809150042 1.4425423963647259 7.993798254788957 231 231 231 1.4577900270280586 21 349 20 338 18 371 16 433
694 -9.2141538858574048 2.9849258817648954 7.1959096460250134 0 0 0 0.14335603569168284 18 102 22 381 23 381 15 276
1255 -9.8348929721929252 3.3353189364192328 7.1443627246807733 0 0 0 0.99276235330924401 10 766 11 739 9 697 7 460 8 420 6 430
146 2.9482557385043817 1.501062114234649 7.6078235485438759 0 0 0 0.6156348023964614 22 399 23 399 20 312 16 510 24 202
687 -2.8641674416031773 0.80132978230350793 4.7635083570810499 0 0 0 0.94188438528399554 20 73 16 97 21 116 24 171 26 57 28 43 31 237 32 209 17 184 16 98 19 118
1251 -22.087040503589328 5.8018313656379679 -0.37288321277715336 56 57 57 0.58198534573791483 11 828 12 776 13 700 14 725 9 661 13 832 7 576 8 549 208 1592
142 -2.2249164450842356 0.69194495930582978 4.9680285784689886 236 236 236 0.97375808902242678 21 298 20 292 16 426 24 282 26 154 28 280 31 340 17 539 15 629 14 759 12 740
1250 -27.025126581104654 4.2261067887229169 3.361038791169904 1 1 1 0.31704332333307522 10 867 11 824 12 698 13 767 14 721 17 517 9 660 15 661 15 601 7 573 8 541 208 1589 6 551 3 318 2 322 206 961
141 -2.2319858742232173 0.69374065964499265 4.9856814755153227 236 236 236 0.90530851807021206 21 297 20 291 24 281 26 153 17 538 15 628 16 425 14 758 12 739
682 -9.3602157140078575 0.34773133711540888 10.344753243779111 231 231 231 0.63580485342768667 20 382 17 609 15 761
676 -9.3386144455817153 2.0594726867243387 7.0220434115252486 130 130 130 1.2836036401009394 16 502 18 403 20 363 21 380 17 578 22 542 23 542 15 725 14 811 13 878 12 897 11 1018 10 1026 9 952 7 910 8 812 6 845 206 1069
1240 -12.071397349701103 1.8979054822356676 -3.7489664975455632 57 57 57 0.28221036398789295 10 631 11 765 9 580
131 2.5184109918233171 -0.34291377422968161 6.1578823925234367 113 119 136 0.52701849812654677 21 241 20 238 19 241 24 187
672 -9.3715267402545415 3.6357226998944041 7.1016477509123623 130 130 130 0.95545540659510408 16 468 18 395 19 301 17 565 15 676 14 791 13 804 12 857 11 984 10 969 9 891 7 851 8 754 6 790 5 707 3 657 2 651
1238 -1.6809339667659373 4.6414670035831529 0.32709840055297773 87 81 77 0.56381622363565709 11 238 9 544
129 -2.9190805455907074 0.82541732123895362 4.7462627789138034 0 0 0 1.0396371862498481 21 269 22 398 23 398 20 225 19 161 18 186 20 138 16 336 25 115 26 123 24 238 27 160 27 193 28 258 31 295 31 308 29 208 30 323 32 290 33 299 17 290 15 279 14 108 14 482 19 84 25 91 13 348 13 637
1237 -6.1298764013090254 7.2405046127867703 -2.2124213771687686 231 231 231 0.30836296761013171 10 594 9 534
128 -2.917936445808766 0.8245660881641792 4.7466616264792245 0 0 0 0.79899461540039018 22 397 23 397 20 224 19 160 18 185 20 137 16 335 26 59 24 237 27 192 31 296 30 324 17 289 15 278 14 107 14 481 13 347 13 636
669 -9.8197705491738123 1.393986703390109 6.8598715062874165 59 62 72 0.85636714680508219 18 385 19 312 17 556 14 784 13 840 12 842 10 880
1167 -7.6556250395192436 3.4972023744202745 -3.5081135467730693 103 104 106 0.090746401709811644 10 101 9 85 208 626
58 -2.8112402696947782 0.86086357046071393 4.6700852193417077 236 236 236 0.50110991175359076 22 481 21 334 23 481 20 295 19 269 18 365 16 424 25 191 26 157 24 285 27 251 28 296 33 354 17 487 15 624 14 757 13 727 11 733 10 580 9 370 7 295
599 1.516277094954172 0.43235176360873784 3.6163453726007604 231 231 231 0.50715027488397413 21 122 191 78
1166 -7.2196099234130351 3.4637374306972135 -3.6611596711762804 105 106 108 0.01491088465100069 10 321 9 80
57 -2.8116916883463023 0.85959409295810141 4.676058548989789 236 236 236 0.41880568111097022 22 480 21 333 23 480 25 190 26 156 24 284 27 250 28 295 31 353 29 264 30 366 32 350 33 353
598 8.9145748859620682 3.8626499847311164 3.0640866991443931 231 231 231 0.25860262118566341 33 15 191 69 30 30
1165 -13.707885709079527 3.3208453022597393 -2.3947420410922517 73 79 91 0.043091225151755785 10 88 11 338 9 75
56 -2.9940991230330836 0.84057897371934154 4.7676062393160024 0 0 0 1.0125296341736123 22 479 21 332 23 479 20 293 19 267 18 364 16 415 17 482 15 622 13 726 12 635 11 726 10 576 9 367 7 293 3 65
1164 -14.445345175978561 2.8640519723078661 -2.5052801429266127 20 31 53 0.20471828527047631 11 316 12 453 9 57
55 2.3557575167990965 0.16238063192969396 4.9952456645115424 231 231 231 0.67289116448611419 22 477 21 271 23 477 20 156 26 148 25 187 24 275 27 234 28 277 31 328 29 246 30 353 32 328 33 345 191 354
596 3.5541088970107895 3.3359827166134361 5.6173652068909243 108 106 106 1.8903853275939262 30 386 33 375 32 361
1151 -9.46159372654372 4.0173724836194467 -2.8825997334223916 0 0 0 0.13500414573446659 11 413 10 158
42 -3.2194288254136727 1.0142319673743954 4.4747408066006473 236 236 236 0.62214098149789954 22 453 21 301 23 453 20 299 16 421 15 562 20 251 13 634 12 632 10 571
583 -3.4330649380639429 0.61315668263140133 5.2120640057026675 0 0 0 0.14240194047252541 30 263 33 218
582 5.9973025543848735 7.9402079894431523 6.7887066634631443 108 106 106 0.73935477027985674 27 214 28 274 29 198 30 292 33 212 29 174 191 245
1149 -5.3887195590465859 2.2432836578898443 6.2289051224346386 67 67 67 1.4564717995765979 12 977 10 1174 9 1121 7 1067
40 -2.9284593011431888 0.75159450877105971 4.803845076636164 236 236 236 0.41521647361599828 22 448 21 296 23 448 20 290 19 266 18 327 18 360 16 414 25 189 26 138 27 238 28 282 31 344 29 256 30 358 32 336 33 352 17 479 17 530 15 620 14 749
581 -2.7795367273519829 0.8723239764105698 4.5914357716456413 236 236 236 0.32509078599360253 30 260 33 206
1147 -25.539901590448505 3.3755380419821552 10.817796901875559 0 0 0 1.3368859455576934 11 1108 12 968 13 951 14 883 15 760 17 625 10 1159 16 549 9 1098 7 1045 8 915 6 962 5 875 3 808 2 794
38 2.1820159357413726 0.35506044343225207 4.8680777992230864 114 120 137 0.71581117655493398 22 442 21 338 23 442 20 337
1122 -21.682578915165035 3.3619864353932871 -1.9008108507824444 138 138 138 0.23296183305811335 12 879 14 829 10 999
13 -3.4371650589890614 0.6109844976973049 5.1056470853919453 0 0 0 0.66737104156221838 22 346 21 213 23 346 25 141 24 199 27 171
554 -2.5944232089606811 0.65931120396226883 4.8179254545419194 0 0 0 0.64090627652727861 29 233 30 322
1116 -5.633345820697758 1.0728230119614317 5.5193941188592346 59 62 72 1.7740213438819854 11 1016 10 954 9 800
7 1.9096969550686176 -3.3944616784533492 5.1782740313550892 2 2 2 1.7117797365776495 22 307 21 207 23 307
548 2.8023905754309233 1.0579729810567566 7.1168572141635771 93 98 113 0.66597708333598404 31 151 30 252 32 249
1115 -5.633345820697758 1.0728230119614317 5.5193941188592346 59 62 72 1.7740213438819854 11 1015 10 953 9 799
6 2.6608099743811633 2.5830460957393959 5.8398463069834561 59 62 72 0.42949333361728326 22 301 21 236 23 301 25 93 26 62 24 182 27 25 28 156 191 137
547 -0.79152799875416557 4.7177167734447822 5.6567295229270265 0 0 0 0.35639277498181993 31 149 30 221 32 137
1114 -8.5283217251511676 4.8445870855472535 -2.4895709464416278 12 14 15 0.36893065746581549 11 915 10 944 208 1607
5 2.8441593120287307 0.71056664893600407 7.2354484825443048 231 231 231 0.99069261339760206 22 275 21 223 23 275 20 196 19 88 18 262 16 180 25 103 26 71 24 194 191 213
1112 -11.122838140897592 5.118280459606086 -1.7327931189273045 124 124 124 0.39207793827134818 11 971 12 893 10 941
3 2.4043159852302769 1.6361873230895394 5.3505171658918949 78 83 95 0.83038618101459771 22 233 21 204 23 233 20 208 19 187 26 56 24 177 28 40 29 103 30 185 32 121 191 135
1123 -25.552432604594355 5.5838767532761882 1.3287420402872934 104 109 126 0.33543573820501299 11 966 12 837 13 871 14 805 15 719 10 1008 9 865 7 834 8 735 6 776 5 694 3 574 2 573
14 2.1887642084585144 0.72576970625276183 4.8042898654553134 98 103 118 0.65884338918749652 22 351 21 201 23 351 20 200 19 135 26 18
1124 -26.382647229446665 5.7437943851881945 1.382933511742489 104 109 126 0.61545765441607592 11 967 12 838 13 872 14 806 15 720 10 1009 9 866 7 835 8 736 208 1871 6 777 5 695 2 574
15 -3.0192366276942066 0.81470922487175468 4.7595653715917896 0 0 0 0.14160233996028146 22 355 21 216 23 355 20 184 22 354 23 354
556 5.8282894798343623 7.2298330423188695 7.1759287057548446 108 106 106 1.0718178064845225 28 289 29 238 31 323 30 338 27 243 32 282 33 279 33 327 32 337 191 337 191 279
1125 -11.546877621675284 4.3986222470206213 -2.1258297563750337 103 109 115 0.45725149240693713 12 889 10 1010 208 1807
16 3.122966198711183 1.4625162642784617 7.8563866418900208 231 231 231 0.63360354617910375 22 356 21 261 23 356 19 218 18 264 25 151 24 198 27 200
557 1.8843163872422548 0.72519642607759061 6.4903671570928489 231 231 231 2.2865991647558817 29 273 30 361 32 329 33 320
1126 -11.546877621675284 4.3986222470206213 -2.1258297563750337 103 109 115 0.45725149240693713 12 890 10 1011 208 1808
17 3.0417329843381316 1.6983945923826733 7.5688401932476408 81 86 99 0.74321508930476987 22 359 21 231 23 359 20 205 19 178 18 266 25 106 191 238
558 -3.74952940883832 0.58950772512902005 5.3088065701046254 236 236 236 0.44364101723997224 29 266 30 369 32 353
1127 -9.422437024058004 4.4048088241867962 -2.6017098952681703 4 5 5 0.5177973499408326 11 1011 10 1013 9 869 7 714 8 543 208 1813 6 384
18 2.5241646586567912 1.9744012217802691 5.5505940625792443 66 70 81 0.71327422398170881 22 376 21 234 23 376 25 111 26 61 24 178 27 113
559 -3.9853728767494365 1.1360903831838893 4.3735568983449671 188 188 188 1.8412554520605262 22 232 23 232 27 61 22 426 21 222 23 426 20 227 19 121 25 133 26 106 21 191 27 213 25 165 28 267 29 213
1128 -26.940933154765077 1.3122920970940448 14.872562126133687 231 231 231 1.1063124683936167 11 968 12 891 13 873 15 696 10 1016 9 942 7 844 206 1012
19 2.9975325807511113 1.1944255103624626 7.4614700254586079 70 74 85 1.4566412295354414 22 392 21 260 23 392 20 228 19 89 25 104
560 0.62815449361824227 0.34051613685629939 5.4489051514990035 8 8 8 0.1294860190186371 29 101 30 181
20 2.5496881193942125 2.0803351202388405 5.5867671208395118 97 102 117 0.37624750675005703 22 401 21 284 23 401 20 267 25 112 26 118 24 242 27 169 28 237 31 268 29 184 191 273
561 0.62815449361824227 0.34051613685629939 5.4489051514990035 8 8 8 0.1294860190186371 29 102 30 182
1130 -26.24913207085374 6.6126406525065624 6.3551156097042787 0 0 0 1.6348673989297606 11 974 14 808 17 525 10 1021 17 476 16 455 13 781
21 2.9478074856427701 2.8360890544212585 6.2781573155137398 92 97 112 0.69719935871380767 22 405 21 264 23 405 26 99 24 183
1131 -7.9829606360894294 5.4808429246409034 -2.2127260773333783 79 82 84 0.24100295039619463 11 1024 10 1027 9 882 7 845 8 670 6 697 5 622 3 467 2 343
22 2.6004209608192781 -0.3632933790220978 5.9155866935656967 231 231 231 0.70128494037026778 22 410 21 242 23 410 20 135 25 170 26 132 24 256 27 231 28 268 31 312 29 226 30 330 32 303 33 342
1132 -3.39837899418057 1.0478838169693285 4.4166564719073325 0 0 0 0.52672269336795086 11 1022 10 1028 9 953 7 846 8 747 6 782 2 579
23 2.6058212801434419 -0.36621265546972198 5.9242457310774768 231 231 231 0.79371499209935947 22 411 21 243 23 411 20 136 26 133 25 171 24 257 27 232 28 269 31 313 29 227 30 331 32 304 33 343 191 351
564 -4.1781782128253306 0.7746372418766686 4.6584731138961368 8 8 8 0.046780125929386088 26 21 32 49
1133 -8.8950163434919638 3.1218563584579635 7.6099517321305914 130 130 130 0.89421826844915819 11 983 12 855 10 1035 9 958 8 753
24 2.6437038868693561 -0.34009889572496282 6.2828086585518514 112 118 135 1.8592056860666053 22 412 21 294 23 412 20 326 19 320 25 99 26 66 24 247 27 162 28 229 33 201 191 194
565 3.7753254215318024 0.64688570442073257 5.5220370814372526 231 231 231 0.70995774240271237 29 247 32 105
1135 -2.0233258831650658 6.2483625580959625 2.5471806305262952 59 62 72 0.78031023990611803 11 989 10 1049 5 722 3 605
26 -2.2112613325186166 0.68858777964395923 5.0412519629642016 236 236 236 0.43370495668014797 22 415 21 247 23 415 20 220
567 -3.1301511079862858 -0.1990088357549753 1.6110484272978125 231 231 231 1.3242690197546387 24 7 32 113
1136 -17.744591116285598 -6.553788385361015 7.5253976239932321 41 41 130 0.28038164534479021 11 994 12 872 13 856 10 1057 9 921 7 885 8 791 6 829 5 744 206 1050
27 -2.2112613325186166 0.68858777964395923 5.0412519629642016 236 236 236 0.43370495668014797 22 416 21 248 23 416 20 221
568 0.70033534604825831 0.40218826592788232 5.5964124558964654 231 231 231 0.061421680846628746 31 260 32 120
68 -3.1099175879648286 0.78852638880504067 4.8535318947371167 236 236 236 2.2410402663342817 22 497 21 331 23 497 20 327 19 295 18 359 25 205 26 187 24 300 27 259 28 308 31 376 29 285 30 380 32 370 33 377 15 670
1178 -23.491958740707695 0.21968447243798703 10.380153024711545 0 0 0 0.13041718416067627 15 232 9 134
69 -2.8589619334162455 1.0184818490398537 4.3997665916843305 236 236 236 0.74173850918880524 22 500 21 339 23 500 20 332 19 298 18 393 16 465 25 198 26 170 24 302 27 253 28 298 31 355 29 268 30 367 32 351 33 356 17 540 15 674 14 789 13 806 12 796 11 863 10 755 9 515 206 690
610 1.0498042270326089 0.40264445339207011 5.7054217946245904 8 8 8 0.84136669683294274 21 148 191 233
1179 -22.860665134459612 0.19082714939938228 10.089470380666477 0 0 0 0.92145576391009698 12 104 15 231 9 135 10 165
70 -2.8589345932678545 1.0181460003940586 4.3963945081214861 236 236 236 0.58809061952753738 22 501 21 340 23 501 20 333 19 299 18 394 16 466 25 199 26 171 24 303 27 254 28 299 31 356 29 269 30 368 32 352 33 357 17 541 15 675 14 790 13 807 12 797 11 864 206 691
1186 -7.0661141786426676 5.8063223259456391 -2.2277288682619258 53 55 57 0.045210342643182432 10 441 9 201 7 145
77 2.6714784538964422 -0.75679403824975033 6.0735325364698429 231 231 231 0.91124128301246143 22 513 21 374 23 513
1187 -7.2343464970011038 5.8754999904376035 -2.141644289589633 54 56 58 0.089286427624623896 10 442 9 202 208 761
78 2.5878689895940497 -0.49811105323879817 6.1005683154556678 59 62 72 0.72945200931943199 22 514 21 387 23 514 20 372 25 196 26 178 24 308 27 245 28 290 31 347 29 244 30 347 32 324 33 339 191 429
619 10.064386660317426 5.0003062374606975 0.31382011968459506 78 77 77 1.3745377492902966 33 395 191 424
1189 -7.5389610005851333 4.3291657052140486 6.8316863651361759 59 62 72 0.30728263795075861 10 246 9 208
80 -3.7622414474774155 0.44267840881742693 5.3493059157140195 130 130 130 1.9114604935176636 22 516 21 360 23 516 20 345 19 292 20 322 18 386 16 484 25 216 26 202 24 310 26 186 17 526 15 669 14 741 15 618 13 714 13 792 12 729 206 680
621 -12.19572225236268 -0.45379201834382205 9.9938381122084703 8 8 8 0.70463557937340537 18 34 21 75 22 258 23 258 17 52 20 84
1190 -6.0568378463618435 7.1321891484223974 -2.2282431630615629 9 9 9 0.070904432251104849 10 449 9 209
81 -2.9869400818573224 0.91054608291150563 4.6388189459178859 0 0 0 1.0341899498620695 22 517 21 362 23 517 20 347 19 316 18 390 18 407 25 206 26 188 24 313 27 260 28 309 31 370 29 274 15 708
622 -3.9715972892004689 -0.91912366644689414 8.4199770764612403 8 8 8 1.0611166367042573 16 167 18 88 17 61 19 9 20 85 15 271 13 125 12 157 11 174
1191 -22.546811249398875 0.81138900926265889 -3.4839771008541023 0 0 0 1.3398985869124025 13 532 9 241 10 624 11 611 12 529
82 -2.9876002708514893 0.90928536441431418 4.6430252854092116 0 0 0 0.97472760313959161 22 518 21 363 23 518 20 348 19 317 18 391 25 207 26 189 24 314 27 261 28 310 31 371 29 275 30 381 32 362 33 378
623 -10.046032253491164 1.1167161408926294 7.1516115319918541 231 231 231 0.022857711223541091 21 140 17 62
1192 -19.418752056547312 1.2876785379386122 -3.3193917026280593 56 57 57 0.43118040160325938 10 472 12 428 9 242
83 2.2166980646268009 1.0092358746675254 5.0950604349810327 87 92 106 1.3560978329915687 22 519 21 394 23 519 20 379 19 351 25 197 26 169 24 312 27 235 28 278 31 334 29 228 30 334 191 379
624 -9.9306611124533859 1.6025767079594719 5.5605395145036454 99 105 120 1.2171629094755982 18 246 20 183 17 63 19 155 21 246 15 268 13 116
1597 -8.1068396979232489 4.9106271463693023 -2.5521650522410528 2 2 2 0.053305129351975775 11 564 208 720
488 -3.0742968116398424 0.95793274278788354 4.5473507645412088 0 0 0 0.5435427168269078 25 121 28 245 31 79 29 196
1603 -9.2231378446661818 3.232197229641403 6.9603908703850808 130 130 130 0.11452319216926343 22 302 23 302 208 798
494 1.5254178847199833 1.9886456949862563 4.4875993462111907 118 124 142 1.703667480833142 27 266 28 314 31 369 29 262 191 417
1604 -20.467674048450593 2.7157144445063617 -2.0872176811366425 0 0 0 0.65510088654629262 11 21 13 176 14 385 208 830
1607 -29.454486008219014 -0.80128253748403577 9.0574724738919343 130 130 130 0.35678872035273723 11 60 13 47 16 118 208 851 18 122 10 93 206 68 83 749
1621 -29.343272705112355 0.042168655716352865 8.6565075931994375 130 130 130 0.34592554495959321 14 50 208 879
512 -2.2207767560279854 0.6933569486565454 4.9601871653817895 236 236 236 0.28340000338084803 28 279 31 339
1624 -26.826665867008714 3.0107059397480462 3.4638328018027544 0 0 0 0.83981971238174213 8 57 13 456 208 884 10 342 12 287 11 359 7 67 206 466
515 -2.9334124181236181 1.0810912219345763 4.2038301020742024 0 0 0 0.042563878536286362 28 300 31 357
1628 -27.030898931850444 4.1272191559659026 2.1191219143715587 130 130 130 0.35369292164563071 7 74 9 111 10 147 11 375 14 425 208 897 13 69 5 54 206 484 83 954
519 0.65168989449519465 0.34705660752439133 5.5375374815350948 8 8 8 0.18183300607646982 31 61 29 3 30 183
1629 -26.598054698926568 2.6889893493741019 4.3053343499829522 130 130 130 0.48641320215846812 12 293 208 905 13 223 14 254 206 471
520 0.69562558296750421 0.35754233260283186 5.5898302925523273 8 8 8 0.40010564511491148 31 62 29 4 30 184 32 37 33 21
1630 -26.946791700912836 4.0954556691253519 2.4073274155644504 130 130 130 1.3115051317673603 10 349 208 906 7 242 9 299 8 72 11 389 12 314 13 246 206 488
521 -4.0976744076741509 0.84566496776833189 4.8837004229498788 8 8 8 0.39445522799988619 28 29 31 4 29 15 30 41 32 42
1631 -27.044849255785049 5.4738452712703012 0.49734105233708287 124 124 124 0.017158344052803809 7 88 208 911
1632 -6.8466126581794056 3.454706070823927 -3.7134822839807535 7 20 43 0.40638439505542495 9 274 208 912
523 -6.9334421668433031 2.1710903311978136 10.972528500647178 8 8 8 0.79310276931837798 27 58 28 30 29 162
1633 -26.673332616938218 3.3609706345978365 3.6468493948476728 0 0 0 0.22883421128526094 9 115 12 310 208 918 206 482
1634 -26.514185540778502 2.8603372301279304 4.3968347565274621 130 130 130 1.4488100738875374 10 135 13 235 14 257 208 921 11 373 206 478 14 262 12 304 15 218
525 -4.223873580359025 1.2789505774637906 4.3769773249363508 231 231 231 0.89098937937455136 25 135 31 148 29 178 33 227
1635 -13.790679964153625 5.2444066255391748 -1.1250178216541813 124 124 124 0.1244254118273655 12 378 208 963
526 -2.8993066798093983 0.78107642149551981 4.7712868571530018 236 236 236 0.36943776788825705 31 278 29 189 32 212
1636 -27.065857756426624 8.7472257500841675 2.8910651098845741 124 124 124 0.052358647713817735 15 272 208 980 14 95
527 -3.4404877468525719 0.61764265513659389 5.1843271973495169 0 0 0 0.31118527467668733 31 279 29 192
1637 -9.2354115851080554 2.9270339041586877 7.1578579993484635 130 130 130 0.16910790717494364 22 380 23 380 208 1053
528 -3.4404877468525719 0.61764265513659389 5.1843271973495169 0 0 0 0.31118527467668733 31 280 29 193
1638 -9.2354115851080554 2.9270339041586877 7.1578579993484635 130 130 130 0.16910790717494364 22 379 23 379 208 1054
529 -2.8016838980389571 1.0130955299970874 4.4731754867388434 236 236 236 0.13901399319360441 28 244 29 195
1639 -9.1898032328701511 2.9295689889651801 7.2618221793036835 0 0 0 0.20960439615244816 19 126 208 1055 206 375
530 -3.4996714431765374 -0.76415920597465581 7.3721642153388443 129 129 129 0.17584935903765969 31 288 29 202
1640 -9.1898032328701511 2.9295689889651801 7.2618221793036835 0 0 0 0.20960439615244816 19 125 208 1056 206 374
1641 -2.7119338825190935 0.97504332203858901 4.3361299811344685 236 236 236 0.40088780067503182 15 156 208 1062
532 -2.7066183339411016 1.1513584030379058 4.2482131170808364 0 0 0 0.28746789503759673 28 272 29 236
1642 -49.035457795390762 -1.8234171337429941 1.9334796898224551 231 231 231 0.75043709817059157 8 479 208 1077 7 513 9 586 11 620 206 578 11 272 83 571 12 429 15 415
533 -2.7066183339411016 1.1513584030379058 4.2482131170808364 0 0 0 0.28746789503759673 28 273 29 237
1643 -9.4408264430260314 1.4997838406432169 -4.9076878975498568 101 101 101 0.49790438843080764 8 461 208 1087 6 489 3 395
534 -6.9626168765160301 2.3493655425961668 10.887939413017634 59 62 72 0.54421909267210755 27 211 29 241
1644 -46.436074363600454 -0.99660905813100298 4.9067334410381278 59 62 72 0.24358821935208944 8 183 208 1101
535 0.098782825204823441 4.1238904279318733 5.2594259333367361 67 67 67 0.77953606430254085 28 312 31 361 29 270 30 371 32 340 33 381
1645 -46.543480305189533 -0.63360580200751027 4.6822531746773794 231 231 231 0.65097690591658153 13 169 15 428 208 1103 206 589 83 583
1646 -10.222019570502269 2.6072385762609418 -3.532071564939582 7 20 43 0.57932019499648646 11 622 208 1145
537 -2.6212199314070523 0.21178435403640103 1.5668253050473602 59 62 72 0.1779153102466336 25 127 30 33
1647 -6.4210352100470276 3.0885085498545575 -4.0262683938281389 124 124 124 0.12260819666034742 7 191 208 1173
538 -4.0986311151892982 0.84310836196430439 4.8768958518928702 8 8 8 0.32613573840050236 31 3 30 40 32 41
1648 -26.855583024783584 2.0717276376758305 3.9725131879117739 130 130 130 0.22854701607060521 15 201 208 1175 10 103
539 -4.1137357076732357 0.85547111801842646 4.9323330317475413 8 8 8 0.11390455984413078 29 16 30 42
1649 -26.866539555692231 2.8467241013942393 3.4032348148614404 0 0 0 0.34070572383057918 7 233 8 212 9 445 10 331 13 453 208 1182 12 469 14 537 15 454 17 403 5 165 206 628 83 1008
540 -4.1137357076732357 0.85547111801842646 4.9323330317475413 8 8 8 0.11390455984413078 29 17 30 43
1650 -29.214968966969678 -0.63137692925025701 9.27377893916975 0 0 0 1.0876879553734848 15 192 208 1185 13 50 14 42 17 98 206 280 83 751 206 283
541 -4.1261703841624824 0.8553589636644483 4.934513488008248 8 8 8 0.2086835054156434 29 18 30 44
1652 -27.100373566564567 4.0937633768435093 1.9145853358220639 0 0 0 0.3901987223560992 11 369 14 549 208 1191
543 -2.9333100952846318 -0.23037316757131768 1.6102500190094662 8 8 8 1.3927990217818509 23 93 30 179
1653 -29.335707269192167 -0.0063317310676157396 8.7861180623129336 0 0 0 0.74004479814324609 13 209 14 410 15 350 208 1193 11 350 16 222 18 227 10 106
1654 -26.608943620396975 2.6213507119057073 4.1204484070253677 0 0 0 0.53905440340330757 10 335 208 1194 206 467
1655 -26.705108756124574 2.8850972372193717 3.89553777764552 130 130 130 0.30858118758790903 7 238 10 503 11 526 12 474 14 546 208 1197 9 297 6 200 3 160 2 154 206 637 83 1012
1656 -26.67054006355194 3.0584215615626902 3.8418285193280366 0 0 0 0.41132444397305912 10 137 11 85 13 231 14 420 17 263 208 1203 12 298 15 369 6 56 5 56 3 41 2 41 206 303 83 940
1657 -26.676270246281955 3.2760876642854018 3.7818279655296623 130 130 130 0.31080309121129851 9 117 11 380 12 303 13 241 14 423 15 375 208 1208 7 79 10 352 206 480 83 946
1658 -26.625218845778356 3.4575439469258598 3.7196911094476692 0 0 0 0.37337122780214588 12 480 208 1211 9 306 10 356 14 427 7 245 13 247 11 533 15 462 17 411 6 208 206 651
1659 -7.1251160108783971 3.7784919317575105 -3.4749390176774329 6 19 43 0.25584382210868328 10 857 208 1225
550 -2.7687295134112571 0.88299512042395834 4.6194686573323116 236 236 236 0.42191461413242792 25 117 30 261 33 207
1660 -19.530610961661534 5.7845712064127 -0.5533242811350324 57 57 57 0.5984410230217917 11 545 13 276 208 1238 12 490
1661 -19.197966816501921 5.6116267525706203 -0.32285043431216176 10 12 14 1.9175060521918788 12 706 208 1240
552 -3.0210555398433643 0.81115603775243939 4.7920205641895004 0 0 0 0.25185817599990573 31 282 30 286
1662 -25.022381840236932 -0.26243251189018313 11.126951287615375 0 0 0 0.67418862739406238 11 97 17 261 208 1247
553 -2.5944232089606811 0.65931120396226883 4.8179254545419194 0 0 0 0.64090627652727861 29 232 30 321
1663 -25.211944716367988 0.070797766712984517 10.832773131148635 130 130 130 0.58614672212362073 17 117 208 1249 206 308
1664 -18.354175072891902 6.2408608459337627 -0.77537263612398488 9 11 14 0.50683742833381196 13 495 14 320 208 1251
1665 -25.127194940757025 -0.13064720648397893 11.247498323651595 130 130 130 0.50050968056792433 9 131 10 164 11 397 12 102 13 255 208 1253 6 83 5 70 2 49 83 861
1666 -24.958075907253139 -0.025530976171376583 11.620504192375346 0 0 0 0.31049713438800336 11 110 12 112 14 72 18 82 208 1271 15 108 16 143 17 35 206 320 83 787
1667 -24.924673214277952 0.10811604971441426 11.699833043798414 130 130 130 0.2326221426729978 18 161 208 1279
1668 -24.955274346901081 0.26566578371138511 11.785093990175177 0 0 0 0.3539765673707464 12 123 14 288 18 162 208 1285 15 115 19 106
1669 -25.083212762339546 1.0549585999040667 11.494732925913546 59 62 72 0.33590309913664579 14 298 16 154 18 173 208 1289
1670 -24.675208393259211 0.39172619701245148 12.157237643942253 130 130 130 0.40001618704048442 18 164 208 1291 20 124
1671 -24.675973943377059 0.66594528439364542 11.952944445612118 59 62 72 0.71153545335448343 14 295 208 1296 16 238 17 139 18 166
1672 -24.696693364651203 1.0911256405317487 11.527296228362102 106 112 128 2.0747459401135999 16 155 18 175 208 1299 15 246 16 247 206 512 17 277
1673 -27.4355109255008 4.3918748952832258 11.523437709774983 0 0 0 0.74007434826291707 12 385 208 1315 9 681 11 692 11 552
1674 -4.6517094650201329 7.5655681474921836 -2.7776469710579055 8 22 43 0.21905634899801629 9 709 208 1342
1675 -9.3656362578470311 2.248025412124306 7.2509296358701771 0 0 0 0.49552199471620539 22 369 23 369 208 1343 18 248
566 -3.2669123833491143 -0.23343401552403528 1.510493875234532 8 8 8 0.46560781381175376 26 39 32 111
1676 -9.3625122606988622 2.2439987476111285 7.2495401199580254 0 0 0 0.14656623161323043 22 370 23 370 208 1344
1677 -45.613714707007624 -3.6205846969254405 10.985976578944168 231 231 231 0.85856588690774038 12 210 13 170 208 1384 7 30 8 21 6 169 5 148 3 131 206 592 83 588
1678 -45.539474853238005 -3.6304909508785972 10.962136832318508 231 231 231 0.76537101501834048 14 377 15 316 17 203 208 1385 10 55 16 279 206 417 83 589
569 2.7109728638983817 -0.36598274741114861 6.1142267747981736 231 231 231 0.25563857452139699 26 11 32 173 191 193
1679 -30.867471026514 3.2946111172135661 0.93488086868828724 29 29 29 0.85252649686834303 15 517 208 1410 9 434 11 649 12 461 13 561 14 625 6 40
570 -3.7760148821220065 0.55099866056390501 5.4137619295265713 236 236 236 0.18561881558341695 30 290 32 258
1680 -29.447515027435038 -0.97881766910999457 9.0806561238940713 0 0 0 0.25587596160072035 11 340 208 1418 14 235
571 1.1764254009136799 1.6966653601180439 4.4375025049894781 59 62 72 0.69323108643671727 30 362 32 330
1681 -29.362880616771974 -0.73622986752101927 9.1914934450292467 0 0 0 0.50996414185652661 9 289 10 320 11 519 12 261 13 448 14 408 208 1421 7 227 15 345 16 298 17 332 18 278 2 34 206 612 83 842
572 1.1764254009136985 1.696665360118051 4.4375025049894914 59 62 72 0.69323108643671727 30 363 32 331
1682 -27.232762359115299 4.3214042514787163 1.5639983873350207 0 0 0 0.21287428665817329 12 575 208 1424 6 368 5 171 3 157 2 149
573 5.3873858163874457 -0.4886169241425688 7.3031112756916237 231 231 231 2.1799068858328554 29 259 30 359 31 362 32 345 33 338
1683 -29.290481682715836 -0.16967723834470735 9.0308424643708545 0 0 0 0.31368540683954682 15 348 208 1427 206 615
574 0.59068143422790387 -0.19710149322228979 6.6784756761612689 128 128 128 2.2178860954404689 25 224 32 363
1684 -29.332949801886308 -0.18428505259463937 9.0197448133725899 0 0 0 0.53217307998399677 8 47 16 305 17 250 208 1428 15 349
575 -3.4291339516381547 -0.67856256188922126 7.6781927682683202 129 129 129 1.1172849134112939 30 377 32 365
1685 -26.772485658594793 2.9524564507679512 3.6211209075726449 130 130 130 0.44891256854512118 7 410 9 447 11 523 12 471 13 576 14 543 208 1429 17 406 3 153 2 147 206 633 206 774 83 1009
576 -2.6977038345386992 0.93824345381275254 4.5235735374133501 0 0 0 0.67720248471901812 29 284 30 389 32 369 33 387
1686 -26.999057130395311 4.2356544762040018 2.0331851232222555 130 130 130 0.1483682466167196 11 662 208 1431
1687 -7.2169411360083924 3.6080165601766367 -3.5366864142443433 6 19 43 0.17488954160492681 7 537 208 1445
1688 -12.782815826611284 6.2077975874931024 -0.75790753950732714 124 124 124 0.12691305463773914 12 612 13 715 208 1490
1689 -11.576261636684826 6.2653045910937637 -0.94690262258237723 124 124 124 0.53883820567058083 10 564 11 578 208 1492
1691 -45.244112502056772 -4.6697439496571462 10.862790829011725 59 62 72 0.43172546544364787 9 422 208 1532 12 436 14 506 15 419 13 404 6 333 5 295 206 747 83 816
1693 -8.0439368147959875 5.4866766373808478 -2.1966840629157214 85 87 90 0.18964684248254254 11 926 208 1613
584 -4.1012179971458762 0.27037657852156999 9.6688004980744306 231 231 231 0.57169339994784862 31 271 33 220
1694 -9.318191707047621 2.4933690031182323 7.1728863546302186 130 130 130 0.44430945684546053 19 205 22 459 23 459 208 1627 6 425
1695 -9.318191707047621 2.4933690031182323 7.1728863546302186 130 130 130 0.44430945684546053 19 206 22 460 23 460 208 1628 6 426
1696 -6.475753324867509 9.0982726168242163 -0.3621045799543845 6 19 43 0.77277622514929711 12 808 208 1640
587 -3.0153548442376192 0.81444385852089307 4.7948084947512006 0 0 0 0.2550727747703041 32 255 33 258
1697 -6.475753324867509 9.0982726168242163 -0.3621045799543845 6 19 43 0.77277622514929711 12 809 208 1641
588 3.2806535863337158 1.7136109085840021 5.5815991906642433 0 0 0 1.2796491340565974 30 354 32 250 29 252
1698 -46.547513521279782 -0.97107790282523321 7.0896454006937768 231 231 231 0.82521345433147497 7 680 8 492 12 658 208 1665 9 739 11 776 13 743 10 827 14 689 15 644 17 495 5 592 10 916 3 423 2 451 206 921 6 345 83 891
589 -2.5257314959947132 0.69223101961723532 4.9926896044736235 0 0 0 0.38041945925782406 32 252 33 296
1699 -45.381841962358884 -0.42809891720735488 7.2540553796654033 231 231 231 1.053797481363056 9 744 208 1670 12 753 13 746 2 457 83 896
590 5.6433709304292874 7.5491419511868436 6.5565710806099871 108 106 106 0.7245862404853185 30 339 32 293 33 300 29 239 191 313
1700 -29.63997555235014 -0.80324941659537163 8.3266444533485107 130 130 130 0.30401407927034829 11 788 12 669 13 667 14 624 15 575 208 1683 7 688 8 503 9 753 10 834 16 440 17 442 18 345 6 518 5 464 3 298 2 301 206 852 83 1050
591 -3.9666105211547005 1.1595874598368556 4.426621256286416 236 236 236 0.17628429135892879 32 297 33 305
1701 -29.616740653273382 -1.2093309651995456 9.0028003334984845 130 130 130 0.60659036764547092 8 504 11 785 208 1685 13 664 14 621 15 513 17 439 3 428 2 302 83 993
592 5.3443005838641371 7.429710673674327 7.4673854878713319 0 0 0 1.0768216137139419 27 244 33 329 191 341
1702 -29.44673324481283 -0.49623309759623979 8.8293158244675283 130 130 130 0.36197900631984747 12 671 13 669 14 626 208 1698 10 665 15 577 16 441 17 445 18 346 8 514 9 626 11 793 6 526 7 541 5 466 3 435 206 853 83 996
593 -4.0697565673028526 0.30506014415143673 9.4262678062177212 8 8 8 0.38675536310849412 32 319 33 330
1703 -12.731638200214434 5.1019461767418139 -1.4438929243888246 111 117 123 0.19905960376904855 13 835 208 1728
594 -3.5420085688425953 1.1437905512205473 4.54238004868954 0 0 0 0.83472574017973933 32 341 33 332
1704 -12.731638200214434 5.1019461767418139 -1.4438929243888246 111 117 123 0.19905960376904855 13 836 208 1729
595 -3.5420085688425953 1.1437905512205473 4.54238004868954 0 0 0 0.83472574017973933 32 342 33 333
1705 -6.6590647498678237 4.5088660750753551 -3.0610244875744899 70 75 82 0.060671050510473973 10 1019 208 1733
1706 -7.3853583748013421 5.8592717062686228 -2.1093742657148828 49 76 59 0.19931076330170461 11 985 208 1744
1707 -6.4855505664327255 9.0079311801330135 -0.37788034686572841 6 19 43 1.4437821750408013 12 940 208 1767
1708 -6.4855505664327255 9.0079311801330135 -0.37788034686572841 6 19 43 1.4437821750408013 12 941 208 1768
1709 -47.157463872398246 -1.801014652510065 -0.010351788635181783 5 5 5 1.5310984317646052 7 510 208 1776 11 616 15 684 6 756 8 793 2 421 83 1069
1710 -43.043877437240361 -4.6338804472827322 12.564572502697542 231 231 231 0.43705724003574159 8 799 11 953 12 820 13 861 208 1785 7 893 9 933 10 995 14 798 15 689 16 492 17 570 18 415 6 765 5 683 3 636 2 638 206 1093 83 1096
601 8.349293411888052 3.9324779996425172 3.0791687429163908 129 126 126 0.9994083828402982 29 221 32 248 33 251 191 182 29 183 30 254 32 115
1712 -27.538127842611036 4.2036173194541195 11.582761356664994 0 0 0 0.78455739931961199 14 780 208 1824
603 2.563929042093799 0.63391291022912422 7.2374190054475385 8 8 8 0.42539060988090704 21 182 191 216
1713 -45.188013239572165 1.4234881836817079 3.0316459720665727 231 231 231 1.9230616811625443 14 616 208 1860 8 191 9 255 13 547 7 34 12 15 15 325 6 172 83 1039
604 2.4037630218780497 0.61215242057971264 7.127611760577782 8 8 8 0.32493985593869978 21 178 191 219
1714 -6.4522411797083858 4.1710814836129346 -3.3247759594627819 6 19 43 0.1657812869572248 7 903 208 1874 6 771
605 4.6627616134145136 3.8381952044937013 6.9438827649663839 0 0 0 0.67051210969607133 25 146 29 206 191 221 31 303
1715 -6.4528121302020489 4.6768069464710766 -2.9820358760471355 6 19 43 0.56023627664759668 7 962 208 1878 6 843
606 3.5155438415670499 0.81806262872923474 8.9140687810186439 8 8 8 1.0224503979531425 21 185 191 225
1716 -49.220699993044448 -2.4347810925289828 1.6444533304201836 0 0 0 0.38262664720279804 7 951 8 843 208 1896 6 835 5 748 3 689 206 1090
607 -2.454693051261025 -0.23839037601430188 0.78147790643593318 8 8 8 0.34887911488597279 24 46 191 228
1717 -49.45049712123749 -2.4201543111929942 1.6712182476168553 0 0 0 0.56541137250737872 7 952 8 844 9 979 10 1060 11 997 208 1897 12 912 13 892 14 824 15 733 6 836 5 749 3 690 206 1091 83 1090
1718 -46.352590786788504 0.30340658534828197 3.6782810308840794 59 62 72 0.6011740473862307 8 845 208 1932 7 954 9 1030 10 1104 11 1046 12 915 14 851 15 754 6 881 5 789 3 734 2 732 83 1109
1720 -26.704151805686461 5.047633021277079 2.2948967693325377 107 112 129 1.0910702451310046 7 1019 8 911 9 1067 10 1135 11 1105 208 1965 2 767
1721 -25.274584016825134 2.0914073484682958 10.678078774506433 109 115 132 1.0678328046329764 10 1109 208 1968 8 853 6 889
612 0.51993173491375988 0.32227336468282652 5.2744299856696086 8 8 8 0.63130790802931169 32 116 191 243
1722 -29.349448104603173 -0.46179157607822346 9.0417089616722652 0 0 0 0.29681208807795284 12 73 15 195 208 859 14 43 16 120 208 858 13 51 18 127 206 282 83 642
613 0.51993173491375988 0.32227336468282652 5.2744299856696086 8 8 8 0.63130790802931169 32 117 191 244
1723 -9.4628232838891044 2.7043397676852154 6.5404395290702535 0 0 0 0.76741087477515812 10 573 12 509 19 236 21 305 16 413 18 329 19 271 20 302 21 367 17 478 14 585 16 371 12 620 11 720 10 752 7 612 8 591 208 1508 6 110 6 582 5 523 3 482 2 513 206 795
1724 -9.307787014226367 2.2870529913757092 -4.639407150285626 38 38 38 2.1179352163820369 7 1010 208 1934 9 1060 8 840 10 1153 6 831 5 828 3 730 6 950 2 728
615 3.74187256579479 2.7736151707009098 5.6031639460905991 113 118 136 0.059070301612565906 24 271 191 271
1726 -34.440817101584059 -3.9296556670637077 11.90152546260498 231 231 231 0.51980063245644326 7 202 8 32 9 260 10 297 11 505 12 447 13 425 14 387 15 432 16 286 6 33 17 311 18 273 5 153 3 135 2 136
617 -0.25915603875760201 1.2559240363293818 3.2601090247091724 131 131 131 0.55748977792507093 26 213 191 402
1727 -29.371839694431596 -0.16058611747742274 8.8624248696269756 130 130 130 0.2218171933642458 7 59 13 55 208 871 6 47 16 219 17 106 83 754
1728 -26.244292643808048 3.3251861065463704 4.7436918447853875 59 62 72 0.11257752764298111 15 387 6 74 3 46
1729 -24.343564364995256 5.9891965006743444 0.26198653241958914 231 231 231 0.48803706924775569 7 424 10 520 6 86 9 320 5 68
1730 -8.7972775842983779 4.9283316257550789 -2.3324205146683781 63 65 67 0.26118683795303266 7 436 8 241 6 95
1731 -9.1511293821355615 1.5749417063071425 5.9055203559777798 106 111 128 0.82794205117786712 7 284 6 104
1732 -7.1419974284841663 5.9076677309850751 -2.139052186400082 5 8 15 0.16001277310408116 8 265 6 108 5 94
1733 -9.5848760428195696 4.1022049444896052 6.8572699236296444 59 62 72 0.32695696517564715 9 376 6 115 5 95
1734 -2.2977158376950477 6.4944397795788378 -2.5582282982268607 6 20 42 0.11744651921323698 8 143 6 123
1735 -20.335642097063019 2.3173171160210968 -2.397019335758487 0 0 0 0.31468418387959252 10 635 11 623 12 544 6 162 10 475
1736 -29.453880075506138 -3.7464850072357803 10.744270156101019 59 62 72 0.49591541845080372 7 390 8 192 10 483 11 504 13 423 14 517 15 431 6 174 5 151 2 134
627 -7.759448316251202 4.3952796578913622 6.2088714012249548 59 62 72 0.6675513829310572 16 271 19 176 20 207 17 191 15 284
1737 -30.179403973628304 -3.6232981487757985 10.797797788360269 231 231 231 0.37026677630121574 7 41 10 485 12 448 13 426 14 518 17 312 6 175 9 262 11 312 15 326 16 285 18 208 19 191 5 31 3 136 2 27 206 426
1738 -27.208201817080663 4.0823631213383713 1.7087490099613181 130 130 130 0.34417644083344928 10 346 11 525 12 472 13 578 14 547 6 198 15 458 5 166 3 152 2 146 206 777 83 1014
629 -9.2456759172425986 2.6542100277195337 7.2797766260127279 130 130 130 0.31761930315846781 18 181 19 162 21 254 22 432 23 432 17 285 15 274 11 455 208 1514 206 526
1739 -9.4366946442490374 4.7390008611285648 -2.4167082943077629 61 63 64 0.1111740377860925 7 427 8 236 6 212 5 74
630 -9.2456759172425986 2.6542100277195337 7.2797766260127279 130 130 130 0.31761930315846781 18 182 19 163 21 255 22 433 23 433 17 286 15 275 11 456 208 1515 206 527
1740 -6.0312826366748293 7.4418033834848591 -2.4907523013130142 27 83 39 0.19096780812261818 7 463 6 246 5 224 3 70
631 -9.9065990335904921 1.8752613420563318 5.775748340532517 112 117 135 0.34397838195199171 16 369 18 290 19 204 20 237 21 299 17 357 15 482 14 580 13 505 10 407 11 441
1741 -2.2234866757870764 6.4063703037109949 -2.5673058728779221 231 231 231 0.40805157384838087 7 325 6 259
632 -9.4491166894355967 1.9303408736812737 7.1407274147862623 130 130 130 0.62245437436957574 21 267 17 358 13 610 12 608 11 708
1742 0.8146250142740542 4.48384242866838 -1.4910942816328039 113 119 136 0.66103309852307635 7 667 8 286 6 264 5 232 3 355
633 -9.450655026325304 1.9284935167813861 7.1426652172892249 130 130 130 0.64330747413676459 21 268 17 359 13 611 12 609 11 709 10 423
1743 0.83481103445597626 4.4749990009665748 -1.4916357260156197 113 119 136 0.015867816145708563 8 287 6 265
634 -9.2249786696356892 2.7833584182684272 7.2870777613665396 0 0 0 0.26653635063639752 16 373 18 293 19 209 20 252 21 278 22 462 23 462 17 365 15 486 14 586 13 621 12 629 11 587 10 582 9 522 7 455 208 1632 6 428 3 212 206 699
1744 0.62621152868944119 5.0015137918868993 -2.2902947094229091 112 118 135 0.0065121847485837252 8 620 6 266
1745 0.62621152868944119 5.0015137918868993 -2.2902947094229091 112 118 135 0.0065121847485837252 8 621 6 267
1746 2.8958610355383136 2.7282336052584193 6.1726402831644842 0 0 0 0.76841695487358752 8 625 6 273 5 105
637 -9.2157849714955464 2.9256645348546302 7.0439558197737826 0 0 0 1.1253493603026794 16 339 18 295 19 167 20 192 17 368 16 257 18 100 21 194 19 127 15 403 15 489 14 326 12 515 10 764 22 436 23 436 22 490 23 490 208 1630 208 1761 206 702
1747 -15.102511715664416 1.4643437597814299 -4.4312677984896141 57 57 57 1.3091599236080536 9 838 10 988 6 319 11 1042 5 23
638 -9.2132258869905961 2.9246104344573323 7.0414148228502169 0 0 0 1.150644461094503 16 340 18 296 19 168 20 193 17 369 16 258 18 101 21 195 19 128 15 404 15 490 14 327 10 765 22 437 23 437 22 491 23 491 208 1629 208 1760 6 585 206 703 12 634
1748 -17.980166977250853 -3.495419782515683 8.6473782292139791 101 101 101 0.51334786910775454 8 497 10 653 12 556 6 347 11 644 14 516 17 207
639 -9.1739217046520398 2.9776448309853838 7.2281348725941514 0 0 0 0.3161956635818724 16 377 18 299 19 210 20 256 21 279 22 464 23 464 17 370 15 491 14 593 13 626 12 517 11 592 10 585 9 528 8 414 208 1633 6 242 5 371 3 213 2 195 206 706
1749 -26.601421101176648 0.22609538944095273 8.2782330857520154 130 130 130 0.51946256000366475 9 635 10 670 11 653 13 671 6 363 8 518 12 674 14 700 15 520 17 449 18 347 16 444 16 387 5 470 3 302 2 308
640 -9.1753750679274191 2.9785243127888466 7.2293722274081107 0 0 0 0.3151796535435763 18 300 19 211 21 280 17 371 16 378 20 257 22 465 23 465 15 492 14 594 13 627 12 518 11 593 10 586 9 529 8 415 208 1634 6 243 5 372 3 214 2 196
1750 -9.4086212224654471 4.0955093017572812 -2.7364182121244154 58 76 63 0.33846352981719829 7 564 8 525 6 370 5 318 3 300
641 -9.1964811273927793 3.8051627742418139 6.9291458651636217 59 62 72 0.39584611644254408 18 256 19 214 17 375 16 341
1751 -27.616813841809662 4.3566832655430163 2.0621378016835985 130 130 130 0.12522110830477137 12 580 6 376
642 0.84061700782977911 0.256762907370995 2.8696793108689338 8 8 8 1.0640100425132051 16 346 17 378
1752 -9.1177136088912079 4.3562409642573829 -2.6808383734968624 73 76 74 0.16489000015792801 7 575 8 542 6 385 5 332 3 306
643 0.84061700782977911 0.256762907370995 2.8696793108689338 8 8 8 1.0640100425132051 16 347 17 379
1753 -8.4251652106168571 4.8295647422709074 -2.5612600047791187 75 78 76 0.083568359594933236 7 586 6 399 8 560 5 347 3 177 2 170
644 -9.2514716398470132 2.8603178274890446 7.1757949972760136 130 130 130 0.35062896318014919 16 374 18 294 19 243 21 307 22 489 23 489 17 420 20 253 20 303 15 488 14 587 13 622 12 630 11 591 11 734 10 583 9 523 7 456 208 1631 6 241 5 368 3 346 2 193 206 701
1754 -2.7982687221232876 1.0673400450532311 4.419402852228405 0 0 0 0.67597983093140501 10 761 6 423 2 71
645 -9.151626383081835 2.9066874592754557 7.3766332443068983 130 130 130 0.20138374645235854 16 375 18 297 19 244 20 254 21 309 22 485 23 485 17 421 15 555 14 591 13 628 12 639 11 737 9 525 7 457 8 418 208 1763 206 799 10 768
1755 -2.0666497175404834 5.6664558405849412 -2.2103124917068171 6 20 42 1.2443743223265362 7 468 6 432 5 225 2 198 3 488
646 -9.1521211894401482 2.9090360868559495 7.3790144840614076 130 130 130 0.14307832931789724 22 486 23 486 17 422 10 769 208 1764 5 373 206 800
1756 -9.4408264430260314 1.4997838406432169 -4.9076878975498568 101 101 101 0.49790438843080764 8 462 208 1086 6 488 3 394
647 -9.1387330609748627 3.0559493627309076 7.0513959241887445 130 130 130 0.66497622468031115 18 336 19 246 20 258 17 423 21 312 15 558 14 662 10 770 7 618 8 416 2 356
1757 -6.2866152536060582 2.7742444310496936 -4.9525244870197778 101 101 101 0.5520021697104146 8 475 6 495 5 142
648 -9.1095209515831215 3.0427786841814832 7.0349951114738758 130 130 130 0.77236468037511286 18 337 19 247 20 259 21 313 17 424 22 467 23 467 15 559 14 663 10 771 7 619 8 417 2 357
1758 -5.8958713562394491 2.7063001998421221 -4.8196545925088383 101 101 101 0.28408410111469912 8 476 6 496
649 -9.2529587335454835 3.1551722988764968 6.9963317096397253 130 130 130 0.89173043407667651 18 338 19 248 17 425 16 427 20 305 21 314 22 492 23 492 17 484 15 560 14 664 13 723 15 623 12 733 11 740 10 887 9 811 7 617 8 592 208 1762 6 586 5 524 3 483 2 354 206 893
1759 -22.70953469622906 1.8649367396201195 -2.621975505058141 0 0 0 0.672179015185143 7 676 8 634 10 911 6 497 8 481 5 435 3 407 2 271
650 -8.3535983656650501 -0.14868972237303102 6.951016331931692 0 0 0 1.9286580186833178 20 315 21 320 24 297
1760 -29.629191480903703 -1.2105597315436885 9.0108456130558778 130 130 130 0.57610921415467964 7 536 8 505 9 619 10 659 11 786 12 670 13 665 14 622 15 514 16 384 17 440 18 305 6 519 5 313 3 429 2 303 206 848 208 1686 83 994
1761 -27.109069063827711 4.2556016692029628 1.8201615479469824 130 130 130 0.41586833596007478 8 522 9 641 10 674 14 643 6 535 5 474 3 446 2 473 83 1083
1762 -26.442478150544147 3.2594755815251477 4.4902689393070156 130 130 130 0.36412066247052943 7 565 8 533 9 777 10 863 12 694 13 764 6 545 14 716 15 596 17 513 5 485 3 454 2 481 206 871
653 -9.6054863730568947 0.42791503003088244 7.9383332225104128 231 231 231 0.48616656072941034 16 406 19 261 20 283 21 291 17 469 15 611 18 354 16 453 14 732 13 779 12 781 11 907 10 875 9 792 7 725 8 668 6 694 5 624 2 577 206 884
1763 -9.5127558656494049 -0.33058442907779512 8.8399840797352969 59 62 72 0.74294844543472027 7 720 8 566 6 559 5 360 3 466 2 496
654 -9.948518266411984 1.1010066303508743 6.9674462924545626 231 231 231 0.58508565951187863 16 408 19 263 20 285 21 327 17 472 15 612 14 735 12 722 206 885
1765 3.1918573720280028 0.64886094094746583 7.2440053435113443 231 231 231 0.61185085386803051 9 726 6 623
656 -9.6817480485277958 1.2452050331321038 6.4147424622216791 231 231 231 1.4360685264346549 16 368 20 320 21 329 17 474 15 480 15 614 14 737 13 783
1766 -20.776903945785538 2.1205023337690276 -2.5481161332224196 138 138 138 0.21768448257963185 7 803 8 709 10 990 6 646 5 584 3 549 2 431
657 -9.2644685027378486 2.3141604109097913 7.1418318099001272 0 0 0 0.47567711605510465 18 358 19 265 20 328 21 337 17 477 22 504 23 504 15 619 14 742 13 793 12 788 11 859 10 885 9 806 7 741 8 590 206 890
1767 -46.181906871566895 -2.2293477622380795 9.1914971517681714 231 231 231 0.7643183997702574 7 812 8 641 10 822 11 777 12 750 13 740 14 686 208 1784 6 659 9 847 14 764 16 470 9 741 15 641 17 492 5 454 3 555 2 561 206 918 83 985
1768 -7.3751149731190209 3.399655936256706 -3.7418077121004956 15 25 45 0.27805303114291535 7 897 8 720 6 663 5 595 3 426
659 -9.0836403573947937 2.9492343914404575 7.5539317384970692 0 0 0 0.39729149650078821 16 418 18 335 19 273 20 304 21 342 17 483 22 505 23 505 15 621 14 665 13 724 12 736 11 866 10 774 9 812 7 620 208 1838 206 894
1769 -6.6249891773329539 3.5223602753565424 -3.675817689643242 98 99 102 0.13797578337406499 208 1714 6 670 5 460 2 292
1770 -31.272450466362884 2.3450028840850354 5.8726673388658366 66 69 80 0.47280011177607884 7 699 8 652 10 847 12 766 17 504 6 675 16 474
661 -9.2131698169043084 2.7063038497180885 7.3996026592040529 0 0 0 0.33637509131743698 16 457 18 362 19 296 17 528 14 743 13 794 12 793 11 927 10 965 9 809 7 743 208 1886 206 977
1771 -9.6932226543032005 4.2013358191764727 -2.9168057211630654 1 1 1 0.28426549792774741 7 826 8 730 6 676 5 608 3 566 2 469
662 -9.2098575583747042 2.6950181837274814 7.4002917554083787 0 0 0 0.66887054275756652 16 458 18 363 19 297 20 331 21 365 22 525 23 525 17 529 14 744 13 795 12 794 11 928 10 966 9 810 7 744 208 1885 206 978
1772 -26.112955001234766 -0.92196418113775669 12.236045090421921 59 62 72 1.1067831878127772 7 712 9 780 11 818 6 681 5 613 2 571
663 -9.1373329388636364 3.0980839583802195 7.2888366207114377 0 0 0 0.51312217337726507 16 461 18 366 19 300 20 335 21 370 22 529 23 529 17 533 15 671 14 750 13 797 12 798 11 930 10 967 9 890 8 676 208 1887 6 706 5 635 3 591 2 588 206 979
1773 -2.0850128036981106 5.7264020667023603 -2.04629459200692 108 113 130 0.93234238688545601 7 974 2 591 3 597
664 -8.9924484778086562 3.041661051450109 7.7202098665058072 130 130 130 1.5096734018142861 16 462 19 274 20 334 21 345 17 534 22 506 23 506 14 751 13 799 12 800 11 931 208 1888
1774 -1.4913252487623885 4.4037499521247847 1.0244976157929964 81 85 98 0.54258928744000401 8 763 6 718 5 556 3 520
665 -8.9527109377220082 3.0605510249624586 7.9766299703649191 59 62 72 1.2953191601176548 16 464 21 344 17 536 21 369 15 627 14 756 18 301 13 801 13 852 12 802 11 745 208 1845
1775 -5.9705216542159221 2.4684487215066908 -4.414668176447198 107 107 107 0.2121681208004341 7 887 6 759 5 582
1776 -25.69076966842243 4.3355699941922543 3.5515488071086292 105 111 127 0.31276569563782708 9 940 11 965 6 775 5 696 3 646 2 644
667 -9.1474461243699441 3.7759290357749631 6.8206294634901541 59 62 72 1.587109977933693 16 431 18 368 19 277 21 354 17 542 18 339 19 249 14 793 13 854 12 861 11 933 10 971 10 1037 9 893 9 960 7 621 8 756 208 1840 6 590 5 709 3 660 2 653 206 898
1777 0.54597029716381296 -0.33038970216154284 7.2093130616857444 67 67 67 2.2067452689516696 8 887 6 792
668 -9.1558521890981694 3.7795802983260356 6.8267820352259099 59 62 72 1.3751701600221142 16 432 18 369 19 278 21 355 17 543 18 340 15 565 14 676 14 792 13 808 13 853 12 860 11 932 10 970 10 1036 9 892 9 959 7 622 8 755 208 1839 6 589 5 708 206 899 206 981
1778 2.7809202773189394 -0.31356138907791858 6.239097858375227 111 117 134 0.15266679259835858 7 925 6 802
1779 2.6215270507116242 -0.38342252331608723 6.1596224974769767 231 231 231 0.33008404027888971 8 817 6 852
1780 -1.4873579321944674 4.2906908242015387 0.67335908313565662 59 62 72 1.370663191138261 11 1034 6 853 5 714
671 -9.3034992548132927 2.6446400783169595 7.1261245787787049 130 130 130 0.52847801753520407 16 486 18 387 19 315 20 351 21 383 17 560 22 543 23 543 15 704 14 787 13 847 12 851 11 978 9 888 7 850 8 752 6 787 5 704 208 1918 3 653 2 586 206 1026 208 1884
1781 3.0960995404346661 2.5908736695709536 6.1473590116592369 59 62 72 1.5240989968286207 8 871 6 863 5 775
1782 -1.335915973766383 6.8363952163663733 8.2736268106856627 87 81 78 0.50922503814724274 8 870 6 909 5 824 3 770 2 716
673 -9.8073334674711905 1.2239345753467474 7.2468983164744438 59 62 72 0.94186069374190895 16 496 18 399 19 329 20 369 21 388 17 574 18 419 16 515 15 722 14 835 13 876 12 894 11 1013 10 1022 9 945 8 808 7 908
1783 2.7894089139582041 2.5745050439093964 5.9784077902942254 59 62 72 0.20609581275225458 8 898 6 937 5 822 3 768 2 715
1784 -9.3504937488517701 2.3090299069790636 -4.695050439142836 57 57 57 0.8794047576114904 208 1933 6 949 2 727
675 -9.3427237153108802 2.0658301871803877 7.0145880343234799 130 130 130 0.59189042636586997 16 501 18 402 20 362 17 577 15 724 14 810 13 877 12 896 11 1017 10 1025 9 951 7 909
1785 -6.0159042914741683 2.9076403593479729 -3.5950464947624363 6 19 43 0.5628567686981778 8 947 6 981 5 894 3 803 2 791
1786 0.077810701975502994 1.3795221218940301 3.7381801288991938 127 127 127 1.235365017575756 8 934 6 985 5 877 2 775
677 -9.5042423397170719 4.3472592947884134 6.9008874695661211 115 121 139 0.86693884804539723 16 509 18 427 19 349 20 378 21 395 17 581 16 523 15 729 14 842 13 886 12 907 11 1028 10 1082 9 1000 7 969 8 857
1787 2.7227911499260671 -0.54794752006969893 6.2465542162402778 59 62 72 0.58250907261287954 8 955 6 987 5 878
678 -9.3292196584460658 -0.010152275038541303 9.2223336744852542 59 62 72 1.2814205789990936 18 416 19 328 20 367 21 396 22 544 23 544 17 587 14 833 13 904 12 927 13 931
1788 3.1790432665861954 0.46737686271385925 7.2240966286689607 231 231 231 1.1211229842966282 8 958 6 991
679 -9.6453622231528247 2.5015978084292256 6.5119519697257155 130 130 130 1.0118731274048942 16 518 18 421 19 342 20 374 21 403 17 588 15 726 14 838 13 908 12 929 11 1019 10 1077 9 995 7 967 8 855 208 1947 6 844 3 701 206 1070
1789 -7.0548368447608478 3.6779290122428052 -3.6075047776997993 34 39 54 0.079309743009196493 8 506 6 357
680 -9.3903634821344166 2.7684452534746065 6.7756301203119298 0 0 0 0.59637997536118903 16 519 18 437 19 345 20 387 21 404 17 589 15 743 14 839 13 910 12 931 11 1060 10 1079 9 997 7 968 8 856 6 893 5 802 3 703 2 698 206 1073 208 1949
1790 -18.636219354158463 1.6346808171596696 -3.6064000286460955 56 57 57 0.23138737394619369 7 364 5 24 9 581 10 632 11 615 2 14
681 0.9642869781563278 1.4948601876325627 8.3526227447049628 231 231 231 1.9633269287515407 16 489 17 595 15 766 14 893 13 962 12 979
1791 -33.091790813835971 -4.1114306461488361 11.546639814807543 59 62 72 0.19203391299101893 7 194 11 503 13 549 5 28 2 21
1792 -9.0083674297316509 4.3888033419986288 -2.73233532863429 2 3 3 0.14880000109922875 8 226 5 58
1793 -40.443834062196927 8.2886839184733798 0.66336955536750353 120 120 120 2.0945991168132791 8 81 12 323 5 60 9 315 7 94 15 469
684 -3.0399819201707383 0.94181601846978058 4.5538646481829534 0 0 0 0.766639080287144 21 273 20 242 19 238 18 333 16 423 17 486 21 336 20 297 26 160 31 318 15 564 14 668 13 522 206 523
1794 -27.374158088770766 5.2908146172866628 1.738645871274904 59 62 72 0.31133885577266746 11 404 5 64 13 476
685 -9.229817272371772 3.3490586164430196 6.9428210202620777 0 0 0 0.64137084944805711 19 276 17 488 16 467 20 336 17 537 18 367 21 352 22 510 23 510 15 625 14 753 13 798 12 799 11 869 10 889 9 813 7 745 8 593 208 1837 6 705 5 525 3 484 2 518 206 895
1795 -27.479241678757131 5.3009606026413216 1.7599120488649265 59 62 72 0.28865975269251926 6 77 11 405 5 65
686 -9.5292894126246868 1.8710841167743661 8.0253259990437193 231 231 231 0.69916906720300098 18 401 21 379 17 558 19 333 17 576 16 500 20 359 22 540 23 540 15 702 14 813
1796 -34.830576573916723 7.4287880043377124 0.81471541268923597 231 231 231 0.65868615876284364 7 257 9 316 13 479 5 67 10 370
1797 -25.367905872328912 4.696839854675023 2.9501999300391462 105 110 127 0.23782331202084891 12 337 5 73
688 -10.516691628555563 0.12016360251032879 9.2660754027185952 231 231 231 0.85008553182566349 17 467 15 609 13 776
1798 -22.809878576098516 5.9488920067412634 0.12109757224587561 231 231 231 0.063118197067726978 7 102 10 379 5 75
689 -10.516691628555563 0.12016360251032879 9.2660754027185952 231 231 231 0.85008553182566349 17 468 15 610 13 777
1799 -26.459646471632979 0.35548448960254225 11.700010825275669 0 0 0 0.80042409637655254 7 260 8 88 10 169 5 77 9 138 14 281
1800 -27.495068467170785 4.3802506340388012 11.503999550140698 0 0 0 0.47436324907116872 14 568 5 91 3 63
1801 -26.930555054878383 4.3136990142247642 11.306981344746836 0 0 0 0.52476064007154322 11 553 5 92 9 682 3 64
1802 -7.1347012583657037 4.1020579725114974 6.8210181739658502 59 62 72 0.34084140569384402 8 130 5 100
693 -3.9363389648501239 -0.928090145985072 8.3487128817007576 8 8 8 1.1313636348645475 16 166 17 60 15 270 18 89 13 124 12 156 11 173 206 106
1803 -4.7772288920863 7.7712430016028158 -2.6231148586406032 10 10 10 0.015363585776611555 9 545 5 101
1804 -3.8172167134531287 2.8432170046738046 -5.8624880753085238 2 2 2 0.21141363864151991 6 160 5 136
695 -9.2141538858574048 2.9849258817648954 7.1959096460250134 0 0 0 0.14335603569168284 18 103 22 382 23 382 15 277
1805 -3.9966790397194747 2.8743571647052826 -5.9476564401250291 2 2 2 0.77838348026123938 6 161 5 137 3 398
1806 -8.9557101873900891 4.4789071316933677 -2.6564889662999245 71 74 72 0.05080853731062282 6 210 8 376 5 182
1807 -8.9710798456304914 5.0346787846913887 -2.2575845723051033 11 17 33 0.20967343440302888 6 222 8 395 5 198
1808 -8.8286163936784039 5.0791622485329437 -2.3142099194794818 69 71 72 0.091768243680213052 6 405 8 397 5 199 3 185 2 59
699 -9.4151548950840738 4.549035671393824 6.7640171660194017 59 62 72 1.3668217305978894 17 189 18 258 15 410 16 179 16 342 14 122 13 349 12 421 11 474 10 445
1809 -8.5803392078405025 5.1734176781937036 -2.2762675462786319 68 74 73 0.040888687590046262 6 224 8 399 5 203 3 188 2 60
1810 -8.4023169649622957 5.2981336653264712 -2.2455620607126465 64 74 70 0.090793056757514826 6 413 8 402 5 205 3 191 2 183
1811 -24.206635198310739 3.1735314373459009 9.3354672656235991 0 0 0 0.8437227030084663 13 602 17 282 5 210 16 328 15 265 18 91
702 -9.3548019336518919 2.5937182441679236 7.0051670978951019 130 130 130 0.5611705414029744 19 208 20 247 15 485 13 615 12 621 11 722 208 1510
1812 -8.2781054242988237 5.4226169993967597 -2.2184981220128885 73 75 77 0.062386785034572352 6 230 8 403 5 211 3 194
1813 -7.8137450869859508 5.7185873424217357 -2.0707027405577869 7 13 27 0.055524616726801777 6 238 8 406 5 214
1814 -1.6340453061213793 6.4277337601286897 -4.0740527544787906 231 231 231 2.53001623158789 6 799 5 226
705 -9.4789436262216125 -0.21634741775405122 8.5633994270289282 59 62 72 0.43972035750513394 19 256 20 275 15 606 12 709 11 838 7 718 8 665 6 690 5 503 3 578 2 494
1815 0.82081601335223131 4.4745284691582308 -1.488058198629548 112 118 135 0.23929154581717285 7 668 5 233 3 356
1816 -46.01668466947784 -2.7354984325011062 8.8473810577089953 0 0 0 0.56336828371067416 6 343 9 602 10 645 14 611 15 505 208 1663 5 298 2 286
1817 -28.077597534085932 5.2404997547599121 1.1041225240878536 5 5 5 0.52085536560649848 13 589 14 554 5 331 15 540
708 -9.955708022052562 1.7802410815665193 5.6443365511275703 59 62 72 0.69618652586288321 18 355 19 290 20 324 15 616 14 740 13 789 12 726 11 850
1818 -8.6291194499225448 4.7241462775133378 -2.5935877241806016 76 78 77 0.058324579000643008 6 397 8 556 5 341 3 174 2 166
709 -9.9050635913940255 1.7596041350294245 5.6188369194007928 59 62 72 0.50890182985963606 18 356 19 291 20 325 15 617 21 361
1819 2.3600699954380793 0.71783405739019901 4.9327376714436877 79 83 96 0.39018106204488134 8 688 5 392 2 206
710 0.76959004118890573 -0.33792854952885326 6.6914624685131807 129 129 129 1.3897523410743802 17 427 15 680
1820 -21.805625077784281 0.87424899897385955 -3.1743822167912095 0 0 0 1.1248644449792196 10 627 5 431 7 361 3 268 2 123 2 420
711 -3.3950720979677476 0.70001918783451766 5.0497651594072197 0 0 0 1.0113181005856873 16 504 17 579 18 405 15 705 13 881 12 850
1821 0.11304755164451133 0.044005871069105425 0.06708359800880774 0 0 0 0.15905319325899478 13 737 17 491
712 -3.1871767358697927 1.0066805225959905 4.5553437715870597 235 235 235 0.30781468784685201 17 562 15 707 14 818 13 884 12 906 11 980 10 959 9 885 7 738
1823 -29.675843474973071 -0.80489636844279722 8.3390281908156965 130 130 130 0.29536289151666123 6 517 7 687 8 502 9 752 10 833 11 787 12 668 13 666 14 623 15 574 16 439 17 441 18 344 5 463 3 297
714 -7.8402684113356749 4.3305360691680725 6.5367301193996923 112 118 136 1.2058578100834041 16 524 17 616 19 335 15 752 14 844 13 917 12 908 11 1031 10 1038 9 1004 7 917 2 655
1824 -29.113016202329426 3.968424953881756 0.47810858243627913 28 28 28 0.58341703156848856 6 671 7 689 8 646 9 756 10 836 11 791 12 672 5 465 14 695 15 578 3 432 2 461
715 -3.2284407811547613 1.018321251269994 4.4850866394667266 236 236 236 0.74080655414319996 22 452 21 300 23 452 20 298 16 420 15 561 22 421 23 421 20 250 13 633 12 631 10 570
1825 -3.7490441558986438 1.1971538377521787 4.5404071244712734 225 225 225 1.3813489982074763 6 577 7 607 5 519 3 341 3 344
716 0.87495288682624706 1.6885418120888616 8.5206510040166634 231 231 231 1.4152285412776648 17 380 15 414 13 891 12 939
1827 -1.430318108245072 4.4371725808921783 0.72545101076786334 113 119 136 0.69559179916261593 9 822 5 553 3 518 2 372
718 -3.9183271792807446 0.071790837664502047 5.8527782264471861 8 8 8 0.22790226503979305 21 110 14 98
1828 1.140276367829977 6.9373258585607918 -0.85617102011316226 0 0 0 0.16114708225216476 6 632 5 573
719 -3.0661416695748374 0.95163610699845524 4.5273439440591261 0 0 0 0.011629750744585061 16 171 14 109
1829 -20.897399583958606 3.2532112821544517 -1.8530471373776907 138 138 138 0.16555910380402078 6 662 7 814 9 850 5 596 8 644 10 1000 11 956 13 863 3 427 2 454
720 -0.7003353819084801 0.087964367265034746 0.58626083288411113 130 130 130 0.40964995946603666 15 240 14 264
1830 -26.916645841203213 2.6118816668887077 3.2628367171808002 130 130 130 0.57886994653855584 7 693 8 647 9 758 10 839 11 895 12 762 13 752 14 698 15 650 5 606 17 502 3 439 2 466 206 938
721 -4.0903061953544739 1.1667185478729871 4.2752250790475825 129 129 129 0.289335044682274 17 288 14 325
1831 -23.740788501802133 5.0602501670926419 0.14706583325444506 56 57 57 0.91514511516257158 11 963 5 609 12 835 14 802
722 -9.187093885533395 3.4203852949209415 6.8933854480046506 0 0 0 0.3733246142050447 19 131 20 161 14 333 21 229 11 467
1832 -24.247080587802959 -0.28386993162336083 11.958325534061457 59 62 72 1.4252587560211079 8 662 10 868 5 616 3 575 2 575
1833 -25.431824465149131 2.2778990225875742 9.0737585466994677 0 0 0 0.76874571784385726 10 1012 208 1910 7 905
1834 -10.10646241977998 -0.38110879870979786 9.4920719180304616 59 62 72 0.66300105791565334 8 667 5 621 3 580 2 499
1835 -9.6195322066096818 0.42822185598926826 7.9342986128423894 231 231 231 0.61960198457746662 16 405 18 321 20 282 5 623 21 290 22 441 23 441 3 468 206 883
726 -3.8760128235054641 0.53416976794588455 5.2821528999675458 129 129 129 0.57306636650877574 17 360 14 465 13 334
1836 -2.260218823729236 5.7988501116196547 -2.3386788304560233 231 231 231 1.3383481465030069 7 856 8 861 5 638
727 -8.9636849484083356 3.1298690721374438 7.9643771667553098 59 62 72 0.6045394698451112 21 259 14 485 208 1639
1838 -3.1333407990902065 2.3054200627385861 -5.7207713501712494 231 231 231 1.1199076341920911 6 638 5 667 3 621
1839 -3.1333407990902065 2.3054200627385861 -5.7207713501712494 231 231 231 1.1199076341920911 6 639 5 668 3 622
730 -8.1144835173147314 -0.18545868767044194 6.8628748946998952 0 0 0 1.9167711614037444 19 255 22 413 23 413 21 285
1840 -9.3960050710557077 2.8961936455559782 -3.8631702832512929 6 19 42 0.85294562925793704 7 953 9 926 5 676 3 632
731 -9.8544341335919459 0.94843947951584429 7.0456188527255215 59 62 72 0.42974662344489278 19 262 14 734 16 407 20 284 13 713 14 657 12 721 10 876 206 972
1841 1.2160668016212393 6.6602166068992066 -0.77124740140040748 0 0 0 0.31030625640622367 6 811 5 726
732 -8.8309288526837282 3.0593767634854601 7.5686910237167746 130 130 130 0.36312604239073992 16 487 14 788 13 850
1842 1.2160668016212393 6.6602166068992066 -0.77124740140040748 0 0 0 0.31030625640622367 6 812 5 727
733 0.18753968152865597 1.4399756224928766 3.4532999331202974 131 131 131 3.0641714108878331 15 682 14 868
1843 -31.739323172387284 4.8893593979058148 6.639690703370821 80 74 71 1.8050168609559158 12 588 14 562 5 756 206 675
734 0.15952488697589393 1.4976765881285179 3.6192102580257366 131 131 131 2.1084601175931073 17 568 14 869
1845 2.4093280711280589 0.66274991317973164 4.90056396798325 79 84 96 0.48057639118071038 6 900 5 770 3 669 2 604
736 -2.5583101361221785 0.68962228562263195 4.962504409156633 0 0 0 1.1534416230146176 21 142 19 157 18 184 17 294 15 408 14 672 22 418 23 418 19 232 12 735 11 589 206 139
1846 -3.5455937753904467 2.4019524890111592 -5.827738223680373 231 231 231 1.1283058855446311 6 911 5 783 3 725 2 723 6 944
1847 -3.5455937753904387 2.4019524890111583 -5.8277382236803694 231 231 231 1.1283058855446337 6 912 5 784 3 726 6 945 2 722
738 -3.9675924809024812 1.112037503212028 4.3274718087176138 234 234 234 0.080581622837130273 17 65 13 148
1848 -45.996823540466337 -3.4125115699561439 9.7840205718396405 59 62 72 0.79514350845909954 7 989 8 880 9 1029 10 1102 11 1044 12 916 13 923 15 738 16 528 17 603 208 1957 5 791 3 736 2 734 206 1110 83 1091
739 -3.9675924809024812 1.112037503212028 4.3274718087176138 234 234 234 0.080581622837130273 17 66 13 149
1849 2.4232611851450025 0.18456882112936759 5.2711593202109679 231 231 231 0.53692823218661145 6 897 5 813
1851 -3.5515765262568553 2.744738922025304 -5.8776588060674273 2 2 2 0.55752037192211223 6 947 5 826 3 727 2 725
742 -19.341458118578828 -1.4806396393024941 10.732457479117867 101 101 101 0.99223450409142733 16 310 21 238 13 238 20 211 206 863
1852 -3.5515765262568553 2.744738922025304 -5.8776588060674273 2 2 2 0.55752037192211223 6 948 5 827 3 728 2 724
1853 -2.0913696416340044 6.5463727846831974 -4.2294712822747247 231 231 231 1.5063766771859619 5 842 3 655
744 -3.8479336815222247 -0.98412440191780604 8.1460717680726358 8 8 8 1.6328720921070754 17 181 13 321 12 401 14 321 206 363
1854 0.57177328158427321 4.9256206221758871 -2.5149313696282096 231 231 231 0.44887410628888613 6 933 5 846 3 757
745 -3.8479336815222247 -0.98412440191780604 8.1460717680726358 8 8 8 1.6328720921070754 17 182 13 322 12 402 14 322 206 364
1855 0.54561517937082404 4.9438255839149035 -2.5210676517027912 231 231 231 0.45390316009341225 6 934 5 847 3 758 2 749
746 -3.8760128235054627 0.53416976794588444 5.282152899967544 128 128 128 0.57306636650881504 14 466 17 361 13 335
1857 1.2545585132671064 6.7618609673894357 -0.72682378342302012 0 0 0 0.4355549074291345 6 973 5 855 3 794 2 755
1858 1.1755004284608257 7.0252328416821683 -1.0675654051186632 59 62 72 1.4416880439173119 6 939 5 856 2 754
749 -10.36062416072798 1.205264812436615 6.9641409420182043 231 231 231 0.94046810904482492 16 252 13 504
1859 1.6647885649662422 5.6058810391096401 0.99049626513846178 59 62 72 1.3854481459798675 6 972 5 889 3 818 2 756
750 -9.650811432753267 2.481536828202497 6.3024966425495563 130 130 130 0.6126580892341531 16 331 18 291 13 613 20 239 12 611 10 745 9 690 7 609 8 410 206 793
1860 -0.63775719116686669 6.1855590320526721 1.7392111629325109 87 81 78 2.1194211797432962 5 901 3 814 2 780
751 -9.650811432753267 2.481536828202497 6.3024966425495563 130 130 130 0.6126580892341531 16 332 18 292 20 240 13 614 12 610 10 744 9 689 7 608 8 409 206 792
1861 -0.63775719116686669 6.1855590320526721 1.7392111629325109 87 81 78 2.1194211797432962 5 902 3 813 2 779
1862 -8.3194902401947743 3.8175680388545015 7.0394701087467286 112 117 135 1.199267691225026 6 998 8 953 5 913 3 834 2 819
753 -13.768913697439695 1.0023119122310493 9.1597913697200575 231 231 231 2.0364111904791815 16 480 13 773 12 713 11 550
1863 -25.863702991504237 -1.4640028593404923 11.682630978447207 59 62 72 1.85178752210637 11 800 12 767 13 755 14 699 9 637 15 579 5 476 11 962 12 829 14 800 15 691 16 494 17 547 18 396 7 902 19 327 8 804 3 567 2 566
754 -9.0626384562817428 3.5137486018792194 6.8307743341772511 130 130 130 0.25923772317116267 19 302 13 805
1864 -25.92542810022718 8.2602516239659476 2.6434465357964818 198 198 198 0.81869532663110223 11 914 12 785 13 788 14 786 15 700 10 879 9 684 7 731 8 574 6 571 5 365 10 542 12 497 7 282 3 339 2 349
1865 -26.586596697923373 8.4388618953020682 2.7172197557706115 198 198 198 1.079284399305529 11 913 12 784 13 787 14 785 15 699 10 878 9 683 7 730 8 573 208 1817 6 570 5 364 9 165 10 541 12 496 7 281 3 338 2 348
756 -8.8389357869603344 2.5810046594688845 5.6102404611405534 59 62 72 1.3197315759573582 20 389 13 909
1867 -11.10985471803753 3.0406608834227069 -2.9539216273583175 51 56 71 0.1093722229664077 5 27 6 28 3 20 2 19
758 -2.8914201556525194 0.74216317279690602 4.8486860489797365 156 156 156 0.6052672457340319 16 334 17 367 14 480 13 518 16 256 18 180 12 187
1868 -19.044022467748693 4.7998138829534911 0.17234106410178124 231 231 231 1.8752304750607678 8 227 3 43 2 47
759 -2.9024039999545574 0.7450351475448479 4.8594531077399408 167 167 167 0.74092429798959203 16 372 17 366 15 557 14 479 13 517 16 255 18 179 12 186 206 368
1869 -29.946077407672227 4.1326437324163781 5.8679106916129058 105 110 126 2.2404034853379802 7 99 10 171 3 51 12 122 17 279 206 503
760 -9.1491526288588361 2.9046305942034674 7.372591229043258 130 130 130 0.17350161505762432 19 245 21 310 15 556 13 629 18 298 14 592 11 738 7 458 6 245
1870 -7.6906505042020106 5.7581833307320505 -2.1163827327912936 68 70 72 0.10900631175836752 5 215 6 239 3 62 2 70
1871 -6.5636185436127557 8.3189554478919536 -2.4330534063997087 5 5 5 0.023646502277729887 8 271 2 78
1872 0.65714393261134307 7.2942813711495686 -3.1449393439077831 231 231 231 0.60861733762593107 5 397 3 79 2 376
1873 -21.982376171018579 2.0193656087711096 -2.4312166290946546 0 0 0 0.87075682979349722 8 333 9 733 10 814 12 748 3 123 2 15
1874 -29.257714554861273 -0.40638130229131331 9.348688365460081 0 0 0 0.379453516326277 13 568 15 447 16 353 17 390 3 150 18 306 206 765
1875 -8.210855143860579 4.9396429990803572 -2.5296541533376842 73 75 74 0.043070233535407801 5 196 6 404 3 181 8 393
1876 -8.0026649027057832 5.0545988955547596 -2.4934317889527069 75 77 75 0.092508332830951084 6 406 3 186 5 201 8 398
1877 -7.7979563804147034 5.1624997190849022 -2.4587978863525368 74 75 75 0.03968515660401481 5 353 6 412 3 190 2 180
1878 -7.6056393852699484 5.2719943072539595 -2.4233559126758015 54 71 58 0.026378301177653364 5 358 6 415 3 192 2 184
1879 -7.9161345311274971 5.3136396034287783 -2.3665089047012788 21 24 25 0.056452582579726018 5 357 6 565 3 193
1880 -2.7563486007875002 0.60547237355365768 4.9539899383084842 223 223 223 0.26298876715600483 9 513 3 206
2035 -19.424890152184663 -3.7551886459588739 0.59321850761075601 70 72 79 0.13486587149645604 9 26 10 12 206 242
2038 -29.390322559225094 -0.65954498025520503 9.097448606022505 0 0 0 0.15232128381427934 208 854 206 278 83 641
2042 -24.98883670733888 0.37888195128511759 10.953064015687639 130 130 130 0.16296045064501563 13 86 206 324
2043 -37.124775261685357 2.5455390623351541 17.324863940970207 106 112 128 0.78650309693280029 18 176 19 108 206 345 20 128
2044 -9.3201721002499944 2.5749920716344454 6.9284717263760589 130 130 130 0.0024180454419034849 20 141 206 371
2045 -9.3201721002499944 2.5749920716344454 6.9284717263760589 130 130 130 0.0024180454419034849 20 142 206 372
2046 -15.868651728583687 8.5497278793833829 5.2822145626078694 0 0 0 0.39052242107680546 208 786 206 393
2047 -1.4043352718234157 4.4308691517665375 0.76871342637655882 115 121 139 0.33310792925169752 7 315 206 396
2049 -29.459239570976127 -0.97476342104808933 9.0793952372471978 0 0 0 0.44938212503531683 7 222 9 282 10 315 15 343 206 440 12 256 13 201 16 213 17 241 83 839
2050 -29.662883958206997 -0.37393125737695371 8.638642949144927 0 0 0 1.1471991309726783 13 48 14 237 15 190 18 221 206 444
2051 -29.650658357223485 -0.36757276479854167 8.6376605694355142 0 0 0 0.80558492027756812 7 57 8 45 10 319 14 238 15 191 18 222 206 445
2052 -26.060739043403153 -0.73197969899985649 9.9997736933329779 103 109 125 0.49025312489094536 16 127 206 449 15 88
2053 -26.720636532426234 2.6378362148298207 3.960905523357066 130 130 130 0.19857768704403791 11 356 12 84 206 462 14 251 17 257 7 66 8 53 10 121 83 859
2054 -26.765434259918745 2.6402694111884135 3.9731934452024165 130 130 130 0.048195787233364498 17 258 206 463
2055 -27.141100315485097 3.7003967409401657 2.1995361371647659 130 130 130 0.64052764571844101 13 218 206 469 11 358 10 341
2056 -27.269555836258135 4.3112072834626778 1.3738779077087677 130 130 130 0.63444390663291672 11 365 12 296 206 475
2057 -26.78569484967678 3.3677813489166106 3.5261231082963493 130 130 130 0.56274530265290368 9 113 12 300 14 261 206 477 11 376 13 239
2058 -27.194356008888438 4.5254318801896272 1.4882259151653994 130 130 130 0.81552269397859922 10 348 12 307 13 242 206 485 11 377 14 272
2059 -27.097909350747791 4.719178355636144 1.5885580998858551 130 130 130 0.72987522862415721 12 318 206 494 11 391 15 386
2060 -24.912050522167263 0.098271945433307972 11.696922248650445 130 130 130 0.35408422282669882 11 114 206 500 12 117 16 147 17 127 15 237 13 260 14 73 83 791
2061 -24.214874428288443 0.76730229162547636 11.859312179641933 104 110 126 0.72279779723666893 15 244 16 244 18 170 206 510 17 142 17 276 14 300 15 393
2062 -23.616818757278203 0.9502365774205116 11.205805555095294 105 110 126 0.5958570563225476 14 302 18 174 206 511 16 246
2063 -46.827609149329255 -7.508148395289183 11.102283840916829 231 231 231 0.89729177559315665 7 514 8 480 12 535 13 535 206 576 17 297 83 573
2064 -49.14669824388843 -1.8164599381409809 1.924817424443207 231 231 231 0.57971373939398629 11 273 206 579 12 430 83 572
2065 -59.461766287005275 -4.2705210556056477 12.310252660490434 231 231 231 0.12742501386783303 208 1105 206 585
2066 -45.847356507840232 -3.6234902848898436 11.048291244547737 231 231 231 0.61857880016600875 9 51 10 54 12 211 13 171 15 315 16 278 17 202 206 593 7 31 8 22 14 376 6 170 3 132 5 149
2067 -31.22341214145289 0.59072330814757668 3.5865652198113298 59 62 72 1.3707826766356821 14 389 206 599 5 150 6 29 8 28 10 295 11 311 15 328 7 200 17 315
2069 -26.70339703832234 2.8842490969783317 3.8837683339006186 130 130 130 0.53824834194553806 7 237 9 296 10 502 12 473 13 457 14 545 17 339 206 636 6 199 15 362 83 1011
2070 -26.314861217601624 3.2489738440821143 4.0030294895017828 0 0 0 1.0856316686555862 12 479 14 270 17 347 206 650
2071 -26.358850665244091 3.3740272289080724 3.817938449414978 0 0 0 0.17722628595893133 17 348 206 652
2072 -9.3488618206310541 3.2231038154250742 6.709805338685074 130 130 130 1.3306785906797896 11 736 206 709 3 347 12 637
2073 -19.298412819592148 -4.206986837938044 1.2466859338224821 70 73 79 0.15562233017126806 7 488 8 313 9 564 10 612 206 744 5 264 6 312
2074 -19.301691263445946 -4.2078824209538803 1.2477402875613146 70 73 79 0.16294269509696466 7 489 8 314 9 565 10 613 206 745 6 313
2075 -45.639316553790906 -4.1169898600702268 10.028223216587762 59 62 72 0.45697125322590271 7 520 9 589 12 547 208 1531 206 750 2 279 5 442 8 486 11 767 13 647 14 606 15 567 17 428 10 477 11 626 83 815
2076 -45.332770047562057 -4.3423859726954523 10.443411403549611 231 231 231 0.23708544344150781 208 1535 206 752
2077 -37.274934407397886 -5.3589154978250502 11.48903160148031 231 231 231 0.13444917281555621 15 310 206 753
2078 -59.313105370887293 -0.87414001647971595 6.4080844192793087 59 62 72 0.18041601773311908 208 1529 206 756
2079 -45.929158755168075 -4.0147891379252822 10.853548542248992 0 0 0 0.60479298743395282 9 428 12 553 13 544 15 504 206 757 14 511 5 300 17 384 16 350 83 823
2080 -45.018315148723168 -1.3672132829782411 8.950890134924121 59 62 72 0.75873702461403381 13 551 17 313 206 759 12 557 15 508 83 828
2081 -27.063315324723732 -1.7412943769396081 11.831690938193807 231 231 231 0.57490410451322294 16 304 18 279 19 196 206 767
2082 -26.973247648064341 -1.4984475070871248 11.81165197991451 59 62 72 1.0296805457629816 18 280 19 197 206 771 14 411 12 82
2083 -23.618646409977259 0.17347462016355977 7.85286732392444 59 62 72 1.731000242030388 15 521 17 395 206 773 16 357
2084 -26.776418228142088 2.9589016563482127 3.624094439615869 130 130 130 0.26377556830831939 7 411 9 448 13 577 17 407 206 775 11 524 3 154 2 148 83 1010
2085 -26.638922577362941 3.9799924398200308 3.7025119467162964 59 62 72 0.41185520609052323 6 73 17 413 206 783 8 80 12 485 13 473 15 468
2086 -46.466166921947419 -2.7729960152620379 8.9355572812056003 0 0 0 0.53988302984389291 17 432 206 829 14 612 15 506 16 437 7 523 8 491 9 603 10 646 11 639 12 655 13 652 2 287 3 419 5 299 6 344 83 887
2087 -46.95923303498801 0.24995461550358791 5.0593745732548054 231 231 231 0.82856147947618508 7 526 8 496 9 609 10 825 11 779 12 660 13 656 14 690 208 1540 206 834 3 284 5 301 6 510 17 496 2 291 83 894
2088 -30.560165547218705 1.2843614691724301 1.9016548733642442 231 231 231 2.3128227165606625 6 171 8 190 206 841
2089 -35.59770184597204 -5.5177584742700896 0.82330618314385373 117 117 117 0.43731674260278663 10 908 206 905 8 630 9 834
2090 -41.83087255426279 -5.4834302806179185 12.507314169373585 59 62 72 0.94087303611293827 11 631 206 915 5 449 9 595 13 739 14 683 16 436 17 430 6 505 18 373
2091 -46.689749797233176 -0.622839115859532 4.5042335563060014 231 231 231 0.68555294176904824 3 413 8 487 206 916 6 501 9 593 13 649 5 445 7 521 12 653 14 685 15 568 10 818 83 885 208 1655
2092 -46.481923112529998 -0.94619637294741532 7.0964551324364908 231 231 231 0.61124709417922785 8 493 9 738 206 920 7 681 10 826 11 775 12 657 5 593 13 742 14 688 10 917 15 643 17 494
2093 -45.676317327014971 -0.44259782873318415 7.2503090687513296 231 231 231 0.69965927281004847 9 743 206 927 2 456 12 752 13 745
2094 -31.137283661973594 1.6105836335235906 7.104828731829814 41 41 41 1.7279133813333329 208 1706 206 944
2095 -31.121218907289233 1.3794191215496563 7.5254948040317293 41 41 41 1.3349639163682188 208 1709 206 946
2096 -25.995020519198849 2.2978787203142419 14.697320222798416 231 231 231 0.63780973162825205 13 605 16 364 17 354 18 286 19 227 206 970 20 236
2097 -46.732886894718433 -3.3066092494311361 8.7180097611683838 231 231 231 0.52365186034091682 16 469 206 999 17 489
1595 -8.6820534988843256 4.7291761818707299 -2.6665163625121009 3 3 3 2.032052733655394 11 555 208 709
486 2.6159546164430072 2.0682873504102437 5.857126116936243 69 72 84 0.91893270511179104 22 375 23 375 28 236
2136 -49.226204189624212 -0.13361037717872168 3.1144659999102462 231 231 231 0.76077714352753023 13 539 14 505 15 418 83 737 3 277
1599 -6.9079302017059332 5.3125650744747679 -2.5461216109815181 1 4 14 0.1044178992089654 10 232 208 743
490 -3.4361389792916119 0.60673304359374258 5.0858924096578715 0 0 0 1.0259877447583639 27 172 28 257 31 307
2140 -44.680828633736937 -3.4592070228537852 8.8424210707410182 59 62 72 0.43158128952652836 5 294 7 378 10 637 11 497 13 540 83 817 3 15 17 299
1883 0.68206638624980032 4.9528328898573948 -2.2972101336955424 110 116 133 1.1416374722975238 5 235 8 774 3 226 2 369
774 -11.580701583570869 5.3372255413392651 -1.5052825982722142 52 75 64 0.09406427035462174 13 324 12 154 11 161
1600 -7.9132749753872949 5.5466550668344778 -2.1992142835851825 27 29 30 0.047281885225802095 11 458 208 745
491 -6.9534429897677485 2.3588178958311201 10.763487013996558 59 62 72 0.47139338442904072 25 180 27 240 28 288 31 345 29 271
2141 -46.723115406168532 -0.99821032417039079 4.9979701336395745 59 62 72 0.41724500744900872 8 484 12 548 14 609 206 755 83 818 2 439 5 440 6 500 7 518 11 768
1884 -2.4283104786800966 6.1556778054327896 2.6532970360621793 60 64 74 1.1889165992277919 8 442 3 229 2 208
1601 -4.6093066420871418 7.5912509361557676 -2.7629573222282886 122 122 122 0.010616612713269989 7 160 208 794
492 0.67956406168790462 -0.29759884934467018 6.6895055109675035 129 129 129 1.9699555985486128 27 246 28 293 30 375 29 272 29 249 32 312
2142 -47.072536447264284 -1.5545000862601843 5.9765949423544775 59 62 72 0.42542352103769754 6 334 11 625 12 549 14 610 83 819 7 519 8 485 9 588 17 431 2 282 5 441
1885 -1.9062918412632743 6.180980514117949 2.3588797787632041 109 115 132 0.24093587675932987 6 269 3 231
1602 -9.2231378446661818 3.232197229641403 6.9603908703850808 130 130 130 0.11452319216926343 22 303 23 303 208 797
2143 -46.124765987728338 -4.3636268469776187 10.69984793296226 231 231 231 0.50063329676849422 9 424 10 639 83 820 11 628 7 381 12 550 13 541 14 508 2 128 8 187 15 423 13 409
1886 -23.180326464266418 3.5401444925978334 -1.6232950135442104 0 0 0 0.49921980952091732 5 458 6 514 7 686 8 645 3 288 2 459
777 -12.644462855512186 6.284987426806957 -0.68635576832283984 94 95 98 0.37562270548407151 14 330 12 176 208 335
1605 -29.557527390616762 -0.45086836902015748 8.3946705858372042 130 130 130 0.54409658188879617 14 40 208 849
496 2.0051211324511318 0.89682311919110513 6.6454323053154836 231 231 231 1.5567533140163932 27 274 28 323 31 374
2146 -29.323476519967528 -0.72194062479222432 9.1599483922290759 0 0 0 0.34838533249855724 6 192 8 210 9 288 12 260 83 841 3 147
1889 -6.7688943283618785 5.3214329767132238 -2.5208989719954777 21 28 42 0.14157700535484918 6 569 3 332 2 342
780 -12.940233785196753 6.4937588469925727 -0.68607553443962122 122 122 122 0.40863393179148616 13 145 14 332 12 179
1606 -29.451280966293485 -0.80316422353232042 9.0565328413869697 130 130 130 0.31895045319603771 10 92 16 117 17 94 208 850 11 59 13 46 14 39 15 66 18 121 206 67 83 748
497 2.6554936807557397 -0.44153387821615364 5.9850484333955363 231 231 231 1.2876995716708721 24 156 31 46 30 169 33 198
2147 -29.303216024366805 0.010178225996105702 8.7943212426857098 0 0 0 0.042177750343076359 206 616 83 844
1890 0.72218910226655442 7.2233959101375884 -3.1712410687033818 9 9 9 0.22100133888265339 5 395 3 359 2 209
781 -11.448214326540008 6.1728549302101214 -1.0452535131788567 119 119 120 0.10922555244355443 13 152 12 182 208 337
1608 -29.402781497659984 -0.97323665524019953 9.2524384309287147 130 130 130 1.2672675830040372 15 65 208 852 206 275 83 638 17 91
499 -2.811990513447665 1.0708027954830077 4.3870566200948495 236 236 236 0.032645935326951064 28 44 31 81
2149 -46.669245225265691 -0.26833683547235432 4.7106473729590297 0 0 0 0.0066730662093669978 206 832 83 889
1892 -2.2742524070427099 10.814474645806314 -4.420098059626806 9 9 9 0.047847822103567771 5 568 2 386
783 -11.540724317825322 6.4193178772647554 -0.86462143304368322 87 89 93 0.15573868356696857 13 155 12 184 11 206 10 230 208 348
1609 -29.525222630869926 -0.25650035758553097 8.5136272049002848 130 130 130 0.86815164358736252 13 49 14 41 15 72 17 100 208 853
500 -4.109651940480493 0.82999454032134956 4.825749298849412 8 8 8 0.033363483834794712 28 46 31 83
2150 -48.927603846195872 -1.5227912007257005 7.1343819318632473 0 0 0 0.30964459201023747 3 418 5 451 6 342 7 525 8 490 9 601 10 819 11 771 12 654 13 653 14 613 15 569 83 890 2 285 17 433
1610 -29.418014259105664 -0.12129120409368545 8.5721690618358544 130 130 130 0.57304416101579869 14 46 208 857 15 77
501 -4.109651940480493 0.82999454032134956 4.825749298849412 8 8 8 0.033363483834794712 28 47 31 84
2151 -49.837020737721417 -1.0355060429555691 7.5569101721141738 231 231 231 0.36757352483835487 2 452 3 424 83 892
1894 -29.466609199933856 -0.50272436752091754 8.8332121661973986 130 130 130 0.26615542172596807 8 513 9 627 14 627 17 446 3 434 10 664 7 540 2 463 83 995
2152 -46.649071872651689 0.18266185533710122 4.9820177788539519 231 231 231 0.48704706461151998 206 922 208 1539 83 893
1895 -26.888795271278173 2.6193135487295995 3.2499603500846779 130 130 130 0.40011407683616029 12 761 13 751 14 697 15 649 17 501 3 438 206 937
2153 -45.597256271227494 -0.38594153897968719 7.3242320708294404 231 231 231 0.45027897706365222 208 1671 83 895
1896 -26.082517040095375 -1.9068652418234808 11.957957398102433 231 231 231 0.38102242891197419 6 531 10 844 3 445
787 -18.427292849971483 -1.1983366637558581 10.172923134256067 231 231 231 1.0413781488736857 19 142 20 174 12 315 13 461 15 363 16 226 18 230 21 210 8 77 6 69 5 181
1598 -29.185910773232283 9.6718203282521156 3.6097488904391271 231 231 231 0.67563516002055146 13 317 14 323 208 731 15 402 17 364
489 -2.5597422257900209 0.66493198681595522 4.8701486912620338 0 0 0 0.98433334652471693 27 204 28 250 31 273 29 185
2139 -8.8978914693034667 2.9824862268651766 7.6269205795610668 0 0 0 0.13880880509914628 19 275 21 346 22 507 23 507
1882 0.68206638624980032 4.9528328898573948 -2.2972101336955424 110 116 133 1.1416374722975238 5 234 8 773 3 225 2 368
2041 -24.942638212882539 -0.2333238117949748 11.815104449183028 130 130 130 1.0274737429800107 14 68 17 33 20 120 206 319 16 69
2168 -26.734114302851477 2.4554892855102475 4.0130172133988715 0 0 0 0.31357808685841643 6 195 7 231 8 213 10 330 11 354 12 468 14 412 206 626 15 452 17 336 83 1007 13 452 208 1188
2109 -44.158607235448507 6.5189408234868127 8.4275008710759494 106 111 128 3.4031552367916817 17 48 206 90
2028 -19.419383896795708 -3.7946537160793605 0.50597717432734279 105 106 109 0.10305301683908707 9 19 206 235
1614 -29.242861177783617 -0.5470461123727669 9.1689705480047135 130 130 130 0.14871989762654655 15 194 18 126 208 861
505 -4.2043675634532391 1.242547862504078 4.351098356020481 67 67 67 0.53751273108751152 28 247 31 285 29 176 33 225
2155 -49.943370066851649 2.406972689690456 12.761621503741134 25 25 25 0.40955741407564933 5 489 14 705 15 589 16 445 17 453 83 917 2 486 3 455 6 541 7 704 8 655 9 773 10 854 11 808 12 683 13 759
1898 -4.6553870099907648 0.92119006501626355 4.9544479920432876 222 222 222 0.51156218959706057 5 631 6 781 3 471 2 503
2040 -25.132448431494584 0.20243497465589408 10.893841781941799 130 130 130 0.65327615745364886 13 79 208 1255 206 314
1626 -26.99034143375275 3.8768758014949531 2.2845012787092416 130 130 130 1.2357417241159554 13 227 208 889 206 476
2167 -47.518530236673264 -0.28373018207751793 3.9688578471175515 59 62 72 0.72832381808046198 9 592 13 648 208 1380 83 821 5 439 6 499 8 483 12 652 14 680 83 884 2 278 11 627 10 638 15 687
1910 -2.0929829874268013 6.0121953538192079 -2.1076790446393994 231 231 231 0.11525641572071173 5 645 3 602 2 527
2108 -27.139962009231631 4.4011104339330576 1.7101884018190341 130 130 130 0.45207587206555805 10 144 14 268 7 71 13 70 15 228 206 486 12 308 208 892 5 51 3 38 83 955
1613 -29.31697644287118 -0.54391609240577765 9.1821032606919619 130 130 130 0.28297857012016991 14 44 16 119 18 125 208 860 12 74 17 99 15 193 206 281 83 643
504 -2.8993066798093983 0.78107642149551981 4.7712868571530018 236 236 236 0.36943776788825705 31 277 29 188 32 211
2154 -50.103247199486681 2.4054074961494774 12.832065868159225 25 25 25 0.30028304231442821 5 488 15 588 17 452 83 916 6 540 12 682
1897 -6.6573030796931825 4.4730936772052496 -3.0522030193302814 48 55 67 0.22063814759227432 5 614 6 686 3 458 2 484
1596 -8.9883532699795801 4.8341162279096999 -2.4126857468808316 78 81 83 0.056646377424089227 10 392 208 712
487 -3.1552325194708848 0.71762943377622379 4.912984449758599 236 236 236 0.16258772589281073 27 177 28 242
2137 -29.501201756571138 -0.71169241851359377 8.6250305170235233 0 0 0 1.2363427947401948 11 344 15 344 17 244 208 1171 83 747
2039 -24.983905044472259 -0.41849012015854964 11.699875297216273 130 130 130 0.80599657675117464 17 31 206 309 16 67
1625 -26.684177026740599 2.5213751025422861 4.2151929875541363 130 130 130 0.67619587511844692 13 215 208 886 206 298
516 -3.5676673179405789 1.0833543174337854 4.4366041340486913 0 0 0 0.37032167174996139 26 172 31 359
2166 -48.630286023995318 -2.302887568468297 8.1382842659579193 59 62 72 0.26387173194603369 2 766 3 783 5 833 6 917 7 988 8 879 9 1028 10 1128 11 1084 12 944 13 922 14 875 15 753 17 618 83 1108
1909 -28.891600057190178 9.2161980316986707 3.491806362380351 0 0 0 0.7848646614325846 5 518 8 744 9 879 3 587 2 583
800 -7.6944222524149488 4.2994567096392373 6.0978965583353526 59 62 72 0.0089707291093711269 13 353 12 424
2107 -48.062396775119552 -8.3744983243088367 10.364061570961034 0 0 0 1.1450929158663616 3 781 7 1013 8 906 9 1095 10 1127 11 1083 206 1120 2 790 5 832 6 953 12 960 13 943 14 872 5 867
1594 -6.6900571755365208 4.2741559411873453 -3.2245580596647128 78 82 89 0.027023140133427354 10 386 208 704
485 2.8830834529889859 0.93823478864662868 7.2340471371384574 66 70 81 0.85859130392290228 25 174 26 72 28 233 31 261 191 306
2135 -46.201002616971174 -5.6465120045390869 11.875720232250778 231 231 231 0.5454213511294681 7 516 9 587 12 542 83 736
2037 -19.529541784269743 -3.2544592820484035 9.1939640238036624 88 91 99 0.2065030155434128 19 46 20 78 206 263
1623 -26.82599621617986 3.0442876069053737 3.4854058554917491 0 0 0 0.059837884916419407 10 343 208 883
514 -2.8467728229598377 0.96357278903056764 4.6139548462903193 0 0 0 0.20984502198038457 28 297 31 354 29 267 33 355
2164 -29.58560462552888 -0.80303375167688529 8.2965487217124778 130 130 130 0.30490468304161727 206 851 83 1049
1907 -3.727189205033818 1.1087490475399571 4.3190160068586705 222 222 222 0.15397974357633376 5 632 6 701 8 746 3 585
2105 -46.267509639187409 -0.85792257366661806 5.5971109501666003 59 62 72 0.97952064315298937 10 1101 11 1043 206 1111 2 733 3 735 5 790 6 916 7 987 8 878 9 1027 13 925 14 852 15 755 17 602 83 1110
1593 -6.6900571755365208 4.2741559411873453 -3.2245580596647128 78 82 89 0.027023140133427354 10 385 208 703
484 -2.1670567288786944 0.67250201725289749 5.029974837152646 236 236 236 0.62212926738303731 27 168 28 137 31 292 28 239
2134 -25.234420720835665 3.3969525423846902 1.9268642385307582 0 0 0 0.61113967773487121 13 62 83 712 15 93
2036 -47.342693424595282 -5.8122895000250896 12.358814141073575 231 231 231 0.36563764023631995 13 0 206 248 17 0
1622 -26.708140555752699 2.6304992801823177 3.9576295502587779 130 130 130 0.21075902207708658 7 65 8 52 11 355 13 213 208 881 10 120 14 250 83 858
513 2.3112097199809938 0.28673639460233391 4.7070205012173103 80 84 97 1.2220456792183405 27 257 31 349 29 261 30 360 191 413
2163 -45.184145743486553 1.3755652599002444 2.9762285467705873 231 231 231 0.24307217782173038 208 1859 83 1038
1906 -2.0593725420187416 -3.1437054068116095 2.3679825606533811 231 231 231 0.18389779588692517 8 697 3 541
797 -11.526812269181367 6.2447309756072826 -0.9701331566710123 123 123 123 0.2379978862643484 13 515 12 411 11 450 208 744
2104 -46.395849846086165 -4.7987634349461512 12.105019123179474 59 62 72 0.94981472291112246 15 737 16 530 17 601 206 1109 18 442 83 1093
2034 -19.424890152184663 -3.7551886459588739 0.59321850761075601 70 72 79 0.13486587149645604 9 25 10 11 206 241
1620 -26.79898407666634 2.8826692892825254 3.5684916788666947 130 130 130 0.28038149288619574 7 64 9 97 10 336 11 74 12 283 13 216 208 878 8 51 14 415 17 337 3 34 206 465 83 935
2161 -41.210459491900643 -5.9447639542306234 12.597470909956046 231 231 231 0.41698053109036315 17 381 83 983
1904 1.0370382100998936 6.7236487437219381 -0.78997364659103819 0 0 0 0.54280447448280467 5 401 3 527
2102 -43.101895651628482 -4.636836254182569 12.58571178249748 231 231 231 0.41535124486993635 7 892 8 798 9 932 10 994 11 952 13 860 14 797 15 688 16 491 17 569 18 414 206 1092 2 639 3 635 5 682 6 764 12 819 83 1095
2033 -19.459797050676301 -3.6635081644625251 0.44619486390568697 69 72 78 0.15439692105880531 9 24 10 10 206 240
1619 -29.289785775479412 -0.32893318201140481 9.1143742474711456 130 130 130 0.16338856537145974 12 77 208 876 15 78 16 123 206 287 83 650
510 5.1663752409163264 3.3160603239480162 5.961449904120796 59 62 72 0.83739835226923032 25 192 27 237 31 314 30 335 29 253 31 338 32 314 191 332
2160 -48.501972355500357 -3.3404853190172021 9.0641290217158126 231 231 231 0.50704417560752346 3 415 7 677 10 817 11 770 14 679 15 637 83 982 2 446 6 503 8 488 5 447 9 734 12 749
1903 1.2001572944429115 6.5790292495844627 -0.79549243916355961 0 0 0 0.694943098199993 5 400 6 274 3 526
2032 -19.459797050676301 -3.6635081644625251 0.44619486390568697 69 72 78 0.15439692105880531 9 23 10 9 206 239
1618 -29.296147970612306 -0.32751258539779804 9.1212582515401746 130 130 130 0.15666247558722859 12 76 17 103 208 875 13 53 18 130 83 649
509 -3.01520586193323 0.81563813688482112 4.7332826228040403 0 0 0 0.028910775530566205 28 260 31 310
2159 -26.728082987634373 3.2655920607496132 5.0952544580796229 59 62 72 0.37197475129239077 208 945 83 962
1902 0.20928498550588367 4.2600233750382888 -0.82246240214954003 6 19 42 1.9191560638691048 5 551 3 509 2 524
793 -11.481183005066045 4.7205281032432254 -1.9341840237354286 123 123 123 0.12419476090290767 13 300 12 371 11 140 208 283
2100 -24.936870283220607 1.7724882174641692 14.605655161153853 122 122 122 0.35295694287275048 14 729 15 666 16 451 17 522 18 382 19 286 20 318 206 1014 13 771
2031 -19.418835338771025 -3.8563091246733174 0.60803892419805872 105 106 109 0.14235317457373736 7 14 9 22 10 8 206 238
1617 -29.367283411661255 -0.16205065329193874 8.8596961029453354 130 130 130 0.17756992220828194 16 218 208 872 17 105 83 753
508 -3.4372621766512257 0.62060313171859582 5.1261842079987492 0 0 0 0.25450907575044479 28 256 31 306
2158 -27.651329277755991 5.0760035927011522 0.97892380305184035 231 231 231 1.4504917002234365 208 187 83 958
1901 -1.2623579224816557 6.4084068145130759 -3.811851834917777 231 231 231 1.9640365691025334 5 548 3 502
2099 -24.936870283220607 1.7724882174641692 14.605655161153853 122 122 122 0.35295694287275048 14 728 15 665 16 450 17 521 18 381 19 285 20 317 206 1013 13 770
2030 -19.418835338771025 -3.8563091246733174 0.60803892419805872 105 106 109 0.14235317457373736 7 13 9 21 10 7 206 237
1616 -26.597572980859237 2.4895831016358132 3.8627092651454928 0 0 0 0.73052698867950583 15 354 208 865 10 117 17 255 9 94 13 56 206 458
507 -2.7100556799581201 1.1348056985405317 4.1602418084052362 0 0 0 0.50172774458795788 28 263 31 297 29 211
2157 -28.033092905068703 4.9780108807270143 0.82185619598176007 124 124 124 1.2855027320020707 208 880 83 942
1900 0.33604588237106064 5.5360779946212908 -3.769199198772228 59 62 72 0.14553757220613042 5 644 3 491
2098 -27.395422061873834 3.1708044082468163 3.0915600020671938 59 62 72 1.6083722946991603 12 828 13 825 15 692 17 551 206 1005 10 931
2029 -19.421043340774542 -3.7963659647326189 0.50611585051425667 105 106 109 0.15244218804851123 7 12 8 10 9 20 10 6 206 236
1615 -26.92906600338263 2.7484434542909422 3.5264974092895698 0 0 0 0.30499420717961717 9 93 13 212 208 864 12 83 15 213 17 256 206 297
506 -2.1276666193378069 0.706560532958457 5.1874173393810201 236 236 236 0.57831960942604743 28 136 31 291
2156 -50.412292095603988 3.61746228216189 10.819680760736214 25 25 25 0.54295794540473863 14 706 15 590 16 447 17 505 83 919 2 485 3 456 5 487 6 677 7 705 8 654 9 774 10 856 11 811 12 771 13 679
1899 -0.2190059079770498 -0.61647325765421734 7.8617873091070125 231 231 231 1.0451533710663714 5 760 3 486
1592 -11.295331280210041 4.658718052415753 -1.9665178549559037 94 95 99 0.13389367633602473 11 429 208 694 10 381 9 324
483 -7.0760978143528419 2.3051926878205191 11.473957628931519 8 8 8 0.27923902455186539 25 39 28 103
2133 -29.365453376421446 -0.25407710830751551 8.9928791701242012 0 0 0 0.019949832960279072 208 873 83 648
1591 -12.55932255855593 4.3654342051514554 -1.9356883416610229 124 124 124 0.29613254770520109 12 344 208 675
482 -7.0760978143528419 2.3051926878205191 11.473957628931519 8 8 8 0.27923902455186539 25 38 28 102
2132 -29.293872090405163 -0.54436083496004473 9.1651984340942754 130 130 130 0.31844741458602654 12 75 14 45 83 644
1590 -7.2801228490810415 3.703913881738953 -3.4535044657467737 67 69 76 0.019852667496407995 10 138 208 660
2131 -29.33977534637226 -0.8730907725750513 9.1366236884178242 0 0 0 0.42924392305735859 17 92 83 639
1589 -6.6044606739736418 3.5971333830698824 -3.664006398830133 122 123 123 0.01331334925657829 9 91 208 656
2130 -29.749369336092723 -0.81506649154802213 8.195610170432909 130 130 130 0.47065333662165448 208 847 83 636
1588 -7.7103098808148429 3.5955609772055594 -3.4345763492500021 70 72 79 0.14405716051131945 10 116 208 642
479 5.2195876877016447 3.210003079686969 5.8319932747744181 59 62 72 0.87995265202808559 26 6 28 12 24 15 29 105 30 187 191 26
2129 -29.749369336092723 -0.81506649154802213 8.195610170432909 130 130 130 0.47065333662165448 208 846 83 635
1587 -7.098920796740666 3.4327049963016911 -3.6565188185912754 10 21 44 0.091227753214444651 10 95 208 621
478 5.2195876877016341 3.2100030796869641 5.8319932747744101 59 62 72 0.87995265202803574 24 14 26 5 28 11 29 104 30 186 191 27
2128 -50.583299166001218 3.2467524689092992 10.588570829128209 231 231 231 0.87281582653240264 9 298 12 289 17 254 83 632 8 217
1586 -26.826427469919974 3.1813841332502886 3.4236995390872402 130 130 130 1.0604112312013068 10 130 13 228 14 256 208 619 11 79 12 292 206 470
477 2.4636786624036784 -0.40410381668025297 6.1292577400060484 59 62 72 0.89039740773086662 26 10 28 0 191 266
2127 -50.247254865992417 2.8050701451687718 11.202934150102426 231 231 231 0.16949983587626472 14 414 83 631
1585 -26.919839730661501 3.0463071058525544 3.3484962783276782 130 130 130 1.0748468874247898 13 219 208 608
476 3.6724731669013475 -0.32090119550421226 5.8908334575603778 231 231 231 1.1588264628572829 25 223 27 263 28 301
2126 -32.118501805411718 2.1428021453358386 1.031342761653115 105 110 127 0.72235349393610226 15 181 83 618
2125 -36.30958396616321 0.057677659433604617 6.629932225395728 217 217 217 0.18407687881675464 16 112 83 617 17 12
1583 -14.285002060676995 2.779339060319336 -2.5394877214182334 85 88 95 0.14785036457544265 12 31 208 571
474 2.9205075137373506 0.67273889289026179 7.355628854798101 8 8 8 0.48129850119914863 25 43 27 65 31 48 30 176 32 110 33 18
2124 -45.338977177811962 -3.1154367165357804 11.261796567913304 231 231 231 0.63669960496168043 206 420 83 595
1582 -13.52056335324745 2.72871737795387 -2.7221612260311603 98 101 106 0.11988563608764964 13 183 208 567 12 21
473 2.8178769789592137 0.65017201624072996 7.227520056891013 8 8 8 0.16868659350955628 25 42 27 64
2123 -46.770982770905 -4.2484602867155576 11.076138195772909 0 0 0 0.36254378412467347 206 416 83 585
1581 -13.520563353247439 2.7287173779538678 -2.7221612260311572 98 101 106 0.11988563608751938 12 20 13 182 208 566
472 -3.9844255724693909 1.1348475377963307 4.3697859648087585 236 236 236 1.8068909068658985 22 231 21 118 23 231 27 60 22 425 21 221 23 425 20 226 19 120 25 132 26 105 21 190 27 212 25 164 28 266 29 214
2122 -45.648775871070711 -0.47814338103335136 4.336503160552204 231 231 231 0.93776198003620448 15 429 83 582
1580 -5.703821481001663 7.5570708768318928 -2.5551576175648072 11 26 44 0.19352839836270147 9 213 208 377
471 -7.0348503504830706 2.3052503946752352 10.635127025248753 107 113 130 1.6166326802340922 24 339 25 233 27 279 28 327
2121 -48.024934147058715 -7.7632636717547525 11.478472766796795 231 231 231 0.55585784823339712 206 577 83 574
1579 -5.6804523334584109 7.5228689851394153 -2.5843792665836092 27 82 39 0.18075112698793147 9 211 208 373
470 -7.0348503504830706 2.3052503946752352 10.635127025248753 107 113 130 1.6166326802340922 24 338 25 232 27 278 28 326
2120 -76.271332276780228 4.5546243674560243 215.6874893396467 8 8 8 2.255073907354868 6 456 83 553
2119 -214.28943270776224 10.734418327522597 576.48495984219903 8 8 8 1.841266444191143 6 455 83 524
2116 -0.80751752682780675 0.017727918267790341 1.1504117051698683 0 0 0 2.0197809172799182 17 59 21 152
2115 -89.976257072092054 -1.1142299353721592 13.832902000577308 231 231 231 0.63110064685732614 208 1109 83 412
2114 -27.3605491110409 5.5044678313613051 1.4457665106134967 5 5 5 0.18791030769534273 15 394 83 135
2111 0.74157569825055136 2.3241354358960655 8.6566901408866581 67 67 67 1.5230531315825384 12 910 9 825 7 666 14 887 13 939 12 957 11 1070 10 1091
2106 -31.719286588944303 0.31722182996109016 7.7088808356573661 231 231 231 1.1510485816397416 208 1961 206 1116
2103 -46.01266376111397 -4.7642736718778922 11.969520461578744 59 62 72 0.50846217177630504 5 792 7 990 8 846 10 1103 11 1045 12 917 13 924 14 850 15 736 16 529 17 600 206 1108 6 880 83 1092
2027 -19.326990267828041 -3.9333642124357819 0.58230640406957135 73 76 82 0.25525387620079859 7 11 8 9 9 18 10 3 206 234
2026 -19.288352970597874 -3.7579167769719088 0.31665029729740457 72 74 80 0.20688428952621749 9 17 206 233 5 17 6 17 7 10 8 8
2025 -15.83302343723069 8.6345954452675429 5.2499103450443005 234 234 234 0.53767702145577378 208 789 206 168
2023 -24.071599323184607 1.395733854551962 14.041783890876992 214 214 214 0.45723588297160789 16 79 18 84 19 70 20 129 206 99 21 137
2020 -19.506040773402653 -3.3461039874200322 9.1275700483230224 21 35 60 0.21130166916321372 19 45 20 115 206 60
911 -12.614100112105099 4.4348415851682317 -1.8123575667006488 123 123 123 0.13054350097942158 12 590 13 703 11 542
2015 -23.981831595141475 -9.2365418313191654 5.7693711951399305 2 2 2 0.37905655441683667 3 618 5 665 6 745 7 788 8 700 2 619 9 829
906 -17.91112248207153 9.1235648515870338 1.2319052593958104 139 139 139 0.37367880832794875 14 488 11 464 10 437 208 1014
2013 -24.027782763479472 1.0800528465930641 -3.2432718251097032 0 0 0 2.5103318768774119 5 430 12 815 2 419
904 -22.16433611645542 10.445979244526573 2.6178474541062848 231 231 231 1.0525196447660274 12 417 13 346 14 486 15 496 11 461 9 205 208 1017 208 1018
2011 -1.4558002079735113 4.1705906062785791 0.71899091100006041 94 99 114 1.1419204902889286 8 680 5 539 3 352 2 364 11 872 10 898 7 639 208 1070
902 -16.681077757910526 8.171584131845373 0.59877448983434545 0 0 0 0.1422020955067381 13 514 14 596 11 454
2010 -8.7277046860825109 4.8127248002261016 -2.4703742637521535 8 10 11 1.7299521920892438 3 321 5 342 2 167 11 1054 10 1072 9 943 7 841 8 738 208 1814 6 688 5 499
901 -17.587644527125111 8.2518312828514109 0.69860562856998976 0 0 0 0.32502689778938698 12 510 13 620 14 595 11 451 10 574 9 368
2009 -3.4739613172816339 -0.68789753848535851 7.4245681402706607 121 121 121 1.4946353340101433 10 1023 9 994 7 965 6 892 5 801 3 700 2 695 9 685 8 742 6 574 5 508 3 472 3 649
900 -13.720562216055256 5.1611202765228397 -1.1837794492489262 62 79 74 0.12495127723622189 12 493 13 499 11 433 10 387 9 149 7 106
2007 -6.7543773568077219 2.7862134096825333 -4.3284276961467016 107 107 107 0.32880441118325598 3 827 5 908 2 806
898 -13.889920082698287 4.9343769561791948 -1.2841326495726981 121 121 122 0.10073921973346017 12 364 13 493 11 427 10 185
2006 0.87931158126852138 3.9247237004003437 -0.92332677430959886 6 19 42 0.46785820562103919 3 752 2 746
897 -14.121796281792477 4.9577728242240919 -1.2405554780499528 56 72 68 0.092023294410171944 12 363 13 492 11 426 10 187
2005 -19.28605956076424 -0.82022419819654435 9.8795229320185598 0 0 0 1.3864710781767093 3 697 11 1052
896 -14.12153500192677 4.9571698576991334 -1.2408134953929502 56 72 68 0.091924340021109233 12 362 13 491 11 425 10 186 208 951
2004 -25.455037150900068 0.74699648989064726 -2.6419687553190965 56 57 57 1.2848626683665383 8 904 10 1155 2 731
895 -25.883022606893732 0.61491822622051084 13.079185085654251 105 110 126 1.2807062756242638 16 240 18 284 19 202 11 420 20 218 20 234 7 268 5 200
2003 0.02370426962381296 6.6558128981399802 -3.619067948585498 2 2 2 0.28219295827848806 3 604 2 708
894 -13.092368373996962 4.5521720160230066 -1.749878339490206 100 101 104 0.17892398382103117 12 348 13 274 11 419 10 375
2002 -0.55388096550996835 3.2647178518617204 -6.2841825159345834 231 231 231 1.1370803889328966 3 777 2 687
893 -25.233941515027436 0.4524722836625531 11.584058455512002 0 0 0 0.58715805665255116 13 263 14 289 16 236 17 273 19 151 11 416 208 1283 206 502
2001 -0.55388096550996835 3.2647178518617204 -6.2841825159345834 231 231 231 1.1370803889328966 3 776 2 686
2000 -13.53997456935261 -8.1284505842056891 6.8604277119006021 231 231 231 1.1214424024680836 7 1008 2 679
891 -25.002008508683307 -0.10257848631129482 11.744237342550564 0 0 0 0.37005050219310148 12 486 13 474 14 437 15 380 17 266 18 236 19 198 20 214 11 409 9 318 7 258 8 231 208 1603 6 88 5 188 3 180 2 56 206 659
1999 -21.804737584963465 -8.6588491531666847 4.8189814241899045 231 231 231 0.41328029515249759 3 683 5 738 6 875 7 942 8 835 2 678
890 -25.006265379877622 -0.015211769632758854 11.305448225546442 0 0 0 1.3319522024864829 12 325 14 277 11 402 13 84 16 138 17 123 18 158 19 102 9 133 7 98 8 229 5 187 206 317 206 656 19 150 83 952
1998 1.1929340078356265 6.6611241841762157 -0.88685745184748477 60 63 73 0.47769468350066785 3 718 2 660
889 -25.052065926326605 -0.029351685248669098 11.381972932739503 0 0 0 0.70921954733485659 19 149 11 401 8 228 206 655 14 435 83 951
1997 1.6713397731326973 2.5823358697068435 6.8247342596281593 0 0 0 1.3296601126371459 3 767 2 659
1996 -0.36007702644860412 7.1910112678038018 -1.0077365303928472 5 5 5 2.5570543201730542 3 717 2 657
887 -12.783276175325886 3.4054100138525927 -2.5258014308336549 72 77 89 0.13874691403268766 12 466 13 449 11 347 10 313 9 78 7 50
1995 -23.535953144448694 -2.6868143052009299 -3.0422377460111574 117 117 117 0.93908920918456962 5 739 6 819 7 872 2 620 6 876 8 836
886 -14.394885540594842 3.2727708073390449 -2.2597836022557121 63 74 93 0.1263438407688349 12 464 13 447 11 336 10 309 9 74 7 46 8 35
1994 -7.056880460395444 -3.3193013260179876 -0.21389910667074896 99 101 104 0.19595934292875519 3 613 6 816 2 617
885 -13.382220425076509 2.8738408698794697 -2.7957304039984852 52 59 75 0.14074564920033597 12 221 13 435 11 310
1993 -7.056880460395444 -3.3193013260179876 -0.21389910667074896 99 101 104 0.19595934292875519 3 612 6 815 2 616
884 -13.407899600766633 2.8157872299804425 -2.755970675976414 10 28 57 0.11249264774025532 12 450 13 431 11 309 10 291 9 54
1992 -19.728856079559424 -2.7121936648936753 -5.9688046450900663 122 122 122 0.24824722774134544 3 608 6 814 2 615
883 -13.407899600766633 2.8157872299804425 -2.755970675976414 10 28 57 0.11249264774025532 12 449 13 430 11 308 10 290 9 53
1991 -19.698893804530822 -2.7074564454702248 -5.9649736872128205 122 122 122 0.22160249232448892 3 607 5 734 6 813 2 614
882 -13.634670986316687 2.664788499870649 -2.7987953358207527 9 11 14 0.15067472076723826 12 445 13 548 11 300 10 53 9 48
1990 1.3302936280541275 6.8550925073004825 -0.77884536801184956 117 123 141 0.17013633077718349 3 606 2 607
881 -14.164878651903996 2.6037714956491209 -2.7408999146234416 4 5 9 0.072952568248539504 12 442 13 545 11 299 10 50
1989 -7.9369299911082507 3.1100649964390557 6.9095506108098279 130 130 130 1.415887034912283 3 658 5 706 6 789 2 590
880 -14.165567726864275 2.5013167143132722 -2.7649037025368282 47 49 55 0.20093011684458761 12 206 13 416 11 291
1988 -2.6779098588198873 0.68189744175243727 5.1457739535244595 222 222 222 0.1231249170721902 5 702 2 585
879 -3.9497635323525921 -4.3886868292584058 6.2167231181280078 8 8 8 3.5000297276385504 15 287 11 263
1987 -46.195764393981733 -2.2264617458880589 9.1956620653197785 231 231 231 0.77143539582204024 3 554 6 658 7 811 8 640 9 846 12 751 14 765 208 1783 2 560 13 815 5 453 11 778 16 471 9 740 10 823 13 741 15 642 17 493 14 687 206 919 83 984
878 -23.003023514019244 9.9608031504993129 2.7724734332997993 231 231 231 0.37112618250689627 12 410 13 513 14 477 15 495 11 207 208 1012
1986 -8.362960155308885 -6.2086986241203901 4.9594318052511115 231 231 231 0.66428419273461603 6 476 2 549
1985 0.54450327372479035 6.8626125538242411 -3.2891802162360548 231 231 231 0.14856607738565475 3 522 2 533
876 -11.236272827090081 5.4896120101853008 -1.4109087153684929 95 96 99 0.053589538433013117 13 329 11 172
1984 -25.35460568621097 0.07090269434395334 9.9331856842654052 0 0 0 0.27989852820633071 11 900 14 776 15 656 16 477 17 550 18 378 19 307 2 488
875 -11.408995988872267 5.2219905105841047 -1.6754205269452809 124 124 124 0.2028583427044082 13 318 11 159 10 393
1983 -7.9094849004794536 3.4490671833195541 -3.5267671211956753 77 80 85 0.10055695434189001 3 559 5 599 2 458
874 -13.925473585270241 5.1504677980440432 -1.1571992216475258 122 122 122 0.17013097295762253 12 375 13 299 11 145 208 960
1982 -11.809244324158627 2.7097550630640961 -3.1233847170673532 76 77 83 0.16064711201908888 3 411 5 443 6 654 2 438
873 -13.604973270896629 4.9948973882345511 -1.2307575307297434 117 118 118 0.18524026267665547 12 369 13 291 11 141
1980 -6.3541128909129254 15.298338566404363 -5.9417570043513459 9 9 9 0.018634649196138456 3 373 2 393
871 -13.764465911592916 4.9907926036901742 -1.2983539720211115 86 88 93 0.13762431995428107 12 367 13 494 11 138 10 189 9 145 208 953
1979 -2.5927381369282467 11.622361093079794 -4.7344665673134747 9 9 9 0.08905431942372935 3 374 2 390
870 -11.47322957019764 4.3706162206620709 -2.1519148391538883 111 117 123 0.14997608759346093 12 349 13 489 11 124 10 175
1978 -0.073947388753423215 8.9885309060873126 -3.8545777489340409 9 9 9 0.052334872411377922 3 372 2 388
1977 -12.821970601618103 -0.9421063710838764 10.189388642856633 231 231 231 0.42299336809046284 9 669 2 341
868 -24.911219452084918 0.10279116426465991 11.695884436285413 130 130 130 0.36484348782732917 12 116 13 259 18 160 11 113 17 126 20 177 16 146 19 105 10 174 208 1278 83 790
1976 -25.025072729560144 0.24148074843456785 11.347323038961035 130 130 130 0.046547344340794161 8 379 9 466 2 331
1973 -6.8086602485063574 4.298433309691891 -3.2135946514165035 52 58 69 0.29362728783200837 3 310 5 482 2 313
864 -24.958479791145312 -0.024440921489084871 11.620463746445486 0 0 0 0.34406370763966554 12 111 14 71 17 34 18 81 11 109 16 142 10 168 208 1270 83 786
1972 -6.7705463722644277 4.014615970021941 -3.3760245296259872 51 57 68 0.21184221439093234 3 440 5 468 2 304
863 -12.739289487250351 4.1972179946656327 -2.0015646275216255 85 89 95 0.079766174709738027 12 124 13 271 11 108 10 161 9 127
1971 -6.3650016709877955 3.6631619059805236 -3.6371880571168691 6 19 43 2.0298563002378898 3 291 5 314 2 295
862 -25.007733336410006 -0.14682102598021168 11.557543294378371 130 130 130 0.34571049618473298 12 107 14 67 15 107 16 232 17 121 18 156 20 176 11 107 19 148 19 100 9 137 83 782
1970 -47.581063631965357 -3.4256866495952671 1.7994158597637702 62 62 184 0.76132223192421156 11 613 12 531 208 1523 2 268 5 279 7 363 14 605 15 500 8 323 206 826 83 882
861 -25.007924211503632 -0.14730551334081823 11.558382771205611 130 130 130 0.34403634188262538 12 106 14 66 15 106 16 231 17 120 18 155 11 106 19 147 20 175 9 136 206 315 83 781
1969 -47.52697475921488 -3.4324072439693758 1.7831291926131265 62 62 184 0.99897916035816348 14 604 15 499 208 1524 2 267 7 362 11 612 12 530 8 322 13 373 5 278 3 13 15 165 10 30 206 825 83 735 83 881
860 -25.072718908675586 0.013766095437927785 11.291635147853235 0 0 0 0.3268466940515572 12 324 13 83 15 227 16 137 17 122 18 157 19 101 11 105 14 276 9 132 208 1263 206 316 83 785
1968 0.70267136228479132 7.2965925296337231 -3.2025786892128965 9 9 9 0.026634172722345525 5 567 2 212
859 -12.764079709969947 4.1373849980637116 -2.0181605488007897 122 122 123 0.18957591270300223 12 118 13 266 11 103 208 658
1967 0.70267136228479132 7.2965925296337231 -3.2025786892128965 9 9 9 0.026634172722345525 5 566 2 211
858 -24.855591819203131 -0.27632485756841663 11.578563183647855 0 0 0 0.69465090147895125 15 222 17 119 19 146 11 102 7 97 5 72 206 313
1966 -24.716210921678218 -0.23475778811618339 11.317566585512262 130 130 130 0.38898632308790154 15 377 2 172
857 -21.275193826028787 -1.3836949618562904 11.079541528622645 231 231 231 1.2909497023705436 12 94 13 66 18 74 19 50 11 89 16 61 17 25 19 52 10 150 12 97 11 92 9 121 8 74
1963 -29.610231620286012 -0.59220493764719484 8.510919728074489 0 0 0 0.37603264535777914 7 225 10 316 11 342 12 255 13 446 14 530 2 142 15 443 17 324 16 294 18 275 206 609 83 840
854 -14.155459272186626 2.8437970543933644 -2.582710962136459 85 88 93 0.15194488170525369 12 34 13 191 11 26
1962 -6.6188553495882472 3.5556629605026777 -3.7833435402910776 6 19 43 0.54651016602558355 3 289 5 307 2 137
853 -13.670929634613277 2.8096064196001729 -2.6418790713518794 17 23 36 0.22512168314021103 12 32 13 189 11 25 10 59 208 93
1961 -3.4888120739425661 -2.528652470190055 2.7611296583930938 41 41 130 1.2023329848160684 5 141 2 119
852 -14.005256280931944 2.8171485642220273 -2.6422157622205131 82 86 91 0.091321709951942165 12 29 13 188 11 24
1960 -4.8061012051543504 -2.638540515557978 -0.071195114323931732 112 85 34 0.53689963467361246 6 144 2 104
1959 -4.8061012051543504 -2.638540515557978 -0.071195114323931732 112 85 34 0.53689963467361246 6 143 2 103
1958 -4.8741172696317383 -2.2810117155330065 -0.65316627122119464 113 85 27 0.48346833292536395 3 94 6 142 2 102
849 -24.717107793539899 0.35746831223760583 11.998087191559263 130 130 130 0.43660295298012902 13 696 14 646 15 541 16 398 17 460 18 314 19 253 20 272 12 701 11 675 10 700 9 663 7 581 8 555 5 501 3 463 206 877
1957 -4.8741172696317383 -2.2810117155330065 -0.65316627122119464 113 85 27 0.48346833292536395 3 93 6 141 2 101
848 -23.939079186424433 1.1294506542908493 12.971691105421707 231 231 231 0.74893312827338976 14 566 15 474 16 326 17 350 18 285 19 203 12 491 13 600 20 235
1956 -7.2156288128142752 -2.6800942778663459 -1.1691316469810122 71 74 80 0.18563070899645165 3 90 5 117 6 288 2 100
847 0.71790130418940146 -0.18717516528861622 7.1093872815554553 67 67 67 0.4401157511973377 14 892 12 978
1955 -7.2156288128142752 -2.6800942778663459 -1.1691316469810122 71 74 80 0.18563070899645165 3 89 5 116 6 287 2 99
846 -15.135479221053787 8.6670539156965027 1.4878934613080788 0 0 0 0.42821803889327875 13 956 14 891 15 772 12 971 11 1094 10 1138 9 1073 7 998 7 1023 8 886 6 926 5 841 3 747
1954 -7.2922084271322545 -2.5966627972779355 -1.3163748316162933 72 74 80 0.21748907570117976 3 88 5 115 6 286 2 98
845 0.77960546806155662 -0.31348309873264851 6.9610140203123212 67 67 67 1.6084998729329605 14 796 12 937
1953 -7.2922084271322545 -2.5966627972779355 -1.3163748316162933 72 74 80 0.21748907570117976 3 87 5 114 6 285 2 97
1952 -16.394315247231113 -9.1684555777363368 5.3954820475926226 231 231 231 0.046594304150838928 8 154 2 96
843 -19.792987149913024 -1.7482498074239186 10.42699091569054 102 102 103 1.1762098510078467 13 899 14 855 15 739 16 533 17 606 18 434 19 353 20 380 12 925 11 1051 10 1106 9 1033 7 960 8 852 6 886 5 798 3 744 2 740 206 1128
1951 -7.165979112853325 -2.7663803882480127 -1.15996279897958 104 106 108 0.2043746928757707 3 86 5 251 6 283 2 95
842 -11.108184052909396 6.0103439055033139 -1.1735207413634099 124 124 124 0.16126886457439127 13 912 12 902 11 977 9 881
1950 -7.165979112853325 -2.7663803882480127 -1.15996279897958 104 106 108 0.2043746928757707 3 85 5 250 6 282 2 94
841 -11.207696631461319 6.0544517018305255 -1.1800041678583042 124 124 124 0.26083157849558647 13 911 12 901 11 976 9 880 208 1819
1949 -7.1601189962290439 -2.7045931286748814 -1.2586227487096198 104 106 108 0.18628207101464114 3 238 5 247 6 464 2 93
840 -11.802879583960811 5.9440538374749599 -1.1163139411847953 124 124 124 0.062682027474381119 13 879 12 847 11 919
1948 -7.1744262801613754 -2.8727507998717163 -1.1647588817999437 73 75 81 0.1885559639603169 3 235 5 245 6 279 2 89
1947 -13.138215378226898 6.0624540423800761 -0.88482632969859798 90 103 95 0.32564593306328066 5 85 6 231 2 64
1946 -25.377242142204064 -0.33069900402472258 11.772880566536683 0 0 0 0.56580289038044684 13 78 15 219 2 52
837 -11.587072902851212 6.1100595929074872 -1.0451740322561822 65 100 73 0.26631013865431363 13 849 12 790 10 884 7 603 208 1612 6 418 3 203 2 68
1945 -29.201194516825232 -0.4224156106070891 9.3252175159242121 0 0 0 0.57064123224052077 9 291 10 325 11 521 12 467 13 569 14 533 15 448 16 354 2 36 7 230 17 391 18 307 206 764
836 -11.587072902851212 6.1100595929074872 -1.0451740322561822 65 100 73 0.26631013865431363 13 848 12 789 10 883 7 602 208 1611 6 417 3 202 2 67
1944 -7.8111239147024492 3.6763273516613348 -3.4543685644094664 54 57 67 0.071056326200145264 3 29 5 157 2 32
835 -0.084833155141376793 0.043535267549664809 0.36485400560945058 0 0 0 0.080566677819185945 14 247 17 470
1943 -7.0777618805712255 3.5917740193010772 -3.556271944540998 47 51 62 0.16407637352165352 3 138 5 308 2 31
834 -11.813419834730528 5.2303572709560271 -1.5415270734563911 124 124 124 0.46731898741786354 13 841 12 783 11 847 10 872 9 675 7 589 208 1734 5 197
1942 -36.443987942987285 -3.7416736490400262 11.99819939108237 69 73 85 0.96777452156826338 7 203 9 264 10 299 11 313 15 433 2 26 18 274 13 427
833 -12.543522126617138 -0.20593453263902842 10.181458094474573 231 231 231 1.6914961717340169 13 833 14 777 12 778 11 837 10 715
1941 -7.209723516330901 -2.6575981166667004 -1.0713872023794753 104 105 107 0.18370518595186297 3 92 5 120 6 289 2 8
832 -21.820326005154858 -1.7087675351419271 10.808668967579656 231 231 231 1.8735178460943518 14 701 15 648 16 473 17 498 18 375 20 340 12 768 13 757 11 803 10 850 7 554 6 379 3 312 3 449 206 1062
1940 -7.3245864005335575 -2.5044630150289291 -1.343869536410611 102 104 107 0.156345127511268 3 8 5 11 6 139 2 6
831 -17.741212157455951 9.2103428926130437 1.2596294501648297 140 140 140 0.29090509995276043 13 803 15 677 12 738 14 794 14 761 11 868 10 888 9 698 7 616 8 413 208 1746
1939 -7.130784837814824 -2.8029793608888607 -0.9490077137673868 79 82 87 0.17663682029851688 5 118 6 135 2 5
1938 -7.1100242308973591 -3.3253200857296559 -0.20106210038991978 100 102 105 0.18389161969357518 3 5 5 10 6 137 2 4
1937 -7.1100242308973591 -3.3253200857296559 -0.20106210038991978 100 102 105 0.18389161969357518 3 4 5 9 6 136 2 3
1936 -1.3118929826904722 6.5745504466854081 -3.9245897515575825 2 2 2 2.083465266878723 5 816 3 754
827 -11.57223201925258 5.463458926984563 -1.478682255499989 124 124 124 0.34233158002211445 13 790 12 727 11 699 208 1479
1935 -23.572913701764517 -8.4551624125246843 5.8120749990945502 117 117 117 0.33655048556136513 5 666 6 748 7 873 8 705 9 833 3 619 2 621 7 792
1934 -26.958007927091558 4.3025858883905856 2.2788426925299623 31 31 31 0.27984539835462308 9 650 10 685 11 665 12 692 13 688 14 715 15 597 8 369 5 330 3 313 7 562 208 1575 6 380 2 319 206 870 83 1085
1933 -2.625775872873366 6.6093229990309394 2.2088620966648409 59 62 72 1.4602504361781572 5 917 3 836 2 820
824 -11.510168574027386 4.5747577272208355 -2.0128703665187913 124 124 124 0.079742026068388414 13 772 12 707 11 830
1932 3.0116838152358141 2.8776435253123447 6.2401489439216107 117 123 140 0.39120343731313634 5 904 6 992 3 824
1931 1.772150785940825 5.7807148513797468 1.2489422672862269 118 124 142 0.96915094763221832 5 918 3 823 2 821
822 0.83664522456293644 0.55440504421714631 7.6014991067399791 231 231 231 2.2663728862955441 15 413 12 645
1930 1.0229695378224486 8.1226874938846922 -2.5979039988981576 115 121 138 0.041199144340886951 5 905 3 819
1929 0.80153271265934178 7.5650473779498748 -3.1044826171971978 231 231 231 0.50782566376497285 5 888 3 817 2 781
820 -2.3759380922204989 1.2304047837669443 4.0867065900995652 235 235 235 0.25348853951528993 14 677 12 642 11 744
1928 0.041636327004323896 7.3673001911014095 -3.6730742264611922 2 2 2 0.7523091221269701 5 883 3 793 2 752
819 -9.1324135514979758 2.8990927343018904 7.3580972509543434 130 130 130 0.088541317796549071 16 376 20 255 12 640 9 526
1927 -21.628456168874568 4.1322867854470928 4.143757283850813 0 0 0 1.2678537438617232 6 924 7 1020 8 912 9 1070 3 787 2 771
818 -9.2696277500764666 2.8471683029242856 7.6024953058696756 0 0 0 0.29374246709486557 14 588 12 638 11 735 10 767 9 527 7 459
1926 -19.515993609110058 2.1396463592235024 3.6930356024444513 59 62 72 1.6591034561689046 5 837 13 900 11 1009 12 886 14 831 2 739 15 740
817 -2.5628084479615989 0.55787010579542839 4.5854819983396666 233 233 233 0.045324451556403939 13 625 12 625
1925 1.6713397731327004 2.582335869706843 6.8247342596281539 0 0 0 1.3296601126371459 3 766 2 658
816 -11.579548464400352 6.0475280976074748 -1.0766278170093193 18 89 40 0.1716176380238103 13 618 12 615 11 572 10 557 9 355
1924 1.0444956508517482 -0.0076419564507766583 7.0244042706010781 231 231 231 3.0848414836285105 5 814 3 762
1923 -1.1911227669996876 6.3993078075157186 -3.7019123270269017 231 231 231 2.3902049864678983 5 849 3 756
1922 -0.85723213075995064 6.1539419995616482 -3.6507328504306469 231 231 231 1.3532916348403892 3 755 2 747
813 -23.114327708595326 0.66028357334647614 12.705022546938876 59 62 72 0.75047914260935267 13 599 14 565 15 548 16 362 17 416 18 318 19 226 20 274 12 593 11 683 10 707 9 485 7 585 8 564 5 355 2 187 6 558 206 964 83 1106
1921 -2.619972506808482 6.3093621811629932 -2.4094851093110354 59 62 72 0.63622850958658517 5 845 3 753
812 -23.114137186872558 0.66388767165614015 12.703660705558605 59 62 72 0.80920981497262257 13 598 14 564 15 547 16 361 17 415 18 317 19 225 20 273 12 592 11 682 10 706 9 484 7 584 206 963 83 1105
1920 -8.3500992040327713 5.0528220463987603 -2.4135994420657658 47 58 56 0.13388503476977293 8 913 3 745
1919 -7.9094913690689985 3.550370249931087 -3.6108639916537335 55 58 67 0.25397292786416087 5 836 6 920 3 741 2 737
1918 -7.9094913690689985 3.550370249931087 -3.6108639916537335 55 58 67 0.25397292786416087 5 835 6 919 3 740 2 736
809 -17.392609483092077 8.8355559128665409 0.99353914196880533 140 140 140 0.23187076039587604 13 520 14 600 15 497 12 522 11 460 10 240 208 1324
1917 -6.3226776910078408 3.202418334822402 -3.7706568629851498 6 19 43 0.25127320952560378 5 834 6 918 3 737 2 735
1916 0.5375358433458749 5.4928085168733984 -3.6886925895316818 59 62 72 0.42461579034123326 5 768 3 710 2 649
1915 -1.3297494632414455 6.1813954490047713 -4.1734190677336604 2 2 2 0.75717333974859091 5 807 3 706 2 647
806 -17.774969238102841 8.8103781316790464 0.97519258592222768 0 0 0 0.78567204901770538 13 630 14 673 15 630 12 519 208 1497
1914 -37.754546392036872 -4.8656631240116006 11.779089268053495 59 62 72 0.25843691858602597 5 752 6 840 7 955 8 847 9 982 10 1065 11 1002 12 877 13 894 14 826 15 713 16 511 17 583 3 694 18 431 2 689
805 -11.446469168429411 6.3524820623657634 -0.91977408178481712 124 124 124 0.12776995031488242 13 632 12 512 208 998
1913 -24.171621440838532 -6.6154707406817463 5.9547272321481328 2 2 2 1.3833888042625673 5 786 6 915 8 875 9 1023 10 1124 11 1079 3 688 7 986
804 -9.3183488783075781 2.2647775256681744 7.3385971328591264 130 130 130 0.7324377990333466 13 510 12 506 11 579 10 431 7 451 206 524
1912 0.74974672123572872 7.8317507220793683 -2.9922234679708275 5 5 5 0.52303571207654231 5 773 3 671 2 712
803 -20.657833613486964 -1.3935294582071902 10.535283212563822 231 231 231 0.6428770182092699 16 224 20 173 12 475 13 226 18 145 10 506 9 114 5 179 206 860
1908 -28.891600057190178 9.2161980316986707 3.491806362380351 0 0 0 0.7848646614325846 5 517 8 743 9 878 3 586 2 582
799 -7.0322974047479052 3.8803430270372452 5.5312432734146402 59 62 72 0.78260930507204496 13 352 12 423 11 476
1905 3.0766212633189078 2.619192153353028 6.1346321943909388 59 62 72 0.49293661766432334 5 655 3 529
1891 0.72218910226655442 7.2233959101375884 -3.1712410687033818 9 9 9 0.22100133888265339 5 396 3 360 2 210
782 -11.540724317825322 6.4193178772647554 -0.86462143304368322 87 89 93 0.15573868356696857 13 154 12 183 11 205 10 229 208 347
1888 -30.577985347263976 3.8934853068382056 3.7092943605747686 59 62 72 1.1326342328506536 7 556 8 527 12 685 13 681 14 710 3 309 17 509
779 -11.477260198486549 6.0362270311244854 -1.1218707873953133 122 122 122 0.17530697210155785 13 345 12 178 11 191
1887 -6.3753523847466136 3.6804928351227981 -3.5218104934272341 63 66 74 0.14138828680802545 5 315 6 360 3 296 2 297
778 -12.644462855512186 6.284987426806957 -0.68635576832283984 94 95 98 0.37562270548407151 14 331 12 177 208 336
1881 -5.717295643849698 8.1529640372187284 -2.6085327724802148 231 231 231 0.041586956847951551 7 640 3 224
772 -11.199746304609656 4.7634324902200937 -1.9339336243002969 103 104 108 0.05974076939538036 13 114 12 141 208 287
1578 -7.4202193220208015 5.8310660989784555 -2.1267169717877419 18 49 26 0.12006797884751925 11 228 208 360
469 4.5115852085717405 3.7357723338338489 6.3715198433297831 108 106 106 0.14902511038567018 26 214 27 267
1577 -7.4202193220208015 5.8310660989784555 -2.1267169717877419 18 49 26 0.12006797884751925 11 227 208 359
1576 -7.2521734270721208 5.7835837828888508 -2.1897387778454971 2 64 19 0.10320370460582212 11 232 208 358
1575 -7.2521734270721208 5.7835837828888508 -2.1897387778454971 2 64 19 0.10320370460582212 11 231 208 357
1574 -7.4366186340849598 5.7545217897987619 -2.1690872335511155 81 83 85 0.14425542272742664 11 223 208 356
1573 -7.5430719812052365 5.6239398485591749 -2.2280024711578346 25 28 29 0.18872068171883055 11 218 208 349
464 -2.2203248995358478 0.6660170743879219 4.8721743476197616 236 236 236 0.1771759170134968 25 177 27 220
1572 -7.5000603461794686 5.6004756299403926 -2.2509187292719295 81 85 85 0.10768509101443222 11 217 208 346
1571 -7.0095812907031814 5.3501773072505117 -2.4990262147360474 5 5 6 0.66186349690233381 10 233 208 339
462 -2.6975180154270531 1.1577851020828693 4.2091658212361933 0 0 0 0.048663612682949282 26 101 27 182
1570 -7.9403823516565213 5.3977099445438173 -2.2812114831618797 18 20 21 0.0096010723794671474 11 204 208 334
461 -2.8202201876970063 1.0440604832534841 4.3276447026100548 236 236 236 0.32698764658903795 25 125 26 98 27 180
1569 -8.0020641001327473 5.3685510706839397 -2.2838445850940183 59 67 67 0.0024839674717081692 11 202 208 332
460 -2.8202201876970063 1.0440604832534841 4.3276447026100548 236 236 236 0.32698764658903795 25 124 26 97 27 179
1568 -12.766828822937478 6.058617544872309 -0.86096438225073291 123 124 124 0.067879873800836543 13 332 208 319 12 167
1567 -11.656487453035895 5.5673646072439329 -1.3590010861221935 121 121 121 0.083584640692050807 12 160 208 306 13 139
1566 -9.0579359951314942 4.9313842778120458 -2.3578087134835313 19 27 22 0.041267348155676689 12 403 208 299
457 -4.2241054753343841 1.2834305769105492 4.3907109662083608 231 231 231 0.92958988051413638 26 26 27 62 31 147 29 177 25 134 30 234 33 226
1565 -9.2681533359898438 4.4751896256691763 -2.5752329745733054 11 14 14 0.20212807160140667 11 144 208 284
456 -6.9366699520838724 2.1729214367810914 10.982624033555341 8 8 8 0.62343140215402182 26 22 27 59 28 31 29 163
1564 -11.707003496816823 4.6460287100593671 -1.9278740524687334 90 92 96 0.052347042287818855 12 137 13 288 208 277
1563 -11.707003496816823 4.6460287100593671 -1.9278740524687334 90 92 96 0.052347042287818855 12 136 13 287 208 276
1562 -12.39894958248402 4.5712129723540391 -1.8180072081808738 91 92 96 0.10382036781099449 13 283 208 270 12 356 11 130
1561 -11.365288687611477 4.4626172549886416 -2.1016886381289042 112 118 124 0.2381176970833189 12 134 13 113 208 268
452 2.3531121293814956 0.16167293371029751 4.9919995574902618 231 231 231 0.62732019347297807 22 476 21 270 23 476 20 155 24 274 25 186 26 147 27 233 28 276 31 327 29 245 30 352 32 327 191 353
1560 -12.740441779972175 4.5409260534870466 -1.772133065645138 85 87 91 0.093607750125815334 12 129 13 107 208 263
451 -9.3638193564381762 2.1371579718806588 8.2241613711758408 231 231 231 1.1419523677766847 19 80 24 219 21 64 24 181 16 169 22 362 23 362 17 362 15 273 14 582 13 342
1559 -12.735078724987456 4.5385025594999551 -1.7700595043959533 85 87 91 0.023806307524254888 13 106 208 262
450 -2.3775658949452443 1.2244874185733616 4.0393744492361012 134 134 134 1.4577223071904144 22 429 23 429 25 181 24 267 22 457 23 457 26 139 28 261 31 319 29 209 30 287
1558 -12.801166098598072 4.2129618703960228 -1.9520105753357271 94 96 100 0.053799667826992754 13 97 208 241
449 -2.5565368386690266 0.68353266903191567 4.911163378485174 0 0 0 1.5832679277919832 25 179 26 81 24 203 22 417 23 417 19 231 24 263 27 205 27 222 28 251 31 274 29 186
1557 -12.620983832709181 4.1444415764315119 -2.0297254008633812 123 123 123 0.11082019348515421 12 120 13 268 208 240
448 5.9091789867676603 -0.0084383821738804581 7.1762250449099758 2 2 2 0.94321495841141223 25 214 26 199 24 334
1556 -6.9582216585620307 3.5345887733505976 -3.6279738582976937 15 25 46 0.2186217415009114 10 113 208 219
447 5.7613443602682448 0.0038269794318666166 7.0525353262424844 2 2 2 1.5445320961293856 25 215 26 200 24 333 27 256 28 292
1555 -6.9582216585620307 3.5345887733505976 -3.6279738582976937 15 25 46 0.2186217415009114 10 112 208 218
446 -9.007872059889058 3.0432140095706783 8.026149799156201 59 62 72 1.4652340621756281 21 368 22 526 23 526 16 463 17 535 15 626 14 755 13 800 12 801 208 1921
1554 -6.8742623716369966 3.4948389466780792 -3.6705838477598891 8 20 43 0.070370031946279166 10 105 208 208
445 -9.4704873378075334 1.8587249551001768 7.9730419233171386 231 231 231 0.719007484328958 21 378 22 539 23 539 24 327 16 499 18 400 19 332 20 358 17 575 15 701 14 812
1553 -12.877658064852278 3.8160820177132928 -2.1895279322791139 82 84 90 0.045956552662980342 13 252 208 192
444 -3.6639244429922724 0.68233792338563792 5.1561768462767352 0 0 0 1.0499146348104442 25 227 26 211 24 323
1552 -11.130307200703113 3.5548949444179092 -2.6898222691444644 94 100 111 0.059269240550926326 11 69 12 286 208 173
443 2.5201220505448703 0.86455851748414692 4.8296676407756678 231 231 231 1.2525112515420656 22 538 23 538 24 322
1551 -11.089498057557405 3.5146168684745263 -2.731410453255442 64 70 83 0.16084189307511787 11 68 12 279 208 172
442 0.027071994240404559 1.4452695207567801 3.5200359976449658 131 131 131 1.5260648204293077 22 530 23 530 24 306 191 315 26 174
1550 -11.480899604995047 3.1392479676674121 -2.8899124721768756 70 75 86 0.0024153356473774062 12 69 208 148
441 0.58273555847003566 0.71971861255731895 5.0742436529301154 231 231 231 1.1062392470149258 21 384 22 478 23 478 26 136 24 299
1549 -9.4702861330048016 2.1880162257965163 -2.0724568101874934 16 31 57 0.57490670619185025 13 36 208 147
440 -10.878858805776831 -0.2335112008047299 9.3093568582210668 231 231 231 1.1074071439538686 16 402 18 350 17 464 15 551 14 654 13 604 12 492 11 548 10 197
1548 -11.252242010133134 3.1076939757860345 -2.9361953724306527 16 31 57 0.21148251087485423 12 67 208 146 11 48
439 -9.6228524439410439 -0.36999076563647842 9.2275837053874437 59 62 72 0.57819289496917303 16 448 18 351 19 284 20 314 21 319 22 493 23 493 24 296 17 520 15 667 14 778 206 969
1547 -11.387143428340208 3.0126166942955859 -2.9048219553456729 16 31 59 2.6017981676775577 12 47 208 143
438 -7.1811274560689373 3.4612510662452873 8.2872991180154898 59 62 72 0.45241074934130399 20 311 21 316 22 466 23 466 24 292
1546 -11.94092855582479 3.0469988603711555 -2.8401004016055005 21 35 63 0.03379207944974133 12 56 208 135
1545 -11.94092855582479 3.0469988603711555 -2.8401004016055005 21 35 63 0.03379207944974133 12 55 208 134
436 -9.1094210286253006 2.7271172105760608 8.9884195391548047 59 62 72 0.33670820586492373 19 268 20 243 21 302 24 288
1544 -11.646353324766036 3.043303724215801 -2.9123297293153971 66 70 82 0.020000906268770144 11 36 12 52 208 133
1543 -11.646353324766036 3.043303724215801 -2.9123297293153971 66 70 82 0.020000906268770144 11 35 12 51 208 132
1542 -12.117273102046807 3.05824870189526 -2.8440790330082741 18 35 63 0.099027419461807667 11 41 12 54 208 131
433 2.8224143147401359 1.0285287815840398 5.2480685645121916 231 231 231 1.0703682915740127 26 137 24 280
1541 -12.117273102046807 3.05824870189526 -2.8440790330082741 18 35 63 0.099027419461807667 11 40 12 53 208 130
432 -9.4080612210435071 -0.13986477595143826 8.8309555044352184 231 231 231 0.53255945622045642 20 278 21 287 22 473 23 473 24 277 19 258 16 404 18 320 18 353 16 452 17 466 15 608 14 730 13 775 12 779 11 906 10 942 9 876 7 724 6 693 5 627 3 583
1540 -11.19349649020314 2.9409139588248876 -2.9527936577191292 63 67 78 0.06738786448905737 10 67 208 128 11 323
431 -9.3961852403916364 -0.14853243720506656 8.8214338935660077 231 231 231 0.2487062507897819 16 403 18 319 20 277 21 286 22 472 23 472 24 276
1539 -12.823699131277674 2.9222253607075546 -2.7269453972820967 66 71 84 0.020643402777991669 13 195 208 115
430 4.4930773122879533 3.6732444952060956 6.6251977170216909 108 106 106 0.54248264658908429 22 469 23 469 26 142 24 273 27 207 31 302 191 307
1538 -11.266412083608012 2.802939498038 -3.1417142310233439 4 17 39 0.1406884404842598 12 19 208 99
1537 -13.660796784976817 2.7488649824789597 -2.6619123373650821 88 91 96 0.24809308185739587 12 23 13 32 208 91
428 -3.423046898401366 0.63160871631612769 5.0849072028266784 0 0 0 0.65318838299915238 22 444 23 444 24 262 13 617 12 617
1536 -9.7595852665636738 3.4690855320450438 7.0498814839385986 130 130 130 0.9006167077798013 12 641 7 461 8 421 11 742 9 530
427 -9.3401170796221553 -0.38116497131036342 8.408795511143321 231 231 231 0.53984782042301394 21 265 22 439 23 439 24 259 20 180
1535 -3.3335364740080129 6.0693188172054482 2.4681921407123655 116 122 140 1.4490613566010992 8 957 6 990 5 880 3 811 2 777
426 2.685846891605292 1.0151239603632232 5.1436689738253092 231 231 231 0.79224591734272376 26 117 24 251
1533 -1.3450475719276354 6.9244109279686219 8.2613755329668344 87 81 78 1.0820809726891909 7 1036 8 944 6 971 5 890
424 -2.7084045692139767 1.1612196428714689 4.2531462217008622 0 0 0 0.13821442132632084 26 128 24 241
1532 -12.56541225995163 2.759571189485353 -2.979255615391402 5 19 47 0.55354054312947376 7 1062 9 1117 8 931 6 980 5 870 3 804 2 765
423 -2.7018862981567171 1.147232863991414 4.1998293758996113 0 0 0 0.70670288861616215 26 127 24 240 28 264 31 298 29 212
1531 -12.840801756982465 2.8045843893104649 -3.0114442290551229 5 19 47 0.30317423714390934 7 1061 9 1116 8 930 6 979
422 2.8309358605661337 2.7338046857081242 5.5845406004430052 60 64 74 0.44499974718664459 26 120 24 230 27 191 191 274
910 -24.885825386875172 0.30270948455396024 11.600689230079476 0 0 0 0.52586841452156696 12 488 13 478 14 441 15 388 16 322 17 349 19 200 11 541 20 233 9 468 7 262 208 1606 6 398 5 80 2 177 206 665 83 965
907 -13.178585516204953 3.3824521499624858 -2.4346941729420277 69 80 100 0.17533978890223609 12 566 13 570 11 518 10 312 9 271 7 47 8 39
905 -17.902771639850652 9.1115722303551347 1.2311852517190982 139 139 139 0.49259239503286673 14 487 11 463 13 158 10 436 208 1013
856 -12.405656856060908 3.4215823153975693 -2.5629184526353566 74 80 92 0.06939962021645775 12 267 13 450 11 62 10 91
757 -10.081066759473556 2.2924061572290291 6.1525675610471717 59 62 72 1.4866025352755012 15 771 16 550 17 626 13 953
741 -18.866300663133394 -1.4352793583782744 10.453505416570957 101 101 101 0.26626775912077094 16 309 20 210 13 237
728 -9.4645054007629579 2.703488106656271 6.5340090170233021 0 0 0 0.57146090718371012 16 370 18 328 19 235 14 584 20 301 21 304 12 508 11 719 10 751 208 1507 6 109 206 794 16 412 19 270
713 -9.8358733897192394 0.84481515460534706 8.0378186566849941 59 62 72 0.86630029350229643 16 514 18 418 19 339 20 368 21 398 22 546 23 546 15 721 14 834 13 905 12 928 11 1057 9 1038 7 963 8 807
655 -9.9319307303402802 1.0990897115750815 6.9542625144978132 231 231 231 0.59146812015017036 16 409 19 264 20 286 21 328 17 473 15 613 14 736 13 782 12 723 206 886
616 2.9450341778905109 1.1814051108922037 7.3692282934293321 78 82 95 1.9557217535630855 27 218 29 179 191 334
602 7.9534132387814456 3.7976667355743561 2.9986685997350628 129 126 126 1.1100517968135022 29 220 32 247 33 250 191 183 29 182 30 253 32 114 31 265
542 2.9283080097412668 0.67789827314590079 7.3636783715340615 8 8 8 0.4232218044601499 31 47 30 175 32 109 33 17
503 2.4674280243728846 0.73049541145081442 4.8448139104557333 59 62 72 0.26318834966255217 24 169 31 259
475 0.00015919402243902794 1.4274137580032176 3.5319248144485571 131 131 131 1.3190155657728193 24 329 25 208 191 382
425 4.7588625904444068 3.8213109949050379 6.9226540681959419 108 106 106 0.9828119613563524 22 438 23 438 26 107 24 246 28 194 31 69 29 167 191 218
420 -9.345522905118683 2.1305552341199934 8.2013381200217292 231 231 231 1.4351021122343004 19 81 21 65 24 220 17 363 14 583 13 343
1529 3.3366203472963352 0.89984296127660568 7.6058636465617262 231 231 231 0.48640363110598728 7 1035 8 923
418 -2.5473571692663697 0.68773390164180903 4.9661921509083848 0 0 0 0.12046450387225981 26 80 24 204
1527 -4.0564418831793034 6.4601456191232511 -1.8667007797466646 5 5 5 1.8374694404194949 8 892 6 849
417 -2.1801088799556916 0.67111685271818078 4.9951922566126488 236 236 236 0.59433377865242665 25 108 26 78 24 201
1526 -6.2938532607899909 2.8087462911070809 -4.8495322256983515 101 101 101 0.73217165539202766 7 1015 8 877 6 879 3 692
416 2.8260687368016484 2.6398126920771285 5.8807340902792316 119 125 143 0.70940258780088683 21 126 24 184 191 31
1525 -6.2938532607899855 2.8087462911070795 -4.8495322256983497 101 101 101 0.73217165539197415 7 1014 8 876 6 878 3 693
414 1.9580206146738568 0.53698963934888533 4.2312292953580801 8 8 8 0.88149437320721946 22 277 23 277 24 164 10 894
413 1.9580206146738568 0.53698963934888533 4.2312292953580801 8 8 8 0.88149437320721946 22 276 23 276 24 163 10 893
1522 2.8799500730958507 -0.007150385455617931 6.8796731710773829 231 231 231 0.37974435596510575 7 932 8 826 6 860
412 -3.8984439230933234 -0.63694443367980469 8.1448713363788965 8 8 8 1.9468148782763661 26 34 24 158
1521 -7.3178019589966619 5.2800925751506815 -2.5178554828172608 0 0 0 0.34493990360228532 7 964 8 806 6 778 5 620 3 577 2 493
411 -3.8215560199212404 -0.65308971552233608 8.0413747815716103 231 231 231 2.7778614437814317 26 69 24 157
1520 -14.996733042509796 3.1357389647400598 -2.3359631238936731 110 112 114 0.31547133581922016 7 959 9 1031 10 1129 8 800 5 685 3 556
410 -10.153233823525573 -0.57447211446549196 9.8188066876453792 8 8 8 0.39369636184152029 22 99 23 99 26 42 24 97
1519 -6.2757197372651454 2.7925474932517473 -4.8916215299767449 101 101 101 0.57820833998188692 7 950 8 795 6 758 2 425
409 -3.8826129241429497 -0.57583686675304568 8.0954136854641909 8 8 8 1.9273425511140956 26 36 24 83
1518 -6.2757197372651454 2.7925474932517473 -4.8916215299767449 101 101 101 0.57820833998188692 7 949 8 794 6 757 2 426
404 -3.0403588535754462 0.94262737028281451 4.5557052074598063 0 0 0 0.76357545598327092 21 272 20 241 19 237 18 332 16 422 26 159 21 335 20 296 31 317 17 485 15 563 14 667 14 752 13 521 11 728 206 522
1513 2.6118176656756487 0.40762999933566507 4.9820470155464802 113 119 136 0.71905684918791235 7 927 8 764 6 720 5 649
402 1.1563978632314718 1.0342368771427475 5.6180390706070442 0 0 0 1.6715702590813617 27 248 28 254 27 236 25 203
401 3.055778189084688 1.1838656235717731 7.9918532537575135 231 231 231 0.66291462596369155 25 226 26 209 27 275
1510 -6.6784492965765674 4.4885029355600263 -3.0488538381907921 60 65 75 0.14637070482475045 9 941 8 737 6 687
400 0.42635219413119113 0.40024335503496417 5.4928903242767984 130 130 130 1.7080229985740565 22 545 23 545 26 201 27 272 28 304 28 322 29 279 32 359
1509 -6.6200337578872626 3.5204037174988878 -3.6700666179887076 96 97 100 0.21266508011581778 9 937 8 726 208 1713 6 669 5 459
397 -9.2631191632432266 0.072924902454400434 9.7520792770743263 231 231 231 1.2075471860630749 16 481 18 384 19 287 20 343 21 322 22 495 23 495 26 180 24 298 24 309 17 555 15 698 13 839 17 523
1506 -2.156992234847062 6.2933337666331193 -2.5458395520144093 231 231 231 0.3099816077307696 7 761 8 685 6 717
396 -9.0638219518127361 3.1159241197010799 8.4673918530758705 117 123 141 0.92274932628029027 21 308 22 461 23 461 26 166 19 212 16 428 17 374 14 597 208 1847
1505 -1.981779041072453 5.8508750932922258 -2.1095630260170903 59 62 72 0.45521660498866157 7 760 8 683 5 541 3 353 2 363
395 -9.1277229736128547 2.9535472875125697 8.9057691251767874 117 123 141 0.76776321722763008 20 300 21 303 22 483 23 483 26 164 18 334 19 242 16 419 24 289 208 1850
1504 -1.4245969342756111 4.2032584774054786 0.50463537679562886 59 62 72 0.48513093984093053 7 753 8 679 6 601 5 536 2 200
394 -5.9377274441711716 2.3188415589679692 7.5714057837489799 231 231 231 1.0870968784254607 25 212 26 162
1503 0.80549184418442765 -0.36637358009328208 6.8768919646845488 67 67 67 1.2596699244217013 9 532 18 250 8 678 19 229
393 -8.6753602806599321 1.6408096880862257 10.633868707108169 231 231 231 1.0826187997187668 20 287 21 295 22 445 23 445 26 158 27 227
1502 -6.7620407676659751 4.3879682032276754 -3.1404532921669386 14 26 47 0.039219104363069739 7 838 10 1017 8 661
392 5.8759983031685934 2.0647092620050094 7.5121631185695206 231 231 231 1.1919162574704074 22 503 23 503 26 152
1501 -27.269668283474616 3.4754234033873046 1.913000200300927 130 130 130 0.33454314652964146 7 692 9 760 10 841 11 794 12 763 14 767 15 651 8 650 208 1693 6 673 5 605 3 437 206 947 83 1099
391 5.8759983031685934 2.0647092620050094 7.5121631185695206 231 231 231 1.1919162574704074 22 502 23 502 26 151
1500 3.4968293226713465 1.4607020274140525 7.6940394840827624 231 231 231 0.66764480875524579 7 672 8 624
389 -9.1477063037613586 3.0146707240420931 8.7086214258285182 87 81 78 0.63661918948347185 22 400 23 400 26 144 19 166
1498 -2.1564826145167872 6.5646828260044767 -2.5735891864110081 112 118 136 0.94246631691795713 7 863 8 611 6 617
388 -0.091857485859545535 1.3793460957981436 3.3333454535756175 131 131 131 0.057244362264982612 25 157 26 141
1497 2.838008028142188 -0.33123134162893797 6.2184100963150097 112 118 135 0.53430799773607374 9 539 8 604
387 2.9883201552305318 2.7129766142977587 5.9616923079541975 120 126 145 0.68239131861111668 25 154 26 126 24 270 27 187 28 249 191 308
1496 -27.634425204405773 7.0005897231077494 6.7586090038462752 0 0 0 1.6206862532696071 9 797 13 837 14 573 16 253 8 578 12 600 11 973 10 1020 5 513 3 477 2 510
386 -3.0574479051220727 0.94757356931776648 4.542493374608557 0 0 0 0.22415312001232388 21 250 25 156 26 125
1495 -26.884276072546196 4.2593700119701401 11.273803868463087 0 0 0 0.41519248458363173 14 569 8 576 15 479 5 511
385 -3.0574479051220727 0.94757356931776648 4.542493374608557 0 0 0 0.22415312001232388 21 249 25 155 26 124
1494 -8.3264374207989196 5.2343869704649144 -2.4333385935242529 16 18 20 0.67196878174356722 9 877 8 567 5 352 3 189 2 181
384 -1.5240096331613429 0.015094371763067634 0.52594335329731212 0 0 0 0.25183861813083769 20 89 22 385 23 385
1493 -25.006036304970671 1.096080661398493 11.239256668343209 59 62 72 0.17476585202334963 14 651 8 559 208 1738
383 -6.901727828589066 2.1655161946860724 10.424187771134109 108 113 130 1.1000380862682519 25 147 26 119 24 239 28 265 31 311 29 242 30 345
1492 -22.540558911848308 5.8310710599700437 -0.14290982335161537 0 0 0 0.07923718351838685 13 870 8 550 12 839
381 -9.2944128046738026 -0.13049284058371385 9.0451083334781277 112 118 136 0.5362431264476093 20 88 21 77 22 343 23 343 26 116 19 8 24 191 15 140
1490 -26.554642626207784 3.045970810754508 4.2467099405597262 0 0 0 0.4132127637540452 7 559 9 649 10 855 11 814 12 689 13 684 8 528 14 712 15 658 17 510 208 1581 5 329 3 311 2 163 206 868 83 1082
380 -9.2944128046738026 -0.13049284058371385 9.0451083334781277 112 118 136 0.5362431264476093 20 87 21 76 22 342 23 342 26 115 19 7 24 190 15 139
1489 -27.010342282324316 3.4889231696734209 3.2723154300580037 59 62 72 1.300306868989815 7 555 12 684 13 680 14 709 17 508 8 526 208 1568 5 326
379 -9.4694003387452454 -0.18134561581926598 9.0357500143850942 231 231 231 0.58233170080632102 16 162 18 177 19 109 21 211 22 341 23 341 26 114 20 127 24 235 17 174 15 267 14 457 13 498 11 551 10 395 7 278 8 251 10 535 3 200
1488 -26.62174061196993 2.8157142228554815 4.1401491924546585 0 0 0 0.41435013343182309 7 552 11 806 13 676 14 637 17 506 8 524 10 671 12 680 15 592 208 1570 6 372 5 320 2 311 206 861
378 -7.1387561252869043 3.1495305296991551 9.7675038166686985 231 231 231 1.4905103232918462 25 166 26 108 28 248
1487 -26.622279575921329 2.8160127921785607 4.1403298608223249 0 0 0 0.39335228243225367 7 553 9 639 11 807 12 681 13 677 15 593 17 507 8 523 10 672 14 638 208 1569 6 371 5 321 2 312 206 862
377 -2.6962494683356306 1.165794720270426 4.2244815840979779 0 0 0 0.43697794193682793 25 126 26 100 24 179 27 181
1486 -27.466936234638911 -0.08741676911303041 9.0575942722194043 130 130 130 0.65961793457841478 7 549 10 846 11 798 15 581 17 448 8 521 14 631 12 570 6 530 5 473 2 472
376 2.942939485972206 2.3191587004439009 5.565453087137926 59 62 72 0.70149815616766042 22 383 23 383 26 96
1485 -27.85485761418358 -0.081195870615491564 9.1593235153655979 130 130 130 0.82380746256526605 9 633 10 845 11 797 13 670 15 580 16 442 17 447 8 520 12 569 14 630 7 548 6 529 5 472 3 444 2 471
375 -2.8064171548287082 1.0021581686366117 4.4425582012562392 236 236 236 0.33373388780418156 21 225 26 94 28 243 29 194
1484 -26.77562662439113 2.6857732586048724 3.7209253418603363 39 39 39 0.38015727960279044 7 546 9 632 10 669 11 799 12 675 13 672 14 632 15 587 17 454 8 516 208 1559 6 528 5 317 3 301 2 307 206 857 83 1054
374 -3.0733498207688315 0.95507999533009191 4.5392331822760896 0 0 0 0.18448154790871585 25 122 26 93 28 246
1483 -22.963436893282886 0.98101859453574147 -3.4712242073076292 56 57 57 0.241176472513949 7 507 9 577 10 625 12 650 8 474 11 762 13 646 6 322 3 267
373 -2.7709352548963553 0.88211766348134191 4.6082527858250888 236 236 236 0.28203208537549113 20 140 26 91 24 213
1482 -3.2440150682488142 6.3499276670968534 2.8573497917119557 61 64 74 0.54758300053394093 7 479 8 441 6 446 5 237 2 207
913 -20.529368123203838 6.4055074067072697 -0.31317705261495332 29 29 29 0.24503829244808309 12 597 13 708 14 656 11 546 10 526
372 -2.7709352548963553 0.88211766348134191 4.6082527858250888 236 236 236 0.28203208537549113 20 139 26 90 24 212
1481 -2.6695249700044092 5.8600408891398112 2.5851361845576721 61 64 74 0.60269466834603669 9 721 8 440 6 445
912 -12.614100112105099 4.4348415851682317 -1.8123575667006488 123 123 123 0.13054350097942158 12 591 13 704 11 543
371 -3.1589185373891109 0.7345111528757936 4.9638474695979458 236 236 236 0.25746384837551339 25 114 26 83 24 207
1480 -13.567686734911153 8.7087074678212861 1.5167162103680927 21 20 20 1.0156290213334607 9 531 10 245 8 424 6 591 5 376
370 -3.1589185373891109 0.7345111528757936 4.9638474695979458 236 236 236 0.25746384837551339 25 113 26 82 24 206
1479 -9.2610943640540686 3.2290583152943677 7.2342960133686951 0 0 0 0.69880618488617341 10 776 8 422
909 -13.93382084644942 4.1848915219151088 -1.7634676332312007 53 82 64 0.23813242826740408 12 584 13 593 11 537 10 367 9 304 7 241 6 53
368 -2.1866453176934071 0.65151340586817907 4.8964504284204668 236 236 236 0.59889674569846862 25 107 26 77
1477 -11.52554528761455 5.1674061608203949 -1.640658248281762 82 95 87 0.3068694626376175 9 673 8 391 7 587 6 220 5 194 10 720 3 55 2 57
908 -13.929015151668917 4.182152918277108 -1.7641241136504475 53 82 64 0.34399018531539111 12 583 13 592 11 536 10 366 9 303 7 240 6 52 5 48
367 2.769435510337372 0.5911800022228948 7.1176737368849254 231 231 231 1.1104887022310277 19 173 26 70 24 193 28 105 191 212
1476 -24.63289898512852 2.4508527842418895 8.7723444007664657 59 62 72 0.90683619670465754 12 705 8 386 6 403 9 326 5 618 3 464 2 338
365 0.77764413367613283 -0.37109977038493192 6.7561574508939772 129 129 129 1.1209666775876808 22 340 23 340 25 102 26 67 24 188 28 253 31 329 32 246 30 277 33 276
1474 -28.309644492444853 3.8624769942554646 3.1952092715740354 103 108 124 0.38658067211867758 9 648 10 680 13 683 8 368 17 512 6 378 3 307
363 2.8296223547616526 1.2548535422745044 7.063465202981515 68 71 82 0.15574360045595934 21 198 26 47 31 153
1472 -6.5693111462251723 3.5846732737969376 -3.6454006541926964 89 91 95 0.16035819714147609 7 405 8 355
903 -17.397098641072315 8.8396456653454099 0.99382155933492122 139 139 139 0.26173820330907399 12 521 13 519 14 599 11 459 208 1323
362 -10.153233823525605 -0.57447211446549373 9.8188066876454183 8 8 8 0.3936963618415168 22 98 23 98 26 41 24 96
1471 -22.47597839278794 3.2423038121839967 -1.729149685517499 0 0 0 0.28105506082088083 10 829 12 755 8 346 2 132
361 -9.849086818128642 -0.51901636574576249 9.4920193194891329 8 8 8 0.69494497864458904 22 100 23 100 26 17
1470 -9.3425233482084362 1.4890906565231905 -4.8994563813867753 101 101 101 0.22592143376072288 9 569 8 319 7 354 10 608
360 2.5796364828003249 2.1523679470282282 5.5768147055020938 86 90 104 0.79959205380025433 22 235 23 235 26 4 24 151 27 24
1469 -9.2697672261910498 1.4840339878602109 -4.8739773578731285 101 101 101 0.38111743688567934 7 496 9 568 8 318 10 607
358 -3.5381174291356694 1.0616740924577188 4.370051000982766 0 0 0 0.86221384904367726 16 459 18 388 24 304 14 747 13 719 12 730 11 924 9 687 7 290
1467 -5.25910372311158 7.4753803817934132 -2.5972422482856397 27 82 39 0.17183574154845033 7 467 8 270
357 -2.2721901217083329 0.70028260935543951 5.21476750470248 0 0 0 0.45965268623522559 16 264 18 254
1466 -9.152924058053328 -0.38769732347241864 8.7486627320762196 59 62 72 0.65995246561119147 10 533 8 245 6 228 3 60
356 -2.1390063358958904 0.65904496092627662 4.8775394750768166 235 235 235 0.94133514012570385 16 263 18 253 14 674
1465 -24.740230453546459 0.57206526270219904 12.161266268736934 59 62 72 0.17572600621469442 16 237 8 238 208 1298 206 506
352 -7.3284661677645886 3.3378533863139705 8.6428750679989665 59 62 72 0.62944688165131946 22 484 23 484 25 201 26 177 24 291
1461 -19.320183817262272 -3.4885506913023465 9.1116633647602381 101 101 101 0.28786264598810207 9 263 10 298 11 506 12 218 8 193
351 -7.3286351064043611 3.2807677077629687 8.4127357454926024 112 117 135 1.0194710762210659 20 105 25 149
350 0.0093164774492831316 -0.098320877953406716 2.3854797227308824 2 2 2 1.7217108664284182 18 325 25 101
1459 -9.261777401003032 2.8055271868547953 -3.623984676975784 54 60 71 0.27007342787493366 7 380 9 597 8 185 6 24
349 -7.3034651590507238 3.1549334091546331 8.5131048907455664 111 116 133 0.44765892340931523 21 228 25 168 26 122 24 245
1458 -22.024952177893248 2.2548342769995036 -2.5100358688380422 138 138 138 0.071119368816952286 9 419 12 540 8 179
348 2.9278750739942576 2.3160637341798807 5.7085382685990123 59 62 72 0.58213935736598499 22 551 23 551 25 219 26 206 24 340 27 258 28 307 191 414
1457 -1.5251548639858616 4.4466767439761243 0.27267721538175838 106 106 106 0.15201030688066419 9 218 8 139
347 4.3005207551937206 3.5717687766211483 6.3657495338001633 108 106 106 1.2304977225846829 22 512 23 512 25 200 26 175 24 307 27 252 28 281 191 381
1456 1.5891020959055537 3.2176790826398749 -1.4192698037709508 231 231 231 0.28810773105126242 7 472 8 137
346 -7.2773508207756707 3.2827183559790254 8.2742323929453772 108 113 130 0.77803983981096958 20 262 22 487 23 487 25 195 21 282 26 165 24 272 206 717
1455 -5.3784442501015199 7.4777959999513275 -2.435080222159439 9 9 9 0.046686294972910894 9 381 8 132
345 -2.5339213342091358 0.68304352463363482 4.9194583183238505 0 0 0 0.92290646573299728 18 183 21 141 17 293 19 156 15 407 14 671 13 802 12 734 11 588 206 688
1454 -7.5369711497941205 5.82681499497152 -2.0887699291530959 67 74 71 0.071504373807724508 7 297 8 126
344 -2.3778713367448754 1.2255870858233811 4.0411210363459125 236 236 236 1.3457102636220424 22 430 23 430 25 182 26 130 26 140 24 268 22 458 23 458 27 210 27 226 28 262 31 320 29 210 30 288 33 298
1453 -9.8904213604856981 2.4928488078754021 6.3978928416439222 130 130 130 0.11314864963222089 11 188 8 124
342 -3.4456293587136542 -0.67807350335558247 7.1861871796526477 129 129 129 1.4459199152786399 25 172 26 146 27 247 28 305 31 366
1451 -7.2864254111942746 5.0053600730655603 -2.6711440212034012 20 27 41 0.093120147303030851 7 117 9 347 8 103
341 -3.2551444625077068 1.0389249635704103 4.5346762053254608 236 236 236 0.32261613127018718 22 422 23 422 25 160
1450 -26.704001389786058 3.9883978397634823 3.7239972778939507 59 62 72 0.34940183777194161 7 92 12 484 13 472 15 467 8 79 6 72 206 782
339 -9.2435521665961549 2.9371959808982657 9.0441719262572082 118 124 142 0.65979894671243033 22 371 23 371 25 148 20 187 21 227 19 164 26 110
1448 -9.9830511342923476 4.3001290376603087 -2.8746899430999937 3 3 3 1.0245969536906776 9 312 10 167 8 69 6 54
338 2.8218730018407436 2.72109295892011 5.819676864761786 82 86 99 0.40700739736344371 22 407 23 407 25 144 26 104 24 243 27 175 28 167 191 230
1447 -26.677233709264524 3.2766210926151489 3.7816792718430241 130 130 130 0.28344446204247897 7 78 9 116 10 351 11 379 12 302 13 240 14 422 15 374 8 68 17 344 208 1207 206 479 83 945
337 2.8263527104375497 -0.63336943135358592 6.0474205644992605 112 117 134 2.0798642338821933 21 325 25 136 20 346 191 186
1446 -26.960514534329889 4.0478826586474792 2.2393916953118551 0 0 0 0.72900652904813168 7 75 9 109 12 299 14 421 8 61 10 141 15 378 11 378 13 459 208 900 206 481
336 -2.3647980927768639 1.2465094206518157 4.0492550947438488 236 236 236 0.25755204891284811 22 374 23 374 25 129 24 222
1445 -26.669665863367886 3.0579214604545997 3.8416764883732135 0 0 0 0.39491227973949078 10 136 11 84 12 297 13 230 14 419 8 60 15 368 17 262 6 55 208 1202 5 55 3 40 2 40 206 302 83 939
335 -2.3647980927768639 1.2465094206518157 4.0492550947438488 236 236 236 0.25755204891284811 22 373 23 373 25 128 24 221
334 2.9265042771629481 2.9377225350627003 5.8451305535592555 82 86 99 0.4941601973715824 22 409 23 409 25 123 27 178 24 231
1443 -27.228078882007306 4.1297973542556061 1.5772229423253348 130 130 130 0.28075130643602542 9 100 11 364 12 291 13 222 14 418 15 366 8 56 208 863 206 473 83 938
332 6.526645256238675 0.26338022467975197 7.5125499371131346 2 2 2 0.89146344077900175 22 344 23 344 25 100 27 164 24 248 28 231
872 -13.999780068227937 5.0080878932253095 -1.1966561601630969 117 117 118 0.11786129474046421 12 138 13 286 11 139
331 -3.2672225919555844 1.0297012989607097 4.461795353511782 236 236 236 0.31452677285724845 19 43 25 40
1440 -8.4448796101430492 1.4748457464023554 -4.3290168818026968 101 101 101 1.5278482554100574 9 1113 7 1059 8 927 6 977 5 865
330 2.8327676889445179 2.7176208349695963 5.8402522201487983 82 86 99 0.37877513496394294 22 304 23 304 25 29
329 2.4348580412546639 1.8052549425658475 5.3908120951789193 76 80 92 1.2334668213185427 22 234 23 234 25 28 27 22 27 23 28 41 29 9 191 29
1438 -24.85926017356795 0.10703083418597446 11.484867943460467 0 0 0 1.1355407082782749 14 439 15 381 16 318 18 237 11 412 20 216 9 319 7 100 11 112 12 115 14 76 15 233 16 148 10 172 8 233 208 1272 3 179 2 54 206 660
328 -3.8264391199810865 0.11500511387361548 5.9335529858613363 231 231 231 0.51800342457372739 19 76 25 27 17 64 12 405 10 417
1437 2.8992673910723932 -0.040498382394144002 7.0238296153282169 231 231 231 0.97014787365849897 9 1106 7 1052 8 942 6 1000
327 6.5420771103543141 1.2205000836805131 7.4462947917516908 8 8 8 0.35245697615715776 22 291 23 291 25 11 28 2
1436 -5.7129882052055905 -0.31336573761140568 7.3076137459270853 231 231 231 0.89386513159694669 9 1119 7 1046 8 916
326 6.6840555963701407 1.2430900482666796 7.5682186269074307 8 8 8 0.067994978843158069 22 290 23 290 25 10
1435 -5.8615245413168084 7.5077042251835735 -2.5408274759119664 6 20 42 0.32485568885094029 9 1043 7 973 8 859 208 1883 6 848
866 -12.687921326445403 4.2436495409757438 -1.9593878634427675 122 122 122 0.40283868870388395 12 338 13 482 11 111 208 944
325 -3.5855970752075605 1.0817425268079046 4.3926762325190944 0 0 0 1.1971487947395119 19 239 18 330 16 416 22 423 21 251 23 423 20 248 25 183 24 286 27 228 28 286 31 299 29 257 30 342 17 480
1434 0.16954107283096795 1.5117369289361566 3.6900040853455498 129 129 129 1.1551468679656867 9 963 7 972 5 527 3 487 2 519
324 -3.5787765646191447 1.0756746853926729 4.3810775553779644 0 0 0 1.1342705851635151 19 240 18 331 16 417 22 424 21 252 23 424 20 249 25 184 24 287 27 229 28 287 29 258 30 343 17 481 31 360 13 624
1433 -4.3457593555821026 1.0553348270026157 4.6474122996738023 231 231 231 1.2510633190011702 9 1040 7 966
311 2.7522061845391468 0.60129062652933829 7.0715874974061261 231 231 231 0.49695912081202598 19 133 16 272
1420 -6.4113400659973703 3.1726693290416903 -3.9212196420898842 6 19 43 0.48588385607979984 9 987 7 894 8 715 208 1699 6 762 5 681
309 -2.8022141980135444 0.99609248401967998 4.4257992321922899 236 236 236 0.10108236260010305 21 226 16 267 26 95
1418 -9.9678492546263513 2.7860803885552547 -3.547939093259675 111 117 112 0.063655770857991539 9 929 10 1064 7 890 8 711 6 650 5 586 3 410 2 436
306 -2.8845010186316378 0.88218963784689408 4.6755340269915111 236 236 236 0.25692710489564208 19 123 16 260 25 118 20 186 26 89 24 211 17 296
1415 1.03327460481595 3.6971085317358545 -0.2326519855997142 115 121 138 0.39073551751228114 9 974 7 866
305 -2.8845010186316378 0.88218963784689408 4.6755340269915111 236 236 236 0.25692710489564208 19 122 16 259 26 88 25 119 24 210 20 185 17 295
1414 0.96822868841600218 3.649040294905233 -0.33505089159497664 115 121 138 2.5052757490603161 9 973 7 865
300 -3.7556849216275876 1.0688175293529922 4.3559450029449982 235 235 235 0.99855067794310126 19 360 18 436 16 539 17 612 15 744 14 861 13 933 12 930 11 1020 2 505 6 700
1409 -25.5333863491473 5.0273838963710187 0.34763636874496473 56 57 57 1.1791013417735392 12 834 14 801 7 825
297 3.003731320513165 1.6396146120758897 7.4413763865049347 76 80 93 0.65272634356821824 22 482 23 482 18 412 24 283
1406 -11.077373838452694 2.8726229841013748 -3.0842003747033182 3 13 38 0.21607441177201467 10 996 11 1005 7 809 8 714 208 1797 6 656 5 589 3 416 2 448
278 -2.3468401247627146 1.223967050506928 4.0223705877530183 236 236 236 0.039229097646790251 19 170 18 303
1387 -7.6827636342393699 5.6000346294952728 -2.2209117804705296 15 17 18 0.12632022686519154 9 692 7 605 8 405
277 -2.3907354834444861 1.2509366825617585 4.1125015190471732 236 236 236 0.45486015194844126 19 169 18 302 16 380 17 377 13 643
1386 -25.329062666607665 3.5239830467325501 5.2991435179573312 59 62 72 0.70133862430438443 10 697 11 672 13 695 17 463 7 577 14 649 15 544 8 552 3 323
264 -3.7526141974135405 0.56075019960247008 5.2400904406967834 235 235 235 1.762820386663472 20 182 18 247 16 168 25 140 25 188 26 155 24 196 24 261 27 223 27 249 28 284 28 285 29 265 30 370 32 354 14 581
1373 -9.7845292895094182 1.6898187924416339 -5.0201860498217226 5 5 5 0.47306193313724343 10 805 7 502 8 468 6 316 5 425 6 490 2 418
127 -2.8488540480900113 0.79554843439533707 4.7785194831514239 0 0 0 0.58924329663177488 22 396 23 396 20 223 19 159 16 338 25 143 26 85 19 119 27 189 30 308 17 185 14 484 13 524 12 416 11 457
126 -2.8440404982367951 0.79018043747635225 4.7722117755102955 0 0 0 0.95995770835383454 22 395 23 395 20 222 19 158 16 337 25 142 26 84 24 236 27 188 28 271 31 305 29 225 30 307 32 281 33 328 14 483 13 523
1235 -7.4678418846278136 5.5536496293627167 -2.2722725077853476 74 76 77 0.12153350036413596 10 759 9 514 7 448 8 261 6 237 5 89
118 0.11417500278498993 0.18029248379334301 2.7165494365770537 8 8 8 0.38688313180133405 21 180 20 148
1227 -11.540608779410958 4.3037977986733491 -2.1775449844054133 79 102 85 0.13095035657377019 11 676 9 462 7 248 8 220 6 60 5 175 3 35 2 37
110 2.5573921469861411 2.1333303889294277 5.650186022781317 59 62 72 0.48221374280733009 22 107 23 107 20 76 25 2 26 3 27 4 28 42 30 32 191 98
1219 -7.8232610312008015 3.426682869131124 -3.7513304613205967 7 20 43 0.37928920937618765 10 658 9 433 7 209
109 -2.8640294891784861 0.79988723353031754 4.7541151328173497 0 0 0 1.0280088721818639 21 117 20 74 16 96 16 99 26 58 24 172 31 238 32 210
1218 -7.6600485884950169 5.8299859784904262 -2.0640737486171443 3 5 11 0.23655307462641817 10 587 9 372 7 296 208 1006
107 -3.8750050383197912 0.082909541106594944 5.9945783474498704 8 8 8 0.99950207128502477 21 115 20 67 19 36 18 51 19 34 25 48 26 44 13 138
1216 -2.8385851891473521 0.81048611032175266 4.6541676172120274 0 0 0 0.39530561951745397 10 575 9 366 7 292
106 -3.8750050383197912 0.082909541106594944 5.9945783474498704 8 8 8 0.99950207128502477 21 114 20 66 19 35 18 50 19 33 25 47 26 43 13 137
1215 -2.9995179480867549 0.80134850606112396 4.6703168675043685 230 230 230 0.29127303888829803 10 566 9 362 7 140
105 -3.8695446727173306 0.076768494166185142 5.8808355389485616 8 8 8 0.70382221349552321 21 113 20 65 18 49 19 32 13 136 14 101
1214 -2.9995179480867549 0.80134850606112396 4.6703168675043685 230 230 230 0.29127303888829803 10 565 9 361 7 139
104 -1.0804210625668564 -0.034208867818712844 0.39095037551398854 231 231 231 0.25422688106527214 21 262 20 11
1213 -7.4906725738191238 5.458968110338879 -2.3176995582096578 16 19 20 0.048107991229165613 10 577 9 360 208 993
103 -3.4129585268422171 1.0201544895041612 4.4415995880892458 0 0 0 1.4318619358752234 22 550 21 402 23 550 20 375 19 344 18 438 16 520 17 590 15 745 13 913 11 1023 10 1029 9 954 7 847 6 783 8 748 5 699 3 650 2 580
1212 -7.4500338323481072 5.3999602468211991 -2.3684883736558446 79 80 81 0.60804510977962745 10 569 11 212 9 358 7 135 8 258 208 1313 6 234 5 87 2 61
102 -4.1883534354767402 0.89646420906386948 4.8903087748991458 113 118 136 1.6389710939889774 22 549 21 390 23 549
1211 -8.1577693068445623 5.454814078673321 -2.1516808155638505 2 5 11 0.087352770498551766 10 425 9 357
101 -4.1883534354767402 0.89646420906386948 4.8903087748991458 113 118 136 1.6389710939889774 22 548 21 389 23 548
1210 -7.683323963440932 5.2516200742930659 -2.4342514668764395 97 98 98 0.066263581137545866 10 561 9 353 7 127 8 116
100 2.6293904193983466 0.60626142263571958 6.6639809289154677 71 75 86 1.9141422454740249 22 547 21 393 23 547 20 376 19 350 18 430 26 208 24 321 25 225 27 271 28 321 31 382 29 278 30 384
1209 -7.683323963440932 5.2516200742930659 -2.4342514668764395 97 98 98 0.066263581137545866 10 560 9 352 7 126 8 115
93 -2.671266139812527 0.74583697563749629 4.8168589134325313 0 0 0 1.3183919009348679 22 537 21 392 23 537 20 373 19 343 18 424 16 521 25 218 26 203 24 325 27 265 28 315 31 375 29 283 30 388 32 367 33 386 17 591 15 746 14 862 13 935 12 933 11 1026 10 1078 9 955 7 912 8 749 6 784 5 700 3 589 2 581 206 1024
1202 -24.754908998015122 0.90184351315482914 11.575640476843622 59 62 72 0.81575985931287276 14 296 16 243 9 325 15 243 18 169 7 265 208 1292 206 509 206 674
92 -3.3692667081721042 0.75449474498791924 4.9564254521519056 0 0 0 1.4735632955882287 22 535 21 391 23 535 25 229 26 212 24 336
1201 -24.918000469310027 0.1590678181411076 11.900180313121338 0 0 0 0.37300783314409636 11 415 13 261 14 440 15 385 16 321 9 321 12 333 17 272 18 238 19 199 20 217 7 263 8 234 208 1476 6 92 3 183 10 372 2 178 206 664
91 -3.6730182034861913 0.63642998971587683 5.1931355750797454 236 236 236 1.7429916673511203 22 534 21 377 23 534 20 357 19 313 18 404 16 485 16 503 17 559 15 703 13 844
1200 -25.080419828334215 -0.23036759401938894 11.494306918590963 130 130 130 0.43381291298741864 11 539 12 483 14 433 16 317 9 314 13 466 7 256 208 1600 5 186 3 176 2 173 206 654 83 944
86 -2.7468536727654569 1.101708001960372 4.2584647981089452 0 0 0 0.89410967386980311 22 524 21 366 23 524 20 352 19 321 18 410 16 488 25 209 26 192 24 317 27 262 28 318 31 378 29 286 30 390 32 371 33 379 17 566 15 709 14 819 13 885 12 856 11 982 10 963 9 886 7 740 8 674 6 580 5 522 3 480 2 507 206 796
1195 -8.095236102255928 3.4886556468756944 -3.4847117282046804 97 98 101 0.0037207929979123089 10 496 9 277
85 -2.7066085717995603 0.96470427438243711 4.4635687155909656 0 0 0 1.3222726168951224 22 521 21 382 23 521 20 364 18 409 16 508 25 220 26 204 24 315 27 268 28 316 31 377 17 580 15 727 14 841 13 914 12 934 11 1027 10 1030 9 956 7 849 8 750 6 703 5 634 3 481 2 508 206 1025
1194 -10.192610423954957 2.6758864938877864 -3.5411291510203164 114 115 115 0.12677711231760244 10 476 11 632 9 245 7 20 8 16
84 -3.1675724081696059 0.98677473851741448 4.5393091228526821 236 236 236 1.1718127135709813 22 520 21 381 23 520 20 350 19 319 18 408 16 507 25 222 26 205 24 326 27 269 28 317 31 379 29 287 30 391 32 372 33 388 17 561 15 706 14 817 13 883 12 905 11 979 10 958 9 884 7 737 8 672 6 576 5 520 3 479 2 350 206 889
1193 -10.222771220305976 2.6048332691510168 -3.5343248241792158 15 25 45 0.42874853826577125 10 473 11 621 9 243 208 1144
