residual_evaluation_index,source,solver_iteration,solver_nfev,elapsed_seconds,robust_cost,reprojection_rmse_px,mean_reprojection_error_px,maximum_reprojection_error_px,parameter_step_norm
1,initial_diagnostic,,,0.0666068840000662,65961.18338925915,18.798529299777382,10.67441089998473,179.16553791617164,
2,solver_residual_call,,,0.13184215300134383,65961.18338925915,18.798529299777382,10.67441089998473,179.16553791617164,0.0
3,solver_residual_call,,,0.19734706100280164,65961.18341807416,18.798529353693013,10.674410893254205,179.16553791617164,2.9204854978814865e-08
4,solver_residual_call,,,0.26036037800076883,65961.18360959511,18.798529335427347,10.67441092672341,179.16553791617164,3.278670705116082e-08
5,solver_residual_call,,,0.3229206910036737,65961.18360380184,18.79852932775171,10.67441092570506,179.16553791617164,2.1073424255447017e-08
6,solver_residual_call,,,0.3875770980012021,65961.18349835082,18.79852931477488,10.674410913163529,179.16553791617164,2.1073424255447017e-08
7,solver_residual_call,,,0.45097008300217567,65961.18343457908,18.798529318976847,10.674410903357217,179.16553791617164,2.9966825339628183e-08
8,solver_residual_call,,,0.5130995270010317,65961.18337571375,18.798529284101818,10.674410901222721,179.16553791617164,4.049143750091428e-08
9,solver_residual_call,,,0.5772156280072522,65961.18317456638,18.798529288543442,10.67441086847116,179.16553791617164,3.5614041621320386e-08
10,solver_residual_call,,,0.6404030190024059,65961.18174329339,18.79852918943941,10.674410654764294,179.16553791617164,3.146651514255167e-08
11,solver_residual_call,,,0.7034587910020491,65961.18296926697,18.798529265864246,10.674410830561808,179.16553791617164,3.2518456005774733e-08
12,solver_residual_call,,,0.7658583940065,65961.18314838679,18.79852928251663,10.674410867809925,179.16553791617164,6.318621741938653e-08
13,solver_residual_call,,,0.8306381520014838,65961.1835288427,18.798529310307767,10.67441092192409,179.16553791617164,6.198761816029471e-08
14,solver_residual_call,,,0.897516731005453,65961.18365704699,18.798529315895227,10.674410937165858,179.16553791617164,3.715239335760101e-08
15,solver_residual_call,,,0.9638730600054259,65961.18416355678,18.798529341374124,10.674410946785898,179.16553791617164,4.2704505957681035e-08
16,solver_residual_call,,,1.0305079230020056,65961.18481612051,18.798529486320522,10.674411063603069,179.16553791617164,3.00561643580429e-08
17,solver_residual_call,,,1.0954096390050836,65961.18405884676,18.798529417495047,10.674411024288414,179.16553791617164,2.1447576064114784e-08
18,solver_residual_call,,,1.1572359800047707,65961.18302532483,18.798529276648306,10.674410840127297,179.16553791617164,4.9451711033067156e-08
19,solver_residual_call,,,1.2206266270004562,65961.18383072717,18.79852935582006,10.674410960557049,179.16553791617164,5.238202272736785e-08
20,solver_residual_call,,,1.2824069450070965,65961.18315540947,18.798529280741796,10.674410891681624,179.16553791617164,4.0525770422111075e-08
21,solver_residual_call,,,1.3440878330002306,65961.18370050173,18.798529329963973,10.674410927468205,179.16553791617164,3.787471900234431e-08
22,solver_residual_call,,,1.4088677850013482,65961.18257997188,18.798529225127744,10.674410737073346,179.16553791617164,3.2093608664552884e-08
23,solver_residual_call,,,1.4735029880030197,65961.18275601826,18.798529238795513,10.674410820800908,179.16553791617164,3.359854103497389e-08
24,solver_residual_call,,,1.5354501880065072,65961.1827329845,18.79852925156242,10.674410789524611,179.16553791617164,9.213425444245613e-08
25,solver_residual_call,,,1.6001800950034522,65961.18352094064,18.7985293131104,10.674410918878747,179.16553791617164,9.110048159580987e-08
26,solver_residual_call,,,1.6654396250014543,65961.1834772291,18.798529300457428,10.674410929321738,179.16553791617164,3.320453220903135e-08
27,solver_residual_call,,,1.72763384400605,65961.1835067583,18.798529389795245,10.674410925914032,179.16553791617164,3.4613815550736956e-08
28,solver_residual_call,,,1.7909422870070557,65961.1836325381,18.798529480603197,10.674410914038425,179.16553791617164,3.386006446511003e-08
29,solver_residual_call,,,1.85498250600358,65961.1832319088,18.798529282742944,10.674410875421522,179.16553791617164,3.4289820008336234e-08
30,solver_residual_call,,,1.9179634200045257,65961.18263021634,18.79852913632178,10.674410786287904,179.16553791617164,8.562864999393709e-08
31,solver_residual_call,,,1.9797379490046296,65961.18349938672,18.79852930327214,10.674410907825589,179.16553791617164,8.48964230188861e-08
32,solver_residual_call,,,2.0456685080062016,65961.18360973544,18.798529337337236,10.674410930879844,179.16553791617164,3.093186921423241e-08
33,solver_residual_call,,,2.11010337100015,65961.18376204342,18.798529332166286,10.674410941952967,179.16553791617164,3.279615097297972e-08
34,solver_residual_call,,,2.17380907000188,65961.18271518289,18.798529217047925,10.67441076080285,179.16553791617164,3.255009972533201e-08
35,solver_residual_call,,,2.2383907070034184,65961.1827003911,18.798529234292218,10.674410802464198,179.16553791617164,3.214264346446197e-08
36,solver_residual_call,,,2.3012728300018352,65961.18277873083,18.798529230867757,10.674410797691447,179.16553791617164,8.558739145813994e-08
37,solver_residual_call,,,2.3634119410053245,65961.18361348414,18.79852932223212,10.67441093567699,179.16553791617164,8.504559985265743e-08
38,solver_residual_call,,,2.4274658270005602,65961.18331491957,18.798529292772194,10.674410896582916,179.16553791617164,2.8688811851848808e-08
39,solver_residual_call,,,2.490655339002842,65961.18329032365,18.798529296985848,10.674410875816053,179.16553791617164,3.136482589633311e-08
40,solver_residual_call,,,2.5527368470065994,65961.18252013528,18.798529251153738,10.674410750133188,179.16553791617164,3.24447663810991e-08
41,solver_residual_call,,,2.6176365350038395,65961.18315430882,18.798529282839997,10.674410861699256,179.16553791617164,3.097572201195552e-08
42,solver_residual_call,,,2.681284949001565,65961.18264290747,18.79852925666402,10.674410773752424,179.16553791617164,8.494619925896527e-08
43,solver_residual_call,,,2.742903467005817,65961.18352900704,18.798529308394002,10.674410922652681,179.16553791617164,8.4547737414253e-08
44,solver_residual_call,,,2.806788466004946,65961.18352140434,18.798529305019787,10.674410921423963,179.16553791617164,2.8575280518376606e-08
45,solver_residual_call,,,2.870849431004899,65961.18310795097,18.798529288244424,10.674410857714745,179.16553791617164,3.203971669783818e-08
46,solver_residual_call,,,2.933936397006619,65961.18260791448,18.798529255039718,10.674410777696608,179.16553791617164,3.2392000543214005e-08
47,solver_residual_call,,,2.99586128500232,65961.18337877218,18.798529293107322,10.674410890983927,179.16553791617164,2.9597837554343686e-08
48,solver_residual_call,,,3.06207972500124,65961.18300540533,18.79852927299511,10.6744108403479,179.16553791617164,8.420482337677848e-08
49,solver_residual_call,,,3.126419567000994,65961.18346431633,18.79852930546693,10.67441091214318,179.16553791617164,8.398610124204421e-08
50,solver_residual_call,,,3.1901485980051802,65961.18357444817,18.798529308010142,10.674410925601203,179.16553791617164,2.8542793236355253e-08
51,solver_residual_call,,,3.254667376000725,65961.18365687602,18.798529325384287,10.674410927439101,179.16553791617164,3.2877487264443604e-08
52,solver_residual_call,,,3.3180584000001545,65961.18323919838,18.79852928681016,10.674410846798793,179.16553791617164,3.256899046560393e-08
53,solver_residual_call,,,3.379576713006827,65961.18292496001,18.798529264245392,10.674410831057642,179.16553791617164,2.8201870084764167e-08
54,solver_residual_call,,,3.4431756180056254,65961.18312159553,18.79852927265373,10.67441084262864,179.16553791617164,8.328844712204946e-08
55,solver_residual_call,,,3.5052561970005627,65961.18356155703,18.798529311810846,10.674410933979672,179.16553791617164,8.328337748064008e-08
56,solver_residual_call,,,3.5678314690012485,65961.18330560265,18.79852929001408,10.67441090346254,179.16553791617164,2.8813763727803964e-08
57,solver_residual_call,,,3.631317848004983,65961.18348648993,18.798529308163058,10.674410903673998,179.16553791617164,3.389870688492712e-08
58,solver_residual_call,,,3.6952735320010106,65961.18322543225,18.79852929665615,10.674410860382242,179.16553791617164,3.258115330915388e-08
59,solver_residual_call,,,3.7575414210004965,65961.18321106894,18.79852929010276,10.674410868169748,179.16553791617164,2.725146239463297e-08
60,solver_residual_call,,,3.823491263006872,65961.18334259081,18.7985292976296,10.674410897221541,179.16553791617164,8.271131917867315e-08
61,solver_residual_call,,,3.890894152005785,65961.18346243195,18.798529302437505,10.674410920133717,179.16553791617164,8.271131917867315e-08
62,solver_residual_call,,,3.953379483005847,65961.18340944633,18.798529299221695,10.674410908073689,179.16553791617164,2.8764784849359492e-08
63,solver_residual_call,,,4.021199079004873,65961.18308629139,18.798529287346813,10.67441085064958,179.16553791617164,3.299627808936916e-08
64,solver_residual_call,,,4.087366058003681,65961.18249577133,18.798529243207412,10.674410776775282,179.16553791617164,3.237322421100944e-08
65,solver_residual_call,,,4.150377747006132,65961.18340594646,18.798529290332866,10.67441090707153,179.16553791617164,2.8190263410774184e-08
66,solver_residual_call,,,4.2128845720071695,65961.18292195286,18.798529261330547,10.674410841040148,179.16553791617164,8.157204595246236e-08
67,solver_residual_call,,,4.27889196700562,65961.18346779195,18.79852930786804,10.674410902487491,179.16553791617164,8.15229529347229e-08
68,solver_residual_call,,,4.342887796003197,65961.18363881398,18.79852931022823,10.67441094087218,179.16553791617164,2.8633781982243318e-08
69,solver_residual_call,,,4.40758069200092,65961.18361313688,18.798529316026272,10.674410926663121,179.16553791617164,3.210535878826351e-08
70,solver_residual_call,,,4.472834749001777,65961.18346138552,18.798529291822856,10.67441089412543,179.16553791617164,3.248459413841779e-08
71,solver_residual_call,,,4.536531874000502,65961.18308549508,18.79852927560083,10.674410862268633,179.16553791617164,2.9664128768474332e-08
72,solver_residual_call,,,4.599812971006031,65961.18313551528,18.798529273269924,10.674410847530389,179.16553791617164,8.029453393486687e-08
73,solver_residual_call,,,4.665566175004642,65961.18347080685,18.798529307580246,10.674410912108197,179.16553791617164,8.007271637858992e-08
74,solver_residual_call,,,4.730484732004697,65961.18330187103,18.798529293364926,10.674410898706746,179.16553791617164,2.8805716820009763e-08
75,solver_residual_call,,,4.795651413005544,65961.18371721116,18.79852933063794,10.67441094838845,179.16553791617164,3.150408580549844e-08
76,solver_residual_call,,,4.86077035600465,65961.18376345569,18.798529327601322,10.674410947106066,179.16553791617164,3.2577215431158114e-08
77,solver_residual_call,,,4.925297634006711,65961.18308780868,18.798529273302,10.674410860400274,179.16553791617164,3.110537794132482e-08
78,solver_residual_call,,,4.988744201000372,65961.18326260531,18.798529283111804,10.67441087543141,179.16553791617164,7.915177475605974e-08
79,solver_residual_call,,,5.0526799200015375,65961.1834536337,18.798529305983994,10.674410909141137,179.16553791617164,7.871464777589893e-08
80,solver_residual_call,,,5.116831311002898,65961.18319138049,18.798529284692393,10.674410876784677,179.16553791617164,2.8892037787468475e-08
81,solver_residual_call,,,5.181263617007062,65961.1837940701,18.79852934225119,10.674410939851256,179.16553791617164,3.076095659293528e-08
82,solver_residual_call,,,5.244837235004525,65961.1838141611,18.798529322719972,10.674410920730676,179.16553791617164,3.259236273687257e-08
83,solver_residual_call,,,5.309409767003672,65961.1829560449,18.79852925698533,10.674410851656466,179.16553791617164,3.2486440806521875e-08
84,solver_residual_call,,,5.372739543003263,65961.18312807856,18.798529269140257,10.674410839716533,179.16553791617164,7.810734777087173e-08
85,solver_residual_call,,,5.436026306000713,65961.18348241899,18.79852931040398,10.674410911696228,179.16553791617164,7.743490456697282e-08
86,solver_residual_call,,,5.501207561006595,65961.1831480932,18.798529279327646,10.674410889278697,179.16553791617164,2.8946177850784278e-08
87,solver_residual_call,,,5.564223626002786,65961.18361121869,18.79852931585333,10.674410919445833,179.16553791617164,2.995969284470656e-08
88,solver_residual_call,,,5.626787678003893,65961.18336320543,18.798529265673306,10.674410876390295,179.16553791617164,3.247963921241541e-08
89,solver_residual_call,,,5.691568346002896,65961.18294954956,18.79852926419897,10.674410856523338,179.16553791617164,3.371808280680823e-08
90,solver_residual_call,,,5.755144016002305,65961.18297021984,18.798529256599547,10.674410825894785,179.16553791617164,7.713637816007467e-08
91,solver_residual_call,,,5.822189143000287,65961.18350958862,18.79852931112496,10.674410914494466,179.16553791617164,7.621244457223513e-08
92,solver_residual_call,,,5.8876476470031776,65961.18329847053,18.798529296726993,10.674410902484407,179.16553791617164,2.8869051151138168e-08
93,solver_residual_call,,,5.950301416000002,65961.18338860679,18.798529320581356,10.674410913250574,179.16553791617164,2.906933665809103e-08
94,solver_residual_call,,,6.011919089003641,65961.18234361024,18.79852880782275,10.674410742646707,179.16553791617164,3.1341050385753977e-08
95,solver_residual_call,,,6.074449323001318,65961.18269000099,18.79852903820264,10.674410805251366,179.16553791617164,3.3762911371791226e-08
96,solver_residual_call,,,6.138095091002469,65961.18337717114,18.79852920292405,10.674410849633741,179.16553791617164,7.673099711081763e-08
97,solver_residual_call,,,6.201040076004574,65961.1835452968,18.798529355295507,10.674410922514529,179.16553791617164,7.561989786576574e-08
98,solver_residual_call,,,6.263873146002879,65961.18304156014,18.79852922336863,10.674410869238072,179.16553791617164,2.734362065047265e-08
99,solver_residual_call,,,6.327110155005357,65961.18322376708,18.798529285225705,10.674410875722623,179.16553791617164,2.734362065047265e-08
100,solver_residual_call,,,6.389346801006468,65961.1827191759,18.798529251984256,10.67441078443634,179.16553791617164,3.307268012160742e-08
101,solver_residual_call,,,6.451347900001565,65961.18350970361,18.79852930857084,10.674410913076585,179.16553791617164,3.627846516445659e-08
102,solver_residual_call,,,6.516989274001389,65961.18310054217,18.798529286634086,10.67441085552489,179.16553791617164,7.524200621710741e-08
103,solver_residual_call,,,6.587241535002249,65961.18340899373,18.798529300420753,10.674410903645278,179.16553791617164,7.374981108662385e-08
104,solver_residual_call,,,6.6722455020062625,65961.18359308071,18.798529313288032,10.674410932768389,179.16553791617164,2.910138440825586e-08
105,solver_residual_call,,,6.776913206005702,65961.18316717372,18.79852927426034,10.674410871761824,179.16553791617164,2.910138440825586e-08
106,solver_residual_call,,,6.871622344006028,65961.18388047497,18.798529414717187,10.674411012928559,179.16553791617164,3.404174610811421e-08
107,solver_residual_call,,,6.955394594006066,65961.18386042459,18.798529368949687,10.674410977528403,179.16553791617164,3.801504029872536e-08
108,solver_residual_call,,,7.032997371003148,65961.18372727714,18.798529330278917,10.674410964475207,179.16553791617164,7.373467210674033e-08
109,solver_residual_call,,,7.09916732700367,65961.18326459012,18.798529283546763,10.67441087858539,179.16553791617164,7.17669775026377e-08
110,solver_residual_call,,,7.165111992006132,65961.18345135658,18.798529298108576,10.674410903052259,179.16553791617164,2.8997221319147356e-08
111,solver_residual_call,,,7.231260746004409,65961.18330293629,18.798529296018916,10.674410881686997,179.16553791617164,2.8997221319147356e-08
112,solver_residual_call,,,7.296385720001126,65961.18308857469,18.798529286275798,10.674410830870844,179.16553791617164,3.4462859934945776e-08
113,solver_residual_call,,,7.3600678960065125,65961.18352432147,18.79852930499907,10.67441093022951,179.16553791617164,3.915964100080199e-08
114,solver_residual_call,,,7.424557213002117,65961.18337566878,18.798529299059894,10.67441089338959,179.16553791617164,7.305443977665244e-08
115,solver_residual_call,,,7.4902639590000035,65961.18337040997,18.798529299154307,10.67441089563997,179.16553791617164,7.064815923054569e-08
116,solver_residual_call,,,7.553861625005084,65961.18352707646,18.79852930547036,10.674410932260704,179.16553791617164,2.8724468207825416e-08
117,solver_residual_call,,,7.618267091005691,65961.18329525029,18.798529288429176,10.674410888387342,179.16553791617164,2.8724468207825416e-08
118,solver_residual_call,,,7.684639298000548,65961.18353627952,18.79852935067585,10.67441089833601,179.16553791617164,3.369049347982537e-08
119,solver_residual_call,,,7.749436666003021,65961.18356990162,18.79852933234286,10.674410925028193,179.16553791617164,3.783393860507248e-08
120,solver_residual_call,,,7.814955853005813,65961.18340196183,18.798529306732856,10.674410892483927,179.16553791617164,7.21130862274977e-08
121,solver_residual_call,,,7.881220046001545,65961.18335694903,18.798529293101655,10.6744108978986,179.16553791617164,7.002813467311749e-08
122,solver_residual_call,,,7.952381805000186,65961.1834136364,18.798529298787923,10.674410908877379,179.16553791617164,2.905200284482809e-08
123,solver_residual_call,,,8.045145014002628,65961.18351671821,18.798529303876105,10.674410913153984,179.16553791617164,2.905200284482809e-08
124,solver_residual_call,,,8.131352335003612,65961.18379132355,18.79852933012802,10.67441093765952,179.16553791617164,3.28131068478679e-08
125,solver_residual_call,,,8.203145529005269,65961.18337745949,18.798529306574988,10.674410898562861,179.16553791617164,3.653886743707585e-08
126,solver_residual_call,,,8.277561401002458,65961.18334089969,18.79852929888445,10.674410888744701,179.16553791617164,7.132305888519726e-08
127,solver_residual_call,,,8.345181357006368,65961.18339589042,18.798529298627173,10.67441090171388,179.16553791617164,6.94880556366827e-08
128,solver_residual_call,,,8.414897042006487,65961.18328957442,18.798529295036957,10.674410890096992,179.16553791617164,2.931390863801318e-08
129,solver_residual_call,,,8.496003165004367,65961.18324072691,18.7985292889006,10.67441088753257,179.16553791617164,2.931390863801318e-08
130,solver_residual_call,,,8.587946459003433,65961.18351498511,18.79852933114216,10.67441094347636,179.16553791617164,3.18297365689466e-08
131,solver_residual_call,,,8.682109878005576,65961.18360840305,18.79852932474723,10.674410934498143,179.16553791617164,3.519616987055723e-08
132,solver_residual_call,,,8.76860049100651,65961.18330373417,18.7985292943539,10.674410886514611,179.16553791617164,7.049847102011972e-08
133,solver_residual_call,,,8.840342579002026,65961.18336398792,18.798529296189614,10.674410896129913,179.16553791617164,6.887957732641858e-08
134,solver_residual_call,,,8.906015173000924,65961.18342861929,18.79852930052508,10.674410900829976,179.16553791617164,2.927901488509993e-08
135,solver_residual_call,,,8.973126824006613,65961.1834843927,18.7985292875055,10.674410899731217,179.16553791617164,2.967201836777323e-08
136,solver_residual_call,,,9.037348693003878,65961.18403067013,18.79852940591235,10.674410963831233,179.16553791617164,3.13376540351427e-08
137,solver_residual_call,,,9.104325213003904,65961.18357325312,18.798529357691454,10.674410927308669,179.16553791617164,3.4168741056477404e-08
138,solver_residual_call,,,9.169170102002681,65961.18336935999,18.798529303366617,10.674410888553984,179.16553791617164,6.922817676717264e-08
139,solver_residual_call,,,9.23520930500672,65961.18335711323,18.798529288207458,10.674410896547679,179.16553791617164,6.770463936964012e-08
140,solver_residual_call,,,9.308778583006642,65961.18330629912,18.798529294679515,10.674410893540486,179.16553791617164,2.903401658427627e-08
141,solver_residual_call,,,9.374464209002326,65961.18364415319,18.79852931592191,10.674410925171413,179.16553791617164,3.00817529427286e-08
142,solver_residual_call,,,9.438124791005976,65961.18417647733,18.798529384442645,10.674410988836506,179.16553791617164,3.113608915693728e-08
143,solver_residual_call,,,9.501656187007029,65961.1833981247,18.798529315255504,10.674410903012536,179.16553791617164,3.274111136273716e-08
144,solver_residual_call,,,9.56636459800211,65961.18334900623,18.798529298327292,10.674410892479237,179.16553791617164,6.828776921853353e-08
145,solver_residual_call,,,9.629556515006698,65961.18340004452,18.798529303681807,10.674410901154937,179.16553791617164,6.70727765824105e-08
146,solver_residual_call,,,9.6930612760043,65961.18320165454,18.79852928534861,10.674410879162144,179.16553791617164,2.9464271598886442e-08
147,solver_residual_call,,,9.761213310004678,65961.1836605446,18.798529319461064,10.674410933029588,179.16553791617164,3.105909405636124e-08
148,solver_residual_call,,,9.826202347001527,65961.18404275356,18.798529342385887,10.67441096899764,179.16553791617164,3.0737806968460035e-08
149,solver_residual_call,,,9.88991515700036,65961.18332919611,18.798529294665343,10.674410890114292,179.16553791617164,3.1266988215171694e-08
150,solver_residual_call,,,9.954672612002469,65961.18333329665,18.798529292580785,10.67441088882298,179.16553791617164,6.741931112400825e-08
151,solver_residual_call,,,10.020926685006998,65961.1833867495,18.798529298618995,10.674410897951836,179.16553791617164,6.645319943290541e-08
152,solver_residual_call,,,10.088380419001624,65961.18320361152,18.798529287390398,10.67441087944129,179.16553791617164,2.953575464892714e-08
153,solver_residual_call,,,10.155592121001973,65961.18348322,18.79852929534013,10.67441090240493,179.16553791617164,3.154016826514927e-08
154,solver_residual_call,,,10.221460016000492,65961.18364832374,18.798529347261557,10.674410928844038,179.16553791617164,3.0307965451366786e-08
155,solver_residual_call,,,10.288401170000725,65961.18348859882,18.798529330256414,10.674410917537777,179.16553791617164,3.0182913939510345e-08
156,solver_residual_call,,,10.354050650006684,65961.18347342049,18.798529310862943,10.674410912815748,179.16553791617164,6.623579306277715e-08
157,solver_residual_call,,,10.417225743003655,65961.18338871826,18.79852930348898,10.674410900149468,179.16553791617164,6.536301207153848e-08
158,solver_residual_call,,,10.480080717003148,65961.18332066805,18.798529297118762,10.674410896996923,179.16553791617164,2.9166429128362052e-08
159,solver_residual_call,,,10.545408022000629,65961.18322382559,18.798529280336286,10.674410884274158,179.16553791617164,3.1731577082566135e-08
160,solver_residual_call,,,10.609832973001176,65961.18363645472,18.798529360436785,10.67441095179953,179.16553791617164,2.9992286737059616e-08
161,solver_residual_call,,,10.67418783800531,65961.18362413107,18.798529343054184,10.674410936378802,179.16553791617164,2.8649560670443737e-08
162,solver_residual_call,,,10.739047323004343,65961.18340119318,18.798529302077977,10.67441090269789,179.16553791617164,6.460701996356738e-08
163,solver_residual_call,,,10.803917512006592,65961.18344600727,18.798529310479168,10.674410909244145,179.16553791617164,6.400464490671197e-08
164,solver_residual_call,,,10.866951849006,65961.18340715728,18.798529300075362,10.674410900048857,179.16553791617164,2.940472173380688e-08
165,solver_residual_call,,,10.932642039006168,65961.18297690517,18.798529264620004,10.674410857940476,179.16553791617164,3.241394360583049e-08
166,solver_residual_call,,,10.997089015007077,65961.18319254661,18.798529336159703,10.674410903345075,179.16553791617164,2.961538906176012e-08
167,solver_residual_call,,,11.059391200004029,65961.18359502358,18.79852934263013,10.67441092827217,179.16553791617164,2.7257569503807418e-08
168,solver_residual_call,,,11.123276209000323,65961.18342544985,18.798529302620786,10.6744109065409,179.16553791617164,6.365743612383559e-08
169,solver_residual_call,,,11.186606547002157,65961.18340616491,18.79852930921696,10.674410904470703,179.16553791617164,6.324823529589891e-08
170,solver_residual_call,,,11.250159330003953,65961.18354407336,18.79852930780583,10.674410915253233,179.16553791617164,2.9237931503923063e-08
171,solver_residual_call,,,11.315233109002293,65961.18283047822,18.79852922290009,10.674410849745204,179.16553791617164,3.230230384014516e-08
172,solver_residual_call,,,11.379248748002283,65961.18344825014,18.798529366787115,10.674410940954033,179.16553791617164,2.9054311232940747e-08
173,solver_residual_call,,,11.441869733003841,65961.1838188025,18.79852939181413,10.674410954734586,179.16553791617164,2.6545416315159262e-08
174,solver_residual_call,,,11.504938461002894,65961.18330817389,18.798529291497005,10.674410891242701,179.16553791617164,6.06688844129442e-08
175,solver_residual_call,,,11.568835344005493,65961.18350158745,18.798529324271172,10.67441091652071,179.16553791617164,6.026296719407108e-08
176,solver_residual_call,,,11.631699583005684,65961.18356304496,18.798529317218854,10.674410912337244,179.16553791617164,2.8792948619747566e-08
177,solver_residual_call,,,11.694566054000461,65961.18336919275,18.79852929351891,10.67441089023637,179.16553791617164,3.283767742030619e-08
178,solver_residual_call,,,11.759922454002663,65961.1836870103,18.79852932867329,10.674410944300707,179.16553791617164,2.8727065733833092e-08
179,solver_residual_call,,,11.824195389002853,65961.1835814252,18.798529321865264,10.674410934268526,179.16553791617164,2.4102666877388977e-08
180,solver_residual_call,,,11.8868995810044,65961.18340334727,18.7985293005492,10.674410901746283,179.16553791617164,5.6236855133010443e-08
181,solver_residual_call,,,11.950432143006765,65961.18345165974,18.79852930638834,10.674410910423488,179.16553791617164,5.619261928566885e-08
182,solver_residual_call,,,12.015726110003015,65961.18337854734,18.798529299888163,10.674410900293141,179.16553791617164,3.0019886238174796e-08
183,solver_residual_call,,,12.085212700003467,65961.18332806087,18.79852928574466,10.674410879162792,179.16553791617164,3.4071899230355924e-08
184,solver_residual_call,,,12.150497918002657,65961.18398169903,18.79852935866241,10.674410978554377,179.16553791617164,2.833809898976552e-08
185,solver_residual_call,,,12.213652505000937,65961.1837994411,18.79852935369456,10.67441097573805,179.16553791617164,2.3309807097940077e-08
186,solver_residual_call,,,12.276511500000197,65961.18341181813,18.798529304687264,10.674410903824182,179.16553791617164,5.448004778076452e-08
187,solver_residual_call,,,12.340129759002593,65961.18354554553,18.79852931790792,10.674410924998092,179.16553791617164,5.448004778076452e-08
188,solver_residual_call,,,12.403474320002715,65961.18336875361,18.798529302373613,10.674410904639084,179.16553791617164,2.997682098369016e-08
189,solver_residual_call,,,12.465387632000784,65961.18370894519,18.7985295990649,10.674410936623408,179.16555532027272,3.256863298498413e-08
190,solver_residual_call,,,12.52857450600277,65961.1833351677,18.79852937402297,10.674410908975208,179.16554373908244,2.4621033042349215e-08
191,solver_residual_call,,,12.591828962002182,65961.18336020978,18.798529323208474,10.674410904871557,179.16553783901557,2.1751364190511174e-08
192,solver_residual_call,,,12.654700912004046,65961.18335934734,18.798529202958385,10.674410887838436,179.16553229342017,5.3001624052385e-08
193,solver_residual_call,,,12.716628814006981,65961.18336014483,18.798529294378206,10.67441090041536,179.16553693020464,5.385462974182895e-08
194,solver_residual_call,,,12.785927027005528,65961.18345755557,18.798529373005106,10.6744109095266,179.16554173318144,2.37543856284978e-08
195,solver_residual_call,,,12.848949263003306,65961.18320132483,18.79852929649778,10.674410888535402,179.16553791617164,2.7015693526303356e-08
196,solver_residual_call,,,12.911843508001766,65961.1830726015,18.79852927474698,10.674410849064511,179.16553791617164,2.765978179691743e-08
197,solver_residual_call,,,12.976557739006239,65961.18322715709,18.798529283755773,10.674410864403413,179.16553791617164,2.189303638593784e-08
198,solver_residual_call,,,13.040564428003563,65961.18342752982,18.798529310323477,10.6744109056593,179.16553791617164,5.088619457940209e-08
199,solver_residual_call,,,13.104179639005451,65961.18329915049,18.798529290439358,10.674410883552191,179.16553791617164,5.088619457940209e-08
200,solver_residual_call,,,13.168886134000786,65961.18350179109,18.798529304410128,10.67441090993418,179.16553791617164,3.029639375795609e-08
201,solver_residual_call,,,13.2333761780028,65961.18315656134,18.798529281316835,10.674410873217056,179.16553791617164,3.468930331236411e-08
202,solver_residual_call,,,13.29773377100355,65961.1835502376,18.798529319058993,10.674410932488103,179.16553791617164,2.7280557163408374e-08
203,solver_residual_call,,,13.363645254001312,65961.18383373051,18.798529341268488,10.674410964125341,179.16553791617164,2.141850857520002e-08
204,solver_residual_call,,,13.429662845002895,65961.18329614053,18.798529291873944,10.674410889454293,179.16553791617164,4.802531275869221e-08
205,solver_residual_call,,,13.494044140003098,65961.18350649223,18.79852931110748,10.674410917899005,179.16553791617164,4.802531275869221e-08
206,solver_residual_call,,,13.559410394002043,65961.18349662988,18.79852930843284,10.674410912358251,179.16553791617164,2.998590592182346e-08
207,solver_residual_call,,,13.622907808006858,65961.18357760253,18.798529304833774,10.674410920147999,179.16553791617164,3.475391962008039e-08
208,solver_residual_call,,,13.685889202002727,65961.18367171487,18.798529320202448,10.674410938803861,179.16553791617164,2.7436646749495895e-08
209,solver_residual_call,,,13.750084297003923,65961.18355803326,18.7985293179646,10.674410935918374,179.16553791617164,2.1073424255447017e-08
210,solver_residual_call,,,13.816302980005275,65961.18336915686,18.798529298143844,10.674410894290935,179.16553791617164,4.169300773485548e-08
211,solver_residual_call,,,13.881428583001252,65961.18346908315,18.798529306015986,10.67441091397117,179.16553791617164,4.169300773485548e-08
212,solver_residual_call,,,13.9455821570009,65961.18331604033,18.79852929765883,10.674410892501053,179.16553791617164,3.0412116426629874e-08
213,solver_residual_call,,,14.010639837004419,65961.18340082568,18.798529298130845,10.674410898427569,179.16553791617164,3.506021917489337e-08
214,solver_residual_call,,,14.073564230006014,65961.1835287754,18.798529320822933,10.674410920101186,179.16553791617164,2.7357107904431942e-08
215,solver_residual_call,,,14.135921807006525,65961.18351981233,18.798529323897764,10.674410923037915,179.16553791617164,2.1073424255447017e-08
216,solver_residual_call,,,14.20169583500683,65961.1833822036,18.798529298221922,10.674410898492578,179.16553791617164,3.977456364781486e-08
217,solver_residual_call,,,14.264129594004771,65961.18343023295,18.798529306715604,10.674410906617618,179.16553791617164,3.977456364781486e-08
218,solver_residual_call,,,14.328223757001979,65961.18338368388,18.798529300358357,10.674410900521979,179.16553791617164,3.0190382172888276e-08
219,solver_residual_call,,,14.39318815900333,65961.18338924502,18.798529299777016,10.67441089999836,179.16553791617164,3.504383598256385e-08
220,solver_residual_call,,,14.456455393003125,65961.18338923891,18.798529299776856,10.674410899977682,179.16553791617164,2.7580799018118557e-08
221,solver_residual_call,,,14.518315346002055,65961.18338927074,18.798529299777684,10.674410899970985,179.16553791617164,2.1073424255447017e-08
222,solver_residual_call,,,14.587414323003031,65961.18338926668,18.798529299777577,10.674410899997056,179.16553791617164,3.393473674568114e-08
223,solver_residual_call,,,14.651252163006575,65961.18338925585,18.798529299777297,10.67441089997522,179.16553791617164,3.393473674568114e-08
224,solver_residual_call,,,14.714040185004706,65961.18338928197,18.798529299777975,10.674410899986407,179.16553791617164,3.050012108923735e-08
225,solver_residual_call,,,14.777012923004804,65961.18352338928,18.798529306523857,10.674410904819908,179.16553791617164,3.620666406003224e-08
226,solver_residual_call,,,14.845047273003729,65961.18363159057,18.798529335807295,10.67441092538828,179.16553791617164,2.8718536622675474e-08
227,solver_residual_call,,,14.9090760830004,65961.18347607314,18.798529330101513,10.674410921318849,179.16553791617164,2.1073424255447017e-08
228,solver_residual_call,,,14.971680175003712,65961.18339157909,18.798529298149695,10.674410898814465,179.16553791617164,3.279258699675324e-08
229,solver_residual_call,,,15.037479105005332,65961.18344410691,18.798529311057436,10.67441090793626,179.16553791617164,3.279258699675324e-08
230,solver_residual_call,,,15.102199693006696,65961.18333297703,18.79852929783046,10.674410898578184,179.16553791617164,3.060782792344021e-08
231,solver_residual_call,,,15.16694514300616,65961.18313294645,18.798529287434445,10.67441085440141,179.16553791617164,3.6680444423321144e-08
232,solver_residual_call,,,15.231227539006795,65961.18355854799,18.79852931955593,10.674410927976709,179.16553791617164,2.92011144094106e-08
233,solver_residual_call,,,15.295081538002705,65961.18374229412,18.79852932917654,10.674410961943295,179.16553791617164,2.1073424255447017e-08
234,solver_residual_call,,,15.360475202003727,65961.18327722032,18.798529293592413,10.674410877858417,179.16553791617164,3.210807716412543e-08
235,solver_residual_call,,,15.425196500000311,65961.18349304609,18.798529309268705,10.674410917676177,179.16553791617164,3.210807716412543e-08
236,solver_residual_call,,,15.48754345800262,65961.18351044822,18.798529305649033,10.674410921605073,179.16553791617164,3.043982102938028e-08
237,solver_residual_call,,,15.549862292005855,65961.18351063356,18.798529304973105,10.674410907068003,179.16553791617164,3.6989116120963635e-08
238,solver_residual_call,,,15.615380631003063,65961.18360869138,18.798529318553086,10.67441092556369,179.16553791617164,2.9760732802797255e-08
239,solver_residual_call,,,15.678494666004553,65961.18345999076,18.798529311354333,10.67441091573526,179.16553791617164,2.1073424255447017e-08
240,solver_residual_call,,,15.764042799004528,65961.18339062523,18.79852929922628,10.674410899275145,179.16553791617164,3.155091320259959e-08
241,solver_residual_call,,,15.86130561700702,65961.18343983722,18.79852930512006,10.674410907301054,179.16553791617164,3.155091320259959e-08
242,solver_residual_call,,,15.965130506003334,65961.18333818617,18.798529297651797,10.674410897133708,179.16553791617164,3.055006043388247e-08
243,solver_residual_call,,,16.04901556900586,65961.18333815882,18.798529297874527,10.674410859311829,179.16553791617164,3.751802102228532e-08
244,solver_residual_call,,,16.120089563002693,65961.18363850219,18.798529316388674,10.674410927701853,179.16553791617164,3.030486625551802e-08
245,solver_residual_call,,,16.18923065600393,65961.18355553705,18.798529312506634,10.674410932536354,179.16553791617164,2.1073424255447017e-08
246,solver_residual_call,,,16.253749518000404,65961.1833421019,18.798529297146473,10.674410886872252,179.16553791617164,3.088429792316432e-08
247,solver_residual_call,,,16.316809473006288,65961.1834671774,18.79852930549138,10.67441091011289,179.16553791617164,3.088429792316432e-08
248,solver_residual_call,,,16.383081536005193,65961.18340307935,18.798529300190314,10.674410915236829,179.16553791617164,3.0561369503897875e-08
249,solver_residual_call,,,16.44652147200395,65961.18401521604,18.79852940061742,10.674410990516654,179.16553791617164,3.843766701501415e-08
250,solver_residual_call,,,16.508448113003396,65961.18363589035,18.798529348987987,10.674410935848533,179.16553791617164,3.1990863016097905e-08
251,solver_residual_call,,,16.571170299001096,65961.18313615004,18.798529261022566,10.67441086205,179.16553791617164,2.1907952366924056e-08
252,solver_residual_call,,,16.63535918000707,65961.18351306926,18.798529312819653,10.674410918366556,179.16553791617164,2.9431434991143864e-08
253,solver_residual_call,,,16.69717691700498,65961.1833844069,18.798529300388566,10.67441089786574,179.16553791617164,2.9431434991143864e-08
254,solver_residual_call,,,16.75898325700109,65961.18312320639,18.79852925770439,10.674410861818057,179.16553791617164,3.122657716950153e-08
255,solver_residual_call,,,16.823824275001243,65961.1838862122,18.798529397088995,10.674410961365325,179.16553791617164,3.965597100792712e-08
256,solver_residual_call,,,16.89654500100005,65961.18337944754,18.79852932929214,10.67441091199928,179.16553791617164,3.328807040433065e-08
257,solver_residual_call,,,16.962223407004785,65961.18304942548,18.79852924679019,10.67441086412283,179.16553791617164,2.2596431496697713e-08
258,solver_residual_call,,,17.026863361003052,65961.18353501015,18.798529316930715,10.674410917271336,179.16553791617164,2.8597744375454326e-08
259,solver_residual_call,,,17.090863999001158,65961.18331397495,18.798529293700025,10.674410894020937,179.16553791617164,2.8597744375454326e-08
260,solver_residual_call,,,17.154494621005142,65961.18319539026,18.79852926128976,10.67441087554084,179.16553791617164,3.163474288438222e-08
261,solver_residual_call,,,17.220030985001358,65961.1836280554,18.798529331173967,10.674410935014746,179.16553791617164,3.9980110494848625e-08
262,solver_residual_call,,,17.28449751900189,65961.18337404371,18.798529301975265,10.6744109024074,179.16553791617164,3.360095519316487e-08
263,solver_residual_call,,,17.349514225003077,65961.18325274819,18.798529287449107,10.674410886207873,179.16553791617164,2.3051505635722362e-08
264,solver_residual_call,,,17.416993271006504,65961.18350903253,18.79852931214864,10.674410913764486,179.16553791617164,2.88453760703372e-08
265,solver_residual_call,,,17.482527557003777,65961.18335123446,18.798529297462437,10.674410897396312,179.16553791617164,2.88453760703372e-08
266,solver_residual_call,,,17.546726971006137,65961.18329817003,18.798529287848496,10.674410886695908,179.16553791617164,3.0334356903240505e-08
267,solver_residual_call,,,17.615456661005737,65961.18362422253,18.798529322812286,10.674410931915292,179.16553791617164,3.947113571439891e-08
268,solver_residual_call,,,17.68112331800512,65961.1833666533,18.798529299466075,10.674410899543215,179.16553791617164,3.4824015338169715e-08
269,solver_residual_call,,,17.744880433005164,65961.18325429679,18.798529288805916,10.674410884788063,179.16553791617164,2.397737888973182e-08
270,solver_residual_call,,,17.81233009100106,65961.18350755156,18.798529310012785,10.674410914188071,179.16553791617164,2.789288142636714e-08
271,solver_residual_call,,,17.87869807500101,65961.18334952483,18.79852929699642,10.674410896125218,179.16553791617164,2.789288142636714e-08
272,solver_residual_call,,,17.94390136000584,65961.18330374992,18.798529291363604,10.674410888311217,179.16553791617164,3.10545632235874e-08
273,solver_residual_call,,,18.008464439000818,65961.18321925125,18.798529275022787,10.674410874029416,179.16553791617164,4.0220949475769685e-08
274,solver_residual_call,,,18.0721974840053,65961.1833635248,18.798529293013374,10.674410892898827,179.16553791617164,3.539992144534205e-08
275,solver_residual_call,,,18.13649789300689,65961.18354488928,18.798529315646668,10.674410916630045,179.16553791617164,2.4491132244380973e-08
276,solver_residual_call,,,18.20315710700379,65961.18328085855,18.798529287054226,10.674410886611499,179.16553791617164,2.7523000869962567e-08
277,solver_residual_call,,,18.271435249000206,65961.18343066686,18.798529302780977,10.674410903145079,179.16553791617164,2.7523000869962567e-08
278,solver_residual_call,,,18.337816436003777,65961.18347672284,18.798529310988645,10.674410911731508,179.16553791617164,3.077313183166732e-08
279,solver_residual_call,,,18.405057761003263,65961.18363731005,18.798529331297008,10.674410937038026,179.16553791617164,4.037807575714156e-08
280,solver_residual_call,,,18.47304207500565,65961.18335272314,18.79852930065872,10.674410901048043,179.16553791617164,3.647781450351655e-08
281,solver_residual_call,,,18.551683113000763,65961.18325691017,18.798529288300617,10.674410886491382,179.16553791617164,2.5440668069700435e-08
282,solver_residual_call,,,18.64441188800265,65961.18351072852,18.798529311947856,10.674410914306655,179.16553791617164,2.7142547745020996e-08
283,solver_residual_call,,,18.727233096004056,65961.18334439694,18.79852929694438,10.674410896653047,179.16553791617164,2.7142547745020996e-08
284,solver_residual_call,,,18.814873641000304,65961.18330723213,18.798529288980802,10.674410887286847,179.16553791617164,3.07125745777621e-08
285,solver_residual_call,,,18.90156980000029,65961.18338925717,18.79852929977733,10.674410899987235,179.16553791617164,3.937240941248074e-08
286,solver_residual_call,,,18.985329056005867,65961.18338923612,18.79852929977678,10.674410899978728,179.16553791617164,3.583378621843318e-08
287,solver_residual_call,,,19.06186771000648,65961.1833892564,18.79852929977731,10.674410899978687,179.16553791617164,2.6021834082150496e-08
288,solver_residual_call,,,19.14104148700426,65961.18338925228,18.7985292997772,10.674410899976639,179.16553791617164,2.6571200235403513e-08
289,solver_residual_call,,,19.222521885007154,65961.18338925455,18.798529299777265,10.674410899984089,179.16553791617164,2.6571200235403513e-08
290,solver_residual_call,,,19.30210817700572,65961.1833892652,18.79852929977754,10.674410899984634,179.16553791617164,3.06298518985414e-08
291,solver_residual_call,,,19.37941921800666,65961.18380900526,18.798529372270274,10.674410962481993,179.16553791617164,3.839858936791836e-08
292,solver_residual_call,,,19.464803220005706,65961.18334683948,18.798529323484996,10.674410916413324,179.16553791617164,3.5179280214621536e-08
293,solver_residual_call,,,19.54632428000332,65961.18303225731,18.798529253469074,10.674410864922146,179.16553791617164,2.6482407713412867e-08
294,solver_residual_call,,,19.630106786004035,65961.18354279357,18.798529320740986,10.674410919624126,179.16553791617164,2.6493830778634617e-08
295,solver_residual_call,,,19.713943971000845,65961.18326524549,18.79852928969139,10.674410892148709,179.16553791617164,2.6493830778634617e-08
296,solver_residual_call,,,19.80000080800528,65961.1831526305,18.798529253877376,10.674410865011822,179.16553791617164,3.0518781836819023e-08
297,solver_residual_call,,,19.8860497650021,65961.1832340305,18.798529270231104,10.674410871471444,179.16553791617164,3.73559832435173e-08
298,solver_residual_call,,,19.960581962004653,65961.18336243178,18.79852928685334,10.674410887565866,179.16553791617164,3.458716769552461e-08
299,solver_residual_call,,,20.048452756003826,65961.18355347835,18.79852931543979,10.674410915162307,179.16553791617164,2.705917090214981e-08
300,solver_residual_call,,,20.139091916003963,65961.18328304967,18.798529285227797,10.674410885911394,179.16553791617164,2.6308516908602944e-08
301,solver_residual_call,,,20.226567301004252,65961.18344707524,18.798529303257634,10.67441090337509,179.16553791617164,2.6308516908602944e-08
302,solver_residual_call,,,20.31385612100712,65961.18346661056,18.798529312555598,10.674410912306657,179.16553791617164,3.077526772824226e-08
303,solver_residual_call,,,20.39791343800607,65961.18376601767,18.798529352708943,10.67441095097805,179.16553791617164,3.7070332250330926e-08
304,solver_residual_call,,,20.48367868600326,65961.18332739554,18.79852931659218,10.67441090953863,179.16553791617164,3.472086485892265e-08
305,solver_residual_call,,,20.569293032000132,65961.18303141913,18.79852925863785,10.674410861652753,179.16553791617164,2.790064564031868e-08
306,solver_residual_call,,,20.655304633000924,65961.18355119866,18.798529319237584,10.674410921457701,179.16553791617164,2.5358687535392723e-08
307,solver_residual_call,,,20.74098163400049,65961.1832510161,18.798529287887455,10.674410888010415,179.16553791617164,2.5358687535392723e-08
308,solver_residual_call,,,20.820338832003472,65961.18318759237,18.798529265268627,10.674410871524856,179.16553791617164,3.153351567882737e-08
309,solver_residual_call,,,20.90180900600535,65961.18369235695,18.798529316392838,10.674410952977283,179.16553791617164,3.6450942537044625e-08
310,solver_residual_call,,,20.977309515001252,65961.1837553904,18.79852931796409,10.674410967661732,179.16553791617164,3.318216285538498e-08
311,solver_residual_call,,,21.044834625005024,65961.18340797158,18.79852929916689,10.67441090499226,179.16553791617164,2.7690202797906926e-08
312,solver_residual_call,,,21.11124454200035,65961.18339374702,18.798529300350364,10.674410900443744,179.16553791617164,2.4526375008666323e-08
313,solver_residual_call,,,21.177096672006883,65961.18342901759,18.798529301220526,10.674410907925985,179.16553791617164,2.4526375008666323e-08
314,solver_residual_call,,,21.243426192006154,65961.18323266119,18.798529291772393,10.674410872161447,179.16553791617164,3.0932648318208034e-08
315,solver_residual_call,,,21.316947926003195,65961.18301663073,18.79852926786312,10.674410834920463,179.16553791617164,3.529651858253257e-08
316,solver_residual_call,,,21.387536839007225,65961.18334494196,18.798529286362875,10.674410872417631,179.16553791617164,3.209387019941316e-08
317,solver_residual_call,,,21.454493289005768,65961.18354370611,18.798529310805282,10.67441091641629,179.16553791617164,2.7221333771651445e-08
318,solver_residual_call,,,21.52446024400706,65961.18335232083,18.798529297185105,10.674410894020772,179.16553791617164,2.4094249886948336e-08
319,solver_residual_call,,,21.58853923400602,65961.18344487126,18.798529302615247,10.67441090489742,179.16553791617164,2.4094249886948336e-08
320,solver_residual_call,,,21.651259341000696,65961.18353424352,18.798529312465732,10.67441092797181,179.16553791617164,2.943440186010766e-08
321,solver_residual_call,,,21.72029026900418,65961.18355010836,18.798529305611137,10.67441092773349,179.16553791617164,3.3224815768085816e-08
322,solver_residual_call,,,21.78523414900701,65961.18329009751,18.79852929301207,10.674410874377878,179.16553791617164,3.301195912866653e-08
323,solver_residual_call,,,21.85515320500417,65961.1832478661,18.798529293483327,10.674410867585307,179.16553791617164,2.9540426411927923e-08
324,solver_residual_call,,,21.919976598001085,65961.18340136306,18.79852930028681,10.674410901984178,179.16553791617164,2.316734272070096e-08
325,solver_residual_call,,,21.985514867003076,65961.1833281738,18.79852929702741,10.674410885077167,179.16553791617164,2.2723865245413283e-08
326,solver_residual_call,,,22.05121752800187,65961.18333069228,18.798529298082133,10.67441088668088,179.16553791617164,3.0400840409790606e-08
327,solver_residual_call,,,22.117026340005395,65961.18327070428,18.79852929425416,10.67441087691645,179.16553791617164,3.3297746636070633e-08
328,solver_residual_call,,,22.18185923800047,65961.1834952454,18.798529309870656,10.674410906671088,179.16553791617164,3.321665078273062e-08
329,solver_residual_call,,,22.245186071006174,65961.18338728795,18.798529299529427,10.674410898803062,179.16553791617164,3.102742470417126e-08
330,solver_residual_call,,,22.309684571002435,65961.18347820407,18.79852930467507,10.674410910478802,179.16553791617164,2.3425265046182167e-08
331,solver_residual_call,,,22.374382088004495,65961.18342942027,18.798529302090536,10.674410904607448,179.16553791617164,2.2469067949391005e-08
332,solver_residual_call,,,22.437339281001186,65961.1833549338,18.798529295953326,10.674410896966279,179.16553791617164,3.040210869731079e-08
333,solver_residual_call,,,22.500907451001694,65961.1835732859,18.798529307989597,10.67441092395241,179.16553791617164,3.2885641764687106e-08
334,solver_residual_call,,,22.565560752002057,65961.18323319967,18.798529279370428,10.674410857031711,179.16553791617164,3.3603207755343705e-08
335,solver_residual_call,,,22.62941367100575,65961.18320126853,18.7985292863972,10.67441086135381,179.16553791617164,3.2056523495508124e-08
336,solver_residual_call,,,22.693216184001358,65961.18340322276,18.798529300591532,10.674410901408457,179.16553791617164,2.3080566452606153e-08
337,solver_residual_call,,,22.757661425006518,65961.18330457587,18.7985292938791,10.67441088159914,179.16553791617164,2.1842394547568807e-08
338,solver_residual_call,,,22.822637516001123,65961.18332210631,18.798529298642926,10.674410889802447,179.16553791617164,3.0608324252499075e-08
339,solver_residual_call,,,22.886913237001863,65961.18355264158,18.798529306669515,10.674410918192624,179.16553791617164,3.2417925359745546e-08
340,solver_residual_call,,,22.95317593600339,65961.18316699537,18.79852927976286,10.674410832030368,179.16553791617164,3.398683805732983e-08
341,solver_residual_call,,,23.01675233500282,65961.1831909009,18.798529287390686,10.674410857894054,179.16553791617164,3.3433543342191117e-08
342,solver_residual_call,,,23.078983086001244,65961.18339801162,18.798529300311678,10.674410898813633,179.16553791617164,2.3089839345951908e-08
343,solver_residual_call,,,23.144981771001767,65961.18329665987,18.798529294297698,10.674410878493479,179.16553791617164,2.136332489709759e-08
344,solver_residual_call,,,23.2089398560056,65961.18334391556,18.798529299326866,10.674410899060504,179.16553791617164,3.074209127696324e-08
345,solver_residual_call,,,23.27197081600025,65961.18352989877,18.79852930514083,10.674410916842186,179.16553791617164,3.324081667309432e-08
346,solver_residual_call,,,23.337892677001946,65961.18328505586,18.798529291979467,10.674410875534855,179.16553791617164,3.3556741389367276e-08
347,solver_residual_call,,,23.402564598000026,65961.18326641161,18.798529293512683,10.674410880415598,179.16553791617164,3.2011955270345095e-08
348,solver_residual_call,,,23.46415214600711,65961.18340302115,18.798529300336646,10.67441090178246,179.16553791617164,2.242042181630152e-08
349,solver_residual_call,,,23.528265194006963,65961.18333732503,18.798529297083924,10.674410891577445,179.16553791617164,2.1073424255447017e-08
350,solver_residual_call,,,23.591846759001783,65961.1833477103,18.798529298644546,10.674410896487817,179.16553791617164,3.0557955457372735e-08
351,solver_residual_call,,,23.65412806700624,65961.18320041262,18.798529283624543,10.67441087233921,179.16553791617164,3.347260085957592e-08
352,solver_residual_call,,,23.71618982500513,65961.18340549509,18.79852929266768,10.674410887807978,179.16553791617164,3.290766199873898e-08
353,solver_residual_call,,,23.781283864002035,65961.18350851983,18.798529306263024,10.67441091109917,179.16553791617164,3.0794113255280574e-08
354,solver_residual_call,,,23.84477442100615,65961.18337259344,18.798529298443434,10.674410897700096,179.16553791617164,2.227282580580126e-08
355,solver_residual_call,,,23.907419580005808,65961.18343620108,18.7985293020483,10.674410903867237,179.16553791617164,2.1073424255447017e-08
356,solver_residual_call,,,23.973230906005483,65961.18346087173,18.798529306868765,10.674410912109598,179.16553791617164,2.997075753928588e-08
357,solver_residual_call,,,24.038270364006166,65961.18332657161,18.798529296596644,10.674410893802031,179.16553791617164,3.373925241970874e-08
358,solver_residual_call,,,24.100199067004723,65961.18355040884,18.798529315986414,10.674410931656427,179.16553791617164,3.3006590343555406e-08
359,solver_residual_call,,,24.164619860006496,65961.18349544262,18.798529308658832,10.67441091734727,179.16553791617164,2.9452677907479586e-08
360,solver_residual_call,,,24.22808467300638,65961.18338086535,18.798529299225027,10.67441089892077,179.16553791617164,2.1498960115007288e-08
361,solver_residual_call,,,24.289460497006075,65961.18343999595,18.798529304173172,10.674410908571705,179.16553791617164,2.1073424255447017e-08
362,solver_residual_call,,,24.354903894003655,65961.18339698284,18.798529299289747,10.67441089903366,179.16553791617164,3.062749369775997e-08
363,solver_residual_call,,,24.41831478500535,65961.18378640762,18.798529321320355,10.674410939925307,179.16553791617164,3.5239908273662634e-08
364,solver_residual_call,,,24.480204221006716,65961.18323663781,18.79852928067258,10.67441086446599,179.16553791617164,3.265715728520491e-08
365,solver_residual_call,,,24.544823047006503,65961.18314553506,18.798529281395965,10.674410865931193,179.16553791617164,2.7616700690357325e-08
366,solver_residual_call,,,24.608202951007115,65961.18347140354,18.79852930524275,10.674410910125404,179.16553791617164,2.1073424255447017e-08
367,solver_residual_call,,,24.670396018002066,65961.18326109687,18.79852928965031,10.674410881186988,179.16553791617164,2.1073424255447017e-08
368,solver_residual_call,,,24.734919326001545,65961.1832342329,18.798529292707673,10.674410886895664,179.16553791617164,3.076900471028606e-08
369,solver_residual_call,,,24.80170527100563,65961.18329010915,18.798529296682865,10.67441087120609,179.16553791617164,3.581953480710348e-08
370,solver_residual_call,,,24.865430195000954,65961.18330014295,18.79852929705152,10.674410874756182,179.16553791617164,3.234018913987787e-08
371,solver_residual_call,,,24.929985053000564,65961.18340374877,18.798529300257528,10.674410904475202,179.16553791617164,2.6637950571832334e-08
372,solver_residual_call,,,24.99505471700104,65961.18338156186,18.798529299536394,10.67441089772492,179.16553791617164,2.1073424255447017e-08
373,solver_residual_call,,,25.058093835003092,65961.18338505393,18.798529299662214,10.674410898927633,179.16553791617164,2.1073424255447017e-08
374,solver_residual_call,,,25.12056535800366,65961.18343935072,18.798529301336465,10.674410914370215,179.16553791617164,3.0682079997489066e-08
375,solver_residual_call,,,25.18659363000188,65961.18340688196,18.798529300139382,10.674410904301265,179.16553791617164,3.633927671423715e-08
376,solver_residual_call,,,25.272201609004696,65961.18354383112,18.79852930446952,10.674410925522201,179.16553791617164,3.20591463278104e-08
377,solver_residual_call,,,25.351242806005757,65961.18354075048,18.798529304853076,10.674410925686036,179.16553791617164,2.546833061129802e-08
378,solver_residual_call,,,25.432464709003398,65961.18336474955,18.798529298973452,10.674410895948654,179.16553791617164,2.1073424255447017e-08
379,solver_residual_call,,,25.50613350900676,65961.18346688991,18.798529302295588,10.674410913022427,179.16553791617164,2.1073424255447017e-08
380,solver_residual_call,,,25.570945945000858,65961.18334381613,18.79852929836743,10.674410891340113,179.16553791617164,3.0559879297020806e-08
381,solver_residual_call,,,25.638550472001953,65961.18314030652,18.798529291531825,10.674410835218595,179.16553791617164,3.682007072429679e-08
382,solver_residual_call,,,25.70311751200643,65961.18332566494,18.798529297654845,10.674410874647343,179.16553791617164,3.187486865856616e-08
383,solver_residual_call,,,25.76892401600344,65961.18345537818,18.798529301806507,10.674410914143081,179.16553791617164,2.4376133132781876e-08
384,solver_residual_call,,,25.841261128000042,65961.18334461533,18.798529298357295,10.674410890230009,179.16553791617164,2.1073424255447017e-08
385,solver_residual_call,,,25.91168078800547,65961.18340948745,18.798529300377986,10.674410902112555,179.16553791617164,2.1073424255447017e-08
386,solver_residual_call,,,25.975498610001523,65961.1835164775,18.798529304045264,10.674410933554457,179.16553791617164,3.0813670116354224e-08
387,solver_residual_call,,,26.044917215003807,65961.18345808316,18.79852930173508,10.674410914485716,179.16553791617164,3.7879214789218786e-08
388,solver_residual_call,,,26.11153288800415,65961.1833621222,18.79852929868133,10.674410892283797,179.16553791617164,3.174535253838065e-08
389,solver_residual_call,,,26.17663982900558,65961.18330041945,18.798529296939712,10.674410879348407,179.16553791617164,2.2856394308328707e-08
390,solver_residual_call,,,26.245719653001288,65961.18337428951,18.79852929932398,10.674410896674198,179.16553791617164,2.1073424255447017e-08
391,solver_residual_call,,,26.310651017003693,65961.18335255414,18.798529298547447,10.674410891141193,179.16553791617164,2.1073424255447017e-08
392,solver_residual_call,,,26.375657176002278,65961.18334014706,18.79852929834691,10.674410889489312,179.16553791617164,3.106887883071633e-08
393,solver_residual_call,,,26.443459397007246,65961.1833891798,18.798529299775275,10.67441090001953,179.16553791617164,3.762836599285539e-08
394,solver_residual_call,,,26.50861627500126,65961.1833892688,18.798529299777627,10.674410900008764,179.16553791617164,3.185206223916932e-08
395,solver_residual_call,,,26.57549250900047,65961.18338922085,18.798529299776384,10.67441089994356,179.16553791617164,2.3747319288571774e-08
396,solver_residual_call,,,26.645252324000467,65961.18338927493,18.7985292997778,10.674410899958975,179.16553791617164,2.1073424255447017e-08
397,solver_residual_call,,,26.709254228000646,65961.18338925578,18.79852929977729,10.674410900005446,179.16553791617164,2.1073424255447017e-08
398,solver_residual_call,,,26.773112399001548,65961.18338945252,18.79852929978246,10.6744109001381,179.16553791617164,3.1067985301767375e-08
399,solver_residual_call,,,26.845859746004862,65961.18330764653,18.79852929731995,10.674410887594483,179.16553791617164,3.7225904249765864e-08
400,solver_residual_call,,,26.915778845002933,65961.18323037587,18.7985292941829,10.674410871894871,179.16553791617164,3.19989030001057e-08
401,solver_residual_call,,,26.979630730005738,65961.18333206112,18.79852929736068,10.674410887917457,179.16553791617164,2.4563826182178362e-08
402,solver_residual_call,,,27.04847249500017,65961.18339787048,18.798529299998663,10.674410901080304,179.16553791617164,2.1073424255447017e-08
403,solver_residual_call,,,27.114212676002353,65961.18333265983,18.79852929762531,10.674410889170938,179.16553791617164,2.1073424255447017e-08
404,solver_residual_call,,,27.183333465000032,65961.18343911238,18.79852930122048,10.674410907044496,179.16553791617164,3.1091371750076374e-08
405,solver_residual_call,,,27.249441393003508,65961.18342677441,18.798529300788744,10.674410906151156,179.16553791617164,3.6734717436851615e-08
406,solver_residual_call,,,27.313867763004964,65961.1833264394,18.798529297080464,10.674410884159592,179.16553791617164,3.214291139506591e-08
407,solver_residual_call,,,27.376828552005463,65961.18329774574,18.79852929646963,10.674410880596788,179.16553791617164,2.550295443840135e-08
408,solver_residual_call,,,27.442349305005337,65961.18337950022,18.79852929948615,10.674410898201316,179.16553791617164,2.1073424255447017e-08
409,solver_residual_call,,,27.506835586005764,65961.18333789085,18.79852929783861,10.674410888617535,179.16553791617164,2.1073424255447017e-08
410,solver_residual_call,,,27.570406823004305,65961.183354817,18.798529298776483,10.674410894333413,179.16553791617164,3.1100067523015533e-08
411,solver_residual_call,,,27.633149383000273,65961.18338925284,18.79852929977722,10.67441089994656,179.16553791617164,3.602926464464904e-08
412,solver_residual_call,,,27.69945467800426,65961.1833892539,18.798529299777243,10.674410899951262,179.16553791617164,3.265777250373821e-08
413,solver_residual_call,,,27.764015397006006,65961.18338926166,18.798529299777446,10.674410899998774,179.16553791617164,2.712261775728677e-08
414,solver_residual_call,,,27.83224642300047,65961.18338925861,18.798529299777368,10.674410899982036,179.16553791617164,2.1073424255447017e-08
415,solver_residual_call,,,27.898349891002,65961.18338925923,18.798529299777385,10.674410899984593,179.16553791617164,2.1073424255447017e-08
416,solver_residual_call,,,27.962578012004087,65961.18338925976,18.798529299777396,10.674410899987897,179.16553791617164,3.1691357789421525e-08
417,solver_residual_call,,,28.02475572300318,65961.18338927739,18.798529299777858,10.674410900007327,179.16553791617164,3.5564121858937375e-08
418,solver_residual_call,,,28.094159004001995,65961.18338932002,18.79852929977897,10.67441090005984,179.16553791617164,3.330179277792595e-08
419,solver_residual_call,,,28.159401056000206,65961.18338927628,18.79852929977783,10.674410900005729,179.16553791617164,2.9256082638737438e-08
420,solver_residual_call,,,28.22951399300655,65961.18338926989,18.798529299777663,10.674410899994522,179.16553791617164,2.124765361283441e-08
421,solver_residual_call,,,28.30130952300533,65961.18338925595,18.798529299777297,10.674410899982668,179.16553791617164,2.1073424255447017e-08
422,solver_residual_call,,,28.365702836003038,65961.1833892441,18.798529299776988,10.674410899973028,179.16553791617164,3.175788697186943e-08
423,solver_residual_call,,,28.43125305200374,65961.18338924079,18.798529299776906,10.674410899949812,179.16553791617164,3.5229759991665654e-08
424,solver_residual_call,,,28.497056994005106,65961.18338920023,18.798529299775847,10.674410899883366,179.16553791617164,3.296399265120667e-08
425,solver_residual_call,,,28.560481514999992,65961.18338924985,18.79852929977714,10.67441089996981,179.16553791617164,2.92596325552805e-08
426,solver_residual_call,,,28.624169373004406,65961.1833892561,18.798529299777304,10.6744108999916,179.16553791617164,2.203406053871054e-08
427,solver_residual_call,,,28.688501354001346,65961.1833892566,18.798529299777314,10.674410899981936,179.16553791617164,2.198694917240695e-08
428,solver_residual_call,,,28.75094289300614,65961.18338926871,18.79852929977763,10.6744108999882,179.16553791617164,3.1496748994520005e-08
429,solver_residual_call,,,28.816620405006688,65961.18338925013,18.79852929977715,10.674410899956435,179.16553791617164,3.4235971967396664e-08
430,solver_residual_call,,,28.88288661200204,65961.18338924239,18.79852929977695,10.67441089997107,179.16553791617164,3.293902354766249e-08
431,solver_residual_call,,,28.94786762300646,65961.18338931321,18.798529299778796,10.674410900049548,179.16553791617164,3.069556381273585e-08
432,solver_residual_call,,,29.010533678003412,65961.18338927114,18.798529299777698,10.674410899999245,179.16553791617164,2.399874416444257e-08
433,solver_residual_call,,,29.076719199001673,65961.18338925869,18.798529299777368,10.674410899982302,179.16553791617164,2.3208721994834578e-08
434,solver_residual_call,,,29.142845081005362,65961.18338924079,18.7985292997769,10.674410899969786,179.16553791617164,3.110472450977622e-08
435,solver_residual_call,,,29.206881143007195,65961.18338926035,18.798529299777414,10.67441090000727,179.16553791617164,3.3596221789990525e-08
436,solver_residual_call,,,29.277853295003297,65961.18338927774,18.798529299777865,10.674410900016667,179.16553791617164,3.386037246655553e-08
437,solver_residual_call,,,29.359172034004587,65961.18338923059,18.79852929977664,10.674410899904025,179.16553791617164,3.2250089963392225e-08
438,solver_residual_call,,,29.46537269200053,65961.18338925425,18.798529299777254,10.674410899974859,179.16553791617164,2.6394120101664626e-08
439,solver_residual_call,,,29.55517274900194,65961.18338925534,18.798529299777282,10.674410899981334,179.16553791617164,2.5335821777375127e-08
440,solver_residual_call,,,29.650136313000985,65961.18338926963,18.798529299777655,10.67441089999377,179.16553791617164,3.173632190711481e-08
441,solver_residual_call,,,29.721503044005658,65961.18338924488,18.798529299777012,10.67441089999716,179.16553791617164,3.2052580718222113e-08
442,solver_residual_call,,,29.791336853006214,65961.18338920988,18.7985292997761,10.674410900088139,179.16553791617164,3.4474260394328676e-08
443,solver_residual_call,,,29.856443167002,65961.18338928148,18.798529299777964,10.674410900019918,179.16553791617164,3.6240582496943165e-08
444,solver_residual_call,,,29.921185723003873,65961.18338936334,18.798529299780093,10.674410900126876,179.16553791617164,3.025829085950284e-08
445,solver_residual_call,,,29.990416257001925,65961.18338926266,18.798529299777474,10.674410899994747,179.16553791617164,2.7757614689493397e-08
446,solver_residual_call,,,30.057337529004144,65961.18338934402,18.79852929977959,10.674410900007853,179.16553791617164,3.211007509735971e-08
447,solver_residual_call,,,30.12281049200101,65961.18338918482,18.798529299775446,10.674410899894012,179.16553791617164,3.211007509735971e-08
448,solver_residual_call,,,30.18814046200714,65961.1833893067,18.79852929977861,10.674410900142973,179.16553791617164,3.758168181166216e-08
449,solver_residual_call,,,30.25466243500705,65961.1833891961,18.798529299775723,10.674410900067624,179.16553791617164,4.0967460523453073e-08
450,solver_residual_call,,,30.320774721003545,65961.18338940629,18.798529299781247,10.674410900016575,179.16553791617164,3.494674929151375e-08
451,solver_residual_call,,,30.385696232006012,65961.1833892112,18.798529299776135,10.674410899961899,179.16553791617164,3.0908336611604476e-08
452,solver_residual_call,,,30.451515329004906,65961.18338898491,18.798529299770216,10.674410899787395,179.16553791617164,3.218697338756917e-08
453,solver_residual_call,,,30.516331432001607,65961.18338891215,18.798529299768038,10.67441089997764,179.16553791617164,3.218697338756917e-08
454,solver_residual_call,,,30.58217562300706,65961.18338988225,18.79852929979366,10.674410899674996,179.16553791617164,4.0906980600390404e-08
455,solver_residual_call,,,30.647299568001472,65961.18338945362,18.79852929978202,10.674410900011218,179.16553791617164,4.561239207756189e-08
456,solver_residual_call,,,30.713886661003926,65961.18338809132,18.798529299746903,10.674410899905965,179.16553791617164,4.020686935075141e-08
457,solver_residual_call,,,30.78459829300118,65961.18338929521,18.79852929977806,10.67441090000364,179.16553791617164,3.4777623463829145e-08
458,solver_residual_call,,,30.85221807200287,65961.18338889947,18.798529299767445,10.674410900045071,179.16553791617164,3.241630517823898e-08
459,solver_residual_call,,,30.926018619000388,65961.18338937835,18.79852929978049,10.674410899993005,179.16553791617164,3.241630517823898e-08
460,solver_residual_call,,,30.99566905500251,65961.18338944252,18.79852929978214,10.674410899652482,179.16553791617164,4.1550577646817725e-08
461,solver_residual_call,,,31.065343542002665,65961.18338934946,18.79852929977972,10.67441090002788,179.16553791617164,4.641655929793019e-08
462,solver_residual_call,,,31.13323674100684,65961.18338884533,18.79852929976663,10.67441089988792,179.16553791617164,4.1162539613407276e-08
463,solver_residual_call,,,31.19832239000243,65961.18338928733,18.798529299778114,10.674410900027969,179.16553791617164,3.558522436561673e-08
464,solver_residual_call,,,31.26258222600154,65961.18338921666,18.798529299776273,10.674410900126212,179.16553791617164,3.254966821924254e-08
465,solver_residual_call,,,31.329152966005495,65961.18338919448,18.7985292997757,10.674410899805505,179.16553791617164,3.254966821924254e-08
466,solver_residual_call,,,31.39462689600623,65961.18338946758,18.798529299782803,10.674410900558264,179.16553791617164,4.125561117681322e-08
467,solver_residual_call,,,31.45874983100657,65961.18338929885,18.79852929977842,10.674410900106444,179.16553791617164,4.632771298688554e-08
468,solver_residual_call,,,31.52335972400033,65961.18338961656,18.798529299786683,10.674410900803649,179.16553791617164,4.205181017063944e-08
469,solver_residual_call,,,31.586642644004314,65961.1833891754,18.798529299775208,10.674410899936106,179.16553791617164,3.638850370109559e-08
470,solver_residual_call,,,31.6487438470067,65961.18338934447,18.798529299779602,10.674410900236271,179.16553791617164,3.240887374574922e-08
471,solver_residual_call,,,31.712581252002565,65961.18338928967,18.798529299778178,10.674410900062625,179.16553791617164,3.240887374574922e-08
472,solver_residual_call,,,31.776929460000247,65961.18338933427,18.798529299779343,10.674410900043235,179.16553791617164,4.053463497363132e-08
473,solver_residual_call,,,31.84089001800021,65961.18338926959,18.798529299777655,10.674410899897314,179.16553791617164,4.537290858236774e-08
474,solver_residual_call,,,31.907433072003187,65961.18338942806,18.798529299781787,10.674410900187326,179.16553791617164,4.243187751019437e-08
475,solver_residual_call,,,31.972569251003733,65961.18338918692,18.7985292997755,10.67441089977924,179.16553791617164,3.7213170091538485e-08
476,solver_residual_call,,,32.037185313005466,65961.18338947659,18.798529299783038,10.674410900494147,179.16553791617164,3.25482024573905e-08
477,solver_residual_call,,,32.10323583700665,65961.18338927135,18.798529299777687,10.674410900052095,179.16553791617164,3.25482024573905e-08
478,solver_residual_call,,,32.16916715800471,65961.18338879537,18.798529299765182,10.674410899745004,179.16553791617164,3.970733189583616e-08
479,solver_residual_call,,,32.2337998380026,65961.18338922891,18.798529299776533,10.674410899996296,179.16553791617164,4.433436145755214e-08
480,solver_residual_call,,,32.297896858006425,65961.18338830292,18.798529299752264,10.674410899297712,179.16553791617164,4.28472893930374e-08
481,solver_residual_call,,,32.36209698300081,65961.18338946244,18.79852929978266,10.674410900177595,179.16553791617164,3.8039805582677454e-08
482,solver_residual_call,,,32.42629902000044,65961.18338909604,18.798529299773108,10.674410899550573,179.16553791617164,3.26176650001147e-08
483,solver_residual_call,,,32.48985559000721,65961.18342756918,18.798529305657354,10.674410907724718,179.16553791617164,3.26176650001147e-08
484,solver_residual_call,,,32.55596560300182,65961.18301720885,18.79852925711561,10.674410843688483,179.16553791617164,3.786965318062185e-08
485,solver_residual_call,,,32.61864586400043,65961.18321926633,18.798529277733817,10.674410870398948,179.16553791617164,4.2222481088971934e-08
486,solver_residual_call,,,32.685080113005824,65961.18328129638,18.798529286606286,10.674410883377874,179.16553791617164,4.378317609421895e-08
487,solver_residual_call,,,32.757191958000476,65961.18333039038,18.79852929222242,10.674410889846303,179.16553791617164,3.9602262960711926e-08
488,solver_residual_call,,,32.82949081000697,65961.18342722603,18.79852930277044,10.674410903431262,179.16553791617164,3.258486004229232e-08
489,solver_residual_call,,,32.916845558000205,65961.1833943209,18.79852930573565,10.674410901736954,179.16553791617164,3.258486004229232e-08
490,solver_residual_call,,,33.00777967900649,65961.18388690891,18.79852946191923,10.674410946014607,179.16553791617164,3.701255010494542e-08
491,solver_residual_call,,,33.10750981000456,65961.18343033966,18.79852925453608,10.674410887357203,179.16553791617164,4.1165686269220666e-08
492,solver_residual_call,,,33.18873369800713,65961.18393282453,18.798529441205183,10.674410939900866,179.16553791617164,4.474524774695892e-08
493,solver_residual_call,,,33.28305886500311,65961.18338341598,18.798529264901994,10.674410890289522,179.16553791617164,4.095671294417955e-08
494,solver_residual_call,,,33.371321036000154,65961.18312876785,18.79852914470093,10.674410856243572,179.16553791617164,3.226716475276096e-08
495,solver_residual_call,,,33.4695800000045,65961.18333078691,18.798529302575744,10.674410900092028,179.16553791617164,3.226716475276096e-08
496,solver_residual_call,,,33.58723365800688,65961.18295575824,18.79852924475682,10.674410854749407,179.16553791617164,3.549493084301789e-08
497,solver_residual_call,,,33.70676136100519,65961.18332764725,18.798529276389953,10.674410882124025,179.16553791617164,3.929652852955923e-08
498,solver_residual_call,,,33.8203926280039,65961.18328118579,18.7985292834451,10.674410885728399,179.16553791617164,4.510545193444325e-08
499,solver_residual_call,,,33.92829960000381,65961.18335632946,18.798529290914576,10.674410892969034,179.16553791617164,4.183508999974221e-08
500,solver_residual_call,,,34.023099119003746,65961.18350569419,18.79852930649046,10.67441090650771,179.16553791617164,3.2337116850656995e-08
501,solver_residual_call,,,34.10065388700605,65961.18304872158,18.798529261478908,10.674410860697083,179.16553791617164,3.2337116850656995e-08
502,solver_residual_call,,,34.17959685200185,65961.18300720687,18.798529238019622,10.674410837416278,179.16553791617164,3.4305551635903224e-08
503,solver_residual_call,,,34.25967364200187,65961.18367976042,18.798529327325788,10.674410928042885,179.16553791617164,3.808595105048672e-08
504,solver_residual_call,,,34.33455700100603,65961.18330937908,18.79852928771443,10.674410888630728,179.16553791617164,4.592500634044784e-08
505,solver_residual_call,,,34.41712707800616,65961.18343933119,18.7985293032585,10.674410903721487,179.16553791617164,4.284200524011133e-08
506,solver_residual_call,,,34.49189432100684,65961.18362807302,18.79852932906196,10.6744109296537,179.16553791617164,3.184882011037511e-08
507,solver_residual_call,,,34.575710198005254,65961.18297821237,18.798529276353438,10.674410851337367,179.16553791617164,3.187872387531059e-08
508,solver_residual_call,,,34.67998394599999,65961.18334824003,18.798529429600354,10.674410937146375,179.16553791617164,3.3380468422307766e-08
509,solver_residual_call,,,34.77482126800169,65961.1837731465,18.798529377459822,10.674410971465711,179.16553791617164,3.654133770820275e-08
510,solver_residual_call,,,34.84713049400307,65961.18386368267,18.798529450072575,10.674410954163623,179.16553791617164,4.6168579435655815e-08
511,solver_residual_call,,,34.918170024000574,65961.18348310409,18.798529339113067,10.674410920851386,179.16553791617164,4.3687736771306464e-08
512,solver_residual_call,,,34.98985345500114,65961.18338468258,18.798529274931475,10.674410909267191,179.16553791617164,3.237184210854402e-08
513,solver_residual_call,,,35.06364122400555,65961.18298793277,18.798529263959523,10.674410864400274,179.16553791617164,3.290159391732744e-08
514,solver_residual_call,,,35.138892230002966,65961.18401913632,18.79852953789615,10.674411054011541,179.16553791617164,3.29545752511499e-08
515,solver_residual_call,,,35.210174137006106,65961.18400733892,18.79852940688093,10.674410986493106,179.16553791617164,3.5473256859515174e-08
516,solver_residual_call,,,35.285270099004265,65961.1839243871,18.798529411423946,10.674410963687212,179.16553791617164,4.6545970653646943e-08
517,solver_residual_call,,,35.36042959500628,65961.18356192697,18.798529327520335,10.674410921581543,179.16553791617164,4.426737784252088e-08
518,solver_residual_call,,,35.43592747400544,65961.1833166029,18.798529245856525,10.674410874922128,179.16553791617164,3.2323991877689167e-08
519,solver_residual_call,,,35.508323484005814,65961.18329188641,18.798529308605197,10.674410878416252,179.16553791617164,3.347326190311235e-08
520,solver_residual_call,,,35.60305228900688,65961.18242293077,18.79852931336629,10.674410733215952,179.16553791617164,3.2266709024607376e-08
521,solver_residual_call,,,35.68513896100194,65961.18293433009,18.798529292914804,10.674410832471011,179.16553791617164,3.352485086780402e-08
522,solver_residual_call,,,35.76844652100408,65961.18395959043,18.798529503312174,10.67441095510296,179.16553791617164,4.7259608927457404e-08
523,solver_residual_call,,,35.84987226400699,65961.1833053348,18.798529342005125,10.674410890857885,179.16553791617164,4.555300988980809e-08
524,solver_residual_call,,,35.930255195002246,65961.18329672136,18.798529267251826,10.674410913388623,179.16553791617164,3.2392429872470655e-08
525,solver_residual_call,,,36.00671463000617,65961.18414501718,18.79852940097885,10.674410978790654,179.16553791617164,3.409222378829807e-08
526,solver_residual_call,,,36.08805311800097,65961.18613271782,18.798529870382126,10.674411233684932,179.16553791617164,3.24969516150303e-08
527,solver_residual_call,,,36.17097395300516,65961.18415824018,18.798529491043325,10.674411000692661,179.16553791617164,3.2966654258629787e-08
528,solver_residual_call,,,36.254201203002594,65961.18366733214,18.798529328142006,10.674410942100721,179.16553791617164,4.6905043555704574e-08
529,solver_residual_call,,,36.33281993800483,65961.18362572308,18.798529350539564,10.674410930111854,179.16553791617164,4.5346714020264605e-08
530,solver_residual_call,,,36.41224431000592,65961.18284132125,18.798529213547845,10.674410831651556,179.16553791617164,3.295278456587543e-08
531,solver_residual_call,,,36.49331117100519,65961.1841296278,18.798529381285665,10.674410969638505,179.16553791617164,3.5120107880424896e-08
532,solver_residual_call,,,36.5754179200012,65961.18599732238,18.798529734575393,10.674411202733427,179.16553791617164,3.1949927566387835e-08
533,solver_residual_call,,,36.65657134400681,65961.18405589915,18.798529436392148,10.674410992164335,179.16553791617164,3.141457173631362e-08
534,solver_residual_call,,,36.736894505003875,65961.18358072167,18.798529321142254,10.674410922983569,179.16553791617164,4.744859152631776e-08
535,solver_residual_call,,,36.80732327000442,65961.18362550992,18.7985293404718,10.67441093028063,179.16553791617164,4.623586730088561e-08
536,solver_residual_call,,,36.879176474001724,65961.18290387919,18.798529234159176,10.674410847504564,179.16553791617164,3.294566621387327e-08
537,solver_residual_call,,,36.95067138900049,65961.1828076775,18.798529210526066,10.674410843953746,179.16553791617164,3.561272015464543e-08
538,solver_residual_call,,,37.01627969800029,65961.18397611188,18.798529510923668,10.674411041107504,179.16553791617164,3.152817910938597e-08
539,solver_residual_call,,,37.080188602005364,65961.1843014553,18.79852947917974,10.674411026733747,179.16553791617164,2.999851608845002e-08
540,solver_residual_call,,,37.14402044200688,65961.18326898677,18.79852929125481,10.674410889480441,179.16553791617164,4.627531874483661e-08
541,solver_residual_call,,,37.210336828000436,65961.18360513687,18.79852934422308,10.674410933423422,179.16553791617164,4.530641589050733e-08
542,solver_residual_call,,,37.27949808000267,65961.18353535957,18.798529309603186,10.6744109077225,179.16553791617164,3.183971051912126e-08
543,solver_residual_call,,,37.34616080700653,65961.1843601058,18.79852935594353,10.674410993348275,179.16553791617164,3.5489796859181104e-08
544,solver_residual_call,,,37.40979000700463,65961.18575279893,18.79852958250018,10.674411170799601,179.16553791617164,3.19852403965047e-08
545,solver_residual_call,,,37.477641935001884,65961.18396469325,18.798529396987327,10.674410993017801,179.16553791617164,2.846172685762116e-08
546,solver_residual_call,,,37.542151414003456,65961.18342561532,18.798529305383205,10.67441090842063,179.16553791617164,4.410172165077307e-08
547,solver_residual_call,,,37.60564362900186,65961.18364744974,18.798529332351297,10.674410933497859,179.16553791617164,4.372858384286105e-08
548,solver_residual_call,,,37.674114553003164,65961.18287556974,18.79852925616644,10.67441084446369,179.16553791617164,3.2528916242204326e-08
549,solver_residual_call,,,37.738877333002165,65961.18378331985,18.798529316090697,10.67441095018411,179.16553791617164,3.6858776299753116e-08
550,solver_residual_call,,,37.80369683400204,65961.18371186957,18.798529311750475,10.674410947937258,179.16553791617164,3.191937586586835e-08
551,solver_residual_call,,,37.873331801005406,65961.18325173344,18.798529283423065,10.674410872327876,179.16553791617164,2.680312588568135e-08
552,solver_residual_call,,,37.93839288900199,65961.18346467378,18.798529298484862,10.674410911410247,179.16553791617164,4.266829132141199e-08
553,solver_residual_call,,,38.00197642700368,65961.18331004729,18.7985292874591,10.674410886278224,179.16553791617164,4.266829132141199e-08
554,solver_residual_call,,,38.07005355900037,65961.18324976963,18.798529292392285,10.674410878895927,179.16553791617164,3.248045741294355e-08
555,solver_residual_call,,,38.134467814001255,65961.1838526409,18.798529322231488,10.674410945280247,179.16553791617164,3.7557284502269674e-08
556,solver_residual_call,,,38.19844923200435,65961.18271038264,18.79852919803702,10.674410818969525,179.16553791617164,3.19901477254043e-08
557,solver_residual_call,,,38.26157282500208,65961.18287057447,18.798529224724422,10.674410819805264,179.16553791617164,2.5841827452074737e-08
558,solver_residual_call,,,38.32812382300472,65961.18363688112,18.798529318361272,10.67441093531582,179.16553791617164,4.132559174046322e-08
559,solver_residual_call,,,38.39093475800473,65961.18309524028,18.79852925775243,10.67441085693861,179.16553791617164,4.132559174046322e-08
560,solver_residual_call,,,38.454952568004956,65961.18332804572,18.79852930333703,10.674410896743675,179.16553791617164,3.228438409900075e-08
561,solver_residual_call,,,38.52057431500725,65961.18402400569,18.79852933342047,10.674410974468516,179.16553791617164,3.8100101939720487e-08
562,solver_residual_call,,,38.58422113300185,65961.1845820531,18.79852942239658,10.674411056762299,179.16553791617164,3.2327960175254264e-08
563,solver_residual_call,,,38.64738654300163,65961.18356864923,18.79852934067698,10.674410950621041,179.16553791617164,2.5214295507262252e-08
564,solver_residual_call,,,38.71362319400214,65961.18350532137,18.798529307190012,10.674410914001587,179.16553791617164,3.961994621730968e-08
565,solver_residual_call,,,38.77719186500326,65961.18355414696,18.798529320772474,10.67441092851012,179.16553791617164,3.961994621730968e-08
566,solver_residual_call,,,38.84211327700177,65961.1830910134,18.79852928134043,10.674410867352734,179.16553791617164,3.216615994927569e-08
567,solver_residual_call,,,38.915024388006714,65961.18376030789,18.798529331852944,10.67441094555262,179.16553791617164,3.88645850146696e-08
568,solver_residual_call,,,39.0021770950043,65961.18393360655,18.79852934786675,10.674410970818123,179.16553791617164,3.25262254907004e-08
569,solver_residual_call,,,39.104090688000724,65961.18340851214,18.798529306173233,10.674410902329518,179.16553791617164,2.4128017369684454e-08
570,solver_residual_call,,,39.21790331000375,65961.18349887832,18.798529307564237,10.674410914829586,179.16553791617164,3.806760152112037e-08
571,solver_residual_call,,,39.320495095002116,65961.1834375767,18.798529305606696,10.674410904995337,179.16553791617164,3.806760152112037e-08
572,solver_residual_call,,,39.40160266900057,65961.1832311619,18.798529287092407,10.674410881070399,179.16553791617164,3.220271008401653e-08
573,solver_residual_call,,,39.46922153000196,65961.18381048249,18.798529313725194,10.674410944097222,179.16553791617164,3.948505956614966e-08
574,solver_residual_call,,,39.53420649100008,65961.18415137952,18.798529392362752,10.67441099934549,179.16553791617164,3.269112518480312e-08
575,solver_residual_call,,,39.6166220160012,65961.18359028472,18.79852934492592,10.674410947824802,179.16553791617164,2.3380638863412228e-08
576,solver_residual_call,,,39.718280529006734,65961.18340131296,18.798529299845256,10.674410898599092,179.16553791617164,3.6916020084364056e-08
577,solver_residual_call,,,39.84299223100243,65961.18354189451,18.798529321214133,10.674410925098481,179.16553791617164,3.6916020084364056e-08
578,solver_residual_call,,,39.94955839200702,65961.18321447776,18.798529291236594,10.674410883606436,179.16553791617164,3.1976554553659664e-08
579,solver_residual_call,,,40.026077189002535,65961.18364832738,18.798529315884817,10.674410911210234,179.16553791617164,3.9998536398319875e-08
580,solver_residual_call,,,40.09457748400018,65961.18387678095,18.79852935437514,10.674410960075209,179.16553791617164,3.288563384480212e-08
581,solver_residual_call,,,40.15925813400099,65961.18357732057,18.798529324271517,10.67441094392904,179.16553791617164,2.2451771433226553e-08
582,solver_residual_call,,,40.222199117000855,65961.18332746401,18.7985292945029,10.674410886014781,179.16553791617164,3.5648202556030994e-08
583,solver_residual_call,,,40.28798919900146,65961.18351725223,18.798529314162664,10.674410920927492,179.16553791617164,3.5648202556030994e-08
584,solver_residual_call,,,40.355372165002336,65961.18330333187,18.798529292800218,10.67441089910648,179.16553791617164,3.1903866011552235e-08
585,solver_residual_call,,,40.42247180000413,65961.18363611367,18.79852930846562,10.674410967815009,179.16553791617164,4.0632685568981815e-08
586,solver_residual_call,,,40.5113255010001,65961.18344165469,18.79852930173015,10.674410920661646,179.16553791617164,3.3099889210513455e-08
587,solver_residual_call,,,40.59636939600023,65961.18329304332,18.79852929665246,10.67441088123158,179.16553791617164,2.1504515704465428e-08
588,solver_residual_call,,,40.689198451000266,65961.18347845756,18.79852930271649,10.674410921551278,179.16553791617164,3.426469854821926e-08
589,solver_residual_call,,,40.788678916003846,65961.18338466134,18.79852929969747,10.674410902470061,179.16553791617164,3.426469854821926e-08
590,solver_residual_call,,,40.864921761000005,65961.18329267153,18.798529296399725,10.674410874686794,179.16553791617164,3.183394965193508e-08
591,solver_residual_call,,,40.93329975800589,65961.18321115125,18.798529293509567,10.674410859256655,179.16553791617164,4.1241322802748737e-08
592,solver_residual_call,,,40.996647285006475,65961.18335144021,18.79852929839014,10.674410890303303,179.16553791617164,3.36383050394732e-08
593,solver_residual_call,,,41.059864032002224,65961.18353268412,18.798529304785973,10.674410925567173,179.16553791617164,2.1073424255447017e-08
594,solver_residual_call,,,41.124373169004684,65961.18328502437,18.79852929612817,10.674410880307565,179.16553791617164,3.3045189766372726e-08
595,solver_residual_call,,,41.19437840600585,65961.1834093256,18.798529300458313,10.674410902454063,179.16553791617164,3.3045189766372726e-08
596,solver_residual_call,,,41.2798913640072,65961.18348674888,18.798529303212717,10.674410919975049,179.16553791617164,3.174481321240052e-08
597,solver_residual_call,,,41.38025299300352,65961.18363206912,18.798529321112568,10.674410928806422,179.16553791617164,4.073535892957745e-08
598,solver_residual_call,,,41.489666819004924,65961.18361495124,18.79852933405938,10.674410923284434,179.16553791617164,3.310174483439459e-08
599,solver_residual_call,,,41.574514903004456,65961.18339242792,18.798529310641705,10.674410894412933,179.16553791617164,2.1073424255447017e-08
600,solver_residual_call,,,41.643398083004286,65961.18340728346,18.798529297631696,10.674410907682354,179.16553791617164,3.1143714006940375e-08
601,solver_residual_call,,,41.709510547007085,65961.18343886596,18.79852930931288,10.674410903392733,179.16553791617164,3.1143714006940375e-08
602,solver_residual_call,,,41.772119637003925,65961.18329181598,18.798529291360094,10.674410887285196,179.16553791617164,3.1706955782753353e-08
603,solver_residual_call,,,41.840363058006915,65961.18353705511,18.798529315702254,10.674410904289712,179.16553791617164,4.0149561501819125e-08
604,solver_residual_call,,,41.90949196100701,65961.1835738651,18.798529334447412,10.674410914950412,179.16553791617164,3.241520405039805e-08
605,solver_residual_call,,,41.987015780003276,65961.18338703009,18.79852931457229,10.674410896114496,179.16553791617164,2.1073424255447017e-08
606,solver_residual_call,,,42.07614681200357,65961.18340267873,18.79852929679274,10.67441090505876,179.16553791617164,2.938527092006464e-08
607,solver_residual_call,,,42.17821555600676,65961.18342262084,18.798529310065383,10.674410900612983,179.16553791617164,2.938527092006464e-08
608,solver_residual_call,,,42.271491021005204,65961.18332225326,18.798529293172198,10.67441089591501,179.16553791617164,3.150867013093545e-08
609,solver_residual_call,,,42.341929363006784,65961.18357875741,18.79852931388169,10.674410907419732,179.16553791617164,3.9517909604330636e-08
610,solver_residual_call,,,42.411011467003846,65961.18364918284,18.798529344945678,10.67441093246191,179.16553791617164,3.182700262239607e-08
611,solver_residual_call,,,42.47527035400708,65961.18352930971,18.798529330407032,10.674410933885765,179.16553791617164,2.1073424255447017e-08
612,solver_residual_call,,,42.53829171300458,65961.18333302921,18.798529292338603,10.674410886627893,179.16553791617164,2.774867612706768e-08
613,solver_residual_call,,,42.604063753002265,65961.18348280583,18.798529316257614,10.674410915624303,179.16553791617164,2.774867612706768e-08
614,solver_residual_call,,,42.668044375001045,65961.18332405263,18.798529294824128,10.674410899685427,179.16553791617164,3.147115628493887e-08
615,solver_residual_call,,,42.7316752120023,65961.1831719707,18.798529284740663,10.674410862637153,179.16553791617164,3.9062683321778134e-08
616,solver_residual_call,,,42.79721227900154,65961.18336325354,18.798529316482572,10.674410897670576,179.16553791617164,3.129774369242196e-08
617,solver_residual_call,,,42.8610830730031,65961.18351033685,18.798529326217707,10.67441092157229,179.16553791617164,2.1073424255447017e-08
618,solver_residual_call,,,42.9241441080012,65961.18338768555,18.798529295342952,10.674410898777051,179.16553791617164,2.6263593117553607e-08
619,solver_residual_call,,,42.98881637000159,65961.18340122214,18.798529308741863,10.674410903044329,179.16553791617164,2.6263593117553607e-08
620,solver_residual_call,,,43.052840179007035,65961.18351395968,18.798529308333887,10.674410920856888,179.16553791617164,3.1156645999303824e-08
621,solver_residual_call,,,43.116052378005406,65961.1838412808,18.79852932525132,10.674410959007892,179.16553791617164,3.8571443853665745e-08
622,solver_residual_call,,,43.18096667700593,65961.18369330488,18.798529319671474,10.674410939203243,179.16553791617164,3.100175641605837e-08
623,solver_residual_call,,,43.24455997700716,65961.18354500402,18.79852930946712,10.674410921845409,179.16553791617164,2.1073424255447017e-08
624,solver_residual_call,,,43.31036960200436,65961.18335910919,18.79852929785211,10.674410895597498,179.16553791617164,2.3738744963929926e-08
625,solver_residual_call,,,43.379565383002046,65961.1835207286,18.79852930772198,10.67441091760844,179.16553791617164,2.3738744963929926e-08
626,solver_residual_call,,,43.448778181002126,65961.18322240202,18.798529290292635,10.674410878471946,179.16553791617164,3.156889388347062e-08
627,solver_residual_call,,,43.520536442003504,65961.18359670558,18.79852932182013,10.674410927071872,179.16553791617164,3.750064507898652e-08
628,solver_residual_call,,,43.591109162000066,65961.18359698029,18.798529319809347,10.674410924624654,179.16553791617164,2.9219728440975446e-08
629,solver_residual_call,,,43.6607219800062,65961.18346769636,18.79852930532126,10.674410906818872,179.16553791617164,2.1073424255447017e-08
630,solver_residual_call,,,43.7322250310026,65961.183378312,18.798529299101265,10.674410899145137,179.16553791617164,2.1073424255447017e-08
631,solver_residual_call,,,43.79766823000682,65961.1834588756,18.798529306011762,10.674410907626745,179.16553791617164,2.1073424255447017e-08
632,solver_residual_call,,,43.86155868500646,65961.1832950029,18.798529289515773,10.67441088734467,179.16553791617164,3.142314467950024e-08
633,solver_residual_call,,,43.93135299800633,65961.18361583489,18.79852932202033,10.674410929809898,179.16553791617164,3.659693219242369e-08
634,solver_residual_call,,,43.9973241100015,65961.18359643176,18.79852931820419,10.674410924710525,179.16553791617164,2.8213660418281705e-08
635,solver_residual_call,,,44.08185707800294,65961.18347919108,18.798529305480066,10.674410907569523,179.16553791617164,2.1073424255447017e-08
636,solver_residual_call,,,44.19285367500561,65961.18337646105,18.798529299143382,10.674410899142838,179.16553791617164,2.1073424255447017e-08
637,solver_residual_call,,,44.2924241550063,65961.18346687654,18.798529306101702,10.6744109084661,179.16553791617164,2.1073424255447017e-08
638,solver_residual_call,,,44.364126686006784,65961.18327994042,18.79852928869295,10.674410885114607,179.16553791617164,3.143113839418034e-08
639,solver_residual_call,,,44.43991442100378,65961.18360408003,18.79852931939335,10.674410926739354,179.16553791617164,3.66090192921091e-08
640,solver_residual_call,,,44.507654922002985,65961.18358205965,18.798529316773667,10.674410923134698,179.16553791617164,2.822043661295767e-08
641,solver_residual_call,,,44.57588093400409,65961.18347513971,18.798529306781678,10.67441090945329,179.16553791617164,2.1073424255447017e-08
642,solver_residual_call,,,44.641308853002556,65961.18337752672,18.798529298874712,10.674410898765295,179.16553791617164,2.1073424255447017e-08
643,solver_residual_call,,,44.706746429001214,65961.18346190074,18.798529306030243,10.674410908535307,179.16553791617164,2.1073424255447017e-08
644,solver_residual_call,,,44.76968861900241,65961.18328396746,18.79852929011184,10.674410886817451,179.16553791617164,3.1298794602450015e-08
645,solver_residual_call,,,44.83414059200004,65961.1836278336,18.798529318891376,10.674410934403461,179.16553791617164,3.650710410439818e-08
646,solver_residual_call,,,44.89898377900681,65961.1836308882,18.798529318218982,10.67441094269735,179.16553791617164,2.8235497452197907e-08
647,solver_residual_call,,,44.96219215400197,65961.18353150596,18.798529309896463,10.674410932184918,179.16553791617164,2.1073424255447017e-08
648,solver_residual_call,,,45.023852289006754,65961.18337238408,18.7985292984377,10.674410896132043,179.16553791617164,2.1073424255447017e-08
649,solver_residual_call,,,45.088470903006964,65961.18349262423,18.798529307326636,10.674410920683853,179.16553791617164,2.1073424255447017e-08
650,solver_residual_call,,,45.15178367200133,65961.18327595542,18.798529290472946,10.674410885101189,179.16553791617164,3.125851029677021e-08
651,solver_residual_call,,,45.215870021005685,65961.18359501322,18.79852931574449,10.674410921773159,179.16553791617164,3.644028534684944e-08
652,solver_residual_call,,,45.28093739600445,65961.18362949019,18.79852931838131,10.674410936145664,179.16553791617164,2.8193778392343652e-08
653,solver_residual_call,,,45.34610872000485,65961.18356965622,18.798529313423238,10.674410935581374,179.16553791617164,2.1073424255447017e-08
654,solver_residual_call,,,45.40989541500312,65961.18336599038,18.79852929773757,10.674410894874374,179.16553791617164,2.1073424255447017e-08
655,solver_residual_call,,,45.47170086800179,65961.18350471585,18.798529308444873,10.674410920166697,179.16553791617164,2.1073424255447017e-08
656,solver_residual_call,,,45.53516173800017,65961.18329578424,18.79852929219305,10.674410891861383,179.16553791617164,3.117428315293291e-08
657,solver_residual_call,,,45.59778660300071,65961.18354673292,18.79852931553632,10.674410915209997,179.16553791617164,3.648226126697332e-08
658,solver_residual_call,,,45.660106993003865,65961.1835997566,18.798529317990543,10.67441093065123,179.16553791617164,2.8340936238990546e-08
659,solver_residual_call,,,45.72556314700341,65961.18358442333,18.798529313943074,10.674410934718953,179.16553791617164,2.1073424255447017e-08
660,solver_residual_call,,,45.79064759600442,65961.18336032747,18.798529297646606,10.674410894474349,179.16553791617164,2.1073424255447017e-08
661,solver_residual_call,,,45.85649600200122,65961.18350287224,18.798529308601932,10.674410918677392,179.16553791617164,2.1073424255447017e-08
662,solver_residual_call,,,45.922997634006606,65961.1833240402,18.798529292274036,10.67441089525278,179.16553791617164,3.1407488764939395e-08
663,solver_residual_call,,,45.98948472300253,65961.18331540907,18.7985292886163,10.674410902942958,179.16553791617164,3.644020241586839e-08
664,solver_residual_call,,,46.05479944500257,65961.18353081633,18.798529332260284,10.674410928103834,179.16553791617164,2.8122812749456207e-08
665,solver_residual_call,,,46.121234684003866,65961.18383154596,18.798529356313825,10.674410942945602,179.16553791617164,2.1199872531487314e-08
666,solver_residual_call,,,46.18645872500201,65961.18338376998,18.798529299583326,10.674410902425235,179.16553791617164,2.1073424255447017e-08
667,solver_residual_call,,,46.24921483300568,65961.18350815066,18.798529316363943,10.674410911878699,179.16553791617164,2.1073424255447017e-08
668,solver_residual_call,,,46.311248369005625,65961.1834411029,18.798529304111298,10.67441089828314,179.16553791617164,3.1166584988151975e-08
669,solver_residual_call,,,46.37542824600678,65961.18373602448,18.79852932134694,10.67441092637215,179.16553791617164,3.6306202392813646e-08
670,solver_residual_call,,,46.440438153003925,65961.1840475192,18.798529398821223,10.674410975915912,179.16553791617164,2.942103850950366e-08
671,solver_residual_call,,,46.50322397600394,65961.18361234886,18.79852935332188,10.674410944272514,179.16553791617164,2.2777471207608845e-08
672,solver_residual_call,,,46.568474122002954,65961.18340877461,18.79852930181568,10.674410901072026,179.16553791617164,2.1073424255447017e-08
673,solver_residual_call,,,46.63129389900132,65961.18355258302,18.79852932599456,10.67441092336459,179.16553791617164,2.1073424255447017e-08
674,solver_residual_call,,,46.69499796300079,65961.18318118884,18.79852928548777,10.67441088459158,179.16553791617164,3.2700586563010356e-08
675,solver_residual_call,,,46.76010980500723,65961.18373142657,18.798529330023978,10.674410933983692,179.16553791617164,3.744567255499194e-08
676,solver_residual_call,,,46.82448280400422,65961.18406340212,18.79852937779911,10.674410981384717,179.16553791617164,2.9975569940479423e-08
677,solver_residual_call,,,46.88761989800696,65961.1836042803,18.798529325535903,10.674410934942756,179.16553791617164,2.3784128357495692e-08
678,solver_residual_call,,,46.95253000700177,65961.18340630783,18.79852930088421,10.674410900813271,179.16553791617164,2.1073424255447017e-08
679,solver_residual_call,,,47.01566034400457,65961.18354510063,18.79852931691071,10.674410921842522,179.16553791617164,2.1073424255447017e-08
680,solver_residual_call,,,47.07873511700018,65961.1831770276,18.798529282136162,10.6744108800732,179.16553791617164,3.272445303333142e-08
681,solver_residual_call,,,47.142163226002594,65961.18333106113,18.79852930254416,10.674410894278832,179.16553791617164,3.7009921151204675e-08
682,solver_residual_call,,,47.21176398400712,65961.18329183459,18.798529298021677,10.674410886589358,179.16553791617164,3.009582832254016e-08
683,solver_residual_call,,,47.27452214400546,65961.18325974599,18.798529287942632,10.674410876315793,179.16553791617164,2.4635633645841895e-08
684,solver_residual_call,,,47.33744436800043,65961.1833958922,18.7985293004633,10.674410904745503,179.16553791617164,2.1073424255447017e-08
685,solver_residual_call,,,47.405713052001374,65961.18333022266,18.79852929534548,10.674410889322912,179.16553791617164,2.1073424255447017e-08
686,solver_residual_call,,,47.469679085006646,65961.18347901646,18.79852930180152,10.67441091369068,179.16553791617164,3.224762425370285e-08
687,solver_residual_call,,,47.5364781390017,65961.18324739108,18.798529294984956,10.674410888115105,179.16553791617164,3.6216973645742556e-08
688,solver_residual_call,,,47.60278745400137,65961.18342079493,18.79852929747315,10.674410912621834,179.16553791617164,3.063735295588981e-08
689,solver_residual_call,,,47.66745812500449,65961.1834175151,18.798529296338927,10.67441090443823,179.16553791617164,2.582416477052769e-08
690,solver_residual_call,,,47.73346235200006,65961.18338192465,18.798529299980025,10.67441090015519,179.16553791617164,2.1073424255447017e-08
691,solver_residual_call,,,47.79745195800206,65961.18338306199,18.79852929732111,10.67441090048327,179.16553791617164,2.1073424255447017e-08
692,solver_residual_call,,,47.86237237900059,65961.18350911811,18.798529304711877,10.674410913046628,179.16553791617164,3.195266791936335e-08
693,solver_residual_call,,,47.93004273700353,65961.18348007202,18.798529303421866,10.674410890770577,179.16553791617164,3.559177270679307e-08
694,solver_residual_call,,,47.998448943006224,65961.18392883395,18.79852935079582,10.674410961147121,179.16553791617164,3.141146201739114e-08
695,solver_residual_call,,,48.0619083460042,65961.18356654677,18.79852932178446,10.6744109245859,179.16553791617164,2.7326464141363263e-08
696,solver_residual_call,,,48.125352409006155,65961.18337974904,18.798529297486066,10.674410895603073,179.16553791617164,2.1211935401942386e-08
697,solver_residual_call,,,48.19020143200032,65961.18348918288,18.79852931150099,10.67441091257423,179.16553791617164,2.1073424255447017e-08
698,solver_residual_call,,,48.25356565100083,65961.18330037045,18.798529292946544,10.674410896491345,179.16553791617164,3.179804261650626e-08
699,solver_residual_call,,,48.31564687000355,65961.18335429548,18.79852929505169,10.67441088199476,179.16553791617164,3.502874751871664e-08
700,solver_residual_call,,,48.379565711002215,65961.18378290784,18.798529333297683,10.674410953735961,179.16553791617164,3.200005591638936e-08
701,solver_residual_call,,,48.444459930004086,65961.18362343253,18.798529317141472,10.674410950731257,179.16553791617164,2.8994608658362112e-08
702,solver_residual_call,,,48.50707263100048,65961.18339068844,18.79852929937488,10.674410900689523,179.16553791617164,2.1832787292016414e-08
703,solver_residual_call,,,48.571037251000234,65961.18349352805,18.79852930708024,10.67441092061319,179.16553791617164,2.1073424255447017e-08
704,solver_residual_call,,,48.63374419900356,65961.1834276753,18.798529300255822,10.67441091430076,179.16553791617164,3.153338476311563e-08
705,solver_residual_call,,,48.696697530001984,65961.18326055547,18.79852929217905,10.674410880563501,179.16553791617164,3.4454419618175554e-08
706,solver_residual_call,,,48.760439235004014,65961.18376058417,18.79852934154576,10.674410943920929,179.16553791617164,3.292745444676361e-08
707,solver_residual_call,,,48.82414895000693,65961.18388622547,18.79852934106381,10.674410969520993,179.16553791617164,3.081038330129456e-08
708,solver_residual_call,,,48.885898822001764,65961.1833929796,18.798529300740594,10.674410901796847,179.16553791617164,2.240322185056622e-08
709,solver_residual_call,,,48.95090470400464,65961.1835731498,18.79852931368187,10.67441092411283,179.16553791617164,2.1073424255447017e-08
710,solver_residual_call,,,49.01690506300656,65961.18366209386,18.798529320474497,10.674410938819387,179.16553791617164,3.197761702156989e-08
711,solver_residual_call,,,49.079092458006926,65961.18356555539,18.798529326472785,10.674410923205773,179.16553791617164,3.4599704814282634e-08
712,solver_residual_call,,,49.14137024200318,65961.18330143222,18.798529301419,10.674410884895872,179.16553791617164,3.3627176575027034e-08
713,solver_residual_call,,,49.20670293400326,65961.18334025344,18.79852929421819,10.674410889387035,179.16553791617164,3.1600702550447276e-08
714,solver_residual_call,,,49.27225394400011,65961.18335805905,18.798529296828185,10.674410896647537,179.16553791617164,2.2056250587558098e-08
715,solver_residual_call,,,49.33508643800451,65961.18338979213,18.798529301337457,10.674410897229704,179.16553791617164,2.1073424255447017e-08
716,solver_residual_call,,,49.40080781500001,65961.18347962905,18.798529307654785,10.674410910500598,179.16553791617164,3.269995091885687e-08
717,solver_residual_call,,,49.46668569200119,65961.18349590311,18.798529304003658,10.674410907533249,179.16553791617164,3.5157049423609e-08
718,solver_residual_call,,,49.53013205000025,65961.1841328151,18.79852935494218,10.674411018147284,179.16553791617164,3.3436139337947045e-08
719,solver_residual_call,,,49.59668580800644,65961.18358003545,18.79852931471428,10.674410943794019,179.16553791617164,3.187463180816658e-08
720,solver_residual_call,,,49.66141161600535,65961.18335369257,18.798529298030463,10.674410892040411,179.16553791617164,2.2557421905175145e-08
721,solver_residual_call,,,49.72710609200294,65961.18350256313,18.798529307567495,10.674410924038419,179.16553791617164,2.1073424255447017e-08
722,solver_residual_call,,,49.79347313300241,65961.18328632748,18.798529293543147,10.674410889084804,179.16553791617164,3.144712250758449e-08
723,solver_residual_call,,,49.857784293002624,65961.18344990765,18.79852929953412,10.674410897570874,179.16553791617164,3.419137039011596e-08
724,solver_residual_call,,,49.9210937260068,65961.18407645643,18.798529356894413,10.674410998033547,179.16553791617164,3.338136562896308e-08
725,solver_residual_call,,,49.98610249300691,65961.18367619358,18.798529322725678,10.674410952501972,179.16553791617164,3.1526152892196436e-08
726,solver_residual_call,,,50.05042676800076,65961.18335920804,18.798529297585766,10.674410894396647,179.16553791617164,2.24454950919948e-08
727,solver_residual_call,,,50.115360325005895,65961.18354574587,18.798529311538722,10.674410927125047,179.16553791617164,2.1073424255447017e-08
728,solver_residual_call,,,50.18011233300058,65961.18336591391,18.798529296989962,10.67441090168028,179.16553791617164,3.117052644368895e-08
729,solver_residual_call,,,50.256788704005885,65961.1834548431,18.798529304226584,10.674410902887463,179.16553791617164,3.409551182754486e-08
730,solver_residual_call,,,50.321284721001575,65961.18396775534,18.798529354329727,10.674410978881742,179.16553791617164,3.346125172883434e-08
731,solver_residual_call,,,50.38478928100085,65961.183536654,18.79852931330506,10.67441092578233,179.16553791617164,3.116176300890495e-08
732,solver_residual_call,,,50.4503772800017,65961.183372769,18.79852929834091,10.674410897214536,179.16553791617164,2.2054285851469774e-08
733,solver_residual_call,,,50.51454522800486,65961.18348562278,18.79852930787997,10.674410915751677,179.16553791617164,2.1073424255447017e-08
734,solver_residual_call,,,50.578694928000914,65961.18332670597,18.79852929386391,10.674410893365797,179.16553791617164,3.1374075722654194e-08
735,solver_residual_call,,,50.644576518003305,65961.18356397233,18.79852932274429,10.674410928406102,179.16553791617164,3.460837034373549e-08
736,solver_residual_call,,,50.708261908002896,65961.18350673007,18.79852932673775,10.674410959796331,179.16553791617164,3.352808058277987e-08
737,solver_residual_call,,,50.771525366006244,65961.18331293351,18.798529291458163,10.674410901319355,179.16553791617164,3.04536832456144e-08
738,solver_residual_call,,,50.83656336000422,65961.18338463837,18.798529299088855,10.674410896672379,179.16553791617164,2.1466031675817696e-08
739,solver_residual_call,,,50.903922336001415,65961.18338247944,18.798529299329036,10.67441090818307,179.16553791617164,2.1073424255447017e-08
740,solver_residual_call,,,50.97405167000397,65961.18332541632,18.79852929006375,10.674410883710879,179.16553791617164,3.1778265717173847e-08
741,solver_residual_call,,,51.03983162000077,65961.18358907607,18.798529326826525,10.674410926335682,179.16553791617164,3.5188496243131976e-08
742,solver_residual_call,,,51.101340757006255,65961.18339476797,18.79852931957832,10.674410919303025,179.16553791617164,3.350149946808504e-08
743,solver_residual_call,,,51.16272413500701,65961.18326337833,18.798529286957223,10.674410887511032,179.16553791617164,2.998385849262277e-08
744,solver_residual_call,,,51.22663036400627,65961.18338730658,18.79852929916873,10.674410899396378,179.16553791617164,2.119298490555763e-08
745,solver_residual_call,,,51.289957667002454,65961.18335641931,18.79852929762157,10.674410897880962,179.16553791617164,2.1073424255447017e-08
746,solver_residual_call,,,51.35344178900414,65961.18332569658,18.798529289218454,10.674410889680082,179.16553791617164,3.167626280037177e-08
747,solver_residual_call,,,51.416304685000796,65961.18360337775,18.79852936415448,10.67441092695313,179.16553791617164,3.572080191885211e-08
748,solver_residual_call,,,51.479670756001724,65961.18337899553,18.798529325210815,10.674410910696375,179.16553791617164,3.3771709078411054e-08
749,solver_residual_call,,,51.541999712004326,65961.18324751654,18.7985292631661,10.674410884676895,179.16553791617164,2.9460792069277086e-08
750,solver_residual_call,,,51.60535636700661,65961.18338633084,18.798529298245118,10.67441089934775,179.16553791617164,2.2437528972377558e-08
751,solver_residual_call,,,51.6668706920027,65961.1833507368,18.798529291921547,10.674410896699019,179.16553791617164,2.2437528972377558e-08
752,solver_residual_call,,,51.73052452500269,65961.1833176155,18.798529275083414,10.674410889649575,179.16553791617164,3.217833406562188e-08
753,solver_residual_call,,,51.79451903500012,65961.18338926513,18.798529299777538,10.67441090000382,179.16553791617164,3.6034516471835676e-08
754,solver_residual_call,,,51.85936116400262,65961.18338929287,18.79852929977826,10.674410900071653,179.16553791617164,3.329142949381117e-08
755,solver_residual_call,,,51.940407196001615,65961.18338926716,18.798529299777588,10.674410900007933,179.16553791617164,2.9073666497728917e-08
756,solver_residual_call,,,52.041196274003596,65961.18338926537,18.79852929977754,10.67441089999418,179.16553791617164,2.384350924823413e-08
757,solver_residual_call,,,52.145992280005885,65961.18338926,18.798529299777403,10.674410899985823,179.16553791617164,2.384350924823413e-08
758,solver_residual_call,,,52.24364984000567,65961.18338925287,18.79852929977722,10.674410899975662,179.16553791617164,3.120991457736832e-08
759,solver_residual_call,,,52.328304044000106,65961.18338927289,18.798529299777737,10.674410900029773,179.16553791617164,3.5524575122804e-08
760,solver_residual_call,,,52.428838496001845,65961.18338927631,18.79852929977783,10.674410900006599,179.16553791617164,3.352014850069859e-08
761,solver_residual_call,,,52.522504601001856,65961.18338923318,18.798529299776707,10.67441089993299,179.16553791617164,2.8907848169308087e-08
762,solver_residual_call,,,52.60206037100579,65961.18338925956,18.798529299777393,10.674410899993383,179.16553791617164,2.5765901139432974e-08
763,solver_residual_call,,,52.69301057800476,65961.1833892614,18.798529299777442,10.674410899985453,179.16553791617164,2.5765901139432974e-08
764,solver_residual_call,,,52.778938785006176,65961.18338925806,18.798529299777353,10.674410899976412,179.16553791617164,3.1505497607561446e-08
765,solver_residual_call,,,52.87156832800247,65961.18338925645,18.79852929977731,10.674410899960614,179.16553791617164,3.597882113482949e-08
766,solver_residual_call,,,52.96034228100325,65961.1833892687,18.798529299777627,10.674410900026956,179.16553791617164,3.344872318813394e-08
767,solver_residual_call,,,53.06284889100061,65961.1833892774,18.798529299777854,10.67441090005342,179.16553791617164,2.8582125396205505e-08
768,solver_residual_call,,,53.15196874600224,65961.18338926329,18.79852929977749,10.674410899999707,179.16553791617164,2.755278717911202e-08
769,solver_residual_call,,,53.246373219000816,65961.1833892593,18.798529299777385,10.674410899985867,179.16553791617164,2.755278717911202e-08
770,solver_residual_call,,,53.34695609900518,65961.18338925479,18.798529299777268,10.674410899972006,179.16553791617164,3.123101378924643e-08
771,solver_residual_call,,,53.434392613002274,65961.18338926196,18.798529299777453,10.674410900007741,179.16553791617164,3.590100517011833e-08
772,solver_residual_call,,,53.52163051000389,65961.18338924518,18.79852929977702,10.674410899927908,179.16553791617164,3.345528943108089e-08
773,solver_residual_call,,,53.59988051000255,65961.18338923473,18.798529299776746,10.674410899900966,179.16553791617164,2.8385743622400135e-08
774,solver_residual_call,,,53.66570169200713,65961.1833892563,18.798529299777307,10.674410899971862,179.16553791617164,2.9508874355004815e-08
775,solver_residual_call,,,53.72851383800298,65961.18338925987,18.7985292997774,10.67441089998639,179.16553791617164,2.9508874355004815e-08
776,solver_residual_call,,,53.79099923100148,65961.18338926382,18.798529299777503,10.674410899995555,179.16553791617164,3.1087443990686504e-08
777,solver_residual_call,,,53.85623687000043,65961.18338928076,18.798529299777943,10.67441090005659,179.16553791617164,3.5967677397903224e-08
778,solver_residual_call,,,53.920531840005424,65961.18338926436,18.798529299777517,10.674410899989672,179.16553791617164,3.348897028555734e-08
779,solver_residual_call,,,53.99840763800603,65961.18338921764,18.798529299776302,10.674410899878508,179.16553791617164,2.8182733850025517e-08
780,solver_residual_call,,,54.08184657400125,65961.18338926243,18.798529299777467,10.674410899995753,179.16553791617164,3.1504400862444094e-08
781,solver_residual_call,,,54.160096175000945,65961.18338926141,18.798529299777442,10.674410899986945,179.16553791617164,3.1504400862444094e-08
782,solver_residual_call,,,54.24593884100614,65961.1833892597,18.798529299777396,10.674410899979176,179.16553791617164,3.093472725504046e-08
783,solver_residual_call,,,54.32119440600218,65961.18358554029,18.7985293126328,10.674410924459355,179.16553791617164,3.619971134666368e-08
784,solver_residual_call,,,54.39001457000268,65961.18333942731,18.798529296349876,10.674410893432587,179.16553791617164,3.373487062966383e-08
785,solver_residual_call,,,54.455137404002016,65961.183256233,18.798529291010066,10.674410883227301,179.16553791617164,2.8010350679028038e-08
786,solver_residual_call,,,54.518990906006366,65961.18325675075,18.798529291057655,10.674410883413866,179.16553791617164,3.726187245827012e-08
787,solver_residual_call,,,54.58428224300587,65961.18331885253,18.798529295126748,10.67441089106961,179.16553791617164,3.726187245827012e-08
788,solver_residual_call,,,54.65020093000203,65961.18330079022,18.798529294014788,10.674410889032302,179.16553791617164,3.070554083934085e-08
789,solver_residual_call,,,54.72119508800097,65961.183630176,18.798529329626874,10.674410939768492,179.16553791617164,3.586774639361448e-08
790,solver_residual_call,,,54.79680256500433,65961.1835025544,18.798529313289595,10.67441091798665,179.16553791617164,3.35594493103433e-08
791,solver_residual_call,,,54.87348571700568,65961.18337539269,18.79852929755901,10.674410896939047,179.16553791617164,2.7974482030830985e-08
792,solver_residual_call,,,54.95575586200721,65961.18324899938,18.798529281804715,10.674410876131889,179.16553791617164,4.3348186786055553e-08
793,solver_residual_call,,,55.028987844001676,65961.18339494443,18.798529300044038,10.67441090026608,179.16553791617164,4.3348186786055553e-08
794,solver_residual_call,,,55.10278435400687,65961.18325126289,18.798529282791204,10.674410877329057,179.16553791617164,3.0030662460046554e-08
795,solver_residual_call,,,55.16770725200331,65961.18329385259,18.7985292954005,10.674410887889355,179.16553791617164,3.402280048246626e-08
796,solver_residual_call,,,55.23218701200676,65961.18349514563,18.798529301147706,10.67441092768113,179.16553791617164,3.345756705360557e-08
797,solver_residual_call,,,55.29477481600043,65961.1834849075,18.798529303298476,10.674410913796514,179.16553791617164,2.9657659003887968e-08
798,solver_residual_call,,,55.356186504002835,65961.18327359787,18.798529296566784,10.6744108691219,179.16553791617164,4.739514037594543e-08
799,solver_residual_call,,,55.41995426600624,65961.18344474572,18.798529301450813,10.674410910247232,179.16553791617164,4.72273344783583e-08
800,solver_residual_call,,,55.492223530003685,65961.18340112084,18.79852930111839,10.67441089489697,179.16553791617164,2.993695725856564e-08
801,solver_residual_call,,,55.59127230000013,65961.18329574695,18.798529295679383,10.674410880193914,179.16553791617164,3.344588867977188e-08
802,solver_residual_call,,,55.681617253001605,65961.18319817336,18.798529292300312,10.674410864114584,179.16553791617164,3.3444769779939926e-08
803,solver_residual_call,,,55.77617698400718,65961.18341276403,18.79852930108009,10.674410906101665,179.16553791617164,3.0594143925237135e-08
804,solver_residual_call,,,55.85126453400153,65961.18342638038,18.798529301247335,10.674410907251893,179.16553791617164,4.9592225085899173e-08
805,solver_residual_call,,,55.92585510000208,65961.18337766823,18.79852929947549,10.674410898532269,179.16553791617164,4.918875595506599e-08
806,solver_residual_call,,,55.99253583600512,65961.18347293169,18.798529303314332,10.674410917179763,179.16553791617164,2.98822882561345e-08
807,solver_residual_call,,,56.0587479990063,65961.18338932676,18.79852929977914,10.67441090005334,179.16553791617164,3.287201464257082e-08
808,solver_residual_call,,,56.12764968400006,65961.18338925524,18.798529299777275,10.674410900140149,179.16553791617164,3.350178140107794e-08
809,solver_residual_call,,,56.19390009200288,65961.18338922586,18.79852929977651,10.674410900028294,179.16553791617164,3.152491658135612e-08
810,solver_residual_call,,,56.25922897900455,65961.18338934169,18.79852929977953,10.67441090006097,179.16553791617164,5.183321756254502e-08
811,solver_residual_call,,,56.33366088400362,65961.18338920806,18.79852929977605,10.674410899976811,179.16553791617164,5.126025008943673e-08
812,solver_residual_call,,,56.428118741001526,65961.18338923602,18.798529299776778,10.674410899959629,179.16553791617164,2.989491962595836e-08
813,solver_residual_call,,,56.524080366005364,65961.18333828972,18.7985292998893,10.674410899888008,179.16553791617164,3.2721678023105176e-08
814,solver_residual_call,,,56.61739103900618,65961.18336196,18.7985293441911,10.674410912576516,179.16553791617164,3.341382912375493e-08
815,solver_residual_call,,,56.70193561900669,65961.18359991106,18.798529390296974,10.674410925453609,179.16553791617164,3.159816980789403e-08
816,solver_residual_call,,,56.76920011500624,65961.18353350453,18.798529283602573,10.674410895405977,179.16553791617164,5.3676639200061114e-08
817,solver_residual_call,,,56.837105814003735,65961.18354789722,18.798529375506888,10.674410921229201,179.16553791617164,5.312456347219496e-08
818,solver_residual_call,,,56.90263715200126,65961.18359075178,18.798529353212768,10.674410914892867,179.16553791617164,3.0136688186372395e-08
819,solver_residual_call,,,56.96781533000467,65961.18338926577,18.798529299777556,10.674410899982668,179.16553791617164,3.3601676374463745e-08
820,solver_residual_call,,,57.04248474400083,65961.18338926235,18.798529299777467,10.67441089999183,179.16553791617164,3.370101423844042e-08
821,solver_residual_call,,,57.12555943100597,65961.18338927205,18.798529299777716,10.674410900021474,179.16553791617164,3.080831155899515e-08
822,solver_residual_call,,,57.21405136300018,65961.18338926064,18.79852929977742,10.674410899996774,179.16553791617164,5.8034468562982936e-08
823,solver_residual_call,,,57.297437730005186,65961.18338925831,18.79852929977736,10.674410899984927,179.16553791617164,5.773866261561439e-08
824,solver_residual_call,,,57.37327458600339,65961.18338925419,18.798529299777254,10.674410899976742,179.16553791617164,2.9967028582285046e-08
825,solver_residual_call,,,57.43843083300453,65961.18338925649,18.79852929977731,10.674410900001591,179.16553791617164,3.3605017643498836e-08
826,solver_residual_call,,,57.50280342000042,65961.18338927304,18.798529299777744,10.674410900006947,179.16553791617164,3.331375234165766e-08
827,solver_residual_call,,,57.56618194800103,65961.1833892423,18.798529299776945,10.674410899948075,179.16553791617164,3.009187452188426e-08
828,solver_residual_call,,,57.63771841900598,65961.1833892663,18.798529299777567,10.67441090000817,179.16553791617164,5.980689418195201e-08
829,solver_residual_call,,,57.7171985580062,65961.18338926368,18.7985292997775,10.674410899988775,179.16553791617164,5.958083052260433e-08
830,solver_residual_call,,,57.80394323400105,65961.18338925965,18.798529299777396,10.674410899979922,179.16553791617164,2.9050470719583903e-08
831,solver_residual_call,,,57.8931478920058,65961.1833892562,18.798529299777304,10.674410899994605,179.16553791617164,3.3872590351722666e-08
832,solver_residual_call,,,57.97455443300714,65961.18338925262,18.79852929977721,10.674410899954438,179.16553791617164,3.271853874316422e-08
833,solver_residual_call,,,58.04539410400321,65961.18338924562,18.79852929977703,10.674410899937477,179.16553791617164,2.7696213628973256e-08
834,solver_residual_call,,,58.110159819007094,65961.1833892621,18.798529299777456,10.674410899977135,179.16553791617164,6.309781830126207e-08
835,solver_residual_call,,,58.17708082200261,65961.18338925882,18.798529299777375,10.674410899984945,179.16553791617164,6.309781830126207e-08
836,solver_residual_call,,,58.24711055800435,65961.18338926045,18.798529299777414,10.674410899988793,179.16553791617164,2.841274314974588e-08
837,solver_residual_call,,,58.32524801900581,65961.18338932245,18.798529299779037,10.674410900044414,179.16553791617164,3.40064471224345e-08
838,solver_residual_call,,,58.438889378005115,65961.18338931804,18.798529299778917,10.674410900064093,179.16553791617164,3.312073699880392e-08
839,solver_residual_call,,,58.522695292005665,65961.1833892855,18.798529299778075,10.674410900013992,179.16553791617164,2.7346457663588473e-08
840,solver_residual_call,,,58.602073330002895,65961.18338932491,18.798529299779098,10.674410900028684,179.16553791617164,6.54502838056885e-08
841,solver_residual_call,,,58.67773793600645,65961.18338926125,18.798529299777435,10.674410899985572,179.16553791617164,6.54502838056885e-08
842,solver_residual_call,,,58.74426451600448,65961.18338924304,18.79852929977696,10.674410899974852,179.16553791617164,2.889534545242027e-08
843,solver_residual_call,,,58.80891674600571,65961.18338923473,18.798529299776746,10.67441089990767,179.16553791617164,3.451160794994416e-08
844,solver_residual_call,,,58.87278157500259,65961.18338924776,18.798529299777083,10.67441089994345,179.16553791617164,3.2833592820916404e-08
845,solver_residual_call,,,58.94833262900647,65961.18338927666,18.798529299777837,10.674410900033848,179.16553791617164,2.686884297943976e-08
846,solver_residual_call,,,59.02852845600137,65961.18338922042,18.798529299776373,10.674410899893488,179.16553791617164,6.743205646838871e-08
847,solver_residual_call,,,59.119240201005596,65961.1833892602,18.798529299777407,10.674410899987144,179.16553791617164,6.743205646838871e-08
848,solver_residual_call,,,59.22290421700018,65961.18338926398,18.798529299777506,10.674410899996145,179.16553791617164,2.8209273961257093e-08
849,solver_residual_call,,,59.298174375006056,65961.18338928426,18.798529299778036,10.674410900065919,179.16553791617164,3.4706207400297854e-08
850,solver_residual_call,,,59.372512664005626,65961.18338925515,18.79852929977728,10.674410899986036,179.16553791617164,3.26192260595546e-08
851,solver_residual_call,,,59.45900520300347,65961.18338922288,18.79852929977644,10.67441089988618,179.16553791617164,2.5597972850073375e-08
852,solver_residual_call,,,59.55307886800438,65961.18338931624,18.798529299778867,10.674410900073457,179.16553791617164,6.859523288520649e-08
853,solver_residual_call,,,59.64499491600145,65961.18338925194,18.798529299777194,10.674410899971097,179.16553791617164,6.859523288520649e-08
854,solver_residual_call,,,59.72841122000682,65961.18338924521,18.79852929977702,10.674410899962687,179.16553791617164,2.8529205442277575e-08
855,solver_residual_call,,,59.79975765100244,65961.18338921343,18.798529299776188,10.67441089993718,179.16553791617164,3.543838037045638e-08
856,solver_residual_call,,,59.864859619003255,65961.18338923769,18.798529299776828,10.674410899890184,179.16553791617164,3.226690362738245e-08
857,solver_residual_call,,,59.9298474380048,65961.18338919916,18.798529299775815,10.674410899893783,179.16553791617164,2.447835430712855e-08
858,solver_residual_call,,,59.99535696600651,65961.18338928207,18.798529299777975,10.674410900091079,179.16553791617164,6.971908678082164e-08
859,solver_residual_call,,,60.0626997540021,65961.1833892536,18.798529299777236,10.674410899978419,179.16553791617164,6.971908678082164e-08
860,solver_residual_call,,,60.1317877390029,65961.1833892259,18.79852929977651,10.674410899944283,179.16553791617164,2.8542019041511468e-08
861,solver_residual_call,,,60.207188041000336,65961.18338923075,18.798529299721903,10.67441090000731,179.16553791617164,2.8542019041511468e-08
862,solver_residual_call,,,60.29433383700234,65961.18338966103,18.798529299799476,10.674410899889024,179.16553791617164,2.1073424255447017e-08
863,solver_residual_call,,,60.38603857000271,65961.1833882589,18.79852929950039,10.674410900156566,179.16553791617164,2.4795805858144868e-08
864,solver_residual_call,,,60.47102701400581,65961.18354897505,18.79852932415697,10.67441090594909,179.16553791617164,4.312664477375566e-08
865,solver_residual_call,,,60.54944376200001,65961.18311436831,18.798529243297654,10.674410869296484,179.16553791617164,4.109944903690265e-08
866,solver_residual_call,,,60.62463726700662,65961.18363233711,18.79852930879899,10.6744109067085,179.16553791617164,2.1073424255447017e-08
867,solver_residual_call,,,60.69733107100183,65961.18338793883,18.798529299927637,10.674410900080343,179.16553791617164,2.1073424255447017e-08
868,solver_residual_call,,,60.766290873005346,65961.1833921076,18.798529301336558,10.674410900096346,179.16553791617164,2.1073424255447017e-08
869,solver_residual_call,,,60.83291305900639,65961.18339012266,18.7985293027788,10.674410900196676,179.16553791617164,2.77626270661149e-08
870,solver_residual_call,,,60.901269437003066,65961.1815280724,18.798528797981405,10.674410709024611,179.16553791617164,4.0596306270993785e-08
871,solver_residual_call,,,60.969182652006566,65961.1831455773,18.79852922138125,10.674410869177336,179.16553791617164,3.645148606520645e-08
872,solver_residual_call,,,61.03295878100471,65961.18413942186,18.798529514522574,10.674410978588,179.16553791617164,2.5487520983034005e-08
873,solver_residual_call,,,61.099260789000255,65961.1833894368,18.798529299784676,10.67441090002017,179.16553791617164,2.534341572450081e-08
874,solver_residual_call,,,61.184475224006746,65961.18338908754,18.7985292997703,10.674410899953575,179.16553791617164,2.1073424255447017e-08
875,solver_residual_call,,,61.277204111000174,65961.18338925947,18.798529299789134,10.674410900168443,179.16553791617164,2.526578917552808e-08
876,solver_residual_call,,,61.366737030002696,65961.1833934861,18.798529300503475,10.674410898860778,179.16553791617164,2.6249720162520036e-08
877,solver_residual_call,,,61.45359914400615,65961.18335678296,18.79852929925262,10.674410896908624,179.16553791617164,2.256319572438853e-08
878,solver_residual_call,,,61.52259768500517,65961.18338326552,18.798529298791504,10.674410900840957,179.16553791617164,2.141051366382147e-08
879,solver_residual_call,,,61.58833315100492,65961.18338576534,18.79852929951116,10.674410899337763,179.16553791617164,2.7616869691839177e-08
880,solver_residual_call,,,61.65480796400516,65961.18338352942,18.798529299540178,10.67441089917211,179.16553791617164,2.7616869691839177e-08
881,solver_residual_call,,,61.72038121400692,65961.18339593086,18.798529299906143,10.674410901233543,179.16553791617164,2.1073424255447017e-08
882,solver_residual_call,,,61.78721128900361,65961.1830200236,18.798529260143955,10.674410870601186,179.16553791617164,2.1073424255447017e-08
883,solver_residual_call,,,61.8536282960049,65961.18306039475,18.798529267511526,10.674410859524471,179.16553791617164,2.1073424255447017e-08
884,solver_residual_call,,,61.918712392005546,65961.18395324338,18.798529345791472,10.674410970167012,179.16553791617164,2.1073424255447017e-08
885,solver_residual_call,,,61.98313977300131,65961.18339003682,18.79852930020252,10.674410900156643,179.16553781574996,2.771397353838563e-08
886,solver_residual_call,,,62.049159289003,65961.18339021581,18.79852929930069,10.674410900488517,179.1655375776574,2.771397353838563e-08
887,solver_residual_call,,,62.1133777310024,65961.18338952497,18.798529300138267,10.674410899883764,179.16553816283474,2.1073424255447017e-08
888,solver_residual_call,,,62.17548803600221,65961.18335582447,18.798529321721634,10.674410899276271,179.1655395727451,2.1073424255447017e-08
889,solver_residual_call,,,62.24165705600171,65961.18327759564,18.798529274870127,10.674410883056911,179.16553712197907,2.1073424255447017e-08
890,solver_residual_call,,,62.305389915003616,65961.18337361315,18.79852939872761,10.674410899643476,179.16554407268563,2.827883986664653e-08
891,solver_residual_call,,,62.36797508500604,65961.1833916124,18.798529299982395,10.674410900288436,179.16553791617164,2.827883986664653e-08
892,solver_residual_call,,,62.432847011004924,65961.18338673888,18.798529299630996,10.674410899313408,179.16553791617164,2.1073424255447017e-08
893,solver_residual_call,,,62.497023765005,65961.18339255945,18.798529299987926,10.674410900464569,179.16553791617164,2.496876192620677e-08
894,solver_residual_call,,,62.56724306900287,65961.18357087806,18.798529320958032,10.674410932287284,179.16553791617164,3.563457010606007e-08
895,solver_residual_call,,,62.632938751004986,65961.18263493004,18.79852921912457,10.67441076922303,179.16553791617164,3.621058450054914e-08
896,solver_residual_call,,,62.698164436005754,65961.18333546915,18.798529300564496,10.67441088500602,179.16553791617164,2.5784160163854334e-08
897,solver_residual_call,,,62.77129089500522,65961.18338929661,18.798529299790193,10.674410899967587,179.16553791617164,2.1073424255447017e-08
898,solver_residual_call,,,62.83846268000343,65961.18338909367,18.79852929980055,10.674410900012898,179.16553791617164,2.1073424255447017e-08
899,solver_residual_call,,,62.90403072800109,65961.1833895417,18.798529299709287,10.674410899963215,179.16553791617164,2.5018749874371084e-08
900,solver_residual_call,,,62.973659714007226,65961.18336869703,18.798529301726628,10.674410893886623,179.16553791617164,3.582332085296234e-08
901,solver_residual_call,,,63.03838868000457,65961.18349209329,18.79852932284499,10.674410918218026,179.16553791617164,3.318827626599498e-08
902,solver_residual_call,,,63.102402452001115,65961.18352446245,18.79852932197684,10.674410914399765,179.16553791617164,2.1073424255447017e-08
903,solver_residual_call,,,63.17036773900327,65961.18339292669,18.798529300453385,10.674410900487796,179.16553791617164,2.1073424255447017e-08
904,solver_residual_call,,,63.23939720700582,65961.1833880864,18.798529299371655,10.674410899804094,179.16553791617164,2.1073424255447017e-08
905,solver_residual_call,,,63.303321220002545,65961.18339034192,18.798529300149106,10.674410900250113,179.16553791617164,2.4799694362272864e-08
906,solver_residual_call,,,63.371190968005976,65961.18301446167,18.798529225944442,10.674410846447024,179.16553791617164,3.5093827590380996e-08
907,solver_residual_call,,,63.437353708002775,65961.18473625265,18.798529487317364,10.674411062674286,179.16553791617164,3.2567485385446944e-08
908,solver_residual_call,,,63.501484340005845,65961.18456467183,18.798529426438424,10.674411026843405,179.16553791617164,2.1073424255447017e-08
909,solver_residual_call,,,63.566284820000874,65961.1833965383,18.79852930031968,10.674410900574332,179.16553791617164,2.1073424255447017e-08
910,solver_residual_call,,,63.63084185800108,65961.18338536262,18.798529299477824,10.674410899879604,179.16553791617164,2.1073424255447017e-08
911,solver_residual_call,,,63.69511861100182,65961.18339814967,18.79852930033133,10.674410900095943,179.16553791617164,2.486283541054723e-08
912,solver_residual_call,,,63.76180823600589,65961.18364906312,18.798529327686367,10.67441094124473,179.16553791617164,4.4850430358559634e-08
913,solver_residual_call,,,63.82748625600652,65961.18242140958,18.798529179073995,10.674410729591289,179.16553791617164,4.2865950689866995e-08
914,solver_residual_call,,,63.891215738003666,65961.18337566481,18.798529299337144,10.67441088600469,179.16553791617164,2.1073424255447017e-08
915,solver_residual_call,,,63.95626192000054,65961.18338686941,18.79852929967675,10.674410899771411,179.16553791617164,2.117614427416976e-08
916,solver_residual_call,,,64.0217712770027,65961.18338908246,18.79852929975956,10.674410899879625,179.16553791617164,2.2003536212320982e-08
917,solver_residual_call,,,64.08546060200024,65961.18338780245,18.798529299716993,10.674410900104133,179.16553791617164,2.5691579242642425e-08
918,solver_residual_call,,,64.14827686500212,65961.18399143938,18.798529328477827,10.674411013960977,179.16553791617164,5.1246966768741094e-08
919,solver_residual_call,,,64.21306343800097,65961.1831670824,18.79852929199092,10.674410873643794,179.16553791617164,4.9457154066848714e-08
920,solver_residual_call,,,64.27817936000065,65961.18286122958,18.7985292738959,10.674410798329687,179.16553791617164,2.1073424255447017e-08
921,solver_residual_call,,,64.34211598100228,65961.18338896603,18.7985292996951,10.674410899840058,179.16553791617164,2.1073424255447017e-08
922,solver_residual_call,,,64.40759866900044,65961.18339088795,18.79852930005693,10.674410900153893,179.16553791617164,2.1073424255447017e-08
923,solver_residual_call,,,64.47071884900652,65961.1833901955,18.79852930015056,10.67441089993517,179.16553791617164,2.580702497139357e-08
924,solver_residual_call,,,64.53369721200579,65961.18458118413,18.798529459920882,10.674411112314989,179.16553791617164,5.266147280702759e-08
925,solver_residual_call,,,64.5976169590067,65961.18421499491,18.798529396318013,10.674411023390576,179.16553791617164,5.191392427696941e-08
926,solver_residual_call,,,64.66147539700614,65961.18373525408,18.79852932475296,10.674410919923677,179.16553791617164,2.4245151133860532e-08
927,solver_residual_call,,,64.72434521200194,65961.18338863019,18.79852929985332,10.67441089949612,179.16553791617164,2.1073424255447017e-08
928,solver_residual_call,,,64.78979094100214,65961.18338757801,18.798529299350534,10.67441089949067,179.16553791617164,2.1073424255447017e-08
929,solver_residual_call,,,64.85506071600685,65961.18339103449,18.79852930128665,10.674410900808665,179.16553791617164,2.8316921412341025e-08
930,solver_residual_call,,,64.91953788000683,65961.18306694334,18.798529147676422,10.6744108550002,179.16553791617164,6.656811741642413e-08
931,solver_residual_call,,,64.9848579630052,65961.18328072542,18.79852926133138,10.674410866615966,179.16553791617164,6.382441090949602e-08
932,solver_residual_call,,,65.04896711700712,65961.18339013438,18.79852932382392,10.674410885136812,179.16553791617164,2.1347391716064304e-08
933,solver_residual_call,,,65.11347158000717,65961.18339192847,18.79852930021738,10.674410899922393,179.16553791617164,2.1347391716064304e-08
934,solver_residual_call,,,65.17926793200604,65961.1833846994,18.798529300307464,10.67441089940085,179.16553791617164,2.9484405071503492e-08
935,solver_residual_call,,,65.24433268900611,65961.18338043266,18.798529301277807,10.674410899369978,179.16553791617164,4.57227301679183e-08
936,solver_residual_call,,,65.30866694400174,65961.18448701195,18.798529575229548,10.67441116221013,179.16553791617164,7.387906759279516e-08
937,solver_residual_call,,,65.37303332700685,65961.1833858334,18.798529252738128,10.674410905812964,179.16553791617164,6.589356617040127e-08
938,solver_residual_call,,,65.43751819800673,65961.18330643089,18.798529280490275,10.6744108952733,179.16553791617164,2.3434430987546546e-08
939,solver_residual_call,,,65.50207677200524,65961.18339091782,18.798529300034076,10.674410900813072,179.16553791617164,2.1073424255447017e-08
940,solver_residual_call,,,65.56492082300247,65961.18339046184,18.798529300101258,10.674410900091068,179.16553791617164,2.1073424255447017e-08
941,solver_residual_call,,,65.62913096400007,65961.18338432463,18.798529299208006,10.674410900110985,179.16553791617164,2.8244388842985287e-08
942,solver_residual_call,,,65.69362789700244,65961.18413287874,18.798529405518416,10.674411000468854,179.16553791617164,6.664022138085734e-08
943,solver_residual_call,,,65.7570302170061,65961.18314655934,18.79852928230124,10.674410853024016,179.16553791617164,6.393170429783635e-08
944,solver_residual_call,,,65.82319125200593,65961.18339452033,18.79852929055986,10.67441090089871,179.16553791617164,2.1073424255447017e-08
945,solver_residual_call,,,65.88789245700173,65961.18338759973,18.79852929965558,10.674410900387047,179.16553791617164,2.3640066394313024e-08
946,solver_residual_call,,,65.95172172600724,65961.1833908054,18.798529299837465,10.674410900231743,179.16553791617164,2.603895286764933e-08
947,solver_residual_call,,,66.01736908100429,65961.18338742238,18.79852929958275,10.674410900426796,179.16553791617164,2.5544164459250292e-08
948,solver_residual_call,,,66.08185081600095,65961.18348665128,18.79852931960738,10.67441091475706,179.16553791617164,2.309393882829628e-08
949,solver_residual_call,,,66.14529713700176,65961.18334781007,18.798529272125368,10.674410896981303,179.16553791617164,2.12520860748301e-08
950,solver_residual_call,,,66.21210321400577,65961.18384033139,18.79852935839815,10.674410970281503,179.16553791617164,2.12520860748301e-08
951,solver_residual_call,,,66.27674631100672,65961.1833895463,18.798529299822196,10.674410900077458,179.16553791617164,2.1073424255447017e-08
952,solver_residual_call,,,66.34115194200422,65961.18338108942,18.798529299553604,10.67441089786118,179.16553791617164,3.534544938052473e-08
953,solver_residual_call,,,66.40687159200024,65961.18338367349,18.798529299583894,10.674410897916367,179.16553791617164,4.556924063171123e-08
954,solver_residual_call,,,66.47138136500143,65961.18376253449,18.798529345182416,10.674410954240571,179.16553791617164,4.06003646314642e-08
955,solver_residual_call,,,66.53440111400414,65961.18372145826,18.798529352382293,10.674410969981164,179.16553791617164,3.486883724610214e-08
956,solver_residual_call,,,66.59902928800147,65961.18307224658,18.798529274356145,10.674410830689098,179.16553791617164,3.320548084804322e-08
957,solver_residual_call,,,66.6636696170026,65961.1833880946,18.798529299694273,10.674410899826288,179.16553791617164,2.6606443877806904e-08
958,solver_residual_call,,,66.72716332800337,65961.18339078987,18.798529299973634,10.674410900314935,179.16553791617164,3.627251153257458e-08
959,solver_residual_call,,,66.79021163300058,65961.18339136864,18.798529300315845,10.674410900305586,179.16553791617164,4.675264492002279e-08
960,solver_residual_call,,,66.8575978440058,65961.1838732366,18.798529354062897,10.674410961497227,179.16553791617164,3.6251950623201496e-08
961,solver_residual_call,,,66.92242155400163,65961.18398219436,18.798529405022887,10.674410995535414,179.16553791617164,2.968104939295106e-08
962,solver_residual_call,,,66.98656131700409,65961.18304819503,18.798529272969617,10.674410877639819,179.16553791617164,3.035737796196821e-08
963,solver_residual_call,,,67.05189576200064,65961.18338812806,18.79852929979957,10.674410899440518,179.16553791617164,2.8312966604500947e-08
964,solver_residual_call,,,67.11555939600657,65961.18338990945,18.79852929989266,10.674410900575946,179.16553791617164,2.7586561479977767e-08
965,solver_residual_call,,,67.17851076000079,65961.18338985572,18.79852929968766,10.674410900179932,179.16553791617164,2.1073424255447017e-08
966,solver_residual_call,,,67.2454161160058,65961.1832635643,18.798529288643252,10.67441087973944,179.16553791617164,2.4308063718364353e-08
967,solver_residual_call,,,67.31359854600305,65961.18351688028,18.798529294264647,10.67441091925986,179.16553791617164,2.4308063718364353e-08
968,solver_residual_call,,,67.37954086000536,65961.18345998587,18.798529305679168,10.674410900948725,179.16553791617164,2.280149450273337e-08
969,solver_residual_call,,,67.45137560200237,65961.18338973957,18.798529299791085,10.674410899974088,179.16553791617164,2.3640220524382155e-08
970,solver_residual_call,,,67.51953561100527,65961.18338908424,18.798529299785365,10.674410900071686,179.16553791617164,2.1978195666007292e-08
971,solver_residual_call,,,67.58442999700492,65961.18338879677,18.79852929961751,10.674410899940346,179.16553791617164,2.3744405002567083e-08
972,solver_residual_call,,,67.65239507100341,65961.1837428672,18.79852936992609,10.674410942279327,179.16553791617164,8.997262818906e-08
973,solver_residual_call,,,67.71651967500657,65961.18299464342,18.798529206267006,10.674410833566528,179.16553791617164,8.933709370867137e-08
974,solver_residual_call,,,67.78124021200347,65961.18372604741,18.798529358370416,10.674410933805596,179.16553791617164,2.291166992027673e-08
