residual_evaluation_index,source,solver_iteration,solver_nfev,elapsed_seconds,robust_cost,reprojection_rmse_px,mean_reprojection_error_px,maximum_reprojection_error_px,parameter_step_norm
1,initial_diagnostic,,,0.003158291001454927,1240.491751771769,8.92950798794151,3.435789691886211,43.88967023876593,
2,solver_residual_call,,,0.004813016996195074,1240.491751771769,8.92950798794151,3.435789691886211,43.88967023876593,0.0
3,solver_residual_call,,,0.006197809001605492,1240.4917517347503,8.9295079879071,3.43578968994606,43.88967023876593,3.0444975429588794e-08
4,solver_residual_call,,,0.00755070400191471,1240.4917517817823,8.929507987951062,3.4357896917925737,43.88967023876593,3.389603419034883e-08
5,solver_residual_call,,,0.0091179840019322,1240.4917517583897,8.929507987928865,3.4357896922242293,43.88967023876593,2.1073424255447017e-08
6,solver_residual_call,,,0.010242809999908786,1240.4917517835447,8.92950798795261,3.4357896919013573,43.88967023876593,2.1073424255447017e-08
7,solver_residual_call,,,0.011504552996484563,1240.4917517839613,8.92950798795301,3.435789691824956,43.88967023876593,2.7639006758119782e-08
8,solver_residual_call,,,0.012698361999355257,1240.4917518246848,8.929507987990995,3.435789692991928,43.88967023876593,4.2531754089344024e-08
9,solver_residual_call,,,0.013773555001534987,1240.4921498370052,8.929508842006701,3.435790819651559,43.88967023876593,3.9469237827369964e-08
10,solver_residual_call,,,0.0148712020018138,1240.4925157075356,8.929509619513698,3.4357917894533663,43.88967023876593,3.133811896276989e-08
11,solver_residual_call,,,0.016648898999847006,1240.4916831372639,8.929507808300126,3.43578937169796,43.88967023876593,3.2943862972790416e-08
12,solver_residual_call,,,0.017768397003237624,1240.4918744364074,8.929508247748238,3.4357900334941536,43.88967023876593,6.340637681541481e-08
13,solver_residual_call,,,0.018885452001995873,1240.4917385703327,8.929507971029375,3.4357896807965886,43.88967023876593,6.203589364175156e-08
14,solver_residual_call,,,0.02014268699713284,1240.4915301450128,8.92950751079716,3.435789060942407,43.88967023876593,3.5523048305708354e-08
15,solver_residual_call,,,0.021289636999426875,1240.4919760395753,8.929511147473164,3.43579018537575,43.889686846063036,4.100274889039776e-08
16,solver_residual_call,,,0.023054691999277566,1240.492091883044,8.929510123123336,3.4357902342757263,43.889679128741996,2.9384139692857908e-08
17,solver_residual_call,,,0.02426017099787714,1240.4920156213993,8.929508913155013,3.435790104751527,43.88967365343609,2.1073424255447017e-08
18,solver_residual_call,,,0.02540328799659619,1240.4916292131632,8.929507630099453,3.435789519085508,43.88966961043618,5.1138738334181505e-08
19,solver_residual_call,,,0.02651044799858937,1240.491887006109,8.929508658529697,3.435789906260829,43.88967312706549,5.413559549642879e-08
20,solver_residual_call,,,0.027775993999966886,1240.4916539050816,8.929506889007884,3.435789485643822,43.889664721808735,3.866344989192e-08
21,solver_residual_call,,,0.028972298998269252,1240.491751781355,8.92950798795043,3.435789692340899,43.88967023876593,3.607357115559823e-08
22,solver_residual_call,,,0.030310588001157157,1240.4917518099132,8.92950798797704,3.435789694057872,43.88967023876593,3.4536462972982724e-08
23,solver_residual_call,,,0.031702578999102116,1240.4917517851627,8.929507987954022,3.435789692694102,43.88967023876593,3.272361463790532e-08
24,solver_residual_call,,,0.03291106299730018,1240.4917517975314,8.929507987965506,3.4357896929975005,43.88967023876593,4.168174231682627e-08
25,solver_residual_call,,,0.034064393999869935,1240.4917517739068,8.929507987943504,3.4357896922880258,43.88967023876593,4.168174231682627e-08
26,solver_residual_call,,,0.03531772900169017,1240.4917517891677,8.9295079879578,3.4357896921139153,43.88967023876593,5.179205285028712e-08
27,solver_residual_call,,,0.03653123399999458,1240.491751771722,8.929507987941465,3.4357896918674657,43.88967023876593,5.179205285028712e-08
28,solver_residual_call,,,0.03780739600188099,1240.4917517718804,8.929507987941612,3.435789691926189,43.88967023876593,2.174513450533205e-08
29,solver_residual_call,,,0.03931610900326632,1240.491751771875,8.929507987941607,3.435789691924547,43.88967023876593,3.2781271415144325e-08
30,solver_residual_call,,,0.04051567400165368,1240.4917517717317,8.929507987941474,3.4357896918707684,43.88967023876593,5.755403912567924e-08
31,solver_residual_call,,,0.04164873799891211,1240.4917517721528,8.929507987941866,3.435789691956099,43.88967023876593,9.945703686806613e-08
32,solver_residual_call,,,0.042795162997208536,1240.491751771725,8.929507987941468,3.4357896918866375,43.88967023876593,8.732173185229486e-08
33,solver_residual_call,,,0.043993148996378295,1240.4917519280343,8.929507988089846,3.435789692692205,43.88967023876593,2.1073424255447017e-08
34,solver_residual_call,,,0.045118016001651995,1240.4917518177026,8.92950798798501,3.4357896928422615,43.88967023876593,2.1073424255447017e-08
35,solver_residual_call,,,0.04625338200276019,1240.4917518222594,8.929507987986884,3.4357896925854248,43.88967023876593,2.7720287166950106e-08
36,solver_residual_call,,,0.047394515000632964,1240.491751491943,8.929507987667055,3.4357896910427455,43.88967023876593,4.151835950425509e-08
37,solver_residual_call,,,0.048556677997112274,1240.491751530827,8.929507987713695,3.4357896899095866,43.88967023876593,3.758628353581006e-08
38,solver_residual_call,,,0.0496756180000375,1240.4917519990147,8.929507988161495,3.4357896946024433,43.88967023876593,2.4222917474857127e-08
39,solver_residual_call,,,0.05080889200326055,1240.491751762944,8.929507987933189,3.435789691697093,43.88967023876593,2.3947235458730632e-08
40,solver_residual_call,,,0.05197856199811213,1240.4917517775648,8.929507987946952,3.435789691978506,43.88967023876593,2.1073424255447017e-08
41,solver_residual_call,,,0.053084050996403676,1240.491751781821,8.929507987950917,3.435789692056311,43.88967023876593,2.5433181181389493e-08
42,solver_residual_call,,,0.05441643400263274,1240.4917517855718,8.929507987954505,3.435789692144375,43.88967023876593,2.6675688914951933e-08
43,solver_residual_call,,,0.055587763999938034,1240.4917517758615,8.929507987945382,3.4357896919535325,43.88967023876593,2.288422529826426e-08
44,solver_residual_call,,,0.05673975699755829,1240.4917517752715,8.929507987944802,3.4357896919607565,43.88967023876593,2.1422933819153084e-08
45,solver_residual_call,,,0.057950075999542605,1240.4917518069378,8.929507988414587,3.4357896923944358,43.88967002347942,2.688229656378191e-08
46,solver_residual_call,,,0.05910815799870761,1240.491751741686,8.92950798827914,3.4357896916405917,43.88967026677872,2.688229656378191e-08
47,solver_residual_call,,,0.06024419899767963,1240.491751790482,8.929507991279383,3.43578969208569,43.88967044192833,2.1073424255447017e-08
48,solver_residual_call,,,0.06135103199630976,1240.49174233048,8.929507958547859,3.4357896852711227,43.88967004737332,2.1073424255447017e-08
49,solver_residual_call,,,0.06248478800262092,1240.49178906478,8.9295082673938,3.435789755326387,43.88967209510912,2.1073424255447017e-08
50,solver_residual_call,,,0.06364063199725933,1240.491789137704,8.929508360749193,3.435789776429024,43.88967289575586,2.1073424255447017e-08
51,solver_residual_call,,,0.0647707129974151,1240.491751800989,8.92950798863059,3.435789691878275,43.88967023876593,2.6679623734660746e-08
52,solver_residual_call,,,0.06589692400302738,1240.491751749644,8.929507989313707,3.435789691808451,43.88967023876593,2.6679623734660746e-08
53,solver_residual_call,,,0.06701505599630764,1240.4917517982162,8.929507990312224,3.435789692063852,43.88967023876593,2.1073424255447017e-08
54,solver_residual_call,,,0.06815484900289448,1240.4917368857036,8.929507933641615,3.4357896711418334,43.88967023876593,2.1073424255447017e-08
55,solver_residual_call,,,0.06943106700055068,1240.4917828435814,8.929508115712931,3.4357897407841476,43.88967023876593,2.1073424255447017e-08
56,solver_residual_call,,,0.07058012200286612,1240.4918156919832,8.929508382074204,3.435789841183066,43.88967023876593,2.9367233940130397e-08
57,solver_residual_call,,,0.07177824399695965,1240.4917518191362,8.929507988089322,3.435789692089988,43.88967023876593,2.9367233940130397e-08
58,solver_residual_call,,,0.07289585599937709,1240.4917518161533,8.929507987950117,3.4357896920794406,43.88967023876593,2.1073424255447017e-08
59,solver_residual_call,,,0.07403100899682613,1240.4917519317478,8.929507988238765,3.4357896921850193,43.88967023876593,2.5828877905739176e-08
60,solver_residual_call,,,0.0751821759986342,1240.4917584940197,8.929508001081304,3.4357897164141864,43.88967023876593,3.5461837478637415e-08
61,solver_residual_call,,,0.07629705499857664,1240.4917586107235,8.929507996616833,3.435789708723023,43.88967023876593,3.6172207804493256e-08
62,solver_residual_call,,,0.07743947100243531,1240.4917730861675,8.929508024956595,3.435789761747669,43.88967023876593,2.6795851058694347e-08
63,solver_residual_call,,,0.07853738399717258,1240.491753182264,8.929507991072631,3.43578969479364,43.88967023876593,2.716721512175277e-08
64,solver_residual_call,,,0.07969865600171033,1240.491751315523,8.929507986865833,3.435789690830251,43.88967023876593,2.716721512175277e-08
65,solver_residual_call,,,0.08080191299814032,1240.4917517837814,8.929507988134741,3.4357896922500597,43.88967023876593,2.1073424255447017e-08
66,solver_residual_call,,,0.0819318919966463,1240.4917647585085,8.92950802019983,3.435789723524571,43.88967023876593,3.400510938006563e-08
67,solver_residual_call,,,0.083077739996952,1240.491763071392,8.929508011191746,3.435789712307029,43.88967023876593,3.400510938006563e-08
68,solver_residual_call,,,0.08418719600012992,1240.491778946602,8.929508057709304,3.4357897618085236,43.88967023876593,2.1073424255447017e-08
69,solver_residual_call,,,0.08539711999765132,1240.4917518034638,8.929507987942213,3.435789692350348,43.88967023876593,2.1073424255447017e-08
70,solver_residual_call,,,0.08668709400080843,1240.4917517246784,8.929507987758878,3.435789691915942,43.88967023876593,2.1073424255447017e-08
71,solver_residual_call,,,0.08797640100237913,1240.4917519818864,8.929507988547241,3.4357896920711712,43.88967023876593,2.600789322393925e-08
72,solver_residual_call,,,0.08914941999682924,1240.491726129068,8.929507938268362,3.4357896423496856,43.88967023876593,3.608150729193908e-08
73,solver_residual_call,,,0.09028437399683753,1240.4917701029553,8.929508011503874,3.4357897153608987,43.88967023876593,3.2704034435532414e-08
74,solver_residual_call,,,0.09147068700258387,1240.4917236960396,8.929507912106882,3.435789616062679,43.88967023876593,2.1073424255447017e-08
75,solver_residual_call,,,0.09261714800231857,1240.4917525137582,8.929507989203739,3.43578969313944,43.88967023876593,2.4976352685227325e-08
76,solver_residual_call,,,0.09375161999923876,1240.4917516807686,8.929507987767968,3.4357896917552417,43.88967023876593,2.5798978295340776e-08
77,solver_residual_call,,,0.09488361699914094,1240.4917520258605,8.929507988493425,3.435789692255385,43.88967023876593,2.2593621274147046e-08
78,solver_residual_call,,,0.09601080799620831,1240.4917531970018,8.929507996270454,3.435789704655656,43.88967023876593,4.243071872949664e-08
79,solver_residual_call,,,0.09714418100338662,1240.4917653048922,8.929508008158734,3.435789716535612,43.88967023876593,4.231706236341103e-08
80,solver_residual_call,,,0.09824884399859002,1240.491774295745,8.929508036780184,3.4357897571030334,43.88967023876593,2.197591574210223e-08
81,solver_residual_call,,,0.09942944799695397,1240.4917517683762,8.929507987938342,3.435789691639101,43.88967023876593,2.1632373257086002e-08
82,solver_residual_call,,,0.1006268179990002,1240.4917517734368,8.929507987943067,3.435789691988542,43.88967023876593,2.1968930354565603e-08
83,solver_residual_call,,,0.1017395460003172,1240.4917517745985,8.929507987944156,3.435789692060493,43.88967023876593,3.592317751823018e-08
84,solver_residual_call,,,0.10287878700182773,1240.491751773568,8.92950798794319,3.4357896919625763,43.88967023876593,3.5382622739596154e-08
85,solver_residual_call,,,0.10400355100136949,1240.491751770188,8.929507987940031,3.4357896918154855,43.88967023876593,3.2000526704571446e-08
86,solver_residual_call,,,0.1051400919968728,1240.4917517730237,8.92950798794268,3.435789691950497,43.88967023876593,3.665857992758482e-08
87,solver_residual_call,,,0.10627983899757965,1240.4917517729361,8.929507987942598,3.4357896920811073,43.88967023876593,2.763886724862647e-08
88,solver_residual_call,,,0.10743011700105853,1240.491751771151,8.929507987940932,3.4357896917988247,43.88967023876593,2.213389535286216e-08
89,solver_residual_call,,,0.10856393999711145,1240.491751771198,8.929507987940976,3.4357896918177118,43.88967023876593,3.519708991369427e-08
90,solver_residual_call,,,0.10967118899861816,1240.4917517720294,8.92950798794175,3.4357896919090316,43.88967023876593,3.454004957656095e-08
91,solver_residual_call,,,0.11079885000071954,1240.4917517719368,8.929507987941665,3.4357896919058843,43.88967023876593,2.1073424255447017e-08
92,solver_residual_call,,,0.11194945599709172,1240.4917517716758,8.929507987941422,3.4357896918761783,43.88967023876593,2.611460913616574e-08
93,solver_residual_call,,,0.1130880970013095,1240.4917517531162,8.929507987924072,3.4357896914857395,43.88967023876593,2.611460913616574e-08
94,solver_residual_call,,,0.11419005900097545,1240.4917517722192,8.929507987941928,3.4357896922060918,43.88967023876593,2.1073424255447017e-08
95,solver_residual_call,,,0.11533928199787624,1240.4917517461913,8.92950798791763,3.4357896913361734,43.88967023876593,3.760894664646207e-08
96,solver_residual_call,,,0.11654518300201744,1240.491751790359,8.929507987958896,3.435789692193458,43.88967023876593,3.760894664646207e-08
97,solver_residual_call,,,0.11787516799813602,1240.491751779914,8.929507987949117,3.435789692149506,43.88967023876593,2.1073424255447017e-08
98,solver_residual_call,,,0.11908109499927377,1240.4917517572264,8.929507987927877,3.43578969175513,43.88967023876593,3.164139810568379e-08
99,solver_residual_call,,,0.12022907799837412,1240.4917517837596,8.929507987952713,3.4357896922813684,43.88967023876593,3.280600378603977e-08
100,solver_residual_call,,,0.12134422300005099,1240.491751763279,8.929507987933578,3.435789691476839,43.88967023876593,2.2784754117114117e-08
101,solver_residual_call,,,0.12250057199707953,1240.4917517806718,8.929507987949828,3.4357896921555255,43.88967023876593,2.1073424255447017e-08
102,solver_residual_call,,,0.12363695199746871,1240.491751774929,8.929507987944469,3.4357896919793744,43.88967023876593,2.1073424255447017e-08
103,solver_residual_call,,,0.1247790929992334,1240.491751774253,8.929507987943825,3.4357896919438153,43.88967023876593,2.1073424255447017e-08
104,solver_residual_call,,,0.12589264100097353,1240.4917517750193,8.92950798794455,3.435789691921312,43.88967023876593,2.9534708278772296e-08
105,solver_residual_call,,,0.1270534509967547,1240.4917517879308,8.929507987956615,3.43578969228519,43.88967023876593,2.9534708278772296e-08
106,solver_residual_call,,,0.12822140099888202,1240.4917517652289,8.929507987935397,3.435789691207413,43.88967023876593,2.1073424255447017e-08
107,solver_residual_call,,,0.12932745499711018,1240.4917517999922,8.929507987967881,3.435789692228357,43.88967023876593,3.757640312119778e-08
108,solver_residual_call,,,0.1304680359971826,1240.491751723111,8.929507987896047,3.4357896905579848,43.88967023876593,4.1257195489727116e-08
109,solver_residual_call,,,0.1320402510027634,1240.491751756454,8.92950798792721,3.4357896909407457,43.88967023876593,3.062075524847935e-08
110,solver_residual_call,,,0.13333839300321415,1240.4917517720708,8.929507987941808,3.4357896917355437,43.88967023876593,3.206918766374416e-08
111,solver_residual_call,,,0.13453112600109307,1240.4917517716558,8.929507987941404,3.4357896918394024,43.88967023876593,2.8723883153675866e-08
112,solver_residual_call,,,0.13567271899955813,1240.4917517717236,8.929507987941466,3.4357896918675705,43.88967023876593,2.1073424255447017e-08
113,solver_residual_call,,,0.13686233799671754,1240.491751771872,8.929507987941605,3.435789691927656,43.88967023876593,3.2202506942860175e-08
114,solver_residual_call,,,0.1379527129975031,1240.4917517718054,8.929507987941543,3.43578969187828,43.88967023876593,5.254099603218782e-08
115,solver_residual_call,,,0.1391374349987018,1240.4917517718438,8.929507987941578,3.435789691920575,43.88967023876593,7.384493431413114e-08
116,solver_residual_call,,,0.14024822999635944,1240.4917517717981,8.929507987941536,3.435789691891751,43.88967023876593,6.106979214971116e-08
117,solver_residual_call,,,0.14135515000089072,1240.4917517617034,8.929507987932066,3.4357896916604664,43.88967023876593,2.7031857707271622e-08
118,solver_residual_call,,,0.14247084200178506,1240.491751771599,8.929507987941351,3.43578969190779,43.88967023876593,2.7031857707271622e-08
119,solver_residual_call,,,0.14360038399900077,1240.491751771785,8.929507987941522,3.435789692012463,43.88967023876593,2.1073424255447017e-08
120,solver_residual_call,,,0.1446983679998084,1240.4917517708618,8.929507987940662,3.435789691865222,43.88967023876593,3.26468864696903e-08
121,solver_residual_call,,,0.14578702399739996,1240.4917517693123,8.929507987939198,3.435789691884392,43.88967023876593,4.021347342470793e-08
122,solver_residual_call,,,0.1472713199982536,1240.4917517739657,8.92950798794357,3.4357896919805673,43.88967023876593,3.54462605375371e-08
123,solver_residual_call,,,0.14849248900281964,1240.4917517766744,8.929507987946137,3.435789691947097,43.88967023876593,2.6554343098260164e-08
124,solver_residual_call,,,0.14967140200315043,1240.491751765774,8.929507987935839,3.435789691849749,43.88967023876593,3.620776069429758e-08
125,solver_residual_call,,,0.15081468699645484,1240.4917517810031,8.92950798795021,3.4357896920357667,43.88967023876593,4.6776620559415353e-08
126,solver_residual_call,,,0.15195386599953054,1240.491751769478,8.929507987939337,3.435789691856418,43.88967023876593,3.6347482805746824e-08
127,solver_residual_call,,,0.1531116589976591,1240.4917517748954,8.929507987944508,3.435789691883214,43.88967023876593,3.1574220222405e-08
128,solver_residual_call,,,0.15422916499665007,1240.4917517727372,8.929507987942417,3.435789691893365,43.88967023876593,3.158721440512714e-08
129,solver_residual_call,,,0.15539313999761362,1240.4917517700774,8.92950798793993,3.4357896916428854,43.88967023876593,2.771604387921765e-08
130,solver_residual_call,,,0.15654352900310187,1240.49175177229,8.929507987941994,3.4357896919064785,43.88967023876593,2.770123385505012e-08
131,solver_residual_call,,,0.15766533400164917,1240.4917517717038,8.929507987941447,3.4357896918028628,43.88967023876593,2.1073424255447017e-08
132,solver_residual_call,,,0.15883496400056174,1240.4917517725498,8.929507987942237,3.4357896919984827,43.88967023876593,2.4703764489858587e-08
133,solver_residual_call,,,0.15998151800158666,1240.4917517721879,8.9295079879419,3.4357896919936195,43.88967023876593,2.4703764489858587e-08
134,solver_residual_call,,,0.16112722599791596,1240.491751772573,8.929507987942259,3.4357896920131727,43.88967023876593,2.2171316021253055e-08
135,solver_residual_call,,,0.16226836900023045,1240.4917517695858,8.929507987939468,3.4357896917958413,43.88967023876593,2.5722130809028067e-08
136,solver_residual_call,,,0.16360376300144708,1240.4917517713275,8.929507987941095,3.4357896918626722,43.88967023876593,2.491134085349999e-08
137,solver_residual_call,,,0.16476940100255888,1240.4917517714384,8.9295079879412,3.4357896918644486,43.88967023876593,2.133901167637031e-08
138,solver_residual_call,,,0.16588297199632507,1240.49175177094,8.929507987940731,3.4357896918794597,43.88967023876593,8.764780176849551e-08
139,solver_residual_call,,,0.1670667419966776,1240.4917517719873,8.929507987941712,3.4357896918926314,43.88967023876593,8.86844357478326e-08
140,solver_residual_call,,,0.16821227699983865,1240.4917517720662,8.929507987941786,3.4357896919031785,43.88967023876593,2.9174282151154767e-08
141,solver_residual_call,,,0.31720519100053934,145348.77072196512,843.3218948710427,313.7789483950608,3694.951050826412,18.854849776983077
142,solver_residual_call,,,0.329026576000615,41705.9445928603,235.44885935581055,96.11029731815533,922.1422838438697,14.673125029888824
143,solver_residual_call,,,0.3411245349998353,5536.1704517231565,29.345832112977337,13.411557247110943,127.92224007977117,3.6086806969396417
144,solver_residual_call,,,0.35308651399827795,722.4685718145757,4.739616616581416,3.042052348640013,17.898289060353516,0.9075831483508368
145,solver_residual_call,,,0.3553996199989342,722.4688149129155,4.739617327751546,3.0420529853343563,17.898289060353516,3.101679801886803e-08
146,solver_residual_call,,,0.3574428229985642,722.4686507829917,4.739616828188275,3.04205255551198,17.898289060353516,3.441055600056888e-08
147,solver_residual_call,,,0.3595461669974611,722.4686161768708,4.739616695836971,3.0420524883406204,17.898289060353516,2.1073424255447017e-08
148,solver_residual_call,,,0.3615814200020395,722.4686049133264,4.7396166935883315,3.0420524415729253,17.898289060353516,2.1073424255447017e-08
149,solver_residual_call,,,0.3638147969977581,722.4685932897735,4.739616668677562,3.0420523873384835,17.898289060353516,2.754959591811638e-08
150,solver_residual_call,,,0.3658424719978939,722.4684508239825,4.739616254529117,3.0420520111628124,17.898289060353516,4.234638293245928e-08
151,solver_residual_call,,,0.3678856659971643,722.4679982891405,4.739614425258284,3.042050398223959,17.898289060353516,3.91361981725434e-08
152,solver_residual_call,,,0.36987681499886094,722.4675868929081,4.739613158058918,3.042048839960563,17.898289060353516,3.107348270211071e-08
153,solver_residual_call,,,0.37193344099796377,722.4688024912566,4.739617642638883,3.0420533054023604,17.898289060353516,3.282135312608964e-08
154,solver_residual_call,,,0.37398084699816536,722.468411517608,4.739616024397504,3.0420517486412573,17.898289060353516,6.325119580525043e-08
155,solver_residual_call,,,0.3760415080032544,722.4685630065113,4.739616535686807,3.042052298217415,17.898289060353516,6.193316552272688e-08
156,solver_residual_call,,,0.37803649499983294,722.4689020138534,4.739617824849799,3.0420535694194304,17.898289060353516,3.520653665517288e-08
157,solver_residual_call,,,0.3804315899978974,722.4689153570826,4.739618302805441,3.042052479110337,17.89829792436747,4.0734560997553997e-08
158,solver_residual_call,,,0.3824710530025186,722.4682956669932,4.739615591795072,3.0420510256837963,17.89828537259261,2.9416186754613473e-08
159,solver_residual_call,,,0.38464435600326397,722.4681014905863,4.73961452681783,3.0420509762602297,17.898279638531136,2.1107055852744635e-08
160,solver_residual_call,,,0.3867599470031564,722.4688363031662,4.739617841383432,3.042053251918768,17.898295310584754,5.135000201395157e-08
161,solver_residual_call,,,0.38880386499658925,722.4683847462343,4.739615833587636,3.042051703633881,17.898285796158742,5.443849686310078e-08
162,solver_residual_call,,,0.39080504800222116,722.468479079053,4.739616130875185,3.0420524182693898,17.898286404503423,3.935416582511411e-08
163,solver_residual_call,,,0.3929901270021219,722.4685719354386,4.739616619836598,3.042051862139158,17.898289060353516,3.656024836331152e-08
164,solver_residual_call,,,0.3952814180011046,722.4685907716307,4.739616656232515,3.0420519034701687,17.898289060353516,3.4413926703872934e-08
165,solver_residual_call,,,0.3973986450000666,722.4685854866051,4.7396166383248275,3.0420529596782115,17.898289060353516,3.270611142740898e-08
166,solver_residual_call,,,0.3995900520021678,722.4685690188683,4.739616612344433,3.0420521457227636,17.898289060353516,4.181813136443027e-08
167,solver_residual_call,,,0.40161473100306466,722.468575936637,4.739616623594617,3.0420524333156815,17.898289060353516,4.181813136443027e-08
168,solver_residual_call,,,0.4036479740025243,722.4685776942165,4.73961662364485,3.042052929702554,17.898289060353516,5.174787188034154e-08
169,solver_residual_call,,,0.4056204149965197,722.4685717379558,4.739616616445849,3.042052347738175,17.898289060353516,5.174787188034154e-08
170,solver_residual_call,,,0.4076301329987473,722.4685717991192,4.739616616554051,3.042052348450206,17.898289060353516,2.1745897645029154e-08
171,solver_residual_call,,,0.4096293129987316,722.4685716189782,4.739616616235385,3.0420523457461788,17.898289060353516,3.278817355303027e-08
172,solver_residual_call,,,0.41166848099965136,722.4685737105892,4.7396166199308505,3.042052403575361,17.898289060353516,5.753269287812696e-08
173,solver_residual_call,,,0.41352973200264387,722.4685638225325,4.739616602471821,3.0420521075859956,17.898289060353516,9.951740577772513e-08
174,solver_residual_call,,,0.41554601000098046,722.4685730127175,4.739616618695599,3.0420523859118664,17.898289060353516,8.740693778714096e-08
175,solver_residual_call,,,0.4175602039977093,722.4685708204829,4.7396166147661,3.04205234024129,17.898289060353516,2.1073424255447017e-08
176,solver_residual_call,,,0.4195709519990487,722.4685722340986,4.739616617363676,3.042052349877201,17.898289060353516,2.1073424255447017e-08
177,solver_residual_call,,,0.42158955999911996,722.4685719355759,4.739616616561845,3.042052358926632,17.898289060353516,2.7717420105746962e-08
178,solver_residual_call,,,0.42306189599912614,722.4685618670369,4.739616593562703,3.042052270220034,17.898289060353516,4.1568330373945344e-08
179,solver_residual_call,,,0.4251070969985449,722.4685741047489,4.739616623369671,3.042052353967993,17.898289060353516,3.7639783292481647e-08
180,solver_residual_call,,,0.42713222299789777,722.4685699665896,4.73961661355274,3.0420523497741234,17.898289060353516,2.449050458040853e-08
181,solver_residual_call,,,0.4292299579974497,722.4685710761325,4.739616615234231,3.0420523434024687,17.898289060353516,2.422377862570359e-08
182,solver_residual_call,,,0.43129689800116466,722.4685721240395,4.739616617165529,3.042052350488128,17.898289060353516,2.1073424255447017e-08
183,solver_residual_call,,,0.4335726790013723,722.4685709108521,4.739616614915829,3.0420523441063243,17.898289060353516,2.5471912190523796e-08
184,solver_residual_call,,,0.4350483800008078,722.468570838108,4.739616614344984,3.0420523453954744,17.898289060353516,2.659770914155732e-08
185,solver_residual_call,,,0.4362559919973137,722.4685719697806,4.739616616424868,3.0420523536132076,17.898289060353516,2.2690609536662164e-08
186,solver_residual_call,,,0.4374642569964635,722.4685719461753,4.739616617156498,3.042052335494995,17.898289060353516,2.1359867513824537e-08
187,solver_residual_call,,,0.4388936780014774,722.468571857203,4.739616616583973,3.042052348535758,17.89828930906578,2.6895815245089922e-08
188,solver_residual_call,,,0.4413277880012174,722.4685730792169,4.739616621198967,3.042052351930414,17.89828897452442,2.6895815245089922e-08
189,solver_residual_call,,,0.4431275039969478,722.4685751624229,4.739616628725537,3.0420523586713037,17.898289210532777,2.1073424255447017e-08
190,solver_residual_call,,,0.44529054700251436,722.4685730238233,4.73961676641034,3.0420523041302374,17.89829095565192,2.1073424255447017e-08
191,solver_residual_call,,,0.44738604099984514,722.4685371676587,4.739616354069904,3.0420522517599817,17.898286984004862,2.1073424255447017e-08
192,solver_residual_call,,,0.4494900010031415,722.4685988435667,4.739616765787718,3.042052385605452,17.898290311846807,2.1073424255447017e-08
193,solver_residual_call,,,0.45157658999960404,722.468571755203,4.739616616326517,3.042052347608426,17.898289060353516,2.668540425522311e-08
194,solver_residual_call,,,0.45370129899674794,722.4685753913618,4.7396166256852235,3.0420523598222875,17.898289060353516,2.668540425522311e-08
195,solver_residual_call,,,0.4559064240020234,722.468576874586,4.739616629835378,3.042052366067692,17.898289060353516,2.1073424255447017e-08
196,solver_residual_call,,,0.4575756150006782,722.4685701372651,4.7396166062778535,3.042052357184992,17.898289060353516,2.1073424255447017e-08
197,solver_residual_call,,,0.4586988439987181,722.4685516354615,4.739616563381684,3.0420522878533944,17.898289060353516,2.1073424255447017e-08
198,solver_residual_call,,,0.4599238629962201,722.4686165169422,4.739616747121437,3.0420524620511893,17.898289060353516,2.861997518859969e-08
199,solver_residual_call,,,0.461096377002832,722.4685716122465,4.739616616158821,3.0420523483920445,17.898289060353516,2.861997518859969e-08
200,solver_residual_call,,,0.4622741249986575,722.4685718502185,4.739616616620321,3.042052348554077,17.898289060353516,2.1073424255447017e-08
201,solver_residual_call,,,0.4635542859978159,722.4685716161667,4.739616616191581,3.042052348823495,17.898289060353516,2.583183589471183e-08
202,solver_residual_call,,,0.46476364199770615,722.46856122574,4.739616582813016,3.0420522816133704,17.898289060353516,3.5440776308385784e-08
203,solver_residual_call,,,0.465950823003368,722.468568423722,4.739616604132568,3.0420523430661928,17.898289060353516,3.6124998118895864e-08
204,solver_residual_call,,,0.467124465998495,722.468544365526,4.739616528763101,3.042052196698765,17.898289060353516,2.6762858768085914e-08
205,solver_residual_call,,,0.4683205219989759,722.4685728343132,4.739616620836141,3.0420523497449845,17.898289060353516,2.7125288911164527e-08
206,solver_residual_call,,,0.4697846339986427,722.468571442936,4.73961661487779,3.042052348353986,17.898289060353516,2.7125288911164527e-08
207,solver_residual_call,,,0.4710137680012849,722.4685716597684,4.7396166160977025,3.0420523478482977,17.898289060353516,2.1073424255447017e-08
208,solver_residual_call,,,0.47230349400342675,722.4685651267605,4.739616576122498,3.0420523253365994,17.898289060353516,3.369996872378085e-08
209,solver_residual_call,,,0.4735711440007435,722.4685773970972,4.739616664733105,3.0420523348697572,17.898289060353516,3.369996872378085e-08
210,solver_residual_call,,,0.4747537069997634,722.4685312976723,4.73961645211053,3.0420522116773525,17.898289060353516,2.1073424255447017e-08
211,solver_residual_call,,,0.4759786840004381,722.4685708965244,4.739616614522695,3.042052346035964,17.898289060353516,2.1073424255447017e-08
212,solver_residual_call,,,0.4771728499981691,722.4685700290872,4.739616611324316,3.0420523431537245,17.898289060353516,2.1073424255447017e-08
213,solver_residual_call,,,0.4783608650031965,722.4685749180336,4.73961662745379,3.042052357130563,17.898289060353516,2.5712680598720918e-08
214,solver_residual_call,,,0.4795736360028968,722.4686186611657,4.739616798949833,3.0420524847247714,17.898289060353516,3.636545838149528e-08
215,solver_residual_call,,,0.4807421000004979,722.4685608630166,4.739616574727603,3.0420523164908895,17.898289060353516,3.324746350587498e-08
216,solver_residual_call,,,0.48194553399662254,722.4686222227785,4.739616780658043,3.042052458073282,17.898289060353516,2.1231467697764487e-08
217,solver_residual_call,,,0.4831749980003224,722.4685725027431,4.739616617761139,3.0420523483217683,17.898289060353516,2.5067684854911355e-08
218,solver_residual_call,,,0.48469148200092604,722.4685717576757,4.739616616359936,3.042052348821436,17.898289060353516,2.5762589767668695e-08
219,solver_residual_call,,,0.48592520599777345,722.4685719637503,4.7396166168023095,3.0420523480473856,17.898289060353516,2.2585982164640307e-08
220,solver_residual_call,,,0.4871727950012428,722.4685590229317,4.739616570856733,3.042052282237982,17.898289060353516,4.2445308676828174e-08
221,solver_residual_call,,,0.48833666800055653,722.46856823538,4.739616604194656,3.0420523366991525,17.898289060353516,4.230864002606603e-08
222,solver_residual_call,,,0.4895186020003166,722.4685394824255,4.739616496441127,3.042052194444643,17.898289060353516,2.1766069847179484e-08
223,solver_residual_call,,,0.4906771820024005,722.4685715239218,4.739616616068034,3.042052341206738,17.898289060353516,2.1478264413590002e-08
224,solver_residual_call,,,0.49194235199684044,722.4685717307856,4.739616616433394,3.0420523464747165,17.898289060353516,2.197303297404622e-08
225,solver_residual_call,,,0.49314886699721683,722.4685705195719,4.739616614295023,3.0420523145350176,17.898289060353516,3.596419849842868e-08
226,solver_residual_call,,,0.4943360679972102,722.4685714458976,4.7396166159276625,3.04205236732286,17.898289060353516,3.542172504842077e-08
227,solver_residual_call,,,0.4955881900023087,722.4685698854775,4.7396166131584385,3.042052369714043,17.898289060353516,3.2028115949753494e-08
228,solver_residual_call,,,0.4967664319992764,722.4685710481899,4.7396166152203145,3.042052329431657,17.898289060353516,3.6698310592431845e-08
229,solver_residual_call,,,0.4979664929996943,722.4685716249655,4.739616616244658,3.042052345010424,17.898289060353516,2.765962759868259e-08
230,solver_residual_call,,,0.4991849970028852,722.4685718343216,4.739616616615401,3.042052349340918,17.898289060353516,2.2132967052788552e-08
231,solver_residual_call,,,0.5005765340029029,722.4685710399148,4.739616615207264,3.042052329198717,17.898289060353516,3.522021771294971e-08
232,solver_residual_call,,,0.5020017400020151,722.4685702004643,4.739616613709452,3.0420523179480665,17.898289060353516,3.456421147715966e-08
233,solver_residual_call,,,0.5032465429976583,722.4685699853256,4.739616613337232,3.0420523306405896,17.898289060353516,2.1073424255447017e-08
234,solver_residual_call,,,0.5044739989971276,722.4685671830292,4.739616608346493,3.0420522664839273,17.898289060353516,2.6300178330554668e-08
235,solver_residual_call,,,0.5056025829981081,722.4685722056087,4.739616617275818,3.0420523585406793,17.898289060353516,2.6300178330554668e-08
236,solver_residual_call,,,0.5067444969972712,722.4685716783289,4.739616616342605,3.0420523443903043,17.898289060353516,2.1073424255447017e-08
237,solver_residual_call,,,0.507910936998087,722.4685710350955,4.739616615199905,3.0420523275172715,17.898289060353516,3.763134446641547e-08
238,solver_residual_call,,,0.5092569089974859,722.4685722043814,4.739616617302752,3.0420523375863673,17.898289060353516,3.763134446641547e-08
239,solver_residual_call,,,0.5104816890016082,722.4685702070187,4.739616613725699,3.0420523162265143,17.898289060353516,2.1073424255447017e-08
240,solver_residual_call,,,0.5117168400029186,722.4685695769731,4.7396166125441175,3.042052344592662,17.898289060353516,3.17037873652403e-08
241,solver_residual_call,,,0.5128876689996105,722.468571569834,4.739616616150123,3.0420523379177373,17.898289060353516,3.2874076041254566e-08
242,solver_residual_call,,,0.5140779380017193,722.4685717580833,4.739616616479056,3.0420523514551934,17.898289060353516,2.2796138973867468e-08
243,solver_residual_call,,,0.5153107950027334,722.4685716040128,4.739616616211483,3.0420523417473175,17.898289060353516,2.1073424255447017e-08
244,solver_residual_call,,,0.5166207720030798,722.4685739783793,4.739616620423456,3.0420524126766186,17.898289060353516,2.1073424255447017e-08
245,solver_residual_call,,,0.5177962250018027,722.4685700577355,4.739616613462246,3.042052337552026,17.898289060353516,2.1073424255447017e-08
246,solver_residual_call,,,0.5190639400025248,722.4685666685307,4.73961660743897,3.042052194999374,17.898289060353516,2.970901258214749e-08
247,solver_residual_call,,,0.520215502998326,722.4685722146453,4.739616617290382,3.042052358168662,17.898289060353516,2.970901258214749e-08
248,solver_residual_call,,,0.5214510779987904,722.4685716529686,4.739616616295438,3.0420523439019953,17.898289060353516,2.1073424255447017e-08
249,solver_residual_call,,,0.522834907998913,722.4685707878202,4.739616614760674,3.042052324113834,17.898289060353516,3.7605739355275786e-08
250,solver_residual_call,,,0.5240247710025869,722.4685713805297,4.739616615809259,3.042052351443768,17.898289060353516,4.128525808867076e-08
251,solver_residual_call,,,0.5251158579994808,722.468571072406,4.739616615278672,3.0420523456780453,17.898289060353516,3.060437266188543e-08
252,solver_residual_call,,,0.5262510589964222,722.4685714765045,4.739616615992292,3.0420523445924905,17.898289060353516,3.2042694159113637e-08
253,solver_residual_call,,,0.5274168300020392,722.4685717304424,4.739616616431088,3.042052347897446,17.898289060353516,2.871370292714289e-08
254,solver_residual_call,,,0.5285869250001269,722.4685718112445,4.73961661657572,3.0420523485789057,17.898289060353516,2.1073424255447017e-08
255,solver_residual_call,,,0.5297624610029743,722.4685715857677,4.739616616173491,3.0420523459956104,17.898289060353516,3.2210187378076986e-08
256,solver_residual_call,,,0.5311735189970932,722.4685709056778,4.739616614943268,3.0420523279308664,17.898289060353516,5.257541085450096e-08
257,solver_residual_call,,,0.5324091950024012,722.4685645773906,4.739616603775105,3.0420522111830306,17.898289060353516,7.395625639871918e-08
258,solver_residual_call,,,0.5335793220001506,722.4685690414359,4.739616611655109,3.042052293917585,17.898289060353516,6.117883788471587e-08
259,solver_residual_call,,,0.534728211001493,722.4685713796669,4.739616615680221,3.042052346368841,17.898289060353516,2.7051782823661008e-08
260,solver_residual_call,,,0.5360779600014212,722.4685717637567,4.739616616498736,3.042052348429765,17.898289060353516,2.7051782823661008e-08
261,solver_residual_call,,,0.5372528060033801,722.4685717761092,4.739616616522424,3.042052348397652,17.898289060353516,2.1073424255447017e-08
262,solver_residual_call,,,0.5383683870022651,722.4685803665193,4.7396166325895726,3.0420523977606857,17.898289060353516,3.243024248897746e-08
263,solver_residual_call,,,0.5395315900022979,722.4685650677405,4.739616602149512,3.0420523626425164,17.898289060353516,4.0129849522665615e-08
264,solver_residual_call,,,0.5406727890003822,722.4685656503689,4.739616599770057,3.042052375933261,17.898289060353516,3.5883295630410474e-08
265,solver_residual_call,,,0.5419775679984014,722.4685716389888,4.739616616271605,3.04205234624592,17.898289060353516,2.6998642752581638e-08
266,solver_residual_call,,,0.5431649250022019,722.4685715248454,4.73961661605162,3.0420523469053653,17.898289060353516,3.621671453410886e-08
267,solver_residual_call,,,0.5443719129980309,722.4685708596817,4.739616614841313,3.042052337122284,17.898289060353516,4.680577525249321e-08
268,solver_residual_call,,,0.5461766660009744,722.4685723793208,4.739616617674174,3.04205234864068,17.898289060353516,3.637608273566351e-08
269,solver_residual_call,,,0.5474330220022239,722.4685678952105,4.739616609292556,3.04205231729603,17.898289060353516,3.158038491639582e-08
270,solver_residual_call,,,0.5485846800002037,722.4685694779164,4.739616612397738,3.0420523156251025,17.898289060353516,3.1683684623832585e-08
271,solver_residual_call,,,0.5497325379983522,722.4685716048862,4.739616616204727,3.0420523439596545,17.898289060353516,2.7827440694538654e-08
272,solver_residual_call,,,0.5509017209988087,722.4685719892568,4.739616616896101,3.0420523525667638,17.898289060353516,2.770976895849731e-08
273,solver_residual_call,,,0.552135003003059,722.4685713472994,4.739616615741604,3.042052342426311,17.898289060353516,2.1073424255447017e-08
274,solver_residual_call,,,0.5532459349997225,722.468568897949,4.73961661139269,3.0420522923137727,17.898289060353516,2.477866090436352e-08
275,solver_residual_call,,,0.5544152310030768,722.4685677253356,4.739616609270325,3.0420522838765782,17.898289060353516,2.477866090436352e-08
276,solver_residual_call,,,0.5555727730024955,722.4685658569023,4.739616605884659,3.042052273711955,17.898289060353516,2.248201062381696e-08
277,solver_residual_call,,,0.5567179049976403,722.4685717482618,4.7396166164580436,3.04205234847115,17.898289060353516,2.5993307176476616e-08
278,solver_residual_call,,,0.557857765998051,722.468571839365,4.739616616628113,3.0420523486836712,17.898289060353516,2.4913228045467193e-08
279,solver_residual_call,,,0.55897631499829,722.4685717610985,4.73961661648115,3.0420523484913256,17.898289060353516,2.1340531270925442e-08
280,solver_residual_call,,,0.5603808500018204,722.4685749141447,4.739616622212054,3.042052379434447,17.898289060353516,8.761478960843652e-08
281,solver_residual_call,,,0.5616008829965722,722.4685742976945,4.739616620989218,3.042052372270652,17.898289060353516,8.862480049713725e-08
282,solver_residual_call,,,0.5627844900009222,722.4685800955903,4.739616631656962,3.0420524311739516,17.898289060353516,2.8785047081214473e-08
283,solver_residual_call,,,0.5851038230030099,1512.2113841390699,9.148678281614577,5.011448783079379,36.83019000327221,0.2946070251310295
284,solver_residual_call,,,0.5969984510011273,476.4274733675818,3.429473617232679,2.460018569830519,10.212412013258751,0.23227549683484053
285,solver_residual_call,,,0.599265769997146,476.42722514163205,3.4294727586490548,2.460017871111495,10.212412013258751,3.101609191702437e-08
286,solver_residual_call,,,0.6012654829974053,476.4274177278295,3.4294734278597043,2.46001841682559,10.212412013258751,3.4409919539724814e-08
287,solver_residual_call,,,0.6032930820001638,476.42748639697305,3.429473655476041,2.46001864893835,10.212412013258751,2.1073424255447017e-08
288,solver_residual_call,,,0.6052823580030235,476.42746657431553,3.4294735920881934,2.4600185642163646,10.212412013258751,2.1073424255447017e-08
289,solver_residual_call,,,0.6073386729985941,476.42742989931713,3.429473467781511,2.460018463599615,10.212412013258751,2.7573440964310584e-08
290,solver_residual_call,,,0.6093526760014356,476.4275678358006,3.4294739470015334,2.4600188554791393,10.212412013258751,4.2374580414023225e-08
291,solver_residual_call,,,0.6113595060014632,476.4281480850048,3.4294770495374873,2.460020696467731,10.212417554632484,3.930868584667606e-08
292,solver_residual_call,,,0.6133762500030571,476.42872596838316,3.4294798131166484,2.460022730531035,10.212435292563582,3.129464899057918e-08
293,solver_residual_call,,,0.6153752940008417,476.4272154699962,3.429472404070275,2.460017582748257,10.212417779894754,3.2909506396324866e-08
294,solver_residual_call,,,0.6173884719974012,476.4276900693979,3.429474593579562,2.460019311240045,10.212414101840013,6.326479470828119e-08
295,solver_residual_call,,,0.6193990739993751,476.4274721345524,3.429473632132488,2.4600185853133594,10.21241053130285,6.19110696013594e-08
296,solver_residual_call,,,0.6235872870020103,476.42705787948194,3.429471611070952,2.4600171669158715,10.21240799978304,3.53515470999043e-08
297,solver_residual_call,,,0.6256193439985509,476.4272459590857,3.4294731263980283,2.460017326711495,10.212412013258751,4.0836723853483035e-08
298,solver_residual_call,,,0.6276956329966197,476.4275767264164,3.4294737910487654,2.4600196507718097,10.212412013258751,2.9385934796090273e-08
299,solver_residual_call,,,0.6298312279977836,476.4276960028119,3.4294740282761422,2.4600203637310334,10.212412013258751,2.110987994071001e-08
300,solver_residual_call,,,0.6319485580024775,476.4273811324738,3.4294734907478075,2.460017733122032,10.212412013258751,5.126360477502268e-08
301,solver_residual_call,,,0.6339858860010281,476.4275544363512,3.4294737584525765,2.4600193727525133,10.212412013258751,5.4375014186437577e-08
302,solver_residual_call,,,0.636034497001674,476.4275537433504,3.429473800115062,2.4600189300161808,10.212412013258751,3.927294359231001e-08
303,solver_residual_call,,,0.6382553270013887,476.42746581948586,3.4294735986168576,2.4600184698413683,10.212412013258751,3.645657211435048e-08
304,solver_residual_call,,,0.6407143579999683,476.42746215605916,3.429473589480012,2.46001821937953,10.212412013258751,3.442744122785207e-08
305,solver_residual_call,,,0.6427443799984758,476.4274777281734,3.4294736280295064,2.46001849935204,10.212412013258751,3.270850293620262e-08
306,solver_residual_call,,,0.6448134419988492,476.42747550329744,3.4294736223855673,2.4600185699712473,10.212412013258751,4.18027192894109e-08
307,solver_residual_call,,,0.6468298740001046,476.42747392753444,3.429473618616258,2.460018530884621,10.212412013258751,4.18027192894109e-08
308,solver_residual_call,,,0.6488925969970296,476.4274776754638,3.4294736279584392,2.4600185755470134,10.212412013258751,5.175393469095729e-08
309,solver_residual_call,,,0.6509783910005353,476.42747329892956,3.4294736170657263,2.4600185660232463,10.212412013258751,5.175393469095729e-08
310,solver_residual_call,,,0.6534217360022012,476.42747335567446,3.429473617203735,2.4600185690773504,10.212412013258751,2.174599855783825e-08
311,solver_residual_call,,,0.6555486619981821,476.42747319373376,3.429473616809903,2.460018560122175,10.212412013258751,3.2789218232587816e-08
312,solver_residual_call,,,0.657600108999759,476.4274737171127,3.4294736180834566,2.46001857602145,10.212412013258751,5.7532125219169536e-08
313,solver_residual_call,,,0.6597524300013902,476.42747401182174,3.429473618800637,2.460018611524774,10.212412013258751,9.951562396284666e-08
314,solver_residual_call,,,0.6618550109997159,476.42747300733583,3.4294736163558475,2.4600185552629936,10.212412013258751,8.740564952768973e-08
315,solver_residual_call,,,0.6638856179997674,476.42747275652766,3.429473615700093,2.4600185701807202,10.212412013258751,2.1073424255447017e-08
316,solver_residual_call,,,0.6659101479963283,476.42747388482303,3.4294736185212615,2.4600185741887493,10.212412013258751,2.1073424255447017e-08
317,solver_residual_call,,,0.66809939200175,476.4274728602554,3.4294736159439863,2.460018559328215,10.212412013258751,2.7720754880264377e-08
318,solver_residual_call,,,0.6701894180005183,476.42747951635965,3.4294736329947346,2.4600186038535843,10.212412013258751,4.154704177402006e-08
319,solver_residual_call,,,0.6722594410020974,476.42746191333725,3.4294735879506137,2.460018423921492,10.212412013258751,3.766180343816595e-08
320,solver_residual_call,,,0.6743752510010381,476.4274741696262,3.4294736193368167,2.4600186360172116,10.212412013258751,2.4564923189801826e-08
321,solver_residual_call,,,0.6766934359984589,476.4274733245033,3.429473617114073,2.460018568638483,10.212412013258751,2.4224567116799922e-08
322,solver_residual_call,,,0.6787876320013311,476.4274735849627,3.4294736178642045,2.4600185706576356,10.212412013258751,2.1073424255447017e-08
323,solver_residual_call,,,0.6809251160011627,476.4274735206764,3.429473617499774,2.4600185690503222,10.212412013258751,2.5474654781564385e-08
324,solver_residual_call,,,0.6830453489965294,476.4274753092892,3.4294736166514066,2.460018610437972,10.212412013258751,2.6590975406981992e-08
325,solver_residual_call,,,0.6851472679991275,476.4274614755171,3.429473593450587,2.4600185375719246,10.212412013258751,2.2755848985793028e-08
326,solver_residual_call,,,0.6878844230013783,476.4274755416971,3.4294736389392044,2.460018539728013,10.212412013258751,2.144077251895038e-08
327,solver_residual_call,,,0.690081464999821,476.4274733931726,3.4294736178227843,2.460018568240729,10.212412013258751,2.689618106632482e-08
328,solver_residual_call,,,0.6941837990016211,476.42747515564423,3.429473622283696,2.460018576197255,10.212412013258751,2.689618106632482e-08
329,solver_residual_call,,,0.6965324909979245,476.42747762639823,3.429473633105911,2.460018586867188,10.212412013258751,2.1073424255447017e-08
330,solver_residual_call,,,0.699205445998814,476.42749782431554,3.429473727916191,2.460018641840343,10.212412013258751,2.1073424255447017e-08
331,solver_residual_call,,,0.7013717239969992,476.42744737596473,3.429473497437185,2.460018502503797,10.212412013258751,2.1073424255447017e-08
332,solver_residual_call,,,0.7035541000004741,476.42748996434057,3.429473689347128,2.4600186040591097,10.212412013258751,2.1073424255447017e-08
333,solver_residual_call,,,0.705620654996892,476.4274732084347,3.4294736165208657,2.4600185680465243,10.212412013258751,2.66858194474887e-08
334,solver_residual_call,,,0.7078182789991843,476.4274768905187,3.4294736276952182,2.460018583452092,10.212412013258751,2.66858194474887e-08
335,solver_residual_call,,,0.7100416280009085,476.4274786127209,3.429473633382806,2.4600185878213683,10.212412013258751,2.1073424255447017e-08
336,solver_residual_call,,,0.7121960700023919,476.4274739225053,3.429473625219664,2.460018560149136,10.212412013258751,2.1073424255447017e-08
337,solver_residual_call,,,0.7144375679999939,476.4274867181687,3.4294736540832704,2.4600186275137124,10.212412013258751,2.1073424255447017e-08
338,solver_residual_call,,,0.7166846039981465,476.42747852046284,3.429473628418148,2.460018588025426,10.212412013258751,2.8561177560282252e-08
339,solver_residual_call,,,0.718911415002367,476.427473297014,3.4294736172661318,2.4600185696249137,10.212412013258751,2.8561177560282252e-08
340,solver_residual_call,,,0.721204998997564,476.4274734340504,3.4294736173453515,2.4600185699335766,10.212412013258751,2.1073424255447017e-08
341,solver_residual_call,,,0.7235367289977148,476.42747329540816,3.4294736173445406,2.460018569450033,10.212412013258751,2.583250137028954e-08
342,solver_residual_call,,,0.725746240997978,476.42747788881405,3.4294736463432507,2.4600185894233078,10.212412013258751,3.54864886308193e-08
343,solver_residual_call,,,0.7280068109976128,476.4274652305387,3.4294736016650744,2.4600184332541915,10.212412013258751,3.624099136673664e-08
344,solver_residual_call,,,0.7296962230029749,476.4274958089565,3.429473719188618,2.4600186440625844,10.212412013258751,2.6859573841455923e-08
345,solver_residual_call,,,0.7311319110012846,476.42747461921283,3.4294736244119464,2.4600185656867506,10.212412149235908,2.7116655243814758e-08
346,solver_residual_call,,,0.7323785039989161,476.4274729483473,3.4294736147613896,2.460018571367121,10.212412022568792,2.7116655243814758e-08
347,solver_residual_call,,,0.7335668020023149,476.4274731642544,3.4294736171928677,2.460018564498884,10.21241190168785,2.1073424255447017e-08
348,solver_residual_call,,,0.734808906003309,476.4274850772003,3.429473697236605,2.4600186029007576,10.21241306529877,3.3737607630428376e-08
349,solver_residual_call,,,0.7359998090032605,476.4274810456433,3.4294736469455236,2.460018594332159,10.21241349521507,3.3737607630428376e-08
350,solver_residual_call,,,0.737193736997142,476.4275018211551,3.429473812949537,2.4600186708596894,10.212413878823575,2.1073424255447017e-08
351,solver_residual_call,,,0.7385200479984633,476.42747264590713,3.4294736153006036,2.4600185678261477,10.212412013258751,2.1073424255447017e-08
352,solver_residual_call,,,0.7396902780019445,476.42747143138,3.429473610756089,2.4600185630655367,10.212412013258751,2.1073424255447017e-08
353,solver_residual_call,,,0.7408395149977878,476.42747746118295,3.429473633637568,2.4600185836931603,10.212412013258751,2.5680602149925757e-08
354,solver_residual_call,,,0.742020969002624,476.4274703250385,3.429473637818511,2.460018498070623,10.212412013258751,3.6230759327960994e-08
355,solver_residual_call,,,0.7432530759979272,476.427453696614,3.429473542358811,2.4600185253191955,10.212412013258751,3.3124972521466693e-08
356,solver_residual_call,,,0.744647093997628,476.4274525277643,3.429473619190872,2.4600184744884426,10.212412013258751,2.1073424255447017e-08
357,solver_residual_call,,,0.7458525399997598,476.4274740327206,3.4294736196652904,2.460018570746869,10.212412013258751,2.492783759490719e-08
358,solver_residual_call,,,0.7470143480022671,476.42747331691226,3.4294736169701743,2.460018569903575,10.212412013258751,2.575726102104379e-08
359,solver_residual_call,,,0.7482366190015455,476.427473477545,3.429473617937438,2.460018569570223,10.212412013258751,2.2585353219196083e-08
360,solver_residual_call,,,0.7494009439978981,476.42747298636993,3.4294736334030325,2.460018566484327,10.212412013258751,4.2516935732324674e-08
361,solver_residual_call,,,0.7505422870017355,476.4274682309846,3.429473613275797,2.4600184974512995,10.212412013258751,4.241914290083816e-08
362,solver_residual_call,,,0.7517069390014512,476.4274967616516,3.42947373886368,2.460018641641824,10.212412013258751,2.198604140011099e-08
363,solver_residual_call,,,0.7528449469973566,476.4274731315988,3.4294736166573645,2.46001856272682,10.212412013258751,2.16268951547516e-08
364,solver_residual_call,,,0.7539827869986766,476.42747330250967,3.429473617074036,2.4600185678903483,10.212412013258751,2.1973574425611856e-08
365,solver_residual_call,,,0.7551550680000219,476.4274723228442,3.4294736146863265,2.460018537684309,10.212412013258751,3.5969846153378424e-08
366,solver_residual_call,,,0.7562975079999887,476.4274732176765,3.429473616864385,2.4600185902122953,10.212412013258751,3.542712335358139e-08
367,solver_residual_call,,,0.7574437630028115,476.4274736770118,3.4294736179889322,2.4600186301474585,10.212412013258751,3.2026309678505235e-08
368,solver_residual_call,,,0.7586309449980035,476.42747379876187,3.4294736182906638,2.4600185739971865,10.212412013258751,3.669458461450183e-08
369,solver_residual_call,,,0.760320478999347,476.4274732050933,3.429473616836769,2.4600185644350563,10.212412013258751,2.7656775630166627e-08
370,solver_residual_call,,,0.7614750900029321,476.4274733913202,3.429473617290348,2.4600185706890385,10.212412013258751,2.213277791601725e-08
371,solver_residual_call,,,0.7626496290031355,476.4274726981219,3.4294736156021286,2.460018545723876,10.212412013258751,3.522362153319325e-08
372,solver_residual_call,,,0.7637818150033127,476.42747396696944,3.4294736186983408,2.4600185839875603,10.212412013258751,3.4567800992888703e-08
373,solver_residual_call,,,0.7649088519974612,476.4274735742754,3.429473617740283,2.460018559758163,10.212412013258751,2.1073424255447017e-08
374,solver_residual_call,,,0.7660399829983362,476.4274747973596,3.429473620729606,2.4600185980608975,10.212412013258751,2.629065319346766e-08
375,solver_residual_call,,,0.7671826389996568,476.42747370056003,3.4294736180462846,2.460018579716559,10.212412013258751,2.629065319346766e-08
376,solver_residual_call,,,0.7683097600020119,476.42747325509896,3.4294736169580307,2.460018565107389,10.212412013258751,2.1073424255447017e-08
377,solver_residual_call,,,0.7694917159969918,476.4274727701144,3.429473615772432,2.460018549378896,10.212412013258751,3.7634256104215116e-08
378,solver_residual_call,,,0.7706283320003422,476.4274729222509,3.429473616150206,2.4600185651252366,10.212412013258751,3.7634256104215116e-08
379,solver_residual_call,,,0.7717762379979831,476.42747343374134,3.429473617391382,2.460018564099342,10.212412013258751,2.1073424255447017e-08
380,solver_residual_call,,,0.7728948560034041,476.4274741148473,3.4294736190456647,2.460018571577655,10.212412013258751,3.169953662124506e-08
381,solver_residual_call,,,0.774023958001635,476.4274731698211,3.429473616751088,2.4600185634072385,10.212412013258751,3.287107938026753e-08
382,solver_residual_call,,,0.7752250949997688,476.4274733116123,3.4294736170964937,2.460018567083962,10.212412013258751,2.2797728998131706e-08
383,solver_residual_call,,,0.7774248549976619,476.4274732032093,3.4294736168320323,2.460018564622514,10.212412013258751,2.1073424255447017e-08
384,solver_residual_call,,,0.779767036998237,476.42747252247244,3.4294736151753304,2.4600185265385135,10.212412013258751,2.1073424255447017e-08
385,solver_residual_call,,,0.781457422002859,476.4274734327298,3.4294736173861557,2.4600186040605427,10.212412013258751,2.1073424255447017e-08
386,solver_residual_call,,,0.7827862650010502,476.4274753163651,3.4294736219772557,2.4600186648259923,10.212412013258751,2.9697221646584462e-08
387,solver_residual_call,,,0.7840136270024232,476.42747369886257,3.429473618042281,2.4600185791537417,10.212412013258751,2.9697221646584462e-08
388,solver_residual_call,,,0.7851469579982222,476.42747322941324,3.4294736168951347,2.460018565868897,10.212412013258751,2.1073424255447017e-08
389,solver_residual_call,,,0.7863172849974944,476.4274726632865,3.4294736155087886,2.4600185503353553,10.212412013258751,3.760916723624829e-08
390,solver_residual_call,,,0.7874576609974611,476.42747317919265,3.4294736167699407,2.4600185909070302,10.212412013258751,4.1289187551950786e-08
391,solver_residual_call,,,0.7887108139984775,476.42747294234226,3.4294736162024764,2.460018566283055,10.212412013258751,3.060790574253991e-08
392,solver_residual_call,,,0.790025265996519,476.42747311696155,3.4294736166274764,2.460018552969956,10.212412013258751,3.204641474966721e-08
393,solver_residual_call,,,0.7913817779990495,476.4274732921111,3.4294736170491706,2.4600185655548272,10.212412013258751,2.8715249654314674e-08
394,solver_residual_call,,,0.7925620039968635,476.4274733674779,3.429473617232422,2.4600185698583314,10.212412013258751,2.1073424255447017e-08
395,solver_residual_call,,,0.793673565996869,476.42747316239115,3.4294736167337687,2.460018557940226,10.212412013258751,3.221137087519342e-08
396,solver_residual_call,,,0.7948027059974265,476.4274733886314,3.429473617283777,2.460018562154835,10.212412013258751,5.257621311317322e-08
397,solver_residual_call,,,0.7959700729988981,476.42747350422854,3.4294736175651797,2.460018582545215,10.212412013258751,7.395612670612192e-08
398,solver_residual_call,,,0.7971027649982716,476.42747341922245,3.4294736173582567,2.4600185686085583,10.212412013258751,6.117861477435895e-08
399,solver_residual_call,,,0.7982913939995342,476.42747316429495,3.429473616781347,2.460018566757148,10.212412013258751,2.7054235596475216e-08
400,solver_residual_call,,,0.7994210820033913,476.4274733428729,3.42947361713602,2.460018569351538,10.212412013258751,2.7054235596475216e-08
401,solver_residual_call,,,0.8005787579968455,476.4274733500544,3.429473617229392,2.460018569413153,10.212412013258751,2.1073424255447017e-08
402,solver_residual_call,,,0.8016758559970185,476.42746976504105,3.4294736143374065,2.4600185206465977,10.212412013258751,3.2443239587259564e-08
403,solver_residual_call,,,0.8028108150028856,476.4274844303715,3.4294736476952257,2.460018563201895,10.212412013258751,4.010026831987165e-08
404,solver_residual_call,,,0.8039537849981571,476.4274987251099,3.429473731708525,2.460018553509012,10.212412013258751,3.573279575717756e-08
405,solver_residual_call,,,0.8050876970009995,476.4274733484481,3.4294736171745552,2.460018569746729,10.212412013258751,2.6858238367673905e-08
406,solver_residual_call,,,0.8067705829962506,476.42747333609464,3.4294736171182554,2.46001856988755,10.212412013258751,3.621723869701612e-08
407,solver_residual_call,,,0.8079973749991041,476.42747321529885,3.4294736168209474,2.4600185691658742,10.212412013258751,4.680709577800449e-08
408,solver_residual_call,,,0.8091889310016995,476.42747727466855,3.429473627684999,2.4600185930853034,10.212412013258751,3.637726001480467e-08
409,solver_residual_call,,,0.8103668249968905,476.4274740754412,3.429473619620295,2.46001857658018,10.212412013258751,3.156184391314089e-08
410,solver_residual_call,,,0.8115318880008999,476.42748813594744,3.429473657311296,2.460018660282313,10.212412013258751,3.1571887549649685e-08
411,solver_residual_call,,,0.8127152329980163,476.4274731979516,3.4294736167662747,2.460018570789029,10.212412013258751,2.7722619045748554e-08
412,solver_residual_call,,,0.8138233150020824,476.4274734834674,3.429473617519442,2.4600185706496984,10.212412013258751,2.7711180315992398e-08
413,solver_residual_call,,,0.814997827001207,476.42747304465576,3.429473616397137,2.4600185688168374,10.212412013258751,2.1073424255447017e-08
414,solver_residual_call,,,0.8161788279976463,476.4274863690131,3.429473649948967,2.4600187103432614,10.212412013258751,2.4680862836740097e-08
415,solver_residual_call,,,0.8173194440023508,476.42748268697846,3.4294736407137054,2.4600186749534783,10.212412013258751,2.4680862836740097e-08
416,solver_residual_call,,,0.8184573550024652,476.42747388674894,3.429473618623376,2.4600185876771556,10.212412013258751,2.2478818005498485e-08
417,solver_residual_call,,,0.8195913349991315,476.42747330318446,3.4294736170372837,2.460018569703488,10.212412013258751,2.5991197320895386e-08
418,solver_residual_call,,,0.8207211249973625,476.4274733773912,3.4294736172602627,2.460018569821699,10.212412013258751,2.4913785349800214e-08
419,solver_residual_call,,,0.8221695230022306,476.42747331351256,3.4294736170727878,2.4600185696718437,10.212412013258751,2.1341035005439818e-08
420,solver_residual_call,,,0.8233640909966198,476.42746936298494,3.4294736066960394,2.4600185480186627,10.212412013258751,8.762341044567283e-08
421,solver_residual_call,,,0.824557031999575,476.4274580963331,3.429473575060175,2.4600184833809795,10.212412013258751,8.866830348150239e-08
422,solver_residual_call,,,0.8260426900014863,476.42746592389676,3.4294735982079865,2.460018530349653,10.212412013258751,2.893582425018802e-08
423,solver_residual_call,,,0.8491199560012319,1060.2745387273424,7.152500263237177,3.996432405341487,21.30964480577735,0.07365175805117948
424,solver_residual_call,,,0.8610567200012156,509.0812013061903,3.611017000892715,2.5418513080460956,8.368246079644319,0.06081926604703622
425,solver_residual_call,,,0.8731998759976705,249.75129597627242,2.31192169254192,1.6425477211665855,7.7234046484889305,0.014759675405783806
426,solver_residual_call,,,0.8754571370009216,249.75116812065662,2.3119211090607696,1.6425473623565863,7.7234046484889305,3.102275414335054e-08
427,solver_residual_call,,,0.8774622519995319,249.75125271287428,2.3119214843858393,1.6425476035523103,7.7234046484889305,3.441592479599821e-08
428,solver_residual_call,,,0.8795919710028102,249.75131098151886,2.3119217620856656,1.6425478073785171,7.7234046484889305,2.1073424255447017e-08
429,solver_residual_call,,,0.8816423109965399,249.75129202554615,2.311921672368654,1.642547723927977,7.7234046484889305,2.1073424255447017e-08
430,solver_residual_call,,,0.8838030839979183,249.75127090621203,2.3119215780507045,1.6425476662923448,7.7234046484889305,2.757490328080763e-08
431,solver_residual_call,,,0.8858761399969808,249.7513459510431,2.3119219268377087,1.6425478819489039,7.7234046484889305,4.237362898658856e-08
432,solver_residual_call,,,0.8880886639963137,249.75163284776616,2.3119233700362263,1.642548888957723,7.7234046484889305,3.9285861040034335e-08
433,solver_residual_call,,,0.8901196759979939,249.75160241570148,2.311923493932706,1.642548311235664,7.7234046484889305,3.1234378068467256e-08
434,solver_residual_call,,,0.8921957159982412,249.75117973057687,2.311921209824654,1.6425473945715907,7.7234046484889305,3.2888265058974866e-08
435,solver_residual_call,,,0.8942097929975716,249.7513194811144,2.3119218455683597,1.6425476381510016,7.7234046484889305,6.326813181496006e-08
436,solver_residual_call,,,0.8962639329984086,249.75130723249612,2.31192172954668,1.6425477517622862,7.7234046484889305,6.190851615755348e-08
437,solver_residual_call,,,0.8983606749970932,249.75117026322133,2.311921024770409,1.642547461591729,7.7234046484889305,3.536315642936519e-08
438,solver_residual_call,,,0.9004063539978233,249.75121033596884,2.3119216309149615,1.642547450843339,7.723421002196569,4.085012230143273e-08
439,solver_residual_call,,,0.9024249189969851,249.7513291199389,2.3119216445990696,1.6425486169336836,7.723405716951393,2.938857842107257e-08
440,solver_residual_call,,,0.9044367329988745,249.75134113680596,2.311921517836897,1.6425485372174677,7.723397707364373,2.1107081328721725e-08
441,solver_residual_call,,,0.9067736540018814,249.7513048828506,2.311921947333965,1.6425476190918644,7.723410661849209,5.126338424472103e-08
442,solver_residual_call,,,0.9087883530010004,249.75130494747046,2.311921592309783,1.642548096332708,7.723403123038165,5.437447968317459e-08
443,solver_residual_call,,,0.9107937329972629,249.75131755841704,2.311921700456324,1.6425476493313365,7.723399539409075,3.9271616509312586e-08
444,solver_residual_call,,,0.9130458549989271,249.75129136140424,2.311921675592991,1.6425476760420394,7.7234046484889305,3.6455825211024534e-08
445,solver_residual_call,,,0.9150927919981768,249.75129270405554,2.3119216802253364,1.6425475613757314,7.7234046484889305,3.4427795559301586e-08
446,solver_residual_call,,,0.9171643750014482,249.7512975689423,2.311921698497312,1.6425476065112552,7.7234046484889305,3.2708657904548045e-08
447,solver_residual_call,,,0.9192068280026433,249.7513008940898,2.3119217103077307,1.6425477717865007,7.7234046484889305,4.1802537556004154e-08
448,solver_residual_call,,,0.9212131300009787,249.75129608197392,2.311921692937537,1.6425476834812367,7.7234046484889305,4.1802537556004154e-08
449,solver_residual_call,,,0.9233141619988601,249.75129517516143,2.3119216898666646,1.642547637089726,7.7234046484889305,5.1753958932121875e-08
450,solver_residual_call,,,0.9253408220029087,249.7512959077876,2.311921692294834,1.6425477174988026,7.7234046484889305,5.1753958932121875e-08
451,solver_residual_call,,,0.9274378690024605,249.7512959644828,2.3119216924994124,1.642547720419428,7.7234046484889305,2.1745999366436152e-08
452,solver_residual_call,,,0.9295350850006798,249.75129580277655,2.3119216919159586,1.6425477118424545,7.7234046484889305,3.2789226934644684e-08
453,solver_residual_call,,,0.9315639609994832,249.75129639335535,2.3119216940480514,1.6425477324537079,7.7234046484889305,5.75321187127268e-08
454,solver_residual_call,,,0.9335952050023479,249.7512968620637,2.311921695740253,1.6425477667993142,7.7234046484889305,9.951560367462108e-08
455,solver_residual_call,,,0.93562391299929,249.75129551417865,2.311921690873318,1.6425477028412692,7.7234046484889305,8.74056337745206e-08
456,solver_residual_call,,,0.9375311589974444,249.75129536643783,2.311921690206812,1.642547719160153,7.7234046484889305,2.1073424255447017e-08
457,solver_residual_call,,,0.9387371999982861,249.75129647647327,2.3119216943710943,1.6425477250334064,7.7234046484889305,2.1073424255447017e-08
458,solver_residual_call,,,0.94077491400094,249.75129557681407,2.311921690914867,1.6425477233160826,7.7234046484889305,2.7720777161322946e-08
459,solver_residual_call,,,0.9434991399975843,249.75127821904334,2.3119216237373013,1.6425475201085158,7.7234046484889305,4.154771528466933e-08
460,solver_residual_call,,,0.9458363890007604,249.75129366164754,2.3119216853419187,1.6425476829863563,7.7234046484889305,3.76626299410084e-08
461,solver_residual_call,,,0.9480303960008314,249.7513052082046,2.311921727252882,1.642547847394788,7.7234046484889305,2.4564495273559097e-08
462,solver_residual_call,,,0.9500735780020477,249.75129584720648,2.311921691985296,1.6425477185632895,7.7234046484889305,2.4223977847778202e-08
463,solver_residual_call,,,0.9521819799992954,249.7512961639961,2.3119216932900852,1.6425477223504807,7.7234046484889305,2.1073424255447017e-08
464,solver_residual_call,,,0.9541965809985413,249.75129611841166,2.3119216928108792,1.6425477203496228,7.7234046484889305,2.5474645056431506e-08
465,solver_residual_call,,,0.9562630680011353,249.75131502736838,2.311921769168526,1.642547857977637,7.7234046484889305,2.6590347199139686e-08
466,solver_residual_call,,,0.9584113279997837,249.75129281022376,2.3119216832706853,1.642547690247286,7.7234046484889305,2.275515497190836e-08
467,solver_residual_call,,,0.9606898609999917,249.75126491552788,2.3119215677105207,1.642547462159919,7.7234046484889305,2.1440803491845642e-08
468,solver_residual_call,,,0.9629062570020324,249.75129598353146,2.3119216935412132,1.6425477193517541,7.723404795696742,2.6896180881472704e-08
469,solver_residual_call,,,0.965004780999152,249.75129774907725,2.3119217000016743,1.6425477275278788,7.723404922873144,2.6896180881472704e-08
470,solver_residual_call,,,0.9670842269988498,249.75130020502635,2.311921716005808,1.642547738387862,7.723404834176312,2.1073424255447017e-08
471,solver_residual_call,,,0.9691431890023523,249.75132073804434,2.3119218655253464,1.6425477895391283,7.72340647532438,2.1073424255447017e-08
472,solver_residual_call,,,0.9712176460016053,249.75127303992878,2.3119215249951623,1.6425476631486826,7.723403679847098,2.1073424255447017e-08
473,solver_residual_call,,,0.9732965649964171,249.75131755026857,2.311921831346554,1.6425477680002691,7.723407066187463,2.1073424255447017e-08
474,solver_residual_call,,,0.9754763000019011,249.75129583442785,2.311921691639338,1.6425477192862483,7.7234046484889305,2.6685827736627618e-08
475,solver_residual_call,,,0.977373230001831,249.75129944405214,2.3119217080216883,1.6425477346594157,7.7234046484889305,2.6685827736627618e-08
476,solver_residual_call,,,0.9784417280025082,249.75130125228674,2.311921716384631,1.6425477389881953,7.7234046484889305,2.1073424255447017e-08
477,solver_residual_call,,,0.9796329169985256,249.75129679138468,2.3119217055729213,1.642547713635905,7.7234046484889305,2.1073424255447017e-08
478,solver_residual_call,,,0.980760726997687,249.75130877803622,2.311921744892282,1.6425477769911694,7.7234046484889305,2.1073424255447017e-08
479,solver_residual_call,,,0.9819021570001496,249.75131502605132,2.3119217880605216,1.6425477804914272,7.7234046484889305,2.8560144043114545e-08
480,solver_residual_call,,,0.9830638010025723,249.7512959449343,2.311921692475775,1.6425477214105348,7.7234046484889305,2.8560144043114545e-08
481,solver_residual_call,,,0.9841591419972247,249.75129601348328,2.3119216926737236,1.642547721079073,7.7234046484889305,2.1073424255447017e-08
482,solver_residual_call,,,0.9853254330009804,249.75129597697762,2.311921692695989,1.6425477217328128,7.7234046484889305,2.583250463511312e-08
483,solver_residual_call,,,0.9864244150012382,249.75129568538708,2.3119216908644957,1.64254773254606,7.7234046484889305,3.5486389606514474e-08
484,solver_residual_call,,,0.9875704459991539,249.7512983798028,2.3119217052242624,1.642547653013899,7.7234046484889305,3.6240765975267946e-08
485,solver_residual_call,,,0.9891184619991691,249.75130954993432,2.3119217453832537,1.6425478146360777,7.7234046484889305,2.6859403695762513e-08
486,solver_residual_call,,,0.9903264439999475,249.75129725561277,2.3119217030714,1.6425477223441074,7.7234046484889305,2.7116582893450792e-08
487,solver_residual_call,,,0.9915361570019741,249.7512955251987,2.3119216888566436,1.6425477204678622,7.7234046484889305,2.7116582893450792e-08
488,solver_residual_call,,,0.9928690610031481,249.75129578710616,2.3119216924299266,1.6425477199400846,7.7234046484889305,2.1073424255447017e-08
489,solver_residual_call,,,0.9941559430008056,249.7513092074737,2.311921769627223,1.6425477998712281,7.7234046484889305,3.3736967761156187e-08
490,solver_residual_call,,,0.9955331340024713,249.75129782237153,2.3119217153819807,1.6425476902504963,7.7234046484889305,3.3736967761156187e-08
491,solver_residual_call,,,0.9968172049993882,249.75132289801846,2.311921855843374,1.6425478475445485,7.7234046484889305,2.1073424255447017e-08
492,solver_residual_call,,,0.9979861410029116,249.75129530149968,2.311921689498991,1.6425477193392004,7.7234046484889305,2.1073424255447017e-08
493,solver_residual_call,,,0.9992154380015563,249.75129394228213,2.3119216830050537,1.6425477133284887,7.7234046484889305,2.1073424255447017e-08
494,solver_residual_call,,,1.0003787480018218,249.7513003009962,2.311921716828022,1.6425477368135621,7.7234046484889305,2.5680339387607254e-08
495,solver_residual_call,,,1.001591129002918,249.7512910796754,2.31192166825716,1.6425476522847213,7.7234046484889305,3.623071087702829e-08
496,solver_residual_call,,,1.0027969130023848,249.7512747489683,2.31192159760095,1.6425476675435666,7.7234046484889305,3.3125123236633943e-08
497,solver_residual_call,,,1.0042380480008433,249.75127642164077,2.3119216069810955,1.6425476443895064,7.7234046484889305,2.1073424255447017e-08
498,solver_residual_call,,,1.0055281329987338,249.75129652200533,2.3119216960396796,1.6425477222535625,7.7234046484889305,2.4927802883816822e-08
499,solver_residual_call,,,1.0067468600027496,249.7512959109764,2.311921692120929,1.6425477212943789,7.7234046484889305,2.5757230229538104e-08
500,solver_residual_call,,,1.0079571359965485,249.75129606464236,2.3119216935645577,1.6425477204973333,7.7234046484889305,2.258535132581214e-08
501,solver_residual_call,,,1.009166871997877,249.7512932159753,2.3119216751344034,1.6425477101282833,7.7234046484889305,4.25169660504285e-08
502,solver_residual_call,,,1.0103939379987423,249.7512962095078,2.3119217098952514,1.642547673727077,7.7234046484889305,4.241916712069625e-08
503,solver_residual_call,,,1.0116167189989937,249.75131330699512,2.311921767252468,1.6425477959876302,7.7234046484889305,2.1984447041120002e-08
504,solver_residual_call,,,1.0128218769968953,249.75129574119302,2.3119216916917256,1.6425477140992115,7.7234046484889305,2.1625291730893405e-08
505,solver_residual_call,,,1.0140528970005107,249.7512959117912,2.3119216923087422,1.6425477192368534,7.7234046484889305,2.1973578831683853e-08
506,solver_residual_call,,,1.0153577349992702,249.75129493466684,2.3119216887757448,1.6425476892147823,7.7234046484889305,3.5969893288423863e-08
507,solver_residual_call,,,1.0165630060000694,249.75129570061472,2.3119216915389473,1.64254773837546,7.7234046484889305,3.5427168477856626e-08
508,solver_residual_call,,,1.017727553997247,249.75129642436477,2.3119216941674416,1.6425477844489171,7.7234046484889305,3.2026288058454006e-08
509,solver_residual_call,,,1.0189340930010076,249.75129672767122,2.3119216952747585,1.642547732696938,7.7234046484889305,3.669453402286676e-08
510,solver_residual_call,,,1.0202396079985192,249.75129581431645,2.3119216919563685,1.6425477159355095,7.7234046484889305,2.7656733541803435e-08
511,solver_residual_call,,,1.021412579997559,249.75129600035544,2.311921692628644,1.6425477220965363,7.7234046484889305,2.2132776274210868e-08
512,solver_residual_call,,,1.022648181002296,249.75129530805904,2.311921690127004,1.6425476973426822,7.7234046484889305,3.522364999524751e-08
513,solver_residual_call,,,1.0238590910012135,249.75129670326262,2.3119216951791763,1.642547738115821,7.7234046484889305,3.4567831046125687e-08
514,solver_residual_call,,,1.0250706149963662,249.75129625435244,2.3119216935540847,1.6425477129271697,7.7234046484889305,2.1073424255447017e-08
515,solver_residual_call,,,1.026291713998944,249.75129773800438,2.3119216989337805,1.642547757008549,7.7234046484889305,2.6290549652429906e-08
516,solver_residual_call,,,1.0274819969999953,249.7512963091037,2.3119216937480576,1.6425477310748342,7.7234046484889305,2.6290549652429906e-08
517,solver_residual_call,,,1.02867081000295,249.7512958647407,2.311921692137315,1.6425477164818223,7.7234046484889305,2.1073424255447017e-08
518,solver_residual_call,,,1.0298502310033655,249.75129538103207,2.3119216903835413,1.6425477013455785,7.7234046484889305,3.763428057193712e-08
519,solver_residual_call,,,1.0310945329983952,249.75129532529607,2.3119216901859976,1.642547715300804,7.7234046484889305,3.763428057193712e-08
520,solver_residual_call,,,1.0322999179988983,249.75129614278111,2.3119216931442033,1.642547714149764,7.7234046484889305,2.1073424255447017e-08
521,solver_residual_call,,,1.033457550998719,249.75129723753687,2.311921697107386,1.6425477249225453,7.7234046484889305,3.169947508277544e-08
522,solver_residual_call,,,1.0350148950019502,249.7512957794013,2.311921691830659,1.6425477150148349,7.7234046484889305,3.2871029242481686e-08
523,solver_residual_call,,,1.0363635690009687,249.75129592034443,2.311921692340258,1.6425477183193293,7.7234046484889305,2.279774227388861e-08
524,solver_residual_call,,,1.0376623749980354,249.7512958124575,2.3119216919494248,1.642547716171861,7.7234046484889305,2.1073424255447017e-08
525,solver_residual_call,,,1.0389941100002034,249.75129492402482,2.311921688738481,1.6425476741767098,7.7234046484889305,2.1073424255447017e-08
526,solver_residual_call,,,1.0403333520007436,249.75129613712852,2.311921693117235,1.642547752836267,7.7234046484889305,2.1073424255447017e-08
527,solver_residual_call,,,1.0415904550027335,249.75129841913937,2.3119217013728868,1.6425478255824641,7.7234046484889305,2.9697094689144528e-08
528,solver_residual_call,,,1.0428011269978015,249.751296307177,2.3119216937418052,1.6425477304170737,7.7234046484889305,2.9697094689144528e-08
529,solver_residual_call,,,1.0441219170024851,249.75129583879547,2.3119216920443515,1.6425477169775324,7.7234046484889305,2.1073424255447017e-08
530,solver_residual_call,,,1.045328439999139,249.7512952763136,2.3119216900007635,1.642547700503177,7.7234046484889305,3.760919577838241e-08
531,solver_residual_call,,,1.0465892229985911,249.75129534810276,2.311921690251673,1.6425477340501147,7.7234046484889305,4.128923704448148e-08
532,solver_residual_call,,,1.0478259709998383,249.75129565242628,2.3119216913872522,1.6425477146967178,7.7234046484889305,3.0607953876114136e-08
533,solver_residual_call,,,1.049389979998523,249.75129610786357,2.3119216930400377,1.6425477082807487,7.7234046484889305,3.20464241592661e-08
534,solver_residual_call,,,1.0517801090027206,249.75129590098913,2.3119216922703734,1.6425477169085207,7.7234046484889305,2.871524263143201e-08
535,solver_residual_call,,,1.0541440390006755,249.75129597628327,2.311921692541959,1.6425477211650474,7.7234046484889305,2.1073424255447017e-08
536,solver_residual_call,,,1.0564925979997497,249.7512957714574,2.3119216918031715,1.6425477093268317,7.7234046484889305,3.2211380718033454e-08
537,solver_residual_call,,,1.0588146290028817,249.75129610870835,2.311921693019955,1.6425477165595914,7.7234046484889305,5.257621504193009e-08
538,solver_residual_call,,,1.0611203060034313,249.75129630056313,2.3119216937127427,1.6425477409698752,7.7234046484889305,7.395611702058218e-08
539,solver_residual_call,,,1.0633865659983712,249.7512961554347,2.3119216931887037,1.642547723995715,7.7234046484889305,6.117860659077539e-08
540,solver_residual_call,,,1.0652288589990349,249.75129576239567,2.311921691742611,1.6425477177446561,7.7234046484889305,2.705424782815015e-08
541,solver_residual_call,,,1.0664871920016594,249.7512959374417,2.3119216923902384,1.6425477206250714,7.7234046484889305,2.705424782815015e-08
542,solver_residual_call,,,1.067741131002549,249.7512959678452,2.311921692510572,1.6425477209215817,7.7234046484889305,2.1073424255447017e-08
543,solver_residual_call,,,1.0689371440021205,249.75128831960004,2.311921663647142,1.6425476324128387,7.7234046484889305,3.244351749608454e-08
544,solver_residual_call,,,1.0701484390010592,249.75130842648056,2.3119217404192627,1.6425477914852982,7.7234046484889305,4.0099983804694184e-08
545,solver_residual_call,,,1.0713895809967653,249.75129639854927,2.311921694334832,1.6425476504663854,7.7234046484889305,3.5731549716081935e-08
546,solver_residual_call,,,1.0725598610006273,249.75129595065226,2.311921692414913,1.6425477211755708,7.7234046484889305,2.6857341109924547e-08
547,solver_residual_call,,,1.0737457380018895,249.7512959287703,2.3119216922853845,1.6425477210834056,7.7234046484889305,3.621724314937176e-08
548,solver_residual_call,,,1.074934784002835,249.75129579589193,2.3119216918177643,1.6425477205578152,7.7234046484889305,4.680710709428569e-08
549,solver_residual_call,,,1.076136878997204,249.75129081005574,2.311921671716938,1.6425476944694153,7.7234046484889305,3.637727014284162e-08
550,solver_residual_call,,,1.0773198640017654,249.75129757918435,2.3119216969139122,1.642547725742603,7.7234046484889305,3.156171355088288e-08
551,solver_residual_call,,,1.0784760690003168,249.75127936415336,2.3119216232936513,1.642547631109662,7.7234046484889305,3.157229038850238e-08
552,solver_residual_call,,,1.079846897002426,249.75129580728333,2.3119216919162957,1.6425477176473948,7.7234046484889305,2.7723235773780233e-08
553,solver_residual_call,,,1.0810693289968185,249.75129608574403,2.3119216929409756,1.6425477239013622,7.7234046484889305,2.7711189863675507e-08
554,solver_residual_call,,,1.0822515670006396,249.7512956404188,2.3119216913093665,1.6425477167101248,7.7234046484889305,2.1073424255447017e-08
555,solver_residual_call,,,1.083466566997231,249.75130006598408,2.3119217074857032,1.642547791411972,7.7234046484889305,2.4680591131072588e-08
556,solver_residual_call,,,1.0846238800004357,249.7513008715083,2.3119217104226863,1.6425478028440472,7.7234046484889305,2.4680591131072588e-08
557,solver_residual_call,,,1.0860902069980511,249.7513006540957,2.311921709618577,1.6425477972329114,7.7234046484889305,2.2478493326997085e-08
558,solver_residual_call,,,1.0874090200013597,249.75129590623592,2.3119216922627497,1.642547720993435,7.7234046484889305,2.599092074928145e-08
559,solver_residual_call,,,1.088601891999133,249.75129599070064,2.3119216925964703,1.6425477211805093,7.7234046484889305,2.4913788954725566e-08
560,solver_residual_call,,,1.0897941000002902,249.7512959197333,2.3119216923188493,1.642547720946788,7.7234046484889305,2.1341038294813736e-08
561,solver_residual_call,,,1.0910230329973274,249.75129342662598,2.3119216829821334,1.6425477002205915,7.7234046484889305,8.762345784885799e-08
562,solver_residual_call,,,1.0922121480034548,249.75128539010657,2.3119216519589636,1.6425476339012832,7.7234046484889305,8.86685419819067e-08
563,solver_residual_call,,,1.0934380909966421,249.7512914793335,2.311921675918779,1.6425476843931401,7.7234046484889305,2.893666016206047e-08
564,solver_residual_call,,,1.1210294170014095,166.93660658887768,1.880596383806839,1.2661853882434557,7.2231091527562175,0.009206469008456453
565,solver_residual_call,,,1.1233842820001883,166.93661750323835,1.8805964410568747,1.2661854405096193,7.2231091527562175,3.102740375737767e-08
566,solver_residual_call,,,1.1254195489964332,166.93659556145354,1.8805963092436264,1.2661853364221227,7.2231091527562175,3.442011604931577e-08
567,solver_residual_call,,,1.127709184998821,166.9366147132066,1.8805964236148456,1.26618540619005,7.2231091527562175,2.1073424255447017e-08
568,solver_residual_call,,,1.1297427550016437,166.93660595830295,1.8805963767055747,1.266185379755156,7.2231091527562175,2.1073424255447017e-08
569,solver_residual_call,,,1.1318912400020054,166.93660417770272,1.8805963668226342,1.2661853843521869,7.2231091527562175,2.7579468297976647e-08
570,solver_residual_call,,,1.133972203999292,166.9366025674863,1.8805963647389363,1.2661853764064768,7.2231091527562175,4.237509237784011e-08
571,solver_residual_call,,,1.1360166160011431,166.9365724690024,1.8805962052620657,1.266184858591391,7.2231091527562175,3.924584186547593e-08
572,solver_residual_call,,,1.1380049049985246,166.93643640327315,1.8805957026842643,1.2661834558225895,7.2231091527562175,3.1199076942243234e-08
573,solver_residual_call,,,1.1400180450000335,166.93666347119017,1.880596758245724,1.266185747822653,7.2231091527562175,3.2879101586240346e-08
574,solver_residual_call,,,1.1428601239967975,166.936548193048,1.8805961092771901,1.2661848300829335,7.2231091527562175,6.327177644837796e-08
575,solver_residual_call,,,1.1450993870021193,166.93660308365688,1.880596346787688,1.2661854019414056,7.2231091527562175,6.192365674291788e-08
576,solver_residual_call,,,1.1472172290013987,166.93666412969642,1.8805966566390424,1.2661859774578492,7.2231091527562175,3.5357669612763204e-08
577,solver_residual_call,,,1.1492944970013923,166.93660048563956,1.8805967664716223,1.2661854054275434,7.223126155483344,4.085296829468569e-08
578,solver_residual_call,,,1.151415863998409,166.93661307346144,1.8805962860424237,1.2661860816968145,7.2231108024101,2.939540715550792e-08
579,solver_residual_call,,,1.1535088719974738,166.93660176804892,1.8805959890657893,1.2661860530044333,7.223102660909641,2.1101889578822324e-08
580,solver_residual_call,,,1.1556126889990992,166.9366345475094,1.8805967595804032,1.2661854330920472,7.2231149691690275,5.12519716024659e-08
581,solver_residual_call,,,1.157701256001019,166.93660657236745,1.880596255106258,1.2661857362424456,7.223107883741276,5.436387006919403e-08
582,solver_residual_call,,,1.1597768799983896,166.9366024098553,1.8805962378750762,1.2661852085647154,7.223103828460847,3.927227340396735e-08
583,solver_residual_call,,,1.161851728997135,166.9366049707166,1.8805963765782845,1.2661853323902117,7.2231091527562175,3.645737081636891e-08
584,solver_residual_call,,,1.1639555299989297,166.93660666896253,1.880596384113546,1.2661851189019002,7.2231091527562175,3.4428935581974764e-08
585,solver_residual_call,,,1.166051387997868,166.93660626515035,1.8805963824120673,1.2661852751634137,7.2231091527562175,3.27086747059746e-08
586,solver_residual_call,,,1.1681729629999609,166.93660974926598,1.880596397837371,1.2661853905730922,7.2231091527562175,4.1800786199547624e-08
587,solver_residual_call,,,1.17025561400078,166.93660678054576,1.8805963846654052,1.266185347972317,7.2231091527562175,4.1800786199547624e-08
588,solver_residual_call,,,1.17238840200298,166.93660487257205,1.880596376213604,1.2661853478259533,7.2231091527562175,5.1754710408733184e-08
589,solver_residual_call,,,1.1745705499997712,166.9366065212829,1.8805963835070638,1.2661853844702942,7.2231091527562175,5.1754710408733184e-08
590,solver_residual_call,,,1.1766488170032972,166.9366065772472,1.8805963837552828,1.2661853875120683,7.2231091527562175,2.1746011818847183e-08
591,solver_residual_call,,,1.1787178559970926,166.93660641789526,1.8805963830485433,1.2661853786773731,7.2231091527562175,3.278935651350692e-08
592,solver_residual_call,,,1.180737795002642,166.93660675671592,1.8805963845518088,1.266185390838283,7.2231091527562175,5.753211974022768e-08
593,solver_residual_call,,,1.1830168410015176,166.9366076905804,1.8805963886966792,1.2661854390192386,7.2231091527562175,9.951530601957811e-08
594,solver_residual_call,,,1.1851129319984466,166.9366061985562,1.880596382074377,1.2661853730462274,7.2231091527562175,8.74053397153793e-08
595,solver_residual_call,,,1.1872489219967974,166.93660614576362,1.8805963817836682,1.2661853879946119,7.2231091527562175,2.1073424255447017e-08
596,solver_residual_call,,,1.189404074997583,166.93660699041197,1.880596385627724,1.266185391005655,7.2231091527562175,2.1073424255447017e-08
597,solver_residual_call,,,1.1915339670013054,166.9366065068914,1.8805963833369161,1.2661853960057423,7.2231091527562175,2.772085018333061e-08
598,solver_residual_call,,,1.1935914319983567,166.9366038335321,1.880596370199635,1.2661852897370343,7.2231091527562175,4.154941100265355e-08
599,solver_residual_call,,,1.195685696999135,166.93660190225336,1.8805963630791203,1.266185336478423,7.2231091527562175,3.766733689571444e-08
600,solver_residual_call,,,1.1976921449968359,166.9366081611389,1.8805963909988572,1.2661854594985056,7.2231091527562175,2.456734048000599e-08
601,solver_residual_call,,,1.199779025002499,166.93660634224318,1.880596382605544,1.2661853859874947,7.2231091527562175,2.4222369394345395e-08
602,solver_residual_call,,,1.201967852000962,166.9366067893416,1.8805963847462697,1.2661853907350675,7.2231091527562175,2.1073424255447017e-08
603,solver_residual_call,,,1.2043000780031434,166.9366064983679,1.8805963831870314,1.2661853889640908,7.2231091527562175,2.5474707009162885e-08
604,solver_residual_call,,,1.2063944390029064,166.93661931729676,1.8805964428324784,1.2661855082132007,7.2231091527562175,2.657830586196169e-08
605,solver_residual_call,,,1.2084482349964674,166.93660585157195,1.8805963801862693,1.2661854118480067,7.2231091527562175,2.2741149226843228e-08
606,solver_residual_call,,,1.2104746300028637,166.9365907236902,1.8805963097173493,1.266185238950987,7.2231091527562175,2.144094734073702e-08
607,solver_residual_call,,,1.212550784999621,166.93660666890074,1.8805963853439456,1.266185386570368,7.223109279897644,2.6896118216638043e-08
608,solver_residual_call,,,1.214585485002317,166.9366082943556,1.8805963926265559,1.2661853944978554,7.223109420808101,2.6896118216638043e-08
609,solver_residual_call,,,1.2165829020013916,166.93661078151123,1.880596412049896,1.2661854056520137,7.223109347777114,2.1073424255447017e-08
610,solver_residual_call,,,1.2185950580023928,166.93662767012728,1.8805965586294584,1.2661854486576307,7.223110920189525,2.1073424255447017e-08
611,solver_residual_call,,,1.2227935909977532,166.93658510324633,1.8805962087479968,1.2661853348920793,7.223108346959786,2.1073424255447017e-08
612,solver_residual_call,,,1.2255397319968324,166.93662836023097,1.8805965529771476,1.2661854409907225,7.223111672253175,2.1073424255447017e-08
613,solver_residual_call,,,1.2266668279989972,166.9366064456789,1.8805963826881993,1.2661853864658932,7.2231091527562175,2.6685953179072304e-08
614,solver_residual_call,,,1.2278397359987139,166.93660992805587,1.8805964022257033,1.266185401334648,7.2231091527562175,2.6685953179072304e-08
615,solver_residual_call,,,1.2290734260022873,166.93661176673447,1.8805964121839502,1.266185406038564,7.2231091527562175,2.1073424255447017e-08
616,solver_residual_call,,,1.2302808829990681,166.93660607786327,1.880596388604783,1.2661853801374314,7.2231091527562175,2.1073424255447017e-08
617,solver_residual_call,,,1.2315047640004195,166.93661605178136,1.8805964285376195,1.266185432027912,7.2231091527562175,2.1073424255447017e-08
618,solver_residual_call,,,1.2326450749969808,166.936624518245,1.8805964933476074,1.2661854605058627,7.2231091527562175,2.8545439913419994e-08
619,solver_residual_call,,,1.2336901090020547,166.93660653169633,1.8805963835184214,1.2661853885092884,7.2231091527562175,2.8545439913419994e-08
620,solver_residual_call,,,1.2354191740014357,166.93660661506476,1.8805963839423503,1.2661853879171774,7.2231091527562175,2.1073424255447017e-08
621,solver_residual_call,,,1.2367737640015548,166.9366065775133,1.880596383760079,1.2661853885107532,7.2231091527562175,2.5832485771690824e-08
622,solver_residual_call,,,1.237946622997697,166.93660309713826,1.8805963669774703,1.2661853668493184,7.2231091527562175,3.5488236286701484e-08
623,solver_residual_call,,,1.2391430339994258,166.93660723452155,1.880596388717766,1.2661853560145893,7.2231091527562175,3.624190941665744e-08
624,solver_residual_call,,,1.240306658000918,166.9366084638311,1.8805963920651105,1.2661854353757351,7.2231091527562175,2.6858488501199316e-08
625,solver_residual_call,,,1.2415749990032054,166.9366078987552,1.880596396215766,1.2661853922023976,7.2231091527562175,2.7115479096972328e-08
626,solver_residual_call,,,1.24267086799955,166.93660608362504,1.880596379325527,1.2661853866572412,7.2231091527562175,2.7115479096972328e-08
627,solver_residual_call,,,1.24381212300068,166.93660648802884,1.8805963834029207,1.2661853875453661,7.2231091527562175,2.1073424255447017e-08
628,solver_residual_call,,,1.244936098002654,166.93661617770724,1.880596436969507,1.2661854662350693,7.2231091527562175,3.3728762475441566e-08
629,solver_residual_call,,,1.2460657909978181,166.93660888697647,1.8805964269040591,1.26618533853321,7.2231091527562175,3.3728762475441566e-08
630,solver_residual_call,,,1.2471922140030074,166.93662063936867,1.8805964556625947,1.266185453469124,7.2231091527562175,2.1073424255447017e-08
631,solver_residual_call,,,1.248361872996611,166.93660587956467,1.880596379615519,1.2661853825529292,7.2231091527562175,2.1073424255447017e-08
632,solver_residual_call,,,1.2496245090005687,166.93660444745476,1.8805963726081054,1.2661853806970451,7.2231091527562175,2.1073424255447017e-08
633,solver_residual_call,,,1.2508382219966734,166.93661096466144,1.880596412106993,1.2661853986401048,7.2231091527562175,2.5676147853121584e-08
634,solver_residual_call,,,1.2521625309964293,166.93660045299225,1.8805963572739506,1.266185346192349,7.2231091527562175,3.622957127024703e-08
635,solver_residual_call,,,1.2533731410003384,166.93660515110003,1.8805963728676385,1.2661853909378535,7.2231091527562175,3.3127125980087853e-08
636,solver_residual_call,,,1.2545772239973303,166.9365921980361,1.8805963080896597,1.2661853066897373,7.2231091527562175,2.1073424255447017e-08
637,solver_residual_call,,,1.2557984520026366,166.93660720823212,1.880596387808238,1.2661853904068907,7.2231091527562175,2.492721173137335e-08
638,solver_residual_call,,,1.257012232003035,166.93660648766587,1.8805963832737276,1.2661853875517928,7.2231091527562175,2.5756755339694995e-08
639,solver_residual_call,,,1.2582981849991484,166.93660672676296,1.880596384903174,1.2661853878583296,7.2231091527562175,2.2585309852309982e-08
640,solver_residual_call,,,1.2595079550010269,166.9366008660312,1.8805963493987092,1.2661853564370236,7.2231091527562175,4.2519280415396626e-08
641,solver_residual_call,,,1.260703690997616,166.9366055922626,1.880596391688898,1.2661853349071572,7.2231091527562175,4.242193504946666e-08
642,solver_residual_call,,,1.2619233829973382,166.9366101705243,1.8805963991754622,1.26618540268166,7.2231091527562175,2.197722781386882e-08
643,solver_residual_call,,,1.2631512060033856,166.9366063597507,1.8805963827883114,1.2661853811766017,7.2231091527562175,2.161723214794285e-08
644,solver_residual_call,,,1.2643587729980936,166.93660652563554,1.8805963835256811,1.2661853863236836,7.2231091527562175,2.1973645901983774e-08
645,solver_residual_call,,,1.2656575130022247,166.9366055761087,1.8805963793060327,1.2661853562372112,7.2231091527562175,3.597058940548055e-08
646,solver_residual_call,,,1.2668678740010364,166.93660654108302,1.8805963835910604,1.2661854114471955,7.2231091527562175,3.542783365945431e-08
647,solver_residual_call,,,1.2681547699976363,166.93660682511003,1.8805963848586071,1.2661854478711636,7.2231091527562175,3.2026116277463015e-08
648,solver_residual_call,,,1.2693284449997009,166.93660678933418,1.880596384705354,1.266185387175383,7.2231091527562175,3.6694256925381086e-08
649,solver_residual_call,,,1.2713420579966623,166.93660642996926,1.8805963831006391,1.2661853829914014,7.2231091527562175,2.765656481449493e-08
650,solver_residual_call,,,1.2727949370018905,166.93660661250556,1.8805963839114512,1.2661853891648425,7.2231091527562175,2.213275131876626e-08
651,solver_residual_call,,,1.274172051998903,166.9366059345196,1.880596380899979,1.2661853643887375,7.2231091527562175,3.5224066496256976e-08
652,solver_residual_call,,,1.2754586029986967,166.93660728408173,1.880596386906491,1.2661854048841903,7.2231091527562175,3.45682714269089e-08
653,solver_residual_call,,,1.2768100410030456,166.93660685641112,1.8805963850036023,1.2661853795522406,7.2231091527562175,2.1073424255447017e-08
654,solver_residual_call,,,1.278052640001988,166.93660827117156,1.8805963913086639,1.2661854231408123,7.2231091527562175,2.6289060585355076e-08
655,solver_residual_call,,,1.279246232996229,166.93660691370374,1.880596385254029,1.2661853981023898,7.2231091527562175,2.6289060585355076e-08
656,solver_residual_call,,,1.2805128960026195,166.9366064790331,1.8805963833179997,1.2661853835258754,7.2231091527562175,2.1073424255447017e-08
657,solver_residual_call,,,1.2818083169986494,166.93660601427376,1.8805963812462991,1.2661853677913713,7.2231091527562175,3.7634635762034606e-08
658,solver_residual_call,,,1.2832962859974941,166.93660623075743,1.8805963822229697,1.2661853837056682,7.2231091527562175,3.7634635762034606e-08
659,solver_residual_call,,,1.2845663650005008,166.936606652623,1.8805963840842495,1.266185383024983,7.2231091527562175,2.1073424255447017e-08
660,solver_residual_call,,,1.285693416997674,166.93660715193514,1.8805963862879378,1.2661853900735465,7.2231091527562175,3.169906156081712e-08
661,solver_residual_call,,,1.2871403870012728,166.93660639668255,1.8805963829533388,1.26618538195981,7.2231091527562175,3.2870766474801045e-08
662,solver_residual_call,,,1.2883796149981208,166.93660653308677,1.8805963835593504,1.2661853854436638,7.2231091527562175,2.2797938386057917e-08
663,solver_residual_call,,,1.2901254469979904,166.9366064304338,1.8805963831025392,1.2661853831522198,7.2231091527562175,2.1073424255447017e-08
664,solver_residual_call,,,1.2926097949966788,166.93660567924775,1.8805963797672736,1.2661853433391517,7.2231091527562175,2.1073424255447017e-08
665,solver_residual_call,,,1.2941297959987423,166.93660664946628,1.8805963840677198,1.2661854213835988,7.2231091527562175,2.1073424255447017e-08
666,solver_residual_call,,,1.2962764170006267,166.93660870273658,1.880596393195123,1.266185487257357,7.2231091527562175,2.9695438112965733e-08
667,solver_residual_call,,,1.2989184339967323,166.9366069114879,1.8805963852440608,1.2661853975351718,7.2231091527562175,2.9695438112965733e-08
668,solver_residual_call,,,1.3013186460011639,166.93660645408698,1.8805963832059207,1.2661853845244222,7.2231091527562175,2.1073424255447017e-08
669,solver_residual_call,,,1.3033217519987375,166.93660592328612,1.8805963808359294,1.26618537018241,7.2231091527562175,3.760960760105226e-08
670,solver_residual_call,,,1.3049541319996933,166.93660664275524,1.880596384051349,1.2661854149380045,7.2231091527562175,4.1289582094877504e-08
671,solver_residual_call,,,1.306435466001858,166.93660604327718,1.8805963813880469,1.2661853840908008,7.2231091527562175,3.0608327917284576e-08
672,solver_residual_call,,,1.3083037410033285,166.93660608693085,1.8805963815750206,1.2661853669644576,7.2231091527562175,3.204718428316498e-08
673,solver_residual_call,,,1.3097110369999427,166.93660651465896,1.8805963834777253,1.266185384018176,7.2231091527562175,2.8715649010629692e-08
674,solver_residual_call,,,1.3115931779975654,166.9366065889591,1.880596383807203,1.2661853882286311,7.2231091527562175,2.1073424255447017e-08
675,solver_residual_call,,,1.3137045429975842,166.93660638709355,1.8805963829120786,1.266185376523211,7.2231091527562175,3.221152658901874e-08
676,solver_residual_call,,,1.3150926250018529,166.93660665624367,1.8805963841056823,1.2661853820138242,7.2231091527562175,5.25762745819795e-08
677,solver_residual_call,,,1.3163453599991044,166.93660718950636,1.8805963864727788,1.2661854165384592,7.2231091527562175,7.395590697569628e-08
678,solver_residual_call,,,1.3183865570026683,166.93660681051523,1.880596384790505,1.2661853925905526,7.2231091527562175,6.117837831189382e-08
679,solver_residual_call,,,1.3199282369969296,166.93660628697103,1.880596382460408,1.2661853818769395,7.2231091527562175,2.70545069178304e-08
680,solver_residual_call,,,1.3213596749992575,166.93660655348452,1.8805963836496176,1.2661853870553543,7.2231091527562175,2.70545069178304e-08
681,solver_residual_call,,,1.323332328000106,166.93660657008797,1.8805963837223794,1.2661853882969105,7.2231091527562175,2.1073424255447017e-08
682,solver_residual_call,,,1.325508339999942,166.93660407556797,1.8805963725841885,1.2661853357660995,7.2231091527562175,3.244567234657713e-08
683,solver_residual_call,,,1.3278870310023194,166.93660533452842,1.8805963781922235,1.2661853317046525,7.2231091527562175,4.010170871329617e-08
684,solver_residual_call,,,1.3304413049991126,166.93659643813243,1.8805963382756263,1.266185182121934,7.2231091527562175,3.5737887357182696e-08
685,solver_residual_call,,,1.3321544520003954,166.9366065349864,1.880596383498433,1.2661853881984952,7.2231091527562175,2.6865799914576604e-08
686,solver_residual_call,,,1.3336234579983284,166.93660651885554,1.8805963832892574,1.2661853883799101,7.2231091527562175,3.6217289291973146e-08
687,solver_residual_call,,,1.3349281150003662,166.93660623993063,1.8805963820557796,1.2661853871859419,7.2231091527562175,4.680731848382008e-08
688,solver_residual_call,,,1.3361900859963498,166.93660309634177,1.880596365866791,1.2661853690936298,7.2231091527562175,3.637749620077438e-08
689,solver_residual_call,,,1.337478914996609,166.93660287754972,1.8805963650719164,1.2661853677973371,7.2231091527562175,3.156425035769545e-08
690,solver_residual_call,,,1.33885535599984,166.93658998473146,1.8805962989117242,1.2661852970662086,7.2231091527562175,3.158705967524076e-08
691,solver_residual_call,,,1.3402068200011854,166.93660645073027,1.8805963831950356,1.2661853837033334,7.2231091527562175,2.773728402724854e-08
692,solver_residual_call,,,1.3415177420029067,166.9366066846783,1.8805963842441218,1.2661853900317597,7.2231091527562175,2.7711306120865418e-08
693,solver_residual_call,,,1.342689163000614,166.9366062810007,1.8805963824175451,1.2661853850312008,7.2231091527562175,2.1073424255447017e-08
694,solver_residual_call,,,1.3438885849973303,166.9366075413199,1.880596387908058,1.2661854184203858,7.2231091527562175,2.46797082322554e-08
695,solver_residual_call,,,1.3452111410006182,166.9366109878241,1.8805964035469493,1.2661854617126413,7.2231091527562175,2.46797082322554e-08
696,solver_residual_call,,,1.346441194997169,166.93661539860287,1.8805964235971104,1.2661855158619182,7.2231091527562175,2.246932172325776e-08
697,solver_residual_call,,,1.3475942989971372,166.936606524088,1.8805963835091015,1.2661853880591396,7.2231091527562175,2.5983048419452853e-08
698,solver_residual_call,,,1.3487316199971247,166.93660660373138,1.8805963838736657,1.2661853882404415,7.2231091527562175,2.491383690637391e-08
699,solver_residual_call,,,1.3499430779993418,166.93660653871063,1.8805963835763675,1.2661853880237346,7.2231091527562175,2.134107775227272e-08
700,solver_residual_call,,,1.3512079159991117,166.93660480534726,1.8805963757914637,1.2661853635891658,7.2231091527562175,8.762395528821455e-08
701,solver_residual_call,,,1.3524905450030928,166.93660052579287,1.880596356270537,1.2661853088931851,7.2231091527562175,8.867068066238344e-08
702,solver_residual_call,,,1.3536610700029996,166.93660302907338,1.8805963678784365,1.266185338002317,7.2231091527562175,2.894463480618864e-08
703,solver_residual_call,,,1.377145869002561,115.59483191933785,1.5293737024306622,1.023838138980384,6.434982866740146,0.018412938737045248
704,solver_residual_call,,,1.3794654149969574,115.59482791379159,1.5293735818565706,1.0238382309155345,6.434982866740146,3.102643209018652e-08
705,solver_residual_call,,,1.3827977170003578,115.59483074068677,1.52937365799947,1.0238381062427606,6.434982866740146,3.441924015971281e-08
706,solver_residual_call,,,1.3848388120022719,115.59483414309342,1.5293736797831239,1.023838105400993,6.434982866740146,2.1073424255447017e-08
707,solver_residual_call,,,1.3884170039964374,115.59483094978407,1.5293736778833946,1.0238381155683074,6.434982866740146,2.1073424255447017e-08
708,solver_residual_call,,,1.3918364990022383,115.59482774653009,1.5293736482032003,1.0238381346814032,6.434982866740146,2.7596630114353988e-08
709,solver_residual_call,,,1.3939979819988366,115.59483216413204,1.5293737343173839,1.0238381003859023,6.434982866740146,4.239057909611901e-08
710,solver_residual_call,,,1.3960701850010082,115.59483992881417,1.5293737185785605,1.023837958223098,6.434980223711101,3.923936197939479e-08
711,solver_residual_call,,,1.3993272320003598,115.5948438856562,1.5293739354277092,1.0238380967506435,6.435001100867956,3.120068469695479e-08
712,solver_residual_call,,,1.4016186029984965,115.59482701935822,1.5293737985451141,1.0238383104616884,6.43499467078422,3.2881137149582335e-08
713,solver_residual_call,,,1.4042418309982168,115.59482001643876,1.5293736388556216,1.0238380695942968,6.434984041973088,6.32954464107254e-08
714,solver_residual_call,,,1.4064673030006816,115.59483077295563,1.529373670466928,1.0238381091099222,6.434980424289094,6.195462828052556e-08
715,solver_residual_call,,,1.4086973800003761,115.59482540308942,1.529373662613655,1.0238381797393252,6.434982168710866,3.535835626023743e-08
716,solver_residual_call,,,1.4107550449989503,115.59482373993869,1.529374041052461,1.0238377147312723,6.434982866740146,4.0863090401910737e-08
717,solver_residual_call,,,1.4127968100001453,115.59484640413288,1.5293738347614387,1.023838552553917,6.434982866740146,2.9406458315670342e-08
718,solver_residual_call,,,1.4150431000016397,115.59485300767611,1.5293736900865922,1.023839065324783,6.434982866740146,2.1098838615013848e-08
719,solver_residual_call,,,1.4172934529997292,115.59483000240385,1.5293737835817494,1.0238379825342363,6.434982866740146,5.122183857911825e-08
720,solver_residual_call,,,1.4202252289978787,115.59484203280759,1.5293737308094486,1.0238385558740424,6.434982866740146,5.433261849441988e-08
721,solver_residual_call,,,1.4226952190001612,115.59483473876924,1.52937359564779,1.0238381849176283,6.434982866740146,3.926452296926296e-08
722,solver_residual_call,,,1.4249594900029479,115.5948313831319,1.529373699459549,1.02383810816326,6.434982866740146,3.645523574999356e-08
723,solver_residual_call,,,1.4271102990023792,115.59483180189503,1.5293737016779687,1.0238376440940098,6.434982866740146,3.443170233078404e-08
724,solver_residual_call,,,1.4292067380010849,115.59483166852479,1.529373701069667,1.023837989602039,6.434982866740146,3.2709386890875196e-08
725,solver_residual_call,,,1.4312938649964053,115.5948334184584,1.5293737105584013,1.0238380826918394,6.434982866740146,4.179618442756109e-08
726,solver_residual_call,,,1.43376146099763,115.59483209777014,1.5293737034117718,1.0238380739738338,6.434982866740146,4.179618442756109e-08
727,solver_residual_call,,,1.4362812230028794,115.59483163944901,1.5293737009817316,1.0238381606647668,6.434982866740146,5.17553653467087e-08
728,solver_residual_call,,,1.4388907899992773,115.59483185407491,1.529373702074835,1.0238381349638777,6.434982866740146,5.17553653467087e-08
729,solver_residual_call,,,1.4411601649990189,115.59483190775083,1.5293737023674934,1.0238381382235011,6.434982866740146,2.1746080388080752e-08
730,solver_residual_call,,,1.4432262650007033,115.59483175392008,1.529373701528778,1.0238381286463116,6.434982866740146,3.2790051948550836e-08
731,solver_residual_call,,,1.445213616003457,115.59483243852061,1.5293737052639826,1.0238381454741652,6.434982866740146,5.75313287414471e-08
732,solver_residual_call,,,1.4472887960000662,115.59483136021633,1.529373699378576,1.023838150240037,6.434982866740146,9.951535789772328e-08
733,solver_residual_call,,,1.4493762529964442,115.59483180025987,1.5293737017810227,1.0238381325888257,6.434982866740146,8.740616325608481e-08
734,solver_residual_call,,,1.4514291110026534,115.59483178469637,1.5293737016853204,1.0238381404477894,6.434982866740146,2.1073424255447017e-08
735,solver_residual_call,,,1.45341567700234,115.59483225139184,1.529373704289324,1.0238381408472692,6.434982866740146,2.1073424255447017e-08
736,solver_residual_call,,,1.4555775080007152,115.59483204979385,1.529373703070905,1.0238381487181514,6.434982866740146,2.7720265260520416e-08
737,solver_residual_call,,,1.4575602059994708,115.59483219855808,1.5293737033081565,1.0238380991828087,6.434982866740146,4.1548505649531845e-08
738,solver_residual_call,,,1.4596363480013679,115.59482955288499,1.5293736899902566,1.0238380770678763,6.434982866740146,3.7675085597019945e-08
739,solver_residual_call,,,1.4618358020015876,115.59483056511237,1.5293736946805145,1.023838182582428,6.434982866740146,2.4586541094710188e-08
740,solver_residual_call,,,1.463935143998242,115.5948316935081,1.529373701094729,1.0238381377449552,6.434982866740146,2.4228915652680795e-08
741,solver_residual_call,,,1.465995065998868,115.59483211191827,1.529373703531828,1.0238381405514092,6.434982866740146,2.1073424255447017e-08
742,solver_residual_call,,,1.4677723069980857,115.59483184586945,1.5293737018444142,1.0238381401231202,6.434982866740146,2.5475221183838257e-08
743,solver_residual_call,,,1.4698994619975565,115.5948357680617,1.5293737248028887,1.0238381518539215,6.434982866740146,2.6559655412160528e-08
744,solver_residual_call,,,1.4720261499969638,115.59483097034378,1.5293736964174,1.0238381454350172,6.434982866740146,2.272417933877777e-08
745,solver_residual_call,,,1.4741385640008957,115.59483300503665,1.5293737071120261,1.0238382016038468,6.434982866740146,2.1446676324636126e-08
746,solver_residual_call,,,1.4763830189986038,115.59483221273422,1.5293737050588114,1.0238381386452928,6.434982866740146,2.6894744967220237e-08
747,solver_residual_call,,,1.4779234469970106,115.59483333141446,1.5293737121554587,1.0238381447066116,6.434982866740146,2.6894744967220237e-08
748,solver_residual_call,,,1.479370426000969,115.59483650103098,1.5293737355916706,1.0238381583957483,6.434982866740146,2.1073424255447017e-08
749,solver_residual_call,,,1.4805850379998446,115.59483773324035,1.529373754359188,1.0238381756364416,6.434982866740146,2.1073424255447017e-08
750,solver_residual_call,,,1.4817564870027127,115.594819759944,1.529373616591748,1.0238381073989258,6.434982866740146,2.1073424255447017e-08
751,solver_residual_call,,,1.4829306009996799,115.59484645725729,1.529373830720598,1.0238381969497061,6.434982866740146,2.1073424255447017e-08
752,solver_residual_call,,,1.484119644999737,115.59483172510997,1.52937370063427,1.023838138127984,6.434982866740146,2.66869084661297e-08
753,solver_residual_call,,,1.48526282000239,115.594834894896,1.5293737232888291,1.023838151422507,6.434982866740146,2.66869084661297e-08
754,solver_residual_call,,,1.4864067469970905,115.59483664591264,1.5293737349191006,1.0238381569251633,6.434982866740146,2.1073424255447017e-08
755,solver_residual_call,,,1.4876010430016322,115.59483325066245,1.5293737201010436,1.0238381439677982,6.434982866740146,2.1073424255447017e-08
756,solver_residual_call,,,1.488816664001206,115.59483548842567,1.5293737140399337,1.023838156613686,6.434982866740146,2.1073424255447017e-08
757,solver_residual_call,,,1.4899173980011255,115.59483450512938,1.529373718241048,1.0238381834926107,6.434982866740146,2.8528588354900526e-08
758,solver_residual_call,,,1.4910707119997824,115.59483186115271,1.5293737020861522,1.023838139549919,6.434982866740146,2.8528588354900526e-08
759,solver_residual_call,,,1.4922226540002157,115.59483194100781,1.5293737025613474,1.0238381386521351,6.434982866740146,2.1073424255447017e-08
760,solver_residual_call,,,1.493322023001383,115.5948319166496,1.529373702418214,1.0238381400966257,6.434982866740146,2.5832495566159236e-08
761,solver_residual_call,,,1.4948047889993177,115.59482941432526,1.5293736877893362,1.0238381155316036,6.434982866740146,3.5497397003464445e-08
762,solver_residual_call,,,1.4960371209963341,115.59483106133845,1.5293736988464803,1.0238380592582732,6.434982866740146,3.6253663847810103e-08
763,solver_residual_call,,,1.4972297900021658,115.59483416763047,1.5293737146244326,1.0238381729006685,6.434982866740146,2.6862255593007883e-08
764,solver_residual_call,,,1.4984062630028347,115.5948332189907,1.5293737173877398,1.0238381428213343,6.434983173862505,2.7109274082051462e-08
765,solver_residual_call,,,1.4996325570027693,115.59483139545456,1.5293736969502842,1.0238381379578265,6.434982776666355,2.7109274082051462e-08
766,solver_residual_call,,,1.5008737180032767,115.59483182458493,1.529373701794212,1.0238381380301715,6.434982863196223,2.1073424255447017e-08
767,solver_residual_call,,,1.5020700859968201,115.59483839808807,1.529373748092716,1.0238381886943495,6.434983457527375,3.370327200763658e-08
768,solver_residual_call,,,1.5033121180022135,115.5948338599013,1.5293737516600132,1.0238380977837231,6.434985309191325,3.370327200763658e-08
769,solver_residual_call,,,1.504499704002228,115.59483764831319,1.5293737389548587,1.0238381396409957,6.43498319112698,2.1073424255447017e-08
770,solver_residual_call,,,1.5057380500002182,115.59483113238065,1.5293736969911933,1.0238381330861264,6.434982866740146,2.1073424255447017e-08
771,solver_residual_call,,,1.5069437729980564,115.5948298956555,1.5293736893859655,1.0238381315958138,6.434982866740146,2.1073424255447017e-08
772,solver_residual_call,,,1.5084644399976241,115.59483595214782,1.5293737347647556,1.0238381484597516,6.434982866740146,2.5655511530213936e-08
773,solver_residual_call,,,1.510487995998119,115.59483638736837,1.5293737729233956,1.0238381416224052,6.434982866740146,3.62003880058945e-08
774,solver_residual_call,,,1.5122372960031498,115.59483396752177,1.5293737048949374,1.0238381479561864,6.434982866740146,3.3111207011379584e-08
775,solver_residual_call,,,1.5134036879971973,115.59483091354875,1.5293737055724925,1.0238380892703154,6.434982866740146,2.1073424255447017e-08
776,solver_residual_call,,,1.5145225930027664,115.59483257693782,1.5293737072711362,1.0238381409252875,6.434982866740146,2.4923798294460738e-08
777,solver_residual_call,,,1.5157455340013257,115.59483181615659,1.5293737017678017,1.023838138432046,6.434982866740146,2.5753971822361155e-08
778,solver_residual_call,,,1.5168706920012482,115.5948320726367,1.529373703740184,1.0238381383287072,6.434982866740146,2.25850233897684e-08
779,solver_residual_call,,,1.518078251996485,115.59482712763605,1.5293736680728411,1.0238381081465655,6.434982866740146,4.253338630452142e-08
780,solver_residual_call,,,1.5192215330025647,115.59483095261876,1.529373708795269,1.02383808296219,6.434982866740146,4.2439417284178996e-08
781,solver_residual_call,,,1.5203865169969504,115.59483491390358,1.5293737183206637,1.0238381510622292,6.434982866740146,2.196509729469608e-08
782,solver_residual_call,,,1.5215205130007234,115.59483170813564,1.5293737012765067,1.0238381319953898,6.434982866740146,2.1599249565948565e-08
783,solver_residual_call,,,1.522700216002704,115.5948318607057,1.529373702110173,1.0238381371080556,6.434982866740146,2.197398941561964e-08
784,solver_residual_call,,,1.523888354000519,115.59483098777402,1.5293736973414633,1.023838107159992,6.434982866740146,3.597413531774246e-08
785,solver_residual_call,,,1.525066007998248,115.59483187911798,1.5293737022087681,1.0238381660411615,6.434982866740146,3.5431220849295384e-08
786,solver_residual_call,,,1.526281188998837,115.59483161601656,1.5293737007687371,1.0238381923866189,6.434982866740146,3.2027334080463663e-08
787,solver_residual_call,,,1.5274698630018975,115.59483173185501,1.5293737014063884,1.023838127241774,6.434982866740146,3.669597580894408e-08
788,solver_residual_call,,,1.5285357890024898,115.59483176900508,1.529373701609821,1.0238381334853501,6.434982866740146,2.765743520500487e-08
789,solver_residual_call,,,1.5296321909991093,115.59483194063628,1.5293737025467589,1.0238381397797331,6.434982866740146,2.2132627526971447e-08
790,solver_residual_call,,,1.5307156260023476,115.59483130343133,1.5293736990685822,1.0238381150356863,6.434982866740146,3.522624167072223e-08
791,solver_residual_call,,,1.5318275609970442,115.59483236288055,1.529373704859868,1.023838151004681,6.434982866740146,3.45705671178032e-08
792,solver_residual_call,,,1.532903293002164,115.59483179841442,1.5293737017749003,1.0238381212561078,6.434982866740146,2.1073424255447017e-08
793,solver_residual_call,,,1.5339572520024376,115.5948328606237,1.5293737075884692,1.023838159021304,6.434982866740146,2.628444180454577e-08
794,solver_residual_call,,,1.5350494660015102,115.59483222444663,1.5293737041019215,1.02383814878177,6.434982866740146,2.628444180454577e-08
795,solver_residual_call,,,1.5361530849986593,115.59483181676084,1.5293737018703017,1.0238381344384149,6.434982866740146,2.1073424255447017e-08
796,solver_residual_call,,,1.5373100450015045,115.59483139507478,1.5293736995589193,1.0238381188610757,6.434982866740146,3.76364304806566e-08
797,solver_residual_call,,,1.5384888539992971,115.59483175806152,1.5293737015678461,1.0238381321521592,6.434982866740146,3.76364304806566e-08
798,solver_residual_call,,,1.5398408429973642,115.59483178020426,1.5293737016595073,1.0238381286111897,6.434982866740146,2.1073424255447017e-08
799,solver_residual_call,,,1.5410187489978853,115.59483193869522,1.5293737024877494,1.0238381429101227,6.434982866740146,3.169897709277592e-08
800,solver_residual_call,,,1.5421610609992058,115.5948317399866,1.5293737014516635,1.0238381320750878,6.434982866740146,3.287138796608739e-08
801,solver_residual_call,,,1.5434382739986177,115.59483186306971,1.5293737021229399,1.023838136587316,6.434982866740146,2.2798951904391668e-08
802,solver_residual_call,,,1.5445757729976322,115.59483177511413,1.5293737016431,1.0238381332610738,6.434982866740146,2.1073424255447017e-08
803,solver_residual_call,,,1.5457156159973238,115.59483149589288,1.529373700128093,1.0238381051867027,6.434982866740146,2.1073424255447017e-08
804,solver_residual_call,,,1.5469186379996245,115.59483165874566,1.5293737009935537,1.0238381765627553,6.434982866740146,2.1073424255447017e-08
805,solver_residual_call,,,1.548113666001882,115.5948329061313,1.529373707795962,1.0238382106690305,6.434982866740146,2.9691151134252045e-08
806,solver_residual_call,,,1.5492644620026113,115.59483222335537,1.5293737040953765,1.0238381481505634,6.434982866740146,2.9691151134252045e-08
807,solver_residual_call,,,1.5504498849986703,115.5948317950827,1.5293737017499318,1.0238381355425241,6.434982866740146,2.1073424255447017e-08
808,solver_residual_call,,,1.5516404430018156,115.59483133615834,1.5293736992310418,1.0238381221111639,6.434982866740146,3.761160556453729e-08
809,solver_residual_call,,,1.5527828210033476,115.59483198558998,1.5293737027941372,1.0238381703073036,6.434982866740146,4.129119688984186e-08
810,solver_residual_call,,,1.553914308999083,115.59483148591289,1.5293737000721903,1.023838133234547,6.434982866740146,3.0609875777392265e-08
811,solver_residual_call,,,1.5551135290006641,115.59483149611921,1.5293737001222196,1.0238381134424601,6.434982866740146,3.205062608239191e-08
812,solver_residual_call,,,1.5566961759977858,115.59483184788704,1.5293737020410845,1.02383813470269,6.434982866740146,2.8717545411635222e-08
813,solver_residual_call,,,1.5579265859996667,115.59483191922413,1.5293737024300362,1.0238381390017832,6.434982866740146,2.1073424255447017e-08
814,solver_residual_call,,,1.559071743999084,115.59483172449573,1.529373701368306,1.0238381270420347,6.434982866740146,3.2212305751794533e-08
815,solver_residual_call,,,1.5602134369983105,115.59483237382203,1.5293737049108158,1.0238381430230934,6.434982866740146,5.2575639324543256e-08
816,solver_residual_call,,,1.5613174169993727,115.59483155344293,1.5293737004335621,1.0238381384948851,6.434982866740146,7.395575235092034e-08
817,solver_residual_call,,,1.5624477239980479,115.59483209386518,1.5293737033829469,1.023838141195941,6.434982866740146,6.117914756886775e-08
818,solver_residual_call,,,1.5636478099986562,115.59483161006487,1.5293737007058796,1.0238381316759873,6.434982866740146,2.705599531445663e-08
819,solver_residual_call,,,1.5647542009974131,115.59483188272254,1.5293737022376332,1.023838139083382,6.434982866740146,2.705599531445663e-08
820,solver_residual_call,,,1.5658825970022008,115.59483189553787,1.5293737023073615,1.0238381375810566,6.434982866740146,2.1073424255447017e-08
821,solver_residual_call,,,1.5671294740022859,115.59483246385591,1.5293737056092775,1.0238381109306751,6.434982866740146,3.2443605464518036e-08
822,solver_residual_call,,,1.5682677980003064,115.59482911627694,1.5293736866386165,1.0238381178774265,6.434982866740146,4.0109125632394754e-08
823,solver_residual_call,,,1.5694110710028326,115.59483105537537,1.5293736977393937,1.0238380491646237,6.434982866740146,3.575193261489484e-08
824,solver_residual_call,,,1.5705351349970442,115.59483183656756,1.52937370197717,1.0238381387146436,6.434982866740146,2.6870918522485606e-08
825,solver_residual_call,,,1.5718699310018565,115.5948317867667,1.5293737016838742,1.023838141377321,6.434982866740146,3.6217760028143725e-08
826,solver_residual_call,,,1.5730356679996476,115.59483144900959,1.529373699799514,1.0238381388050903,6.434982866740146,4.680896731705929e-08
827,solver_residual_call,,,1.5741409429974738,115.59483202797533,1.5293737031189,1.0238381371597716,6.434982866740146,3.637914910609347e-08
828,solver_residual_call,,,1.5753174420024152,115.59482892873565,1.529373685708817,1.0238380836615226,6.434982866740146,3.157865352071364e-08
829,solver_residual_call,,,1.5764251680011512,115.59482899722829,1.529373686389405,1.0238380703926269,6.434982866740146,3.162594986150777e-08
830,solver_residual_call,,,1.5775687839995953,115.59483181135657,1.5293737018407036,1.023838133808714,6.434982866740146,2.776569440446139e-08
831,solver_residual_call,,,1.5786655970005086,115.59483201041348,1.5293737029337369,1.0238381424190761,6.434982866740146,2.771181046594782e-08
832,solver_residual_call,,,1.5798310469981516,115.5948316305739,1.5293737008420383,1.0238381339085167,6.434982866740146,2.1073424255447017e-08
833,solver_residual_call,,,1.5809521440023673,115.59483296721929,1.529373708106614,1.0238381888028927,6.434982866740146,2.4674340073651205e-08
834,solver_residual_call,,,1.582048490003217,115.59483499295318,1.5293737193152859,1.0238382126313297,6.434982866740146,2.4674340073651205e-08
835,solver_residual_call,,,1.5832166179970955,115.59483723950675,1.5293737317813225,1.0238382304187905,6.434982866740146,2.2438490665814695e-08
836,solver_residual_call,,,1.5843109080014983,115.59483186677207,1.5293737021420826,1.023838137014899,6.434982866740146,2.595665816965485e-08
837,solver_residual_call,,,1.585455323001952,115.59483193340024,1.5293737025072875,1.0238381396366723,6.434982866740146,2.491404098638834e-08
838,solver_residual_call,,,1.5865597540032468,115.59483187908347,1.5293737022095752,1.0238381379247072,6.434982866740146,2.134123975523518e-08
839,solver_residual_call,,,1.588108181997086,115.59483133913758,1.5293736992502125,1.0238381188646233,6.434982866740146,8.762489509248408e-08
840,solver_residual_call,,,1.5893637120025232,115.59482947398313,1.5293736889734124,1.0238380996461491,6.434982866740146,8.867523175932663e-08
841,solver_residual_call,,,1.5905129719976685,115.59483088105932,1.5293736967499443,1.0238380927453776,6.434982866740146,2.8960629971073595e-08
842,solver_residual_call,,,1.617351694003446,79.11944092108077,1.2509558500304652,0.8197656311795105,6.010116452779944,0.03682587961432049
843,solver_residual_call,,,1.6224181029974716,79.11944430080477,1.2509558401400498,0.8197656980873543,6.010116452779944,3.1033101866029256e-08
844,solver_residual_call,,,1.6245448859990574,79.11944213017935,1.250955835226254,0.8197656063401841,6.010116452779944,3.4425252596783945e-08
845,solver_residual_call,,,1.6282722140022088,79.11944039324275,1.2509558299434669,0.8197655950873416,6.010116452779944,2.1073424255447017e-08
846,solver_residual_call,,,1.6303980070006219,79.11944013987737,1.2509558356438761,0.8197656109772012,6.010116452779944,2.1073424255447017e-08
847,solver_residual_call,,,1.632491543998185,79.11944147888147,1.250955843972918,0.8197656287707863,6.010116452779944,2.7605974639406588e-08
848,solver_residual_call,,,1.634522296000796,79.11944329728041,1.2509558857534622,0.8197656091924738,6.010116452779944,4.233607900832462e-08
849,solver_residual_call,,,1.6368217380004353,79.11944100569566,1.2509558255002338,0.8197656656795734,6.010113200422263,3.9177372665608224e-08
850,solver_residual_call,,,1.6388332639980945,79.11944187934714,1.250956003607419,0.8197663576803452,6.010133747679412,3.121501061531577e-08
851,solver_residual_call,,,1.6408789729975979,79.11944087639644,1.2509559604173242,0.8197658236888399,6.010128454875671,3.289813785238161e-08
852,solver_residual_call,,,1.6428810590005014,79.11943789011926,1.2509558362250983,0.8197657534272963,6.010117529571416,6.334610596023808e-08
853,solver_residual_call,,,1.6449189929990098,79.11943930998954,1.250955816918669,0.8197655616286593,6.010113995534501,6.200237886374477e-08
854,solver_residual_call,,,1.6469301710021682,79.11943872106998,1.2509558320017176,0.81976546959192,6.010116059666906,3.540091468522184e-08
855,solver_residual_call,,,1.6489617909974186,79.11943618476447,1.2509560572200131,0.8197652337254933,6.010116452779944,4.091589453580857e-08
856,solver_residual_call,,,1.6509836210025242,79.11944401239371,1.250955943922049,0.8197655926718009,6.010116452779944,2.942533676114945e-08
857,solver_residual_call,,,1.6530003919979208,79.11944521775892,1.2509558438439936,0.8197657681673973,6.010116452779944,2.1094188261035282e-08
858,solver_residual_call,,,1.655046977000893,79.11943769128888,1.2509558511965173,0.819765570954407,6.010116452779944,5.12288062623465e-08
859,solver_residual_call,,,1.6571121500019217,79.11944284229466,1.250955864222867,0.8197657534655197,6.010116452779944,5.433850838907302e-08
860,solver_residual_call,,,1.659293021002668,79.11944215539269,1.250955779459132,0.8197657741329683,6.010116452779944,3.9264058813006686e-08
861,solver_residual_call,,,1.66143880400341,79.11944072182209,1.250955848631102,0.8197656972318537,6.010116452779944,3.645945004043441e-08
862,solver_residual_call,,,1.6634983740004827,79.11944073277985,1.2509558483975118,0.8197653227831054,6.010116452779944,3.443821008401486e-08
863,solver_residual_call,,,1.6657726429984905,79.11944082822106,1.2509558493470943,0.819765458695441,6.010116452779944,3.271211133703741e-08
864,solver_residual_call,,,1.6678537109983154,79.11944168442776,1.2509558550176625,0.8197655898022386,6.010116452779944,4.178128840315599e-08
865,solver_residual_call,,,1.6698489479967975,79.11944083936969,1.2509558494595399,0.8197655619999501,6.010116452779944,4.178128840315599e-08
866,solver_residual_call,,,1.67185831599636,79.1194411959895,1.2509558519829174,0.8197655936688567,6.010116452779944,5.175187462100081e-08
867,solver_residual_call,,,1.6738800020029885,79.11944086193479,1.2509558496361628,0.8197656272426134,6.010116452779944,5.175187462100081e-08
868,solver_residual_call,,,1.6760586949967546,79.11944091040503,1.2509558499592819,0.8197656305291733,6.010116452779944,2.174646447635907e-08
869,solver_residual_call,,,1.678252395002346,79.11944077086683,1.2509558490290698,0.8197656210541678,6.010116452779944,3.279389461826828e-08
870,solver_residual_call,,,1.68087163400196,79.11944183037866,1.2509558560968066,0.8197656558482123,6.010116452779944,5.752099223654594e-08
871,solver_residual_call,,,1.6829099509996013,79.11943904327354,1.2509558375022942,0.819765584141414,6.010116452779944,9.952297264382884e-08
872,solver_residual_call,,,1.6849646600021515,79.11944095862789,1.2509558502810674,0.8197656311667051,6.010116452779944,8.742298069072073e-08
873,solver_residual_call,,,1.6870437460020185,79.11944108776025,1.2509558511700742,0.8197656338498451,6.010116452779944,2.1073424255447017e-08
874,solver_residual_call,,,1.6890665079990868,79.11944112833588,1.2509558514408352,0.8197656314462854,6.010116452779944,2.1073424255447017e-08
875,solver_residual_call,,,1.691115831999923,79.1194412086579,1.2509558519127795,0.8197656419167797,6.010116452779944,2.7712155122622664e-08
876,solver_residual_call,,,1.6931075460015563,79.1194390312422,1.2509558363986586,0.8197656255012075,6.010116452779944,4.158086315809498e-08
877,solver_residual_call,,,1.6979765630021575,79.119440383168,1.2509558470418265,0.8197655651474086,6.010116452779944,3.772946410405836e-08
878,solver_residual_call,,,1.7001124040034483,79.11944052415078,1.2509558473724893,0.8197656579654449,6.010116452779944,2.4614470463272834e-08
879,solver_residual_call,,,1.7023191870030132,79.11944079948029,1.2509558491865833,0.8197656285005908,6.010116452779944,2.423744095175652e-08
880,solver_residual_call,,,1.7043491739968886,79.11944108346799,1.250955851148634,0.8197656315770226,6.010116452779944,2.1073424255447017e-08
881,solver_residual_call,,,1.7063815599976806,79.11944105099387,1.2509558508492107,0.8197656298452122,6.010116452779944,2.5471302786728215e-08
882,solver_residual_call,,,1.7087641600010102,79.1194415897074,1.2509558551586217,0.8197656232739372,6.010116452779944,2.6536216209349834e-08
883,solver_residual_call,,,1.7125511889971676,79.11944055350737,1.2509558471981617,0.8197656118385718,6.010116452779944,2.2711558420448653e-08
884,solver_residual_call,,,1.715004104997206,79.11944167329447,1.2509558542101993,0.8197656800062638,6.010116452779944,2.1457664850334478e-08
885,solver_residual_call,,,1.7170266999964952,79.11944124869771,1.2509558538631376,0.819765634032878,6.010116452779944,2.6884725937489714e-08
886,solver_residual_call,,,1.7192427839981974,79.11943988625143,1.2509558416752784,0.8197656262149716,6.010116452779944,2.6884725937489714e-08
887,solver_residual_call,,,1.7212418260023696,79.1194451250638,1.2509558830830712,0.8197656520750166,6.010116452779944,2.1073424255447017e-08
888,solver_residual_call,,,1.7223531019990332,79.11944008363545,1.2509558461215011,0.8197656400116275,6.010116452779944,2.1073424255447017e-08
889,solver_residual_call,,,1.7235526930016931,79.11943966300842,1.2509558460958268,0.8197656253146702,6.010116452779944,2.1073424255447017e-08
890,solver_residual_call,,,1.7246803009984433,79.11944355685912,1.25095588544875,0.8197656374293092,6.010116452779944,2.1073424255447017e-08
891,solver_residual_call,,,1.7261027650019969,79.11944055533378,1.2509558468675297,0.8197656294668259,6.010116452779944,2.6697681845603112e-08
892,solver_residual_call,,,1.7274618829978863,79.11944316176604,1.2509558689603468,0.8197656420383244,6.010116452779944,2.6697681845603112e-08
893,solver_residual_call,,,1.7286235720021068,79.11944467854687,1.2509558805646759,0.8197656485408903,6.010116452779944,2.1073424255447017e-08
894,solver_residual_call,,,1.7297279030026402,79.11944118766557,1.2509558562841085,0.8197656352627999,6.010116452779944,2.1073424255447017e-08
895,solver_residual_call,,,1.7307852579979226,79.11944131134506,1.2509558454117347,0.819765632676562,6.010116452779944,2.1073424255447017e-08
896,solver_residual_call,,,1.7319585279983585,79.11944368492095,1.250955879379739,0.8197656835896296,6.010116452779944,2.8461887709350022e-08
897,solver_residual_call,,,1.7330505909994827,79.11944089419418,1.250955849838281,0.8197656302806887,6.010116452779944,2.8461887709350022e-08
898,solver_residual_call,,,1.7341905799985398,79.11944092719716,1.2509558500764748,0.8197656311578269,6.010116452779944,2.1073424255447017e-08
899,solver_residual_call,,,1.7354614340001717,79.11944099019013,1.2509558504978975,0.8197656299129616,6.010116452779944,2.5830438224319624e-08
900,solver_residual_call,,,1.7365859060009825,79.11943921951669,1.25095583819385,0.8197656148158993,6.010116452779944,3.553431597588418e-08
901,solver_residual_call,,,1.737711481997394,79.11944048171178,1.2509558476430298,0.8197656109745467,6.010116452779944,3.629932120049868e-08
902,solver_residual_call,,,1.738811461997102,79.1194417967894,1.250955855822849,0.8197656470215442,6.010116452779944,2.6873121266488335e-08
903,solver_residual_call,,,1.7399537099990994,79.11944217456181,1.2509558678447859,0.8197656349982306,6.010116765225229,2.7072774720153392e-08
904,solver_residual_call,,,1.7413587470000493,79.11944039209212,1.2509558434593777,0.8197656301931533,6.010116356958735,2.7072774720153392e-08
905,solver_residual_call,,,1.7425418979983078,79.11944079238546,1.250955849075705,0.8197656302930693,6.010116458515774,2.1073424255447017e-08
906,solver_residual_call,,,1.7436881280009402,79.11944523094729,1.2509558879239357,0.8197656690812032,6.010116991607043,3.360147768095657e-08
907,solver_residual_call,,,1.7449272619996918,79.11944127091093,1.2509558861136139,0.8197655976890843,6.01011891002545,3.360147768095657e-08
908,solver_residual_call,,,1.7460624250015826,79.1194417782884,1.2509558590617127,0.819765612548326,6.010116635200403,2.1073424255447017e-08
909,solver_residual_call,,,1.7472177329982514,79.11943997991133,1.2509558425282978,0.8197656226968504,6.010116452779944,2.1073424255447017e-08
910,solver_residual_call,,,1.7483435660033138,79.11943916222901,1.2509558365494828,0.8197656245937804,6.010116452779944,2.1073424255447017e-08
911,solver_residual_call,,,1.7494642410019878,79.1194442846339,1.2509558820463205,0.8197656351646709,6.010116452779944,2.5552052619586422e-08
912,solver_residual_call,,,1.7506113779963925,79.11944161923918,1.2509558750055685,0.8197656508771153,6.010116452779944,3.610281345732605e-08
913,solver_residual_call,,,1.7517274630008615,79.1194412854067,1.2509558484147032,0.8197656125120096,6.010116452779944,3.308466346074012e-08
914,solver_residual_call,,,1.752856510996935,79.11944169010309,1.2509558608444995,0.8197656139927639,6.010116452779944,2.1073424255447017e-08
915,solver_residual_call,,,1.75396088600246,79.1194416130828,1.250955855872909,0.819765633076736,6.010116452779944,2.490184456733655e-08
916,solver_residual_call,,,1.7551251909972052,79.11944082048709,1.2509558492302009,0.8197656309635405,6.010116452779944,2.5735825102771563e-08
917,solver_residual_call,,,1.756431634996261,79.1194410851318,1.2509558515534804,0.8197656304977872,6.010116452779944,2.258280801025139e-08
918,solver_residual_call,,,1.7575540129982983,79.11943713312105,1.2509558181872653,0.8197656039740397,6.010116452779944,4.2600699344960096e-08
919,solver_residual_call,,,1.7586873859982006,79.11944089665747,1.2509558597996437,0.8197655737629989,6.010116452779944,4.2510668127557923e-08
920,solver_residual_call,,,1.759815459001402,79.11944213953315,1.2509558575393833,0.8197656387224153,6.010116452779944,2.1923193588562573e-08
921,solver_residual_call,,,1.760972142998071,79.11944076836738,1.2509558490109123,0.8197656249895957,6.010116452779944,2.155518314087709e-08
922,solver_residual_call,,,1.7620809139989433,79.11944087916804,1.2509558497505648,0.8197656296892412,6.010116452779944,2.1975482325133664e-08
923,solver_residual_call,,,1.7632225749985082,79.11944024899731,1.2509558455445706,0.8197656027682576,6.010116452779944,3.598967934786183e-08
924,solver_residual_call,,,1.7643663420021767,79.11944083938624,1.250955849482194,0.819765663586145,6.010116452779944,3.544607744151266e-08
925,solver_residual_call,,,1.7654643790010596,79.11944057950328,1.2509558477514109,0.8197656916026846,6.010116452779944,3.2035739353326476e-08
926,solver_residual_call,,,1.7666169029980665,79.11944080649701,1.2509558492715298,0.8197656153312984,6.010116452779944,3.670572428731841e-08
927,solver_residual_call,,,1.767742363997968,79.11944079891387,1.2509558492155695,0.8197656256634982,6.010116452779944,2.7660636460364185e-08
928,solver_residual_call,,,1.7688863110015518,79.11944093715636,1.2509558501375844,0.8197656319063891,6.010116452779944,2.2132058814484837e-08
929,solver_residual_call,,,1.7699848920019576,79.11944042608263,1.2509558467291089,0.8197656077052277,6.010116452779944,3.5236893027431713e-08
930,solver_residual_call,,,1.7711494359973585,79.1194411164277,1.2509558513360235,0.8197656405705229,6.010116452779944,3.458178440608455e-08
931,solver_residual_call,,,1.7727775329985889,79.11944062997301,1.250955848090186,0.8197656049608779,6.010116452779944,2.1073424255447017e-08
932,solver_residual_call,,,1.774787413996819,79.1194412199894,1.2509558520304853,0.819765641440935,6.010116452779944,2.627540894643418e-08
933,solver_residual_call,,,1.7767003460030537,79.11944116371367,1.2509558516533845,0.8197656404669822,6.010116452779944,2.627540894643418e-08
934,solver_residual_call,,,1.777957990001596,79.11944083939309,1.250955849485059,0.8197656278584129,6.010116452779944,2.1073424255447017e-08
935,solver_residual_call,,,1.7792411580012413,79.11944055879661,1.2509558476062042,0.8197656144128251,6.010116452779944,3.764397817856972e-08
936,solver_residual_call,,,1.7806728989962721,79.11944081627088,1.2509558493461832,0.8197656119850871,6.010116452779944,3.764397817856972e-08
937,solver_residual_call,,,1.7819539600022836,79.11944072335854,1.2509558487047514,0.819765612864186,6.010116452779944,2.1073424255447017e-08
938,solver_residual_call,,,1.7834032160026254,79.11944085934641,1.2509558495797015,0.81976566014789,6.010116452779944,3.17003523031423e-08
939,solver_residual_call,,,1.7850260449995403,79.11944078182049,1.2509558491016903,0.8197656245979446,6.010116452779944,3.287603205833245e-08
940,solver_residual_call,,,1.7862563859962393,79.11944086304673,1.250955849642082,0.8197656294799154,6.010116452779944,2.2803735606413845e-08
941,solver_residual_call,,,1.787679016997572,79.1194408232104,1.2509558493779964,0.81976562545552,6.010116452779944,2.1073424255447017e-08
942,solver_residual_call,,,1.7888645929997438,79.11944078407197,1.250955849130119,0.8197656150625438,6.010116452779944,2.1073424255447017e-08
943,solver_residual_call,,,1.7900014449987793,79.11944059424441,1.250955847835857,0.8197656703783972,6.010116452779944,2.1073424255447017e-08
944,solver_residual_call,,,1.791161346998706,79.11944123858636,1.2509558521142867,0.8197656611331023,6.010116452779944,2.9682602574845352e-08
945,solver_residual_call,,,1.792270552003174,79.11944116196774,1.2509558516410588,0.8197656394762305,6.010116452779944,2.9682602574845352e-08
946,solver_residual_call,,,1.7934001449975767,79.1194408199669,1.2509558493541642,0.8197656283479798,6.010116452779944,2.1073424255447017e-08
947,solver_residual_call,,,1.7945235329971183,79.11944058303307,1.2509558477652762,0.8197656168095262,6.010116452779944,3.761865445597673e-08
948,solver_residual_call,,,1.7957644179987255,79.1194409223551,1.2509558500454148,0.8197656563779876,6.010116452779944,4.129771388168874e-08
949,solver_residual_call,,,1.796980856997834,79.11944064955773,1.2509558482354721,0.8197656079000818,6.010116452779944,3.061706262997995e-08
950,solver_residual_call,,,1.7980986300026416,79.11944071902752,1.250955848688392,0.8197655992806422,6.010116452779944,3.2062253233837445e-08
951,solver_residual_call,,,1.799285367000266,79.11944085690514,1.2509558496026754,0.8197656270106424,6.010116452779944,2.8723000835015765e-08
952,solver_residual_call,,,1.8004029610019643,79.11944092090202,1.2509558500292468,0.8197656313597155,6.010116452779944,2.1073424255447017e-08
953,solver_residual_call,,,1.801537143997848,79.11944074556145,1.2509558488604013,0.8197656197271679,6.010116452779944,3.2216572930281125e-08
954,solver_residual_call,,,1.8027446350024547,79.11944167551171,1.250955855062973,0.8197656493725763,6.010116452779944,5.2567015006581166e-08
955,solver_residual_call,,,1.8040912419965025,79.1194397015614,1.2509558418947113,0.819765586897099,6.010116452779944,7.396066497980908e-08
956,solver_residual_call,,,1.8052685349975945,79.11944102798225,1.2509558507432834,0.819765629332894,6.010116452779944,6.119474216732636e-08
957,solver_residual_call,,,1.8063657210004749,79.11944065953335,1.250955848248432,0.8197656287733543,6.010116452779944,2.706356628395182e-08
958,solver_residual_call,,,1.8074851600031252,79.11944088014891,1.2509558497632027,0.8197656289730404,6.010116452779944,2.706356628395182e-08
959,solver_residual_call,,,1.8085420439965674,79.11944090015834,1.250955849895663,0.8197656300736343,6.010116452779944,2.1073424255447017e-08
960,solver_residual_call,,,1.8096578370023053,79.11944132044306,1.2509558528840308,0.8197656098091016,6.010116452779944,3.24341083978335e-08
961,solver_residual_call,,,1.8108304940033122,79.11944020278565,1.2509558447852214,0.819765708256416,6.010116452779944,4.011534611220041e-08
962,solver_residual_call,,,1.811938143997395,79.11944115228872,1.2509558515895103,0.8197656196750962,6.010116452779944,3.576241597439573e-08
963,solver_residual_call,,,1.8130450090029626,79.11944084950407,1.250955849552359,0.8197656296108903,6.010116452779944,2.6864117148838084e-08
964,solver_residual_call,,,1.8142466290009907,79.1194408034471,1.2509558492415236,0.819765626860628,6.010116452779944,3.622034646838265e-08
965,solver_residual_call,,,1.8154274460030138,79.11944049792328,1.2509558471674775,0.8197656261222078,6.010116452779944,4.6818094010951864e-08
966,solver_residual_call,,,1.816539831997943,79.11944111945529,1.2509558514163097,0.8197656366625347,6.010116452779944,3.638831733370905e-08
967,solver_residual_call,,,1.8177725040004589,79.11943996558468,1.2509558434440289,0.8197656260286191,6.010116452779944,3.1602076845264956e-08
968,solver_residual_call,,,1.8197787320023053,79.11944058604196,1.2509558477872216,0.8197656452961887,6.010116452779944,3.165804919645297e-08
969,solver_residual_call,,,1.8210155249980744,79.11944088613753,1.250955849797971,0.8197656303639941,6.010116452779944,2.777666979237222e-08
970,solver_residual_call,,,1.8221599180033081,79.11944098238916,1.2509558504415612,0.8197656334943307,6.010116452779944,2.7712859231112876e-08
971,solver_residual_call,,,1.8236021460033953,79.11944067846119,1.250955848409411,0.8197656233771158,6.010116452779944,2.1073424255447017e-08
972,solver_residual_call,,,1.8249347989985836,79.11944030731527,1.2509558458969863,0.8197656345369121,6.010116452779944,2.4694181348139175e-08
973,solver_residual_call,,,1.8261407390018576,79.11944131296633,1.2509558526562967,0.8197656427902033,6.010116452779944,2.4694181348139175e-08
974,solver_residual_call,,,1.8273389340029098,79.11944237348656,1.2509558598059238,0.819765638456494,6.010116452779944,2.23868550920477e-08
975,solver_residual_call,,,1.828404343999864,79.11944088994838,1.250955849822225,0.819765630898991,6.010116452779944,2.5912990033833797e-08
976,solver_residual_call,,,1.8294857799992315,79.11944093090095,1.2509558500961122,0.819765631310606,6.010116452779944,2.4914724025058394e-08
977,solver_residual_call,,,1.8307058709979174,79.11944089679537,1.2509558498681923,0.8197656308645859,6.010116452779944,2.1341780214637003e-08
978,solver_residual_call,,,1.8318628920023912,79.11944123270631,1.2509558521097783,0.8197656417884003,6.010116452779944,8.762236169701126e-08
979,solver_residual_call,,,1.8333194630031358,79.11944125708004,1.2509558522849684,0.8197656358286379,6.010116452779944,8.866964349476968e-08
980,solver_residual_call,,,1.8345230069971876,79.11944172709721,1.2509558554053581,0.8197656605454393,6.010116452779944,2.8930160147953984e-08
981,solver_residual_call,,,1.9611576149982284,47.82398368725387,0.9657842786537548,0.6176600770943549,5.175519254353661,0.07365175756058435
982,solver_residual_call,,,1.9635010049969424,47.82399189113004,0.9657843540676471,0.6176600093428566,5.175519254353661,3.094779232881706e-08
983,solver_residual_call,,,1.9655278580030426,47.823983533067945,0.9657842666106711,0.6176600911512772,5.175519254353661,3.434836902900368e-08
984,solver_residual_call,,,1.9676727249971009,47.82398254108834,0.9657842636076135,0.6176600870547672,5.175519254353661,2.1073424255447017e-08
985,solver_residual_call,,,1.9696733840028173,47.823983064241766,0.9657842696589053,0.6176600861377203,5.175519254353661,2.1073424255447017e-08
986,solver_residual_call,,,1.9719840210018447,47.82398458479094,0.965784285736511,0.6176600575223747,5.175519254353661,2.763846742274959e-08
987,solver_residual_call,,,1.9744618550030282,47.82398395847212,0.9657842838073426,0.6176601062675507,5.175519254353661,4.208059765844952e-08
988,solver_residual_call,,,1.9765996830028598,47.823983815676776,0.9657842627824305,0.6176601100452637,5.175515873501071,3.8884472331966033e-08
989,solver_residual_call,,,1.9786694990034448,47.823983890089465,0.9657843641560753,0.6176603751682528,5.175536325334282,3.1236222069663425e-08
990,solver_residual_call,,,1.9807700419987668,47.82398341661212,0.9657843461110509,0.6176601668768479,5.175531298495575,3.291763315146288e-08
991,solver_residual_call,,,1.9829809849979938,47.823983339931914,0.9657842833820144,0.6176600949016648,5.175520323178586,6.339049809533776e-08
992,solver_residual_call,,,1.984986816001765,47.8239833195583,0.9657842629344954,0.6176600530775757,5.175516792938058,6.204405761065767e-08
993,solver_residual_call,,,1.9870226119965082,47.823982695261805,0.9657842699776414,0.617660003496871,5.1755189322732145,3.5489500497752474e-08
994,solver_residual_call,,,1.9897983620030573,47.82397605049088,0.9657842629964135,0.6176596956868923,5.175519254353661,4.1010510050818825e-08
995,solver_residual_call,,,1.9919435510018957,47.82398187429143,0.9657842761552258,0.6176599283210057,5.175519254353661,2.9449551453452486e-08
996,solver_residual_call,,,1.9939369139974588,47.82398510097867,0.9657842788478044,0.617660197879625,5.175519254353661,2.1093098202047196e-08
997,solver_residual_call,,,1.995967921000556,47.82398297669311,0.9657842802488033,0.6176600398496378,5.175519254353661,5.122466872514613e-08
998,solver_residual_call,,,1.9979587979978533,47.82398400205149,0.9657842801398133,0.61766014174822,5.175519254353661,5.431796534966511e-08
999,solver_residual_call,,,1.9999892839987297,47.823986163345296,0.9657842827346583,0.6176602423180754,5.175519254353661,3.927108683165352e-08
1000,solver_residual_call,,,2.0019968499982497,47.823983605337894,0.9657842778758652,0.6176600986712508,5.175519254353661,3.6496107693547225e-08
1001,solver_residual_call,,,2.004074477001268,47.823983540246964,0.9657842772122142,0.6176600155210201,5.175519254353661,3.44463263160225e-08
1002,solver_residual_call,,,2.0062101790026645,47.82398365902853,0.965784278390471,0.6176600351023421,5.175519254353661,3.271585406349224e-08
1003,solver_residual_call,,,2.0082228600003873,47.82398385945523,0.9657842800697796,0.6176600729949127,5.175519254353661,4.1762711258083705e-08
1004,solver_residual_call,,,2.010233649998554,47.82398363720573,0.9657842782080044,0.6176600719313067,5.175519254353661,4.1762711258083705e-08
1005,solver_residual_call,,,2.0123217329964973,47.82398373619085,0.9657842791423141,0.6176600605217828,5.175519254353661,5.175270519744689e-08
1006,solver_residual_call,,,2.014338911998493,47.82398364099467,0.9657842782544551,0.6176600730089841,5.175519254353661,5.175270519744689e-08
1007,solver_residual_call,,,2.016348183999071,47.82398367910298,0.9657842785833971,0.6176600763803137,5.175519254353661,2.174782185200568e-08
1008,solver_residual_call,,,2.018486954999389,47.82398357037794,0.9657842776449249,0.617660066646275,5.175519254353661,3.2807726484163004e-08
1009,solver_residual_call,,,2.020569615997374,47.82398406440342,0.9657842819108827,0.6176600787961608,5.175519254353661,5.7504456271238224e-08
1010,solver_residual_call,,,2.0226426040026126,47.8239827235524,0.9657842703310638,0.6176600701251388,5.175519254353661,9.954434451663598e-08
1011,solver_residual_call,,,2.0246879249971244,47.82398375316795,0.965784279222996,0.6176600780774696,5.175519254353661,8.746303451058112e-08
1012,solver_residual_call,,,2.0266609710015473,47.82398394429022,0.9657842809218306,0.6176600788882285,5.175519254353661,2.1073424255447017e-08
1013,solver_residual_call,,,2.0286803049966693,47.82398377721313,0.9657842794429308,0.6176600758963497,5.175519254353661,2.1073424255447017e-08
1014,solver_residual_call,,,2.0307097479962977,47.823983787962774,0.9657842795219889,0.6176600860901557,5.175519254353661,2.76987615986771e-08
1015,solver_residual_call,,,2.0329243059968576,47.823983372011014,0.9657842755313365,0.61766010628917,5.175519254353661,4.162099592619522e-08
1016,solver_residual_call,,,2.0349754209964885,47.82398375370427,0.9657842793428839,0.6176600343700855,5.175519254353661,3.77903834605511e-08
1017,solver_residual_call,,,2.0370038940018276,47.82398310030139,0.9657842737757,0.6176600718440424,5.175519254353661,2.4675333660813083e-08
1018,solver_residual_call,,,2.038998810996418,47.823983620391274,0.9657842780930577,0.6176600765839335,5.175519254353661,2.4288559587077892e-08
1019,solver_residual_call,,,2.041262854996603,47.823983804856155,0.9657842796974226,0.6176600768391166,5.175519254353661,2.1073424255447017e-08
1020,solver_residual_call,,,2.04345813299733,47.82398386531274,0.9657842802551561,0.6176600775446889,5.175519254353661,2.5445876494315956e-08
1021,solver_residual_call,,,2.045545986999059,47.823983703274244,0.9657842789145359,0.6176600884931673,5.175519254353661,2.6507306383936783e-08
1022,solver_residual_call,,,2.0475922749974416,47.823983632517965,0.9657842779573345,0.617660069973056,5.175519254353661,2.270692847469691e-08
1023,solver_residual_call,,,2.0504713670015917,47.82398366278076,0.9657842782209758,0.6176600919016224,5.175519254353661,2.1458330307530616e-08
1024,solver_residual_call,,,2.05254983100167,47.8239839259871,0.9657842806714203,0.6176600817436168,5.175519254353661,2.6847535508127724e-08
1025,solver_residual_call,,,2.054665509996994,47.82398341932088,0.9657842761079969,0.617660074198236,5.175519254353661,2.6847535508127724e-08
1026,solver_residual_call,,,2.056807036999089,47.82398578274369,0.9657842983225863,0.6176600919787754,5.175519254353661,2.1073424255447017e-08
1027,solver_residual_call,,,2.058920980001858,47.82398358589262,0.9657842797767688,0.6176600850116255,5.175519254353661,2.1073424255447017e-08
1028,solver_residual_call,,,2.0612234829968656,47.82398358584705,0.965784279065456,0.6176600598542271,5.175519254353661,2.1073424255447017e-08
1029,solver_residual_call,,,2.06339860099979,47.82398432741565,0.9657842907637764,0.6176600642409348,5.175519254353661,2.1073424255447017e-08
1030,solver_residual_call,,,2.0655509409989463,47.82398304814329,0.9657842728303416,0.6176600736911323,5.175519254353661,2.6787715587341735e-08
1031,solver_residual_call,,,2.066804572001274,47.82398444602406,0.9657842865302063,0.6176600814374278,5.175519254353661,2.6787715587341735e-08
1032,solver_residual_call,,,2.0681220409969683,47.823985303524886,0.9657842944817381,0.6176600865027234,5.175519254353661,2.1073424255447017e-08
1033,solver_residual_call,,,2.0694200240031932,47.82398351126291,0.9657842788630627,0.6176600582793542,5.175519254353661,2.1073424255447017e-08
1034,solver_residual_call,,,2.070893800999329,47.82398404981159,0.9657842799385403,0.6176600840697828,5.175519254353661,2.1073424255447017e-08
1035,solver_residual_call,,,2.07231934399897,47.823985002144866,0.9657842901364707,0.6176601294176078,5.175519254353661,2.8360388420791226e-08
1036,solver_residual_call,,,2.0735722120007267,47.8239836770594,0.9657842785594929,0.6176600775012739,5.175519254353661,2.8360388420791226e-08
1037,solver_residual_call,,,2.074767593003344,47.82398368134759,0.9657842786036094,0.6176600766953301,5.175519254353661,2.1073424255447017e-08
1038,solver_residual_call,,,2.0760355750026065,47.82398379633184,0.9657842795977868,0.6176600799062935,5.175519254353661,2.5815175675788104e-08
1039,solver_residual_call,,,2.077359622999211,47.82398310463458,0.9657842734961013,0.6176600646155305,5.175519254353661,3.558642867751359e-08
1040,solver_residual_call,,,2.0785604839984444,47.82398353894456,0.9657842774744863,0.6176600697895478,5.175519254353661,3.636770242386959e-08
1041,solver_residual_call,,,2.079789951996645,47.823983808653324,0.9657842796932197,0.6176600680480686,5.175519254353661,2.6881948752707086e-08
1042,solver_residual_call,,,2.081193001002248,47.82398472757865,0.9657842989973631,0.6176600765313996,5.175519564307748,2.6931533582418765e-08
1043,solver_residual_call,,,2.082423984997149,47.82398321348813,0.9657842710402129,0.617660076569873,5.175519158311537,2.6931533582418765e-08
1044,solver_residual_call,,,2.0836836289963685,47.8239834303442,0.965784276532375,0.6176600738683623,5.175519262981863,2.1073424255447017e-08
1045,solver_residual_call,,,2.0848759000000427,47.82398532987602,0.9657842985640354,0.6176600949964147,5.175519785112488,3.341470887583718e-08
1046,solver_residual_call,,,2.086136790996534,47.823983624129006,0.9657842955538064,0.6176600454910872,5.175521715769207,3.341470887583718e-08
1047,solver_residual_call,,,2.087383108002541,47.82398360151864,0.9657842793269421,0.6176600614112279,5.175519403359483,2.1073424255447017e-08
1048,solver_residual_call,,,2.088600246999704,47.82398256441344,0.9657842681080817,0.6176600669711004,5.175519254353661,2.1073424255447017e-08
1049,solver_residual_call,,,2.089791175996652,47.82398271712396,0.9657842695868263,0.6176600713309953,5.175519254353661,2.1073424255447017e-08
1050,solver_residual_call,,,2.0910191820003092,47.82398500139275,0.9657842933291567,0.6176600768004494,5.175519254353661,2.5326618486974868e-08
1051,solver_residual_call,,,2.0922221840010025,47.82398273396802,0.9657842742667359,0.6176600785120062,5.175519254353661,3.598406146714202e-08
1052,solver_residual_call,,,2.0934300820008502,47.82398343919475,0.9657842736971209,0.6176600704702015,5.175519254353661,3.3128602227325264e-08
1053,solver_residual_call,,,2.0946387110016076,47.82398347600042,0.9657842762420824,0.6176600695702735,5.175519254353661,2.1073424255447017e-08
1054,solver_residual_call,,,2.096022154997627,47.82398428177184,0.9657842848684254,0.6176600764478795,5.175519254353661,2.4811572680882756e-08
1055,solver_residual_call,,,2.0972586019997834,47.8239836236789,0.965784277919476,0.6176600778869167,5.175519254353661,2.565791085667223e-08
1056,solver_residual_call,,,2.098423625997384,47.82398376142536,0.9657842795761332,0.6176600742998831,5.175519254353661,2.258035348715584e-08
1057,solver_residual_call,,,2.099881481997727,47.82398184969496,0.9657842607369225,0.6176600530048769,5.175519254353661,4.2757620463005655e-08
1058,solver_residual_call,,,2.1011141409981064,47.82398360015598,0.9657842809044475,0.6176600330332989,5.175519254353661,4.2672618038342956e-08
1059,solver_residual_call,,,2.102280471000995,47.82398395540537,0.965784280602014,0.6176600681973544,5.175519254353661,2.1879816765442574e-08
1060,solver_residual_call,,,2.103538192000997,47.82398362728165,0.965784278135469,0.6176600751654031,5.175519254353661,2.15155584630479e-08
1061,solver_residual_call,,,2.1047625799983507,47.82398367269006,0.9657842785278437,0.6176600768538084,5.175519254353661,2.197788816692174e-08
1062,solver_residual_call,,,2.1059714479997638,47.823983434330465,0.9657842764683101,0.6176600684164976,5.175519254353661,3.601668809613365e-08
1063,solver_residual_call,,,2.1071889809973072,47.82398366820984,0.9657842784878318,0.6176600841695499,5.175519254353661,3.5472009570737875e-08
1064,solver_residual_call,,,2.1083385570018436,47.82398352566195,0.9657842772605911,0.6176600976185208,5.175519254353661,3.205457505106035e-08
1065,solver_residual_call,,,2.109683260998281,47.82398361796414,0.9657842780598505,0.6176600784098115,5.175519254353661,3.672879747761587e-08
1066,solver_residual_call,,,2.1114273330022115,47.823983619147,0.9657842780657356,0.6176600718462782,5.175519254353661,2.7669441488720437e-08
1067,solver_residual_call,,,2.1127427460014587,47.82398369608065,0.9657842787298861,0.6176600779653055,5.175519254353661,2.2130615416186344e-08
1068,solver_residual_call,,,2.1138701390009373,47.823983436256036,0.9657842764867496,0.6176600555721627,5.175519254353661,3.526188632879702e-08
1069,solver_residual_call,,,2.1150650290001067,47.823983736094256,0.9657842790758637,0.617660085372322,5.175519254353661,3.4608173869996666e-08
1070,solver_residual_call,,,2.116208088998974,47.82398356617316,0.9657842776096568,0.6176600384105367,5.175519254353661,2.1073424255447017e-08
1071,solver_residual_call,,,2.117330731001857,47.82398371572617,0.9657842789010653,0.6176600792920508,5.175519254353661,2.6270777221432375e-08
1072,solver_residual_call,,,2.118521470001724,47.82398381775322,0.9657842797827988,0.6176600798751514,5.175519254353661,2.6270777221432375e-08
1073,solver_residual_call,,,2.1197811439997167,47.82398364541394,0.9657842782919641,0.6176600754060538,5.175519254353661,2.1073424255447017e-08
1074,solver_residual_call,,,2.1209274790016934,47.823983575465725,0.9657842776853448,0.6176600657818266,5.175519254353661,3.765486468243826e-08
1075,solver_residual_call,,,2.1220260109985247,47.82398366809964,0.9657842784940432,0.6176600789352187,5.175519254353661,3.765486468243826e-08
1076,solver_residual_call,,,2.1231914870004402,47.823983604093016,0.9657842779352566,0.6176600840699416,5.175519254353661,2.1073424255447017e-08
1077,solver_residual_call,,,2.1242938130017137,47.823983626214755,0.9657842781131005,0.6176600837388925,5.175519254353661,3.170653400134679e-08
1078,solver_residual_call,,,2.1255288410029607,47.82398361429289,0.9657842780240838,0.6176600735562829,5.175519254353661,3.2890050730482367e-08
1079,solver_residual_call,,,2.126859855998191,47.82398363109857,0.96578427816717,0.6176600765948306,5.175519254353661,2.281535335087331e-08
1080,solver_residual_call,,,2.127999374002684,47.82398365865323,0.96578427840786,0.6176600747822423,5.175519254353661,2.1073424255447017e-08
1081,solver_residual_call,,,2.1293072309999843,47.82398365905984,0.9657842784215934,0.6176600800115303,5.175519254353661,2.1073424255447017e-08
1082,solver_residual_call,,,2.130481760003022,47.823983565619564,0.9657842775950455,0.6176600925045757,5.175519254353661,2.1073424255447017e-08
1083,solver_residual_call,,,2.131629408999288,47.82398372074014,0.9657842789131234,0.6176600690556167,5.175519254353661,2.9677387003239854e-08
1084,solver_residual_call,,,2.132899862997874,47.82398382231768,0.9657842798219514,0.6176600817082674,5.175519254353661,2.9677387003239854e-08
1085,solver_residual_call,,,2.1340081710004597,47.82398363150568,0.9657842781714537,0.6176600744636189,5.175519254353661,2.1073424255447017e-08
1086,solver_residual_call,,,2.135208539002633,47.82398363087147,0.9657842781647993,0.6176600683028866,5.175519254353661,3.762420909199548e-08
1087,solver_residual_call,,,2.1363483969980734,47.82398371123763,0.965784278875833,0.6176600623565075,5.175519254353661,4.130124050008783e-08
1088,solver_residual_call,,,2.1374612119980156,47.823983557577954,0.9657842775552683,0.6176600400053087,5.175519254353661,3.063078337325335e-08
1089,solver_residual_call,,,2.1388632620000863,47.82398362513853,0.9657842781222707,0.6176600669968426,5.175519254353661,3.208404184506054e-08
1090,solver_residual_call,,,2.1400719239973114,47.82398363871072,0.9657842782347625,0.6176600728486328,5.175519254353661,2.87304963053962e-08
1091,solver_residual_call,,,2.1413533739978448,47.82398368711881,0.965784278652577,0.6176600772272846,5.175519254353661,2.1073424255447017e-08
1092,solver_residual_call,,,2.1424694059969625,47.823983555335175,0.9657842775151112,0.6176600653757975,5.175519254353661,3.2231431691254126e-08
1093,solver_residual_call,,,2.1436389299997245,47.8239839720938,0.965784281113148,0.6176600784928603,5.175519254353661,5.255636097805374e-08
1094,solver_residual_call,,,2.1447592429976794,47.82398306711838,0.9657842732987374,0.6176600539704026,5.175519254353661,7.39770497201799e-08
1095,solver_residual_call,,,2.145917768997606,47.823983678783954,0.9657842785804289,0.6176600710006348,5.175519254353661,6.123151145378057e-08
1096,solver_residual_call,,,2.1470640850020573,47.823983516791344,0.9657842771662444,0.6176600737814414,5.175519254353661,2.7086635541317686e-08
1097,solver_residual_call,,,2.148159703996498,47.823983648231874,0.9657842783189344,0.6176600748732999,5.175519254353661,2.7086635541317686e-08
1098,solver_residual_call,,,2.1492837050027447,47.82398368025331,0.9657842785946421,0.6176600785979777,5.175519254353661,2.1073424255447017e-08
1099,solver_residual_call,,,2.1504007280018413,47.82398390411065,0.9657842806008482,0.6176600691638942,5.175519254353661,3.2409981717395965e-08
1100,solver_residual_call,,,2.1515523080015555,47.82398357492248,0.9657842774988792,0.6176601310786063,5.175519254353661,4.010585958193557e-08
1101,solver_residual_call,,,2.1526667490034015,47.82398368017607,0.965784278587252,0.6176600781475982,5.175519254353661,3.5774103164598456e-08
1102,solver_residual_call,,,2.153764554997906,47.82398363897422,0.9657842782343641,0.6176600763906084,5.175519254353661,2.6864724069815805e-08
1103,solver_residual_call,,,2.154892019003455,47.8239836276802,0.9657842781411716,0.6176600744306082,5.175519254353661,3.6226371927198884e-08
1104,solver_residual_call,,,2.156051703997946,47.82398339258151,0.9657842760789691,0.6176600740159534,5.175519254353661,4.684566884939408e-08
1105,solver_residual_call,,,2.157664737002051,47.82398370502505,0.9657842788298262,0.6176600780001613,5.175519254353661,3.6417796155031266e-08
1106,solver_residual_call,,,2.1588903540032334,47.82398353947241,0.9657842773021958,0.6176600823686645,5.175519254353661,3.161592975079916e-08
1107,solver_residual_call,,,2.160024546996283,47.823983583890495,0.9657842777594452,0.6176600857704945,5.175519254353661,3.1684193667646906e-08
1108,solver_residual_call,,,2.161194391999743,47.82398372897888,0.9657842790152028,0.6176600790537207,5.175519254353661,2.778543929716386e-08
1109,solver_residual_call,,,2.1622928799988586,47.823983710525,0.965784278855221,0.617660078347884,5.175519254353661,2.770757157484013e-08
1110,solver_residual_call,,,2.163443395998911,47.82398355615423,0.9657842775217576,0.6176600717498825,5.175519254353661,2.1073424255447017e-08
1111,solver_residual_call,,,2.1645699180007796,47.823983518340775,0.9657842771885659,0.6176600763173674,5.175519254353661,2.472276050264421e-08
1112,solver_residual_call,,,2.165721489000134,47.82398379233341,0.9657842795626971,0.6176600811536533,5.175519254353661,2.472276050264421e-08
1113,solver_residual_call,,,2.1668487490023836,47.82398376798096,0.9657842793601022,0.6176600718292045,5.175519254353661,2.2367094536172664e-08
1114,solver_residual_call,,,2.1679686089992174,47.82398368052669,0.96578427859574,0.6176600767794576,5.175519254353661,2.5896871633282815e-08
1115,solver_residual_call,,,2.169110515002103,47.82398368933083,0.9657842786716301,0.6176600771980432,5.175519254353661,2.491540572777057e-08
1116,solver_residual_call,,,2.1702338909963146,47.82398368073197,0.9657842785974955,0.6176600768261615,5.175519254353661,2.1342533688984637e-08
1117,solver_residual_call,,,2.1713637139982893,47.82398377068272,0.9657842793748883,0.6176600799978414,5.175519254353661,8.761914326773988e-08
1118,solver_residual_call,,,2.1726622939968365,47.82398380992051,0.9657842797196746,0.6176600776811424,5.175519254353661,8.866070196939521e-08
1119,solver_residual_call,,,2.1738337130009313,47.82398387459082,0.9657842802714662,0.6176600847683833,5.175519254353661,2.8889740767531185e-08
1120,solver_residual_call,,,2.1971678900008556,27.340894176768508,0.7206259927592109,0.4526806184758483,3.8840046560953723,0.1473035130595902
1121,solver_residual_call,,,2.199554894999892,27.34084017913912,0.7206253474021733,0.4526800882391695,3.8840046560953723,3.059085340595402e-08
1122,solver_residual_call,,,2.2016289879975375,27.340891062098514,0.7206259558672381,0.4526805672055366,3.8840046560953723,3.402712031644171e-08
1123,solver_residual_call,,,2.2037909209975624,27.340897374406996,0.7206260284316603,0.4526806836905113,3.8840046560953723,2.1073424255447017e-08
1124,solver_residual_call,,,2.2058732680015964,27.340894398255223,0.7206259943754757,0.45268063107799106,3.8840046560953723,2.1073424255447017e-08
1125,solver_residual_call,,,2.207918817999598,27.340889398341627,0.7206259347314988,0.45268059202629946,3.8840046560953723,2.813828299400979e-08
1126,solver_residual_call,,,2.2099666080030147,27.340919235159685,0.72062629031049,0.4526809048532491,3.8840046560953723,4.171944276233791e-08
1127,solver_residual_call,,,2.2120126329973573,27.340895250844838,0.7206260010408373,0.4526805768347728,3.884001053059088,3.814785441170096e-08
1128,solver_residual_call,,,2.214050173999567,27.340895689378943,0.7206260348776947,0.45268051607048104,3.88402131250767,3.124446898294453e-08
1129,solver_residual_call,,,2.216156223003054,27.34089357728945,0.7206260113916887,0.45268065557494724,3.8840167578149067,3.290588796170236e-08
1130,solver_residual_call,,,2.2192315610009246,27.340894247783236,0.7206260004860906,0.45268052781816515,3.884005678904019,6.351256990033754e-08
1131,solver_residual_call,,,2.2213928709970787,27.340894238031915,0.7206259905306753,0.45268061271884563,3.884002197297203,6.216787967275445e-08
1132,solver_residual_call,,,2.2234604339973885,27.340893446097702,0.7206259849908003,0.45268066121295597,3.8840044565639613,3.560068276227762e-08
1133,solver_residual_call,,,2.225500310996722,27.34088917911356,0.720625918606971,0.4526805911102318,3.8840046560953723,4.112508375894123e-08
1134,solver_residual_call,,,2.2275677139987238,27.34089200811847,0.7206259636483671,0.45268058172059233,3.8840046560953723,2.9478854280823115e-08
1135,solver_residual_call,,,2.2297640499964473,27.340893607573943,0.7206259870121955,0.4526807181567465,3.8840046560953723,2.109831625202358e-08
1136,solver_residual_call,,,2.2318012609975995,27.34089496482765,0.7206260031212689,0.4526806301718154,3.8840046560953723,5.1220576256224703e-08
1137,solver_residual_call,,,2.234105201001512,27.34089292403405,0.7206259779658257,0.4526806506726904,3.8840046560953723,5.421974111461569e-08
1138,solver_residual_call,,,2.23640315800003,27.340896150258807,0.7206260199720296,0.45268068971572667,3.8840046560953723,3.914431896807843e-08
1139,solver_residual_call,,,2.2385659659994417,27.340894185904205,0.720625992840434,0.452680650480386,3.8840046560953723,3.650430109352228e-08
1140,solver_residual_call,,,2.2405990339975688,27.34089421540706,0.7206259931724203,0.4526801341997266,3.8840046560953723,3.444316442212989e-08
1141,solver_residual_call,,,2.242597951000789,27.340894175499297,0.7206259927502229,0.45268044949791353,3.8840046560953723,3.270798663999039e-08
1142,solver_residual_call,,,2.2446303399992757,27.340894169199437,0.7206259926559611,0.4526805511440071,3.8840046560953723,4.176359034500706e-08
1143,solver_residual_call,,,2.246729639999103,27.340894192157187,0.7206259929379515,0.4526805768011658,3.8840046560953723,4.176359034500706e-08
1144,solver_residual_call,,,2.2488408900026116,27.340894099498776,0.7206259918929037,0.45268062976212065,3.8840046560953723,5.178814892598312e-08
1145,solver_residual_call,,,2.2515519209991908,27.340894157726826,0.7206259925389922,0.45268061491947176,3.8840046560953723,5.178814892598312e-08
1146,solver_residual_call,,,2.254572915000608,27.340894173446923,0.7206259927207967,0.45268061783580094,3.8840046560953723,2.175171762746821e-08
1147,solver_residual_call,,,2.2567656929968507,27.340894129590126,0.7206259922135912,0.4526806094412167,3.8840046560953723,3.284698464629042e-08
1148,solver_residual_call,,,2.2590277019990026,27.34089405456227,0.7206259913457833,0.4526805792016247,3.8840046560953723,5.7578789034047764e-08
1149,solver_residual_call,,,2.261030387999199,27.340894258421038,0.7206259937033722,0.45268069464599847,3.8840046560953723,9.955531528970795e-08
1150,solver_residual_call,,,2.2630372990024625,27.340894218817677,0.7206259932456134,0.4526806180782466,3.8840046560953723,8.744038109628966e-08
1151,solver_residual_call,,,2.2655344899976626,27.340894121725306,0.7206259921053116,0.4526806194878522,3.8840046560953723,2.1073424255447017e-08
1152,solver_residual_call,,,2.2677622479968704,27.34089416571919,0.7206259926258685,0.45268061897542594,3.8840046560953723,2.1073424255447017e-08
1153,solver_residual_call,,,2.269992766996438,27.34089415381501,0.7206259925031194,0.4526806170844497,3.8840046560953723,2.771533518220507e-08
1154,solver_residual_call,,,2.2720266059986898,27.340893952279295,0.7206259901993872,0.45268060089726847,3.8840046560953723,4.1648798288946615e-08
1155,solver_residual_call,,,2.274039850999543,27.340894688017244,0.7206259986896383,0.45268062530015,3.8840046560953723,3.775771330864472e-08
1156,solver_residual_call,,,2.2760874579980737,27.34089395190573,0.7206259901358362,0.45268062189677055,3.8840046560953723,2.4618474036299516e-08
1157,solver_residual_call,,,2.2781122239975957,27.340894144389342,0.7206259924268035,0.45268061828359596,3.8840046560953723,2.4310412462144643e-08
1158,solver_residual_call,,,2.2801623810009914,27.340894190955797,0.7206259929263417,0.4526806181280683,3.8840046560953723,2.1073424255447017e-08
1159,solver_residual_call,,,2.2821464790031314,27.340894249986984,0.7206259936937758,0.4526806184918605,3.8840046560953723,2.5374455741235623e-08
1160,solver_residual_call,,,2.2841796720022103,27.34089392214232,0.7206259893785619,0.452680659888671,3.8840046560953723,2.6539664143970174e-08
1161,solver_residual_call,,,2.2861774940029136,27.340894676029155,0.7206259983911075,0.4526806035703675,3.8840046560953723,2.2796762860176787e-08
1162,solver_residual_call,,,2.2882217040023534,27.340894104332737,0.7206259925472068,0.4526805803150579,3.8840046560953723,2.142899036801139e-08
1163,solver_residual_call,,,2.2903963880016818,27.340894041868726,0.7206259910023889,0.4526806210657546,3.8840046560953723,2.6917010258559218e-08
1164,solver_residual_call,,,2.292423017999681,27.34089424008848,0.7206259935599666,0.4526806168397918,3.8840046560953723,2.6917010258559218e-08
1165,solver_residual_call,,,2.2946128629992018,27.34089443508007,0.7206259957683161,0.45268062321928837,3.8840046560953723,2.1073424255447017e-08
1166,solver_residual_call,,,2.2968270540004596,27.34089557670093,0.720626009606117,0.4526806607650473,3.8840046560953723,2.1073424255447017e-08
1167,solver_residual_call,,,2.2989887759977137,27.340893692295644,0.7206259846664944,0.4526806332763081,3.8840046560953723,2.1073424255447017e-08
1168,solver_residual_call,,,2.301070970002911,27.340893192441687,0.7206259796883345,0.45268063069842174,3.8840046560953723,2.1073424255447017e-08
1169,solver_residual_call,,,2.302253772999393,27.340893921950173,0.7206259897392606,0.4526806185323185,3.8840046560953723,2.705430954254677e-08
1170,solver_residual_call,,,2.3036169609986246,27.34089415547419,0.7206259927805612,0.4526806163647992,3.8840046560953723,2.705430954254677e-08
1171,solver_residual_call,,,2.3047053389964276,27.340893995229955,0.720625990337709,0.45268061721734454,3.8840046560953723,2.1073424255447017e-08
1172,solver_residual_call,,,2.3057897909966414,27.34089525815448,0.7206260063597354,0.4526806129672085,3.8840046560953723,2.1073424255447017e-08
1173,solver_residual_call,,,2.3070748269965407,27.34089264519694,0.7206259742130945,0.4526806176563154,3.8840046560953723,2.1073424255447017e-08
1174,solver_residual_call,,,2.3081340709977667,27.34088507773513,0.7206258810334701,0.4526805788118656,3.8840046560953723,2.826776491740355e-08
1175,solver_residual_call,,,2.3092421300025308,27.340894150884292,0.7206259924536464,0.45268061841320845,3.8840046560953723,2.826776491740355e-08
1176,solver_residual_call,,,2.3105826570026693,27.34089416749255,0.720625992651666,0.45268061808719595,3.8840046560953723,2.1073424255447017e-08
1177,solver_residual_call,,,2.311748398002237,27.340894251354825,0.7206259936220699,0.452680620816975,3.8840046560953723,2.5741646519053895e-08
1178,solver_residual_call,,,2.312865089996194,27.34089398611502,0.7206259905367135,0.45268060334349003,3.8840046560953723,3.566037384519398e-08
1179,solver_residual_call,,,2.31394863800233,27.34089410548548,0.7206259919737558,0.4526806093713887,3.8840046560953723,3.648809601877532e-08
1180,solver_residual_call,,,2.3150261970004067,27.340894150150724,0.7206259924687086,0.45268060026464557,3.8840046560953723,2.6876593046892898e-08
1181,solver_residual_call,,,2.3161733910019393,27.34089482582209,0.7206260097490728,0.4526806120791064,3.8840049478934735,2.6292008391486026e-08
1182,solver_residual_call,,,2.3173943250003504,27.340893880440785,0.720625986443997,0.45268061894230716,3.884004564357064,2.6292008391486026e-08
1183,solver_residual_call,,,2.3185202039967407,27.34089384165513,0.720625989289203,0.45268061114594416,3.8840046783329423,2.1073424255447017e-08
1184,solver_residual_call,,,2.319679439002357,27.34089415595702,0.7206259942647589,0.4526806220850788,3.884005163827985,3.34621452957516e-08
1185,solver_residual_call,,,2.320784775998618,27.340893886776787,0.7206259914476307,0.45268061056308634,3.8840071148936564,3.34621452957516e-08
1186,solver_residual_call,,,2.3219420059976983,27.340894177701713,0.7206259925572887,0.4526806298075694,3.884004748057221,2.1073424255447017e-08
1187,solver_residual_call,,,2.323100528003124,27.340893773496635,0.7206259879827273,0.45268061414424793,3.8840046560953723,2.1073424255447017e-08
1188,solver_residual_call,,,2.324240693997126,27.340894135874947,0.7206259922747995,0.4526806173765493,3.8840046560953723,2.1073424255447017e-08
1189,solver_residual_call,,,2.325681002002966,27.34089401883822,0.7206259907833006,0.452680619723015,3.8840046560953723,2.517787749856613e-08
1190,solver_residual_call,,,2.3269625480024843,27.34088813029456,0.7206259216337031,0.4526805243112817,3.8840046560953723,3.6112347551927913e-08
1191,solver_residual_call,,,2.3281038770001032,27.340893536802092,0.7206259852332935,0.4526805885950023,3.8840046560953723,3.3380613239251515e-08
1192,solver_residual_call,,,2.3292254420011886,27.34089024479167,0.7206259466788384,0.4526805535885354,3.8840046560953723,2.1073424255447017e-08
1193,solver_residual_call,,,2.3303639069999917,27.340894491108244,0.7206259972902137,0.45268061532746484,3.8840046560953723,2.4467453069000725e-08
1194,solver_residual_call,,,2.3315162700018845,27.340894177039665,0.720625992568124,0.4526806203276303,3.8840046560953723,2.5331503654796115e-08
1195,solver_residual_call,,,2.332614890001423,27.3408940722906,0.7206259917217425,0.4526806133814123,3.8840046560953723,2.270898810441841e-08
1196,solver_residual_call,,,2.3337338409983204,27.340893613255925,0.720625987502595,0.4526806037312174,3.8840046560953723,4.31773741534717e-08
1197,solver_residual_call,,,2.3348594260023674,27.340893976985363,0.720625987950763,0.45268060681305744,3.8840046560953723,4.302024989663223e-08
1198,solver_residual_call,,,2.336218894000922,27.340894193535757,0.7206259927751075,0.45268060697606793,3.8840046560953723,2.1842456688077372e-08
1199,solver_residual_call,,,2.3375700830001733,27.340894165262156,0.7206259926259554,0.45268061818287003,3.8840046560953723,2.1495500427842518e-08
1200,solver_residual_call,,,2.338730212999508,27.340894178629693,0.7206259927806878,0.4526806187788504,3.8840046560953723,2.1975725167726297e-08
1201,solver_residual_call,,,2.33989876400301,27.340894165613054,0.7206259926296334,0.4526806194306155,3.8840046560953723,3.602333474462743e-08
1202,solver_residual_call,,,2.3411635130032664,27.3408941942169,0.7206259929613726,0.4526806187249414,3.8840046560953723,3.5480098073794915e-08
1203,solver_residual_call,,,2.3423302290029824,27.340894196260795,0.7206259929841828,0.45268062022931627,3.8840046560953723,3.204089764587198e-08
1204,solver_residual_call,,,2.343489236001915,27.34089413858397,0.720625992316602,0.4526806181596249,3.8840046560953723,3.6741836993552514e-08
1205,solver_residual_call,,,2.344645152996236,27.340894157285394,0.720625992533834,0.452680617638027,3.8840046560953723,2.770257521526838e-08
1206,solver_residual_call,,,2.3458400719973724,27.340894180227398,0.7206259927991924,0.45268061943584326,3.8840046560953723,2.212667224393888e-08
1207,solver_residual_call,,,2.347002150003391,27.340894153649543,0.7206259924916313,0.45268062295778566,3.8840046560953723,3.5276438969044223e-08
1208,solver_residual_call,,,2.348105625002063,27.340894174317402,0.7206259927312275,0.45268061299300205,3.8840046560953723,3.4625521390963473e-08
1209,solver_residual_call,,,2.34919956199883,27.34089419556861,0.7206259929768656,0.4526806349615511,3.8840046560953723,2.1073424255447017e-08
1210,solver_residual_call,,,2.3502836960033164,27.34089413956897,0.7206259923298857,0.45268060735891674,3.8840046560953723,2.6309103223266143e-08
1211,solver_residual_call,,,2.35151347899955,27.340894204754974,0.7206259930836099,0.45268061805188753,3.8840046560953723,2.6309103223266143e-08
1212,solver_residual_call,,,2.3525796980029554,27.340894172904406,0.7206259927144069,0.4526806184610799,3.8840046560953723,2.1073424255447017e-08
1213,solver_residual_call,,,2.353655669001455,27.340894185818904,0.7206259928636568,0.4526806190906029,3.8840046560953723,3.764930227229617e-08
1214,solver_residual_call,,,2.3547378340008436,27.340894184477943,0.7206259928495231,0.4526806189037671,3.8840046560953723,3.764930227229617e-08
1215,solver_residual_call,,,2.3561553280014778,27.340894190921592,0.7206259929238163,0.4526806176596248,3.8840046560953723,2.1073424255447017e-08
1216,solver_residual_call,,,2.3574380060017575,27.340894137565627,0.7206259923031972,0.4526806181133867,3.8840046560953723,3.1739154231368585e-08
1217,solver_residual_call,,,2.3586563720018603,27.340894156446932,0.7206259925240494,0.4526806183437407,3.8840046560953723,3.29373207598465e-08
1218,solver_residual_call,,,2.359850852000818,27.340894151710774,0.7206259924683723,0.45268061818628524,3.8840046560953723,2.2838178503647686e-08
1219,solver_residual_call,,,2.3609198949998245,27.340894183184247,0.7206259928338746,0.45268061946575827,3.8840046560953723,2.1073424255447017e-08
1220,solver_residual_call,,,2.362003984999319,27.340894173889406,0.7206259927305061,0.4526806189714547,3.8840046560953723,2.1073424255447017e-08
1221,solver_residual_call,,,2.3631247309967875,27.340894192735625,0.7206259929412479,0.45268061768480616,3.8840046560953723,2.1073424255447017e-08
1222,solver_residual_call,,,2.364227910999034,27.340894138823785,0.7206259923067703,0.45268061895107387,3.8840046560953723,2.971386675199078e-08
1223,solver_residual_call,,,2.365733682003338,27.340894210204198,0.7206259931465654,0.4526806194837317,3.8840046560953723,2.971386675199078e-08
1224,solver_residual_call,,,2.366895295002905,27.340894171441878,0.7206259926975203,0.4526806175384634,3.8840046560953723,2.1073424255447017e-08
1225,solver_residual_call,,,2.368049800003064,27.34089419554626,0.7206259929764817,0.4526806167361699,3.8840046560953723,3.761220047217673e-08
1226,solver_residual_call,,,2.369212586003414,27.34089420577857,0.720625993095672,0.4526806166050893,3.8840046560953723,4.127793109384438e-08
1227,solver_residual_call,,,2.3703108120025718,27.340894181032862,0.7206259928108794,0.45268061441829593,3.8840046560953723,3.060886887487264e-08
1228,solver_residual_call,,,2.371718226997473,27.340894143740353,0.7206259923781813,0.4526806175416965,3.8840046560953723,3.209876972472827e-08
1229,solver_residual_call,,,2.372885682998458,27.340894158920182,0.720625992552793,0.4526806146156436,3.8840046560953723,2.8752518931756228e-08
1230,solver_residual_call,,,2.3740231870033313,27.340894175871448,0.7206259927488353,0.45268061837699813,3.8840046560953723,2.1073424255447017e-08
1231,solver_residual_call,,,2.3751341960014543,27.340894131376807,0.7206259922342568,0.4526806075583378,3.8840046560953723,3.2267385533208114e-08
1232,solver_residual_call,,,2.3763449379985104,27.340894091814192,0.7206259917765382,0.45268058520993315,3.8840046560953723,5.261913083790649e-08
1233,solver_residual_call,,,2.3775074389996007,27.34089424626983,0.7206259935629433,0.4526806601049703,3.8840046560953723,7.398306801781931e-08
1234,solver_residual_call,,,2.3787250300010783,27.34089414168632,0.720625992353357,0.4526806094868069,3.8840046560953723,6.120380374079087e-08
1235,solver_residual_call,,,2.3798771779984236,27.3408941341737,0.7206259922607188,0.4526806171084877,3.8840046560953723,2.7127043581790257e-08
1236,solver_residual_call,,,2.3810010149973095,27.34089416125375,0.7206259925793115,0.45268061695666273,3.8840046560953723,2.7127043581790257e-08
1237,solver_residual_call,,,2.382170696997491,27.340894188715545,0.7206259928963097,0.4526806185690262,3.8840046560953723,2.1073424255447017e-08
1238,solver_residual_call,,,2.383367622998776,27.340894212162794,0.7206259931540637,0.45268062429048156,3.8840046560953723,3.2388949539806626e-08
1239,solver_residual_call,,,2.3844754669989925,27.340894239642925,0.7206259935154081,0.45268062522578034,3.8840046560953723,4.004486288299293e-08
1240,solver_residual_call,,,2.385804208999616,27.34089414429218,0.7206259923671474,0.45268063505328937,3.8840046560953723,3.577006624851283e-08
1241,solver_residual_call,,,2.3871328169989283,27.340894155775906,0.7206259925130137,0.4526806184836079,3.8840046560953723,2.6924907583823413e-08
1242,solver_residual_call,,,2.388248001996544,27.340894202389972,0.7206259930619616,0.4526806183533515,3.8840046560953723,3.620873813926842e-08
1243,solver_residual_call,,,2.3893201059981948,27.340894098886643,0.7206259918467656,0.45268061815012384,3.8840046560953723,4.687491755360852e-08
1244,solver_residual_call,,,2.390399862000777,27.340894174701663,0.7206259927283232,0.45268061830092704,3.8840046560953723,3.647292677959293e-08
1245,solver_residual_call,,,2.391508407999936,27.340894186603208,0.7206259928976315,0.4526806192382725,3.8840046560953723,3.162203331841721e-08
1246,solver_residual_call,,,2.392640885998844,27.340894147609504,0.7206259924227967,0.45268061792584496,3.8840046560953723,3.172989771408382e-08
1247,solver_residual_call,,,2.3937177159968996,27.340894218134167,0.7206259932376886,0.45268062283674554,3.8840046560953723,2.7792826309095998e-08
1248,solver_residual_call,,,2.394860902997607,27.340894181907146,0.7206259928186086,0.45268061995589715,3.8840046560953723,2.7669618293219106e-08
1249,solver_residual_call,,,2.3960421879964997,27.340894167615883,0.7206259926534418,0.45268061571503987,3.8840046560953723,2.1073424255447017e-08
1250,solver_residual_call,,,2.3971492199998465,27.340893971502293,0.7206259903859833,0.4526805968613908,3.8840046560953723,2.4779832338503522e-08
1251,solver_residual_call,,,2.3982682100031525,27.340894007528334,0.7206259908018288,0.4526806068868024,3.8840046560953723,2.4779832338503522e-08
1252,solver_residual_call,,,2.3993760489975102,27.340893962939695,0.7206259902843825,0.4526806114890689,3.8840046560953723,2.235567077680339e-08
1253,solver_residual_call,,,2.4004646620014682,27.340894192687372,0.7206259929444505,0.4526806185014308,3.8840046560953723,2.5871354365847805e-08
1254,solver_residual_call,,,2.4015162080031587,27.34089417126794,0.7206259926952302,0.45268061842052465,3.8840046560953723,2.4904765915847222e-08
1255,solver_residual_call,,,2.402847739002027,27.340894186230955,0.7206259928692734,0.4526806185458822,3.8840046560953723,2.1337786782912868e-08
1256,solver_residual_call,,,2.4039976709973416,27.340894154179527,0.7206259924980928,0.45268061746852434,3.8840046560953723,8.762198904325737e-08
1257,solver_residual_call,,,2.4051133719985955,27.340894143304617,0.7206259923714998,0.4526806181470213,3.8840046560953723,8.867963671615353e-08
1258,solver_residual_call,,,2.406219468997733,27.34089409061879,0.720625991762741,0.4526806149383098,3.8840046560953723,2.8993027185046638e-08
1259,solver_residual_call,,,2.441249114002858,15.89287727327221,0.5234138977261142,0.3650377657976936,1.9494547196155796,0.2946070260680043
1260,solver_residual_call,,,2.443585257999075,15.892780609813975,0.5234123174698591,0.36503616758584095,1.9494547196155796,3.0151068752815036e-08
1261,solver_residual_call,,,2.4456794389989227,15.892869126572704,0.5234137679527232,0.36503750294373133,1.9494547196155796,3.363229923543751e-08
1262,solver_residual_call,,,2.447795264000888,15.892880026525635,0.5234139408198542,0.36503773313627996,1.9494547196155796,2.1073424255447017e-08
1263,solver_residual_call,,,2.450103445997229,15.892875996850993,0.5234138770217429,0.36503769523369733,1.9494547196155796,2.1073424255447017e-08
1264,solver_residual_call,,,2.4521580549990176,15.892868634454146,0.523413754952963,0.36503761551622976,1.9494547196155796,2.885996815313606e-08
1265,solver_residual_call,,,2.454439918998105,15.89291841605051,0.5234145676549833,0.36503846994156564,1.9494547196155796,4.146040990364452e-08
1266,solver_residual_call,,,2.4565328210010193,15.89287454142498,0.523413847883953,0.36503773808601586,1.9494496374948769,3.7302259515271746e-08
1267,solver_residual_call,,,2.458551998002804,15.892872190980164,0.523413843460013,0.3650381999916171,1.9494686179147631,3.115790845115978e-08
1268,solver_residual_call,,,2.460577824997017,15.892878695372815,0.5234139425416262,0.3650380657477886,1.9494669716177575,3.281717560520812e-08
1269,solver_residual_call,,,2.4625609099966823,15.892878248808632,0.5234139173967385,0.365037849765384,1.9494554177463366,6.358372679289244e-08
1270,solver_residual_call,,,2.4655422040013946,15.892876972952019,0.5234138890975325,0.36503768240104756,1.9494522838594597,6.22530081980345e-08
1271,solver_residual_call,,,2.4678378289972898,15.892878747395466,0.5234139213794045,0.3650377328408221,1.9494552740381765,3.530692810572126e-08
1272,solver_residual_call,,,2.4698432209988823,15.892873627538238,0.5234137991995741,0.3650382979617828,1.9494547196155796,4.083749571555992e-08
1273,solver_residual_call,,,2.4719151129975216,15.892879950938855,0.5234139383948971,0.36503785684217066,1.9494547196155796,2.943099643067957e-08
1274,solver_residual_call,,,2.473949220002396,15.892884016152776,0.5234140192713289,0.36503771780108507,1.9494547196155796,2.109648470354406e-08
1275,solver_residual_call,,,2.4760553009982686,15.892878309820992,0.523413910917466,0.36503798526485176,1.9494547196155796,5.1355104345709965e-08
1276,solver_residual_call,,,2.4780528440023772,15.89287947797443,0.523413936571861,0.3650377523970094,1.9494547196155796,5.4253749187439054e-08
1277,solver_residual_call,,,2.4801346070016734,15.892877767865794,0.5234139164798985,0.36503760659255313,1.9494547196155796,3.878169950032657e-08
1278,solver_residual_call,,,2.482157897000434,15.892877249273143,0.5234138973430911,0.3650378446170759,1.9494547196155796,3.62508053214214e-08
1279,solver_residual_call,,,2.4843700080018607,15.892877119929237,0.5234138953051307,0.3650378258556933,1.9494547196155796,3.442471373357083e-08
1280,solver_residual_call,,,2.486431145000097,15.892877354489713,0.523413899025255,0.36503766413353855,1.9494547196155796,3.269308316426505e-08
1281,solver_residual_call,,,2.4885090210009366,15.892877245678116,0.5234138972897616,0.36503777152553757,1.9494547196155796,4.178082871028327e-08
1282,solver_residual_call,,,2.4905153270010487,15.89287729388424,0.5234138980565565,0.3650377513878953,1.9494547196155796,4.178082871028327e-08
1283,solver_residual_call,,,2.492525027002557,15.892877339639053,0.5234138987814685,0.3650376866913421,1.9494547196155796,5.1804068886784124e-08
1284,solver_residual_call,,,2.4947614720003912,15.892877270684878,0.5234138976849189,0.3650377655836092,1.9494547196155796,5.1804068886784124e-08
1285,solver_residual_call,,,2.496817649996956,15.89287727287593,0.5234138977198045,0.3650377658189312,1.9494547196155796,2.17552412752523e-08
1286,solver_residual_call,,,2.4988126730022486,15.892877268210523,0.523413897645522,0.36503776553629586,1.9494547196155796,3.2879530281626944e-08
1287,solver_residual_call,,,2.500804192000942,15.892877241372137,0.5234138972182055,0.36503774889863616,1.9494547196155796,5.768695907052741e-08
1288,solver_residual_call,,,2.5030637360032415,15.892877313132278,0.5234138983606955,0.3650377945987663,1.9494547196155796,9.952571901720628e-08
1289,solver_residual_call,,,2.505050300998846,15.89287727958574,0.5234138978266563,0.36503776662039633,1.9494547196155796,8.734669826349041e-08
1290,solver_residual_call,,,2.5070788290031487,15.892877279654266,0.523413897821812,0.3650377668096355,1.9494547196155796,2.1073424255447017e-08
1291,solver_residual_call,,,2.5090807899978245,15.892877267186613,0.5234138976240147,0.36503776648342734,1.9494547196155796,2.1073424255447017e-08
1292,solver_residual_call,,,2.511274094998953,15.892877268333802,0.5234138976510171,0.36503776471190663,1.9494547196155796,2.776156873190762e-08
1293,solver_residual_call,,,2.513321658996574,15.892877112512917,0.5234138950652889,0.36503776673055327,1.9494547196155796,4.1726427230838084e-08
1294,solver_residual_call,,,2.5153492960016592,15.89287704227214,0.5234138940242812,0.3650377628005266,1.9494547196155796,3.7742907927194547e-08
1295,solver_residual_call,,,2.5173276249988703,15.89287757391163,0.5234139025982948,0.3650377665696127,1.9494547196155796,2.434601805878704e-08
1296,solver_residual_call,,,2.5194792010006495,15.892877265606174,0.5234138976686635,0.36503776505053553,1.9494547196155796,2.4138780776214807e-08
1297,solver_residual_call,,,2.5214687300031073,15.89287727148533,0.5234138976997726,0.36503776322505543,1.9494547196155796,2.1073424255447017e-08
1298,solver_residual_call,,,2.5235023310015094,15.892877285949806,0.5234138980550521,0.36503776816286854,1.9494547196155796,2.5305789688854885e-08
1299,solver_residual_call,,,2.525560198002495,15.89287640750396,0.523413883311225,0.36503774329842076,1.9494547196155796,2.6593253804571513e-08
1300,solver_residual_call,,,2.527604622999206,15.892876993205324,0.5234138928979586,0.36503775182317705,1.9494547196155796,2.2894887031799706e-08
1301,solver_residual_call,,,2.52959576700232,15.892878062551752,0.5234139111426671,0.36503777988431646,1.9494547196155796,2.1385922848010733e-08
1302,solver_residual_call,,,2.5317304709969903,15.892877239686383,0.5234138972692405,0.36503776488253314,1.9494547196155796,2.7143882153913163e-08
1303,solver_residual_call,,,2.5338030729981256,15.892877263448813,0.5234138975996366,0.36503776502248636,1.9494547196155796,2.7143882153913163e-08
1304,solver_residual_call,,,2.536052686002222,15.89287723551536,0.5234138973672708,0.365037764328528,1.9494547196155796,2.1073424255447017e-08
1305,solver_residual_call,,,2.538124535996758,15.892879679220826,0.5234139365387873,0.36503783024965664,1.9494547196155796,2.1073424255447017e-08
1306,solver_residual_call,,,2.5404492469970137,15.892876456222497,0.5234138819111717,0.3650377830736234,1.9494547196155796,2.1073424255447017e-08
1307,solver_residual_call,,,2.54246983199846,15.892875400430835,0.5234138639927494,0.36503778236440104,1.9494547196155796,2.1073424255447017e-08
1308,solver_residual_call,,,2.5445809259981615,15.892877250992793,0.5234138973876429,0.3650377651067417,1.9494547196155796,2.711914340509367e-08
1309,solver_residual_call,,,2.545929542000522,15.892877290768197,0.5234138983222393,0.36503776407817007,1.9494547196155796,2.711914340509367e-08
1310,solver_residual_call,,,2.547067245002836,15.892877241567398,0.5234138969164112,0.36503776720974324,1.9494547196155796,2.1073424255447017e-08
1311,solver_residual_call,,,2.5481802779977443,15.892879629333024,0.5234139349279556,0.3650378191038674,1.9494547196155796,2.1073424255447017e-08
1312,solver_residual_call,,,2.5492603309976403,15.892874711642612,0.5234138561923005,0.3650377097773088,1.9494547196155796,2.1073424255447017e-08
1313,solver_residual_call,,,2.5504023940011393,15.892861951055275,0.5234136424355723,0.3650374936441226,1.9494547196155796,2.8251725147565238e-08
1314,solver_residual_call,,,2.551521679000871,15.892877246079038,0.5234138972909314,0.3650377651627307,1.9494547196155796,2.8251725147565238e-08
1315,solver_residual_call,,,2.5526123419986106,15.892877261720225,0.5234138975416729,0.36503776542128835,1.9494547196155796,2.1073424255447017e-08
1316,solver_residual_call,,,2.553759232003358,15.892877313267164,0.523413898364386,0.36503776687627526,1.9494547196155796,2.551397069068432e-08
1317,solver_residual_call,,,2.5548149660025956,15.892876837512782,0.523413890763811,0.36503775180380704,1.9494547196155796,3.59258977082883e-08
1318,solver_residual_call,,,2.5561476899965783,15.89287666757538,0.5234138883980091,0.36503773467041234,1.9494547196155796,3.693897036442589e-08
1319,solver_residual_call,,,2.557451207001577,15.892876702445975,0.5234138885978799,0.36503774796504634,1.9494547196155796,2.692174039401313e-08
1320,solver_residual_call,,,2.558546510001179,15.892877518622182,0.5234139027190665,0.36503776261405807,1.9494549676618518,2.447807139186497e-08
1321,solver_residual_call,,,2.5596830490030698,15.892877221813364,0.5234138967218301,0.365037766628633,1.9494546375641715,2.447807139186497e-08
1322,solver_residual_call,,,2.5607437630023924,15.892877092544202,0.5234138946055481,0.3650377604486127,1.9494548025183454,2.1489666203719023e-08
1323,solver_residual_call,,,2.5618329100034316,15.892877026787579,0.5234138933036843,0.3650377724183276,1.9494550703693347,3.4087648198315944e-08
1324,solver_residual_call,,,2.563006727003085,15.892877517380402,0.5234139062489519,0.3650377624138688,1.9494571553716356,3.3826782525019296e-08
1325,solver_residual_call,,,2.564236869002343,15.8928768502108,0.5234138905806971,0.36503779304081013,1.949454461514023,2.1073424255447017e-08
1326,solver_residual_call,,,2.5653031740002916,15.892877248042367,0.5234138973075739,0.3650377657481558,1.9494547196155796,2.1073424255447017e-08
1327,solver_residual_call,,,2.5664123649985413,15.892877289842263,0.5234138979960802,0.3650377653536419,1.9494547196155796,2.1073424255447017e-08
1328,solver_residual_call,,,2.5675572079999256,15.892877341471014,0.5234138987829788,0.36503776913743446,1.9494547196155796,2.5216620545138597e-08
1329,solver_residual_call,,,2.5686032059966237,15.892869673819174,0.5234137755223346,0.36503768863514596,1.9494547196155796,3.6426423197659146e-08
1330,solver_residual_call,,,2.56968326200149,15.892875558645672,0.5234138696767532,0.3650377322234077,1.9494547196155796,3.369117933684597e-08
1331,solver_residual_call,,,2.570853951998288,15.892869894277785,0.523413778918941,0.365037621784143,1.9494547196155796,2.1073424255447017e-08
1332,solver_residual_call,,,2.572275257000001,15.892877421165215,0.5234139003770395,0.3650377640887983,1.9494547196155796,2.3479608214574218e-08
1333,solver_residual_call,,,2.573505426000338,15.892877305122903,0.5234138981916145,0.3650377671591723,1.9494547196155796,2.4338078183240842e-08
1334,solver_residual_call,,,2.57464265699673,15.892877207359247,0.5234138967384224,0.3650377623940884,1.9494547196155796,2.3465607032723285e-08
1335,solver_residual_call,,,2.5757825969994883,15.892876630533287,0.5234138879918051,0.365037761473835,1.9494547196155796,4.4301351816924854e-08
1336,solver_residual_call,,,2.576946857996518,15.89287694646176,0.5234138897219048,0.36503776969690704,1.9494547196155796,4.3740063277449517e-08
1337,solver_residual_call,,,2.5780450989987003,15.892876519027887,0.5234138850896547,0.3650377719451105,1.9494547196155796,2.186388857586052e-08
1338,solver_residual_call,,,2.5791895649963408,15.892877268403831,0.5234138976485369,0.36503776554175027,1.9494547196155796,2.1493040853467425e-08
1339,solver_residual_call,,,2.580311090001487,15.892877275075318,0.5234138977548308,0.3650377659603368,1.9494547196155796,2.195987469362512e-08
1340,solver_residual_call,,,2.5814333829985117,15.892877276415465,0.5234138977761255,0.36503776623518125,1.9494547196155796,3.5999813776417096e-08
1341,solver_residual_call,,,2.5825888760009548,15.892877277777641,0.5234138977979879,0.3650377658191617,1.9494547196155796,3.5466035939008684e-08
1342,solver_residual_call,,,2.58371458700276,15.89287727635986,0.523413897775098,0.365037765986478,1.9494547196155796,3.19930246920688e-08
1343,solver_residual_call,,,2.5848579890007386,15.89287726156822,0.5234138975393335,0.36503776572197294,1.9494547196155796,3.6718746854433816e-08
1344,solver_residual_call,,,2.586008441998274,15.892877269360307,0.5234138976638084,0.36503776594587795,1.9494547196155796,2.7727278111324455e-08
1345,solver_residual_call,,,2.5873162589996355,15.8928772732512,0.5234138977257707,0.36503776597015497,1.9494547196155796,2.2126882840332492e-08
1346,solver_residual_call,,,2.5884523810018436,15.892877274339819,0.5234138977430315,0.3650377678152114,1.9494547196155796,3.527134400079961e-08
1347,solver_residual_call,,,2.5895568819978507,15.892877277024914,0.5234138977859127,0.36503776548414674,1.9494547196155796,3.462019603126193e-08
1348,solver_residual_call,,,2.5907097390008857,15.892877270017708,0.5234138976742848,0.3650377671598154,1.9494547196155796,2.1073424255447017e-08
1349,solver_residual_call,,,2.591864460002398,15.89287726990485,0.5234138976725882,0.36503776474718846,1.9494547196155796,2.6367936334653626e-08
1350,solver_residual_call,,,2.5929842019977514,15.892877275789123,0.5234138977663829,0.365037765308048,1.9494547196155796,2.6367936334653626e-08
1351,solver_residual_call,,,2.5940959579966147,15.892877272740714,0.5234138977175948,0.36503776596535453,1.9494547196155796,2.1073424255447017e-08
1352,solver_residual_call,,,2.5952732489968184,15.89287727593788,0.5234138977686119,0.3650377663002571,1.9494547196155796,3.7636730213674247e-08
1353,solver_residual_call,,,2.5964162289965316,15.892877273010843,0.5234138977219264,0.36503776609237626,1.9494547196155796,3.7636730213674247e-08
1354,solver_residual_call,,,2.5975598380027805,15.892877271597476,0.523413897699492,0.3650377655586739,1.9494547196155796,2.1073424255447017e-08
1355,solver_residual_call,,,2.5986595590002253,15.892877265613405,0.52341389760386,0.36503776557403167,1.9494547196155796,3.177366405272355e-08
1356,solver_residual_call,,,2.5998235540027963,15.892877269720364,0.5234138976690567,0.36503776642241953,1.9494547196155796,3.299224663200836e-08
1357,solver_residual_call,,,2.601104845001828,15.89287727149972,0.5234138976980147,0.3650377654186106,1.9494547196155796,2.286945168433194e-08
1358,solver_residual_call,,,2.6024650109975482,15.892877275299941,0.5234138977579122,0.3650377666033476,1.9494547196155796,2.1073424255447017e-08
1359,solver_residual_call,,,2.6036587429989595,15.892877268211778,0.5234138976449644,0.36503776565471263,1.9494547196155796,2.1073424255447017e-08
1360,solver_residual_call,,,2.604833138997492,15.892877267962497,0.5234138976417702,0.36503776534197646,1.9494547196155796,2.1073424255447017e-08
1361,solver_residual_call,,,2.605996824000613,15.892877277858496,0.5234138977994699,0.36503776659400206,1.9494547196155796,2.9769522460736873e-08
1362,solver_residual_call,,,2.6071264569982304,15.892877276147718,0.5234138977719112,0.3650377662505063,1.9494547196155796,2.9769522460736873e-08
1363,solver_residual_call,,,2.608256692001305,15.892877272669438,0.5234138977165533,0.3650377655453155,1.9494547196155796,2.1073424255447017e-08
1364,solver_residual_call,,,2.6093730430002324,15.89287727623307,0.5234138977733421,0.36503776484531614,1.9494547196155796,3.7598805077225925e-08
1365,solver_residual_call,,,2.6104992300024605,15.892877279998435,0.5234138978338623,0.3650377648456579,1.9494547196155796,4.1256481516236816e-08
1366,solver_residual_call,,,2.6117878049990395,15.892877274585064,0.5234138977470393,0.3650377656985428,1.9494547196155796,3.0565814438370504e-08
1367,solver_residual_call,,,2.6131211559986696,15.892877264645449,0.5234138975885934,0.36503776545418626,1.9494547196155796,3.208675931599736e-08
1368,solver_residual_call,,,2.6144554869970307,15.892877270488784,0.5234138976817966,0.3650377644326942,1.9494547196155796,2.8771643068067336e-08
1369,solver_residual_call,,,2.6156613749990356,15.892877272465135,0.5234138977132643,0.36503776553983963,1.9494547196155796,2.1073424255447017e-08
1370,solver_residual_call,,,2.6170698880014243,15.892877270237195,0.5234138976777901,0.3650377630121144,1.9494547196155796,3.228586557849487e-08
1371,solver_residual_call,,,2.618394803001138,15.892877252539106,0.5234138973959717,0.3650377759482243,1.9494547196155796,5.2693878086625665e-08
1372,solver_residual_call,,,2.6197503700022935,15.892877298939691,0.5234138981347493,0.36503777041659263,1.9494547196155796,7.395201652749554e-08
1373,solver_residual_call,,,2.6209600209986093,15.892877265687158,0.5234138976053134,0.3650377732580621,1.9494547196155796,6.111164436363536e-08
1374,solver_residual_call,,,2.6221625649995985,15.892877266912851,0.5234138976165195,0.3650377662441295,1.9494547196155796,2.717210790323456e-08
1375,solver_residual_call,,,2.62336058299843,15.89287727164886,0.5234138977017991,0.3650377645689025,1.9494547196155796,2.717210790323456e-08
1376,solver_residual_call,,,2.624567421997199,15.892877277105024,0.5234138977885022,0.3650377656462182,1.9494547196155796,2.1073424255447017e-08
1377,solver_residual_call,,,2.625810407997051,15.892877247827986,0.523413897331806,0.3650377732489966,1.9494547196155796,3.250071987643712e-08
1378,solver_residual_call,,,2.627030850002484,15.892877238821141,0.5234138971470619,0.3650377784515952,1.9494547196155796,4.010239961339567e-08
1379,solver_residual_call,,,2.62824845599971,15.89287714010035,0.5234138955990725,0.3650377905482598,1.9494547196155796,3.575008554716941e-08
1380,solver_residual_call,,,2.629406079999171,15.89287726334803,0.5234138975661453,0.36503776582043473,1.9494547196155796,2.6947410902795252e-08
1381,solver_residual_call,,,2.6305884280009195,15.892877285802324,0.5234138979301721,0.3650377656180441,1.9494547196155796,3.614849955490291e-08
1382,solver_residual_call,,,2.631969305999519,15.892877258951899,0.5234138974954051,0.36503776583420444,1.9494547196155796,4.6894508832624876e-08
1383,solver_residual_call,,,2.6332699289996526,15.892877342748216,0.5234138988474346,0.3650377656896476,1.9494547196155796,3.655776454369686e-08
1384,solver_residual_call,,,2.634410343001946,15.892877034496278,0.5234138938756828,0.3650377655690269,1.9494547196155796,3.1589342445260136e-08
1385,solver_residual_call,,,2.635565475000476,15.892877259253641,0.5234138975020256,0.36503776533116794,1.9494547196155796,3.166459587705525e-08
1386,solver_residual_call,,,2.6367304469968076,15.892877275860068,0.5234138977673158,0.36503776745477906,1.9494547196155796,2.7744903558009877e-08
1387,solver_residual_call,,,2.6378623679993325,15.892877268381403,0.5234138976482443,0.36503776424093165,1.9494547196155796,2.7658987644343722e-08
1388,solver_residual_call,,,2.6390827970026294,15.892877275967264,0.5234138977690267,0.36503776554365447,1.9494547196155796,2.1073424255447017e-08
1389,solver_residual_call,,,2.640223636000883,15.892876969783023,0.5234138928940407,0.3650376746036325,1.9494547196155796,2.4811532201739135e-08
1390,solver_residual_call,,,2.641322057999787,15.892877141833718,0.5234138956333568,0.36503773631681113,1.9494547196155796,2.4811532201739135e-08
1391,solver_residual_call,,,2.6424989520019153,15.892877466024377,0.5234139007949935,0.365037846318695,1.9494547196155796,2.227338295832163e-08
1392,solver_residual_call,,,2.6436377770005492,15.892877276286322,0.5234138977744468,0.36503776570350766,1.9494547196155796,2.5777084655923422e-08
1393,solver_residual_call,,,2.6447589980016346,15.892877270076813,0.5234138976748796,0.36503776579777436,1.9494547196155796,2.4905229093435685e-08
1394,solver_residual_call,,,2.6459218789968872,15.89287727294136,0.5234138977208542,0.3650377657544095,1.9494547196155796,2.1368747639424153e-08
1395,solver_residual_call,,,2.6470932329975767,15.892877265184536,0.5234138975969485,0.3650377656565613,1.9494547196155796,8.762249810803758e-08
1396,solver_residual_call,,,2.648425788996974,15.892877169310674,0.5234138960604574,0.36503776561177853,1.9494547196155796,8.873928951827241e-08
1397,solver_residual_call,,,2.6495333580023726,15.892877222471304,0.5234138969154676,0.36503776450726877,1.9494547196155796,2.9430387099634537e-08
1398,solver_residual_call,,,2.6651810050025233,10.686753117014588,0.42552296120574423,0.3188427342060096,1.3922450711724066,0.3588961295933057
1399,solver_residual_call,,,2.6675993890021346,10.686745295026608,0.4255227846725396,0.3188430689363132,1.3922450711724066,3.001824611104098e-08
1400,solver_residual_call,,,2.6696155030003865,10.686754392543058,0.42552298862422683,0.31884268790779047,1.3922450711724066,3.3513276540918204e-08
1401,solver_residual_call,,,2.671840164002788,10.686755925008848,0.42552301747955584,0.31884275074340057,1.3922450711724066,2.1073424255447017e-08
1402,solver_residual_call,,,2.673940886001219,10.686754257698079,0.4255229843865872,0.31884273206104347,1.3922450711724066,2.1073424255447017e-08
1403,solver_residual_call,,,2.6760751089968835,10.686752854059625,0.42552295238692184,0.31884277257326626,1.3922450711724066,2.910690023931179e-08
1404,solver_residual_call,,,2.678065695996338,10.686756541718953,0.4255230353737214,0.3188426241677573,1.3922450711724066,4.145636601912543e-08
1405,solver_residual_call,,,2.680242725997232,10.686748148071125,0.4255228608610159,0.3188427421271196,1.3922450711724066,3.70395336959198e-08
1406,solver_residual_call,,,2.6823023859979003,10.686762067524622,0.42552313363970873,0.3188433875225459,1.3922450711724066,3.105655160136679e-08
1407,solver_residual_call,,,2.6843471820029663,10.68676426880679,0.4255231826468723,0.3188431227638671,1.3922450711724066,3.2778376373481144e-08
1408,solver_residual_call,,,2.6863330929991207,10.686755684966094,0.4255230114657711,0.3188428665424887,1.3922450711724066,6.370996479260552e-08
1409,solver_residual_call,,,2.688615872997616,10.686750849871322,0.42552291641822443,0.3188426346085097,1.3922450711724066,6.239092761749209e-08
1410,solver_residual_call,,,2.6906788449996384,10.686754291127045,0.4255229859264224,0.3188426573424338,1.3922450711724066,3.4908279545949015e-08
1411,solver_residual_call,,,2.692898615001468,10.686751294642566,0.4255228724814425,0.31884309341672956,1.3922370673422049,4.040842128001446e-08
1412,solver_residual_call,,,2.695462611001858,10.686766114622541,0.42552320639013297,0.318842950573165,1.3922332833910425,2.9320747523696884e-08
1413,solver_residual_call,,,2.6975007590008317,10.68676899542799,0.42552328734953127,0.31884274463732903,1.3922407660687244,2.1105774230370556e-08
1414,solver_residual_call,,,2.6995571079969523,10.686749414682957,0.4255228853825395,0.3188426909087084,1.3922459516909158,5.16546527848252e-08
1415,solver_residual_call,,,2.7015896829980193,10.686761525763215,0.42552312868304,0.31884279556038286,1.3922418638819465,5.4481967556996085e-08
1416,solver_residual_call,,,2.7036607679983717,10.686752823190666,0.42552297026208946,0.31884265187676303,1.3922479605288294,3.834941853799885e-08
1417,solver_residual_call,,,2.705673142998421,10.686744289468873,0.42552278808511884,0.31884216650336394,1.3922450711724066,3.578142150388551e-08
1418,solver_residual_call,,,2.707814633002272,10.686750661746206,0.42552291268444076,0.3188430019398535,1.3922450711724066,3.422035863721548e-08
1419,solver_residual_call,,,2.710357953001221,10.686772337326051,0.4255233379536132,0.3188442736109585,1.3922450711724066,3.257789262771327e-08
1420,solver_residual_call,,,2.7127129299988155,10.686749565274557,0.4255228914025348,0.3188427898885931,1.3922450711724066,4.224706655099864e-08
1421,solver_residual_call,,,2.7147336350026308,10.68675892405556,0.42552307504971304,0.3188431325245062,1.3922450711724066,4.224706655099864e-08
1422,solver_residual_call,,,2.7167697539989604,10.686767552066307,0.4255232444160956,0.3188435178619419,1.3922450711724066,5.132289065594616e-08
1423,solver_residual_call,,,2.718751341002644,10.686753117406543,0.42552296121342437,0.31884273419950265,1.3922450711724066,5.132289065594616e-08
1424,solver_residual_call,,,2.720821964001516,10.686753116622793,0.42552296119807115,0.3188427341536387,1.3922450711724066,2.1711562103027736e-08
1425,solver_residual_call,,,2.7228075500024715,10.686753117760261,0.42552296122035854,0.31884273417495756,1.3922450711724066,3.285290252213407e-08
1426,solver_residual_call,,,2.724819994000427,10.686753343518358,0.42552296564099457,0.3188427705215304,1.3922450711724066,5.7930243817557793e-08
1427,solver_residual_call,,,2.7282187360033276,10.686751429681454,0.4255229281575164,0.318842498507676,1.3922450711724066,9.953261611370588e-08
1428,solver_residual_call,,,2.730256445996929,10.68675345994022,0.4255229679228756,0.3188427795921456,1.3922450711724066,8.71942601706209e-08
1429,solver_residual_call,,,2.732290446998377,10.686753110043291,0.42552296107669507,0.3188427333077299,1.3922450711724066,2.1073424255447017e-08
1430,solver_residual_call,,,2.7342936630011536,10.686753112268669,0.42552296110760085,0.31884273474176605,1.3922450711724066,2.1073424255447017e-08
1431,solver_residual_call,,,2.736291727000207,10.686753127144875,0.4255229614067518,0.3188427338568654,1.3922450711724066,2.7828557266878113e-08
1432,solver_residual_call,,,2.7382688930010772,10.686753608134003,0.4255229705920464,0.31884276259781585,1.3922450711724066,4.1926874555316694e-08
1433,solver_residual_call,,,2.740300783996645,10.686751901501776,0.42552293730695834,0.3188427152345517,1.3922450711724066,3.787225512534091e-08
1434,solver_residual_call,,,2.742553958996723,10.686753723509716,0.425522973307047,0.3188427290210622,1.3922450711724066,2.403764892146963e-08
1435,solver_residual_call,,,2.7446073449973483,10.68675312021243,0.4255229613284212,0.3188427320299889,1.3922450711724066,2.3896114279613104e-08
1436,solver_residual_call,,,2.7465986579991295,10.686753117975242,0.42552296122939093,0.3188427322026034,1.3922450711724066,2.1073424255447017e-08
1437,solver_residual_call,,,2.748654032999184,10.686753118937798,0.4255229613584195,0.3188427334805596,1.3922450711724066,2.5315382437495635e-08
1438,solver_residual_call,,,2.7506844449962955,10.686752678150386,0.4255229521122399,0.3188427175854341,1.3922450711724066,2.6714840774825294e-08
1439,solver_residual_call,,,2.752709820000746,10.686751902971997,0.4255229369950957,0.3188427174563272,1.3922450711724066,2.299882711612049e-08
1440,solver_residual_call,,,2.7546838319976814,10.686753679364312,0.4255229728010906,0.3188427486869273,1.3922450711724066,2.1357245118450863e-08
1441,solver_residual_call,,,2.7596037830007845,10.686753113463515,0.4255229612107962,0.3188427336036515,1.3922450711724066,2.7209332871012796e-08
1442,solver_residual_call,,,2.7621513060003053,10.686753119099015,0.4255229612246893,0.3188427370001597,1.3922450711724066,2.7209332871012796e-08
1443,solver_residual_call,,,2.764239762997022,10.686753115541498,0.42552296136433937,0.3188427358944858,1.3922450711724066,2.1073424255447017e-08
1444,solver_residual_call,,,2.766574875997321,10.686752659931575,0.42552295142994845,0.3188427212880062,1.3922450711724066,2.1073424255447017e-08
1445,solver_residual_call,,,2.7687316079973243,10.686753131627432,0.42552295880801866,0.31884275980056415,1.3922450711724066,2.1073424255447017e-08
1446,solver_residual_call,,,2.7701141290017404,10.686752678978769,0.4255229491258631,0.31884277661951177,1.3922450711724066,2.1073424255447017e-08
1447,solver_residual_call,,,2.7713053909974406,10.686753117042569,0.4255229612118447,0.3188427344188646,1.3922450711724066,2.7141008477345626e-08
1448,solver_residual_call,,,2.772551084999577,10.686753118436869,0.42552296167785714,0.3188427272801461,1.3922450711724066,2.7141008477345626e-08
1449,solver_residual_call,,,2.7737034099991433,10.686753115827909,0.4255229607294746,0.31884274206149604,1.3922450711724066,2.1073424255447017e-08
1450,solver_residual_call,,,2.77482290899934,10.686752835422553,0.4255229549361301,0.318842748855923,1.3922450711724066,2.1073424255447017e-08
1451,solver_residual_call,,,2.7761133480016724,10.686753230250496,0.4255229631501913,0.318842737516222,1.3922450711724066,2.1073424255447017e-08
1452,solver_residual_call,,,2.7774198729966884,10.686751687367162,0.425522922410494,0.3188428042089574,1.3922450711724066,2.8327349032098242e-08
1453,solver_residual_call,,,2.778583321996848,10.686753134076303,0.4255229615152548,0.31884273538302427,1.3922450711724066,2.8327349032098242e-08
1454,solver_residual_call,,,2.7798473950024345,10.686753111145999,0.4255229610995883,0.31884273382762424,1.3922450711724066,2.1073424255447017e-08
1455,solver_residual_call,,,2.7809919450010057,10.686753147198132,0.4255229617459748,0.3188427367768339,1.3922450711724066,2.514296297102714e-08
1456,solver_residual_call,,,2.7821411179975257,10.686753055515608,0.4255229600952416,0.31884272082248766,1.3922450711724066,3.5884488102336425e-08
1457,solver_residual_call,,,2.7834098270031973,10.68675147868991,0.4255229301337001,0.31884267976046016,1.3922450711724066,3.727014734294577e-08
1458,solver_residual_call,,,2.7845391209993977,10.686752658460954,0.425522952280972,0.3188427163092084,1.3922450711724066,2.7083869434787297e-08
1459,solver_residual_call,,,2.7856354899995495,10.686753282787334,0.425522964267116,0.31884273580622907,1.3922450493105922,2.2430122549756437e-08
1460,solver_residual_call,,,2.786817146996327,10.686753128218077,0.4255229615495827,0.3188427351001728,1.3922450898674805,2.2430122549756437e-08
1461,solver_residual_call,,,2.7880005999977584,10.686753056128392,0.4255229595208177,0.3188427334811853,1.3922449909985088,2.3351551484013207e-08
1462,solver_residual_call,,,2.7891282589989714,10.686752904744631,0.4255229559396435,0.3188427354319152,1.3922456153652158,3.546280170465869e-08
1463,solver_residual_call,,,2.790435378999973,10.686753611655632,0.4255229719138143,0.318842744735151,1.3922429796104965,3.4005948860213955e-08
1464,solver_residual_call,,,2.7915905059999204,10.686752746192367,0.42552295252567435,0.31884275142542606,1.392243673229885,2.1073424255447017e-08
1465,solver_residual_call,,,2.7927223700025934,10.686753117189461,0.4255229611865718,0.3188427337812331,1.3922450711724066,2.1073424255447017e-08
1466,solver_residual_call,,,2.7938185469974997,10.686753119164722,0.4255229612677005,0.3188427332601895,1.3922450711724066,2.1073424255447017e-08
1467,solver_residual_call,,,2.794961797000724,10.686753125721609,0.4255229613280945,0.3188427395284445,1.3922450711724066,2.525880964166355e-08
1468,solver_residual_call,,,2.79619305000233,10.686751106174759,0.42552292140846004,0.3188427485567421,1.3922450711724066,3.661663484947645e-08
1469,solver_residual_call,,,2.797361988996272,10.686754097127814,0.42552298039689096,0.3188427559433608,1.3922450711724066,3.386531696346811e-08
1470,solver_residual_call,,,2.7985146369974245,10.686752414634991,0.42552294764183246,0.3188427262741404,1.3922450711724066,2.1073424255447017e-08
1471,solver_residual_call,,,2.7996885309985373,10.686753234069851,0.42552296348518365,0.31884273494832616,1.3922450711724066,2.1880046378161604e-08
1472,solver_residual_call,,,2.8008369879971724,10.68675314908725,0.4255229618636632,0.3188427349695934,1.3922450711724066,2.2285319201829356e-08
1473,solver_residual_call,,,2.8024524110005586,10.68675318505806,0.4255229624806686,0.31884273406428415,1.3922450711724066,2.4352950181682327e-08
1474,solver_residual_call,,,2.8037808840017533,10.686752928880233,0.4255229570952909,0.31884275065148937,1.3922450711724066,4.5395224032043854e-08
1475,solver_residual_call,,,2.804904044001887,10.686752164115548,0.4255229404636219,0.31884276350302493,1.3922450711724066,4.41920185757528e-08
1476,solver_residual_call,,,2.8060362469987012,10.68675249201385,0.4255229483285018,0.31884275860276373,1.3922450711724066,2.2104617796665085e-08
1477,solver_residual_call,,,2.8072023339991574,10.686753119468452,0.4255229612536876,0.3188427337650211,1.3922450711724066,2.1571463482385628e-08
1478,solver_residual_call,,,2.8083377270013443,10.686753116243947,0.42552296119058913,0.31884273422048515,1.3922450711724066,2.18821432458559e-08
1479,solver_residual_call,,,2.8098983419986325,10.686753133354925,0.4255229615259413,0.3188427328691218,1.3922450711724066,3.5978263626326926e-08
1480,solver_residual_call,,,2.8113375050015748,10.686753317591121,0.4255229651549699,0.31884271216049076,1.3922450711724066,3.549220295196376e-08
1481,solver_residual_call,,,2.8127218989975518,10.686751777204062,0.42552293493896653,0.3188426439321905,1.3922450711724066,3.2249607618342235e-08
1482,solver_residual_call,,,2.813886342002661,10.686751842153388,0.42552293618172976,0.3188427112136123,1.3922450711724066,3.6697326072326435e-08
1483,solver_residual_call,,,2.8150274220024585,10.686753116963352,0.42552296120473443,0.3188427342944408,1.3922450711724066,2.7399740129637625e-08
1484,solver_residual_call,,,2.8161649419998867,10.686753116515943,0.4255229611959674,0.3188427341929601,1.3922450711724066,2.208377673164455e-08
1485,solver_residual_call,,,2.817849377002858,10.686753121388744,0.42552296129146183,0.3188427341197201,1.3922450711724066,3.529697744109187e-08
1486,solver_residual_call,,,2.819345933996374,10.686753020282719,0.4255229593090692,0.31884273343356573,1.3922450711724066,3.467380324674358e-08
1487,solver_residual_call,,,2.820511673002329,10.686752277023292,0.42552294475163094,0.31884264144928604,1.3922450711724066,2.1073424255447017e-08
1488,solver_residual_call,,,2.82165446900035,10.686752582721052,0.42552295073520063,0.31884270001923454,1.3922450711724066,2.635531572754218e-08
1489,solver_residual_call,,,2.822815872001229,10.686753114526338,0.4255229611570126,0.3188427337218045,1.3922450711724066,2.635531572754218e-08
1490,solver_residual_call,,,2.8241150219982956,10.686753117344619,0.42552296121219846,0.3188427343940377,1.3922450711724066,2.1073424255447017e-08
1491,solver_residual_call,,,2.8252673960014363,10.686753134041455,0.4255229615388365,0.3188427357787172,1.3922450711724066,3.758289061373621e-08
1492,solver_residual_call,,,2.826553138998861,10.686753376564727,0.4255229663058947,0.31884273865354196,1.3922450711724066,3.758289061373621e-08
1493,solver_residual_call,,,2.827838461002102,10.686751987443735,0.42552293904777355,0.3188426683481383,1.3922450711724066,2.1073424255447017e-08
1494,solver_residual_call,,,2.82913909600029,10.686751812087637,0.4255229355881944,0.3188426826396665,1.3922450711724066,3.152684935200413e-08
1495,solver_residual_call,,,2.8305003959976602,10.686753117394485,0.4255229612128519,0.31884273486720194,1.3922450711724066,3.2875841530395066e-08
1496,solver_residual_call,,,2.8318796059975284,10.686753116601864,0.425522961197629,0.31884273377279837,1.3922450711724066,2.3042741506117453e-08
1497,solver_residual_call,,,2.8330611319979653,10.686753117056735,0.42552296120638194,0.3188427347959327,1.3922450711724066,2.1073424255447017e-08
1498,solver_residual_call,,,2.834167234999768,10.686753412491852,0.42552296701881726,0.3188427269502113,1.3922450711724066,2.1073424255447017e-08
1499,solver_residual_call,,,2.8353131219992065,10.68675208522119,0.4255229409769151,0.3188427042935212,1.3922450711724066,2.1073424255447017e-08
1500,solver_residual_call,,,2.836421722997329,10.686752646563457,0.4255229519299892,0.3188427616816392,1.3922450711724066,2.9729163095639013e-08
1501,solver_residual_call,,,2.8376715519989375,10.686753113427043,0.42552296113529625,0.3188427342405269,1.3922450711724066,2.9729163095639013e-08
1502,solver_residual_call,,,2.8389402390021132,10.686753117732234,0.42552296122017097,0.3188427339333939,1.3922450711724066,2.1073424255447017e-08
1503,solver_residual_call,,,2.840097277003224,10.686753138710188,0.42552296163121645,0.31884273478106995,1.3922450711724066,3.7546702265340075e-08
1504,solver_residual_call,,,2.8411913759991876,10.686753915425124,0.42552297688014035,0.31884273636114124,1.3922450711724066,4.129793157893522e-08
1505,solver_residual_call,,,2.8422660099968198,10.68675174009136,0.42552293418974346,0.31884264717050187,1.3922450711724066,3.090385508762066e-08
1506,solver_residual_call,,,2.843362056002661,10.686751626434006,0.42552293195345764,0.31884267382310294,1.3922450711724066,3.195000535859388e-08
1507,solver_residual_call,,,2.8445222779992037,10.686753117462843,0.42552296121452354,0.3188427342140469,1.3922450711724066,2.838323615594078e-08
1508,solver_residual_call,,,2.8456330039989552,10.686753116474097,0.4255229611951575,0.31884273414982045,1.3922450711724066,2.1073424255447017e-08
1509,solver_residual_call,,,2.8467592259985395,10.686753117900807,0.42552296122309974,0.3188427342469186,1.3922450711724066,3.226425840641072e-08
1510,solver_residual_call,,,2.8481133410023176,10.686753317309622,0.42552296512878673,0.31884275872364365,1.3922450711724066,5.279741370661954e-08
1511,solver_residual_call,,,2.8493520310003078,10.686751579604602,0.42552293109318823,0.3188425410208441,1.3922450711724066,7.398383512414604e-08
1512,solver_residual_call,,,2.8505023149991757,10.686752779841578,0.4255229546016588,0.31884269143387733,1.3922450711724066,6.104935164344116e-08
1513,solver_residual_call,,,2.8518291439977475,10.686753115606214,0.42552296117854627,0.3188427339257906,1.3922450711724066,2.7321572599060208e-08
1514,solver_residual_call,,,2.8529396480007563,10.686753117663036,0.4255229612184996,0.3188427341844414,1.3922450711724066,2.7321572599060208e-08
1515,solver_residual_call,,,2.854030952999892,10.686753116735757,0.4255229612004138,0.3188427340983187,1.3922450711724066,2.1073424255447017e-08
1516,solver_residual_call,,,2.8551678279982298,10.68675309743689,0.42552296085775865,0.31884269535688303,1.3922450711724066,3.2575388522455795e-08
1517,solver_residual_call,,,2.856254717997217,10.686751827319661,0.425522935848314,0.31884270756725486,1.3922450711724066,4.0325722885864786e-08
1518,solver_residual_call,,,2.8573008489984204,10.686752103071319,0.42552294133447216,0.31884263357846704,1.3922450711724066,3.5936777869191936e-08
1519,solver_residual_call,,,2.858697753996239,10.68675311671804,0.4255229611997283,0.3188427342555937,1.3922450711724066,2.695262537752174e-08
1520,solver_residual_call,,,2.859877841998241,10.686753118379512,0.42552296123353084,0.3188427341372032,1.3922450711724066,3.610765277741248e-08
1521,solver_residual_call,,,2.8609740739993867,10.68675311798172,0.4255229612247809,0.3188427342903316,1.3922450711724066,4.697326697820612e-08
1522,solver_residual_call,,,2.862032987999555,10.686753252740576,0.42552296390626004,0.31884273395098967,1.3922450711724066,3.669897044007787e-08
1523,solver_residual_call,,,2.863142173002416,10.686752645441471,0.42552295183081096,0.31884273363565385,1.3922450711724066,3.1682387122590264e-08
1524,solver_residual_call,,,2.864516478999576,10.686753084336654,0.42552296056444294,0.31884273264684815,1.3922450711724066,3.1682387122590264e-08
1525,solver_residual_call,,,2.865714264997223,10.68675311821372,0.42552296122923067,0.3188427338824836,1.3922450711724066,2.7712448859100812e-08
1526,solver_residual_call,,,2.866864853000152,10.68675311631085,0.4255229611919606,0.3188427331999497,1.3922450711724066,2.7712448859100812e-08
1527,solver_residual_call,,,2.8681047540012514,10.686753116950193,0.4255229612044826,0.31884273509019706,1.3922450711724066,2.1073424255447017e-08
1528,solver_residual_call,,,2.869315320996975,10.686753306213387,0.42552296491117586,0.31884273905433475,1.3922450711724066,2.484497869786692e-08
1529,solver_residual_call,,,2.8704686900018714,10.686753306260957,0.42552296491206326,0.318842747644396,1.3922450711724066,2.484497869786692e-08
1530,solver_residual_call,,,2.8716930959999445,10.686753255111649,0.4255229639102484,0.3188427527088653,1.3922450711724066,2.219224652252225e-08
1531,solver_residual_call,,,2.872829988002195,10.686753117400245,0.4255229612139007,0.31884273400471386,1.3922450711724066,2.578828036661144e-08
1532,solver_residual_call,,,2.8739676940022036,10.686753116867544,0.4255229612027276,0.318842734247252,1.3922450711724066,2.509150897133454e-08
1533,solver_residual_call,,,2.8751083629977074,10.686753116977723,0.425522961205463,0.3188427340614419,1.3922450711724066,2.1514856643331418e-08
1534,solver_residual_call,,,2.8762272899984964,10.686753175060176,0.4255229623395929,0.3188427372790187,1.3922450711724066,8.720149260276283e-08
1535,solver_residual_call,,,2.87735582300229,10.686752882791453,0.425522956587588,0.3188427354260907,1.3922450711724066,8.844491591639567e-08
1536,solver_residual_call,,,2.878590432999772,10.686753372852376,0.4255229662123656,0.31884274500288307,1.3922450711724066,3.016735127153958e-08
1537,solver_residual_call,,,2.8970676039971295,8.03557295955998,0.36855084829387313,0.2792720108948719,1.374192993567002,0.3287569824322527
1538,solver_residual_call,,,2.899324086996785,8.035574853595847,0.36855087084527793,0.27927253985717015,1.374192993567002,2.997927595060901e-08
1539,solver_residual_call,,,2.9013300310034538,8.035573224440608,0.36855085625100403,0.2792719636855155,1.374192993567002,3.3478374982185065e-08
1540,solver_residual_call,,,2.9034053860013955,8.035573221442547,0.36855085495217255,0.2792719872784822,1.374192993567002,2.1073424255447017e-08
1541,solver_residual_call,,,2.9053918159988825,8.035573092200012,0.36855085186152237,0.2792719945760084,1.374192993567002,2.1073424255447017e-08
1542,solver_residual_call,,,2.907409995998023,8.035573333752206,0.3685508534570361,0.27927207937271437,1.374192993567002,2.9162994726353843e-08
1543,solver_residual_call,,,2.9093877249979414,8.035572368133554,0.36855084100441354,0.2792718332856436,1.374192993567002,4.1423976409283415e-08
1544,solver_residual_call,,,2.9118436689968803,8.035573221030141,0.3685508563569152,0.27927202301130255,1.374192993567002,3.6957279031806436e-08
1545,solver_residual_call,,,2.9139786169980653,8.035570566382946,0.36855079186765577,0.2792721559454557,1.374192993567002,3.106953618436031e-08
1546,solver_residual_call,,,2.916023181001947,8.03557196070385,0.36855082297189357,0.2792721492721724,1.374192993567002,3.280178026925697e-08
1547,solver_residual_call,,,2.9180611280025914,8.035573083048181,0.36855085111383623,0.27927208134229553,1.374192993567002,6.371778757849039e-08
1548,solver_residual_call,,,2.9202894990012283,8.035573203831007,0.3685508543804627,0.2792719690525595,1.374192993567002,6.239415069010132e-08
1549,solver_residual_call,,,2.922396665002452,8.035573148976543,0.36855085237587365,0.2792719802541347,1.374192993567002,3.4947906459135876e-08
1550,solver_residual_call,,,2.924465821000922,8.035572999533324,0.36855079829847204,0.27927219098589884,1.3741736120121333,4.044425928146754e-08
1551,solver_residual_call,,,2.926571629002865,8.035573656510715,0.3685508449763117,0.2792721320948785,1.3741861406139744,2.9315740478566974e-08
1552,solver_residual_call,,,2.928666838997742,8.03557400172103,0.3685508763085963,0.2792719793055537,1.3741957503957407,2.1095750682462756e-08
1553,solver_residual_call,,,2.930662532002316,8.035573089043249,0.3685508495110786,0.27927201783723726,1.374191966526914,5.160168433984366e-08
1554,solver_residual_call,,,2.9326620790016023,8.035573371113339,0.3685508559494335,0.2792719991085253,1.3741927753993133,5.4461799755776596e-08
1555,solver_residual_call,,,2.9346587769978214,8.035573003343735,0.36855086423691513,0.27927198515857227,1.374199213565492,3.838429937041246e-08
1556,solver_residual_call,,,2.936659389997658,8.035573029876726,0.3685508498916615,0.2792720121996609,1.374192993567002,3.576936540232157e-08
1557,solver_residual_call,,,2.938666955997178,8.035573072208175,0.3685508508580623,0.27927201208132274,1.374192993567002,3.423277486872341e-08
1558,solver_residual_call,,,2.9406708890019218,8.035572879918254,0.36855084648549585,0.27927200373263295,1.374192993567002,3.259503039047373e-08
1559,solver_residual_call,,,2.943236833998526,8.035573024711967,0.36855084977540215,0.2792720119823206,1.374192993567002,4.225899717342521e-08
1560,solver_residual_call,,,2.945320423998055,8.035572933711094,0.36855084770730573,0.279272008652065,1.374192993567002,4.225899717342521e-08
1561,solver_residual_call,,,2.9477103120007087,8.035572840837425,0.3685508455956032,0.2792720051490664,1.374192993567002,5.1352527250113796e-08
1562,solver_residual_call,,,2.9497492439986672,8.035572959564783,0.3685508482939821,0.27927201075849706,1.374192993567002,5.1352527250113796e-08
1563,solver_residual_call,,,2.9517629580004723,8.035572959559943,0.36855084829387236,0.27927201089672027,1.374192993567002,2.171922853409302e-08
1564,solver_residual_call,,,2.9539502859988715,8.035572959571603,0.368550848294137,0.27927201059342577,1.374192993567002,3.2868961755888925e-08
1565,solver_residual_call,,,2.955986146000214,8.035572958314532,0.3685508482657111,0.2792720106394272,1.374192993567002,5.7811089447346646e-08
1566,solver_residual_call,,,2.958425901000737,8.03557296294241,0.3685508483703546,0.27927201125295664,1.374192993567002,9.951279378128793e-08
1567,solver_residual_call,,,2.960995579996961,8.035572959363723,0.36855084828943563,0.27927201094284176,1.374192993567002,8.725483958905668e-08
1568,solver_residual_call,,,2.9630262999999104,8.035572959369087,0.3685508483002767,0.27927200993352186,1.374192993567002,2.1073424255447017e-08
1569,solver_residual_call,,,2.9650774620022275,8.035572959460355,0.36855084828635065,0.27927201153938036,1.374192993567002,2.1073424255447017e-08
1570,solver_residual_call,,,2.9671328109980095,8.035572959663998,0.36855084830001855,0.279272010154714,1.374192993567002,2.781199081346658e-08
1571,solver_residual_call,,,2.969189497001935,8.035572934441829,0.3685508477177346,0.2792720084832323,1.374192993567002,4.1881042182974856e-08
1572,solver_residual_call,,,2.971236247998604,8.035572949985358,0.36855084808109084,0.2792720095753587,1.374192993567002,3.7852304566527106e-08
1573,solver_residual_call,,,2.973525116998644,8.035572983522314,0.36855084884211825,0.2792720120374586,1.374192993567002,2.40603394215268e-08
1574,solver_residual_call,,,2.976035204999789,8.035572959838667,0.3685508483689819,0.2792720105359352,1.374192993567002,2.3889475575151927e-08
1575,solver_residual_call,,,2.9782753580002463,8.035572958983138,0.3685508482857293,0.27927200844782424,1.374192993567002,2.1073424255447017e-08
1576,solver_residual_call,,,2.9803130729997065,8.035572960491493,0.3685508484476563,0.27927201323695944,1.374192993567002,2.5332884662823758e-08
1577,solver_residual_call,,,2.982331779996457,8.035572923731957,0.36855084690758344,0.2792720105036644,1.374192993567002,2.670178602532771e-08
1578,solver_residual_call,,,2.984329915998387,8.035572920104538,0.368550846957548,0.27927202519135247,1.374192993567002,2.2976298025566484e-08
1579,solver_residual_call,,,2.9863310029977583,8.035572979986972,0.3685508494509383,0.27927200190735363,1.374192993567002,2.1370071112590976e-08
1580,solver_residual_call,,,2.988471677999769,8.035572957227043,0.36855084825374956,0.2792720100963447,1.374192993567002,2.725028764354698e-08
1581,solver_residual_call,,,2.9905982659984147,8.03557295976312,0.36855084830553053,0.279272012640077,1.374192993567002,2.725028764354698e-08
1582,solver_residual_call,,,2.9926317089993972,8.035572959901316,0.36855084851970243,0.27927201220079145,1.374192993567002,2.1073424255447017e-08
1583,solver_residual_call,,,2.9946376020016032,8.035572931498503,0.36855084689841444,0.2792720142311435,1.374192993567002,2.1073424255447017e-08
1584,solver_residual_call,,,2.996817494997231,8.03557307409361,0.3685508482691668,0.27927204240911674,1.374192993567002,2.1073424255447017e-08
1585,solver_residual_call,,,2.9989450049979496,8.035573073986022,0.36855084737620386,0.27927206409932254,1.374192993567002,2.1073424255447017e-08
1586,solver_residual_call,,,3.0010741669975687,8.03557295866225,0.3685508482747891,0.2792720111782708,1.3741929888445708,2.7159404019191085e-08
1587,solver_residual_call,,,3.002273869999044,8.035572959733662,0.36855084883287426,0.2792720040795547,1.374193170715159,2.7159404019191085e-08
1588,solver_residual_call,,,3.003443089997745,8.035572958661165,0.36855084772664837,0.27927201861580636,1.374192808739935,2.1073424255447017e-08
1589,solver_residual_call,,,3.004805178003153,8.035572925074076,0.36855084670178545,0.27927202827227915,1.3741926837867968,2.1073424255447017e-08
1590,solver_residual_call,,,3.0060617639974225,8.035573006852715,0.36855084907197183,0.27927201241638017,1.3741928517363258,2.1073424255447017e-08
1591,solver_residual_call,,,3.0072996050002985,8.035573082124706,0.3685508391232538,0.27927209133524733,1.3741881240505232,2.833811676054156e-08
1592,solver_residual_call,,,3.008393766998779,8.035572959225071,0.3685508482468571,0.2792720118914678,1.374192993567002,2.833811676054156e-08
1593,solver_residual_call,,,3.0096373749984195,8.035572957317347,0.3685508482565371,0.2792720103600491,1.374192993567002,2.1073424255447017e-08
1594,solver_residual_call,,,3.01100423400203,8.035572958091295,0.3685508481800119,0.2792720133829756,1.374192993567002,2.514672194786314e-08
1595,solver_residual_call,,,3.0122259720010334,8.035572934477244,0.36855084786362374,0.27927200041526135,1.374192993567002,3.567119939884138e-08
1596,solver_residual_call,,,3.0133948020011303,8.035572885159363,0.36855084832598967,0.27927196617712974,1.374192993567002,3.703904271541317e-08
1597,solver_residual_call,,,3.0146068510002806,8.035572941935682,0.36855084805810057,0.27927200666938146,1.374192993567002,2.70520580260623e-08
1598,solver_residual_call,,,3.0158459250014857,8.035573124260289,0.3685508520561901,0.2792720119393836,1.374192993567002,2.1073424255447017e-08
1599,solver_residual_call,,,3.0171168699962436,8.035572845941648,0.3685508456990213,0.2792720089513113,1.374192993567002,2.1073424255447017e-08
1600,solver_residual_call,,,3.0183334329994977,8.035573217361089,0.3685508541867223,0.27927201280863606,1.374192993567002,2.517278218739917e-08
1601,solver_residual_call,,,3.019515615000273,8.03557309757883,0.36855085153421985,0.27927199694045085,1.374192993567002,3.6534441428906455e-08
1602,solver_residual_call,,,3.020921108996845,8.035572805165073,0.3685508447525848,0.2792720025377201,1.374192993567002,3.384059185827012e-08
1603,solver_residual_call,,,3.0221593940004823,8.035572856198899,0.3685508461969899,0.2792720014574109,1.374192993567002,2.1073424255447017e-08
1604,solver_residual_call,,,3.0233933810013696,8.03557295931646,0.3685508482740389,0.27927201162234055,1.374192993567002,2.1073424255447017e-08
1605,solver_residual_call,,,3.024554884999816,8.03557295989801,0.36855084831238116,0.2792720107997973,1.374192993567002,2.1073424255447017e-08
1606,solver_residual_call,,,3.0257431429999997,8.035572960081868,0.36855084827375256,0.2792720153736679,1.374192993567002,2.5259608382698753e-08
1607,solver_residual_call,,,3.0269475809982396,8.035572722200104,0.3685508428556065,0.27927202703286713,1.374192993567002,3.648352641776309e-08
1608,solver_residual_call,,,3.0281388980001793,8.03557307930732,0.368550850657337,0.27927202798621437,1.374192993567002,3.372075168317537e-08
1609,solver_residual_call,,,3.0293242140032817,8.035573036751416,0.3685508502833635,0.2792720173237628,1.374192993567002,2.1073424255447017e-08
1610,solver_residual_call,,,3.0304758670026786,8.035573029972463,0.36855084988441916,0.2792720125954496,1.374192993567002,2.1073424255447017e-08
1611,solver_residual_call,,,3.0317026620032266,8.035572903371298,0.36855084701320673,0.2792720100491665,1.374192993567002,2.1073424255447017e-08
1612,solver_residual_call,,,3.0328568309996626,8.035573060030979,0.3685508505606256,0.2792720136312429,1.374192993567002,2.4773361013897738e-08
1613,solver_residual_call,,,3.034030303999316,8.035573000136564,0.3685508489669479,0.2792720195151155,1.374192993567002,4.5507986694128626e-08
1614,solver_residual_call,,,3.035390714998357,8.035572952475293,0.36855084755990397,0.2792720362502061,1.374192993567002,4.3862991614300806e-08
1615,solver_residual_call,,,3.0366038319989457,8.035572919221938,0.36855084701689417,0.2792720313893236,1.374192993567002,2.2122891760820694e-08
1616,solver_residual_call,,,3.0377523439965444,8.035572959569734,0.36855084829440743,0.2792720102324495,1.374192993567002,2.160571575724599e-08
1617,solver_residual_call,,,3.0388888660017983,8.035572959575372,0.36855084829433093,0.27927201076699154,1.374192993567002,2.1888613964593504e-08
1618,solver_residual_call,,,3.040009819000261,8.035572959654012,0.36855084829760826,0.27927200814576797,1.374192993567002,3.599061064602859e-08
1619,solver_residual_call,,,3.041144406000967,8.035572957548016,0.3685508482470363,0.27927201064202334,1.374192993567002,3.550073017887226e-08
1620,solver_residual_call,,,3.0423376460021245,8.035572964046997,0.3685508483973786,0.2792720114317603,1.374192993567002,3.2227029506375566e-08
1621,solver_residual_call,,,3.0435878900025273,8.035572966155135,0.3685508484459025,0.27927201270614904,1.374192993567002,3.669520691778336e-08
1622,solver_residual_call,,,3.0447211080027046,8.035572959564904,0.3685508482939805,0.27927201110208955,1.374192993567002,2.7423456926219146e-08
1623,solver_residual_call,,,3.046210073000111,8.035572959573372,0.36855084829417334,0.2792720108718541,1.374192993567002,2.20911843992191e-08
1624,solver_residual_call,,,3.0474105879984563,8.035572959611684,0.36855084829501483,0.2792720116567254,1.374192993567002,3.531230387796945e-08
1625,solver_residual_call,,,3.048552831001871,8.035572961760787,0.36855084834364876,0.27927201086288517,1.374192993567002,3.468468807499669e-08
1626,solver_residual_call,,,3.0497632100014016,8.035572962872951,0.36855084836879226,0.27927201135074875,1.374192993567002,2.1073424255447017e-08
1627,solver_residual_call,,,3.0515085520019056,8.03557296612895,0.36855084844246244,0.2792720107045208,1.374192993567002,2.6366434761999762e-08
1628,solver_residual_call,,,3.0527232680033194,8.035572959592596,0.36855084829477786,0.27927201044902195,1.374192993567002,2.6366434761999762e-08
1629,solver_residual_call,,,3.05384245699679,8.035572959612223,0.36855084829499885,0.2792720110426547,1.374192993567002,2.1073424255447017e-08
1630,solver_residual_call,,,3.0549854199998663,8.035572959596733,0.36855084829478346,0.27927201114359507,1.374192993567002,3.760043149407911e-08
1631,solver_residual_call,,,3.0561330709970207,8.035572954187192,0.3685508481719903,0.27927201119767714,1.374192993567002,3.760043149407911e-08
1632,solver_residual_call,,,3.0573943100025645,8.035572965006937,0.3685508484173418,0.27927201130235546,1.374192993567002,2.1073424255447017e-08
1633,solver_residual_call,,,3.058571576999384,8.035572974989016,0.36855084864347387,0.27927201118994144,1.374192993567002,3.154795689499733e-08
1634,solver_residual_call,,,3.0597032149962615,8.035572959623849,0.3685508482947244,0.2792720114848517,1.374192993567002,3.2890629345112904e-08
1635,solver_residual_call,,,3.0608388140026364,8.035572959529222,0.36855084829359247,0.27927201048963624,1.374192993567002,2.3034954402365435e-08
1636,solver_residual_call,,,3.061983590996533,8.035572959573045,0.36855084829343676,0.27927201141077124,1.374192993567002,2.1073424255447017e-08
1637,solver_residual_call,,,3.0635308810014976,8.035572953368263,0.36855084815264966,0.2792720109728354,1.374192993567002,2.1073424255447017e-08
1638,solver_residual_call,,,3.0646616000012727,8.035572965947228,0.36855084843898844,0.2792720110400792,1.374192993567002,2.1073424255447017e-08
1639,solver_residual_call,,,3.0659096320014214,8.035572973750677,0.368550848617244,0.2792720108498506,1.374192993567002,2.974149615632364e-08
1640,solver_residual_call,,,3.0673986179972417,8.035572959598207,0.36855084829463397,0.27927201135724344,1.374192993567002,2.974149615632364e-08
1641,solver_residual_call,,,3.0685661769966828,8.035572959622817,0.3685508482953729,0.27927201068964,1.374192993567002,2.1073424255447017e-08
1642,solver_residual_call,,,3.069704649002233,8.0355729595944,0.3685508482947105,0.27927200977785027,1.374192993567002,3.7564181290633084e-08
1643,solver_residual_call,,,3.0709281020026538,8.0355729465753,0.36855084800004195,0.2792720099849431,1.374192993567002,4.1338660539946083e-08
1644,solver_residual_call,,,3.072128002997488,8.035572968177059,0.3685508484887426,0.27927201183751277,1.374192993567002,3.0907476397465723e-08
1645,solver_residual_call,,,3.0732392439967953,8.035572974522033,0.36855084863293874,0.27927201117060485,1.374192993567002,3.194550379308377e-08
1646,solver_residual_call,,,3.0743988460017135,8.035572959564387,0.3685508482939728,0.2792720109889222,1.374192993567002,2.841037599866356e-08
1647,solver_residual_call,,,3.0756669100010186,8.035572959558841,0.36855084829384743,0.27927201088161613,1.374192993567002,2.1073424255447017e-08
1648,solver_residual_call,,,3.0767807669981266,8.0355729595733,0.3685508482941743,0.279272011235871,1.374192993567002,3.2276885585628116e-08
1649,solver_residual_call,,,3.0779363039982854,8.035572959037307,0.3685508482820543,0.2792720108460637,1.374192993567002,5.271437142979627e-08
1650,solver_residual_call,,,3.079062967997743,8.035572963197907,0.3685508483761335,0.2792720121832266,1.374192993567002,7.396097036986602e-08
1651,solver_residual_call,,,3.0801865219982574,8.035572960279236,0.3685508483101367,0.2792720112543626,1.374192993567002,6.110006158688718e-08
1652,solver_residual_call,,,3.0814970010032994,8.035572959587965,0.368550848294975,0.27927201056744394,1.374192993567002,2.731201270504081e-08
1653,solver_residual_call,,,3.082631144003244,8.035572959555614,0.3685508482938493,0.27927201094884635,1.374192993567002,2.731201270504081e-08
1654,solver_residual_call,,,3.083909330998722,8.035572959561167,0.36855084829403584,0.27927201084383513,1.374192993567002,2.1073424255447017e-08
1655,solver_residual_call,,,3.0850496720013325,8.035572959437864,0.36855084829104756,0.2792720110158387,1.374192993567002,3.252469916260894e-08
1656,solver_residual_call,,,3.086245106002025,8.035572962709828,0.3685508483653143,0.2792720107631574,1.374192993567002,4.030230387202954e-08
1657,solver_residual_call,,,3.0873961969991797,8.035572959632194,0.3685508482952046,0.27927201103786653,1.374192993567002,3.596290609482736e-08
1658,solver_residual_call,,,3.0885281110022333,8.03557295956283,0.36855084829372425,0.27927201094137466,1.374192993567002,2.6961286560737016e-08
1659,solver_residual_call,,,3.089656415002537,8.035572959592812,0.3685508482956922,0.27927201081728187,1.374192993567002,3.611938473310876e-08
1660,solver_residual_call,,,3.090859431998979,8.035572959604348,0.3685508482947358,0.279272010966351,1.374192993567002,4.698141653404839e-08
1661,solver_residual_call,,,3.0920148939985665,8.035572959186757,0.36855084828539425,0.27927201088007614,1.374192993567002,3.66978576472454e-08
1662,solver_residual_call,,,3.0931828059983673,8.035572959787267,0.3685508482992806,0.27927201090372905,1.374192993567002,3.1674625132696605e-08
1663,solver_residual_call,,,3.0943016770033864,8.035572958371617,0.36855084826698403,0.27927201087517245,1.374192993567002,3.1674625132696605e-08
1664,solver_residual_call,,,3.0954885999963153,8.035572959592017,0.36855084829459756,0.27927201065788115,1.374192993567002,2.7718943960075255e-08
1665,solver_residual_call,,,3.0967003039986594,8.035572959547642,0.3685508482935941,0.2792720109588553,1.374192993567002,2.7718943960075255e-08
1666,solver_residual_call,,,3.0978830340027343,8.035572959557596,0.36855084829381907,0.2792720107858307,1.374192993567002,2.1073424255447017e-08
1667,solver_residual_call,,,3.099075065998477,8.035572958511889,0.36855084827017526,0.2792720092951849,1.374192993567002,2.4837635300837823e-08
1668,solver_residual_call,,,3.1001720700005535,8.035572961165048,0.36855084833016616,0.27927201064740087,1.374192993567002,2.4837635300837823e-08
1669,solver_residual_call,,,3.101289808000729,8.035572965284608,0.368550848423314,0.2792720131032676,1.374192993567002,2.219310611674455e-08
1670,solver_residual_call,,,3.1024174339981982,8.035572959566599,0.3685508482946689,0.27927201067764856,1.374192993567002,2.5798166759143366e-08
1671,solver_residual_call,,,3.103542096003366,8.03557295955705,0.36855084829366236,0.27927201093108445,1.374192993567002,2.508928272089863e-08
1672,solver_residual_call,,,3.1047254069999326,8.035572959563568,0.3685508482944277,0.2792720107551127,1.374192993567002,2.1495977061473302e-08
1673,solver_residual_call,,,3.105931343998236,8.035572959407581,0.3685508482901199,0.2792720109614797,1.374192993567002,8.724611952032733e-08
1674,solver_residual_call,,,3.1071070070029236,8.03557296017953,0.368550848307539,0.2792720108638964,1.374192993567002,8.846410432756512e-08
1675,solver_residual_call,,,3.108237102998828,8.035572958859031,0.36855084827793655,0.279272010983157,1.374192993567002,3.006156886319832e-08
1676,solver_residual_call,,,3.1336231309978757,7.78703715211695,0.36295602103751545,0.27432266506374636,1.3940227642187688,0.060824989576464934
1677,solver_residual_call,,,3.1361754039971856,7.787038725463868,0.3629560385167767,0.2743232529402423,1.3940227642187688,2.9942910373392806e-08
1678,solver_residual_call,,,3.138254206001875,7.787037311476006,0.3629560262723095,0.2743226340099499,1.3940227642187688,3.3445814185844926e-08
1679,solver_residual_call,,,3.140372481997474,7.787037235780906,0.36295602356285694,0.27432263554843705,1.3940227642187688,2.1073424255447017e-08
1680,solver_residual_call,,,3.142429708997952,7.787037204621555,0.36295602268920646,0.2743226496210888,1.3940227642187688,2.1073424255447017e-08
1681,solver_residual_call,,,3.144479524999042,7.787037440440715,0.3629560246176232,0.27432274983479416,1.3940227642187688,2.9204874273173683e-08
1682,solver_residual_call,,,3.146529523997742,7.787036640633392,0.36295601494528745,0.2743224694966363,1.3940227642187688,4.13726453308718e-08
1683,solver_residual_call,,,3.148534767999081,7.787037397140438,0.36295602646718955,0.27432267818363526,1.3940227642187688,3.686150999602442e-08
1684,solver_residual_call,,,3.1505105219985126,7.787036933164148,0.3629560128664786,0.2743229721983404,1.3940227642187688,3.106790105601021e-08
1685,solver_residual_call,,,3.1526608359999955,7.787036759938832,0.36295601127196697,0.27432287975341,1.3940227642187688,3.281247001931791e-08
1686,solver_residual_call,,,3.154719974998443,7.787037160908292,0.3629560210005451,0.27432274590433464,1.3940227642187688,6.367463286914077e-08
1687,solver_residual_call,,,3.1569586449986673,7.787037223347474,0.36295602290451673,0.2743226068402468,1.3940227642187688,6.234664826037199e-08
1688,solver_residual_call,,,3.1591758979993756,7.787037080752332,0.362956020064966,0.2743226189149012,1.3940227642187688,3.490737957086006e-08
1689,solver_residual_call,,,3.1613110990001587,7.787037573975266,0.36295597725573053,0.274322659811755,1.394003320718924,4.040853594072748e-08
1690,solver_residual_call,,,3.1633900349988835,7.787037872804314,0.3629560185592842,0.2743226218161701,1.3940160952736702,2.9308036454630603e-08
1691,solver_residual_call,,,3.165489211001841,7.787037518431077,0.3629560340413176,0.27432261538204245,1.3940256670481774,2.1086402548964826e-08
1692,solver_residual_call,,,3.1675188899971545,7.787037122560925,0.36295601800302296,0.27432267048315045,1.3940216488809185,5.155057186086624e-08
1693,solver_residual_call,,,3.1695039339974755,7.7870373897326175,0.3629560248710215,0.2743226184874342,1.3940226225763044,5.442429758599735e-08
1694,solver_residual_call,,,3.1716085169973667,7.787036981138103,0.3629560327715965,0.2743226985033518,1.394028986051744,3.835934536235216e-08
1695,solver_residual_call,,,3.1737807440003962,7.787037199541492,0.362956022132748,0.27432266494080654,1.3940227642187688,3.571980501992199e-08
1696,solver_residual_call,,,3.1761542430031113,7.787037405680722,0.36295602687556977,0.27432268582573016,1.3940227642187688,3.423107222651718e-08
1697,solver_residual_call,,,3.178187600002275,7.787037162677536,0.36295602127441245,0.27432266668362254,1.3940227642187688,3.2599977042892786e-08
1698,solver_residual_call,,,3.180331559997285,7.78703722917221,0.36295602281414285,0.27432266888392504,1.3940227642187688,4.2228403214046376e-08
1699,solver_residual_call,,,3.1823633079984575,7.787037167686785,0.36295602139382716,0.2743226659255986,1.3940227642187688,4.2228403214046376e-08
1700,solver_residual_call,,,3.184417463999125,7.787037066789937,0.3629560190672521,0.2743226601422269,1.3940227642187688,5.131737258762857e-08
1701,solver_residual_call,,,3.186435989002348,7.787037152119442,0.3629560210375732,0.27432266492722945,1.3940227642187688,5.131737258762857e-08
1702,solver_residual_call,,,3.1885131550006918,7.787037152117097,0.3629560210375189,0.2743226650646194,1.3940227642187688,2.1727139440923323e-08
1703,solver_residual_call,,,3.190521427997737,7.787037152118632,0.3629560210375552,0.2743226647603562,1.3940227642187688,3.2881381696128695e-08
1704,solver_residual_call,,,3.192703052998695,7.787037156295851,0.3629560211334634,0.2743226668092837,1.3940227642187688,5.780030500816417e-08
1705,solver_residual_call,,,3.195010082999943,7.787037148848499,0.3629560209624756,0.2743226622384306,1.3940227642187688,9.954453756625077e-08
1706,solver_residual_call,,,3.1970556899977964,7.787037150863508,0.3629560210087352,0.2743226649227874,1.3940227642187688,8.730089108395829e-08
1707,solver_residual_call,,,3.1990465510025388,7.7870371520421395,0.36295602104670227,0.2743226641021481,1.3940227642187688,2.1073424255447017e-08
1708,solver_residual_call,,,3.2010723689963925,7.787037152086904,0.36295602103148406,0.2743226657094204,1.3940227642187688,2.1073424255447017e-08
1709,solver_residual_call,,,3.203112183000485,7.7870371521415604,0.36295602104192326,0.2743226643221179,1.3940227642187688,2.780210882261392e-08
1710,solver_residual_call,,,3.2051639089986566,7.787037138242972,0.36295602071816735,0.27432266259373356,1.3940227642187688,4.18321495315253e-08
1711,solver_residual_call,,,3.207682202999422,7.787037152243497,0.3629560210462424,0.2743226637815246,1.3940227642187688,3.780993881470054e-08
1712,solver_residual_call,,,3.209853872001986,7.787037161597862,0.3629560212552762,0.2743226662201326,1.3940227642187688,2.403346775092194e-08
1713,solver_residual_call,,,3.2119776859981357,7.787037152259564,0.3629560211118491,0.27432266479861483,1.3940227642187688,2.3855330395043676e-08
1714,solver_residual_call,,,3.2140603279985953,7.787037151999064,0.362956021039454,0.27432266259911037,1.3940227642187688,2.1073424255447017e-08
1715,solver_residual_call,,,3.2161124470003415,7.787037152220443,0.3629560211774858,0.27432266714135056,1.3940227642187688,2.5333380813514945e-08
1716,solver_residual_call,,,3.218121963000158,7.78703714676322,0.36295602030820745,0.2743226639980828,1.3940227642187688,2.6672038274865273e-08
1717,solver_residual_call,,,3.2201211630017497,7.787037143667423,0.36295602038826913,0.2743226825149639,1.3940227642187688,2.2938954964620208e-08
1718,solver_residual_call,,,3.222363269997004,7.787037158949232,0.36295602194528703,0.27432265760655716,1.3940227642187688,2.1367690857356658e-08
1719,solver_residual_call,,,3.224461830002838,7.787037149428619,0.36295602094680357,0.2743226644970488,1.3940227642187688,2.7288349465105875e-08
1720,solver_residual_call,,,3.22656268299761,7.787037152197008,0.36295602108390085,0.27432266616463524,1.3940227642187688,2.7288349465105875e-08
1721,solver_residual_call,,,3.228821265998704,7.787037152487306,0.36295602130696264,0.27432266584372206,1.3940227642187688,2.1073424255447017e-08
1722,solver_residual_call,,,3.230902834002336,7.787037153693211,0.3629560201286807,0.274322675169615,1.3940227642187688,2.1073424255447017e-08
1723,solver_residual_call,,,3.2329429559977143,7.787037235048341,0.36295602047581677,0.27432269748163024,1.3940227642187688,2.1073424255447017e-08
1724,solver_residual_call,,,3.235054427997966,7.787037246484977,0.3629560193778496,0.27432271973993033,1.3940227642187688,2.1073424255447017e-08
1725,solver_residual_call,,,3.2371779789973516,7.787037151114012,0.36295602101142094,0.2743226653936196,1.3940227650885566,2.7176239546252227e-08
1726,solver_residual_call,,,3.2384132299994235,7.78703715224243,0.36295602161057183,0.27432265847291387,1.3940229457611606,2.7176239546252227e-08
1727,solver_residual_call,,,3.239586937997956,7.787037151185022,0.36295602043353,0.27432267211193917,1.3940225803696924,2.1073424255447017e-08
1728,solver_residual_call,,,3.24070977899828,7.787037144701068,0.362956020075049,0.27432267912774516,1.3940224274420099,2.1073424255447017e-08
1729,solver_residual_call,,,3.2418233819989837,7.787037182810618,0.3629560214369379,0.2743226674647245,1.3940226722406304,2.1073424255447017e-08
1730,solver_residual_call,,,3.2429125740018208,7.787037272471946,0.362956011665039,0.27432273851517375,1.3940178865502595,2.833274440970473e-08
1731,solver_residual_call,,,3.244082438002806,7.787037152331806,0.36295602101069935,0.274322666457024,1.3940227642187688,2.833274440970473e-08
1732,solver_residual_call,,,3.245156937999127,7.7870371510373175,0.36295602102344793,0.2743226643703821,1.3940227642187688,2.1073424255447017e-08
1733,solver_residual_call,,,3.2462254100028076,7.787037151724995,0.3629560209622906,0.2743226683437191,1.3940227642187688,2.5158017519479624e-08
1734,solver_residual_call,,,3.247295863002364,7.7870371506583185,0.3629560211191562,0.2743226546479205,1.3940227642187688,3.5539773730664434e-08
1735,solver_residual_call,,,3.2484006349986885,7.787037118475219,0.3629560216189326,0.27432262159856563,1.3940227642187688,3.6880487514698257e-08
1736,solver_residual_call,,,3.2494749830002547,7.7870371677996015,0.36295602154901924,0.2743226577905796,1.3940227642187688,2.7018895018217013e-08
1737,solver_residual_call,,,3.2505520280028577,7.787037159836551,0.36295602122888426,0.2743226635073141,1.3940227642187688,2.1073424255447017e-08
1738,solver_residual_call,,,3.2516354079998564,7.787037145637301,0.36295602088209244,0.27432266504457165,1.3940227642187688,2.1073424255447017e-08
1739,solver_residual_call,,,3.252979119999509,7.7870371535863825,0.36295602109610503,0.27432266214867224,1.3940227642187688,2.5385625987043314e-08
1740,solver_residual_call,,,3.2542125999971176,7.787037145973694,0.36295602092853546,0.2743226531310157,1.3940227642187688,3.655298952709455e-08
1741,solver_residual_call,,,3.255395430001954,7.787037155643013,0.36295602114969205,0.27432265340412454,1.3940227642187688,3.37013389417082e-08
1742,solver_residual_call,,,3.256519153001136,7.787037165109295,0.36295602141152994,0.27432264025597247,1.3940227642187688,2.1073424255447017e-08
1743,solver_residual_call,,,3.2576095850017737,7.787037152093145,0.3629560210361477,0.2743226658395871,1.3940227642187688,2.1073424255447017e-08
1744,solver_residual_call,,,3.2587568480012123,7.787037152580639,0.3629560210507709,0.27432266629497126,1.3940227642187688,2.1073424255447017e-08
1745,solver_residual_call,,,3.2598967730009463,7.7870371527593285,0.36295602104797586,0.274322667902765,1.3940227642187688,2.526275363500742e-08
1746,solver_residual_call,,,3.260989280999638,7.787037022722605,0.36295601803807837,0.27432267075728517,1.3940227642187688,3.637527609375189e-08
1747,solver_residual_call,,,3.2621175199965364,7.787037241264641,0.3629560227283536,0.27432268727173864,1.3940227642187688,3.3601238065340096e-08
1748,solver_residual_call,,,3.263273055003083,7.787037252436189,0.3629560234609145,0.27432267813250516,1.3940227642187688,2.1073424255447017e-08
1749,solver_residual_call,,,3.264393008001207,7.787037154375809,0.362956021067996,0.2743226658041182,1.3940227642187688,2.1073424255447017e-08
1750,solver_residual_call,,,3.265486680997128,7.787037155877506,0.36295602113310704,0.2743226649989958,1.3940227642187688,2.1073424255447017e-08
1751,solver_residual_call,,,3.2668562960025156,7.787037156525059,0.3629560211044299,0.27432266640923175,1.3940227642187688,2.4929936152747554e-08
1752,solver_residual_call,,,3.2681256020005094,7.78703714523377,0.3629560207331838,0.2743226753906767,1.3940227642187688,4.5377446435732945e-08
1753,solver_residual_call,,,3.2692108219998772,7.787037135580888,0.36295602003230065,0.27432268949725624,1.3940227642187688,4.362912989810464e-08
1754,solver_residual_call,,,3.270316759997513,7.787037172935041,0.36295602127746585,0.2743226849675002,1.3940227642187688,2.2125708577085852e-08
1755,solver_residual_call,,,3.27143550299661,7.787037152125845,0.3629560210380382,0.27432266440076103,1.3940227642187688,2.1627439577311227e-08
1756,solver_residual_call,,,3.2725293620023876,7.787037152121466,0.3629560210377308,0.27432266493499413,1.3940227642187688,2.189543985975303e-08
1757,solver_residual_call,,,3.2737031989963725,7.787037152130449,0.3629560210394596,0.27432266230735886,1.3940227642187688,3.6003139253535863e-08
1758,solver_residual_call,,,3.274800614999549,7.787037147589733,0.3629560209322222,0.27432266462871435,1.3940227642187688,3.550922358074724e-08
1759,solver_residual_call,,,3.275903499998094,7.787037148448444,0.3629560209553347,0.2743226650202459,1.3940227642187688,3.2222888739107583e-08
1760,solver_residual_call,,,3.276980162001564,7.78703715767257,0.36295602116797143,0.2743226668034961,1.3940227642187688,3.667595876409116e-08
1761,solver_residual_call,,,3.278058611002052,7.787037152120845,0.3629560210376005,0.27432266527179566,1.3940227642187688,2.7402565617519677e-08
1762,solver_residual_call,,,3.2791566509986296,7.787037152120557,0.3629560210375955,0.2743226650408213,1.3940227642187688,2.2098554132459494e-08
1763,solver_residual_call,,,3.2802476650031167,7.787037152126848,0.3629560210377143,0.2743226658248073,1.3940227642187688,3.532482529809349e-08
1764,solver_residual_call,,,3.281290970000555,7.78703715434165,0.36295602108859626,0.27432266512137365,1.3940227642187688,3.469274272013739e-08
1765,solver_residual_call,,,3.283056275002309,7.787037150353655,0.3629560209970283,0.2743226647374435,1.3940227642187688,2.1073424255447017e-08
1766,solver_residual_call,,,3.28424373800226,7.787037156983525,0.36295602114927855,0.274322664820415,1.3940227642187688,2.6347772413858894e-08
1767,solver_residual_call,,,3.2853581590024987,7.787037152134144,0.36295602103807956,0.2743226646179267,1.3940227642187688,2.6347772413858894e-08
1768,solver_residual_call,,,3.2864641830019536,7.787037152143127,0.36295602103805935,0.2743226652099248,1.3940227642187688,2.1073424255447017e-08
1769,solver_residual_call,,,3.287534144001256,7.787037152149074,0.36295602103832675,0.2743226653177579,1.3940227642187688,3.761174012197206e-08
1770,solver_residual_call,,,3.2886542459964403,7.7870371469191175,0.36295602091783213,0.2743226653889843,1.3940227642187688,3.761174012197206e-08
1771,solver_residual_call,,,3.2897722859997884,7.787037149192611,0.3629560209703972,0.2743226649932036,1.3940227642187688,2.1073424255447017e-08
1772,solver_residual_call,,,3.2908635760031757,7.787037161827349,0.3629560212608866,0.27432266500553304,1.3940227642187688,3.152287542238603e-08
1773,solver_residual_call,,,3.2920129470003303,7.787037152136716,0.36295602103736935,0.2743226656522669,1.3940227642187688,3.286620783946238e-08
1774,solver_residual_call,,,3.29312506000133,7.787037152111996,0.3629560210378202,0.2743226646587029,1.3940227642187688,2.303443406514542e-08
1775,solver_residual_call,,,3.2942060670029605,7.787037152129534,0.36295602103706576,0.2743226655796748,1.3940227642187688,2.1073424255447017e-08
1776,solver_residual_call,,,3.295307963002415,7.787037149209615,0.3629560209698579,0.2743226650795003,1.3940227642187688,2.1073424255447017e-08
1777,solver_residual_call,,,3.296396621997701,7.787037149201528,0.36295602097103197,0.27432266498764174,1.3940227642187688,2.1073424255447017e-08
1778,solver_residual_call,,,3.297939853000571,7.78703716056316,0.3629560212331948,0.2743226652438598,1.3940227642187688,2.9717774255486186e-08
1779,solver_residual_call,,,3.2991609500022605,7.7870371521351816,0.36295602103782776,0.27432266552616597,1.3940227642187688,2.9717774255486186e-08
1780,solver_residual_call,,,3.3002397489981377,7.787037152149864,0.3629560210383508,0.2743226648564342,1.3940227642187688,2.1073424255447017e-08
1781,solver_residual_call,,,3.301339192999876,7.787037152169186,0.36295602103876284,0.27432266395562327,1.3940227642187688,3.757547850847005e-08
1782,solver_residual_call,,,3.302451205003308,7.78703713699056,0.36295602068995075,0.27432266413818546,1.3940227642187688,4.13334082901321e-08
1783,solver_residual_call,,,3.3035787120024906,7.787037147720115,0.362956020936085,0.2743226652921747,1.3940227642187688,3.087613788519208e-08
1784,solver_residual_call,,,3.304686153998773,7.78703715998026,0.36295602121850684,0.274322664877779,1.3940227642187688,3.191269020408951e-08
1785,solver_residual_call,,,3.3057405860017752,7.787037152119764,0.3629560210375801,0.274322665158785,1.3940227642187688,2.8384981432883228e-08
1786,solver_residual_call,,,3.3068145490033203,7.787037152116748,0.3629560210375108,0.2743226650512088,1.3940227642187688,2.1073424255447017e-08
1787,solver_residual_call,,,3.3079097640002146,7.787037152119588,0.3629560210375759,0.27432266540739325,1.3940227642187688,3.228473609891039e-08
1788,solver_residual_call,,,3.3089989270010847,7.787037155805096,0.3629560211221971,0.2743226650908639,1.3940227642187688,5.2721291931018226e-08
1789,solver_residual_call,,,3.3100632990026497,7.787037149430347,0.3629560209758285,0.27432266556248724,1.3940227642187688,7.399539641041182e-08
1790,solver_residual_call,,,3.3111762659973465,7.7870371536353415,0.36295602107237795,0.2743226652337078,1.3940227642187688,6.11399071968107e-08
1791,solver_residual_call,,,3.3124838860021555,7.787037152127637,0.3629560210382352,0.2743226647357548,1.3940227642187688,2.7310745478808852e-08
1792,solver_residual_call,,,3.3136355399983586,7.787037152116035,0.3629560210375711,0.27432266511730913,1.3940227642187688,2.7310745478808852e-08
1793,solver_residual_call,,,3.314698928996222,7.787037152121003,0.3629560210377454,0.2743226650128501,1.3940227642187688,2.1073424255447017e-08
1794,solver_residual_call,,,3.3158160020029754,7.787037154984622,0.3629560211035102,0.2743226653425919,1.3940227642187688,3.2544962248125344e-08
1795,solver_residual_call,,,3.316879475998576,7.787037149466742,0.36295602097648355,0.274322664868271,1.3940227642187688,4.033692089184282e-08
1796,solver_residual_call,,,3.31794962999993,7.787037157187823,0.3629560211540478,0.27432266553540846,1.3940227642187688,3.5974576111893026e-08
1797,solver_residual_call,,,3.3190513660010765,7.787037152116764,0.3629560210372959,0.2743226651100502,1.3940227642187688,2.6949536306354192e-08
1798,solver_residual_call,,,3.3201413580027292,7.787037152123826,0.36295602103876257,0.27432266498553387,1.3940227642187688,3.6129262560161254e-08
1799,solver_residual_call,,,3.3211906470023678,7.787037152125553,0.36295602103756436,0.2743226651344788,1.3940227642187688,4.6993011112922094e-08
1800,solver_residual_call,,,3.3222825699995155,7.787037153070355,0.36295602105961167,0.2743226650611735,1.3940227642187688,3.670297930915435e-08
1801,solver_residual_call,,,3.323392550002609,7.787037150671047,0.36295602100379,0.2743226651016764,1.3940227642187688,3.167884827947255e-08
1802,solver_residual_call,,,3.324539866000123,7.787037153931294,0.36295602107915687,0.27432266512239717,1.3940227642187688,3.167884827947255e-08
1803,solver_residual_call,,,3.3256657349993475,7.787037152136552,0.3629560210379657,0.2743226648288171,1.3940227642187688,2.7722372990855394e-08
1804,solver_residual_call,,,3.3267576009966433,7.78703715210667,0.3629560210372794,0.27432266512680487,1.3940227642187688,2.7722372990855394e-08
1805,solver_residual_call,,,3.3280312709975988,7.787037152121487,0.3629560210376196,0.2743226649561524,1.3940227642187688,2.1073424255447017e-08
1806,solver_residual_call,,,3.329166953000822,7.78703714947892,0.362956020976946,0.2743226636714698,1.3940227642187688,2.4811355194693528e-08
1807,solver_residual_call,,,3.3302986749986303,7.787037151827012,0.36295602103085783,0.2743226648499903,1.3940227642187688,2.4811355194693528e-08
1808,solver_residual_call,,,3.331441435002489,7.787037155941452,0.36295602112532505,0.27432266702032293,1.3940227642187688,2.21689608526091e-08
1809,solver_residual_call,,,3.3325450109987287,7.787037152119234,0.36295602103822366,0.27432266484635687,1.3940227642187688,2.5785723004925534e-08
1810,solver_residual_call,,,3.33367101100157,7.787037152115765,0.3629560210373415,0.27432266510009046,1.3940227642187688,2.5093656678729343e-08
1811,solver_residual_call,,,3.334800399003143,7.787037152118257,0.36295602103802577,0.27432266492402235,1.3940227642187688,2.1484812214235295e-08
1812,solver_residual_call,,,3.335972667002352,7.787037151969054,0.3629560210337953,0.2743226651322439,1.3940227642187688,8.729850224657987e-08
1813,solver_residual_call,,,3.3370889729994815,7.787037152071818,0.3629560210360281,0.2743226650338781,1.3940227642187688,8.84976186936408e-08
1814,solver_residual_call,,,3.338189948000945,7.787037151586032,0.3629560210252224,0.27432266515938664,1.3940227642187688,2.9998654498909935e-08
1815,solver_residual_call,,,3.3570667980020517,7.784223901643635,0.3629052205247021,0.27402945620946273,1.3962913902602299,0.008199692863697525
1816,solver_residual_call,,,3.3598308520013234,7.784223914454917,0.3629052016080324,0.2740300224392614,1.3962913902602299,2.993961789599098e-08
1817,solver_residual_call,,,3.361978075001389,7.7842239025665245,0.36290522210555576,0.2740294198788978,1.3962913902602299,3.344286657394929e-08
1818,solver_residual_call,,,3.364066736001405,7.7842239023750235,0.36290522111819395,0.27402942294734756,1.3962913902602299,2.1073424255447017e-08
1819,solver_residual_call,,,3.3660645819982165,7.7842239018505675,0.3629052209633914,0.2740294387084107,1.3962913902602299,2.1073424255447017e-08
1820,solver_residual_call,,,3.368103389002499,7.784223903304596,0.3629052174245626,0.2740295360772357,1.3962913902602299,2.9208788806743698e-08
1821,solver_residual_call,,,3.3701486560021294,7.784223900038385,0.3629052263180796,0.27402926750959883,1.3962913902602299,4.13685384610603e-08
1822,solver_residual_call,,,3.3722207600003458,7.7842239039310375,0.362905220276223,0.27402946426684877,1.3962913902602299,3.685349495629393e-08
1823,solver_residual_call,,,3.374382408001111,7.784223909364005,0.36290521776152185,0.2740297594279737,1.3962913902602299,3.106777111014035e-08
1824,solver_residual_call,,,3.3764021940005478,7.784223903518979,0.3629052199952024,0.2740296759600994,1.3962913902602299,3.281303341940466e-08
1825,solver_residual_call,,,3.3784098399992217,7.784223902228785,0.3629052202996124,0.2740295356613929,1.3962913902602299,6.367198551108508e-08
1826,solver_residual_call,,,3.3804090609992272,7.784223902066665,0.3629052207274836,0.2740293971753834,1.3962913902602299,6.23437625484433e-08
1827,solver_residual_call,,,3.382390052000119,7.784223901937358,0.3629052212173971,0.2740294126072799,1.3962913902602299,3.4904864406852924e-08
1828,solver_residual_call,,,3.3844140410001273,7.784223910408872,0.36290516657076005,0.2740294442173635,1.3962719446149625,4.04062880719257e-08
1829,solver_residual_call,,,3.3863954690023093,7.784223907472614,0.36290520130345,0.2740293785188173,1.3962847280660369,2.93075129540056e-08
1830,solver_residual_call,,,3.388428762998956,7.784223905672306,0.3629052252456437,0.2740293782011168,1.3962942981273514,2.1085818908891098e-08
1831,solver_residual_call,,,3.3905323520011734,7.784223903866764,0.362905218120959,0.2740294656409416,1.396290271915287,5.1547351498166666e-08
1832,solver_residual_call,,,3.3933926000026986,7.784223903188336,0.36290521887960187,0.2740293961336977,1.3962912513242631,5.44218333093516e-08
1833,solver_residual_call,,,3.395439781001187,7.784223902003108,0.36290523641998157,0.27402949398577586,1.3962976121034487,3.835744778873645e-08
1834,solver_residual_call,,,3.39745192600094,7.78422390259925,0.3629052205511832,0.2740294554972275,1.3962913902602299,3.571651301181628e-08
1835,solver_residual_call,,,3.399457599996822,7.784223913133432,0.3629052207993917,0.2740294621574339,1.3962913902602299,3.4230932813717145e-08
1836,solver_residual_call,,,3.4014949339980376,7.784223903594443,0.3629052205646027,0.2740294553610783,1.3962913902602299,3.260022647412611e-08
1837,solver_residual_call,,,3.403500198000984,7.7842239031465885,0.3629052205640411,0.27402945792520866,1.3962913902602299,4.222651010230041e-08
1838,solver_residual_call,,,3.4055011789969285,7.7842239019967145,0.3629052205316467,0.27402945590043354,1.3962913902602299,4.222651010230041e-08
1839,solver_residual_call,,,3.4078020340020885,7.784223903581443,0.3629052205613083,0.27402945337705825,1.3962913902602299,5.131515560167158e-08
1840,solver_residual_call,,,3.4102539629966486,7.784223901643671,0.3629052205247033,0.27402945607206686,1.3962913902602299,5.131515560167158e-08
1841,solver_residual_call,,,3.4124141099964618,7.784223901643635,0.3629052205247022,0.27402945621077507,1.3962913902602299,2.1727570580767826e-08
1842,solver_residual_call,,,3.4149561099984567,7.784223901643831,0.3629052205247077,0.2740294559052183,1.3962913902602299,3.288207366729581e-08
1843,solver_residual_call,,,3.4170144610034185,7.784223901696105,0.36290522052590596,0.27402945646841403,1.3962913902602299,5.780000388869973e-08
1844,solver_residual_call,,,3.4190278090027277,7.784223901782238,0.3629052205278849,0.27402945574861476,1.3962913902602299,9.95465046876117e-08
1845,solver_residual_call,,,3.4210932679998223,7.78422390164493,0.36290522052473223,0.27402945620857827,1.3962913902602299,8.730348676402495e-08
1846,solver_residual_call,,,3.42318055099895,7.784223901644069,0.3629052205356302,0.2740294552479564,1.3962913902602299,2.1073424255447017e-08
1847,solver_residual_call,,,3.425191836002341,7.784223901644294,0.36290522051938245,0.2740294568549379,1.3962913902602299,2.1073424255447017e-08
1848,solver_residual_call,,,3.427226437997888,7.7842239016489305,0.3629052205286568,0.2740294554689531,1.3962913902602299,2.7801521894275537e-08
1849,solver_residual_call,,,3.429204813000979,7.784223902192446,0.3629052205415852,0.2740294539096829,1.3962913902602299,4.182904807072629e-08
1850,solver_residual_call,,,3.4313090709983953,7.784223901841848,0.3629052205361498,0.27402945483105184,1.3962913902602299,3.7807138056596015e-08
1851,solver_residual_call,,,3.433295041999372,7.784223901913245,0.3629052205268457,0.27402945733266937,1.3962913902602299,2.4031510840379403e-08
1852,solver_residual_call,,,3.4354622719984036,7.78422390165492,0.36290522059588953,0.2740294559387042,1.3962913902602299,2.3853043368846528e-08
1853,solver_residual_call,,,3.4374652140031685,7.784223901635348,0.3629052205291501,0.2740294537505187,1.3962913902602299,2.1073424255447017e-08
1854,solver_residual_call,,,3.439471331999812,7.7842239016511385,0.3629052206622524,0.27402945824888814,1.3962913902602299,2.533348316880314e-08
1855,solver_residual_call,,,3.441459036002925,7.784223901678269,0.36290521992012653,0.27402945517853516,1.3962913902602299,2.667048975147204e-08
1856,solver_residual_call,,,3.4434460970005603,7.784223901659173,0.36290522006995507,0.274029474175396,1.3962913902602299,2.2936876213693448e-08
1857,solver_residual_call,,,3.4454461760033155,7.784223901775546,0.36290522127748887,0.2740294486376692,1.3962913902602299,2.1367513573716366e-08
1858,solver_residual_call,,,3.4475242179978522,7.784223901339872,0.3629052204906892,0.2740294556561952,1.3962913902602299,2.7291916245335374e-08
1859,solver_residual_call,,,3.449525313000777,7.784223901629089,0.3629052205725468,0.2740294573135047,1.3962913902602299,2.7291916245335374e-08
1860,solver_residual_call,,,3.4516524950013263,7.784223901665266,0.3629052207939237,0.2740294569913965,1.3962913902602299,2.1073424255447017e-08
1861,solver_residual_call,,,3.4541295529998024,7.784223901821594,0.36290521955814625,0.2740294665626165,1.3962913902602299,2.1073424255447017e-08
1862,solver_residual_call,,,3.456231789998128,7.784223902241373,0.3629052180257668,0.27402948809778166,1.3962913902602299,2.1073424255447017e-08
1863,solver_residual_call,,,3.458259516999533,7.784223902203985,0.3629052165934091,0.27402951041245316,1.3962913902602299,2.1073424255447017e-08
1864,solver_residual_call,,,3.4603825169979245,7.784223901522905,0.36290522051868,0.2740294565426053,1.396291391286261,2.717779063004906e-08
1865,solver_residual_call,,,3.461756022996269,7.784223901641747,0.3629052210972248,0.27402944964856807,1.3962915719614264,2.717779063004906e-08
1866,solver_residual_call,,,3.462860378996993,7.784223901578241,0.362905219938211,0.2740294632049952,1.396291206434377,2.1073424255447017e-08
1867,solver_residual_call,,,3.46400097500009,7.784223901788094,0.3629052197337955,0.27402947029084523,1.3962910525525063,2.1073424255447017e-08
1868,solver_residual_call,,,3.4650831269973423,7.784223901515848,0.36290522021266675,0.27402945825952213,1.3962913000451036,2.1073424255447017e-08
1869,solver_residual_call,,,3.4664151550023234,7.784223902243527,0.3629052083383641,0.2740295282475818,1.396286512160997,2.833224961247275e-08
1870,solver_residual_call,,,3.4677618830028223,7.784223901693743,0.362905220494053,0.2740294576435628,1.3962913902602299,2.833224961247275e-08
1871,solver_residual_call,,,3.4688622579997173,7.784223901798853,0.3629052205391453,0.27402945553245683,1.3962913902602299,2.1073424255447017e-08
1872,solver_residual_call,,,3.470042603003094,7.784223901701616,0.3629052204598021,0.27402945958497044,1.3962913902602299,2.5163274217785743e-08
1873,solver_residual_call,,,3.471203011002217,7.78422390164047,0.3629052206397999,0.2740294457189916,1.3962913902602299,3.553591092867465e-08
1874,solver_residual_call,,,3.472368294998887,7.784223901542668,0.3629052218758845,0.27402941267843217,1.3962913902602299,3.687173896067403e-08
1875,solver_residual_call,,,3.473465215000033,7.784223901690166,0.3629052206768913,0.27402944807037694,1.3962913902602299,2.701693057719307e-08
1876,solver_residual_call,,,3.4746215530030895,7.784223902179846,0.36290522055019697,0.27402945407750845,1.3962913902602299,2.1073424255447017e-08
1877,solver_residual_call,,,3.4757808610011125,7.784223900794089,0.3629052204993763,0.2740294567594387,1.3962913902602299,2.1073424255447017e-08
1878,solver_residual_call,,,3.476881313996273,7.784223900846069,0.3629052205308838,0.2740294523617886,1.3962913902602299,2.5425167039081787e-08
1879,solver_residual_call,,,3.4780373120011063,7.784223901731153,0.36290522055759344,0.2740294488051566,1.3962913902602299,3.657361364957832e-08
1880,solver_residual_call,,,3.4791738979984075,7.78422390151313,0.36290522055929486,0.27402943835593346,1.3962913902602299,3.369390607028922e-08
1881,solver_residual_call,,,3.480327543002204,7.784223901710807,0.3629052205951266,0.2740294318068533,1.3962913902602299,2.1073424255447017e-08
1882,solver_residual_call,,,3.481582073000027,7.7842239016529176,0.3629052205246443,0.27402945700198666,1.3962913902602299,2.1073424255447017e-08
1883,solver_residual_call,,,3.4827148809999926,7.7842239016286285,0.3629052205272366,0.27402945747155116,1.3962913902602299,2.1073424255447017e-08
1884,solver_residual_call,,,3.483891408999625,7.784223901652807,0.3629052205215943,0.27402945897770803,1.3962913902602299,2.526292361583026e-08
1885,solver_residual_call,,,3.4850192540034186,7.784223901277754,0.3629052205117479,0.2740294660113957,1.3962913902602299,3.636920823125869e-08
1886,solver_residual_call,,,3.486119893997966,7.7842239022780735,0.3629052201688572,0.2740294757802104,1.3962913902602299,3.359454133634575e-08
1887,solver_residual_call,,,3.487301897002908,7.784223902217352,0.36290522063124797,0.27402946710247494,1.3962913902602299,2.1073424255447017e-08
1888,solver_residual_call,,,3.488426930998685,7.784223901715887,0.3629052205049025,0.27402945697472236,1.3962913902602299,2.1073424255447017e-08
1889,solver_residual_call,,,3.4896419659999083,7.78422390069702,0.36290522051063306,0.27402945607027485,1.3962913902602299,2.1073424255447017e-08
1890,solver_residual_call,,,3.490775197999028,7.784223901132016,0.3629052204784389,0.2740294575804022,1.3962913902602299,2.4911544852170608e-08
1891,solver_residual_call,,,3.4919030770033714,7.784223901848825,0.3629052203909177,0.2740294660189978,1.3962913902602299,4.535560843833666e-08
1892,solver_residual_call,,,3.493033735998324,7.784223901694195,0.3629052198986029,0.2740294819738385,1.3962913902602299,4.3616399421582575e-08
1893,solver_residual_call,,,3.4941582410028786,7.784223901877058,0.3629052202883054,0.2740294758966179,1.3962913902602299,2.2125749270867397e-08
1894,solver_residual_call,,,3.4953616019993206,7.784223901643759,0.36290522052502094,0.27402945554696034,1.3962913902602299,2.1628542300264492e-08
1895,solver_residual_call,,,3.4965253629998188,7.784223901643679,0.3629052205248139,0.2740294560808636,1.3962913902602299,2.1895805102280582e-08
1896,solver_residual_call,,,3.4977846649999265,7.784223901645901,0.3629052205263786,0.2740294534582778,1.3962913902602299,3.600384123738348e-08
1897,solver_residual_call,,,3.4990547409979627,7.784223901655699,0.3629052205237474,0.27402945589737393,1.3962913902602299,3.550971011737102e-08
1898,solver_residual_call,,,3.500178631999006,7.784223901764556,0.36290522052939833,0.2740294565560458,1.3962913902602299,3.222278459177766e-08
1899,solver_residual_call,,,3.5013038230026723,7.78422390173184,0.3629052205293343,0.274029457996529,1.3962913902602299,3.66748417260513e-08
1900,solver_residual_call,,,3.5023985230000108,7.784223901643715,0.36290522052469953,0.27402945641768545,1.3962913902602299,2.7401193014773506e-08
1901,solver_residual_call,,,3.5035777680022875,7.784223901643665,0.36290522052470015,0.27402945618601043,1.3962913902602299,2.2098951433619644e-08
1902,solver_residual_call,,,3.5047206960007316,7.784223901644964,0.36290522052470375,0.2740294569730753,1.3962913902602299,3.5325524813806884e-08
1903,solver_residual_call,,,3.5058158500032732,7.784223901658745,0.3629052205250358,0.27402945623396047,1.3962913902602299,3.4693201909819e-08
1904,solver_residual_call,,,3.5069731539988425,7.784223901666556,0.3629052205252186,0.27402945616696683,1.3962913902602299,2.1073424255447017e-08
1905,solver_residual_call,,,3.5081020150028053,7.78422390170541,0.3629052205261079,0.27402945598514433,1.3962913902602299,2.634659128770173e-08
1906,solver_residual_call,,,3.509226205998857,7.7842239016438945,0.36290522052487717,0.274029455764012,1.3962913902602299,2.634659128770173e-08
1907,solver_residual_call,,,3.5103583949967287,7.784223901643949,0.36290522052465185,0.27402945635550124,1.3962913902602299,2.1073424255447017e-08
1908,solver_residual_call,,,3.5115752810015692,7.784223901647374,0.36290522052486546,0.2740294564611714,1.3962913902602299,3.7612355825316905e-08
1909,solver_residual_call,,,3.5127548620002926,7.784223901660993,0.36290522052497903,0.2740294565332725,1.3962913902602299,3.7612355825316905e-08
1910,solver_residual_call,,,3.513896858996304,7.784223901704588,0.36290522052617874,0.274029456176782,1.3962913902602299,2.1073424255447017e-08
1911,solver_residual_call,,,3.5151343980032834,7.7842239018327035,0.36290522052901564,0.27402945617964547,1.3962913902602299,3.152127955128958e-08
1912,solver_residual_call,,,3.5162762819963973,7.784223901644099,0.36290522052411384,0.274029456797703,1.3962913902602299,3.286468218355454e-08
1913,solver_residual_call,,,3.517381336998369,7.784223901643811,0.3629052205251228,0.2740294558045732,1.3962913902602299,2.303444117675884e-08
1914,solver_residual_call,,,3.518535058996349,7.78422390164419,0.362905220523978,0.2740294567237027,1.3962913902602299,2.1073424255447017e-08
1915,solver_residual_call,,,3.5197721060030744,7.7842239016515125,0.36290522052419116,0.27402945629849845,1.3962913902602299,2.1073424255447017e-08
1916,solver_residual_call,,,3.5208784179994836,7.7842239016923624,0.3629052205261778,0.27402945639117327,1.3962913902602299,2.1073424255447017e-08
1917,solver_residual_call,,,3.5220027010000194,7.78422390177956,0.3629052205290579,0.27402945612785967,1.3962913902602299,2.9716302101530183e-08
1918,solver_residual_call,,,3.5232196189972456,7.784223901644005,0.36290522052460417,0.27402945667268097,1.3962913902602299,2.9716302101530183e-08
1919,solver_residual_call,,,3.524357146001421,7.784223901644056,0.3629052205247911,0.27402945600220174,1.3962913902602299,2.1073424255447017e-08
1920,solver_residual_call,,,3.525449827000557,7.78422390164956,0.36290522052489677,0.2740294550973871,1.3962913902602299,3.7576094101127716e-08
1921,solver_residual_call,,,3.526776106999023,7.7842239017927195,0.36290522052848934,0.2740294552859117,1.3962913902602299,4.133295833687712e-08
1922,solver_residual_call,,,3.5280207579999114,7.7842239017805595,0.362905220527502,0.2740294564642222,1.3962913902602299,3.087430394728387e-08
1923,solver_residual_call,,,3.5292769220031914,7.784223901780006,0.3629052205279311,0.2740294560404903,1.3962913902602299,3.191076576798364e-08
1924,solver_residual_call,,,3.5304329709979356,7.784223901643687,0.36290522052470325,0.2740294563023858,1.3962913902602299,2.8383342553355573e-08
1925,solver_residual_call,,,3.5315720240032533,7.784223901643639,0.36290522052470214,0.2740294561969804,1.3962913902602299,2.1073424255447017e-08
1926,solver_residual_call,,,3.532732327003032,7.784223901643899,0.3629052205247081,0.27402945654882827,1.3962913902602299,3.228517496762833e-08
1927,solver_residual_call,,,3.5338631109989365,7.784223901684069,0.36290522052563073,0.27402945628640407,1.3962913902602299,5.272193874708655e-08
1928,solver_residual_call,,,3.5349816480011214,7.784223901735522,0.36290522052681173,0.2740294561663691,1.3962913902602299,7.399754549980243e-08
1929,solver_residual_call,,,3.5361666759999935,7.7842239016552615,0.362905220524969,0.2740294562471398,1.3962913902602299,6.114218214485119e-08
1930,solver_residual_call,,,3.53727207799966,7.784223901644118,0.36290522052518703,0.27402945588076993,1.3962913902602299,2.7310714217155134e-08
1931,solver_residual_call,,,3.5384374519999255,7.784223901643711,0.3629052205247804,0.27402945626319836,1.3962913902602299,2.7310714217155134e-08
1932,solver_residual_call,,,3.5396726109975134,7.784223901643799,0.3629052205248433,0.27402945615783775,1.3962913902602299,2.1073424255447017e-08
1933,solver_residual_call,,,3.540793512001983,7.784223901670252,0.36290522052533286,0.2740294562228249,1.3962913902602299,3.2546317227140975e-08
1934,solver_residual_call,,,3.542108918001759,7.784223901711675,0.362905220526335,0.2740294561764625,1.3962913902602299,4.033911151794884e-08
1935,solver_residual_call,,,3.5433434619990294,7.784223901713837,0.3629052205262316,0.2740294562379069,1.3962913902602299,3.5975220209775624e-08
1936,solver_residual_call,,,3.544454137001594,7.784223901643651,0.36290522052448704,0.2740294562557785,1.3962913902602299,2.6948753517259925e-08
1937,solver_residual_call,,,3.545590606998303,7.784223901643917,0.36290522052579743,0.2740294561312418,1.3962913902602299,3.6129789700623146e-08
1938,solver_residual_call,,,3.5466943479987094,7.784223901644168,0.3629052205245628,0.27402945628033165,1.3962913902602299,4.6993675041727857e-08
1939,solver_residual_call,,,3.5478899820009246,7.78422390165164,0.3629052205248925,0.27402945619967806,1.3962913902602299,3.6703310476935514e-08
1940,solver_residual_call,,,3.5490762350018485,7.784223901681402,0.3629052205256895,0.27402945623018177,1.3962913902602299,3.16791872667791e-08
1941,solver_residual_call,,,3.550228016996698,7.784223901665124,0.36290522052517943,0.27402945622210456,1.3962913902602299,3.16791872667791e-08
1942,solver_residual_call,,,3.551391232998867,7.784223901644134,0.3629052205247137,0.2740294559680097,1.3962913902602299,2.772259412188606e-08
1943,solver_residual_call,,,3.5525180650001857,7.784223901643805,0.3629052205247059,0.27402945627744707,1.3962913902602299,2.772259412188606e-08
1944,solver_residual_call,,,3.55365049700049,7.784223901643976,0.36290522052470997,0.27402945609481993,1.3962913902602299,2.1073424255447017e-08
1945,solver_residual_call,,,3.554750344999775,7.784223901681361,0.3629052205255684,0.27402945629394737,1.3962913902602299,2.480960078625809e-08
1946,solver_residual_call,,,3.5558956719978596,7.784223901666113,0.36290522052521823,0.2740294562843738,1.3962913902602299,2.480960078625809e-08
1947,solver_residual_call,,,3.5570302850028384,7.784223901705264,0.3629052205261171,0.2740294563704538,1.3962913902602299,2.2167353044390372e-08
1948,solver_residual_call,,,3.558399064997502,7.784223901643727,0.3629052205253599,0.2740294559920418,1.3962913902602299,2.5784882073026057e-08
1949,solver_residual_call,,,3.5596760120024555,7.784223901643541,0.36290522052455315,0.27402945624583464,1.3962913902602299,2.5093986380008952e-08
1950,solver_residual_call,,,3.5607964579976397,7.784223901643687,0.36290522052518354,0.2740294560697007,1.3962913902602299,2.14841531603591e-08
1951,solver_residual_call,,,3.5619613849994494,7.784223901644019,0.3629052205243875,0.27402945628409353,1.3962913902602299,8.730178026316109e-08
1952,solver_residual_call,,,3.563086725996982,7.784223901658651,0.3629052205246059,0.27402945618264263,1.3962913902602299,8.849974564058515e-08
1953,solver_residual_call,,,3.5642474120031693,7.78422390165549,0.3629052205248743,0.274029456327264,1.3962913902602299,2.9994954936511844e-08
1954,solver_residual_call,,,3.581050189997768,7.784151518174436,0.36290374180291396,0.27403000487896007,1.3963322973385242,0.0014888512776814148
1955,solver_residual_call,,,3.583286203996977,7.784151523022864,0.36290372269580423,0.2740305710876621,1.3963322973385242,2.9939479784246714e-08
1956,solver_residual_call,,,3.585317456003395,7.784151518526321,0.36290374337071846,0.27402996853250816,1.3963322973385242,3.344274292991454e-08
1957,solver_residual_call,,,3.5873484710027697,7.784151518939073,0.36290374239731005,0.274029971598064,1.3963322973385242,2.1073424255447017e-08
1958,solver_residual_call,,,3.5893406699979096,7.7841515183387795,0.3629037422407036,0.27402998736569983,1.3963322973385242,2.1073424255447017e-08
1959,solver_residual_call,,,3.5913697089999914,7.78415151832283,0.36290373866680636,0.2740300847414421,1.3963322973385242,2.9208987040059672e-08
1960,solver_residual_call,,,3.593355714001518,7.784151518868689,0.3629037476515775,0.2740298161772411,1.3963322973385242,4.1368422275519687e-08
1961,solver_residual_call,,,3.5953616069964482,7.784151519411677,0.36290374151104593,0.27403001215767414,1.3963322973385242,3.685320702044047e-08
1962,solver_residual_call,,,3.597367485999712,7.784151526277463,0.36290373902746426,0.27403030930307304,1.3963322973385242,3.106778112613107e-08
1963,solver_residual_call,,,3.5994225019967416,7.7841515207962155,0.3629037413035706,0.2740302259921426,1.3963322973385242,3.281304175146911e-08
1964,solver_residual_call,,,3.6014451750015724,7.7841515185460475,0.36290374157062943,0.2740300845290873,1.3963322973385242,6.36720201519346e-08
1965,solver_residual_call,,,3.6034477270004572,7.7841515183119325,0.36290374199754627,0.2740299456000544,1.3963322973385242,6.234379877071861e-08
1966,solver_residual_call,,,3.6074451849999605,7.784151518633664,0.36290374250781904,0.27402996142017927,1.3963322973385242,3.490491581008794e-08
1967,solver_residual_call,,,3.6095647210022435,7.784151524804389,0.36290368782026305,0.2740299963408764,1.396312851485469,4.040633122885175e-08
1968,solver_residual_call,,,3.6116138130018953,7.784151521102518,0.3629037225126011,0.2740299257761921,1.3963256358395892,2.9307505469392285e-08
1969,solver_residual_call,,,3.613677524997911,7.784151520884179,0.362903746471681,0.27402992309333013,1.3963352057815859,2.1085810896716896e-08
1970,solver_residual_call,,,3.6156823319979594,7.784151520190236,0.36290373939602044,0.27403001538752914,1.3963311786419204,5.1547300907796683e-08
1971,solver_residual_call,,,3.6176908999987063,7.784151519158813,0.3629037401397488,0.27402994361209143,1.3963321587025495,5.4421792694469796e-08
1972,solver_residual_call,,,3.620067907999328,7.78415151969781,0.3629037577184623,0.274030041652317,1.3963385191717912,3.835741972015322e-08
1973,solver_residual_call,,,3.6220977990014944,7.784151518984956,0.3629037418260576,0.27403000416504397,1.3963322973385242,3.57164702690838e-08
1974,solver_residual_call,,,3.6241132200011634,7.7841515288757,0.3629037420594804,0.2740300107768447,1.3963322973385242,3.423094105978956e-08
1975,solver_residual_call,,,3.6261203440008103,7.784151520085613,0.36290374184190644,0.27403000402140154,1.3963322973385242,3.260023674367305e-08
1976,solver_residual_call,,,3.6281340639980044,7.784151519436641,0.36290374183671675,0.2740300065875882,1.3963322973385242,4.2226542097284505e-08
1977,solver_residual_call,,,3.6301415569978417,7.7841515184738395,0.36290374180862595,0.2740300045657517,1.3963322973385242,4.2226542097284505e-08
1978,solver_residual_call,,,3.6323619079994387,7.78415152038534,0.3629037418458013,0.2740300020530847,1.3963322973385242,5.131519512233311e-08
1979,solver_residual_call,,,3.634434979998332,7.784151518174473,0.36290374180291507,0.27403000474156264,1.3963322973385242,5.131519512233311e-08
1980,solver_residual_call,,,3.636761057001422,7.784151518174444,0.3629037418029142,0.2740300048802755,1.3963322973385242,2.172756751040474e-08
1981,solver_residual_call,,,3.6391717509977752,7.784151518174639,0.3629037418029196,0.2740300045747153,1.3963322973385242,3.2882079620536706e-08
1982,solver_residual_call,,,3.64123253699654,7.784151518213045,0.36290374180379953,0.27403000513290293,1.3963322973385242,5.779992760043758e-08
1983,solver_residual_call,,,3.643374920997303,7.784151518325004,0.3629037418063715,0.27403000442607905,1.3963322973385242,9.954647157075413e-08
1984,solver_residual_call,,,3.645379421999678,7.78415151817981,0.36290374180303764,0.2740300048785484,1.3963322973385242,8.7303502516642e-08
1985,solver_residual_call,,,3.6473963180033024,7.784151518175294,0.3629037418138521,0.27403000391745497,1.3963322973385242,2.1073424255447017e-08
1986,solver_residual_call,,,3.649402889001067,7.784151518175308,0.36290374179759927,0.27403000552443496,1.3963322973385242,2.1073424255447017e-08
1987,solver_residual_call,,,3.651700420996349,7.7841515181797565,0.3629037418068692,0.27403000413846146,1.3963322973385242,2.7801513833652828e-08
1988,solver_residual_call,,,3.653916534000018,7.784151518776046,0.36290374182102764,0.2740300025798328,1.3963322973385242,4.1828999705241193e-08
1989,solver_residual_call,,,3.660024377000809,7.784151518371627,0.3629037418143421,0.27403000350018075,1.3963322973385242,3.780709243544716e-08
1990,solver_residual_call,,,3.662066511999001,7.784151518411399,0.36290374180429347,0.27403000600203825,1.3963322973385242,2.403148208903101e-08
1991,solver_residual_call,,,3.6682612700024038,7.784151518175653,0.3629037418738644,0.2740300046064055,1.3963322973385242,2.3853011292524746e-08
1992,solver_residual_call,,,3.670478275002097,7.784151518174185,0.3629037418075451,0.2740300024209265,1.3963322973385242,2.1073424255447017e-08
1993,solver_residual_call,,,3.6766172830029973,7.784151518176391,0.3629037419403301,0.27403000691378515,1.3963322973385242,2.5333507770019053e-08
1994,solver_residual_call,,,3.6787342759998864,7.7841515182119885,0.36290374119840507,0.27403000384247034,1.3963322973385242,2.667052534535011e-08
1995,solver_residual_call,,,3.6808959810005035,7.784151518268801,0.3629037413499769,0.2740300228565978,1.3963322973385242,2.2936896508090886e-08
1996,solver_residual_call,,,3.683124875999056,7.784151518249359,0.3629037425544232,0.274029997303802,1.3963322973385242,2.1367520098493523e-08
1997,solver_residual_call,,,3.6852307220033254,7.784151518159806,0.36290374177566354,0.27403000432748026,1.3963322973385242,2.729208199549181e-08
1998,solver_residual_call,,,3.6864011739962734,7.784151518173443,0.3629037418511075,0.2740300059835861,1.3963322973385242,2.729208199549181e-08
1999,solver_residual_call,,,3.68772767700284,7.784151518175704,0.36290374207180115,0.2740300056610998,1.3963322973385242,2.1073424255447017e-08
2000,solver_residual_call,,,3.688825518998783,7.784151518227084,0.3629037408330285,0.27403001522234943,1.3963322973385242,2.1073424255447017e-08
2001,solver_residual_call,,,3.6899131719983416,7.784151518211439,0.3629037392910838,0.27403003675785403,1.3963322973385242,2.1073424255447017e-08
2002,solver_residual_call,,,3.6910537259973353,7.784151518219202,0.3629037378587897,0.2740300590802146,1.3963322973385242,2.1073424255447017e-08
2003,solver_residual_call,,,3.6921358769977815,7.784151518169175,0.3629037417995393,0.27403000521391085,1.3963322983870974,2.717785785134925e-08
2004,solver_residual_call,,,3.6933050750012626,7.784151518174831,0.3629037423755228,0.27402999831699176,1.3963324790556144,2.717785785134925e-08
2005,solver_residual_call,,,3.6944294889981393,7.7841515181718846,0.36290374121783026,0.27403001187626874,1.3963321135175897,2.1073424255447017e-08
2006,solver_residual_call,,,3.695566531998338,7.784151518240529,0.36290374101000133,0.27403001897872625,1.396331959524264,2.1073424255447017e-08
2007,solver_residual_call,,,3.6968252130027395,7.784151518181143,0.362903741493925,0.27403000693207696,1.396332207318298,2.1073424255447017e-08
2008,solver_residual_call,,,3.69815707700036,7.784151518380388,0.3629037296059297,0.2740300769130696,1.3963274192413913,2.8332241680635634e-08
2009,solver_residual_call,,,3.6994329200024367,7.784151518172518,0.362903741771086,0.2740300063099765,1.3963322973385242,2.8332241680635634e-08
2010,solver_residual_call,,,3.700630879997334,7.784151518139223,0.3629037418129529,0.27403000419668744,1.3963322973385242,2.1073424255447017e-08
2011,solver_residual_call,,,3.701768806997279,7.784151518155696,0.3629037417362733,0.27403000825007795,1.3963322973385242,2.5163141097788326e-08
2012,solver_residual_call,,,3.702922864998982,7.784151518186487,0.36290374191828817,0.2740299943952219,1.3963322973385242,3.5535651638833797e-08
2013,solver_residual_call,,,3.7040620560001116,7.7841515182506775,0.3629037431576694,0.27402996140460706,1.3963322973385242,3.6871558470485747e-08
2014,solver_residual_call,,,3.705197410999972,7.7841515182016465,0.36290374195451597,0.27402999675990514,1.3963322973385242,2.7016901312939318e-08
2015,solver_residual_call,,,3.706337673997041,7.784151518247818,0.36290374181773866,0.27403000265957167,1.3963322973385242,2.1073424255447017e-08
2016,solver_residual_call,,,3.707514520996483,7.784151518052378,0.36290374179438895,0.27403000552084233,1.3963322973385242,2.1073424255447017e-08
2017,solver_residual_call,,,3.7086561519972747,7.784151518021709,0.3629037418239886,0.27403000088941926,1.3963322973385242,2.5430884094329858e-08
2018,solver_residual_call,,,3.7097929770025075,7.784151518185501,0.36290374183381063,0.2740299981715479,1.3963322973385242,3.657747561289901e-08
2019,solver_residual_call,,,3.7109497339988593,7.784151518170745,0.3629037418410955,0.2740299863394901,1.3963322973385242,3.369378379231168e-08
2020,solver_residual_call,,,3.712245515998802,7.784151518196407,0.3629037418714899,0.27402998098403963,1.3963322973385242,2.1073424255447017e-08
2021,solver_residual_call,,,3.7133880839974154,7.784151518175274,0.36290374180268636,0.2740300056706127,1.3963322973385242,2.1073424255447017e-08
2022,solver_residual_call,,,3.7144728350031073,7.784151518173623,0.36290374180577306,0.27403000614411976,1.3963322973385242,2.1073424255447017e-08
2023,solver_residual_call,,,3.7156539339994197,7.7841515181760155,0.362903741799662,0.27403000764656316,1.3963322973385242,2.526293007081024e-08
2024,solver_residual_call,,,3.7167521189985564,7.784151518419842,0.3629037418042557,0.2740300146868445,1.3963322973385242,3.6369137347297663e-08
2025,solver_residual_call,,,3.717839516000822,7.7841515182350385,0.3629037414336525,0.27403002444418,1.3963322973385242,3.35944597437437e-08
2026,solver_residual_call,,,3.718920999999682,7.784151518248375,0.36290374189786617,0.27403001577551606,1.3963322973385242,2.1073424255447017e-08
2027,solver_residual_call,,,3.720064827997703,7.784151518196407,0.3629037417819866,0.2740300056307372,1.3963322973385242,2.1073424255447017e-08
2028,solver_residual_call,,,3.7211666950024664,7.784151518369944,0.3629037418153866,0.27403000475729705,1.3963322973385242,2.1073424255447017e-08
2029,solver_residual_call,,,3.7222479109987034,7.784151518291757,0.36290374177133544,0.27403000623841955,1.3963322973385242,2.4918114378678227e-08
2030,solver_residual_call,,,3.72335084000224,7.784151518166748,0.36290374166572303,0.2740300147431411,1.3963322973385242,4.535906636137496e-08
2031,solver_residual_call,,,3.724412385003234,7.784151518156772,0.3629037411785921,0.27403003042095014,1.3963322973385242,4.361623051906244e-08
2032,solver_residual_call,,,3.725535054996726,7.784151518174193,0.3629037415622535,0.2740300244424283,1.3963322973385242,2.2125733477082897e-08
2033,solver_residual_call,,,3.7268326789999264,7.78415151817457,0.3629037418032331,0.27403000421646095,1.3963322973385242,2.1628550669050904e-08
2034,solver_residual_call,,,3.7283844749981654,7.784151518174438,0.3629037418030247,0.27403000475035927,1.3963322973385242,2.1895800709577528e-08
2035,solver_residual_call,,,3.7295230719973915,7.784151518176687,0.3629037418045899,0.27403000212778417,1.3963322973385242,3.600384532454371e-08
2036,solver_residual_call,,,3.7306225290012662,7.784151518201171,0.3629037418022964,0.2740300045672923,1.3963322973385242,3.55097169700097e-08
2037,solver_residual_call,,,3.7317310630023712,7.784151518308553,0.36290374180791274,0.2740300052268973,1.3963322973385242,3.2222781244889556e-08
2038,solver_residual_call,,,3.732788590998098,7.784151518245613,0.36290374180715423,0.2740300066662086,1.3963322973385242,3.667485215082737e-08
2039,solver_residual_call,,,3.733859804997337,7.784151518174521,0.36290374180291135,0.2740300050871837,1.3963322973385242,2.740121090351854e-08
2040,solver_residual_call,,,3.735044349996315,7.78415151817447,0.362903741802912,0.2740300048555076,1.3963322973385242,2.2098947662264083e-08
2041,solver_residual_call,,,3.7361469679963193,7.7841515181757535,0.36290374180291524,0.2740300056425791,1.3963322973385242,3.5325529937882214e-08
2042,solver_residual_call,,,3.7374100800007,7.78415151818242,0.3629037418030841,0.2740300049033414,1.3963322973385242,3.4693209529572035e-08
2043,solver_residual_call,,,3.738489251998544,7.784151518203741,0.3629037418035769,0.2740300048374719,1.3963322973385242,2.1073424255447017e-08
2044,solver_residual_call,,,3.7396366210014094,7.784151518220933,0.3629037418039688,0.27403000465470956,1.3963322973385242,2.6346605754057516e-08
2045,solver_residual_call,,,3.7407554570017965,7.784151518174692,0.36290374180308904,0.2740300044335118,1.3963322973385242,2.6346605754057516e-08
2046,solver_residual_call,,,3.7419319760010694,7.7841515181747045,0.3629037418028626,0.2740300050249973,1.3963322973385242,2.1073424255447017e-08
2047,solver_residual_call,,,3.744359121999878,7.784151518178086,0.3629037418030753,0.27403000513065373,1.3963322973385242,3.761236112608233e-08
2048,solver_residual_call,,,3.7455298339991714,7.784151518208308,0.3629037418035708,0.2740300052027608,1.3963322973385242,3.761236112608233e-08
2049,solver_residual_call,,,3.747016617002373,7.784151518245942,0.3629037418046332,0.27403000484645973,1.3963322973385242,2.1073424255447017e-08
2050,solver_residual_call,,,3.748549064002873,7.7841515183339585,0.3629037418065477,0.27403000484927714,1.3963322973385242,3.152130381399144e-08
2051,solver_residual_call,,,3.749705454996729,7.784151518174838,0.3629037418023243,0.27403000546719886,1.3963322973385242,3.2864705573152876e-08
2052,solver_residual_call,,,3.7507983859977685,7.784151518174566,0.3629037418033337,0.27403000447406994,1.3963322973385242,2.303444134608299e-08
2053,solver_residual_call,,,3.752099242999975,7.784151518174895,0.3629037418021877,0.2740300053931911,1.3963322973385242,2.1073424255447017e-08
2054,solver_residual_call,,,3.7531837330025155,7.784151518191357,0.36290374180261137,0.2740300049682383,1.3963322973385242,2.1073424255447017e-08
2055,solver_residual_call,,,3.7542525669996394,7.784151518233623,0.3629037418046296,0.2740300050615215,1.3963322973385242,2.1073424255447017e-08
2056,solver_residual_call,,,3.755539717996726,7.7841515182841725,0.3629037418066668,0.2740300047964922,1.3963322973385242,2.9716324386335033e-08
2057,solver_residual_call,,,3.7569249770021997,7.784151518174694,0.3629037418028135,0.2740300053421797,1.3963322973385242,2.9716324386335033e-08
2058,solver_residual_call,,,3.7581042399979196,7.784151518174762,0.3629037418030007,0.2740300046717021,1.3963322973385242,2.1073424255447017e-08
2059,solver_residual_call,,,3.7595250279991888,7.784151518180174,0.3629037418031043,0.2740300037668765,1.3963322973385242,3.757609940094022e-08
2060,solver_residual_call,,,3.760664822002582,7.784151518371245,0.362903741807799,0.27403000395541255,1.3963322973385242,4.133299202375379e-08
2061,solver_residual_call,,,3.7618902410031296,7.784151518327342,0.36290374180608126,0.27403000513390896,1.3963322973385242,3.0874336297374286e-08
2062,solver_residual_call,,,3.7630863469967153,7.78415151828786,0.36290374180561497,0.2740300047101077,1.3963322973385242,3.1910782199023934e-08
2063,solver_residual_call,,,3.764195933996234,7.784151518174468,0.36290374180291474,0.2740300049718707,1.3963322973385242,2.838336787709655e-08
2064,solver_residual_call,,,3.7653392089996487,7.784151518174436,0.362903741802914,0.27403000486647827,1.3963322973385242,2.1073424255447017e-08
2065,solver_residual_call,,,3.766523363003216,7.78415151817469,0.3629037418029198,0.27403000521830284,1.3963322973385242,3.228518324075252e-08
2066,solver_residual_call,,,3.7676781530026346,7.784151518202618,0.3629037418035613,0.2740300049560387,1.3963322973385242,5.2721878192178575e-08
2067,solver_residual_call,,,3.7688714539981447,7.784151518276217,0.36290374180525087,0.2740300048343015,1.3963322973385242,7.399751084569565e-08
2068,solver_residual_call,,,3.7699820080015343,7.784151518181175,0.3629037418030686,0.2740300049162517,1.3963322973385242,6.114219678860826e-08
2069,solver_residual_call,,,3.771161366996239,7.784151518174866,0.3629037418033978,0.2740300045502638,1.3963322973385242,2.7310714217155134e-08
2070,solver_residual_call,,,3.772266565996688,7.784151518174564,0.3629037418029936,0.2740300049326957,1.3963322973385242,2.7310714217155134e-08
2071,solver_residual_call,,,3.77350037600263,7.784151518174532,0.3629037418030536,0.2740300048273379,1.3963322973385242,2.1073424255447017e-08
2072,solver_residual_call,,,3.774735437000345,7.784151518191243,0.36290374180331925,0.27403000489143836,1.3963322973385242,3.25462672837386e-08
2073,solver_residual_call,,,3.7761813800025266,7.784151518252656,0.36290374180478197,0.2740300048465005,1.3963322973385242,4.033908019625206e-08
2074,solver_residual_call,,,3.7774201889988035,7.784151518227668,0.36290374180405316,0.27403000490592355,1.3963322973385242,3.59752320734804e-08
2075,solver_residual_call,,,3.7785507309963577,7.784151518174554,0.36290374180270124,0.27403000492527824,1.3963322973385242,2.6948755922410796e-08
2076,solver_residual_call,,,3.7797963580014766,7.7841515181747685,0.36290374180401025,0.27403000480074163,1.3963322973385242,3.6129785655026494e-08
2077,solver_residual_call,,,3.780883544997778,7.784151518175042,0.3629037418027762,0.2740300049498321,1.3963322973385242,4.6993674784152145e-08
2078,solver_residual_call,,,3.781984822002414,7.784151518179141,0.36290374180302765,0.2740300048691522,1.3963322973385242,3.670331412952462e-08
2079,solver_residual_call,,,3.783131823001895,7.78415151821774,0.3629037418040308,0.2740300048996217,1.3963322973385242,3.16791860910988e-08
2080,solver_residual_call,,,3.7842201680032304,7.784151518189902,0.36290374180325297,0.27403000489144774,1.3963322973385242,3.16791860910988e-08
2081,solver_residual_call,,,3.78538101400045,7.784151518174854,0.3629037418029237,0.27403000463748056,1.3963322973385242,2.7722597304979798e-08
2082,solver_residual_call,,,3.786664813000243,7.784151518174641,0.36290374180291857,0.27403000494695995,1.3963322973385242,2.7722597304979798e-08
2083,solver_residual_call,,,3.7877994879963808,7.7841515181747605,0.3629037418029213,0.2740300047642911,1.3963322973385242,2.1073424255447017e-08
2084,solver_residual_call,,,3.7894270359975053,7.78415151822282,0.3629037418040249,0.2740300049690958,1.3963322973385242,2.4809570960854638e-08
2085,solver_residual_call,,,3.7914057029993273,7.784151518198524,0.362903741803467,0.27403000495497537,1.3963322973385242,2.4809570960854638e-08
2086,solver_residual_call,,,3.79326931599644,7.784151518221961,0.36290374180400514,0.27403000503307795,1.3963322973385242,2.2167330851391225e-08
2087,solver_residual_call,,,3.795200358996226,7.784151518174513,0.3629037418035715,0.2740300046615342,1.3963322973385242,2.5784871214109783e-08
2088,solver_residual_call,,,3.797098796996579,7.784151518174489,0.36290374180276846,0.27403000491533724,1.3963322973385242,2.5093996180937906e-08
2089,solver_residual_call,,,3.798995915996784,7.784151518174508,0.36290374180339596,0.2740300047391943,1.3963322973385242,2.148415100173615e-08
2090,solver_residual_call,,,3.800078834996384,7.784151518175784,0.36290374180262147,0.2740300049536352,1.3963322973385242,8.730184058079285e-08
2091,solver_residual_call,,,3.801163721997,7.784151518190537,0.3629037418028428,0.27403000485213963,1.3963322973385242,8.849978908972041e-08
2092,solver_residual_call,,,3.802238395997847,7.784151518188913,0.3629037418031465,0.27403000499686814,1.3963322973385242,2.999490235108278e-08
2093,solver_residual_call,,,3.9251733049968607,7.78414919008471,0.36290378687361974,0.2740253311109175,1.3963489472190462,0.0002790197417851349
2094,solver_residual_call,,,3.927507348002109,7.784149194932583,0.36290376776788574,0.2740258973853488,1.3963489472190462,2.9939447365734395e-08
2095,solver_residual_call,,,3.9295677339978283,7.784149190438155,0.36290378844112214,0.27402529478617665,1.3963489472190462,3.344271390737617e-08
2096,solver_residual_call,,,3.93181172900222,7.784149190850577,0.3629037874679857,0.27402529783127416,1.3963489472190462,2.1073424255447017e-08
2097,solver_residual_call,,,3.934003747002862,7.78414919024966,0.36290378731133854,0.27402531360221627,1.3963489472190462,2.1073424255447017e-08
2098,solver_residual_call,,,3.9360252719998243,7.784149190234926,0.3629037837377777,0.2740254109900315,1.3963489472190462,2.920902065192126e-08
2099,solver_residual_call,,,3.9380812079980387,7.7841491907728155,0.3629037927217777,0.2740251423871855,1.3963489472190462,4.1368370856331995e-08
2100,solver_residual_call,,,3.94012609100173,7.784149191325785,0.36290378658250705,0.2740253384386285,1.3963489472190462,3.6853118442618314e-08
2101,solver_residual_call,,,3.9421092249976937,7.784149198160097,0.3629037841022673,0.2740256353445332,1.3963489472190462,3.10677778080752e-08
2102,solver_residual_call,,,3.9441457479988458,7.784149192687577,0.362903786374599,0.2740255520929941,1.3963489472190462,3.281304775483051e-08
2103,solver_residual_call,,,3.9461367819967563,7.7841491904775015,0.36290378664200423,0.27402541074007597,1.3963489472190462,6.367198357848521e-08
2104,solver_residual_call,,,3.9482802979982807,7.784149190197436,0.36290378706737575,0.27402527185308984,1.3963489472190462,6.234375909870286e-08
2105,solver_residual_call,,,3.9502694440016057,7.784149190567217,0.3629037875784671,0.2740252876547437,1.3963489472190462,3.490487524972141e-08
2106,solver_residual_call,,,3.9523967249988345,7.784149196768984,0.36290373288568123,0.2740253232303739,1.3963295013137946,4.0406294527370064e-08
2107,solver_residual_call,,,3.954540040998836,7.78414919298218,0.3629037675825117,0.27402525190553234,1.396342285895917,2.9307497863528833e-08
2108,solver_residual_call,,,3.956598140997812,7.784149192780341,0.3629037915467349,0.27402524874913314,1.396351855802179,2.1085803512951203e-08
2109,solver_residual_call,,,3.958619056000316,7.7841491920959465,0.36290378446544896,0.2740253417831107,1.3963478284387743,5.154725584410959e-08
2110,solver_residual_call,,,3.9606415570015088,7.784149191005016,0.3629037852099906,0.27402526968118285,1.3963488086570506,5.442175216455506e-08
2111,solver_residual_call,,,3.962632210001175,7.784149191541894,0.3629038027897998,0.27402536768596936,1.396355169049231,3.835737758406465e-08
2112,solver_residual_call,,,3.964721133997955,7.784149190895167,0.362903786896762,0.27402533039700033,1.3963489472190462,3.571641608040767e-08
2113,solver_residual_call,,,3.9667338889994426,7.7841492007861195,0.36290378713018967,0.27402533700898357,1.3963489472190462,3.423093760391084e-08
2114,solver_residual_call,,,3.968860412001959,7.784149191995844,0.3629037869126115,0.2740253302534203,1.3963489472190462,3.2600239311059914e-08
2115,solver_residual_call,,,3.9708409619997838,7.784149191346992,0.3629037869074243,0.27402533281956387,1.3963489472190462,4.222652007476262e-08
2116,solver_residual_call,,,3.9729567280010087,7.784149190384058,0.3629037868793307,0.27402533079772995,1.3963489472190462,4.222652007476262e-08
2117,solver_residual_call,,,3.9749695970022003,7.784149192295639,0.3629037869165079,0.2740253282850721,1.3963489472190462,5.13151581513916e-08
2118,solver_residual_call,,,3.9769726730010007,7.784149190084744,0.36290378687362085,0.27402533097351617,1.3963489472190462,5.13151581513916e-08
2119,solver_residual_call,,,3.979002171996399,7.784149190084715,0.3629037868736198,0.27402533111223176,1.3963489472190462,2.1727573651131294e-08
2120,solver_residual_call,,,3.9809861769972485,7.784149190084905,0.3629037868736253,0.27402533080666236,1.3963489472190462,3.2882089324000626e-08
2121,solver_residual_call,,,3.983776961998956,7.784149190123321,0.3629037868745053,0.2740253313648796,1.3963489472190462,5.7799923884112873e-08
2122,solver_residual_call,,,3.9857529959990643,7.784149190235271,0.3629037868770771,0.2740253306580026,1.3963489472190462,9.954649517849375e-08
2123,solver_residual_call,,,3.9878590700027416,7.784149190090083,0.3629037868737434,0.2740253311105023,1.3963489472190462,8.730353402187635e-08
2124,solver_residual_call,,,3.9898779569994076,7.784149190085813,0.3629037868845635,0.2740253301494177,1.3963489472190462,2.1073424255447017e-08
2125,solver_residual_call,,,3.9919400770013453,7.784149190085633,0.36290378686830627,0.27402533175639415,1.3963489472190462,2.1073424255447017e-08
2126,solver_residual_call,,,3.9943566549991374,7.784149190090327,0.3629037868775818,0.2740253303704262,1.3963489472190462,2.780150802250681e-08
2127,solver_residual_call,,,3.996524602000136,7.784149190686414,0.3629037868917355,0.2740253288117993,1.3963489472190462,4.1828955775592963e-08
2128,solver_residual_call,,,3.998600845996407,7.784149190282053,0.3629037868850513,0.27402532973214105,1.3963489472190462,3.780704658967945e-08
2129,solver_residual_call,,,4.000683145000949,7.784149190321922,0.362903786875005,0.2740253322339987,1.3963489472190462,2.4031442186502623e-08
2130,solver_residual_call,,,4.003108051998424,7.784149190085155,0.3629037869445508,0.27402533083772096,1.3963489472190462,2.385297349451614e-08
2131,solver_residual_call,,,4.005172701996344,7.78414919008476,0.3629037868782574,0.27402532865312973,1.3963489472190462,2.1073424255447017e-08
2132,solver_residual_call,,,4.007530399998359,7.784149190086438,0.3629037870110289,0.2740253331440803,1.3963489472190462,2.5333509027015824e-08
2133,solver_residual_call,,,4.010130003996892,7.784149190123364,0.3629037862691424,0.27402533007213126,1.3963489472190462,2.6670508484759523e-08
2134,solver_residual_call,,,4.012403423002979,7.784149190179767,0.3629037864206854,0.27402534909221643,1.3963489472190462,2.2936870325788397e-08
2135,solver_residual_call,,,4.014466387001448,7.784149190157366,0.36290378762507064,0.2740253235357866,1.3963489472190462,2.136751452856169e-08
2136,solver_residual_call,,,4.016491419999511,7.784149190082325,0.3629037868466216,0.2740253305597824,1.3963489472190462,2.7292117526725772e-08
2137,solver_residual_call,,,4.018527351996454,7.784149190084701,0.36290378692186626,0.27402533221506903,1.3963489472190462,2.7292117526725772e-08
2138,solver_residual_call,,,4.020529774999886,7.784149190085477,0.36290378714253047,0.27402533189260925,1.3963489472190462,2.1073424255447017e-08
2139,solver_residual_call,,,4.022729573000106,7.784149190136013,0.36290378590351635,0.27402534145787766,1.3963489472190462,2.1073424255447017e-08
2140,solver_residual_call,,,4.025687506000395,7.784149190117201,0.3629037843618518,0.2740253629899621,1.3963489472190462,2.1073424255447017e-08
2141,solver_residual_call,,,4.027849245001562,7.784149190128227,0.36290378292919645,0.2740253853129731,1.3963489472190462,2.1073424255447017e-08
2142,solver_residual_call,,,4.029618061998917,7.784149190083657,0.36290378687033803,0.2740253314459853,1.3963489482731068,2.7177873078283532e-08
2143,solver_residual_call,,,4.030750755002373,7.784149190085035,0.36290378744624807,0.2740253245491783,1.3963491289402343,2.7177873078283532e-08
2144,solver_residual_call,,,4.0319926619995385,7.784149190084611,0.3629037862885699,0.274025338107684,1.3963487633990646,2.1073424255447017e-08
2145,solver_residual_call,,,4.0331453350008815,7.7841491901519575,0.3629037860807554,0.2740253452067778,1.3963486093792186,2.1073424255447017e-08
2146,solver_residual_call,,,4.03426630100148,7.784149190100065,0.36290378656482375,0.27402533316518046,1.3963488572468068,2.1073424255447017e-08
2147,solver_residual_call,,,4.035445271001663,7.7841491902928155,0.36290377467669094,0.27402540314079193,1.3963440691176223,2.8332232049120277e-08
2148,solver_residual_call,,,4.036598211001547,7.78414919008614,0.3629037868418766,0.27402533254239064,1.3963489472190462,2.8332232049120277e-08
2149,solver_residual_call,,,4.037737571001344,7.784149190091606,0.3629037868846285,0.27402533042972066,1.3963489472190462,2.1073424255447017e-08
2150,solver_residual_call,,,4.039108504002797,7.78414919008817,0.36290378680750723,0.2740253344832114,1.3963489472190462,2.5163281732635647e-08
2151,solver_residual_call,,,4.0402416290016845,7.784149190093385,0.36290378698889314,0.27402532062574586,1.3963489472190462,3.553564746731041e-08
2152,solver_residual_call,,,4.041383174000657,7.784149190149412,0.3629037882276823,0.2740252876323916,1.3963489472190462,3.6871437708618264e-08
2153,solver_residual_call,,,4.042515351997281,7.784149190108173,0.3629037870251256,0.2740253229852238,1.3963489472190462,2.7016872974782753e-08
2154,solver_residual_call,,,4.043643541997881,7.784149190095693,0.3629037868870068,0.2740253288786839,1.3963489472190462,2.1073424255447017e-08
2155,solver_residual_call,,,4.044769834996259,7.784149190065395,0.36290378686746827,0.27402533176629135,1.3963489472190462,2.1073424255447017e-08
2156,solver_residual_call,,,4.045825048000552,7.784149190060629,0.3629037868976652,0.27402532710113037,1.3963489472190462,2.543181040151918e-08
2157,solver_residual_call,,,4.046925399998145,7.784149190093251,0.3629037869044261,0.27402532450171474,1.3963489472190462,3.6578029021774263e-08
2158,solver_residual_call,,,4.048037241998827,7.784149190104928,0.3629037869124693,0.27402531248686385,1.3963489472190462,3.369368541238853e-08
2159,solver_residual_call,,,4.049119333001727,7.784149190107855,0.36290378694210246,0.2740253073008289,1.3963489472190462,2.1073424255447017e-08
2160,solver_residual_call,,,4.050239203003002,7.784149190085107,0.36290378687339153,0.27402533190239176,1.3963489472190462,2.1073424255447017e-08
2161,solver_residual_call,,,4.051358147000428,7.784149190085014,0.3629037868764997,0.27402533237742205,1.3963489472190462,2.1073424255447017e-08
2162,solver_residual_call,,,4.052530460998241,7.78414919008636,0.3629037868703882,0.27402533387686734,1.3963489472190462,2.5262933477605587e-08
2163,solver_residual_call,,,4.053603268999723,7.784149190330609,0.3629037868749947,0.27402534090859176,1.3963489472190462,3.636906103725331e-08
2164,solver_residual_call,,,4.054937114000495,7.784149190141828,0.3629037865042634,0.27402535068223594,1.3963489472190462,3.359437456907919e-08
2165,solver_residual_call,,,4.05609735899634,7.784149190157949,0.36290378696844583,0.2740253420153486,1.3963489472190462,2.1073424255447017e-08
2166,solver_residual_call,,,4.057238137997047,7.784149190083425,0.3629037868521499,0.2740253318653593,1.3963489472190462,2.1073424255447017e-08
2167,solver_residual_call,,,4.058319787996879,7.784149190044208,0.36290378688060565,0.2740253309853762,1.3963489472190462,2.1073424255447017e-08
2168,solver_residual_call,,,4.05940903499868,7.7841491900602495,0.362903786838744,0.27402533247337135,1.3963489472190462,2.491700957299882e-08
2169,solver_residual_call,,,4.060516445999383,7.784149190097065,0.3629037867367923,0.274025340956281,1.3963489472190462,4.5358293571130215e-08
2170,solver_residual_call,,,4.061627233000763,7.784149190116934,0.36290378624989206,0.2740253566953743,1.3963489472190462,4.361605134432744e-08
2171,solver_residual_call,,,4.062714943000174,7.784149190112781,0.36290378663350586,0.2740253506919824,1.3963489472190462,2.2125738406645895e-08
2172,solver_residual_call,,,4.063834036001936,7.784149190084817,0.36290378687393837,0.2740253304484201,1.3963489472190462,2.162856917695432e-08
2173,solver_residual_call,,,4.064898746000836,7.784149190084736,0.3629037868737312,0.2740253309823189,1.3963489472190462,2.1895806566515098e-08
2174,solver_residual_call,,,4.0660100750028505,7.7841491900869775,0.3629037868752962,0.27402532835975796,1.3963489472190462,3.600385604260535e-08
2175,solver_residual_call,,,4.067138487000193,7.784149190111438,0.3629037868730022,0.2740253307992521,1.3963489472190462,3.5509724225745077e-08
2176,solver_residual_call,,,4.068284993998532,7.784149190218816,0.36290378687861846,0.27402533145883784,1.3963489472190462,3.222277592924394e-08
2177,solver_residual_call,,,4.069465034997847,7.784149190155889,0.3629037868778602,0.2740253328981434,1.3963489472190462,3.6674831052187855e-08
2178,solver_residual_call,,,4.070595905999653,7.784149190084781,0.3629037868736171,0.2740253313191425,1.3963489472190462,2.7401188915270125e-08
2179,solver_residual_call,,,4.071792385002482,7.784149190084744,0.36290378687361785,0.2740253310874656,1.3963489472190462,2.2098953729227638e-08
2180,solver_residual_call,,,4.072852243996749,7.784149190086028,0.36290378687362107,0.2740253318745427,1.3963489472190462,3.532554003503126e-08
2181,solver_residual_call,,,4.0739425950014265,7.784149190092689,0.3629037868737898,0.2740253311352979,1.3963489472190462,3.469321594620647e-08
2182,solver_residual_call,,,4.075015830996563,7.784149190114002,0.36290378687428254,0.2740253310694294,1.3963489472190462,2.1073424255447017e-08
2183,solver_residual_call,,,4.076126195999677,7.7841491901312025,0.3629037868746745,0.27402533088666536,1.3963489472190462,2.634658799157056e-08
2184,solver_residual_call,,,4.07720528000209,7.784149190084955,0.3629037868737946,0.27402533066546986,1.3963489472190462,2.634658799157056e-08
2185,solver_residual_call,,,4.078288529002748,7.784149190085009,0.36290378687356917,0.2740253312569545,1.3963489472190462,2.1073424255447017e-08
2186,solver_residual_call,,,4.079397374000109,7.784149190088419,0.3629037868737825,0.2740253313626103,1.3963489472190462,3.761236968885753e-08
2187,solver_residual_call,,,4.080456821000553,7.784149190118642,0.362903786874278,0.2740253314347202,1.3963489472190462,3.761236968885753e-08
2188,solver_residual_call,,,4.082001786002365,7.7841491901562225,0.36290378687533914,0.27402533107841637,1.3963489472190462,2.1073424255447017e-08
2189,solver_residual_call,,,4.083192967002105,7.7841491902442534,0.36290378687725405,0.2740253310812358,1.3963489472190462,3.152127818162109e-08
2190,solver_residual_call,,,4.084436883000308,7.784149190085117,0.36290378687303015,0.2740253316991582,1.3963489472190462,3.28646815819367e-08
2191,solver_residual_call,,,4.085796364000998,7.78414919008487,0.3629037868740399,0.27402533070602764,1.3963489472190462,2.3034442192703743e-08
2192,solver_residual_call,,,4.08722305399715,7.784149190085191,0.362903786872894,0.2740253316251509,1.3963489472190462,2.1073424255447017e-08
2193,solver_residual_call,,,4.0884536180019495,7.78414919010161,0.36290378687331654,0.27402533120019434,1.3963489472190462,2.1073424255447017e-08
2194,solver_residual_call,,,4.089697495001019,7.784149190143876,0.362903786875335,0.2740253312934785,1.3963489472190462,2.1073424255447017e-08
2195,solver_residual_call,,,4.091023460998258,7.7841491901944275,0.36290378687737207,0.2740253310284492,1.3963489472190462,2.9716301525199096e-08
2196,solver_residual_call,,,4.092285379003442,7.784149190084953,0.36290378687351904,0.27402533157413705,1.3963489472190462,2.9716301525199096e-08
2197,solver_residual_call,,,4.093399033001333,7.784149190085003,0.3629037868737057,0.2740253309036582,1.3963489472190462,2.1073424255447017e-08
2198,solver_residual_call,,,4.094480704996386,7.784149190090455,0.3629037868738103,0.27402532999883766,1.3963489472190462,3.757610796217611e-08
2199,solver_residual_call,,,4.095558128996345,7.784149190281546,0.3629037868785055,0.27402533018737185,1.3963489472190462,4.133298684034224e-08
2200,solver_residual_call,,,4.096645938996517,7.784149190237487,0.36290378687678415,0.27402533136585855,1.3963489472190462,3.0874309191639475e-08
2201,solver_residual_call,,,4.097746065002866,7.784149190198117,0.36290378687632036,0.2740253309420641,1.3963489472190462,3.19107488995428e-08
2202,solver_residual_call,,,4.098835324002721,7.784149190084744,0.3629037868736205,0.2740253312038303,1.3963489472190462,2.8383341041490714e-08
2203,solver_residual_call,,,4.100465796997014,7.784149190084717,0.36290378687361985,0.27402533109843646,1.3963489472190462,2.1073424255447017e-08
2204,solver_residual_call,,,4.101628302996687,7.784149190084969,0.36290378687362557,0.2740253314502666,1.3963489472190462,3.22851891501273e-08
2205,solver_residual_call,,,4.103085372997157,7.784149190112899,0.3629037868742671,0.2740253311879989,1.3963489472190462,5.272188740359529e-08
2206,solver_residual_call,,,4.104370403001667,7.78414919018649,0.3629037868759566,0.27402533106625776,1.3963489472190462,7.39975376064e-08
2207,solver_residual_call,,,4.106386419996852,7.78414919009145,0.36290378687377445,0.27402533114821126,1.3963489472190462,6.114222435332804e-08
2208,solver_residual_call,,,4.107684130998678,7.784149190085147,0.36290378687410374,0.27402533078222385,1.3963489472190462,2.7310714589317588e-08
2209,solver_residual_call,,,4.108824916998856,7.78414919008476,0.3629037868736975,0.27402533116466166,1.3963489472190462,2.7310714589317588e-08
2210,solver_residual_call,,,4.109993523998128,7.784149190084865,0.3629037868737608,0.27402533105928284,1.3963489472190462,2.1073424255447017e-08
2211,solver_residual_call,,,4.111478769998939,7.784149190101466,0.3629037868740236,0.27402533112339544,1.3963489472190462,3.254628524756873e-08
2212,solver_residual_call,,,4.112614716999815,7.784149190162877,0.3629037868754864,0.2740253310784488,1.3963489472190462,4.033910722177082e-08
2213,solver_residual_call,,,4.113708816999861,7.784149190137895,0.3629037868747578,0.2740253311378763,1.3963489472190462,3.597523808736582e-08
2214,solver_residual_call,,,4.114968855996267,7.784149190084648,0.3629037868734029,0.27402533115723193,1.3963489472190462,2.6948745191738405e-08
2215,solver_residual_call,,,4.116064542999084,7.784149190084934,0.36290378687471364,0.27402533103269394,1.3963489472190462,3.6129792532540863e-08
2216,solver_residual_call,,,4.117192536999937,7.784149190085147,0.36290378687347813,0.2740253311817847,1.3963489472190462,4.699368387543136e-08
2217,solver_residual_call,,,4.118306691001635,7.784149190089342,0.3629037868737318,0.2740253311011082,1.3963489472190462,3.6703318999643545e-08
2218,solver_residual_call,,,4.119431186001748,7.784149190127981,0.36290378687473573,0.2740253311315765,1.3963489472190462,3.167919079382008e-08
2219,solver_residual_call,,,4.1205548380021355,7.784149190100037,0.3629037868739555,0.27402533112340216,1.3963489472190462,3.167919079382008e-08
2220,solver_residual_call,,,4.1216534769991995,7.784149190085131,0.3629037868736296,0.2740253308694386,1.3963489472190462,2.772259955186958e-08
2221,solver_residual_call,,,4.122777609998593,7.784149190084915,0.3629037868736245,0.27402533117892197,1.3963489472190462,2.772259955186958e-08
2222,solver_residual_call,,,4.123923049002769,7.78414919008503,0.36290378687362707,0.27402533099624665,1.3963489472190462,2.1073424255447017e-08
2223,solver_residual_call,,,4.125029233000532,7.784149190133091,0.36290378687473074,0.27402533120105266,1.3963489472190462,2.48095404253435e-08
2224,solver_residual_call,,,4.126178995000373,7.7841491901087965,0.3629037868741728,0.27402533118693156,1.3963489472190462,2.48095404253435e-08
2225,solver_residual_call,,,4.127295639002114,7.784149190132237,0.3629037868747109,0.27402533126503636,1.3963489472190462,2.2167302740285262e-08
2226,solver_residual_call,,,4.128411067002162,7.784149190084881,0.3629037868742794,0.27402533089349396,1.3963489472190462,2.5784854924881024e-08
2227,solver_residual_call,,,4.129502449002757,7.78414919008472,0.36290378687347324,0.2740253311472945,1.3963489472190462,2.5094000755064313e-08
2228,solver_residual_call,,,4.130773994002084,7.784149190084792,0.3629037868741021,0.2740253309711533,1.3963489472190462,2.1484139564738813e-08
2229,solver_residual_call,,,4.132056640999508,7.784149190085914,0.36290378687332403,0.2740253311855836,1.3963489472190462,8.730188077008057e-08
2230,solver_residual_call,,,4.133171080000466,7.784149190100867,0.36290378687354985,0.27402533108411015,1.3963489472190462,8.849981649361798e-08
2231,solver_residual_call,,,4.134302758997364,7.784149190099104,0.36290378687385033,0.2740253312288296,1.3963489472190462,2.99948633725414e-08
2232,solver_residual_call,,,4.153087109996704,7.784149107717173,0.3629037796686812,0.2740256496043869,1.3963480082057405,5.507876208759253e-05
2233,solver_residual_call,,,4.155346797997481,7.784149112562984,0.36290376056273427,0.2740262158749473,1.3963480082057405,2.9939447809823605e-08
2234,solver_residual_call,,,4.157360151002649,7.784149108069791,0.362903781236192,0.27402561327799846,1.3963480082057405,3.344271430494515e-08
2235,solver_residual_call,,,4.159362056998361,7.784149108483556,0.3629037802630661,0.27402561632452976,1.3963480082057405,2.1073424255447017e-08
2236,solver_residual_call,,,4.161392011003045,7.784149107881995,0.36290378010640484,0.2740256320952311,1.3963480082057405,2.1073424255447017e-08
2237,solver_residual_call,,,4.16343959599908,7.784149107866983,0.36290377653280387,0.2740257294824885,1.3963480082057405,2.920902065192126e-08
2238,solver_residual_call,,,4.1654333240003325,7.784149108402692,0.36290378551682784,0.27402546088186014,1.3963480082057405,4.136837262045102e-08
2239,solver_residual_call,,,4.167532230996585,7.78414910895078,0.3629037793767819,0.2740256569044345,1.3963480082057405,3.6853120925111066e-08
2240,solver_residual_call,,,4.169551794002473,7.784149115792419,0.3629037768962957,0.2740259538892141,1.3963480082057405,3.106777802909728e-08
2241,solver_residual_call,,,4.17168698200112,7.784149110311717,0.362903779169768,0.2740258706380195,1.3963480082057405,3.2813046465262696e-08
2242,solver_residual_call,,,4.173697077996621,7.7841491081094585,0.36290377943696445,0.27402572924104296,1.3963480082057405,6.367198816342545e-08
2243,solver_residual_call,,,4.175692616998276,7.784149107827862,0.36290377986237166,0.27402559033733975,1.3963480082057405,6.234376427331353e-08
2244,solver_residual_call,,,4.177864653000142,7.784149108195676,0.36290378037373583,0.27402560615253096,1.3963480082057405,3.490487926559881e-08
2245,solver_residual_call,,,4.180075691998354,7.784149114390533,0.3629037256816956,0.2740256418090329,1.3963285623013246,4.040629799647565e-08
2246,solver_residual_call,,,4.182102537000901,7.784149110612167,0.3629037603774957,0.2740255703702357,1.3963413468794306,2.9307497976558226e-08
2247,solver_residual_call,,,4.184127218002686,7.784149110411669,0.36290378434076986,0.2740255671549603,1.3963509167860118,2.1085803670052574e-08
2248,solver_residual_call,,,4.186135668998759,7.784149109723192,0.3629037772605504,0.27402566030203557,1.3963468894270263,5.154725796975513e-08
2249,solver_residual_call,,,4.188179051001498,7.784149108651869,0.36290377800515683,0.2740255881478229,1.396347869642407,5.4421754833358405e-08
2250,solver_residual_call,,,4.190147779001563,7.78414910919053,0.3629037955848435,0.27402568615448575,1.3963542300355787,3.83573799373531e-08
2251,solver_residual_call,,,4.192137735997676,7.784149108527519,0.3629037796918208,0.2740256488904971,1.3963480082057405,3.571641806145303e-08
2252,solver_residual_call,,,4.194261368997104,7.7841491184182425,0.3629037799252433,0.27402565550237656,1.3963480082057405,3.4230937323654803e-08
2253,solver_residual_call,,,4.196423021996452,7.784149109628214,0.36290377970767085,0.2740256487467975,1.3963480082057405,3.260023852109472e-08
2254,solver_residual_call,,,4.198470757997711,7.7841491089793475,0.3629037797024835,0.27402565131300266,1.3963480082057405,4.222651924372409e-08
2255,solver_residual_call,,,4.200532706003287,7.784149108016515,0.3629037796743921,0.2740256492911764,1.3963480082057405,4.222651924372409e-08
2256,solver_residual_call,,,4.202635280998948,7.78414910992804,0.3629037797115682,0.27402564677847985,1.3963480082057405,5.131515857634493e-08
2257,solver_residual_call,,,4.204706732001796,7.784149107717199,0.3629037796686823,0.27402564946698693,1.3963480082057405,5.131515857634493e-08
2258,solver_residual_call,,,4.206691229999706,7.784149107717177,0.3629037796686813,0.27402564960570136,1.3963480082057405,2.172757284314087e-08
2259,solver_residual_call,,,4.208857603996876,7.784149107717369,0.36290377966868675,0.27402564930013684,1.3963480082057405,3.288208820605035e-08
2260,solver_residual_call,,,4.210938418000296,7.78414910775578,0.3629037796695668,0.2740256498583418,1.3963480082057405,5.7799930864964495e-08
2261,solver_residual_call,,,4.212996759000816,7.784149107867738,0.3629037796721387,0.2740256491514864,1.3963480082057405,9.954649635467224e-08
2262,solver_residual_call,,,4.215009674997418,7.784149107722542,0.36290377966880494,0.2740256496039727,1.3963480082057405,8.730353052129474e-08
2263,solver_residual_call,,,4.216997502997401,7.784149107717982,0.3629037796796181,0.2740256486428843,1.3963480082057405,2.1073424255447017e-08
2264,solver_residual_call,,,4.219023571997241,7.784149107717982,0.3629037796633652,0.274025650249862,1.3963480082057405,2.1073424255447017e-08
2265,solver_residual_call,,,4.221003890997963,7.784149107722417,0.3629037796726347,0.27402564886388486,1.3963480082057405,2.7801507835050493e-08
2266,solver_residual_call,,,4.223227353002585,7.784149108318702,0.36290377968679305,0.27402564730526785,1.3963480082057405,4.1828957121359506e-08
2267,solver_residual_call,,,4.225258815997222,7.784149107914337,0.3629037796801087,0.2740256482256088,1.3963480082057405,3.780704875156043e-08
2268,solver_residual_call,,,4.227306975997635,7.784149107954107,0.3629037796700599,0.2740256507274633,1.3963480082057405,2.4031444405129044e-08
2269,solver_residual_call,,,4.229638272998272,7.784149107717506,0.3629037797396094,0.274025649331155,1.3963480082057405,2.3852974881598347e-08
2270,solver_residual_call,,,4.231767340999795,7.784149107717201,0.36290377967331827,0.2740256471466136,1.3963480082057405,2.1073424255447017e-08
2271,solver_residual_call,,,4.233762160001788,7.784149107718699,0.3629037798060852,0.2740256516374727,1.3963480082057405,2.5333509027015824e-08
2272,solver_residual_call,,,4.235933894000482,7.78414910775568,0.3629037790642026,0.2740256485655582,1.3963480082057405,2.667051061718849e-08
2273,solver_residual_call,,,4.237963045001379,7.784149107812848,0.3629037792157622,0.2740256675858625,1.3963480082057405,2.2936873843098206e-08
2274,solver_residual_call,,,4.240123468996899,7.784149107789449,0.36290378042012006,0.2740256420290432,1.3963480082057405,2.1367515642547945e-08
2275,solver_residual_call,,,4.242172985999787,7.784149107717632,0.3629037796417521,0.27402564905324783,1.3963480082057405,2.7292117154670865e-08
2276,solver_residual_call,,,4.244237612001598,7.784149107717365,0.36290377971693044,0.27402565070858226,1.3963480082057405,2.7292117154670865e-08
2277,solver_residual_call,,,4.246252456003276,7.7841491077177905,0.3629037799375872,0.27402565038611626,1.3963480082057405,2.1073424255447017e-08
2278,solver_residual_call,,,4.248549340998579,7.784149107768488,0.36290377869858825,0.2740256599509422,1.3963480082057405,2.1073424255447017e-08
2279,solver_residual_call,,,4.250731929998437,7.784149107747862,0.36290377715686256,0.27402568148332257,1.3963480082057405,2.1073424255447017e-08
2280,solver_residual_call,,,4.25287525299791,7.784149107760382,0.36290377572426546,0.27402570380639696,1.3963480082057405,2.1073424255447017e-08
2281,solver_residual_call,,,4.255368224003178,7.784149107717568,0.3629037796654332,0.27402564993947237,1.3963480092597427,2.7177873078283532e-08
2282,solver_residual_call,,,4.257317789000808,7.7841491077176705,0.3629037802413123,0.2740256430426152,1.396348189926885,2.7177873078283532e-08
2283,solver_residual_call,,,4.2584999760001665,7.784149107717916,0.36290377908365234,0.27402565660122585,1.39634782438579,2.1073424255447017e-08
2284,solver_residual_call,,,4.259684564000054,7.784149107784812,0.3629037788758217,0.27402566370086917,1.396347670366372,2.1073424255447017e-08
2285,solver_residual_call,,,4.260815159002959,7.78414910773514,0.36290377935994544,0.2740256516586218,1.3963479182326395,2.1073424255447017e-08
2286,solver_residual_call,,,4.261980716000835,7.784149107925986,0.36290376747175174,0.2740257216346287,1.3963431301047302,2.833223261567997e-08
2287,solver_residual_call,,,4.263137059002474,7.784149107717091,0.3629037796369029,0.2740256510357454,1.3963480082057405,2.833223261567997e-08
2288,solver_residual_call,,,4.264237251001759,7.784149107715514,0.36290377967949244,0.27402564892296494,1.3963480082057405,2.1073424255447017e-08
2289,solver_residual_call,,,4.265288711998437,7.784149107716678,0.36290377960247666,0.2740256529764641,1.3963480082057405,2.516326491368754e-08
2290,solver_residual_call,,,4.266427832997579,7.784149107726099,0.36290377978396077,0.2740256391194675,1.3963480082057405,3.5535642304493376e-08
2291,solver_residual_call,,,4.267507327000203,7.784149107784569,0.36290378102283094,0.2740256061276523,1.3963480082057405,3.6871444889667407e-08
2292,solver_residual_call,,,4.268764227999782,7.784149107741921,0.36290377982021427,0.2740256414798091,1.3963480082057405,2.7016873900866095e-08
2293,solver_residual_call,,,4.269903120002709,7.784149107719009,0.3629037796818575,0.2740256473700454,1.3963480082057405,2.1073424255447017e-08
2294,solver_residual_call,,,4.271033131000877,7.784149107714325,0.36290377966291,0.27402565026198833,1.3963480082057405,2.1073424255447017e-08
2295,solver_residual_call,,,4.272095405998698,7.784149107713701,0.36290377969320253,0.2740256455912379,1.3963480082057405,2.5431948413443563e-08
2296,solver_residual_call,,,4.273194979999971,7.78414910772526,0.3629037796994727,0.27402564301182225,1.3963480082057405,3.6578130848477734e-08
2297,solver_residual_call,,,4.2742665499972645,7.784149107741183,0.3629037797076335,0.27402563096451016,1.3963480082057405,3.369369178517496e-08
2298,solver_residual_call,,,4.275368472997798,7.784149107740526,0.3629037797371521,0.27402562580720663,1.3963480082057405,2.1073424255447017e-08
2299,solver_residual_call,,,4.276514340999711,7.784149107717055,0.3629037796684408,0.2740256503958459,1.3963480082057405,2.1073424255447017e-08
2300,solver_residual_call,,,4.277576744003454,7.784149107717362,0.3629037796715589,0.2740256508708233,1.3963480082057405,2.1073424255447017e-08
2301,solver_residual_call,,,4.278680935000011,7.784149107718504,0.36290377966544135,0.2740256523704519,1.3963480082057405,2.5262933118995537e-08
2302,solver_residual_call,,,4.279767022999295,7.784149107962029,0.3629037796700331,0.27402565940258594,1.3963480082057405,3.63690666705049e-08
2303,solver_residual_call,,,4.280871420996846,7.7841491077734295,0.3629037792993036,0.2740256691754258,1.3963480082057405,3.359438093727657e-08
2304,solver_residual_call,,,4.281952204000845,7.784149107790139,0.3629037797635118,0.2740256605083983,1.3963480082057405,2.1073424255447017e-08
2305,solver_residual_call,,,4.283070623001549,7.784149107717814,0.3629037796472574,0.27402565035826815,1.3963480082057405,2.1073424255447017e-08
2306,solver_residual_call,,,4.284458859001461,7.784149107725696,0.36290377967680654,0.27402564947962393,1.3963480082057405,2.1073424255447017e-08
2307,solver_residual_call,,,4.2857957820015145,7.784149107722596,0.36290377963450204,0.27402565096630266,1.3963480082057405,2.4917269043274067e-08
2308,solver_residual_call,,,4.287089188997925,7.784149107724243,0.362903779531776,0.27402565945286167,1.3963480082057405,4.5358449266452235e-08
2309,solver_residual_call,,,4.288967403001152,7.784149107739968,0.3629037790448715,0.2740256751794587,1.3963480082057405,4.361606478956397e-08
2310,solver_residual_call,,,4.290344355002162,7.784149107738561,0.36290377942844926,0.27402566918091775,1.3963480082057405,2.2125736363338043e-08
2311,solver_residual_call,,,4.291637130998424,7.784149107717287,0.3629037796689998,0.2740256489418901,1.3963480082057405,2.1628567567570846e-08
2312,solver_residual_call,,,4.292790512998181,7.784149107717177,0.36290377966879195,0.2740256494757867,1.3963480082057405,2.1895805427666022e-08
2313,solver_residual_call,,,4.2939642400015146,7.784149107719431,0.36290377967035736,0.2740256468532281,1.3963480082057405,3.6003854952448185e-08
2314,solver_residual_call,,,4.295147170996643,7.784149107743891,0.3629037796680633,0.2740256492927296,1.3963480082057405,3.5509723822648655e-08
2315,solver_residual_call,,,4.296386620000703,7.784149107851306,0.3629037796736804,0.2740256499523425,1.3963480082057405,3.222277848862884e-08
2316,solver_residual_call,,,4.297541291998641,7.784149107788342,0.36290377967292126,0.27402565139162377,1.3963480082057405,3.667483316165962e-08
2317,solver_residual_call,,,4.298698592996516,7.784149107717241,0.3629037796686784,0.27402564981261224,1.3963480082057405,2.7401188728929068e-08
2318,solver_residual_call,,,4.300060396002664,7.7841491077171945,0.36290377966867915,0.27402564958093384,1.3963480082057405,2.2098952909367617e-08
2319,solver_residual_call,,,4.301230807999673,7.784149107718491,0.36290377966868265,0.27402565036801596,1.3963480082057405,3.532553912828209e-08
2320,solver_residual_call,,,4.302306247998786,7.784149107725158,0.36290377966885146,0.2740256496287677,1.3963480082057405,3.469321554516681e-08
2321,solver_residual_call,,,4.303473093998036,7.784149107746467,0.3629037796693441,0.2740256495629018,1.3963480082057405,2.1073424255447017e-08
2322,solver_residual_call,,,4.304587425001955,7.784149107763664,0.3629037796697361,0.2740256493801355,1.3963480082057405,2.634658817468895e-08
2323,solver_residual_call,,,4.305714495996654,7.784149107717439,0.36290377966885656,0.2740256491589399,1.3963480082057405,2.634658817468895e-08
2324,solver_residual_call,,,4.306860103002691,7.784149107717442,0.36290377966862997,0.2740256497504238,1.3963480082057405,2.1073424255447017e-08
2325,solver_residual_call,,,4.307977445998404,7.784149107720854,0.3629037796688433,0.2740256498560816,1.3963480082057405,3.761236846560391e-08
2326,solver_residual_call,,,4.309110905000125,7.784149107751094,0.3629037796693391,0.27402564992818945,1.3963480082057405,3.761236846560391e-08
2327,solver_residual_call,,,4.310209508003027,7.784149107788641,0.3629037796703996,0.27402564957188386,1.3963480082057405,2.1073424255447017e-08
2328,solver_residual_call,,,4.311360198997136,7.784149107876679,0.3629037796723147,0.27402564957470327,1.3963480082057405,3.1521278377288013e-08
2329,solver_residual_call,,,4.312491563003277,7.784149107717586,0.36290377966809184,0.27402565019262687,1.3963480082057405,3.286468200695973e-08
2330,solver_residual_call,,,4.31361551900045,7.784149107717314,0.3629037796691011,0.2740256491994965,1.3963480082057405,2.303444253135205e-08
2331,solver_residual_call,,,4.3148164419981185,7.784149107717653,0.3629037796679554,0.2740256501186191,1.3963480082057405,2.1073424255447017e-08
2332,solver_residual_call,,,4.315934462996665,7.784149107734069,0.3629037796683781,0.2740256496936632,1.3963480082057405,2.1073424255447017e-08
2333,solver_residual_call,,,4.317066850002448,7.784149107776353,0.36290377967039666,0.2740256497869478,1.3963480082057405,2.1073424255447017e-08
2334,solver_residual_call,,,4.318219966997276,7.784149107826899,0.3629037796724338,0.274025649521919,1.3963480082057405,2.9716302101530183e-08
2335,solver_residual_call,,,4.319429515002412,7.78414910771737,0.3629037796685794,0.27402565006760293,1.3963480082057405,2.9716302101530183e-08
2336,solver_residual_call,,,4.320536209997954,7.784149107717407,0.3629037796687658,0.2740256493971248,1.3963480082057405,2.1073424255447017e-08
2337,solver_residual_call,,,4.3216551119985525,7.784149107722868,0.36290377966887066,0.2740256484923064,1.3963480082057405,3.757610673914239e-08
2338,solver_residual_call,,,4.322773466003127,7.784149107913979,0.36290377967356624,0.2740256486808394,1.3963480082057405,4.133298438289523e-08
2339,solver_residual_call,,,4.3238959779992,7.784149107869973,0.36290377967184606,0.27402564985932876,1.3963480082057405,3.087431023932616e-08
2340,solver_residual_call,,,4.325058310998429,7.784149107830544,0.3629037796713809,0.27402564943553287,1.3963480082057405,3.191075165608654e-08
2341,solver_residual_call,,,4.326153490997967,7.784149107717215,0.3629037796686822,0.27402564969730403,1.3963480082057405,2.8383341041490714e-08
2342,solver_residual_call,,,4.327295606002735,7.784149107717183,0.36290377966868137,0.2740256495919065,1.3963480082057405,2.1073424255447017e-08
2343,solver_residual_call,,,4.328402453000308,7.784149107717442,0.36290377966868725,0.27402564994374157,1.3963480082057405,3.2285188362210646e-08
2344,solver_residual_call,,,4.329557823999494,7.784149107745366,0.3629037796693287,0.2740256496814716,1.3963480082057405,5.272189176811203e-08
2345,solver_residual_call,,,4.330791899999895,7.784149107818964,0.3629037796710183,0.2740256495597328,1.3963480082057405,7.399753892455646e-08
2346,solver_residual_call,,,4.331921409997449,7.78414910772392,0.36290377966883597,0.2740256496416834,1.3963480082057405,6.114222176913554e-08
2347,solver_residual_call,,,4.333055697999953,7.784149107717562,0.36290377966916415,0.2740256492756715,1.3963480082057405,2.7310714961480046e-08
2348,solver_residual_call,,,4.334196623000025,7.784149107717292,0.3629037796687607,0.27402564965812826,1.3963480082057405,2.7310714961480046e-08
2349,solver_residual_call,,,4.335345122002764,7.784149107717285,0.3629037796688213,0.2740256495527614,1.3963480082057405,2.1073424255447017e-08
2350,solver_residual_call,,,4.336475698997674,7.784149107733935,0.3629037796690854,0.27402564961686404,1.3963480082057405,3.254628722161616e-08
2351,solver_residual_call,,,4.337577719001274,7.784149107795368,0.3629037796705486,0.2740256495719197,1.3963480082057405,4.0339108195602535e-08
2352,solver_residual_call,,,4.33870086800016,7.784149107770432,0.36290377966982107,0.2740256496313611,1.3963480082057405,3.597523753202327e-08
2353,solver_residual_call,,,4.339845308000804,7.784149107717247,0.3629037796684676,0.2740256496507036,1.3963480082057405,2.694874537674998e-08
2354,solver_residual_call,,,4.3409671550034545,7.784149107717503,0.3629037796697776,0.27402564952616937,1.3963480082057405,3.6129790914302166e-08
2355,solver_residual_call,,,4.342065880999144,7.78414910771774,0.3629037796685427,0.2740256496752584,1.3963480082057405,4.6993682314318966e-08
2356,solver_residual_call,,,4.343203046999406,7.784149107721875,0.36290377966879495,0.2740256495945792,1.3963480082057405,3.67033185938003e-08
2357,solver_residual_call,,,4.344350642000791,7.784149107760548,0.36290377966979975,0.2740256496250501,1.3963480082057405,3.1679190989766796e-08
2358,solver_residual_call,,,4.345739525997487,7.784149107732638,0.3629037796690203,0.2740256496168743,1.3963480082057405,3.1679190989766796e-08
2359,solver_residual_call,,,4.346961053997802,7.784149107717596,0.36290377966869103,0.2740256493629082,1.3963480082057405,2.77225997391104e-08
2360,solver_residual_call,,,4.34837530599907,7.784149107717372,0.36290377966868587,0.2740256496723885,1.3963480082057405,2.77225997391104e-08
2361,solver_residual_call,,,4.3495576069981325,7.784149107717493,0.3629037796686885,0.2740256494897159,1.3963480082057405,2.1073424255447017e-08
2362,solver_residual_call,,,4.350707418998354,7.784149107765554,0.3629037796697922,0.27402564969452237,1.3963480082057405,2.4809542023131346e-08
2363,solver_residual_call,,,4.351886700002069,7.78414910774126,0.3629037796692343,0.2740256496804024,1.3963480082057405,2.4809542023131346e-08
2364,solver_residual_call,,,4.353034318999562,7.7841491077647005,0.36290377966977244,0.2740256497585059,1.3963480082057405,2.2167304219816422e-08
2365,solver_residual_call,,,4.3541939170027035,7.78414910771725,0.36290377966933884,0.2740256493869656,1.3963480082057405,2.5784855169276364e-08
2366,solver_residual_call,,,4.35532293599681,7.784149107717221,0.36290377966853554,0.2740256496407646,1.3963480082057405,2.5093998751325615e-08
2367,solver_residual_call,,,4.356493961000524,7.784149107717077,0.3629037796691594,0.27402564946461916,1.3963480082057405,2.1484138925116683e-08
2368,solver_residual_call,,,4.357716808997793,7.784149107718432,0.36290377966838683,0.2740256496790526,1.3963480082057405,8.730188001030644e-08
2369,solver_residual_call,,,4.35893287199724,7.784149107733236,0.3629037796686093,0.2740256495775789,1.3963480082057405,8.849981589316747e-08
2370,solver_residual_call,,,4.360102655002265,7.784149107731743,0.3629037796689159,0.27402564972230153,1.3963480082057405,2.999486446529363e-08
2371,solver_residual_call,,,4.381157376999909,7.784149104559718,0.3629037821637866,0.27402549436941986,1.3963484639271888,1.1233059065056303e-05
2372,solver_residual_call,,,4.383467774001474,7.784149109405836,0.36290376305789646,0.27402606064183055,1.3963484639271888,2.9939447809823605e-08
2373,solver_residual_call,,,4.385697571997298,7.784149104912652,0.36290378373129345,0.2740254580437185,1.3963484639271888,3.344271430494515e-08
2374,solver_residual_call,,,4.387764147002599,7.78414910532612,0.3629037827581686,0.2740254610896316,1.3963484639271888,2.1073424255447017e-08
2375,solver_residual_call,,,4.389818752002611,7.784149104724479,0.3629037826015058,0.2740254768604244,1.3963484639271888,2.1073424255447017e-08
2376,solver_residual_call,,,4.391908956997213,7.784149104709485,0.3629037790279158,0.27402557424796864,1.3963484639271888,2.920902065192126e-08
2377,solver_residual_call,,,4.393945850002638,7.784149105245461,0.3629037880119241,0.2740253056462753,1.3963484639271888,4.13683715619796e-08
2378,solver_residual_call,,,4.396066797999083,7.7841491057941585,0.3629037818719618,0.27402550167374584,1.3963484639271888,3.685311933516872e-08
2379,solver_residual_call,,,4.398283410999284,7.784149112634632,0.3629037793915852,0.2740257986478722,1.3963484639271888,3.106777811459461e-08
2380,solver_residual_call,,,4.400454344002355,7.784149107154633,0.36290378166488424,0.2740257153959939,1.3963484639271888,3.2813047932232586e-08
2381,solver_residual_call,,,4.402483015997859,7.784149104952836,0.36290378193209694,0.27402557400572586,1.3963484639271888,6.367198695626262e-08
2382,solver_residual_call,,,4.404639613996551,7.784149104669936,0.36290378235745885,0.27402543510352223,1.3963484639271888,6.23437625484433e-08
2383,solver_residual_call,,,4.406927730997268,7.784149105039241,0.3629037828688316,0.2740254509166695,1.3963484639271888,3.4904877257660095e-08
2384,solver_residual_call,,,4.409055994998198,7.78414911123573,0.3629037281766145,0.274025486591085,1.3963290180224668,4.040629626192283e-08
2385,solver_residual_call,,,4.411132907996944,7.784149107455156,0.3629037628726185,0.2740254151332412,1.396341802602927,2.9307498202617013e-08
2386,solver_residual_call,,,4.413197005997063,7.784149107254542,0.36290378683608726,0.27402541190563157,1.3963513725098424,2.108580398425532e-08
2387,solver_residual_call,,,4.415315289996215,7.784149106566597,0.36290377975563504,0.2740255050712663,1.3963473451472528,5.154725839488423e-08
2388,solver_residual_call,,,4.4175670519980486,7.7841491054916805,0.3629037805002466,0.27402543290886666,1.3963483253650548,5.4421753176103556e-08
2389,solver_residual_call,,,4.41983938300109,7.784149106029595,0.3629037980799504,0.27402553091432086,1.396354685757182,3.8357376303031084e-08
2390,solver_residual_call,,,4.421893799000827,7.78414910537026,0.36290378218693103,0.2740254936555027,1.3963484639271888,3.571641741026228e-08
2391,solver_residual_call,,,4.424644375001662,7.784149115261002,0.36290378242035354,0.27402550026735356,1.3963484639271888,3.423093838208986e-08
2392,solver_residual_call,,,4.426664011996763,7.784149106470993,0.3629037822027816,0.27402549351189653,1.3963484639271888,3.260023950855121e-08
2393,solver_residual_call,,,4.428705129001173,7.784149105821893,0.36290378219758884,0.27402549607805243,1.3963484639271888,4.222652090580115e-08
2394,solver_residual_call,,,4.430691793000733,7.784149104859081,0.362903782169498,0.27402549405621807,1.3963484639271888,4.222652090580115e-08
2395,solver_residual_call,,,4.432717556002899,7.78414910677067,0.3629037822066755,0.2740254915435859,1.3963484639271888,5.131516282587832e-08
2396,solver_residual_call,,,4.434771294996608,7.784149104559749,0.3629037821637877,0.2740254942320189,1.3963484639271888,5.131516282587832e-08
2397,solver_residual_call,,,4.438019487999554,7.78414910455972,0.36290378216378677,0.27402549437073465,1.3963484639271888,2.172757332793512e-08
2398,solver_residual_call,,,4.440146357002959,7.784149104559912,0.3629037821637922,0.27402549406516774,1.3963484639271888,3.288208872107316e-08
2399,solver_residual_call,,,4.442142763000447,7.784149104598324,0.3629037821646721,0.2740254946233746,1.3963484639271888,5.779992289280144e-08
2400,solver_residual_call,,,4.444159854996542,7.784149104710282,0.36290378216724406,0.2740254939165171,1.3963484639271888,9.954649473152193e-08
2401,solver_residual_call,,,4.446176152996486,7.784149104565082,0.3629037821639102,0.2740254943690059,1.3963484639271888,8.730353402187635e-08
2402,solver_residual_call,,,4.448222213999543,7.784149104560652,0.3629037821747264,0.27402549340791893,1.3963484639271888,2.1073424255447017e-08
2403,solver_residual_call,,,4.4502012680022744,7.784149104560626,0.3629037821584727,0.274025495014896,1.3963484639271888,2.1073424255447017e-08
2404,solver_residual_call,,,4.452194265999424,7.78414910456522,0.36290378216774594,0.2740254936289253,1.3963484639271888,2.7801508772332074e-08
2405,solver_residual_call,,,4.455442291000509,7.784149105161429,0.3629037821819025,0.2740254920703052,1.3963484639271888,4.182895774432128e-08
2406,solver_residual_call,,,4.4576130810019094,7.784149104756857,0.36290378217521335,0.2740254929906394,1.3963484639271888,3.780704732461256e-08
2407,solver_residual_call,,,4.4596377440029755,7.784149104796857,0.36290378216517,0.2740254954925009,1.3963484639271888,2.4031441299720015e-08
2408,solver_residual_call,,,4.461856533998798,7.784149104560094,0.3629037822347157,0.27402549409616755,1.3963484639271888,2.385297401467196e-08
2409,solver_residual_call,,,4.463919428999361,7.784149104559774,0.3629037821684244,0.2740254919116569,1.3963484639271888,2.1073424255447017e-08
2410,solver_residual_call,,,4.465958455999498,7.784149104561381,0.3629037823011937,0.27402549640245677,1.3963484639271888,2.5333509565728736e-08
2411,solver_residual_call,,,4.468019918997015,7.7841491045983595,0.36290378155931136,0.2740254933305283,1.3963484639271888,2.6670511413219416e-08
2412,solver_residual_call,,,4.470032240998989,7.784149104655437,0.3629037817108681,0.27402551235100403,1.3963484639271888,2.293687269118049e-08
2413,solver_residual_call,,,4.472098466998432,7.784149104632134,0.3629037829152284,0.2740254867940635,1.3963484639271888,2.1367514051139022e-08
2414,solver_residual_call,,,4.474128210997151,7.78414910456006,0.36290378213685354,0.27402549381828745,1.3963484639271888,2.7292117526725772e-08
2415,solver_residual_call,,,4.47652074600046,7.784149104559898,0.3629037822120363,0.2740254954735996,1.3963484639271888,2.7292117526725772e-08
2416,solver_residual_call,,,4.478585851000389,7.784149104560244,0.36290378243269134,0.27402549515113417,1.3963484639271888,2.1073424255447017e-08
2417,solver_residual_call,,,4.480611551996844,7.784149104610993,0.36290378119368777,0.27402550471609194,1.3963484639271888,2.1073424255447017e-08
2418,solver_residual_call,,,4.482882420998067,7.784149104590492,0.36290377965197423,0.2740255262483739,1.3963484639271888,2.1073424255447017e-08
2419,solver_residual_call,,,4.485034416000417,7.7841491046027045,0.36290377821935865,0.2740255485714536,1.3963484639271888,2.1073424255447017e-08
2420,solver_residual_call,,,4.486387044998992,7.784149104560036,0.362903782160537,0.2740254947045066,1.3963484649813498,2.7177873078283532e-08
2421,solver_residual_call,,,4.487538841996866,7.78414910456026,0.3629037827364196,0.2740254878076579,1.3963486456485108,2.7177873078283532e-08
2422,solver_residual_call,,,4.488754860998597,7.784149104560246,0.3629037815787523,0.2740255013662337,1.3963482801072895,2.1073424255447017e-08
2423,solver_residual_call,,,4.489849694000441,7.784149104627412,0.3629037813709296,0.27402550846571455,1.3963481260874204,2.1073424255447017e-08
2424,solver_residual_call,,,4.490942461998202,7.784149104577466,0.3629037818550456,0.2740254964236888,1.396348373954844,2.1073424255447017e-08
2425,solver_residual_call,,,4.492105937002634,7.784149104768483,0.3629037699668585,0.2740255663995137,1.396343585826156,2.833223186026705e-08
2426,solver_residual_call,,,4.493157605000306,7.784149104560172,0.36290378213202107,0.27402549580080426,1.3963484639271888,2.833223186026705e-08
2427,solver_residual_call,,,4.494260879000649,7.784149104560342,0.36290378217465064,0.27402549368805573,1.3963484639271888,2.1073424255447017e-08
2428,solver_residual_call,,,4.495551544998307,7.7841491045605435,0.3629037820976131,0.2740254977415539,1.3963484639271888,2.5163270818211184e-08
2429,solver_residual_call,,,4.496660010998312,7.784149104568855,0.36290378227907033,0.27402548388443887,1.3963484639271888,3.553564229154133e-08
2430,solver_residual_call,,,4.4977717970032245,7.784149104626507,0.36290378351791,0.2740254508923711,1.3963484639271888,3.687144139044263e-08
2431,solver_residual_call,,,4.499069391000376,7.784149104584305,0.3629037823153161,0.27402548624455425,1.3963484639271888,2.701687464173278e-08
2432,solver_residual_call,,,4.500175109002157,7.784149104560072,0.36290378217692865,0.27402549213477495,1.3963484639271888,2.1073424255447017e-08
2433,solver_residual_call,,,4.5012253480017534,7.784149104559251,0.3629037821580703,0.2740254950273381,1.3963484639271888,2.1073424255447017e-08
2434,solver_residual_call,,,4.502388210996287,7.784149104559512,0.3629037821883832,0.2740254903557978,1.3963484639271888,2.5431971445458637e-08
2435,solver_residual_call,,,4.503475274002994,7.784149104567778,0.36290378219457653,0.2740254877791487,1.3963484639271888,3.6578143926998715e-08
2436,solver_residual_call,,,4.504550461002509,7.784149104584342,0.3629037822027557,0.27402547572762204,1.3963484639271888,3.36936885987817e-08
2437,solver_residual_call,,,4.505716483996366,7.78414910458302,0.3629037822322534,0.27402547057427334,1.3963484639271888,2.1073424255447017e-08
2438,solver_residual_call,,,4.5068191300015314,7.784149104560216,0.36290378216356056,0.274025495160887,1.3963484639271888,2.1073424255447017e-08
2439,solver_residual_call,,,4.507975549997354,7.7841491045604,0.36290378216667535,0.27402549563590206,1.3963484639271888,2.1073424255447017e-08
2440,solver_residual_call,,,4.509184221999021,7.784149104561389,0.362903782160555,0.2740254971354302,1.3963484639271888,2.5262933656910613e-08
2441,solver_residual_call,,,4.510335851999116,7.784149104804972,0.3629037821651486,0.274025504167383,1.3963484639271888,3.6369065205920225e-08
2442,solver_residual_call,,,4.511481155997899,7.784149104615968,0.3629037817944087,0.2740255139406051,1.3963484639271888,3.359437894721486e-08
2443,solver_residual_call,,,4.512587204997544,7.784149104632852,0.362903782258618,0.2740255052736474,1.3963484639271888,2.1073424255447017e-08
2444,solver_residual_call,,,4.51373086500098,7.784149104559744,0.36290378214234825,0.27402549512341745,1.3963484639271888,2.1073424255447017e-08
2445,solver_residual_call,,,4.515205971001706,7.784149104558214,0.3629037821716788,0.2740254942444945,1.3963484639271888,2.1073424255447017e-08
2446,solver_residual_call,,,4.5165005210001254,7.784149104558853,0.362903782129461,0.2740254957314535,1.3963484639271888,2.4917217611803673e-08
2447,solver_residual_call,,,4.517626430002565,7.7841491045681455,0.36290378202690576,0.27402550421717503,1.3963484639271888,4.535841543083013e-08
2448,solver_residual_call,,,4.518776666001941,7.784149104584838,0.362903781540004,0.27402551994643026,1.3963484639271888,4.3616059699759806e-08
2449,solver_residual_call,,,4.519954944997153,7.784149104582444,0.36290378192357897,0.2740255139468336,1.3963484639271888,2.2125738874854788e-08
2450,solver_residual_call,,,4.521066121997137,7.784149104559832,0.3629037821641053,0.2740254937069234,1.3963484639271888,2.1628568694139264e-08
2451,solver_residual_call,,,4.5222092179974425,7.784149104559758,0.3629037821638983,0.2740254942408223,1.3963484639271888,2.1895806078436916e-08
2452,solver_residual_call,,,4.523360008999589,7.784149104561957,0.36290378216546226,0.27402549161825923,1.3963484639271888,3.6003855348215615e-08
2453,solver_residual_call,,,4.524585238999862,7.784149104586489,0.36290378216316993,0.27402549405775756,1.3963484639271888,3.5509723822648655e-08
2454,solver_residual_call,,,4.525782536999031,7.784149104693813,0.36290378216878494,0.27402549471735005,1.3963484639271888,3.222277730737426e-08
2455,solver_residual_call,,,4.526891979003267,7.784149104630881,0.3629037821680265,0.27402549615665056,1.3963484639271888,3.667483435136279e-08
2456,solver_residual_call,,,4.5280459389978205,7.784149104559779,0.36290378216378355,0.27402549457764314,1.3963484639271888,2.7401191710386038e-08
2457,solver_residual_call,,,4.529192672001955,7.784149104559741,0.3629037821637844,0.2740254943459656,1.3963484639271888,2.2098953237311623e-08
2458,solver_residual_call,,,4.530858108002576,7.784149104561021,0.36290378216378755,0.27402549513304575,1.3963484639271888,3.532553933343732e-08
2459,solver_residual_call,,,4.532096517999889,7.7841491045676925,0.36290378216395647,0.27402549439379986,1.3963484639271888,3.469321554516681e-08
2460,solver_residual_call,,,4.533205207000719,7.784149104589015,0.3629037821644494,0.2740254943279326,1.3963484639271888,2.1073424255447017e-08
2461,solver_residual_call,,,4.534325546002947,7.784149104606197,0.36290378216484115,0.27402549414516714,1.3963484639271888,2.634658982275452e-08
2462,solver_residual_call,,,4.535506175001501,7.784149104559972,0.3629037821639616,0.274025493923973,1.3963484639271888,2.634658982275452e-08
2463,solver_residual_call,,,4.53661728699808,7.784149104560014,0.36290378216373587,0.2740254945154579,1.3963484639271888,2.1073424255447017e-08
2464,solver_residual_call,,,4.537751360003313,7.784149104563389,0.3629037821639484,0.2740254946211137,1.3963484639271888,3.761236928110632e-08
2465,solver_residual_call,,,4.538846110001032,7.784149104593659,0.36290378216444497,0.2740254946932233,1.3963484639271888,3.761236928110632e-08
2466,solver_residual_call,,,4.53998707899882,7.784149104631226,0.3629037821655059,0.2740254943369198,1.3963484639271888,2.1073424255447017e-08
2467,solver_residual_call,,,4.541104308998911,7.784149104719245,0.3629037821674205,0.27402549433973716,1.3963484639271888,3.1521281116625023e-08
2468,solver_residual_call,,,4.542225259996485,7.784149104560128,0.362903782163197,0.274025494957659,1.3963484639271888,3.2864684159612727e-08
2469,solver_residual_call,,,4.54339779199654,7.7841491045599165,0.36290378216420777,0.2740254939645317,1.3963484639271888,2.3034441854055437e-08
2470,solver_residual_call,,,4.544502006996481,7.78414910456023,0.3629037821630615,0.2740254948836537,1.3963484639271888,2.1073424255447017e-08
2471,solver_residual_call,,,4.545801378997567,7.784149104576675,0.3629037821634848,0.27402549445869845,1.3963484639271888,2.1073424255447017e-08
2472,solver_residual_call,,,4.547092275999603,7.784149104618885,0.36290378216550173,0.27402549455198,1.3963484639271888,2.1073424255447017e-08
2473,solver_residual_call,,,4.548385119000159,7.784149104669501,0.3629037821675405,0.27402549428695533,1.3963484639271888,2.971630402263383e-08
2474,solver_residual_call,,,4.549621070997091,7.78414910455999,0.36290378216368663,0.2740254948326392,1.3963484639271888,2.971630402263383e-08
2475,solver_residual_call,,,4.550722553001833,7.784149104560067,0.362903782163874,0.27402549416216104,1.3963484639271888,2.1073424255447017e-08
2476,solver_residual_call,,,4.5518665479976335,7.784149104565436,0.3629037821639766,0.2740254932573267,1.3963484639271888,3.75761075544982e-08
2477,solver_residual_call,,,4.552997922997747,7.784149104756533,0.36290378216867186,0.27402549344587546,1.3963484639271888,4.133298744832199e-08
2478,solver_residual_call,,,4.554193716001464,7.784149104712538,0.362903782166952,0.27402549462436404,1.3963484639271888,3.087431185130792e-08
2479,solver_residual_call,,,4.555359190999297,7.784149104673055,0.3629037821664857,0.2740254942005637,1.3963484639271888,3.1910753062854144e-08
2480,solver_residual_call,,,4.556463314998837,7.784149104559752,0.36290378216378744,0.27402549446233165,1.3963484639271888,2.8383344254203578e-08
2481,solver_residual_call,,,4.5575977389962645,7.784149104559728,0.36290378216378677,0.27402549435694007,1.3963484639271888,2.1073424255447017e-08
2482,solver_residual_call,,,4.558689138000773,7.784149104559978,0.36290378216379243,0.2740254947087625,1.3963484639271888,3.228518895314814e-08
2483,solver_residual_call,,,4.559848388002138,7.784149104587904,0.3629037821644339,0.27402549444649754,1.3963484639271888,5.272188579158346e-08
2484,solver_residual_call,,,4.561129310997785,7.784149104661499,0.36290378216612357,0.27402549432477863,1.3963484639271888,7.399753618793826e-08
2485,solver_residual_call,,,4.562291649002873,7.784149104566453,0.36290378216394126,0.27402549440671375,1.3963484639271888,6.11422239226293e-08
2486,solver_residual_call,,,4.56342646000121,7.784149104560168,0.3629037821642708,0.2740254940407391,1.3963484639271888,2.7310714217155134e-08
2487,solver_residual_call,,,4.564560616003291,7.784149104559854,0.3629037821638663,0.27402549442316737,1.3963484639271888,2.7310714217155134e-08
2488,solver_residual_call,,,4.565687868001987,7.7841491045599165,0.36290378216392866,0.2740254943177856,1.3963484639271888,2.1073424255447017e-08
2489,solver_residual_call,,,4.566812650002248,7.784149104576577,0.3629037821641929,0.2740254943819072,1.3963484639271888,3.2546284063140295e-08
2490,solver_residual_call,,,4.56792277200293,7.784149104637886,0.36290378216565333,0.27402549433695356,1.3963484639271888,4.033910642086954e-08
2491,solver_residual_call,,,4.569051220001711,7.784149104612936,0.36290378216492547,0.2740254943963739,1.3963484639271888,3.5975238953802125e-08
2492,solver_residual_call,,,4.570176786000957,7.784149104559838,0.3629037821635739,0.27402549441573826,1.3963484639271888,2.6948746116796295e-08
2493,solver_residual_call,,,4.571296294001513,7.784149104560052,0.362903782164883,0.27402549429120154,1.3963484639271888,3.6129792532540863e-08
2494,solver_residual_call,,,4.572424243997375,7.784149104560294,0.36290378216364816,0.27402549444029217,1.3963484639271888,4.6993683558456973e-08
2495,solver_residual_call,,,4.5735176610032795,7.784149104564417,0.36290378216390023,0.2740254943596122,1.3963484639271888,3.67033185938003e-08
2496,solver_residual_call,,,4.574632982999901,7.78414910460306,0.3629037821649042,0.27402549439008167,1.3963484639271888,3.1679190401926626e-08
2497,solver_residual_call,,,4.5759833970005275,7.78414910457515,0.36290378216412483,0.2740254943819069,1.3963484639271888,3.1679190401926626e-08
2498,solver_residual_call,,,4.577136580002843,7.78414910456014,0.36290378216379643,0.2740254941279408,1.3963484639271888,2.7722599364628765e-08
2499,solver_residual_call,,,4.578282144997502,7.784149104559926,0.3629037821637913,0.27402549443742286,1.3963484639271888,2.7722599364628765e-08
2500,solver_residual_call,,,4.579423798000789,7.784149104560042,0.36290378216379404,0.27402549425474976,1.3963484639271888,2.1073424255447017e-08
2501,solver_residual_call,,,4.5805442139972,7.784149104608102,0.3629037821648976,0.27402549445955543,1.3963484639271888,2.480954060287548e-08
2502,solver_residual_call,,,4.58169064699905,7.784149104583801,0.36290378216433955,0.27402549444543334,1.3963484639271888,2.480954060287548e-08
2503,solver_residual_call,,,4.582782705998397,7.784149104607239,0.3629037821648777,0.27402549452353625,1.3963484639271888,2.216730290467761e-08
2504,solver_residual_call,,,4.583965225996508,7.784149104559798,0.36290378216444413,0.27402549415201266,1.3963484639271888,2.5784849072102515e-08
2505,solver_residual_call,,,4.585069246997591,7.784149104559781,0.3629037821636412,0.27402549440579366,1.3963484639271888,2.5093993918872568e-08
2506,solver_residual_call,,,4.58618751099857,7.784149104559808,0.362903782164269,0.27402549422966616,1.3963484639271888,2.1484143916789573e-08
2507,solver_residual_call,,,4.587365851002687,7.784149104561068,0.3629037821634942,0.2740254944440865,1.3963484639271888,8.730188728467068e-08
2508,solver_residual_call,,,4.588459837003029,7.784149104575917,0.3629037821637177,0.27402549434261103,1.3963484639271888,8.849982287921854e-08
2509,solver_residual_call,,,4.589574575998995,7.784149104574211,0.36290378216401936,0.27402549448730595,1.3963484639271888,2.9994867890184735e-08
