observer_type,observer_id,camera_name,frame_id,image_path,marker_id,marker_length_m,fx,fy,cx,cy,pnp_success,rvec_x,rvec_y,rvec_z,tvec_x_m,tvec_y_m,tvec_z_m,distance_m,center_u,center_v,area_px2,corner0_u,corner0_v,corner1_u,corner1_v,corner2_u,corner2_v,corner3_u,corner3_v
moving,moving_frame_000000,moving_calib_camera,0,results/bus_real_data/ablation/moving_cam/fov/00_prepared_datasets/fov_80deg/raw_images/moving/frame_0000.png,6,0.17,929.46709573,929.46709573,640.0,360.0,True,2.7246546131188314,0.010795309579265189,-0.09483541824967401,-0.5004203231266269,0.22650348028216566,2.3910322704836138,2.4533160507509253,445.5,448.5,4095.0,417.0,417.0,481.0,417.0,475.0,480.0,409.0,480.0
moving,moving_frame_000000,moving_calib_camera,0,results/bus_real_data/ablation/moving_cam/fov/00_prepared_datasets/fov_80deg/raw_images/moving/frame_0000.png,7,0.17,929.46709573,929.46709573,640.0,360.0,True,2.6917583690389044,0.009014086094140932,-0.06874362186264414,-0.9233366543846754,0.22373064669752074,2.3628420299037485,2.546689701923193,276.75,448.5,4126.5,251.0,417.0,315.0,417.0,304.0,480.0,237.0,480.0
moving,moving_frame_000001,moving_calib_camera,1,results/bus_real_data/ablation/moving_cam/fov/00_prepared_datasets/fov_80deg/raw_images/moving/frame_0001.png,6,0.17,929.46709573,929.46709573,640.0,360.0,True,2.7246546131188314,0.010795309579265189,-0.09483541824967401,-0.5004203231266269,0.22650348028216566,2.3910322704836138,2.4533160507509253,445.5,448.5,4095.0,417.0,417.0,481.0,417.0,475.0,480.0,409.0,480.0
moving,moving_frame_000001,moving_calib_camera,1,results/bus_real_data/ablation/moving_cam/fov/00_prepared_datasets/fov_80deg/raw_images/moving/frame_0001.png,7,0.17,929.46709573,929.46709573,640.0,360.0,True,2.6917583690389044,0.009014086094140932,-0.06874362186264414,-0.9233366543846754,0.22373064669752074,2.3628420299037485,2.546689701923193,276.75,448.5,4126.5,251.0,417.0,315.0,417.0,304.0,480.0,237.0,480.0
moving,moving_frame_000002,moving_calib_camera,2,results/bus_real_data/ablation/moving_cam/fov/00_prepared_datasets/fov_80deg/raw_images/moving/frame_0002.png,5,0.17,929.46709573,929.46709573,640.0,360.0,True,-3.1417218832261815,2.8350907846757444e-07,-2.6221888099394997e-06,1.0334211440888863,-0.8992105876803422,8.31628524116164,8.428353288419354,755.5,259.5,361.0,746.0,250.0,765.0,250.0,765.0,269.0,746.0,269.0
moving,moving_frame_000002,moving_calib_camera,2,results/bus_real_data/ablation/moving_cam/fov/00_prepared_datasets/fov_80deg/raw_images/moving/frame_0002.png,6,0.17,929.46709573,929.46709573,640.0,360.0,True,2.996884185638221,0.018525999498295854,-0.08497205663325721,-0.5180114611807716,-1.157415067540503,8.057409033638368,8.15657929820103,580.25,226.5,370.5,571.0,217.0,590.0,217.0,590.0,236.0,570.0,236.0
moving,moving_frame_000002,moving_calib_camera,2,results/bus_real_data/ablation/moving_cam/fov/00_prepared_datasets/fov_80deg/raw_images/moving/frame_0002.png,7,0.17,929.46709573,929.46709573,640.0,360.0,True,-2.8379393947123983,7.08101636202582e-14,-0.34044264254807843,-0.9974304573386752,-1.1942329205283762,8.31628696621374,8.46059623727058,528.5,226.5,361.0,519.0,217.0,538.0,217.0,538.0,236.0,519.0,236.0
moving,moving_frame_000003,moving_calib_camera,3,results/bus_real_data/ablation/moving_cam/fov/00_prepared_datasets/fov_80deg/raw_images/moving/frame_0003.png,5,0.17,929.46709573,929.46709573,640.0,360.0,True,3.141625007731495,2.768302026251907e-07,-2.2672211944832303e-06,0.7828948012748784,-1.015526369869974,8.316285065012773,8.41455972468667,727.5,246.5,361.0,718.0,237.0,737.0,237.0,737.0,256.0,718.0,256.0
moving,moving_frame_000003,moving_calib_camera,3,results/bus_real_data/ablation/moving_cam/fov/00_prepared_datasets/fov_80deg/raw_images/moving/frame_0003.png,7,0.17,929.46709573,929.46709573,640.0,360.0,True,2.9691792597427025,-0.029384273136167715,0.11938258685523519,-1.2525698068970974,-1.2570801306662784,7.9745998551311414,8.169664890650276,494.0,213.5,380.0,484.0,204.0,504.0,204.0,504.0,223.0,484.0,223.0
moving,moving_frame_000003,moving_calib_camera,3,results/bus_real_data/ablation/moving_cam/fov/00_prepared_datasets/fov_80deg/raw_images/moving/frame_0003.png,6,0.17,929.46709573,929.46709573,640.0,360.0,True,3.030353727263469,-0.04387522534518792,0.20723599635285953,-0.8070254733732676,-1.2818964625926152,8.132414246092312,8.272285665130648,547.75,213.5,370.5,538.0,204.0,557.0,204.0,558.0,223.0,538.0,223.0
moving,moving_frame_000004,moving_calib_camera,4,results/bus_real_data/ablation/moving_cam/fov/00_prepared_datasets/fov_80deg/raw_images/moving/frame_0004.png,1,0.17,929.46709573,929.46709573,640.0,360.0,True,1.8997117366063425,-0.09143740698875567,0.0843537414955896,0.36571330335103014,-0.13732813652956355,2.5391649970488253,2.569039532504038,774.0,310.0,1052.0,737.0,302.0,796.0,301.0,813.0,318.0,750.0,319.0
moving,moving_frame_000004,moving_calib_camera,4,results/bus_real_data/ablation/moving_cam/fov/00_prepared_datasets/fov_80deg/raw_images/moving/frame_0004.png,5,0.17,929.46709573,929.46709573,640.0,360.0,True,-2.7161661361558758,0.0530358957220777,0.25806674196251095,0.5025083615599284,-1.0704403778260372,7.852236781414725,7.9407795415387445,699.5,233.25,390.5,689.0,224.0,709.0,223.0,710.0,243.0,690.0,243.0
moving,moving_frame_000004,moving_calib_camera,4,results/bus_real_data/ablation/moving_cam/fov/00_prepared_datasets/fov_80deg/raw_images/moving/frame_0004.png,7,0.17,929.46709573,929.46709573,640.0,360.0,True,2.994444461422835,-0.03244664173019744,0.131710852146155,-1.4887163704498283,-1.3043698784513826,7.624199592891112,7.8769332004084935,458.5,201.0,420.0,448.0,191.0,469.0,191.0,469.0,211.0,448.0,211.0
moving,moving_frame_000004,moving_calib_camera,4,results/bus_real_data/ablation/moving_cam/fov/00_prepared_datasets/fov_80deg/raw_images/moving/frame_0004.png,6,0.17,929.46709573,929.46709573,640.0,360.0,True,-3.134833488299924,0.0387833715325794,-0.014221379465538659,-1.0430508377614063,-1.3250734773091086,7.709657309543479,7.891931994196352,514.25,200.25,420.5,504.0,190.0,524.0,190.0,525.0,210.0,504.0,211.0
moving,moving_frame_000005,moving_calib_camera,5,results/bus_real_data/ablation/moving_cam/fov/00_prepared_datasets/fov_80deg/raw_images/moving/frame_0005.png,1,0.17,929.46709573,929.46709573,640.0,360.0,True,1.9175386684331452,-0.1284864360067302,0.10568794223827291,0.30357062740388197,-0.1340163117902015,2.403913458302402,2.4267087614000262,757.5,308.5,1250.0,718.0,300.0,780.0,298.0,799.0,317.0,733.0,319.0
moving,moving_frame_000005,moving_calib_camera,5,results/bus_real_data/ablation/moving_cam/fov/00_prepared_datasets/fov_80deg/raw_images/moving/frame_0005.png,5,0.17,929.46709573,929.46709573,640.0,360.0,True,3.007156348114804,-0.05818470583616593,0.10097597457064156,0.257644229968028,-1.1250398408561197,7.481734847016541,7.570234574556524,672.0,220.25,431.0,661.0,210.0,682.0,210.0,683.0,230.0,662.0,231.0
moving,moving_frame_000005,moving_calib_camera,5,results/bus_real_data/ablation/moving_cam/fov/00_prepared_datasets/fov_80deg/raw_images/moving/frame_0005.png,7,0.17,929.46709573,929.46709573,640.0,360.0,True,3.0286803125572783,-0.08490857423901771,0.36656186757804027,-1.7239980674943416,-1.3596489693787897,7.368371273942081,7.688544068112758,422.5,188.5,462.0,411.0,178.0,433.0,178.0,434.0,199.0,412.0,199.0
moving,moving_frame_000005,moving_calib_camera,5,results/bus_real_data/ablation/moving_cam/fov/00_prepared_datasets/fov_80deg/raw_images/moving/frame_0005.png,6,0.17,929.46709573,929.46709573,640.0,360.0,True,2.991903935234383,-0.08139404810668172,0.31915702104772475,-1.2480430429514568,-1.3501102277888735,7.274038950225569,7.502802923817096,480.5,187.5,462.0,469.0,177.0,491.0,177.0,492.0,198.0,470.0,198.0
moving,moving_frame_000006,moving_calib_camera,6,results/bus_real_data/ablation/moving_cam/fov/00_prepared_datasets/fov_80deg/raw_images/moving/frame_0006.png,2,0.17,929.46709573,929.46709573,640.0,360.0,True,-3.110422579866981,0.09636410086326283,-0.007262319278242989,0.06598176293515132,-0.05335068555351653,3.8932231984931924,3.8941477581076227,655.75,347.25,1646.5,634.0,328.0,675.0,326.0,677.0,366.0,637.0,369.0
moving,moving_frame_000006,moving_calib_camera,6,results/bus_real_data/ablation/moving_cam/fov/00_prepared_datasets/fov_80deg/raw_images/moving/frame_0006.png,1,0.17,929.46709573,929.46709573,640.0,360.0,True,1.9374572731736452,-0.1698178077741362,0.12486257975542027,0.2510195260622163,-0.12689066172201832,2.2623851513513693,2.2798023194022567,743.25,308.25,1519.5,701.0,299.0,766.0,296.0,788.0,317.0,718.0,321.0
moving,moving_frame_000006,moving_calib_camera,6,results/bus_real_data/ablation/moving_cam/fov/00_prepared_datasets/fov_80deg/raw_images/moving/frame_0006.png,5,0.17,929.46709573,929.46709573,640.0,360.0,True,-2.7078700001378753,0.045221717615258186,0.28832425910855825,0.034320496699182045,-1.235108668930817,7.542502593309369,7.643037137855623,644.25,207.75,421.0,633.0,198.0,654.0,197.0,655.0,218.0,635.0,218.0
moving,moving_frame_000006,moving_calib_camera,6,results/bus_real_data/ablation/moving_cam/fov/00_prepared_datasets/fov_80deg/raw_images/moving/frame_0006.png,7,0.17,929.46709573,929.46709573,640.0,360.0,True,3.0390290630010983,-0.10098147394105357,0.1311972311582808,-1.9196529622983616,-1.3815612029742497,6.997401399358575,7.386298477381608,385.0,176.5,507.0,373.0,166.0,396.0,165.0,397.0,187.0,374.0,188.0
moving,moving_frame_000006,moving_calib_camera,6,results/bus_real_data/ablation/moving_cam/fov/00_prepared_datasets/fov_80deg/raw_images/moving/frame_0006.png,6,0.17,929.46709573,929.46709573,640.0,360.0,True,3.1083350838911974,-0.11026740715786422,0.18624528244247995,-1.489877259733149,-1.4152388740859452,7.129500324622339,7.419731140586163,445.75,175.5,496.5,434.0,165.0,456.0,164.0,458.0,186.0,435.0,187.0
moving,moving_frame_000007,moving_calib_camera,7,results/bus_real_data/ablation/moving_cam/fov/00_prepared_datasets/fov_80deg/raw_images/moving/frame_0007.png,2,0.17,929.46709573,929.46709573,640.0,360.0,True,3.0739027911710477,-0.13860324376840513,0.26678919262111406,-0.023525712274528744,-0.06073920769799786,3.694944492932536,3.695518572046727,634.0,344.75,1799.0,611.0,325.0,653.0,322.0,657.0,364.0,615.0,368.0
moving,moving_frame_000007,moving_calib_camera,7,results/bus_real_data/ablation/moving_cam/fov/00_prepared_datasets/fov_80deg/raw_images/moving/frame_0007.png,1,0.17,929.46709573,929.46709573,640.0,360.0,True,1.958806047046078,-0.21910170380674246,0.14752590255189002,0.20918375957542756,-0.11380281466002591,2.1277550350215977,2.1410395640796587,731.5,310.75,1866.0,686.0,301.0,754.0,296.0,780.0,320.0,706.0,326.0
moving,moving_frame_000007,moving_calib_camera,7,results/bus_real_data/ablation/moving_cam/fov/00_prepared_datasets/fov_80deg/raw_images/moving/frame_0007.png,5,0.17,929.46709573,929.46709573,640.0,360.0,True,-2.709097856044547,0.0379959023420925,0.21684152299357637,-0.18086595470036565,-1.2803149300957728,7.2254101929552395,7.340195588011078,616.75,195.25,463.0,605.0,185.0,627.0,184.0,628.0,206.0,607.0,206.0
moving,moving_frame_000007,moving_calib_camera,7,results/bus_real_data/ablation/moving_cam/fov/00_prepared_datasets/fov_80deg/raw_images/moving/frame_0007.png,7,0.17,929.46709573,929.46709573,640.0,360.0,True,3.1130089894031663,-0.1354926739598809,0.3125405813354088,-2.1639860695282223,-1.435451981810132,6.8420290422412595,7.318245658357451,346.0,165.0,554.0,333.0,154.0,357.0,153.0,359.0,176.0,335.0,177.0
moving,moving_frame_000007,moving_calib_camera,7,results/bus_real_data/ablation/moving_cam/fov/00_prepared_datasets/fov_80deg/raw_images/moving/frame_0007.png,6,0.17,929.46709573,929.46709573,640.0,360.0,True,3.06126129074852,-0.14275614828481703,0.3111141924123908,-1.6707479012862478,-1.4312824773770512,6.7526446373086415,7.10198406626431,410.0,163.0,554.0,397.0,152.0,421.0,151.0,423.0,174.0,399.0,175.0
moving,moving_frame_000008,moving_calib_camera,8,results/bus_real_data/ablation/moving_cam/fov/00_prepared_datasets/fov_80deg/raw_images/moving/frame_0008.png,2,0.17,929.46709573,929.46709573,640.0,360.0,True,-3.034195547742243,0.14634731200644455,-0.2962252736567536,-0.10204745336816168,-0.06339249212059124,3.526612921962447,3.528658525863433,613.0,343.25,1976.0,589.0,323.0,633.0,319.0,637.0,363.0,593.0,368.0
moving,moving_frame_000008,moving_calib_camera,8,results/bus_real_data/ablation/moving_cam/fov/00_prepared_datasets/fov_80deg/raw_images/moving/frame_0008.png,1,0.17,929.46709573,929.46709573,640.0,360.0,True,1.9715244009210586,-0.24813659794743007,0.16749090983541465,0.17526779237089707,-0.09398451991714606,1.95981368026918,1.9698785623476518,723.25,316.0,2327.5,673.0,305.0,747.0,299.0,776.0,326.0,697.0,334.0
moving,moving_frame_000008,moving_calib_camera,8,results/bus_real_data/ablation/moving_cam/fov/00_prepared_datasets/fov_80deg/raw_images/moving/frame_0008.png,5,0.17,929.46709573,929.46709573,640.0,360.0,True,-3.042334204679902,0.14500505467070726,-0.4803303328966922,-0.37950849591308894,-1.3181415143238726,6.922184257169263,7.056781039571529,589.0,183.0,508.0,577.0,172.0,599.0,171.0,601.0,194.0,579.0,195.0
moving,moving_frame_000008,moving_calib_camera,8,results/bus_real_data/ablation/moving_cam/fov/00_prepared_datasets/fov_80deg/raw_images/moving/frame_0008.png,7,0.17,929.46709573,929.46709573,640.0,360.0,True,-2.995550652561125,0.15241525671616815,-0.527264204313418,-2.3086401137490813,-1.421905696784118,6.416111857957006,6.965495413764551,305.5,154.0,653.0,291.0,142.0,317.0,141.0,320.0,166.0,294.0,167.0
moving,moving_frame_000008,moving_calib_camera,8,results/bus_real_data/ablation/moving_cam/fov/00_prepared_datasets/fov_80deg/raw_images/moving/frame_0008.png,6,0.17,929.46709573,929.46709573,640.0,360.0,True,3.061246613489716,-0.19168897529092516,0.525349548977777,-1.8721217289792624,-1.4622594517179779,6.518461689266689,6.937822804503758,373.0,151.5,603.0,359.0,140.0,384.0,139.0,387.0,163.0,362.0,164.0
moving,moving_frame_000009,moving_calib_camera,9,results/bus_real_data/ablation/moving_cam/fov/00_prepared_datasets/fov_80deg/raw_images/moving/frame_0009.png,2,0.17,929.46709573,929.46709573,640.0,360.0,True,3.0808922228227495,-0.16265013146688806,0.32925669245651135,-0.1684172408108888,-0.060927525522843105,3.3752318278450133,3.3799802398929315,593.5,343.25,2161.5,568.0,322.0,614.0,318.0,619.0,364.0,573.0,369.0
moving,moving_frame_000009,moving_calib_camera,9,results/bus_real_data/ablation/moving_cam/fov/00_prepared_datasets/fov_80deg/raw_images/moving/frame_0009.png,1,0.17,929.46709573,929.46709573,640.0,360.0,True,1.9968701192355804,-0.28737914822694477,0.19926720477765034,0.1534927048593063,-0.07072009630979931,1.814594199661565,1.8224471053812479,718.75,324.5,2973.0,664.0,312.0,742.0,304.0,777.0,336.0,692.0,346.0
moving,moving_frame_000009,moving_calib_camera,9,results/bus_real_data/ablation/moving_cam/fov/00_prepared_datasets/fov_80deg/raw_images/moving/frame_0009.png,5,0.17,929.46709573,929.46709573,640.0,360.0,True,3.089969707097257,-0.1681651534622713,0.4747402368817063,-0.5788744917406663,-1.3900486623217367,6.835964011315436,6.999838207045238,561.25,171.0,520.0,549.0,160.0,571.0,159.0,574.0,182.0,551.0,183.0
moving,moving_frame_000009,moving_calib_camera,9,results/bus_real_data/ablation/moving_cam/fov/00_prepared_datasets/fov_80deg/raw_images/moving/frame_0009.png,7,0.17,929.46709573,929.46709573,640.0,360.0,True,-2.5840839792055514,0.06639957854001703,-0.5733712511311484,-2.4878083793607755,-1.429174169030152,6.130833630842005,6.76896227991441,262.75,143.25,706.5,247.0,131.0,275.0,130.0,278.0,155.0,251.0,157.0
moving,moving_frame_000009,moving_calib_camera,9,results/bus_real_data/ablation/moving_cam/fov/00_prepared_datasets/fov_80deg/raw_images/moving/frame_0009.png,6,0.17,929.46709573,929.46709573,640.0,360.0,True,3.0282156415604304,-0.21477221381068107,0.5745934668385922,-2.0397257961681916,-1.4704364156977527,6.212182257213403,6.701781328348533,334.75,140.0,666.0,320.0,128.0,346.0,127.0,350.0,152.0,323.0,153.0
moving,moving_frame_000010,moving_calib_camera,10,results/bus_real_data/ablation/moving_cam/fov/00_prepared_datasets/fov_80deg/raw_images/moving/frame_0010.png,2,0.17,929.46709573,929.46709573,640.0,360.0,True,-3.0817956662776753,0.2053677120312792,-0.21579886589566724,-0.22633053929454147,-0.05115408820143585,3.2285283205236404,3.23685609352351,574.75,345.25,2394.5,547.0,324.0,596.0,318.0,602.0,366.0,554.0,373.0
moving,moving_frame_000010,moving_calib_camera,10,results/bus_real_data/ablation/moving_cam/fov/00_prepared_datasets/fov_80deg/raw_images/moving/frame_0010.png,1,0.17,929.46709573,929.46709573,640.0,360.0,True,2.01644138657564,-0.33567745796646054,0.22335431298897293,0.1425610550957618,-0.04342289920901287,1.669848956788772,1.6764858308659465,719.5,336.75,3824.5,659.0,323.0,742.0,312.0,784.0,349.0,693.0,363.0
moving,moving_frame_000010,moving_calib_camera,10,results/bus_real_data/ablation/moving_cam/fov/00_prepared_datasets/fov_80deg/raw_images/moving/frame_0010.png,5,0.17,929.46709573,929.46709573,640.0,360.0,True,3.032522714645399,-0.18367923495517036,0.4753150782884464,-0.7393241623853645,-1.3925642046220277,6.45526888247105,6.645023071899784,533.5,159.5,579.0,520.0,148.0,544.0,147.0,547.0,171.0,523.0,172.0
moving,moving_frame_000010,moving_calib_camera,10,results/bus_real_data/ablation/moving_cam/fov/00_prepared_datasets/fov_80deg/raw_images/moving/frame_0010.png,7,0.17,929.46709573,929.46709573,640.0,360.0,True,-2.6637833174537784,0.09151478597921178,-0.5623722195704516,-2.637216302246972,-1.4177009705962895,5.813281658494508,6.539038882577126,218.25,133.25,818.0,201.0,120.0,231.0,119.0,235.0,146.0,206.0,148.0
moving,moving_frame_000010,moving_calib_camera,10,results/bus_real_data/ablation/moving_cam/fov/00_prepared_datasets/fov_80deg/raw_images/moving/frame_0010.png,6,0.17,929.46709573,929.46709573,640.0,360.0,True,-3.0713693856705415,0.22152952637898898,-0.5474400519538063,-2.21086467549116,-1.4789911201966546,5.957508480588144,6.524357795464228,295.0,129.25,748.0,279.0,117.0,307.0,115.0,311.0,142.0,283.0,143.0
moving,moving_frame_000011,moving_calib_camera,11,results/bus_real_data/ablation/moving_cam/fov/00_prepared_datasets/fov_80deg/raw_images/moving/frame_0011.png,1,0.17,929.46709573,929.46709573,640.0,360.0,True,2.033599208980138,-0.3834842792151954,0.24440147313072663,0.14275735080829807,-0.011807535561567883,1.5284993638852964,1.5351968552936777,727.0,354.0,4967.0,660.0,339.0,748.0,324.0,799.0,367.0,701.0,386.0
moving,moving_frame_000011,moving_calib_camera,11,results/bus_real_data/ablation/moving_cam/fov/00_prepared_datasets/fov_80deg/raw_images/moving/frame_0011.png,2,0.17,929.46709573,929.46709573,640.0,360.0,True,-3.023815162124356,0.24509053418343976,-0.5280052788892257,-0.26625307146287586,-0.0365577786521948,3.026925486831631,3.038832847011218,558.0,348.75,2643.0,529.0,327.0,579.0,319.0,587.0,370.0,537.0,379.0
moving,moving_frame_000011,moving_calib_camera,11,results/bus_real_data/ablation/moving_cam/fov/00_prepared_datasets/fov_80deg/raw_images/moving/frame_0011.png,5,0.17,929.46709573,929.46709573,640.0,360.0,True,-2.743269288444748,0.1084952066270979,0.06801129303996792,-0.9225516567808654,-1.4475548115510948,6.363435831299002,6.590890081842806,505.25,148.5,619.5,491.0,137.0,516.0,135.0,519.0,160.0,495.0,162.0
moving,moving_frame_000011,moving_calib_camera,11,results/bus_real_data/ablation/moving_cam/fov/00_prepared_datasets/fov_80deg/raw_images/moving/frame_0011.png,7,0.17,929.46709573,929.46709573,640.0,360.0,True,2.9694680232509123,-0.30885329889571117,0.7969780606358449,-2.738880834782977,-1.380061025691818,5.429383393989427,6.235722949322172,171.0,123.75,921.0,152.0,110.0,184.0,109.0,190.0,137.0,158.0,139.0
moving,moving_frame_000011,moving_calib_camera,11,results/bus_real_data/ablation/moving_cam/fov/00_prepared_datasets/fov_80deg/raw_images/moving/frame_0011.png,6,0.17,929.46709573,929.46709573,640.0,360.0,True,-3.065927144531172,0.2603285718356487,-0.5786351372819375,-2.3385966864393555,-1.4585143423222273,5.6251429377828925,6.264066699762505,253.5,119.0,850.0,236.0,106.0,266.0,104.0,271.0,132.0,241.0,134.0
moving,moving_frame_000012,moving_calib_camera,12,results/bus_real_data/ablation/moving_cam/fov/00_prepared_datasets/fov_80deg/raw_images/moving/frame_0012.png,1,0.17,929.46709573,929.46709573,640.0,360.0,True,2.048786106438961,-0.42264270194639186,0.2673982264876502,0.15283555556184492,0.02318603734363277,1.3928314660606271,1.4013835278824258,742.25,377.0,6494.5,667.0,360.0,762.0,341.0,822.0,391.0,718.0,416.0
moving,moving_frame_000012,moving_calib_camera,12,results/bus_real_data/ablation/moving_cam/fov/00_prepared_datasets/fov_80deg/raw_images/moving/frame_0012.png,2,0.17,929.46709573,929.46709573,640.0,360.0,True,-2.9835720842521503,0.2584972371871785,-0.511048010168731,-0.30024224121677323,-0.016809110576448374,2.87012771831189,2.8858380185019845,542.5,354.5,2952.0,511.0,332.0,565.0,323.0,573.0,376.0,521.0,387.0
moving,moving_frame_000012,moving_calib_camera,12,results/bus_real_data/ablation/moving_cam/fov/00_prepared_datasets/fov_80deg/raw_images/moving/frame_0012.png,5,0.17,929.46709573,929.46709573,640.0,360.0,True,3.092533532742437,-0.27066847998095894,0.4789931054617043,-1.0748454633132491,-1.4682894297522173,6.140484759084401,6.404429693272851,477.25,137.75,661.5,462.0,126.0,488.0,124.0,492.0,149.0,467.0,152.0
moving,moving_frame_000012,moving_calib_camera,12,results/bus_real_data/ablation/moving_cam/fov/00_prepared_datasets/fov_80deg/raw_images/moving/frame_0012.png,7,0.17,929.46709573,929.46709573,640.0,360.0,True,-2.5299828359787755,0.09598403331238212,-0.5730691115084504,-2.859844607990504,-1.348979202568136,5.125502675951845,6.022394353743637,121.25,115.25,1071.0,100.0,101.0,135.0,99.0,142.0,129.0,108.0,132.0
moving,moving_frame_000012,moving_calib_camera,12,results/bus_real_data/ablation/moving_cam/fov/00_prepared_datasets/fov_80deg/raw_images/moving/frame_0012.png,6,0.17,929.46709573,929.46709573,640.0,360.0,True,-2.4703022694138546,0.061069137630742364,-0.42697806321036996,-2.430461585120654,-1.414657045721718,5.251820468551095,5.957349772142773,209.75,109.5,955.5,190.0,96.0,223.0,94.0,229.0,123.0,197.0,125.0
moving,moving_frame_000013,moving_calib_camera,13,results/bus_real_data/ablation/moving_cam/fov/00_prepared_datasets/fov_80deg/raw_images/moving/frame_0013.png,1,0.17,929.46709573,929.46709573,640.0,360.0,True,2.0343129221631346,-0.5224647327540662,0.31097075610609587,0.0779839131007818,0.03251075768006954,1.3522052596796563,1.3548422433526235,693.75,384.0,7057.0,615.0,370.0,711.0,345.0,776.0,394.0,673.0,427.0
moving,moving_frame_000013,moving_calib_camera,13,results/bus_real_data/ablation/moving_cam/fov/00_prepared_datasets/fov_80deg/raw_images/moving/frame_0013.png,2,0.17,929.46709573,929.46709573,640.0,360.0,True,-2.9572412054372106,0.337979293089802,-0.6578695754762182,-0.47837595753218937,0.009762663168819461,2.7637329686791787,2.8048455908483114,478.75,363.25,3193.5,445.0,342.0,500.0,329.0,512.0,384.0,458.0,398.0
moving,moving_frame_000013,moving_calib_camera,13,results/bus_real_data/ablation/moving_cam/fov/00_prepared_datasets/fov_80deg/raw_images/moving/frame_0013.png,5,0.17,929.46709573,929.46709573,640.0,360.0,True,3.071603422359112,-0.34227257313018133,0.5597266611144031,-1.5387243249020643,-1.3985323836910377,5.875168071431135,6.232268065788063,396.5,138.75,736.5,380.0,127.0,407.0,124.0,413.0,150.0,386.0,154.0
moving,moving_frame_000013,moving_calib_camera,13,results/bus_real_data/ablation/moving_cam/fov/00_prepared_datasets/fov_80deg/raw_images/moving/frame_0013.png,6,0.17,929.46709573,929.46709573,640.0,360.0,True,-2.454130532471829,0.10885578391898176,-0.6381888152158695,-2.810635773174985,-1.280082788597723,4.864120406899461,5.761766458989017,102.75,115.25,1179.5,80.0,101.0,117.0,98.0,125.0,129.0,89.0,133.0
moving,moving_frame_000014,moving_calib_camera,14,results/bus_real_data/ablation/moving_cam/fov/00_prepared_datasets/fov_80deg/raw_images/moving/frame_0014.png,1,0.17,929.46709573,929.46709573,640.0,360.0,True,2.0306900760407407,-0.6198317111051904,0.3628572133304662,0.01131221839914336,0.045565197755942505,1.3155647018009593,1.3164021566969173,648.0,394.0,7794.0,566.0,383.0,662.0,351.0,733.0,401.0,631.0,441.0
moving,moving_frame_000014,moving_calib_camera,14,results/bus_real_data/ablation/moving_cam/fov/00_prepared_datasets/fov_80deg/raw_images/moving/frame_0014.png,2,0.17,929.46709573,929.46709573,640.0,360.0,True,-2.958575571585159,0.4156592683809686,-0.67792500243905,-0.6438973982425382,0.04432106078348657,2.6560057806638038,2.7333011035764105,414.25,375.5,3558.0,377.0,355.0,435.0,339.0,451.0,395.0,394.0,413.0
moving,moving_frame_000014,moving_calib_camera,14,results/bus_real_data/ablation/moving_cam/fov/00_prepared_datasets/fov_80deg/raw_images/moving/frame_0014.png,5,0.17,929.46709573,929.46709573,640.0,360.0,True,-2.9195410105676056,0.4107661077960857,-0.9783397754224477,-1.9456993026786213,-1.2911953489905987,5.499093566347345,5.974358648184907,311.0,141.75,826.0,293.0,129.0,321.0,126.0,329.0,154.0,301.0,158.0
moving,moving_frame_000014,moving_calib_camera,14,results/bus_real_data/ablation/moving_cam/fov/00_prepared_datasets/fov_80deg/raw_images/moving/frame_0014.png,8,0.17,929.46709573,929.46709573,640.0,360.0,True,-2.4506619543054176,0.1537213315943539,-0.45094692437655226,-2.7997995745757454,-1.7769624907721504,5.822990153394735,6.70102139064917,193.0,76.25,796.5,174.0,64.0,204.0,62.0,211.0,87.0,183.0,92.0
moving,moving_frame_000015,moving_calib_camera,15,results/bus_real_data/ablation/moving_cam/fov/00_prepared_datasets/fov_80deg/raw_images/moving/frame_0015.png,1,0.17,929.46709573,929.46709573,640.0,360.0,True,2.0063775272302595,-0.7154905021029743,0.3987812834715928,-0.04706876705670084,0.06023275545714463,1.2718354809777028,1.2741306621912774,605.5,406.0,8547.0,519.0,399.0,617.0,360.0,693.0,408.0,593.0,457.0
moving,moving_frame_000015,moving_calib_camera,15,results/bus_real_data/ablation/moving_cam/fov/00_prepared_datasets/fov_80deg/raw_images/moving/frame_0015.png,2,0.17,929.46709573,929.46709573,640.0,360.0,True,-2.9190229589146894,0.4735379631903155,-0.798716856023773,-0.7982534430558182,0.08706669353700698,2.5499712745171883,2.673414047493719,348.5,391.75,3920.0,308.0,372.0,369.0,353.0,388.0,410.0,329.0,432.0
moving,moving_frame_000015,moving_calib_camera,15,results/bus_real_data/ablation/moving_cam/fov/00_prepared_datasets/fov_80deg/raw_images/moving/frame_0015.png,5,0.17,929.46709573,929.46709573,640.0,360.0,True,2.8996785711208384,-0.5012411875136195,1.0623138704420605,-2.3496979834912253,-1.187197986347306,5.198878529119511,5.8274228980699245,219.75,147.75,947.0,199.0,135.0,230.0,131.0,240.0,160.0,210.0,165.0
moving,moving_frame_000016,moving_calib_camera,16,results/bus_real_data/ablation/moving_cam/fov/00_prepared_datasets/fov_80deg/raw_images/moving/frame_0016.png,1,0.17,929.46709573,929.46709573,640.0,360.0,True,1.9845111916682336,-0.8372562459344434,0.4450540136799538,-0.09797178328538851,0.07654677222298588,1.2259276578581622,1.2322160934509319,565.5,420.25,9628.0,475.0,419.0,571.0,370.0,657.0,416.0,559.0,476.0
moving,moving_frame_000016,moving_calib_camera,16,results/bus_real_data/ablation/moving_cam/fov/00_prepared_datasets/fov_80deg/raw_images/moving/frame_0016.png,2,0.17,929.46709573,929.46709573,640.0,360.0,True,-2.778215478514107,0.49776554273651047,-0.7451443641102726,-0.9243896191241168,0.1348609208615618,2.394230699002884,2.570024178090139,280.5,412.25,4530.0,235.0,395.0,301.0,370.0,325.0,428.0,261.0,456.0
moving,moving_frame_000016,moving_calib_camera,16,results/bus_real_data/ablation/moving_cam/fov/00_prepared_datasets/fov_80deg/raw_images/moving/frame_0016.png,5,0.17,929.46709573,929.46709573,640.0,360.0,True,-2.529766529259455,0.21820543548175733,-0.27996958273801487,-2.6872925580981866,-1.051637541345861,4.806727923845619,5.606435243990167,120.25,156.5,1150.5,96.0,144.0,131.0,138.0,144.0,169.0,110.0,175.0
moving,moving_frame_000017,moving_calib_camera,17,results/bus_real_data/ablation/moving_cam/fov/00_prepared_datasets/fov_80deg/raw_images/moving/frame_0017.png,2,0.17,929.46709573,929.46709573,640.0,360.0,True,-2.726238600150797,0.5532327900917212,-0.8232162222917376,-1.0354018536741436,0.18878063250984234,2.2398050763165225,2.474756938710534,209.5,438.25,5312.5,158.0,423.0,230.0,392.0,259.0,452.0,191.0,486.0
moving,moving_frame_000017,moving_calib_camera,17,results/bus_real_data/ablation/moving_cam/fov/00_prepared_datasets/fov_80deg/raw_images/moving/frame_0017.png,1,0.17,929.46709573,929.46709573,640.0,360.0,True,1.9558146069091116,-0.934850070964134,0.5072147097835052,-0.13830681401153705,0.09199646492358415,1.1675203501859581,1.1792776994664151,529.5,435.75,10944.0,433.0,439.0,530.0,382.0,625.0,426.0,530.0,496.0
moving,moving_frame_000018,moving_calib_camera,18,results/bus_real_data/ablation/moving_cam/fov/00_prepared_datasets/fov_80deg/raw_images/moving/frame_0018.png,2,0.17,929.46709573,929.46709573,640.0,360.0,True,-2.6778247464299003,0.6028600142058446,-0.853125039845933,-1.1244382262744355,0.2454347223760625,2.076979648431239,2.3745407951123028,135.75,469.75,6378.5,77.0,457.0,156.0,419.0,192.0,481.0,118.0,522.0
moving,moving_frame_000018,moving_calib_camera,18,results/bus_real_data/ablation/moving_cam/fov/00_prepared_datasets/fov_80deg/raw_images/moving/frame_0018.png,1,0.17,929.46709573,929.46709573,640.0,360.0,True,1.9282528726397605,-1.0336292048298572,0.5431999789511708,-0.1725055752190581,0.10941021964794245,1.1214364681287838,1.1398896971611903,496.5,453.5,12356.0,395.0,463.0,492.0,396.0,595.0,437.0,504.0,518.0
moving,moving_frame_000019,moving_calib_camera,19,results/bus_real_data/ablation/moving_cam/fov/00_prepared_datasets/fov_80deg/raw_images/moving/frame_0019.png,1,0.17,929.46709573,929.46709573,640.0,360.0,True,1.8935957860689516,-1.135192986463127,0.5836972623994584,-0.1983578318352151,0.1258103370637059,1.074477253708326,1.0998524624235004,467.75,472.0,13969.5,361.0,489.0,457.0,411.0,569.0,448.0,484.0,540.0
moving,moving_frame_000020,moving_calib_camera,20,results/bus_real_data/ablation/moving_cam/fov/00_prepared_datasets/fov_80deg/raw_images/moving/frame_0020.png,1,0.17,929.46709573,929.46709573,640.0,360.0,True,1.8477881311549385,-1.2331320402509907,0.6379959261769956,-0.21683146198678796,0.14151527672266798,1.0261422436889356,1.0583054194022556,442.75,491.75,15754.5,331.0,517.0,424.0,428.0,547.0,460.0,469.0,562.0
moving,moving_frame_000021,moving_calib_camera,21,results/bus_real_data/ablation/moving_cam/fov/00_prepared_datasets/fov_80deg/raw_images/moving/frame_0021.png,1,0.17,929.46709573,929.46709573,640.0,360.0,True,1.8036132255991257,-1.3355262259825893,0.671088346606698,-0.23054564533040617,0.15599292107645685,0.9861798773737707,1.0247125628895766,421.75,511.0,17681.0,306.0,546.0,395.0,445.0,527.0,470.0,459.0,583.0
moving,moving_frame_000022,moving_calib_camera,22,results/bus_real_data/ablation/moving_cam/fov/00_prepared_datasets/fov_80deg/raw_images/moving/frame_0022.png,1,0.17,929.46709573,929.46709573,640.0,360.0,True,1.751189373560133,-1.4341926225811814,0.7201022968218228,-0.23832761870435057,0.16910863296859302,0.9491681611091216,0.9931354296595525,405.5,530.0,19653.0,287.0,575.0,369.0,463.0,511.0,480.0,455.0,602.0
moving,moving_frame_000023,moving_calib_camera,23,results/bus_real_data/ablation/moving_cam/fov/00_prepared_datasets/fov_80deg/raw_images/moving/frame_0023.png,1,0.17,929.46709573,929.46709573,640.0,360.0,True,1.6932807171599897,-1.5293444307002249,0.7672037974631553,-0.24171493695377863,0.1796811669246283,0.9143179784117558,0.9626467670651189,393.0,547.5,21680.0,273.0,604.0,346.0,480.0,498.0,489.0,455.0,617.0
moving,moving_frame_000024,moving_calib_camera,24,results/bus_real_data/ablation/moving_cam/fov/00_prepared_datasets/fov_80deg/raw_images/moving/frame_0024.png,1,0.17,929.46709573,929.46709573,640.0,360.0,True,1.6263206103173748,-1.6360127848748809,0.7911803350119854,-0.2430470016234648,0.18817898950099016,0.8878032174633702,0.9395093027884729,384.25,562.25,23587.0,266.0,631.0,326.0,497.0,486.0,493.0,459.0,628.0
moving,moving_frame_000025,moving_calib_camera,25,results/bus_real_data/ablation/moving_cam/fov/00_prepared_datasets/fov_80deg/raw_images/moving/frame_0025.png,1,0.17,929.46709573,929.46709573,640.0,360.0,True,1.5646379031536168,-1.734550604737344,0.8303472342155849,-0.2424349847161555,0.19498516027264162,0.8703995477294766,0.9243318166267716,379.75,573.75,25117.0,265.0,654.0,311.0,511.0,476.0,497.0,467.0,633.0
moving,moving_frame_000026,moving_calib_camera,26,results/bus_real_data/ablation/moving_cam/fov/00_prepared_datasets/fov_80deg/raw_images/moving/frame_0026.png,1,0.17,929.46709573,929.46709573,640.0,360.0,True,1.4903087502371217,-1.8303196730823952,0.8731673145487012,-0.24056802631722962,0.1983407241318427,0.8555947580389696,0.9106340692721056,377.25,581.25,26364.0,269.0,671.0,297.0,524.0,467.0,497.0,476.0,633.0
moving,moving_frame_000027,moving_calib_camera,27,results/bus_real_data/ablation/moving_cam/fov/00_prepared_datasets/fov_80deg/raw_images/moving/frame_0027.png,1,0.17,929.46709573,929.46709573,640.0,360.0,True,1.412383822661584,-1.9257682429711465,0.913165341168605,-0.2376449061228217,0.19919103616323,0.8452684011360454,0.9003503985965644,377.25,585.0,27316.5,278.0,684.0,286.0,534.0,459.0,495.0,486.0,627.0
moving,moving_frame_000028,moving_calib_camera,28,results/bus_real_data/ablation/moving_cam/fov/00_prepared_datasets/fov_80deg/raw_images/moving/frame_0028.png,1,0.17,929.46709573,929.46709573,640.0,360.0,True,1.3333608011942242,-2.0188425219191313,0.9524281736893865,-0.2379254119036403,0.19811594702957222,0.8446357273292623,0.8995932091662171,376.75,584.0,27591.5,289.0,689.0,276.0,541.0,449.0,490.0,493.0,616.0
moving,moving_frame_000029,moving_calib_camera,29,results/bus_real_data/ablation/moving_cam/fov/00_prepared_datasets/fov_80deg/raw_images/moving/frame_0029.png,1,0.17,929.46709573,929.46709573,640.0,360.0,True,1.2399263845144761,-2.1081449375757466,0.998920463973081,-0.23847741539300893,0.19409768843578223,0.845802095073017,0.8999592070413794,376.5,579.25,27452.0,302.0,688.0,267.0,546.0,438.0,483.0,499.0,600.0
moving,moving_frame_000030,moving_calib_camera,30,results/bus_real_data/ablation/moving_cam/fov/00_prepared_datasets/fov_80deg/raw_images/moving/frame_0030.png,1,0.17,929.46709573,929.46709573,640.0,360.0,True,1.1436333569519457,-2.1813554430429214,1.0401915604544378,-0.2417428493732936,0.18693663067292082,0.8500317974085299,0.903293399575154,374.25,570.25,26790.5,313.0,680.0,258.0,547.0,426.0,474.0,500.0,580.0
moving,moving_frame_000031,moving_calib_camera,31,results/bus_real_data/ablation/moving_cam/fov/00_prepared_datasets/fov_80deg/raw_images/moving/frame_0031.png,1,0.17,929.46709573,929.46709573,640.0,360.0,True,1.0490621185512903,-2.2623063270042745,1.0797841462957756,-0.24916177035308967,0.17817797465317356,0.8598434116934442,0.9127758054909292,369.25,558.25,25970.0,322.0,667.0,248.0,545.0,410.0,463.0,497.0,558.0
moving,moving_frame_000032,moving_calib_camera,32,results/bus_real_data/ablation/moving_cam/fov/00_prepared_datasets/fov_80deg/raw_images/moving/frame_0032.png,1,0.17,929.46709573,929.46709573,640.0,360.0,True,0.9461053944707952,-2.33513296109758,1.115080729169196,-0.26013979178714847,0.16719466967850025,0.8702338986803133,0.9235441555509415,360.75,544.0,24949.5,327.0,650.0,236.0,541.0,391.0,451.0,489.0,534.0
moving,moving_frame_000033,moving_calib_camera,33,results/bus_real_data/ablation/moving_cam/fov/00_prepared_datasets/fov_80deg/raw_images/moving/frame_0033.png,1,0.17,929.46709573,929.46709573,640.0,360.0,True,0.8413962014330608,-2.4080078058468133,1.1585504584924518,-0.27620281507531985,0.15512810243048605,0.8828407506590596,0.9379554969418681,347.75,528.5,23852.5,328.0,630.0,220.0,535.0,368.0,439.0,475.0,510.0
moving,moving_frame_000034,moving_calib_camera,34,results/bus_real_data/ablation/moving_cam/fov/00_prepared_datasets/fov_80deg/raw_images/moving/frame_0034.png,1,0.17,929.46709573,929.46709573,640.0,360.0,True,0.7301109165954297,-2.473376501022611,1.1985524531924208,-0.297338581661177,0.14188295252420643,0.8952062800234428,0.9539052825908227,329.75,512.25,22699.5,322.0,608.0,201.0,528.0,340.0,427.0,456.0,486.0
moving,moving_frame_000035,moving_calib_camera,35,results/bus_real_data/ablation/moving_cam/fov/00_prepared_datasets/fov_80deg/raw_images/moving/frame_0035.png,1,0.17,929.46709573,929.46709573,640.0,360.0,True,0.6016221699518732,-2.542370266445507,1.2249868430994013,-0.3253103801363477,0.12859042087205813,0.9102047087353983,0.9751076615269717,306.25,496.0,21570.0,312.0,586.0,177.0,521.0,307.0,416.0,429.0,461.0
moving,moving_frame_000036,moving_calib_camera,36,results/bus_real_data/ablation/moving_cam/fov/00_prepared_datasets/fov_80deg/raw_images/moving/frame_0036.png,1,0.17,929.46709573,929.46709573,640.0,360.0,True,0.4868017309626961,-2.5986486084883085,1.2716734025492602,-0.35511558574686686,0.11555385051440371,0.9162331075513042,0.9894154228544071,278.0,481.75,20784.0,294.0,564.0,148.0,515.0,270.0,406.0,400.0,442.0
moving,moving_frame_000037,moving_calib_camera,37,results/bus_real_data/ablation/moving_cam/fov/00_prepared_datasets/fov_80deg/raw_images/moving/frame_0037.png,1,0.17,929.46709573,929.46709573,640.0,360.0,True,0.3647159145585728,-2.6474297911361453,1.3015547558701772,-0.392135603471495,0.1034064498936499,0.923096000487723,1.0082506888199938,243.25,468.5,20013.0,269.0,544.0,113.0,509.0,228.0,398.0,363.0,423.0
moving,moving_frame_000038,moving_calib_camera,38,results/bus_real_data/ablation/moving_cam/fov/00_prepared_datasets/fov_80deg/raw_images/moving/frame_0038.png,0,0.17,929.46709573,929.46709573,640.0,360.0,True,-2.830119970673543,-0.11182663066220581,0.16280519187595674,0.5826122490879664,0.35581695146507514,1.4421739630720412,1.5955903219498904,1016.0,588.5,11108.0,968.0,534.0,1084.0,547.0,1061.0,643.0,951.0,630.0
moving,moving_frame_000038,moving_calib_camera,38,results/bus_real_data/ablation/moving_cam/fov/00_prepared_datasets/fov_80deg/raw_images/moving/frame_0038.png,1,0.17,929.46709573,929.46709573,640.0,360.0,True,0.2330110164087268,-2.694850038738051,1.304711546183855,-0.43525676155407345,0.0935555834066218,0.927883739027823,1.0291595254465393,202.0,458.0,19551.0,236.0,527.0,73.0,507.0,179.0,392.0,320.0,406.0
moving,moving_frame_000039,moving_calib_camera,39,results/bus_real_data/ablation/moving_cam/fov/00_prepared_datasets/fov_80deg/raw_images/moving/frame_0039.png,0,0.17,929.46709573,929.46709573,640.0,360.0,True,-2.837103935382705,-0.044649356620636294,0.01873316462432144,0.5135202627655996,0.2831806191531038,1.5528493923900002,1.659890224918738,947.5,528.75,9378.5,902.0,481.0,1006.0,485.0,991.0,576.0,891.0,573.0
moving,moving_frame_000039,moving_calib_camera,39,results/bus_real_data/ablation/moving_cam/fov/00_prepared_datasets/fov_80deg/raw_images/moving/frame_0039.png,1,0.17,929.46709573,929.46709573,640.0,360.0,True,0.10950900096680444,-2.7439742929428173,1.3518780039810863,-0.48201411798761545,0.08581548710808999,0.9273291574234171,1.048637818302679,154.5,450.25,19322.0,198.0,512.0,24.0,505.0,124.0,389.0,272.0,395.0
moving,moving_frame_000040,moving_calib_camera,40,results/bus_real_data/ablation/moving_cam/fov/00_prepared_datasets/fov_80deg/raw_images/moving/frame_0040.png,0,0.17,929.46709573,929.46709573,640.0,360.0,True,-2.826725418459585,0.0376394983779728,-0.08316476563135829,0.42745306643200637,0.21398330703635182,1.6548733664887953,1.722530359327898,880.0,479.5,8154.0,835.0,438.0,931.0,434.0,923.0,521.0,831.0,525.0
moving,moving_frame_000041,moving_calib_camera,41,results/bus_real_data/ablation/moving_cam/fov/00_prepared_datasets/fov_80deg/raw_images/moving/frame_0041.png,0,0.17,929.46709573,929.46709573,640.0,360.0,True,-2.833419226812813,0.11286618746851626,-0.21436509371159934,0.32626327723757503,0.14845788188037176,1.7449617150241548,1.7813980059678547,813.5,438.5,7308.0,769.0,401.0,858.0,392.0,856.0,475.0,771.0,486.0
moving,moving_frame_000042,moving_calib_camera,42,results/bus_real_data/ablation/moving_cam/fov/00_prepared_datasets/fov_80deg/raw_images/moving/frame_0042.png,0,0.17,929.46709573,929.46709573,640.0,360.0,True,-2.8111288583254717,0.1797278902827318,-0.3300210877975214,0.21064026823591622,0.08994814431819201,1.8267816537093209,1.8410842461978068,746.75,405.25,6626.0,703.0,372.0,786.0,358.0,789.0,438.0,709.0,453.0
moving,moving_frame_000043,moving_calib_camera,43,results/bus_real_data/ablation/moving_cam/fov/00_prepared_datasets/fov_80deg/raw_images/moving/frame_0043.png,0,0.17,929.46709573,929.46709573,640.0,360.0,True,-2.782572916745333,0.2703055165660357,-0.46659032853742355,0.08215289265423949,0.03836543406375614,1.8820146545639806,1.8841974854818002,680.0,378.5,6206.0,636.0,349.0,714.0,330.0,723.0,407.0,647.0,428.0
moving,moving_frame_000044,moving_calib_camera,44,results/bus_real_data/ablation/moving_cam/fov/00_prepared_datasets/fov_80deg/raw_images/moving/frame_0044.png,0,0.17,929.46709573,929.46709573,640.0,360.0,True,-2.795790276966153,0.3458734693866697,-0.5292398164741833,-0.05553265613405569,0.009079867030218274,1.9388740482902844,1.9396904121576066,612.75,364.0,6018.5,567.0,337.0,643.0,315.0,657.0,390.0,584.0,414.0
moving,moving_frame_000045,moving_calib_camera,45,results/bus_real_data/ablation/moving_cam/fov/00_prepared_datasets/fov_80deg/raw_images/moving/frame_0045.png,0,0.17,929.46709573,929.46709573,640.0,360.0,True,-2.748933967934547,0.421397939336044,-0.6779558888038992,-0.2000225467338247,-0.009353808241001581,1.9524824932163516,1.9627237195404847,544.0,355.25,5914.0,497.0,331.0,571.0,305.0,589.0,378.0,519.0,407.0
moving,moving_frame_000046,moving_calib_camera,46,results/bus_real_data/ablation/moving_cam/fov/00_prepared_datasets/fov_80deg/raw_images/moving/frame_0046.png,0,0.17,929.46709573,929.46709573,640.0,360.0,True,-2.7485403242773914,0.4976203168758914,-0.7050879850839762,-0.354343360144689,-0.017104517374592388,1.9848096063435725,2.016264108401222,473.25,351.75,5961.5,424.0,330.0,497.0,301.0,521.0,372.0,451.0,404.0
moving,moving_frame_000047,moving_calib_camera,47,results/bus_real_data/ablation/moving_cam/fov/00_prepared_datasets/fov_80deg/raw_images/moving/frame_0047.png,0,0.17,929.46709573,929.46709573,640.0,360.0,True,-2.705558955215665,0.567577364722171,-0.8027469597251969,-0.5064000251706192,-0.012214097650670077,1.9567952432834472,2.0212960678265195,398.5,354.0,6269.0,346.0,335.0,420.0,301.0,449.0,372.0,379.0,408.0
moving,moving_frame_000048,moving_calib_camera,48,results/bus_real_data/ablation/moving_cam/fov/00_prepared_datasets/fov_80deg/raw_images/moving/frame_0048.png,0,0.17,929.46709573,929.46709573,640.0,360.0,True,-2.674845084375789,0.6527674551386814,-0.8705911987826829,-0.6615765608912716,0.004438521186198684,1.9282339154071895,2.0385753061679086,320.0,362.0,6703.0,263.0,346.0,339.0,307.0,374.0,377.0,304.0,418.0
moving,moving_frame_000049,moving_calib_camera,49,results/bus_real_data/ablation/moving_cam/fov/00_prepared_datasets/fov_80deg/raw_images/moving/frame_0049.png,0,0.17,929.46709573,929.46709573,640.0,360.0,True,-2.6500277388430282,0.7103604285091403,-0.8379067534318422,-0.8235043975677031,0.03352122043254555,1.9001564164378824,2.0712019631032335,236.0,376.25,7284.5,174.0,363.0,253.0,320.0,295.0,388.0,222.0,434.0
moving,moving_frame_000050,moving_calib_camera,50,results/bus_real_data/ablation/moving_cam/fov/00_prepared_datasets/fov_80deg/raw_images/moving/frame_0050.png,0,0.17,929.46709573,929.46709573,640.0,360.0,True,-2.6224298836505864,0.8062593298402783,-0.9858522506881701,-0.9686477594573573,0.07448921550761566,1.822444913362399,2.0652197431191626,144.5,398.0,8284.0,76.0,388.0,159.0,338.0,209.0,407.0,134.0,459.0
moving,moving_frame_000054,moving_calib_camera,54,results/bus_real_data/ablation/moving_cam/fov/00_prepared_datasets/fov_80deg/raw_images/moving/frame_0054.png,3,0.17,929.46709573,929.46709573,640.0,360.0,True,-2.3732640721127427,-0.07599209773206829,0.0945713679493144,1.1777014088306574,0.3657969931170659,2.0462433922171592,2.3891211917204176,1175.5,525.5,3865.0,1151.0,499.0,1233.0,506.0,1197.0,552.0,1121.0,545.0
moving,moving_frame_000055,moving_calib_camera,55,results/bus_real_data/ablation/moving_cam/fov/00_prepared_datasets/fov_80deg/raw_images/moving/frame_0055.png,3,0.17,929.46709573,929.46709573,640.0,360.0,True,-2.4046135441133663,-0.04130099487117607,-0.038336726287903064,1.0364215763915576,0.297419958641528,2.1833354328419015,2.4350732900903047,1081.5,486.0,3363.0,1058.0,462.0,1131.0,463.0,1103.0,510.0,1034.0,509.0
moving,moving_frame_000056,moving_calib_camera,56,results/bus_real_data/ablation/moving_cam/fov/00_prepared_datasets/fov_80deg/raw_images/moving/frame_0056.png,3,0.17,929.46709573,929.46709573,640.0,360.0,True,-2.3993185042281473,0.014981820571823972,-0.15527845435228463,0.8702840037935108,0.23744099121704113,2.2793471804870893,2.451366158035849,995.0,456.25,2979.0,971.0,435.0,1039.0,431.0,1017.0,477.0,953.0,482.0
moving,moving_frame_000057,moving_calib_camera,57,results/bus_real_data/ablation/moving_cam/fov/00_prepared_datasets/fov_80deg/raw_images/moving/frame_0057.png,3,0.17,929.46709573,929.46709573,640.0,360.0,True,-2.4044452075224703,0.05835546642010733,-0.2629589983310978,0.698342853633204,0.1927689983904645,2.364488950935094,2.472984154226462,914.5,435.25,2755.5,890.0,416.0,954.0,408.0,937.0,454.0,877.0,463.0
moving,moving_frame_000058,moving_calib_camera,58,results/bus_real_data/ablation/moving_cam/fov/00_prepared_datasets/fov_80deg/raw_images/moving/frame_0058.png,3,0.17,929.46709573,929.46709573,640.0,360.0,True,-2.3953354312023216,0.11379093071229698,-0.38274540039178223,0.5183416825532334,0.1623408757615664,2.434754419131228,2.494606530355878,837.75,421.5,2554.5,813.0,405.0,873.0,392.0,861.0,438.0,804.0,451.0
moving,moving_frame_000059,moving_calib_camera,59,results/bus_real_data/ablation/moving_cam/fov/00_prepared_datasets/fov_80deg/raw_images/moving/frame_0059.png,3,0.17,929.46709573,929.46709573,640.0,360.0,True,-2.394029890678514,0.1535327501487413,-0.5059267120428577,0.3327715405103482,0.14529082841472643,2.4698981897026946,2.4964461521314085,765.0,414.25,2488.5,740.0,399.0,797.0,383.0,789.0,429.0,734.0,446.0
moving,moving_frame_000060,moving_calib_camera,60,results/bus_real_data/ablation/moving_cam/fov/00_prepared_datasets/fov_80deg/raw_images/moving/frame_0060.png,3,0.17,929.46709573,929.46709573,640.0,360.0,True,-2.3503929490023157,0.22404866761131925,-0.5904037565869656,0.14140437115012813,0.14162798391406242,2.453902773147689,2.462050467003031,693.25,413.25,2471.5,666.0,401.0,723.0,380.0,719.0,425.0,665.0,447.0
moving,moving_frame_000061,moving_calib_camera,61,results/bus_real_data/ablation/moving_cam/fov/00_prepared_datasets/fov_80deg/raw_images/moving/frame_0061.png,3,0.17,929.46709573,929.46709573,640.0,360.0,True,-2.413486303466106,0.20673973556943206,-0.6240180392617004,0.07185026257996804,0.27802467190599384,2.418297629222949,2.4352871703202856,667.25,466.5,2622.5,639.0,454.0,697.0,432.0,694.0,479.0,639.0,501.0
moving,moving_frame_000062,moving_calib_camera,62,results/bus_real_data/ablation/moving_cam/fov/00_prepared_datasets/fov_80deg/raw_images/moving/frame_0062.png,3,0.17,929.46709573,929.46709573,640.0,360.0,True,-2.4601389388823813,0.20466359933007022,-0.606665838850881,0.0029317675330720705,0.406399069113066,2.3483914252853952,2.38329836256202,640.75,520.5,2867.5,610.0,508.0,671.0,485.0,670.0,533.0,612.0,556.0
moving,moving_frame_000063,moving_calib_camera,63,results/bus_real_data/ablation/moving_cam/fov/00_prepared_datasets/fov_80deg/raw_images/moving/frame_0063.png,3,0.17,929.46709573,929.46709573,640.0,360.0,True,-2.5077981978703354,0.1806925559899615,-0.6354630635883517,-0.06611205575527432,0.5304488810302145,2.2739376035923944,2.335923595568553,612.5,576.5,3124.0,580.0,563.0,644.0,540.0,643.0,589.0,583.0,614.0
moving,moving_frame_000064,moving_calib_camera,64,results/bus_real_data/ablation/moving_cam/fov/00_prepared_datasets/fov_80deg/raw_images/moving/frame_0064.png,3,0.17,929.46709573,929.46709573,640.0,360.0,True,-2.5704797779217605,0.1738650713705045,-0.6551538713770414,-0.13628100265946455,0.6551693219019321,2.2141657678584403,2.3130822293216173,582.25,634.75,3450.0,548.0,621.0,614.0,596.0,615.0,648.0,552.0,674.0
moving,moving_frame_000064,moving_calib_camera,64,results/bus_real_data/ablation/moving_cam/fov/00_prepared_datasets/fov_80deg/raw_images/moving/frame_0064.png,4,0.17,929.46709573,929.46709573,640.0,360.0,True,-2.604798300073031,0.13446180256406998,-0.7087403982271742,0.3929850983336944,-0.5437952773351363,1.8026754103234408,1.923483617333178,842.0,78.75,6008.5,813.0,35.0,881.0,32.0,870.0,120.0,804.0,128.0
moving,moving_frame_000065,moving_calib_camera,65,results/bus_real_data/ablation/moving_cam/fov/00_prepared_datasets/fov_80deg/raw_images/moving/frame_0065.png,7,0.17,929.46709573,929.46709573,640.0,360.0,True,2.6482870647317536,0.6841010919519055,-1.1498489944130221,1.53777776321759,-0.021172868807854486,2.460555434191401,2.901644668829883,1221.75,352.25,4491.0,1203.0,314.0,1272.0,334.0,1239.0,392.0,1173.0,369.0
moving,moving_frame_000065,moving_calib_camera,65,results/bus_real_data/ablation/moving_cam/fov/00_prepared_datasets/fov_80deg/raw_images/moving/frame_0065.png,4,0.17,929.46709573,929.46709573,640.0,360.0,True,-2.656308634105057,0.12157257547716899,-0.7210977683029935,0.32510283784230487,-0.4471645104694323,1.7992744788396802,1.8822955678639552,807.25,128.25,6089.5,776.0,85.0,846.0,82.0,837.0,169.0,770.0,177.0
moving,moving_frame_000066,moving_calib_camera,66,results/bus_real_data/ablation/moving_cam/fov/00_prepared_datasets/fov_80deg/raw_images/moving/frame_0066.png,7,0.17,929.46709573,929.46709573,640.0,360.0,True,2.657561818384111,0.6423961179990297,-1.114165796490101,1.4859025489868292,0.10502685570872647,2.442681927338857,2.861054355242747,1206.25,400.25,4602.5,1186.0,361.0,1256.0,382.0,1225.0,441.0,1158.0,417.0
moving,moving_frame_000066,moving_calib_camera,66,results/bus_real_data/ablation/moving_cam/fov/00_prepared_datasets/fov_80deg/raw_images/moving/frame_0066.png,4,0.17,929.46709573,929.46709573,640.0,360.0,True,-2.706944441893843,0.10542842921554431,-0.7177343897072129,0.25938467345008603,-0.3534986034395936,1.7993718398375176,1.8520207043807053,773.25,176.75,6209.0,740.0,134.0,812.0,131.0,805.0,217.0,736.0,225.0
moving,moving_frame_000067,moving_calib_camera,67,results/bus_real_data/ablation/moving_cam/fov/00_prepared_datasets/fov_80deg/raw_images/moving/frame_0067.png,7,0.17,929.46709573,929.46709573,640.0,360.0,True,2.702459717632995,0.5999770906445075,-1.081322287380123,1.4404576178880688,0.23020062575256767,2.425852838936118,2.8306664362307097,1192.75,448.5,4760.5,1171.0,408.0,1242.0,430.0,1213.0,491.0,1145.0,465.0
moving,moving_frame_000067,moving_calib_camera,67,results/bus_real_data/ablation/moving_cam/fov/00_prepared_datasets/fov_80deg/raw_images/moving/frame_0067.png,4,0.17,929.46709573,929.46709573,640.0,360.0,True,-2.7739433979110837,0.09526981870650494,-0.7157865703915376,0.19103532759917913,-0.26114133621968455,1.7883590941708467,1.8173930624873365,738.5,223.75,6444.0,703.0,181.0,777.0,178.0,773.0,264.0,701.0,272.0
moving,moving_frame_000068,moving_calib_camera,68,results/bus_real_data/ablation/moving_cam/fov/00_prepared_datasets/fov_80deg/raw_images/moving/frame_0068.png,7,0.17,929.46709573,929.46709573,640.0,360.0,True,2.730775529392631,0.5545108615740001,-0.9740634234633526,1.3828385217822703,0.35303972548279966,2.383718478752949,2.778307616345285,1180.0,498.0,5017.0,1156.0,456.0,1229.0,479.0,1203.0,542.0,1132.0,515.0
moving,moving_frame_000068,moving_calib_camera,68,results/bus_real_data/ablation/moving_cam/fov/00_prepared_datasets/fov_80deg/raw_images/moving/frame_0068.png,4,0.17,929.46709573,929.46709573,640.0,360.0,True,-2.8088735206699704,0.0808205994974781,-0.7110609921202685,0.12209560407102829,-0.1708785257989611,1.7639902619427,1.7764482686927223,703.5,269.5,6752.0,666.0,227.0,743.0,223.0,740.0,310.0,665.0,318.0
moving,moving_frame_000069,moving_calib_camera,69,results/bus_real_data/ablation/moving_cam/fov/00_prepared_datasets/fov_80deg/raw_images/moving/frame_0069.png,7,0.17,929.46709573,929.46709573,640.0,360.0,True,2.7762142194901025,0.5043795080593114,-1.0025779833738184,1.3255261914136403,0.4730927265218737,2.333834947329638,2.725366392503691,1168.75,548.75,5290.0,1143.0,505.0,1218.0,529.0,1193.0,595.0,1121.0,566.0
moving,moving_frame_000069,moving_calib_camera,69,results/bus_real_data/ablation/moving_cam/fov/00_prepared_datasets/fov_80deg/raw_images/moving/frame_0069.png,4,0.17,929.46709573,929.46709573,640.0,360.0,True,-2.8572493853494403,0.07174839969276008,-0.7124834355513157,0.05233339405932808,-0.08251022699495499,1.7281528646720106,1.7309127780932823,667.25,315.25,7191.5,627.0,272.0,708.0,268.0,706.0,356.0,628.0,365.0
moving,moving_frame_000070,moving_calib_camera,70,results/bus_real_data/ablation/moving_cam/fov/00_prepared_datasets/fov_80deg/raw_images/moving/frame_0070.png,7,0.17,929.46709573,929.46709573,640.0,360.0,True,2.774881862536624,0.45943391724596283,-1.1212150788921138,1.065763716258909,0.3899201293766179,2.4325647633763747,2.684261785707094,1048.0,509.25,4408.5,1026.0,468.0,1091.0,489.0,1069.0,552.0,1006.0,528.0
moving,moving_frame_000070,moving_calib_camera,70,results/bus_real_data/ablation/moving_cam/fov/00_prepared_datasets/fov_80deg/raw_images/moving/frame_0070.png,4,0.17,929.46709573,929.46709573,640.0,360.0,True,-2.8122404576826394,0.09640587410469856,-0.7929047659678924,-0.15793812090440573,-0.1183951313351476,1.6657701842491146,1.6774242647261337,550.75,293.5,8057.0,506.0,249.0,593.0,244.0,594.0,335.0,510.0,346.0
moving,moving_frame_000071,moving_calib_camera,71,results/bus_real_data/ablation/moving_cam/fov/00_prepared_datasets/fov_80deg/raw_images/moving/frame_0071.png,6,0.17,929.46709573,929.46709573,640.0,360.0,True,-2.8568995657792344,-0.3635206082469857,0.8310622149176292,1.0607204583658785,0.39173812192707824,2.0369459919982904,2.3297501199237596,1125.0,538.75,6661.5,1094.0,490.0,1179.0,516.0,1155.0,590.0,1072.0,559.0
moving,moving_frame_000071,moving_calib_camera,71,results/bus_real_data/ablation/moving_cam/fov/00_prepared_datasets/fov_80deg/raw_images/moving/frame_0071.png,7,0.17,929.46709573,929.46709573,640.0,360.0,True,2.83843177754653,0.43989473135701457,-1.0347343112172052,0.814025476034372,0.3127970139836236,2.510699612623274,2.657835960404012,942.0,476.0,3920.0,922.0,437.0,981.0,455.0,962.0,517.0,903.0,495.0
moving,moving_frame_000071,moving_calib_camera,71,results/bus_real_data/ablation/moving_cam/fov/00_prepared_datasets/fov_80deg/raw_images/moving/frame_0071.png,4,0.17,929.46709573,929.46709573,640.0,360.0,True,-2.780458861165391,0.1307290634868245,-0.8627245391124121,-0.35764513423453126,-0.14437643189321536,1.5696067256816815,1.6162981994152632,426.75,274.0,9625.0,374.0,227.0,472.0,221.0,477.0,317.0,384.0,331.0
moving,moving_frame_000072,moving_calib_camera,72,results/bus_real_data/ablation/moving_cam/fov/00_prepared_datasets/fov_80deg/raw_images/moving/frame_0072.png,6,0.17,929.46709573,929.46709573,640.0,360.0,True,-2.970091417587768,-0.39629979033321455,0.7953731207917838,0.8585012955804743,0.3282104251866989,2.1309013969413857,2.3206652755624484,1015.25,503.25,5895.5,987.0,457.0,1064.0,479.0,1043.0,552.0,967.0,525.0
moving,moving_frame_000072,moving_calib_camera,72,results/bus_real_data/ablation/moving_cam/fov/00_prepared_datasets/fov_80deg/raw_images/moving/frame_0072.png,7,0.17,929.46709573,929.46709573,640.0,360.0,True,2.8993335089602947,0.40782476956505603,-0.9809383192421194,0.5579014377841817,0.2405356474581793,2.5304665373148856,2.602378202423731,845.5,448.5,3666.0,826.0,410.0,882.0,427.0,865.0,488.0,809.0,469.0
moving,moving_frame_000072,moving_calib_camera,72,results/bus_real_data/ablation/moving_cam/fov/00_prepared_datasets/fov_80deg/raw_images/moving/frame_0072.png,4,0.17,929.46709573,929.46709573,640.0,360.0,True,-2.7596607713925994,0.17466540722397683,-0.9217908875212434,-0.5427522033976561,-0.15671847442945833,1.4434001236761589,1.5500143714007486,288.5,258.5,12294.0,224.0,208.0,338.0,200.0,350.0,304.0,242.0,322.0
moving,moving_frame_000073,moving_calib_camera,73,results/bus_real_data/ablation/moving_cam/fov/00_prepared_datasets/fov_80deg/raw_images/moving/frame_0073.png,6,0.17,929.46709573,929.46709573,640.0,360.0,True,-3.0152663572484464,-0.3742635060139539,0.7757349944689371,0.6502753177896873,0.2677636720917862,2.175628359025895,2.2864632360080197,918.5,474.5,5418.0,891.0,430.0,964.0,449.0,945.0,521.0,874.0,498.0
moving,moving_frame_000073,moving_calib_camera,73,results/bus_real_data/ablation/moving_cam/fov/00_prepared_datasets/fov_80deg/raw_images/moving/frame_0073.png,7,0.17,929.46709573,929.46709573,640.0,360.0,True,2.970860096487556,0.3828860837376938,-0.8450240552859504,0.3117629608370806,0.1783454643282411,2.52520475418693,2.5506199832520386,755.25,425.75,3613.5,735.0,388.0,791.0,403.0,775.0,465.0,720.0,447.0
moving,moving_frame_000073,moving_calib_camera,73,results/bus_real_data/ablation/moving_cam/fov/00_prepared_datasets/fov_80deg/raw_images/moving/frame_0073.png,4,0.17,929.46709573,929.46709573,640.0,360.0,True,-2.7356516150613226,0.2036040587840521,-0.830606079625113,-0.7060741600819155,-0.15387379384441466,1.2815583288563923,1.4712612324902212,125.25,247.5,17270.0,40.0,192.0,183.0,181.0,205.0,296.0,73.0,321.0
moving,moving_frame_000074,moving_calib_camera,74,results/bus_real_data/ablation/moving_cam/fov/00_prepared_datasets/fov_80deg/raw_images/moving/frame_0074.png,6,0.17,929.46709573,929.46709573,640.0,360.0,True,-3.010686777510974,-0.3381460343715193,0.742814185614304,0.43722055350323047,0.21108401028448062,2.157629681847699,2.211579552219104,829.0,451.0,5274.0,802.0,407.0,872.0,424.0,856.0,497.0,786.0,476.0
moving,moving_frame_000074,moving_calib_camera,74,results/bus_real_data/ablation/moving_cam/fov/00_prepared_datasets/fov_80deg/raw_images/moving/frame_0074.png,7,0.17,929.46709573,929.46709573,640.0,360.0,True,3.0077086858685247,0.3337557798804235,-0.7837673963032656,0.0736952612599771,0.12647052408369477,2.4658872194067767,2.470227836420735,668.25,407.75,3664.5,647.0,370.0,703.0,383.0,689.0,447.0,634.0,431.0
moving,moving_frame_000075,moving_calib_camera,75,results/bus_real_data/ablation/moving_cam/fov/00_prepared_datasets/fov_80deg/raw_images/moving/frame_0075.png,6,0.17,929.46709573,929.46709573,640.0,360.0,True,-3.0373972082533065,-0.2899522081576477,0.6371867400657509,0.24168791452554533,0.16844524192675553,2.145808588403134,2.165936597783998,745.25,433.0,5220.0,717.0,390.0,787.0,404.0,773.0,478.0,704.0,460.0
moving,moving_frame_000075,moving_calib_camera,75,results/bus_real_data/ablation/moving_cam/fov/00_prepared_datasets/fov_80deg/raw_images/moving/frame_0075.png,7,0.17,929.46709573,929.46709573,640.0,360.0,True,-3.040383724242468,-0.2978780249252392,0.7054232078818762,-0.15001665952350546,0.0882991467168494,2.365043185412894,2.3714407026770634,581.5,394.75,3895.5,559.0,356.0,616.0,368.0,604.0,435.0,547.0,420.0
moving,moving_frame_000076,moving_calib_camera,76,results/bus_real_data/ablation/moving_cam/fov/00_prepared_datasets/fov_80deg/raw_images/moving/frame_0076.png,6,0.17,929.46709573,929.46709573,640.0,360.0,True,-3.066834127277758,-0.2383162618795429,0.5868588741146464,0.07919052129640587,0.1434200010572478,2.1342011349598513,2.140480067608754,675.0,422.5,5180.0,646.0,380.0,715.0,392.0,704.0,466.0,635.0,452.0
moving,moving_frame_000076,moving_calib_camera,76,results/bus_real_data/ablation/moving_cam/fov/00_prepared_datasets/fov_80deg/raw_images/moving/frame_0076.png,7,0.17,929.46709573,929.46709573,640.0,360.0,True,-3.054653007392077,-0.2439658831503526,0.5337604532699682,-0.33030223749996956,0.07871935358582158,2.341384066202044,2.3658773531591346,509.25,391.25,4066.0,484.0,353.0,544.0,363.0,534.0,431.0,475.0,418.0
moving,moving_frame_000076,moving_calib_camera,76,results/bus_real_data/ablation/moving_cam/fov/00_prepared_datasets/fov_80deg/raw_images/moving/frame_0076.png,8,0.17,929.46709573,929.46709573,640.0,360.0,True,-2.7422744852149967,-0.10652933598361225,0.750192299363448,1.2709770942421703,0.006987668119860672,2.3531100208652713,2.6744267370579777,1142.75,362.5,4937.0,1110.0,326.0,1186.0,335.0,1175.0,400.0,1100.0,389.0
moving,moving_frame_000077,moving_calib_camera,77,results/bus_real_data/ablation/moving_cam/fov/00_prepared_datasets/fov_80deg/raw_images/moving/frame_0077.png,6,0.17,929.46709573,929.46709573,640.0,360.0,True,-3.0955414523347073,-0.17487561351396616,0.43573174351670313,-0.07891788214708557,0.12676621264542837,2.1331120973354065,2.138332276469142,606.0,415.25,5221.0,575.0,374.0,645.0,383.0,637.0,457.0,567.0,447.0
moving,moving_frame_000077,moving_calib_camera,77,results/bus_real_data/ablation/moving_cam/fov/00_prepared_datasets/fov_80deg/raw_images/moving/frame_0077.png,7,0.17,929.46709573,929.46709573,640.0,360.0,True,-3.0887148829808693,-0.17612645789607786,0.4220804671310224,-0.5068817047987481,0.07696780257748585,2.2891381452402206,2.345848791650291,434.5,391.25,4306.5,407.0,353.0,469.0,361.0,462.0,430.0,400.0,421.0
moving,moving_frame_000077,moving_calib_camera,77,results/bus_real_data/ablation/moving_cam/fov/00_prepared_datasets/fov_80deg/raw_images/moving/frame_0077.png,8,0.17,929.46709573,929.46709573,640.0,360.0,True,2.880753389870298,0.2318261439926078,-0.6220927951206385,1.0908069318555111,-0.06269450621192768,2.484832249280677,2.7144394763483786,1048.5,336.75,4295.5,1018.0,303.0,1087.0,309.0,1079.0,371.0,1010.0,364.0
moving,moving_frame_000078,moving_calib_camera,78,results/bus_real_data/ablation/moving_cam/fov/00_prepared_datasets/fov_80deg/raw_images/moving/frame_0078.png,5,0.17,929.46709573,929.46709573,640.0,360.0,True,-3.0742908793848036,-0.04951277511370826,0.1895027125211162,1.1024416701451822,0.44608193324031614,1.9924802015836214,2.3204189451343966,1154.5,568.0,6577.0,1115.0,527.0,1199.0,531.0,1194.0,610.0,1110.0,604.0
moving,moving_frame_000078,moving_calib_camera,78,results/bus_real_data/ablation/moving_cam/fov/00_prepared_datasets/fov_80deg/raw_images/moving/frame_0078.png,6,0.17,929.46709573,929.46709573,640.0,360.0,True,-3.1043920826780123,-0.05321337906111196,0.11023657998513516,-0.3893302599695499,0.11494586758895065,2.0724501564666955,2.1118333870934434,465.5,411.5,5706.0,429.0,372.0,504.0,375.0,502.0,451.0,427.0,448.0
moving,moving_frame_000078,moving_calib_camera,78,results/bus_real_data/ablation/moving_cam/fov/00_prepared_datasets/fov_80deg/raw_images/moving/frame_0078.png,7,0.17,929.46709573,929.46709573,640.0,360.0,True,-3.0781474391476187,-0.051383387050719424,0.13488170157467,-0.8249520081035677,0.09827915641855087,2.0956891773220376,2.2543552817169634,274.25,403.5,5439.0,238.0,365.0,311.0,367.0,310.0,443.0,238.0,439.0
moving,moving_frame_000078,moving_calib_camera,78,results/bus_real_data/ablation/moving_cam/fov/00_prepared_datasets/fov_80deg/raw_images/moving/frame_0078.png,8,0.17,929.46709573,929.46709573,640.0,360.0,True,-3.0208916606446308,-0.07583913490677507,0.7123505175377874,0.7059876904093184,-0.18397915341299106,2.705001308090085,2.8016600480195875,883.0,296.75,3456.0,855.0,267.0,914.0,268.0,911.0,327.0,852.0,325.0
moving,moving_frame_000079,moving_calib_camera,79,results/bus_real_data/ablation/moving_cam/fov/00_prepared_datasets/fov_80deg/raw_images/moving/frame_0079.png,5,0.17,929.46709573,929.46709573,640.0,360.0,True,-3.0742908793848036,-0.04951277511370826,0.1895027125211162,1.1024416701451822,0.44608193324031614,1.9924802015836214,2.3204189451343966,1154.5,568.0,6577.0,1115.0,527.0,1199.0,531.0,1194.0,610.0,1110.0,604.0
moving,moving_frame_000079,moving_calib_camera,79,results/bus_real_data/ablation/moving_cam/fov/00_prepared_datasets/fov_80deg/raw_images/moving/frame_0079.png,6,0.17,929.46709573,929.46709573,640.0,360.0,True,-3.1043920826780123,-0.05321337906111196,0.11023657998513516,-0.3893302599695499,0.11494586758895065,2.0724501564666955,2.1118333870934434,465.5,411.5,5706.0,429.0,372.0,504.0,375.0,502.0,451.0,427.0,448.0
moving,moving_frame_000079,moving_calib_camera,79,results/bus_real_data/ablation/moving_cam/fov/00_prepared_datasets/fov_80deg/raw_images/moving/frame_0079.png,7,0.17,929.46709573,929.46709573,640.0,360.0,True,-3.0781474391476187,-0.051383387050719424,0.13488170157467,-0.8249520081035677,0.09827915641855087,2.0956891773220376,2.2543552817169634,274.25,403.5,5439.0,238.0,365.0,311.0,367.0,310.0,443.0,238.0,439.0
moving,moving_frame_000079,moving_calib_camera,79,results/bus_real_data/ablation/moving_cam/fov/00_prepared_datasets/fov_80deg/raw_images/moving/frame_0079.png,8,0.17,929.46709573,929.46709573,640.0,360.0,True,-3.0208916606446308,-0.07583913490677507,0.7123505175377874,0.7059876904093184,-0.18397915341299106,2.705001308090085,2.8016600480195875,883.0,296.75,3456.0,855.0,267.0,914.0,268.0,911.0,327.0,852.0,325.0
moving,moving_frame_000080,moving_calib_camera,80,results/bus_real_data/ablation/moving_cam/fov/00_prepared_datasets/fov_80deg/raw_images/moving/frame_0080.png,5,0.17,929.46709573,929.46709573,640.0,360.0,True,-3.0611328235814073,0.016874056902092312,-0.016074101190336258,0.9689301236253228,0.38489994027055413,2.09677177035511,2.341671498192469,1069.5,530.5,5548.0,1033.0,494.0,1108.0,493.0,1106.0,567.0,1031.0,568.0
moving,moving_frame_000080,moving_calib_camera,80,results/bus_real_data/ablation/moving_cam/fov/00_prepared_datasets/fov_80deg/raw_images/moving/frame_0080.png,6,0.17,929.46709573,929.46709573,640.0,360.0,True,-3.0811090060326034,0.00587881677573703,-0.04480857186423261,-0.5324379626984975,0.11921726650892184,2.0019622881201116,2.0749833598878564,392.75,415.25,6241.5,352.0,376.0,432.0,376.0,433.0,454.0,354.0,455.0
moving,moving_frame_000080,moving_calib_camera,80,results/bus_real_data/ablation/moving_cam/fov/00_prepared_datasets/fov_80deg/raw_images/moving/frame_0080.png,7,0.17,929.46709573,929.46709573,640.0,360.0,True,-3.078946330412607,0.013467459807768051,-0.06456717408474281,-0.9711698460585374,0.12217374418037445,1.9885937414100683,2.216439117601859,186.0,417.0,6402.0,144.0,378.0,225.0,377.0,228.0,456.0,147.0,457.0
moving,moving_frame_000081,moving_calib_camera,81,results/bus_real_data/ablation/moving_cam/fov/00_prepared_datasets/fov_80deg/raw_images/moving/frame_0081.png,5,0.17,929.46709573,929.46709573,640.0,360.0,True,-3.054853009550151,0.07658409569989742,-0.1581869898884317,0.8286815034860547,0.32735743041859555,2.187308017002468,2.3618196973336985,992.0,499.0,4904.0,957.0,466.0,1026.0,461.0,1027.0,532.0,958.0,537.0
moving,moving_frame_000081,moving_calib_camera,81,results/bus_real_data/ablation/moving_cam/fov/00_prepared_datasets/fov_80deg/raw_images/moving/frame_0081.png,7,0.17,929.46709573,929.46709573,640.0,360.0,True,-3.024658456898818,0.06649042140297928,-0.24027426108370098,-1.104991453007464,0.15518495847653066,1.862610982446799,2.1712687890927596,88.25,437.25,7687.0,38.0,398.0,130.0,393.0,138.0,476.0,47.0,482.0
moving,moving_frame_000081,moving_calib_camera,81,results/bus_real_data/ablation/moving_cam/fov/00_prepared_datasets/fov_80deg/raw_images/moving/frame_0081.png,6,0.17,929.46709573,929.46709573,640.0,360.0,True,-3.0079753024940032,0.06057610984096097,-0.16478706103614466,-0.6627313948415866,0.13105162175948934,1.9039652493441461,2.0202651063621784,316.25,423.75,6997.5,270.0,385.0,356.0,381.0,362.0,462.0,277.0,467.0
moving,moving_frame_000081,moving_calib_camera,81,results/bus_real_data/ablation/moving_cam/fov/00_prepared_datasets/fov_80deg/raw_images/moving/frame_0081.png,8,0.17,929.46709573,929.46709573,640.0,360.0,True,-3.0708590719630555,0.07203832037680226,-0.257861067371813,0.2832043300233894,-0.2736576247975303,2.781351826812461,2.8090943687720493,734.5,268.5,3139.0,706.0,241.0,761.0,239.0,763.0,296.0,708.0,298.0
moving,moving_frame_000082,moving_calib_camera,82,results/bus_real_data/ablation/moving_cam/fov/00_prepared_datasets/fov_80deg/raw_images/moving/frame_0082.png,5,0.17,929.46709573,929.46709573,640.0,360.0,True,-3.0365972848266156,0.1344682080904379,-0.32909774564513034,0.6843437877233545,0.27601141355264036,2.263562440040903,2.3808031502353995,920.75,473.25,4379.5,887.0,443.0,951.0,435.0,954.0,503.0,891.0,512.0
moving,moving_frame_000082,moving_calib_camera,82,results/bus_real_data/ablation/moving_cam/fov/00_prepared_datasets/fov_80deg/raw_images/moving/frame_0082.png,6,0.17,929.46709573,929.46709573,640.0,360.0,True,-2.9492370136067145,0.11820557539102156,-0.3898067626324028,-0.7889887130855343,0.15116698271595483,1.8122673460132688,1.982338916397948,234.75,437.25,8021.5,182.0,400.0,276.0,390.0,287.0,474.0,194.0,485.0
moving,moving_frame_000082,moving_calib_camera,82,results/bus_real_data/ablation/moving_cam/fov/00_prepared_datasets/fov_80deg/raw_images/moving/frame_0082.png,8,0.17,929.46709573,929.46709573,640.0,360.0,True,-3.074039181052697,0.1472766915127492,-0.28378829672329026,0.06971869790293997,-0.3062490227263121,2.7985909945283303,2.816160633808585,663.0,258.25,3130.0,633.0,232.0,688.0,228.0,693.0,284.0,638.0,289.0
moving,moving_frame_000083,moving_calib_camera,83,results/bus_real_data/ablation/moving_cam/fov/00_prepared_datasets/fov_80deg/raw_images/moving/frame_0083.png,5,0.17,929.46709573,929.46709573,640.0,360.0,True,-2.9822968648891193,0.19972113044294734,-0.46727806748254014,0.535659448812505,0.22918504274418158,2.3256057995008366,2.3974776669641145,853.75,451.5,3993.0,821.0,424.0,881.0,413.0,886.0,478.0,827.0,491.0
moving,moving_frame_000083,moving_calib_camera,83,results/bus_real_data/ablation/moving_cam/fov/00_prepared_datasets/fov_80deg/raw_images/moving/frame_0083.png,6,0.17,929.46709573,929.46709573,640.0,360.0,True,-2.907872094254002,0.17852208817608473,-0.5032127375839921,-0.895780138251685,0.17750787919862865,1.6954405224707991,1.9257335403684122,148.0,457.0,9473.0,87.0,420.0,191.0,405.0,208.0,492.0,106.0,511.0
moving,moving_frame_000083,moving_calib_camera,83,results/bus_real_data/ablation/moving_cam/fov/00_prepared_datasets/fov_80deg/raw_images/moving/frame_0083.png,8,0.17,929.46709573,929.46709573,640.0,360.0,True,-3.0694577534954215,0.20911930255502073,-0.32578628156428113,-0.14419985646061503,-0.32913536524972065,2.7882618174050413,2.811321335183901,591.75,250.25,3184.5,560.0,225.0,616.0,219.0,623.0,275.0,568.0,282.0
moving,moving_frame_000084,moving_calib_camera,84,results/bus_real_data/ablation/moving_cam/fov/00_prepared_datasets/fov_80deg/raw_images/moving/frame_0084.png,6,0.17,929.46709573,929.46709573,640.0,360.0,True,-2.889098182810643,0.1709546474481763,-0.5056391043133747,-0.8455414212681747,0.24485307163393236,1.536160517942025,1.7705034477946342,127.25,507.75,11469.5,59.0,469.0,175.0,450.0,194.0,545.0,81.0,567.0
moving,moving_frame_000084,moving_calib_camera,84,results/bus_real_data/ablation/moving_cam/fov/00_prepared_datasets/fov_80deg/raw_images/moving/frame_0084.png,5,0.17,929.46709573,929.46709573,640.0,360.0,True,-2.9849469513411377,0.2186226850969111,-0.4517173510286826,0.5805965295337427,0.29853998217554695,2.1618407716171752,2.258267914329552,889.25,488.25,4571.0,854.0,460.0,918.0,446.0,924.0,516.0,861.0,531.0
moving,moving_frame_000084,moving_calib_camera,84,results/bus_real_data/ablation/moving_cam/fov/00_prepared_datasets/fov_80deg/raw_images/moving/frame_0084.png,8,0.17,929.46709573,929.46709573,640.0,360.0,True,-3.0194923285532456,0.2178720758957476,-0.4601190407510935,-0.09440642965694147,-0.255357616485655,2.6028515641830023,2.617051079254608,606.0,268.75,3569.0,573.0,242.0,631.0,235.0,639.0,295.0,581.0,303.0
moving,moving_frame_000085,moving_calib_camera,85,results/bus_real_data/ablation/moving_cam/fov/00_prepared_datasets/fov_80deg/raw_images/moving/frame_0085.png,6,0.17,929.46709573,929.46709573,640.0,360.0,True,-2.916467071725366,0.17532530409615202,-0.5100947455312608,-0.7966201869815187,0.3109988613440189,1.3805530943375548,1.6239614713252106,102.25,569.0,14312.0,26.0,527.0,156.0,504.0,177.0,609.0,50.0,636.0
moving,moving_frame_000085,moving_calib_camera,85,results/bus_real_data/ablation/moving_cam/fov/00_prepared_datasets/fov_80deg/raw_images/moving/frame_0085.png,5,0.17,929.46709573,929.46709573,640.0,360.0,True,-2.9805463934157292,0.21964593687438816,-0.46542293453504563,0.6227279349723547,0.3644266675720688,1.9911266327893808,2.117824861700276,930.25,530.0,5240.5,893.0,500.0,961.0,484.0,967.0,559.0,900.0,577.0
moving,moving_frame_000085,moving_calib_camera,85,results/bus_real_data/ablation/moving_cam/fov/00_prepared_datasets/fov_80deg/raw_images/moving/frame_0085.png,8,0.17,929.46709573,929.46709573,640.0,360.0,True,-2.965427357496235,0.20428634905128346,-0.473380733004018,-0.046904256398876604,-0.18497344599309948,2.434365502502301,2.4418334473841936,621.75,289.25,4030.5,587.0,261.0,649.0,253.0,656.0,317.0,595.0,326.0
moving,moving_frame_000086,moving_calib_camera,86,results/bus_real_data/ablation/moving_cam/fov/00_prepared_datasets/fov_80deg/raw_images/moving/frame_0086.png,5,0.17,929.46709573,929.46709573,640.0,360.0,True,-2.995506471090102,0.21002450579339718,-0.47114758858582007,0.671940164369539,0.43459192756918574,1.843630673298366,2.0098128737591097,978.25,579.0,5986.5,939.0,547.0,1011.0,529.0,1017.0,610.0,946.0,630.0
moving,moving_frame_000086,moving_calib_camera,86,results/bus_real_data/ablation/moving_cam/fov/00_prepared_datasets/fov_80deg/raw_images/moving/frame_0086.png,8,0.17,929.46709573,929.46709573,640.0,360.0,True,-2.9783344722933505,0.20370978584659022,-0.41020213845532827,0.0008356065046122643,-0.1157638839506513,2.28392358728811,2.286855685791423,640.0,312.75,4597.0,603.0,283.0,669.0,274.0,677.0,342.0,611.0,352.0
moving,moving_frame_000087,moving_calib_camera,87,results/bus_real_data/ablation/moving_cam/fov/00_prepared_datasets/fov_80deg/raw_images/moving/frame_0087.png,5,0.17,929.46709573,929.46709573,640.0,360.0,True,-2.9739627592168008,0.2132370568018486,-0.4667020367866625,0.7187033481779631,0.5032017716887481,1.6875871043618813,1.9020243848388034,1035.25,637.0,6858.5,994.0,604.0,1071.0,582.0,1076.0,669.0,1000.0,693.0
moving,moving_frame_000087,moving_calib_camera,87,results/bus_real_data/ablation/moving_cam/fov/00_prepared_datasets/fov_80deg/raw_images/moving/frame_0087.png,8,0.17,929.46709573,929.46709573,640.0,360.0,True,-2.976105032169549,0.20956999906926138,-0.45544739272006074,0.04746969540894925,-0.046742878667122845,2.1343011921713626,2.135340686539833,660.25,339.5,5167.0,621.0,308.0,691.0,298.0,699.0,370.0,630.0,382.0
moving,moving_frame_000088,moving_calib_camera,88,results/bus_real_data/ablation/moving_cam/fov/00_prepared_datasets/fov_80deg/raw_images/moving/frame_0088.png,8,0.17,929.46709573,929.46709573,640.0,360.0,True,-3.0021575761012365,0.2150213482173908,-0.44600774862799447,0.09529986677944123,0.022103905797631128,1.980539777650945,1.9829544770663154,684.25,370.25,5967.0,642.0,337.0,717.0,325.0,726.0,403.0,652.0,416.0
moving,moving_frame_000089,moving_calib_camera,89,results/bus_real_data/ablation/moving_cam/fov/00_prepared_datasets/fov_80deg/raw_images/moving/frame_0089.png,8,0.17,929.46709573,929.46709573,640.0,360.0,True,-2.9839613784911867,0.2107672905396575,-0.424541959294113,0.14295881056088927,0.09218056324281837,1.825637298818303,1.8335446611940864,712.25,406.75,6940.0,667.0,371.0,748.0,358.0,757.0,441.0,677.0,457.0
moving,moving_frame_000090,moving_calib_camera,90,results/bus_real_data/ablation/moving_cam/fov/00_prepared_datasets/fov_80deg/raw_images/moving/frame_0090.png,8,0.17,929.46709573,929.46709573,640.0,360.0,True,-2.980513577603454,0.21249067893164253,-0.45586844262170634,0.18839486265789113,0.15946175100220747,1.65698186416622,1.67526403067825,745.0,449.25,8222.5,696.0,411.0,784.0,395.0,793.0,486.0,707.0,505.0
moving,moving_frame_000091,moving_calib_camera,91,results/bus_real_data/ablation/moving_cam/fov/00_prepared_datasets/fov_80deg/raw_images/moving/frame_0091.png,8,0.17,929.46709573,929.46709573,640.0,360.0,True,-2.9817224674173923,0.21398508664647,-0.45343293054355177,0.23580914504590794,0.22878921252238307,1.5058049315787576,1.5412329313315365,784.75,501.0,9765.0,732.0,460.0,827.0,441.0,837.0,540.0,743.0,563.0
moving,moving_frame_000091,moving_calib_camera,91,results/bus_real_data/ablation/moving_cam/fov/00_prepared_datasets/fov_80deg/raw_images/moving/frame_0091.png,11,0.17,929.46709573,929.46709573,640.0,360.0,True,0.3672529552366349,2.546211595981719,-1.5614900025112004,-0.6835699571072973,-0.4165851901904738,2.6113862523598446,2.731327381688197,396.5,212.0,1134.0,430.0,218.0,366.0,224.0,365.0,206.0,425.0,200.0
moving,moving_frame_000092,moving_calib_camera,92,results/bus_real_data/ablation/moving_cam/fov/00_prepared_datasets/fov_80deg/raw_images/moving/frame_0092.png,8,0.17,929.46709573,929.46709573,640.0,360.0,True,-2.9884304747241597,0.2126813944711648,-0.4621637167478034,0.2834655799102561,0.29801422414950174,1.3546936025592176,1.4157542052221348,833.5,564.25,11765.0,776.0,520.0,880.0,497.0,890.0,606.0,788.0,634.0
moving,moving_frame_000092,moving_calib_camera,92,results/bus_real_data/ablation/moving_cam/fov/00_prepared_datasets/fov_80deg/raw_images/moving/frame_0092.png,12,0.17,929.46709573,929.46709573,640.0,360.0,True,-2.5136413355367866,-0.788653534913318,1.6231770877756568,0.27837850133320324,-0.42280893899663774,2.943945300684121,2.9871518077125074,728.25,226.5,1436.0,728.0,194.0,751.0,210.0,727.0,260.0,707.0,242.0
moving,moving_frame_000093,moving_calib_camera,93,results/bus_real_data/ablation/moving_cam/fov/00_prepared_datasets/fov_80deg/raw_images/moving/frame_0093.png,13,0.17,929.46709573,929.46709573,640.0,360.0,True,0.32477268212013916,2.5974563210772237,-1.575676854048226,-1.2588639658713956,0.03175940660643675,2.200830579312526,2.5356266253757784,107.75,374.0,2362.5,138.0,385.0,58.0,396.0,80.0,362.0,155.0,353.0
moving,moving_frame_000093,moving_calib_camera,93,results/bus_real_data/ablation/moving_cam/fov/00_prepared_datasets/fov_80deg/raw_images/moving/frame_0093.png,12,0.17,929.46709573,929.46709573,640.0,360.0,True,-2.5271391783310313,-0.7619741605909048,1.6208767835086941,0.3256418760892972,-0.3515829804162634,2.7811784110473856,2.822163456934662,749.25,242.5,1697.0,748.0,208.0,774.0,225.0,749.0,278.0,726.0,259.0
moving,moving_frame_000094,moving_calib_camera,94,results/bus_real_data/ablation/moving_cam/fov/00_prepared_datasets/fov_80deg/raw_images/moving/frame_0094.png,13,0.17,929.46709573,929.46709573,640.0,360.0,True,0.3394481402639496,2.6047012831124854,-1.566861344897831,-1.2084151738336302,0.09643236453686584,2.0475614731807865,2.3795113825606733,90.75,404.5,2915.0,124.0,417.0,36.0,430.0,62.0,391.0,141.0,380.0
moving,moving_frame_000094,moving_calib_camera,94,results/bus_real_data/ablation/moving_cam/fov/00_prepared_datasets/fov_80deg/raw_images/moving/frame_0094.png,11,0.17,929.46709573,929.46709573,640.0,360.0,True,0.31957465099217747,2.5545718730201594,-1.5611831255876438,-0.5592785243263392,-0.21776202024388377,2.219364178872009,2.2990846273448855,405.5,269.25,1874.5,444.0,278.0,369.0,286.0,369.0,259.0,440.0,254.0
moving,moving_frame_000094,moving_calib_camera,94,results/bus_real_data/ablation/moving_cam/fov/00_prepared_datasets/fov_80deg/raw_images/moving/frame_0094.png,12,0.17,929.46709573,929.46709573,640.0,360.0,True,-2.5419161731505846,-0.7840148715088079,1.5804084316894598,0.3752691895534935,-0.2843468164079555,2.642362991413381,2.6839825362733913,772.5,260.0,2058.0,771.0,223.0,800.0,243.0,773.0,298.0,746.0,276.0
moving,moving_frame_000095,moving_calib_camera,95,results/bus_real_data/ablation/moving_cam/fov/00_prepared_datasets/fov_80deg/raw_images/moving/frame_0095.png,13,0.17,929.46709573,929.46709573,640.0,360.0,True,0.3483061554008193,2.599754006621586,-1.5676653047020186,-1.1514295927091578,0.16093638158622453,1.8796152979243042,2.2101231400253503,69.75,440.5,3683.0,105.0,455.0,10.0,470.0,38.0,425.0,126.0,412.0
moving,moving_frame_000095,moving_calib_camera,95,results/bus_real_data/ablation/moving_cam/fov/00_prepared_datasets/fov_80deg/raw_images/moving/frame_0095.png,11,0.17,929.46709573,929.46709573,640.0,360.0,True,0.3623158633960836,2.5655110647979154,-1.5374739779038806,-0.5046055954161824,-0.1460398812124821,2.030850796411486,2.0976914480244813,408.75,293.75,2467.5,452.0,304.0,370.0,314.0,368.0,283.0,445.0,274.0
moving,moving_frame_000095,moving_calib_camera,95,results/bus_real_data/ablation/moving_cam/fov/00_prepared_datasets/fov_80deg/raw_images/moving/frame_0095.png,12,0.17,929.46709573,929.46709573,640.0,360.0,True,-2.532694345160314,-0.767330171088757,1.5775978869506972,0.42130391962298225,-0.21385573670875804,2.4759055610292315,2.5205831896504445,798.75,279.75,2457.5,796.0,240.0,829.0,262.0,800.0,321.0,770.0,296.0
moving,moving_frame_000096,moving_calib_camera,96,results/bus_real_data/ablation/moving_cam/fov/00_prepared_datasets/fov_80deg/raw_images/moving/frame_0096.png,11,0.17,929.46709573,929.46709573,640.0,360.0,True,0.47285477209527305,2.5095406193116596,-1.514560715139193,-0.6029865618163115,-0.07131313490224554,1.8405526995314934,1.938120893209015,335.0,324.75,3172.0,385.0,334.0,292.0,350.0,289.0,314.0,374.0,301.0
moving,moving_frame_000096,moving_calib_camera,96,results/bus_real_data/ablation/moving_cam/fov/00_prepared_datasets/fov_80deg/raw_images/moving/frame_0096.png,12,0.17,929.46709573,929.46709573,640.0,360.0,True,-2.6083793707288945,-0.7085972575706628,1.4692223764209045,0.2756191757591591,-0.18337806478290208,2.4248577962927813,2.447351379947629,746.25,289.75,2652.0,741.0,249.0,777.0,271.0,750.0,332.0,717.0,307.0
moving,moving_frame_000097,moving_calib_camera,97,results/bus_real_data/ablation/moving_cam/fov/00_prepared_datasets/fov_80deg/raw_images/moving/frame_0097.png,11,0.17,929.46709573,929.46709573,640.0,360.0,True,0.578227756745126,2.4789960417857206,-1.4734315998062404,-0.6783282514502024,0.004380537918272365,1.6569481326847593,1.7904260722619778,258.75,363.5,4329.5,316.0,372.0,211.0,396.0,206.0,353.0,302.0,333.0
moving,moving_frame_000097,moving_calib_camera,97,results/bus_real_data/ablation/moving_cam/fov/00_prepared_datasets/fov_80deg/raw_images/moving/frame_0097.png,12,0.17,929.46709573,929.46709573,640.0,360.0,True,-2.6625959862602278,-0.6581765091328733,1.359313105478519,0.14254912919616033,-0.1473786728947261,2.330055174442239,2.3390591791153654,697.5,301.25,2963.0,690.0,259.0,729.0,281.0,704.0,346.0,667.0,319.0
moving,moving_frame_000098,moving_calib_camera,98,results/bus_real_data/ablation/moving_cam/fov/00_prepared_datasets/fov_80deg/raw_images/moving/frame_0098.png,11,0.17,929.46709573,929.46709573,640.0,360.0,True,0.6979279164152693,2.3911764352144833,-1.4655703606282822,-0.7166656034641272,0.07904890591181518,1.4534305621637844,1.6224422072129998,180.5,412.0,5862.0,249.0,417.0,127.0,453.0,117.0,403.0,229.0,375.0
moving,moving_frame_000098,moving_calib_camera,98,results/bus_real_data/ablation/moving_cam/fov/00_prepared_datasets/fov_80deg/raw_images/moving/frame_0098.png,12,0.17,929.46709573,929.46709573,640.0,360.0,True,-2.7327899501985913,-0.6087827087371039,1.2568784889526925,0.029778038139586554,-0.10816709724065972,2.2441540650624665,2.2469566796485654,653.0,315.25,3314.5,643.0,271.0,686.0,294.0,662.0,361.0,621.0,335.0
moving,moving_frame_000099,moving_calib_camera,99,results/bus_real_data/ablation/moving_cam/fov/00_prepared_datasets/fov_80deg/raw_images/moving/frame_0099.png,11,0.17,929.46709573,929.46709573,640.0,360.0,True,0.8018764886773073,2.3155427163000186,-1.4442409939812215,-0.7346975475742213,0.14964318738291998,1.2683817178876196,1.473419747462767,99.75,471.75,8334.5,182.0,473.0,39.0,524.0,23.0,465.0,155.0,425.0
moving,moving_frame_000099,moving_calib_camera,99,results/bus_real_data/ablation/moving_cam/fov/00_prepared_datasets/fov_80deg/raw_images/moving/frame_0099.png,12,0.17,929.46709573,929.46709573,640.0,360.0,True,-2.7766466827801786,-0.5476818839239913,1.133858959447325,-0.0675389862149919,-0.06713628729262337,2.149614895880894,2.1517232620212603,611.5,331.0,3768.0,598.0,285.0,646.0,308.0,624.0,379.0,578.0,352.0
moving,moving_frame_000100,moving_calib_camera,100,results/bus_real_data/ablation/moving_cam/fov/00_prepared_datasets/fov_80deg/raw_images/moving/frame_0100.png,12,0.17,929.46709573,929.46709573,640.0,360.0,True,-2.835437771572905,-0.48956747133722217,1.013749611558182,-0.1476378557261672,-0.025026823731312587,2.0642366983125893,2.069660944456835,574.25,348.75,4284.0,557.0,301.0,611.0,324.0,590.0,398.0,539.0,372.0
moving,moving_frame_000101,moving_calib_camera,101,results/bus_real_data/ablation/moving_cam/fov/00_prepared_datasets/fov_80deg/raw_images/moving/frame_0101.png,10,0.17,929.46709573,929.46709573,640.0,360.0,True,-1.4925615122248337,-1.2867475983630607,2.4164213633664158,0.6035768990070569,0.3120812006053537,1.2873714859130936,1.4556871544148284,1077.0,585.75,4614.0,1129.0,519.0,1109.0,591.0,1021.0,653.0,1049.0,580.0
moving,moving_frame_000101,moving_calib_camera,101,results/bus_real_data/ablation/moving_cam/fov/00_prepared_datasets/fov_80deg/raw_images/moving/frame_0101.png,12,0.17,929.46709573,929.46709573,640.0,360.0,True,-2.885645749676584,-0.4319461910819506,0.8925942382935373,-0.2103415968992554,0.015813653704147754,1.9598438159111875,1.971162459513403,541.0,367.5,4975.0,520.0,318.0,580.0,340.0,561.0,419.0,503.0,393.0
moving,moving_frame_000102,moving_calib_camera,102,results/bus_real_data/ablation/moving_cam/fov/00_prepared_datasets/fov_80deg/raw_images/moving/frame_0102.png,10,0.17,929.46709573,929.46709573,640.0,360.0,True,-1.6174627673140607,-1.2631258575414503,2.3388410396398824,0.6111588248171155,0.311590854049706,1.2866354909373992,1.4580928831933118,1083.0,585.75,5966.5,1129.0,515.0,1123.0,593.0,1032.0,656.0,1048.0,579.0
moving,moving_frame_000102,moving_calib_camera,102,results/bus_real_data/ablation/moving_cam/fov/00_prepared_datasets/fov_80deg/raw_images/moving/frame_0102.png,12,0.17,929.46709573,929.46709573,640.0,360.0,True,-2.906811847892906,-0.3632702801019058,0.7579733407860572,-0.25937563699519933,0.05654815211967511,1.872387658394855,1.8911131531149012,512.0,388.0,5691.0,486.0,337.0,553.0,358.0,537.0,441.0,472.0,416.0
moving,moving_frame_000103,moving_calib_camera,103,results/bus_real_data/ablation/moving_cam/fov/00_prepared_datasets/fov_80deg/raw_images/moving/frame_0103.png,10,0.17,929.46709573,929.46709573,640.0,360.0,True,-1.7592717828484903,-1.2216174729079892,2.2552004142793254,0.6264913254103136,0.30737162763033593,1.3005265667956198,1.4759193911686692,1089.5,580.5,7148.0,1128.0,507.0,1137.0,587.0,1046.0,654.0,1047.0,574.0
moving,moving_frame_000103,moving_calib_camera,103,results/bus_real_data/ablation/moving_cam/fov/00_prepared_datasets/fov_80deg/raw_images/moving/frame_0103.png,12,0.17,929.46709573,929.46709573,640.0,360.0,True,-2.948233217646963,-0.30485107697205044,0.6291708248186135,-0.29602473538675994,0.09487446769380108,1.7957203039232295,1.822427836295067,487.5,409.0,6478.0,457.0,357.0,531.0,376.0,517.0,463.0,445.0,440.0
moving,moving_frame_000104,moving_calib_camera,104,results/bus_real_data/ablation/moving_cam/fov/00_prepared_datasets/fov_80deg/raw_images/moving/frame_0104.png,10,0.17,929.46709573,929.46709573,640.0,360.0,True,-1.889162802174165,-1.1686482852220041,2.152542850668321,0.6454483106561679,0.29729517692334895,1.3279255634531673,1.5061122952898294,1093.75,569.0,8058.5,1123.0,494.0,1148.0,574.0,1058.0,645.0,1046.0,563.0
moving,moving_frame_000104,moving_calib_camera,104,results/bus_real_data/ablation/moving_cam/fov/00_prepared_datasets/fov_80deg/raw_images/moving/frame_0104.png,12,0.17,929.46709573,929.46709573,640.0,360.0,True,-2.976612346014547,-0.2346708402593471,0.5032324146238655,-0.31685541974086806,0.12875312059860922,1.705566435795584,1.7395205057703385,468.0,430.0,7470.0,432.0,377.0,514.0,393.0,503.0,485.0,423.0,465.0
moving,moving_frame_000105,moving_calib_camera,105,results/bus_real_data/ablation/moving_cam/fov/00_prepared_datasets/fov_80deg/raw_images/moving/frame_0105.png,10,0.17,929.46709573,929.46709573,640.0,360.0,True,-2.0031201822206333,-1.1387814720614275,2.0667012823406092,0.6626474489864774,0.2807773302602799,1.362191018381552,1.5406173831927725,1094.25,552.5,8562.5,1117.0,478.0,1153.0,555.0,1065.0,629.0,1042.0,548.0
moving,moving_frame_000105,moving_calib_camera,105,results/bus_real_data/ablation/moving_cam/fov/00_prepared_datasets/fov_80deg/raw_images/moving/frame_0105.png,12,0.17,929.46709573,929.46709573,640.0,360.0,True,-3.002610557816748,-0.1696166098935752,0.3477282847788457,-0.32982015096041983,0.15999082257911817,1.6390600890816276,1.679552431723812,453.5,450.5,8464.0,412.0,397.0,502.0,410.0,494.0,505.0,406.0,490.0
moving,moving_frame_000106,moving_calib_camera,106,results/bus_real_data/ablation/moving_cam/fov/00_prepared_datasets/fov_80deg/raw_images/moving/frame_0106.png,10,0.17,929.46709573,929.46709573,640.0,360.0,True,-2.1226032372936428,-1.0909207698380827,1.968752692243141,0.6802845559007353,0.25948974323884383,1.4134196054276444,1.5899298679031286,1089.5,531.5,8735.0,1105.0,458.0,1151.0,531.0,1068.0,607.0,1034.0,530.0
moving,moving_frame_000106,moving_calib_camera,106,results/bus_real_data/ablation/moving_cam/fov/00_prepared_datasets/fov_80deg/raw_images/moving/frame_0106.png,12,0.17,929.46709573,929.46709573,640.0,360.0,True,-3.029378418684328,-0.09948015291835957,0.23082384638409748,-0.3335365339402584,0.18577091899614437,1.5805682650586588,1.6260238295695704,444.25,469.0,9390.5,398.0,416.0,494.0,424.0,490.0,523.0,395.0,513.0
moving,moving_frame_000107,moving_calib_camera,107,results/bus_real_data/ablation/moving_cam/fov/00_prepared_datasets/fov_80deg/raw_images/moving/frame_0107.png,12,0.17,929.46709573,929.46709573,640.0,360.0,True,-3.0256004047941003,0.03605017379355275,-0.03587805333377555,-0.3236097553228033,0.22281329935470756,1.4970619410233323,1.5477608004371874,439.0,498.0,10933.0,383.0,448.0,490.0,445.0,494.0,548.0,389.0,551.0
moving,moving_frame_000107,moving_calib_camera,107,results/bus_real_data/ablation/moving_cam/fov/00_prepared_datasets/fov_80deg/raw_images/moving/frame_0107.png,10,0.17,929.46709573,929.46709573,640.0,360.0,True,-2.33550938190043,-0.9662156211745879,1.7529700856977701,0.6989649388526816,0.19825954428678325,1.5467913824279915,1.708924343966003,1062.0,479.75,8271.5,1064.0,411.0,1124.0,472.0,1055.0,551.0,1005.0,485.0
moving,moving_frame_000108,moving_calib_camera,108,results/bus_real_data/ablation/moving_cam/fov/00_prepared_datasets/fov_80deg/raw_images/moving/frame_0108.png,12,0.17,929.46709573,929.46709573,640.0,360.0,True,-3.0256004047941003,0.03605017379355275,-0.03587805333377555,-0.3236097553228033,0.22281329935470756,1.4970619410233323,1.5477608004371874,439.0,498.0,10933.0,383.0,448.0,490.0,445.0,494.0,548.0,389.0,551.0
moving,moving_frame_000108,moving_calib_camera,108,results/bus_real_data/ablation/moving_cam/fov/00_prepared_datasets/fov_80deg/raw_images/moving/frame_0108.png,10,0.17,929.46709573,929.46709573,640.0,360.0,True,-2.33550938190043,-0.9662156211745879,1.7529700856977701,0.6989649388526816,0.19825954428678325,1.5467913824279915,1.708924343966003,1062.0,479.75,8271.5,1064.0,411.0,1124.0,472.0,1055.0,551.0,1005.0,485.0
moving,moving_frame_000109,moving_calib_camera,109,results/bus_real_data/ablation/moving_cam/fov/00_prepared_datasets/fov_80deg/raw_images/moving/frame_0109.png,12,0.17,929.46709573,929.46709573,640.0,360.0,True,-3.008445825493845,0.09828617517835922,-0.2018450379777432,-0.31401320255308823,0.2328177915172832,1.4736073356025003,1.524574365180699,441.5,506.5,11426.0,382.0,459.0,492.0,450.0,500.0,553.0,392.0,564.0
moving,moving_frame_000109,moving_calib_camera,109,results/bus_real_data/ablation/moving_cam/fov/00_prepared_datasets/fov_80deg/raw_images/moving/frame_0109.png,10,0.17,929.46709573,929.46709573,640.0,360.0,True,-2.4366673305705433,-0.9065735358845886,1.6441860933372812,0.7015530388880266,0.1605677968997407,1.6396271489503,1.7906244361532517,1039.5,451.5,7676.0,1036.0,387.0,1100.0,440.0,1038.0,519.0,984.0,460.0
moving,moving_frame_000110,moving_calib_camera,110,results/bus_real_data/ablation/moving_cam/fov/00_prepared_datasets/fov_80deg/raw_images/moving/frame_0110.png,12,0.17,929.46709573,929.46709573,640.0,360.0,True,-2.9723479873084746,0.16385465632862548,-0.3490226954309581,-0.30167746322017486,0.23640905126163542,1.4493202952331807,1.49914237132708,445.75,511.25,11783.5,383.0,467.0,495.0,451.0,507.0,554.0,398.0,573.0
moving,moving_frame_000110,moving_calib_camera,110,results/bus_real_data/ablation/moving_cam/fov/00_prepared_datasets/fov_80deg/raw_images/moving/frame_0110.png,10,0.17,929.46709573,929.46709573,640.0,360.0,True,-2.5250414295137977,-0.8407581883995868,1.549822961884928,0.6893651043129505,0.11627841908969062,1.7322389295000886,1.867992673076106,1011.5,422.75,7030.5,1004.0,362.0,1069.0,408.0,1015.0,486.0,958.0,435.0
moving,moving_frame_000111,moving_calib_camera,111,results/bus_real_data/ablation/moving_cam/fov/00_prepared_datasets/fov_80deg/raw_images/moving/frame_0111.png,12,0.17,929.46709573,929.46709573,640.0,360.0,True,-2.946341828697037,0.22630789152838837,-0.4684532709782702,-0.2930533913325136,0.23497872801070313,1.443398205710346,1.4914736581773282,450.25,511.0,11808.0,386.0,470.0,497.0,448.0,513.0,550.0,405.0,576.0
moving,moving_frame_000111,moving_calib_camera,111,results/bus_real_data/ablation/moving_cam/fov/00_prepared_datasets/fov_80deg/raw_images/moving/frame_0111.png,10,0.17,929.46709573,929.46709573,640.0,360.0,True,-2.6115403644195947,-0.7824244990613175,1.439836489490771,0.6703617825685126,0.06953396609592799,1.8468958894380174,1.9660224613143433,978.75,395.25,6325.5,968.0,339.0,1033.0,378.0,986.0,454.0,928.0,410.0
moving,moving_frame_000112,moving_calib_camera,112,results/bus_real_data/ablation/moving_cam/fov/00_prepared_datasets/fov_80deg/raw_images/moving/frame_0112.png,12,0.17,929.46709573,929.46709573,640.0,360.0,True,-2.9110227998295524,0.29095772490492916,-0.571746638798067,-0.28929678327928227,0.22870116675907065,1.4533295853128545,1.4993877870778907,453.75,506.0,11508.0,389.0,469.0,497.0,441.0,517.0,541.0,412.0,573.0
moving,moving_frame_000112,moving_calib_camera,112,results/bus_real_data/ablation/moving_cam/fov/00_prepared_datasets/fov_80deg/raw_images/moving/frame_0112.png,10,0.17,929.46709573,929.46709573,640.0,360.0,True,-2.684309602496657,-0.7321438902531213,1.3156902286433352,0.6337378894921609,0.018662278399190643,1.964612406091298,2.064382207678817,941.0,369.0,5699.0,928.0,317.0,992.0,350.0,951.0,424.0,893.0,385.0
moving,moving_frame_000113,moving_calib_camera,113,results/bus_real_data/ablation/moving_cam/fov/00_prepared_datasets/fov_80deg/raw_images/moving/frame_0113.png,12,0.17,929.46709573,929.46709573,640.0,360.0,True,-2.890674949786534,0.35385501251099644,-0.6711364779669897,-0.2929759120965605,0.21942198522481457,1.4788046312595935,1.5234316624330848,454.5,497.75,11011.5,390.0,464.0,494.0,432.0,517.0,529.0,417.0,566.0
moving,moving_frame_000113,moving_calib_camera,113,results/bus_real_data/ablation/moving_cam/fov/00_prepared_datasets/fov_80deg/raw_images/moving/frame_0113.png,10,0.17,929.46709573,929.46709573,640.0,360.0,True,-2.753462736124097,-0.6711166415236103,1.2326859210963133,0.5804877194321422,-0.03497486997707008,2.081130278085367,2.1608545689854095,900.25,344.5,5080.5,886.0,296.0,947.0,324.0,913.0,395.0,855.0,363.0
moving,moving_frame_000114,moving_calib_camera,114,results/bus_real_data/ablation/moving_cam/fov/00_prepared_datasets/fov_80deg/raw_images/moving/frame_0114.png,12,0.17,929.46709573,929.46709573,640.0,360.0,True,-2.8635102756266573,0.41579925808786455,-0.7809525368038959,-0.30669151367860786,0.2069422471077665,1.5198327859542622,1.5642175281788597,451.0,486.5,10280.0,388.0,456.0,486.0,421.0,512.0,514.0,418.0,555.0
moving,moving_frame_000114,moving_calib_camera,114,results/bus_real_data/ablation/moving_cam/fov/00_prepared_datasets/fov_80deg/raw_images/moving/frame_0114.png,10,0.17,929.46709573,929.46709573,640.0,360.0,True,-2.796760269189511,-0.5952261628904959,1.1355241552463788,0.5097669745657372,-0.08995800758940745,2.1970642997884275,2.257220934887007,856.5,322.0,4561.0,840.0,277.0,900.0,300.0,871.0,369.0,815.0,342.0
moving,moving_frame_000115,moving_calib_camera,115,results/bus_real_data/ablation/moving_cam/fov/00_prepared_datasets/fov_80deg/raw_images/moving/frame_0115.png,12,0.17,929.46709573,929.46709573,640.0,360.0,True,-2.824672403357837,0.48680300326810355,-0.9029843214368829,-0.326323598730986,0.1896994482913508,1.5575168313633236,1.6026015261913464,443.75,473.25,9586.0,382.0,446.0,474.0,408.0,503.0,497.0,416.0,542.0
moving,moving_frame_000115,moving_calib_camera,115,results/bus_real_data/ablation/moving_cam/fov/00_prepared_datasets/fov_80deg/raw_images/moving/frame_0115.png,10,0.17,929.46709573,929.46709573,640.0,360.0,True,-2.861054010409561,-0.5424581430382178,1.0454885237974747,0.4230308219685126,-0.14564814210154864,2.3224624032075654,2.3651638573142555,810.0,301.75,4083.5,793.0,260.0,850.0,279.0,826.0,345.0,771.0,323.0
moving,moving_frame_000116,moving_calib_camera,116,results/bus_real_data/ablation/moving_cam/fov/00_prepared_datasets/fov_80deg/raw_images/moving/frame_0116.png,12,0.17,929.46709573,929.46709573,640.0,360.0,True,-2.7725803915370033,0.5553560642550912,-1.0013389700473665,-0.4200444642618214,0.20347845913677717,1.5177624430536485,1.5879054344745651,381.0,484.75,10260.5,315.0,461.0,409.0,416.0,444.0,505.0,356.0,557.0
moving,moving_frame_000116,moving_calib_camera,116,results/bus_real_data/ablation/moving_cam/fov/00_prepared_datasets/fov_80deg/raw_images/moving/frame_0116.png,10,0.17,929.46709573,929.46709573,640.0,360.0,True,-2.870640633938847,-0.4514503740853022,0.9565754603045756,0.25283069525228263,-0.1646921343404874,2.3646823066331004,2.3838559668904113,740.0,295.25,3862.5,721.0,255.0,777.0,271.0,758.0,337.0,704.0,318.0
moving,moving_frame_000117,moving_calib_camera,117,results/bus_real_data/ablation/moving_cam/fov/00_prepared_datasets/fov_80deg/raw_images/moving/frame_0117.png,12,0.17,929.46709573,929.46709573,640.0,360.0,True,-2.7308003794336426,0.6096498792210424,-1.039821954496863,-0.5146045801925455,0.22369571569182847,1.481944839640618,1.5846192460371933,315.25,500.5,11141.5,244.0,480.0,342.0,429.0,383.0,517.0,292.0,576.0
moving,moving_frame_000117,moving_calib_camera,117,results/bus_real_data/ablation/moving_cam/fov/00_prepared_datasets/fov_80deg/raw_images/moving/frame_0117.png,10,0.17,929.46709573,929.46709573,640.0,360.0,True,-2.9124685629425016,-0.4068447556265283,0.8013512945324829,0.07933707209166542,-0.17676519992377046,2.3999775154931093,2.4077857840315957,671.25,291.5,3800.0,651.0,252.0,707.0,267.0,691.0,332.0,636.0,315.0
moving,moving_frame_000118,moving_calib_camera,118,results/bus_real_data/ablation/moving_cam/fov/00_prepared_datasets/fov_80deg/raw_images/moving/frame_0118.png,12,0.17,929.46709573,929.46709573,640.0,360.0,True,-2.6811768004017607,0.6653489898653695,-1.140142790013647,-0.6035649586840841,0.246861095155456,1.4305763111480745,1.5721894420427533,245.5,520.75,12315.0,168.0,504.0,271.0,445.0,318.0,534.0,225.0,600.0
moving,moving_frame_000118,moving_calib_camera,118,results/bus_real_data/ablation/moving_cam/fov/00_prepared_datasets/fov_80deg/raw_images/moving/frame_0118.png,10,0.17,929.46709573,929.46709573,640.0,360.0,True,-2.9431273576141996,-0.3443126322995787,0.7234562854415487,-0.0975529685520144,-0.18025179521150195,2.4038672638599774,2.4125888820120047,602.75,290.25,3748.5,581.0,252.0,637.0,264.0,624.0,330.0,569.0,315.0
moving,moving_frame_000118,moving_calib_camera,118,results/bus_real_data/ablation/moving_cam/fov/00_prepared_datasets/fov_80deg/raw_images/moving/frame_0118.png,0,0.17,929.46709573,929.46709573,640.0,360.0,True,-2.920903645480524,-0.3735386525195921,0.9282664598475695,3.9626858178269195,-1.9324619651591515,6.895328473946198,8.184304668156395,1174.25,99.5,599.5,1165.0,87.0,1190.0,89.0,1184.0,112.0,1158.0,110.0
moving,moving_frame_000119,moving_calib_camera,119,results/bus_real_data/ablation/moving_cam/fov/00_prepared_datasets/fov_80deg/raw_images/moving/frame_0119.png,12,0.17,929.46709573,929.46709573,640.0,360.0,True,-2.629013552580269,0.7173295268897597,-1.1908113558736417,-0.6852068670809448,0.27293782047552323,1.3639330068121414,1.5505859381577085,170.25,546.5,14146.5,84.0,534.0,195.0,466.0,250.0,555.0,152.0,631.0
moving,moving_frame_000119,moving_calib_camera,119,results/bus_real_data/ablation/moving_cam/fov/00_prepared_datasets/fov_80deg/raw_images/moving/frame_0119.png,10,0.17,929.46709573,929.46709573,640.0,360.0,True,-2.97672279159346,-0.26380420943244415,0.6103488270709809,-0.273436955209065,-0.17519645411369486,2.388474082997149,2.4104501677398535,534.0,291.75,3828.0,510.0,254.0,567.0,264.0,558.0,330.0,501.0,319.0
moving,moving_frame_000119,moving_calib_camera,119,results/bus_real_data/ablation/moving_cam/fov/00_prepared_datasets/fov_80deg/raw_images/moving/frame_0119.png,0,0.17,929.46709573,929.46709573,640.0,360.0,True,2.9505870633658846,0.34511826094993925,-0.8406008778229265,3.3816129727411854,-2.125724028947849,7.344892895308882,8.360709335230872,1068.0,91.0,488.0,1059.0,80.0,1082.0,81.0,1077.0,102.0,1054.0,101.0
moving,moving_frame_000120,moving_calib_camera,120,results/bus_real_data/ablation/moving_cam/fov/00_prepared_datasets/fov_80deg/raw_images/moving/frame_0120.png,9,0.17,929.46709573,929.46709573,640.0,360.0,True,-2.858882288424079,-0.16993423025598584,0.542180510167312,0.9301666791402142,0.06369801304372844,1.815828764878793,2.0412010168549535,1117.0,392.25,8262.5,1077.0,344.0,1174.0,357.0,1156.0,442.0,1061.0,426.0
moving,moving_frame_000120,moving_calib_camera,120,results/bus_real_data/ablation/moving_cam/fov/00_prepared_datasets/fov_80deg/raw_images/moving/frame_0120.png,10,0.17,929.46709573,929.46709573,640.0,360.0,True,-3.0000379939707202,-0.20788472476388506,0.5070136711850567,-0.4501734956403486,-0.16182820281929589,2.362626829178237,2.4105704879462837,463.25,296.25,3945.5,437.0,259.0,496.0,267.0,489.0,334.0,431.0,325.0
moving,moving_frame_000120,moving_calib_camera,120,results/bus_real_data/ablation/moving_cam/fov/00_prepared_datasets/fov_80deg/raw_images/moving/frame_0120.png,0,0.17,929.46709573,929.46709573,640.0,360.0,True,-3.0809885912203825,-0.2214932842977902,0.4923361408315857,2.814534885413034,-2.3428439182967074,7.904223562990822,8.711330230248773,971.0,84.5,423.0,962.0,74.0,983.0,75.0,980.0,95.0,959.0,94.0
moving,moving_frame_000121,moving_calib_camera,121,results/bus_real_data/ablation/moving_cam/fov/00_prepared_datasets/fov_80deg/raw_images/moving/frame_0121.png,9,0.17,929.46709573,929.46709573,640.0,360.0,True,-2.897300948493668,-0.11548581976251217,0.4486447330768109,0.8127298084652643,0.018467615237181344,1.9474411503875673,2.110307519913481,1028.5,368.5,6972.0,990.0,325.0,1078.0,333.0,1066.0,413.0,980.0,403.0
moving,moving_frame_000121,moving_calib_camera,121,results/bus_real_data/ablation/moving_cam/fov/00_prepared_datasets/fov_80deg/raw_images/moving/frame_0121.png,10,0.17,929.46709573,929.46709573,640.0,360.0,True,-3.0081853069011237,-0.14710819865405564,0.3062292906418672,-0.6284765407090247,-0.1408142911019302,2.3321175163065404,2.4194180161071603,389.75,303.75,4241.5,360.0,267.0,423.0,273.0,419.0,341.0,357.0,334.0
moving,moving_frame_000121,moving_calib_camera,121,results/bus_real_data/ablation/moving_cam/fov/00_prepared_datasets/fov_80deg/raw_images/moving/frame_0121.png,0,0.17,929.46709573,929.46709573,640.0,360.0,True,-2.808194895268223,-0.09162949737356603,0.151181404987086,2.137242319062859,-2.484807258351532,8.234647503312074,8.862927921705863,881.25,79.5,392.5,873.0,69.0,892.0,70.0,890.0,90.0,870.0,89.0
moving,moving_frame_000122,moving_calib_camera,122,results/bus_real_data/ablation/moving_cam/fov/00_prepared_datasets/fov_80deg/raw_images/moving/frame_0122.png,9,0.17,929.46709573,929.46709573,640.0,360.0,True,-2.9758684818434658,-0.07320001835767295,0.20717727247487883,0.6724796426032846,-0.020877379747424592,2.04094650977869,2.1489828734726517,946.5,350.25,6151.5,910.0,310.0,990.0,314.0,983.0,391.0,903.0,386.0
moving,moving_frame_000122,moving_calib_camera,122,results/bus_real_data/ablation/moving_cam/fov/00_prepared_datasets/fov_80deg/raw_images/moving/frame_0122.png,10,0.17,929.46709573,929.46709573,640.0,360.0,True,-3.0035236675463675,-0.08309228158820677,0.1704177129079274,-0.7928514354148155,-0.11090470722895275,2.2492190270005965,2.3874462264407934,312.5,314.0,4690.0,279.0,277.0,346.0,281.0,346.0,351.0,279.0,347.0
moving,moving_frame_000122,moving_calib_camera,122,results/bus_real_data/ablation/moving_cam/fov/00_prepared_datasets/fov_80deg/raw_images/moving/frame_0122.png,0,0.17,929.46709573,929.46709573,640.0,360.0,True,-3.084577733206579,-0.07633859385043401,0.2717123971702877,1.4131255404289669,-2.5683199383385618,8.420486460994521,8.916152944991023,796.0,76.5,361.0,787.0,67.0,806.0,67.0,805.0,86.0,786.0,86.0
moving,moving_frame_000123,moving_calib_camera,123,results/bus_real_data/ablation/moving_cam/fov/00_prepared_datasets/fov_80deg/raw_images/moving/frame_0123.png,0,0.17,929.46709573,929.46709573,640.0,360.0,True,-2.9585157754308353,0.03663009510794024,-0.17274326295554548,0.6877572555137869,-2.652927706488285,8.637312362378953,9.061688601120066,714.0,74.5,342.0,705.0,65.0,723.0,65.0,723.0,84.0,705.0,84.0
moving,moving_frame_000124,moving_calib_camera,124,results/bus_real_data/ablation/moving_cam/fov/00_prepared_datasets/fov_80deg/raw_images/moving/frame_0124.png,10,0.17,929.46709573,929.46709573,640.0,360.0,True,-2.996620268911764,0.0410735361417532,-0.13756100196102966,-1.100839690009949,-0.02760803367143034,2.0481136346981645,2.325377321481598,140.25,347.25,6177.0,96.0,310.0,177.0,308.0,184.0,384.0,104.0,387.0
moving,moving_frame_000124,moving_calib_camera,124,results/bus_real_data/ablation/moving_cam/fov/00_prepared_datasets/fov_80deg/raw_images/moving/frame_0124.png,9,0.17,929.46709573,929.46709573,640.0,360.0,True,-3.01622766810455,0.049162467926298706,-0.12369356293542952,0.3630588496629235,-0.08080576072896185,2.17202485167033,2.2036409089411713,795.25,325.25,5185.0,759.0,290.0,831.0,288.0,831.0,360.0,760.0,363.0
moving,moving_frame_000124,moving_calib_camera,124,results/bus_real_data/ablation/moving_cam/fov/00_prepared_datasets/fov_80deg/raw_images/moving/frame_0124.png,0,0.17,929.46709573,929.46709573,640.0,360.0,True,-2.8541448498497743,-0.028510438999368552,0.17908739489817918,-0.06562890575561244,-2.6818213515349094,8.701185700986374,9.105333904798272,633.0,73.5,342.0,624.0,64.0,642.0,64.0,642.0,83.0,624.0,83.0
moving,moving_frame_000125,moving_calib_camera,125,results/bus_real_data/ablation/moving_cam/fov/00_prepared_datasets/fov_80deg/raw_images/moving/frame_0125.png,9,0.17,929.46709573,929.46709573,640.0,360.0,True,-3.0720847189404608,0.11431338216295388,-0.2875820891294729,0.20082021627173374,-0.09906568600447536,2.2222188905823894,2.233472535552696,723.75,318.5,4886.0,687.0,285.0,756.0,281.0,760.0,351.0,692.0,357.0
moving,moving_frame_000125,moving_calib_camera,125,results/bus_real_data/ablation/moving_cam/fov/00_prepared_datasets/fov_80deg/raw_images/moving/frame_0125.png,0,0.17,929.46709573,929.46709573,640.0,360.0,True,-3.046606415695363,0.17062266571244677,-0.5912430579062903,-0.7948532392848204,-2.579716707785909,8.398616733574439,8.821762465738233,552.0,74.5,342.0,542.0,65.0,560.0,65.0,562.0,84.0,544.0,84.0
moving,moving_frame_000126,moving_calib_camera,126,results/bus_real_data/ablation/moving_cam/fov/00_prepared_datasets/fov_80deg/raw_images/moving/frame_0126.png,9,0.17,929.46709573,929.46709573,640.0,360.0,True,-3.014236578254081,0.17586793405613238,-0.4195126604347201,0.032245109183213445,-0.10963476934745182,2.2446678288284874,2.247574957925475,653.0,314.5,4746.0,616.0,283.0,683.0,276.0,690.0,345.0,623.0,354.0
moving,moving_frame_000126,moving_calib_camera,126,results/bus_real_data/ablation/moving_cam/fov/00_prepared_datasets/fov_80deg/raw_images/moving/frame_0126.png,0,0.17,929.46709573,929.46709573,640.0,360.0,True,-3.078109932147771,0.15576334162944386,-0.2636481316729718,-1.5422531082471034,-2.5691231151682974,8.408288915812827,8.926268017630367,469.5,76.0,363.0,459.0,67.0,478.0,66.0,480.0,85.0,461.0,86.0
moving,moving_frame_000127,moving_calib_camera,127,results/bus_real_data/ablation/moving_cam/fov/00_prepared_datasets/fov_80deg/raw_images/moving/frame_0127.png,13,0.17,929.46709573,929.46709573,640.0,360.0,True,2.1325820717907975,-0.3744631665026079,0.2972688454740105,0.4991147306558708,0.3817412152994319,1.3277514958683347,1.4689335943454254,990.25,629.75,10852.0,906.0,598.0,996.0,572.0,1079.0,657.0,980.0,692.0
moving,moving_frame_000127,moving_calib_camera,127,results/bus_real_data/ablation/moving_cam/fov/00_prepared_datasets/fov_80deg/raw_images/moving/frame_0127.png,11,0.17,929.46709573,929.46709573,640.0,360.0,True,2.166735828043678,-0.3372521920873685,0.10954851138265813,-0.1917239048223439,0.26936619400157913,1.0077918973644828,1.060641650391275,462.5,612.75,19571.5,380.0,570.0,525.0,536.0,557.0,649.0,388.0,696.0
moving,moving_frame_000127,moving_calib_camera,127,results/bus_real_data/ablation/moving_cam/fov/00_prepared_datasets/fov_80deg/raw_images/moving/frame_0127.png,9,0.17,929.46709573,929.46709573,640.0,360.0,True,-2.9518868907747966,0.22232282383070998,-0.4501559390477981,-0.05092319539437454,-0.20101189888132953,2.2420339360030583,2.2516027903496694,618.5,276.5,4780.0,580.0,246.0,648.0,237.0,656.0,306.0,590.0,317.0
moving,moving_frame_000127,moving_calib_camera,127,results/bus_real_data/ablation/moving_cam/fov/00_prepared_datasets/fov_80deg/raw_images/moving/frame_0127.png,0,0.17,929.46709573,929.46709573,640.0,360.0,True,-2.536612461235241,0.06418814716265794,-0.0007626150139167364,-1.8854069533888875,-2.833132595077303,8.066728474727856,8.75519891071367,422.75,33.5,393.5,411.0,24.0,431.0,23.0,434.0,43.0,415.0,44.0
moving,moving_frame_000128,moving_calib_camera,128,results/bus_real_data/ablation/moving_cam/fov/00_prepared_datasets/fov_80deg/raw_images/moving/frame_0128.png,13,0.17,929.46709573,929.46709573,640.0,360.0,True,2.1669109777989357,-0.43125058368849106,0.306174236328185,0.46685065263334646,0.3163363333839602,1.3880864183680577,1.4982663690214941,953.25,574.0,9723.0,873.0,547.0,959.0,519.0,1037.0,597.0,944.0,633.0
moving,moving_frame_000128,moving_calib_camera,128,results/bus_real_data/ablation/moving_cam/fov/00_prepared_datasets/fov_80deg/raw_images/moving/frame_0128.png,11,0.17,929.46709573,929.46709573,640.0,360.0,True,2.1972138992586245,-0.39360596319836433,0.1353429089251537,-0.21892542418046637,0.2328985780666202,1.0110727895125033,1.0603953388763294,438.0,578.25,19311.5,353.0,539.0,498.0,501.0,534.0,610.0,367.0,663.0
moving,moving_frame_000128,moving_calib_camera,128,results/bus_real_data/ablation/moving_cam/fov/00_prepared_datasets/fov_80deg/raw_images/moving/frame_0128.png,9,0.17,929.46709573,929.46709573,640.0,360.0,True,-2.9343785599597703,0.2647394730716174,-0.46385612640946494,-0.13336195907069878,-0.2878204643880574,2.20069512863535,2.22343992071904,583.25,238.25,5030.0,543.0,208.0,612.0,197.0,623.0,268.0,555.0,280.0
moving,moving_frame_000129,moving_calib_camera,129,results/bus_real_data/ablation/moving_cam/fov/00_prepared_datasets/fov_80deg/raw_images/moving/frame_0129.png,13,0.17,929.46709573,929.46709573,640.0,360.0,True,2.21080199534186,-0.49986148188338847,0.31528709197741206,0.4315097511476823,0.24761438794453633,1.439989525514595,1.5235102178995814,919.0,521.75,8986.5,842.0,499.0,924.0,468.0,999.0,541.0,911.0,579.0
moving,moving_frame_000129,moving_calib_camera,129,results/bus_real_data/ablation/moving_cam/fov/00_prepared_datasets/fov_80deg/raw_images/moving/frame_0129.png,11,0.17,929.46709573,929.46709573,640.0,360.0,True,2.221153342895491,-0.45770823841557834,0.15095711535148607,-0.2457897906413559,0.1972212483303718,1.0087435478794193,1.0568218333119686,412.75,545.75,19220.0,325.0,511.0,470.0,467.0,511.0,573.0,345.0,632.0
moving,moving_frame_000129,moving_calib_camera,129,results/bus_real_data/ablation/moving_cam/fov/00_prepared_datasets/fov_80deg/raw_images/moving/frame_0129.png,9,0.17,929.46709573,929.46709573,640.0,360.0,True,-2.9043633421323936,0.30698076655838696,-0.4758131293222436,-0.21818862806811218,-0.37668723574645513,2.191264446586659,2.2340858143471767,547.0,200.0,5150.0,505.0,170.0,575.0,158.0,588.0,229.0,520.0,243.0
moving,moving_frame_000130,moving_calib_camera,130,results/bus_real_data/ablation/moving_cam/fov/00_prepared_datasets/fov_80deg/raw_images/moving/frame_0130.png,11,0.17,929.46709573,929.46709573,640.0,360.0,True,2.2455490204632613,-0.5188535423854939,0.16783922791806144,-0.2716959528536304,0.16340989794232688,1.0053453220270505,1.0541540219836179,388.0,515.0,19257.0,297.0,484.0,443.0,435.0,488.0,538.0,324.0,603.0
moving,moving_frame_000130,moving_calib_camera,130,results/bus_real_data/ablation/moving_cam/fov/00_prepared_datasets/fov_80deg/raw_images/moving/frame_0130.png,13,0.17,929.46709573,929.46709573,640.0,360.0,True,2.2350140329644677,-0.5614362948348364,0.3206186951918276,0.3914581993685302,0.17504110424229474,1.4723149527722812,1.5334895598549274,887.5,472.25,8454.5,812.0,453.0,892.0,420.0,965.0,488.0,881.0,528.0
moving,moving_frame_000130,moving_calib_camera,130,results/bus_real_data/ablation/moving_cam/fov/00_prepared_datasets/fov_80deg/raw_images/moving/frame_0130.png,9,0.17,929.46709573,929.46709573,640.0,360.0,True,-2.8214557139108716,0.3584170930275769,-0.5811015012827413,-0.2956045635331774,-0.4510173121513102,2.1231565970541357,2.1905690149950376,510.0,162.25,5478.5,466.0,132.0,537.0,118.0,553.0,191.0,484.0,208.0
moving,moving_frame_000131,moving_calib_camera,131,results/bus_real_data/ablation/moving_cam/fov/00_prepared_datasets/fov_80deg/raw_images/moving/frame_0131.png,11,0.17,929.46709573,929.46709573,640.0,360.0,True,2.2716494005804657,-0.5822894022243433,0.1747460117056497,-0.29726438351096646,0.13136562731769266,0.9994609053538531,1.0509734264364012,362.75,486.0,19455.0,269.0,459.0,415.0,404.0,465.0,505.0,302.0,576.0
moving,moving_frame_000131,moving_calib_camera,131,results/bus_real_data/ablation/moving_cam/fov/00_prepared_datasets/fov_80deg/raw_images/moving/frame_0131.png,13,0.17,929.46709573,929.46709573,640.0,360.0,True,2.2572522663068844,-0.6210373483213748,0.3057126664192094,0.3534525790118697,0.10268696841323711,1.5108923512733123,1.555078466260864,857.75,424.75,7962.5,784.0,409.0,862.0,374.0,933.0,437.0,852.0,479.0
moving,moving_frame_000131,moving_calib_camera,131,results/bus_real_data/ablation/moving_cam/fov/00_prepared_datasets/fov_80deg/raw_images/moving/frame_0131.png,9,0.17,929.46709573,929.46709573,640.0,360.0,True,-2.8052496393751283,0.42123025812846837,-0.6792377606367415,-0.3733170264300702,-0.5217752872407232,2.061975654101502,2.1594811068182667,471.0,124.5,5824.0,424.0,94.0,497.0,78.0,516.0,154.0,447.0,172.0
moving,moving_frame_000132,moving_calib_camera,132,results/bus_real_data/ablation/moving_cam/fov/00_prepared_datasets/fov_80deg/raw_images/moving/frame_0132.png,11,0.17,929.46709573,929.46709573,640.0,360.0,True,2.299093709264727,-0.6470554169333869,0.20397943216644973,-0.32380005789721694,0.10165591973602128,0.996932488474479,1.0531167029762345,337.25,458.5,19722.5,240.0,435.0,386.0,375.0,442.0,474.0,281.0,550.0
moving,moving_frame_000132,moving_calib_camera,132,results/bus_real_data/ablation/moving_cam/fov/00_prepared_datasets/fov_80deg/raw_images/moving/frame_0132.png,13,0.17,929.46709573,929.46709573,640.0,360.0,True,2.2873798657986537,-0.6912777472420452,0.3097810223514985,0.3135688749397524,0.029036938998403674,1.5379221878293379,1.5698322327481864,829.75,379.0,7669.0,757.0,366.0,833.0,329.0,903.0,388.0,826.0,433.0
moving,moving_frame_000132,moving_calib_camera,132,results/bus_real_data/ablation/moving_cam/fov/00_prepared_datasets/fov_80deg/raw_images/moving/frame_0132.png,9,0.17,929.46709573,929.46709573,640.0,360.0,True,-2.7814969813611885,0.46950100987115934,-0.6774522341144938,-0.4541770544595223,-0.592969306099817,2.017686347087638,2.1514989170338623,430.0,86.5,6242.0,380.0,56.0,455.0,38.0,478.0,116.0,407.0,136.0
moving,moving_frame_000133,moving_calib_camera,133,results/bus_real_data/ablation/moving_cam/fov/00_prepared_datasets/fov_80deg/raw_images/moving/frame_0133.png,11,0.17,929.46709573,929.46709573,640.0,360.0,True,2.288402575778008,-0.5368809796129675,0.16907131592688077,-0.274399842167349,0.1159799463143519,1.0160191587138685,1.0587924972354985,388.25,469.75,18721.5,297.0,440.0,441.0,391.0,488.0,492.0,327.0,556.0
moving,moving_frame_000133,moving_calib_camera,133,results/bus_real_data/ablation/moving_cam/fov/00_prepared_datasets/fov_80deg/raw_images/moving/frame_0133.png,13,0.17,929.46709573,929.46709573,640.0,360.0,True,2.2744549656658277,-0.5778962905023932,0.29109052620364384,0.39018065239591876,0.10370731978223971,1.4915088468271036,1.5451843870050062,883.5,426.25,8217.5,809.0,408.0,889.0,375.0,960.0,441.0,876.0,481.0
moving,moving_frame_000133,moving_calib_camera,133,results/bus_real_data/ablation/moving_cam/fov/00_prepared_datasets/fov_80deg/raw_images/moving/frame_0133.png,9,0.17,929.46709573,929.46709573,640.0,360.0,True,-2.7941981654974235,0.3697424687043756,-0.5728899758708793,-0.3036901650537803,-0.5524626373951157,2.0926130038303423,2.1855140964697086,504.5,114.25,5710.5,459.0,83.0,532.0,69.0,548.0,144.0,479.0,161.0
moving,moving_frame_000134,moving_calib_camera,134,results/bus_real_data/ablation/moving_cam/fov/00_prepared_datasets/fov_80deg/raw_images/moving/frame_0134.png,13,0.17,929.46709573,929.46709573,640.0,360.0,True,2.2629447913951473,-0.4675634210891224,0.28414612819964186,0.4633951598729421,0.1807078220770945,1.4367618467127412,1.520419348509786,940.25,478.75,8970.5,863.0,454.0,948.0,426.0,1020.0,500.0,930.0,535.0
moving,moving_frame_000134,moving_calib_camera,134,results/bus_real_data/ablation/moving_cam/fov/00_prepared_datasets/fov_80deg/raw_images/moving/frame_0134.png,11,0.17,929.46709573,929.46709573,640.0,360.0,True,2.287674800730189,-0.4217841521140727,0.13020973852652049,-0.22452336073754922,0.1361612194515384,1.039888544395715,1.0725291613587262,438.75,485.25,17898.5,354.0,449.0,495.0,411.0,533.0,515.0,373.0,566.0
moving,moving_frame_000134,moving_calib_camera,134,results/bus_real_data/ablation/moving_cam/fov/00_prepared_datasets/fov_80deg/raw_images/moving/frame_0134.png,9,0.17,929.46709573,929.46709573,640.0,360.0,True,-2.8339947078971925,0.29026530306550036,-0.5196913612852113,-0.1464177624091114,-0.49313974690480256,2.1351862491331732,2.196279875064563,575.75,145.0,5362.5,534.0,113.0,605.0,102.0,616.0,176.0,548.0,189.0
moving,moving_frame_000135,moving_calib_camera,135,results/bus_real_data/ablation/moving_cam/fov/00_prepared_datasets/fov_80deg/raw_images/moving/frame_0135.png,13,0.17,929.46709573,929.46709573,640.0,360.0,True,2.238764117774924,-0.3491251190824896,0.2545614199169212,0.5299987141379664,0.256988142407508,1.3681439630078562,1.4895500816826543,1000.75,536.75,10058.5,920.0,505.0,1011.0,482.0,1086.0,566.0,986.0,594.0
moving,moving_frame_000135,moving_calib_camera,135,results/bus_real_data/ablation/moving_cam/fov/00_prepared_datasets/fov_80deg/raw_images/moving/frame_0135.png,11,0.17,929.46709573,929.46709573,640.0,360.0,True,2.2736142145699016,-0.3123411391362104,0.10351086171699332,-0.1710670315696549,0.16049312429918008,1.0544316424928641,1.0802074156973578,488.75,505.0,17420.5,409.0,463.0,548.0,435.0,579.0,542.0,419.0,580.0
moving,moving_frame_000135,moving_calib_camera,135,results/bus_real_data/ablation/moving_cam/fov/00_prepared_datasets/fov_80deg/raw_images/moving/frame_0135.png,9,0.17,929.46709573,929.46709573,640.0,360.0,True,-2.878035746552531,0.21089564408626216,-0.37457338039321675,0.012603777126165776,-0.4290237964204845,2.188686598603062,2.2303742511061975,645.0,177.5,5109.0,606.0,145.0,676.0,137.0,683.0,209.0,615.0,219.0
moving,moving_frame_000136,moving_calib_camera,136,results/bus_real_data/ablation/moving_cam/fov/00_prepared_datasets/fov_80deg/raw_images/moving/frame_0136.png,13,0.17,929.46709573,929.46709573,640.0,360.0,True,2.204421228062373,-0.23573885320669064,0.2209017046249467,0.5856625435139299,0.3297696171791818,1.2779280107899669,1.4439004868935088,1067.0,602.5,11794.0,980.0,562.0,1080.0,545.0,1160.0,641.0,1048.0,662.0
moving,moving_frame_000136,moving_calib_camera,136,results/bus_real_data/ablation/moving_cam/fov/00_prepared_datasets/fov_80deg/raw_images/moving/frame_0136.png,11,0.17,929.46709573,929.46709573,640.0,360.0,True,2.2522866608615435,-0.20816935959566168,0.06485868498478176,-0.11561030502172873,0.18928317081869458,1.0618663159105926,1.0847828972877156,538.5,529.25,17204.0,463.0,482.0,601.0,463.0,625.0,573.0,465.0,599.0
moving,moving_frame_000136,moving_calib_camera,136,results/bus_real_data/ablation/moving_cam/fov/00_prepared_datasets/fov_80deg/raw_images/moving/frame_0136.png,9,0.17,929.46709573,929.46709573,640.0,360.0,True,-2.9173203347828967,0.13517490937208082,-0.26477446044962133,0.17077301850351292,-0.3455891421677103,2.1819477748985716,2.2157372072106933,712.5,212.5,5134.0,675.0,179.0,746.0,173.0,749.0,246.0,680.0,252.0
moving,moving_frame_000137,moving_calib_camera,137,results/bus_real_data/ablation/moving_cam/fov/00_prepared_datasets/fov_80deg/raw_images/moving/frame_0137.png,10,0.17,929.46709573,929.46709573,640.0,360.0,True,-2.8869743537336103,0.05054129473021819,-0.1480561114443426,-1.1335877470293418,-0.17840399724280576,2.031997320101744,2.3336371344636975,121.25,278.0,6313.0,74.0,241.0,156.0,238.0,168.0,315.0,87.0,318.0
moving,moving_frame_000137,moving_calib_camera,137,results/bus_real_data/ablation/moving_cam/fov/00_prepared_datasets/fov_80deg/raw_images/moving/frame_0137.png,9,0.17,929.46709573,929.46709573,640.0,360.0,True,-2.9010792246557244,0.0704395318696236,-0.15429910391624638,0.32831571112177776,-0.25753083189687004,2.1775731885462797,2.217191540445368,780.0,249.75,5147.5,744.0,215.0,816.0,212.0,815.0,284.0,745.0,288.0
moving,moving_frame_000138,moving_calib_camera,138,results/bus_real_data/ablation/moving_cam/fov/00_prepared_datasets/fov_80deg/raw_images/moving/frame_0138.png,11,0.17,929.46709573,929.46709573,640.0,360.0,True,2.1943034657934253,-0.00485189882851627,6.87710760813251e-05,-0.000856882630517725,0.25690013671184914,1.054655143533661,1.085493383799467,639.25,590.25,17684.0,570.0,532.0,708.0,531.0,721.0,649.0,558.0,649.0
moving,moving_frame_000138,moving_calib_camera,138,results/bus_real_data/ablation/moving_cam/fov/00_prepared_datasets/fov_80deg/raw_images/moving/frame_0138.png,0,0.17,929.46709573,929.46709573,640.0,360.0,True,-3.048197753553113,-0.038938032581674345,0.12741024597286263,0.5033580896934399,-3.038888685534021,8.546507837630875,9.084657947782762,694.75,29.5,351.5,686.0,20.0,704.0,20.0,704.0,39.0,685.0,39.0
moving,moving_frame_000139,moving_calib_camera,139,results/bus_real_data/ablation/moving_cam/fov/00_prepared_datasets/fov_80deg/raw_images/moving/frame_0139.png,9,0.17,929.46709573,929.46709573,640.0,360.0,True,-2.969780090182965,0.0015047170640046755,0.0355908842589253,0.4856671163134116,-0.08810754257482215,2.0111961288907625,2.070880333527736,864.5,319.0,6162.0,826.0,280.0,906.0,280.0,902.0,358.0,824.0,358.0
moving,moving_frame_000139,moving_calib_camera,139,results/bus_real_data/ablation/moving_cam/fov/00_prepared_datasets/fov_80deg/raw_images/moving/frame_0139.png,10,0.17,929.46709573,929.46709573,640.0,360.0,True,-2.9583436537996723,-0.0005694162216533302,-0.011838717935952769,-0.9926417157668395,-0.08792881387756797,2.008071359491105,2.2417447751693116,180.5,319.0,6162.0,137.0,280.0,217.0,280.0,223.0,358.0,145.0,358.0
moving,moving_frame_000139,moving_calib_camera,139,results/bus_real_data/ablation/moving_cam/fov/00_prepared_datasets/fov_80deg/raw_images/moving/frame_0139.png,0,0.17,929.46709573,929.46709573,640.0,360.0,True,-2.9630389408649167,0.02410340562490597,-0.09411407807291101,0.4937497604108977,-2.9175394267777124,8.268008716643081,8.781559842715541,695.5,32.0,380.0,686.0,22.0,705.0,22.0,705.0,42.0,686.0,42.0
moving,moving_frame_000140,moving_calib_camera,140,results/bus_real_data/ablation/moving_cam/fov/00_prepared_datasets/fov_80deg/raw_images/moving/frame_0140.png,9,0.17,929.46709573,929.46709573,640.0,360.0,True,-2.972124675302514,0.002021894902454859,0.025706901130588922,0.48369501803571535,-0.01133509621897499,1.85620842796414,1.918228110242358,882.25,354.0,7182.0,841.0,312.0,927.0,312.0,923.0,396.0,838.0,396.0
moving,moving_frame_000140,moving_calib_camera,140,results/bus_real_data/ablation/moving_cam/fov/00_prepared_datasets/fov_80deg/raw_images/moving/frame_0140.png,10,0.17,929.46709573,929.46709573,640.0,360.0,True,-2.9599122066421177,-0.0019313475164191305,-0.022702079570253025,-0.9893251260357702,-0.011263520982455056,1.8522912095831863,2.09996995145401,143.5,354.0,7224.0,96.0,312.0,183.0,312.0,190.0,396.0,105.0,396.0
moving,moving_frame_000141,moving_calib_camera,141,results/bus_real_data/ablation/moving_cam/fov/00_prepared_datasets/fov_80deg/raw_images/moving/frame_0141.png,9,0.17,929.46709573,929.46709573,640.0,360.0,True,-2.959346570170784,-0.00563140668834516,0.020274354711224903,0.4833651884848904,0.06359047786731431,1.7053619688719384,1.7736812281774876,903.5,394.25,8419.0,859.0,349.0,953.0,349.0,947.0,440.0,855.0,439.0
moving,moving_frame_000141,moving_calib_camera,141,results/bus_real_data/ablation/moving_cam/fov/00_prepared_datasets/fov_80deg/raw_images/moving/frame_0141.png,10,0.17,929.46709573,929.46709573,640.0,360.0,True,-2.9663822884672713,0.004632687961926763,-0.028345238405477268,-0.9926488732724622,0.06366083874579043,1.7080593957415073,1.9765807313084254,99.75,394.25,8466.5,48.0,349.0,142.0,349.0,151.0,439.0,58.0,440.0
moving,moving_frame_000142,moving_calib_camera,142,results/bus_real_data/ablation/moving_cam/fov/00_prepared_datasets/fov_80deg/raw_images/moving/frame_0142.png,9,0.17,929.46709573,929.46709573,640.0,360.0,True,-2.9606134120640744,-0.002587724505540274,-0.014259543051205938,0.4810604246085383,0.1379054987128995,1.5445030023292021,1.6235536895661073,929.5,442.5,10098.0,881.0,393.0,984.0,393.0,977.0,492.0,876.0,492.0
moving,moving_frame_000143,moving_calib_camera,143,results/bus_real_data/ablation/moving_cam/fov/00_prepared_datasets/fov_80deg/raw_images/moving/frame_0143.png,9,0.17,929.46709573,929.46709573,640.0,360.0,True,-2.9734307306401195,-0.0044272070219505,-0.018439194310650726,0.4800978975268787,0.212790859169905,1.3922765312384162,1.4880214650310903,960.5,501.5,12317.0,907.0,447.0,1021.0,447.0,1013.0,556.0,901.0,556.0
moving,moving_frame_000143,moving_calib_camera,143,results/bus_real_data/ablation/moving_cam/fov/00_prepared_datasets/fov_80deg/raw_images/moving/frame_0143.png,0,0.17,929.46709573,929.46709573,640.0,360.0,True,-2.7915034055321497,0.027829603226330178,-0.17705206806374094,0.4918241778188011,-2.5868013866361292,7.585687353601866,8.029700185086927,700.25,43.0,451.0,690.0,32.0,711.0,32.0,710.0,54.0,690.0,54.0
moving,moving_frame_000144,moving_calib_camera,144,results/bus_real_data/ablation/moving_cam/fov/00_prepared_datasets/fov_80deg/raw_images/moving/frame_0144.png,9,0.17,929.46709573,929.46709573,640.0,360.0,True,-2.972202355957765,-0.0023789196538753147,-0.0073829674016926035,0.4811932681546412,0.287985847841311,1.2467929262983122,1.3671047549261657,998.75,574.0,15180.0,939.0,514.0,1067.0,514.0,1057.0,634.0,932.0,634.0
moving,moving_frame_000144,moving_calib_camera,144,results/bus_real_data/ablation/moving_cam/fov/00_prepared_datasets/fov_80deg/raw_images/moving/frame_0144.png,0,0.17,929.46709573,929.46709573,640.0,360.0,True,-2.979324188768757,0.023486480273670927,-0.09377878642217978,0.4948585937510787,-2.526133454004973,7.4780508798667915,7.908696492920239,701.5,46.0,462.0,691.0,35.0,712.0,35.0,712.0,57.0,691.0,57.0
moving,moving_frame_000145,moving_calib_camera,145,results/bus_real_data/ablation/moving_cam/fov/00_prepared_datasets/fov_80deg/raw_images/moving/frame_0145.png,0,0.17,929.46709573,929.46709573,640.0,360.0,True,-2.8064631932269712,0.02632938670707096,-0.1665166652964711,0.4889819889774581,-2.418734612145081,7.241389989813886,7.650301268192627,702.75,49.5,494.5,692.0,38.0,714.0,38.0,713.0,61.0,692.0,61.0
moving,moving_frame_000146,moving_calib_camera,146,results/bus_real_data/ablation/moving_cam/fov/00_prepared_datasets/fov_80deg/raw_images/moving/frame_0146.png,0,0.17,929.46709573,929.46709573,640.0,360.0,True,-2.985724461325177,0.023257005216274794,-0.09448472540816336,0.49146494644950944,-2.353197312528785,7.136607054542399,7.530619870649803,704.0,53.5,506.0,693.0,42.0,715.0,42.0,715.0,65.0,693.0,65.0
moving,moving_frame_000147,moving_calib_camera,147,results/bus_real_data/ablation/moving_cam/fov/00_prepared_datasets/fov_80deg/raw_images/moving/frame_0147.png,0,0.17,929.46709573,929.46709573,640.0,360.0,True,-3.053098652831349,-0.02920303465136795,0.10447961619942539,0.4976869370947055,-2.2975454417309806,7.03650092715288,7.4188107296248536,705.75,56.5,517.5,695.0,45.0,717.0,45.0,717.0,68.0,694.0,68.0
moving,moving_frame_000148,moving_calib_camera,148,results/bus_real_data/ablation/moving_cam/fov/00_prepared_datasets/fov_80deg/raw_images/moving/frame_0148.png,0,0.17,929.46709573,929.46709573,640.0,360.0,True,-2.992664859810697,0.023122714562352552,-0.09510262473455897,0.4956710865462595,-2.202531235876461,6.824434679123576,7.188166828940043,707.5,60.0,552.0,696.0,48.0,719.0,48.0,719.0,72.0,696.0,72.0
moving,moving_frame_000149,moving_calib_camera,149,results/bus_real_data/ablation/moving_cam/fov/00_prepared_datasets/fov_80deg/raw_images/moving/frame_0149.png,0,0.17,929.46709573,929.46709573,640.0,360.0,True,-2.805976376340881,-0.05342659317836752,0.3538211769851041,0.49019902021876993,-2.107732105237942,6.630784946887962,6.974965141041939,708.75,64.5,587.5,697.0,52.0,721.0,52.0,720.0,77.0,697.0,77.0
moving,moving_frame_000150,moving_calib_camera,150,results/bus_real_data/ablation/moving_cam/fov/00_prepared_datasets/fov_80deg/raw_images/moving/frame_0150.png,0,0.17,929.46709573,929.46709573,640.0,360.0,True,-2.9747688900219695,-0.0670044524259575,0.28940687295814144,0.49648357705377383,-2.053542213092427,6.54842067498543,6.880795368256005,710.5,68.5,600.0,699.0,56.0,723.0,56.0,722.0,81.0,698.0,81.0
moving,moving_frame_000151,moving_calib_camera,151,results/bus_real_data/ablation/moving_cam/fov/00_prepared_datasets/fov_80deg/raw_images/moving/frame_0151.png,3,0.17,929.46709573,929.46709573,640.0,360.0,True,-2.0104332658269093,-0.5512874248448563,1.8492772561795923,1.2398725276181388,-0.196271988950678,3.7440307854457564,3.9488698510782063,948.0,311.25,738.0,945.0,283.0,960.0,302.0,951.0,340.0,936.0,320.0
moving,moving_frame_000151,moving_calib_camera,151,results/bus_real_data/ablation/moving_cam/fov/00_prepared_datasets/fov_80deg/raw_images/moving/frame_0151.png,0,0.17,929.46709573,929.46709573,640.0,360.0,True,-2.80576906131869,-0.05196648713494511,0.3635575558811825,0.4940002584960197,-1.9630684574233566,6.358706954969155,6.673142300528122,712.25,73.0,637.0,700.0,60.0,725.0,60.0,724.0,86.0,700.0,86.0
moving,moving_frame_000152,moving_calib_camera,152,results/bus_real_data/ablation/moving_cam/fov/00_prepared_datasets/fov_80deg/raw_images/moving/frame_0152.png,3,0.17,929.46709573,929.46709573,640.0,360.0,True,-1.9940469094919993,-0.5645521252731277,1.8473509162711057,1.2186984496775264,-0.11770916636131834,3.5312757798372396,3.7375112029741113,961.0,329.0,844.0,958.0,299.0,974.0,320.0,964.0,360.0,948.0,337.0
moving,moving_frame_000152,moving_calib_camera,152,results/bus_real_data/ablation/moving_cam/fov/00_prepared_datasets/fov_80deg/raw_images/moving/frame_0152.png,0,0.17,929.46709573,929.46709573,640.0,360.0,True,-2.634692446205034,-0.005256723237172442,0.12213392452328695,0.4929239616700645,-1.8913436801712356,6.213692684624255,6.513841549152479,713.75,77.0,663.0,701.0,64.0,727.0,64.0,726.0,90.0,701.0,90.0
moving,moving_frame_000153,moving_calib_camera,153,results/bus_real_data/ablation/moving_cam/fov/00_prepared_datasets/fov_80deg/raw_images/moving/frame_0153.png,3,0.17,929.46709573,929.46709573,640.0,360.0,True,-2.0407343481933093,-0.5118143559587321,1.8130457446504675,1.084708995503532,-0.10098184063671577,3.4466991677604653,3.6147650117407832,932.75,332.75,891.5,928.0,302.0,946.0,323.0,937.0,364.0,920.0,342.0
moving,moving_frame_000153,moving_calib_camera,153,results/bus_real_data/ablation/moving_cam/fov/00_prepared_datasets/fov_80deg/raw_images/moving/frame_0153.png,0,0.17,929.46709573,929.46709573,640.0,360.0,True,-2.9811681585687904,0.01328693146322686,-0.05995098509571932,0.21533345716630853,-1.8623604335501969,6.063697140164138,6.346903015633941,673.0,74.5,702.0,660.0,61.0,686.0,61.0,686.0,88.0,660.0,88.0
moving,moving_frame_000154,moving_calib_camera,154,results/bus_real_data/ablation/moving_cam/fov/00_prepared_datasets/fov_80deg/raw_images/moving/frame_0154.png,3,0.17,929.46709573,929.46709573,640.0,360.0,True,-2.0680536717265694,-0.5348554714753495,1.7308864377193651,0.9653644115933748,-0.08060691542857329,3.370169922611739,3.506632462814252,906.5,337.75,981.0,901.0,306.0,921.0,329.0,911.0,370.0,893.0,346.0
moving,moving_frame_000154,moving_calib_camera,154,results/bus_real_data/ablation/moving_cam/fov/00_prepared_datasets/fov_80deg/raw_images/moving/frame_0154.png,0,0.17,929.46709573,929.46709573,640.0,360.0,True,-2.9778535581332113,0.052973246408392634,0.005185521575495602,-0.050336067612807685,-1.8087293996337477,5.848167096894857,6.121690465386648,632.0,72.5,757.0,618.0,59.0,645.0,58.0,646.0,86.0,619.0,87.0
moving,moving_frame_000155,moving_calib_camera,155,results/bus_real_data/ablation/moving_cam/fov/00_prepared_datasets/fov_80deg/raw_images/moving/frame_0155.png,3,0.17,929.46709573,929.46709573,640.0,360.0,True,-2.090739717738169,-0.49826971523093744,1.6739353205308358,0.8641128714553729,-0.0587225566826832,3.3122722099395605,3.4236364564620616,882.75,343.5,1020.5,876.0,311.0,897.0,335.0,889.0,376.0,869.0,352.0
moving,moving_frame_000155,moving_calib_camera,155,results/bus_real_data/ablation/moving_cam/fov/00_prepared_datasets/fov_80deg/raw_images/moving/frame_0155.png,0,0.17,929.46709573,929.46709573,640.0,360.0,True,-2.900145367890677,0.13476004104994524,-0.4161664338103829,-0.2958522470729373,-1.7647274443937586,5.676515828640291,5.951858823754004,591.5,71.0,785.0,577.0,57.0,604.0,56.0,606.0,85.0,579.0,86.0
moving,moving_frame_000156,moving_calib_camera,156,results/bus_real_data/ablation/moving_cam/fov/00_prepared_datasets/fov_80deg/raw_images/moving/frame_0156.png,3,0.17,929.46709573,929.46709573,640.0,360.0,True,-2.1155645962910445,-0.49808651170516716,1.639448632652401,0.7645014684165453,-0.031064719477960367,3.2158062430220036,3.3055766977437675,861.25,351.0,1090.5,854.0,318.0,876.0,342.0,868.0,385.0,847.0,359.0
moving,moving_frame_000156,moving_calib_camera,156,results/bus_real_data/ablation/moving_cam/fov/00_prepared_datasets/fov_80deg/raw_images/moving/frame_0156.png,0,0.17,929.46709573,929.46709573,640.0,360.0,True,-2.944740268408432,0.17324120716911018,-0.5244402101456007,-0.5236760316507835,-1.6951488170967688,5.443102753553973,5.724957090142853,550.5,70.5,843.0,535.0,56.0,563.0,55.0,566.0,85.0,538.0,86.0
moving,moving_frame_000157,moving_calib_camera,157,results/bus_real_data/ablation/moving_cam/fov/00_prepared_datasets/fov_80deg/raw_images/moving/frame_0157.png,3,0.17,929.46709573,929.46709573,640.0,360.0,True,-2.157533557713098,-0.4757136506348603,1.5651926015790878,0.6846484620648824,-0.0007592956711336476,3.1551302356609865,3.228558640805503,842.0,359.75,1198.5,833.0,326.0,858.0,351.0,850.0,394.0,827.0,368.0
moving,moving_frame_000157,moving_calib_camera,157,results/bus_real_data/ablation/moving_cam/fov/00_prepared_datasets/fov_80deg/raw_images/moving/frame_0157.png,0,0.17,929.46709573,929.46709573,640.0,360.0,True,-2.973686264544237,0.20982100779846533,-0.5346280758412575,-0.745883540690956,-1.6541144889505812,5.315811613981045,5.616964492870298,509.5,70.75,890.5,493.0,56.0,522.0,55.0,526.0,85.0,497.0,87.0
moving,moving_frame_000158,moving_calib_camera,158,results/bus_real_data/ablation/moving_cam/fov/00_prepared_datasets/fov_80deg/raw_images/moving/frame_0158.png,3,0.17,929.46709573,929.46709573,640.0,360.0,True,-2.170019777293681,-0.4764726557299959,1.4728881010145145,0.6021824503507174,0.031014557779269182,3.02294462565062,3.0824957122524284,825.5,369.5,1357.0,815.0,334.0,843.0,362.0,835.0,405.0,809.0,377.0
moving,moving_frame_000158,moving_calib_camera,158,results/bus_real_data/ablation/moving_cam/fov/00_prepared_datasets/fov_80deg/raw_images/moving/frame_0158.png,0,0.17,929.46709573,929.46709573,640.0,360.0,True,-2.6121053294819183,0.07699380644289618,0.14882900056344842,-0.9287592903788072,-1.5565855562130018,5.025973213977569,5.342841861864891,468.25,72.0,987.0,450.0,57.0,481.0,55.0,486.0,87.0,456.0,89.0
moving,moving_frame_000159,moving_calib_camera,159,results/bus_real_data/ablation/moving_cam/fov/00_prepared_datasets/fov_80deg/raw_images/moving/frame_0159.png,3,0.17,929.46709573,929.46709573,640.0,360.0,True,-2.1969504076030004,-0.46802940951408223,1.4280625173004489,0.5397161179761433,0.06477942549664646,2.9314551685771955,2.981429064617984,811.5,380.5,1479.0,800.0,344.0,830.0,373.0,822.0,417.0,794.0,388.0
moving,moving_frame_000159,moving_calib_camera,159,results/bus_real_data/ablation/moving_cam/fov/00_prepared_datasets/fov_80deg/raw_images/moving/frame_0159.png,0,0.17,929.46709573,929.46709573,640.0,360.0,True,-2.591762551963316,0.11915612801553227,-0.027314614977478394,-1.1097075818350681,-1.4876958986558926,4.837394493393612,5.181223358317477,426.75,74.0,1092.0,407.0,59.0,440.0,56.0,446.0,89.0,414.0,92.0
moving,moving_frame_000160,moving_calib_camera,160,results/bus_real_data/ablation/moving_cam/fov/00_prepared_datasets/fov_80deg/raw_images/moving/frame_0160.png,3,0.17,929.46709573,929.46709573,640.0,360.0,True,-2.1565374943486963,-0.4927928940384472,1.5314610717472377,0.7387125374310017,0.16734223176019203,2.790446763248916,2.8914170875220653,886.5,415.75,1690.0,876.0,377.0,907.0,409.0,896.0,455.0,867.0,422.0
moving,moving_frame_000160,moving_calib_camera,160,results/bus_real_data/ablation/moving_cam/fov/00_prepared_datasets/fov_80deg/raw_images/moving/frame_0160.png,0,0.17,929.46709573,929.46709573,640.0,360.0,True,-2.9929375103414384,0.2126830705614833,-0.40255859235021585,-0.7122858520847342,-1.4746645030442922,4.971193098565485,5.233999174134827,506.75,84.25,1035.0,489.0,69.0,520.0,67.0,525.0,99.0,493.0,102.0
moving,moving_frame_000161,moving_calib_camera,161,results/bus_real_data/ablation/moving_cam/fov/00_prepared_datasets/fov_80deg/raw_images/moving/frame_0161.png,3,0.17,929.46709573,929.46709573,640.0,360.0,True,-2.1092233949232573,-0.517115954213506,1.6002474983908632,0.9192424276030385,0.2793601024962241,2.6312925913437137,2.8012049922903794,965.25,458.75,2017.5,955.0,417.0,989.0,454.0,974.0,501.0,943.0,463.0
moving,moving_frame_000161,moving_calib_camera,161,results/bus_real_data/ablation/moving_cam/fov/00_prepared_datasets/fov_80deg/raw_images/moving/frame_0161.png,0,0.17,929.46709573,929.46709573,640.0,360.0,True,-2.6975092350176992,0.0506010686340617,0.2175888823402688,-0.3002774159859429,-1.4128192842476355,4.9810623505490925,5.186251728999553,584.0,96.25,1012.0,567.0,81.0,598.0,79.0,601.0,112.0,570.0,113.0
moving,moving_frame_000162,moving_calib_camera,162,results/bus_real_data/ablation/moving_cam/fov/00_prepared_datasets/fov_80deg/raw_images/moving/frame_0162.png,3,0.17,929.46709573,929.46709573,640.0,360.0,True,-2.0549013579328173,-0.556981253919457,1.6690642475073019,1.0745324594287542,0.3934212760395581,2.444476311828423,2.6990488594867803,1049.25,509.75,2509.5,1040.0,464.0,1077.0,508.0,1057.0,556.0,1023.0,511.0
moving,moving_frame_000162,moving_calib_camera,162,results/bus_real_data/ablation/moving_cam/fov/00_prepared_datasets/fov_80deg/raw_images/moving/frame_0162.png,0,0.17,929.46709573,929.46709573,640.0,360.0,True,-2.88997903596133,0.09007090577170687,-0.307993570695802,0.10155812476270648,-1.3320608817977178,4.9537212667087465,5.13069728533691,659.0,110.0,1024.0,643.0,94.0,674.0,93.0,675.0,126.0,644.0,127.0
moving,moving_frame_000163,moving_calib_camera,163,results/bus_real_data/ablation/moving_cam/fov/00_prepared_datasets/fov_80deg/raw_images/moving/frame_0163.png,3,0.17,929.46709573,929.46709573,640.0,360.0,True,-2.0072778658975987,-0.5696535817008933,1.7692613414316138,1.2067021215546012,0.5134557623744747,2.2436901956113755,2.5988290678616286,1140.75,573.0,3197.0,1132.0,522.0,1173.0,574.0,1148.0,624.0,1110.0,572.0
moving,moving_frame_000163,moving_calib_camera,163,results/bus_real_data/ablation/moving_cam/fov/00_prepared_datasets/fov_80deg/raw_images/moving/frame_0163.png,0,0.17,929.46709573,929.46709573,640.0,360.0,True,-2.9377618685704814,-0.04737303240134458,0.3073904372032124,0.4956003022982679,-1.2434550570952216,4.9297017408148465,5.10820510473559,733.5,125.5,1056.0,718.0,109.0,750.0,109.0,749.0,142.0,717.0,142.0
moving,moving_frame_000164,moving_calib_camera,164,results/bus_real_data/ablation/moving_cam/fov/00_prepared_datasets/fov_80deg/raw_images/moving/frame_0164.png,3,0.17,929.46709573,929.46709573,640.0,360.0,True,-2.002605176296919,-0.5648846670224331,1.738078570079315,1.1994536782576344,0.5805749288920781,2.0928651255131796,2.481096694595579,1173.75,618.25,3874.5,1163.0,563.0,1211.0,623.0,1182.0,673.0,1139.0,614.0
moving,moving_frame_000164,moving_calib_camera,164,results/bus_real_data/ablation/moving_cam/fov/00_prepared_datasets/fov_80deg/raw_images/moving/frame_0164.png,0,0.17,929.46709573,929.46709573,640.0,360.0,True,-2.946429280729843,0.022061819488435472,-0.15151957947804726,0.48081798394078673,-1.1358214179182535,4.641723119729435,4.802798116443525,736.25,132.5,1172.5,720.0,115.0,753.0,115.0,753.0,150.0,719.0,150.0
moving,moving_frame_000166,moving_calib_camera,166,results/bus_real_data/ablation/moving_cam/fov/00_prepared_datasets/fov_80deg/raw_images/moving/frame_0166.png,0,0.17,929.46709573,929.46709573,640.0,360.0,True,-3.109498762672927,-0.04138519339081809,0.19293094340566694,0.4865195418155619,-1.0066418462731264,4.413596291694332,4.5530057431651185,742.5,148.0,1296.0,725.0,130.0,761.0,130.0,760.0,166.0,724.0,166.0
moving,moving_frame_000167,moving_calib_camera,167,results/bus_real_data/ablation/moving_cam/fov/00_prepared_datasets/fov_80deg/raw_images/moving/frame_0167.png,0,0.17,929.46709573,929.46709573,640.0,360.0,True,-3.1056875354220947,-0.039772903094617645,0.19544534120116597,0.48975382328488665,-0.9405909431558679,4.296300456248393,4.425242110905251,746.0,156.5,1369.0,728.0,138.0,765.0,138.0,764.0,175.0,727.0,175.0
moving,moving_frame_000168,moving_calib_camera,168,results/bus_real_data/ablation/moving_cam/fov/00_prepared_datasets/fov_80deg/raw_images/moving/frame_0168.png,0,0.17,929.46709573,929.46709573,640.0,360.0,True,-2.9211291056273163,0.004927462646207854,-0.051031214819105865,0.48764946068727627,-0.8657132682268097,4.138888407619146,4.2564843133760855,749.5,165.5,1482.0,731.0,146.0,769.0,146.0,768.0,185.0,730.0,185.0
moving,moving_frame_000169,moving_calib_camera,169,results/bus_real_data/ablation/moving_cam/fov/00_prepared_datasets/fov_80deg/raw_images/moving/frame_0169.png,0,0.17,929.46709573,929.46709573,640.0,360.0,True,-3.095591984931524,-0.0353056872259918,0.19773986300237326,0.4855623312669204,-0.7917513119695855,3.978249957218416,4.085231161104504,753.5,175.0,1600.0,734.0,155.0,774.0,155.0,773.0,195.0,733.0,195.0
moving,moving_frame_000170,moving_calib_camera,170,results/bus_real_data/ablation/moving_cam/fov/00_prepared_datasets/fov_80deg/raw_images/moving/frame_0170.png,0,0.17,929.46709573,929.46709573,640.0,360.0,True,-2.9507376624316093,0.006182184976493874,-0.0684980354879615,0.48598688692445474,-0.7161485693394424,3.8274356746016287,3.9240687902791254,758.0,186.0,1722.0,738.0,165.0,779.0,165.0,778.0,207.0,737.0,207.0
moving,moving_frame_000173,moving_calib_camera,173,results/bus_real_data/ablation/moving_cam/fov/00_prepared_datasets/fov_80deg/raw_images/moving/frame_0173.png,1,0.17,929.46709573,929.46709573,640.0,360.0,True,0.03420679682669661,-2.6893139555416408,1.5807697583783475,-0.528099591134684,-0.7106290016508703,2.732710432462142,2.872557930456993,460.25,118.5,862.5,484.0,126.0,425.0,126.0,438.0,111.0,494.0,111.0
moving,moving_frame_000175,moving_calib_camera,175,results/bus_real_data/ablation/moving_cam/fov/00_prepared_datasets/fov_80deg/raw_images/moving/frame_0175.png,0,0.17,929.46709573,929.46709573,640.0,360.0,True,-3.0100249592779305,-0.002730403274404476,0.06301322163083428,0.4926890665418522,-0.33995667829326826,3.1158768418428084,3.172853849917829,787.0,258.5,2601.0,762.0,233.0,813.0,233.0,812.0,284.0,761.0,284.0
moving,moving_frame_000175,moving_calib_camera,175,results/bus_real_data/ablation/moving_cam/fov/00_prepared_datasets/fov_80deg/raw_images/moving/frame_0175.png,1,0.17,929.46709573,929.46709573,640.0,360.0,True,0.026909033259320383,-2.6849783960534337,1.595884390806797,-0.524064696852941,-0.5578179708818409,2.4196340935278307,2.537800985437697,438.5,146.0,1170.0,465.0,155.0,398.0,155.0,414.0,137.0,477.0,137.0
moving,moving_frame_000176,moving_calib_camera,176,results/bus_real_data/ablation/moving_cam/fov/00_prepared_datasets/fov_80deg/raw_images/moving/frame_0176.png,0,0.17,929.46709573,929.46709573,640.0,360.0,True,-3.0255209497458275,-0.0011097071182973616,0.035638939730099746,0.488085729181194,-0.2619563538775126,2.936688204166314,2.9884756011814297,794.5,277.0,2916.0,768.0,250.0,822.0,250.0,821.0,304.0,767.0,304.0
moving,moving_frame_000176,moving_calib_camera,176,results/bus_real_data/ablation/moving_cam/fov/00_prepared_datasets/fov_80deg/raw_images/moving/frame_0176.png,1,0.17,929.46709573,929.46709573,640.0,360.0,True,0.02632653788947317,-2.695816418079198,1.5765701662580982,-0.5297805595714078,-0.48855942403787095,2.295302762535386,2.4057789848235402,425.25,162.5,1438.5,453.0,173.0,382.0,173.0,400.0,152.0,466.0,152.0
moving,moving_frame_000177,moving_calib_camera,177,results/bus_real_data/ablation/moving_cam/fov/00_prepared_datasets/fov_80deg/raw_images/moving/frame_0177.png,0,0.17,929.46709573,929.46709573,640.0,360.0,True,-3.0074925621417354,-5.998477048786599e-05,-0.0679469991203539,0.48545169788032905,-0.1830557273550162,2.7718087571365655,2.8199461938894013,802.75,298.5,3220.5,775.0,270.0,832.0,270.0,830.0,327.0,774.0,327.0
moving,moving_frame_000177,moving_calib_camera,177,results/bus_real_data/ablation/moving_cam/fov/00_prepared_datasets/fov_80deg/raw_images/moving/frame_0177.png,1,0.17,929.46709573,929.46709573,640.0,360.0,True,0.04778267442516376,-2.693470884597524,1.545798448420613,-0.5277613136647883,-0.41192946254073826,2.1398240425262802,2.242111687513313,410.5,181.5,1825.0,439.0,194.0,363.0,194.0,385.0,169.0,455.0,169.0
moving,moving_frame_000179,moving_calib_camera,179,results/bus_real_data/ablation/moving_cam/fov/00_prepared_datasets/fov_80deg/raw_images/moving/frame_0179.png,0,0.17,929.46709573,929.46709573,640.0,360.0,True,-3.0049834810811404,-0.0029078821511716907,-0.0526505321785123,0.48253615552991364,-0.03123878267872837,2.4503705935956788,2.4976254821120154,823.0,348.0,4096.0,792.0,316.0,856.0,316.0,854.0,380.0,790.0,380.0
moving,moving_frame_000179,moving_calib_camera,179,results/bus_real_data/ablation/moving_cam/fov/00_prepared_datasets/fov_80deg/raw_images/moving/frame_0179.png,1,0.17,929.46709573,929.46709573,640.0,360.0,True,0.05222820261946746,-2.690126589683143,1.5571747805425913,-0.5228455342897467,-0.2589556515483452,1.824712168217565,1.9157244005954528,373.25,228.75,2791.5,405.0,245.0,316.0,245.0,345.0,212.0,427.0,213.0
moving,moving_frame_000180,moving_calib_camera,180,results/bus_real_data/ablation/moving_cam/fov/00_prepared_datasets/fov_80deg/raw_images/moving/frame_0180.png,1,0.17,929.46709573,929.46709573,640.0,360.0,True,0.04231378769179972,-2.6932377652947714,1.542981162015696,-0.5196136347038829,-0.1835825033273725,1.667050627899805,1.755778648030343,349.75,258.5,3646.5,384.0,278.0,286.0,278.0,320.0,239.0,409.0,239.0
moving,moving_frame_000181,moving_calib_camera,181,results/bus_real_data/ablation/moving_cam/fov/00_prepared_datasets/fov_80deg/raw_images/moving/frame_0181.png,0,0.17,929.46709573,929.46709573,640.0,360.0,True,-2.9568199551003334,0.00010025359563973358,0.0006712421987008179,0.48559668973067777,0.12054660482637623,2.164848890714095,2.221915018320594,848.5,411.5,5183.0,813.0,376.0,887.0,376.0,883.0,447.0,811.0,447.0
moving,moving_frame_000181,moving_calib_camera,181,results/bus_real_data/ablation/moving_cam/fov/00_prepared_datasets/fov_80deg/raw_images/moving/frame_0181.png,1,0.17,929.46709573,929.46709573,640.0,360.0,True,0.043771821234046465,-2.6869294528058307,1.5450485555629925,-0.5181041385901414,-0.10950372829270896,1.5165558107600123,1.606351297843717,321.75,294.0,4715.0,358.0,317.0,250.0,317.0,291.0,271.0,388.0,271.0
moving,moving_frame_000182,moving_calib_camera,182,results/bus_real_data/ablation/moving_cam/fov/00_prepared_datasets/fov_80deg/raw_images/moving/frame_0182.png,0,0.17,929.46709573,929.46709573,640.0,360.0,True,-2.962543743880142,-0.0016733609697913996,-0.008877690672480823,0.4838582206031811,0.19524609691769865,2.009996036699338,2.0766135614393733,863.75,450.0,5966.0,826.0,412.0,905.0,412.0,901.0,488.0,823.0,488.0
moving,moving_frame_000182,moving_calib_camera,182,results/bus_real_data/ablation/moving_cam/fov/00_prepared_datasets/fov_80deg/raw_images/moving/frame_0182.png,1,0.17,929.46709573,929.46709573,640.0,360.0,True,0.06585833557529082,-2.685312236274482,1.5225683953324505,-0.5154327916831192,-0.03595710599841317,1.3628045484423443,1.4574635890714995,287.5,337.0,6486.0,325.0,366.0,205.0,365.0,257.0,308.0,363.0,309.0
moving,moving_frame_000183,moving_calib_camera,183,results/bus_real_data/ablation/moving_cam/fov/00_prepared_datasets/fov_80deg/raw_images/moving/frame_0183.png,0,0.17,929.46709573,929.46709573,640.0,360.0,True,-2.9742200494431894,-0.00392054280073387,-0.0168652160479959,0.48256596963134524,0.2698165067063634,1.8533720096953925,1.9340782478120693,882.0,495.0,6970.0,841.0,454.0,927.0,454.0,922.0,536.0,838.0,536.0
moving,moving_frame_000183,moving_calib_camera,183,results/bus_real_data/ablation/moving_cam/fov/00_prepared_datasets/fov_80deg/raw_images/moving/frame_0183.png,1,0.17,929.46709573,929.46709573,640.0,360.0,True,0.05399351047765204,-2.6780667661283313,1.525572761018471,-0.5099066420954084,0.03644293649231529,1.204798153585709,1.3087671535291263,245.25,390.25,9016.5,286.0,426.0,149.0,425.0,214.0,355.0,332.0,355.0
moving,moving_frame_000184,moving_calib_camera,184,results/bus_real_data/ablation/moving_cam/fov/00_prepared_datasets/fov_80deg/raw_images/moving/frame_0184.png,0,0.17,929.46709573,929.46709573,640.0,360.0,True,-2.9557215360643503,-0.0015112483262580533,-0.005009462048596179,0.4812081215538232,0.34409199770697124,1.6975055937076795,1.7976333885985192,903.5,548.0,8184.0,859.0,504.0,953.0,504.0,947.0,592.0,855.0,592.0
moving,moving_frame_000184,moving_calib_camera,184,results/bus_real_data/ablation/moving_cam/fov/00_prepared_datasets/fov_80deg/raw_images/moving/frame_0184.png,1,0.17,929.46709573,929.46709573,640.0,360.0,True,0.05297615863346718,-2.674851076400486,1.5043665439026177,-0.5066255069354122,0.10829194234775755,1.0528442576322163,1.1734042695866356,190.75,458.75,13257.5,233.0,505.0,77.0,504.0,160.0,413.0,293.0,413.0
moving,moving_frame_000185,moving_calib_camera,185,results/bus_real_data/ablation/moving_cam/fov/00_prepared_datasets/fov_80deg/raw_images/moving/frame_0185.png,0,0.17,929.46709573,929.46709573,640.0,360.0,True,-2.9764649592555403,-0.005381229060987287,0.005395339030941099,0.4840897515797221,0.42198796507266084,1.558435229737313,1.6855672919041453,928.75,611.25,9696.0,880.0,563.0,983.0,564.0,976.0,659.0,876.0,659.0
