marker_id,frame_i,frame_j,frame_gap,metric_translation_m,colmap_translation_raw,scale_ratio,area_i_px,area_j_px,center_i_norm,center_j_norm,dist_i_m,dist_j_m,pair_quality
11,90,93,3,0.47516354965748575,0.6169723147315831,0.770153762676058,1397.5,2416.0,0.48884747770036197,0.43678459948829285,2.4939650618376406,2.038831356646239,1837.4874149228888
11,90,94,4,0.6220292460439487,0.8218867460890723,0.7568308517005043,1397.5,2904.5,0.48884747770036197,0.4174225494091004,2.4939650618376406,1.8971315854804436,2014.7056236582057
11,90,95,5,0.776252072246233,1.0274607630929498,0.7555053196479183,1397.5,3673.5,0.48884747770036197,0.39858466801193443,2.4939650618376406,1.75844847170478,2265.7705642893325
11,90,96,6,0.8825679996243005,1.1705075918745325,0.7540045068916594,1397.5,4760.0,0.48884747770036197,0.5095992945675444,2.4939650618376406,1.6638131048761282,2579.166532040923
11,90,97,7,0.9917403966531647,1.3155693481058328,0.7538488169255999,1397.5,6264.0,0.48884747770036197,0.6326028669239147,2.4939650618376406,1.5541146563398838,2958.705798148914
11,90,98,8,1.105527902033697,1.4590418419254179,0.7577081549455718,1397.5,8844.0,0.48884747770036197,0.7671011061199077,2.4939650618376406,1.4575330855868567,3515.6066332853566
11,90,129,39,2.9857911361272205,3.5492041061057193,0.8412565315673856,1397.5,28589.5,0.48884747770036197,0.48723719424626566,2.4939650618376406,0.9033105025095313,6320.903910834272
11,90,130,40,2.987896160895466,4.175729171674343,0.7155387809064755,1397.5,28657.0,0.48884747770036197,0.49142899522129707,2.4939650618376406,0.9020206749447832,6328.361359783431
11,91,94,3,0.4460843021325103,0.6160379065870644,0.7241182683122203,1649.5,2904.5,0.4731890454928988,0.4174225494091004,2.3179099507163987,1.8971315854804436,2188.8290819522663
11,91,95,4,0.6011095988869113,0.821615965442743,0.7316186931238516,1649.5,3673.5,0.4731890454928988,0.39858466801193443,2.3179099507163987,1.75844847170478,2461.5926247045836
11,91,96,5,0.707748690267862,0.9646615275156736,0.7336756676619538,1649.5,4760.0,0.4731890454928988,0.5095992945675444,2.3179099507163987,1.6638131048761282,2802.074231707647
11,91,97,6,0.8160250072705445,1.109718862928738,0.7353439096429476,1649.5,6264.0,0.4731890454928988,0.6326028669239147,2.3179099507163987,1.5541146563398838,3214.415654516385
11,91,98,7,0.9302059491345378,1.2531940000407773,0.7422681157939394,1649.5,8844.0,0.4731890454928988,0.7671011061199077,2.3179099507163987,1.4575330855868567,3819.447342221123
11,91,129,38,2.8105756877272343,3.753417196981263,0.7488045000666801,1649.5,28589.5,0.4731890454928988,0.48723719424626566,2.3179099507163987,0.9033105025095313,6867.195952497642
11,91,130,39,2.8126500888459467,3.974200065167883,0.707727352102273,1649.5,28657.0,0.4731890454928988,0.49142899522129707,2.3179099507163987,0.9020206749447832,6875.297920817687
11,92,95,3,0.3014944761214385,0.410497743441419,0.7344607392816617,2416.0,3673.5,0.43678459948829285,0.39858466801193443,2.038831356646239,1.75844847170478,2979.123360990612
11,92,96,4,0.40814350276752,0.5535431266208455,0.7373291856391917,2416.0,4760.0,0.43678459948829285,0.5095992945675444,2.038831356646239,1.6638131048761282,3391.188582193565
11,92,97,5,0.51705714151108,0.6986002973977407,0.7401330108748851,2416.0,6264.0,0.43678459948829285,0.6326028669239147,2.038831356646239,1.5541146563398838,3890.221587519148
11,92,98,6,0.6308933952123247,0.8420741103590133,0.7492136231849559,2416.0,8844.0,0.43678459948829285,0.7671011061199077,2.038831356646239,1.4575330855868567,4622.456489789817
11,92,129,37,2.511213031741014,4.161278928391998,0.6034714507136865,2416.0,28589.5,0.43678459948829285,0.48723719424626566,2.038831356646239,0.9033105025095313,8310.970581105434
11,92,130,38,2.513312558203071,3.574200715482802,0.7031817064206405,2416.0,28657.0,0.43678459948829285,0.49142899522129707,2.038831356646239,0.9020206749447832,8320.775925356962
11,93,96,3,0.40814350276752,0.5535431266208468,0.7373291856391899,2416.0,4760.0,0.43678459948829285,0.5095992945675444,2.038831356646239,1.6638131048761282,3391.188582193565
11,93,97,4,0.51705714151108,0.6986002973977423,0.7401330108748834,2416.0,6264.0,0.43678459948829285,0.6326028669239147,2.038831356646239,1.5541146563398838,3890.221587519148
11,93,98,5,0.6308933952123247,0.8420741103590154,0.749213623184954,2416.0,8844.0,0.43678459948829285,0.7671011061199077,2.038831356646239,1.4575330855868567,4622.456489789817
11,93,129,36,2.511213031741014,4.161278928391996,0.6034714507136868,2416.0,28589.5,0.43678459948829285,0.48723719424626566,2.038831356646239,0.9033105025095313,8310.970581105434
11,93,130,37,2.513312558203071,3.574200715482804,0.7031817064206402,2416.0,28657.0,0.43678459948829285,0.49142899522129707,2.038831356646239,0.9020206749447832,8320.775925356962
11,94,97,3,0.3703587158902453,0.49368393415573725,0.7501939809396596,2904.5,6264.0,0.4174225494091004,0.6326028669239147,1.8971315854804436,1.5541146563398838,4265.417681775139
11,94,98,4,0.48446256388952597,0.637156310114127,0.7603511982840591,2904.5,8844.0,0.4174225494091004,0.7671011061199077,1.8971315854804436,1.4575330855868567,5068.273670590411
11,94,129,35,2.3647000588720113,4.364718830759247,0.5417760342790899,2904.5,28589.5,0.4174225494091004,0.48723719424626566,1.8971315854804436,0.9033105025095313,9112.529986233241
11,94,130,36,2.3667832654418417,3.3758558727248964,0.7010913245924331,2904.5,28657.0,0.4174225494091004,0.49142899522129707,1.8971315854804436,0.9020206749447832,9123.281016169567
11,95,98,3,0.32945866194591666,0.431583632399704,0.7633715396342788,3673.5,8844.0,0.39858466801193443,0.7671011061199077,1.75844847170478,1.4575330855868567,5699.862629923637
11,95,129,34,2.2097443091743516,4.568857123538373,0.4836536248397728,3673.5,28589.5,0.39858466801193443,0.48723719424626566,1.75844847170478,0.9033105025095313,10248.0987626974
11,95,130,35,2.211845941870923,3.17808307099674,0.6959685736525518,3673.5,28657.0,0.39858466801193443,0.49142899522129707,1.75844847170478,0.9020206749447832,10260.189545032781
11,96,129,33,2.1032808349512164,4.711101107912228,0.4464520685872748,4760.0,28589.5,0.5095992945675444,0.48723719424626566,1.6638131048761282,0.9033105025095313,11665.59128377126
11,96,130,34,2.1053924251885645,3.0405367907529794,0.692441029357573,4760.0,28657.0,0.5095992945675444,0.49142899522129707,1.6638131048761282,0.9020206749447832,11679.354434214247
11,97,129,32,1.994573364909555,4.855619826856006,0.41077626256440947,6264.0,28589.5,0.6326028669239147,0.48723719424626566,1.5541146563398838,0.9033105025095313,13382.25048338283
11,97,130,33,1.9966400608796189,2.901041867649688,0.6882493090309033,6264.0,28657.0,0.6326028669239147,0.49142899522129707,1.5541146563398838,0.9020206749447832,13398.038960982312
11,98,129,31,1.8804041924094381,4.998211012858392,0.37621544740146273,8844.0,28589.5,0.7671011061199077,0.48723719424626566,1.4575330855868567,0.9033105025095313,15901.11750789862
11,98,130,32,1.8824916465640853,2.765026905965274,0.680822180248154,8844.0,28657.0,0.7671011061199077,0.49142899522129707,1.4575330855868567,0.9020206749447832,15919.877763349818
1,6,9,3,0.41908920819134193,0.5846355805414531,0.7168383556183966,2307.5,4403.5,0.1916930391373385,0.14418477020802387,1.8678786108994345,1.4992971753147215,3187.644310458744
1,6,10,4,0.5619191129877369,0.7809262189893258,0.7195546766440654,2307.5,5672.0,0.1916930391373385,0.13814590671831978,1.8678786108994345,1.3832047078123402,3617.7534465466274
1,6,11,5,0.7036807158010631,0.9731288403768493,0.7231115620091569,2307.5,7352.5,0.1916930391373385,0.14500884105350104,1.8678786108994345,1.267359963074486,4118.96755874576
1,6,12,6,0.8409665749286948,1.1675094060125246,0.7203081796153625,2307.5,9625.5,0.1916930391373385,0.1722232276248798,1.8678786108994345,1.1567005003322874,4712.837918918918
1,6,13,7,0.8957319221274982,1.242911484572943,0.7206723352751595,2307.5,10463.0,0.1916930391373385,0.09766017239897251,1.8678786108994345,1.1214498199852259,4913.590591410725
1,6,14,8,0.954154770417805,1.3142433792487271,0.7260107111692183,2307.5,11561.0,0.1916930391373385,0.05805503151300722,1.8678786108994345,1.085362986809161,5164.978944777994
1,6,15,9,1.0045733495419025,1.3856871311958252,0.7249640463031306,2307.5,12882.0,0.1916930391373385,0.09553323815294931,1.8678786108994345,1.049440961255778,5452.083546681947
1,6,16,10,1.0507913524846486,1.4570408542343227,0.721181804498434,2307.5,14291.0,0.1916930391373385,0.15855788160008766,1.8678786108994345,1.0152591105124031,5742.515346083108
1,6,17,11,1.1082387315682027,1.5308466820271345,0.7239384221682358,2307.5,16193.5,0.1916930391373385,0.22258351423365869,1.8678786108994345,0.9805293450535602,6112.8145113360015
1,6,18,12,1.1604739773973518,1.6017155119350523,0.7245194098141491,2307.5,18288.5,0.1916930391373385,0.2833868298393726,1.8678786108994345,0.9488468824650533,6496.207643694896
1,6,19,13,1.212989016272266,1.6737855232869694,0.7246979970828078,2307.5,20789.0,0.1916930391373385,0.3412768464782463,1.8678786108994345,0.9201427533580344,6926.082406382413
1,6,20,14,1.315705900447855,1.8124357783054839,0.7259324254114865,2307.5,26353.5,0.1916930391373385,0.4403834083670559,1.8678786108994345,0.8678434332039486,7798.121648833134
1,6,21,15,1.3655668149213098,1.8866174649410343,0.7238175413392509,2307.5,29295.5,0.1916930391373385,0.4814729819847689,1.8678786108994345,0.8455963795884772,8221.883376088474
1,6,22,16,1.3655668149213098,1.8866174649410343,0.7238175413392509,2307.5,29295.5,0.1916930391373385,0.4814729819847689,1.8678786108994345,0.8455963795884772,8221.883376088474
1,6,23,17,1.4183517989727765,1.9494029498057603,0.7275826678697198,2307.5,32118.5,0.1916930391373385,0.5145817440317925,1.8678786108994345,0.8261128311247983,8608.916235508394
1,6,24,18,1.466846982485648,2.021876618122237,0.7254878805848906,2307.5,35079.5,0.1916930391373385,0.5405901313346732,1.8678786108994345,0.8091125753793107,8996.99651272579
1,6,25,19,1.5087452573319098,2.09406896385441,0.7204849904058868,2307.5,33137.5,0.1916930391373385,0.5585038773777619,1.8678786108994345,0.839432582753207,8744.414288561584
1,6,32,26,1.8797451444273507,2.596372737010785,0.7239889395046989,2307.5,37235.5,0.1916930391373385,0.5552359225686703,1.8678786108994345,0.7981680205923121,9269.353604755835
1,6,33,27,1.9309075892068968,2.6664144466311357,0.7241588387155978,2307.5,35472.0,0.1916930391373385,0.5603796998570428,1.8678786108994345,0.8115168079516552,9047.189618881655
1,6,34,28,1.9820207224187627,2.738363453480004,0.7237975367732667,2307.5,33668.5,0.1916930391373385,0.5734142475516738,1.8678786108994345,0.829190293165208,8814.196716093873
1,6,35,29,2.0282504657163467,2.807898391370999,0.7223375574947435,2307.5,32076.0,0.1916930391373385,0.5982813579508501,1.8678786108994345,0.8491192512167872,8603.218583762708
1,6,36,30,2.0854149613810185,2.8776485313588034,0.7246941169692818,2307.5,30803.0,0.1916930391373385,0.6334883523645896,1.8678786108994345,0.8680501849784683,8430.772354891336
1,7,10,3,0.4289236180937179,0.583651133395475,0.7348972589128587,2847.5,5672.0,0.1725728515582781,0.13814590671831978,1.7525145737971644,1.3832047078123402,4018.8331639917574
1,7,11,4,0.5707449635674252,0.7758605039854763,0.7356283257564935,2847.5,7352.5,0.1725728515582781,0.14500884105350104,1.7525145737971644,1.267359963074486,4575.614029832499
1,7,12,5,0.7081653318857696,0.9702431860736005,0.729884365126631,2847.5,9625.5,0.1725728515582781,0.1722232276248798,1.7525145737971644,1.1567005003322874,5235.323414078637
1,7,13,6,0.7628207057015822,1.0456361500045381,0.7295278627257402,2847.5,10463.0,0.1725728515582781,0.09766017239897251,1.7525145737971644,1.1214498199852259,5458.332391857425
1,7,14,7,0.821179773672926,1.1169701300338226,0.7351850793432231,2847.5,11561.0,0.1725728515582781,0.05805503151300722,1.7525145737971644,1.085362986809161,5737.590740023203
1,7,15,8,0.8715669129973656,1.1884141252606772,0.7333865312364816,2847.5,12882.0,0.1725728515582781,0.09553323815294931,1.7525145737971644,1.049440961255778,6056.524993756733
1,7,16,9,0.9178814450247654,1.2597673257836988,0.7286118843047094,2847.5,14291.0,0.1725728515582781,0.15855788160008766,1.7525145737971644,1.0152591105124031,6379.155312421857
1,7,17,10,0.9753367424178453,1.3335686591260247,0.7313734735315748,2847.5,16193.5,0.1725728515582781,0.22258351423365869,1.7525145737971644,0.9805293450535602,6790.507436856247
1,7,18,11,1.0276072041447388,1.4044383622145242,0.7316855134349959,2847.5,18288.5,0.1725728515582781,0.2833868298393726,1.7525145737971644,0.9488468824650533,7216.405181944817
1,7,19,12,1.080073253934903,1.476507390756943,0.731505484291003,2847.5,20789.0,0.1725728515582781,0.3412768464782463,1.7525145737971644,0.9201427533580344,7693.937710951395
1,7,20,13,1.1828145544510897,1.6151658297004632,0.7323177179091548,2847.5,26353.5,0.1725728515582781,0.4403834083670559,1.7525145737971644,0.8678434332039486,8662.654976968666
1,7,21,14,1.2326940697263216,1.689350707528224,0.7296851176212782,2847.5,29295.5,0.1725728515582781,0.4814729819847689,1.7525145737971644,0.8455963795884772,9133.396753125313
1,7,22,15,1.2326940697263216,1.6893507075282237,0.7296851176212783,2847.5,29295.5,0.1725728515582781,0.4814729819847689,1.7525145737971644,0.8455963795884772,9133.396753125313
1,7,23,16,1.2855088433602488,1.7521386634093923,0.7336798566266705,2847.5,32118.5,0.1725728515582781,0.5145817440317925,1.7525145737971644,0.8261128311247983,9563.337741081823
1,7,24,17,1.3339641873776265,1.8246076980611927,0.7310964372204949,2847.5,35079.5,0.1725728515582781,0.5405901313346732,1.7525145737971644,0.8091125753793107,9994.442268080797
1,7,25,18,1.3756893265493182,1.8967986881698233,0.7252690204444883,2847.5,33137.5,0.1725728515582781,0.5585038773777619,1.7525145737971644,0.839432582753207,9713.857691463263
1,7,32,25,1.7467875393217773,2.3991027857262006,0.7281003338892087,2847.5,37235.5,0.1725728515582781,0.5552359225686703,1.7525145737971644,0.7981680205923121,10296.99403952435
1,7,33,26,1.7979674315256065,2.4691426199011026,0.7281747992335984,2847.5,35472.0,0.1725728515582781,0.5603796998570428,1.7525145737971644,0.8115168079516552,10050.19999800999
1,7,34,27,1.8490687304438551,2.541091247133354,0.7276671912233846,2847.5,33668.5,0.1725728515582781,0.5734142475516738,1.7525145737971644,0.829190293165208,9791.376499246671
1,7,35,28,1.8952930109869184,2.6106189114020575,0.7259937491102573,2847.5,32076.0,0.1725728515582781,0.5982813579508501,1.7525145737971644,0.8491192512167872,9557.008423141626
1,7,36,29,1.952485878804106,2.6803688613977825,0.7284392483898303,2847.5,30803.0,0.1725728515582781,0.6334883523645896,1.7525145737971644,0.8680501849784683,9365.44406315045
1,8,11,3,0.4350873611321114,0.5802174455645315,0.7498694919605294,3480.5,7352.5,0.15641163746290712,0.14500884105350104,1.629657736991895,1.267359963074486,5058.693136571935
1,8,12,4,0.5724375886694066,0.7745982153939364,0.7390122740965558,3480.5,9625.5,0.15641163746290712,0.1722232276248798,1.629657736991895,1.1567005003322874,5788.052587010591
1,8,13,5,0.6271501033764846,0.8499806030261525,0.7378404885284049,3480.5,10463.0,0.15641163746290712,0.09766017239897251,1.629657736991895,1.1214498199852259,6034.606159477186
1,8,14,6,0.6855644660601128,0.9213181396567263,0.7441126322722216,3480.5,11561.0,0.15641163746290712,0.05805503151300722,1.629657736991895,1.085362986809161,6343.347736014478
1,8,15,7,0.7359460747365525,0.9927631466045485,0.7413108325521929,3480.5,12882.0,0.15641163746290712,0.09553323815294931,1.629657736991895,1.049440961255778,6695.954076903455
1,8,16,8,0.7822106852675096,1.0641145970930308,0.7350812472682624,3480.5,14291.0,0.15641163746290712,0.15855788160008766,1.629657736991895,1.0152591105124031,7052.646701770903
1,8,17,9,0.8396695655058634,1.137912307902113,0.7379035798056369,3480.5,16193.5,0.15641163746290712,0.22258351423365869,1.629657736991895,0.9805293450535602,7507.428104883856
1,8,18,10,0.8919278717188377,1.2087848706680953,0.7378714718905022,3480.5,18288.5,0.15641163746290712,0.2833868298393726,1.629657736991895,0.9488468824650533,7978.290810067028
1,8,19,11,0.9444080952079404,1.2808508836708883,0.7373286830245916,3480.5,20789.0,0.15641163746290712,0.3412768464782463,1.629657736991895,0.9201427533580344,8506.239739156192
1,8,20,12,1.047138115685368,1.4195120271273098,0.7376747048804362,3480.5,26353.5,0.15641163746290712,0.4403834083670559,1.629657736991895,0.8678434332039486,9577.231163024102
1,8,21,13,1.0970103779460683,1.4936946745161659,0.7344274547282625,3480.5,29295.5,0.15641163746290712,0.4814729819847689,1.629657736991895,0.8455963795884772,10097.672392685356
1,8,22,14,1.0970103779460683,1.4936946745161659,0.7344274547282625,3480.5,29295.5,0.15641163746290712,0.4814729819847689,1.629657736991895,0.8455963795884772,10097.672392685356
1,8,23,15,1.1498183825953419,1.5564895608141107,0.7387254059024576,3480.5,32118.5,0.15641163746290712,0.5145817440317925,1.629657736991895,0.8261128311247983,10573.005213750725
1,8,24,16,1.198282596046459,1.6289543250270728,0.7356146072582752,3480.5,35079.5,0.15641163746290712,0.5405901313346732,1.629657736991895,0.8091125753793107,11049.62441669399
1,8,25,17,1.2402147382548543,1.701147282557637,0.7290460684804546,3480.5,33137.5,0.15641163746290712,0.5585038773777619,1.629657736991895,0.839432582753207,10739.416592627367
1,8,32,24,1.6111413187829955,2.2034478121793413,0.7311910497165262,3480.5,37235.5,0.15641163746290712,0.5552359225686703,1.629657736991895,0.7981680205923121,11384.118663735018
1,8,33,25,1.662315337763744,2.2734865749872055,0.7311744683485096,3480.5,35472.0,0.15641163746290712,0.5603796998570428,1.629657736991895,0.8115168079516552,11111.268874435538
1,8,34,26,1.7134231853271276,2.3454342200284515,0.730535595795282,3480.5,33668.5,0.15641163746290712,0.5734142475516738,1.629657736991895,0.829190293165208,10825.119595182308
1,8,35,27,1.7596536162299499,2.414958953653158,0.7286474221717456,3480.5,32076.0,0.15641163746290712,0.5982813579508501,1.629657736991895,0.8491192512167872,10566.007666096026
1,8,36,28,1.8168309974336205,2.4847082494578143,0.7312049605140037,3480.5,30803.0,0.15641163746290712,0.6334883523645896,1.629657736991895,0.8680501849784683,10354.218536422726
1,9,12,3,0.4219481150595853,0.5828823122188618,0.7238993296148458,4403.5,9625.5,0.14418477020802387,0.1722232276248798,1.4992971753147215,1.1567005003322874,6510.44462767329
1,9,13,4,0.4766654322185157,0.6582764493270621,0.7241113254253554,4403.5,10463.0,0.14418477020802387,0.09766017239897251,1.4992971753147215,1.1214498199852259,6787.769920968152
1,9,14,5,0.5350783966841207,0.7296079350867667,0.7333779841915891,4403.5,11561.0,0.14418477020802387,0.05805503151300722,1.4992971753147215,1.085362986809161,7135.044744078344
1,9,15,6,0.5855185045155122,0.8010519821594293,0.7309369648360466,4403.5,12882.0,0.14418477020802387,0.09553323815294931,1.4992971753147215,1.049440961255778,7531.658980596506
1,9,16,7,0.6317294858727737,0.872405364516732,0.7241237979121318,4403.5,14291.0,0.14418477020802387,0.15855788160008766,1.4992971753147215,1.0152591105124031,7932.869499745978
1,9,17,8,0.6891659199741436,0.9462154580126217,0.7283393165248317,4403.5,16193.5,0.14418477020802387,0.22258351423365869,1.4992971753147215,0.9805293450535602,8444.411006695495
1,9,18,9,0.7414019400573935,1.0170852016242669,0.7289477212660137,4403.5,18288.5,0.14418477020802387,0.2833868298393726,1.4992971753147215,0.9488468824650533,8974.040881899302
1,9,19,10,0.7939266691753792,1.0891544290480428,0.728938567388738,4403.5,20789.0,0.14418477020802387,0.3412768464782463,1.4992971753147215,0.9201427533580344,9567.881766618984
1,9,20,11,0.8966523762300667,1.2278053548811627,0.7302886998052327,4403.5,26353.5,0.14418477020802387,0.4403834083670559,1.4992971753147215,0.8678434332039486,10772.540891080433
1,9,21,12,0.9465175212620225,1.3020039312103924,0.7269697875505674,4403.5,29295.5,0.14418477020802387,0.4814729819847689,1.4992971753147215,0.8455963795884772,11357.93705960726
1,9,22,13,0.9465175212620225,1.3020039312103924,0.7269697875505674,4403.5,29295.5,0.14418477020802387,0.4814729819847689,1.4992971753147215,0.8455963795884772,11357.93705960726
1,9,23,14,0.9992971383629217,1.3647807942296881,0.7322034004200262,4403.5,32118.5,0.14418477020802387,0.5145817440317925,1.4992971753147215,0.8261128311247983,11892.59495442437
1,9,24,15,1.0478107275008721,1.437247545093652,0.7290398449994194,4403.5,35079.5,0.14418477020802387,0.5405901313346732,1.4992971753147215,0.8091125753793107,12428.699781151687
1,9,25,16,1.0897328371397208,1.5094356317228315,0.7219472061196326,4403.5,33137.5,0.14418477020802387,0.5585038773777619,1.4992971753147215,0.839432582753207,12079.7757119079
1,9,32,23,1.4607104614265416,2.0117425458404865,0.7260921455614346,4403.5,37235.5,0.14418477020802387,0.5552359225686703,1.4992971753147215,0.7981680205923121,12804.941399709724
1,9,33,24,1.5118635091139456,2.081781833406291,0.7262353263214795,4403.5,35472.0,0.14418477020802387,0.5603796998570428,1.4992971753147215,0.8115168079516552,12498.037926010626
1,9,34,25,1.562972126983949,2.1537314258847307,0.7257042861516013,4403.5,33668.5,0.14418477020802387,0.5734142475516738,1.4992971753147215,0.829190293165208,12176.175087029587
1,9,35,26,1.6091899146492552,2.2232693659741605,0.7237943990399757,4403.5,32076.0,0.14418477020802387,0.5982813579508501,1.4992971753147215,0.8491192512167872,11884.724060742848
1,9,36,27,1.6663668768599558,2.29302044720268,0.7267126112603154,4403.5,30803.0,0.14418477020802387,0.6334883523645896,1.4992971753147215,0.8680501849784683,11646.502071437586
1,10,13,3,0.33394696505693355,0.4619853247140974,0.7228518898594859,5672.0,10463.0,0.13814590671831978,0.09766017239897251,1.3832047078123402,1.1214498199852259,7703.6443323922995
1,10,14,4,0.39227642109949007,0.5333198243744423,0.7355369201953272,5672.0,11561.0,0.13814590671831978,0.05805503151300722,1.3832047078123402,1.085362986809161,8097.776978899827
1,10,15,5,0.44271194114884066,0.6047647791709024,0.7320398878978587,5672.0,12882.0,0.13814590671831978,0.09553323815294931,1.3832047078123402,1.049440961255778,8547.906410343998
1,10,16,6,0.4890166082683879,0.6761167829635424,0.7232723999616449,5672.0,14291.0,0.13814590671831978,0.15855788160008766,1.3832047078123402,1.0152591105124031,9003.252301252032
1,10,17,7,0.5464514591449907,0.7499253646548514,0.7286744586862877,5672.0,16193.5,0.13814590671831978,0.22258351423365869,1.3832047078123402,0.9805293450535602,9583.816150156472
1,10,18,8,0.5987175065212798,0.8207973661246475,0.7294340006816709,5672.0,18288.5,0.13814590671831978,0.2833868298393726,1.3832047078123402,0.9488468824650533,10184.909032485268
1,10,19,9,0.6512080221371837,0.8928643029227825,0.729347135959474,5672.0,20789.0,0.13814590671831978,0.3412768464782463,1.3832047078123402,0.9201427533580344,10858.876921671044
1,10,20,10,0.7539580464371571,1.0315190911682055,0.7309201088884281,5672.0,26353.5,0.13814590671831978,0.4403834083670559,1.3832047078123402,0.8678434332039486,12226.0808111185
1,10,21,11,0.8038389195662929,1.1057229387190295,0.7269804138254864,5672.0,29295.5,0.13814590671831978,0.4814729819847689,1.3832047078123402,0.8455963795884772,12890.464537789163
1,10,22,12,0.8038389195662929,1.1057229387190295,0.7269804138254864,5672.0,29295.5,0.13814590671831978,0.4814729819847689,1.3832047078123402,0.8455963795884772,12890.464537789163
1,10,23,13,0.8566358242797033,1.1685010031611747,0.7331066228973918,5672.0,32118.5,0.13814590671831978,0.5145817440317925,1.3832047078123402,0.8261128311247983,13497.263870873978
1,10,24,14,0.9051301678554502,1.2409620532566188,0.7293777964282991,5672.0,35079.5,0.13814590671831978,0.5405901313346732,1.3832047078123402,0.8091125753793107,14105.70537052295
1,10,25,15,0.9469039644707208,1.313149435745907,0.7210938364626047,5672.0,33137.5,0.13814590671831978,0.5585038773777619,1.3832047078123402,0.839432582753207,13709.700944951352
1,10,32,22,1.3179771828406384,1.815455453212629,0.7259760521847819,5672.0,37235.5,0.13814590671831978,0.5552359225686703,1.3832047078123402,0.7981680205923121,14532.713304816827
1,10,33,23,1.369137511240139,1.8854931632853353,0.7261429200064115,5672.0,35472.0,0.13814590671831978,0.5603796998570428,1.3832047078123402,0.8115168079516552,14184.39931756012
1,10,34,24,1.4202364542572397,1.9574423560880956,0.7255572302499627,5672.0,33668.5,0.13814590671831978,0.5734142475516738,1.3832047078123402,0.829190293165208,13819.107496506422
1,10,35,25,1.4664452476122372,2.0269779291806835,0.7234638456102889,5672.0,32076.0,0.13814590671831978,0.5982813579508501,1.3832047078123402,0.8491192512167872,13488.330956793729
1,10,36,26,1.5236461622174673,2.0967288954320202,0.7266777147665187,5672.0,30803.0,0.13814590671831978,0.6334883523645896,1.3832047078123402,0.8680501849784683,13217.965652852938
1,11,14,3,0.25048841576245734,0.3411220945168757,0.7343072166498597,7352.5,11561.0,0.14500884105350104,0.05805503151300722,1.267359963074486,1.085362986809161,9219.666615447653
1,11,15,4,0.3008991817238115,0.4125648927542512,0.7293378254146444,7352.5,12882.0,0.14500884105350104,0.09553323815294931,1.267359963074486,1.049440961255778,9732.158290944511
1,11,16,5,0.3471633627481124,0.48391844801514255,0.7174005541058627,7352.5,14291.0,0.14500884105350104,0.15855788160008766,1.267359963074486,1.0152591105124031,10250.58912941105
1,11,17,6,0.4046040558104825,0.5577576386758075,0.7254119491237584,7352.5,16193.5,0.14500884105350104,0.22258351423365869,1.267359963074486,0.9805293450535602,10911.58598692234
1,11,18,7,0.4568682006815095,0.6286243430644981,0.726774592365148,7352.5,18288.5,0.14500884105350104,0.2833868298393726,1.267359963074486,0.9488468824650533,11595.956030013222
1,11,19,8,0.5093594936111568,0.7006928136458391,0.7269369453938905,7352.5,20789.0,0.14500884105350104,0.3412768464782463,1.267359963074486,0.9201427533580344,12363.297395921527
1,11,20,9,0.6121048046483514,0.8393153505059523,0.7292906108286535,7352.5,26353.5,0.14500884105350104,0.4403834083670559,1.267359963074486,0.8678434332039486,13919.91769911015
1,11,21,10,0.6619835635607462,0.913539681034076,0.7246358065272192,7352.5,29295.5,0.14500884105350104,0.4814729819847689,1.267359963074486,0.8455963795884772,14676.347084680167
1,11,22,11,0.6619835635607462,0.913539681034076,0.7246358065272192,7352.5,29295.5,0.14500884105350104,0.4814729819847689,1.267359963074486,0.8455963795884772,14676.347084680167
1,11,23,12,0.7147818014909056,0.9762908089554827,0.7321402546600216,7352.5,32118.5,0.14500884105350104,0.5145817440317925,1.267359963074486,0.8261128311247983,15367.214166855358
1,11,24,13,0.7632750694253202,1.0487567365062558,0.7277903853738605,7352.5,35079.5,0.14500884105350104,0.5405901313346732,1.267359963074486,0.8091125753793107,16059.95092613922
1,11,25,14,0.805276153024949,1.1209404700394938,0.7183933264507587,7352.5,33137.5,0.14500884105350104,0.5585038773777619,1.267359963074486,0.839432582753207,15609.082892662207
1,11,32,21,1.1761371283685393,1.623251580947206,0.724556280846026,7352.5,37235.5,0.14500884105350104,0.5552359225686703,1.267359963074486,0.7981680205923121,16546.117784846087
1,11,33,22,1.2272950934972464,1.693291240610871,0.724798584001703,7352.5,35472.0,0.14500884105350104,0.5603796998570428,1.267359963074486,0.8115168079516552,16149.547362077985
1,11,34,23,1.2783973735606882,1.7652426032571098,0.7242049173308378,7352.5,33668.5,0.14500884105350104,0.5734142475516738,1.267359963074486,0.829190293165208,15733.64694690967
1,11,35,24,1.3246107212720677,1.8348031235870241,0.7219361599311349,7352.5,32076.0,0.14500884105350104,0.5982813579508501,1.267359963074486,0.8491192512167872,15357.043660809199
1,11,36,25,1.3818031068955987,1.9045558493066228,0.7255251177846327,7352.5,30803.0,0.14500884105350104,0.6334883523645896,1.267359963074486,0.8680501849784683,15049.221159249404
1,12,15,3,0.16396208166590268,0.21822653908342327,0.7513388717731693,9625.5,12882.0,0.1722232276248798,0.09553323815294931,1.1567005003322874,1.049440961255778,11135.33524416755
1,12,16,4,0.20988882657714142,0.2895673697810969,0.7248359051498456,9625.5,14291.0,0.1722232276248798,0.15855788160008766,1.1567005003322874,1.0152591105124031,11728.513141059271
1,12,17,5,0.2673445681962061,0.36345224460280995,0.7355700017436051,9625.5,16193.5,0.1722232276248798,0.22258351423365869,1.1567005003322874,0.9805293450535602,12484.812143160185
1,12,18,6,0.31955992634803426,0.4343147473991877,0.7357795890230734,9625.5,18288.5,0.1722232276248798,0.2833868298393726,1.1567005003322874,0.9488468824650533,13267.8542632183
1,12,19,7,0.37205357744912065,0.5063697114844721,0.7347469033217042,9625.5,20789.0,0.1722232276248798,0.3412768464782463,1.1567005003322874,0.9201427533580344,14145.830463426317
1,12,20,8,0.47474603578900537,0.6449324645793498,0.7361174415349881,9625.5,26353.5,0.1722232276248798,0.4403834083670559,1.1567005003322874,0.8678434332039486,15926.883381565898
1,12,21,9,0.524602983387514,0.7191610398877885,0.7294652439311345,9625.5,29295.5,0.1722232276248798,0.4814729819847689,1.1567005003322874,0.8455963795884772,16792.374318422037
1,12,22,10,0.524602983387514,0.7191610398877881,0.7294652439311349,9625.5,29295.5,0.1722232276248798,0.4814729819847689,1.1567005003322874,0.8455963795884772,16792.374318422037
1,12,23,11,0.5773999052576875,0.7819016717907271,0.7384559032023994,9625.5,32118.5,0.1722232276248798,0.5145817440317925,1.1567005003322874,0.8261128311247983,17582.850216901694
1,12,24,12,0.6258806926538361,0.8543719469375727,0.732562316561604,9625.5,35079.5,0.1722232276248798,0.5405901313346732,1.1567005003322874,0.8091125753793107,18375.465361454113
1,12,25,13,0.6685627098812635,0.9265626574711368,0.721551537276463,9625.5,33137.5,0.1722232276248798,0.5585038773777619,1.1567005003322874,0.839432582753207,17859.591435696395
1,12,32,20,1.0387904369722394,1.4288679926480523,0.7270023839270827,9625.5,37235.5,0.1722232276248798,0.5552359225686703,1.1567005003322874,0.7981680205923121,18931.72747664618
1,12,33,21,1.0899452115233714,1.4989106446048834,0.727158230176345,9625.5,35472.0,0.1722232276248798,0.5603796998570428,1.1567005003322874,0.8115168079516552,18477.97975970317
1,12,34,22,1.1410605625344261,1.570862083757487,0.7263913072527795,9625.5,33668.5,0.1722232276248798,0.5734142475516738,1.1567005003322874,0.829190293165208,18002.11506323632
1,12,35,23,1.18729446099994,1.6404503152437098,0.7237613050313885,9625.5,32076.0,0.1722232276248798,0.5982813579508501,1.1567005003322874,0.8491192512167872,17571.21333317651
1,12,36,24,1.2444496699786352,1.710202858871482,0.7276620218023814,9625.5,30803.0,0.1722232276248798,0.6334883523645896,1.1567005003322874,0.8680501849784683,17219.009161389047
1,13,16,3,0.15507362122913806,0.2141376921150808,0.7241771390054917,10463.0,14291.0,0.09766017239897251,0.15855788160008766,1.1214498199852259,1.0152591105124031,12228.112405436908
1,13,17,4,0.21252003789026955,0.28795879921360756,0.7380223784466554,10463.0,16193.5,0.09766017239897251,0.22258351423365869,1.1214498199852259,0.9805293450535602,13016.627462595678
1,13,18,5,0.2647871378029203,0.3588358544523828,0.7379060217017899,10463.0,18288.5,0.09766017239897251,0.2833868298393726,1.1214498199852259,0.9488468824650533,13833.02481382868
1,13,19,6,0.31727167283113455,0.43089304728305927,0.736311887211108,10463.0,20789.0,0.09766017239897251,0.3412768464782463,1.1214498199852259,0.9201427533580344,14748.400150524802
1,13,20,7,0.4200142450445623,0.5695489028379678,0.7374507139803114,10463.0,26353.5,0.09766017239897251,0.4403834083670559,1.1214498199852259,0.8678434332039486,16605.320547944866
1,13,21,8,0.4698928655270857,0.6437901946643093,0.7298850921022513,10463.0,29295.5,0.09766017239897251,0.4814729819847689,1.1214498199852259,0.8455963795884772,17507.678786749544
1,13,22,9,0.4698928655270857,0.6437901946643093,0.7298850921022513,10463.0,29295.5,0.09766017239897251,0.4814729819847689,1.1214498199852259,0.8455963795884772,17507.678786749544
1,13,23,10,0.5226940569471438,0.7065510286058676,0.7397824584283721,10463.0,32118.5,0.09766017239897251,0.5145817440317925,1.1214498199852259,0.8261128311247983,18331.826572930477
1,13,24,11,0.5711862971419451,0.77899197260886,0.7332377190345499,10463.0,35079.5,0.09766017239897251,0.5405901313346732,1.1214498199852259,0.8091125753793107,19158.20473061085
1,13,25,12,0.6135283953315501,0.851171624440641,0.7208045683321959,10463.0,33137.5,0.09766017239897251,0.5585038773777619,1.1214498199852259,0.839432582753207,18620.356132469646
1,13,32,19,0.9840577733968188,1.353478533910885,0.7270582789025678,10463.0,37235.5,0.09766017239897251,0.5552359225686703,1.1214498199852259,0.7981680205923121,19738.161933168954
1,13,33,20,1.0352111392690875,1.4235120631577822,0.7272232993745587,10463.0,35472.0,0.09766017239897251,0.5603796998570428,1.1214498199852259,0.8115168079516552,19265.085932847534
1,13,34,21,1.0863154179804144,1.4954615196510046,0.7264081380267996,10463.0,33668.5,0.09766017239897251,0.5734142475516738,1.1214498199852259,0.829190293165208,18768.950836421303
1,13,35,22,1.1325310043599204,1.565000554588436,0.7236617271728402,10463.0,32076.0,0.09766017239897251,0.5982813579508501,1.1214498199852259,0.8491192512167872,18319.693993077504
1,13,36,23,1.189717305498715,1.6347523657056995,0.7277660705419018,10463.0,30803.0,0.09766017239897251,0.6334883523645896,1.1214498199852259,0.8680501849784683,17952.486986487416
1,14,17,3,0.15430775247846878,0.2166594660766043,0.7122132961590064,11561.0,16193.5,0.05805503151300722,0.22258351423365869,1.085362986809161,0.9805293450535602,13682.582121076417
1,14,18,4,0.20657907921324853,0.2875223947140896,0.7184799619475535,11561.0,18288.5,0.05805503151300722,0.2833868298393726,1.085362986809161,0.9488468824650533,14540.747865911162
1,14,19,5,0.25904164292423654,0.3595817637663045,0.7203970529845615,11561.0,20789.0,0.05805503151300722,0.3412768464782463,1.085362986809161,0.9201427533580344,15502.955492421437
1,14,20,6,0.3618002770639974,0.49821822435545604,0.7261883636072481,11561.0,26353.5,0.05805503151300722,0.4403834083670559,1.085362986809161,0.8678434332039486,17454.879360797655
1,14,21,7,0.41168667954560206,0.5724875339840464,0.7191190289867073,11561.0,29295.5,0.05805503151300722,0.4814729819847689,1.085362986809161,0.8455963795884772,18403.40391069
1,14,22,8,0.41168667954560206,0.5724875339840465,0.7191190289867072,11561.0,29295.5,0.05805503151300722,0.4814729819847689,1.085362986809161,0.8455963795884772,18403.40391069
1,14,23,9,0.4644663311905763,0.6352181181444962,0.7311918818488767,11561.0,32118.5,0.05805503151300722,0.5145817440317925,1.085362986809161,0.8261128311247983,19269.71661701334
1,14,24,10,0.5129838162426275,0.7076600497317979,0.7249014783822367,11561.0,35079.5,0.05805503151300722,0.5405901313346732,1.085362986809161,0.8091125753793107,20138.37380475395
1,14,25,11,0.5548803959776629,0.7798320490074845,0.7115383327523865,11561.0,33137.5,0.05805503151300722,0.5585038773777619,1.085362986809161,0.839432582753207,19573.007880752513
1,14,32,18,0.9257781240956425,1.2821468125749573,0.7220531338656815,11561.0,37235.5,0.05805503151300722,0.5552359225686703,1.085362986809161,0.7981680205923121,20748.002687005803
1,14,33,19,0.9769206737931342,1.3521806224577777,0.7224779423457822,11561.0,35472.0,0.05805503151300722,0.5603796998570428,1.085362986809161,0.8115168079516552,20250.723246343572
1,14,34,20,1.0280102966842883,1.4241319824429877,0.7218504389746354,11561.0,33668.5,0.05805503151300722,0.5734142475516738,1.085362986809161,0.829190293165208,19729.20496370799
1,14,35,21,1.074199845491157,1.4936824600960792,0.7191621205902494,11561.0,32076.0,0.05805503151300722,0.5982813579508501,1.085362986809161,0.8491192512167872,19256.963312007425
1,14,36,22,1.1314179235413149,1.563435708941041,0.7236740961402603,11561.0,30803.0,0.05805503151300722,0.6334883523645896,1.085362986809161,0.8680501849784683,18870.96931797622
1,15,18,3,0.15623729697331928,0.21609164910387135,0.7230140434451441,12882.0,18288.5,0.09553323815294931,0.2833868298393726,1.049440961255778,0.9488468824650533,15349.021369455448
1,15,19,4,0.2085718101462968,0.2881506305114607,0.7238290951371047,12882.0,20789.0,0.09553323815294931,0.3412768464782463,1.049440961255778,0.9201427533580344,16364.715029599507
1,15,20,5,0.3113309962718548,0.4267903026027952,0.7294706425455126,12882.0,26353.5,0.09553323815294931,0.4403834083670559,1.049440961255778,0.8678434332039486,18425.140080878624
1,15,21,6,0.3612254980774107,0.5010889835021011,0.720880941250819,12882.0,29295.5,0.09553323815294931,0.4814729819847689,1.049440961255778,0.8455963795884772,19426.39006609308
1,15,22,7,0.3612254980774107,0.5010889835021012,0.7208809412508188,12882.0,29295.5,0.09553323815294931,0.4814729819847689,1.049440961255778,0.8455963795884772,19426.39006609308
1,15,23,8,0.41404736212671944,0.5637948689009404,0.7343936331557288,12882.0,32118.5,0.09553323815294931,0.5145817440317925,1.049440961255778,0.8261128311247983,20340.858315223573
1,15,24,9,0.462495202529017,0.6362288370062305,0.7269321596695999,12882.0,35079.5,0.09553323815294931,0.5405901313346732,1.049440961255778,0.8091125753793107,21257.80136796842
1,15,25,10,0.5047768230554818,0.7083908307841329,0.7125682619250359,12882.0,33137.5,0.09553323815294931,0.5585038773777619,1.049440961255778,0.839432582753207,20661.008566863333
1,15,32,17,0.8752777060689602,1.2107106128739404,0.7229454311887612,12882.0,37235.5,0.09553323815294931,0.5552359225686703,1.049440961255778,0.7981680205923121,21901.31756310565
1,15,33,18,0.9264383280209578,1.2807424663270288,0.7233603572760725,12882.0,35472.0,0.09553323815294931,0.5603796998570428,1.049440961255778,0.8115168079516552,21376.39595441664
1,15,34,19,0.977532233678808,1.3526947631335962,0.7226554432829309,12882.0,33668.5,0.09553323815294931,0.5734142475516738,1.049440961255778,0.829190293165208,20825.888144326524
1,15,35,20,1.0237396425197485,1.4222439567028355,0.7198059360315843,12882.0,32076.0,0.09553323815294931,0.5982813579508501,1.049440961255778,0.8491192512167872,20327.396094925687
1,15,36,21,1.080947968076736,1.4919980846368381,0.7244968872328316,12882.0,30803.0,0.09553323815294931,0.6334883523645896,1.049440961255778,0.8680501849784683,19919.945933661566
1,16,19,3,0.16220015769995652,0.21681392946197103,0.7481076428182456,14291.0,20789.0,0.15855788160008766,0.3412768464782463,1.0152591105124031,0.9201427533580344,17236.46132476153
1,16,20,4,0.2649417581809097,0.35543658864533423,0.7453981009402408,14291.0,26353.5,0.15855788160008766,0.4403834083670559,1.0152591105124031,0.8678434332039486,19406.644957333556
1,16,21,5,0.31482333404155916,0.42974583578115233,0.732580301724861,14291.0,29295.5,0.15855788160008766,0.4814729819847689,1.0152591105124031,0.8455963795884772,20461.231402337446
1,16,22,6,0.31482333404155916,0.4297458357811522,0.7325803017248612,14291.0,29295.5,0.15855788160008766,0.4814729819847689,1.0152591105124031,0.8455963795884772,20461.231402337446
1,16,23,7,0.3676346609318897,0.4924482490319562,0.7465447621238936,14291.0,32118.5,0.15855788160008766,0.5145817440317925,1.0152591105124031,0.8261128311247983,21424.413259177018
1,16,24,8,0.4161159809038282,0.5648743235549745,0.7366523199090516,14291.0,35079.5,0.15855788160008766,0.5405901313346732,1.0152591105124031,0.8091125753793107,22390.201752105764
1,16,25,9,0.45891890340700564,0.6370377222015362,0.720395178202367,14291.0,33137.5,0.15855788160008766,0.5585038773777619,1.0152591105124031,0.839432582753207,21761.617874137944
1,16,32,16,0.8289886293816261,1.1393543958912218,0.7275950594223823,14291.0,37235.5,0.15855788160008766,0.5552359225686703,1.0152591105124031,0.7981680205923121,23067.997973382953
1,16,33,17,0.880139117228641,1.2093858853168615,0.7277570607648053,14291.0,35472.0,0.15855788160008766,0.5603796998570428,1.0152591105124031,0.8115168079516552,22515.113857140495
1,16,34,18,0.9312446140251359,1.281337654009071,0.7267753438068739,14291.0,33668.5,0.15855788160008766,0.5734142475516738,1.0152591105124031,0.829190293165208,21935.280565791723
1,16,35,19,0.9774626947100268,1.3508899722239578,0.7235694355631636,14291.0,32076.0,0.15855788160008766,0.5982813579508501,1.0152591105124031,0.8491192512167872,21410.233908110393
1,16,36,20,1.0346446093541972,1.4206437317554368,0.728292805737949,14291.0,30803.0,0.15855788160008766,0.6334883523645896,1.0152591105124031,0.8680501849784683,20981.078928405946
1,17,20,3,0.20752495864989245,0.28177842587061164,0.7364827807831702,16193.5,26353.5,0.22258351423365869,0.4403834083670559,0.9805293450535602,0.8678434332039486,20658.059014583145
1,17,21,4,0.257405284212092,0.3561115469201886,0.7228220663953406,16193.5,29295.5,0.22258351423365869,0.4814729819847689,0.9805293450535602,0.8455963795884772,21780.649192574587
1,17,22,5,0.257405284212092,0.3561115469201884,0.722822066395341,16193.5,29295.5,0.22258351423365869,0.4814729819847689,0.9805293450535602,0.8455963795884772,21780.649192574587
1,17,23,6,0.31019518238140625,0.4188171804689712,0.7406457921188063,16193.5,32118.5,0.22258351423365869,0.5145817440317925,0.9805293450535602,0.8261128311247983,22805.94066794878
1,17,24,7,0.35871227290196506,0.49117358061682775,0.7303167089147699,16193.5,35079.5,0.22258351423365869,0.5405901313346732,0.9805293450535602,0.8091125753793107,23834.006865191594
1,17,25,8,0.40154307233123443,0.5633047847427805,0.7128344782560109,16193.5,33137.5,0.22258351423365869,0.5585038773777619,0.9805293450535602,0.839432582753207,23164.88951516929
1,17,32,15,0.7715774804007388,1.0656043320656081,0.7240750222036763,16193.5,37235.5,0.22258351423365869,0.5552359225686703,0.9805293450535602,0.7981680205923121,24555.509957034083
1,17,33,16,0.8227161745124879,1.1356214896043388,0.7244633727379798,16193.5,35472.0,0.22258351423365869,0.5603796998570428,0.9805293450535602,0.8115168079516552,23966.97377642826
1,17,34,17,0.8738184747134882,1.2075698754961068,0.7236173180905964,16193.5,33668.5,0.22258351423365869,0.5734142475516738,0.9805293450535602,0.829190293165208,23349.750635713437
1,17,35,18,0.9200262008103539,1.2770567731527376,0.7204270163643833,16193.5,32076.0,0.22258351423365869,0.5982813579508501,0.9805293450535602,0.8491192512167872,22790.846978556983
1,17,36,19,0.9772145868129982,1.3468097346909793,0.7255773118073108,16193.5,30803.0,0.22258351423365869,0.6334883523645896,0.9805293450535602,0.8680501849784683,22334.0184583966
1,18,21,3,0.20516424279766507,0.28544622413841486,0.7187491914350197,18288.5,29295.5,0.2833868298393726,0.4814729819847689,0.9488468824650533,0.8455963795884772,23146.722267958372
1,18,22,4,0.20516424279766507,0.2854462241384151,0.7187491914350191,18288.5,29295.5,0.2833868298393726,0.4814729819847689,0.9488468824650533,0.8455963795884772,23146.722267958372
1,18,23,5,0.2579237719256723,0.34805531745269996,0.7410424693790912,18288.5,32118.5,0.2833868298393726,0.5145817440317925,0.9488468824650533,0.8261128311247983,24236.319589615912
1,18,24,6,0.30648419405558236,0.4203684845003606,0.729084613514407,18288.5,35079.5,0.2833868298393726,0.5405901313346732,0.9488468824650533,0.8091125753793107,25328.8656625203
1,18,25,7,0.3496330348246546,0.49245955629077076,0.7099730939492931,18288.5,33137.5,0.2833868298393726,0.5585038773777619,0.9488468824650533,0.839432582753207,24617.78155622476
1,18,32,14,0.719367388992148,0.9947628563646359,0.7231546537846,18288.5,37235.5,0.2833868298393726,0.5552359225686703,0.9488468824650533,0.7981680205923121,26095.62112213465
1,18,33,15,0.7704927507606335,1.0647738026191516,0.7236210628636432,18288.5,35472.0,0.2833868298393726,0.5603796998570428,0.9488468824650533,0.8115168079516552,25470.17220200916
1,18,34,16,0.8215971417779819,1.1367238614706572,0.7227763660340741,18288.5,33668.5,0.2833868298393726,0.5734142475516738,0.9488468824650533,0.829190293165208,24814.237087809088
1,18,35,17,0.8678022977625265,1.2061982548025791,0.7194524567642998,18288.5,32076.0,0.2833868298393726,0.5982813579508501,0.9488468824650533,0.8491192512167872,24220.279230430024
1,18,36,18,0.9249823322005649,1.2759532188651055,0.7249343616400677,18288.5,30803.0,0.2833868298393726,0.6334883523645896,0.9488468824650533,0.8680501849784683,23734.798619326855
1,19,22,3,0.15265568108175662,0.21347110123222154,0.7151116952157954,20789.0,29295.5,0.3412768464782463,0.4814729819847689,0.9201427533580344,0.8455963795884772,24678.414647217516
1,19,23,4,0.2054806635789696,0.2760639616398162,0.7443226647854259,20789.0,32118.5,0.3412768464782463,0.5145817440317925,0.9201427533580344,0.8261128311247983,25840.114096110334
1,19,24,5,0.25394511574376355,0.3483214349988305,0.7290539433630209,20789.0,35079.5,0.3412768464782463,0.5405901313346732,0.9201427533580344,0.8091125753793107,27004.957424517448
1,19,25,6,0.297564910535099,0.42040990472412526,0.7077970980021565,20789.0,33137.5,0.3412768464782463,0.5585038773777619,0.9201427533580344,0.839432582753207,26246.81861673906
1,19,32,13,0.6667999951497939,0.9226901707799104,0.7226694466531235,20789.0,37235.5,0.3412768464782463,0.5552359225686703,0.9201427533580344,0.7981680205923121,27822.451536483983
1,19,33,14,0.7179435236783814,0.9926994420823981,0.723223458423974,20789.0,35472.0,0.3412768464782463,0.5603796998570428,0.9201427533580344,0.8115168079516552,27155.61466805714
1,19,34,15,0.7690478898444816,1.064646991515336,0.722350127294192,20789.0,33668.5,0.3412768464782463,0.5734142475516738,0.9201427533580344,0.829190293165208,26456.27423693669
1,19,35,16,0.8152638621253481,1.134118957616984,0.7188521597755356,20789.0,32076.0,0.3412768464782463,0.5982813579508501,0.9201427533580344,0.8491192512167872,25823.01229523775
1,19,36,17,0.8724465259768954,1.203872527579141,0.7247000874181356,20789.0,30803.0,0.3412768464782463,0.6334883523645896,0.9201427533580344,0.8680501849784683,25305.405884909254
1,20,24,4,0.15118836922871925,0.20944351767704994,0.7218574769253215,26353.5,35079.5,0.4403834083670559,0.5405901313346732,0.8678434332039486,0.8091125753793107,30405.058843060968
1,20,25,5,0.1965777726165272,0.2816666156828739,0.6979093782198615,26353.5,33137.5,0.4403834083670559,0.5585038773777619,0.8678434332039486,0.839432582753207,29551.46538244762
1,20,32,12,0.5640793761143539,0.7839373095571144,0.7195465367416058,26353.5,37235.5,0.4403834083670559,0.5552359225686703,0.8678434332039486,0.7981680205923121,31325.480830308097
1,20,33,13,0.6152153294341507,0.8539802618771472,0.7204093079175348,26353.5,35472.0,0.4403834083670559,0.5603796998570428,0.8678434332039486,0.8115168079516552,30574.684822578303
1,20,34,14,0.6663261141614945,0.9259303591106762,0.7196287578274001,26353.5,33668.5,0.4403834083670559,0.5734142475516738,0.8678434332039486,0.829190293165208,29787.292840236423
1,20,35,15,0.7125509142749367,0.9955811843869664,0.7157135203531323,26353.5,32076.0,0.4403834083670559,0.5982813579508501,0.8678434332039486,0.8491192512167872,29074.299062918093
1,20,36,16,0.769714684400988,1.0653305346867088,0.7225125529959064,26353.5,30803.0,0.4403834083670559,0.6334883523645896,0.8678434332039486,0.8680501849784683,28491.52260761085
1,21,25,4,0.14845750554567463,0.20785675191920502,0.714229892341341,29295.5,33137.5,0.4814729819847689,0.5585038773777619,0.8455963795884772,0.839432582753207,31157.336716253525
1,21,32,11,0.5142363571571245,0.7098101334694705,0.7244702955191639,29295.5,37235.5,0.4814729819847689,0.5552359225686703,0.8455963795884772,0.7981680205923121,33027.75484724931
1,21,33,12,0.5653624130998046,0.7798651400340414,0.7249489483208935,29295.5,35472.0,0.4814729819847689,0.5603796998570428,0.8455963795884772,0.8115168079516552,32236.15944866882
1,21,34,13,0.6164770681689402,0.8517987770136887,0.7237355638502322,29295.5,33668.5,0.4814729819847689,0.5734142475516738,0.8455963795884772,0.829190293165208,31405.979394854094
1,21,35,14,0.6627052420065144,0.9215142601920563,0.7191481137453016,29295.5,32076.0,0.4814729819847689,0.5982813579508501,0.8455963795884772,0.8491192512167872,30654.240457072166
1,21,36,15,0.7198553073342845,0.9912484212602203,0.7262107983174378,29295.5,30803.0,0.4814729819847689,0.6334883523645896,0.8455963795884772,0.8680501849784683,30039.795047569816
1,22,25,3,0.14845750554567463,0.20785675191920416,0.7142298923413439,29295.5,33137.5,0.4814729819847689,0.5585038773777619,0.8455963795884772,0.839432582753207,31157.336716253525
1,22,32,10,0.5142363571571245,0.7098101334694696,0.7244702955191648,29295.5,37235.5,0.4814729819847689,0.5552359225686703,0.8455963795884772,0.7981680205923121,33027.75484724931
1,22,33,11,0.5653624130998046,0.7798651400340404,0.7249489483208944,29295.5,35472.0,0.4814729819847689,0.5603796998570428,0.8455963795884772,0.8115168079516552,32236.15944866882
1,22,34,12,0.6164770681689402,0.8517987770136882,0.7237355638502326,29295.5,33668.5,0.4814729819847689,0.5734142475516738,0.8455963795884772,0.829190293165208,31405.979394854094
1,22,35,13,0.6627052420065144,0.9215142601920554,0.7191481137453023,29295.5,32076.0,0.4814729819847689,0.5982813579508501,0.8455963795884772,0.8491192512167872,30654.240457072166
1,22,36,14,0.7198553073342845,0.9912484212602194,0.7262107983174385,29295.5,30803.0,0.4814729819847689,0.6334883523645896,0.8455963795884772,0.8680501849784683,30039.795047569816
1,23,32,9,0.46155096244977006,0.6469888064428383,0.7133832268094243,32118.5,37235.5,0.5145817440317925,0.5552359225686703,0.8261128311247983,0.7981680205923121,34582.4869948649
1,23,33,10,0.5126399526832843,0.7170476306752658,0.7149315202401765,32118.5,35472.0,0.5145817440317925,0.5603796998570428,0.8261128311247983,0.8115168079516552,33753.62842717802
1,23,34,11,0.5637519172840068,0.7889975311363655,0.7145167063730283,32118.5,33668.5,0.5145817440317925,0.5734142475516738,0.8261128311247983,0.829190293165208,32884.36888933707
1,23,35,12,0.6099637614039739,0.8587663005679342,0.7102791073666748,32118.5,32076.0,0.5145817440317925,0.5982813579508501,0.8261128311247983,0.8491192512167872,32097.2429657128
1,23,36,13,0.6671073080902971,0.9285090786334259,0.7184714974162036,32118.5,30803.0,0.5145817440317925,0.6334883523645896,0.8261128311247983,0.8680501849784683,31453.8734578112
1,24,32,8,0.4129405058487481,0.5744967565036374,0.7187864877808645,35079.5,37235.5,0.5405901313346732,0.5552359225686703,0.8091125753793107,0.7981680205923121,36141.426677014286
1,24,33,9,0.46407439911198173,0.644544913559312,0.7200031981468378,35079.5,35472.0,0.5405901313346732,0.5603796998570428,0.8091125753793107,0.8115168079516552,35275.20409579511
1,24,34,10,0.5151962427427099,0.716495190379834,0.71905052491642,35079.5,33668.5,0.5405901313346732,0.5734142475516738,0.8091125753793107,0.829190293165208,34366.759314052295
1,24,35,11,0.5614451210016945,0.7862172409564417,0.714109398464336,35079.5,32076.0,0.5405901313346732,0.5982813579508501,0.8091125753793107,0.8491192512167872,33544.150637629806
1,24,36,12,0.6185722619889953,0.8559619023039617,0.7226633105095059,35079.5,30803.0,0.5405901313346732,0.6334883523645896,0.8091125753793107,0.8680501849784683,32871.77875473124
1,25,32,7,0.3741602019014805,0.502338894214299,0.744836217563243,33137.5,37235.5,0.5585038773777619,0.5552359225686703,0.839432582753207,0.7981680205923121,35126.79007894117
1,25,33,8,0.4248739796326166,0.5723669179523642,0.7423105115030026,33137.5,35472.0,0.5585038773777619,0.5603796998570428,0.839432582753207,0.8115168079516552,34284.88588284931
1,25,34,9,0.4756242838951821,0.6443255062862621,0.7381739187023133,33137.5,33668.5,0.5585038773777619,0.5734142475516738,0.839432582753207,0.829190293165208,33401.94483484457
1,25,35,10,0.5214058247121179,0.7140041567398814,0.730256007321917,33137.5,32076.0,0.5585038773777619,0.5982813579508501,0.839432582753207,0.8491192512167872,32602.430124148723
1,25,36,11,0.5787972878836268,0.7837562951450656,0.7384914053883256,33137.5,30803.0,0.5585038773777619,0.6334883523645896,0.839432582753207,0.8680501849784683,31948.93445015029
1,32,35,3,0.14869313326103642,0.21237611066082646,0.7001405798343562,37235.5,32076.0,0.5552359225686703,0.5982813579508501,0.7981680205923121,0.8491192512167872,34559.599216426104
1,32,36,4,0.20575140458820532,0.28195205055050804,0.7297389899682521,37235.5,30803.0,0.5552359225686703,0.6334883523645896,0.7981680205923121,0.8680501849784683,33866.8732908723
1,33,36,3,0.15452523367488694,0.211929138969978,0.7291363255940801,35472.0,30803.0,0.5603796998570428,0.6334883523645896,0.8115168079516552,0.8680501849784683,33055.16625279625
2,7,10,3,0.4133275178427916,0.583651133395475,0.7081756449922385,2668.0,3604.0,0.027817828858016348,0.11100640570176537,3.033429250213849,2.62253176866069,3100.8824550440477
2,7,11,4,1.2518493840550913,0.7758605039854763,1.6134980162342756,2668.0,3943.5,0.027817828858016348,0.13780230458293488,3.033429250213849,2.503307369857132,3243.6488712559503
2,7,12,5,1.344520234646328,0.9702431860736005,1.3857559155734547,2668.0,4395.0,0.027817828858016348,0.1619601996434494,3.033429250213849,2.37341943791134,3424.3043089071393
2,7,13,6,1.2072757860875563,1.0456361500045381,1.1545849730638298,2668.0,4770.5,0.027817828858016348,0.2673159760395814,3.033429250213849,2.34167046789011,3567.589382201937
2,7,14,7,1.3636867606760528,1.1169701300338226,1.2208802402216068,2668.0,5210.0,0.027817828858016348,0.37539790956324065,3.033429250213849,2.292708572563973,3728.3079271970014
2,7,15,8,1.4887385192782832,1.1884141252606772,1.2527102191348745,2668.0,5880.0,0.027817828858016348,0.48666209471891453,3.033429250213849,2.2310178813797417,3960.7878004255667
2,7,16,9,1.3876146045752,1.2597673257836988,1.1014848346792672,2668.0,6779.5,0.027817828858016348,0.6031554367637135,3.033429250213849,2.198011368563442,4252.964377936876
2,7,17,10,1.5046837737553083,1.3335686591260247,1.1283136893314714,2668.0,7918.5,0.027817828858016348,0.7252961158554995,3.033429250213849,2.1430728361484084,4596.363562643843
2,8,11,3,0.41985514265857404,0.5802174455645315,0.7236168885788491,2970.5,3943.5,0.05214808042761369,0.13780230458293488,2.882052259426853,2.503307369857132,3422.5964924308564
2,8,12,4,0.5614298434192597,0.7745982153939364,0.7248013644515487,2970.5,4395.0,0.05214808042761369,0.1619601996434494,2.882052259426853,2.37341943791134,3613.218440670312
2,8,13,5,0.5444473070779668,0.8499806030261525,0.6405408607438717,2970.5,4770.5,0.05214808042761369,0.2673159760395814,2.882052259426853,2.34167046789011,3764.4083532475593
2,8,14,6,0.6346411078625006,0.9213181396567263,0.6888403479160428,2970.5,5210.0,0.05214808042761369,0.37539790956324065,2.882052259426853,2.292708572563973,3933.9935180424486
2,8,15,7,0.7390813359962974,0.9927631466045485,0.7444689486350351,2970.5,5880.0,0.05214808042761369,0.48666209471891453,2.882052259426853,2.2310178813797417,4179.2989842795405
2,8,16,8,0.7404734597436881,1.0641145970930308,0.6958587559709528,2970.5,6779.5,0.05214808042761369,0.6031554367637135,2.882052259426853,2.198011368563442,4487.594539394128
2,8,17,9,0.824353470826977,1.137912307902113,0.7244437599473532,2970.5,7918.5,0.05214808042761369,0.7252961158554995,2.882052259426853,2.1430728361484084,4849.938582085344
2,9,12,3,0.36519508647138293,0.5828823122188618,0.6265331419668448,3259.0,4395.0,0.08237775877595574,0.1619601996434494,2.7363660663468425,2.37341943791134,3784.61424718557
2,9,13,4,0.429586150774147,0.6582764493270621,0.6525923131737451,3259.0,4770.5,0.08237775877595574,0.2673159760395814,2.7363660663468425,2.34167046789011,3942.9759700003247
2,9,14,5,0.4707627196355874,0.7296079350867667,0.6452269732779198,3259.0,5210.0,0.08237775877595574,0.37539790956324065,2.7363660663468425,2.292708572563973,4120.605538024721
2,9,15,6,0.545985779760302,0.8010519821594293,0.6815859543702337,3259.0,5880.0,0.08237775877595574,0.48666209471891453,2.7363660663468425,2.2310178813797417,4377.547258454213
2,9,16,7,0.6068792082807493,0.872405364516732,0.6956390148024013,3259.0,6779.5,0.08237775877595574,0.6031554367637135,2.7363660663468425,2.198011368563442,4700.467051262034
2,9,17,8,0.6603436382293382,0.9462154580126217,0.6978787258625928,3259.0,7918.5,0.08237775877595574,0.7252961158554995,2.7363660663468425,2.1430728361484084,5079.999163385758
2,10,13,3,0.9817193760892358,0.4619853247140974,2.1250012144796573,3604.0,4770.5,0.11100640570176537,0.2673159760395814,2.62253176866069,2.34167046789011,4146.430030761402
2,10,14,4,1.1352038976189354,0.5333198243744423,2.1285612229968636,3604.0,5210.0,0.11100640570176537,0.37539790956324065,2.62253176866069,2.292708572563973,4333.225126854131
2,10,15,5,1.2495694761483163,0.6047647791709024,2.0662074234240357,3604.0,5880.0,0.11100640570176537,0.48666209471891453,2.62253176866069,2.2310178813797417,4603.42481202854
2,10,16,6,1.1372342605949897,0.6761167829635424,1.6820086252115882,3604.0,6779.5,0.11100640570176537,0.6031554367637135,2.62253176866069,2.198011368563442,4943.006979562137
2,10,17,7,1.2472419895078535,0.7499253646548514,1.663154826189789,3604.0,7918.5,0.11100640570176537,0.7252961158554995,2.62253176866069,2.1430728361484084,5342.122611846344
2,11,14,3,0.2184118476224135,0.3411220945168757,0.6402747026156302,3943.5,5210.0,0.13780230458293488,0.37539790956324065,2.503307369857132,2.292708572563973,4532.729310250062
2,11,15,4,0.32146795009113815,0.4125648927542512,0.7791936631957292,3943.5,5880.0,0.13780230458293488,0.48666209471891453,2.503307369857132,2.2310178813797417,4815.369144728159
2,11,16,5,0.3377972057908256,0.48391844801514255,0.6980457289370696,3943.5,6779.5,0.13780230458293488,0.6031554367637135,2.503307369857132,2.198011368563442,5170.5858710594875
2,11,17,6,0.40748778682282283,0.5577576386758075,0.730582171479093,3943.5,7918.5,0.13780230458293488,0.7252961158554995,2.503307369857132,2.1430728361484084,5588.077017185787
2,12,15,3,0.21224455173944617,0.21822653908342327,0.9725881766301104,4395.0,5880.0,0.1619601996434494,0.48666209471891453,2.37341943791134,2.2310178813797417,5083.561743502286
2,12,16,4,0.30163166487751947,0.2895673697810969,1.0416631718744511,4395.0,6779.5,0.1619601996434494,0.6031554367637135,2.37341943791134,2.198011368563442,5458.562310718821
2,12,17,5,0.334285112565438,0.36345224460280995,0.919749754003455,4395.0,7918.5,0.1619601996434494,0.7252961158554995,2.37341943791134,2.1430728361484084,5899.3056794846625
2,13,16,3,0.24772475298130783,0.2141376921150808,1.1568479632636408,4770.5,6779.5,0.2673159760395814,0.6031554367637135,2.34167046789011,2.198011368563442,5686.967975116441
2,13,17,4,0.33701549919433205,0.28795879921360756,1.170360135250926,4770.5,7918.5,0.2673159760395814,0.7252961158554995,2.34167046789011,2.1430728361484084,6146.15361425339
2,14,17,3,0.2012069627873841,0.2166594660766043,0.9286783837833484,5210.0,7918.5,0.37539790956324065,0.7252961158554995,2.292708572563973,2.1430728361484084,6423.035497333017
0,38,42,4,0.1582501483604768,0.20918576571677272,0.7565053378189209,13881.5,9862.5,0.5820443425155016,0.1929911193395098,1.4133865667502417,1.5132459699765985,11700.69629338357
0,38,43,5,0.21800387131845067,0.28080263207630435,0.7763597858983424,13881.5,9318.5,0.5820443425155016,0.07326283169123615,1.4133865667502417,1.5472785223722332,11373.423308309597
0,38,44,6,0.266361653273884,0.3448951235247532,0.7722975336726301,13881.5,8898.5,0.5820443425155016,0.04584204350290522,1.4133865667502417,1.5880479200890265,11114.158886303543
0,38,45,7,0.3139774196973467,0.40879675326259385,0.768052625642212,13881.5,8892.0,0.5820443425155016,0.1595272044788685,1.4133865667502417,1.6158179646307143,11110.098919451617
0,38,46,8,0.40119879794123703,0.5390955072481812,0.744207274123208,13881.5,9331.0,0.5820443425155016,0.40016137555201337,1.4133865667502417,1.6835546779477184,11381.049007011612
0,38,47,9,0.43691722491806406,0.6052758666361497,0.7218480844879095,13881.5,9948.5,0.5820443425155016,0.5307890957519186,1.4133865667502417,1.718042182482863,11751.600008084006
0,38,48,10,0.43691722491806406,0.6052758666361492,0.7218480844879102,13881.5,9948.5,0.5820443425155016,0.5307890957519186,1.4133865667502417,1.718042182482863,11751.600008084006
0,38,49,11,0.499042443949303,0.6698908321551417,0.7449608503281152,13881.5,10930.0,0.5820443425155016,0.6705770578423117,1.4133865667502417,1.7588084496996328,12317.661912879408
0,39,42,3,0.1582501483604768,0.2091857657167722,0.7565053378189228,13881.5,9862.5,0.5820443425155016,0.1929911193395098,1.4133865667502417,1.5132459699765985,11700.69629338357
0,39,43,4,0.21800387131845067,0.2808026320763038,0.776359785898344,13881.5,9318.5,0.5820443425155016,0.07326283169123615,1.4133865667502417,1.5472785223722332,11373.423308309597
0,39,44,5,0.266361653273884,0.34489512352475266,0.7722975336726313,13881.5,8898.5,0.5820443425155016,0.04584204350290522,1.4133865667502417,1.5880479200890265,11114.158886303543
0,39,45,6,0.3139774196973467,0.4087967532625933,0.7680526256422131,13881.5,8892.0,0.5820443425155016,0.1595272044788685,1.4133865667502417,1.6158179646307143,11110.098919451617
0,39,46,7,0.40119879794123703,0.5390955072481809,0.7442072741232084,13881.5,9331.0,0.5820443425155016,0.40016137555201337,1.4133865667502417,1.6835546779477184,11381.049007011612
0,39,47,8,0.43691722491806406,0.605275866636149,0.7218480844879104,13881.5,9948.5,0.5820443425155016,0.5307890957519186,1.4133865667502417,1.718042182482863,11751.600008084006
0,39,48,9,0.43691722491806406,0.6052758666361487,0.7218480844879107,13881.5,9948.5,0.5820443425155016,0.5307890957519186,1.4133865667502417,1.718042182482863,11751.600008084006
0,39,49,10,0.499042443949303,0.6698908321551411,0.7449608503281158,13881.5,10930.0,0.5820443425155016,0.6705770578423117,1.4133865667502417,1.7588084496996328,12317.661912879408
0,40,43,3,0.15557754876082316,0.2110195540268215,0.7372660295787025,12049.0,9318.5,0.4448987565287532,0.07326283169123615,1.4506990515723528,1.5472785223722332,10596.159988410896
0,40,44,4,0.20364015023467388,0.2751146272645355,0.7402011018442303,12049.0,8898.5,0.4448987565287532,0.04584204350290522,1.4506990515723528,1.5880479200890265,10354.613778408155
0,40,45,5,0.2505616394757026,0.3390160298829952,0.7390849322439977,12049.0,8892.0,0.4448987565287532,0.1595272044788685,1.4506990515723528,1.6158179646307143,10350.831270965631
0,40,46,6,0.3389280313094124,0.46931325278722574,0.7221786925822729,12049.0,9331.0,0.4448987565287532,0.40016137555201337,1.4506990515723528,1.6835546779477184,10603.264544469312
0,40,47,7,0.3741310368755571,0.5354952652625736,0.6986635758433951,12049.0,9948.5,0.4448987565287532,0.5307890957519186,1.4506990515723528,1.718042182482863,10948.49197378342
0,40,48,8,0.3741310368755571,0.5354952652625734,0.6986635758433954,12049.0,9948.5,0.4448987565287532,0.5307890957519186,1.4506990515723528,1.718042182482863,10948.49197378342
0,40,49,9,0.43522149582241193,0.6001106166972406,0.7252354544528642,12049.0,10930.0,0.4448987565287532,0.6705770578423117,1.4506990515723528,1.7588084496996328,11475.869030273916
0,41,44,3,0.14981769381564963,0.20511764508190428,0.7303988584493881,10755.0,8898.5,0.31571950615266375,0.04584204350290522,1.4830321723782889,1.5880479200890265,9782.809795759089
0,41,45,4,0.19776247560370216,0.26902909329689684,0.7350969859064803,10755.0,8892.0,0.31571950615266375,0.1595272044788685,1.4830321723782889,1.6158179646307143,9779.236166490715
0,41,46,5,0.2843756079147198,0.3993181561205288,0.7121529626338474,10755.0,9331.0,0.31571950615266375,0.40016137555201337,1.4830321723782889,1.6835546779477184,10017.729533182655
0,41,47,6,0.32042262556065315,0.4655033243312253,0.6883358481295375,10755.0,9948.5,0.31571950615266375,0.5307890957519186,1.4830321723782889,1.718042182482863,10343.892763365251
0,41,48,7,0.32042262556065315,0.4655033243312253,0.6883358481295375,10755.0,9948.5,0.31571950615266375,0.5307890957519186,1.4830321723782889,1.718042182482863,10343.892763365251
0,41,49,8,0.38338368352012114,0.530121114729601,0.723200176087447,10755.0,10930.0,0.31571950615266375,0.6705770578423117,1.4830321723782889,1.7588084496996328,10842.146927615397
0,42,45,3,0.15747712452329518,0.19963699750745048,0.7888173359119875,9862.5,8892.0,0.1929911193395098,0.1595272044788685,1.5132459699765985,1.6158179646307143,9364.686326834444
0,42,46,4,0.24301709618671383,0.32992566463251677,0.7365813643427683,9862.5,9331.0,0.1929911193395098,0.40016137555201337,1.5132459699765985,1.6835546779477184,9593.069764157874
0,42,47,5,0.27915382993851745,0.39610989852954376,0.7047383339189561,9862.5,9948.5,0.1929911193395098,0.5307890957519186,1.5132459699765985,1.718042182482863,9905.406667573017
0,42,48,6,0.27915382993851745,0.39610989852954365,0.7047383339189564,9862.5,9948.5,0.1929911193395098,0.5307890957519186,1.5132459699765985,1.718042182482863,9905.406667573017
0,42,49,7,0.34302021430039065,0.46072879858692495,0.7445165471584333,9862.5,10930.0,0.1929911193395098,0.6705770578423117,1.5132459699765985,1.7588084496996328,10382.539429253327
0,43,46,3,0.18368799065777205,0.25829589880661447,0.7111533381151314,9318.5,9331.0,0.07326283169123615,0.40016137555201337,1.5472785223722332,1.6835546779477184,9324.747905439588
0,43,47,4,0.21982258006824673,0.32447947478904804,0.6774622037685395,9318.5,9948.5,0.07326283169123615,0.5307890957519186,1.5472785223722332,1.718042182482863,9628.34862528357
0,43,48,5,0.21982258006824673,0.3244794747890479,0.6774622037685398,9318.5,9948.5,0.07326283169123615,0.5307890957519186,1.5472785223722332,1.718042182482863,9628.34862528357
0,43,49,6,0.28296523092545095,0.3890931247618425,0.7272429475556766,9318.5,10930.0,0.07326283169123615,0.6705770578423117,1.5472785223722332,1.7588084496996328,10092.135799720494
0,44,47,3,0.17069620659165127,0.2603980849357425,0.6555202072003462,8898.5,9948.5,0.04584204350290522,0.5307890957519186,1.5880479200890265,1.718042182482863,9408.864291188389
0,44,48,4,0.17069620659165127,0.2603980849357423,0.6555202072003468,8898.5,9948.5,0.04584204350290522,0.5307890957519186,1.5880479200890265,1.718042182482863,9408.864291188389
0,44,49,5,0.23440063724642013,0.3250211770677032,0.7211857373761019,8898.5,10930.0,0.04584204350290522,0.6705770578423117,1.5880479200890265,1.7588084496996328,9862.079141844279
0,45,48,3,0.12527061379102097,0.1964794953956686,0.6375760154450324,8892.0,9948.5,0.1595272044788685,0.5307890957519186,1.6158179646307143,1.718042182482863,9405.427263022133
0,45,49,4,0.18592536930823017,0.261095355988302,0.7120975729517007,8892.0,10930.0,0.1595272044788685,0.6705770578423117,1.6158179646307143,1.7588084496996328,9858.476555736186
3,55,59,4,0.13119587461305476,0.2566101006892655,0.5112654344496071,5019.0,3696.0,0.7622336968689021,0.22531917684477265,2.135314843657093,2.0587403557280295,4306.997097746875
3,55,60,5,0.2225890596359277,0.3214873508185511,0.6923726829972789,5019.0,3724.5,0.7622336968689021,0.1251862484863614,2.135314843657093,2.024309960179684,4323.570919968816
3,55,61,6,0.29376162135476874,0.4293090887843578,0.6842660195864742,5019.0,3956.5,0.7622336968689021,0.18257820668925273,2.135314843657093,2.0012645811295764,4456.194957584329
3,55,62,7,0.4469903964632366,0.6440806593914697,0.6939975450987071,5019.0,4612.0,0.7622336968689021,0.36202740860958266,2.135314843657093,1.9546806722325958,4811.198187562013
3,56,60,4,0.182628517520655,0.2566727010280386,0.7115229503923945,4413.5,3724.5,0.6105831675744284,0.1251862484863614,2.1139358097454437,2.024309960179684,4054.3903055823325
3,56,61,5,0.2543903815002163,0.36449437102460835,0.6979267767156861,4413.5,3956.5,0.6105831675744284,0.18257820668925273,2.1139358097454437,2.0012645811295764,4178.757321261908
3,56,62,6,0.4070547452128117,0.5792664468390577,0.7027072730244067,4413.5,4612.0,0.6105831675744284,0.36202740860958266,2.1139358097454437,1.9546806722325958,4511.658453384964
3,57,60,3,0.13493994226904318,0.19333513300718047,0.6979587215740634,4071.5,3724.5,0.4720314175186108,0.1251862484863614,2.0917802732855444,2.024309960179684,3894.136842741919
3,57,61,4,0.20621818979634765,0.3011576935716996,0.684751524527303,4071.5,3956.5,0.4720314175186108,0.18257820668925273,2.0917802732855444,2.0012645811295764,4013.588139059612
3,57,62,5,0.35931940563369386,0.5159322597758701,0.6964468664738825,4071.5,4612.0,0.4720314175186108,0.36202740860958266,2.0917802732855444,1.9546806722325958,4333.3310512814505
3,58,61,3,0.18249936824960636,0.23684831258553116,0.7705326935090653,3810.0,3956.5,0.34427765006434546,0.18257820668925273,2.0852666619841127,2.0012645811295764,3882.559078752054
3,58,62,4,0.3360175051399957,0.45162362399873063,0.7440210991729257,3810.0,4612.0,0.34427765006434546,0.36202740860958266,2.0852666619841127,1.9546806722325958,4191.8635473975055
3,59,62,3,0.31977777201320867,0.3874773056319334,0.8252812935500464,3696.0,4612.0,0.22531917684477265,0.36202740860958266,2.0587403557280295,1.9546806722325958,4128.674363521541
4,65,68,3,0.23392057254153487,0.3239581088194792,0.7220704349520809,9133.0,10025.0,0.47426552324157856,0.18333087456763233,1.59619348423251,1.4691422967708652,9568.611445763696
4,65,69,4,0.30552864270956587,0.4291504908404598,0.7119382343271015,9133.0,10760.0,0.47426552324157856,0.08712030802985385,1.59619348423251,1.4166470597064569,9913.177089107205
4,65,70,5,0.38620398411197165,0.5438189728232726,0.7101701180210168,9133.0,11934.0,0.47426552324157856,0.18466608378367694,1.59619348423251,1.3817173200735011,10439.981896536028
4,65,71,6,0.5570214579551378,0.7699518071514326,0.7234497702082592,9133.0,18376.0,0.47426552324157856,0.6066463149840107,1.59619348423251,1.3094234602942378,12954.844962406922
4,65,72,7,0.5570214579551378,0.7699518071514324,0.7234497702082594,9133.0,18376.0,0.47426552324157856,0.6066463149840107,1.59619348423251,1.3094234602942378,12954.844962406922
4,66,69,3,0.22105833702246808,0.3209299676639748,0.6888055317224975,9256.5,10760.0,0.37544144392833234,0.08712030802985385,1.5633974028370843,1.4166470597064569,9979.976953881207
4,66,70,4,0.30063542930050846,0.4356061165843198,0.6901542881396038,9256.5,11934.0,0.37544144392833234,0.18466608378367694,1.5633974028370843,1.3817173200735011,10510.331631304503
4,66,71,5,0.471826999124126,0.6617043053541575,0.7130481021603671,9256.5,18376.0,0.37544144392833234,0.6066463149840107,1.5633974028370843,1.3094234602942378,13042.141081892958
4,66,72,6,0.471826999124126,0.6617043053541574,0.7130481021603672,9256.5,18376.0,0.37544144392833234,0.6066463149840107,1.5633974028370843,1.3094234602942378,13042.141081892958
4,67,70,3,0.23521486436718161,0.33165339436760427,0.7092189266317886,9584.0,11934.0,0.2793467169646562,0.18466608378367694,1.5081087193453058,1.3817173200735011,10694.64613720342
4,67,71,4,0.4062970677759373,0.5577340961174305,0.7284780876842641,9584.0,18376.0,0.2793467169646562,0.6066463149840107,1.5081087193453058,1.3094234602942378,13270.854682348081
4,67,72,5,0.4062970677759373,0.5577340961174304,0.7284780876842643,9584.0,18376.0,0.2793467169646562,0.6066463149840107,1.5081087193453058,1.3094234602942378,13270.854682348081
4,68,71,3,0.3244877185326755,0.44625139180437945,0.7271410789793553,10025.0,18376.0,0.18333087456763233,0.6066463149840107,1.4691422967708652,1.3094234602942378,13572.744748207711
4,68,72,4,0.3244877185326755,0.4462513918043792,0.7271410789793556,10025.0,18376.0,0.18333087456763233,0.6066463149840107,1.4691422967708652,1.3094234602942378,13572.744748207711
4,69,72,3,0.25259487277459064,0.3408972017998217,0.7409708012884099,10760.0,18376.0,0.08712030802985385,0.6066463149840107,1.4166470597064569,1.3094234602942378,14061.499208832605
7,70,73,3,0.2565325239240852,0.3402397015201823,0.7539758669488141,6653.0,5362.0,0.7207874135616974,0.22034970393722464,2.2902105054140107,2.086686863349429,5972.720150819056
7,70,74,4,0.34582961062604095,0.45236554411915153,0.7644914939298529,6653.0,5423.0,0.7207874135616974,0.09219657608844938,2.2902105054140107,2.021167043691933,6006.597955581845
7,70,75,5,0.4371501444563632,0.5678894835988915,0.7697803130390923,6653.0,5796.0,0.7207874135616974,0.11251493883669106,2.2902105054140107,1.9560194276485654,6209.733327607555
7,70,76,6,0.43836019140226057,0.5838813729572151,0.7507692687336032,6653.0,6033.5,0.7207874135616974,0.22296126503217498,2.2902105054140107,1.9524731608456662,6335.682717750314
7,70,77,7,0.47773157585539694,0.6017785240148952,0.7938661098573404,6653.0,6472.0,0.7207874135616974,0.34436972057809984,2.2902105054140107,1.9307389086431685,6561.875951281006
7,70,78,8,0.48514998134834114,0.6210919824688726,0.7811242054998762,6653.0,7087.0,0.7207874135616974,0.47346895216549145,2.2902105054140107,1.9257452270499553,6866.571997729289
7,70,79,9,0.4780538187563178,0.6356051649971124,0.7521238735662094,6653.0,8147.0,0.7207874135616974,0.6103407900570127,2.2902105054140107,1.9092244896102846,7362.20014669528
7,70,80,10,0.49753294960915795,0.6546095297929426,0.7600453812008068,6653.0,9460.5,0.7207874135616974,0.7593578085084329,2.2902105054140107,1.9046833363634648,7933.517914519384
7,71,74,3,0.1468059924948379,0.22603834356263286,0.64947384669787,5542.0,5423.0,0.3718077841780224,0.09219657608844938,2.1381843406506915,2.021167043691933,5482.17712227542
7,71,75,4,0.2469363247316404,0.3415673325407697,0.7229506489827037,5542.0,5796.0,0.3718077841780224,0.11251493883669106,2.1381843406506915,1.9560194276485654,5667.577260170346
7,71,76,5,0.25045236745445854,0.3575388993982396,0.7004898428562195,5542.0,6033.5,0.3718077841780224,0.22296126503217498,2.1381843406506915,1.9524731608456662,5782.53032849807
7,71,77,6,0.283824208737915,0.37544486437524655,0.7559677483142789,5542.0,6472.0,0.3718077841780224,0.34436972057809984,2.1381843406506915,1.9307389086431685,5988.975204490331
7,71,78,7,0.2896492390339909,0.3947917799774028,0.7336759621757322,5542.0,7087.0,0.3718077841780224,0.47346895216549145,2.1381843406506915,1.9257452270499553,6267.069011906603
7,71,79,8,0.2826721285428695,0.4092608277785428,0.6906894316693013,5542.0,8147.0,0.3718077841780224,0.6103407900570127,2.1381843406506915,1.9092244896102846,6719.425124220077
7,71,80,9,0.3034718470415579,0.4282911725027148,0.7085643284876114,5542.0,9460.5,0.3718077841780224,0.7593578085084329,2.1381843406506915,1.9046833363634648,7240.862586736473
7,72,75,3,0.2469363247316404,0.34156733254077,0.722950648982703,5542.0,5796.0,0.3718077841780224,0.11251493883669106,2.1381843406506915,1.9560194276485654,5667.577260170346
7,72,76,4,0.25045236745445854,0.3575388993982398,0.7004898428562192,5542.0,6033.5,0.3718077841780224,0.22296126503217498,2.1381843406506915,1.9524731608456662,5782.53032849807
7,72,77,5,0.283824208737915,0.37544486437524677,0.7559677483142785,5542.0,6472.0,0.3718077841780224,0.34436972057809984,2.1381843406506915,1.9307389086431685,5988.975204490331
7,72,78,6,0.2896492390339909,0.3947917799774031,0.7336759621757315,5542.0,7087.0,0.3718077841780224,0.47346895216549145,2.1381843406506915,1.9257452270499553,6267.069011906603
7,72,79,7,0.2826721285428695,0.409260827778543,0.6906894316693009,5542.0,8147.0,0.3718077841780224,0.6103407900570127,2.1381843406506915,1.9092244896102846,6719.425124220077
7,72,80,8,0.3034718470415579,0.4282911725027151,0.708564328487611,5542.0,9460.5,0.3718077841780224,0.7593578085084329,2.1381843406506915,1.9046833363634648,7240.862586736473
7,73,76,3,0.18825416521631333,0.2437101434439383,0.7724510870004812,5362.0,6033.5,0.22034970393722464,0.22296126503217498,2.086686863349429,1.9524731608456662,5687.849066211234
7,73,77,4,0.2230506226881808,0.26161860667710707,0.8525793540498159,5362.0,6472.0,0.22034970393722464,0.34436972057809984,2.086686863349429,1.9307389086431685,5890.913681255226
7,73,78,5,0.22954848463888586,0.2809851786799405,0.8169416113593514,5362.0,7087.0,0.22034970393722464,0.47346895216549145,2.086686863349429,1.9257452270499553,6164.4540715297735
7,73,79,6,0.22215044490302668,0.29543155660207,0.7519523217428363,5362.0,8147.0,0.22034970393722464,0.6103407900570127,2.086686863349429,1.9092244896102846,6609.403452657433
7,73,80,7,0.2423314495871737,0.3144728516674671,0.7705957709933644,5362.0,9460.5,0.22034970393722464,0.7593578085084329,2.086686863349429,1.9046833363634648,7122.303068530572
7,74,77,3,0.14422821884671508,0.14941423678235866,0.9652910054133751,5423.0,6472.0,0.09219657608844938,0.34436972057809984,2.021167043691933,1.9307389086431685,5924.327472380304
7,74,78,4,0.1474602653454306,0.16878846589659524,0.8736394667854206,5423.0,7087.0,0.09219657608844938,0.47346895216549145,2.021167043691933,1.9257452270499553,6199.419408299458
7,74,79,5,0.1388381515856741,0.18325668412632073,0.7576157576330015,5423.0,8147.0,0.09219657608844938,0.6103407900570127,2.021167043691933,1.9092244896102846,6646.8925822522515
7,74,80,6,0.1618124517519787,0.20225832916434744,0.8000286189474849,5423.0,9460.5,0.09219657608844938,0.7593578085084329,2.021167043691933,1.9046833363634648,7162.701410780712
6,71,74,3,0.1851900468695386,0.22603834356263286,0.8192859846286406,8748.0,7887.0,0.6668225120759466,0.348098007373482,1.9929396371895214,1.835016925923418,8306.351545654687
6,71,75,4,0.23732631137603963,0.3415673325407697,0.6948156008089919,8748.0,7854.0,0.6668225120759466,0.2130646299497134,1.9929396371895214,1.776855704663416,8288.956025941989
6,71,76,5,0.24587634418427373,0.3575388993982396,0.6876911703820173,8748.0,7724.0,0.6668225120759466,0.11921372053873842,1.9929396371895214,1.7697443667825723,8220.070072694029
6,71,77,6,0.2914504666128695,0.37544486437524655,0.7762803390528549,8748.0,7809.0,0.6668225120759466,0.10808654506475636,1.9929396371895214,1.746976649537029,8265.175860198015
6,71,78,7,0.2809856502681799,0.3947917799774028,0.7117312581438829,8748.0,8056.0,0.6668225120759466,0.19184505524655027,1.9929396371895214,1.7455027800516965,8394.87272089339
6,71,79,8,0.28943671084344025,0.4092608277785428,0.7072182119517649,8748.0,8519.5,0.6668225120759466,0.3015140531070952,1.9929396371895214,1.7379070441822833,8632.994034516647
6,71,80,9,0.30663962794079447,0.4282911725027148,0.7159606539377151,8748.0,9266.5,0.6668225120759466,0.4204257514710535,1.9929396371895214,1.7258823675543289,9003.518312304363
6,71,81,10,0.33733377774461254,0.4461134789407994,0.7561613662638912,8748.0,10453.0,0.6668225120759466,0.5472451322691548,1.9929396371895214,1.7083480448464488,9562.575176175087
6,71,82,11,0.32645489677868117,0.4632713298976011,0.7046732135373862,8748.0,11924.0,0.6668225120759466,0.6842772454675724,1.9929396371895214,1.7116665880282342,10213.28311562937
6,72,75,3,0.23732631137603963,0.34156733254077,0.6948156008089913,8748.0,7854.0,0.6668225120759466,0.2130646299497134,1.9929396371895214,1.776855704663416,8288.956025941989
6,72,76,4,0.24587634418427373,0.3575388993982398,0.6876911703820169,8748.0,7724.0,0.6668225120759466,0.11921372053873842,1.9929396371895214,1.7697443667825723,8220.070072694029
6,72,77,5,0.2914504666128695,0.37544486437524677,0.7762803390528544,8748.0,7809.0,0.6668225120759466,0.10808654506475636,1.9929396371895214,1.746976649537029,8265.175860198015
6,72,78,6,0.2809856502681799,0.3947917799774031,0.7117312581438824,8748.0,8056.0,0.6668225120759466,0.19184505524655027,1.9929396371895214,1.7455027800516965,8394.87272089339
6,72,79,7,0.28943671084344025,0.409260827778543,0.7072182119517646,8748.0,8519.5,0.6668225120759466,0.3015140531070952,1.9929396371895214,1.7379070441822833,8632.994034516647
6,72,80,8,0.30663962794079447,0.4282911725027151,0.7159606539377147,8748.0,9266.5,0.6668225120759466,0.4204257514710535,1.9929396371895214,1.7258823675543289,9003.518312304363
6,72,81,9,0.33733377774461254,0.4461134789407996,0.7561613662638909,8748.0,10453.0,0.6668225120759466,0.5472451322691548,1.9929396371895214,1.7083480448464488,9562.575176175087
6,72,82,10,0.32645489677868117,0.46327132989760134,0.7046732135373859,8748.0,11924.0,0.6668225120759466,0.6842772454675724,1.9929396371895214,1.7116665880282342,10213.28311562937
6,73,76,3,0.23333735448533305,0.2437101434439383,0.9574380088902974,8107.5,7724.0,0.4995376432366091,0.11921372053873842,1.933604067751427,1.7697443667825723,7913.427196859778
6,73,77,4,0.29879294658643785,0.26161860667710707,1.142093639215852,8107.5,7809.0,0.4995376432366091,0.10808654506475636,1.933604067751427,1.746976649537029,7956.8503504841665
6,73,78,5,0.2758159103297621,0.2809851786799405,0.9816030568784323,8107.5,8056.0,0.4995376432366091,0.19184505524655027,1.933604067751427,1.7455027800516965,8081.708977685351
6,73,79,6,0.28545201888141813,0.29543155660207,0.9662204747677184,8107.5,8519.5,0.4995376432366091,0.3015140531070952,1.933604067751427,1.7379070441822833,8310.947373795601
6,73,80,7,0.30703327035904204,0.3144728516674671,0.9763426913675465,8107.5,9266.5,0.4995376432366091,0.4204257514710535,1.933604067751427,1.7258823675543289,8667.649551637398
6,73,81,8,0.32839482646311974,0.33233033434589043,0.9881578433382653,8107.5,10453.0,0.4995376432366091,0.5472451322691548,1.933604067751427,1.7083480448464488,9205.851264277519
6,73,82,9,0.30232148287359256,0.3494374902469932,0.8651661350357753,8107.5,11924.0,0.4995376432366091,0.6842772454675724,1.933604067751427,1.7116665880282342,9832.285085370542
6,74,80,6,0.1220723517874808,0.20225832916434744,0.603546723103252,7887.0,9266.5,0.348098007373482,0.4204257514710535,1.835016925923418,1.7258823675543289,8548.969850221722
6,74,81,7,0.15469554369576538,0.22011727376913015,0.7027869328329848,7887.0,10453.0,0.348098007373482,0.5472451322691548,1.835016925923418,1.7083480448464488,9079.802365690566
6,74,82,8,0.15338838074768574,0.23724586454428298,0.6465376374097139,7887.0,11924.0,0.348098007373482,0.6842772454675724,1.835016925923418,1.7116665880282342,9697.658892743135
8,77,81,4,0.1335193651041503,0.07094641351093978,1.8819748384259327,6427.0,4769.0,0.6792850340287865,0.2186267668990871,2.356852676494422,2.3016959011890568,5536.276998127893
8,77,83,6,0.22314170406555114,0.10510707312149864,2.12299417573554,6427.0,4793.0,0.6792850340287865,0.19863131685887797,2.356852676494422,2.2916897475794578,5550.190176921868
8,77,84,7,0.21174418497965547,0.31165098201875857,0.6794272991153623,6427.0,5336.0,0.6792850340287865,0.1615836695648099,2.356852676494422,2.1657999374166406,5856.148222167878
8,77,85,8,0.41222163862597927,0.5185581988749266,0.7949380407451717,6427.0,6017.0,0.6792850340287865,0.12130384790401529,2.356852676494422,2.017552083020251,6218.621953455605
8,77,86,9,0.559364059192513,0.7249717899236242,0.7715666553748829,6427.0,6842.5,0.6792850340287865,0.07864681077893323,2.356852676494422,1.8827976171968568,6631.4966259510375
8,77,87,10,0.7495285433529586,0.9315999774754525,0.804560499651481,6427.0,7831.5,0.6792850340287865,0.04838954084515318,2.356852676494422,1.737341783546748,7094.578951565766
8,77,88,11,0.8758470334431738,1.1382557687131705,0.7694641727433045,6427.0,8916.5,0.6792850340287865,0.07522992698352556,2.356852676494422,1.6266930009053788,7570.095474959348
8,77,89,12,1.0443989576799737,1.3442874791035115,0.7769163768277231,6427.0,10335.5,0.6792850340287865,0.1426003895693881,2.356852676494422,1.5004808538039591,8150.230579560311
8,77,90,13,1.1812557241617956,1.5502864710202968,0.7619596418101814,6427.0,12297.0,0.6792850340287865,0.2292140102611531,2.356852676494422,1.3813457591919511,8890.04043860319
8,77,91,14,1.3186932941796448,1.7561139654392963,0.7509155556711095,6427.0,14470.0,0.6792850340287865,0.33562093677949795,2.356852676494422,1.2847717798575204,9643.582840417766
8,78,81,3,1.0285571603483723,0.05237903508677293,19.63681000698903,5690.0,4769.0,0.5413353648048752,0.2186267668990871,2.35445090282131,2.3016959011890568,5209.185157008724
8,78,82,4,0.928850841867596,0.06868306178001778,13.52372503198205,5690.0,4721.5,0.5413353648048752,0.17286277060983377,2.35445090282131,2.306224963579264,5183.178079132532
8,78,83,5,0.9767811668837828,0.08588602438979369,11.372993147880054,5690.0,4793.0,0.5413353648048752,0.19863131685887797,2.35445090282131,2.2916897475794578,5222.276323596828
8,78,84,6,0.9155579705250255,0.292362094010318,3.131589180958301,5690.0,5336.0,0.5413353648048752,0.1615836695648099,2.35445090282131,2.1657999374166406,5510.157892474589
8,78,85,7,1.009993634038888,0.4992665317940005,2.0229548141544877,5690.0,6017.0,0.5413353648048752,0.12130384790401529,2.35445090282131,2.017552083020251,5851.216112911913
8,78,86,8,1.0324995423070813,0.7056813102014629,1.4631243981965685,5690.0,6842.5,0.5413353648048752,0.07864681077893323,2.35445090282131,1.8827976171968568,6239.697508693831
8,78,87,9,1.185200392713055,0.9122978433510324,1.2991375583653721,5690.0,7831.5,0.5413353648048752,0.04838954084515318,2.35445090282131,1.737341783546748,6675.420211492307
8,78,88,10,1.2233485346044848,1.118953467523751,1.0932970584663906,5690.0,8916.5,0.5413353648048752,0.07522992698352556,2.35445090282131,1.6266930009053788,7122.842480358526
8,78,89,11,1.3554971720194948,1.3249731102817106,1.0230374952524843,5690.0,10335.5,0.5413353648048752,0.1426003895693881,2.35445090282131,1.5004808538039591,7668.702302215153
8,78,90,12,1.4493834918440762,1.5309739024061255,0.9467068573580391,5690.0,12297.0,0.5413353648048752,0.2292140102611531,2.35445090282131,1.3813457591919511,8364.803046097379
8,78,91,13,1.5555780545705922,1.7367898343173158,0.8956628049254141,5690.0,14470.0,0.5413353648048752,0.33562093677949795,2.35445090282131,1.2847717798575204,9073.824992802098
8,79,83,4,0.14595359301214159,0.07142027796306022,2.043587580093587,5229.5,4793.0,0.4172642382801068,0.19863131685887797,2.333679028095071,2.2916897475794578,5006.495131326905
8,79,84,5,0.1698665007617702,0.27787832445096156,0.6112981323656546,5229.5,5336.0,0.4172642382801068,0.1615836695648099,2.333679028095071,2.1657999374166406,5282.481613787217
8,79,85,6,0.356856941974059,0.48476590353830756,0.7361428255769625,5229.5,6017.0,0.4172642382801068,0.12130384790401529,2.333679028095071,2.017552083020251,5609.447521815317
8,79,86,7,0.5060521973046868,0.6911701782329958,0.7321672914164634,5229.5,6842.5,0.4172642382801068,0.07864681077893323,2.333679028095071,1.8827976171968568,5981.877109235863
8,79,87,8,0.6955546988046633,0.8978025840441277,0.7747301145777011,5229.5,7831.5,0.4172642382801068,0.04838954084515318,2.333679028095071,1.737341783546748,6399.596022406415
8,79,88,9,0.8226487750080212,1.1044557362400966,0.7448454003313596,5229.5,8916.5,0.4172642382801068,0.07522992698352556,2.333679028095071,1.6266930009053788,6828.531082890375
8,79,89,10,0.9913261523925957,1.3104934900235046,0.7564525577115347,5229.5,10335.5,0.4172642382801068,0.1426003895693881,2.333679028095071,1.5004808538039591,7351.836318226896
8,79,90,11,1.1296852009107632,1.5164899200271849,0.7449341970505892,5229.5,12297.0,0.4172642382801068,0.2292140102611531,2.333679028095071,1.3813457591919511,8019.174614634601
8,79,91,12,1.2672886320746783,1.7223242111236947,0.7358014384805415,5229.5,14470.0,0.4172642382801068,0.33562093677949795,2.333679028095071,1.2847717798575204,8698.900217843633
8,81,84,3,0.1740058130861016,0.24115435999701212,0.7215536683154206,4769.0,5336.0,0.2186267668990871,0.1615836695648099,2.3016959011890568,2.1657999374166406,5044.540018673655
8,81,85,4,0.33027236274347266,0.4480211342694897,0.7371803191427353,4769.0,6017.0,0.2186267668990871,0.12130384790401529,2.3016959011890568,2.017552083020251,5356.778229495785
8,81,86,5,0.4835225728221005,0.6544245062875194,0.7388515683269147,4769.0,6842.5,0.2186267668990871,0.07864681077893323,2.3016959011890568,1.8827976171968568,5712.432275309704
8,81,87,6,0.6609646980887641,0.8610252252238547,0.7676484715263974,4769.0,7831.5,0.2186267668990871,0.04838954084515318,2.3016959011890568,1.737341783546748,6111.335655975705
8,81,88,7,0.7933427642077358,1.0676736640137894,0.7430573507126326,4769.0,8916.5,0.2186267668990871,0.07522992698352556,2.3016959011890568,1.6266930009053788,6520.949969137932
8,81,89,8,0.9586469846143272,1.2737086707784537,0.7526422694668711,4769.0,10335.5,0.2186267668990871,0.1426003895693881,2.3016959011890568,1.5004808538039591,7020.683691778173
8,81,90,9,1.096703980629439,1.4797022399313158,0.7411653176117009,4769.0,12297.0,0.2186267668990871,0.2292140102611531,2.3016959011890568,1.3813457591919511,7657.962718634768
8,81,91,10,1.233979692056203,1.685533300315747,0.7321004526134514,4769.0,14470.0,0.2186267668990871,0.33562093677949795,2.3016959011890568,1.2847717798575204,8307.071084323283
8,82,85,3,0.3296809153854991,0.4307304787008284,0.7653995518958502,4721.5,6017.0,0.17286277060983377,0.12130384790401529,2.306224963579264,2.017552083020251,5330.034286944128
8,82,86,4,0.47744295205761256,0.6371422069812005,0.7493506894163424,4721.5,6842.5,0.17286277060983377,0.07864681077893323,2.306224963579264,1.8827976171968568,5683.912714847053
8,82,87,5,0.6685211479024028,0.8437735643134654,0.7922992330843449,4721.5,7831.5,0.17286277060983377,0.04838954084515318,2.306224963579264,1.737341783546748,6080.824553463124
8,82,88,6,0.794514111841921,1.0504293596630316,0.7563708159269216,4721.5,8916.5,0.17286277060983377,0.07522992698352556,2.306224963579264,1.6266930009053788,6488.393849790563
8,82,89,7,0.9635628429208637,1.256460678505966,0.7668865881792801,4721.5,10335.5,0.17286277060983377,0.1426003895693881,2.306224963579264,1.5004808538039591,6985.632630621224
8,82,90,8,1.1017413818963704,1.4624597657312244,0.7533481656813333,4721.5,12297.0,0.17286277060983377,0.2292140102611531,2.306224963579264,1.3813457591919511,7619.730014902103
8,82,91,9,1.2393177283310963,1.6682875626703788,0.7428681697700587,4721.5,14470.0,0.17286277060983377,0.33562093677949795,2.306224963579264,1.2847717798575204,8265.597679538969
8,83,86,3,0.42149878072881136,0.6198719691903141,0.6799771592823907,4793.0,6842.5,0.19863131685887797,0.07864681077893323,2.2916897475794578,1.8827976171968568,5726.788148692075
8,83,87,4,0.603476321087546,0.8264973977366316,0.730161187125537,4793.0,7831.5,0.19863131685887797,0.04838954084515318,2.2916897475794578,1.737341783546748,6126.694010639017
8,83,88,5,0.729897856266503,1.0331535725577325,0.7064756640772458,4793.0,8916.5,0.19863131685887797,0.07522992698352556,2.2916897475794578,1.6266930009053788,6537.337722651324
8,83,89,6,0.8967609742424705,1.2391833272368487,0.7236709488676569,4793.0,10335.5,0.19863131685887797,0.1426003895693881,2.2916897475794578,1.5004808538039591,7038.327322595902
8,83,90,7,1.037038259912973,1.4451827962470627,0.7175827601920091,4793.0,12297.0,0.19863131685887797,0.2292140102611531,2.2916897475794578,1.3813457591919511,7677.207890893668
8,83,91,8,1.1740085212317501,1.6510087127601343,0.7110856000687352,4793.0,14470.0,0.19863131685887797,0.33562093677949795,2.2916897475794578,1.2847717798575204,8327.947526251592
8,84,87,3,0.542753524284393,0.6199516132246395,0.875477235168878,5336.0,7831.5,0.1615836695648099,0.04838954084515318,2.1657999374166406,1.737341783546748,6464.432225648282
8,84,88,4,0.6660352915756886,0.8266078492880993,0.8057451815262814,5336.0,8916.5,0.1615836695648099,0.07522992698352556,2.1657999374166406,1.6266930009053788,6897.712954305942
8,84,89,5,0.835184652720383,1.0326372201833056,0.8087880587648464,5336.0,10335.5,0.1615836695648099,0.1426003895693881,2.1657999374166406,1.5004808538039591,7426.31995001562
8,84,90,6,0.9715703430709974,1.2386365939824107,0.7843869200951399,5336.0,12297.0,0.1615836695648099,0.2292140102611531,2.1657999374166406,1.3813457591919511,8100.419248409306
8,84,91,7,1.1089155576909608,1.444463047155039,0.767700883643261,5336.0,14470.0,0.1615836695648099,0.33562093677949795,2.1657999374166406,1.2847717798575204,8787.031353079377
8,85,88,3,0.46657975233795435,0.6196989758558787,0.7529135443439319,6017.0,8916.5,0.12130384790401529,0.07522992698352556,2.017552083020251,1.6266930009053788,7324.655657435372
8,85,89,4,0.6346267083104548,0.8257314359408563,0.7685630953208743,6017.0,10335.5,0.12130384790401529,0.1426003895693881,2.017552083020251,1.5004808538039591,7885.981454454481
8,85,90,5,0.7731741810678261,1.0317298170534825,0.7493959836073503,6017.0,12297.0,0.12130384790401529,0.2292140102611531,2.017552083020251,1.3813457591919511,8601.804985001694
8,85,91,6,0.910779908729418,1.2375608246684875,0.7359475918877716,6017.0,14470.0,0.12130384790401529,0.33562093677949795,2.017552083020251,1.2847717798575204,9330.915817860538
8,86,89,3,0.4874885027983388,0.619335208074612,0.787115759676964,6842.5,10335.5,0.07864681077893323,0.1426003895693881,1.8827976171968568,1.5004808538039591,8409.55758348797
8,86,90,4,0.6250803731710982,0.8253295451312685,0.7573706489226425,6842.5,12297.0,0.07864681077893323,0.2292140102611531,1.8827976171968568,1.3813457591919511,9172.90698197687
8,86,91,5,0.7625170124085204,1.031167372522654,0.7394696852588482,6842.5,14470.0,0.07864681077893323,0.33562093677949795,1.8827976171968568,1.2847717798575204,9950.425870283141
8,87,90,3,0.43703115832357436,0.6186876154128306,0.7063842033300721,7831.5,12297.0,0.04838954084515318,0.2292140102611531,1.737341783546748,1.3813457591919511,9813.45787681386
8,87,91,4,0.5742996039558208,0.8245237951817751,0.6965227775254325,7831.5,14470.0,0.04838954084515318,0.33562093677949795,1.737341783546748,1.2847717798575204,10645.271485500029
8,88,91,3,0.44557464465873453,0.617879168529041,0.7211355672007771,8916.5,14470.0,0.07522992698352556,0.33562093677949795,1.6266930009053788,1.2847717798575204,11358.774361699418
5,80,84,4,0.1934066065035601,0.258820864615729,0.7472604915013734,8324.5,6800.5,0.7670083223185618,0.46548143311753193,2.007488417716288,1.8836724797689604,7524.012377049894
5,80,85,5,0.3504479116342021,0.46572668532099853,0.7524754811776752,8324.5,7684.0,0.7670083223185618,0.5588050419652779,2.007488417716288,1.7974801001625773,7997.840833625035
5,80,86,6,0.5040299006828113,0.6721413653058463,0.7498867451097303,8324.5,8821.0,0.7670083223185618,0.6689818713917006,2.007488417716288,1.710035453691913,8569.154829970106
5,81,84,3,0.18449008092107486,0.24115435999701212,0.7650290084880103,7314.0,6800.5,0.6288096061380689,0.46548143311753193,1.996056165394617,1.8836724797689604,7052.578039270463
5,81,85,4,0.34407145293566865,0.4480211342694897,0.7679804067651547,7314.0,7684.0,0.6288096061380689,0.5588050419652779,1.996056165394617,1.7974801001625773,7496.717681759131
5,81,86,5,0.4966056904150211,0.6544245062875194,0.7588433587736688,7314.0,8821.0,0.6288096061380689,0.6689818713917006,1.996056165394617,1.710035453691913,8032.234682826443
5,82,85,3,0.3188492766061461,0.4307304787008284,0.7402524139175407,6559.5,7684.0,0.5025511003809118,0.5588050419652779,1.9832660972036327,1.7974801001625773,7099.520969755636
5,82,86,4,0.47011288156050873,0.6371422069812005,0.7378460827260497,6559.5,8821.0,0.5025511003809118,0.6689818713917006,1.9832660972036327,1.710035453691913,7606.664807916804
5,83,86,3,0.4566503054061237,0.6198719691903141,0.7366848770442179,5952.5,8821.0,0.3857103667492023,0.6689818713917006,1.9912971251529705,1.710035453691913,7246.17157539069
12,92,95,3,0.31398687720172463,0.410497743441419,0.7648930651101931,2557.5,3669.0,0.2662018631343548,0.29492689143379447,2.3349764361366936,2.08516199031826,3063.244603357688
12,92,96,4,0.41787146801101727,0.5535431266208455,0.7549031826335768,2557.5,3994.0,0.2662018631343548,0.2117043053601222,2.3349764361366936,2.004709028919796,3196.037390269394
12,92,97,5,0.5283451235421069,0.6986002973977407,0.7562910086213422,2557.5,4427.5,0.2662018631343548,0.1362628114467876,2.3349764361366936,1.9190311821322776,3365.0157874815386
12,92,98,6,0.6340863017832266,0.8420741103590133,0.7530053400084794,2557.5,4945.0,0.2662018631343548,0.07725723559979514,2.3349764361366936,1.8430293740557886,3556.239235484587
12,92,99,7,0.7427519330264957,0.9853607156946408,0.7537868327771567,2557.5,5595.0,0.2662018631343548,0.06668916920548273,2.3349764361366936,1.7719927070448394,3782.751974422854
12,92,100,8,0.8437972285184915,1.1256983241005187,0.7495766942646216,2557.5,6386.0,0.2662018631343548,0.11060261156708706,2.3349764361366936,1.6891124389280137,4041.3110496471313
12,92,101,9,0.956785859394249,1.2690450502982573,0.7539416029158148,2557.5,7377.0,0.2662018631343548,0.16461052405323334,2.3349764361366936,1.620744596791985,4343.57888152155
12,92,102,10,1.0519373987822438,1.4107947827719662,0.745634596631673,2557.5,8482.5,0.2662018631343548,0.21750653363425776,2.3349764361366936,1.5525507671081018,4657.681155897213
12,92,103,11,1.1605171331965303,1.5568547635304877,0.7454241464148008,2557.5,9708.5,0.2662018631343548,0.2660502900994806,2.3349764361366936,1.495348494780153,4982.919701339768
12,92,104,12,1.3846975184511272,1.867133094754364,0.7416169325804248,2557.5,12523.5,0.2662018631343548,0.3436690624973452,2.3349764361366936,1.3950192102267345,5659.403789269679
12,92,105,13,1.45782853531752,2.024019606827614,0.7202640381544898,2557.5,13964.0,0.2662018631343548,0.3718868053508557,2.3349764361366936,1.3471323368016728,5976.029618400498
12,92,106,14,1.45782853531752,2.0239604756325074,0.7202850810917809,2557.5,13964.0,0.2662018631343548,0.3718868053508557,2.3349764361366936,1.3471323368016728,5976.029618400498
12,92,107,15,1.5633401481489198,2.18473758576653,0.7155734209609486,2557.5,15309.5,0.2662018631343548,0.3920305942555303,2.3349764361366936,1.3094533685491392,6257.319414094185
12,92,108,16,1.6804798343788538,2.3330738299457714,0.7202857504161855,2557.5,16336.0,0.2662018631343548,0.4041887332479342,2.3349764361366936,1.2867268524960043,6463.69244317828
12,92,109,17,1.7866739445042374,2.8199370013294027,0.6335864750389621,2557.5,17150.0,0.2662018631343548,0.40992191845336423,2.3349764361366936,1.267378587746305,6622.7732106724
12,92,110,18,1.8691843554039398,2.860129665369143,0.6535313339238741,2557.5,17487.0,0.2662018631343548,0.40854791213926567,2.3349764361366936,1.2623476053754792,6687.525887800361
12,92,111,19,2.011689770706939,2.9148872822999365,0.6901432459918839,2557.5,17522.0,0.2662018631343548,0.4017063590326152,2.3349764361366936,1.258904875284309,6694.215039868379
12,92,112,20,2.1112182971265137,2.981541275210339,0.7080962838515705,2557.5,17134.0,0.2662018631343548,0.39305464718671645,2.3349764361366936,1.2645470360732705,6619.683149517052
12,92,113,21,2.197466824617601,3.0630352840150055,0.7174147931254571,2557.5,16345.5,0.2662018631343548,0.3837700074042864,2.3349764361366936,1.2847145075075797,6465.571610461058
12,92,114,22,2.310059316654049,3.1563667778264484,0.7318729030105977,2557.5,15369.0,0.2662018631343548,0.37666805692980654,2.3349764361366936,1.308844234300202,6269.467082615555
12,92,115,23,2.4318712077766365,3.264257348857164,0.7449998415805203,2557.5,14306.0,0.2662018631343548,0.37642964376657617,2.3349764361366936,1.338793984804321,6048.768056389665
12,92,116,24,2.4296442840260695,3.2735473932543924,0.742205318008438,2557.5,15205.5,0.2662018631343548,0.4773779401064703,2.3349764361366936,1.345114321760649,6236.029686427094
12,92,117,25,2.4214680595252314,3.2856942327490426,0.7369730376582428,2557.5,16618.0,0.2662018631343548,0.5872416803770887,2.3349764361366936,1.3537817755887382,6519.243437700421
12,92,118,26,2.460330201148682,3.297222464573305,0.7461826514842318,2557.5,18421.0,0.2662018631343548,0.7068951223631207,2.3349764361366936,1.3509846571769346,6863.796871994392
12,93,96,3,0.41787146801101727,0.5535431266208468,0.754903182633575,2557.5,3994.0,0.2662018631343548,0.2117043053601222,2.3349764361366936,2.004709028919796,3196.037390269394
12,93,97,4,0.5283451235421069,0.6986002973977423,0.7562910086213405,2557.5,4427.5,0.2662018631343548,0.1362628114467876,2.3349764361366936,1.9190311821322776,3365.0157874815386
12,93,98,5,0.6340863017832266,0.8420741103590154,0.7530053400084775,2557.5,4945.0,0.2662018631343548,0.07725723559979514,2.3349764361366936,1.8430293740557886,3556.239235484587
12,93,99,6,0.7427519330264957,0.9853607156946423,0.7537868327771555,2557.5,5595.0,0.2662018631343548,0.06668916920548273,2.3349764361366936,1.7719927070448394,3782.751974422854
12,93,100,7,0.8437972285184915,1.1256983241005203,0.7495766942646206,2557.5,6386.0,0.2662018631343548,0.11060261156708706,2.3349764361366936,1.6891124389280137,4041.3110496471313
12,93,101,8,0.956785859394249,1.2690450502982589,0.7539416029158139,2557.5,7377.0,0.2662018631343548,0.16461052405323334,2.3349764361366936,1.620744596791985,4343.57888152155
12,93,102,9,1.0519373987822438,1.4107947827719678,0.7456345966316722,2557.5,8482.5,0.2662018631343548,0.21750653363425776,2.3349764361366936,1.5525507671081018,4657.681155897213
12,93,103,10,1.1605171331965303,1.5568547635304897,0.7454241464147998,2557.5,9708.5,0.2662018631343548,0.2660502900994806,2.3349764361366936,1.495348494780153,4982.919701339768
12,93,104,11,1.3846975184511272,1.8671330947543658,0.7416169325804242,2557.5,12523.5,0.2662018631343548,0.3436690624973452,2.3349764361366936,1.3950192102267345,5659.403789269679
12,93,105,12,1.45782853531752,2.024019606827615,0.7202640381544895,2557.5,13964.0,0.2662018631343548,0.3718868053508557,2.3349764361366936,1.3471323368016728,5976.029618400498
12,93,106,13,1.45782853531752,2.023960475632509,0.7202850810917802,2557.5,13964.0,0.2662018631343548,0.3718868053508557,2.3349764361366936,1.3471323368016728,5976.029618400498
12,93,107,14,1.5633401481489198,2.184737585766532,0.715573420960948,2557.5,15309.5,0.2662018631343548,0.3920305942555303,2.3349764361366936,1.3094533685491392,6257.319414094185
12,93,108,15,1.6804798343788538,2.333073829945773,0.7202857504161849,2557.5,16336.0,0.2662018631343548,0.4041887332479342,2.3349764361366936,1.2867268524960043,6463.69244317828
12,93,109,16,1.7866739445042374,2.8199370013294045,0.6335864750389618,2557.5,17150.0,0.2662018631343548,0.40992191845336423,2.3349764361366936,1.267378587746305,6622.7732106724
12,93,110,17,1.8691843554039398,2.8601296653691444,0.6535313339238739,2557.5,17487.0,0.2662018631343548,0.40854791213926567,2.3349764361366936,1.2623476053754792,6687.525887800361
12,93,111,18,2.011689770706939,2.9148872822999374,0.6901432459918837,2557.5,17522.0,0.2662018631343548,0.4017063590326152,2.3349764361366936,1.258904875284309,6694.215039868379
12,93,112,19,2.1112182971265137,2.9815412752103403,0.7080962838515702,2557.5,17134.0,0.2662018631343548,0.39305464718671645,2.3349764361366936,1.2645470360732705,6619.683149517052
12,93,113,20,2.197466824617601,3.063035284015007,0.7174147931254568,2557.5,16345.5,0.2662018631343548,0.3837700074042864,2.3349764361366936,1.2847145075075797,6465.571610461058
12,93,114,21,2.310059316654049,3.1563667778264493,0.7318729030105975,2557.5,15369.0,0.2662018631343548,0.37666805692980654,2.3349764361366936,1.308844234300202,6269.467082615555
12,93,115,22,2.4318712077766365,3.264257348857166,0.7449998415805199,2557.5,14306.0,0.2662018631343548,0.37642964376657617,2.3349764361366936,1.338793984804321,6048.768056389665
12,93,116,23,2.4296442840260695,3.2735473932543937,0.7422053180084377,2557.5,15205.5,0.2662018631343548,0.4773779401064703,2.3349764361366936,1.345114321760649,6236.029686427094
12,93,117,24,2.4214680595252314,3.285694232749044,0.7369730376582425,2557.5,16618.0,0.2662018631343548,0.5872416803770887,2.3349764361366936,1.3537817755887382,6519.243437700421
12,93,118,25,2.460330201148682,3.2972224645733066,0.7461826514842314,2557.5,18421.0,0.2662018631343548,0.7068951223631207,2.3349764361366936,1.3509846571769346,6863.796871994392
12,94,97,3,0.3760348080170951,0.49368393415573725,0.7616914021319385,3031.0,4427.5,0.27570426746949384,0.1362628114467876,2.213329394241286,1.9190311821322776,3663.298035923367
12,94,98,4,0.48167899888472976,0.637156310114127,0.7559824665292129,3031.0,4945.0,0.27570426746949384,0.07725723559979514,2.213329394241286,1.8430293740557886,3871.471942297916
12,94,99,5,0.5903449416584208,0.7804483594941579,0.7564176853943914,3031.0,5595.0,0.27570426746949384,0.06668916920548273,2.213329394241286,1.7719927070448394,4118.063258377656
12,94,100,6,0.6914134769457625,0.9207864496454585,0.7508944959083463,3031.0,6386.0,0.27570426746949384,0.11060261156708706,2.213329394241286,1.6891124389280137,4399.541567027183
12,94,101,7,0.8044601687468039,1.0641362470673215,0.7559747832703143,3031.0,7377.0,0.27570426746949384,0.16461052405323334,2.213329394241286,1.620744596791985,4728.603070675313
12,94,102,8,0.8998894376476565,1.2059071632814604,0.746234424214645,3031.0,8482.5,0.27570426746949384,0.21750653363425776,2.213329394241286,1.5525507671081018,5070.548047302185
12,94,103,9,1.0082931580637704,1.3519646961200373,0.7457984376052426,3031.0,9708.5,0.27570426746949384,0.2660502900994806,2.213329394241286,1.495348494780153,5424.616438053477
12,94,104,10,1.2323716016700332,1.6622338420077212,0.7413948450126121,3031.0,12523.5,0.27570426746949384,0.3436690624973452,2.213329394241286,1.3950192102267345,6161.065532844136
12,94,105,11,1.305759685129273,1.8191086503341136,0.7178019217760553,3031.0,13964.0,0.27570426746949384,0.3718868053508557,2.213329394241286,1.3471323368016728,6505.757757555994
12,94,106,12,1.305759685129273,1.8190494656360197,0.7178252762206893,3031.0,13964.0,0.27570426746949384,0.3718868053508557,2.213329394241286,1.3471323368016728,6505.757757555994
12,94,107,13,1.4111273257931958,1.9798239252649839,0.7127539513920802,3031.0,15309.5,0.27570426746949384,0.3920305942555303,2.213329394241286,1.3094533685491392,6811.981686704685
12,94,108,14,1.5281538696431154,2.128167820462954,0.7180607915172246,3031.0,16336.0,0.27570426746949384,0.4041887332479342,2.213329394241286,1.2867268524960043,7036.648065663083
12,94,109,15,1.6343419081511827,2.6163850596958604,0.6246564901043906,3031.0,17150.0,0.27570426746949384,0.40992191845336423,2.213329394241286,1.267378587746305,7209.830095085459
12,94,110,16,1.716957073669627,2.6561637598354815,0.6464048262506121,3031.0,17487.0,0.27570426746949384,0.40854791213926567,2.213329394241286,1.2623476053754792,7280.322589006616
12,94,111,17,1.8594400552749264,2.7106108051783218,0.6859856279339963,3031.0,17522.0,0.27570426746949384,0.4017063590326152,2.213329394241286,1.258904875284309,7287.604681923958
12,94,112,18,1.9589368784812202,2.77693553758116,0.7054311675479314,3031.0,17134.0,0.27570426746949384,0.39305464718671645,2.213329394241286,1.2645470360732705,7206.46612425258
12,94,113,19,2.045162709862891,2.8582039757358544,0.7155412025260922,3031.0,16345.5,0.27570426746949384,0.3837700074042864,2.213329394241286,1.2847145075075797,7038.693806381977
12,94,114,20,2.157752595235301,2.9514521775413667,0.7310816728302075,3031.0,15369.0,0.27570426746949384,0.37666805692980654,2.213329394241286,1.308844234300202,6825.206150732738
12,94,115,21,2.279635415517174,3.0594179490459945,0.7451206253882452,3031.0,14306.0,0.27570426746949384,0.37642964376657617,2.213329394241286,1.338793984804321,6584.943887384311
12,94,116,22,2.2773220088752666,3.0687180407921013,0.7421085869092885,3031.0,15205.5,0.27570426746949384,0.4773779401064703,2.213329394241286,1.345114321760649,6788.804791714076
12,94,117,23,2.269212264993644,3.080883578891757,0.7365459313493163,3031.0,16618.0,0.27570426746949384,0.5872416803770887,2.213329394241286,1.3537817755887382,7097.12322000964
12,94,118,24,2.3080484795130136,3.092421818751325,0.7463562912141689,3031.0,18421.0,0.27570426746949384,0.7068951223631207,2.213329394241286,1.3509846571769346,7472.218612968975
12,95,98,3,0.32035861541322513,0.431583632399704,0.7422862948531151,3669.0,4945.0,0.29492689143379447,0.07725723559979514,2.08516199031826,1.8430293740557886,4259.484123693854
12,95,99,4,0.4290253285485178,0.5748868304231413,0.7462778860888792,3669.0,5595.0,0.29492689143379447,0.06668916920548273,2.08516199031826,1.7719927070448394,4530.789666272315
12,95,100,5,0.5301636875579013,0.715230536695471,0.7412486748781436,3669.0,6386.0,0.29492689143379447,0.11060261156708706,2.08516199031826,1.6891124389280137,4840.478695335824
12,95,101,6,0.643161219109242,0.8585892064057553,0.7490907343241099,3669.0,7377.0,0.29492689143379447,0.16461052405323334,2.08516199031826,1.620744596791985,5202.51987021674
12,95,102,7,0.7387082834277888,1.0003923638229715,0.7384185547007134,3669.0,8482.5,0.29492689143379447,0.21750653363425776,2.08516199031826,1.5525507671081018,5578.735743876026
12,95,103,8,0.8470328669224135,1.1464468619859778,0.7388330807195961,3669.0,9708.5,0.29492689143379447,0.2660502900994806,2.08516199031826,1.495348494780153,5968.290081757085
12,95,104,9,1.0710653896868614,1.4567028274116203,0.7352669120509715,3669.0,12523.5,0.29492689143379447,0.3436690624973452,2.08516199031826,1.3950192102267345,6778.548627840623
12,95,105,10,1.1445538264577868,1.6135566787081612,0.7093359914534484,3669.0,13964.0,0.29492689143379447,0.3718868053508557,2.08516199031826,1.3471323368016728,7157.787088199816
12,95,106,11,1.1445538264577868,1.6134973710538745,0.7093620646621868,3669.0,13964.0,0.29492689143379447,0.3718868053508557,2.08516199031826,1.3471323368016728,7157.787088199816
12,95,107,12,1.2498999609106833,1.7742596251977765,0.7044628323610516,3669.0,15309.5,0.29492689143379447,0.3920305942555303,2.08516199031826,1.3094533685491392,7494.701828625339
12,95,108,13,1.3668898614536633,1.922604483847326,0.7109573877193808,3669.0,16336.0,0.29492689143379447,0.4041887332479342,2.08516199031826,1.2867268524960043,7741.885041771157
12,95,109,14,1.4730749519504025,2.412222413683515,0.6106712812194568,3669.0,17150.0,0.29492689143379447,0.40992191845336423,2.08516199031826,1.267378587746305,7932.423967489382
12,95,110,15,1.5556749550745774,2.4515445296405933,0.6345693240590029,3669.0,17487.0,0.29492689143379447,0.40854791213926567,2.08516199031826,1.2623476053754792,8009.9814606527025
12,95,111,16,1.6981541489039784,2.5056542640376622,0.6777288364467084,3669.0,17522.0,0.29492689143379447,0.4017063590326152,2.08516199031826,1.258904875284309,8017.993389870062
12,95,112,17,1.7976521427828112,2.5716328334458542,0.699031416694914,3669.0,17134.0,0.29492689143379447,0.39305464718671645,2.08516199031826,1.2645470360732705,7928.72284797495
12,95,113,18,1.883861029056295,2.6526817756346306,0.7101722665567746,3669.0,16345.5,0.29492689143379447,0.3837700074042864,2.08516199031826,1.2847145075075797,7744.135813633436
12,95,114,19,1.9964517313813226,2.7458778383941165,0.7270723057908928,3669.0,15369.0,0.29492689143379447,0.37666805692980654,2.08516199031826,1.308844234300202,7509.251693744191
12,95,115,20,2.118349879840499,2.853976618479364,0.7422450016318576,3669.0,14306.0,0.29492689143379447,0.37642964376657617,2.08516199031826,1.338793984804321,7244.90952324458
12,95,116,21,2.11602084772247,2.863291008104352,0.739017040787407,3669.0,15205.5,0.29492689143379447,0.4773779401064703,2.08516199031826,1.345114321760649,7469.202065816669
12,95,117,22,2.107901187814602,2.875482430461145,0.7330600129859097,3669.0,16618.0,0.29492689143379447,0.5872416803770887,2.08516199031826,1.3537817755887382,7808.421223269144
12,95,118,23,2.1467565486504934,2.8870344644420176,0.7435853555234232,3669.0,18421.0,0.29492689143379447,0.7068951223631207,2.08516199031826,1.3509846571769346,8221.109961556285
12,96,99,3,0.3249902524774644,0.43184797590559126,0.752557081681245,3994.0,5595.0,0.2117043053601222,0.06668916920548273,2.004709028919796,1.7719927070448394,4727.201074631796
12,96,100,4,0.42670573274933077,0.5721869746348555,0.7457452749979769,3994.0,6386.0,0.2117043053601222,0.11060261156708706,2.004709028919796,1.6891124389280137,5050.315237685663
12,96,101,5,0.5392500535185665,0.7155457998861341,0.7536205978770026,3994.0,7377.0,0.2117043053601222,0.16461052405323334,2.004709028919796,1.620744596791985,5428.05103144766
12,96,102,6,0.6345521658229142,0.857374085310038,0.7401112031435515,3994.0,8482.5,0.2117043053601222,0.21750653363425776,2.004709028919796,1.5525507671081018,5820.576002424502
12,96,103,7,0.7430608170656207,1.0034210953297742,0.7405274022282876,3994.0,9708.5,0.2117043053601222,0.2660502900994806,2.004709028919796,1.495348494780153,6227.017664982171
12,96,104,8,0.9671321856495239,1.3136624724849875,0.7362105608604697,3994.0,12523.5,0.2117043053601222,0.3436690624973452,2.004709028919796,1.3950192102267345,7072.40121882236
12,96,105,9,1.040461463288776,1.4705068762291647,0.7075529398113675,3994.0,13964.0,0.2117043053601222,0.3718868053508557,2.004709028919796,1.3471323368016728,7468.079806750862
12,96,106,10,1.040461463288776,1.4704475462208644,0.7075814883453834,3994.0,13964.0,0.2117043053601222,0.3718868053508557,2.004709028919796,1.3471323368016728,7468.079806750862
12,96,107,11,1.1460797547198625,1.6312119990882734,0.7025939947477312,3994.0,15309.5,0.2117043053601222,0.3920305942555303,2.004709028919796,1.3094533685491392,7819.599925827408
12,96,108,12,1.2631525610886085,1.7795694021083757,0.709807979161738,3994.0,16336.0,0.2117043053601222,0.4041887332479342,2.004709028919796,1.2867268524960043,8077.498622717308
12,96,109,13,1.3693351674960839,2.270584847946117,0.6030759734588784,3994.0,17150.0,0.2117043053601222,0.40992191845336423,2.004709028919796,1.267378587746305,8276.297481362062
12,96,110,14,1.451650386909824,2.309492705592939,0.6285581172845175,3994.0,17487.0,0.2117043053601222,0.40854791213926567,2.004709028919796,1.2623476053754792,8357.21712054916
12,96,111,15,1.5941675072960952,2.363289214143625,0.6745545563172922,3994.0,17522.0,0.2117043053601222,0.4017063590326152,2.004709028919796,1.258904875284309,8365.57636986239
12,96,112,16,1.6937401489973873,2.428933083905019,0.6973185717715801,3994.0,17134.0,0.2117043053601222,0.39305464718671645,2.004709028919796,1.2645470360732705,8272.435916947317
12,96,113,17,1.7799150308839595,2.5097440599708354,0.7092018103649355,3994.0,16345.5,0.2117043053601222,0.3837700074042864,2.004709028919796,1.2847145075075797,8079.846966372568
12,96,114,18,1.8925158742191643,2.6028343789230206,0.7270980779815249,3994.0,15369.0,0.2117043053601222,0.37666805692980654,2.004709028919796,1.308844234300202,7834.780532982401
12,96,115,19,2.0143436796488117,2.71097017738147,0.7430342452510743,3994.0,14306.0,0.2117043053601222,0.37642964376657617,2.004709028919796,1.338793984804321,7558.979031588856
12,96,116,20,2.0121140260347943,2.720291705136293,0.7396684782869574,3994.0,15205.5,0.2117043053601222,0.4773779401064703,2.004709028919796,1.345114321760649,7792.99473886644
12,96,117,21,2.0037888189846846,2.7324968009223314,0.7333179011621614,3994.0,16618.0,0.2117043053601222,0.5872416803770887,2.004709028919796,1.3537817755887382,8146.919172300655
12,96,118,22,2.0428149689224653,2.74405615179549,0.7444508624890243,3994.0,18421.0,0.2117043053601222,0.7068951223631207,2.004709028919796,1.3509846571769346,8577.498120081404
12,97,100,3,0.3158719376470724,0.427109908132035,0.7395565676023256,4427.5,6386.0,0.1362628114467876,0.11060261156708706,1.9190311821322776,1.6891124389280137,5317.331567619232
12,97,101,4,0.42853804067602785,0.5704649905164617,0.7512083086607252,4427.5,7377.0,0.1362628114467876,0.16461052405323334,1.9190311821322776,1.620744596791985,5715.038713779636
12,97,102,5,0.5240087848613412,0.7122999036977483,0.7356575259115785,4427.5,8482.5,0.1362628114467876,0.21750653363425776,1.9190311821322776,1.5525507671081018,6128.316959002692
12,97,103,6,0.6323908523771099,0.8583415824559552,0.7367589608878821,4427.5,9708.5,0.1362628114467876,0.2660502900994806,1.9190311821322776,1.495348494780153,6556.247688274139
12,97,104,7,0.8564543383141642,1.168580702473305,0.7329013190971541,4427.5,12523.5,0.1362628114467876,0.3436690624973452,1.9190311821322776,1.3950192102267345,7446.327702297287
12,97,105,8,0.9298782673265682,1.325435406846402,0.701564378409824,4427.5,13964.0,0.1362628114467876,0.3718868053508557,1.9190311821322776,1.3471323368016728,7862.926300048856
12,97,106,9,0.9298782673265682,1.3253760967140609,0.701595773178624,4427.5,13964.0,0.1362628114467876,0.3718868053508557,1.9190311821322776,1.3471323368016728,7862.926300048856
12,97,107,10,1.035368461167058,1.4861417422452676,0.6966821748797797,4427.5,15309.5,0.1362628114467876,0.3920305942555303,1.9190311821322776,1.3094533685491392,8233.031716810036
12,97,108,11,1.152407377943422,1.63451056650026,0.7050473710983127,4427.5,16336.0,0.1362628114467876,0.4041887332479342,1.9190311821322776,1.2867268524960043,8504.565832539602
12,97,109,12,1.2585924249758116,2.12734031895714,0.5916272134553422,4427.5,17150.0,0.1362628114467876,0.40992191845336423,1.9190311821322776,1.267378587746305,8713.875429451582
12,97,110,13,1.3410199576502564,2.1657348196323216,0.6191985950883508,4427.5,17487.0,0.1362628114467876,0.40854791213926567,1.9190311821322776,1.2623476053754792,8799.073388715427
12,97,111,14,1.4835210733952149,2.2191426428430514,0.6685109126174079,4427.5,17522.0,0.1362628114467876,0.4017063590326152,1.9190311821322776,1.258904875284309,8807.87460174133
12,97,112,15,1.5830626443820008,2.284361693527005,0.692999995958515,4427.5,17134.0,0.1362628114467876,0.39305464718671645,1.9190311821322776,1.2645470360732705,8709.809699413645
12,97,113,16,1.6692552518305936,2.3648538985330703,0.7058597796954985,4427.5,16345.5,0.1362628114467876,0.3837700074042864,1.9190311821322776,1.2847145075075797,8507.038335989793
12,97,114,17,1.7818526739936231,2.4577779271791393,0.7249852211174772,4427.5,15369.0,0.1362628114467876,0.37666805692980654,1.9190311821322776,1.308844234300202,8249.014941191463
12,97,115,18,1.9037100568204754,2.5659118409010975,0.7419234076849383,4427.5,14306.0,0.1362628114467876,0.37642964376657617,1.9190311821322776,1.338793984804321,7958.631477835872
12,97,116,19,1.9014402865454412,2.5752387591218295,0.7383549505110131,4427.5,15205.5,0.1362628114467876,0.4773779401064703,1.9190311821322776,1.345114321760649,8205.019881145932
12,97,117,20,1.8932180364310054,2.587452430892504,0.731691919753658,4427.5,16618.0,0.1362628114467876,0.5872416803770887,1.9190311821322776,1.3537817755887382,8577.656731299056
12,97,118,21,1.9321534944792484,2.599017600740492,0.7434168564032634,4427.5,18421.0,0.1362628114467876,0.7068951223631207,1.9190311821322776,1.3509846571769346,9031.00091352005
12,98,101,3,0.3228684720143491,0.4270411893366691,0.7560593218557362,4945.0,7377.0,0.07725723559979514,0.16461052405323334,1.8430293740557886,1.620744596791985,6039.806702204964
12,98,102,4,0.4186072134545507,0.568929887282741,0.735779966585787,4945.0,8482.5,0.07725723559979514,0.21750653363425776,1.8430293740557886,1.5525507671081018,6476.570272914515
12,98,103,5,0.5267890411715043,0.7149553191295022,0.7368139337894558,4945.0,9708.5,0.07725723559979514,0.2660502900994806,1.8430293740557886,1.495348494780153,6928.81898305909
12,98,104,6,0.7507645985992183,1.0251653386470547,0.7323351368765819,4945.0,12523.5,0.07725723559979514,0.3436690624973452,1.8430293740557886,1.3950192102267345,7869.47949358787
12,98,105,7,0.8243593585499324,1.1819905263345765,0.6974331351929869,4945.0,13964.0,0.07725723559979514,0.3718868053508557,1.8430293740557886,1.3471323368016728,8309.752102198958
12,98,106,8,0.8243593585499324,1.1819310470511437,0.6974682326914636,4945.0,13964.0,0.07725723559979514,0.3718868053508557,1.8430293740557886,1.3471323368016728,8309.752102198958
12,98,107,9,0.9297609412979022,1.3426784639063372,0.6924673079159186,4945.0,15309.5,0.07725723559979514,0.3920305942555303,1.8430293740557886,1.3094533685491392,8700.889466025872
12,98,108,10,1.046730904716721,1.4910457579200063,0.7020112556283317,4945.0,16336.0,0.07725723559979514,0.4041887332479342,1.8430293740557886,1.2867268524960043,8987.85402640697
12,98,109,11,1.1529100445381728,1.9852820388204762,0.5807285927107647,4945.0,17150.0,0.07725723559979514,0.40992191845336423,1.8430293740557886,1.267378587746305,9209.058040863898
12,98,110,12,1.235374201033144,2.0232020649088662,0.610603469846098,4945.0,17487.0,0.07725723559979514,0.40854791213926567,1.8430293740557886,1.2623476053754792,9299.09753685808
12,98,111,13,1.3778617911275834,2.076262199748544,0.6636261023749582,4945.0,17522.0,0.07725723559979514,0.4017063590326152,1.8430293740557886,1.258904875284309,9308.398895621094
12,98,112,14,1.4773888642303572,2.141133837363389,0.6900030434573987,4945.0,17134.0,0.07725723559979514,0.39305464718671645,1.8430293740557886,1.2645470360732705,9204.761267952581
12,98,113,15,1.5635680046062312,2.221415188281773,0.7038612200250708,4945.0,16345.5,0.07725723559979514,0.3837700074042864,1.8430293740557886,1.2847145075075797,8990.467034587247
12,98,114,16,1.6761638277102753,2.314301279183062,0.7242634495289022,4945.0,15369.0,0.07725723559979514,0.37666805692980654,1.8430293740557886,1.308844234300202,8717.780967654555
12,98,115,17,1.7980523740484728,2.4225817912614747,0.7422050229776556,4945.0,14306.0,0.07725723559979514,0.37642964376657617,1.8430293740557886,1.338793984804321,8410.895909473616
12,98,116,18,1.7957446705834896,2.4319235645459383,0.7384050620516813,4945.0,15205.5,0.07725723559979514,0.4773779401064703,1.8430293740557886,1.345114321760649,8671.285804308378
12,98,117,19,1.7875527262779423,2.4441638950574593,0.7313555076616165,4945.0,16618.0,0.07725723559979514,0.5872416803770887,1.8430293740557886,1.3537817755887382,9065.098455063795
12,98,118,20,1.8264753111740832,2.4557431673239716,0.7437566499123754,4945.0,18421.0,0.07725723559979514,0.7068951223631207,1.8430293740557886,1.3509846571769346,9544.204786151648
12,99,102,3,0.3107775681197286,0.4255975269130916,0.7302146945585762,5595.0,8482.5,0.06668916920548273,0.21750653363425776,1.7719927070448394,1.5525507671081018,6889.091921291223
12,99,103,4,0.41866171674801894,0.5716308505580335,0.732398743593555,5595.0,9708.5,0.06668916920548273,0.2660502900994806,1.7719927070448394,1.495348494780153,7370.146368967173
12,99,104,5,0.642398001607315,0.8818701813010154,0.7284496235711143,5595.0,12523.5,0.06668916920548273,0.3436690624973452,1.7719927070448394,1.3950192102267345,8370.721743075683
12,99,105,6,0.7162094608539582,1.0387298891927814,0.6895050082852044,5595.0,13964.0,0.06668916920548273,0.3718868053508557,1.7719927070448394,1.3471323368016728,8839.037277894013
12,99,106,7,0.7162094608539582,1.0386703167277114,0.6895445545323245,5595.0,13964.0,0.06668916920548273,0.3718868053508557,1.7719927070448394,1.3471323368016728,8839.037277894013
12,99,107,8,0.8216585362970505,1.1993820951681535,0.6850682027080401,5595.0,15309.5,0.06668916920548273,0.3920305942555303,1.7719927070448394,1.3094533685491392,9255.087925028049
12,99,108,9,0.9385272671049318,1.3477296932676777,0.6963764854281707,5595.0,16336.0,0.06668916920548273,0.4041887332479342,1.7719927070448394,1.2867268524960043,9560.330538218854
12,99,109,10,1.0446808242339347,1.844115755824462,0.5664941698667293,5595.0,17150.0,0.06668916920548273,0.40992191845336423,1.7719927070448394,1.267378587746305,9795.624023001292
12,99,110,11,1.126997150002627,1.8813976511928652,0.5990212379015545,5595.0,17487.0,0.06668916920548273,0.40854791213926567,1.7719927070448394,1.2623476053754792,9891.39853610196
12,99,111,12,1.2694828773210178,1.9339890014252896,0.6564064616631473,5595.0,17522.0,0.06668916920548273,0.4017063590326152,1.7719927070448394,1.258904875284309,9901.292339891797
12,99,112,13,1.3690351628801467,1.9983603418472637,0.6850792293118791,5595.0,17134.0,0.06668916920548273,0.39305464718671645,1.7719927070448394,1.2645470360732705,9791.053569458192
12,99,113,14,1.455151910436557,2.078282991056763,0.7001702447156356,5595.0,16345.5,0.06668916920548273,0.3837700074042864,1.7719927070448394,1.2847145075075797,9563.109980545032
12,99,114,15,1.567749702653831,2.1710116742478838,0.7221286376532063,5595.0,15369.0,0.06668916920548273,0.37666805692980654,1.7719927070448394,1.308844234300202,9273.055321737274
12,99,115,16,1.6896506861292488,2.2793524458381103,0.7412853984974535,5595.0,14306.0,0.06668916920548273,0.37642964376657617,1.7719927070448394,1.338793984804321,8946.623385389596
12,99,116,17,1.68733468712007,2.2887045331793803,0.7372444379161908,5595.0,15205.5,0.06668916920548273,0.4773779401064703,1.7719927070448394,1.345114321760649,9223.598674053419
12,99,117,18,1.6790302879075016,2.3009566871060625,0.7297096452603095,5595.0,16618.0,0.06668916920548273,0.5872416803770887,1.7719927070448394,1.3537817755887382,9642.495009073118
12,99,118,19,1.7180791743867707,2.312545888900493,0.7429384137339808,5595.0,18421.0,0.06668916920548273,0.7068951223631207,1.7719927070448394,1.3509846571769346,10152.117759364299
12,100,103,3,0.31717175391546065,0.4312980939877716,0.7353887214823938,6386.0,9708.5,0.11060261156708706,0.2660502900994806,1.6891124389280137,1.495348494780153,7873.9114168245505
12,100,104,4,0.5411172576972734,0.7415042938079249,0.7297560677881136,6386.0,12523.5,0.11060261156708706,0.3436690624973452,1.6891124389280137,1.3950192102267345,8942.878227953235
12,100,105,5,0.6147570791044756,0.8983691341936592,0.6843034290756855,6386.0,13964.0,0.11060261156708706,0.3718868053508557,1.6891124389280137,1.3471323368016728,9443.204117247493
12,100,106,6,0.6147570791044756,0.8983096378535749,0.6843487514765833,6386.0,13964.0,0.11060261156708706,0.3718868053508557,1.6891124389280137,1.3471323368016728,9443.204117247493
12,100,107,7,0.7197796706499445,1.0590399723483634,0.6796529776433956,6386.0,15309.5,0.11060261156708706,0.3920305942555303,1.6891124389280137,1.3094533685491392,9887.692703558298
12,100,108,8,0.836740728736525,1.2074249275877798,0.6929960692530874,6386.0,16336.0,0.11060261156708706,0.4041887332479342,1.6891124389280137,1.2867268524960043,10213.799293113214
12,100,109,9,0.9429286049764022,1.7066031488602365,0.5525177927898128,6386.0,17150.0,0.11060261156708706,0.40992191845336423,1.6891124389280137,1.267378587746305,10465.175583811291
12,100,110,10,1.025678947814886,1.7430907671049864,0.5884254378321249,6386.0,17487.0,0.11060261156708706,0.40854791213926567,1.6891124389280137,1.2623476053754792,10567.496486869537
12,100,111,11,1.168116974535076,1.7950748137345434,0.6507344237674864,6386.0,17522.0,0.11060261156708706,0.4017063590326152,1.6891124389280137,1.258904875284309,10578.066553014307
12,100,112,12,1.2675613988534369,1.858792820454775,0.6819272082960345,6386.0,17134.0,0.11060261156708706,0.39305464718671645,1.6891124389280137,1.2645470360732705,10460.292730129497
12,100,113,13,1.3538162878010138,1.9382278669331534,0.6984814896625903,6386.0,16345.5,0.11060261156708706,0.3837700074042864,1.6891124389280137,1.2847145075075797,10216.768716184193
12,100,114,14,1.4663956223181522,2.0306935506014905,0.7221156643176448,6386.0,15369.0,0.11060261156708706,0.37666805692980654,1.6891124389280137,1.308844234300202,9906.888209725596
12,100,115,15,1.5883065257728224,2.1389993209099796,0.7425465311027403,6386.0,14306.0,0.11060261156708706,0.37642964376657617,1.6891124389280137,1.338793984804321,9558.143962088037
12,100,116,16,1.5859502877387517,2.1483568997771716,0.738215464992454,6386.0,15205.5,0.11060261156708706,0.4773779401064703,1.6891124389280137,1.345114321760649,9854.05109586915
12,100,117,17,1.5780297963938403,2.1606203327734974,0.7303595974070048,6386.0,16618.0,0.11060261156708706,0.5872416803770887,1.6891124389280137,1.3537817755887382,10301.57987883412
12,100,118,18,1.616681045083982,2.172215983247412,0.744254281136023,6386.0,18421.0,0.11060261156708706,0.7068951223631207,1.6891124389280137,1.3509846571769346,10846.036418895153
12,101,104,3,0.42792370022411147,0.5981265355241943,0.7154400863507617,7377.0,12523.5,0.16461052405323334,0.3436690624973452,1.620744596791985,1.3950192102267345,9611.756317135802
12,101,105,4,0.5016239891481836,0.7550123083785124,0.6643918033938899,7377.0,13964.0,0.16461052405323334,0.3718868053508557,1.620744596791985,1.3471323368016728,10149.50383023722
12,101,106,5,0.5016239891481836,0.7549529631377453,0.6644440298152186,7377.0,13964.0,0.16461052405323334,0.3718868053508557,1.620744596791985,1.3471323368016728,10149.50383023722
12,101,107,6,0.6069437268922375,0.9157089037952463,0.662812957673229,7377.0,15309.5,0.16461052405323334,0.3920305942555303,1.620744596791985,1.3094533685491392,10627.237717299826
12,101,108,7,0.7239178836796675,1.064141217186315,0.6802836615931215,7377.0,16336.0,0.16461052405323334,0.4041887332479342,1.620744596791985,1.2867268524960043,10977.735285567784
12,101,109,8,0.8300940922840273,1.5668043946820243,0.5298007173719289,7377.0,17150.0,0.16461052405323334,0.40992191845336423,1.620744596791985,1.267378587746305,11247.913139778419
12,101,110,9,0.912518143941302,1.602305821323239,0.5695031072081566,7377.0,17487.0,0.16461052405323334,0.40854791213926567,1.620744596791985,1.2623476053754792,11357.887083432375
12,101,111,10,1.0550016769001425,1.6535345231289742,0.6380282129844913,7377.0,17522.0,0.16461052405323334,0.4017063590326152,1.620744596791985,1.258904875284309,11369.247732369982
12,101,112,11,1.1545285390860758,1.7164403645017527,0.6726295669591827,7377.0,17134.0,0.16461052405323334,0.39305464718671645,1.620744596791985,1.2645470360732705,11242.665075505896
12,101,113,12,1.2407237491793288,1.79526392609482,0.6911093857259392,7377.0,16345.5,0.16461052405323334,0.3837700074042864,1.620744596791985,1.2847145075075797,10980.926805147186
12,101,114,13,1.353319387599202,1.887389691523392,0.7170323085249452,7377.0,15369.0,0.16461052405323334,0.37666805692980654,1.620744596791985,1.308844234300202,10647.868941717868
12,101,115,14,1.4751952572250326,1.9956268148271499,0.7392139884394197,7377.0,14306.0,0.16461052405323334,0.37642964376657617,1.620744596791985,1.338793984804321,10273.040543091418
12,101,116,15,1.4729043825514816,2.0049891619384494,0.7346196231442261,7377.0,15205.5,0.16461052405323334,0.4773779401064703,1.620744596791985,1.345114321760649,10591.079902446209
12,101,117,16,1.4647665614575693,2.0172621428388573,0.7261161206328045,7377.0,16618.0,0.16461052405323334,0.5872416803770887,1.620744596791985,1.3537817755887382,11072.081376146041
12,101,118,17,1.5036206464767494,2.0288638562328916,0.7411146104542512,7377.0,18421.0,0.16461052405323334,0.7068951223631207,1.620744596791985,1.3509846571769346,11657.260269891893
12,102,105,3,0.4059263248390906,0.6135680612721905,0.6615832056144362,8482.5,13964.0,0.21750653363425776,0.3718868053508557,1.5525507671081018,1.3471323368016728,10883.456711909135
12,102,106,4,0.4059263248390906,0.6135087575596521,0.661647156356398,8482.5,13964.0,0.21750653363425776,0.3718868053508557,1.5525507671081018,1.3471323368016728,10883.456711909135
12,102,107,5,0.5118243701965662,0.7741235701567992,0.6611662400266354,8482.5,15309.5,0.21750653363425776,0.3920305942555303,1.5525507671081018,1.3094533685491392,11395.7375254961
12,102,108,6,0.6291631694537713,0.9224646831626528,0.6820458072136671,8482.5,16336.0,0.21750653363425776,0.4041887332479342,1.5525507671081018,1.2867268524960043,11771.581032299782
12,102,109,7,0.7353100689801709,1.429328763455519,0.5144443236435674,8482.5,17150.0,0.21750653363425776,0.40992191845336423,1.5525507671081018,1.267378587746305,12061.296572093732
12,102,110,8,0.8173325840845137,1.4636427015213775,0.5584235710224501,8482.5,17487.0,0.21750653363425776,0.40854791213926567,1.5525507671081018,1.2623476053754792,12179.223189514181
12,102,111,9,0.9598657726698098,1.5139985807875704,0.633993839129291,8482.5,17522.0,0.21750653363425776,0.4017063590326152,1.5525507671081018,1.258904875284309,12191.405374279046
12,102,112,10,1.059473183451816,1.5759537000058053,0.6722743082159796,8482.5,17134.0,0.21750653363425776,0.39305464718671645,1.5525507671081018,1.2645470360732705,12055.668998442185
12,102,113,11,1.145715713721361,1.6540465018852735,0.6926744274816217,8482.5,16345.5,0.21750653363425776,0.3837700074042864,1.5525507671081018,1.2847145075075797,11775.00334394857
12,102,114,12,1.2583066487347545,1.745775740973149,0.7207722155844232,8482.5,15369.0,0.21750653363425776,0.37666805692980654,1.5525507671081018,1.308844234300202,11417.860679654486
12,102,115,13,1.3800034130703034,1.8539687415937014,0.7443509602454409,8482.5,14306.0,0.21750653363425776,0.37642964376657617,1.5525507671081018,1.338793984804321,11015.926878842289
12,102,116,14,1.3779214364043695,1.8633382094822415,0.7394907856192393,8482.5,15205.5,0.21750653363425776,0.4773779401064703,1.5525507671081018,1.345114321760649,11356.964988499349
12,102,117,15,1.3696500053000256,1.8756032808098908,0.730245046654326,8482.5,16618.0,0.21750653363425776,0.5872416803770887,1.5525507671081018,1.3537817755887382,11872.749681518599
12,102,118,16,1.4085351006445395,1.8872119178115705,0.7463576757600655,8482.5,18421.0,0.21750653363425776,0.7068951223631207,1.5525507671081018,1.3509846571769346,12500.245297593163
12,103,106,3,0.29767857830485656,0.46749095180243216,0.6367579461316707,9708.5,13964.0,0.2660502900994806,0.3718868053508557,1.495348494780153,1.3471323368016728,11643.43136708419
12,103,107,4,0.40308230345592594,0.6281083990021762,0.6417400310141839,9708.5,15309.5,0.2660502900994806,0.3920305942555303,1.495348494780153,1.3094533685491392,12191.483943720716
12,103,108,5,0.5202202154696887,0.7765095993417963,0.6699469213396076,9708.5,16336.0,0.2660502900994806,0.4041887332479342,1.495348494780153,1.2867268524960043,12593.57201114918
12,103,109,6,0.626388179805725,1.2883682862139407,0.4861872078879391,9708.5,17150.0,0.2660502900994806,0.40992191845336423,1.495348494780153,1.267378587746305,12903.517931169003
12,103,110,7,0.7086760092913565,1.3212180669528606,0.5363808042118162,9708.5,17487.0,0.2660502900994806,0.40854791213926567,1.495348494780153,1.2623476053754792,13029.679178705821
12,103,111,8,0.8511739573927217,1.3704559661239089,0.621088147618574,9708.5,17522.0,0.2660502900994806,0.4017063590326152,1.495348494780153,1.258904875284309,13042.712026262023
12,103,112,9,0.9507213442286843,1.431242019496706,0.6642631583462062,9708.5,17134.0,0.2660502900994806,0.39305464718671645,1.495348494780153,1.2645470360732705,12897.497392905338
12,103,113,10,1.0369595433256291,1.5084830069436739,0.6874187767130404,9708.5,16345.5,0.2660502900994806,0.3837700074042864,1.495348494780153,1.2847145075075797,12597.233297434797
12,103,114,11,1.1495529415412125,1.599766040913114,0.718575661779313,9708.5,15369.0,0.2660502900994806,0.37666805692980654,1.495348494780153,1.308844234300202,12215.151922919338
12,103,115,12,1.271360960446419,1.7079003727892184,0.7443999548815163,9708.5,14306.0,0.2660502900994806,0.37642964376657617,1.495348494780153,1.338793984804321,11785.15171730937
12,103,116,13,1.2691494749757626,1.7172785467577263,0.7390469515687802,9708.5,15205.5,0.2660502900994806,0.4773779401064703,1.495348494780153,1.345114321760649,12150.00398148083
12,103,117,14,1.2610390804801916,1.7295610162782293,0.7291093338781244,9708.5,16618.0,0.2660502900994806,0.5872416803770887,1.495348494780153,1.3537817755887382,12701.80510793643
12,103,118,15,1.29981973392082,1.741179759397998,0.7465166803743598,9708.5,18421.0,0.2660502900994806,0.7068951223631207,1.495348494780153,1.3509846571769346,13373.117755407675
12,104,107,3,0.18002911988405398,0.3179833980106143,0.5661588655582723,12523.5,15309.5,0.3436690624973452,0.3920305942555303,1.3950192102267345,1.3094533685491392,13846.606921914119
12,104,108,4,0.2963800836399447,0.4666798896085002,0.6350821842539203,12523.5,16336.0,0.3436690624973452,0.4041887332479342,1.3950192102267345,1.2867268524960043,14303.282700135658
12,104,109,5,0.40244279735688615,0.9931074601132626,0.4052359019747854,12523.5,17150.0,0.3436690624973452,0.40992191845336423,1.3950192102267345,1.267378587746305,14655.307059219196
12,104,110,6,0.48468010259889605,1.0214840277486443,0.4744862273247026,12523.5,17487.0,0.3436690624973452,0.40854791213926567,1.3950192102267345,1.2623476053754792,14798.596031380815
12,104,111,7,0.6271216743784047,1.0672979422336895,0.5875788283316054,12523.5,17522.0,0.3436690624973452,0.4017063590326152,1.3950192102267345,1.258904875284309,14813.39822593047
12,104,112,8,0.7266418344702527,1.1246287368836538,0.6461170790315897,12523.5,17134.0,0.3436690624973452,0.39305464718671645,1.3950192102267345,1.2645470360732705,14648.469169165766
12,104,113,9,0.8128041926892482,1.1994634799144601,0.6776398000439442,12523.5,16345.5,0.3436690624973452,0.3837700074042864,1.3950192102267345,1.2847145075075797,14307.441044785053
12,104,114,10,0.9254004203644669,1.2895824420237458,0.7175969447228462,12523.5,15369.0,0.3436690624973452,0.37666805692980654,1.3950192102267345,1.308844234300202,13873.488079787288
12,104,115,11,1.047307709967594,1.3976705957846824,0.7493237055470948,12523.5,14306.0,0.3436690624973452,0.37642964376657617,1.3950192102267345,1.338793984804321,13385.110795208235
12,104,116,12,1.0449874444630627,1.4070804183337666,0.7426636252251407,12523.5,15205.5,0.3436690624973452,0.4773779401064703,1.3950192102267345,1.345114321760649,13799.495615782484
12,104,117,13,1.0369160089184983,1.419435153725668,0.7305131243205081,12523.5,16618.0,0.3436690624973452,0.5872416803770887,1.3950192102267345,1.3537817755887382,14426.209585334604
12,104,118,14,1.075712269479523,1.4310886467689807,0.7516740992308173,12523.5,18421.0,0.3436690624973452,0.7068951223631207,1.3950192102267345,1.3509846571769346,15188.660029772213
12,105,108,3,0.22474120788572524,0.3103129702424986,0.7242404586250389,13964.0,16336.0,0.3718868053508557,0.4041887332479342,1.3471323368016728,1.2867268524960043,15103.506347865055
12,105,109,4,0.33038318285204754,0.8452849381723653,0.39085421723754626,13964.0,17150.0,0.3718868053508557,0.40992191845336423,1.3471323368016728,1.267378587746305,15475.225361848532
12,105,110,5,0.4116481637231595,0.8705790710885859,0.4728440843500041,13964.0,17487.0,0.3718868053508557,0.40854791213926567,1.3471323368016728,1.2623476053754792,15626.530901002949
12,105,111,6,0.5541516497573589,0.9140604066096629,0.6062527659553268,13964.0,17522.0,0.3718868053508557,0.4017063590326152,1.3471323368016728,1.258904875284309,15642.161231747996
12,105,112,7,0.6537839453335318,0.9692501833673977,0.6745254801625482,13964.0,17134.0,0.3718868053508557,0.39305464718671645,1.3471323368016728,1.2645470360732705,15468.004913368757
12,105,113,8,0.7400715476185886,1.042846166642319,0.709665117724331,13964.0,16345.5,0.3718868053508557,0.3837700074042864,1.3471323368016728,1.2847145075075797,15107.897338809262
12,105,114,9,0.8526279574652498,1.1326479836680314,0.7527740037147739,13964.0,15369.0,0.3718868053508557,0.37666805692980654,1.3471323368016728,1.308844234300202,14649.666071279576
12,105,115,10,0.9741863782164805,1.2411769350671575,0.7848892053120284,13964.0,14306.0,0.3718868053508557,0.37642964376657617,1.3471323368016728,1.338793984804321,14133.965614787663
12,105,116,11,0.9722410345008207,1.2506354940941324,0.7773976023325965,13964.0,15205.5,0.3718868053508557,0.4773779401064703,1.3471323368016728,1.345114321760649,14571.533961803747
12,105,117,12,0.9640321814846088,1.2631044034889756,0.7632244641232643,13964.0,16618.0,0.3718868053508557,0.5872416803770887,1.3471323368016728,1.3537817755887382,15233.310605380566
12,105,118,13,1.0027695164343038,1.2748044990602865,0.7866065088203631,13964.0,18421.0,0.3718868053508557,0.7068951223631207,1.3471323368016728,1.3509846571769346,16038.417752384428
12,106,109,3,0.33038318285204754,0.8453147510698917,0.3908404324352445,13964.0,17150.0,0.3718868053508557,0.40992191845336423,1.3471323368016728,1.267378587746305,15475.225361848532
12,106,110,4,0.4116481637231595,0.8706144460952444,0.47282487164028236,13964.0,17487.0,0.3718868053508557,0.40854791213926567,1.3471323368016728,1.2623476053754792,15626.530901002949
12,106,111,5,0.5541516497573589,0.9141008050234009,0.6062259727942945,13964.0,17522.0,0.3718868053508557,0.4017063590326152,1.3471323368016728,1.258904875284309,15642.161231747996
12,106,112,6,0.6537839453335318,0.9692966310220118,0.6744931576252275,13964.0,17134.0,0.3718868053508557,0.39305464718671645,1.3471323368016728,1.2645470360732705,15468.004913368757
12,106,113,7,0.7400715476185886,1.0428984265544448,0.7096295562202126,13964.0,16345.5,0.3718868053508557,0.3837700074042864,1.3471323368016728,1.2847145075075797,15107.897338809262
12,106,114,8,0.8526279574652498,1.132705367693738,0.752735867405004,13964.0,15369.0,0.3718868053508557,0.37666805692980654,1.3471323368016728,1.308844234300202,14649.666071279576
12,106,115,9,0.9741863782164805,1.241238915804879,0.7848500122031471,13964.0,14306.0,0.3718868053508557,0.37642964376657617,1.3471323368016728,1.338793984804321,14133.965614787663
12,106,116,10,0.9722410345008207,1.250697722298057,0.7773589230772768,13964.0,15205.5,0.3718868053508557,0.4773779401064703,1.3471323368016728,1.345114321760649,14571.533961803747
12,106,117,11,0.9640321814846088,1.2631669975922188,0.7631866438263469,13964.0,16618.0,0.3718868053508557,0.5872416803770887,1.3471323368016728,1.3537817755887382,15233.310605380566
12,106,118,12,1.0027695164343038,1.2748672900651148,0.7865677661108448,13964.0,18421.0,0.3718868053508557,0.7068951223631207,1.3471323368016728,1.3509846571769346,16038.417752384428
12,107,110,3,0.30649106245508523,0.7168363604358686,0.42756070893045234,15309.5,17487.0,0.3920305942555303,0.40854791213926567,1.3094533685491392,1.2623476053754792,16362.066694033489
12,107,111,4,0.44871065836303414,0.757249632462726,0.592553154372275,15309.5,17522.0,0.3920305942555303,0.4017063590326152,1.3094533685491392,1.258904875284309,16378.432739429009
12,107,112,5,0.5480489889032527,0.8097511284251627,0.6768116396072469,15309.5,17134.0,0.3920305942555303,0.39305464718671645,1.3094533685491392,1.2645470360732705,16196.078939051884
12,107,113,6,0.6344686872558422,0.8819558615283003,0.719388253916019,15309.5,16345.5,0.3920305942555303,0.3837700074042864,1.3094533685491392,1.2847145075075797,15819.021216560777
12,107,114,7,0.7469925011658184,0.9717087464204084,0.7687411520351111,15309.5,15369.0,0.3920305942555303,0.37666805692980654,1.3094533685491392,1.308844234300202,15339.221150371357
12,107,115,8,0.8687566563244261,1.0812997311508479,0.8034374108276082,15309.5,14306.0,0.3920305942555303,0.37642964376657617,1.3094533685491392,1.338793984804321,14799.246838944204
12,107,116,9,0.8665299452614628,1.0908469153008227,0.79436439073809,15309.5,15205.5,0.3920305942555303,0.4773779401064703,1.3094533685491392,1.345114321760649,15257.411387584723
12,107,117,10,0.858966459628459,1.103439808453704,0.7784443274999878,15309.5,16618.0,0.3920305942555303,0.5872416803770887,1.3094533685491392,1.3537817755887382,15950.337645329017
12,107,118,11,0.8971515571677348,1.1152159494969462,0.8044644246456694,15309.5,18421.0,0.3920305942555303,0.7068951223631207,1.3094533685491392,1.3509846571769346,16793.340927284244
12,108,111,3,0.3319183880606888,0.6140616004302334,0.5405294645164833,16336.0,17522.0,0.4041887332479342,0.4017063590326152,1.2867268524960043,1.258904875284309,16918.61081767649
12,108,112,4,0.43099361746004267,0.6630142479356385,0.6500518183462642,16336.0,17134.0,0.4041887332479342,0.39305464718671645,1.2867268524960043,1.2645470360732705,16730.2427956082
12,108,113,5,0.5173621734576745,0.7335272654120927,0.7053073523681803,16336.0,16345.5,0.4041887332479342,0.3837700074042864,1.2867268524960043,1.2847145075075797,16340.749309624696
12,108,114,6,0.6298623573341292,0.8233917436507541,0.7649607397585088,16336.0,15369.0,0.4041887332479342,0.37666805692980654,1.2867268524960043,1.308844234300202,15845.12492850719
12,108,115,7,0.7518367004353236,0.9344649370291338,0.8045638425188805,16336.0,14306.0,0.4041887332479342,0.37642964376657617,1.2867268524960043,1.338793984804321,15287.341691739608
12,108,116,8,0.7493457667022007,0.9441260398682213,0.7936925103843047,16336.0,15205.5,0.4041887332479342,0.4773779401064703,1.2867268524960043,1.345114321760649,15760.616992998719
12,108,117,9,0.7420900858051631,0.9568662990711779,0.7755420862094357,16336.0,16618.0,0.4041887332479342,0.5872416803770887,1.2867268524960043,1.3537817755887382,16476.396693452123
12,108,118,10,0.7800800374505412,0.9687356956483677,0.8052557998582259,16336.0,18421.0,0.4041887332479342,0.7068951223631207,1.2867268524960043,1.3509846571769346,17347.203117505716
12,109,112,3,0.32491555809598494,0.23329052399710037,1.3927507749951447,17150.0,17134.0,0.40992191845336423,0.39305464718671645,1.267378587746305,1.2645470360732705,17141.998133239893
12,109,113,4,0.41130031044227444,0.3454075410083814,1.1907681842774074,17150.0,16345.5,0.40992191845336423,0.3837700074042864,1.267378587746305,1.2847145075075797,16742.918652373606
12,109,114,5,0.5237516793460372,0.469465285339702,1.115634522299245,17150.0,15369.0,0.40992191845336423,0.37666805692980654,1.267378587746305,1.308844234300202,16235.09624240029
12,109,115,6,0.6457604772582204,0.6097080791241998,1.0591305894876892,17150.0,14306.0,0.40992191845336423,0.37642964376657617,1.267378587746305,1.338793984804321,15663.585157938778
12,109,116,7,0.6431973917168783,0.6204014116084325,1.0367439204391002,17150.0,15205.5,0.40992191845336423,0.4773779401064703,1.267378587746305,1.345114321760649,16148.508445054607
12,109,117,8,0.6361691514250666,0.6354775282381724,1.0010883519182994,17150.0,16618.0,0.40992191845336423,0.5872416803770887,1.267378587746305,1.3537817755887382,16881.90451341317
12,109,118,9,0.6739457970828993,0.6474507328322814,1.040922131842704,17150.0,18421.0,0.40992191845336423,0.7068951223631207,1.267378587746305,1.3509846571769346,17774.142736008394
12,110,113,3,0.3284484801548594,0.27981769932074346,1.173794513185431,17487.0,16345.5,0.40854791213926567,0.3837700074042864,1.2623476053754792,1.2847145075075797,16906.618777863303
12,110,114,4,0.4410190559312818,0.40388097964958397,1.0919530211943125,17487.0,15369.0,0.40854791213926567,0.37666805692980654,1.2623476053754792,1.308844234300202,16393.831248369002
12,110,115,5,0.5626963623605729,0.5441494336894444,1.0340842561304835,17487.0,14306.0,0.40854791213926567,0.37642964376657617,1.2623476053754792,1.338793984804321,15816.732342680647
12,110,116,6,0.5606514942191158,0.554862013480056,1.0104340909963334,17487.0,15205.5,0.40854791213926567,0.4773779401064703,1.2623476053754792,1.345114321760649,16306.396858288468
12,110,117,7,0.552545461404898,0.5699323014981317,0.9694931484888111,17487.0,16618.0,0.40854791213926567,0.5872416803770887,1.2623476053754792,1.3537817755887382,17046.963541933208
12,110,118,8,0.5912249651664895,0.5819466187964759,1.015943638248474,17487.0,18421.0,0.40854791213926567,0.7068951223631207,1.2623476053754792,1.3509846571769346,17947.92542329057
12,111,114,3,0.29847950271859336,0.331416420667153,0.9006177247275302,17522.0,15369.0,0.4017063590326152,0.37666805692980654,1.258904875284309,1.308844234300202,16410.229066042924
12,111,115,4,0.4201962017553621,0.4716429034978286,0.8909202251090302,17522.0,14306.0,0.4017063590326152,0.37642964376657617,1.258904875284309,1.338793984804321,15832.552921117933
12,111,116,5,0.41810467803422285,0.4823385340844729,0.8668282720306135,17522.0,15205.5,0.4017063590326152,0.4773779401064703,1.258904875284309,1.345114321760649,16322.707220311218
12,111,117,6,0.4102989670116631,0.4974231980669155,0.8248488783920124,17522.0,16618.0,0.4017063590326152,0.5872416803770887,1.258904875284309,1.3537817755887382,17064.014650720386
12,111,118,7,0.4486750783205561,0.5094067205751106,0.8807796603350863,17522.0,18421.0,0.4017063590326152,0.7068951223631207,1.258904875284309,1.3509846571769346,17965.877713042577
12,112,115,3,0.32085324667811926,0.37643668521128737,0.8523431941762794,17134.0,14306.0,0.39305464718671645,0.37642964376657617,1.2645470360732705,1.338793984804321,15656.276824328317
12,112,116,4,0.31849883679510926,0.3871396178617171,0.8226976059806782,17134.0,15205.5,0.39305464718671645,0.4773779401064703,1.2645470360732705,1.345114321760649,16140.973855378119
12,112,117,5,0.3115843695364782,0.4022325999416274,0.77463728594275,17134.0,16618.0,0.39305464718671645,0.5872416803770887,1.2645470360732705,1.3537817755887382,16874.027734954096
12,112,118,6,0.3491285101985366,0.4142366035639887,0.8428239011104323,17134.0,18421.0,0.39305464718671645,0.7068951223631207,1.2645470360732705,1.3509846571769346,17765.84965601139
12,113,116,3,0.23223109411022017,0.2750514590643061,0.8443187136699585,16345.5,15205.5,0.3837700074042864,0.4773779401064703,1.2847145075075797,1.345114321760649,15765.19902348207
12,113,117,4,0.22513700612450982,0.2901151102884934,0.7760264741144689,16345.5,16618.0,0.3837700074042864,0.5872416803770887,1.2847145075075797,1.3537817755887382,16481.186820129187
12,113,118,5,0.26294347768869325,0.302141564773758,0.8702658235240952,16345.5,18421.0,0.3837700074042864,0.7068951223631207,1.2847145075075797,1.3509846571769346,17352.246410767686
12,114,118,4,0.15037904479710548,0.1781179647077048,0.844266579420445,15369.0,18421.0,0.37666805692980654,0.7068951223631207,1.308844234300202,1.3509846571769346,16825.942737332727
10,104,107,3,0.21062488566972692,0.3179833980106143,0.662376988822216,12854.5,12826.5,0.8189490267078271,0.7686040306762709,1.3318122974177355,1.4165137248924495,12840.492367896179
10,104,108,4,0.3244924097020902,0.4666798896085002,0.6953211760941923,12854.5,12233.0,0.8189490267078271,0.7285643796309714,1.3318122974177355,1.468875163188778,12539.90025877399
10,104,109,5,0.40556071138535377,0.9931074601132626,0.40837545550116006,12854.5,11446.0,0.8189490267078271,0.6799673323559129,1.3318122974177355,1.5160383727226414,12129.823040753727
10,104,110,6,0.5382153263970547,1.0214840277486443,0.5268954890888347,12854.5,10476.0,0.8189490267078271,0.6253680296255516,1.3318122974177355,1.5891700944899863,11604.470776386142
10,104,111,7,0.6338833331652196,1.0672979422336895,0.5939141340782499,12854.5,9423.0,0.8189490267078271,0.5644277468195746,1.3318122974177355,1.6553226561072047,11005.81453141929
10,104,112,8,0.7351505643433642,1.1246287368836538,0.6536828912806073,12854.5,8476.0,0.8189490267078271,0.5000288613702853,1.3318122974177355,1.7217674200101405,10438.13881877416
10,104,113,9,0.8442041498796882,1.1994634799144601,0.7038181353715686,12854.5,7531.5,0.8189490267078271,0.4327966234674971,1.3318122974177355,1.8044350316653501,9839.39361698677
10,104,114,10,0.9673804483206985,1.2895824420237458,0.7501501391431673,12854.5,6793.0,0.8189490267078271,0.3650003620277868,1.3318122974177355,1.8823221766814378,9344.550203193303
10,104,115,11,1.0665003649945342,1.3976705957846824,0.7630555927920755,12854.5,6078.5,0.8189490267078271,0.29823331497873395,1.3318122974177355,1.966928700491313,8839.46142307324
10,104,116,12,1.068004678335788,1.4070804183337666,0.7590217761686253,12854.5,5782.5,0.8189490267078271,0.1980366586646881,1.3318122974177355,1.9680101066234936,8621.551267028457
10,104,117,13,1.0783343387720215,1.419435153725668,0.7596925692178745,12854.5,5611.0,0.8189490267078271,0.1249095555581435,1.3318122974177355,1.9728288488415748,8492.73804494169
10,104,118,14,1.1110724332028155,1.4310886467689807,0.7763826760217285,12854.5,5570.5,0.8189490267078271,0.13067647052193906,1.3318122974177355,1.9912060824805764,8462.03239476191
10,104,119,15,1.1265591252158798,1.4559123789120485,0.773782228610294,12854.5,5760.0,0.8189490267078271,0.2090014632649357,1.3318122974177355,1.9955245261205834,8604.761472580167
10,104,120,16,1.0964109706251632,1.4804372951530536,0.7405993987146966,12854.5,5955.0,0.8189490267078271,0.3115566250312938,1.3318122974177355,1.99738534451972,8749.202677958718
10,104,121,17,1.1178606758035972,6.1087509254087164,0.18299333029833834,12854.5,6421.5,0.8189490267078271,0.4254495026471069,1.3318122974177355,1.994374194137768,9085.437345004368
10,104,122,18,1.107371409771514,1.5956607974199317,0.6939892310208119,12854.5,7011.5,0.8189490267078271,0.5489415437318604,1.3318122974177355,2.0018541181607556,9493.646651840378
10,104,123,19,1.1398811474775217,6.071835252834476,0.18773255531684563,12854.5,7917.0,0.8189490267078271,0.6822030908180214,1.3318122974177355,2.0143984172979277,10088.066043598248
10,105,108,3,0.2226996345771257,0.3103129702424986,0.7176613803899135,13127.5,12233.0,0.7988418481808802,0.7285643796309714,1.3695464681281904,1.468875163188778,12672.359981471485
10,105,109,4,0.30306603353665007,0.8452849381723653,0.358537127364324,13127.5,11446.0,0.7988418481808802,0.6799673323559129,1.3695464681281904,1.5160383727226414,12257.951093066084
10,105,110,5,0.43565132849358246,0.8705790710885859,0.5004155773568473,13127.5,10476.0,0.7988418481808802,0.6253680296255516,1.3695464681281904,1.5891700944899863,11727.049501046715
10,105,111,6,0.5312781851816417,0.9140604066096629,0.5812287473999701,13127.5,9423.0,0.7988418481808802,0.5644277468195746,1.3695464681281904,1.6553226561072047,11122.069614060145
10,105,112,7,0.6325973547644391,0.9692501833673977,0.6526667372573,13127.5,8476.0,0.7988418481808802,0.5000288613702853,1.3695464681281904,1.7217674200101405,10548.397508626607
10,105,113,8,0.7415632829010913,1.042846166642319,0.7110955638727842,13127.5,7531.5,0.7988418481808802,0.4327966234674971,1.3695464681281904,1.8044350316653501,9943.32772516324
10,105,114,9,0.8647525325681007,1.1326479836680314,0.763478631522953,13127.5,6793.0,0.7988418481808802,0.3650003620277868,1.3695464681281904,1.8823221766814378,9443.25725054655
10,105,115,10,0.9638299626206059,1.2411769350671575,0.7765451769118277,13127.5,6078.5,0.7988418481808802,0.29823331497873395,1.3695464681281904,1.966928700491313,8932.833187180873
10,105,116,11,0.9654225194190432,1.2506354940941324,0.7719455620586906,13127.5,5782.5,0.7988418481808802,0.1980366586646881,1.3695464681281904,1.9680101066234936,8712.621233015929
10,105,117,12,0.9759553761678149,1.2631044034889756,0.7726640596549335,13127.5,5611.0,0.7988418481808802,0.1249095555581435,1.3695464681281904,1.9728288488415748,8582.447349095712
10,105,118,13,1.0085681650735885,1.2748044990602865,0.7911551660015694,13127.5,5570.5,0.7988418481808802,0.13067647052193906,1.3695464681281904,1.9912060824805764,8551.417353281267
10,105,119,14,1.0238907009489988,1.3134388409272835,0.7795495831584631,13127.5,5760.0,0.7988418481808802,0.2090014632649357,1.3695464681281904,1.9955245261205834,8695.65408695631
10,105,120,15,0.9937357197465333,1.3245839085930207,0.7502248164875294,13127.5,5955.0,0.7988418481808802,0.3115566250312938,1.3695464681281904,1.99738534451972,8841.621033498326
10,105,121,16,1.0153780021075716,6.264446389218907,0.16208583153573378,13127.5,6421.5,0.7988418481808802,0.4254495026471069,1.3695464681281904,1.994374194137768,9181.407367609827
10,105,122,17,1.0047794832277737,1.4425177118806014,0.6965456818674682,13127.5,7011.5,0.7988418481808802,0.5489415437318604,1.3695464681281904,2.0018541181607556,9593.928613972485
10,105,123,18,1.0372429785285815,6.227467777494615,0.16655934893425925,13127.5,7917.0,0.7988418481808802,0.6822030908180214,1.3695464681281904,2.0143984172979277,10194.626893614106
10,106,109,3,0.30306603353665007,0.8453147510698917,0.3585244823340273,13127.5,11446.0,0.7988418481808802,0.6799673323559129,1.3695464681281904,1.5160383727226414,12257.951093066084
10,106,110,4,0.43565132849358246,0.8706144460952444,0.5003952443558726,13127.5,10476.0,0.7988418481808802,0.6253680296255516,1.3695464681281904,1.5891700944899863,11727.049501046715
10,106,111,5,0.5312781851816417,0.9141008050234009,0.5812030601680097,13127.5,9423.0,0.7988418481808802,0.5644277468195746,1.3695464681281904,1.6553226561072047,11122.069614060145
10,106,112,6,0.6325973547644391,0.9692966310220118,0.6526354621674874,13127.5,8476.0,0.7988418481808802,0.5000288613702853,1.3695464681281904,1.7217674200101405,10548.397508626607
10,106,113,7,0.7415632829010913,1.0428984265544448,0.7110599306886363,13127.5,7531.5,0.7988418481808802,0.4327966234674971,1.3695464681281904,1.8044350316653501,9943.32772516324
10,106,114,8,0.8647525325681007,1.132705367693738,0.7634399529056645,13127.5,6793.0,0.7988418481808802,0.3650003620277868,1.3695464681281904,1.8823221766814378,9443.25725054655
10,106,115,9,0.9638299626206059,1.241238915804879,0.7765064004584582,13127.5,6078.5,0.7988418481808802,0.29823331497873395,1.3695464681281904,1.966928700491313,8932.833187180873
10,106,116,10,0.9654225194190432,1.250697722298057,0.7719071540684959,13127.5,5782.5,0.7988418481808802,0.1980366586646881,1.3695464681281904,1.9680101066234936,8712.621233015929
10,106,117,11,0.9759553761678149,1.2631669975922188,0.7726257715948316,13127.5,5611.0,0.7988418481808802,0.1249095555581435,1.3695464681281904,1.9728288488415748,8582.447349095712
10,106,118,12,1.0085681650735885,1.2748672900651148,0.7911161992571596,13127.5,5570.5,0.7988418481808802,0.13067647052193906,1.3695464681281904,1.9912060824805764,8551.417353281267
10,106,119,13,1.0238907009489988,1.3135175539414028,0.7795028683679667,13127.5,5760.0,0.7988418481808802,0.2090014632649357,1.3695464681281904,1.9955245261205834,8695.65408695631
10,106,120,14,0.9937357197465333,1.3246481986642893,0.750188405305324,13127.5,5955.0,0.7988418481808802,0.3115566250312938,1.3695464681281904,1.99738534451972,8841.621033498326
10,106,121,15,1.0153780021075716,6.264385870526737,0.16208739740711314,13127.5,6421.5,0.7988418481808802,0.4254495026471069,1.3695464681281904,1.994374194137768,9181.407367609827
10,106,122,16,1.0047794832277737,1.4425878120040325,0.6965118344039947,13127.5,7011.5,0.7988418481808802,0.5489415437318604,1.3695464681281904,2.0018541181607556,9593.928613972485
10,106,123,17,1.0372429785285815,6.227407197299215,0.16656096922302221,13127.5,7917.0,0.7988418481808802,0.6822030908180214,1.3695464681281904,2.0143984172979277,10194.626893614106
10,107,110,3,0.3278093988987767,0.7168363604358686,0.4573001831261097,12826.5,10476.0,0.7686040306762709,0.6253680296255516,1.4165137248924495,1.5891700944899863,11591.825309242717
10,107,111,4,0.4234817792692977,0.757249632462726,0.5592366917261498,12826.5,9423.0,0.7686040306762709,0.5644277468195746,1.4165137248924495,1.6553226561072047,10993.821423872592
10,107,112,5,0.5246393989204041,0.8097511284251627,0.6479020287884555,12826.5,8476.0,0.7686040306762709,0.5000288613702853,1.4165137248924495,1.7217674200101405,10426.764311136989
10,107,113,6,0.6338845717232074,0.8819558615283003,0.7187259582636917,12826.5,7531.5,0.7686040306762709,0.4327966234674971,1.4165137248924495,1.8044350316653501,9828.671565883153
10,107,114,7,0.7570324886385501,0.9717087464204084,0.7790734532619109,12826.5,6793.0,0.7686040306762709,0.3650003620277868,1.4165137248924495,1.8823221766814378,9334.367386170314
10,107,115,8,0.8562598626972469,1.0812997311508479,0.7918802141806816,12826.5,6078.5,0.7686040306762709,0.29823331497873395,1.4165137248924495,1.966928700491313,8829.82900457308
10,107,116,9,0.8575100289166595,1.0908469153008227,0.7860956628182646,12826.5,5782.5,0.7686040306762709,0.1980366586646881,1.4165137248924495,1.9680101066234936,8612.15630664005
10,107,117,10,0.8677114026684464,1.103439808453704,0.7863694929444374,12826.5,5611.0,0.7686040306762709,0.1249095555581435,1.4165137248924495,1.9728288488415748,8483.48345315767
10,107,118,11,0.9005199061544139,1.1152159494969462,0.8074847804684125,12826.5,5570.5,0.7686040306762709,0.13067647052193906,1.4165137248924495,1.9912060824805764,8452.81126312424
10,107,119,12,0.9166146023309792,1.1730002726314075,0.7814274418493742,12826.5,5760.0,0.7686040306762709,0.2090014632649357,1.4165137248924495,1.9955245261205834,8595.384808139774
10,107,120,13,0.8862854649990008,1.1656553655833295,0.7603323342105294,12826.5,5955.0,0.7686040306762709,0.3115566250312938,1.4165137248924495,1.99738534451972,8739.668614999084
10,107,121,14,0.9073073464391229,6.424947398329147,0.14121630733896354,12826.5,6421.5,0.7686040306762709,0.4254495026471069,1.4165137248924495,1.994374194137768,9075.536884945155
10,107,122,15,0.8969004744359867,1.2877157213726973,0.6965050278953621,12826.5,7011.5,0.7686040306762709,0.5489415437318604,1.4165137248924495,2.0018541181607556,9483.301363449335
10,107,123,16,0.9295435017092394,6.387943270812418,0.1455153031737898,12826.5,7917.0,0.7686040306762709,0.6822030908180214,1.4165137248924495,2.0143984172979277,10077.073012536925
10,108,111,3,0.3110575976630253,0.6140616004302334,0.5065576441273764,12233.0,9423.0,0.7285643796309714,0.5644277468195746,1.468875163188778,1.6553226561072047,10736.459332573286
10,108,112,4,0.41171994601327944,0.6630142479356385,0.6209820487194821,12233.0,8476.0,0.7285643796309714,0.5000288613702853,1.468875163188778,1.7217674200101405,10182.676858272584
10,108,113,5,0.521440975425529,0.7335272654120927,0.7108678845531197,12233.0,7531.5,0.7285643796309714,0.4327966234674971,1.468875163188778,1.8044350316653501,9598.585286384656
10,108,114,6,0.6442840482710146,0.8233917436507541,0.7824757209908229,12233.0,6793.0,0.7285643796309714,0.3650003620277868,1.468875163188778,1.8823221766814378,9115.852620572581
10,108,115,7,0.7437987005056664,0.9344649370291338,0.795962128734721,12233.0,6078.5,0.7285643796309714,0.29823331497873395,1.468875163188778,1.966928700491313,8623.125332499812
10,108,116,8,0.7445108039290835,0.9441260398682213,0.7885714115384429,12233.0,5782.5,0.7285643796309714,0.1980366586646881,1.468875163188778,1.9680101066234936,8410.548287715848
10,108,117,9,0.7541371239016561,0.9568662990711779,0.7881321817203623,12233.0,5611.0,0.7285643796309714,0.1249095555581435,1.468875163188778,1.9728288488415748,8284.88762748174
10,108,118,10,0.7871910908250483,0.9687356956483677,0.8125963504402376,12233.0,5570.5,0.7285643796309714,0.13067647052193906,1.468875163188778,1.9912060824805764,8254.933464298789
10,108,119,11,0.8043946929876722,1.049710793350785,0.7663012499089977,12233.0,5760.0,0.7285643796309714,0.2090014632649357,1.468875163188778,1.9955245261205834,8394.169405009647
10,108,120,12,0.7740616811269093,1.0199936057486862,0.7588887584826963,12233.0,5955.0,0.7285643796309714,0.3115566250312938,1.468875163188778,1.99738534451972,8535.075570842944
10,108,121,13,0.7939197520612835,6.573167732008886,0.12078190979292816,12233.0,6421.5,0.7285643796309714,0.4254495026471069,1.468875163188778,1.994374194137768,8863.081264436201
10,108,122,14,0.783972277202233,1.1470584949414735,0.683463206679999,12233.0,7011.5,0.7285643796309714,0.5489415437318604,1.468875163188778,2.0018541181607556,9261.300097718462
10,108,123,15,0.8167603490240012,6.5361463324562825,0.12496053599171222,12233.0,7917.0,0.7285643796309714,0.6822030908180214,1.468875163188778,2.0143984172979277,9841.171729016825
10,109,112,3,0.32960237142449467,0.23329052399710037,1.4128408037207347,11446.0,8476.0,0.6799673323559129,0.5000288613702853,1.5160383727226414,1.7217674200101405,9849.685071107604
10,109,113,4,0.43889904543296865,0.3454075410083814,1.2706701311489856,11446.0,7531.5,0.6799673323559129,0.4327966234674971,1.5160383727226414,1.8044350316653501,9284.694340687796
10,109,114,5,0.5620122101382832,0.469465285339702,1.1971326266043607,11446.0,6793.0,0.6799673323559129,0.3650003620277868,1.5160383727226414,1.8823221766814378,8817.747898414878
10,109,115,6,0.6612745446657284,0.6097080791241998,1.0845756638416209,11446.0,6078.5,0.6799673323559129,0.29823331497873395,1.5160383727226414,1.966928700491313,8341.133675945974
10,109,116,7,0.6624758843258199,0.6204014116084325,1.0678181447207002,11446.0,5782.5,0.6799673323559129,0.1980366586646881,1.5160383727226414,1.9680101066234936,8135.5082816010945
10,109,117,8,0.6729109677194683,0.6354775282381724,1.0589060003192845,11446.0,5611.0,0.6799673323559129,0.1249095555581435,1.5160383727226414,1.9728288488415748,8013.956950221283
10,109,118,9,0.7055513693877491,0.6474507328322814,1.089737540802998,11446.0,5570.5,0.6799673323559129,0.13067647052193906,1.5160383727226414,1.9912060824805764,7984.982341871521
10,109,119,10,0.7218127301614091,0.9676541483178375,0.7459408213318807,11446.0,5760.0,0.6799673323559129,0.2090014632649357,1.5160383727226414,1.9955245261205834,8119.665017720867
10,109,120,11,0.6913935342062203,0.708062553294279,0.9764582676904665,11446.0,5955.0,0.6799673323559129,0.3115566250312938,1.5160383727226414,1.99738534451972,8255.96329933703
10,109,121,12,0.7123694777473698,7.036783254537061,0.10123510302638068,11446.0,6421.5,0.6799673323559129,0.4254495026471069,1.5160383727226414,1.994374194137768,8573.242618752836
10,109,122,13,0.7018770570084588,0.8904480121357953,0.7882291244886523,11446.0,7011.5,0.6799673323559129,0.5489415437318604,1.5160383727226414,2.0018541181607556,8958.438982322758
10,109,123,14,0.734517933700345,6.999278654831732,0.10494194758102589,11446.0,7917.0,0.6799673323559129,0.6822030908180214,1.5160383727226414,2.0143984172979277,9519.347771775123
10,110,113,3,0.3064605766495325,0.27981769932074346,1.0952151253958007,10476.0,7531.5,0.6253680296255516,0.4327966234674971,1.5891700944899863,1.8044350316653501,8882.566858740778
10,110,114,4,0.4292382756657838,0.40388097964958397,1.062784080691793,10476.0,6793.0,0.6253680296255516,0.3650003620277868,1.5891700944899863,1.8823221766814378,8435.844237537818
10,110,115,5,0.5286743835059461,0.5441494336894444,0.9715610285972839,10476.0,6078.5,0.6253680296255516,0.29823331497873395,1.5891700944899863,1.966928700491313,7979.8725553733
10,110,116,6,0.5299213714595566,0.554862013480056,0.9550507307860681,10476.0,5782.5,0.6253680296255516,0.1980366586646881,1.5891700944899863,1.9680101066234936,7783.152960079868
10,110,117,7,0.5406900364622914,0.5699323014981317,0.948691686786354,10476.0,5611.0,0.6253680296255516,0.1249095555581435,1.5891700944899863,1.9728288488415748,7666.866113347748
10,110,118,8,0.572947466273711,0.5819466187964759,0.984536120269285,10476.0,5570.5,0.6253680296255516,0.13067647052193906,1.5891700944899863,1.9912060824805764,7639.146418285226
10,110,119,9,0.5890546000502227,0.9051089909299967,0.6508106824184465,10476.0,5760.0,0.6253680296255516,0.2090014632649357,1.5891700944899863,1.9955245261205834,7767.995880534438
10,110,120,10,0.5589877907329242,0.6425584308884615,0.8699407927151702,10476.0,5955.0,0.6253680296255516,0.3115566250312938,1.5891700944899863,1.99738534451972,7898.3909753822645
10,110,121,11,0.5797752850310908,7.08188531413354,0.08186736431244022,10476.0,6421.5,0.6253680296255516,0.4254495026471069,1.5891700944899863,1.994374194137768,8201.928675622581
10,110,122,12,0.5693748416798705,0.8245819564163361,0.6905012136748598,10476.0,7011.5,0.6253680296255516,0.5489415437318604,1.5891700944899863,2.0018541181607556,8570.441878923164
10,110,123,13,0.6017548376912374,7.044434213068297,0.0854227350970086,10476.0,7917.0,0.6253680296255516,0.6822030908180214,1.5891700944899863,2.0143984172979277,9107.057263463319
10,111,114,3,0.33364926290198116,0.331416420667153,1.0067372709847429,9423.0,6793.0,0.5644277468195746,0.3650003620277868,1.6553226561072047,1.8823221766814378,8000.652410897501
10,111,115,4,0.43283730036643403,0.4716429034978286,0.9177224912246067,9423.0,6078.5,0.5644277468195746,0.29823331497873395,1.6553226561072047,1.966928700491313,7568.203584735284
10,111,116,5,0.4341564638427616,0.4823385340844729,0.9001073585522962,9423.0,5782.5,0.5644277468195746,0.1980366586646881,1.6553226561072047,1.9680101066234936,7381.632441404814
10,111,117,6,0.4454357884674383,0.4974231980669155,0.8954865599322458,9423.0,5611.0,0.5644277468195746,0.1249095555581435,1.6553226561072047,1.9728288488415748,7271.344648687751
10,111,118,7,0.4775359725183364,0.5094067205751106,0.9374355563648773,9423.0,5570.5,0.5644277468195746,0.13067647052193906,1.6553226561072047,1.9912060824805764,7245.054968735572
10,111,119,8,0.4937234639805527,0.8427073530590289,0.5858777215937844,9423.0,5760.0,0.5644277468195746,0.2090014632649357,1.6553226561072047,1.9955245261205834,7367.2572915570145
10,111,120,9,0.46307098592982915,0.5700247977816546,0.8123698964184474,9423.0,5955.0,0.5644277468195746,0.3115566250312938,1.6553226561072047,1.99738534451972,7490.925510242376
10,111,121,10,0.48445245701778833,7.140289534653235,0.0678477328778679,9423.0,6421.5,0.5644277468195746,0.4254495026471069,1.6553226561072047,1.994374194137768,7778.804181877829
10,111,122,11,0.47354116046552436,0.7526838124669709,0.629136900013117,9423.0,7011.5,0.5644277468195746,0.5489415437318604,1.6553226561072047,2.0018541181607556,8128.3063734089155
10,111,123,12,0.506122846089132,7.102875479442652,0.0712560494061831,9423.0,7917.0,0.5644277468195746,0.6822030908180214,1.6553226561072047,2.0143984172979277,8637.238621226115
10,112,115,3,0.33222487365509823,0.37643668521128737,0.8825517987669724,8476.0,6078.5,0.5000288613702853,0.29823331497873395,1.7217674200101405,1.966928700491313,7177.838532594614
10,112,116,4,0.3329053300129246,0.3871396178617171,0.8599102614494896,8476.0,5782.5,0.5000288613702853,0.1980366586646881,1.7217674200101405,1.9680101066234936,7000.8906576234995
10,112,117,5,0.3439416547250164,0.4022325999416274,0.8550814995475994,8476.0,5611.0,0.5000288613702853,0.1249095555581435,1.7217674200101405,1.9728288488415748,6896.291467158273
10,112,118,6,0.37608739491485355,0.4142366035639887,0.9079047860065748,8476.0,5570.5,0.5000288613702853,0.13067647052193906,1.7217674200101405,1.9912060824805764,6871.357798863337
10,112,119,7,0.3935956896783765,0.758607266856965,0.5188398620396932,8476.0,5760.0,0.5000288613702853,0.2090014632649357,1.7217674200101405,1.9955245261205834,6987.256972517899
10,112,120,8,0.3627836857109646,0.47485968868438205,0.7639808018155246,8476.0,5955.0,0.5000288613702853,0.3115566250312938,1.7217674200101405,1.99738534451972,7104.546431687248
10,112,121,9,0.38299423073265687,7.2116279107523065,0.05310787459813681,8476.0,6421.5,0.5000288613702853,0.4254495026471069,1.7217674200101405,1.994374194137768,7377.576431322145
10,112,122,10,0.37237632525193953,0.6576579409181769,0.5662158123295117,8476.0,7011.5,0.5000288613702853,0.5489415437318604,1.7217674200101405,2.0018541181607556,7709.051433217967
10,112,123,11,0.4051379033889315,7.174279996219427,0.05647087980987971,8476.0,7917.0,0.5000288613702853,0.6822030908180214,1.7217674200101405,2.0143984172979277,8191.733149950625
10,113,116,3,0.22429764556391654,0.2750514590643061,0.8154752071737837,7531.5,5782.5,0.4327966234674971,0.1980366586646881,1.8044350316653501,1.9680101066234936,6599.3104753451325
10,113,117,4,0.23811610557838417,0.2901151102884934,0.8207642316237823,7531.5,5611.0,0.4327966234674971,0.1249095555581435,1.8044350316653501,1.9728288488415748,6500.711230319341
10,113,118,5,0.26883700622809237,0.302141564773758,0.8897716751728486,7531.5,5570.5,0.4327966234674971,0.13067647052193906,1.8044350316653501,1.9912060824805764,6477.207789626638
10,113,119,6,0.28476657019852636,0.664218799656633,0.4287240444650709,7531.5,5760.0,0.4327966234674971,0.2090014632649357,1.8044350316653501,1.9955245261205834,6586.458836127346
10,113,120,7,0.25264756289754203,0.36275582976983933,0.696467271271261,7531.5,5955.0,0.4327966234674971,0.3115566250312938,1.8044350316653501,1.99738534451972,6697.020419559732
10,113,121,8,0.2760556128125167,7.297517848583373,0.037828699914191494,7531.5,6421.5,0.4327966234674971,0.4254495026471069,1.8044350316653501,1.994374194137768,6954.389063749597
10,113,122,9,0.26343574178310925,0.5460514549412544,0.4824375787286389,7531.5,7011.5,0.4327966234674971,0.5489415437318604,1.8044350316653501,2.0018541181607556,7266.850228950642
10,113,123,10,0.2962644588804292,7.260254861922871,0.04080634420069985,7531.5,7917.0,0.4327966234674971,0.6822030908180214,1.8044350316653501,2.0143984172979277,7721.844695407956
10,114,118,4,0.14583466241325888,0.1781179647077048,0.8187532495814025,6793.0,5570.5,0.3650003620277868,0.13067647052193906,1.8823221766814378,1.9912060824805764,6151.4556407406535
10,114,119,5,0.16170086586059104,0.5684402742180944,0.2844641261265577,6793.0,5760.0,0.3650003620277868,0.2090014632649357,1.8823221766814378,1.9955245261205834,6255.212226615497
10,114,120,6,0.13281993758510235,0.23871592769032488,0.5563932782792923,6793.0,5955.0,0.3650003620277868,0.3115566250312938,1.8823221766814378,1.99738534451972,6360.213439814736
10,114,121,7,0.153040236203621,7.394204702385835,0.020697322073628906,6793.0,6421.5,0.3650003620277868,0.4254495026471069,1.8823221766814378,1.994374194137768,6604.638483671911
10,114,122,8,0.14172067721357634,0.42304944523272,0.3349979034616524,6793.0,7011.5,0.3650003620277868,0.5489415437318604,1.8823221766814378,2.0018541181607556,6901.385331946043
10,114,123,9,0.17251767502624804,7.357032396267714,0.023449356443471386,6793.0,7917.0,0.3650003620277868,0.6822030908180214,1.8823221766814378,2.0143984172979277,7333.49718756338
9,122,130,8,0.14363718250655158,0.5886713531254804,0.24400233125652723,9109.0,8113.0,0.5089195377294816,0.3928214582621685,1.8296733348912027,1.8442551196538624,8596.58752063864
