marker_id,frame_i,frame_j,frame_gap,metric_translation_m,colmap_translation_units,scale_m_per_colmap_unit,quality,used_for_scale
2,8,10,2,0.21087262872093626,0.33164337328826465,0.6358415264870847,39.32402057907326,True
2,8,11,3,0.3091175510702928,0.4541393741279231,0.6806667042774842,39.77307996951142,True
2,8,12,4,0.4034801397579992,0.5985968597231657,0.6740431948550439,40.818675570327976,True
2,8,13,5,0.546947847384869,0.7618452008655274,0.7179251726774483,41.89087366302441,True
2,8,14,6,0.6424927473226729,0.9204143366823322,0.6980473051284294,43.965026046212735,True
2,8,15,7,0.7281162904031845,1.07967217380733,0.674386455506742,45.8217877578352,True
2,8,16,8,0.8141974880632273,1.2471534751377398,0.6528446612982454,47.47473005968862,True
2,8,17,9,0.8838684870331648,1.3647381755008583,0.647646928106767,48.84742472308311,True
2,8,18,10,0.9752890042940497,1.4547415588569224,0.6704208031702846,50.98896834736098,True
2,8,19,11,1.0456945756993556,1.575182004805034,0.6638563496215062,53.08430434061018,True
2,8,20,12,1.1588565592137907,1.727862844539588,0.6706878169618743,55.81527573758605,True
2,8,21,13,1.2259614287095677,1.8619432185838551,0.6584311575527,58.395259979471135,True
2,8,22,14,1.310170841133785,2.0026504072669744,0.6542184479026375,60.90718473237408,True
2,8,23,15,1.4181245122659136,2.183805348052563,0.6493822874509143,63.55864690255703,True
2,8,24,16,1.529734734691872,2.329735360391065,0.6566130903533582,66.28178367742665,True
2,9,11,2,0.17139376237550208,0.28290556321213545,0.605833835254004,40.94769561481562,True
2,9,12,3,0.26008648050824346,0.4367626281640516,0.5954870305674432,42.024170718862045,True
2,9,13,4,0.44979031913454326,0.6066099069951705,0.7414819869371574,43.12803396435811,False
2,9,14,5,0.5174493723733485,0.76429550491912,0.6770278891383857,45.26344214774862,True
2,9,15,6,0.5945570680029217,0.9193214351978082,0.646734695003595,47.17503947576654,True
2,9,16,7,0.675269910990116,1.0825684064615857,0.6237665046934635,48.87679800935334,True
2,9,17,8,0.742890195507037,1.1992825799922602,0.6194454984177553,50.290032370178466,True
2,9,18,9,0.8355862568775347,1.2904909961601547,0.6474948367433905,52.494822055563674,True
2,9,19,10,0.9068419186627662,1.4122347476449246,0.6421325634247683,54.65203946311939,True
2,9,20,11,1.021482533680405,1.5662493859039552,0.6521838366697013,57.46366445122335,True
2,9,21,12,1.0895182513631567,1.7002596890468555,0.6407952022752048,60.119843190931576,True
2,9,22,13,1.1711669165690528,1.8391191890361935,0.6368086003076359,62.7059524454333,True
2,9,23,14,1.2754995733816292,2.017293678939586,0.632282541058727,65.43572006619782,True
2,9,24,15,1.3841564346303479,2.1614177300610398,0.6403928381725907,68.23927905283773,True
2,10,12,2,0.23183856300626027,0.29636023154571994,0.7822863472506573,42.737444151555806,False
2,10,13,3,0.3389929447529884,0.46995040496068685,0.7213377011162411,43.86004319392474,True
2,10,14,4,0.43503955665179606,0.6244611945072605,0.6966638767603004,46.03169551727363,True
2,10,15,5,0.5293809590937582,0.7746355176545111,0.683393605158527,47.97573825860393,True
2,10,16,6,0.6223166033862251,0.9339810139067957,0.6663054110523147,49.70638062571091,True
2,10,17,7,0.6932958627600895,1.0497324075686958,0.6604500897193833,51.143601718611976,True
2,10,18,8,0.7805028684440876,1.1415286601715982,0.683734798499724,53.38581315153821,True
2,10,19,9,0.8551451390731081,1.264030848553539,0.6765223649815757,55.57964486555217,True
2,10,20,10,0.9606390082447599,1.41885488527934,0.6770523315748617,58.4389913761135,True
2,10,21,11,1.0302510956182713,1.5526270187496138,0.6635535020174835,61.140253259524776,True
2,10,22,12,1.1172613646153873,1.6900870805026154,0.6610673364138875,63.77025637305396,True
2,10,23,13,1.228923679048942,1.8663348696366002,0.6584690127384425,66.54635615666696,True
2,10,24,14,1.3394546938801366,2.00939300051218,0.6665966754829539,69.39749976206205,True
2,11,13,2,0.28669267868848425,0.3376652050056019,0.8490441847087206,44.36090154897647,False
2,11,14,3,0.34687986463780424,0.49065540840505223,0.706972467225804,46.557352986307265,True
2,11,15,4,0.43150894555842634,0.6403264343907648,0.6738890078292383,48.52359566130538,True
2,11,16,5,0.5199510595830539,0.8005887134128024,0.6494608915563801,50.274001043358325,True
2,11,17,6,0.5896809169085396,0.9168257466200787,0.6431766549777056,51.727634436385344,True
2,11,18,7,0.678592461372192,1.0083360311673746,0.6729824586220224,53.995450730779865,True
2,11,19,8,0.7533244731632038,1.1305295392157277,0.66634656329794,56.21433483561531,True
2,11,20,9,0.8613768940759631,1.2850953658261535,0.6702824685094144,59.106333561849816,True
2,11,21,10,0.9311524315814119,1.4189546434355313,0.6562242393646445,61.8384424186101,True
2,11,22,11,1.01611855616704,1.556979902380687,0.6526214979482732,64.4984787682535,True
2,11,23,12,1.125122274573198,1.7344491745615798,0.6486914065138849,67.30628013421406,True
2,11,24,13,1.234203797630242,1.8785409297166085,0.6570012812105354,70.18998228247017,True
2,12,14,2,0.28993947146731397,0.32857189459159386,0.882423226818292,47.781300528349846,False
2,12,15,3,0.3420123565288624,0.4827498639496886,0.7084670179513637,49.799233811485216,True
2,12,16,4,0.41743351730663525,0.6487967961470287,0.6433963912670702,51.59565564910366,True
2,12,17,5,0.48516006222769814,0.7667168023450993,0.6327760924813117,53.08750365065771,True
2,12,18,6,0.5789835191286677,0.8568690215943939,0.6756966403702414,55.41493863042175,True
2,12,19,7,0.648429874914832,0.9774760173500073,0.6633716463681246,57.69215504094024,True
2,12,20,8,0.7659820733743502,1.130589329253604,0.6775069015378365,60.66018160178136,True
2,12,21,9,0.8322010911804741,1.2647239316334344,0.6580100766383521,63.46411494394158,True
2,12,22,10,0.9133946405974026,1.4048802501626196,0.6501583608223364,66.1940810628493,True
2,12,23,11,1.0184955258904926,1.5860521837727917,0.6421576391438557,69.07569679668045,True
2,12,24,12,1.1287231569481238,1.7328189065322577,0.6513797562417766,72.0352086705749,True
2,13,15,2,0.29948799872405724,0.3204679484042939,0.9345333916084211,51.10732729478363,False
2,13,16,3,0.40772079239266734,0.4939234404185333,0.8254736645970459,52.950936358373035,False
2,13,17,4,0.4744220212982952,0.6128947967301773,0.7740676276407616,54.48197124091991,False
2,13,18,5,0.535730354454445,0.7001647393300381,0.7651490061711271,56.870541750225534,False
2,13,19,6,0.6182431587247108,0.817748301764802,0.7560311129848458,59.20757458197523,False
2,13,20,7,0.6905854909532195,0.9682794666237651,0.7132088562831763,62.25356331021013,True
2,13,21,8,0.7648140375116173,1.1023998513708149,0.6937718982459807,65.13114852714351,True
2,13,22,9,0.8592331839555574,1.244919652187527,0.6901916781904314,67.93282359850795,True
2,13,23,10,0.9806780855423533,1.4302520877463079,0.685667997931496,70.89013171702645,True
2,13,24,11,1.0870266396299186,1.5799329231066486,0.6880207531168349,73.9273821001245,True
2,14,16,2,0.23821441597581744,0.3412355499153095,0.6980937831211881,55.57270814864999,True
2,14,17,3,0.3049398014397384,0.45961885640755035,0.6634623388239409,57.17954951057287,True
2,14,18,4,0.37096220302256866,0.5445421702954324,0.6812368688017482,59.686385856350235,True
2,14,19,5,0.45321876327323724,0.6604072557281868,0.6862716291230072,62.13913272778686,True
2,14,20,6,0.5368141702789541,0.8099701760996737,0.6627579460566392,65.33593819072762,True
2,14,21,7,0.610163988854448,0.9440050510247587,0.6463566992486834,68.35600194089814,True
2,14,22,8,0.7019874533200682,1.087116168945215,0.645733614652405,71.29639698914669,True
2,14,23,9,0.820433918121076,1.273906861075115,0.6440297506747629,74.40013097911368,True
2,14,24,10,0.9282085526926677,1.4247628637867678,0.6514828370986969,77.58776543324157,True
2,15,17,2,0.1771870743887028,0.295289453743542,0.6000453864586347,59.59439621411983,True
2,15,18,3,0.25301380769086046,0.3803404381421498,0.665229837055344,62.20710302473555,True
2,15,19,4,0.33152747079719275,0.497363181502001,0.6665701908130869,64.76343601652152,True
2,15,20,5,0.4314793120959746,0.6486141298621686,0.6652326741442783,68.09525120234645,True
2,15,21,6,0.5012174312333524,0.7828095875415462,0.6402801386317348,71.2428603958446,True
2,15,22,7,0.5891410360273877,0.9246161151109165,0.637173662019415,74.30743626311265,True
2,15,23,8,0.7039044528914272,1.1099889496690827,0.6341544689262717,77.54224931646003,True
2,15,24,9,0.8139763147541236,1.2603870550685887,0.6458145626621244,80.86450617701735,True
2,16,18,2,0.16221888656828745,0.2090103979990173,0.7761283080713054,64.45111743571314,False
2,16,19,3,0.23342800131806762,0.3306829350619497,0.7058967263440357,67.09966575008927,True
2,16,20,4,0.3500924376796849,0.48567727180275827,0.7208334793600623,70.55167044688903,True
2,16,21,5,0.41482617927756643,0.6191607588725762,0.6699813793640919,73.81282423653286,True
2,16,22,6,0.4969689467664612,0.7568868058036454,0.6565961289796705,76.98794941529913,True
2,16,23,7,0.6066106596664653,0.9377621372499944,0.646870496867535,80.33945279427772,True
2,16,24,8,0.7176220330901941,1.0862414098057127,0.660646912014291,83.78155436564073,True
2,17,19,2,0.16434972015559415,0.2174775136897526,0.7557090264975667,69.03980006943974,False
2,17,20,3,0.2876851827052598,0.37373258828479045,0.7697621018963401,72.59161678032264,False
2,17,21,4,0.34943698838393394,0.5056847060183377,0.6910175139274675,75.94706427943936,True
2,17,22,5,0.4283622850698733,0.6405120807391155,0.6687809612826771,79.21399571772562,True
2,17,23,6,0.5358745376547667,0.8193615685711837,0.6540147331894436,82.66240519384027,True
2,17,24,7,0.6467307889067019,0.967385746317594,0.6685345441242209,86.20403243816511,True
2,18,20,2,0.18918160725260968,0.28083080562822516,0.673649768690461,75.77414103770606,True
2,18,21,3,0.25436600623509986,0.4127336553362996,0.6162957707624784,79.27669633706137,True
2,18,22,4,0.3378704578731238,0.5486590158846336,0.6158113656956067,82.68685490005845,True
2,18,23,5,0.4513025509995862,0.7304409272889554,0.6178494853438782,86.28644776750515,True
2,18,24,6,0.5609930001287021,0.8805180960114665,0.6371169458865916,89.98334520852204,True
2,19,21,2,0.19153105792086073,0.2889758982175346,0.6627924996591945,82.53448563237134,True
2,19,22,3,0.2653799109801111,0.4275437579284384,0.6207081873115078,86.08478093889022,True
2,19,23,4,0.374377719906856,0.6143757274232587,0.6093628104043535,89.83229514580826,True
2,19,24,5,0.48719432378624006,0.7675970501396364,0.6347006201985961,93.68111255152697,True
2,20,22,2,0.1720973201119102,0.2787984318169456,0.6172822386063722,90.51349253979164,True
2,20,23,3,0.29656608628121944,0.4737900189200064,0.6259441407339799,94.45380109969182,True
2,20,24,4,0.3998193073499873,0.6310695474771344,0.6335582329211884,98.50062449565121,True
2,21,23,2,0.224707241615827,0.3483430288821761,0.6450746045841848,98.8197979563418,True
2,21,24,3,0.33036445643411555,0.5074177796180938,0.6510699264081035,103.05368018974839,True
2,22,24,2,0.2354600847619546,0.36046404980569785,0.6532137806499023,107.4866271487546,True
2,216,218,2,0.24047874373063727,0.36668496786623067,0.6558183858204018,80.44214849675926,True
2,216,219,3,0.36283437124033796,0.5724746551080339,0.6337998861659057,75.3478419163025,True
2,216,220,4,0.4449180799341056,0.7013797896747346,0.6343468780878855,72.70668732857992,True
2,216,221,5,0.5369089417002189,0.8395197430937852,0.6395429602663188,70.26114650821138,True
2,216,222,6,0.6904240717626037,1.0253156620295314,0.6733770850588234,66.70219521763677,True
2,216,223,7,0.7985188029508494,1.174907971205677,0.6796437019074938,64.0053945813792,True
2,216,224,8,1.632202576551185,1.2998401922029985,1.2556948049012788,62.807545752930174,False
2,216,225,9,1.695792857522924,1.4219350677691813,1.1925951444346805,61.561116453588376,False
2,216,226,10,1.000938497784484,1.5204962236640922,0.6582972599382207,60.56123879533853,True
2,216,227,11,1.0459218729242827,1.6183331601154276,0.6462957682024401,59.2616213683863,True
2,216,228,12,1.1319356423384916,1.717168180342788,0.6591874082552183,57.776857775031964,True
2,217,219,2,0.2835166411362825,0.4268059458906313,0.6642752845081812,71.17966044914962,True
2,217,220,3,0.36587569845584245,0.556803391202023,0.6571003414077502,68.68461238982185,True
2,217,221,4,0.4581704161403807,0.6965331297877445,0.6577869688409503,66.37435690298615,True
2,217,222,5,0.6128797771661433,0.8831419800505064,0.6939764964304981,63.01228390958096,True
2,217,223,6,0.7197012043491833,1.0324548072184567,0.6970776825458685,60.46466809596425,True
2,217,224,7,1.5979474169060461,1.1559314640994043,1.38238941194582,59.333083292604854,False
2,217,225,8,1.6602425691552216,1.276843824382589,1.3002706654104883,58.155605450577575,False
2,217,226,9,0.921954147446741,1.3753227763313667,0.6703547438558581,57.21104021294313,True
2,217,227,10,0.9667805865565097,1.473891674091894,0.6559373416314129,55.98331656736062,True
2,217,228,11,1.0537781020783283,1.5737626961078142,0.6695914858602906,54.580688891048176,True
2,218,220,2,0.20678123810465845,0.3403536126232526,0.6075482393470307,63.7395637602428,True
2,218,221,3,0.30781427888406515,0.4826521309268443,0.6377559719729501,61.59563847942639,True
2,218,222,4,0.4649349612194231,0.6701824411110895,0.6937438713682376,58.475622824195064,True
2,218,223,5,0.5589620631588629,0.81882687771229,0.6826376592821914,56.11142631876806,True
2,218,224,6,1.494296383466324,0.9396562701068454,1.5902585136758705,55.061311610185435,False
2,218,225,7,1.5538805673986735,1.0584035610062306,1.4681361860889717,53.96860799904454,False
2,218,226,8,0.7637720290006726,1.156646076670521,0.6603333935988774,53.09204811037243,True
2,218,227,9,0.8122833232022664,1.2562621262378229,0.6465874487793745,51.95271621542881,True
2,218,228,10,0.9028951558717987,1.3576081867948975,0.6650631343078405,50.65107275999531,True
2,219,221,2,0.18571633528186407,0.27744234464479256,0.6693871316566163,57.69485919522043,True
2,219,222,3,0.3455103939836654,0.46469330506305223,0.7435235029624208,54.77243045904328,False
2,219,223,4,0.4366633905033196,0.6124953146436452,0.7129252747955697,52.557955735544745,True
2,219,224,5,1.4729220417719866,0.7320556467495691,2.012035626406229,51.57434355542682,False
2,219,225,6,1.5293835948148709,0.850639453835046,1.7979222429899722,50.550839577820675,False
2,219,226,7,0.6399202666690962,0.948914806709445,0.6743706201488728,49.72979119514976,True
2,219,227,8,0.6869256839885804,1.0483072502568385,0.655271327962562,48.66261184807063,True
2,219,228,9,0.7794131650057273,1.1498095514156574,0.6778628374117311,47.44339994057982,True
2,220,222,2,0.28557242848867603,0.33110704570419947,0.8624776554703623,52.85250213318212,False
2,220,223,3,0.35542042885029734,0.47889798889071056,0.7421631267936019,50.71565100083913,False
2,220,224,4,1.4381730228802965,0.5997874333840827,2.3978045267903125,49.76651720465348,False
2,220,225,5,1.4923857811368642,0.7207325216183936,2.0706513670088524,48.77888993110755,False
2,220,226,6,0.5616470588098569,0.8192870237776193,0.685531495690216,47.986621612304184,True
2,220,227,7,0.6112456885176489,0.9171706514496176,0.6664470647327796,46.956849914293386,True
2,220,228,8,0.7081540479153499,1.0174727334523572,0.6959931452045235,45.780374826344826,True
2,221,223,2,0.2821744659106178,0.3372578720948996,0.8366727340057992,49.00979423152153,False
2,221,224,3,1.4494690606938214,0.4620669692180595,3.1369242063476417,48.09258522145732,False
2,221,225,4,1.5015129291653375,0.587122909574229,2.5574081758352913,47.13817748935261,False
2,221,226,5,0.4683284257178363,0.685578153431531,0.6831145703428668,46.37255767545997,True
2,221,227,6,0.5095328965434064,0.7802638809255884,0.6530263786386892,45.37742307639668,True
2,221,228,7,0.5963529693717593,0.8778361778193056,0.6793442608542308,44.240519559612174,True
2,222,224,2,1.4321929177430006,0.2811631613694632,5.093814249232402,45.656542305178235,False
2,222,225,3,1.479923170570211,0.41208387142615943,3.5913154413164063,44.7504783704454,False
2,222,226,4,0.334182785920508,0.5094268411046475,0.655997601531678,44.02363964340031,True
2,222,227,5,0.3669875740425293,0.5988338815173795,0.6128370243724737,43.0789117874894,True
2,222,228,6,0.4423171332526719,0.6928889995332255,0.638366511159284,41.999596061958,True
2,223,225,2,1.3870391339350845,0.2719188011113183,5.100931337834406,42.94119581012664,False
2,223,226,3,0.21374534768773173,0.36686486312904126,0.5826269266145252,42.243743509347674,True
2,223,227,4,0.27777741609767514,0.4512528089447574,0.6155693894676251,41.337211438067214,True
2,223,228,5,0.3877653133756696,0.5435783153151572,0.7133568474872845,40.30153294705019,True
2,224,226,2,1.3778012068680483,0.23240856594522322,5.928358110487135,41.45315985615831,False
2,224,227,3,1.4465186964871921,0.3202977523517166,4.516168739450849,40.56359336077402,False
2,224,228,4,1.482093293766966,0.41913871888474036,3.5360448152119517,39.547297396421015,False
2,225,227,2,1.479775512432213,0.20094043298839187,7.3642496456534365,39.7586000969018,False
2,225,228,3,1.5129892200884087,0.3118454531982421,4.851727689377571,38.76247274527815,False
2,226,228,2,0.19193358421481058,0.2250773393175489,0.8527450377579874,38.13289140060352,False
3,10,12,2,0.3423872005936823,0.29636023154571994,1.155307508054979,10.359598660006837,False
3,10,13,3,0.7462351637896361,0.46995040496068685,1.5879019486153256,10.595644477033796,False
3,10,14,4,1.3095230199400174,0.6244611945072605,2.0970446706032937,11.044989875971524,False
3,10,15,5,1.651895235974699,0.7746355176545111,2.132480629053014,11.506501747669319,False
3,10,72,62,3.3016035802698482,5.2548413851382,0.6282974762297259,23.945979261189382,True
3,10,73,63,3.317578387609658,5.1978535318991845,0.6382593059326713,24.000084681406655,True
3,10,74,64,3.2571475409948896,5.143540665824275,0.6332500805596173,23.715585906516527,True
3,10,75,65,3.20074510797503,5.094452427266376,0.6282804979872023,23.460243850745005,True
3,10,76,66,3.233680766741231,5.0581809184141315,0.6392971740036282,23.4597577850531,True
3,10,77,67,3.239546478905762,5.024953071748396,0.6446918871977815,22.993898048989337,True
3,10,78,68,3.2202198783056035,4.985805620483279,0.6458775418511933,22.457003261269666,True
3,10,79,69,3.195739031417245,4.946709950279088,0.646033234925558,21.8511341715229,True
3,10,80,70,3.1843641436684633,4.908406109868553,0.6487572691400102,21.661295575898563,True
3,10,81,71,3.1482926897256824,4.854464682834677,0.6485355019386595,21.249496074356045,True
3,10,82,72,3.1278341557453815,4.78349782170942,0.6538801254492106,20.989117215546905,True
3,10,83,73,3.0959833777221286,4.731558044168363,0.6543264076698632,20.62799697545195,True
3,10,84,74,3.0767852882995657,4.741870638561945,0.6488547501229713,20.504531856000153,True
3,10,85,75,3.1152252084640515,4.825577986025947,0.6455651980934126,20.490953940046893,True
3,10,86,76,3.236185759580326,4.956252915542722,0.6529500844139137,20.783374754246363,True
3,10,87,77,3.2908735926555646,5.084239910665394,0.647269533003779,21.028205248252124,True
3,10,88,78,3.383094711633034,5.168620445924681,0.6545450080979566,21.653513814485894,True
3,11,13,2,0.16899014566144696,0.3376652050056019,0.5004665661617205,10.781595866978742,False
3,11,14,3,0.5774527655244187,0.49065540840505223,1.176900846566665,11.23882718561479,False
3,11,15,4,1.7832500256952184,0.6403264343907648,2.7849077125667665,11.708438496115416,False
3,11,72,61,3.1374500260731173,5.125477703120798,0.6121283142374785,24.36622629164256,True
3,11,73,62,3.1489335669176306,5.068804226264472,0.6212379540328553,24.421281250900588,True
3,11,74,63,3.0932780584982695,5.01480284248118,0.6168294458746467,24.131789580793647,True
3,11,75,64,3.0365224846161842,4.965792407943598,0.6114880033564772,23.871966324252785,True
3,11,76,65,3.058093739400912,4.928977933452233,0.6204316149695233,23.871471728207563,True
3,11,77,66,3.046940838866344,4.895056969225822,0.6224525798211974,23.397436249212053,True
3,11,78,67,3.0092224993383505,4.855300025324139,0.619780957642768,22.851119067956333,True
3,11,79,68,2.9624491946216303,4.815693425133236,0.6151656538517437,22.234617099803042,True
3,11,80,69,2.9550419600621836,4.777080065665592,0.6185874884746059,22.041446875715888,True
3,11,81,70,2.9118501501122678,4.722947054468832,0.6165324566484581,21.622420377282673,True
3,11,82,71,2.8660785751658993,4.651712363146307,0.6161340924414666,21.357471922842723,True
3,11,83,72,2.8371345285271494,4.599526497418146,0.6168318695673826,20.99001409651331,True
3,11,84,73,2.8234628847896452,4.609666419149916,0.6125091553393421,20.864382189508234,True
3,11,85,74,2.851998363443261,4.6932820896240575,0.6076767407074208,20.850565983911572,True
3,11,86,75,2.9674891837779835,4.823882225537565,0.6151661763357608,21.14811872349482,True
3,11,87,76,3.0162509059712144,4.951938445744634,0.6091050886472911,21.39724594251434,True
3,11,88,77,3.120808469503967,5.036682705220569,0.6196158567362641,22.0335285459846,True
3,12,14,2,1.5077620293499623,0.32857189459159386,4.588834450445223,11.354284586364063,False
3,12,15,3,1.5178704762511803,0.4827498639496886,3.14421730507079,11.828720252678457,False
3,12,72,60,3.264680988314566,4.981743601898209,0.6553289870379146,24.616542548600616,True
3,12,73,61,3.28103748053753,4.925807624063991,0.666091274963463,24.672163092006294,True
3,12,74,62,3.2191058624739086,4.872516932748545,0.6606659159741572,24.37969745004116,True
3,12,75,63,3.1629075724203144,4.823685200218432,0.6557035629682234,24.117205007707245,True
3,12,76,64,3.2001311952757776,4.78566423896394,0.6686911232135629,24.116705330635963,True
3,12,77,65,3.213432532782508,4.750158345039246,0.6764895608455677,23.637800045978008,True
3,12,78,66,3.2012836133468934,4.7089614152938735,0.6798279558948371,23.085870503157267,True
3,12,79,67,3.1851286442215545,4.66808751704778,0.6823198221090578,22.463035159321244,True
3,12,80,68,3.173890241512648,4.628657475575499,0.6857042799690047,22.26788048155339,True
3,12,81,69,3.1416362691724187,4.574002466230814,0.6868462123417414,21.84454928926243,True
3,12,82,70,3.127984867584045,4.5020234186315164,0.6947953346130885,21.576878997447732,True
3,12,83,71,3.0979515192986473,4.449127214749906,0.69630544818503,21.20564624649208,True
3,12,84,72,3.0783633292416175,4.458730376119797,0.6904125321703257,21.07872371252083,True
3,12,85,73,3.1200329994679836,4.542021087168206,0.6869261369751185,21.064765571901937,True
3,12,86,74,3.2424264995270176,4.672368611971985,0.693957769346144,21.36537509537649,True
3,12,87,75,3.2971349755948665,4.80065967288777,0.6868087305200539,21.6170616189114,True
3,12,88,76,3.3839853037537693,4.88646916709213,0.6925215709009644,22.259880806166194,True
3,13,15,2,1.6771381950050939,0.3204679484042939,5.2334038500763285,12.098240340093211,False
3,13,72,59,3.0556806479676784,4.82856922521214,0.6328335590618831,25.17743608212091,True
3,13,73,60,3.0677071121179567,4.77344563815779,0.6426609507386939,25.234323952287262,True
3,13,74,61,3.010669005960027,4.720939724423387,0.6377266353104623,24.935194413999916,True
3,13,75,62,2.9533888222339844,4.672316696370914,0.6321037322936485,24.66672102153004,True
3,13,76,63,2.9773385506410968,4.6330002140542765,0.6426372573023621,24.66620995920278,True
3,13,77,64,2.9696456950741394,4.595788586609732,0.6461667326748852,24.176392708463357,True
3,13,78,65,2.9351673007875196,4.553045227586989,0.64466025573462,23.61188732519241,True
3,13,79,66,2.8922599034484784,4.510812668661404,0.6411837768263527,22.974860536066462,True
3,13,80,67,2.8845163466377906,4.4705113352331205,0.645231860593722,22.775259214478503,True
3,13,81,68,2.8426280373396167,4.415306843108168,0.6438121150688907,22.34228232446924,True
3,13,82,69,2.800548397868276,4.342542528021924,0.6449098379110076,22.068513104037823,True
3,13,83,70,2.771635281226574,4.28889318727375,0.6462355578009564,21.688821730225982,True
3,13,84,71,2.7572318300818615,4.297916668429838,0.6415275220050191,21.55900723738512,True
3,13,85,72,2.787997883075244,4.3808411404444305,0.6364069806905632,21.54473105735035,True
3,13,86,73,2.905781088739998,4.510891902912838,0.6441699671108579,21.85219003734377,True
3,13,87,74,2.9555585670560753,4.639409336808541,0.6370549249894837,22.109611295691508,True
3,13,88,75,3.058432715606868,4.726343278271099,0.6471033810996576,22.76707726466401,True
3,14,72,58,3.010568755543347,4.6726523208453425,0.6442954769206318,26.245173404288682,True
3,14,73,59,3.0174171347204966,4.61780682861544,0.653430783640036,26.30447380375139,True
3,14,74,60,2.9631898891470176,4.565590688305685,0.6490266192142321,25.992658630153507,True
3,14,75,61,2.9057031828266457,4.517055340528237,0.6432737621688834,25.712799683562302,True
3,14,76,62,2.9242732558811784,4.47726126752576,0.6531388456356938,25.71226694784785,True
3,14,77,63,2.910726157937385,4.439452508356227,0.6556498019651357,25.201677281761995,True
3,14,78,64,2.8677498480696473,4.396206051394978,0.6523238025114109,24.61323207140472,True
3,14,79,65,2.8135469332770526,4.353583538638196,0.646260008176421,23.94918993108289,True
3,14,80,66,2.8116596275180683,4.313077048452459,0.6518918155025535,23.74112381665747,True
3,14,81,67,2.7688464815495255,4.257761092756962,0.6503057407940795,23.289785025794163,True
3,14,82,68,2.7073855237957067,4.184843810971466,0.6469501960139383,23.00440566311625,True
3,14,83,69,2.6869580738545937,4.1310621653134065,0.6504278963448484,22.608612147314982,True
3,14,84,70,2.679356809177166,4.14000449097131,0.6471869330143037,22.47329241643033,True
3,14,85,71,2.7041147010376045,4.222895973946205,0.6403460368716277,22.458410805000902,True
3,14,86,72,2.8180446479500305,4.352902674424939,0.6473943615847836,22.77890865944142,True
3,14,87,73,2.8596746416770484,4.481418194044941,0.6381182290635318,23.04724676746999,True
3,14,88,74,2.967300613771495,4.56853397105639,0.6495082738949975,23.732594882616446,True
3,15,72,57,3.432610588450628,4.508618037149001,0.7613442877989328,27.341820774441295,False
3,15,73,58,3.4386009676880334,4.453640845372634,0.7720876215828596,27.403599024826075,False
3,15,74,59,3.3773201812048437,4.401318186279314,0.7673428818969087,27.078754739748064,False
3,15,75,60,3.319340504897059,4.352756105608825,0.7625836192889054,26.787201963854795,False
3,15,76,61,3.3565089577034044,4.313135519968058,0.7782062358495664,26.786646967924675,False
3,15,77,62,3.375929502069709,4.275636330804766,0.7895735841112302,26.25472245272524,False
3,15,78,63,3.3624972883375492,4.232757178088797,0.7943988154444065,25.641689220697216,False
3,15,79,64,3.3417329145628765,4.190536021850275,0.7974476050649432,24.94990026172661,False
3,15,80,65,3.3433838662346504,4.150334550656676,0.8055697258684007,24.73314016179431,False
3,15,81,66,3.317537513868595,4.095232021416919,0.8100975711556271,24.26294230338271,False
3,15,82,67,3.2781688659158945,4.022647868097116,0.8149281203344821,23.965638442331112,False
3,15,83,68,3.2700368119513015,3.969221022626091,0.823848506624053,23.553306803060785,False
3,15,84,69,3.2634989189920507,3.9784694682755273,0.8202900499841258,23.412332774347025,False
3,15,85,70,3.3014356358630845,4.0615787536459536,0.8128454071952902,23.39682933886689,False
3,15,86,71,3.422633189238234,4.191760167367553,0.8165145553610395,23.730719108224395,False
3,15,87,72,3.4613375134678415,4.320134436337914,0.8012106022334675,24.010269650476516,False
3,15,88,73,3.5475048234777904,4.406668579010665,0.8050310024163959,24.724254848584355,False
3,72,74,2,0.05604201605858597,0.14538803366816255,0.38546512147277356,56.35312222919377,False
3,72,75,3,0.11387344449867111,0.19047870065450392,0.5978277051837845,55.74637685356329,True
3,72,76,4,0.09132933598060786,0.198655447924829,0.4597373841726544,55.74522186125337,False
3,72,77,5,0.1312152946772641,0.24265151531769966,0.5407561312999264,54.63824306884464,False
3,72,78,6,0.20446675241966084,0.3195410786657325,0.6398762665301968,53.362470346389145,True
3,72,79,7,0.2939227733529981,0.40241801411750827,0.7303916898391408,51.92280045992819,True
3,72,80,8,0.2880900293023588,0.46962033337592046,0.6134530573482414,51.471704812314556,True
3,72,81,9,0.33260616693385564,0.5350005021119825,0.6216931864939389,50.4931842842609,True
3,72,82,10,0.4238933899339739,0.6240253380920379,0.6792887468801044,49.874470426032424,True
3,72,83,11,0.4338846530009112,0.6977889846575083,0.6217992294817786,49.016374273159606,True
3,72,84,12,0.4304231713089204,0.7198281579329302,0.5979526732393052,48.72299569103495,True
3,72,85,13,0.4433233364212763,0.6873139904328284,0.645008456967533,48.690731762985784,True
3,72,86,14,0.4271191025476641,0.6375916149968531,0.6698944786935007,49.38558391422085,True
3,72,87,15,0.43544719498851886,0.5729793228481539,0.7599701727873999,49.96735165162892,False
3,72,88,16,0.39382856844461295,0.4725710390509445,0.8333743202620529,51.45321374261148,False
3,73,75,2,0.12198752085367788,0.11667821293238692,1.0455038501863894,55.8723345816793,False
3,73,76,3,0.0932265167320053,0.1413723823623208,0.6594393839461281,55.871176979689324,True
3,73,77,4,0.12888014802080386,0.2122240252013812,0.6072834962889258,54.76169699273426,True
3,73,78,5,0.20038301370595882,0.30368569435787496,0.6598368557651574,53.4830416895124,True
3,73,79,6,0.2886873067677315,0.39394282412648157,0.7328152439579504,52.04011890020159,True
3,73,80,7,0.2853948703218592,0.4632420702746509,0.6160815017354788,51.58800401176652,True
3,73,81,8,0.3314661980891944,0.5266142849318467,0.6294288012564871,50.6072725378257,True
3,73,82,9,0.4192749172799905,0.6138289873446837,0.6830484156404866,49.98716070906829,True
3,73,83,10,0.4323272681463922,0.6874108016873778,0.6289212608896521,49.12712570656934,True
3,73,84,11,0.43089537870821715,0.713180859581009,0.6041880862609893,48.83308424190831,True
3,73,85,12,0.4417866899396396,0.6896200103907193,0.6406233625519882,48.800747414214236,True
3,73,86,13,0.4217849131954514,0.6538445014253496,0.6450844386944917,49.49716956879815,True
3,73,87,14,0.4268200164782789,0.6026061464952851,0.7082901808430498,50.08025179777734,True
3,73,88,15,0.38254302676405005,0.5111624334972515,0.7483786008036268,51.569471161892935,False
3,74,76,2,0.05255336656774896,0.10753506637654113,0.4887091098612418,55.20887592478074,False
3,74,77,3,0.11667691079704895,0.20388260038305528,0.5722749787271498,54.11254779546467,False
3,74,78,4,0.1902665506374315,0.30359210260549196,0.6267177209305628,52.84904976656507,True
3,74,79,5,0.2784996619519612,0.39714913376145433,0.701247058791876,51.42323149047866,True
3,74,80,6,0.27371665876825024,0.4663893475897098,0.5868844564800034,50.97647600529474,True
3,74,81,7,0.3156465151287059,0.5264554105815187,0.5995693249311373,50.0073701946187,True
3,74,82,8,0.402996877583558,0.610510939579078,0.6600977172684369,49.39460921724029,True
3,74,83,9,0.41336344297812183,0.6829965523528495,0.6052203946771464,48.5447691331269,True
3,74,84,10,0.40962647382571993,0.7119953714213508,0.5753218212753066,48.254213257686644,False
3,74,85,11,0.42725064284712194,0.6969864559215567,0.6129970521194854,48.22225975313434,True
3,74,86,12,0.42571065127563223,0.6742619378643807,0.6313728053877758,48.91042646810561,True
3,74,87,13,0.4378952652691602,0.6353566318064439,0.6892117644607532,49.48659679731417,True
3,74,88,14,0.40892496833550124,0.5524947125536505,0.740142772489958,50.95816284519118,False
3,75,77,2,0.11909305062009844,0.18814443964854183,0.6329873518588538,53.529926339195605,True
3,75,78,3,0.1824906132603113,0.2891262554561618,0.6311796656875428,52.28003219870231,True
3,75,79,4,0.26431474013613515,0.382687942774816,0.6906795605307721,50.869565488088824,True
3,75,80,5,0.258945188648058,0.45068740934606893,0.5745560742949932,50.42762015031023,False
3,75,81,6,0.29542458760754653,0.5077353341055075,0.5818476039844752,49.468948552431364,False
3,75,82,7,0.3790347772530211,0.588924713517618,0.6436048081410359,48.86278507798951,True
3,75,83,8,0.3873510212951258,0.6602080350994991,0.5867105528892096,48.022095090989886,True
3,75,84,9,0.38205288164974566,0.6911279581211787,0.552796160479965,47.7346675858477,False
3,75,85,10,0.405411470690443,0.6819202039710812,0.5945145316557238,47.703058119750686,True
3,75,86,11,0.42109721130806366,0.6685986743999633,0.6298205895875865,48.383815449838664,True
3,75,87,12,0.4391741044379382,0.6393259018483788,0.6869330699229074,48.953782241976086,True
3,75,88,13,0.4251095670154071,0.5639479436476573,0.7538099425733636,50.40950416517705,False
3,76,78,2,0.14115705349575547,0.20617946412178748,0.6846319738825971,52.27894902453817,True
3,76,79,3,0.22787973172631312,0.2996151295582372,0.7605748483473007,50.86851153695758,False
3,76,80,4,0.22357176458169878,0.3675226020906795,0.6083211299383882,50.426575355710675,True
3,76,81,5,0.264892551969673,0.42487006633444213,0.6234672031734975,49.467923620258496,True
3,76,82,6,0.3507988728082829,0.5068223525804871,0.6921535149785515,48.8617727047342,True
3,76,83,7,0.36160072869095866,0.5785810617076356,0.6249785079790257,48.021100135735985,True
3,76,84,8,0.35852733392094643,0.608898178557066,0.5888132803592304,47.733678585717286,True
3,76,85,9,0.37634664702644194,0.5988850840684097,0.6284121228563649,47.70206977452723,True
3,76,86,10,0.3795406805009525,0.5872100968405465,0.6463456308790525,48.38281300021013,True
3,76,87,11,0.3938748740434352,0.5630201063181508,0.699575147713934,48.95276798337808,True
3,76,88,12,0.37389934224592225,0.49436491006109984,0.7563225759686525,50.408459745917106,False
3,77,79,2,0.1641200363723801,0.19480194513215124,0.8424969076209331,49.85837359880453,False
3,77,80,3,0.15909443788339783,0.2633770784508231,0.6040557470649573,49.42521330836772,True
3,77,81,4,0.20375001426934508,0.32268387483543204,0.6314229813102904,48.48559831014644,True
3,77,82,5,0.2927807887379631,0.4070750653068168,0.7192304655587074,47.89148423268793,True
3,77,83,6,0.30391529930379324,0.4799497923762986,0.6332231081902673,47.06750559142322,True
3,77,84,7,0.3023872698029555,0.5085310601309992,0.5946289096383995,46.785791607895945,True
3,77,85,8,0.314865729684395,0.4952029778452113,0.6358316564542441,46.75481047890846,True
3,77,86,9,0.30950714252000355,0.48326823454680223,0.6404458650385995,47.422035625574956,True
3,77,87,10,0.3237599094987882,0.4648686195343411,0.6964546452352463,47.980672543123504,True
3,77,88,11,0.3066308096611748,0.4062593279728124,0.7547662011632508,49.40745743516113,False
3,78,80,2,0.08610425641413208,0.16315760408237634,0.5277367052451877,48.27116194436413,False
3,78,81,3,0.13289852497607252,0.22453423596585378,0.591885350598753,47.35348643608638,True
3,78,82,4,0.21998210038505195,0.31126331538151786,0.7067395658734091,46.77324459337548,True
3,78,83,5,0.23270811609872552,0.38495227514767644,0.6045116008457241,45.96850539714723,True
3,78,84,6,0.2338958577880235,0.4116766878857347,0.5681542449956355,45.69336927915025,False
3,78,85,7,0.2425996541826051,0.39578682330435966,0.612955358536649,45.66311154237036,True
3,78,86,8,0.23971533905536513,0.38680960561635064,0.6197243697539455,46.31475735130485,True
3,78,87,9,0.2572714669558445,0.37993651336983936,0.677143306585567,46.86035040614597,True
3,78,88,10,0.25778491771328454,0.33919674362347757,0.759986416613234,48.25382066096548,False
3,79,81,2,0.06224860747580744,0.13458857858147913,0.4625103268931732,46.0759333543336,False
3,79,82,3,0.13276635755961785,0.2236276297689963,0.5936938905839289,45.51134589760583,True
3,79,83,4,0.15071448567390516,0.2975876559744017,0.5064540905785069,44.72831781744368,False
3,79,84,5,0.15881333955632948,0.32169724527351085,0.4936732965223388,44.46060461636165,False
3,79,85,6,0.15974477075519392,0.3030496002278832,0.5271241758282181,44.431163205216464,False
3,79,86,7,0.16683799266753466,0.3004855224625411,0.5552280565807721,45.06522821547968,False
3,79,87,8,0.1905018998588471,0.3122522931615127,0.6100896743784997,45.59610167645233,True
3,79,88,9,0.22505515066645917,0.29820429363260725,0.7547012416384954,46.951977398063015,False
3,80,82,2,0.1414203990555349,0.15654177435327513,0.9034035779892522,45.115951776533855,False
3,80,83,3,0.1495796170264522,0.23008591031078307,0.6501033323788106,44.339726498913016,True
3,80,84,4,0.15196662399709476,0.2522222696989358,0.6025107306285411,44.07433914040394,True
3,80,85,5,0.15669637849849744,0.23373702020869716,0.6703960645968178,44.04515351077111,True
3,80,86,6,0.1679902503168561,0.24495975889405783,0.6857871312222751,44.673709881979796,True
3,80,87,7,0.19800015867418794,0.2812736924349216,0.7039412643256685,45.199971212914065,True
3,80,88,8,0.2319051373066264,0.2947034133566773,0.786910252125086,46.544067338060266,False
3,81,83,2,0.10290983943528507,0.16353732953285213,0.6292743053176252,43.496790894862635,True
3,81,84,3,0.10272909289129283,0.18740643132183826,0.5481620463434006,43.236448773909494,False
3,81,85,4,0.11161812376151498,0.1807417121138163,0.6175559723105148,43.20781798771587,True
3,81,86,5,0.1529181827086699,0.22392479580184238,0.6828997305148451,43.824424972081644,True
3,81,87,6,0.1941087479781012,0.2909006330485778,0.6672682212612676,44.340681631180814,True
3,81,88,7,0.24970869364435055,0.3288748264238267,0.7592818713419757,45.65922535515965,False
3,82,84,2,0.0809913412170011,0.1030503415893156,0.78593957058167,42.70665469543737,False
3,82,85,3,0.07089386460110134,0.129312833083445,0.5482353368234832,42.67837473410141,False
3,82,86,4,0.14981804736740784,0.22387621946353967,0.6692003631578525,43.28742617821526,True
3,82,87,5,0.1856397553582235,0.32406446151808727,0.5728482367013954,43.79735693107749,False
3,82,88,6,0.2736127617099533,0.38724466308677996,0.706563027954856,45.099743993790646,True
3,83,86,3,0.15456896279995258,0.24140238509736475,0.6402959222528407,42.542660899426366,True
3,83,87,4,0.20248661622933012,0.3587631852963171,0.5644018799255787,43.04381823347281,False
3,83,88,5,0.29292830179522267,0.43749259373770916,0.6695617388458982,44.323797572985725,True
3,84,86,2,0.16861128840681963,0.21927811355020305,0.7689380653496757,42.28802954980984,False
3,84,87,3,0.22113023370523682,0.34314161429315354,0.6444284939346363,42.7861872978962,True
3,84,88,4,0.30803323605946403,0.4308875397308234,0.71488081612175,44.05850555416207,True
3,85,87,2,0.17716080794339267,0.25880580100561407,0.6845318275518472,42.75785467078863,True
3,85,88,3,0.2715534448767318,0.35401402263788545,0.7670697416257403,44.02933040938715,False
3,86,88,2,0.15390763697323193,0.23820401699471536,0.6461168829770256,44.65766097343218,True
3,220,222,2,0.7640432848894076,0.33110704570419947,2.3075416086795677,12.47194979551089,False
3,220,223,3,1.368305388695596,0.47889798889071056,2.8571959382520133,12.117240366413615,False
3,220,224,4,1.1209270560935878,0.5997874333840827,1.8688738604761426,11.724664987198981,False
3,220,225,5,1.5212695794124769,0.7207325216183936,2.1107269809283613,11.594953136622301,False
3,220,226,6,1.1971036592023614,0.8192870237776193,1.4611529591701353,11.586006560854873,False
3,221,223,2,1.5371015965904913,0.3372578720948996,4.557644828399951,11.885451415215256,False
3,221,224,3,1.7467103715258099,0.4620669692180595,3.780210419458698,11.500385554064378,False
3,221,225,4,2.1887827852349626,0.587122909574229,3.727980546393989,11.373154942853594,False
3,221,226,5,0.7354149691483011,0.685578153431531,1.0726931210793713,11.364379504849488,False
3,222,224,2,1.0977207879544946,0.2811631613694632,3.904212709118147,10.938084904186221,False
3,222,225,3,1.5457920496050919,0.41208387142615943,3.7511588217596126,10.817075115314992,False
3,222,226,4,0.6222230136250567,0.5094268411046475,1.2214178041263404,10.808728744186034,False
3,223,225,2,1.2543071855284358,0.2719188011113183,4.61280051398486,10.509431274410762,False
3,223,226,3,1.1952929583838259,0.36686486312904126,3.2581287512491834,10.501322278879583,False
3,224,226,2,1.673110275417258,0.23240856594522322,7.1990043422564565,10.161099550665567,False
18,0,10,10,0.5970513336848374,1.1162686008369205,0.5348635025989258,26.949979709868238,False
18,0,11,11,0.695390258549958,1.243434938038394,0.5592494124758831,28.08747218523939,False
18,0,12,12,0.780896131414026,1.3874392708824979,0.5628326571132208,29.726157025904758,False
18,0,46,46,3.515452397673689,5.598082960685652,0.6279743302059099,43.706238098341295,True
18,0,50,50,3.6720255220373743,5.883666629195481,0.6241049592810595,38.21310938703998,True
18,0,52,52,3.8293335037251226,6.088312161852724,0.6289647117173809,36.0395230790595,True
18,0,53,53,3.898850185109163,6.194922177760587,0.6293622539934094,34.8961585872273,True
18,0,54,54,3.9476036158200536,6.28275296790952,0.6283238631191244,34.085514008537224,True
18,10,12,2,0.20688877828179444,0.29636023154571994,0.6980989898770457,37.761357355460824,True
18,10,46,36,2.9411180630153417,4.482538563769563,0.6561277769670824,55.52035784699922,True
18,10,50,40,3.0959847881590488,4.767657648586314,0.649372294815895,48.542395775204035,True
18,10,52,42,3.2533524286309623,4.97288483833127,0.6542183328988322,45.781272995456185,True
18,10,53,43,3.324302958381426,5.0798283372778625,0.6544124599617527,44.32884861628076,True
18,10,54,44,3.3727867024338427,5.167890417412808,0.6526428445675818,43.29908080614954,True
18,11,46,35,2.846276413458347,4.354876200366556,0.6535837719609049,57.86373583691845,True
18,11,50,39,3.0008784320591624,4.641022977526755,0.6465984862799277,50.59125111851861,True
18,11,52,41,3.1581482177403264,4.845385888511871,0.6517846649176308,47.71358812540692,True
18,11,53,42,3.2292977411825916,4.951980362956,0.6521224852464717,46.199860479210756,True
18,11,54,43,3.277719272641457,5.0398130798702185,0.6503652458328598,45.12662869812245,True
18,12,46,34,2.745823947751112,4.214911927233669,0.6514546436924605,61.239633322988915,True
18,12,50,38,2.902624149661899,4.503074149711256,0.6445872426613317,53.54285586712176,True
18,12,52,40,3.058542245006025,4.705533232223643,0.6499884485059056,50.49730369223336,True
18,12,53,41,3.128427309449531,4.811354244500528,0.650217620751036,48.895261849218116,True
18,12,54,42,3.176884117558719,4.898682134241278,0.6485181178326779,47.75941536793212,True
18,46,50,4,0.175011298401478,0.30541075119253497,0.5730358139591116,78.72382578596596,False
18,46,52,6,0.3150578408581683,0.4928985338142203,0.6391941124680188,74.24596380129718,True
18,46,53,7,0.3851517155248821,0.6004232575419728,0.6414670162871863,71.89048871673404,True
18,46,54,8,0.4342600200134125,0.6896505525559857,0.6296812471242954,70.22045862468457,True
18,50,52,2,0.17331532038235106,0.23032822374896,0.7524710500579008,64.91451242958505,False
18,50,53,3,0.25585357570979805,0.3453006704496073,0.7409588153323234,62.85508039010521,False
18,50,54,4,0.30193374195548456,0.4369815378941878,0.6909530855937347,61.394944597966266,True
18,52,54,2,0.12983936272242355,0.20762197482593692,0.6253642603644262,57.90276055175991,True
18,210,212,2,0.19173896476886176,0.35407842991476507,0.5415155190758664,167.37250589071516,False
18,210,213,3,0.2742739553819823,0.48067368953455475,0.5706032207578635,158.60932294528075,False
18,210,214,4,0.33877348262998636,0.5759932790694677,0.58815527010538,153.07393455732813,True
18,210,216,6,0.5173898023588086,0.8542490934738617,0.6056662000714663,138.9221178870897,True
18,210,217,7,0.6042137956633523,1.0002103937637572,0.6040866995889901,132.14587492107046,True
18,210,218,8,0.7468936651123884,1.2200620886443345,0.6121767671203482,121.41639728597168,True
18,210,219,9,0.8858196356817416,1.4234689031217282,0.6222964433849599,111.52989354726766,True
18,210,220,10,0.9592617171089659,1.5484986225317474,0.6194785730842968,106.51879633899513,True
18,210,221,11,1.0496100852375474,1.681581837337494,0.6241801986274013,101.0153044739177,True
18,210,222,12,1.1758657859680632,1.8627756898096701,0.6312438971587652,94.40026167187256,True
18,210,223,13,1.2815463417362432,2.0110921240442043,0.6372390038299779,89.5033560582874,True
18,210,224,14,1.3593219045653986,2.1400540788354356,0.6351811003323373,86.25720636738473,True
18,211,213,2,0.24123449969933367,0.3191776248916163,0.7558001591786082,149.90130004819378,False
18,211,214,3,0.3074856455742411,0.41404567958076033,0.7426370102100425,144.6698174328116,False
18,211,216,5,0.4870397947445559,0.6925307865515232,0.7032752972178817,131.2949686060229,True
18,211,217,6,0.5740817035836343,0.8385316773609073,0.6846273302285124,124.8907572318961,True
18,211,218,7,0.7164505138164468,1.0583205604240749,0.6769692856853893,114.75035302063671,True
18,211,219,8,0.8543584924226517,1.2617004485876042,0.6771484415172027,105.40664146671789,True
18,211,220,9,0.9272014262748781,1.3869062285050868,0.6685393772254425,100.67066521866926,True
18,211,221,10,1.016551237838774,1.5202789070230063,0.6686610155167999,95.46932793243431,True
18,211,222,11,1.1423522868433815,1.7019295722475432,0.6712100814693571,89.2174664561508,True
18,211,223,12,1.2473697844358176,1.850516117126516,0.674065885128704,84.58941241708932,True
18,211,224,13,1.325744978519492,1.9792502706807051,0.6698217997785296,81.52148393860242,True
18,212,214,2,0.14986228009936667,0.22325702485716642,0.6712544888352084,134.21680089966705,True
18,212,216,4,0.3291553474263859,0.5028352250015161,0.6545988249438839,121.80834242572206,True
18,212,217,5,0.4165340535475881,0.6481711964455968,0.642629687699412,115.86686286783323,True
18,212,218,6,0.5588820721454285,0.8673298704576814,0.644370834190816,106.45914647462747,True
18,212,219,7,0.6962483602254509,1.0697805629368913,0.650832875775968,97.79055826770126,True
18,212,220,8,0.7696569560873213,1.1944488653030654,0.6443615783351576,93.3967766729667,True
18,212,221,9,0.8591017831588734,1.3276452619509653,0.6470868444906959,88.57125837656857,True
18,212,222,10,0.9854519338789293,1.5093035276726483,0.6529183267718852,82.77112078114826,True
18,212,223,11,1.0905025299295525,1.6578644560056113,0.657775444777291,78.47746355162904,True
18,212,224,12,1.1684100400364676,1.7864921611224132,0.6540247225615486,75.63120610084647,True
18,213,216,3,0.2518663966218147,0.37762802702303455,0.6669695536302218,115.43077889892817,True
18,213,217,4,0.33926016456359953,0.5223386994876931,0.64950225762775,109.8003795393984,True
18,213,218,5,0.4808210457347657,0.7410626013866782,0.6488264889296156,100.88522636267608,True
18,213,219,6,0.6165858158858022,0.9431680008837455,0.6537391167936817,92.67050256992988,True
18,213,220,7,0.6901810498293158,1.0678310676539688,0.6463391736163359,88.50676779042362,True
18,213,221,8,0.778818354153218,1.201291127129229,0.6483177446039993,83.9339009042009,True
18,213,222,9,0.9053076027275363,1.383307617369214,0.654451397043022,78.43744321478945,True
18,213,223,10,1.0096378029985482,1.5319917738984312,0.6590360471906069,74.36859055282467,True
18,213,224,11,1.0876142712244055,1.6603408275527143,0.6550548255971708,71.67135563485462,True
18,214,216,2,0.17968400047908312,0.28005289486723645,0.641607366937825,111.40230074099613,True
18,214,217,3,0.266867718508297,0.4255136605996339,0.6271660424067865,105.96839958633562,True
18,214,218,4,0.40917781745574033,0.6447331660388187,0.6346467639778658,97.36438092840999,True
18,214,219,5,0.5471731913912128,0.8478589494487767,0.6453587495266159,89.43634700892106,True
18,214,220,6,0.6206722221758022,0.9736608232992752,0.6374624585105911,85.41792455230357,True
18,214,221,7,0.7111805501794644,1.1082245102836117,0.6417296708204571,81.00464850091709,True
18,214,222,8,0.8378564205727715,1.2913641414825863,0.6488149962185317,75.7000145170979,True
18,214,223,9,0.9441053371630378,1.4405658671001833,0.6553711695692847,71.7731628381718,True
18,214,224,10,1.0211571331257785,1.5682636793015652,0.6511386743207344,69.17006010970529,True
18,216,218,2,0.23000349366651732,0.36668496786623067,0.6272509478774823,88.36296032016082,True
18,216,219,3,0.3688608887758124,0.5724746551080339,0.6443270203922011,81.16787994307934,True
18,216,220,4,0.44339820993024814,0.7013797896747346,0.6321799066036311,77.5209640925609,True
18,216,221,5,0.5356559557595082,0.8395197430937852,0.638050457021436,73.51569920110828,True
18,216,222,6,0.663096640456004,1.0253156620295314,0.6467243845114553,68.70148318334464,True
18,216,223,7,0.770663367597849,1.174907971205677,0.655935091500829,65.13767231350265,True
18,216,224,8,0.8459774731558946,1.2998401922029985,0.6508319085918653,62.77522866715608,True
18,217,219,2,0.283078308225041,0.4268059458906313,0.6632482769993546,77.20873158069966,True
18,217,220,3,0.3578021315163196,0.556803391202023,0.6426004890952604,73.73970236375403,True
18,217,221,4,0.4515316961535268,0.6965331297877445,0.6482558787851522,69.92980339718466,True
18,217,222,5,0.579019480197413,0.8831419800505064,0.6556357791578419,65.35041173945403,True
18,217,223,6,0.6877239063990221,1.0324548072184567,0.666105578269158,61.96043386831869,True
18,217,224,7,0.7617935672917313,1.1559314640994043,0.6590300471535749,59.713223795895765,True
18,218,220,2,0.21686609123456624,0.3403536126232526,0.6371787552454209,67.75246675913672,True
18,218,221,3,0.31264350519205,0.4826521309268443,0.6477615764208393,64.2519094634913,True
18,218,222,4,0.4397677236829284,0.6701824411110895,0.6561910559068683,60.04433781454511,True
18,218,223,5,0.549792054880143,0.81882687771229,0.6714387007131472,56.92960645998511,True
18,218,224,6,0.6218254254500172,0.9396562701068454,0.661758395311204,54.8648567952581,True
18,219,221,2,0.17242761794060246,0.27744234464479256,0.6214899104942336,59.0201058741167,True
18,219,222,3,0.2997137881956467,0.46469330506305223,0.6449711776135442,55.15514176227438,True
18,219,223,4,0.40897047291903305,0.6124953146436452,0.6677120022656425,52.29403186140805,True
18,219,224,5,0.4801603644935522,0.7320556467495691,0.6559069199527827,50.39740739011543,True
18,220,222,2,0.22339962360648102,0.33110704570419947,0.6747051338981749,52.676992020387715,True
18,220,223,3,0.33455218172117446,0.47889798889071056,0.6985875687139765,49.94443330325147,True
18,220,224,4,0.4054462867491631,0.5997874333840827,0.6759832970517233,48.13302517433085,True
18,221,223,2,0.23724599723166478,0.3372578720948996,0.7034557733463582,47.36396120032253,True
18,221,224,3,0.31061858841319884,0.4620669692180595,0.6722371628053143,45.64614284376586,True
18,222,224,2,0.18564064775525932,0.2811631613694632,0.660259497905267,42.65698006063787,True
4,15,17,2,0.19058463679829246,0.295289453743542,0.6454163343192563,263.706904228412,True
4,15,18,3,0.2457233112411314,0.3803404381421498,0.646061492807383,279.600007015162,True
4,15,19,4,0.3184699826930353,0.497363181502001,0.6403167635595358,300.73101452531125,True
4,15,20,5,0.4207872187433304,0.6486141298621686,0.6487481529777162,328.8025528129519,True
4,15,21,6,0.5039495461583559,0.7828095875415462,0.6437702784671242,344.2297901997375,True
4,15,22,7,0.5926600213895733,0.9246161151109165,0.6409795500032769,338.9465806634068,True
4,15,23,8,0.713091674057005,1.1099889496690827,0.6424313271493348,310.91110841966275,True
4,15,24,9,0.8141299206393433,1.2603870550685887,0.6459364346573992,285.12446231951577,True
4,15,25,10,0.8750040638218384,1.3597369725672461,0.6435097974645716,277.31069860564486,True
4,15,26,11,0.9388070211399347,1.455769437804411,0.6448871619092663,279.5269542189459,True
4,15,27,12,1.0168842810947543,1.574511541905195,0.6458411094683377,277.1870198733358,True
4,15,28,13,1.0726311897930678,1.6580990238415174,0.6469041802509322,268.9601559080446,True
4,15,29,14,1.1209101863815363,1.7410821792141904,0.643800849703396,256.2856825618207,True
4,15,30,15,1.218272360337024,1.8770917370011324,0.6490212152781369,232.88860704984313,True
4,16,18,2,0.131002120252502,0.2090103979990173,0.6267732204075221,296.99989310157736,True
4,16,19,3,0.20767571430857576,0.3306829350619497,0.6280206575209878,319.4459117502916,True
4,16,20,4,0.3125112507402592,0.48567727180275827,0.6434545507560323,349.26437978120975,True
4,16,21,5,0.39515536501803344,0.6191607588725762,0.6382112550827156,365.65167498782085,True
4,16,22,6,0.4808600290694027,0.7568868058036454,0.6353130023964895,360.039684186124,True
4,16,23,7,0.5980143053397691,0.9377621372499944,0.6377036154322221,330.2595266377278,True
4,16,24,8,0.6977402440553194,1.0862414098057127,0.6423436243147079,302.8681427212869,True
4,16,25,9,0.7588733638825008,1.1860813659962108,0.6398156025704944,294.56811793761517,True
4,16,26,10,0.8242471797576859,1.2841657563041697,0.6418541965562686,296.92229413118184,True
4,16,27,11,0.9043442721103896,1.405600435274248,0.6433864485350292,294.43674251074424,True
4,16,28,12,0.9609380989213061,1.4903210151895327,0.6447859817631962,285.69790968904044,True
4,16,29,13,1.008959039290706,1.573088327658361,0.6413874043503989,272.23468674733584,True
4,16,30,14,1.1058768748089791,1.7081668242606762,0.6474056626685871,247.38157962430907,True
4,17,19,2,0.1378678561941668,0.2174775136897526,0.6339407410682709,336.7423809455206,True
4,17,20,3,0.2430956267014046,0.37373258828479045,0.6504533838407522,368.1753764904076,True
4,17,21,4,0.3249458116126208,0.5056847060183377,0.6425858004905477,385.44996540248906,True
4,17,22,5,0.4091702630043286,0.6405120807391155,0.638817401433192,379.53411212375,True
4,17,23,6,0.5255266025263412,0.8193615685711837,0.6413854672763859,348.1415013908924,True
4,17,24,7,0.6252016245680884,0.967385746317594,0.6462795497535001,319.26700496401264,True
4,17,25,8,0.6862885288321041,1.0672444702686086,0.6430471629985359,310.5175735117634,True
4,17,26,9,0.7518092024952365,1.1658596978310893,0.644853925299817,312.99921709343676,True
4,17,27,10,0.8324239044761671,1.2884593936161517,0.6460614192426437,310.3790847334915,True
4,17,28,11,0.8892965821597888,1.3738100828701216,0.6473213388432103,301.16708588541826,True
4,17,29,12,0.937316694569628,1.4566213421461032,0.6434868606199596,286.97489377455514,True
4,17,30,13,1.0342626254751592,1.5914873558651716,0.6498717201010427,260.77610969669166,True
4,18,20,2,0.1835800748886694,0.28083080562822516,0.6537034798514944,390.3645911385161,True
4,18,21,3,0.2653166797871447,0.4127336553362996,0.6428278294169201,408.6802859631707,True
4,18,22,4,0.35000558508624136,0.5486590158846336,0.6379291599207711,402.4078957006715,True
4,18,23,5,0.4679283108065498,0.7304409272889554,0.6406107507465034,369.12331330866624,True
4,18,24,6,0.5686526732294092,0.8805180960114665,0.6458159983369653,338.5086070796549,True
4,18,25,7,0.6294797476735414,0.9797369152370655,0.6424987543939049,329.23186439221786,True
4,18,26,8,0.6939928628157449,1.0765579858479235,0.6446404856391819,331.86307181120907,True
4,18,27,9,0.773917592645589,1.1979353488842444,0.6460428714841874,329.0850291643362,True
4,18,28,10,0.830642080022251,1.28312154850576,0.6473604008829583,319.3178410428072,True
4,18,29,11,0.8788320606146713,1.3662864312914653,0.6432268084401352,304.27031308608434,True
4,18,30,12,0.9761151800452015,1.5018842970909339,0.6499270163060378,276.49257919097715,True
4,19,21,2,0.18752749325249524,0.2889758982175346,0.6489381793056275,439.566644959111,True
4,19,22,3,0.2742887504524651,0.4275437579284384,0.6415454450357689,432.820213486247,True
4,19,23,4,0.3957246721749005,0.6143757274232587,0.6441085715326054,397.0201205690238,True
4,19,24,5,0.4983420584234119,0.7675970501396364,0.6492235194660488,364.091681968714,True
4,19,25,6,0.5585468452057072,0.8656186670078295,0.64525739392431,354.11384159000505,True
4,19,26,7,0.6208093848710694,0.9591908628669766,0.6472219543621373,356.9439047398134,True
4,19,27,8,0.6989084502496774,1.0778817389439805,0.6484092131799265,353.9559091653234,True
4,19,28,9,0.7551178147287813,1.1623581081867254,0.649643005378749,343.45055752315517,True
4,19,29,10,0.8035582080148124,1.2457884776289063,0.6450197785937262,327.265799887302,True
4,19,30,11,0.9013355774222285,1.38222703857687,0.6520893834852459,297.38874020955774,True
4,20,22,2,0.17373921890482177,0.2787984318169456,0.6231714352643707,473.2215309683232,True
4,20,23,3,0.30031209177480206,0.4737900189200064,0.6338506084601712,434.07970197970343,True
4,20,24,4,0.40507972691161864,0.6310695474771344,0.6418939537346253,398.07757998701106,True
4,20,25,5,0.46380581575574564,0.7263445011811087,0.6385479823989182,387.1683646762519,True
4,20,26,6,0.5222408076256462,0.8140345242977581,0.6415462637486621,390.2625982050006,True
4,20,27,7,0.5974434728112299,0.9278525077328911,0.6438991842259709,386.99569015350863,True
4,20,28,8,0.652862359219722,1.0109342750552752,0.6458009935255438,375.50972338817536,True
4,20,29,9,0.7015878633383539,1.0945807980643127,0.6409648922939827,357.81421022094423,True
4,20,30,10,0.7999338394934401,1.2320599013212232,0.6492653795774179,325.14829610465875,True
4,21,23,2,0.22277295327073018,0.3483430288821761,0.6395217782471574,454.44648608747656,True
4,21,24,3,0.32825324119618193,0.5074177796180938,0.6469092223044305,416.75516406376966,True
4,21,25,4,0.38537991210887,0.5997182932574222,0.6426015621695403,405.3340942894036,True
4,21,26,5,0.44114113288037743,0.683121904625621,0.6457721965776241,408.57350757655075,True
4,21,27,6,0.5150684545287629,0.7946899025935324,0.6481376608005172,405.1533179717375,True
4,21,28,7,0.5703437928622342,0.8775725365895569,0.6499107128838805,393.1284358774642,True
4,21,29,8,0.6192587585040878,0.9614998102989509,0.6440549981092009,374.60265883309347,True
4,21,30,9,0.7179740757329858,1.0995249435337868,0.6529857098334427,340.4040777493013,True
4,22,24,2,0.23590972615028624,0.36046404980569785,0.6544611765790499,410.3588412591129,True
4,22,25,3,0.2924089334218959,0.45146615846610016,0.6476873801912052,399.11306109205253,True
4,22,26,4,0.34885677855040775,0.5355198629528436,0.651435740640543,402.3027561396457,True
4,22,27,5,0.42541041970200305,0.6508430071751491,0.6536298539157852,398.93505931393133,True
4,22,28,6,0.4819802328888689,0.7357980138844866,0.6550442156596188,387.0947340870833,True
4,22,29,7,0.530755623325162,0.8197949238472483,0.6474248716183284,368.85328909280025,True
4,22,30,8,0.6292818287907872,0.9570630708219521,0.6575134366540155,335.1795849222062,True
4,23,25,2,0.1635297471089859,0.2525768170105096,0.64744559316456,366.1010061409109,True
4,23,26,3,0.22636149403758482,0.34656571071545655,0.6531560596986933,369.0268702131398,True
4,23,27,4,0.3108372176498733,0.47485573201605874,0.65459295674957,365.9377275203447,True
4,23,28,5,0.36996119064909005,0.564109929521916,0.6558317293982624,355.07675753173066,True
4,23,29,6,0.4171342872486698,0.6463205154803631,0.6453984938705593,338.34412706456885,True
4,23,30,7,0.5133646566388173,0.7791809949541553,0.6588516146611381,307.45569423900787,True
4,24,26,2,0.13531463969476182,0.21308991218285936,0.63501194546762,338.42016287482676,True
4,24,27,3,0.22784241449879825,0.354895887122144,0.6419979006980773,335.5872304852816,True
4,24,28,4,0.28795598147720997,0.44598099157634585,0.6456687323363552,325.6270581260101,True
4,24,29,5,0.33178289341486566,0.5232624247424402,0.6340659633226589,310.2822147417043,True
4,24,30,6,0.42369572464661803,0.6481597722371536,0.6536902516862664,281.9556366208835,True
4,25,27,2,0.17325992893413641,0.2638253472777076,0.6567220728482911,326.3905473839003,True
4,25,28,3,0.23302970823765484,0.35478474788713593,0.6568199721815161,316.703331026831,True
4,25,29,4,0.27521692312316,0.429709249611286,0.6404724202984241,301.7790091911005,True
4,25,30,5,0.3656559480749872,0.5519979333621515,0.6624226758383347,274.2287137731317,True
4,26,28,2,0.15578912628200595,0.23888647090047652,0.652147129532965,319.2344109262672,True
4,26,29,3,0.19919547035904067,0.31576438337660323,0.6308357777053845,304.19081452879254,True
4,26,30,4,0.2925943325267106,0.4426287489116986,0.6610377957738148,276.4203382913487,True
4,27,29,2,0.10745767182836685,0.1751122527351136,0.6136502166465441,301.64441775455697,True
4,27,30,3,0.20602765638382226,0.3111440554608134,0.6621616346765465,274.1064095856166,True
4,28,30,2,0.15048980293256134,0.22660572173479773,0.6641041619800019,265.97097761370924,True
4,208,210,2,0.16816367400218318,0.2563046622868918,0.6561085253063053,256.83402898429637,True
4,208,211,3,0.2636856150422706,0.40500193647009575,0.6510724796540336,283.152952323654,True
4,208,212,4,0.38396407503633445,0.5873213497783253,0.6537546697072315,304.25278592259144,True
4,208,213,5,0.4654575200999558,0.7118881674234159,0.6538351687802553,316.2326308838523,True
4,208,214,6,0.5302517958454929,0.8089317760418379,0.6554963119882045,329.38423342921436,True
4,208,215,7,0.6252807558888116,0.9563210596179003,0.653839784871666,343.5386532501301,True
4,208,216,8,0.7093846943957195,1.0889483991102076,0.6514401370858032,337.3716463041436,True
4,208,217,9,0.8057674510988387,1.233809961097671,0.6530725772241132,321.18308128441106,True
4,208,218,10,0.9418828692840414,1.4516050128190183,0.6488561702159625,288.8137765743498,True
4,208,219,11,1.0697763548163697,1.6509939332008206,0.6479589859802629,252.11722055103186,True
4,208,220,12,1.1509567999644132,1.7721717827984562,0.6494611928347739,228.20415152752514,True
4,208,221,13,1.2316405981646419,1.9007011157017453,0.6479927790803216,205.28296000627032,True
4,209,211,2,0.17785422377749288,0.2776905223502517,0.6404763917479507,313.65368667803574,True
4,209,212,3,0.30183910444124623,0.46712171528096785,0.6461679998321076,337.0263569690916,True
4,209,213,4,0.38432288857900615,0.5935664125854929,0.6474808554361238,350.2966496045566,True
4,209,214,5,0.44913907089144883,0.6900415892859382,0.6508869579241193,364.8649194750468,True
4,209,215,6,0.5438811498564254,0.8366988454518847,0.6500321505316359,380.54402832129426,True
4,209,216,7,0.6278884046699976,0.9694115519564958,0.6477005595845998,373.71272231334297,True
4,209,217,8,0.7246548645445822,1.1150936947735912,0.6498600682086326,355.78035375141354,True
4,209,218,9,0.8617657764031686,1.3344395874756732,0.6457885276270543,319.92428488757747,True
4,209,219,10,0.9912210916789655,1.536620273626878,0.645065738550612,279.2748408657317,True
4,209,220,11,1.0734978184783763,1.6603744041093103,0.6465396092721886,252.78589841445898,True
4,209,221,12,1.1560936237905115,1.791980255515932,0.6451486394629157,227.39567675264402,True
4,210,212,2,0.2270797118489807,0.35407842991476507,0.6413260245862593,370.48368855446574,True
4,210,213,3,0.3097455296330232,0.48067368953455475,0.6443987602753035,385.07135169155123,True
4,210,214,4,0.3739628651432244,0.5759932790694677,0.6492486609346748,401.0858450564458,True
4,210,215,5,0.46799528964547893,0.7215639799804482,0.648584605980692,418.32145277224663,True
4,210,216,6,0.5520272164559554,0.8542490934738617,0.6462134062221822,410.8119883189897,True
4,210,217,7,0.6490087477512023,1.0002103937637572,0.6488722290807285,391.09943494753026,True
4,210,218,8,0.7866103941646526,1.2200620886443345,0.6447298063647651,351.6838569814568,True
4,210,219,9,0.9169515619059154,1.4234689031217282,0.6441669079633573,306.99905519225183,True
4,210,220,10,0.9999453715541801,1.5484986225317474,0.6457515408824196,277.88049843155767,True
4,210,221,11,1.0836469267080528,1.681581837337494,0.6444211650286542,249.96973483704335,True
4,211,213,2,0.2092926308288638,0.3191776248916163,0.6557246326396898,424.5313228855258,True
4,211,214,3,0.2731357278361225,0.41404567958076033,0.6596753481709665,442.1868924927554,True
4,211,215,4,0.3670401711839614,0.559729666717232,0.6557454303550166,461.1887094603962,True
4,211,216,5,0.45108892984154286,0.6925307865515232,0.6513629987307179,452.90971684123963,True
4,211,217,6,0.5481062955063809,0.8385316773609073,0.65365007703874,431.17713059852014,True
4,211,218,7,0.685754589280283,1.0583205604240749,0.6479649124510038,387.7224633459994,True
4,211,219,8,0.816275423728329,1.2617004485876042,0.6469645189094598,338.4586115088882,True
4,211,220,9,0.8995084516764555,1.3869062285050868,0.6485719316770351,306.3561469452904,True
4,211,221,10,0.9836299597602196,1.5202789070230063,0.6470062534027741,275.5852434764299,True
4,212,214,2,0.14743011586939356,0.22325702485716642,0.6603604789758136,475.1375284464422,True
4,212,215,3,0.24260812382132688,0.371049305755102,0.6538433573608458,495.5553122009538,True
4,212,216,4,0.32620208470735157,0.5028352250015161,0.6487256033154162,486.6593902324915,True
4,212,217,5,0.42284073026753466,0.6481711964455968,0.6523596429250232,463.3073472628232,True
4,212,218,6,0.5599712453603625,0.8673298704576814,0.6456266115507715,416.61454937948594,True
4,212,219,7,0.6899180988037571,1.0697805629368913,0.6449155300688117,363.67968133832113,True
4,212,220,8,0.7728824471646668,1.1944488653030654,0.6470619794749981,329.1850232452224,True
4,212,221,9,0.8568805766588699,1.3276452619509653,0.645413802328259,296.12115077302343,True
4,213,215,2,0.16146291766948356,0.24733839421243312,0.652801673527511,515.0676259235538,True
4,213,216,3,0.24432427559256564,0.37762802702303455,0.6469971985889235,505.8214301995152,True
4,213,217,4,0.3406117370640389,0.5223386994876931,0.6520897980526984,481.54990886432586,True
4,213,218,5,0.47744684693954076,0.7410626013866782,0.6442732989711544,433.01859871312655,True
4,213,219,6,0.6072435901882104,0.9431680008837455,0.6438339613082982,377.9994391173093,True
4,213,220,7,0.6902451907879059,1.0678310676539688,0.6463992401947798,342.1465661612178,True
4,213,221,8,0.7744785360214208,1.201291127129229,0.6447051164626693,307.7808154996877,True
4,214,216,2,0.17914242833933836,0.28005289486723645,0.6396735460430205,526.8577236089512,True
4,214,217,3,0.2757642356830365,0.4255136605996339,0.6480737546579104,501.57678904249764,True
4,214,218,4,0.41291079618450444,0.6447331660388187,0.6404367231817628,451.0271403652254,True
4,214,219,5,0.5432843875765411,0.8478589494487767,0.6407721330649981,393.7198231009169,True
4,214,220,6,0.6268580015184212,0.9736608232992752,0.6438155736761559,356.37588727155395,True
4,214,221,7,0.711814770157696,1.1082245102836117,0.6423019555627151,320.5809207425461,True
4,215,217,2,0.18225093072904353,0.28112601641715657,0.6482890948755361,523.1307303790982,True
4,215,218,3,0.3199265602568048,0.5006255062889339,0.6390536563515814,470.4088436996336,True
4,215,219,4,0.45150727101375154,0.7054657112742693,0.6400130634247305,410.63889542556325,True
4,215,220,5,0.5361803459616007,0.8332891979541236,0.6434504938717805,371.6902023192927,True
4,215,221,6,0.6226120823368769,0.9697823794995987,0.6420121622112176,334.35704138901554,True
4,216,218,2,0.2354312451428128,0.36668496786623067,0.6420531676354396,461.9643365703678,True
4,216,219,3,0.3677333379051111,0.5724746551080339,0.6423574120250175,403.2673437925136,True
4,216,220,4,0.452909992716599,0.7013797896747346,0.6457414362148022,365.01783506811984,True
4,216,221,5,0.5405810504633024,0.8395197430937852,0.6439170191175748,328.3548574217162,True
4,217,219,2,0.27126534580814593,0.4268059458906313,0.6355706812895654,383.9168154157614,True
4,217,220,3,0.35697116491600617,0.556803391202023,0.6411081012731971,347.50268517008976,True
4,217,221,4,0.4459259669482549,0.6965331297877445,0.6402078348866802,312.5989573123027,True
4,218,220,2,0.2201521351389932,0.3403536126232526,0.6468335489145698,312.4808519562956,True
4,218,221,3,0.3108386707186352,0.4826521309268443,0.6440221658645263,281.0947732786199,True
4,219,221,2,0.17856143106963054,0.27744234464479256,0.6435983349918754,245.37899054197038,True
20,12,14,2,0.7375556094716762,0.32857189459159386,2.2447312798571475,11.705119760974073,False
20,12,15,3,2.036193173622012,0.4827498639496886,4.217905225208351,11.894350125277834,False
20,12,18,6,2.089633828808478,0.8568690215943939,2.43868523210263,13.078416845665073,False
20,12,19,7,2.195076081252148,0.9774760173500073,2.2456572256403007,13.444526726474319,False
20,12,20,8,2.219506001751761,1.130589329253604,1.9631407659021878,13.866817477951725,False
20,12,21,9,1.1354763744753704,1.2647239316334344,0.8978057155990269,14.33702562181377,False
20,12,63,51,4.195410353268448,5.148805086381274,0.8148318460074202,30.194762671404643,False
20,12,64,52,4.2183675932314735,5.194937741867746,0.8120150428818874,30.849729962271148,False
20,12,65,53,4.1843340607619774,5.191583413838358,0.8059841723063681,31.276709606697793,False
20,12,66,54,4.150635594659154,5.185014238538937,0.8005061131382243,31.89381277865544,False
20,12,67,55,4.145316764138631,5.174988408153068,0.8010291883181392,32.675504374112705,False
20,12,68,56,4.125194686321901,5.166206261367775,0.7984959325316868,32.9782837624239,False
20,12,69,57,4.104879759674929,5.1453996121155,0.7977766683095838,32.516708472102835,False
20,12,70,58,4.123369996253305,5.0960344596369165,0.8091330678613755,31.613422363908384,False
20,12,71,59,4.12134270409923,5.038955836732301,0.8178961748495633,30.568492380125697,False
20,12,72,60,4.101379993374391,4.981743601898209,0.8232820315785883,29.880114800127362,False
20,12,73,61,4.06949961082147,4.925807624063991,0.8261588599077216,29.436751855885877,False
20,12,74,62,4.050703219259881,4.872516932748545,0.8313369199468156,29.15614354951052,False
20,13,15,2,0.4771909275989311,0.3204679484042939,1.489044161748493,12.009394914993873,False
20,13,18,5,0.8587475991849631,0.7001647393300381,1.2264936392064918,13.204914191041738,False
20,13,19,6,1.1679975736386994,0.817748301764802,1.428309384584494,13.574565167733233,False
20,13,20,7,1.0840745162666858,0.9682794666237651,1.1195884593594445,14.00094040892139,False
20,13,21,8,2.507884487936387,1.1023998513708149,2.274931808833135,14.475696510129874,False
20,13,63,50,3.562433277601429,4.995524269089882,0.7131250066472917,30.48681310589413,True
20,13,64,51,3.5914509063218665,5.0413578261769505,0.7123975385507196,31.148115385512014,True
20,13,65,52,3.5663778022358,5.037129847460274,0.7080178415559352,31.57922487166088,True
20,13,66,53,3.5692220513508466,5.02917479825127,0.709703320034119,32.202296802222676,True
20,13,67,54,3.5870670796885573,5.017994967908757,0.7148407088147126,32.99154909198228,True
20,13,68,55,3.5812029710304225,5.008788651804891,0.7149838453934275,33.297257029620816,True
20,13,69,56,3.532544018672059,4.988477551612472,0.7081407066831847,32.83121728082545,True
20,13,70,57,3.524302104850084,4.9405164102805745,0.7133469079298003,31.91919438926107,True
20,13,71,58,3.4793904623057403,4.884802981532025,0.7122888017101758,30.86415761116124,True
20,13,72,59,3.438913661955307,4.82856922521214,0.7122013792407046,30.16912189069268,True
20,13,73,60,3.391989766373287,4.77344563815779,0.7105956626505866,29.721470641823288,True
20,13,74,61,3.352776483315575,4.720939724423387,0.7101926055039988,29.438148229737283,True
20,14,18,4,2.3287121315575745,0.5445421702954324,4.276458754873236,13.877180329713388,False
20,14,19,5,2.469010003166832,0.6604072557281868,3.7386173179524205,14.26565034840405,False
20,14,20,6,2.4380245507310283,0.8099701760996737,3.010017680491743,14.713732480895839,False
20,14,21,7,0.658170135510594,0.9440050510247587,0.6972103960631583,15.212658557490212,True
20,14,63,49,4.0562677788008275,4.83979611270501,0.8381071607856925,32.03890589730415,False
20,14,64,50,4.071866682812738,4.885477796208059,0.8334633484514414,32.73387527415429,False
20,14,65,51,4.0348151506662955,4.880929652770517,0.8266489045536747,33.18693267343648,False
20,14,66,52,4.005312075108048,4.87250806273563,0.8220226674923752,33.841725382703345,False
20,14,67,53,3.998053075268463,4.8609477301457975,0.8224842761575112,34.671158743055166,False
20,14,68,54,3.978157806513701,4.8515919438215755,0.8199695795891947,34.992430363412446,False
20,14,69,55,3.953057404056204,4.831395599833545,0.8182019713294431,34.50266439134463,False
20,14,70,56,3.974350739308667,4.783835227839501,0.8307875480702087,33.544210141058656,False
20,14,71,57,3.9714962204806334,4.728562676285408,0.8398950151170462,32.43546112441578,False
20,14,72,58,3.955013025651399,4.6726523208453425,0.846417142573939,31.70504092713212,False
20,14,73,59,3.926442414279872,4.61780682861544,0.8502829503279893,31.23459961903212,False
20,14,74,60,3.911312685776321,4.565590688305685,0.8566936794826499,30.936853178041673,False
20,15,18,3,0.4042643764367681,0.3803404381421498,1.062901379646823,14.101525226897262,False
20,15,19,4,0.7092508784731535,0.497363181502001,1.4260220797431504,14.496275431067357,False
20,15,20,5,0.6503827239058537,0.6486141298621686,1.0027267275908112,14.951601465962618,False
20,15,21,6,2.2962965192519262,0.7828095875415462,2.933403672869623,15.458593411609383,False
20,15,63,48,3.269799530228787,4.675853216651413,0.6992947337577966,32.556861625963535,True
20,15,64,49,3.301547039834112,4.721573683376427,0.6992471708019931,33.263066198270614,True
20,15,65,50,3.276623712326289,4.71719671843229,0.6946124802306823,33.72344793241374,True
20,15,66,51,3.27127169630988,4.70910657035887,0.6946692854437958,34.38882632260043,True
20,15,67,52,3.2863674143315396,4.6978694883749474,0.6995442130658968,35.23166868517949,True
20,15,68,53,3.2781752572444804,4.688640071703963,0.6991740050656339,35.558134130717725,True
20,15,69,54,3.236620156569584,4.668274559544762,0.6933225788855938,35.06045037607181,True
20,15,70,55,3.231286846690024,4.620308412036576,0.6993660506021744,34.08650131234918,True
20,15,71,56,3.1941876489131396,4.564717604815486,0.6997558064804438,32.95982774776273,True
20,15,72,57,3.1555388353405815,4.508618037149001,0.6998904784881642,32.21759924070956,True
20,15,73,58,3.1096367691837807,4.453640845372634,0.6982235158038655,31.73955256146145,True
20,15,74,59,3.072201953190186,4.401318186279314,0.6980185987842189,31.436992614189197,True
20,18,20,2,0.25276495276662486,0.28083080562822516,0.9000613454823223,16.44001348728992,False
20,18,21,3,2.234804268364672,0.4127336553362996,5.414640263691922,16.997475806182965,False
20,18,63,45,2.929432121860428,4.297301378558705,0.6816911042071119,35.79785385887507,True
20,18,64,46,2.963087753466705,4.34294244388163,0.6822765421727209,36.574360156206794,True
20,18,65,47,2.9389266405633716,4.3387320804696765,0.677369928830735,37.080572279091754,True
20,18,66,48,2.928994744862275,4.331081634707227,0.6762732711825851,37.81218820222365,True
20,18,67,49,2.9428375982937256,4.320275346925424,0.6811689908579627,38.73893439994723,True
20,18,68,50,2.933619374826852,4.311181864552032,0.6804675532127382,39.097899045975346,True
20,18,69,51,2.8966784737763143,4.290457411265513,0.6751444417489066,38.550671536105575,True
20,18,70,52,2.8924620458717043,4.241761848579263,0.6819010941975694,37.479767139677925,True
20,18,71,53,2.859972327988963,4.185676352000951,0.6832760317509406,36.240934721642915,True
20,18,72,54,2.822376276287974,4.1292729756707125,0.6835044069300211,35.4248183548187,True
20,18,73,55,2.777250371921765,4.074090841209851,0.6816859221276044,34.89918276506034,True
20,18,74,56,2.740866234917743,4.021650416364802,0.6815277190092597,34.56650337782593,True
20,19,21,2,2.3213391707012696,0.2889758982175346,8.032985397812718,17.473293629922257,False
20,19,63,44,2.7881716574051003,4.181373413665938,0.666807620743115,36.799958942705885,True
20,19,64,45,2.8247122577627284,4.226795253177842,0.6682869854268474,37.598202322692075,True
20,19,65,46,2.8025471338731105,4.2220268467566004,0.6637918790180249,38.118585064403504,True
20,19,66,47,2.7872167866525968,4.213515058354008,0.6614944406396429,38.87068143418095,True
20,19,67,48,2.7998873116716174,4.201998205008793,0.6663228243015774,39.82337044623695,True
20,19,68,49,2.789744578779556,4.192639187422489,0.6653910470398978,40.19238374764307,True
20,19,69,50,2.7594565235247672,4.1721947075435555,0.6613920770609097,39.62983745716108,True
20,19,70,51,2.755871748547197,4.124336775149258,0.6681975548535226,38.528954762476005,True
20,19,71,52,2.7290060704704993,4.069100398797324,0.6706657007718692,37.255443163140875,True
20,19,72,53,2.692573775420544,4.013316450232249,0.6709099092509203,36.416480891547714,True
20,19,73,54,2.648577020505831,3.9586588279111528,0.6690591777779935,35.87613095330312,True
20,19,74,55,2.6133032515758656,3.9067396810050465,0.6689217774816182,35.53413872551274,True
20,20,63,43,2.7023678477123454,4.035506878469711,0.669647687166649,37.95584063586001,True
20,20,64,44,2.737261365507085,4.080655182338136,0.6707896754801732,38.77915673158058,True
20,20,65,45,2.7140806631169654,4.075148109516528,0.6660078579178222,39.31588462426117,True
20,20,66,46,2.7027344769988706,4.065487116127627,0.6647996660171988,40.09160423847395,True
20,20,67,47,2.7166112596844476,4.0530364474010225,0.6702656872050714,41.07421708251082,True
20,20,68,48,2.707370857646174,4.043340584377494,0.6695876345680132,41.45482104140354,True
20,20,69,49,2.672475771934193,4.02329615676451,0.6642503230692737,40.874605248634,True
20,20,70,50,2.6679379915452506,3.9765987488289447,0.6709095284835873,39.73914397860111,True
20,20,71,51,2.636928244118214,3.9225312078549246,0.672251692692139,38.42563155355901,True
20,20,72,52,2.599457178941238,3.867616243075124,0.6721083519068121,37.56031759139763,True
20,20,73,53,2.5545504958320064,3.813700924126342,0.6698350360069761,37.002995335263044,True
20,20,74,54,2.518297100885519,3.762511000988015,0.6693128871182643,36.65026117822435,True
20,21,63,42,3.5006136910793275,3.903696075120785,0.8967434000278862,39.24288039119597,False
20,21,64,43,3.513798810268446,3.948682689602699,0.8898660861052856,40.094114207316046,False
20,21,65,44,3.476246593738148,3.94288317905489,0.8816509229095154,40.64904193760016,False
20,21,66,45,3.4423572089262024,3.9328164681235465,0.8752905803836416,41.45106532919634,False
20,21,67,46,3.4314604410167604,3.9200442479111364,0.8753626806241469,42.46699746673831,False
20,21,68,47,3.4100660715852467,3.910219744071289,0.8720906482955645,42.86050727669181,False
20,21,69,48,3.3897373126484904,3.8902517711128737,0.8713413712241039,42.260617020665556,False
20,21,70,49,3.4149144328861376,3.8438747472998442,0.8884041904031778,41.08665353936045,False
20,21,71,50,3.419256761702092,3.7901962971185625,0.9021318405860742,39.728601389157845,False
20,21,72,51,3.407311216230251,3.73557995475884,0.912123755212253,38.83394560630453,False
20,21,73,52,3.382874390326515,3.681932168002344,0.9187769453563603,38.257725180924794,False
20,21,74,53,3.372405977409256,3.6310326063479423,0.928773256266952,37.893030206379,False
20,63,65,2,0.0616122415922124,0.08701165294070116,0.7080918418387181,85.60967989471548,True
20,63,66,3,0.09625125851268343,0.16791346228331977,0.573219426267794,87.29879635477926,False
20,63,67,4,0.1361997807364032,0.24282075172834727,0.5609066760849791,89.43841935556817,False
20,63,68,5,0.1626980971756446,0.2718314120358006,0.598525740484389,90.2671780977118,True
20,63,69,6,0.13727997876213593,0.2405971567629648,0.5705802205193286,89.00376793249306,False
20,63,70,7,0.0983585969863792,0.16950329968822822,0.5802754115541862,86.53132004560568,False
20,63,71,8,0.11837064088029363,0.15472210599571987,0.7650531908062844,83.67116875255313,False
20,63,72,9,0.14849325253438772,0.20229759713358084,0.734033694114196,81.78696210129668,True
20,63,73,10,0.1896181982860481,0.2646468172032895,0.716495290931053,80.5734022284396,True
20,63,74,11,0.22923716010544376,0.32663275642360834,0.7018192621445084,79.80532951277746,True
20,64,66,2,0.09755135870608597,0.1459077819171718,0.66858228823918,89.19243124658604,True
20,64,67,3,0.1330479479228847,0.22405433618887324,0.5938200089585769,91.37846570937427,True
20,64,68,4,0.1621552616840761,0.2543239077530348,0.6375934654226039,92.2252014058007,True
20,64,69,5,0.13452043825636995,0.2261908477032724,0.5947209607386063,90.93438607955548,True
20,64,70,6,0.09946093553765169,0.16990400830028415,0.5853948740389154,88.40830728614611,True
20,64,71,7,0.12215626801458064,0.17827479521548692,0.6852133408254719,85.48611524899945,True
20,64,72,8,0.16055454163893496,0.23564564766260018,0.6813388799305072,83.56103747915743,True
20,64,73,9,0.2068826825496019,0.3015622669652835,0.6860363686462759,82.32115376892234,True
20,64,74,10,0.24943614442849127,0.3657427233199331,0.681998925814027,81.53642046508999,True
20,65,67,2,0.11647574233946498,0.16860369529399769,0.6908255607112517,92.64320108451557,True
20,65,68,3,0.143823321514122,0.19900257488001846,0.7227209075100418,93.5016561349534,True
20,65,69,4,0.1009052665660211,0.17224528221627727,0.5858231079985162,92.1929751136212,True
20,65,70,5,0.06357322600341743,0.13136330835892918,0.4839496416283441,89.63193380266883,False
20,65,71,6,0.09398660283373178,0.1708856706938843,0.5499969801569524,86.66929679182245,False
20,65,72,7,0.13801879330443703,0.2426544626180433,0.568787368735473,84.71757473619037,False
20,65,73,8,0.18574139761872602,0.31444617033833194,0.5906937820831955,83.46053025643236,True
20,65,74,9,0.23090980011450774,0.38207926568568834,0.6043505127139303,82.66493575065596,True
20,66,68,2,0.06787355010556852,0.10975566518270481,0.6184058926943113,95.34648474095921,True
20,66,69,3,0.061998134102050385,0.08977077100345665,0.6906271764075985,94.01198287019943,True
20,66,70,4,0.06216056870239799,0.10869200889841871,0.5718964009625764,91.40041109308304,False
20,66,71,5,0.14351313334957652,0.19597254492760596,0.7323124440854283,88.37931995711472,True
20,66,72,6,0.18482633305156712,0.27876663354050346,0.6630145462681879,86.38908957095633,True
20,66,73,7,0.22642964905420307,0.3537298913568592,0.6401202007148733,85.10724305333996,True
20,66,74,8,0.270616433893991,0.4231876773376413,0.639471441126295,84.29595111969212,True
20,67,69,2,0.07039164146775923,0.04024625652354134,1.749023326593987,96.31614065126877,False
20,67,70,3,0.09414231193121775,0.13506031254693335,0.6970390498578432,93.64056135886176,True
20,67,71,4,0.17992243565295002,0.23753474769605942,0.75745732949847,90.54542571882345,False
20,67,72,5,0.22200935772287808,0.3208719052614719,0.6918940364752945,88.50641639310459,True
20,67,73,6,0.2626599520956173,0.394647377240253,0.6655560564785293,87.19315285249253,True
20,67,74,7,0.30691818377624697,0.46340667717401973,0.6623085054533908,86.36197680870721,True
20,68,70,2,0.11270484850198552,0.14953197425091833,0.7537173843024637,94.50825819881675,False
20,68,71,3,0.19934417660058676,0.2529595604851,0.7880476081564376,91.38444225854185,False
20,68,72,4,0.23978500523274252,0.3351058652119052,0.7155500100874502,89.32653896291411,True
20,68,73,5,0.2779265033247105,0.4076678675217941,0.6817473867004061,88.00110639418347,True
20,68,74,6,0.3213185533044371,0.475710248430605,0.6754501387440888,87.16222846548659,True
20,69,71,2,0.12871491105293992,0.21089404883674898,0.6103297450208132,90.1053944836429,True
20,69,72,3,0.16972451759400412,0.2930979738220651,0.5790709344754497,88.07629430336144,False
20,69,73,4,0.20841939158735723,0.3658487248098486,0.5696873528688232,86.76941294023992,False
20,69,74,5,0.25333749128676875,0.43418431760812354,0.5834791378057567,85.94227623271367,True
20,70,72,2,0.12920848377810287,0.187249978324346,0.6900320359679494,85.62961083373142,True
20,70,73,3,0.17137583642529744,0.2612084498965044,0.6560884094415771,84.35903350739082,True
20,70,74,4,0.21712435260721816,0.3305481408606175,0.6568615150637714,83.55487394400348,True
20,71,73,2,0.09632305462949664,0.15923118025609972,0.6049258347176433,81.57068359386052,True
20,71,74,3,0.14309762386826672,0.22918621815939721,0.6243727263248589,80.79310420992532,True
20,72,74,2,0.09515282181089046,0.14538803366816255,0.6544749207357033,78.97370923077546,True
20,218,220,2,2.6367499090749136,0.3403536126232526,7.747089530657075,14.17671783662897,False
20,218,221,3,2.7589957698944803,0.4826521309268443,5.716323606810434,14.085590138174561,False
20,218,222,4,2.8112472342725345,0.6701824411110895,4.194749163543874,13.643532772662272,False
20,218,223,5,2.722982476828147,0.81882687771229,3.3254678747671953,13.1946373415574,False
20,218,224,6,2.67002884468897,0.9396562701068454,2.8414952676103247,13.228213475659274,False
20,218,227,9,2.7316042367204254,1.2562621262378229,2.17439034391721,13.129789233125116,False
20,218,228,10,1.0237402743701853,1.3576081867948975,0.7540763854607252,13.172133347483808,False
20,218,229,11,1.1155463855946723,1.455302095476579,0.7665393934785449,12.901340067661321,False
20,219,221,2,0.2419514544625482,0.27744234464479256,0.8720783223351032,13.248859968555843,False
20,219,222,3,0.5480745521752707,0.46469330506305223,1.1794328564748846,12.833062257825349,False
20,219,223,4,0.7432618193772654,0.6124953146436452,1.2134979674247817,12.410832684985902,False
20,219,224,5,0.5207559809182669,0.7320556467495691,0.7113611966938542,12.442414286795795,True
20,219,227,8,0.7873475396185269,1.0483072502568385,0.751065624534815,12.34983676650347,False
20,219,228,9,2.4861898787507233,1.1498095514156574,2.1622623291741667,12.389665501837063,False
20,219,229,10,2.7160312912048608,1.2477152502664721,2.1768037944753846,12.134958229397638,False
20,220,222,2,0.21146790702939375,0.33110704570419947,0.6386693058120921,12.67127242457665,True
20,220,223,3,0.4128026443179165,0.47889798889071056,0.8619845016975469,12.254366012399087,False
20,220,224,4,0.5760124975655454,0.5997874333840827,0.9603610637782192,12.28554945654498,False
20,220,227,7,0.7961440827364632,0.9171706514496176,0.8680435658054823,12.194139085703794,False
20,220,228,8,2.6054645158988463,1.0174727334523572,2.560721708048451,12.233465689564895,False
20,220,229,9,2.9097841664148754,1.1150004257903472,2.6096709015625077,11.981969579536068,False
20,221,223,2,0.745776286977668,0.3372578720948996,2.211293934653709,12.175595158411815,False
20,221,224,3,0.5633364634328224,0.4620669692180595,1.2191662701753772,12.206578155915004,False
20,221,227,6,0.8305144858641983,0.7802638809255884,1.0644020646950876,12.115755369365587,False
20,221,228,7,2.7215103969378456,0.8778361778193056,3.100248617798529,12.154829182493373,False
20,221,229,8,2.954456392285104,0.9742476988888455,3.0325515735420643,11.904949685134792,False
20,222,224,2,0.49681597592459337,0.2811631613694632,1.7670023821924206,11.823491062751655,False
20,222,227,5,0.700608504643795,0.5988338815173795,1.1699546840411397,11.735518627615042,False
20,222,228,6,2.7250021979203685,0.6928889995332255,3.9328120373625572,11.773366161494152,False
20,222,229,7,3.0267179092930383,0.7882139094502434,3.8399701819574426,11.531328797210174,False
20,223,227,4,0.5374850734320896,0.4512528089447574,1.191095241465608,11.349400106747915,False
20,223,228,5,2.5449158220135812,0.5435783153151572,4.681783195376518,11.386002392396966,False
20,223,229,6,2.879964000213737,0.6390712721767323,4.5064832759644,11.151928469018957,False
20,224,227,3,0.2728863233546256,0.3202977523517166,0.8519770162326058,11.378280701954559,False
20,224,228,4,2.441303431581204,0.41913871888474036,5.824571488115232,11.414976128719928,False
20,224,229,5,2.713733067267351,0.5180714863161567,5.238144037927763,11.18030656203338,False
20,227,229,2,2.6865634045780387,0.21710003751032345,12.374771719927908,11.097119727568344,False
19,81,83,2,0.10567252444980732,0.16353732953285213,0.6461676043730391,181.13797936047317,True
19,81,84,3,0.0989927886515658,0.18740643132183826,0.528225141225611,177.411888401361,False
19,81,85,4,0.15077073601053484,0.1807417121138163,0.8341778676722494,175.72096851829676,False
19,81,86,5,0.1618737223391271,0.22392479580184238,0.7228932452946119,176.33809291725726,True
19,82,84,2,0.0714001845475088,0.1030503415893156,0.6928670341730498,169.46056703749335,True
19,82,85,3,0.13432175664854026,0.129312833083445,1.0387349302127116,167.84543151990735,False
19,82,86,4,0.13563960652801993,0.22387621946353967,0.6058687557483527,168.43489737545323,True
19,82,162,80,3.106996381088126,4.735654404870741,0.6560859630915004,48.47389799635977,True
19,83,85,2,0.13835366006840816,0.11665539455764357,1.1860031042117192,162.09420844509128,False
19,83,86,3,0.19902745200460076,0.24140238509736475,0.8244634862423876,162.66347625533123,False
19,83,162,79,3.175345184925352,4.799003813625992,0.6616675685711011,46.81294006525349,True
19,84,86,2,0.13612150383731741,0.21927811355020305,0.6207710456527291,159.31741426218855,True
19,84,162,78,3.130982552069031,4.799991865064954,0.6522891371664151,45.84997650917077,True
19,84,164,80,2.7916879541814565,4.342103770879619,0.6429344164697196,53.81526009867479,True
19,85,162,77,3.0640788787299758,4.727210372472887,0.648179081805302,45.41297852884382,True
19,85,164,79,2.724457607979776,4.268487131843728,0.6382724192032354,53.30234467833239,True
19,86,162,76,3.0361123429454877,4.609052963265515,0.658728022251756,45.57246693433085,True
19,86,164,78,2.695825885756678,4.149345729857147,0.6496990275740386,53.48954019461123,True
19,86,166,80,2.4797715561007103,3.8200937865549722,0.6491389203135277,59.1268195402345,True
19,162,164,2,0.34299638453325504,0.46549729088588004,0.736838626666343,15.393760768507095,False
19,162,166,4,0.5569903254953541,0.7912373462562694,0.7039484778249504,17.01611402329378,True
19,162,167,5,0.5979069892740736,0.8979466430489186,0.6658602645296605,17.367114733614173,True
19,162,168,6,0.7223005318065043,1.0308795610223191,0.7006643250257109,18.422074037554545,True
19,162,169,7,0.7968720950580276,1.1637947895375567,0.6847187341117683,19.057814278773634,True
19,162,170,8,0.9000052850507628,1.3093244093287577,0.6873814301775389,20.08999902783365,True
19,162,171,9,1.0136286413985511,1.4916684687248871,0.6795267599006262,21.41921338368136,True
19,162,172,10,1.1509883975967972,1.6775344529179068,0.6861190812473422,23.088104324420506,True
19,162,173,11,1.241087637485364,1.8269998942514418,0.6793036175811397,24.314484260992685,True
19,162,174,12,1.309563333594075,1.9547007774804823,0.6699559076668711,25.358086574304338,True
19,162,175,13,1.3987808459096498,2.096399135206794,0.6672302150953093,26.743814653499086,True
19,162,176,14,1.4992928064131625,2.236828513241699,0.6702761510493842,28.734162715428834,True
19,162,177,15,1.5714899364081547,2.3462555891228,0.6697863368737638,30.2031090254579,True
19,162,178,16,1.6552553282424036,2.4747781764582513,0.6688499777427738,32.05139022700806,True
19,162,179,17,1.7671640136285869,2.634313667245288,0.6708252079474336,34.70829238404235,True
19,162,180,18,1.866525783361516,2.787503381808667,0.6696048498245853,37.25518279383732,True
19,162,181,19,1.9331433769454762,2.8921342655713547,0.6684141189287333,39.10099831681113,True
19,162,182,20,1.9936188620093283,2.994920621557956,0.665666678328272,41.34076859995986,True
19,162,183,21,2.071582843019544,3.1163150848642904,0.6647539759638129,44.31442063146632,True
19,162,184,22,2.151143796150915,3.237997668978559,0.6643438371682038,47.7464062195163,True
19,162,186,24,2.4176990328459347,3.617345627178529,0.6683627394299341,54.611438655308234,True
19,162,187,25,2.577043790444206,3.8475889738000197,0.6697814678211387,57.1926813731317,True
19,164,166,2,0.21693454748098145,0.32950851696943245,0.6583579370760417,19.972237103526137,True
19,164,167,3,0.26267398649462875,0.4435579820168629,0.5921976317509772,20.38421538484398,True
19,164,168,4,0.39395912270477257,0.5856354875620465,0.6727036374533804,21.622447411499703,True
19,164,169,5,0.4703916939277195,0.7249440734423429,0.6488661831444453,22.368631576491733,True
19,164,170,6,0.5702430887331598,0.8686232781036731,0.6564906825638851,23.58013254049854,True
19,164,171,7,0.6821662459521631,1.0444942266192057,0.6531067655205551,25.140264556542853,True
19,164,172,8,0.8138743064589266,1.2259127883689223,0.6638925004949062,27.09908344566999,True
19,164,173,9,0.9046810092634701,1.3742834008224751,0.6582929028481611,28.538516140978516,True
19,164,174,10,0.9743819330619076,1.5034276957895805,0.648106946407007,29.7634181846952,True
19,164,175,11,1.0637541822285244,1.6481111799913313,0.6454383631049208,31.389881766262935,True
19,164,176,12,1.1686894128277547,1.7924685630388064,0.6519999496373052,33.72600288986305,True
19,164,177,13,1.2418554345973638,1.904409977144621,0.6520945854628114,35.45014178291986,True
19,164,178,14,1.325914307345896,2.0336776207736666,0.6519786094914503,37.61951549191224,True
19,164,179,15,1.4375771981950825,2.1930682202136618,0.6555095664352042,40.73798776875041,True
19,164,180,16,1.5366215147808813,2.345659720049716,0.6550914020676081,43.727336516148824,True
19,164,181,17,1.6032348299179053,2.4503283755742333,0.6542938676707721,45.89381619674666,True
19,164,182,18,1.6654529908803777,2.5541618347815325,0.6520546067993497,48.522690397474406,True
19,164,183,19,1.7442482410463152,2.6775911992503576,0.651424400235051,52.01293989599845,True
19,164,184,20,1.8243983879228913,2.8002911819555827,0.6515031007056998,56.04114691239401,True
19,164,186,22,2.0868630251175446,3.174142819653343,0.6574571919689035,64.09880657213422,True
19,164,187,23,2.2445170421664713,3.4013004747152484,0.6598996645112275,67.12847547959147,True
19,166,168,2,0.18634529011373016,0.2704668416304798,0.6889764711650713,23.90124389677875,True
19,166,169,3,0.2623024884994969,0.412083450079077,0.6365275976241274,24.726068643948835,True
19,166,170,4,0.3568529831789231,0.5508091287371754,0.6478704955327628,26.065250072897953,True
19,166,171,5,0.4676736888899156,0.7198501649433032,0.6496819917055245,27.789804889334526,True
19,166,172,6,0.5974719074710646,0.8982830779416953,0.6651265309818567,29.955064312916015,True
19,166,173,7,0.6882991676063368,1.0460590921771509,0.6579926246554462,31.546199269510662,True
19,166,174,8,0.7583681839731241,1.1756391305438811,0.6450688517166686,32.90019412214537,True
19,166,175,9,0.8473638264927225,1.3211986915055756,0.6413598741360443,34.69807120851089,True
19,166,176,10,0.953647245268338,1.4670249605074344,0.6500552280572497,37.280396866886036,True
19,166,177,11,1.0269792526275705,1.579990741048856,0.6499906777591772,39.186243296321976,True
19,166,178,12,1.1109527174010276,1.709403873934945,0.6499065167342116,41.58424797798952,True
19,166,179,13,1.222511383425316,1.8684672925005308,0.6542856748588061,45.0313770219668,True
19,166,180,14,1.3214002064717545,2.0206156213013577,0.6539592154695506,48.33577416741205,True
19,166,181,15,1.3879295869677462,2.1252007655744847,0.6530816332510405,50.73057981812875,True
19,166,182,16,1.4509621100389507,2.2293723323290306,0.6508388432914332,53.63651189185532,True
19,166,183,17,1.5299619106328741,2.353559500047386,0.6500629835795825,57.4945998750161,True
19,166,184,18,1.6102600705551813,2.476598889813923,0.6501900962558239,61.94734088685829,True
19,166,186,20,1.8714834779974472,2.8479633731938647,0.6571304587736538,70.85419981450494,True
19,166,187,21,2.0286829553025307,3.0739802168586223,0.6599531591571831,74.2031664742694,True
19,166,228,62,5.851199972224467,8.899134218337675,0.6575021601727735,14.651697993340068,True
19,167,169,2,0.21059160313717423,0.28976625360348857,0.7267637294484415,25.236106813978502,True
19,167,170,3,0.31061967862631934,0.4294702586252465,0.7232623735590604,26.602912272254496,True
19,167,171,4,0.42001568526471866,0.6013149618823583,0.6984953175784953,28.363040426100955,True
19,167,172,5,0.5534248017831422,0.782632888424655,0.7071320538255417,30.572963842569695,True
19,167,173,6,0.643818824848695,0.9313763843845558,0.6912552601106845,32.196920011999175,True
19,167,174,7,0.7128041776682139,1.0603328460679682,0.672245682392567,33.57884445857022,True
19,167,175,8,0.802470702430844,1.2045977909131345,0.6661731479870457,35.413807340994644,True
19,167,176,9,0.9062719665050104,1.349119468722782,0.6717507140883398,38.049400046071966,True
19,167,177,10,0.9794733077086384,1.4614393793083293,0.6702113830901449,39.99455941438325,True
19,167,178,11,1.0636294855877142,1.590782633741809,0.6686202520867762,42.442029052941926,True
19,167,179,12,1.1752106135156557,1.7500389797484344,0.6715339641660957,45.960263917046284,True
19,167,180,13,1.2742566389336836,1.9024776002469095,0.669787985292603,49.33282267351766,True
19,167,181,14,1.3409150701377852,2.007124534803508,0.6680776637853502,51.777027292960724,True
19,167,182,15,1.4028695740028942,2.111090005740664,0.6645238100640363,54.74290162028435,True
19,167,183,16,1.481686308243122,2.2348878484344956,0.6629801621951725,58.68057249885323,True
19,167,184,17,1.5618528745301181,2.3577875840430327,0.6624230635110564,63.225162640049504,True
19,167,186,19,1.8244199236086582,2.730738198994003,0.6681050289920761,72.31574822855701,True
19,167,187,20,1.9823845205034152,2.9578597589021203,0.6702090978239023,75.73379585914756,True
19,167,228,61,5.803346688472698,8.782498845630741,0.6607853630814697,14.953926598297828,True
19,168,170,2,0.17951746881382896,0.28595242879587374,0.6277878791579594,28.218896864053406,True
19,168,171,3,0.29138054836207666,0.4620040855224235,0.6306882503703194,30.085943386351342,True
19,168,172,4,0.4321469314972532,0.6472741524888129,0.667641261180628,32.430107827017785,True
19,168,173,5,0.5208009738469331,0.7970167397390411,0.6534379365952259,34.15271064538171,True
19,168,174,6,0.5883545126513786,0.924664893969738,0.6362894454935736,35.61857960862201,True
19,168,175,7,0.6770040342224262,1.0662797959711023,0.6349215625959154,37.565006668884344,True
19,168,176,8,0.7775425830887828,1.2084516796488365,0.6434204992910669,40.36069753006108,True
19,168,177,9,0.8500555554076007,1.3197892125036992,0.6440843335846088,42.424014923163604,True
19,168,178,10,0.9339274942746102,1.4489293390964035,0.644563864554662,45.02015524801145,True
19,168,179,11,1.045826590124673,1.6082288889302419,0.6502971046741572,48.752104057135725,True
19,168,180,12,1.1451010084240127,1.7609882691939511,0.6502604409444218,52.32952771447279,True
19,168,181,13,1.2117086607621075,1.8656836130634906,0.6494716747672222,54.92220468776199,True
19,168,182,14,1.2733945636929649,1.9692266703495054,0.6466470228472776,58.068240012690595,True
19,168,183,15,1.3518580468995172,2.0922384717497833,0.6461300015045272,62.24510333012561,True
19,168,184,16,1.4318275058182828,2.2148239606041686,0.64647463242528,67.0657530083025,True
19,168,186,18,1.6964237158221915,2.5899517881749774,0.6550020442726407,76.70854303559915,True
19,168,187,19,1.8552526972614547,2.8184697308740296,0.6582482248926357,80.33421877278727,True
19,168,228,60,5.674752870732582,8.64165225429451,0.6566745228509382,15.862297633860893,True
19,169,171,2,0.21791139035793233,0.3305323134630138,0.6592740905567055,31.124200255081305,True
19,169,172,3,0.362580989412916,0.519845651180822,0.6974781621993343,33.54926110643031,True
19,169,173,4,0.4495853499762497,0.6694295654776304,0.6715947026562468,35.331310430602365,True
19,169,174,5,0.5156843582966335,0.7944987302832041,0.6490688262180287,36.847766091430906,True
19,169,175,6,0.6041692922074408,0.9333780333331254,0.6472932409282562,38.8613637648546,True
19,169,176,7,0.702453088671614,1.0730767862572121,0.6546158650227654,41.753533077851436,True
19,169,177,8,0.7747225565120477,1.1830164407064532,0.654870490260822,43.88805493438889,True
19,169,178,9,0.8585819301799478,1.3118634947576564,0.654475052938763,46.573787281991216,True
19,169,179,10,0.9704647891653071,1.4714523318694632,0.6595285271201023,50.43452452347622,True
19,169,180,11,1.0697910270784095,1.6245022858513567,0.6585346394374333,54.13540399660374,True
19,169,181,12,1.136420985762637,1.7291782415037553,0.657202917828971,56.81755347342549,True
19,169,182,13,1.1975966592596583,1.8324658565357816,0.6535437781764057,60.0721575323781,True
19,169,183,14,1.2759276681602405,1.955119879649921,0.6526084059810722,64.39316314820755,True
19,169,184,15,1.3558107462356992,2.0775624636819088,0.6525968628798274,69.38017199870072,True
19,169,186,17,1.6211349413610028,2.4545020314036505,0.6604740679044898,79.3557318132364,True
19,169,187,18,1.78037803118893,2.684409622159595,0.663228896399434,83.10652853099616,True
19,169,228,59,5.598869133898336,8.506434714805856,0.6581922181984464,16.40970076032115,True
19,170,172,2,0.2623970257562705,0.3781361637423544,0.6939220601366667,35.36631290207399,True
19,170,173,3,0.3480614058896732,0.5266174215682278,0.6609378870398401,37.24487928258718,True
19,170,174,4,0.4150023105899312,0.6499682599529218,0.6384962715256133,38.843467258425015,True
19,170,175,5,0.5013518936737312,0.7885082129194235,0.6358232995665242,40.96612281114422,True
19,170,176,6,0.6022985266919968,0.9283108385895227,0.6488112619767861,44.01493406706836,True
19,170,177,7,0.674501527446972,1.0381610065709992,0.6497080155946343,46.265063142493815,True
19,170,178,8,0.7579273040774723,1.1670719797774576,0.6494263569090205,49.09625666044346,True
19,170,179,9,0.8699702333061888,1.3269368725389616,0.6556229247300871,53.166094171376855,True
19,170,180,10,0.9691621374611189,1.4799492111728638,0.6548617548118798,57.0674159037474,True
19,170,181,11,1.0355718792587176,1.5845945540414517,0.6535248253993607,59.89483250009179,True
19,170,182,12,1.0985900858362625,1.6881594143693708,0.6507620527334216,63.32570822507807,True
19,170,183,13,1.1771194055221685,1.8114630665098712,0.6498169503340266,67.8807425722206,True
19,170,184,14,1.2571746718561467,1.9342025628315886,0.64997053360104,73.13785136196229,True
19,170,186,16,1.5210853382410157,2.3103881088214226,0.658367887383628,83.65369457695948,True
19,170,187,17,1.679570806472602,2.5402778370005756,0.661176026499428,87.60763710736407,True
19,170,228,58,5.4999614536677734,8.362989441750694,0.6576549560388326,17.298461801523406,True
19,171,173,2,0.23307582289573242,0.3392602274459799,0.6870119278359703,39.709111767399214,True
19,171,174,3,0.2982320271425466,0.4640859101712771,0.6426224554683854,41.41346709960304,True
19,171,175,4,0.3862591277644233,0.6049248499970753,0.6385241534816941,43.67656388526034,True
19,171,176,5,0.48678810596303035,0.7482150838908277,0.6505991611819173,46.92709360239644,True
19,171,177,6,0.5597401353004147,0.8603959689589346,0.6505610852381042,49.326097939857604,True
19,171,178,7,0.6437493868129299,0.9897760343293152,0.650399044314245,52.34461167932782,True
19,171,179,8,0.7554661526026353,1.1491673881876012,0.6574030557846858,56.683721798886296,True
19,171,180,9,0.8545809222889986,1.3015813331224393,0.6565712802894113,60.843166632520465,True
19,171,181,10,0.9211857059307479,1.4062023654557547,0.6550875809629211,63.857653557968206,True
19,171,182,11,0.9836762382562022,1.51034933644509,0.6512905422075939,67.51552627088182,True
19,171,183,12,1.0625111625826293,1.6347753676785652,0.6499432176369467,72.37193529888984,True
19,171,184,13,1.1427404830067636,1.758011099229717,0.6500189239461924,77.976870112112,True
19,171,186,15,1.4056219846747875,2.130627745552284,0.6597219939564964,89.1884729309724,True
19,171,187,16,1.564063352323611,2.3587433020724715,0.6630918044152461,93.40402011184658,True
19,171,228,57,5.384783614867584,8.183384722762431,0.6580142321660107,18.442979714581142,True
19,172,174,2,0.16259046002526278,0.2780727537642093,0.5847047501932919,44.64022238837487,True
19,172,175,3,0.2514154072129983,0.4232866258030074,0.5939601959689699,47.07964972623055,True
19,172,176,4,0.3644418961810045,0.5718238715193845,0.6373324275753851,50.58344642849622,True
19,172,177,5,0.43851093897294574,0.6867343157783158,0.6385452552723477,53.16937063709668,True
19,172,178,6,0.5217908165058741,0.8158941413552192,0.6395324957710413,56.42307369673756,True
19,172,179,7,0.631415373232578,0.9738908689002054,0.6483430468401683,61.10026820061417,True
19,172,180,8,0.7290147219295116,1.1249159830860906,0.6480614844937442,65.58379868935671,True
19,172,181,9,0.7952025571694903,1.2292020084843782,0.6469258524479513,68.83316118332972,True
19,172,182,10,0.8600441241747219,1.3339592120001487,0.6447304508547642,72.7760392567861,True
19,172,183,11,0.939720295182186,1.4597546005705115,0.6437522408320672,78.01083832583741,True
19,172,184,12,1.0203528202135161,1.5834498010036597,0.6443859600517629,84.05248501851386,True
19,172,186,14,1.2761505826422377,1.9509459643619709,0.6541188766648309,96.13764663901621,True
19,172,187,15,1.4320494080025845,2.176693411372228,0.6579012921713187,100.68165072325077,True
19,172,228,56,5.25600923662054,8.00273258096382,0.6567768175989114,19.87997561235534,True
19,173,175,2,0.16038940642655095,0.2795654426320043,0.5737097007289047,49.580398035134614,False
19,173,176,3,0.2753179313615246,0.43178336417990554,0.6376297796568454,53.27030728770357,True
19,173,177,4,0.3491558340227069,0.5477990704326673,0.6373793839170513,55.9935890516218,True
19,173,178,5,0.43190878426303175,0.6758490215103103,0.639061048424471,59.42012033898714,True
19,173,179,6,0.5409375687466359,0.832276171698743,0.6499496046396938,64.3457552266389,True
19,173,180,7,0.6382342097211959,0.9818924121009964,0.6500042182376574,69.06743917134048,True
19,173,181,8,0.7043274467826952,1.0857232442285922,0.6487172956153489,72.48939933350074,True
19,173,182,9,0.7695251748206519,1.1908401379662998,0.6462035921419614,76.64171281549876,True
19,173,183,10,0.849251251440135,1.3176392345329504,0.6445248662781055,82.1545707697692,True
19,173,184,11,0.929891982763603,1.4415820330702318,0.6450496478394303,88.51713399087276,True
19,173,186,13,1.1850815326800672,1.8054712623265174,0.6563834924478275,101.24422790401205,True
19,173,187,14,1.3409729232382301,2.0299058735230084,0.6606084256068983,106.02959764401044,True
19,173,228,55,5.164983040319647,7.8563659683654885,0.6574264820550636,20.935948111784384,True
19,174,176,2,0.20410644585706877,0.30488119440984546,0.6694622351245867,55.556722879312765,True
19,174,177,3,0.2780396318544347,0.42043300707456893,0.6613173256521245,58.39689065726765,True
19,174,178,4,0.36088849754508284,0.5475112061328886,0.6591435819077832,61.97049214113582,True
19,174,179,5,0.4695891063986402,0.7034114412347942,0.6675880983316199,67.10754027153232,True
19,174,180,6,0.5669361595586336,0.8525738629904835,0.664970138270544,72.03188367775175,True
19,174,181,7,0.6331748595094795,0.956242112727035,0.6621491054224496,75.60071783908705,True
19,174,182,8,0.6976881217923206,1.0615363971560312,0.657243711719637,79.93125282514387,True
19,174,183,9,0.7774269743783095,1.1888518313279648,0.6539309221653907,85.68072823147621,True
19,174,184,10,0.8580694012422365,1.3129433572075901,0.6535463975134509,92.31637911608361,True
19,174,186,12,1.1139391865314554,1.676328964120602,0.6645110896331885,105.5897328020775,True
19,174,187,13,1.270409250441179,1.9011971768240425,0.6682154097048486,110.58049546248942,True
19,174,228,54,5.0938377054663695,7.727645715728993,0.6591707090166256,21.834540228578017,True
19,175,177,2,0.19483552876412016,0.27008003300013,0.7213992334043678,61.588070357846505,True
19,175,178,3,0.27475921912955115,0.39689875898755794,0.6922652512958962,65.35695628896734,True
19,175,179,4,0.38223784297126095,0.5527210961358634,0.6915564570332661,70.77472559355836,True
19,175,180,5,0.4788683995010467,0.7025306455991984,0.68163346681142,75.96816662706134,True
19,175,181,6,0.5446733125765474,0.8065331502958999,0.675326627773103,79.73202471864708,True
19,175,182,7,0.6111024386448644,0.9115797147036212,0.6703773995711938,84.29920784101064,True
19,175,183,8,0.6908012060948869,1.0383322650881277,0.6652987962733256,90.36287136590819,True
19,175,184,9,0.7713952250251359,1.1623333856954603,0.6636609035914305,97.3611366665359,True
19,175,186,11,1.0258570351963983,1.5281947562141056,0.6712868441832763,111.35983131443041,True
19,175,187,12,1.1818756103138666,1.7547862202678493,0.6735154383269923,116.62332117509321,True
19,175,228,53,5.005881953812305,7.580588816568311,0.6603552936245972,23.027719193496743,True
19,176,178,2,0.1585826994929414,0.2447636767960649,0.6479012799969958,70.22100029199267,True
19,176,179,3,0.26912818418057854,0.40209970836767145,0.6693070862277111,76.04197485264332,True
19,176,180,4,0.36800910127425707,0.5536868348313905,0.6646520706715444,81.62192601679538,True
19,176,181,5,0.43471199316988435,0.6582205203790225,0.6604351880727823,85.6659007542309,True
19,176,182,6,0.4976179262625769,0.762677181431383,0.652462061771212,90.57298617526993,True
19,176,183,7,0.576868467724183,0.8883333173679386,0.6493829021671714,97.08792417620393,True
19,176,184,8,0.6573648277296521,1.012141184595212,0.649479378702047,104.60701958122934,True
19,176,186,10,0.9189940314743027,1.382706609991564,0.664634149308008,119.64753549220748,True
19,176,187,11,1.0780771157657651,1.6121572955685786,0.6687170778739348,125.30274870942542,True
19,176,228,52,4.898169280572697,7.43580361719759,0.6587276282074165,24.741505235662647,True
19,177,179,2,0.1958053429021908,0.28910811297350947,0.6772737744655825,79.92938857244992,True
19,177,180,3,0.295072529454378,0.44190745656211494,0.6677247126580276,85.79459769779263,True
19,177,181,4,0.3617378699834063,0.5464958694202818,0.6619224228851625,90.04530829272424,True
19,177,182,5,0.4244833721814985,0.6504480759589686,0.6526014725397937,95.20325346887846,True
19,177,183,6,0.5034815419806231,0.7755819348711973,0.6491661542687137,102.05124777743201,True
19,177,184,7,0.5838850710227573,0.8992844268249698,0.6492774183627673,109.95473397050144,True
19,177,186,9,0.8469820434259678,1.272967054656175,0.665360537280154,125.76415032125128,True
19,177,187,10,1.0066982626874375,1.504599352448301,0.6690806167431395,131.70846904226033,True
19,177,228,51,4.8255031566631885,7.325732460489739,0.6587058949652926,26.00633912626272,True
19,178,180,2,0.21151586473363862,0.31340791712905586,0.6748899857770349,91.04480362810696,True
19,178,181,3,0.27794284551490217,0.4178351083997499,0.6651974425494891,95.55563673159293,True
19,178,182,4,0.3416270790168272,0.5215142783787095,0.6550675469114327,101.02922269491499,True
19,178,183,5,0.4204147118905189,0.64672246021506,0.6500697559672118,108.29628045611356,True
19,178,184,6,0.5007403089857062,0.7704882768045309,0.6498999713044843,116.68342099566264,True
19,178,186,8,0.7640541300680534,1.144824127592373,0.6673986961428745,133.4602955979435,True
19,178,187,9,0.9239967871556597,1.3775210844330552,0.6707677999251446,139.76837728583135,True
19,178,228,50,4.742111576647134,7.197155137844204,0.6588869471094324,27.59779872360731,True
19,179,181,2,0.1660108256222967,0.257840983584567,0.6438496445149041,103.47672769054361,True
19,179,182,3,0.23040878891647107,0.3613535865381372,0.6376269601302373,109.40404693188145,True
19,179,183,4,0.3094738294503106,0.48700091348372104,0.6354686836961249,117.27350793687916,True
19,179,184,5,0.3899133456610895,0.6110134098107465,0.6381420430393829,126.35590105776868,True
19,179,186,7,0.651878029174155,0.9845718512525459,0.6620928968717248,144.52349581300982,True
19,179,187,8,0.8120357930427279,1.2178286228428632,0.6667898732312068,151.3544863583479,True
19,179,228,49,4.630083580002498,7.036850499658059,0.6579766871880378,29.885520112252834,True
19,180,182,2,0.1346990409093233,0.20920009886251445,0.6438765643119845,117.43210301831905,True
19,180,183,3,0.21334274215098883,0.3371761451342532,0.6327337957613884,125.8790241455871,True
19,180,184,4,0.29347026789001457,0.46150158314369266,0.6359030577770304,135.62788220464273,True
19,180,186,6,0.5526505883879351,0.8314258986920161,0.6647021571704164,155.12861292460332,True
19,180,187,7,0.7128013628265072,1.064839027723294,0.6693982322854283,162.4608607521153,True
19,180,228,48,4.531040930337255,6.883899413401583,0.6582084743301478,32.0785160604092,True
19,181,183,2,0.1512789134758368,0.23586894409359496,0.6413685110482706,132.1157257092459,True
19,181,184,3,0.23004201360889853,0.35983872547003704,0.6392919864542307,142.34759290118515,True
19,181,186,5,0.48682175565165364,0.7272374587644418,0.6694123766379576,162.81449124596787,True
19,181,187,6,0.646993958737879,0.9613576160334921,0.6730002945286271,170.51001676649796,True
19,181,228,47,4.464803903357634,6.7794600682645605,0.6585780959545583,33.667852589126014,True
19,182,184,2,0.16050199823551434,0.25435070924795317,0.631026344334072,150.50150001819992,True
19,182,186,4,0.4268075140948541,0.6248865926826185,0.6830159569636194,172.14077637567294,True
19,182,187,5,0.5898524265636402,0.8613046455687875,0.6848359980388984,180.27711441036038,True
19,182,228,46,4.4015458665959,6.675781619847898,0.659330415109682,35.59640323930559,True
19,183,186,3,0.3528075413699029,0.5079304259634576,0.6945981641101475,184.52290633382557,True
19,183,187,4,0.516969781131983,0.7480478810503006,0.6910918327930143,193.2444932389439,True
19,183,228,45,4.323312983748754,6.553008243585094,0.6597447802665218,38.15686160502129,True
19,184,186,2,0.2793825969613149,0.39438164112533797,0.7084067000789336,198.81351300720075,True
19,184,187,3,0.4439152694067945,0.6364323070445178,0.69750586903462,208.21055409036686,True
19,184,228,44,4.24363467865624,6.431135344493848,0.6598577780344053,41.111967352712476,True
19,186,228,42,3.9801254053288604,6.053176839748214,0.6575267022092183,47.023092644069514,True
19,187,228,41,3.824999958396771,5.8265662321751615,0.6564758394531851,49.24566759257336,True
5,40,42,2,0.19982754903864844,0.3145452654332855,0.6352902777391559,114.61477441697963,True
5,40,43,3,0.27468320028639526,0.42872885626810764,0.6406921210701544,110.496896428952,True
5,40,44,4,0.34907257209684817,0.5512794683083181,0.6332043766622192,105.29704897656933,True
5,40,45,5,0.42707813181786286,0.66759563270307,0.6397257724539619,100.69152393820853,True
5,40,46,6,0.5174816911169624,0.7528046376962341,0.6874050254267597,98.58479859102614,True
5,40,47,7,0.5575030591484962,0.8310025550219189,0.6708800782613613,98.85029687623299,True
5,41,43,2,0.15928099846022115,0.2720924702255791,0.5853928935562559,107.13616385973853,True
5,41,44,3,0.2374384803315166,0.40662619704887376,0.5839232249538956,102.09446833064901,True
5,41,45,4,0.32079774197541006,0.5282490207638721,0.6072850670154047,97.62901906359915,True
5,41,46,5,0.40611349128347846,0.6142033485196994,0.6612036425106744,95.5863691856605,True
5,41,47,6,0.44640863626347876,0.6893063398940577,0.6476200934581411,95.84379241389288,True
5,42,44,2,0.16705745764743388,0.27423783448566325,0.6091699854644506,99.99590561357087,True
5,42,45,3,0.25513317760378756,0.3980417557901955,0.6409708878338536,95.62224413385228,True
5,42,46,4,0.3326508235322351,0.4829089128229701,0.6888479684245997,93.62158114264686,True
5,42,47,5,0.37283390499052677,0.553932536383874,0.6730673511695542,93.87371300888762,True
5,43,45,2,0.1716510362755349,0.27085317405887327,0.6337420149199523,92.18672950419332,True
5,43,46,3,0.2515545136333723,0.35499938841923695,0.7086054845150851,90.25794630453181,True
5,43,47,4,0.2922828875082362,0.42536257683165213,0.6871382284857525,90.5010195806619,True
5,44,46,2,0.17051895528199157,0.2104537911941413,0.810244160081154,86.01051884442498,False
5,44,47,3,0.2113011117833753,0.2856909194991989,0.7396143782020619,86.24215339244164,False
5,45,47,2,0.14381671149917338,0.16698530520272536,0.8612536972913599,82.47005910612006,False
5,177,179,2,0.27130711730406176,0.28910811297350947,0.9384278929900567,25.696647971218734,False
5,177,180,3,0.4509345100100802,0.44190745656211494,1.020427474834194,26.94218833768015,False
5,177,181,4,0.5090982773319385,0.5464958694202818,0.9315683902094001,27.692557433731704,False
5,177,182,5,0.4713500737023504,0.6504480759589686,0.7246544207351672,27.77655197220381,True
5,177,183,6,0.5965588610094863,0.7755819348711973,0.7691758074645695,28.574352691462007,False
5,177,184,7,0.6960283041137904,0.8992844268249698,0.7739801595043748,29.06300926189778,False
5,177,185,8,0.8609823207215612,1.0491303841763386,0.8206628401078189,29.718240160501132,False
5,177,186,9,0.9230770261209768,1.272967054656175,0.7251381901398047,30.487250757693978,True
5,177,187,10,1.0604243134482807,1.504599352448301,0.7047884951716524,32.13778695438992,True
5,177,188,11,1.2155882523426427,1.6886943661378846,0.7198391116343595,33.87581665233317,True
5,177,189,12,1.2966679013697044,1.8547654089215952,0.6991007569650644,35.66952077693466,True
5,177,190,13,1.4062458332518561,2.0349966005908087,0.691031047837421,38.25335824818723,True
5,177,191,14,1.5158651983941083,2.2012161241986825,0.6886489616942701,40.27490241492976,True
5,177,192,15,1.6106252884073635,2.3400420771364265,0.688289028707693,41.65436450933279,True
5,177,193,16,1.6805105179943762,2.490522355675821,0.6747622699168093,42.6715710412391,True
5,177,194,17,1.775798030403844,2.662756160188228,0.6669022334656113,44.083123470854744,True
5,177,195,18,1.924804072555548,2.8212762673953615,0.6822458668085533,46.4688177999247,True
5,177,196,19,2.007752318254208,2.9641241552538156,0.6773509519483287,48.557287038949475,True
5,177,197,20,2.1091105380333732,3.1264307162703857,0.6746065176040092,51.628663591461475,True
5,177,198,21,2.205689320554554,3.2691655156427735,0.6746949060854993,55.02110279318674,True
5,177,199,22,2.2758354712024835,3.4003170370536586,0.6693009641167086,57.482409390712675,True
5,179,181,2,0.2508843391675012,0.257840983584567,0.9730196327971107,29.825090074749028,False
5,179,182,3,0.3051560035263039,0.3613535865381372,0.844480350810349,29.915552816650433,False
5,179,183,4,0.39317549881073643,0.48700091348372104,0.8073403723171437,30.77479011788256,False
5,179,184,5,0.457707180061598,0.6110134098107465,0.7490951470334618,31.30107687430587,False
5,179,185,6,0.6283963902609756,0.760096427609909,0.8267324610864721,32.00676541958987,False
5,179,186,7,0.6831019669351601,0.9845718512525459,0.693806110814702,32.83499554548556,True
5,179,187,8,0.8353220350319758,1.2178286228428632,0.6859109889222547,34.61263529060087,True
5,179,188,9,0.9767243288779099,1.4022430959578893,0.6965442238178379,36.4845061865191,True
5,179,189,10,1.0632425689960239,1.5670373950418988,0.6785049114718767,38.41633885353469,True
5,179,190,11,1.1804234743399544,1.7461586448119646,0.6760115856867452,41.19915100452623,True
5,179,191,12,1.2949657479667662,1.9121168803716768,0.6772419412536388,43.376369089474146,True
5,179,192,13,1.39258006166826,2.0509376049401515,0.6789967955699446,44.862060012702386,True
5,179,193,14,1.4641236610065709,2.2014156392962563,0.6650827925773339,45.95759900404793,True
5,179,194,15,1.5598129834338719,2.3736714241623282,0.6571309607370498,47.47785145668839,True
5,179,195,16,1.708408090535598,2.5321848250598786,0.6746774854774668,50.047261971611036,True
5,179,196,17,1.7944939181276875,2.6750440100696906,0.6708278111958753,52.29655885657059,True
5,179,197,18,1.9008145029643169,2.837505214564922,0.6698893426547485,55.604454219841074,True
5,179,198,19,1.9994564841334956,2.9804021012763218,0.6708680292760673,59.258136441379804,True
5,179,199,20,2.070614396464411,3.11145562362291,0.665480934628736,61.908981931127435,True
5,180,182,2,0.20884638697555566,0.20920009886251445,0.9983092174005556,31.365587414932683,False
5,180,183,3,0.23804472379573505,0.3371761451342532,0.7059951518840484,32.26647274528724,True
5,180,184,4,0.28579415821382775,0.46150158314369266,0.6192701577902132,32.818269109041175,True
5,180,185,5,0.44264311010109375,0.608159079724258,0.7278409956516477,33.55816303279653,True
5,180,186,6,0.5065069283586953,0.8314258986920161,0.6092027313023597,34.426538241260104,True
5,180,187,7,0.657485807998946,1.064839027723294,0.6174508924646575,36.29034183397325,True
5,180,188,8,0.7998151191225479,1.2492417945377414,0.6402404423384702,38.25294404878886,True
5,180,189,9,0.8872925256700552,1.4137538206343048,0.6276145908288023,40.27841443737467,True
5,180,190,10,1.007639901165823,1.5931229955848945,0.6324934759954809,43.1961120749955,True
5,180,191,11,1.1232464049573099,1.7595695692771913,0.638364304867312,45.478861940369775,True
5,180,192,12,1.220853460666441,1.8985742901024552,0.6430369709686516,47.03656568095221,True
5,180,193,13,1.293042613208388,2.0490057432007793,0.6310585597424968,48.18520646356179,True
5,180,194,14,1.3882953932409594,2.2211442917479793,0.6250361124213183,49.77914696295047,True
5,180,195,15,1.535504444601647,2.3796859502814662,0.6452550784779099,52.47309918922516,True
5,180,196,16,1.6222562342019236,2.5228273594845896,0.6430310136375517,54.831421580916604,True
5,180,197,17,1.7298814099736382,2.6857559565046216,0.6440947867150942,58.299653701245774,True
5,180,198,18,1.829688593873803,2.828958633247936,0.646771067052731,62.13043328965687,True
5,180,199,19,1.9006362623720336,2.959813050975226,0.6421474024333378,64.90976771953517,True
5,181,183,2,0.20625614530024314,0.23586894409359496,0.8744523196678186,33.16512892284768,False
5,181,184,3,0.21852880295955684,0.35983872547003704,0.6072965122753394,33.73229341236353,True
5,181,185,4,0.3852876098909715,0.5043450202464851,0.7639365799679603,34.4927941824442,False
5,181,186,5,0.4382445944179734,0.7272374587644418,0.602615540682599,35.3853545800261,True
5,181,187,6,0.5950227991313849,0.9613576160334921,0.6189401209369056,37.301067119390254,True
5,181,188,7,0.7313759769833632,1.1457480357041336,0.6383392807074612,39.31832992938032,True
5,181,189,8,0.8195678972074315,1.309576410776165,0.6258267104259206,41.40021185980205,True
5,181,190,9,0.9402357401915744,1.4886527299265802,0.6316017975783691,44.39917053351441,True
5,181,191,10,1.0565520558959387,1.6551702526933498,0.6383343672209435,46.745497452523836,True
5,181,192,11,1.1548371400506476,1.7942092882680425,0.6436468407570315,48.34658492768221,True
5,181,193,12,1.2270606310849772,1.9446231471959532,0.6310017613717782,49.527216598891194,True
5,181,194,13,1.3224509827957818,2.1167874241340057,0.6247443497245865,51.165550065795934,True
5,181,195,14,1.469974074346602,2.2753254603902913,0.6460500266605615,53.93453177636862,True
5,181,196,15,1.557227377975637,2.4185219584677657,0.6438756417006878,56.358535998320924,True
5,181,197,16,1.6656195110348082,2.5815982671583098,0.6451892737239231,59.9233621357511,True
5,181,198,17,1.7653284844276909,2.724904623691631,0.6478496418109744,63.86083308051756,True
5,181,199,18,1.8366179073142037,2.8556643387434297,0.643149085274625,66.71757498144586,True
5,182,184,2,0.28022131223154445,0.25435070924795317,1.1017123288552397,33.83460712692592,False
5,182,185,3,0.4107574207741402,0.3992815250247401,1.0287413642509229,34.59741457855246,False
5,182,186,4,0.4902816269808622,0.6248865926826185,0.7845929689035231,35.492682208892944,False
5,182,187,5,0.6034521730866609,0.8613046455687875,0.7006257033342178,37.414205312737245,True
5,182,188,6,0.7747244866845118,1.0459095954498145,0.7407184043964391,39.437586700222646,False
5,182,189,7,0.8498356984867846,1.2080334087472666,0.7034869171110641,41.52578320495979,True
5,182,190,8,0.9560215085524921,1.385206335363964,0.6901654173428947,44.53383804648901,True
5,182,191,9,1.0631130520518899,1.550816811471624,0.685518137402099,46.887281630224635,True
5,182,192,10,1.1559172742870372,1.6896524235743147,0.6841154181531568,48.49322537782557,True
5,182,193,11,1.225797393557053,1.8401188196259988,0.6661512183252353,49.67743803329597,True
5,182,194,12,1.3204212117511316,2.012425382466387,0.6561342463951884,51.32074074378702,True
5,182,195,13,1.4679822364594708,2.1709283778850876,0.676200215268997,54.09812107703563,True
5,182,196,14,1.5502670075429172,2.3138377639748877,0.6699981440702869,56.529477567421964,True
5,182,197,15,1.6512393778997316,2.4765927238511507,0.6667383627502634,60.10511621022883,True
5,182,198,16,1.7488170554312712,2.619760267238357,0.6675485071291664,64.05452993260059,True
5,182,199,17,1.8184150926130718,2.750626956550742,0.6610911335259164,66.91993664240675,True
5,183,185,2,0.2745285447821005,0.2753860189726865,0.996886282775775,35.59112475045805,False
5,183,186,3,0.3554092750731817,0.5079304259634576,0.6997203886714027,36.512106341268826,True
5,183,187,4,0.4702659952608041,0.7480478810503006,0.6286576129331783,38.48881961111545,True
5,183,188,5,0.6396222134424107,0.9325967240416079,0.6858508044832826,40.570316747736484,True
5,183,189,6,0.7160972243586251,1.0911541571255696,0.6562750273939678,42.71849062745879,True
5,183,190,7,0.8252187933391357,1.263945266042268,0.6528912410290552,45.81294310101023,True
5,183,191,8,0.9343821549593548,1.4272588012685279,0.6546690439946062,48.23398251110027,True
5,183,192,9,1.0284240238380336,1.565539669256084,0.6569134235523537,49.886052324967686,True
5,183,193,10,1.0991269812007511,1.7160812531180376,0.6404865615795814,51.104278046899125,True
5,183,194,11,1.1940109282062503,1.8885740096171175,0.632228825625065,52.79477985127701,True
5,183,195,12,1.3415077792467862,2.046962567002223,0.6553650764661635,55.65193236178279,True
5,183,196,13,1.425156356310369,2.1891718378021556,0.6510025077525076,58.153122500303134,True
5,183,197,14,1.5283047848559255,2.3510694311288227,0.6500466403164189,61.831460970068136,True
5,183,198,15,1.6268468219623236,2.49383390868564,0.6523477029870619,65.89431012213288,True
5,183,199,16,1.696898339782018,2.625014043809886,0.6464340043374314,68.84201731100276,True
5,184,186,2,0.2277531287212636,0.39438164112533797,0.5774942466170266,37.136508260597054,False
5,184,187,3,0.3795220638257263,0.6364323070445178,0.5963274642485726,39.14702575822823,True
5,184,188,4,0.5220413455192991,0.8198845195715042,0.6367254571316133,41.26411905561398,True
5,184,189,5,0.6067769174306582,0.9746347614378674,0.6225685163696473,43.449029350404004,True
5,184,190,6,0.7244205344842083,1.143709810796426,0.6333954012161142,46.59640076666709,True
5,184,191,7,0.8396352210909405,1.3053371227918877,0.643232469551703,49.0588429279515,True
5,184,192,8,0.9375321987479891,1.4432134048284366,0.6496143921691464,50.73916516727478,True
5,184,193,9,1.0095707452629137,1.5937605261336811,0.6334519701727341,51.97822404716865,True
5,184,194,10,1.105066903404354,1.7663640787128523,0.625616721219566,53.697635511302,True
5,184,195,11,1.2529638462568844,1.924648493747503,0.6510091844444933,56.60364884333087,True
5,184,196,12,1.339791182215312,2.066420482955809,0.6483632896915897,59.147612409067385,True
5,184,197,13,1.4476823964377736,2.227849770637628,0.6498114978477367,62.88885499011517,True
5,184,198,14,1.5472013660520787,2.3704170701980813,0.6527127168902764,67.0211838589834,True
5,184,199,15,1.6185010647421871,2.501729613367102,0.6469528345886392,70.01930046573635,True
5,185,187,2,0.22215995948115588,0.47989549731902237,0.46293403610217576,40.029602666698636,False
5,185,188,3,0.38060869262727987,0.6627882548333973,0.5742538282048346,42.19442622254361,False
5,185,189,4,0.4604681267943993,0.817462689926616,0.5632894717626021,44.428595722494464,False
5,185,190,5,0.5783102181843931,0.9886131360886385,0.5849712056957153,47.64692520723328,True
5,185,191,6,0.6917606662565884,1.1524756083173728,0.6002388781716315,50.164883580743265,True
5,185,192,7,0.787500905565001,1.2911599690529278,0.6099173800614627,51.88308899454765,True
5,185,193,8,0.8596910061657849,1.4416440152409131,0.5963268303944798,53.15008268518254,True
5,185,194,9,0.9539010201341038,1.613852268293464,0.5910708426507884,54.90825859757246,True
5,185,195,10,1.0992357177405747,1.7723286525853297,0.6202211514986786,57.87978853559832,True
5,185,196,11,1.185683804690979,1.915120059314762,0.6191172187477487,60.48110622864391,True
5,185,197,12,1.2935340493079375,2.0780065553689715,0.622487954124022,64.30669581299692,True
5,185,198,13,1.3941049227641085,2.221453311566951,0.6275643586588574,68.53218879758604,True
5,185,199,14,1.4645868215330875,2.352239011835336,0.6226352059310261,71.59789849563447,True
5,186,188,2,0.2945906665461773,0.42567074636726804,0.6920622783225159,43.28627960054864,True
5,186,189,3,0.3813312683411234,0.5839070917710351,0.6530683968651868,45.57826208041042,True
5,186,190,4,0.5033562589818461,0.7629409096884279,0.6597578561980747,48.87987137800679,True
5,186,191,5,0.6210741107593102,0.9327914015542804,0.6658231515904138,51.46298625681661,True
5,186,192,6,0.7200580436539756,1.0730753149689858,0.6710228383874313,53.22565319203794,True
5,186,193,7,0.792620152449289,1.2228035452503967,0.648199095862927,54.52543252440035,True
5,186,194,8,0.8875575670491582,1.3933427631250423,0.6369987274764396,56.32910426363112,True
5,186,195,9,1.034222461455378,1.5519701135017998,0.6663932845470859,59.377527651601405,True
5,186,196,10,1.1225404293059709,1.6970311939646416,0.661473067376839,62.0461589157674,True
5,186,197,11,1.2330136630551507,1.863066855768596,0.661819332589908,65.97074221290384,True
5,186,198,12,1.3332490873846408,2.0082847936984396,0.6638745120055114,70.30557709882912,True
5,186,199,13,1.4048277792821555,2.137693010183708,0.6571700298357752,73.45061731015771,True
5,187,189,2,0.2521788054221479,0.3540378975078045,0.7122932522120425,48.04580406850608,True
5,187,190,3,0.3599011044656803,0.5463650583635403,0.6587191090580491,51.526157776227905,True
5,187,191,4,0.4709734828378057,0.7235992139306981,0.6508761670419845,54.24911880389467,True
5,187,192,5,0.5663744289936434,0.8644222484151143,0.6552057516243591,56.10721400853998,True
5,187,193,6,0.6384241649897202,1.0112518503212462,0.631320639647691,57.47736153686837,True
5,187,194,7,0.7330141448664562,1.1776121976920686,0.6224580097786407,59.378681487025695,True
5,187,195,8,0.8793418356363897,1.3355998198250216,0.6583872074433142,62.592142161719174,True
5,187,196,9,0.9655953382998989,1.4832763888848286,0.6509881405351987,65.40524930966188,True
5,187,197,10,1.073372077756175,1.6529743731663955,0.6493579665727369,69.54230393917118,True
5,187,198,11,1.1736976824573755,1.800064065938084,0.6520310608198912,74.11182059233039,True
5,187,199,12,1.244512158723552,1.92726174509066,0.6457411204750546,77.4271287871554,True
5,188,190,2,0.22675965351544755,0.37940384688646894,0.5976735749421699,54.31272153567684,True
5,188,191,3,0.34652344787621575,0.559909417868721,0.6188919793405999,57.18294183602294,True
5,188,192,4,0.44542025572457256,0.6989897744935633,0.6372342943747517,59.141523880408116,True
5,188,193,5,0.5174255946586884,0.8421113375321383,0.6144384615163092,60.58576976212276,True
5,188,194,6,0.609783265311245,1.0048140573076156,0.6068617978386471,62.589914170708255,True
5,188,195,7,0.7529398897369697,1.1617469655810004,0.6481100549812218,65.97716061645424,True
5,188,196,8,0.8432573333140752,1.3106106077416135,0.6434079873404497,68.94240219025397,True
5,188,197,9,0.9573507744141425,1.4821901026343236,0.645902824956546,73.30319107434356,True
5,188,198,10,1.057920392561626,1.6300681680343272,0.6490037737730656,78.11982977295375,True
5,188,199,11,1.129633756218957,1.7555451445298382,0.6434660821675936,81.61443171033228,True
5,189,191,2,0.25099106237949387,0.38551000502148697,0.6510623825846089,60.210744226170114,True
5,189,192,3,0.3497367647512143,0.523412538149366,0.6681856838733391,62.27303201224822,True
5,189,193,4,0.42185449895432947,0.6658168429680689,0.6335894073718419,63.793749845076455,True
5,189,194,5,0.5144936156157635,0.8292795051579307,0.6204103832492298,65.90401249514586,True
5,189,195,6,0.6583563951936688,0.9863455057377722,0.6674703654691747,69.47061160368169,True
5,189,196,7,0.7483636261606342,1.1347744053171533,0.6594822923869853,72.59286093602347,True
5,189,197,8,0.8620301633449554,1.3060016756747421,0.6600528769609656,77.18455096969078,True
5,189,198,9,0.9625910646778919,1.4536975656394815,0.6621673499566246,82.25622779148722,True
5,189,199,10,1.0343198337062298,1.5792429738519433,0.6549466110230097,85.93586680039223,True
5,190,192,2,0.22008781018628654,0.32001533682087,0.6877414450591837,66.78398113791755,True
5,190,193,3,0.29223952222197724,0.4653326538303984,0.6280228129627261,68.41485710110689,True
5,190,194,4,0.3861428218330717,0.6328884808016606,0.6101277453240361,70.67798347321879,True
5,190,195,5,0.5323689214843994,0.7911136348735931,0.6729360966828276,74.5029407604137,True
5,190,196,6,0.6215365048358737,0.9378737063453748,0.6627081030534735,77.85136035363305,True
5,190,197,7,0.7340733745822523,1.1071749373228235,0.6630148044691655,82.77566435314424,True
5,190,198,8,0.834137570829134,1.2542365731572793,0.6650560099115643,88.21472454115384,True
5,190,199,9,0.9061095761958493,1.3812611600563427,0.6560016327099855,92.16091014067187,True
5,191,193,2,0.17231636094370556,0.29001420382092813,0.5941652466446224,72.03032151063545,True
5,191,194,3,0.26697101622244696,0.46179301610092854,0.5781183493777617,74.41304548477908,False
5,191,195,4,0.41462920644856566,0.6202248256639951,0.6685143665519603,78.44013718437775,True
5,191,196,5,0.5028478759896252,0.7643257589552814,0.6578973298988938,81.96550798937209,True
5,191,197,6,0.6144787259905106,0.9311478099747975,0.6599153425567763,87.15004268447063,True
5,191,198,7,0.7143528339736519,1.0773856914083757,0.663042807854482,92.87653647044817,True
5,191,199,8,0.786365327908457,1.2057077780006131,0.6522022518694054,97.03126293657016,True
5,192,194,2,0.16764173988650763,0.32449656213665107,0.5166210044959145,76.9617785522809,False
5,192,195,3,0.31599139572854484,0.48211939375184343,0.6554214574724035,81.12680281079801,True
5,192,196,4,0.4032748087265486,0.6244858796849038,0.6457709002644361,84.77292165247542,True
5,192,197,5,0.5143590972790257,0.7904109712902245,0.6507489343669073,90.1350326707969,True
5,192,198,6,0.6143676053579092,0.9364847908307188,0.6560358602438465,96.05766550709929,True
5,192,199,7,0.6862991839392013,1.064955577435318,0.6444392597031916,100.35469617084743,True
5,193,195,2,0.2451486705332157,0.3317709058642883,0.7389094890481276,83.10793287253091,False
5,193,196,3,0.3315332687241253,0.47444675771742173,0.6987786581557481,86.84309054472583,True
5,193,197,4,0.44234479368435303,0.6419763741856788,0.689035938815427,92.33614520885473,True
5,193,198,5,0.5420481371809438,0.7889225621220121,0.6870739451575129,98.40340972729021,True
5,193,199,6,0.6141023694779442,0.9163056230688201,0.6701938240008174,102.80537459686418,True
5,194,196,2,0.23617610519328047,0.30598638308186654,0.7718516844264003,89.71581288567903,False
5,194,197,3,0.34857058627518583,0.47847086672614103,0.7285095300790689,95.39057481926068,True
5,194,198,4,0.44839312410032167,0.6271238144023162,0.7149993570690106,101.65854115774027,True
5,194,199,5,0.5204073213458413,0.7513018741749872,0.6926740624962586,106.2061206380518,True
5,195,197,2,0.20987598717881975,0.3260222856268377,0.6437473646174053,100.55293028491846,True
5,195,198,3,0.30909759097257716,0.4748057670679823,0.6509979709836188,107.16010697355391,True
5,195,199,4,0.3799357731263461,0.5957416433289482,0.6377525851698075,111.95379275766096,True
5,196,198,2,0.21764301946686,0.32427729687705675,0.6711632962370936,111.97625245908063,True
5,196,199,3,0.28828565457377914,0.4456073256594455,0.6469499893143608,116.98538304629766,True
5,197,199,2,0.1724019319640294,0.27495429799210164,0.6270203201878366,124.38501725952753,True
6,53,55,2,0.17128939398802906,0.16285261137210205,1.0518062470404592,157.8323733381903,False
6,53,56,3,0.0970449071026149,0.20535316561609257,0.47257565673002677,163.421279019915,False
6,53,57,4,0.11660023832214303,0.22791539175906927,0.5115944009845629,170.06143944654372,False
6,53,58,5,0.13898601236584895,0.22341152488931387,0.6221076215056839,170.59529641595623,True
6,53,59,6,0.12034184874084525,0.20879173542922183,0.5763726638578559,169.3876693468407,False
6,53,60,7,0.14099203120296205,0.20797464632686902,0.6779289384215039,168.88117936487927,True
6,53,61,8,0.15253454432387728,0.2389408038635584,0.638377965828635,170.84989501604684,True
6,54,56,2,0.0867152480473297,0.11402141172909919,0.7605172285829476,164.3280676746292,False
6,54,57,3,0.17134437768702898,0.13959650127954085,1.2274260179623935,171.00507288779033,False
6,54,58,4,0.13228018713489811,0.14215209003943616,0.9305539376747866,171.5418921118493,False
6,54,59,5,0.13033305102555398,0.14331804877795548,0.9093973308796625,170.32756418632164,False
6,54,60,6,0.13240930654854738,0.15644219368772377,0.8463784828589866,169.8182638030947,False
6,54,61,7,0.15348059856328278,0.17482054689190982,0.8779322642102169,171.79790342345126,False
6,55,57,2,0.19733049026960514,0.0800776253690147,2.4642400340952215,173.83564026010168,False
6,55,58,3,0.11577713525856947,0.09648104929955546,1.1999987158006886,174.38134520289861,False
6,55,59,4,0.15943198088101362,0.12167738549119077,1.3102844068962693,173.14691707246337,False
6,55,60,5,0.18925212121107737,0.14857344733265035,1.273795046212726,172.6291864770613,False
6,55,61,6,0.1550206598165445,0.1492233734670216,1.038849720488353,174.64159415057375,False
6,56,59,3,0.06773108221555754,0.10128723666720678,0.6687030315388836,179.27811669984206,True
6,56,60,4,0.11605233371142501,0.13442567127279262,0.8633197261549675,178.74205306283994,False
6,56,61,5,0.0778008175671837,0.12197021920588444,0.6378673259236891,180.82572087419712,True
6,57,59,2,0.06827235243553618,0.08418990235272769,0.8109327903659721,186.56257477660048,False
6,57,60,3,0.12675008808820323,0.11923775005372059,1.0630030173422267,186.0047297132754,False
6,57,61,4,0.07975062564442707,0.09796568891655062,0.8140669098173795,188.17306145962434,False
6,58,60,2,0.13381586356102954,0.08611015019603115,1.554008014808888,186.58863586874656,False
8,63,65,2,0.05479774826644659,0.08701165294070116,0.6297748222734201,50.196532590918196,True
8,63,97,34,0.7300010127235046,1.071765076135212,0.6811203583493226,65.6840355826584,True
8,63,99,36,0.9688660776412779,1.4010640658239373,0.6915216093787313,71.03120257612582,True
8,63,100,37,1.052196611393878,1.5626098791545964,0.6733584789334225,76.66273722671914,True
8,63,101,38,1.1367923768190715,1.7095052962422363,0.6649832435839312,82.57622194427957,True
8,64,97,33,0.7026987511075702,1.033770528611159,0.6797434553020445,67.22109779410843,True
8,64,99,35,0.9401888112027281,1.3608309185271574,0.6908931876858773,72.69339303603174,True
8,64,100,36,1.0214321927936234,1.5205346002812083,0.6717585989853301,78.4567103797424,True
8,64,101,37,1.1045058635993712,1.6660578926311054,0.662945668625651,84.50857566141892,True
8,65,97,32,0.7194375901405917,1.0577933829877897,0.6801305450677945,67.10255995359334,True
8,65,99,34,0.955224680896409,1.3810124354819675,0.6916843442926998,72.56520533733334,True
8,65,100,35,1.034277931111051,1.5366608840671268,0.6730684315810762,78.31835963380817,True
8,65,101,36,1.1153887804517453,1.6787734217443944,0.664406980718552,84.35955304214255,True
8,97,99,2,0.24371167517063477,0.3377828075964497,0.7215040839550306,94.95427838182337,True
8,97,100,3,0.34087357257032386,0.5202702924977712,0.6551855400657614,102.482495412307,True
8,97,101,4,0.4429362957307349,0.6898148554753311,0.6421089546201794,110.38762236656498,True
8,99,101,2,0.22921357770198342,0.37452184476303085,0.6120165776899141,119.37399242695878,True
10,70,98,28,0.9713448718192246,1.3452813881934205,0.7220384377157291,26.710608292216182,True
10,70,99,29,1.1030910247884305,1.4938580773900278,0.7384175521651157,28.504822468144468,False
10,70,105,35,1.7014176882556495,2.4984918508315217,0.680977881792731,40.27340648656856,True
10,70,107,37,1.9346634530375346,2.8346473343558194,0.6825058728080513,45.054122776763414,True
10,70,108,38,2.0480524918923853,3.0213283182213404,0.6778649243581962,47.90713574112011,True
10,70,109,39,2.172005931339415,3.174723185124282,0.6841560050075316,50.03514100598722,True
10,70,110,40,2.2680570514506804,3.3392922532593925,0.6792029206898232,51.04222760346674,True
10,70,111,41,2.3954782904855954,3.5034061196743864,0.6837569521366926,51.419533488158216,True
10,70,112,42,2.5240629736347895,3.6429956112986432,0.6928536959546376,51.75746010089809,True
10,70,113,43,2.54716768021953,3.750592579237717,0.6791373966663222,53.27073443720678,True
10,70,114,44,2.617912110494518,3.8475134655595045,0.6804166207417865,56.223347554292644,True
10,98,105,7,0.8218781127813466,1.2426825782126125,0.6613741330175228,58.73311787706954,True
10,98,107,9,1.056417522370545,1.5808927139069398,0.668241122928429,65.70512243055784,True
10,98,108,10,1.1732694544289177,1.7672053265875591,0.6639123574250874,69.86584190672764,True
10,98,109,11,1.295062187685803,1.9190024025372794,0.6748622023471618,72.96923928400557,True
10,98,110,12,1.387042037587295,2.075449589345369,0.6683091917567562,74.43793391409375,True
10,98,111,13,1.5068594381883809,2.2295943074277234,0.675844674149191,74.9881816565758,True
10,98,112,14,1.634820105537231,2.3646117291612727,0.6913693632557177,75.48100025106119,True
10,98,113,15,1.6634475314036212,2.4755369442847632,0.6719542341082806,77.68789874136904,True
10,98,114,16,1.742353901254773,2.5847004854780433,0.6741028258570249,81.99387107845013,True
10,99,105,6,0.6811132304846065,1.0729137496290015,0.6348257077701966,62.67835909129582,True
10,99,107,8,0.9142712010436619,1.411019167792535,0.647950943482923,70.11868953491933,True
10,99,108,9,1.0311131269964533,1.5975116238230411,0.6454495301441834,74.55889429216303,True
10,99,109,10,1.1523699962471738,1.7494103994454882,0.6587190727872896,77.87075414648135,True
10,99,110,11,1.2438758850799188,1.9062757859344646,0.652516227850088,79.43810443789273,True
10,99,111,12,1.3632308979369467,2.061165019525573,0.6613885278582533,80.02531361116787,True
10,99,112,13,1.4907613173019556,2.1966292915615235,0.6786585806848703,80.55123598594585,True
10,99,113,14,1.519574582427141,2.3072823730659002,0.6585993115389431,82.90637702141875,True
10,99,114,15,1.5988814102191242,2.415737152832366,0.6618606698764775,87.50159161475341,True
10,105,107,2,0.23738679006560548,0.34015565813161475,0.697876940720341,99.06809590205916,True
10,105,108,3,0.35356975393535095,0.5275659126583807,0.6701906727705909,105.34149652652941,True
10,105,109,4,0.477205955619867,0.6808743970893619,0.7008722279172963,110.02070048538822,True
10,105,110,5,0.5717845455137549,0.8426576507253893,0.6785490466045644,112.2351515826857,True
10,105,111,6,0.6966209066410961,1.005043628398929,0.693125041497789,113.0647976453609,True
10,105,112,7,0.8274817702448187,1.1445068318959797,0.723002910235162,113.80785386342666,True
10,105,113,8,0.8530774982868172,1.2523675498820463,0.6811718319970554,117.13534528565168,True
10,105,114,9,0.9272065667328939,1.352798174236356,0.6853990376327163,123.62775355857454,True
10,107,109,2,0.2404463469388293,0.34118935475712087,0.7047299207502927,123.08087594495758,True
10,107,110,3,0.3350456680391994,0.5046879340522319,0.6638670065857456,125.55819684538982,True
10,107,111,4,0.4613152113612484,0.670279451488902,0.6882431056725995,126.48632731236415,True
10,107,112,5,0.5914620869081723,0.8109019597165045,0.7293879115977848,127.31758915483921,True
10,107,113,6,0.6162565293494429,0.916661302744467,0.6722837841025712,131.04007553367464,True
10,107,114,7,0.689869540764251,1.0138374234243652,0.6804538132298654,138.30317505674813,True
10,108,110,2,0.2202346620754411,0.31860177461031036,0.6912537205570042,133.50905996963863,True
10,108,111,3,0.34785238731678403,0.4865537795390204,0.7149310147099313,134.49596348759462,True
10,108,112,4,0.4801696113043026,0.6276251365518313,0.7650579674713979,135.37986426003192,False
10,108,113,5,0.5036856966386283,0.7316164766344474,0.6884559229114999,139.33807383674383,True
10,108,114,6,0.5745467536085347,0.8265241644370778,0.6951360629605333,147.0611027918787,True
10,109,111,2,0.22508951489854806,0.3373475165005469,0.6672333540009421,140.47019079167694,True
10,109,112,3,0.3574734694905122,0.47822880582906724,0.7474946409194002,141.39335388836443,False
10,109,113,4,0.3803838339619352,0.5799535546315088,0.6558867187280604,145.5273846801915,True
10,109,114,5,0.45061546163397387,0.6729657265408328,0.6695964502534475,153.59346579286003,True
10,110,112,2,0.2621642472666513,0.3114107746068917,0.8418599118723281,144.23926076122828,False
10,110,113,3,0.28549189304125017,0.4131626454118126,0.6909915410109042,148.45649961283712,True
10,110,114,4,0.3566222871311069,0.5104291908362069,0.6986714191382218,156.68493146579397,True
10,111,113,2,0.17187980391153862,0.24752097918136312,0.69440499338684,149.55389511367176,True
10,111,114,3,0.24252477013977428,0.3582789899614785,0.6769159703332035,157.84315181510547,True
10,112,114,2,0.12730370564968452,0.23882404226240253,0.5330439282566554,158.88048914624537,False
0,71,73,2,0.14560038280163642,0.15923118025609972,0.9143961789861748,46.64355531327371,False
0,71,74,3,0.15209207665401098,0.22918621815939721,0.6636178993460773,45.582373984420215,True
0,71,75,4,0.1962641765595292,0.2728456797540572,0.7193230134207788,45.35022299229504,True
0,71,76,5,0.22136219542171878,0.26953673207464884,0.8212691224601328,44.808980580717126,False
0,71,77,6,0.19290327771352359,0.28987868065086897,0.665462107390564,43.699890177081826,True
0,71,78,7,0.2087742526413432,0.3479845932381712,0.5999525746200257,43.34019214032449,True
0,71,79,8,0.2685975500476925,0.41930459800047937,0.6405785944836823,42.72472600866226,True
0,71,80,9,0.3029919949364254,0.4820183943508672,0.6285901087747158,42.47532843037517,True
0,71,81,10,0.34633533286303947,0.5479438036337041,0.6320635995266437,42.109274541119554,True
0,71,82,11,0.38898837230705285,0.6372538233720184,0.6104135558555414,41.43452665060582,True
0,71,83,12,0.42642848887265394,0.7101372075440989,0.6004874612152653,40.81626681598055,True
0,71,84,13,0.4681244963599654,0.7277908683155931,0.6432129293452082,40.651865001188355,True
0,71,146,75,3.7727888897879907,5.660559191049927,0.6665046265664452,31.52253351030108,True
0,71,147,76,3.743797020411471,5.647077446540035,0.6629618693657718,31.309812917314982,True
0,71,148,77,3.718550393701048,5.6166751428319985,0.662055450802894,30.9458367587895,True
0,71,149,78,3.6701241157669906,5.562063894847699,0.6598493266441496,31.825675190324194,True
0,71,150,79,3.6275375072790585,5.4602847834323995,0.6643495076091518,32.47152480142996,True
0,71,151,80,3.5478783598071066,5.3298313617622,0.6656642807238976,33.175616271351714,True
0,72,74,2,0.105065616899474,0.14538803366816255,0.7226565642897304,45.376777025575166,True
0,72,75,3,0.13561757154503723,0.19047870065450392,0.7119828677906855,45.145673138587384,True
0,72,76,4,0.16229997802277193,0.198655447924829,0.8169923338029272,44.60687197313361,False
0,72,77,5,0.161893192550719,0.24265151531769966,0.6671839338763448,43.5027840648521,True
0,72,78,6,0.18791813320243403,0.3195410786657325,0.5880875597813594,43.144708427632025,True
0,72,79,7,0.26083725417617265,0.40241801411750827,0.6481748953216759,42.53201832437466,True
0,72,80,8,0.2971716281642611,0.46962033337592046,0.632791229519404,42.28374564106686,True
0,72,81,9,0.3349168488547222,0.5350005021119825,0.6260122140682025,41.919342819095064,True
0,72,82,10,0.37863855317519063,0.6240253380920379,0.6067679147979484,41.24763834431751,True
0,72,83,11,0.41755570683751025,0.6977889846575083,0.5983982493539314,40.63216713895096,True
0,72,84,12,0.4601600844116909,0.7198281579329302,0.6392638011453925,40.468506850108284,True
0,72,146,74,3.812283612844142,5.7212955851584235,0.6663322242489206,31.380352740448593,True
0,72,147,75,3.7826492442657424,5.707362967908218,0.6627665465706495,31.168591612781622,True
0,72,148,76,3.757986521371571,5.67646161174686,0.662029760510456,30.806257150042114,True
0,72,149,77,3.707306656462257,5.62117908581957,0.6595247366899591,31.682127115479354,True
0,72,150,78,3.663140190396817,5.5184717965533965,0.6637961242611875,32.325063655055324,True
0,72,151,79,3.583966535743639,5.387155231531952,0.6652799820517632,33.025979356531714,True
0,72,152,80,3.5014902565975423,5.293686357400823,0.6614464893074548,34.26437837428972,True
0,73,75,2,0.07767469486280507,0.11667821293238692,0.665717214128196,44.857661930349224,True
0,73,76,3,0.10152741421451628,0.1413723823623208,0.7181559263414933,44.32229809928154,True
0,73,77,4,0.1505084098222399,0.2122240252013812,0.7091959059744587,43.22525382708646,True
0,73,78,5,0.18513973960908103,0.30368569435787496,0.6096426109255749,42.86946256818543,True
0,73,79,6,0.265645757447395,0.39394282412648157,0.6743256665137406,42.260681180972085,True
0,73,80,7,0.3016638199642359,0.4632420702746509,0.6512012602512178,42.01399237737015,True
0,73,81,8,0.3307260265864068,0.5266142849318467,0.6280232725346763,41.65191429860729,True
0,73,82,9,0.37370471030464547,0.6138289873446837,0.6088091602210354,40.98449502779082,True
0,73,83,10,0.41295428305530174,0.6874108016873778,0.6007387169966323,40.37295028077941,True
0,73,84,11,0.45549476907794945,0.713180859581009,0.6386805856589461,40.210334078650995,True
0,73,146,73,3.864801055337947,5.781255322751144,0.6685055130031503,31.180158731158446,True
0,73,147,74,3.834506208583699,5.766974508777587,0.6649077783762375,30.969748554180594,True
0,73,148,75,3.81044866621681,5.735688976232781,0.664340183368786,30.60972563935133,True
0,73,149,76,3.757447181191932,5.6798899773752725,0.661535205111188,31.480007907242655,True
0,73,150,77,3.7116422862454552,5.576468834356771,0.6655900707949678,32.1188427706953,True
0,73,151,78,3.6329974207870723,5.444494163708703,0.6672791468863164,32.81528691235165,True
0,73,152,79,3.5483301445527133,5.350395613112868,0.6631902388407294,34.04578544325037,True
0,73,153,80,3.551862688028795,5.320244287671849,0.6676127064802693,33.74473497108533,True
0,74,76,2,0.12625680811804704,0.10753506637654113,1.1740989462539642,43.31392738485079,False
0,74,77,3,0.1320067321087649,0.20388260038305528,0.6474644322799015,42.24184182111522,True
0,74,78,4,0.17708399006126915,0.30359210260549196,0.5832957726551405,41.894145121867275,True
0,74,79,5,0.27465126256266614,0.39714913376145433,0.6915569976482288,41.29921403909846,True
0,74,80,6,0.31261039502683635,0.4663893475897098,0.6702777339199538,41.058137619686825,True
0,74,81,7,0.3439036407818202,0.5264554105815187,0.6532436249481163,40.70429713118032,True
0,74,82,8,0.3808189854323046,0.610510939579078,0.6237709445384607,40.05206222750633,True
0,74,83,9,0.41717781683240657,0.6829965523528495,0.6108051576472443,39.45443065377103,True
0,74,84,10,0.46896449881626695,0.7119953714213508,0.6586622857955898,39.2955141112485,True
0,74,146,72,3.8587401042711336,5.838387053244463,0.6609257092893122,30.470783083140947,True
0,74,147,73,3.828041920390997,5.823800525568683,0.6573099307890865,30.26515992013984,True
0,74,148,74,3.802495120180195,5.79217576830728,0.6564882131143347,29.91332783880537,True
0,74,149,75,3.7519079833966487,5.7359202190113505,0.6541074213273022,30.76381043046456,True
0,74,150,76,3.7068472994048496,5.631869486794651,0.6581912645696949,31.388111246828313,True
0,74,151,77,3.627819256665287,5.4993037941345495,0.6596870062960785,32.06871068036258,True
0,74,152,78,3.5432605563897814,5.404654095856235,0.6555943254733749,33.271214302695654,True
0,74,153,79,3.5447149408760534,5.373724165921668,0.6596384241966551,32.97701298981872,True
0,74,154,80,3.551332644001332,5.348354257886947,0.6640047522589518,33.29382886728025,True
0,75,77,2,0.1237449723538498,0.18814443964854183,0.6577126200753436,42.026704156470586,True
0,75,78,3,0.16898787825106695,0.2891262554561618,0.5844778018670442,41.68077827621764,True
0,75,79,4,0.26319181825015014,0.382687942774816,0.687745258817886,41.08887717694986,True
0,75,80,5,0.29931400539022435,0.45068740934606893,0.6641277284060766,40.84902855953827,True
0,75,81,6,0.32280273924641056,0.5077353341055075,0.6357696964602666,40.496990180340255,True
0,75,82,7,0.35983020803806437,0.588924713517618,0.6109952592901331,39.848077108478684,True
0,75,83,8,0.3966107945832079,0.6602080350994991,0.6007360915009694,39.25348927184262,True
0,75,84,9,0.4455299742305171,0.6911279581211787,0.6446418047414605,39.09538209113666,True
0,75,146,71,3.9132119748092777,5.887513281277165,0.6646629549446033,30.31559541068668,True
0,75,147,72,3.8823527391001456,5.872882493805044,0.6610642632804947,30.11101948628071,True
0,75,148,73,3.8575480675704323,5.8412025028283105,0.6604030703785063,29.76097928543871,True
0,75,149,74,3.8051479021339634,5.78486713845783,0.6577761962478478,30.607130369978368,True
0,75,150,75,3.759089045136533,5.680699388767046,0.6617299715893638,31.22825162281274,True
0,75,151,76,3.6804309911157906,5.547998820210988,0.6633799159632527,31.905384764008023,True
0,75,152,77,3.5948015229768107,5.453239480834962,0.6592047782993018,33.101764036410266,True
0,75,153,78,3.59685089189469,5.422134674069931,0.6633643588927758,32.80906109057082,True
0,75,154,79,3.6023541406869195,5.3965068688273465,0.667534430743661,33.12426342503657,True
0,75,155,80,3.5414921521175513,5.351436913958303,0.6617834067856014,34.01596932634037,True
0,76,78,2,0.14143825201356536,0.20617946412178748,0.685995827062678,41.18332967592085,True
0,76,79,3,0.22273188018377507,0.2996151295582372,0.7433933009730802,40.59849275312775,False
0,76,80,4,0.25588747063041795,0.3675226020906795,0.6962496161454647,40.36150666285574,True
0,76,81,5,0.27331284410803186,0.42487006633444213,0.643285714303276,40.013669764681474,True
0,76,82,6,0.31083643128925387,0.5068223525804871,0.613304503454967,39.372501291473334,True
0,76,83,7,0.3479724261278604,0.5785810617076356,0.6014238093117803,38.78500969678189,True
0,76,84,8,0.3930031764244329,0.608898178557066,0.6454333257421636,38.62878948169874,True
0,76,146,70,3.9639190703465683,5.918870880343353,0.6697086573574016,29.95378713531639,True
0,76,147,71,3.933507827594072,5.904809182271011,0.6661532500329216,29.751652768181156,True
0,76,148,72,3.9090835186416317,5.873747583944975,0.6655177912865267,29.405790200654987,True
0,76,149,73,3.856575391692968,5.818228710889538,0.6628435531375568,30.24184270522441,True
0,76,150,74,3.8107868418979014,5.715161932752803,0.6667854536297229,30.855551047105216,True
0,76,151,75,3.7321048817774867,5.583447240724849,0.6684230585284406,31.52460279089784,True
0,76,152,76,3.6471645428714212,5.489613028489368,0.6643755259148109,32.70670360644075,True
0,76,153,77,3.650120741854351,5.459768715957362,0.6685486019189931,32.41749398958248,True
0,76,154,78,3.6556263240488747,5.435833058097304,0.6725052599993656,32.72893447106528,True
0,76,155,79,3.595194933768603,5.391636282831306,0.6668096186712099,33.60999810821699,True
0,76,156,80,3.5253602055975355,5.291694780887436,0.6662062631296206,34.74320829708527,True
0,77,79,2,0.15011808087100034,0.19480194513215124,0.7706190036714576,39.59361832547946,False
0,77,80,3,0.18686601642706802,0.2633770784508231,0.7094999212771624,39.36249800129071,True
0,77,81,4,0.21492652123984013,0.32268387483543204,0.6660590689554974,39.0232705952494,True
0,77,82,5,0.2494875727608829,0.4070750653068168,0.6128785426168057,38.39797201668141,True
0,77,83,6,0.2853354102975577,0.4799497923762986,0.5945109568332599,37.825021732268496,True
0,77,84,7,0.3384465727839487,0.5085310601309992,0.6655376619409712,37.672668205049185,True
0,77,146,69,3.9571151724954574,5.949431659674988,0.6651249058488439,29.212385357508257,True
0,77,147,70,3.9275635793051804,5.9361128558048195,0.6616389672350124,29.015254123314882,True
0,77,148,71,3.901606510250035,5.905865919800655,0.660632422617161,28.67795218023606,True
0,77,149,72,3.8536053139873827,5.851428562271438,0.6585751279327711,29.493311114058365,True
0,77,150,73,3.8105357498413217,5.749829324594644,0.6627215408885132,30.091829241303852,True
0,77,151,74,3.730937466406652,5.619456112460616,0.6639321300389994,30.74432093711147,True
0,77,152,75,3.6492160363436588,5.526856831884548,0.6602696880605371,31.897162960027163,True
0,77,153,76,3.6514936990198397,5.49867783427508,0.664067582984926,31.615111720943613,True
0,77,154,77,3.6596524170807463,5.476976011423597,0.6681885057461691,31.91884357694911,True
0,77,155,78,3.6016389189566036,5.433950681174075,0.6628030194374939,32.778099549380656,True
0,77,156,79,3.5324020372551024,5.334541912391,0.6621753273791116,33.883261062972515,True
0,77,157,80,3.460890734025856,5.1862815752167695,0.6673163968890761,35.45198934939572,True
0,78,80,2,0.1387730470043754,0.16315760408237634,0.8505459968283828,39.03850146044003,False
0,78,81,3,0.16931446262772745,0.22453423596585378,0.7540696940909986,38.70206626809704,False
0,78,82,4,0.20479120448601126,0.31126331538151786,0.6579355624834783,38.081914582809254,True
0,78,83,5,0.24120293084070965,0.38495227514767644,0.6265787901842604,37.51368030778738,True
0,78,84,6,0.2933911512963445,0.4116766878857347,0.7126737071344161,37.362580817235255,True
0,78,146,68,3.9769043661392787,5.9897573182050525,0.6639508338763607,28.971935378812308,True
0,78,147,69,3.9479423379311256,5.977119896794523,0.6605091425467928,28.77642675093752,True
0,78,148,70,3.92189320607237,5.9476244135001775,0.6594049881781852,28.441901172884517,True
0,78,149,71,3.875009787999457,5.894187381287079,0.6574290122336244,29.250548808198754,True
0,78,150,72,3.832902804439444,5.79395017123938,0.6615353413748035,29.84414047465769,True
0,78,151,73,3.753052875824188,5.664835509023139,0.6625175382138104,30.49126144799824,True
0,78,152,74,3.672787569010949,5.573378618948833,0.6589876303260472,31.634614316349612,True
0,78,153,75,3.675618506606434,5.546713290241874,0.6626660355913497,31.35488466838568,True
0,78,154,76,3.684514748144918,5.527030450456171,0.6666355072896004,31.656116478009753,True
0,78,155,77,3.6275523714150526,5.48507248301352,0.6613499425302146,32.50829983114859,True
0,78,156,78,3.5578851914400356,5.386134128064571,0.6605637934082622,33.60436465307537,True
0,78,157,79,3.486325427227024,5.238078872187691,0.6655732974427235,35.16018058474103,True
0,78,158,80,3.314508192785946,5.077311580675212,0.6528077192271037,36.87429837577857,True
0,79,81,2,0.07937211155081751,0.13458857858147913,0.5897388351030552,38.152465312562775,True
0,79,82,3,0.12044934997242124,0.2236276297689963,0.5386156893799011,37.54112028778891,False
0,79,83,4,0.15857660301810422,0.2975876559744017,0.5328735914763376,36.980955403645446,False
0,79,84,5,0.2022488620253307,0.32169724527351085,0.6286931734630687,36.83200164928768,True
0,79,146,67,4.023256014790013,6.031954033649958,0.6669904963376396,28.560510230150467,True
0,79,147,68,3.9954899546136824,6.019932725919955,0.663710067292006,28.367777984496485,True
0,79,148,69,3.9695619067218475,5.991116277408878,0.6625746727183635,28.03800294291549,True
0,79,149,70,3.924329391425209,5.938583993490831,0.6608190430120364,28.835167121248887,True
0,79,150,71,3.8838944422074935,5.8395830964594895,0.6650978979239596,29.420329301157334,True
0,79,151,72,3.803677159395485,5.711601542345248,0.6659563226172903,30.058260628063238,True
0,79,152,73,3.7261356794719434,5.6211855589244495,0.6628736305557751,31.185376951714233,True
0,79,153,74,3.7303934732671946,5.595868470818791,0.6666335159091688,30.909619693253934,True
0,79,154,75,3.7404390500787392,5.577978696028571,0.6705724876184755,31.206573765114346,True
0,79,155,76,3.685422945060867,5.536965360018851,0.665603395620362,32.046655418516245,True
0,79,156,77,3.6146523843897156,5.438556295516717,0.6646345441656015,33.12715522463004,True
0,79,157,78,3.542433775227087,5.290845137919303,0.6695402497870496,34.660877299167865,True
0,79,158,79,3.370809303583029,5.129930266874312,0.6570867688688636,36.35065321736259,True
0,79,159,80,3.3110843360516364,4.999027881892911,0.6623456428488403,37.3149199703211,True
0,80,82,2,0.08885484164226422,0.15654177435327513,0.5676110546807867,37.32198103610452,False
0,80,83,3,0.12619095448694514,0.23008591031078307,0.5484514645703238,36.76508600945572,False
0,80,84,4,0.16583988614455236,0.2522222696989358,0.6575148433265093,36.61700174471402,True
0,80,146,66,4.049830722745176,6.072642596497483,0.6668975916812553,28.39379360604388,True
0,80,147,67,4.022426085830026,6.061033889028827,0.6636534557431008,28.20218639874156,True
0,80,148,68,3.996468915967888,6.032667670431692,0.662471253895858,27.874336357141445,True
0,80,149,69,3.9518669403297757,5.980733139874836,0.6607663053851756,28.666847239031622,True
0,80,150,70,3.9119821483831445,5.882549497954417,0.6650147439887224,29.24859364441773,True
0,80,151,71,3.8316446938146087,5.755291519857657,0.6657603147632346,29.882801166798554,True
0,80,152,72,3.7549439995338467,5.665567316460179,0.6627657549182415,31.00333816021559,True
0,80,153,73,3.7595480200017075,5.641118143588151,0.6664544021782123,30.72919058305415,True
0,80,154,74,3.7699797783025693,5.624377269581753,0.6702928337847645,31.024411241191338,True
0,80,155,75,3.7155451381482236,5.583955281749729,0.6653966499860579,31.859589075435235,True
0,80,156,76,3.6445188611768975,5.486050933745493,0.6643246490401565,32.933781666496785,True
0,80,157,77,3.5722111252202606,5.338795026688749,0.6691043779284842,34.458550925957994,True
0,80,158,78,3.400602487233437,5.177831269772585,0.6567619356555036,36.138463094019826,True
0,80,159,79,3.3408427686965316,5.04692454836149,0.6619561550174459,37.09710112058319,True
0,80,160,80,3.2654564873298,4.920726588986838,0.6636126653812211,38.22748336906631,True
0,81,83,2,0.0883818082408522,0.16353732953285213,0.5404381280611389,36.448243192227395,False
0,81,84,3,0.12626953726169526,0.18740643132183826,0.6737737673732717,36.30143512293961,True
0,81,146,65,4.097670328484454,6.1283361640596485,0.6686432040911406,28.14909488411991,True
0,81,147,66,4.0702435776276245,6.116979663090663,0.6654008680439351,27.95913895453655,True
0,81,148,67,4.044437130826477,6.088884689159453,0.6642328336463859,27.634114336241094,True
0,81,149,68,3.9994563842405024,6.037306486466006,0.662457073068295,28.419795331198937,True
0,81,150,69,3.959336565048543,5.939605095647112,0.6665992942780279,28.99652822539817,True
0,81,151,70,3.879081218259544,5.812754709083502,0.6673395683113488,29.625270124822283,True
0,81,152,71,3.802096405443675,5.723431561238378,0.6643036375577829,30.736150290625442,True
0,81,153,72,3.8068183999183662,5.699465558303518,0.6679255030100558,30.46436532702247,True
0,81,154,73,3.8169577714294016,5.683350694076992,0.6716034214477234,30.757041763040764,True
0,81,155,74,3.762238078078735,5.643236728190103,0.6666808888744525,31.58502200504129,True
0,81,156,75,3.691105958534166,5.5456973758397,0.6655801260658004,32.649957166194746,True
0,81,157,76,3.61837956137078,5.3988103290039176,0.6702179444852571,34.16158591001384,True
0,81,158,77,3.4470696795676545,5.23784164180244,0.6581088003992143,35.82702053533613,True
0,81,159,78,3.3872278605261568,5.1069310062921085,0.6632609401522847,36.77739698533306,True
0,81,160,79,3.3117629615234785,4.980866233710392,0.664896989023624,37.89803755944441,True
0,82,84,2,0.0904263025171816,0.1030503415893156,0.8774963879067542,35.7197505169057,False
0,82,146,64,4.136377586254178,6.20308077287823,0.6668263299648923,27.698041224328556,True
0,82,147,65,4.109092757160483,6.192071211226598,0.6636055395665428,27.5111290983769,True
0,82,148,66,4.0828247221868,6.164352315023163,0.6623282566501811,27.191312588697656,True
0,82,149,67,4.03899812487204,6.11327002540271,0.6606935581266055,27.96440403895919,True
0,82,150,68,3.9994665421381037,6.01624167678727,0.664778238143162,28.531895517627248,True
0,82,151,69,3.9190185189699815,5.8899730022795405,0.6653712194356818,29.150562622960578,True
0,82,152,70,3.842618499491278,5.801207963510672,0.6623824768326131,30.243642338467275,True
0,82,153,71,3.8469734828460567,5.777916061184197,0.6658063983812204,29.97621238531896,True
0,82,154,72,3.857676099474116,5.762674673650874,0.6694245845792526,30.26419905144788,True
0,82,155,73,3.8033347102003243,5.722998366080383,0.6645702946103033,31.078911956792403,True
0,82,156,74,3.73252406797077,5.62591142665873,0.663452334191394,32.12678287826582,True
0,82,157,75,3.6605666789459352,5.479459654557578,0.6680524923477142,33.61418968244699,True
0,82,158,76,3.4887392272186886,5.318481277038211,0.6559653114284383,35.2529378233197,True
0,82,159,77,3.4290551689223054,5.187576951263471,0.6610128777149291,36.188085692159206,True
0,82,160,78,3.353670258613049,5.061705073796214,0.6625574208135044,37.290769417769944,True
0,83,146,63,4.167749256235042,6.259843560760043,0.6657912798908687,27.28474854860429,True
0,83,147,64,4.140682903634168,6.249166613935877,0.6625976165206237,27.100625407333332,True
0,83,148,65,4.114093205860119,6.221811567822712,0.6612371912927961,26.78558099759991,True
0,83,149,66,4.071265576281985,6.171212078515719,0.6597189538268459,27.54713686556267,True
0,83,150,67,4.032324529878741,6.074843452652363,0.66377422913148,28.10616059484116,True
0,83,151,68,3.9517073144088473,5.949158521870882,0.6642464307987747,28.715596340408837,True
0,83,152,69,3.8759990050436257,5.8609443683651365,0.6613267011993162,29.792365810842863,True
0,83,153,70,3.8802228255875137,5.83832175276539,0.6646127071961391,29.528926278533707,True
0,83,154,71,3.8914457039444343,5.823953763333553,0.6681793609771076,29.812615789536984,True
0,83,155,72,3.837572209317169,5.784725290056286,0.6633974850826199,30.615172063520113,True
0,83,156,73,3.766895166716859,5.688045747721715,0.6622476917007301,31.647407316989362,True
0,83,157,74,3.6954435636380323,5.541970423727427,0.6668104087701978,33.11261997635676,True
0,83,158,75,3.5232683417069803,5.380982345048409,0.6547630368921576,34.72691575258411,True
0,83,159,76,3.4636840779083684,5.250095638895544,0.6597373297826283,35.64810993560951,True
0,83,160,77,3.3884244929044924,5.124426853703426,0.6612299462242643,36.734340111175165,True
0,84,146,62,4.198878816324494,6.2542361774638255,0.6713655668224532,27.17484966447158,True
0,84,147,63,4.172413540273428,6.243859504136502,0.6682427010904459,26.99146814366059,True
0,84,148,64,4.146345908719815,6.216838599506603,0.6669540864465885,26.677692685664812,True
0,84,149,65,4.103411877382968,6.166689624364497,0.6654156650223566,27.436181120554302,True
0,84,150,66,4.064890076154791,6.070949047429124,0.6695641891239653,27.992953185906263,True
0,84,151,67,3.9842773004871272,5.945842964056084,0.6700946063616129,28.59993421548969,True
0,84,152,68,3.9095941038709703,5.858172382935639,0.6673743700781641,29.672366619629774,True
0,84,153,69,3.915008788958851,5.836225966787337,0.6708117216910885,29.409988182334395,True
0,84,154,70,3.926305502481066,5.822764739575616,0.6743026170703968,29.692535034440017,True
0,84,155,71,3.8731398225490334,5.784021881750622,0.669627449849268,30.491858731849923,True
0,84,156,72,3.801527379100885,5.687715124078175,0.6683751376730581,31.51993629618685,True
0,84,157,73,3.7288801739912136,5.541975366659243,0.6728431519967255,32.97924729822379,True
0,84,158,74,3.5574482009931176,5.380977494576715,0.6611156067050152,34.58704093263548,True
0,84,159,75,3.4975917803554273,5.250121722667293,0.6661925123096949,35.50452468334359,True
0,84,160,76,3.422623515029746,5.124683627644173,0.6678702069659532,36.58637968631078,True
0,146,148,2,0.10001019805331235,0.10180491124364746,0.9823710549087376,20.68658994210475,False
0,146,149,3,0.18717397006295794,0.18387369087538658,1.0179486209900905,21.274741976587812,False
0,146,150,4,0.2960045855929457,0.31287518639364265,0.9460788150215553,21.70647779208222,False
0,146,151,5,0.31840811792563717,0.45802316905565293,0.695179063937153,22.17714696912001,True
0,146,152,6,0.47065291794525543,0.5731110793289459,0.821224601863118,23.00873947775523,False
0,146,153,7,0.49032968583535647,0.6607389088339034,0.7420929496958315,22.805284283712297,False
0,146,154,8,0.5510825789674123,0.7737073571160651,0.7122622964599049,23.024378601118624,True
0,146,155,9,0.6638477636272078,0.8529284080291616,0.7783159259065396,23.64419538040895,False
0,146,156,10,0.6873557256697039,0.9367263843354389,0.7337849527504757,24.441393970733206,True
0,146,157,11,0.7757877924105263,1.056473862027549,0.7343180179788458,25.572982397545005,False
0,146,158,12,0.8499386375774844,1.1636265524160807,0.7304221752354529,26.819708192706187,True
0,146,159,13,0.8998858196141968,1.2616831726354534,0.713242309267294,27.531149408896574,True
0,146,160,14,0.9730097405493644,1.375845681617688,0.7072084853334145,28.370048450387614,True
0,147,149,2,0.13404289243701897,0.14033522896773035,0.9551621030799168,21.13117560596576,False
0,147,150,3,0.24357519782977974,0.27154180118169485,0.8970081098740226,21.559997978647733,False
0,147,151,4,0.26669912990365785,0.41933682699497493,0.6360021651684168,22.027490982475744,True
0,147,152,5,0.41661785965803394,0.5350115112305933,0.7787082163891406,22.85347173241454,False
0,147,153,6,0.43254517953289956,0.6208473017883678,0.696701392253685,22.651389496211713,True
0,147,154,7,0.4938726281671261,0.7320096908707173,0.6746804507187195,22.869005319730377,True
0,147,155,8,0.6067104799062486,0.811206443590671,0.7479113173962785,23.484639446862037,False
0,147,156,9,0.6332456180211554,0.8962280259472939,0.7065675248794282,24.276458375782937,True
0,147,157,10,0.7262230655666421,1.0186020243076972,0.7129605559739847,25.400410609232015,True
0,147,158,11,0.8010023951977172,1.128787310652619,0.709613217333751,26.6387232401927,True
0,147,159,12,0.8525114974459183,1.2289464841540538,0.6936929381695128,27.345363503523977,True
0,147,160,13,0.9260493500094681,1.3444869727573365,0.6887752494249036,28.178601480319717,True
0,148,150,2,0.27683266587150146,0.21621604405229844,1.2803520991464492,21.309363289043898,False
0,148,151,3,0.2841357910837106,0.3657570723979062,0.7768429171332605,21.771421692923315,False
0,148,152,4,0.43028545521470035,0.4817108637006665,0.8932442418032703,22.587800427635365,False
0,148,153,5,0.43573462395982127,0.5660271813502268,0.7698121897969639,22.388067394739295,False
0,148,154,6,0.5061120348870178,0.6759771271382506,0.7487117752484367,22.60315343720536,False
0,148,155,7,0.6176982404399873,0.7551418333136123,0.8179896983451262,23.211630825801333,False
0,148,156,8,0.6462572852555384,0.841026873583274,0.7684145483985529,23.994244870210224,False
0,148,157,9,0.7448721672311226,0.965744278912342,0.7712933780669412,25.10513117390184,False
0,148,158,10,0.8050512792170658,1.0783539422842205,0.7465556972062141,26.32904843700578,False
0,148,159,11,0.8558654150588494,1.1802363045701552,0.7251644537155274,27.02747401667906,True
0,148,160,12,0.9268347749651946,1.2969227863081674,0.7146414456974198,27.851025613082413,True
0,149,151,2,0.14119081842680997,0.28430378575730064,0.4966195509874048,22.390417187014823,False
0,149,152,3,0.2871608343633051,0.40029308115573287,0.7173764621017419,23.23000684315343,True
0,149,153,4,0.31124531939896616,0.4829473325398804,0.6444705217897946,23.024595088439018,True
0,149,154,5,0.3658221907098517,0.5921440339165898,0.6177925804473814,23.245796362744617,True
0,149,155,6,0.47834403722321184,0.6713164464604296,0.7125462808863383,23.87157371305691,True
0,149,156,7,0.50236612073367,0.7577567563152613,0.6629648849012214,24.6764386960556,True
0,149,157,8,0.5946641524834068,0.8850749120148906,0.6718800232735577,25.81890923095324,True
0,149,158,9,0.6790156830667535,1.0001399287510675,0.6789206825435713,27.0776243718296,True
0,149,159,10,0.7325358551943494,1.1038447059800183,0.6636222026756812,27.795907280660053,True
0,149,160,11,0.8081870280713703,1.221757836133771,0.6614952686768619,28.642873734141446,True
0,150,152,2,0.19294998127042112,0.2680435973492915,0.7198455146047946,23.701421535722034,True
0,150,153,3,0.22701650959557693,0.34994457219572156,0.6487213336991213,23.491841288081535,True
0,150,154,4,0.2659883793267429,0.46100527961177246,0.5769746922437425,23.717531477583183,False
0,150,155,5,0.3769081196504799,0.5403399142447448,0.6975389189549318,24.356007947581737,True
0,150,156,6,0.4009061609503704,0.6255194267738214,0.6409172022331644,25.177206338533402,True
0,150,157,7,0.49363079413259475,0.7548222504815276,0.6539695853132182,26.342861429493112,True
0,150,158,8,0.5926070249993329,0.8714525462740563,0.6800221395107021,27.62712011907241,True
0,150,159,9,0.648683606175121,0.976690762089548,0.6641647810687968,28.35997939539728,True
0,150,160,10,0.7264261348026987,1.0957352013460753,0.6629577418981408,29.22413363676783,True
0,151,153,2,0.19324264595103285,0.2039474966013904,0.9475117330256823,24.001223128473754,False
0,151,154,3,0.25099510168656225,0.32400186890033067,0.7746717713031873,24.231807037572647,False
0,151,155,4,0.3594008167070046,0.4024486718055558,0.8930351666824485,24.884127816978314,False
0,151,156,5,0.3710752821149377,0.48327668447192085,0.7678319563883238,25.723132540885338,False
0,151,157,6,0.46164151890359817,0.6126223506522858,0.7535499127840639,26.91406294033255,False
0,151,158,7,0.5379343336956866,0.7265395507852187,0.7404061253297303,28.226168661858612,False
0,151,159,8,0.591561664351785,0.8308335312591913,0.7120098576850027,28.97491878310896,True
0,151,160,9,0.6672438691178788,0.9496434016199803,0.7026257097976346,29.857810784217207,True
0,152,154,2,0.11281432555271438,0.22488425619118596,0.5016550623126101,25.140444619818837,False
0,152,155,3,0.20979928493456002,0.3000426870735307,0.699231455966614,25.81722594296064,True
0,152,156,4,0.21730189886821122,0.37275114743989257,0.5829677530456212,26.687691433398278,True
0,152,157,5,0.3197556316584168,0.5012657768498006,0.6378963943397805,27.923279010789308,True
0,152,158,6,0.4052544651460455,0.6145723181623154,0.6594089144103189,29.284585708891747,True
0,152,159,7,0.4639499340895425,0.7195824442332402,0.6447488231649536,30.061412254604562,True
0,152,160,8,0.5412900569624813,0.8390493756770112,0.645123007839349,30.977410695196564,True
0,153,155,2,0.18821676617496383,0.2025148684476342,0.9293972715076595,25.58893665666777,False
0,153,156,3,0.22558631824316122,0.2827253313115273,0.7978992090899484,26.451705040297977,False
0,153,157,4,0.35083102155137974,0.42781369068065006,0.8200556204576082,27.676366912238773,False
0,153,158,5,0.4193590517554052,0.5519738519688082,0.7597444158987137,29.025636231297387,False
0,153,159,6,0.48036689250414416,0.662756802693846,0.7248011496096932,29.795593674261287,True
0,153,160,7,0.5539258589188887,0.7846424477936259,0.7059595876778011,30.70349238211244,True
0,154,156,2,0.16450660028619052,0.18543293529412425,0.887148769042881,26.705831153699542,False
0,154,157,3,0.2935525802899596,0.35905669138020857,0.8175661040086675,27.942258564431626,False
0,154,158,4,0.39341579032879015,0.4984779953753919,0.7892340163030027,29.304490547615746,False
0,154,159,5,0.45684381971036514,0.6157949893522917,0.741876480987422,30.081845105138687,False
0,154,160,6,0.5321924344577471,0.7389122800249037,0.7202376369219503,30.99846615318065,True
0,155,157,2,0.23046679614654253,0.3139951312449326,0.733982069189367,28.694464780701107,True
0,155,158,3,0.3314644939954971,0.454555981469841,0.7292049989611438,30.093368078889682,True
0,155,159,4,0.39532644586156995,0.5714897893944494,0.6917471723868556,30.89164903823035,True
0,155,160,5,0.46636298503534623,0.6927414796664003,0.6732135994800399,31.832945545083593,True
0,156,158,2,0.24709702830614838,0.3315680000835232,0.7452378644619014,31.108009948685673,False
0,156,159,3,0.3102272308201545,0.4537390814159903,0.6837128286415703,31.933206116822003,True
0,156,160,4,0.3853028396957706,0.577509075036848,0.6671805800994319,32.90623981059438,True
0,157,159,2,0.2371646206165039,0.29199186891356205,0.8122302223652379,33.41165069801328,False
0,157,160,3,0.3109660212300209,0.4186132305681262,0.7428480480848382,34.42973393634474,False
0,158,160,2,0.14009409662723124,0.25871335136395696,0.5415031574081671,36.10824122781724,False
0,160,220,60,5.991218032550456,9.013251811055381,0.6647121547410679,16.482841167393733,True
16,75,77,2,0.09145968312585119,0.18814443964854183,0.4861141966071386,51.36740696227863,False
16,75,78,3,0.15133220230407346,0.2891262554561618,0.5234121752979951,50.50748179565147,False
16,75,79,4,0.2463214799824144,0.382687942774816,0.6436614600302594,49.10146878751826,True
16,75,80,5,0.25423395662087084,0.45068740934606893,0.5641026382116046,49.13494340581736,False
16,75,81,6,0.2699997756421131,0.5077353341055075,0.5317726727011814,48.412986191978106,False
16,75,82,7,0.3019848873250553,0.588924713517618,0.5127733314523594,47.757195947540744,False
16,75,83,8,0.37840832173797323,0.6602080350994991,0.5731652776400151,46.31113238316005,False
16,75,84,9,0.40690474410788413,0.6911279581211787,0.5887545704474881,45.90143717928941,True
16,75,85,10,0.3823767551634583,0.6819202039710812,0.5607353366812315,46.2804125179123,False
16,75,86,11,0.38726013179594193,0.6685986743999633,0.5792116356549617,46.586722611950655,False
16,75,87,12,0.3998154218959353,0.6393259018483788,0.6253702857025096,47.13558424623558,True
16,75,88,13,0.3327327899442583,0.5639479436476573,0.5900062119069321,48.28300437462254,True
16,75,89,14,0.2602410457321088,0.4347976514565191,0.5985336969055216,50.96854513914919,True
16,75,90,15,0.2094370365948841,0.35205961679221076,0.5948908270229016,54.067126319103245,True
16,76,78,2,0.11610124902918932,0.20617946412178748,0.5631077252223813,49.59188869864637,False
16,76,79,3,0.21557893684388477,0.2996151295582372,0.7195195288093152,48.21136371246117,True
16,76,80,4,0.2256139060676273,0.3675226020906795,0.6138776357813258,48.244231507209584,True
16,76,81,5,0.24107860646065873,0.42487006633444213,0.5674172542691923,47.535361840359876,False
16,76,82,6,0.2768710127666499,0.5068223525804871,0.546288085671361,46.89145967664924,False
16,76,83,7,0.3525675932049104,0.5785810617076356,0.6093659411601469,45.471610165519785,True
16,76,84,8,0.3869948932386681,0.608898178557066,0.6355658579169143,45.069341863312104,True
16,76,85,9,0.3554529254294414,0.5988850840684097,0.5935244254452638,45.44144718601573,True
16,76,86,10,0.3528024720519968,0.5872100968405465,0.6008113177042292,45.74220453028962,True
16,76,87,11,0.3611898424960173,0.5630201063181508,0.6415221027504772,46.28111647186178,True
16,76,88,12,0.29320719073224305,0.49436491006109984,0.5930987106184474,47.40773631657659,True
16,76,89,13,0.22140998316477997,0.3808381800685988,0.5813754889935098,50.044593945490284,False
16,76,90,14,0.18394057195191674,0.33232845886289425,0.5534902806136246,53.08700444660602,False
16,77,79,2,0.1555121810651341,0.19480194513215124,0.79830917991931,46.869266986581444,False
16,77,80,3,0.16452960765685098,0.2633770784508231,0.6246922041379217,46.901219815306874,True
16,77,81,4,0.18065447051295042,0.32268387483543204,0.5598496999736468,46.21208349731302,False
16,77,82,5,0.21538275094299303,0.4070750653068168,0.5290983636658186,45.58610613222158,False
16,77,83,6,0.29094073491558975,0.4799497923762986,0.6061899380664412,44.20578206143217,True
16,77,84,7,0.32599774031676737,0.5085310601309992,0.6410576774460724,43.81471201062716,True
16,77,85,8,0.2937829498709643,0.4952029778452113,0.5932576398254089,44.176458751933644,True
16,77,86,9,0.2960826581673188,0.48326823454680223,0.6126673284143708,44.46884368323366,True
16,77,87,10,0.31382101492473496,0.4648686195343411,0.6750746377311712,44.99275351956285,True
16,77,88,11,0.2506672001344899,0.4062593279728124,0.6170127868455121,46.08801078316668,True
16,77,89,12,0.2101304587056509,0.3203431946532303,0.6559541835534104,48.651464182913934,True
16,77,90,13,0.2123422737159224,0.32602778252391323,0.6513011623490942,51.609180768365256,True
16,78,80,2,0.11967841722400156,0.16315760408237634,0.7335141864646244,46.11606164498475,True
16,78,81,3,0.13131692446627785,0.22453423596585378,0.5848414336522292,45.43846193547718,True
16,78,82,4,0.1734834497624094,0.31126331538151786,0.5573527016820771,44.82296385524387,False
16,78,83,5,0.24567027331942043,0.38495227514767644,0.638183715696123,43.465747343834366,True
16,78,84,6,0.29244693331372135,0.4116766878857347,0.7103801160460491,43.081224070421655,True
16,78,85,7,0.24761353730932648,0.39578682330435966,0.6256234991403742,43.436914926387786,True
16,78,86,8,0.23765238783884968,0.38680960561635064,0.6143911226303941,43.724405136002666,True
16,78,87,9,0.2525394461342453,0.37993651336983936,0.6646885393939942,44.239544367001635,True
16,78,88,10,0.19048286431451464,0.33919674362347757,0.56157043926683,45.31646628255888,False
16,78,89,11,0.1726154285014155,0.2978304443527856,0.5795761708529347,47.83700573701905,False
16,78,90,12,0.21364654044258108,0.3603053741074548,0.5929596275709857,50.745208144551135,True
16,79,81,2,0.056805382439886705,0.13458857858147913,0.42206688738819736,44.173558870039706,False
16,79,82,3,0.08828418353875542,0.2236276297689963,0.39478209213213744,43.57519485146464,False
16,79,83,4,0.14968536283857645,0.2975876559744017,0.5029958730931108,42.25576014983959,False
16,79,84,5,0.1973852004181329,0.32169724527351085,0.6135744191726406,41.88194112667114,True
16,79,85,6,0.14450699962040348,0.3030496002278832,0.4768427330434986,42.22773036108374,False
16,79,86,7,0.14686632625713456,0.3004855224625411,0.48876340215506753,42.50721749946919,False
16,79,87,8,0.19202542234806233,0.3122522931615127,0.6149688138518715,43.0080164301001,True
16,79,88,9,0.15592052871201692,0.29820429363260725,0.5228648012161544,44.05495929763939,False
16,79,89,10,0.2220026169708485,0.3100267144430868,0.7160757658243759,46.505332686905064,True
16,79,90,11,0.304883159811511,0.41447082535597196,0.7355961895500349,49.33257737748309,False
16,80,82,2,0.07363027335078032,0.15654177435327513,0.4703554284788892,43.6049019671779,False
16,80,83,3,0.1361020671109299,0.23008591031078307,0.5915271688174789,42.284567749222724,True
16,80,84,4,0.17881172894737338,0.2522222696989358,0.7089450474012915,41.91049387728045,True
16,80,85,5,0.13123027496447748,0.23373702020869716,0.5614441171847989,42.25651885133424,False
16,80,86,6,0.147995899840781,0.24495975889405783,0.6041641309125694,42.53619652832288,True
16,80,87,7,0.2023865699659422,0.2812736924349216,0.7195360796593817,43.037336875482886,True
16,80,88,8,0.17192771884952351,0.2947034133566773,0.5833923567130208,44.08499348975395,True
16,80,89,9,0.24229856803089983,0.3444404295313678,0.703455655192864,46.53703740570489,True
16,80,90,10,0.32317176249693064,0.4681932581378889,0.6902529177422551,49.366209552613505,True
16,81,83,2,0.11634577850063263,0.16353732953285213,0.7114325446855273,41.663265543407796,True
16,81,84,3,0.17688633379065574,0.18740643132183826,0.9438647998524871,41.29468807202361,False
16,81,85,4,0.12536080241861997,0.1807417121138163,0.693590875910692,41.63562877796044,True
16,81,86,5,0.1407438512847231,0.22392479580184238,0.6285317835425045,41.9111970512853,True
16,81,87,6,0.19780093826973,0.2909006330485778,0.6799604944025647,42.40497396493547,True
16,81,88,7,0.1713234789187066,0.3288748264238267,0.5209382572137615,43.43723698764274,False
16,81,89,8,0.24525139283060626,0.401041458713888,0.6115362576655051,45.85325214949194,True
16,81,90,9,0.32819397310050735,0.5313827062587398,0.6176226084043913,48.64085426295645,True
16,82,84,2,0.12837655270367823,0.1030503415893156,1.2457654261379807,40.735320519744754,False
16,82,85,3,0.09079259898167999,0.129312833083445,0.702115921650962,41.0716429278555,True
16,82,86,4,0.1445748408447493,0.22387621946353967,0.6457802494216884,41.34347842203291,True
16,82,87,5,0.22060580171860183,0.32406446151808727,0.6807466659107543,41.83056675668041,True
16,82,88,6,0.2079249009863032,0.38724466308677996,0.5369341938218218,42.84884700176474,False
16,82,89,7,0.29415109608086426,0.4809492270633983,0.6116052995383846,45.23213542440247,True
16,82,90,8,0.3767654206309498,0.6178848105276683,0.609766439005347,47.98197737442377,True
16,83,86,3,0.12494967330685477,0.24140238509736475,0.5175991664558693,40.09161895698951,False
16,83,87,4,0.21726253821191752,0.3587631852963171,0.6055876051843824,40.56395850500091,True
16,83,88,5,0.23041741882602287,0.43749259373770916,0.5266773017971716,41.551405743005795,False
16,83,89,6,0.3442427071216321,0.5455332721788764,0.6310205530575913,43.8625294063228,True
16,83,90,7,0.4412227908728621,0.6879230765942799,0.6413839074235396,46.52910754294728,True
16,84,86,2,0.1939162683906662,0.21927811355020305,0.8843393681707759,39.73694518511558,False
16,84,87,3,0.2887575242146243,0.34314161429315354,0.8415112367220267,40.20510614285159,False
16,84,88,4,0.30231422491436966,0.4308875397308234,0.7016081855215079,41.183817848454915,True
16,84,89,5,0.41176538474857177,0.5506150137964569,0.7478281093526211,43.474495968083225,False
16,84,90,6,0.5001638857957347,0.7002109123527075,0.7143046144699243,46.11748400407526,True
16,85,87,2,0.20243851233360632,0.25880580100561407,0.782202375476178,40.537050950055395,False
16,85,88,3,0.21952068796888288,0.35401402263788545,0.6200903747629981,41.52384317824882,True
16,85,89,4,0.3401042609186934,0.4880228054020482,0.6969023929906412,43.83343378884492,True
16,85,90,5,0.44176598875686823,0.6485739307090325,0.6811343593072294,46.498243086816274,True
16,85,165,80,2.679685784050315,4.0639949673582985,0.659372318512535,37.1272434121487,True
16,86,88,2,0.12940111516668837,0.23820401699471536,0.5432364944943778,41.798671590891864,False
16,86,89,3,0.2714466179243897,0.3948197553628266,0.6875203538762619,44.123548385828876,True
16,86,90,4,0.3930710699006061,0.5700969852270789,0.6894810533755752,46.80599490746023,True
16,86,165,79,2.5850636037481096,3.9445465220040647,0.6553512778535423,37.37297262678262,True
16,86,166,80,2.4788631407921984,3.8200937865549722,0.64890112109726,38.5886449505939,True
16,87,89,2,0.220659874800377,0.2954205456654146,0.7469347614376506,44.64339012441221,False
16,87,90,3,0.35532548212356924,0.48003684468552144,0.7402046031619671,47.3574398990564,False
16,87,165,78,2.4948240422320183,3.8167038901714148,0.6536593128580304,37.8132824336107,True
16,87,166,79,2.388580963878908,3.6923622405626535,0.6468977874486466,39.04327720512795,True
16,87,167,80,2.3266659749980003,3.583986794229144,0.6491837466433599,39.83323408738607,True
16,88,90,2,0.2821500009280834,0.36612214368772067,0.7706444578472144,48.510260653015614,False
16,88,165,77,2.461481239848164,3.711860165875133,0.6631395391662953,38.733770045646004,True
16,88,166,78,2.3553644124502995,3.587009284651891,0.6566373894063898,39.99370654338175,True
16,88,167,79,2.292314520845838,3.477757828582105,0.659135751778445,40.80289332257985,True
16,88,168,80,2.206984116504775,3.3475616301868123,0.6592811007878631,42.796167143793056,True
16,89,165,76,2.3572848719290245,3.5947940529566207,0.6557496304941924,40.88817447363675,True
16,89,166,77,2.2515617301158253,3.468884308388199,0.6490737453166903,42.21818968476679,True
16,89,167,78,2.1865357957804856,3.357586934830392,0.6512223922181,43.07238410401958,True
16,89,168,79,2.098447009932979,3.2247144357808786,0.6507388643933772,45.17652546902105,True
16,89,169,80,2.007823001474578,3.096407973103788,0.6484361941046062,47.16300777068161,True
16,90,165,75,2.3103897229327037,3.4813021850982606,0.6636567583309325,43.37392970876849,True
16,90,166,76,2.2054599174790597,3.354467622359003,0.6574694305524664,44.784801850207394,True
16,90,167,77,2.1382742908164754,3.2410851954788864,0.6597402295376981,45.69092615571243,True
16,90,168,78,2.0467914163680687,3.1053788244247444,0.6591116678807218,47.92298666801851,True
16,90,169,79,1.9536467076829236,2.9745914294353164,0.6567781673645834,50.03023515316406,True
16,165,167,2,0.17478615210743506,0.24954544258656228,0.7004181294427178,36.48262868647233,True
16,165,168,3,0.27394850494199735,0.3966668667257459,0.690626134729333,38.264852023304805,True
16,165,169,4,0.3746639833655004,0.5385911256679933,0.695637127145048,39.94741726113124,True
16,165,176,11,1.0690573793790223,1.5955380961428942,0.6700293662454043,48.553170438928376,True
16,165,177,12,1.1299825660111154,1.7086103877064736,0.6613459534961214,49.75749680144423,True
16,165,178,13,1.2172433531048628,1.8380258367095677,0.6622558447186851,50.57905111682681,True
16,165,179,14,1.3116216904546054,1.9970173057462306,0.6567903476251992,50.631848682989705,True
16,165,180,15,1.4154871098117532,2.1491163332161,0.6586368024542959,51.35614600959003,True
16,165,181,16,1.4737059610882717,2.2536928495028126,0.6539071912187973,51.7739529501279,True
16,165,182,17,1.5003483136994413,2.357855946929815,0.6363189047460929,51.96058296638431,True
16,165,183,18,1.5731805801351595,2.4819921333743853,0.6338378591056799,52.92877316592716,True
16,166,168,2,0.18172594670035233,0.2704668416304798,0.6718973224401088,39.509535502031625,True
16,166,169,3,0.28199928194337676,0.412083450079077,0.6843256672629351,41.2468314141627,True
16,166,176,10,0.9665077966119404,1.4670249605074344,0.6588216442327142,50.132513514614,True
16,166,177,11,1.028373931659841,1.579990741048856,0.6508733911802347,51.37601434265518,True
16,166,178,12,1.1154643690201795,1.709403873934945,0.6525458295893805,52.2242922706787,True
16,166,179,13,1.2088332756650064,1.8684672925005308,0.6469651786343287,52.278807242106346,True
16,166,180,14,1.313289951280479,2.0206156213013577,0.6499454608960548,53.026664594903984,True
16,166,181,15,1.3713345456781716,2.1252007655744847,0.6452729398050411,53.45806200734197,True
16,166,182,16,1.3976055254368578,2.2293723323290306,0.6269053873009969,53.650762746091374,True
16,166,183,17,1.4706649249379278,2.353559500047386,0.6248683854851844,54.65044634706963,True
16,167,169,2,0.21047584469601407,0.28976625360348857,0.7263642404129841,42.081372484467074,True
16,167,176,9,0.8970329939593963,1.349119468722782,0.6649025640469199,51.14683728327976,True
16,167,177,10,0.9579374706552013,1.4614393793083293,0.6554753376828907,52.415497680586704,True
16,167,178,11,1.0451752663791463,1.590782633741809,0.6570195350452781,53.28093869109915,True
16,167,179,12,1.1395337776207362,1.7500389797484344,0.6511476548851172,53.33655665592152,True
16,167,180,13,1.2428319975819129,1.9024776002469095,0.6532702395132611,54.09954529648698,True
16,167,181,14,1.3012165585849529,2.007124534803508,0.6482988653777473,54.53967110928832,True
16,167,182,15,1.327854790052904,2.111090005740664,0.6289901361107689,54.736270733727864,True
16,167,183,16,1.4003490970263894,2.2348878484344956,0.6265858477002827,55.756180785895765,True
16,168,176,8,0.7998620403787124,1.2084516796488365,0.6618899653572777,53.64542607179089,True
16,168,177,9,0.8590762456668707,1.3197892125036992,0.6509192812973252,54.976062161310885,True
16,168,178,10,0.9464671096935949,1.4489293390964035,0.653218265484113,55.88378107835365,True
16,168,179,11,1.0424739059215515,1.6082288889302419,0.6482123988053604,55.94211605229576,True
16,168,180,12,1.1451773424634253,1.7609882691939511,0.6503037882175114,56.742377669341074,True
16,168,181,13,1.2035980435066758,1.8656836130634906,0.6451244118129671,57.20400419420617,True
16,168,182,14,1.2308869329083245,1.9692266703495054,0.6250610716590905,57.41020796317434,True
16,168,183,15,1.3033030122302334,2.0922384717497833,0.622922783338485,58.47994193324204,True
16,169,176,7,0.7041666987683339,1.0730767862572121,0.6562127778613115,56.00429914470413,True
16,169,177,8,0.7619626235748428,1.1830164407064532,0.6440845599067306,57.39344537891408,True
16,169,178,9,0.8493381407136091,1.3118634947576564,0.6474287485760928,58.34107811280902,True
16,169,179,10,0.9464173092615804,1.4714523318694632,0.6431858435122857,58.40197816655974,True
16,169,180,11,1.0483915103599681,1.6245022858513567,0.6453616713814195,59.2374285353396,True
16,169,181,12,1.1068407048524713,1.7291782415037553,0.6400963638600512,59.71935349865479,True
16,169,182,13,1.1345572300403726,1.8324658565357816,0.6191423572743762,59.93462436902878,True
16,169,183,14,1.2067502554895886,1.955119879649921,0.6172257098146158,61.051396210578694,True
16,176,178,2,0.15133084660425994,0.2447636767960649,0.6182733017626123,70.90932289027376,True
16,176,179,3,0.2426642970825371,0.40209970836767145,0.6034928452637672,70.9833424613056,True
16,176,180,4,0.3475712254192375,0.5536868348313905,0.6277397321991237,71.99877141591044,True
16,176,181,5,0.4050632864778256,0.6582205203790225,0.6153914591489467,72.58451603939035,True
16,176,182,6,0.4315093112445272,0.762677181431383,0.5657823804754142,72.84616207251138,False
16,176,183,7,0.5049595987477455,0.8883333173679386,0.5684348305700172,74.20351674727597,False
16,177,179,2,0.1871691578376532,0.28910811297350947,0.6474019560108409,72.74403305787888,True
16,177,180,3,0.28681850270815007,0.44190745656211494,0.6490465332707835,73.78464899508934,True
16,177,181,4,0.34497524796097034,0.5464958694202818,0.6312495066557724,74.38492259135067,True
16,177,182,5,0.3731261321832331,0.6504480759589686,0.5736447627016589,74.65305856555044,False
16,177,183,6,0.4452804756972943,0.7755819348711973,0.5741243518922898,76.0440814437161,False
16,178,180,2,0.1999127607307709,0.31340791712905586,0.6378676153495202,75.00291962137906,True
16,178,181,3,0.2577692084515563,0.4178351083997499,0.6169161070231183,75.61310443494675,True
16,178,182,4,0.2861821761003052,0.5215142783787095,0.5487523313647177,75.88566764686693,False
16,178,183,5,0.35830293258252494,0.64672246021506,0.5540288989860898,77.29965793540921,False
16,179,181,2,0.1643395166267766,0.257840983584567,0.637367707577319,75.692034106343,True
16,179,182,3,0.18944195593421212,0.3613535865381372,0.5242564706472574,75.96488183673274,False
16,179,183,4,0.2640462111138077,0.48700091348372104,0.5421883282004029,77.38034813647263,False
16,180,182,2,0.08930261752033429,0.20920009886251445,0.42687655505853106,77.05157257114277,False
16,180,183,3,0.15853246226579826,0.3371761451342532,0.47017698183445183,78.48728736038998,False
16,181,183,2,0.1011373989777907,0.23586894409359496,0.4287864151274551,79.12581918084703,False
15,77,79,2,0.11773731978784871,0.19480194513215124,0.6043949905529802,65.46375706811219,True
15,77,80,3,0.18053167492797578,0.2633770784508231,0.6854494551684537,63.97509414530128,True
15,77,81,4,0.2074700494538491,0.32268387483543204,0.6429514011496803,62.93873818080477,True
15,77,82,5,0.25823406130624055,0.4070750653068168,0.6343647236452736,61.62176500641057,True
15,77,83,6,0.31072944245268186,0.4799497923762986,0.64742072481002,60.20296142607616,True
15,77,84,7,0.3378131715262815,0.5085310601309992,0.6642921111628063,59.9309236054621,True
15,77,85,8,0.31146222927286976,0.4952029778452113,0.6289587163391926,60.79516828253965,True
15,77,86,9,0.2964009088385119,0.48326823454680223,0.6133258667755596,61.9273480681011,True
15,77,87,10,0.29023119237179934,0.4648686195343411,0.6243294990798129,62.71682090042677,True
15,77,88,11,0.2972436171389986,0.4062593279728124,0.7316597962739965,64.48960114750031,True
15,77,89,12,0.2482789843380313,0.3203431946532303,0.7750406079542033,68.47594492703873,False
15,77,91,14,0.29033884068519056,0.43338487397581227,0.6699330274766229,80.28348347804756,True
15,78,80,2,0.13803558760668994,0.16315760408237634,0.846026076339031,61.40733324335626,False
15,78,81,3,0.15472034679866192,0.22453423596585378,0.6890724086379021,60.41257337749288,True
15,78,82,4,0.2045220819038314,0.31126331538151786,0.6570709486055145,59.14845940199942,True
15,78,83,5,0.25453111839668296,0.38495227514767644,0.6612017510457343,57.78660217570784,True
15,78,84,6,0.28632784420785273,0.4116766878857347,0.6955162938138633,57.52548310541304,True
15,78,85,7,0.26090768082580607,0.39578682330435966,0.6592126505059728,58.35503969455321,True
15,78,86,8,0.2574617571448498,0.38680960561635064,0.6656033185489403,59.44177731193693,True
15,78,87,9,0.2643839930297855,0.37993651336983936,0.6958636080666133,60.199563165148675,True
15,78,88,10,0.29131796181362357,0.33919674362347757,0.8588465758887077,61.90118953793737,False
15,78,89,11,0.2674142648693901,0.2978304443527856,0.897874176196148,65.7275339015224,False
15,78,91,13,0.34640641580387926,0.4930673576586128,0.7025539420188553,77.06115465304151,True
15,79,81,2,0.09424006956759666,0.13458857858147913,0.7002085211156627,58.48185713921867,True
15,79,82,3,0.14476591662285937,0.2236276297689963,0.6473525510796685,57.258142789880246,True
15,79,83,4,0.19596122601349936,0.2975876559744017,0.6584991752156407,55.939808951420254,True
15,79,84,5,0.22595792838590437,0.32169724527351085,0.7023931093777077,55.68703494575282,True
15,79,85,6,0.20094550469666966,0.3030496002278832,0.663077940197134,56.49007986211236,True
15,79,86,7,0.20187659907357386,0.3004855224625411,0.6718346941282006,57.54208659737464,True
15,79,87,8,0.21864244699391927,0.3122522931615127,0.7002108608401038,58.27565448783237,True
15,79,88,9,0.2619987799659367,0.29820429363260725,0.8785882214315922,59.92289884234666,False
15,79,89,10,0.263110643882191,0.3100267144430868,0.8486708777817003,63.626957648754036,False
15,79,91,12,0.38242203482731085,0.56121252754953,0.681421058965153,74.59836893955926,True
15,80,82,2,0.09498297467620974,0.15654177435327513,0.6067580048112731,55.9560776775522,True
15,80,83,3,0.15245654171166717,0.23008591031078307,0.6626070301555629,54.667723094684895,True
15,80,84,4,0.16243154196112358,0.2522222696989358,0.6440015869931287,54.420697235884376,True
15,80,85,5,0.1364426199330134,0.23373702020869716,0.5837441574774405,55.2054807012384,True
15,80,86,6,0.1195224858757056,0.24495975889405783,0.4879270228519357,56.23356452875033,False
15,80,87,7,0.14048954874497407,0.2812736924349216,0.49947631976808204,56.95045089390615,False
15,80,88,8,0.19824934981834264,0.2947034133566773,0.6727080204476727,58.560236481841805,True
15,80,89,9,0.23044588989021306,0.3444404295313678,0.669044253033097,62.180064024173205,True
15,80,91,11,0.3993542095314133,0.6205876827779783,0.6435097257228137,72.90198255851264,True
15,81,83,2,0.10894802181764415,0.16353732953285213,0.6661966544816189,53.782140640269986,True
15,81,84,3,0.131790416837449,0.18740643132183826,0.7032331596513978,53.53911644376591,True
15,81,85,4,0.10688291562816324,0.1807417121138163,0.591357215654,54.31118691453941,True
15,81,86,5,0.12240871206077325,0.22392479580184238,0.5466509933500009,55.32261643585799,False
15,81,87,6,0.1661230961860706,0.2909006330485778,0.5710647462163808,56.02788969640926,False
15,81,88,7,0.2379353029734767,0.3288748264238267,0.7234828690318953,57.61159777843569,True
15,81,89,8,0.2791823310733705,0.401041458713888,0.6961433163760393,61.17278640957731,True
15,81,91,10,0.4455888942590326,0.6850807233281608,0.6504180880967378,71.72101666143183,True
15,82,84,2,0.0838742049075231,0.1030503415893156,0.813914865433297,52.41882737895096,False
15,82,85,3,0.06035067871698777,0.129312833083445,0.4667029348745592,53.17474251950749,False
15,82,86,4,0.11034703817478907,0.22387621946353967,0.49289307474999644,54.1650081982409,False
15,82,87,5,0.175055114191782,0.32406446151808727,0.5401860894333564,54.85552383905574,False
15,82,88,6,0.2584692600269968,0.38724466308677996,0.6674572554898579,56.4060933307579,True
15,82,89,7,0.31521705875705897,0.4809492270633983,0.6554061032215929,59.8927652170182,True
15,82,91,9,0.49360818865179135,0.7729420572466673,0.6386095620286156,70.22027708969074,True
15,83,85,2,0.0563154606399119,0.11665539455764357,0.48275059077601795,51.95042648340905,False
15,83,86,3,0.13886750654020313,0.24140238509736475,0.5752532498143866,52.917891898464156,False
15,83,87,4,0.21321117301492332,0.3587631852963171,0.5942950161924322,53.59250883752381,True
15,83,88,5,0.3026393058677205,0.43749259373770916,0.6917586953464233,55.107377411763515,True
15,83,89,6,0.36846056421586804,0.5455332721788764,0.6754135503857087,58.51377080299592,True
15,83,91,8,0.5508993610506113,0.8444261984209513,0.6523949186806077,68.60349800949784,True
15,84,86,2,0.0994516048810934,0.21927811355020305,0.4535409543202052,52.678772964070454,False
15,84,87,3,0.17663914822736018,0.34314161429315354,0.5147704063560574,53.35034152614824,False
15,84,88,4,0.26978851373372714,0.4308875397308234,0.6261228020245486,54.85836489650277,True
15,84,89,5,0.3513516150429616,0.5506150137964569,0.638107581957153,58.249365891541466,True
15,84,91,7,0.5526984267773478,0.8593581320434313,0.6431526114300096,68.29350086578721,True
15,85,87,2,0.16337587126113048,0.25880580100561407,0.6312681965640581,54.11968973422493,True
15,85,88,3,0.25438160962741646,0.35401402263788545,0.7185636538686458,55.649459827178255,True
15,85,89,4,0.330081742686868,0.4880228054020482,0.6763654055366051,59.08936136276626,True
15,85,91,6,0.5275756365301218,0.8115387256965597,0.6500929898043908,69.27833959430079,True
15,86,88,2,0.17034289450584275,0.23820401699471536,0.7151134420609786,56.68581181490423,True
15,86,89,3,0.2570088864463254,0.3948197553628266,0.6509524484410425,60.18977414829799,True
15,86,91,5,0.47089395454993643,0.7360226327444098,0.6397818947416233,70.56850027452799,True
15,87,89,2,0.19358340354699774,0.2954205456654146,0.6552807730788133,60.95709574297767,True
15,87,91,4,0.41859280675605115,0.6448638829873569,0.6491180818142641,71.46813372441254,True
15,88,91,3,0.35204135039614,0.5291340170078684,0.6653160429693277,73.48828228970734,True
15,89,91,2,0.23615248274826486,0.35017641477223505,0.6743814625604221,78.03086825336534,True
15,91,170,79,1.7443750973872008,2.7001954847104654,0.6460180780482437,88.7201569631859,True
15,91,171,80,1.639189697588613,2.5170548782407813,0.6512331978769865,91.7519623694087,True
15,170,172,2,0.2343355543692177,0.3781361637423544,0.6197120953733581,92.19223968612116,True
15,170,173,3,0.332671079898819,0.5266174215682278,0.6317130164591765,94.724098727414,True
15,170,176,6,0.6438382251572018,0.9283108385895227,0.6935588796264093,107.33536700796552,True
15,170,177,7,0.6742464357503496,1.0381610065709992,0.649462300628451,110.88952797954057,True
15,170,178,8,0.7920658227439642,1.1670719797774576,0.6786777820636212,113.52280976397141,True
15,170,179,9,0.9277932431567123,1.3269368725389616,0.6991992327272301,115.01030172479082,True
15,170,180,10,1.0089880069864485,1.4799492111728638,0.6817720495873116,116.00774036056755,True
15,170,181,11,1.0426327653286385,1.5845945540414517,0.6579807829513492,116.26940941873094,True
15,170,182,12,1.010001074282034,1.6881594143693708,0.5982853667047375,118.13345587759319,True
15,171,173,2,0.22534867887234963,0.3392602274459799,0.664235476609859,97.96107490567441,True
15,171,176,5,0.5397937801470276,0.7482150838908277,0.7214419914391743,111.00330400348605,True
15,171,177,6,0.5721111557063218,0.8603959689589346,0.6649393725060883,114.67892017551435,True
15,171,178,7,0.6903536832294837,0.9897760343293152,0.6974847433008177,117.4021882519381,True
15,171,179,8,0.8275287532131981,1.1491673881876012,0.720111588372106,118.94051179740401,True
15,171,180,9,0.9061414960624752,1.3015813331224393,0.6961850734972356,119.9720355830704,True
15,171,181,10,0.9397261308660666,1.4062023654557547,0.6682723297521252,120.24264657384906,True
15,171,182,11,0.9071143108941417,1.51034933644509,0.6005990064717195,122.17039249318198,True
15,172,176,4,0.41817841494213426,0.5718238715193845,0.731306326598431,115.01307682769472,True
15,172,177,5,0.4532424900794575,0.6867343157783158,0.6599968571044416,118.82146729839037,True
15,172,178,6,0.5710247656755069,0.8158941413552192,0.6998760460848774,121.64310799915994,True
15,172,179,7,0.7082003530025925,0.9738908689002054,0.7271865622914695,123.23700041262329,True
15,172,180,8,0.7891014001403945,1.1249159830860906,0.7014758542016413,124.30578593640118,True
15,172,181,9,0.8200594957897889,1.2292020084843782,0.6671478651429579,124.58617220915453,True
15,172,182,10,0.7886688916627598,1.3339592120001487,0.59122414281335,126.5835541025579,True
15,173,176,3,0.3236956665848663,0.43178336417990554,0.7496714636045966,118.17166045061701,False
15,173,177,4,0.36136776228169987,0.5477990704326673,0.6596720983777525,122.08464006980101,True
15,173,178,5,0.4780231627435829,0.6758490215103103,0.7072928235885454,124.98377098605773,True
15,173,179,6,0.6148610980051897,0.832276171698743,0.7387705174235717,126.62143618269259,False
15,173,180,7,0.6978484818353816,0.9818924121009964,0.7107178681034574,127.71957357275329,True
15,173,181,8,0.7261778409270875,1.0857232442285922,0.6688424925847818,128.00766004372443,True
15,173,182,9,0.6960019913635842,1.1908401379662998,0.584462993120308,130.05989567994766,True
15,176,178,2,0.15617104067691287,0.2447636767960649,0.6380482705652167,141.62371676327754,True
15,176,179,3,0.29809729434139737,0.40209970836767145,0.7413516800385826,143.4794155482595,False
15,176,180,4,0.38761334718109974,0.5536868348313905,0.7000588108603599,144.72375549311897,True
15,176,181,5,0.4041959843253705,0.6582205203790225,0.6140738123640125,145.05019688984,True
15,176,182,6,0.37813342552366075,0.762677181431383,0.4957974812016595,147.37566071752693,False
15,177,179,2,0.2636255821282546,0.28910811297350947,0.9118581260720628,148.23040260109343,False
15,177,180,3,0.35723502086392533,0.44190745656211494,0.8083932858772932,149.5159459683725,False
15,177,181,4,0.37133733119616447,0.5464958694202818,0.6794879009608544,149.85319671250693,True
15,177,182,5,0.34582601320411754,0.6504480759589686,0.5316735124387283,152.25566286484755,False
15,178,180,2,0.26618005270763045,0.31340791712905586,0.8493086426978237,153.06648517774767,False
15,178,181,3,0.26020341433074473,0.4178351083997499,0.6227418641944366,153.41174457930444,True
15,178,182,4,0.24354278724762388,0.5215142783787095,0.466991599932322,155.87126183892218,False
15,179,181,2,0.1838148737118165,0.257840983584567,0.7129001416158836,155.42190216112832,True
15,179,182,3,0.2013973270002821,0.3613535865381372,0.5573414364853042,157.91364653139266,False
15,180,182,2,0.051669964079772944,0.20920009886251445,0.24698823930159927,159.2831688246539,False
12,102,104,2,0.25867142950731453,0.3874549343497575,0.6676168157244593,12.380029910242579,True
12,102,105,3,0.4100534421930913,0.5756692927985871,0.7123073044241031,13.218106067866199,True
12,102,106,4,0.5122485255298859,0.7337727328863195,0.6981024267758482,13.828222323736554,True
12,102,107,5,0.631178212035252,0.9147803361121429,0.6899778964617752,14.800926041584734,True
12,102,108,6,0.7617537954972804,1.1024550481601183,0.6909613201631826,15.956854991866761,True
12,102,109,7,0.8269287565204727,1.2559476896269341,0.6584101896521686,16.59860459315232,True
12,102,110,8,0.9646980183266919,1.4181648600665278,0.6802439162689708,17.887078200638374,True
12,102,111,9,1.0781063710996623,1.5799579194057343,0.682363978089472,19.321931157977367,True
12,102,112,10,1.1714722647743858,1.718867630100294,0.6815372191900733,20.764534407637118,True
12,102,113,11,1.2258078156098928,1.8272795291855957,0.6708376009423287,21.71689993291094,True
12,102,114,12,1.2939554414408727,1.9282442948869332,0.6710536859214442,23.041001194076028,True
12,102,115,13,1.329926514644924,2.0343260634546523,0.6537430447046768,24.284342297202016,True
12,102,126,24,2.145671742274347,3.236085081363864,0.663045528262206,45.501311170333636,True
12,102,127,25,2.1985011703730364,3.3187238059004933,0.6624537921668059,48.265345369005466,True
12,102,128,26,2.236486020581914,3.376114889655758,0.662443694506485,50.32800616997971,True
12,102,129,27,2.2782471253812417,3.440186893269883,0.6622451616911363,53.24769141037695,True
12,102,130,28,2.348941637764156,3.55123093689156,0.6614443497217942,58.086440491324815,True
12,102,131,29,2.4421276857831646,3.6938288819690723,0.661137200400398,63.45487595567703,True
12,102,132,30,2.528702765593965,3.8312600974994777,0.6600185581877764,65.37639129044172,True
12,102,133,31,2.5616274765073266,3.885842054990777,0.6592206889153673,63.29729215054129,True
12,102,134,32,2.5586721001479447,3.8886040679964653,0.6579924454654638,60.86665379412919,True
12,102,135,33,2.555738934474382,3.8878019927345937,0.6573737395192629,60.364509067744365,True
12,102,136,34,2.574545965403202,3.8977703799357886,0.6605176073623954,60.520824154219106,True
12,102,137,35,2.578181029412419,3.936663741146709,0.6549152274462288,60.85927093834424,True
12,102,138,36,2.62041971893547,3.9778935868008554,0.6587455550923603,60.26966373880922,True
12,102,139,37,2.609415452836067,3.965106058603274,0.6580947430584606,58.100437603633544,True
12,102,140,38,2.5690293836565017,3.9017217857474185,0.6584347948746364,55.45644914760525,True
12,102,141,39,2.504919464209064,3.8164374483296903,0.6563501952076726,52.743289707469366,True
12,102,142,40,2.4749140103470673,3.756396157621803,0.6588533015415367,50.8782865428623,True
12,104,106,2,0.2559998558182206,0.34833864687731153,0.7349166051861779,15.65518727929307,False
12,104,107,3,0.3734566005066799,0.5288309185819997,0.7061928253137345,16.756403221131006,True
12,104,108,4,0.503728274438665,0.7161450112553108,0.7033886524681553,18.06505185105352,True
12,104,109,5,0.5693621888663041,0.869624942571724,0.6547215483292613,18.79158849179668,True
12,104,110,6,0.7079794848008535,1.031894599935211,0.6860967048817825,20.250293389460634,True
12,104,111,7,0.8213488367190759,1.1942577283549967,0.6877483956921294,21.874717067320603,True
12,104,112,8,0.9144158905543278,1.3335921969427087,0.6856787949499462,23.507914995037865,True
12,104,113,9,0.9683603662775878,1.4416587308968187,0.671698749172903,24.58610569138728,True
12,104,114,10,1.0361409948684832,1.5418833933839124,0.6719969871356511,26.085145317377783,True
12,104,115,11,1.071991942062727,1.648285859214213,0.650367735711679,27.492754868756514,True
12,104,126,22,1.8885882376286784,2.850375570190803,0.6625752260086404,51.5128793237743,True
12,104,127,23,1.9413167874062123,2.933118490028672,0.6618610172094463,54.64209376750662,True
12,104,128,24,1.9791201932933937,2.9904465312441633,0.6618142717535862,56.97727036337891,True
12,104,129,25,2.0209352007644945,3.054601943186084,0.6616034554920012,60.28270024184906,True
12,104,130,26,2.0917747084120855,3.165670823398549,0.6607682305282873,65.76073793073668,True
12,104,131,27,2.1851084124404156,3.3084114218681475,0.6604705805321393,71.83844341041855,True
12,104,132,28,2.271960354058495,3.4457278657621906,0.65935571309429,74.0138266029594,True
12,104,133,29,2.304651967959307,3.499886584820748,0.6584933288852112,71.66003985833296,True
12,104,134,30,2.301029487601805,3.501866260801352,0.6570866264536462,68.90826903869934,True
12,104,135,31,2.2976155005852306,3.500635280070205,0.6563424398039981,68.33978166925851,True
12,104,136,32,2.3163633118798543,3.510546431273137,0.6598298462156504,68.5167488813882,True
12,104,137,33,2.3205389824008393,3.5498857660687593,0.6536939877281369,68.89991077056743,True
12,104,138,34,2.3635112670342777,3.591952923474651,0.6580017381597394,68.23240551111726,True
12,104,139,35,2.353123214180296,3.579793559695046,0.6573348923452315,65.77658432150423,True
12,104,140,36,2.3132178581200833,3.5169160788778475,0.657740419799317,62.783275892237725,True
12,104,141,37,2.2496328370242895,3.4323236718729713,0.6554256101950595,59.711657707375345,True
12,104,142,38,2.220473651668819,3.3732736917263613,0.6582548155268224,57.60025299208664,True
12,105,107,2,0.22200082859116016,0.34015565813161475,0.6526448209344866,17.890741516674137,True
12,105,108,3,0.3528746755274264,0.5275659126583807,0.6688731532128506,19.287980176135875,True
12,105,109,4,0.4204096333456277,0.6808743970893619,0.6174554883291502,20.06370030356375,True
12,105,110,5,0.5555700194071436,0.8426576507253893,0.6593069189235858,21.621153411418174,True
12,105,111,6,0.6683697906938254,1.005043628398929,0.665015698630479,23.355543766593467,True
12,105,112,7,0.7616510608597724,1.1445068318959797,0.6654840667032351,25.099302351580853,True
12,105,113,8,0.815784337816292,1.2523675498820463,0.651393704582274,26.25048204089178,True
12,105,114,9,0.8847141981787212,1.352798174236356,0.653988314759617,27.851000369194328,True
12,105,115,10,0.9232297421703041,1.4606766712278285,0.6320561972104665,29.353899189888775,True
12,105,126,21,1.7381083324381592,2.66154828291388,0.6530440734801426,55.00008543594047,True
12,105,127,22,1.790265580493081,2.743959994127466,0.6524386595739549,58.341134587375215,True
12,105,128,23,1.8277774887048197,2.801207005157426,0.6524964007799559,60.83439285534607,True
12,105,129,24,1.8696955394805839,2.865344635828686,0.6525202993390878,64.36358648817925,True
12,105,130,25,1.9408023007242723,2.9765850276080665,0.6520231348082364,70.21246437785038,True
12,105,131,26,2.0350165383097742,3.119818941969266,0.6522867436099506,76.70160505538792,True
12,105,132,27,2.123322633792592,3.2580555819626418,0.6517146747120592,79.02425257609129,True
12,105,133,28,2.156659907159043,3.312764260692563,0.6510152058656217,76.51112433026461,True
12,105,134,29,2.152699087494106,3.314708521865084,0.6494384267256321,73.57307015494449,True
12,105,135,30,2.1485251030917327,3.313087960166972,0.6484962454734984,72.96609857232383,True
12,105,136,31,2.1672669370976028,3.3229299115366735,0.6522156635242903,73.1550457232939,True
12,105,137,32,2.1723192910227977,3.3628686887801105,0.6459720827847169,73.56414606707779,True
12,105,138,33,2.2166394076491347,3.405854806658326,0.6508320329203943,72.85145349813894,True
12,105,139,34,2.2072361816922403,3.394422464272877,0.6502538222404366,70.22938350288295,True
12,105,140,35,2.1681006631042297,3.3321709222833413,0.6506570982314909,67.03344063370233,True
12,105,141,36,2.1052801233774243,3.2483159463580873,0.6481143331324651,63.753886766558075,True
12,105,142,37,2.0773731860678097,3.190263592867049,0.651160358884609,61.499548797972984,True
12,106,108,2,0.2512105887187953,0.3690892500291565,0.6806228810482851,20.178267346472172,True
12,106,109,3,0.3188794278220596,0.5223582841582476,0.6104611288704203,20.989792865180736,True
12,106,110,4,0.45256522604257016,0.6846602064985174,0.6610070539327455,22.619134294552556,True
12,106,111,5,0.5661262364910838,0.8482679727378478,0.6673907947554231,24.43357997265264,True
12,106,112,6,0.6606125811074512,0.9882317930942804,0.6684793848202237,26.257826295713233,True
12,106,113,7,0.7142999707501817,1.0952598305074874,0.6521739872621929,27.46214169435122,True
12,106,114,8,0.7822685489213974,1.194504797787594,0.6548894155722762,29.136536132052658,True
12,106,115,9,0.8217862199020891,1.3023028099334515,0.6310254524783548,30.7088051784607,True
12,106,126,20,1.6352577972105462,2.502688620605757,0.6534004205504176,57.5387582251007,True
12,106,127,21,1.687360526212352,2.5851817812369635,0.6527047879027602,61.03402223821732,True
12,106,128,22,1.7249469823636874,2.6425333373821998,0.652762619098115,63.64236336235243,True
12,106,129,23,1.7668391208439413,2.706647915401924,0.6527775965207409,67.33445615747485,True
12,106,130,24,1.8378990386112881,2.8177485908479047,0.6522579922782378,73.45330430315447,True
12,106,131,25,1.9322422452847305,2.96086719016487,0.6525933522797209,80.24196824020191,True
12,106,132,26,2.0210057808782205,3.0994209771625814,0.6520591412943153,82.67182363181827,True
12,106,133,27,2.0548202048159294,3.1546106170061674,0.6513704714422167,80.04269537903195,True
12,106,134,28,2.051128514686221,3.157000294045368,0.6497080531018617,76.96902762913564,True
12,106,135,29,2.0469496202208073,3.155526356432248,0.6486872201362825,76.33403968566064,True
12,106,136,30,2.0657581020754603,3.165404348008219,0.6526048096747281,76.53170818655146,True
12,106,137,31,2.0708216316387587,3.20529970134174,0.6460617803607918,76.95969162665362,True
12,106,138,32,2.1155197415630567,3.2484906027317555,0.6512316026969729,76.21410286823685,True
12,106,139,33,2.1064428954733834,3.2373788203466,0.650663086517587,73.47100437465278,True
12,106,140,34,2.067610662002619,3.1754746989449627,0.6511186068305231,70.1275444037551,True
12,106,141,35,2.0050913602243146,3.092024457152808,0.6484720247234522,66.69661415060865,True
12,106,142,36,1.9777469532635723,3.0345530033989054,0.6517424316030603,64.3382213171437,True
12,107,109,2,0.19973301061847618,0.34118935475712087,0.5854022343711696,22.466255210002775,True
12,107,110,3,0.33493660626034677,0.5046879340522319,0.6636509091292898,24.210207644960867,True
12,107,111,4,0.44883807605170467,0.670279451488902,0.6696282797491312,26.152284917028894,True
12,107,112,5,0.5432385244652257,0.8109019597165045,0.6699188699151063,28.104852230247854,True
12,107,113,6,0.5961409550828465,0.916661302744467,0.6503393928575489,29.393881487131104,True
12,107,114,7,0.6629064183345178,1.0138374234243652,0.6538586986614351,31.186056045557155,True
12,107,115,8,0.7017282815503978,1.120906449877016,0.626036438301689,32.86892151651599,True
12,107,126,19,1.5162253635922294,2.3216278735470928,0.6530871639112725,61.586144992223474,True
12,107,127,20,1.5684315808050322,2.404421979536036,0.6523112806961119,65.32727258930804,True
12,107,128,21,1.605983927893697,2.4618838739950393,0.6523394319519934,68.11908943790468,True
12,107,129,22,1.647879280538336,2.526024264473711,0.6523608279280193,72.07089113156653,True
12,107,130,23,1.7189544953648783,2.636911889250318,0.6518816583794093,78.62015080816538,True
12,107,131,24,1.8131294377573366,2.7797337770619652,0.6522672972207146,85.88634240539899,True
12,107,132,25,1.901692690831697,2.9180629975887182,0.6516969278604067,88.48711849223744,True
12,107,133,26,1.9351850835436533,2.973228091346729,0.6508700389236225,85.67305230843485,True
12,107,134,27,1.9311287313013434,2.975689719690844,0.6489684453733893,82.3831768654772,True
12,107,135,28,1.9268291092296468,2.974351267876155,0.6478149134703599,81.70352265044923,True
12,107,136,29,1.9456066312093043,2.984271753467166,0.6519535725755783,81.91509553335072,True
12,107,137,30,1.9507979458342464,3.024030469886967,0.6450986407908661,82.37318415064912,True
12,107,138,31,1.9956874428730662,3.0673369696167234,0.6506254326281066,81.57514924692755,True
12,107,139,32,1.9868294412347214,3.056449797811951,0.6500448470172981,78.63909593668906,True
12,107,140,33,1.9481874804977843,2.994794300221812,0.6505246388219351,75.06045056972017,True
12,107,141,34,1.8859099510024848,2.9116821324353195,0.6477046137674092,71.38818209284668,True
12,107,142,35,1.858950190584681,2.854726173196154,0.6511833632377422,68.86389537775675,True
12,108,110,2,0.20760245950507908,0.31860177461031036,0.651604843566872,26.10098662936508,True
12,108,111,3,0.32178830359969723,0.4865537795390204,0.661362252502841,28.19473706946063,True
12,108,112,4,0.4163890909378308,0.6276251365518313,0.6634359694792817,30.29979680635516,True
12,108,113,5,0.4678136944233889,0.7316164766344474,0.639424766067881,31.689497212570924,True
12,108,114,6,0.5324217531260008,0.8265241644370778,0.6441696154021319,33.62163777381485,True
12,108,115,7,0.5709535552799343,0.9335451598467466,0.6115971458452676,35.43593238048086,True
12,108,126,18,1.385765479586663,2.134246391031128,0.6492996710268076,66.39592565951173,True
12,108,127,19,1.4380421279396147,2.2172020185296577,0.6485841686601276,70.42922941395422,True
12,108,128,20,1.4755890889732823,2.2746959660009747,0.6486972813195071,73.43908274959976,True
12,108,129,21,1.5174741751735368,2.3388731683817605,0.6488056709049597,77.6995139148665,True
12,108,130,22,1.5885410265823139,2.4496624381374055,0.6484734393813693,84.76026042964192,True
12,108,131,23,1.6826092128111958,2.592425333507446,0.6490482834985623,92.59393011587753,True
12,108,132,24,1.7711741308586533,2.7307271592855216,0.6486089702649277,95.39782270796242,True
12,108,133,25,1.8045618992178771,2.7858328474676846,0.6477638817627625,92.36398239916738,True
12,108,134,26,1.8002743044946294,2.788093149032983,0.6457009175317665,88.81717287947345,True
12,108,135,27,1.7958572517925258,2.7866432021936793,0.6444518086774816,88.08443874355913,True
12,108,136,28,1.8146327720119975,2.7965604907755788,0.6488802148201485,88.31253513450015,True
12,108,137,29,1.8199509038933104,2.836466874301998,0.6416260032443236,88.80639974939776,True
12,108,138,30,1.8651747046746936,2.88023526295096,0.6475772061632629,87.9460395799492,True
12,108,139,31,1.8566555878583848,2.8697834110561047,0.6469671476618927,84.78068514278522,True
12,108,140,32,1.818319194853978,2.8085338684386456,0.6474264794480973,80.92255322403913,True
12,108,141,33,1.7563995563143229,2.7259648216324663,0.6443221652664206,76.96348637835415,True
12,108,142,34,1.7300376121804422,2.6697933172553845,0.6480043234054406,74.2420568571596,True
12,109,111,2,0.26881412305648866,0.3373475165005469,0.7968463080594603,29.328667363487874,False
12,109,112,3,0.3643763760323025,0.47822880582906724,0.761928958672015,31.518387971683357,False
12,109,113,4,0.41215165427737566,0.5799535546315088,0.7106632091241321,32.963979070773746,True
12,109,114,5,0.4692273677801035,0.6729657265408328,0.6972529941339185,34.97382607451138,True
12,109,115,6,0.5037111090045425,0.781228808386179,0.6447677090212305,36.86108761864946,True
12,109,126,17,1.319404161920663,1.980836468312613,0.6660843451880735,69.06622371264912,True
12,109,127,18,1.372519745808334,2.063684649171303,0.6650821124048607,73.26173807047155,True
12,109,128,19,1.4106555285170461,2.1211470244047295,0.6650437297777259,76.39264108533415,True
12,109,129,20,1.4523175143074825,2.185336010243251,0.66457400944298,80.82441741874386,True
12,109,130,21,1.5228730598564233,2.2961750027076793,0.6632216873977949,88.16913162407893,True
12,109,131,22,1.6157918110267648,2.4391914659557714,0.6624292654261292,96.31785427033121,True
12,109,132,23,1.703067860857411,2.5779847688987525,0.6606198304208434,99.23451325365895,True
12,109,133,24,1.7363371025778487,2.6333478231817438,0.6593648918280451,96.07865856236023,True
12,109,134,25,1.7329034624522925,2.6354650543165157,0.6575323241771102,92.38920416707775,True
12,109,135,26,1.729523843098862,2.633731988214007,0.6566817925432462,91.62700107629664,True
12,109,136,27,1.7484328511562748,2.64360702598023,0.6613815268205262,91.86427100224914,True
12,109,137,28,1.752562714731449,2.6839264048929743,0.6529846390483778,92.37799776541225,True
12,109,138,29,1.7967335162491052,2.728442954464078,0.6585197294704006,91.48303580281666,True
12,109,139,30,1.787580928945904,2.718620291318486,0.6575324015105312,88.19037777424869,True
12,109,140,31,1.7488388806956474,2.657940941309713,0.6579675468010583,84.1770802779609,True
12,109,141,32,1.6865205889885122,2.576090702882709,0.6546821457417062,80.05878847403844,True
12,109,142,33,1.6596930858826917,2.520910938817577,0.6583703772816202,77.22790904488625,True
12,110,112,2,0.2194673783508719,0.3114107746068917,0.704752038936083,33.96501598936465,True
12,110,113,3,0.26799880563770395,0.4131626454118126,0.6486520710762244,35.52282170071005,True
12,110,114,4,0.3319037753365918,0.5104291908362069,0.6502445026563879,37.68868391674265,True
12,110,115,5,0.3819398134350359,0.6280336824213549,0.6081517984234294,39.722444925724204,True
12,110,126,16,1.1847064122281543,1.8206522028978833,0.6507044071033934,74.42751814695285,True
12,110,127,17,1.2358361598451806,1.9021637296791358,0.6497002022289879,78.9487110574238,True
12,110,128,18,1.2730392353118096,1.9590851519523034,0.649813120191931,82.32265172521737,True
12,110,129,19,1.315036711812554,2.0232842028710514,0.6499515539865877,87.09844654571337,True
12,110,130,20,1.3864288172863708,2.135008779099662,0.6493785088186058,95.01329725589693,True
12,110,131,21,1.482172985013723,2.2799031689843696,0.6501034803482413,103.79456789770492,True
12,110,132,22,1.5738193569516157,2.420865303454928,0.6501061230897671,106.93763375162014,True
12,110,133,23,1.6091338294350128,2.476788677011517,0.6496855562891974,103.53680452309575,True
12,110,134,24,1.60497938355085,2.4776397627695763,0.6477856093804203,99.56095469091576,True
12,110,135,25,1.5994564338918906,2.4742519916037464,0.6464403946403067,98.73958526717549,True
12,110,136,26,1.6183297938546297,2.483811038631475,0.6515510917232631,98.99527337013343,True
12,110,137,27,1.6249333597408941,2.526201333624097,0.6432319301366843,99.54887838764498,True
12,110,138,28,1.672659430395542,2.573307711426471,0.6500036598686951,98.5844446292706,True
12,110,139,29,1.6660673685038974,2.565210606479866,0.6494856072617654,95.03619264733881,True
12,110,140,30,1.6293895623862003,2.5059320993391396,0.6502129737736709,90.71136125831102,True
12,110,141,31,1.5691896884299097,2.425819787997004,0.6468698524903977,86.27338533470844,True
12,110,142,32,1.5455842328287022,2.3728803513072148,0.6513536310321096,83.22275770865404,True
12,111,113,2,0.1514961803097216,0.24752097918136312,0.6120538986665756,38.37236622657176,True
12,111,114,3,0.22635756888210787,0.3582789899614785,0.6317913559666042,40.71196804227539,True
12,111,115,4,0.2899402515847807,0.4938884621692122,0.5870561347218588,42.90887184995918,True
12,111,126,15,1.0777712288772134,1.6663457557838255,0.6467872739713885,80.397892029298,True
12,111,127,16,1.1273106580416272,1.7455127510085708,0.6458335279362802,85.28176278718051,True
12,111,128,17,1.1634185157986259,1.8014237267965034,0.6458327924144471,88.9263518353729,True
12,111,129,18,1.2057110724721802,1.8655903779483052,0.6462892855387519,94.08524797878862,True
12,111,130,19,1.2778564915345592,1.9787290822182744,0.6457965888397441,102.63500657169158,True
12,111,131,20,1.3754069322355196,2.1265394986357697,0.6467817471144452,112.12068695601091,True
12,111,132,21,1.4695072870953307,2.270560979135049,0.647200097508558,115.5158810381932,True
12,111,133,22,1.5051415183538006,2.327001110044527,0.6468159864027739,111.84224650176901,True
12,111,134,23,1.4993255946639719,2.325607493835699,0.6447027706257886,107.54746476658903,True
12,111,135,24,1.4918078348945842,2.319552897916911,0.6431445630036339,106.66020731275789,True
12,111,136,25,1.5104680619116138,2.328588979790902,0.6486623766669409,106.93640602267858,True
12,111,137,26,1.5193417116968633,2.3741962895754445,0.6399393842741423,107.53441973498445,True
12,111,138,27,1.569635557865124,2.425128699310583,0.6472380448556568,106.4926217131547,True
12,111,139,28,1.5649527518117619,2.4194843057806126,0.6468125245006918,102.65973856941153,True
12,111,140,29,1.5298014887358102,2.3621908622735828,0.6476197639945965,97.98798092228097,True
12,111,141,30,1.4712980462184364,2.284571680578382,0.6440148316317875,93.19400259251945,True
12,111,142,31,1.4500204619888386,2.2347539783774284,0.648850153537547,89.89866188242274,True
12,112,114,2,0.1560164531666298,0.23882404226240253,0.653269460179433,43.751582298098995,True
12,112,115,3,0.2297939045676806,0.3903721900795335,0.5886533682659693,46.11251011281617,True
12,112,126,14,0.9940479668599612,1.5339895569222102,0.6480148201624101,86.40051461184322,True
12,112,127,15,1.0420072076294649,1.611414161631013,0.6466414609232329,91.64902220486582,True
12,112,128,16,1.0767342823387314,1.6665846116579248,0.6460723774879884,95.56572152824808,True
12,112,129,17,1.119308349668902,1.7306872365192405,0.6467421299760989,101.10978829877659,True
12,112,130,18,1.192207907065492,1.844713913289991,0.6462833605126476,110.29788420015484,True
12,112,131,19,1.2910846101566402,1.9944486355636966,0.6473391127426741,120.49177916384365,True
12,112,132,20,1.3866523991346558,2.140580454607607,0.6477927032127578,124.14046333333326,True
12,112,133,21,1.4215388461858727,2.197452901632835,0.6469029871491612,120.19254994367344,True
12,112,134,22,1.4132859422633763,2.1945961018926705,0.6439845313880426,115.57711360947363,True
12,112,135,23,1.4036364997581754,2.1867210525497467,0.64189097101412,114.62361223438448,True
12,112,136,24,1.4219418319989532,2.1953990143954725,0.6476917511008816,114.92043233836904,True
12,112,137,25,1.4332203909215715,2.2432127411458995,0.6389141629917099,115.56309461699367,True
12,112,138,26,1.4857069416543882,2.296862194734508,0.6468420025634666,114.44351445219422,True
12,112,139,27,1.4826875558843855,2.2930545049564643,0.6465993515110692,110.32446272449728,True
12,112,140,28,1.4488438192687771,2.237336781959434,0.6475752023349369,105.30390491302131,True
12,112,141,29,1.3918968594146957,2.16172198985692,0.6438833790587579,100.15200124646151,True
12,112,142,30,1.3725389676121007,2.1144106651108507,0.6491354731887637,96.61062564584307,True
12,113,115,2,0.18141866122210998,0.29276396820592404,0.6196755097078883,48.22746073261598,True
12,113,126,13,0.9363000826275919,1.4218093763048605,0.6585271543650539,90.36327485808177,True
12,113,127,14,0.98461305728634,1.4996404134248547,0.6565660997610063,95.85250529095256,True
12,113,128,15,1.0195898299054653,1.5550840956353633,0.6556493200381487,99.94884405797585,True
12,113,129,16,1.0621138738606937,1.6192125382010305,0.6559446945987203,105.74718949223042,True
12,113,130,17,1.1348773655814526,1.732931689801835,0.6548886908007485,115.3566974805642,True
12,113,131,18,1.2333700025897198,1.8822426522375078,0.6552662065773277,126.01813551269325,True
12,113,132,19,1.3285858439640512,2.0284221633245787,0.6549848783876935,129.83416660879422,True
12,113,133,20,1.3634668943435402,2.0857783227571525,0.6536969338818317,125.70518214211108,True
12,113,134,21,1.3554635911051045,2.0836359359636916,0.6505280350130821,120.87805878606447,True
12,113,135,22,1.3461432713154544,2.076208579246275,0.648366105781214,119.88082506330457,True
12,113,136,23,1.3645179779784282,2.0849906281971973,0.654448015029338,120.1912588235693,True
12,113,137,24,1.375414241592285,2.1324192701964866,0.6450017877889234,120.86339681239,True
12,113,138,25,1.427732869417656,2.1860106032973645,0.6531225728109794,119.69246709499268,True
12,113,139,26,1.4246814847109066,2.1824530924071563,0.6527890517635554,115.3844950291236,True
12,113,140,27,1.3908785949326825,2.127113429262244,0.653880783130163,110.13366929622794,True
12,113,141,28,1.3340191985323755,2.051996767919381,0.6501078458739495,104.7454735296267,True
12,113,142,29,1.314886604953023,2.005428177211121,0.655663772901401,101.04167271070746,True
12,114,126,12,0.8554393800694201,1.3108625568418175,0.6525774770242724,95.87281473588308,True
12,114,127,13,0.9065497408305364,1.3922412568407336,0.6511441435715489,101.69672907674462,True
12,114,128,14,0.9435141261068547,1.449160089986283,0.6510765322800088,106.04282574403591,True
12,114,129,15,0.9855461124133452,1.513436998308592,0.6511973167794798,112.19470213924188,True
12,114,130,16,1.0570793025443943,1.6250651921606882,0.6504842437360316,122.39011150787563,True
12,114,131,17,1.152707473628295,1.7705361265894366,0.651049959567186,133.70158815453004,True
12,114,132,18,1.2447285225836437,1.91303454159396,0.6506565853988832,137.75028650989006,True
12,114,133,19,1.279576772842495,1.9698893130195085,0.6495678535770719,133.36955370175136,True
12,114,134,20,1.274141867929863,1.9703535441148021,0.6466564702236126,128.24811577303157,True
12,114,135,21,1.2677921172244166,1.9661086772800513,0.6448230109936253,127.19007970582739,True
12,114,136,22,1.2866121852719345,1.975565039016906,0.6512628842187789,127.51944092510996,True
12,114,137,23,1.2941197086889265,2.019265999661727,0.640886197710317,128.2325598440553,True
12,114,138,24,1.3435567041289802,2.0692139585305274,0.6493077714801035,126.99023736248209,True
12,114,139,25,1.3386220927536001,2.063736476785571,0.6486400312304444,122.41960390096709,True
12,114,140,26,1.3034813833590273,2.0070404055766558,0.6494544802073956,116.84863003474838,True
12,114,141,27,1.2451862350538667,1.9303274702435598,0.6450647645276244,111.1319105455163,True
12,114,142,28,1.2245139759692196,1.8820653689283486,0.6506224471185398,107.20228526037097,True
12,115,126,11,0.8211158856229471,1.2067231891657366,0.6804509045613206,101.04631436940394,True
12,115,127,12,0.8753054963438529,1.2937738065499418,0.6765521854844143,107.1844994322747,True
12,115,128,13,0.9136317257979735,1.3526645608390977,0.6754311100094327,111.7651206577259,True
12,115,129,14,0.9549427492718142,1.4168449439850124,0.6739924176783566,118.24896530027854,True
12,115,130,15,1.024933146757615,1.5243923676444626,0.6723552075646855,128.99454049827204,True
12,115,131,16,1.116078319414685,1.662688043111742,0.6712493808074365,140.91640832252213,True
12,115,132,17,1.2020745117470575,1.797603884272051,0.668709342622412,145.1835829948172,True
12,115,133,18,1.2341484579174113,1.8524007973803467,0.6662426725699623,140.56645658918274,True
12,115,134,19,1.2294696927039912,1.8563027978675444,0.6623217365811025,135.1686550497739,True
12,115,135,20,1.2259418940282953,1.8571600903623875,0.6601164328214039,134.05352512107194,True
12,115,136,21,1.2448551107655812,1.8676705606076764,0.6665282073946422,134.40065936758802,True
12,115,137,22,1.2491036742364425,1.9050614847047287,0.6556763045524722,135.15225969000508,True
12,115,138,23,1.294483100773828,1.9485595277635872,0.6643282293046188,133.84289886267308,True
12,115,139,24,1.2868454619450793,1.9394427518495467,0.6635129914084245,129.02562436320326,True
12,115,140,25,1.2495750551319316,1.8800482129375329,0.6646505374346219,123.15402897737405,True
12,115,141,26,1.189124363974584,1.800170407286618,0.6605621107653589,117.1288232267971,True
12,115,142,27,1.1654679210928238,1.7482924106580058,0.6666321457370944,112.98714705915101,True
12,126,128,2,0.10917232661595397,0.16395748443040578,0.6658575361486093,209.41310539931754,True
12,126,129,3,0.14235915593081128,0.2221887170943443,0.6407128039285797,221.56181542202546,True
12,126,130,4,0.20557586580162512,0.3186859755590138,0.6450734628062003,241.69568418422196,True
12,126,131,5,0.29771292472568633,0.4604729726355271,0.6465372397900357,264.03355979822584,True
12,126,132,6,0.39907190926610747,0.6162923582302067,0.6475366827719778,272.02891912095424,True
12,126,133,7,0.44325392451662476,0.6866075027007803,0.6455710471748112,263.3778589965159,True
12,126,134,8,0.44277197457944795,0.6952632932677939,0.6368407175623838,253.2640562641007,True
12,126,135,9,0.43723580231368236,0.6914999074576755,0.6323005941117124,251.17464930136546,True
12,126,136,10,0.45731556232785414,0.7012221336345403,0.6521693203800034,251.825071008295,True
12,126,137,11,0.46381047789190544,0.7469170201266443,0.6209665403169733,253.23333645470825,True
12,126,138,12,0.5232238235548888,0.8110368530404868,0.64512952967967,250.7800011446742,True
12,126,139,13,0.5305717919907956,0.8237076108940946,0.6441263683540397,241.7539256878749,True
12,126,140,14,0.5103707618788322,0.7900958725246653,0.6459605468485717,230.7523805174425,True
12,126,141,15,0.4732678408067153,0.746519699565215,0.633965642276224,219.4630172574841,True
12,126,142,16,0.4809401951120053,0.7407421451939282,0.6492680323813544,211.7028031341421,True
12,127,129,2,0.08147708418213924,0.12420923057446306,0.6559664189634761,235.02086570419786,True
12,127,130,3,0.1506032819092353,0.2333277045574017,0.6454582073522473,256.37779156912165,True
12,127,131,4,0.2524736699315528,0.39140848911721443,0.6450388199320453,280.07260944555065,True
12,127,132,5,0.36343135760470796,0.5612001862689187,0.6475966446500022,288.55365689528634,True
12,127,133,6,0.4100368020236305,0.6359309476453214,0.6447819587046122,279.3770772764932,True
12,127,134,7,0.4066454261023029,0.640850945051035,0.6345397931338296,268.6488989159479,True
12,127,135,8,0.39567735993117603,0.6291061085510659,0.6289517055278412,266.432568307467,True
12,127,136,9,0.4151063581722303,0.6369821221393492,0.6516766228509937,267.1225006965126,True
12,127,137,10,0.4275907748613964,0.691951694758922,0.6179488801026353,268.616312993216,True
12,127,138,11,0.49332275183076624,0.7666334889265262,0.6434923062408067,266.01394675366964,True
12,127,139,12,0.5063067570900752,0.787525526181774,0.6429083759923881,256.43957102593987,True
12,127,140,13,0.4921190146448703,0.7633735433734766,0.6446634402210394,244.76972319988786,True
12,127,141,14,0.46324351728432756,0.7324863744322895,0.632426122115053,232.79457341358207,True
12,127,142,15,0.4785517330423245,0.7394812109762505,0.6471452228117448,224.5629553532054,True
12,128,130,2,0.11746771706667887,0.18115650077944653,0.6484322481459986,267.33431569356236,True
12,128,131,3,0.22519060013392828,0.34691723079709624,0.6491190985714889,292.0417518708918,True
12,128,132,4,0.34110018517013,0.5215260112661024,0.6540425171546961,300.88524413464523,True
12,128,133,5,0.38743951300783164,0.5967405785068336,0.6492595391740984,291.3164955399131,True
12,128,134,6,0.3801080507776035,0.5981471951547108,0.635475772279244,280.12983930459086,True
12,128,135,7,0.3641499441536463,0.5815065599501958,0.6262181189922167,277.818791912605,True
12,128,136,8,0.3828210825518035,0.588266079534305,0.6507617825846087,278.5382091521851,True
12,128,137,9,0.400748334907487,0.6485084203858946,0.6179539421693583,280.09586079459024,True
12,128,138,10,0.4712281755694731,0.7292210719763648,0.6462075681553349,277.3822802087867,True
12,128,139,11,0.4884173761224177,0.7548072584341264,0.6470756218423976,267.3987353482888,True
12,128,140,12,0.4786489412081084,0.7362492659080481,0.6501180556258619,255.23016659772875,True
12,128,141,13,0.45589510952787987,0.7130819614049757,0.6393305877905479,242.7432485466118,True
12,128,142,14,0.4763868121029734,0.7276569577545695,0.654685984963334,234.15984525043254,True
12,129,131,2,0.18369069401936874,0.2902913707305831,0.6327804149226691,308.98400842755643,True
12,129,132,3,0.3019608115743841,0.4694992586126209,0.6431550338688158,318.3405393709834,True
12,129,133,4,0.3498587389097284,0.5473149263519175,0.6392274759281333,308.21667770567274,True
12,129,134,5,0.3436342482297471,0.5495586106985397,0.6252913548073721,296.38104851105317,True
12,129,135,6,0.32782487687030193,0.5313312161659807,0.6169877976224417,293.93593002279835,True
12,129,136,7,0.34644311423818647,0.5375223718403971,0.6445185026476508,294.69708290930623,True
12,129,137,8,0.36413666047518134,0.5993411474454727,0.6075615899679406,296.3450988012835,True
12,129,138,9,0.43553124333294974,0.6830886836952185,0.6375910679370524,293.4740949081023,True
12,129,139,10,0.45462751746791286,0.7124409722237043,0.638126574962285,282.9113733467117,True
12,129,140,11,0.4477194659764452,0.6993894387679397,0.6401576019866099,270.0368678169799,True
12,129,141,12,0.42944277854862517,0.6838429867577757,0.6279844743084838,256.82554454685305,True
12,129,142,13,0.4538254021567023,0.7056939839715441,0.6430909324217818,247.7441911464795,True
12,130,132,2,0.23413605687813988,0.3554057983363311,0.6587851351163662,347.2689295323192,True
12,130,133,3,0.28570896506490445,0.4384856385810693,0.6515811235903938,336.22508758183284,True
12,130,134,4,0.28353384361596035,0.44819222561450184,0.6326166037958741,323.3139255637049,True
12,130,135,5,0.26997476205602766,0.4346296383115728,0.6211604967963343,320.6466131262952,True
12,130,136,6,0.2884375751769851,0.44140081465936765,0.6534595442456864,321.47693385337044,True
12,130,137,7,0.30355819637407694,0.4974171540612032,0.6102688536083871,323.2747090151202,True
12,130,138,8,0.37506390177538573,0.5800443467968546,0.6466124596275776,320.1428099153758,True
12,130,139,9,0.39721403318124415,0.6130563546826739,0.6479241755626974,308.6202277873818,True
12,130,140,10,0.3956426720907907,0.6076750127143362,0.6510760913527631,294.5757841786536,True
12,130,141,11,0.3859627031332255,0.6036029316616699,0.6394314588080304,280.16391537052857,True
12,130,142,12,0.4171275928775134,0.6364955614708021,0.6553503561181522,270.25731698289053,True
12,131,133,2,0.1817524586524026,0.2852756414698783,0.6371117341667374,367.2995116455491,True
12,131,134,3,0.1911581894751349,0.31849523007976815,0.6001916871008044,353.19508077710367,True
12,131,135,4,0.1904893733961554,0.32513898066069724,0.5858706114199913,350.2812513460139,True
12,131,136,5,0.20878178854682172,0.3347440595882447,0.6237057314882177,351.1883115530833,True
12,131,137,6,0.20992777606002583,0.36551956660126433,0.5743270545322968,353.1522397766085,False
12,131,138,7,0.27541508312441976,0.4353318116357206,0.6326555417339524,349.73088589093425,True
12,131,139,8,0.29954754266662265,0.47033185145026346,0.6368855133731021,337.1433695370933,True
12,131,140,9,0.3047594086296575,0.4755338106760871,0.640878528061691,321.8009175031897,True
12,131,141,10,0.3079218548224699,0.4883960436224305,0.6304757355088616,306.0570822849576,True
12,131,142,11,0.34808767403809715,0.5363151922370798,0.6490356400051854,295.23490129894645,True
12,132,134,2,0.110627656547234,0.18481830458484652,0.5985752157814378,363.8903938425757,True
12,132,135,3,0.1461904633915561,0.23458171611591244,0.6231963249826338,360.8883289866993,True
12,132,136,4,0.16053450284609055,0.2491029571925329,0.6444504098038975,361.8228564304655,True
12,132,137,5,0.12347075857808984,0.2222663936220416,0.5555079945556176,363.84625554792984,False
12,132,138,6,0.16261463692416567,0.259606274750969,0.62638947028594,360.3212975836412,True
12,132,139,7,0.1845380325453089,0.29380751329404786,0.6280916048617855,347.3526110622405,True
12,132,140,8,0.19747760266339867,0.3125603275101848,0.6318063595481862,331.5455649934099,True
12,132,141,9,0.2189362737236313,0.35028290435431886,0.6250270024659053,315.3249812141851,True
12,132,142,10,0.26856170533805646,0.4176073236059471,0.6430962537224811,304.17508724462414,True
12,133,135,2,0.12019752335542962,0.1826276754530517,0.6581561258842663,349.41136307307215,True
12,133,136,3,0.13000575999790961,0.1992037432249758,0.6526270937142196,350.3161706873067,True
12,133,137,4,0.07083599805010819,0.13109704089733948,0.5403325472889888,352.2752216925281,False
12,133,138,5,0.0961449169772131,0.1525848137353906,0.6301080338436931,348.8623643952704,True
12,133,139,6,0.12271337208775239,0.19286271477281242,0.636273176141411,336.3061078728352,True
12,133,140,7,0.14426535110973665,0.2237914914946114,0.6446418053977283,321.0017572761372,True
12,133,141,8,0.18112083695261372,0.2825051413788382,0.641124037844435,305.29702028989675,True
12,133,142,9,0.23670108445485866,0.36330236993175535,0.6515263979679566,294.5017151023796,True
12,134,136,2,0.07015029247867184,0.10565558945449549,0.6639524973629973,336.863906105137,True
12,134,138,4,0.10238762340668879,0.15258667357744934,0.6710128807855509,335.4659264877682,True
12,134,139,5,0.1409641971441455,0.20820670086359527,0.6770396752816179,323.3918346469404,True
12,134,140,6,0.1656523997911936,0.24305435180390725,0.6815446774013721,308.6751765141134,True
12,134,141,7,0.20292786772437432,0.3052479104389865,0.66479691026398,293.5735069704001,True
12,134,142,8,0.25823456591109323,0.38774587278538736,0.665989205909673,283.19274531178377,True
12,135,137,2,0.06712294216790995,0.10166644148812293,0.6602271229858234,335.95308885608335,True
12,135,138,3,0.15381994805395852,0.2263157611445799,0.6796696229905611,332.6983610744074,True
12,135,139,4,0.19656153617110758,0.2866480030973394,0.6857244217548573,320.72387946620825,True
12,135,140,5,0.22236790108663756,0.32294078903415224,0.6885717401994744,306.12863251357203,True
12,135,141,6,0.25664775174049315,0.38161727279846397,0.672526560075365,291.15155046150284,True
12,135,142,7,0.3097961755078899,0.46052483750273393,0.6727024261879269,280.85642920527107,True
12,136,138,2,0.15257357404130598,0.23895549077052752,0.6385020639171025,333.55989004042596,True
12,136,139,3,0.19800005219725864,0.3009965506735936,0.657815020651096,321.5544002759942,True
12,136,140,4,0.22766729572132524,0.33966094357471194,0.6702781112402093,306.92135864359074,True
12,136,141,5,0.26641765246467713,0.3999657098274507,0.666101232977228,291.90549314223546,True
12,136,142,6,0.3203629622962099,0.4792184505701755,0.6685113269638119,281.5837124665155,True
12,137,139,2,0.13107696431235605,0.1903467448531604,0.6886220429641339,323.3526086483286,True
12,137,140,3,0.16143692689037475,0.2391283879680605,0.6751056545906097,308.6377355810155,True
12,137,141,4,0.20526131894214503,0.3144347147304325,0.6527947116720788,293.53789780299655,True
12,137,142,5,0.2616178567953818,0.4013834143328433,0.6517904015297397,283.15839528483707,True
12,138,140,2,0.099776312442392,0.1438574130935886,0.6935778302747667,305.6476401010498,True
12,138,141,3,0.1646232648297052,0.2403085512144695,0.6850495498297228,290.694090192216,True
12,138,142,4,0.22145421220565556,0.3323456429959137,0.6663370405863225,280.41514473492725,True
12,139,141,2,0.12441109716464593,0.18404806915004174,0.6759706729833831,280.2314265789126,True
12,139,142,3,0.17860166750430762,0.27476029861928286,0.6500271997148471,270.3224409943822,True
12,140,142,2,0.12501883469300493,0.19288905464671519,0.6481385629785082,258.02082257507726,True
9,109,111,2,2.234962489814932,0.3373475165005469,6.625104322685324,70.42697922169509,False
9,109,112,3,2.138680230326739,0.47822880582906724,4.47208575530928,72.42426455288009,False
9,109,113,4,2.0828109598238123,0.5799535546315088,3.5913409672041583,74.71283818076094,False
9,109,114,5,2.028924844807191,0.6729657265408328,3.0149007071076808,78.87948997333062,False
9,109,115,6,1.9729522821248127,0.781228808386179,2.5254474245521394,84.30034531248464,False
9,109,116,7,1.9124390413160781,0.9000895725256959,2.1247208052301723,89.59409045852085,False
9,109,117,8,1.8253176996574758,1.0212369101776904,1.787359702206493,93.87396434493898,False
9,109,118,9,1.71170917596721,1.1784437738812286,1.4525166273564847,96.56858466098025,False
9,109,119,10,1.586882771434308,1.3375950019406755,1.1863701412848795,97.09209732115619,False
9,109,120,11,1.5163474327561863,1.463301280201904,1.0362510121954946,98.40822766931018,False
9,109,121,12,1.4655874720174245,1.541636464302461,0.9506699575120351,99.80710357228342,False
9,109,122,13,1.4291307689406396,1.6191828159192134,0.8826247134603631,103.29716870229059,False
9,109,123,14,1.3528714818037146,1.6978047001577594,0.7968357501177882,108.41605597304151,False
9,110,112,2,0.22610974686270474,0.3114107746068917,0.7260819640814727,79.97891276901417,True
9,110,113,3,0.2777340004361952,0.4131626454118126,0.6722146920115897,82.50620982449348,True
9,110,114,4,0.33360183609796407,0.5104291908362069,0.6535712339481277,87.1074892757121,True
9,110,115,5,0.40944306866581276,0.6280336824213549,0.6519444420356945,93.093799512761,True
9,110,116,6,0.5010089391922958,0.7539591336726396,0.6645041048203922,98.93974056401032,True
9,110,117,7,0.591873657789895,0.8750444408205471,0.6763926838217301,103.66605242009122,True
9,110,118,8,0.7037709686791801,1.0275038088469939,0.6849327103409103,106.64175130406018,True
9,110,119,9,0.8219231169721088,1.1820885896368871,0.6953143141535495,107.219872098799,True
9,110,120,10,0.8816071225512268,1.306278642261045,0.6748997449925752,108.67328933344422,True
9,110,121,11,0.9522539118344577,1.38473398918135,0.6876800304421119,110.2180833953416,True
9,110,122,12,0.9977472380881064,1.4639551614307147,0.6815422113837243,114.07220074557321,True
9,110,123,13,1.0964745407654013,1.5439585188883873,0.7101709840979642,119.72504431988224,True
9,111,113,2,0.15368750446504842,0.24752097918136312,0.6209069832114666,85.27759186880417,True
9,111,114,3,0.22177558619226964,0.3582789899614785,0.6190024880222939,90.03342821069911,True
9,111,115,4,0.3110874504423815,0.4938884621692122,0.6298738971873353,96.22081849660641,True
9,111,116,5,0.4070899217065966,0.6297714882393275,0.6464089424637356,102.26312459838944,True
9,111,117,6,0.49451328632894415,0.7485335297611274,0.6606427991098189,107.14819318128664,True
9,111,118,7,0.5995076042802946,0.8913322708245646,0.6725972164406151,110.2238457350927,True
9,111,119,8,0.711537446026306,1.0371525025576098,0.68604900848396,110.82138559651013,True
9,111,120,9,0.770532394634875,1.1582965494047506,0.6652289476566706,112.32362308887359,True
9,111,121,10,0.8408476708047874,1.2366892381469856,0.6799183213275841,113.92030675440694,True
9,111,122,11,0.8879970803584147,1.3183345679818517,0.673574904220094,117.90388383432219,True
9,111,123,12,0.9878253657561888,1.4003385407980824,0.7054189661831392,123.74660631852734,True
9,112,114,2,0.14546286742331035,0.23882404226240253,0.6090796640293288,92.58674580956232,True
9,112,115,3,0.24510478659496437,0.3903721900795335,0.6278746099844543,98.94960839305968,True
9,112,116,4,0.3427396607384619,0.532041358137615,0.6441974021309274,105.16327225399964,True
9,112,117,5,0.4235691443648951,0.645523618669583,0.6561636663858503,110.18687973108594,True
9,112,118,6,0.5205719909684655,0.7770514829955348,0.6699324335134907,113.34975675195598,True
9,112,119,7,0.6262054157093719,0.9139471137498493,0.6851659207501657,113.96424264191526,True
9,112,120,8,0.6832673717901238,1.031950921082762,0.6621122747516072,115.50908308190778,True
9,112,121,9,0.7539247255935966,1.1100201252642174,0.6791991500281496,117.15104815662487,True
9,112,122,10,0.8019841652821381,1.193397001749192,0.6720179153346705,121.24759813634763,True
9,112,123,11,0.9024337642054989,1.2767523875966231,0.7068197192912661,127.25601825576095,True
9,113,115,2,0.19012954006483498,0.29276396820592404,0.6494294404805371,102.0763707517185,True
9,113,116,3,0.286729470585954,0.435090109093576,0.6590116957227504,108.48638354809405,True
9,113,117,4,0.36471507897879524,0.5436837822512038,0.6708220676891226,113.66873472330228,True
9,113,118,5,0.45978920920162075,0.6687876648149803,0.6874965454526156,116.93155721110776,True
9,113,119,6,0.5650456961819565,0.8027025654198031,0.7039291021655636,117.56546057408036,True
9,113,120,7,0.6221425755558386,0.919984315269898,0.676253459140028,119.15911726525717,True
9,113,121,8,0.6928647948809094,0.9979648151651755,0.6942777784868414,120.85296768518415,True
9,113,122,9,0.7408041774695403,1.08161486372529,0.68490569269552,125.07896677021395,True
9,113,123,10,0.8412316477241482,1.1650273210450934,0.7220703176038114,131.27725021672362,True
9,114,116,2,0.19869417951515947,0.30225090041027325,0.6573815966981518,114.53654835894537,True
9,114,117,3,0.2784761806629469,0.4099498101824445,0.6792933518837674,120.00791348864513,True
9,114,118,4,0.37907009177702516,0.5385022098938869,0.7039341432818295,123.45269995344154,True
9,114,119,5,0.4909164218863152,0.6793170046944584,0.7226617595228878,124.12195540111551,True
9,114,120,6,0.5496526816996063,0.8001184194251239,0.6869641647476703,125.80448855142195,True
9,114,121,7,0.6204893027343581,0.8785056615129255,0.7063008582844845,127.59280312316525,True
9,114,122,8,0.6669513379877515,0.960189267986346,0.6946040330011641,132.0544814715157,True
9,114,123,9,0.7666316266264999,1.0423389571034984,0.7354916761020356,138.59843628404644,False
9,115,117,2,0.18500493229091564,0.256132327088063,0.7223021568351563,128.2552479832724,True
9,115,118,3,0.29539198346905104,0.40032191757859037,0.7378861123961825,131.93677138825757,False
9,115,119,4,0.4164845026453187,0.5567815205397274,0.7480214182424573,132.65202024902294,False
9,115,120,5,0.4765049883857942,0.6836357905884253,0.6970158598274272,134.45018255481995,True
9,115,121,6,0.5468388624306157,0.7618301338024918,0.7177963146472051,136.361395925701,True
9,115,122,7,0.5904913528194252,0.8383403285866142,0.7043575653994294,141.1296953349181,True
9,115,123,8,0.6882858278972537,0.9175633941455948,0.7501234599034577,148.1233720256796,False
9,116,118,2,0.21026946348434294,0.2832973688527784,0.7422217309530115,140.22190522171107,False
9,116,119,3,0.3383799358462077,0.45349266779573305,0.7461640724886524,140.98206902524265,False
9,116,120,4,0.40195122524782634,0.5831605215790543,0.6892634366939688,142.89314917191936,True
9,116,121,5,0.4677035390204728,0.6593774125256214,0.709310828875715,144.92437956607165,True
9,116,122,6,0.5090234912451511,0.7294225017892693,0.6978445139771797,149.99211027368762,True
9,116,123,7,0.6041762156392385,0.804422250064668,0.7510685036256374,157.42496360005399,False
9,117,119,2,0.25044309104966533,0.3429955230337673,0.7301643147832273,147.71672610570803,True
9,117,120,3,0.3129828549545746,0.47222288831716275,0.662786287360903,149.71909778704685,True
9,117,121,4,0.377983116125516,0.5465332071093508,0.6916013724485158,151.84735924515368,True
9,117,122,5,0.4177767412496849,0.6130459901977646,0.6814769983487093,157.1571734228727,True
9,117,123,6,0.5122389395686737,0.6859061619563843,0.7468061492662988,164.945091181394,False
9,118,120,2,0.1958324106887698,0.30503322473462746,0.6420035419392098,154.0167337227566,True
9,118,121,3,0.2579367585891195,0.3789206117390379,0.6807145101063021,156.2060862043744,True
9,118,122,4,0.2988661006407756,0.446639843021302,0.6691433944161617,161.6683167976302,True
9,118,123,5,0.39472994456925525,0.5214228809372269,0.7570245936652251,169.67978409470788,False
9,119,121,2,0.1307805574808435,0.20645629767742885,0.6334539510399313,157.05290263035403,True
9,119,122,3,0.17720688640007554,0.28202557902721304,0.6283362204638062,162.54474478805813,True
9,119,123,4,0.276845294020339,0.3640390578305406,0.7604823934832011,170.5996434409057,False
9,120,122,2,0.1226831568227619,0.16290595848232725,0.753091894033275,164.74811743579158,False
9,120,123,3,0.22252670948335415,0.24901251101222407,0.8936366633900987,172.9122041364908,False
9,121,123,2,0.15120292655865608,0.17565802676190292,0.8607800585372924,175.37015629583001,False
17,110,112,2,0.1549465069263714,0.3114107746068917,0.49756308888787676,41.81842667516118,False
17,110,113,3,0.20673978685104874,0.4131626454118126,0.5003835393806827,43.25998386295412,False
17,110,114,4,0.19058726925608732,0.5104291908362069,0.3733863044624449,45.175742747978305,False
17,110,115,5,0.225242531377517,0.6280336824213549,0.3586472153995066,47.15059601123921,False
17,110,116,6,0.30696784608482086,0.7539591336726396,0.4071412260629272,49.48897775221022,False
17,110,117,7,0.3924783594946348,0.8750444408205471,0.4485239162557273,51.905662096941164,False
17,110,118,8,0.49630660082159855,1.0275038088469939,0.4830216652710275,54.527304589681044,False
17,110,119,9,0.5957556797532827,1.1820885896368871,0.503985644541486,57.4752170159098,False
17,110,120,10,0.6745534967770128,1.306278642261045,0.5163932678325234,59.7153363781162,False
17,110,121,11,0.7227714635250871,1.38473398918135,0.5219569023162255,61.314441366289486,False
17,110,122,12,0.7429595392317194,1.4639551614307147,0.5075015675381953,63.48327882621256,False
17,111,113,2,0.18691989786097452,0.24752097918136312,0.755167899218817,41.1043901036147,False
17,111,114,3,0.24674806864696014,0.3582789899614785,0.6887037073356996,42.92468899239756,True
17,111,115,4,0.32578624619365204,0.4938884621692122,0.6596352641298061,44.80113765654021,True
17,111,116,5,0.42060672590520815,0.6297714882393275,0.6678719722309309,47.023000604906976,True
17,111,117,6,0.5045914766386176,0.7485335297611274,0.6741067120929682,49.31926443102889,True
17,111,118,7,0.594335610326851,0.8913322708245646,0.6667946733007162,51.81027358339417,True
17,111,119,8,0.6887647242812636,1.0371525025576098,0.6640920429568219,54.61129502489235,True
17,111,120,9,0.7642052969513264,1.1582965494047506,0.6597665315881776,56.7397918924477,True
17,111,121,10,0.8120591549684814,1.2366892381469856,0.6566396228896145,58.25921537301907,True
17,111,122,11,0.8424123658460488,1.3183345679818517,0.6389974034706838,60.319982231056514,True
17,112,114,2,0.1630445868483209,0.23882404226240253,0.6826975429432659,44.601162078025276,True
17,112,115,3,0.25519911263602374,0.3903721900795335,0.6537328199122742,46.550897602383834,True
17,112,116,4,0.3527288944675354,0.532041358137615,0.6629726976531408,48.85953796301211,True
17,112,117,5,0.4330091690379172,0.645523618669583,0.670787491758,51.245485013226244,True
17,112,118,6,0.5134626743789505,0.7770514829955348,0.6607833401199507,53.83378339232843,True
17,112,119,7,0.604662199204762,0.9139471137498493,0.6615942980813005,56.744201946983786,True
17,112,120,8,0.678165738604652,1.031950921082762,0.6571685966354823,58.95582970715739,True
17,112,121,9,0.7255847924852421,1.1100201252642174,0.6536681416587213,60.53459601887426,True
17,112,122,10,0.7598193517164386,1.193397001749192,0.6366861577519906,62.675848496128786,True
17,113,115,2,0.2108654360578387,0.29276396820592404,0.7202574734521987,48.15559166603661,True
17,113,116,3,0.3055047890869658,0.435090109093576,0.702164408479486,50.54381505669478,True
17,113,117,4,0.37805229865620205,0.5436837822512038,0.6953532751902587,53.01201003906205,True
17,113,118,5,0.4450193320419307,0.6687876648149803,0.6654119916596324,55.68953176847176,True
17,113,119,6,0.5312026120452321,0.8027025654198031,0.6617676770067628,58.70027774145731,True
17,113,120,7,0.6018298437516706,0.919984315269898,0.6541740264072984,60.98814433096724,True
17,113,121,8,0.648496159586808,0.9979648151651755,0.6498186606703903,62.62133358743474,True
17,113,122,9,0.6872255421339583,1.08161486372529,0.6353699132489924,64.83639893009051,True
17,114,116,2,0.19797758065187587,0.30225090041027325,0.6550107224929438,52.78213680652795,True
17,114,117,3,0.2737720674725172,0.4099498101824445,0.6678185003932003,55.35963526164782,True
17,114,118,4,0.35104961793969064,0.5385022098938869,0.6519000507144916,58.15573045283255,True
17,114,119,5,0.44390066617123314,0.6793170046944584,0.6534514271005033,61.29980665004034,True
17,114,120,6,0.5183364664167511,0.8001184194251239,0.6478246892368383,63.68899090902717,True
17,114,121,7,0.5661785848467761,0.8785056615129255,0.6444791532381557,65.39450559305183,True
17,114,122,8,0.5984756047176184,0.960189267986346,0.6232892041927393,67.7076646179555,True
17,115,117,2,0.1792371305910632,0.256132327088063,0.6997833214916217,57.77967640982111,True
17,115,118,3,0.2729879073242661,0.40032191757859037,0.681920962448112,60.698002634228786,True
17,115,119,4,0.3718233264178743,0.5567815205397274,0.667808310264033,63.97952182097711,True
17,115,120,5,0.44995427836187957,0.6836357905884253,0.6581783525034446,66.47314904079613,True
17,115,121,6,0.4982467710342006,0.7618301338024918,0.6540129471478396,68.25322013572642,True
17,115,122,7,0.5215428560973904,0.8383403285866142,0.6221135239630864,70.66749868564281,True
17,116,118,2,0.19419018940453883,0.2832973688527784,0.6854641474113159,63.70825304632236,True
17,116,119,3,0.2956270916144018,0.45349266779573305,0.6518894628469744,67.15251555336953,True
17,116,120,4,0.3749027652208832,0.5831605215790543,0.6428809073113169,69.76981146145334,True
17,116,121,5,0.42263757960616344,0.6593774125256214,0.6409646002087477,71.63816321661162,True
17,116,122,6,0.4377535318849341,0.7294225017892693,0.6001371369969081,74.17217524513339,True
17,117,119,2,0.216286277129157,0.3429955230337673,0.6305804671038344,70.43175954704613,True
17,117,120,3,0.29532344262081095,0.47222288831716275,0.6253899375213269,73.17686528943817,True
17,117,121,4,0.34219381841295504,0.5465332071093508,0.6261171580457848,75.13645385412906,True
17,117,122,5,0.3530406212813466,0.6130459901977646,0.5758795048434425,77.79420873362162,False
17,118,120,2,0.18080423008375884,0.30503322473462746,0.5927361855124298,76.87287015245289,True
17,118,121,3,0.2285889524292339,0.3789206117390379,0.6032634418595915,78.93143328835501,True
17,118,122,4,0.2493983799615166,0.446639843021302,0.5583881148498921,81.72342560642126,False
17,119,121,2,0.12764499495563714,0.20645629767742885,0.61826641469214,83.1987073588731,True
17,119,122,3,0.15607364476807983,0.28202557902721304,0.5534024442265929,86.14164329886046,False
17,120,122,2,0.09766536725254657,0.16290595848232725,0.5995199203419054,89.49904798673906,True
7,141,143,2,0.12951227242126484,0.14886631980810086,0.8699904222003692,98.7594394113644,False
7,141,144,3,0.15246363292190326,0.18962306689804106,0.8040352654135788,96.55058069410302,False
7,141,145,4,0.1741847052389583,0.21873820013768808,0.7963158932884841,95.46407791699002,False
7,141,146,5,0.1775788570471716,0.2072891012013724,0.8566724252167094,96.81545219780686,False
7,141,147,6,0.1517619326048903,0.17836502151900077,0.8508503030047485,100.75558475891006,False
7,141,148,7,0.15763125129133346,0.1700516673968198,0.926960927254521,102.35286948730611,False
7,141,149,8,0.18952406762351548,0.20189390309961674,0.9387310102673192,106.42960979163986,False
7,141,150,9,0.25174924741154814,0.3087321862795234,0.8154292250682815,109.83248182926998,False
7,141,151,10,0.3390360410838413,0.4567976208510884,0.7422018539679823,112.48737813423108,False
7,141,152,11,0.41546802682706624,0.5676501545619002,0.7319085945598223,117.76910587841614,True
7,141,153,12,0.45990134469915805,0.6365359354351781,0.7225064903597926,121.8796304495362,True
7,141,154,13,0.5177220328924454,0.7283508066663427,0.7108141134106188,127.2499987229609,True
7,142,144,2,0.05588969859729435,0.10256911527635616,0.5448979300124452,92.12156192098513,False
7,142,145,3,0.08349518334087914,0.13483587319089882,0.6192356779020356,91.08489976795003,True
7,142,146,4,0.07615482103862395,0.1226872967194955,0.620722952374927,92.37428310043474,True
7,142,148,6,0.06627823055543354,0.08574204982897707,0.772995638518481,97.65768508569172,False
7,142,149,7,0.13116389603825934,0.14214713720907507,0.9227332932167238,101.54741502497933,False
7,142,150,8,0.20964444347494945,0.2686146456653782,0.7804654245699999,104.79418873540278,False
7,142,151,9,0.2980615952918464,0.4210618693600224,0.7078807581053925,107.32729824746403,True
7,142,152,10,0.3811326088047508,0.5357438815136961,0.7114082343374505,112.36673981205988,True
7,142,153,11,0.43605899372570966,0.614176795158876,0.7099893665193088,116.28870424856477,True
7,142,154,12,0.5052764635433327,0.7170185815685773,0.7046908916055851,121.41272017764767,True
7,143,145,2,0.06396327450081563,0.0777707388873792,0.8224593904584301,89.88204815197601,False
7,143,146,3,0.07186834942709944,0.06733733787252114,1.0672882489527005,91.15440410858348,False
7,143,149,6,0.10888945410552794,0.14817682411907773,0.7348615733457905,100.2063972210188,False
7,143,150,7,0.18697458761526495,0.27949586931138026,0.668970844098453,103.4102945928369,True
7,143,151,8,0.27498741833921164,0.4298018704336612,0.6398004226034545,105.9099522937002,True
7,143,152,9,0.360106513179122,0.5450874053996246,0.6606399443683972,110.88284385445321,True
7,143,153,10,0.4152968477006986,0.6289471743007977,0.6603048152054825,114.75301549904351,True
7,143,154,11,0.4850977527832269,0.7377583814086622,0.6575293009304621,119.80936454968361,True
7,144,148,4,0.06685015741279027,0.09027839734543339,0.7404889694375129,94.2126619612056,False
7,144,149,5,0.14138667869336452,0.17186125711098987,0.8226791836048043,97.96517577073246,False
7,144,150,6,0.21969021147815745,0.3013070855151372,0.7291239470939045,101.09741460863086,True
7,144,151,7,0.3051523670948093,0.44808832620862216,0.681009410972103,103.54116483638948,True
7,144,152,8,0.39073990239461415,0.5630024099477887,0.6940288273914321,108.40283244792373,True
7,144,153,9,0.4480966427302813,0.649900962656208,0.6894845037601838,112.18644363383378,True
7,144,154,10,0.519914885029227,0.7620554644122747,0.6822533389091364,117.12970212073037,True
7,145,147,2,0.06589432813771443,0.0621890082637697,1.059581588087543,91.69876190932237,False
7,145,148,3,0.08684217059322087,0.11712631273211786,0.7414403182984125,93.15246824590969,False
7,145,149,4,0.15785514910887954,0.19823657807450554,0.796296781563446,96.86275427549059,False
7,145,150,5,0.2335980611994017,0.32592512452019307,0.7167230864551802,99.95974541035609,True
7,145,151,6,0.3168888683120123,0.4700231002143321,0.6741984982600002,102.37599563355813,True
7,145,152,7,0.4029895935549479,0.5845964142495231,0.6893466735889693,107.18295393808087,True
7,145,153,8,0.4606658146449312,0.6730214857917717,0.684474157764791,110.92398739911911,True
7,145,154,9,0.5328573785438211,0.7868471054428129,0.6772057428411656,115.81161842074943,True
7,146,148,2,0.08277418055558498,0.10180491124364746,0.81306667374311,94.47111974843185,False
7,146,149,3,0.1589736051882104,0.18387369087538658,0.8645804869166887,98.23392799604757,False
7,146,150,4,0.23679662601568774,0.31287518639364265,0.7568405431735421,101.37475964410815,False
7,146,151,5,0.31912074350782516,0.45802316905565293,0.6967349362823386,103.82521392059286,True
7,146,152,6,0.40392618608719244,0.5731110793289459,0.7047956332656288,108.70021876118898,True
7,146,153,7,0.4636712547286373,0.6607389088339034,0.7017465575728566,112.49420969600409,True
7,146,154,8,0.5379100647287521,0.7737073571160651,0.6952371071328192,117.45102924384106,True
7,147,149,2,0.10991130765828375,0.14033522896773035,0.783205389457536,102.23178876636644,False
7,147,150,3,0.18929457973375405,0.27154180118169485,0.6971102751398953,105.5004439463585,True
7,147,151,4,0.2742404259886925,0.41933682699497493,0.6539860282578492,108.05062522369988,True
7,147,152,5,0.3585571258860871,0.5350115112305933,0.6701858153693945,113.12402985350242,True
7,147,153,6,0.41692285334604784,0.6208473017883678,0.6715384799854812,117.07242617381584,True
7,147,154,7,0.4899342825049069,0.7320096908707173,0.6693002683094749,122.23097515281884,True
7,148,150,2,0.15643920270087036,0.21621604405229844,0.7235318886096666,107.17294923088188,True
7,148,151,3,0.24187044613450573,0.3657570723979062,0.6612871339679126,109.76355869509437,True
7,148,152,4,0.32652738657963615,0.4817108637006665,0.6778493307606597,114.91739233293202,True
7,148,153,5,0.38442254136211623,0.5660271813502268,0.6791591535323398,118.92838283260714,True
7,148,154,6,0.45724050388877957,0.6759771271382506,0.6764141648172437,124.16871061845804,True
7,149,151,2,0.1673237940730493,0.28430378575730064,0.5885387478304185,114.13546859777561,True
7,149,152,3,0.25166830688412767,0.40029308115573287,0.6287101094965387,119.49458071406188,True
7,149,153,4,0.3079594076007393,0.4829473325398804,0.6376666498625063,123.66532996512554,True
7,149,154,5,0.38011763695368583,0.5921440339165898,0.6419344199746336,129.1143813129001,True
7,150,152,2,0.17377289440440236,0.2680435973492915,0.6483008589754016,123.31517883667341,True
7,150,153,3,0.22860549213946404,0.34994457219572156,0.6532620029082965,127.61927938001556,True
7,150,154,4,0.30114474338554237,0.46100527961177246,0.6532349122750745,133.24255315047168,True
7,151,153,2,0.14591438769558004,0.2039474966013904,0.7154507416228089,130.70412229374008,True
7,151,154,3,0.22435951346592825,0.32400186890033067,0.6924636398777861,136.46332314611516,True
7,152,154,2,0.14994496574512134,0.22488425619118596,0.6667650652149042,142.87081643006778,True
