observer_type,observer_id,camera_name,frame_id,image_path,marker_id,marker_length_m,fx,fy,cx,cy,pnp_success,rvec_x,rvec_y,rvec_z,tvec_x_m,tvec_y_m,tvec_z_m,distance_m,center_u,center_v,area_px2,corner0_u,corner0_v,corner1_u,corner1_v,corner2_u,corner2_v,corner3_u,corner3_v
moving,moving_frame_000000,moving_calib_camera,0,results/bus_real_data/ablation/moving_cam/res/moving_res_320x180_low/raw_images/moving/frame_0000.png,1,0.17,232.36677393234524,232.36677393234524,160.0,90.0,True,1.9824523555891447,-0.16412646288349644,0.12201051341071013,0.24987321358527143,-0.13247248026078828,1.9067205572586345,1.9275810915151024,190.5,74.0,146.0,178.0,71.0,197.0,70.0,204.0,77.0,183.0,78.0
moving,moving_frame_000005,moving_calib_camera,5,results/bus_real_data/ablation/moving_cam/res/moving_res_320x180_low/raw_images/moving/frame_0005.png,1,0.17,232.36677393234524,232.36677393234524,160.0,90.0,True,1.9103675724387184,-0.10384253255120521,0.08809269552913632,0.2825774306083406,-0.13621918058323418,1.9342607528163511,1.9595331916897087,194.0,73.75,112.5,182.0,71.0,201.0,71.0,207.0,76.0,186.0,77.0
moving,moving_frame_000006,moving_calib_camera,6,results/bus_real_data/ablation/moving_cam/res/moving_res_320x180_low/raw_images/moving/frame_0006.png,1,0.17,232.36677393234524,232.36677393234524,160.0,90.0,True,1.9824523555891447,-0.16412646288349644,0.12201051341071013,0.24987321358527143,-0.13247248026078828,1.9067205572586345,1.9275810915151024,190.5,74.0,146.0,178.0,71.0,197.0,70.0,204.0,77.0,183.0,78.0
moving,moving_frame_000007,moving_calib_camera,7,results/bus_real_data/ablation/moving_cam/res/moving_res_320x180_low/raw_images/moving/frame_0007.png,2,0.17,232.36677393234524,232.36677393234524,160.0,90.0,True,2.9850004877293013,-0.16019883364384707,0.7600155140725562,-0.02817455681611812,-0.06499170910705944,3.013019920475871,3.0138524796494046,157.75,85.0,151.0,151.0,79.0,163.0,78.0,164.0,91.0,153.0,92.0
moving,moving_frame_000008,moving_calib_camera,8,results/bus_real_data/ablation/moving_cam/res/moving_res_320x180_low/raw_images/moving/frame_0008.png,2,0.17,232.36677393234524,232.36677393234524,160.0,90.0,True,-2.941754416394416,0.15244327139288702,-0.5077624838238406,-0.09990363480391888,-0.0701607002034523,3.1182599629431142,3.12064872367815,152.5,84.75,151.5,146.0,79.0,158.0,78.0,159.0,90.0,147.0,92.0
moving,moving_frame_000008,moving_calib_camera,8,results/bus_real_data/ablation/moving_cam/res/moving_res_320x180_low/raw_images/moving/frame_0008.png,1,0.17,232.36677393234524,232.36677393234524,160.0,90.0,True,1.9784215536724659,-0.22714895519385342,0.13513919333630184,0.18178859687614227,-0.10239716851939276,1.6766809612977056,1.6896127722212517,185.25,76.0,195.0,171.0,73.0,192.0,71.0,201.0,79.0,177.0,81.0
moving,moving_frame_000009,moving_calib_camera,9,results/bus_real_data/ablation/moving_cam/res/moving_res_320x180_low/raw_images/moving/frame_0009.png,2,0.17,232.36677393234524,232.36677393234524,160.0,90.0,True,3.1020431162822235,-0.17563608928189922,0.18158845787050837,-0.15894935888876063,-0.07189971689644477,2.9020213741696295,2.9072603124106933,147.25,84.25,184.5,140.0,78.0,153.0,77.0,155.0,90.0,141.0,92.0
moving,moving_frame_000009,moving_calib_camera,9,results/bus_real_data/ablation/moving_cam/res/moving_res_320x180_low/raw_images/moving/frame_0009.png,1,0.17,232.36677393234524,232.36677393234524,160.0,90.0,True,2.0039294933187235,-0.26651573208474394,0.17640365996647497,0.1596371059916771,-0.08329083634367829,1.549180681238891,1.559609615305068,184.0,77.75,250.5,168.0,74.0,191.0,72.0,201.0,81.0,176.0,84.0
moving,moving_frame_000010,moving_calib_camera,10,results/bus_real_data/ablation/moving_cam/res/moving_res_320x180_low/raw_images/moving/frame_0010.png,2,0.17,232.36677393234524,232.36677393234524,160.0,90.0,True,2.886448603687817,-0.16334420013121168,-0.2879667223184862,-0.20466882794771019,-0.05888889690905027,2.710866468985632,2.719219418138831,142.5,85.0,198.0,135.0,79.0,149.0,77.0,150.0,91.0,136.0,93.0
moving,moving_frame_000010,moving_calib_camera,10,results/bus_real_data/ablation/moving_cam/res/moving_res_320x180_low/raw_images/moving/frame_0010.png,1,0.17,232.36677393234524,232.36677393234524,160.0,90.0,True,1.9826462455102465,-0.2796568239160955,0.17082052177654028,0.14389291407173635,-0.060082970984873876,1.427111149720897,1.435604878711453,183.5,80.5,290.0,166.0,77.0,191.0,74.0,202.0,84.0,175.0,87.0
moving,moving_frame_000011,moving_calib_camera,11,results/bus_real_data/ablation/moving_cam/res/moving_res_320x180_low/raw_images/moving/frame_0011.png,2,0.17,232.36677393234524,232.36677393234524,160.0,90.0,True,-3.084526175883726,0.20459196594713516,0.4403090376725393,-0.2478654711249049,-0.050449832768682285,2.610420021753939,2.6226465959744165,138.0,85.5,214.0,130.0,79.0,144.0,77.0,146.0,92.0,132.0,94.0
moving,moving_frame_000011,moving_calib_camera,11,results/bus_real_data/ablation/moving_cam/res/moving_res_320x180_low/raw_images/moving/frame_0011.png,1,0.17,232.36677393234524,232.36677393234524,160.0,90.0,True,2.023169101202393,-0.33163512072704715,0.2036776888758335,0.1414008212856206,-0.03679686081020252,1.345311790590247,1.3532228253790541,184.5,84.0,372.0,166.0,80.0,191.0,76.0,205.0,88.0,176.0,92.0
moving,moving_frame_000011,moving_calib_camera,11,results/bus_real_data/ablation/moving_cam/res/moving_res_320x180_low/raw_images/moving/frame_0011.png,6,0.17,232.36677393234524,232.36677393234524,160.0,90.0,True,-3.111532425534429,0.19769100688337876,-0.3109847742143899,-2.4723083856992063,-1.6201632981690248,5.247032311013599,6.022340569874245,50.5,18.25,60.5,46.0,15.0,54.0,14.0,55.0,22.0,47.0,22.0
moving,moving_frame_000012,moving_calib_camera,12,results/bus_real_data/ablation/moving_cam/res/moving_res_320x180_low/raw_images/moving/frame_0012.png,1,0.17,232.36677393234524,232.36677393234524,160.0,90.0,True,2.0320302947358155,-0.35530542791184266,0.2226325432995833,0.14285228470510938,-0.007715273099935678,1.2337511117737003,1.242017756107906,187.0,89.0,476.0,166.0,84.0,194.0,80.0,209.0,93.0,179.0,99.0
moving,moving_frame_000012,moving_calib_camera,12,results/bus_real_data/ablation/moving_cam/res/moving_res_320x180_low/raw_images/moving/frame_0012.png,2,0.17,232.36677393234524,232.36677393234524,160.0,90.0,True,-3.134347558111372,0.20803595465154062,9.197289663696345e-07,-0.2976987827901819,-0.039318705775146574,2.6103888520501344,2.627603563098172,133.5,86.5,229.0,125.0,80.0,140.0,78.0,142.0,93.0,127.0,95.0
moving,moving_frame_000012,moving_calib_camera,12,results/bus_real_data/ablation/moving_cam/res/moving_res_320x180_low/raw_images/moving/frame_0012.png,7,0.17,232.36677393234524,232.36677393234524,160.0,90.0,True,-2.594625251194226,0.24067077276751409,-1.1088824331860054,-3.0423144854934376,-1.5213019182048355,4.86061895578788,5.9325924846007565,14.5,17.25,77.5,9.0,13.0,18.0,13.0,20.0,21.0,11.0,22.0
moving,moving_frame_000013,moving_calib_camera,13,results/bus_real_data/ablation/moving_cam/res/moving_res_320x180_low/raw_images/moving/frame_0013.png,1,0.17,232.36677393234524,232.36677393234524,160.0,90.0,True,2.030449863397222,-0.3972703094810632,0.22674414348453295,0.15150059934733776,0.02079375999049262,1.1498510144720702,1.159975071947494,190.75,94.75,580.0,168.0,90.0,197.0,84.0,215.0,99.0,183.0,106.0
moving,moving_frame_000013,moving_calib_camera,13,results/bus_real_data/ablation/moving_cam/res/moving_res_320x180_low/raw_images/moving/frame_0013.png,2,0.17,232.36677393234524,232.36677393234524,160.0,90.0,True,-2.8414801154055693,0.18078454891227796,-0.368770110848236,-0.31458870034220443,-0.02296438479094222,2.442736607331558,2.4630175691922123,130.0,87.75,253.0,121.0,81.0,137.0,79.0,139.0,94.0,123.0,97.0
moving,moving_frame_000014,moving_calib_camera,14,results/bus_real_data/ablation/moving_cam/res/moving_res_320x180_low/raw_images/moving/frame_0014.png,1,0.17,232.36677393234524,232.36677393234524,160.0,90.0,True,2.024346780980128,-0.4863085598836119,0.30164486876165597,0.08928703000651673,0.028203871138935823,1.111034751436465,1.1149734754576424,178.75,96.5,636.0,155.0,92.0,184.0,85.0,204.0,100.0,172.0,109.0
moving,moving_frame_000014,moving_calib_camera,14,results/bus_real_data/ablation/moving_cam/res/moving_res_320x180_low/raw_images/moving/frame_0014.png,2,0.17,232.36677393234524,232.36677393234524,160.0,90.0,True,2.920835014400867,-0.3428572964712781,-0.14540850222633764,-0.4614240928254205,-0.000547525449957894,2.35478977813533,2.3995723353203,114.5,90.0,268.0,105.0,84.0,121.0,80.0,124.0,96.0,108.0,100.0
moving,moving_frame_000015,moving_calib_camera,15,results/bus_real_data/ablation/moving_cam/res/moving_res_320x180_low/raw_images/moving/frame_0015.png,1,0.17,232.36677393234524,232.36677393234524,160.0,90.0,True,2.0202906765741324,-0.580860497477773,0.34294390066577396,0.03526661645239264,0.03712583093697269,1.0971151565908945,1.0983094866112302,167.5,98.5,680.0,143.0,95.0,172.0,86.0,193.0,101.0,162.0,112.0
moving,moving_frame_000015,moving_calib_camera,15,results/bus_real_data/ablation/moving_cam/res/moving_res_320x180_low/raw_images/moving/frame_0015.png,2,0.17,232.36677393234524,232.36677393234524,160.0,90.0,True,-3.1014514372403563,0.36623128813060496,0.2600442066539857,-0.5938883974450782,0.02440401268144775,2.260420299469399,2.3372631248338656,99.0,92.5,288.0,89.0,86.0,105.0,82.0,109.0,99.0,93.0,103.0
moving,moving_frame_000016,moving_calib_camera,16,results/bus_real_data/ablation/moving_cam/res/moving_res_320x180_low/raw_images/moving/frame_0016.png,1,0.17,232.36677393234524,232.36677393234524,160.0,90.0,True,2.0225782867306408,-0.6450986806675016,0.38536284398676884,-0.01381332289707737,0.049051470593007684,1.0787493933510084,1.0799523639086885,157.0,101.25,736.5,132.0,98.0,161.0,88.0,183.0,103.0,152.0,116.0
moving,moving_frame_000016,moving_calib_camera,16,results/bus_real_data/ablation/moving_cam/res/moving_res_320x180_low/raw_images/moving/frame_0016.png,2,0.17,232.36677393234524,232.36677393234524,160.0,90.0,True,-2.8489253069447926,0.35708012634568015,-0.8478926964184785,-0.7313548239672066,0.05748785938113707,2.2197767117102543,2.3378608560749545,83.25,96.0,320.0,72.0,90.0,90.0,85.0,94.0,102.0,77.0,107.0
moving,moving_frame_000017,moving_calib_camera,17,results/bus_real_data/ablation/moving_cam/res/moving_res_320x180_low/raw_images/moving/frame_0017.png,1,0.17,232.36677393234524,232.36677393234524,160.0,90.0,True,2.0192712311175267,-0.7311414846716664,0.42590798914950456,-0.060474935183607324,0.06206183194228511,1.0663004619905432,1.0698156682395055,146.75,104.25,790.5,121.0,102.0,150.0,90.0,173.0,105.0,143.0,120.0
moving,moving_frame_000017,moving_calib_camera,17,results/bus_real_data/ablation/moving_cam/res/moving_res_320x180_low/raw_images/moving/frame_0017.png,2,0.17,232.36677393234524,232.36677393234524,160.0,90.0,True,3.068400303291944,-0.5197440570038672,0.2747702021956001,-0.8772828095982779,0.0989600240988387,2.1934284500386503,2.3644336699990647,67.0,100.5,342.0,55.0,95.0,73.0,89.0,79.0,106.0,61.0,112.0
moving,moving_frame_000017,moving_calib_camera,17,results/bus_real_data/ablation/moving_cam/res/moving_res_320x180_low/raw_images/moving/frame_0017.png,5,0.17,232.36677393234524,232.36677393234524,160.0,90.0,True,-2.9360356645030654,0.5549379564608947,-0.952895267206139,-2.575853115704993,-1.2474953081300983,4.47692493430871,5.313578896085836,26.25,25.25,86.0,20.0,22.0,29.0,20.0,33.0,29.0,23.0,30.0
moving,moving_frame_000018,moving_calib_camera,18,results/bus_real_data/ablation/moving_cam/res/moving_res_320x180_low/raw_images/moving/frame_0018.png,1,0.17,232.36677393234524,232.36677393234524,160.0,90.0,True,1.9617559912151148,-0.7966547521491959,0.4443148142142934,-0.09868528760584448,0.07388454601461078,1.012875079683027,1.020349763156013,137.25,107.75,852.5,110.0,107.0,140.0,93.0,165.0,107.0,134.0,124.0
moving,moving_frame_000018,moving_calib_camera,18,results/bus_real_data/ablation/moving_cam/res/moving_res_320x180_low/raw_images/moving/frame_0018.png,2,0.17,232.36677393234524,232.36677393234524,160.0,90.0,True,-2.8498314743485555,0.5219616901411963,-0.8274515436313127,-0.9721897678286422,0.13600603568044506,2.0721627894209176,2.292925906407117,50.75,105.25,397.5,37.0,100.0,57.0,93.0,64.0,110.0,45.0,118.0
moving,moving_frame_000019,moving_calib_camera,19,results/bus_real_data/ablation/moving_cam/res/moving_res_320x180_low/raw_images/moving/frame_0019.png,1,0.17,232.36677393234524,232.36677393234524,160.0,90.0,True,1.9343054099427128,-0.9372906409437869,0.5786206500016774,-0.13300409838678862,0.08765821837018965,0.9874119587461347,1.0001781989777605,128.5,111.5,942.0,100.0,112.0,128.0,96.0,157.0,109.0,129.0,129.0
moving,moving_frame_000019,moving_calib_camera,19,results/bus_real_data/ablation/moving_cam/res/moving_res_320x180_low/raw_images/moving/frame_0019.png,2,0.17,232.36677393234524,232.36677393234524,160.0,90.0,True,-2.7206076732223368,0.5356243497063543,-1.0610601615957995,-1.0634645892212127,0.181496363114677,1.9624267173690348,2.2394232479357497,33.75,111.5,445.5,19.0,107.0,40.0,98.0,48.0,116.0,28.0,125.0
moving,moving_frame_000020,moving_calib_camera,20,results/bus_real_data/ablation/moving_cam/res/moving_res_320x180_low/raw_images/moving/frame_0020.png,1,0.17,232.36677393234524,232.36677393234524,160.0,90.0,True,1.90685618767136,-0.9929995825260064,0.5787232908352637,-0.15912114536517627,0.10039819995862913,0.9418554577798148,0.9604639716339614,120.5,115.75,1056.0,90.0,118.0,120.0,99.0,150.0,112.0,122.0,134.0
moving,moving_frame_000021,moving_calib_camera,21,results/bus_real_data/ablation/moving_cam/res/moving_res_320x180_low/raw_images/moving/frame_0021.png,1,0.17,232.36677393234524,232.36677393234524,160.0,90.0,True,1.8812673948212058,-1.0799647791634184,0.6455121031283769,-0.18533721989872465,0.11558035396178655,0.9129100755468811,0.9386764668067119,112.5,120.5,1174.0,81.0,124.0,110.0,103.0,143.0,115.0,116.0,140.0
moving,moving_frame_000022,moving_calib_camera,22,results/bus_real_data/ablation/moving_cam/res/moving_res_320x180_low/raw_images/moving/frame_0022.png,1,0.17,232.36677393234524,232.36677393234524,160.0,90.0,True,1.8330969798613108,-1.160441258761972,0.6848804925094295,-0.20321312253075954,0.12720201467554423,0.8806814700056546,0.9127298490339513,106.0,124.75,1281.0,73.0,130.0,102.0,107.0,137.0,117.0,112.0,145.0
moving,moving_frame_000023,moving_calib_camera,23,results/bus_real_data/ablation/moving_cam/res/moving_res_320x180_low/raw_images/moving/frame_0023.png,1,0.17,232.36677393234524,232.36677393234524,160.0,90.0,True,1.8043155513908997,-1.2442160081253084,0.7221080611286465,-0.22229680180995257,0.1420658070157924,0.8636004046056761,0.9029973535138789,99.75,129.5,1386.5,66.0,137.0,94.0,111.0,131.0,120.0,108.0,150.0
moving,moving_frame_000024,moving_calib_camera,24,results/bus_real_data/ablation/moving_cam/res/moving_res_320x180_low/raw_images/moving/frame_0024.png,1,0.17,232.36677393234524,232.36677393234524,160.0,90.0,True,1.7826509088317162,-1.3155061786453706,0.7559149702926203,-0.23177247755118602,0.15421930856840688,0.8318647145548292,0.8772120495107897,94.75,134.5,1562.5,60.0,144.0,87.0,115.0,127.0,123.0,105.0,156.0
moving,moving_frame_000025,moving_calib_camera,25,results/bus_real_data/ablation/moving_cam/res/moving_res_320x180_low/raw_images/moving/frame_0025.png,1,0.17,232.36677393234524,232.36677393234524,160.0,90.0,True,1.7440433641699193,-1.4057187187307427,0.7818980911833343,-0.24270780927006727,0.16625228257319236,0.8177821167483192,0.8690883111714446,90.5,138.75,1672.5,55.0,151.0,81.0,119.0,122.0,125.0,104.0,160.0
moving,moving_frame_000026,moving_calib_camera,26,results/bus_real_data/ablation/moving_cam/res/moving_res_320x180_low/raw_images/moving/frame_0026.png,1,0.17,232.36677393234524,232.36677393234524,160.0,90.0,True,1.7129780905850467,-1.4833606691341992,0.8083634299387148,-0.24621026973203194,0.17540299755727654,0.7901096729923158,0.8459663136494396,87.0,143.25,1862.0,51.0,158.0,75.0,123.0,119.0,127.0,103.0,165.0
moving,moving_frame_000027,moving_calib_camera,27,results/bus_real_data/ablation/moving_cam/res/moving_res_320x180_low/raw_images/moving/frame_0027.png,1,0.17,232.36677393234524,232.36677393234524,160.0,90.0,True,1.6627139548034013,-1.5560534233418626,0.8356989215375035,-0.24918284954271233,0.18400341229646072,0.770822825623102,0.8307329154093693,84.25,147.25,1988.0,48.0,165.0,70.0,127.0,116.0,129.0,103.0,168.0
moving,moving_frame_000028,moving_calib_camera,28,results/bus_real_data/ablation/moving_cam/res/moving_res_320x180_low/raw_images/moving/frame_0028.png,1,0.17,232.36677393234524,232.36677393234524,160.0,90.0,True,1.6166224489007872,-1.6478783766792264,0.8540353496235427,-0.2502258386280534,0.19114702978021253,0.7517341611437195,0.8150180405005535,82.0,151.0,2159.0,46.0,172.0,65.0,131.0,113.0,130.0,104.0,171.0
moving,moving_frame_000039,moving_calib_camera,39,results/bus_real_data/ablation/moving_cam/res/moving_res_320x180_low/raw_images/moving/frame_0039.png,1,0.17,232.36677393234524,232.36677393234524,160.0,90.0,True,0.8771846136275634,-2.4453476287743814,1.2251463405810978,-0.2803706361434179,0.1631464777672434,0.7490040993609635,0.8162301193161464,72.25,142.5,2236.5,65.0,174.0,34.0,143.0,79.0,115.0,111.0,138.0
moving,moving_frame_000040,moving_calib_camera,40,results/bus_real_data/ablation/moving_cam/res/moving_res_320x180_low/raw_images/moving/frame_0040.png,1,0.17,232.36677393234524,232.36677393234524,160.0,90.0,True,0.7791560545018933,-2.4953454133560773,1.2296141555354776,-0.29537099965293806,0.1527353805945413,0.7562302182537084,0.8261091132056265,68.5,138.75,2149.5,64.0,169.0,30.0,142.0,73.0,112.0,107.0,132.0
moving,moving_frame_000041,moving_calib_camera,41,results/bus_real_data/ablation/moving_cam/res/moving_res_320x180_low/raw_images/moving/frame_0041.png,1,0.17,232.36677393234524,232.36677393234524,160.0,90.0,True,0.7048206763848239,-2.5587371215878894,1.2535078123291759,-0.3202497089651863,0.14403368718886925,0.7772044806313837,0.8528495669524647,63.5,134.75,2026.0,62.0,163.0,25.0,140.0,66.0,109.0,101.0,127.0
moving,moving_frame_000042,moving_calib_camera,42,results/bus_real_data/ablation/moving_cam/res/moving_res_320x180_low/raw_images/moving/frame_0042.png,1,0.17,232.36677393234524,232.36677393234524,160.0,90.0,True,0.5582936911065798,-2.598637589432201,1.2913535944080279,-0.3374872391099188,0.13010417008927525,0.7691549022304132,0.8499552901545651,57.25,131.0,1982.5,59.0,158.0,18.0,139.0,57.0,107.0,95.0,120.0
moving,moving_frame_000043,moving_calib_camera,43,results/bus_real_data/ablation/moving_cam/res/moving_res_320x180_low/raw_images/moving/frame_0043.png,1,0.17,232.36677393234524,232.36677393234524,160.0,90.0,True,0.4833658180960146,-2.6630876897308218,1.262824423304815,-0.36913318916982785,0.121348015383112,0.7905327661301892,0.8808670197649339,50.75,127.25,1903.5,55.0,153.0,12.0,137.0,49.0,104.0,87.0,115.0
moving,moving_frame_000044,moving_calib_camera,44,results/bus_real_data/ablation/moving_cam/res/moving_res_320x180_low/raw_images/moving/frame_0044.png,1,0.17,232.36677393234524,232.36677393234524,160.0,90.0,True,0.3866891585830303,-2.7060200450005167,1.28999006903631,-0.3986959114279137,0.11201226117230745,0.7956159952110795,0.8969448078215205,42.75,124.25,1850.0,49.0,148.0,4.0,136.0,39.0,102.0,79.0,111.0
moving,moving_frame_000046,moving_calib_camera,46,results/bus_real_data/ablation/moving_cam/res/moving_res_320x180_low/raw_images/moving/frame_0046.png,0,0.17,232.36677393234524,232.36677393234524,160.0,90.0,True,-2.867025150021427,-0.0904769601922093,0.1771666435386609,0.5776788227448219,0.3442684581963184,1.2307192408872654,1.4024633483434925,269.25,154.75,974.0,255.0,139.0,289.0,142.0,283.0,171.0,250.0,167.0
moving,moving_frame_000047,moving_calib_camera,47,results/bus_real_data/ablation/moving_cam/res/moving_res_320x180_low/raw_images/moving/frame_0047.png,0,0.17,232.36677393234524,232.36677393234524,160.0,90.0,True,-2.8741929138815623,-0.017310288897950207,0.022663336955233582,0.5195664363036052,0.28575344131971553,1.3022888003051563,1.4309299180461394,252.75,140.75,840.5,239.0,127.0,270.0,127.0,266.0,155.0,236.0,154.0
moving,moving_frame_000048,moving_calib_camera,48,results/bus_real_data/ablation/moving_cam/res/moving_res_320x180_low/raw_images/moving/frame_0048.png,0,0.17,232.36677393234524,232.36677393234524,160.0,90.0,True,-2.8273028628942294,0.03110119825732624,-0.06131612251298498,0.44871231208381734,0.2279927993885844,1.3672329498353768,1.4569314996609122,236.25,128.5,738.5,223.0,116.0,252.0,115.0,249.0,141.0,221.0,142.0
moving,moving_frame_000049,moving_calib_camera,49,results/bus_real_data/ablation/moving_cam/res/moving_res_320x180_low/raw_images/moving/frame_0049.png,0,0.17,232.36677393234524,232.36677393234524,160.0,90.0,True,-2.919956174266666,0.07332718501195706,-0.15593640198114872,0.3743855456057167,0.17476878422551895,1.4421073788272052,1.5001274468411103,220.25,118.0,688.0,207.0,106.0,234.0,104.0,233.0,130.0,207.0,132.0
moving,moving_frame_000050,moving_calib_camera,50,results/bus_real_data/ablation/moving_cam/res/moving_res_320x180_low/raw_images/moving/frame_0050.png,0,0.17,232.36677393234524,232.36677393234524,160.0,90.0,True,-2.7728981482848476,0.16338208262173254,-0.21360567304935055,0.28325414944052674,0.12282057562337012,1.4841400519106747,1.5159121018901962,204.25,109.0,614.0,191.0,99.0,217.0,95.0,217.0,119.0,192.0,123.0
moving,moving_frame_000051,moving_calib_camera,51,results/bus_real_data/ablation/moving_cam/res/moving_res_320x180_low/raw_images/moving/frame_0051.png,0,0.17,232.36677393234524,232.36677393234524,160.0,90.0,True,-2.823944185914308,0.21890547096063265,-0.3514067673205412,0.1860359509126991,0.07708588589362382,1.5350687014984232,1.5482207617636614,188.0,101.5,586.0,175.0,92.0,199.0,87.0,201.0,111.0,177.0,116.0
moving,moving_frame_000052,moving_calib_camera,52,results/bus_real_data/ablation/moving_cam/res/moving_res_320x180_low/raw_images/moving/frame_0052.png,0,0.17,232.36677393234524,232.36677393234524,160.0,90.0,True,-2.833784311351994,0.26055006323650276,-0.44075459903818964,0.08321999625426732,0.036777165749769206,1.5862554602675007,1.5888626475959484,172.0,95.25,557.0,159.0,86.0,182.0,81.0,185.0,104.0,162.0,110.0
moving,moving_frame_000053,moving_calib_camera,53,results/bus_real_data/ablation/moving_cam/res/moving_res_320x180_low/raw_images/moving/frame_0053.png,0,0.17,232.36677393234524,232.36677393234524,160.0,90.0,True,-2.818570171294877,0.3164178944440113,-0.6414025821588945,-0.02563251994945965,0.01269619557076258,1.5932901115258766,1.5935468612334784,156.0,91.75,543.0,143.0,83.0,165.0,77.0,169.0,100.0,147.0,107.0
moving,moving_frame_000054,moving_calib_camera,54,results/bus_real_data/ablation/moving_cam/res/moving_res_320x180_low/raw_images/moving/frame_0054.png,0,0.17,232.36677393234524,232.36677393234524,160.0,90.0,True,-2.7644286236143354,0.3552886086622468,-0.5507531819240881,-0.14128272953622553,-0.0026481316321426856,1.6605452736312796,1.6665468574407167,140.0,89.5,519.0,126.0,82.0,149.0,75.0,153.0,97.0,132.0,104.0
moving,moving_frame_000055,moving_calib_camera,55,results/bus_real_data/ablation/moving_cam/res/moving_res_320x180_low/raw_images/moving/frame_0055.png,0,0.17,232.36677393234524,232.36677393234524,160.0,90.0,True,-2.650205316701003,0.4007784963545515,-0.6564354155810325,-0.2551357159722911,-0.014782761831953296,1.6371103517587113,1.6569378586560226,123.5,87.75,524.0,109.0,81.0,132.0,73.0,137.0,94.0,116.0,103.0
moving,moving_frame_000056,moving_calib_camera,56,results/bus_real_data/ablation/moving_cam/res/moving_res_320x180_low/raw_images/moving/frame_0056.png,0,0.17,232.36677393234524,232.36677393234524,160.0,90.0,True,-2.6593659397532754,0.4773198920880768,-0.7915677506265268,-0.3751086404883133,-0.01874285136784592,1.6471687799246317,1.6894445170542856,106.75,87.25,533.5,92.0,81.0,114.0,72.0,121.0,93.0,100.0,103.0
moving,moving_frame_000057,moving_calib_camera,57,results/bus_real_data/ablation/moving_cam/res/moving_res_320x180_low/raw_images/moving/frame_0057.png,0,0.17,232.36677393234524,232.36677393234524,160.0,90.0,True,-2.6008286245028156,0.5145699588934466,-0.9310432681561255,-0.4923493128571664,-0.015127777510789645,1.6261177214286622,1.6990866780325493,89.25,87.75,551.5,74.0,82.0,96.0,72.0,104.0,93.0,83.0,104.0
moving,moving_frame_000058,moving_calib_camera,58,results/bus_real_data/ablation/moving_cam/res/moving_res_320x180_low/raw_images/moving/frame_0058.png,0,0.17,232.36677393234524,232.36677393234524,160.0,90.0,True,-2.607279579451907,0.6063210390720962,-1.046068028149606,-0.6138220255133896,-0.004923788316821064,1.615188023530515,1.7278987453126877,71.25,89.25,583.0,55.0,84.0,77.0,73.0,87.0,94.0,66.0,106.0
moving,moving_frame_000059,moving_calib_camera,59,results/bus_real_data/ablation/moving_cam/res/moving_res_320x180_low/raw_images/moving/frame_0059.png,0,0.17,232.36677393234524,232.36677393234524,160.0,90.0,True,3.003962895126257,-0.8003610029043479,0.14464779009307743,-0.757926136168606,0.010301080248669672,1.6315323870654648,1.7990153057117928,52.0,91.5,606.0,35.0,87.0,57.0,75.0,69.0,96.0,47.0,108.0
moving,moving_frame_000060,moving_calib_camera,60,results/bus_real_data/ablation/moving_cam/res/moving_res_320x180_low/raw_images/moving/frame_0060.png,0,0.17,232.36677393234524,232.36677393234524,160.0,90.0,True,-2.570224193373334,0.7096205658581783,-1.0571250365258282,-0.8804859850845279,0.0398535201525125,1.6048006411952485,1.8309093289891498,32.0,95.75,660.5,13.0,92.0,37.0,79.0,50.0,99.0,28.0,113.0
moving,moving_frame_000068,moving_calib_camera,68,results/bus_real_data/ablation/moving_cam/res/moving_res_320x180_low/raw_images/moving/frame_0068.png,3,0.17,232.36677393234524,232.36677393234524,160.0,90.0,True,-2.41166372754538,0.032343803186548135,-0.0005273520695050226,1.0116220747864053,0.28018818185588734,1.8897454495912476,2.161717489335201,284.5,124.25,280.0,277.0,118.0,299.0,117.0,291.0,131.0,271.0,131.0
moving,moving_frame_000069,moving_calib_camera,69,results/bus_real_data/ablation/moving_cam/res/moving_res_320x180_low/raw_images/moving/frame_0069.png,3,0.17,232.36677393234524,232.36677393234524,160.0,90.0,True,-2.4405999346627616,0.07410037559759175,-0.13524707093146768,0.8708886681516927,0.23562435746901456,1.941977298404125,2.1413177572851487,264.25,118.0,262.0,257.0,112.0,277.0,110.0,271.0,124.0,252.0,126.0
moving,moving_frame_000070,moving_calib_camera,70,results/bus_real_data/ablation/moving_cam/res/moving_res_320x180_low/raw_images/moving/frame_0070.png,3,0.17,232.36677393234524,232.36677393234524,160.0,90.0,True,-2.420772008336392,0.08746780036811416,-0.19369883925018638,0.739504844967761,0.20328871893528028,2.016076101725922,2.157024934238714,245.25,113.25,238.5,238.0,108.0,257.0,105.0,252.0,119.0,234.0,121.0
moving,moving_frame_000071,moving_calib_camera,71,results/bus_real_data/ablation/moving_cam/res/moving_res_320x180_low/raw_images/moving/frame_0071.png,3,0.17,232.36677393234524,232.36677393234524,160.0,90.0,True,-2.460375205262033,0.09541640270793615,-0.295882533051365,0.5999431558810587,0.17537998249723977,2.0722503705082604,2.1644656445924197,227.25,109.5,234.5,220.0,104.0,238.0,101.0,234.0,115.0,217.0,118.0
moving,moving_frame_000072,moving_calib_camera,72,results/bus_real_data/ablation/moving_cam/res/moving_res_320x180_low/raw_images/moving/frame_0072.png,3,0.17,232.36677393234524,232.36677393234524,160.0,90.0,True,-2.4231438699158154,0.09649310634938824,-0.4727299652138952,0.4444808401071541,0.15306743336775963,2.073519994637375,2.126141581490079,209.75,107.0,217.0,203.0,102.0,220.0,98.0,216.0,112.0,200.0,116.0
moving,moving_frame_000073,moving_calib_camera,73,results/bus_real_data/ablation/moving_cam/res/moving_res_320x180_low/raw_images/moving/frame_0073.png,3,0.17,232.36677393234524,232.36677393234524,160.0,90.0,True,-2.3838863483384065,0.18626436852204134,-0.44906826342507844,0.30181137090339677,0.14847290412136163,2.136946397405996,2.1632554662478687,192.75,106.0,207.0,185.0,102.0,202.0,97.0,200.0,110.0,184.0,115.0
moving,moving_frame_000074,moving_calib_camera,74,results/bus_real_data/ablation/moving_cam/res/moving_res_320x180_low/raw_images/moving/frame_0074.png,3,0.17,232.36677393234524,232.36677393234524,160.0,90.0,True,-2.3737635395439454,0.17851218708352112,-0.6202333306117982,0.13926724597772178,0.1416873481571612,2.0400555335362527,2.0497066254325063,175.75,106.0,222.0,168.0,102.0,185.0,96.0,183.0,110.0,167.0,116.0
moving,moving_frame_000075,moving_calib_camera,75,results/bus_real_data/ablation/moving_cam/res/moving_res_320x180_low/raw_images/moving/frame_0075.png,3,0.17,232.36677393234524,232.36677393234524,160.0,90.0,True,-2.390690933270282,0.2016975524768472,-0.5566725133963077,0.07619814443956052,0.2610655073083265,1.9962984989883465,2.0147379614692604,168.75,120.25,233.0,160.0,117.0,178.0,110.0,177.0,124.0,160.0,130.0
moving,moving_frame_000076,moving_calib_camera,76,results/bus_real_data/ablation/moving_cam/res/moving_res_320x180_low/raw_images/moving/frame_0076.png,3,0.17,232.36677393234524,232.36677393234524,160.0,90.0,True,-2.4831690329861096,0.16241364811088088,-0.6397201968066473,0.016150122327532778,0.38605666550968387,1.9774429716109683,2.0148402620081987,161.75,135.25,250.5,153.0,131.0,171.0,125.0,170.0,139.0,153.0,146.0
moving,moving_frame_000077,moving_calib_camera,77,results/bus_real_data/ablation/moving_cam/res/moving_res_320x180_low/raw_images/moving/frame_0077.png,3,0.17,232.36677393234524,232.36677393234524,160.0,90.0,True,-2.4997853839658335,0.18626863892931816,-0.5736627054057868,-0.05093148027456769,0.5062680892305137,1.9407803872788731,2.006372324744938,153.75,150.5,262.5,144.0,147.0,163.0,140.0,163.0,154.0,145.0,161.0
moving,moving_frame_000080,moving_calib_camera,80,results/bus_real_data/ablation/moving_cam/res/moving_res_320x180_low/raw_images/moving/frame_0080.png,4,0.17,232.36677393234524,232.36677393234524,160.0,90.0,True,-2.6776154828025303,0.12684596115734384,-0.6208940783278306,0.30889091334048363,-0.42968115808045365,1.5365061949586853,1.6250817767423569,206.5,24.75,553.5,197.0,12.0,218.0,11.0,216.0,37.0,195.0,39.0
moving,moving_frame_000081,moving_calib_camera,81,results/bus_real_data/ablation/moving_cam/res/moving_res_320x180_low/raw_images/moving/frame_0081.png,4,0.17,232.36677393234524,232.36677393234524,160.0,90.0,True,-2.7184255594325584,0.14671376887039844,-0.7236237827502804,0.23885942807806304,-0.33178495575920136,1.4892179897367337,1.5443138619482222,197.0,38.0,565.0,187.0,25.0,208.0,24.0,207.0,50.0,186.0,53.0
moving,moving_frame_000082,moving_calib_camera,82,results/bus_real_data/ablation/moving_cam/res/moving_res_320x180_low/raw_images/moving/frame_0082.png,4,0.17,232.36677393234524,232.36677393234524,160.0,90.0,True,-2.770446359183723,0.09625518052127643,-0.6766237542293997,0.17925261935653877,-0.2520917986457752,1.5000751075946208,1.5316354347284002,187.5,50.75,581.5,177.0,38.0,199.0,37.0,198.0,63.0,176.0,65.0
moving,moving_frame_000083,moving_calib_camera,83,results/bus_real_data/ablation/moving_cam/res/moving_res_320x180_low/raw_images/moving/frame_0083.png,4,0.17,232.36677393234524,232.36677393234524,160.0,90.0,True,-2.795993485573502,0.06654135327885621,-0.6575607916868716,0.11653905790945888,-0.166194613663766,1.4816437211644664,1.4954832389884414,178.0,63.75,608.0,167.0,51.0,190.0,50.0,189.0,76.0,166.0,78.0
moving,moving_frame_000084,moving_calib_camera,84,results/bus_real_data/ablation/moving_cam/res/moving_res_320x180_low/raw_images/moving/frame_0084.png,4,0.17,232.36677393234524,232.36677393234524,160.0,90.0,True,-2.859998546146147,0.08165669611908614,-0.6680421982322923,0.05182123218000666,-0.08649006500589111,1.4500517197007872,1.4535528752875102,168.0,76.0,648.0,156.0,63.0,180.0,62.0,180.0,88.0,156.0,91.0
moving,moving_frame_000085,moving_calib_camera,85,results/bus_real_data/ablation/moving_cam/res/moving_res_320x180_low/raw_images/moving/frame_0085.png,7,0.17,232.36677393234524,232.36677393234524,160.0,90.0,True,2.6351701216402224,0.46053872614860225,-1.3217753883620518,1.1778021994278185,0.42586885178039435,2.0666351798377463,2.416518832212311,292.75,138.0,396.5,286.0,126.0,306.0,132.0,299.0,151.0,280.0,143.0
moving,moving_frame_000085,moving_calib_camera,85,results/bus_real_data/ablation/moving_cam/res/moving_res_320x180_low/raw_images/moving/frame_0085.png,4,0.17,232.36677393234524,232.36677393234524,160.0,90.0,True,-2.7464262135711355,0.08235329614490462,-0.7789889087843775,-0.11001757147293055,-0.11567537893937044,1.4109128955679529,1.4199154405123966,141.5,70.75,687.5,129.0,58.0,154.0,56.0,154.0,83.0,129.0,86.0
moving,moving_frame_000086,moving_calib_camera,86,results/bus_real_data/ablation/moving_cam/res/moving_res_320x180_low/raw_images/moving/frame_0086.png,7,0.17,232.36677393234524,232.36677393234524,160.0,90.0,True,2.6888519587175854,0.4860430054865114,-1.1232208197807223,0.9737945122000845,0.3607979920655767,2.1149501539451303,2.3561547268254865,267.25,129.75,366.0,261.0,118.0,280.0,124.0,273.0,142.0,255.0,135.0
moving,moving_frame_000086,moving_calib_camera,86,results/bus_real_data/ablation/moving_cam/res/moving_res_320x180_low/raw_images/moving/frame_0086.png,4,0.17,232.36677393234524,232.36677393234524,160.0,90.0,True,-2.725442395688559,0.12480781287415879,-0.9352706429091101,-0.2630431609086224,-0.13552826679867905,1.3509519309433493,1.3829789352415378,114.25,66.5,773.0,100.0,53.0,127.0,51.0,128.0,79.0,102.0,83.0
moving,moving_frame_000087,moving_calib_camera,87,results/bus_real_data/ablation/moving_cam/res/moving_res_320x180_low/raw_images/moving/frame_0087.png,7,0.17,232.36677393234524,232.36677393234524,160.0,90.0,True,2.7366048711591975,0.3668118170735188,-1.3054787503540803,0.7423679664531064,0.2896856396233109,2.0603185560703268,2.2090587407100344,244.0,122.75,342.0,238.0,111.0,255.0,116.0,250.0,135.0,233.0,129.0
moving,moving_frame_000087,moving_calib_camera,87,results/bus_real_data/ablation/moving_cam/res/moving_res_320x180_low/raw_images/moving/frame_0087.png,4,0.17,232.36677393234524,232.36677393234524,160.0,90.0,True,-2.6769480664754237,0.15606533922463947,-1.0467518083554717,-0.4150923431432628,-0.15274344614814372,1.2886266844443965,1.3624209868977846,84.5,62.25,895.0,68.0,48.0,98.0,46.0,100.0,75.0,72.0,80.0
moving,moving_frame_000087,moving_calib_camera,87,results/bus_real_data/ablation/moving_cam/res/moving_res_320x180_low/raw_images/moving/frame_0087.png,6,0.17,232.36677393234524,232.36677393234524,160.0,90.0,True,2.8184355067633367,0.43070716829898564,-1.0081921076690998,1.06778936266088,0.3939626391961474,1.7994714559608544,2.1291966102058306,298.25,141.0,566.5,289.0,127.0,314.0,134.0,307.0,156.0,283.0,147.0
moving,moving_frame_000088,moving_calib_camera,88,results/bus_real_data/ablation/moving_cam/res/moving_res_320x180_low/raw_images/moving/frame_0088.png,6,0.17,232.36677393234524,232.36677393234524,160.0,90.0,True,2.8227581506046158,0.39472380829880166,-1.0167601965222668,0.8857782920734375,0.3381166341456129,1.8109270479855069,2.0441092960309133,274.0,133.5,525.0,265.0,120.0,289.0,126.0,282.0,148.0,260.0,140.0
moving,moving_frame_000088,moving_calib_camera,88,results/bus_real_data/ablation/moving_cam/res/moving_res_320x180_low/raw_images/moving/frame_0088.png,7,0.17,232.36677393234524,232.36677393234524,160.0,90.0,True,2.846423596768052,0.354570238874525,-1.1308173140159483,0.5671359027658921,0.24179531999034753,2.1247956734133875,2.2124341261903298,222.25,116.5,319.5,216.0,105.0,233.0,110.0,228.0,128.0,212.0,123.0
moving,moving_frame_000088,moving_calib_camera,88,results/bus_real_data/ablation/moving_cam/res/moving_res_320x180_low/raw_images/moving/frame_0088.png,4,0.17,232.36677393234524,232.36677393234524,160.0,90.0,True,-2.5820708491775948,0.15787626882623804,-1.0798968384349499,-0.5485413478076234,-0.15959666701426123,1.1979902913019722,1.32723375651407,52.75,58.75,1109.0,33.0,44.0,68.0,41.0,71.0,72.0,39.0,78.0
moving,moving_frame_000089,moving_calib_camera,89,results/bus_real_data/ablation/moving_cam/res/moving_res_320x180_low/raw_images/moving/frame_0089.png,6,0.17,232.36677393234524,232.36677393234524,160.0,90.0,True,-2.939921277798909,-0.33068488908115745,0.8645947489084204,0.7244011337421056,0.28768365572626314,1.8453061142520437,2.003165880209338,251.5,126.25,483.5,243.0,113.0,265.0,119.0,260.0,140.0,238.0,133.0
moving,moving_frame_000089,moving_calib_camera,89,results/bus_real_data/ablation/moving_cam/res/moving_res_320x180_low/raw_images/moving/frame_0089.png,7,0.17,232.36677393234524,232.36677393234524,160.0,90.0,True,2.785453199445809,0.3600228443767397,-1.0792343428629856,0.36676581158144195,0.18811622354244928,2.064498544566157,2.1052456185967108,201.5,111.25,318.5,196.0,100.0,212.0,104.0,207.0,123.0,191.0,118.0
moving,moving_frame_000090,moving_calib_camera,90,results/bus_real_data/ablation/moving_cam/res/moving_res_320x180_low/raw_images/moving/frame_0090.png,6,0.17,232.36677393234524,232.36677393234524,160.0,90.0,True,-2.9992315700886567,-0.3079356108356544,0.6636656961654902,0.5650920706980607,0.24628809856137363,1.8615315521880118,1.96094023255435,230.75,120.75,465.5,222.0,108.0,244.0,113.0,239.0,134.0,218.0,128.0
moving,moving_frame_000090,moving_calib_camera,90,results/bus_real_data/ablation/moving_cam/res/moving_res_320x180_low/raw_images/moving/frame_0090.png,7,0.17,232.36677393234524,232.36677393234524,160.0,90.0,True,2.975267987531504,0.3720192324935813,-0.6754767676814548,0.1987415307629758,0.15728036487711172,2.1874023897877266,2.202036449306629,181.25,106.75,309.0,175.0,96.0,192.0,100.0,187.0,118.0,171.0,113.0
moving,moving_frame_000091,moving_calib_camera,91,results/bus_real_data/ablation/moving_cam/res/moving_res_320x180_low/raw_images/moving/frame_0091.png,6,0.17,232.36677393234524,232.36677393234524,160.0,90.0,True,3.0811865404528533,0.36677002094300837,-0.44545800814281417,0.4090884277887528,0.20692273631537397,1.8689064411504015,1.9243132921456356,211.0,115.75,458.0,203.0,103.0,224.0,108.0,219.0,129.0,198.0,123.0
moving,moving_frame_000091,moving_calib_camera,91,results/bus_real_data/ablation/moving_cam/res/moving_res_320x180_low/raw_images/moving/frame_0091.png,7,0.17,232.36677393234524,232.36677393234524,160.0,90.0,True,-3.0473465932750328,-0.34171781530035605,0.6421866687386101,0.012142344014862987,0.11837867707900725,2.0786113256647516,2.082014887287535,161.5,103.25,332.5,155.0,92.0,172.0,96.0,168.0,115.0,151.0,110.0
moving,moving_frame_000092,moving_calib_camera,92,results/bus_real_data/ablation/moving_cam/res/moving_res_320x180_low/raw_images/moving/frame_0092.png,6,0.17,232.36677393234524,232.36677393234524,160.0,90.0,True,3.0373574404420443,0.28066305156344573,-0.6016589829658622,0.24343285493942723,0.16879536385238636,1.8065471652756278,1.8306731248607506,191.5,111.75,469.5,183.0,99.0,204.0,103.0,200.0,125.0,179.0,120.0
moving,moving_frame_000092,moving_calib_camera,92,results/bus_real_data/ablation/moving_cam/res/moving_res_320x180_low/raw_images/moving/frame_0092.png,7,0.17,232.36677393234524,232.36677393234524,160.0,90.0,True,-3.0488401158730243,-0.252300269386523,0.6829393266980787,-0.1559926673054068,0.08794517427391899,1.996464680716071,2.004479804657021,142.0,100.25,342.0,135.0,89.0,152.0,92.0,149.0,112.0,132.0,108.0
moving,moving_frame_000093,moving_calib_camera,93,results/bus_real_data/ablation/moving_cam/res/moving_res_320x180_low/raw_images/moving/frame_0093.png,6,0.17,232.36677393234524,232.36677393234524,160.0,90.0,True,-3.0937254337305706,-0.2587740495834582,0.46702591352187817,0.11637341175318175,0.15521244480813495,1.8508853905621319,1.861024019990803,174.75,109.5,444.5,166.0,97.0,187.0,101.0,183.0,122.0,163.0,118.0
moving,moving_frame_000093,moving_calib_camera,93,results/bus_real_data/ablation/moving_cam/res/moving_res_320x180_low/raw_images/moving/frame_0093.png,7,0.17,232.36677393234524,232.36677393234524,160.0,90.0,True,-3.064517538468854,-0.2561047501287334,0.5886189046566509,-0.3103664458779269,0.07935938112461252,1.9957877608101897,2.0213347145634066,124.0,99.25,342.0,117.0,88.0,134.0,91.0,131.0,111.0,114.0,107.0
moving,moving_frame_000094,moving_calib_camera,94,results/bus_real_data/ablation/moving_cam/res/moving_res_320x180_low/raw_images/moving/frame_0094.png,6,0.17,232.36677393234524,232.36677393234524,160.0,90.0,True,-3.0316499927889446,-0.19765636515857235,0.48900679098498706,-0.018691428801434703,0.13426628976423607,1.8068618273778365,1.8119399739817177,157.75,107.25,449.5,149.0,95.0,169.0,98.0,167.0,120.0,146.0,116.0
moving,moving_frame_000094,moving_calib_camera,94,results/bus_real_data/ablation/moving_cam/res/moving_res_320x180_low/raw_images/moving/frame_0094.png,7,0.17,232.36677393234524,232.36677393234524,160.0,90.0,True,3.084365414521145,0.1809060049270373,-0.41546431122904304,-0.44351106719855365,0.07601879305296813,1.9134831256055627,1.965680186500862,106.25,99.25,385.5,98.0,88.0,117.0,90.0,114.0,111.0,96.0,108.0
moving,moving_frame_000094,moving_calib_camera,94,results/bus_real_data/ablation/moving_cam/res/moving_res_320x180_low/raw_images/moving/frame_0094.png,8,0.17,232.36677393234524,232.36677393234524,160.0,90.0,True,-3.0591272785436203,-0.16551241770078365,0.4965873384931202,1.2019076259329367,-0.039956516952840825,2.0671013034685277,2.3914611147422065,295.25,85.5,413.5,286.0,75.0,307.0,77.0,305.0,96.0,283.0,94.0
moving,moving_frame_000095,moving_calib_camera,95,results/bus_real_data/ablation/moving_cam/res/moving_res_320x180_low/raw_images/moving/frame_0095.png,6,0.17,232.36677393234524,232.36677393234524,160.0,90.0,True,3.0668339163181195,0.12642497619543824,-0.34537837370142194,-0.15126077233749669,0.12316236243890345,1.7923944512488952,1.8029771650349584,140.5,106.0,466.0,131.0,94.0,152.0,96.0,150.0,118.0,129.0,116.0
moving,moving_frame_000095,moving_calib_camera,95,results/bus_real_data/ablation/moving_cam/res/moving_res_320x180_low/raw_images/moving/frame_0095.png,7,0.17,232.36677393234524,232.36677393234524,160.0,90.0,True,-3.094193700368432,-0.12870502918759485,0.4229902400771474,-0.5829276582085694,0.07653380534711629,1.8718500869619221,1.9620104041836253,87.75,99.5,391.5,79.0,88.0,98.0,90.0,96.0,111.0,78.0,109.0
moving,moving_frame_000095,moving_calib_camera,95,results/bus_real_data/ablation/moving_cam/res/moving_res_320x180_low/raw_images/moving/frame_0095.png,8,0.17,232.36677393234524,232.36677393234524,160.0,90.0,True,-2.8059141923805546,-0.1462910982009552,1.2512409555997734,1.0388137304827387,-0.0939171582836934,2.132073697062281,2.3735401089858104,273.5,79.75,354.5,265.0,70.0,284.0,71.0,282.0,90.0,263.0,88.0
moving,moving_frame_000096,moving_calib_camera,96,results/bus_real_data/ablation/moving_cam/res/moving_res_320x180_low/raw_images/moving/frame_0096.png,6,0.17,232.36677393234524,232.36677393234524,160.0,90.0,True,2.8842249196964,0.11667776046717322,0.6321612413459795,-0.2762766960268796,0.1143583251699968,1.7815647931704708,1.8064827017073144,123.75,105.0,476.0,114.0,93.0,135.0,95.0,134.0,117.0,112.0,115.0
moving,moving_frame_000096,moving_calib_camera,96,results/bus_real_data/ablation/moving_cam/res/moving_res_320x180_low/raw_images/moving/frame_0096.png,7,0.17,232.36677393234524,232.36677393234524,160.0,90.0,True,2.7086326363526645,0.08060411187739812,1.308224349960743,-0.7187247061743384,0.08443076052371645,1.8324934360775806,1.9702096207904936,68.5,100.75,431.5,59.0,89.0,79.0,91.0,78.0,112.0,58.0,111.0
moving,moving_frame_000096,moving_calib_camera,96,results/bus_real_data/ablation/moving_cam/res/moving_res_320x180_low/raw_images/moving/frame_0096.png,8,0.17,232.36677393234524,232.36677393234524,160.0,90.0,True,-3.0708421274728686,-0.09021378925238077,0.13360981087979776,0.880598383260111,-0.14621229561747665,2.1950972862294234,2.3696589720889865,253.25,74.5,334.5,245.0,65.0,263.0,66.0,262.0,84.0,243.0,83.0
moving,moving_frame_000097,moving_calib_camera,97,results/bus_real_data/ablation/moving_cam/res/moving_res_320x180_low/raw_images/moving/frame_0097.png,6,0.17,232.36677393234524,232.36677393234524,160.0,90.0,True,-3.0210659251951597,-0.03908432168569553,-0.04572561758370147,-0.3977706116744591,0.11391477175948303,1.728217968375973,1.7770580691002937,106.5,105.25,517.5,95.0,94.0,118.0,94.0,118.0,117.0,95.0,116.0
moving,moving_frame_000097,moving_calib_camera,97,results/bus_real_data/ablation/moving_cam/res/moving_res_320x180_low/raw_images/moving/frame_0097.png,7,0.17,232.36677393234524,232.36677393234524,160.0,90.0,True,-3.0744870697476623,-0.08837176299732274,0.14670783366003193,-0.8383482825288141,0.09584958970528243,1.7424401905969433,1.9360043399933782,48.25,102.75,484.5,38.0,91.0,59.0,92.0,59.0,115.0,37.0,113.0
moving,moving_frame_000097,moving_calib_camera,97,results/bus_real_data/ablation/moving_cam/res/moving_res_320x180_low/raw_images/moving/frame_0097.png,8,0.17,232.36677393234524,232.36677393234524,160.0,90.0,True,-3.0419564366913137,-0.09907027237232853,0.21436643717721196,0.7381080577903248,-0.20002151519987388,2.3270458039915103,2.4494804113101933,233.75,70.0,299.0,226.0,61.0,243.0,62.0,242.0,79.0,224.0,78.0
moving,moving_frame_000098,moving_calib_camera,98,results/bus_real_data/ablation/moving_cam/res/moving_res_320x180_low/raw_images/moving/frame_0098.png,5,0.17,232.36677393234524,232.36677393234524,160.0,90.0,True,-3.1020649853375106,-0.03216318019044089,-0.1288292935979006,0.9927096513518356,0.39197630841333236,1.7018185442220106,2.008806669568366,295.5,143.5,506.0,285.0,132.0,307.0,132.0,306.0,155.0,284.0,155.0
moving,moving_frame_000098,moving_calib_camera,98,results/bus_real_data/ablation/moving_cam/res/moving_res_320x180_low/raw_images/moving/frame_0098.png,6,0.17,232.36677393234524,232.36677393234524,160.0,90.0,True,-3.0504847995389,-0.006789640671610863,-0.05871919985499793,-0.5207703896564418,0.12101970604497941,1.698950373419038,1.781089537147087,88.75,106.5,540.5,77.0,95.0,100.0,95.0,101.0,118.0,77.0,118.0
moving,moving_frame_000098,moving_calib_camera,98,results/bus_real_data/ablation/moving_cam/res/moving_res_320x180_low/raw_images/moving/frame_0098.png,8,0.17,232.36677393234524,232.36677393234524,160.0,90.0,True,-3.1498205931264223,5.767753642021635e-08,-5.67424179460767e-07,0.555000056799695,-0.23500002192852856,2.3236680419992246,2.4005589438217476,215.5,66.5,289.0,207.0,58.0,224.0,58.0,224.0,75.0,207.0,75.0
moving,moving_frame_000098,moving_calib_camera,98,results/bus_real_data/ablation/moving_cam/res/moving_res_320x180_low/raw_images/moving/frame_0098.png,7,0.17,232.36677393234524,232.36677393234524,160.0,90.0,True,-3.0737245966263047,-0.029338835303569944,0.019019342825845276,-0.9567041805723949,0.11336618557911282,1.6682627022072167,1.9264566501048448,26.75,105.75,552.0,15.0,94.0,38.0,94.0,39.0,118.0,15.0,117.0
moving,moving_frame_000099,moving_calib_camera,99,results/bus_real_data/ablation/moving_cam/res/moving_res_320x180_low/raw_images/moving/frame_0099.png,5,0.17,232.36677393234524,232.36677393234524,160.0,90.0,True,-3.051369313995071,0.038943349001218534,-0.12404440528936321,0.8790750796259127,0.3442889836542326,1.7565309020644284,1.9941686763642248,276.25,135.5,472.5,266.0,125.0,287.0,124.0,287.0,146.0,265.0,147.0
moving,moving_frame_000099,moving_calib_camera,99,results/bus_real_data/ablation/moving_cam/res/moving_res_320x180_low/raw_images/moving/frame_0099.png,6,0.17,232.36677393234524,232.36677393234524,160.0,90.0,True,-3.0042035870815034,0.0641569382429126,-0.21983794288869007,-0.6340507823313253,0.12641016976201785,1.6479836137107582,1.770268317700285,70.5,107.75,590.5,57.0,97.0,82.0,95.0,84.0,119.0,59.0,120.0
moving,moving_frame_000099,moving_calib_camera,99,results/bus_real_data/ablation/moving_cam/res/moving_res_320x180_low/raw_images/moving/frame_0099.png,8,0.17,232.36677393234524,232.36677393234524,160.0,90.0,True,3.126558749568226,-0.04637424987362736,0.015493437968490252,0.3826455995544816,-0.27480947936008776,2.3867740557357413,2.4328231127514823,197.25,63.25,272.5,189.0,55.0,205.0,55.0,206.0,71.0,189.0,72.0
moving,moving_frame_000100,moving_calib_camera,100,results/bus_real_data/ablation/moving_cam/res/moving_res_320x180_low/raw_images/moving/frame_0100.png,5,0.17,232.36677393234524,232.36677393234524,160.0,90.0,True,-3.015099429330805,0.09065056605495926,-0.2279615007088046,0.771244165389074,0.303187534359879,1.8274206857515296,2.0065409555627074,258.0,128.5,420.0,248.0,119.0,268.0,117.0,268.0,138.0,248.0,140.0
moving,moving_frame_000100,moving_calib_camera,100,results/bus_real_data/ablation/moving_cam/res/moving_res_320x180_low/raw_images/moving/frame_0100.png,6,0.17,232.36677393234524,232.36677393234524,160.0,90.0,True,-3.0523289638842686,0.09769689267438215,-0.1873616222289212,-0.729123009903554,0.13790794194868553,1.5592412660067925,1.7268098591454142,51.25,110.5,667.5,37.0,99.0,63.0,97.0,66.0,122.0,39.0,124.0
moving,moving_frame_000100,moving_calib_camera,100,results/bus_real_data/ablation/moving_cam/res/moving_res_320x180_low/raw_images/moving/frame_0100.png,8,0.17,232.36677393234524,232.36677393234524,160.0,90.0,True,-2.8982672495010933,0.04489552067830692,0.22375484502233917,0.20312549826482798,-0.3059409111163425,2.395108886032273,2.423098509159458,179.75,60.25,272.5,171.0,52.0,188.0,52.0,188.0,68.0,172.0,69.0
moving,moving_frame_000101,moving_calib_camera,101,results/bus_real_data/ablation/moving_cam/res/moving_res_320x180_low/raw_images/moving/frame_0101.png,5,0.17,232.36677393234524,232.36677393234524,160.0,90.0,True,-2.9935159989999933,0.16558797723695645,-0.27293652783270167,0.665593991027748,0.2672260232556877,1.907615056479384,2.0379941884372825,241.0,122.5,383.0,231.0,114.0,250.0,111.0,251.0,131.0,232.0,134.0
moving,moving_frame_000101,moving_calib_camera,101,results/bus_real_data/ablation/moving_cam/res/moving_res_320x180_low/raw_images/moving/frame_0101.png,6,0.17,232.36677393234524,232.36677393234524,160.0,90.0,True,-3.0502318685615712,0.1578917695549679,-0.39704814621515633,-0.8442458890653716,0.15945414482928455,1.526142741538628,1.751367583649434,31.25,114.25,739.0,15.0,103.0,44.0,100.0,47.0,125.0,19.0,129.0
moving,moving_frame_000101,moving_calib_camera,101,results/bus_real_data/ablation/moving_cam/res/moving_res_320x180_low/raw_images/moving/frame_0101.png,8,0.17,232.36677393234524,232.36677393234524,160.0,90.0,True,-2.862533110208464,0.12756351279739225,0.07814467718090298,0.022935704135742304,-0.3245675037264219,2.381463855010364,2.4035890255449717,162.25,58.25,274.5,153.0,51.0,170.0,49.0,171.0,66.0,155.0,67.0
moving,moving_frame_000102,moving_calib_camera,102,results/bus_real_data/ablation/moving_cam/res/moving_res_320x180_low/raw_images/moving/frame_0102.png,5,0.17,232.36677393234524,232.36677393234524,160.0,90.0,True,-3.042760640149936,0.16063633461347837,-0.48063282593450457,0.5426272796665238,0.23013522310533024,1.9437483684503467,2.0311485187955647,224.75,117.5,354.5,215.0,109.0,233.0,106.0,234.0,126.0,217.0,129.0
moving,moving_frame_000102,moving_calib_camera,102,results/bus_real_data/ablation/moving_cam/res/moving_res_320x180_low/raw_images/moving/frame_0102.png,8,0.17,232.36677393234524,232.36677393234524,160.0,90.0,True,-2.9925324008662058,0.14647746352787144,0.3944258417569908,-0.15124078086146298,-0.33571151642855707,2.33154815379108,2.360443345963834,145.0,56.5,276.0,136.0,49.0,152.0,47.0,154.0,64.0,138.0,66.0
moving,moving_frame_000103,moving_calib_camera,103,results/bus_real_data/ablation/moving_cam/res/moving_res_320x180_low/raw_images/moving/frame_0103.png,5,0.17,232.36677393234524,232.36677393234524,160.0,90.0,True,-3.0278278953042346,0.21008630431619682,-0.38271923727294616,0.61022758860461,0.2950499690000271,1.8270084624391405,1.9486898460056044,237.5,127.5,407.0,227.0,119.0,246.0,115.0,248.0,136.0,229.0,140.0
moving,moving_frame_000103,moving_calib_camera,103,results/bus_real_data/ablation/moving_cam/res/moving_res_320x180_low/raw_images/moving/frame_0103.png,8,0.17,232.36677393234524,232.36677393234524,160.0,90.0,True,-2.7155468261888625,0.14207101783959683,-0.1855469529339822,-0.06923411239236915,-0.2823520548069508,2.2337556937544982,2.2525941810617165,152.75,60.5,300.5,143.0,53.0,161.0,51.0,162.0,68.0,145.0,70.0
moving,moving_frame_000104,moving_calib_camera,104,results/bus_real_data/ablation/moving_cam/res/moving_res_320x180_low/raw_images/moving/frame_0104.png,5,0.17,232.36677393234524,232.36677393234524,160.0,90.0,True,-3.014012617355737,0.1494201822691323,-0.44146585656714304,0.656486143452988,0.3476534092352864,1.6645055915494893,1.8227495203121602,251.5,138.5,464.0,241.0,129.0,261.0,125.0,262.0,148.0,242.0,152.0
moving,moving_frame_000104,moving_calib_camera,104,results/bus_real_data/ablation/moving_cam/res/moving_res_320x180_low/raw_images/moving/frame_0104.png,8,0.17,232.36677393234524,232.36677393234524,160.0,90.0,True,-3.0019188039939566,0.18629016326253986,-0.45210214818857436,0.009931966779109602,-0.21887097624365112,2.0787063625517272,2.0902208710849157,161.0,65.5,346.0,151.0,57.0,169.0,55.0,171.0,74.0,153.0,76.0
moving,moving_frame_000105,moving_calib_camera,105,results/bus_real_data/ablation/moving_cam/res/moving_res_320x180_low/raw_images/moving/frame_0105.png,5,0.17,232.36677393234524,232.36677393234524,160.0,90.0,True,-2.9908610574585572,0.18054620507079278,-0.29742752057669736,0.737148677299469,0.423435621539185,1.5916972898263586,1.804490554276527,267.5,151.75,521.5,256.0,142.0,278.0,138.0,279.0,161.0,257.0,166.0
moving,moving_frame_000105,moving_calib_camera,105,results/bus_real_data/ablation/moving_cam/res/moving_res_320x180_low/raw_images/moving/frame_0105.png,8,0.17,232.36677393234524,232.36677393234524,160.0,90.0,True,-3.042459102807965,0.1741753932114606,-0.4067248314499712,0.08151294220102538,-0.16097174200945524,1.9711435615017807,1.9793845511981119,169.5,71.0,384.0,159.0,62.0,178.0,60.0,180.0,80.0,161.0,82.0
moving,moving_frame_000106,moving_calib_camera,106,results/bus_real_data/ablation/moving_cam/res/moving_res_320x180_low/raw_images/moving/frame_0106.png,8,0.17,232.36677393234524,232.36677393234524,160.0,90.0,True,-2.927605021226701,0.16735090760175725,-0.38924456338458485,0.15447087743869137,-0.10378336415827824,1.9027177888690996,1.9117968570775516,178.75,77.25,403.5,168.0,68.0,188.0,66.0,189.0,86.0,170.0,89.0
moving,moving_frame_000107,moving_calib_camera,107,results/bus_real_data/ablation/moving_cam/res/moving_res_320x180_low/raw_images/moving/frame_0107.png,8,0.17,232.36677393234524,232.36677393234524,160.0,90.0,True,-3.03235473049944,0.1330129659988774,-0.20721208325429064,0.21364062053513885,-0.04570150840465817,1.7843786910936363,1.797703606227161,187.75,84.0,476.0,176.0,74.0,198.0,72.0,199.0,94.0,178.0,96.0
moving,moving_frame_000108,moving_calib_camera,108,results/bus_real_data/ablation/moving_cam/res/moving_res_320x180_low/raw_images/moving/frame_0108.png,8,0.17,232.36677393234524,232.36677393234524,160.0,90.0,True,2.96453256793719,-0.10654628380010714,-0.6583337520576681,0.2754156948789491,0.01802277024256731,1.7060807838596355,1.728262209934586,197.75,92.5,520.5,186.0,82.0,208.0,80.0,210.0,103.0,187.0,105.0
moving,moving_frame_000109,moving_calib_camera,109,results/bus_real_data/ablation/moving_cam/res/moving_res_320x180_low/raw_images/moving/frame_0109.png,8,0.17,232.36677393234524,232.36677393234524,160.0,90.0,True,-3.046048787510144,0.12726582383211857,-0.2513385378267263,0.31871793626271155,0.07777641563342641,1.5313424910063291,1.5660907120872067,208.25,101.75,628.5,195.0,90.0,220.0,88.0,221.0,113.0,197.0,116.0
moving,moving_frame_000110,moving_calib_camera,110,results/bus_real_data/ablation/moving_cam/res/moving_res_320x180_low/raw_images/moving/frame_0110.png,8,0.17,232.36677393234524,232.36677393234524,160.0,90.0,True,-3.0492067899550186,0.09938946083160138,-0.2876480526910349,0.36390308764012747,0.13913162038625457,1.417682579180868,1.470240443022243,219.5,112.75,717.5,206.0,100.0,232.0,98.0,233.0,125.0,207.0,128.0
moving,moving_frame_000111,moving_calib_camera,111,results/bus_real_data/ablation/moving_cam/res/moving_res_320x180_low/raw_images/moving/frame_0111.png,8,0.17,232.36677393234524,232.36677393234524,160.0,90.0,True,-3.0515492669456235,0.09914095579596076,-0.1475593290858589,0.4074641721888942,0.20249389745830987,1.3133640867144925,1.3899482200416065,232.0,125.75,858.0,217.0,112.0,246.0,110.0,247.0,139.0,218.0,142.0
moving,moving_frame_000112,moving_calib_camera,112,results/bus_real_data/ablation/moving_cam/res/moving_res_320x180_low/raw_images/moving/frame_0112.png,8,0.17,232.36677393234524,232.36677393234524,160.0,90.0,True,-3.028479627868138,0.09384233189206083,-0.16668570462605076,0.4414961109844925,0.26536811356093953,1.194690968931795,1.301009439995158,245.75,141.5,1009.5,230.0,127.0,261.0,124.0,262.0,156.0,230.0,159.0
moving,moving_frame_000112,moving_calib_camera,112,results/bus_real_data/ablation/moving_cam/res/moving_res_320x180_low/raw_images/moving/frame_0112.png,11,0.17,232.36677393234524,232.36677393234524,160.0,90.0,True,0.09994615595221544,2.63899678408094,-1.5664905657928676,-0.24600347246025867,-0.4883650682959393,2.335962751307146,2.3991123616639247,135.5,41.5,85.0,144.0,44.0,127.0,44.0,127.0,39.0,144.0,39.0
moving,moving_frame_000114,moving_calib_camera,114,results/bus_real_data/ablation/moving_cam/res/moving_res_320x180_low/raw_images/moving/frame_0114.png,13,0.17,232.36677393234524,232.36677393234524,160.0,90.0,True,-0.417144588768052,2.067045770739926,1.5039023629373665,-0.9004601848902613,-0.13882161598081313,2.2778031177072147,2.4532604893636623,68.0,75.75,115.0,75.0,79.0,57.0,79.0,61.0,73.0,79.0,72.0
moving,moving_frame_000115,moving_calib_camera,115,results/bus_real_data/ablation/moving_cam/res/moving_res_320x180_low/raw_images/moving/frame_0115.png,13,0.17,232.36677393234524,232.36677393234524,160.0,90.0,True,0.0395522633660418,2.6642967135338056,-1.5891798390641882,-0.851806248612803,-0.0854025653544459,2.1717650886438107,2.3344016542996613,68.75,81.0,148.0,76.0,85.0,56.0,85.0,63.0,77.0,80.0,77.0
moving,moving_frame_000116,moving_calib_camera,116,results/bus_real_data/ablation/moving_cam/res/moving_res_320x180_low/raw_images/moving/frame_0116.png,13,0.17,232.36677393234524,232.36677393234524,160.0,90.0,True,0.007786029241683062,2.692730901285131,-1.6025460676940837,-0.793887273415579,-0.032106633613275204,2.03552255005769,2.1850949385796854,69.25,86.5,175.5,76.0,91.0,56.0,91.0,63.0,82.0,82.0,82.0
moving,moving_frame_000116,moving_calib_camera,116,results/bus_real_data/ablation/moving_cam/res/moving_res_320x180_low/raw_images/moving/frame_0116.png,12,0.17,232.36677393234524,232.36677393234524,160.0,90.0,True,-2.1527615094098973,-0.9288814052430009,1.9034024127836875,0.9820071674923496,-0.18105963419563878,2.0286194169526364,2.2610655468116487,272.75,69.25,238.0,274.0,57.0,283.0,65.0,271.0,82.0,263.0,73.0
moving,moving_frame_000117,moving_calib_camera,117,results/bus_real_data/ablation/moving_cam/res/moving_res_320x180_low/raw_images/moving/frame_0117.png,11,0.17,232.36677393234524,232.36677393234524,160.0,90.0,True,0.001958466924273395,2.682667993439886,-1.631771885116087,-0.0038622864310386327,-0.19482354065711752,1.7987441468733805,1.8092682595905716,159.5,65.0,176.0,171.0,69.0,148.0,69.0,149.0,61.0,170.0,61.0
moving,moving_frame_000117,moving_calib_camera,117,results/bus_real_data/ablation/moving_cam/res/moving_res_320x180_low/raw_images/moving/frame_0117.png,12,0.17,232.36677393234524,232.36677393234524,160.0,90.0,True,-2.168492297900619,-0.9862108808983825,1.959055767166802,1.027033201285928,-0.1110323515744483,1.9102377566378324,2.1716661038300784,285.25,76.5,283.0,287.0,64.0,297.0,72.0,283.0,90.0,274.0,80.0
moving,moving_frame_000118,moving_calib_camera,118,results/bus_real_data/ablation/moving_cam/res/moving_res_320x180_low/raw_images/moving/frame_0118.png,13,0.17,232.36677393234524,232.36677393234524,160.0,90.0,True,0.08522345316711327,2.697449600228569,-1.6026308645752054,-0.8649845230919198,0.06095405168071114,1.8219022715916333,2.0177317732631375,49.5,98.0,234.0,57.0,103.0,34.0,104.0,43.0,93.0,64.0,92.0
moving,moving_frame_000118,moving_calib_camera,118,results/bus_real_data/ablation/moving_cam/res/moving_res_320x180_low/raw_images/moving/frame_0118.png,12,0.17,232.36677393234524,232.36677393234524,160.0,90.0,True,-2.195035922405361,-0.9811018624062211,1.9228970145260367,0.9081977598550064,-0.10173786969171011,1.8524290647295776,2.0655912482846057,274.25,77.25,294.5,276.0,64.0,286.0,73.0,272.0,91.0,263.0,81.0
moving,moving_frame_000118,moving_calib_camera,118,results/bus_real_data/ablation/moving_cam/res/moving_res_320x180_low/raw_images/moving/frame_0118.png,11,0.17,232.36677393234524,232.36677393234524,160.0,90.0,True,0.05970395564867269,2.6928887259886154,-1.5757537579016463,-0.11765429447921276,-0.16294199192034092,1.685835985573043,1.6977737175470125,143.75,67.75,223.0,156.0,72.0,131.0,73.0,133.0,63.0,155.0,63.0
moving,moving_frame_000119,moving_calib_camera,119,results/bus_real_data/ablation/moving_cam/res/moving_res_320x180_low/raw_images/moving/frame_0119.png,13,0.17,232.36677393234524,232.36677393234524,160.0,90.0,True,0.09868005867109082,2.7093444509088407,-1.5276101158767754,-0.9893586515964271,0.10994704947201604,1.7348071773375195,2.0001187059067456,27.25,105.0,296.0,35.0,111.0,10.0,112.0,21.0,99.0,43.0,98.0
moving,moving_frame_000119,moving_calib_camera,119,results/bus_real_data/ablation/moving_cam/res/moving_res_320x180_low/raw_images/moving/frame_0119.png,11,0.17,232.36677393234524,232.36677393234524,160.0,90.0,True,0.11167308728237425,2.699626805900258,-1.5345107961318694,-0.22231645022635368,-0.12511662828911072,1.5927611036451206,1.613061284638778,127.5,72.0,274.0,140.0,77.0,114.0,78.0,116.0,67.0,140.0,66.0
moving,moving_frame_000119,moving_calib_camera,119,results/bus_real_data/ablation/moving_cam/res/moving_res_320x180_low/raw_images/moving/frame_0119.png,12,0.17,232.36677393234524,232.36677393234524,160.0,90.0,True,-2.199521247946767,-0.9423829078053261,1.8129884466719441,0.8001160886498279,-0.08887614373664815,1.7936617200432157,1.9660384254103946,264.0,78.5,323.0,265.0,64.0,276.0,75.0,262.0,93.0,253.0,82.0
moving,moving_frame_000120,moving_calib_camera,120,results/bus_real_data/ablation/moving_cam/res/moving_res_320x180_low/raw_images/moving/frame_0120.png,11,0.17,232.36677393234524,232.36677393234524,160.0,90.0,True,0.16697569145702246,2.670377877165471,-1.5104195335048394,-0.3123395852840725,-0.08537373546114897,1.4625935459498025,1.498006866438213,110.25,76.75,341.5,124.0,82.0,95.0,84.0,98.0,71.0,124.0,70.0
moving,moving_frame_000120,moving_calib_camera,120,results/bus_real_data/ablation/moving_cam/res/moving_res_320x180_low/raw_images/moving/frame_0120.png,12,0.17,232.36677393234524,232.36677393234524,160.0,90.0,True,-2.2729666017956585,-0.948063806297127,1.8084942543884268,0.6956475783017111,-0.0702373022766782,1.7126415678158775,1.8498648522632586,254.75,80.5,348.0,256.0,66.0,267.0,76.0,253.0,96.0,243.0,84.0
moving,moving_frame_000121,moving_calib_camera,121,results/bus_real_data/ablation/moving_cam/res/moving_res_320x180_low/raw_images/moving/frame_0121.png,11,0.17,232.36677393234524,232.36677393234524,160.0,90.0,True,0.206118795217119,2.653674992895061,-1.4966337457539578,-0.404641325175904,-0.037888346455036755,1.3815892557144367,1.440124647502007,91.75,84.0,408.0,106.0,90.0,75.0,92.0,79.0,78.0,107.0,76.0
moving,moving_frame_000121,moving_calib_camera,121,results/bus_real_data/ablation/moving_cam/res/moving_res_320x180_low/raw_images/moving/frame_0121.png,12,0.17,232.36677393234524,232.36677393234524,160.0,90.0,True,-2.3206156774463995,-0.9197375840506283,1.734046491582665,0.5957290792914138,-0.04593081742528074,1.6314312017951134,1.7374033907223152,245.25,83.5,392.0,246.0,68.0,258.0,79.0,244.0,100.0,233.0,87.0
moving,moving_frame_000122,moving_calib_camera,122,results/bus_real_data/ablation/moving_cam/res/moving_res_320x180_low/raw_images/moving/frame_0122.png,11,0.17,232.36677393234524,232.36677393234524,160.0,90.0,True,0.26472809230575206,2.6552849028198735,-1.485370516964853,-0.4750960537494607,0.012184831295493808,1.2515643824355538,1.3387599238785493,71.5,92.75,530.5,87.0,99.0,52.0,103.0,58.0,86.0,89.0,83.0
moving,moving_frame_000122,moving_calib_camera,122,results/bus_real_data/ablation/moving_cam/res/moving_res_320x180_low/raw_images/moving/frame_0122.png,12,0.17,232.36677393234524,232.36677393234524,160.0,90.0,True,-2.351060567959152,-0.9172964385880603,1.704623673258781,0.5050965010328087,-0.017005095324032365,1.5429659756248872,1.6236242331766995,236.5,87.5,434.0,237.0,71.0,250.0,83.0,235.0,105.0,224.0,91.0
moving,moving_frame_000123,moving_calib_camera,123,results/bus_real_data/ablation/moving_cam/res/moving_res_320x180_low/raw_images/moving/frame_0123.png,11,0.17,232.36677393234524,232.36677393234524,160.0,90.0,True,0.29851643635218417,2.6460902575862066,-1.427250169981289,-0.5334102504535769,0.06601547941949304,1.1288216841981025,1.2502491485811034,49.75,104.25,744.0,67.0,112.0,27.0,117.0,35.0,96.0,70.0,92.0
moving,moving_frame_000123,moving_calib_camera,123,results/bus_real_data/ablation/moving_cam/res/moving_res_320x180_low/raw_images/moving/frame_0123.png,12,0.17,232.36677393234524,232.36677393234524,160.0,90.0,True,-2.3576883652097673,-0.8898507511752614,1.621167399230309,0.42228930524326524,0.015174860751532812,1.4533543873687762,1.513538076496835,228.0,92.5,496.0,228.0,74.0,242.0,89.0,227.0,111.0,215.0,96.0
moving,moving_frame_000124,moving_calib_camera,124,results/bus_real_data/ablation/moving_cam/res/moving_res_320x180_low/raw_images/moving/frame_0124.png,12,0.17,232.36677393234524,232.36677393234524,160.0,90.0,True,-2.359802948289127,-0.8653930738329964,1.5524239654578293,0.3534416281255506,0.04959195119226639,1.369600965476979,1.4153399417633097,220.5,98.5,560.0,220.0,79.0,235.0,95.0,220.0,119.0,207.0,101.0
moving,moving_frame_000125,moving_calib_camera,125,results/bus_real_data/ablation/moving_cam/res/moving_res_320x180_low/raw_images/moving/frame_0125.png,12,0.17,232.36677393234524,232.36677393234524,160.0,90.0,True,-2.410591210665435,-0.8437931280275102,1.5104302967434344,0.2903957461830992,0.09169904309996409,1.2816988249699113,1.317380082525897,213.25,106.75,648.0,212.0,86.0,229.0,103.0,213.0,129.0,199.0,109.0
moving,moving_frame_000126,moving_calib_camera,126,results/bus_real_data/ablation/moving_cam/res/moving_res_320x180_low/raw_images/moving/frame_0126.png,12,0.17,232.36677393234524,232.36677393234524,160.0,90.0,True,-2.4944043234108486,-0.8004359711310909,1.4393822733567248,0.23456282822292288,0.116820447607606,1.2563755266167913,1.2834119374716746,204.0,111.75,692.5,202.0,90.0,220.0,108.0,205.0,134.0,189.0,115.0
moving,moving_frame_000127,moving_calib_camera,127,results/bus_real_data/ablation/moving_cam/res/moving_res_320x180_low/raw_images/moving/frame_0127.png,12,0.17,232.36677393234524,232.36677393234524,160.0,90.0,True,-2.5630739116342753,-0.7343366636613741,1.335977489589044,0.18477158746228659,0.14368463272104692,1.2314813775932496,1.2535279001970732,195.5,117.25,744.0,192.0,95.0,212.0,113.0,198.0,140.0,180.0,121.0
moving,moving_frame_000128,moving_calib_camera,128,results/bus_real_data/ablation/moving_cam/res/moving_res_320x180_low/raw_images/moving/frame_0128.png,12,0.17,232.36677393234524,232.36677393234524,160.0,90.0,True,-2.6008916843062453,-0.6855245060673671,1.2860967688510132,0.13729950756451667,0.16661105788713995,1.178453212401928,1.1980660971783461,187.75,123.0,811.5,183.0,100.0,205.0,118.0,191.0,147.0,172.0,127.0
moving,moving_frame_000129,moving_calib_camera,129,results/bus_real_data/ablation/moving_cam/res/moving_res_320x180_low/raw_images/moving/frame_0129.png,12,0.17,232.36677393234524,232.36677393234524,160.0,90.0,True,-2.6712919088927096,-0.6132115322060627,1.2163773481676161,0.10149407334123417,0.1955549493717848,1.1475916265772899,1.168550095861323,181.25,129.75,876.5,175.0,106.0,199.0,124.0,186.0,154.0,165.0,135.0
moving,moving_frame_000130,moving_calib_camera,130,results/bus_real_data/ablation/moving_cam/res/moving_res_320x180_low/raw_images/moving/frame_0130.png,12,0.17,232.36677393234524,232.36677393234524,160.0,90.0,True,-2.7049953023044755,-0.579617400014449,1.0671012525045624,0.07129207709160282,0.22124244034832197,1.120120296881645,1.1439843780198837,175.5,136.0,959.0,168.0,112.0,194.0,130.0,182.0,161.0,158.0,141.0
moving,moving_frame_000131,moving_calib_camera,131,results/bus_real_data/ablation/moving_cam/res/moving_res_320x180_low/raw_images/moving/frame_0131.png,12,0.17,232.36677393234524,232.36677393234524,160.0,90.0,True,-2.788760585059116,-0.5473282839396065,0.9855048184743422,0.04602007942155479,0.24982942409858885,1.0926624316727795,1.1218038056828255,170.5,143.25,1054.0,162.0,119.0,190.0,136.0,178.0,169.0,152.0,149.0
moving,moving_frame_000132,moving_calib_camera,132,results/bus_real_data/ablation/moving_cam/res/moving_res_320x180_low/raw_images/moving/frame_0132.png,12,0.17,232.36677393234524,232.36677393234524,160.0,90.0,True,-2.8243348053581774,-0.4838317144712082,0.9264510882247051,0.028557457730418765,0.2729092729557194,1.0588335817414167,1.0938114798632357,167.0,150.0,1137.0,157.0,125.0,187.0,142.0,176.0,176.0,148.0,157.0
moving,moving_frame_000149,moving_calib_camera,149,results/bus_real_data/ablation/moving_cam/res/moving_res_320x180_low/raw_images/moving/frame_0149.png,10,0.17,232.36677393234524,232.36677393234524,160.0,90.0,True,-2.787740121903056,-0.5336161363132979,1.157636347026131,0.9338179169263199,0.08571254116110734,1.6655420830831091,1.911385092597964,290.75,102.0,624.5,283.0,87.0,308.0,95.0,298.0,118.0,274.0,108.0
moving,moving_frame_000150,moving_calib_camera,150,results/bus_real_data/ablation/moving_cam/res/moving_res_320x180_low/raw_images/moving/frame_0150.png,10,0.17,232.36677393234524,232.36677393234524,160.0,90.0,True,-2.7512821383700614,-0.5055126468628035,1.2765503012378734,0.8263222351335474,0.0469192706918936,1.6873507232569045,1.8794047774532125,274.25,96.5,563.0,267.0,82.0,290.0,89.0,281.0,112.0,259.0,103.0
moving,moving_frame_000151,moving_calib_camera,151,results/bus_real_data/ablation/moving_cam/res/moving_res_320x180_low/raw_images/moving/frame_0151.png,10,0.17,232.36677393234524,232.36677393234524,160.0,90.0,True,-2.83423792618781,-0.48233665810121784,1.090436692501722,0.7515908273453297,0.01135720399131604,1.7840907149723062,1.9359745445337169,258.25,91.5,504.0,251.0,78.0,273.0,84.0,265.0,106.0,244.0,98.0
moving,moving_frame_000152,moving_calib_camera,152,results/bus_real_data/ablation/moving_cam/res/moving_res_320x180_low/raw_images/moving/frame_0152.png,10,0.17,232.36677393234524,232.36677393234524,160.0,90.0,True,2.925096078623316,0.4727463861141891,-0.7840626316855778,0.6791456305843552,-0.023251442000390966,1.9239821425324244,2.0404623745319532,242.25,87.25,435.5,235.0,75.0,256.0,80.0,249.0,100.0,229.0,94.0
moving,moving_frame_000153,moving_calib_camera,153,results/bus_real_data/ablation/moving_cam/res/moving_res_320x180_low/raw_images/moving/frame_0153.png,12,0.17,232.36677393234524,232.36677393234524,160.0,90.0,True,-2.6978491432705622,0.6099518936459629,-1.3732860373878886,-0.09429843980823342,0.3013687677240739,1.2234696937946756,1.2635637781860602,141.5,147.5,730.0,126.0,142.0,146.0,125.0,156.0,152.0,138.0,171.0
moving,moving_frame_000153,moving_calib_camera,153,results/bus_real_data/ablation/moving_cam/res/moving_res_320x180_low/raw_images/moving/frame_0153.png,10,0.17,232.36677393234524,232.36677393234524,160.0,90.0,True,-2.9055898219890706,-0.3234741140992892,0.8822885221353779,0.44527254688781687,-0.07880193606075289,2.037329261553771,2.0869086961633276,211.0,81.0,358.0,204.0,70.0,222.0,73.0,218.0,93.0,200.0,88.0
moving,moving_frame_000154,moving_calib_camera,154,results/bus_real_data/ablation/moving_cam/res/moving_res_320x180_low/raw_images/moving/frame_0154.png,12,0.17,232.36677393234524,232.36677393234524,160.0,90.0,True,-2.6978491432705622,0.6099518936459629,-1.3732860373878886,-0.09429843980823342,0.3013687677240739,1.2234696937946756,1.2635637781860602,141.5,147.5,730.0,126.0,142.0,146.0,125.0,156.0,152.0,138.0,171.0
moving,moving_frame_000154,moving_calib_camera,154,results/bus_real_data/ablation/moving_cam/res/moving_res_320x180_low/raw_images/moving/frame_0154.png,10,0.17,232.36677393234524,232.36677393234524,160.0,90.0,True,-2.9055898219890706,-0.3234741140992892,0.8822885221353779,0.44527254688781687,-0.07880193606075289,2.037329261553771,2.0869086961633276,211.0,81.0,358.0,204.0,70.0,222.0,73.0,218.0,93.0,200.0,88.0
moving,moving_frame_000155,moving_calib_camera,155,results/bus_real_data/ablation/moving_cam/res/moving_res_320x180_low/raw_images/moving/frame_0155.png,12,0.17,232.36677393234524,232.36677393234524,160.0,90.0,True,-2.640716847906013,0.6697587946813583,-1.4988726659028981,-0.1421221006268384,0.28881055907868486,1.249283426855535,1.2900850015165035,133.0,144.0,675.0,118.0,139.0,136.0,122.0,147.0,148.0,131.0,167.0
moving,moving_frame_000155,moving_calib_camera,155,results/bus_real_data/ablation/moving_cam/res/moving_res_320x180_low/raw_images/moving/frame_0155.png,10,0.17,232.36677393234524,232.36677393234524,160.0,90.0,True,-2.9508410930600943,-0.2989969329970475,0.7539664592357417,0.3216193338324224,-0.10157506040341754,2.1006806359251256,2.1275844572993003,195.75,78.75,336.0,189.0,68.0,206.0,71.0,203.0,90.0,185.0,86.0
moving,moving_frame_000156,moving_calib_camera,156,results/bus_real_data/ablation/moving_cam/res/moving_res_320x180_low/raw_images/moving/frame_0156.png,12,0.17,232.36677393234524,232.36677393234524,160.0,90.0,True,2.5731317397561178,-0.6664517789963117,1.6593482851472274,-0.20182138767028562,0.2819555463165415,1.285502755192564,1.331445881824527,123.0,141.25,595.5,109.0,136.0,125.0,120.0,136.0,146.0,122.0,163.0
moving,moving_frame_000156,moving_calib_camera,156,results/bus_real_data/ablation/moving_cam/res/moving_res_320x180_low/raw_images/moving/frame_0156.png,10,0.17,232.36677393234524,232.36677393234524,160.0,90.0,True,-3.0717033963984313,-0.20969472886584148,-0.4010189009571676,0.2004564583249234,-0.12252059448248052,2.2361705150692566,2.248477854065193,180.75,77.25,295.0,174.0,67.0,190.0,70.0,188.0,87.0,171.0,85.0
moving,moving_frame_000157,moving_calib_camera,157,results/bus_real_data/ablation/moving_cam/res/moving_res_320x180_low/raw_images/moving/frame_0157.png,12,0.17,232.36677393234524,232.36677393234524,160.0,90.0,True,-2.5498571743244143,0.7405060772186636,-1.662783728051308,-0.2671272486175877,0.274291449935384,1.321336499619681,1.375689976589511,112.5,138.5,596.0,98.0,134.0,114.0,118.0,126.0,142.0,112.0,160.0
moving,moving_frame_000157,moving_calib_camera,157,results/bus_real_data/ablation/moving_cam/res/moving_res_320x180_low/raw_images/moving/frame_0157.png,10,0.17,232.36677393234524,232.36677393234524,160.0,90.0,True,3.0546582513288496,0.1796137917975517,-0.6752607696683378,0.04707556161582266,-0.13292089588563294,2.2452461057728503,2.2496697865581594,165.0,76.25,283.0,158.0,67.0,174.0,68.0,172.0,86.0,156.0,84.0
moving,moving_frame_000158,moving_calib_camera,158,results/bus_real_data/ablation/moving_cam/res/moving_res_320x180_low/raw_images/moving/frame_0158.png,12,0.17,232.36677393234524,232.36677393234524,160.0,90.0,True,-2.4684461370981863,0.7371348291532569,-1.776554379725719,-0.34497254751050016,0.2738921706906766,1.3756521811330524,1.444452111756447,101.25,136.5,524.0,88.0,132.0,102.0,117.0,114.0,140.0,101.0,157.0
moving,moving_frame_000158,moving_calib_camera,158,results/bus_real_data/ablation/moving_cam/res/moving_res_320x180_low/raw_images/moving/frame_0158.png,10,0.17,232.36677393234524,232.36677393234524,160.0,90.0,True,-2.958402738855643,-0.16925495578909272,0.31862733526721576,-0.1022315305020953,-0.1432330496381352,2.302712351250215,2.3094265879082916,149.75,75.5,283.5,142.0,66.0,159.0,68.0,157.0,85.0,141.0,83.0
moving,moving_frame_000159,moving_calib_camera,159,results/bus_real_data/ablation/moving_cam/res/moving_res_320x180_low/raw_images/moving/frame_0159.png,11,0.17,232.36677393234524,232.36677393234524,160.0,90.0,True,1.9976994510676755,0.12575876755056611,-0.06942582025992235,0.5735000393619959,0.2075914958759582,1.2163569469551219,1.3607059736453773,270.0,130.25,604.0,249.0,120.0,281.0,122.0,293.0,141.0,257.0,138.0
moving,moving_frame_000159,moving_calib_camera,159,results/bus_real_data/ablation/moving_cam/res/moving_res_320x180_low/raw_images/moving/frame_0159.png,12,0.17,232.36677393234524,232.36677393234524,160.0,90.0,True,-2.34248624840462,0.8077230398695632,-1.8089411625151894,-0.4217121738796233,0.26836735755824365,1.3848345596829694,1.4722869808204497,88.75,135.25,517.5,75.0,132.0,89.0,116.0,101.0,137.0,90.0,156.0
moving,moving_frame_000159,moving_calib_camera,159,results/bus_real_data/ablation/moving_cam/res/moving_res_320x180_low/raw_images/moving/frame_0159.png,9,0.17,232.36677393234524,232.36677393234524,160.0,90.0,True,3.086744465134547,0.10150537350297965,-0.3741322131106526,1.2654299329946164,-0.05189981061273805,2.187706782486749,2.527858277633246,294.5,84.5,361.0,285.0,75.0,305.0,76.0,304.0,94.0,284.0,93.0
moving,moving_frame_000159,moving_calib_camera,159,results/bus_real_data/ablation/moving_cam/res/moving_res_320x180_low/raw_images/moving/frame_0159.png,10,0.17,232.36677393234524,232.36677393234524,160.0,90.0,True,3.1188008678552603,0.04586170169037936,-0.019915155721116917,-0.26970251946151275,-0.15159424937820026,2.387093016148755,2.4070590630881052,133.75,75.25,272.5,126.0,67.0,142.0,67.0,142.0,84.0,125.0,83.0
moving,moving_frame_000160,moving_calib_camera,160,results/bus_real_data/ablation/moving_cam/res/moving_res_320x180_low/raw_images/moving/frame_0160.png,12,0.17,232.36677393234524,232.36677393234524,160.0,90.0,True,-2.3028543875451986,0.8470275089701305,-1.950207097793255,-0.5109831205572645,0.2700931254407549,1.4171149788960906,1.5304472906037836,75.75,134.5,485.0,62.0,131.0,75.0,116.0,88.0,137.0,78.0,154.0
moving,moving_frame_000160,moving_calib_camera,160,results/bus_real_data/ablation/moving_cam/res/moving_res_320x180_low/raw_images/moving/frame_0160.png,9,0.17,232.36677393234524,232.36677393234524,160.0,90.0,True,3.106962954594184,0.10395705581788776,-0.22037038024934125,1.1007653729518767,-0.09974772416833166,2.3157367626600425,2.565983392132899,270.5,80.0,307.0,262.0,71.0,280.0,72.0,279.0,89.0,261.0,88.0
moving,moving_frame_000160,moving_calib_camera,160,results/bus_real_data/ablation/moving_cam/res/moving_res_320x180_low/raw_images/moving/frame_0160.png,10,0.17,232.36677393234524,232.36677393234524,160.0,90.0,True,2.9677825179969823,0.036573160458172965,0.41732472407548193,-0.43901247554120876,-0.1513308525680894,2.419080234604168,2.4632462650072897,117.75,75.5,264.5,110.0,67.0,126.0,68.0,126.0,84.0,109.0,83.0
moving,moving_frame_000161,moving_calib_camera,161,results/bus_real_data/ablation/moving_cam/res/moving_res_320x180_low/raw_images/moving/frame_0161.png,12,0.17,232.36677393234524,232.36677393234524,160.0,90.0,True,-2.20646522387124,0.8653323048670488,-2.0097896067557253,-0.5979893348863348,0.2717538210463877,1.4174888876797995,1.562279146179334,61.5,134.75,484.0,48.0,132.0,60.0,116.0,74.0,137.0,64.0,154.0
moving,moving_frame_000161,moving_calib_camera,161,results/bus_real_data/ablation/moving_cam/res/moving_res_320x180_low/raw_images/moving/frame_0161.png,11,0.17,232.36677393234524,232.36677393234524,160.0,90.0,True,1.9765483729764086,0.0033953826115162423,-0.0065714192265813026,0.4078142822738128,0.14750340031259832,1.3928626991351571,1.4588132987371478,228.25,115.0,399.0,211.0,108.0,238.0,108.0,247.0,122.0,217.0,122.0
moving,moving_frame_000161,moving_calib_camera,161,results/bus_real_data/ablation/moving_cam/res/moving_res_320x180_low/raw_images/moving/frame_0161.png,9,0.17,232.36677393234524,232.36677393234524,160.0,90.0,True,-3.1202529416552287,0.010402748572535635,-0.2049375655761111,0.8810364187709132,-0.1350536521536049,2.3253941257881117,2.4903659370483204,248.0,76.5,272.0,240.0,68.0,256.0,68.0,256.0,85.0,240.0,85.0
moving,moving_frame_000161,moving_calib_camera,161,results/bus_real_data/ablation/moving_cam/res/moving_res_320x180_low/raw_images/moving/frame_0161.png,10,0.17,232.36677393234524,232.36677393234524,160.0,90.0,True,-3.107255533135574,-0.012405851067860796,0.26640539699125926,-0.5911299984183153,-0.13507157148528012,2.3261576292366497,2.403890247184636,101.0,76.5,272.0,93.0,68.0,109.0,68.0,109.0,85.0,93.0,85.0
moving,moving_frame_000162,moving_calib_camera,162,results/bus_real_data/ablation/moving_cam/res/moving_res_320x180_low/raw_images/moving/frame_0162.png,12,0.17,232.36677393234524,232.36677393234524,160.0,90.0,True,2.248615019222054,-0.8612286036876672,1.9633067288302397,-0.6531595439083886,0.24330431452943305,1.49461870795879,1.649151133598026,58.0,128.0,462.0,44.0,124.0,57.0,111.0,71.0,131.0,60.0,146.0
moving,moving_frame_000162,moving_calib_camera,162,results/bus_real_data/ablation/moving_cam/res/moving_res_320x180_low/raw_images/moving/frame_0162.png,11,0.17,232.36677393234524,232.36677393234524,160.0,90.0,True,1.9525634686311273,0.07284671172740588,-0.046201432874592205,0.3554500278102851,0.13737770546410838,1.410262002440991,1.460840946769288,218.75,113.0,366.0,203.0,106.0,230.0,107.0,236.0,120.0,206.0,119.0
moving,moving_frame_000162,moving_calib_camera,162,results/bus_real_data/ablation/moving_cam/res/moving_res_320x180_low/raw_images/moving/frame_0162.png,9,0.17,232.36677393234524,232.36677393234524,160.0,90.0,True,3.1319700853608157,0.05010639150838292,0.0030455007942248027,0.9125305778169204,-0.1362637747678091,2.389186786418945,2.5611507905946773,248.75,76.75,272.5,241.0,68.0,257.0,69.0,257.0,85.0,240.0,85.0
moving,moving_frame_000162,moving_calib_camera,162,results/bus_real_data/ablation/moving_cam/res/moving_res_320x180_low/raw_images/moving/frame_0162.png,10,0.17,232.36677393234524,232.36677393234524,160.0,90.0,True,3.0737120341896365,0.019039320331989556,-0.1879563544225374,-0.5992764374334617,-0.1690419856786624,2.452384090170445,2.5301966656974013,103.25,74.0,248.0,96.0,66.0,111.0,66.0,111.0,82.0,95.0,82.0
moving,moving_frame_000163,moving_calib_camera,163,results/bus_real_data/ablation/moving_cam/res/moving_res_320x180_low/raw_images/moving/frame_0163.png,12,0.17,232.36677393234524,232.36677393234524,160.0,90.0,True,-2.319779175665193,0.8421918087662167,-1.9208545889656767,-0.7073012552451559,0.21232884429143095,1.5983649424251993,1.7607183457223983,56.75,121.0,425.5,43.0,117.0,57.0,105.0,69.0,124.0,58.0,138.0
moving,moving_frame_000163,moving_calib_camera,163,results/bus_real_data/ablation/moving_cam/res/moving_res_320x180_low/raw_images/moving/frame_0163.png,11,0.17,232.36677393234524,232.36677393234524,160.0,90.0,True,1.9440987800007434,0.11176531317690803,-0.07467871217336555,0.30762119588674774,0.12403214485673043,1.4129477854945736,1.4513566817466246,210.75,110.75,352.5,196.0,104.0,223.0,105.0,227.0,118.0,197.0,116.0
moving,moving_frame_000163,moving_calib_camera,163,results/bus_real_data/ablation/moving_cam/res/moving_res_320x180_low/raw_images/moving/frame_0163.png,10,0.17,232.36677393234524,232.36677393234524,160.0,90.0,True,3.0714540763969778,0.07128376508466973,-0.1986022059588517,-0.5878338934464657,-0.1987304137387928,2.528012972976441,2.603054370382303,106.0,71.75,233.0,99.0,64.0,114.0,64.0,113.0,80.0,98.0,79.0
moving,moving_frame_000163,moving_calib_camera,163,results/bus_real_data/ablation/moving_cam/res/moving_res_320x180_low/raw_images/moving/frame_0163.png,9,0.17,232.36677393234524,232.36677393234524,160.0,90.0,True,2.929135219540997,0.10642687307621278,-0.10039811836350092,0.916269077687648,-0.13885585650039342,2.379494895160662,2.5535907909660622,249.5,76.5,272.0,241.0,68.0,258.0,69.0,258.0,85.0,241.0,84.0
moving,moving_frame_000164,moving_calib_camera,164,results/bus_real_data/ablation/moving_cam/res/moving_res_320x180_low/raw_images/moving/frame_0164.png,11,0.17,232.36677393234524,232.36677393234524,160.0,90.0,True,1.9625588210643876,0.16499988569893337,-0.11212469138038882,0.2745810817452899,0.11321065831559779,1.4879563301759209,1.5173086252042656,203.0,108.0,324.0,190.0,101.0,216.0,103.0,217.0,115.0,189.0,113.0
moving,moving_frame_000164,moving_calib_camera,164,results/bus_real_data/ablation/moving_cam/res/moving_res_320x180_low/raw_images/moving/frame_0164.png,12,0.17,232.36677393234524,232.36677393234524,160.0,90.0,True,2.345840438065649,-0.7460214584681804,1.9439118715818324,-0.7122411976721259,0.1693440822207988,1.6132278206941977,1.7715724493529412,57.0,114.5,405.0,44.0,109.0,58.0,99.0,69.0,119.0,57.0,131.0
moving,moving_frame_000164,moving_calib_camera,164,results/bus_real_data/ablation/moving_cam/res/moving_res_320x180_low/raw_images/moving/frame_0164.png,10,0.17,232.36677393234524,232.36677393234524,160.0,90.0,True,-3.084638182046811,-0.12597812165117647,0.3116663182854097,-0.5729452645089717,-0.2379483842588274,2.6339329851855418,2.7060097339335387,109.5,69.0,211.0,103.0,61.0,117.0,62.0,116.0,77.0,102.0,76.0
moving,moving_frame_000164,moving_calib_camera,164,results/bus_real_data/ablation/moving_cam/res/moving_res_320x180_low/raw_images/moving/frame_0164.png,9,0.17,232.36677393234524,232.36677393234524,160.0,90.0,True,3.0548993407087917,0.1229623246604889,-0.2886139015208044,0.9467432651895281,-0.14231629775666657,2.445844260549269,2.626543524415823,250.0,76.5,273.0,242.0,68.0,259.0,69.0,258.0,85.0,241.0,84.0
moving,moving_frame_000165,moving_calib_camera,165,results/bus_real_data/ablation/moving_cam/res/moving_res_320x180_low/raw_images/moving/frame_0165.png,11,0.17,232.36677393234524,232.36677393234524,160.0,90.0,True,1.9714941944789508,0.21560888660956318,-0.14837835667462618,0.24031470213248873,0.0953969763385851,1.533958678450298,1.5555966592753265,196.5,104.75,304.0,185.0,98.0,210.0,100.0,209.0,112.0,182.0,109.0
moving,moving_frame_000165,moving_calib_camera,165,results/bus_real_data/ablation/moving_cam/res/moving_res_320x180_low/raw_images/moving/frame_0165.png,12,0.17,232.36677393234524,232.36677393234524,160.0,90.0,True,2.3979749510375092,-0.7494818913862412,1.812776760167495,-0.7596558442569601,0.13672553385037528,1.7497888181347863,1.9124674589100743,58.75,108.25,372.5,46.0,103.0,60.0,94.0,71.0,113.0,58.0,123.0
moving,moving_frame_000165,moving_calib_camera,165,results/bus_real_data/ablation/moving_cam/res/moving_res_320x180_low/raw_images/moving/frame_0165.png,9,0.17,232.36677393234524,232.36677393234524,160.0,90.0,True,3.039391605640836,0.1449601036041515,-0.0730523293742382,0.9229344806195426,-0.13977838532905354,2.3570678530758102,2.5351755198654535,251.0,76.25,282.0,243.0,67.0,260.0,69.0,259.0,85.0,242.0,84.0
moving,moving_frame_000165,moving_calib_camera,165,results/bus_real_data/ablation/moving_cam/res/moving_res_320x180_low/raw_images/moving/frame_0165.png,10,0.17,232.36677393234524,232.36677393234524,160.0,90.0,True,3.0892584247749406,0.15316773609311798,-0.45279901990593346,-0.5275665927701418,-0.2592587352040239,2.618702396109739,2.6838673292429296,113.25,67.0,204.0,107.0,59.0,121.0,60.0,119.0,75.0,106.0,74.0
moving,moving_frame_000166,moving_calib_camera,166,results/bus_real_data/ablation/moving_cam/res/moving_res_320x180_low/raw_images/moving/frame_0166.png,11,0.17,232.36677393234524,232.36677393234524,160.0,90.0,True,1.965728659746721,0.251285200157692,-0.19001920290025873,0.21270567947429234,0.07620619962006335,1.6114569342310965,1.627219881215393,190.75,101.25,266.0,181.0,95.0,204.0,97.0,202.0,108.0,176.0,105.0
moving,moving_frame_000166,moving_calib_camera,166,results/bus_real_data/ablation/moving_cam/res/moving_res_320x180_low/raw_images/moving/frame_0166.png,12,0.17,232.36677393234524,232.36677393234524,160.0,90.0,True,2.5168718043810556,-0.7138152709654467,1.7210686246456035,-0.7967032650794292,0.09886290240120514,1.8858620947625833,2.0496306512446902,61.5,102.25,344.0,49.0,97.0,64.0,89.0,73.0,107.0,60.0,116.0
moving,moving_frame_000166,moving_calib_camera,166,results/bus_real_data/ablation/moving_cam/res/moving_res_320x180_low/raw_images/moving/frame_0166.png,9,0.17,232.36677393234524,232.36677393234524,160.0,90.0,True,-2.8247879440885026,-0.05112810817014646,0.5252495179089655,0.9594501726842375,-0.15027802064911178,2.419732603022921,2.607342322650808,252.25,75.5,281.5,244.0,67.0,262.0,68.0,260.0,84.0,243.0,83.0
moving,moving_frame_000166,moving_calib_camera,166,results/bus_real_data/ablation/moving_cam/res/moving_res_320x180_low/raw_images/moving/frame_0166.png,10,0.17,232.36677393234524,232.36677393234524,160.0,90.0,True,-3.0629454443186805,-0.13948378883384702,0.34998576926854397,-0.511329931330617,-0.30999524343149465,2.8259620867600392,2.888531991415342,118.0,64.5,183.0,112.0,57.0,125.0,58.0,124.0,72.0,111.0,71.0
moving,moving_frame_000167,moving_calib_camera,167,results/bus_real_data/ablation/moving_cam/res/moving_res_320x180_low/raw_images/moving/frame_0167.png,11,0.17,232.36677393234524,232.36677393234524,160.0,90.0,True,1.965128920056099,0.30257157319000993,-0.21095749986468146,0.18826083194655283,0.050670450482585346,1.6240937736594308,1.6357537164978861,187.0,97.5,255.0,178.0,91.0,201.0,94.0,197.0,104.0,172.0,101.0
moving,moving_frame_000167,moving_calib_camera,167,results/bus_real_data/ablation/moving_cam/res/moving_res_320x180_low/raw_images/moving/frame_0167.png,12,0.17,232.36677393234524,232.36677393234524,160.0,90.0,True,-2.5414149098638954,0.7160603493746913,-1.69387562022722,-0.789189443542748,0.04995041079098541,1.9520828155320054,2.1061676903876534,65.75,96.0,319.0,54.0,91.0,68.0,83.0,77.0,101.0,64.0,109.0
moving,moving_frame_000167,moving_calib_camera,167,results/bus_real_data/ablation/moving_cam/res/moving_res_320x180_low/raw_images/moving/frame_0167.png,9,0.17,232.36677393234524,232.36677393234524,160.0,90.0,True,3.0532285573714404,0.21676080909199694,-0.26071734671838304,0.9769689210886434,-0.1570468107162877,2.4292571452855114,2.6230558994138837,253.5,75.0,276.0,246.0,66.0,263.0,68.0,261.0,84.0,244.0,82.0
moving,moving_frame_000167,moving_calib_camera,167,results/bus_real_data/ablation/moving_cam/res/moving_res_320x180_low/raw_images/moving/frame_0167.png,10,0.17,232.36677393234524,232.36677393234524,160.0,90.0,True,-3.035984189650089,-0.20501434052671552,0.36933561469097365,-0.4686126166192366,-0.348522386090984,2.9197383444331537,2.9775724404310524,122.75,62.25,171.0,117.0,55.0,130.0,56.0,128.0,70.0,116.0,68.0
moving,moving_frame_000168,moving_calib_camera,168,results/bus_real_data/ablation/moving_cam/res/moving_res_320x180_low/raw_images/moving/frame_0168.png,13,0.17,232.36677393234524,232.36677393234524,160.0,90.0,True,1.9368551359643644,0.38376212490399186,-0.24366722111477554,0.8429165951242207,0.39109315513315324,1.4823661258413718,1.7495346733831176,292.5,151.75,445.5,277.0,141.0,305.0,147.0,310.0,163.0,278.0,156.0
moving,moving_frame_000168,moving_calib_camera,168,results/bus_real_data/ablation/moving_cam/res/moving_res_320x180_low/raw_images/moving/frame_0168.png,11,0.17,232.36677393234524,232.36677393234524,160.0,90.0,True,1.9314531175706784,0.3714966964398814,-0.2424356278612341,0.17289966040745228,0.025802354893202203,1.6952451808094768,1.7042348069279665,183.75,93.75,214.0,176.0,88.0,198.0,91.0,192.0,100.0,169.0,96.0
moving,moving_frame_000168,moving_calib_camera,168,results/bus_real_data/ablation/moving_cam/res/moving_res_320x180_low/raw_images/moving/frame_0168.png,12,0.17,232.36677393234524,232.36677393234524,160.0,90.0,True,2.521665165588875,-0.6822064765519659,1.660080419371047,-0.7806077598422279,0.006146510547827489,2.0329773242360623,2.177701323684181,70.5,90.75,286.0,59.0,85.0,73.0,79.0,81.0,96.0,69.0,103.0
moving,moving_frame_000168,moving_calib_camera,168,results/bus_real_data/ablation/moving_cam/res/moving_res_320x180_low/raw_images/moving/frame_0168.png,9,0.17,232.36677393234524,232.36677393234524,160.0,90.0,True,2.8181288573222045,0.28551144936561806,-0.8378584113808553,0.9944071993902022,-0.1656396252237669,2.436337391753265,2.6366687410629415,255.0,74.25,268.0,248.0,66.0,265.0,67.0,262.0,83.0,245.0,81.0
moving,moving_frame_000168,moving_calib_camera,168,results/bus_real_data/ablation/moving_cam/res/moving_res_320x180_low/raw_images/moving/frame_0168.png,10,0.17,232.36677393234524,232.36677393234524,160.0,90.0,True,3.011463081938192,0.19849339710770023,-0.46327708191119726,-0.4103145563978998,-0.3842820767086905,2.974810052210385,3.027461906680826,128.0,60.0,158.0,123.0,53.0,135.0,54.0,133.0,67.0,121.0,66.0
moving,moving_frame_000169,moving_calib_camera,169,results/bus_real_data/ablation/moving_cam/res/moving_res_320x180_low/raw_images/moving/frame_0169.png,13,0.17,232.36677393234524,232.36677393234524,160.0,90.0,True,1.9287087616745175,0.4157022140487447,-0.2864033291586492,0.8221062497300232,0.3799105153909142,1.5262295482132182,1.7747020367906488,285.5,148.25,414.0,271.0,138.0,299.0,144.0,301.0,159.0,271.0,152.0
moving,moving_frame_000169,moving_calib_camera,169,results/bus_real_data/ablation/moving_cam/res/moving_res_320x180_low/raw_images/moving/frame_0169.png,11,0.17,232.36677393234524,232.36677393234524,160.0,90.0,True,1.9703858680486408,0.4017525649083537,-0.270831591317742,0.16548737797121738,-0.003456143081231067,1.7921563474543003,1.7997839845141208,181.5,89.75,203.0,175.0,84.0,195.0,87.0,189.0,96.0,167.0,92.0
moving,moving_frame_000169,moving_calib_camera,169,results/bus_real_data/ablation/moving_cam/res/moving_res_320x180_low/raw_images/moving/frame_0169.png,12,0.17,232.36677393234524,232.36677393234524,160.0,90.0,True,-2.634569438877225,0.6817624955721187,-1.5379309218475108,-0.780948467819438,-0.04485005893494802,2.1796436479616417,2.3157587243224476,76.5,85.25,266.5,66.0,80.0,79.0,74.0,87.0,90.0,74.0,97.0
moving,moving_frame_000169,moving_calib_camera,169,results/bus_real_data/ablation/moving_cam/res/moving_res_320x180_low/raw_images/moving/frame_0169.png,9,0.17,232.36677393234524,232.36677393234524,160.0,90.0,True,2.827799234102879,0.31633598009347796,-0.6586324747388564,1.0330159048612912,-0.1765607602767438,2.4777988403452613,2.6903127429691542,257.0,73.5,261.0,250.0,65.0,267.0,67.0,264.0,82.0,247.0,80.0
moving,moving_frame_000169,moving_calib_camera,169,results/bus_real_data/ablation/moving_cam/res/moving_res_320x180_low/raw_images/moving/frame_0169.png,10,0.17,232.36677393234524,232.36677393234524,160.0,90.0,True,-3.0608554008217084,-0.2667725006829918,0.5874911328005832,-0.35807175356302573,-0.43484652682098796,3.1331642731886697,3.1833983799351695,133.5,57.75,140.5,129.0,51.0,140.0,52.0,138.0,65.0,127.0,63.0
moving,moving_frame_000170,moving_calib_camera,170,results/bus_real_data/ablation/moving_cam/res/moving_res_320x180_low/raw_images/moving/frame_0170.png,13,0.17,232.36677393234524,232.36677393234524,160.0,90.0,True,1.9823269042576686,0.3453655755718952,-0.2326431199555674,0.7379561550287387,0.3966473834304509,1.5662763481503434,1.776268569868363,269.75,149.25,418.0,256.0,139.0,282.0,144.0,285.0,160.0,256.0,154.0
moving,moving_frame_000170,moving_calib_camera,170,results/bus_real_data/ablation/moving_cam/res/moving_res_320x180_low/raw_images/moving/frame_0170.png,11,0.17,232.36677393234524,232.36677393234524,160.0,90.0,True,1.9343647616600896,0.36645384201179865,-0.234397938806084,0.03263871049331225,0.01843328336379743,1.688880424329982,1.689296350272283,164.5,92.75,215.0,158.0,87.0,179.0,90.0,172.0,99.0,149.0,95.0
moving,moving_frame_000170,moving_calib_camera,170,results/bus_real_data/ablation/moving_cam/res/moving_res_320x180_low/raw_images/moving/frame_0170.png,12,0.17,232.36677393234524,232.36677393234524,160.0,90.0,True,2.5706834811108576,-0.7219047622752789,1.5795006781513155,-0.9406710412820635,0.004003724866919613,2.072705409951974,2.276177882803467,54.25,90.5,313.0,42.0,85.0,57.0,79.0,66.0,95.0,52.0,103.0
moving,moving_frame_000170,moving_calib_camera,170,results/bus_real_data/ablation/moving_cam/res/moving_res_320x180_low/raw_images/moving/frame_0170.png,9,0.17,232.36677393234524,232.36677393234524,160.0,90.0,True,-2.9616078959262016,-0.18046313698688649,0.7868103974274794,0.8741902616357597,-0.18319369204663244,2.543427970958436,2.6956992387501657,240.0,73.25,251.0,233.0,65.0,249.0,66.0,247.0,82.0,231.0,80.0
moving,moving_frame_000170,moving_calib_camera,170,results/bus_real_data/ablation/moving_cam/res/moving_res_320x180_low/raw_images/moving/frame_0170.png,10,0.17,232.36677393234524,232.36677393234524,160.0,90.0,True,3.019684556181735,0.21697508289176184,-0.6191419846490241,-0.5745409925696208,-0.38692568752707707,2.9959883903325633,3.0750211828243867,115.5,60.0,145.0,111.0,53.0,122.0,54.0,120.0,67.0,109.0,66.0
moving,moving_frame_000171,moving_calib_camera,171,results/bus_real_data/ablation/moving_cam/res/moving_res_320x180_low/raw_images/moving/frame_0171.png,13,0.17,232.36677393234524,232.36677393234524,160.0,90.0,True,1.9607104772355135,0.2925029559647929,-0.17083722958763903,0.6132778919000876,0.3952515519541384,1.5040195597614525,1.6716484074591176,255.0,151.5,438.0,241.0,141.0,267.0,146.0,271.0,162.0,241.0,157.0
moving,moving_frame_000171,moving_calib_camera,171,results/bus_real_data/ablation/moving_cam/res/moving_res_320x180_low/raw_images/moving/frame_0171.png,11,0.17,232.36677393234524,232.36677393234524,160.0,90.0,True,1.9429904198951276,0.2698871647274523,-0.20146834193526109,-0.09075964348612364,0.045554693621465525,1.6254873733414807,1.6286564229110019,147.0,96.75,238.5,140.0,91.0,162.0,93.0,155.0,103.0,131.0,100.0
moving,moving_frame_000171,moving_calib_camera,171,results/bus_real_data/ablation/moving_cam/res/moving_res_320x180_low/raw_images/moving/frame_0171.png,12,0.17,232.36677393234524,232.36677393234524,160.0,90.0,True,2.499937810368743,-0.6787874599719301,1.7567599845987985,-1.0669049131681887,0.055329282259738585,1.9198775116184994,2.197106525145342,30.5,96.75,371.0,17.0,91.0,34.0,84.0,43.0,102.0,28.0,110.0
moving,moving_frame_000171,moving_calib_camera,171,results/bus_real_data/ablation/moving_cam/res/moving_res_320x180_low/raw_images/moving/frame_0171.png,9,0.17,232.36677393234524,232.36677393234524,160.0,90.0,True,3.134185795742824,0.19512734719501365,2.72781044872637e-07,0.6747489726002189,-0.1686872429833388,2.449831901904053,2.546648367866518,224.0,74.0,260.0,217.0,65.0,233.0,67.0,231.0,83.0,215.0,81.0
moving,moving_frame_000171,moving_calib_camera,171,results/bus_real_data/ablation/moving_cam/res/moving_res_320x180_low/raw_images/moving/frame_0171.png,10,0.17,232.36677393234524,232.36677393234524,160.0,90.0,True,3.0846977232456774,0.22809699668609484,-0.4230404400576537,-0.7851425066254794,-0.34564925369698457,2.893709707225071,3.0181911854586065,97.0,62.25,165.0,92.0,55.0,104.0,56.0,102.0,70.0,90.0,68.0
moving,moving_frame_000172,moving_calib_camera,172,results/bus_real_data/ablation/moving_cam/res/moving_res_320x180_low/raw_images/moving/frame_0172.png,13,0.17,232.36677393234524,232.36677393234524,160.0,90.0,True,1.9846734257051155,0.22463482602325824,-0.12738008076611038,0.5241757711140479,0.4142923386204648,1.503008724227802,1.6448202351526156,241.25,154.5,457.5,227.0,144.0,253.0,148.0,257.0,165.0,228.0,161.0
moving,moving_frame_000172,moving_calib_camera,172,results/bus_real_data/ablation/moving_cam/res/moving_res_320x180_low/raw_images/moving/frame_0172.png,11,0.17,232.36677393234524,232.36677393234524,160.0,90.0,True,1.9566797398167453,0.20813071193109042,-0.12067904565698573,-0.2063321242098223,0.07447939203471328,1.575970976269033,1.5911645557142,129.5,101.25,272.0,122.0,95.0,145.0,97.0,138.0,108.0,113.0,105.0
moving,moving_frame_000172,moving_calib_camera,172,results/bus_real_data/ablation/moving_cam/res/moving_res_320x180_low/raw_images/moving/frame_0172.png,9,0.17,232.36677393234524,232.36677393234524,160.0,90.0,True,-2.8702350915084,-0.12659730650296575,0.16243462652699991,0.5146521131544877,-0.16290785090257578,2.493292242545275,2.551060950309992,208.0,74.75,251.0,201.0,66.0,217.0,68.0,215.0,83.0,199.0,82.0
moving,moving_frame_000172,moving_calib_camera,172,results/bus_real_data/ablation/moving_cam/res/moving_res_320x180_low/raw_images/moving/frame_0172.png,10,0.17,232.36677393234524,232.36677393234524,160.0,90.0,True,3.0910010823692042,0.1542002746213415,-0.3598661434354523,-0.9918598443213672,-0.29537050802994974,2.800653747373225,2.9857479968119827,77.75,65.5,176.5,72.0,58.0,85.0,59.0,83.0,73.0,71.0,72.0
moving,moving_frame_000173,moving_calib_camera,173,results/bus_real_data/ablation/moving_cam/res/moving_res_320x180_low/raw_images/moving/frame_0173.png,9,0.17,232.36677393234524,232.36677393234524,160.0,90.0,True,3.1367740672107116,0.183882024371491,9.86022853061489e-08,0.6405821460201706,-0.07448629692105797,2.307752024780124,2.3961663343986745,224.5,82.5,293.0,217.0,73.0,234.0,75.0,232.0,92.0,215.0,90.0
moving,moving_frame_000173,moving_calib_camera,173,results/bus_real_data/ablation/moving_cam/res/moving_res_320x180_low/raw_images/moving/frame_0173.png,10,0.17,232.36677393234524,232.36677393234524,160.0,90.0,True,-2.752078555705056,-0.12734182604705796,-1.3069216447797225,-0.8013136816021301,-0.24204373734757054,2.7142955195391316,2.840438162414761,91.25,69.25,183.5,86.0,61.0,98.0,63.0,97.0,77.0,84.0,76.0
moving,moving_frame_000174,moving_calib_camera,174,results/bus_real_data/ablation/moving_cam/res/moving_res_320x180_low/raw_images/moving/frame_0174.png,11,0.17,232.36677393234524,232.36677393234524,160.0,90.0,True,1.9050714609635613,0.33917881640205083,-0.2456063749917812,-0.0662067547443165,0.1803279301256847,1.4026874802273837,1.4157802315132935,149.0,120.25,374.5,142.0,112.0,167.0,116.0,157.0,129.0,130.0,124.0
moving,moving_frame_000174,moving_calib_camera,174,results/bus_real_data/ablation/moving_cam/res/moving_res_320x180_low/raw_images/moving/frame_0174.png,12,0.17,232.36677393234524,232.36677393234524,160.0,90.0,True,2.615636788017596,-0.6834683119445834,1.5221948518426462,-1.0380727693153287,0.17085572082741482,1.7926627233557355,2.0785635403909724,25.0,112.25,494.5,9.0,107.0,30.0,98.0,40.0,117.0,21.0,127.0
moving,moving_frame_000174,moving_calib_camera,174,results/bus_real_data/ablation/moving_cam/res/moving_res_320x180_low/raw_images/moving/frame_0174.png,9,0.17,232.36677393234524,232.36677393234524,160.0,90.0,True,-2.9137877161335823,-0.1412194977265466,0.16272090993394625,0.7510191506042277,0.009861708589147634,2.1295172611081923,2.2580900742061485,242.0,91.0,348.0,234.0,81.0,253.0,83.0,250.0,101.0,231.0,99.0
moving,moving_frame_000174,moving_calib_camera,174,results/bus_real_data/ablation/moving_cam/res/moving_res_320x180_low/raw_images/moving/frame_0174.png,10,0.17,232.36677393234524,232.36677393234524,160.0,90.0,True,-3.055262582473536,-0.2543940376300112,0.5291432464467255,-0.674212798604266,-0.20441801839124435,2.7944766199205393,2.8819176260482053,104.0,73.0,172.0,99.0,65.0,111.0,67.0,109.0,81.0,97.0,79.0
moving,moving_frame_000175,moving_calib_camera,175,results/bus_real_data/ablation/moving_cam/res/moving_res_320x180_low/raw_images/moving/frame_0175.png,11,0.17,232.36677393234524,232.36677393234524,160.0,90.0,True,1.895881375147865,0.4305655387951809,-0.27713720013360443,-0.019784606133199274,0.23011960257775646,1.3193565921347157,1.339420874609516,156.5,131.0,469.0,150.0,121.0,176.0,127.0,164.0,142.0,136.0,134.0
moving,moving_frame_000175,moving_calib_camera,175,results/bus_real_data/ablation/moving_cam/res/moving_res_320x180_low/raw_images/moving/frame_0175.png,12,0.17,232.36677393234524,232.36677393234524,160.0,90.0,True,-2.6756570103905664,0.5912199936272786,-1.514412753039663,-0.9522510996877469,0.19720765431656387,1.7520119811468793,2.003801137303744,33.25,116.25,510.5,18.0,110.0,39.0,102.0,48.0,121.0,28.0,132.0
moving,moving_frame_000175,moving_calib_camera,175,results/bus_real_data/ablation/moving_cam/res/moving_res_320x180_low/raw_images/moving/frame_0175.png,9,0.17,232.36677393234524,232.36677393234524,160.0,90.0,True,2.7910590481415185,0.31320687374629363,-0.47836093182529676,0.8676102039439663,0.09233941271053098,2.018880365911982,2.1993526240674353,260.0,100.75,399.0,251.0,90.0,272.0,93.0,269.0,112.0,248.0,108.0
moving,moving_frame_000175,moving_calib_camera,175,results/bus_real_data/ablation/moving_cam/res/moving_res_320x180_low/raw_images/moving/frame_0175.png,10,0.17,232.36677393234524,232.36677393234524,160.0,90.0,True,2.967365741740045,0.2750194795070699,-0.7295980807562635,-0.484009848836316,-0.13904238635240737,2.580087302003644,2.628773250954439,116.5,77.5,186.0,112.0,69.0,124.0,71.0,121.0,86.0,109.0,84.0
moving,moving_frame_000176,moving_calib_camera,176,results/bus_real_data/ablation/moving_cam/res/moving_res_320x180_low/raw_images/moving/frame_0176.png,11,0.17,232.36677393234524,232.36677393234524,160.0,90.0,True,1.8685901368680082,0.49172608272643387,-0.3521394906481536,0.015330954226045716,0.2692441583800016,1.194291611591992,1.2243610204911923,163.0,143.0,608.0,157.0,131.0,185.0,139.0,170.0,156.0,140.0,146.0
moving,moving_frame_000176,moving_calib_camera,176,results/bus_real_data/ablation/moving_cam/res/moving_res_320x180_low/raw_images/moving/frame_0176.png,12,0.17,232.36677393234524,232.36677393234524,160.0,90.0,True,2.6672670403601884,-0.5727734961113702,1.3716401988950786,-0.8804536864161259,0.22506868724703658,1.7220615076865622,1.947139040787423,40.75,120.5,537.0,25.0,114.0,47.0,106.0,56.0,126.0,35.0,136.0
moving,moving_frame_000176,moving_calib_camera,176,results/bus_real_data/ablation/moving_cam/res/moving_res_320x180_low/raw_images/moving/frame_0176.png,9,0.17,232.36677393234524,232.36677393234524,160.0,90.0,True,2.997805458189158,0.2748501974096962,-0.8814999054604228,0.9618670596087955,0.17262307053878118,1.8906244922929036,2.1282499702103856,278.5,111.25,489.5,269.0,99.0,292.0,103.0,288.0,124.0,265.0,119.0
moving,moving_frame_000176,moving_calib_camera,176,results/bus_real_data/ablation/moving_cam/res/moving_res_320x180_low/raw_images/moving/frame_0176.png,10,0.17,232.36677393234524,232.36677393234524,160.0,90.0,True,2.9986701485530483,0.30989776174923156,-0.713813612253112,-0.37415480423909103,-0.08918093027331997,2.668032279207515,2.6956151985683814,127.5,82.25,181.5,123.0,74.0,135.0,76.0,132.0,91.0,120.0,88.0
moving,moving_frame_000177,moving_calib_camera,177,results/bus_real_data/ablation/moving_cam/res/moving_res_320x180_low/raw_images/moving/frame_0177.png,11,0.17,232.36677393234524,232.36677393234524,160.0,90.0,True,1.8262828164536602,0.557357989055614,-0.3664921981383212,0.036243742663138845,0.31912127015832,1.127686001736363,1.1725304740013522,167.5,156.5,726.0,162.0,143.0,191.0,153.0,174.0,172.0,143.0,158.0
moving,moving_frame_000177,moving_calib_camera,177,results/bus_real_data/ablation/moving_cam/res/moving_res_320x180_low/raw_images/moving/frame_0177.png,9,0.17,232.36677393234524,232.36677393234524,160.0,90.0,True,2.8051038844739984,0.3008854510557778,-1.1963555215880242,0.998165874546993,0.24511391974839183,1.6804248540598918,1.9698334033381588,298.5,124.0,628.0,288.0,110.0,314.0,115.0,309.0,139.0,283.0,132.0
moving,moving_frame_000177,moving_calib_camera,177,results/bus_real_data/ablation/moving_cam/res/moving_res_320x180_low/raw_images/moving/frame_0177.png,12,0.17,232.36677393234524,232.36677393234524,160.0,90.0,True,2.816320634052459,-0.5223777302172076,1.2838319240613583,-0.8252278767657335,0.2571142211213829,1.6998331412095242,1.906971808718832,46.75,125.25,564.5,31.0,119.0,54.0,110.0,62.0,131.0,40.0,141.0
moving,moving_frame_000177,moving_calib_camera,177,results/bus_real_data/ablation/moving_cam/res/moving_res_320x180_low/raw_images/moving/frame_0177.png,10,0.17,232.36677393234524,232.36677393234524,160.0,90.0,True,2.9485589559211998,0.290975465408696,-0.9036256911785344,-0.23278995930656202,-0.0352216266691856,2.5025953967581183,2.5136458477705443,138.5,86.75,193.5,134.0,78.0,146.0,80.0,143.0,96.0,131.0,93.0
moving,moving_frame_000178,moving_calib_camera,178,results/bus_real_data/ablation/moving_cam/res/moving_res_320x180_low/raw_images/moving/frame_0178.png,12,0.17,232.36677393234524,232.36677393234524,160.0,90.0,True,2.8091911617448284,-0.45813727832896706,1.2904094789112328,-0.7793888402261177,0.28972588816636224,1.6877035273168084,1.8814173515359098,52.25,130.0,562.5,37.0,123.0,60.0,115.0,67.0,136.0,45.0,146.0
moving,moving_frame_000178,moving_calib_camera,178,results/bus_real_data/ablation/moving_cam/res/moving_res_320x180_low/raw_images/moving/frame_0178.png,10,0.17,232.36677393234524,232.36677393234524,160.0,90.0,True,2.8708603118899965,0.35548328727841594,-0.8904422878537065,-0.12168120028222346,0.02147993209021112,2.5446262336531094,2.54762445642609,149.0,92.0,192.0,145.0,83.0,157.0,86.0,153.0,101.0,141.0,98.0
moving,moving_frame_000179,moving_calib_camera,179,results/bus_real_data/ablation/moving_cam/res/moving_res_320x180_low/raw_images/moving/frame_0179.png,12,0.17,232.36677393234524,232.36677393234524,160.0,90.0,True,2.933127295454669,-0.5127608025389437,0.274576335988266,-0.7440645584770071,0.317636981819792,1.6721764045921037,1.8576057836569484,56.5,134.25,599.5,41.0,127.0,65.0,119.0,72.0,141.0,48.0,150.0
moving,moving_frame_000179,moving_calib_camera,179,results/bus_real_data/ablation/moving_cam/res/moving_res_320x180_low/raw_images/moving/frame_0179.png,10,0.17,232.36677393234524,232.36677393234524,160.0,90.0,True,2.8677093357869894,0.3680233680823507,-1.0132014444008788,-0.01200431673794832,0.07662775425322992,2.4682566990902197,2.4694750553398968,159.0,97.25,200.0,155.0,88.0,167.0,91.0,163.0,107.0,151.0,103.0
moving,moving_frame_000180,moving_calib_camera,180,results/bus_real_data/ablation/moving_cam/res/moving_res_320x180_low/raw_images/moving/frame_0180.png,12,0.17,232.36677393234524,232.36677393234524,160.0,90.0,True,2.9871231629204,-0.3690813305179731,0.8688805161776165,-0.7044244312391789,0.34759057101218166,1.6508786468243566,1.8282322858225193,60.5,139.0,623.0,45.0,131.0,70.0,124.0,76.0,146.0,51.0,155.0
moving,moving_frame_000180,moving_calib_camera,180,results/bus_real_data/ablation/moving_cam/res/moving_res_320x180_low/raw_images/moving/frame_0180.png,10,0.17,232.36677393234524,232.36677393234524,160.0,90.0,True,2.798609647736346,0.33581548457093613,-1.169097039515499,0.0785885838394393,0.1272899946026744,2.3280467211864253,2.332848139991693,168.0,102.75,212.0,164.0,93.0,176.0,96.0,172.0,113.0,160.0,109.0
moving,moving_frame_000181,moving_calib_camera,181,results/bus_real_data/ablation/moving_cam/res/moving_res_320x180_low/raw_images/moving/frame_0181.png,12,0.17,232.36677393234524,232.36677393234524,160.0,90.0,True,2.7913844452707757,-0.3916471773028947,1.2586592034070763,-0.7806955030582053,0.36959631368691526,1.4790602478960346,1.7128065041015406,36.75,148.25,780.0,19.0,140.0,47.0,131.0,54.0,155.0,27.0,167.0
moving,moving_frame_000181,moving_calib_camera,181,results/bus_real_data/ablation/moving_cam/res/moving_res_320x180_low/raw_images/moving/frame_0181.png,10,0.17,232.36677393234524,232.36677393234524,160.0,90.0,True,2.8163213500803246,0.4171415101037215,-1.057013642714705,-0.08531206708079372,0.14992459242623984,2.2927496047547096,2.2992294975288243,151.5,105.25,220.5,148.0,95.0,160.0,99.0,155.0,116.0,143.0,111.0
moving,moving_frame_000182,moving_calib_camera,182,results/bus_real_data/ablation/moving_cam/res/moving_res_320x180_low/raw_images/moving/frame_0182.png,10,0.17,232.36677393234524,232.36677393234524,160.0,90.0,True,2.864136572482696,0.2953097803485485,-0.9373868620322127,-0.23435163041458815,0.1730091349437872,2.2095878593307905,2.228706206648601,135.5,108.25,241.5,131.0,98.0,144.0,101.0,140.0,119.0,127.0,115.0
moving,moving_frame_000183,moving_calib_camera,183,results/bus_real_data/ablation/moving_cam/res/moving_res_320x180_low/raw_images/moving/frame_0183.png,10,0.17,232.36677393234524,232.36677393234524,160.0,90.0,True,2.8966346129546348,0.2671152886863385,-0.8192040875933287,-0.3720456953052475,0.19611051599596516,2.101171085799707,2.1428479334008017,119.0,111.75,273.0,114.0,101.0,128.0,104.0,124.0,123.0,110.0,119.0
moving,moving_frame_000184,moving_calib_camera,184,results/bus_real_data/ablation/moving_cam/res/moving_res_320x180_low/raw_images/moving/frame_0184.png,10,0.17,232.36677393234524,232.36677393234524,160.0,90.0,True,2.923166074506111,0.24067418446542313,-0.7125299670624856,-0.4971836922799353,0.22583093934208523,2.0042816933092347,2.0773387646620787,102.5,116.25,306.5,97.0,105.0,112.0,108.0,108.0,128.0,93.0,124.0
moving,moving_frame_000185,moving_calib_camera,185,results/bus_real_data/ablation/moving_cam/res/moving_res_320x180_low/raw_images/moving/frame_0185.png,10,0.17,232.36677393234524,232.36677393234524,160.0,90.0,True,2.9669985089953985,0.23662400035018688,-0.6624853335345037,-0.6030892122413946,0.25225809496615936,1.8647422874454598,1.9760097527555949,85.0,121.5,352.0,79.0,109.0,95.0,113.0,91.0,134.0,75.0,130.0
moving,moving_frame_000186,moving_calib_camera,186,results/bus_real_data/ablation/moving_cam/res/moving_res_320x180_low/raw_images/moving/frame_0186.png,10,0.17,232.36677393234524,232.36677393234524,160.0,90.0,True,2.9535518361567448,0.17926164846477166,-0.6010590510515604,-0.7010676943703543,0.28499176271464943,1.7582221696820686,1.9141738204422523,67.5,127.75,396.5,61.0,115.0,78.0,118.0,74.0,141.0,57.0,137.0
moving,moving_frame_000187,moving_calib_camera,187,results/bus_real_data/ablation/moving_cam/res/moving_res_320x180_low/raw_images/moving/frame_0187.png,10,0.17,232.36677393234524,232.36677393234524,160.0,90.0,True,3.0326080358795,0.16847689085519216,-0.40533336623410415,-0.8043743772716654,0.32784211911097016,1.685768901044277,1.8963953653187355,49.25,135.25,470.5,41.0,122.0,61.0,125.0,57.0,149.0,38.0,145.0
moving,moving_frame_000187,moving_calib_camera,187,results/bus_real_data/ablation/moving_cam/res/moving_res_320x180_low/raw_images/moving/frame_0187.png,0,0.17,232.36677393234524,232.36677393234524,160.0,90.0,True,-3.141510198871187,3.7934792391512953e-07,-2.6297544593720985e-06,2.805000011669198,-1.1390000288238125,7.900470224818241,8.460660488659524,242.5,56.5,25.0,240.0,54.0,245.0,54.0,245.0,59.0,240.0,59.0
moving,moving_frame_000188,moving_calib_camera,188,results/bus_real_data/ablation/moving_cam/res/moving_res_320x180_low/raw_images/moving/frame_0188.png,10,0.17,232.36677393234524,232.36677393234524,160.0,90.0,True,3.002203276133268,0.12426503835154391,-0.3106790550365292,-0.8634859929257215,0.35440179808705224,1.5420715796378304,1.8025519274608897,30.0,143.5,584.0,21.0,129.0,43.0,132.0,39.0,158.0,17.0,155.0
moving,moving_frame_000189,moving_calib_camera,189,results/bus_real_data/ablation/moving_cam/res/moving_res_320x180_low/raw_images/moving/frame_0189.png,0,0.17,232.36677393234524,232.36677393234524,160.0,90.0,True,-2.79274946963407,-5.730231551325937e-14,0.5829075551744443,1.6486415565216397,-1.1727449871265445,7.900469450405657,8.15541337539144,208.5,55.5,25.0,206.0,53.0,211.0,53.0,211.0,58.0,206.0,58.0
moving,moving_frame_000190,moving_calib_camera,190,results/bus_real_data/ablation/moving_cam/res/moving_res_320x180_low/raw_images/moving/frame_0190.png,0,0.17,232.36677393234524,232.36677393234524,160.0,90.0,True,-2.8221332729567625,2.7476175478006625e-16,0.39471793249191184,1.1047542982140557,-1.1727391147272268,7.90046945040578,8.063077367074476,192.5,55.5,25.0,190.0,53.0,195.0,53.0,195.0,58.0,190.0,58.0
moving,moving_frame_000191,moving_calib_camera,191,results/bus_real_data/ablation/moving_cam/res/moving_res_320x180_low/raw_images/moving/frame_0191.png,0,0.17,232.36677393234524,232.36677393234524,160.0,90.0,True,-3.141538645667729,1.0587114520925398e-07,-7.131859584646922e-07,0.5610000176672529,-1.1729999883819915,7.900470563567634,8.006752470157018,176.5,55.5,25.0,174.0,53.0,179.0,53.0,179.0,58.0,174.0,58.0
moving,moving_frame_000195,moving_calib_camera,195,results/bus_real_data/ablation/moving_cam/res/moving_res_320x180_low/raw_images/moving/frame_0195.png,0,0.17,232.36677393234524,232.36677393234524,160.0,90.0,True,-2.8563512234892086,6.247180171069727e-15,0.21511744819558792,0.5948655917471264,-1.1047503762661213,7.900469450405754,7.999484733587495,177.5,57.5,25.0,175.0,55.0,180.0,55.0,180.0,60.0,175.0,60.0
moving,moving_frame_000199,moving_calib_camera,199,results/bus_real_data/ablation/moving_cam/res/moving_res_320x180_low/raw_images/moving/frame_0199.png,14,0.17,232.36677393234524,232.36677393234524,160.0,90.0,True,-1.805738352743752,-1.491055919417074,-0.4993998681547671,0.5645941965361626,0.8813505202118953,4.134317331038007,4.2647538193852785,191.75,139.5,47.5,196.0,137.0,197.0,142.0,188.0,142.0,186.0,137.0
moving,moving_frame_000200,moving_calib_camera,200,results/bus_real_data/ablation/moving_cam/res/moving_res_320x180_low/raw_images/moving/frame_0200.png,14,0.17,232.36677393234524,232.36677393234524,160.0,90.0,True,1.399945370383699,1.39436480367935,-1.0671165771392348,0.5294511978687055,0.848257262948679,3.7583259653280683,3.8890709709040987,192.75,142.5,52.5,197.0,140.0,199.0,145.0,188.0,145.0,187.0,140.0
moving,moving_frame_000201,moving_calib_camera,201,results/bus_real_data/ablation/moving_cam/res/moving_res_320x180_low/raw_images/moving/frame_0201.png,14,0.17,232.36677393234524,232.36677393234524,160.0,90.0,True,1.386215877065889,1.384592156623981,-1.0822137245557746,0.5460274010073919,0.9136414635078132,3.7611713949447436,3.908874122895514,193.75,146.5,52.5,198.0,144.0,200.0,149.0,189.0,149.0,188.0,144.0
moving,moving_frame_000201,moving_calib_camera,201,results/bus_real_data/ablation/moving_cam/res/moving_res_320x180_low/raw_images/moving/frame_0201.png,4,0.17,232.36677393234524,232.36677393234524,160.0,90.0,True,-2.8101105037462037,0.009551655312809711,-0.8964315829046093,1.2695422600883894,-0.5200925900865347,2.372731711044865,2.740819152189934,284.25,39.0,147.0,281.0,30.0,290.0,31.0,287.0,48.0,279.0,47.0
moving,moving_frame_000202,moving_calib_camera,202,results/bus_real_data/ablation/moving_cam/res/moving_res_320x180_low/raw_images/moving/frame_0202.png,14,0.17,232.36677393234524,232.36677393234524,160.0,90.0,True,1.4510981840047483,1.4498119330115944,-1.0302190575457721,0.5622472906227964,0.9701910322923811,3.7613508933332604,3.924939897340104,194.75,150.0,63.0,199.0,147.0,201.0,153.0,190.0,153.0,189.0,147.0
moving,moving_frame_000203,moving_calib_camera,203,results/bus_real_data/ablation/moving_cam/res/moving_res_320x180_low/raw_images/moving/frame_0203.png,4,0.17,232.36677393234524,232.36677393234524,160.0,90.0,True,-2.0254546411745946,-0.30727276460481656,2.068925303828348,1.2321148248713067,-0.44553462103602226,2.1162070432353515,2.488963698017364,295.5,41.0,196.0,292.0,31.0,302.0,32.0,299.0,52.0,289.0,49.0
moving,moving_frame_000204,moving_calib_camera,204,results/bus_real_data/ablation/moving_cam/res/moving_res_320x180_low/raw_images/moving/frame_0204.png,4,0.17,232.36677393234524,232.36677393234524,160.0,90.0,True,-2.0904100668043073,-0.3037784244807254,2.0614287673414577,1.26123759889972,-0.423384145299221,2.0638346363417495,2.4554811792259708,302.25,42.25,229.5,298.0,32.0,310.0,33.0,306.0,53.0,295.0,51.0
moving,moving_frame_000205,moving_calib_camera,205,results/bus_real_data/ablation/moving_cam/res/moving_res_320x180_low/raw_images/moving/frame_0205.png,14,0.17,232.36677393234524,232.36677393234524,160.0,90.0,True,-1.90500350688998,-1.5496659016331602,-0.37238952455788327,0.5368894330198013,1.0259325553809233,3.285763789843146,3.483824271418286,198.0,162.5,84.0,203.0,159.0,205.0,166.0,193.0,166.0,191.0,159.0
moving,moving_frame_000206,moving_calib_camera,206,results/bus_real_data/ablation/moving_cam/res/moving_res_320x180_low/raw_images/moving/frame_0206.png,4,0.17,232.36677393234524,232.36677393234524,160.0,90.0,True,-2.086195998402412,-0.3248759650533136,1.992282837538729,1.1965027725379314,-0.45547369746911326,1.928060689884572,2.314409902686928,304.5,35.0,281.0,300.0,24.0,313.0,25.0,309.0,47.0,296.0,44.0
moving,moving_frame_000207,moving_calib_camera,207,results/bus_real_data/ablation/moving_cam/res/moving_res_320x180_low/raw_images/moving/frame_0207.png,14,0.17,232.36677393234524,232.36677393234524,160.0,90.0,True,1.480379749349527,1.387195256900551,-0.998701422929527,0.27847939342845635,0.8120530054550812,3.011905309651817,3.131861179960204,181.5,152.75,98.5,187.0,149.0,189.0,156.0,176.0,157.0,174.0,149.0
moving,moving_frame_000207,moving_calib_camera,207,results/bus_real_data/ablation/moving_cam/res/moving_res_320x180_low/raw_images/moving/frame_0207.png,4,0.17,232.36677393234524,232.36677393234524,160.0,90.0,True,-2.09931437173081,-0.3439733092410572,1.8917852917747768,1.0899076466621767,-0.4916638711837935,1.8103291578501801,2.169544583603356,300.25,26.75,337.5,295.0,15.0,310.0,16.0,305.0,40.0,291.0,36.0
moving,moving_frame_000208,moving_calib_camera,208,results/bus_real_data/ablation/moving_cam/res/moving_res_320x180_low/raw_images/moving/frame_0208.png,14,0.17,232.36677393234524,232.36677393234524,160.0,90.0,True,1.5829085316274545,1.3854045745066401,-0.8885902253980573,0.19025819247295006,0.7801525536431958,3.104187486846716,3.2063711794261756,174.25,148.5,102.5,179.0,144.0,182.0,152.0,169.0,153.0,167.0,145.0
moving,moving_frame_000208,moving_calib_camera,208,results/bus_real_data/ablation/moving_cam/res/moving_res_320x180_low/raw_images/moving/frame_0208.png,3,0.17,232.36677393234524,232.36677393234524,160.0,90.0,True,2.4776475410534706,0.7143000167013701,1.0129206073987465,0.9497396227185649,0.3754655098358416,2.863735633161207,3.0403883759603985,237.0,120.5,86.0,235.0,111.0,241.0,118.0,239.0,130.0,233.0,123.0
moving,moving_frame_000208,moving_calib_camera,208,results/bus_real_data/ablation/moving_cam/res/moving_res_320x180_low/raw_images/moving/frame_0208.png,4,0.17,232.36677393234524,232.36677393234524,160.0,90.0,True,-2.108316627234306,-0.3831197985020951,1.869226914445763,0.9899019394008747,-0.5177154052049623,1.6809735815530145,2.0183179314209445,297.25,18.25,393.5,292.0,5.0,308.0,7.0,302.0,32.0,287.0,29.0
moving,moving_frame_000210,moving_calib_camera,210,results/bus_real_data/ablation/moving_cam/res/moving_res_320x180_low/raw_images/moving/frame_0210.png,14,0.17,232.36677393234524,232.36677393234524,160.0,90.0,True,1.6268565540860567,1.361703114251158,-0.8522896592276112,0.009290202439329225,0.6387801493240812,2.8746502382765744,2.944781889963232,160.75,141.75,118.5,166.0,137.0,169.0,145.0,155.0,147.0,153.0,138.0
moving,moving_frame_000210,moving_calib_camera,210,results/bus_real_data/ablation/moving_cam/res/moving_res_320x180_low/raw_images/moving/frame_0210.png,3,0.17,232.36677393234524,232.36677393234524,160.0,90.0,True,-2.114780518724464,-0.4331482011876885,1.783164116768527,0.7577091635253601,0.2303762548525481,2.7127572286959185,2.8259950773368567,225.0,109.75,90.0,223.0,100.0,229.0,107.0,227.0,120.0,221.0,112.0
moving,moving_frame_000212,moving_calib_camera,212,results/bus_real_data/ablation/moving_cam/res/moving_res_320x180_low/raw_images/moving/frame_0212.png,14,0.17,232.36677393234524,232.36677393234524,160.0,90.0,True,1.724054203571392,1.2283731620299616,-0.7423637811381913,-0.12046737475880691,0.525675788502237,2.6066057267519485,2.6618115706666354,149.25,137.0,144.0,154.0,131.0,159.0,140.0,144.0,143.0,140.0,134.0
moving,moving_frame_000212,moving_calib_camera,212,results/bus_real_data/ablation/moving_cam/res/moving_res_320x180_low/raw_images/moving/frame_0212.png,0,0.17,232.36677393234524,232.36677393234524,160.0,90.0,True,-2.6746532025469545,0.22672526845091714,-0.5376155090514603,-1.063195274618003,-1.582754346728772,4.599051459053344,4.978631321666585,106.25,10.0,78.0,101.0,6.0,110.0,5.0,111.0,14.0,103.0,15.0
moving,moving_frame_000213,moving_calib_camera,213,results/bus_real_data/ablation/moving_cam/res/moving_res_320x180_low/raw_images/moving/frame_0213.png,14,0.17,232.36677393234524,232.36677393234524,160.0,90.0,True,1.9282973593783694,1.2777689661573357,-0.6354662632834264,-0.1772351276472544,0.5160474686847102,2.6584561171981163,2.713872916603893,144.5,135.25,169.5,149.0,128.0,154.0,138.0,140.0,143.0,135.0,132.0
moving,moving_frame_000213,moving_calib_camera,213,results/bus_real_data/ablation/moving_cam/res/moving_res_320x180_low/raw_images/moving/frame_0213.png,3,0.17,232.36677393234524,232.36677393234524,160.0,90.0,True,-2.153393025284307,-0.45247623618389476,1.551127428920781,0.5449904865470085,0.060478980241801004,2.441458787073293,2.5022776317697497,212.0,95.75,125.0,209.0,85.0,217.0,93.0,215.0,107.0,207.0,98.0
moving,moving_frame_000214,moving_calib_camera,214,results/bus_real_data/ablation/moving_cam/res/moving_res_320x180_low/raw_images/moving/frame_0214.png,14,0.17,232.36677393234524,232.36677393234524,160.0,90.0,True,1.79450289339281,1.3711047058786014,-0.7397887681405154,-0.010958727978332963,0.557077592269989,2.546070202482973,2.606324809669723,159.0,141.0,177.0,164.0,134.0,169.0,145.0,153.0,148.0,150.0,137.0
moving,moving_frame_000215,moving_calib_camera,215,results/bus_real_data/ablation/moving_cam/res/moving_res_320x180_low/raw_images/moving/frame_0215.png,14,0.17,232.36677393234524,232.36677393234524,160.0,90.0,True,1.7869240499712762,1.3994156742842978,-0.7540695090357424,0.1344490458637348,0.6155872869727668,2.452609737743798,2.5322556702457715,172.75,148.5,199.5,178.0,141.0,183.0,153.0,167.0,156.0,163.0,144.0
moving,moving_frame_000215,moving_calib_camera,215,results/bus_real_data/ablation/moving_cam/res/moving_res_320x180_low/raw_images/moving/frame_0215.png,3,0.17,232.36677393234524,232.36677393234524,160.0,90.0,True,2.4789312951308493,0.780029294619619,0.8071863081035117,0.8773663792326498,0.23569965582392194,2.288198739273401,2.4619462954288234,249.0,114.0,156.0,246.0,102.0,255.0,112.0,252.0,126.0,243.0,116.0
moving,moving_frame_000216,moving_calib_camera,216,results/bus_real_data/ablation/moving_cam/res/moving_res_320x180_low/raw_images/moving/frame_0216.png,14,0.17,232.36677393234524,232.36677393234524,160.0,90.0,True,1.7390696233976937,1.4918234282330205,-0.7871246765216128,0.27436842549404944,0.6871269000497957,2.407905367298658,2.519013629884882,186.5,156.5,216.0,192.0,149.0,197.0,162.0,180.0,164.0,177.0,151.0
moving,moving_frame_000216,moving_calib_camera,216,results/bus_real_data/ablation/moving_cam/res/moving_res_320x180_low/raw_images/moving/frame_0216.png,3,0.17,232.36677393234524,232.36677393234524,160.0,90.0,True,-2.030765034639172,-0.4933822126072085,1.8049669330999332,1.0063458351467653,0.33095879725198823,2.1543368955479187,2.4007151278139536,268.75,125.75,189.5,266.0,113.0,276.0,124.0,271.0,139.0,262.0,127.0
moving,moving_frame_000216,moving_calib_camera,216,results/bus_real_data/ablation/moving_cam/res/moving_res_320x180_low/raw_images/moving/frame_0216.png,0,0.17,232.36677393234524,232.36677393234524,160.0,90.0,True,-2.6665705704202507,-0.07021656883221597,0.5953489635430623,-0.14791641887359336,-1.410116622396406,4.149791382664186,4.385325150472308,151.75,11.0,85.0,147.0,6.0,156.0,6.0,156.0,16.0,148.0,16.0
moving,moving_frame_000217,moving_calib_camera,217,results/bus_real_data/ablation/moving_cam/res/moving_res_320x180_low/raw_images/moving/frame_0217.png,14,0.17,232.36677393234524,232.36677393234524,160.0,90.0,True,1.5928696820281143,1.4937318514763491,-0.956629682327529,0.38863601526659625,0.7326217338206671,2.2464688086205555,2.3946596136682468,200.25,166.0,231.0,207.0,159.0,211.0,172.0,193.0,173.0,190.0,160.0
moving,moving_frame_000217,moving_calib_camera,217,results/bus_real_data/ablation/moving_cam/res/moving_res_320x180_low/raw_images/moving/frame_0217.png,3,0.17,232.36677393234524,232.36677393234524,160.0,90.0,True,-1.9892131567563158,-0.49901618777033324,1.8820815075311808,1.1329935829099966,0.42794719691726635,2.0329326540795383,2.366353405197003,289.75,139.0,229.0,287.0,125.0,298.0,138.0,292.0,153.0,282.0,140.0
moving,moving_frame_000219,moving_calib_camera,219,results/bus_real_data/ablation/moving_cam/res/moving_res_320x180_low/raw_images/moving/frame_0219.png,0,0.17,232.36677393234524,232.36677393234524,160.0,90.0,True,-2.932471936799768,0.07105527939312062,-0.40502785514539086,0.5007162796916438,-1.105547457722735,4.078901501531571,4.255630321494332,188.5,27.0,90.0,184.0,22.0,193.0,22.0,193.0,32.0,184.0,32.0
moving,moving_frame_000222,moving_calib_camera,222,results/bus_real_data/ablation/moving_cam/res/moving_res_320x180_low/raw_images/moving/frame_0222.png,0,0.17,232.36677393234524,232.36677393234524,160.0,90.0,True,2.8563598552843565,0.036390004665993785,-0.11792318536353916,0.4746897091596792,-0.5765664943269806,3.6177553620820504,3.6940375068799765,190.5,53.0,110.0,185.0,48.0,196.0,48.0,196.0,58.0,185.0,58.0
moving,moving_frame_000223,moving_calib_camera,223,results/bus_real_data/ablation/moving_cam/res/moving_res_320x180_low/raw_images/moving/frame_0223.png,0,0.17,232.36677393234524,232.36677393234524,160.0,90.0,True,-3.02384717444514,0.03691060530677566,-0.4594871619142259,0.48286797480543675,-0.4432583086499625,3.615383313744643,3.6743211501695283,191.0,61.5,110.0,186.0,56.0,196.0,56.0,196.0,67.0,186.0,67.0
moving,moving_frame_000224,moving_calib_camera,224,results/bus_real_data/ablation/moving_cam/res/moving_res_320x180_low/raw_images/moving/frame_0224.png,0,0.17,232.36677393234524,232.36677393234524,160.0,90.0,True,-3.048952708537127,0.025983912590829956,-0.47051466876229264,0.4966580910983028,-0.3021985342817635,3.602469796514541,3.6490795892080756,192.0,70.5,110.0,187.0,65.0,197.0,65.0,197.0,76.0,187.0,76.0
moving,moving_frame_000225,moving_calib_camera,225,results/bus_real_data/ablation/moving_cam/res/moving_res_320x180_low/raw_images/moving/frame_0225.png,0,0.17,232.36677393234524,232.36677393234524,160.0,90.0,True,-2.6954805767467387,0.1003413950752147,0.18837846929566068,0.49517615111637187,-0.15936739846727052,3.4624356923067667,3.5012938053937273,193.25,79.25,121.0,187.0,74.0,199.0,74.0,199.0,84.0,188.0,85.0
moving,moving_frame_000227,moving_calib_camera,227,results/bus_real_data/ablation/moving_cam/res/moving_res_320x180_low/raw_images/moving/frame_0227.png,0,0.17,232.36677393234524,232.36677393234524,160.0,90.0,True,3.090948336289357,0.00904305896220069,0.44227940851697645,0.5036796540454419,0.0991624955344176,3.2931648946712655,3.3329358556556645,195.5,97.0,132.0,190.0,91.0,201.0,91.0,201.0,103.0,190.0,103.0
moving,moving_frame_000228,moving_calib_camera,228,results/bus_real_data/ablation/moving_cam/res/moving_res_320x180_low/raw_images/moving/frame_0228.png,0,0.17,232.36677393234524,232.36677393234524,160.0,90.0,True,-2.8113612560013155,0.04017874621481546,0.19318505528670196,0.48274932916411584,0.1330412389176331,3.0753700667300308,3.1158703332135333,196.5,100.0,156.0,190.0,94.0,203.0,94.0,203.0,106.0,190.0,106.0
moving,moving_frame_000230,moving_calib_camera,230,results/bus_real_data/ablation/moving_cam/res/moving_res_320x180_low/raw_images/moving/frame_0230.png,0,0.17,232.36677393234524,232.36677393234524,160.0,90.0,True,-3.1490240358145747,3.732822321984724e-08,5.230068334221979e-07,0.5165384780484109,0.21576924255532734,3.038642592319661,3.089776232868105,199.5,106.5,169.0,193.0,100.0,206.0,100.0,206.0,113.0,193.0,113.0
moving,moving_frame_000231,moving_calib_camera,231,results/bus_real_data/ablation/moving_cam/res/moving_res_320x180_low/raw_images/moving/frame_0231.png,0,0.17,232.36677393234524,232.36677393234524,160.0,90.0,True,-3.139208313896965,7.666674281097712e-08,8.881057345916135e-07,0.4978571663439948,0.24285715085737006,2.8215966537126467,2.8754563168382576,201.0,110.0,196.0,194.0,103.0,208.0,103.0,208.0,117.0,194.0,117.0
moving,moving_frame_000232,moving_calib_camera,232,results/bus_real_data/ablation/moving_cam/res/moving_res_320x180_low/raw_images/moving/frame_0232.png,0,0.17,232.36677393234524,232.36677393234524,160.0,90.0,True,-2.993147604529134,0.06300145119079249,0.37449330172267514,0.5073825063256476,0.28551146961445356,2.7613825218629096,2.822089162137983,202.75,114.0,203.0,195.0,107.0,210.0,107.0,210.0,121.0,196.0,121.0
moving,moving_frame_000233,moving_calib_camera,233,results/bus_real_data/ablation/moving_cam/res/moving_res_320x180_low/raw_images/moving/frame_0233.png,0,0.17,232.36677393234524,232.36677393234524,160.0,90.0,True,2.799226547504934,0.00949805732780162,-0.20218489671605536,0.49871971765673095,0.3169952366909035,2.5918573995250562,2.658370199264414,204.75,118.5,232.5,197.0,111.0,212.0,111.0,213.0,126.0,197.0,126.0
moving,moving_frame_000234,moving_calib_camera,234,results/bus_real_data/ablation/moving_cam/res/moving_res_320x180_low/raw_images/moving/frame_0234.png,0,0.17,232.36677393234524,232.36677393234524,160.0,90.0,True,2.8081076852662967,3.202839087938137e-15,-0.5679859440611548,0.4982593510205634,0.34984166184009485,2.468897130683861,2.542853635413858,207.0,123.0,256.0,199.0,115.0,215.0,115.0,215.0,131.0,199.0,131.0
moving,moving_frame_000235,moving_calib_camera,235,results/bus_real_data/ablation/moving_cam/res/moving_res_320x180_low/raw_images/moving/frame_0235.png,0,0.17,232.36677393234524,232.36677393234524,160.0,90.0,True,2.758392083116443,-7.436051775369568e-15,-0.5876072645954237,0.4937652022322955,0.3840396132492214,2.3236677693821464,2.4063919884228153,209.5,128.5,289.0,201.0,120.0,218.0,120.0,218.0,137.0,201.0,137.0
moving,moving_frame_000237,moving_calib_camera,237,results/bus_real_data/ablation/moving_cam/res/moving_res_320x180_low/raw_images/moving/frame_0237.png,0,0.17,232.36677393234524,232.36677393234524,160.0,90.0,True,2.8807593705274797,-0.0177006821777786,-0.20323068769690905,0.5026641843289951,0.46114247887776916,2.1258807851169523,2.2326425554848983,215.0,140.5,361.0,205.0,131.0,224.0,131.0,225.0,150.0,206.0,150.0
moving,moving_frame_000237,moving_calib_camera,237,results/bus_real_data/ablation/moving_cam/res/moving_res_320x180_low/raw_images/moving/frame_0237.png,1,0.17,232.36677393234524,232.36677393234524,160.0,90.0,True,0.010765940223988673,2.496067975738602,-1.890658487511025,-0.5381825609800555,0.09637562875601947,1.6229827783723028,1.7126008961968484,82.75,104.0,196.0,92.0,108.0,66.0,108.0,75.0,100.0,98.0,100.0
moving,moving_frame_000238,moving_calib_camera,238,results/bus_real_data/ablation/moving_cam/res/moving_res_320x180_low/raw_images/moving/frame_0238.png,0,0.17,232.36677393234524,232.36677393234524,160.0,90.0,True,2.5870193784348228,0.0,-0.645733993567776,0.4913762494897316,0.4913762494897316,1.9751177045470871,2.0937982672503446,218.0,148.0,400.0,208.0,138.0,228.0,138.0,228.0,158.0,208.0,158.0
moving,moving_frame_000239,moving_calib_camera,239,results/bus_real_data/ablation/moving_cam/res/moving_res_320x180_low/raw_images/moving/frame_0239.png,0,0.17,232.36677393234524,232.36677393234524,160.0,90.0,True,3.049984754851194,0.0020622791077888622,0.008810588654302658,0.4874640068694816,0.5206310722434766,1.834286169405083,1.9680659599336134,221.75,156.0,473.0,211.0,145.0,232.0,145.0,233.0,167.0,211.0,167.0
moving,moving_frame_000240,moving_calib_camera,240,results/bus_real_data/ablation/moving_cam/res/moving_res_320x180_low/raw_images/moving/frame_0240.png,1,0.17,232.36677393234524,232.36677393234524,160.0,90.0,True,0.007542545698937008,2.528860871089907,-1.8481538066141863,-0.5369962360315411,0.20215954301840453,1.284919709451942,1.4072143042491843,62.5,127.0,434.0,73.0,134.0,40.0,134.0,54.0,120.0,83.0,120.0
moving,moving_frame_000241,moving_calib_camera,241,results/bus_real_data/ablation/moving_cam/res/moving_res_320x180_low/raw_images/moving/frame_0241.png,1,0.17,232.36677393234524,232.36677393234524,160.0,90.0,True,0.0012512229432156932,-2.5340378049411827,1.8539901934805862,-0.5368647485864904,0.24042438291237542,1.1660874917848598,1.3060580694099087,52.5,138.5,578.0,63.0,147.0,27.0,147.0,44.0,130.0,76.0,130.0
moving,moving_frame_000242,moving_calib_camera,242,results/bus_real_data/ablation/moving_cam/res/moving_res_320x180_low/raw_images/moving/frame_0242.png,1,0.17,232.36677393234524,232.36677393234524,160.0,90.0,True,0.007663012580573614,-2.5227629643463674,1.8514335150128567,-0.5288260415913419,0.27130402425146544,1.0389170347829813,1.1969174829546394,41.0,151.5,798.0,52.0,162.0,11.0,162.0,33.0,141.0,68.0,141.0
