observer_type,observer_id,camera_name,frame_id,image_path,marker_id,marker_length_m,fx,fy,cx,cy,pnp_success,rvec_x,rvec_y,rvec_z,tvec_x_m,tvec_y_m,tvec_z_m,distance_m,center_u,center_v,area_px2,corner0_u,corner0_v,corner1_u,corner1_v,corner2_u,corner2_v,corner3_u,corner3_v
moving,moving_frame_000000,moving_calib_camera,0,results/bus_real_data/ablation/moving_cam_res/00_prepared_datasets/res_1920x1080/raw_images/moving/frame_0000.png,6,0.17,1394.2006435940714,1394.2006435940714,960.0,540.0,True,2.72321971595855,-0.0013748729358170732,0.014611794948954988,-0.5041930383526874,0.22945408688478922,1.9808643855807517,2.0568625408552843,605.0,702.5,13800.0,552.0,645.0,670.0,645.0,660.0,760.0,538.0,760.0
moving,moving_frame_000000,moving_calib_camera,0,results/bus_real_data/ablation/moving_cam_res/00_prepared_datasets/res_1920x1080/raw_images/moving/frame_0000.png,7,0.17,1394.2006435940714,1394.2006435940714,960.0,540.0,True,2.7349179454016466,-0.0016346404750976447,0.01853642500951568,-0.9464700633518393,0.23031896343257824,1.987961596765753,2.2137849299228085,296.0,702.5,13800.0,248.0,645.0,366.0,645.0,346.0,760.0,224.0,760.0
moving,moving_frame_000001,moving_calib_camera,1,results/bus_real_data/ablation/moving_cam_res/00_prepared_datasets/res_1920x1080/raw_images/moving/frame_0001.png,6,0.17,1394.2006435940714,1394.2006435940714,960.0,540.0,True,2.72321971595855,-0.0013748729358170732,0.014611794948954988,-0.5041930383526874,0.22945408688478922,1.9808643855807517,2.0568625408552843,605.0,702.5,13800.0,552.0,645.0,670.0,645.0,660.0,760.0,538.0,760.0
moving,moving_frame_000001,moving_calib_camera,1,results/bus_real_data/ablation/moving_cam_res/00_prepared_datasets/res_1920x1080/raw_images/moving/frame_0001.png,7,0.17,1394.2006435940714,1394.2006435940714,960.0,540.0,True,2.7349179454016466,-0.0016346404750976447,0.01853642500951568,-0.9464700633518393,0.23031896343257824,1.987961596765753,2.2137849299228085,296.0,702.5,13800.0,248.0,645.0,366.0,645.0,346.0,760.0,224.0,760.0
moving,moving_frame_000002,moving_calib_camera,2,results/bus_real_data/ablation/moving_cam_res/00_prepared_datasets/res_1920x1080/raw_images/moving/frame_0002.png,6,0.17,1394.2006435940714,1394.2006435940714,960.0,540.0,True,2.72321971595855,-0.0013748729358170732,0.014611794948954988,-0.5041930383526874,0.22945408688478922,1.9808643855807517,2.0568625408552843,605.0,702.5,13800.0,552.0,645.0,670.0,645.0,660.0,760.0,538.0,760.0
moving,moving_frame_000002,moving_calib_camera,2,results/bus_real_data/ablation/moving_cam_res/00_prepared_datasets/res_1920x1080/raw_images/moving/frame_0002.png,7,0.17,1394.2006435940714,1394.2006435940714,960.0,540.0,True,2.7349179454016466,-0.0016346404750976447,0.01853642500951568,-0.9464700633518393,0.23031896343257824,1.987961596765753,2.2137849299228085,296.0,702.5,13800.0,248.0,645.0,366.0,645.0,346.0,760.0,224.0,760.0
moving,moving_frame_000003,moving_calib_camera,3,results/bus_real_data/ablation/moving_cam_res/00_prepared_datasets/res_1920x1080/raw_images/moving/frame_0003.png,5,0.17,1394.2006435940714,1394.2006435940714,960.0,540.0,True,3.0560312854172165,-0.0013486517054155868,0.007712790875922683,1.013144711701361,-0.8732819400328589,6.670702119756972,6.80348075062803,1171.75,357.5,1242.5,1154.0,340.0,1189.0,340.0,1190.0,375.0,1154.0,375.0
moving,moving_frame_000003,moving_calib_camera,3,results/bus_real_data/ablation/moving_cam_res/00_prepared_datasets/res_1920x1080/raw_images/moving/frame_0003.png,7,0.17,1394.2006435940714,1394.2006435940714,960.0,540.0,True,3.0082741467165537,0.009866878237416292,-0.04041940433420041,-0.9568192393557436,-1.1450023652111923,6.555096112899632,6.7227835397618145,756.5,296.5,1260.0,739.0,279.0,775.0,279.0,774.0,314.0,738.0,314.0
moving,moving_frame_000004,moving_calib_camera,4,results/bus_real_data/ablation/moving_cam_res/00_prepared_datasets/res_1920x1080/raw_images/moving/frame_0004.png,5,0.17,1394.2006435940714,1394.2006435940714,960.0,540.0,True,3.0560312854172165,-0.0013486517054155868,0.007712790875922683,1.013144711701361,-0.8732819400328589,6.670702119756972,6.80348075062803,1171.75,357.5,1242.5,1154.0,340.0,1189.0,340.0,1190.0,375.0,1154.0,375.0
moving,moving_frame_000004,moving_calib_camera,4,results/bus_real_data/ablation/moving_cam_res/00_prepared_datasets/res_1920x1080/raw_images/moving/frame_0004.png,7,0.17,1394.2006435940714,1394.2006435940714,960.0,540.0,True,3.0082741467165537,0.009866878237416292,-0.04041940433420041,-0.9568192393557436,-1.1450023652111923,6.555096112899632,6.7227835397618145,756.5,296.5,1260.0,739.0,279.0,775.0,279.0,774.0,314.0,738.0,314.0
moving,moving_frame_000005,moving_calib_camera,5,results/bus_real_data/ablation/moving_cam_res/00_prepared_datasets/res_1920x1080/raw_images/moving/frame_0005.png,5,0.17,1394.2006435940714,1394.2006435940714,960.0,540.0,True,3.0650810585959536,-0.02441192294881618,0.13099926771201667,0.7476678657745143,-0.9642432635313453,6.493899416200824,6.607533725718757,1120.5,333.0,1296.0,1102.0,315.0,1138.0,315.0,1139.0,351.0,1103.0,351.0
moving,moving_frame_000006,moving_calib_camera,6,results/bus_real_data/ablation/moving_cam_res/00_prepared_datasets/res_1920x1080/raw_images/moving/frame_0006.png,5,0.17,1394.2006435940714,1394.2006435940714,960.0,540.0,True,3.07429303565707,-0.07033978880039368,0.1460843740664374,0.49662659845999685,-1.047528566161426,6.321928187287393,6.427342380832145,1069.5,309.0,1371.0,1050.0,291.0,1087.0,290.0,1089.0,327.0,1052.0,328.0
moving,moving_frame_000006,moving_calib_camera,6,results/bus_real_data/ablation/moving_cam_res/00_prepared_datasets/res_1920x1080/raw_images/moving/frame_0006.png,7,0.17,1394.2006435940714,1394.2006435940714,960.0,540.0,True,3.116331518709267,-0.045133619846287186,0.2075589184381454,-1.4748241870253034,-1.2922985935976974,6.212750204478399,6.514860485144392,629.0,250.0,1482.0,609.0,231.0,648.0,231.0,649.0,269.0,610.0,269.0
moving,moving_frame_000006,moving_calib_camera,6,results/bus_real_data/ablation/moving_cam_res/00_prepared_datasets/res_1920x1080/raw_images/moving/frame_0006.png,6,0.17,1394.2006435940714,1394.2006435940714,960.0,540.0,True,-2.6260140793153224,0.0027842089985988653,-0.37087634204900166,-1.0179758170414732,-1.293152802279269,6.192794582356213,6.407747160538128,730.75,248.75,1444.0,711.0,230.0,750.0,230.0,750.0,267.0,712.0,268.0
moving,moving_frame_000007,moving_calib_camera,7,results/bus_real_data/ablation/moving_cam_res/00_prepared_datasets/res_1920x1080/raw_images/moving/frame_0007.png,2,0.17,1394.2006435940714,1394.2006435940714,960.0,540.0,True,-3.0344844051968454,0.04278181920601875,-0.4783043005309834,0.16198016001074414,-0.0366908524630336,3.2600696683284722,3.26429747928201,1029.0,524.25,4932.5,993.0,489.0,1064.0,487.0,1062.0,559.0,997.0,562.0
moving,moving_frame_000007,moving_calib_camera,7,results/bus_real_data/ablation/moving_cam_res/00_prepared_datasets/res_1920x1080/raw_images/moving/frame_0007.png,1,0.17,1394.2006435940714,1394.2006435940714,960.0,540.0,True,1.9369525552515767,-0.11718456396396318,0.0777896296262201,0.3038620150960931,-0.1342831421391889,1.9713440383469183,1.9991401661731896,1175.25,445.75,4313.0,1103.0,430.0,1216.0,426.0,1252.0,461.0,1130.0,466.0
moving,moving_frame_000007,moving_calib_camera,7,results/bus_real_data/ablation/moving_cam_res/00_prepared_datasets/res_1920x1080/raw_images/moving/frame_0007.png,5,0.17,1394.2006435940714,1394.2006435940714,960.0,540.0,True,3.087446482130598,-0.07369464597305757,0.1594162613012657,0.26120130689642135,-1.1262568373912332,6.169541622224998,6.276935909730286,1019.0,285.5,1446.0,999.0,267.0,1037.0,266.0,1039.0,304.0,1001.0,305.0
moving,moving_frame_000007,moving_calib_camera,7,results/bus_real_data/ablation/moving_cam_res/00_prepared_datasets/res_1920x1080/raw_images/moving/frame_0007.png,7,0.17,1394.2006435940714,1394.2006435940714,960.0,540.0,True,3.1338105132388745,-0.05915164151510041,0.17174896879552015,-1.7078158269770973,-1.3446506776709917,5.994275796899983,6.376210682931945,562.75,227.25,1600.5,542.0,208.0,582.0,207.0,584.0,247.0,543.0,247.0
moving,moving_frame_000007,moving_calib_camera,7,results/bus_real_data/ablation/moving_cam_res/00_prepared_datasets/res_1920x1080/raw_images/moving/frame_0007.png,6,0.17,1394.2006435940714,1394.2006435940714,960.0,540.0,True,3.0991443049241703,-0.0816047933797563,0.3436787455577343,-1.2614279005460893,-1.3636035587202004,6.0448637852401435,6.323843229851472,669.0,225.5,1560.0,648.0,206.0,688.0,206.0,690.0,245.0,650.0,245.0
moving,moving_frame_000008,moving_calib_camera,8,results/bus_real_data/ablation/moving_cam_res/00_prepared_datasets/res_1920x1080/raw_images/moving/frame_0008.png,2,0.17,1394.2006435940714,1394.2006435940714,960.0,540.0,True,3.1093799813825274,-0.08970283324419581,0.28198080328503383,0.06570101945841372,-0.05139369971448223,3.112210088021868,3.1133277322365696,989.25,517.0,5680.0,950.0,481.0,1024.0,477.0,1029.0,553.0,954.0,557.0
moving,moving_frame_000008,moving_calib_camera,8,results/bus_real_data/ablation/moving_cam_res/00_prepared_datasets/res_1920x1080/raw_images/moving/frame_0008.png,5,0.17,1394.2006435940714,1394.2006435940714,960.0,540.0,True,3.10756737025342,-0.09696433329221904,0.2703267172621358,0.035973532450168995,-1.2054149141083543,6.0451709300013645,6.164285099111279,968.25,262.0,1504.0,948.0,243.0,986.0,242.0,989.0,281.0,950.0,282.0
moving,moving_frame_000008,moving_calib_camera,8,results/bus_real_data/ablation/moving_cam_res/00_prepared_datasets/res_1920x1080/raw_images/moving/frame_0008.png,7,0.17,1394.2006435940714,1394.2006435940714,960.0,540.0,True,-2.594639453461369,0.04620836696703045,-0.6424816928169084,-1.9062419449794965,-1.3692377536592935,5.705006404188169,6.1689276580839545,494.0,205.25,1789.0,471.0,185.0,514.0,184.0,517.0,225.0,474.0,227.0
moving,moving_frame_000008,moving_calib_camera,8,results/bus_real_data/ablation/moving_cam_res/00_prepared_datasets/res_1920x1080/raw_images/moving/frame_0008.png,6,0.17,1394.2006435940714,1394.2006435940714,960.0,540.0,True,-3.108148750858543,0.10843755325770706,-0.30120511060331,-1.4742629833006884,-1.4016966433106592,5.799048430884204,6.145499778499675,605.5,203.0,1725.0,583.0,183.0,625.0,182.0,628.0,223.0,586.0,224.0
moving,moving_frame_000009,moving_calib_camera,9,results/bus_real_data/ablation/moving_cam_res/00_prepared_datasets/res_1920x1080/raw_images/moving/frame_0009.png,2,0.17,1394.2006435940714,1394.2006435940714,960.0,540.0,True,-3.1063382819614964,0.1316749792730283,-0.25735559791651447,-0.02281358458791004,-0.059865332424838276,3.009546428853753,3.0102282347181686,949.25,512.25,6126.0,907.0,476.0,985.0,470.0,991.0,548.0,914.0,555.0
moving,moving_frame_000009,moving_calib_camera,9,results/bus_real_data/ablation/moving_cam_res/00_prepared_datasets/res_1920x1080/raw_images/moving/frame_0009.png,1,0.17,1394.2006435940714,1394.2006435940714,960.0,540.0,True,1.9766854298565733,-0.1940386615059155,0.12809642574792637,0.2079690503032706,-0.11249018327478263,1.7319489545345381,1.7480138295592853,1127.75,450.5,6422.5,1044.0,432.0,1170.0,423.0,1217.0,469.0,1080.0,478.0
moving,moving_frame_000009,moving_calib_camera,9,results/bus_real_data/ablation/moving_cam_res/00_prepared_datasets/res_1920x1080/raw_images/moving/frame_0009.png,5,0.17,1394.2006435940714,1394.2006435940714,960.0,540.0,True,-2.771969960647821,0.042495149757027936,0.281708021023803,-0.17846137725352956,-1.275999079879798,5.917212116409486,6.055858431767419,918.0,239.25,1584.0,897.0,220.0,936.0,218.0,939.0,259.0,900.0,260.0
moving,moving_frame_000009,moving_calib_camera,9,results/bus_real_data/ablation/moving_cam_res/00_prepared_datasets/res_1920x1080/raw_images/moving/frame_0009.png,7,0.17,1394.2006435940714,1394.2006435940714,960.0,540.0,True,-2.5642318428301256,0.028157034219465485,-0.6540012153620651,-2.120158972553125,-1.4047345524458275,5.503688964008788,6.062915589407857,422.75,184.0,1960.0,398.0,163.0,444.0,162.0,447.0,205.0,402.0,206.0
moving,moving_frame_000009,moving_calib_camera,9,results/bus_real_data/ablation/moving_cam_res/00_prepared_datasets/res_1920x1080/raw_images/moving/frame_0009.png,6,0.17,1394.2006435940714,1394.2006435940714,960.0,540.0,True,-3.107412962003844,0.14010857688523243,-0.3370864898592366,-1.682507634690524,-1.4393728906239056,5.586086037878463,6.008908676426662,540.0,180.75,1876.0,516.0,160.0,560.0,159.0,564.0,201.0,520.0,203.0
moving,moving_frame_000010,moving_calib_camera,10,results/bus_real_data/ablation/moving_cam_res/00_prepared_datasets/res_1920x1080/raw_images/moving/frame_0010.png,2,0.17,1394.2006435940714,1394.2006435940714,960.0,540.0,True,-3.0857131337429875,0.145550278080707,-0.3965566491696369,-0.0994420390828852,-0.06205267331143629,2.8618090554773596,2.864208498593333,911.25,509.75,6697.5,867.0,472.0,948.0,465.0,955.0,547.0,875.0,555.0
moving,moving_frame_000010,moving_calib_camera,10,results/bus_real_data/ablation/moving_cam_res/00_prepared_datasets/res_1920x1080/raw_images/moving/frame_0010.png,1,0.17,1394.2006435940714,1394.2006435940714,960.0,540.0,True,1.9914689374124364,-0.2373594461882603,0.15570488669697322,0.1755005350947347,-0.09405629224688125,1.608098166247511,1.6203785780546396,1112.5,459.75,7962.5,1021.0,439.0,1155.0,428.0,1210.0,479.0,1064.0,493.0
moving,moving_frame_000010,moving_calib_camera,10,results/bus_real_data/ablation/moving_cam_res/00_prepared_datasets/res_1920x1080/raw_images/moving/frame_0010.png,5,0.17,1394.2006435940714,1394.2006435940714,960.0,540.0,True,-3.0751823988274247,0.1520812130524961,-0.36864147757961113,-0.37650427001264064,-1.3157019800342564,5.679335674126187,5.841890179129197,867.5,217.0,1730.0,845.0,197.0,886.0,195.0,890.0,237.0,849.0,239.0
moving,moving_frame_000010,moving_calib_camera,10,results/bus_real_data/ablation/moving_cam_res/00_prepared_datasets/res_1920x1080/raw_images/moving/frame_0010.png,7,0.17,1394.2006435940714,1394.2006435940714,960.0,540.0,True,-3.109084753265571,0.1629384729841196,-0.34992396867484943,-2.3097958420208413,-1.4223262252109996,5.267006435723664,5.9244852533105545,348.5,163.5,2170.0,322.0,142.0,370.0,140.0,375.0,185.0,327.0,187.0
moving,moving_frame_000010,moving_calib_camera,10,results/bus_real_data/ablation/moving_cam_res/00_prepared_datasets/res_1920x1080/raw_images/moving/frame_0010.png,6,0.17,1394.2006435940714,1394.2006435940714,960.0,540.0,True,-3.099709706258416,0.14669352528257104,-0.35408898815889067,-1.868717963131039,-1.4589908638328737,5.342524380881119,5.844940369822912,472.25,159.25,2076.0,447.0,138.0,493.0,136.0,498.0,181.0,451.0,182.0
moving,moving_frame_000011,moving_calib_camera,11,results/bus_real_data/ablation/moving_cam_res/00_prepared_datasets/res_1920x1080/raw_images/moving/frame_0011.png,2,0.17,1394.2006435940714,1394.2006435940714,960.0,540.0,True,3.082892498981171,-0.17073006623973164,-0.18190266621564924,-0.16691446454217826,-0.05891008350033416,2.7326783108725436,2.7384049348342616,875.0,510.0,7400.0,828.0,472.0,913.0,462.0,922.0,548.0,837.0,558.0
moving,moving_frame_000011,moving_calib_camera,11,results/bus_real_data/ablation/moving_cam_res/00_prepared_datasets/res_1920x1080/raw_images/moving/frame_0011.png,1,0.17,1394.2006435940714,1394.2006435940714,960.0,540.0,True,2.0068440707609962,-0.28372740292805776,0.17792766272307406,0.15380685103558994,-0.07070970388623428,1.4853286502938798,1.494944015350743,1104.75,475.25,10068.5,1004.0,453.0,1147.0,437.0,1212.0,496.0,1056.0,515.0
moving,moving_frame_000011,moving_calib_camera,11,results/bus_real_data/ablation/moving_cam_res/00_prepared_datasets/res_1920x1080/raw_images/moving/frame_0011.png,5,0.17,1394.2006435940714,1394.2006435940714,960.0,540.0,True,-3.0805861656115656,0.18296197218854837,-0.46400412524349766,-0.5682562865719979,-1.3650913512275082,5.524690626313664,5.719142953354358,816.5,195.5,1816.0,793.0,175.0,835.0,173.0,840.0,216.0,798.0,218.0
moving,moving_frame_000011,moving_calib_camera,11,results/bus_real_data/ablation/moving_cam_res/00_prepared_datasets/res_1920x1080/raw_images/moving/frame_0011.png,7,0.17,1394.2006435940714,1394.2006435940714,960.0,540.0,True,-3.0481445484084557,0.16873143976767602,-0.4121486947220615,-2.473353669568967,-1.421184815871506,5.003908170145087,5.759890765533558,270.75,144.0,2485.0,242.0,121.0,293.0,119.0,300.0,167.0,248.0,169.0
moving,moving_frame_000011,moving_calib_camera,11,results/bus_real_data/ablation/moving_cam_res/00_prepared_datasets/res_1920x1080/raw_images/moving/frame_0011.png,6,0.17,1394.2006435940714,1394.2006435940714,960.0,540.0,True,-3.036099864059134,0.16064434397939448,-0.38313486483082954,-2.0510101166959207,-1.47725532656304,5.13013308857212,5.71902013505027,402.5,138.5,2315.0,375.0,116.0,424.0,114.0,430.0,161.0,381.0,163.0
moving,moving_frame_000012,moving_calib_camera,12,results/bus_real_data/ablation/moving_cam_res/00_prepared_datasets/res_1920x1080/raw_images/moving/frame_0012.png,2,0.17,1394.2006435940714,1394.2006435940714,960.0,540.0,True,-3.01601980568582,0.20202202811434078,-0.47940627026245003,-0.2199852596272185,-0.04958495837168688,2.592773474034347,2.6025615209262805,841.25,513.25,8153.0,791.0,474.0,880.0,462.0,891.0,552.0,803.0,565.0
moving,moving_frame_000012,moving_calib_camera,12,results/bus_real_data/ablation/moving_cam_res/00_prepared_datasets/res_1920x1080/raw_images/moving/frame_0012.png,1,0.17,1394.2006435940714,1394.2006435940714,960.0,540.0,True,2.0181767929750705,-0.3247724006307035,0.20340279268613493,0.1430082078470483,-0.043127322979253056,1.3650573841606812,1.3732053653953524,1106.5,498.0,12810.0,995.0,473.0,1148.0,453.0,1225.0,520.0,1058.0,546.0
moving,moving_frame_000012,moving_calib_camera,12,results/bus_real_data/ablation/moving_cam_res/00_prepared_datasets/res_1920x1080/raw_images/moving/frame_0012.png,5,0.17,1394.2006435940714,1394.2006435940714,960.0,540.0,True,-2.746888022976894,0.08817801820903295,0.07363118686546771,-0.7498960918021413,-1.4123649880045297,5.382119343241412,5.6146529396512594,765.75,174.0,1974.0,741.0,153.0,785.0,150.0,790.0,195.0,747.0,198.0
moving,moving_frame_000012,moving_calib_camera,12,results/bus_real_data/ablation/moving_cam_res/00_prepared_datasets/res_1920x1080/raw_images/moving/frame_0012.png,7,0.17,1394.2006435940714,1394.2006435940714,960.0,540.0,True,-3.038319628396682,0.20595182625345218,-0.43601329688164336,-2.6037269200985733,-1.39872102314701,4.710732712246388,5.561188457629146,189.25,126.0,2856.0,157.0,102.0,213.0,99.0,221.0,150.0,166.0,153.0
moving,moving_frame_000012,moving_calib_camera,12,results/bus_real_data/ablation/moving_cam_res/00_prepared_datasets/res_1920x1080/raw_images/moving/frame_0012.png,6,0.17,1394.2006435940714,1394.2006435940714,960.0,540.0,True,-3.0369078845643416,0.19569647771612195,-0.43990251897483335,-2.1966600921143833,-1.4684205012641527,4.8603445239966785,5.5321355027480426,329.75,118.75,2617.5,300.0,95.0,352.0,93.0,360.0,142.0,307.0,145.0
moving,moving_frame_000013,moving_calib_camera,13,results/bus_real_data/ablation/moving_cam_res/00_prepared_datasets/res_1920x1080/raw_images/moving/frame_0013.png,1,0.17,1394.2006435940714,1394.2006435940714,960.0,540.0,True,2.035479999803831,-0.3662867657975501,0.22383082837329857,0.14276585347373633,-0.011572500853239968,1.252274253826559,1.2604391371625001,1119.5,529.75,16669.5,996.0,502.0,1159.0,475.0,1251.0,554.0,1072.0,588.0
moving,moving_frame_000013,moving_calib_camera,13,results/bus_real_data/ablation/moving_cam_res/00_prepared_datasets/res_1920x1080/raw_images/moving/frame_0013.png,2,0.17,1394.2006435940714,1394.2006435940714,960.0,540.0,True,-2.9875225924630544,0.2307398854550349,-0.49373412129764055,-0.2648299524883937,-0.03565807976795093,2.470209554769538,2.4846210268092115,810.0,519.75,9005.5,756.0,480.0,850.0,465.0,863.0,559.0,771.0,575.0
moving,moving_frame_000013,moving_calib_camera,13,results/bus_real_data/ablation/moving_cam_res/00_prepared_datasets/res_1920x1080/raw_images/moving/frame_0013.png,5,0.17,1394.2006435940714,1394.2006435940714,960.0,540.0,True,-3.0497279970400686,0.2295402386297491,-0.44706753147172085,-0.9038698980795541,-1.4226500636868877,5.135428084737043,5.40495472782785,714.5,153.75,2163.5,688.0,132.0,734.0,129.0,741.0,175.0,695.0,179.0
moving,moving_frame_000013,moving_calib_camera,13,results/bus_real_data/ablation/moving_cam_res/00_prepared_datasets/res_1920x1080/raw_images/moving/frame_0013.png,7,0.17,1394.2006435940714,1394.2006435940714,960.0,540.0,True,-2.979833868394657,0.20950899320603236,-0.4976633913602213,-2.765245901131815,-1.3928265825171628,4.5009195389832435,5.46304196204769,103.25,108.5,3244.5,68.0,83.0,128.0,80.0,138.0,134.0,79.0,137.0
moving,moving_frame_000013,moving_calib_camera,13,results/bus_real_data/ablation/moving_cam_res/00_prepared_datasets/res_1920x1080/raw_images/moving/frame_0013.png,6,0.17,1394.2006435940714,1394.2006435940714,960.0,540.0,True,-2.5126684964136237,0.12895866053416932,-0.807646541699384,-2.3457785692287847,-1.4621918374628535,4.632797787900382,5.394765741806656,253.75,99.75,2947.0,221.0,75.0,277.0,72.0,286.0,124.0,231.0,128.0
moving,moving_frame_000014,moving_calib_camera,14,results/bus_real_data/ablation/moving_cam_res/00_prepared_datasets/res_1920x1080/raw_images/moving/frame_0014.png,1,0.17,1394.2006435940714,1394.2006435940714,960.0,540.0,True,2.03876057732396,-0.5227560590147353,0.30441223065212397,0.07821012173162945,0.032611445749535124,1.1144998692432155,1.1177165508653326,1058.25,584.5,23818.0,915.0,559.0,1088.0,512.0,1209.0,603.0,1021.0,664.0
moving,moving_frame_000014,moving_calib_camera,14,results/bus_real_data/ablation/moving_cam_res/00_prepared_datasets/res_1920x1080/raw_images/moving/frame_0014.png,2,0.17,1394.2006435940714,1394.2006435940714,960.0,540.0,True,-2.9314893255402024,0.3223266963749595,-0.6550413146501227,-0.4764215415669286,0.010348681562770258,2.263844271137332,2.313455308502936,665.75,546.25,10853.5,603.0,507.0,706.0,484.0,727.0,584.0,627.0,610.0
moving,moving_frame_000014,moving_calib_camera,14,results/bus_real_data/ablation/moving_cam_res/00_prepared_datasets/res_1920x1080/raw_images/moving/frame_0014.png,5,0.17,1394.2006435940714,1394.2006435940714,960.0,540.0,True,-2.6458805282759332,0.13642639346570484,-0.08235490315952974,-1.5352947193313458,-1.3942629976162773,4.808112503274168,5.236319797899095,514.75,135.5,2532.5,484.0,113.0,534.0,108.0,545.0,158.0,496.0,163.0
moving,moving_frame_000015,moving_calib_camera,15,results/bus_real_data/ablation/moving_cam_res/00_prepared_datasets/res_1920x1080/raw_images/moving/frame_0015.png,1,0.17,1394.2006435940714,1394.2006435940714,960.0,540.0,True,2.0231984773066265,-0.6200682441082703,0.3696775792398167,0.011393804580796571,0.04520599365899205,1.0784778954398744,1.0794850492702264,974.75,602.5,26152.5,824.0,582.0,1000.0,524.0,1130.0,615.0,945.0,689.0
moving,moving_frame_000015,moving_calib_camera,15,results/bus_real_data/ablation/moving_cam_res/00_prepared_datasets/res_1920x1080/raw_images/moving/frame_0015.png,2,0.17,1394.2006435940714,1394.2006435940714,960.0,540.0,True,-2.891973956100036,0.3867955706648858,-0.7827476234074093,-0.6425910652953911,0.04469168504587137,2.1802955994417617,2.273457614483898,548.0,568.5,11923.0,480.0,531.0,587.0,502.0,615.0,604.0,510.0,637.0
moving,moving_frame_000015,moving_calib_camera,15,results/bus_real_data/ablation/moving_cam_res/00_prepared_datasets/res_1920x1080/raw_images/moving/frame_0015.png,5,0.17,1394.2006435940714,1394.2006435940714,960.0,540.0,True,-2.656734634066895,0.1922859378744257,-0.2412820941208309,-1.9928068760127418,-1.3209409333811166,4.623918064098508,5.205456988398034,359.0,141.5,2861.0,325.0,119.0,378.0,112.0,393.0,164.0,340.0,171.0
moving,moving_frame_000016,moving_calib_camera,16,results/bus_real_data/ablation/moving_cam_res/00_prepared_datasets/res_1920x1080/raw_images/moving/frame_0016.png,1,0.17,1394.2006435940714,1394.2006435940714,960.0,540.0,True,2.0033185913081044,-0.7207047514984801,0.4224036589369903,-0.04705514485792153,0.05968397430957006,1.0430494380667343,1.045814751138229,896.75,624.25,28928.5,739.0,611.0,916.0,539.0,1058.0,629.0,874.0,718.0
moving,moving_frame_000016,moving_calib_camera,16,results/bus_real_data/ablation/moving_cam_res/00_prepared_datasets/res_1920x1080/raw_images/moving/frame_0016.png,2,0.17,1394.2006435940714,1394.2006435940714,960.0,540.0,True,-2.854517954294455,0.4665464837183676,-0.92827726999404,-0.7935660496776635,0.08658582854145644,2.082277831933532,2.2300504815512663,427.25,598.0,13393.0,352.0,563.0,465.0,526.0,501.0,631.0,391.0,672.0
moving,moving_frame_000016,moving_calib_camera,16,results/bus_real_data/ablation/moving_cam_res/00_prepared_datasets/res_1920x1080/raw_images/moving/frame_0016.png,5,0.17,1394.2006435940714,1394.2006435940714,960.0,540.0,True,-2.889527360731564,0.47288890443004766,-0.8895680582927142,-2.404975927552662,-1.2158149226921275,4.369245748715175,5.133461166797143,192.25,152.0,3334.5,153.0,129.0,212.0,121.0,231.0,174.0,173.0,184.0
moving,moving_frame_000017,moving_calib_camera,17,results/bus_real_data/ablation/moving_cam_res/00_prepared_datasets/res_1920x1080/raw_images/moving/frame_0017.png,1,0.17,1394.2006435940714,1394.2006435940714,960.0,540.0,True,1.972459091209484,-0.8368609569527014,0.47070613083282475,-0.09693930750552601,0.07565270513169303,1.0044454902257238,1.011944318610559,824.75,650.0,32352.0,658.0,647.0,836.0,558.0,992.0,643.0,813.0,752.0
moving,moving_frame_000017,moving_calib_camera,17,results/bus_real_data/ablation/moving_cam_res/00_prepared_datasets/res_1920x1080/raw_images/moving/frame_0017.png,2,0.17,1394.2006435940714,1394.2006435940714,960.0,540.0,True,-2.785378656105597,0.5194851299235587,-1.0417554624068457,-0.9294657804153029,0.1360629455864557,1.9778018915072042,2.1895479177616015,303.0,636.0,15298.0,219.0,604.0,341.0,558.0,384.0,666.0,268.0,716.0
moving,moving_frame_000018,moving_calib_camera,18,results/bus_real_data/ablation/moving_cam_res/00_prepared_datasets/res_1920x1080/raw_images/moving/frame_0018.png,2,0.17,1394.2006435940714,1394.2006435940714,960.0,540.0,True,-2.720964102290558,0.585982385284527,-1.18587754337416,-1.0436522413378189,0.19010398401366516,1.856717653716325,2.1383989270501367,174.0,683.0,17955.0,80.0,654.0,211.0,598.0,265.0,709.0,140.0,771.0
moving,moving_frame_000018,moving_calib_camera,18,results/bus_real_data/ablation/moving_cam_res/00_prepared_datasets/res_1920x1080/raw_images/moving/frame_0018.png,1,0.17,1394.2006435940714,1394.2006435940714,960.0,540.0,True,1.94291941607613,-0.9405413650596706,0.5330989577805889,-0.13808645075489281,0.09186275654696598,0.9621243226900336,0.9763144197615061,758.75,678.75,36655.5,582.0,685.0,761.0,580.0,933.0,661.0,759.0,789.0
moving,moving_frame_000019,moving_calib_camera,19,results/bus_real_data/ablation/moving_cam_res/00_prepared_datasets/res_1920x1080/raw_images/moving/frame_0019.png,1,0.17,1394.2006435940714,1394.2006435940714,960.0,540.0,True,1.908603134134077,-1.0507206148791193,0.5846518259075705,-0.17243248693960297,0.10984576831679903,0.9257691071629315,0.948075680073345,698.75,711.75,41384.0,513.0,731.0,690.0,606.0,879.0,681.0,713.0,829.0
moving,moving_frame_000020,moving_calib_camera,20,results/bus_real_data/ablation/moving_cam_res/00_prepared_datasets/res_1920x1080/raw_images/moving/frame_0020.png,1,0.17,1394.2006435940714,1394.2006435940714,960.0,540.0,True,1.8718375148270217,-1.1457235892235822,0.6408654004217519,-0.19855458825351985,0.1260049493041485,0.8867512224228871,0.9174033476253236,645.75,745.25,46913.5,450.0,776.0,626.0,634.0,832.0,701.0,675.0,870.0
moving,moving_frame_000021,moving_calib_camera,21,results/bus_real_data/ablation/moving_cam_res/00_prepared_datasets/res_1920x1080/raw_images/moving/frame_0021.png,1,0.17,1394.2006435940714,1394.2006435940714,960.0,540.0,True,1.8308715115660499,-1.2463275920058263,0.7047600356009222,-0.2183260685668256,0.1426549524301852,0.8517497075819984,0.8907829545039153,600.0,781.5,52972.0,395.0,828.0,566.0,664.0,791.0,724.0,648.0,910.0
moving,moving_frame_000022,moving_calib_camera,22,results/bus_real_data/ablation/moving_cam_res/00_prepared_datasets/res_1920x1080/raw_images/moving/frame_0022.png,1,0.17,1394.2006435940714,1394.2006435940714,960.0,540.0,True,1.7825300603908436,-1.3499055392316266,0.7511658850820473,-0.23236594619452525,0.1575221424599992,0.8192853272998628,0.8660459605846036,561.5,817.0,59560.0,349.0,881.0,512.0,696.0,755.0,742.0,630.0,949.0
moving,moving_frame_000023,moving_calib_camera,23,results/bus_real_data/ablation/moving_cam_res/00_prepared_datasets/res_1920x1080/raw_images/moving/frame_0023.png,1,0.17,1394.2006435940714,1394.2006435940714,960.0,540.0,True,1.7825300603908436,-1.3499055392316266,0.7511658850820473,-0.23236594619452525,0.1575221424599992,0.8192853272998628,0.8660459605846036,561.5,817.0,59560.0,349.0,881.0,512.0,696.0,755.0,742.0,630.0,949.0
moving,moving_frame_000024,moving_calib_camera,24,results/bus_real_data/ablation/moving_cam_res/00_prepared_datasets/res_1920x1080/raw_images/moving/frame_0024.png,1,0.17,1394.2006435940714,1394.2006435940714,960.0,540.0,True,1.7313625991073878,-1.4518604561663793,0.7953750152285783,-0.24130484610053432,0.17110630340608993,0.791564322302809,0.8450322314323903,531.5,851.25,66218.5,314.0,935.0,465.0,728.0,725.0,759.0,622.0,983.0
moving,moving_frame_000025,moving_calib_camera,25,results/bus_real_data/ablation/moving_cam_res/00_prepared_datasets/res_1920x1080/raw_images/moving/frame_0025.png,1,0.17,1394.2006435940714,1394.2006435940714,960.0,540.0,True,1.671230656380237,-1.5515466780540141,0.8475117271251538,-0.24608130366850792,0.18244503735194437,0.7673791487408326,0.8262644598382225,509.0,882.25,72550.0,290.0,986.0,423.0,760.0,700.0,773.0,623.0,1010.0
moving,moving_frame_000026,moving_calib_camera,26,results/bus_real_data/ablation/moving_cam_res/00_prepared_datasets/res_1920x1080/raw_images/moving/frame_0026.png,1,0.17,1394.2006435940714,1394.2006435940714,960.0,540.0,True,1.6107226438656257,-1.6556864483882228,0.8875687287403871,-0.24755391372671118,0.192019595526646,0.7465896885666029,0.8096608106742019,493.5,910.25,79106.0,277.0,1037.0,387.0,790.0,679.0,784.0,631.0,1030.0
moving,moving_frame_000027,moving_calib_camera,27,results/bus_real_data/ablation/moving_cam_res/00_prepared_datasets/res_1920x1080/raw_images/moving/frame_0027.png,1,0.17,1394.2006435940714,1394.2006435940714,960.0,540.0,True,1.5357551561055844,-1.7406802715727068,0.9414097306270002,-0.255264683748302,0.20591789512007122,0.7556221054319294,0.8237275062283541,484.75,931.5,77887.5,281.0,1072.0,363.0,822.0,656.0,797.0,639.0,1035.0
moving,moving_frame_000034,moving_calib_camera,34,results/bus_real_data/ablation/moving_cam_res/00_prepared_datasets/res_1920x1080/raw_images/moving/frame_0034.png,1,0.17,1394.2006435940714,1394.2006435940714,960.0,540.0,True,0.9342133186867662,-2.3805015222458374,1.200561851068909,-0.26577009374252547,0.17067796117652131,0.7327492616913581,0.7979261805884773,449.75,876.75,83990.0,389.0,1071.0,221.0,871.0,504.0,706.0,685.0,859.0
moving,moving_frame_000035,moving_calib_camera,35,results/bus_real_data/ablation/moving_cam_res/00_prepared_datasets/res_1920x1080/raw_images/moving/frame_0035.png,1,0.17,1394.2006435940714,1394.2006435940714,960.0,540.0,True,0.8295550647137553,-2.459625151406802,1.2285160230495247,-0.28304224804925393,0.1588531039590448,0.7453563799830617,0.8129596275336511,426.0,848.5,80163.0,390.0,1035.0,193.0,860.0,462.0,684.0,659.0,815.0
moving,moving_frame_000036,moving_calib_camera,36,results/bus_real_data/ablation/moving_cam_res/00_prepared_datasets/res_1920x1080/raw_images/moving/frame_0036.png,1,0.17,1394.2006435940714,1394.2006435940714,960.0,540.0,True,0.7135166774305001,-2.5294322099767785,1.2589203452597097,-0.3043757847562031,0.14522295844325456,0.754980931712145,0.8268799993069758,393.25,819.0,76523.5,380.0,995.0,157.0,848.0,412.0,662.0,624.0,771.0
moving,moving_frame_000037,moving_calib_camera,37,results/bus_real_data/ablation/moving_cam_res/00_prepared_datasets/res_1920x1080/raw_images/moving/frame_0037.png,1,0.17,1394.2006435940714,1394.2006435940714,960.0,540.0,True,0.5799367566702067,-2.595351263025481,1.2712146474585908,-0.332835853838045,0.1315639480676643,0.7674683373616286,0.8468154621190345,350.75,789.25,72460.5,360.0,954.0,114.0,836.0,353.0,642.0,576.0,725.0
moving,moving_frame_000038,moving_calib_camera,38,results/bus_real_data/ablation/moving_cam_res/00_prepared_datasets/res_1920x1080/raw_images/moving/frame_0038.png,1,0.17,1394.2006435940714,1394.2006435940714,960.0,540.0,True,0.4603180265352522,-2.659973205812731,1.3040375944271245,-0.36607348255055194,0.11847576799283502,0.7773745721830344,0.8673854550918738,298.5,762.25,69535.0,327.0,914.0,61.0,823.0,285.0,624.0,521.0,688.0
moving,moving_frame_000039,moving_calib_camera,39,results/bus_real_data/ablation/moving_cam_res/00_prepared_datasets/res_1920x1080/raw_images/moving/frame_0039.png,1,0.17,1394.2006435940714,1394.2006435940714,960.0,540.0,True,0.33355298056198734,-2.7093282556677094,1.3185261358717801,-0.4233825319304627,0.1118938870963546,0.8204150153242518,0.9299751650893013,235.75,738.75,61138.0,279.0,871.0,8.0,811.0,211.0,615.0,445.0,658.0
moving,moving_frame_000040,moving_calib_camera,40,results/bus_real_data/ablation/moving_cam_res/00_prepared_datasets/res_1920x1080/raw_images/moving/frame_0040.png,0,0.17,1394.2006435940714,1394.2006435940714,960.0,540.0,True,-2.874084489991591,-0.10590980211628574,0.18579425722454185,0.5890689460935826,0.35974206848996676,1.1962432489689798,1.3810917745744142,1647.75,957.75,37310.5,1560.0,858.0,1772.0,882.0,1731.0,1058.0,1528.0,1033.0
moving,moving_frame_000041,moving_calib_camera,41,results/bus_real_data/ablation/moving_cam_res/00_prepared_datasets/res_1920x1080/raw_images/moving/frame_0041.png,0,0.17,1394.2006435940714,1394.2006435940714,960.0,540.0,True,-2.875199486514698,-0.03105618890956609,0.06045599214569503,0.5168828797565733,0.2853916114021276,1.2826967741829491,1.4120649056412014,1522.25,848.75,31552.5,1438.0,762.0,1629.0,768.0,1603.0,936.0,1419.0,929.0
moving,moving_frame_000042,moving_calib_camera,42,results/bus_real_data/ablation/moving_cam_res/00_prepared_datasets/res_1920x1080/raw_images/moving/frame_0042.png,0,0.17,1394.2006435940714,1394.2006435940714,960.0,540.0,True,-2.8641998031313842,0.03885944787343681,-0.06988227943517261,0.4284744815817903,0.21463919611337398,1.361119760974168,1.4430202249412014,1398.75,758.5,27359.5,1317.0,682.0,1492.0,675.0,1477.0,835.0,1309.0,842.0
moving,moving_frame_000043,moving_calib_camera,43,results/bus_real_data/ablation/moving_cam_res/00_prepared_datasets/res_1920x1080/raw_images/moving/frame_0043.png,0,0.17,1394.2006435940714,1394.2006435940714,960.0,540.0,True,-2.852560986313188,0.1170686319811863,-0.198761348375932,0.32698007655929984,0.14913180809361884,1.4343368183977276,1.4786745332436457,1277.25,683.75,24320.5,1197.0,616.0,1358.0,598.0,1355.0,751.0,1199.0,770.0
moving,moving_frame_000044,moving_calib_camera,44,results/bus_real_data/ablation/moving_cam_res/00_prepared_datasets/res_1920x1080/raw_images/moving/frame_0044.png,0,0.17,1394.2006435940714,1394.2006435940714,960.0,540.0,True,-2.8266206691138875,0.19409928723551637,-0.3006472522008787,0.2109182769268651,0.08996222509910069,1.4956013642088448,1.513077381401869,1155.75,622.75,22312.5,1075.0,562.0,1227.0,536.0,1234.0,682.0,1087.0,711.0
moving,moving_frame_000045,moving_calib_camera,45,results/bus_real_data/ablation/moving_cam_res/00_prepared_datasets/res_1920x1080/raw_images/moving/frame_0045.png,0,0.17,1394.2006435940714,1394.2006435940714,960.0,540.0,True,-2.7989059094996143,0.26813413042725126,-0.4290307268031139,0.08267898340568723,0.03913434062993409,1.5487031470780726,1.5514021879200324,1033.25,574.25,20820.5,952.0,520.0,1096.0,486.0,1112.0,627.0,973.0,664.0
moving,moving_frame_000046,moving_calib_camera,46,results/bus_real_data/ablation/moving_cam_res/00_prepared_datasets/res_1920x1080/raw_images/moving/frame_0046.png,0,0.17,1394.2006435940714,1394.2006435940714,960.0,540.0,True,-2.769483915265329,0.3407293263526904,-0.5546311398772324,-0.05413213710232478,0.010023773769907634,1.579853331102005,1.580812231766302,910.75,548.0,20156.0,827.0,499.0,967.0,458.0,991.0,595.0,858.0,640.0
moving,moving_frame_000047,moving_calib_camera,47,results/bus_real_data/ablation/moving_cam_res/00_prepared_datasets/res_1920x1080/raw_images/moving/frame_0047.png,0,0.17,1394.2006435940714,1394.2006435940714,960.0,540.0,True,-2.7392603143499485,0.4127604419177438,-0.6559791116183743,-0.1988238268659778,-0.008347045224809006,1.5998502202732108,1.6121790578598454,785.0,532.0,20074.0,698.0,488.0,835.0,440.0,869.0,574.0,738.0,626.0
moving,moving_frame_000048,moving_calib_camera,48,results/bus_real_data/ablation/moving_cam_res/00_prepared_datasets/res_1920x1080/raw_images/moving/frame_0048.png,0,0.17,1394.2006435940714,1394.2006435940714,960.0,540.0,True,-2.705107627285159,0.4868205772391966,-0.8066193998814326,-0.34970009531181645,-0.01611252798156491,1.6082033635429926,1.6458638548586104,654.75,525.5,20271.5,564.0,486.0,699.0,431.0,742.0,563.0,614.0,622.0
moving,moving_frame_000049,moving_calib_camera,49,results/bus_real_data/ablation/moving_cam_res/00_prepared_datasets/res_1920x1080/raw_images/moving/frame_0049.png,0,0.17,1394.2006435940714,1394.2006435940714,960.0,540.0,True,-2.6637996545766063,0.5591346012773247,-0.8967072463527197,-0.5047313085909663,-0.011324387351028458,1.605269911472924,1.6827873972374272,519.25,529.75,21132.5,422.0,495.0,559.0,433.0,612.0,562.0,484.0,629.0
moving,moving_frame_000050,moving_calib_camera,50,results/bus_real_data/ablation/moving_cam_res/00_prepared_datasets/res_1920x1080/raw_images/moving/frame_0050.png,0,0.17,1394.2006435940714,1394.2006435940714,960.0,540.0,True,-2.547580771427924,0.6973469867911457,-1.1348090921797804,-0.816836217989373,0.03371810063220427,1.5501403359618768,1.7525105929795193,222.0,570.25,24709.0,108.0,546.0,253.0,466.0,330.0,592.0,197.0,677.0
moving,moving_frame_000057,moving_calib_camera,57,results/bus_real_data/ablation/moving_cam_res/00_prepared_datasets/res_1920x1080/raw_images/moving/frame_0057.png,3,0.17,1394.2006435940714,1394.2006435940714,960.0,540.0,True,-2.442181298095597,-0.0041787696991612425,0.022096958895502495,1.0567386262934328,0.3039351534033632,1.8262558121213397,2.1317324862847666,1767.5,770.75,11272.5,1724.0,727.0,1859.0,729.0,1807.0,814.0,1680.0,813.0
moving,moving_frame_000058,moving_calib_camera,58,results/bus_real_data/ablation/moving_cam_res/00_prepared_datasets/res_1920x1080/raw_images/moving/frame_0058.png,3,0.17,1394.2006435940714,1394.2006435940714,960.0,540.0,True,-2.4426651720846424,0.03825813370512845,-0.09603053694744697,0.8846048566409936,0.24184619341376473,1.899956293941234,2.109703593528833,1609.5,716.25,10068.0,1566.0,677.0,1690.0,670.0,1650.0,755.0,1532.0,763.0
moving,moving_frame_000059,moving_calib_camera,59,results/bus_real_data/ablation/moving_cam_res/00_prepared_datasets/res_1920x1080/raw_images/moving/frame_0059.png,3,0.17,1394.2006435940714,1394.2006435940714,960.0,540.0,True,-2.44043078369521,0.07830699086466034,-0.22364519349442694,0.7049881862489419,0.1957671220307164,1.958127535004022,2.090357996171873,1462.0,678.25,9227.5,1418.0,643.0,1534.0,628.0,1503.0,713.0,1393.0,729.0
moving,moving_frame_000060,moving_calib_camera,60,results/bus_real_data/ablation/moving_cam_res/00_prepared_datasets/res_1920x1080/raw_images/moving/frame_0060.png,3,0.17,1394.2006435940714,1394.2006435940714,960.0,540.0,True,-2.4280847656987263,0.12125163561666914,-0.34920651344195774,0.5201471308965709,0.16376680952314832,2.0020446900533697,2.0749832641860557,1322.0,653.0,8635.0,1277.0,622.0,1387.0,599.0,1364.0,684.0,1260.0,707.0
moving,moving_frame_000061,moving_calib_camera,61,results/bus_real_data/ablation/moving_cam_res/00_prepared_datasets/res_1920x1080/raw_images/moving/frame_0061.png,3,0.17,1394.2006435940714,1394.2006435940714,960.0,540.0,True,-2.4121375460261785,0.16442163570923016,-0.46551059064183065,0.3306558789107622,0.14555837642570127,2.020090440765185,2.0521417933653643,1187.75,639.5,8422.5,1141.0,612.0,1247.0,582.0,1232.0,667.0,1131.0,697.0
moving,moving_frame_000062,moving_calib_camera,62,results/bus_real_data/ablation/moving_cam_res/00_prepared_datasets/res_1920x1080/raw_images/moving/frame_0062.png,3,0.17,1394.2006435940714,1394.2006435940714,960.0,540.0,True,-2.3813627712458274,0.21828129670581234,-0.5904312497736485,0.14206957184367763,0.14339690197749416,2.0172300588564296,2.0273045023119995,1057.5,638.25,8342.0,1008.0,615.0,1112.0,577.0,1104.0,661.0,1006.0,700.0
moving,moving_frame_000063,moving_calib_camera,63,results/bus_real_data/ablation/moving_cam_res/00_prepared_datasets/res_1920x1080/raw_images/moving/frame_0063.png,3,0.17,1394.2006435940714,1394.2006435940714,960.0,540.0,True,-2.4482522307715944,0.2033049981499067,-0.6052971140701447,0.07306929705444166,0.2784476238880063,1.9854719480069178,2.006233051702442,1010.5,734.75,8917.0,958.0,711.0,1065.0,672.0,1060.0,758.0,959.0,798.0
moving,moving_frame_000064,moving_calib_camera,64,results/bus_real_data/ablation/moving_cam_res/00_prepared_datasets/res_1920x1080/raw_images/moving/frame_0064.png,3,0.17,1394.2006435940714,1394.2006435940714,960.0,540.0,True,-2.50118436455003,0.1904383569643485,-0.6221921830446715,0.0037245919762265572,0.4069276991680865,1.9283764206466183,1.9708474432693885,961.75,833.5,9677.5,906.0,810.0,1017.0,768.0,1015.0,857.0,909.0,899.0
moving,moving_frame_000065,moving_calib_camera,65,results/bus_real_data/ablation/moving_cam_res/00_prepared_datasets/res_1920x1080/raw_images/moving/frame_0065.png,3,0.17,1394.2006435940714,1394.2006435940714,960.0,540.0,True,-2.549677640581211,0.17292256345442736,-0.6361296372139438,-0.06543661808075865,0.532863298510687,1.8742626441014105,1.9496373265198703,910.25,935.75,10496.5,851.0,912.0,967.0,868.0,967.0,959.0,856.0,1004.0
moving,moving_frame_000067,moving_calib_camera,67,results/bus_real_data/ablation/moving_cam_res/00_prepared_datasets/res_1920x1080/raw_images/moving/frame_0067.png,4,0.17,1394.2006435940714,1394.2006435940714,960.0,540.0,True,-2.6444091908937803,0.13866156688402664,-0.6383670058534169,0.33031382925501135,-0.4523259778479533,1.497307092657371,1.5986352134728188,1266.25,117.0,20601.0,1209.0,38.0,1338.0,32.0,1321.0,192.0,1197.0,206.0
moving,moving_frame_000068,moving_calib_camera,68,results/bus_real_data/ablation/moving_cam_res/00_prepared_datasets/res_1920x1080/raw_images/moving/frame_0068.png,4,0.17,1394.2006435940714,1394.2006435940714,960.0,540.0,True,-2.7056334619739575,0.11961084473265188,-0.6524415849074094,0.26146741011894054,-0.3556319242359538,1.4880408096615763,1.5521290936350471,1203.5,205.25,21030.0,1142.0,127.0,1275.0,121.0,1262.0,280.0,1135.0,293.0
moving,moving_frame_000069,moving_calib_camera,69,results/bus_real_data/ablation/moving_cam_res/00_prepared_datasets/res_1920x1080/raw_images/moving/frame_0069.png,4,0.17,1394.2006435940714,1394.2006435940714,960.0,540.0,True,-2.7553424739197108,0.10371028476087929,-0.6605920471378524,0.19213436224929162,-0.2616617096073499,1.4729219567454013,1.508271047953346,1140.25,291.0,21724.0,1075.0,213.0,1212.0,207.0,1203.0,365.0,1071.0,379.0
moving,moving_frame_000070,moving_calib_camera,70,results/bus_real_data/ablation/moving_cam_res/00_prepared_datasets/res_1920x1080/raw_images/moving/frame_0070.png,4,0.17,1394.2006435940714,1394.2006435940714,960.0,540.0,True,-2.8128597024323905,0.09496619044489772,-0.6891108671142655,0.12270646587025975,-0.16914200494461873,1.442860514466482,1.4579137007414176,1076.75,375.5,22850.5,1007.0,297.0,1149.0,290.0,1144.0,450.0,1007.0,465.0
moving,moving_frame_000071,moving_calib_camera,71,results/bus_real_data/ablation/moving_cam_res/00_prepared_datasets/res_1920x1080/raw_images/moving/frame_0071.png,4,0.17,1394.2006435940714,1394.2006435940714,960.0,540.0,True,-2.862595069756939,0.07135334394389796,-0.6945575808134088,0.05330566949206982,-0.0819533146722654,1.4166607908816766,1.420030153414802,1010.5,458.5,24225.0,937.0,379.0,1085.0,372.0,1082.0,534.0,938.0,549.0
moving,moving_frame_000072,moving_calib_camera,72,results/bus_real_data/ablation/moving_cam_res/00_prepared_datasets/res_1920x1080/raw_images/moving/frame_0072.png,7,0.17,1394.2006435940714,1394.2006435940714,960.0,540.0,True,2.648208439966814,0.44383239303573685,-1.3193614787706534,1.059300161993954,0.3883945637825628,1.9851366801990997,2.2833604203997595,1706.0,813.5,15085.0,1665.0,738.0,1786.0,776.0,1745.0,893.0,1628.0,847.0
moving,moving_frame_000072,moving_calib_camera,72,results/bus_real_data/ablation/moving_cam_res/00_prepared_datasets/res_1920x1080/raw_images/moving/frame_0072.png,4,0.17,1394.2006435940714,1394.2006435940714,960.0,540.0,True,-2.7886722733576987,0.1008714850216925,-0.8346928511768885,-0.15696544090518127,-0.11766633725726393,1.3646030577182373,1.3786315757649181,797.0,418.75,26982.5,715.0,337.0,874.0,328.0,876.0,495.0,723.0,515.0
moving,moving_frame_000073,moving_calib_camera,73,results/bus_real_data/ablation/moving_cam_res/00_prepared_datasets/res_1920x1080/raw_images/moving/frame_0073.png,7,0.17,1394.2006435940714,1394.2006435940714,960.0,540.0,True,2.737521856120677,0.4231665804487396,-1.18638052817084,0.808769872547293,0.3115303880544377,2.0469896393984874,2.2229094613200653,1512.5,752.75,13322.0,1475.0,681.0,1585.0,714.0,1549.0,828.0,1441.0,788.0
moving,moving_frame_000073,moving_calib_camera,73,results/bus_real_data/ablation/moving_cam_res/00_prepared_datasets/res_1920x1080/raw_images/moving/frame_0073.png,4,0.17,1394.2006435940714,1394.2006435940714,960.0,540.0,True,-2.728919321002806,0.13512977471329293,-0.9714053470395115,-0.355630020830539,-0.14304660922541962,1.2841631563143325,1.3401529972962074,570.25,383.5,32369.0,474.0,297.0,652.0,286.0,663.0,463.0,492.0,488.0
moving,moving_frame_000074,moving_calib_camera,74,results/bus_real_data/ablation/moving_cam_res/00_prepared_datasets/res_1920x1080/raw_images/moving/frame_0074.png,6,0.17,1394.2006435940714,1394.2006435940714,960.0,540.0,True,2.8337055800018653,0.3980982533847875,-1.089351699638323,0.8624792684242292,0.3298445187163043,1.7580863513268643,1.9858337074666121,1646.25,802.25,19901.0,1594.0,717.0,1736.0,758.0,1697.0,892.0,1558.0,842.0
moving,moving_frame_000074,moving_calib_camera,74,results/bus_real_data/ablation/moving_cam_res/00_prepared_datasets/res_1920x1080/raw_images/moving/frame_0074.png,7,0.17,1394.2006435940714,1394.2006435940714,960.0,540.0,True,2.8308471547220013,0.40346634968473666,-1.0786900580677783,0.5536309185812553,0.2391750838343645,2.060633070455152,2.1470725571786637,1336.0,702.25,12453.5,1300.0,632.0,1404.0,662.0,1371.0,776.0,1269.0,739.0
moving,moving_frame_000074,moving_calib_camera,74,results/bus_real_data/ablation/moving_cam_res/00_prepared_datasets/res_1920x1080/raw_images/moving/frame_0074.png,4,0.17,1394.2006435940714,1394.2006435940714,960.0,540.0,True,-2.645526529333891,0.16380139753768852,-1.0841977004505288,-0.541100165819553,-0.15603242517610094,1.1842342415057814,1.3113147013249935,317.75,354.75,41444.0,199.0,262.0,409.0,248.0,431.0,438.0,232.0,471.0
moving,moving_frame_000075,moving_calib_camera,75,results/bus_real_data/ablation/moving_cam_res/00_prepared_datasets/res_1920x1080/raw_images/moving/frame_0075.png,6,0.17,1394.2006435940714,1394.2006435940714,960.0,540.0,True,2.9130246101701323,0.37112434603256095,-0.9447352533165814,0.6492044742215625,0.26711029984507667,1.7838836902141313,1.9170433959210753,1469.25,749.25,18349.5,1419.0,667.0,1553.0,703.0,1518.0,835.0,1387.0,792.0
moving,moving_frame_000075,moving_calib_camera,75,results/bus_real_data/ablation/moving_cam_res/00_prepared_datasets/res_1920x1080/raw_images/moving/frame_0075.png,7,0.17,1394.2006435940714,1394.2006435940714,960.0,540.0,True,2.910127420349548,0.3695668630946908,-0.9554142201104726,0.3087358171340752,0.17668104518165476,2.049643821413207,2.0802821422021727,1171.25,660.5,12111.0,1135.0,591.0,1236.0,618.0,1207.0,733.0,1107.0,700.0
moving,moving_frame_000076,moving_calib_camera,76,results/bus_real_data/ablation/moving_cam_res/00_prepared_datasets/res_1920x1080/raw_images/moving/frame_0076.png,6,0.17,1394.2006435940714,1394.2006435940714,960.0,540.0,True,2.985150885425826,0.3399000937079681,-0.8101631433627442,0.43817665557349017,0.2120320468605563,1.7736938951653716,1.8392787728162239,1306.0,707.0,17820.0,1256.0,626.0,1386.0,658.0,1355.0,791.0,1227.0,753.0
moving,moving_frame_000076,moving_calib_camera,76,results/bus_real_data/ablation/moving_cam_res/00_prepared_datasets/res_1920x1080/raw_images/moving/frame_0076.png,7,0.17,1394.2006435940714,1394.2006435940714,960.0,540.0,True,2.995423828180671,0.33164834413042465,-0.7961035730330205,0.0734332394873315,0.1258883896730673,2.0106201258011733,2.0158952397366305,1012.0,627.5,12405.0,973.0,558.0,1076.0,582.0,1050.0,700.0,949.0,670.0
moving,moving_frame_000077,moving_calib_camera,77,results/bus_real_data/ablation/moving_cam_res/00_prepared_datasets/res_1920x1080/raw_images/moving/frame_0077.png,6,0.17,1394.2006435940714,1394.2006435940714,960.0,540.0,True,3.0463215077325096,0.2931147986692131,-0.6815183429014224,0.2396672996016766,0.1675408598804703,1.745741644087335,1.7700633441005997,1152.75,674.0,17855.5,1101.0,594.0,1230.0,621.0,1204.0,757.0,1076.0,724.0
moving,moving_frame_000077,moving_calib_camera,77,results/bus_real_data/ablation/moving_cam_res/00_prepared_datasets/res_1920x1080/raw_images/moving/frame_0077.png,7,0.17,1394.2006435940714,1394.2006435940714,960.0,540.0,True,3.0546776564493925,0.2950272311124139,-0.6630115798137551,-0.1492574810217307,0.08878993893835926,1.9455192319578571,1.9532553675378752,854.0,603.75,13086.5,812.0,533.0,918.0,555.0,895.0,677.0,791.0,650.0
moving,moving_frame_000078,moving_calib_camera,78,results/bus_real_data/ablation/moving_cam_res/00_prepared_datasets/res_1920x1080/raw_images/moving/frame_0078.png,6,0.17,1394.2006435940714,1394.2006435940714,960.0,540.0,True,-3.0740330532920317,-0.23638644229301067,0.5199315536321878,0.07994437237980737,0.1441399625465384,1.7560452004534228,1.7637636399227705,1024.5,654.5,17504.0,970.0,577.0,1099.0,599.0,1078.0,734.0,951.0,708.0
moving,moving_frame_000078,moving_calib_camera,78,results/bus_real_data/ablation/moving_cam_res/00_prepared_datasets/res_1920x1080/raw_images/moving/frame_0078.png,7,0.17,1394.2006435940714,1394.2006435940714,960.0,540.0,True,-3.0846989913222163,-0.2335078211158006,0.5158555268920176,-0.32707548744165194,0.07842305680618893,1.9035930033925694,1.9330791170795787,721.25,597.5,13818.5,675.0,527.0,785.0,545.0,767.0,670.0,658.0,648.0
moving,moving_frame_000079,moving_calib_camera,79,results/bus_real_data/ablation/moving_cam_res/00_prepared_datasets/res_1920x1080/raw_images/moving/frame_0079.png,6,0.17,1394.2006435940714,1394.2006435940714,960.0,540.0,True,-3.074278753660959,-0.1780605679233613,0.38260809753261993,-0.07879283982113235,0.12726838597598872,1.7427931067782605,1.7492093547399732,897.75,641.75,17686.0,840.0,566.0,970.0,583.0,955.0,719.0,826.0,699.0
moving,moving_frame_000079,moving_calib_camera,79,results/bus_real_data/ablation/moving_cam_res/00_prepared_datasets/res_1920x1080/raw_images/moving/frame_0079.png,7,0.17,1394.2006435940714,1394.2006435940714,960.0,540.0,True,-3.0935099767145946,-0.17216596935023673,0.3843065367957137,-0.50069663277817,0.07637158754589891,1.8595659884386075,1.9273078121611333,585.25,597.25,14678.0,534.0,527.0,649.0,541.0,636.0,669.0,522.0,652.0
moving,moving_frame_000079,moving_calib_camera,79,results/bus_real_data/ablation/moving_cam_res/00_prepared_datasets/res_1920x1080/raw_images/moving/frame_0079.png,8,0.17,1394.2006435940714,1394.2006435940714,960.0,540.0,True,3.0875992429292336,0.1957434269298172,-0.4309019729704472,1.1044306131255035,-0.062245082362849986,2.062589036261237,2.340494597727624,1707.25,498.0,14609.5,1651.0,435.0,1778.0,447.0,1763.0,562.0,1637.0,548.0
moving,moving_frame_000080,moving_calib_camera,80,results/bus_real_data/ablation/moving_cam_res/00_prepared_datasets/res_1920x1080/raw_images/moving/frame_0080.png,6,0.17,1394.2006435940714,1394.2006435940714,960.0,540.0,True,-3.093568549840636,-0.11510803872364478,0.23930990730147061,-0.2336906439808965,0.11726826219518581,1.719234579789428,1.7390027897465306,771.0,635.0,18329.0,709.0,561.0,842.0,572.0,833.0,710.0,700.0,697.0
moving,moving_frame_000080,moving_calib_camera,80,results/bus_real_data/ablation/moving_cam_res/00_prepared_datasets/res_1920x1080/raw_images/moving/frame_0080.png,7,0.17,1394.2006435940714,1394.2006435940714,960.0,540.0,True,-3.0890964432025774,-0.1147773092366884,0.22545471104536988,-0.6675899747441371,0.0833601616944968,1.7988216461929445,1.9205167548732567,443.0,604.5,16190.0,385.0,534.0,508.0,544.0,501.0,676.0,378.0,664.0
moving,moving_frame_000080,moving_calib_camera,80,results/bus_real_data/ablation/moving_cam_res/00_prepared_datasets/res_1920x1080/raw_images/moving/frame_0080.png,8,0.17,1394.2006435940714,1394.2006435940714,960.0,540.0,True,-3.0890107160997062,-0.12314628765087683,0.362304408642831,0.9147598234895307,-0.12668211534665488,2.1617573513122816,2.350750675629381,1550.5,458.25,12886.5,1497.0,400.0,1614.0,407.0,1604.0,517.0,1487.0,509.0
moving,moving_frame_000081,moving_calib_camera,81,results/bus_real_data/ablation/moving_cam_res/00_prepared_datasets/res_1920x1080/raw_images/moving/frame_0081.png,6,0.17,1394.2006435940714,1394.2006435940714,960.0,540.0,True,-3.1069588662100642,-0.052193006678989316,0.10201504257799177,-0.3840524442550788,0.11439102183686804,1.6812520390390613,1.7283489244328485,641.75,634.75,19478.5,574.0,562.0,713.0,567.0,709.0,708.0,571.0,702.0
moving,moving_frame_000081,moving_calib_camera,81,results/bus_real_data/ablation/moving_cam_res/00_prepared_datasets/res_1920x1080/raw_images/moving/frame_0081.png,7,0.17,1394.2006435940714,1394.2006435940714,960.0,540.0,True,-3.093875047870118,-0.053762683668467245,0.10023414780222628,-0.8222740848587721,0.098974208057161,1.716285453314469,1.9056668968499517,292.25,620.25,18364.5,226.0,549.0,360.0,554.0,358.0,692.0,225.0,686.0
moving,moving_frame_000081,moving_calib_camera,81,results/bus_real_data/ablation/moving_cam_res/00_prepared_datasets/res_1920x1080/raw_images/moving/frame_0081.png,8,0.17,1394.2006435940714,1394.2006435940714,960.0,540.0,True,-3.0701384728831336,-0.04728554532683296,0.09448818896671982,0.7019035625884621,-0.18211070761264636,2.200993031588684,2.3173698984200817,1404.75,424.5,11842.5,1353.0,369.0,1462.0,372.0,1457.0,480.0,1347.0,477.0
moving,moving_frame_000082,moving_calib_camera,82,results/bus_real_data/ablation/moving_cam_res/00_prepared_datasets/res_1920x1080/raw_images/moving/frame_0082.png,5,0.17,1394.2006435940714,1394.2006435940714,960.0,540.0,True,-3.0763811263366274,0.012610226702389147,-0.01638598819631366,0.961940714640612,0.3820323496875849,1.7073056159174076,1.9965397869399515,1745.5,851.75,18831.0,1678.0,784.0,1817.0,783.0,1812.0,919.0,1675.0,921.0
moving,moving_frame_000082,moving_calib_camera,82,results/bus_real_data/ablation/moving_cam_res/00_prepared_datasets/res_1920x1080/raw_images/moving/frame_0082.png,7,0.17,1394.2006435940714,1394.2006435940714,960.0,540.0,True,-3.078320526755303,0.0066494753443403064,-0.03670298153588612,-0.9664219294646222,0.12255113982922945,1.623555573837282,1.8933892439120048,130.0,645.0,21466.0,53.0,573.0,201.0,572.0,207.0,717.0,59.0,718.0
moving,moving_frame_000082,moving_calib_camera,82,results/bus_real_data/ablation/moving_cam_res/00_prepared_datasets/res_1920x1080/raw_images/moving/frame_0082.png,6,0.17,1394.2006435940714,1394.2006435940714,960.0,540.0,True,-3.088287317647139,0.011771136015602028,-0.04260556569680557,-0.5285232206013104,0.11930331645339391,1.6315344445004891,1.7191494174803654,508.25,641.75,21174.5,433.0,570.0,580.0,569.0,583.0,713.0,437.0,715.0
moving,moving_frame_000083,moving_calib_camera,83,results/bus_real_data/ablation/moving_cam_res/00_prepared_datasets/res_1920x1080/raw_images/moving/frame_0083.png,5,0.17,1394.2006435940714,1394.2006435940714,960.0,540.0,True,-3.061241168422159,0.07835124674416404,-0.14523000930651575,0.8241328408652489,0.32602100573467147,1.7826993468974712,1.9908544891582465,1604.25,794.75,16522.5,1540.0,734.0,1667.0,725.0,1668.0,855.0,1542.0,865.0
moving,moving_frame_000083,moving_calib_camera,83,results/bus_real_data/ablation/moving_cam_res/00_prepared_datasets/res_1920x1080/raw_images/moving/frame_0083.png,6,0.17,1394.2006435940714,1394.2006435940714,960.0,540.0,True,-3.0608662979158914,0.07410078220175599,-0.18924817482447642,-0.664774411463235,0.13226582432608092,1.5690104489812902,1.7091556557064713,368.75,657.25,23655.5,284.0,587.0,442.0,578.0,453.0,727.0,296.0,737.0
moving,moving_frame_000083,moving_calib_camera,83,results/bus_real_data/ablation/moving_cam_res/00_prepared_datasets/res_1920x1080/raw_images/moving/frame_0083.png,8,0.17,1394.2006435940714,1394.2006435940714,960.0,540.0,True,-3.046902663377065,0.074607072026462,-0.11800227747031432,0.28371223748694285,-0.2725466183397364,2.281163921601474,2.314839763371212,1133.25,373.25,10727.0,1080.0,323.0,1183.0,319.0,1186.0,423.0,1084.0,428.0
moving,moving_frame_000084,moving_calib_camera,84,results/bus_real_data/ablation/moving_cam_res/00_prepared_datasets/res_1920x1080/raw_images/moving/frame_0084.png,5,0.17,1394.2006435940714,1394.2006435940714,960.0,540.0,True,-3.0399275575066746,0.14296173262573225,-0.29407513256387474,0.6815814053794345,0.2749388843104376,1.847804967030574,1.9885994565139895,1473.75,747.25,14728.0,1412.0,692.0,1529.0,677.0,1535.0,801.0,1419.0,819.0
moving,moving_frame_000084,moving_calib_camera,84,results/bus_real_data/ablation/moving_cam_res/00_prepared_datasets/res_1920x1080/raw_images/moving/frame_0084.png,6,0.17,1394.2006435940714,1394.2006435940714,960.0,540.0,True,-3.031301418370902,0.1426593053758277,-0.32419906913766144,-0.7927687417064707,0.1524744620175401,1.4962804710135702,1.700172340479338,220.25,681.75,27087.5,123.0,613.0,296.0,595.0,316.0,749.0,146.0,770.0
moving,moving_frame_000084,moving_calib_camera,84,results/bus_real_data/ablation/moving_cam_res/00_prepared_datasets/res_1920x1080/raw_images/moving/frame_0084.png,8,0.17,1394.2006435940714,1394.2006435940714,960.0,540.0,True,-3.0339519138013293,0.1429565860859827,-0.29519063185585637,0.06933605885353669,-0.3023041739628905,2.2679989629213866,2.289107817134268,1002.25,354.0,10725.5,947.0,305.0,1049.0,298.0,1057.0,402.0,956.0,411.0
moving,moving_frame_000085,moving_calib_camera,85,results/bus_real_data/ablation/moving_cam_res/00_prepared_datasets/res_1920x1080/raw_images/moving/frame_0085.png,5,0.17,1394.2006435940714,1394.2006435940714,960.0,540.0,True,-3.0084315763196763,0.21152058805113,-0.4348910705986461,0.530428545336965,0.22787013079494,1.8891630204581016,1.975402783252866,1350.75,708.0,13623.5,1290.0,658.0,1400.0,636.0,1411.0,757.0,1302.0,781.0
moving,moving_frame_000085,moving_calib_camera,85,results/bus_real_data/ablation/moving_cam_res/00_prepared_datasets/res_1920x1080/raw_images/moving/frame_0085.png,8,0.17,1394.2006435940714,1394.2006435940714,960.0,540.0,True,-3.0185529310126005,0.2055908063993619,-0.3901996903124018,-0.1409059869213305,-0.3231547290131369,2.251697017742465,2.2791276699088487,872.25,339.75,10969.0,814.0,292.0,917.0,282.0,930.0,386.0,828.0,399.0
moving,moving_frame_000086,moving_calib_camera,86,results/bus_real_data/ablation/moving_cam_res/00_prepared_datasets/res_1920x1080/raw_images/moving/frame_0086.png,5,0.17,1394.2006435940714,1394.2006435940714,960.0,540.0,True,-3.011921170199962,0.2080438158648071,-0.4351358930752956,0.5780740981399001,0.2971382583896069,1.7653281669243301,1.881181635163251,1415.75,774.5,15314.0,1352.0,722.0,1468.0,697.0,1479.0,826.0,1364.0,853.0
moving,moving_frame_000086,moving_calib_camera,86,results/bus_real_data/ablation/moving_cam_res/00_prepared_datasets/res_1920x1080/raw_images/moving/frame_0086.png,8,0.17,1394.2006435940714,1394.2006435940714,960.0,540.0,True,-3.027181372429798,0.21184448013154944,-0.40057439319906485,-0.09360161015005589,-0.2545033142657706,2.133034966624189,2.150202633994387,898.25,373.5,12121.0,837.0,324.0,945.0,312.0,959.0,422.0,852.0,436.0
moving,moving_frame_000087,moving_calib_camera,87,results/bus_real_data/ablation/moving_cam_res/00_prepared_datasets/res_1920x1080/raw_images/moving/frame_0087.png,5,0.17,1394.2006435940714,1394.2006435940714,960.0,540.0,True,-3.012558107970998,0.21229242236759455,-0.4281851131514311,0.6234612823879317,0.36504397391562426,1.6342013608942705,1.7867778713308493,1491.0,851.25,17524.5,1423.0,796.0,1547.0,767.0,1558.0,905.0,1436.0,937.0
moving,moving_frame_000087,moving_calib_camera,87,results/bus_real_data/ablation/moving_cam_res/00_prepared_datasets/res_1920x1080/raw_images/moving/frame_0087.png,8,0.17,1394.2006435940714,1394.2006435940714,960.0,540.0,True,-3.0080665080313547,0.210873591101759,-0.39612255725172396,-0.04644395242455519,-0.18485312396323172,2.0011600305596025,2.0102162038111944,927.0,411.0,13677.0,862.0,359.0,977.0,345.0,991.0,462.0,878.0,478.0
moving,moving_frame_000088,moving_calib_camera,88,results/bus_real_data/ablation/moving_cam_res/00_prepared_datasets/res_1920x1080/raw_images/moving/frame_0088.png,5,0.17,1394.2006435940714,1394.2006435940714,960.0,540.0,True,-3.0104893779458406,0.2149213675183604,-0.4236731128377783,0.6701042326926857,0.4336071935294965,1.5068073467088692,1.7051461113491129,1579.0,941.0,20082.0,1507.0,883.0,1639.0,849.0,1650.0,997.0,1520.0,1035.0
moving,moving_frame_000088,moving_calib_camera,88,results/bus_real_data/ablation/moving_cam_res/00_prepared_datasets/res_1920x1080/raw_images/moving/frame_0088.png,8,0.17,1394.2006435940714,1394.2006435940714,960.0,540.0,True,-3.0023247857882285,0.2155674286626326,-0.39337534839676047,0.0009750670136479851,-0.11556688234025077,1.8735607550232494,1.8771218814485156,960.0,453.75,15465.5,891.0,399.0,1013.0,383.0,1028.0,507.0,908.0,526.0
moving,moving_frame_000089,moving_calib_camera,89,results/bus_real_data/ablation/moving_cam_res/00_prepared_datasets/res_1920x1080/raw_images/moving/frame_0089.png,8,0.17,1394.2006435940714,1394.2006435940714,960.0,540.0,True,-3.0093229937920727,0.20754000861211636,-0.423034979260824,0.048167552724018986,-0.04676186187662517,1.7499787459932945,1.751265941052316,997.5,502.5,17456.0,925.0,444.0,1054.0,427.0,1069.0,559.0,942.0,580.0
moving,moving_frame_000090,moving_calib_camera,90,results/bus_real_data/ablation/moving_cam_res/00_prepared_datasets/res_1920x1080/raw_images/moving/frame_0090.png,8,0.17,1394.2006435940714,1394.2006435940714,960.0,540.0,True,-3.0155479066436626,0.21296994745285952,-0.41911768019687223,0.09531644905536761,0.022598626443063995,1.615557960034487,1.618525083404156,1041.25,559.25,20262.5,963.0,497.0,1102.0,477.0,1118.0,619.0,982.0,644.0
moving,moving_frame_000091,moving_calib_camera,91,results/bus_real_data/ablation/moving_cam_res/00_prepared_datasets/res_1920x1080/raw_images/moving/frame_0091.png,8,0.17,1394.2006435940714,1394.2006435940714,960.0,540.0,True,-3.003691278186219,0.20801522083701676,-0.4401928018749868,0.14193788537372298,0.09098192723166601,1.4824886003794144,1.492044411082347,1092.25,625.25,23547.5,1009.0,559.0,1158.0,535.0,1174.0,689.0,1028.0,718.0
moving,moving_frame_000092,moving_calib_camera,92,results/bus_real_data/ablation/moving_cam_res/00_prepared_datasets/res_1920x1080/raw_images/moving/frame_0092.png,8,0.17,1394.2006435940714,1394.2006435940714,960.0,540.0,True,-3.0060667115756847,0.2095869224679326,-0.4234944773768282,0.1893270609017831,0.1600257737110054,1.3595588471729678,1.3819744003301229,1152.75,703.75,27618.0,1063.0,633.0,1224.0,605.0,1241.0,771.0,1083.0,806.0
moving,moving_frame_000093,moving_calib_camera,93,results/bus_real_data/ablation/moving_cam_res/00_prepared_datasets/res_1920x1080/raw_images/moving/frame_0093.png,8,0.17,1394.2006435940714,1394.2006435940714,960.0,540.0,True,-3.008117657378308,0.21060549343408963,-0.43490333079275056,0.2361568869141937,0.22877084723321897,1.2333359698469923,1.2764105101021495,1225.25,798.25,32749.5,1128.0,723.0,1303.0,688.0,1320.0,870.0,1150.0,912.0
moving,moving_frame_000093,moving_calib_camera,93,results/bus_real_data/ablation/moving_cam_res/00_prepared_datasets/res_1920x1080/raw_images/moving/frame_0093.png,11,0.17,1394.2006435940714,1394.2006435940714,960.0,540.0,True,0.42331533427160856,2.545765126263485,-1.504072772555496,-0.6955411453059995,-0.4252113920840377,2.182878495115757,2.3301374931987295,515.25,269.0,3666.0,576.0,278.0,460.0,292.0,458.0,258.0,567.0,248.0
moving,moving_frame_000094,moving_calib_camera,94,results/bus_real_data/ablation/moving_cam_res/00_prepared_datasets/res_1920x1080/raw_images/moving/frame_0094.png,8,0.17,1394.2006435940714,1394.2006435940714,960.0,540.0,True,-3.013638046856986,0.21004200120400499,-0.42105063731997266,0.28286311972941847,0.2972407502047025,1.1069333420347882,1.180535908726888,1314.25,914.0,39811.0,1208.0,833.0,1400.0,790.0,1418.0,991.0,1231.0,1042.0
moving,moving_frame_000094,moving_calib_camera,94,results/bus_real_data/ablation/moving_cam_res/00_prepared_datasets/res_1920x1080/raw_images/moving/frame_0094.png,11,0.17,1394.2006435940714,1394.2006435940714,960.0,540.0,True,0.41324069129869484,2.5429242872288707,-1.500708509999105,-0.6454403893068343,-0.35391983942504396,2.0478680049468423,2.1761470342263562,520.0,299.75,4455.0,585.0,311.0,461.0,325.0,459.0,287.0,575.0,276.0
moving,moving_frame_000094,moving_calib_camera,94,results/bus_real_data/ablation/moving_cam_res/00_prepared_datasets/res_1920x1080/raw_images/moving/frame_0094.png,12,0.17,1394.2006435940714,1394.2006435940714,960.0,540.0,True,-2.48832433043233,-0.7825689389587198,1.5961555474312215,0.2788348665279709,-0.4196455948310226,2.40853897348458,2.46067293536685,1122.25,297.0,5032.0,1121.0,237.0,1164.0,266.0,1122.0,359.0,1082.0,326.0
moving,moving_frame_000095,moving_calib_camera,95,results/bus_real_data/ablation/moving_cam_res/00_prepared_datasets/res_1920x1080/raw_images/moving/frame_0095.png,11,0.17,1394.2006435940714,1394.2006435940714,960.0,540.0,True,0.3885022883140203,2.551679328761433,-1.491868915063977,-0.5536760857176154,-0.2167820264427165,1.8066888884616161,1.9020190310758882,532.0,373.75,6683.0,606.0,390.0,464.0,406.0,464.0,356.0,594.0,343.0
moving,moving_frame_000095,moving_calib_camera,95,results/bus_real_data/ablation/moving_cam_res/00_prepared_datasets/res_1920x1080/raw_images/moving/frame_0095.png,12,0.17,1394.2006435940714,1394.2006435940714,960.0,540.0,True,-2.495187290054605,-0.7765362588911066,1.5932258806713506,0.37428780962667096,-0.28297525044650373,2.162136862181782,2.212465178845912,1202.5,357.5,6986.0,1199.0,290.0,1253.0,325.0,1204.0,428.0,1154.0,387.0
moving,moving_frame_000096,moving_calib_camera,96,results/bus_real_data/ablation/moving_cam_res/00_prepared_datasets/res_1920x1080/raw_images/moving/frame_0096.png,11,0.17,1394.2006435940714,1394.2006435940714,960.0,540.0,True,0.39451421368827594,2.554919075881494,-1.4878660305003921,-0.5055555879645054,-0.14659945411934552,1.6745505752007324,1.755334008493919,538.25,419.25,8408.5,618.0,438.0,466.0,457.0,464.0,399.0,605.0,383.0
moving,moving_frame_000096,moving_calib_camera,96,results/bus_real_data/ablation/moving_cam_res/00_prepared_datasets/res_1920x1080/raw_images/moving/frame_0096.png,12,0.17,1394.2006435940714,1394.2006435940714,960.0,540.0,True,-2.482179296222613,-0.7778360620636245,1.613056967957168,0.41862743160885385,-0.2115889290197098,2.0203776562132036,2.074112985134776,1250.25,394.0,8309.5,1246.0,321.0,1306.0,361.0,1252.0,470.0,1197.0,424.0
moving,moving_frame_000097,moving_calib_camera,97,results/bus_real_data/ablation/moving_cam_res/00_prepared_datasets/res_1920x1080/raw_images/moving/frame_0097.png,11,0.17,1394.2006435940714,1394.2006435940714,960.0,540.0,True,0.5129887485734637,2.482025737359752,-1.4583401753549978,-0.6119441255244963,-0.07207225277193408,1.5360985786255756,1.655073673779834,403.25,476.25,10713.5,495.0,493.0,324.0,523.0,319.0,456.0,475.0,433.0
moving,moving_frame_000097,moving_calib_camera,97,results/bus_real_data/ablation/moving_cam_res/00_prepared_datasets/res_1920x1080/raw_images/moving/frame_0097.png,12,0.17,1394.2006435940714,1394.2006435940714,960.0,540.0,True,-2.5731979465195582,-0.7276511204035403,1.4880992822743246,0.2725858915600414,-0.1812335184402615,1.9656337739228509,1.9927028854473035,1154.75,411.5,9119.0,1146.0,336.0,1212.0,377.0,1161.0,490.0,1100.0,443.0
moving,moving_frame_000098,moving_calib_camera,98,results/bus_real_data/ablation/moving_cam_res/00_prepared_datasets/res_1920x1080/raw_images/moving/frame_0098.png,11,0.17,1394.2006435940714,1394.2006435940714,960.0,540.0,True,0.6247555048410192,2.427951904450125,-1.4173746855043687,-0.6952526455905441,0.004772274131257086,1.3957004013904066,1.5592878586849757,263.5,547.0,14410.0,369.0,562.0,176.0,606.0,166.0,528.0,343.0,492.0
moving,moving_frame_000098,moving_calib_camera,98,results/bus_real_data/ablation/moving_cam_res/00_prepared_datasets/res_1920x1080/raw_images/moving/frame_0098.png,12,0.17,1394.2006435940714,1394.2006435940714,960.0,540.0,True,-2.6478968436823545,-0.6572198669571412,1.3704275602446083,0.14299323801102734,-0.14641182153462434,1.9067966170113502,1.917747852625025,1066.0,433.0,9986.0,1052.0,355.0,1124.0,396.0,1078.0,514.0,1010.0,467.0
moving,moving_frame_000099,moving_calib_camera,99,results/bus_real_data/ablation/moving_cam_res/00_prepared_datasets/res_1920x1080/raw_images/moving/frame_0099.png,11,0.17,1394.2006435940714,1394.2006435940714,960.0,540.0,True,0.7421159221018079,2.3596373060647307,-1.371337513982531,-0.7501341471364712,0.08218105463319056,1.2502316685779533,1.4603198928851164,120.5,634.75,20090.5,246.0,645.0,23.0,711.0,5.0,618.0,208.0,565.0
moving,moving_frame_000099,moving_calib_camera,99,results/bus_real_data/ablation/moving_cam_res/00_prepared_datasets/res_1920x1080/raw_images/moving/frame_0099.png,12,0.17,1394.2006435940714,1394.2006435940714,960.0,540.0,True,-2.715575671714321,-0.6045083746605742,1.2539583849009301,0.029784360899698412,-0.10686697213665791,1.826736601848218,1.8301022568205954,984.25,458.5,11245.0,965.0,377.0,1045.0,419.0,1001.0,543.0,926.0,495.0
moving,moving_frame_000100,moving_calib_camera,100,results/bus_real_data/ablation/moving_cam_res/00_prepared_datasets/res_1920x1080/raw_images/moving/frame_0100.png,12,0.17,1394.2006435940714,1394.2006435940714,960.0,540.0,True,-2.781219651030475,-0.5493455080292587,1.118072733204901,-0.06670341543962457,-0.06668878371016462,1.7609272849148878,1.7634516274232674,908.75,487.25,12694.0,884.0,403.0,972.0,445.0,932.0,575.0,847.0,526.0
moving,moving_frame_000101,moving_calib_camera,101,results/bus_real_data/ablation/moving_cam_res/00_prepared_datasets/res_1920x1080/raw_images/moving/frame_0101.png,12,0.17,1394.2006435940714,1394.2006435940714,960.0,540.0,True,-2.83955291219573,-0.4881130545528778,1.0007254303409894,-0.1460298226237062,-0.024704501985850925,1.677395212931647,1.6839209369444532,840.25,519.5,14528.5,809.0,432.0,907.0,473.0,870.0,611.0,775.0,562.0
moving,moving_frame_000102,moving_calib_camera,102,results/bus_real_data/ablation/moving_cam_res/00_prepared_datasets/res_1920x1080/raw_images/moving/frame_0102.png,12,0.17,1394.2006435940714,1394.2006435940714,960.0,540.0,True,-2.8858358541130325,-0.4243372908993321,0.8580744848871067,-0.20999412919996696,0.01674629130652114,1.6052080610061643,1.6189721713760694,779.25,554.5,16684.5,740.0,464.0,850.0,504.0,817.0,649.0,710.0,601.0
moving,moving_frame_000103,moving_calib_camera,103,results/bus_real_data/ablation/moving_cam_res/00_prepared_datasets/res_1920x1080/raw_images/moving/frame_0103.png,12,0.17,1394.2006435940714,1394.2006435940714,960.0,540.0,True,-2.937554808075111,-0.3636713661126042,0.7450081955354517,-0.25773333219711286,0.056735291299641534,1.526463733910996,1.5491084193011744,726.25,591.75,19197.5,679.0,498.0,802.0,536.0,771.0,689.0,653.0,644.0
moving,moving_frame_000104,moving_calib_camera,104,results/bus_real_data/ablation/moving_cam_res/00_prepared_datasets/res_1920x1080/raw_images/moving/frame_0104.png,12,0.17,1394.2006435940714,1394.2006435940714,960.0,540.0,True,-2.96860959142236,-0.2984597778564863,0.598745625739578,-0.2937058023295873,0.09451462079688568,1.4608666528507337,1.4930932620830328,681.25,630.0,22009.5,625.0,534.0,761.0,569.0,736.0,729.0,603.0,688.0
moving,moving_frame_000105,moving_calib_camera,105,results/bus_real_data/ablation/moving_cam_res/00_prepared_datasets/res_1920x1080/raw_images/moving/frame_0105.png,10,0.17,1394.2006435940714,1394.2006435940714,960.0,540.0,True,-1.774805646376206,-1.1035818399198951,2.2610647842440623,0.6446293809104087,0.2970471077037876,1.0883661264714644,1.2993555511016306,1790.25,922.5,27287.5,1844.0,785.0,1890.0,932.0,1725.0,1062.0,1702.0,911.0
moving,moving_frame_000105,moving_calib_camera,105,results/bus_real_data/ablation/moving_cam_res/00_prepared_datasets/res_1920x1080/raw_images/moving/frame_0105.png,12,0.17,1394.2006435940714,1394.2006435940714,960.0,540.0,True,-2.9954278804436285,-0.23514396222650324,0.4670922080296211,-0.31609418728702354,0.12900364023083763,1.3961687189104528,1.4373046184067964,645.75,668.5,25113.0,580.0,571.0,730.0,601.0,710.0,769.0,563.0,733.0
moving,moving_frame_000106,moving_calib_camera,106,results/bus_real_data/ablation/moving_cam_res/00_prepared_datasets/res_1920x1080/raw_images/moving/frame_0106.png,10,0.17,1394.2006435940714,1394.2006435940714,960.0,540.0,True,-1.8947663802272752,-1.0657950730443222,2.18211327765834,0.6614820389379786,0.28069489057905533,1.1165909709252597,1.3278266098352403,1790.75,892.5,29047.0,1831.0,755.0,1899.0,897.0,1739.0,1033.0,1694.0,885.0
moving,moving_frame_000106,moving_calib_camera,106,results/bus_real_data/ablation/moving_cam_res/00_prepared_datasets/res_1920x1080/raw_images/moving/frame_0106.png,12,0.17,1394.2006435940714,1394.2006435940714,960.0,540.0,True,-3.0223001457513985,-0.169435745825615,0.34554956319744207,-0.32749475127504213,0.15925357537155566,1.3383088999913255,1.3869697996630341,620.0,705.5,28364.0,545.0,607.0,708.0,631.0,694.0,806.0,533.0,778.0
moving,moving_frame_000107,moving_calib_camera,107,results/bus_real_data/ablation/moving_cam_res/00_prepared_datasets/res_1920x1080/raw_images/moving/frame_0107.png,10,0.17,1394.2006435940714,1394.2006435940714,960.0,540.0,True,-2.007868283460813,-1.0183227117483045,2.0862534843849088,0.6781778253015437,0.2589226135104545,1.1575773999455286,1.3663643435710937,1781.75,853.75,29626.5,1808.0,718.0,1895.0,853.0,1744.0,993.0,1680.0,851.0
moving,moving_frame_000107,moving_calib_camera,107,results/bus_real_data/ablation/moving_cam_res/00_prepared_datasets/res_1920x1080/raw_images/moving/frame_0107.png,12,0.17,1394.2006435940714,1394.2006435940714,960.0,540.0,True,-3.0349049408430098,-0.10459903204675691,0.22025452377459373,-0.33183408902932365,0.185589750860234,1.2920165092092701,1.3467977124778587,602.75,739.75,31436.5,518.0,642.0,694.0,658.0,686.0,839.0,513.0,820.0
moving,moving_frame_000108,moving_calib_camera,108,results/bus_real_data/ablation/moving_cam_res/00_prepared_datasets/res_1920x1080/raw_images/moving/frame_0108.png,10,0.17,1394.2006435940714,1394.2006435940714,960.0,540.0,True,-2.1207755167093105,-0.9734254527700188,1.992982065450036,0.6908892985317493,0.2311946640639996,1.2080260975816186,1.4107111851671243,1762.25,808.5,29155.5,1776.0,677.0,1878.0,801.0,1737.0,944.0,1658.0,812.0
moving,moving_frame_000108,moving_calib_camera,108,results/bus_real_data/ablation/moving_cam_res/00_prepared_datasets/res_1920x1080/raw_images/moving/frame_0108.png,12,0.17,1394.2006435940714,1394.2006435940714,960.0,540.0,True,-3.039803488932862,-0.039543196649765,0.062119465127013156,-0.3297916514144512,0.20713347402365412,1.2562825189695088,1.3152614100900828,594.25,769.25,34406.0,500.0,674.0,688.0,680.0,687.0,865.0,502.0,858.0
moving,moving_frame_000109,moving_calib_camera,109,results/bus_real_data/ablation/moving_cam_res/00_prepared_datasets/res_1920x1080/raw_images/moving/frame_0109.png,12,0.17,1394.2006435940714,1394.2006435940714,960.0,540.0,True,-3.030645771985723,0.031378338341081384,-0.0849555742088261,-0.321992642473526,0.222181199710926,1.2245780869584564,1.2855486137719192,593.0,792.25,37004.5,490.0,701.0,687.0,695.0,695.0,883.0,500.0,890.0
moving,moving_frame_000109,moving_calib_camera,109,results/bus_real_data/ablation/moving_cam_res/00_prepared_datasets/res_1920x1080/raw_images/moving/frame_0109.png,10,0.17,1394.2006435940714,1394.2006435940714,960.0,540.0,True,-2.2207530594396845,-0.9346740506404438,1.8989143595080862,0.7003612422948821,0.19854137251929635,1.2719966834720218,1.4655715980717214,1732.25,759.0,27576.5,1737.0,634.0,1846.0,745.0,1718.0,889.0,1628.0,768.0
moving,moving_frame_000110,moving_calib_camera,110,results/bus_real_data/ablation/moving_cam_res/00_prepared_datasets/res_1920x1080/raw_images/moving/frame_0110.png,12,0.17,1394.2006435940714,1394.2006435940714,960.0,540.0,True,-3.030645771985723,0.031378338341081384,-0.0849555742088261,-0.321992642473526,0.222181199710926,1.2245780869584564,1.2855486137719192,593.0,792.25,37004.5,490.0,701.0,687.0,695.0,695.0,883.0,500.0,890.0
moving,moving_frame_000110,moving_calib_camera,110,results/bus_real_data/ablation/moving_cam_res/00_prepared_datasets/res_1920x1080/raw_images/moving/frame_0110.png,10,0.17,1394.2006435940714,1394.2006435940714,960.0,540.0,True,-2.2207530594396845,-0.9346740506404438,1.8989143595080862,0.7003612422948821,0.19854137251929635,1.2719966834720218,1.4655715980717214,1732.25,759.0,27576.5,1737.0,634.0,1846.0,745.0,1718.0,889.0,1628.0,768.0
moving,moving_frame_000111,moving_calib_camera,111,results/bus_real_data/ablation/moving_cam_res/00_prepared_datasets/res_1920x1080/raw_images/moving/frame_0111.png,12,0.17,1394.2006435940714,1394.2006435940714,960.0,540.0,True,-3.0338393928224527,0.09862237845530641,-0.22355341596915534,-0.3121280259658915,0.23276600692933272,1.2048711339226412,1.266222084760498,597.75,808.75,38909.0,488.0,722.0,691.0,704.0,706.0,894.0,506.0,915.0
moving,moving_frame_000111,moving_calib_camera,111,results/bus_real_data/ablation/moving_cam_res/00_prepared_datasets/res_1920x1080/raw_images/moving/frame_0111.png,10,0.17,1394.2006435940714,1394.2006435940714,960.0,540.0,True,-2.3253938076416376,-0.8677758789539162,1.7992258522185156,0.6985363300156914,0.1600163031872631,1.3405312638943452,1.5200599630000389,1690.75,707.5,25709.0,1685.0,589.0,1801.0,686.0,1688.0,831.0,1589.0,724.0
moving,moving_frame_000112,moving_calib_camera,112,results/bus_real_data/ablation/moving_cam_res/00_prepared_datasets/res_1920x1080/raw_images/moving/frame_0112.png,12,0.17,1394.2006435940714,1394.2006435940714,960.0,540.0,True,-3.0313805822092803,0.16774480517062265,-0.3458109578105126,-0.30362195979557427,0.23811909794442396,1.198872113850622,1.2594369157066303,605.25,816.5,39664.0,491.0,735.0,695.0,706.0,718.0,895.0,517.0,930.0
moving,moving_frame_000112,moving_calib_camera,112,results/bus_real_data/ablation/moving_cam_res/00_prepared_datasets/res_1920x1080/raw_images/moving/frame_0112.png,10,0.17,1394.2006435940714,1394.2006435940714,960.0,540.0,True,-2.4257569123731053,-0.8149685323190314,1.6721393962934699,0.6902883733352916,0.11693799611604352,1.4243105154504385,1.5870831666047664,1639.5,655.25,23634.0,1626.0,544.0,1745.0,629.0,1646.0,771.0,1541.0,677.0
moving,moving_frame_000113,moving_calib_camera,113,results/bus_real_data/ablation/moving_cam_res/00_prepared_datasets/res_1920x1080/raw_images/moving/frame_0113.png,12,0.17,1394.2006435940714,1394.2006435940714,960.0,540.0,True,-3.002197048382383,0.23228350501845849,-0.4695413922775221,-0.29593236946794144,0.23769834169311088,1.1993334731327454,1.2579655196861395,613.75,816.0,39525.0,496.0,741.0,699.0,701.0,729.0,887.0,531.0,935.0
moving,moving_frame_000113,moving_calib_camera,113,results/bus_real_data/ablation/moving_cam_res/00_prepared_datasets/res_1920x1080/raw_images/moving/frame_0113.png,10,0.17,1394.2006435940714,1394.2006435940714,960.0,540.0,True,-2.51228389541312,-0.7633384564142183,1.5673612550999996,0.6654095778216713,0.06914930379743843,1.5074639294930208,1.6492419565348875,1578.75,604.5,21386.0,1560.0,501.0,1678.0,573.0,1592.0,713.0,1485.0,631.0
moving,moving_frame_000114,moving_calib_camera,114,results/bus_real_data/ablation/moving_cam_res/00_prepared_datasets/res_1920x1080/raw_images/moving/frame_0114.png,12,0.17,1394.2006435940714,1394.2006435940714,960.0,540.0,True,-2.9664049848732708,0.2924079451220781,-0.5898162020084253,-0.29241973087689743,0.23170587286677474,1.2078803423210056,1.2641882106286946,619.75,807.25,38613.5,501.0,739.0,699.0,689.0,736.0,871.0,543.0,930.0
moving,moving_frame_000114,moving_calib_camera,114,results/bus_real_data/ablation/moving_cam_res/00_prepared_datasets/res_1920x1080/raw_images/moving/frame_0114.png,10,0.17,1394.2006435940714,1394.2006435940714,960.0,540.0,True,-2.5947424789969182,-0.7013816381488741,1.4465411245011128,0.6317771750720252,0.01864329673940225,1.6076092380527658,1.727396142674834,1510.75,556.5,19059.0,1487.0,461.0,1603.0,521.0,1530.0,657.0,1423.0,587.0
moving,moving_frame_000115,moving_calib_camera,115,results/bus_real_data/ablation/moving_cam_res/00_prepared_datasets/res_1920x1080/raw_images/moving/frame_0115.png,12,0.17,1394.2006435940714,1394.2006435940714,960.0,540.0,True,-2.947150566506447,0.36133494483173934,-0.7414754756226261,-0.29548804576407717,0.2219784300192697,1.227611762969119,1.2820367581171148,621.25,792.25,36989.0,503.0,730.0,693.0,672.0,736.0,849.0,553.0,918.0
moving,moving_frame_000115,moving_calib_camera,115,results/bus_real_data/ablation/moving_cam_res/00_prepared_datasets/res_1920x1080/raw_images/moving/frame_0115.png,10,0.17,1394.2006435940714,1394.2006435940714,960.0,540.0,True,-2.668096694763235,-0.644644042451623,1.323786830320644,0.5788958009536788,-0.03441816524474595,1.7033007563214655,1.7993160992293413,1436.25,512.0,17124.0,1409.0,423.0,1522.0,474.0,1460.0,605.0,1354.0,546.0
moving,moving_frame_000116,moving_calib_camera,116,results/bus_real_data/ablation/moving_cam_res/00_prepared_datasets/res_1920x1080/raw_images/moving/frame_0116.png,12,0.17,1394.2006435940714,1394.2006435940714,960.0,540.0,True,-2.8916044518959994,0.4212630631702727,-0.8556040525541236,-0.30666298069689757,0.20776699232601972,1.2525642701408197,1.3061877957106744,615.25,771.5,34791.5,499.0,716.0,679.0,651.0,728.0,821.0,555.0,898.0
moving,moving_frame_000116,moving_calib_camera,116,results/bus_real_data/ablation/moving_cam_res/00_prepared_datasets/res_1920x1080/raw_images/moving/frame_0116.png,10,0.17,1394.2006435940714,1394.2006435940714,960.0,540.0,True,-2.7314422006286034,-0.5868136613517964,1.2085169870324732,0.5087044875549264,-0.08910612285498766,1.7990504523717052,1.8717111654760212,1356.25,471.0,15376.5,1326.0,388.0,1436.0,431.0,1383.0,557.0,1280.0,508.0
moving,moving_frame_000117,moving_calib_camera,117,results/bus_real_data/ablation/moving_cam_res/00_prepared_datasets/res_1920x1080/raw_images/moving/frame_0117.png,12,0.17,1394.2006435940714,1394.2006435940714,960.0,540.0,True,-2.831305430020992,0.4783563142159308,-0.9935276132739099,-0.3265896482550093,0.19023250323307223,1.2820978306221449,1.3366465691871063,601.25,747.25,32281.5,488.0,698.0,657.0,627.0,710.0,791.0,550.0,873.0
moving,moving_frame_000117,moving_calib_camera,117,results/bus_real_data/ablation/moving_cam_res/00_prepared_datasets/res_1920x1080/raw_images/moving/frame_0117.png,10,0.17,1394.2006435940714,1394.2006435940714,960.0,540.0,True,-2.7912473430717992,-0.5307868580624863,1.0743843529662327,0.4223026436321193,-0.14420028253455885,1.9017895626350545,1.9534422911489746,1271.25,434.25,13862.5,1239.0,357.0,1345.0,393.0,1301.0,514.0,1200.0,473.0
moving,moving_frame_000118,moving_calib_camera,118,results/bus_real_data/ablation/moving_cam_res/00_prepared_datasets/res_1920x1080/raw_images/moving/frame_0118.png,12,0.17,1394.2006435940714,1394.2006435940714,960.0,540.0,True,-2.781683343282718,0.5411274342728142,-1.1242961572807375,-0.4229497814014399,0.20518497404069774,1.2571930317291409,1.3422077745967336,486.75,768.25,34385.0,366.0,724.0,539.0,643.0,602.0,806.0,440.0,900.0
moving,moving_frame_000118,moving_calib_camera,118,results/bus_real_data/ablation/moving_cam_res/00_prepared_datasets/res_1920x1080/raw_images/moving/frame_0118.png,10,0.17,1394.2006435940714,1394.2006435940714,960.0,540.0,True,-2.850177092209526,-0.468832096556275,0.9604795027120033,0.25264366413159234,-0.16385748163567096,1.937189933940198,1.9604547777169075,1143.25,422.0,13115.5,1109.0,348.0,1212.0,378.0,1176.0,499.0,1076.0,463.0
moving,moving_frame_000119,moving_calib_camera,119,results/bus_real_data/ablation/moving_cam_res/00_prepared_datasets/res_1920x1080/raw_images/moving/frame_0119.png,12,0.17,1394.2006435940714,1394.2006435940714,960.0,540.0,True,-2.7203220251214018,0.6074231057364562,-1.247430065820816,-0.5142999971059429,0.22383592960298057,1.2193719056950534,1.3421903198886473,367.0,797.0,37692.0,236.0,759.0,416.0,665.0,491.0,828.0,325.0,936.0
moving,moving_frame_000119,moving_calib_camera,119,results/bus_real_data/ablation/moving_cam_res/00_prepared_datasets/res_1920x1080/raw_images/moving/frame_0119.png,10,0.17,1394.2006435940714,1394.2006435940714,960.0,540.0,True,-2.904149978893329,-0.4121559057142834,0.8494019228500655,0.07865188162116256,-0.17426849619403634,1.9489984802406837,1.958354080147095,1017.5,415.25,12795.0,981.0,343.0,1083.0,369.0,1053.0,490.0,953.0,459.0
moving,moving_frame_000120,moving_calib_camera,120,results/bus_real_data/ablation/moving_cam_res/00_prepared_datasets/res_1920x1080/raw_images/moving/frame_0120.png,12,0.17,1394.2006435940714,1394.2006435940714,960.0,540.0,True,-2.654183068783036,0.6617178608616929,-1.355387096132957,-0.6059892644080201,0.2478751901183777,1.1813426833256664,1.3506426743965558,239.0,834.0,41810.0,96.0,803.0,286.0,695.0,373.0,858.0,201.0,980.0
moving,moving_frame_000120,moving_calib_camera,120,results/bus_real_data/ablation/moving_cam_res/00_prepared_datasets/res_1920x1080/raw_images/moving/frame_0120.png,10,0.17,1394.2006435940714,1394.2006435940714,960.0,540.0,True,-2.9349826209194245,-0.3431732854130708,0.6914767921608941,-0.09629181402612952,-0.1785313771741432,1.966401991795962,1.9768364523711277,892.75,413.25,12697.5,852.0,343.0,956.0,365.0,932.0,486.0,831.0,459.0
moving,moving_frame_000121,moving_calib_camera,121,results/bus_real_data/ablation/moving_cam_res/00_prepared_datasets/res_1920x1080/raw_images/moving/frame_0121.png,10,0.17,1394.2006435940714,1394.2006435940714,960.0,540.0,True,-2.97403610916977,-0.27647895720413324,0.561840762337324,-0.27267599663268366,-0.17369857688961637,1.9560712187310825,1.9826088891915137,766.5,416.0,12940.0,722.0,347.0,828.0,365.0,810.0,487.0,706.0,465.0
moving,moving_frame_000121,moving_calib_camera,121,results/bus_real_data/ablation/moving_cam_res/00_prepared_datasets/res_1920x1080/raw_images/moving/frame_0121.png,0,0.17,1394.2006435940714,1394.2006435940714,960.0,540.0,True,-2.4480244513880773,-0.12328708913436022,0.7106125972207785,3.402312040344262,-2.1375748326939084,6.065305777266638,7.275499127687528,1742.25,48.5,1768.5,1725.0,27.0,1769.0,30.0,1759.0,70.0,1716.0,67.0
moving,moving_frame_000122,moving_calib_camera,122,results/bus_real_data/ablation/moving_cam_res/00_prepared_datasets/res_1920x1080/raw_images/moving/frame_0122.png,10,0.17,1394.2006435940714,1394.2006435940714,960.0,540.0,True,-3.0041651535341565,-0.21462915669277502,0.424859767859684,-0.4487837326351215,-0.16052869445245785,1.933101815190008,1.9909944571272482,637.0,424.0,13490.0,588.0,356.0,698.0,370.0,685.0,494.0,577.0,476.0
moving,moving_frame_000122,moving_calib_camera,122,results/bus_real_data/ablation/moving_cam_res/00_prepared_datasets/res_1920x1080/raw_images/moving/frame_0122.png,0,0.17,1394.2006435940714,1394.2006435940714,960.0,540.0,True,-2.5528550370423386,-0.10001589538655385,0.582993470152476,2.7953182295869357,-2.322215669688852,6.435031320487702,7.390271829700662,1565.75,36.75,1530.5,1549.0,17.0,1589.0,18.0,1582.0,57.0,1543.0,55.0
moving,moving_frame_000123,moving_calib_camera,123,results/bus_real_data/ablation/moving_cam_res/00_prepared_datasets/res_1920x1080/raw_images/moving/frame_0123.png,10,0.17,1394.2006435940714,1394.2006435940714,960.0,540.0,True,-3.0041651535341565,-0.21462915669277502,0.424859767859684,-0.4487837326351215,-0.16052869445245785,1.933101815190008,1.9909944571272482,637.0,424.0,13490.0,588.0,356.0,698.0,370.0,685.0,494.0,577.0,476.0
moving,moving_frame_000123,moving_calib_camera,123,results/bus_real_data/ablation/moving_cam_res/00_prepared_datasets/res_1920x1080/raw_images/moving/frame_0123.png,0,0.17,1394.2006435940714,1394.2006435940714,960.0,540.0,True,-2.5528550370423386,-0.10001589538655385,0.582993470152476,2.7953182295869357,-2.322215669688852,6.435031320487702,7.390271829700662,1565.75,36.75,1530.5,1549.0,17.0,1589.0,18.0,1582.0,57.0,1543.0,55.0
moving,moving_frame_000124,moving_calib_camera,124,results/bus_real_data/ablation/moving_cam_res/00_prepared_datasets/res_1920x1080/raw_images/moving/frame_0124.png,9,0.17,1394.2006435940714,1394.2006435940714,960.0,540.0,True,-3.0322706004487636,-0.15429877106661133,0.3080870065143281,0.8150910918767064,0.018435997053127633,1.6014235775060999,1.7970172087758478,1670.5,555.75,23640.0,1601.0,475.0,1761.0,490.0,1739.0,638.0,1581.0,620.0
moving,moving_frame_000124,moving_calib_camera,124,results/bus_real_data/ablation/moving_cam_res/00_prepared_datasets/res_1920x1080/raw_images/moving/frame_0124.png,10,0.17,1394.2006435940714,1394.2006435940714,960.0,540.0,True,-3.033457385288252,-0.14306117420729061,0.2966169494776603,-0.6211543004639519,-0.13892901284545575,1.8939646986153034,1.9980581110658495,503.25,437.5,14384.0,449.0,370.0,564.0,380.0,557.0,506.0,443.0,494.0
moving,moving_frame_000124,moving_calib_camera,124,results/bus_real_data/ablation/moving_cam_res/00_prepared_datasets/res_1920x1080/raw_images/moving/frame_0124.png,0,0.17,1394.2006435940714,1394.2006435940714,960.0,540.0,True,-3.0048317697253695,-0.12618483923966706,0.2817871355344548,2.101613369885847,-2.4373198208207807,6.6373166060799385,7.376400097255659,1401.5,28.0,1373.0,1385.0,9.0,1422.0,10.0,1418.0,47.0,1381.0,46.0
moving,moving_frame_000125,moving_calib_camera,125,results/bus_real_data/ablation/moving_cam_res/00_prepared_datasets/res_1920x1080/raw_images/moving/frame_0125.png,9,0.17,1394.2006435940714,1394.2006435940714,960.0,540.0,True,-3.0229305869267247,-0.07843321907159867,0.1698054765399812,0.6710694911655831,-0.02109877815553689,1.6705583895928324,1.8004290470473665,1520.5,522.0,20831.0,1453.0,448.0,1601.0,455.0,1587.0,597.0,1441.0,588.0
moving,moving_frame_000125,moving_calib_camera,125,results/bus_real_data/ablation/moving_cam_res/00_prepared_datasets/res_1920x1080/raw_images/moving/frame_0125.png,10,0.17,1394.2006435940714,1394.2006435940714,960.0,540.0,True,-3.032349944578717,-0.08380777261740369,0.16026222847798555,-0.7877142925230168,-0.10958613020719983,1.8363822953269917,2.001200355079235,362.25,456.5,15806.0,301.0,389.0,424.0,395.0,423.0,525.0,301.0,517.0
moving,moving_frame_000125,moving_calib_camera,125,results/bus_real_data/ablation/moving_cam_res/00_prepared_datasets/res_1920x1080/raw_images/moving/frame_0125.png,0,0.17,1394.2006435940714,1394.2006435940714,960.0,540.0,True,-2.5236252822670964,-0.012115975701975808,0.23771381255611043,1.3931833787233792,-2.525308724640487,6.798565230027736,7.385027641684122,1245.75,22.0,1278.0,1229.0,4.0,1265.0,4.0,1262.0,40.0,1227.0,40.0
moving,moving_frame_000126,moving_calib_camera,126,results/bus_real_data/ablation/moving_cam_res/00_prepared_datasets/res_1920x1080/raw_images/moving/frame_0126.png,9,0.17,1394.2006435940714,1394.2006435940714,960.0,540.0,True,-3.0397060286338604,-0.01616839852929945,0.02886834827653882,0.5210054143676158,-0.0545777541703219,1.7328977782934931,1.8103480557796534,1379.25,495.75,18777.0,1313.0,427.0,1451.0,428.0,1445.0,565.0,1308.0,563.0
moving,moving_frame_000127,moving_calib_camera,127,results/bus_real_data/ablation/moving_cam_res/00_prepared_datasets/res_1920x1080/raw_images/moving/frame_0127.png,9,0.17,1394.2006435940714,1394.2006435940714,960.0,540.0,True,-3.0292808189248466,0.05062437605970352,-0.0841128790612029,0.36462635890863776,-0.0799325676496658,1.7857994817027214,1.8243961701976212,1244.5,477.25,17362.0,1178.0,413.0,1310.0,409.0,1310.0,541.0,1180.0,546.0
moving,moving_frame_000128,moving_calib_camera,128,results/bus_real_data/ablation/moving_cam_res/00_prepared_datasets/res_1920x1080/raw_images/moving/frame_0128.png,9,0.17,1394.2006435940714,1394.2006435940714,960.0,540.0,True,-3.0283135627502196,0.11758721269864689,-0.22254110008832406,0.2004985408561302,-0.09811159155010638,1.8188545742735334,1.832500344239446,1113.25,464.5,16520.0,1046.0,404.0,1173.0,395.0,1180.0,524.0,1054.0,535.0
moving,moving_frame_000129,moving_calib_camera,129,results/bus_real_data/ablation/moving_cam_res/00_prepared_datasets/res_1920x1080/raw_images/moving/frame_0129.png,9,0.17,1394.2006435940714,1394.2006435940714,960.0,540.0,True,-3.031158986361509,0.18517276252231518,-0.3421549015547609,0.03323411740482332,-0.10872903653837006,1.842265246459542,1.845770231707857,984.5,457.5,16082.0,915.0,400.0,1040.0,387.0,1053.0,513.0,930.0,530.0
moving,moving_frame_000129,moving_calib_camera,129,results/bus_real_data/ablation/moving_cam_res/00_prepared_datasets/res_1920x1080/raw_images/moving/frame_0129.png,0,0.17,1394.2006435940714,1394.2006435940714,960.0,540.0,True,-2.9513782271682354,0.14839343157845677,-0.3761737364703157,-1.5386284764772193,-2.561367689728489,6.887781617652345,7.5079636149279,648.5,21.5,1264.0,629.0,4.0,664.0,3.0,668.0,39.0,633.0,40.0
moving,moving_frame_000130,moving_calib_camera,130,results/bus_real_data/ablation/moving_cam_res/00_prepared_datasets/res_1920x1080/raw_images/moving/frame_0130.png,9,0.17,1394.2006435940714,1394.2006435940714,960.0,540.0,True,-2.9551008317252,0.224284672893412,-0.4168893703394767,-0.05012244069939285,-0.1996962645225506,1.8303760834799447,1.8419195053262523,921.0,387.5,16302.0,850.0,331.0,975.0,315.0,991.0,442.0,868.0,462.0
moving,moving_frame_000131,moving_calib_camera,131,results/bus_real_data/ablation/moving_cam_res/00_prepared_datasets/res_1920x1080/raw_images/moving/frame_0131.png,13,0.17,1394.2006435940714,1394.2006435940714,960.0,540.0,True,2.1852656431548954,-0.469804216733266,0.22585956782729114,0.4400150554427937,0.2518906365428246,1.204910466202272,1.3072380706505036,1470.75,835.75,30245.5,1329.0,794.0,1480.0,738.0,1618.0,870.0,1456.0,941.0
moving,moving_frame_000131,moving_calib_camera,131,results/bus_real_data/ablation/moving_cam_res/00_prepared_datasets/res_1920x1080/raw_images/moving/frame_0131.png,11,0.17,1394.2006435940714,1394.2006435940714,960.0,540.0,True,2.1984312549336487,-0.4703582152094608,0.2422928020655674,-0.24928182025197154,0.20026453447638107,0.8430354170664672,0.9016407400431783,545.0,880.25,64658.5,384.0,816.0,650.0,736.0,725.0,931.0,421.0,1038.0
moving,moving_frame_000131,moving_calib_camera,131,results/bus_real_data/ablation/moving_cam_res/00_prepared_datasets/res_1920x1080/raw_images/moving/frame_0131.png,9,0.17,1394.2006435940714,1394.2006435940714,960.0,540.0,True,-2.8262413209802024,0.30305825297266015,-0.5030308321041548,-0.21608525459594596,-0.373676263307334,1.7916420472999461,1.8429074889061223,790.75,248.5,17436.5,714.0,193.0,842.0,171.0,866.0,302.0,741.0,328.0
moving,moving_frame_000132,moving_calib_camera,132,results/bus_real_data/ablation/moving_cam_res/00_prepared_datasets/res_1920x1080/raw_images/moving/frame_0132.png,13,0.17,1394.2006435940714,1394.2006435940714,960.0,540.0,True,2.1852656431548954,-0.469804216733266,0.22585956782729114,0.4400150554427937,0.2518906365428246,1.204910466202272,1.3072380706505036,1470.75,835.75,30245.5,1329.0,794.0,1480.0,738.0,1618.0,870.0,1456.0,941.0
moving,moving_frame_000132,moving_calib_camera,132,results/bus_real_data/ablation/moving_cam_res/00_prepared_datasets/res_1920x1080/raw_images/moving/frame_0132.png,11,0.17,1394.2006435940714,1394.2006435940714,960.0,540.0,True,2.1984312549336487,-0.4703582152094608,0.2422928020655674,-0.24928182025197154,0.20026453447638107,0.8430354170664672,0.9016407400431783,545.0,880.25,64658.5,384.0,816.0,650.0,736.0,725.0,931.0,421.0,1038.0
moving,moving_frame_000132,moving_calib_camera,132,results/bus_real_data/ablation/moving_cam_res/00_prepared_datasets/res_1920x1080/raw_images/moving/frame_0132.png,9,0.17,1394.2006435940714,1394.2006435940714,960.0,540.0,True,-2.8262413209802024,0.30305825297266015,-0.5030308321041548,-0.21608525459594596,-0.373676263307334,1.7916420472999461,1.8429074889061223,790.75,248.5,17436.5,714.0,193.0,842.0,171.0,866.0,302.0,741.0,328.0
moving,moving_frame_000133,moving_calib_camera,133,results/bus_real_data/ablation/moving_cam_res/00_prepared_datasets/res_1920x1080/raw_images/moving/frame_0133.png,11,0.17,1394.2006435940714,1394.2006435940714,960.0,540.0,True,2.273230903577744,-0.6064221511083998,0.2662887500129945,-0.3029920656062606,0.13388708945096506,0.8386535453196469,0.9017037837445356,453.5,771.0,65455.0,281.0,721.0,549.0,621.0,641.0,806.0,343.0,936.0
moving,moving_frame_000133,moving_calib_camera,133,results/bus_real_data/ablation/moving_cam_res/00_prepared_datasets/res_1920x1080/raw_images/moving/frame_0133.png,13,0.17,1394.2006435940714,1394.2006435940714,960.0,540.0,True,2.2617089706190274,-0.6078643740828295,0.25510879438784634,0.35717243786391284,0.1040733333321823,1.2535033807963036,1.3075450794325545,1358.25,659.25,26889.0,1223.0,631.0,1365.0,565.0,1496.0,682.0,1349.0,759.0
moving,moving_frame_000133,moving_calib_camera,133,results/bus_real_data/ablation/moving_cam_res/00_prepared_datasets/res_1920x1080/raw_images/moving/frame_0133.png,9,0.17,1394.2006435940714,1394.2006435940714,960.0,540.0,True,-2.7119056546220706,0.4018920840365378,-0.6295426295281541,-0.3785652059265375,-0.5286623480140269,1.7181556017862358,1.837077615479359,651.25,110.0,19594.0,565.0,54.0,699.0,25.0,734.0,164.0,607.0,197.0
moving,moving_frame_000134,moving_calib_camera,134,results/bus_real_data/ablation/moving_cam_res/00_prepared_datasets/res_1920x1080/raw_images/moving/frame_0134.png,11,0.17,1394.2006435940714,1394.2006435940714,960.0,540.0,True,2.3039364448001067,-0.6774950819002112,0.280142331808112,-0.32828799244295453,0.10286969594183977,0.832314567273736,0.9006124134284728,407.25,720.5,66647.0,228.0,678.0,497.0,567.0,600.0,748.0,304.0,889.0
moving,moving_frame_000134,moving_calib_camera,134,results/bus_real_data/ablation/moving_cam_res/00_prepared_datasets/res_1920x1080/raw_images/moving/frame_0134.png,13,0.17,1394.2006435940714,1394.2006435940714,960.0,540.0,True,2.3047354624884204,-0.6785397899731481,0.2791432705737893,0.3152451822363166,0.028996782257502997,1.2710039326871685,1.3098363772665447,1306.5,575.0,25863.0,1174.0,551.0,1311.0,482.0,1441.0,593.0,1300.0,674.0
moving,moving_frame_000135,moving_calib_camera,135,results/bus_real_data/ablation/moving_cam_res/00_prepared_datasets/res_1920x1080/raw_images/moving/frame_0135.png,11,0.17,1394.2006435940714,1394.2006435940714,960.0,540.0,True,2.2890075419878313,-0.5570713492703303,0.24362744815365037,-0.2790388937119488,0.11799210060401454,0.8502652021963519,0.9026271401165263,500.0,741.5,62731.0,333.0,687.0,597.0,597.0,682.0,783.0,388.0,899.0
moving,moving_frame_000135,moving_calib_camera,135,results/bus_real_data/ablation/moving_cam_res/00_prepared_datasets/res_1920x1080/raw_images/moving/frame_0135.png,13,0.17,1394.2006435940714,1394.2006435940714,960.0,540.0,True,2.2841006907271404,-0.5551291299564635,0.236688685721433,0.3957430585012976,0.10530023548503017,1.2421751657113853,1.3079372501214543,1405.25,661.75,27623.0,1269.0,628.0,1415.0,567.0,1545.0,690.0,1392.0,762.0
moving,moving_frame_000135,moving_calib_camera,135,results/bus_real_data/ablation/moving_cam_res/00_prepared_datasets/res_1920x1080/raw_images/moving/frame_0135.png,9,0.17,1394.2006435940714,1394.2006435940714,960.0,540.0,True,-2.7042871102748296,0.3606682744576481,-0.552878643087201,-0.3042087137427525,-0.5538236952443905,1.7249917211789412,1.837079221227832,712.75,91.25,19420.5,629.0,34.0,763.0,7.0,793.0,147.0,666.0,177.0
moving,moving_frame_000136,moving_calib_camera,136,results/bus_real_data/ablation/moving_cam_res/00_prepared_datasets/res_1920x1080/raw_images/moving/frame_0136.png,11,0.17,1394.2006435940714,1394.2006435940714,960.0,540.0,True,2.2890075419878313,-0.5570713492703303,0.24362744815365037,-0.2790388937119488,0.11799210060401454,0.8502652021963519,0.9026271401165263,500.0,741.5,62731.0,333.0,687.0,597.0,597.0,682.0,783.0,388.0,899.0
moving,moving_frame_000136,moving_calib_camera,136,results/bus_real_data/ablation/moving_cam_res/00_prepared_datasets/res_1920x1080/raw_images/moving/frame_0136.png,13,0.17,1394.2006435940714,1394.2006435940714,960.0,540.0,True,2.2841006907271404,-0.5551291299564635,0.236688685721433,0.3957430585012976,0.10530023548503017,1.2421751657113853,1.3079372501214543,1405.25,661.75,27623.0,1269.0,628.0,1415.0,567.0,1545.0,690.0,1392.0,762.0
moving,moving_frame_000136,moving_calib_camera,136,results/bus_real_data/ablation/moving_cam_res/00_prepared_datasets/res_1920x1080/raw_images/moving/frame_0136.png,9,0.17,1394.2006435940714,1394.2006435940714,960.0,540.0,True,-2.7042871102748296,0.3606682744576481,-0.552878643087201,-0.3042087137427525,-0.5538236952443905,1.7249917211789412,1.837079221227832,712.75,91.25,19420.5,629.0,34.0,763.0,7.0,793.0,147.0,666.0,177.0
moving,moving_frame_000137,moving_calib_camera,137,results/bus_real_data/ablation/moving_cam_res/00_prepared_datasets/res_1920x1080/raw_images/moving/frame_0137.png,13,0.17,1394.2006435940714,1394.2006435940714,960.0,540.0,True,2.232052699698382,-0.3261901936314801,0.1511603896721376,0.5460689542795277,0.26449880793088965,1.1568790808566678,1.306338443876076,1620.25,863.5,34168.5,1471.0,805.0,1639.0,763.0,1777.0,916.0,1594.0,970.0
moving,moving_frame_000137,moving_calib_camera,137,results/bus_real_data/ablation/moving_cam_res/00_prepared_datasets/res_1920x1080/raw_images/moving/frame_0137.png,11,0.17,1394.2006435940714,1394.2006435940714,960.0,540.0,True,2.242084351790076,-0.3202695911313285,0.15790571377554255,-0.17145407446402983,0.1610545408584371,0.8704821633307285,0.9017063055443186,683.75,806.0,58462.5,538.0,729.0,793.0,678.0,849.0,874.0,555.0,943.0
moving,moving_frame_000137,moving_calib_camera,137,results/bus_real_data/ablation/moving_cam_res/00_prepared_datasets/res_1920x1080/raw_images/moving/frame_0137.png,9,0.17,1394.2006435940714,1394.2006435940714,960.0,540.0,True,-2.855687881483539,0.2069714169126179,-0.3220793244064791,0.012785937817094455,-0.4270703804527502,1.7923143856817794,1.8425372308823975,969.25,207.0,17444.5,897.0,147.0,1027.0,132.0,1039.0,266.0,914.0,283.0
moving,moving_frame_000138,moving_calib_camera,138,results/bus_real_data/ablation/moving_cam_res/00_prepared_datasets/res_1920x1080/raw_images/moving/frame_0138.png,11,0.17,1394.2006435940714,1394.2006435940714,960.0,540.0,True,2.2072307732667102,-0.20766514105122422,0.10834940260395601,-0.1153605027868543,0.1889657478925618,0.8737204325112056,0.901334285194677,774.75,849.75,57640.0,637.0,763.0,890.0,729.0,933.0,931.0,639.0,976.0
moving,moving_frame_000138,moving_calib_camera,138,results/bus_real_data/ablation/moving_cam_res/00_prepared_datasets/res_1920x1080/raw_images/moving/frame_0138.png,9,0.17,1394.2006435940714,1394.2006435940714,960.0,540.0,True,-2.8862722849999614,0.1383002548130162,-0.25591764226997776,0.17146730371377064,-0.34513518942453364,1.7937177876897483,1.8346506035473307,1092.75,271.0,17156.5,1025.0,209.0,1154.0,199.0,1159.0,332.0,1033.0,344.0
moving,moving_frame_000139,moving_calib_camera,139,results/bus_real_data/ablation/moving_cam_res/00_prepared_datasets/res_1920x1080/raw_images/moving/frame_0139.png,9,0.17,1394.2006435940714,1394.2006435940714,960.0,540.0,True,-2.952050767596723,0.06599054966457568,-0.09648958982104729,0.32933390846066596,-0.2570614605980107,1.7905084671860596,1.8386032711957556,1216.25,339.25,17424.5,1150.0,275.0,1282.0,270.0,1281.0,403.0,1152.0,409.0
moving,moving_frame_000140,moving_calib_camera,140,results/bus_real_data/ablation/moving_cam_res/00_prepared_datasets/res_1920x1080/raw_images/moving/frame_0140.png,11,0.17,1394.2006435940714,1394.2006435940714,960.0,540.0,True,2.13807140511356,-0.00011968777702230264,0.0005486473613650639,-0.0003063901550077568,0.2552208183891446,0.8647015168920612,0.9015799872055632,959.5,960.5,59892.0,833.0,852.0,1086.0,852.0,1109.0,1069.0,810.0,1069.0
moving,moving_frame_000142,moving_calib_camera,142,results/bus_real_data/ablation/moving_cam_res/00_prepared_datasets/res_1920x1080/raw_images/moving/frame_0142.png,9,0.17,1394.2006435940714,1394.2006435940714,960.0,540.0,True,-2.9864437057202156,0.0029113185119574933,0.04158272817462453,0.4841517983947253,-0.01128852077711466,1.5225170400558166,1.5976822374460158,1403.5,529.0,24178.0,1328.0,452.0,1486.0,452.0,1478.0,606.0,1322.0,606.0
moving,moving_frame_000143,moving_calib_camera,143,results/bus_real_data/ablation/moving_cam_res/00_prepared_datasets/res_1920x1080/raw_images/moving/frame_0143.png,9,0.17,1394.2006435940714,1394.2006435940714,960.0,540.0,True,-2.9942413617342516,-0.0011047635107988107,0.02734266229507628,0.4841758090779956,0.06369678405208354,1.3987000359978248,1.4815010243314803,1442.75,602.75,28392.5,1361.0,519.0,1533.0,520.0,1523.0,686.0,1354.0,686.0
moving,moving_frame_000144,moving_calib_camera,144,results/bus_real_data/ablation/moving_cam_res/00_prepared_datasets/res_1920x1080/raw_images/moving/frame_0144.png,9,0.17,1394.2006435940714,1394.2006435940714,960.0,540.0,True,-2.9837665651231564,0.0021122362744778506,0.03295013502071889,0.4836229512202036,0.13912433934649965,1.2744699890379712,1.37022643884286,1489.25,691.25,33849.0,1400.0,601.0,1589.0,601.0,1577.0,782.0,1391.0,781.0
moving,moving_frame_000145,moving_calib_camera,145,results/bus_real_data/ablation/moving_cam_res/00_prepared_datasets/res_1920x1080/raw_images/moving/frame_0145.png,9,0.17,1394.2006435940714,1394.2006435940714,960.0,540.0,True,-2.9837665651231564,0.0021122362744778506,0.03295013502071889,0.4836229512202036,0.13912433934649965,1.2744699890379712,1.37022643884286,1489.25,691.25,33849.0,1400.0,601.0,1589.0,601.0,1577.0,782.0,1391.0,781.0
moving,moving_frame_000146,moving_calib_camera,146,results/bus_real_data/ablation/moving_cam_res/00_prepared_datasets/res_1920x1080/raw_images/moving/frame_0146.png,9,0.17,1394.2006435940714,1394.2006435940714,960.0,540.0,True,-2.992894435521402,0.0011302943036897548,0.0179009506097127,0.4821936230611946,0.21395910044415817,1.148030268187968,1.2634328963025667,1545.75,798.75,41195.0,1447.0,699.0,1657.0,700.0,1642.0,898.0,1437.0,898.0
moving,moving_frame_000147,moving_calib_camera,147,results/bus_real_data/ablation/moving_cam_res/00_prepared_datasets/res_1920x1080/raw_images/moving/frame_0147.png,9,0.17,1394.2006435940714,1394.2006435940714,960.0,540.0,True,-2.99500700495777,0.0016332911655304039,0.013353987040838938,0.4817836536850572,0.2890250493380656,1.0238288510864628,1.1678512252937105,1616.25,932.25,51041.5,1506.0,822.0,1742.0,823.0,1723.0,1042.0,1494.0,1042.0
moving,moving_frame_000152,moving_calib_camera,152,results/bus_real_data/ablation/moving_cam_res/00_prepared_datasets/res_1920x1080/raw_images/moving/frame_0152.png,3,0.17,1394.2006435940714,1394.2006435940714,960.0,540.0,True,-1.9173318746968664,-0.5385111723621026,1.9058195030803327,1.214033552389484,-0.2658000234640542,3.129560410457992,3.3672949798773075,1501.25,421.5,2261.0,1496.0,371.0,1522.0,404.0,1506.0,473.0,1481.0,438.0
moving,moving_frame_000153,moving_calib_camera,153,results/bus_real_data/ablation/moving_cam_res/00_prepared_datasets/res_1920x1080/raw_images/moving/frame_0153.png,3,0.17,1394.2006435940714,1394.2006435940714,960.0,540.0,True,-1.9173318746968664,-0.5385111723621026,1.9058195030803327,1.214033552389484,-0.2658000234640542,3.129560410457992,3.3672949798773075,1501.25,421.5,2261.0,1496.0,371.0,1522.0,404.0,1506.0,473.0,1481.0,438.0
moving,moving_frame_000154,moving_calib_camera,154,results/bus_real_data/ablation/moving_cam_res/00_prepared_datasets/res_1920x1080/raw_images/moving/frame_0154.png,3,0.17,1394.2006435940714,1394.2006435940714,960.0,540.0,True,-1.9235770070214093,-0.52216229860858,1.9078961525828333,1.218385792494369,-0.19027377933346168,3.0169379902433264,3.2592304133686856,1523.5,452.0,2536.0,1517.0,399.0,1546.0,435.0,1529.0,505.0,1502.0,469.0
moving,moving_frame_000155,moving_calib_camera,155,results/bus_real_data/ablation/moving_cam_res/00_prepared_datasets/res_1920x1080/raw_images/moving/frame_0155.png,3,0.17,1394.2006435940714,1394.2006435940714,960.0,540.0,True,-1.91559475987669,-0.5344525982954693,1.9074235559943473,1.2126893083835963,-0.11456041938282277,2.8803729113333336,3.127345129131084,1547.5,484.5,2880.0,1541.0,429.0,1572.0,468.0,1553.0,541.0,1524.0,500.0
moving,moving_frame_000156,moving_calib_camera,156,results/bus_real_data/ablation/moving_cam_res/00_prepared_datasets/res_1920x1080/raw_images/moving/frame_0156.png,3,0.17,1394.2006435940714,1394.2006435940714,960.0,540.0,True,-1.965001404579423,-0.523786982641168,1.8325611131635144,1.0888098624577227,-0.10014604821502349,2.837701235538293,3.041066334319895,1495.5,490.75,3098.0,1487.0,434.0,1521.0,475.0,1503.0,548.0,1471.0,506.0
moving,moving_frame_000157,moving_calib_camera,157,results/bus_real_data/ablation/moving_cam_res/00_prepared_datasets/res_1920x1080/raw_images/moving/frame_0157.png,3,0.17,1394.2006435940714,1394.2006435940714,960.0,540.0,True,-1.9986065886829563,-0.5200468322691897,1.7909951755228473,0.9668964149008584,-0.07930065260734272,2.7671041840613104,2.9322419470605925,1447.75,500.0,3262.5,1438.0,442.0,1474.0,484.0,1456.0,559.0,1423.0,515.0
moving,moving_frame_000158,moving_calib_camera,158,results/bus_real_data/ablation/moving_cam_res/00_prepared_datasets/res_1920x1080/raw_images/moving/frame_0158.png,3,0.17,1394.2006435940714,1394.2006435940714,960.0,540.0,True,-2.0346708853417645,-0.5007202771711069,1.717357102744571,0.8587722420598848,-0.0570476069278695,2.700418456280505,2.8342554634699293,1404.0,510.5,3525.0,1392.0,451.0,1431.0,495.0,1415.0,571.0,1378.0,525.0
moving,moving_frame_000159,moving_calib_camera,159,results/bus_real_data/ablation/moving_cam_res/00_prepared_datasets/res_1920x1080/raw_images/moving/frame_0159.png,3,0.17,1394.2006435940714,1394.2006435940714,960.0,540.0,True,-2.075809357602047,-0.48130314011054165,1.6702205418319078,0.7617988569409697,-0.030057717729191316,2.6268107397375715,2.73521034423905,1365.0,524.0,3801.0,1351.0,463.0,1393.0,508.0,1378.0,586.0,1338.0,539.0
moving,moving_frame_000160,moving_calib_camera,160,results/bus_real_data/ablation/moving_cam_res/00_prepared_datasets/res_1920x1080/raw_images/moving/frame_0160.png,3,0.17,1394.2006435940714,1394.2006435940714,960.0,540.0,True,-2.1049924092905448,-0.4754475799724996,1.5794082563939011,0.6789856333260399,-0.0008157810176444902,2.5652639206580714,2.6536015409989218,1329.75,539.5,4165.0,1313.0,477.0,1360.0,525.0,1345.0,603.0,1301.0,553.0
moving,moving_frame_000161,moving_calib_camera,161,results/bus_real_data/ablation/moving_cam_res/00_prepared_datasets/res_1920x1080/raw_images/moving/frame_0161.png,3,0.17,1394.2006435940714,1394.2006435940714,960.0,540.0,True,-2.134133462202218,-0.45614038833862586,1.5253824305916606,0.6011414108686375,0.031192794011878144,2.4762375722439613,2.5483517222809082,1299.25,557.5,4548.0,1280.0,493.0,1331.0,543.0,1317.0,623.0,1269.0,571.0
moving,moving_frame_000162,moving_calib_camera,162,results/bus_real_data/ablation/moving_cam_res/00_prepared_datasets/res_1920x1080/raw_images/moving/frame_0162.png,3,0.17,1394.2006435940714,1394.2006435940714,960.0,540.0,True,-2.16268344229689,-0.4567067029870989,1.4572789010834215,0.5386994028795593,0.0646349917400728,2.398472545548683,2.4590740697609768,1274.0,577.5,5022.0,1253.0,511.0,1308.0,564.0,1294.0,645.0,1241.0,590.0
moving,moving_frame_000163,moving_calib_camera,163,results/bus_real_data/ablation/moving_cam_res/00_prepared_datasets/res_1920x1080/raw_images/moving/frame_0163.png,3,0.17,1394.2006435940714,1394.2006435940714,960.0,540.0,True,-2.0550359067656205,-0.49617221838682196,1.6742226694591034,0.9223192862184533,0.2801461425064324,2.1666246855379923,2.3713745496809135,1554.75,720.5,6867.0,1536.0,644.0,1599.0,713.0,1571.0,798.0,1513.0,727.0
moving,moving_frame_000163,moving_calib_camera,163,results/bus_real_data/ablation/moving_cam_res/00_prepared_datasets/res_1920x1080/raw_images/moving/frame_0163.png,0,0.17,1394.2006435940714,1394.2006435940714,960.0,540.0,True,-2.989151001625135,0.1313784049548023,-0.2526414232005461,-0.29828842696103347,-1.4031390927931557,4.061470958639343,4.307356689113878,857.5,58.25,3521.5,826.0,29.0,884.0,27.0,889.0,87.0,831.0,90.0
moving,moving_frame_000164,moving_calib_camera,164,results/bus_real_data/ablation/moving_cam_res/00_prepared_datasets/res_1920x1080/raw_images/moving/frame_0164.png,3,0.17,1394.2006435940714,1394.2006435940714,960.0,540.0,True,-1.9910056977473671,-0.5142009039744497,1.7939992573570351,1.0794517002680108,0.39649922854207675,2.0154691082825766,2.3204618802917936,1708.25,814.75,8461.5,1691.0,731.0,1759.0,811.0,1723.0,900.0,1660.0,817.0
moving,moving_frame_000164,moving_calib_camera,164,results/bus_real_data/ablation/moving_cam_res/00_prepared_datasets/res_1920x1080/raw_images/moving/frame_0164.png,0,0.17,1394.2006435940714,1394.2006435940714,960.0,540.0,True,-2.9204276195333296,0.06974548344736012,-0.0986345056666755,0.10220362458846276,-1.331034273895697,4.066351885779411,4.279873301646421,995.0,83.5,3542.0,965.0,54.0,1023.0,52.0,1025.0,113.0,967.0,115.0
moving,moving_frame_000165,moving_calib_camera,165,results/bus_real_data/ablation/moving_cam_res/00_prepared_datasets/res_1920x1080/raw_images/moving/frame_0165.png,0,0.17,1394.2006435940714,1394.2006435940714,960.0,540.0,True,-2.9336013019790648,0.0005007839979598534,-0.0025531108788542397,0.48918749734345035,-1.2222373624193896,3.9826827659558264,4.194631162795199,1131.25,112.0,3689.0,1102.0,81.0,1162.0,81.0,1160.0,143.0,1101.0,143.0
moving,moving_frame_000167,moving_calib_camera,167,results/bus_real_data/ablation/moving_cam_res/00_prepared_datasets/res_1920x1080/raw_images/moving/frame_0167.png,0,0.17,1394.2006435940714,1394.2006435940714,960.0,540.0,True,-3.0049074748237814,0.004283489069063379,-0.019893580418431627,0.49025461170626533,-1.0812074721936185,3.755408311531014,3.9385848687749254,1142.0,138.5,4095.0,1111.0,106.0,1174.0,106.0,1173.0,171.0,1110.0,171.0
moving,moving_frame_000168,moving_calib_camera,168,results/bus_real_data/ablation/moving_cam_res/00_prepared_datasets/res_1920x1080/raw_images/moving/frame_0168.png,0,0.17,1394.2006435940714,1394.2006435940714,960.0,540.0,True,-3.0289319045093976,-0.02967673545346147,0.14219025298349058,0.48881384113978726,-0.9362017668570859,3.514333628007322,3.669598556858675,1154.0,168.5,4692.0,1121.0,134.0,1189.0,134.0,1187.0,203.0,1119.0,203.0
moving,moving_frame_000169,moving_calib_camera,169,results/bus_real_data/ablation/moving_cam_res/00_prepared_datasets/res_1920x1080/raw_images/moving/frame_0169.png,0,0.17,1394.2006435940714,1394.2006435940714,960.0,540.0,True,-3.0127284184265926,-0.006607292344993766,0.03534061118180905,0.4854985963386568,-0.8583569155488018,3.3721533459385595,3.513389199909666,1160.75,185.0,5076.0,1126.0,149.0,1197.0,149.0,1195.0,221.0,1125.0,221.0
moving,moving_frame_000172,moving_calib_camera,172,results/bus_real_data/ablation/moving_cam_res/00_prepared_datasets/res_1920x1080/raw_images/moving/frame_0172.png,0,0.17,1394.2006435940714,1394.2006435940714,960.0,540.0,True,-3.020036580540299,0.0011618771125236455,-0.007816305285534652,0.4863249173645609,-0.6380308212667811,3.0167973327322533,3.12164402213264,1184.75,245.0,6280.0,1146.0,205.0,1225.0,205.0,1223.0,285.0,1145.0,285.0
moving,moving_frame_000175,moving_calib_camera,175,results/bus_real_data/ablation/moving_cam_res/00_prepared_datasets/res_1920x1080/raw_images/moving/frame_0175.png,1,0.17,1394.2006435940714,1394.2006435940714,960.0,540.0,True,-0.0031192739199747,2.7422755970395563,-1.523755836127293,-0.5289924717406558,-0.6380785950040047,2.129440255347618,2.2850586709438123,613.25,122.75,3412.5,659.0,138.0,544.0,138.0,571.0,107.0,679.0,108.0
moving,moving_frame_000176,moving_calib_camera,176,results/bus_real_data/ablation/moving_cam_res/00_prepared_datasets/res_1920x1080/raw_images/moving/frame_0176.png,1,0.17,1394.2006435940714,1394.2006435940714,960.0,540.0,True,0.002783496349888088,2.7497585663884325,-1.5156200072994048,-0.530501984519823,-0.5645600194297014,2.0124257635733165,2.156389998356415,592.0,149.5,4130.0,640.0,167.0,518.0,167.0,548.0,132.0,662.0,132.0
moving,moving_frame_000177,moving_calib_camera,177,results/bus_real_data/ablation/moving_cam_res/00_prepared_datasets/res_1920x1080/raw_images/moving/frame_0177.png,1,0.17,1394.2006435940714,1394.2006435940714,960.0,540.0,True,0.008426265943951168,2.7427430353566433,-1.5203217342765425,-0.5299968079128443,-0.48913206631740325,1.8877743513171017,2.020851007914349,568.0,179.5,4914.0,619.0,199.0,488.0,199.0,522.0,160.0,643.0,160.0
moving,moving_frame_000178,moving_calib_camera,178,results/bus_real_data/ablation/moving_cam_res/00_prepared_datasets/res_1920x1080/raw_images/moving/frame_0178.png,0,0.17,1394.2006435940714,1394.2006435940714,960.0,540.0,True,-2.9494482429818696,0.001437043143775077,0.0933292156843446,0.4858871352935518,-0.18194517693304382,2.2723676382187517,2.3308464211262048,1258.25,428.0,10972.0,1207.0,376.0,1313.0,376.0,1309.0,480.0,1204.0,480.0
moving,moving_frame_000179,moving_calib_camera,179,results/bus_real_data/ablation/moving_cam_res/00_prepared_datasets/res_1920x1080/raw_images/moving/frame_0179.png,0,0.17,1394.2006435940714,1394.2006435940714,960.0,540.0,True,-2.9494482429818696,0.001437043143775077,0.0933292156843446,0.4858871352935518,-0.18194517693304382,2.2723676382187517,2.3308464211262048,1258.25,428.0,10972.0,1207.0,376.0,1313.0,376.0,1309.0,480.0,1204.0,480.0
moving,moving_frame_000180,moving_calib_camera,180,results/bus_real_data/ablation/moving_cam_res/00_prepared_datasets/res_1920x1080/raw_images/moving/frame_0180.png,0,0.17,1394.2006435940714,1394.2006435940714,960.0,540.0,True,-2.9898428647998165,-0.0006565126646155224,-0.025229063916557222,0.4813299516493607,-0.10551031060827865,2.126836456866843,2.1831729803790947,1275.5,470.5,12321.0,1222.0,415.0,1333.0,415.0,1329.0,526.0,1218.0,526.0
moving,moving_frame_000180,moving_calib_camera,180,results/bus_real_data/ablation/moving_cam_res/00_prepared_datasets/res_1920x1080/raw_images/moving/frame_0180.png,1,0.17,1394.2006435940714,1394.2006435940714,960.0,540.0,True,0.000536724591917178,-2.7509705465071796,1.5163282942925191,-0.5302101009229796,-0.3384020713088635,1.6431181517900824,1.7593964799694644,509.25,254.0,7514.0,565.0,280.0,414.0,280.0,460.0,228.0,598.0,228.0
moving,moving_frame_000181,moving_calib_camera,181,results/bus_real_data/ablation/moving_cam_res/00_prepared_datasets/res_1920x1080/raw_images/moving/frame_0181.png,0,0.17,1394.2006435940714,1394.2006435940714,960.0,540.0,True,-2.9923662818614796,-0.0016396290869942307,-0.02761211378269468,0.4821540358238349,-0.030434649242214406,2.007933728206169,2.0652352502810993,1294.75,518.5,13747.5,1238.0,460.0,1356.0,460.0,1351.0,577.0,1234.0,577.0
moving,moving_frame_000181,moving_calib_camera,181,results/bus_real_data/ablation/moving_cam_res/00_prepared_datasets/res_1920x1080/raw_images/moving/frame_0181.png,1,0.17,1394.2006435940714,1394.2006435940714,960.0,540.0,True,0.00045230602105050994,2.7397196354072983,-1.5254894991474197,-0.5282109652033374,-0.2621789570045536,1.5156646743397937,1.6263406882626377,473.0,300.25,9364.5,532.0,330.0,368.0,330.0,421.0,270.0,571.0,271.0
moving,moving_frame_000182,moving_calib_camera,182,results/bus_real_data/ablation/moving_cam_res/00_prepared_datasets/res_1920x1080/raw_images/moving/frame_0182.png,0,0.17,1394.2006435940714,1394.2006435940714,960.0,540.0,True,-2.9845350633680594,-5.787835857713905e-06,-5.6441742589576816e-05,0.4848368797560937,0.04478833751028118,1.896193357297744,1.9577083652599152,1316.5,572.5,15375.0,1256.0,511.0,1382.0,511.0,1376.0,634.0,1252.0,634.0
moving,moving_frame_000182,moving_calib_camera,182,results/bus_real_data/ablation/moving_cam_res/00_prepared_datasets/res_1920x1080/raw_images/moving/frame_0182.png,1,0.17,1394.2006435940714,1394.2006435940714,960.0,540.0,True,0.005186150757986978,2.7439024139324184,-1.5207485814749904,-0.5279944882106901,-0.18713190791543255,1.3926721440361356,1.5011103328253874,430.0,354.5,12141.0,493.0,390.0,313.0,390.0,376.0,319.0,538.0,319.0
moving,moving_frame_000183,moving_calib_camera,183,results/bus_real_data/ablation/moving_cam_res/00_prepared_datasets/res_1920x1080/raw_images/moving/frame_0183.png,0,0.17,1394.2006435940714,1394.2006435940714,960.0,540.0,True,-2.9826617259489847,0.002208555178664757,0.014849558923641454,0.4831360676931063,0.12040294193655367,1.7670369654858753,1.8358477512382296,1341.25,634.5,17619.5,1276.0,569.0,1412.0,569.0,1405.0,700.0,1272.0,700.0
moving,moving_frame_000183,moving_calib_camera,183,results/bus_real_data/ablation/moving_cam_res/00_prepared_datasets/res_1920x1080/raw_images/moving/frame_0183.png,1,0.17,1394.2006435940714,1394.2006435940714,960.0,540.0,True,-0.005246422780450909,2.736502556018046,-1.5251485187180698,-0.5271391724628229,-0.11246952720893226,1.2680508491915006,1.3778526981614094,378.5,418.75,15985.0,445.0,462.0,246.0,460.0,323.0,376.0,500.0,377.0
moving,moving_frame_000184,moving_calib_camera,184,results/bus_real_data/ablation/moving_cam_res/00_prepared_datasets/res_1920x1080/raw_images/moving/frame_0184.png,0,0.17,1394.2006435940714,1394.2006435940714,960.0,540.0,True,-2.985841726769023,0.000620059549173144,0.0031198825499516403,0.48235080071880104,0.1949133433050941,1.6413657431739583,1.7218405876321532,1369.75,705.0,20230.0,1300.0,635.0,1446.0,635.0,1438.0,775.0,1295.0,775.0
moving,moving_frame_000184,moving_calib_camera,184,results/bus_real_data/ablation/moving_cam_res/00_prepared_datasets/res_1920x1080/raw_images/moving/frame_0184.png,1,0.17,1394.2006435940714,1394.2006435940714,960.0,540.0,True,-0.0054520048859968825,2.7375152446554174,-1.5254317854085027,-0.5275544264061565,-0.03702196566950828,1.1467222586752843,1.26279698974305,316.0,498.25,21649.5,386.0,551.0,165.0,549.0,259.0,446.0,454.0,447.0
moving,moving_frame_000185,moving_calib_camera,185,results/bus_real_data/ablation/moving_cam_res/00_prepared_datasets/res_1920x1080/raw_images/moving/frame_0185.png,0,0.17,1394.2006435940714,1394.2006435940714,960.0,540.0,True,-3.004921746557526,-0.0017964609966963634,-0.007204835128496672,0.48202542641952995,0.26993357330471185,1.5170395378917434,1.614503516638714,1403.0,787.5,23556.0,1328.0,712.0,1485.0,712.0,1477.0,863.0,1322.0,863.0
moving,moving_frame_000185,moving_calib_camera,185,results/bus_real_data/ablation/moving_cam_res/00_prepared_datasets/res_1920x1080/raw_images/moving/frame_0185.png,1,0.17,1394.2006435940714,1394.2006435940714,960.0,540.0,True,-0.006004734315849878,2.731397201017842,-1.5285761989625795,-0.5272586745778144,0.038163501644222754,1.024419503031872,1.1527764228016504,238.75,596.5,30324.5,313.0,662.0,63.0,660.0,181.0,531.0,398.0,533.0
moving,moving_frame_000186,moving_calib_camera,186,results/bus_real_data/ablation/moving_cam_res/00_prepared_datasets/res_1920x1080/raw_images/moving/frame_0186.png,0,0.17,1394.2006435940714,1394.2006435940714,960.0,540.0,True,-2.990034109331547,0.0016775067709370243,0.01854354709173476,0.482294704370156,0.3454560601254589,1.3960769515862148,1.5168977968509147,1441.75,884.25,27540.0,1360.0,803.0,1532.0,804.0,1522.0,965.0,1353.0,965.0
