point3d_id,x_ref_aruco_m,y_ref_aruco_m,z_ref_aruco_m,r,g,b,colmap_reprojection_error
7927,0.21947180658733134,0.6937300678719114,0.4789018316729001,143,143,143,1.0089756544104602
7909,1.2411944788187428,0.7605446808573795,0.8786062087685983,9,9,9,0.6232922095015225
7876,0.6000257343959589,0.7466213486213757,1.7140915009360935,142,142,142,0.9097392600959515
7874,-1.7121798078747568,0.6185207650721132,1.6916834565386298,6,19,42,1.083401816687356
7848,1.2623322895069993,0.77696333975724,0.8900156707328691,124,124,124,0.6283621107942164
7845,1.2618655139127586,0.7722048610308905,0.8888585358321229,124,124,124,0.43802612930319473
7838,0.19143320431301025,0.7090499694845578,0.2680453098382751,143,143,143,0.2541126717194775
7828,0.8222545496713908,-1.5309676051718224,0.6602101705374772,8,8,8,0.055274581302207984
7816,0.9860016526519453,-1.1928329196811711,1.0322460037991332,8,8,8,0.08616790292355103
7813,1.363482949998869,0.7688808548007959,0.9078635220305066,31,84,41,0.30551037483541116
7812,1.2536342148214095,0.7790764291485379,0.8952633681380388,32,84,42,0.41030421746624746
7810,1.1570205982340165,0.7749365021818173,0.8683009046860024,9,9,9,0.9190175716500735
7809,1.1450288152412333,0.7613878010185715,0.8940685752353874,10,24,43,0.474256551014036
7806,-0.9810700568452431,-1.3225673655283576,0.636513537031083,69,73,85,0.5254860417850877
7805,-0.9695063733405163,-0.9104842529533932,1.027993523065997,116,122,140,0.699462014488031
7800,-0.9656101710743226,0.5831678394436697,1.3529854740538898,91,106,96,0.11224568658951557
7798,-0.6020465292732653,0.5929094818184293,1.5202306664280343,76,82,93,0.0739794919243753
7793,1.3672351214131069,-0.666929307720614,1.6106310953139926,0,0,0,0.04788436265204238
7787,0.6624828886147797,0.737661094173913,1.594184388978628,142,142,142,1.3802948106399087
7779,-1.5961876497591878,0.5857809634556754,1.3285994625300106,0,1,2,0.2446329589292115
7777,-0.7695537770014389,0.5796090686764379,1.5233482163362477,79,85,96,0.12882694673362313
7759,-1.0557657920284615,0.5849672354916384,1.3659015249608597,123,123,123,0.9947535041093701
7748,-1.412715817956268,-0.8390724040653914,0.4908509306826929,105,110,127,0.2878596679011466
7745,0.7906189594958178,0.7104010488365122,1.4609683425553026,142,142,142,0.8978951558258209
7740,-1.1091947979523402,-1.3176498478571612,0.9251633451972793,231,231,231,1.602915000387299
7729,-0.4405289654701512,0.580526119094747,1.6916916780195246,2,7,30,0.4750563193470658
7727,1.2437019368053102,0.7712295404786365,0.9094144019051502,27,83,39,0.37808402243786426
7710,1.247566205278078,0.7629938094444317,0.8950075341296564,7,23,43,0.2934123814478357
7696,0.6652593962757949,0.7100220296050397,1.5980136185649614,0,0,0,2.3156681706995186
7692,1.2516921189500296,0.7799953459713125,0.8651493297143832,9,9,9,0.9775510389747283
7672,-0.5109692396567604,0.5882032060156825,1.2737119020150107,104,105,107,0.044496840671534255
7670,0.7486767195990567,0.7055215612694963,1.5945173520552336,142,142,142,0.04469645873212506
7662,0.1832443649499731,-1.4126582446678637,0.7896100141294851,8,8,8,0.09606036189780792
7660,-2.2184872563333005,-2.8924515741918606,-0.014035388827638773,8,8,8,0.6766544171991387
7657,-1.586530768379947,0.5899731648631414,1.2598960396273613,10,11,13,1.4117586985712034
7656,-0.9792453103538019,0.5858730651195052,0.9600126652862181,123,123,123,0.604272464339767
7650,-1.7421410668556123,0.5942161681335811,1.1110953877974326,69,76,72,0.33589149098360094
7648,-1.7135454655866358,0.5962786394199595,1.1387520828292137,18,20,21,0.23393816375228346
7647,-1.7240660538079533,0.5949761249087986,1.119179490958933,14,46,23,0.15482312950254531
7646,-1.7080874613906665,0.5948139259310339,1.1773105718938286,90,90,91,0.1110015087275248
7628,-2.3874258738767553,0.6840734657640388,1.1583226054477085,231,231,231,0.9262885992017752
7621,-0.7351418039274025,0.5792037360464386,1.613404470714998,56,62,79,0.16062985127581325
7614,0.6012902774713978,0.7439538453330528,1.4699244929578574,142,142,142,0.6743701898391169
7596,-0.42657556010650444,0.5874740157523104,1.553801240044155,111,113,115,0.3404125378616803
7570,0.7163763827427149,0.7063847201844016,1.5639978767188505,142,142,142,0.558501107623281
7533,-0.9643514277645133,-0.861098307563251,0.9761740076498693,78,83,95,0.6644088073564515
7518,0.18324436494997065,-1.4126582446678655,0.7896100141294835,8,8,8,0.09606036189782344
7494,-4.36218269407132,0.6112062369658837,1.1808168540844686,231,231,231,1.0056192916360034
7493,-0.7928798232926031,0.5877374144421925,1.0867440173466933,101,102,104,0.3420575732789714
7489,-3.3378155457925565,0.7462745253317675,1.8990210940027328,231,231,231,0.7871422849141188
7459,0.15309651942502311,0.6973534892289217,0.42554951749522507,143,143,143,0.4170192575845545
7443,0.7526907702809452,0.7528376226694886,0.8527921826908789,29,30,30,0.113839496001543
7440,-2.1166363007382163,-1.105400985091789,1.2334500638854595,219,219,219,0.2775643680388943
7439,-2.841689983917972,0.09892264651438498,1.1111552805114844,71,75,87,1.8346973457167888
7422,-0.5512242725949843,0.5839737599073427,1.162370840962624,85,87,92,0.11385020553336656
7401,-1.0975528697158698,-0.8057220614869023,0.4899727379486629,60,64,74,0.23036365623336455
7400,-0.2984023008314749,0.6910882391127833,0.8906431677696814,5,5,5,0.047048863402124996
7395,-0.38984080585140735,0.33629041229568546,1.2507329827895457,101,102,105,0.546563889599395
7389,-1.2120448390642116,0.5990396202689146,1.6905114240234582,7,20,43,0.599574555611986
7380,-1.6319060967724823,0.594448794732908,1.1189368857155968,11,18,35,0.12191237398716966
7377,-0.821781304759011,0.5770212582668535,1.6139933138364855,58,64,79,0.08868779867621335
7376,-0.921367162489255,0.5853934783719794,1.6125281056878111,61,66,79,0.10898976557199225
7373,0.0784846088922233,0.7484883429477553,0.9169653002451749,6,7,9,1.5079011638601396
7365,0.198021523143042,0.6868522699644255,0.5431371129916671,143,143,143,0.2510711272606932
7362,-1.3087711077710904,0.6043542988294304,0.5089057681247546,6,19,42,1.5504768596871599
7354,-0.4258500550596971,0.5657501457806176,1.5880494316360563,19,35,63,0.17239900665960628
7351,0.29902287254012894,0.7435918422074996,0.929576648426351,9,11,14,0.6087685028944109
7350,0.3453193903613514,0.7235576879437722,0.970990794366214,57,57,57,1.0815532533702266
7345,-0.4429566839159833,0.5817278342238004,1.6390414061510805,5,21,51,0.1682932341132102
7336,-0.5470042203870094,0.5856037014807915,1.6573382007746364,95,97,103,0.24205522332707846
7329,-2.9123329506062867,0.542618074601797,1.0406277977303908,69,73,84,0.5126163731350811
7326,0.4985246477588986,0.76273587110558,0.8479948673765462,29,30,30,0.33582540305966213
7322,-0.4893129285093645,-1.1100183206993006,0.9934639593853963,231,231,231,2.225903952233308
7320,-0.5459956000628088,0.5818432169322245,1.1259535287283335,57,78,71,0.06834487269808825
7315,-0.7956267565246131,0.5993899481465341,1.4200754529639685,90,92,97,0.019609446148749005
7314,-0.7956267565246131,0.5993899481465341,1.4200754529639685,90,92,97,0.019609446148749005
7313,-5.331319940243116,-0.818739527426107,1.0186149964793334,111,111,111,0.6463533263271827
7310,-3.1932561302703317,0.09611638037576942,1.3254283207078574,105,110,126,0.824682569521178
7282,-1.036075789437267,0.6032855220283468,1.0766282166383192,103,104,106,0.0925538446968583
7280,-0.8186569467308153,0.5880095508004226,1.5216212284999262,76,82,94,0.09338929121012027
7278,-5.9025659805288875,-0.6065535813396572,1.1244790674233691,0,0,0,1.8754471154122854
7276,-3.2163671004568184,-0.10375263648639893,1.2812476908884762,231,231,231,0.7757367435833411
7275,-4.740457929527224,0.6659000435737819,1.3774864767542483,231,231,231,1.4275561302624844
7272,-1.711217889372803,0.5672564014811619,0.3582637863090321,106,106,106,1.1242342776439607
7271,-1.711217889372803,0.5672564014811619,0.3582637863090321,106,106,106,1.1242342776439607
7259,0.1982985595580733,0.6931973005764109,0.3058598261097849,143,143,143,0.2647777809898918
7248,-1.9561757603085308,-1.5247078625718833,1.0256757464859692,107,107,107,1.7526559788586746
7247,-3.0997192538734697,0.8054012994907966,1.0196927696416793,2,2,2,1.1717953608929166
7246,-1.697349588419895,0.6001139299877494,1.6083755517653215,68,70,76,0.8620030433664908
7245,-1.6621598770410801,0.5868982231414774,1.613099755867032,68,70,76,0.21851418169677966
7242,-0.43058999753695204,0.573554319331943,1.1923126281039367,124,124,124,0.3367395051260483
7237,0.06462530541122646,0.6978098421133205,0.44755851787984,143,143,143,1.033347717930375
7234,-1.581211975161461,0.594471665051133,1.2880893666370425,68,72,69,0.4733066491484701
7228,-1.0545822662112525,-1.248903298165906,0.6085633355687126,116,122,140,0.25958114606857235
7219,-3.020147197991736,0.610600055665834,1.0953327533156605,231,231,231,0.9446610225094074
7209,0.5367938187405212,0.7654873631002235,0.8427264841404015,29,29,29,0.1683211530219976
7207,-1.8667136088890688,0.5668880551055231,0.9669637557269417,106,106,106,1.3407967034941919
7202,-5.343823228256069,-0.4574912417857209,0.969874804683375,179,179,179,2.0582406751364073
7196,0.1368236214794767,0.7024831975299617,0.4498730499398824,143,143,143,0.27352558642899316
7187,-0.34472519415579184,-1.7276514618285188,0.8866664058736848,8,8,8,0.23970986191290644
7186,-6.079578548574576,-5.754105421516909,-2.094727777212862,8,8,8,0.3852368322008811
7177,-2.6327861967715536,-0.10254937034906803,0.7901629260535779,228,228,228,0.5339686005787407
7172,-2.600670397812913,-0.05567079756974208,0.8413562009775305,0,0,0,0.4972251518492153
7167,-0.5917102052318519,0.5851258221780966,1.522777600747407,71,77,89,0.11851040002888227
7165,-0.6659787392465404,0.5841237688043801,1.62992649644003,55,62,77,0.27444503905120177
7148,-2.2793421076452822,-0.9850120984706159,1.224152220654553,232,232,232,0.21238908749354635
7140,-3.750649981348683,-1.6352485219539943,1.3049246730196566,4,5,7,1.5321347141156447
7135,-6.001744456792098,-0.28341470805236507,1.0063938378554476,0,0,0,0.22802267582306088
7127,-1.7813327273409678,0.5951083997736464,1.179916189849918,22,26,27,0.23558449131715514
7124,-1.838578675714016,0.5956854225224946,1.5010262490653712,27,38,56,0.5812649067712649
7121,-2.4663143030958823,-0.8744390875635584,1.1905019100415704,67,67,67,0.43497757117363917
7105,-1.8285877174565943,0.5997326277838602,1.4041007924981845,71,75,83,0.13379651227003836
7078,-2.6871843579323067,0.33670896474490786,1.0808051403366077,84,89,102,0.7427798156619477
7057,-5.408573739855141,-0.27790296509633744,0.950269303318972,231,231,231,0.6997020694474249
7047,-6.058742749246392,-0.34894496844309764,1.1167106283353059,0,0,0,0.6228027461800263
7038,-2.509518159371623,0.055671554762225184,0.7188650955630567,0,0,0,0.5942589525194125
7030,-3.053675502481441,0.7425763413360607,1.029884880243726,2,2,2,0.3710471081023874
7028,-3.8020771942626665,-1.7546027009999172,1.1862656890335501,231,231,231,1.5903978692787994
7022,-5.41757991625051,0.7493266097082816,0.951798726708966,0,0,0,1.871005742652558
7004,-3.154727335256411,-0.1414359159103621,0.8177575910862886,94,99,114,1.0580734194725578
7000,-3.733592653252216,-1.6284211179189354,1.1722368698111112,4,5,7,1.3607653039061698
6977,-0.8010335268014024,-1.7035806984507422,0.4698067354541653,0,0,0,0.07311968872770588
6976,-0.8010335268014024,-1.7035806984507422,0.4698067354541653,0,0,0,0.07311968872770588
6971,-2.6236129506899792,-0.8744648075793924,0.6064176012323619,0,0,0,0.020771255422273125
6967,-1.806927947361189,0.5952988017461791,1.2361657209175583,36,40,47,0.35648826809793455
6964,-3.140453573247744,-0.21795552674065666,0.9610198229509669,60,64,74,0.6770064785510357
6963,-2.858552409797112,0.7563562559300445,1.0835256038429015,0,0,0,0.258220401217628
6959,-1.820285755285993,0.5947803262459381,1.6017561440855563,122,122,122,0.026364559098845504
6937,-1.7688131339903936,0.5962619227017123,1.1384315030834857,3,73,23,0.02219642852755302
6934,-1.8127571837407759,0.5966327124500128,1.2415332369924328,1,2,6,0.3149547847131866
6922,-1.6551251642662068,0.5928119740164308,1.2399151483554598,12,13,14,1.2420633187118497
6921,-1.6021725907227378,0.5924921259833396,1.209832521932905,60,69,69,0.7033296437028325
6916,-1.5724984493312446,0.5941347102269721,1.2795020259485126,14,19,18,0.18920766955422436
6915,-2.8735962037956297,-1.586657013773417,1.1959586840683945,113,113,113,1.2747538859654493
6902,-1.6323589052465817,0.5962060009043053,1.1677906787766097,22,22,23,0.3058985392229588
6900,-1.0231942862343364,-1.4880074048984473,0.4360342926771137,231,231,231,1.800748714724023
6899,-1.9607627625988306,-1.7554477850033605,0.8652340929859614,8,8,8,0.5997422007013099
6878,-3.0762799467475044,0.7652774064699901,1.2575830756155375,2,2,2,1.3653189120416813
6877,-1.8679148067492668,0.5931969101886443,1.636773978435313,10,22,43,0.932034732538802
6873,-1.7911735984250403,0.5926040616263419,1.612277961236808,14,24,45,0.54113800123126
6872,-1.5554290164798301,0.5939032293325599,1.2752311702890067,66,82,79,0.265809662815217
6865,-1.5589184018145756,-1.4672269823259205,0.4221541068527934,231,231,231,2.902751902322679
6862,-5.416893994712803,-0.5880131784206346,1.1224235183503635,231,231,231,2.1933700098512228
6856,-2.72000637336186,0.7090365491847654,0.8439236552721892,5,5,5,0.8976985785098837
6841,-5.219917273736867,0.7186142506297464,1.079080649435387,0,0,0,1.366425322062683
6834,-2.671077282329241,-0.12362599043240413,1.0843054397358138,84,89,102,0.8097284614954259
6824,-3.3395772508030253,-0.21789398068897448,0.8370436157627891,117,123,141,0.39817549188217205
6823,-3.2157628759531582,0.2943009747130757,0.9314149864420334,100,105,121,0.6351168790974379
6822,-1.8646655789827604,0.5964160095740054,1.4060040808106997,59,64,74,0.031881762617483204
6791,-1.8583057131461636,0.5937149372976971,1.6267137797099567,121,121,121,0.14839839308320635
6774,-1.555492567785194,0.5941187570733346,1.2572022151721969,61,75,72,0.21448148266800307
6769,-3.2335437170272745,-1.2617286281300166,1.2900511121628013,79,84,96,1.256102362805212
6768,-3.2335437170272745,-1.2617286281300166,1.2900511121628013,79,84,96,1.256102362805212
6762,-0.820053318841647,-1.7571882011929754,0.005426289929752581,0,0,0,0.8049097582177809
6742,-1.7482906532240738,0.5931522753913738,1.6070664951636708,36,42,56,0.033543016438629926
6740,-3.045395429799022,-1.6077200142295471,1.2547201255161933,231,231,231,1.9901568947968276
6732,-1.685026831887635,0.573892153930688,1.3336259908826844,18,21,27,2.600953197414615
6722,-5.461030935631326,-0.020676767547229358,1.0493457778379183,231,231,231,0.9117958239497387
6721,-0.9999031862421104,-1.2712876221232856,0.8866023741863189,118,124,143,2.483412935030159
6718,-2.605938843453672,-0.08451278073609014,0.8844820598226408,228,228,228,0.8087986296740929
6716,-0.9628631483627013,-1.135420190474518,1.0331166391340827,119,125,143,0.2847012894751815
6709,-2.0502606596237203,-1.5388168636109474,0.043981977687413076,107,107,107,1.6089172508698775
6707,-2.6528597838201944,0.6455175692790174,0.958372823876442,231,231,231,0.4783253565600532
6702,-0.9564087816670335,-1.337081392896401,0.9628445612419781,115,121,139,0.8568451457443098
6692,-3.8222807779550085,0.7355027535329557,1.214120015891228,101,107,122,1.5133879729744175
6685,-2.5390903577369452,0.6379162300427168,0.6455551435593927,0,0,0,0.5529050871746654
6680,-3.6726715106927323,0.750952217870624,1.189463897781751,2,2,2,1.0792110960773176
6678,-1.867985374935221,0.5952781870432882,1.626969639411126,117,118,119,0.20897718491217185
6675,-2.1019158676963032,-1.6188807950969941,0.13518319872807538,87,81,78,0.6949389445843924
6674,-2.0921799421200755,-1.6111118431796556,0.1851970326647021,231,231,231,0.33212819565731
6670,-2.2019113918739137,0.2504334442938082,0.6149209190466689,120,126,145,0.10317568353153274
6661,-2.121351349245444,-1.1189368902174133,1.226183564366238,231,231,231,0.37646863752698095
6652,-1.4662788390977388,-1.6464462859588662,0.5211604274198318,231,231,231,0.22936383655758985
6644,-2.781011141335426,0.13964272532797428,1.0200642559416009,109,115,132,1.5887137142394914
6632,-1.4162381202036598,0.5949721906329604,1.3554486570110855,0,0,0,0.3790291296118164
6631,-1.4115931369148886,0.5943624576681941,1.3744144930336986,5,6,6,0.07283325923638923
6628,-2.8602492557563477,0.3149163471859584,0.9390940771370367,62,65,76,1.7507399169774431
6627,-3.4598880078855525,-0.23527469350937785,0.8030880875594244,60,63,73,0.9100653206173994
6626,-1.7288606232624146,0.5936728757556777,1.6029861295533556,120,121,121,0.1600946542130682
6624,-5.920125889522373,0.09735055310244167,1.1083652093591068,0,0,0,0.5577783998736304
6623,-5.941079381837238,0.09947518215987505,1.1058699837071904,0,0,0,0.5442844510127479
6622,-1.461571068986042,-1.649617247371326,0.5298969303833228,8,8,8,0.22425915914265054
6621,-2.0691730503974215,-1.5715108351135412,0.0076576646354955535,107,107,107,0.9757877635161322
6620,-2.095133590811398,-1.5904697178154559,-0.02249759811027352,107,107,107,0.4968829663260639
6619,-1.304175788739197,-1.19144438094646,1.0358107909215177,8,8,8,0.25715149361083955
6617,-1.304175788739197,-1.19144438094646,1.0358107909215177,8,8,8,0.25715149361083955
6614,-1.5813417662227236,0.5949641560550998,1.228477745263291,28,32,34,0.12550452074090768
6612,-2.0714958496462845,-1.5896109751795773,0.989127851738207,8,8,8,0.23204656989806827
6611,-1.3966800017517058,0.5963728813833777,1.362492844096844,8,11,12,0.936246416916138
6610,-1.7171470169314964,0.5964381946713835,1.200730745086584,100,101,102,0.18714786556606403
6605,-2.6193261255993945,0.7671772329858821,0.9157059707799015,0,0,0,0.2889519924177596
6603,-1.7005192284906774,0.5942594929105878,1.3242202952679212,31,35,46,0.0538122761131759
6576,-2.999985782056951,0.3021736420429251,0.7877949727120619,0,0,0,1.695028399056623
6571,-0.9626087935074374,-1.1557827066611264,0.9892938875923638,59,62,72,0.21634683649778472
6557,-5.045459288007272,-0.872100972327249,1.0427248827216906,70,68,68,1.0443978896995807
6552,-5.945519526942816,-0.7906775769913518,1.0688875342654827,201,201,201,1.210460904747316
6546,-1.1911919093334613,-0.7924505176833481,0.5408116269339549,59,62,72,0.8167500876169712
6544,-1.0091340406406069,-1.5207240787859302,1.0312920768851215,231,231,231,0.06240993903528165
6543,-1.0108300652430895,-1.5239051967186183,1.03805774030087,8,8,8,0.13540624706153329
6542,-1.0108300652430895,-1.5239051967186183,1.03805774030087,8,8,8,0.13540624706153329
6540,-1.0254178196858015,-1.5067663938165758,1.0512365602781908,8,8,8,0.2636106487786959
6539,-1.0254178196858015,-1.5067663938165758,1.0512365602781908,8,8,8,0.2636106487786959
6533,-2.3901937726996625,0.6734600452277029,0.07806339730975687,0,0,0,0.046668567361434016
6532,-1.9375193424668096,-1.7367167229025282,0.8799704869285162,8,8,8,0.25902035467496987
6525,-2.605916553673094,0.07664389873810962,0.9061008984210486,228,228,228,0.5812719744485334
6516,-1.877483876491508,0.6053539425019885,1.7332458509430613,121,121,122,0.12775793172651112
6515,-1.8848211115955191,0.5916331506757007,1.7328915581863862,123,123,123,0.22436186696592753
6514,-2.064708106515034,0.6604285619118739,1.850395530484692,107,107,107,1.196166785271898
6511,-0.9793886327021593,-1.1638647968653646,1.0056565128372625,119,125,143,0.4430726525696189
6501,-1.4766549115073695,-1.6440346157697199,0.5362755631416785,8,8,8,0.07587192106027707
6497,-2.002671922121521,-1.7867922937576752,0.37974614410961305,8,8,8,0.8276978266350277
6480,-1.5518869653593836,0.5954157091633767,1.2828353676349904,15,18,19,0.0670548157612718
6477,-1.6354657133256798,0.613194697418666,1.3624733257162973,26,31,43,2.3482270480181007
6476,-1.5350784805469058,0.5937291779581844,1.4202046767155154,24,30,43,0.04729375195643278
6475,-1.6704443798979476,0.5936646546763045,1.6081447357740803,36,42,56,0.09868956191209573
6457,-2.7990406413768345,0.2977725040715896,1.0374639762411233,69,73,85,1.1740766785405545
6456,-2.7698526925270204,0.28636379223892927,1.0636697000170203,92,97,111,1.5287970402398336
6449,-1.2477809775158075,-0.8586864996695228,0.4515922565942496,118,124,142,1.6303815995265731
6448,-1.2477809775158075,-0.8586864996695228,0.4515922565942496,118,124,142,1.6303815995265731
6447,-2.7763660963134806,-0.17667401028495344,1.1350841210076799,74,78,90,1.5053762944732494
6445,-5.100463436714463,-0.7328376293662371,1.343306201200388,231,231,231,1.958439114221571
6442,-1.42669286304627,0.5608992635698391,1.7314724881451762,6,19,43,0.2827735354230496
6441,-1.0158515767017726,-1.28489878397784,0.8445551551691984,114,120,137,1.6358891267824691
6416,-3.7662999595627595,-1.7062106052233643,1.2360501192553977,109,115,131,1.744312093327578
6414,-1.0089981983940093,-0.8160172113543878,0.6471344844135547,59,62,72,0.9365065118815138
6412,-0.9682388102158517,-1.696984920494445,0.9101951217643256,8,8,8,0.22188311403584227
6411,-0.9682388102158517,-1.696984920494445,0.9101951217643256,8,8,8,0.22188311403584227
6378,-4.933533008708947,-0.8527494598842431,1.0284893784215656,231,231,231,1.0129403485169317
6375,-5.87537492514295,-0.7898233233420907,1.0276621342173715,0,0,0,0.4745153169584757
6373,-1.90823960335356,0.5935343613225748,1.732365313243727,122,122,122,0.24032865648350618
6361,-1.7315693367524072,0.5941503187256878,1.3070366071446113,23,28,41,0.009786547382187077
6359,-2.13663306206595,-1.0845981974628054,1.2587393147024086,228,228,228,0.4396838046347734
6339,-1.3759311764070095,0.5942691373544973,1.3202766462513504,5,5,6,0.03477831578349798
6338,-2.4653911911327264,0.7752699002631331,0.8734034137923827,9,9,9,0.7762715378038498
6336,-2.028006434128618,0.8727894077426344,1.5606217453215057,55,59,68,0.11781661200413873
6334,-1.9055944864407621,0.5979949977572827,1.723471072452607,84,107,88,0.08704165767860257
6329,-1.0354530737920764,-1.495952075355556,0.4262687638334042,231,231,231,1.6720875197293512
6279,-2.858552409797112,0.7563562559300445,1.0835256038429015,0,0,0,0.258220401217628
6267,-0.7456402454166002,0.5853206999171745,1.3504402483627875,70,76,83,0.16260317099683516
6251,-2.5433352229554713,-0.08035527316615737,0.7896528351648009,0,0,0,0.9332824359369648
6241,-2.5757209456061143,0.048502768166104104,0.8426919852149066,0,0,0,0.4857658060525919
6190,0.03656328011767518,0.7175231722751225,0.3332896958073832,0,0,0,1.5175033695586335
6189,0.2730536296141972,0.7683837080773424,0.907164304164124,9,11,14,0.24307269498156886
6184,-1.0616188842132526,0.6450721898359297,1.6079403368057446,47,54,71,0.8764002221630877
6183,-1.4864143253915372,0.5863630165279996,1.7255235940285805,6,19,43,0.8045461748609865
6182,0.14993559824706715,0.6960134441351788,0.44440412243422456,143,143,143,1.4023068462952848
6181,0.1508372275611689,0.6947916361434259,0.44567594248858877,143,143,143,1.4529764514776533
6180,0.11231286684870523,0.7088922228075185,0.3877539946586539,0,0,0,0.6459841316532401
6156,-0.8259022423071771,-1.7625738424585817,0.8608066549050779,0,0,0,0.054359702628873324
6149,-0.9724774932882143,0.5885664239845427,1.2934084879723602,124,124,124,0.03852592260690453
6121,-1.0069256749260123,-1.6523829223855337,0.6606077793585863,69,73,84,1.000905070312875
6117,-2.7574210809051354,0.726696844075496,1.0384059344365535,2,2,2,0.12136170300490184
6116,-0.5450509810043385,0.5863958674929486,1.5222892583219783,67,73,85,0.16445614283201648
6114,-3.9464409619469856,-1.6945304996351125,1.2446634409030168,101,106,121,0.5405948842841642
6113,-0.48418743506311035,0.5884717702341178,1.6803397600251928,70,74,79,0.03413729588308537
6112,-5.401118897204929,0.7477007670942173,1.6628714501769273,0,0,0,1.5401640477525276
6102,-1.1923939726746942,-0.7886390187272789,0.5479641651790419,59,62,72,0.32989852577616335
6100,-1.2917635018763267,-0.7965890106444946,0.5141858081658937,59,62,72,0.6569073978111513
6098,-0.7264172821442592,0.588398998233016,0.9692948687231961,46,84,58,0.23149498167307236
6096,-0.513382044567277,0.581970492491412,1.2851989409045952,124,124,124,0.0632781312352246
6089,-0.7109742895520239,0.585282554369601,1.4254015488468497,79,82,88,0.1815797469479211
6085,-5.409642407266734,-0.8791528741104975,1.052923991978578,204,204,204,1.156754339910158
6083,-0.7650766123643429,0.5852906643225617,1.6292551835057794,70,74,86,0.010342948274490725
6077,2.0634654042801475,0.3497172281222898,1.083009976531835,0,0,0,0.46771468610461464
6068,-0.7511224235495932,0.586494438966934,0.9043752803299598,91,93,97,0.0676798448429613
6067,-0.7375795566601959,0.5943461901761038,0.988515827428332,122,122,122,0.023234746317496207
6032,-2.6720836279572464,0.10014222000061856,0.054979597985484574,0,0,0,1.0018903507551125
6031,-2.666183998507367,0.09972513717342679,0.05832481149016311,0,0,0,0.9286216671271517
6029,-4.653618616665449,0.6479675989540923,1.1220851873183997,231,231,231,1.495126221629202
6028,-6.417330308087525,0.8029213271463564,0.9067994526311453,231,231,231,1.9045432654716394
6027,0.028899093610821103,0.7116329692717678,0.4591272222378664,0,0,0,0.7047991517236151
6026,-2.1601516002741494,0.6340949560228382,1.046898590048991,231,231,231,1.3231599912968681
6023,-0.939663145438836,0.5807011632918606,1.71661330222997,4,17,44,0.039129389233955536
6020,-0.9049048095269034,0.583494033710305,1.1645875913092287,124,124,124,0.3222782044903854
6018,-2.597876166026133,0.04974742788208952,0.8901338905451048,228,228,228,0.24737892912229736
6006,-0.43576626448860645,0.5840863798048912,1.7246520439653288,2,8,29,0.2935484325478897
6004,-0.5528551329061684,0.5842391989663054,1.1629965714665225,89,90,94,0.13952459922758678
5998,-0.30206957313447247,0.7026351908998711,0.05905696901824009,5,5,5,0.273360235382534
5990,-2.519447018604145,-0.09049572634631375,0.7136228266935101,0,0,0,0.9716927542702867
5982,-0.8798076502279426,0.5839203109733704,1.6792236658627342,83,84,90,0.13664907903588724
5969,0.10119662648013006,0.6543184502510697,0.45875947951847196,0,0,0,1.593407979307107
5968,0.04168092741175733,0.7157156609876905,0.3972634004650255,143,143,143,0.10039266044850537
5951,-2.748858118009426,0.5199363773813022,1.0723987461778108,231,231,231,1.4736344561166037
5948,-0.7532546571609808,0.5845207150750331,1.522646022032051,67,73,85,0.20548962137083668
5945,-0.6965565586026581,0.5846163429034963,1.6292853682323276,70,74,87,0.09138358108890131
5942,-1.8562590700328605,0.5936276864534695,1.5743042315709503,60,63,71,0.15389210696186245
5935,-0.27541938118315534,0.7216433996223923,0.8982446611022613,231,231,231,0.19267048254660557
5934,-0.27541938118315534,0.7216433996223923,0.8982446611022613,231,231,231,0.19267048254660557
5930,-1.0649327780827256,-1.1953365962772367,0.47822367054285864,96,101,116,0.8992987871102642
5928,-1.0646379280114662,-1.2081147005050024,0.4817210675312382,96,101,116,1.0321054550009972
5927,-1.0695322439213424,-0.8303520186779899,0.5891244599969341,59,62,72,0.07200068624851867
5926,-0.3386845410467154,-1.3820258745910299,1.1423812691614654,8,8,8,0.08104724065411774
5925,-1.0025526025559204,-0.8460772564965793,0.8004049095747856,59,62,72,0.06673261992678067
5924,-0.9329449236247793,-1.15508519384979,0.9833939562037626,59,62,72,0.05609047862701867
5923,-2.2507379165341015,-0.23880798192177305,0.5958589766796241,67,71,82,0.7372340938925904
5920,-0.745261876164546,0.5837362507439003,1.266168979151317,124,124,124,0.18924096246326183
5912,-1.0312283294628855,0.5858892871136965,1.5133207214895041,94,100,111,0.055374693563717874
5905,-1.870355994271482,0.5807988108391213,1.5810368604273084,7,19,43,0.9432392646970298
5903,-1.8967468722327707,0.5917924846720111,1.625439184937132,6,19,43,1.5788552471746147
5900,-0.33515498227643215,-1.7391784798968117,-0.007727624744696904,8,8,8,0.22447895048044336
5899,-0.8100943436907659,-1.745826263025316,0.0011377349116035163,0,0,0,1.454156554902627
5894,-0.8060471504127347,-1.7831534938486242,0.38239728581513743,8,8,8,0.4617376508410967
5889,-0.7595081690820269,-1.7290652261671264,0.8849084700287229,8,8,8,0.08541310718301502
5888,-0.9847437662023428,-1.5932005747134979,0.9849060513894746,8,8,8,0.09722394339753816
5881,-0.5460276904012984,0.581073839449505,1.6826165443326355,4,6,20,0.17177225255423015
5880,-1.6232278180876283,0.6074419387417416,1.614990055361269,7,20,43,0.10828055250545951
5878,-1.9995827925136576,0.6317411696425845,1.8351298561643459,107,107,107,1.010599821236092
5859,-0.9806647307267453,-1.3737006226257522,0.9772307833656599,231,231,231,0.3375817144407393
5845,-0.5137864678758741,0.5831644115008634,1.2751386315870818,79,81,86,0.6487072636529254
5841,-2.0463553665478833,-1.6449751958123304,1.056846760191319,231,231,231,0.8611039630094329
5808,-0.9812068828848761,-1.2956473317159056,0.9263927234153186,80,84,97,0.3394904653909355
5804,-3.1661348653603514,0.09596584895645366,1.2865468031120906,217,217,217,0.6453675236625275
5796,-1.3785873451968658,-0.8104646974430347,0.5259149258518687,109,115,132,0.13201625768535316
5795,-0.9598943717097668,-1.299622140382278,0.831180748330185,87,92,106,0.48584974791325386
5793,-0.9657794323689517,0.5906621960697824,0.9744146179957213,15,90,39,0.707329126327854
5785,-1.454934721572943,0.588021922952467,1.2501969337042595,73,74,74,1.1529752556945025
5783,-2.1491844800030093,-1.5917192473844166,1.1821156030041504,107,107,107,1.6251933304140858
5779,-2.8554314341479947,0.7589358726897082,1.260117424423681,2,2,2,0.29574315288104314
5773,-3.835783819380054,-1.677555506257774,1.3438544481733627,4,5,7,1.023494343412498
5734,-0.8035215647630407,-1.7387278964418358,-0.009411945920176024,0,0,0,0.47774211513656734
5707,-0.9571971302544222,0.5837692913707486,1.5902155868563226,11,30,60,0.12679214616206672
5694,-0.5565305813343238,0.5837162152614812,1.0728899325052912,106,108,111,0.04801962531688916
5690,-1.0136137256396305,0.6009566494186414,1.0800368165588596,93,94,97,0.028520106196740926
5689,-0.5152297174273139,0.5858372453365133,1.2972225530298105,124,124,124,0.06870396188008927
5656,-1.0059693396507874,0.5861724107470114,0.8872982461316725,100,102,106,0.164257011904502
5636,-0.7377629201942133,0.5851620629502157,0.9289358142592546,124,124,124,0.31735383389037736
5630,-2.0412000356333326,0.5613627119525622,1.0480663125341898,0,0,0,0.7305286899488568
5629,-1.6042512481817583,0.5954402889343744,1.2455174020838522,14,15,17,0.42846566719904094
5626,-2.2390586929522565,-1.0123049327960596,1.2305258220482298,33,33,33,1.2528169517167118
5610,-1.6421166312843165,0.6225488029604995,1.5827120048595846,6,19,43,0.1836955676806588
5515,-1.6743662128883101,0.5952114537442164,1.2243613386213967,11,12,13,0.11516600222110729
5487,-1.0248093398449956,-1.7066724467896386,0.571200922287679,231,231,231,1.6907347057923836
5445,-2.870704012819808,0.5607346610866064,1.0394142380612201,231,231,231,2.3160220480388887
5444,-1.886374749848589,0.623576307430121,1.396271533331057,65,69,78,0.6548527798571656
5418,-0.8081512523772321,-1.745303387599146,0.39600338668879687,8,8,8,0.16436955738344103
5389,-2.9859277761763363,0.272333004639542,0.8320969941459074,0,0,0,0.6883864296902444
5369,-1.0639856676990171,-0.769008981093368,0.6401576340083297,59,62,72,0.023450599253336587
5368,-1.435136560266586,-0.8246458763113923,0.3969355071118743,59,62,72,0.4431485971164997
5360,-0.8051848283703116,-1.7440657737433676,0.874699696503952,8,8,8,0.4774833137777749
5344,-0.9769879299340127,0.5849343128546649,1.6129384154844275,76,79,89,0.0661017931816727
5340,-1.7168242400117553,0.5926794608886501,1.641689236054649,6,19,43,0.431801237383166
5327,-1.4156011666112924,-0.8156615119023929,0.43530243795832213,59,62,72,0.4683810304737781
5305,-1.1060441178127332,-1.446094243901074,0.4189539020025226,231,231,231,0.5403198703702012
5225,-1.2991665074567478,-0.8381306354335061,0.5559193685188308,111,116,133,1.2753127103218191
5224,-1.3276579599290557,-0.8413506915785813,0.5370929479064803,111,116,133,1.6382467134808714
5205,-0.9683882279142,-0.8653519494494069,0.9890399099088395,80,84,97,0.6533298840762345
5114,-0.4767172204417185,0.583285619119496,1.6807358963015502,80,82,88,0.19137068815713032
5087,-1.0157646611644924,0.5905636037545545,1.6201852466204192,11,25,55,0.033732154005844346
5080,-0.3283842208927914,-1.7450187763597194,0.42456250107407967,8,8,8,0.15643706150606188
5079,-0.7133139013730609,0.5879598815647835,0.9029743384424532,81,82,87,0.08122491924880411
5078,-0.7133139013730609,0.5879598815647835,0.9029743384424532,81,82,87,0.08122491924880411
5076,-0.7284513647912374,0.586946504468389,1.1368974972028196,0,0,0,0.2158787453878265
5074,-0.9950949937896674,0.5849249395834379,1.0816406820188083,121,122,122,0.09698804956703483
5073,-0.5507047336227253,0.5865343868605801,1.342721484408068,124,124,124,0.20313437753536595
5072,-0.5507047336227258,0.586534386860581,1.3427214844080677,124,124,124,0.20313437753539165
5071,-0.9728259248081161,0.5888133669225679,1.273605582639002,88,90,94,0.04322705508528373
5069,-1.4449380079223588,0.5982771886834521,1.2828687898431874,69,72,73,0.11251688266258747
5064,-0.9437214867579047,0.5848910955397484,1.5050927733522514,75,82,94,0.08394683175080893
5063,-0.9437214867579047,0.5848910955397484,1.5050927733522514,75,82,94,0.08394683175080893
5059,-0.4699640203512776,0.5850228042965608,1.6766531412243622,5,10,32,0.23447291511322854
5058,-1.0320663480099328,0.5894890583200707,1.6127397547496458,66,69,81,0.14558522728587875
5054,-0.9365293032787401,0.59120315331025,1.6953307387700665,14,24,46,0.26991535926042554
5051,-0.8902172219168762,0.5788096277936665,1.687173320704338,9,21,47,0.9165141282994191
5050,-0.8922406265966734,0.5811192219510815,1.6872186448339144,9,21,47,0.8796523294631458
5049,-2.8057298763819207,-0.1541295542231283,1.0300788190297574,98,103,118,0.9233195751791833
5048,-0.857992493437667,0.5850890222738219,1.5153730348870837,111,113,115,0.18897076501760246
5045,-0.9209166189684743,0.5844542089404006,1.7001976001534238,4,17,44,0.21346422938898235
5044,-2.5447708119258565,-0.2017170039145182,0.7176395477068243,110,116,133,0.649748256139443
5043,-1.3847919251194098,0.5934088782327083,1.718126369138883,59,64,74,0.27115311539828446
5039,-0.9827167493089584,0.589075384095344,1.6201164696351282,10,27,55,0.03725242185621677
5038,-1.3822188611211508,0.5939618951060641,1.4762235914729795,4,4,4,0.14675592452457903
5037,-0.885407330318845,0.5882757910266292,1.6943201845900617,6,20,45,0.06755864357788852
5036,-0.9141338109366965,0.5825188602921985,1.6924498490822264,112,112,114,0.059833648085305786
5035,-1.0645101685983867,0.5814570420210965,1.7273563142796589,109,111,114,0.0019599125155594747
5032,-2.5091582291083903,-0.19289532590216052,0.581178981002282,116,122,140,1.9426324093299852
5028,-0.5465874535214219,0.5856086266887788,1.3288709052015075,111,117,122,0.5105934143474555
5027,-0.5125900322804235,0.5843311603509136,1.5046748164451293,66,73,87,0.2747601505369986
5026,-0.5506594335103467,0.5854134419086863,1.3162650003267222,104,104,104,0.05771951556114004
5025,-1.257946669930237,0.5937056229848596,1.3705287310733385,4,11,28,1.1093900857931467
5023,-0.5359112950386749,0.5766824145709093,1.5225464839334883,76,81,93,0.1645916488344619
5022,-0.6723678803119606,0.5820851862121696,0.9986599982985813,124,124,124,0.7200249522159665
5021,-0.9024950265808851,0.5810939186779478,1.1820086127526985,124,124,124,1.2559464037200279
5020,-3.4364481992212172,-0.15263495509154468,0.5526676936158945,82,76,73,1.525194482662117
5011,-3.0723932965286864,0.13290812173347366,1.1041818684566347,73,77,89,1.3415544249166838
5005,-0.9668839793379091,0.5847473257863849,1.1686210006632587,65,89,75,0.30333483788139226
5004,-2.541790238890249,0.6612822577741508,0.6502513536823267,5,5,5,0.9773831874206217
5001,-2.594252788811176,0.050899508874616584,0.8908144613712938,228,228,228,0.5507392658777801
5000,-2.6031674503049502,-0.08293583952144762,0.8861996650707085,228,228,228,0.6844053000429406
4999,-1.1740696439701965,0.5712663663178925,0.4999683024738417,6,19,43,1.4678548173593156
4996,-1.9361135447482525,0.5159594670586911,1.0806294568240378,30,82,41,2.969356132303961
4994,-0.3037713686461807,0.7006513017195977,1.0744018036951033,0,0,0,1.419790371698456
4991,-0.7456151273912157,0.5852476552027952,1.3354311896308957,124,124,124,0.31059649780681275
4986,-1.3346596251882241,0.5928770283726996,1.409321915921608,2,3,3,0.5445666342302392
4984,-3.8697304313412766,0.6890922370687862,1.207282179194472,4,4,4,1.3684140066087187
4983,-3.884031629477534,0.6831839885817368,1.1847178007221846,0,0,0,1.4452042187866418
4981,-5.254169387450958,0.7269886676308956,1.0709714404468649,0,0,0,1.1822253249210897
4980,-1.8620318703949787,0.5975270703284583,1.6142465902052723,95,96,99,0.2596395131713564
4979,-0.5285787347414583,0.5867365056470291,1.1373936092636459,124,124,124,0.17483160313607213
4973,-1.6436340780874388,0.5890532976498346,1.2488537522003433,83,84,84,1.0572453694383468
4972,-3.3571884703610926,-0.21715183715248676,0.828125214691014,115,121,139,0.42702679242437774
4969,-2.839960777563419,0.11062530011003557,1.0563322484732665,68,72,83,0.7599217125154685
4968,-2.726945338716001,0.34031301654176305,1.0781781893397713,72,76,87,0.3899709085404636
4967,-1.8552054043598178,0.6005679900886698,1.4519428376772416,57,63,73,0.5316132261478855
4961,-1.7758203002505386,0.5936331875935348,1.5912702726859074,28,34,51,0.1610414185606286
4952,-2.2039444289317975,-0.10438483106003882,0.5421682484307271,0,0,0,1.4908911279762227
4951,-2.522912478459674,-0.0005713110128443555,0.7137811789597575,0,0,0,0.4111541581369208
4940,-2.7681252420080518,0.730995465659324,1.034752809760855,2,2,2,0.3786678255148643
4939,-2.6231322671218495,0.602244754408459,1.0907066127396203,231,231,231,0.39894614371958104
4937,-2.772608298543815,0.585931581393448,1.0701105608810422,231,231,231,0.1601457835481045
4936,-3.020571899474771,0.21059219131378126,1.0161093026703671,97,102,117,0.8940958583761592
4935,-2.6501107551201692,0.2948173594338722,1.1153527109605175,106,111,128,0.46670510998364234
4934,-0.7553368590825116,0.5854796528955051,1.6128101974599036,70,74,87,0.1071211726055392
4933,-0.7967149352860563,0.5910814916484406,1.6119125611545468,74,78,90,0.00477189398278582
4928,-0.8841413744050421,0.5869508436480273,1.7037438797585094,4,19,45,0.18673320182815814
4926,-0.7233944687652998,0.5873832197963402,0.959565026280382,122,122,122,0.04765226683471262
4921,-2.2425751542968766,0.21707475997051107,0.5896998490811229,79,84,97,0.2617476134761379
4920,-0.7319399228164452,0.5841020419929703,1.2823230758466342,123,123,123,0.22231756279067486
4919,-0.7338885767568692,0.5863590213548284,1.3107763834499053,34,63,56,0.1456754245459694
4918,-0.9982715854536246,0.5916216589598104,1.2717451911003774,91,93,96,0.1834552114486246
4915,-1.6877038240961246,0.6019157064263583,1.1036401150616264,9,13,23,0.21270526658438518
4913,-1.4712862753110323,0.5785455898697953,1.261182858808933,17,19,19,0.6809054795866611
4907,-0.5469333026407175,0.5840969487480963,1.642708431833097,24,38,48,0.05530583171904727
4903,-0.9690151065797354,0.5897021689704387,1.6972977626414703,6,18,43,0.17267105648434575
4902,-0.8966425648983614,0.5836037072199467,1.7045605140802595,4,18,45,0.19401841487092397
4901,-1.824642606610547,0.602279327377867,1.726415948558085,7,20,43,0.22936826154952097
4899,-0.7210093924819723,0.5871185501387279,0.9115055396293231,122,122,122,0.1435740937182371
4896,-0.9928568621954548,0.5897308308683653,0.9028850357028281,94,95,98,0.05143470160046379
4894,-1.0000753154765705,0.5887190318073214,0.947681804723655,92,95,100,0.351333930503241
4892,-0.49020033969043775,0.5835643495752729,1.2573828716087387,99,101,106,0.016124776924513994
4891,-0.5001678876097508,0.5440130157619318,1.3243434003827204,123,123,123,2.295086638566708
4887,-0.7883742730242695,0.5872352576974811,1.3304549104713979,40,72,57,0.028871174425167127
4886,-1.6358801587885856,0.600030091375386,1.1649033721788078,37,40,40,0.5567113687423938
4884,-0.5473598845318488,0.5840386209172319,1.6205595983098855,47,51,62,0.2873016205826487
4878,-1.9785990414768135,0.7761210125215356,1.8731691784494122,12,12,12,1.0498599651783544
4873,-0.9476732269437664,0.576202645658251,1.3238111811825763,111,117,124,0.11972844172186117
4871,-0.7523328448718245,0.5820600113762553,1.6294504679257278,68,72,85,1.5850095970782532
4870,-1.022117720051102,0.5890026950939944,1.5909173858385066,10,27,57,1.1386923607416286
4869,-0.5392517135933019,0.5854534289318771,1.2565779522941993,100,102,106,0.11871601538799095
4868,-0.7519274798101465,0.5843072124446211,1.5050519085664675,76,82,95,1.760469695345226
4867,-0.5392560036391361,0.5854882854086405,1.2565602723511053,100,102,106,0.11364705744204809
4865,-0.708976888135953,0.583074405636234,1.622297807592931,12,31,62,1.3756373297793987
4864,-0.7519274798101465,0.5843072124446211,1.5050519085664675,67,72,83,1.7604696953452261
4863,-1.3106734613610285,0.6096516682126187,0.5121496467007121,6,19,43,2.084364579764986
4862,-1.360914608536802,0.6104860458464791,0.5192414315988934,6,19,43,1.8761837585744776
4861,-1.5966749030009666,0.6203901433742829,1.2324716641975824,39,48,47,0.8217356757481792
4860,-1.5910310048929057,0.6180885827915741,1.2380198033245327,39,48,47,1.2394305022205216
4859,-2.314361844492148,0.598778088074897,0.5977010940063243,116,122,140,1.223212646915474
4858,-2.262379524289824,0.5724122551800925,0.6201635414862268,116,122,140,0.6371115639522676
4857,-2.299682610046202,0.14899107210935736,0.5982299459457003,116,122,140,0.4728711017754328
4854,-3.652812732882009,0.7637690039644376,1.8593200675485724,231,231,231,0.7901969643310476
4850,-3.144470448739042,0.701341372117553,1.1121879066538742,231,231,231,1.3958247346917596
4849,-2.8912124127202383,0.7367190029509794,1.2308626030927716,2,2,2,1.2757704695073933
4848,-2.871119837826241,0.7321700459832594,1.2404152256274836,2,2,2,1.2370129407064538
4847,-1.0464473999928314,0.5961003830531522,1.655634318245373,3,12,37,0.6809802763775824
4846,-1.0527615523507747,0.6008949604826364,1.713503479762423,4,14,40,0.4487104045559822
4845,-1.9658995785193447,0.6274886071706691,0.36676139662802854,107,107,107,0.27994792612311653
4843,-2.212177193897374,0.6595997090266763,0.6708996533506038,5,5,5,1.725360777933029
4842,-2.5688678472090465,0.12130045644585641,0.7681144328416343,112,117,135,1.0443219109963837
4841,-1.0550699209666905,0.5961628396898577,1.5800513568867398,8,26,56,0.32679976889278695
4839,-0.966285207595122,0.5880657316593705,1.6856915805561887,110,110,112,1.1320805871368291
4838,-0.966285207595122,0.5880657316593705,1.6856915805561887,110,110,112,1.1320805871368291
4837,-1.2188770830082256,0.5912999875399483,1.675591185579163,6,19,43,1.0264397859531924
4836,-0.9656006884753277,0.583816729111085,1.1682317885431301,96,102,100,0.3956981582378891
4832,-3.003504486879922,0.26550547181097117,0.7561479397490634,0,0,0,1.2660947448598698
4831,-3.003504486879922,0.26550547181097117,0.7561479397490634,0,0,0,1.2660947448598698
4830,-2.638554934798701,0.5800760800468738,1.033825385953906,94,99,114,0.923638220004254
4829,-3.045088648670473,0.5631787384280562,1.2285469265352336,89,94,108,1.4309083538528422
4825,-1.3382948816413816,0.6300288405127548,1.7105619615246552,111,118,112,0.42339276540918314
4823,-1.9909823487657352,0.6266411144688324,1.8356044994640848,107,107,107,1.116354738527116
4815,-2.6880238692446548,0.28964359909299475,1.0561756546425858,96,101,116,1.1686440420495539
4814,-4.130724076506295,0.6892827366359842,1.1919904097322143,231,231,231,1.571429188147928
4813,-1.6377849458269798,0.5920786954858783,1.6126526795457101,58,62,71,0.19447101965746239
4811,-1.0192910912602042,0.5851963633496344,1.6860130869507177,11,87,38,0.2537637448779069
4810,-1.019423700563722,0.5852020427820004,1.6863457195851401,11,87,38,0.1491834183029038
4807,-1.6113878269211122,0.5958620068951352,1.143612823386,4,8,21,0.6797905144010911
4806,-1.708405102329662,0.5952097583536942,1.119449242307429,34,70,45,0.5675576733940411
4805,-1.3927326409977363,0.5939709997709983,1.2688339503180361,2,6,20,0.7919193027921821
4803,-2.75148820720772,0.6717723136157068,1.0406600559391854,231,231,231,1.4821638476024008
4802,-2.773924828936773,0.7181647422332009,1.0512818390626277,2,2,2,0.9520413180277189
4801,-2.791420891603782,0.7269255391452076,1.044275626957132,2,2,2,1.2165285796638814
4799,-3.6232602217829206,0.6724169959415038,1.2204916186846568,231,231,231,1.279269808832687
4798,-4.388267497875857,0.6827249801004371,1.18370003325518,0,0,0,1.7139516217094122
4796,-1.7618979965484938,0.5913028805820744,1.642444363969214,12,23,45,0.5374191494380882
4795,-1.2036998391123306,0.5935371642731533,1.7379501839292562,8,20,43,0.5579493289298094
4794,-1.206011628355037,0.5953116176401065,1.7381172888550207,8,20,43,0.5503535842048248
4793,-1.3269507253646573,0.5896624010988165,1.7371656500143586,6,19,43,0.6263315008031455
4785,-2.197214310779174,0.2112264643775701,0.5635508171461945,0,0,0,0.6824735881496744
4784,-2.5641819101614023,0.2507151303806209,0.6645491768519383,100,105,121,0.7248701437935372
4775,-1.3972569425666568,0.592923892896891,1.477239211754471,1,1,1,1.6916838050410032
4774,-1.8415731974307223,0.5967051226182976,1.4090625297002135,57,62,73,0.3064234927701295
4767,-1.21283147965904,0.5850203187579124,1.7077519664023753,121,122,121,0.11311775098565172
4766,-1.2197511811237711,0.5916368735180546,1.7279750964161937,124,124,124,0.5854605065064046
4765,-1.3098144539377548,0.5980796841548752,1.7281700335955814,122,123,122,0.19150118098794058
4764,-1.2572050737184761,0.6325797230688919,0.4350258787769674,6,19,43,1.9545975363856603
4763,-0.8041304392391684,0.5866201597634964,1.2745306129366192,91,92,96,0.5046868553510401
4762,-0.8037125816101631,0.5860524883298397,1.2747474469902822,91,92,96,0.5412100559944963
4758,-1.6707731821281717,0.5948657318292583,1.1319310583050846,79,81,83,0.5135179260834888
4757,-1.5540793414961591,0.6042361398164697,1.1822937245667795,5,9,21,0.3093302522578137
4755,-1.6659750001362754,0.591177929095076,1.1719576280506177,15,17,19,0.2430785274462258
4754,-1.724330994518235,0.584954805820761,1.159042400703174,9,10,11,0.5085516014608548
4750,-1.4362174975036073,0.5932255033083922,1.375763808183335,102,103,103,0.7181527257362859
4745,-1.390476827528155,0.5999570497167397,1.4905392253073,106,106,106,0.7777447898013639
4744,-0.7590479019598915,0.5849438014943404,1.6208706513555642,13,31,62,0.1417630646708423
4741,-0.9215042303710534,0.5954262771479988,1.6194016592252678,10,28,58,0.08123069510690775
4740,-3.283021427546847,0.15175882882216274,1.2875593858318142,99,105,120,1.4146247962687344
4731,-1.7132579418295992,0.5906812584630159,1.6291546026225803,70,72,79,0.545946164316928
4728,-0.7457570583500299,0.5857106961577216,1.3017385854310162,124,124,124,0.20393918551639093
4727,-0.7736905068656856,0.5858398249743986,1.3275457365998278,124,124,124,0.334557191973719
4722,-1.9862455212466705,0.5881792225392624,1.013042427720107,10,14,17,0.16397576987370155
4719,-2.566413938341998,-0.05980801512865208,0.8196770901793402,228,228,228,0.3000083231931709
4713,-1.4023135980815389,0.5977481668724658,1.3605076990953429,45,57,54,0.36582741217381287
4711,-2.7783390835006005,0.12301516099276832,1.063163944000748,108,106,106,0.29565322003813815
4709,-1.0189195898091703,0.5849708920314134,1.5227967727245435,64,70,82,0.15705835409874908
4708,-1.0142717688799663,0.5814300850539098,1.5236626466433751,64,70,82,0.05413323596552564
4707,-0.7786286776505489,0.584521873322478,1.6062185356533523,14,33,64,0.27210584610770167
4706,-0.663597611226526,0.5812775292100119,1.6354944048943605,11,29,59,0.6174172869030526
4705,-0.7510795668763444,0.5831850327356132,1.6292153946819332,74,78,90,0.6745474279369124
4702,-0.994699587542633,0.5837876173417116,1.6212352707661453,7,24,54,0.19122295508754222
4701,-0.994699587542633,0.5837876173417116,1.6212352707661453,7,24,54,0.19122295508754222
4698,-0.9110187286406553,0.582874494832667,1.6358060334395894,10,27,56,0.21288669757417747
4697,-0.9686168090804621,0.5843057184228158,1.6354057961896207,6,23,53,0.1882850985055914
4696,-1.6307853681838567,0.5948314325916686,1.571766380162987,51,57,69,0.24923900540138794
4694,-0.5540943279111672,0.5883762066058911,1.133357016405542,0,0,0,0.11680480264000938
4693,-0.9914739021016583,0.5889013750202572,0.903787874083254,94,95,98,0.08859167056215347
4691,-0.953688750487204,0.5863704666018623,1.1388274066248532,122,122,123,0.06575576819064533
4690,-1.0120890948591046,0.5985857833763781,1.2762442015710374,123,123,123,0.12650609468352456
4687,-1.7133095570538495,0.5966321453969945,1.1720546785636965,80,82,83,0.10118932152641807
4682,-2.832328076290484,0.2918809864934805,1.0135775976568748,70,74,86,0.8468021179977734
4681,-3.050836573043141,0.26906788058798026,0.9686080503393338,69,73,85,1.4058163472781144
4680,-1.363930862670962,0.5939618017054635,1.4661129765866618,4,4,4,0.16143325526308333
4678,-3.1301860247059765,0.49728639865514856,1.2792203662674102,231,231,231,0.6772193504826148
4674,-0.9676820407332278,0.5941994512656381,1.6336939147377325,9,25,54,0.07719199158953427
4673,-0.8965577977171746,0.5817596495588415,1.6776694997626571,120,120,121,0.0511962582593993
4672,-1.6791759515128128,0.5976845170318725,1.6001717241598818,86,87,91,0.2518004343025326
4671,-0.9236416296293983,0.5886151093284675,1.676129375866502,121,121,122,0.14651711266288536
4670,-0.9353205931233881,0.5843075085312741,1.6771215989853367,122,122,122,0.0839405968677216
4669,-1.001762462613697,0.585752027951786,1.6766563265656755,12,88,38,0.24566395420443368
4668,-0.9212586881662665,0.582181771564428,1.6851774392703505,123,123,123,0.0532564634585448
4667,-0.8680403963957901,0.5851507422526119,1.691849012257883,4,17,44,0.1061512649827841
4665,-0.8653751042455542,0.5828946023097472,1.6993837541752272,119,121,120,0.05237291155595438
4664,-0.8650937359002473,0.5825988561509343,1.6994515453994006,119,121,120,0.04246405202579102
4663,-0.9699450791727404,0.584703016072976,1.6899236323003428,4,15,41,0.5630803029827899
4662,-0.9698422105827684,0.5845747903311886,1.6896614496649445,4,15,41,0.4764046487316641
4661,-0.8897446082319513,0.5849250946455831,1.6989816649749234,121,122,122,0.11676476687994126
4660,-1.027242245962873,0.5849115239318108,1.687874324848986,11,87,38,0.2348600270474866
4659,-0.9905821558550203,0.5792388994609075,1.6925188935003455,11,83,38,0.1511117484545702
4656,-1.8686226528737948,0.5954815171981094,1.6279815498548547,86,87,92,0.4488560506563399
4649,-1.653750824540917,0.5973743131031839,1.1620181855567173,72,74,76,0.39220320140187087
4648,-1.6516661491599036,0.6001420795097803,1.1715146307854365,74,76,78,0.037321140414849935
4647,-2.495979981315309,0.7673981185443868,0.8996461118933513,120,121,121,0.6191952412592849
4646,-1.5062784162208183,0.5966123765607725,1.2653198591552641,47,54,54,0.04548756222502594
4644,-1.370501797476741,0.5941734514177379,1.3480516599513503,44,51,51,0.18609777731446703
4643,-1.383460405617174,0.5922172505628249,1.3506014439025398,24,30,30,0.9789521292002629
4642,-0.8149437317762396,0.5849474917741013,1.504745572333586,68,75,88,0.058810429506282444
4637,-0.9880484535355918,0.5845161059048514,1.6722924265936399,5,15,40,0.4716318258786583
4635,-0.8947750338990978,0.5839936876715182,1.682680063017612,9,20,46,0.05720138352599294
4634,-0.9277330670299611,0.5812239276845077,1.6830124301186362,10,21,44,0.12319030249764601
4633,-1.0145400586449091,0.5812227936932479,1.6773320293087355,11,88,38,0.0724971678550605
4632,-0.9687763086612491,0.5833568899171158,1.6830235276950614,6,16,42,0.17557493447037742
4631,-0.9687763086612491,0.5833568899171158,1.6830235276950614,6,16,42,0.17557493447037742
4630,-1.871955201045942,0.5963554447117037,1.6011938467513016,83,85,90,0.2946092732965884
4628,-1.014085465611526,0.581438024485988,1.687418134241002,12,90,38,0.10021675656216071
4627,-0.9844590875627088,0.583577426108453,1.690792746384532,4,15,41,0.15599057229909133
4626,-0.9663951012332173,0.5783723838807358,1.6983091332872093,120,120,121,0.00848515752172592
4624,-0.9798937149661238,0.5864520000111233,1.25651280312823,101,103,106,0.7759809088369195
4622,-0.6935600083673843,0.5837014558760705,1.612774737281591,83,86,96,1.7437181445756529
4621,-0.9115074720997285,0.5862758446098251,1.2565442578895438,97,99,103,0.323931592247865
4615,0.1564476091377207,0.7732953587536795,0.9174479947989113,0,0,0,0.8589555579828495
4603,-0.7198025978784002,0.5865059993475581,1.3498444136193726,124,124,124,0.24490193931598883
4602,-0.7419200884476811,0.5845314655392582,1.3151141196643261,112,118,124,0.5269883974333398
4598,-1.0274414687035756,0.5850600411461329,1.6971852283494049,11,88,38,0.24102692882928362
4595,-0.9184584832772655,0.5850493208132417,1.5965156643537644,90,92,100,0.28062997807690965
4594,-0.9484332463237117,0.5840658466705928,1.59652853710408,70,72,78,0.2833860236210888
4593,-0.7294801051861692,0.5856602479370454,1.318478981727236,76,80,85,0.2619444591390452
4574,-0.9367103371105281,0.5840654808532517,1.6931181016970824,123,123,124,0.0697707971576146
4573,-0.9790573779260603,0.5848672443101375,1.6965440260294773,123,123,123,0.2895357035451183
4572,-0.9789065537630406,0.5847812138505424,1.6960531349672252,123,123,123,0.29733860242181515
4569,-1.014549740746224,0.5841664789526222,1.5228640177864723,60,66,79,0.18136465117992007
4565,-0.8862094145528627,0.5845646878451405,1.6773896959187788,122,122,123,0.16401243092065598
4564,-0.8992888561016885,0.5843760533034121,1.6774650982622232,122,122,123,0.0994506711856896
4563,-0.9282834121872936,0.5850116030200918,1.694964642538359,4,17,43,0.3262732028867682
4562,-0.889019162665512,0.5844390392182894,1.6986316372892123,123,123,123,0.29402781722315563
4561,-0.9026332007398383,0.5842720670061912,1.6984829202162561,124,124,124,0.2501755211861423
4560,-0.9464343986710313,0.5844740603923329,1.6961435794712483,6,17,43,0.13865405628051206
4559,-1.0180343031964476,0.5824201119426753,1.6971256720336458,11,88,38,0.5490346072885541
4557,-0.6862040993362539,0.5867803010119985,1.0890168924991332,71,74,81,0.03192402015955426
4555,-0.950025471594949,0.5871088926731665,1.088733286460256,88,89,93,0.056467625645723794
4554,-0.950025471594949,0.5871088926731665,1.088733286460256,88,89,93,0.056467625645723794
4551,-1.0434450247454015,0.5874111684123493,1.505336882007403,73,80,93,0.20331569880237427
4550,-1.0413310650234835,0.5855637711574879,1.5057377766768967,73,80,93,0.12629206672110632
4548,-0.8889094760069018,0.5840540343206315,1.6353223771094152,13,29,58,0.1510400231830536
4544,-0.8946766644283324,0.5842154416513856,1.6940217622166143,9,20,46,0.2356756801612064
4543,-0.8946766644283324,0.5842154416513856,1.6940217622166143,9,20,46,0.2356756801612064
4542,-0.9076585501226697,0.5844081445606935,1.6929060931855118,5,18,44,0.08237196261197018
4541,-0.961393970726375,0.5844420975299855,1.6903902415318193,122,123,123,0.11968127570910879
4538,-0.8069009311956492,0.5871650159168125,1.0917027965792019,79,81,86,0.18533781885541145
4537,-0.8085630438332418,0.5894030867327977,1.0898081089235245,79,81,86,0.37904312157380937
4536,-0.9588580269482079,0.5863576614426487,0.9945785025089205,122,123,123,0.33402923864037065
4535,-0.9413780786023827,0.5858454391655132,1.0969262412324832,122,122,122,0.09131818410006544
4533,-0.729870412540885,0.5848023146069568,1.350280704468094,111,117,123,0.1301236514401487
4532,-0.9819729038669576,0.5872710143740778,1.3296191642157138,112,118,124,0.27969141358242633
4531,-0.9361081894681815,0.5846190080150542,1.5931515293556655,77,80,91,0.10224931880574095
4530,-0.9928122509667503,0.5851475060189737,1.5918402787727657,11,28,58,0.28620767431957844
4528,-0.9372249299773805,0.5842601329091024,1.6971198582487597,116,116,117,0.010788147756757346
4525,1.9307483903693499,0.6251324656363153,0.8067897697606083,110,116,133,1.1176702650043517
4524,-0.44731541043194323,0.5838583645721194,1.6081873000492886,9,13,23,0.8324429739043006
4523,-0.47107208535670253,0.5894775329404829,1.0685715649017145,104,105,108,0.6747374905869494
4522,-0.8966398699141895,0.5852398580652214,1.5158841857382126,46,56,75,0.1537439909648088
4521,-0.9386413055919745,0.5811406434432358,1.3231696593409121,112,118,124,1.1756691909449906
4520,-0.4902548239184845,0.5840187359980538,1.6038593527388032,7,10,16,0.5240228863077457
4519,-0.555597048885363,0.5848979239343233,1.6458701529218374,84,89,95,0.5453910764282889
4518,1.6510944954231332,0.5883944872765783,0.7868175857762081,110,116,133,2.612769699564301
4517,0.3045487815634851,0.7778642721341447,1.8617212767191955,57,57,57,1.1217411698898403
4516,0.3036103081416226,0.7634600139769705,1.8615159111443356,57,57,57,0.1473961071557506
4515,-0.0955891515624907,0.763519118006885,1.8708899237505814,57,57,57,0.2313812217794547
4514,-0.0955891515624907,0.763519118006885,1.8708899237505814,57,57,57,0.2313812217794547
4512,-0.0669238942514474,0.7586060524196403,-0.01253878305724987,5,5,5,2.480787579328072
4509,2.048326819172467,0.2906403356152809,1.2808614723392926,57,57,57,2.232509664917652
4508,-0.3037637962310922,0.640209730258104,1.8414328244240066,152,152,152,1.12304363528992
4507,0.08446667686452036,0.708616722359318,0.36694634788706826,142,142,142,0.22566418930419935
4505,0.6073335258664108,0.7063519281408233,1.7338490678707443,141,141,141,0.5579833911891829
4504,0.6073335258664108,0.7063519281408233,1.7338490678707443,141,141,141,0.5579833911891829
4503,0.7420703681709061,0.7031452705430836,1.613164555215073,0,0,0,0.2332389959368372
4502,0.7412951823876863,0.701117252827788,1.6137939035198186,0,0,0,0.15421752078073842
4501,0.6237828295078961,0.7058122829375939,1.673495048173292,0,0,0,0.2703269437451787
4500,0.6237828295078961,0.7058122829375939,1.673495048173292,0,0,0,0.2703269437451787
4499,-0.1095908671398611,0.7439886000119111,-0.022481475558877362,231,231,231,0.8771309446801053
4497,1.980675349021552,0.5063527400922259,1.0072692687092277,0,0,0,0.758177643612973
4488,0.5988089991056679,0.708266543601578,1.4556500952159181,142,142,142,0.8104060887406316
4484,-0.7543865595339447,0.5852003583934182,1.275451288726015,112,112,113,0.21900017389994164
4483,-0.7543865595339447,0.5852003583934182,1.275451288726015,112,112,113,0.21900017389994164
4482,-0.8753493281914881,0.589157199184964,1.604226221868304,13,31,62,0.02159592609305795
4481,-0.7553578705715114,0.585470849291529,1.6128084117314283,71,76,89,0.09201838646241312
4480,-0.7193483712370883,0.5863007645387361,1.62057940758646,13,31,62,0.16050105113588245
4478,-0.9706191823982429,0.6204137678618289,1.6147804230860028,9,26,57,1.5934404367168387
4477,-0.8977839628011073,0.5931209224805674,1.6278636892496356,78,81,91,0.046543840039776734
4476,2.401714839137508,0.5633381015754919,0.6669516074878983,0,0,0,0.9650343849182561
4475,2.401714839137508,0.5633381015754919,0.6669516074878983,0,0,0,0.9650343849182561
4474,-0.6836168419932998,0.58747810443968,0.8857441417210073,105,107,109,0.06142461543293864
4473,-0.6836168419932998,0.58747810443968,0.8857441417210073,105,107,109,0.06142461543293864
4472,-0.5247307965558619,0.5861810895485682,1.0962503470037441,123,123,123,0.1641110718378972
4471,-0.5427840446473491,0.5881173164264966,1.3492779787725893,0,0,0,0.08250566256294203
4462,-2.7187324843441663,0.4701515536259768,1.129200608480072,10,10,10,0.8256206924130692
4411,-2.685818919085332,0.18292622639050993,1.0195159996674017,97,102,117,0.3286060069020388
4332,-0.5093911564871969,0.6264011893435038,1.236307348417613,98,101,105,0.08054352406821465
4331,0.6191197303280865,0.704775908902967,1.6781853292934674,0,0,0,0.5501541814760789
4327,-0.4443885536273431,0.5838692240144263,1.165629112949313,124,124,124,1.0966236880756792
4322,0.9602245143095759,0.7736026831235527,0.9453470973361261,57,57,57,0.7170443272437632
4321,0.434819324720247,0.7686127866965284,2.002811889333921,231,231,231,0.3686925094598916
4320,-0.301211379604843,0.7204144938004555,0.9158940154928846,0,0,0,0.5769167782957542
4317,1.9642337761392352,0.3556411031321326,1.0367939680960387,0,0,0,0.5739665196159598
4308,0.990082496348512,0.7565229118839236,1.9038772443840133,0,0,0,0.1852382081437447
4303,1.7797522600742046,0.6296848482923949,0.8275789862481677,0,0,0,0.42473416769699585
4301,1.007786196082919,0.7819854064190395,1.004297730012638,0,0,0,0.39597303057622096
4294,-0.14724168270680504,0.766102809354821,2.0165298756399106,57,57,57,0.3346191793541719
4292,1.9681368943075503,0.4510227273663989,0.924693691815077,0,0,0,0.21042434298329502
4291,1.9459328049497313,0.44052485567688493,0.9341232301139233,0,0,0,0.02923466688468201
4284,-0.5239651529046934,0.6254305503392152,1.2366873233894657,96,99,103,1.3749234084922517
4283,-0.5063442620933356,0.5834465264397461,1.2573488412077176,96,99,103,0.08372452843948643
4281,1.9110579589736223,0.5459090533139352,0.8382462811308692,59,62,72,0.46971875028619237
4280,1.3950263497610114,0.7589494021713965,0.9206169754355678,123,124,124,0.18536184388516544
4279,1.3950263497610114,0.7589494021713965,0.9206169754355678,123,124,124,0.18536184388516544
4278,1.959697864603541,0.7808453173537786,0.9047928680008025,124,124,124,0.040185387079066104
4276,2.053202762003401,0.46097532525279017,1.2416633705182718,104,110,126,0.24436375751147552
4275,2.0940469716430994,0.5691134151689416,1.2313212606423491,104,109,125,0.28284093872225424
4274,-0.4895101045539134,0.5858780856935071,1.1184102414625163,17,41,46,0.025902684620490342
4272,-0.4890309608179877,0.5817534942946376,1.1528645477868462,121,121,122,0.13819458429661147
4271,-0.4830585765037665,0.5829965203568308,1.1567380663261133,20,39,47,0.14539731286284097
4270,1.174296568117058,0.7612982763515797,0.8781638636117088,9,9,9,1.0915977298156527
4266,1.6920900629649276,0.7371249429073201,0.8952939434377835,9,9,9,0.08796553973693719
4264,2.1081919613102045,0.7737522848127827,0.8898647014059166,20,29,47,0.08293089160610553
4255,-2.416187651751168,0.6525452354389505,0.6359988472610791,86,90,103,0.9467417031638229
4244,-2.679933416575493,0.681143778587229,1.04526518744691,231,231,231,1.2576318478649624
4236,-3.0356494895379593,0.742079703768771,1.047508026554676,2,2,2,0.807196147021136
4231,-2.686363263361653,0.3435845686487409,1.10969018576191,103,108,124,0.413343981306976
4217,-1.7694092369883476,0.5937786969591328,1.6031951178713293,124,124,124,0.10145829027362525
4216,-1.76944259282782,0.5939405000575473,1.6030812193259858,124,124,124,0.15074057189921053
4214,-1.8720564777537896,0.5941039780965549,1.6034978691612813,124,124,124,0.1009652911532827
4213,-1.8071627798252843,0.5935328144974221,1.6195208312107792,6,19,43,0.24023623571187758
4203,-2.8356775867048083,0.7775178014397122,1.1365287631645733,5,5,5,0.6646622072672298
4201,-3.2060745968934756,0.2837012011223181,1.1911410300271852,62,66,76,0.8905279865633492
4200,-1.7558850634614087,0.5933656808080767,1.611909091137521,124,124,124,0.24095956843215305
4197,-1.7079923471073064,0.5950084296899711,1.1772707097205524,112,113,114,0.0625861384610246
4195,-1.55511480151903,0.5936083698561658,1.2755606965956146,67,83,79,0.05864849827919091
4181,-1.7131815545264013,0.5949097119994131,1.1836582120547448,0,1,1,0.11275351220802216
4179,-1.6183957365333628,0.5957316758101863,1.2549004995067645,6,6,7,0.3372914482710418
4177,-1.719469285347865,0.5937062323364517,1.2206755196212302,1,1,1,0.26739795297066127
4174,-1.7819286683123599,0.594279396838804,1.572056801698859,7,19,43,0.15613817914892916
4172,-1.7955204006024341,0.594307541931048,1.5719272075612483,6,19,43,0.055590733308543305
4171,-1.8516027851070116,0.5939025854874531,1.5806285461728466,113,113,115,0.08276845006572128
4167,-1.625787129459411,0.5958340291434134,1.1493683538886303,37,40,41,0.22842708299083828
4163,-1.5726556677152042,0.5940254625795407,1.2411537534490633,14,15,17,0.18699487117593575
4162,-1.6954939950116952,0.5951256035038457,1.2191738881041267,12,89,38,0.07788169649217706
4161,-1.6912298711959637,0.5946914794185676,1.2334823725005624,3,24,8,0.05811343679346623
4154,-2.6617600171844127,0.41550263310443236,1.1663495892655162,9,9,9,0.022774250278810068
4150,-1.811131033259053,0.5942288648066509,1.566163927139452,75,78,84,0.10782468494834761
4134,-3.0812310167164605,0.6103021140622016,1.0325479256793781,9,9,9,1.5333627855087293
4132,-1.5642893052790927,0.5929606110234487,1.288438151404251,19,25,25,0.4598294684511175
4131,-2.6974240365529663,0.7015597252424526,1.0383743916795418,231,231,231,0.24026138211579226
4115,-2.7097550064163927,0.7735041934630873,0.90021512108118,6,20,42,0.3657749485131696
4101,-1.7606105290189356,0.5939362395193541,1.6247645931548234,7,20,43,0.2916332572675554
4094,-1.8561066918276374,0.5944298968295794,1.4590063837896734,70,74,83,0.12131976951273886
4091,-1.8643509265614053,0.5943042042715245,1.56089517696566,6,19,43,0.3887839184351451
4089,-1.650658240815614,0.5964983754230033,1.6187741083367924,124,124,124,0.09856011160093742
4088,-1.702993186840342,0.5935639593984168,1.6181173534065079,124,124,124,0.2221381871004458
4084,-1.5687302575973927,0.5948942683170038,1.2508907146055661,62,77,74,0.28132387859863633
4083,-1.4303375528422193,0.5952564641771829,1.3287379441194453,56,70,67,0.11116725333113466
4081,-1.3864206891191615,0.5949920677430658,1.3607505354649962,8,9,10,0.29667156045618837
4077,-1.6676978710207004,0.5927782273071156,1.5864576742542662,9,21,44,0.37129493268635155
4076,-1.7577683029839566,0.5935996395327934,1.5723550230435095,6,19,43,0.2684701057005444
4074,-1.7003582089247282,0.6034638387887674,1.6220807195703877,6,19,43,0.1646281691023258
4072,-1.4210247788295778,0.5932333438702462,1.2714557062789855,2,10,4,0.0465473017369677
4071,-1.4201586645294526,0.5915126831092419,1.288429546809664,5,6,6,0.036721713657150636
4070,-1.6920690048881277,0.5965294458449959,1.1612250418692365,18,19,21,0.32288926374896887
4067,-1.4061290749891153,0.5946684748349396,1.3415048324653727,51,65,63,0.2742877065676397
4066,-1.7045920669688162,0.5949952131044101,1.2128066273034166,80,103,88,0.07170623845123618
4061,-1.8492601488099876,0.5970201810795701,1.3984597859725698,29,39,57,0.32595355519408614
4060,-1.8423131163484179,0.595097604862246,1.4634041441632764,32,41,58,0.472120931919933
4058,-1.6925845461155173,0.6029038826674133,1.565244955612849,101,102,105,0.06986099763163739
4057,-1.698789232530416,0.5932753160816817,1.5803449819137303,111,111,113,0.07261332998795905
4050,-1.856691693318124,0.5938623591856733,1.5966885321055848,8,20,44,0.0854306594017798
4048,-1.6298581538807575,0.5948549925476343,1.1638010816333435,8,13,10,0.1821178230235207
4047,-1.5397415490837854,0.5945041857831679,1.2484062004887182,14,15,17,0.10613750008018688
4046,-1.6162986261548067,0.595803651822066,1.207742450950105,28,32,34,0.14983109693784435
4045,-1.7151078263564647,0.5956926394445143,1.1587510767776106,24,27,27,0.3169855712545488
4044,-1.64671209046951,0.5953924102476467,1.1984942011222643,8,9,10,0.10894022211600173
4043,-1.7825677839428278,0.5958358518878302,1.147367871803291,3,71,22,0.12720064342004314
4042,-1.7985201231551464,0.595559776956371,1.1505896550293504,3,5,4,0.18213271691796268
4041,-1.7904103187986196,0.6002681582117195,1.1557765642431526,8,12,11,0.20777519244094636
4040,-1.7136935285670614,0.5945121088352685,1.2184462521292252,56,79,66,0.08520151839263941
4039,-1.7102228917656226,0.5946205631387915,1.2275614765537952,5,30,12,0.42412905714081434
4037,-1.7987556418398754,0.6022517424949267,1.2593618676922387,37,41,49,2.0124562266123402
4034,-1.6822781806240115,0.5893041264015293,1.5670211588929257,75,77,84,0.17633775966832985
4033,-1.6635448435334994,0.5931573153430787,1.5811351158481224,82,84,89,0.10515450620689876
4032,-1.671561662803391,0.5973772995623168,1.579694850650171,114,116,117,0.052009035606376486
4031,-1.683751077242837,0.5935785508524509,1.5798128931681232,95,96,100,0.15194637473568173
4030,-1.7296561916092492,0.5975936511455047,1.577408810304005,118,118,119,0.12917992576768578
4028,-1.741134776513741,0.5921118280293713,1.5804351024187966,97,99,101,0.09850584476008085
4027,-1.741134776513741,0.5921118280293713,1.5804351024187966,97,99,101,0.09850584476008085
4026,-1.7954931688385636,0.594286117529568,1.5719290054843686,10,22,44,0.0509863257427935
4025,-1.7647893422803218,0.5938111045577719,1.5776826535135742,78,80,86,0.09337642742656115
4023,0.6835218229569062,0.7060317819620487,1.6089001130242253,62,62,62,1.0379216091162606
4022,1.610449098802067,0.6348363868588878,0.758946542079928,59,62,72,0.3861037686744016
4021,-0.9687239959026726,0.587680778194732,0.9896709228090917,123,123,123,0.49675447159702185
4019,-0.4922034327440874,0.5852467204723035,1.1306541692946812,117,117,118,0.03957932553984672
4018,1.1241693292073418,0.7559945064522076,0.911820476939004,124,124,124,0.49833971619065487
4017,-0.49898380902924866,0.5751204222215562,1.3127936376395881,62,62,62,2.4260586145102834
4016,-0.2976279081670157,0.756816315042842,0.8626472002599743,231,231,231,0.08840351493681133
4015,-0.48008507000266376,0.5856646316562808,1.6732713029303528,0,0,1,0.3875193093789729
4014,-1.2028648170680287,0.5904609834552876,0.4806559551162013,0,0,0,1.7567437716714713
4012,1.9744594193452962,0.1334796625317085,0.8131183628340406,59,62,72,0.9161669334371344
4011,-0.476698638395457,0.5853191403463383,1.2566029126455218,75,76,79,0.29474376947907405
4010,-0.5301399734529602,0.5863943998427592,1.5044303771998204,71,78,91,1.162533842611572
4009,0.9247104720873386,0.7720083005804121,0.9752497310620281,57,57,57,2.3781552716337613
4008,2.1086466568355453,-0.06216895068944628,1.0375150005428848,130,130,130,0.6772396071102215
4007,-0.4953621288133059,0.5821628358254272,1.6245392406044274,96,98,105,0.16647898872076808
4006,2.0570005794858046,0.7488578599122735,0.9617465736048882,57,57,57,0.3106780125302091
4005,-0.5075243723101084,0.5862031990395264,1.1074535580518021,124,124,124,1.3146153214607397
4000,0.9879360013418662,0.7532906309003253,1.9928361610744156,0,0,0,0.2342139268951004
3999,0.4139593505560293,0.7755856990089314,1.995661803610643,6,6,6,0.6823788659688421
3998,-0.201681144424654,0.7692286403727304,2.0154828312013833,57,57,57,0.7686880645471525
3997,2.062243044804206,0.24675024253518896,0.8976630346514516,69,73,85,0.6815958739256246
3996,1.913006161723973,0.4085837930035754,0.9084712837316353,0,0,0,0.7795254722447692
3995,1.9343823550669619,0.7820876801883172,0.8963144393798977,124,124,124,0.3113647533658087
3994,1.0427841397210955,0.7587253349888918,1.9499572445668534,0,0,0,0.31051373886480765
3993,0.9912582452784642,0.757090506764938,1.963262402689419,0,0,0,0.3743100753238566
3992,0.4512416550374725,0.7539878092638899,1.9899832636549233,0,0,0,0.23733838406470392
3990,0.48881016187393866,0.5292709799111857,1.0974849198920893,57,57,57,2.187228142129926
3989,1.99252484369796,0.03573357629877483,1.0069824517229158,130,130,130,0.31940733792639725
3988,1.99252484369796,0.03573357629877483,1.0069824517229158,130,130,130,0.31940733792639725
3987,2.006067895186073,0.5175556126702037,1.0324027271795968,0,0,0,0.3595430131537933
3986,0.8042152835373152,0.7202314536954171,1.4534914668512529,141,141,141,0.3015437919782519
3985,0.7926367936978622,0.7081045789047582,1.4594420998952027,141,141,141,1.07292516060935
3984,0.7730603354782228,0.7032762165971369,1.5184614366838953,0,0,0,0.6979025816621351
3982,0.4975971705992631,0.7261222824854998,1.977414066383082,57,57,57,0.4209004820358436
3981,0.4975971705992631,0.7261222824854998,1.977414066383082,57,57,57,0.4209004820358436
3980,0.42611898671415416,0.761870886025227,1.9791610477038717,231,231,231,0.24921179762358942
3979,-0.21365612781936916,0.8609077750692358,1.978222038728929,57,57,57,1.9419340502756233
3978,-0.2019067379276951,0.7608720678004803,1.9632380213300582,57,57,57,0.7555011957174473
3976,-0.5362010383914706,0.5853653210001963,1.12077834278666,15,43,45,0.08381191982247176
3972,1.1368582326608077,0.76378666769676,0.848321270823077,231,231,231,0.0075680175510844765
3971,1.1389953815561387,0.7658144933281295,0.8466311677896348,231,231,231,0.11987988905193424
3970,2.5159551050938895,0.540285465687425,1.1795305675678913,29,29,29,1.423361267345897
3969,2.8454298617384843,0.32819903652818283,1.316205420804822,29,29,29,0.39524558603451077
3968,1.906598176164191,0.12435894909113854,1.4991476030808786,104,110,126,1.7881282406430858
3967,3.3715498403689175,0.6225609524204374,1.3067625132024192,104,109,126,0.8541983783578663
3966,3.379568598844231,0.6835729652936655,1.3054450924491876,104,109,126,0.8587896728163706
3965,-0.5356327059128052,0.5865890261873135,1.0844949719628292,122,122,123,0.18955241837816547
3964,-0.5187547280922054,0.5864462160067228,1.2558628823952254,96,99,103,0.034120860269854
3962,-0.5081725887313606,0.5867407610159578,1.3264009737204836,38,54,58,0.22540388800502928
3960,1.5954490452979742,0.7811183742798771,0.9042606789982877,124,124,124,0.05184833172881674
3959,1.743619060209697,0.772423572722688,0.902029688823898,9,23,43,0.06286035493509012
3958,2.066726653222914,0.2932225318780378,1.303546042482564,103,109,124,0.4581578524619913
3957,2.0983647466209283,0.305690171268158,1.2968653619077157,103,109,124,0.7166744254186349
3956,2.1980966787105363,0.44520789971849495,1.2946107082860636,29,29,29,0.9506861651954942
3955,-0.47676093326851365,0.5836114508799388,1.627887430281544,96,99,105,0.10180033004024322
3954,0.9875123917872769,0.7625745869231761,1.9420417804788317,0,0,0,0.3607132628174568
3953,-0.5563439021108394,0.585443409008894,1.1297144954563998,107,114,120,0.2969789375368988
3952,-0.496016009720162,0.5867867800165847,1.1169694115979696,123,123,123,0.07064766900904221
3950,-0.476503212934293,0.5863545694434331,1.127707105606942,29,41,52,0.09089709720938943
3949,-0.5129167776312131,0.5873570053283677,1.1413456275280431,117,118,118,0.12204453037153194
3948,-0.4716167176328998,0.5835422306484801,1.1315016544022178,121,121,121,0.06700174838999222
3947,-0.4670456237658629,0.5853551180994765,1.1567151979298185,64,69,77,0.09847705014666036
3946,-0.48376584102866915,0.5870555674868208,1.1676123152493565,110,111,112,0.04790237230019496
3945,-0.48376584102866915,0.5870555674868208,1.1676123152493565,110,111,112,0.04790237230019496
3944,-0.5128900220263504,0.5856745113651247,1.2564797703356891,92,95,100,0.11979747426629087
3943,-0.513028561084677,0.5860154946730145,1.2561694253566738,92,95,100,0.09279724434523125
3942,-0.49144167978596975,0.586134561359017,1.2561541789744102,98,100,104,0.14386655705007845
3941,-0.5385792638776148,0.5853860431858666,1.2750563784156261,54,58,68,0.0498386490773329
3940,-0.5589599149845452,0.5875252406614115,1.323912862919619,67,69,77,0.014206864574960825
3939,-0.5589599149845452,0.5875252406614115,1.323912862919619,67,69,77,0.014206864574960825
3938,-0.519195269901708,0.5854591611755935,1.330570417043126,17,47,46,0.10804711663799081
3937,1.3913085338360784,0.7744633424763876,0.8681602864232632,9,9,9,0.017406339508441435
3936,-0.4463872291279518,0.584531365523961,1.5149270301809157,72,83,104,0.5963553644819
3935,-0.47893017170574215,0.5821675848585404,1.5947726219954974,16,21,33,0.0873278334364419
3931,-1.864424851736668,0.5930601354765594,1.6221795135880994,23,31,49,0.06636407391053573
3922,-1.6308142857511756,0.5945577740884835,1.572872594048409,82,86,92,1.9979099068836035
3921,-2.7559884655940157,0.5270115903524084,1.0448698039096116,231,231,231,1.719831661154438
3916,-1.2005386962073468,0.585768903989577,0.48353304227373184,0,0,0,1.3950862860489432
3915,-2.7075014458882474,0.022242183305717922,1.1073351987392026,114,120,138,0.9409309908212147
3904,-3.5818871976339657,0.7077689244545151,1.154786804418841,231,231,231,0.7858252064171087
3903,-1.8153829407321087,0.5934348380309913,1.6269370907442875,124,124,124,0.22338517204464794
3898,-2.3018369134982293,0.3333983668949807,0.47310580125004664,120,126,145,1.652239092846968
3890,-1.4319895194327668,0.5950986502883686,1.2603156658816959,49,51,53,0.3708033543797649
3885,-2.869913645268689,0.458219696054328,1.0512395684133011,5,5,5,0.30983323100928617
3881,-5.787732054230778,0.28076731936096233,0.9698660727852491,0,0,0,0.44161727841640575
3879,-1.8028078155959029,0.5944439619132429,1.57152748255052,61,65,73,0.2683975197445348
3878,-1.6783652534178635,0.593882851653982,1.6032335753577387,124,124,124,0.12032595344385955
3877,-1.7869628661118653,0.5935530950706707,1.6195873926873516,120,120,120,0.14480783685600712
3873,-1.5856821829733936,0.5944241004078747,1.3009007146278067,1,1,1,0.13632447321598332
3871,-1.7457614772368677,0.5951243392030443,1.5739101772353896,6,19,43,0.05453007712007523
3870,-1.6704081511536857,0.5933045518273932,1.6086061425934202,19,27,47,0.06036020890373974
3866,-1.7167520499949798,0.5936446463995084,1.6292399217185225,122,122,123,0.1374435096133085
3861,-1.4282430587901054,0.5950401604875108,1.2802978527070283,3,10,4,0.15242642016389674
3860,-1.575825743668016,0.5943760624914323,1.2337219032627016,25,29,30,0.4500277914198754
3859,-1.4917840987199296,0.5949629065242725,1.2800973140750906,21,24,25,0.2351596345382031
3857,-1.4160731647787124,0.5945791119143997,1.3371086642475274,54,68,65,0.15191482486140429
3855,-1.39083354931007,0.5947921143075787,1.3699957103068885,57,72,69,0.13911902478235671
3854,-3.1305552626872664,0.15682721769279506,0.9638222082730419,95,100,115,0.6842270151058522
3846,-5.233253646178383,0.7761625440472197,1.0239414845178632,0,0,0,0.7767843371530164
3845,-1.8166580159217087,0.5944379633967318,1.567630343123265,94,95,98,0.09068139903150331
3844,-1.6729847863588425,0.6010750436020367,1.6135149192150275,121,121,122,0.11096447940495494
3843,-1.8370000289198347,0.5940167716062497,1.6071265691301964,35,41,55,0.12170112149385293
3835,-1.702120763586053,0.595218652859506,1.173130798938613,22,24,26,0.35620701528407867
3833,-1.4331271547668276,0.5945055989328503,1.3214320645324267,11,13,14,0.09932263295206567
3832,-1.7110770980092878,0.5956326455087879,1.2071268948536844,106,107,107,0.07012468388167852
3831,-1.497131190671801,0.5958650592327359,1.3255888108121934,6,8,7,0.32558628419756913
3830,-1.4357646061248266,0.5947265420291716,1.3612748184830576,4,5,6,0.10652277505327011
3829,-1.8551989117598358,0.5945127092986953,1.5061500567892818,71,75,83,0.12149305257674403
3828,-1.6635151288403844,0.5932697048075333,1.566124311869998,72,75,82,0.05884859054981707
3827,-1.8130207862172463,0.594300444995024,1.5620111118798459,9,21,44,0.3057545898073385
3826,-1.8517814873726972,0.5943760281946211,1.5667296215913036,13,24,45,0.07210718773242764
3825,-1.7422700225678476,0.5938343871506306,1.596617416140501,12,24,45,0.10969306947122137
3823,-1.855423471596855,0.592462865387591,1.6332942769329573,12,23,44,0.14052228440675832
3821,-1.8976992192319,0.5987236692951272,1.4824802050548676,6,19,43,1.3688045487449139
3820,-1.839294317977609,0.5943342003581624,1.4141098412617306,16,20,29,0.4834259087116899
3819,-1.6287024499990261,0.5938152558632579,1.5965970336808288,8,21,43,0.3344503873234233
3813,-1.630911706268209,0.5956426769248531,1.5717591086768699,81,85,92,1.590005556122637
3806,-1.288692861301174,0.5945975061539681,1.3566561420691698,0,0,1,1.2200173690504066
3800,-0.9344247369516254,0.589330969515875,1.1515249393383509,124,124,124,1.804996154564172
3790,-2.665983981832308,0.26278682645855567,1.0312099649040671,103,109,125,0.6050917034214616
3789,-1.494021079853149,0.5963267129181453,1.3202788845512912,11,14,15,0.45282721351422406
3788,-1.3775662059782285,0.592933218683334,1.4894945379215505,117,117,117,0.8767845574198821
3783,-1.6894734633672512,0.593773772412268,1.5949721367205567,6,19,43,0.614294425294713
3770,-1.4969251513899273,0.5941109288222888,1.326756237044869,10,14,13,0.5268178298343938
3767,-5.527905720337195,0.8485703503037032,0.9948968987547554,0,0,0,1.2082166326518375
3754,-0.990103770544565,0.5851004109941809,1.0910480263604283,83,85,90,0.34840855315769675
3753,-0.990103770544565,0.5851004109941809,1.0910480263604283,83,85,90,0.34840855315769675
3733,-1.6714832195914942,0.590432880614451,1.6364954328675287,14,24,45,0.3696118280086244
3725,-1.3807866770451729,0.595517931379099,1.3076843016486612,92,92,90,0.16013489543655451
3724,-1.525527819591837,0.595927407435872,1.2649954684112579,20,23,25,0.6403090717091475
3723,-1.6649439045075711,0.594001176922504,1.2565081869639894,1,1,1,0.33250775505215413
3722,-3.205208912160239,0.18478772088476647,0.9295197523412027,95,100,114,0.295497081894482
3721,-2.6936666830593086,0.4452589758197101,1.1347178471022286,231,231,231,0.6534109463335193
3719,-1.8544450133159334,0.5941367567449551,1.4150476345705485,28,39,56,0.26053577497463987
3718,-1.82567925043731,0.5930788809916467,1.5970556746245277,6,19,43,0.24094726753544693
3717,-1.6360302797616595,0.5939518961474719,1.6192703600280258,121,121,122,0.13576261535919776
3715,-1.7167520499949798,0.5936446463995084,1.6292399217185225,121,121,121,0.1374435096133085
3714,-1.8583795858050047,0.5930874905101378,1.6149874901204941,116,116,117,0.36843397380630144
3713,-0.7430601473265432,0.5866973222378298,0.8865182850667523,105,107,110,0.13542194119715795
3706,-1.0116025200684708,0.5863807162355759,1.256625968120603,109,110,113,0.15225624096964155
3705,-1.0116025200684708,0.5863807162355759,1.256625968120603,109,110,113,0.15225624096964155
3700,-1.4212831180750851,0.5943904620359401,1.2714605538965513,5,19,8,0.3556728448519282
3698,0.17352355309828593,-0.27833415268203837,1.5956471184866627,0,0,0,0.1955683462092404
3696,0.17352355309828593,-0.27833415268203837,1.5956471184866627,0,0,0,0.1955683462092404
3687,-1.7100625735928143,0.5937740788760815,1.6083263040985447,9,21,44,0.2661940110058265
3684,-0.8008689115869365,0.5774305403750524,0.8948211607699716,100,102,106,0.13926516074680015
3683,-0.8008689115869365,0.5774305403750524,0.8948211607699716,100,102,106,0.13926516074680015
3682,-0.806059707670951,0.5873584465654347,0.8855402301917793,100,102,106,0.09178849358999222
3681,-0.806059707670951,0.5873584465654347,0.8855402301917793,100,102,106,0.09178849358999222
3679,-0.9525891265274637,0.5877651077233998,0.8855796015391506,100,102,106,0.03502458872250466
3677,-0.9370254571165777,0.5866612586055933,1.0712737817702729,96,99,103,0.017698033527272897
3669,-1.510758916126469,0.5942962661318423,1.2137773085786177,4,27,10,0.3422468721580852
3667,-1.7904680054340392,0.5957066168592164,1.1320827623728826,66,69,71,0.11097576644761996
3666,-1.7951968079295986,0.5854160948185727,1.1360694680959096,2,3,4,0.4481202813526772
3664,-1.782164324166338,0.5956061610570293,1.1474633608689893,2,74,23,0.1561767630165683
3662,-1.6536553781603303,0.5951647213933113,1.2329091225747026,30,37,37,0.07037499711307522
3660,-1.4317824973372377,0.5964499565617969,1.3159105874533077,42,53,52,0.4481177179143264
3653,-2.6202894394332064,0.4025208183192224,1.175175216709143,10,10,10,0.42250941740162934
3652,-2.7371461937895902,0.4690170852771067,1.1294916039644989,10,10,10,0.8198186875806822
3650,-1.7220626207825545,0.5942157088827056,1.5666269790904264,15,25,46,0.31395512689644856
3649,-1.8515462640319185,0.5937893961165723,1.5669141504552182,11,24,45,0.1196103191878557
3648,-1.8631063196274287,0.5934996362297873,1.5792869602247417,99,100,104,0.1773201445090897
3644,-0.5456208296190064,0.5883135168213087,1.637589612873207,84,87,92,0.0657199909611714
3643,-0.5456208296190064,0.5883135168213087,1.637589612873207,84,87,92,0.0657199909611714
3642,-0.2968788288109625,0.7548082063631152,0.8640374386332625,231,231,231,0.2511289983093005
3641,-0.5505777860357308,0.5875946685943634,1.3179541034769833,124,124,124,2.239044921609341
3640,-0.46545594630675735,0.5862949978362424,1.2560411409138783,99,101,105,0.1486632456874756
3635,2.1086466568355418,-0.06216895068944678,1.0375150005428857,130,130,130,0.6772396071102369
3634,1.0703522831745391,0.776660683854048,0.9546394478987424,6,7,7,0.9634685144754307
3631,-0.18942714441012098,0.7715538120725078,1.9928569456658183,0,0,0,0.3545629260083819
3630,-0.26127721223514655,0.7646110977823597,1.9824637587934855,0,0,0,0.2227321079882131
3629,1.0448249857757188,0.7576267316945853,1.9955920929560362,53,53,53,1.189996954641351
3628,1.0450661247213353,0.7589976957379263,1.9985477399180316,53,53,53,0.20978323887462555
3627,0.5123682401030181,0.7272975881783754,1.9666936382232043,57,57,57,0.6531352029707079
3626,0.5123682401030181,0.7272975881783754,1.9666936382232043,57,57,57,0.6531352029707079
3624,1.9820151642627193,-0.21530959867051164,0.7651625865701821,111,117,134,0.5734039772260295
3623,1.984677359688419,-0.10734226758309451,0.8145857812280455,59,62,72,0.5931449012017834
3622,1.9746731146348675,-0.011234544623494047,0.9660774470584665,130,130,130,0.2893722581461713
3621,2.009746365943978,-0.06601697252495842,1.0159057216663978,0,0,0,0.39489053020906795
3620,0.9615420704165861,0.7662992674092286,1.9722069011087928,57,57,57,0.35956589724912236
3619,0.43297479820398665,0.7640424916773154,2.0033483751545424,231,231,231,0.8490283793008565
3617,-0.23265988696969053,0.7717500077081938,2.0103568258584006,231,231,231,0.46431956654505113
3615,0.18848636126692564,0.7063076038568437,0.4447135620362359,142,142,142,0.8620771131313528
3612,1.1491842754838497,0.764416346064478,0.85431680046722,231,231,231,0.16669211232843642
3611,1.179893727735299,0.7592057491948303,0.9118585763045262,124,124,124,0.05597704709969424
3608,1.6235185807290216,0.22645756704347797,0.7813574276439108,59,62,72,0.19507945347125666
3607,0.5510677905522288,0.7736172931924228,0.8446756012121499,29,30,30,0.10428100644564409
3605,1.9516884170992823,-0.04174890136000209,0.9864188751801615,0,0,0,0.3343978632956474
3604,1.9691991473094324,-0.03797812429385772,0.9807491737153675,0,0,0,0.5260776542547048
3603,1.9549472882608785,0.36819444355495046,0.8896555751479884,0,0,0,0.3444537481887743
3602,1.9529842317770063,0.36695539980775915,0.8895421852500748,0,0,0,0.06669809670572978
3600,0.9903814476006068,0.7564985532900994,1.9212393872827995,0,0,0,0.8466569943567341
3599,1.085669924522436,0.7791837820602854,2.0122261863181534,57,57,57,0.34762450376403337
3598,1.085669924522436,0.7791837820602854,2.0122261863181534,57,57,57,0.34762450376403337
3597,0.47608642990297423,0.7657065920563391,2.009736279026907,57,57,57,0.31916386189971424
3596,0.07539173041033065,0.7136972852999273,0.4014482973049611,0,0,0,0.33440046495077247
3595,0.17564724534552978,0.7169725571082286,0.4635540798170066,0,0,0,0.3512839809747759
3594,2.0787937427247307,-0.18235614507614534,0.7554400010330695,0,0,0,1.0955149803241435
3593,0.34705166789447084,0.7690064798842478,0.8933470521786401,29,30,30,0.7597294320533683
3592,-0.5524000222026548,0.5833082278938952,1.3304231400703144,124,124,124,0.09739662603058452
3589,1.9508423909609671,0.52002594470775,0.8899533511430727,0,0,0,0.0028398334394010684
3588,2.8946623664384337,0.42207340504128554,1.3038154689296788,29,29,29,1.138845663252648
3587,0.6206916377903889,0.7061338988203429,1.5200523378399318,0,0,0,0.6029330201295869
3586,0.7719811872995982,0.7029936709220233,1.519797586416644,0,0,0,0.8242567434928004
3585,0.7837738540748268,0.6950080881025946,1.7421220890090625,140,140,140,0.7450043505214916
3584,0.7871193704168157,0.6991812963124457,1.7421745009816516,140,140,140,0.7745147164264168
3583,1.0602029320617634,0.7530038249614193,1.963903848968701,57,57,57,0.8921256286842949
3582,0.9761368822178111,0.7668973524366371,1.9809937430835332,57,57,57,0.5309751258192843
3581,0.9933410035945058,0.7836135388353915,1.9838356614026218,57,57,57,0.2895449066336686
3580,-0.14724168270680504,0.766102809354821,2.0165298756399106,57,57,57,0.3346191793541719
3579,-0.4984588070544522,0.5827419554096795,1.2584312137426692,103,104,108,0.027325181307088997
3578,1.5897165145474677,0.6017392510234771,0.7907254655892211,60,63,74,0.5458775462803922
3577,-0.5269210481803097,0.6531512912805486,1.327535740505192,0,0,0,1.0399692589080256
3576,1.258946618706645,0.7613999979104336,0.8939718989126298,123,124,123,0.04554229918908756
3575,1.224697072214508,0.7763876990284364,0.9066537101487965,124,124,124,0.31911465183134463
3574,2.284846129677452,0.12473813593161676,1.1843223088439174,104,109,126,0.7881948111385932
3571,0.37444768549506535,0.7698856417919073,2.0168072314349303,57,57,57,0.1231940906873224
3570,0.37444768549506535,0.7698856417919073,2.0168072314349303,57,57,57,0.1231940906873224
3569,-0.7728327787951579,0.5867869243028438,0.9807499534989984,112,118,124,0.1633442969801974
3568,-0.7124877420833537,0.5866286103233995,0.9492923093766349,20,29,48,0.06367509455800799
3567,-0.7131436327193978,0.5880850787383118,1.0705013617424353,102,104,108,0.44624562608836843
3566,-0.7103531021528373,0.5831742195838836,1.0737218863513995,102,104,108,0.19628670245788313
3565,1.6428398751033955,-0.22578338696322126,0.7265340892561063,0,0,0,0.8974747386877979
3563,-0.5519814257528863,0.5854412925966415,1.343430568792522,123,123,124,0.2488259950801809
3562,-0.5519814257528863,0.5854412925966415,1.343430568792522,123,123,124,0.2488259950801809
3559,1.9946561787315549,0.6385105637656547,0.9537466863204704,231,231,231,0.12459434295990442
3558,1.9946561787315549,0.6385105637656547,0.9537466863204704,231,231,231,0.12459434295990442
3557,-0.5916759729254313,0.585428236464606,1.504607628751739,71,78,90,0.07075154319391895
3556,2.0906902269749272,0.2513054318987409,1.209644455138569,85,90,103,1.1247527427078363
3555,2.07910321340597,0.24657153523995912,1.2101285350067346,85,90,103,0.3403472803257824
3554,2.3933773181152516,0.4900281429178508,1.1568156318954745,103,109,125,1.5151834284875658
3553,0.6423349527052842,0.7010210013296063,1.5474484922093559,141,141,141,0.05387219478266371
3552,0.6423349527052842,0.7010210013296063,1.5474484922093559,141,141,141,0.05387219478266371
3551,1.116149833461059,0.7264281424903034,0.003779168192762361,231,231,231,0.039407638331562
3550,-0.7352231829166067,0.5867052467940652,1.1270351163451755,26,35,52,0.09011142719893392
3549,-0.7352231829166067,0.5867052467940652,1.1270351163451755,26,35,52,0.09011142719893392
3548,-0.5156126458407266,0.5863934918434672,1.0845865040839184,119,120,120,0.13141163150703825
3547,-0.5361997558982741,0.5863694202188048,1.1335963372125433,49,53,65,0.119957796935048
3545,-0.5419412841570428,0.5851880392888031,1.1615761618020555,45,51,63,0.08873160632156336
3544,-0.5413283502491262,0.5860985954182518,1.1665203137269375,120,120,121,0.07752829124071103
3543,-0.6848083232741158,0.5898462819143828,1.2669802755349175,120,120,121,0.02156758681542342
3542,-0.4912393795770069,0.5857129176544509,1.2563745320294022,98,100,104,0.14203937361972943
3541,-0.48778699138077664,0.583922609480376,1.2693607451602973,121,121,121,0.26345174073438044
3540,-0.5538594283949534,0.5854157284032406,1.5214638961628326,90,97,107,0.04599448595988453
3539,-0.5300838691068583,0.5836733674690937,1.6392453163896412,90,93,98,0.17408282086654545
3538,0.978731150835902,0.7412200203266501,1.9338380509108002,57,57,57,0.06289777023356645
3536,-0.2319213582674784,0.764995241495821,1.9684081938981208,231,231,231,0.5582432154098488
3535,-0.7546739297613443,0.5853124434075405,0.9754567704002011,74,77,84,0.06477183348247538
3534,-0.5233130556857752,0.582957142019312,1.31421184729541,13,33,26,1.5906877816918383
3533,2.391469991870265,0.2546604544436524,0.8526547426447768,59,62,72,1.022233332212276
3532,1.9540732972018648,0.01073566401720183,0.9528180207318936,0,0,0,0.4717112469130221
3530,2.063465404280152,0.34971722812229145,1.0830099765318337,130,130,130,0.46771468610461164
3529,1.9829843658811348,0.25142776362896857,0.8004816055586916,0,0,0,0.6948342731802745
3528,-0.6056952596180478,0.5829602263547369,1.66795033720236,0,0,1,0.224140975567597
3527,-0.5265391303859228,0.5864266525465551,1.0883428677477323,73,75,81,0.134274331534839
3526,-0.433229129232398,0.5863186369215048,1.633354529679593,5,21,51,2.0219000524761004
3525,-0.5147984915883923,0.5844301372717546,1.6134955675872327,6,10,14,0.6804078790861703
3524,0.2888445676980793,0.7685948994772605,0.8577341571703192,29,30,30,0.792683885999543
3522,-0.5247301006621461,0.588956729163876,1.5871079675666562,19,36,65,0.0684444137261891
3521,0.015139439039545843,0.7155310239640971,0.2783470469705114,142,142,142,0.3400691904550016
3519,0.09280695005242956,0.7152429352093006,0.4411426975987667,0,0,0,0.45083254382358906
3518,0.17077249112255344,0.7132053925622841,0.5151007555921867,142,142,142,0.44797549982383644
3512,-0.5972737412450915,0.5746073529404554,1.6577187755023164,5,7,11,0.03253820240645908
3511,0.08445568242010104,0.7090828649885841,0.3665590420239999,142,142,142,0.24170527728294788
3509,0.026437766514911365,0.7120349381999316,0.45897252215598283,0,0,0,0.25222274303021686
3507,0.27675911127710906,0.7693917751453696,0.90989862754301,9,11,14,0.28638560561936893
3505,1.967573667918501,0.3308572741769289,0.8208619227397919,59,62,72,0.8034450135132041
3504,2.4509813282376176,0.3314732716346903,0.9326073240292484,59,62,72,1.2173205994939273
3502,0.05218956805068653,0.7092034748824716,0.43061542520453555,142,142,142,0.3085109176167321
3498,2.005766036269285,0.24018335083351405,0.8320781747731165,61,64,75,0.6127379252657978
3495,1.5804735315758793,-0.2303121005428952,0.8003688462403931,59,62,72,0.1614940054082767
3494,-0.7301613413107324,0.5873984754930648,1.1544369096956912,106,113,119,0.20356437856602946
3493,-0.5227602318727249,0.5843454517660793,1.3040034654956991,112,118,123,0.09910121897812225
3492,1.5700598338255887,0.7786722606349361,0.8989104021508952,124,124,124,0.12829346003750156
3491,2.0148153573436693,0.5265045380485602,1.0932213284671157,130,130,130,0.15849079487722173
3490,2.0161120495454172,0.5272078601548147,1.0931238505943672,130,130,130,0.2043349959485623
3489,0.11473473473382612,0.7109988062137389,0.35340009155913665,142,142,142,0.31585182218774027
3488,0.11473473473382612,0.7109988062137389,0.35340009155913665,142,142,142,0.31585182218774027
3486,-0.7313056482058462,0.585219125005116,1.0812566771172816,124,124,124,0.30295177895580266
3484,-0.5018656202580596,0.5835296967331187,1.266546891040211,124,124,124,0.4882181879929883
3483,0.503318954538827,0.7365512423789882,0.9151624199261397,29,30,30,0.8712791805060149
3481,1.962580041819038,0.6332483469667889,0.9506818036994196,231,231,231,0.25777099369439005
3480,0.6504496212075672,0.7058436147472695,1.5484288741047616,141,141,141,0.6019917344330442
3479,0.6193015887216757,0.7049747901225045,1.6779988698903294,0,0,0,0.5076681293149471
3478,0.6005037271032347,0.7091896088638117,1.741793560170113,140,140,140,0.1893099651816634
3476,0.4928391645540938,0.7365831192695589,1.9382749034453903,0,0,0,0.38265983208685217
3475,0.01750244028479786,0.7154243581621114,0.4687810268168502,0,0,0,0.30036328368690035
3474,1.6271482360587457,0.22107180115663805,0.7978222151742047,111,117,134,0.8025974742553365
3472,1.9272725413508929,0.21530460688751096,0.8087239560920101,111,117,134,0.46594760126167045
3471,1.9653092308560933,0.2332010389126309,0.8090603225792243,0,0,0,0.15004281880032008
3470,2.3718749933732504,0.15590996588421557,1.1639185540122958,103,109,125,1.6294544283490795
3469,2.371874993373262,0.15590996588421835,1.1639185540122932,103,109,125,1.6294544283490957
3467,-0.7589839537380105,0.5833122031648539,1.0737558138171204,102,104,108,0.06666050648030125
3466,-0.6841499857126228,0.5852383157122845,1.0835240417391683,123,123,123,0.09136919148001363
3463,-0.5619058584676906,0.5870511149515096,1.1339978009282274,62,65,74,0.16265610624179008
3462,1.7930252702506095,0.7073446674785417,0.19827351047892328,170,170,170,0.4052319215911015
3458,-0.535406975990373,0.5840317295608097,1.35517364017536,124,124,124,0.016201288780841584
3457,1.9214455990029293,0.6044738650931818,0.8273028701481545,5,5,5,0.8596139634287345
3456,1.5857634905060207,0.7767662869675733,0.9075882879762469,124,124,124,0.402751558794578
3455,2.0930957744205574,0.775172384721377,0.9082162659667044,124,124,124,0.10901978923926911
3454,-0.5916759729254313,0.585428236464606,1.504607628751739,70,77,89,0.07075154319391895
3453,-0.5280416019790513,0.5859588069770967,1.5043228844018235,72,79,91,0.20398840220617484
3452,2.3926254579884905,0.5052762618017563,1.1596847341754826,103,108,124,1.823819233291504
3451,2.037091923000395,0.46887402827653735,1.2453914879528374,102,108,124,1.0539953933841406
3450,0.5996782300514549,0.7143746460157319,1.450908054538508,141,141,141,0.2967281202930039
3449,0.674146887760915,0.7066936211739032,1.5744136695463107,0,0,0,0.07806666957494758
3446,-0.7148407404658803,0.5864191942407675,0.8861414353731841,92,95,101,0.2854655251192195
3444,-0.721251113106157,0.5874147092071695,1.0703701122981433,93,96,101,0.10614129046947783
3443,-0.721251113106157,0.5874147092071695,1.0703701122981433,93,96,101,0.10614129046947783
3442,-0.7219748855933985,0.5853598438230878,1.0837189522810968,123,123,123,0.17664117695743675
3441,-0.7429523647300762,0.5858586424605268,1.0947276095250904,121,121,121,0.1263092101667023
3440,-0.7081130578875561,0.5888595825715355,1.0939838399670254,122,122,122,0.13675349651236926
3438,-0.48222844808724985,0.5877004842424594,1.068896721566143,100,101,105,0.5476899561125153
3437,-0.48219212257173494,0.5868456435324803,1.0694250081676504,100,101,105,0.31013304993539964
3436,-0.5544009094063567,0.5893238858933105,1.1164842321490411,9,48,43,0.12738537312020393
3435,-0.5494127252528895,0.5897817254845092,1.116145572848092,8,48,42,0.28668088459740504
3434,-0.5692249938362615,0.5857169221065157,1.1344444717792155,43,48,61,0.1662381763102207
3433,-0.5692480451105069,0.5857934093333659,1.1343903094908492,43,48,61,0.14412521272154413
3432,-0.4879651646457892,0.5863182215437868,1.1645955805251318,21,35,50,0.15494941673014154
3431,-0.700560137801232,0.5849410420474954,1.2570816865643601,91,94,99,0.06719287616862983
3430,-0.7567402221707771,0.5837144201651765,1.2793844615701202,60,64,73,0.02229431151227943
3429,-0.7297837672460283,0.5857580944155898,1.2754214509023143,64,67,75,0.06905147038849266
3428,-0.7333842333509555,0.5881435268797184,1.2779597795109088,120,121,121,0.09742434643347102
3427,-0.6816583898376938,0.5882535721019964,1.2726433379639739,70,72,79,0.3074335142957704
3426,-0.5643060888352012,0.5856052279034176,1.256382412319072,98,100,105,0.11297858649446033
3425,-0.5643060888352012,0.5856052279034176,1.256382412319072,98,100,105,0.11297858649446033
3424,-0.5484119174135724,0.5875358448919161,1.255340995296365,96,98,103,0.05270750884443151
3423,-0.5305744372296672,0.5882256885508639,1.2551860230645915,99,102,105,0.13654583806692866
3422,-0.5300047065537599,0.5858638394283451,1.2562885647781132,99,102,105,0.21464439364581472
3421,-0.48364773331028643,0.585380820104048,1.2562470744006111,94,97,101,0.3136264736078198
3420,-0.48367183255614044,0.5854323326141766,1.2562223459944564,94,97,101,0.27144753222415025
3418,-0.5469797494878041,0.5845153389782103,1.2805213559850228,121,121,121,0.10991093230710341
3416,-0.5224727412512225,0.5853347612626891,1.3272200911354766,116,117,117,0.06602128660189673
3415,-0.5188368188268999,0.586092887905787,1.3361981630887936,12,88,38,0.22057077977835898
3413,-0.5125881822442904,0.5832559882042536,1.504765670899293,65,72,86,0.011234273696629063
3412,-0.6726859156045184,0.5839852558525453,1.62434505791465,16,33,62,0.028766917144637486
3411,-0.6577257669214718,0.5827582354596879,1.6314147531290444,92,95,101,0.015993353029734356
3410,-0.6725882468602404,0.5843647625906552,1.6328947461793204,18,33,62,0.09031007331930135
3407,-0.7236458041069582,0.5848555553661061,0.9121516109930944,123,123,123,0.1926145554312705
3406,-0.9957381734254249,0.5865509412868595,0.8864186987684636,100,102,106,0.1550528091877731
3405,-0.9959816685789922,0.5869688132495037,0.8860479026580745,100,102,106,0.12742890946424582
3404,-0.7774998626826353,0.5862158102697241,0.9036939930665708,61,64,72,0.04648983380774452
3403,-0.7778952220187527,0.5871230995051653,0.9029467280506566,61,64,72,0.0446202061147841
3402,-0.7496980283168155,0.5846716866044741,0.9122911075641439,122,122,123,0.09704735853487358
3401,-0.7035767892832188,0.5859924688839981,0.8863520777401629,104,106,109,0.20009757088987015
3400,-0.7035767892832188,0.5859924688839981,0.8863520777401629,104,106,109,0.20009757088987015
3399,2.1530602557443608,0.12199662804722311,1.2157364297948,103,108,124,1.4499641199855438
3398,2.0857104442182255,0.3035626862831612,1.0057723139806243,59,62,72,0.7128185086954337
3397,2.02380929059803,-0.040272029945660925,0.8896301918032885,0,0,0,0.46340288111543426
3396,1.9414309150841058,0.05536857532494566,1.0961822144478321,130,130,130,0.7391342806103731
3395,1.898255072021393,-0.08652528376354146,0.8695111034530307,130,130,130,0.6996870054995673
3393,1.6920507930379638,-0.23171693731732207,0.7440572743757368,59,62,72,0.5599629933745918
3391,1.9760671404377859,-0.04504853730420055,1.0049778007054417,130,130,130,0.36379357213622776
3390,1.8793216646655069,-0.12295262641390492,0.8527468085087105,59,62,72,0.9716391932543028
3389,1.9796902812265,0.4796943628126953,1.006582460870601,130,130,130,0.11443675135070008
3387,0.9674152054913614,0.7644537391756376,0.8918210478890986,29,30,30,0.19122013694841491
3384,2.123363308167375,0.11713517192540912,1.2226689453749402,103,108,124,1.4793375925639771
3382,1.9911843303451011,-0.03058366826594605,0.9903153222757036,130,130,130,0.18782371739702908
3381,2.6061949125002464,0.6192303487468038,1.1220655054544877,102,107,123,1.8535838708032781
3380,2.1006595183009917,0.5719152373001042,1.229719622858914,102,107,123,0.24145314921474254
3377,1.943478129424059,-0.027935911035373406,0.9921725394681885,130,130,130,0.7303522620846575
3376,1.9348876934376709,-0.029814335544484538,0.9954888572371366,130,130,130,0.802975970620125
3375,-0.09202305225320306,0.7709785021508984,0.960976483058326,57,57,57,1.8556136062867299
3374,0.7746643465393719,0.737668910771704,1.7159541339788464,140,140,140,0.33195395864224275
3373,2.1862247300001063,0.25486545997107635,0.9430315804383622,110,115,132,0.8214268824619789
3372,2.2042969380184956,0.26233941174329267,0.9402212977340806,110,115,132,1.3737509667364507
3370,-0.7494004355185147,0.5902414561467004,1.0026097084558092,124,124,124,0.28302011238431335
3369,1.897485706081326,0.07535759428526578,0.8734550900056827,130,130,130,0.8544231979366069
3368,1.9704261179884197,0.20602683097948016,0.8189190310720387,0,0,0,0.2609830457220202
3367,2.018341728598683,0.010583725783452347,1.0076308658138693,35,35,35,0.8535372016510048
3365,1.977712944226989,0.4905357909116528,1.085958980821018,130,130,130,0.3672917400827485
3362,-0.7644098220110354,0.5861974745827159,1.1116566171310813,124,124,124,0.12331337314566775
3361,1.8807177533838804,0.6903605959065711,0.2411631590396539,206,206,206,0.6584418518152956
3359,1.922249161236023,0.06351787788719199,0.91055631285774,0,0,0,0.3879247605049328
3358,1.9637600811078202,-0.012806796071627491,0.9717369064984767,130,130,130,0.7252214864091305
3357,1.960739791433427,0.06567875284886604,0.9563959537599356,0,0,0,0.9953852480659369
3356,1.970384942600047,0.0390481487234976,0.9896979694262883,130,130,130,0.37141058605058486
3355,1.970135476897935,0.039011872582773166,0.9897671655105436,130,130,130,0.38576592841522295
3354,1.9933555139805925,0.06830845888417747,1.025138854333346,0,0,0,0.6529494167679867
3353,1.9939016891044954,0.43851001762400943,0.9335918819496914,130,130,130,1.3211233545566967
3352,-0.034948447951921535,0.7741980181978718,0.9089480142507083,9,11,14,0.49293117025148175
3349,0.33889598241340346,0.7745250369837817,0.9465525654821086,57,57,57,0.6400768895815162
3348,1.995243391434052,-0.003447780132389222,0.9118758156159084,130,130,130,0.3408772728062002
3347,1.9540732972018648,0.01073566401720183,0.9528180207318936,0,0,0,0.4717112469130221
3346,2.1406737191275367,0.25297843482934124,0.8317759750477768,0,0,0,1.293876806715167
3345,2.1406737191275367,0.25297843482934124,0.8317759750477768,0,0,0,1.293876806715167
3344,2.9541726001408293,0.564485402795103,1.268283987264637,59,62,72,0.5648893289688203
3343,2.9541726001408293,0.564485402795103,1.268283987264637,59,62,72,0.5648893289688203
3342,0.13781678937185182,0.7103339223600682,0.42384576637531235,142,142,142,0.20295216510256364
3341,1.583517209757819,-0.22495589961024204,0.7458322211395181,0,0,0,1.4445021913776641
3340,1.7461961683364042,0.7124243793313121,0.15676439169242395,122,122,122,0.2941372994552952
3339,1.7424743653051693,0.7104089934233557,0.15870236865662113,122,122,122,0.3654239317789907
3337,1.9391342004351557,0.042249713554960544,0.9283999045760059,130,130,130,0.24322123178951674
3336,1.9518356562301893,0.04512525647340471,0.9231002806190389,130,130,130,0.4244123116798007
3335,1.9833470016175285,0.37307318404881484,0.9408784256027607,0,0,0,0.9820228055394578
3334,1.9889511076578295,0.7004390755602143,0.18179793279768153,5,5,5,0.4779131215472815
3333,1.9856279720342969,0.18384312008771775,0.825822893313323,59,62,72,1.291198664706076
3332,1.97172451386951,0.4747955592653019,0.9785798507889258,0,0,0,0.14912657471694715
3331,-0.1262155393865796,0.7187029859553344,-0.01657496787530599,44,42,42,0.2087416375613246
3330,-0.11253601821523973,0.7366275048478825,-0.013361243684577362,231,231,231,0.39861987790157083
3327,0.7330688164307515,0.7730255778667947,0.8583582711493244,9,11,14,0.08130171114866831
3323,2.0020479923930923,-0.016126059508451807,0.9904047315855816,0,0,0,0.8466331485453938
3320,1.9825916876896308,0.749677294899215,0.9165718421319116,124,124,124,0.4449994972211691
3319,-0.6308896582358603,0.5827777526861435,1.6466349243965832,13,21,31,0.289902432594836
3317,0.7932762473218591,0.7062952657416843,1.6667918056321869,140,140,140,0.9986794469031305
3316,-0.7181430842712264,0.5860084250511941,0.8956148671111042,124,124,124,0.07507343602144376
3314,2.2585896748319394,0.7391384985636862,-0.024007427469096232,231,231,231,0.4517466879144972
3313,1.9387609283821696,0.7159244141110537,0.16332759497581195,126,126,126,0.4870915826633914
3312,1.9415780940329355,0.16944261390503101,0.8183978247977222,0,0,0,0.628904068271696
3311,-0.5130064365553051,0.5848596980309069,1.299493312429386,124,124,124,0.16862279652137413
3310,-0.5130144889345827,0.5849201488371039,1.299513305240984,124,124,124,0.14895627628754307
3309,-0.4956568799305625,0.5863765574715918,1.3140833867843713,124,124,124,0.08527306725603798
3306,-0.4958482933999062,0.5861779439816135,1.339164456054676,124,124,124,0.08939167090629384
3305,1.9445442790857776,0.622300232569658,0.8192957069534448,5,5,5,0.6145986608177983
3303,1.7040299377681123,0.7668653091168605,0.9121905759752702,123,123,123,0.28680671178981015
3302,-0.5326290970244747,0.5866139953128506,1.522140064898746,49,56,70,0.19918176654374387
3301,-0.5333622530738209,0.5901794454165918,1.521331650885382,49,56,70,0.13937682806317356
3299,-0.006382879254789531,0.7103048565520471,0.2588245605324979,142,142,142,0.14594682601777734
3296,-0.5550712430502607,0.5849292315005223,1.2761334570072318,57,60,70,0.16875646801729807
3295,-0.555318033372298,0.5856485793315296,1.2757701379041715,57,60,70,0.173531437954717
3294,-0.5466130763247423,0.5855448577511215,1.2743303149281755,62,65,74,0.1943271055718928
3293,1.9648190684942917,0.42920077669384293,0.9720902738782162,0,0,0,0.23873719222063794
3292,1.9648190684942917,0.42920077669384293,0.9720902738782162,0,0,0,0.23873719222063794
3291,1.9674921639898553,0.7876958791045416,0.899011391259419,124,124,124,0.14076266159000678
3290,-0.5476231343911051,0.5870668419775531,1.5045546082162,74,81,93,0.10347412238370599
3289,2.0887400738195026,0.1224492965329963,1.2301085351140437,103,108,124,0.725377645452359
3288,2.0887400738195026,0.1224492965329963,1.2301085351140437,103,108,124,0.725377645452359
3287,2.201051969732356,0.5173308913705159,1.2087298832805442,102,107,123,1.20614329230961
3286,2.0812477189821066,0.2803517076841002,1.28616345092279,93,98,112,0.8461645452885853
3285,2.0812477189821066,0.2803517076841002,1.28616345092279,93,98,112,0.8461645452885853
3284,2.168191855289846,0.573245754435511,1.226103627367506,29,30,30,0.8556364980426219
3283,-0.47929544038036087,0.584423441020689,1.5995199782045484,84,88,96,0.046273689232907235
3280,-0.9541312853930655,0.5854854008748074,0.9696475038885624,111,119,113,0.06172761822009761
3273,-0.7557821969602565,0.5875037643913021,0.9488281108194382,45,49,62,0.09043057874644492
3272,-0.7557821969602565,0.5875037643913021,0.9488281108194382,45,49,62,0.09043057874644492
3271,-0.761457275319406,0.5871250509139776,0.9707556993832251,112,118,124,0.900103462549919
3269,-0.7292339426160037,0.5859199837126892,0.9781482799643723,108,117,110,0.07982600384830346
3268,-0.7292339426160037,0.5859199837126892,0.9781482799643723,108,117,110,0.07982600384830346
3267,-0.8967153433385642,0.5844439658036196,1.0728419416952755,100,102,105,0.06105663520924672
3266,-0.742725020782351,0.5866481759416389,1.070977219322509,103,105,108,0.07654917084257544
3265,-0.7713766653406022,0.5864426995158136,1.0913423819071424,71,74,80,0.028410859329637685
3264,-0.7326513801774395,0.5851526244824858,1.0907941015688076,79,81,87,0.07926425950919312
3263,-0.7366151508713807,0.5874563600941722,1.0939817094464581,122,122,122,0.1401440893112132
3262,-0.7621614810584294,0.5905187797583369,1.1373633572379769,122,122,122,0.10923180423438754
3261,-0.542326398693397,0.5856740236754778,1.0726466229585787,94,96,101,0.04296002941913219
3260,-0.542326398693397,0.5856740236754778,1.0726466229585787,94,96,101,0.04296002941913219
3259,-0.5275530213625401,0.5840486328856704,1.0963782305048295,122,122,122,0.2647124799609612
3257,-0.5219894818269735,0.5876392002335831,1.1372950495935275,121,122,122,0.10446102720623039
3256,-0.5002007746869945,0.5866595191575705,1.1301590591173722,118,118,119,0.13913369859594907
3255,-0.5466807936827855,0.5861658531899085,1.166836882492316,56,59,69,0.07397761312755545
3254,-0.5538046103532959,0.5726377211719278,1.1753683955773586,117,117,118,1.6672887885152534
3253,-0.4795706771766497,0.5855432044517217,1.150764099273988,120,120,121,0.1868606606887292
3252,-0.5044670786617764,0.5868009462310497,1.1610189589955042,122,122,122,0.22443274015465173
3251,-0.7920391276055114,0.5858498785266448,1.2753069950128157,53,57,67,0.001872543605674508
3250,-0.7300161745596889,0.5855669213084365,1.256723860697503,98,101,105,0.14214263827770213
3249,-0.7300161745596889,0.5855669213084365,1.256723860697503,98,101,105,0.14214263827770213
3248,-0.7946821072015777,0.5859711662396085,1.279101437169481,123,123,123,0.018244386179363956
3247,-0.7091930604884986,0.5857476363117462,1.2564100471425923,92,95,100,0.06715420783002717
3246,-0.7091930604884986,0.5857476363117462,1.2564100471425923,92,95,100,0.06715420783002717
3245,-0.7007996767325735,0.5855167553179208,1.2568831597348542,92,95,100,0.08732240472269312
3244,-0.5512565425885314,0.586895906217678,1.2711355128365847,123,123,123,0.044032223977212924
3243,-0.7615162965577706,0.581997588144098,1.3504501445869874,108,114,120,0.09229573207241841
3242,-0.5224727412512225,0.5853347612626891,1.3272200911354766,116,116,117,0.06602128660189673
3241,-0.7751450621084262,0.5845992070900079,1.4219587077678262,55,59,69,0.03682544757783799
3240,1.3940709603450365,0.8041594357719901,0.847653616779263,9,9,9,0.6783376923532056
3239,1.9487771420947286,0.7687731546101291,0.89131253348791,11,28,43,0.1806019593863461
3238,-0.7598955467448691,0.5823794524544619,1.5056951902981872,93,99,110,0.17627229947865033
3236,-0.48724975349585353,0.5854431549485601,1.5044879768358754,67,74,87,0.07475241061048685
3235,-0.6019489405443292,0.5850523156912308,1.5226673839937113,91,97,108,0.12802273159690306
3234,-0.5597702754777436,0.5852174618323864,1.517391329621572,91,97,108,0.23102162198607068
3233,-0.5745265604299719,0.5846185470664704,1.5268159848222913,91,97,108,0.10365030265306778
3232,-0.7419415004486498,0.5834885414200597,1.6314057252061103,86,89,97,0.004885098710144953
3231,-0.7419415004486498,0.5834885414200597,1.6314057252061103,86,89,97,0.004885098710144953
3230,-0.6299161526713242,0.5836314518517942,1.6393183502006572,3,9,30,0.07278913073451689
3229,-0.6089764378861648,0.5841785675875224,1.6613029128858896,26,29,37,0.07287965366529643
3225,0.706251793491393,0.7046997163158466,1.555488571661023,140,140,140,0.7655701420278194
3221,2.094974033340603,0.3068755288457755,1.002595929796366,59,62,72,0.6904089340213362
3220,2.0967331988349405,0.2773077952939855,0.9680010787613043,59,62,72,0.9939443395692005
3219,2.0781935029490377,0.6385945677911855,0.926103509880216,59,62,72,0.758953845384857
3218,1.6151484415249702,0.2060222530347513,0.7888122910778941,59,62,72,0.6610323119285498
3217,1.9602242082490653,0.42272523495050673,0.9788385398667185,0,0,0,0.5840117318978825
3216,1.9602242082490653,0.42272523495050673,0.9788385398667185,0,0,0,0.5840117318978825
3215,1.9962555789572132,0.6525895472546437,0.9107875710133245,5,5,5,0.8779468882115083
3213,2.0074947118515496,0.525895079626965,1.0987818608056208,130,130,130,0.11161470718022776
3212,1.7394282467839801,0.7097991280673881,0.24019911071561384,211,211,211,0.4296362284015503
3211,2.499878424154547,0.5358900511880165,1.1869463600393266,29,29,29,1.7780992779705769
3210,-0.757447652721404,0.5852683589848302,1.32725231940703,123,123,123,0.4588342546095855
3209,-0.7256823602593867,0.5836641402226055,1.4205709783731568,110,111,114,0.2394038596302078
3206,-0.4977451780364157,0.5928810932232706,1.5820172750157597,21,36,65,0.41047658209139887
3205,-0.6785229654239204,0.6062316625605111,1.6190900992529675,12,31,62,0.41768182692067535
3204,-0.7708223161485002,0.586567849971541,0.9652442699593135,98,104,111,0.14334984878264023
3198,-0.46898233492600494,0.5834003946388122,1.6249576679545623,2,9,27,0.6253916945009719
3197,0.7272147911406905,0.6918821615740249,1.757959487573634,57,57,57,0.6458337262326241
3196,-0.983447437358246,0.5884831145440317,0.9387678930120281,77,81,88,0.16730189256559255
3194,1.6405041307890285,0.7594680219947625,0.909893969063631,124,124,124,0.4278635776805224
3193,-0.7461322483986947,0.5872177422909837,1.6206932582042755,13,31,62,0.23077133742861006
3192,0.08366674915249805,0.7684058802677087,0.8461836692444326,29,30,30,0.9623621002323186
3191,0.34500031680659093,0.7657173473981431,0.938451085598304,57,57,57,0.504381724540762
3190,1.9310480980079,0.5115920677768788,0.8978846809417654,0,0,0,0.09497646534733654
3189,1.871006946887139,0.48188504881537075,1.066589174871331,130,130,130,1.1118265719644247
3187,-0.7108529081159412,0.5824085233662895,1.621832486173785,12,31,62,0.037325648481576566
3185,-0.7162143000853898,0.5881505112582546,1.6283350620955594,80,84,93,0.046693580383496865
3184,-0.7162143000853898,0.5881505112582546,1.6283350620955594,80,84,93,0.046693580383496865
3183,-0.9846028202814168,0.5874338961033556,0.9052472312719143,83,84,89,0.028724543154187227
3180,-0.9570921862790276,0.5889583455796816,1.078677062483472,124,124,124,0.09214435711816238
3178,-0.502816443060254,0.5855751499063626,1.3047182293342408,124,124,124,0.0484846670738306
3176,-0.5498208632120414,0.5855165297967897,1.3411572467207722,124,124,124,0.12596599416113405
3174,2.0750788820230106,0.7721506075370363,0.9058126757706355,124,124,124,0.37489617369024153
3173,-0.6594803320041427,0.5860452527493827,1.6292698220212185,78,81,91,0.01842188962971184
3169,-0.9909734236138799,0.5890991365070364,0.9876634051309601,123,123,123,0.4762216571360612
3168,-0.7262028770028146,0.5862891346572325,1.0885222497914198,79,81,86,0.11920426986393859
3166,-0.518057932933536,0.5833786082223127,1.5045271855289646,76,83,95,0.12910574628302898
3165,-0.518057932933536,0.5833786082223127,1.5045271855289646,76,83,95,0.12910574628302898
3164,2.1734515757036705,0.58189873372077,1.213907633328315,101,107,122,1.378342930049281
3163,-0.7454725629220484,0.5856264263853841,1.6253212848871548,15,32,62,0.24497486885594338
3160,-0.5072558805210976,0.5841258666955638,1.6560477065730548,2,3,7,0.19835136852132848
3159,-0.9779074739335152,0.5879155883592828,0.909076653635739,123,123,123,0.19476513124109937
3158,-0.9553543137236384,0.5848024026459389,0.9055723853258411,68,70,78,0.12973298926071145
3157,-0.9566714624583046,0.5873045834514086,0.9035501924816601,68,70,78,0.12549985739378383
3156,-0.9398437635476449,0.5999473089877898,0.9752051564639901,123,123,124,2.072511279014249
3155,-0.7585797228404791,0.5859529016207397,0.8866171501228666,108,109,112,0.17375384794072207
3154,-0.7585797228404791,0.5859529016207397,0.8866171501228666,108,109,112,0.17375384794072207
3153,-0.7720559341384652,0.5872189513911745,0.9031186614762846,69,72,79,0.11679092662415953
3152,-0.7720278614415688,0.5871648557817815,0.903116814825033,69,72,79,0.10219007372774161
3151,-0.722049592168267,0.5871480347897482,0.9031568178159324,72,75,81,0.07718583464780704
3150,-0.7220186925213197,0.5870993132926421,0.9030842938886131,72,75,81,0.12231490446065504
3148,-0.7070851697528089,0.5876016114699738,0.9038304133418293,63,66,75,0.12401075779459698
3147,-0.765550185727836,0.5871377704297096,0.9491889882187382,64,67,75,0.24484997314736767
3146,-0.9864308636870298,0.5862342558045577,1.071920078615181,103,105,108,0.10123182192962235
3145,-0.951921531852018,0.5892295005264325,1.0698542717707324,101,103,107,0.24403720123890948
3144,-0.7377736971256494,0.5870461104544165,0.977351533218892,105,116,107,0.07530098359062569
3143,-0.7375791506575373,0.5866406550008427,0.9776232796521197,105,116,107,0.06768740388236653
3142,-0.7211873848711807,0.5858554763858117,0.978159766950323,106,116,108,0.07708201306260953
3141,-0.7216416065784284,0.5868230715541878,0.9775004518731467,106,116,108,0.11371549038826886
3140,-0.9538706223804612,0.5876947848758773,1.0944810023853666,122,122,122,0.01714555528706172
3139,-0.8979383241562546,0.5867662061469159,1.0712898518955942,98,100,105,0.1483231455815416
3138,-0.9228967123283196,0.5869455550680251,1.0893514471490824,60,63,72,0.0478816663254902
3137,-0.7559243553517914,0.5871311408180862,1.070250434799884,101,103,107,0.07962150562735913
3136,-0.9435293140007395,0.5863651894347426,1.1704583641251012,19,52,47,0.4534166411995732
3135,-0.55164829848963,0.5860441173156519,1.0711804711642987,102,104,107,0.22358054541289193
3134,-0.55164829848963,0.5860441173156519,1.0711804711642987,102,104,107,0.22358054541289193
3133,-0.7620350150388604,0.5909913812583281,1.1680353659933624,122,122,122,0.057485021019367116
3131,-0.9694162551122001,0.5855782405611869,1.2567099519486162,101,103,107,0.07066165438145143
3130,-0.4483290384384311,0.5861886826756018,1.0715573755614607,106,107,110,0.2174726257685483
3129,-0.4876460803689977,0.5849812050063579,1.1133379888026846,123,123,123,0.18550030071664728
3128,-0.945734038223673,0.5871879009476098,1.2749345433628343,65,68,75,0.17137519564792247
3127,-0.9358377701994733,0.5855682599692815,1.2787053550745413,66,68,76,0.08649562368345082
3126,-0.7759690611925882,0.5843730647885419,1.2574783816495536,102,104,108,0.17553492249417627
3125,-0.4740030778874782,0.5859319597595205,1.1621907876407556,28,40,52,0.15920198808195213
3123,-0.7637756119725871,0.5850228809078981,1.2570262552729217,93,97,101,0.1395944450984344
3122,-0.7507442167135707,0.5837079814701271,1.2574488661884937,93,96,102,0.054444926231109136
3121,-0.7507442167135707,0.5837079814701271,1.2574488661884937,93,96,102,0.054444926231109136
3120,-0.7711468039260989,0.58657075750206,1.2684303613300139,120,120,120,0.1701360661582324
3119,-0.5197151808308662,0.5805021780607651,1.258589215185256,99,101,105,0.07712291697024447
3118,-0.5197151808308662,0.5805021780607651,1.258589215185256,99,101,105,0.07712291697024447
3117,-0.752457760416342,0.585365567504661,1.3503742895063753,110,117,123,0.11402352729964838
3116,-0.752457760416342,0.585365567504661,1.3503742895063753,110,117,123,0.11402352729964838
3115,-0.5139325449947678,0.5857269017465745,1.3304121252921255,12,89,38,0.15515732865280962
3114,1.7430678128370365,1.1157544553460899,0.6215005148521766,9,9,9,1.9797953566121602
3112,-0.7373624940283809,0.5868587759828703,1.4302696025613009,108,110,113,0.03232105144019266
3110,-0.7803456169865601,0.5843475027759928,1.5272355009170966,93,99,110,0.09421783202222216
3109,-0.5869457941719456,0.5857600609809723,1.5045133396380599,67,74,87,0.16642134493486935
3108,-0.5870656080859278,0.5853410587099699,1.5046134936153572,67,74,87,0.10121863522017908
3107,-0.48724975349585353,0.5854431549485601,1.5044879768358754,68,75,88,0.07475241061048685
3106,-0.5354514245489712,0.5851662639731527,1.516415124325405,92,99,109,0.2449289784598979
3105,-0.69243144369895,0.583663132332678,1.6075737694679075,17,34,65,0.20660673187606093
3104,-0.7667557276768542,0.5859951002067045,1.6158072805985195,90,93,100,0.02763172078523434
3103,-0.7488029735524888,0.5854874769363103,1.6268689650796724,82,85,94,0.016644592266266387
3101,-0.6552025332476572,0.5845215328096318,1.6295034743108698,17,33,62,0.03187204279594278
3100,-0.5526047980106332,0.5839477284338792,1.6268229012291546,85,90,96,0.08346518945512638
3099,-0.44079173788354353,0.5826998299791577,1.6234667507638805,7,25,55,0.035885890996565556
3098,-0.5792730739543148,0.5843597911096114,1.6453651464611083,11,14,21,0.09100844179722747
3097,-0.5304140570159275,0.5844970630571189,1.6433859896714462,93,95,101,0.07752181427410997
3096,-0.4711361261684921,0.5826601199414876,1.667822644706398,8,20,45,1.3333843815391946
3095,0.8810097423341015,0.7393925907618317,1.5806971039266755,57,57,57,0.30399543163775405
3094,0.3151831429685912,0.7745126656778458,0.9679935384495404,57,57,57,0.631359129631228
3093,-0.32087734254707767,0.6190232787759555,0.0019257819733080606,107,107,107,0.49697170947145813
3092,2.225237605983171,0.7299850666019925,0.9948111138264831,57,57,57,1.0087468544720166
3091,0.8081812078073313,0.7723875225067369,1.713680659653874,140,140,140,0.0880842027110315
3090,1.9878298985689713,0.3954027524675726,1.007475003996999,0,0,0,0.6194774921504612
3089,2.0589388695439474,0.38318684889193766,1.0582823089566493,130,130,130,0.6106487639100582
3086,1.9249963620211452,0.3586172511326787,0.8619736633170177,130,130,130,0.5985335380601481
3085,1.945598457439683,0.38065484080038514,0.909697468947785,0,0,0,0.24974806222212784
3084,1.9681794180918637,0.4279329040175942,0.9420405424387388,130,130,130,1.6028890867865526
3083,2.5799434606694565,0.5845978533521679,1.1542276728343634,29,29,29,1.924786583224524
3082,1.9414326347592141,0.4850992464240138,0.9930588532250998,0,0,0,0.2824215548219223
1831,-0.7581280630879679,0.5862680624356547,1.0714125895148725,104,106,109,0.13100397522256496
6918,-1.6417019367135461,0.5952908510502064,1.2102041694665544,5,6,7,0.25733201549029516
1848,-0.9981526499140267,0.585388035829145,1.505287293293384,63,71,85,0.35817817174119243
1849,-0.7453093306044449,0.5853756496348224,1.372305113088509,21,78,44,0.049756864950169684
1881,-0.8743834690275762,0.5855411183281853,1.613869155634356,85,89,98,0.5127623636537783
1898,-1.0358059518848384,0.5789725600022904,1.5225068512482927,55,61,74,0.41525562413535627
1904,-0.9631480884292216,0.5859642176396795,1.1413362958278808,15,61,43,1.3384880611115897
6991,-1.844484780497511,0.594397135972778,1.6134333209134175,124,124,124,0.039934652357253686
1905,-1.3896810827910322,0.5946087164183769,1.4835645337927994,1,1,2,0.35302786698374194
6992,-1.8642912166637773,0.5938525875603817,1.6086665856146016,28,34,51,0.07232125325254624
1965,-0.7379390154405243,0.5871455278432187,0.9033655140800411,59,63,71,0.1736789885301752
7065,-0.338381478626284,-1.742396229827063,0.4281382795671336,0,0,0,0.22445794482995474
1981,-2.0016850345047557,0.6142923681727774,1.0409031683241854,231,231,231,0.4815907701208388
2000,-0.9923798675427147,0.5866963213838889,0.8869772342319224,102,104,107,0.35319118295596663
2006,-0.7450192014430259,0.5873527966947778,0.9495174622861984,68,70,78,0.33643002894954094
7093,-3.076032187455557,0.7654627122348354,1.030957858003919,2,2,2,1.0042315573070422
2007,-0.7816643665595455,0.587998084098285,0.9094293649027214,123,123,124,0.19883156350317058
7094,-2.692614212738311,0.47018524234901005,1.1168076271459164,104,109,125,0.09767125785417013
2013,-1.8025593860841163,0.5936649877860243,1.5720182852405757,62,65,74,0.2949088178340152
7100,-3.5307404375548255,-1.7448729029808063,1.2340333314023222,231,231,231,1.6307789072827583
2016,-1.3496016533204473,0.593395269699962,1.4371227695760063,0,0,0,0.22012144606918174
2026,-1.8151830803636413,0.5916666926664469,1.6362579706816378,9,21,43,0.9863530827893306
7171,-3.005145791864584,-0.15065858811224547,0.9861755212500276,100,105,121,1.5372941744912112
7181,-2.036922998073131,0.6047684095745818,0.6736703994973683,5,5,5,0.8615535749278221
7182,-2.157346857303764,0.6472358953967938,0.6286568374584711,5,5,5,0.2099451431006221
2107,-3.749983796792138,0.7045420979275878,1.2780820555465964,231,231,231,2.07731396783388
7203,-1.3460633675633837,0.5991357130012855,1.432648852822274,54,76,61,0.3621118124178554
2116,-0.5220128822063874,0.5846494038516061,1.6344609604000488,82,84,91,0.1231573148968421
2126,-0.7743050979225528,0.5799392858686241,1.2596720467813518,99,102,106,0.30118140607440425
7215,-3.566141655786439,0.726620418351408,1.9345901892820856,2,2,2,1.0730260480124678
2128,-1.5398247773844917,0.5945302898943392,1.2489580703807925,16,19,20,0.3754942536876647
2138,-0.715743942838857,0.5867966880195341,0.9715937984876085,42,80,56,0.22010167190364222
7225,-0.5942992499632527,0.5864816855848187,1.118906537939238,124,124,124,0.20103904703063052
2146,-0.7080141189579239,0.5846594239308363,1.2746417711842155,81,83,88,0.3313907960114287
2156,-0.5705454624455184,0.5845262451711171,1.5220668196437661,58,65,77,0.11812769426072178
2157,-0.7432168497861906,0.5858480593096806,1.4326332774635506,111,113,115,0.5309125762562932
7244,-1.0312647936193522,0.7933499389200649,1.8560260041059347,107,107,107,0.3244933581408148
7251,0.3820524767165956,-1.0695312460028723,0.9490676899055585,87,81,78,0.6095436545205906
2164,-0.783861375009125,0.581587194969909,1.6130957312179768,68,73,86,0.6986933018899266
7252,0.03082280377350277,0.6949107094326263,0.301082576121799,143,143,143,1.417111464381894
2165,-0.9047481119179803,0.579606725144165,1.5980923154965507,51,57,76,1.0410141149502334
2166,-1.021318397925008,0.5836827639766529,1.5143435333632085,94,101,111,0.13139213696798238
7253,-0.4522687209990046,0.5820061005761754,1.6544922118797893,4,19,47,0.6089517360393452
2167,-0.7176902658585833,0.5855204523653752,1.3271372488538489,124,124,124,0.415572609190227
2168,-1.3009294483144944,0.5832506302374478,1.3636662943445823,0,0,0,0.14976323733631608
2169,-1.4067638686060628,0.5939405887651918,1.3186281971614635,9,11,13,0.48483800601204735
2170,-0.4949518709827263,0.5854977161026451,1.1599526425305569,19,73,45,0.24084562176215354
2171,-0.550453424288456,0.5832785516635848,1.110827968719848,124,124,124,0.6944196613659671
7258,0.1586979628667451,0.702557967128479,0.3519132162157801,0,0,0,1.236112320203851
7260,0.1991173427908084,0.6918123505431057,0.3070734928108374,143,143,143,0.2652178445920962
2173,-0.7782912943535254,0.5859048885242022,1.345020167842875,124,124,124,0.4506242079411218
2174,-0.9592743279080249,0.5841222798610557,1.3263333969534727,112,118,124,0.26951691609328415
7261,-3.169877268444267,0.7036723072837707,1.1180151302548857,231,231,231,0.558902538406195
7263,-0.4986326449726175,0.5729570912859789,1.1479927298889792,101,103,105,0.24563758704932362
2176,-0.7373956506893826,0.6001873914463185,0.9685684876906065,77,105,83,0.1308392986936632
7273,-1.0527194176156884,-1.198941475834211,0.4881171456838891,96,101,116,1.2461575078627034
2186,-0.5302890842634391,0.5847935374182587,1.6576648362109343,97,100,106,1.0748801245239492
7287,-0.4816369520438113,0.5844852618623837,1.6807212949429131,54,57,62,0.11782585785398136
2200,-1.0254128976567074,0.58524903697598,1.504787204434485,69,76,89,0.1598924584463646
2202,-0.5955790650714321,0.5845246202674328,1.670912563745947,7,8,10,0.18833074503322805
7289,-0.7741402544744944,0.5740530732681703,1.6146529365454474,59,65,81,0.1597638035716143
7294,-5.688215194993237,-0.36803387130847376,1.0509287077055114,0,0,0,1.8968424597836469
2207,-0.5488527456189898,0.5855163040119202,1.619566351817519,42,46,57,0.1432209349016693
2210,-0.975327504228082,0.5833268769589506,1.6129224988796942,89,92,99,0.14259226683535747
7297,-0.9633254175983339,0.5824488395075156,1.3532010872293287,90,105,95,0.12213862657310241
7298,-0.2719403735532009,0.7262156496181886,1.4564741982942386,0,0,0,0.747593567461351
2211,-0.9755342920939185,0.5840316867693791,1.6125819764131635,89,92,99,0.14036857339156253
6925,-1.8376234832724512,0.5946771608055059,1.6158890008731448,35,41,55,0.024757512810678083
1838,-0.7741178857671978,0.5867780880236126,0.9035509925471142,85,87,92,0.08897224892375039
2216,-0.5409417248564088,0.5845089738173768,1.5046047208601296,70,76,89,0.13409099248388973
7304,-0.4786696187756396,0.5827180203090374,1.1624752436979706,54,70,67,0.08077415109239704
2217,-0.7767478922956439,0.5886669636012218,1.5041008925738504,73,79,92,0.2011194716215173
7305,-1.0201295983409597,-0.828446704136324,0.6752538356576847,59,62,72,0.3238322399266718
2218,-0.7767478922956439,0.5886669636012218,1.5041008925738504,73,79,92,0.2011194716215173
7316,-0.7386741149922278,0.5821728444983008,1.3137048212781102,96,101,106,0.12701137643860444
2229,-0.9518222110901413,0.5838197379729619,1.1491515216664359,20,64,45,1.1159701914580689
2232,-0.7498632913498344,0.5890117699521784,0.910547788698815,122,122,122,0.1797551513729948
7321,-0.9802539028325437,-0.9149972947636122,1.0246149776239437,117,123,140,0.9405576450827353
2234,-0.5318985729752757,0.5845068078331761,1.5052628182441457,72,79,92,0.40499621405044745
7333,-0.7532506389787508,0.5866974720008729,1.1697410418533758,99,105,111,0.2270191999934082
2246,-0.9768429847218476,0.5858666387130027,1.097158326515777,123,123,123,0.21351069365008893
6961,-3.112920743081601,0.34456643326715264,1.2846836942397601,231,231,231,1.3007396707081786
1874,-0.9708194029118626,0.5845934741429659,0.9776538880602835,23,82,45,0.4523771471671271
2247,-0.9426048045370603,0.5831535044741643,1.0831462514570847,124,124,124,0.257510810375479
7338,-0.8990472421534008,0.6615790097250476,1.4995768733700552,0,0,0,1.2392269231387063
2251,-0.949411893856456,0.5828651609996403,1.6774896341694059,123,124,124,0.09977595468238394
6966,-1.8040652469278515,0.5982873731203682,1.240259257236664,2,3,3,0.31404680544710684
1879,-0.7741653260065626,0.5877702485653713,1.6200476408654598,12,31,62,0.2051887848157016
2252,-0.5564555099462067,0.5839914280804046,1.6462168282161316,84,89,95,0.11959021980730053
7340,0.5993212408697977,0.7093372706203525,1.4565607276746904,142,142,142,0.4923134906160888
2253,-0.9177524618509194,0.5840942689123443,1.5966821240448807,90,93,100,0.12209839721343918
7346,-0.5020528769167774,0.5819731979375815,1.6217032108611726,63,69,73,0.8327159540618672
2259,-1.4303486587747662,0.5970686594058776,1.3284904606237204,55,70,66,0.4058634654525899
2270,-0.8884088313029457,0.5834913209990966,1.6208170273642368,11,29,59,1.1085758238260917
7357,-0.26830760424190414,0.5288330411152109,0.07081967562971947,87,81,78,1.4256885656801248
6986,-5.959159467151046,0.16142109208375532,1.0429588800480256,0,0,0,0.415123277948512
2272,-0.8069906271086245,0.5851243826284258,1.6132774734930693,71,76,88,0.21150280904471933
2274,-0.9086924814817499,0.5846628653831047,1.6127296853117237,71,76,88,0.7966366579985719
7361,-2.1856897867282554,0.21057733713284488,0.5350756326433683,0,0,0,0.7191443075596472
2280,-0.7495807206013696,0.5835355143449037,1.513763883083975,94,101,111,0.36501904474628893
2281,-1.4024710877459876,0.594550822449772,1.3460014810326344,54,68,66,0.10282376227531254
7370,-2.3359471088719874,-0.021376738642850834,0.6689097942112061,106,111,128,0.8596756281811058
2283,-0.56029607566194,0.5857617294670086,1.1594972272254862,60,65,74,0.2848192593258425
7371,-0.30006198320943467,0.6541898876862926,0.9151966855965076,158,158,158,0.7442023541336602
7008,-2.2674752454863003,0.7902054268676828,0.8631402484953933,9,9,9,0.027713547994693194
1921,-1.4749369176039093,0.5919751913204438,1.313080733350196,28,32,33,0.5837938918388388
2294,-0.7171100547730132,0.5873994265497018,0.978591593520449,67,100,75,0.6170505952423777
7381,-1.0241731361451016,0.5814949398914251,1.52238378562989,75,80,92,0.2452998702134579
7382,-5.224226434088754,-0.14898258780438273,0.9629465152209206,89,88,88,1.305580806081693
2295,-0.717185632586621,0.5869194384904282,0.9786308407409328,67,100,75,0.5792703479617393
7386,-2.496484937662906,0.6545312732579547,0.6644862111326797,5,5,5,1.3291676310645946
7392,-0.8518455693508247,0.6113450457303216,1.2633463213729856,103,104,106,0.09745684210996393
2310,-0.443534932772528,0.5873581935172325,1.1042403408891186,124,124,124,1.3578932555096812
7397,-0.9756424576916873,-0.8630202028686874,0.8242185716391044,87,92,106,0.9105652250930074
2315,-1.2352689721199677,0.5746061778878777,0.561716420499792,6,19,43,1.7842540267498084
7402,0.19158287930279694,0.695949478628977,0.3316073661666985,0,0,0,0.12586122859807297
2316,-1.2352689721199677,0.5746061778878777,0.561716420499792,6,19,43,1.7842540267498084
7403,0.19158287930279694,0.695949478628977,0.3316073661666985,0,0,0,0.12586122859807297
2324,-0.4613458881817256,0.5841280874804695,1.606438070759193,57,63,74,0.16089950886755625
2332,-0.5115680795047253,0.586242955691602,1.2800542573204825,123,123,123,0.24412388226922918
2337,-0.4483290384384311,0.5861886826756018,1.0715573755614607,106,108,111,0.2174726257685483
7426,-0.5187877937632122,0.5840425988978588,1.0893934503723135,94,96,99,0.18520758439994273
2339,-0.5175055936359783,0.5871185980132683,1.089972987488198,66,69,77,0.12280192147029258
2342,-0.7504725092357285,0.587476572630073,1.0948754977953066,123,123,123,0.29124950200669975
7429,-0.9499609434388603,-0.8312870603094781,0.7682074580017086,59,62,72,0.08555834243611576
2343,-0.959554758554654,0.5873386892933672,1.1593432511828459,87,88,93,0.4491392540452893
7060,-3.2902385658253688,-0.21676629350179227,0.8290168276177191,117,123,141,0.5985190339066979
1973,-1.7425818758996559,0.5927902529789626,1.6025056691314878,114,115,116,0.19570752472106612
2346,-0.9944048976141664,0.5866377533936902,1.0958937771202981,123,123,123,0.3219907587995928
2475,-0.9060109472066222,0.5851176788691588,1.610934629774494,82,86,95,0.021169318635265947
7562,1.0264636197454189,0.7089331004478858,1.0149099037441522,0,0,0,1.0575967588023318
7580,0.11497096005576046,0.6845511412933813,0.35429256249119545,0,0,0,0.46037875606988254
2493,-0.9474426236127282,0.5849805015910181,1.3281016218177863,40,47,61,0.0861811406567395
2521,-0.7471654622827821,0.5872612182197108,0.9040616928479416,76,78,84,0.1526428637357763
7608,0.9740054981924063,0.721446454971796,0.9746148388068158,57,57,57,0.41405208286651807
7236,-1.553629767390757,-0.8235895495462313,0.49206130994260944,67,67,67,1.2811892721312983
2149,-1.7134274175852422,0.5953990397679716,1.1833712822114322,3,3,3,0.2249315450436303
2522,-0.9750266931955607,0.5867062340875746,0.9539526676566848,123,123,123,0.10525527718140845
2791,0.6754055120222585,0.7052552424172389,1.6515759861186385,140,140,140,0.21343621155713072
7878,0.8019009317145568,0.6546212725286664,1.7202317201404353,142,142,142,0.4746115516461311
2880,-0.7193483712370883,0.5863007645387361,1.62057940758646,13,31,62,0.16050105113588245
7967,-1.3828106814437788,0.6041556589673931,1.2754510067524583,9,18,35,0.31848082551309254
7932,1.3617438151372327,0.7311730504492369,0.9006307775732378,9,9,9,0.17875230084368607
2845,-0.008409297637422375,-0.11250520054705626,1.5243262917725144,124,124,124,0.10955282749344475
7933,1.388629679226218,0.738824571236413,0.8951250094317427,9,9,9,0.20830175224501665
7934,1.3984621371437072,0.7809222514121839,0.8646163545693316,9,9,9,0.001354315173402117
2847,-0.5439095649471426,0.5859625089373521,1.305762343551557,124,124,124,0.1249322686896114
7935,1.5997584429420018,0.7692780544526125,0.9025419700222718,27,83,39,0.18704922992743245
7937,1.6226726916962813,0.2201650987785586,0.7804466321272705,59,62,72,0.028407302285604154
2850,-0.9997421154593318,0.584553119202146,1.343866786263768,121,122,122,0.10030188445253267
7938,1.6226726916962813,0.2201650987785586,0.7804466321272705,59,62,72,0.028407302285604154
2851,-0.5169082750927263,0.5859702290092159,1.156938501672831,93,95,98,0.14998178119217198
7940,0.7172814688674152,0.7048352573913936,1.5765967496653537,0,0,0,0.4193322953114563
2853,-1.0121645929619119,0.5874398511363621,1.2560058363790756,102,104,107,0.09542292878480563
7944,1.6045906475021543,0.15269027461545082,0.8198766061184194,87,81,78,0.42805370619629457
2857,-1.0005560242603888,0.5890430478493269,0.946158450690864,72,76,81,0.11473013012970176
7945,-1.0147622811061923,0.5851626948272268,1.7131805751897113,4,18,41,0.25429549857856854
7948,-1.0628978124568653,-1.4227726728664958,0.4557839112877895,0,0,0,1.0061615964258221
2861,0.7345484446833228,0.7055130769184705,1.5627836507685118,0,0,0,0.6769168258015896
7950,0.17220695039503142,0.695713015193625,0.4021100130591069,0,0,0,0.19715376375288102
2863,0.8016660579568545,0.7166284929778386,1.5251357789466167,140,140,140,1.7792147205861648
7958,-2.5083150820836217,-0.18003391498314597,0.5558172345109711,113,119,137,0.6549411873956922
7963,-2.1512167458534077,0.5402105632723215,0.5245150412641257,0,0,0,1.1147412442298987
2876,-0.8944369674745665,0.5830052846274074,1.683783676371394,4,17,43,0.335965237758678
7965,0.5986631724407846,0.7074241801487156,1.741831571597817,140,140,140,0.8918741246913072
2878,-0.5500551996533058,0.5851080940081446,1.6397224220032418,10,21,31,0.10904118981884531
7966,-4.082403767015439,0.6710217100885254,1.2300091021918018,102,107,123,1.7005438587765938
2879,-0.7551649121523174,0.5824599127325518,1.6291959918741992,81,85,94,0.12086241939940719
7970,0.7294532025870267,0.7083667979159125,1.5934851389270885,142,142,142,0.00010570969587050618
2883,-0.850662607612692,0.5800824432227889,1.6217145751828297,12,30,60,0.17368751391258686
7971,-1.8515417141348633,0.5852616685021454,1.0153405757712428,6,19,42,0.7287515386813365
2884,-0.7988250881158945,0.5801805079531699,1.6133185164395334,78,82,92,0.19960187557649314
7979,1.1959507226194996,-0.9462181015753748,1.3033314483594638,0,0,0,0.019197331036077216
7981,-1.0425871998861997,-1.3653464851199621,0.49076816878034557,94,99,114,1.1962617619800044
2894,0.6834185528970043,0.7057101305783477,1.644622631750055,140,140,140,0.9227455716146032
7982,1.4237275632801756,0.3880713017899613,1.150427241893944,0,0,0,0.1358279897435967
2895,0.711234117982322,0.7060539813837943,1.638524110688122,0,0,0,0.8081846900658965
7985,-0.5617669486604093,0.5821322315096356,1.5228821328607638,75,81,92,0.15885938639464725
2898,-0.902903401028655,0.5853264941433931,1.6989545516620936,124,124,124,0.061909741122114385
7988,-1.0278351076416987,0.5943100010200879,1.6124731374803642,51,56,71,0.13567915308649253
2901,-0.44714304307479535,0.5849360273750319,1.7144456864241078,69,74,87,0.04420456347887915
7989,-2.5828384603568613,0.030336868989527255,0.7850032519699259,228,228,228,0.4592892831316802
2902,-0.7510447215292313,0.5802575863959569,1.3367112456862413,124,124,124,0.25785209216756366
7991,-0.6942979197532342,0.5795196081879923,1.0916636773157022,106,106,108,0.08792187911999372
2904,-0.43347131657038473,0.5940097521841639,1.7227151254302007,2,8,29,1.3051691913178993
7993,-0.37036536272220566,-1.7607183495938812,0.8623667535797844,8,8,8,0.210014520707053
2906,0.7618510802346745,0.7048350372399625,1.610903956317351,0,0,0,0.7737466784597414
7995,-8.834137483555113,-8.769841649932161,-7.301492316180701,9,9,9,0.1600474614476063
2908,-0.7596840175742106,0.576296077287509,0.9364656792136169,124,124,124,0.4994993980537186
7997,-8.226152185271202,-10.213063568447126,-8.908672368037577,8,8,8,0.3478672343399652
2910,0.7597758951041591,0.7789564936245055,0.9380666286597856,57,57,57,0.7022206807998914
7999,-2.8917896056630785,-5.4173893216560955,-3.6228505125936237,8,8,8,0.3128427048635753
2912,-0.6724102602226645,0.5847195598738195,1.5164450460021999,75,86,107,0.26250301921816976
8003,-0.9009848525047519,0.6029901455598417,1.8638604603573872,158,158,158,0.21887880921559064
2916,-1.2396648962289354,0.6235400644270814,0.4780341850163521,6,19,43,1.9564639619955226
8004,0.7711460140798158,0.6817445053117759,1.7412144191649133,0,0,0,0.05395183034206387
8006,-3.0406935817682315,-0.03948043660930922,1.31575231932211,231,231,231,0.9464210773332214
2919,-0.5708616465038094,0.5844008146771846,1.5221064988068087,56,63,75,0.15829594213359824
8008,-5.9684383343177,-0.5345810460913175,1.0171652615832905,0,0,0,0.6091923840092012
8009,0.6014091661298688,0.706915627822156,1.5254519783053002,142,142,142,0.9730008665140998
2922,-0.4514486347323481,0.5832058770522974,1.7167819376803461,64,70,83,0.14780113459759023
8013,-1.021780663994806,-1.2797332373067738,0.7087833910014352,59,62,72,0.4402886873794765
2926,-0.7455078974449987,0.5846111373873826,1.630281276235665,21,35,62,0.06842482903773203
8016,0.1819948299273899,0.6987679342264117,0.44604632904210706,0,0,0,1.1692059568199296
2929,-0.6853782643773485,0.583443943925775,1.6083315482314167,20,36,65,0.1727490282859005
8017,0.1932170457327409,0.7102572034799521,0.3925659637710739,155,155,155,2.022442617540061
8018,0.19153841828359086,0.7112608671352951,0.3872359563925145,155,155,155,1.7144264970865644
2931,-0.7662714059899502,0.5844684857299676,1.6160507281176664,88,91,99,0.049080505787705876
8020,1.2631658516061774,0.7609375732695935,0.878895724509153,9,9,9,0.13990256447354385
2933,-0.7074659951366535,0.5838126059025299,1.6078797991637153,18,35,65,0.13410924589960213
8021,1.3943941114912948,0.773991123696562,0.9140444024165898,123,123,123,0.17642697553571984
2934,-0.8889920942530387,0.5851183592232125,1.6265275406591817,75,79,89,0.1185228142367876
8026,-0.012816576822258119,-0.8477688701245563,1.4151595358142055,0,0,0,0.20133872386646964
8037,-0.9695954882374624,0.585909304446218,1.3201572619208024,106,111,116,0.26728115002806424
2950,-0.9312318101598942,0.5862278662515865,1.2801898261101268,122,122,122,0.060986829138162946
8040,-0.9704371598700892,-1.1748103764559341,0.6374799934751534,69,73,85,1.6917343913274212
8041,0.978805882837843,0.742902591521015,1.0742504507775967,0,0,0,0.15417231049852018
2954,-0.9504174476311267,0.5854410706085487,1.2792705458905727,73,75,81,0.02814467032580718
8043,0.05902822168511168,0.6959002808600723,0.3905047506335133,0,0,0,0.21965208227172192
2956,-0.5265741274912219,0.5862974297944452,1.0887085619094852,70,72,80,0.12411742777771935
8044,0.05902822168511168,0.6959002808600723,0.3905047506335133,0,0,0,0.21965208227172192
2957,-0.9514425292999515,0.5881600825423989,1.1637706515896804,110,111,112,0.14467732031365285
8047,-11.66696232129217,-15.812033625384684,-9.556696550274564,8,8,8,0.4762183847829614
2960,-0.9827743353197538,0.5870435649891335,1.154936915870152,108,114,120,0.059670801270335576
8048,-0.07759357133265876,-1.3489743246273016,1.1674817798192416,0,0,0,0.04100361898648605
8060,-1.9560578754930655,0.6163102735086599,1.3142968138521394,7,20,43,1.9519027510828404
2973,-0.7246661042954017,0.5878262093473694,0.8852639898813737,108,109,112,0.10516981598123501
8061,-2.018608627355037,-1.5531872135251368,1.2153294234497336,107,107,107,0.42906992218821544
2974,-0.7246871015523468,0.5878015529006426,0.8853238194406083,108,109,112,0.09950511104156565
8062,-2.694889146500796,0.3364933314330254,1.0781797020803445,66,70,81,0.5070585294183183
2975,-0.9549926248415059,0.5870301427198243,0.9684494431684183,106,116,108,0.08327799293035144
8063,0.7800081940666969,0.6998731438252448,1.521123994058052,0,0,0,0.5980166371484702
2976,-0.9651907798290424,0.5867910451652811,0.9686573998818917,108,117,109,0.04348346208682495
8064,0.7800081940666969,0.6998731438252448,1.521123994058052,0,0,0,0.5980166371484702
2977,-0.9654610525095819,0.5874023655308618,0.9682066174326798,108,117,109,0.049477656466674486
8070,-13.252743862665923,-15.764976594543032,-9.496120114847734,8,8,8,0.1589845711454306
2983,-0.9844603196047519,0.5874986837877698,0.8852387941746038,107,108,111,0.06419904137412291
8072,1.3837244310586467,0.6125320675257451,0.9869739686289541,0,0,0,0.07434249643833268
2985,-0.7252672299074776,0.5841749850075175,1.6320864460875892,15,31,61,0.13041228517641043
8073,-0.9319703238492782,0.589576513783608,1.6809304521361612,79,80,85,0.47393606292680956
2986,-0.7252672299074776,0.5841749850075175,1.6320864460875892,15,31,61,0.13041228517641043
8074,-1.0802822760612272,0.5789395308577512,1.557222183282601,109,111,112,1.5027990880710242
2987,-0.5209829215821238,0.5838975487110507,1.6120001997655657,48,52,61,0.050430183642781345
8077,1.4499921336674593,0.9849615430829302,0.7627494410493234,124,124,124,0.01694282471322698
2990,-0.814026775747434,0.584339407499979,1.5045590254520604,69,76,89,0.03986349563590547
8083,-1.6302457385990863,-1.6204393289899606,0.9181612973569383,231,231,231,2.103764755653652
8088,-0.9076446064781494,-1.3928885054670532,0.5186400709603805,231,231,231,1.0913928071686207
3001,-0.7600509831211277,0.5840713978549379,1.0912604394225311,78,80,85,0.11365138066867808
8096,-3.092779177933933,0.27860380260407736,1.0327863740870193,66,70,81,0.8095915444743192
8098,-1.0366758897166135,-1.30923771668949,0.6992345174146493,68,71,82,0.5669485792989266
3011,-0.7165384775894115,0.5854066930099935,1.3600214475297836,13,74,41,0.03743278435334711
8101,-2.6463433554529847,-0.2236862015957144,0.8385500061940326,73,74,81,1.7767652254599255
8103,0.988860472809812,0.7547989663941379,1.0791022184215404,0,0,0,0.8578288758411696
3016,-0.6711168268636487,0.5806643848060808,1.6210672994117488,12,31,62,1.494065451783815
8106,-2.3247662120543287,0.6221467940977565,1.029948882209392,231,231,231,1.3804623383857877
3019,1.7067561845549346,0.5752022792498714,0.870889958015562,108,114,131,1.5911826628239356
8110,-1.1094142453111102,-1.6413186152195078,0.5136622186722921,84,89,102,1.0930842986044587
3023,-0.44890221860184676,0.5847063653328934,1.7034446736219493,3,8,30,0.13054804682761736
8112,-0.887041269683952,0.5662153995038293,1.4963180217738459,89,95,106,1.4484361709299356
3025,-0.7346147603121,0.5718287603853607,1.6229099203779396,13,31,62,0.9259707411768823
8113,-0.15982245652035476,0.7095714532581427,0.8321993285309106,5,5,5,0.6934309347587462
3026,-0.7385848747149675,0.5857740252028671,1.6207225976923454,13,31,62,0.07191114057077333
8115,-1.04202649985793,-1.0604180093527602,0.7129116249271601,67,71,82,0.7642766496489846
8116,0.007713581637693645,0.7205678981900137,0.2660343025903087,143,143,143,0.23325543153109565
3029,0.740071271441984,0.7058669594005011,1.6425532076023155,140,140,140,1.1358080949492626
8117,-4.575473902169625,0.6545821389156625,1.1663526847981391,231,231,231,0.7887322262719141
3030,0.7400233241121705,0.7058616008996565,1.642661078756014,140,140,140,1.2007441345237744
8118,-2.1035759356824886,0.019145128007958867,0.8625121476349672,228,228,228,0.7025989804151097
3031,0.6053012367542877,0.7078924653865415,1.4622427096326813,141,141,141,0.11821662422390167
8119,-4.602757708680569,0.7191815106023849,1.275856317135681,0,0,0,1.1237558013267224
3032,-0.7402652179082176,0.5917160440685516,1.3315418518761797,124,124,124,0.35546623826140505
8120,-2.530229952589479,-0.003633293068126986,0.7426733260143534,228,228,228,0.6331239449883024
8122,-0.4526167668045711,-1.988858767233844,0.6941049438075699,8,8,8,0.00013348957655524287
3035,-0.45012236600921574,0.5842188839803781,1.515762798058125,60,70,90,0.11326180916194245
8124,-6.100034009147425,2.5877581531464404,2.018660980672393,57,57,57,0.8848392014638495
8129,1.0808311005387112,0.8054581835560528,1.8023230072073118,231,231,231,2.624316275015541
3042,-0.49250199073798595,0.5952814512424704,1.6608091208898679,1,2,4,0.785136362370284
8130,-0.5815697536400593,0.5776663353210694,1.675174111150084,44,46,52,0.10980758241255816
3043,0.06106556037306321,0.7691137504567631,0.8998825113142552,9,11,14,0.35997918135133883
8132,-2.3387145472939617,0.31022149529651766,0.5306570694205386,94,99,114,0.8373321536093069
8135,-0.9720742618642904,-1.2040400652431829,0.6972665130021365,70,74,86,0.17521986703390793
3048,1.9213423370241767,0.6576757265512856,0.851396117750435,5,5,5,0.46703039051666784
8138,0.17734644031466007,0.7059463473533223,0.32400989134124814,0,0,0,0.201224613146926
3051,1.548610387505422,0.5243188332817497,0.8539117391886689,111,117,134,1.0721374239990158
8139,1.3759926095216783,0.7579111141276043,0.8992341184013559,117,119,118,0.7431141817877625
3052,1.5950677440214922,0.5298888560130379,0.8352617495292174,111,117,134,1.7396623968696059
8141,-0.2686510864238507,-2.072029520967032,0.06478965123936242,0,0,0,0.15860164082487063
3054,-0.9656267065848381,0.5877802581518277,1.2797299655693737,121,121,122,0.2809844697740017
8142,1.6150572804792993,0.7610761909713042,0.9159801242076164,26,80,39,0.00839027776075228
8147,1.6125783461853282,0.23404094136659537,0.7739924521537183,104,110,126,0.6514598364998407
3060,2.0628905294921944,0.29427293458539217,1.237589785194396,101,107,122,0.29561896878142435
8154,-6.0575124126902224,-4.013780828141872,-0.8143236478319169,8,8,8,0.2516849744276102
3067,1.9797859455969804,0.47971138927456236,1.0065692235897523,130,130,130,0.11725043967668149
8158,1.2138745272598004,0.7441121292446566,0.891265635020498,9,9,9,0.5729345016279401
3071,1.9482243140162647,0.4750207752160176,0.9561462430884023,130,130,130,0.19494745971511285
8159,1.3208657805952584,0.7247457346346924,0.9053337183651414,9,9,9,0.0021294761196963916
3072,1.9669144807462435,0.39497515201218436,0.9508365457208464,130,130,130,0.25759805583257006
8167,-2.9315702763121094,0.5190885384290322,1.0738430624629918,106,111,127,1.5551505734291189
3080,2.0001395194953884,0.4640073893571468,0.9941519372666144,130,130,130,0.3064060747889769
8170,-0.9287553718555479,-1.2607768959976497,0.7652445676359125,59,62,72,1.023233729463755
8172,0.034966675263387925,0.7149025450897408,0.3249606190999157,0,0,0,0.4303648121589125
8173,1.2486919006128339,0.7615838801261603,0.8958429098910407,6,20,43,0.2489260503249368
8176,0.9207603656793689,1.7529463146922821,0.15783144024762819,9,9,9,0.18357259347277416
8177,1.4391363965574095,0.7686390842417747,0.8734655792408585,9,9,9,0.0578703487814093
8178,1.5161258090265115,0.767796037770929,0.8740660276423426,9,9,9,0.7198194988839383
8179,-0.1613605997246259,5.183035620371173,-2.3442398975302017,9,9,9,0.09399767476630624
8181,0.6733351019774193,3.1198037463667214,-0.8373872948097225,9,9,9,0.06341830550478653
8184,-1.3553961979135276,0.5892662237053852,1.316508147704263,45,47,49,0.4243609214809439
8185,-0.27661277177007637,0.7325683238845508,1.434680894187069,0,0,0,0.7175487315445921
8187,1.9959952310779747,0.0813261958119299,1.0398742440549298,0,0,0,0.14141786222596484
8188,-0.4669151519483199,0.5888539714475118,1.335197537973209,124,124,124,0.41916302345755707
8191,-1.09527535774312,-1.2554076002356571,0.49344004323059565,71,74,86,0.38922072608670294
8192,1.5783158290097112,0.766144829715403,0.893906867200691,7,21,43,0.08436958087167759
8195,-0.994358570993576,-1.4243232991759691,0.5213106775474801,88,93,107,0.030175453465601014
8204,-1.353572395813515,-1.2892673517492859,0.3381730628466262,107,107,107,1.5760797818199714
8206,1.278191772575478,0.7666032923722994,0.9029592877604378,124,124,124,0.9531870907922295
8209,0.6617384808130983,0.7641741951416372,0.8637533065705426,29,30,30,0.2021284190435417
8211,-0.27860715312130946,-1.68671724084339,0.0004703470909017682,87,81,77,0.86289275310669
8212,1.7179474132864723,0.7530284868414276,0.9125989849992494,124,124,124,0.24873068634613285
8213,1.7358141365835562,0.7711170084325625,0.9069988859488897,6,20,42,0.24656925436052535
8215,1.5968459182859633,0.21925496818588142,0.7853726788019242,5,5,5,0.056182541069307645
8217,-1.2923060487302496,-1.419664602203981,1.0073694083304123,0,0,0,1.7976184730648468
8219,0.07254358778427195,0.7146760494645246,0.3676662117353353,143,143,143,2.0743101521081497
8220,0.08905211816497793,0.7018146626632498,0.3800238085403391,143,143,143,1.9340693335549233
8221,0.17418832377124094,0.7000677542383922,0.33783439622664924,0,0,0,1.1197271406091271
8223,1.6142311996287835,0.7862685184845974,0.8608257277940151,9,9,9,0.09983429569780453
8224,-1.6683551735964626,-0.8912631450977214,0.19677490510495765,107,107,107,1.8537836246895367
8225,-1.8863402975860035,-1.566660295001172,0.9778806438334632,231,231,231,1.1051116283595617
8226,-3.2406366355566845,-0.9341144942045005,1.222227784631864,108,106,106,1.8035791188589987
8227,-0.7481852101550901,-1.6977109195031446,-0.0014610567670554353,86,80,77,0.9612734789879994
8228,-0.6325462970942834,-1.7876926183274795,0.49718108432551666,231,231,231,2.2590763086135532
8229,-2.304530241606488,0.7612236456771706,0.8840061118718329,0,0,0,0.35207459977182537
8231,-5.897528157493584,0.7514487133494347,1.7277457349339926,0,0,0,0.593086656325777
8235,-5.633395460762477,0.8194644675351079,1.751150393158215,0,0,0,0.6072461128169031
8236,-3.8400305028859774,0.6521791097213077,1.1556444452574421,0,0,0,1.829290070943074
8250,-1.7612203546368348,0.597177478385363,1.1241037132853182,4,4,5,0.19707470407142685
8251,-1.6936036135211299,0.594397022129725,1.1535946453745796,55,63,63,0.2467416177359543
8254,-1.0043057535693287,0.5893264453486717,1.2735740836493648,88,90,94,1.1145054117408264
8255,-1.0001443126894136,0.5885540731854464,0.9472687059202414,82,88,90,0.3659417402022189
8256,-1.8393611653597643,0.5857192528435768,1.582200570317414,80,80,83,2.682253516183149
8257,-1.7031133713122673,0.5911415691555151,1.1515899383194712,58,65,65,0.43100904391416994
8258,-1.7240090915147883,0.5890016571354939,1.1228239343474762,12,42,20,1.733175757857546
8260,1.0351387112166108,0.7542531218091622,0.036105685308145175,2,2,2,0.6259477690936163
8261,0.6546739955165589,0.7056010185490922,1.5891828298825552,140,140,140,0.5793668915134231
8262,0.9491127072561463,0.7755715870460167,0.9577784750640258,57,57,57,0.9071249321107765
8264,-1.8424778575773737,0.5958465888735163,1.4330765296380856,6,19,43,0.4750481102929356
8267,-1.7359997953869137,0.5943534715872962,1.1265984853350428,83,85,86,0.22712201047687886
8268,-1.7711832788955308,0.5957049556583922,1.1230336739544469,63,65,67,0.1288374210051715
8271,-1.7979560954618146,0.5948604908309676,1.226481609039633,5,5,6,0.25855925546807507
8272,-2.6059006052243734,-0.8795499675173883,1.219163754115752,26,26,26,1.222792150919155
8274,-4.638137514756087,-0.7964088020563264,0.9954675145175684,231,231,231,1.5446084574246417
8276,-1.8052239117519773,0.5958631179672451,1.1474362292139437,82,89,86,0.29718215958773586
8277,-1.7970441490268731,0.5953600707690665,1.1370979665241867,62,65,67,0.1037971803331057
8280,-1.4177711194433416,0.5947176992053405,1.3534651781314075,59,75,72,0.7329021943805293
8281,-1.787172279188983,0.5959687799287676,1.1401286900269767,7,8,9,0.26702774186123485
8282,-1.806758398704047,0.5950918002931982,1.2350638783075585,33,37,44,0.3063008234862104
8283,-6.076888080626071,-0.6530891197763302,1.0541013601211957,231,231,231,0.5563930177715128
8284,-1.0197574810691221,-0.8436204663850393,0.632206702015425,77,81,93,0.18547553234305478
8285,-2.5275768391602162,-0.004244533899359859,0.744814491698282,228,228,228,0.862113791139922
8286,-0.8794822383164789,0.5891823488912469,1.6207528727217981,11,29,59,1.4763367770122977
8289,1.0999470950784136,0.7685439873171034,-0.05942272236176227,115,115,115,0.6294466501126877
8293,-2.566568597234045,-0.05986952760517711,0.8195149357816268,228,228,228,0.3130187704736595
8295,-2.327361778571252,-1.0987346155822642,1.222957777930168,0,0,0,0.33880429319311367
8297,1.92480484602064,0.5079308413290387,0.8605423960802754,130,130,130,0.5297405551535275
8304,-1.1004653233568544,-0.8181462100307214,0.535675581449804,61,65,74,0.7237091910489417
8305,-0.9768047842035994,-1.5211261787110946,1.0232021905427016,70,74,85,0.6594955798017303
8308,-1.0771364644912,-1.3240033142908776,0.4716494949401402,94,99,114,1.2223800989519582
8312,-2.3643444950099766,-0.9323335990790289,1.2243157452748095,226,226,226,0.3889319653190455
8313,-2.263743558669175,-0.9799894744958617,1.2298645003554591,227,227,227,0.15832209421026514
8314,-2.330647021265907,-0.9611793859345374,1.2183326167794961,0,0,0,0.5732481661586578
8317,0.9413889779674944,0.7468688975279971,-0.03461627222371777,231,231,231,0.6722170419859834
8318,0.17301820960754988,0.7099699737424396,0.28055081766696555,142,142,142,0.44961609106816397
8319,0.16113027675983993,0.7095775910026938,0.46198030868882145,0,0,0,0.780217854711174
8325,-1.045385743357346,-1.3003342437150658,0.6215310020678821,94,98,113,1.2029115676376496
8326,-0.2969723656085368,0.6976071203655316,1.0706441586297895,0,0,0,1.3151282330508323
8327,-1.3804093692336559,-1.5932753610913704,0.9482806195771745,231,231,231,1.3215446892678244
8329,-1.0734459302719879,-0.8464597991495535,0.48177625499069876,92,97,112,0.4713787450697295
8330,-0.9711831243305276,-1.5705235690873578,0.9775010879891936,169,169,169,1.2974517142142754
8331,-2.5761889690588657,0.0795339699336246,0.8034361235923775,228,228,228,1.2000624009442473
8334,-0.7576868179031999,0.5856728280574262,1.362957803395406,124,124,124,0.6425624338768474
8337,-0.35592875191731066,-1.6869521274585904,0.1163007143685042,154,154,154,0.8107144894576056
8338,-1.4182933627128391,0.6028187161086223,1.291860847350304,63,66,67,1.399521466775586
8341,-0.9590877197610546,-1.6390168939744947,0.8038904952629293,74,78,90,1.9562774334725488
8343,-1.6751356041109693,0.5964260705354707,1.6282770443841645,95,96,99,0.40478875241905243
8346,0.8632432535451328,0.7663753757605096,0.8522215336386169,29,30,30,0.31844050243112665
8347,0.7285878468839025,0.7672570111798449,0.8629986780217825,9,11,14,0.2568170787353339
8348,-1.3289879715750947,0.591295866470454,1.4175010534767596,2,2,3,1.494992689688353
8349,-1.6059710851981275,0.59931408987557,1.1721874162506207,82,85,87,0.7266033527205297
8351,-1.0572204163211136,-1.2559541193811548,0.556312140569182,117,123,141,0.8132219109853565
8352,-1.4574003209163462,0.5934384281771319,1.324191401283895,28,33,34,0.28222260971918
8354,-0.9924526532647411,-1.6034206607824766,0.9635205263422584,231,231,231,0.7943106994205654
8355,-1.0784105121891359,-1.2984679205432141,0.47786378321269485,92,97,112,0.37869710052177447
8356,-0.4959708544359398,0.588731250725639,1.0689277039409473,99,101,105,0.9527172487345807
8357,-0.8586856079625331,-1.6704276408508236,0.8100281431829159,231,231,231,1.7974652615455453
8359,-1.0280671638648124,-1.646772714262209,0.5955740394195985,81,86,99,1.1702892452866438
8362,-0.6076644054174962,0.5878265994001086,1.67394619875989,42,44,51,0.06297843584051922
8366,-0.9556624325177583,-1.4772383917971164,1.0723688182812663,8,8,8,0.010925548057137243
8368,0.8191987274435236,-1.6010977930221086,1.283702724368813,50,66,63,0.07156203781939424
8369,0.9036779858007544,-1.596535909017801,1.2154274508157707,115,116,116,0.02944593834452764
8371,-4.023309450868354,-5.584096476066231,-3.806964674305282,8,8,8,0.23811684530873034
8372,-9.840218785856706,-10.719150890613475,-9.460922606406154,0,0,0,0.3822225906523746
8373,1.6330506380178174,0.7699506183800249,0.9177113676251306,116,117,118,0.1911210040845702
8374,1.702906372772859,0.7805703661284584,0.9154941352504429,10,14,14,0.13473445367328507
8375,1.7186849748477608,0.7677091645182172,0.9128319690056392,31,83,41,0.04907788657631345
8376,-4.931757792011496,-9.078128025333335,-7.7201430863668605,231,231,231,0.069452027102537
8377,-4.719357862012751,0.6316429640172136,1.2328217932774357,0,0,0,1.6715408698714462
8378,-4.04501422145484,0.8449551783529685,1.1343731676440851,2,2,2,1.667123416522422
8382,0.8150305315366978,-1.6097208957593927,1.4602666381276699,3,4,8,0.15674375390397344
8383,0.8241165948826124,-1.6006297003912089,1.4543069835385152,69,71,77,0.18724264562866416
8384,0.8581497858704616,-1.6024306834994122,1.4610384979455513,4,6,9,0.05723436462691335
8385,0.8019230081610424,-1.6054658994883255,1.4085597916243708,56,66,84,0.10511444694198877
8386,0.9125211164826603,-1.6017511244113565,1.3305071247727163,117,117,117,0.07975539471042879
8387,0.825154153538128,-1.606471009799744,1.2842377461557413,117,117,117,0.14878444860317258
8388,0.812769102749354,-1.6064243250003107,1.2675756707266914,58,76,67,0.1415536090007661
8389,0.8284419048825662,-1.6034126972635916,1.2653470440533217,117,117,117,0.08633751101317894
8391,0.8386797495841936,-1.6054732916782415,1.2685256055863465,50,72,64,0.044342125497356916
8392,1.2578651870269606,0.7887454458728513,0.85858865947646,9,9,9,0.8024998187894395
8393,1.5916992104938936,0.7627542186823397,0.8769623805995019,9,9,9,0.03802373758762298
8394,-2.6876094210304164,-4.979993617484864,-3.1419077427740727,8,8,8,0.24681609818083183
8397,1.745012940598209,0.7800079728301741,0.9100532583003464,124,124,124,0.20283310927956655
8398,-3.102970764383175,-6.798412792893675,-5.148345728078445,8,8,8,0.4174533453574748
8399,-4.853959680151357,-9.242070704328789,-7.83581164408184,8,8,8,0.11567954958060425
8400,-4.853959680151357,-9.242070704328789,-7.83581164408184,8,8,8,0.11567954958060425
8401,0.6004205225286215,0.7074833311888986,1.6716864225625374,142,142,142,0.587174150748883
8403,-2.7772014536590937,0.3513059299914387,1.1059987715994632,105,110,126,1.0279752968405418
8404,0.7356011680149949,0.704441188350539,1.5643094278970384,0,0,0,0.22864988873960698
8405,-2.5790514174269794,0.011150261432428143,0.8442738384892531,0,0,0,0.5264563971994364
8407,-0.7765724484513767,0.5977235842901059,0.9634539833378447,85,101,89,0.45743337423232244
8408,0.8668694545466005,-1.6064600045847446,1.4084714227683968,105,106,109,0.12314126267910368
8409,0.8823746724868737,-1.605126007946856,1.408884305516004,62,72,91,0.14694958485288218
8410,0.9625328136608604,-1.6053020926736963,1.4087072700769872,53,63,81,0.15288545692995895
8412,0.827071968367809,-1.6060631933884972,1.3413406068829128,45,78,57,0.17115832605035894
8413,0.9833696821875393,-1.608693456336984,1.2623181382815112,117,117,117,0.14651384259672226
8414,0.9006629544305126,-1.6055183014173895,1.216302157840004,66,94,72,0.04363479523486121
8415,0.9002823034950147,-1.6058199631706573,1.2161152489268523,66,94,72,0.04595963370686059
8416,0.9070007484446431,-1.603302612127717,1.1988112514699147,117,117,117,0.0971038386798917
8417,0.9902220613983108,-1.5995574852605663,1.2025442580759464,117,117,117,0.16600302464890368
8418,0.7458152187372453,0.7692067295906226,0.8427352439070723,29,30,30,0.2953343649825221
8419,0.06197809994220327,0.8216255034157542,0.12462184423792455,0,0,0,1.1767346577530822
8420,1.3970616862765364,0.7720681582413707,0.9142797745703503,123,123,123,0.2256697094418046
8421,1.398248496054708,0.7702223133291219,0.9154889729617983,123,123,123,0.3493913347093221
8422,1.3840993960944472,0.8101523401123307,0.8432001587159836,9,9,9,0.002515211240112447
8423,1.4865165416626176,0.7472759915922658,0.8891384234669254,9,9,9,1.127866247704296
8424,1.2730661654525857,0.8938762487020036,0.7823551625109386,0,0,0,0.03482710100428682
8425,0.966001710188639,0.7277044483128827,-0.004449530028779014,43,41,41,0.0753066501603259
8427,-1.4419992634364416,0.5806592238151147,1.409900679605986,1,1,3,0.22177955148100517
8429,0.7462435250508099,-1.6312616482532976,1.4964817274737983,101,101,101,0.33998707625876534
8431,0.8558597597497296,-1.6027963280229018,1.2762596095778227,117,117,117,0.01569760240268463
8432,0.9685709395857752,-1.6141226789512448,1.2219387935809398,117,117,117,0.019315566485972456
8434,1.591120617380975,-1.0598617631469454,1.3825221664602765,8,8,8,0.02356662747185785
8435,1.0574531513551415,-1.649330639892235,1.0179584671528747,157,157,157,0.26484125840017286
8437,1.2344107924201762,1.7602142436963986,0.15259837753729988,9,9,9,0.08992699829201882
8440,-2.0001212504103205,0.6264427053612898,1.8366811039550346,106,106,106,0.06426318047018413
8444,0.8088414654343252,-1.6141231292483211,1.4443599765836,65,69,75,0.18568008012554818
8446,0.9430881572898303,-1.5936556616096729,1.4114700975409997,86,92,103,0.19271790416940773
8447,0.9818856640098896,-1.6054750020122992,1.212961073503168,60,94,67,0.10758759624215755
8448,0.9818856640098896,-1.6054750020122992,1.212961073503168,60,94,67,0.10758759624215755
8453,0.8643154969860221,-1.607925354794496,1.4195682163215873,105,106,109,0.16041807597064564
8456,0.9101649983835254,-1.603562346034719,1.2819184513943076,104,110,116,0.45718151825803705
8457,-0.9669157443964709,0.5844127256199665,1.1599765407556233,0,0,0,0.4741275264493567
8458,0.9896533420917367,-1.603824047071113,1.2821339575047337,81,85,86,0.3047204695908241
8462,-9.409694596697072,-14.574985687832783,-13.71459607409779,8,8,8,0.262069241398247
8463,-2.7776979218408777,0.2270320704043578,0.9535879161488922,84,89,102,1.093931759876709
8466,1.0106410497938387,-1.604556565996656,1.2207822463460072,117,117,117,0.2679223682858413
8469,1.6036920432423478,0.22063658056019508,0.7830451949965258,5,5,5,0.4964235593425528
8471,0.7336336202566925,-1.6554406934172317,1.5123457135773213,231,231,231,1.3422393161160895
8472,0.7800586286900457,-1.6131052523619678,1.400633045117635,102,104,108,0.6964550745098902
8474,0.267779466581183,0.739761096673768,0.9767034832282228,57,57,57,1.2657486199198744
8475,1.6297054468804069,0.2309582398925274,0.8165246960626015,111,117,134,1.6113774488518582
8476,-0.6376236946867402,0.5881997616689121,1.6673351350382415,12,17,31,0.3717206592605716
8477,-2.9183642262028235,0.1543913486948978,1.4271146206398047,231,231,231,2.032907312439246
8478,-2.7513556765220986,0.30118805566772855,1.0808123048210012,104,109,125,1.4278982609066213
8479,1.6180242156420526,0.7684147437666633,0.8929727800966475,88,88,88,0.6803677562275615
8481,1.401777817918015,0.7588253275976184,0.8805818530308712,9,9,9,1.1247097048368802
8482,0.8145958469337448,0.7668530451847289,0.8445450317829329,29,30,30,0.7473478013081998
8483,1.2190581977116899,0.7678582435605694,0.8931684528029414,7,21,43,0.6650009349265629
8484,-4.356217077512449,0.6604485594783187,1.2171174744881648,103,108,124,1.8444273700413554
8485,-1.4386782146690589,0.6006220656852235,1.234188257620342,6,17,36,0.19791065932696936
8486,1.5789759700539978,0.7715528682070978,0.9108305831784438,74,74,74,0.2792861894124089
8487,-1.0247943317893453,-0.8456919572956609,0.6300623800574625,97,102,117,0.653001968283386
8490,-0.18855301799446234,-2.762310288329692,-0.6979675726712435,8,8,8,0.21713827735667296
8492,0.6009491612733648,0.7071456489095516,1.5383319351932672,142,142,142,0.7092394670613696
8493,-0.7587717823169977,0.5886632688542544,1.3478622726807006,102,105,108,0.09709713845351357
8494,-0.7587717823169977,0.5886632688542544,1.3478622726807006,102,105,108,0.09709713845351357
8495,-2.565899240449958,-0.030154222174633594,0.8167861751866141,0,0,0,0.22627785597752825
8497,0.5896343420275927,-1.8346269683089562,1.3287858989706407,103,105,109,1.7518386413496316
8498,0.12209225789600442,0.7011873003040059,0.40978465438679157,0,0,0,0.1645115809998019
8500,0.18355850792469175,0.716519709326852,0.35011747790885406,149,149,149,0.9172317005306864
8504,1.5094751839920229,0.761014112746538,0.891883333772581,12,24,45,0.43934438554105687
8507,-17.170631577323352,-17.85219902910628,-16.88997807187913,8,8,8,0.8488955577333517
8508,-1.682435027269487,-1.4641030119600473,0.7349711442647147,0,0,0,0.11046516750439928
8509,-26.892380934690763,-26.385783571157305,-26.25410979072186,8,8,8,0.6400387340303549
8510,-26.892380934690763,-26.385783571157305,-26.25410979072186,8,8,8,0.6400387340303549
8511,-13.45250442503766,-14.989722745767097,-14.168937985223844,8,8,8,2.0598455785811938
8515,-0.9297676655075064,0.6919419170149768,1.866570736169542,57,57,57,0.03952515691924403
8520,-6.261115346041802,-0.46380241258129207,1.0937326661738875,0,0,0,1.7610580365887778
8530,1.2239477455497996,0.7674727507809103,0.9169817308136092,122,122,123,0.5007753174348233
8531,1.585747695402822,0.7711066819644625,0.9148891613483197,121,123,121,0.3251804030950987
8532,1.5185554466469864,-1.650391091592528,0.5315956418053278,8,8,8,0.24990579125435347
8533,1.5185554466469864,-1.650391091592528,0.5315956418053278,8,8,8,0.24990579125435347
8534,-2.683720001647169,0.3318312793601963,1.0819038865173747,64,68,79,0.344108198789422
8537,0.9561881884383113,-1.6098340511106306,1.4678945188803425,82,83,87,0.2080574621091384
8538,0.9882278340559338,-1.60573594120087,1.4689104867665383,73,74,80,0.07896025748625893
8541,1.0120868106650516,-1.5956205913669401,1.4481550905517921,47,52,67,0.33465480433336275
8542,1.021613350436715,-1.6003654325650762,1.4345810953758693,7,24,52,0.3673845393952095
8544,0.17611210442505776,0.6667999994998313,0.46300651081067934,0,0,0,0.7306065487267895
8546,1.249858820510467,0.764792913605908,0.914944172762561,27,83,39,0.2267340498837374
8547,1.5260954224598433,0.7717624882313507,0.871385496608371,9,9,9,0.38140061318926605
8548,0.634433690961091,1.8768244882389635,0.06827667617258593,9,9,9,0.2518169193628207
8549,1.579636235614656,0.7650547941231043,0.8949384928208441,8,22,43,0.19728136644325409
8558,-0.31195300314272045,0.6144283749820216,1.8412001875695974,158,158,158,0.8901075481374147
8560,-1.2534887539746125,0.5969139311039364,1.4992527343988429,6,19,42,1.14519352827511
8562,0.7403918311983182,0.7052332603555582,1.634389821984185,142,142,142,0.5324148445817187
8566,1.0146600003079227,-1.6037688837226527,1.4794235398517104,3,13,37,0.3199879093787703
8567,1.0191978731827085,-1.600559737671484,1.4800928287044366,3,13,37,0.15879951708832474
8569,1.0207131124561248,-1.608911429280157,1.4214142520500284,105,106,109,0.5414290147291009
8572,1.0098620590718026,-1.6062820137891716,1.2877238168660807,117,117,117,0.11347468681420023
8573,1.0098620590718026,-1.6062820137891716,1.2877238168660807,117,117,117,0.11347468681420023
8574,0.5706315174573118,0.7723792743100304,0.8602983331321865,9,11,14,0.20428714823754324
8575,1.0194969343813398,0.7534278233750151,1.0409809817608746,57,57,57,0.17102523356537783
8576,1.0548968189451309,-1.5983939545378636,1.0240754037943467,101,101,101,0.6037207118967037
8581,1.5210132802565557,-1.6392835749213226,0.528461064747126,231,231,231,0.3398560645929781
8582,1.5267014973434925,-1.6314097335947046,0.5367367654824675,231,231,231,0.12091105842224921
8584,-5.421225217542133,-6.0636958373678596,-7.94067238617601,112,117,135,0.33907277974062444
8585,-8.524024615381633,-12.861412854074544,-13.595974451936003,59,62,72,0.9514479098650899
8586,-0.9580593378601101,-1.165382483470701,0.9693280821610797,0,0,0,0.2686659376216512
8588,1.5127115674780705,1.545893651089942,-0.06100703109191041,79,84,96,2.0263908712961882
8598,-1.0420986478016006,0.5803782955119554,1.192543783341557,118,119,119,1.2819124196114966
8602,2.082988545220776,0.02791513228198017,1.4210145724225907,124,124,124,0.23998127878053838
8603,-5.649705380288017,-6.917098498741078,-7.765987523632337,87,81,78,0.2826540852630388
8606,0.7853388350837713,0.7115452691406592,1.7342376514236828,142,142,142,0.0022413696729463107
8620,-0.9609181510206781,-0.915147719738595,0.9707479972379006,0,0,0,0.14713892959241348
8622,-1.7907212558065777,0.3531539640811464,0.7889868046800448,98,103,118,1.3480464178343912
8625,-1.4548046009203168,-1.6454402823178487,0.5352285119628326,4,4,4,1.3152993686317203
8640,1.0160843237541648,-1.5991311692100432,1.4709855034214603,8,69,36,0.15873138430019568
8641,-1.37651026252885,-0.850039323401403,0.5806894202862392,107,107,107,1.1261689129721328
8642,-1.37651026252885,-0.850039323401403,0.5806894202862392,107,107,107,1.1261689129721328
8643,0.8337249723814334,-1.609091850915128,1.2666298204652882,72,83,81,0.019307266514848816
8645,-1.006444633650895,-1.630832816116297,0.6425860344583303,94,99,114,0.4414565394756226
8646,-1.1896853786020212,-1.3034164814199074,0.5700292505590976,59,62,72,1.1928562384691503
8648,-23.4006659505548,-24.966506433206867,-25.164110736688553,8,8,8,0.10757539176834495
8649,-23.4006659505548,-24.966506433206867,-25.164110736688553,8,8,8,0.10757539176834495
8650,-21.76898577181684,-24.338361205288017,-24.47495572016587,8,8,8,0.18119457861042704
8651,-22.06373553865025,-24.63522487144337,-24.801804819352807,8,8,8,0.19423558441751057
8652,1.1662373011637088,-1.804351176303953,0.3618763028284826,8,8,8,0.13403408966410674
8657,1.5152520659818143,-1.6684854479171483,0.5118908845041503,8,8,8,0.16922981296246078
8658,-6.008109742153543,-0.4118602226603799,1.1170497970070052,0,0,0,0.12086620009065288
8659,-4.5734977805030415,0.6216063218726575,1.1533366981365125,0,0,0,1.9808065549830813
8660,-3.7652053139776442,0.7608282935351156,1.2395082309091507,231,231,231,1.8457118179180239
8661,-3.741744897383096,0.7806029045627612,1.2099842352877477,2,2,2,1.5801061018880147
8665,0.00013936314108087267,0.7876372522978496,0.9045513667066079,10,21,13,0.2528735891326825
8666,0.944649957299914,-1.3635449482597992,1.157399529799831,8,8,8,0.01294899094033062
8672,-3.2646397188568064,-6.110282985458696,-2.3127759322123738,231,231,231,0.010409943468524991
8673,-3.2646397188568064,-6.110282985458696,-2.3127759322123738,231,231,231,0.010409943468524991
8675,-6.182537559553545,-9.678442350986172,-8.317553964375834,8,8,8,0.12645358125923317
8676,2.1067282191864796,0.12642529063756935,1.2404600144663473,59,62,72,0.0250752699830913
8677,1.5313878356966335,-1.6211350062744,0.5632391912641856,8,8,8,0.0006871948630582515
8678,-1.4152773903830833,-1.5784846517106823,0.6082313820786456,0,0,0,0.04183314220752132
8679,-5.638814817086146,0.7489313852212602,1.9926362196926686,165,165,165,0.7223113780354911
8683,-2.516282240629366,-0.10234626040508504,1.147190408688589,105,110,126,0.6272656351858981
8684,-2.8348482022217465,0.09149453273486008,1.1020285487498591,103,108,124,0.55172999395308
8685,-2.8348482022217607,0.09149453273486174,1.102028548749857,103,108,124,0.5517299939530992
8686,-2.1179042395969994,-1.6137387957256648,0.951744889720641,231,231,231,0.488851739071626
8687,-2.3651265896655085,0.6277598794900516,0.6371065624614924,108,114,131,0.3171300117438097
8688,-28.257571070959287,-25.39635482193627,-16.675602488026747,8,8,8,0.41987604288977876
8689,-2.8469909029435114,-5.654180174977265,-2.132130378342141,8,8,8,1.4400898425317306
8690,-2.8469909029435114,-5.654180174977265,-2.132130378342141,8,8,8,1.4400898425317306
8691,1.4465056005325725,0.7704358610722142,0.8722724959823119,9,9,9,0.001184769678735026
8692,1.4325827625312118,0.9503505458433799,0.7415336131778656,9,9,9,0.07088391601329769
8693,1.6092408256276136,0.7538309644176042,0.9020829345920136,7,22,43,0.013616917662272007
8694,1.7630338345478633,0.7597463032271643,0.87998708474402,9,9,9,0.04491737143589136
8695,1.5848014718981545,-0.8054535715822501,0.48252517321000443,59,62,72,0.8484404880834243
8696,-35.3691098887838,-57.12142676338141,-68.9505243103393,59,62,72,0.6287065310472277
8697,-3.451056126736376,0.7095914477330407,1.9421020426640212,2,2,2,0.9124237586587849
8698,0.7840240035555053,0.6955793442810023,1.6767679655244025,0,0,0,0.6745846316655063
8702,0.9729249262685034,-1.6067260776665748,1.4439610869412667,50,56,71,0.019881567055506234
8703,-2.349500716019703,-0.025150518385907095,0.5060845650943269,0,0,0,1.4686785100427524
8704,0.9636602138277642,-1.6082486490860648,1.2221503965828235,117,117,117,0.06778058253380775
8705,0.7584497817339773,-1.6230481188661465,1.0080246542046118,101,101,101,0.7459574204714486
8708,2.0678628406065966,0.08728937867551367,1.3157172195032585,119,125,144,0.3852508386489789
8709,-14.315446738545738,-16.730867318220287,-16.072953008320574,8,8,8,0.21995603884362286
8710,1.1917182176775694,-1.740823333642947,0.43292146664895137,8,8,8,0.8849870999041147
8712,2.1086923862416276,-0.15594222746321462,1.240717757871477,115,121,139,0.9386030385553621
8714,2.0322836821538655,-1.1338650237684162,1.0409332162234843,119,125,143,0.1886348991562657
8715,1.808981060577088,-0.7877210099658305,0.5649522330989192,59,62,72,0.9216307900118388
8716,-34.91782124574869,-33.32163328060752,-68.6325297943934,115,121,139,1.0876454032828935
8717,1.852047297598546,-0.7930541810033176,0.5375723850467691,59,62,72,1.1591549596886148
8719,1.0639193642268443,-1.6461222268185336,1.5034839903771626,158,158,158,0.3688867127482329
8720,1.0639193642268443,-1.6461222268185336,1.5034839903771626,158,158,158,0.3688867127482329
8721,0.9010454846323906,-1.610717163579873,1.3395258615943457,113,113,114,0.09093598967647776
8722,0.9010454846323906,-1.610717163579873,1.3395258615943457,113,113,114,0.09093598967647776
8724,2.069087889521975,0.24942378775180296,1.2138903082723087,93,98,113,0.2944563904100531
8725,1.9916570422407753,-1.2912044858019676,0.9696187396500343,231,231,231,0.9529208603134618
8726,2.029481148252017,0.17076754640932146,0.8092852947317777,231,231,231,0.208037376474766
8727,-4.036620078437821,0.30755266598621356,1.115556151344964,231,231,231,1.3759523400393896
8730,2.097212604708427,0.09378131373927157,1.2731647839569948,59,62,72,0.6728856516074545
8731,1.5313591757995024,-1.2626929575822707,0.5050107420977155,87,81,78,0.016537914134126325
8732,1.9808950911678929,-0.21116931184432935,0.8082858182544808,121,127,145,0.25282121571939115
8733,2.03148992107583,-1.1529780462562995,0.9694940260638872,115,121,139,0.5199977593903522
8734,-1.6021522448433059,-1.4400223218451296,0.9789772080252321,107,107,107,1.7424254275620379
8735,1.0479104220184332,-1.655771204090786,1.4988223483650742,158,158,158,0.6660849308694561
8736,-1.0099498499972097,-1.2424323534870414,0.719267900583586,107,107,107,1.5500552773102636
8737,1.7380170403524764,0.7669497656719824,0.9091471892656645,6,20,42,0.3035509920176982
8738,2.1054384285368353,-0.19769803245851586,1.2016222441488975,104,109,126,0.6504866566020809
8740,-6.083078761235715,-0.831045832444108,1.236729017643393,231,231,231,1.6500928027676722
8742,2.0654353905371288,0.2521225893660185,1.2674051566260944,124,124,124,0.03544534036288702
8743,2.0633334582862606,0.2464464990455486,1.2402350781422975,231,231,231,0.42494280734590123
8746,1.5324941721183991,-1.3035855847762594,0.5006087642562498,112,117,135,0.16600328517949967
8747,2.031022899255641,-1.1481607674199639,0.9993418155623635,59,62,72,0.14083114015726217
8748,-0.10777234441400374,0.7966874749362476,0.9628704522245044,0,0,0,0.5197365336020207
8750,2.0441899954087495,-0.1966279824065975,1.1131232340525183,117,123,141,0.4302680930344065
8751,2.105373816831497,0.10083457021330589,1.2739739094018518,59,62,72,0.3736508708041826
8753,1.9667796401681736,-1.3207826875942468,0.950848051315108,231,231,231,2.5577510832935046
8755,1.536229700260559,0.254731632941548,0.7481687700040778,0,0,0,0.6670624852220773
8758,1.995213305524608,-1.3285126989591391,0.9777608803483113,80,84,97,2.020128330096439
8759,0.8811404443894102,-1.6369747754243011,1.534459725191049,231,231,231,0.3846156772423216
8760,2.072513362604807,0.20802159679720955,1.228703512288388,5,5,5,2.064135997591547
8761,2.0646921190460397,-0.20085713634528918,1.086315549500144,62,65,76,0.17301091619317824
8762,0.7754965017598727,0.7059149733842487,1.677218172780646,0,0,0,0.8927011934694524
8763,-0.8409445647666653,-1.1118100618336675,1.0614140494368727,87,92,105,1.1228669320357367
8765,-0.01356581918375066,0.7212170515046881,0.28253290952748267,142,142,142,0.48790222926036925
8766,0.6762248951927236,0.7057387398836386,1.5760241894649418,0,0,0,0.38431407335681816
8767,0.7786562606887066,0.7037445501641859,1.6788339762469733,0,0,0,0.3254422726101291
8768,-3.181763708982993,-0.04800181721522906,1.2877313835555935,0,0,0,1.8801228435373303
8770,-12.390975205454492,-16.085221351752686,-15.401512321104462,8,8,8,0.8079792789496267
8771,0.8858463845055118,1.2121964788650883,0.552878989047439,9,9,9,0.04230553058027489
8783,1.2035053164784046,-1.711194611734978,0.46562631591574877,9,9,9,0.02509410457791575
8785,2.029278922077381,-1.1339760318240044,1.0075389565131574,59,62,72,0.05941246273284805
8786,2.039215219093941,0.23375156384248197,0.9137765999101016,95,100,115,0.22886609457359264
8788,-3.8993549229634126,0.8133104859539599,1.2154464151350295,2,2,2,2.0907371883298564
8789,0.602240252364952,0.7062554202840374,1.5960096158656771,142,142,142,0.6246879032678218
8790,-2.640109912572212,-0.18009560145959802,0.9349013948301717,111,117,134,0.7851314894574044
8792,-2.05929692652267,-0.9087815238505691,0.02263233388601016,107,107,107,1.3362581331232815
8793,-2.0857023539807704,-0.9292157340605539,0.020970506844328662,107,107,107,0.9752727617399565
8799,2.0335160991561896,0.6089186256695391,0.8900364876311494,65,68,79,1.274046226379864
8800,2.0390545916108196,-0.22352634181434022,0.8772922939387489,61,65,75,0.34094848194220956
8801,1.988203112935579,-0.845805760423751,0.7254611214434377,77,81,94,0.14898009572468268
8803,-1.1169811048721212,0.5855715572489408,1.6447100243974193,109,110,112,0.6037377452581173
8804,-3.5472439003674086,0.7679037304258791,1.401811919357632,2,2,2,1.3782382554859174
8805,-3.491100973333379,0.7583422544530698,1.4153040220200737,2,2,2,1.6992847336877333
8806,-3.694900455682332,0.7846401152202693,1.308421827382987,2,2,2,1.592420983792005
8807,-1.2524632305961387,0.5977270074062073,1.4693050958377363,6,19,42,1.203577775337766
8808,-1.2736750779086266,0.6031542483488814,1.4192772822377395,6,19,42,1.88646555059633
8809,-3.0637669748817014,0.8504408076880658,1.0390344380078982,231,231,231,2.7163769265973094
8810,0.8393860403674986,-1.6043298031529818,1.4591037105646039,80,83,88,0.16569420226972326
8811,0.9724175229776715,-1.609048797646801,1.4786224768025118,11,20,43,0.03816972061855483
8813,0.8463419792685396,-1.6041947159752266,1.407847808276782,82,88,98,0.14641800633105834
8814,1.1532410425747657,0.7649596009154678,0.8941871444244589,6,20,42,0.09456737276586652
8815,2.1113139783144774,0.11604308565147992,1.2443352063799797,115,120,138,0.26630143662602884
8816,1.5913207078307097,-0.8093731033774735,0.4654548416315907,59,62,72,1.2686906008694263
8818,2.0453222458104734,0.16440339953526817,0.9098637279648061,79,83,96,0.14893389579503202
8819,2.013058471045646,0.24331387367053325,0.8135740341351114,64,68,78,0.9499547498936382
8820,1.7724494939851867,0.6834791944111724,0.23166433646442952,168,168,168,0.12867201750733226
8821,-7.979643372381851,-12.663984014302608,-11.612789176814772,0,0,0,0.2844366877336929
8824,-0.26139975820042327,0.5625704297403848,0.5680321759216032,106,106,106,1.707112674137345
8829,2.026362797331517,-1.1654371246237063,0.9711217321671091,59,62,72,0.9095569972946005
8831,2.0374702665048345,0.594262084336151,0.8941123060097235,67,71,82,0.9069113859342762
8832,1.9639614530400604,-0.8438552888562915,0.6390517273512484,97,102,117,0.1279094962322831
8838,-2.3324042046827302,0.6487308000554888,0.12485571452416289,0,0,0,1.1625450596066462
8839,1.9865006954182247,-0.198703220786018,0.7656080275173429,96,101,116,1.1443094209497
8840,1.9953156335255686,0.26354187061363843,0.7691956691225239,95,100,115,0.6751690463706806
8845,2.1035603214666927,0.24831032555503274,1.1998695534586752,104,110,126,1.2491625895821519
8846,2.0184557416434714,0.20401399998779723,0.8546638082071069,121,127,145,0.549035207028332
8848,2.031640134225432,0.18005602235922347,0.8172701787048099,5,5,5,1.8093354390104026
8850,0.47239031539640375,0.8263776506099327,1.7538059261543386,57,57,57,0.3921173836127197
8851,1.0483159392896881,-1.6549209533859033,1.4983473353738206,158,158,158,0.5666136632972719
8852,0.632815007017954,0.790404383414888,0.9287412551976784,57,57,57,0.4316488477023241
8853,-1.3329605249798493,-1.895006201720349,-0.20807290391447486,231,231,231,1.0384583526532603
8855,-26.15974359905364,-47.486101347078915,-32.97000081088525,8,8,8,0.8072875418658669
8858,1.9785859668521901,-1.274972229453145,0.8558114968494156,114,120,137,1.1959526659739157
8859,2.0267325681262487,0.20401185027810853,0.8413294263047734,96,101,116,0.516606146592603
8862,-0.3632824153619789,0.6634423303401806,1.7933115807774582,158,158,158,1.088997243753304
8863,0.951708154779901,-1.5533090548542072,0.9628040545961045,231,231,231,0.39021498820568395
8864,1.8467447225214215,-0.825301525178249,0.6228424165032043,117,123,141,0.8034900541592053
8865,0.19654591866285687,0.7086692993161694,0.34885395558421184,158,158,158,1.890832004297426
8867,-4.699517956154059,-3.3832492311916886,-0.3395756619264483,8,8,8,1.5499009540891635
8868,-4.699517956154059,-3.3832492311916886,-0.3395756619264483,8,8,8,1.5499009540891635
8872,2.076258473623023,0.21547449642329752,1.1668997117161393,111,116,133,2.1065881962417516
8874,-3.9156879335584907,0.4321193971913304,1.2709270408163074,99,104,120,1.1917103915214806
8875,0.612403524499196,0.7007426340375573,1.5966874955814685,142,142,142,0.11871010434626081
8883,-0.32624692665175203,-1.7376339527256763,0.4312539015143806,0,0,0,0.3137725276306188
8884,-1.4777203377910944,-1.656211834510658,0.5229926599079242,0,0,0,0.18138163305715796
8885,1.1581051565763465,-1.7750933333644594,1.8475590024766337,8,8,8,1.4191539596894192
8886,0.7461901389423337,0.7022742670601521,1.5769662894750385,142,142,142,0.535645526056676
8889,1.2266015725000714,0.7646958594188471,0.9186789758492296,121,122,122,0.265588261257804
8893,1.3799682053227595,0.7489392254804275,0.8879878192079947,9,9,9,0.14284525598931272
8899,2.1366545633230913,-1.5110643437459848,0.6866460184641876,8,8,8,0.4314678703026802
8900,2.268068457989648,0.14515304966855136,0.8517662681402325,231,231,231,0.2362970701339987
8901,-3.254421784809882,0.26208197185699567,0.9652533382916691,73,77,88,0.7302840707614865
1832,-0.7574029684751866,0.5847876474092608,1.0722601087543029,104,106,109,0.3535381488509903
8903,0.0017471086163602934,0.7161090088264501,0.530996215365571,142,142,142,0.030998878163706466
1833,-0.7746169916564618,0.5859345558048576,0.9748497882292525,111,117,123,0.21301894054912623
6920,-1.516983370704558,0.5992404507642197,1.2977006258553994,10,11,12,1.3798520489564867
8904,-11.418260225483902,-13.59646039573848,-7.900678054903674,8,8,8,1.4637740359818103
8905,-0.9900605344492837,-1.1872164510983663,0.9430579694515704,0,0,0,0.7167208810694824
8906,2.0224066865733534,-1.6125329027817397,0.9533611036116452,114,120,138,0.19313404849084856
8907,2.062214677754744,0.6163529319830792,0.9759738680080962,231,231,231,0.12239188315383556
8909,1.1483445717461642,-0.9998950774990613,-0.35638760023485494,59,62,72,0.014116300552319435
1840,-0.9569568962342476,0.5892606145214754,0.9102320235251131,123,123,123,0.15425654410172465
8911,2.262302607619628,0.13456366392787422,0.8460362900440689,87,81,78,0.3845444535846293
1842,-0.8097566425982565,0.5844191861487844,1.6255620148187444,77,80,90,0.17183669796906223
8913,-0.8609500605850622,0.6470458414929197,1.8707311958634003,158,158,158,0.4605908440597335
8915,-1.2275993265819385,0.6189350898348409,1.4760472725846432,109,110,112,1.9748935312072646
8916,-1.2713070134618896,0.599679994485758,1.3095328232925927,6,18,41,1.4284894188047044
8917,-2.9897142088837714,0.6601288882900687,0.9673915435618817,93,98,113,0.8372543200082647
1851,-1.4167981649588812,0.594260100704604,1.3373930110364185,54,67,64,0.3347212300374486
6938,-1.707409018043705,0.5952384204197205,1.1560528874065166,29,34,35,0.0876954016148376
8922,1.0576295494656245,-1.6479002247809487,1.0207150760362458,158,158,158,0.43893355895045777
8923,-8.517252198940453,-7.035796630090916,-3.051460849228191,8,8,8,0.2088937786154946
1853,-0.5169323063128906,0.5860095533047223,1.1569050708689241,90,91,95,0.13471570177145617
8924,2.074885832554842,0.2877057035187992,1.3029391909060886,115,121,139,0.5306201688240877
8925,2.0697589884851393,0.2418933045309316,1.230196955604838,5,5,5,0.29484761179444074
8930,2.0286671549563526,-0.8489925453429286,0.9225092409495242,98,103,118,0.6108966013051069
1861,-1.0269955569862477,0.5828608653153695,1.6775960200390443,12,90,38,0.095514024094839
8932,1.9055908877508947,-0.8295707520628641,0.5362570094560863,119,125,144,0.5325452174164504
1862,-1.0171759501934523,0.5863677806133787,1.6771651287560325,12,90,38,0.23520364023229715
8933,1.9349009041726566,-1.3975181819732505,0.49165834106847384,231,231,231,0.7171725081181651
1863,-0.48424025798300674,0.5843589354566139,1.6347042429552359,90,93,99,0.4682533305407907
8934,2.2769655415609544,-1.1620220936231798,0.8706519554760922,231,231,231,0.37790844582035477
1864,-0.7114794285379391,0.5857182247843962,1.6356673286797518,11,29,59,0.7847068345373814
8935,0.7995011888303493,-1.6086907136185282,1.4356488110642323,23,34,55,0.33363327524835457
8938,1.9929947349231472,-1.7081295712515039,0.8864025097132495,231,231,231,1.4444793029214518
1868,-0.9701111801456794,0.5877179478108749,1.595981206515348,81,85,93,0.10972280103967735
8939,2.0375033391858244,0.6168807180278808,0.9157558657498817,88,93,107,0.7385155683462639
1869,-0.5253873806825224,0.5850889908948118,1.5227587357010302,67,73,85,0.18380332371784824
6956,-5.408263536847564,-0.7627192112497334,0.945462705945883,181,181,181,0.5587291212312411
8940,1.9721338465132243,-0.8174741596831667,0.6490848445177149,59,62,72,1.5822390087333993
1871,-1.0351769149002017,0.5851967829597664,1.5226899424188318,44,51,66,0.16804018559259262
6958,-1.820285755285993,0.5947803262459381,1.6017561440855563,122,122,122,0.026364559098845504
8942,1.731330638155187,0.7119485709525495,0.23614231156665433,214,214,214,0.2718661029812475
1873,-1.781654425360784,0.5954746098762023,1.179933969578892,23,27,28,0.22592756054251417
6960,-3.8841168757969524,-1.7051130319290293,1.1367146647640287,231,231,231,1.4063717579648218
8944,0.7531146342646122,0.7077398348372463,1.5562150115398492,0,0,0,0.460909510033317
8947,2.0924918219006576,0.1278636596611502,1.246011558959521,59,62,72,0.06785890765721603
8949,1.9799444820144352,-1.7454766993073596,0.8769077609984838,8,8,8,0.19043889530192487
8950,2.097638950130648,-0.18935647978183445,1.11866295603468,90,95,109,0.5491233890283186
8951,2.0301746176155127,-1.2965912006868248,0.9256660152157952,99,104,119,0.4563466235896254
1882,-1.0221621415200088,0.5940952190218682,1.6043217557810276,7,25,55,0.5153248373922732
8953,2.0139883296882473,-0.8634477481802763,0.8333312613536907,87,92,106,0.4078916383128777
8954,-1.3830648898994085,0.6553884662526483,1.7433009616336244,106,106,106,0.8784858354691771
8955,-0.9313468895085966,-1.6953497092028218,0.8264184224076511,231,231,231,1.7186958415108273
8957,2.093481640450114,-0.1272010195317459,1.2714575850309737,0,0,0,0.1556334972151339
8958,2.056779361737912,0.6341963632635261,0.9530340240591078,231,231,231,0.3454790203544612
8961,-0.6664732551494037,0.6644625071615478,1.8913624539729326,57,57,57,0.7952598485531852
8962,-1.5888147812948832,0.6209246734386118,1.1025173598961509,6,19,42,0.9139156081391376
8963,1.9915889984694395,-0.9703602759112517,1.0730024400600962,87,81,77,0.9521403895970112
1893,-0.5171105213943732,0.5807659434871568,1.2993336539006783,124,124,124,0.2543414270887669
8964,1.6867495489797033,-0.20216522387960495,0.8193742709350466,112,118,135,1.5284076820321242
8965,1.6867495489797033,-0.20216522387960495,0.8193742709350466,112,118,135,1.5284076820321242
8966,2.0177556107723285,-1.6043252520768883,0.9921009274630146,59,62,72,0.7022181031297151
8968,0.11676402466709801,0.7527493383248447,1.004542426538717,57,57,57,1.180448167405994
8970,1.024935862127291,0.7484159549806646,1.0423058682076216,57,57,57,1.3481685830283106
8971,0.665258140934816,0.7078346265398081,1.600267716048687,0,0,0,2.5051675460010427
8972,-1.0794870786836985,-1.5433342196821789,0.37952808454040965,179,179,179,1.8648361277202552
1902,-0.9912610109813209,0.5842948079736279,1.3436317600707248,110,116,122,0.5328652556805225
8973,1.2181889595357211,0.7525441674987376,0.9185029811822463,124,124,124,0.7842615903493665
1903,-0.5031959823609715,0.5852083593066613,1.3505466844322194,124,124,124,0.16336797663848318
8974,0.9849355171691296,0.7471278478153949,1.0227733242808155,0,0,0,1.1078915573121177
1907,-1.8375393015379649,0.5955323410000704,1.606947427054282,46,50,62,0.06702259326644289
8978,-5.955791965582003,-0.7613759499314477,1.015351392687215,200,200,200,0.8141342598260078
8980,-3.826821868047483,-1.7685474840133217,1.136256394967993,2,2,2,0.7958120962856435
8982,1.3711868364590871,0.7395373239708023,0.894878840282304,9,9,9,0.032107753546998345
8983,1.3788955197300343,0.7486387411743507,0.8895879992362563,10,10,10,0.12722572408737054
8985,1.9363052139537362,-1.3945682110956206,0.4944938832744099,231,231,231,0.18009693177591649
8986,2.297557754093818,0.2100020413979008,0.8409123182993455,59,62,72,0.03977604608193298
1916,-1.754748905473782,0.5959247703584694,1.293364730189311,38,42,51,0.2818527299203629
7003,-3.142821722297217,-0.14352476092650068,0.8211890128244824,94,99,114,1.1289291543983488
8987,2.297557754093818,0.2100020413979008,0.8409123182993455,59,62,72,0.03977604608193298
8989,0.7450576241839107,0.7027319253582751,1.577807838858112,142,142,142,0.3751677295134981
1919,-1.4041426513092876,0.5944382888726711,1.3697386117426562,9,12,13,0.1240736462894043
8990,0.9432523835051275,-1.6162770907047617,1.4657614448659142,73,74,80,0.1661008159753077
8991,-0.9901138507646707,-1.6094669060845002,1.0086557608478692,101,106,122,0.786970307147154
8992,-1.9591516433713871,0.6084491239085197,0.41795193080714355,105,105,105,0.01163221327762785
1922,-1.5351221739803451,0.5948698185406387,1.2945575390025,15,19,19,0.2247112392337623
8993,-2.2285112798782554,-1.959781264378736,0.7144128741415505,0,0,0,0.2532279104127078
8994,2.088391349411047,0.5564022018474282,1.3059231046944482,110,116,133,1.1036348292153657
8995,-16.501981468223494,-13.019121806203708,-13.15214111191724,119,125,143,0.5768057682623384
1925,-2.6990988852055797,0.7924418571911283,0.861902971723933,9,9,9,0.558316105993314
8996,2.0582512299225955,0.6245466936854374,0.9788615648921742,9,9,9,0.19229376729893458
1926,-1.6536676640951216,0.595025827132347,1.2329034749119714,30,38,37,0.10398438959181125
8997,1.9999377308310256,-0.17920148232046523,0.7687376795983054,95,100,115,0.29782279660566874
1927,-1.3909021772541759,0.5953520359856419,1.303706204736042,73,76,78,0.1394227432888079
8998,2.0116228477293214,-0.18490068453945702,0.7795554498283661,95,100,115,1.2150221064607436
8999,-5.08667313226236,-6.407069543756066,-6.923006794428684,59,62,72,0.8366259272805013
9003,-1.2253157385264872,-0.8219930611415207,0.5125403962395902,115,121,138,0.5542986168053051
1933,-1.0050643999097266,0.5857866629888882,1.2568441435020246,95,97,102,0.08578104957048871
9004,0.7236946983193603,0.7668206617283151,0.8628058304934849,9,11,14,0.05758137683266179
9006,-4.374130227954833,-3.6950352712494845,-0.5659285249355155,0,0,0,0.1078163721626432
1936,-0.9909836508511334,0.5859766562307251,1.1697530668438523,21,57,48,0.0990763508386734
7023,-1.831242931020968,0.5935294550791894,1.6184957487517857,122,122,123,0.11536313907776
9007,2.100369272763171,0.5661960193681601,1.2385674872729462,111,117,134,0.42535413713847514
9009,1.9972887802299222,-1.5016246261748267,1.0486409837754418,231,231,231,0.19988643264469147
9011,-11.49992630545208,-17.72948083168449,-10.647022130719296,8,8,8,0.3519001373302578
1944,-0.9709923176868793,0.653734946619352,1.0272908912199816,104,106,109,1.0615244833313542
7031,-2.6426053918837185,0.6236687838239863,1.0408398480213472,231,231,231,0.5270049340489038
9015,1.9520239231391159,-1.235387645633177,0.6120644205883659,118,124,142,0.2643207927675681
9016,-1.0475902870163263,-0.8290448797541552,0.5803795422508142,0,0,0,0.07888579313221741
9017,-1.9792967349113617,0.6149025628067637,1.8380291380371778,105,105,105,0.5984119259028503
1949,-0.7713465625381115,0.586746322262945,1.0914592353412793,73,75,81,0.16348634481248342
7036,-2.5705876464463855,0.1846488374116012,0.702827142886387,109,114,131,0.6753465871979831
9020,-0.929213107115078,-1.5618283862651,1.0223841257857917,112,118,135,0.6907224572775851
9023,-2.000707713574843,-1.5381706424139636,0.047083060152165235,107,107,107,0.5833599626084396
9024,-0.41823273352188917,0.6178310298730629,0.5940617457163502,106,106,106,0.6709297206816159
9025,2.102068812981707,0.11066543522372163,1.2829219697856944,59,62,72,0.45785259057396227
9026,2.0953949370916676,0.1611394202868318,1.0966808021280823,70,74,86,0.042702467098229224
1956,-0.9603641704265908,0.5871601426970994,0.8855250425508476,101,104,108,0.18292810103638124
9027,2.004780659764963,-1.3704330345119802,0.9799777412170875,231,231,231,0.08355477743672396
1957,-0.9603641704265908,0.5871601426970994,0.8855250425508476,101,104,108,0.18292810103638124
9028,2.005427020210765,-1.3699198838728794,0.9802833869163202,231,231,231,1.089185824582278
9031,1.80965560407497,-0.23836771264157003,0.7699191450542795,61,64,75,1.3452627549303509
9032,1.9819863422918464,0.7631082865839229,0.8967975112508584,10,10,10,0.1092400331938043
9034,-0.344579472082692,-1.7965356238190073,0.834906253115957,0,0,0,0.04676646174214964
1964,-0.7379390154405243,0.5871455278432187,0.9033655140800411,59,63,71,0.1736789885301752
9035,2.03544114102105,-0.22105181195472895,0.8826068375613886,61,65,75,0.11594281065165629
9039,2.073965516333195,0.2769618816557369,1.2843529297991987,105,110,127,0.4444541662315699
9040,2.0027044410023027,-1.5854170389458728,0.9797857016011281,231,231,231,0.12859171615848994
9041,-0.9502718790570865,-1.1322262542028665,0.9990257653699367,0,0,0,0.33559716877407014
1971,-1.8555755508694172,0.5933679880342275,1.623533322378379,119,120,120,0.22201562554467946
9042,1.9912756269449319,-1.0752937782180783,0.9738449414990898,231,231,231,1.1975663225782351
9044,-0.9568864621899569,-1.296968815320454,0.916119692094793,0,0,0,0.348464816101597
1974,-1.791172899155057,0.5945318848942838,1.5610514656120196,6,19,43,0.26834595020943625
9045,-1.9302636595039355,0.6119917263306278,1.0469782119549178,6,19,42,0.6617879855508191
9046,2.102916916424956,0.5555346029558099,1.2837981410377357,59,62,72,0.872482620774315
9047,2.097634244445361,0.5614018131101235,1.281653388512328,59,62,72,0.6463209942778192
1977,-1.3359287318947453,0.594214217297397,1.443397841004644,7,27,12,0.40208989483511004
9048,2.10373184045248,0.5665518835765906,1.2497233137278494,59,62,72,0.6735113944078581
9049,1.9787381943549323,-1.746775585290332,0.8758610233368025,8,8,8,0.1936463463321088
9050,1.9670366828401877,-1.0043999898029008,1.039612109685724,87,81,77,0.8024584480949208
1980,-2.5029582067633305,0.7778159138054337,0.874489886510779,11,11,11,0.8577549548512662
9051,2.090283216014179,0.7445060638952636,0.9254368436621361,124,124,124,0.17704471670057567
9053,1.8996237788875434,-0.8158126899051368,0.5592412767563553,117,123,141,0.7840599076889901
9056,2.0820873531460107,0.093317889392869,1.2652361205591054,5,5,5,0.28017121799904393
9057,2.082458570535013,0.09317736769154439,1.2655884397232025,5,5,5,0.24745793458359353
1987,-0.9362174892515434,0.5858875301590238,1.2574779099720501,102,104,108,0.038458399046506955
9058,2.0684174672209266,0.569232089045042,1.2296047588295957,111,117,134,1.0501404242471857
9059,2.013574223001118,-1.6695482504050256,0.962132244420611,231,231,231,1.600274800855814
9060,2.1001823752810083,0.7540921585088123,0.895702772456505,21,63,41,0.087496812080676
9062,-1.686876865831961,0.6313227806187234,1.9100807569495422,231,231,231,1.6346480673532349
9063,-1.0059391984726211,-1.1161641220105984,0.7354692696816314,68,72,83,0.9718175594994959
9064,2.0874431195552305,0.33205442306303223,1.2685033194811952,57,57,57,0.1625197823988003
9065,2.0874431195552305,0.33205442306303223,1.2685033194811952,57,57,57,0.1625197823988003
9069,2.063441285746018,0.21620381025159285,1.2079705654584205,5,5,5,0.7597213311016185
9073,-1.8080545167520228,0.6153830699392553,0.8973430971566214,6,19,42,1.0418753246724142
9074,-1.8080545167520228,0.6153830699392553,0.8973430971566214,6,19,42,1.0418753246724142
9076,-2.55538784647169,-0.0009776223940896056,0.7934336201163408,0,0,0,0.24759196550603668
2010,-0.7145451186875711,0.5875920693472507,0.9038047832379084,71,74,80,0.11524981414997627
9081,-1.5293327175572018,0.5964078880271337,1.2519501044321268,46,54,54,0.5762774619602332
9083,-1.8984637262528534,0.6038837706493283,0.47677932059247374,6,19,42,1.4062862990398888
9088,-0.108951690874447,0.7696732946951317,0.8405974364961106,27,28,28,0.22899463354028543
9089,-0.9922298135851135,0.5865464073533104,0.8871734050425929,76,77,79,0.34967706858409847
2019,-1.6446832054481164,0.5946079216307729,1.1980341874101579,16,18,19,0.264380327838414
9090,-2.5722875489211687,0.6597638452869123,0.6011182433621782,104,109,125,1.08216326614778
2020,-1.6113185401890027,0.5960165996748981,1.1637551790414467,85,87,89,0.5404510010786342
9091,0.1504946349410219,0.7129261892749936,0.3444682457259951,0,0,0,0.4224260532061691
9093,-1.777844163279795,0.5830857805697962,1.1285236708794637,0,1,3,1.4932408475861687
2031,-3.244995963448409,0.4149222646470174,1.2470740197768868,0,0,0,0.8225320600857919
9102,-2.20443067958764,-1.0861548687945084,1.2324396324621731,0,0,0,0.7351849516829474
9103,-1.7992138603313519,0.5971730920732146,1.1657561796612563,10,15,13,1.2345347493364236
9104,-1.841610772051009,0.5953291416135005,1.4836902597637618,6,19,43,0.13317608431067504
9105,-1.841610772051009,0.5953291416135005,1.4836902597637618,7,20,43,0.13317608431067504
9106,-1.6052523998623238,0.5979685336486387,1.1922166401592307,5,5,6,0.6845970724127545
9107,-1.984396362886398,0.5889029403890929,0.20034543949691686,231,231,231,0.4236489809307283
9108,-1.8391687686337885,0.5936185182738036,1.509090047412042,68,71,77,0.1895695692947265
9109,-1.9810222451927317,0.6136859657368263,-0.002417455401737545,107,107,107,0.9207371235786327
9110,-2.147456072729943,-1.1107216487474272,1.2257809179472745,202,202,202,0.647374079896764
9113,-0.12063709769294628,0.7629468835871334,0.891755607497057,29,29,30,1.0234293613975058
9115,-1.971703549585592,0.6282717135993974,0.007842043318056158,65,65,65,1.5640455588044477
9116,-6.0504851435496025,-0.35027336881826826,1.1173922619949277,0,0,0,0.5159998624106944
9117,0.040206514603926546,0.7078571652261685,0.3547895474428304,0,0,0,0.5200970249574421
9118,-1.9794576020329244,0.580632598599014,0.21267189853673973,137,137,137,1.564912696404879
9120,-1.3895095432532005,0.6041282371382215,1.4990023257884137,8,20,43,0.7515459879779421
9121,-1.7060693437499013,0.5967952849382783,1.1316412525476753,13,15,16,0.331406584199702
9122,-1.589579129273822,0.5984525677097936,1.2163360388865132,52,60,60,0.9464053280373627
9123,0.740994151521767,0.7583369185402211,0.8513259625826505,29,30,30,0.9055918252481501
9124,-2.435469465656928,0.7798082887312083,0.9124203203009777,6,20,42,0.6266337091058903
9126,-4.33972499218101,-0.8297399556551822,0.045116986466542164,70,68,68,1.3250083042648317
9128,-1.6165121370644275,0.5882552400914329,1.612687601476162,114,114,115,0.8902810416665498
9131,0.12489764471567866,0.769932121176748,0.9058993587090526,9,11,14,0.5860061059030062
9132,0.9650095754624188,0.7449416269887252,1.0506399916189677,0,0,0,2.425101172005111
9133,-1.7313885531251243,0.5925079155730206,1.5597276598358185,6,19,43,0.36703639622881784
2065,-1.7193127259679688,0.5938789769704236,1.5893942982816192,6,19,43,0.4347680587864623
9136,-1.779719820148872,0.5967209120536134,1.2744903013865896,31,36,46,0.9479122379520528
2066,-2.720832462423466,0.5177778747345678,1.1349533068452844,231,231,231,0.3817783657561182
9137,-0.9693062524129701,-1.6074628898192,0.9896783697175614,59,62,72,1.2601938213416566
9145,-2.5538840283712436,0.18607955893698602,0.6326965570424263,0,0,0,0.3221988002715508
9146,0.8961931119391097,-1.6092728977375774,1.210715216610439,93,100,97,0.20677047937367182
9147,0.8968131052329483,-1.6090213405349247,1.211122699082744,93,100,97,0.17763642793845702
9148,1.060801553760942,-1.6513316329863297,1.0163784843572587,158,158,158,0.04077413879943805
9149,1.060801553760942,-1.6513316329863297,1.0163784843572587,158,158,158,0.04077413879943805
9151,-0.08984684028208889,-1.6413470592637458,0.35050930914581047,231,231,231,0.9105983478456675
2081,-3.136413521923022,0.3896917045809414,1.3311118792864525,104,110,126,2.0593691250725272
7168,-2.3870349614568127,-0.9338353226587125,1.2193500903817278,219,219,219,0.3387485874945784
9152,-0.08984684028208889,-1.6413470592637458,0.35050930914581047,231,231,231,0.9105983478456675
2082,-3.6166165975212983,0.6320286028514621,1.1632726741925148,231,231,231,0.7795978811116239
7169,-2.1457795482749935,-1.11219235055344,1.2283956799471132,220,220,220,0.40209823656203286
9153,2.0812345040050206,0.24346532985685143,1.2560570823178394,10,10,10,0.3000759620933071
2083,-3.601672785705739,0.2465101458574387,1.161771235674193,231,231,231,1.4655337863679865
7170,-1.4126768245469683,0.5969106997023215,1.3469706719088765,42,52,51,0.23456990559674212
9154,1.8898885292482843,-0.8046867510280826,0.4970909937052903,61,64,74,0.6315141806155109
9155,-1.1009541624299377,-0.8782541743010892,0.44293512631264487,0,0,0,0.906937110560172
9164,1.974865369233161,-1.5355971303388452,1.0321103761872414,8,8,8,0.2189902451605685
9166,2.076470794409686,0.7676419701124095,0.8751550070973156,9,9,9,0.034650987811114434
9171,2.099342998090016,0.12072370973881408,1.2387123270186242,113,118,136,0.18735783786553387
9176,2.0775647775100827,0.7403492989007026,0.8954170183827435,10,10,10,0.11990443249519442
9177,2.119399088051988,0.7726438418437358,0.8723157247136178,9,9,9,0.09012937204943693
9179,-2.276943313803499,0.6419448231045113,1.3428283064828122,231,231,231,0.7305774398583574
2111,-0.9688258258139748,0.5863992393681348,1.3512422912530624,12,90,38,0.22991521910914964
9182,-1.1776230512549506,0.6084545206429317,1.2360948952725472,110,111,114,0.7006293154810924
9183,-2.903247203310857,0.18375849907115394,0.8943363631047012,111,116,133,0.5218369718961745
9185,-1.4072674532683633,-1.5719187829733539,0.25338474128513555,231,231,231,0.36881683334831816
9186,2.085753042119571,0.1009108432281538,1.2761925800595342,5,5,5,0.5015126756290015
9187,0.23893196371172398,-1.3462208567324774,0.5909203750111758,0,0,0,1.3204121499357502
9188,2.068900095624151,0.11548635057444512,1.2487102119286009,5,5,5,0.25770217150584385
2118,-0.7411785377231683,0.583091585282673,1.6075234122740762,17,34,65,0.3649547119270378
9189,2.099196022752976,0.30678731842501994,1.264690725218201,57,57,57,1.0011696115736841
2119,-0.9887581359598276,0.5833687723098442,1.607946466137393,12,29,57,0.1552435053491291
7206,-1.9714895812877073,0.604186811462655,0.9332002387689466,106,106,106,0.18571949094791906
9190,2.025613813122841,-1.1546058884794221,0.9961961001808965,59,62,72,0.6240871333093776
2121,-0.5235864609643177,0.5858459373430871,1.2974440010328236,124,124,124,0.22761639883030044
9192,1.9911134574655631,0.2844387321227685,0.8786356887149412,99,104,120,1.622262592326683
9193,2.0486943766369548,0.16306435802312935,0.909719211749391,81,86,99,0.1558552312560093
2123,-0.7340749949038043,0.5866533728526153,1.311466868587055,21,67,47,0.19650248971100331
9194,1.9623147472847213,-0.8449684885578926,0.6367781128669425,97,102,117,0.22356034805051078
2124,-1.3909001954002598,0.5952304918731479,1.350506892204205,50,63,61,0.20337228062802415
9195,1.9148125384251968,-0.8451379349834214,0.4915044294153359,92,97,112,0.5426542245582345
2125,-1.4080315402138104,0.5968651387677237,1.3296500359404457,39,50,48,0.21291704900548925
9196,-4.036620078437824,0.307552665986214,1.1155561513449639,231,231,231,1.3759523400393967
9199,2.0128118138453397,-1.1425182744477071,0.9877663993770106,231,231,231,0.3893671818444184
2129,-1.6612902437725534,0.5962637322118021,1.227991262553096,33,41,41,0.05706262891609705
7216,-3.637418256151309,0.7430369356860806,1.9361110903319698,2,2,2,0.8598989379714206
9200,2.006084957534316,-1.147238583261807,0.9834066528793349,231,231,231,0.040829350064779016
2130,-1.6079895441306125,0.5958460043606504,1.2128413137019636,28,33,34,0.25059139647448675
9201,2.0099333828890176,-1.5779493511727014,0.9847211842258857,231,231,231,0.2615264536209418
2131,-0.4732447318469797,0.586549477809108,1.0709147192882094,105,106,109,0.6313530755611398
9202,1.975956530731812,0.7647751658543018,0.9203737397714684,8,8,8,0.4287666729702077
9208,-2.913138782151878,0.7876287480324027,1.887438791652,231,231,231,0.33222150308014986
2139,-0.5043022692351264,0.5833307223677346,1.6282830125705248,9,12,15,0.14995455900509688
7226,-0.7458730198066372,0.5830703905637338,0.9295469318362134,124,124,124,0.016409241249470827
9210,2.086287628833399,0.5871792265826314,1.2673194512289196,99,104,120,1.2381075914608444
9211,-2.199412416582655,0.2711844665668648,0.6258570483593124,115,120,138,0.7202320639210965
9212,2.0325388813097387,-1.1588823817452472,1.0006223346119532,99,104,120,0.2754779839918515
2142,-0.5254871546601299,0.5839429143844659,1.5230656426126539,60,67,79,0.3283300930017247
9213,-1.640167228288334,-0.9732862588245642,0.22473842973924407,107,107,107,2.1412344444698412
9214,-4.276486116469146,3.52936802798363,-10.523139738111768,62,65,76,2.8657830460662286
2144,-0.7744130854593596,0.5853203058914298,1.3601651593157944,28,79,47,0.05290762058831579
7231,-0.5438633544459721,0.5845203103100227,1.6575523227800708,97,100,106,0.1966232709087496
9215,0.11307999760038978,0.7538401912434631,1.8490097934604497,57,57,57,1.014518903982071
2145,-0.4923006998904105,0.584712603680239,1.3279703127942886,124,124,124,0.41042290639600165
7232,-0.43872935281130077,0.5846115658761104,1.6005302455850121,7,23,49,0.2598819664491074
9216,0.11488362652144013,0.753168727962148,1.8489671827795808,57,57,57,1.05602479608848
9220,2.0444137706830117,0.8411409491151502,0.9026424377867492,57,57,57,0.39677593065917693
9221,-1.9529640548165643,-1.7483763830690067,0.9880197284937462,231,231,231,2.222038717679774
2151,-0.47979974580853435,0.58344429964745,1.6480510482767994,72,75,85,0.22995970152593365
9222,-1.5615557403303337,-1.65667350985057,1.0589017696837122,231,231,231,1.896935745687008
2153,-0.9728196119019885,0.5865916085294722,1.6287304680199963,84,86,94,0.11539765101825115
9224,1.6669529617589822,-0.23857338129045436,0.7664674516040819,61,64,74,0.009304347169950343
9232,1.9073640631508784,-0.8704072689208868,0.4747087674906827,93,98,112,1.5940310661102854
2162,-0.9801145057081815,0.5862442521292326,1.6208135105297703,7,25,55,0.44591616164314624
9233,1.9210780346599285,-0.8702814637377714,0.48846311297803613,93,98,112,0.7837074238199858
2163,-0.7844485847473841,0.5870942090436209,1.6123064882279017,68,73,86,0.2974158899336581
9234,0.6132576318216708,0.7128478690189732,1.5605275110699253,0,0,0,1.6602515554407615
9235,0.7810936368129949,0.7161282438308123,1.5654344797165571,157,157,157,0.5357545630621015
9243,0.8300411444033373,0.7658722309750998,0.8648521200556316,9,11,14,0.28512804759502464
9244,-29.788784682711757,-24.347667013134817,-15.832491189473856,8,8,8,0.03762442460226727
2175,-0.745042035324587,0.5859754823651415,1.1558093513264251,112,118,124,0.10944582231570675
7262,-0.5073262152426878,0.5787040238117565,1.1450718592041018,101,103,105,0.33409799867196194
9246,1.9791934671353502,-1.5065156238094428,1.0529035611394102,8,8,8,0.40662663948645134
9247,2.0238827915138655,-1.146859721877179,1.0273375973991885,119,125,143,0.23760021554931368
9248,2.031312798921813,-1.3383057120303283,0.9633092671384319,114,120,137,0.795955936409869
9251,-21.559505899101705,-23.834631496527525,-15.668574932506118,231,231,231,0.2663125350430574
2182,-0.7971600701526937,0.5838824385609929,1.0698106427778218,124,124,124,0.49521330904737865
9253,1.9189426626914778,-0.8341321410928293,0.5656306172792043,59,62,72,0.24759020003338125
9254,2.777345920505959,0.1281928558545723,1.2912205767072589,59,62,72,0.6401418044800982
9255,-3.8951231352127453,-1.7505776084329017,1.1899154460815058,231,231,231,1.2012285740149666
9256,0.5760008715993664,0.7248937343422655,1.4548026917523385,142,142,142,0.24316642268994862
2187,-0.46720418829682764,0.5866564246602879,1.6357365769479415,6,23,53,0.9344836436629571
7274,-5.21936287879597,0.7248501801444669,1.7383437191776017,0,0,0,1.5279407074846025
9258,1.1804332203167287,-1.752561579867865,0.8702314342071226,8,8,8,0.6947689100501503
9259,1.8816460850837688,-0.24645269934911673,0.802356092147674,61,64,74,0.054752907701411974
9260,1.995180979480386,0.76856784402758,0.8754261687343559,9,9,9,0.3756518614564025
9261,2.3092845695153876,0.7431081404260285,0.8944291936993349,9,9,9,0.4543660229645434
9262,2.729436996443488,-0.196486622809809,1.2402346501250587,62,66,76,0.3081000720785678
9263,-2.2672287632575254,-9.414440862037724,-4.87216747088644,59,62,72,1.8132210180642923
9264,-0.3854846354724948,0.6071803383324228,1.4577397854647822,106,106,106,1.824302121509094
9266,0.5921573719785805,0.7212680374927873,1.4592141358793729,142,142,142,0.17884378247306892
2197,-0.7765069141216032,0.583667868616766,1.6208110131193283,12,31,62,0.639286820347836
7284,-0.7932587745387933,-1.7228864789472054,0.8902080561935506,8,8,8,0.13807843401473968
9268,-0.1544253535469695,0.5337574862257168,0.9440914346440191,106,106,106,0.7275969022903824
9269,-2.4935327990577627,0.07888379265998913,0.6549174555021604,0,0,0,0.2132182972891326
9272,2.0485958584736226,-0.17352951840599606,0.9272745705117967,94,99,114,0.7747664762553778
2203,-0.6136012696299149,0.5831373067783945,1.6560612006408184,18,21,27,0.16531930406585063
7290,-0.763348282958261,0.6127080623282857,1.6076455687611473,60,66,81,0.036001465389159396
9274,1.98334839849326,0.218356967308869,0.8518412241417065,118,124,143,0.13181627870922266
10028,3.1447803304706543,0.7720228300199312,0.8988057181083521,9,9,9,1.1620507556691109
11137,3.4902736366359157,-1.7645304741063246,0.56268212951658,0,0,0,0.7452406070916084
963,-0.48765443116258367,0.5844794972498455,1.641503525797637,4,6,13,0.2105692708236639
10030,3.1660890942984383,-1.7455079264167948,0.8779479708949882,8,8,8,0.30613259327848974
10033,0.351495708613196,0.7136643203789008,1.8806855827849107,57,57,57,0.8273326579435185
10035,-3.3562281055336434,0.1617055382926288,1.2232033058506548,98,104,119,0.9584392861429775
10040,-2.661596916847667,0.31231160856067997,1.0786360517222646,0,0,0,1.662359430901231
10041,2.808782421354067,-1.6383247490356574,1.2994610182293014,231,231,231,1.4382259705026523
10042,2.808782421354067,-1.6383247490356574,1.2994610182293014,231,231,231,1.4382259705026523
10043,2.832143143837548,0.5689481295941832,1.3105584881409826,57,57,57,1.3613833361195005
10044,2.83321558013286,0.5681189605839723,1.310589298242252,57,57,57,1.4191007161724047
10045,2.905972449436367,-1.1566018100475226,1.3319406824942805,231,231,231,1.1242462902431691
8797,1.1940424780717502,-1.7365663384909835,0.440496218698079,8,8,8,0.2562409420847307
11154,2.811117679101558,0.7558254204654009,1.0469828189783845,12,15,16,0.13818401738496403
10046,2.8090190611607255,-0.8676513807198243,1.1841402030257413,89,94,108,1.0462672750727011
8798,-6.093501919265506,-2.7793287009605776,-8.086128252551998,59,62,72,0.679576139099429
11155,2.811117679101562,0.7558254204653985,1.0469828189783863,12,15,16,0.13818401738497124
10047,2.9367351110764885,-0.8496384969603564,1.18744287440747,109,115,132,0.10878054924379638
10050,2.9640155312066083,-1.5786212811736247,1.145904953437237,228,228,228,0.5411237354911066
10051,-2.608695431388145,-0.11816241372083108,0.9123577094732358,0,0,0,0.2586557988100754
10052,2.6657760201956004,-0.27976707327535755,0.955886039290747,61,64,74,0.09034679508435295
10053,2.7512118977285382,-0.8919209657257727,0.9983342370609372,92,97,111,1.0951860220312575
10054,2.7613330910250613,-0.16539993018939325,1.005505671994991,92,97,111,1.4188916417719042
10057,2.8527170451288235,-1.2964673513754397,1.0392304929647942,69,73,84,1.6805927395063254
10058,2.8314647819388328,0.2461294252067966,1.011956346475053,69,73,84,0.5913531968125016
10059,-2.583100789343026,-0.09438056010153045,0.8489899315806079,0,0,0,0.04161124873203752
10060,-2.551418660963995,-0.10285517322839394,0.869411121233491,0,0,0,0.3647801280362007
10061,2.9845093725074765,-1.3718840969271757,1.0924173267089312,110,115,132,1.4169651714396874
10062,2.99325770129405,-0.09767446774242167,1.0930859169090126,0,0,0,0.6630198879603849
10064,3.0027965019447027,-1.4301573003288306,1.0646343352708212,228,228,228,0.4234549005489062
10067,3.042539920899947,-0.040867679216271824,0.9789637379567341,228,228,228,0.6587090036886702
10074,3.1019169260326604,0.7047172195962563,0.9248977939832177,9,9,9,1.6895260082273564
10075,3.079250959835556,-1.3742298067153929,0.8904870696065755,228,228,228,0.8610034165908714
11184,3.047031029184672,-0.2091320514487826,0.9605204857344162,109,115,132,0.48995891775015377
6097,-0.4857102830013458,0.5804990791774582,1.2765501126894896,91,92,96,0.12073700686130506
10076,3.134750204535732,0.681546505782423,0.9416314085688788,9,9,9,0.15550564731000016
8828,1.9791934671353502,-1.5065156238094428,1.0529035611394102,8,8,8,0.40662663948645134
11185,2.912645165163221,-1.3206015588564066,0.8365208193200443,59,62,72,0.3200892442169756
10077,-2.2138200204070895,0.2135502945900617,0.6085730364811892,0,0,0,0.0003721027026057038
10078,3.370596103508438,0.20788886762088354,0.8535897169535992,75,79,92,0.6231764088495285
8830,-10.956777687609973,-16.49493012140386,-14.205652175649469,115,121,139,0.5147776361455081
11187,2.8856421727124197,-0.8863320246332478,1.3563775201709931,231,231,231,0.8887388638636659
10079,3.3973455418367493,-0.2074021356009364,0.8249082329222069,97,102,117,0.5015900999724816
10080,-1.729697697523962,0.6791610462464313,1.1666013279382055,6,19,42,1.5052304280536595
10087,3.02674437548093,0.24993312695054948,0.8983122477847342,100,105,121,0.2164608331337915
10088,3.021503327225483,1.136205755187743,0.48932109156355685,5,5,5,0.6816193651950762
10090,3.3725512710975467,-1.2520002253332176,0.8545993809298698,60,64,74,0.6740993482330381
10091,-0.5738339538731574,0.5541753219438468,1.7529274127243903,105,105,105,0.4912887345923364
10095,2.808491540333052,0.09269039324472084,1.3484873756723266,59,62,72,0.688876748567953
8847,2.031311366537588,0.21436291634231475,0.8642355003696413,62,66,76,1.2754726959659615
11204,3.0505198620971905,-1.5520164919759372,0.9534727897870794,0,0,0,0.352647448069791
10096,-2.7089210251843308,0.1311233516454251,1.0369826304172036,0,0,0,0.5600673885451232
10099,2.67957143777505,-0.8461196334888748,0.8346773981032413,92,97,112,0.18003347120161828
10104,2.8703350162466568,-1.1711843807198368,1.3378481919356955,97,102,118,0.0339567042608619
8856,2.015506256050721,-1.2011983118481928,0.832415361133385,88,93,107,0.04417155360114094
11213,4.606786336839849,-0.5037774724138263,1.7989990352668417,231,231,231,0.07377735343300049
1039,-0.8766925066090456,0.5847415000198208,1.628855629573985,63,68,81,0.03479095850055581
10115,3.0138215930093386,-0.09146312213944507,1.0488977826167152,0,0,0,0.926439820286426
10119,3.04683780494452,-1.6304508849861394,0.9215113162325382,99,104,120,1.0434743467283147
10120,2.9280321339882835,-0.8346096755486545,0.809788779667854,0,0,0,2.2143616856320576
10121,2.9187083645422955,-1.619875783353754,1.32746922233156,59,62,72,0.6851911027453423
10128,2.7431766648887317,-0.19050193449983355,1.041074555069628,71,75,87,0.7327691721097565
11237,-1.723695099883467,-1.5847536501885415,0.9090958741614897,98,103,118,0.9288074151690704
10129,3.045968657166033,-1.4883698326715518,0.9804926278747969,0,0,0,1.2268324281827345
10130,3.410891469381678,0.11000468643627026,0.8877404167038544,120,126,144,1.0233569791224428
10133,-2.5873445892640157,0.7643109917194406,1.942473021062849,4,4,4,0.9114118338330707
10137,2.8413539043520495,-1.3234691398130904,1.033181830142624,92,97,111,0.599679630220208
10141,-0.1529946956913879,0.7832132953574882,1.8933881199010874,56,57,57,0.3540307982965015
10142,-0.11996558926559087,0.7739112267369508,1.8922694087422998,56,57,57,0.3684523641789744
10143,-0.9712765674629362,-1.178851333712838,0.6524063969496856,93,98,112,0.5622234285525413
10144,2.943989030159343,0.550641120380853,1.347538315569058,59,62,72,0.19732778346386923
8896,-7.728988526963308,-3.725367704885946,-12.02740061426343,61,64,74,0.591872338829541
11253,3.8615518134109235,-0.404468584926219,1.1294624498587056,236,236,236,0.18787872940187672
1079,-0.5674047335484778,0.5818636703933746,1.5140377630926216,94,101,111,0.32179864528454144
10145,2.945453700311552,0.5645514032625474,1.3047413865262518,59,62,72,0.5036149762337402
8897,1.9471541415778784,-1.6656215856389465,0.5160208200111667,8,8,8,0.4463199324932235
11254,3.8615518134109235,-0.404468584926219,1.1294624498587056,236,236,236,0.18787872940187672
10146,2.9343943135077497,-0.15241343741375019,1.2973370817432317,111,117,134,0.6404037641144089
10147,2.934450434249552,-0.15311463248141122,1.2970102665521333,111,117,134,0.4379401947037435
10148,2.763289103093892,-0.16125490697967387,0.9669986380563019,84,89,102,1.1486580582371135
10149,3.0232116139468816,0.6373078601594624,0.965313456183781,231,231,231,0.0731675504111933
10150,3.176353828515482,0.7573943035550099,0.8933486344689507,230,230,230,0.23256543370344385
10157,1.9813863008611523,-0.8757649403582315,0.552709777265624,84,89,102,0.6110289211345413
10159,3.0201640048532625,-1.6853020296448746,0.9668211779057863,8,8,8,0.5891297157581061
10161,3.1745480844750995,0.7429613367056902,0.9078965889376948,229,229,229,1.0987979191205293
10162,3.170267453254965,-1.7470942341556692,0.8866506671276674,230,230,230,0.4703440303434485
1843,-0.8403719710362281,0.5819336491960776,1.6080628861119828,15,33,63,0.21369714123819994
8914,0.5689060447112814,0.7304917046823163,1.7353204876199044,142,142,142,0.6033520347888512
11271,3.0735719616707815,-1.576749517205584,0.8883857282418859,228,228,228,0.2770242179039914
10164,3.214015658906697,0.8036134147985969,0.8531052853043074,9,9,9,1.540572499270657
10167,3.2675771267930647,0.7203558850385856,0.8835987109699662,230,230,230,1.468264160361548
10168,3.3560372256036386,0.6275207563619019,0.6957455120971703,231,231,231,1.2894067771215505
10169,3.319296318690588,0.6635538356517574,0.6557695195040358,231,231,231,1.842681812580619
10170,0.8105176553966075,-1.605403710521726,1.4684629662705575,32,36,46,0.6977522299061515
10176,2.8580318697345515,0.2588260325804559,1.1994842114781004,89,94,108,1.3166901321709852
1857,-0.9717831624590323,0.5866098758759997,0.9898766299593653,124,124,124,0.27028898922472105
11285,-3.549038531320783,-1.7521895230238471,1.3777660361349477,2,2,2,0.8094812758102006
6198,-3.0453688741343403,0.7152970923061599,1.0514911263330546,231,231,231,1.7931049522995677
7826,1.3733691464020905,0.7418434338929296,0.8930464765422882,9,9,9,1.4123098913054137
10183,2.747180184375086,-0.8684078114434395,0.8622535526911558,94,99,114,0.6275177157280153
10184,2.7418118218018925,-0.18113988946661908,0.861268828447645,94,99,114,1.3926079987582434
11293,3.238527005599506,0.791414210823276,0.8618110089459946,0,0,0,0.160405793828573
10188,3.030809781830353,-1.5285770794702307,0.9996192497725535,228,228,228,0.3674615523589356
10190,3.1928985692225504,0.6812375711993133,0.9416443633117423,9,9,9,2.1822477053499263
10191,3.1981715935046466,0.6733021025800972,0.9476659132314659,9,9,9,1.7033215047857564
17,-1.7770483729254525,0.5927512896813836,1.5825642217655636,7,20,43,0.26740295821699833
10192,3.1763411250280553,0.7313453022672811,0.9059041288919201,9,9,9,1.1523652504082844
5105,-2.5628806344567434,-0.030237516706765888,0.8183078996144117,0,0,0,0.4707467459922189
10193,3.377473297284551,0.19068742272874772,0.861505315314722,118,124,141,0.6473207855223957
11302,4.535660753573252,-0.5417670119879865,1.7708507996181622,228,228,228,0.393954593522141
10197,-1.5303755884105352,-1.617399619202686,0.8888937208339838,231,231,231,1.6018353473026523
10198,-2.2559878765163113,-0.1458008607818086,0.5369055533233631,74,69,67,0.7389071930182075
5111,-1.4960800483853305,0.3593737655769337,0.5359623430648228,231,231,231,0.12155049527686775
10200,2.7468744519307875,-1.1585601035396544,1.3263533714515021,231,231,231,0.8284369020221877
10205,2.935891371951459,-1.2078041709760625,1.184750356421867,114,120,137,1.9011715697021314
5118,-0.7474565224280707,0.5821889332586359,1.6372007871922962,11,29,59,0.41910176125915677
10208,2.3280552834754014,-0.8095173804175583,0.8184102928949021,59,62,72,1.1229646340850001
8960,-0.32503560567808143,0.5523188959876306,1.9041937847278618,57,57,57,1.6576629350536247
11317,4.606786609223048,-0.5037773216519601,1.7989991035163335,236,236,236,0.07173882425624144
10214,2.9915257130138464,-1.5590695978636868,1.0910176066644148,0,0,0,0.41585509846284474
10215,2.9944411882697466,-1.5564293125726332,1.093217242502174,0,0,0,0.39965345913741823
5128,-0.7575273903639586,0.5987445950430241,1.2692225487572686,91,92,96,0.11265818758513584
10217,2.913504454205503,-0.8690324738996265,1.039634617215126,106,112,128,1.1218613597764473
5130,-0.6769654308367632,0.5775221238582742,1.2782924020388071,90,92,96,0.05352700528995575
10221,2.7207894152389733,-0.14240811105322887,0.864059448257642,65,68,79,1.651642316532397
10222,2.7125830489460716,-0.14027984777197883,0.834454091155431,65,68,79,1.8211778382622537
10225,3.0601474500264,-1.3545922218564472,0.98403567078914,109,114,131,0.9543635850976534
1906,-1.8368744451022874,0.5934782209188103,1.6163051123935277,71,73,79,0.1074212703279716
11334,4.1486126309890645,-0.4089704869529479,1.1485696515838248,236,236,236,0.3869961430271011
10226,3.03030676386628,-1.3833797681772042,0.9216017466644617,104,109,126,1.560265914837724
10230,3.252429019077339,0.7514423895711801,0.8803671648775335,231,231,231,0.703421927632899
5143,-1.6091177859922756,0.5900604290332288,1.2733784852652656,81,83,82,0.05377916714086268
10236,-4.260509672152246,0.4024303620008445,1.0033051622859386,74,78,90,0.7102504833112946
62,-0.9779080754134895,0.5858735574925231,1.353064621323247,122,124,123,0.27037770134298267
5149,-2.545095723513682,0.022607409368889386,0.772159912736309,228,228,228,0.4764163394821158
10238,2.4284323340925837,-0.8868613819860072,0.9191336410710347,108,114,131,2.284701016228914
10243,3.16944646407536,0.6452953144743709,0.8749360771190796,114,120,137,0.9101224555396387
10244,3.2265010540600323,-1.746413697812982,0.8735310259084664,8,8,8,0.32064226035228527
10245,3.2265010540600323,-1.746413697812982,0.8735310259084664,8,8,8,0.32064226035228527
10250,1.0331723992624187,0.36260704834306423,1.1155965352231654,5,5,5,1.5524721997097428
10251,2.8413957320649725,-1.1359409817846147,1.3679109060741086,99,104,120,1.233606981097707
5164,-3.233639714670907,0.21751970892729422,1.036869750181396,108,106,106,0.6621484316360625
10253,2.933085592076453,0.1546641327806677,1.1700777732071022,109,115,131,0.9088255702427581
79,-0.9610400458736792,0.5865844826989557,1.2730170084520889,73,75,82,0.23199615125008635
5166,-2.50861916551845,-0.0818261947446941,0.6698828441588398,228,228,228,0.6032725857920055
1934,-1.0050643999097266,0.5857866629888882,1.2568441435020246,95,97,102,0.08578104957048871
11362,2.547133559711848,-0.9587716161976669,1.2349354272414532,69,73,84,1.2383265378156914
10256,2.0904637819948535,0.5361099330104575,1.2671788335963488,57,57,57,1.1224502125199511
1937,-0.972301146472625,0.5864676809017784,1.1583136501880906,20,45,47,0.13215054771703585
9008,1.7950719357145075,-1.1012493627590647,0.9039149733426849,87,81,77,0.6980168428192298
11365,4.590373885648965,-0.48685436086688894,1.7875674732697004,10,12,14,0.4143557854137289
10260,2.9252017962745365,0.1861040999495044,1.2004678654552183,74,78,90,0.9125988719784867
5173,-0.2968562562329302,0.6960943916541282,0.8804097632750127,5,5,5,0.8434765639801727
10262,3.045797167107362,-1.4654717314918329,0.9576748021511388,0,0,0,1.2937431689289098
5175,-3.868401474265061,0.7664202442704002,1.302044620197106,231,231,231,1.0288723790027587
9014,1.970223006394134,-1.2048075908297489,0.6460590758477536,98,103,118,0.16010193552687535
11371,3.9663630819093267,0.1483203200606492,0.877358312826601,0,0,0,0.011499105623156524
10263,3.3994759406519606,-0.2339943573843063,0.8177627276139878,0,0,0,0.25619551357422515
5176,-2.5373919156919285,-0.058070853217279284,0.7369861414130585,0,0,0,0.3577068193044454
10264,2.8792027749702545,-1.6031453794040387,1.304488293068454,231,231,231,0.4322382749301008
10265,-1.727363028863203,-1.0280035681888413,0.21569777295367043,107,107,107,0.8293685473004883
10268,2.982452708546747,-1.4045544063071946,1.1316749039529905,228,228,228,1.0419593316454994
10269,2.4784414169518842,0.15602461292102154,1.3121393453445842,99,104,119,0.7718499702424847
10272,3.3698215540785936,-1.6751955150186477,0.822440988727274,119,125,143,1.3601660317031836
5185,-4.027387348953933,-0.7788159680081325,0.937263142470251,70,68,68,1.1409360900412877
10273,2.1055387587839993,-0.1434214225670455,1.0248197348874544,67,71,82,1.0998951535125399
10279,-0.9954209125372118,-1.2070878254520006,0.6622695349597123,51,54,62,0.47954531913283815
5192,-0.8141539838416705,-1.751819072753534,0.43967945322849866,8,8,8,0.28898500975541275
7928,0.22454154955579386,0.691075345058789,0.48375628489884037,143,143,143,1.228958830868391
2841,-0.9208583092643874,0.5794096331205247,1.6104042740525826,84,87,95,0.15889847538715413
10285,-1.0812878475334369,0.589423012333482,0.9760697821837719,114,116,117,1.4262594622031384
7930,0.2151604505921949,0.6977473468212074,0.4442772027540205,143,143,143,1.863978365670699
2843,-0.7050856412959878,0.5851578769898043,1.4248424263620856,65,68,77,0.12358845135651658
10287,2.8261420961281534,-1.335863076565451,0.9245767828610191,94,99,114,1.6972696693197538
7941,-0.9658265979422698,-1.6570334606236712,0.8976506795981704,90,95,110,2.150279738813869
2854,-1.0121645929619119,0.5874398511363621,1.2560058363790756,102,104,107,0.09542292878480563
10298,3.3213999101994394,-0.24386785109888764,0.8064527182903791,0,0,0,0.18435097144645596
7942,1.6003770905482175,0.7659094232582755,0.8938094865237816,7,21,43,0.2525967546833983
10299,3.320911808617826,-0.24014553913348036,0.79260132559861,0,0,0,0.21880323797011256
7943,1.6006591572081885,0.7646654358747642,0.894963742029683,7,21,43,0.13531231623959247
10300,-6.280649869684838,-0.46510090347392996,1.0920650292045067,0,0,0,1.764163077074891
10304,2.889333046516066,-0.19584712769079377,1.2474753611759701,61,65,75,0.47285179408756245
7949,0.8106621636755943,0.7588204394275391,0.8548044792137817,29,30,30,0.5311096835131612
10306,2.7270502560068293,-0.851040524401594,1.0537541535960528,79,83,95,0.6049580224563965
132,-0.7160299818774587,0.5873232480181387,0.9710170551048902,29,72,48,0.23273821382727583
10309,2.9925353770950522,-1.559518117404713,1.093589492562277,0,0,0,0.2689271965101047
9061,1.8644187491076283,-0.856889473535633,0.5687353126575749,59,62,72,1.2143648478877296
11418,4.363618798776983,-0.2168895256246441,1.4148739807758082,236,236,236,2.41903272754459
10311,3.0321574666136453,0.2085622053344598,0.8618210937856586,0,0,0,0.28876470746380173
10313,3.389302217235518,0.7620243614225555,0.9237119794574455,10,23,44,0.1064410391345522
10314,-1.591304796914773,0.5989430771797,1.2174083138886767,42,48,48,0.1829681293253882
9066,1.981376818784713,-0.9855886073929226,1.0576713670691151,87,81,77,0.8328499439813131
11423,2.9199319354722357,-0.2018439745146593,1.258171342202923,61,64,75,0.45679253068106673
10325,2.8089666416014656,0.29315021434903654,0.8951023299793225,94,99,114,0.7189155433707168
5238,-1.5770428890013362,0.5917590109718354,1.2935561172673335,80,82,81,0.06872298385452301
10332,3.0484134035037442,-1.6588223505443633,0.8815268526126472,231,231,231,1.1104689692102006
158,-1.7286432350266865,0.5941385353362547,1.602521107686735,120,121,121,0.252912261076951
10337,3.2728126206043604,0.7610093530658997,0.971734340294928,9,12,14,0.1223384119167482
10344,3.3328162500863994,-0.23801001688395124,0.7884240571950973,0,0,0,0.36281244826373044
5257,-0.9691304409048782,0.5857861581890134,0.9439646046831619,113,113,113,0.31638764296269506
9096,-1.6385896898594718,0.5977941519599455,1.1806355509042006,78,81,83,0.6698724055004853
11453,3.746007844635938,-0.7032111266917219,1.1291646922492324,0,0,0,1.0367438634957349
1279,-0.7601632161359455,0.5876980791152864,1.1492867587316882,112,118,124,0.4927854088188717
6366,-2.546482225907115,0.18437597912658954,0.6380097362476866,0,0,0,0.4945614426154963
10349,-1.2151874773121922,0.5525367533598156,0.5425547013832022,0,0,0,0.7039764027685322
5262,-0.5188438025747477,0.5847545121890996,1.1169061438959402,113,113,113,0.7455035172621958
11458,4.073772786728426,-0.41700088193152984,1.122668631861366,0,0,0,0.5677448884478076
1284,-0.7204004148109577,0.5863724191741508,1.088715621765529,69,72,79,0.09454853260192518
8007,-6.030715865046602,-0.5288567912238181,1.0083518396245899,0,0,0,1.2898961458211295
10364,-2.61409535418117,0.08413816415236619,0.9049989621401989,0,0,0,0.05695044479936953
5277,-0.9462268381835979,0.5865927556448587,0.9051695682645301,80,82,87,0.27486761857007525
8034,-3.9758947004528484,-1.7184117248906625,1.9257967113640717,4,5,7,0.44513150274243424
10391,3.210507797235958,-1.7372088492336606,0.8880444991296449,11,11,11,0.6902525674563265
5304,-0.8083958031961465,-1.7361545324669048,0.870648148086521,231,231,231,0.10478550473989591
10392,2.8466767129548654,-0.8948073162041694,1.345024271690849,231,231,231,0.7652545102979467
11501,4.063273783623764,-1.4848277776019965,0.9862414420454237,166,166,166,0.6075432944020493
10396,2.629060006323086,-0.23385942927332243,0.8791288340907878,118,124,142,0.3914580438730692
8042,0.9910070072754984,0.7351173540149818,0.9764367093771171,0,0,0,1.8047301263090034
2955,-0.5353827059997536,0.5837983996677012,1.1135762487514902,122,123,123,0.03435809224977533
10399,3.3852861087566337,0.7349626348414133,0.9350384373933464,124,124,124,0.5372700738409995
2219,-0.5386759242408168,0.5136103054085568,1.3898011708149938,87,89,93,1.233729883235423
9290,-1.2578320260018963,0.5768411318589479,0.5289677054881221,6,19,42,0.8332455886614343
8050,1.4843491040917456,0.765324781133405,0.8759154264370386,9,9,9,0.5228958595534369
2963,-0.9046287763304872,0.5854706805246543,1.0718071913013507,101,103,107,0.14142386766006185
10407,3.018321118881188,-1.3032241569997622,0.9491628129765618,109,114,131,0.8624292926541944
233,-0.7251751769584578,0.5846012781049528,1.304459153355648,124,124,124,0.18080414610048307
11516,-4.001406193285986,0.7735504833026243,1.9969828744193334,231,231,231,0.49720995569745163
6429,-1.4473310295854023,0.5948199810396639,1.3062754442746345,10,12,13,0.5138230479990346
9298,2.085976218058363,0.6016718591877313,1.1230705080802084,89,93,108,0.34281127367793945
8051,0.8050698452722598,2.044867420206032,-0.017761563059975227,9,22,43,0.30760690673842833
2964,-0.9664285035268128,0.585989398381991,1.09117752374434,121,122,122,0.1196068979303716
10408,3.3850601635534523,0.7619466916565532,0.9412366606815545,15,22,18,0.24407531459830967
5321,-0.6547767044525536,-1.0915195599812069,1.358528725140892,8,8,8,0.10072436865446856
11517,-5.068279849756161,0.703801894410087,1.149000667931558,0,0,0,1.2507182529481125
1343,-0.8749300283650663,0.5839643545233106,1.591439291930377,14,32,63,0.1756962870918743
9299,1.9467989947054989,-1.3323833599745325,0.8873174821625673,80,84,97,0.18167988832114979
10457,1.6604569171042602,2.796766615337056,-0.03873260622423458,9,12,14,0.9670445392554887
5370,-1.1343926845681649,-0.7920103329767116,0.5387018408506432,59,62,72,1.6496639092832233
9348,-1.666711589185057,0.5948904030957338,1.1571707629099288,7,8,9,0.5029284046716181
8128,1.0808311005387112,0.8054581835560528,1.8023230072073118,231,231,231,2.624316275015541
3041,0.6435838529309174,0.7081781099558295,1.6637037795108056,57,57,57,1.3822756645033984
10485,2.7551157480906583,-0.18150054476445093,0.996919964456749,92,97,111,0.7645390616177095
10491,3.003314657980122,-1.526033491455709,1.06296240118279,228,228,228,0.4250960917087921
2311,-0.443534932772528,0.5873581935172325,1.1042403408891186,124,124,124,1.3578932555096812
9382,-1.8513125596523938,-1.5564713070585756,0.9880315520852018,231,231,231,0.8359077899495087
8137,-7.97041321193694,-5.650990986973406,-3.8637100627121685,10,10,10,0.020013499231947913
3050,0.6301892827633229,0.6941365423575874,1.7186490876222216,140,140,140,0.7997700256688582
10494,-1.0246447472086704,6.655437092054873,-2.524971046331523,9,12,14,1.340227684628315
5407,-2.4959325716525695,0.07580804158384613,0.6568168589399219,228,228,228,0.586600196773954
10510,2.9439206439116314,-1.613424910990576,1.0412278182986665,228,228,228,1.8812230623027537
10512,3.3948214184899843,-1.6402370237822943,0.8576136820647239,119,125,143,0.9065174464944394
8157,0.8094080649138001,-1.2770524474291471,1.2207963080636892,8,8,8,0.17500590462389304
3070,1.9482243140162647,0.4750207752160176,0.9561462430884023,130,130,130,0.19494745971511285
10514,3.857529618045406,-0.39932002591894566,1.1323249855759623,236,236,236,0.8830389188305432
5427,-2.0939466940931597,-0.9247126604645132,1.2381178371894737,228,228,228,0.6516804522722214
8161,1.72128400047506,0.779660828807595,0.9113605376525851,28,84,39,0.20056571419129904
3074,1.9488837917035116,0.4226594185575051,0.9229603262071641,130,130,130,0.17390475730256058
10518,2.9450046508653642,0.2834860018182933,1.3632592187951706,111,117,134,1.2352138387857217
2199,-0.7451542016535515,0.5861482484146141,1.1558739737537387,112,118,124,0.10828438545803903
7286,-0.30381320337114204,-1.7498195951941629,0.4188517777202665,8,8,8,0.224562402497447
9270,-2.4935327990577627,0.07888379265998913,0.6549174555021604,0,0,0,0.2132182972891326
11627,3.025476282356607,-0.015850722643060644,1.0177294561479617,0,0,0,0.04433593967993703
2338,-0.5175333858737048,0.587140015647045,1.0899019293423318,66,69,77,0.11815653093631998
9409,1.9729424987073054,-0.25515786048673034,0.8312596681586304,61,64,74,0.05047344799258997
10526,3.0446291971855164,-1.655219339272831,0.921201766060363,100,105,120,0.9989873260553113
8174,1.3891828740799697,0.7572611390798845,0.8815923375114724,9,9,9,0.49766953050080326
10531,3.5976825808263007,-1.411553857322371,0.954585807378022,231,231,231,1.3155421655407695
10543,-1.2900571951737314,0.6339106023173655,1.907342472965669,105,105,105,0.34848081984997903
5456,-0.9676991961935255,-1.3126535094033152,0.8349217544796865,87,92,106,1.2786705316516522
10555,-1.0242276530260992,-1.6593447131219534,0.6125265491849043,81,86,99,0.7344224044313075
10562,3.006954345230529,-0.07300464577174537,1.072413050201067,228,228,228,0.30521792186584235
9453,1.7411626269721783,-0.16987009969313294,0.8560299181582864,109,115,132,1.4807323209263776
8210,0.974467761222845,0.7129637167480187,0.9888601224978771,57,57,57,0.9288272246782512
10567,3.2573528559713,-1.7475090992224314,0.8420682330740349,8,8,8,1.2840662043203728
9458,-0.9806624283359016,-1.6131200187917043,0.9024952967094194,99,104,120,1.413015987586604
8218,-1.2122728109606804,-1.665083326494333,0.48458257781658887,84,89,102,1.154931171808776
10575,3.0251241562934243,-0.1992512724090728,0.8732454296466486,86,81,77,0.4192600112183777
401,-0.9682238759385249,0.5835069658586953,1.2665426257884458,124,124,124,0.33060378565657955
9466,-13.585618344132874,-9.328123421947227,-8.669239026497683,231,231,231,2.6787767818377093
10038,2.069029476225216,0.32049368544149914,1.249129801312711,0,0,0,0.31511439832951915
8222,-1.8149189190962893,0.5725877319412398,0.45313240052918635,106,106,106,1.128383075294275
10579,0.12389747106742699,-1.5268857276918437,0.6642677107694175,0,0,0,0.017742877122805284
5492,-1.0077125118242214,0.5855481950736918,1.5965454712380376,79,82,91,0.3293285095549999
9470,1.934096207574708,-1.057414920863716,1.0717890786067255,231,231,231,1.4137385745541018
10063,3.0025659392726114,-1.4303924410692201,1.06445967409097,228,228,228,0.48003211280050184
10604,3.83576542889289,-1.5290083375174017,1.0387430648832083,8,8,8,0.29066565469894756
430,-0.7160102539777125,0.5877223211135687,0.9826469688185556,26,77,47,0.08224127854257576
5517,-1.052327482713494,0.7297004103678526,1.288280344743358,41,47,60,0.0671207225780375
8249,-1.728278541654051,0.5950964836958033,1.134476659183008,3,4,4,0.31394985399978675
10606,4.022394094087442,-0.5319465539499902,1.1331396408873942,236,236,236,0.1514223991920975
5519,-0.921062721582405,0.5043043127801587,1.1263436459617784,103,105,108,0.06669812209773697
10068,3.042539920899947,-0.040867679216271824,0.9789637379567341,228,228,228,0.6587090036886702
8252,-4.55958211691671,-0.7892787541138542,1.0094893353287346,231,231,231,1.3431364087768045
10609,-4.832661899990736,-0.6831336885931318,1.011912665875414,196,196,196,0.4104427074364233
5522,-0.7691249688621205,0.5871069590426765,1.070734424122234,96,99,103,0.027477536763097336
7143,-1.9176892371581018,0.5980794895140693,1.7436158274823483,0,0,0,0.27606791006102743
9500,1.9879369966601248,-1.514390349714699,1.048692789026425,8,8,8,0.22839779543147756
8265,-1.8424805119988372,0.5958523588388798,1.4330722376646674,6,19,43,0.44243864803032457
10622,3.3506233972571646,0.6250143423107593,0.7622865244256061,5,5,5,1.1049979263554641
10082,2.7994710610467086,0.11127906898210393,1.3430410353640365,99,105,120,0.07400101603670861
8834,-1.1652625303538904,0.6091206046345887,1.2749658137024267,114,115,117,1.777869792613578
11191,3.9897763019462524,-0.47865637296697594,1.131110484614298,0,0,0,0.7148556644467682
10623,2.598036091110113,1.9255308085154472,0.04180757975881466,9,9,9,0.05444660401924725
5536,-1.9572285326290881,-1.7517146145308773,0.416549948938868,8,8,8,1.2385693165020155
7157,-3.8795572296368745,-1.7692208274285817,1.1812474370579353,231,231,231,1.7914607342048856
2070,-2.767572232128169,0.39824371116866686,1.0332839240738387,5,5,5,1.2405925261717201
9514,2.919359604210438,0.2815129383000837,1.3320045670213554,82,87,100,0.37388816736809816
8269,-3.215096404731175,-1.3037906001020738,1.335599774250046,114,120,138,0.5450453590180024
10626,3.999221582113475,-0.47580129864567555,1.125460686202023,236,236,236,0.7114679688081691
5539,-1.4207726417471123,-0.8083102884458802,0.47009415764694884,59,62,72,0.559156792349426
9517,0.5448513288782265,0.7411300838392949,1.6919260547026367,142,142,142,0.47708845406092726
10089,3.3718471723892764,-1.252895975541363,0.8536379184535797,60,64,74,0.5010677744112821
11198,-1.9543009116615053,-1.7477882592428764,-0.018982154889310987,0,0,0,0.15762274814679977
8273,-1.0807988062706957,-0.8453986874190174,0.4748348169500043,92,96,111,0.48621241256857006
10630,-2.544073029433043,-0.027878329009144442,0.8247875551272791,0,0,0,0.21071078444010102
5543,-1.0731267377500222,-0.8402145014397058,0.4999385796331708,93,97,112,0.5588207133111289
10106,1.8525752029433287,-0.8609118813937346,0.6163970035591844,72,76,87,0.9775849963733345
10647,4.042435223479316,-0.518061175492341,1.132628228827182,236,236,236,0.3624375880577498
473,-0.6595507618991285,0.5845982289674179,1.6294236207576798,47,55,73,0.17897818919430103
10648,4.044856876444097,-0.4543374405405862,1.1365406117000199,236,236,236,0.387876532013221
10112,2.817776933355643,-0.8614423875039257,1.2736254017849487,99,104,120,0.9694826999591241
8296,-1.1033394867176956,-0.8009260401389271,0.5102720133889902,51,54,62,0.7008449616252045
10653,4.012408422042609,-0.5441670539435559,1.132318569574275,236,236,236,0.29024979700502745
5566,-1.6927807589315935,0.5821422270438221,1.6062643176147227,72,74,81,0.044199087652113944
2334,-0.9753331703398715,0.5889613481818594,1.2549258455392271,102,103,107,0.17156045380392704
11762,-1.0971123162216205,-1.3449916712311527,0.6229135265338395,92,97,111,0.545978682477647
9544,2.082006451154855,-0.14998866206162126,1.3003066567627468,114,120,138,0.3033948095180301
10114,2.6413110733321634,-0.8183453094113862,0.8825640670058714,117,123,141,0.44849054696804386
8298,1.9439620219629825,0.4798046569880039,0.9123970632731994,0,0,0,0.41318686517426967
10655,3.916732749134375,0.13145363345438654,0.882665945710949,236,236,236,1.0728400028772356
5568,-4.0027954873332305,-1.7239590937151383,1.2737297325000074,4,5,7,0.9561611537806242
10117,3.161202089931234,-1.7171739423560768,0.888127298322256,231,231,231,0.6276295688489412
8301,-0.3148367866081232,0.7225451466853183,0.0022303478942184984,231,231,231,0.40714461648773337
10658,2.6394163757510167,-1.3080173795305567,1.3011656222787584,231,231,231,1.3094796513481408
9549,2.9157748777484276,-0.17636426247659226,1.3298812185391689,81,85,98,0.874337405143617
10659,3.0946075115349645,-0.8611228947836486,1.0381488126889833,112,117,135,0.691139680575578
5572,-1.5191778971908048,0.5760039206978802,1.3382791232636997,2,2,2,0.11713948147065975
10126,2.7925991541260187,-0.845128341668921,1.073803362217978,66,70,81,0.739921585040882
10667,2.047737875738761,-0.19875540403044856,0.922018945375172,100,105,121,0.6010546206104375
8324,-1.0075204728494023,-1.642600603287595,0.6409009556467695,95,100,114,0.6011810247536663
10681,3.382412771966492,-1.7355027785929136,0.7435785998453168,8,8,8,1.2012649936454116
507,-0.5286271527651683,0.5844908049255015,1.6103368843297758,1,2,4,0.2445115043484523
10151,3.180935740714545,0.7514302726798519,0.897943239457306,230,230,230,0.1588500194950168
8335,-2.063276780915304,-1.5179691403097113,1.1854030513950347,57,57,57,1.3540753143852036
10692,2.665653128318608,-0.8341243347083858,0.925620550268878,59,62,72,1.50734870343999
9583,2.9434964267737356,-1.3061136103212811,1.1778321298243435,109,115,132,1.1590695827725017
10156,1.9675018278137104,-0.7731507390521346,0.6251601673034657,59,62,72,1.1150445623214775
8340,-0.9918040098871668,-1.631731450104725,0.6486288935798166,95,100,115,1.0564482429886137
10697,3.1513642736338547,0.7656187805272641,1.014580044970466,9,12,14,0.08705720975686507
9588,-0.9815159950424701,-1.637188882053769,0.7173787967773828,67,70,81,1.7444471809522117
10223,3.018353765907496,-1.3678573798523765,1.0266277684491087,112,117,135,1.8858031670459292
49,-1.6675247969102887,0.5949471755098636,1.343840462244478,30,35,47,0.12311076600025313
8948,2.008011383290273,-1.6186710356345417,0.9448263308090546,114,120,138,0.8965241080645339
11305,4.548650420898654,-0.5009595146217535,1.7434961290934328,236,236,236,0.19677113886155334
10196,-2.8379308997464245,0.3011282233455894,0.9022411317713172,112,118,135,0.3851369226315114
22,-1.8127646949302227,0.5968350269760567,1.5725177203182013,8,20,43,0.13743258126441732
9601,0.3601266548609132,0.7188180381830458,1.8908210990476686,57,57,57,1.0087529411627796
8465,1.0106410497938387,-1.604556565996656,1.2207822463460072,117,117,117,0.2679223682858413
10822,3.989752277095497,0.18352627951377265,0.8751527642158311,0,0,0,0.8486991202843046
9713,3.038224184613167,-1.4353914054172963,0.9834036274433022,228,228,228,0.5873927039591164
9018,-2.087875657558277,0.6420074657056989,1.8384615709837584,105,105,105,0.6586065400890467
11375,-2.661007947614936,0.5719509389185875,1.0567925541757215,0,0,0,0.37316960749273687
10266,2.056476254216811,-1.2224967259913897,1.22973003282946,231,231,231,1.0561448715631876
1984,-0.928563710396292,0.5854276030604455,1.3142149018789067,22,31,50,0.06327528614120231
7071,-5.304805482994066,0.7580023668679803,0.906233555464561,0,0,0,0.5477016618849735
9055,1.953061762445362,-1.6499189044813893,0.5931670304688679,83,87,101,0.159497185977745
11412,-2.8504166998902636,0.11020664416679227,1.0528782165919144,68,72,83,0.891770965954022
10347,-1.3496296799365877,-1.5378189080132767,0.3667390568910498,231,231,231,0.861465958339904
5260,-0.9740753965129745,0.5864900691523429,1.1554668763201161,12,69,42,0.40666019601559616
2028,-1.770602653467797,0.5938595573495296,1.6224866140851808,124,124,124,0.31406036086728595
7115,-2.5476569493710337,0.6288526482749408,0.8827322752948945,5,5,5,1.677909989106156
11456,4.023604969170685,-0.44644718385347826,1.1214919551611269,236,236,236,0.231192161348948
1282,-0.7996618225496066,0.5862204434497116,1.0955737553731746,123,123,123,0.2107951806220289
2001,-0.7673549244288975,0.5865420114386621,0.9759585515805415,56,98,69,0.27690582528026286
11429,-3.926233330856435,0.7596077974565147,1.9240892765319744,231,231,231,1.511295784628114
1255,-1.5618025003122447,0.5945167828441948,1.2793895967488789,16,19,20,0.1413903788587496
6342,-2.5503583429265055,0.24967740714216513,0.6513616201673349,99,104,120,0.2977350513491079
9082,-1.817032623350972,0.594803287258425,1.2377182221170988,2,5,17,0.27232143192203406
11439,4.073556644901592,-0.5254729654051967,1.1969069642720944,236,236,236,1.872137279438387
6352,-1.7419118805480163,0.5890262446123569,1.6024682750938612,103,104,106,0.24281916116075616
10100,3.3799547942099784,0.207934969651684,0.8108235493451441,0,0,0,0.7835501291321771
8825,1.0544996931530708,-1.6492184034593436,1.019751452726454,158,158,158,0.4405081495317748
11182,-2.428215390242144,8.542778332207083,-4.748764435479236,9,9,9,0.8977599372697807
6095,-0.5009028290597137,0.5854274481664616,1.3184647407570012,113,118,122,0.020229144149817576
8568,0.9478092360546646,-1.605600925544955,1.4202741454390364,104,105,108,0.19549635903835735
10925,2.964519161566855,-0.11683850946056218,1.1492456053816262,228,228,228,0.8048498258423218
751,-0.49261106331979554,0.5846217783086447,1.6519506717637757,3,4,6,0.4105739359638076
9816,-2.5783128882135835,-0.08377715288799809,0.8417108874131214,0,0,0,0.5049487327924295
10234,3.373993121379459,-0.22900189334819088,0.8213181228262818,92,97,112,0.38011491038834994
8959,2.023629695993058,-1.3068651324690295,0.844616290525989,87,92,106,0.8781571050887006
11316,4.606786609223048,-0.5037773216519601,1.7989991035163335,236,236,236,0.07173882425624144
6229,-0.543814406938937,0.5848147559694847,1.3189104943537093,114,119,122,0.6300663616429074
9612,-3.2180794959817285,-2.581612695043345,-1.1823081597381004,231,231,231,0.9924268456586631
10261,2.9395546980198666,-1.1965274110342095,1.171711755521541,111,117,134,1.3118459990019338
1942,-1.021727356519019,0.5859882156631087,1.0722813803280773,101,104,106,0.18541237936343882
9013,1.8659802555778984,-0.7826652148386093,0.5840868804747053,59,62,72,0.658167951126644
11370,3.9663630819093267,0.1483203200606492,0.877358312826601,0,0,0,0.011499105623156524
8445,0.8834993922310133,-1.6098758736997187,1.4451399749206828,39,48,67,0.16472133101985437
10802,3.9632941262177934,0.31530309097124176,0.8699805308076972,0,0,0,0.3538705894523484
5715,-0.7633673492354163,0.5930391733022136,1.337624376447406,124,124,124,0.02925001218076273
9086,1.155668682751074,0.7651882946091684,0.8849017436951813,32,43,60,0.35388905947637656
11443,2.680899690393297,-1.1006691992592739,1.367164162721962,231,231,231,0.752295181940923
9119,0.13929468514808585,0.7678341886920215,0.8450213201555739,13,14,14,0.9521719216308246
11476,3.775211712285805,-1.5955272509423852,0.9661730196932267,231,231,231,0.9612813415098194
8010,-2.7401475860672533,-0.09748151729310434,0.7984996301222045,228,228,228,0.33733875445348804
2923,-0.45139601777233773,0.5830727978440335,1.7168108088244396,64,70,83,0.14766081164737602
10367,2.985006870671347,-0.12786706013269383,1.0973790259332459,110,115,132,0.4700100927382655
5280,-0.5143304244428797,0.5846613814590862,1.0818432277113061,106,106,106,0.20247797630035322
9129,-2.6432927128205708,0.754225479258773,-0.031830892564116864,231,231,231,0.7824705127644136
11486,3.7630354915187243,-1.5323291500944833,0.8166572868695731,231,231,231,1.9655096687743192
10174,2.025804334720015,-0.8529293336360945,0.9192112631144731,98,104,119,0.3995683029147496
1855,-1.7341250257359544,0.5954492743935644,1.1170562190686026,17,50,25,0.14836198721483904
8926,-3.566974332480466,-4.247331143291701,-3.592943953094904,231,231,231,0.6081080505189346
11283,-3.4471466149960945,0.6970127699840236,1.061639492634587,0,0,0,0.4154843987102335
8358,-2.0643369208952618,-1.5661328099493739,1.21022315853569,107,107,107,1.1583643194523077
10715,3.856674642264538,-0.6004762712551731,1.1302429245795402,236,236,236,0.43918215733377486
11487,3.962739250231086,-0.26541274361733264,1.253402520248176,132,129,129,1.5200745636225117
8052,1.4270443794766356,1.302760743358277,0.4848461509578872,9,9,9,1.8386507237149192
2965,-0.9752654153386691,0.5867619712938155,1.071278145662336,104,105,109,0.07593521075457171
10409,3.2847053628662213,-1.7570509053710857,0.8400261870553397,231,231,231,0.24749598454247845
5322,-0.6547767044525536,-1.0915195599812069,1.358528725140892,8,8,8,0.10072436865446856
9300,2.7723930937371772,-0.1924081246525468,1.1734110729705107,90,95,109,1.065963428190044
9134,-1.9851455506445728,0.5919484022896038,0.225887337712938,4,4,4,0.9376561414930863
11491,3.7863782997548667,-1.358182577480863,0.8722532708728993,231,231,231,1.487378031133754
1317,-1.017723000878925,0.5845351896283,1.2581368812166955,100,102,106,0.19656332470936214
6404,-2.530707224510031,-0.2096723280928866,0.5506037302695959,114,120,138,1.2465058323063307
10125,-1.0461841186120107,-0.9643806547119511,1.0077344950405087,99,104,119,0.8348121549330485
11748,1.5771591086063859,0.7716986576359601,0.9104287304777113,124,124,124,0.8232558900526067
7173,-3.059805535435744,0.3252290257081495,0.738136681609274,0,0,0,1.7463485928681255
2086,-0.9798138634005955,0.5872951650316496,1.1655435989174556,106,107,109,0.43592728652584006
9530,3.0040022309940415,-0.02690608067732514,1.068317660192919,228,228,228,0.6886421029139652
9271,1.9387063463839707,0.7713764415442599,0.8943459759386023,6,20,42,0.24179893981969475
11628,3.025476282356607,-0.015850722643060644,1.0177294561479617,0,0,0,0.04433593967993703
1454,-3.5048351775869704,0.7132136042297081,1.1963614081693899,231,231,231,1.7563380522172924
6541,-1.0174729536944822,-1.5161116300855337,1.0437379620569334,8,8,8,0.05328821330411862
10032,3.383698728923182,-1.239647657541229,0.8321307080934555,0,0,0,0.23228199351479697
8757,-36.510811417114816,-30.658807040093773,-66.71267841396654,80,84,97,1.166400287371519
11114,4.051747048570102,-0.4476584377254512,1.135062175762894,236,236,236,0.511870059080217
10416,3.3291884602580892,-1.2246444329814974,0.7902075669619533,120,126,144,1.2926657989068728
242,-0.7819084523315483,0.5853732319825677,1.2745068167421734,69,72,79,0.07903721473246722
5329,-1.1306775540096692,-0.7963454305265134,0.5194823219070701,59,62,72,0.8036211651710636
2236,-0.8199345687810702,0.5871784321763012,1.5048938268013339,77,84,96,0.4437280629449629
7323,-1.3918459955091569,-0.8154622658655467,0.5177991095576435,105,111,127,0.4017720883336984
9307,-3.5802202498563633,0.49683088240454754,1.0829668667345183,73,77,89,1.0479813798958884
11498,2.7712370187746984,-0.9034612019690271,1.3072376068911362,198,198,198,0.35016755622421547
9280,-3.8698013580141057,0.7648833867693066,0.9369234693125115,18,18,18,1.0556687335712551
8627,-0.44631358613540417,0.5841841356240449,1.1457007741601566,124,124,124,0.8081728345210267
10984,3.0598848906613907,-1.5852729301216968,0.8817129541698334,228,228,228,0.23031030279288908
810,-0.7706477049436224,0.5868011983043826,1.2794220911829908,122,122,123,0.20930946560547994
5897,-0.35154078038298175,-1.7313474406515565,0.43879486629041553,8,8,8,0.35693043765813554
9875,-3.3872955132837395,-0.1812737910584991,0.8154657224919287,0,0,0,1.6990046408865165
10186,2.904529022937897,-0.1909925455496696,0.9387989519996711,65,68,79,0.6084619570999337
5099,-1.5290552026918256,0.5900097876861079,1.2344118043339296,18,25,22,0.09409228012858713
8370,-0.9144277230048479,-1.8026797064991051,0.3609198481698386,0,0,0,0.7073209798597719
10727,4.078916086163035,-0.5782539599328804,1.1345165617917141,0,0,0,0.35040002010375
5640,-2.852875343872347,-0.9523053078837795,1.0700344253726364,67,67,67,0.919949310302981
11836,4.588742581520732,-0.5088749638400303,1.7944870470515992,0,0,0,0.006455659748692628
1662,-0.7666374619097778,0.587212320699984,1.338828720436545,66,69,78,0.7692945368172309
6749,-2.514701791632008,0.7679488568593715,0.8944611200477015,9,23,43,0.20188848872406717
9618,3.046171595878895,-1.258813523553037,0.8568974130872836,92,96,111,0.12230327570326627
9142,-5.312375766249648,-0.8209214051554239,1.022478770865204,111,111,111,0.4617152111794536
11499,4.063273783623764,-1.4848277776019965,0.9862414420454237,166,166,166,0.6075432944020493
10972,3.4435214163741463,-1.7356144299920186,0.6726327911036079,8,8,8,0.11752504562937438
5885,-0.7692980734199484,0.5945027192796488,1.4149530277260167,111,112,115,0.1160443044724812
9863,0.7590361543019486,0.712813126867945,1.591509576941765,0,0,0,0.40284693598873955
9156,-16.995930057678137,8.28528907939749,2.3972246565319604,57,57,57,2.730446998846098
11513,3.5146526587101596,-0.7698444795615135,0.998590850373652,116,122,140,0.7688784904528627
1339,-0.9158657726426029,0.5843244653062967,1.6293194130871866,63,68,81,0.09918585305725014
6426,-3.467888093129464,0.7389526961913415,1.2454146232348915,231,231,231,2.2961386411404687
2224,-0.7163722975280895,0.5856505819793707,1.3017874585485623,13,71,42,0.04925259055155354
9295,2.7187284613043854,-0.203034353333086,1.1684849016240233,113,118,136,0.42665544791793175
10973,3.4435214163741463,-1.7356144299920186,0.6726327911036079,8,8,8,0.11752504562937438
9864,-3.5328458854393783,-1.6905230280217036,1.1821699385464282,231,231,231,1.0708884569779122
9157,-16.995930057678137,8.28528907939749,2.3972246565319604,57,57,57,2.730446998846098
11514,3.483103766211317,-1.2823939699165394,0.9395754743510607,120,126,144,1.19792979430478
2225,-1.3909118641690115,0.5952196496199313,1.3505300580613782,49,63,60,0.21347036615691128
9296,-0.9334199789346629,0.645464539671385,1.8990828556178694,158,158,158,0.5483959811484762
9033,2.0390778998328316,0.24833479681891646,0.915974359706076,100,105,121,1.9195445308360342
11390,4.507228538322131,-0.41884943431242455,1.7473610086479452,10,16,14,0.34488311190426285
8519,-5.106371302696081,-0.7802597688155651,1.264619176792252,231,231,231,1.996400010218128
10876,3.944715549166065,-0.4673648410511833,1.1280577100839513,236,236,236,0.323401856558457
9767,-1.3298391140089225,0.5960060055948884,1.3155314491243035,0,1,4,0.9651407174727544
10437,3.0335215522263623,0.7659109574908045,1.0605231361016156,10,12,14,0.12103737032212607
263,-0.7857891607484966,0.5888316636734248,1.0868047088568291,82,83,89,0.3796622332883213
9328,-1.7437514329102788,0.4924997673021676,1.6264454093547085,56,60,69,0.8200249649817632
9162,1.4458743847358684,-1.553120832163833,1.01818609650846,8,8,8,0.07933762768930352
11519,1.9491283307298566,-0.8522487434736259,0.7938981782199797,59,62,72,0.17907536252069037
1345,-0.8140307729648666,0.5845789846975809,1.5224890404864184,56,63,76,0.27360620530948787
6432,-2.1591393881877354,-0.9435428328361102,-0.057489865090714964,107,107,107,1.2080666419057728
10410,3.4004284207542432,0.7741073777657506,0.9077465046486505,124,124,124,0.3410118799813149
5323,-1.0017560971230277,-1.5278621787149713,1.0358783437908794,8,8,8,0.7730931369810023
2230,-0.6903302249460568,0.5873770783313594,1.0950172960558597,123,123,124,0.1182014513454424
9301,0.39982509091976426,0.7576249664162191,1.7738458592370296,0,0,0,0.6368708253052004
8081,-4.936363705762279,-0.9009062134139131,1.2692315995444803,70,68,68,2.1505937758788565
2994,-0.518666034634611,0.6950764375681764,1.3104549877292424,124,124,124,1.0370690310106951
10438,2.6489351528569696,-0.8043096741527869,0.8335051321151449,61,64,74,0.30784512888320215
5351,-2.665905542009981,0.7817519156852222,0.8914909495227671,124,124,124,0.15175540150561131
9329,-1.7380308843348375,0.7915448776770853,1.5738167784002928,42,47,59,2.2423970032281995
9163,2.1170684936451294,0.28929276828385064,1.2728556891041285,57,57,57,1.1203377086542101
11520,2.809020109475924,-0.17845321846947831,1.1813665309608141,61,64,75,1.8124939337364105
10411,0.9143992223755889,0.6977042219071823,1.5977998939604414,57,57,57,0.9855073528114109
5324,-0.9662133334223855,-1.6153521028720583,0.9489909760408638,114,120,137,0.9269689383830749
2231,-0.7616515782990949,0.5881671210871633,0.9555572763234137,123,123,123,0.34459017510878637
9302,2.0928406023733244,0.2657890868897318,1.1366863293690113,90,95,109,0.6778846606569784
10985,3.185687719164827,-0.2577369968361036,0.8949798664298062,61,64,74,1.1472575080908156
5898,-0.8100943436907659,-1.745826263025316,0.0011377349116035163,0,0,0,1.454156554902627
9169,1.1948470427005469,-1.741617482829274,0.8783377806520957,8,8,8,0.17128600656410076
11526,-3.563904622979789,-1.745413534741572,1.319753390325181,2,2,2,0.7848369107741889
2237,-0.8199345687810702,0.5871784321763012,1.5048938268013339,77,84,96,0.4437280629449629
9308,0.914128030871379,-1.6113176300559326,1.4588017860319378,11,24,50,0.38369068791844213
10187,3.030809781830353,-1.5285770794702307,0.9996192497725535,228,228,228,0.3674615523589356
5100,-1.5642813578892154,0.5891891353748446,1.213573839884688,25,27,28,0.11313795943565971
8912,2.278411065173681,0.1821099249893735,0.8482699642783728,5,5,5,0.20132962853748793
11269,2.988270131559127,-1.4030639076629803,1.088459571563277,0,0,0,0.5237554272067412
10160,3.1745480844750995,0.7429613367056902,0.9078965889376948,229,229,229,1.0987979191205293
10447,2.7531549534812005,0.09849491938226618,1.3644718179411721,113,119,136,0.36062720734489173
11529,3.5435233140970697,-1.0581037472511805,1.5341349791454602,231,231,231,2.182259237256879
2240,-0.5439200035641241,0.5860371515111849,1.30576760696805,124,124,124,0.10602406757702831
7327,0.06657841635733885,0.6979635683191323,0.4510161016378387,143,143,143,0.5508367765058249
9311,1.6283898065818818,-0.8360764677880813,0.5274075929072892,111,117,134,0.9717300283995672
10163,3.1698936188978033,-1.7398349252914216,0.8824120398922004,8,8,8,0.17141957264516178
11786,-2.4914065634233533,-0.1475609501106968,0.6493342700716267,99,104,120,0.3161779670689515
1612,-0.9436614354281092,0.5842936524040914,1.6860274720050752,4,16,42,0.08257002829241641
9568,2.772617405615387,0.32254791028533447,1.3277160508096422,57,57,57,0.7704359071918058
2103,-0.7282797074307066,0.5862359558358206,0.9754733911725556,15,90,39,0.862169144034614
9174,2.0555955287562684,0.158720425094106,0.9323348844239076,94,99,114,0.2851219653270772
11531,4.4010521845955015,-0.6722999586835421,1.671101173296559,8,8,8,0.2374087061873159
1357,-0.5061546630122316,0.5866251784783074,1.088316491913186,73,75,82,0.23692321011342038
6444,-1.3536697816023153,-0.8333132765314217,0.5719923692951936,112,118,136,2.7979017734153513
9313,2.3554276877339033,-0.20987739533212707,0.8702663769079028,113,119,136,2.1424265676550696
9054,1.8841897766690259,-0.8175421453074143,0.543502530347229,117,123,141,0.6776953955728465
11411,2.7338530477801157,-0.850470192121991,1.1602442656719574,59,62,72,1.8165289218722793
1237,-1.7178430411425238,0.5946896226236424,1.5676761883777242,93,95,99,0.2997675976400793
8540,0.9282615451771833,-1.6057386437272558,1.4463141464908915,46,53,70,0.2420807976517847
10897,4.068741317369829,-1.4682828675579342,0.9812587866181103,0,0,0,0.4233173383069557
723,-1.0021561497147093,0.5896238637311373,1.6181645923859729,8,25,54,0.9185046510294306
9788,-1.4554855171362675,0.5911229083675933,1.279448134183265,8,9,10,0.7430835738953016
10456,2.84756861864779,-1.3258607641940428,0.9415256276451233,84,88,102,0.8835611511036086
9347,0.3554411911200519,0.7520816605568659,0.8691994522088208,0,0,0,0.38709245386177127
9181,-1.0142886558100033,0.5646945548677889,1.3353271393624342,113,113,115,1.0581577562523685
11538,3.7372857892826197,-1.5109552563138564,0.7535154733851426,231,231,231,1.3572797335837365
6451,-0.9799394318673946,0.5862245081042967,1.0723869785198339,99,101,105,0.1130818064104211
10478,2.744953355562135,0.24555529403358367,1.2413387104446976,62,66,76,0.6579476582107558
9369,0.6298021139032074,0.7043959322347142,1.5815571167135072,0,0,0,0.25676788147168167
9203,2.0340766388498084,-1.2919362956939708,0.9261857434306274,98,103,118,0.1291766705054394
11560,3.6420272113791774,-1.7467412745095403,0.8776421153899814,8,8,8,0.1915967206849113
6473,-1.671022409261413,0.5937903849303949,1.621902567051117,35,41,56,0.1077478942870041
2271,-0.8070257487742372,0.5853423010502274,1.6132722424650356,71,76,88,0.20605614343267523
7358,-0.32424978486719414,-1.757761074501911,-0.021992886058522343,231,231,231,0.7462023693539217
9342,-2.2697700516923263,0.768509898005582,0.9165524166922973,122,122,122,0.2537936732449233
2133,-0.7082985878561989,0.5878619440292236,1.0956979615793507,123,123,123,0.2817012226495477
9204,2.09463022756162,0.7660151814802909,0.8991263102086637,6,20,42,0.14787801821807592
11561,3.9206713864251994,-0.26355461357910415,1.2590217930745533,94,99,114,2.526051471416718
1387,-0.7408798611498777,0.5824723308827313,1.2675945319944475,124,124,124,0.4141447968187405
6474,-1.671162891662445,0.5938388441857545,1.6217774299963617,35,41,56,0.12905067367336304
8433,1.591120617380975,-1.0598617631469454,1.3825221664602765,8,8,8,0.02356662747185785
10790,3.6107697530488685,0.7639628735710764,0.9902368763445506,9,12,14,0.13622289529249063
616,-0.5605335138139349,0.5847922979256974,1.6339486102956433,99,105,108,0.41025863602174395
11899,0.03592642911650734,5.848429290441167,-1.559257242269089,29,30,30,0.6938044465644616
9681,2.7216913166317496,-0.8455587221279033,0.9758172680023386,97,102,117,0.239823887009564
11436,3.0585605615860363,-2.443664803767317,0.36278673830408725,8,8,8,0.022133215544344845
1262,-1.7245801848680862,0.5965304611926374,1.1999725448640317,8,8,9,0.2473458835713936
6349,-1.0425612512380442,-1.2431872973620408,0.599720568441676,119,125,143,0.15034987121522514
8565,-2.020799592026523,0.6261691244115526,1.0782970929683677,6,19,42,1.080898109574882
10922,2.9355540115549337,-1.6176418418466572,1.2974956528637724,59,62,72,0.6418831671875668
5835,-4.235107042560999,-1.0043779720177675,-0.06540659192561216,108,106,106,0.9194042984285525
9813,-1.7195516753859246,0.5840774567465481,1.6176076214577702,91,92,96,1.4765057662129475
11563,3.9475104413810227,-0.4481549230244676,1.130613103913408,236,236,236,0.42109704488980504
9207,-3.7553707197545436,4.0687589433393185,-10.89577478434337,99,104,120,3.733597078724534
11564,3.370178390012306,0.20828501001336097,0.8525535419313439,75,79,92,0.599494541922454
9218,2.105186324774727,0.5726193572233362,1.2149754794464258,98,103,119,0.7941954519840331
11575,3.3228683736648206,-1.2551921335124894,0.8055297481169694,120,126,144,0.7598396984774745
8626,-0.9420581734839946,0.5789735347008704,0.9747280722896517,54,96,63,0.45393286095280805
10983,2.964545374673066,-1.2874008753430823,1.1937380171310368,109,115,132,1.0299644522019253
809,-0.9945839623399988,0.5850963670525027,1.2581355685446196,101,103,107,0.18063188896084817
5896,-0.35154078038298175,-1.7313474406515565,0.43879486629041553,8,8,8,0.35693043765813554
9874,0.7471979241456372,-1.649839352402546,1.4800454523788726,95,96,97,0.568227082002975
10501,4.001998219814787,-0.4685862091609472,1.14460189909425,236,236,236,0.8801400924527318
5414,-0.5257180767242982,-1.3575970303509317,1.1612200974058848,8,8,8,0.04687726232750679
9392,2.7664262773954738,0.10789106999855747,1.3567511982223424,115,121,139,0.3735085956390896
11583,4.050831640138462,-0.5249900727728847,1.1343671414824281,141,141,141,0.28697085434372993
10271,3.3699930555844464,-1.6749051806303148,0.8226985504120874,119,125,143,1.4295350961275892
8455,0.9101649983835254,-1.603562346034719,1.2819184513943076,104,110,116,0.45718151825803705
10812,3.9733591741935474,-1.483928160046179,0.9537050007575982,166,166,166,1.6782994369288566
10181,3.038699395944839,0.7609719099162351,1.0930750632975506,9,12,14,0.03265799782408245
9586,0.9870457526676256,-1.4571279399908579,1.2011139392392338,231,231,231,1.4019759901895983
10241,2.810111118631645,-1.3664192947312714,0.8924217561392076,231,231,231,2.9932493651740986
9646,2.9129154853054082,-0.13454782478075855,1.3050893352516661,114,120,137,1.3022374030786468
10525,2.619541901542818,-0.8217122080737878,0.8720886556753241,117,123,141,0.467550978514066
5438,-1.0814529695387711,-1.300036189446593,0.4752646729936705,92,97,112,0.34771895474486597
2345,-0.931804215254024,0.5874655162559268,1.0947347182850642,122,122,122,0.2535557483814157
9416,0.5684627201663424,0.7326198432098425,1.4935121102797912,142,142,142,0.2770856442067952
9250,2.0105224786313682,-1.6656978115297212,0.93687000619711,8,8,8,0.08123887269727331
11607,2.7043867691456978,-0.9214142237666518,1.3078537294241475,231,231,231,1.084563967530328
10540,3.9558718519677134,-0.4566269494531161,1.1172780019792912,236,236,236,0.607902225202422
5453,-3.1166173135488697,-0.1734721363433402,0.8568470054373252,84,89,102,1.5833202810688214
9431,-4.986832725130803,1.8397345724842213,-7.277585573346585,61,65,75,1.2544910201134398
2194,-1.03926720069901,0.5869886190314362,0.9480353844627193,124,124,124,0.5818781910233118
7281,-3.0895552976902922,0.2607094395100764,0.9663562430812983,94,99,114,0.33937034556401946
9265,0.5687193686458251,0.7317571464529748,1.4945596380843718,142,142,142,0.43699333599795126
11622,-0.9643769477682884,0.590212516142943,0.9659441420887528,0,0,0,0.08114489019946713
10123,2.971069551923957,-1.5506211026852241,1.1258610281301642,228,228,228,1.1100360824596238
10664,3.80098187718774,0.12756727584659178,0.7469940035789677,114,120,137,0.7105266524594004
5577,-2.5672269049680874,-0.00331904147060591,0.8207611196295747,228,228,228,0.32606618925125896
9555,2.001971308109896,-0.9250732488315899,0.9824785663531589,86,80,76,0.432861893724862
2318,-0.981927957898399,0.586470466181958,1.628795923302599,88,90,96,0.5756855560464524
11746,-0.910396701491321,0.5920121034169554,0.917327880825828,107,107,107,1.6486389144159175
1572,-1.7559642232005959,0.5939078176232635,1.1044726855855291,0,1,1,0.4683581156962209
6659,-5.281836120021415,-0.72661895321288,1.022095667226512,111,111,111,0.2671465692015302
2347,-0.9452096693813861,0.5867757299585827,1.0723275942884731,101,103,107,0.19620492345297616
11775,-3.147886101240901,0.6310665515314826,1.0031499888941058,0,0,0,0.7606292577350555
1601,-0.940206848270607,0.5848576058683628,1.5052169671266298,73,80,92,0.22320594910385258
8647,1.6100260545460368,0.7680348336312708,0.8927054116617491,116,121,116,0.2217470031025305
11004,3.3923478847673363,-1.6869361123971722,0.8196179067459087,8,8,8,1.6072390021940706
10206,2.9294004816082113,-0.19360079115104223,1.1852674732851671,113,119,136,0.1769075550293283
32,-1.7400513799691493,0.5844442629873265,1.5630424332997415,6,19,43,0.17365400488908828
8390,0.8284419048825662,-1.6034126972635916,1.2653470440533217,117,117,117,0.08633751101317894
10747,-1.721137518379876,0.6013951827262933,1.130232062512654,37,45,45,0.26822697931022266
573,-0.8693153576709669,0.5844408417689644,1.6047995753560675,13,31,62,0.22921817518977083
9638,2.914482408510332,-1.043248996403984,1.4359934832307983,116,122,140,1.0956518251231124
11802,4.065933856138444,-0.5068891798967535,1.1415066270726952,0,0,0,0.2733448699931259
9584,3.014828919325362,-0.047550644965008326,1.04833715615039,228,228,228,0.40467406355480345
8674,1.6260188427698072,0.20747775161539683,0.7967962779716777,5,5,5,0.063354279805456
11031,3.3370957910911994,-1.623446603544849,0.7437633487543458,231,231,231,2.745709400801242
857,-0.9830755310098698,0.5849917671123632,1.6765939068769835,123,123,123,0.09330258738685109
5944,-1.835006896365973,0.5918326277525674,1.5135231263326525,53,58,69,0.34451968749578893
9922,3.0725286717383913,-1.5801484932522192,0.8856746820877269,228,228,228,0.48614480470146587
10173,2.9363246168346318,0.11724101579650303,1.299695941988211,110,116,133,0.3344609789357334
11796,-2.215199698425789,0.1934323411665302,0.5518248606155256,0,0,0,0.2845948107862037
7221,-0.7436154735600948,0.5841714227581933,1.3127607323002382,98,104,109,0.14301046653614485
2134,-0.7710379192950296,0.5859633950841765,1.0719343649272894,102,104,108,0.06631044683478192
9578,-2.872488178234938,-0.04890276834775059,1.1579643062132563,74,78,90,0.7081458604626722
10227,3.078355434431283,-1.3765607803027198,0.8918711998753307,228,228,228,0.7289565064854789
5140,-2.8127106867208087,0.6156375374263965,1.0717946450545899,98,103,118,0.9799741887527228
1908,-1.8400787895202524,0.5941988815706571,1.5795869276246355,93,95,99,0.31970351476082765
8979,-3.5877782865991388,-1.7257932460060184,1.1833878497758685,2,2,2,1.9322833280628648
11336,3.968967282462623,-0.4830615708783037,1.1692525033961036,0,0,0,0.7998694848494352
9632,-1.5384252326126218,0.5886750439558355,1.2214398282538481,44,50,49,0.27820460441083106
8411,0.8267375905641856,-1.6063076635745355,1.3413139709386264,45,78,57,0.1802109358462062
10768,3.258486833199564,-1.77379691215092,0.857333287120495,8,8,8,1.1650737005698517
594,-1.7755202925682614,0.5940268106888327,1.1326417981949155,56,58,60,0.18167273934341768
5681,-1.430192746689058,0.5934410670899222,1.2947313627692218,68,70,72,0.3594380210312744
9659,3.0040187693046656,-0.027094782825797026,1.0681594633341613,228,228,228,0.6044092604348648
10232,2.889226358974481,0.13009841468619077,1.286497585919605,110,116,133,0.9150322491619921
7141,-5.453136847965649,-0.6885113364079892,1.0065567442554957,111,111,111,0.6849874807858175
11855,3.253524326007944,0.7487928271665039,0.8924522961407404,0,0,0,0.2836007845325978
9637,2.537234995825621,-0.7942874708077103,1.3751893020556183,0,0,0,0.31875594285833475
1996,-0.7708023712298058,0.5853790968111274,1.0722943071877373,94,97,102,0.17623434079790024
9067,1.990097401723879,-1.5304159360293768,1.018360203429317,119,125,143,0.3961816828423394
11424,3.2466851861496306,-1.7677621877953478,0.8618084306140562,8,8,8,0.3123954988902007
10182,3.039150184077323,0.7602864892911723,1.0639889603746715,10,12,14,0.04279125376716586
5095,-0.4711389858610884,0.5843648793579705,1.5998039128005188,75,79,90,0.0668638553459855
8339,-0.4465539802379628,0.5856533642159356,1.1797798415813667,124,124,124,1.386640809319507
10696,3.1513642736338547,0.7656187805272641,1.014580044970466,9,12,14,0.08705720975686507
10231,2.7783047292791836,0.5507586257681814,1.3392039193446696,59,62,72,1.1459015238567143
57,-1.3741930726839926,0.5879356973862937,1.3409282459399567,11,13,15,0.2940977965123084
5144,-1.491981661375164,0.5903366878580818,1.2332674183829142,74,78,79,0.2951614316835321
11854,2.278493501911329,-0.8476834334131986,0.8507428338995904,103,109,125,1.8053970017004017
6767,-1.3422837269745629,0.18895457399738258,1.6709807458702788,18,28,47,0.2406155197424326
9636,0.12390204873586219,0.7602778273205031,0.9158875303723361,17,19,20,0.5346480201101919
9125,-1.0063189775004866,0.5884998781646145,1.2739055834049968,84,86,90,0.7544642201006042
11482,1.898015960876329,-1.0092646243352408,1.1280936567525104,191,191,191,0.7381206693012792
6395,-1.6338992959348388,0.5819744323670768,1.2758222437265312,0,0,0,0.1261678875225267
10968,3.3790340163829438,-1.7119098722211015,0.7887114160633604,8,8,8,1.114576109387714
9859,0.6303782179707301,0.7663976594031896,0.8569221610753622,29,30,30,0.8427861191001814
2181,-0.7971600701526937,0.5838824385609929,1.0698106427778218,124,124,124,0.49521330904737865
7268,-0.4547242612521263,0.5644240723988905,1.7024294616814382,3,9,32,0.8142193068567852
9252,-21.54857392396724,-23.84443063442521,-15.683561712910368,231,231,231,0.5989661914353851
11609,2.7440033757868427,-0.2061798308318153,1.16915332833427,61,64,74,0.45681818062991425
1435,-1.3917862780762733,0.5976572351922536,1.3178936374124384,4,4,5,0.8847448940254008
6522,-1.6093440299400394,0.5877603663493514,1.6220978151519605,103,104,106,0.3317982758947012
10500,4.001953043665921,-0.4683942486038109,1.144547586367041,236,236,236,0.9262983455064959
326,-0.5357939278478505,0.5843403153471216,1.6243818932911638,108,110,116,0.1760026581364834
5413,-0.6474571597052359,-1.5258624602226094,1.0365404596824705,8,8,8,0.17062178668543349
10113,2.9094293771607713,0.7652958140827395,1.1273379879693728,10,18,13,0.4287006993570661
9518,-2.747879889129377,0.7649065192683222,1.4823101209799394,29,36,53,1.3784714157503362
8608,-0.4694152784580605,0.5737184359662946,1.5099490845605694,90,95,106,0.15797788268377153
10965,-2.0204228462493314,7.045417057603636,-2.7524656866965995,9,12,14,1.6081604153226292
9856,-1.4689692552449065,0.5917766118103505,1.3043107055707879,12,14,15,0.9904749409510247
10180,2.5513112706711185,-0.2550741374008,0.8621460556225989,61,64,74,0.024299287146032418
9446,2.933514544840799,-0.15222978536911153,1.2961303618567448,115,121,139,0.7916072832127592
11803,-1.3979589390951928,-1.45017470334139,0.9662386271701833,0,0,0,1.8007449735895955
9585,3.014598364483471,-0.047457144766437864,1.047951213966401,228,228,228,0.4512664961528037
10910,4.0432915682545385,-1.4844995463804302,0.9964009369148245,0,0,0,0.11026937271974711
736,-0.446315867430376,0.5860079162397456,1.1764121956117206,124,124,124,0.8806726285618773
9801,0.5593124320411271,0.7663647574456482,0.8441356453125606,29,30,30,0.4911616280747572
9094,-5.715367594593678,0.027941547179017756,1.1486586573133,0,0,0,0.8836775907523959
11451,3.000975539749609,0.6231566499781616,1.0314785208387063,109,115,132,0.354958126187892
10862,-1.752408566306872,-2.1224441250029678,0.5935271188718292,0,0,0,0.07884108907164439
688,-0.9531631548593951,0.5864557502187853,0.9693546425915097,87,108,91,0.28777584509195353
7396,-2.173781342053976,0.14833870467977106,0.5805001724050076,93,98,113,0.03676789228731019
2309,-1.3228629193167976,0.5883255196710309,1.446300133978067,12,90,38,0.7075338403130882
9753,-2.0069560130463397,0.6017927952666087,1.0610669190687934,187,187,187,2.0028751783006107
8756,2.1064722674499885,-0.13132973811039295,1.2538727312942182,115,121,139,0.6721977211507574
11113,4.0020192677918995,-0.5325163158993989,1.1294382476922995,236,236,236,0.3423488828993487
11654,3.920393366715826,-0.5777194172546015,1.1291764175176953,0,0,0,1.9758376260393966
1480,-1.0458134423276322,0.5841055285876151,1.5265187655240438,33,41,58,0.10267408402446454
7079,-2.962669517401865,0.5521469549596856,0.9694442469049729,5,5,5,0.5364556415501005
9436,-0.5094937620025752,0.5854384056249968,1.5070205073645981,91,97,108,0.1043153260089281
10116,2.7487802894440265,-0.12454156387342596,1.3159345257782875,73,77,89,1.6648253113674905
8300,0.08623145656555309,0.7786222689814497,0.9379217789811145,57,57,57,1.0422063396194812
10657,3.3864781265820527,0.6034768412045435,0.8689979001747394,119,125,144,0.5850645390754435
5570,-3.8236413139376633,-1.666754671694515,1.195262300700886,4,5,7,1.5143864278419032
9548,2.015200758492769,-1.140691761104617,0.9884940573083678,231,231,231,0.26297787697382763
11582,2.8079797597183536,-1.097824280827232,1.3476248486003801,231,231,231,1.0259620362731157
10270,2.9277974384808845,-1.195760094319268,1.1595911113676542,112,118,135,1.765457564522129
9675,-2.5168051004395355,-0.12341622284278786,0.6599845367419932,0,0,0,0.8034511590038251
8454,-1.6407631141830623,-1.4193909524113755,0.20572341550674467,107,107,107,1.6674696584335684
10811,3.6410500859430117,-1.7478815397827383,0.8767152533774214,8,8,8,0.20049439595702573
10213,2.782061040479957,-0.8801345216507938,0.9735203940420811,84,89,102,1.55804722885138
39,-1.354671995634738,0.5929786039893667,1.4810396210639896,29,32,35,0.04881642471702637
9672,3.0390122086943876,-0.040581054105978676,0.971663969259701,228,228,228,0.045101160628404656
10808,3.8624287908596338,-0.5983623924575611,1.1325043052034176,236,236,236,0.5098249799264548
9127,-1.7554305675048667,0.5948924937057531,1.1127967678949031,62,64,66,0.6053567448389731
11484,3.683965857369616,-0.7077609108044297,1.0955703854020133,0,0,0,0.22360933005238653
8613,-9.903321147469313,-7.332442298865589,-17.147931509086416,117,123,141,1.3133244017964991
10970,3.356872298719094,-1.7523001018071642,0.7390680865081647,8,8,8,0.12346942413347703
5883,-0.6613671230454288,0.5857625160324136,1.6292237231670041,70,74,86,0.011780654166432083
9861,0.7727427539032933,0.7199480636303635,1.6276359278857984,169,169,169,0.33976020755164604
2639,-0.8937017776589768,0.5842030684127975,1.604824469988977,12,30,61,0.03931479724931701
7726,0.9983580260726514,0.7765055618169066,1.014014158597458,0,0,0,1.1861652237366704
9710,2.951776840937354,0.29333573955178915,1.312660433845176,112,118,135,1.4381238631997206
8002,-0.9009848525047519,0.6029901455598417,1.8638604603573872,158,158,158,0.21887880921559064
2915,-0.8726297072276648,0.5635563985634833,1.6240756559164895,11,29,59,0.4216815239357935
10359,2.9393621467003066,0.552750630191535,1.3420979220748295,59,62,72,0.43322429287835823
5272,-1.3298847075256592,0.6032701355198171,1.4692160561111822,4,13,31,0.5697224382410749
11468,2.9675170615464843,0.07432183707023732,1.1463739946121307,228,228,228,0.3203137618888411
6381,-1.6181023369373868,0.5838947594001438,1.2846847010080995,2,2,2,0.5450911504941715
8543,0.9896533420917367,-1.603824047071113,1.2821339575047337,82,90,87,0.3047204695908241
10900,-3.0277562692417823,-0.051540180043510964,0.2318109186340811,76,71,68,0.30533282958420505
5813,-1.3622524659810162,0.5753066216640284,1.4530743011578546,0,1,1,0.9749096693930627
9791,-1.3368946087984481,0.5931506023565247,1.4664734778903719,96,96,98,0.5823621370302156
10069,3.036870987843536,0.7621745064589229,0.949215725032188,9,12,14,0.1392268115641909
11692,4.0256883509388635,-0.4683157081684833,1.135695728950168,0,0,0,0.3080898145004834
9474,2.937666778197281,-0.13885799976453378,1.3084058225298583,115,121,139,1.8079920806942449
10247,3.3680331594202797,-1.2619475908581275,0.7964921217682606,0,0,0,0.32580232429470446
73,-1.7089100309261553,0.5955280074470068,1.1663034380528297,87,90,91,0.26626953652039276
9513,2.928727294430005,-0.8815128963326084,1.3573474540272075,84,89,102,0.2600231239517557
11870,-0.31438065483346045,0.5861686460308786,1.292885745191449,105,105,105,0.43071667568282024
1696,-1.617421014812713,0.5934742244907327,1.6162032829360236,64,67,74,0.11584058224386098
7295,-0.7370960593347711,0.5772070007233412,1.524065996569431,73,79,90,0.14176478383268862
2208,-0.5218389620655226,0.5829002230039873,1.6118821976060602,48,51,59,0.39050626069909083
9652,2.7613330910250564,-0.16539993018939209,1.0055056719949882,92,97,111,1.4188916417719708
10177,-2.5826153224400223,-0.21979142270429514,0.5189374048217559,0,0,0,1.3592351118227308
11286,-3.535592266907052,-1.7489651723909028,1.3829914054854793,2,2,2,1.9456000515442244
6199,-3.3378155457925565,0.7462745253317675,1.8990210940027328,165,165,165,0.7871422849141189
8361,-0.8813826098097852,0.5965374842745856,1.6812999328841451,5,18,45,0.33757711620547437
10718,3.3278543255484587,0.6351829371159872,0.7436654224593711,231,231,231,1.296485389608945
9582,2.776919910193829,-1.1625899200639656,1.3319306833721878,59,62,72,0.829087111712474
10204,2.8530716781938805,-1.3073033510755774,1.1948394207725985,89,94,108,1.354167908209441
30,-0.8691147656867866,0.5851996629172809,1.6173318694898053,16,33,61,0.2447700829661117
10235,0.4365071305325994,0.733649102528124,1.7160407949783132,0,0,0,0.763355542046454
9640,2.781861308174567,-1.3532501925115663,1.3205920697187379,231,231,231,2.065945502625537
8597,-2.2128548026307926,0.622559578785759,1.061281253976074,231,231,231,0.509844246542518
10954,2.790163683233794,-0.8774088449367627,0.9548377831237754,59,62,72,0.7632244008546083
780,-0.6698023003734779,0.5844999077048405,1.521328051391499,45,55,75,0.082080986139929
9845,1.5028451166622994,0.7655616308463857,0.8806982693218097,95,95,97,0.5507074349118185
2067,-1.3559324510345707,0.6265832245609115,1.392712761623166,2,3,3,0.16007396156433856
7154,-2.928266661738664,0.7546700167435136,1.9104444509545848,231,231,231,0.19518829930688644
11495,3.940148311160085,-0.5548099957377891,1.1190608670245163,3,3,3,1.3002125735167736
1321,-0.708136976050409,0.5854690840290195,1.2743595329089619,74,76,83,0.31361107773835534
2206,-0.48556843466833777,0.5860193988329203,1.6295072070700845,16,19,22,0.1351972302420632
7293,-5.878057824837583,-0.35016410669508713,1.0270170322576102,0,0,0,0.7394753195731872
9277,1.9168817027946334,-0.8467046524065138,0.4933661988623934,92,97,112,0.44795373802962135
9165,2.0628228418921273,-0.22703350134083483,0.9047830315493847,61,65,75,1.2058301244207874
11522,-3.7454647031629595,-5.578016457840663,-3.802114472779768,0,0,0,0.2673479165701823
9304,2.7744382314452434,-0.8672904374357826,1.1765965951328168,87,92,106,0.7074351432178809
8624,-11.333149935379648,-6.515297718441799,-19.813949721238785,118,124,142,0.2515371491545847
10981,2.8986852487578805,-1.6015211626262411,1.3271616371758808,231,231,231,0.5374114754951425
9872,-4.987839153847069,-0.8269615611156138,1.1972472056776253,231,231,231,1.0575669193039579
10233,3.222697743792706,0.7576589002378906,0.8827377008317197,11,11,11,0.5138459754341189
5146,-1.5656429248101493,0.5924430331132626,1.1913941759714117,75,78,79,0.2757234764578776
11085,4.531964618456993,-0.4476552955629401,1.7634612358891872,10,12,14,0.3367595480472013
9976,3.0281835394962724,0.20688563870613097,0.887136891326151,0,0,0,0.3990646162602138
7986,-1.7820676320445634,-1.484800839474435,0.9329639713182368,107,107,107,1.6092465833921292
2899,-0.9364459411293145,0.5823493130058783,0.9607127025234368,14,85,39,0.5330415721143588
10343,3.3310559421839088,-0.23680810237296995,0.786716029606016,0,0,0,0.04558668828234066
9095,-1.7359189332719875,0.5975718727950745,1.1132517776549897,44,62,49,0.7716845577747635
11452,3.0844060887148594,-0.13349875744148865,0.9086119129806637,99,104,120,0.4583416922965335
1997,-0.7262889116636129,0.5864779778949036,1.0884186497438626,75,77,83,0.13292285962857533
9068,2.0903763351220075,0.1370590109567169,1.217506091311332,98,104,119,1.396516371287577
11425,-4.585927885227823,-4.6614657114322995,-2.7876983262620674,0,0,0,0.3815049864697034
8551,-1.9762829641489983,-1.7715866575802357,0.39532261656926426,0,0,0,0.6951770526153185
10908,2.94037869010736,-0.20776082019080455,0.850440903467661,86,80,77,0.295136684074806
734,-0.7446259729181688,0.5863079411677694,1.1562163620224668,112,118,124,0.41635612225667545
5821,-0.6334852767043628,0.5851550663472849,1.5163974675273786,111,113,115,0.1413116338684672
9799,0.7729760589730408,0.7655681626368294,0.8603872299271961,29,30,30,0.6918288972957388
8323,-0.9794624165541266,-1.372386568566727,0.9767978086297237,231,231,231,0.6320672224303069
10680,2.8922601283218365,-0.8747300648210032,0.7943722809793174,0,0,0,0.4712703971727128
11928,2.801589162231293,-0.8698370236347313,1.180228927875453,59,62,72,2.0951172159212432
9571,3.028683894612681,-0.006986675792740926,1.010524229372977,0,0,0,0.22254523311949265
10166,3.2527471094393845,0.7417697972029922,0.8650435189400221,230,230,230,0.06804941293734262
8891,-19.208617899440622,-14.813135315974252,-8.826116578011465,0,0,0,0.8286737926488922
11248,3.815305132760463,0.347329551268286,0.8326852143614524,107,113,129,1.375286706806893
1074,-0.7531071246129284,0.5853545600760359,1.5222821408598306,47,54,68,0.37947140459019874
6161,0.07732801250568522,0.7108175653132929,0.4094766041593574,0,0,0,0.2192118965206343
9175,1.96577400549891,-0.25886259683539303,0.8484253060444714,61,64,75,1.457689361782489
11532,4.264994708427525,-0.8820647564885264,1.515896274188474,8,8,8,0.008735662618051235
6957,-1.8374088495075327,0.5944718332933516,1.6069632915877374,29,36,52,0.01695903501804916
1870,-1.0351769149002017,0.5851967829597664,1.5226899424188318,44,51,66,0.16804018559259262
2243,-0.502735647572125,0.5867383787708773,1.1315098430393433,124,124,124,0.17680677967251354
9314,2.3554276877339033,-0.20987739533212707,0.8702663769079028,113,119,136,2.1424265676550696
10991,3.2895403470232503,-1.6608065355799437,0.6936860692222329,0,0,0,1.3364842032832438
817,-0.7418111112364114,0.5861693104341219,1.2564336577018063,97,100,104,0.14601194027526718
5904,-1.8972215343757215,0.5926509811233809,1.600864697761583,6,19,43,1.131161647463176
9882,1.9644644229986645,-0.8438258628697335,0.6381287165573413,97,102,117,0.23104220533304587
10134,2.2822785884796617,-2.200579649703039,1.0619519904599282,231,231,231,1.1666637726981264
9139,-1.8659563357316333,0.5849516300110882,1.4768121417734545,9,21,43,0.4161488144211408
11496,2.0409044003159664,-0.1991239532497444,0.9193268940990438,100,105,121,0.6328617116390088
1322,-0.9736265434811342,0.5822162655141874,1.0831983420443323,124,124,124,0.30858031097682737
6409,-0.9669256239128923,-1.6706943761555881,0.9294829034278416,8,8,8,0.5609246366685144
10127,2.9433588051420037,-0.8815235003354351,1.158453080198452,112,118,135,1.6639294938003413
8311,-1.1038055465239887,-1.5628083532143464,0.36335000921535476,231,231,231,1.7139019745012016
10668,3.034107710876906,-1.6805630914998366,0.9692181471766944,8,8,8,0.18707990026598376
9532,3.0106003792362683,-0.01429131242363102,1.055437198187712,0,0,0,0.9062497891520067
10228,3.2727518616261637,0.7610772587553212,0.9717195703456267,9,11,13,0.1144678422279452
5141,-1.4486086385943153,0.5909938290126047,1.3679115833985596,80,83,81,0.004175436062147994
7137,-7.017289989183821,-8.577378673165137,-4.25805935260529,0,0,0,0.18206020826823227
11851,2.44880066149195,-0.9370269314820905,1.0590015166965385,59,62,72,1.8891633720546173
6764,-1.8649170855428876,0.5935438969975539,1.6221009945796852,35,40,55,0.055329963845665436
8723,-22.757215583100148,-24.951529682873506,-16.313550223812197,0,0,0,0.24855287426591507
11080,-3.310701699598203,-1.6940658292473396,1.3004226379813721,0,0,0,2.030556285693227
9971,2.8382647083936825,0.2617102668218161,1.116551901917049,64,68,79,2.557457217904358
10101,-1.116007759155194,0.6207195852791711,1.5162276955772358,90,96,106,0.6176269138696366
10412,2.8066403949470153,0.2631446782641318,1.2935983523814634,99,104,120,0.6206143318605603
8596,-2.8295229221568463,-3.388046488815025,-0.34241891593123785,0,0,0,0.1393348065342973
10953,2.6921441530649304,-0.8992764810141058,0.9233956184760822,59,62,72,1.2763896472162963
9844,0.7969944492431715,0.7684323985853461,0.9047928495500177,9,11,14,0.7427257266516393
10237,2.8947522291266132,0.5734790327496535,1.2891803933363404,108,114,130,0.5216512480517151
9642,2.779037868123818,0.2996534148719855,1.318802429582348,57,57,57,1.221381846582535
9249,2.0324048425664527,0.6503830245943965,0.9613643772935985,9,9,9,0.21580757392659725
11606,-0.7879405050875019,0.6055505602933433,1.6142547986582874,44,52,71,0.056782183758946725
1432,-3.061897008299502,0.5404396344741584,1.3197366415423386,59,62,72,0.40818518575118645
9388,-10.330776905002775,-6.343245641946599,-2.531533197995936,0,0,0,0.3853844458908643
10098,2.635501898561208,-0.802775074477277,0.8485965427250952,60,64,74,0.16280333721385984
9364,0.9588036244423477,0.7789419522128305,1.8957990953297053,57,57,57,0.23191908612611403
11721,3.8550554343279835,-0.6007911613115785,1.1287269572510894,236,236,236,0.47797192909994046
1547,-0.9986507253162737,0.5847243492785683,1.6804850165526306,4,14,39,0.09260357348985145
6634,-2.544199605795573,0.18335504374160283,0.6399965834426948,0,0,0,0.4948860736555403
11860,-5.804982182740844,-0.42619856217992774,1.0272157561698618,0,0,0,0.7227303341173388
9503,2.2846179743434663,-0.21240329396805796,0.8529579482566861,111,116,133,0.47369199370796766
10097,2.892538176127546,-1.2536262795511095,1.2096556386442492,73,76,88,1.4818108835691626
8849,1.9501696915279458,-1.2616787147830746,0.5880757319352388,59,62,72,0.6484389246260283
11206,4.03251672454415,-0.4534328044389494,1.1208432696537756,236,236,236,0.6300270994068478
9502,-1.254271512565957,-0.8057035126237653,0.47882221908227196,0,0,0,0.0031735126101044807
10124,-1.0574169756993586,0.577312703181567,1.6294970614348459,104,106,108,0.47562559008363137
2279,-0.5460702759604401,0.5869352106270336,1.522580941877713,74,80,92,0.34622906539431825
11707,2.9731189868403627,-1.3819675635694235,1.1465256058920028,228,228,228,0.34856823361822187
9489,0.763573633903594,0.7237823695888814,1.662213075538283,156,156,156,1.4090093039644538
10911,4.0432915682545385,-1.4844995463804302,0.9964009369148245,0,0,0,0.11026937271974711
9802,-2.5374210158882344,0.656706337963604,0.6518002006546058,4,4,4,1.6246787234483318
10210,2.8678751752775424,-0.8795774899912316,1.0628507750325755,106,112,129,1.6695788722845215
9615,-29.97645434738727,-5.8810184398685,-21.4699513242737,0,0,0,0.5891088222213949
10083,2.8300956712533063,-0.15708488470298315,1.3175396025951587,111,117,134,1.5683332711087326
11192,-6.487082095790216,0.7891482418950646,1.7901684177971917,231,231,231,1.6893145515330967
6105,-1.0831268072494513,-1.4253306913827737,0.4492312683505322,231,231,231,0.37213407613108035
9488,-1.1567390720939192,0.5953301116695318,1.5971031389970147,105,106,106,1.6588545526563905
10110,2.772518589418363,0.6291017143936863,1.2828058981499089,57,57,57,0.852554104770321
8294,-2.2876735435270956,-1.0036749057972925,1.234368001034602,0,0,0,0.5578863099564964
10651,4.08026678281292,-0.5741745723681694,1.142476964509321,0,0,0,0.6155397718659128
477,-0.8867804823316305,0.5870226985389713,1.6126669807648841,74,78,89,0.18664298925307657
9376,-1.05657168846809,-0.8706927610685361,0.4854326653189065,0,0,0,0.042471546497637944
11733,-2.567246378232898,-0.059560248360083,0.8193615041779025,228,228,228,0.301454404390264
9515,2.9290877640442825,-0.1959089836871858,1.2737707955593542,103,109,125,0.4546235898828568
10252,2.444332081259084,-0.15211138202558105,1.200217185759842,73,77,89,1.8374062478989084
5165,-1.4846454902173103,0.5973480980551062,1.3012638389809128,14,16,17,1.8363081845723024
8436,1.481244828314619,0.9797057337010346,0.7689651696833453,123,124,124,1.7563898585215179
10793,3.852421219829088,-0.3976021048251149,1.1275093163283563,236,236,236,0.292422576001996
5706,-0.7978938946165366,0.5830905726089066,1.621562539513774,18,33,63,0.01732065639421537
9684,-0.05497928306144395,0.7655893693838791,1.8799891251631584,57,57,57,0.7171888385105657
11588,-3.466995141525134,-1.728806054701797,1.3259463417566364,2,2,2,2.0575688890488797
10817,3.2550304249583863,0.6114036502796312,-0.24396739450688365,62,66,76,1.1786236965132435
9708,2.9112290936041565,0.27350594542187623,1.325579081047122,82,86,100,1.421211710255187
10072,3.056877121667577,-1.5518467388345993,0.952288622466063,0,0,0,0.7377100756805655
9338,-1.6143325603376644,0.5949057353869638,1.2876226881713193,1,1,1,0.11791076569991371
11695,3.995460220474184,-0.5616403932434416,1.0793232847180207,0,0,0,0.16405786938250447
6608,-1.6736506985187978,0.5948427565587977,1.249931735163441,1,1,1,0.0004907796266077908
10111,2.8164450389108673,-0.8588572289957124,1.27088383685774,99,104,120,0.6523556542524565
9516,0.527602617024731,0.7483353659766323,1.6898121637909955,142,142,142,0.2935602402392248
11586,2.5786694744115906,-0.2652474390781054,0.902281327355056,60,64,74,1.6549266969187062
2297,-1.4335165262465321,0.5929414617705278,1.2938531963275965,86,89,91,0.08783275438502418
7384,-3.3514119676917065,-0.09130016446946798,1.2659088607021372,231,231,231,0.7776821534976905
9368,-0.8845617244146955,0.5883760635072437,1.6035171835160802,12,30,61,1.6167306298975208
10220,3.0116206522537974,-1.365393306844237,1.0518947953227356,110,115,132,1.04331357434873
5133,-1.0002599695021717,0.5842641226215521,1.7000713324405,4,15,40,0.1487919293522625
10216,2.9940871367149953,0.05698305564303918,1.0939505361948112,0,0,0,0.4080099144906809
5129,-0.739925764055744,0.5853383580040163,1.2753164731830005,91,92,96,0.445235679653479
8941,1.9373190040894865,-1.2507236979054395,0.5775603141552652,120,127,145,0.5749952086864136
11298,2.8856555422132777,0.09220829575810863,1.3752320648616796,89,94,108,0.7052889819303874
10189,3.156515654356363,0.7597377706213475,1.018434460436555,9,12,14,0.04234917332258403
5102,-1.6069948753545669,0.61222717439199,1.1560503129290525,6,11,22,0.7957737231113963
10212,2.6928603496958323,-0.2241886478643792,0.9343060004181825,61,64,75,1.597230584980859
11294,3.294595652134384,0.6870574521831188,0.618444391083766,0,0,0,1.8827675309474685
1120,-2.6409153620118277,0.4303213578056966,1.0885485442301803,5,5,5,0.9217435300468861
10185,2.919386493650169,0.7625798937039099,0.9637199478362007,9,12,14,0.1270004887328749
5098,-1.54129586884287,0.5833849896724708,1.2417883812504198,45,54,53,0.05209957673906988
11037,4.268895452556407,-0.4525134885561063,1.6561600389705526,94,99,114,1.1270906990240195
863,-1.7151402641000222,0.5919485082539884,1.6296606923415986,118,118,119,0.15557275927636904
9928,2.0288957816414817,-0.8642241758667866,0.8435914338855759,87,92,106,1.6466160387091873
10211,2.983238092911409,-1.3644834212313075,1.1222800207289976,112,118,135,1.925092862342968
11834,1.8672955371929087,-0.2512801354100138,0.8272733562963615,60,63,74,0.8385160586561474
1660,-3.3708771605932655,0.47366419402889637,1.2398284241706221,231,231,231,1.3923099878079224
9616,2.750048096253698,-0.8414006135198522,1.0533366933979806,77,81,94,0.9162802849173532
10203,2.936967703176342,0.6037488724526678,1.2804443526098632,97,102,117,0.6966836930463677
8671,-6.752911518758429,-9.339606062472262,-4.75158896309066,8,8,8,0.23588204895490597
11028,3.014513914790781,-1.5024007821137944,1.0414408752206548,0,0,0,0.2374691106805852
9919,3.0220432957751173,-0.842613654415457,0.8915722965807465,92,97,111,0.5725352142849665
10201,2.806868797869374,-1.146514418001615,1.3446219484705928,59,62,72,0.7833861794854317
1839,-0.7741178857671978,0.5867780880236126,0.9035509925471142,85,87,92,0.08897224892375039
8910,1.960718085803605,-1.2913088422745984,0.6341295454247777,97,102,117,0.34054024318863146
11267,3.039939661253433,0.17556737868909722,0.881550308832746,0,0,0,0.6833862763818653
10158,3.0236536698837404,0.6349774026957153,0.9752955758633777,9,9,9,0.5047508182339233
10165,-0.7889333009448789,6.161828247394924,-3.083732100942911,231,231,231,0.5815883403869224
8890,1.4458743847358684,-1.553120832163833,1.01818609650846,8,8,8,0.07933762768936214
11247,2.9902911224603086,-1.5603601033669712,1.0897118893951445,0,0,0,0.2217238327786848
1073,-0.7531071246129284,0.5853545600760359,1.5222821408598306,47,54,68,0.3794714045901988
6160,0.08007050314921971,0.707078374429186,0.41367367970529223,0,0,0,0.22559793245820556
10155,2.8839635435770057,-0.19151560390034378,1.1920413431678476,61,65,75,1.1791474413456517
10980,2.6770592138726412,0.2586902436844134,1.256278359834365,73,77,89,0.8071367254505117
806,-1.424191594043886,0.5949185672135076,1.2644322840670617,55,58,59,0.23273526194414187
5893,-0.8035586586238441,-1.7811731083062365,0.38432438224521226,8,8,8,0.40228837309716536
8860,1.9448991391278165,-1.4249712289859722,0.4770445218194004,231,231,231,0.07862403624453312
11217,2.7707781936550155,-0.9034688017609611,1.307069916373198,231,231,231,0.36121889200590834
10108,0.6724649416349279,0.7211255082363841,1.7151311945236378,141,141,141,0.22999778066202684
7775,-3.075626529863183,0.6366379855183235,1.014955763637207,231,231,231,0.3095969922816805
10132,-0.8176699269630747,-1.8370442079907132,0.424010531723946,0,0,0,1.9645576746786302
11214,4.6067863365624016,-0.5037774746344372,1.7989990347981175,231,231,231,0.08018368312083247
10105,2.916349642147149,-1.2916108573665248,1.2513921168476503,59,62,72,0.7198556604210679
10131,3.0195802539148735,-0.06918743088428658,1.0290944782593605,228,228,228,0.7456884204620896
2069,-2.767572232128169,0.39824371116866686,1.0332839240738387,5,5,5,1.2405925261717201
9140,-0.43416903970877896,0.01047645838655109,1.4737056348105453,102,107,123,1.3383512844102645
11497,3.0397230706713545,0.17616005475273855,0.88166749980108,0,0,0,0.6103092079511798
6410,-0.9669256239128923,-1.6706943761555881,0.9294829034278415,8,8,8,0.5609246366684274
9279,2.6622343354750813,-0.8404426204615366,0.8580037507931948,118,124,142,0.35660515266130216
8599,-2.8291549184811875,0.3323425433757984,0.8549000889999714,112,118,135,1.174545057609566
10956,3.5369023737972496,0.7199211584676963,0.9133712444925235,9,9,9,0.657477629690487
9847,1.385501450114788,0.7678257975975686,0.9019518398946544,6,20,42,0.31283546322948486
8342,-0.9561942092032174,0.5756291509679223,1.1181574748465604,124,124,124,0.48047760423083463
10699,3.44882436529717,0.43400374637939587,1.0457497903750388,114,119,137,2.474994537761626
10122,2.936650902134496,-1.6918549121820634,1.183679290696253,231,231,231,0.7267069412761084
10663,4.042117607574893,-0.48753905263272096,1.1460044643707623,236,236,236,1.0260340359840097
5576,-1.767034415973097,0.5873378021675348,1.167968136030784,5,5,6,1.0484664301116038
10109,2.8534099938119724,-1.613086134587304,1.3370660463428028,95,100,115,1.0725649559102042
10934,3.334869512910474,-1.6412057877621107,0.7301192168829234,231,231,231,2.901165852971936
5847,-0.4934106826738296,0.5881149105948733,1.1216023942764717,13,64,37,0.7535042316284606
9825,-2.5740754821189236,0.5913512606319322,0.7537263313499212,90,95,110,0.9239066577512224
11190,3.805381901982418,0.3655427554760692,0.8345647727333031,5,5,5,1.6709093435004243
8287,0.5050229005093954,0.7345510890484488,0.9624691527562119,57,57,57,1.2987127861696586
10644,4.007325253760151,-0.48714381333914974,1.1258651112314784,236,236,236,0.3804133670583063
470,-0.7030094607100681,0.5848375859986021,1.6288388832139196,85,88,97,0.18411221279171247
5557,-1.0966412426400707,-0.7717751706521073,0.6306213947798021,59,62,72,0.0956948490293226
9535,3.0327722099532073,0.012795972101143915,1.0035529845487967,228,228,228,0.46578423326139423
11469,2.9675170615464843,0.07432183707023732,1.1463739946121307,228,228,228,0.3203137618888411
6382,-1.963708948303414,-1.7571550945256202,0.8631188374618569,8,8,8,0.23003981850614746
8571,0.9880321990160359,-1.6048417766037923,1.3439019200051983,99,104,110,0.4245812411193915
10928,3.058023992481352,0.05385688933913857,0.957087171305491,0,0,0,1.1755580749665642
9819,-2.6754034251225147,0.5508217963281621,1.0906160660587214,231,231,231,0.5354840534409049
8570,0.988728949869623,-1.604336382220297,1.3442582875122193,99,104,110,0.41685034917054703
10927,3.056474895159078,0.055010797003337775,0.955611599800947,0,0,0,1.0866037316567563
753,-1.724155902244748,0.5957205681418718,1.6079376125182923,27,34,51,0.16528095358646164
5840,-1.5675876945208045,0.6080150431018967,1.247150719536816,34,41,40,0.605032521354266
9818,-1.8713418085451266,0.5974259147476351,1.5721617099300909,66,69,76,0.5252873588068708
10056,2.596960801329489,-0.26319037329818235,0.8911091253957302,61,64,74,0.034813393990254383
11679,4.044006914441173,-0.5247401487380832,1.2325864295166156,0,0,0,0.23274078507955392
9461,2.069368343113683,0.5347239938784707,1.3033646359335234,117,123,141,0.6430195121511212
11138,4.013353557240359,-0.4675155542080223,1.1431656610673784,0,0,0,0.8284552796456992
10029,3.171283827410397,-1.7454295036526861,0.8878689811462014,231,231,231,0.48457791939331285
10055,2.9659998371911724,-1.3743967388131126,1.13095680490351,112,118,135,1.6046197754123923
2250,-1.0167367006232984,0.583699351382533,1.6871832289848663,12,90,38,0.30838057091738114
7337,-1.0429230295590863,0.5903444518058623,1.579867736671232,9,27,57,0.2765263769900458
11678,3.8907147294508158,-0.5300044114307374,1.0963537861249115,0,0,0,0.02457740414735915
8523,0.6046096366469835,0.7056663692711673,1.5121942751445958,142,142,142,0.8735077190275446
10880,4.019917411364284,-0.5059954499188897,1.1310196230978309,0,0,0,0.6599622879757546
9771,-1.5433051640384932,0.5897062939738278,1.2440354906227107,55,63,63,0.8475871399280497
10049,2.9643363549466706,-1.5784571767506015,1.1466083328482963,228,228,228,0.3951566072069491
11131,3.0292064991439798,-1.677854725201073,0.9609308250693974,226,226,226,1.108729155900241
10039,-1.9834723166675752,-0.9274572584092777,0.0553612091048965,107,107,107,0.3261145394626751
11801,4.028576355844149,-0.5526664562047389,1.141673894951237,236,236,236,0.4255387687161257
9444,2.0909300444980214,-0.1911551236179655,1.113254434468733,90,95,109,0.4509433951349018
8764,0.21008550580823382,0.7002227118086419,0.4431195118230524,149,149,149,1.4273355227488629
11121,4.075707434850799,-0.42259024651254873,1.1304021562333764,0,0,0,0.15738392814259744
947,-0.9619086959827836,0.5843574746008706,1.6771941155082624,124,124,124,0.1285419880063665
6034,-5.442529009536036,-0.9511262169154653,1.061378579626861,72,70,70,2.4133938457972004
10012,2.9414906576349757,0.289830683781648,1.3010193998181165,111,116,133,0.4404183544914314
8754,0.7510541035707631,-1.5833080950143,1.0615781426992121,231,231,231,2.0250409740635784
11111,3.1095449917744857,-2.144958156038858,0.5841518348947641,8,8,8,0.11546605325904813
10002,1.6251411082491043,-0.8718546051858966,0.5527684335743615,109,115,132,0.619541916599947
10027,3.00639180764224,0.20978112785639458,0.9079229734063412,0,0,0,0.10285616635815528
8752,1.5648333077205319,-1.3355866363737317,0.6301051242615496,231,231,231,2.6602077861899955
11109,3.006164026486143,-1.3638052383075157,1.0748140324955169,110,115,132,0.28287179055058226
935,-0.7522681489081866,0.5865110428704514,1.147810373898265,111,117,123,0.36119087217233065
6022,-0.2732344711670891,0.7104326093665947,1.0868990403081829,57,57,57,0.38579577893537853
2354,-0.5927185026291522,0.5868904138194968,1.6654477643199883,23,26,33,0.051212237613845156
7441,-0.4806277205743825,0.5834480487093712,1.1242246120409431,55,78,66,0.02684437550790516
9425,2.0448404389196764,-0.19154353098309945,0.9402496153136685,70,73,85,0.838944172622603
8745,2.1080775288034372,-0.14710170033891284,1.246380481600216,115,121,139,0.8256291586505884
11102,3.379333648449653,-1.7115300192558318,0.7893307518955055,8,8,8,1.0146621012867882
928,-0.6898955653453349,0.5850858219380375,1.274632224812059,72,75,82,0.16310034946423557
9993,3.0705978749440135,0.04623033491628359,0.916833173220328,228,228,228,0.6081711153017897
11098,-2.089901401421528,0.7223022974742812,1.9785388951213991,231,231,231,0.8398772804652035
6011,-0.5180470665391965,0.5870615827553041,1.1689223257317063,124,124,124,0.35343105151126714
9989,3.0000317627533133,0.022982648108910375,1.0752590946450065,103,103,103,0.7532777770805954
11086,2.915398149202333,0.7659909359927783,0.9934804882802698,0,0,0,0.03781958300617068
9977,3.0281835394962724,0.20688563870613097,0.887136891326151,0,0,0,0.3990646162602138
11075,3.0386724719133404,0.7610766539089309,1.0927918505326009,0,0,0,0.06195380680955476
9966,2.8548460836574514,-1.2748331866263993,1.0991125519853369,64,68,79,0.8612460835929059
11064,3.8040672994982243,-1.214009011452761,0.8287117637804597,0,0,0,1.307842452585461
9955,2.9712059126589097,-0.11408713342895599,1.1477447504428409,228,228,228,0.8267657527300104
10807,3.8624287908596338,-0.5983623924575611,1.1325043052034176,236,236,236,0.5098249799264548
8160,1.497720116969452,0.7674349042277526,0.8874667158290971,10,23,44,0.3708030566459824
3073,1.9669144807462435,0.39497515201218436,0.9508365457208464,130,130,130,0.25759805583257006
10517,2.9189465899289115,0.11083957997808636,1.360142505595716,101,106,122,0.37335055050543037
11058,2.9034612175474535,-0.7236097858234635,1.0680162265767115,64,67,78,1.624507344577322
884,-1.0253770722229576,0.5852251742053858,1.5047789961412286,69,76,89,0.17624827097264245
9949,2.742228822989433,-1.602080188298393,1.3118435735517715,231,231,231,1.792235388464241
2152,-0.47904940552913855,0.5838949612393063,1.6480875769852261,72,75,85,0.4766572560114243
11580,3.7360754632618725,-1.4046882953985542,0.7872043230741015,231,231,231,1.451834968907401
2291,-0.8450353042213972,0.5864942476275825,1.6206885755150542,12,30,60,0.16242025120916861
9362,-1.8389250479900712,0.5933235889022099,1.6117989052011246,97,99,101,0.39935713988361893
8682,-2.516282240629366,-0.10234626040508504,1.147190408688589,105,110,126,0.6272656351858981
11039,-0.47740813026481677,0.48965467606951174,-1.866152035399296,61,64,74,1.093642509965963
9930,2.9107656441639485,-0.8474126436582456,1.2540177961569774,59,62,72,1.296433038311922
11038,2.742355128735412,-0.8843906694089005,0.8703803414583395,59,62,72,1.9428529963832126
8670,-6.4025002700690905,-9.00271402878689,-4.507876304288159,8,8,8,0.48376802621389453
11027,3.014513914790781,-1.5024007821137944,1.0414408752206548,0,0,0,0.2374691106805852
9918,3.037619081967015,-1.6954411755674272,0.9584934496613287,8,8,8,0.7838423415289311
9205,2.0962139417999466,0.7639459831952502,0.9003949464450496,6,20,42,0.11324718088210353
11562,3.945468169573289,-0.4477871641372113,1.128708251107585,236,236,236,0.46883956868127447
8664,-1.029682931704075,-1.3114669513041557,0.6167817252121481,68,72,83,0.6631692373691009
11021,-2.384555846529618,-0.9170894611053524,1.1906353889530696,70,70,70,0.5264812965855695
9912,3.0163252896730715,-1.497589746982334,1.037496572506961,0,0,0,1.2243042894911844
8654,2.067990211587359,-0.15903066141924482,1.2962303010450578,64,68,79,0.6673920388760286
11011,-27.211202637833566,-37.54410272340033,-25.675535211018495,8,8,8,0.4925830198982398
9902,2.5996480816518197,-1.0345990221704917,1.1228641494318237,113,119,136,0.6361912263798141
8091,-5.970647418470678,-9.464663933666229,-4.848437371019715,8,8,8,0.3561800936164553
3004,-0.7567071540061185,0.5855021430049605,0.8966624313255217,124,124,124,0.11351502651197265
10448,3.0351681115663744,-0.2625434952816631,1.2686936365005343,92,97,111,1.350920021294237
274,-0.7090775161350957,0.5866513319442315,0.9775383686315349,124,124,124,0.4441622048524786
2268,-0.8193872747137241,0.5874186554587886,1.6288425644593905,77,81,91,0.18479424449806905
9339,-1.8165764582937873,0.5960542798816613,1.2376405730344613,1,4,14,0.2575483177775619
9173,-2.2388629056298024,-2.9062803764857854,0.07049697311357894,0,0,0,0.7213742560346961
11530,-2.7594103730063364,0.2739740597751331,1.4150506023493172,0,0,0,1.9674626636236519
2241,-0.7659403629010249,0.5854389939068478,1.3035592005495162,124,124,124,0.1540011232936973
9312,2.6613197501564425,-0.8494341237742985,0.9520677580117113,59,62,72,0.7597207008819892
8632,0.35228891644289706,-1.6440718306359723,0.5357873081535138,0,0,0,0.022064517001983006
10989,3.932807497925103,-1.4207798969892105,0.9063539589968503,59,62,72,0.7509405571282817
5902,-0.9625626999713188,0.5886940788652182,1.6995497482481035,4,16,42,0.03395866879617148
9880,2.765743242013535,-0.09456366021672985,0.2304807323203808,0,0,0,0.12613121577296554
9158,-2.8483641916549725,0.36737454362025357,1.1003519233433035,102,107,124,0.8350538679662506
11515,-4.037845723002665,0.7801239626487353,1.9955376830662204,231,231,231,0.5618948190206078
1341,-0.8207895049849658,0.5872552140762026,1.6071665434614673,14,32,63,1.0241181018165568
6428,-1.8431324775522415,0.5963444702943876,1.4330408612666337,11,23,45,0.07224932648876925
8617,-0.23394748767397067,0.7284382894354156,0.15941290647120132,5,5,5,0.49416127679601074
10974,3.4614113862823634,-1.7474965927282493,0.6276504413403496,8,8,8,1.7542813198778855
5887,-1.603582620832861,0.5956746102464598,1.1689526121626428,70,72,74,0.15860892029515075
9865,0.9902263288348241,-1.6027848308354005,1.493206093153109,100,100,100,0.581916618873939
8614,-0.9716975318619441,-1.2028708985539271,0.8272644565020192,0,0,0,0.2576530419706508
10971,3.39269559087336,-1.7367994136376723,0.7298462930347696,8,8,8,1.3470076731866054
797,-1.7675310368421435,0.5955874649852104,1.283468654876434,41,44,52,0.05729894307153252
8612,-1.648057065283894,-1.6137228171475093,0.08511020304912509,84,78,75,2.295462247041884
10969,-0.2695490421378788,-2.413755877178219,-0.3133742778209627,0,0,0,0.0763888897890017
795,-1.4011499055922823,0.5944637462569187,1.333215794792044,40,51,50,0.21857869847119762
5882,-1.0473035306139238,0.5981611140082037,1.5980591224293146,58,62,75,1.4079631723891122
9860,-3.9675105070017245,-1.7336738676026282,1.996190952702031,0,0,0,0.3487265943791648
8610,1.0436075505515239,-1.6054137605949186,1.502441766401876,101,101,101,0.5888583043549842
10967,-0.26400225467407723,-3.4281490959462433,-0.3694591617358429,0,0,0,0.2573454297638139
9858,1.5897355435799456,0.7655192997495273,0.8869594440946521,102,114,121,0.7265544615073102
8609,-2.7287622120020623,0.2227490271272896,0.9630761148360629,84,89,102,1.1454660690423988
10966,-2.0204228462493314,7.045417057603636,-2.7524656866965995,9,12,14,1.6081604153226292
5879,-1.3136305430037636,0.5858254458578986,1.7262802931393229,18,28,47,0.5889498524076914
9857,-2.349289242214966,0.7484662145090286,0.9195264904944083,8,25,42,0.8113222848867571
8607,0.7855381796935782,0.7113645823430539,1.734251900773592,142,142,142,0.23648431619003205
10964,3.06914795531042,-1.5804145030867163,0.8852725971878085,228,228,228,0.025315894301449725
790,-1.3907296477029263,0.594744460484183,1.3700311491097286,54,69,65,0.21659236138740798
5877,-3.1838353682814584,0.6095942016451226,0.945901067652041,65,69,80,0.8344089837746591
9855,-3.867099945798166,-1.7556672065114298,1.2940943230571702,231,231,231,1.4310214419847598
10952,2.72428890017179,-0.8447084853749744,0.9771594712044613,97,103,118,0.26461824732846206
9843,0.10983638355905434,0.7650795168402711,0.8592077700948959,23,24,24,0.7282791341069558
2064,-0.9889439235320365,0.6104057604039246,0.923404264233236,88,93,100,0.22135174839459956
7151,-2.063249562894609,0.05895007303755273,0.7331260939503494,120,126,144,1.0039659288402785
9135,-1.5506937911494036,0.5942603810724176,1.2908468207771986,14,20,18,0.20343622436647754
11492,3.9447725708693007,-1.456445957740356,0.8906930101753059,166,166,166,0.5845704323610905
1318,-0.7779104433465283,0.5863972461305154,1.279639529433687,123,123,123,0.20392449722940617
6405,-2.1885852107390225,0.6244906418414498,0.5819221889459147,91,96,111,0.7250152631025935
8594,1.0144225634111792,-1.6032226515843475,1.4585570004332518,3,12,36,0.3144069504285407
10951,2.7227350556460457,-0.2082101100607231,0.9777954636302184,99,105,120,0.47605974550321756
777,-1.01659194392786,0.5849162918836468,1.5051724608866084,68,75,88,0.11822756512712457
9842,-2.502544067366794,0.05095195896557614,0.6733793671107373,212,212,212,0.5082849821065222
8563,0.7403918311983182,0.7052332603555582,1.634389821984185,142,142,142,0.5324148445817187
10920,3.988706271579206,-1.5017505001638844,0.9667647416505204,166,166,166,0.32034798414767246
9811,-1.6491436835849562,0.5973595032089953,1.6310151309061982,8,20,43,1.071475538744647
8561,0.7092706360751667,0.7074078305496747,1.6405055689887353,0,0,0,0.7376926648517287
10918,3.951961060853386,-1.4809482872571116,0.932750294441217,0,0,0,0.4133533869147201
744,-1.0384531132890582,0.5788418551008525,1.1535233607293656,124,124,124,0.41351982257442593
9809,-3.204953976205679,-0.18712406371879076,0.8011849982889274,0,0,0,1.5012989208914174
9100,-0.561144333963679,0.5880562169419818,1.1230223170389075,10,55,31,1.1831566886713976
11457,4.023604969170682,-0.4464471838534778,1.1214919551611238,236,236,236,0.2311921613490309
1283,-0.7204004148109577,0.5863724191741508,1.088715621765529,69,72,79,0.09454853260192518
10916,4.040653485470633,-1.456521796659743,1.0505871659054045,166,166,166,0.19402732155385632
742,-0.7461028460604058,0.5875620123105987,1.3283650796354425,124,124,124,0.4660097209484637
9807,0.20283332020356015,0.7689605495327714,0.8450242099555056,25,26,26,0.39449222301405773
9098,-2.8297047769633816,0.7789201648350987,1.1085012808777792,138,138,138,0.7558595693352271
11455,4.035585293503277,-0.5224228949390347,1.149919204633418,0,0,0,0.4980597464879593
1281,-0.9388666816683955,0.5884460077615645,1.0886448340622472,80,82,87,0.10611276420169151
10914,0.785729051824057,0.7386457942843809,1.8759419407294424,57,57,57,0.5957561873492163
740,-1.74453466677434,0.5955867532462928,1.2491216808034487,0,0,0,1.5962476872702769
9805,1.3860780608774788,0.765545795984806,0.894569492894736,46,54,68,0.9575523942988943
10913,0.801583978184386,0.7326748851292841,1.8765868125837335,57,57,57,0.6758310716940997
739,-0.6333314807777866,0.5869762351727064,1.5457930838330283,111,113,115,0.8929310931452012
5826,-0.5874716718230988,0.5843745896637003,1.1399687389689306,124,124,124,0.41413870910756145
9804,-2.084393132229363,-1.545320574422701,1.1912607261282597,107,107,107,1.6429932287220061
10912,4.034115726142758,-1.4974742681205213,0.9475769071764271,166,166,166,0.38513206121937904
5825,-0.5218700399124934,0.5849925907086542,1.3290193419496457,88,93,93,0.2087337457236848
9803,-2.679166391960672,0.5724866134821607,1.088996269933758,59,62,72,0.6606179208151098
2009,-0.7147332598957381,0.5870721448663561,0.9042158553664383,71,74,80,0.10543734754960823
11437,-8.829437769822936,-8.674247385398337,-4.2609805109681425,0,0,0,0.44846831785934815
1263,-1.7953580556858624,0.5968409356517754,1.1446465007943831,6,7,7,0.16935398666802967
8539,0.9891566861048133,-1.6050208264925514,1.4690005981070695,73,74,80,0.10338324883834711
10896,4.068741317369829,-1.4682828675579342,0.9812587866181103,0,0,0,0.4233173383069557
9787,-1.3442741723477813,0.5934908332803881,1.3510666355715333,3,3,4,0.6365639723821449
8536,0.8117657246023657,-1.6119272408258551,1.4446446304262406,65,69,73,0.15197491881418917
10893,3.973719619853857,0.1468665774875879,0.8835702506029872,0,0,0,1.0330570984972234
9784,-2.7402497825915364,0.7802918771104286,0.8492921191769048,231,231,231,0.7113706898392489
7984,-0.568264426778764,0.5845470989882435,1.5214792162161248,75,81,92,0.20041205850799082
2897,-0.8893006004417421,0.5854675933495272,1.698485518961605,124,124,124,0.027706783147553524
10341,3.2491862511349585,0.7969843684110363,0.8580583133516865,9,9,9,1.12513563489567
8525,-1.5361823917196076,-0.8367504839693243,0.504314281125416,67,67,67,0.3420202079427795
10882,4.085151167114218,-0.4201896536471841,1.1393580971465045,0,0,0,0.45358080643027787
9773,-1.656146783906506,0.5937163559350194,1.592159121052823,7,19,43,1.2752418210104184
8518,-5.689092151782365,0.7537783951181689,1.9144670675081858,166,166,166,0.3899177859854808
10875,3.944715549166068,-0.46736484105118364,1.1280577100839542,236,236,236,0.3234018565584874
9766,-1.7137096240078935,0.6019003909957532,1.1959113977578315,12,15,15,1.4328216157962173
8506,1.6131476409324939,0.7652609514706403,0.9042667005936064,35,85,45,0.1519505746152324
10863,-4.234518413975678,-12.054112246687307,-6.7447229747253505,0,0,0,0.5216049985118582
9754,-2.6266447205027643,0.061563331007595146,0.029989025204430586,0,0,0,1.3877796990510864
10319,2.392463815186286,-1.3651093816426183,1.2244482802774352,104,109,125,0.017632539532007642
10860,0.9879379331953224,0.22316994537472945,-0.9070277861644769,61,64,75,2.228841328420174
1972,-1.831471663539666,0.593534133182088,1.602404389478613,115,116,117,0.2875395309280786
9043,-0.9927394564235739,-1.1735521650700642,0.9716662253194431,0,0,0,0.04332223102799287
11400,2.651491899418589,-0.8551494801799175,0.8183158525712919,92,97,112,0.2277094389259801
10859,-1.6622168196893257,6.7018741996988425,-2.6305768044087796,9,12,14,1.6719727407032599
685,-2.7177394036756666,0.7136772859294238,0.8551868247136903,5,5,5,1.3669863534316695
5772,-4.1741545536656695,0.7107500660602346,1.9331396654368864,231,231,231,0.3157978143629774
8468,1.6036920432423478,0.22063658056019508,0.7830451949965258,5,5,5,0.4964235593425528
10825,3.496664960977082,0.7483719926686994,0.9262534251774446,124,124,124,0.3958964654189154
5738,-0.9468718320907508,0.5841469334420957,1.6296119584591526,66,70,82,0.09136656733560866
9716,-7.968419712841033,0.931537336941874,2.008769868939139,231,231,231,1.4215157351608434
10824,3.0557391575993043,-0.09776065198675155,0.9550807922657994,0,0,0,0.8679144331273114
9715,3.035585426964185,-0.21965649236597107,0.855682906816992,111,116,133,0.558411390280496
8464,-0.27804972061375866,0.6999795219841904,1.0529145882483917,0,0,0,0.6991504607844464
10821,3.977218398257211,0.2957699464829099,0.8649846312969098,0,0,0,0.4322956155012528
9712,3.0276276738917196,-1.5202882251587435,1.00816049488905,228,228,228,0.48618834064303446
9000,1.9471541415778781,-1.6656215856389465,0.5160208200111667,8,8,8,0.44631993249327606
11357,3.0423685679950436,0.003137083811963981,0.9752071964672389,228,228,228,0.2941446693812577
8459,1.3870426257814608,0.7660011916945557,0.9036362896868175,6,20,42,0.18335097808085485
10816,3.8529105390866594,0.45125584220144455,1.0916584603053707,231,231,231,0.5514199661458161
9707,2.0844047298897355,-0.18148462623678097,1.2030397891387024,102,107,123,1.220650669236129
10259,2.9027079027140665,0.12332021999804565,1.3159679461573204,59,62,72,0.642569743294983
5172,-1.2462589918093099,0.6067146297059365,0.47073961456399305,6,19,43,0.8779884607649492
8443,0.8383242863144764,-1.605102074555526,1.4586930135620615,87,90,96,0.1346522757939885
10800,4.083699608511266,-0.5812133219363295,1.1371086041965572,0,0,0,0.5778924387477762
10258,2.7450422288863496,-0.8871493401468604,1.3254260677329404,96,101,116,0.5649848543104175
5171,-1.2460167360000738,0.6066577151955026,0.4702019648095064,6,19,43,0.9683957150060384
8442,-2.93207862583319,0.7536164338258826,1.0331144050091576,2,2,2,0.6111022749882162
10799,4.083699608511266,-0.5812133219363295,1.1371086041965581,0,0,0,0.5778924387476937
625,-1.4242078649471206,0.5946905288963058,1.3430258084144078,60,75,72,0.2580305375037032
10257,2.823975859580798,-1.176515686815769,1.3521301719447638,231,231,231,1.1317443533175906
8441,-3.126749806326105,0.003819533491190241,1.2907829608531636,231,231,231,1.0750352995554262
10798,3.8613378119058,0.38230512428842234,0.8893914079886658,5,5,5,1.4565807860528124
7332,-0.7532506389787508,0.5866974720008729,1.1697410418533758,99,105,111,0.2270191999934082
9689,2.911693322071023,-0.8470664970848683,1.2534662817700835,59,62,72,1.4147421456085774
10255,3.251348366531669,0.7008266266239067,0.9059209005517556,231,231,231,0.6249329507245861
5168,-0.9378242477909637,0.6075881922639619,0.9837309974946462,124,124,124,0.5333178875708242
9521,-0.9793567968717833,0.5718732014621979,0.9000022015398735,112,113,115,1.6278002384508838
11878,4.002321138266114,-0.5326100757472111,1.1299181071422049,236,236,236,0.36622089744978714
9660,3.010165787149649,-0.013777446131448268,1.0554660366111643,0,0,0,0.7914123725060075
8439,1.7428541833216564,0.7440125959350803,0.891478144504564,9,9,9,0.006402971696760331
10796,3.9218298062403445,-0.4204759754958072,1.1357158967531813,0,0,0,0.544645301557162
622,-1.3370994766952338,0.5944420349360764,1.4655703806406977,116,116,116,0.18375905158369335
5709,-4.163804039438846,0.6440166768614484,1.1258161351401654,231,231,231,1.238858319412896
9687,2.7894711117495614,0.5541520239980193,1.351651985469447,99,104,119,1.0235599047339092
10254,2.9401760826252055,0.2504747341616712,1.092587812561546,62,66,76,0.8815161061368904
8438,1.5869144682880378,0.2628872651469214,0.7855925124549261,5,5,5,0.25416361462056186
10795,3.9217465779338743,-0.42052101415397025,1.1355803852812558,0,0,0,0.5286927144794298
9686,2.0920911041245933,0.15987236043068587,1.1999810112963347,99,105,120,0.02348609271798626
10242,3.0295797476609803,0.6472646227607575,0.9217300373055549,5,5,5,0.80461405087577
9647,2.936858942123254,-0.8950918590708525,1.299529469786584,114,120,137,1.1542259260913048
8426,1.7382963691933817,0.7784081901426825,0.8662996183374768,9,9,9,0.4083775648359758
10783,-5.463754478354421,-0.13126646054489355,0.9933492299600638,231,231,231,0.7183471339116192
5696,-1.1613517317266173,-2.047475577581213,0.6490887032905355,231,231,231,2.7058222296417154
9674,3.0077733117022527,0.24925961337628155,0.8657199386490431,0,0,0,0.47541596918397744
10701,-1.2166621281272434,0.6018817350534695,1.692951812962185,96,97,98,1.1449001909053473
5614,-3.611832477336265,-1.6459566046273721,1.2181848512936675,231,231,231,1.2182023775018824
10026,3.0423338355554046,-1.443850215135222,0.9736995080952039,228,228,228,0.26690595213410456
10025,3.0423338355554046,-1.443850215135222,0.9736995080952039,228,228,228,0.26690595213410456
10024,3.0227811290874262,0.6529178230867785,0.9619331964036371,10,10,10,1.2249308296362682
10023,2.919386493650169,0.7625798937039099,0.9637199478362007,9,12,14,0.1270004887328749
10020,2.9195611201498126,0.7629488767233503,1.1384218608448682,9,12,14,0.1791177487620098
10019,2.9399363812318793,-0.8392243113172899,1.2014292507375268,59,62,72,0.5454825234524927
10018,2.917829685272427,-0.20094377980301487,1.1935318451946553,61,65,75,0.23278561705534145
10017,2.879975545907051,-1.6268534396196448,1.2936084454051602,231,231,231,0.030329186383485217
10016,1.8758648224071754,0.18534366188467744,1.2917945886666262,28,29,29,2.051852482568441
10015,-0.5317646359357111,0.6386305427251986,1.3083101823082735,106,106,106,2.0510653887487704
10014,3.19613309783057,0.7277235718580053,0.9075368117065328,9,9,9,1.143652544609623
10013,2.9414906576349757,0.289830683781648,1.3010193998181165,111,116,133,0.4404183544914314
10010,3.1894830184015497,-1.7399593458918223,0.8877403997433497,230,230,230,0.32444764440719137
10009,3.0399445540154235,-1.4485628946673859,0.9694371721476114,228,228,228,0.05614869402110698
10008,1.984857438868779,-0.8499174520061421,0.8928643294796376,59,62,72,0.20068513226106455
9999,-3.5598481242190467,-1.6890412896666136,1.1639247012974754,231,231,231,0.6596963802657118
9997,0.7780213878004816,0.7172370397479113,1.5328968150290383,155,155,155,1.8258661679090966
9996,2.9798312593196155,0.04048717530944479,1.1329136931693284,228,228,228,0.9400992961179346
9995,2.9245981484884247,0.5900196391322023,1.2695329376977065,94,99,114,1.6195827592012044
9994,3.0488092404558635,0.6533749340186159,0.8938062455672446,5,5,5,0.4153444996991766
9992,3.070313109417026,-1.5341458164272939,0.91413666167415,228,228,228,0.7183589226546557
9991,3.047267966315524,-1.7013057001250382,0.8951909233607013,231,231,231,0.5209993263768905
9990,3.0268479227497624,-1.6486748099262718,0.972686472166693,110,115,132,1.481818644470301
9988,2.9737268313433356,-0.08698440879732544,1.1300881969017569,228,228,228,0.7948373703057297
9987,2.9737090410598532,-0.08692323422439557,1.1301275357669824,228,228,228,0.8447043803570208
9986,2.9748734603212523,-1.5468008453174715,1.1277545482918558,228,228,228,0.9531843821737995
9985,2.9366522315342043,0.6438775469675735,1.1781430195634592,29,30,30,1.4623181855956955
9984,2.3893301411741352,-0.2129583655121099,0.8577313120785349,111,117,134,0.8326844578090866
9983,2.3893301411741352,-0.2129583655121099,0.8577313120785349,111,117,134,0.8326844578090866
9982,2.4142290442834073,-0.8406983121805369,0.8730253280807465,110,116,133,0.8661531647726558
9981,2.7637121541332847,-0.1714274716082883,1.2817023384724697,102,107,123,1.11547027477996
2909,0.6398565409660607,0.7067694624736691,1.6206551241102984,2,2,2,1.2594031717633467
9980,2.910680225603852,-1.3212804167507668,1.3308339157422746,82,87,100,1.0716063444894195
9979,2.78947658992036,-1.5950897388199834,1.3499300692182916,59,62,72,0.9788085136915733
9978,3.031871587634956,-1.2498465431842192,0.8892380342518775,0,0,0,0.6907376474440065
9975,3.0361223110788065,-1.210750773888646,0.9464835437496282,109,115,132,1.5952926553996882
9974,3.0085882596347178,-1.439270800633627,1.0554381879123305,228,228,228,0.44740644383637723
9973,3.0098053661491315,-1.5138447555935102,1.0556260494428615,228,228,228,0.3898078678660027
9972,2.9953944355586914,-1.5446073329256724,1.0791386933206146,0,0,0,0.5672190346879603
9970,2.9326817550952917,0.5483950838085268,1.3271439602173685,59,62,72,0.1955827317491128
9969,2.767021657535633,-1.2681017642783479,1.3114476228370964,231,231,231,1.2790126393736434
9965,2.9210631826559794,0.2420359591641471,1.256075744545849,62,66,76,0.5832126737528759
9964,2.916464889492337,-1.2912985654021383,1.2513166790624113,59,62,72,0.7473118825701107
9963,2.7802028340376954,-0.19322075122008214,1.1776361095436045,90,95,109,0.8728334498667604
2891,-0.9381974295148652,0.5894553041915607,1.2749053355314677,71,74,80,0.01168485967587359
9962,2.7756133574021447,-0.8614487565394888,1.1721725759501234,87,92,106,0.7444486300298927
9961,2.779178039532089,-1.6846366854710815,1.2477485092572418,231,231,231,2.446185422816707
9960,3.0760292186204437,0.0713782903765171,0.9003386430471528,228,228,228,0.44971254043342357
9959,3.0363520415986134,0.6413430300299352,0.9498921448500335,231,231,231,0.4474303137125636
9958,3.020081605298392,0.6416767017650216,0.9919939287277072,231,231,231,0.32320473737178557
9954,2.970181488773493,-0.11362713885135367,1.1469759984859782,228,228,228,0.8510885081162656
9953,2.9674435417149914,-1.57318899494244,1.1439476547303307,228,228,228,0.6223080825244139
9952,2.969034712089118,-1.5711282412911065,1.1456471897659366,228,228,228,0.4813135185137855
9950,2.742228822989433,-1.602080188298393,1.3118435735517715,231,231,231,1.792235388464241
9948,3.0239757985763838,0.2319127878207199,0.8572003291858371,110,116,133,0.9364723914463413
9946,2.9375608443830448,-1.2140930999376685,1.157076553512069,112,118,135,1.4411546794234231
9945,2.426031844069465,-0.1481737740383916,0.9301236905541861,110,116,133,2.4174424569512367
9944,2.9336237905846083,0.5672901960290055,1.3074856526351315,59,62,72,0.49338070215598756
9943,2.796803976287907,-1.5950117332338498,1.3054497066298771,113,119,137,1.9960333687445782
9942,2.809021771073499,0.5630709513045609,1.3404524519518155,57,57,57,1.5746723824008964
9941,-0.9060595288449069,-1.2269080391025633,0.7405199900751318,107,107,107,1.9404900219692374
9939,2.6708681441413775,-0.20366695787805966,0.8279464167467645,96,101,116,0.6114605136067686
7579,-0.2925131924000155,0.697353698450857,0.07459083088393226,5,5,5,0.42974166543623993
2492,-0.9474426236127282,0.5849805015910181,1.3281016218177863,40,47,61,0.0861811406567395
9936,2.9686444613132332,0.07623443021467202,1.1511260501850253,228,228,228,0.5420024054274585
9933,2.7815857880080324,-0.8987846235762467,1.0257826930697904,59,62,72,1.276209741327584
9931,2.7749512628651782,-0.19964537356424172,1.1716587250556345,90,95,109,0.8351225773168399
9927,1.7467526232145152,1.872577459800711,0.7666230809213115,59,62,72,1.1778203111706378
9926,1.7467526232145152,1.872577459800711,0.7666230809213115,59,62,72,1.1778203111706378
9925,1.7486691691338523,0.41815528000727753,1.2176317393474725,0,0,0,1.733743035294741
9924,3.079621191361481,-0.11842223030971522,0.8966063662968905,228,228,228,0.8432184586070975
9923,3.079621191361481,-0.11842223030971522,0.8966063662968905,228,228,228,0.8432184586070975
9921,3.0745038425095648,-1.3629093739531726,0.9059679878475212,99,104,120,1.0587320925908161
9920,3.0101048998215205,-1.2909042202354821,0.8662231677069698,0,0,0,0.4345043236033535
9917,3.0361758854240746,-1.6976802037266945,0.95683756191399,8,8,8,0.6027322757357583
9916,3.0076892197298095,-1.3753429689079995,1.0321949973818039,112,118,136,0.9542661745565164
9915,3.016375146719011,0.02757051017411627,1.041496614507437,228,228,228,0.6297341163716781
9914,3.016375146719011,0.02757051017411627,1.041496614507437,228,228,228,0.6297341163716781
9913,3.0160897812629353,-1.4979002950236655,1.0372369264488581,0,0,0,1.1806016797019523
9911,2.918686034500335,0.7635233717694856,0.9946346375738854,9,11,14,0.18281796077620144
9909,2.995612908547923,0.058551235067749285,1.0982969615387521,0,0,0,0.29606640493036535
9906,2.9726441776511896,0.6092601410136722,1.1112597216697893,110,116,133,1.5308051148990534
9904,2.936466259439729,0.6095075213973251,1.188490837648069,109,114,132,0.9467350572727089
9903,1.953415887610586,-0.8278209865651194,0.6466650848488993,59,62,72,0.3265936480074932
9901,2.9307746374773807,-0.8966541649168409,1.29447344397721,113,119,136,0.20338843502530632
9900,2.931751984262797,0.12202604180267751,1.3071219879029647,59,62,72,1.0769028559196223
9899,1.7946834785172383,-2.859095939582733,0.7483521659639611,59,62,72,0.14518744203851963
9898,2.9378336771996474,0.10940784239355839,1.3420889164626573,59,62,72,0.04602653917118868
9896,-3.0441821101838307,0.7544108149646995,1.2480966276747094,0,0,0,0.5256665562283437
9894,-0.4084902523729268,0.6089768211257076,1.0868876357919022,106,106,106,1.2263910973846852
9893,-1.4695332540651367,-1.5564119882833856,0.9808691839220409,231,231,231,0.6841793904547859
9892,-0.35858986143052474,0.5951131837376249,1.2913138540026843,106,106,106,0.7438799752015549
9891,-0.3945235024064493,0.6040163486653845,1.379759415296157,106,106,106,1.5843517242684113
9888,3.09707488721173,-0.1654946337752039,0.5037239454528035,0,0,0,0.1135230954670422
9887,3.043734080278668,0.6207610186768475,0.883694704460389,5,5,5,0.5674900491895692
9886,3.04457070229972,0.6195533894199563,0.8850265496785155,5,5,5,0.7092471778914965
9885,3.0059201237687523,-0.20162825552914165,0.8586591077069874,0,0,0,0.4950443317985649
9884,3.0059201237687523,-0.20162825552914165,0.8586591077069874,0,0,0,0.4950443317985649
9883,2.641405409334512,-0.265728551727612,0.8999954418094448,61,64,74,0.8925584114935602
9881,2.9382689186075837,-1.1610003583975639,1.2989616482294095,112,118,135,1.3751020670724718
9879,2.316695456832112,-0.24278117588626802,0.8154642111267741,61,64,74,1.0478644161828474
9878,2.9386008450666274,-1.3377843905073497,1.2979890629590911,111,117,134,0.8143034527962048
9877,2.9386008450666274,-1.3377843905073497,1.2979890629590911,111,117,134,0.8143034527962048
2799,-0.5727064457280795,0.5833915812671753,1.6436770646270542,15,17,21,0.11970129398233592
9870,2.889672398375341,-1.4117962479095605,1.3498905824055665,115,121,138,1.1863852200139897
9869,1.0505016150278188,-1.617856664590287,0.969942127817527,8,8,8,0.8626097635978331
9868,1.0505016150278188,-1.617856664590287,0.969942127817527,8,8,8,0.8626097635978331
9867,0.5540532966430799,0.7800823280044107,0.8529786136515113,10,13,14,0.19260974153034463
9866,-2.4375765983218183,0.22370048114231855,0.6306266118524424,109,115,132,0.33763488202755476
9854,1.6202668701307321,0.7690817055346344,0.9186268064227919,8,20,32,0.2936864233210838
9853,0.8436779724981994,0.7639992106086879,0.8453561484351091,29,30,30,0.923637672965847
9852,0.6762248951927236,0.7057387398836386,1.5760241894649418,0,0,0,0.38431407335681805
9851,-1.8322297697925722,0.589463003229229,1.7225000875305132,109,110,112,0.749600987363337
9850,-0.974010785534138,0.581857426300961,1.3409277795251944,113,118,124,1.209236834855521
9849,-1.8403437926165234,0.5970330756782667,1.60100834816528,113,114,115,1.3045817411019116
9848,1.4139388791971668,0.7651556561790211,0.9080752936932692,124,124,124,0.7385187404759496
9846,0.6215458951119913,0.7676034771284914,0.9066378492386146,9,11,14,0.5000157972154617
9841,-2.832923541688919,0.7878144380353542,1.166968967240847,69,69,69,1.5830883536048632
9840,-2.605638331072656,0.0765521752265963,0.9062763613618284,171,171,171,0.613343654159947
9839,-2.731239655154574,0.7790652576409629,0.9368508365847904,231,231,231,0.6178773351910009
9838,-2.6837025503225793,0.6553896929395289,0.9132504619182921,5,5,5,1.326588826588889
9837,1.3486661261334365,0.769419519833842,0.9027153007053821,124,124,124,0.47073510764033943
9836,1.2140257622298591,0.7709273584335508,0.9113131299936688,124,124,124,0.5102856611618525
9835,-3.8678886327066873,-1.7561976846579388,1.2945562184635682,231,231,231,1.438569917156926
9834,-2.529184161702618,0.039572450909625134,0.7260515413352064,28,28,28,0.3070583921871919
9833,-2.555296347630019,0.21225333872547592,0.6466639985306732,0,0,0,0.36822208076377105
9832,0.5443225614199494,0.768003640274417,0.8559994172906074,29,30,30,1.3972445651725165
9831,0.7212692413027935,0.7685239636119019,0.9097107590570104,9,11,14,0.5953201629148115
9830,0.9338029364420918,0.7675028105244417,0.8974972946561435,9,11,14,0.3944128164602049
9829,-1.318378136873096,0.593342988819247,1.3405478168766898,22,76,41,0.7239530827447683
9828,0.05412050394229029,0.7109508261152395,0.42595827862151947,142,142,142,0.7311653979603175
9827,-0.5894348880060227,0.5849911593400596,1.6589134504289231,0,1,3,1.4112044656601548
9826,-1.3508857642785146,0.59229501487354,1.3784739908716765,3,3,4,1.3365455595352553
9824,-2.22160649194372,-0.15731119731247378,0.6231275672648158,118,124,142,1.8745955603241113
9823,1.2709154332807402,0.7681714736238638,0.9215274978995704,8,19,32,0.6561583140788567
9822,1.131751394565162,0.723165693999553,-0.0002810197770275469,102,102,102,0.7859260583059857
9821,-1.7912647040870842,0.5937960926600561,1.632990012188177,9,21,43,0.45437277386944863
9820,-1.7496885432930203,0.5946271835019312,1.6324981179883158,9,20,43,0.486901854446682
9817,-1.7965978650944412,0.5971162652982083,1.5713677298463884,42,47,60,0.4474437644467996
9815,-1.8644630031203095,0.5982137001860208,1.614470614915641,100,100,103,0.5409397805774404
9814,-1.345756007741382,0.5920588237679549,1.4500821679333078,0,0,0,1.1351184571735573
9812,-2.553687602572398,0.211462027191597,0.64768842984512,0,0,0,0.30722794228658934
9810,-1.9692488184832202,0.6300251841229538,0.3624244911764294,106,106,106,1.16968242350557
9808,0.7049646181942082,0.7050665222774177,1.555335023054071,126,126,126,0.9760748125649263
9806,-2.3249249035470463,0.7711070212111444,0.9067310510312481,74,76,74,0.19121043609510924
9800,-2.678013721729538,0.5874068494968556,1.0702965051178355,71,75,87,0.788312511167543
9798,-0.026164894907997782,0.7725388333555598,0.8580528191153874,29,30,30,0.5594395262635714
9797,1.140129202645682,0.7656213947280497,0.911255436181263,124,124,124,0.6300647965965187
9796,1.2202031664826885,0.7679770839910356,0.913880964718567,123,123,123,0.7027470700822133
9795,0.019861062737593915,0.7153972238632622,0.5132922042793984,142,142,142,1.205909503171927
9794,1.2327407991385424,0.7652609389054059,0.8884528072851194,25,39,58,0.523600986311208
7436,-0.42683629259973777,0.5796604789107778,1.7010265061059915,3,8,30,0.019659659515070118
2349,-0.9411757916167414,0.5860262213176353,0.9482843738093212,122,122,122,0.2688736296532038
9793,-3.1081722038135795,0.6207448826339557,1.0255823318967607,7,7,7,2.060726922267491
7435,1.1779682736962351,-0.9322776042844075,1.3187240860441505,8,8,8,0.03548766148528496
2348,-0.7034390160590185,0.585745187407712,0.8962139523877162,124,124,124,0.2623111175818681
9792,-1.8155694890067928,0.5938370612989954,1.627150584246326,118,118,119,0.39018475840646816
9790,-1.994942925560642,0.5886736350981456,0.9887608754343512,231,231,231,0.4576589711491944
9789,-2.51906583405984,0.6618526911878708,0.6737159400571016,3,3,3,1.0769156859133076
9786,-2.555119406007704,0.23491874717812766,0.6179632999534765,46,48,56,0.38292437361979537
2714,-0.55842587023285,0.5847408283166904,1.6269138317789844,24,20,21,0.2891100630273961
9785,-2.5644626762561065,0.24539855508971264,0.632358117619809,0,0,0,0.9073246239263079
9782,-2.7908484006743577,0.784729877768914,0.8923895443233802,8,20,37,0.8136189200972492
9781,-2.528332553414129,0.7590569928306445,0.9024828398754914,7,23,20,0.9354303401206835
7423,-2.2133525014245854,0.6387108002523032,0.5758525207956577,82,87,100,0.11282543127664971
9780,-1.850552153454502,0.5938115591375508,1.5923325739295937,11,22,44,0.727190201458253
9779,-2.852085000133252,0.7738372430505442,1.0793501728094177,2,2,2,1.0522565502743562
9778,-1.4877620384841075,0.593065326938699,1.2760618794805707,54,62,62,0.5220551149204621
9777,-1.8418231755067356,0.5954938118658941,1.6325391433537164,8,21,43,0.4754483575930209
9776,-1.3979539519947468,0.5923338985875404,1.4894664048701147,4,4,5,0.5522583142665615
9775,-2.7941552357140576,0.7798871994010974,0.9131380589756065,20,39,46,0.6093667236397038
9774,-1.7139699521750345,0.5966178135903517,1.2074042069778326,62,71,66,0.5996106664259243
7415,-4.038859692397985,-1.8240004309895113,1.099824854951475,2,2,2,2.137752318802648
2328,-1.0411132911311576,0.5845799485811154,1.5211594076579924,30,38,56,0.13909774730129065
9772,-1.4126861784804392,0.5942348483633473,1.3708021120413543,19,26,25,0.36980684097454797
9770,-1.776452387994539,0.5950169449626164,1.1309580451973722,46,48,49,0.4510821393483473
9769,-1.7360046770502877,0.5948980142327185,1.0911176230196133,1,5,11,0.5423780059858501
9768,-1.692823377071095,0.6005322848301162,1.5717432081138587,33,40,55,0.6570113502950221
9765,-1.8378779702216224,0.6178054598981013,1.7351318213464635,6,19,43,1.015244142545432
9764,-1.5182990221616217,0.5951325977143265,1.2769809432239003,22,26,28,1.732464808175775
9763,-1.5634766938925169,0.5948694035691602,1.2630387686965363,56,69,66,0.20157513754463757
9762,-0.995054840957466,0.5851246075290097,1.3225940932564568,112,118,124,0.7233382632503061
9761,-1.6682750573667797,0.5920491819230538,1.1575543638876944,11,13,14,0.5170881480979852
9760,-0.9913435782103899,-1.3295683391777637,0.9772466638664059,82,86,99,1.7229736179437105
9759,-2.623427374418885,0.2625849636220965,0.9408662036255091,111,116,134,0.7799510380456696
9758,-2.599765498734698,0.7704027601871095,0.9198389507171224,1,5,12,0.5050362606827985
9752,-1.6848076421221574,0.5935283974735228,1.244951259278122,0,0,0,0.8720897269534476
9747,-1.9301675847476192,-0.8274215267938032,1.0431820923547437,108,106,106,1.2765149001110558
9745,3.0676897456535817,-0.08807373525242934,0.9144807529939389,228,228,228,0.7687748745797657
9744,3.042051509588089,-0.07398868480791598,0.9757989285823684,35,35,35,0.8021494970134238
7385,-4.37304128330905,0.7373877102797006,1.2809502767668663,231,231,231,0.7487305349401665
9742,2.975862489995486,-1.4081845238242348,1.1286725772864536,228,228,228,0.9839441951384552
9741,0.9927836003726911,-1.5968564457105847,1.1110805229421468,105,106,109,1.6758031915830873
7383,-1.2724810566917868,0.5933866052977745,1.7164541241372517,107,113,109,0.5206935088948556
9740,0.9894301392424989,-1.5978857215887974,1.1095494660175713,105,106,109,1.660332493271205
9738,3.0676936410456026,-1.4059811899276262,0.9120877297743288,228,228,228,1.2252704932515803
9737,2.9885867706203832,-0.2258907308402432,0.85521058496566,0,0,0,1.5819444856100089
9736,3.047234642908985,0.0346259543800016,0.9702278612939715,85,85,85,0.31831892395126254
9735,3.046365920656693,-1.5347550120172064,0.9659378718700157,24,24,24,0.9347698121679132
9734,3.0538438644332073,-0.8236938234565745,0.8650035267193694,110,116,133,0.7492360798712776
9733,3.0221514276151753,0.25846402002345537,0.9565343622211234,110,116,133,0.6247650472700187
9732,3.0215935880520535,-1.477128683072261,1.0237996169948609,6,6,6,0.7031984634755444
9731,3.0215935880520535,-1.477128683072261,1.0237996169948609,6,6,6,0.7031984634755444
9730,2.9976160541469845,-1.4117906118578387,1.0816288529145406,0,0,0,0.44107172065152905
9729,-0.8787978562488115,-1.1764078419684352,0.4654120468144358,107,107,107,2.884233618304794
9726,3.031871587634956,-1.2498465431842192,0.8892380342518775,0,0,0,0.6907376474440065
9725,3.049678911302196,-1.4100395953799518,0.9605890880146287,0,0,0,0.42183317177615526
9724,3.007771263986576,-1.4401263160735174,1.0555432840911239,228,228,228,0.3116800351320251
9723,3.0075092095183056,-1.5171323113084307,1.052838604843224,228,228,228,0.5598639288531462
9722,2.444447915731265,-0.17569106247716232,0.9283838625190803,111,117,134,1.4815092424172551
9721,2.8922287712860237,-1.1856150133566445,1.3027951117189274,59,62,72,0.6811593289118765
7363,0.3287209151098873,0.7326455528336238,0.8880785746840978,29,30,30,0.46736902697918803
9720,2.8117166414625103,-1.2056152393097541,1.2972305863108735,103,108,124,2.604941204177928
9719,2.7713720922274447,-1.3785233850473446,1.3224437572338434,231,231,231,0.5503836469211977
9718,-2.5115369536485694,-1.7646891334579338,0.9680040677755533,231,231,231,1.187778463965805
9717,0.400306977289943,0.7560472630895361,1.4047147139127047,0,0,0,0.39904169952207696
9714,3.038337636480315,-1.4352423815747057,0.9836465745124153,228,228,228,0.5558984125910207
9711,3.027642230708413,-1.5202650394720694,1.0081605093190078,228,228,228,0.4741664722369939
9709,2.9154031017209077,0.2693336199420898,1.3268356414054954,82,86,100,1.847056634560483
9706,0.4244584783008545,0.7412371897621886,1.515692441523047,0,0,0,0.9280351733306159
9705,3.031717200635744,-1.2456773209031025,0.8726921432003356,0,0,0,0.586617804139214
9694,-0.3504390316273207,0.5751344338806101,1.4987267814716545,109,111,114,0.9289713437249539
9692,3.022317131436097,-1.2784826608690723,0.8540175274514267,109,115,132,0.915832570460034
9688,2.919880033012406,-0.8700517867143052,1.331540614672055,66,70,81,0.7416980644346932
9685,2.103220537492727,0.12890964949625017,1.274599321522953,99,105,120,0.0003666323302758527
9683,3.0321465485778853,-1.2925900101176349,0.9031757623839423,91,96,111,0.5162613823274713
9680,2.9194044579332994,-0.2030802566670049,1.2594317343807333,62,65,76,0.6039265123303083
9679,2.78293655767294,-0.8548126286213702,1.2569919978471602,98,103,118,0.6771132756533151
9677,3.0819140487508463,0.07481170335246656,0.8979349026203071,228,228,228,0.6969490182668273
9676,3.0783129322693292,0.0783624147065396,0.8929387982979116,228,228,228,0.6042590695035177
9671,3.0390122086943876,-0.040581054105978676,0.971663969259701,228,228,228,0.045101160628404656
9670,3.0425904297914923,-1.2044368930286642,0.9926611583918121,110,116,132,1.0158689828024512
9669,3.0316968420013177,-0.014204174786287882,1.0003061606433792,0,0,0,0.47323660999457523
9668,3.0316968420013177,-0.014204174786287882,1.0003061606433792,0,0,0,0.47323660999457523
9667,3.010254531308709,-0.8375103955928194,0.9954888996536851,108,114,131,0.02712445604746301
9666,3.022368557350406,0.0056844353272471615,1.0144205263760209,0,0,0,0.4419530240970074
9665,3.022368557350406,0.0056844353272471615,1.0144205263760209,0,0,0,0.4419530240970074
7307,-1.0475910988301154,-1.2696758255347715,0.5377957579184898,119,125,144,0.5835455774287512
2220,-0.5386759242408168,0.5136103054085568,1.3898011708149938,87,89,93,1.233729883235423
9664,3.024490837064349,-0.05446426099822588,1.0146345322206392,0,0,0,0.7665587023832552
9663,3.024803268689306,-0.05437700489987435,1.0152567628727418,0,0,0,0.6773763836954464
9658,3.0028857597425627,-1.5286223272704942,1.066105531975598,228,228,228,0.17778943312074982
9657,3.0028857597425627,-1.5286223272704942,1.066105531975598,228,228,228,0.17778943312074982
7299,-0.6796816046865009,0.5777094263888711,1.2790965543176331,104,105,107,0.08566109090714283
9656,2.7685792382416397,-0.15442804613165428,0.9743722635504735,84,88,102,1.4619902834716827
9654,3.1510694590545247,-0.21076683710797006,1.3049712116446137,228,228,228,0.3762048292703045
7296,-0.5133691531281632,0.5723523741136678,1.5253252928302155,74,79,91,0.13890360468638682
9653,-4.7410539637793025,1.2714190489460206,-5.082087660498729,61,64,75,1.065015907177749
9650,-4.7409581246568475,1.238510360718936,-4.937008052231642,61,64,75,1.0830074097490576
9649,2.55367055130497,-0.25848012009583565,0.8728889920931057,61,64,75,0.02795534916539693
7291,-0.5024754827688576,0.5877492268494209,1.611390046643734,91,94,99,0.05413407940393059
2204,-0.6224849355397595,0.5837178721124476,1.6496657830394343,3,5,9,0.645022792977096
9648,2.481579672868179,0.04000375339039075,1.0168932703568996,114,120,137,1.6036006306837929
7288,-0.48172617679870955,0.5844033497350984,1.681271479635801,54,57,62,0.2731632473737696
9645,2.9189246476363992,-0.910546136573396,1.3078410429108807,114,120,137,1.4638638240430044
9643,1.8865576851532275,0.8395579583136703,0.7473348457906601,5,5,5,1.907538928280874
9641,2.781861308174567,-1.3532501925115663,1.3205920697187379,231,231,231,2.065945502625537
9639,2.745493496606552,-1.611181783392138,1.3001303124320525,231,231,231,0.04253163899187843
9635,-1.1510960522121727,0.604784684796478,1.0727672904110266,116,116,117,1.6972171570115977
9634,-0.48058738561637493,0.6277733482088599,1.2352161454433197,106,106,106,1.2216931277697116
9631,-3.722513536753699,0.4140837321131099,1.2426971673560625,231,231,231,1.5063773651018584
9629,3.0803198214869383,-0.25452050696092143,0.8485121658263035,0,0,0,0.11891761229258849
9628,3.0061582444495247,-0.8437794182058708,0.860288288182029,0,0,0,0.4779832083234429
9625,2.4399774644478613,-1.5231802946760977,1.0327484894133463,231,231,231,0.1687140627904024
7267,-0.4578967855085394,0.5663938374454665,1.702352320000249,3,9,32,0.8553039444234727
9624,2.096614040612579,-0.23028440748728557,0.9335497670104107,61,64,74,1.1643492838243787
9622,0.2522633831672696,0.7524584006044512,0.9064011348632265,27,28,28,0.3430550607139325
9619,3.046171595878895,-1.258813523553037,0.8568974130872836,92,96,111,0.12230327570326627
9613,0.22793151046214377,0.9502938177866347,0.034840767017132235,62,66,76,2.3251030212999204
9611,-1.0386505100245977,-1.6679747262583609,0.4971857235862267,91,96,111,0.20471445641033625
9610,-2.5472429321790897,-0.1948954394205899,0.7820764329874252,113,118,136,0.4821533537556158
9605,-2.510068970327774,-0.860652440504983,1.1663788599331293,108,106,106,1.0001311097621477
9602,-3.2792502836342927,0.09818906699166963,1.318674984011825,98,103,118,1.0520033995671396
9600,3.025349976948448,-0.1108257078455015,0.9017768363450277,99,104,120,1.377337889838507
9599,2.7227872737606376,-0.8476342357051152,1.0181413065162213,76,80,92,0.3607789968505374
9598,1.9352676079882596,-0.1727535789237245,1.0594463927890811,61,64,75,0.33985395675364216
9594,1.9905637019403606,-1.0609250200540004,0.9677084464377713,85,80,76,0.1357214882272841
9589,-2.762326366346183,-2.750159446646125,0.12974852713450002,4,4,4,1.4768371413577894
9581,2.099857978412107,0.27434502116723436,1.232961697604637,102,107,123,1.2948284719928582
9580,0.7981099814699811,0.7325670358208147,1.0440263694513705,57,57,57,0.6806937572621314
9579,0.7981099814699811,0.7325670358208147,1.0440263694513705,57,57,57,0.6806937572621314
9577,3.0368259076695137,-0.029106906833113344,0.9861799817147096,228,228,228,0.6095297224736224
9576,3.022284688086891,0.018281582184998646,1.0315935347906808,228,228,228,0.5755532922778112
9575,2.9987876277722183,-0.08619757251998922,1.084290199576595,0,0,0,0.4953422692321298
9574,2.934092176765135,-1.1941718744935623,1.291575841939064,98,103,119,2.188725452317014
9573,1.7173703326225418,-0.20672897619311031,0.8104340877545293,109,115,132,1.0548217686678023
9570,3.028720319712994,-0.007023176251614416,1.010567263803974,0,0,0,0.2304018420592845
9569,2.7615277472502777,0.33385314744974615,1.3239073151591128,57,57,57,1.2670056004793173
9567,3.0411692335065377,-0.005233318535270315,0.9836278934613181,228,228,228,0.38323775733082116
2495,-0.9681079065136107,0.5852778935802951,1.3314982770520782,62,68,78,0.060183012951126415
9566,3.0278707446147823,0.024297046886311402,1.0084657531524441,228,228,228,0.3685918924988012
2494,-0.9681079065136107,0.5852778935802951,1.3314982770520782,62,68,78,0.060183012951126415
9565,2.94455223795074,-1.1715520862566764,1.3243486500046981,98,103,119,1.1508204847563264
9564,2.120600483663761,0.14272666430849767,1.136567699784334,89,94,108,0.1300663830224143
9563,2.0814630703952197,0.33421960700925,1.2655034087130552,57,57,57,0.32334539266469675
9553,3.037911534305983,0.01579153066370853,0.9896789203690708,0,0,0,0.6385077501972011
9552,3.0380885042101875,0.015559567021850684,0.9898793748955089,0,0,0,0.6474531993294831
9547,-0.5641436931282233,0.5912021113045196,1.5905668352337714,28,40,65,0.2950891628907134
9541,-3.638267109132481,0.3406577589507723,1.1997893669943513,99,104,120,0.7226512511966193
9537,3.035894565505635,0.004314779015839432,0.9896279831273521,228,228,228,0.24540637750765382
11893,4.596395253430684,-0.5099019721525984,1.7938778370778352,0,0,0,0.0020975065670282905
1719,-1.7893789226172645,0.594947544583643,1.1526349884032818,3,71,22,0.0921868403233158
6806,-2.2564271351047687,0.04071339161718335,1.0647650663805897,111,117,134,1.1613249165888955
9536,3.035894565505635,0.004314779015839432,0.9896279831273521,228,228,228,0.24540637750765382
9534,3.0327722099532073,0.012795972101143915,1.0035529845487967,228,228,228,0.46578423326139423
11890,3.9438812785745325,-0.4468087273526245,1.1280021957004616,236,236,236,0.28930744188452495
1716,-1.538778672385431,0.594592692299706,1.26081034296771,17,20,21,0.5609913413894237
6803,-2.1720357833869213,-1.0969317661434281,1.2333307065368662,0,0,0,0.09276291386003
9533,3.0141174714380083,0.03160026772512803,1.0429727556085138,228,228,228,0.4070345201486278
9527,0.09462936945187095,0.552498861779541,-1.572549510503864,61,65,75,2.068544897205045
9526,2.722365113264022,-0.8502000196440095,0.9902368335226992,67,70,81,0.8983412690862203
9525,2.9288367440689056,0.25358516977774237,1.2759800489722695,103,109,125,0.44608259159283886
9524,2.2275820853457553,-1.877888410037685,0.7744066847260493,59,62,72,0.467911745119992
9523,2.7506336362975743,0.2858415897305159,1.3586306833937318,115,121,139,0.3323156477217964
9522,2.1154303787794673,0.5588745629058143,1.25527924769161,59,62,72,0.17159189110692802
9520,0.6716615344075708,0.7116223682425691,1.5532234611708748,142,142,142,0.19583724746035644
9519,0.6714188321549294,0.7116658605480908,1.553524309188811,142,142,142,0.20090493257862752
7155,-0.5749696258364625,0.5894754876312904,1.6675926759758497,15,23,22,0.19558960661611674
9512,2.090888866697593,0.769678772097838,0.8970037402096628,6,20,42,0.07435214467717192
9511,2.7846705474122375,-1.1582949494888444,1.341309279591348,59,62,72,0.26839922417448525
9510,1.3224022696849795,-0.18043662238265817,0.545487754489036,60,64,74,0.12423637596548474
9509,-1.0659808087943135,0.5820180488017912,0.9192017838200127,113,114,116,1.477321734694881
11865,2.106260915041311,-0.8078274386086337,0.7099594089659569,59,62,72,1.1311405257082383
1691,-0.4993961727066989,0.5849778776189767,1.6542248371311987,3,3,6,0.15314869270504244
9508,-2.535384059294365,0.0008190447334806006,0.7591423695687844,228,228,228,0.8314651400317878
11864,4.590391886855677,-0.4868716021575521,1.7875838921258138,10,12,14,0.46931753256741837
9507,-2.5353817707693946,0.0007488533569772748,0.7590832643603371,228,228,228,0.8246433240556884
9505,-3.849864129113835,0.7610976836139989,1.273867442140298,231,231,231,1.8642732394506143
11858,4.598924023670893,-0.4936198242029865,1.7852424126165392,236,236,236,0.10424988588137192
9501,1.9879369966601248,-1.514390349714699,1.048692789026425,8,8,8,0.22839779543147756
11856,3.511059804404452,0.7628137074738834,0.8826972946529025,9,9,9,0.619430374323339
9499,2.0603403053663474,-0.19801418460724568,1.0958517678828965,61,64,75,0.8642861306242805
7136,-2.3404611664570734,0.8256961902600779,0.8373646525027769,9,9,9,0.049695604643620814
11850,-2.742859650814277,-0.18245892135154307,0.8595423094293442,111,117,134,0.30978310277457916
9493,0.7701361549956546,0.7212177122751169,1.5834778926781894,156,156,156,0.16883065826680613
9492,0.7688539951516686,0.7212497751033631,1.6026783620461846,155,155,155,0.6548023675276198
7134,-6.001744456792098,-0.28341470805236507,1.0063938378554476,0,0,0,0.22802267582306088
9491,-3.7169403389052644,0.7886808164399557,1.3056417408624008,2,2,2,1.643391399570613
9490,0.779449906109034,0.716629011846599,1.6390564520734754,156,156,156,0.46735583290505667
9487,-0.9085875546075259,0.6121425523220605,1.8659197980143767,158,158,158,0.4425949842799747
9486,-0.8904798506816194,0.6075589683324514,1.8657154286892446,158,158,158,0.44919224094757204
9483,2.72208015014498,-0.8500552550404175,0.9634024198293949,60,63,73,0.1274886067374912
9482,2.9358187004850382,0.12668533694847028,1.299390352749353,59,62,72,0.18661250074911997
9481,2.880110176969181,0.08393259834665001,1.373454815405021,9,9,9,0.09538267584164858
9480,2.0476975334479945,-1.6830915407673324,0.9234360182379592,8,8,8,0.26850052562739646
11833,3.0086369862515054,-0.06947321876598656,1.0690120899193558,228,228,228,0.6376046091739933
9476,-3.030920040064949,0.12058735231284956,1.306900920065603,90,95,109,0.015105320623213452
11832,3.0086369862515054,-0.06947321876598656,1.0690120899193558,228,228,228,0.6376046091739933
9475,-4.249997481450286,-1.7742135228701839,1.930372355317588,4,5,7,0.3523365273115667
11830,2.8323818247429253,-0.8633879856538045,1.1943433643587729,59,62,72,1.7991009771584041
6743,-1.7603318852606495,0.5935055679031664,1.6019876860699314,22,30,48,0.22737846470120773
9473,-1.1572186250179595,0.6032681998914127,1.119825376786146,113,115,116,1.263428219360384
9472,0.4960089353286843,0.7693976030625591,0.9375342989105313,57,57,57,1.4193113269500015
9471,-1.200161169084288,-0.7898238417435712,0.5509481998683403,39,41,48,1.1857256891838326
9469,2.9339458628968442,-0.9182982211218511,1.3124229815374904,115,121,139,2.3900718171356594
9468,1.6223977502561906,-1.5996511240261684,0.8985169545883596,231,231,231,2.091150410454127
9465,1.9348840198033568,-0.1745055956177864,1.2193726584289832,83,78,74,1.54667990597435
9464,2.91696468553872,-0.8688503795099786,1.3276662712544334,67,70,81,1.9063360369925684
9463,1.9791101209581667,-1.0390418762825953,0.9830796393649394,86,80,77,1.4743090771746628
11819,3.7120204473545364,-1.4214966741578539,0.7251390710271728,0,0,0,1.3935005859212368
9462,1.9737141131596856,-1.134182564307285,1.0508489320403642,231,231,231,0.5656606930298471
9459,2.1790266941338943,0.785564488791362,0.8418025319271898,231,231,231,0.13829332567177668
9457,2.335623091577483,0.24442170536310537,0.7271260528212362,115,121,139,2.2474751439274385
9456,2.9330228899603523,-0.8990878742690418,1.297256330437177,115,121,139,0.3683646248337167
9455,2.753489917788105,0.26953907805878874,1.3428568568427235,105,110,127,0.20643630565944324
9454,1.9806622739537691,-1.083054724598137,0.970184305647325,231,231,231,0.41262170783018903
9452,2.108727379862021,0.15491549361850587,1.2059281029343252,99,105,120,0.012429461585470907
9451,-1.5729599518288353,-1.5446693032539707,0.19867282911017203,82,76,73,0.5298598925943829
9450,2.9861566813209057,-0.1285339825865165,1.1302496982195935,228,228,228,0.6803819899726652
9449,2.6590068416096084,-0.21928924380663406,0.8647397768855889,121,127,145,0.5870511979936353
11805,2.8405993307458894,-0.832146670196092,1.3251485447660116,231,231,231,1.4989968847243726
9448,2.9197234679090203,0.27026968471006496,1.172363376970213,113,119,136,0.20476680894705904
11804,-1.0851068578322796,-1.6594023953331491,0.9231504876450326,102,107,123,0.8794255333192336
1630,-0.9451883155090068,0.5693033777080698,0.9908579199540444,16,83,41,0.7601327966805734
9447,2.933514544840799,-0.15222978536911153,1.2961303618567448,115,121,139,0.7916072832127592
7086,-0.7986214329879902,-1.7363842233428992,0.8800418206029836,0,0,0,0.12095041167760541
11800,4.02857635584415,-0.5526664562047386,1.1416738949512377,236,236,236,0.42553876871625435
6713,-2.072247731973982,0.6507669373856408,0.9864013001979187,27,83,39,1.483352184925907
9443,2.096447095497269,0.6110520164693034,1.2011621492866058,99,104,120,0.3492804048730121
9442,-0.9110938583113426,-1.6681692954116747,0.8937059147433631,231,231,231,1.491730526300645
9441,0.7952621097824857,-1.6107442784541257,1.2698147041938355,103,105,104,0.3907140438781107
9440,-1.1486421933264688,-1.4734012358159903,0.947265141059314,231,231,231,1.5359083329607583
9437,-3.4237808079858314,0.7789129442494964,1.1679669061531013,231,231,231,0.6033717267983036
9435,-4.796679001099024,0.5688571876639505,1.2979661887906881,231,231,231,1.6012728230286806
9430,2.3621483368823006,-1.3186574626986065,0.7461284236389198,115,121,139,1.530209148831661
2357,-0.4395950223145577,0.5850757684099108,1.6107155073229396,72,76,86,0.07325709663578363
9428,1.6084425449121607,-0.9206050227201255,0.5636458421261319,108,114,131,1.178459821241172
9427,2.0712644767170714,-0.2286673751188677,0.9334376157706424,61,64,75,0.31233141654738705
9426,-12.597515832913023,-9.206852949582217,-8.008592154821333,59,62,72,0.03418256256986078
9424,2.7345389187401588,0.30251485849128057,1.3614078304209591,57,57,57,1.1070999909098749
9423,1.9793735066243414,-1.0266043280454076,1.0416938443808657,231,231,231,1.1704157985509205
9421,-1.9529968601109435,-0.9203387531384419,0.06316772550923244,107,107,107,0.5917261962525089
7063,-2.568181171683523,0.044530174606180584,0.0886537531540359,0,0,0,1.4972702515149898
9420,-1.217091953201277,0.5413710916387846,0.5553243138072217,0,0,0,0.8465225316700511
9419,-0.13683222202082757,0.5316969379946204,1.0986446840727748,106,106,106,1.0848801833953472
2344,-0.9519269521889031,0.5932749370777468,1.1438494940510453,16,71,43,0.33659343061082264
9415,-0.8807936715768583,0.6848949961039548,1.8731084027168747,56,57,57,0.8846579636785267
2341,-0.49317569172528586,0.5843145473852476,1.0719239289114424,103,104,108,0.2237602997968471
9412,2.745968003565408,-0.8481568797032719,1.0641887877052139,78,83,95,0.29848300712595977
9411,1.8601106394975968,-0.7992929482745503,0.5137618233843126,60,63,73,0.3599063693590909
9407,1.926794766174099,0.779371745456318,0.909183086404474,123,124,123,0.3942656072325359
9406,1.926794766174099,0.779371745456318,0.909183086404474,123,124,123,0.3942656072325359
9402,-1.5558788896392115,-1.5118996605751733,0.9642000905022475,231,231,231,1.6135205017802672
11757,4.597151514806864,-0.4953820900488258,1.7938228149746598,10,13,14,0.21636674031269532
9400,-0.6238889212459533,0.5910281486320834,1.6114510895113474,17,33,60,0.389733679994498
9399,0.5085056579913318,0.7539479886799036,1.6863746683009262,142,142,142,0.28535788123225386
2327,-0.791007707876465,0.5845130462576273,1.5239071147491394,93,99,110,0.15515187391834212
9398,2.9622998829261014,-0.12540382547390777,1.1456519588883913,112,118,135,1.8520795801031114
9397,2.6950311072682953,-0.2218175892327185,0.9071858911254029,61,65,75,1.1934757254673576
2325,-0.7558989086762176,0.58560193928536,1.6174277721727508,16,33,64,0.07428689752115164
9396,2.926969393487897,-1.1816272345139147,1.286235285676184,114,120,138,0.5153849321323447
2323,-0.43578278751336175,0.5849483483455877,1.6161218292377018,10,27,56,0.3044266789670201
9394,1.7319374574487734,-0.791874833363557,0.5473482070203299,59,62,72,0.3114391532118754
2322,-0.5377782159502797,0.5848261854211774,1.632442672177647,85,90,96,0.23045092267355827
11750,2.1186602639886587,0.7639824317914581,0.9083328515432221,124,124,124,0.6656178407466006
6663,-2.9702130039763186,0.3317944562361853,0.8561150593026173,0,0,0,1.7111969362462567
9393,2.051830273029545,0.8842938700434866,0.7919303643901037,9,9,9,0.14356903886037536
9380,-0.6323910986953147,0.584317003791319,1.6552865068195766,16,25,44,0.4121487680265273
11736,3.372148088389631,-1.2656518295786694,0.8618415682262598,117,123,141,0.6266843295163945
1562,-0.8013498203255938,0.5857007167804495,1.5048784402332662,72,79,91,0.1567498506643241
6649,-0.8018786851375705,-1.7781269233201697,0.8490733413994644,0,0,0,0.013003011914536112
9379,0.33653699011473526,0.7269303039934114,1.8908271229837632,57,57,57,1.030763779801466
9378,2.718036197551876,-0.8508498887400574,1.006689582571664,75,79,91,1.3380643677911634
11734,-2.562847664250748,0.020292199151491497,0.817853232411674,178,178,178,0.49601840691718496
9377,2.3557450890562786,-1.915916947513525,0.7433481815899325,59,62,72,0.045197789420736045
9375,2.7765667905421028,-1.1556045235357915,1.360565494095847,116,122,140,0.5160498741050642
9374,-8.474209792583661,-5.688268771530179,-2.047498099085635,0,0,0,0.389800694646655
9373,-2.4200293998209568,-2.663203500356184,0.19245280653705343,0,0,0,0.20827563269004992
9372,1.1631196645620867,-1.7627238340869698,0.8630267119355195,8,8,8,0.2995464196344815
9371,-1.9989406390720839,0.6192500466597417,0.4062201470387645,0,0,0,0.1255706990319153
11724,3.1522253990729223,0.7832941265783799,0.8839114050317601,9,9,9,1.8758930609469329
1550,-1.6497901994468664,0.5936865263529143,1.6190996999149827,116,117,117,0.251126386599097
6637,-0.9651211760596659,-1.1419180187718607,0.9960195532606221,59,62,72,0.15533237134254446
9367,-1.802952674159045,0.5938085219394076,1.560326086427174,5,15,35,0.4040377337024738
11720,-2.7910927104265952,-0.1124241928084922,1.0646485080591752,29,30,36,0.3555515906719563
9363,3.775757004674489,0.760890082741031,1.9906472248458393,57,57,57,2.0058720239211576
9361,-0.6334735508341391,0.585041944801101,1.5163736568795934,111,113,115,0.045806904885455454
9360,-2.2620794862180715,0.7699447739183585,0.923699984381413,8,22,43,0.4194686060625565
7002,-2.697275595154761,0.569210814845923,1.0745446247383774,0,0,0,0.10258457228519408
9359,-0.3080790652199952,0.6084927635879391,-0.0031416030582420706,107,107,107,0.41915107710551486
9358,-0.002610690699553775,0.7111097511292719,0.26539429921352276,141,141,141,0.7992574048870047
6999,-3.1465273777750826,0.34878743746666274,1.3057588331769057,231,231,231,0.9129011564946952
9356,-1.3489270219505793,0.5943898655376969,1.4268671711987206,100,102,102,0.12906419159093094
9354,-1.6128415209371303,0.5913246887583343,1.5921479336342808,7,20,43,0.344834524787695
9353,2.649841304636155,0.27973195782672866,1.3136947198623417,59,62,72,0.19133463928077607
11706,2.9731189868403627,-1.3819675635694235,1.1465256058920028,228,228,228,0.34856823361822187
9349,-2.247445417373924,0.7714798785750745,0.903428378937259,31,84,41,1.1589778861650846
2269,-0.8884088313029457,0.5834913209990966,1.6208170273642368,11,29,59,1.1085758238260917
9340,-1.79540226540063,0.594217324650143,1.1477022545078435,5,8,7,0.5070993284332519
9337,-1.510099950914158,0.5931387455472452,1.3504568083303583,3,3,3,0.6563612148662727
9334,-2.3265228259806268,0.7624076366377499,0.8965487687120184,29,83,40,0.8047974402281446
2261,-0.9894783950218673,0.5862929345648684,1.1733677739889923,52,90,63,0.2943600603731026
9332,-1.3807642572287486,0.595225028383618,1.3652814180318493,11,14,14,0.48145286447713764
2260,-0.9713639221287811,0.5879800421317718,1.1730466559977684,12,87,38,0.263953198011078
9331,-0.5422284070684715,0.5895769478825548,1.3360337962238393,0,0,0,0.23972130385272217
9330,-1.7463827361118716,0.5928252870935358,1.5815740302162011,66,69,76,0.22145120808272872
2256,-0.713791262588352,0.5751806285969707,1.429080728654673,75,78,85,1.0526887513908978
9327,-1.7236924148555515,0.5944472172785871,1.6255909304404894,0,0,0,0.5612756693667755
2255,-0.7161520584561929,0.5750736777462135,1.4293327111295764,75,78,85,0.3270834595561779
9326,-0.9930510679270341,0.5924746544830914,1.6283263877677392,63,67,78,0.08227015000194252
2254,-0.9879413830303103,0.5858352667290818,1.5960193258183908,72,76,86,0.06495506576964252
9325,-0.8472311451827372,0.5830516129855821,1.6382172008830538,11,29,58,0.02586392254653606
9324,-1.0092850859364115,0.5844570224485706,1.6711885633202366,4,17,39,0.046574988808367135
9319,0.986876958440564,-1.6161778196795449,1.4032008306522865,81,87,98,0.0073109444081357255
9317,-1.8974668184527057,0.5896985992643216,1.6074174111685189,5,13,26,2.6349024196344364
9316,-0.3054242146888675,0.67683193674858,1.8430279108868635,158,158,158,1.1258739765450487
9315,-0.3054242146888675,0.67683193674858,1.8430279108868635,158,158,158,1.1258739765450487
9310,2.0099969435950413,-0.8985088556390199,0.9397070562350118,112,117,134,1.2955590917878952
2238,-0.5281416118861348,0.5845410655784664,1.358065890252966,124,124,124,0.2927785099427771
9309,1.729051224963753,-0.20455378901377597,0.8174206878318587,111,117,134,1.3458388778985144
9306,0.4471703655929635,0.7446991916783738,1.6425206092881424,0,0,0,0.8376662573639165
11662,2.9131427355470336,0.26888140410518757,1.3554153872668515,57,57,57,2.237580561167109
1488,-1.4191757592459262,0.5932121991659458,1.3148007851350376,14,17,19,0.5126709693300338
6575,-2.0897636772657453,-1.5665492992253265,1.1916598614383442,107,107,107,0.9706510216735653
9305,2.622107450956787,-0.19737859764718885,0.8903991186399312,62,65,75,0.3116549417077197
9294,1.9565402977789477,-0.22610098928280598,0.8241336146131012,118,125,143,0.48629271506940164
2222,-0.7332013533886164,0.5876932068263794,1.3255555476709997,123,123,123,0.2681921763331038
9293,1.9996013309318679,-0.9252763525937788,0.981544143848876,86,81,77,0.4631892853661352
2221,-0.5082187139110597,0.5843293979321642,1.35417928819928,124,124,124,0.2120545842327661
9292,-0.07253461767447877,0.7709245477840065,1.8798180777183369,57,57,57,0.7536544875914869
9291,2.009219681404663,-1.3674972149499585,0.9823705783788328,231,231,231,1.762044570217963
9289,2.7157740349771524,-0.8474689664675683,0.9688161471852015,97,102,117,0.3937026077979849
9288,2.776339322788176,-0.20115368656832816,1.251000798993898,104,110,126,0.08789113166099413
2215,-0.5409567636470505,0.5845280879778525,1.504591958830865,70,76,89,0.131092511855935
11643,3.721958056225015,-1.4152853945585453,0.7529709236576847,231,231,231,1.371920992927617
1469,-1.8495593330065012,0.5939250746612446,1.6030000777203832,22,31,49,0.2929800575983613
9286,2.018568681348822,-1.5706904104292447,0.9901635822576635,231,231,231,0.1435137559400631
2214,-0.6720117363236997,0.584712034097363,1.5160378569470583,75,86,107,0.20898102961875234
9285,1.763913579008458,-0.14859442538026008,0.8852558208811239,109,115,132,1.4447489871001895
2213,-0.512474828871976,0.5845096322730587,1.5046602948603933,65,73,86,0.2910685286820512
9284,-2.5399900099115507,0.6549826425290846,0.6497984700033272,0,0,0,0.6066154950629579
2205,-0.5687771848037277,0.5833358403816447,1.6412290960710223,65,74,78,0.2677579405969409
9276,2.779994094736982,-1.1493711315908763,1.3640803176308842,116,122,140,1.0165618035052637
9275,2.006708511998703,-0.8589517031347778,0.8245662155326906,87,92,106,0.27800083258236413
1830,-0.9524238345554865,0.5870595123056277,1.088589859432771,83,85,90,0.15742301198069736
1827,-0.5572021554315714,0.5849955689189263,1.1133461926631036,123,123,123,0.3534960534721644
6914,-1.6233973124516066,0.5942460186568996,1.2504692083187376,5,5,6,0.555881403666917
1826,-0.536695627524792,0.5863879592240469,1.1206335020482419,26,52,50,0.18947052388422955
6913,-1.632852443272664,0.5946610517353368,1.2095463147533274,26,30,30,0.1927877429457133
1825,-0.761744602021019,0.5860972597180862,1.1384833168898743,124,124,124,0.3088326614120435
1824,-0.7553813945795005,0.6184793313338652,1.1192180470133333,124,124,124,0.8079100491925084
6911,-0.49215481848769915,0.5852463761149913,1.6194074997987635,25,38,48,1.009014784254244
1823,-0.7568585830946413,0.586511756339247,1.1434573819124259,70,74,83,0.10424342753774907
6910,-1.6522104088452578,0.5942305038887197,1.180014364991874,15,16,18,0.48729744146401727
1822,-0.9958627022498416,0.5839681568187558,1.166693968251197,123,123,123,0.4040944721576525
1821,-0.469700151834608,0.586070819807363,1.1660051140729304,122,122,122,0.25918063583362877
1820,-0.5149802280803739,0.5855289943403788,1.2974256768513923,124,124,124,0.12795427099998563
6907,-1.6269143779585242,0.5953340621002521,1.1979688759640323,7,8,9,0.14328304121013982
1818,-0.49927097424316313,0.5853766629848927,1.3459785482092443,124,124,124,0.05261481843919987
6905,-1.6446804817450658,0.595964113529694,1.1864434515400095,46,52,52,0.21456654345388668
1817,-0.49894073384091664,0.585732189459794,1.3456792591857445,124,124,124,0.23456438413416905
1814,-0.49577468933234203,0.584600852859908,1.504671229030136,68,75,87,0.18389702500188368
6901,-0.9665113336200983,0.5844797797206174,1.0828735789866992,123,123,123,0.30270331968420705
6898,-2.7166777322143694,0.7119056305538023,0.8997274613504066,187,187,187,1.3484511881405497
1810,-0.45597711941032015,0.5848532654299008,1.607260782681975,60,65,77,0.1420294658459642
6889,-1.224904933461394,0.5852332530529303,0.534178798284197,0,0,0,1.2934473695447823
1801,-0.6935060434459399,0.584183231688107,1.6127465834339518,81,85,95,2.1136366100530632
1800,-0.613521783841966,0.5839236561160384,1.6452104520542181,0,0,1,0.5516101223596871
1799,-1.7333921135283936,0.6217185173272666,1.6036786969277963,19,28,47,1.8343617162109405
1798,-0.9966222514946379,0.598142729386228,1.632316205332378,7,22,51,1.4379270326649154
1796,-0.9048671823092183,0.5884743506727756,0.9855164771914063,124,124,124,0.234765763346121
6883,-3.285671056648639,-0.23900912509239491,0.8128311684229585,45,48,55,0.3029634189966076
1794,-1.350673447328472,0.5887169327651385,1.3219845914134423,74,77,79,0.14866395181037487
1793,-1.350673447328472,0.5887169327651385,1.3219845914134423,74,77,79,0.14866395181037487
1789,-0.7438857253028135,0.5785758771849818,1.1157971842470973,124,124,124,0.33347547867773547
1787,-0.469772285823832,0.5863048601534173,1.6232926874705111,56,58,64,1.0414630352837422
6874,-3.0493192293408113,0.756076665567363,1.2628581251157849,2,2,2,1.3761528186028862
1782,-0.7298938471473999,0.5839900066454424,1.6062512051563866,15,33,64,0.32333369599411693
6869,-1.8475249685730581,0.5950280791784801,1.450194350187786,28,38,56,1.8840621790126781
1781,-1.910916458777014,0.5996813494817339,0.4624723176791179,6,19,43,0.7493443715421158
6868,-2.076048903712996,-1.5396777106119108,1.1875963497698845,107,107,107,0.36112271495908493
1780,-0.4852751057046174,0.5850108534918157,1.145731354107141,124,124,124,0.25808379997767644
1779,-1.5822968538535975,0.6030444256501417,1.2489580479452638,13,14,16,0.5058810233783714
6866,-2.5320324461471757,-0.9069998644185292,1.1733167677693186,67,67,67,1.2476721773659016
1774,-0.7254798298573526,0.584228843298195,1.621216483236439,13,31,62,0.5051673233552963
6861,-1.4472377563496317,-1.2982176684635607,0.5084698009088142,112,117,135,0.39088139277167905
1773,-0.9577114950674925,0.5825953673946671,1.6215003650452182,8,26,56,0.13623697361866544
6860,-2.0672220933020085,-1.5456120394711086,0.046836118791801384,107,107,107,0.3205816328867319
1772,-0.9577114950674925,0.5825953673946671,1.6215003650452182,8,26,56,0.13623697361866544
1771,-1.013851015472881,0.5815950088307753,1.6300683792144326,59,64,77,0.08653786086904662
1768,-0.5236340798662875,0.5847726799939041,1.2651397041097385,124,124,124,0.5829977419365044
1767,-0.536653555616911,0.5868403054634836,1.2647860160403548,124,124,124,0.27632612747983093
1765,-0.942470766242308,0.5821400704313378,1.26767323359373,124,124,124,0.10437200293269452
1764,-0.7716436648586491,0.585670317865113,1.3118083702624994,124,124,124,0.2948270917150305
6851,-1.4469933385243432,-1.2559555195241847,0.5145798150834686,87,81,78,0.10329908906071389
1763,-1.308480683493002,0.5961778482885856,1.3584281427685991,1,1,1,0.4539368057950134
6850,-2.1261586865238264,-0.9355781048696196,-0.03742496514639715,107,107,107,1.6490963218727241
1762,-1.318222560926516,0.5688342036362453,1.4801044744760508,7,20,43,0.47513020238472675
1760,-0.9119197962849777,0.5849660230633595,1.5920918364540837,13,31,62,0.17573702456947451
1758,-0.49003687827874765,0.583731380600468,1.6127179381711572,103,106,112,0.3099235791808278
1757,-0.8738794184730918,0.5827771907111612,1.6142301966390349,78,82,93,0.8641003988952223
1755,-0.5227905189708413,0.5838402581038971,1.6226664627328005,107,110,115,0.32874094699079076
1753,-0.7653956365858097,0.5856639680689899,0.8972807116080849,124,124,124,0.21206249535826058
6840,-2.5219676007286695,-0.2197711125530764,0.6214831936606462,109,114,131,0.8018851172393616
1751,-1.7161139696179646,0.5940375664395132,1.2004087220731978,98,100,101,0.7817788976430171
1750,-0.5336414730384709,0.5855879437802491,1.2993741306312772,124,124,124,0.07286938645275003
6832,-1.9069322140111593,0.5935352015111104,1.7153684815484007,124,124,124,0.1427523757995203
1744,-0.5709760345695223,0.5844260065862033,1.5220852998111214,52,59,73,0.10592878941917516
6831,-1.958546530489932,-1.7538113415147953,0.8676949616922587,8,8,8,0.5038913510385101
1743,-0.5380673188894773,0.5850247677126377,1.5284357554277506,94,100,111,0.19827295984445165
1740,-0.45339671409289894,0.5826122646790988,1.614568527524517,93,96,103,0.16724122592516943
1739,-0.4955257341753394,0.5842705309915508,1.6289833764213493,3,6,7,0.09840789737198011
1738,-0.4955257341753394,0.5842705309915508,1.6289833764213493,3,6,7,0.09840789737198011
6825,-2.9187401743849866,0.22124143408117847,1.0013682518874838,97,102,117,0.9729773872186849
6821,-1.8646655789827604,0.5964160095740054,1.4060040808106997,59,64,74,0.031881762617483204
1733,-1.0093514718376335,0.5837307349150822,1.67787349301793,4,16,39,0.6242204527400279
1732,-1.0093514718376335,0.5837307349150822,1.67787349301793,4,16,39,0.6242204527400279
6819,-3.932073895833492,0.6354888070724061,1.2389174203756075,231,231,231,2.637163286113034
1731,-0.7425219601256452,0.5853362130723074,0.8968679841684717,123,123,123,0.14565887381980885
1730,-0.9888638849416345,0.5869562272369735,0.9455811496144625,105,111,118,0.09708675475346445
1729,-0.7503468855753144,0.5869422098727375,0.9772477968317654,120,120,120,0.5142247091821212
1723,-0.6865016012149758,0.5864551299286438,1.0893645715975042,78,80,85,0.14960244076958576
6810,-2.508712562666796,0.05519858272706768,0.7195522878493334,0,0,0,0.6039204011692979
1721,-0.5443274797199948,0.5870518516786594,1.133934373383553,68,71,78,0.10744387773573068
1718,-1.7893789226172645,0.594947544583643,1.1526349884032818,3,71,22,0.0921868403233158
1717,-0.47794607399753497,0.5858367146109533,1.1713502410912529,52,62,66,0.1361843097546959
1715,-0.5348554358164286,0.5864208215092195,1.280073190492847,122,122,122,0.2885623103171031
1706,-0.6698639905105148,0.5852374305477213,1.5101340798858685,49,59,79,0.15107737822059075
1705,-0.8018842458392541,0.5851119995828591,1.5220376911645537,93,99,110,0.07196656957986775
1702,-1.8704193824344455,0.5955643913572617,1.577277020475137,12,24,45,0.20015688641600354
6789,-5.919020640273461,-0.712560369296676,1.0249242919267298,0,0,0,0.5668339308061442
1701,-1.8704193824344455,0.5955643913572617,1.577277020475137,12,24,45,0.20015688641600354
1700,-1.8761961370528946,0.594541805235556,1.579379435033959,101,102,105,0.25328484881631025
6787,-1.3117894559532637,0.6882058296880218,1.6896083461884783,0,0,0,0.3234589820242917
1699,-1.8635695766423481,0.5944401992750445,1.5792432792304159,106,107,109,0.1934602765169742
1695,-0.4825775027933541,0.5858166802007785,1.6195324195941725,6,12,18,0.1410824471695339
1694,-0.4825775027933541,0.5858166802007785,1.6195324195941725,6,12,18,0.1410824471695339
1693,-0.4760903235416645,0.5844117997206757,1.6323728234580268,18,32,58,0.2271848894666612
1692,-0.5910277344689474,0.580645209975422,1.6494946617618262,79,82,89,0.12596480191240272
1685,-1.3841093682881076,0.5942802552864699,1.3822263601171951,7,8,10,0.9233149127617852
1683,-1.9432472509285867,0.5702391774369158,1.0091869407975294,107,107,107,1.4172492026710912
1679,-3.7261714237071,0.6383445047881364,1.2393999152230561,231,231,231,1.9340326476280048
6766,-1.8580594831315325,0.5931551032877878,1.6027860201258157,118,118,119,0.12401192524704352
1678,-1.8420306478605726,0.5990974212826843,1.5438495549195785,6,19,43,1.0183407694047562
6765,-1.670442741040962,0.5935609639109101,1.6081317561505166,0,0,0,0.07893786054884737
6761,-0.820053318841647,-1.7571882011929754,0.005426289929752581,0,0,0,0.8049097582177809
6758,-0.5411808934420801,-1.4673157935655028,0.7305113275340036,0,0,0,0.078871077897259
1670,-3.0759802262745137,0.3095162636424509,1.3033009973044627,2,2,2,0.9979116220042279
6757,-0.4044853747199739,-1.3237801610577664,0.8890602369697175,0,0,0,0.02167768674774051
1666,-2.746251709585088,0.527311455477236,1.04764672371754,231,231,231,1.1709595360620901
6753,-1.5551754749543836,0.6144514784305612,1.2623614899641922,15,18,19,1.743029598679904
1664,-3.5321735917153103,0.759292901731494,1.275466241273481,231,231,231,0.8234459746933102
11925,2.758794563513561,-0.8708878820955046,0.9972347713556753,92,97,111,0.7768828400646023
1652,-1.8330731753339413,0.5951005230143067,1.4573231015805912,72,76,84,0.605588363759929
1651,-1.8333737073579273,0.5951728519345751,1.457368996894927,72,76,84,0.6047108030802685
1650,-0.8879726531535543,0.5842149168808641,1.6048950204993204,12,30,61,0.4954928566470453
11921,-1.7644449837330463,-1.5777238548834553,0.8588446099721037,231,231,231,1.0209192383728454
1648,-0.8682428712916326,0.5893138732493777,1.6202157395673595,11,29,60,0.4991956971780927
6735,-2.271103576014036,-2.3651359132162595,0.4138590606976975,0,0,0,0.008047655542605078
1647,-0.8681215300815768,0.5871883030658427,1.62042867563627,11,29,60,0.41310863156649513
6734,-2.9848498836891717,-0.13302647650456267,0.991088118205505,69,73,85,1.6076519655335801
11917,-0.616943325803688,-0.7978985946118731,0.9439350360993858,67,67,67,1.9114276539463813
1644,-1.74995605707235,0.594995293091054,1.6165532787832997,69,72,79,0.23746231961245148
11916,-2.0886300950516183,-1.5724688299534357,1.203728845555069,84,84,84,1.1491724008408706
1643,-0.8814135749755101,0.5842928819015705,1.6823589041780658,4,17,44,0.1168443705042122
6730,-2.554837906144917,-0.031688794710654666,0.7926884639478702,228,228,228,0.27095463215632654
11915,-0.9881318679841185,-1.202562515445726,0.7243314548163553,64,68,78,0.6872529495913868
1642,-0.8814135749755101,0.5842928819015705,1.6823589041780658,4,17,44,0.1168443705042122
6729,-1.6238562493228166,0.5947123194842807,1.6134244731546221,122,122,123,0.25094648082439924
1641,-1.0269340342615747,0.5853183650558167,1.677404467923476,12,90,38,0.22935814579009045
1640,-1.026849004614617,0.5852092993527291,1.6774999012770802,12,90,38,0.23787216424859756
1639,-0.8745031558884255,0.5844635252265264,1.6891234267606166,124,124,124,0.2591151576192081
1638,-0.98464483636997,0.5839975972472236,1.6836915220352846,4,15,40,0.24239463964069352
6725,-8.032486160251507,1.3492848031241071,1.8119546254525638,170,170,170,1.303210728106416
11910,2.8693052033242834,0.2568327298657028,1.1209145751935616,0,0,0,1.5594858815919932
1637,-0.9136132611789005,0.5835713022634224,1.6909214132571342,124,124,124,0.35816737259180526
6724,-1.008053291770966,-1.2996955968601727,0.97531578993961,231,231,231,1.1421247816129423
1636,-0.9516566291662389,0.5833125551223393,1.6909894619919705,124,124,124,0.39986237768299937
6711,-2.653305897710631,-0.16140251400107303,1.0606897212761122,96,101,116,0.5903351303617397
1623,-3.127387968316516,0.2642107425289696,1.1389538555518308,90,95,109,0.3740929230552649
6710,-1.4296724441790363,-1.2433689266673098,0.5358498588205622,87,81,78,0.07717337952563341
1619,-0.9433695172690735,0.5732776354224411,1.6149627712363763,81,84,93,0.5573994410810709
11891,3.904413841552274,-0.5643671673942602,1.1197309936908897,0,0,0,0.42992251979891466
1618,-1.0234746667863575,0.5901326763313681,1.6214476895714265,6,22,52,0.6832337439745173
6705,-5.009172275960317,-0.5878023625028205,0.9779704913811526,181,181,181,1.0222195098941507
1614,-0.9554097241047064,0.584247080551727,1.6853151368708217,4,15,42,0.06434414608297628
6701,-0.9621007591142234,-1.1622391155906078,0.9573936794203097,115,121,139,0.12322801765786276
1613,-0.9554097241047064,0.584247080551727,1.6853151368708217,4,15,42,0.06434414608297628
1611,-0.9436614354281092,0.5842936524040914,1.6860274720050752,4,16,42,0.08257002829241641
6698,-2.5194312855478422,-0.028746837444019402,0.7192172081973665,0,0,0,0.7505443369542235
1610,-1.0211113579069169,0.5844615852226762,1.6821217443951413,4,13,39,0.09480391375310494
1609,-1.004394286780193,0.5844514679649266,1.6858891295089928,12,90,38,0.2317530840477863
11881,-5.483050249087446,-0.41999752777338994,0.9916038043294751,189,189,189,0.3904745334459243
1608,-0.9613307590654045,0.5844564332528277,1.6904079963958565,124,124,124,0.11990203329716768
1607,-0.7151133538469305,0.584179001655861,1.0816391902960028,124,124,124,0.3734673952380955
11879,4.07894352141078,-0.4483422066984885,1.1298483429537542,0,0,0,0.16861704982558126
1606,-0.9960231374899808,0.5808251962984372,1.2684751212878014,124,124,124,0.331717294146393
6691,-3.8222807779550085,0.7355027535329557,1.214120015891228,101,107,122,1.5133879729744175
6690,-5.115062158453199,-0.8550658420045971,1.2934381449402204,231,231,231,1.945233116360511
6689,-0.9579202309503314,-1.1624570983438864,0.9740524200606339,59,62,72,0.49710638075664043
1600,-0.9401237952567132,0.584721431522994,1.5052454478868373,73,80,92,0.18469917688859155
1595,-0.9921388125157744,0.5841599613272841,1.6850931653492192,12,90,38,0.08244773045956466
1586,-0.9781623686367915,0.5873981151352561,0.9455534620782265,82,90,94,0.24898388123352172
11853,4.587976790107904,-0.485912333100871,1.7878187527215106,10,13,14,0.7863015768146268
1580,-0.7559399686779997,0.5857575266963289,1.1832218503726897,66,70,79,0.1568128826492915
11852,4.597072096621746,-0.49538450734101436,1.7939161741746448,0,0,0,0.1835395601539054
1579,-0.9575623291938751,0.5833533443695791,1.1319372300919657,22,74,45,0.6800671558543742
6662,-2.9702130039763186,0.3317944562361853,0.8561150593026173,0,0,0,1.7111969362462567
1573,-0.9805470722666212,0.5863513214227469,1.256792133964403,101,103,106,0.23295283225832636
6660,-2.121351349245444,-1.1189368902174133,1.226183564366238,231,231,231,0.37646863752698095
1571,-0.9757248859125509,0.5855089235212383,1.3611153657620867,45,95,56,0.16141599669066206
1570,-1.4155908041860394,0.5955487543894942,1.2742783252023138,57,59,61,0.36722929575455787
6657,-6.02246599629917,-0.6028238758502629,1.0159369302856582,0,0,0,0.4365288685760652
1569,-1.4145494895800859,0.5949148940431153,1.2824920182479453,76,78,80,0.15575104587789687
1564,-1.3850732643941757,0.5962470375327986,1.3627918592007093,9,10,11,0.49531318021836124
6648,-0.8018786851375705,-1.7781269233201697,0.8490733413994644,0,0,0,0.013003011914536112
11831,3.92041758441732,-0.5777737895365584,1.129216201318948,0,0,0,1.94932238972927
1558,-1.8310651324917728,0.5944211219791979,1.465149167226262,30,40,57,0.2072278550181806
6643,-5.234194871557442,-0.7309701124913528,0.9268997970605604,176,176,176,2.1653234727502064
1555,-1.6122333594568432,0.5942015892947345,1.5962299857531468,13,24,45,0.13516518095596258
6641,-5.967906698370166,-0.7089082543563675,1.0179143492438016,0,0,0,1.0106134852817799
1553,-1.7102153544588714,0.5942667096145722,1.6083089486077855,11,22,44,0.2792208920340989
1551,-1.7987931099300765,0.5936216618696442,1.6028146589275003,122,122,122,0.16294029225827628
6638,-1.875368214724943,0.5954903310539517,1.7254110446464912,96,97,101,0.1744276529644296
1549,-1.7911735984250403,0.5926040616263419,1.612277961236808,20,29,48,0.5411380012312601
6635,-2.5118695019932438,-0.2324255031494582,0.5757445686794702,60,64,74,0.9324905359130049
11799,3.911779777265896,-0.5057317329626629,1.1265804693348276,0,0,0,1.0939836341297369
1526,-0.7841386652345417,0.585883463719471,1.0728752881683918,94,97,102,0.3354640494412692
11795,-2.557492714559101,0.029354822247185997,0.8342079873000826,0,0,0,0.020910585660938806
1522,-0.9305761903718586,0.5867879003978587,1.0887142387358353,67,70,77,0.1188097677274612
6609,-1.5515734143464877,0.5945836503531821,1.2937248871790898,8,13,12,0.218371708146039
1521,-0.9305761903718586,0.5867879003978587,1.0887142387358353,67,70,77,0.1188097677274612
11794,3.1083086455970266,0.06264236361809816,0.9152940892475103,228,228,228,0.27059369992494037
1520,-0.9851374610672914,0.5862781036192546,1.0961704390450118,123,123,123,0.29938295278835286
1515,-0.972031859327608,0.5873447853326934,1.1636781005212455,121,121,121,0.3210347075896806
1514,-0.972031859327608,0.5873447853326934,1.1636781005212455,121,121,121,0.3210347075896806
6601,-2.641738879673683,0.6204216153357107,1.0042599826699175,231,231,231,0.7249269761669908
1507,-0.9476025295939703,0.585469649704194,1.3278352561527986,36,43,59,0.05818674607081101
6594,-1.9394425978660559,-1.7406861538735485,1.810352467765269,8,8,8,0.6634717418833567
6590,-1.3965607634085835,0.5942762363887466,1.3734566607833738,9,12,13,0.20668314100116147
6589,-5.7108538341976605,0.025936411814257765,1.14802328297373,0,0,0,1.0078683069191938
1501,-1.7546382077269738,0.5949761608416324,1.1324479379301309,2,70,21,0.12337023214141728
1500,-1.6191366501163493,0.5970470595593285,1.168374162142003,32,34,35,0.6900312464648378
6587,-1.814953514323117,0.5935756141842048,1.6033295980329083,121,121,121,0.18994766207501967
1401,-3.6957108031157184,0.7076470100653385,1.1625145133521477,231,231,231,1.7830852512384219
11674,4.595109302833835,-0.5048267617770523,1.7856380102243798,236,236,236,0.009543427617284706
11771,-1.2069596927884385,0.6257312266527455,0.45135179135512793,0,0,0,1.0827348059352782
1498,-2.482158582018488,0.77171482074832,0.9113623784428624,117,121,118,0.26871903994028673
6585,-1.6054966579275183,0.5930142376094945,1.6141394449411854,6,19,43,0.5048670575100166
11770,3.301469433611527,0.6754928445759967,0.6232964899451376,0,0,0,1.0051319891501533
1497,-1.806944706075651,0.5951522858362996,1.1677081623548295,82,85,86,0.10638383563044967
6584,-1.0532711453908505,-0.8507754286459501,0.6667547558103943,59,62,72,1.4930247906689758
1496,-1.806944706075651,0.5951522858362996,1.1677081623548295,82,85,86,0.10638383563044967
6583,-3.0499432750875726,-1.610550542073754,1.2538632415680593,231,231,231,1.7402976112584359
6581,-2.849564467776917,-1.5794699380302726,1.1823627625523014,117,117,117,1.1290398179181214
11766,4.597076487010997,-0.4953890470922937,1.793919163563132,10,12,14,0.2519384272274943
1493,-1.4202720739402004,0.594990641791509,1.280359022733362,9,33,15,0.13928300052139883
6579,-0.9677291437414386,-0.8638732737249725,0.8370641356086587,86,91,105,0.08704565057310436
1491,-1.5447321239898453,0.5951037898617746,1.2629038067334541,57,71,68,0.19457459404995747
1490,-1.5447290828922813,0.594989740230309,1.2630168016233465,57,71,68,0.17295550198498189
6577,-2.999985782056951,0.3021736420429251,0.7877949727120619,0,0,0,1.695028399056623
6574,-5.40386276205094,-0.28180161800534453,0.9949606351283652,199,199,199,0.6257657391338278
11759,4.5982650338948865,-0.49569802968563104,1.7937110355030714,10,12,14,0.5629574253132703
1486,-2.7010465857696455,0.5492457694568718,1.0734954400727525,9,9,9,1.6934987566017714
1485,-1.8056006663528694,0.5967866061607008,1.2513329676599787,33,37,45,0.6924594211732676
6572,-5.57763042330194,0.6581023811187412,1.6517817906541805,231,231,231,1.2132078928880723
6570,-1.013783983161444,-1.3113510550814866,0.9560199583453086,231,231,231,2.252908856067544
11755,4.597138142681299,-0.4953687079314484,1.794003117132375,11,13,15,0.16965968269443593
1482,-1.7275049116769794,0.5949696501929096,1.3088815104036495,31,35,46,0.10048658692172949
6568,-2.532637344802271,0.80068048860261,0.9292914733272349,231,231,231,0.12290122958757939
1479,-1.045706274132395,0.584872676439868,1.5263174578509973,33,41,58,0.07324127614569963
11751,1.0396535406867395,0.6994194514281973,-0.042626283696487244,87,81,78,1.0526187776900966
1478,-1.8323582879181353,0.5927684595636475,1.4507563259956608,30,40,57,0.6140542560338784
11749,1.5740230032820035,0.7724661583230177,0.9095348987133138,124,124,124,0.45914425170641204
1476,-1.8463771488662313,0.5948808291596599,1.4562205487837931,84,87,93,0.2604274962179997
11745,-1.6104386861967086,0.5903949037206586,1.6064036974015832,109,109,111,1.3170001774437001
1472,-1.6927413645348754,0.5938886006859538,1.5728306139675805,11,23,45,0.4711718024265269
1471,-1.6929546304137366,0.5946187186420868,1.572707803082019,11,23,45,0.506088120097338
1468,-1.7489391466573143,0.5942219379002591,1.6160026550315267,71,73,80,0.09305212478474814
1467,-1.8436949222779737,0.5933379143720507,1.617309139052849,121,122,122,0.07300921553230426
11735,-1.0258649448272652,-1.2933926459614882,0.6286003796385051,95,100,115,0.85466614727217
1462,-3.1232289152348494,0.5784908979245287,1.2294359107563446,98,103,118,0.5157805985592834
6547,-1.119530803097935,-0.7865804543399312,0.5627908793662195,59,62,72,0.1274761248102223
6545,-1.0071697976617786,-1.3063474192647488,0.9436726003274601,231,231,231,2.5033164162299935
11723,-1.0148592798857505,-1.2031625355113666,0.6387604166378582,79,83,97,1.4056538540282357
1450,-3.717843260136213,0.7498725992396265,1.1399975143925893,2,2,2,2.0415952724142907
11722,3.1146759435454943,0.782404342746656,0.8960677750082606,9,9,9,1.8029379977622688
1449,-3.7178432601362066,0.7498725992396238,1.139997514392591,2,2,2,2.0415952724142743
1443,-0.7437181254008487,0.5790574999927762,1.1156746028317222,124,124,124,0.3560388655124758
1442,-0.7461160384766443,0.590850458536754,1.1940902465397327,124,124,124,0.7444607236384452
6529,-2.517790650882978,-0.09222848731544331,0.7134050944908437,0,0,0,0.5528943731819397
1437,-2.781660381294565,0.5490791145487173,1.0704817350162008,98,103,118,0.9308994624903889
6524,-5.350596365256521,-0.7320305492443704,1.0116268396490486,111,111,111,0.41487900949164624
1431,-1.8416915072607938,0.5939831736633081,1.4578565761842304,71,75,83,0.2067140433497537
1430,-1.841800556245742,0.5941621047671994,1.4578173278537787,71,75,83,0.19924789532396003
6517,-5.489011828411032,0.7702481109295212,1.1320657889244132,0,0,0,1.0843385208429566
11699,4.050831640138462,-0.5249900727728847,1.1343671414824295,236,236,236,0.28697085434366487
1426,-0.5309199273397462,0.5863196131871953,1.1425603228799004,124,124,124,0.8009319694221549
6512,-1.006076532773366,-1.305177588911746,0.9055559461974763,59,62,72,0.2486829538064531
6509,-2.2142337975414055,0.22472261787671266,0.6175636268433982,116,122,140,0.5097108406474974
11694,-2.0427212430974198,18.95269331874889,-12.298635177715646,9,9,9,0.8651321556659138
1421,-0.7412295201397163,0.5820324161835111,1.3369775784798592,124,124,124,0.5337350163239315
11693,4.006478822487299,-0.553677597588848,1.1358974111053635,236,236,236,0.18864133248881076
1420,-0.7467529914022091,0.5656733963122322,1.3434604044427851,124,124,124,0.2739686455603601
6506,-2.2857234788777614,-1.0770042884329412,1.2185154211465086,229,229,229,0.8287171131206634
11691,4.0256883509388635,-0.4683157081684833,1.135695728950168,0,0,0,0.3080898145004834
1418,-2.725122127778669,0.542938375437443,1.126176854705196,231,231,231,0.8157396190768545
6505,-3.2195637681382956,-1.3053849479036308,1.3353762931295983,115,121,138,0.6735539487341053
1417,-1.4333606555156257,0.5937299412118049,1.359594298511718,13,19,18,0.30792699082491287
6504,-5.775614993041341,-0.7869662017666947,1.0414665270867935,0,0,0,0.44784116150722936
1409,-0.5163391854260428,0.5843231009758973,1.3047039719522129,113,119,124,1.10335441080742
11682,1.0467269968629311,-1.659021649315353,1.5006337901150881,158,158,158,0.37283127131170674
11680,4.044006914441173,-0.5247401487380832,1.2325864295166156,0,0,0,0.23274078507955392
1407,-3.185349616296619,0.18312581022784913,0.9559639468081749,66,70,81,0.3221765825194386
6494,-2.558476399900036,-0.19869110122336703,0.6309870164056357,86,80,77,0.28520097015351287
6492,-2.43675246914256,0.7682597338750892,0.8966544078891749,27,82,39,0.38490679660034677
1404,-0.7565314852558922,0.5838201945673469,1.4270715920402959,85,87,93,0.4072826517521501
11676,2.964582433115451,0.8690279345792016,0.8062761150275934,10,10,10,0.6535374754562088
1403,-0.7565314852558922,0.5838201945673469,1.4270715920402959,85,87,93,0.4072826517521501
6490,-2.832326044079394,0.7601253521451394,1.0159041865854959,2,2,2,0.2764848759447301
11673,4.595109302833835,-0.5048267617770523,1.7856380102243798,236,236,236,0.009543427617284706
1400,-3.1937178969840994,0.5940732032861464,1.262857038499948,231,231,231,0.6450931102624289
6487,-0.9228235540961593,0.5872151290553287,0.8855344608925889,97,99,104,0.02809745866678432
1399,-3.6874350760170134,0.7443055183118215,1.2252491733024278,2,2,2,1.8006438018363666
1398,-0.7439994099709262,0.5830474727767343,1.6212148827114052,13,31,62,0.3815146992395267
6485,-0.9940715082139748,0.5865857325957402,0.9691222887972639,49,53,64,0.061803832786845814
1397,-0.7835971930496606,0.5476110865368613,1.6271042959234396,13,31,62,1.057205737444852
1395,-0.7980103417517181,0.581397682407766,1.6304756695859492,68,73,86,0.2953738113719467
1394,-1.8382682564883694,0.5958606461897644,1.617121266136373,72,74,81,0.36083199096261653
6481,-1.372152725246584,0.588582095057355,1.352557754329393,23,28,29,0.7104648082311991
1385,-1.0042184601442679,0.5862429302857068,1.2750429843258464,88,90,94,0.2585143781078622
6472,-1.871595414200208,0.5925423794791536,1.6108153081126257,114,115,116,0.06639400639087223
6471,-1.3323310142457743,0.7364388614862596,0.3044917442353292,6,19,43,2.1263409420629626
1383,-0.9382989597195261,0.58363603110105,1.3215901749103862,112,118,124,1.5277361789361732
11653,2.993588702452108,0.05694525107245141,1.092440854781791,0,0,0,1.2408325242962284
1380,-0.7221253802909433,0.5852315570192281,1.4252868628266229,87,89,94,0.12649298153680916
1376,-3.150931632495101,0.5623770904024923,1.3026494475300483,231,231,231,0.3308524152329719
6463,-1.0050395515920205,-0.8526863018404944,0.8955788175054831,59,62,72,0.5175007037643536
1373,-0.9757013954796654,0.586563293623017,1.596531005829379,61,66,80,0.4165997508668704
1372,-0.9765816652263251,0.5866014405953661,1.5968560504772527,61,66,80,0.41330686652249893
6459,-0.8403172570511384,-1.7745941703194177,1.8573400933870736,0,0,0,0.016186007043167385
6458,-1.6678770796704487,0.5940392358772597,1.5689938330321131,70,73,79,0.2516636174098075
1368,-0.9352880148785374,0.5828697391506121,1.6133466739883182,70,74,86,0.3974535115784732
6455,-0.9876493873503249,0.5864581936363713,1.1326407810665775,123,123,123,0.15889738538685425
1269,-0.5070170455479808,0.585593451896204,1.3370332329770918,108,114,121,0.3013939013810701
11542,-2.302586753593946,-10.141685975493049,-6.570079868331215,231,231,231,2.1590080579603876
11640,3.6538997014182146,-0.7570750533345726,1.0578724815770926,82,86,99,0.9222757034189502
1367,-0.9351001410297295,0.5825336458614836,1.6134617624817928,70,74,86,0.4071705338785204
6454,-1.0216160701655808,0.5862532579914046,1.0719849467269058,100,103,106,0.1767474986446192
1366,-1.0016767235102755,0.583141562087435,1.6136625267222529,65,70,82,0.12863120940814046
6453,-0.9799394318673946,0.5862245081042967,1.0723869785198339,99,101,105,0.1130818064104211
11638,3.8439522451251875,-0.3993082791406664,1.1169262141712253,236,236,236,0.17365190741707304
1365,-0.8542535737003978,0.5836449143916114,1.634619971078464,10,27,58,0.6855438170019588
1364,-1.0051061603907017,0.58654363953257,1.6286574747842604,63,67,80,0.3928973625776651
11637,3.692899347356105,-0.3141005831198761,1.0870536619679867,0,0,0,0.9614169273925687
1363,-1.0051061603907017,0.58654363953257,1.6286574747842604,63,67,80,0.3928973625776651
1356,-0.5061546630122316,0.5866251784783074,1.088316491913186,73,75,82,0.23692321011342038
11629,4.022002586614192,-0.4448676061872892,1.1434678762537511,0,0,0,0.15594665847262873
6438,-3.855368642683294,0.761894753656519,1.3047503805502214,231,231,231,1.2253067231037449
1347,-2.692525618680904,0.5365176459054213,1.1361360719681102,231,231,231,1.1582317342235167
6434,-4.917198080410412,-0.3669835503776815,0.9822629189155683,79,77,77,0.9278258756937118
11617,4.338185991164423,-0.5421552606928043,1.695311162436479,84,89,102,1.325340098216882
1344,-0.9454038137468355,0.58543964036418,1.504487963529404,70,77,89,0.3289822747819345
1340,-1.0267379428839694,0.5865536796210948,1.5967303367408843,64,69,81,0.4598254096692411
11613,3.7761792194101997,-1.4741570198815663,0.7981342249484666,8,8,8,1.3502704183204903
11611,3.384592248373063,-1.549527055225945,1.0435690944020553,8,8,8,0.8752960448285092
1338,-1.016206737595891,0.5847890486596463,1.6285571496192832,79,82,90,0.07783753512452322
11610,2.963912203579282,-0.12134859237314033,1.1529555009791395,228,228,228,0.07660345398667887
1337,-0.9936168281814961,0.7161879711358892,1.608777966765156,79,82,90,1.601322548634449
6423,-6.173255910782087,-0.8974644994520704,1.0542882394043427,200,200,200,1.6615553181798621
11608,2.9330781656773253,-0.2044245748251352,1.2680590954231763,61,64,75,0.48233926229654045
1335,-0.9113200853245522,0.5838039797623595,1.6848683185852533,124,124,124,0.11839503726695624
6422,-0.9680515573098187,-0.8563923646200657,0.9081805717026034,98,103,118,0.058868938290256245
1331,-0.7765774113650648,0.586934608695721,0.9580364639491878,123,123,123,0.26820525419600194
11601,4.096300250143031,-1.5029569207338214,0.9961839145334523,0,0,0,1.2280553725547227
1328,-0.9890843277731967,0.5844722799019377,0.962688918597876,124,124,124,0.3839870946490748
6415,-5.65690731282262,-0.6856497066821745,1.0002804576370694,179,179,179,0.5755123377800205
1326,-0.8003434047821814,0.5847106383952823,1.0835581273585368,124,124,124,0.29622051143065603
6413,-1.1395388745817634,-0.7829578534059569,0.5798706343968192,59,62,72,0.5624266666710923
6407,-1.9437508731569246,0.525179199574844,0.2941880026873491,231,231,231,0.020961128910384878
11589,-4.166738674739458,-2.163835673676713,-0.4938698785003899,231,231,231,3.217142261118442
1316,-1.0177267996983237,0.5845737146091434,1.2581078620602946,100,102,106,0.19654976959829248
11587,2.397593807533259,-0.866964841996586,0.8918167446774683,104,110,126,1.9096559546761773
1314,-1.421115711436478,0.5946702327574607,1.2569005250044105,4,7,17,0.4905081982678893
1312,-2.6308772138713716,0.5566761578686452,1.078634101691661,59,62,72,0.5343255583552033
11585,2.9332573932156887,0.16505531100216086,1.1874228199639236,110,116,133,0.46297698454430236
6394,-2.718987696985017,0.5560802391522743,1.1080398470042399,95,100,115,0.6183421605833251
11579,3.5226134661787953,-0.7723630664704069,1.0046997233089554,0,0,0,2.188909192252077
1306,-0.7186685875055878,0.5839639429922543,1.505562140550156,72,79,91,0.25033220479963514
1305,-0.7186685875055878,0.5839639429922543,1.505562140550156,72,79,91,0.25033220479963514
1304,-0.8012408898551291,0.5853228862162039,1.5050705599997194,71,78,90,0.10942573423012569
1303,-0.9719230340702305,0.5855742024969168,1.5049469794672286,74,81,93,0.45394659049076586
1300,-1.4372841304771393,0.5810573618926835,1.4769389219874147,23,29,42,1.675798152883011
1299,-0.7938544882129293,0.5853201040942411,1.6335045359193392,15,32,61,0.26276243445465713
1298,-1.8133961748203262,0.5915732782675798,1.5965783634482544,20,29,48,0.5293941526099007
11570,3.6407751369538093,-0.2751395126077979,1.0474063838917131,94,98,113,0.8744263524698792
1297,-1.669968528512312,0.5934071885281833,1.608456190536568,37,42,57,0.11336079150402276
6384,-0.9653704450909988,-1.6555391222297366,0.9411679568347482,8,8,8,0.2251872331835218
11566,4.033901585197546,-0.4455524434696997,1.1111077437599093,236,236,236,0.34076746221900445
1293,-1.7707723377875646,0.5939784949632991,1.6272706585409775,113,114,115,0.12357284791808805
1285,-0.6949253143888718,0.5865954887327156,1.088450537995477,70,72,79,0.10361171009918596
11553,3.829005181875067,-0.3945067067546385,1.1051524799419905,236,236,236,0.10233720988611267
1280,-0.9388666816683955,0.5884460077615645,1.0886448340622472,80,82,87,0.10611276420169151
6367,-1.9745132874332003,-0.29001164734384116,0.8287597056569461,60,64,74,0.7810239485365505
1276,-0.9468712852245877,0.5867471529190862,1.1533340846466094,119,119,120,0.14617480646662823
6363,-1.7831832584673482,0.588264390755213,1.137950972769742,53,55,57,0.2013153507222284
11543,3.386236633826978,0.17977733641783644,0.8511993103297099,119,126,144,0.21815392383745616
1270,-0.7323861611028066,0.5875057414022196,1.2791900247077255,121,121,121,0.17349102358304389
11540,-3.0668226940288883,-6.387273784541373,-4.688890609242804,0,0,0,0.45317099304436026
1267,-0.762453212114798,0.5853156634108225,1.3186884947347184,110,116,122,0.15672360506872704
11534,4.264994708427531,-0.8820647564885202,1.5158962741884787,8,8,8,0.008735662618109992
1261,-0.9591915428581146,0.5855691156361951,1.3533736193818378,123,124,124,0.2732581949292064
6348,-1.0086274536032165,-1.2972898734518907,0.6989202757132309,76,80,93,0.41908495854615535
1162,-1.3485425291552482,0.5999440236903553,1.4452407719459561,0,0,0,0.6212254607923163
11435,-11.382896255168482,-19.491743567424933,-12.27522421415641,0,0,0,1.5083468423782427
11533,-0.6555372190329738,-1.535652538693185,0.6556016122008639,0,0,0,0.15710875376988565
1260,-0.9594216035133631,0.5854298940336908,1.3536513203454104,123,124,124,0.3228262087221236
6347,-0.998272936300356,0.5865056885064013,0.9738715939695489,120,120,120,0.7360405417175471
6344,-2.1882376547708864,0.635923886547682,0.6341571679555513,112,118,135,0.2403464654342009
1254,-1.42828330235053,0.5980045506487133,1.3075243156871035,21,23,24,0.31006097396343807
6341,-1.4139540374197903,0.6166381045870153,1.272626255985148,2,2,3,0.46148645016354845
1250,-1.3868210922285678,0.5937124814917718,1.3893160067781554,4,8,6,0.11015473680571067
11523,4.069687960719088,-0.5270145177374534,1.1851016846090605,236,236,236,1.041082504243696
11521,-2.612758291299031,0.3953681738985566,1.1797153982248454,0,0,0,0.7611720306169723
1248,-1.5674539221324264,0.567416417959169,1.4012704360687074,26,32,43,2.134427787246631
1235,-0.9711588272134883,0.5807947933360802,1.6310996527657997,79,82,91,0.10522192495434808
1233,-1.7368154137312963,0.5939217094934552,1.6066081320454306,14,25,45,0.21573427285000804
1231,-1.8647710875017909,0.5936761319403931,1.6220586977779585,23,31,49,0.05309805340624691
6311,-1.5583903258664282,-2.869116680012734,-0.9274779518705563,8,8,8,1.4482785640274725
6310,-1.5583903258664282,-2.869116680012734,-0.9274779518705563,8,8,8,1.4482785640274725
11490,3.7972106011026874,-1.5756754882165727,0.8157510017330813,59,62,72,1.5481309723022127
1217,-0.9650048029229619,0.53101685771369,1.3599783864841366,82,88,95,0.7488713790227449
1216,-0.44195722864538634,0.5883708482715566,1.5862203655395537,17,33,62,1.0029642425253271
11489,3.9767548982707304,-0.4580327148429503,1.1395988953661194,236,236,236,0.5898128567871281
11488,3.943164597618765,-0.4323985236335293,1.1411180427710197,0,0,0,0.35039476452053836
1215,-1.0463128250746805,0.5873916792283518,1.5859408032384288,8,25,55,1.2958604945756866
11483,3.799001750182929,-1.5764609819965723,1.0347093944866508,231,231,231,1.1802862794260858
1210,-1.470645730019517,0.5965184855550771,1.3022936539062782,11,13,14,1.3230348216761099
1111,-1.437593455542416,0.5920877194783634,1.3063034299448995,10,12,13,1.0632855952658464
11384,4.0052242777580975,-0.5538151328671361,1.1344023428028964,236,236,236,0.14103181678837876
1200,-1.902399616129126,0.6048082871960048,1.4276805854991532,6,19,43,2.0371021057324277
6269,-1.0673444442896267,-1.463489354596568,0.4317840522726679,115,115,115,1.6562628092410918
1181,-0.4498821668073236,0.5852298110906449,1.5152593863821768,57,67,87,0.17328722544004943
6268,-0.47874754179509016,0.5837099196397195,1.1631768969170535,11,50,39,0.8695025841843029
1172,-0.7312782281575503,0.5986943237532782,0.9962743598067112,124,124,124,0.6346441500877353
6259,-0.024607112346236804,0.759557742059052,0.9198511969146302,9,11,14,0.3898478555804469
1171,-0.9546807870482463,0.5994796510554932,0.9967360123010623,124,124,124,1.0246931826233763
11440,4.073556644901592,-0.5254729654051967,1.1969069642720944,236,236,236,1.872137279438387
1167,-1.702096881566856,0.5898370888202098,1.2204204369202245,41,79,52,0.5498083035376983
11438,-8.829437769822936,-8.674247385398337,-4.2609805109681425,0,0,0,0.44846831785934815
1165,-1.3967842113282192,0.5986338111146585,1.2944337404443762,75,78,80,0.9653105559910213
11434,1.098475062900279,-1.0470903729972783,1.1919732353143409,0,0,0,0.27700581082514375
1161,-1.8391687686337885,0.5936185182738036,1.509090047412042,78,81,88,0.18956956929472646
1159,-0.5602254384046277,0.5844421958108661,1.6216508224895745,4,6,11,0.2691861252141073
1148,-0.6922145357949177,0.5833326394736413,1.0699977278997959,124,124,124,0.30789986008457687
1147,-0.6922145357949177,0.5833326394736413,1.0699977278997959,124,124,124,0.30789986008457687
11417,4.363618798776983,-0.2168895256246441,1.4148739807758082,236,236,236,2.41903272754459
1144,-0.7288716980005301,0.5804678896252455,1.2942114222146373,124,124,124,0.8283294626735637
11414,3.247122723598152,0.7602940291883131,0.8731562945646134,231,231,231,1.2647861725606104
1141,-0.7161894476538069,0.5855028477827835,1.3202322546182566,124,124,124,0.628161861628354
11413,-1.0209157222071186,-0.8255509706522055,0.6526460928515514,61,64,74,1.5199052016486059
1140,-1.4034787256884256,0.5982928765533286,1.2704973371863706,1,2,7,1.4118015208978556
1137,-1.5238032225791929,0.5899634397334217,1.30694456721633,13,16,17,0.29297572527400145
6224,-0.7107200469322121,0.5857164879857537,1.4254355098664524,82,84,90,0.14885683141492015
1136,-0.4437123681730273,0.584108218365081,1.6165528756631895,101,104,110,0.2937278372437805
6223,-0.5873868897236489,0.4723714771495322,1.542271486957803,94,100,111,0.0219978577028049
1135,-0.4437123681730273,0.584108218365081,1.6165528756631895,101,104,110,0.2937278372437805
1133,-0.591285260704614,0.5845913066273889,1.642609716265418,102,105,110,0.5892796122920752
11391,3.8608952842097732,-0.40112297935423097,1.1343090626802457,236,236,236,0.15036556259248596
1118,-1.5375869578318544,0.5938643973368269,1.1932728744176249,1,2,5,0.35969642779129407
11389,-2.602332024895953,0.06334785078676908,0.028623694408474565,0,0,0,0.8210912351238946
1116,-1.4983484876942574,0.5966714882778932,1.215427117379867,1,1,5,0.45839344046316566
1114,-1.442645729420692,0.5926648462548958,1.2486265987582552,0,2,4,1.3691058507501424
6201,-0.5896396304300127,0.5988956381735739,1.51866885540639,71,77,89,1.082771619818501
541,-1.9922145625182601,0.5942185281562178,0.9613218777148711,5,5,5,0.8039905732033108
10814,-0.7451783990068872,0.585809590365717,1.3720877383583305,0,0,0,0.048013961997132634
10813,3.9679131186289314,0.1514820310698064,0.8758931681450212,0,0,0,1.0175317888084991
540,-0.5098633706137898,0.5854910623931386,1.2654661713199564,124,124,124,0.6085849735658917
5627,-2.0668716323979996,-1.5674248897695742,1.2092779841906225,107,107,107,1.202394564715897
537,-0.49566140334413333,0.585308717026952,1.3400131780812372,124,124,124,0.2703361428541789
5624,-3.9989689224218288,0.7177199228763318,1.2926102378017563,0,0,0,1.00632768606167
2893,0.6834789167042395,0.7056941128148997,1.6442659876465715,140,140,140,1.0733652571888588
5722,-1.0175044145037542,-0.8525094457693034,0.81322181317605,59,62,72,0.8631724057276217
10809,-2.544073029433036,-0.027878329009146774,0.8247875551272835,0,0,0,0.21071078444008623
536,-0.7332027654286555,0.585202138631111,1.3105789079740586,40,64,62,0.19786550354131976
5623,-4.144348686084978,0.7547930252479014,1.282868237077809,5,5,5,1.2441695739414973
5622,-0.976367237390515,-1.6171661261129175,0.9436261857383891,114,120,138,0.19813230858693295
2890,0.9928136742952492,0.7637535968056586,0.8593990197873561,0,0,0,1.515137836800127
10806,3.6387583765444123,0.7527871358776506,0.9977102827575053,29,30,30,0.2641816308609978
533,-1.620707046833684,0.5946023294391614,1.1850980186082067,90,93,95,0.27946209277262374
2889,-0.7501565393938985,0.5842244909829699,1.3618202464007103,124,124,124,0.24063303198708924
5718,-0.7838677997879158,0.5889894884406992,1.272814258323336,87,89,93,0.04645907599062068
10805,3.318713939488638,0.6637544443264154,0.7286631494233273,5,5,5,1.2674108806546216
532,-0.7267182128364196,0.5858667556717854,1.3334107310210208,86,91,97,0.16181051615033748
2888,-0.7733920297778116,0.5861030591564307,1.424467086103744,82,84,91,1.2167189153025775
5717,-0.7838677997879158,0.5889894884406992,1.272814258323336,87,89,93,0.04645907599062068
10804,3.0734686138214435,-1.57039946472756,0.894930378396692,228,228,228,0.521080807837422
531,-0.726720835230303,0.5859073692058145,1.3333698148853605,86,91,97,0.1715095474853478
432,-0.7372760386858954,0.5854961832973244,0.9605785149173184,124,124,124,0.2819476923031447
10705,-2.648676297822407,0.11322565350032465,1.1011122679094991,0,0,0,0.29505458649194194
2887,2.074273047368915,0.7766013900565147,0.8998155731870877,124,124,124,0.2719170995759175
5716,-0.9765639622429934,0.5835746811795133,1.2667544333326048,123,123,123,0.05998370721436136
10803,3.0734686138214435,-1.57039946472756,0.894930378396692,228,228,228,0.521080807837422
530,-2.660382779903282,0.5620138550873279,1.0600092189990091,111,117,134,0.7883892641635162
5617,-2.915847890496146,0.6584499611554868,1.295246091184991,0,0,0,1.5298672722937008
10801,4.087505567844945,-0.42044528322419217,1.1425301804892134,0,0,0,0.9292801478135815
528,-0.7456525830014917,0.5854059882915397,1.350353945684615,77,83,91,0.10948147337953973
5613,-1.7385781084799041,0.5848689667420863,1.5568681109006564,6,19,43,0.06147068772632776
2882,-0.850662607612692,0.5800824432227889,1.6217145751828297,12,30,60,0.17368751391258686
2881,-0.8191858995042183,0.58684335012454,1.6288876040246378,79,83,93,0.1523757472052677
5710,-0.6848786210047484,0.5847120242382762,1.6057604533947076,15,34,64,0.18480005735645524
10797,3.998584100978075,-0.47602348383152926,1.1245536453548073,236,236,236,0.657049815100483
524,-0.7413786612961197,0.5799002679223475,1.3632356839705828,124,124,124,0.4527534697737143
521,-2.66301871015551,0.5741206718533047,1.1145323066387576,101,106,122,1.338038882207206
618,-0.5895215684157478,0.5839455642152525,1.6297967143726904,4,5,9,0.1960129019688033
5705,-0.9535869312930654,0.656135352245653,1.6097165308374404,18,34,62,0.5901838600391206
10792,-27.145688909573224,-26.659935060482585,-17.955964086900032,0,0,0,0.8408668695362401
519,-0.722250845531395,0.5849223337840825,1.4253578167700454,84,87,92,0.3612596220542264
2875,-0.8669201599977496,0.585181889150665,1.698853424560781,124,124,124,0.04789275474580144
518,-0.45004600831906294,0.5851827340851532,1.5100846814433113,34,44,65,0.4596689205179724
10791,-11.499926305452071,-17.729480831684484,-10.647022130719293,0,0,0,0.35190013733025793
617,-1.7809255783318862,0.5925146290077015,1.5598286788620355,6,19,43,0.8377093289499579
2874,-0.4773725467805028,0.5847895294861394,1.6804271971855032,83,85,91,0.06321110865170783
2873,-0.47709262023467747,0.5838427662955663,1.6807001489707298,83,85,91,0.20791152504498372
615,-1.8381172082430997,0.5920233613615808,1.5739341673639407,77,79,84,0.437124392472885
5702,-0.9500401898864679,0.5926066501734615,1.6365782320464628,7,24,54,0.17481983744915017
10789,3.6107697530488685,0.7639628735710764,0.9902368763445506,9,12,14,0.13622289529249063
516,-0.5618906552030865,0.5832390664620273,1.5225906501496393,51,58,71,0.45168028873102317
5701,-0.33934314500094076,-1.7288132110674048,0.4411134012816105,8,8,8,0.08857764354571541
10788,3.3597632612831907,-1.2973464055592316,0.8225843405460604,82,86,99,0.6845057691240636
515,-0.561805762215426,0.5841697537248662,1.5224209299948037,51,58,71,0.3446834736222642
514,-1.8373897558648755,0.5948487195025407,1.4058454172386465,71,75,83,0.14713869455433537
5601,-2.915689758858426,0.14409493297590426,0.9942301427408814,107,112,129,1.2478420649427644
2870,-0.7172803935761931,0.5818247880549745,1.2677211052026474,124,124,124,0.36663289567795787
612,-1.7595636397765047,0.5908770628242583,1.5907393877242664,6,19,43,0.4050294584670864
10786,2.8744420798651724,-1.2748929730317502,1.0279620236916518,69,73,85,0.5683984003933751
513,-1.8373897558648755,0.5948487195025407,1.4058454172386465,71,75,83,0.14713869455433537
5600,-3.0117428132910296,0.5942384455221312,1.0698247532435068,231,231,231,1.3209304435986784
2869,-0.7452448869252599,0.58493439191785,1.3720699898331508,19,78,43,0.045936330771141454
10785,2.9202572766378823,0.25788353073781256,1.2483016687266417,94,99,114,0.513916495976443
512,-0.7755707254106037,0.5848448360441376,1.522446250850777,55,61,75,0.32313364530817185
5599,-2.849624695265954,0.756222358104458,1.2626245122401434,2,2,2,0.49686273733940817
2868,-0.78296298630335,0.5842781409017725,1.4271181222104783,80,82,88,0.05166085214004868
10784,3.318265138250203,-0.39684322710749953,1.4915346751346434,0,0,0,1.9327450317550514
511,-0.7755707254106037,0.5848448360441376,1.522446250850777,55,61,75,0.32313364530817185
2867,-0.5893747275844432,0.596715986876523,1.5191990545194385,73,79,91,1.204388037822341
5695,-0.5565305813343238,0.5837162152614812,1.0728899325052912,106,108,111,0.04801962531688916
10782,3.3870310685821026,0.45591920203291925,-0.014240936427764028,231,231,231,0.6892781726740927
509,-1.3434930330078,0.5955560092554493,1.4786865486608494,15,25,43,0.4348716437650848
2865,-0.7550658351325761,0.5829436684432578,1.6071898185220443,16,33,64,0.19607475384230305
508,-1.3745342693004776,0.6000643583612526,1.4964696306479224,8,21,43,0.0982127676309869
5595,-3.8804579213728227,0.7264016182328872,1.2613831757778746,231,231,231,1.6079329643605047
2864,-0.49045578741453855,0.5843512422569244,1.6123679099598438,104,107,112,0.03204614404501445
506,-0.6734735397624476,0.5843674601459294,1.6067315569899252,14,33,64,0.6768007943422795
10779,3.462907046608995,-1.7682402790057048,0.5896975856433784,8,8,8,0.7393630445171218
5692,-0.9849218806709201,-1.6729974363070699,0.9270921027738459,8,8,8,0.5058056240875006
5691,-0.9340727540981777,0.5818451603731563,1.0836174023547094,120,120,120,0.006404671245377936
10778,3.520815130661285,-1.700159574214819,0.6469667279823599,8,8,8,1.2107284472837323
505,-0.850458817660972,0.5839835698749165,1.5967220618054125,78,82,93,0.15430281115371625
504,-0.8504900396980846,0.5843315999322027,1.5966862510802398,78,82,93,0.10888855956200434
2860,-0.5838338666961165,0.584108033127233,1.6696810896655854,2,2,4,0.28003277907158836
10776,3.928721469690383,-1.3421661926642683,1.176576663814937,8,8,8,0.047399209684884744
503,-0.8793296356075375,0.5847329948758262,1.5968002205680898,91,94,102,0.11959467026784153
5590,-0.9617353060554787,-0.8986517871353519,0.9554439169910239,115,121,139,0.4955947237484762
601,-0.499181332881554,0.5872567721264927,1.2858203792481997,124,124,124,0.5470905995282723
5688,-0.4929530823045829,0.5828643024095761,1.3166115674290315,124,124,124,0.5617649789372368
10775,3.928721469690383,-1.3421661926642683,1.176576663814937,8,8,8,0.047399209684884744
502,-0.8793296356075375,0.5847329948758262,1.5968002205680898,91,94,102,0.11959467026784153
5589,-0.9617353060554787,-0.8986517871353519,0.9554439169910239,115,121,139,0.4955947237484762
5687,-0.5400871522750532,0.6102017239255153,1.3445284157808808,0,0,0,1.0780186666930611
10774,3.5263661906641,0.7623859750002346,0.8830280873955906,9,9,9,0.7905280876171723
501,-0.9049091577249153,0.5855664220923893,1.5966908383438743,62,68,83,0.33240344964341156
599,-0.5008164323896147,0.5853564841200207,1.3179531081287854,113,119,124,0.2504286734637348
5686,-0.5345380146561785,0.585361894066815,1.3545612396476006,124,124,124,0.14109959128041324
10773,3.6234822674835225,0.7629759091975619,0.9782821077955816,9,11,14,0.1691883035000282
500,-0.9358322093576454,0.5872226627088952,1.5953960138028644,84,87,96,0.6826174953649637
10772,3.6234822674835225,0.7629759091975619,0.9782821077955816,9,11,14,0.1691883035000282
499,-0.7216506688887936,0.5861537050621362,1.6127314436530096,85,89,98,0.9068008138122664
5684,-0.8126403367987929,0.598057918188323,1.2766634777645083,123,123,123,0.14859591579579018
10771,3.624360258560254,0.7617815268171166,1.00396879389824,9,11,14,0.15987850921257613
498,-0.722196144857389,0.5836229437938549,1.6131033447168501,85,89,98,0.5731734786439852
10770,3.624104147999884,0.7621580971616526,1.003742637392636,9,11,14,0.15882879470605757
497,-0.742230199928624,0.5852991164864101,1.612476755857941,79,82,93,0.3283893091598256
496,-0.7422188552543134,0.5851011710966127,1.612509434504515,79,82,93,0.370555330724148
2852,-0.7558082834167235,0.5853576561859288,1.1833319352671445,70,74,82,0.05625993716907282
494,-1.0077072233534725,0.5831449832571678,1.5967900714238799,81,84,93,0.15039625212973445
10767,3.3871231531827632,0.7647402865748945,1.069012703104474,9,12,14,0.016031946782367933
5680,-0.5751608861043045,0.5886586456914493,1.5036186791012915,73,80,92,0.11017285222215596
493,-0.5170760908466987,0.5849342587996018,1.6285654137642696,6,15,23,0.33128672564960443
10766,3.3871231531827632,0.7647402865748945,1.069012703104474,9,12,14,0.016031946782367933
5679,-1.4285082108550569,0.5971626344993171,1.342326995919489,54,67,65,0.23408790046133957
2849,-0.5236394103798112,0.5850453949488321,1.2746684324783213,77,80,86,0.14194796992636938
5678,-1.0077830402905192,0.5854079276956399,1.605087675574992,18,32,58,0.06831004745472431
10765,2.0471539865775323,-0.17261458741470048,0.9276095468835738,94,99,114,0.11508483917524648
492,-0.7691649609439559,0.5852668703997044,1.6130522026065666,75,79,91,0.165339052140923
5579,-2.4989044762066417,-0.20830865410063043,0.8149459360414901,112,117,135,1.4674857482869987
393,-0.7500761610758317,0.5874090558646288,1.3140736107435935,111,118,124,0.4079235848518422
10666,2.8362226682255907,-1.1123845368790217,1.3554984815327609,231,231,231,0.8350678026354806
10764,2.9661600887581976,0.09791367959246144,1.349795892413272,59,62,72,0.5447122856594201
491,-0.902225865363115,0.5868756077098216,1.6046029499130816,12,30,61,0.1740009281723812
490,-0.9153342775993947,0.5847372862622031,1.604820700941261,12,30,60,0.27002449108963544
10763,-1.727378169670342,-1.7004004920825673,0.99996369557797,231,231,231,2.1301081023331814
5676,-0.4882843886286774,0.58066074374411,1.6847254643104514,2,4,16,0.04407213776685676
489,-0.8186435617935324,0.5841983922407101,1.6127847868145402,87,90,98,0.21586536109956125
10762,3.4049594594768138,-0.6312520068607962,1.7101019236466068,0,0,0,2.0664730966393403
5675,-1.021394360744876,0.5832179124991688,1.6977346174789194,10,82,38,0.006031708505982274
488,-0.818616407418562,0.5841796260519185,1.6127889610718158,87,90,98,0.21904960247128724
5575,-2.538109927096667,0.7680191382244335,0.8905198623803472,7,16,27,1.3016722216240386
2844,-0.7781673010778953,0.584617793578927,1.4297125132994903,107,109,111,0.2337907877510843
487,-0.6645697679664284,0.5847364783602726,1.6219525499821201,12,31,62,0.2002017905853827
5574,-2.6203361903291165,-0.11098225405079615,0.9008875628300345,228,228,228,1.4868705037091137
388,-0.7278573290676835,0.5853371366200837,1.325990341328855,79,84,91,0.23017890703215682
10661,3.8792712703854515,-0.42272906397390925,1.130806061795235,236,236,236,1.016320241950676
585,-1.4102909180972096,0.5926485967523787,1.3074769628135519,80,83,85,0.45747019967316993
10759,3.4419301266896554,-1.6388744216999447,0.8585918330217284,8,8,8,1.0493348168887666
486,-0.8347811085675079,0.5853321891104424,1.6126914354471156,90,93,101,0.22649537519804475
5573,-2.611279439374331,-0.10862466116686981,0.902681160408762,228,228,228,0.5296309763679476
485,-0.8347807114444588,0.5851964264543277,1.6127212866590295,90,93,101,0.24159679820800467
10758,2.924810382297115,0.7574328548632423,0.9993854371787951,0,0,0,0.04706067147123166
484,-0.8459374632149714,0.5857090685362862,1.611969751433059,59,65,81,0.6009213556788174
10757,3.2995397430034723,-1.6061699868038526,1.0094256214830777,8,8,8,1.2257490038100596
5670,-3.2357255510993865,-0.19314253874471432,0.9565814554044528,71,75,87,1.178669219539176
483,-0.8462575419416214,0.5844081429843029,1.6120956495000704,59,65,81,0.909445757135595
10756,3.283819514093665,-1.6209188197873432,0.9983855596188466,8,8,8,0.8394849144056229
582,-0.7895757569226864,0.5838370977454364,1.5141891516713002,94,101,111,0.4835030005612854
2839,-0.9182123867579262,0.5851153229716941,1.6879029596454422,18,28,49,0.005872645739466274
7926,0.2546481178252631,0.668770422306642,0.5328996875143721,143,143,143,1.12404326076236
5668,-1.302077071138731,0.6022862840621512,1.7174217648398433,90,110,95,0.12258780340430653
10755,3.0379474309978978,0.653526832909127,0.9616010302556407,10,10,10,0.3639829818085227
482,-0.8547165568118777,0.5858820076578268,1.6131421588989538,76,81,92,0.39507057303686743
2838,-0.5861180504489734,0.5825377002420253,1.6715667565935965,8,17,15,0.2786786066378399
481,-0.8547715112976766,0.5859485994306075,1.6131234462277364,76,81,92,0.35552249304492606
10754,3.0379474309978978,0.653526832909127,0.9616010302556407,10,10,10,0.3639829818085227
2837,-0.4698908640574819,0.5838702478147888,1.6769909211848948,4,10,31,0.157838403335023
579,-0.5158078602127472,0.5844036422762728,1.6149386615849632,6,10,13,0.21642263923704638
10753,3.15340308191372,0.7631654206749563,1.0450331897807432,10,13,14,0.008342585312473484
480,-0.9866624645961704,0.5846125355464507,1.6050801691721288,8,26,57,0.39342984895258054
381,-0.7744170487134432,0.5852953397631688,1.360137420221991,25,80,46,0.05926340560596256
10654,4.012408422042609,-0.5441670539435559,1.132318569574275,236,236,236,0.29024979700502745
2836,-0.9794576518950868,0.5872123941224854,0.8860680604708937,105,107,110,0.1439321827713362
479,-0.9866624645961704,0.5846125355464507,1.6050801691721288,8,26,57,0.39342984895258054
10752,2.0906053556347683,-0.27590396009393175,0.9188127628346169,0,0,0,0.14591752594990198
2835,-0.9794576518950868,0.5872123941224854,0.8860680604708937,105,107,110,0.1439321827713362
478,-0.5087435635995963,0.5851822347364419,1.633822153163178,106,108,114,0.28583712251852167
5565,-1.6734724531310379,0.5954165245796039,1.6278073306313847,110,111,112,0.09401758521222782
2834,-0.9234468532608218,0.5871806876569843,0.8860190317192105,104,106,109,0.08913433032989394
2833,-0.7972002351635559,0.587159583754294,0.8863206434038203,105,107,110,0.21344155630704995
476,-0.8867804823316305,0.5870226985389713,1.6126669807648841,74,78,89,0.18664298925307657
2832,-0.7972002351635559,0.587159583754294,0.8863206434038203,105,107,110,0.21344155630704995
574,-0.8693153576709669,0.5844408417689644,1.6047995753560675,13,31,62,0.22921817518977083
5661,-5.042662421563907,0.7283506455249307,1.6877019568420673,231,231,231,0.5443261245635052
10748,2.7692901673363,0.2486933844980066,1.2543035148447204,104,110,126,0.6023240380160919
475,-0.9216293817810426,0.5858626026831515,1.6118050538160715,87,89,98,0.2748769682075474
2831,-0.6997460251226713,0.5869939438690277,0.9033990389492133,74,76,82,0.10045424722737234
7918,0.6151566135162656,0.7090764994957108,1.5169992644745833,0,0,0,0.055206121734924535
472,-0.6705239187119854,0.5840084450640934,1.6287822891628931,87,90,98,0.24664759322224317
2828,-0.8210606058057088,0.14112622783945783,1.3818563618054394,122,122,123,0.03001961474930611
471,-0.6705375865487615,0.5834971709692793,1.6288446100802814,87,90,98,0.34542420333556645
5558,-1.077437435135777,-1.2736000410268171,0.5101192790603222,82,86,99,1.0037582443431028
2827,-1.0017351463033264,0.588258332891429,1.0937192049678781,122,122,122,0.3084436278082535
7914,-0.8036741706606296,-3.4173354817794235,-1.4168890022013403,8,8,8,0.1878911624690925
2826,-0.9287379829023226,0.5861416435927069,1.0723919254393517,97,100,104,0.2322164443053722
469,-0.7029064898863404,0.5848735870333257,1.6288529248524684,85,88,97,0.26963834308638795
5556,-0.9995265140122802,-1.0760744390620347,0.9644219453144811,231,231,231,0.4800933309118728
2825,-0.9295319644121953,0.5876211040349877,1.0712296461279731,97,100,104,0.2181930058747561
7912,1.078598331248371,-1.0033031319367525,1.2402345907518266,0,0,0,0.24928516811140292
468,-0.9643555358237679,0.5849338501280448,1.612950462457582,81,84,93,0.11953733778425822
2824,-0.9467607729351588,0.5875339250641576,1.115684652281829,123,123,123,0.05678555384108545
7911,1.6102883848407696,0.7685519680299688,0.8923928238929879,116,122,116,0.3228687107519767
467,-0.9643555358237679,0.5849338501280448,1.612950462457582,81,84,93,0.11953733778425822
2823,-0.9727136732777311,0.5870150335383335,1.1511585828050395,28,54,50,0.10369840179321806
7910,1.5037985869911359,0.7691667077967224,0.8724681599428109,9,9,9,1.2123449772724997
565,-0.8175239878315623,0.5830910714615063,1.6212592465611357,12,30,61,0.43670200675756926
5652,-1.7720800961196934,0.5943875157090135,1.1085099389089255,3,6,14,1.4697229299025614
10739,2.9679876702058503,0.07631181487522509,1.1505544612756526,228,228,228,0.5419322886695814
466,-0.982765288011171,0.5850729052440964,1.6128651633201536,82,85,94,0.26010535338547025
5553,-1.7312210197223408,0.5954349594884316,1.1253476044780522,74,77,78,0.17265761345073327
564,-0.8175239878315623,0.5830910714615063,1.6212592465611357,12,30,61,0.43670200675756926
10738,3.036870987843536,0.7621745064589229,0.949215725032188,9,12,14,0.1392268115641909
465,-0.982765288011171,0.5850729052440964,1.6128651633201536,82,85,94,0.26010535338547025
366,-1.4024144088374162,0.5945481333430436,1.3468497613387997,55,69,66,0.3194018951358934
10639,3.888701953211797,0.14754031293628234,0.8512407466513938,236,236,236,0.9728209826517739
2821,-0.5246045041201894,0.5861890201313269,1.0717046386020717,105,107,110,0.1764352401652004
7908,-1.0417677270284789,-1.6428878879959046,0.9412571560091504,59,62,72,0.4138029013596037
563,-0.8305794798204031,0.5853336218219611,1.6209750813051187,12,30,61,0.1462723251445623
5650,-1.224904933461394,0.5852332530529303,0.534178798284197,6,19,43,1.2934473695447826
10737,2.9199814292964783,0.7627283931781497,1.1082835588874829,9,12,14,0.10952903566409757
464,-0.9924796626197936,0.5830452884072757,1.612357720585114,93,95,101,0.9485204372012352
5551,-2.56112342212302,-0.030568383800793852,0.8189264913959353,0,0,0,0.5167640686003563
2820,-0.988768764599472,0.5866671884079486,1.2563652201589632,94,97,102,0.030668642647429856
463,-0.9924796626197936,0.5830452884072757,1.612357720585114,93,95,101,0.9485204372012352
5550,-1.5949930521615396,0.5925550944917335,1.2980780531765812,2,2,2,0.5791635948653673
2819,-0.988768764599472,0.5866671884079486,1.2563652201589632,94,97,102,0.030668642647429856
462,-0.5239498443686623,0.5852183288310113,1.6399405336647814,0,1,1,0.5187703342303422
560,-0.9259699559222816,0.5843078372743762,1.621092142897623,9,27,57,0.31315336581304526
10734,3.7081864468136985,-0.7024551292320982,1.114354128456073,0,0,0,0.3611742754778888
461,-0.5362858256719019,0.5839497846734159,1.6384535046896316,0,1,2,0.2218929211390568
2817,-0.7510150433397258,0.585977572741627,1.1864009184438604,119,122,124,0.08996798809021865
460,-0.5362877464675408,0.5839147838248182,1.6384345560076086,0,1,2,0.2286874333131371
5645,-1.201122831069545,0.5814328306739449,1.6819021388194138,6,19,43,0.013149112821038877
10732,0.1082885331246688,0.7523682131514464,0.9971817480599336,56,57,57,0.3131575946767288
459,-0.5508470316791305,0.5851150251137582,1.6388880208210903,7,15,28,0.6003792296161212
2815,-0.5397051988915713,0.5865615562297748,1.1280596756400214,102,109,115,0.0956620732856056
7902,-0.5336044336245975,0.5719561635563357,1.6863147894421968,3,10,31,0.10444074012839033
458,-1.6564706261699533,0.5944095281283308,1.5738136147563864,6,19,43,0.8333924581221126
5545,-0.741920915326788,0.5846705467423294,0.8880501864233207,106,107,110,0.07706132963131901
2814,-0.9721524523836247,0.5857378447889945,1.2795682485995687,120,120,121,0.13087561931493366
457,-0.5001797050606289,0.5839816653933383,1.64180587186278,0,1,1,0.3168916984181094
5544,-1.046968574943905,-1.2880800993679755,0.5261628102223761,59,62,72,0.32510418552341014
2812,-0.4836838101906311,0.5852839147654103,1.1309704817030564,120,120,120,0.3354785336228995
7899,1.3438044678859233,0.7801842130306464,0.9153603968469598,15,20,26,0.2992380498505443
554,-1.6099227624586216,0.5779804956879728,1.6211494223489888,88,90,93,0.6787524992095859
10728,4.078916086163035,-0.5782539599328804,1.1345165617917141,0,0,0,0.35040002010375
455,-0.879770017481738,0.5857672656140305,1.621116857665577,11,29,59,0.7612336278075217
5542,-1.02851593210353,-1.2014679656317815,0.6086782908978416,66,70,81,0.8711609677441382
2811,-1.0021667161589596,0.5850427211680194,1.3305689091194774,43,48,61,0.05614255240006957
2810,-1.0021667161589596,0.5850427211680194,1.3305689091194774,43,48,61,0.05614255240006957
7897,1.258007492214589,0.7665266187309752,0.8938142687172631,115,120,116,0.14761061333994213
10726,-2.5699416797478674,-0.04831803350620528,0.7892160304716354,0,0,0,0.15871768901010494
453,-0.7887925292967317,0.5834434284626646,1.6289658878572455,82,85,94,0.13348989711344883
5540,-0.9549116296967819,0.5859104979679968,0.8958232812728532,124,124,124,0.0721261913777081
2809,-0.8003793788777323,0.5876191370645332,1.2737890221967603,55,58,68,0.12630696265997385
452,-0.7886011749992168,0.5835496718982791,1.6290041190759692,82,85,94,0.316571711941261
10725,-2.5699416797478674,-0.04831803350620528,0.7892160304716354,0,0,0,0.15871768901010494
2808,-0.7257592623444449,0.5843611918160396,1.2815136504548108,123,123,124,0.10761695325117089
7895,-0.9987051570910399,-1.2028012431498372,0.6434331808262692,100,105,120,0.6193022781248405
10724,3.0205880477200933,-0.00218350109961285,1.0393651272024724,228,228,228,0.9370343909305037
451,-0.810939442043968,0.5837323293526842,1.6281103865444047,89,92,99,0.331560830868327
5538,-2.06959866894639,-0.8925432562866651,0.07545883235461726,67,67,67,2.2262970401786557
352,-0.8139000462460633,0.5846363542590827,1.5228599678523245,58,65,78,0.21987787669930398
10625,4.180929512362884,-0.5196122333213429,1.3413979895341028,236,236,236,2.1845451292302585
450,-0.9416230618992718,0.5827973767968009,1.6212788374425133,9,27,57,0.43481534363722063
351,-1.3726216188564142,0.5980107560181325,1.472404805148393,2,2,2,0.2589557267678485
10624,4.180929512362884,-0.5196122333213429,1.3413979895341028,236,236,236,2.1845451292302585
2806,-0.9602841575861985,0.5804331558094564,1.505432680745542,93,99,110,0.19576650247736938
7893,-3.0507723322968423,0.2559931734153412,0.9726098453203167,94,99,114,0.6074244949439288
449,-0.9416230618992718,0.5827973767968009,1.6212788374425133,9,27,57,0.43481534363722063
10722,2.2069834758196722,-0.8125742781607816,0.825261255368164,60,63,73,0.6800400092089414
2805,-0.7978663025859078,0.5845497676698104,1.527977806551862,92,98,109,0.06553862314098373
7892,-3.07231609063575,0.2662936584847182,0.9707416240410829,94,99,114,0.5833672285897129
448,-0.5394010480783691,0.5846107020277491,1.6444610185537685,109,111,116,0.3461672219697652
10721,-1.3078895030988087,-0.8914901778121254,0.3803336064998073,107,107,107,0.7554947405843752
2804,-0.5594159979558877,0.5856876492481782,1.5266988815896676,91,97,108,0.13375014423174508
7891,0.5428627731719465,0.786487227438764,0.9709038289417999,57,57,57,1.199034106508881
5633,-0.9622463847280325,-1.3045091371964914,0.916708448872135,98,104,119,0.569849412740828
10720,3.825591394390442,0.08140706663419406,0.8401767955594193,0,0,0,0.824320075024578
447,-0.836831281796127,0.5842917085223069,1.6295458704347208,81,84,93,0.098240519414568
5534,-1.7049684438504014,0.6018762670338409,1.1633078876430878,21,24,26,0.457317923798636
2803,-0.6776532534984825,0.5847374599104409,1.6170996249695482,15,33,64,0.10135772909145499
446,-0.8368587394290952,0.5840203533431121,1.629623056802734,81,84,93,0.1229872888822666
5533,-1.3829378015834162,0.5950680276781473,1.3507584208220131,19,23,25,0.11563290891760603
2802,-0.8329810925073033,0.5829047853643461,1.6341190895474005,12,29,59,0.1228957288594305
7889,-0.9918104580184819,-0.9162553203770295,0.7323014268226871,67,71,82,0.19657410128045813
2801,-0.5752364858401164,0.58508908592131,1.631960972716161,13,16,20,0.30453423970734106
444,-0.8939731509622901,0.5851157024949254,1.6295732696290361,61,66,79,0.5909115017375765
5531,-1.6993345427670503,0.5961761799024179,1.3263658267122718,23,28,40,0.009639392534628952
2800,-0.6192399775538635,0.5843270270898684,1.646935449584234,72,75,83,0.10508530641437613
10716,3.4003362140603057,0.1704560601546451,0.8282262830998621,92,97,111,0.45140941927236516
443,-0.5663926803310355,0.5838871382940862,1.6481876376032065,7,9,12,0.24157786024321387
344,-1.8561686382046845,0.594313682292843,1.459201984727441,77,80,88,0.11358740685585607
10617,1.0491383205833746,3.232019600205073,-0.3206125308835506,9,12,14,1.08861400313544
2798,-0.5727064457280795,0.5833915812671753,1.6436770646270542,15,17,21,0.11970129398233592
441,-0.9609411864029416,0.5849819036875403,1.6288739861502461,66,70,81,0.24038098428999743
2797,-0.6151498619803406,0.5834643785497391,1.6491457472589135,6,6,8,0.11242515676010896
7884,0.5221437260899862,0.7637267265174992,0.8637981086084258,9,11,14,0.16955947947658775
10713,3.3930516984889656,-1.5789898855057025,0.7961131129710457,231,231,231,0.8822944563010522
440,-1.678253001656524,0.5941605408322908,1.6150311717494417,124,124,124,0.6571872551822925
2796,-0.5746375770313925,0.5840023627761113,1.6513869131573995,15,18,27,0.0654099977602608
10712,3.137839577021184,0.7659498620324714,1.0287193420989973,9,11,14,0.06173378171985879
439,-1.7702860938916372,0.5937615181701141,1.6224951264736915,122,123,123,0.12185913956331658
340,-0.47915063772916255,0.5847634297329356,1.5993816175931446,86,90,98,0.14678720522433983
10613,2.977358769947335,-1.3006041410126687,1.03072829994665,109,115,132,0.33685410518850395
2795,-0.5795806702572834,0.5842348477250614,1.6531505764576313,6,7,9,0.0950114236980105
438,-1.6785714169659753,0.5945367033037543,1.6267000431607586,124,124,124,0.3577994616665631
5525,-1.3798419881442179,0.5971527550882434,1.7178419577014128,79,83,90,0.10303681583248182
10710,2.93886635267781,0.6141624649690525,1.17252385684122,111,117,134,0.5048676907356912
437,-1.7602648599740425,0.5947617946975363,1.6254109457893284,8,20,43,0.6167226509816727
5524,-1.3887400129797158,0.598104921739002,1.7234373147968713,28,38,57,0.1429011553158907
338,-0.5071251956411977,0.5843649255346868,1.6137847953098934,105,107,113,0.2151936532369604
10611,2.9385759205278297,0.5641944205903886,1.3084618880873295,59,62,72,0.2871883533853702
2793,-0.6090242199103102,0.5843441386604147,1.661264361468167,24,27,35,0.06558311650724055
7880,-2.806220229638322,0.7091650801092351,1.3411739829897007,231,231,231,1.2795487314102825
10709,2.654923284675859,-0.20997126691068907,1.0134855063538584,69,73,84,0.6190787223757656
436,-1.8179306952975072,0.5990072053486217,1.626121672028327,123,123,123,0.05714721257582562
2792,-0.6163102480846607,0.5833322614442673,1.6698238752512375,82,84,91,0.11714844090097967
7879,0.8019009317145568,0.6546212725286664,1.7202317201404353,142,142,142,0.4746115516461311
435,-1.8719681966082633,0.5942458090404141,1.627017844928366,124,124,124,0.29710849340110357
10708,3.0016908352813774,-1.2805424633332043,1.1279447419036894,111,117,134,1.2461936458774103
2790,0.6754055120222585,0.7052552424172389,1.6515759861186385,140,140,140,0.21343621155713072
7877,0.6202044560070825,0.7275328452908365,1.7154975968459905,142,142,142,0.3297024629636616
10706,2.968691537605539,-1.3819496460247955,1.14732356168965,228,228,228,0.339014448319578
433,-0.7299241861173917,0.5869854615725683,0.9489791006147626,16,83,40,0.12735016037937666
5520,-0.9502630636685083,0.5858061237572525,1.0721778456444087,103,105,108,0.1536416853631043
2788,-1.2140706139726536,0.6232048698329649,0.4390412025812267,6,19,43,0.804386970584356
7875,-5.105778445954787,0.7741121272995306,1.42140669614943,0,0,0,2.088955268267316
10704,-2.8027733673287227,0.06242526729329001,1.0709881627362394,0,0,0,1.8300540151550104
431,-0.716243618661617,0.5867803514029142,0.983872645424219,26,77,47,0.24697773227062034
5518,-0.9275637309239868,0.584185550515234,1.3146732627776712,9,21,45,0.03663426051435345
2786,-0.959210868701466,0.5708663584487226,1.338619854820522,110,116,122,0.7547599194527894
7873,1.1657817716211265,0.7830420216391962,0.896378337024532,124,124,124,0.004056472882605382
2785,-0.9834256885366313,0.5845589807371225,1.6767682587561294,123,123,123,0.2801480970357199
7872,-1.4466416750892814,0.5960383127200526,1.3672473845828927,57,62,60,0.12172736443078809
2784,-0.8910736483662354,0.5856508582039579,1.5968336664639446,71,76,88,0.34100663222003524
7871,0.719451615591037,0.7026340054834579,1.5479672155010966,142,142,142,0.30369475659056133
10700,-2.2127776275816706,0.20083563908440427,0.6126115528249012,0,0,0,0.31952915572116686
427,-0.4694018081248905,0.5864924094743451,1.120632663563483,26,51,50,0.21484826461577525
2783,-0.9007402007078955,0.5847040451092846,1.5967195086020856,78,81,91,0.1796944186972189
7870,0.719451615591037,0.7026340054834579,1.5479672155010966,142,142,142,0.30369475659056133
2782,-0.5819086880802233,0.5856225619172697,1.647329057254591,4,6,9,0.913674614254365
7869,0.6751058613781256,0.705651430910728,1.5745308555645476,0,0,0,0.022723404185897557
10698,3.0473234912656473,0.8217323608701999,0.8741629713417095,9,9,9,1.3648096934636735
425,-0.7553332297714621,0.5863849403804355,1.0801255075304028,124,124,124,0.5785180729138413
2781,-1.0020562768153645,0.5845232609820303,1.6133883928321564,70,74,84,0.10814570823871716
7868,-0.753092697336823,0.5870767409957895,1.4233979631646263,98,99,103,0.15725449208282768
2780,-0.4811865836339959,0.5854475086721798,1.6535818911000746,0,0,2,0.34988909682198127
7867,-3.4041186673186794,-0.14107956303685915,1.2721901410532046,102,107,123,1.0320851809694231
2779,-0.8801611204820241,0.5788211719086147,1.6061944251073004,13,31,61,0.3995991387324831
7866,-0.5005112930440985,0.577273327935607,1.172869682544373,123,123,123,0.0666579369158739
10695,3.1506479118501316,0.7666404533540458,1.042926131786494,10,12,14,0.08061045113351467
422,-0.9533417472473578,0.5863184706915947,1.1389201877489776,124,124,124,0.07008889785622704
5509,-1.833031417792935,0.5919341138440497,1.601204293586479,94,95,98,0.27166418460174646
2778,-1.0226601567315865,0.5922778101822441,1.5962373150339875,73,77,87,0.9457382709541641
421,-0.965408099514498,0.5864273536623692,1.1531774675896185,124,124,124,0.2142852612004022
5508,-1.834079204540271,0.5928105962061814,1.62099145251676,90,91,95,0.35319324163449883
2777,-0.7638090347831574,0.5845808551574656,1.26711066442636,124,124,124,0.32157506036247907
10693,3.0334121750074265,0.7661640053431908,1.0603268950904288,9,11,14,0.09042649943021558
420,-0.9654170453521744,0.5865175579640596,1.1531555984249526,124,124,124,0.2127008751448358
2775,-0.7867827022164091,0.5856262618490953,1.3310463829171773,23,77,45,0.07946961000713368
10691,2.823922604613697,0.30335101690398436,1.3121016591053212,105,111,127,0.5172096580050665
418,-0.9458163708251415,0.5838047823152548,1.174305894204747,12,88,38,0.40027122908803653
5505,-2.1419990868313583,-0.856446511243895,1.1974524415684455,67,67,67,1.6988859268419614
2774,-0.7046380966880332,0.5856025092220514,1.3309364723232442,20,78,44,0.06920805098860928
10690,-3.050228886945073,0.265805709233384,0.8613887452110031,84,89,102,0.6779478389962191
417,-0.9894979507547887,0.5873007436457289,1.1728515406829914,52,90,63,0.3858320201291657
2773,-0.7164204978101218,0.5852337763993642,1.3602302190394973,12,74,40,0.0746794837531453
10689,0.4290862848894048,-1.8552860426824056,1.4378264125255986,158,158,158,0.7681961791701628
416,-0.4889763119119237,0.5854687782288295,1.2748980384428759,79,81,87,0.1365483498052404
317,-1.7057320381722558,0.5927977731075074,1.5719958737827535,6,19,43,0.5224633383450393
10590,3.0152132697508383,0.7698774162479205,1.0733122289621684,9,12,14,0.08100060507045632
2772,-0.6092946795391776,0.5846219329991535,1.6523971974211271,16,18,23,0.2848830428528253
10688,-4.908664734683651,0.7654158834698312,1.6297966142927964,0,0,0,1.5811700980364367
415,-0.4891055911090836,0.5847062927149496,1.2751669454640377,79,81,87,0.28988202409303787
5502,-2.4943578747874855,-0.1103885825340068,0.6573845407180117,228,228,228,0.525081057118012
414,-0.523631208547122,0.5853117273037884,1.2747512519677984,82,84,89,0.17109136444814305
5501,-2.49470512084141,-0.11035772149134537,0.6571003033060847,228,228,228,0.5157753022965926
2770,-0.7091353888400347,0.5842876294575321,1.4194792836891463,111,112,115,0.4387156211867731
413,-0.5442132304894205,0.585754999267802,1.3058445974987831,124,124,124,0.11491495045541647
10685,-3.1170413057290207,-4.2494977237467495,-0.9870036090533176,0,0,0,0.0061530713051973825
412,-0.49587252850958996,0.5858284750328664,1.314506902410699,124,124,124,0.10826032568537759
5499,-2.314634159542413,0.6672206454179292,0.0874073307184784,231,231,231,1.0807738504924786
10684,-1.8789363186741435,-3.470773833539709,-1.4772312626889335,0,0,0,0.2033619615605335
411,-0.7776334858833138,0.5837311035932553,1.2668648380815033,124,124,124,0.29298985990082305
5498,-0.8051284093063806,0.5861253099081483,1.0904127337279328,76,78,84,0.12126166074564108
2767,-0.4422831800290088,0.592719143625966,1.5850795245845948,17,33,62,0.30551185081342014
7854,-4.886110394696519,-0.1267379700584838,1.1089728566582266,231,231,231,1.8728483160881386
10683,-1.681275207202809,-2.8941560366013124,-0.8430138999923407,0,0,0,0.0560558756049922
410,-0.7860539263955912,0.5854666113864215,1.2660456240714448,124,124,124,0.07664267512697087
5497,-1.0247206711849817,0.5845399926204753,1.613263102043907,70,73,85,0.2559455513616469
311,-0.8262312324108283,0.5848861440009978,1.6286766562211819,77,81,90,0.23369090056632702
10584,1.9845810600406417,-0.24948123515221704,0.8138996520937951,60,63,74,0.36460116770405915
10682,0.10751069050784201,-2.0054727716275247,0.1368365198120749,0,0,0,0.059087179823338144
409,-1.726507926056906,0.5887403469338885,1.111181213208014,67,92,77,0.10036838540464475
5496,-0.7660216908942754,0.5853993994560991,1.081185334294498,124,124,124,0.1747587722270086
2765,1.997176363907836,0.7945481913393864,0.9124476549614147,57,57,57,0.6702683846581231
5495,-0.9424321694847335,0.5833422240144006,1.5918606993602094,12,30,60,0.3963745459753754
2763,-1.1967906406812099,0.5661197890058345,0.5156718437979333,6,19,43,1.8709229809804793
5493,-0.7641992932023611,0.5858594120372125,1.2566605164994862,94,98,102,0.14783684366228916
10677,2.9527489034698737,-1.3283061135890168,0.8288440728763758,0,0,0,1.1657973567201738
404,-0.5530677320758155,0.5853399490248705,1.328727775894406,124,124,124,0.24317175921724435
10676,3.0081105692083723,-1.3046372425531578,0.873778571926906,98,103,119,0.4569064843272749
403,-0.9345587102124284,0.5820769590713897,1.268281183797328,124,124,124,0.41657999035628185
304,-0.9054103459255902,0.5841771110690566,1.628837780015735,85,88,97,0.20618577948981084
10577,3.2562496460781416,-1.7513611892986745,0.8736221839977026,8,8,8,1.637833036628185
2759,-0.5279943809348058,0.5846413268119552,1.1079572351716984,124,124,124,0.6457549827670483
10675,-30.233730239297323,5.833503287463863,-14.999975414704224,64,67,78,1.2051478306050014
402,-0.9550075145721673,0.5854418206468723,1.2665064063159486,124,124,124,0.4253409598056106
7843,0.898932022728088,0.7647846252094768,0.8639089583923675,9,11,14,0.16744953348768843
10672,2.7847457816277084,-1.2990570528299634,1.2554010029886198,97,103,118,0.31057884232392446
399,-0.930039995516339,0.5851959929301718,1.275059082879137,87,89,93,0.6025827332744295
10671,-3.8328106072827004,0.7570052176645952,1.1657571340746016,231,231,231,1.5777627258259261
398,-0.7195141525956403,0.5860326619450371,1.311799318854542,124,124,124,0.3212855712302402
5485,-2.6624551350761316,-0.22932444328097257,0.6230301453974478,85,79,76,1.0096869230882406
2754,1.7029516874708044,0.7695199241772952,0.9041180410178044,124,124,124,0.2359081119672622
397,-0.9481748760420445,0.5864373359212709,1.274943697272446,99,100,103,0.20851826601171075
2753,-0.9009624535941878,0.5852115664885533,1.620277864413856,10,28,59,0.31045172589121156
7840,0.606068630937302,0.7064113111012533,1.458080630858317,142,142,142,0.4687118349669423
10669,3.1796163130270614,-1.7517696585227793,0.8896874537763633,8,8,8,0.8156801451895039
396,-0.9481748760420445,0.5864373359212709,1.274943697272446,99,100,103,0.20851826601171075
2752,-0.9016816535323686,0.5866899379091088,1.6200738023707086,10,28,59,0.20708780514768033
7839,1.5763968366966843,0.7688633728383849,0.8913067591516565,8,22,44,0.24202077121168597
2750,-0.7251191717629206,0.7120069418062767,1.0813789732871966,103,109,115,0.057796562406702716
7837,0.19817168265899743,0.7050459909050482,0.2727505753205308,143,143,143,0.39703902495358895
2749,-0.9960096237890621,0.5802839473011296,1.3252728162293717,112,118,124,0.15859712963109032
10665,3.939282707853398,0.35690005029920246,0.9243725111502452,69,73,84,0.16522203902004579
392,-0.9574662967854288,0.5858889303038217,1.2818067392991843,123,123,123,0.3781137037881013
5479,-4.216389894813354,-1.002646135632229,-0.06022210005368933,108,106,106,1.2292275363781444
5478,-2.8808003379565483,0.7952894106240029,0.7501323621361995,5,5,5,0.4449494766158298
2746,-0.7131791785304427,0.5876751900921506,1.6058480140365308,15,33,64,0.4257735920101849
10662,4.006607063211739,-0.434185730076098,1.1300991439472425,0,0,0,0.9010421855256037
389,-0.7279723407993886,0.5850013737720283,1.3263107725575476,79,84,91,0.186571263195218
2745,0.6209581230341691,0.7052054552313529,1.5199731701614234,0,0,0,0.6085733909702981
10660,3.3605068480810774,-1.6772480353407964,0.7108851552320066,231,231,231,1.0452914488163834
387,-1.5203869025403263,0.5958749230405649,1.2103012921572232,11,86,36,0.1699831609840083
2742,-0.9310276878875099,0.5838718127307638,1.6835869435319872,4,16,42,0.47200147841147394
7827,1.497134124757907,0.7582440144428091,0.8805929706049783,9,9,9,1.4511486026165072
10656,3.916732749134375,0.13145363345438654,0.882665945710949,236,236,236,1.0728400028772356
383,-0.7717227149259269,0.5844926781570439,1.3508335291234164,124,124,124,0.24872421398202083
5467,-0.9893610236031312,-1.1831506424460527,0.9688807436463556,81,86,99,0.11886574770968095
10652,2.9683525800690065,-1.2178570781343265,1.0306098304398548,110,116,133,0.9584023935494586
379,-0.7453133960758129,0.5853951491374274,1.3722410111667045,15,81,41,0.06219629155025815
2735,-0.7629637324622673,0.5851072597080968,1.1377024540423208,124,124,124,0.26830515317129944
10650,4.08026678281292,-0.5741745723681692,1.1424769645093225,0,0,0,0.6155397718659149
377,-1.5257367657318182,0.5972326315277838,1.2644145779213214,21,24,26,0.4614888102096405
5464,-2.101660132221219,-1.5738605479704568,1.1978742400400515,107,107,107,1.3717852002641227
2733,-0.9681415074193369,0.5848829695661315,1.3523248821436566,12,90,38,0.22348536781501438
7820,-1.0577253243523361,-1.3738437393743617,0.4844186442325846,94,99,114,0.9064410674061334
376,-1.4031632365899513,0.5977045905583582,1.2828501668247128,72,75,76,0.7667284564086787
7819,-1.117323049904039,-1.3611291534313277,0.4554627760287615,94,99,114,0.44303217107963316
5462,-4.296986298896648,0.7205147241480063,1.2806380159092663,231,231,231,1.2443500426953016
7818,0.39545913903768093,-1.8957952436694563,0.2589395241380559,8,8,8,0.05274334918461647
10646,4.015367986383273,-0.4613724624810559,1.1344001806892767,0,0,0,0.3015414591127386
373,-1.5249617894899274,0.5964830301864172,1.2817085863515691,12,13,14,0.4513530588481875
10645,4.019175204204589,-0.5132160429918068,1.1371658185796574,0,0,0,0.269956937379745
372,-1.5322497788377945,0.5947753194348842,1.2865543287465573,65,81,77,0.2410240697857457
5459,-1.950145652710379,0.598957820454046,1.7486926746659026,107,107,107,1.3276541438637046
2727,-0.8851319286023336,0.5852959650916567,1.676338697974394,124,124,124,0.2721829116735792
5457,-4.468892568157752,0.75743701920942,1.9152681993927554,231,231,231,0.8947924130978316
2724,-0.9793149731800623,0.5859514335097333,0.9762574368624142,123,123,123,0.4851954074664854
7811,1.2260551803249773,0.7565843687483309,0.8816338935106628,9,9,9,0.09013286689727307
10640,2.795876279195477,-1.1100499430072075,1.368814742617476,102,107,123,0.7619131527474977
367,-1.4382597987084607,0.5969397317932759,1.334787101363946,9,10,12,0.3138658375623767
10638,4.036991319715108,-0.5354976972622315,1.1360973930800284,0,0,0,0.8521680401132367
365,-0.7829090630416848,0.5853932420736414,1.4266426118983888,66,69,77,0.29502634549735485
5452,-4.030729894158437,0.660318370923989,1.1887818540230102,231,231,231,1.6120857165412616
10637,4.037741087118015,-0.5354728665875624,1.1368787635580417,0,0,0,0.8693001428152651
364,-1.3207227220276376,0.5935346908973864,1.3600859519506747,3,3,4,0.6997044571770572
5451,-1.3252582415602348,0.5893835495004272,1.736916579930592,6,19,43,0.34368364390389916
10636,2.9267334806190353,-0.8522722535379461,0.7808980351149162,107,113,129,0.46436240128937334
363,-1.403062947442952,0.5952015646104847,1.3609331923265295,59,75,71,0.4585891663447817
5450,-1.083731013729182,-1.4430443012531733,0.43697738058583124,231,231,231,1.8152064204654819
264,-0.7394513728523946,0.5861303362064849,1.0889294972812755,76,78,85,0.1498174321654916
10537,-1.5800385326493913,-1.3520640370888035,0.2339008192537373,107,107,107,1.5373002326118612
10635,3.0286027179095325,0.048112750009013605,1.0258502399959806,0,0,0,1.5110145114825013
362,-0.5960462407527789,0.5850742279144392,1.5057693421155198,65,72,86,0.45033086854253074
5449,-0.9734718494478587,-0.8588605763733883,0.8246907971796054,87,92,106,1.267367826306801
10634,1.5431700071341745,-0.8429144054094425,0.4896451666018806,105,111,127,0.5389330670718931
361,-0.5959749709033599,0.5853576694375864,1.5056644344101564,65,72,86,0.4949388510240033
10633,2.920184214324501,0.24238617465318768,1.2021239359462506,62,66,76,0.7069365979435389
360,-0.7347263895609162,0.5850590564210663,1.5039587761187294,61,68,82,0.20045974361140864
2716,-0.4927036674891918,0.5854040146051658,1.3270921060433571,124,124,124,0.06982765240640267
10632,2.9162957194560875,-1.2622354049215594,1.2269638214427352,89,94,108,0.4737617130828058
359,-0.7347263895609162,0.5850590564210663,1.5039587761187294,61,68,82,0.20045974361140864
356,-0.7828300577999379,0.5841747741302172,1.5055823252814797,74,81,93,0.24850883586562653
10627,3.392614712440248,0.3233112121637626,-0.005030189575969901,231,231,231,0.7531443567997254
354,-1.818013027924139,0.5941810959192251,1.405857114084366,71,75,83,0.12369592465155747
2708,-1.0019010092990546,0.5867473324279251,1.0890809570603972,68,71,78,0.19913665691718552
7795,-3.978156194494827,0.6682476259731409,1.274193423326038,231,231,231,2.0159548273020387
2707,-1.0019261914630349,0.5860270614788454,1.0894825820975775,68,71,78,0.24452287140072432
5437,-0.9571296258414632,0.5895565105881997,0.9522619376749912,12,90,38,0.03983240895874011
2705,-0.7954080792581837,0.5872382404936125,1.0892467652431124,75,77,83,0.06275134160653588
7792,-0.28800755323543337,-1.73956196451444,0.4303452909410339,8,8,8,0.1950540258643029
10621,3.3905381571350657,0.6231659287789759,0.8205815292846377,91,96,110,0.35856969385056536
348,-1.023975794900041,0.5842980478918138,1.5227160334720198,62,69,82,0.20421523495130423
2704,-1.4247175436612607,0.5950148988275481,1.2653466987276514,68,70,72,0.08470149263150362
7791,-0.7495592540286911,-1.9101511579458503,0.24294414491623817,8,8,8,0.028032982509188398
10620,3.3647503443600506,0.634636305354205,0.8722752003781731,115,121,139,0.6817939845245468
347,-1.023975794900041,0.5842980478918138,1.5227160334720198,62,69,82,0.20421523495130423
2703,-0.7508702854721911,0.5844618656352505,1.1726349201724875,112,118,124,0.20842817846483708
7790,-1.7882759090641374,-1.6967658498315288,0.9095244318283624,8,8,8,0.027444115401543293
10619,-0.18568561324333244,0.37852293338948073,-1.5738596751880496,61,64,74,2.6953298056320234
346,-1.8282244012749729,0.5943731972311983,1.456743640547891,78,82,89,0.13703709450651522
2702,-1.027623586776178,0.5852840084622057,1.2587676463757196,98,100,104,0.08723213947884219
7789,-0.906054214751832,0.5711884605467736,1.3171685774516988,104,106,109,0.01736668466408473
10618,1.0491383205833815,3.2320196002050636,-0.3206125308835457,9,12,14,1.0886140031354326
345,-1.3722480589255288,0.5938058127766592,1.4972194168574398,8,21,44,0.2409816696334418
7788,-0.906054214751832,0.5711884605467736,1.3171685774516988,104,106,109,0.01736668466408473
343,-1.846495505004473,0.5944950494168053,1.4657393124888551,26,37,55,0.2110615475958088
10616,3.026128870714,-0.8422530609134842,0.947168216967103,109,114,131,0.6592623829921505
10615,3.025520008283805,-1.416698196599838,0.9361660235504853,0,0,0,0.384186747250727
342,-0.4729883589271082,0.5842848425880092,1.5941981189355792,12,13,19,0.09400211626416165
2698,-0.7875458066365626,0.5866604567324045,1.4278113746184795,109,111,113,0.1442265269807965
10614,2.89224904795255,0.25301068935041704,1.0584631053512865,92,97,111,0.6534151908038242
341,-0.47087819100642925,0.5845632522964102,1.5995982824801174,75,79,90,0.1279820899896681
2697,-0.751519995643402,0.585636609208751,1.505114244125541,72,79,92,0.33511215631581687
2696,-0.751519995643402,0.585636609208751,1.505114244125541,72,79,92,0.33511215631581687
7783,-2.893316875252148,0.3042240024920244,0.6803811005279476,109,115,132,1.7395387445047377
10612,2.0661928714003364,-0.18202169412429103,0.9145548710093675,70,73,85,1.2415705624828175
339,-0.5079784104062537,0.5847223117176323,1.6019631219403023,2,4,11,0.25602934969022556
2695,-0.8886472030558785,0.5843237337074128,1.6125041037965075,77,80,91,0.10222249007117601
7782,-0.24487672443076125,0.7350485223416705,1.01421329655614,0,0,0,1.1463831651918561
10610,1.5587310511246204,0.36308411749341707,1.1608846950804192,26,28,27,0.5234622947848929
337,-0.5071519619843039,0.5844981780285023,1.613417563493179,105,107,113,0.050355751811186074
5424,-2.758759676146425,0.5497253601482841,1.095075720539259,94,99,114,2.450535201868602
238,-1.720753867405631,0.5935781809007696,1.131191121353158,81,84,85,0.3333371769558945
10511,2.703991885035536,-0.7908787263466186,0.884703883061728,60,64,74,0.49741990690996946
7780,-0.8128923915084103,0.593447055386553,1.583752903871191,17,35,65,0.07902596699216956
10608,3.85865537591915,0.39275246865938385,0.9366407566285989,64,68,79,0.36309292772169155
335,-0.5322208065142457,0.5845298177646332,1.6158027482437283,74,78,86,0.21760056143726725
236,-0.7164944231311026,0.5857390286769986,1.301941996532375,13,72,42,0.04141987775062395
10509,2.9642832934373704,-1.4040427487178024,1.0556516930413908,228,228,228,1.205274086818296
2691,-1.0098146771367116,0.5842406430751204,1.678589177617158,4,14,39,0.6810195976384087
7778,-1.538695958199055,0.59130323186303,1.3713195970091163,0,1,2,0.9839998239989208
10607,-3.077664700889548,0.7656018579606556,1.259325131325106,0,0,0,0.38406711482637207
334,-0.8911643318813152,0.5860387425559936,1.5966914539675263,70,75,88,0.3590780396723703
235,-0.5123664162721882,0.5852701142931944,1.337366597895394,23,41,49,0.1772763296133328
10508,2.814896451553012,-0.872356371102425,1.003395130383943,59,62,72,0.7476168186364047
10605,3.3710712074346683,0.6436856644678202,0.8579729111363084,118,124,142,0.5771089406554389
332,-0.9006732664572814,0.584667584283304,1.5967373593184604,77,80,90,0.11461039400902104
5419,-1.3868029906856068,0.5935982327030225,1.7176430343247104,70,74,82,0.4583691388440953
7774,-5.49084751607368,0.7601548387260584,1.6329837259018645,0,0,0,0.8307813374454611
10603,3.835045540552283,-1.5301107976090202,1.0380493406221571,8,8,8,0.33874428629673003
330,-0.6800457359429242,0.5838747628837555,1.6126223281195475,83,86,95,0.27014871712143257
5417,-0.8081512523772321,-1.745303387599146,0.39600338668879687,8,8,8,0.16436955738344103
2686,-0.9716177511353927,0.5849773109920531,1.5051223134868026,70,77,90,0.555974973129454
10602,3.3691794586168715,0.7988851454960262,0.9002952329682875,122,123,123,0.47812033304362106
329,-0.6800759537302787,0.5838991304297496,1.6126309114169746,83,86,95,0.26604175284031284
2685,0.017348066165914222,0.7075460208962696,0.32628768022654797,0,0,0,0.6049199856105019
7772,-0.49262711811555504,0.5839496516120812,1.6352041655815797,75,77,83,0.14339572533739697
10601,3.3613822651779843,0.623701021339883,0.8840947622237757,114,120,137,0.191559067542945
328,-0.9620546968346493,0.5847520055930098,1.5967907707220523,74,78,89,0.16751461533069673
5415,-0.5257180767242982,-1.3575970303509317,1.1612200974058848,8,8,8,0.04687726232750679
2684,0.017348066165914222,0.7075460208962696,0.32628768022654797,0,0,0,0.6049199856105019
7771,-0.6255542515561561,0.5799043013314802,1.6336783176439718,10,28,58,0.14136934357973704
327,-0.9620542822367613,0.5847636441787436,1.5968116522233466,74,78,89,0.17471410907509283
10600,3.2154174584589184,0.8607482594607698,0.8116366686309651,9,9,9,0.05208683584602296
2683,-0.9834845989360557,0.5895504551681228,1.2790770201375365,122,122,123,1.089256124618984
7769,-0.8547803538514462,0.5823008571851584,1.5932376782541275,51,58,76,0.17886640244046353
10598,1.1211210258430626,3.192502923430683,-0.3387968841949349,9,12,14,1.5153033830124465
325,-0.8664062374934574,0.5844641858858903,1.6127893391349866,73,77,89,0.1248936794829557
2681,-0.5998832562692029,0.5839988743824711,1.6468888113819433,0,1,1,0.5969607240323155
7768,-0.6751974851597495,0.5888363659488045,1.629461959529611,45,53,72,0.13836195901985646
10597,2.107240031836994,2.1360735651169924,0.2707498270670967,9,12,14,1.7171811391684035
324,-0.8664062374934574,0.5844641858858903,1.6127893391349866,73,77,89,0.1248936794829557
5411,-0.9871423627429561,-1.5924002858149995,0.9726435304251568,231,231,231,0.22831810619849413
7767,-2.667130857064086,0.7656443972860982,-0.06156548505882675,231,231,231,0.741253254926665
10596,3.1389990577503664,0.7645947178470907,1.0295730608280438,9,12,14,0.11260720448701975
323,-0.8970769601942692,0.5855223303799701,1.6125616605357904,84,87,95,0.21130463098024532
5410,-0.9847513604262543,-1.5900247292327785,0.9744416964056124,231,231,231,0.32126202399814807
7766,-1.078430736433348,-1.5373448278536896,0.3842175651609121,231,231,231,1.8206681810554848
10595,2.915503544744679,0.7679309071607061,1.1056417328768031,0,0,0,0.09251433526647375
322,-0.8970769601942692,0.5855223303799701,1.6125616605357904,84,87,95,0.21130463098024532
5409,-3.8168146467788113,-0.9459210798198368,0.041627086887642495,108,106,106,0.4916543950230056
7765,-0.3007660193002295,0.6130677268035865,0.017817523718662187,155,155,155,0.9549986556699576
10594,1.2949724477691125,1.8986886671709189,0.03821673352665411,231,231,231,1.5351954287239462
321,-1.6875000576493164,0.593551955357704,1.5675652093095405,76,78,84,0.22971674904370382
5408,-3.7633652187520803,-1.0157298995559088,0.06393873187237009,108,106,106,1.0463264997693424
222,-2.7080687989637338,0.5671465885164537,1.0610733879109349,9,9,9,1.5347964594998529
10495,3.3781317800769153,0.7551309789567535,0.9294637541648098,124,124,124,0.6229934773541911
2677,-1.2059203416366353,0.5858787877539129,0.5043595774127054,6,19,43,0.837387161912793
320,-1.6876333468359093,0.5937940657843885,1.5675100072197186,76,78,84,0.22662782089809555
10593,2.901211081770847,0.7655355823588581,0.9780155030136516,9,11,14,0.037868053872559405
2676,-1.2059203416366353,0.5858787877539129,0.5043595774127054,6,19,43,0.837387161912793
10592,2.9021257999114454,0.7647759759282435,0.9785352721967002,9,11,14,0.1359081783159395
319,-1.6774978031577858,0.5934694448618649,1.5726818361479287,6,19,43,0.23624899474291564
5406,-2.4959325716525695,0.07580804158384613,0.6568168589399219,228,228,228,0.586600196773954
2675,1.6059410016702182,0.7792437233450398,0.9213100266266132,57,57,57,0.7988926941854282
7762,0.7827068073456399,0.6845823073494628,1.4857731909959364,142,142,142,0.11549555884658773
10591,3.0152132697508383,0.7698774162479205,1.0733122289621684,9,12,14,0.08100060507045632
318,-1.6774978031577858,0.5934694448618649,1.5726818361479287,6,19,43,0.23624899474291564
2673,-0.8965544603447264,0.5844108774458145,1.5161691152316064,52,62,81,0.04437790683512061
10589,2.979517093611465,-1.7940418452076836,0.888429714844422,8,8,8,0.04882170403561725
316,-1.7064206023752493,0.5933919345967076,1.5712922241629912,6,19,43,0.25969881925760063
217,-0.7663121933243424,0.5869510035449308,1.358001305968557,123,123,123,0.4259807568620609
10490,3.003314657980122,-1.526033491455709,1.06296240118279,228,228,228,0.4250960917087921
315,-0.5466869182477838,0.5836473482008933,1.6430292055978115,23,39,49,0.18168075902653766
7758,0.6406426355455364,0.7063636532749007,1.615999316656345,0,0,0,1.4078697754942566
10587,2.760856965653215,-0.8696630401214198,0.9978619999809257,92,97,112,0.6512781173022798
314,-1.668227186423997,0.5943646021498377,1.580819319930785,79,81,87,0.26536944511950716
313,-1.668086956892418,0.5939469413455374,1.5807312239756246,79,81,87,0.15506869049984348
2669,-0.5226582120381458,0.5854159157440353,1.328373860112001,110,111,112,0.044047939938384004
312,-1.7660617661450946,0.593340387937271,1.5756594421480494,65,68,76,0.25628164356019995
2668,-1.2032116172684657,0.6031626993223407,0.4607532911198631,6,19,43,1.8381732541593405
7754,0.7340967762590646,0.6935720321487853,0.9165286532094422,29,30,30,0.0832211731454145
310,-0.8262945353303666,0.5848480563196239,1.6287357909305276,77,81,90,0.23341002625886395
309,-1.851378927782882,0.5937163464327706,1.5730374242655734,72,75,81,0.3369901147450978
2665,-0.8021509185744331,0.5878769422543046,1.2525569935203609,124,124,124,0.14945615663136066
10581,3.3896243194919053,0.7618407223117047,0.9236676033686549,11,24,44,0.03179631778946712
308,-0.8492457577265067,0.5834063946888361,1.6290553857952945,72,76,87,0.3413732632627247
2664,-0.8021509185744331,0.5878769422543046,1.2525569935203609,124,124,124,0.14945615663136066
10580,3.199016240102872,0.7578791921426171,0.8915477768675331,9,9,9,0.9487030800446344
307,-0.8493174532863184,0.5832445487060687,1.6291472437344627,72,76,87,0.4501232790584423
2663,-0.7642820227980289,0.5860036525030452,1.2919026732410883,124,124,124,0.8040694514495809
2662,-0.745007130351075,0.5651806156992316,1.3419752702672774,124,124,124,0.6963057738648286
7749,-1.3427047848482072,-0.8305703199531549,0.5208968903375681,105,110,127,0.4581429685692039
10578,-10.468101194100093,-16.337467886358855,-9.908574074570417,8,8,8,0.16732429919129763
305,-1.7483647353660334,0.595434058950113,1.580986498081958,74,76,82,0.46847302378439165
7747,-1.5361523655203362,-1.6416714079523145,0.8003722655966636,231,231,231,1.216079043527656
303,-0.9054103459255902,0.5841771110690566,1.628837780015735,85,88,97,0.20618577948981084
7746,-1.1492181002679267,-1.4290620308713429,0.9224548765435336,231,231,231,0.32963147202183
10574,2.8910252745306977,-0.8749940963056893,0.7935529598908173,0,0,0,0.44534205257641335
301,-0.9722538379873664,0.5842996735485988,1.6291495206116373,77,80,89,0.15901108522894727
5388,-1.4788098899351065,0.5848081496274722,1.3647069858492096,0,1,1,0.17703634850811498
2657,-0.7452149111751218,0.5864946285925665,1.1554823735862756,112,118,124,0.10506305879668405
7744,0.7693913731870481,0.7065021541018488,1.638787459334567,0,0,0,0.5781364117985467
10573,3.0453566214541983,-1.2169919913894451,0.8813506292719993,0,0,0,0.7906256887605304
300,-0.9963479020570118,0.5845042097699165,1.6288465210828527,86,89,96,0.20492053200455287
5387,-2.1704613060360654,-0.9454854155158738,1.2398147032740328,0,0,0,0.5152862852555733
2656,-0.9596396284795556,0.5852902226859382,1.3257303498186608,112,118,124,0.11043274099725257
10572,3.042767995506561,-1.2206822121302272,0.8812145441932085,0,0,0,0.5140650547294071
299,-0.9963479020570118,0.5845042097699165,1.6288465210828527,86,89,96,0.20492053200455287
10571,3.0293738223261153,0.7691141667264547,1.0585888981997562,10,12,14,0.050280167267289205
298,-0.8998490445444682,0.5854046736853229,1.6337864724057842,9,26,57,0.3907367353349635
7741,-1.1191764803100694,-1.322639865573222,0.924006863032806,231,231,231,1.994066122920941
297,-1.0261018160509328,0.5836896948380923,1.629873691495382,72,75,84,0.17844261189159474
296,-1.6479405175106976,0.5942734504127758,1.602370943661879,120,120,121,0.13163764331592187
5383,-1.0295031235877334,0.6078041790039301,1.6336522855597106,5,21,50,0.7037086426625229
2652,-0.9781864148139019,0.5811538106725098,1.6788764388902,124,124,124,0.16628428739708112
10568,2.792919283363733,-1.0562209819658719,1.343062230377248,231,231,231,0.6841615689192388
295,-1.759053836238421,0.5937321357873788,1.5973882957403989,10,21,44,0.3249629941696218
2651,-0.983906891686892,0.5791473757190568,1.6846042720849042,4,15,40,0.38601919237453314
7738,1.1534130029130467,0.7539438293904777,-0.047573844575179436,231,231,231,0.1751839279773923
2650,-0.9249647063441495,0.579734844202987,1.6969098933158402,4,17,43,0.3747211917236907
10566,3.2582782910643866,-1.746377729886666,0.8427869115769315,8,8,8,1.3189423689946076
293,-1.6360763511243008,0.5935474758132941,1.603199170790247,121,121,122,0.08571702836464187
5380,-1.2972782610368192,0.5978987344397066,1.7177952390893316,88,109,92,0.15272893040082783
2649,0.17033138172097995,0.7160346915118292,0.4062596098806137,0,0,0,0.7976908422014903
10565,3.0101019047571107,0.2581327238694626,0.8773696765565733,100,105,121,0.43263212731652423
292,-1.678364341817347,0.594311197780587,1.602877142403376,123,123,123,0.1827545896458989
193,-0.6787647163819384,0.584677309694027,1.5157449721359626,43,53,72,0.09962025745296861
10466,1.7386613140843867,-1.5369528846002862,1.0297528437265229,0,0,0,0.12204647728127743
2648,0.16839683954581686,0.714459336046114,0.40981387062977137,0,0,0,0.7186138492652167
7735,0.9690756785788,0.7427615087038142,1.0542599718648913,57,57,57,1.5071266254990114
5378,-1.5030685306287195,0.6582467794915294,1.7391001055007445,6,19,43,0.07861013939649153
2647,-0.5287064974544573,0.5861498542267194,1.1070418258027839,124,124,124,0.6826910009554691
7734,0.5480012632146319,0.7666880555494673,0.8479100199986312,29,30,30,0.4099267688314897
10563,3.006954345230529,-0.07300464577174537,1.072413050201067,228,228,228,0.30521792186584235
290,-0.6165638924967283,0.584284157509835,1.6604202665530523,73,76,84,0.26055191387788834
10561,1.9638365001393643,-0.8460136211097369,0.6388927937913513,95,100,115,0.33123290911436837
288,-1.8720464895898639,0.5942391192925227,1.6030706909559043,124,124,124,0.1886955141938845
7731,0.7167335888513536,0.7053453923641118,1.5765393416773716,0,0,0,0.4145299669984662
10560,2.942628502560019,0.566917386588383,1.3036595362810748,59,62,72,0.43629201431329323
287,-0.5929839805189752,0.5846132931016406,1.6656625191515755,23,26,32,0.2103733458627738
2643,1.1516242059868054,0.7660716334818956,0.8532067145176643,231,231,231,0.15133637824201226
10559,2.927684551463914,-1.6228144052836981,1.2965140270785096,59,62,72,0.5472847585219506
286,-1.7987873636163196,0.593940015461154,1.6186382149229814,122,122,122,0.4930808150161076
10558,2.803115297900307,-1.6056537858149202,1.3040381752039814,59,62,72,0.4404196652682201
285,-1.7842337862615398,0.6006669860039253,1.6233659663740023,15,25,46,0.40971773535708883
5372,-1.093994268541456,-0.8357655706867045,0.5099149957864375,119,125,144,0.17548764625053112
2641,1.2755474103323694,0.7514334015807445,0.9167846795720347,124,124,124,0.24241400324771067
10557,0.9495598887725393,0.7589105063953374,0.8629731697447842,29,30,30,0.7415836483638957
284,-1.7805907302901542,0.5948549769145246,1.6248711207255302,15,25,46,0.6661891913230894
185,-1.0359780419600555,0.5848517963301227,1.5051211388112102,70,77,90,0.17414030383098647
10458,-1.4944152418915486,6.509301168235098,-2.1027199636701743,9,12,14,0.8276622197651949
283,-1.8575453001880566,0.5931264419694622,1.6268546898100706,119,119,119,0.13466063557364988
10556,-0.19322127672248235,0.688131385879247,-0.030631778180320257,87,81,78,1.0122582589251645
2636,-1.0106968010319046,0.5754198807227338,1.6226840746812543,6,23,53,0.06977771361119384
7723,0.13133920963919987,0.7655518494954725,0.8489049194645321,29,30,30,0.21061081344552304
10552,-4.017405695268094,-1.7728879241757398,1.1927040364834007,231,231,231,1.421684721324437
279,-0.7901939644160754,0.5872189339313969,0.9046328949662731,87,88,92,0.2161878468748525
2635,-0.6827690653546452,0.5804968296824893,1.6210515263224639,12,31,62,0.0983428334604514
7722,-1.0506524364569345,0.4982677071464108,0.5575615919573946,106,106,106,0.4110957029186527
10551,-0.9906062712739954,-1.5251734278765494,1.0192851603489974,118,124,142,0.7093095739933718
278,-0.7903074347535668,0.5868236334687587,0.9049070258806009,87,88,92,0.26211798210004866
5365,-0.9728132123540307,-1.358350857154805,0.9779567776774839,231,231,231,1.3458367860228446
2634,-0.551325052093619,0.5849633099623555,1.630806864941196,88,91,98,0.20403073033215371
10550,3.339756869380426,0.6208039151055886,0.741159642665767,231,231,231,0.785148415105185
277,-0.7232044911531887,0.5872340927769732,0.9592810540916673,123,123,123,0.15710960229262733
2633,0.6509839591726705,0.7049712330933673,1.5488552464654795,140,140,140,0.6959503250791113
276,-0.7615756270258456,0.5870361486355369,0.9564962828196212,123,123,123,0.47131633933734307
2632,-0.9692454350385251,0.582063465904223,1.6845505475437124,4,15,41,0.10227374534056567
275,-0.7297320908225866,0.5889777290901235,0.9656383967173807,21,84,43,0.1777894340207065
5362,-2.145404949328526,-1.6318158911195249,0.5262445620119913,231,231,231,1.1774624263206648
2631,-0.9692454350385251,0.582063465904223,1.6845505475437124,4,15,41,0.10227374534056567
2630,-0.9616477099782164,0.5862344231604186,1.6892805931413373,124,124,124,0.16724826867737705
2629,-0.9616477099782164,0.5862344231604186,1.6892805931413373,124,124,124,0.16724826867737705
7716,0.5926733290785381,0.7172285032338894,1.4537472459789762,142,142,142,1.0339916897251515
2628,-0.8811927846650329,0.5847188233758069,1.6923873978187574,4,17,44,0.4828425360192098
7715,-0.5721252810502415,0.5829641057903223,1.3224734983540956,124,124,124,0.2074572276364385
271,-0.7432511727894395,0.5865084107438037,0.9714119539133927,27,75,47,0.23810015057797443
5358,-2.515978644376034,-0.22206619098009317,0.6227128097775709,104,109,126,0.264052100352732
2626,-0.3132502707825502,0.6057587713505153,0.0022875961682096158,107,107,107,0.37493155557688407
10542,2.112245218632992,-0.8926854757292371,0.9556813494815756,98,103,118,0.476767023607783
269,-0.7747874527089391,0.5865681987191429,0.9751304670869697,111,118,123,0.3984750129663794
170,-1.744462110386971,0.5921821724859038,1.5750170624469872,7,20,43,0.39712182060479884
10443,3.382178198203176,-1.6886242707809909,0.8272344065263376,8,8,8,1.5068536410614068
2625,-0.3107182308808134,0.6086834102698755,-0.004746562252042841,107,107,107,0.7244257587758308
10541,2.6530766509437136,-1.2096713414745004,1.2861197649614606,103,108,124,2.0186435148306083
268,-0.7427454008718999,0.586348236811725,0.9839517334572406,27,81,47,0.49497278285480256
169,-0.8250474567993331,0.5848577400054311,1.6336497157626455,14,31,60,0.0973066929922528
10442,3.277605021540671,-1.7404675887609828,0.8371583925189428,8,8,8,1.0383041279292677
10539,3.929307607103921,-0.4310678862097315,1.1269542077634553,0,0,0,0.5872266273893645
266,-0.6988010151790314,0.584221831602906,1.0823062884856962,124,124,124,0.2953414250891334
167,-0.5120156248443992,0.5827535192666029,1.6530425231673578,76,79,88,0.15345824391993032
10440,2.2326753335506364,-1.0032035906881263,0.12986508584123735,0,0,0,1.0463650386078587
10538,1.9012178625922027,-1.0051940562337123,1.126116870811272,231,231,231,0.6198834400937668
265,-0.7394513728523946,0.5861303362064849,1.0889294972812755,76,78,85,0.1498174321654916
5352,-1.5500640687421305,0.5989896900293692,1.2542878888379398,35,43,43,0.046410330388911784
2620,0.1702641745849678,0.7112798585014559,0.3221641711038292,0,0,0,0.3516532029704795
10535,3.507960397317983,0.7885055645281347,0.8977824542923427,124,124,124,0.4612423875661488
262,-0.7857891607484966,0.5888316636734248,1.0868047088568291,82,83,89,0.3796622332883213
163,-1.6235739208923623,0.5948892858786139,1.6017952907713053,116,116,117,0.09828179190074206
10436,2.7651239148834317,-0.1645408808157065,1.0015513710294055,61,64,75,0.861475961129231
2618,-1.003721231952913,0.5811895998201317,1.267967734419076,124,124,124,0.14326987051497725
10534,2.7646272846961724,-1.3281692347549408,1.3278101397903848,98,103,118,0.9766459106633816
261,-0.8052102574110487,0.58667028168423,1.0900697330684954,68,70,77,0.2339636275287637
5348,-2.278491846807928,-1.0538477341537336,1.2358019741731634,0,0,0,0.6584418597745828
10533,4.000361550050577,-0.4807042560010982,1.1455854228403743,0,0,0,1.656729060368567
260,-0.7878975708311526,0.5873716931372595,1.0947000674194358,123,123,123,0.3276993567420606
2616,-0.12203612652747431,0.7618674687400486,0.9444104766476459,57,57,57,1.0790216685858183
7703,0.052285786064319106,0.6920821731608078,0.439334632581851,0,0,0,0.7755019255666467
259,-0.5603960243562973,0.5861766934861163,1.1592409298583992,57,63,74,0.3073116223653364
5345,-0.9769879299340127,0.5849343128546649,1.6129384154844275,76,79,89,0.0661017931816727
226,-0.9897340046658734,0.5857385178765364,1.2811588967138614,124,124,124,0.27401225650830574
5313,-3.0961472075337366,-1.5789642072740055,1.1809696460654,231,231,231,1.476210773015013
10400,1.2623797094507605,0.6770225015822009,1.2044562805487609,0,0,0,0.9953128334594188
127,-0.5017847314086319,0.5802638089937178,1.074864322145381,97,100,104,0.3573276840071541
5214,-0.9665801572939343,-0.9076667836410912,0.9581157905987513,114,119,137,1.5055132916224139
2482,-1.0459758790415017,0.5846253689318555,1.5264181967853927,26,35,53,0.10505757317813957
125,-0.5177463848560107,0.5864847919743021,1.0709021110305526,100,102,107,0.13284963851117243
10398,3.1705774736941805,0.7626154289044229,0.8924666630738545,216,216,216,0.2687307122570631
10497,1.9886716483086788,-1.7539651171750772,0.8700723118818049,0,0,0,0.12899478911571013
224,-1.6169953946776916,0.5953823739295148,1.2011634549820929,64,73,73,0.6474390632568039
5311,-5.303598108989238,-0.8382510283378739,0.9304758808236948,179,179,179,0.6060382511366762
2481,-0.8191834791409418,0.5843844694758731,1.523345455656678,92,98,109,0.06178401824600991
124,-0.5177321466841531,0.5863991010993486,1.0709446386753088,100,102,107,0.13418865283620487
10397,3.2666329043802964,0.7595476844724511,1.134602882885533,10,14,13,0.4472085294024794
10496,3.333988781938089,0.6275906951680299,0.8823844537257021,114,120,138,0.6292113133872624
223,-1.6169865141786612,0.5953289302395739,1.201205162891661,64,73,73,0.5588745036803934
2480,-0.6699338935995525,0.585533261380254,1.510065704480636,41,51,70,0.17043092650734626
7567,0.5993778166619852,0.7086921426521964,1.7405275251585004,142,142,142,0.5420782931088572
2479,-0.9121308445600604,0.5839601388245808,1.5968168571289607,19,34,63,0.11427039951026058
7566,0.8102084891478996,-1.516795862717731,0.6753074738721139,8,8,8,0.10955061385788717
10395,2.811160871592593,-0.18611095902236247,1.087608426981809,65,68,79,0.8757640882001835
122,-0.5324893146197538,0.5853455247361745,1.0721654162025787,102,104,108,0.26633360604215667
5209,-1.0780490582829967,-1.431548584481476,0.4458709325299639,231,231,231,0.31464162115879246
23,-1.810926090875046,0.5941030549648385,1.5731752836818669,8,20,43,0.1800519163746547
10296,3.2069725071681345,0.7327804322753899,0.9079720585998902,230,230,230,0.4266490979059338
2478,-0.8964527685504202,0.5844987249182956,1.5967088607593756,18,34,63,0.04682883842641361
7565,1.1652722118748826,0.7584771040406322,0.8962203858089615,7,21,43,0.4131698609981905
5307,-1.639128197696074,0.5919071997085166,1.6006506297656726,93,93,97,0.4533809959657901
10394,2.899925581497776,-0.8719645588366927,1.1595010893313007,109,115,131,0.8974231878743691
121,-0.5371874874952014,0.5872334434153053,1.0899963369092645,62,65,73,0.13225248271885057
2477,-0.9128758000764519,0.5849463348788322,1.600334331121058,17,32,62,0.07590978480685853
7564,-0.3172330847337723,-1.7312696433937678,0.43882358811501687,8,8,8,0.7658370085037559
10492,-2.5362496942944825,0.031043970958665956,0.7654870355257364,0,0,0,0.14076888272848256
219,-0.7163883211633073,0.5853588868037807,1.3602383377955576,13,74,41,0.06342567183629842
5306,-1.7940899469320688,0.5956657850917897,1.6198001311548356,91,92,96,0.1249729743185925
10393,2.45684848337648,0.08788353957629247,1.2759652075720815,118,124,142,1.6663909642458563
120,-0.5372578823780145,0.5873579307016403,1.0900144329267598,62,65,73,0.17376906008900928
2476,-0.9060109472066222,0.5851176788691588,1.610934629774494,82,86,95,0.021169318635265947
2474,-0.9648022344046612,0.5835837824709575,1.617461736143726,11,27,57,0.1672251435795454
7561,0.09274503763750319,0.6808885553135773,0.4466368135346048,143,143,143,1.0942271801532162
216,-0.9545010721920786,0.5838650571658999,1.3327167598599399,111,118,124,0.45947867415885674
5303,-1.0000738551200503,-1.2951923083368142,0.7184181717011884,79,83,95,0.21203269235681052
10390,3.210507797235958,-1.7372088492336606,0.8880444991296449,11,11,11,0.6902525674563265
117,-1.0076508821608616,0.5872677680395577,1.0700214850617191,98,101,105,0.1918578291756101
5204,-0.9695441489031724,-0.8655017408530501,0.9881869644481396,80,84,97,0.6152446543874499
18,-0.6176925674498719,0.583167581181933,1.6431889701888784,3,5,6,0.3118654116556551
10291,-3.6266492301109765,0.7200206890185763,1.089198312718501,231,231,231,0.46042705144201995
2473,-0.8803715046720177,0.5836055108591505,1.6129455349324278,17,32,61,0.13735201656420543
7560,0.0868490400681361,0.6854732549795672,0.4405984172791355,143,143,143,1.000702791237241
215,-0.9471236026449712,0.5847892957521659,1.3421774173776357,112,118,124,0.2889875804245759
10389,3.0674216077220446,-1.5550456829075885,0.9757901415890138,228,228,228,1.0894341150834528
116,-1.007631573870634,0.5873214711526877,1.0700528284166695,98,101,105,0.20113106816950613
2472,-0.8803715046720177,0.5836055108591505,1.6129455349324278,17,32,61,0.13735201656420543
10487,2.8292615246477544,0.2836396125017595,1.0329117361278422,92,97,111,0.8375210056637352
214,-0.9674810037181065,0.5888421558865125,1.3395874928013247,120,122,124,0.9869921086554444
5301,-0.7844045190317699,0.5854212431382542,1.073229872783592,92,95,100,0.2312841151070899
10388,2.815277951724144,-0.17876121484627921,1.003845573956045,65,68,79,0.7549753229778339
115,-0.7559925619542822,0.5864972373210473,1.1281393395373014,78,82,88,0.15327531442789855
16,-1.8002159866649676,0.5970641189845207,1.5817039580726426,11,22,44,0.29008622418232166
10289,-4.0680513573041335,-1.7257865786524464,1.9701348083835741,231,231,231,0.684005451289588
2471,-0.7632858396219606,0.5835870685255669,1.6125358524984499,21,36,65,0.06692720900767295
7558,-1.738692004713839,0.5912402661731744,1.2397830795112679,1,1,1,0.16724773279980848
114,-0.9526564931677717,0.5875613154490862,1.0881144548892285,82,83,88,0.20514274081001035
5201,-0.7813958891643349,0.5866030550629346,1.6207869154726244,13,31,62,0.03041106696974927
15,-1.8756430231576107,0.5938004366310543,1.5791753663193906,95,97,100,0.37795675193164785
10288,2.8921274020213104,0.2533563943517232,0.9109721505455305,5,5,5,0.46930280720492323
2470,-0.763044713847707,0.5822827224344618,1.6131153174558783,21,36,65,0.32627744149867616
7557,-2.6464693386222184,-0.892167428430057,1.2156814739652573,67,67,67,0.8290212260391637
113,-0.9723216588194741,0.5865827065201283,1.0897668721094806,76,78,83,0.08859404985431667
10386,-1.763682364171311,-3.6366036814805174,-1.657632191649177,0,0,0,0.478728177277709
5299,-0.7511054286571843,0.585816458631806,1.2563452433764226,95,97,102,0.03536369222024722
2469,-0.9315059339286909,0.584258250037025,1.6312752136385538,92,95,100,0.033747529485452406
112,-0.9723216588194741,0.5865827065201283,1.0897668721094806,76,78,83,0.08859404985431667
5199,-1.0880263137216528,-1.328510209344533,0.4604770267387768,94,99,114,1.5919104208686092
13,-1.8516843136553458,0.5941366023953873,1.5803693246819421,86,87,91,0.1624425571481429
10286,2.8456110252404487,-1.3232452022763377,0.9912322786264695,84,88,102,0.7026786469723021
2468,-0.9248531087277625,0.5846165393025076,1.6324058788347429,94,97,103,0.049889515295596466
7555,-5.3297502573494135,-0.7467595820265742,1.0629170883179195,200,200,200,1.4336436541754798
111,-0.9413558590380973,0.5870063268922423,1.1192149537462577,31,66,52,0.23527971529941802
10384,3.7440762821773426,-0.6889129434143768,1.1281281114341057,0,0,0,0.6696091483751928
10483,2.8488265488897144,0.20863857288919085,1.0909273747929729,111,117,134,2.0650711656705534
210,-1.4312027518208148,0.5949338142771663,1.2828989862386917,40,43,43,0.12541607681642963
5297,-0.7554372591678136,0.585596577914691,1.3129254997856292,18,58,46,0.06996185879687937
2467,-0.9248531087277625,0.5846165393025076,1.6324058788347429,94,97,103,0.049889515295596466
209,-1.4993892869077556,0.591877044959074,1.2770661378156714,22,26,27,0.7107675456822137
5296,-1.7351789982233563,0.5965879221179435,1.305576446061464,22,27,40,8.951642603892331e-05
10383,-0.2917303451044049,-3.2119418541323177,-1.1892816014116612,0,0,0,0.018342004432542643
110,-0.9413558590380973,0.5870063268922423,1.1192149537462577,31,66,52,0.23527971529941802
11,-1.6190343647895342,0.5954558166444877,1.605824725509519,65,67,75,0.2019518509684108
10284,-0.33478617568950386,0.5882484822723124,1.2055927216568367,106,106,106,0.7946734573795103
2466,-0.8465801982340722,0.5840854865214975,1.6271259226973398,82,85,94,0.034849924410440984
7553,0.8019867955647764,0.6714013941268384,1.682900426010586,0,0,0,0.14964651421820685
109,-0.9399956689504303,0.5867773625355894,1.1289940942970653,121,121,121,0.31799344828656734
10,-1.6190581028844098,0.5954890695810444,1.6058008023234605,65,67,75,0.19534354887805017
10283,3.0138188629393206,-1.4590629309276857,1.0364511531280756,0,0,0,0.9007094422675307
2465,-0.8465801982340722,0.5840854865214975,1.6271259226973398,82,85,94,0.034849924410440984
7552,0.8019867955647764,0.6714013941268384,1.682900426010586,0,0,0,0.14964651421820685
10381,3.376851192248753,0.7599397962982515,0.9384026392788282,9,11,14,0.3767478862537494
108,-0.9697468408801746,0.5859497586951432,1.13496228300441,123,123,123,0.1288546999666088
9,-1.799584102932021,0.5953963306656569,1.6020836819445559,121,121,122,0.029918022566137892
10282,0.7381978400211999,-1.597007282930363,1.0252871431204649,231,231,231,1.9001563732814948
10479,2.744953355562135,0.24555529403358367,1.2413387104446976,62,66,76,0.6579476582107558
206,-1.5407262350359514,0.5950831077795629,1.2894281376693928,13,15,16,0.37943074308739294
10380,-1.0822999118406638,6.731288986180704,-2.3115251857607855,9,12,14,1.129343216472773
107,-0.9693964993898052,0.5864291214359103,1.1460169080438853,123,123,123,0.13241659621674626
5194,-0.5798250584484865,0.5925130942434749,1.5025881149126548,74,80,93,0.16144491955499018
8,-1.7483929681511627,0.5939438053175392,1.606997397239053,39,44,58,0.16078663118414813
10281,3.0138188629393206,-1.4590629309276857,1.0364511531280756,0,0,0,0.9007094422675307
2463,-0.8477555775341075,0.5835625984245427,1.630902844669001,80,83,93,0.06773967500191476
7550,0.9487090488677798,-1.1948197197324124,1.0296242349233007,8,8,8,0.15081974597970732
5292,-1.0092562593697938,0.5841857369092216,1.6780309333505523,4,23,39,0.37407918472036833
10379,-1.0822999118406638,6.731288986180704,-2.3115251857607855,9,12,14,1.129343216472773
106,-0.9693885304515795,0.5865164046968718,1.1459590211185242,123,123,123,0.1321263726384867
5193,-0.8141539838416705,-1.751819072753534,0.43967945322849866,8,8,8,0.28898500975541275
7,-1.849796057942085,0.5943482361083443,1.6029472547284325,16,26,47,0.29064068633871165
10280,2.9378917465004277,0.2523949416330905,1.186919425172332,74,78,90,1.2203432317822906
2462,-0.8056138790014598,0.5843835843356024,1.6285767821264792,17,32,61,0.05833791132987116
7549,1.1153325483207377,-1.0184831671489816,1.2234287532210466,8,8,8,0.26032783983076235
105,-0.9864445001630897,0.5861697144963347,1.1441599761494494,123,123,124,0.28064108580784725
10378,3.079358226640059,-1.3761646392623008,0.8927820092573003,228,228,228,0.6444508913322526
10477,2.6894404327766823,-1.3102207120445657,1.2422291881029657,231,231,231,0.5931380563142795
204,-1.7595219213924116,0.5932564404696117,1.2893785345350754,39,43,50,0.29955075917368434
5291,-0.9986507253162737,0.5847243492785683,1.6804850165526306,4,27,40,0.09260357348985145
2461,-0.7484997174901231,0.5843915532221491,1.6270198076452562,80,83,93,0.03385013877737451
7548,0.994778911545742,1.2643188963450682,0.5115735606791036,9,9,9,0.03549664804018572
104,-0.49936627546015555,0.5858803631384337,1.2569386002106104,98,101,105,0.2287509777607676
5191,-0.8143405339930352,-1.752015331797246,0.4486760238561214,8,8,8,0.399278159355829
2460,-0.7788078835156615,0.5840465318514683,1.630462067655913,75,79,90,0.11673306511336708
7547,1.1368451400038042,0.7856670915400565,0.8604070972425268,9,9,9,0.30940915562913923
202,-1.3888863542330863,0.5958266947630131,1.3371871784426228,49,58,58,0.34041398394756217
5289,-1.0107067590692091,0.5843537312033746,1.6881339256658388,4,20,39,0.006855883880995022
10376,3.0621110395862403,-1.3924316470667253,0.9562268371471796,0,0,0,0.07945567106194246
103,-0.986934749473813,0.5860328494169078,1.1638146399233076,124,124,124,0.22666830315402353
2459,-0.45421172326748627,0.5841070720343324,1.622812298567462,97,99,106,0.18135849204459606
7546,1.1275889779007642,0.7877990481454538,0.8594212086735993,9,9,9,1.0912102687151273
10474,2.8879954192450703,-0.9097145478735296,1.3661785082891542,231,231,231,1.2560522520545274
201,-0.7390208127340476,0.5848422703130747,1.4251028735599858,56,60,70,0.1653761425219344
5288,-1.0219739730184578,0.5842915242210243,1.6922369135021105,4,19,39,0.013708134176117756
10375,3.022869513375928,0.24593666276806148,0.9485940221113077,109,115,132,0.8938022052747959
102,-0.7186294595388629,0.5854490598347957,1.2573567464878086,94,97,102,0.2115067462039191
5189,-0.4794338858286946,0.5820796358886946,1.673869556000207,1,2,2,0.7727012539809867
3,-1.8370557859492354,0.5939325268904152,1.6161673820564595,74,76,82,0.11237542621160516
10276,2.965566960000067,0.5661410524760022,1.1531315230272563,112,118,135,1.45169676016857
2458,-0.5837304926177946,0.5842931885442793,1.63474416637375,88,92,100,0.20748539266929328
7545,-0.19598211914167152,0.7227536254891294,0.0047206380705895334,43,42,42,0.5131080313718422
10473,2.886907142220035,-0.9081116241957048,1.3659814169323532,231,231,231,0.49503159145695874
200,-1.386874092027103,0.5961526659899907,1.3451727849139894,20,24,25,0.4395590248228619
5287,-1.0219739730184578,0.5842915242210243,1.6922369135021105,4,19,39,0.013708134176117756
10374,-1.4130498123952764,6.326231546936814,-1.7114767260583794,57,57,57,0.07918236267360541
101,-0.7186294595388629,0.5854490598347957,1.2573567464878086,94,97,102,0.2115067462039191
5188,-0.521413691627505,0.5833808601046373,1.3579493362902337,124,124,124,0.41961349325310227
2,-1.7625474588257823,0.5984051308253535,1.621018031893503,21,30,48,0.33410753536193843
10275,2.8688441468127404,0.24715777995675414,1.1040729457998255,64,68,79,0.6233070465064239
2457,-0.6220560162284428,0.5888762124576516,1.6392530106737386,80,83,89,0.10730976659195687
199,-1.369201852666858,0.5940396305894275,1.3492611697226482,58,66,66,0.1926815525003457
10373,-2.5711501918894633,0.03371238331150461,0.8240032283509546,0,0,0,0.39926508464286997
100,-0.6813091886921794,0.5853944912088129,1.2755045428610141,75,77,83,0.23009034395050657
5187,-0.45475918482519573,0.585525960966385,1.359956998647587,124,124,124,1.1162496805899298
2456,-0.5441480977824509,0.5837838545605032,1.6468676550355146,108,110,115,0.08345293561773648
99,-0.7823239044527064,0.5832620696536592,1.2584981591562348,99,101,105,0.8466136679020041
10372,-2.566263889400895,0.03209039505557709,0.828106290528164,0,0,0,0.3065259558080767
10471,1.026719944299252,-1.6073617779228517,1.401409819670275,102,103,107,0.6407503049215615
198,-0.5673540199338216,0.5847956032291686,1.5044231490794826,71,78,90,0.3000704662216585
5285,0.7696829716121315,0.7232159859719878,1.475985267585893,140,140,140,0.4863807130339749
2455,-0.56074585516187,0.5832652084249064,1.64926924261802,68,77,81,0.10725386280931573
7542,1.0255667823882795,0.7481699381917657,1.0372108805229772,57,57,57,0.42995497094002494
98,-0.7823803123536641,0.5833628102752022,1.2584104481375422,99,101,105,0.7711200533839976
10371,2.459248267548343,-0.8113558015136475,0.8130282158251114,59,62,72,0.8216166911617587
10470,1.015150686928013,-1.6307396486852177,1.4500314823468403,158,158,158,1.2324533556408879
197,-0.5743006162598214,0.5838999136166114,1.5049242210436784,69,76,89,0.1396833344745125
5284,-0.5303653202630945,0.5857163104564718,1.1245435987468875,107,108,108,0.839294610686835
2454,-0.9580474557677481,0.5839925252599274,1.6944858709551456,5,17,42,0.03812355334301758
97,-0.7889323425577408,0.5873973791600695,1.256015424540221,100,102,106,0.2732733858492062
10370,2.993480372364121,-0.09762586780092752,1.0929027471025967,0,0,0,0.6079583970562927
10469,3.5077502576456823,0.7604963881128606,0.9068061450022495,10,24,43,0.13860240278923364
196,-0.725404986994771,0.5842812577094227,1.5047481692193208,68,75,88,0.18542157313818075
5283,-0.5002451327411175,0.5860922154242993,1.1226553930152052,16,38,40,0.17134176395336725
2453,-0.7716990799919698,0.5912937957137403,0.9670199018116615,92,97,104,2.215912298481902
96,-0.7889323425577408,0.5873973791600695,1.256015424540221,100,102,106,0.2732733858492062
10369,-2.580975274400567,0.06199435204551362,0.8517653829970433,0,0,0,0.28343966607943705
5282,-0.5301234202542093,0.5888936376403653,1.0697502756304438,102,104,108,1.6768078340691723
2452,-1.0061076546998855,0.58640652034632,0.887034700822319,100,102,106,0.16736540072596745
95,-0.6873470349388624,0.5868814000931231,1.2797408833336341,122,122,122,0.2526676561053422
10368,-2.5732265370515726,0.05777721873911035,0.8574366569820073,0,0,0,0.2024948519539739
10467,3.4982050646256826,0.7570687769491968,0.9096098379095764,123,124,123,0.2564104068881239
194,-0.6787413178020136,0.584684299179838,1.5157609596382535,43,53,72,0.0863342642475955
7537,-0.9882392216658684,-1.213289677450242,0.806396126147296,75,79,91,0.3683541295656739
10465,3.332497646633275,0.6294915443088722,0.8816947377620239,114,120,138,0.6405147729759587
192,-0.7892771595779213,0.5838676850142652,1.5051846543743799,69,76,89,0.13613525604294513
5279,-0.5516326387539192,0.5850106180255275,1.1468000172090735,113,113,113,0.2530632916077818
10366,2.7394141816128807,-0.20488345953861214,1.0040913042694497,70,73,85,1.1477152944691955
93,-0.9115074720997285,0.5862758446098251,1.2565442578895438,95,98,103,0.3239315922478651
5180,-1.9374893615335012,0.6340726095972304,1.6641798561561172,6,19,43,0.4307391818610862
2449,0.7494293160103662,0.7045628190363549,1.53273001561637,0,0,0,1.2537034490099639
7534,-0.9481727788261582,-0.8589789396165969,0.9816540742886605,78,83,95,0.6262582299897425
90,-1.7499559281203316,0.5968583793417659,1.1186116006200644,4,6,5,0.3051120251546323
10363,2.9543958257744993,-1.3888091545494141,1.1422721042027533,228,228,228,0.5539579451221643
10462,3.3899907481376723,0.7609347456462314,0.9532357028552897,9,12,14,0.14280772457274085
189,-0.7958693521484319,0.5848997484733498,1.5222585275191296,47,54,68,0.19689778064993516
5276,-0.5266172746416615,0.5854509563738555,1.1542550899027955,112,112,112,0.34674399152668856
89,-1.7499683371603063,0.596743620355175,1.1187125599433574,4,6,5,0.29605377649043946
10362,2.821271382380213,0.5867548213222791,1.2822157506006593,57,57,57,0.9160825325585904
10461,3.3899907481376723,0.7609347456462314,0.9532357028552897,9,12,14,0.14280772457274085
188,-1.0102140659132575,0.5858547766952056,1.5048188453456683,71,78,90,0.29355728714528273
5275,-0.9627330434809198,0.5867417606119327,0.9052334597698917,79,81,86,0.3274272183479081
88,-1.7628848505505528,0.5961955375188477,1.1162453351632984,61,64,65,0.12508884242552412
10361,2.8141833372231186,-1.6427842109362976,1.2715153614752124,231,231,231,0.5711373479492368
10460,-0.8462088740345401,6.512930691148034,-2.3623890362276128,9,11,14,1.0055965501970603
187,-1.0104415050365159,0.5864765674417673,1.5046095974976033,71,78,90,0.3076302193082668
5274,-0.9627330434809198,0.5867417606119327,0.9052334597698917,79,81,86,0.3274272183479081
87,-1.76240935021363,0.5954993556894663,1.1166798026002676,61,64,65,0.09634344455587497
10360,2.8014768224667286,-1.653396596152443,1.2696844129391254,231,231,231,1.0896624107211839
10459,-0.8462088740345401,6.512930691148034,-2.3623890362276128,9,11,14,1.0055965501970603
186,-1.0359780419600555,0.5848517963301227,1.5051211388112102,70,77,90,0.17414030383098647
7529,-2.5550393896998487,-0.0008653578351560665,0.7936726286479994,0,0,0,0.20782768182771677
85,-0.9945832264487686,0.5850149492261527,1.2581525725537317,94,96,101,0.17992617141570008
10358,2.9403096098500687,0.5518962270481467,1.3424368270772824,59,62,72,0.4437266753679565
5271,-0.95048080530169,0.5854364754767043,1.1222259507597006,109,109,109,0.2873375374608124
82,-1.7546279211797442,0.5951566434143365,1.1322878940301186,2,66,19,0.14156892300647725
10355,2.793813008072787,-1.1020389375069723,1.3437423093545071,231,231,231,1.0167655090743166
5268,-0.5422007368930215,0.5865534312449614,1.159601756940138,50,55,64,0.43084661804285135
7524,-0.6092607789011346,0.5961273174644786,1.5194356529270083,72,79,90,0.10409117803639027
80,-0.9609139315543294,0.5864028740738239,1.2732072239740377,73,75,82,0.219842405999844
10353,2.8150132630175624,-1.1267959204173765,1.3484148353792014,231,231,231,0.14975361543591179
179,-0.5434120198525858,0.5838529040278981,1.6179750019590735,4,5,8,0.17978638812994527
5266,-0.4850914520301377,0.5849627622107849,1.1124923677634553,110,110,110,0.24975922213271112
2436,-0.7828300577999379,0.5841747741302172,1.5055823252814797,72,79,91,0.24850883586562653
2435,-0.9645163771871408,0.5636212708116524,1.1728974529830412,88,90,94,1.2639127371468875
78,-0.9709844574455047,0.5859994828616788,1.2745752926953124,66,69,77,0.12122293717502564
10351,2.761657927726944,0.09575507206358391,1.3665078447403982,114,119,137,0.35559158500392796
177,-0.7904605791027648,0.5807773632159923,1.6079144733558919,16,34,64,0.38656340045737725
5264,-0.9465821035841424,0.5855393327143192,1.1292235636821475,21,53,42,0.5772161168998502
2434,0.6248739231577801,0.6953792801273275,1.4832897991451706,140,140,140,0.5888303451455871
7521,1.1143655471802278,0.7529399144797564,0.8522507945065975,231,231,231,0.640445580398274
77,-0.9709842178388723,0.5859931094072046,1.2745494526909928,66,69,77,0.12305073602654734
10350,-1.990132117537991,-0.919491920423235,0.04847936214481874,107,107,107,0.5332937214818115
10449,2.83292053582079,-0.8642790266764572,1.1716410154930204,59,62,72,1.0503693454528438
176,-0.5791041506696111,0.5845625896211653,1.6270997713499453,54,57,66,0.23623548673117356
5263,-0.9636932474543523,0.5859230537628122,0.932538037697849,113,113,113,0.6787470216381795
2433,0.6248739231577801,0.6953792801273275,1.4832897991451706,140,140,140,0.5888303451455871
7520,1.1143655471802278,0.7529399144797564,0.8522507945065975,231,231,231,0.640445580398274
2432,-0.5881176738200802,0.5969776341153612,1.5163159175578258,65,71,84,1.672108416372767
7519,-0.30415525935720433,-1.749123624845545,0.4196504366485454,8,8,8,0.017692323894316755
10348,-1.9325804626682612,-1.5913537016310095,0.21375260236130944,0,0,0,0.44512373507164243
75,-2.5795075019904927,0.5715741854931926,1.0246760530285575,230,230,230,1.3148779022246952
7517,0.18534278185341435,0.6969841546243416,0.3371278965253055,0,0,0,0.9041176034333096
7516,-0.31410562192680547,0.7050671495465726,0.03222518138938102,231,231,231,0.4662876185040906
7513,-2.4864480819636356,-3.108405183257283,-0.06919544873892525,8,8,8,0.1017834030842961
69,-1.813866150576,0.5952165240986382,1.1605579875117402,7,17,35,0.3117721451207679
10342,3.258486833199564,-1.7737969121509203,0.8573332871204945,8,8,8,1.1650737005699041
168,-0.5048482073986258,0.5835044963541747,1.6522072035121518,70,73,78,0.1795729038077756
2425,0.639788239057107,0.7091766713268854,1.5285055823112952,0,0,0,1.527986995644956
2424,0.6691785411005942,0.7058835136192798,1.5582011175263544,140,140,140,1.6904199682934524
67,-1.7224666316843655,0.59654503489406,1.2090171286323952,55,57,58,0.37642319916987665
10340,3.252863150813977,-1.740113268962238,0.8709965474170497,231,231,231,0.3409896355185045
10439,3.098944195595004,-0.2292902371138683,0.9549686953502527,59,62,72,1.6734640441883732
166,-0.5145982897493446,0.5854750109533071,1.65730999914121,2,3,6,0.4451758012072325
2423,0.6753044085888977,0.7069785961832304,1.5569929679110135,140,140,140,1.1192549535368401
10339,3.2502243399733786,-1.7441228368443757,0.8677894149663228,231,231,231,0.7021693838832107
66,-1.5349687079360113,0.5959322965030867,1.247281407672396,57,65,65,0.17431887809869956
5153,-2.5756064521426105,-0.02887523661269309,0.8404690452868717,0,0,0,0.43431282113666586
7509,-2.099902788804054,0.24138845714951573,0.6061567269586334,97,102,117,1.441065924650077
10338,3.237795634404988,-1.759388980377741,0.868035189852086,8,8,8,1.0341387166272127
65,-1.5747534295366599,0.5958790682689512,1.2409982674868811,20,24,25,0.22479191482340516
2421,0.6878123500911427,0.7080609213561169,1.5815260051547138,0,0,0,0.9716253779866091
63,-1.8302853590581378,0.595726246662662,1.2299472607017705,66,68,72,0.12407425991679759
10336,-1.4962191032115193,6.500723381654895,-2.6388436490940372,9,12,14,0.39262595337516504
10435,2.9317667985469464,0.16870382696481145,1.1706260208385788,111,117,134,0.24513203819001678
162,-1.7027549892822615,0.5940964518881333,1.602582291867187,121,121,121,0.23232924215151265
61,-1.429162749459568,0.5939208680316574,1.3179518932701553,39,50,49,0.18564376070858046
10334,3.046029590047672,0.6188868401785446,0.8849170620436607,5,5,5,0.5182216544647096
10433,2.950027177162315,0.31372059956900356,1.37885497959848,116,122,140,0.20579032942700062
160,-0.6063553199277516,0.5848211058912776,1.657873472910742,0,0,2,0.13969114908783778
60,-1.429636609385326,0.5954793837976649,1.3173482774959304,39,50,49,0.12381563466994809
10333,3.044992729854803,-1.6644177674736271,0.8808082173230131,231,231,231,0.522546710552909
10432,2.790824000443964,-1.1282741084080283,1.3428552535988048,231,231,231,0.4079304682320524
159,-1.6285682572341131,0.5941013652816827,1.6082438957406804,13,24,45,0.4298141814669278
7473,0.7355635890136359,0.7596452604153117,0.8675539188876722,9,11,14,0.3952092181886432
29,-1.7950262265066153,0.5943365587998752,1.565969291636352,70,72,79,0.3110656857198329
10302,2.785636924729837,-1.3447638147024088,1.3112960534385016,231,231,231,0.33612691048497634
5215,-1.0339933103636914,-1.263600100558532,0.5908630424738035,59,62,72,1.4939214203422804
10301,2.785636924729837,-1.3447638147024088,1.3112960534385016,231,231,231,0.33612691048497634
28,-0.9520095278037077,0.5845766898077607,1.6156498286352283,75,79,89,0.15151183781663713
5115,-4.220165993543272,0.670647783027138,1.2424423580695216,231,231,231,1.667358087736832
2382,-0.507860208351248,0.5860658818552558,1.1542434841514189,124,124,124,0.29424698774921143
7469,-0.28633924275171685,0.5684457316012717,0.029532501627484997,87,81,78,0.6452004164868597
2381,-0.7743924702707621,0.5855888276986931,1.3019744418178383,21,80,44,0.044798684025257184
7468,0.1773319082639202,0.6990672669197084,0.47668313216799807,0,0,0,0.46311722148427736
24,-1.8304319418691182,0.5941127298606526,1.5682781504860897,83,85,89,0.2575000525040089
10297,3.2664749565554043,-1.7314217373497272,0.8454634487493857,229,229,229,1.5180118614994247
2380,-0.49332410983861874,0.5835340977381112,1.2663081975797685,124,124,124,0.36605964901789445
2379,-0.7658229420722136,0.5871595305679285,1.3586164571566304,124,124,124,0.16407808267643342
7466,-1.07142851245354,-1.2532985189102828,0.6344897588406131,106,112,128,1.3794659502175373
2378,-0.7453194273871238,0.5851740708991164,1.3720440091957429,21,79,43,0.07666408569657882
7465,0.6009917298430729,0.7285911858647101,1.5135048132020656,0,0,0,0.09975630816193679
10294,2.6069033195211295,-0.8319869996147077,1.3191923953014877,231,231,231,0.017104061427915457
21,-1.6986717296425464,0.5934299934441958,1.5804712380424204,87,89,94,0.08278971719439177
20,-0.5335460735544668,0.5842446024118861,1.6473603990897092,54,57,64,0.2877582035881912
5107,-0.9939032242998507,0.581194672643556,1.2674571810218724,124,124,124,0.06608361460125105
2376,-0.7959161732098705,0.5842811453098369,1.5223392637169826,57,63,76,0.10980430627726404
19,-1.794776255900607,0.5937575304536151,1.577928426859308,72,75,81,0.18986353233123823
10292,1.4142014484193968,0.6544778771652144,1.1405163729293912,0,0,0,1.4188186069329973
2375,-0.9723233525171948,0.584954332188623,1.6765604467102175,124,124,124,0.025130829719802426
2374,-0.9347903046688981,0.5903153245252148,1.6754492024531393,124,124,124,0.13091826316430133
7461,-2.7224398032956523,-0.1120293813678171,1.0737740231650323,72,76,87,0.5015660943578719
2373,0.6700440870389592,0.7018722787960467,1.5755143703128016,0,0,0,0.19992466175030085
7460,0.8913590677502313,0.7564258527054657,0.850601835591574,29,30,30,0.5820330169837663
2371,-0.9832618585073143,0.5862369283222955,0.8960197775244543,124,124,124,0.22948461001736228
7458,0.15233680537840244,0.6977744354193394,0.42554444309778305,143,143,143,0.35119878106664376
10274,2.8569546832230426,0.2541670666454062,1.100793394631045,64,68,79,1.1589817392962354
1,-1.7604828730361541,0.595802987834751,1.6216750033853695,21,30,48,0.2699993792556449
1110,-0.5535456051346634,0.5842221849927092,1.5140438492959918,94,101,111,0.31063999314319773
6197,-1.3592786959067604,0.5875438605416143,1.4145732233983577,66,68,68,0.09146604005869761
2360,-0.5470881779304748,0.5849622702422703,1.5051759093732646,73,80,93,0.27473215392622646
7447,-4.951704694311655,0.7075145784386039,1.1810263431070274,231,231,231,1.0786551577750096
2361,-0.5859792310301608,0.5877653791168569,1.5040703272278608,74,81,93,0.04665774182089982
7448,-6.005979554105503,-0.5488725634634191,1.0613407139739275,231,231,231,0.6752995241950515
10277,3.3691531981666083,0.6184576597651583,0.8554280172130615,119,126,144,0.7357989786973643
4,-1.748774496903419,0.5938743507864301,1.616072392048598,70,72,79,0.08921174978885908
10278,-0.9638814424793338,-1.1976708007477495,0.8053298938979028,34,36,42,1.0181418331969565
5,-1.8362382700152593,0.593753463593732,1.6072728138691557,48,52,64,0.10905831763214507
5092,-0.4875369484406935,0.5846956181143828,1.6414402702518114,8,10,21,0.07203405493149909
2363,-0.5279778761166394,0.5887025090366675,1.3563382581917038,124,124,124,1.4815161194701285
7450,-2.6610059296983306,0.7322276134318153,1.120310584208979,231,231,231,0.19892287265102526
2364,-0.5499181518021872,0.5881046650195871,1.3369946957632575,124,124,124,0.18620361340478123
2365,-0.5402468444796931,0.5888611852007257,1.3202443931001877,112,118,124,2.0515769468167395
2366,-0.9552003782210976,0.5857142454804591,1.2739637085239615,123,123,124,0.044030060531371706
2367,-0.9551351070788989,0.5854308550691496,1.2740733818663181,123,123,124,0.04405100569506104
2368,-0.9608769270052888,0.5863442724871908,1.2726960585289784,68,70,77,0.128509554409653
2369,-0.5209565222440484,0.5848633667964334,1.0814332548019894,124,124,124,0.22500077489022438
2370,-0.7072370983432497,0.5864565154642729,1.0801515901638337,124,124,124,0.13976945212759048
5120,-0.7371563545063995,0.586037636404015,1.629468690385151,77,81,91,0.0798603660862823
2391,-0.8744495681654514,0.5843404769515039,1.677527578621224,124,124,124,0.1744883282101396
34,-0.5737612209497844,0.582997254620178,1.6259961720802765,3,6,12,0.16186343280882773
10307,2.919316569225834,0.7632401457759643,1.1079338178305878,10,12,14,0.09699389572769239
2392,-0.9616178356153693,0.5828914957042675,1.6774028262132887,124,124,124,0.09238826320020166
7479,-1.083925241300102,-1.4541585839107314,0.41646391014055784,0,0,0,2.364692317816184
10308,2.9925353770950522,-1.559518117404713,1.093589492562277,0,0,0,0.2689271965101047
35,-0.47607165540462537,0.5857755987491919,1.6035746548898393,27,26,33,0.35121840116121966
5122,-1.8149465961904139,0.5909049471395993,1.2327064726706662,27,33,45,0.10980546589867635
2393,-0.9616178356153693,0.5828914957042675,1.6774028262132887,124,124,124,0.09238826320020166
2394,-0.8109510721384572,0.5856251889758046,1.6279200850806212,90,93,100,0.07264562439960423
7481,0.834578855475853,0.7632254594954953,0.867084858405815,9,11,14,0.2234983677559208
37,-1.4122379992242742,0.5937263935719348,1.4909220324210408,24,30,42,0.3457524026804089
10310,2.6164175650305475,-0.256538685667708,0.8639717537137442,60,64,74,1.6019666904197982
2396,-1.0250747211876914,0.5794245423277813,1.5979609301120656,66,70,81,0.23566413597552938
2397,-0.7805467511867903,0.5766404915382779,1.5158144351006653,94,101,111,0.32695506019185183
7484,-5.986705989450101,0.8955649332756832,1.7938235040811081,9,9,9,1.472833548737262
7485,0.8304263840359414,0.7049018538058736,0.9011828721759774,29,30,30,0.35840134695092657
7486,0.8663844236291228,0.764152885051103,0.8567347266087748,29,30,30,0.9603466346243106
42,-1.8670436289059977,0.5947148196614409,1.4070028111751232,81,85,91,0.14040627337811043
10315,-1.8016133982949447,0.5486411645346649,1.0290106615756205,231,231,231,0.4373345253063933
2400,-1.1854863161621156,0.5726877548491609,0.4974454676954301,6,19,43,1.616366953696053
7487,-0.1078149788550209,0.8614953095999105,-0.08035277781469907,0,0,0,1.1636246373306747
43,-0.814203749202862,0.5846836008153224,1.5045019673314028,69,76,89,0.17485680713241378
10316,-1.0700358908740837,-1.2520752577718497,0.49797315224735117,78,82,95,0.34786230112056055
2401,0.6834977387820893,0.7060699331080302,1.6086085127355279,140,140,140,1.035380270777222
7488,0.7390531396626396,0.8139518725041577,0.9239166123460263,57,57,57,1.3271567040677505
5230,-2.7118294141853405,0.6696359992041923,0.9885268067423806,9,9,9,0.680559951523878
10317,2.728874919258204,-1.6147879347161243,1.3256624594923052,231,231,231,0.7993550020630118
44,-0.6721669360845648,0.5850108509804568,1.5153340676019902,75,86,107,0.2639413593631606
5131,-0.6769654308367632,0.5775221238582742,1.2782924020388071,90,92,96,0.05352700528995575
5231,-2.7118294141853405,0.6696359992041923,0.9885268067423806,9,9,9,0.680559951523878
10318,2.756799135866272,-1.5942799671364858,1.3307948500665034,231,231,231,0.6969976719040996
45,-1.3139206536230006,0.5943510242138426,1.4478029765655078,65,91,76,0.2299791631684999
5132,-1.3838911889953183,0.5929572912034153,1.7182741830126231,57,63,73,0.38037236430087973
7490,-3.1900919184938012,-1.639127919363817,1.1948767887509109,165,165,165,1.5995927795354545
2404,0.654719985692126,0.7056416765727678,1.5899183885223849,140,140,140,0.6121926143439803
47,-1.3194446339572945,0.5913274365697294,1.435905255635606,8,44,19,0.10278350689326926
10320,2.926254827513379,0.6264278398223448,1.210069981131483,29,30,30,0.6179037022574071
2405,0.7400740058447595,0.7059742098690509,1.5859584558327497,140,140,140,1.0079502541823733
7492,-0.7867828675010635,0.584792761893459,1.0885893580372104,101,102,104,0.2908260365446248
48,-1.657959930122674,0.5950746899107533,1.3491356337352292,26,31,43,0.08842366783973395
10321,2.802414645770364,-0.1720525293398794,0.9716534314501436,65,68,79,1.4171033393119346
147,-1.6575861994550194,0.5946998006873983,1.6159299994649268,14,25,45,0.4762079357760199
10323,2.827378327107148,-0.18092084588611268,0.9376261646653115,64,68,79,1.3469657501817198
50,-1.6751250914172844,0.5948658303450869,1.3390520976620786,31,35,46,0.06737768815066768
5137,-0.4902519863329997,0.5821700737636797,1.65508049568759,0,1,2,1.3055817036801813
2408,-0.5817953518990309,0.5851962879316221,1.6385066789605311,97,101,107,0.20792361249331642
51,-1.6836392267075548,0.5949105632804108,1.3340486627486807,32,36,45,0.05492126294417187
10324,2.9018103679842353,0.7651853253350476,0.9782780180017171,9,11,14,0.12230881296141655
2409,-0.799210680545761,0.5864663566710384,1.620668015187126,12,31,62,0.30714221734391106
2410,-0.9146623911010483,0.5800541677910069,1.605663886825247,11,29,60,0.052342520386261915
53,-1.3949502858189273,0.5954160354068827,1.3430134135608207,12,15,16,0.57206630155235
10326,3.023565451265302,0.6518259365802128,0.962794866701257,9,9,9,1.1427576805254795
5239,-1.2933745174414852,0.6045300938631559,1.713148484302621,114,119,115,0.20882963230328414
2411,-0.5199788873607809,0.5879789552317396,1.3492311505782153,98,112,109,1.0967478332400635
54,-1.7453020375191097,0.595906795475776,1.2983603778704882,33,37,47,0.13335771048911238
10327,3.27425545334916,0.7599269128209589,1.1174828943911286,9,12,14,0.16157042305746597
5240,-0.27289639883052064,0.7056606535699383,0.8998067973572536,231,231,231,0.40260601107593774
2412,-0.5304859880178365,0.5825796208705576,1.305453053910257,105,116,115,0.1382989484714336
5241,-0.27410267349173423,0.7070662229094422,0.8983883819309432,231,231,231,0.3544018936450736
10328,3.27425545334916,0.7599269128209589,1.1174828943911286,9,12,14,0.16157042305746597
55,-1.3098648858634316,0.5957302368526545,1.3487387661003565,6,29,12,0.26541874430875445
2413,-0.7745782617055328,0.5673384935686989,1.2961620236277682,124,124,124,0.35496014748416344
56,-0.7512520640741767,0.584349276764702,1.4202816810307959,109,111,114,0.24265421061557801
10329,3.10660290763363,0.669628435840063,0.9501723257412324,9,9,9,0.022522913670881523
7502,0.5912243594128195,0.7126562685569482,1.7433590452764174,142,142,142,0.234053723251461
2416,-0.5011097338997617,0.5888649186993256,1.1401994690490802,124,124,124,0.6071600187782741
7503,-0.5169351503516375,0.5819145183005394,1.6094581248434905,32,37,50,0.2298790312211327
2485,0.9733582694979437,0.741400584344797,1.04596688940005,57,57,57,0.32491618012428203
128,-0.9361883461262512,0.5877744368997504,0.9513165135906297,45,62,60,0.29440276583155256
10401,2.7870903829656495,-1.3729086137136561,1.32625037333577,231,231,231,1.1338507226224297
2486,-0.7707152812510523,0.5859669041136077,1.4194435425960847,108,110,112,0.14241335079339443
129,-0.9361298606030446,0.5876507284008992,0.9512789497671705,45,62,60,0.24270440374516086
5216,-1.0909156205679427,-0.818314254511662,0.5458684603462682,117,123,141,0.9473822157804481
2487,1.1523460959356953,0.7656810033536561,0.8931176521819107,16,26,46,0.23627916215792008
130,-0.9723507769033586,0.5873457242171165,0.9033349775176636,79,81,87,0.177519138299328
10403,2.858483061464815,-1.6205005385803235,1.3025786430441395,231,231,231,0.629173005300438
2488,1.148636531032709,0.7631545364135808,0.8945171987009535,16,26,46,0.31427576739927954
10503,3.336388238349201,0.3493316770960784,-0.0599147051951916,0,0,0,1.1968307395768738
230,-0.7744387021232617,0.5855191956717045,1.3020553278121312,27,78,47,0.049274482452760365
10404,2.753087576902075,-0.1892943891409979,1.2551555369182767,102,107,123,0.5095151708992397
131,-0.9723403700747397,0.5873304931306977,0.9033328445295631,79,81,87,0.18147543926437543
2489,-0.5767449131826177,0.5855763750647713,1.2573117435826642,99,101,105,0.10259628384405693
7576,-0.7255591671584383,0.5782899981449079,1.146971689878487,101,107,113,0.24593992040296092
2490,-0.5767669545599383,0.5854924470412632,1.2573477954060732,99,101,105,0.09126289186892246
7577,-0.7240484563937546,0.5775934824347333,1.1473707740134236,101,107,113,0.269538683037545
133,-0.946614848483943,0.587358961078954,0.9044959072346719,80,82,87,0.19300419885656225
10406,2.962277839181918,0.5693509706225559,1.2940682259192036,97,102,117,1.6148763808613327
2496,-0.9288678776226988,0.5858359895086831,1.3139674325495219,28,36,53,0.052233433077378905
2497,-0.9288678776226988,0.5858359895086831,1.3139674325495219,28,36,53,0.052233433077378905
140,-1.77082970021051,0.5942063719579962,1.6271681429387774,114,114,116,0.12360885185951892
10413,2.789215875352916,0.27312968333981025,1.2889883435374794,99,104,120,0.8069372600004708
5326,-1.4573832590012765,-0.8209413693800363,0.41156718177752616,59,62,72,0.8333801694065318
2498,-1.0065615067257143,0.5879083867077275,1.3302401192148616,121,121,121,0.16683221774745674
141,-1.7028855655156727,0.5937273743797664,1.629405040684345,112,113,114,0.14807400978491295
10414,3.3921118255768747,0.20402012474752218,0.8111779872846481,0,0,0,1.3686132495138386
2499,-0.7417720157113274,0.5860866959106439,1.2565166342085647,97,100,104,0.13791056649541925
142,-1.8228152494860996,0.5935155493289745,1.6197553961858284,7,20,43,0.21734423373011647
10415,3.3938212811666775,-1.696063196341186,0.8617576667646262,231,231,231,0.41774802135672845
2500,-0.75941357018222,0.5873108018911752,1.2556616019700009,100,102,106,0.10068247055780637
2501,-0.75941357018222,0.5873108018911752,1.2556616019700009,100,102,106,0.10068247055780637
7588,-2.5379103685580744,0.6035237794520063,0.7149707751825909,108,113,130,0.613480117133651
144,-1.829608478311707,0.5938592206877944,1.613376396203745,122,122,123,0.17945780968451258
10417,2.8792539882147636,-1.2976125057047114,1.0997324489739166,66,70,81,0.8305193700189546
10516,2.8663772243856935,-1.1578291941785044,1.3694309983045843,231,231,231,0.6468141663786284
243,-0.7819084523315483,0.5853732319825677,1.2745068167421734,69,72,79,0.07903721473246722
5330,-1.0400807556963798,-1.6713901369144077,0.5066360827430274,8,8,8,0.8197811967189291
2502,-1.0113823749594757,0.5860167351773968,1.3190970702299318,121,121,122,0.19381727303038646
145,-1.6361018731141708,0.5947087099528687,1.6191753334052217,114,115,116,0.14451873655415462
10418,1.8809336082817423,-0.8012711012734592,0.5147989825118999,60,64,74,0.5057890834082615
5331,-1.041264976447943,-1.6746884679513627,0.5022630701224633,8,8,8,0.26357504125495407
2503,-1.0022494086110156,0.584795385462269,1.280796371707753,120,120,121,0.0725791007060157
146,-1.7416099155620661,0.5936657936008876,1.6130206583326612,123,123,123,0.1285797972358924
10419,0.7095542150589405,-1.5917354376722654,1.078994588325878,231,231,231,2.2787502403432733
5332,-3.665146729133761,-4.737528547007583,-2.8793128953780545,8,8,8,0.06747376500315211
2505,-0.9362985344716654,0.5861049615034528,1.2573878212615304,100,102,106,0.038125537071567406
10520,2.9941523730870445,0.07748094827074736,1.0705885634798675,228,228,228,0.8082909277327835
247,-0.7356796383454385,0.5855589217108073,1.2743720723778411,87,88,93,0.12820590819888925
10421,2.8438683775887856,0.23146028948233566,1.0599450066416976,72,76,87,0.6860478300868768
148,-1.6576115001003848,0.5947850345061885,1.615949142149451,14,25,45,0.4620967114680099
5235,-0.5336782774297761,0.5856449753412443,1.29936676984946,124,124,124,0.023908187789212516
2506,-0.5078354578638327,0.5874612915566602,1.09516655303652,121,121,121,0.06660505861116817
7593,1.122836922681082,0.7649699944569799,0.8564999955638999,0,0,0,0.9011391352873535
149,-1.8223676962244588,0.5936718697600067,1.608874474610816,13,24,45,0.21541133582644462
10422,3.3397568693804285,0.620803915105586,0.7411596426657692,231,231,231,0.7851484151051574
10521,3.306823461415937,-0.2222053472824715,0.8272576322315283,117,123,141,0.04408468896713719
248,-0.7356764278413048,0.5855549913467086,1.2743779146183667,87,88,93,0.133161170774272
2507,-1.0276456765558155,0.5853073091586274,1.2587302251231969,96,98,103,0.07252052152140136
7594,0.5885039807160133,0.7295034526133268,1.7353663501265815,142,142,142,0.4320273217090538
150,-1.7646592607649474,0.5955666593990994,1.6090027880486308,6,19,43,0.17000018277226073
10423,2.381705719647033,-0.15552065449284197,1.1112206733626375,64,68,79,1.2289497683656074
10522,3.3722986947183826,0.21346139934360808,0.802357099465441,0,0,0,0.5374012213325905
249,-0.7221774518959712,0.585724230364405,1.275260359538824,83,84,89,0.09120093462563245
5336,-0.8896442128391882,-1.862410486981831,0.2963840732822449,8,8,8,0.3645231725715641
2508,-0.474575363236591,0.5858192349031353,1.0717614550940429,104,105,109,0.17409610068891332
7595,0.5885039807160133,0.7295034526133268,1.7353663501265815,142,142,142,0.4320273217090538
151,-1.7639866451307475,0.5948648822712177,1.6096215583879723,6,19,43,0.5534500169562308
10424,-3.8199246539141893,-1.679339820058544,2.010327144372034,231,231,231,0.37259393045456457
5337,-0.8247339733785051,-1.7479052223872888,0.42246676791473803,8,8,8,0.4375974788583551
152,-1.6431718014913486,0.5946950235686035,1.608628352685453,11,23,44,0.24269061937367503
10425,-3.9527375123782096,-1.7042423655387993,1.9676532048371593,231,231,231,0.6919515036182504
10524,2.9333820622723294,-1.2265327396545995,1.203787111610694,71,75,87,0.614290276989797
251,-0.4764950355752593,0.585625982824671,1.2564045872710006,100,102,106,0.21998536500193883
2510,-0.7228891390079522,0.587117189343944,1.0939475441110798,120,121,121,0.24744817340407455
153,-1.6431718014913486,0.5946950235686035,1.608628352685453,11,23,44,0.24269061937367503
10426,2.7919837487485575,0.5311865273466723,1.372215395551304,109,115,132,0.7841397277325117
2511,-0.7563573304304652,0.5868521847748327,1.095533514092933,121,121,122,0.2981819504468268
154,-1.7847087689249745,0.5938598312995014,1.602624025532245,122,122,123,0.15382496055596354
10427,2.7236073233850515,-0.8504398668274935,0.9640834125225968,62,66,76,0.6430049691806078
2512,-0.9666918177857338,0.5841859568112249,1.158255567887358,120,120,121,0.20430176289465482
7599,-3.612535710263517,-0.952830930178719,0.22213343379917116,0,0,0,0.8205788802879699
155,-1.784794359679688,0.5941855074880964,1.6025531936669295,122,122,123,0.1526048000687661
10428,-0.9695413522673828,-1.6668509475557096,0.9223594046562837,0,0,0,0.5107434071834389
2513,-0.948093941102083,0.5888490358406258,1.0940805116255925,122,122,122,0.11376484733765678
156,-1.7689106825884324,0.5946897844296588,1.6021779356300017,121,121,121,0.2976496377905774
2514,-0.945206938398587,0.586774290193433,1.0723285984405742,99,101,105,0.19396661445516516
7601,0.9902670446897089,0.7363636633242812,1.080053522099367,0,0,0,0.4870193326961255
5244,-0.9447037019082933,0.5858628674340842,1.255921078265512,99,101,105,0.13647766468057
2515,-0.9665195939516642,0.5857183764496579,1.0729918054385803,98,100,105,0.06435988586819057
2516,-0.9665195939516642,0.5857183764496579,1.0729918054385803,98,100,105,0.06435988586819057
2517,-0.7449756811840631,0.587215156735539,0.9493713696513794,78,79,85,0.32075319486487536
2518,-0.7761456111392229,0.5870721456433674,0.9491797520659557,64,67,75,0.2385123946894476
7605,-0.9812483198898447,-1.174705696536388,0.714434884067118,65,68,79,0.5148410360045976
10434,1.949128330729854,-0.8522487434736261,0.7938981782199783,59,62,72,0.17907536252074122
161,-1.715161528289622,0.5943685754246206,1.602324768473097,119,119,120,0.33788248438392415
2519,-0.7761456111392229,0.5870721456433674,0.9491797520659557,64,67,75,0.2385123946894476
7606,0.4365071200240127,0.6254725529126877,1.0463049001674656,57,57,57,0.5405103989875785
2520,-0.7473172096645513,0.5877022607702918,0.9035993843753934,76,78,84,0.12655341596802167
2523,-0.9720433210215891,0.5878056015723481,0.8852530172902334,105,106,109,0.09353080931693873
7610,0.965919169233138,0.733777828318807,0.8825621768398236,29,30,30,0.2697945871362917
2524,-0.9720433210215891,0.5878056015723481,0.8852530172902334,105,106,109,0.09353080931693873
7611,1.1402838017967687,0.7724501850288885,0.8497601377632914,231,231,231,0.4844214375078566
2526,-0.9321732237404636,0.584414371215418,1.6915407607790873,122,122,122,0.02665512124000366
2528,-0.9110910397518248,0.5833015867931237,1.6290726517354062,12,28,57,0.06569587200361961
7615,0.6155194419889428,0.7289493325460077,1.4741207498055267,142,142,142,0.1638258024495378
171,-1.84491682128436,0.5961672475426745,1.5665125250942156,51,55,65,0.1208383876759752
5258,-2.6953422306053603,0.45636255185326513,1.0834067792973006,231,231,231,1.3166322695987578
2529,-0.9111598428427254,0.5836177852241391,1.6289975853101548,12,28,57,0.06850149029553915
7616,0.7657824646297007,0.704173242736652,1.480789342592632,142,142,142,0.8118983959641332
10445,3.3958087030238495,-1.6748526899868532,0.8206809561127419,229,229,229,1.116721563227674
172,-1.7651574762411775,0.5939580969295823,1.5681528475643671,71,74,81,0.3616902537509495
5259,-0.5327481672730152,0.5841515509223696,1.0821249834231152,110,110,110,0.37291267837231407
2530,-1.0163310682865574,0.5835834054124223,1.627191037885167,77,79,88,0.027804652385728965
173,-1.7457998215133594,0.5939072699421735,1.5665050958992803,72,75,81,0.3882448125833307
10446,-1.0311325556864683,0.4230410319228325,1.6261909088809356,231,231,231,0.9862164224286001
2532,-1.021718813091201,0.5854347050850592,1.6162329211825868,93,95,101,0.11391148802946101
2533,-1.014805580526263,0.5832250997084136,1.6148451052421198,82,85,93,0.1198006733253929
7620,-1.0221579393738693,0.5885057789805379,1.6324777735267708,39,45,62,0.23763353583912517
2535,1.7425318677993977,0.7715503467818092,0.9026664757158617,16,30,45,0.09067243228278184
178,-0.5390696245878481,0.584459702934496,1.6194686002036094,82,85,93,0.11803317833288282
5265,-0.9465887896193217,0.5856286708234697,1.1291701186520862,20,53,42,0.5878187473042151
2536,1.5807134002694656,0.7614146894038154,0.8991253590831477,7,25,42,0.2587507664079295
2537,1.390665244238768,0.7718156179625875,0.8983532593693053,9,23,43,0.10191586644165819
7624,-0.6279236771001857,0.5809986437140373,1.6337904846085043,10,28,57,0.1965168253597879
10453,1.9397748970542297,-0.8887081134749704,0.4992866249918386,94,99,114,0.4876304225419417
180,-0.5198688844470156,0.5840675016555421,1.6179684867069175,19,22,27,0.26555397739664643
5267,-0.546183937193585,0.5883907300722595,1.1227253081864732,13,73,41,1.0320633041991372
181,-0.5214134913154018,0.5848129974989866,1.611440291582098,47,50,59,0.27885522507223076
10454,2.665812929699187,-0.8331941370149676,0.8666442776294894,118,124,143,0.4677631289816357
2539,-0.4924828636102556,0.5861619991700366,1.3266738366467496,124,124,124,0.10405434132117967
10455,2.76046251655874,-0.8833034003419096,0.9058135764348407,59,62,72,1.8219828335781771
182,-0.4983820421199767,0.5849776409976573,1.6054207761532524,89,93,100,0.1969282761001541
5269,-1.7250588153123094,0.5910993429983766,1.5731386770297926,73,76,82,0.5977606622707615
2540,-0.498109352236181,0.5864796430760097,1.2736293262976681,72,75,81,0.08369471640707787
7627,-2.2339926452442964,0.6391422581082427,1.265748119841197,231,231,231,0.5024475458049189
5270,-0.9531183130219918,0.5859740700639295,0.9694367224300681,79,98,82,0.29964338948661345
2542,-0.7163835416682112,0.5856675135144176,1.301751875970308,16,74,42,0.03107924691968131
7629,-2.8990810326772816,-0.9184024645506668,1.1801405246009558,67,67,67,1.0485022671358928
2543,-0.7378756822543635,0.585592748655565,1.281448481302961,122,122,122,0.31087459438146403
7630,-5.97245852584815,-0.5949275245620961,1.1169288154475847,0,0,0,1.3971452593620945
2544,-0.9447524045401523,0.5850565407705794,1.28192975263192,123,123,123,0.12717808694318986
7631,0.7164476423830661,0.7062461783144156,1.5643981646619831,142,142,142,0.5983996269945404
2545,-0.760722246314014,0.5858821157925973,1.090114159413114,83,85,90,0.1734964696969644
2546,-0.9865377347076336,0.5897538754596514,1.0872249151708124,81,82,87,0.08316110310457642
2547,-0.9865377347076336,0.5897538754596514,1.0872249151708124,81,82,87,0.08316110310457642
190,-0.8018485293017124,0.5849678194029171,1.5220532625434529,94,100,111,0.0730543659027762
10463,-0.8419851820700397,6.504856829606357,-2.5085038173709653,9,11,14,1.6771280102947266
2548,-0.7133590275254593,0.5871566296143855,0.948948866570005,54,57,67,0.08951937795434688
10464,3.5095049348103817,0.7587895213314839,1.0266800874276303,9,11,14,0.10264247613829189
191,-0.7892771595779213,0.5838676850142652,1.5051846543743799,69,76,89,0.13613525604294513
5278,-0.9819255845868393,0.585661336163324,1.0815718046068767,123,123,123,0.16198625841056566
2549,-0.7753328917711415,0.5844706081870297,0.8970378234757687,124,124,124,0.2634533304840739
2550,-0.8923976778534284,0.5861170700372391,1.6995172323901782,124,124,124,0.19622583745070896
2552,-0.963052226349236,0.5846318946373115,1.6914751644715253,124,124,124,0.06716390757071797
195,-0.725411633218346,0.5842866529982724,1.5047313767202597,68,75,88,0.18402245924804708
10468,3.5077502576456823,0.7604963881128606,0.9068061450022495,10,24,43,0.13860240278923364
2553,-0.963052226349236,0.5846318946373115,1.6914751644715253,124,124,124,0.06716390757071797
2554,-0.9112657087131568,0.5825605170117312,1.6856802920917426,124,124,124,0.2363786456775132
2556,0.8050550016497596,0.7183160828330957,1.5532310216048637,140,140,140,0.957424893181372
2557,-0.8986769142066153,0.5876915714194351,1.6760745620339847,124,124,124,0.16339129953518605
2558,-0.9132105115960005,0.5848588123244207,1.6764282615096842,123,123,123,0.04798723062626246
10476,2.5659044024115545,-0.9856568846728896,1.2644946056869615,91,96,111,1.5659848746270424
203,-0.7607004452682826,0.5847834726615764,1.4201500485383975,111,113,115,0.23930697340800303
5290,-1.0107067590692091,0.5843537312033746,1.6881339256658388,4,20,39,0.006855883880995022
2562,-0.5231768235817025,0.5852903909606775,1.622230355650606,108,110,115,0.052587840447248145
7649,-0.7329814634586969,0.5848671378236776,1.3628423788555373,124,124,124,0.5595558708493511
2564,-0.7082394570399901,0.5849771572506317,1.6126201647785514,82,86,96,0.07541957369522329
207,-1.799334603786213,0.5985884878263568,1.2478672754306321,1,1,1,0.8896870522758893
10480,2.935649886530013,-0.8989058669947239,1.2995893956240399,108,114,131,0.6227870183892007
2565,-0.7081354035709926,0.5845900228183674,1.612669297571649,82,86,96,0.0978076799989488
7652,-1.7012199993096018,0.5947584080700381,1.159929094202813,20,23,24,0.17479329390652346
10481,2.0296893642115954,-0.8825389136864783,0.9940856858820235,99,105,120,0.4255121352221755
208,-0.9686917919414655,0.585590872414111,1.3610371774346461,124,124,124,0.08852603409005565
5295,-3.1654694011286026,-0.19371915249548166,0.946954537847938,100,105,121,0.644876691141341
2566,-0.9406815207664017,0.5845929255962281,1.6129451544690472,79,82,92,0.012066720254115086
7653,-1.7013665535812574,0.5949341775938835,1.1599123489384078,20,23,24,0.16076999926289393
2567,-0.9406815207664017,0.5845929255962281,1.6129451544690472,79,82,92,0.012066720254115086
7654,0.7400202762967938,0.7060710536214669,1.5862042847980125,141,141,141,1.2340576202725553
2568,-0.925161019599968,0.5860147990475273,1.6036306698732712,12,30,60,0.11464922795882072
211,-1.4145854125086061,0.5950946051659527,1.2826631860409783,70,73,75,0.24794111758056975
5298,-0.758938239055508,0.582272644753218,1.276972491622167,123,123,123,0.09846827323740207
10486,2.7547804922819794,-0.18137417618628454,0.9967667564392997,92,97,111,0.7868997826458592
213,-0.968311109004119,0.5868599094849833,1.3396984407637993,120,122,124,0.2538977338968947
5300,-0.7511054286571843,0.585816458631806,1.2563452433764226,95,97,102,0.03536369222024722
2571,-0.7958693922398292,0.583946848357437,1.5223856284243742,46,53,68,0.10982877697213193
7658,-0.8822524078052028,0.5786759452563599,1.6046366589177135,34,44,67,0.2852716032765061
2574,-0.5141870042856116,0.5838446307460954,1.2747008135529478,80,82,87,0.43138119975830724
7661,-2.2184872563333005,-2.8924515741918606,-0.014035388827638773,8,8,8,0.6766544171991387
2577,-0.9742859840405407,0.5849565389672389,1.3652431965357235,34,93,50,0.08030908571247279
7664,-0.3305513057778604,-1.752740596101655,0.4148005605070879,8,8,8,0.13643954530144908
2578,-0.7715397899911021,0.5861449484053132,1.3114510042302112,124,124,124,0.19103550976489758
7665,1.2653047891933071,0.7610407733942992,0.9114465800228827,35,85,45,0.14165793201662247
2579,-0.6971663463845208,0.5869597456897155,1.2652421663296036,124,124,124,0.12373307301554241
7666,1.2552174910555616,0.7728974959625354,0.888991491300614,117,121,118,0.06099918502162194
2580,-0.7749242541391133,0.5840633265868946,1.0821165747768413,124,124,124,0.452894586164161
7667,1.3791102917763647,0.7640926314488452,0.9216692224744658,27,84,39,0.6477846680206428
7668,1.3791102917763647,0.7640926314488452,0.9216692224744658,27,84,39,0.6477846680206428
5315,-1.677960641991708,0.5937982019124817,1.3376139538063743,22,27,40,0.11983529640915284
2587,-0.907660395738902,0.5856516328496637,1.6927830930375576,4,17,44,0.11789821149887303
2588,-0.8952867616590443,0.5858944181893468,1.6923856636208134,4,17,44,0.15970322494811837
10504,0.4998179829821334,0.7142856660038788,1.4766987707616939,0,0,0,0.7657250689568158
231,-0.7744065105949214,0.5855925640288144,1.3019867632677053,27,78,47,0.05125941569751427
2589,-0.8952867616590443,0.5858944181893468,1.6923856636208134,4,17,44,0.15970322494811837
232,-0.5128671384607137,0.5867653194138724,1.3429928036669763,111,117,123,0.33354760283927803
10505,1.369394882465876,0.29118289541172426,1.0956348231629949,5,5,5,0.8058183438312496
2590,-0.9447968010605026,0.5832455347181409,1.6945501186647272,4,16,42,0.04040361458229853
2591,-0.8751782291822159,0.5850386479336964,1.6887511603530723,124,124,124,0.07887976901971225
234,-0.5122215903852392,0.5854244327108031,1.3373354411107228,23,41,49,0.0653851830954336
10507,2.9349612902967444,-0.1489775270995201,1.300506646338762,109,114,131,0.5745057602217544
2592,-0.8751782291822159,0.5850386479336964,1.6887511603530723,124,124,124,0.07887976901971225
2593,-0.881558844586714,0.5845646223211642,1.6833614214241486,4,17,44,0.21599933063214036
2594,-0.881558844586714,0.5845646223211642,1.6833614214241486,4,17,44,0.21599933063214036
2595,-0.8944369674745665,0.5830052846274074,1.683783676371394,4,17,43,0.335965237758678
7682,1.0234318070267936,0.7511777204949546,1.0465754457190255,57,57,57,0.129887234574817
2596,-0.9441365413834455,0.5852150030626715,1.6852499287740854,4,16,42,0.1763601363392134
2597,-0.9441365413834455,0.5852150030626715,1.6852499287740854,4,16,42,0.1763601363392134
7684,1.02665240011101,0.7304981979066063,1.0547105091364393,0,0,0,0.6764573196265662
2598,-0.9559957927463065,0.5842955214973728,1.685297441989727,4,15,42,0.1376634229183103
7685,1.0100029709549285,0.7283692808359905,0.8758076082038964,29,30,30,1.0689675806225611
2599,-0.9559957927463065,0.5842955214973728,1.685297441989727,4,15,42,0.1376634229183103
7686,1.0044467987707124,0.7390152824683025,0.8690818024426602,29,30,30,0.9635556754245459
2600,-0.6797182447407901,0.5851920252709186,1.629280209690282,71,75,87,0.10046688712663758
7687,1.229399214090911,0.7674811147536578,0.9180734562599965,120,122,120,0.24108401699064394
2601,-0.7394636541523418,0.5849935606140955,1.6300411923481168,66,71,85,0.29450044573190926
7688,1.229399214090911,0.7674811147536578,0.9180734562599965,120,122,120,0.24108401699064394
2602,-0.8925273946623928,0.6095590015711068,1.625109391602372,69,74,85,1.0291146888587022
7689,1.2165932303698939,0.7601287076003125,0.8795123327387898,9,9,9,1.167600177370854
2603,-0.8880646723611427,0.5887634152679075,1.62821753011467,69,74,85,0.0382309123464937
7690,1.252322689292087,0.7301754748405072,0.9010039789513372,9,9,9,0.025890680977152566
10519,2.9285786019474394,0.6336140084163002,1.1099129341630323,111,117,134,2.12745635203866
246,-0.7135511473454836,0.5870213998884386,1.2804199676485752,124,124,124,0.39183081139326725
2604,-0.9465760181349872,0.5846098181981603,1.613162256300109,84,88,96,0.06593665203413338
7691,1.2481394168774331,0.7680375628631781,0.8734884427057389,9,9,9,0.6170250544251227
2606,-0.8580540355873896,0.5843229626328967,1.5969614567486454,79,83,94,0.17379786871839514
2607,-0.8580540355873896,0.5843229626328967,1.5969614567486454,79,83,94,0.17379786871839514
250,-0.6867735535974537,0.5843628007732531,1.2688135053399203,123,123,123,0.27750471030632606
10523,-2.299146474519477,0.020959595578819545,0.48919860290700323,0,0,0,1.0393844316091505
2608,-0.8674805921947288,0.5846840508054882,1.59591436747713,80,84,94,0.08983737978675503
7695,1.1305347296168562,0.7662855916395039,-0.05605261685379248,231,231,231,0.26385397623596507
7697,-2.595268135563774,-0.0867383754679506,0.8384509080906727,0,0,0,0.788800681733448
2611,-0.7739159515487293,0.5846392452878915,1.4245419606032224,73,76,83,0.06571953902800298
254,-0.46545594630675735,0.5862949978362424,1.2560411409138783,99,101,105,0.1486632456874756
10527,3.069005102143992,-0.22499258624046298,0.8675727595062305,109,115,132,0.4073611267153708
10528,3.0686860382241665,-0.22488657445011484,0.8673523375111484,109,115,132,0.4053721625988519
255,-1.0079286614121128,0.586408792433051,1.0804352306689424,124,124,124,0.09252950025091995
2613,0.9840882774588096,0.7790710113718815,0.9325096568919914,57,57,57,0.3913429024727789
7700,-1.2092624476603593,-0.8565073510279582,0.6167638727114453,59,62,72,0.9381556189760388
10529,3.262393590475975,0.7765044810231267,0.8504758520811173,231,231,231,0.6230946722441322
256,-0.9992161617159789,0.5873443854637419,1.0801540423896316,124,124,124,0.40173886247291934
2614,0.8335199883477572,0.7715058114912237,0.8614357079930743,9,11,14,0.0950131756397491
7701,-1.042532624073861,-0.7758356825260007,0.6049170284103007,59,62,72,0.5476248823142954
2900,-0.9359547693969832,0.5812637138640016,0.9614545664372698,14,85,39,0.42892729385194267
10818,3.990744430486216,0.2610018032532645,0.8553736855180384,236,236,236,0.4332494578521412
545,-0.5078720675344615,0.5860557920416327,1.1539531885726217,124,124,124,0.34007005877980406
5632,-2.5516226572879437,0.2103717953654185,0.6489341840116987,0,0,0,0.21805839267095237
2903,-0.7235320050385368,0.5818789906708945,0.9314937224325128,124,124,124,0.7671467401684083
546,-0.5172722452616154,0.5865739981693394,1.1457573753678323,30,60,51,0.1709432799346475
10819,3.990744430486216,0.2610018032532645,0.8553736855180384,236,236,236,0.4332494578521412
547,-0.5172805838907992,0.58644059470582,1.1458181895729296,30,60,51,0.17381380614552489
10820,4.071670556511798,-0.43375740413175945,1.140464888773694,0,0,0,0.7286181705460821
2905,0.7184433641349898,0.7059011613701895,1.6159642129581673,0,0,0,0.5155251059507366
2907,-0.5190007383748427,0.5828007400917161,1.1172239688144643,124,124,124,0.19236594768134888
550,-0.9874929756259689,0.5844017061245901,0.9247893018787534,124,124,124,0.33358109111341405
10823,2.813999102035237,0.7443640492265766,1.0358960259810661,9,12,14,0.9208868943814246
553,-1.7997281421804212,0.5937674503411761,1.6293136980971283,6,19,43,0.3727374992118023
10826,3.0539984463458314,-0.096528359202947,0.9543293813785932,0,0,0,0.6002514665793559
2911,0.32459821091893337,0.7793235802793845,0.8563450941061207,29,30,30,0.21062548416149138
5642,-1.072437492635955,-0.8422782070160084,0.6217500277963424,59,62,72,0.3005283010071583
2913,-0.9375238125881369,0.569248312132594,1.3810565727072106,124,124,124,0.08937993268090756
556,-1.6169619745669142,0.5994226520062431,1.6031396041624553,112,112,114,0.3716835803612326
2914,-0.5467984898451288,0.5866580387306646,1.653471332469507,91,94,101,0.3079561380656509
5743,-0.8157307648089467,0.5862140291952396,1.5222825164588507,68,74,87,0.15928533032887607
10830,3.604411677267615,-1.6547690305362903,0.6264259558100735,8,8,8,2.752058925959867
557,-1.6734788309298323,0.5963050097270906,1.5908445734003975,6,19,43,1.2914737408887391
5644,-1.2352035181060836,0.5931975933457918,1.7160674810096004,97,113,101,0.28966177091783873
558,-0.9458083781898639,0.5880004226388957,1.6282086953038426,70,74,85,0.13224908083520726
10831,2.6258949048379243,-0.8422814887577547,0.9358470392555688,59,62,72,1.6624297733355127
5744,-0.8157307648089467,0.5862140291952396,1.5222825164588507,68,74,87,0.15928533032887607
559,-0.5060019473697774,0.5848948557737801,1.6497665732695395,79,82,88,0.25221649565206816
5646,-1.0255890498650713,-1.6127002220367848,0.5759442532825179,82,86,100,0.6592962833489328
2918,-0.7494028601074412,0.5847356825598122,1.6070105427914059,14,33,64,0.4611448199692851
561,-0.7175412178685296,0.584748299069668,1.6294789209601852,75,79,90,0.4828493932904008
5648,-2.070525541013366,0.5591170407990183,0.5673586872490706,5,5,5,1.0192365074825283
562,-0.8308725074623888,0.5846208155114543,1.6211954320853,12,30,61,0.3078086259282246
5649,-1.7475778783901021,-1.3717811899655852,0.6270066657209672,107,107,107,1.1364787136095331
10839,-4.66796331388314,0.7295709406110964,1.2706366311733932,0,0,0,1.063127050368688
566,-0.7999008479429999,0.5856647953679746,1.6206510603958144,12,30,61,0.52839088750623
5653,-1.425600424671822,0.5948130472213027,1.2773120508322262,23,28,26,0.7409624362441565
2924,-0.5883328073734551,0.5851403682186327,1.6532972409672873,2,3,3,0.2162714166741997
567,-0.688920913299385,0.5856456190256418,1.6280600987138667,72,77,88,0.33014151406717673
5654,-0.7630094821379534,0.5853932425087691,0.9811652819106592,111,117,123,0.2978360924108517
2925,-0.7113009199289078,0.5827633509880352,1.6337591744345437,17,33,61,0.053481091095074526
10841,2.777394505346043,-0.8535178629330091,1.253371356213497,98,104,119,0.24992129015920353
568,-0.6893624779385421,0.5843661069282744,1.6282654854856258,72,77,88,0.31068595823110545
5655,-0.7128711990418126,0.5873332191489573,0.9490185416058361,48,52,64,0.23012528264797813
10843,3.035069215042795,0.7649905969693782,1.0908468872722028,0,0,0,0.04012145577095818
570,-0.7063699855426298,0.5843496863545254,1.6211346049989939,12,31,62,0.45906358107472744
5657,-1.095269851766898,-1.452248123952701,0.42382427326867167,173,173,173,1.7813191137535278
571,-0.6948673533017229,0.5848638885904471,1.620631701420424,12,31,62,0.3573619070282148
10845,3.071146335579229,-0.8053836803802872,0.8442868200528172,59,62,72,0.6198403185313348
572,-0.6948673533017229,0.5848638885904471,1.620631701420424,12,31,62,0.3573619070282148
575,-0.855196519471634,0.5948374038450943,1.6030438923402648,13,31,62,1.1174119508486702
576,-0.855056908781997,0.5921074961900068,1.6033618450497835,13,31,62,1.3479116628651266
5663,-3.1634609419569206,-0.19572335377498867,0.9469657802389214,99,105,120,0.6389585311755379
577,-0.6685882387649809,0.5845204879705994,1.6127360732244729,72,78,91,0.36915119907521743
578,-0.6684864032662938,0.5842974767963609,1.6127591228209608,72,78,91,0.4198572695321379
10851,3.1130577721335473,-0.2759558012417573,1.2919057436797665,92,97,111,1.0438684665531572
581,-0.8021855666602873,0.5827463712580945,1.5152156724932797,94,101,111,0.6920472873540793
10854,3.0238780481159866,0.7621958191240497,1.0775530134483313,0,0,0,0.06261465851576575
583,-0.5933127855736302,0.5777561700614973,1.5154647290910306,94,101,111,0.5994300785408103
10856,-2.551160744810788,0.6329859624316467,0.6341359774377613,0,0,0,0.5068348893409204
5673,-2.9561522035134318,-0.15443243040222665,1.0931973383161013,0,0,0,1.198035250218931
588,-0.9586225807301179,0.5838903674212326,1.3254662184298336,112,118,124,0.6546977351461524
10861,-1.5874191107652562,6.798924392858652,-3.4923800710087973,0,0,0,0.6753393052647431
687,-0.5184339090197847,0.5850826655602006,1.116817300451231,124,124,124,0.8554745302843894
591,-1.7714448503228288,0.6046704897327975,1.1467951511600747,7,9,10,0.7628653154008598
10864,4.051532557186528,-1.484294741442811,0.973119962762679,166,166,166,0.32602372215150643
690,-0.7279364366007077,0.5876280823512428,0.9732237660166682,40,95,55,0.6372779128633983
592,-0.7582726639547253,0.5858118647024098,1.3101696938404124,57,72,74,0.1057043322504031
10865,4.047172080822251,-1.49218150522946,0.9664418984713278,166,166,166,0.33670501701325756
5682,-1.702369444097703,0.5775466774512359,1.2166017194904173,4,4,4,1.7632696056903414
597,-0.5305457254033348,0.5891953109994756,1.3304968112378857,8,61,41,0.31027589813620293
10870,2.9606636906282087,0.10673170042150681,0.920329922327735,228,228,228,1.1609492234395706
598,-0.727643098484049,0.5405180069598561,1.3100768475980797,124,124,124,1.30457139572572
10871,3.0205175156508366,-1.4199534026614442,0.933448994577861,0,0,0,0.365810336409427
600,-0.5067920459879396,0.5848487017622088,1.3095629487382725,113,119,123,0.3157295834696414
10873,3.4086092585072256,-1.6418088720119255,0.8326707979270519,96,101,116,1.5918460503148282
5786,-1.0409583057884508,0.7946360181932814,1.354140404619885,77,80,86,0.02706995155420323
604,-0.49503209797580583,0.5852126403445974,1.1600916518092128,10,68,41,0.2626785966428224
10877,3.999764080106299,-0.536748763748053,1.138149603756855,0,0,0,0.39271865155814617
5790,-2.8058960103358443,0.2992293268178897,0.7520249829294834,111,117,134,1.7696095008159614
605,-0.5310829812096971,0.5871042238140922,1.1423861810071374,124,124,124,0.18931587293792693
10878,4.001684923740636,-0.5536734556164572,1.1291699714517929,236,236,236,0.45545343497049273
704,-0.5225662923868699,0.5855256443516335,1.3282840979476667,108,110,111,0.07615535316940271
10879,3.9962181874228917,-0.5539358036124254,1.1225538788756435,236,236,236,0.35393488186939764
606,-0.9933866052183222,0.5883773086498731,0.939854859483663,88,93,100,0.8171620917581237
608,-0.5254699252796196,0.5837480411957876,1.6598744934308671,103,105,111,1.0416564079438988
10881,4.019917411364284,-0.5059954499188897,1.1310196230978309,0,0,0,0.6599622879757546
610,-0.5707985363300252,0.5853562314202791,1.6578402530797756,102,105,110,0.4365538538334682
10883,4.000481551238364,-1.4874270513440782,1.0163971122643771,0,0,0,0.1776345992871259
611,-1.8263899704633015,0.594099357846779,1.5909321891827806,6,19,43,1.0894261719924885
10884,3.882876730509293,0.1538690132275229,0.8423708264909409,236,236,236,1.0995223800028333
613,-1.735405517902954,0.5936231078686156,1.5928600731866707,6,19,43,0.9759040067140047
619,-0.8428219872175946,0.5883703167055179,1.6026923335680883,14,32,63,0.8038536638953693
10892,3.9623467713205023,-1.4421366612261237,0.953446162354428,0,0,0,0.5614204115700717
630,-0.7130760952802402,0.5860312769883989,1.3449539965477002,124,124,124,0.4108035149208032
10903,3.863284847920539,0.43111507001586,1.0844275684593894,5,5,5,0.45874756845566844
5816,-0.9659830482016454,-1.5697975867843055,0.9822476269198204,231,231,231,0.30977430334413614
631,-0.7251912814501273,0.585247324663486,1.3400252240133423,87,90,96,0.8706613829812295
10904,3.925882955737936,-0.5140710616402209,1.1351761420797848,0,0,0,0.7172709878135783
730,-0.9640334456100192,0.5843841080954428,1.3362979308881224,89,95,102,1.0325364352484225
632,-0.7752808598633125,0.5847323799386404,1.3201765598170847,124,124,124,0.2974228237141079
10905,3.967396867432283,-1.4950167892126105,1.097462920042199,0,0,0,1.0320746540971315
5818,-0.3407303414454268,-1.745479536420789,0.874342800904805,8,8,8,0.3258319471015926
10909,3.9293108698064563,-0.45696138481458637,1.13536262009687,0,0,0,0.6451639848629903
636,-0.49986472640877566,0.5856164283097502,1.3321139777672042,109,117,121,0.9810910065121803
642,-0.47802205177483303,0.585799559689623,1.162296873761797,12,54,43,0.5105280441140618
10915,4.040312768274905,-0.48820988202183485,1.1441672692895226,236,236,236,1.1794973073163852
741,-0.7461028460604058,0.5875620123105987,1.3283650796354425,124,124,124,0.4660097209484637
5828,-0.815991930424369,-1.7838641087479619,-0.05721313798413341,231,231,231,0.8587388580395657
644,-0.5010720009164764,0.5865398691126698,1.1409649104709243,124,124,124,0.19338127556417983
10917,4.068129131935561,-0.5578182062262531,1.144505864562455,6,6,6,0.6509144458415913
5830,-2.0626285156678024,-1.6043162262949187,1.0197705295860895,231,231,231,0.9845882374035173
650,-1.690907081512711,0.5915636456394102,1.5960717729058882,6,19,43,0.701619811809318
10923,0.30826792163658134,0.7268307914917045,1.8790741740737493,40,40,40,1.1981760028220159
5836,-3.7431373316951713,0.7952054793686405,1.8432249897305106,231,231,231,1.6525833743427
651,-0.5909342174922942,0.5841878936452152,1.642647039342802,105,108,113,0.7106821761367113
10924,2.96697416865942,-0.11682324235267022,1.1499484335250405,228,228,228,0.6261835651384353
653,-0.499417227059336,0.5849596815273785,1.6129215904084542,104,107,112,0.18597490551357618
656,-1.8594799690854797,0.5958162833394143,1.4059957745502432,72,76,83,0.5299951515050678
10929,2.861086441467897,-0.18626114223588158,0.9786977027690522,46,48,56,1.6795271714221107
5842,-0.30941968938392295,0.5337377477671494,0.04234993259392095,87,81,78,1.059653578761575
659,-1.4441951370819615,0.5920666303889766,1.346445949644669,9,11,12,0.8146333893659887
660,-1.3174746069421674,0.5931278861112486,1.3417244098795036,12,90,38,0.3595493037281097
5748,-2.5692567494360197,-0.08867266023523268,0.8170174637122473,0,0,0,0.5276289087554518
662,-0.7455906733903102,0.5859974214762935,1.3334343580061407,124,124,124,0.1914330950839654
5749,-2.5407275295192124,0.052349448811832344,0.7977930709874941,0,0,0,1.9353331663670255
663,-0.7449610774685502,0.5828492207968958,1.294777418863693,124,124,124,0.5148720229823398
5750,-2.546219961820148,0.052845627463461,0.7960222545463167,0,0,0,1.9326248589071284
672,-1.7499607968614743,0.5895228969231026,1.6125171238481724,104,105,107,0.8901328713095005
673,-1.7512182671387597,0.5930748225564919,1.6119874947445394,104,105,107,0.4697150535794375
5760,-0.7048332850290993,-1.61321925504705,0.9716040704509225,0,0,0,0.24728697210185632
674,-1.6687870798215263,0.5945509593843734,1.6157761822826344,109,110,111,0.5076099709032906
5761,-0.3359611238203224,-1.7595132186384466,0.8627960197030956,8,8,8,0.06919297135629995
675,-1.618144611099082,0.5914303488711312,1.612095299145448,117,117,118,0.6680165327523213
5762,-0.8584821788704953,-1.7887249178309517,0.37650561217545375,8,8,8,0.7309061216136606
10949,2.585150551200425,0.03268943894321141,1.34319372836473,5,5,5,1.5935003973950923
676,-0.5305759679471231,0.5845001194860551,1.6243951079439698,94,103,106,0.3590043872065625
5763,-0.13446519082267439,0.7669829971398896,0.8850179193323171,29,29,29,0.4756640772844422
684,-2.617610286323728,0.6405245481074009,0.9040656335870934,5,5,5,2.1057484719284942
5771,-4.183518170868615,0.7134589041691095,1.9348918956759824,231,231,231,0.3623800878843797
702,-1.6306133630142217,0.6063169235027186,1.175035375252568,61,64,65,1.4539416985949083
10975,3.4877662427147,-1.7289926958863044,0.6331149057431522,8,8,8,0.18402798375506252
703,-0.5225837068356443,0.58546188756739,1.328483220854237,108,110,111,0.16980586599589068
10976,1.311678846779575,0.7133009069826204,1.2311215096379349,57,57,57,1.376703266392375
713,-0.9659528719917918,0.582746016294984,1.1595742929418276,121,121,121,0.8542506588986329
714,-0.5947051182391592,0.580991289526035,1.1769928431656043,124,124,124,0.6390463275946886
814,-1.6427181291975907,0.5938923374534524,1.160634150597507,31,32,33,0.3717155820755091
5901,-1.2260764054447657,0.6078249488957248,1.7008491045818919,11,21,44,0.4602122003042427
10988,-4.00563447879944,-3.9821397882953775,-0.764233405381658,0,0,0,2.2671296037427067
715,-0.5204016226323243,0.5912096693381395,1.1807743743723755,124,124,124,0.7021438698397309
5803,-0.4467629927311638,0.583396937085058,1.7145514195173777,61,66,81,0.05756527051165642
10997,3.9623467713205023,-1.4421366612261244,0.9534461623544275,0,0,0,0.5614204115701121
724,-0.9349841138932944,0.5832741875229099,1.6170221089806138,27,38,62,0.6727414060978233
725,-0.804205932908236,0.583963372318645,1.6219369700819652,13,31,61,0.6152114013493515
726,-0.7592922142712402,0.5824330938480835,1.6233121100067098,13,31,62,0.6461710712280335
10999,3.058698608960837,-0.07993728014676993,0.9886122437762399,0,0,0,0.6697797143053115
727,-0.6877009814999395,0.5796594546259071,1.6227523957144139,15,32,62,1.0855410602837476
5814,-1.990331819225402,0.5817693588994322,1.07813578518373,231,231,231,0.12471379239303121
11001,3.968407960583916,-1.4554555668669285,0.9556196578531622,0,0,0,0.9072946152709463
728,-0.8577419918558489,0.5881793593159945,1.5457957134435052,111,113,115,1.069963070315442
729,-0.808622829510349,0.5988395402251103,1.5137317672170967,94,101,111,1.279899443095057
11002,3.0194345785538172,-0.06913101993413756,1.0288580632009912,228,228,228,0.7678411456807229
11005,1.501873293336736,0.6201337060908996,1.1139318169528956,1,1,1,2.1080880741866763
732,-0.9086175023434881,0.5856568642483988,1.168519312930955,124,124,124,1.3000039174978517
733,-0.7444723049765725,0.5861630481811919,1.1562976720482157,112,118,124,0.4176337248327847
5820,-1.418905269932345,0.5695309774371067,1.7346198256144734,6,19,43,1.2239108401669452
745,-0.9936699910196416,0.5833077934847031,1.67697283982354,11,88,38,0.322183924777665
5832,-1.2481099258910042,-1.3642201824157039,0.6756682162012655,231,231,231,2.2370559253681073
749,-1.8515568220444916,0.5947692222766827,1.6165444173382804,19,28,47,0.4457945332360671
11022,3.18280274365962,-1.7422833248308405,0.878868541656234,8,8,8,0.31814087501319416
750,-1.8515568220444916,0.5947692222766827,1.6165444173382804,19,28,47,0.4457945332360671
11023,2.9245545673896185,0.26687584092602,1.332877244512281,79,84,96,0.8692013018464424
849,-0.5833221151399939,0.5863215740655403,1.0716418771909557,102,104,107,0.15019780726482737
5936,-0.8084046674354961,-1.7491357468369992,0.41757007177929295,8,8,8,0.09998236361019631
851,-0.558658146070711,0.5863304663907074,1.0714911076296634,101,103,107,0.12956866358129468
11025,2.8043585918732594,-0.24077556420236845,0.9985343571319634,61,64,74,2.071370998291211
752,-1.7482778685649434,0.5938791900577567,1.6070541224880373,37,43,57,0.14193643931350913
5839,-1.9425089487809255,0.6546499050440078,1.491994504940404,25,36,54,1.2251246201569064
756,-0.7585743145346417,0.584877892963658,1.6336149802822542,17,33,62,0.23526459867720184
5843,-0.3102729146986829,0.6566666663908707,0.058366778371523154,155,155,155,1.1693773971501367
757,-1.639553296234555,0.5929395265374813,1.5962220106552965,17,26,47,0.4516786655491339
5844,-0.8031551228819085,-1.7393394230868586,0.4330073575609248,4,4,4,0.32004376416079794
759,-0.8879972199261736,0.5855432249487011,1.6173553275164958,11,29,60,0.12330863484121389
5846,-0.9296423372483824,0.5854581727136117,1.2746939565863302,78,81,86,0.6927255103700569
760,-0.9756179934655815,0.5846543457412448,1.6128751548384095,83,86,94,0.12904544361843523
11033,-2.6835169887168537,0.21874160750340932,0.9235158608784703,82,87,100,1.4636725407416036
5848,-0.2988389027031273,0.7010390704117686,0.9339078858150273,1,1,1,0.40175666783510056
762,-0.48546054558258867,0.584860502836283,1.6297577016902296,7,9,12,0.2277884341206225
862,-1.7301478347287529,0.5938664553856652,1.6291497008091824,117,118,118,0.13158213139679126
5949,-1.4726817752847192,0.5918264604805867,1.3530999779066395,77,80,78,0.04613177012135561
11036,2.286763019353991,-0.17340206086701387,0.8479301040379247,105,111,127,1.2235310458464461
763,-1.698673477534396,0.5934713146327015,1.580509125923827,86,88,92,0.07760839472689567
5851,-2.5482452768224486,0.6297392864106741,0.6357247614236226,1,1,1,0.579165668037242
5853,0.1840854366992173,-0.9995270914087361,1.4267659689195786,8,8,8,0.34163950100773544
5953,-1.4025414562556535,0.6052092345388029,1.3218370366573398,14,16,17,1.244454746414626
11040,3.3699231143599517,0.22060004146998724,0.816856523666839,93,97,112,0.36508904427083805
767,-1.6703712493885448,0.5942607817196173,1.5735357842156998,96,98,102,0.43732318585369995
768,-0.509646698819904,0.584831707503231,1.617925541715752,24,44,42,0.20191491089462635
769,-0.47344991960382465,0.5843203724911807,1.6167608516735739,11,15,18,0.16138435241155522
5856,-4.388297200497387,-0.7171417882640694,0.9776403895939412,74,72,72,1.1337882668185875
869,-1.8638464950280036,0.5931525588929989,1.6083627297785679,39,44,58,0.11528327958792808
5956,-1.9359428504167013,0.5924035195589079,1.0334185498263326,106,106,106,0.8883431975724421
11043,-3.911775919117368,0.4523361099324922,1.2114165022043182,231,231,231,0.7312799057850055
770,-1.7198189812908806,0.5959706300869698,1.5627147741629934,91,92,97,0.2144337122046281
771,-1.718873237239642,0.5948244064762931,1.5633330090319766,91,92,97,0.0323883978858062
773,-1.6865544215149897,0.59377031830784,1.5614239655952913,7,19,43,0.3442646195256015
873,-1.7203348086045036,0.5932454887694047,1.597697118387375,16,26,46,0.2616281387930222
5960,-2.2286366681557417,-1.6561717675275909,0.5290709797980859,231,231,231,0.42059218808048443
11047,-2.535877070668184,0.030410315150498857,0.7660616531265843,0,0,0,0.33574060349532103
774,-0.4844859563267594,0.5849085256407522,1.599878485584837,7,10,16,0.20869639263489345
5861,-0.9814408905950129,0.589181270290456,0.9822480432499267,114,114,114,0.46229484685244593
775,-1.399937835012297,0.6003279570995821,1.4994476265644319,10,22,45,1.3263162468954872
11048,2.7467929208878186,-1.3733550737904927,0.7784432429227961,0,0,0,0.8531171385729054
874,-1.685698449219963,0.5935903701384455,1.5811468569433895,70,73,80,0.26005404466083515
5961,-0.26117711609067995,0.7047737513529633,1.0831037586279644,57,57,57,0.4401076423780217
776,-1.01659194392786,0.5849162918836468,1.5051724608866084,68,75,88,0.11822756512712457
5863,-0.9636706708877893,0.585011125929489,1.3441526579931482,114,119,123,0.39423911207484386
778,-0.98193257037244,0.5840973838070063,1.5054976843455985,72,79,92,0.1876321983712929
11051,3.075412662692811,-1.5752487588226922,0.8899869097435993,228,228,228,0.5179690047507565
5964,-0.3591363303176822,-1.7544702413382105,0.877716939182668,231,231,231,0.017693717714278193
779,-0.98193257037244,0.5840973838070063,1.5054976843455985,72,79,92,0.1876321983712929
11052,4.027515758723338,-0.5324573494827735,1.140914765082477,236,236,236,0.3716254227620081
5965,-0.3591363303176822,-1.7544702413382105,0.877716939182668,231,231,231,0.017693717714278193
781,-0.6698023003734779,0.5844999077048405,1.521328051391499,45,55,75,0.082080986139929
782,-1.3448939991018554,0.5906425904348624,1.4756625182191307,27,30,35,0.4648622967681259
11055,3.1893202614254377,0.7770692570327531,0.8465031166686258,231,231,231,0.8143528127370674
11059,4.1747739267889505,-0.40930366761057235,1.179293549882717,236,236,236,0.5779833693691034
786,-0.5673540199338216,0.5847956032291686,1.5044231490794826,72,78,91,0.3000704662216585
788,-1.319774985507446,0.594936902862305,1.4348753560623,4,43,15,0.27254217845717044
11062,4.014762237130148,-0.4827378519690666,1.1640267312686865,0,0,0,0.7689358355602118
789,-1.5436235991559322,0.5938217677074127,1.4151410667632471,23,29,41,0.10223163342647108
796,-1.3217319491958714,0.5943936135315244,1.3289342673863405,5,30,12,0.10298768820915324
11069,3.968250918264931,-1.4948734077208365,0.9449384349236627,166,166,166,1.1392331985529647
798,-0.9780006206123466,0.5862278813680837,1.3527399267104299,123,124,123,0.23963410920396822
11071,-3.2914017648027856,-0.16643850663220533,0.9909162710628703,66,70,81,2.1517365517127254
897,-0.4489510466769657,0.5850935042073246,1.5198989924889257,41,51,71,0.19422959756808839
799,-1.5447095700590583,0.5946075743072448,1.2812145620467312,61,75,73,0.19142536886046618
11072,3.059924105909584,-1.5493327622306676,0.9544086649026712,0,0,0,0.7056603528833573
800,-0.7211402642761904,0.5862043140362967,1.348756910303271,122,122,122,0.1705567522524773
11073,2.8213951589456414,-0.8734631707315419,1.0244018957187802,42,44,51,1.591951878072129
5986,-1.5218582234917393,0.5838094327456678,1.3180108888195843,79,81,79,0.15042638120528903
803,-1.0087889320767136,0.5854858711031403,1.3143614839821123,42,48,61,0.17069020144205327
804,-1.0087889320767136,0.5854858711031403,1.3143614839821123,42,48,61,0.17069020144205327
805,-1.5497807902201215,0.5947977615561695,1.2556618493324634,21,26,26,0.3976185541730509
808,-0.7499601834891969,0.584538635005309,1.3038198111864074,124,124,124,0.19274229413861066
5895,-1.1810607422246675,-2.1369183096586086,-0.00943792142024602,0,0,0,0.044149359731416725
811,-0.944705646225513,0.5859517224243913,1.2558653248818694,97,100,104,0.12496354814467159
11084,2.9541448725748145,-0.1171416466114314,1.148470393853125,228,228,228,0.3687405468411895
910,-1.533325290074004,0.5969113444506093,1.2709933662739745,60,75,72,0.24405417059837947
819,-1.6481134522264242,0.5954335044147749,1.1479066760242365,34,36,37,0.3109036626377717
5906,-1.0279470147911907,0.5910462131846166,1.6298784268744506,54,59,72,0.46361482972923956
11093,4.546918996232991,-0.44707636936899464,1.7632791553743403,10,13,14,0.6599605561543285
820,-1.7266564770833632,0.5919618881318014,1.137230441099541,4,5,5,0.46134263326149494
920,-0.7164530030789806,0.5856059267219988,1.3019488772800956,14,72,42,0.06311053973062096
6007,-0.4328940020219514,0.5817358523926084,1.7250274577149032,2,8,29,0.2026865347786874
11094,4.546966986845619,-0.44710727668116423,1.7632748997650767,10,13,14,0.6060381816386258
821,-0.498147166049949,0.5864030620823297,1.2734726316466236,68,70,77,0.15045525235964932
822,-1.7647454941648064,0.5936566823719225,1.1106922906684145,2,2,3,0.19007064545045319
5909,-0.8869508035726472,0.5867545142395041,1.5960221843096636,68,73,85,0.09793011918430314
5913,-2.400907456385136,-0.9549564780309452,1.1922807610507715,222,222,222,0.6815631272695726
828,-0.9399168428694145,0.5858535290000364,1.1480579022970956,123,123,123,0.2597489180110822
11101,3.1190177920640174,-1.7539996484227964,0.9068771442167314,8,8,8,0.0431724856989585
927,-0.6898955653453349,0.5850858219380375,1.274632224812059,72,75,82,0.16310034946423557
6014,0.04985963143261074,0.7237944500902749,0.452216985544289,0,0,0,0.6855904753751547
830,-0.992561003189854,0.5866560097702991,1.128478541437432,79,82,88,0.12386531242260587
11103,-0.1555683727326549,-1.6070643273487863,0.5759249738064349,0,0,0,0.20607660938708705
929,-0.49908840234338303,0.5854245714358637,1.2572357148233166,100,102,106,0.2069398128913104
6016,-0.5438760315705182,0.585054299979231,1.6571404544239707,97,99,106,0.12491618181297552
831,-0.9623534537832814,0.5852778927737856,1.125752710532789,121,122,122,0.2628796305847489
11104,4.138597250919702,-0.5905356712310202,1.1081384516236907,132,130,130,3.1181250946938377
832,-1.9846867708687066,0.5922476496106437,0.9783707526796451,231,231,231,0.3048948697079154
11107,3.0584261261640373,0.032874920170146704,1.1199977716877227,0,0,0,0.5122548409355915
834,-0.5570561642030474,0.5867810167433389,1.1671578281504131,61,64,72,0.1796680117302708
5921,-0.71018700075992,0.5877720016299608,1.273555739658277,87,88,92,0.08508677044149078
934,-0.9440261650484834,0.587259405899895,1.1404369918197093,22,64,47,0.48838924965424146
6021,-1.0480498297374146,-1.200272339292201,0.9431824072249347,98,103,118,0.3119716539743885
11108,2.5718880918136944,-0.9373531410030425,0.9683716385486383,111,117,134,2.130185180424957
835,-0.5407819840647154,0.5872637249034185,1.1669606562197212,120,120,120,0.1882943661408714
5922,-2.1865801642830975,0.6347370028864339,0.6322508762506707,114,120,137,0.08660295117823814
842,-0.5475976955651785,0.5862808584717552,1.112537968035555,124,124,124,0.35475271000927566
845,-0.7058647563806582,0.5865886003990299,1.0709202046771131,103,104,108,0.14644709472141273
5932,-0.5186075879287189,-1.5015422614702334,1.0535595691354709,0,0,0,2.964568790119065
11119,2.885868314214436,0.21355969098202887,1.116668621773785,65,68,79,1.0362020039692796
846,-0.7058647563806582,0.5865886003990299,1.0709202046771131,103,104,108,0.14644709472141273
5933,-0.5186075879287189,-1.5015422614702334,1.0535595691354709,0,0,0,2.964568790119065
850,-0.5833221151399939,0.5863215740655403,1.0716418771909557,102,104,107,0.15019780726482737
852,-0.558658146070711,0.5863304663907074,1.0714911076296634,101,103,107,0.12956866358129468
856,-0.9889455243101617,0.5845310381536812,1.679624974303582,5,17,40,0.18879493709784265
5943,-0.7010209556117739,0.5944104023931363,1.635766719146767,10,29,59,0.17546375597029154
859,-0.971979606979744,0.5834853720059181,1.676740628886569,123,123,123,0.09327131217168522
11132,4.048593022873073,-0.44724333757419177,1.131041682037488,236,236,236,0.4454096047031495
860,-0.9121261218384284,0.5840604273216605,1.6769676069975206,122,122,122,0.1904065012240053
5947,-0.7532546571609808,0.5845207150750331,1.522646022032051,67,73,85,0.20548962137083668
867,-1.612069863323963,0.5930069905733664,1.619908657621707,106,107,109,0.4088445141087862
5954,-1.3605297381398551,0.5939007866002823,1.311982969163248,64,66,68,0.1850042727897257
5955,-1.355337063979662,0.5922853230541414,1.2903542781780093,6,10,22,0.12488257781460597
6056,-5.354834158879523,-0.49178144804784296,0.9961243545933999,188,188,188,1.0388897669452037
11143,2.8721103931700105,-1.2672683904581579,1.0677276642088172,43,45,52,1.074264780502418
870,-1.670298295300951,0.593901128290921,1.6083010874629566,38,43,57,0.13212275869475212
970,-0.478870139509757,0.5838848842232298,1.6285471404138139,98,101,107,0.15222375365754587
6057,-1.2048690132666953,0.5966570198282275,1.7294708370781307,20,28,47,0.16581239512274293
11144,-1.5333539705823043,-1.5113978857942998,0.974421456176265,230,230,230,1.588144712466782
871,-1.7997039640177195,0.5955745575396894,1.6020865254716692,124,124,124,0.02905932288799882
5958,-2.5397686257481085,-0.10998137002381508,0.7303058151265616,228,228,228,0.7694912426161968
5959,-0.5438536117949941,0.5901991960595796,1.2822973768395975,124,124,124,0.15991071699074463
875,-0.6707162565669811,0.5843114307612471,1.6175238563941245,14,32,63,0.262534718135871
5962,-0.26117711609067995,0.7047737513529633,1.0831037586279644,57,57,57,0.4401076423780217
11149,-1.3583145645388388,0.5955226661275645,1.4881933279073307,10,22,43,0.9025363319354053
876,-1.7449717385937045,0.5932726254430853,1.5743105639456247,6,20,43,0.1167465533634389
5963,-1.1374812359687607,-1.6986317241912507,0.4341626986914471,90,95,109,0.7740435852028758
877,-0.4777585271543896,0.5837426342736973,1.6234902412943137,3,6,14,0.34183780546400894
11150,1.7626260233472961,0.7613354059881163,0.9096813381752569,124,124,124,0.32518198143594973
6063,-1.4346801053009943,0.5899564378386233,1.273137926448388,69,71,72,0.43809954010152585
878,-0.44751756958619215,0.5850768113211875,1.624585674132443,12,27,55,0.414384090618301
11151,1.7416963750942551,0.6945670533955817,0.23193690536375855,124,124,124,0.40373747822563505
6064,-1.929564025416219,-1.7416417403144575,0.875274268058626,8,8,8,0.7421464608141074
879,-0.45431742393492724,0.5841656145627852,1.6229436957138903,99,102,108,0.17754379858260597
880,-0.7976161680680001,0.5841976263510174,1.6074532584074581,16,34,64,0.17112564226054813
5967,0.04168092741175733,0.7157156609876905,0.3972634004650255,143,143,143,0.10039266044850537
885,-0.9981526499140267,0.585388035829145,1.505287293293384,63,71,84,0.35817817174119243
11158,3.15263064775663,0.722281450345738,0.9123934715473987,10,10,10,0.5090268886600943
985,-0.7655352460356859,0.5851261798040952,1.5223756616654245,55,62,75,0.5614187512334945
11159,2.3900079739566817,1.6847500317130284,0.21448069418801197,10,10,10,0.45332887688949075
886,-0.9899748065020155,0.584851412319636,1.5049308247889017,73,80,93,0.19399611577296358
986,-0.7655352460356859,0.5851261798040952,1.5223756616654245,55,62,75,0.5614187512334945
11160,4.591169084393889,-0.502380954079833,1.7836104018875383,0,0,0,0.05979489785469159
887,-0.9899748065020155,0.584851412319636,1.5049308247889017,73,80,93,0.19399611577296358
888,-0.9571306014665089,0.5843298162755872,1.5049216526084912,78,85,97,0.20213627339187043
11161,4.591169084393889,-0.502380954079833,1.7836104018875383,0,0,0,0.05979489785469159
987,-1.8292457741892747,0.5959864059954307,1.4563349041594535,76,80,87,0.12519407361876111
988,-1.3543750988800909,0.5954965979084872,1.4629938975572778,2,2,2,0.20830757698585295
11162,-1.6190478658470338,-1.563264800891043,0.9241196922050177,102,107,123,1.15225910289598
889,-0.9571306014665089,0.5843298162755872,1.5049216526084912,78,85,97,0.20213627339187043
890,-0.9454038137468355,0.58543964036418,1.504487963529404,67,73,87,0.3289822747819344
11163,4.606784691723208,-0.5037763360928766,1.7989986257627681,57,57,57,0.013068684063964404
989,-1.818122140726985,0.5943259533394545,1.4058323419504324,73,77,85,0.1231552461296771
891,-0.59753398955477,0.5845756879309336,1.5236003422377231,31,39,56,0.09061260606723084
5978,-1.9376360909064383,0.736910160460148,1.8758801325791699,231,231,231,0.5480307074895301
991,-0.7828106134668227,0.5849561889934605,1.4267197770378224,65,69,77,0.14506390631039565
11165,3.0510405619230614,0.23211905542882016,0.8905622747409455,0,0,0,0.549612297625826
892,-1.3631661209567874,0.5968047094105404,1.4683334287328225,2,2,2,0.1067880369086219
5979,-3.9801591301286297,-1.7185603488528989,1.6992412744993697,0,0,0,1.6851201523561081
992,-0.7660455584717623,0.5854419460242657,1.4243721105261027,69,72,80,0.32219644436629613
11166,3.6479591310256634,0.7564560040900328,1.0196296459084526,9,9,9,0.5522119648883074
893,-0.7670369178762986,0.584878006533442,1.5048431331060015,75,82,94,0.35035826880951787
5980,-0.44833596573873713,0.5849736806445034,1.7142295361996083,63,69,82,0.15468594332441238
993,-0.7659610379651536,0.5857793924359007,1.4242664702131114,69,72,80,0.24545382733777701
11167,3.6479591310256634,0.7564560040900328,1.0196296459084526,9,9,9,0.5522119648883074
894,-0.7671687854815468,0.5844274480636042,1.504992838167412,75,82,94,0.4273354615701973
5981,-0.8798076502279426,0.5839203109733704,1.6792236658627342,83,84,90,0.13664907903588724
898,-0.5743006162598214,0.5838999136166114,1.5049242210436784,75,82,94,0.1396833344745125
11171,4.218336245475503,-0.11012121219357518,1.2167580538926035,122,127,140,0.2095635178392602
899,-0.5548937432289329,0.58475679173179,1.5044095982954597,67,74,87,0.15755864401829164
11172,0.9413514634730662,-1.5992985110233806,1.5093368729033017,114,114,114,0.1671803859014331
900,-0.554953861072212,0.5850156277187823,1.5043481685224716,67,74,87,0.18600289453040528
5987,-1.5452013590301004,0.597605804757025,1.2071133466269832,67,78,73,0.06264924451917869
1003,-1.7211089529904697,0.5953147580839491,1.2223835819974354,0,1,1,0.7032628061852612
6090,-2.591114808871344,0.08085393698691756,0.8319026361957123,228,228,228,0.5604367982665284
11177,3.947945545667976,-0.46868696711740937,1.132803031832455,236,236,236,0.23145057397939708
904,-0.49577468933234203,0.584600852859908,1.504671229030136,71,78,91,0.18389702500188362
11178,3.9476295173148883,-0.46854003384402076,1.1322481714247306,236,236,236,0.14575483705645595
905,-0.7390185267308009,0.584866340188491,1.4252794268865507,58,62,72,0.11453262056677178
5992,-1.2932940656197194,-0.7798012222014112,0.5992371959803215,67,67,67,0.3787529275789546
906,-1.4227382384971783,0.5943446632252987,1.3596665403539536,14,18,18,0.17687277938450507
11179,0.28058224172573065,3.182131138807885,-0.8840817623143833,0,0,0,0.09488840458664798
1005,-0.5332154714576451,0.5842013126879342,1.2998596837487293,124,124,124,0.5016830182772996
907,-1.4101667770345587,0.5948857141448003,1.3363794625378131,12,15,16,0.40111563902598873
5996,-0.33838147862627954,-1.742396229827059,0.4281382795671378,8,8,8,0.22445794482992998
11186,3.790620466715483,0.40110525494279303,0.7990379535255594,107,112,129,1.9590269297970488
913,-0.7867841894995147,0.5855271513751923,1.33107366492235,22,79,45,0.07440393535119097
915,-0.7046403278934172,0.5855771586358192,1.330963067469191,15,79,42,0.07629845255669997
11189,3.820911830924872,0.3790263777690118,0.8475420983840005,5,5,5,1.8166726743435129
916,-0.7561659678549635,0.585305154711474,1.3122802012980466,23,66,48,0.3956799193844781
6005,-0.8132672752693373,-1.7530587132877615,0.8673705932147683,0,0,0,0.01916605628707746
11195,2.489292071932914,-1.1710983437725222,1.2901659298204566,98,103,118,1.6313856712689168
922,-0.7715887839311613,0.5859672465125987,1.274329551623119,73,75,82,0.0768750541865485
11196,3.0730065644128093,-1.3840995137421306,0.8955977456106009,228,228,228,0.5914673729279669
923,-0.7716655333908036,0.5860968142586251,1.2742973344922672,73,75,82,0.09914031961066891
924,-0.7226264946831642,0.5826761529602373,1.2764813882753376,81,83,88,1.2411581314526006
11197,3.0730065644128093,-1.3840995137421306,0.8955977456106009,228,228,228,0.5914673729279669
937,-0.7424557604976068,0.5846781463554171,1.0813620887828443,124,124,124,0.1536436133539948
11210,2.8492792282512927,-1.2014372629010202,1.3195581300099484,94,99,114,0.6764328027850862
1036,-0.494341711196999,0.5848104107756045,1.6460501888886565,96,99,105,0.28568088221984833
1037,-0.921455012601808,0.5843990790996065,1.6297759401213598,70,74,85,0.3642970628138376
11211,4.606786288505674,-0.503777213009304,1.7989990167006082,59,62,72,0.06644720449421636
938,-0.7218103648349508,0.5845747334248899,1.081329681352194,124,124,124,0.33390860104143505
1045,-0.49402163194250615,0.5834725477927714,1.6366649603564747,90,92,99,0.3279778235803144
6132,-5.519199290342657,-0.6361170808016867,0.9655135892693405,146,146,146,0.7851626115201008
11219,2.817598483109751,-1.273620470446051,1.0785484665306826,112,118,136,2.2395121066272154
946,-0.9074351506717426,0.5842497184080273,1.680571031910845,4,16,43,0.4895489773004782
948,-0.9496389031351402,0.5841973571588368,1.6771713807047928,124,124,124,0.11279497216553643
949,-0.9496497073434407,0.5842848268393659,1.677128204043257,124,124,124,0.08618116953991051
11322,3.0760292186204437,0.0713782903765171,0.9003386430471528,228,228,228,0.44971254043342357
1049,-0.9500614248220165,0.5853030970601498,1.6135876363982813,58,64,78,0.07142964804839444
11223,4.588171291064253,-0.4860855900992913,1.787549411187813,10,13,14,0.7301892845539356
950,-0.8744722213088028,0.5843507332008606,1.6772877442047522,124,124,124,0.14066176415395132
6037,-2.2908859918652618,0.6446295755955218,1.0795839437443169,231,231,231,1.8251203758901131
1050,-0.7868261951375564,0.5861712193478181,1.62049760457865,12,31,62,0.08644658433671495
11224,3.151217118810105,0.7652783409775812,1.043705503113627,0,0,0,0.05281858217688262
951,-1.6643546731963963,0.5934579612775699,1.6264094094096244,122,122,122,0.26961688450692295
6038,-1.387264385207415,0.6191660612009207,0.5059297270893837,6,19,43,1.8694696450802686
952,-1.8721905291938281,0.5944850606165395,1.615100731533954,124,124,124,0.6036247263024656
953,-1.8069711698903905,0.5938019916771191,1.6092672186751806,9,22,44,0.22379159587891614
6040,-1.0558823307290304,-1.4486522202338534,0.4466099564967123,231,231,231,1.9460146293970582
1053,-1.0222072434038938,0.5861574730670429,1.6048426813919465,7,24,55,0.841745237560411
6140,-0.47701202784453245,0.5799004939320969,1.1642830107929725,49,69,63,0.057476184518963205
11227,-2.7452770887098077,0.7373795934997089,0.8718459048324443,0,0,0,0.5834110505254227
954,-1.8069711698903905,0.5938019916771191,1.6092672186751806,9,22,44,0.22379159587891614
6041,-0.6722947775598849,0.5850544511069748,1.5159091144252523,74,86,107,0.1386093711447461
955,-1.8579497758099617,0.5929383703602338,1.6026044909825947,122,122,122,0.10279514447047164
6042,-0.45549182128656396,0.5838165214490569,1.6134038655428387,84,87,96,1.3439274428282566
959,-1.6641279409331853,0.5930970466751573,1.6025248925999265,121,122,122,0.12538887377129102
1059,-0.9029624368607241,0.5877842076082742,1.6043047354648017,12,30,61,0.4187419569647138
6146,0.10043052559592902,0.7125669867935487,0.37078830043577415,0,0,0,0.15675289835314213
11233,4.5891653932918075,-0.4872369359065664,1.7883867022267632,10,12,14,0.36705179848404246
960,-0.7696797790874519,0.5851873987211638,1.6345936345912233,12,29,60,0.48761801870215643
961,-0.691647109341067,0.5833746818068419,1.6352289219810414,12,29,60,0.3650112414289529
962,-0.5241915149224936,0.5847448255366512,1.6400010828781588,1,1,2,0.6001010220010882
1065,-0.936399060116778,0.5847655757924504,1.595453275908829,82,85,94,0.14251653806405434
6152,-2.0974198437017595,0.617229748496575,0.6871298529460941,5,5,5,0.9661886984814124
11239,2.715336543674879,-0.206554826445013,0.9744717544010928,100,105,120,0.37738359130106386
966,-0.7309034691338794,0.5848249845212645,1.6287714437265344,82,85,94,0.08803994977032713
967,-0.7309206118651588,0.5847157742126907,1.6287747227269793,82,85,94,0.09404218641579808
6055,-5.418130730809185,-0.6197759463725252,0.9813477568821611,146,146,146,0.5765531554804808
971,-0.478870139509757,0.5838848842232298,1.6285471404138139,98,101,107,0.15222375365754587
6058,-1.6195667612609435,0.6052363575279909,1.605980773800963,7,20,43,0.4087846747863245
972,-0.757732829712753,0.5841926610250956,1.6125065200016853,75,80,91,0.26331121084820686
6059,-0.606214942299637,0.5850358646221374,1.6656504362933044,5,6,7,0.07707985576683744
973,-0.7577283678355426,0.5851748610676699,1.61236286600013,75,80,91,0.3294114342068301
6060,-0.7261070130569598,0.5836558687153883,1.6368581241518079,11,30,59,0.03183186956141527
976,-1.7652871853789107,0.5944149647971131,1.5676479505427185,70,73,80,0.18923180217167532
11249,4.010644903859224,-0.4953337625753567,1.137576582529896,236,236,236,0.9593102824291767
1075,-1.3814807190613583,0.595319233662577,1.4772914162193853,0,0,0,0.18754463202193516
6162,0.1285565026708797,0.6931685345698853,0.3719719794264924,143,143,143,0.39271819835575705
977,-0.7379512434119602,0.580689904239212,1.607350164555291,15,33,64,0.4696045545048478
11250,4.010644903859221,-0.49533376257535644,1.1375765825298938,236,236,236,0.9593102824291017
1076,-0.8148296151424992,0.5835683099277751,1.5139771869330243,94,101,111,1.3439136654002488
6163,0.1277982014363246,0.6940815951406778,0.37082097771989675,143,143,143,0.33458019640932896
978,-0.9880494963767665,0.5848678980785964,1.5961169694608808,67,71,84,0.23876019663987938
6065,-0.9662898088609024,0.5935151678560364,1.1434199493340527,72,84,80,0.08543376609777988
979,-0.948431987683799,0.5841024581223682,1.5965199356055926,87,89,97,0.3051925081865009
6066,-0.6825565790937924,0.5663377074342846,1.0929253819892075,121,122,122,0.05922592928229546
982,-0.46365441778621785,0.5848585290635939,1.6016094354377801,2,3,7,0.3125895397544848
6069,-0.7511224235495932,0.586494438966934,0.9043752803299598,91,93,97,0.0676798448429613
983,-1.0143293097898032,0.5844588877658652,1.5227852087909997,55,61,75,0.14620318256278836
11268,3.0129527364796767,0.6356003662426457,1.0036488617767083,228,228,228,0.6054491199212169
995,-0.9692917489291237,0.5858746465114752,1.3517730963469536,13,90,38,0.21012797529684607
997,-0.7250587679299145,0.5860077320861596,1.3580870796451445,124,124,124,0.3669324881654606
11270,2.988476934952934,-1.402833620838761,1.0888647642669995,0,0,0,0.5670570221682151
1000,-0.7129187646990003,0.5857634734791926,1.337931757673794,124,124,124,0.283655751827513
6087,-1.3804197147142854,0.6192829592150786,1.449458387220113,58,89,68,1.0591160448918326
6088,-2.8606660353819566,-0.1406203405380581,1.0669500428433105,104,109,125,1.4117712677702858
1006,-0.5228812874143385,0.5842778981390992,1.2844543836602365,124,124,124,1.4144671389485803
6093,-0.719078802193041,0.5810166694902139,1.267552285262822,124,124,124,0.04685710632298011
1007,-0.5501125884064351,0.584797789086688,1.2671137990321872,124,124,124,0.2343177933208451
6094,-0.5057352010889364,0.5914971645353104,1.3245841910908867,116,120,122,0.06995965964882067
1014,-0.9532942860719338,0.5861191099475287,1.139012645306228,124,124,124,0.08762430735170518
1018,-0.750243424829125,0.5854381037658101,0.9646043383352184,124,124,124,0.263621072800206
11291,3.148646171113421,0.7674987206601256,1.013499020872457,0,0,0,4.0083426037803264e-05
11292,3.0322766779245907,-1.5116951984503821,0.9988767130332636,228,228,228,0.2664462564348367
1019,-0.7502242576728615,0.5853481606964701,0.9648069728648757,124,124,124,0.20377369598261144
6106,0.01667117157555764,0.7691154152327044,0.9219478436081453,9,12,14,0.1889979910196155
11301,2.9308077315468894,-1.6033152437680152,1.3623056313336641,108,114,130,0.3532415817620267
1028,-1.0271444721907117,0.5834561677307752,1.6775186535436135,12,90,38,0.1553146912739605
1031,-1.753709359112014,0.5984193621753466,1.6203885912244267,108,108,110,0.7769939654199248
1033,-1.0139589797539226,0.5824536488881606,1.62996861302086,61,66,78,0.12153741940966663
1035,-0.9819390057471558,0.5820800408606903,1.629176615176904,89,91,97,0.22777404705094326
11311,2.872844384585089,-0.8728575679878079,0.8928094659051108,108,113,129,0.9030469380785361
1038,-0.874978857981699,0.5850341077282706,1.6287149078800094,63,68,81,0.7971044195864935
1040,-0.8662270944029169,0.5829730855504225,1.6297176476058763,54,61,76,0.3325376698068002
11313,3.053384722826594,-1.3985713479277244,0.949580937127157,0,0,0,0.7713626896468423
1041,-0.7753921770792171,0.5839922302696456,1.6297269326095334,63,68,83,0.397520471722253
11315,-2.214746621148879,0.21289969837679323,0.6062635434511221,0,0,0,0.4962361122937312
1042,-0.76337420097907,0.5813143861060666,1.6297389584760353,92,95,101,0.29033772146173614
1046,-0.5278397355273046,0.5847951452600906,1.6337730267846757,90,93,99,0.21004145380666814
1047,-1.0250048882282896,0.587008336083606,1.6130727054241722,64,68,80,0.11417412788531354
6134,-1.4955099260252305,0.5849900741420111,1.3297586865703717,78,81,79,1.005229329658356
1048,-0.9500614248220165,0.5853030970601498,1.6135876363982813,58,64,78,0.07142964804839444
1051,-0.7864143081586548,0.5878684400510759,1.620234689104767,12,31,62,0.08168388774131148
6138,-2.446034769384598,-1.7382718004118134,0.39225922689697557,231,231,231,0.6635778653011886
1052,-0.9095423835064715,0.5809007113182361,1.6135653536578212,68,72,85,0.32623601189600104
6139,-0.5546986002515761,0.5857362888577586,1.1616458415757225,85,87,92,0.11515936473990863
1054,-0.7691601734293836,0.5852515774901783,1.6130493127384604,71,76,88,0.16152871385758005
6141,-0.4848118836393722,0.5851211741928575,1.1232658652823235,12,61,42,0.1126817672977257
1055,-0.9599406431217514,0.5849506613506925,1.6046648019772873,10,28,58,0.1168953244488388
1056,-0.9599605161351525,0.5849518737288939,1.6047286551809776,10,28,58,0.1429144198698785
1057,-0.9277812346818619,0.5811110976475311,1.605969787898772,12,29,59,0.7344043019164808
11331,2.768355377717502,-1.612356085060466,1.3313013288679767,0,0,0,0.7505301110873894
1058,-0.9277042560227389,0.5801711396255063,1.6060571793245948,12,29,59,0.8986182912803997
1060,-0.7079448922798486,0.590996427927386,1.6117696568044864,73,78,90,0.12123127164303249
1066,-0.8670905456167355,0.5846906440123165,1.5961484149728067,74,78,90,0.3346061018140144
6153,-0.99240790155637,-1.2745834899613828,0.9113369002402886,231,231,231,0.025459099149643002
1067,-0.8670905456167355,0.5846906440123165,1.5961484149728067,74,78,90,0.3346061018140144
6154,-0.9207528115284145,-1.290740361646546,0.8522950143906617,87,92,106,0.27642304358517533
6155,-0.3605694160112398,-1.768197260384479,0.8554886623636446,8,8,8,0.1838165581114294
11343,-2.6147722850366946,0.05970928383593299,0.033812278264959916,0,0,0,1.3918033356044184
1070,-1.0437735283267724,0.5859670520353788,1.5236596267464484,48,55,69,0.26648828907603117
6157,-0.004213788992448286,0.7691865481476476,0.8442844982149,29,30,30,0.3414739779587597
11344,3.144842767050168,0.7951225838221085,0.8735738167125362,10,10,10,1.5290728635982036
1071,-1.0437735283267724,0.5859670520353788,1.5236596267464484,48,55,69,0.26648828907603117
6158,0.02399604079957296,0.7025584670142371,0.47900851364756614,0,0,0,0.47764633934063755
11345,2.933688937543279,0.27939109822534125,1.1635041974876885,92,97,111,2.221706540516335
1072,-1.0380729619987425,0.5784294902793061,1.5162287381156363,94,101,111,0.4188121243766027
6159,0.021811125777419837,0.7054992546401009,0.47609861059484837,0,0,0,0.493850537257117
11350,-3.553802567492092,-1.7529554550984574,1.3835356098365992,0,0,0,1.7386437288180439
1077,-0.5809640568928733,0.5859561067620207,1.5222823712893578,48,55,69,0.24129746251730388
6164,-0.09940847327313196,0.7444052777256989,-0.033165702309875256,231,231,231,0.23066156830730783
1078,-0.5809640568928733,0.5859561067620207,1.5222823712893578,48,55,69,0.24129746251730388
6165,-2.981043659817353,0.7892197274592383,1.8981613764108658,231,231,231,0.4304704451930949
6168,-2.686855214252627,1.9540769241237435,1.166165459409471,111,113,115,0.14939477050135236
1082,-0.9958784158262177,0.5816605638423549,1.3248029083310513,112,118,124,0.5771327826842535
6169,-0.7436488624719697,0.5949319134345503,1.0006169638967413,124,124,124,0.016729937561063342
1083,-0.7784780041338468,0.5858582434856714,1.337774151048144,124,124,124,0.37464918140376563
6170,-0.27090539962023685,0.7089644262951511,1.0871060340848315,57,57,57,0.20279250855037903
6171,0.06508851303540442,0.7006194130769408,0.38905392170931297,0,0,0,0.04580267478326895
11358,4.590555902450825,-0.48687389419070926,1.7877551104006462,10,13,14,0.4387134204960342
1085,-1.577405568845343,0.5979416742734143,1.2362981763921999,21,25,26,0.1829324781955466
11359,3.1567617090983457,0.7598512795740793,1.0185605230023862,0,0,0,0.1517473044648712
1086,-1.706968038595357,0.5976717166448646,1.1927034650056598,15,17,18,0.42844519312962315
11373,-2.565323308963005,0.2089578869818315,0.7264543858228452,0,0,0,1.1981669654407998
1100,-0.9773876140595301,0.5837182149054765,1.6781986478690325,124,124,124,0.35510318150914844
6187,0.17059833215970577,0.7055672449838375,0.46150522146980566,0,0,0,0.1431241796753124
11374,-2.565323308963005,0.2089578869818315,0.7264543858228452,0,0,0,1.1981669654407998
1101,-0.911835961886851,0.5858145827819019,1.6211396558653945,10,28,58,0.2371203363779433
6188,-0.42889149611624044,0.5677072114391464,1.5881105508252442,18,34,63,0.39009763419871063
1104,-0.7595148756907242,0.5845609256754181,1.620994804993019,13,31,62,0.32314461181229376
6191,-3.667087237127386,0.7661767838995592,1.860585692275469,231,231,231,0.6884324321912481
1105,-0.7249795587075476,0.5834011781865878,1.6214691486259936,13,31,62,0.5895673328267506
6192,-3.3054049474297647,-0.1974197357266515,0.44818683665533054,82,76,73,1.1535402556756578
1106,-0.9708709804917657,0.5842214565728872,1.6050672631770335,9,27,58,0.2120571224346668
6193,-0.6098744370234495,-1.6789893923294055,0.1372171408679499,231,231,231,0.6701049713331693
1107,-0.9708406720535754,0.5841323266329697,1.6050957781665813,9,27,58,0.20635473001665672
6194,0.1036079609052909,0.7078272246179085,0.4538310045767786,0,0,0,1.1216101952524944
2927,-0.8081758782060895,0.584801497622139,1.6247981244830716,83,86,95,0.03501338473551485
2928,-0.8081758782060895,0.584801497622139,1.6247981244830716,83,86,95,0.03501338473551485
2932,-0.7598171418983908,0.5844884052985297,1.6145372470262525,75,79,91,0.12021169582191034
2935,-0.8305989188554768,0.5851660033704846,1.6172510519641077,13,31,61,0.15084644550183499
2936,-0.8877463790336746,0.5843196651910028,1.592558897287888,19,35,63,0.031593801004277965
2937,-0.5276566636917386,0.5831977984429619,1.528344116997786,93,99,110,0.2714141620736667
2938,-0.5012960850412389,0.5789450274718473,1.5064897204801804,69,76,89,0.0728551119393816
2940,-0.7398858071476071,0.5853677738637502,1.5043669407276812,72,79,91,0.07661220947761604
2941,-0.7398858071476071,0.5853677738637502,1.5043669407276812,72,79,91,0.07661220947761604
2942,-0.7182841190784583,0.5848159041594081,1.4206588543379404,107,109,112,0.14552075291519034
2945,-0.5509389673515837,0.5857203174967527,1.2717101920738458,122,123,123,0.07855488596593198
2948,-0.48039024460444923,0.585682397208378,1.1569350838038173,11,45,44,0.19272398595392473
2949,-0.557217811492714,0.5861369343805716,1.1672738678995414,60,63,72,0.2469048607292059
2951,-0.5499258210480633,0.5875414955608289,1.15359105589497,122,122,122,0.21638056743887962
2958,-0.7653734303174486,0.5856154375473341,1.0901540914490315,122,122,122,0.09051963694443121
2959,-0.7803831559816876,0.5876063446466924,1.0937525399031593,121,122,122,0.10729248735610436
2962,-0.9046287763304872,0.5854706805246543,1.0718071913013507,101,103,107,0.14142386766006185
2966,-0.9752654153386691,0.5867619712938155,1.071278145662336,104,105,109,0.07593521075457171
2967,-0.07202112222105916,0.3874904351363634,0.8042099554393951,142,142,142,0.07060583178452262
2968,-0.07202112222105916,0.3874904351363634,0.8042099554393951,142,142,142,0.07060583178452262
2969,-0.7655163076581708,0.5871004152754424,0.9493848076026812,64,67,75,0.27500206630198976
2970,-1.0213468800506873,0.585855859006718,1.0721570474548887,100,102,106,0.0749775461167356
2972,-0.6997587995960144,0.5869651320351248,0.9033946575973663,74,76,82,0.11672296795785203
2978,-0.9759958988752278,0.585074660047707,0.9396183446056267,121,121,121,0.0336566821987281
2979,-0.951201426167243,0.5929420741963789,0.9059768584660851,123,123,124,0.015709613013016915
2980,-0.9239666991815985,0.5883643261747051,0.8849110155234705,104,105,109,0.07181716028905355
2981,-0.942635112941919,0.5869890456212534,0.887330239261538,102,104,108,0.09793361224794907
2982,-0.9844603196047519,0.5874986837877698,0.8852387941746038,107,108,111,0.06419904137412291
2984,-0.5132748039620303,0.5840747683626166,1.6350506213148948,103,105,110,0.07872196058243718
2988,-0.44091294513004353,0.5849673263839388,1.6037880697065459,1,3,13,0.16218335633146952
2989,-0.5975653582046676,0.5845231790137935,1.5235286064176026,33,41,58,0.043536302869260746
2991,-0.736053935826956,0.5858971021139685,1.4193391556487727,111,113,115,0.14015570827979326
2992,1.483641509831358,0.9380518149348427,0.7976141408731563,124,124,124,1.5831111601619494
2993,1.483641509831358,0.9380518149348427,0.7976141408731563,124,124,124,1.5831111601619494
2995,-0.7513589535685385,0.5822684471527111,1.2830522663648658,124,124,124,0.13412007766424278
2997,-0.9740820150255178,0.588229016371367,1.3292922493643227,0,0,0,0.12899141596322491
3000,-0.5687311283109899,0.5862247913885867,1.1209221735933301,19,56,46,0.1769152206138232
3006,-0.7505065543872895,0.5874536837219073,1.6283907569158926,76,80,91,0.062377233362995776
3013,-0.4880859631874752,0.5852753182634669,1.122575124652173,9,67,41,0.0668918786134669
3017,-0.6704667132260771,0.5781827287372567,1.6214807996561873,12,31,62,0.9549330302207679
3021,-0.7288886878310903,0.5845175899724451,1.156080383146375,106,112,118,0.3303402622322022
3024,0.7696295730917041,0.7070293776800964,1.580428283203398,0,0,0,0.8239210155749846
3027,-0.5391513308415679,0.5851186869948561,1.3104117694461397,113,119,122,0.3090610728685877
3034,-0.45012837819027074,0.5843002607632095,1.5157566101635358,60,70,90,0.11965609965173335
3038,-0.3203809533142328,0.6185119349951325,0.001574168916196772,107,107,107,0.5561013420082823
3040,0.7080199150375592,0.705242452390825,1.6674010263356427,0,0,0,0.7546703053929332
3046,-0.7284332671234148,0.5858951677473576,1.1500547672970012,111,117,123,1.2092650268059366
3047,1.9213423370241767,0.6576757265512856,0.851396117750435,5,5,5,0.46703039051666784
3049,-0.9204780067376634,0.5781868541612263,1.184975648589363,124,124,124,0.26038304544539964
3053,-0.6745849501900509,0.5811481575593436,0.9565508184117177,124,124,124,0.40490555057788874
3056,-0.7254548072197693,0.5875272490298549,1.357401502939016,124,124,124,0.4608929498164025
3057,-0.5102826803893425,0.5880935744542399,1.664048667711184,0,1,5,1.2647442623703913
3058,2.1586724739518766,0.5546783816258556,1.2175839083745021,101,106,122,1.8312456265166528
3061,2.0628905294921944,0.29427293458539217,1.237589785194396,101,107,122,0.29561896878142435
3062,2.5208489858141494,0.5395280283400685,1.2401971514183339,29,29,29,0.737732963474643
3065,1.9302130718610386,0.3915599693239751,0.9381110499122948,0,0,0,0.1528253238646591
3066,2.1325522601788185,0.702312756828561,0.9479838725329076,124,124,124,1.006606203465886
3068,1.975637487352139,0.4767054931854502,0.9772967942610529,0,0,0,0.17559789504695453
3069,1.958190508946518,0.5067052985461418,0.9555936733994931,0,0,0,0.8727190088946151
3075,1.9465830793948464,0.42171690282220664,0.9234901954239564,130,130,130,0.21184109756448757
3077,1.9721346783054583,0.4936625119542666,1.0362484024116436,0,0,0,0.25656010203946383
3079,0.7601661568946153,0.7041661082486177,1.6687351489964741,0,0,0,0.8057285101792138
3081,1.9726407799319046,0.49656472300341803,0.9823737873377058,0,0,0,0.6544555257641508
