ply
format ascii 1.0
element vertex 11326
property float x
property float y
property float z
property uchar red
property uchar green
property uchar blue
end_header
2.37718484 -0.835867642 1.5573113 231 231 231
3.83292965 -1.28786466 0.798109766 113 119 136
3.83292965 -1.28786466 0.798109766 113 119 136
6.12912843 -0.288560118 1.27117255 231 231 231
-3.06021322 0.294172279 0.863189385 0 0 0
-5.21843944 -0.672958288 0.909964409 165 165 165
-3.50268647 -1.56896745 1.22389414 2 2 2
2.98689693 0.0738955521 1.13974963 0 0 0
-2.17039471 -1.12400674 1.23359379 232 232 232
-3.15624951 0.0998617913 1.34307675 116 122 139
-3.26191719 0.210051179 0.827574636 64 67 77
-2.39842545 -1.12509039 1.234283 231 231 231
-3.11959944 0.166887556 1.25785369 75 79 91
-5.89805952 -0.267280825 1.03301111 0 0 0
-3.18231472 0.232391321 0.948213036 60 63 73
-3.11518779 0.169053063 1.1439058 66 70 81
2.73529891 -0.153315204 1.35886684 59 62 72
4.20888337 -1.62903382 1.42270124 0 0 0
2.75860154 -0.152969568 1.30288319 113 119 136
2.7545819 -1.3485344 1.29742982 111 117 134
4.82087205 -1.46703678 0.875376492 59 62 72
4.28367066 -1.10517035 0.860038924 109 115 132
3.77587685 -0.982426539 1.07133774 68 67 67
2.69993893 -0.951744489 1.07758006 0 0 0
3.21048875 -1.29965005 1.21655347 231 231 231
3.88356572 -0.11072839 1.07737244 61 64 75
4.16063783 -1.52672986 1.093459 163 163 163
-0.991103045 -0.903830343 0.957739431 98 103 119
-1.07447103 -1.09250383 0.821170388 130 130 130
-2.67012865 -0.445675475 1.74976942 236 236 236
-1.119731 -1.05339441 0.667026205 0 0 0
1.94031772 0.0763782481 0.896823645 0 0 0
-0.309029171 -1.73364229 0.863092643 0 0 0
4.07613657 -0.528165202 1.12377472 0 0 0
-2.03219427 -1.29764303 1.18937025 8 8 8
-2.09545777 -1.56125045 1.23203958 127 127 127
2.05377556 -1.37196849 0.951437165 103 109 125
-1.11641631 -0.980914307 0.666224003 130 130 130
-1.11641631 -0.980914307 0.666224003 130 130 130
-1.11681748 -1.08445535 0.666657119 130 130 130
2.07538855 0.114819585 1.23949433 84 89 102
-1.39793705 0.628697489 2.05014442 0 0 0
1.56169777 0.0475946774 1.1065429 0 0 0
4.12087335 -1.47470946 0.988971299 0 0 0
-0.231521993 0.768410237 1.96597197 231 231 231
0.522753506 0.734810602 1.9425953 0 0 0
2.96067661 -1.61856706 1.32120289 0 0 0
4.1032029 -0.406967386 1.1044758 225 225 225
2.62741329 -1.11223831 0.932090931 0 0 0
3.45682458 -0.898130334 0.83294691 84 79 75
2.63943558 -1.15631602 0.87824457 59 62 72
2.95175852 -0.943447382 1.37572975 59 62 72
2.90017806 0.194996392 1.22759713 111 117 134
4.01100021 0.775181695 0.994388743 11 14 15
2.69411307 -1.1116705 1.07695743 0 0 0
3.97897448 -1.47501798 1.09182974 0 0 0
2.96539893 -0.851631634 1.27512966 110 115 132
3.92984609 0.615151776 1.19304886 29 30 30
3.55452045 -0.135548048 0.791473171 84 78 75
2.82764368 -1.18079833 1.3125703 231 231 231
5.6278116 -1.58452715 0.848022082 231 231 231
2.68074851 -1.06764795 1.02289816 0 0 0
2.68074851 -1.06764795 1.02289816 0 0 0
6.25861145 0.275029405 0.212941128 130 0 0
2.79101769 -1.3212202 1.32590186 59 62 72
2.9167647 -1.35969481 1.30720606 231 231 231
4.07763782 -0.483422672 1.11779327 223 223 223
2.79434037 -0.153623093 1.29200567 111 116 133
3.99747755 -0.4559641 1.12439001 224 224 224
2.77821608 -1.62985385 1.33562471 59 62 72
2.63581412 -0.917645031 0.892660942 59 62 72
2.89363965 -0.904555815 1.30570645 108 113 130
3.04223126 -1.20671084 1.33240551 105 110 126
2.69606666 0.193394279 0.935342863 0 0 0
2.65243867 -1.06611819 0.985143284 130 130 130
2.66454029 -1.03695743 0.999573093 0 0 0
4.10195907 -0.425206166 1.12139997 0 0 0
2.85108052 -1.19852915 1.2774293 231 231 231
3.25325057 -0.895792596 0.921942037 111 116 134
-2.07086377 -1.58649502 1.2203965 107 107 107
0.449970901 -0.704535495 1.60403995 0 0 0
0.710179823 -0.597607306 1.7287038 0 0 0
-0.876852094 -1.26762334 1.2420495 0 0 0
-3.2704925 -1.67474432 1.12647252 0 0 0
-2.54254239 -0.00588446353 0.744451247 216 216 216
-3.1619637 -0.137307774 1.29206166 79 77 77
-3.23573409 -1.52822983 1.29431267 231 231 231
-5.29553157 -0.917210505 1.04114892 111 111 111
-2.57015045 0.235069796 0.638939724 0 0 0
-3.13427137 0.189512927 0.833514994 0 0 0
-3.15997374 0.400450426 1.28589957 0 0 0
-5.82952544 1.15343086 0.671031834 11 11 11
-2.57008577 -0.0143345945 0.818128344 228 228 228
-3.77233975 -1.84133866 1.19679572 2 2 2
-3.11784292 0.455261915 1.38552847 0 0 0
-2.32761081 0.743108026 0.863128841 0 0 0
-2.68908856 0.583111639 1.08409275 95 100 115
-3.80191265 -1.77894133 1.15677874 2 2 2
2.96955591 -0.121570406 1.14011501 0 0 0
-3.05629067 -0.99139001 0.881201888 108 106 106
-3.18308538 0.170390297 0.950633804 96 101 116
-3.24346073 0.573994912 1.32885693 114 120 137
-3.24996391 -1.5658603 1.27689244 231 231 231
-5.55616648 -0.993174472 1.07976242 200 200 200
-3.01390799 0.817210125 0.870781145 123 123 123
-3.26626193 0.210553267 0.828925208 62 65 76
0.0626546382 -0.070842597 -0.00557586451 0 0 0
0.99014396 0.75186314 1.03964588 57 57 57
-2.22426528 0.212061071 0.571103474 0 0 0
2.07296972 -0.144720221 1.24948199 114 120 138
5.92759298 0.0487117343 0.303479117 41 41 41
2.69019021 0.236405416 1.00814602 59 62 72
3.02017391 -0.888199421 0.787184683 86 80 77
3.93478867 -0.5708393 1.116504 222 222 222
5.55656187 0.126409965 0.891474589 59 62 72
2.65219785 -1.05636918 0.97169454 130 130 130
2.67192526 -1.0866733 0.992860001 130 130 130
2.90662931 0.242126421 1.25881044 81 86 99
5.19932518 0.0296866844 0.769887122 231 231 231
5.25296864 -0.674524369 1.12583668 231 231 231
2.29368121 -0.0777767913 1.59617049 86 90 104
6.81162131 1.3344939 0.91716481 86 91 104
6.18920967 -0.761553804 0.161047857 25 25 25
-0.0850913235 -1.67223956 1.14797747 0 0 0
-2.27207019 -1.09550221 1.24451901 0 0 0
-4.90551362 -0.876889097 1.0635997 70 68 68
-0.302305679 0.703704707 0.0590634969 5 5 5
-0.971408834 -1.65727261 0.804664983 0 0 0
-2.64674236 0.667425119 -0.0259088278 85 79 76
-0.295649836 0.680817785 0.00538221455 157 157 157
0.0160122414 0.713045139 0.473767013 0 0 0
-0.0749090286 -1.70253128 0.951882617 231 231 231
0.0519260922 -1.4537245 0.650071434 231 231 231
0.994525894 -1.7131415 1.51539954 231 231 231
-2.23269007 -0.982142292 1.23527961 236 236 236
0.664918107 -1.46953024 0.364756597 84 78 75
2.00448863 -1.6130982 0.656685025 21 21 21
1.15137229 -1.61821973 1.0413034 231 231 231
-0.949831355 -1.19944939 0.980341036 59 62 72
2.00142913 0.27846667 0.932997602 59 62 72
1.9539577 0.446345417 0.965931018 130 130 130
1.97520916 0.449221269 0.96315534 130 130 130
2.76389019 -0.790637599 0.792324871 231 231 231
1.52278681 -1.71121376 1.56077338 0 0 0
-1.12130305 -1.04602856 0.661887524 0 0 0
6.16040438 -1.18178376 0.249868853 231 231 231
3.41540452 -1.44278786 1.19922006 59 62 72
1.98849725 0.530679014 0.999751339 130 130 130
1.98479267 -1.57890218 1.02274636 59 62 72
5.72178777 -1.27268084 1.43385241 130 130 130
-0.976134634 -1.16209149 0.993321237 231 231 231
-2.17653088 0.274824189 0.627708687 118 124 142
-0.250889138 -1.70236582 1.10528688 0 0 0
-2.95938921 0.125998867 1.00285786 0 0 0
-2.18209841 -1.10645756 1.24063092 0 0 0
0.457424563 -0.864907908 1.53470306 8 8 8
-0.828326197 -1.7637691 -0.0274299394 231 231 231
-1.09641237 -1.42646508 1.12265501 8 8 8
1.94886447 -0.0799697193 0.896031373 0 0 0
1.98635855 0.319643965 0.826063702 59 62 72
1.98635855 0.319643965 0.826063702 59 62 72
2.35749507 0.553114824 1.26758262 0 0 0
2.90400466 0.0708484901 1.30692584 83 88 101
-0.13602538 0.782583551 2.02323794 57 57 57
-0.183012686 0.76412826 2.02036476 57 57 57
2.01851581 0.330221593 1.10007843 130 130 130
2.00174522 0.324298782 1.10483862 130 130 130
2.1155239 0.768602048 0.89218667 24 33 48
2.14613675 0.584857568 1.22345 100 105 121
1.9187178 -0.80571057 1.33022452 0 0 0
-1.11070488 -0.809458172 0.505829312 60 64 74
-0.0719924868 -1.73318886 1.17109516 130 130 130
-2.23154301 -1.08622589 1.23372188 235 235 235
6.24595798 -0.939209695 0.273261282 231 231 231
2.80121202 -0.969668307 1.36322806 90 95 109
2.8218996 -1.62262124 1.3076197 231 231 231
2.93989909 -1.34601432 1.32458638 59 62 72
5.580279 0.168423222 0.866780646 231 231 231
2.93835294 0.233493167 1.24540721 231 231 231
2.72593555 -0.934276192 1.13312053 130 130 130
4.26494523 -1.65012445 1.45211933 231 231 231
4.23937104 -1.64272693 1.46134757 231 231 231
2.65709583 -1.02797562 0.982259816 130 130 130
3.94504738 -0.582548976 1.12895349 0 0 0
5.94153573 0.17993673 1.31568875 5 5 5
5.68694254 -1.31766338 1.35426864 0 0 0
2.68228454 -1.07152635 1.00010854 0 0 0
1.99825063 -1.34978178 0.951748592 115 121 138
0.0362823691 0.672336514 0.535158915 5 5 5
1.02252752 0.754085888 1.05465231 0 0 0
-1.18491446 0.613502137 0.533131525 106 106 106
0.313782769 0.621396863 0.553558072 143 143 143
0.639493094 0.675806525 1.46594073 142 142 142
-2.16196293 0.646329569 0.602159552 5 5 5
-2.55818398 -0.042432907 0.79224993 228 228 228
3.66863053 -1.78316224 0.867659803 231 231 231
2.85234185 -1.58148688 1.31110878 59 62 72
2.05674378 -0.86202772 0.840191848 66 70 80
3.24874005 -1.77551892 0.841362062 5 5 5
3.19421534 -1.78007263 0.866451066 139 139 139
1.87930809 -1.43707094 0.653972352 130 130 130
4.15246108 -1.65096931 1.49629958 231 231 231
1.60783198 -1.72044406 1.61251305 231 231 231
2.76850476 -0.973688539 1.32247371 231 231 231
-1.13949454 -1.11365437 0.625029727 0 0 0
-3.79905215 -1.7339177 1.97160492 231 231 231
4.01467292 -1.46818137 0.963403352 165 165 165
4.01461183 -1.48543095 1.00553907 165 165 165
3.98976634 -1.50317016 1.09320876 0 0 0
-6.44307626 -4.33002468 -2.38161254 0 0 0
-0.828892891 -1.53218081 1.02057509 231 231 231
1.2335261 -1.76212971 0.87377612 8 8 8
-1.27581599 -1.02392001 1.00440014 107 107 107
2.98723984 -0.12060124 1.14630988 228 228 228
2.04208759 -1.13450907 0.983485856 231 231 231
2.77562045 -1.38871308 1.05349979 64 68 79
-4.62623272 -0.822311462 2.00626155 0 0 0
-1.63251185 -1.48655171 0.910703115 96 101 116
2.99184618 -0.866693271 0.876531599 59 62 72
3.39613327 -1.27671884 0.802645547 82 86 99
1.37923191 -1.73415954 1.57287922 0 0 0
3.00902299 -0.0997711332 1.08547464 0 0 0
2.78893512 -1.45850863 0.885115248 59 62 72
-3.70208031 -0.957526983 0.0799425273 108 106 106
2.71879847 -0.943700306 0.829758368 0 0 0
0.65316472 -1.68471056 2.05308597 41 41 130
-4.52116997 -1.82367855 2.03314845 0 0 0
4.03270669 -1.49044335 1.01495401 0 0 0
3.26485377 -1.76335178 0.844885791 5 5 5
3.99531439 -1.47475486 0.984515995 0 0 0
4.14214828 -1.45929444 0.940306447 0 0 0
2.83264998 -0.907102546 1.33769383 231 231 231
1.96034613 0.0501981492 0.918473709 0 0 0
2.91790641 -1.36564119 1.3544183 96 101 116
0.981240891 -1.61982947 1.51183876 106 106 106
3.72683901 -1.67443588 0.694985308 231 231 231
3.42904869 -1.69282608 0.783061927 8 8 8
0.817245005 -1.63050359 1.42913398 90 93 100
1.03543214 -1.6102306 1.22744639 116 117 117
2.00543888 -0.965530984 0.594175557 84 89 102
1.00593173 -1.60058542 1.12059063 105 106 109
4.02514887 -1.51224607 1.05859971 0 0 0
-2.05807797 -1.69251937 -0.0523985559 80 74 71
3.93619551 0.332609162 0.861168962 236 236 236
2.96298756 -0.196705666 1.13432717 112 118 136
1.90313364 -0.923490697 0.587768421 69 73 85
3.15508934 -1.36010034 0.971848774 0 0 0
-5.47980137 -0.618252563 0.950995584 163 163 163
2.87900993 -0.882640376 1.27370114 65 68 79
3.88248225 -0.402751486 1.12241208 234 234 234
4.28927044 0.55018751 1.178561 29 30 30
4.17076268 0.558095111 1.49544147 110 115 132
1.91716011 -0.986605621 1.01713144 231 231 231
3.46590923 0.0275225499 0.0750378146 0 0 0
3.67688826 0.473374398 0.913118061 0 0 0
2.15444921 -0.125853781 1.31537053 115 120 138
4.09241501 0.233069561 0.882253674 236 236 236
4.09241501 0.233069561 0.882253674 236 236 236
4.04046736 -0.44404107 1.1385656 234 234 234
3.09715452 -1.39247563 0.88132035 228 228 228
-2.75722552 0.648615434 0.953672857 90 95 110
4.25869439 0.550431945 1.13228706 10 10 10
3.2455835 0.727724011 0.950721828 9 9 9
4.20037066 0.581197973 1.47188499 119 125 143
3.75535036 -1.56041859 0.803453138 231 231 231
3.30024863 -1.67507675 0.671596412 0 0 0
2.53577488 -0.911138559 1.1098514 231 231 231
2.81139167 -1.35389864 1.3062306 231 231 231
2.08057591 -1.0594782 1.00804194 231 231 231
0.355303304 1.55660747 -0.0715191512 10 10 10
2.98049626 0.646269314 1.00967041 231 231 231
3.23932887 -0.0348973775 0.144742955 231 231 231
3.92225488 0.313209015 0.845515986 236 236 236
3.39677785 -0.21909157 0.860945584 117 123 141
2.90130287 -1.177717 1.29764261 231 231 231
3.91234947 0.55691782 1.29242784 80 85 97
2.93306509 0.565910818 1.33246325 59 62 72
2.93322823 -1.33135916 1.32967406 67 71 82
2.80322781 0.722336213 0.763189554 231 231 231
-0.966542246 -1.43255555 0.635299696 69 73 85
1.23988511 -1.68000189 1.43830653 231 231 231
4.14471942 -1.51711027 1.08197445 0 0 0
2.07430006 0.450232081 1.30328751 115 121 139
2.99490641 -1.60422097 1.06159534 228 228 228
4.07029838 -1.47880693 0.988094429 0 0 0
3.04665184 -1.36951991 1.04396048 110 115 132
2.70070174 0.226947233 0.862395412 119 125 143
3.04860917 0.730693262 0.917854447 10 10 10
3.16795159 0.772438689 1.00560699 13 16 16
3.03268403 -1.47138711 1.03169356 0 0 0
2.69013449 0.243685852 1.0087745 77 81 94
-2.26447331 -1.08032109 0.0836637617 107 107 107
4.04397143 0.246931153 0.860390883 236 236 236
2.87079291 -1.12401996 1.36900143 99 104 120
4.16742349 -0.605481829 1.1199107 234 234 234
2.99603473 0.614334035 1.11022118 106 112 128
2.91956301 -0.203673815 1.08074464 112 118 136
-0.056070768 -1.67925944 0.93038533 130 130 130
1.99091291 -2.94894067 -0.00554874045 8 8 8
1.99091291 -2.94894067 -0.00554874045 8 8 8
4.01695941 -0.470565179 1.12380651 235 235 235
2.93942121 -1.17107511 1.32285614 59 62 72
3.04230309 0.243691983 0.863109124 0 0 0
3.0105164 0.179246363 0.924350127 109 114 131
2.78002282 0.250578469 1.16558444 90 95 109
3.89932047 0.0476114554 0.832526583 112 118 135
3.87004736 0.39021885 0.850121883 0 0 0
3.02768341 0.196856507 0.837195778 100 106 121
2.56131348 -0.905248223 1.06247836 98 103 118
2.94119084 0.563843832 1.33447471 59 62 72
2.98373005 -1.34888601 1.34300025 231 231 231
4.10899896 -0.58922053 1.12365664 0 0 0
3.04409378 0.171246747 0.860438766 0 0 0
4.12023154 -1.46552494 0.951290463 0 0 0
3.79758699 -1.59584705 0.789027066 231 231 231
4.08074541 -1.47872311 1.00005878 0 0 0
3.99146586 -1.51570135 1.08047479 0 0 0
1.62878417 -0.828266885 0.522211373 105 111 127
4.0932423 -1.45580035 0.970813493 165 165 165
3.03526155 -0.0709329678 1.06565994 228 228 228
2.85067749 -0.897651808 0.874142173 231 231 231
2.91019512 -1.17723498 1.29597303 231 231 231
3.01050003 -1.57244244 1.08815599 0 0 0
2.85107708 -1.60737426 1.36374331 231 231 231
3.06937394 -0.0413646018 0.97115438 228 228 228
2.71739263 -0.962038794 1.33294395 98 104 119
2.73825359 0.240598968 0.957276532 59 62 72
2.80751205 -1.66929259 1.26856591 231 231 231
4.08069329 -1.47139738 0.969139183 166 166 166
3.97910521 -0.453468814 1.12458198 236 236 236
3.79119171 -0.208293691 1.07794971 68 67 67
2.93075772 -1.23799117 1.15644014 112 118 135
3.41920825 -1.42289896 0.832433789 94 99 114
2.68876251 -0.846141146 0.883080371 59 62 72
-0.999330335 -1.60712427 0.650219243 92 97 111
-2.91473045 -0.221876847 0.930348856 84 83 83
-4.92379828 -0.728487118 1.21612011 231 231 231
3.87094295 -1.50666006 0.994270021 231 231 231
1.94024071 -1.47349396 0.704780966 0 0 0
3.98238653 -1.46395351 0.890690253 166 166 166
3.00351122 -0.0893238888 1.12715216 228 228 228
3.37376697 -1.70484189 0.798808915 94 99 114
3.43645237 -1.69901595 0.85027936 231 231 231
-1.17026207 -1.64875121 0.526829175 84 89 102
2.80372251 -1.17659848 1.32179054 94 99 114
2.7868763 -1.63530835 1.31886351 94 99 114
3.99716165 -0.461505786 1.12353048 235 235 235
3.05046103 0.0202116974 1.02545807 228 228 228
2.60442854 -0.834031885 0.868170893 116 122 140
2.98301891 -0.18230095 1.17890189 111 117 134
2.83305137 -1.36454336 1.32897785 231 231 231
4.04944198 -0.512741685 1.12968369 0 0 0
3.32589337 -1.62132525 0.709838933 0 0 0
3.04576116 -0.20070647 0.949157602 110 116 133
3.04975845 -0.00670384026 1.00229488 0 0 0
3.05016304 -0.00670276641 1.00248537 0 0 0
3.03357788 -1.49472345 1.01749698 0 0 0
2.77710285 -0.890498473 1.32643101 99 104 119
4.03813165 -0.552488743 1.1232016 235 235 235
3.34583005 -1.63129341 0.737994415 231 231 231
2.73391816 0.224614019 0.813883058 85 79 76
3.06418735 -0.829918228 0.847483837 105 110 127
3.06114102 -0.00412861454 0.974045947 228 228 228
3.03712867 0.0241754186 0.996737132 228 228 228
3.04899513 -0.854039588 0.944317771 109 114 131
3.01771208 0.055330218 1.08474033 0 0 0
1.96942079 -0.974997056 0.569298655 84 89 102
3.0259103 -1.45529761 1.04905973 228 228 228
2.95121158 -0.864130541 1.17701628 109 114 131
-1.03669472 -1.32174761 0.703884529 66 70 81
3.39303615 0.19401568 0.847519776 118 124 141
4.10880216 -0.581948703 1.12693819 0 0 0
4.10989152 -0.58106907 1.12777626 0 0 0
2.90108138 0.26553197 0.815451474 100 105 121
3.75524542 -0.550363843 1.11180875 0 0 0
3.66756264 -1.76234244 0.867784982 8 8 8
3.66755459 -1.76245749 0.868101945 8 8 8
3.73648084 -0.589508243 1.10390148 59 62 72
2.74845194 0.252791763 0.843163415 96 101 116
3.09714972 -1.39675744 0.88788624 228 228 228
3.09714972 -1.39675744 0.88788624 228 228 228
2.51191971 -0.882156204 0.909142203 101 107 122
2.97985776 -1.58878115 1.13600627 228 228 228
2.98085172 -1.58802177 1.13691167 228 228 228
-2.67571099 0.212492211 0.79434613 0 0 0
-2.67571099 0.212492211 0.79434613 0 0 0
4.05907796 -0.536712412 1.12412454 0 0 0
4.06763112 -0.531204817 1.13090187 0 0 0
3.02674078 0.251283867 0.853814948 0 0 0
3.41498455 -1.43709948 0.826137018 94 99 114
3.40676197 -1.44606384 0.820980329 94 99 114
3.08745943 -0.200975115 0.901189218 100 105 121
3.03633912 0.0290104315 1.03341795 228 228 228
3.22100648 -1.76364148 0.871788985 11 11 11
2.76220458 -0.92469745 0.983915088 92 97 111
3.78300989 -0.217497986 1.11473182 131 128 128
3.03916142 0.174840437 0.858967872 0 0 0
3.04056113 0.174614559 0.859666727 0 0 0
3.04763679 0.00285502239 0.978341372 228 228 228
3.04763679 0.00285502239 0.978341372 228 228 228
2.75252623 -0.939618222 0.75403971 0 0 0
3.06476166 -1.22936402 0.868962576 0 0 0
3.06476166 -1.22936402 0.868962576 0 0 0
3.01157304 -1.30151051 0.8603938 59 62 72
3.08774242 -1.37915714 0.897627268 99 104 120
2.79205979 0.235588731 1.00301316 69 73 84
2.67605155 -0.839164138 0.839268447 82 86 99
3.04391251 -1.40848047 0.902807221 99 104 120
3.06001405 -1.38987003 0.928302878 105 111 127
3.02613918 -1.30735824 0.964100353 105 110 127
2.98435083 -1.40204153 1.06400598 110 115 132
3.01140393 -1.41218646 1.08589591 0 0 0
2.05761083 -1.13108336 0.983769835 59 62 72
2.68226235 -0.873949976 1.20755964 231 231 231
2.78466958 -0.917403359 1.30248641 231 231 231
-1.25957371 -1.30196117 0.587675963 107 107 107
2.91492105 -1.61359444 1.32550305 231 231 231
-2.76417569 0.230614286 0.912614239 84 89 102
-3.06936508 -1.66378308 1.21986335 231 231 231
-3.49486351 -1.74869262 1.37109556 2 2 2
-3.49486351 -1.74869262 1.37109556 2 2 2
3.38742213 0.209663254 0.840251083 73 77 89
3.38742213 0.209663254 0.840251083 73 77 89
3.76310209 -0.57985071 1.11509916 59 62 72
1.88733754 -0.81398812 0.474508494 61 64 74
2.51138387 -0.904914862 0.980131967 89 94 108
-3.32654717 -1.69889807 1.24413871 2 2 2
3.65867465 -1.76151121 0.878308643 231 231 231
3.02877402 0.0124132416 0.973139842 0 0 0
1.91799222 -1.05249396 0.499434371 84 89 102
2.93938344 -1.18768139 1.29260283 59 62 72
-2.57230947 0.0749525814 0.916978528 228 228 228
-3.34819992 -1.69233866 1.20648027 2 2 2
2.69860475 0.21973451 0.852585864 92 97 111
3.28031758 -1.74806214 0.838626739 229 229 229
3.25878679 -1.76887469 0.855535407 231 231 231
2.73568363 0.230723819 0.961402705 93 98 113
2.7299175 -0.845394364 0.957374339 86 91 104
3.04703319 -1.54513722 0.988103191 228 228 228
-1.00167264 -0.830014487 0.650020917 59 62 72
2.95111574 -1.34711416 1.37174234 231 231 231
0.738089576 -1.55909555 0.989656731 8 8 8
0.972266812 -1.63066562 1.49373238 97 98 99
-6.20849272 0.0551807834 1.1185321 0 0 0
1.23038983 0.766731629 0.892358984 6 20 42
-1.01576617 -1.21551089 0.64049586 99 104 120
-2.57478532 -0.0629114339 0.824777863 228 228 228
2.01976427 -1.11772997 0.977210902 231 231 231
-1.94987122 -1.59135506 0.267714688 94 99 114
-2.11656792 -1.58254948 0.00808455147 107 107 107
-1.01233662 -1.22242111 0.658032982 68 72 83
2.93187627 -1.3010438 1.09748916 62 66 77
0.230578051 -1.73155739 1.0848724 231 231 231
3.09509681 -1.42523687 0.906124559 228 228 228
3.07457034 -1.50201717 0.97032407 0 0 0
-2.27682153 -1.72867055 1.00702458 231 231 231
1.60532582 -0.882962546 0.481668123 109 115 132
1.49347031 -1.69629911 1.68387969 231 231 231
2.64133142 -1.49205184 0.845727085 113 119 137
2.93329926 -1.63500945 1.32411397 59 62 72
3.17145051 -1.74306174 0.872731337 231 231 231
2.16530234 -1.11127498 1.05582031 59 62 72
2.90838893 -1.59892832 1.30820733 231 231 231
2.87667823 -1.62959412 1.30147716 231 231 231
2.92599156 -1.19546062 1.36284258 231 231 231
-4.01419676 -0.764328835 1.3759287 231 231 231
3.01274955 -0.0995429413 1.08645897 0 0 0
3.0892965 -1.5855061 0.882870101 228 228 228
3.0892965 -1.5855061 0.882870101 228 228 228
-19.5996857 -8.39543245 -5.64805049 107 113 129
-1.27869648 -1.46207488 0.938319161 231 231 231
3.01477688 0.0608646659 1.08992568 0 0 0
3.24731907 -1.76366438 0.864062955 8 8 8
3.24731907 -1.76366438 0.864062955 8 8 8
3.22642029 -1.75652464 0.876228232 14 14 14
-3.78366871 -0.730634308 1.17115657 111 111 111
-3.71981772 -0.730301135 1.17150822 111 111 111
-3.14227219 0.327627167 1.29762851 231 231 231
3.05610155 -0.852198586 0.880620025 98 103 119
3.41950685 -1.67274723 0.832518943 94 99 113
3.01897455 -1.44686102 1.05694626 228 228 228
3.01897455 -1.44686102 1.05694626 228 228 228
2.8254197 -1.64552656 1.30614192 231 231 231
-5.7009041 -0.449318855 0.930936196 79 77 77
-5.93881941 -0.659981809 1.08503658 231 231 231
0.77718364 -1.63685654 1.47331039 20 25 38
-4.23064795 -0.807502032 1.26336197 231 231 231
3.0297186 -0.0176327236 1.04287342 0 0 0
3.25953882 -1.76826665 0.855848049 231 231 231
3.174241 -1.75393566 0.903013034 8 8 8
3.174241 -1.75393566 0.903013034 8 8 8
3.07605617 -1.56855634 0.940077419 0 0 0
3.07657486 -1.56819232 0.940284667 0 0 0
2.74273537 -0.85691338 0.984571132 67 70 82
3.04669238 -1.70089461 0.936740497 231 231 231
-1.02607584 -0.880890676 0.640990851 92 97 112
-0.946759587 -0.965278613 0.8080355 0 0 0
-1.04595431 -0.923382543 0.87318329 197 197 197
-0.931002796 -1.09785897 0.892092845 197 197 197
-2.89434111 0.129800217 1.09377492 100 105 121
-2.22659331 -0.919659689 1.21733913 67 67 67
-3.07692469 -0.133887162 1.31848193 0 0 0
0.421665491 -0.993973861 1.44531101 0 0 0
0.421665491 -0.993973861 1.44531101 0 0 0
3.27122635 -1.75147418 0.840145826 230 230 230
3.18513406 -1.76501953 0.867209554 8 8 8
2.91001231 -1.56794946 1.32527714 231 231 231
-1.0498036 -0.924685823 0.790321172 197 197 197
-2.52664242 -0.115805372 0.752382022 228 228 228
-0.178500932 -1.72404953 1.00567218 0 0 0
-2.69083166 -0.15985655 1.10629793 101 106 122
-6.27505231 -0.39649985 1.00896295 0 0 0
-6.2467858 -0.395866045 1.01025961 0 0 0
0.492844307 0.484004684 1.63787001 0 0 0
-0.337285815 -1.72624688 1.11712019 0 0 0
-4.24693011 -0.747687287 1.14520034 209 209 209
3.07542047 -1.55126516 0.895880894 228 228 228
3.00086061 -1.42359557 1.12580527 228 228 228
-0.669431538 -1.69481361 1.01566029 231 231 231
3.07248331 -1.7148683 0.885261686 231 231 231
2.99511498 -1.73051559 0.914512467 110 116 132
2.97709706 -1.56562411 1.11572548 228 228 228
3.05792805 -0.836814918 0.839582343 109 114 131
3.00434082 -1.25620563 0.896352194 106 112 128
2.89023766 -1.38651853 0.864986574 59 62 72
2.89023766 -1.38651853 0.864986574 59 62 72
3.06763139 -1.64487357 0.90590386 99 104 120
2.76216041 -1.4784572 0.871041244 59 62 72
-1.98441282 -1.70615985 0.162540706 231 231 231
1.44770412 -1.70781866 1.31572834 231 231 231
2.66267307 -0.236983494 0.873570071 118 124 142
3.03284259 -1.27240593 0.856281966 0 0 0
3.03633385 -1.27032319 0.859267111 0 0 0
2.90670565 -0.874963612 1.00384489 59 62 72
2.31847463 -0.854587297 0.830581173 108 113 130
3.03709908 -1.49113237 1.0211316 0 0 0
-1.02776255 -1.73789117 0.798967831 231 231 231
3.02239359 -0.098312569 1.08967541 0 0 0
2.89190981 -1.60524708 1.34131279 96 102 117
2.86843481 -1.5484933 1.36350543 59 62 72
3.03605399 0.0294225072 1.03323861 228 228 228
2.98026249 -0.219507695 0.975324242 86 81 77
2.70529762 -0.947306296 0.85764613 84 89 102
2.89634102 -1.17174775 1.3064224 231 231 231
-5.39093786 -0.70020168 0.984816714 204 204 204
-3.20555543 -1.58306717 2.06997922 50 50 151
2.25018986 -0.830110332 0.768589057 92 97 111
2.98047149 -1.39585916 1.1423924 228 228 228
-2.58393042 -1.77465399 0.00230074817 231 231 231
2.82731396 -1.62466607 1.3428367 231 231 231
1.51368152 -1.70601122 1.54142468 130 130 130
-3.02213931 -0.219931696 1.2804306 231 231 231
-6.01054181 -0.562855758 1.07755692 231 231 231
-0.961201 -1.01424929 0.924169443 0 0 0
3.05791736 -1.68795404 0.864997922 231 231 231
3.06685469 -1.67188099 0.890710555 99 104 120
2.02284275 -0.850436196 0.836646086 59 62 72
2.96014435 -1.17332843 1.36615208 231 231 231
2.90495223 -1.57163583 1.32312884 231 231 231
-0.982098482 -1.10668161 0.838392953 197 197 197
-2.96328159 -0.137574339 1.30184021 231 231 231
-8.05430308 -5.02508219 -4.38493019 0 0 0
3.02529924 -1.5231347 1.03110239 0 0 0
3.02529924 -1.5231347 1.03110239 0 0 0
-0.951550837 -1.32089657 0.657431903 92 97 111
-0.912470408 -0.905238124 0.947265374 197 197 197
1.70278963 -1.6588331 1.36985725 130 130 130
-3.43749145 -1.67947093 1.20333567 231 231 231
-4.32700116 0.734186383 1.71594083 231 231 231
2.71186271 -0.846718853 0.867939409 59 62 72
-1.01371663 -0.896835284 0.624781304 69 73 85
-2.69070112 0.252309592 0.712596245 109 115 132
-2.56581549 -0.0342292575 0.797408692 228 228 228
-5.41115034 -0.709731189 1.11976288 0 0 0
-4.9149249 -0.446400577 1.20517138 0 0 0
3.02548415 -0.0236779285 1.0659139 228 228 228
3.02548415 -0.0236779285 1.0659139 228 228 228
-0.965765822 -1.63345367 0.958542116 0 0 0
3.02397268 -1.15041423 1.35716258 80 84 97
1.02958538 -1.60299123 1.43110583 91 94 100
-3.74821938 -0.768974784 2.07888256 231 231 231
-1.00070421 0.571939659 0.935398408 113 114 116
-5.27132538 -0.694470753 1.08970149 0 0 0
0.778636228 -1.63012526 1.01501823 101 101 101
1.40812308 -1.71966194 1.35712664 130 130 130
-1.27163276 0.591603562 1.02851899 0 0 0
-0.96561631 -1.75667408 0.738852181 231 231 231
2.25634652 -0.916457538 0.865697347 73 77 89
2.86339591 -1.26718248 1.11769211 111 117 134
2.98227673 -1.29426923 1.01597657 59 62 72
3.03260013 -1.49547323 1.017718 0 0 0
3.0161552 -1.42749544 1.07639764 0 0 0
2.6978236 -0.924320076 1.3040422 95 100 115
3.07141812 -1.42369463 0.949609891 0 0 0
3.02656272 -1.45544655 1.04999895 228 228 228
3.01715293 -1.53390408 1.04591423 228 228 228
3.00647959 -1.56046403 1.07245419 0 0 0
2.79687086 -0.880798114 1.1739037 89 94 108
-3.18232822 0.278474551 1.11459289 74 78 90
2.94345149 -0.204180566 1.06666547 68 72 83
3.02901633 -1.32554979 0.873651921 98 103 119
1.87635951 -0.810595826 0.491568456 60 64 74
3.06019739 -1.44732202 0.972566762 228 228 228
3.06019739 -1.44732202 0.972566762 228 228 228
3.04817375 -1.53391955 0.998316005 228 228 228
3.04817375 -1.53391955 0.998316005 228 228 228
1.62429189 -0.905555248 0.53218743 108 113 130
2.80727762 -0.163387844 1.36054035 113 119 137
3.00660191 -0.10066053 1.08560524 0 0 0
2.59234728 -0.248316693 0.805938244 73 77 89
3.00940254 -1.28561289 0.859353204 0 0 0
3.03102442 -1.51440149 1.03119942 0 0 0
3.03083354 -1.51449585 1.03102548 0 0 0
2.92173691 -1.18102672 1.35199102 102 107 123
2.80936332 -1.13613685 1.33950406 231 231 231
-0.459537686 -1.73407029 0.937078097 231 231 231
-2.60794413 0.0509657694 0.89504982 228 228 228
1.05153234 -1.63611993 1.45913664 158 158 158
-5.40190276 -0.526222115 1.01013029 187 187 187
-3.24727564 0.148755776 1.2429557 99 105 120
3.03803629 -1.29388962 0.844028626 108 114 130
2.99706441 -1.9721908 0.772226566 8 8 8
2.80499863 -1.39564211 1.25015099 98 103 118
-1.80004578 -1.59757973 0.269538053 231 231 231
3.01728163 -0.0228173122 1.058682 228 228 228
3.02822519 -1.30766694 0.853157196 0 0 0
2.74512811 -0.209380136 0.984561337 69 73 84
2.69508527 -1.11417971 1.07776111 0 0 0
2.98320413 -1.59114936 1.14485187 228 228 228
1.3909499 -1.72837563 1.35474703 130 130 130
-5.97438637 -0.356005903 1.14064506 0 0 0
-5.97205703 -0.355764279 1.14095838 0 0 0
2.97168348 0.0866136882 1.14076658 228 228 228
2.70887406 -0.223368302 0.952925393 59 63 73
2.34433197 -0.814507543 0.832823401 59 62 72
3.02105983 -1.37071895 1.09384331 115 119 131
-0.870118482 -1.30052151 0.674614242 92 97 111
-0.975103103 -1.10576397 0.934768415 197 197 197
-4.53901594 0.7642423 1.29434122 231 231 231
-5.47362115 0.754427863 1.67964344 0 0 0
3.04474939 -0.856512891 0.863777084 0 0 0
2.96338275 -0.152863054 1.36327849 113 118 136
2.95500158 -1.1881077 1.3415853 103 108 125
-2.48779105 0.0706499351 0.739514744 228 228 228
-2.69995481 0.227364365 1.01599662 97 102 117
-0.264655538 0.726314227 1.46692929 0 0 0
2.03354956 -0.837817713 0.702783444 76 80 92
2.78363405 0.105909406 1.33578187 59 62 72
-0.921927858 -1.20787691 0.701299738 70 74 86
1.66173926 -1.69043172 1.37685003 231 231 231
-1.90597291 0.595969796 1.02605302 6 19 42
-0.955170661 0.585160581 1.17467272 89 98 93
0.0342700621 -1.669752 1.17628249 231 231 231
-1.41528862 0.570300511 1.13304843 16 24 41
2.78152493 -1.3935452 0.974898489 69 73 84
-2.61671901 0.0797695771 0.824580687 185 185 185
2.11543373 0.303758905 1.25361946 22 22 22
-0.34327836 -1.70675341 0.944315532 190 190 190
0.802951324 0.715017966 1.6689925 183 183 183
1.50660846 -1.71322366 1.45505583 0 0 0
1.50660846 -1.71322366 1.45505583 0 0 0
2.57907552 -0.235751913 0.95550703 109 115 132
2.5574259 -0.234297695 0.944261375 109 115 132
-1.55021271 -1.65917676 0.247340624 231 231 231
2.16557636 0.193809737 1.16931266 118 124 142
2.77769684 -1.34397302 1.32902376 95 100 115
2.72173308 -0.200669704 1.29005881 73 77 89
1.94968124 -0.227246445 0.804527181 118 124 142
0.466755961 0.728383895 1.47341188 0 0 0
2.93132873 -1.37922176 1.28837459 108 114 131
2.19592588 0.162967072 1.21337643 5 5 5
-1.90942595 -0.937093272 0.0872197064 107 107 107
-1.30716792 -1.65381417 0.383288127 231 231 231
-3.12465393 0.283153336 1.24825406 99 104 120
-2.95081378 0.255412345 1.05899828 65 69 79
-3.55180198 -0.158412315 1.21755443 101 106 122
1.40228844 -1.72491478 1.63339879 130 130 130
1.40355957 -1.72412679 1.63365296 130 130 130
3.03463538 -0.0174454107 1.04589392 0 0 0
3.03181103 -0.0165269062 1.04413845 0 0 0
-1.12495403 -1.43442438 1.00139726 98 103 118
0.694451081 0.710106304 1.55736691 141 141 141
3.54509086 -0.163157599 1.3878702 228 228 228
3.07361309 -1.32079758 1.1403341 112 118 135
2.99215874 0.11059762 1.31365171 59 62 72
2.80476801 -1.33577065 1.05840655 112 118 135
2.84661166 -1.30342301 1.09657372 112 118 135
-2.19037126 -0.0042680267 0.555589824 0 0 0
-0.948168774 -1.02350984 0.807556718 0 0 0
0.887295868 -1.59002908 1.35217118 111 113 113
-5.26434961 0.689222259 1.13535725 172 172 172
1.88589878 -0.850152508 0.538885786 59 62 72
2.95530721 -0.16946685 1.35129282 80 84 97
-3.88142824 0.758037471 1.08009756 231 231 231
-5.38230406 0.745819691 1.2377306 0 0 0
-1.20101396 0.590301789 1.49754649 6 19 42
0.785041502 0.70986017 1.63580922 0 0 0
1.97813963 -0.856287881 0.616797859 61 64 74
2.49296887 -0.912046084 0.947854223 104 110 126
-1.30742919 0.591179662 1.05828856 140 140 140
-2.75807311 0.244063553 0.986380431 69 73 85
-3.73786434 0.767604463 1.1354171 2 2 2
-1.14334101 0.594504508 1.58564759 108 110 111
-5.21406223 0.756518079 1.69831315 231 231 231
2.73766676 -0.855175377 0.954849429 59 62 72
2.44402354 -0.236530565 0.917093535 106 112 128
2.0029931 -0.883742238 0.994989078 95 100 115
2.81024086 -1.29904781 1.27176641 80 84 97
-3.83842133 0.777412792 1.09131861 2 2 2
2.0563582 0.225040676 1.11334663 118 124 143
0.555756491 0.503276562 0.992926455 5 5 5
2.91718034 -0.206893266 1.0826927 92 97 111
2.75195644 -0.21581431 1.21502666 92 97 111
-4.09708787 -0.190603285 1.1345938 231 231 231
2.95941779 0.21735206 0.985846921 5 5 5
2.93255077 -1.19500227 1.28607265 59 62 72
-1.84979918 -1.71959902 0.0439070712 231 231 231
-0.139177265 0.786041982 1.89815623 56 57 57
-0.66993751 0.578529141 1.62533216 49 56 74
2.58015922 -0.873392743 0.968955873 65 68 78
0.339683258 0.721313316 0.986836652 57 57 57
2.11349936 -0.192738707 1.11286447 90 95 109
-0.136081313 -1.7059541 1.03263085 0 0 0
2.12510352 0.566251206 1.24535108 59 62 72
0.625503404 0.708550413 1.69372689 141 141 141
3.02123836 -0.0477844237 1.03446757 228 228 228
3.0203363 -0.0857200117 1.07697098 0 0 0
2.13202783 0.19777127 1.20433473 5 5 5
2.13202783 0.19777127 1.20433473 5 5 5
2.79055089 0.32566748 1.32309189 57 57 57
2.79055089 0.32566748 1.32309189 57 57 57
3.03381925 0.0222259373 1.02012411 228 228 228
2.70555969 -0.915982196 0.804992787 87 81 77
2.65921131 -0.82478723 0.876494111 117 123 141
2.17651903 -0.186880929 1.14290429 90 95 109
2.17651903 -0.186880929 1.14290429 90 95 109
1.34846864 0.645760759 1.06003444 0 0 0
-0.392714528 0.670444518 0.780673574 158 158 158
-6.45696686 0.748035987 2.0040327 231 231 231
2.98618683 -0.113220194 1.13815954 228 228 228
2.85717577 -0.889140433 1.02356588 59 62 72
2.62660681 -0.216063408 1.00937012 109 115 132
2.70295777 -0.202234029 1.0809073 61 64 74
2.92543811 0.118984142 1.34766375 101 106 122
2.83734532 0.126831727 1.34218826 73 77 89
3.03040193 -0.0141362856 1.04690992 0 0 0
3.03026634 -0.0140746657 1.04697341 0 0 0
2.69452506 -0.208281813 0.82111456 96 101 116
2.70108057 -0.855881327 0.825824376 92 97 112
0.275872579 -2.11935445 0.419102018 231 231 231
3.02448241 -0.0276018963 1.05954291 228 228 228
3.02448241 -0.0276018963 1.05954291 228 228 228
2.7498698 -0.934557756 0.932639655 84 89 102
2.92098101 -0.895757923 1.34349635 81 85 98
2.14336616 0.173232827 1.17983417 5 5 5
-3.17197009 0.213643719 1.21037052 231 231 231
1.84837383 -0.817642927 0.475593832 60 64 74
2.68219618 -0.20876214 1.09129006 94 99 114
-1.93489127 0.69431581 1.98546408 231 231 231
-4.30115785 0.498230446 2.15983578 53 53 160
1.946345 -0.217773927 0.915705529 106 111 127
0.798074215 0.713668625 1.69459479 141 141 141
3.02853065 -0.0172743216 1.0395218 0 0 0
2.90549583 0.251086497 1.21312703 89 94 108
2.93537031 0.114174792 1.35934285 112 118 135
2.09648755 0.237403764 1.16894208 5 5 5
0.573029241 0.729625646 1.74094656 141 141 141
2.94334112 -0.197279042 1.26661261 103 109 125
1.10230082 0.781558198 1.00474738 0 0 0
-0.11292643 -1.7050021 0.889299514 231 231 231
0.79829107 0.716850372 1.65111529 183 183 183
2.75654047 -1.45220942 0.845417992 231 231 231
1.9041206 -0.814587231 0.478456758 61 64 74
1.95654068 -0.863602055 0.693526106 79 83 96
1.10404931 0.780929733 1.11046771 0 0 0
2.75533905 -0.857514835 1.05817575 80 84 97
1.74067708 -0.828517291 0.613187126 107 112 129
2.9428222 0.119923175 1.35687086 110 116 133
-6.3592132 -4.86758873 -1.26215982 8 8 8
-6.3592132 -4.86758873 -1.26215982 8 8 8
-1.01756753 -1.6181754 0.9945231 231 231 231
-1.78087397 0.577567682 1.11229134 6 19 42
-3.16509806 0.561718609 1.30718555 231 231 231
-0.279342096 0.745576286 1.95666414 56 57 57
1.58656797 -1.710328 1.36217287 130 130 130
1.58656797 -1.710328 1.36217287 130 130 130
2.9012392 -0.197232016 1.06589983 92 97 111
2.86001152 -1.30138866 1.07156621 108 114 130
2.63184116 -0.99220074 0.93803097 0 0 0
-0.492335341 -2.36274716 0.447093248 8 8 8
3.01965496 -0.0475002289 1.03427531 228 228 228
-1.84258995 0.599629372 0.906791717 6 19 42
-1.84258995 0.599629372 0.906791717 6 19 42
2.9636815 0.151339474 1.1705597 109 115 132
2.93784946 -0.181764408 1.16183969 111 116 134
1.06544823 0.754140895 1.12266251 0 0 0
0.0994323072 0.762015147 1.85380532 56 57 57
2.95075088 -0.870532919 1.17098324 109 115 131
2.92598618 0.1216734 1.31423265 59 62 72
2.80784256 -0.881920315 1.25690995 98 104 119
2.90975733 -1.16801963 1.34494124 94 99 114
2.67103205 -1.28888289 1.2994434 231 231 231
-2.24144617 0.268968513 0.622682464 114 119 137
2.78701011 -1.36558016 1.06079617 64 68 79
2.9371928 -1.29974717 1.24823045 59 62 72
2.93328126 -1.30244058 1.24609412 59 62 72
2.81820912 0.117500171 1.32029331 113 119 137
3.01270255 0.058959665 1.08675183 0 0 0
3.01228061 0.0591142394 1.08638687 0 0 0
2.35319245 -0.816778833 0.813541053 59 62 72
2.89608103 0.13507745 1.27314178 111 117 134
2.85112188 -1.30556959 1.17013747 73 76 88
2.91427177 -1.21324859 1.30576495 99 104 119
-0.315007556 -1.74715727 0.971169439 130 130 130
0.455936221 0.732171722 1.71957101 0 0 0
-1.27632187 0.633436233 1.91942544 105 105 105
3.02741601 -0.0684224558 1.05884486 228 228 228
3.02730326 -0.0684090781 1.05875581 228 228 228
2.96626489 0.190105992 1.09091664 69 73 84
2.92752556 -0.195784047 1.06961881 61 64 74
2.82202164 -1.38178055 0.911341847 94 99 114
2.77500278 -1.42508592 0.94865973 84 88 102
2.76230799 -1.42586747 0.985022508 92 97 111
2.8202394 0.109970205 1.34268782 99 105 120
-0.960702335 -1.07845149 0.758893435 197 197 197
-0.42749449 0.5634533 1.60115039 20 36 64
-5.04697295 0.636422773 2.281658 231 231 231
1.02961439 0.773889712 1.97975655 57 57 57
2.71472269 -0.923790387 0.826690769 94 99 114
2.76051133 -1.39335896 1.00422462 72 75 87
2.93892891 -0.876384659 1.32799777 66 69 80
-1.38965966 -1.11062909 0.984794327 107 107 107
2.98073642 0.0832298533 1.14556077 228 228 228
2.94988222 -0.152630185 1.29139418 112 118 135
2.0563474 -0.198476294 0.913368892 99 105 120
2.94985498 -0.857927858 1.27170374 97 102 118
2.93097791 -1.18467553 1.28410568 110 116 133
-1.11588082 -1.27250847 0.488000923 82 86 99
1.0560132 -1.61641133 1.51005699 101 101 101
-0.0521685171 0.763150206 1.89360205 56 57 57
-5.88492121 0.271273761 2.10493876 188 188 188
-5.98022238 0.279298315 2.1082123 188 188 188
2.70514283 -0.226283498 0.870665244 121 127 145
2.94207167 0.19407053 1.10943263 72 76 87
1.93994228 0.352592367 0.896809203 0 0 0
2.95057079 -1.22253952 1.18022532 112 118 136
2.86295209 0.130684787 1.30709647 67 71 82
2.94681185 -0.904806442 1.28983513 111 117 134
2.94544816 -0.905025071 1.28886538 111 117 134
2.93774085 -0.166293953 1.34605243 84 88 102
2.0300651 0.189542599 1.17028059 97 103 118
-1.12375085 0.596444562 1.31165479 112 113 115
0.573029241 0.729625646 1.74094656 141 141 141
2.88000883 -0.19833637 1.20110653 90 95 109
-2.93819286 -0.20308975 1.02326201 69 73 85
0.801548221 0.715316475 1.58170855 184 184 184
-1.21954894 0.594876347 1.4594308 6 19 42
-0.601231704 0.58334355 1.66368942 19 26 42
-1.01745579 0.714576418 1.88087838 56 57 57
0.615836943 0.718464086 1.55926008 0 0 0
-4.72791127 -3.18351332 -1.13065984 0 0 0
0.898334877 -1.62413302 1.2119997 94 100 98
-2.95167235 0.607098801 1.04526556 0 0 0
1.003301 -1.60954423 1.46475023 17 25 47
2.89909449 0.270154075 1.06571733 92 97 111
0.948618436 -1.62155418 1.42365644 96 98 104
0.345622967 0.7344925 0.96270265 57 57 57
0.895084675 -1.63175799 1.4604214 7 21 48
2.77728773 -0.131164657 1.31647024 73 77 89
-2.02960249 0.67560582 1.28505948 20 21 22
2.79824564 -1.16761749 1.34088276 59 62 72
2.96541387 -0.148925693 1.30237237 112 118 135
2.92706566 0.276255025 1.31963769 82 86 99
-2.61658961 -0.237742525 0.843684206 89 88 88
2.94871594 0.257428231 1.17670468 113 119 136
2.88341901 -0.165212524 1.32949513 111 117 134
2.77837519 0.112340198 1.32278986 59 62 72
-1.2745592 0.624438725 1.7555477 105 106 106
2.77597878 -0.16424918 0.996421269 92 97 111
1.93923211 -0.855749198 0.486385772 92 97 112
2.92463997 0.234013538 1.22779597 89 94 108
2.9257239 -0.85550222 1.24716012 59 62 72
1.97968356 0.29524352 1.2337151 29 29 29
-3.20814588 0.216367976 1.20981778 231 231 231
-5.59765219 0.792647993 2.38722653 2 2 2
1.89911897 -0.860180109 0.462270673 92 97 112
2.8266543 -0.877081993 1.17940243 89 94 108
2.93281153 -0.203041672 1.25266383 62 65 75
2.93571984 -0.877775226 1.32610901 65 69 80
2.78819343 0.306178547 1.30931748 57 57 57
-2.15037659 -1.76737184 0.00535781536 231 231 231
-2.19599466 -0.137647698 0.545962689 76 71 68
1.51183645 -1.70705709 1.51148009 130 130 130
1.51185057 -1.70703155 1.51148047 130 130 130
-3.10027608 0.150727268 1.12916107 71 75 87
-5.36792026 -0.296719524 1.01415895 231 231 231
1.88483553 -0.913099027 0.443668924 94 99 114
2.04154141 -0.197464387 0.906714006 99 104 120
-2.0267849 -1.66380778 0.901625548 231 231 231
0.776083946 -1.61371454 1.42726606 231 231 231
0.797088954 0.714180562 1.50642133 142 142 142
0.684698655 0.713137766 1.55690376 141 141 141
-10.3177214 4.728521 -7.77086371 112 118 135
2.67505808 -0.222519982 0.960528079 61 64 75
1.95867354 -0.892039763 0.519783959 84 89 102
2.75743502 -0.857433965 1.05469236 79 83 96
1.94621629 -0.788146218 0.585837706 59 62 72
2.78182482 -0.152123112 1.30324408 70 74 85
2.08079552 0.253916182 1.20997439 93 98 112
2.12481832 0.299803959 1.25479422 9 11 13
1.0525797 -1.67001218 1.01432719 158 158 158
1.05114167 -1.67083716 1.01369778 158 158 158
0.754867308 -1.63790136 1.40271342 88 94 104
-2.14760357 -1.59215615 1.20433319 107 107 107
0.635575128 0.708826877 1.50586023 141 141 141
0.600971244 0.721288597 1.5027321 141 141 141
-4.57964211 0.714929853 1.19202144 0 0 0
-0.140175181 -1.73017327 0.978019133 231 231 231
-0.226470516 -1.69485831 1.01160451 0 0 0
0.949705697 -1.61185118 1.44046411 25 38 63
-3.38476042 0.682070294 1.07390822 0 0 0
-3.77482333 0.786429607 1.22613128 2 2 2
0.794179963 0.718218967 1.62079631 182 182 182
-0.27683463 0.731700679 1.94611246 0 0 0
2.79755397 -0.857502846 1.24924783 98 103 118
3.15388978 -0.859877653 1.53536577 8 8 8
0.566607954 -1.8904714 0.780259516 8 8 8
1.079946 -1.60639099 0.989067273 8 8 8
-1.3016657 0.590595488 1.05841605 140 140 140
0.909567753 -1.62947118 1.44726224 44 51 68
-3.46458072 -1.71583054 1.19802637 2 2 2
2.63662398 -0.158218006 1.40033795 0 0 0
1.10911656 0.781097537 1.9665143 3 3 3
1.07249875 0.786530651 1.97201444 0 0 0
1.62301962 -1.35014518 1.17633336 8 8 8
-0.990696081 -1.22329142 0.81291495 75 79 92
0.859019647 -1.6181072 1.51175808 101 101 101
-1.4067121 0.624171249 2.05448406 105 105 105
1.8768532 -0.853517866 0.553820127 59 62 72
1.81650022 -0.802291786 0.526792515 59 62 72
-0.308713153 0.613622956 1.85057961 158 158 158
2.0047062 -0.90493888 0.924392524 98 104 119
2.06806069 0.61005201 1.19556405 98 104 119
2.13564977 0.263653201 1.23480095 102 107 123
-1.46806948 -1.31293586 0.273350235 107 107 107
2.83400873 -0.863522721 1.19096765 87 92 106
1.61259995 -0.861422201 0.502423227 110 115 132
2.79127074 0.321478983 1.32275881 57 57 57
2.79127074 0.321478983 1.32275881 57 57 57
1.01504404 -1.55031948 0.976603748 231 231 231
2.8353222 -0.202759203 1.1871164 90 95 109
2.93179391 -0.920032593 1.2885449 113 119 136
-0.380887189 -1.39298435 0.602193284 231 231 231
0.542738384 -1.67434342 1.00413826 231 231 231
0.644134142 -1.64432087 1.00531791 231 231 231
1.91239588 -0.817861323 0.548389745 117 123 141
1.89559028 -0.826738011 0.532284924 117 123 141
2.92316272 -0.856580375 1.24603031 59 62 72
2.79378002 -0.200747443 1.16717452 90 95 109
-2.26230296 -1.70584736 -0.0204887828 81 75 72
-0.455525624 -1.7219115 0.967738187 231 231 231
1.40646233 -1.69683139 1.63686597 0 0 0
-0.173990583 -1.69902177 1.11064382 54 54 54
-0.360432032 0.582124011 1.50494834 109 109 111
-3.62823678 0.759056559 1.87879243 231 231 231
-1.00801208 -1.65614162 0.613172654 77 81 93
-1.96528079 -1.60929404 0.921848711 231 231 231
0.728941879 -1.62222915 1.00611219 231 231 231
1.07257885 -1.65907027 1.50375272 158 158 158
1.06859113 -1.66117921 1.50279001 158 158 158
-2.1289914 -1.57104547 1.19486921 107 107 107
2.10963919 0.618204502 1.19382787 99 105 120
2.08005519 0.244367131 1.20196592 5 5 5
2.10892439 0.577416374 1.24193749 59 62 72
0.660632501 0.781092958 0.932728424 57 57 57
-0.929894938 -1.68213128 0.894213542 231 231 231
0.795776239 -1.62609729 1.27080469 110 112 112
0.801518547 -1.62336708 1.43928615 28 37 57
0.668625107 -1.65474645 1.4525811 231 231 231
2.95636205 0.119103402 1.2940111 113 118 136
2.92598746 -0.139310957 1.2967509 113 119 136
-2.076749 -1.57737621 0.016227739 107 107 107
0.677876722 0.772424686 0.846235943 29 29 29
2.0880701 0.108907429 1.27361177 5 5 5
-1.25986494 -0.856737804 0.393183179 107 107 107
-3.31137075 1.08291797 0.195683694 0 0 0
0.86826474 -1.62199525 1.42384945 97 99 104
0.740124852 -1.6421777 1.50099976 101 101 101
0.740124852 -1.6421777 1.50099976 101 101 101
-5.46352028 0.759397859 1.72952807 0 0 0
0.569033663 0.779474991 0.853465724 9 11 13
-0.187431699 -1.70636395 1.00590683 130 130 130
-0.112283436 -1.72160519 1.04643668 231 231 231
1.0081574 -1.62133991 1.46180468 7 16 40
0.901988518 -1.61783638 1.45121938 45 52 69
0.976094159 -1.61730743 1.47321056 72 73 79
0.743944135 -1.62940087 1.44987273 231 231 231
1.21791192 -0.0891159947 1.86986984 0 0 0
1.99685881 -0.858128007 0.893720156 59 62 72
1.08212174 -1.60678807 0.988257071 8 8 8
1.62301962 -1.35014518 1.17633336 8 8 8
-0.0922099874 -1.71515443 0.921913333 231 231 231
-0.141458771 -1.7116622 1.0641205 0 0 0
-1.16307799 -1.43461691 1.10482876 231 231 231
0.845631494 -1.61740021 1.46403389 76 78 83
0.99678467 -1.61363887 1.4857175 21 28 47
-3.54517831 0.692262069 1.03090583 99 105 120
-3.82004748 0.791782789 1.1891508 2 2 2
2.7949908 -0.207923214 1.24747403 104 110 126
2.76041026 -1.07685269 1.37172829 231 231 231
2.11825663 0.616004235 1.17786836 87 91 105
0.984350913 -1.62062494 1.21430272 59 91 67
0.984350913 -1.62062494 1.21430272 59 91 67
0.985672233 -1.62226322 1.28397904 83 92 87
0.985672233 -1.62226322 1.28397904 83 92 87
0.901161723 -1.62371132 1.28436632 98 103 107
0.901161723 -1.62371132 1.28436632 98 103 107
1.03511711 -1.61109133 1.43954551 13 28 54
0.794341678 -1.6318794 1.4460164 63 67 72
-0.264100253 0.725650381 1.45884653 0 0 0
-0.0182307882 -0.125171753 2.08383532 4 4 4
-0.471167087 -1.79177909 -0.0138157889 231 231 231
1.63114772 -0.805247556 0.510026538 59 62 72
-1.46113095 0.607368268 2.01744981 3 3 3
1.99496808 -1.04289826 0.981198747 85 79 76
2.13255422 0.124622764 1.22382718 98 104 119
0.447929957 0.753686807 1.63198354 0 0 0
2.11335853 -0.186027996 1.20623429 102 107 123
-1.07995226 -1.75684484 0.755875345 231 231 231
0.398665196 0.763799531 1.78054932 0 0 0
-4.99804604 0.421403266 2.52467157 6 6 6
-5.20626951 0.446728426 2.54796809 6 6 6
2.0044427 -0.196415047 0.761511438 96 101 116
-23.4892438 -5.66315376 -14.2528041 110 116 133
2.93376244 -0.177516875 1.3262561 80 84 97
2.77043869 0.268754576 1.35525958 57 57 57
2.49186331 -0.169951112 1.44620567 106 106 106
-0.964823256 -0.950236558 0.879726041 0 0 0
-1.75806265 -1.62725178 0.836447352 231 231 231
2.94830805 -0.170647314 1.33822095 109 115 132
-0.481870142 0.583134528 1.51407849 91 97 108
-0.494887111 0.5864339 1.5136111 91 97 108
1.5190622 -0.859410281 0.507135568 86 80 77
2.00429244 -1.07017125 0.980879231 231 231 231
0.235473806 0.763976439 0.897040408 28 29 29
-0.269067161 -1.71137033 0.975666451 0 0 0
-2.79355414 0.110865939 1.07476331 64 67 78
-3.64585461 0.395221152 1.25801245 231 231 231
-3.93784305 0.772864324 1.91476822 231 231 231
2.80470264 -0.209005496 1.25414501 104 110 126
1.95390865 0.844210104 0.710397341 5 5 5
1.9932112 -0.919680744 0.953514014 85 80 76
-19.690038 -14.1685434 -8.24025213 8 8 8
-1.34001807 0.594580529 1.32570713 70 72 74
3.03827495 -0.0164747237 1.0070241 0 0 0
-0.89174432 0.586139318 1.52109755 54 65 84
-2.17501876 -1.12747888 1.22790448 0 0 0
-1.37237287 0.595984506 1.32002762 69 71 73
2.91486863 -0.903901716 1.36038615 231 231 231
-0.960413729 0.58496839 1.13194011 120 120 121
2.91486863 -0.903901716 1.36038615 231 231 231
-0.719211128 0.587910379 0.888151097 104 106 109
-0.719211128 0.587910379 0.888151097 104 106 109
2.8254197 -1.64552656 1.30614192 231 231 231
-1.99126114 -1.53709447 1.02897884 107 107 107
-2.2318787 -1.08209422 1.2367424 235 235 235
2.60157213 -1.13944502 1.26256342 231 231 231
-0.94759971 0.586116741 0.975799643 15 90 39
-4.24131984 -1.01602552 -0.0537124294 108 106 106
-0.962120139 0.586353914 0.972795676 117 121 117
2.89419341 -1.637081 1.29273493 231 231 231
-0.956280469 -0.94351802 0.998955359 197 197 197
2.82760342 -1.65910544 1.27567094 231 231 231
-0.932758498 0.586615085 0.954488856 38 49 57
-0.714073181 0.586630508 1.51036328 76 82 94
-0.937648126 0.586458335 0.952759394 121 121 121
2.81908652 -1.66540931 1.27450632 231 231 231
-2.52579738 0.0581606464 0.714719295 0 0 0
-2.40337514 -0.922038538 1.24094107 236 236 236
-1.10888836 -1.69704635 0.479059712 94 99 114
-0.976032655 0.586011636 0.913930437 123 124 124
-2.61284715 -0.114096422 0.911186545 228 228 228
-1.03050213 -1.67421056 0.499169883 94 99 114
-0.611242705 0.585376586 1.66590996 74 77 85
2.75234932 -1.14254096 1.12426819 0 0 0
-0.947753545 0.585962122 1.62170727 79 83 92
3.00886288 -1.57169709 1.08330348 0 0 0
-0.971250922 0.58594731 1.61821279 99 100 105
-0.533823306 0.584229095 1.53376729 93 99 110
-0.444103048 0.585818106 1.5149768 40 50 70
-1.35339641 0.594551911 1.38581005 3 3 4
-2.33830468 -0.949942284 1.23843294 0 0 0
-0.564718581 0.585411305 1.50955165 71 78 91
3.07525875 0.0598024255 0.941138139 0 0 0
-2.6775305 0.638227132 1.01733571 9 9 9
-1.95207136 -1.7518607 0.883625367 8 8 8
4.04808694 -0.508165764 1.12376356 0 0 0
-0.720100217 0.586265063 1.50979133 68 75 88
3.06665877 -0.0413538055 0.970012111 228 228 228
-0.507866428 0.586574323 1.36075826 124 124 124
-0.49751391 0.586330381 1.35510485 124 124 124
3.37805395 -1.53285842 0.762376871 0 0 0
0.341179274 1.40678027 0.964258036 124 124 124
-0.49086809 0.586289454 1.2610247 97 100 105
1.95661856 -0.856516817 0.928827041 231 231 231
-1.31373374 0.595637817 1.45830986 10 32 16
2.98665003 0.0741262435 1.13991953 228 228 228
-0.965013721 0.586404734 1.35151564 20 91 41
-0.965049344 0.586343079 1.35170242 20 91 41
2.79962223 0.257263213 0.973661625 69 73 85
-0.712089913 0.58820771 1.26073704 96 98 103
2.74058714 0.24527098 0.838210613 96 101 116
-1.32057195 0.595383224 1.43689052 15 76 30
-0.760697773 0.585043211 1.26191823 95 97 102
2.93302449 -1.67434251 1.20261726 95 100 115
-1.32510421 0.595377771 1.43107294 2 3 3
2.01196076 -0.891653395 0.986410212 99 104 119
-0.480630578 0.588209294 1.17352933 124 124 124
-0.546391077 0.586104917 1.15655821 124 124 124
-0.727874001 0.585182755 1.08520705 122 122 123
3.05893414 -0.0953890211 0.939832991 0 0 0
-0.4979838 0.58656907 1.13505419 124 124 124
-0.500008304 0.592362024 1.16397485 24 60 48
3.05893414 -0.0953890211 0.939832991 0 0 0
-0.907668694 0.586329719 1.26169685 96 99 103
3.75302141 -0.542707782 1.1158139 0 0 0
-0.478839246 0.586189853 1.11689126 124 124 124
-0.830629987 -1.6053792 0.989277762 8 8 8
3.94151269 -0.587696055 1.12037585 0 0 0
-0.959389101 0.58426346 1.26250074 96 99 103
-0.970214236 0.589971886 0.905597412 84 86 90
-1.84187348 -1.6534303 0.218006413 231 231 231
-1.00145991 0.586295796 1.26172532 91 94 100
4.06207183 -0.48386885 1.12763599 235 235 235
-0.487952139 0.591253307 1.07089216 96 98 103
3.95321678 -0.440492233 1.11605761 0 0 0
-0.51315285 0.586756783 1.07473302 100 102 106
-0.5132827 0.586355524 1.07487739 100 102 106
3.00389311 0.0435006088 1.12684411 228 228 228
-0.68075441 0.586184332 1.09350254 81 82 87
3.02668794 0.0236949964 1.07008347 0 0 0
-1.36669306 0.59526502 1.34954097 11 13 14
3.68804623 -0.216810913 0.994154862 86 80 77
-1.37546467 0.594609329 1.34500971 10 13 13
4.14871506 -0.42164592 1.12268964 236 236 236
-0.784332095 0.587119502 1.09910865 123 123 123
3.04772803 -0.0549455724 1.00849367 0 0 0
-0.968382925 0.58722239 1.16865048 122 122 123
2.07100726 0.252731761 1.23398836 4 5 8
-0.968453824 0.587336945 1.16850268 122 122 123
-0.51335409 0.586170331 1.08464047 123 123 123
-10.4794237 -1.40411375 -2.73555176 110 116 133
-0.985081803 0.583521095 1.17030747 124 124 124
-1.9655123 -0.976780622 1.26058778 0 0 0
-0.754614752 0.585185364 1.07610918 97 99 104
2.95578119 -1.61408238 1.33850135 59 62 72
-1.37687067 0.594482886 1.30974734 64 63 61
-0.182649891 -1.57997757 0.623392773 8 8 8
2.95697494 -1.61289314 1.33895512 59 62 72
-0.984728094 0.585493195 1.14578233 124 124 124
3.90050163 -1.63978501 1.29097874 74 78 90
-0.986440269 0.581705806 1.13973199 124 124 124
2.7620142 -1.40640456 0.969197686 69 73 85
-0.709817805 0.589339442 0.972301668 14 68 42
-4.11785372 -0.803211787 1.1899254 231 231 231
-0.71861551 0.584455311 0.967859693 124 124 124
2.93170218 -1.19340108 1.29003682 59 62 72
-0.964976104 0.583393495 1.0787611 97 99 104
3.01050003 -1.57244244 1.08815599 0 0 0
-0.742204524 0.583194172 0.976629763 24 67 46
2.69816772 -0.871321078 0.997564177 77 81 93
-0.984544857 0.58389818 1.07780799 101 103 107
-1.10293794 -1.60516079 1.00489659 231 231 231
1.97234716 -0.856665136 0.639890916 67 70 82
-0.984544857 0.58389818 1.07780799 101 103 107
-0.528256383 0.584990345 1.14788796 124 124 124
-1.00451326 0.586647274 1.07462905 97 99 104
-0.683613776 0.583692238 0.891953057 103 104 108
-0.294526678 -1.68070395 0.935720426 8 8 8
-0.489008381 0.586545473 1.14824877 124 124 124
-5.21384737 -0.469943119 1.08917457 0 0 0
0.0941520209 0.71192457 0.383731627 141 141 141
-0.980414427 -1.62999695 0.96780267 59 62 72
-0.139161895 -1.73133168 1.07037152 231 231 231
-0.986053908 0.585917794 0.950437591 111 118 124
-0.958595595 -1.10267844 0.815671837 197 197 197
-0.959215926 0.583822713 0.891734284 94 97 102
-0.9746044 0.591403304 1.29729512 124 124 124
3.5023751 -1.76126132 0.602821372 8 8 8
-0.968827495 0.586431736 1.16329957 16 35 46
-0.957206427 0.586001967 0.889850803 94 97 102
-0.938382912 0.569196476 1.12660129 124 124 124
-1.31818571 0.577927207 1.1565152 142 142 142
4.11269337 0.281641133 0.858203688 236 236 236
-0.750154861 0.588379535 1.17409789 105 111 118
-0.988437807 0.585547947 0.945041009 77 83 91
3.0082225 -0.0497969214 1.07834258 0 0 0
-0.727186971 0.582156769 1.14698499 106 112 118
-0.988454139 0.585583367 0.945150118 77 83 91
2.96122968 0.638874197 1.08143246 28 29 29
-0.727186971 0.582156769 1.14698499 106 112 118
-0.583805571 0.58613441 1.66478836 1 1 3
-0.954510376 0.586998514 0.969799919 63 99 70
0.639354672 0.698810594 1.53375254 0 0 0
-0.21062347 -1.70550158 1.03332091 0 0 0
2.57422886 0.592414089 1.19721933 29 29 29
4.17875913 -1.44850637 0.8827094 59 62 72
-0.222489162 -1.71490437 0.999259771 130 130 130
1.97724219 0.419502822 0.943644384 130 130 130
4.00573947 0.155309845 0.863638139 0 0 0
-0.291734237 0.697024931 0.884170609 5 5 5
1.96987253 0.418450776 0.945376484 130 130 130
4.00573947 0.155309845 0.863638139 0 0 0
-1.43841279 -0.81621247 0.545014077 67 67 67
1.98824322 0.037453683 0.98842644 130 130 130
1.98638406 0.037094228 0.98897866 130 130 130
4.15742881 0.310394254 0.86673527 0 0 0
-0.271650245 0.710176684 0.8990089 231 231 231
1.955411 0.378700882 0.911695807 0 0 0
-4.18412417 -0.862852305 1.1652071 70 68 68
-0.273036391 0.711072168 0.898180751 231 231 231
1.96800281 0.0612585217 0.957933932 0 0 0
2.61011166 -0.873023924 0.958729033 59 62 72
-0.972720416 -1.52987958 1.028988 118 124 142
1.96231648 0.314892242 0.830485708 59 62 72
2.54517524 -0.793505993 0.854146635 59 62 72
-1.39538662 -0.851488407 0.506272868 106 112 128
1.95742188 0.315316256 0.833246023 59 62 72
4.14485137 -1.50871063 1.08254363 0 0 0
-1.39538662 -0.851488407 0.506272868 106 112 128
-0.517227797 0.586053494 1.33319607 104 106 107
-1.48534098 0.59950191 1.00806531 6 19 42
-0.517508957 0.585883717 1.33335861 104 106 107
3.38246362 -0.0119481316 0.762411742 0 0 0
-1.29222205 -1.56331303 0.972337805 231 231 231
-1.33546559 0.594877352 1.47185254 117 117 117
1.10687226 0.750551622 1.18555281 0 0 0
-0.972425455 -1.64689516 0.797088888 74 78 90
-1.33526145 0.594848187 1.47234957 117 117 117
2.92488901 0.606939796 1.27610874 97 102 117
-0.338469753 -1.71490075 0.95688643 231 231 231
-0.513827262 0.588210692 1.17163966 124 124 124
2.93257645 -1.32026457 0.998543818 59 62 72
-0.266063107 -1.71069286 0.98561642 0 0 0
0.0961879402 0.780050888 0.935298943 57 57 57
3.1098456 -1.51520289 0.97301713 0 0 0
-0.791040815 -1.77007215 -0.0235458573 231 231 231
0.0658662424 0.770813711 0.902961524 9 11 14
2.83510776 0.723355481 0.829917046 5 5 5
-0.948620935 -1.06720522 1.00249067 197 197 197
0.118658882 0.765904758 0.858338608 29 30 30
4.07713849 0.218732376 0.861587035 0 0 0
-0.512484063 0.584003347 1.14567122 108 109 110
-0.033375836 0.756387232 0.867071195 29 30 30
4.14464445 0.160340477 0.865354157 0 0 0
-0.493733615 0.574281548 1.15160103 108 109 110
-1.21461585 0.592617927 1.17745241 0 0 0
-1.07591305 -1.50132476 0.418640111 231 231 231
0.0949107974 0.715121016 0.453303042 0 0 0
4.13459019 -0.58752723 1.11649134 234 234 234
-1.07287378 -1.50122637 0.420364919 231 231 231
0.191465555 0.724050503 0.260355084 141 141 141
4.14930019 0.298730671 0.8708165 0 0 0
0.0573188194 0.709774274 0.335279602 0 0 0
2.85635834 -0.872390724 1.26376392 98 104 119
-0.629128799 0.584905286 1.52118018 111 113 115
3.29702968 0.594449393 0.990241464 5 5 5
-2.62980116 0.740173244 -0.0211469027 231 231 231
-0.358469484 0.893077843 1.44007805 111 113 115
4.02796136 0.291961173 0.85517806 0 0 0
-0.733596057 0.586884616 0.906755157 55 57 64
-1.98263502 0.640158071 0.00594139976 106 106 106
2.04000059 0.507038483 1.07299438 130 130 130
2.94492529 0.594270611 1.14620844 112 118 135
2.27765406 0.256570338 0.896944987 107 112 129
2.69013449 0.243685852 1.0087745 77 81 94
-1.26759803 0.583469607 1.0901122 142 142 142
2.27023124 0.250167176 0.89405179 107 112 129
4.18149872 0.315864581 0.850483386 236 236 236
-0.349981032 -1.76851565 0.416260769 8 8 8
1.96113728 0.480039087 0.910791969 0 0 0
2.20361358 0.184191168 0.903601696 59 62 72
2.88478776 -1.36904898 1.35325606 231 231 231
1.94022681 0.50530624 0.858875998 130 130 130
4.04511962 -1.49535498 1.03110015 165 165 165
1.93694283 0.361453462 0.860330089 130 130 130
3.05194548 -0.2042016 0.864456354 85 79 76
-0.450083742 0.583323001 1.09912764 124 124 124
-2.68601833 -0.1237166 1.08822534 70 74 85
1.92247892 0.718951292 0.195095198 199 199 199
3.03268403 -1.47138711 1.03169356 0 0 0
-1.24667473 0.594992363 1.14250977 142 142 142
-2.54949201 -0.114622457 0.770984604 142 142 142
-1.24667473 0.594992363 1.14250977 142 142 142
-3.06180526 -0.227247989 0.977725012 63 66 77
0.0126748421 0.698977198 0.294186759 141 141 141
-3.44676208 0.776103198 0.908509237 231 231 231
-1.24628989 0.593180201 1.05717174 142 142 142
2.10458595 -0.133847269 1.30943264 114 120 138
-2.54746888 0.750580736 0.896477348 8 8 8
-1.24617665 0.593443177 1.05692227 142 142 142
2.55993289 -0.974188529 0.741602357 84 89 102
-2.81803776 -0.0106686257 0.725928399 228 228 228
-0.256164392 0.549987751 0.20663159 87 81 78
-0.992264148 -1.52503162 1.04409087 231 231 231
-1.01823556 0.583199407 1.69238736 12 90 38
1.65668176 -1.69505817 1.37283848 231 231 231
-0.945412914 -1.0077381 0.934964574 197 197 197
-0.432621518 0.595197714 1.58936476 18 34 63
-0.114724244 -1.19210369 1.16034683 230 230 230
-0.430920556 0.59754064 1.58806521 18 34 63
2.67925106 0.77243272 1.06177054 11 14 15
-3.69708816 -4.18228253 -2.25455484 231 231 231
2.02343703 0.368161747 1.07596961 130 130 130
2.91429405 0.773794118 1.11215706 12 15 16
-0.798994625 -1.76071713 0.415790245 231 231 231
2.00076337 0.394488102 1.00902944 0 0 0
2.91429405 0.773794118 1.11215706 12 15 16
2.01171377 0.797951306 0.919102852 57 57 57
1.12023574 0.781686607 0.906076196 0 0 0
-3.56707018 0.740996366 0.889419774 231 231 231
-0.44198672 0.589040617 1.1849707 124 124 124
3.16795159 0.772438689 1.00560699 13 16 16
-3.66430248 0.779719343 0.864599625 231 231 231
-0.422371344 0.609339344 1.07848952 124 124 124
1.57508696 -3.24502347 -0.079238399 8 8 8
-1.57964752 0.572204027 1.29916814 3 3 3
0.18344189 0.727362863 0.501680769 141 141 141
3.39793651 -1.71943233 0.793444653 8 8 8
-2.689217 0.751491097 0.885485944 231 231 231
0.0120708377 0.692775895 0.537334982 141 141 141
2.80528484 -2.22088247 0.495499986 8 8 8
-0.950232114 0.58640902 0.973089199 74 104 80
2.80528484 -2.22088247 0.495499986 8 8 8
-2.00259251 -1.77867226 0.867092282 9 9 9
-1.30656251 0.589540132 1.08761634 0 0 0
-2.48642091 -2.10232682 0.628077438 8 8 8
-0.680150155 0.592757391 1.62626808 15 32 63
0.118564557 -0.806341009 1.58117667 8 8 8
-0.799834309 0.5853873 1.62776123 12 30 61
0.114055417 -0.808701936 1.57877437 8 8 8
-0.62736094 0.587762631 1.55316336 111 113 115
1.95013245 0.667329941 0.844319922 5 5 5
4.07039888 0.178288594 0.863861326 236 236 236
-0.739991932 0.587977475 1.15924966 112 118 124
-1.14897354 -1.41809645 0.970640196 231 231 231
-1.06100063 -0.837369417 0.532548801 112 118 135
-0.739991932 0.587977475 1.15924966 112 118 124
-1.06675542 -1.42418939 0.46718912 231 231 231
-1.20078978 0.613359191 1.26610345 6 19 43
2.78828991 -0.162817199 1.35414909 108 114 130
-0.812203709 -1.76266439 -0.0164320816 8 8 8
-1.27789635 0.580544482 1.07146317 142 142 142
2.87583301 0.736406339 0.911297253 10 10 10
-2.64648346 0.63424869 1.02029633 9 9 9
-1.33674977 0.583551033 1.07193084 142 142 142
2.23003377 0.922371108 0.688533578 0 0 0
-1.67594207 0.595452513 1.24123828 98 99 98
-1.00705222 0.57108072 1.62696453 7 24 54
2.23003377 0.922371108 0.688533578 0 0 0
-1.67594207 0.595452513 1.24123828 98 99 98
1.73451129 0.602969847 0.787718407 109 114 131
3.11122904 -0.253505471 0.844957608 84 78 75
-0.741850489 0.587406655 1.33494036 124 124 124
3.9759646 -0.45288278 1.12315282 234 234 234
-0.741850489 0.587406655 1.33494036 124 124 124
0.336220301 0.792153441 0.958999498 57 57 57
-2.06738061 -1.58654885 1.22264114 107 107 107
-0.906774642 0.588665906 1.18117536 124 124 124
2.99259543 -0.0407418385 -0.140692698 231 231 231
-0.170521025 -1.74129207 1.09645637 231 231 231
-0.963079457 0.586904721 1.16167158 124 124 124
-3.14727412 -0.187428076 0.823471362 94 99 114
-0.96253023 0.587372156 1.16122952 124 124 124
1.03792322 0.754176388 0.0257281279 1 1 1
2.18878515 0.272115261 0.836506691 63 66 77
-2.55971036 0.236861854 0.635337938 0 0 0
-1.29471821 0.586691906 1.13205219 142 142 142
3.1893684 -1.71022321 0.93306921 8 8 8
-2.19302855 -0.151189445 0.621528482 119 126 144
-1.20807682 0.605911694 0.914777124 6 19 43
3.11639634 -1.77091374 0.902165433 8 8 8
-2.1930862 0.173319383 0.625933049 119 125 144
-0.911979891 0.589202793 0.917533381 124 124 124
3.98727694 -1.4543997 0.937531954 0 0 0
-0.990727463 -1.89129746 0.781521247 8 8 8
-0.506788465 0.584317148 1.65824735 74 77 85
-0.990727463 -1.89129746 0.781521247 8 8 8
-0.516859546 0.584694237 1.63996276 85 88 94
-0.447841032 0.585990922 1.62793313 94 96 103
-0.443525267 0.593092597 1.62286816 21 22 25
2.8651254 -1.15885612 1.36339392 231 231 231
-2.39603748 -3.17798655 -0.166143406 8 8 8
-0.513961584 0.58579858 1.62323811 25 29 35
-0.373324991 -1.74522908 0.863680415 231 231 231
-0.537452823 0.585925877 1.62329084 7 10 15
2.79032191 0.543278719 1.36680833 112 118 135
-2.8181511 -3.63651188 -0.503508406 8 8 8
-0.449622336 0.586403198 1.61225095 59 64 76
-2.41869424 -1.69485804 0.0700123231 0 0 0
-0.916812778 -1.98058242 0.715901305 8 8 8
-0.515101087 0.585964477 1.61689225 49 53 61
-1.05564307 -1.21739476 0.493747444 96 101 116
-0.753415412 0.585939934 1.6390933 16 32 62
-2.07211869 -0.916122769 0.00737544703 107 107 107
-2.56102811 0.0241397403 0.799620138 228 228 228
-0.47194821 0.583208067 1.60930544 27 31 38
2.97096325 -1.40161637 1.13961962 228 228 228
-2.59308171 0.0835485237 0.71862075 228 228 228
-0.501902101 0.586104205 1.60714551 6 10 20
-2.26219462 -1.68176646 0.524542969 231 231 231
-0.878907594 0.586402477 1.62147264 91 93 100
3.07183536 -1.33655656 1.13114376 112 118 135
-1.11302123 -1.69795174 0.454281224 96 101 116
-0.592284482 0.58588326 1.52862529 30 38 56
2.94142236 -0.197762168 1.15821762 111 117 134
-1.05610503 -1.32996769 0.4888106 94 99 114
-0.666818124 0.585815901 1.52096485 75 87 108
2.96870274 -1.23508697 1.07959615 111 117 134
-1.05964743 -1.33220022 0.486452523 94 99 114
-0.673583179 0.586018565 1.52093712 36 46 66
2.95146173 0.615950315 1.18155525 109 115 132
-0.751964983 -1.71392172 0.476495255 8 8 8
-0.786250303 0.58589031 1.52845001 94 100 111
-0.342640493 -1.7629063 0.446713735 8 8 8
1.75341959 0.769639731 0.903085967 16 30 45
2.97614633 0.25289914 1.14235036 109 115 132
1.28444677 0.770532628 0.918938244 14 20 26
3.01221889 -1.30457764 1.03766256 108 114 131
0.154798101 0.179399325 1.30494853 9 9 9
-0.502336823 0.584925308 1.34196621 111 117 124
2.8235287 0.271491473 1.05216319 109 115 132
-0.506578447 0.586142198 1.34208125 23 41 51
3.08190934 -1.36771825 0.967890164 109 114 131
-0.955133401 -0.912555869 0.742893069 197 197 197
1.19652302 0.75894349 0.88013941 9 9 9
3.04995694 -0.200507667 1.01481212 113 118 136
-1.02697558 -1.23471139 0.553152056 60 64 74
1.82137592 0.073256772 0.848911888 59 62 72
2.01194244 -0.820666941 0.640692527 59 62 72
-0.972332452 -1.12844313 0.982628852 107 107 107
-0.733714405 0.586265147 1.35519829 111 117 123
-0.984013644 -1.18478056 0.983349783 102 107 123
-0.733714405 0.586265147 1.35519829 111 117 123
-1.89405846 0.594348667 1.43793939 6 19 43
-0.748098239 0.585868674 1.35540516 111 117 123
-0.748098239 0.585868674 1.35540516 111 117 123
-2.301453 -0.165644669 0.598195407 118 124 142
-0.507349211 0.585655134 1.2848904 122 122 122
-1.78831818 0.599664908 1.27710038 28 32 42
-0.724832947 0.585907806 1.32333945 111 117 124
-1.6013088 0.607317111 1.16727781 1 1 2
-0.559507945 0.587952512 1.25978933 98 100 104
-1.03177317 -1.45852537 1.02243915 109 114 131
-1.99975805 0.638611716 0.351183921 106 106 106
-0.561332585 0.586203993 1.26062738 98 100 104
2.81616858 -1.27851107 1.29774669 231 231 231
-2.78860522 0.740691263 0.88574483 231 231 231
-0.974806893 0.585992418 1.35353687 16 26 47
-2.77209751 0.587766054 1.07217129 231 231 231
-0.974875473 0.585593896 1.35373411 16 26 47
3.02699037 -1.58632687 1.05177972 228 228 228
-0.990531687 0.584228967 1.3543402 24 32 50
3.05602276 -1.57755661 1.01625626 228 228 228
-0.746674114 0.586225771 1.26093774 95 97 102
-0.905031332 0.741564332 1.24839694 18 29 48
3.3935326 -1.67432659 0.834235794 118 124 143
-1.21282053 -1.25388235 0.891847798 98 100 108
-0.988608467 0.588466528 1.31708447 18 29 48
-0.506732374 0.585737025 1.14631281 119 119 120
-0.534542875 -1.81057026 1.14337048 130 130 130
-1.65228616 0.596876971 1.16830503 73 76 77
-0.483579338 0.584782332 1.13038865 11 51 43
-0.334068876 -1.03205096 1.41538077 8 8 8
-0.495378717 0.58579964 1.12671029 10 37 44
-0.953438302 -1.26700961 1.2425625 8 8 8
-0.543745291 0.58723437 1.12166807 8 47 42
2.92152271 0.584325417 1.33982383 101 107 123
-1.63668522 -1.53409181 1.04594121 8 8 8
-0.936020112 -1.28416506 1.22971391 8 8 8
-0.708081789 0.586721083 1.07545384 102 104 108
2.48748222 -0.928245568 1.15557473 231 231 231
-1.07311521 -1.70057902 0.492909498 8 8 8
-0.761715305 0.586491454 1.09384796 124 124 124
-0.941726864 0.587446689 1.16915358 121 121 121
-0.717924256 0.585857823 0.981738385 116 120 117
2.02156163 0.272292185 1.19371577 102 107 123
-0.953412846 -1.16400713 1.00535892 59 62 72
-0.71789569 0.585898191 0.981705556 116 120 117
-0.867411859 -1.60695246 0.997924585 231 231 231
-0.763734556 0.585646271 0.980245101 47 95 62
-2.36931537 -1.75621195 0.436692303 11 11 11
-0.763734556 0.585646271 0.980245101 47 95 62
2.77470756 0.282990676 1.12639201 111 116 133
-0.228976101 -1.70167269 1.02780754 130 130 130
-0.977607141 0.536872366 1.0106467 118 121 119
3.01209829 -1.53865439 1.04385546 228 228 228
-0.952596162 0.581486066 0.893825189 95 97 103
2.94144969 -1.25049078 1.04075791 111 117 134
-1.08331109 -1.25751433 0.523710261 60 64 74
-0.589990836 0.586129896 1.67646044 8 9 11
3.41752696 0.208385177 0.800607762 0 0 0
-0.322977511 -1.75440175 0.421453423 231 231 231
-0.953820099 0.586023962 1.70090046 7 18 43
-1.23888166 -0.853291822 0.394137821 107 107 107
-0.347445142 -1.76544361 -0.0151845257 8 8 8
-0.927025819 0.586865617 1.69751389 123 123 123
3.97899427 -0.499821127 1.12371114 0 0 0
-0.587077397 0.586314686 1.67122436 23 26 33
-4.70424424 -0.823538624 0.850227197 70 68 68
-0.978547222 0.585793644 1.69879792 4 15 41
2.91056297 0.499319193 1.37587026 98 103 118
-0.509330671 0.584577908 1.66263859 3 4 8
2.61171814 0.256876317 0.893592521 85 90 103
-0.857357044 -1.84895605 0.813385258 8 8 8
-0.475059418 0.586418763 1.65855807 0 0 1
2.61171814 0.256876317 0.893592521 85 90 103
0.885250892 -0.672547979 1.67756696 8 8 8
-0.18697981 2.07331891 1.53158687 122 123 123
-1.22077719 -1.59981342 0.997353837 0 0 0
-0.603645526 0.585185023 1.65816632 23 26 33
3.88566842 0.512576019 1.23642845 29 29 29
-0.483362529 0.58317804 1.6471369 4 7 18
1.85737803 -0.908649883 0.659552895 67 71 82
-0.812440309 -1.91927338 0.761171771 8 8 8
-0.493487047 0.587149134 1.64698607 3 3 4
2.68798113 -0.845012727 0.855963527 82 86 99
-0.811759625 -1.76381262 0.398762298 0 0 0
-0.962452361 0.586644103 1.68323919 4 15 41
2.88388317 -1.36975739 1.35313615 231 231 231
-1.49723282 0.588630881 1.35837774 0 0 0
-0.472923232 0.585251207 1.63369642 97 100 106
-0.472923232 0.585251207 1.63369642 97 100 106
-0.98740461 -0.87729547 0.987188728 79 83 96
-0.442041402 0.585316096 1.62934753 6 24 55
-0.981678173 -0.87644899 0.98940609 79 83 96
-0.472820342 0.583955448 1.62881243 4 8 17
-0.433724709 0.585491156 1.61590971 72 76 86
-0.433547992 0.585672686 1.61592788 72 76 86
-0.965435394 -1.66365241 0.81478832 74 78 91
-0.542707105 0.586573471 1.62501722 43 47 59
0.680812421 -0.927367742 1.54618416 130 130 130
-0.441114847 0.585727583 1.61456294 9 12 23
0.680812421 -0.927367742 1.54618416 130 130 130
-0.501279928 0.585480486 1.61902848 105 108 113
-3.91009852 -1.69601874 1.29945187 231 231 231
-0.533256252 0.577648113 1.62254288 62 65 72
-0.328454848 -1.76156154 -0.0211795325 231 231 231
2.84708165 0.247783917 1.31455832 80 84 97
2.76027097 0.220017233 0.961673498 60 63 73
-0.492478111 0.58580097 1.61084199 90 94 101
-0.458299174 0.584582151 1.60697265 2 5 15
3.04319413 -0.0179356756 1.0094726 0 0 0
-0.47374623 0.584731228 1.60482862 83 86 94
3.04319413 -0.0179356756 1.0094726 0 0 0
-1.10976351 -1.45522766 0.432130286 231 231 231
-0.820351745 0.585817202 1.63923165 11 29 59
-0.822900403 -1.77520609 0.407776029 0 0 0
-0.923649965 0.585935816 1.63512488 9 26 56
-0.431592509 -1.77609238 0.143073885 231 231 231
-0.923649965 0.585935816 1.63512488 9 26 56
-2.31074342 -0.990867015 1.24583174 183 183 183
-1.01715993 0.586248622 1.63546487 6 21 50
-2.28056728 -0.987171223 1.24995078 183 183 183
-0.976170568 0.585943739 1.63028955 9 25 54
-2.6461912 0.53566988 1.10098923 231 231 231
-0.984482619 0.586526946 1.61393307 9 26 56
2.7408708 0.266052156 0.834520825 60 63 74
-1.38978424 0.598100544 0.996318466 142 142 142
0.362698906 1.43591197 1.27775647 0 0 0
2.80933357 0.25724467 0.848726701 60 63 74
-1.39606658 0.600110638 0.995528121 142 142 142
-0.549713335 0.58560121 1.50965647 69 76 89
4.01188131 -0.547033176 1.10412061 0 0 0
-0.953059062 -1.09940822 1.01810907 197 197 197
-0.549713335 0.58560121 1.50965647 69 76 89
3.35690229 -0.242554956 0.822652275 69 73 85
-2.77358808 0.59836846 1.09432571 0 0 0
-0.664615079 0.585861263 1.52650758 44 54 74
4.25667777 -1.50468932 0.852399138 231 231 231
-2.17401215 0.645524709 0.654968748 5 5 5
-0.664615079 0.585861263 1.52650758 44 54 74
-1.04224497 0.586020205 1.53242045 14 25 47
-0.955333118 -1.0209598 0.950391812 0 0 0
1.60255256 0.767888744 0.892559867 10 26 43
1.88204632 0.675405059 0.790713629 100 106 121
-0.493973959 0.586061934 1.35075184 124 124 124
-2.41982916 -0.626481624 1.37479799 177 177 177
-1.3371844 -1.37538212 0.61172787 231 231 231
-0.516697569 0.609059112 1.35061981 124 124 124
2.65586826 -1.23948306 1.28780187 59 62 72
-2.54439756 -0.907116799 1.18245932 67 67 67
1.68101133 0.646548277 0.804447017 102 107 122
-2.37806108 0.618840156 0.587062972 114 120 138
-0.50270455 0.589293753 1.30564563 124 124 124
3.03074299 -1.26151739 0.914941118 231 231 231
-0.924316154 -1.6919539 0.85606054 231 231 231
-0.483104935 0.584707289 1.27942572 88 90 94
0.852988828 0.763708881 0.846403101 29 30 30
-0.957249406 -0.986736057 0.895760674 197 197 197
-0.943751885 0.586257407 1.33302075 18 28 48
-2.21537509 -0.110075294 0.549833577 0 0 0
-0.493866957 0.585952247 1.16670094 14 50 45
4.06892576 -1.48113596 0.98683678 0 0 0
-0.539405918 0.587158611 1.13794829 70 72 79
-0.955580952 -0.986657871 0.896152298 197 197 197
-0.949537967 0.588099321 1.2797108 124 124 124
-1.55606213 0.592329868 1.22376989 17 19 19
-0.531593414 0.586613168 1.1245379 12 49 43
-0.950733592 0.586681817 1.26139163 106 107 110
-2.76341695 0.768923211 1.20288858 231 231 231
2.89994171 -0.895650854 1.07660662 110 116 133
-0.98411809 0.587238864 1.26138666 98 100 105
-0.984615866 0.586203304 1.2618453 98 100 105
3.02364393 -1.59551251 1.02505129 228 228 228
2.73740794 0.306351227 1.38160922 59 62 72
3.05696557 -1.58324844 0.99096111 228 228 228
-0.55354412 0.585817745 1.07544198 97 100 104
4.14005295 -0.029642635 1.18222738 102 107 123
-0.553714659 0.585661882 1.07554416 97 100 104
3.08561422 -1.56820258 0.981284012 228 228 228
2.93032409 0.277307548 1.33687274 93 98 113
-0.968813829 0.586449503 1.16331273 10 28 43
3.06738102 -0.833276711 1.06108274 110 116 133
6.21079364 -0.086393618 0.333623402 52 52 52
-0.924788838 0.586338597 1.07632558 99 101 105
2.0750441 0.255486736 0.920778343 99 104 120
6.19604692 -0.915810394 0.337604875 52 52 52
-0.9265076 0.583381614 1.0783794 99 101 105
1.95641795 -0.877965607 0.606317087 69 73 84
-0.939764634 0.588608992 1.07529656 95 97 102
-0.939456115 0.589097578 1.07501215 95 97 102
3.02807359 -0.210868709 0.960923692 109 114 131
-0.772458936 0.586781218 0.952423312 53 57 67
4.1469236 -1.51961601 1.0837204 0 0 0
4.23902721 -1.53280122 0.845886543 59 62 72
-0.694936606 0.5839456 0.909239135 74 76 83
0.0725884696 0.711431837 0.388819856 0 0 0
4.29777709 -1.46000507 0.844981131 121 127 145
1.75323798 0.747410636 0.886885363 9 9 9
-0.768760213 0.585441628 0.907822943 63 66 74
3.91879313 0.125599629 0.843062031 114 119 137
-0.767431254 0.588059448 0.905843953 63 66 74
3.98569562 0.316492461 0.856662538 0 0 0
-0.75675055 0.583044345 0.892258361 105 107 110
4.15607379 0.150027585 0.863478438 0 0 0
-0.932873784 0.585909459 1.70299216 124 124 124
-0.932873784 0.585909459 1.70299216 124 124 124
4.38789542 0.0455723176 0.861568354 112 118 135
4.44334886 0.59563146 1.47292717 87 92 106
-0.966949847 0.586985208 1.70350896 124 124 124
-4.27222379 -0.808238645 1.33102114 231 231 231
5.69581432 -1.31534664 1.38179998 130 130 130
-0.906920399 0.585797594 1.69166538 124 124 124
-1.42167317 -0.854649473 0.561899122 107 107 107
5.6961176 -1.31533174 1.38172419 130 130 130
-0.472494626 0.587207931 1.65310091 71 74 84
5.68617466 -1.31742133 1.35418701 0 0 0
-0.472494626 0.587207931 1.65310091 71 74 84
3.00159138 -1.4060319 1.06067836 228 228 228
-1.01776354 0.58492572 1.69341485 12 90 38
5.62976914 -1.44549983 1.310368 130 130 130
-0.907922257 0.585886752 1.6827725 123 123 123
3.9136049 -1.48614492 0.844902321 166 166 166
-0.560458867 0.58601382 1.6534619 5 6 9
4.32976453 -1.377309 0.864751582 94 99 114
5.97743959 -1.59935578 1.13737542 231 231 231
-0.549808899 0.585704943 1.6515094 81 87 92
4.32976453 -1.377309 0.864751582 94 99 114
6.15370728 -0.905997251 0.189858482 41 41 41
-0.549533451 0.58693482 1.65143696 81 87 92
4.301982 0.0513072676 0.804268289 87 81 78
6.15370728 -0.905997251 0.189858482 41 41 41
-0.533435859 0.585722274 1.64987682 107 109 114
2.79467646 -1.1449553 1.33313955 231 231 231
3.03356282 -0.217096744 0.858608767 109 114 131
-0.518645208 0.584385156 1.64536824 1 1 2
4.14471942 -1.51711027 1.08197445 0 0 0
3.54604109 -2.59475285 0.256413539 8 8 8
-0.967182231 0.586873137 1.68269536 124 124 124
1.72442755 0.7636956 0.875125921 9 9 9
-0.478260227 0.586762945 1.64005538 89 91 98
4.12977683 -1.47315019 0.928758527 0 0 0
-0.979762415 0.584601322 1.68303073 124 124 124
4.12977683 -1.47315019 0.928758527 0 0 0
-0.979762415 0.584601322 1.68303073 124 124 124
11.7469313 -7.47928831 -3.33279741 8 8 8
-0.611184245 0.584868654 1.64903222 0 0 1
-1.03623016 -1.68006559 0.937920348 8 8 8
-0.530422534 0.585992244 1.64357522 1 2 3
3.6878598 -3.35405586 -0.221498769 93 97 112
-2.58842125 -0.757951262 1.62060358 0 0 0
-0.530422534 0.585992244 1.64357522 1 2 3
4.15646593 -0.544969181 1.15868178 0 0 0
-0.988586669 0.587877446 1.68271813 12 90 38
0.863425846 0.408800923 1.13596937 9 9 9
-0.545173956 0.585769492 1.64414251 8 16 27
4.0297326 -1.47289615 1.03646556 0 0 0
6.11248531 -1.5312228 1.8823665 231 231 231
-0.511197582 0.585815389 1.63401269 8 17 26
4.0421274 -1.47247021 0.980099257 166 166 166
-0.481178344 0.586644715 1.62381815 24 39 48
4.13811146 0.160784735 0.860864273 0 0 0
5.24999931 -0.31673865 1.12818888 231 231 231
-0.441623771 0.593575628 1.61772044 90 93 100
1.27203417 -1.66685655 1.44509492 231 231 231
5.1943466 -0.681030872 1.1373082 231 231 231
-0.6859081 0.585540355 1.64042775 12 29 60
4.20175331 0.150917417 0.86440259 236 236 236
4.01083879 -0.433879916 1.12567755 0 0 0
-0.654479497 0.585562228 1.63506078 78 82 92
2.94398853 -0.195391115 1.17649571 78 82 95
4.01470567 -0.577609989 1.12479539 0 0 0
2.98041993 -1.39737335 1.14139258 228 228 228
-0.522499579 0.586456704 1.61536912 2 3 8
3.88772372 -0.412789037 1.13270178 211 211 211
-0.725708841 0.58567317 1.63442855 78 82 92
2.73752417 -0.853869826 0.967164403 96 101 116
-0.725708841 0.58567317 1.63442855 78 82 92
4.15882767 0.315078449 0.863432248 0 0 0
-0.804766161 0.585940931 1.63110623 75 79 90
2.7375323 0.223126237 0.965996358 60 63 73
-0.668606295 0.585902402 1.61242481 15 34 64
2.5949084 0.182080219 1.28441686 84 88 102
-2.60403817 -0.113727572 0.832204441 197 197 197
6.15224521 -0.751454385 0.262129904 25 25 25
-0.89591872 0.585949256 1.60269916 65 70 84
-1.24534311 -1.5478681 0.334027457 231 231 231
2.69057606 -0.953552052 1.07795221 0 0 0
-0.895673523 0.586561367 1.6024969 65 70 84
0.162117613 -0.0889064225 -2.65360731 231 231 231
6.12734018 -0.749633447 0.18637037 25 25 25
-0.527184177 0.585026617 1.51001247 80 86 98
2.57322049 -0.919637206 1.14299595 59 62 72
-0.809238852 0.586308112 1.52857708 50 57 72
-0.120910449 -1.70387118 0.971381153 0 0 0
2.01290676 0.514572294 1.03762101 0 0 0
-0.744015565 0.586464314 1.51002061 75 82 94
0.995246159 0.750438202 1.04180514 57 57 57
2.68049992 0.772084581 1.06205388 11 15 15
1.40059446 0.7700572 0.898955277 11 24 43
3.02877275 0.636453477 1.03093659 10 10 10
-0.778441589 0.585881796 1.43170726 58 63 73
2.97877449 0.674098439 0.986173751 10 10 10
-0.522018694 0.584575914 1.36280761 124 124 124
2.83600508 0.732996011 0.915449726 10 10 10
1.22808353 0.77171048 0.910059961 124 124 124
-0.547779206 0.585171677 1.33348193 124 124 124
3.08395044 0.801235214 0.856946709 10 10 10
-0.52901471 0.584576318 1.30392737 124 124 124
-0.594017867 0.740987494 1.2687115 16 81 41
-0.530002032 0.585261011 1.2794315 70 73 80
-0.530002032 0.585261011 1.2794315 70 73 80
-0.250970641 -1.70207232 1.08526197 0 0 0
-0.761480975 0.585937171 1.30885861 124 124 124
2.79709146 -1.18415487 1.2937167 59 62 72
0.544675505 0.757219122 0.856143864 29 30 30
2.93075833 -0.859916828 1.27444825 64 68 78
-0.777520433 0.586271522 1.27914104 63 66 75
2.89855887 -0.871634338 1.26801575 64 68 78
-0.9768019 0.586139566 1.2620924 104 106 109
2.82350884 0.2593523 0.809779425 60 63 73
-0.679542113 0.587707779 1.09254942 91 92 96
3.04523036 0.257465553 0.859937778 0 0 0
-0.964976104 0.583393495 1.0787611 103 104 109
4.05622441 -0.535287859 1.12359422 0 0 0
-1.00450559 0.586690129 1.07470496 94 97 102
4.05562804 -0.533315618 1.1231676 0 0 0
0.0732488258 0.712345052 0.387568105 0 0 0
0.780477299 0.709530503 1.58687001 0 0 0
0.773624622 0.705801436 1.58545675 0 0 0
-0.144009372 -1.73168602 1.00826154 231 231 231
-0.940593194 0.58675651 1.70075518 4 16 42
-0.490126754 -1.75530999 0.903073435 231 231 231
-0.870009315 0.585868961 1.69468179 124 124 124
-0.869982088 0.585981267 1.69464771 124 124 124
-0.946462264 0.587938192 1.69706544 124 124 124
2.82887924 -1.27151413 1.29809538 231 231 231
-0.876811401 0.585815793 1.68906192 4 17 44
2.85972844 0.596169113 1.28307107 59 62 72
-0.876811401 0.585815793 1.68906192 4 17 44
2.86261617 0.595427846 1.28353051 59 62 72
-1.01806407 0.585683128 1.69841473 4 14 39
2.06496958 0.254534582 0.917668546 99 105 120
2.8223693 0.691298403 0.979800654 231 231 231
-0.951231906 0.586086928 1.69141426 4 15 42
-0.951231906 0.586086928 1.69141426 4 15 42
3.88534352 0.499910781 1.15829697 231 231 231
-1.00622278 0.586245248 1.69499518 4 14 39
4.07370194 0.198840991 0.866510737 236 236 236
-0.902345894 0.586432972 1.68670186 4 16 43
4.07370194 0.198840991 0.866510737 236 236 236
-0.869729583 0.586009755 1.68365869 124 124 124
4.06417463 0.25708819 0.860742567 236 236 236
-0.8808546 0.585739047 1.68279135 124 124 124
-0.931786455 0.583431017 1.68312612 124 124 124
4.06189354 0.257640167 0.859018942 236 236 236
-0.945198407 0.585913243 1.68359477 124 124 124
-0.945198407 0.585913243 1.68359477 124 124 124
-0.957575403 0.58579495 1.68360105 124 124 124
-0.957575403 0.58579495 1.68360105 124 124 124
-0.665003137 0.585957351 1.6343134 81 84 94
-0.697737956 0.586012377 1.63450276 84 88 97
2.79089431 -1.36563724 1.30366623 231 231 231
-0.770848713 0.585672058 1.63533975 84 88 97
3.97405376 0.566631401 1.49012816 109 115 132
-0.783716302 0.585738537 1.63460681 80 83 93
-0.784036542 0.586065605 1.63446258 80 83 93
2.96047085 0.0807835889 1.13762792 228 228 228
-0.849733316 0.58548817 1.64053078 10 27 58
2.98995941 -1.31399864 1.06939318 107 112 129
-0.663064958 0.585591712 1.618375 71 76 89
-0.716217833 0.585268773 1.61844467 89 93 101
3.05653629 -0.836091853 1.09456693 107 113 129
-0.716217833 0.585268773 1.61844467 89 93 101
2.99908476 -1.3129114 1.0235167 106 112 128
-0.737392753 0.586028828 1.61800762 77 81 92
3.1011336 -1.39004004 0.882459871 228 228 228
-0.901085937 0.586118105 1.63446812 90 93 100
2.86277355 0.698756287 0.796051294 231 231 231
-0.901077697 0.586101212 1.63445219 90 93 100
4.03729132 -0.497530889 1.12475449 235 235 235
-0.764291085 0.585725135 1.61877439 72 77 89
-0.764292698 0.585720179 1.61877185 72 77 89
-0.813800879 0.585802453 1.61850523 83 87 95
-0.813800879 0.585802453 1.61850523 83 87 95
-0.967920379 0.585677035 1.63509823 80 83 91
-0.967920379 0.585677035 1.63509823 80 83 91
4.08198681 0.234081189 0.875366854 236 236 236
4.08198681 0.234081189 0.875366854 236 236 236
-0.849942402 0.585719316 1.61904855 78 82 92
-0.992309287 0.585809505 1.63491178 85 88 95
4.06729135 0.254671267 0.864609699 236 236 236
-0.992309287 0.585809505 1.63491178 85 88 95
4.25390986 0.118899194 0.89585438 116 121 139
-0.861676445 0.585706837 1.61860857 81 85 95
4.23321146 0.12875402 0.871015754 236 236 236
-0.861676445 0.585706837 1.61860857 81 85 95
4.23321146 0.12875402 0.871015754 236 236 236
-0.904882532 0.585269323 1.61897932 71 76 88
2.69214738 -0.125951887 1.38702645 106 112 128
-0.904882532 0.585269323 1.61897932 71 76 88
-0.892765882 0.585676943 1.61845103 86 89 97
-0.892784395 0.586141736 1.61832114 86 89 97
2.80457367 -1.17193631 1.30456505 59 62 72
-0.983429494 0.586020549 1.60218183 90 92 100
2.82167037 -1.14458959 1.31034546 231 231 231
1.9661137 -1.45126932 1.14051923 231 231 231
-1.02245364 0.586447075 1.60294401 49 55 72
-0.520976828 0.586118503 1.52776299 49 55 69
2.48487141 0.553532832 1.23940035 56 57 57
1.98298446 -0.931783843 0.959982583 231 231 231
-0.574399542 0.586475937 1.52767934 60 67 79
-0.574399542 0.586475937 1.52767934 60 67 79
-0.749799322 0.585507307 1.51063256 76 83 94
-0.777677472 0.586303383 1.51051905 81 88 100
3.02688752 -0.205184837 0.853979638 85 79 75
-0.777677472 0.586303383 1.51051905 81 88 100
4.03899721 -0.540503486 1.12412621 235 235 235
-1.03051709 0.586815461 1.5280721 57 64 77
3.98280585 0.316336993 0.853539013 0 0 0
-1.03051709 0.586815461 1.5280721 57 64 77
4.27349806 0.0678584879 0.826212806 121 127 145
-1.00711568 0.585863633 1.5109249 79 85 97
-1.02129858 0.586165324 1.5105806 71 78 90
-1.02127365 0.586227646 1.51055741 71 78 90
-0.716428664 0.586730351 1.43020417 99 101 105
2.95786257 -0.919195356 1.33516545 231 231 231
-0.71637836 0.586540965 1.43025431 99 101 105
0.986364456 0.769933139 0.886049738 29 30 30
2.94986932 -0.922288705 1.3340091 231 231 231
0.918533356 0.772017947 0.85766939 9 11 14
2.79392161 0.263400443 1.01425185 70 74 85
0.845841246 0.772930152 0.85756447 9 11 14
0.850029804 0.77548885 0.856688889 9 11 14
3.00710401 -0.875276388 0.863823883 98 103 119
-0.518059034 0.585582084 1.26952782 124 124 124
3.88701091 -0.407091069 1.12122151 234 234 234
3.87814973 -0.410227509 1.11649075 234 234 234
0.744529807 0.772451362 0.85974433 9 11 14
-0.773573667 0.58466369 1.2712937 124 124 124
-0.510249048 0.585047504 1.08541343 124 124 124
2.53042882 0.506240425 1.33011026 116 122 140
2.28450949 0.740806211 -0.0354795282 231 231 231
2.38456851 -0.945826146 1.10695342 98 103 118
1.9082993 0.680385659 0.0535376152 231 231 231
-0.727011607 0.583906346 1.08631967 124 124 124
2.74864783 0.259114742 1.00388109 70 74 85
-0.802444048 0.584539811 1.09582143 68 71 78
-0.939645517 0.588076794 1.14262092 10 76 40
3.03467312 -1.67820935 0.991452694 110 116 133
-0.983430645 0.586446917 1.14910112 124 124 124
4.31079922 0.508450012 1.12853232 5 5 5
-0.710595096 0.588820518 0.986269864 13 80 39
4.08840905 0.191567557 0.861014147 0 0 0
1.11125324 0.706636133 -0.00684699008 44 42 42
1.72216333 0.58999124 1.2490113 116 121 139
0.139241234 0.705160036 0.44592984 141 141 141
2.87899983 -1.20825071 1.32374763 62 65 76
0.139717154 0.705311501 0.445707774 141 141 141
3.03821412 -0.194765042 1.01209571 113 119 137
0.148288866 0.71132504 0.406166431 141 141 141
3.07420219 0.244306044 0.954201922 110 116 133
0.146976573 0.710324845 0.40656793 141 141 141
2.97808886 -1.30797842 0.942738789 59 62 72
-1.03788304 0.578467892 1.08155413 102 103 107
2.97808886 -1.30797842 0.942738789 59 62 72
-1.03788304 0.578467892 1.08155413 102 103 107
2.7043385 0.246843715 0.794575361 84 78 75
2.7043385 0.246843715 0.794575361 84 78 75
0.127936193 0.71626525 0.345219815 141 141 141
3.65067964 0.572840605 1.07923524 231 231 231
-1.24042867 0.592343942 1.13500517 142 142 142
-1.24042867 0.592343942 1.13500517 142 142 142
3.1795139 0.654067845 0.853060773 114 120 137
0.0241885803 0.710016939 0.316583434 0 0 0
4.30418556 0.521845095 1.14269996 231 231 231
-0.979503095 0.584580292 0.910064583 93 95 99
4.04382165 0.246893212 0.860240475 236 236 236
-0.979924761 0.584459257 0.910334453 93 95 99
4.32454869 0.392417051 0.82648445 112 118 136
-0.8976701 0.586393535 1.70470506 124 124 124
2.84621301 -1.1100201 1.36011844 98 103 118
-0.88411347 0.586263367 1.70450915 124 124 124
-1.02393232 0.584054595 1.70303286 12 90 38
-1.02393232 0.584054595 1.70303286 12 90 38
-0.957153307 0.58582001 1.69590627 124 124 124
2.52511461 -0.955525589 0.714480448 94 99 114
-0.957153307 0.58582001 1.69590627 124 124 124
3.24591012 -0.209332697 0.876932253 116 122 140
-0.47888028 0.590548254 1.66042618 0 0 1
4.27962112 0.395146286 0.857127097 118 124 142
-0.56508316 0.58509309 1.66365537 102 106 111
4.27962112 0.395146286 0.857127097 118 124 142
-0.919699996 0.585247297 1.68994795 124 124 124
-2.28156996 -1.84487474 0.0720574551 231 231 231
-0.50007805 0.585858433 1.65501846 74 76 83
3.91387402 0.566013246 1.25889233 89 93 108
-0.980992326 0.584681715 1.69095187 4 15 40
3.85938803 -0.23508139 1.12121389 129 127 127
3.94441424 0.151870894 0.857010324 236 236 236
-1.02404904 0.584170442 1.68379744 12 90 38
4.18893157 0.31447325 0.855993634 236 236 236
-0.712218774 0.586086432 1.63482405 83 86 94
-0.689673407 0.585668511 1.62651098 12 31 62
4.32589632 0.411757349 0.846441987 68 72 83
-0.689673407 0.585668511 1.62651098 12 31 62
3.01742421 -1.54356847 1.05629328 228 228 228
-0.831984046 0.586027659 1.63526673 83 86 95
3.01742421 -1.54356847 1.05629328 228 228 228
-0.831984046 0.586027659 1.63526673 83 86 95
4.16252449 -0.603325597 1.1193069 234 234 234
-0.870794052 0.585569029 1.63481932 50 56 73
-0.870794052 0.585569029 1.63481932 50 56 73
4.01700278 -0.470765931 1.12388261 235 235 235
-0.795385834 0.585887338 1.62682802 12 30 61
3.05352829 -1.30310545 0.94947375 109 114 131
-0.812900684 0.585818218 1.6266833 12 30 61
-0.826132951 0.586298817 1.62680705 12 30 61
-0.825745817 0.585986854 1.62682561 12 30 61
-0.779428259 0.58532362 1.61861429 78 82 94
2.42802836 -0.081118574 1.37882974 0 0 0
-0.779428259 0.58532362 1.61861429 78 82 94
-0.956913564 0.586408432 1.63472736 42 50 69
-0.830166948 0.585900596 1.61863501 100 103 108
2.80938484 0.215315349 1.23438992 84 89 102
-1.01066654 0.587029259 1.63525927 59 64 77
-0.84895994 0.582345658 1.61127289 13 31 62
-0.897901404 0.586353976 1.61078581 12 30 61
-0.89787488 0.585606033 1.61090637 12 30 61
-0.921883911 0.586561069 1.61073222 11 29 59
3.95154174 0.459129602 1.1511539 5 5 5
-0.920778816 0.589463225 1.61018912 11 29 59
3.39715839 0.209091868 0.806021848 0 0 0
-1.01317388 0.590291329 1.60296934 91 94 100
3.39715839 0.209091868 0.806021848 0 0 0
-1.01433245 0.587834736 1.60331455 91 94 100
2.00755914 0.753050057 0.912892485 123 123 123
3.02113093 1.2712883 0.546708822 123 123 123
-0.761480471 0.585364742 1.43021173 69 71 80
-0.761589264 0.586164521 1.42983307 69 71 80
3.04812493 -1.50590549 1.04184263 0 0 0
1.61069185 0.605298454 0.786504457 59 62 72
3.13852226 0.633810747 1.03429421 10 10 10
1.63190569 0.639876265 0.756064247 59 62 72
3.19357474 0.617561111 1.05381095 10 10 10
-0.740993338 0.586267945 1.35511549 61 67 78
3.14845326 0.657489026 1.00610558 10 10 10
1.63501362 0.20645024 0.786472162 59 62 72
3.18652366 0.6598269 1.002502 10 10 10
3.18652366 0.6598269 1.002502 10 10 10
-0.935535295 0.585479326 1.32666134 112 118 124
-0.525298665 0.588071444 1.14596196 124 124 124
3.00924696 0.77090943 0.869549301 10 10 10
3.01338296 0.654533184 0.844323786 0 0 0
1.13359206 0.71481878 0.00611492715 231 231 231
-1.24037048 0.591428293 1.15279969 142 142 142
2.95085108 -0.859724553 1.21567209 92 97 112
-1.29680374 0.588707724 1.09974888 0 0 0
-0.965780565 0.585229727 1.69117815 4 15 41
4.16659187 0.558889039 1.48788377 73 77 89
-0.965780565 0.585229727 1.69117815 4 15 41
4.25121112 0.54832412 1.30504762 103 109 125
-0.463379958 0.587150307 1.62748362 60 62 66
4.2990414 0.0533632761 0.801261257 0 0 0
-0.465221605 0.585409156 1.62672733 60 62 66
-0.941234465 0.586084098 1.63473613 78 81 90
-0.907457258 0.586219681 1.62725036 10 28 58
2.93233437 -1.28849927 1.19738832 89 94 108
-0.987475205 0.586546123 1.61841573 38 47 68
-0.987475205 0.586546123 1.61841573 38 47 68
2.62352457 -0.90417453 1.12932029 59 62 72
-1.01516479 0.58929889 1.51887135 94 101 111
2.97761151 -1.59409777 1.13918433 228 228 228
1.15906369 0.756012323 0.915969738 124 124 124
1.12198533 0.757830634 0.895220388 0 0 0
-0.546842778 0.580630118 1.11384387 124 124 124
2.74250565 0.241967357 0.970971826 100 105 120
0.00442315913 0.707944396 0.266619348 141 141 141
2.74258277 0.241638058 0.9709679 100 105 120
0.00442315913 0.707944396 0.266619348 141 141 141
3.05789128 -0.0997958677 0.934945404 0 0 0
0.665077328 0.695697267 1.56283311 140 140 140
3.00088882 0.646169033 0.886148584 98 103 119
3.14076056 0.076850337 0.899878165 228 228 228
1.9596286 0.567647866 0.824297542 59 62 72
1.92826138 0.55749813 0.829718837 59 62 72
-0.775177176 0.587480389 1.34941602 124 124 124
-0.471184658 0.591939559 1.16164075 65 75 76
4.25198601 0.599224345 1.27653907 29 30 30
-1.26015644 0.591487817 1.12300294 0 0 0
3.9456565 0.130517048 0.868403725 236 236 236
-1.26015644 0.591487817 1.12300294 0 0 0
-0.996428181 0.588171985 1.69059332 12 89 38
3.98895942 0.150761837 0.858442221 0 0 0
1.98470516 0.496931418 0.980910246 0 0 0
3.42973931 -0.0217595675 -0.0147068233 0 0 0
-0.740119377 0.578036686 1.11974637 124 124 124
-0.739657585 0.579418312 1.119165 124 124 124
2.79885444 -1.59926894 1.30454191 231 231 231
-1.25959345 0.590369001 1.07965482 0 0 0
2.63391941 -1.23193834 1.27500372 231 231 231
-1.4192699 -1.48991493 0.358319231 0 0 0
-1.25959345 0.590369001 1.07965482 0 0 0
2.00737217 0.00081829542 1.0199854 0 0 0
2.94934142 0.612995446 1.27396097 97 102 117
0.971185356 0.781927828 0.948848509 57 57 57
1.94004056 0.0750084785 0.859954489 130 130 130
2.81544801 -1.33381935 1.01895139 72 76 87
0.315961172 0.768984693 0.861017833 29 30 30
3.2830051 -1.68345892 0.718762498 231 231 231
-0.42454362 0.606470913 1.08023606 124 124 124
4.29388714 0.402581201 0.844589684 120 126 145
-0.926430208 0.589747145 1.62190336 78 81 91
0.175870005 0.932089989 0.845035223 57 57 57
4.05178511 0.193755835 0.856016187 236 236 236
-0.499229303 0.585055443 1.65741177 73 75 81
4.06142568 0.194789533 0.86274858 236 236 236
-0.527805299 0.585440376 1.65242174 56 59 66
-0.524619987 0.58573218 1.64903109 89 92 97
4.22149421 0.32890536 0.864478323 236 236 236
-0.531587293 0.586485671 1.63772825 84 89 95
4.22149421 0.32890536 0.864478323 236 236 236
1.87890539 5.32725355 0.896439428 85 88 97
0.566888237 3.14258439 1.23763684 82 86 94
-0.466910098 0.58591834 1.59939321 12 14 22
2.03406853 -1.02053448 1.01881817 98 103 118
-0.800479324 0.585990728 1.63439833 11 29 60
-0.841413851 0.586550338 1.63288178 83 86 95
-0.846412512 0.584371085 1.63040279 15 31 60
-0.927023398 0.585936334 1.63735853 98 100 105
4.25606485 0.591033244 1.37483885 108 113 130
-1.01405376 0.586170658 1.6366725 89 91 97
4.07643959 0.244722637 0.853044176 0 0 0
-0.896953024 0.585097491 1.60668144 12 30 61
-0.907773593 0.585965589 1.60270014 15 32 62
4.26408394 0.399725772 0.911833835 94 99 114
1.63417617 0.769573747 0.917711403 10 24 34
1.40041884 0.755401897 0.882290404 10 10 10
4.20009968 0.545667711 1.4680579 62 66 76
1.37594557 0.758242476 0.880476857 9 9 9
1.17654762 0.757710312 0.881173473 9 9 9
2.82703043 -0.883333613 1.1744204 89 94 108
1.15403396 0.754237022 0.883351633 9 9 9
-0.720424528 0.586800001 1.35981187 123 123 123
2.97836016 -1.59421059 1.14106277 136 136 136
-0.756558172 0.585803336 1.35512839 111 118 124
3.94544351 0.130388482 0.868271195 235 235 235
-0.757533602 0.586740006 1.35443658 111 118 124
4.11425321 -0.419159597 1.12884091 0 0 0
-0.542581928 0.586918712 1.26017643 95 98 102
3.02524526 -1.3259674 0.873991698 49 51 59
-0.542903185 0.586302728 1.2605495 95 98 102
3.01297926 0.0549384868 1.0816948 0 0 0
-0.55891256 0.586099324 1.26064768 94 97 102
2.95873133 -1.30770154 1.18164733 109 115 132
-0.939892473 0.586366623 1.35297161 15 25 46
2.13620298 -0.128985999 1.27601093 50 47 45
-0.478178463 0.586656909 1.17227019 114 114 115
2.74770887 -0.912844994 0.976927754 92 97 111
-1.00265998 0.583376222 1.32283525 110 116 122
4.16297977 -0.601445427 1.12029157 234 234 234
-1.00265998 0.583376222 1.32283525 110 116 122
-0.994067316 0.58565446 1.31836079 14 25 46
-0.995374107 0.581810411 1.32006611 14 25 46
1.7601353 0.69537267 0.225959798 128 128 128
1.73988044 0.706109388 0.227835955 128 128 128
-0.534524954 0.586316543 1.13208218 110 116 123
-0.568089192 0.581185653 1.1411326 54 58 68
-0.853494876 0.93620563 1.08712024 124 124 124
-0.996818745 0.586347662 1.26107078 123 123 123
-0.941818837 0.587844348 1.17650029 12 90 38
-0.974989932 0.586481053 1.17750934 99 114 102
-0.974989932 0.586481053 1.17750934 99 114 102
-0.984572536 0.585738624 1.17803717 101 114 103
-0.984572536 0.585738624 1.17803717 101 114 103
-0.978504094 0.58626996 1.15297278 39 45 59
-0.99238603 0.585908291 1.13643143 111 117 123
-0.989568951 0.585070105 1.1337922 26 34 52
-0.733616161 0.586271382 0.981382212 120 122 120
-0.733616161 0.586271382 0.981382212 120 122 120
-1.01075842 0.585594992 1.09525405 124 124 124
-0.994618154 0.58612526 0.975430097 119 120 120
-0.891527535 0.586253459 1.70476805 5 18 44
4.2289287 0.033741999 0.829716352 112 118 135
0.727181791 0.708206217 1.56656273 140 140 140
-0.377768614 2.07790599 1.53138985 124 124 124
-0.583443965 0.586410264 1.65452795 81 84 92
-1.00586693 0.58419093 1.68679035 4 19 39
-0.479004717 0.587965617 1.63464116 15 17 20
0.620189758 0.703598143 1.51925731 0 0 0
-0.476856288 0.586359985 1.62477819 9 17 23
-0.47703634 0.586172736 1.62479624 9 17 23
-0.515151139 0.585955104 1.61684026 49 52 61
-0.464749969 0.586070637 1.6046949 75 79 89
-0.828182885 0.585820298 1.63954951 12 29 59
-0.898618151 0.586194446 1.63003133 10 27 58
-1.01712154 0.586367735 1.62200045 100 102 106
-1.01455154 0.58585207 1.61896566 7 24 54
-0.561450937 0.586058423 1.50952232 68 75 88
-0.561450937 0.586058423 1.50952232 68 75 88
-0.666805986 0.585793359 1.52098038 76 88 109
-0.664727977 0.585961323 1.51567482 47 57 76
-1.04226024 0.586001986 1.53247595 14 25 47
-0.957512895 0.586012027 1.51022124 94 101 111
1.87717087 0.520233461 0.847528476 130 130 130
-0.493982335 0.586142158 1.3507025 124 124 124
-1.01742451 -1.65698447 0.641085983 94 99 114
-0.509592569 0.587101183 1.3011515 124 124 124
-4.5225046 0.699399517 1.23175721 104 110 126
-0.492767654 0.585289295 1.2617595 92 94 100
-0.757449844 0.586400197 1.3232669 111 118 124
3.65831492 0.773259307 1.40022726 9 9 9
-0.969746871 0.586158437 1.35213926 121 122 122
3.04237712 0.786988033 0.887978812 10 10 10
-0.755609678 0.588300218 1.27951933 124 124 124
-0.746684836 0.586245207 1.26093961 96 98 103
4.01723167 0.258787457 0.856262339 236 236 236
-0.482152356 0.587446767 1.16830759 22 35 51
4.01031262 0.260658061 0.851374407 236 236 236
-0.780119504 0.586740191 1.26116515 96 98 103
4.25048228 0.394353258 0.887265849 88 93 107
-0.780119504 0.586740191 1.26116515 96 98 103
4.25048228 0.394353258 0.887265849 88 93 107
-0.511502701 0.586242117 1.14486369 28 61 50
4.22266348 0.601283999 1.43590007 57 57 57
-0.511503534 0.586216125 1.14474893 28 61 50
4.22409534 0.598438073 1.43014424 108 114 130
-0.530241292 0.588511777 1.13706991 52 56 67
2.01563714 -0.934505791 0.643279511 92 97 111
-0.547650527 0.587463883 1.13786558 69 72 79
-0.722219859 0.586101043 1.09299998 78 80 86
3.07565296 -1.65848532 0.868555934 231 231 231
-0.716545464 0.586971582 1.07477966 98 100 105
3.44325036 -1.46252488 0.805150506 0 0 0
-0.988225966 0.585079373 1.17470446 17 35 46
4.07776567 -0.525721963 1.12642817 234 234 234
0.202204246 0.723806395 0.462597103 0 0 0
4.07776567 -0.525721963 1.12642817 234 234 234
-0.921394546 0.586810185 1.088189 122 122 122
-1.07209514 -0.950145886 0.772922561 0 0 0
-1.38745702 0.596183908 1.49934344 116 116 116
-1.35508275 0.594927059 1.49409688 11 23 44
2.67422988 -0.207942876 1.35661398 79 83 96
-0.945049946 0.587536848 0.983940832 12 90 38
2.93590729 0.237914154 1.25527962 9 9 9
0.64160297 0.765902644 0.859490503 29 30 30
5.43932233 -1.13239755 0.981912837 231 231 231
-1.21444381 0.592811576 1.17746914 0 0 0
5.51451138 -1.14185854 0.958583657 231 231 231
-1.39906734 0.580994635 0.974515624 141 141 141
6.19995035 -0.0603838443 0.302873342 52 52 52
-1.19816116 0.601947296 1.26187341 6 19 43
6.14267434 0.13197357 0.298191869 231 231 231
-1.49164001 0.596043036 1.32776722 14 18 18
2.92773379 0.227752965 1.26216585 9 9 9
-1.36462808 0.589819572 1.22418331 141 141 141
2.70707386 0.0943091201 1.30804807 108 113 130
-1.59567087 0.595402773 1.21927816 15 17 18
0.0997342272 -0.141900371 -0.00896947886 157 157 157
1.27400431 -0.71343905 1.73647743 0 0 0
-0.687024993 0.576548855 1.26267606 124 124 124
1.27400431 -0.71343905 1.73647743 0 0 0
2.90471459 -1.27881091 1.25997394 231 231 231
-1.37272326 0.587628773 1.02614813 0 0 0
6.19507232 -1.26795978 0.233697501 130 0 0
-1.5992118 0.673561174 1.33387576 37 42 51
-1.60186677 0.596342682 1.27088017 7 11 9
2.93245476 -1.60453266 1.33385273 231 231 231
-1.01585151 0.531045731 1.52560924 0 0 0
-1.35296257 0.595079893 1.48674469 26 28 30
2.93245476 -1.60453266 1.33385273 231 231 231
-0.750039169 0.586370904 1.34650011 123 123 123
5.21228521 0.0288498746 0.76609358 231 231 231
-1.3187512 0.594860649 1.41608652 3 3 4
-1.31769386 0.595793778 1.37273469 2 3 3
2.67192526 -1.0866733 0.992860001 130 130 130
-1.37565013 0.595850245 1.35476525 24 28 29
2.65449149 -1.0570759 0.970195347 130 130 130
2.64533889 -1.03973705 0.955790971 130 130 130
-1.52683909 0.595413769 1.31425707 5 6 6
2.64533889 -1.03973705 0.955790971 130 130 130
-0.752775909 0.583892182 0.990998154 120 120 120
-0.736588776 0.58507871 0.947704337 122 122 122
-1.37823393 0.589469864 1.18719768 0 0 0
2.67649126 -0.200494665 0.84920864 115 120 138
-1.59888849 0.594329013 1.27445636 7 12 10
2.34612452 -0.251811746 0.852099163 110 116 133
1.99363612 -1.17515168 0.957723361 115 121 139
-0.954850948 0.584859252 0.916233771 122 122 122
-1.01409791 0.582649187 0.893729366 103 104 108
-0.52260897 0.586004168 1.52778098 68 74 86
4.16817085 -0.601301919 1.11042064 220 220 220
-0.789993263 0.5843694 1.08651788 122 122 123
5.19809944 0.0515528554 0.756832725 61 64 74
-1.42632999 0.596427533 1.28579523 14 18 15
2.87332495 -1.1537464 1.3055671 106 112 128
-1.23958682 0.591162302 1.1539367 141 141 141
2.87332495 -1.1537464 1.3055671 106 112 128
2.81077056 -0.139484979 1.32075028 107 112 129
-0.736267481 0.588091165 0.914780626 123 123 123
0.0968734101 -0.00134903159 -0.00349804687 236 236 236
6.23920089 0.133543819 0.168823036 41 41 41
0.104525679 -0.0450004274 -0.00856900244 236 236 236
2.90254578 -1.36927773 0.791461813 0 0 0
-0.563452039 0.586455479 1.52705526 64 70 82
-0.563452039 0.586455479 1.52705526 64 70 82
4.94458807 0.60764813 1.46737937 87 92 106
1.62804076 0.221663243 0.787309708 59 62 72
2.00374811 -1.17870136 0.950117484 115 121 139
-1.42198321 0.59539643 1.36480073 9 12 13
5.18430143 0.546354561 1.29495806 231 231 231
2.77701465 -0.92455364 1.35214058 59 62 72
-0.744334379 0.582838996 1.08681203 123 123 123
-1.41762911 0.595896017 1.31936522 13 15 16
2.94029659 0.240991266 1.29090579 29 30 30
-0.938652077 0.583646751 1.08669472 123 123 124
-0.531212551 0.585716502 1.52723945 74 79 92
3.02017391 -0.888199421 0.787184683 86 80 77
1.97481274 0.507319273 0.954782766 0 0 0
-1.33322482 0.649252573 1.40608427 1 1 1
-1.2414978 0.591157761 1.15252779 141 141 141
-1.2414978 0.591157761 1.15252779 141 141 141
2.09519935 -0.171616829 1.28417811 102 107 123
2.3202344 -1.67864747 0.835520673 107 113 129
-0.935920849 0.587210411 0.959398841 19 78 42
0.0275212833 0.721886836 0.245257149 140 140 140
5.66356879 -0.0495407856 0.859755011 59 62 72
0.0130287639 0.714065397 0.256661129 140 140 140
2.98435425 -1.2734773 1.27732186 59 62 72
0.0867300087 0.137023349 -0.00418912868 236 236 236
2.64342712 -0.943653234 0.909757413 130 130 130
-1.11275236 -1.03788814 0.677716624 130 130 130
5.34409179 -0.371163162 1.15720145 59 62 72
1.99097023 0.0691670232 0.992946137 0 0 0
2.66673814 -1.09402409 1.02004818 0 0 0
0.196281226 0.770491649 0.886732898 29 30 30
0.108931258 0.7568929 0.448027161 140 140 140
2.07296972 -0.144720221 1.24948199 114 120 138
-0.979152932 -0.884163873 1.0051987 91 96 110
5.77513322 -1.54011633 1.12243007 59 62 72
-1.09163115 -0.869947637 0.52799633 59 62 72
-1.07522412 -0.955940178 0.767722579 0 0 0
-0.981901985 0.588971238 0.896697582 122 122 122
-1.10912359 -1.07128101 0.686443345 0 0 0
-0.0368902044 0.00382815841 -0.00978371249 0 0 0
0.115476421 0.698636841 0.532446883 140 140 140
-0.942394963 -0.913654833 1.01739241 130 130 130
-0.978094503 -0.846397282 0.712909915 76 81 93
-1.10907054 -1.01908863 0.685401396 0 0 0
-0.00459476047 -0.00461069857 -0.00186827232 0 0 0
0.0792319839 0.152407006 -0.0293610897 236 236 236
-1.10720546 -1.04650142 0.684003157 130 130 130
-1.11810869 -0.993306033 0.657279258 130 130 130
0.0331773945 -0.0514698285 -0.00447138709 236 236 236
-1.11386896 -0.992828512 0.653555683 130 130 130
0.0331773945 -0.0514698285 -0.00447138709 236 236 236
-1.1316473 -1.01095127 0.667174049 130 130 130
0.0843810077 0.648386322 0.474921305 143 143 143
-1.13357972 -1.00997904 0.668617638 130 130 130
0.0843810077 0.648386322 0.474921305 143 143 143
-1.12223904 -1.04552254 0.662325736 0 0 0
0.0485376461 0.677419303 0.41992115 143 143 143
-1.12964297 -0.966086116 0.6347251 0 0 0
-2.08111779 0.635288896 0.50794106 106 106 106
-0.973349842 -0.936010687 0.969286155 116 121 136
-0.0779202135 0.078959768 -0.00222308527 0 0 0
-0.39941635 0.58399147 1.4645721 111 113 115
-1.36347871 0.591063435 1.22350366 141 141 141
0.896452096 0.77221098 0.854467028 9 11 14
-1.2131474 0.607129718 0.90715917 6 19 43
0.336652682 0.59962395 0.489079664 143 143 143
-1.31624997 0.58902021 1.15443023 141 141 141
-1.32358058 0.60032375 1.42225977 2 3 3
0.0971767024 -0.14061576 -0.00288915092 236 236 236
-1.41451731 0.59710076 1.35965856 59 75 71
0.988664696 0.718761395 0.974122847 57 57 57
-1.39478924 0.585101284 0.970642682 141 141 141
-0.970509844 -0.871063305 0.786006636 71 75 87
-1.51547999 0.598192213 1.30388061 11 13 14
0.968571738 0.748476427 0.871746087 29 30 30
1.97487428 0.624417035 0.810653386 5 5 5
-0.94854804 -0.904980165 0.739089457 197 197 197
-1.43218761 0.62417808 1.31597019 11 13 14
-2.27211055 -0.12039794 0.599258216 118 124 142
-1.74525695 -0.475120059 1.70940347 0 0 0
-5.34688883 -0.862723079 1.19535699 117 117 117
-3.8156522 -1.78745302 1.1969075 231 231 231
-1.37958702 0.645830441 1.47410505 30 35 46
-1.35031292 0.595879954 1.41506137 3 6 4
-1.31398717 0.599816257 1.39204782 0 0 0
-3.13202195 0.169561319 1.22316961 79 84 96
-0.75768869 0.588664604 1.1753366 123 123 123
-1.4168428 0.596182257 1.3847345 26 36 29
1.37136279 -0.541633189 1.75888267 0 0 0
-1.4117822 0.596053318 1.37969817 4 9 6
-0.923484283 0.585563317 0.891159043 105 107 110
-3.24562771 0.209149881 0.836872395 62 65 76
-0.940903515 0.593320263 1.63995823 10 25 54
-0.900154074 0.579793953 1.61972292 77 81 91
-1.01411734 0.584801776 1.59795532 8 27 57
-26.1585974 -0.639444512 -24.7387637 231 231 231
-0.503498773 0.583104054 1.14443219 123 123 123
-0.972144951 0.604378059 1.08952339 123 123 123
-2.61965471 0.772014543 0.926808884 6 20 42
0.115644528 0.0907163237 -0.0159137978 235 235 235
-0.83753376 0.5381676 1.62056715 15 33 64
-3.79921164 -1.85254247 1.15729233 231 231 231
-3.20761517 0.488505309 1.27156692 0 0 0
-1.01504673 0.58587094 1.61202951 7 25 55
-0.971404211 0.584491666 1.60318396 75 79 89
-2.40783016 -1.00113412 1.20972911 0 0 0
-0.969837372 0.589413646 1.63435216 73 77 86
-3.18140307 0.170215442 0.951407554 96 101 116
-1.32136522 0.595364443 1.42889169 2 2 3
-0.96938296 0.587916736 1.26982528 124 124 124
-1.11050096 -1.03919576 0.676154249 130 130 130
-1.11515248 -1.05494405 0.678841695 130 130 130
-1.05983935 -1.07892292 0.632593348 130 130 130
-2.65541341 -0.199474482 0.883419821 110 116 134
-1.07890978 -0.859147676 0.511383993 118 124 142
-2.57845691 -0.0708601401 0.832349635 228 228 228
2.64550141 0.171643766 1.18965914 78 83 95
2.61849792 0.165004542 1.19265269 78 83 95
1.96805897 0.639627278 0.818331138 5 5 5
0.188816468 0.713788874 0.531594531 140 140 140
-2.56320993 0.224600192 0.61840448 108 114 131
0.193037082 0.717011353 0.52917905 140 140 140
-5.4071326 0.682693988 0.939002595 231 231 231
2.63110864 0.606896282 1.18948418 28 29 29
-5.40463561 -0.714331984 0.935051285 184 184 184
0.381414413 0.7629878 0.914600556 0 0 0
-3.89846745 -1.82976481 1.16686806 231 231 231
-0.947692767 -1.31972871 0.62274081 231 231 231
-3.25829416 0.228826466 0.840171864 118 124 143
0.063804386 0.707228181 0.990365473 57 57 57
-3.76245081 -1.62426446 1.26812911 231 231 231
-1.37085199 0.587080752 1.18022038 0 0 0
-1.12172842 -1.07523889 0.65912375 130 130 130
-2.24230017 -1.05187744 1.2404074 230 230 230
-0.115589647 0.65949156 0.637491365 5 5 5
-2.71610114 -0.148961413 1.04639161 112 118 135
-0.950661798 -1.1312701 0.969291963 231 231 231
-8.91713127 -1.36186044 -2.28584649 86 80 76
-0.963988645 -1.15785452 0.976606681 231 231 231
-2.64122525 0.254655193 0.958556224 111 117 134
-1.11088795 -0.92279293 0.550377774 59 62 72
-2.54337914 0.0958736513 0.654484369 99 104 120
-1.1173243 -1.22375729 0.528047351 117 123 141
-1.07756915 -1.09674232 0.760523316 0 0 0
-2.33059433 -1.03874722 1.23303138 0 0 0
-1.13256082 -1.09923678 0.635995706 0 0 0
-1.1396017 -0.906241146 0.578117582 59 62 72
-3.22315448 -1.57136567 1.30157087 59 62 72
-0.971621666 -1.1384335 0.929124328 59 62 72
-1.09365234 -1.05890547 0.723361631 130 130 130
-3.8366118 -1.83622381 1.17168443 2 2 2
-1.10964759 -1.09531109 0.688359119 0 0 0
-3.8366118 -1.83622381 1.17168443 2 2 2
-1.11179114 -1.09416098 0.689651621 0 0 0
-3.16249035 0.463609636 1.29680425 0 0 0
-1.13570151 -1.04378303 0.641254125 0 0 0
-2.6284436 0.0981730101 1.11185015 84 89 102
-1.06823779 -1.09573032 0.816500666 130 130 130
-3.10920541 -1.56553962 1.18026986 231 231 231
-1.01805423 -1.26193588 0.750904215 231 231 231
-2.5564829 -0.232674622 0.655189548 87 81 77
-1.11394434 -0.852475429 0.501333957 116 122 140
-3.67386289 0.791616441 0.921522776 231 231 231
-0.730242602 0.58610781 1.50931804 68 75 88
-2.67665049 0.551294903 1.09675208 5 5 5
-1.42470391 0.594064359 1.3310097 12 16 17
-2.32437839 0.742692731 0.880280975 231 231 231
-0.983524278 0.586184322 1.60207415 78 82 91
-3.04879527 -1.18043605 1.1197955 121 121 121
-0.742273044 0.585662091 1.16024405 80 84 88
-3.22005881 -1.02526479 0.851967313 108 106 106
-0.0058629048 0.0185947381 0.0157603822 236 236 236
-0.443675028 0.586091841 1.52044921 58 69 88
-2.54363775 0.21030514 0.631333697 0 0 0
-1.03985185 0.585319795 1.59056313 8 25 55
-2.75713344 0.670785621 0.921396792 5 5 5
2.03915362 0.367193397 1.02857387 0 0 0
2.02467429 0.364222784 1.03155232 0 0 0
-3.29323187 -0.138764875 1.2360457 105 110 126
-1.39991742 0.595532582 1.33858007 41 52 50
-1.40285988 0.593574431 1.28907196 73 76 78
-3.17520989 0.277484424 0.791085123 0 0 0
1.00597133 0.756607704 2.01632363 57 57 57
-2.2047236 -1.07031131 1.23552517 0 0 0
-0.501513781 0.585591298 1.64226003 89 91 97
-5.02816489 1.12072497 0.407691005 9 9 9
-0.557329651 0.585942543 1.64572184 32 45 46
-0.551113786 0.585870478 1.63378992 16 17 22
-2.3464968 -0.948430328 1.23618591 0 0 0
-0.565901062 0.585994716 1.63483257 41 50 58
-2.3464968 -0.948430328 1.23618591 0 0 0
0.00386742957 0.711422005 0.306965371 143 143 143
-0.54087505 0.585890798 1.6300349 6 8 11
-0.499488594 0.585876546 1.6102131 76 80 90
-2.54906116 -0.212976873 0.636811892 108 113 130
-0.440966494 0.586099036 1.51888222 75 86 107
-5.29111639 -1.05446113 1.11971438 71 71 71
-0.544903735 0.5859769 1.53031447 22 31 51
2.33142038 0.769790796 0.916693917 15 26 28
-4.89425539 0.720910831 0.994803212 231 231 231
-3.1556541 0.146965574 1.30401879 75 79 91
1.58557462 0.744085951 0.889703608 9 9 9
1.93836541 0.595768168 0.820143624 5 5 5
-3.16647907 0.147411797 1.30096128 75 79 91
1.39139369 0.759863305 0.878989333 9 9 9
-3.16423395 0.622344503 1.26511029 2 2 2
-0.704211334 0.585796935 1.33848152 123 123 123
-0.545036903 0.586576953 1.26402446 122 123 123
-0.700388186 0.586127443 1.27898988 116 116 118
-1.33573736 0.191887238 1.67081518 11 11 11
-0.56135486 1.60307357 0.79091558 28 35 52
-0.471729472 0.586074194 1.16971062 12 90 38
-0.473241599 0.586689637 1.15528709 118 118 119
-0.541164167 0.585986235 1.17110124 12 23 45
-0.47128935 0.585994755 1.13188997 12 25 45
-2.30999748 -0.98829991 1.23452261 231 231 231
3.27365944 -1.7790295 0.527874043 0 0 0
0.435798913 0.769187935 2.0199207 231 231 231
-0.434064458 0.585301709 1.72022706 17 31 59
-3.8005309 -1.82041379 1.25209998 2 2 2
-0.534947994 0.585720968 1.65509591 81 84 91
-5.7025745 0.689250384 0.978947648 231 231 231
-0.433142455 0.58888949 1.62302906 103 105 111
-3.19230081 -1.28981421 1.29067887 231 231 231
-0.564152453 0.585823949 1.63800673 9 12 16
-3.26695498 -1.33817885 1.27343698 231 231 231
-0.473661726 0.586890767 1.599632 13 16 26
-3.10915075 -0.195282363 1.2375177 104 109 125
-2.93811331 -0.939289257 1.03889538 110 116 133
-0.672611342 0.585823567 1.62198348 17 34 64
2.37512502 0.518965999 1.18167207 98 104 119
-2.43190383 -0.960264595 1.22036909 231 231 231
2.07688844 0.115449583 1.23914139 99 104 120
-0.548066416 0.586033164 1.52705143 94 100 110
-3.22226202 0.192150745 0.906738272 116 122 140
-0.548066416 0.586033164 1.52705143 94 100 110
-3.25502281 0.195799117 0.839345328 117 123 141
-0.58716233 0.585888794 1.52876927 94 100 111
-3.25437639 0.195835655 0.839701097 117 123 141
-0.517332061 0.585928782 1.33170511 124 124 124
-0.507542867 0.586596939 1.26039079 91 94 100
-2.66032951 -0.198232698 0.921275364 110 116 133
-0.518034372 0.583325536 1.26162065 99 101 106
-2.61106654 -0.194177156 0.87877721 110 116 133
0.375962622 0.757161533 2.01805363 57 57 57
-2.58658326 -0.100012428 0.861280156 0 0 0
0.384810922 0.768615517 2.01964835 57 57 57
2.94779835 0.175455932 1.30592476 86 90 104
-2.57195477 -0.0717796652 0.815938924 228 228 228
-2.57008577 -0.0143345945 0.818128344 228 228 228
2.34053611 0.0741392024 1.19038212 99 104 120
-0.581206257 0.585866508 1.50983035 67 74 87
-2.73336942 0.779089743 0.804209297 231 231 231
-0.581206257 0.585866508 1.50983035 67 74 87
-0.529131618 0.5857074 1.30076966 124 124 124
-0.520843534 0.60352296 1.29177061 124 124 124
-2.5790653 0.241203983 0.615946923 108 114 130
-0.436576709 -0.114816193 1.51144603 29 30 30
-3.70700838 -1.78780095 1.1601106 231 231 231
-5.52051055 0.736450439 0.910776145 231 231 231
-0.47142055 0.586054604 1.26049543 112 113 115
-0.47142055 0.586054604 1.26049543 112 113 115
-0.194776872 0.767580204 1.96770967 57 57 57
-3.55388866 0.765533979 0.89479381 9 9 9
0.49789194 0.783590729 2.02157844 57 57 57
-5.75776395 0.210651267 0.993208233 231 231 231
1.01043631 0.750118948 2.01286607 57 57 57
-3.77057627 -1.83089928 1.19305325 2 2 2
1.01043631 0.750118948 2.01286607 57 57 57
-3.25314725 -0.147379201 1.32199395 116 122 140
0.992897895 0.7573572 1.95559011 0 0 0
-3.07539159 0.582150043 1.34128038 231 231 231
0.659148817 0.706212381 1.55132776 140 140 140
-3.12577447 -1.20223535 1.17774055 87 92 106
1.94199699 0.510993098 0.897318208 0 0 0
-2.31152769 -0.937520774 1.24634413 0 0 0
1.9502182 0.0769069722 0.894003523 0 0 0
-2.26330247 -1.00648792 1.24249305 0 0 0
0.830080143 0.769099573 0.842253637 29 30 30
-3.30878403 0.68488751 0.876261568 5 5 5
0.478652152 0.761315128 2.00945775 57 57 57
1.00106406 0.779325136 1.98672807 57 57 57
-5.90570819 -0.597748752 1.04601125 0 0 0
1.00106406 0.779325136 1.98672807 57 57 57
-3.12844156 0.203507242 0.825664299 0 0 0
0.508925655 0.748358978 1.94296874 0 0 0
-2.62540042 0.166008516 0.887831619 111 117 134
0.61743153 0.715861084 1.45720597 140 140 140
-0.532076842 0.586340013 1.52645079 59 66 79
2.17906404 0.256311053 0.876995297 59 62 72
-2.1283193 -0.946491118 1.24110549 232 232 232
-0.489912378 0.586245551 1.34411208 124 124 124
-4.55875542 -0.71115735 1.20236556 200 200 200
-0.489298414 0.587452078 1.31860197 124 124 124
-3.09229577 0.207856085 0.932330074 118 124 142
-0.547946265 0.585178563 1.33337959 124 124 124
-2.53837739 0.00270257956 0.738715308 228 228 228
-0.546262999 0.584341187 1.3216981 124 124 124
-3.14525877 0.164043619 1.12387187 71 75 87
0.442431331 0.768446965 2.01469559 231 231 231
0.443182253 0.768244409 2.01293126 231 231 231
-3.59112102 0.784196477 0.810433653 231 231 231
1.00058746 0.753481523 1.96869072 0 0 0
0.630974803 0.704762599 1.67866118 0 0 0
0.635247702 0.707986561 1.67802949 0 0 0
-3.2606533 0.66525777 1.02863538 10 10 10
-0.441855495 0.584107954 1.70921667 2 8 30
-3.23637959 -1.54943668 1.31320111 231 231 231
-3.5551777 0.755955591 0.904080423 9 10 10
-0.546019512 0.58560422 1.63642002 87 90 97
1.95252267 0.417429124 0.898875764 0 0 0
1.63307741 0.659543712 0.78108505 5 5 5
-2.17149523 -1.1112893 1.23785315 0 0 0
-0.0267618447 0.757432361 0.928932481 9 11 14
-2.17140116 -1.11132343 1.23855152 0 0 0
1.05936622 0.763833963 2.00652685 57 57 57
0.714351731 0.707056896 1.55785431 140 140 140
2.52213776 0.108435069 0.717652303 0 0 0
0.814552629 0.725573574 1.45881735 140 140 140
-5.08891532 -1.04053963 1.15415213 70 70 70
1.98089436 -0.0510123198 1.00981488 130 130 130
1.98089436 -0.0510123198 1.00981488 130 130 130
-0.99050217 -1.10809969 0.908926759 0 0 0
1.24088868 0.932582808 2.03093181 0 0 0
-5.01423593 0.75812948 0.928885119 0 0 0
0.545509495 0.7599049 1.97317603 57 57 57
-3.17888913 0.171491984 0.941003881 60 63 73
0.520845259 0.727394538 1.9693403 57 57 57
-2.65827744 0.247991212 0.967461834 94 98 113
0.990968426 0.786103512 1.97629753 57 57 57
3.67143417 0.465507975 1.29023977 84 89 102
-5.24038749 0.760781807 0.902810588 0 0 0
0.420500109 0.635830126 1.89487813 57 57 57
-5.73511064 0.771826706 0.767097511 231 231 231
-0.469924187 0.575650912 1.72903655 3 9 32
1.75349134 0.777794506 0.923932013 57 57 57
-2.33610086 -1.10232599 1.24677778 231 231 231
-0.514802132 0.574730928 1.30679902 124 124 124
-2.67832774 0.560867598 1.10302092 5 5 5
-0.299973529 0.625805301 1.84465556 107 107 107
-3.73818854 -1.06254795 0.0194624702 0 0 0
-0.299973529 0.625805301 1.84465556 107 107 107
-5.9280468 -0.895532843 -1.33666405 110 116 133
-0.667385886 0.586446049 1.52099419 76 88 109
-2.61334367 -0.195185589 0.867604593 110 116 133
-0.084153338 0.766323447 0.957970937 57 57 57
-0.593991504 0.586078805 1.65206508 0 0 1
-2.57823514 -0.210146491 0.760585255 111 117 134
0.996599843 0.762668443 1.04537446 0 0 0
-2.56588845 -0.0248888357 0.806174337 228 228 228
-0.508992825 0.586074575 1.61906911 16 21 25
-0.446893108 0.589229674 1.617714 82 85 93
-2.29603145 -1.0395991 1.24073842 232 232 232
1.98050313 0.174010048 0.835573397 59 62 72
-2.29603145 -1.0395991 1.24073842 232 232 232
-0.495198315 0.58546552 1.16847899 14 34 45
-2.23165526 -1.05908506 1.24498114 232 232 232
-0.441702268 0.585312306 1.71962121 52 58 74
-3.56170568 -1.76061971 1.28355408 231 231 231
-0.689640447 0.586993838 1.63458446 64 69 83
-4.46741478 -0.906501435 1.12175917 231 231 231
-0.692310291 0.585729163 1.61799676 63 68 83
-2.36898667 -1.12031476 1.23266185 231 231 231
-0.771908662 0.58651443 1.62645994 20 35 64
-2.57030673 0.186904571 0.634945997 0 0 0
-0.99552776 0.586993239 1.63500038 63 67 78
-0.931237142 0.586548013 1.61884566 66 70 82
-2.57015045 0.235069796 0.638939724 0 0 0
-1.01588549 0.574620544 1.61322163 16 31 57
-3.14267071 -0.167156934 1.30324535 102 107 123
-1.01588549 0.574620544 1.61322163 16 31 57
-2.69159562 -0.196045382 1.03264753 99 104 120
-1.02652137 0.586283787 1.51948282 94 100 111
0.183687365 -0.116454219 1.23685977 100 106 121
-1.24174483 0.588205189 1.05203128 141 141 141
-1.68769345 -0.14895947 1.61916857 59 62 72
-0.974560157 0.588282395 0.897826872 124 124 124
-1.68769345 -0.14895947 1.61916857 59 62 72
0.0794618987 0.0886575335 0.00644117748 234 234 234
-2.76187874 0.167809498 0.988712749 97 102 117
-0.0670767193 -0.00830381229 -0.0218701341 235 235 235
-0.0626245576 -0.0719227524 -0.0284489134 235 235 235
-3.45469153 -1.70665579 1.32517396 231 231 231
5.67352571 -1.37515899 1.29866169 130 130 130
-4.23040087 -0.812205801 1.05175614 231 231 231
5.67827665 -1.39930562 1.2973311 130 130 130
-3.38860111 -1.22076433 0.861359109 116 122 140
-0.560872354 0.585879529 1.66442542 102 105 110
-3.39007176 -1.22198028 0.860513619 116 122 140
-2.50926915 -0.216397482 0.64243074 110 116 133
-0.604407558 0.587632919 1.64412425 56 59 66
-0.662253526 0.585530594 1.63515791 58 64 79
2.00533332 0.339716516 1.02011389 130 130 130
-2.87418625 -1.59914433 1.20388403 119 119 119
2.01255306 0.095284336 1.01268413 130 130 130
-2.37999654 -0.941182519 1.19491461 67 67 67
2.00131408 0.341411639 0.990541723 130 130 130
-3.05741411 0.156131608 0.97497166 84 88 102
-3.12844156 0.203507242 0.825664299 0 0 0
1.99022154 0.449301549 0.982731633 130 130 130
-5.91160258 0.368170232 0.972828574 231 231 231
6.15461968 -0.259601181 0.262892601 25 25 25
1.99082571 0.341686158 0.964807956 130 130 130
-2.631975 0.0807557563 0.908778873 228 228 228
1.9618913 0.420467025 0.924930989 130 130 130
-3.12483778 0.498581038 1.37101254 231 231 231
1.95444638 0.529215718 0.916490371 130 130 130
1.95521004 0.33973584 0.904360849 130 130 130
-6.77042419 -0.164920174 0.737652974 0 0 0
2.71051308 -1.23529266 0.85383307 231 231 231
1.97379219 -0.0951200503 0.903058162 130 130 130
-3.07875603 0.286998419 0.851660589 0 0 0
4.87463845 -1.7408981 -0.377655559 0 0 0
-0.0282716408 -1.18979213 1.01601461 107 112 129
-2.7343915 0.775732694 0.939677868 231 231 231
2.66925091 -0.9709963 0.137108182 59 62 72
-2.50522918 0.0768102034 0.65577222 228 228 228
-0.963633395 0.58430019 0.946633965 123 123 123
6.15060882 -0.25890935 0.264446157 25 25 25
-1.08323172 -1.08401671 0.745084523 130 130 130
-0.509307246 0.584462705 1.09462757 76 79 84
-1.08320385 -1.08410847 0.745339067 130 130 130
-1.12240034 -0.981166472 0.649838146 130 130 130
0.999770862 0.755109977 1.99331634 0 0 0
5.67879317 -1.34787831 1.32271012 0 0 0
5.66613979 -1.42200279 1.27388104 0 0 0
2.69039139 -0.936747381 1.06315515 130 130 130
2.68124858 -1.07692848 1.0437707 130 130 130
1.41189721 0.0454921991 1.10616544 0 0 0
2.68125022 -1.0769376 1.04377692 130 130 130
1.41189721 0.0454921991 1.10616544 0 0 0
2.66952646 -1.0720918 1.0187366 0 0 0
2.60661075 -0.931959312 0.985345133 130 130 130
2.65900766 -1.04621859 0.991901209 0 0 0
2.65750402 -1.07646606 0.99140083 130 130 130
2.65716221 -1.07638958 0.991539498 130 130 130
1.99913453 0.510039516 1.00141012 0 0 0
2.64643658 -0.989664835 0.963320657 130 130 130
2.64641539 -0.989652459 0.963332878 130 130 130
2.64892485 -1.01750918 0.967596533 0 0 0
2.01434107 -0.096139354 1.02020901 130 130 130
2.64649517 -1.04715319 0.963963927 130 130 130
2.65028883 -0.937930972 0.949984743 130 130 130
1.9959905 -0.0454022669 1.00610398 130 130 130
1.93760312 -0.222255311 1.00133525 59 62 72
0.710179823 -0.597607306 1.7287038 0 0 0
1.97819724 0.363319233 0.947683967 0 0 0
1.97761252 -0.0975903679 0.96856459 130 130 130
1.97642255 -0.0164326026 0.951050178 130 130 130
1.74129561 0.77149008 0.921751822 15 25 18
1.96633022 0.0721534385 0.926437261 0 0 0
-1.32051881 0.598298735 1.47596688 10 21 44
1.88867878 -1.22816775 0.56022749 59 62 72
3.67686325 0.74543403 2.0018071 57 57 57
1.0691226 0.770324662 2.00740732 57 57 57
5.67403032 -1.29186669 1.2731253 0 0 0
5.66863123 -1.34444443 1.27490199 0 0 0
-0.434212258 0.585657122 1.60644532 10 26 53
2.0400822 -0.0948244124 1.08997403 130 130 130
2.03953916 -0.0950786469 1.0903161 130 130 130
2.03713952 -0.0345350548 1.02853785 0 0 0
2.64524356 -0.963631384 0.943684193 0 0 0
1.96213049 -0.0128577381 0.930075301 130 130 130
-0.169045782 -1.70607407 1.0627646 130 130 130
2.01216288 -1.24264108 0.847936592 0 0 0
-0.0232767381 -0.05864471 -0.00605672068 0 0 0
1.94102853 -1.41514097 0.762820657 0 0 0
5.5430964 0.531921562 1.20436508 59 62 72
1.94088141 -1.41651233 0.761828563 0 0 0
3.42849488 -1.00720839 -0.0182137158 231 231 231
1.93349834 -1.39444578 0.746134439 130 130 130
4.03243292 -0.469637329 1.12672239 0 0 0
1.92184414 -1.47729277 0.736485392 130 130 130
6.19209707 -0.760088789 0.258713548 25 25 25
1.92204402 -1.47747526 0.736392382 130 130 130
1.91477187 -1.4465184 0.70881316 130 130 130
2.93186559 0.234386167 1.25757693 9 9 9
1.91149009 -1.53210583 0.70652627 130 130 130
1.9114126 -1.53208075 0.706760655 130 130 130
4.0775023 -0.483315868 1.11799907 222 222 222
1.90192476 -1.53214151 0.681659881 0 0 0
1.9020088 -1.53222435 0.681621963 0 0 0
5.1699381 0.0379813789 0.828896951 59 62 72
1.89039748 -1.58293593 0.670117377 130 130 130
5.16900875 0.0466011495 0.812338709 104 110 126
1.89249784 -1.53270714 0.655503631 130 130 130
1.89528013 -1.58804044 0.637522877 130 130 130
1.88711547 -1.41010548 0.531067594 59 62 72
3.38328608 -0.999951979 0.17409531 0 0 0
1.85738965 -1.58312453 0.567968908 130 130 130
4.75678257 -1.66222392 1.45293357 231 231 231
1.85235333 -1.5826275 0.568823465 130 130 130
8.28070954 -2.81489127 1.11338646 0 0 0
1.86599818 -1.56537615 0.53947686 59 62 72
3.8914443 0.588257462 1.21775045 29 30 30
-1.19290973 0.601164023 0.45702513 6 19 43
3.91587262 -0.58747556 1.1058057 121 119 119
-1.13427459 -0.95308551 0.626641945 0 0 0
3.89750108 -0.417299301 1.11102094 122 120 120
-1.13429289 -0.953166836 0.626399297 0 0 0
3.74143631 -0.969940752 1.06427935 107 112 129
2.79437783 -1.61983332 1.29953544 231 231 231
-0.539319349 0.585960098 1.66335948 97 100 106
-1.01892977 0.582733808 1.69341697 10 76 38
-0.979984856 -1.36825021 0.972533742 0 0 0
2.68984189 -0.968156134 1.06603309 0 0 0
2.69065962 -1.09822578 1.0674664 0 0 0
2.66801123 -1.09571949 1.01898641 0 0 0
2.0048268 -0.0703920575 1.02935956 0 0 0
2.69176147 -1.08663025 1.04687275 130 130 130
2.64902135 -1.01758182 0.948407366 0 0 0
2.01881735 -1.20149983 0.939450266 59 62 72
-2.56461304 -0.0427579711 0.807183527 0 0 0
1.87925625 -1.55549832 0.631878934 0 0 0
2.75037846 -1.94196147 0.76728011 211 211 211
-1.13202394 -0.951126712 0.619830718 0 0 0
1.55349067 -1.26429575 0.452466221 0 0 0
-1.13274248 -1.10954844 0.626901426 0 0 0
4.82102031 0.0421511876 0.832253283 109 115 131
2.91390879 -0.159454785 1.353416 105 110 126
-1.13274248 -1.10954844 0.626901426 0 0 0
-0.886775262 0.587735899 1.69349627 49 54 66
-0.502761755 0.584538871 1.62955468 78 83 88
2.62887468 -1.11285538 0.931262128 0 0 0
2.64620846 -1.09136207 0.952446122 0 0 0
4.15262909 -1.49282323 1.09539617 0 0 0
1.98269184 -0.0580263551 0.957515191 0 0 0
2.68860612 -1.31060019 0.851151771 0 0 0
-1.04303464 -1.13130884 0.828639131 0 0 0
1.97887069 -0.058900492 0.958189149 0 0 0
1.96770959 -0.0545339712 0.911703196 0 0 0
2.07525784 -0.156340158 1.23932842 115 121 138
1.93754557 -1.55507393 0.75571995 0 0 0
3.58641631 -0.127987067 1.10522403 59 62 72
1.92710356 -1.53032696 0.725014689 130 130 130
3.26921731 -0.860665132 0.923698654 84 78 75
2.69338613 -1.1109406 1.07720764 0 0 0
1.91476397 -1.49405786 0.704166797 0 0 0
1.91635377 -1.49529446 0.703065746 0 0 0
1.90103664 -1.55528366 0.683821014 0 0 0
1.87820852 -1.42411321 0.634978588 0 0 0
1.87869796 -1.49922647 0.634568311 0 0 0
5.24087293 -0.294039134 1.17632924 231 231 231
2.89363965 -0.904555815 1.30570645 108 113 130
2.70937842 -0.962028505 1.1147 130 130 130
2.97940817 -1.38809156 1.13059964 0 0 0
2.73254503 -1.1055849 1.1110267 130 130 130
2.71594258 -1.10276265 1.11282768 130 130 130
2.31241014 -1.26302168 0.845740859 59 62 72
4.42489533 -1.66459292 1.45243626 59 62 72
2.03336528 -0.0701952887 1.07370191 130 130 130
2.67423028 -1.01504791 1.01893669 130 130 130
3.83394739 -0.970193884 1.11187697 121 119 119
2.04229743 0.282165326 0.93596423 59 62 72
2.92194822 -0.888858296 1.3226348 59 62 72
1.94368494 -0.0745616555 0.857308846 130 130 130
6.16594979 -0.754056478 0.260720638 25 25 25
1.93256355 -1.43482706 0.748789262 0 0 0
2.85263943 0.00990068552 1.3964376 0 0 0
-0.224431419 0.626993376 1.06916141 57 57 57
6.09229097 -0.101946666 0.202404552 41 41 41
1.8968637 -1.46194146 0.669257404 130 130 130
3.94203768 -0.586111749 1.127581 0 0 0
1.87490408 -1.41737878 0.584041935 130 130 130
-1.87771383 -2.45469175 -0.140369762 0 0 0
3.77079778 -0.214002286 1.11386364 68 67 67
1.90014103 -1.26181666 0.537946183 0 0 0
1.89361489 -1.37301048 0.546850148 59 62 72
2.76243055 -1.18091661 1.2904719 110 116 133
-1.61104971 0.597663121 1.14989485 3 6 16
-1.09177754 -1.10357378 0.724715427 0 0 0
0.854300267 0.769561911 1.46411144 140 140 140
1.95328788 -1.42141029 0.80562191 130 130 130
-1.16029281 -0.949822838 0.605645434 130 130 130
2.02195753 -1.26666074 0.816753069 1 1 1
2.92163455 -0.884125836 1.33400501 81 86 99
2.02441354 -1.26705143 0.814678325 1 1 1
1.93942159 -0.902999158 0.552649346 59 62 72
3.96408244 0.562896919 1.48766735 102 108 124
-1.04923653 -0.969857168 0.804050212 130 130 130
6.12862278 -1.6684074 1.06571491 231 231 231
-1.37138587 0.588606898 1.18006361 0 0 0
2.01157485 -1.24100439 0.850563522 0 0 0
3.9320184 -0.425746553 1.13175134 0 0 0
-1.37272326 0.587628773 1.02614813 0 0 0
3.95410899 -0.42599916 1.12605887 0 0 0
1.36384006 0.778865992 0.898590208 123 123 123
4.87961177 0.0849990826 0.803388072 109 114 131
-0.921741315 0.585952635 1.62708847 9 27 57
2.78682288 -1.60650433 1.33042578 231 231 231
-1.11388707 -1.0638786 0.675135012 0 0 0
6.25861145 0.275029405 0.212941128 130 0 0
3.9676808 0.590537061 1.47559261 88 93 107
-0.565392667 0.576528967 1.68933868 6 9 25
2.93246826 -0.90653427 1.28546576 109 115 132
-0.606608945 0.582571628 1.6717847 3 4 6
2.78299316 -1.18590522 1.2831719 110 116 132
-0.502018104 0.586642092 1.66390992 6 8 13
2.78049617 -0.156742479 1.29640584 111 116 133
2.74940745 -0.167226421 1.29764885 111 117 134
-0.617415259 0.582152205 1.66630051 55 57 64
2.76321512 -0.163749918 1.29238033 111 117 134
-0.554724922 0.58061086 1.64670489 30 40 47
-0.554724922 0.58061086 1.64670489 30 40 47
2.78878698 -0.207086794 1.26206533 82 87 100
-0.515852587 0.572333606 1.63715403 49 51 55
2.78878698 -0.207086794 1.26206533 82 87 100
-1.24037048 0.591428293 1.15279969 0 0 0
-0.468871441 0.582219469 1.63264128 15 25 45
2.87190007 -1.35351808 0.891283798 231 231 231
-0.519133148 0.582216886 1.63562742 41 46 53
2.87190007 -1.35351808 0.891283798 231 231 231
-0.485638338 0.582246992 1.62600435 34 44 51
-0.474776881 0.583482969 1.60541693 66 69 77
0.295530064 0.744917544 1.89458328 0 0 0
2.63677973 -1.05238275 0.961257708 130 130 130
-0.745182255 0.578880307 1.34997296 123 123 123
-0.733052249 0.58570925 1.34710772 123 123 123
0.730921907 0.768113105 0.897212809 10 12 14
0.732841473 0.768944575 0.897449609 10 12 14
2.64237075 -0.955065038 0.920530458 0 0 0
-0.235520954 -1.69659788 1.00480107 130 130 130
-0.23373538 -1.69714534 1.00473192 130 130 130
2.6377288 -0.928646019 0.878797943 59 62 72
1.74838888 -1.71301921 0.240550607 196 196 196
2.87195983 -1.16726037 1.34825969 59 62 72
-0.944407798 0.585670788 1.07719187 104 106 109
6.2402368 0.288694437 0.253214259 231 231 231
-0.728275768 0.586147314 0.981856763 93 110 96
6.24847644 0.288868 0.25046431 231 231 231
-0.781873187 0.58421585 0.916405543 120 120 120
-0.783163899 0.58258213 0.893719321 103 105 109
6.18389361 0.129247703 0.183536198 41 41 41
-1.00737483 0.581365007 0.947241332 121 121 121
2.62597105 -0.279350186 1.41085197 59 62 72
5.43349963 0.702686175 1.44021127 89 94 108
5.6853744 -1.22668346 0.831604037 59 62 72
5.6278116 -1.58452715 0.848022082 231 231 231
5.69327451 -1.36876677 1.35275777 130 130 130
-0.616305231 0.579954575 1.67812515 60 62 67
-0.988121349 -1.38875741 0.978408478 0 0 0
-0.608772691 0.581126795 1.6535574 2 2 4
4.8176939 0.03754021 0.800345507 59 62 72
-0.429807482 0.583147339 1.62362647 7 25 55
2.79485084 -1.16467721 1.32355467 231 231 231
-0.730588801 0.581181205 1.64217392 15 32 60
2.93827635 -0.207163182 1.28794324 111 117 134
2.32889555 0.748491523 0.941251942 28 29 29
5.94660647 -0.310648538 0.137750815 231 231 231
-0.256913922 -1.6972735 1.047428 130 130 130
2.7817472 -1.30638873 1.27050494 79 83 96
-1.18971317 -1.1599837 1.32191063 8 8 8
2.7817472 -1.30638873 1.27050494 79 83 96
1.87617482 0.694941596 0.185917697 124 124 124
-0.781770037 0.582947529 0.965975597 122 122 123
2.76149201 -0.154298738 1.2993699 111 117 134
0.144320059 0.709003688 0.427462644 140 140 140
0.144320059 0.709003688 0.427462644 140 140 140
-1.01429959 0.582506739 0.893812522 105 106 110
2.31777253 -1.2781626 0.859378831 111 116 133
-0.430888538 0.585637705 1.73017057 4 11 34
5.5137833 0.0163907002 0.810955282 107 113 129
5.7050684 -1.29221009 1.40588516 0 0 0
3.04143946 -0.201703796 0.918311227 59 62 72
5.7009203 -1.29599761 1.35018611 0 0 0
-1.51772613 -1.19156192 0.589382809 0 0 0
-0.488545953 0.585389095 1.64116444 86 89 95
2.92292243 -0.201795529 0.838565479 87 81 77
0.820232966 -1.68431318 1.5001052 101 101 101
2.91324829 -0.197466735 0.847740303 87 81 77
2.67530076 -1.36069954 0.865390743 59 62 72
-0.695754934 0.577357719 1.64378594 9 28 59
-0.491423636 0.585823995 1.61711656 97 100 105
3.27781451 -0.879890329 0.895540567 113 118 136
-0.678825185 0.585768158 1.62559058 15 33 62
2.76795726 -0.858055374 0.798232238 0 0 0
2.87654671 -0.167521658 1.3447193 59 62 72
-0.678825185 0.585768158 1.62559058 15 33 62
4.01261926 0.578299928 1.47740331 70 73 85
-0.697690968 0.587270775 1.6266604 18 34 63
6.21917832 -1.71191446 1.02206365 0 0 0
-0.697690968 0.587270775 1.6266604 18 34 63
3.90176902 -1.63751289 1.29212309 74 78 90
-0.723786157 0.578369871 1.61946433 70 74 87
4.1793914 -0.402280301 1.11561682 224 224 224
2.66538089 -1.10715492 0.988278623 0 0 0
4.01100021 0.775181695 0.994388743 11 14 15
1.8938076 -1.68676599 0.529982471 231 231 231
4.01071894 0.775295415 0.970598792 12 15 15
-0.210591517 -1.706977 1.02823159 0 0 0
4.01071894 0.775295415 0.970598792 12 15 15
1.52527057 -1.25549644 0.511159556 59 62 72
1.75661928 -1.78661727 0.239963176 217 217 217
-0.727402516 0.591806042 1.08964324 86 88 92
-1.00236898 -1.34871683 0.963198925 112 118 135
3.90899617 0.557901863 1.29163702 87 91 105
-1.00236898 -1.34871683 0.963198925 112 118 135
3.99739408 0.773279279 0.983477897 9 12 14
-0.972643621 -1.18570048 0.947258004 112 118 135
2.84954995 -0.879175263 1.31870366 111 117 134
-0.970257775 -1.18708634 0.945853473 112 118 135
2.84712979 -0.879438038 1.31745366 111 117 134
-1.05093125 -0.827730243 0.428761943 59 62 72
3.99844701 -0.469393163 1.12361164 225 225 225
6.09974855 0.507425867 1.4909089 231 231 231
4.71823349 0.0701147416 0.837617077 59 62 72
5.7593098 0.141551499 1.41843571 231 231 231
2.74420375 0.106499988 1.29900916 111 117 134
5.71282673 -1.36085026 1.39698205 0 0 0
3.45426806 -0.8689263 0.821198957 112 117 134
-0.477520148 0.585294169 1.68582644 57 62 65
-0.477176661 0.585473096 1.68639616 57 62 65
5.65774524 0.220042438 0.855740202 59 62 72
5.87026102 -1.17252727 1.28058572 231 231 231
4.10591854 -0.585208431 1.12026595 0 0 0
-0.517797267 0.585587599 1.61500074 29 33 44
4.10702814 -0.42496776 1.1196518 0 0 0
1.99880486 -0.0448889237 1.00521172 130 130 130
-0.768239559 0.587806466 1.42962512 85 87 92
1.81420294 0.766980649 0.905451336 123 123 123
2.69655401 -1.11577575 1.07915807 0 0 0
2.69550097 -1.11547207 1.08010201 0 0 0
1.89020827 -1.49998551 0.667473712 0 0 0
3.06972773 0.0628586058 0.935537384 0 0 0
1.81500921 -1.38647689 0.578589709 130 130 130
3.06972773 0.0628586058 0.935537384 0 0 0
1.53874113 -1.6575892 0.514900549 106 112 128
1.60806466 -0.827293432 0.510321313 108 113 130
2.41932302 -0.858002603 1.24695346 130 130 130
2.65879339 -1.05266191 1.01373527 130 130 130
2.2106882 -1.77008639 0.165193648 231 231 231
2.65188398 -1.08354686 0.985164648 130 130 130
2.1636107 -0.999799095 0.0458392759 0 0 0
2.65420655 -1.04014833 0.970877242 130 130 130
2.20132836 -1.002403 0.0301776479 0 0 0
2.65420655 -1.04014833 0.970877242 130 130 130
-0.949667556 -1.11906446 0.982020206 231 231 231
-0.953593852 -1.17698176 0.96213621 231 231 231
2.63505228 -0.994967175 0.962977427 130 130 130
0.163847857 0.707905915 0.472832429 0 0 0
2.65573753 0.170470359 0.885079745 59 62 72
2.79909903 -1.19497418 1.27827099 110 116 132
-1.04924816 -1.22763545 0.760104103 231 231 231
5.1165149 0.00227920361 0.859464238 106 112 128
2.91442129 -0.896273907 1.35290991 99 105 120
-1.08427379 -1.08058416 0.742175551 130 130 130
2.71414214 -0.279220229 1.40360708 111 116 134
-1.0849118 -1.08052201 0.743064662 130 130 130
5.66766825 -1.38576696 1.26987621 0 0 0
-1.10091176 -1.06762674 0.690184394 0 0 0
5.66580776 0.0800246068 0.800141218 106 112 128
-1.10091176 -1.06762674 0.690184394 0 0 0
-1.09702417 -1.30838392 0.526208953 116 122 139
2.635027 -1.15670109 0.888996239 59 62 72
-1.12595373 -1.15571531 0.55104648 59 62 72
4.11643914 -1.62830438 1.48115507 0 0 0
5.67383153 -1.41206453 1.33935647 0 0 0
6.22904337 0.126136293 0.179395408 41 41 41
2.67346679 -1.04515393 1.03486499 130 130 130
5.62234151 -1.22420806 0.878630392 59 62 72
2.67346679 -1.04515393 1.03486499 130 130 130
5.59139905 -1.21276486 0.885100875 59 62 72
1.15266378 -1.76549342 0.903611958 231 231 231
4.3137589 -1.56514093 1.09946765 59 62 72
2.64237075 -0.955065038 0.920530458 0 0 0
1.92580121 -1.52891675 0.728308134 130 130 130
5.12413011 0.405041887 0.873672871 67 71 82
1.95838994 -1.71433106 0.297118139 231 231 231
0.0297733119 0.716794047 0.491705947 140 140 140
5.91362972 0.114747229 0.49456877 231 231 231
1.73096671 -0.215430579 0.747062722 59 62 72
3.03076285 0.139960512 1.335487 104 109 125
-0.138002892 -1.70564334 1.08645742 0 0 0
-0.195649063 -1.70772642 1.0915369 130 130 130
2.63880011 -1.15875335 0.884838345 59 62 72
-0.19913051 -1.7058956 1.09251195 130 130 130
2.94579728 0.347117069 1.3112189 28 29 29
-0.15090927 -1.7201189 0.999712005 130 130 130
2.93226975 0.344371201 1.31367336 28 29 29
-0.147767723 -1.72182347 0.999266952 130 130 130
1.15349115 0.771992135 0.837025567 231 231 231
4.42672021 0.592633172 1.47348768 87 92 106
-0.123044777 -1.71188647 0.974994081 0 0 0
0.533311867 0.745584309 1.94371427 0 0 0
2.10354835 -1.74878199 0.0353704849 231 231 231
-1.05929282 -1.12312679 0.836702157 130 130 130
0.0732733471 0.720568514 0.314311896 0 0 0
0.619327006 0.702677355 1.51920765 0 0 0
-1.04627104 -1.23083646 0.759213561 231 231 231
1.61273883 0.777197818 0.908840056 123 124 124
-1.14203527 -1.01442364 0.701495293 0 0 0
5.77209464 0.175156954 1.44585611 231 231 231
1.2632425 0.787340584 0.903482915 123 124 124
5.93305654 -0.261589041 1.23687996 231 231 231
1.95551305 0.42588433 0.922312365 130 130 130
-0.442708368 0.585652302 1.64400661 5 22 51
1.95551305 0.42588433 0.922312365 130 130 130
-0.629296627 0.584810309 1.52121357 111 112 115
1.24283108 0.776555577 0.908749221 124 124 124
2.2176128 0.252975005 0.924885972 0 0 0
-0.231521993 0.768410237 1.96597197 231 231 231
1.99708923 -1.70564717 0.854630215 231 231 231
0.504417736 0.72850083 1.98202178 57 57 57
-0.128394002 0.721219037 1.89910689 57 57 57
-0.742137997 0.585074804 1.31716173 110 115 121
2.44305867 -0.868997214 1.22949655 0 0 0
-0.740837 0.585775208 1.31665696 110 115 121
-0.426555593 0.435481211 1.85147415 0 0 0
1.86990871 -1.56464697 0.587205883 130 130 130
1.54886675 -1.67884897 0.484923549 59 62 72
-1.12172676 -1.02862402 0.648076048 0 0 0
-0.756179512 0.581216543 1.14676997 100 106 113
1.56169777 0.0475946774 1.1065429 0 0 0
-0.146476469 -1.7070062 1.11242339 0 0 0
-0.269047951 -1.70151845 1.11648115 0 0 0
1.95818288 -0.0255536382 0.920423268 130 130 130
-0.248413842 -1.70752278 1.06725946 0 0 0
4.87861325 0.397718864 1.04327785 88 93 107
-0.535854729 0.58190575 1.19424338 124 124 124
1.52924735 -1.80034552 0.286938255 231 231 231
0.813521598 0.721719586 1.45783061 140 140 140
0.813521598 0.721719586 1.45783061 140 140 140
1.54423981 -1.80523734 0.284567294 231 231 231
0.618238811 0.692637062 1.75921786 57 57 57
-1.08929231 -1.05446939 0.773205801 0 0 0
-1.10166002 -1.30150594 0.517418434 116 122 140
1.87087922 -1.64494416 0.601107011 59 62 72
-0.225257142 0.769097144 1.97404807 231 231 231
1.85361368 -1.79321599 0.147615449 122 122 122
1.84836404 -1.79141502 0.149275442 122 122 122
2.31811918 0.280204765 0.899573184 109 115 131
-0.541390009 -1.69763549 0.880972569 231 231 231
-0.180501921 0.768907625 1.99533938 0 0 0
-0.690655276 0.578261438 0.935156915 124 124 124
2.0202676 0.0797196134 1.03563751 0 0 0
-0.933154113 0.580806631 0.929475552 0 0 0
1.98580758 0.0486397286 0.971482951 130 130 130
-1.15449511 -1.11349898 0.61123428 130 130 130
1.95471413 0.742885589 0.739698928 107 113 130
-1.14482163 -1.15906281 0.578354232 59 62 72
1.74230657 0.620980138 1.95547932 57 57 57
-1.13873893 -0.906505532 0.577241633 59 62 72
1.67225941 0.591267063 0.803428707 106 112 128
0.745133614 -1.82250271 0.834849523 8 8 8
2.25658915 -0.00291073674 0.0668556206 0 0 0
2.48360055 0.0226995396 -0.00941020268 0 0 0
1.72809593 -1.73495877 0.0831865792 231 231 231
-0.26591816 -1.6356033 0.91761105 231 231 231
-0.978292541 -1.197723 0.928819088 59 62 72
-0.346967154 0.614319399 0.0371664238 106 106 106
-1.08485219 -0.990631089 0.737290532 0 0 0
-2.57794288 -0.474410663 1.81015838 8 8 8
2.16588859 -1.64411546 0.969556006 231 231 231
0.0157530482 0.702858541 0.326756306 0 0 0
-0.591099328 0.584643208 1.51104181 69 76 90
-1.12143935 -1.0753619 0.658957361 78 78 78
2.02481513 -1.75624692 0.480701821 231 231 231
2.29094222 -0.0136755348 0.0319062319 0 0 0
2.35207193 -1.69504728 0.881636807 66 69 80
-0.0130326618 0.014051353 -0.00196153992 188 188 188
-0.182979514 -1.70658054 1.03866049 130 130 130
-0.0135294043 0.0141868015 -0.00161500269 236 236 236
-1.11852911 -1.08359421 0.667871404 130 130 130
-0.710158585 0.581712647 1.64236254 14 31 60
-1.42900433 -1.25968118 0.506215493 111 117 134
5.80163033 -1.24648222 1.44986725 59 62 72
0.201029087 0.721200448 0.991030333 57 57 57
-1.11911659 -1.26876291 0.53273128 116 122 140
0.163170477 0.70492217 0.420062991 0 0 0
1.67155361 -1.73668719 1.35167011 130 130 130
-0.332479121 -1.75302142 0.895131557 231 231 231
0.623931606 0.716012785 1.53614265 139 139 139
-0.573261369 0.586325799 1.6594141 3 4 5
-2.67012865 -0.445675475 1.74976942 236 236 236
-0.581492514 0.585673375 1.64990513 99 101 106
-2.31090868 -0.992703898 1.23911491 236 236 236
-2.31114637 -0.99257958 1.23975923 236 236 236
-0.568490876 0.586034402 1.64788588 7 9 13
2.6846941 -1.09039371 1.09880423 130 130 130
-0.541907 0.585981992 1.65024405 29 41 51
1.91793105 -1.71496871 0.158207596 122 122 122
-0.5184747 0.585709207 1.65281918 51 53 60
3.98409158 -1.45627054 0.935949438 0 0 0
-0.5184747 0.585709207 1.65281918 51 53 60
-2.25660843 -1.01221579 1.2315806 0 0 0
-2.25660843 -1.01221579 1.2315806 0 0 0
-0.751031863 0.58594839 1.62302434 13 32 63
-1.47358984 -1.25463579 0.555953192 111 116 133
-0.554622151 0.585762109 1.64324744 104 106 112
0.011839298 4.34080872 0.973971465 0 0 0
-1.02433138 -0.944793259 0.810572397 130 130 130
-0.679914525 0.585692759 1.61866718 14 32 63
-1.02593865 -0.943940851 0.81171933 130 130 130
-1.40595393 0.591474679 1.49877411 21 27 39
-1.12917734 -1.16064112 0.558535562 59 62 72
-0.81458983 0.586024239 1.52816507 92 99 110
-1.09308712 -1.67943953 0.56718623 59 62 72
-0.550888035 0.586242768 1.52929722 34 42 59
-1.26151651 -1.15209729 0.810903167 231 231 231
-0.542457703 0.586088971 1.52737044 89 95 106
-0.970339794 -1.71685843 0.866593159 231 231 231
-0.542417288 0.586025607 1.52740036 89 95 106
-0.934735282 -1.13930263 0.96127129 231 231 231
-0.556871476 0.586017806 1.5094825 94 101 111
-2.17569802 -0.956002523 1.2336646 0 0 0
-0.556871476 0.586017806 1.5094825 94 101 111
2.03757142 -1.26920994 0.809648004 0 0 0
-0.517067576 0.585940307 1.50935655 94 100 111
-1.09407155 -1.33817848 0.547276586 59 62 72
-0.50680814 0.586547807 1.34574916 111 117 123
-2.24090351 -1.07060615 1.23029165 236 236 236
-0.550668495 0.586105406 1.31941917 124 124 124
3.03134837 -1.67387059 1.24192274 59 62 72
-0.482130003 0.586260239 1.33617722 50 54 65
2.02796649 -1.62981666 0.89439588 59 62 72
-0.482092556 0.586199789 1.3362002 50 54 65
-0.982911872 -1.26216386 0.977231877 231 231 231
-0.52321268 0.56873331 1.24897228 97 100 105
0.827611926 -1.6818796 1.0108819 101 101 101
-1.07215657 -1.11252663 0.771403543 0 0 0
-0.550976902 0.586117728 1.15802846 121 121 121
-2.29212381 -1.0641416 1.23894894 0 0 0
-0.564543676 0.585999725 1.12988741 14 33 46
-0.555703203 0.58718753 1.1257975 12 89 38
-1.09693822 -1.08203747 0.704644797 130 130 130
-0.552744822 0.58415874 1.11903523 120 121 121
-0.483412936 0.585195605 1.11878701 120 120 120
2.66184986 -1.05602421 1.00898859 130 130 130
-0.725687268 0.587148313 0.966869098 34 54 54
-0.569304992 0.585525283 1.63749287 5 6 9
4.72830481 0.565153142 1.26530749 86 90 104
-0.500004739 0.586315461 1.62390681 49 59 64
2.94121312 0.114082489 1.36148476 89 93 107
-0.486140655 0.58617239 1.2605068 98 101 105
-0.486080642 0.586061828 1.26061849 98 101 105
5.22191063 0.392769263 0.849842463 108 114 131
4.74439777 0.0563063242 0.807398368 109 115 132
-0.478376607 0.586302098 1.26028164 92 95 100
2.7720493 -0.901915415 1.35570587 104 109 125
-0.956665492 0.587697606 0.996813975 123 123 123
-0.487150831 0.585449755 1.1588145 14 25 46
-0.51571189 0.585722391 1.14275915 124 124 124
2.59472462 -1.15733444 1.36641577 80 84 97
-0.487229903 0.586123737 1.13427367 123 123 124
-0.907714653 0.585969134 1.59805159 16 32 62
3.41533859 -0.156656342 0.846108714 111 116 134
-0.541492321 0.584685868 1.62598304 49 53 63
2.69993893 -0.951744489 1.07758006 0 0 0
-0.74450484 0.585932039 1.61242657 14 33 64
-0.512423696 0.586848622 1.50900647 83 89 101
2.6338377 -1.15240349 0.884435305 59 62 72
-0.677945353 0.58572949 1.27966264 105 106 108
4.21238674 -1.12462143 0.83606814 109 114 131
-0.98238231 0.586106653 1.61071014 9 27 57
2.43517578 -0.370221498 1.56405317 111 117 134
-0.711893373 0.585651198 1.63487778 75 79 90
2.89651115 -1.34229169 1.29880494 110 116 133
2.7545819 -1.3485344 1.29742982 111 117 134
-0.754404366 0.586630002 1.62650194 12 31 62
-1.3162334 0.594147377 1.34552841 13 90 38
-0.52474072 0.586603809 1.30827044 105 115 116
-1.03732047 0.58533013 1.58900695 8 26 56
4.42194598 -1.13411023 0.777327725 59 62 72
-0.513591067 0.585300025 1.11930342 124 124 124
-0.667978397 0.580289542 1.00134708 124 124 124
2.93282992 -1.15668905 1.327156 231 231 231
-0.736136378 0.586953303 1.09278886 80 82 88
2.78835864 -0.858117923 1.26261059 77 81 93
2.78835864 -0.858117923 1.26261059 77 81 93
-0.739214409 0.586709872 1.31920036 112 118 124
6.285502 0.204960996 0.207686098 231 231 231
-0.698248807 0.588205316 1.63417817 73 77 89
0.439004114 3.62201892 0.921173507 16 33 63
2.8875108 -0.908593328 1.34408203 111 117 134
-0.45091522 0.588442899 1.51784098 73 85 106
2.11590447 0.768885601 0.892511392 22 31 49
11.3127067 4.79368215 -2.0839851 9 9 9
5.09114941 -1.48444923 0.913446694 61 64 74
1.27533709 0.77102517 0.903628138 30 83 40
2.84319856 -1.19889691 1.32456452 59 62 72
-0.524546048 0.585403394 1.64464359 95 98 104
5.28843066 -0.452511028 1.0708569 116 114 114
-0.524546048 0.585403394 1.64464359 95 98 104
2.81773799 -1.3297447 1.31981881 0 0 0
2.75526046 -0.914498233 1.34242589 59 62 72
2.15162397 0.542102597 1.22414773 99 104 120
-0.515032361 0.586559857 1.3382482 12 90 38
-0.50594798 0.58636351 1.28291014 122 122 123
9.27382251 -3.36086927 0.852081911 0 0 0
-0.547737165 0.58468624 1.34940252 124 124 124
0.535814203 0.761284571 0.846482867 28 29 29
-3.19941792 -1.55088891 1.32067351 59 62 72
0.504417736 0.72850083 1.98202178 57 57 57
4.59225261 -1.60908558 1.45534029 0 0 0
0.817781207 0.720834592 1.74397281 140 140 140
-3.124651 0.169691859 1.21543321 79 83 96
3.02723731 0.184848787 1.30663735 86 91 104
-2.6730621 0.117972724 1.12652928 109 115 132
0.60202655 0.707460512 1.49429971 140 140 140
2.04337329 0.0980948949 1.09493192 130 130 130
-0.522261324 0.58552192 1.50968243 66 73 87
2.00894219 0.0779729418 1.04002974 0 0 0
1.9685168 0.401815546 0.93393989 0 0 0
1.59833652 0.776311996 0.9057254 124 124 124
1.13286443 0.751014526 0.85595222 231 231 231
-5.11607731 -1.04833208 1.14984482 70 70 70
0.991309771 0.772735724 0.841572242 29 30 30
0.481866031 0.765792534 2.01115526 57 57 57
0.780114312 0.709499165 1.64392531 0 0 0
0.806408975 0.712963606 1.50847354 140 140 140
3.60965447 0.536189503 1.22729345 0 0 0
3.65151088 0.718846262 1.98548102 56 57 57
-5.79648096 0.304899779 0.978888794 0 0 0
0.816393181 0.727428685 1.73773659 140 140 140
-5.30476542 -0.768997297 0.982210886 182 182 182
0.816393181 0.727428685 1.73773659 140 140 140
1.45068535 0.93228912 2.05992451 5 5 5
0.729526898 0.708590874 1.61774355 0 0 0
0.713594423 0.705247984 1.5582336 140 140 140
-2.58673665 0.0619806051 0.862794262 0 0 0
3.70062986 0.471426289 1.28505168 85 89 103
-0.48645601 0.58396547 1.66760027 1 1 4
2.79240899 -1.13892453 0.916131817 0 0 0
0.618200232 0.675520249 1.72325186 140 140 140
0.881758615 0.734997258 1.59105663 57 57 57
-2.5578926 0.00570499598 0.789033328 0 0 0
1.06501364 0.763251533 0.942904751 0 0 0
-2.5578926 0.00570499598 0.789033328 0 0 0
0.627825772 0.707813154 1.68239191 0 0 0
-2.54529893 -0.240344976 0.623659036 87 81 78
1.94644476 0.0759143917 0.895491578 0 0 0
1.94607234 -0.0849025959 0.891702856 0 0 0
0.727181791 0.708206217 1.56656273 140 140 140
1.94607234 -0.0849025959 0.891702856 0 0 0
-5.61677521 -0.340752113 0.957088729 187 187 187
-2.49518358 -0.118963668 0.659021439 228 228 228
-0.846805528 0.585834334 1.62293106 13 30 61
-5.59118177 0.376135565 0.941890909 0 0 0
-0.854998658 0.585798768 1.6058922 20 36 64
-0.779670668 0.586201706 1.52772597 94 100 111
-2.79774925 0.280456141 0.933602784 61 65 75
-3.15688321 -0.193208455 0.963237888 99 104 120
-1.394605 0.590392003 1.32312807 18 20 21
-1.62616028 0.595873719 1.20344974 18 20 21
-1.81417584 0.597793056 1.13561958 1 2 6
-3.61279634 -1.70445588 1.25617275 115 121 139
-2.50207618 0.78046553 0.873337332 9 9 9
-1.76038536 0.596619541 1.12958362 5 8 6
-3.1408114 -1.55313264 1.13630886 231 231 231
-1.77115027 0.600458006 1.11747721 59 61 63
-3.03245738 -1.02467822 1.14529933 67 67 67
-2.30514534 0.763998756 0.886179056 9 9 9
-2.76419678 -0.158158755 1.09813787 79 77 77
-1.7171673 0.610406913 1.10191098 3 5 5
-3.23045851 0.641052699 0.928320675 94 99 114
-0.928150105 0.585655614 1.32151298 110 116 122
-0.928150105 0.585655614 1.32151298 110 116 122
-5.07838332 0.738292319 0.903922861 231 231 231
-1.00583583 0.586125399 1.28109471 122 122 122
-0.798749697 0.586215521 1.28162178 119 119 120
-4.68980713 -0.933168872 1.20845437 70 70 70
-0.738620664 0.586110401 1.28217169 19 29 48
-5.58141611 0.270117966 0.971021985 200 200 200
-0.987770691 0.584395156 1.13439444 53 58 68
-0.739079053 0.586748555 1.26446474 124 124 124
-4.69230088 0.648091645 1.05259622 0 0 0
-0.700445003 0.58626039 1.27887706 115 116 118
-3.17657841 0.471453153 1.28760941 231 231 231
-0.690665406 0.586493365 1.28217453 119 120 121
-1.01876482 0.586824388 1.07598219 100 102 106
-1.01876482 0.586824388 1.07598219 100 102 106
-0.933393527 0.586420189 1.07555236 94 97 102
-3.1570716 -0.134691492 1.29452913 79 77 77
-0.732096658 0.588717714 1.1874158 10 22 45
-0.732096658 0.588717714 1.1874158 10 22 45
-2.19002032 -0.972895112 1.246258 0 0 0
-2.66060955 -0.131027154 1.13611867 115 121 139
-0.742488744 0.611365077 1.12879757 119 119 119
-0.967350915 0.585374069 0.890908159 100 102 106
-0.967633157 0.585538586 0.890723333 100 102 106
-3.14006771 0.167497415 1.25194101 75 79 91
-5.68565126 -0.176632199 1.06321705 0 0 0
-1.01238655 0.586157274 1.63332444 76 79 88
-0.907053685 0.585848814 1.63451903 9 27 57
3.89036947 0.563243342 1.49076799 0 0 0
-5.06030008 -0.315241531 0.966542205 105 103 103
3.9824264 -1.51947859 1.08852662 0 0 0
-0.908392112 0.585989472 1.60558457 16 32 62
3.98117712 -1.51743072 1.08825224 0 0 0
-1.79942257 0.594003547 1.26158455 29 33 43
-3.18657087 -0.1961602 0.938350596 64 67 78
-0.96527344 -0.98638741 0.894790099 0 0 0
-1.39869441 0.59408165 1.35156487 54 68 65
-2.95630641 0.320590966 0.915057034 61 65 75
-1.42615303 0.59465876 1.32394827 40 50 49
5.93469828 -1.59983933 1.1794948 59 62 72
5.63604317 0.215277343 0.833284713 231 231 231
-0.787492689 0.585930226 1.51392279 93 99 110
-1.69024686 0.595435265 1.24172136 14 34 20
3.9820553 -1.53579989 1.06776993 80 84 97
-3.21862145 -0.213218384 0.843651946 118 124 142
-1.76908701 0.594223889 1.13036007 58 60 61
4.11144923 -1.48169965 0.990572854 163 163 163
-1.78125338 0.597530065 1.11622935 1 2 4
2.90311931 -1.12227272 1.34142819 8 8 8
-1.00644656 0.587435261 1.31825586 28 35 51
3.91979609 -1.83682867 0.823023305 231 231 231
-1.00554055 0.586382758 1.31883425 28 35 51
5.78362881 -0.306534557 1.32924965 231 231 231
-0.951732629 0.586518004 1.27904545 124 124 124
1.96677108 -1.58579922 0.82262675 0 0 0
1.96913955 -1.58706427 0.821201132 0 0 0
-0.950900092 0.585829811 1.27952458 124 124 124
-0.732258749 0.58676952 1.3173819 14 50 45
5.25992507 -0.341076753 1.12851202 59 62 72
3.94203768 -0.586111749 1.127581 0 0 0
-0.966447202 0.58949966 1.16014484 123 123 123
-0.965902778 0.582197184 1.15838574 29 50 51
-0.986447998 0.589281374 1.134941 124 124 124
3.92907582 -0.42559365 1.13291814 0 0 0
-0.942076913 0.584944244 1.15942369 124 124 124
3.89400218 -0.404648604 1.12149061 229 229 229
-0.701244103 0.586427074 1.2833369 123 123 123
3.11475003 -0.218942104 1.31920742 59 62 72
-1.03175053 0.586855915 1.07556083 96 99 103
-1.03175053 0.586855915 1.07556083 96 99 103
2.91541819 -1.15788963 1.36156759 106 111 128
-0.977582587 0.587033948 1.07605763 97 100 104
2.95030479 -0.100361752 1.37624146 68 72 83
-0.972903424 0.582759054 0.981179599 121 121 122
2.36614743 -0.827336319 1.55756364 231 231 231
-0.974953089 0.5868739 0.949082538 71 82 81
2.66568787 -1.03659505 0.998804143 0 0 0
-1.00290056 0.585836737 0.890805465 100 102 106
2.66568787 -1.03659505 0.998804143 0 0 0
-1.00290056 0.585836737 0.890805465 100 102 106
-0.971475685 0.58869057 0.905642403 69 72 79
3.97064173 -1.68360384 1.47594445 90 95 110
-0.991499456 0.587250542 0.889740759 100 103 106
2.66550012 -1.05562901 1.00912034 130 130 130
-0.95910684 0.588429674 0.887524016 98 101 105
4.77999774 -1.48109276 0.850007691 107 113 129
-0.940993725 0.58724482 0.889972911 98 101 105
-0.940993725 0.58724482 0.889972911 98 101 105
4.71828356 -1.48677962 0.849808531 59 62 72
-0.761417495 0.589124008 0.981778819 111 118 124
4.71601586 0.376675064 0.873513544 106 112 128
-0.761505574 0.589230112 0.981708885 111 118 124
4.03059852 -1.48004843 1.00011456 163 163 163
-0.772104289 0.585727137 0.954106963 34 40 54
2.93904851 -0.878882749 1.33035549 67 71 82
-0.772104289 0.585727137 0.954106963 34 40 54
5.6236659 -0.0253963897 0.809069223 107 113 129
-0.767139064 0.586787533 0.95298108 124 124 124
4.01449886 -1.49908621 1.01904984 0 0 0
-0.767563533 0.58743164 0.952389302 124 124 124
4.01449886 -1.49908621 1.01904984 0 0 0
-0.733410695 0.586198218 0.9815952 123 124 123
5.68686677 -1.55146539 0.864883734 59 62 72
-0.733410695 0.586198218 0.9815952 123 124 123
2.77935777 -0.884465846 1.33780143 94 99 113
-0.761216881 0.586472645 0.952795851 39 44 58
2.78413717 -0.179099761 1.33503114 102 107 123
-0.761740229 0.587121725 0.952222238 39 44 58
9.12905207 -3.38007771 0.416481875 59 62 72
-0.726249977 0.58722786 0.980720272 122 124 123
4.83571459 -1.41205129 0.870341682 105 110 126
-0.726249977 0.58722786 0.980720272 122 124 123
-0.71796212 0.586889038 0.980908076 122 123 122
5.63246118 -1.23729729 0.882844997 59 62 72
-0.709069267 0.584073108 0.975424811 19 38 47
2.75472862 -0.914272301 1.3067645 114 120 137
-0.709069267 0.584073108 0.975424811 19 38 47
2.75472862 -0.914272301 1.3067645 114 120 137
-0.702006306 0.58871723 0.887102495 97 99 104
2.91829252 -1.17207721 1.33791281 59 62 72
-0.702006306 0.58871723 0.887102495 97 99 104
5.52912968 -1.14238305 1.03082026 184 184 184
-1.01627129 0.586249549 1.53387847 94 100 111
2.7619368 -1.17886244 1.29140267 109 115 132
-1.68453936 0.599819002 1.34164645 25 31 43
4.01731575 -1.51548816 1.1408649 161 161 161
-1.72626965 0.603412701 1.31934157 24 30 42
-1.73455143 0.59693636 1.3117711 23 29 41
-1.76866965 0.598791178 1.29150428 31 35 45
-1.37216921 0.58827547 1.35844743 20 24 26
-1.66335515 0.597273162 1.23993474 17 18 19
-5.47856707 -0.742675924 1.05613396 231 231 231
-2.59681774 0.767581321 0.928764071 6 20 42
-1.4992651 0.593239796 1.28207045 21 25 26
-1.71965225 0.5915071 1.20997072 6 6 7
-2.64354574 -0.193268441 1.054103 103 109 125
-2.74198896 0.743182794 0.871527256 231 231 231
-2.56809792 -0.022500384 0.80758945 228 228 228
-1.71072894 0.594156605 1.21133986 90 92 92
-2.56809792 -0.022500384 0.80758945 228 228 228
-1.7994009 0.597615183 1.12649474 2 3 7
-5.28939921 -0.901421965 1.09860139 231 231 231
-1.6938632 0.595006329 1.1588665 53 61 61
-5.38358537 -0.953262524 1.06209827 200 200 200
-2.54623799 0.0146523294 0.753244189 0 0 0
-2.16987348 -1.105829 1.24071528 0 0 0
-0.983694982 0.586894685 1.16806957 123 123 123
-29.5076455 2.48899923 -12.5755909 95 100 115
-0.936750145 0.5856334 1.12404988 14 67 42
-0.936750145 0.5856334 1.12404988 14 67 42
2.95870295 0.0804119947 1.13698099 0 0 0
-1.00325026 0.586336077 1.07559248 100 102 106
-1.00342318 0.586517422 1.07544382 100 102 106
-0.925741191 0.586251217 1.07626194 99 102 106
-0.925741191 0.586251217 1.07626194 99 102 106
-5.58325937 -1.0711417 1.15391779 169 169 169
-0.76173479 0.586336828 1.09392219 124 124 124
-0.941911013 0.584957721 0.909924037 82 84 89
-5.33568783 -0.74579644 0.973128595 182 182 182
-0.717815063 0.587516541 0.947658355 124 124 124
-0.708412337 0.586246237 0.952901342 11 22 44
-0.717597638 0.5858955 0.906955637 81 83 89
-2.56845001 0.00519439905 0.807468733 0 0 0
-5.58332539 -0.407850386 1.02290417 212 212 212
2.98222321 0.0814528374 1.14423169 0 0 0
-5.39721634 -0.341398967 0.972599414 231 231 231
-2.83370512 0.774842502 1.16933837 231 231 231
-3.1361541 -0.146803048 1.27311294 109 114 131
-1.34406584 0.586021094 1.48519114 113 113 113
-2.30608383 -0.990820973 1.23563566 233 233 233
-3.02084827 0.589737465 1.00838997 231 231 231
-2.30608979 -0.990772986 1.23565783 233 233 233
-3.18326662 -0.197943857 0.952314992 99 104 120
-3.80515927 -1.91794904 1.22736734 2 2 2
-3.18968969 -0.198314164 0.950514101 99 104 120
-3.59705616 -1.66613772 1.27743306 2 2 2
-2.64692163 0.628259386 0.943046417 5 5 5
-4.69891777 -0.975684792 1.1147115 146 146 146
-1.42893084 0.598924528 1.27925022 22 29 25
-1.60674807 0.595026535 1.21178953 57 64 64
-3.21708484 -1.2681208 1.14929244 87 92 106
-1.63213661 0.597537821 1.17286084 35 37 38
-3.14141036 -0.150622942 1.28808895 79 77 77
-1.73238377 0.597197115 1.13021507 80 83 84
-2.61746012 -0.119424565 0.915168373 228 228 228
-3.90073606 -0.966662547 0.00566897402 108 106 106
-2.61685849 -0.119924095 0.915985154 228 228 228
2.98393399 0.0783969671 1.14082926 0 0 0
-1.74016524 0.584054693 1.11631094 1 2 6
-2.64895401 -0.934556473 0.214541085 0 0 0
-2.57855546 0.0302645535 0.829745003 228 228 228
-2.54008745 -0.139500754 0.656929926 99 104 120
-2.5568267 -0.0129060166 0.777522997 228 228 228
-2.65567585 -0.135581032 1.1046363 86 81 77
-2.55632557 -0.0124437543 0.777374162 228 228 228
-2.54630609 0.6216072 0.667049821 98 103 119
-2.54958361 0.0299338363 0.766781817 228 228 228
-4.59205413 -0.935559527 1.30905163 231 231 231
-2.54969542 0.0298945988 0.766715648 228 228 228
-3.1608307 -0.076565163 1.29727851 84 83 83
-2.5622572 0.630468669 0.63679922 0 0 0
-3.36042173 0.22029782 0.913403845 108 114 131
-2.52543388 0.0587262201 0.71440933 0 0 0
-2.70409918 -0.946125771 0.222209897 0 0 0
-1.20992072 0.5861955 1.18584771 0 0 0
-5.24833793 -0.708866281 1.08375899 127 127 127
-2.19526213 0.626009206 0.585489351 92 97 112
-3.09201249 0.224644893 0.981043784 60 63 73
-0.951286553 0.584247481 1.08636674 124 124 124
-2.63027492 0.0476911121 0.018594782 0 0 0
-3.12563652 0.168883772 1.24515277 74 78 90
-0.788459033 0.588994222 0.906458569 66 69 77
-3.30110399 -0.23694505 0.850369792 113 119 136
-0.772523059 0.58423157 0.900608256 124 124 124
-2.65417366 -0.11234751 1.1457266 119 125 144
-0.696401425 0.587113997 0.906397817 75 78 84
-0.971755583 0.584991251 1.60311932 60 66 79
-3.17823247 -0.171616609 1.32396879 79 77 77
-1.39611414 0.593414426 1.49318623 1 1 1
-3.06856041 -0.0997779212 1.33811586 79 77 77
-2.84368341 0.776824543 1.14351123 4 4 4
-2.99472815 0.333303482 0.986592465 69 73 85
-2.66354037 0.117528376 1.09218327 0 0 0
-2.77204431 0.767656897 0.92718587 6 20 42
-5.222702 -0.446563826 1.08915979 212 212 212
-1.67398349 0.589477238 1.25502473 1 2 2
-5.06808668 -0.343336891 1.01918008 188 188 188
-0.744045725 0.545461465 1.44480255 72 75 83
-0.985966183 0.587970589 1.17756136 75 104 82
-3.17186129 -0.0791517371 1.29431819 84 83 83
-0.778079024 0.586650487 1.27880349 54 57 67
-5.52185476 -0.35201452 1.00122904 188 188 188
-0.943444784 -1.0869079 0.965292165 0 0 0
-1.51324435 0.594853328 1.281275 21 25 26
0.807918501 0.712732465 1.52858239 0 0 0
-2.23645366 0.712900213 0.990191696 231 231 231
-1.62800102 0.593156583 1.19095177 87 90 92
-1.08781265 -1.39510667 0.47056081 94 99 114
-1.55028224 0.600284208 1.18945709 2 3 8
0.0789757817 0.0789768363 -0.00168374058 0 0 0
-2.57551824 -0.00660565027 0.825282824 228 228 228
-0.982141192 -1.16580468 0.734570027 0 0 0
-2.54219394 -0.00597322788 0.744702205 228 228 228
-0.0686323494 -1.34282757 1.14938007 8 8 8
-0.98077692 0.58987018 0.98630078 124 124 124
0.882989419 -1.62983819 1.4606219 76 79 84
-1.67553778 0.597348792 1.13666734 85 88 90
-4.00365148 0.714398994 1.15706385 0 0 0
-2.97746473 0.126194275 1.08232869 62 65 76
0.829743396 -1.61849633 1.48035891 7 13 33
-1.34189492 0.593248088 1.35426557 3 4 4
-2.75589729 0.771145014 0.905253129 11 24 44
-2.55393066 0.0207149867 0.777261499 228 228 228
-2.25849336 -1.00515894 1.23650939 0 0 0
-1.24527675 0.582245885 1.06483001 143 143 143
-3.48578728 0.633579125 1.24970319 231 231 231
-2.5855431 -0.0312127642 0.845512158 0 0 0
-2.560345 -0.0811758932 0.790251893 0 0 0
-0.742840441 0.583854285 1.11661106 124 124 124
-2.17211733 -0.961416921 1.22832825 0 0 0
-0.792395579 0.580205937 1.07633708 124 124 124
-1.28100337 0.585690353 1.14049012 143 143 143
-1.14074914 -1.11040564 0.628427193 0 0 0
-2.51199444 0.0487884135 0.67624731 228 228 228
-1.14113193 -1.10998245 0.628768122 0 0 0
-1.22457024 0.582421808 1.03947958 0 0 0
-1.12833875 -1.04582075 0.669482272 0 0 0
-2.00271066 0.640484292 0.348020574 107 107 107
-0.836303538 -1.5649091 1.00624156 8 8 8
-2.4067349 -0.21123733 0.627501603 117 123 141
0.0121486132 0.705689395 0.459875294 143 143 143
-1.38261064 0.607481723 0.970682455 143 143 143
0.0121486132 0.705689395 0.459875294 143 143 143
-0.951494298 0.586207634 0.971987441 112 119 113
-2.98351932 0.769031338 1.22195618 2 2 2
0.0664692284 -0.0765814273 -0.0202423081 0 0 0
-2.60461923 0.599633161 0.748286171 111 116 134
-0.0944815146 0.0928052756 -0.00469039994 236 236 236
-2.59705377 0.124491316 0.767902848 112 117 135
-0.265405119 0.730421149 0.0117357677 5 5 5
-2.26674049 0.682484226 0.667664215 5 5 5
-0.801106743 0.594951405 0.901373294 91 92 96
-0.978356362 0.585821295 1.61899404 78 82 91
-0.268483207 0.714032351 1.08550333 57 57 57
-0.987701192 0.586593459 1.17336457 37 55 55
-0.695640488 0.58643119 1.27887391 113 113 114
-0.695640488 0.58643119 1.27887391 113 113 114
-2.22451125 0.210503215 0.610419676 75 79 91
-0.751350012 0.584752639 1.14937436 28 35 52
-0.96183612 0.58679901 0.990300899 33 60 54
-0.774024328 0.585639668 1.07560644 93 96 101
-0.931895688 0.585828532 0.955639321 37 53 56
-0.931895688 0.585828532 0.955639321 37 53 56
-0.954330255 0.587608781 0.906373615 66 68 77
-0.918798494 0.585023651 0.8910909 97 99 104
-0.742481152 0.589116498 0.987564007 36 51 56
-0.977814981 -1.60608794 0.997500091 231 231 231
-0.745727162 0.585517475 0.954002973 124 124 124
-0.782876581 0.586268734 1.62953523 15 32 62
2.72562442 -0.719047569 1.59829146 231 231 231
-0.766391224 0.586143328 1.42487681 111 113 115
10.1331543 3.63144262 0.544599635 64 68 78
-2.56996081 -0.0165540467 0.80663702 0 0 0
-0.991192568 0.585549883 1.26322362 100 102 105
-0.963655375 0.586403405 1.07696 100 102 106
4.15786301 -1.45585884 0.939453359 164 164 164
-0.92522007 0.585056875 1.09484407 66 69 77
4.26270786 0.0770674369 0.842072992 59 62 72
-0.985348399 0.58622041 0.950176218 109 115 122
5.63452656 -1.3609667 1.35930992 130 130 130
-0.763498865 0.584438075 1.07684346 95 98 103
-0.971349227 0.588625495 0.905793378 70 73 79
-0.554999046 0.590467566 1.13059936 112 118 124
5.23628937 0.169798277 0.827315951 59 62 72
-0.718589179 0.587883628 0.980094344 120 122 121
6.235129 0.165803221 0.313404867 231 231 231
-0.494747821 0.586833872 1.13319951 120 120 121
3.16978427 -0.176221383 1.24371751 0 0 0
-0.754964757 0.587310201 0.888719228 106 108 110
3.88566806 -0.60669624 1.12335051 233 233 233
-1.3986251 0.595301659 1.49450246 1 1 1
4.11002523 0.177567575 0.867020991 234 234 234
-2.67885477 -0.0370783481 0.773597827 228 228 228
4.00462159 -0.484227014 1.1256661 0 0 0
-2.55737169 -0.0151700251 0.79124788 0 0 0
4.70792936 0.398137254 0.831368749 107 112 129
-0.757696155 0.586052288 1.27949936 124 124 124
5.62431509 -1.54704445 0.868117797 59 62 72
-1.21387805 0.590018001 1.02019207 0 0 0
4.27244785 0.381305411 0.873690432 109 115 132
-1.0023078 0.589242524 1.09146693 73 76 82
3.87912864 0.530595552 1.06592673 124 124 124
-0.545690699 0.586052899 1.27625439 124 124 124
2.9178666 -0.20201363 1.25732874 82 86 99
-0.542164693 0.584927538 1.26131116 99 101 105
4.59593124 -1.63229248 1.47382509 59 62 72
-0.779671179 0.586941571 1.09232278 63 66 75
5.26192665 -0.771140834 1.15438272 59 62 72
-0.703490123 0.586777813 0.907786833 70 73 80
4.62580061 0.407031635 0.870833982 68 72 83
-2.59085671 0.0595402496 0.856916303 0 0 0
-2.59074627 0.0595705865 0.856986124 0 0 0
-0.740681249 0.585966652 1.3772211 12 89 38
4.07942617 -1.48343681 0.999731499 0 0 0
-0.770040037 0.586123404 1.36511879 12 88 38
-0.711668639 0.586119483 1.36489344 12 88 38
-0.782773532 0.587162904 1.33543936 12 88 38
4.05277023 -0.528499914 1.13066757 228 228 228
-2.55209753 0.176283705 0.720701655 107 113 130
3.96811859 0.566178453 1.49324524 57 57 57
-2.55863439 -0.207000496 0.78699016 111 117 134
4.16231964 -1.51888428 1.08139451 163 163 163
-2.55773156 0.24790417 0.656482734 100 105 121
-0.769920155 0.586001546 1.30688822 12 86 38
4.04101357 -0.53969224 1.12295812 229 229 229
-0.699456874 0.5857174 1.33593673 12 88 38
4.26729421 -1.45875238 0.837166659 103 108 124
-0.699463359 0.585733026 1.33592862 12 88 38
4.29689064 0.403060706 0.831520029 59 62 72
-1.37169013 0.585928996 1.0246932 0 0 0
3.86232422 -1.57419262 1.008109 8 8 8
-0.711657843 0.586153981 1.30652972 12 89 38
3.86845215 -1.59422548 0.994099349 8 8 8
-2.50510063 -0.116603915 0.655019415 228 228 228
26.9405339 -16.5332091 -10.0572825 8 8 8
-2.54856418 -0.205269291 0.645639884 85 80 76
26.9405339 -16.5332091 -10.0572825 8 8 8
-0.949536727 0.58587381 1.1438166 124 124 124
4.12469427 0.280395118 0.858744684 232 232 232
-0.950043188 0.58633922 1.14352789 124 124 124
4.12469427 0.280395118 0.858744684 232 232 232
-0.550237038 0.586483269 1.26157604 107 108 111
4.08206345 0.200392052 0.852169535 233 233 233
-0.549208887 0.584762029 1.26248058 107 108 111
2.95109531 -1.0786243 1.37366306 8 8 8
-0.556919366 0.587719948 1.13755896 90 91 96
2.89398208 0.0361786179 1.40228159 9 9 9
-0.489082381 0.586349473 1.07400039 110 111 114
4.22462125 -1.33588077 0.878572208 59 62 72
-1.76794608 0.591069433 1.14071091 55 58 58
4.26454604 0.151254935 0.848427718 59 62 72
-0.773881235 0.586294173 1.34152103 124 124 124
-2.63805373 -0.214332375 0.911733063 83 77 74
4.78218971 -1.50726995 0.802522342 107 112 129
-2.58316579 -0.196755838 0.778037559 113 119 137
2.92053735 -1.138274 1.33593841 231 231 231
-1.31746617 0.594360768 1.0802211 0 0 0
-2.88928048 0.767707494 1.03087516 2 2 2
4.04493958 0.242774113 0.863363309 233 233 233
-1.31569708 0.585897332 1.10303571 0 0 0
-2.25928574 -1.00408068 1.23737784 0 0 0
-0.763577755 0.584536777 1.07670797 95 98 103
4.38705201 -1.66291288 1.48035062 90 94 109
1.76540403 -1.68106841 0.0537166224 83 78 74
-3.77429101 0.571824078 1.20118836 231 231 231
-0.754964757 0.587310201 0.888719228 106 108 110
3.89612511 0.564580094 1.139951 21 22 23
-0.314553328 -1.71394717 0.911432899 8 8 8
-2.60620683 0.0489921037 0.895275408 228 228 228
-0.0513176431 -1.73511971 1.17884128 130 130 130
-1.19319259 0.580609769 1.27880208 6 19 43
-1.36062574 0.595199921 1.47480947 3 3 4
23.9165078 -17.063373 -10.4497897 8 8 8
-0.769918647 0.585303485 1.26176956 103 106 108
0.0593502028 0.720639779 0.382065509 0 0 0
-2.53878124 0.661460597 0.662006794 5 5 5
-1.21183466 0.588028892 1.02201398 0 0 0
4.24341925 0.0452588271 0.774217588 62 65 75
-0.235844282 0.697903819 0.896626801 231 231 231
-1.3430062 0.59697018 1.16376416 0 0 0
-0.952288058 -1.02133278 0.835424311 197 197 197
5.93081271 -0.263401224 1.33225743 8 8 8
-0.53413941 0.585877181 1.13252637 112 118 124
-0.527299314 0.586761151 1.12569451 124 124 124
4.74883049 0.377520891 0.920867349 59 62 72
-0.096648247 0.0933572621 -0.00662231641 236 236 236
-1.37459629 0.612791158 1.21218269 143 143 143
-0.741605552 0.589367747 0.972208922 14 72 41
5.53054851 0.0616996579 0.622326911 231 231 231
0.0240391829 -0.0326848996 -0.00205349157 0 0 0
-1.00308245 0.586136157 1.60253471 80 83 92
-1.71890719 0.589063748 1.14632893 4 4 5
4.08734168 -0.539150614 1.12285986 0 0 0
-0.845417902 0.579515221 1.59815785 15 33 64
4.70829004 0.342836153 1.0837775 91 95 110
-1.54452363 0.596179699 1.26104393 35 44 43
1.72625754 0.780047864 0.896027543 97 97 97
-0.735405961 0.585638384 0.964432461 110 110 110
-0.680009115 0.58527946 1.09411428 98 99 103
2.93930402 0.0465966397 1.39427213 9 9 9
-5.14718145 -0.313774525 0.0188416654 105 103 103
4.70368082 -1.11174276 0.815992127 85 79 76
-0.520770862 0.58616605 1.09235093 112 113 114
0.687538035 -4.28958092 -1.6165538 0 0 0
-0.708326899 0.587451876 0.946360934 121 121 121
-1.00040611 0.584715287 1.32232955 111 117 123
-2.22803006 -0.238277743 0.585487691 71 75 86
-0.488279854 0.584783558 1.07512022 110 111 114
6.87749845 0.389613548 0.237701062 0 0 0
-2.60006619 0.713633649 0.0152785671 0 0 0
6.16334901 -0.70284202 1.40437361 231 231 231
-1.7717071 0.593114071 1.13925841 55 58 58
4.01823083 0.32137079 0.850275705 0 0 0
-1.68569088 0.594634486 1.5741978 77 80 86
-2.50484733 0.0765763904 0.656156306 228 228 228
4.04931789 0.332584833 0.837720295 0 0 0
4.35914561 -1.63587035 1.29272811 73 77 89
-2.57174338 0.250889882 0.633156271 0 0 0
-0.677752727 0.585451704 1.27976352 107 107 110
3.00173321 -1.25832483 1.29503324 59 62 72
5.18820038 0.0475135474 0.826589893 59 62 72
-0.963655375 0.586403405 1.07696 100 102 106
-0.682330325 0.584622033 1.63408629 91 94 101
3.4078014 -0.848068746 0.846291026 114 120 138
5.73464012 -1.35020587 1.34561176 130 130 130
-0.926235611 0.586344789 1.0936825 66 69 77
5.75256853 -1.35394886 1.34379694 130 130 130
-4.71788848 0.700338964 1.12769231 0 0 0
4.15410136 -1.65482808 1.48523491 0 0 0
-2.6138219 0.643808844 0.738531031 109 115 132
-5.34288983 -0.849714822 0.940645431 177 177 177
4.74601745 -1.36195202 0.858713642 105 110 127
-3.16276905 0.247063593 0.991707003 79 83 95
-3.1678921 -0.174215543 1.24385613 101 107 123
4.73957058 -1.13448213 0.811547924 59 62 72
-3.11855846 0.14865945 1.04121594 68 72 83
5.24355955 -0.742662004 1.13910088 231 231 231
-1.29605122 0.593670715 1.12965291 143 143 143
-2.75299728 0.225393843 0.900390668 0 0 0
4.83450286 -1.69343506 1.34716673 59 62 72
-0.976892999 0.58630664 1.26200544 105 107 110
-1.52812598 0.597852345 1.25754638 54 62 62
5.02500846 0.761095781 1.16457659 89 93 107
-0.743198455 0.586589051 0.908018124 76 79 85
-2.87488449 0.538770981 1.10193916 231 231 231
2.00232078 -1.76500637 0.901512575 0 0 0
-1.31333596 0.595252542 1.35912339 47 71 57
-2.03715454 -1.2807187 1.18220255 231 231 231
-2.21903378 -0.990103809 1.25825896 0 0 0
1.39985537 -1.70032854 1.35856619 0 0 0
-1.07575743 -1.30864441 0.484131252 92 97 112
-2.25638316 -1.00852803 1.23241509 0 0 0
4.04210675 0.209866029 0.852486474 0 0 0
-1.1925289 0.579061144 0.942356288 6 19 43
4.61755599 0.396895965 0.793271624 107 113 129
-0.976566511 0.587209021 1.33416842 112 118 124
-1.46195171 -1.65372316 0.517559649 107 113 130
4.34978904 0.550880664 1.29458573 86 91 104
-1.00560692 -1.30024774 0.700283913 77 81 93
5.65771296 -0.418330364 1.49714575 59 62 72
3.86758057 -0.406297848 1.13179444 231 231 231
-0.5508431 0.586161462 1.52921789 29 38 55
-0.943316337 -0.922792713 0.963082822 0 0 0
-1.01607303 -0.854417935 0.654630006 67 70 81
4.30740455 0.0864823637 0.838360666 110 116 133
-0.803037262 0.587082609 1.09648447 75 78 84
-2.15520793 -0.938134579 1.23354554 224 224 224
-2.67282144 -0.13271539 1.1284296 101 107 122
-2.24073622 0.704936319 0.0741395721 5 5 5
5.74896831 -0.214635453 1.44617033 0 0 0
-1.08037406 -1.28716825 0.509196736 82 86 99
-0.980092287 -1.33860029 0.995288635 95 100 115
5.69880456 -1.30797401 1.38954156 130 130 130
-1.76308413 0.594002954 1.57486753 74 77 84
6.26637769 -1.18320704 1.34534717 0 0 0
4.67883065 0.035632864 0.799251952 62 65 75
-1.02855595 0.586398546 1.53552841 94 100 111
-5.33462026 -0.7849584 0.960594804 203 203 203
5.79014619 -1.71617323 0.637895559 8 8 8
-1.73764224 0.590670288 1.59048473 73 75 82
5.91676953 -0.254921916 1.36762972 231 231 231
-1.68640364 0.594992825 1.57405311 74 77 84
3.94034946 0.328056001 0.859074004 235 235 235
-2.56680661 -0.05513282 0.804175653 0 0 0
-1.81953494 0.595963922 1.41158414 73 76 84
-2.56573006 -0.207334939 0.750108135 109 114 131
-2.72279483 0.330184906 1.08582324 69 73 85
5.7833085 -1.19607439 1.34455482 59 62 72
5.25220351 0.155877282 0.82822369 107 113 129
-1.20548559 0.597198275 1.03036249 143 143 143
5.22094601 0.150490166 0.827331454 68 72 83
-1.19232837 0.588637494 0.944874844 6 19 43
-1.25990154 0.587400762 1.12769477 0 0 0
6.07859712 -1.54027012 1.46392533 0 0 0
5.83658933 -0.685285393 1.31490135 231 231 231
-0.556212756 0.587096719 1.16326806 55 62 74
4.10621833 -0.42230306 1.12205921 0 0 0
-1.41103332 0.599456165 1.3009138 71 74 76
-1.39553594 0.59525936 1.37903173 6 8 9
5.57026091 0.15718108 0.904180548 231 231 231
4.65664642 -1.75927085 -0.0214938285 231 231 231
-3.27058552 0.628197401 1.19419133 97 102 117
-5.30426153 -0.851481559 0.982011288 181 181 181
5.17595742 0.0407851116 0.827857457 59 62 72
-3.07505831 0.308250884 0.766008856 0 0 0
4.31141782 -1.43247129 0.830689572 59 62 72
-1.22779704 0.57812313 0.53963928 6 19 43
-1.36114055 0.592648335 1.40935801 7 19 11
6.26138099 -0.344748374 1.46568443 0 0 0
6.06171549 -1.22842245 1.37461076 0 0 0
-0.964896259 0.586163707 1.36661505 124 124 124
-1.55591388 0.595899896 1.29412387 30 39 38
-1.5635708 0.59438355 1.28969311 31 40 39
-1.58415822 0.597218579 1.27773357 30 39 38
-1.55966874 0.596661404 1.24761546 46 58 57
-2.31069213 -1.04265455 1.23562521 233 233 233
-1.75934377 0.59391449 1.1513069 4 8 6
-1.7285788 0.595487038 1.60934345 118 118 119
-5.15207338 -0.701864114 1.03466596 212 212 212
-2.54049497 0.770732539 0.880693241 9 9 9
-1.26133524 0.586824173 1.07878501 0 0 0
4.60394501 -0.993489881 1.69919546 0 0 0
-2.39296176 0.772135457 0.944051095 231 231 231
-2.55147322 0.700203249 0.595368328 5 5 5
6.06578931 -1.20990584 1.27974485 0 0 0
3.84760178 -1.37102716 0.85286564 105 110 127
-2.95679072 0.579860254 1.09606518 231 231 231
-2.89920246 0.765262267 1.00900765 27 27 27
-2.17447874 -0.946878638 1.24057948 0 0 0
4.27291815 -1.62292004 1.38373152 59 62 72
-2.79377367 0.743448418 -0.0558560612 0 0 0
-1.40872026 0.595227327 1.49791617 35 39 50
-2.34198754 -1.10835151 1.2415603 0 0 0
5.86132717 -1.77818114 0.87489755 231 231 231
-1.60988694 0.595916538 1.26303258 31 40 39
-2.28898731 -1.04059348 1.23542084 236 236 236
-1.42373771 0.596633576 1.3700613 34 44 43
-2.28898731 -1.04059348 1.23542084 236 236 236
5.54800207 -0.69504352 1.0325789 0 0 0
-2.75472939 0.666381322 1.00280999 9 9 9
-1.66601393 0.592814355 1.63015335 21 30 48
-2.11319305 -0.921672978 1.24076731 236 236 236
-1.66601393 0.592814355 1.63015335 21 30 48
-2.34077012 -1.10546618 1.24226546 0 0 0
-1.6352433 0.583785422 1.62833055 11 22 44
-2.69426806 0.735364998 0.872493282 231 231 231
-2.55787773 0.00432599404 0.790590416 0 0 0
-2.369734 -0.953352136 1.23877545 139 139 139
-1.38317842 0.592560352 1.01452788 0 0 0
5.66767473 -1.62327629 0.851623399 99 99 99
-2.66371571 0.776010402 0.899669265 124 124 124
-3.04974376 0.755600875 1.27880311 2 2 2
-1.63061549 0.595140424 1.17393549 22 24 25
5.69919556 -1.33124954 1.33066596 130 130 130
-1.31979144 0.595488723 1.33438862 4 26 10
5.62852304 -1.19551729 1.51254698 231 231 231
-1.81689486 0.599685096 1.62729271 10 22 44
-0.0225910233 0.734805215 0.264960571 143 143 143
-1.55467279 0.572178218 1.43009649 0 0 0
-4.95032013 0.714952827 1.05425746 0 0 0
-1.76421526 0.593062289 1.61023965 117 118 119
-1.48070083 -1.66764315 0.521644143 8 8 8
-2.81380338 1.11229702 1.40773242 22 30 48
-0.987549672 -1.6153186 1.0298109 59 62 72
-0.97518117 -1.3101346 0.927964398 79 83 96
-0.737375448 0.586566609 1.26108603 97 100 104
-0.986863078 -1.18468834 0.951715484 113 119 136
-0.762097306 0.58613322 1.51016773 73 80 92
-3.18355851 0.23604946 0.992727116 66 70 81
-2.34065315 -1.11004855 1.24025843 0 0 0
-0.986863078 -1.18468834 0.951715484 113 119 136
-0.937986434 0.586042904 1.59779388 12 30 60
-2.63113527 0.617413025 1.02771307 5 5 5
-2.2335246 -1.08505141 1.23239861 236 236 236
-0.667131612 -1.46330711 0.708590161 8 8 8
-1.23839593 0.606686109 0.463232374 3 11 25
-0.918672455 -1.6298074 0.966457179 8 8 8
-1.91059499 0.602601581 0.465834948 6 19 43
-0.951578022 -1.62214585 0.981694583 231 231 231
-0.670363888 0.58762412 0.888157206 102 103 107
-0.91626002 -1.61729897 0.964352266 231 231 231
-5.33042641 -0.718567696 1.17662985 130 130 130
-2.28954505 -1.04138438 1.23524366 236 236 236
-3.15372299 -0.19978517 1.04366056 80 84 97
-2.56289621 0.175274272 0.775049701 108 114 131
-3.20677366 0.261000699 1.10519145 75 79 91
4.20948281 -1.71191785 1.46154148 107 113 129
-1.79755659 0.595875632 1.14265787 54 57 58
-2.54474392 0.652658849 0.608268622 106 112 128
5.65661874 -1.20136179 0.820360437 231 231 231
-0.917788707 0.58524295 1.09605877 54 57 67
-2.14534433 -0.94758347 1.18981974 67 67 67
-1.14806328 -1.07262084 0.669213636 130 130 130
-1.56318461 0.595786584 1.26963626 67 82 79
-1.9609208 -1.73916466 0.431570883 231 231 231
-1.83875373 0.5945469 1.51609824 57 60 67
-3.92470264 -1.72528943 0.898769607 8 8 8
4.35259872 -1.52436072 0.84146914 111 117 134
-4.16587618 -0.80863022 1.04874997 231 231 231
-3.87763768 -1.68366362 0.921193662 8 8 8
5.70473876 -1.34157307 1.32676981 0 0 0
-0.770065806 0.580458841 0.987147171 111 117 123
5.53947672 -1.16672611 0.871047702 231 231 231
-5.33551311 -0.742437992 1.12359268 200 200 200
-1.38169422 0.593351738 1.42574282 1 1 1
5.94716138 -1.54782022 1.44811131 231 231 231
4.73973399 -1.15664998 0.834299357 59 62 72
-4.05074732 0.688038547 1.16427654 231 231 231
-0.950712271 -1.02935618 0.828544974 197 197 197
6.03991721 -1.19330023 1.27537388 231 231 231
-5.96434408 0.152166317 1.05756669 0 0 0
4.71783331 -1.14370166 0.802138698 112 118 135
-5.96434408 0.152166317 1.05756669 0 0 0
4.53206268 -1.53010689 1.29305163 231 231 231
-0.958971281 -0.908554722 1.02070267 197 197 197
4.23068459 -1.63965221 1.30533688 59 62 72
4.26401089 -1.08400583 1.59988465 130 130 130
-1.69771403 0.588692722 1.16216744 50 57 58
-0.949630929 -0.984698558 0.859779649 197 197 197
6.08784157 -1.6727151 1.0275992 0 0 0
4.18860086 -1.68411059 1.47235383 108 113 130
4.66089622 -1.74502485 1.46233018 8 8 8
3.97329559 -1.641745 1.49079478 108 114 130
-5.40331629 -0.773487819 1.15820003 218 218 218
5.63205806 -1.19211252 0.831423966 231 231 231
-5.87597122 0.191534726 0.972315249 231 231 231
4.85533484 -1.63636225 1.48796905 103 109 125
-0.890829229 0.506452654 1.64273848 8 26 56
2.72586662 -1.13326664 1.13344233 0 0 0
-2.63291104 0.0642787499 0.0409829196 0 0 0
5.15548731 -1.14136933 0.831478992 113 119 136
-2.53326142 0.759895396 0.913366084 22 69 40
-0.945360187 -1.07594943 0.763865969 197 197 197
4.00715269 -1.47966015 1.01379248 165 165 165
-4.87613791 -0.363890014 1.000506 79 77 77
5.88663035 -1.18702702 1.31897204 231 231 231
-0.955833806 0.574736922 1.1732876 85 87 92
-0.972411629 0.586207785 1.09386705 87 88 93
-1.220794 0.585498288 1.28556509 6 19 43
6.18140184 -0.781114911 1.2566827 0 0 0
-2.65592052 0.777591751 0.87635184 9 9 9
-0.728265633 0.586028173 1.31576247 56 70 73
4.03909291 -0.553772219 1.12376644 200 200 200
5.76107601 -1.78634809 0.141912456 59 62 72
-1.01292222 0.586088673 1.51087902 69 76 89
-0.778398381 0.585700303 1.43186584 55 58 65
4.67779732 -1.75789086 1.4408429 107 113 129
4.14378124 -1.51714955 1.08688409 0 0 0
-0.753897885 0.588198901 1.09766518 122 122 122
4.39750486 -1.67709189 1.45447047 61 64 74
-2.3479173 0.763742936 0.887439191 9 9 9
5.19536015 -1.14420525 0.801287709 111 117 134
-0.737344925 0.583462498 0.983654672 30 75 51
6.09655575 -1.17916755 1.2979165 8 8 8
-1.38881235 0.590880889 1.00900404 142 142 142
-1.22802978 -1.5922154 1.0032472 8 8 8
-2.18812817 0.641286622 0.604252593 80 85 97
6.22798005 -0.341610432 1.4810139 0 0 0
6.06578931 -1.20990584 1.27974485 0 0 0
-1.79328482 0.596532774 1.57924454 76 78 83
-1.74221839 0.591628666 1.63805212 6 19 43
-2.86425919 -0.908530539 0.668763196 67 67 67
-4.60514288 -0.276386336 1.21142079 0 0 0
-2.78485562 0.765936304 0.837272698 5 5 5
-0.34989213 -1.77073468 0.872466838 8 8 8
-2.7652926 -0.159356606 1.074519 0 0 0
-1.75141075 0.598252014 1.58262039 9 22 44
-3.12741656 -0.123751387 1.28718227 79 77 77
-2.22163727 0.209989135 0.617088087 63 67 77
-2.31202118 -0.975154651 1.24099466 236 236 236
5.18944339 -1.06680992 0.812231322 59 62 72
-0.955087891 -1.1181315 0.820029032 73 77 89
-1.77746304 0.591534449 1.61080274 122 122 123
-2.39178127 -1.19972481 1.18732626 0 0 0
4.73211341 -1.12931603 0.840530469 59 62 72
4.11690208 0.14040134 0.8781084 0 0 0
-0.789374769 0.584415873 1.09560167 71 73 80
-1.82905488 0.595262913 1.23714702 75 77 80
-2.1719465 -0.957493002 1.23003006 0 0 0
-0.858796983 -1.64602121 1.00978141 231 231 231
-1.67099305 0.596728104 1.5794502 84 87 91
-5.40089124 0.760750633 1.06378065 0 0 0
6.32299868 -0.675702236 1.36206667 231 231 231
4.10213302 -1.472357 0.977478215 0 0 0
-0.944356717 -1.01957209 0.924068226 197 197 197
-3.37042 -1.33233328 1.10143131 8 8 8
-1.47128646 0.593577047 1.31999133 30 35 36
-0.93849528 -1.08010511 0.808238547 0 0 0
-0.944356717 -1.01957209 0.924068226 197 197 197
-1.73799533 0.591462051 1.58137943 10 21 44
5.5620951 -0.668659549 1.04938831 0 0 0
-2.53837739 0.00270257956 0.738715308 228 228 228
-3.73609679 -1.87716733 1.21677206 231 231 231
-1.73979741 0.599583714 1.11833893 32 55 38
-0.792558501 0.576750781 1.26290972 124 124 124
-1.99123669 0.842631628 1.22486573 2 3 5
5.26436221 -0.785837903 1.12055795 231 231 231
-5.41090617 -0.983183278 1.18029347 141 141 141
-0.970398903 -1.64679506 0.946812202 112 117 135
-3.06169841 -1.43563028 1.14014852 231 231 231
-3.20539317 -1.25064526 1.23514639 98 103 118
-2.660753 0.114114659 1.06904209 112 117 135
5.24087293 -0.294039134 1.17632924 231 231 231
-3.18276809 -1.2068838 1.24347243 59 62 72
-2.58008176 -0.0137330646 0.830123979 228 228 228
-5.96054285 -0.160687759 1.02303438 0 0 0
4.05316679 -0.489131916 1.12274555 233 233 233
-0.736445292 0.586143183 1.07546234 62 63 65
-3.84637022 -1.07998621 0.0417971149 108 106 106
3.97544192 -0.569053879 1.12438302 0 0 0
-0.976728813 0.58749163 1.3341677 111 117 123
-2.5249352 -0.0718632178 0.693797001 228 228 228
11.8902152 -2.97803833 -1.19851342 0 0 0
-1.51720351 0.594958233 1.21604346 11 86 36
5.72950135 0.0539060389 1.48567376 59 62 72
-1.79254686 0.59606724 1.63721066 6 19 43
-2.58258851 0.783107699 0.88382176 23 40 55
-1.9609208 -1.73916466 0.431570883 231 231 231
6.16445675 -0.749099634 1.27985329 231 231 231
-1.66882705 0.59328714 1.63562317 121 121 121
-2.87202445 0.550122123 1.34535597 231 231 231
-2.06956417 -1.58531961 0.572319731 231 231 231
5.70502976 -1.33337704 1.32862486 130 130 130
-2.66292278 0.165731293 0.948743321 109 115 132
-0.135677407 -1.6788432 0.935141759 8 8 8
-2.07673295 -0.909536863 1.23179398 130 130 130
3.9382168 0.322239404 0.862699289 235 235 235
-1.19316349 0.59091576 0.963833817 143 143 143
-0.989668417 -1.16012441 1.00175617 231 231 231
-2.37836577 -1.09253217 1.23207173 234 234 234
5.72096921 -1.28122162 1.41438064 0 0 0
-2.9731005 -0.942738569 1.04760102 103 108 124
5.83636366 0.182199044 1.43420801 231 231 231
-2.57381014 -0.0626854406 0.82512001 228 228 228
-1.87106311 0.580709958 1.41259504 6 19 43
-2.10370585 -0.936444056 1.2262614 236 236 236
4.71581361 -1.14346769 0.830447213 117 123 141
-2.33610464 0.771725145 -0.0554369341 5 5 5
-4.084994 0.723408652 1.14308774 0 0 0
-1.659614 0.591314398 1.58961514 75 78 84
0.621253487 0.715359698 1.52483947 139 139 139
-3.27684844 -1.22113977 0.859867533 59 62 72
5.78810058 -1.22864068 1.46386725 0 0 0
-2.52102055 -0.112124909 0.652164236 228 228 228
4.0281978 -1.35776357 0.6187396 231 231 231
-0.499593878 0.586131843 1.09219917 107 107 110
5.66869278 -1.30528868 1.29220095 130 130 130
-5.40546415 -0.649917165 0.991151842 147 147 147
4.0281978 -1.35776357 0.6187396 231 231 231
-0.500786966 0.587119031 1.07466798 98 101 105
5.61287208 0.200010574 0.850101937 231 231 231
-1.85415552 0.597928548 1.59775744 6 19 43
1.89018878 -1.53192013 0.656168938 130 130 130
-2.06992276 -1.60806016 0.950964999 231 231 231
5.25490519 0.212852385 0.818793786 112 118 135
-3.14874916 0.168282666 0.995111439 66 70 81
-1.63873215 0.595244823 1.19464739 62 70 70
5.56869896 0.15600102 0.905399305 231 231 231
5.84514072 0.243241186 1.34673771 231 231 231
-1.86838352 0.601806495 1.6167868 103 104 106
-1.16652137 -0.805308876 0.513483636 59 62 72
5.77526638 -0.19662014 1.33864549 60 64 74
-2.62930499 -0.113630448 1.11086392 85 89 103
-1.06113855 -0.881654352 0.48581805 94 99 114
-0.290104641 -1.68422382 1.00544765 0 0 0
5.8687522 -1.49273563 1.50592045 0 0 0
5.60856587 -0.797757741 1.40786691 59 62 72
-3.23133305 0.213957807 0.877807057 116 122 140
6.21128169 -0.683032591 1.38028297 231 231 231
3.03356282 -0.217096744 0.858608767 109 114 131
4.79958719 -1.13559163 0.846352372 113 119 136
-1.67580165 0.595619331 1.20599228 27 31 32
-1.62855796 0.595439182 1.60370287 7 20 43
5.67004416 -1.43919587 1.26050359 0 0 0
5.66130332 -1.2764279 1.26509576 0 0 0
-1.62982663 0.594244589 1.61792571 54 58 69
2.44096562 0.942667119 0.767893755 9 22 43
4.19827739 0.117217515 0.871281524 234 234 234
-1.30753794 0.589299791 1.14627494 142 142 142
4.05103444 0.170549018 0.871405212 235 235 235
-0.511638065 0.585968404 1.15054716 12 75 40
-1.06617132 -1.25989567 0.616379532 231 231 231
-1.65309344 0.592824921 1.60004412 6 19 43
-0.987829598 -1.68748956 0.918275399 231 231 231
-1.5813009 0.593475979 1.28036373 39 49 48
-2.28296334 -1.06538979 1.23883743 236 236 236
-2.22163727 0.209989135 0.617088087 63 67 77
-2.25978915 -1.05644845 1.23845743 0 0 0
-2.63989679 0.0472186686 0.00943775813 231 231 231
-1.39651528 0.602554426 1.23542301 142 142 142
5.68965022 -1.30765953 1.33278331 130 130 130
-5.38530668 -0.916550294 1.10855256 0 0 0
-1.00149069 -1.16561794 0.971738658 231 231 231
-0.683182046 -1.54507109 1.02319405 8 8 8
5.67568503 -1.30431593 1.33578459 130 130 130
-5.34956998 -0.721259846 0.969138569 181 181 181
2.01459915 -1.64869516 0.929259432 59 62 72
-1.06099816 -1.26568224 0.558583661 118 124 142
5.24626892 -0.787851373 1.12809224 231 231 231
-0.757155772 -1.78947608 0.854571028 231 231 231
-1.7885797 0.598599187 1.58342156 73 76 82
-0.945677382 -1.0597605 0.937063032 0 0 0
-2.05046828 -1.25806373 1.19140299 8 8 8
4.83931659 -1.64244237 1.47531459 90 94 108
3.90122691 -1.63672236 1.29180636 74 78 90
-0.473455014 0.584245968 1.1668712 10 76 40
5.27338751 -0.731180585 1.11688222 231 231 231
5.28581919 0.192932402 0.81961088 109 114 131
-1.39782794 0.594752913 1.34070563 42 53 52
-1.18590304 0.587657529 0.473430709 6 19 43
-2.34200013 -0.944722306 1.23848341 0 0 0
-1.4435465 0.591860537 1.25440843 0 0 1
1.21626481 -1.62622082 1.33176481 231 231 231
-1.98768749 -0.120265585 1.78358697 8 8 8
-2.11291072 -0.92545358 1.23991943 236 236 236
-0.968857888 -1.63097302 0.952374061 112 118 135
-1.26704367 0.342493598 1.70865784 123 123 123
-0.484781929 0.589002696 1.16320084 59 73 70
-2.11143759 -1.1353486 1.22950762 235 235 235
-2.69723041 0.779208572 0.875189842 9 9 9
-2.22977679 -0.990431319 1.22913943 236 236 236
5.99709903 -0.377963971 1.45958583 231 231 231
-1.49718648 0.598625759 1.220951 0 1 3
5.6520641 -1.40093298 1.29674117 130 130 130
-2.23510163 -1.08442578 1.23059483 236 236 236
-2.88928048 0.767707494 1.03087516 2 2 2
-2.23510163 -1.08442578 1.23059483 236 236 236
-2.19824076 0.628337702 0.576868847 92 97 111
5.57585506 -1.53918168 0.852928868 231 231 231
-5.46197327 -0.857954721 0.877422824 231 231 231
-2.07202837 -1.24193229 1.19233231 130 130 130
-1.55959115 0.594093025 1.28560962 13 14 16
4.14253143 -1.5175835 1.08550549 0 0 0
-0.747154942 0.595841941 1.15411323 112 118 124
-1.77674117 0.594518482 1.61775177 19 28 48
5.19539459 -1.04402864 0.788180343 59 62 72
-5.34566943 -0.784229455 0.973943897 182 182 182
-1.86802292 0.595563108 1.63536223 121 121 121
-0.456903092 0.591097261 1.14715376 124 124 124
5.68683886 -1.36713473 1.35410142 130 130 130
-2.51715052 0.776750043 0.872021662 8 8 8
-1.66375193 -6.05342924 -2.66547674 0 0 0
-5.205612 -0.878786229 1.20114957 231 231 231
5.43511683 -1.56063924 0.875412854 231 231 231
-0.710811846 0.585469859 0.908379991 52 54 58
-1.43089173 0.599397823 1.29591284 57 60 60
-2.22566788 -1.05840293 1.24719587 233 233 233
1.64507427 -4.46193488 -0.865301964 0 0 0
-2.85977197 -0.923399161 0.669217506 67 67 67
-0.697418135 -1.43740143 0.781083218 8 8 8
5.68745103 -1.30962501 1.28709001 130 130 130
0.614766841 -0.918658698 1.49359287 0 0 0
-2.21735706 -1.05602487 1.2466071 224 224 224
-1.5118146 0.595719611 1.31923251 29 37 36
-3.2056111 -1.52085494 1.34720808 115 121 139
-1.72105093 0.603778145 1.5759113 7 19 43
-4.82423359 -0.335681739 1.01734925 79 77 77
-0.95741043 -2.10391806 0.628725023 0 0 0
-0.723755055 0.562302998 0.909390263 105 106 109
4.29509462 -1.16118819 0.827810369 59 62 72
-1.18759125 0.585252126 1.26714552 3 9 21
-1.82106584 0.594092957 1.61576734 10 21 44
-3.62856074 -1.40464652 0.587445593 108 106 106
1.03842935 -1.62373928 1.47981958 15 35 41
-0.963844109 0.589582658 0.932877754 124 124 124
5.52955643 -0.187160572 1.48010848 0 0 0
-1.7225889 0.59442335 1.13505925 79 82 83
-0.944745099 -1.0269335 0.932324425 197 197 197
4.4257177 -1.64873035 1.48427966 104 110 126
5.8580724 -1.73796286 0.614544764 231 231 231
-0.944941538 -1.08411404 0.960912908 0 0 0
-1.74274915 0.592808899 1.60971136 113 114 115
-1.74395692 0.593114376 1.61538721 37 43 57
-0.936224773 0.585995774 1.51077408 76 83 96
-0.496190133 0.589438187 1.25915643 100 102 106
-2.2804897 -1.05526379 1.23604818 0 0 0
-2.0652998 -1.60868899 0.552968844 8 8 8
-0.752200418 0.580964285 1.14639779 123 123 123
-3.20909661 -1.55139394 1.27392641 107 113 129
-2.25501949 0.66259308 0.612610381 109 115 131
5.13187145 -1.48063552 1.01901676 231 231 231
5.14676796 -1.47474051 0.983175544 231 231 231
4.12406635 -0.594758956 1.13066972 234 234 234
-0.733621724 0.586296403 0.907115937 64 67 76
-0.49576448 0.588611767 1.35482589 124 124 124
3.09611076 -0.117915394 0.882820631 228 228 228
-2.05122461 -1.33780648 0.770958492 231 231 231
-1.00472525 -1.62258882 0.964327083 231 231 231
-1.67156207 0.593505646 1.60976236 122 122 122
5.139761 -1.45891816 0.860214012 117 123 141
3.93547255 -1.67755826 1.45882746 0 0 0
-1.37578372 -1.30413362 1.20929857 0 0 0
-2.75632227 0.767901773 0.873788997 231 231 231
-3.52061998 -1.29908098 0.676212901 108 106 106
-0.969593523 -0.914240135 1.01207869 197 197 197
-0.490808531 0.58697562 1.12089725 124 124 124
-0.876409395 -1.64278639 0.973183356 59 62 72
-1.2930378 0.595910376 1.05933512 143 143 143
5.5829454 -1.5750344 0.844444437 231 231 231
-1.43912961 0.594875378 1.39586831 0 0 0
2.93214615 -0.119933339 1.32023457 5 5 5
-1.31646083 0.586360379 1.10263511 0 0 0
-0.996056669 0.586672077 1.27920368 105 107 108
5.16649192 -1.20835184 0.848662868 74 78 91
4.73211341 -1.12931603 0.840530469 59 62 72
-0.800722995 0.592684435 1.28403664 123 123 123
-2.17877986 -0.96589089 1.22931427 0 0 0
-2.89642179 -0.148628303 1.02117098 99 104 119
-1.60630148 -1.03934503 1.27725651 0 0 0
-1.6352433 0.583785422 1.62833055 11 22 44
-0.473000379 0.586036294 1.17535285 52 61 66
-0.926385347 0.579558242 1.08974196 120 121 121
-3.61034908 -1.3532444 0.616594239 108 106 106
-3.04298489 -0.180572498 1.04946376 66 69 80
-2.45248216 0.800140068 0.904348053 231 231 231
-2.2335246 -1.08505141 1.23239861 236 236 236
-2.29708745 -1.02328957 1.23175469 0 0 0
-1.67099305 0.596728104 1.5794502 84 87 91
5.49274779 -1.07229274 0.933580988 59 62 72
-0.751414752 0.575999544 1.08215576 107 108 111
-2.32620509 -1.08188975 1.2389429 0 0 0
-1.57935033 0.597166819 1.23854116 23 27 29
5.74459672 -1.26439878 1.48280105 59 62 72
-2.7173415 -0.907248005 1.21110435 67 67 67
-0.467672195 0.586017046 1.07503688 103 104 108
-3.31849938 -1.30447612 1.1280628 231 231 231
-0.780227922 0.583697656 0.900994964 124 124 124
-3.65408207 -1.75603963 1.15666129 231 231 231
-1.38567592 0.596409073 1.39477591 3 4 4
-8.72404734 -6.16896027 -2.36413132 8 8 8
-2.09191522 -1.58370601 1.20652321 127 127 127
-2.11111981 -1.65019382 0.96114193 8 8 8
-0.510288883 0.586397472 1.08913163 124 124 124
3.96031016 0.309067246 0.861397855 234 234 234
-1.02055325 -0.85521059 0.623377521 60 63 73
-0.930828586 0.585708069 1.61907388 65 69 81
6.20242533 -0.683808346 1.38151593 231 231 231
-0.966487658 0.585924027 1.13889978 120 121 121
-0.942989033 -1.00621985 0.882553079 197 197 197
-1.42295236 0.595558225 1.3500852 60 75 72
5.26404269 -0.980640762 1.10534233 131 128 128
-5.20868199 -0.578487888 0.950570046 210 210 210
-0.745346086 0.588523583 1.30659583 121 121 121
-2.40338951 -1.13110699 1.23434428 234 234 234
-0.765524416 0.587545279 1.07500627 99 101 105
-0.301512874 -1.69956583 0.931725302 231 231 231
-2.87068358 -1.19442173 1.23807982 8 8 8
-0.300462099 0.610756276 0.00680519071 157 157 157
-0.889370802 0.586318147 1.63523428 80 83 92
-0.9564172 -1.06282262 0.822430823 0 0 0
-0.00564513876 0.0340536763 -0.000763364759 0 0 0
-2.55787773 0.00432599404 0.790590416 0 0 0
-0.765533824 0.587528902 1.07501137 99 101 105
-0.955673651 -0.861443846 0.962624649 78 82 95
-0.83588866 -1.77728045 0.407958071 8 8 8
-2.08808857 -1.5841664 1.21312619 127 127 127
-0.960451195 -1.57455219 0.988470102 231 231 231
-2.06630563 -1.58116465 0.983051203 231 231 231
1.16861641 -1.73313469 0.91495217 231 231 231
5.18815349 -1.15193991 0.836258477 59 62 72
-0.778118824 0.583183964 0.892737832 101 103 107
-0.182649891 -1.57997757 0.623392773 8 8 8
-2.07490491 -1.64421936 1.2042826 127 127 127
-0.995493846 -1.30256479 0.72674473 78 83 95
-0.958996506 0.586116458 1.60287824 94 97 103
1.23312216 -0.201985382 1.43791627 0 0 0
-0.809051619 0.585847056 1.50977248 70 77 90
3.94748364 -1.67571267 1.47552494 89 94 108
-1.01398767 0.585517498 1.26268391 97 99 104
-1.41541671 0.599253336 1.37774627 4 6 6
5.59546481 -1.17540672 0.847839005 231 231 231
5.14523403 -1.53209514 1.10916048 8 8 8
-1.94166098 -1.73276839 0.883563851 231 231 231
-1.00167564 -1.79132076 0.85594672 8 8 8
-2.24505488 -0.956301586 1.24127952 0 0 0
5.85775997 -1.75112278 0.888120168 8 8 8
-2.26291471 -1.05264234 1.23734196 0 0 0
-0.948072394 -0.904758269 0.739200613 197 197 197
-1.09332793 -1.26041534 0.484891708 61 64 74
-2.06610868 -1.18918702 1.22047448 0 0 0
-2.1139634 -1.62550478 0.979610269 8 8 8
6.05665565 -1.23933746 1.39849655 231 231 231
-3.89962827 -0.960401471 0.0114373651 108 106 106
-2.33812301 -0.953939384 1.23590459 0 0 0
-1.60987888 0.591641095 1.62904125 113 114 115
-3.31564703 -1.21618804 0.829556605 82 86 99
-2.22761157 0.661874747 0.647359063 5 5 5
-1.98768749 -0.120265585 1.78358697 8 8 8
-1.00277398 -1.70087271 0.865749824 231 231 231
-1.60985746 0.596046707 1.2629295 30 39 38
-1.1045284 -1.06416528 0.694752533 0 0 0
-0.780559966 0.585835565 1.07682186 94 97 102
5.65724182 0.207996669 0.94975125 204 204 204
-2.76187101 0.21661356 0.918833686 0 0 0
-2.11185865 -0.932132373 1.2351405 236 236 236
-2.13816249 -1.11826437 1.23821652 224 224 224
-1.79152878 0.594342157 1.62775341 89 91 95
-2.34198754 -1.10835151 1.2415603 0 0 0
-1.7612032 0.596187755 1.15334557 6 6 7
5.88534665 -0.401930676 1.46316519 59 62 72
4.35864613 -1.46706819 0.867514552 59 62 72
-0.948354749 -1.00036185 0.846213454 0 0 0
-3.23871554 -1.53062053 1.29372926 231 231 231
-1.05141239 -1.12854298 0.834025117 130 130 130
-0.0527825387 0.835956523 0.879210383 10 13 14
-1.95043923 0.598347204 1.03250456 107 107 107
-2.66969531 0.785775955 0.901817006 122 122 123
-2.40479607 -0.940156307 1.23114889 234 234 234
-2.35217288 -0.959868741 1.23174289 0 0 0
-0.309206085 -1.74893447 0.438831755 8 8 8
-1.4553488 -1.66875995 0.480822497 59 62 72
-2.28517698 -1.07587575 1.24170619 236 236 236
-0.678697053 0.586263433 0.88971868 101 103 107
-1.73100411 0.595747399 1.11333317 67 90 76
5.70438232 -1.25446535 1.47542994 130 130 130
6.11730864 -1.67934911 1.12298569 151 116 116
-1.26368323 0.588631576 1.12928877 0 0 0
5.76652838 0.148113899 1.33179555 231 231 231
-1.23668314 0.581837405 1.05752085 143 143 143
-2.69207767 0.584145596 1.10005983 97 102 117
-5.6705525 -0.762246465 1.03325905 152 152 152
-3.23465768 -1.32643406 1.28200502 231 231 231
6.1921083 0.515472842 2.00765854 0 0 0
-2.26221374 -1.01205277 1.2350843 0 0 0
-1.81170673 0.593600913 1.63565596 121 121 122
-3.43727128 -1.37643036 1.08007693 8 8 8
-1.31386667 0.591201335 1.10604921 0 0 0
-2.86406177 -1.57483333 1.22515226 125 125 125
-0.549530683 0.585973561 1.50940438 67 74 87
-2.66305152 0.31830399 1.09835511 76 80 92
5.66322658 -1.29945583 1.3796316 130 130 130
-0.868867286 -1.70914839 0.917095025 8 8 8
-2.54666498 0.0145816153 0.753080526 0 0 0
3.061531 0.0154163587 0.982781277 0 0 0
-0.490195223 0.585428264 1.50971641 65 72 85
-1.95214905 -1.74636349 0.886819796 8 8 8
-1.29921523 -1.5552703 1.03043275 0 0 0
-3.23583092 -1.32783716 1.28165451 231 231 231
6.19966838 0.516945339 2.00775264 0 0 0
-1.73652487 0.595130217 1.13259239 82 85 86
6.26420283 -0.641348846 1.45191511 0 0 0
-2.22977679 -0.990431319 1.22913943 236 236 236
-0.950708426 0.586623457 1.26142454 105 106 109
3.97225396 -1.45222251 0.876297938 59 62 72
-1.11935135 0.522920799 0.565362626 0 0 0
-1.68991085 0.594015657 1.5878861 35 41 56
5.65534978 -1.25985967 1.20484152 130 130 130
-0.936790142 -1.39643456 0.924687909 113 119 136
-2.75495214 0.768022419 0.884302889 10 10 10
4.66195713 -1.69353705 1.4676592 107 113 130
-0.94379609 0.586222889 1.33293034 32 40 56
3.87657956 0.480817832 1.07830636 59 62 72
6.04691723 -1.40178394 1.30691541 0 0 0
-0.761308578 0.587945583 1.26045658 94 96 102
0.2830233 -0.783266626 1.59782572 0 0 0
-2.56328111 -0.198897054 0.636007221 84 78 75
-1.4201373 0.588376283 1.29239687 38 39 39
2.62437903 -1.11178359 0.934092499 0 0 0
-3.15279946 -0.15035539 1.28203319 84 83 83
-2.11154378 -1.16185345 1.21629192 235 235 235
-1.68028621 0.596099576 1.57974943 8 20 43
5.68733097 -1.37907073 1.36192271 130 130 130
-1.39783062 0.59768054 0.957544106 143 143 143
-3.3091597 -1.21519277 0.836257869 82 86 99
-0.331692614 -1.748115 0.887028962 8 8 8
-1.83930788 -1.33062077 0.859200198 236 236 236
-3.25677446 -0.241015181 0.805772097 74 78 90
-0.936790142 -1.39643456 0.924687909 113 119 136
-1.72402359 0.591689513 1.22603646 0 0 0
-1.31816677 0.593779961 1.07880534 0 0 0
0.028542959 0.692219067 0.375621871 143 143 143
3.06125804 0.222689994 0.852793793 102 108 124
-0.564718581 0.585411305 1.50955165 71 78 91
-2.1728305 -0.942103108 1.24043072 0 0 0
-0.965641711 0.595119674 1.34967927 75 79 87
4.593757 -1.63151425 1.47614576 59 62 72
-0.779461125 0.586669686 1.09258255 63 66 75
-1.37037368 0.596363467 1.50365627 4 13 28
3.97564602 -1.42827205 0.918851879 164 164 164
-5.26145324 -0.733105792 1.04214238 111 111 111
5.68343607 -0.625810017 1.49196847 92 97 112
-3.07780682 -1.47910358 1.14836112 231 231 231
-1.85476665 0.594313083 1.63031468 119 119 120
-0.701105198 0.586677706 1.07489944 96 98 103
-2.1162385 -1.16488063 1.21498883 235 235 235
1.97241992 0.236255758 0.81010564 0 0 0
-1.63371954 0.596522401 1.16263066 17 30 21
-2.1147242 -0.928289966 1.23816148 236 236 236
-2.55288014 0.173481684 0.668159849 98 103 119
4.06817883 -0.455623708 1.12408257 233 233 233
-0.986058209 0.587021283 0.941947638 74 79 87
-2.336647 -0.941019178 1.24366418 0 0 0
-0.565674749 0.588242577 1.13714312 43 48 61
6.30634337 1.6181888 0.782354486 86 91 104
-1.11141077 -1.69537298 0.544087956 231 231 231
-2.64864753 -0.181469068 0.943300851 111 117 134
5.25412724 -0.970255676 1.07976801 126 123 123
-2.81573401 0.479573729 1.02616428 108 113 130
-1.34714138 0.595563807 1.43231533 104 106 106
-1.61021977 0.592435997 1.61010445 117 117 118
5.72560194 -1.4706667 1.48124642 59 62 72
6.18032374 -0.695239258 1.39440069 231 231 231
-1.54245792 0.594719748 1.25773166 40 50 49
-2.34347984 -0.948836707 1.2367089 0 0 0
5.63758698 -1.54070128 0.876814302 0 0 0
-1.64732616 0.597465247 1.16089101 33 35 36
6.04308004 -1.69239626 0.93403534 231 231 231
-2.61273103 -0.114154786 0.911309881 228 228 228
-0.95135701 -0.95900995 0.930291615 0 0 0
-2.25948368 -1.00046185 1.23932556 0 0 0
-2.57088316 0.00469757824 0.80481257 0 0 0
5.26984812 -0.741140133 1.11282731 231 231 231
-1.85860421 0.59602244 1.58056392 77 79 86
-2.85464485 -0.928793269 0.672522988 0 0 0
-1.14102535 -0.948608048 0.627064639 0 0 0
0.0901066137 0.643922999 0.410896187 143 143 143
-0.949399137 -0.892966906 0.821668971 73 77 89
-0.767274071 0.579184525 1.09748626 88 89 94
-3.29280094 -1.26343303 0.931378286 97 102 117
-0.951207522 -1.01096031 0.930032904 197 197 197
0.0664692284 -0.0765814273 -0.0202423081 0 0 0
-2.92865684 0.749965172 1.23555593 2 2 2
5.20553663 -1.11384623 0.773615629 231 231 231
-3.86718012 -1.06903129 0.0489545393 108 106 106
-0.900170932 -0.964746233 0.972540089 0 0 0
5.68432115 -1.33507563 1.34515076 130 130 130
-2.55958442 -0.2251289 0.610188238 104 109 125
-0.94602393 -1.01021302 0.82931385 197 197 197
-2.86541078 -0.944686977 1.16674997 67 67 67
3.41525741 -1.4880749 0.789393747 0 0 0
-0.797225131 0.585996359 1.52763528 94 100 111
-3.07940275 -1.40640402 1.09083205 231 231 231
-2.56464252 -0.203939009 0.975437167 112 118 135
-0.70455478 0.586016235 1.26090046 91 94 99
4.21657057 0.569818188 1.25478871 89 94 108
-0.700997411 0.586666476 1.07487925 96 98 103
-1.28522606 0.586314105 1.11580809 142 142 142
-2.17406875 -0.947155608 1.23907596 0 0 0
2.12297122 0.661405677 1.02260416 27 28 28
-2.31202118 -0.975154651 1.24099466 236 236 236
-1.37966697 0.596331742 1.39547689 36 47 45
-0.537128598 0.587263629 1.30971033 124 124 124
-0.483321103 0.587382165 1.11630236 120 120 121
-2.39666661 -1.11851889 1.23710527 235 235 235
3.9382168 0.322239404 0.862699289 235 235 235
-0.519030541 0.552976834 1.324831 124 124 124
-4.57258391 0.722054223 1.1491441 0 0 0
-0.970765371 0.584886803 0.908863392 66 69 76
-2.1180197 -1.13003125 1.2245995 235 235 235
-0.779582317 0.593470203 1.08025454 122 122 122
-2.17774249 -1.13009706 1.22845995 0 0 0
-0.951018669 -1.01096246 0.929908305 197 197 197
-1.07822222 0.734948725 0.769340654 124 124 124
3.96033397 -0.434887223 1.12926748 0 0 0
-0.957077544 -0.932667738 0.758407333 197 197 197
5.68432115 -1.33507563 1.34515076 130 130 130
-3.26678308 -1.38537718 1.28177051 231 231 231
-0.106544717 -0.142033221 -0.00789054651 90 85 81
-2.76187101 0.21661356 0.918833686 0 0 0
4.03382167 -0.481420292 1.12386563 235 235 235
-0.797170101 0.585943494 1.52765872 94 100 111
5.67506601 -1.31465864 1.30228478 130 130 130
-0.954172649 0.576443518 1.26660768 102 104 107
-0.744010618 0.586456994 1.51002496 75 81 93
4.4501502 0.438890254 0.86081327 59 62 72
-0.550055402 0.587168115 1.28046397 84 86 91
2.91519866 -0.161811461 1.34852076 106 111 128
-3.56091505 -1.76619035 1.28410974 231 231 231
-1.71993554 0.593588914 1.61570744 16 26 46
-1.01448968 -0.870168301 0.624010871 68 72 83
-3.36545792 -1.36102715 1.24521879 231 231 231
-1.50238374 0.595635218 1.27127691 46 53 53
5.87253133 -4.93723714 -1.52232334 0 0 0
-1.34041351 0.600113295 1.415068 2 3 3
-2.08170067 -1.54562272 1.23806621 127 127 127
-0.770289995 0.585893353 0.982768495 112 118 124
4.17269581 0.13698887 0.868603344 234 234 234
0.896452096 0.77221098 0.854467028 9 11 14
-1.34782736 0.595100411 1.28098787 6 19 43
-0.957077544 -0.932667738 0.758407333 197 197 197
-2.89119436 0.810183304 1.08129755 231 231 231
5.66409405 -1.404653 1.31105909 130 130 130
-2.28626372 -1.07637903 1.23239162 234 234 234
4.03382167 -0.481420292 1.12386563 235 235 235
-0.720091591 0.586244741 1.50978032 68 75 88
-1.4728837 -1.66547419 0.487648409 0 0 0
-0.954172649 0.576443518 1.26660768 102 104 107
-0.761682776 0.583784941 1.08680891 124 124 124
3.96058731 -1.43764214 0.87585519 123 125 133
-1.30866157 0.590144547 1.14536346 142 142 142
-1.45286412 -1.71440698 0.470345822 231 231 231
5.81434534 -1.7572509 0.864585432 8 8 8
-2.80253719 0.672270921 0.85546227 111 117 134
-2.27659859 -1.07058236 1.24026677 233 233 233
-0.496190133 0.589438187 1.25915643 100 102 106
-0.916924517 0.585826469 1.61805936 75 79 89
4.0352832 -1.48819533 1.01335932 0 0 0
5.87170092 -1.16347135 0.122925771 85 79 76
-1.95008444 -1.76661778 0.421138929 8 8 8
5.68962963 -0.216921885 1.48982555 0 0 0
3.82909761 -1.0914911 1.71808336 60 64 74
-0.938879342 0.582673602 1.17285693 122 122 122
-2.6258621 -0.130030439 1.16016453 118 124 142
-2.98719744 0.742398406 1.27427381 2 2 2
-2.27749918 -1.07273779 1.23790659 232 232 232
-2.67274741 0.521728115 1.09200361 231 231 231
-1.43001244 0.59538702 1.27662652 29 31 31
-5.15894525 -0.783361992 1.03866241 212 212 212
5.96119244 -0.273248122 1.441701 231 231 231
-1.7423796 0.559704021 1.62258896 124 124 124
5.89386643 -1.22380017 0.148779055 231 231 231
-0.710711577 0.586450891 0.889418861 96 98 103
-1.1045284 -1.06416528 0.694752533 0 0 0
-3.22128228 -1.25825286 1.22646591 98 103 118
5.72410347 0.0622593354 1.45587844 59 62 72
-5.34471248 -0.723155657 1.08739456 128 128 128
5.65080155 -1.25352376 1.20071107 130 130 130
-0.0706847508 -1.86630607 0.333910905 8 8 8
-0.716801166 0.584860205 0.974981814 37 81 53
-2.26745434 -1.03639405 1.22086717 0 0 0
-1.19028633 0.593704959 0.462531464 7 19 43
0.0432372587 -0.00568246805 -0.00792082087 236 236 236
-0.968658402 -0.862997891 0.831310913 87 92 106
-0.737337236 0.586576182 1.26108597 101 103 107
4.52401149 0.618089622 1.47745429 57 57 57
-3.69537076 0.703042213 1.25261186 98 103 118
-0.219960759 -1.65083074 1.22402667 0 0 0
-3.23664154 -1.52832812 1.2945525 231 231 231
-0.95019421 0.585688505 0.890519246 104 106 109
-1.66360443 0.590650586 1.60476584 20 29 48
5.86777968 -1.75628848 0.853328239 8 8 8
-0.24277871 -1.70504645 1.0364016 130 130 130
-3.21323891 0.361818941 0.805257211 61 65 75
-1.44832239 0.595448609 1.47512366 32 37 47
5.14523403 -1.53209514 1.10916048 8 8 8
-5.27200372 -0.834933487 1.01712472 214 214 214
-5.40686441 -0.825036826 0.963978212 182 182 182
-1.00145991 0.586295796 1.26172532 91 94 100
-1.01439599 -0.855368854 0.814388843 59 62 72
-2.34196622 -1.1207903 1.23413802 0 0 0
-1.70712237 0.597163652 1.20617653 16 24 20
-1.00242384 0.589307693 1.09141565 73 76 82
3.87680954 0.515412337 1.03290841 231 231 231
0.00521783144 0.00309410986 -0.00102031182 0 0 0
-1.24526604 0.597782878 1.10291058 0 0 0
4.36077366 -1.63644797 1.29081673 74 78 90
1.995782 -0.93164474 0.641023054 92 97 111
-0.993035636 0.586006739 1.61437542 10 26 56
-3.26495514 -1.60918229 1.01123755 64 67 78
-1.66882705 0.59328714 1.63562317 121 121 121
-3.13077058 -0.117833638 1.31850393 0 0 0
-2.52385669 0.807229353 0.939803593 231 231 231
-1.36076679 0.59552534 1.41384207 17 73 28
-2.34202801 -0.944432916 1.23928524 0 0 0
-0.969522126 0.586131174 1.09416726 76 78 83
-0.754614752 0.585185364 1.07610918 97 99 104
-4.19710123 -0.748915711 1.15041567 209 209 209
-8.48210617 -6.02700174 -2.25795886 8 8 8
-2.17707223 -0.951537631 1.23985088 0 0 0
-2.11022491 -1.64979466 0.961403319 8 8 8
-0.530176214 0.585715026 1.08962186 123 123 123
4.37303502 0.347457761 0.865557329 109 115 131
4.39879054 -1.64893563 1.4732373 89 94 108
-0.955224114 0.586048386 1.35352023 30 37 53
-0.942989033 -1.00621985 0.882553079 197 197 197
-2.92478622 0.759671115 1.00220219 231 231 231
-0.974069835 0.598058386 1.25588595 102 104 108
-3.5494564 -1.35112119 0.650308873 108 106 106
0.609543136 0.710675064 1.60870767 139 139 139
-2.34473336 -1.10379886 1.24493052 0 0 0
-2.14982541 -0.972451323 1.24849042 0 0 0
-2.40532473 -0.939781776 1.23038571 170 170 170
-0.898046509 0.573578644 1.10195464 85 86 91
-2.52102055 -0.112124909 0.652164236 228 228 228
-1.05133284 -1.75593524 0.485100271 231 231 231
-3.32417214 0.261079189 0.984368638 70 73 85
-2.01564833 0.606201913 1.05931155 231 231 231
-2.1748903 -1.11558502 1.23615258 0 0 0
-5.40118664 -0.826002614 0.965065911 182 182 182
-0.475576932 0.57780374 1.0802736 103 104 108
-0.711981276 0.584723722 0.989511814 43 88 56
-3.32168118 -1.3083011 1.12631526 231 231 231
-0.913925209 0.58019648 1.08029612 103 105 108
5.66130332 -1.2764279 1.26509576 0 0 0
-2.65123585 -0.157999589 1.07433549 96 101 116
1.99829728 -0.855486702 0.808368491 59 62 72
-0.971176927 0.58609256 1.61829596 99 100 105
-2.10378161 -1.50072492 1.23938535 127 127 127
0.104117152 -1.37606443 0.847564916 8 8 8
-0.958173712 -1.28341039 0.754247013 80 84 97
5.73263783 -1.25188533 1.48105387 59 62 72
-1.84019582 0.594587437 1.44097322 8 21 44
-2.32993916 -1.10253735 1.25008292 233 233 233
-3.89719177 -1.69784454 0.902722231 231 231 231
0.715082457 0.712558613 1.48015522 139 139 139
-1.8591292 0.596384849 1.46700847 77 80 87
5.3741157 -0.329567816 1.06977567 62 66 76
-1.72979365 0.601509181 1.56714316 80 82 87
-3.43727128 -1.37643036 1.08007693 8 8 8
-1.39992314 0.595158435 1.24943709 236 236 236
-0.959353557 0.584300116 1.26249542 96 99 103
-0.970214236 0.589971886 0.905597412 84 86 90
-1.45502592 -1.69095838 0.473350721 231 231 231
-1.22163071 0.590505547 1.02401439 0 0 0
5.22545567 0.176555932 0.816232954 59 62 72
4.07917887 -1.52432929 0.969277752 164 164 164
-0.741868118 0.588231416 0.951258421 43 48 60
4.87508523 -1.63531938 1.48423302 60 63 74
-0.990675814 0.584114461 1.14614035 98 104 110
-0.999844301 0.583930456 1.32276354 111 117 123
4.71746614 -1.46903152 0.835486671 116 122 140
5.60963757 -1.44125155 1.21652277 130 130 130
-1.63763026 0.595147373 1.14739674 50 52 53
-0.934356293 0.58759745 0.972125085 34 74 52
9.33698578 -3.40549855 -2.43042909 114 120 138
-1.70071226 0.593988692 1.23567442 12 87 36
-3.60095237 -1.31093363 0.637744628 108 106 106
1.61911963 -1.70192499 0.466330617 59 62 72
5.69631993 -1.33335044 1.36889654 0 0 0
-2.50393938 -0.995315616 1.19926357 229 229 229
-2.79494192 -0.860922077 1.26428824 127 127 127
6.11350804 0.528471407 1.88186034 231 231 231
-0.305108471 -1.70228157 1.19287457 104 104 104
3.87268 -1.45831808 0.85297071 113 118 136
-0.744200804 0.585010455 1.51907927 94 101 111
5.84514072 0.243241186 1.34673771 231 231 231
-2.98703066 -0.98756936 1.16574306 67 67 67
-1.29227364 0.595199178 1.060083 143 143 143
4.04682787 -1.47530224 0.976293608 164 164 164
-1.39554921 0.592735995 1.34179665 43 55 54
5.35973868 0.29675852 0.71106557 109 115 132
-3.34155188 -1.24802186 0.825886399 120 126 145
-0.0714248008 0.0504747229 -0.0192028497 235 235 235
-2.4251669 0.765749032 0.911586901 22 68 40
5.14743824 -1.45926129 0.86022522 59 62 72
-0.489543201 -1.72835232 0.838747725 231 231 231
-0.949001288 -1.10406422 0.739317203 197 197 197
4.71898963 -1.74829926 -0.0707429775 85 79 76
5.23924606 0.15753621 0.816363254 107 112 129
2.60157213 -1.13944502 1.26256342 231 231 231
-0.942376948 0.585920673 0.973066708 118 121 119
-2.34101641 -0.944546127 1.23928635 0 0 0
-4.23705597 -1.01738317 -0.0521123541 108 106 106
5.2250496 -1.49082997 0.929746651 231 231 231
-1.2166509 0.579414743 1.17984306 0 0 0
4.00633997 0.157001297 0.866864765 0 0 0
-1.78685312 0.571391653 1.61773201 110 111 112
5.66563484 -1.20634171 1.4969371 231 231 231
-5.42610432 -0.71257408 1.11765389 0 0 0
4.02750653 -1.47194306 0.963573933 165 165 165
-0.738066292 0.586418103 0.889585519 106 107 110
5.67020537 -1.39637396 1.29995837 130 130 130
-2.539176 -0.0133718083 0.738116316 228 228 228
-1.93844566 -1.81242883 0.838999082 231 231 231
0.658209622 -0.806264235 1.47055282 8 8 8
-2.86187148 0.10774529 1.05672511 67 70 81
0.177548038 0.711436048 0.315533034 0 0 0
4.14378124 -1.51714955 1.08688409 0 0 0
-1.01292222 0.586088673 1.51087902 69 76 89
-2.56340008 -0.0344298707 0.797737543 228 228 228
6.10566266 -1.65922799 1.14105375 0 0 0
-3.15651301 0.444956129 1.29927003 0 0 0
5.51565494 0.129662552 0.930993602 59 62 72
-2.2613075 -1.05521013 1.23699084 0 0 0
-0.0884858296 -0.0689575772 -0.00848918216 235 235 235
-3.16466597 0.252497599 0.959171544 99 105 120
5.66959523 -1.3173953 1.37797885 130 130 130
5.75816425 -0.314489681 1.36965829 59 62 72
5.55499262 -1.04472303 0.870851227 59 62 72
0.783092795 0.0939464401 1.13163238 143 143 143
-2.65402413 0.715442748 -0.0175573842 87 81 78
5.45047777 0.114917378 0.978350307 59 62 72
-3.99502207 0.4433931 1.18186878 99 104 120
-3.56731711 -1.35140825 0.641951526 108 106 106
-1.07793317 -1.25588308 0.71987744 231 231 231
-2.23189545 -1.08198801 1.23676964 235 235 235
-5.73851567 -5.15090478 -3.28925243 8 8 8
-1.5312956 0.595731181 1.27568811 59 74 71
5.67676216 0.276154894 0.795194381 231 231 231
-6.43482525 -7.80781565 -6.20511763 8 8 8
-2.17370818 -1.11058365 1.24092746 0 0 0
-1.77674117 0.594518482 1.61775177 19 28 48
5.76684496 -0.665094028 1.35686306 60 63 73
-2.24895145 -0.343324583 1.71346027 235 235 235
-2.22000516 -0.938301907 1.2610326 0 0 0
-2.2613075 -1.05521013 1.23699084 0 0 0
-0.985959124 0.582836559 1.13929738 124 124 124
0.884367596 -0.815516552 1.46022345 8 8 8
-2.84078468 -1.14616771 1.2726328 231 231 231
-1.03276185 -1.31072699 0.616578123 59 62 72
-1.9423507 -1.74396501 0.877520259 231 231 231
-2.23572464 -1.09715869 1.23897346 0 0 0
5.85775997 -1.75112278 0.888120168 8 8 8
-0.876500513 -1.53263141 1.00288344 231 231 231
-1.35309726 -1.87836781 0.791968925 8 8 8
4.0653216 -0.586388613 1.14118593 0 0 0
-0.715752915 0.586548557 1.09288812 70 73 80
-3.27315984 -1.23152582 0.941368245 86 91 105
-0.960141437 -0.90959666 1.01928925 197 197 197
-5.05124176 0.745728795 1.1041463 231 231 231
-2.24434597 -0.999309363 1.23426479 198 198 198
-3.95237199 -1.0285763 -0.00948302818 108 106 106
4.01794638 -1.46692402 0.967715818 164 164 164
-1.21028295 0.601234541 0.46311711 6 19 43
-0.973470129 -1.64361985 0.949176966 112 118 135
-3.49309537 0.890720429 0.541983308 112 118 135
2.36053247 -0.70147708 1.54717118 0 0 0
-1.34406367 0.597522245 1.05429821 143 143 143
-2.19025288 0.244750588 0.625423037 120 126 144
4.68119514 -1.75864564 1.46768493 8 8 8
7.70241647 -3.98175505 -1.5246912 231 231 231
-2.84790746 0.766091754 1.07213259 2 2 2
4.14656943 -1.5363831 1.14920715 164 164 164
-0.726707899 0.586342689 1.26124787 93 96 101
-1.05028214 -1.78050043 0.487765422 231 231 231
-2.22653311 -0.990363564 1.2277146 236 236 236
-1.30847306 0.589561421 1.08762235 0 0 0
6.14726438 -0.780307677 1.40135474 231 231 231
-3.21752281 0.61099396 1.30409211 99 105 120
-3.89109397 -1.05399467 0.00959881885 108 106 106
-1.6579445 0.590450422 1.57584818 72 75 82
4.67238307 -1.62708909 1.2990713 93 98 113
-2.12386301 -1.04391745 1.25237854 0 0 0
2.6823082 -0.938234031 1.01437218 130 130 130
-2.1187277 -1.1212861 1.23111652 235 235 235
-2.30344355 -0.944993014 1.22315784 221 221 221
-0.442883237 0.586067169 1.5250267 44 54 73
-2.17563599 -0.953121759 1.2358635 0 0 0
-0.980039839 -1.6844497 0.923800437 231 231 231
-2.17563599 -0.953121759 1.2358635 0 0 0
-5.09451199 -0.313066844 0.00818706991 105 103 103
2.36849079 -1.80655055 -0.0202383507 231 231 231
-1.04402391 -1.23649361 0.53117037 61 64 75
5.66952815 -1.36160442 1.30807123 130 130 130
-1.04456616 -1.29414776 0.535739518 59 62 72
-1.20517072 -1.34446538 0.689678393 231 231 231
-0.84698072 -1.7013416 0.919783958 8 8 8
-5.39752667 -0.846618154 1.14669124 190 190 190
-2.08320286 -0.894247235 1.23064075 67 67 67
5.65643909 -1.40154473 1.31239637 130 130 130
-0.869128707 -1.60078677 0.996520154 8 8 8
5.76206403 -1.29633104 1.36999993 0 0 0
-0.496004781 0.589911442 1.14312958 124 124 124
-0.95056695 -0.95329909 0.84460596 197 197 197
-2.33915308 -1.11820723 1.23218384 0 0 0
-3.06587147 -0.938456008 1.17820048 67 67 67
-0.95056695 -0.95329909 0.84460596 197 197 197
-2.41136732 -1.20879427 1.18676775 235 235 235
-2.92437953 -0.923548786 1.19909126 67 67 67
-0.996646392 0.588560572 0.952893959 84 89 97
-5.97950507 -0.653781133 1.06183023 231 231 231
5.69508711 -1.33655185 1.36100915 130 130 130
-2.59065137 0.0622802446 0.859690376 0 0 0
-3.17233016 0.331274374 1.28286043 231 231 231
-0.800777039 -1.60460165 0.992681539 8 8 8
5.85422126 -1.76001811 0.619487826 3 3 3
-2.28297926 -1.06626323 1.23669938 0 0 0
-1.63051008 0.593931737 1.2002554 57 65 66
-0.835267519 0.585612167 1.61363913 15 32 63
-1.09968803 -1.27039136 0.489542836 82 86 99
-2.87398101 0.754547926 1.0061221 231 231 231
-2.40745794 -1.1529815 1.21964589 235 235 235
-2.11499026 -1.11892698 1.23877777 235 235 235
1.00793303 -1.65215301 1.50611317 121 121 121
-1.34007467 0.589732877 1.45557165 0 0 0
4.2957739 -1.56380121 1.05324507 231 231 231
-1.00599745 0.583211041 1.26364407 105 107 110
2.00220263 -0.0348965952 1.01334209 0 0 0
-1.36582899 0.573976729 1.16146898 142 142 142
-0.974098358 -1.62660254 0.954657535 112 118 135
-0.998183602 -1.61949856 0.960651134 111 117 134
-1.83923593 0.59533233 1.41338831 67 71 80
5.23261249 -1.13380017 0.830826508 107 113 130
-1.37450735 0.587336293 1.18654916 0 0 0
5.72668153 -0.205815005 1.44726178 86 90 104
-3.08807393 0.349424551 0.85521521 61 65 75
0.612536065 -0.994221173 1.4409912 0 0 0
-0.965104933 0.582482583 1.26361263 98 100 105
1.04782356 -3.74632502 -0.522048336 0 0 0
-0.104072959 -0.77987992 1.50107402 8 8 8
1.98315461 -1.75857739 0.866105833 0 0 0
-2.70001585 0.773384129 0.905324557 25 78 38
-0.943731926 -0.999028048 0.916528907 0 0 0
-2.28272355 -1.06621208 1.23854078 236 236 236
-3.16696134 0.246891826 1.06402124 68 72 83
5.84910355 -1.75389652 0.858688314 231 231 231
5.57062443 -1.1344013 0.857828736 231 231 231
-0.891297863 -0.88271068 0.904857795 89 94 108
-0.519027293 -1.65376318 0.9506966 8 8 8
-0.993907849 -1.67813697 0.944999335 231 231 231
-0.978949293 0.586443444 1.15991649 109 115 121
-1.95175186 -1.74216834 0.43982996 8 8 8
-0.955691482 -1.27377679 0.944639453 231 231 231
5.21994061 0.167978685 0.833860793 59 62 72
-1.84019582 0.594587437 1.44097322 8 21 44
5.27828839 -0.393241906 1.14996285 0 0 0
-3.88814774 -1.7088265 0.90806024 8 8 8
-0.983287927 -1.38402419 0.985286424 231 231 231
-3.88814774 -1.7088265 0.90806024 8 8 8
2.06515743 -1.27384263 0.925107294 104 110 126
-2.37548207 -1.78198938 0.403925467 8 8 8
4.66831184 -1.70216534 1.46394134 0 0 0
-5.31133029 -0.780131356 1.17826982 231 231 231
-3.81977252 -1.97176026 1.19812476 0 0 0
-1.42583721 0.598054047 1.36854376 33 42 42
-0.977612671 -1.35756421 1.01906926 108 113 129
3.97943995 0.306434345 0.870106188 0 0 0
-0.844183589 0.586180963 1.63455663 76 80 90
-1.67817307 0.595847823 1.11798711 4 6 9
-2.23194722 -1.06045198 1.24445996 232 232 232
1.96539942 -1.56055784 0.799732955 130 130 130
6.21041363 -1.17269827 1.39350006 231 231 231
-2.75299728 0.225393843 0.900390668 0 0 0
-5.31065059 -0.694779548 1.01030811 215 215 215
-2.5746188 -0.0629875171 0.824958818 228 228 228
-3.25453914 -1.37219751 1.28658071 231 231 231
-3.26708962 -0.238320069 0.795156175 74 78 90
-0.936290602 -1.37022422 0.973936474 59 62 72
-1.86874967 0.595678709 1.60948563 119 119 120
-3.05441193 -1.42854626 1.14381407 231 231 231
-2.17092172 -0.952483677 1.23299138 0 0 0
4.7524562 -1.57944523 1.07783424 231 231 231
-3.16658698 0.207610267 1.06033464 108 106 106
-0.774555527 0.588438254 1.08301779 124 124 124
6.00606309 -1.51576898 1.4181613 0 0 0
-5.45670075 -0.921715238 0.960309961 231 231 231
-2.08560002 -1.63112667 1.20016182 126 126 126
-2.173818 -1.11515265 1.23555803 0 0 0
4.72648665 -1.55219589 1.0754975 231 231 231
-1.02242109 -1.78379037 0.861592619 8 8 8
-4.99839104 0.692067707 0.96525049 0 0 0
-1.94170601 -1.72768316 0.90831862 231 231 231
-1.14203527 -1.01442364 0.701495293 0 0 0
-2.85023373 0.767672943 1.01536104 2 2 2
-1.94170601 -1.72768316 0.90831862 231 231 231
1.92428926 -1.5277283 0.728174874 130 130 130
-2.33686489 -1.10333103 1.24280259 0 0 0
1.98029273 -1.57246064 0.947044523 59 62 72
-0.583434855 -1.47201457 1.2031729 130 130 130
4.15716296 -1.46170203 0.883936434 163 163 163
-1.02655353 0.58420402 1.18057181 124 124 124
-0.077777804 -0.0801211892 -0.00137581662 0 0 0
-2.07989003 -0.910100794 1.22124142 54 54 54
-0.0634501298 -0.0784124522 -0.00945468296 0 0 0
0.173222854 0.764499515 0.926245425 11 21 13
-2.87543743 -0.921595107 1.20968967 67 67 67
4.60394501 -0.993489881 1.69919546 0 0 0
-3.24186597 -1.55086091 1.3065689 231 231 231
-1.09579542 -1.26489835 0.516185145 87 81 77
0.963713647 0.739439337 -0.0196215021 231 231 231
-0.955786377 -0.934132203 0.949862063 0 0 0
-3.35948521 -1.29559517 1.08510355 231 231 231
0.0872342605 0.64621337 0.405884051 143 143 143
-0.957472067 -1.30606803 0.919939034 98 103 118
-2.33422161 -0.960436234 1.23738114 0 0 0
-2.49555897 -0.117419829 0.658855588 171 171 171
5.67400395 -1.37519009 1.36524291 130 130 130
0.028542959 0.692219067 0.375621871 143 143 143
-2.08036603 -0.91593476 1.23160001 130 130 130
1.71799808 -1.77476304 0.164225995 122 122 122
-2.73509629 0.571907062 1.06411767 10 10 10
5.69004467 -1.32169339 1.39148766 130 130 130
0.102239065 -0.144788293 -0.00474625942 236 236 236
5.87366334 0.208537887 1.33305758 0 0 0
-1.67598561 0.597306533 1.22951629 9 10 11
-1.18667722 0.590856305 1.25811804 6 19 43
5.73563466 -0.213220097 1.40332331 88 93 107
-1.94907369 -1.70780813 0.467365901 8 8 8
-0.876113134 -1.84216424 0.824770011 8 8 8
-1.02058248 -1.22571638 0.621991127 85 89 103
-2.79494192 -0.860922077 1.26428824 127 127 127
2.03054411 0.339124167 1.09316891 130 130 130
-2.08722942 -1.63980274 1.19673388 123 123 123
6.14333899 0.534083809 1.88315982 231 231 231
-2.6791807 0.284373663 1.06673659 98 103 118
-0.949833187 -1.62551148 0.961008366 184 184 184
-2.18034592 -1.1103265 1.23345129 0 0 0
3.98252481 -1.52049423 1.08663957 0 0 0
-0.96384957 -1.3123068 0.835255002 87 92 106
7.81135449 -1.96635743 0.693508281 130 130 130
-3.24562367 -1.24892915 1.14539065 59 62 72
-2.22298609 -1.01100051 1.24424174 11 11 11
-1.74024582 0.59074334 1.63057782 104 105 107
-2.10848505 -0.941311371 1.2293507 129 129 129
7.81135449 -1.96635743 0.693508281 130 130 130
-3.23377189 -1.24305048 1.14379065 59 62 72
5.6869257 -1.43643731 1.42479981 0 0 0
-5.37722183 0.743582845 0.851354884 0 0 0
-0.946090739 -1.09868923 0.745873746 197 197 197
5.78502948 -0.204408741 1.3883624 231 231 231
-2.61178146 -0.876472116 0.334407717 0 0 0
-1.38830039 0.595240731 1.37692881 56 71 68
-3.37042 -1.33233328 1.10143131 8 8 8
6.0063127 -0.383460652 1.45123546 231 231 231
5.99464505 -0.298889094 1.4273409 59 62 72
7.84421451 -1.9756116 0.681881229 130 130 130
-2.75495908 0.19107738 0.953146799 0 0 0
-3.25666838 -1.17781844 0.799627371 0 0 0
-1.65991494 0.596872421 1.2342443 25 31 31
5.8687522 -1.49273563 1.50592045 0 0 0
-1.03158735 0.587415601 1.07517736 89 91 98
-1.06113855 -0.881654352 0.48581805 94 99 114
-3.32171829 -1.18402924 0.809592304 61 64 75
-2.7260384 0.774139613 0.922414763 30 74 43
-3.09398261 0.765615498 1.01216455 6 6 6
-3.31611831 -1.1817585 0.810025311 61 64 75
-2.88744866 -0.931323688 1.21893473 118 118 118
-1.64120174 0.596109305 1.60381914 21 29 49
-2.22625053 -1.06392146 1.24463314 233 233 233
-3.11555526 0.254774699 1.15164159 90 95 109
-1.79179503 0.593734174 1.57391431 69 71 79
-2.6652385 -0.137245594 1.06915932 114 120 137
-3.53801288 -1.23787713 0.694346647 108 106 106
-3.12761615 0.25371622 0.987513198 69 73 85
-1.84601923 0.596149432 1.57336628 60 64 72
-1.00308025 -1.66343396 0.666158927 69 73 84
4.7064167 -1.46442979 0.847655787 116 122 140
-4.12564342 -0.808922494 1.0198174 117 114 114
-2.84731027 0.782225744 1.11305364 231 231 231
-1.73590472 0.592154674 1.62051576 121 121 122
-3.09556632 -1.12240924 1.15162699 59 62 72
-1.00204047 0.583421798 1.10149197 123 123 123
-0.999904736 -0.827840825 0.619149412 59 62 72
-4.86003259 0.713849112 1.14068694 231 231 231
-2.64459699 0.126444545 1.07304325 115 121 138
-1.6472619 0.594791957 1.36083411 25 30 42
-1.37733403 0.581467446 1.08594606 142 142 142
-2.26326187 -1.01157795 1.23608476 0 0 0
-5.23209201 -0.696872372 1.07013811 219 219 219
5.69327524 -1.33723853 1.37471308 0 0 0
-0.965529389 0.586553594 1.33453776 22 32 52
-1.37942083 0.597887307 1.30722736 67 65 61
-2.40478848 -1.13356431 1.23267503 233 233 233
-1.66855656 0.594585497 1.61522055 37 43 57
5.86745525 -1.13841683 0.164705194 231 231 231
-1.63371954 0.596522401 1.16263066 18 30 21
-1.54757171 0.594662489 1.26627396 16 18 19
-2.22566788 -1.05840293 1.24719587 233 233 233
-1.568519 0.595839834 1.2428425 45 56 54
5.70751263 -1.27981933 1.41585141 0 0 0
-1.50535662 0.598026818 1.32313011 27 36 34
-1.18155282 -1.05552385 0.759862633 197 197 197
-2.78164242 0.787851425 0.857331419 9 9 9
5.69428392 -1.4512138 1.48298558 130 130 130
-1.48144476 0.592557195 1.33609651 28 36 35
-2.17351502 -1.11598159 1.23699396 0 0 0
-1.79038333 0.596197413 1.15746103 3 73 23
-2.25534548 -1.05280887 1.24015496 0 0 0
-1.43164244 0.600537329 1.32568683 17 22 22
-2.23138662 -1.05903469 1.24351734 224 224 224
-1.63901624 0.586502152 1.62221712 20 29 49
5.72699377 -1.24402368 1.47490527 59 62 72
-1.42626679 0.594749753 1.36850419 27 36 35
-2.26251823 -1.07929418 1.23699625 224 224 224
-3.04278486 0.757725228 1.26952902 2 2 2
5.12848368 -1.45862894 0.938767603 62 65 75
5.37827445 0.402256715 0.85043626 109 115 132
-0.894419372 0.586742517 1.0753597 92 95 100
-0.755917677 0.58301213 0.976150991 112 118 124
-3.1644105 0.20831627 1.06029828 108 106 106
5.26264538 -0.804374882 1.13508449 59 62 72
-0.952397987 0.586190301 1.51050499 72 79 91
4.41777673 -1.41578169 0.858139285 108 114 130
4.12892593 0.157753899 0.865161173 0 0 0
-0.933151634 0.58500178 1.09571822 81 82 88
-0.941456856 -0.998234072 0.917817038 0 0 0
-0.995489512 0.588791936 1.32564466 112 118 124
5.25529393 -0.783832414 1.12933453 231 231 231
-0.587449455 0.587262957 1.14019132 124 124 124
3.15984394 -0.919868965 1.01706698 116 122 140
4.22908749 0.0490329684 0.826878518 114 120 138
-1.03802598 0.591726738 1.1167655 124 124 124
3.92653084 0.0550071759 0.831215472 114 120 137
5.6776558 -1.31349409 1.32452127 110 110 110
-1.60976971 0.596384831 1.59796274 6 19 43
-1.03792648 0.591509998 1.1165945 124 124 124
3.99262271 0.263382636 0.886279745 0 0 0
-0.953184767 -0.92880932 0.955113444 0 0 0
-2.54006801 0.656215715 0.656648343 5 5 5
-2.86793668 0.761134005 1.26796673 2 2 2
5.85515419 -1.21600592 0.17803174 231 231 231
-2.89310688 0.773790558 1.01791849 2 2 2
5.37948423 -1.44071078 1.02565358 59 62 72
6.26006774 -0.338709147 1.47182361 0 0 0
5.64029301 -1.42826214 1.2697223 0 0 0
-1.72734695 0.594263305 1.57950661 73 76 82
5.15199208 -1.45023552 0.878281631 109 115 132
-2.55317748 -0.201088868 0.641022857 85 80 76
6.07859712 -1.54027012 1.46392533 0 0 0
-1.25825218 0.586019005 1.12930022 0 0 0
-2.67182326 0.307066098 1.06489095 109 115 132
5.15026083 -1.45444214 0.896132131 107 113 130
-5.90014563 0.257663731 0.979788809 0 0 0
-1.21069589 0.602317906 0.457795372 6 19 43
4.12892593 0.157753899 0.865161173 0 0 0
-2.83128681 0.749162225 0.961190629 231 231 231
-0.54793025 0.585985706 1.15020848 124 124 124
4.1323292 -1.43296057 0.858826916 110 115 132
-0.555616719 0.586305891 1.16381268 44 51 66
4.32772047 -1.48869492 0.850096873 109 115 132
4.11002523 0.177567575 0.867020991 234 234 234
-5.38943063 -0.917722175 1.10885663 0 0 0
5.86929343 -0.278686477 1.33795715 231 231 231
-0.949612557 0.571066401 1.12670345 124 124 124
3.35323399 0.149622134 0.829958256 115 121 138
3.86232422 -1.57419262 1.008109 8 8 8
6.23341233 -0.690502546 1.38544131 231 231 231
-1.22434422 0.59035593 1.0666815 0 0 0
-1.31542247 0.589819472 1.10976562 143 143 143
-2.98552244 0.599245768 1.0044417 231 231 231
5.85996309 -1.15384638 0.138822154 85 79 76
-0.936186715 0.58597399 1.3366751 109 115 122
-2.56953008 0.647956889 0.615346823 102 107 123
-0.523005972 0.586581115 1.14090373 124 124 124
3.96441482 -1.46120313 0.884063343 59 62 72
5.44988632 -1.13869079 0.963577608 231 231 231
-0.948354749 -1.00036185 0.846213454 0 0 0
-2.65462388 -0.19453498 0.954446481 113 119 136
5.66648652 -1.69640325 0.930177899 8 8 8
-0.522973808 0.586528241 1.14095041 124 124 124
4.16702533 0.312247686 0.84972993 0 0 0
-1.07006843 -1.69925112 0.508794541 231 231 231
-2.23070377 -0.233420334 0.628383244 118 124 142
4.15169089 -1.45183085 0.915056791 163 163 163
-2.45545621 0.636474799 0.659982932 103 109 125
5.83140369 -1.73826968 0.614159274 8 8 8
6.05313464 -1.49589479 1.4335327 0 0 0
-1.63933855 0.594150727 1.60943621 111 111 113
5.83362219 -1.7385498 1.57555307 8 8 8
5.83362219 -1.7385498 1.57555307 8 8 8
-2.99688639 0.782388707 0.926552878 231 231 231
-0.977981527 -1.63048595 0.952100211 109 114 131
-0.104072959 -0.77987992 1.50107402 0 0 0
-1.81641407 0.594511581 1.41246531 73 76 84
5.90047074 -1.77363903 0.826383593 8 8 8
-3.2379833 0.247968224 1.01255758 67 71 82
5.91676953 -0.254921916 1.36762972 231 231 231
-1.67742472 0.590735953 1.59009799 72 74 81
-1.66855656 0.594585497 1.61522055 37 43 57
6.08371044 -0.275231581 1.4077743 59 62 72
-1.64256934 0.52154293 1.23297197 6 8 7
-0.00116234779 0.715228486 0.30346146 143 143 143
-0.719630732 0.583615984 0.982985572 12 90 38
5.60213299 -1.13863176 0.84347134 231 231 231
-0.9501355 -0.994835117 0.814906358 0 0 0
-3.06893767 -1.04105328 1.15957623 118 118 118
5.6567346 -0.171269528 1.4815824 59 62 72
5.69004467 -1.32169339 1.39148766 130 130 130
-1.03413769 -0.873247533 0.713625047 72 76 87
0.0593502028 0.720639779 0.382065509 0 0 0
-2.60617098 -0.0855094487 0.895114778 228 228 228
4.16851728 -1.43882819 0.903636045 59 62 72
-3.07347139 0.764975893 1.26979261 2 2 2
-1.07333986 -0.854807249 0.486312512 92 97 112
5.52599027 -1.08150503 0.917119015 59 62 72
-3.11293576 -0.18690438 1.24228245 102 107 123
5.8179403 -1.7472581 0.876268276 8 8 8
-0.946440599 -0.967671779 0.862423187 0 0 0
4.01040709 -1.48461982 1.00945571 165 165 165
-5.98753257 -0.612018789 1.03551985 0 0 0
-3.23111738 -1.26925507 1.30684312 80 84 97
5.67749667 -1.7463279 0.63822065 3 3 3
-0.546790469 0.586261765 1.16790076 123 123 124
-0.00391363914 -1.7645616 0.384042943 231 231 231
-1.60238735 0.593219292 1.25277309 13 15 17
5.62374965 -0.65042934 1.04780251 59 62 72
-5.36085762 -0.772766235 1.1125281 0 0 0
-1.09564417 -0.812156292 0.489800798 61 64 74
5.74832183 -1.12870823 1.44481166 231 231 231
5.81095822 -1.74152744 0.612946618 231 231 231
-2.22294783 -0.977779281 1.24734563 223 223 223
-0.0204028759 0.00521732544 0.00351356763 235 235 235
-1.79775243 0.594791566 1.58425204 71 74 81
5.67362732 -1.30674899 1.29038284 130 130 130
-0.697418135 -1.43740143 0.781083218 8 8 8
-1.74640464 0.595648245 1.57364173 73 75 81
-0.965110565 -1.34631498 0.918888409 59 62 72
-1.7765159 0.595754043 1.14828817 10 55 21
-1.3610831 0.595499101 1.49036597 19 20 22
-1.29534845 0.667101187 0.957841313 0 0 0
-0.00540493767 -0.15987754 0.0859437335 0 0 0
-0.98519777 -1.21145893 0.731304201 65 68 79
-0.94425255 -1.12071539 0.957956467 231 231 231
2.10859817 -1.70331881 0.241213526 0 0 0
-1.03961492 -1.27807959 0.598472496 59 62 72
-2.17676979 -0.977673014 1.22394008 0 0 0
-0.940232343 -1.10002101 0.747034327 197 197 197
-2.42305358 0.658717687 0.635469617 112 118 135
-1.01111133 -1.29710032 0.922639657 231 231 231
-0.238181405 -1.7242151 0.464909036 8 8 8
-1.11042637 -1.34771846 0.60816227 75 79 91
-0.24215486 -1.81877675 0.838856813 231 231 231
5.74755106 -0.378251129 1.47583015 59 62 72
-1.3677914 0.594739185 1.35431628 58 66 66
4.78141489 -1.45707196 0.916595355 39 41 48
-0.991274225 0.585274925 1.26317623 98 100 105
-1.07291784 -1.55817396 1.02751652 4 4 4
-0.780699334 0.586062719 1.07677927 94 97 102
-0.959070015 -0.864851397 0.887933807 88 92 106
-2.34102407 -0.945184997 1.23914389 0 0 0
-0.294526678 -1.68070395 0.935720426 8 8 8
4.80500536 -1.63267989 1.29180509 74 78 91
-1.02326866 -1.66340424 0.637689032 95 100 115
-1.39651528 0.602554426 1.23542301 142 142 142
-2.28921418 -1.03641573 1.23949333 236 236 236
-0.731436501 0.580682395 1.16348941 112 118 124
5.24428101 -1.46342754 0.80028932 86 91 104
6.27518966 -1.75823987 0.829305826 59 63 73
-4.76793451 0.736045564 1.10063872 116 122 139
-1.08253005 -1.29430677 0.521090273 120 126 145
6.29494997 -0.661658129 1.46977098 0 0 0
-0.987577635 0.583031262 1.35469674 9 22 44
6.30477903 -0.660449106 1.46826452 0 0 0
-2.56613601 0.250037124 0.636148588 0 0 0
4.79822343 -1.10378041 0.830054802 59 62 72
-3.16807696 0.247733265 1.07957619 61 64 74
4.70624167 -1.46479467 0.848378499 116 122 140
-0.984694376 0.583918696 1.33902745 12 24 46
-0.747068967 0.585471832 0.889902408 105 106 109
4.41544709 -1.63753205 1.49037487 104 110 126
-1.78223463 0.596043204 1.15287994 3 62 19
4.67973927 -1.74999589 1.45688656 231 231 231
-1.37651022 0.596861782 1.34332363 13 16 17
-1.18155282 -1.05552385 0.759862633 197 197 197
5.70751263 -1.27981933 1.41585141 0 0 0
-1.714873 0.59289299 1.22002802 58 60 62
-0.992261672 0.584820399 1.16985115 123 123 123
5.936616 -1.49341864 1.46935579 0 0 0
-2.89630458 0.757754452 0.928958872 9 10 10
-1.38867552 0.588448269 1.02325287 142 142 142
5.88694184 -1.46584215 1.47514951 231 231 231
-5.31409803 -0.81867435 0.965945356 231 231 231
-3.42014252 -0.244713407 0.826401439 60 63 73
4.65389962 -1.10655376 0.818829093 59 62 72
-1.31309089 0.595126193 1.35927123 47 71 57
4.41273464 -1.63444031 0.980579614 0 0 0
-5.29449365 -0.745853586 1.08039483 220 220 220
0.809230111 0.769522868 0.90571489 9 11 14
-0.952329529 -1.02135463 0.835404235 197 197 197
4.39044949 -1.66892936 1.4548027 61 64 74
-0.950599033 -0.984915373 0.859218688 197 197 197
4.21402268 -1.62555316 1.30192551 94 99 113
-0.941407296 -1.08420549 0.803578628 0 0 0
-2.31135226 -0.982167229 1.23688483 235 235 235
0.67797978 0.702393747 1.55916264 139 139 139
-0.892950904 0.584700943 1.07723415 94 96 102
5.29275526 -0.714008997 1.11326121 59 62 72
-1.26368323 0.588631576 1.12928877 0 0 0
5.66233931 -1.45168054 1.20351867 130 130 130
4.66531913 -1.74791027 1.46285073 8 8 8
-0.944745099 -1.0269335 0.932324425 197 197 197
4.68119514 -1.75864564 1.46768493 8 8 8
-0.748214933 0.586786816 1.08422498 124 124 124
-0.918798494 0.585023651 0.8910909 97 99 104
-0.836303538 -1.5649091 1.00624156 8 8 8
-4.00365148 0.714398994 1.15706385 0 0 0
-2.60502665 0.259381229 0.617088321 0 0 0
5.69508711 -1.33655185 1.36100915 130 130 130
-0.949588171 0.586372149 0.890173165 98 100 105
-0.0754745467 -1.72714071 1.11714562 0 0 0
-0.728641325 0.586174822 1.31497631 72 80 88
4.15580124 -1.46061197 0.926342078 0 0 0
-0.774389695 0.579722527 0.895503801 99 101 105
5.68704559 -1.30427855 1.24096495 130 130 130
-0.537671122 0.586471982 1.16569308 14 25 46
0.861626308 -1.62567109 1.2751381 101 103 103
-1.2393659 0.579337311 1.15312926 143 143 143
5.20969932 -1.17307868 0.842718779 107 112 129
-5.83927726 -0.675797468 1.02641626 231 231 231
-0.971217549 0.586596723 0.914901002 123 123 123
5.84550953 -1.14246126 0.159365647 85 79 76
-0.954330255 0.587608781 0.906373615 66 68 77
0.98736061 -1.62960309 1.42128387 94 97 104
3.88453434 -1.66837775 1.3666097 59 62 72
-4.90832911 -0.411467662 1.15206078 231 231 231
-0.734104922 0.583376539 1.07721447 102 104 107
3.98703783 -1.51874506 1.08360879 0 0 0
-0.959329259 0.588571833 0.966986898 17 91 40
-0.861628255 -1.59817998 0.976489669 100 105 120
4.08923021 -1.46818771 0.961136585 165 165 165
-1.59710554 0.595998561 1.30314847 4 4 4
-1.19596167 1.32167557 0.667227932 18 28 48
-0.243564232 -1.69980434 1.02112053 0 0 0
3.99536786 -1.67439693 1.47585027 104 110 126
-0.964080211 0.587516119 1.09398152 123 124 124
-1.47053244 0.596784003 1.35135069 23 47 28
4.15640288 -1.54237392 1.14494514 165 165 165
-0.895739728 0.580337227 1.07983006 100 102 106
-0.174488459 -1.71096281 1.09773363 130 130 130
-0.72567575 0.586220996 0.953115767 12 90 38
5.71975775 -0.861387481 1.48408325 59 62 72
-1.24271441 0.589020567 1.13575913 143 143 143
-0.978295538 -0.828364606 0.595751109 59 62 72
5.16145411 -1.63312533 1.29248167 231 231 231
-0.98270838 0.585877548 1.07656535 102 104 107
-0.174488459 -1.71096281 1.09773363 130 130 130
-0.748932493 0.586733922 0.966090086 124 124 124
-2.30126272 -1.00551359 1.22929591 0 0 0
-2.4829758 0.772806107 0.909129627 37 85 46
-0.690425288 0.585628939 0.88910618 103 105 108
6.24674931 -0.350121587 1.46569826 0 0 0
-0.98270838 0.585877548 1.07656535 102 104 107
-0.981242002 0.585424551 1.10047907 122 122 122
1.11777673 -1.66086697 1.48534492 97 98 100
4.35259872 -1.52436072 0.84146914 111 117 134
-2.81620351 0.282023485 0.934510543 61 65 75
-0.716926891 0.585809191 0.98175432 113 119 114
4.15212182 -1.28569291 1.11638817 0 0 0
-1.26219065 0.590775022 1.07830056 0 0 0
5.20012806 -1.19967768 0.828979622 68 72 83
-2.68420599 0.249503063 1.02391808 61 65 75
-0.982901008 0.584059389 1.26316004 93 96 101
-0.977527465 0.586348851 1.28562844 122 122 122
-0.0686323494 -1.34282757 1.14938007 8 8 8
-3.4518829 0.668695397 1.30959433 231 231 231
4.08494476 -1.47253227 0.978694192 165 165 165
-0.938664684 0.587844512 1.35216165 0 0 0
0.815900786 -1.61680195 1.4394282 23 35 58
-2.56414234 -0.00346676111 0.798139572 0 0 0
-1.4566982 0.594803227 1.32962338 33 38 38
4.08636577 -1.48330933 1.00901676 0 0 0
-0.998278437 -0.853210106 0.722055307 78 82 95
-2.60004424 -0.0480633314 0.80026905 0 0 0
-0.979984332 0.560388791 1.34229101 17 27 47
-0.944776737 0.581242662 0.89505082 100 102 106
4.09590029 -1.49030442 0.999086969 0 0 0
-0.94476046 -1.0841862 0.961228619 0 0 0
2.6485158 -1.05557345 0.975467602 0 0 0
-1.75537037 0.595250593 1.1180171 59 61 63
-0.94864114 -1.08254708 0.803793596 0 0 0
2.6485158 -1.05557345 0.975467602 0 0 0
-1.72396622 0.593105091 1.14239776 8 9 10
-0.321065064 0.70988874 -0.00847517068 52 48 46
-0.937397725 0.586029003 1.5105963 68 75 89
0.0985839073 0.135856286 0.000738648163 236 236 236
-1.73704453 0.596482749 1.12212918 54 67 58
-0.965667999 0.588153868 0.993178704 96 96 96
-2.55341141 0.245884468 0.674125269 75 78 90
-2.30248884 -1.04478163 1.23776702 236 236 236
0.00888335982 0.720789813 0.302834138 0 0 0
-1.84100208 0.594739001 1.46486638 68 72 81
-2.40915324 -1.1047704 1.25279659 236 236 236
-2.94353602 0.276677977 0.885914431 94 99 114
-1.23084748 0.590911374 1.03519344 0 0 0
-0.963804644 -1.21904093 0.822463109 75 79 91
-0.91573411 0.585990753 1.63526022 21 36 62
-0.718720139 0.58185179 0.983726813 12 90 38
-1.65861063 -1.18020318 0.543678369 197 197 197
-0.955893811 0.575925012 1.17440341 67 69 77
-3.20073269 -0.0958586559 1.35306294 84 83 83
-0.701416301 0.583836166 1.08608798 124 124 124
1.9512189 -0.0833242394 0.889863173 0 0 0
-0.995023165 0.585851212 1.62343416 13 28 56
-5.37181898 -0.836037652 1.16873232 231 231 231
5.24761313 -0.796420977 1.1274573 59 62 72
-2.57862395 -0.0535444681 0.831911923 228 228 228
-0.968066758 0.587856138 0.94672184 124 124 124
-2.51303392 -0.0844311737 0.675792788 228 228 228
-2.57907826 -0.053565551 0.831377209 228 228 228
-2.53881706 -0.0625926193 0.744670346 0 0 0
-5.79960994 0.154184715 1.07727797 0 0 0
-1.41451911 0.593168063 1.31009864 83 86 88
4.62057889 -1.6955433 1.4595148 59 63 73
-5.79960994 0.154184715 1.07727797 0 0 0
-0.937989868 0.580269159 1.18126083 12 90 38
-3.65533866 -1.23697609 0.82529537 106 111 128
-0.943280739 -1.11925696 0.954701376 231 231 231
-0.713784996 0.585570846 1.35502001 124 124 124
-2.58909029 -0.098940214 0.857618723 0 0 0
-2.22417015 0.226891106 0.575605467 93 97 112
-0.939906862 -1.12037779 0.977085752 231 231 231
-0.72066648 0.585949799 1.34718995 82 86 91
-1.44980482 0.594979735 1.2195434 6 19 42
-2.58896564 -0.0989671829 0.857745492 0 0 0
-2.24288156 0.223354435 0.521357564 0 0 0
-2.8873897 0.146425995 0.961350685 97 102 117
-0.985621897 0.587475118 1.1778084 75 104 82
-2.57678712 0.211623417 0.649175008 0 0 0
-2.26995138 -1.03254946 1.23583351 0 0 0
-3.17052329 0.0981007763 1.33902876 116 122 140
-2.67576617 0.166258694 1.03260203 97 102 117
-0.963147838 0.584753346 1.35825532 12 90 38
-0.790335178 0.57789776 1.07833634 124 124 124
-5.91755631 0.298110127 0.961460933 0 0 0
-1.74571672 0.59861762 1.09309668 1 2 6
-5.35659084 -0.968663841 1.18930401 151 151 151
-1.66758066 0.592654313 1.16277564 8 9 10
1.27569635 -1.81641792 0.835830883 8 8 8
-1.83828107 0.594299398 1.5162403 72 76 84
-1.34946143 0.59028988 1.11568038 0 0 0
-2.56167046 -0.0251411247 0.789404267 228 228 228
-1.68591128 0.59209567 1.17653389 18 19 21
-0.985208216 0.585448295 1.27958504 65 68 76
-3.24099543 0.234861189 0.838864597 121 127 145
-0.955359125 -0.912148622 0.742016703 197 197 197
-2.84617312 0.648670633 0.984132181 94 99 114
-3.18643796 0.1591242 1.26518248 75 79 91
-3.17641466 0.296295808 0.789511711 3 3 3
-1.5156589 0.601155959 1.30647536 11 13 14
-3.18387238 0.15857787 1.26735879 75 79 91
-2.65778045 0.773859666 0.901133029 124 124 124
-0.0235914549 0.752063844 0.225672598 143 143 143
-1.10227963 -0.825759997 0.540919962 117 123 141
-5.36380563 -0.772671108 1.11537582 0 0 0
6.13064353 -0.635035886 1.45261648 0 0 0
-2.91415192 0.724481646 1.00579458 231 231 231
-3.14712179 -0.0927764378 1.28219592 84 83 83
-0.0589216122 0.004895037 0.00664183921 0 0 0
-1.10116144 -0.824547966 0.541260106 117 123 141
0.0719743844 0.786410293 0.834955678 29 30 30
-4.28302696 0.710693824 1.10515672 231 231 231
0.575373545 0.768319906 0.859769476 9 11 14
-0.514566183 0.586354228 1.11845527 124 124 124
-0.937634383 0.5828847 1.1493611 10 77 40
6.19454522 -0.708070413 1.40660546 231 231 231
-2.64252618 0.126087934 1.07474665 115 121 138
-1.43007753 -0.813545106 0.480808768 60 62 72
-1.24544889 0.582197022 1.06455214 143 143 143
-0.102871686 -0.0730456648 -0.0301088167 0 0 0
-2.76999552 0.122926774 1.11890506 108 106 106
-2.36961882 0.782634808 0.931036036 231 231 231
5.59108294 -1.15865204 0.858691937 231 231 231
-2.61471277 0.0479733726 0.0249629759 0 0 0
-0.948371586 -0.962185078 0.837015007 197 197 197
-3.14904382 0.61239802 1.29350115 2 2 2
0.0432372587 -0.00568246805 -0.00792082087 236 236 236
-0.949095539 -0.96797659 0.862360024 0 0 0
1.4562295 -0.425035787 1.70485895 143 143 143
-2.20534768 0.673847754 0.97556436 7 21 42
-5.30492348 -0.743922132 1.04920434 112 112 112
0.0357296457 0.688179346 0.453363361 143 143 143
-4.07608991 0.720407622 1.21704575 0 0 0
4.52933804 -1.71931567 0.929431894 231 231 231
-2.58521816 -0.0868184491 0.848034455 0 0 0
-4.01174586 0.758281147 1.23882818 231 231 231
5.68174993 -1.31567996 1.29823374 130 130 130
-2.58478023 0.0461321867 0.846724855 0 0 0
-2.31184193 -0.986579663 1.23542112 233 233 233
-0.94602393 -1.01021302 0.82931385 197 197 197
-0.965726765 0.591722635 0.979317885 12 90 38
-1.73118531 0.594205566 1.56820793 8 20 43
-5.18068775 -0.662259846 1.0700207 219 219 219
-0.947695898 -0.925828778 0.801878257 0 0 0
-0.947887307 -0.925875282 0.801757649 0 0 0
-1.02054377 -0.851602883 0.635953691 96 101 117
-1.83761535 0.594864807 1.4142897 67 71 80
-1.02386716 -1.21823291 0.621062902 62 66 76
-0.945812379 -0.853317553 0.928062845 98 103 118
-1.37260552 0.586232012 1.18728475 0 0 0
5.5762115 -1.13381452 0.8778414 59 62 72
-0.933344967 0.580148406 0.966399575 12 90 38
-3.36042173 0.22029782 0.913403845 108 114 131
-1.37590525 0.600441051 1.47830458 1 1 1
4.31462919 -1.14657963 0.786884309 59 62 72
-0.935361938 0.582280459 0.964507179 12 90 38
-0.972142967 0.584821965 1.34470286 112 118 124
-0.807288374 -0.805274843 0.701590922 59 62 72
-2.68272852 0.318684329 1.12611962 103 108 124
-2.00495353 0.591719525 0.991858208 231 231 231
-0.966376361 0.576402127 0.959665415 68 79 79
5.70473876 -1.34157307 1.32676981 0 0 0
-2.73152917 0.775218136 0.856752139 231 231 231
-3.66479425 -1.21992117 0.793026543 59 62 72
0.783092795 0.0939464401 1.13163238 143 143 143
-5.30896268 -0.688054929 1.04515083 219 219 219
-0.960889502 0.585172278 0.974103681 119 122 120
-5.35818609 -0.873215326 1.08154914 231 231 231
-2.7174317 0.660397261 0.910024332 5 5 5
-5.19890184 -0.263317419 0.964370894 84 83 83
-0.927531103 0.585236037 1.09985151 122 122 123
3.92627886 -1.67256636 1.46336196 60 64 74
0.0545056724 0.731828407 0.362514631 143 143 143
-2.20935652 -0.204131899 0.617971222 120 126 144
3.99921874 -1.45523725 0.981389678 165 165 165
-2.54666572 -0.207163635 0.723667839 110 116 133
5.66767473 -1.62327629 0.851623399 99 99 99
-0.752422058 0.584350793 1.31715196 26 63 50
4.01951982 -1.46820922 0.967431552 143 143 143
-3.02042924 0.251235563 0.980423902 69 73 85
4.12148888 -1.5227376 1.05357925 0 0 0
-2.98131874 0.345427945 1.034088 72 76 87
-0.760774211 0.586487533 1.33779823 70 77 86
-5.47175811 -0.539316797 1.07705217 231 231 231
3.96380607 -1.63807049 1.49172989 104 109 125
-0.760774211 0.586487533 1.33779823 70 77 86
-0.755570263 0.583690548 1.09994226 33 40 54
-0.744745342 0.582732514 1.36778389 124 124 124
5.29283873 -0.971557511 1.06551809 126 123 123
-4.48876623 0.698920167 1.05223231 0 0 0
-1.32926327 0.582655924 1.09581236 143 143 143
4.14191095 -1.11551034 0.903473741 115 121 139
-0.942781982 0.586864302 1.26484925 124 124 124
-0.977703541 0.585988941 1.32832431 112 118 124
-3.78450309 -1.83156798 1.15929888 2 2 2
-0.972509665 0.580779588 1.33479287 111 117 124
-5.70727073 -0.816496583 1.0790297 187 187 187
5.23732481 -0.819829611 1.16372062 59 62 72
-0.811768454 0.587544069 0.889636538 114 115 116
-0.979984332 0.560388791 1.34229101 17 27 47
6.16719834 -0.726310677 1.33477885 0 0 0
-1.37766326 0.581441161 1.07401009 142 142 142
-2.6612442 0.107169914 1.13820945 117 123 141
4.06377196 -1.46118012 0.941957538 0 0 0
-1.31173505 0.587100096 1.15360837 142 142 142
-1.7518563 0.594538944 1.13897971 2 62 18
5.25901563 -0.425720198 1.1441237 59 62 72
-1.35855516 0.568236298 1.17592674 142 142 142
-1.7799986 0.590835317 1.14327004 63 65 67
5.75183711 -0.609763935 1.45584988 59 62 72
-2.87619143 0.777536806 1.08308164 2 2 2
-1.71009033 0.596792856 1.18157382 98 99 100
-1.84108482 0.594760044 1.46484276 68 72 81
-2.62614042 -0.123275214 0.911808793 228 228 228
5.18815349 -1.15193991 0.836258477 59 62 72
-0.752262238 0.585038209 1.07603767 99 102 105
-1.42031352 0.598854737 1.32761174 40 51 50
-2.40915324 -1.1047704 1.25279659 236 236 236
5.22421707 -1.13236414 0.834542262 110 116 133
-0.752262238 0.585038209 1.07603767 99 102 105
-5.23549638 -0.303107937 0.993713478 231 231 231
-2.17278739 -1.11069983 1.23864702 0 0 0
5.89488169 -1.62196309 0.998192935 0 0 0
-0.794315135 0.585633272 1.09991714 123 123 123
-2.70772055 0.772914993 0.914211055 26 81 39
-2.34218252 -1.10774206 1.24080384 0 0 0
-1.8191101 0.596402938 1.24269718 3 9 23
-3.35015157 -0.122228017 1.25116565 105 103 103
5.6692305 -1.25757519 1.40307466 130 130 130
-1.33673566 0.596317915 1.10070507 0 0 0
-3.15372299 -0.19978517 1.04366056 80 84 97
-2.28970059 -1.04104061 1.23497711 236 236 236
-0.717482342 0.584372837 1.08549293 124 124 124
-1.01987955 0.585943986 1.62309284 11 26 53
-0.949149606 -1.11835018 0.960437743 231 231 231
-5.33050297 -0.722281039 1.09319354 128 128 128
4.0701042 -1.48720449 1.00670477 0 0 0
-1.00722445 -0.83585376 0.644058927 86 90 104
-0.720533206 0.585566254 1.30934676 124 124 124
-5.37991766 -0.695136145 1.21201516 0 0 0
-0.943955874 0.592323433 1.12694486 120 120 120
-2.22449143 0.210053083 0.609415975 75 79 91
5.87189856 -1.15716739 1.32103149 231 231 231
-0.730720683 0.587034751 1.14769772 32 39 55
-0.782227138 0.586330228 1.33584295 12 89 38
-0.800739285 0.586597458 1.2796935 75 77 83
-0.667131612 -1.46330711 0.708590161 8 8 8
-0.740653141 0.585932834 1.37723844 12 89 38
5.84876319 -0.31798269 1.42564118 231 231 231
5.69875559 -1.43593083 1.41662338 0 0 0
-2.41020532 0.761075918 0.88861173 9 9 9
-0.70455478 0.586016235 1.26090046 91 94 99
5.7569107 -1.12295018 1.43471118 231 231 231
-1.73635648 0.588611841 1.13348912 6 15 7
-0.965935429 -0.882333829 0.991905936 99 104 119
-1.70309655 0.596495905 1.13831138 10 11 12
-2.62853574 0.0787296945 0.0731232069 0 0 0
-1.71074915 0.595484857 1.17805919 75 78 79
-1.30854983 0.66993392 1.24168488 0 0 0
1.74946409 -1.95817125 0.73679713 8 8 8
-2.59476992 0.648559849 0.889633431 5 5 5
0.00382324261 0.00181134656 8.35385112e-05 0 0 0
5.24061785 -1.19907947 0.811401199 68 71 83
-5.45997179 -0.808388575 0.943295883 231 231 231
3.95359714 -1.64399318 1.48532546 104 110 126
-5.27546354 -0.796695477 0.973283508 231 231 231
-2.87368905 0.0821811713 1.14509057 73 77 89
5.78288646 -1.59099268 1.01290951 0 0 0
-0.967001458 0.66778289 1.60445433 0 0 0
6.16383996 -1.67508567 1.02048545 151 116 116
-1.06053327 0.586782756 1.58143589 9 25 55
2.88152437 0.171527086 1.30288491 87 91 105
6.19784268 -0.924644518 0.304584044 52 52 52
-3.30203345 -0.24669182 0.828405318 60 63 74
-0.347445142 -1.76544361 -0.0151845257 8 8 8
-0.484781929 0.589002696 1.16320084 69 79 79
-1.24462688 0.592950219 1.08397778 0 0 0
-0.972684667 -1.63528212 0.959029238 59 62 72
-0.961654176 -1.23300355 0.915150801 59 62 72
-0.708077585 -1.95726285 0.733285326 8 8 8
-0.988514418 -0.904790922 0.956427405 113 119 136
-2.29344155 -1.03940818 1.23694942 235 235 235
2.02568818 -1.36637683 0.956393352 100 105 121
2.65613954 -1.12670643 1.01321789 130 130 130
-2.17323005 -1.11800224 1.2355728 0 0 0
-0.992372003 -1.28870481 0.920639975 231 231 231
2.03054411 0.339124167 1.09316891 130 130 130
-0.981648638 -1.97529759 0.190729495 8 8 8
-0.93854175 0.582150987 0.91163031 90 92 96
-2.06673763 -1.60111213 0.548254863 231 231 231
-2.49262478 -0.0972502011 0.832126031 0 0 0
-2.0652998 -1.60868899 0.552968844 8 8 8
-1.96421373 0.605748884 1.15056283 0 0 0
-2.25936931 -1.05918486 1.23646449 0 0 0
-2.17098831 -0.952427038 1.23305495 0 0 0
0.79617422 -1.67347097 1.01472808 101 101 101
5.81767843 0.273975444 1.35696165 90 95 109
5.69772002 -1.26515301 1.31166655 130 130 130
5.25117481 0.175079507 0.815367025 109 115 132
-1.86294805 0.599308405 1.61834315 108 109 110
-2.50758429 -0.0912307987 0.630398601 109 115 132
-2.3311936 -0.978919417 1.23232408 0 0 0
-2.29194152 -1.06356595 1.24451023 0 0 0
-2.5996672 -0.892887058 0.28188701 0 0 0
-2.6516892 0.612947869 0.95581017 109 115 132
-3.33666666 -1.32675322 1.10514199 59 62 72
-2.58008176 -0.0137330646 0.830123979 228 228 228
-2.76491019 0.662808961 0.953093624 5 5 5
-3.34295884 -1.19789315 0.829563453 60 64 74
-1.74146649 0.591208099 1.10958777 0 1 1
-1.81559495 0.595588646 1.63499208 123 123 123
-1.07170386 -1.11306109 0.771442744 0 0 0
-2.6341239 0.111074067 1.11901846 76 80 92
-5.17008559 -0.714448342 1.00812518 182 182 182
-0.965516667 -1.30450719 0.913341752 59 62 72
-1.82807969 0.583795793 1.58443794 74 76 83
-1.78491599 0.595365642 1.60954573 122 122 123
-2.11319305 -0.921672978 1.24076731 236 236 236
-1.82234236 0.587968518 1.63215237 101 102 104
-1.78908621 0.59032521 1.61124689 122 122 122
-2.49942568 0.761882582 0.89249013 9 9 9
-3.35666878 -1.2594399 0.872336501 59 62 72
-3.66779912 -1.2216236 0.791434055 36 38 45
-2.96193925 0.768371167 0.924646266 9 9 9
-3.49790084 -1.722718 1.30796777 231 231 231
-1.69631783 0.593926836 1.58836292 91 93 96
-2.24268775 -0.999382748 1.23903974 234 234 234
-1.71993554 0.593588914 1.61570744 16 26 46
-2.66778737 -0.148488929 1.08128717 115 121 139
-5.34958115 -0.780753103 0.996430761 213 213 213
-2.65784381 -0.136885652 1.13982846 120 126 145
-1.59481166 0.590383375 1.62297643 6 19 43
-2.34183148 -0.945704279 1.23798996 0 0 0
-2.64267897 0.270446306 0.93878379 111 116 134
-1.77910507 0.591456932 1.59251713 6 19 43
-2.53914591 -0.0133640768 0.738143383 228 228 228
-2.56447917 0.00413928771 0.807581035 0 0 0
5.63349492 -1.44934388 1.20779785 130 130 130
-2.18761475 0.244113802 0.588730259 97 102 117
5.75289345 -0.222600407 1.36114548 62 66 76
-5.35209266 -0.697358159 1.11503491 0 0 0
6.07829023 -1.56989118 1.41765653 231 231 231
-1.37972423 0.590276955 1.18445865 0 0 0
-3.58132623 0.772745122 0.884694028 9 9 9
5.83402298 -1.74583951 0.616409813 231 231 231
-1.62187679 0.591995351 1.61608687 12 23 44
-1.37409101 0.595459834 1.39873872 37 48 47
-3.06366845 -1.17332881 1.10731453 126 126 126
-0.128203444 0.134988406 0.0208273771 0 0 0
-1.24292802 0.535640197 1.43174105 4 4 5
-1.55911576 0.601518234 1.27647369 16 19 19
-2.53977615 0.761701387 0.892708869 9 9 9
5.39083757 -0.333216919 1.04531954 62 66 76
-1.44305901 0.598472886 1.35884909 28 36 35
-1.63901624 0.586502152 1.62221712 20 29 49
5.59796744 0.186793634 0.861789311 231 231 231
5.68951063 -0.634396026 1.48365743 91 96 110
-4.30788856 0.722484996 1.08375875 231 231 231
5.90047074 -1.77363903 0.826383593 8 8 8
-1.63001001 0.599302651 1.25317812 6 11 7
5.67382459 -1.31264884 1.32549682 81 81 81
-3.33414765 0.322421759 0.72592849 0 0 0
-5.15432466 -0.347435733 0.975288627 79 77 77
6.31994697 -0.353568519 1.43784986 0 0 0
-5.12398009 0.743735289 1.16998978 231 231 231
-3.09742449 0.32811423 0.967409127 69 73 85
6.27444225 -0.33836905 1.46719191 0 0 0
-1.79176481 0.598374562 1.56501973 6 19 43
5.69773198 -1.28018442 1.41705075 0 0 0
-1.86574514 0.600387129 1.56514173 7 20 43
-3.23668595 -1.2719888 1.30356549 80 84 97
5.57441534 0.154727239 0.853185388 231 231 231
5.1953809 -1.20138409 0.837844265 108 113 130
-2.54363775 0.21030514 0.631333697 0 0 0
-2.70284966 -0.197349406 0.869518973 110 116 134
-2.90601354 -0.914831603 0.907188696 0 0 0
-3.35743681 0.289803956 0.730234781 0 0 0
5.66959523 -1.3173953 1.37797885 130 130 130
-3.02715992 0.492993234 1.33987613 231 231 231
-1.80355216 0.594441308 1.56845027 7 20 43
-6.3804273 -0.184185163 0.963461932 0 0 0
-1.74684655 0.597429224 1.11395721 77 85 81
-1.70443207 0.597443395 1.16289349 24 27 28
-1.64562129 0.59740166 1.24229032 30 38 37
-3.47567177 0.759746708 0.924943215 9 9 9
-1.32112356 0.593236906 1.35430471 10 33 18
6.20982754 -0.706409435 1.40357234 189 189 189
6.26420283 -0.641348846 1.45191511 0 0 0
-1.53271447 0.596186327 1.26320691 45 56 54
-1.38502543 0.596512619 1.37263903 11 13 14
-1.52540938 0.595251815 1.31428764 6 8 7
5.26553122 -0.738804904 1.12508852 231 231 231
-1.66578228 0.6013836 1.60777408 13 24 45
-1.61180526 0.592030129 1.61435269 66 68 76
-2.55542545 -0.198717935 0.726031445 110 116 133
-2.87991721 0.768518208 1.02274377 2 2 2
5.69880456 -1.30797401 1.38954156 130 130 130
6.04629065 -1.63973007 1.08626309 59 62 72
-1.61779728 0.593243635 1.62021369 122 122 123
-2.22811211 -0.243198148 0.612335019 67 71 82
-2.70564154 0.769395203 0.882166072 9 9 9
-2.97283187 0.767729592 0.926928639 9 9 9
0.0524660343 0.733391546 0.360830287 143 143 143
-2.35761277 -0.938025044 1.23752406 224 224 224
2.94283289 -1.60188458 1.31553699 0 0 0
-0.966679611 -1.37665959 0.987866039 231 231 231
-0.541279485 -1.35944361 0.840996495 231 231 231
-0.947351573 -1.02786525 0.831108763 197 197 197
-0.104733057 -1.69705908 0.931790513 231 231 231
-0.966886541 -0.979885057 0.816362158 197 197 197
-0.210842812 -1.68062385 1.09579512 0 0 0
-2.75371287 0.265505042 1.00290076 61 65 75
-0.947951303 -1.09962538 0.744485927 197 197 197
5.27080167 -0.698678542 1.14699299 59 62 72
-1.67580165 0.595619331 1.20599228 27 31 32
-1.29503002 0.587817847 1.07729628 0 0 0
-0.988762725 0.586068012 1.26221316 100 102 106
6.11715847 -1.67342616 1.05628658 231 231 231
-0.942961959 0.58589784 1.07687992 99 101 105
-2.40032265 -1.10874798 1.20579145 224 224 224
-2.50176921 -1.07973821 1.20198639 0 0 0
5.87742754 -1.14535421 0.167241808 231 231 231
-1.72805481 0.592257422 1.14498691 4 5 6
5.60112897 -1.18118512 0.844678892 231 231 231
6.26362748 -0.337274135 1.47128207 0 0 0
-3.53127599 0.623206795 1.22644863 231 231 231
5.13366789 -1.47306583 0.98465207 231 231 231
-1.29266206 0.584746043 1.08175829 0 0 0
-2.61495004 0.0815958399 0.919639489 228 228 228
5.8327777 -0.310699404 1.41520717 0 0 0
-0.953484108 0.588493594 1.08736641 122 122 122
-0.939057154 0.579838414 1.28353359 120 120 121
4.7552337 -1.52675929 0.809738326 59 62 72
-0.965529389 0.586553594 1.33453776 22 32 52
6.16719834 -0.726310677 1.33477885 0 0 0
-1.39014696 0.589346866 1.02206351 142 142 142
6.08745234 -1.19937434 1.35075758 0 0 0
-0.936503907 0.584797983 1.28710215 123 123 123
5.08503126 -1.59024819 1.31783043 231 231 231
-2.8087522 0.770561301 0.879663459 8 8 8
-1.62531694 0.595381308 1.20380922 11 13 14
5.90221407 -0.346266664 1.4408892 59 62 72
5.7747212 -1.50411652 1.43774011 59 62 72
-1.38429667 0.598212427 1.36772963 8 10 11
4.15640288 -1.54237392 1.14494514 165 165 165
-1.75886286 0.624971767 1.31795299 22 28 40
4.33476332 -1.10418151 0.844156419 59 62 72
-5.30145658 -0.815421905 0.969885279 231 231 231
-3.1956732 0.628379717 1.10799897 72 76 87
-0.718761579 0.584725054 0.890915444 103 105 108
-2.62565502 0.735762135 -0.00808525519 231 231 231
4.06865437 -1.47666368 0.988975843 0 0 0
-0.964891194 0.586134274 1.36673075 124 124 124
4.08606753 -1.47351885 0.976743836 165 165 165
-0.942961959 0.58589784 1.07687992 99 101 105
-0.769995228 0.586055208 1.36512687 22 81 44
-0.713875507 0.583754987 0.900864685 124 124 124
-0.953248666 -0.938991495 0.810483827 0 0 0
-2.60393957 0.0718422905 0.0760166754 0 0 0
6.21688451 -1.71240505 1.02216799 0 0 0
5.18007442 -1.21244522 0.840790545 74 78 90
-1.07211914 -0.852723992 0.486760743 92 97 112
4.26401089 -1.08400583 1.59988465 130 130 130
-1.68638542 0.581466154 1.16748701 50 57 58
4.86931975 -1.63681939 1.48988467 103 108 124
4.39879019 -1.14842366 0.808552841 113 119 136
-2.5793419 0.234755591 0.610594816 107 112 129
-0.951964299 -1.01306124 0.829014551 197 197 197
3.92824825 -1.67033061 1.46037133 61 64 74
-1.910268 0.59824026 1.45649364 6 19 43
-1.06263164 -1.24618515 0.515777346 61 64 75
-0.769209965 0.584345511 0.90877986 85 87 92
4.27725437 -1.15118177 0.814335177 117 123 141
-0.995093823 0.587399984 0.953556301 84 89 97
4.00416047 -1.46944052 0.91209737 0 0 0
-1.29266206 0.584746043 1.08175829 0 0 0
-1.41470102 0.606420886 1.1111885 142 142 142
6.22101108 -1.15866116 1.37546446 231 231 231
-0.988737829 0.588586376 1.17941015 24 49 48
-0.939395694 0.585416574 1.1422328 16 63 44
-2.66837709 0.541652353 1.07503194 231 231 231
-2.30065104 -1.07947421 1.24550283 0 0 0
-2.57658695 0.211762918 0.649863327 0 0 0
-5.41400002 -0.69545976 1.04822139 187 187 187
-2.21712447 0.224825586 0.623156367 117 123 141
-0.345496586 -1.75515863 0.865587461 8 8 8
-1.34188024 0.596286541 1.48229818 16 20 28
-2.82248336 -0.185557015 1.04518919 69 73 84
0.559621876 0.788690671 0.844541064 9 11 14
-0.973822434 0.592703372 1.16828029 86 92 92
-2.1940901 0.174935674 0.582364006 92 97 112
2.97703894 0.0846662726 1.14238978 0 0 0
-1.20899319 0.586984569 1.02121069 0 0 0
0.559769598 0.76355799 -0.0808383984 22 21 21
-2.83402371 0.13185418 1.05700032 108 106 106
-1.00599745 0.583211041 1.26364407 105 107 110
-0.0268807877 -0.00172610429 0.00148643233 0 0 0
-0.706045515 0.603671265 1.62361548 12 31 62
-0.951491354 0.585957082 0.973254388 116 121 117
3.99921874 -1.45523725 0.981389678 165 165 165
4.37866175 -1.47923803 0.88186376 59 62 72
-0.951209488 0.591393434 1.60165282 77 80 90
-0.928788515 0.586592135 1.28359249 120 120 120
5.81169005 -0.214518176 1.45260604 231 231 231
-1.38545077 0.585855601 1.09598094 142 142 142
4.05162636 -0.589460438 1.15024259 0 0 0
-1.31250165 0.587172456 1.15408143 142 142 142
4.63142528 -1.64830909 1.46419708 59 62 72
-2.7862033 0.156415841 1.10411358 70 74 86
5.78360674 -1.5780731 1.25000771 231 231 231
-5.34487194 -0.747526625 0.955942119 185 185 185
-1.80677753 0.596637027 1.15159574 72 78 75
6.04508587 -1.19411344 1.27407309 231 231 231
-0.703490123 0.586777813 0.907786833 72 75 81
-1.64606116 0.59847346 1.21138865 9 10 12
5.48753792 -1.52887678 0.992074948 231 231 231
-2.86255977 0.663042224 1.07995916 231 231 231
4.16531126 -1.43303751 0.875206157 164 164 164
-1.39636711 0.59108829 1.50774981 13 23 44
-3.03449126 0.714314062 1.06147847 231 231 231
4.22664094 -1.49221265 1.01713457 85 90 103
-0.768957115 0.586656822 0.985542268 109 116 122
4.7959554 -1.49835261 0.849806336 112 117 135
-0.75463674 0.653529468 1.04330935 122 122 122
4.7959554 -1.49835261 0.849806336 112 117 135
-0.936277024 0.58479173 1.32626575 112 118 124
-0.747808745 0.58587817 1.52780327 56 62 75
5.69778982 -1.43517806 1.41630104 0 0 0
-0.69904318 0.585446808 1.42888162 59 62 72
6.73895865 -1.86825832 0.873887219 0 0 0
-0.740531977 0.586257768 0.953136501 43 47 59
4.04809512 -0.528974502 1.12351524 0 0 0
-2.76771591 0.756015224 1.1937265 231 231 231
4.05704958 -0.575068852 1.13530142 0 0 0
-0.807494631 0.586614713 1.52790841 59 65 78
6.2647866 -0.352726147 1.45980209 0 0 0
-0.987705844 0.585783328 1.09499257 76 78 84
3.89546877 -1.54238298 0.859437956 59 62 72
-0.777608583 0.586096233 1.2791446 59 62 71
4.29512982 -1.16238709 0.827559211 59 62 72
-0.95237163 0.584986609 1.3373093 112 118 124
5.59295051 -1.15891946 0.857406557 231 231 231
-0.737280983 0.585629066 1.61812012 74 78 90
5.64368495 0.218685914 0.86404948 59 62 72
-0.76006799 0.586145431 1.26138034 94 96 102
-3.03444383 0.221168339 0.989819594 97 102 117
6.27030861 -0.651186006 1.46019435 0 0 0
-2.27129445 0.684485284 0.651728321 5 5 5
4.03383402 -1.49222499 1.0127739 0 0 0
-0.522143095 0.586175246 1.15660047 124 124 124
-0.696558383 0.580531 1.28236652 65 68 76
41.4171118 -29.6174538 -19.7509639 0 0 0
-2.56931165 -0.00223323102 0.745954042 228 228 228
-0.696841192 0.580082785 1.28241757 65 68 76
-1.28605533 0.594565041 1.09196315 142 142 142
5.63669737 -1.18354892 0.856398596 59 62 72
-1.36355472 0.592447831 1.43670346 1 1 1
3.9266923 -1.63861124 1.4783823 89 94 108
-2.70439365 0.59287613 1.07367752 81 85 98
4.0173796 -0.451967124 1.12393885 235 235 235
-0.988746622 -0.8780388 0.996761247 80 84 97
-0.987710124 0.587765587 0.908352225 114 114 116
4.7408797 -1.47541 0.853211089 110 115 132
-0.802366974 0.589245461 1.278111 68 70 78
5.76356403 -1.73253967 0.87056049 231 231 231
4.73853066 -1.65520831 1.35899838 231 231 231
4.73853066 -1.65520831 1.35899838 231 231 231
-3.02727247 0.330285536 1.00232305 92 97 111
6.13795727 -1.6731444 1.06929502 231 231 231
5.64538431 -1.25356374 1.20382534 130 130 130
-1.41439655 0.596502331 1.41032854 0 0 0
-2.98942874 0.582674968 1.08456979 231 231 231
5.65709165 -1.43074702 1.26680342 0 0 0
-0.834439365 0.590205761 1.6178009 89 92 99
-2.67895976 0.461497604 1.15331752 63 66 77
6.23433822 -1.16972614 1.35683358 0 0 0
-1.23582078 0.580943711 1.05801476 143 143 143
6.05860138 -1.23708611 1.38273703 0 0 0
-0.775378227 0.589665943 0.904390817 86 87 92
-0.817024086 0.592493022 0.885335698 114 115 116
4.07181549 -1.71406101 0.478994412 8 8 8
4.09630049 -1.9501691 -1.3146509 0 0 0
5.83672084 -1.7439746 0.877016491 8 8 8
-1.80491821 0.596702133 1.15779269 42 57 46
5.85547313 -1.75005057 0.872986699 8 8 8
-2.89377212 0.752268149 0.937103326 24 26 26
4.49552704 -1.51741459 1.31188551 231 231 231
-2.53737384 0.605176432 1.03891117 24 26 26
4.8060176 -1.63297961 1.29174055 74 78 90
-1.32267734 0.569790135 1.47935332 0 0 0
5.78888093 -1.74410053 0.878185867 8 8 8
-0.526383622 0.58387937 1.07674698 104 106 109
-0.738066292 0.586418103 0.889585519 106 107 110
5.78888093 -1.74410053 0.878185867 8 8 8
-0.741877307 0.590043542 0.985689916 19 72 44
5.67163016 -1.3759509 1.3488401 130 130 130
-0.753210246 0.589974687 1.09804443 124 124 124
5.67147229 -1.37593895 1.3488045 130 130 130
-0.782031644 0.586132573 1.33606519 16 82 41
5.29494816 -0.815214471 1.08926622 121 119 119
-2.41018225 -0.241696057 0.594391827 60 63 74
5.78473618 -0.212640752 1.41442736 0 0 0
3.96840334 -0.434654073 1.12472553 0 0 0
-1.65962506 0.597689547 1.18062218 15 17 18
3.96192636 -0.490126106 1.12458282 0 0 0
-1.48817235 0.597094093 1.34089799 19 47 25
-1.42439987 0.596235336 1.26728413 44 47 48
5.14368859 0.333227223 0.941773085 109 115 132
-1.48509197 0.603234849 1.36773508 2 2 3
-3.09682975 0.263042931 0.95696375 69 73 85
-2.87169209 0.601135461 1.04514825 10 10 10
-0.953201166 0.587284246 0.913560149 123 123 123
-0.716523478 0.586742189 1.07493921 94 97 103
4.25316771 0.0455976077 0.786940498 62 65 76
-0.677303174 0.584956324 0.890757717 98 100 104
-0.751942365 0.586414464 1.18846919 66 70 78
-0.751942365 0.586414464 1.18846919 66 70 78
-0.95312436 0.584518069 1.13597428 15 64 43
-1.79632652 0.595072048 1.17107487 11 13 14
-2.70192934 0.557807216 1.07528075 10 10 10
-0.99700728 0.586276485 1.51004402 69 76 88
4.06804032 -0.525354824 1.12333038 204 204 204
-0.956964087 0.585770482 1.26211204 97 100 104
5.78999685 -1.74425668 0.806088651 77 81 94
-1.65499 0.599855123 1.13658076 25 26 27
4.06908044 -0.435729085 1.12126027 0 0 0
-2.73635166 0.653636027 0.998157628 231 231 231
-1.32975211 0.590417303 1.10641444 0 0 0
3.99830544 -0.460268799 1.12402977 228 228 228
3.80824308 -0.970595413 1.06295002 40 40 40
-2.81126956 0.579576893 1.05882464 10 10 10
4.06838593 -0.455191779 1.12430911 234 234 234
-2.67144061 0.511335505 1.1048581 9 9 9
4.83533026 0.391116262 0.975189498 0 0 0
-4.13297732 -0.816466011 1.03450761 70 68 68
6.25131159 -0.748156546 1.32148666 0 0 0
-5.31427503 -0.671328724 1.02886765 173 173 173
4.21090788 0.043175417 0.837493377 115 121 139
-0.724434858 0.584825262 1.61814047 15 34 64
4.18028957 -1.13268451 0.81318504 112 118 135
-0.88181644 0.787996972 1.6031256 0 0 0
3.9685957 -1.54137596 1.14238223 164 164 164
-1.05776775 -0.172014503 1.62831082 231 231 231
-1.3695066 0.6099885 1.21347203 142 142 142
3.9685957 -1.54137596 1.14238223 164 164 164
4.14400711 -1.53690843 1.14536526 164 164 164
-0.964242891 0.613809219 1.08230526 122 122 122
5.23062363 -0.274627497 1.14150819 59 62 72
-0.759601116 0.586123401 1.33034992 82 87 95
-0.852158042 0.584921775 1.5226683 111 113 115
5.2505238 -0.765922776 1.13736173 59 62 72
-0.987712206 0.585776612 1.09500588 76 78 84
3.99922209 -1.46339097 0.929423007 0 0 0
-0.736136378 0.586953303 1.09278886 69 71 79
-2.54404351 -0.00335631333 0.759581746 228 228 228
-1.70805911 0.595464625 1.12209897 51 79 61
4.41960263 -1.68912924 1.45329435 60 64 74
-0.929666446 0.585409969 1.28099774 87 89 93
-0.509367235 0.584298369 1.30951547 107 116 119
6.2828468 -0.797288821 1.34914395 0 0 0
-0.976513282 0.585987389 1.07680095 98 100 104
-0.927394168 0.58736693 1.16191409 124 124 124
-3.29658479 -0.225798854 0.8489228 116 122 139
-2.68635006 0.586668407 1.07586233 81 85 98
3.83661492 -1.75868259 0.869543497 8 8 8
-1.22779704 0.57812313 0.53963928 6 19 43
-2.50892786 -0.230250455 0.632659197 103 108 124
4.14666456 -1.53655244 1.14918375 164 164 164
-3.07505831 0.308250884 0.766008856 0 0 0
5.69535084 -1.33834529 1.37454231 0 0 0
-4.14870864 -0.784415339 1.06894724 231 231 231
3.89478257 0.115937796 0.878955982 115 121 139
-5.51608126 -0.500871603 0.986103152 187 187 187
3.91690066 0.119530886 0.871830984 235 235 235
-5.28507736 -0.286835866 1.02588241 199 199 199
3.59386676 -1.76403671 0.86668362 0 0 0
-0.516322758 0.585277584 1.33311168 117 117 118
4.10621833 -0.42230306 1.12205921 0 0 0
-2.5520322 0.206499632 0.654800921 0 0 0
4.15703866 -0.605050729 1.12408632 232 232 232
-1.12729006 0.160857025 0.739764915 107 107 107
-0.996470701 0.589719637 1.3245307 112 118 124
-3.30661787 0.319770146 0.675563953 108 114 131
4.67864987 -1.61771775 1.28284526 231 231 231
-5.39129104 -0.611258807 0.928429305 221 221 221
-1.80491821 0.596702133 1.15779269 42 57 46
4.67864987 -1.61771775 1.28284526 231 231 231
-5.28438262 -0.626950096 1.01432742 146 146 146
2.7315352 -1.13273531 1.13041126 0 0 0
2.72378755 -1.13167508 1.13379916 0 0 0
-0.480051243 0.584943131 1.14971753 124 124 124
5.92567876 -0.6889528 1.30115708 231 231 231
-1.24031175 0.57755587 1.15279897 142 142 142
-1.99351987 -0.890279305 0.104890076 67 67 67
-0.526383622 0.58387937 1.07674698 104 106 109
4.28004875 -1.9466421 0.195700683 8 8 8
-1.69658458 0.595010574 1.22940903 20 88 40
4.86407854 -1.85373221 -0.173924673 231 231 231
-3.12912189 0.608606112 1.21663871 88 92 106
2.24218717 -1.63901331 0.955594985 0 0 0
-5.28524034 -0.737762222 1.03753313 111 111 111
-2.25900154 -0.24566205 0.610693555 60 64 74
4.05103444 0.170549018 0.871405212 235 235 235
-0.511574569 0.585866069 1.15068225 12 75 40
4.19827739 0.117217515 0.871281524 234 234 234
-1.35174081 0.595415081 1.32465292 73 76 78
4.74041989 0.377876656 0.836721576 59 62 72
-1.35174081 0.595415081 1.32465292 73 76 78
3.66430632 -1.75936749 1.57081082 0 0 0
-1.4167161 0.594830472 1.30884628 80 83 85
-0.728844284 0.585878628 1.07611554 103 105 108
-0.764300428 0.563225077 1.11453604 0 0 0
5.54499069 0.202309507 0.858143807 231 231 231
-2.00298146 0.5945125 0.19215767 231 231 231
-0.988433937 0.582694736 1.10317381 123 123 123
5.61007677 -1.52947932 0.838978994 231 231 231
-0.953397791 0.586019124 1.16471154 90 91 95
6.05831635 -1.664772 1.09014197 0 0 0
-0.503475342 0.587391124 1.15743798 124 124 124
-2.57916103 -0.0709287577 0.831916298 228 228 228
4.69812133 0.0272399902 0.807182631 231 231 231
-0.503475342 0.587391124 1.15743798 124 124 124
-2.564884 0.486217151 1.1350693 231 231 231
4.10387572 -1.49705353 1.01673033 164 164 164
-2.20854855 0.210484013 0.564776652 0 0 0
-4.12564342 -0.808922494 1.0198174 114 111 111
4.17654384 -1.65767424 1.45696285 59 62 72
-0.497551371 0.586488717 1.30870366 124 124 124
-0.677303174 0.584956324 0.890757717 98 100 104
6.21343694 -0.750409741 1.20713474 231 231 231
-0.489691142 0.585925653 1.31912502 124 124 124
6.18538488 -0.750242666 1.21006385 231 231 231
-1.55679478 0.594614821 1.24150933 53 61 61
-0.690595416 0.585787516 0.888804932 103 105 109
3.84673284 -1.4821422 0.814403182 59 62 72
-1.39615989 0.595319269 1.36793087 47 59 57
-0.719014898 0.585006022 0.890799929 103 105 108
3.87268 -1.45831808 0.85297071 113 118 136
-0.442726032 0.58523315 1.07573557 102 104 107
-0.716512415 0.586334281 0.948858484 122 122 122
5.82408352 -1.79654071 0.821729677 79 83 96
-0.442726032 0.58523315 1.07573557 102 104 107
-0.746535873 0.586500921 0.95330987 121 121 121
-0.543457553 0.586583388 1.1329547 109 116 122
6.13855314 -0.238648035 1.32838447 0 0 0
-0.500786966 0.587119031 1.07466798 98 101 105
-0.560349003 0.585711339 1.13355651 110 116 123
4.74554907 0.028413734 0.82316772 59 62 72
-0.499593878 0.586131843 1.09219917 107 107 110
-0.990752638 0.586816895 0.973180621 69 71 79
5.66682468 -1.3142789 0.843103468 59 62 72
-0.464483379 0.587319896 1.12387393 8 58 42
-0.990752638 0.586816895 0.973180621 69 71 79
4.19348756 0.312559733 0.862256659 234 234 234
-0.495362356 0.587058089 1.12615569 6 24 43
-0.750704703 0.584081391 1.14981661 51 56 67
4.15022323 -0.411891731 1.11780178 232 232 232
-0.804418873 0.590464638 1.09120534 70 72 79
-0.771124748 0.587641323 1.14843033 57 62 72
-0.918853738 0.586203431 1.09464479 78 79 85
5.72765737 -1.30203362 1.34964509 0 0 0
-3.88184897 -0.948977723 0.00915870752 108 106 106
-0.918853738 0.586203431 1.09464479 78 79 85
4.01115201 0.235485553 0.858267481 0 0 0
-0.53849844 0.586053173 1.31030703 124 124 124
-0.987848346 0.587756657 1.17998232 37 63 55
4.01773935 0.312284164 0.853920806 0 0 0
-0.704232378 0.586331249 1.27856215 72 74 81
3.94034946 0.328056001 0.859074004 235 235 235
-2.55176192 -0.0280620078 0.777959969 0 0 0
3.85853099 -1.49744923 0.840184388 110 116 133
-1.32023188 0.602512834 1.45000998 58 86 69
4.26588455 0.401279977 0.83183876 109 115 132
3.99627893 -1.46164007 0.930948432 0 0 0
-1.37594217 0.57988575 1.17984763 142 142 142
4.68792339 0.0489524704 0.833313898 113 119 136
-1.37594217 0.57988575 1.17984763 142 142 142
4.04095526 -0.468240818 1.12339165 0 0 0
-0.989534541 0.585878581 1.5977328 11 28 58
3.94659447 -1.54065889 1.13791223 80 84 97
-3.06358025 0.257806394 0.79171508 110 116 132
4.68943223 0.0563331079 0.852057575 59 62 72
-2.74663137 0.649851501 0.895730476 109 115 132
4.24606349 -1.43081416 0.851161784 106 111 128
-0.513575364 0.582484893 1.5101337 0 0 0
3.87746358 -0.403666478 1.12578838 234 234 234
-2.68500255 -0.13498996 1.06082414 106 111 128
5.19200995 0.0342933344 0.776218618 231 231 231
-5.32965813 -0.723526452 1.0240374 111 111 111
5.21010809 -1.47601465 0.850854994 110 115 132
5.2464911 -1.0787952 1.01314345 59 62 72
-0.553959765 0.585984828 1.07534071 101 103 107
-0.807494631 0.586614713 1.52790841 60 66 79
-0.565133619 0.585925071 1.52702226 39 47 63
5.24463521 -0.734724707 1.12822274 231 231 231
-0.480418102 0.589198537 1.13262355 124 124 124
5.77524055 0.204386631 1.32614084 231 231 231
-0.518930614 0.585788229 1.27910657 68 71 79
4.41148252 0.55908733 1.48781469 0 0 0
3.6574407 -1.5757718 0.62842379 8 8 8
-2.2164508 0.194861831 0.619772706 117 123 142
-0.578683727 0.584176324 1.65290363 4 7 10
3.97697813 -1.66211389 0.957437949 231 231 231
-0.95833298 0.587921376 1.14965898 12 74 41
-0.740946236 0.586240121 1.16009699 112 118 124
-0.743247286 0.585647744 1.63279456 83 86 95
3.87467225 -1.48146732 0.733752449 8 8 8
-1.23846954 0.582756487 1.1416589 143 143 143
3.87839345 -1.47341984 0.742792177 8 8 8
-1.23846954 0.582756487 1.1416589 143 143 143
-0.587434645 0.58643188 1.10084583 124 124 124
-0.739863107 0.586618174 1.16045378 112 118 124
2.7331314 -0.932271305 1.13401962 0 0 0
-3.13926954 0.600421209 0.967127534 93 98 113
5.2190391 0.0777368865 0.820097657 75 79 91
-1.69420123 0.59384352 1.33333596 23 28 39
5.20634443 0.0741183832 0.824782257 75 79 91
-0.982732451 0.578177886 1.59872113 10 28 58
4.35637756 -1.63392038 1.29170659 75 79 91
-0.86197325 0.585973154 1.618547 80 84 94
4.16470764 0.147232924 0.859434565 0 0 0
-0.548014346 0.586723346 1.0743848 96 98 103
4.16470764 0.147232924 0.859434565 0 0 0
-0.547941715 0.586581648 1.07448888 96 98 103
4.06182027 -1.48430204 1.01188426 0 0 0
-0.476346323 0.587745523 1.12518123 12 90 38
-1.24060321 0.608026689 0.461525061 6 19 43
4.03225083 -1.49023978 1.0386497 164 164 164
-0.476503764 0.587036618 1.13363996 124 124 124
5.52794093 0.197562133 0.863551154 231 231 231
-0.531354269 0.586485061 1.12286489 15 43 45
5.28027521 -0.733651997 1.11958676 231 231 231
-0.974052084 0.584264856 0.963690766 124 124 124
4.81703836 0.385759067 0.961633827 84 88 102
-0.798449429 0.587083413 1.0869031 124 124 124
3.98793727 -1.51857167 1.08291987 0 0 0
-0.479154344 0.587757691 1.25956005 91 95 100
5.62690286 0.135448037 0.836733983 231 231 231
-0.471572268 0.581224671 1.16865495 10 76 40
2.79111055 -0.863856503 1.26286939 79 84 96
2.79111055 -0.863856503 1.26286939 79 84 96
4.65537948 -1.50348115 0.864907643 59 62 72
-2.50163578 0.769178364 0.90431325 121 122 121
5.13794216 0.626898871 1.22178141 88 92 106
-0.52482311 0.583961669 1.14889502 124 124 124
3.9793712 -0.558981396 1.1372957 0 0 0
-0.978494014 0.585600647 1.5108045 70 77 90
-2.33764751 0.798375802 0.902905611 107 107 107
-2.96053817 0.607974358 1.05185653 94 99 114
3.9620008 0.310525353 0.860993627 234 234 234
-3.76530189 -0.437515223 1.30520041 231 231 231
4.36020626 -1.41760722 0.868345404 109 115 132
-0.931292571 0.585555094 1.5987492 76 80 91
2.91137948 -0.91827514 1.35066117 59 62 72
-0.711794117 0.587839269 0.888208991 94 97 102
4.26980553 0.032706216 0.835505533 59 62 72
-0.800672892 0.584925964 0.890722963 99 101 105
3.86878111 0.540764333 1.08951518 29 30 30
-0.800672892 0.584925964 0.890722963 99 101 105
4.06427447 0.157016815 0.866095837 0 0 0
-0.485346423 0.585640512 1.15541927 122 122 122
4.42183832 0.0631779939 0.809694875 112 118 135
-0.845478619 0.441780365 1.01636396 0 0 0
5.26185324 -0.345545435 1.13391824 59 62 72
-0.97848905 0.587197618 0.889299631 105 107 110
3.97764268 0.297122375 0.875102128 0 0 0
-0.97848905 0.587197618 0.889299631 105 107 110
4.12468672 0.145241637 0.873358448 0 0 0
-0.990413979 0.58639553 0.890493897 102 104 107
-4.28575464 0.61985299 1.17430753 113 119 136
6.35645059 0.317986728 0.251829414 61 64 75
-0.939482675 0.587110518 0.951532693 122 122 123
5.82473385 -1.30863885 0.75701471 105 110 126
-0.546484515 0.585880182 1.16812805 122 122 122
-2.15755813 0.67627861 0.0700025344 231 231 231
5.28471709 -0.755701509 1.12630865 59 62 72
-0.988015364 0.590939747 0.99314215 122 122 123
4.27340711 -1.4858761 0.845065818 59 62 72
-0.804126174 0.588131876 1.09576285 75 78 84
4.30503123 0.39957004 0.879567735 59 62 72
3.80781766 -0.992238124 1.09260031 68 67 67
-0.486436008 0.586219246 1.31690084 124 124 124
-0.483290782 0.577098631 1.27375706 124 124 124
3.80626746 -0.992980056 1.09413262 68 67 67
-0.960457728 0.587002473 1.12999198 122 122 122
4.1414829 -1.53546106 1.14680725 163 163 163
-0.535231934 0.684905731 1.29049315 124 124 124
4.24262228 0.563617097 1.28801866 90 95 109
-0.535231934 0.684905731 1.29049315 124 124 124
2.76167966 -0.165114204 1.29015275 115 121 139
-0.961250814 0.586856022 1.14201696 11 59 42
4.09885518 0.312114495 0.761548571 114 120 138
-0.958948477 0.587174176 1.26105587 94 97 102
15.3438727 -10.4932023 -5.59616233 8 8 8
-0.962886594 0.580860426 1.26475978 98 100 105
4.05073028 0.179777411 0.868590051 233 233 233
-0.724465797 0.584604039 1.35562355 111 118 124
-0.765174684 0.587338153 0.898542913 124 124 124
4.10097129 0.207133608 0.842177566 233 233 233
-1.98851196 0.594948956 0.981586601 231 231 231
4.26983443 0.389303423 0.860074949 108 113 130
-2.74164717 0.769708915 0.92104205 101 102 105
5.30003546 -0.759089247 1.11891379 59 62 72
-0.68230454 0.58470355 1.6164289 85 88 97
-0.508963837 0.585284 1.3620058 124 124 124
4.05286099 0.258751818 0.852406564 233 233 233
4.28065865 0.278702594 0.85424079 59 62 72
-4.22047595 0.692626244 1.1763302 98 103 118
4.29227363 -1.45854395 0.836407225 59 62 72
-4.22047595 0.692626244 1.1763302 98 103 118
-2.56744322 -0.0549111757 0.804213527 0 0 0
4.15254112 -0.403483026 1.12475326 229 229 229
-3.0091453 0.202072789 1.02605336 101 107 123
-1.21199606 0.586134325 1.18448643 0 0 0
3.90165581 -1.48150802 0.726080684 0 0 0
-0.770108497 0.58621735 1.30675739 18 68 37
3.90533208 0.457838285 0.833675527 5 5 5
-0.71169562 0.586205359 1.30660097 11 83 38
5.68746819 -1.34970386 1.31963518 0 0 0
-1.48749059 0.593966509 1.2810702 61 70 69
-1.57769808 0.593923159 1.22900054 54 62 62
-1.38083137 0.595055571 1.48270912 1 1 1
-0.711138727 0.585259739 0.989307934 13 75 40
4.33580636 0.378307659 0.970642704 84 89 102
-1.0261302 0.585049114 1.18341445 124 124 124
5.23996209 -0.839783652 1.09326676 117 115 115
-0.958744048 0.579288624 1.17407335 64 67 75
8.92801197 -3.38159674 0.393644606 59 62 72
-0.716883926 0.588110439 1.26087972 99 101 105
4.0016777 -1.45740853 0.950610398 0 0 0
-0.796948158 0.583667347 1.25966012 124 124 124
6.26485818 0.224681818 0.225098233 231 231 231
-2.53486346 0.0366893915 0.731852706 0 0 0
-2.50131853 0.7701178 0.908624156 122 122 122
-0.86197325 0.585973154 1.618547 80 84 94
4.0607351 -0.575603308 1.13161016 0 0 0
-0.470345241 0.587784009 1.12031248 124 124 124
2.9213358 0.0244604363 1.39080583 5 5 5
4.04493958 0.242774113 0.863363309 233 233 233
-1.59298845 0.595353406 1.22973515 21 24 25
-5.15806366 -0.313248226 0.927806144 105 103 103
-1.37989438 0.595972311 1.48457071 3 3 3
3.98931837 0.14488777 0.866219548 0 0 0
-5.35393655 -0.707314094 1.10048179 231 231 231
4.16511914 0.152744724 0.856303871 0 0 0
-0.484581826 0.587845372 1.12938442 18 33 47
5.28195278 -0.0241167736 0.741558246 231 231 231
-0.563965867 0.585968487 1.12216678 17 40 46
2.89398208 0.0361786179 1.40228159 9 9 9
4.25334388 0.338810485 0.747862375 233 233 233
3.86845215 -1.59422548 0.994099349 8 8 8
3.88807421 0.517570507 1.04049084 231 231 231
4.27481742 0.391526553 0.878920076 106 112 128
-0.985336416 0.58875158 1.13564652 124 124 124
4.33134436 -1.43859522 0.816589027 108 114 130
-0.696071935 0.586372479 1.26121281 90 93 99
2.89942112 0.0355066306 1.39854945 231 231 231
4.14629662 -1.50726139 1.07848535 163 163 163
-2.48729366 0.786730174 0.901418387 27 81 39
4.30903115 0.264153834 0.749774846 233 233 233
-1.64802552 0.597666819 1.25016249 42 44 45
4.10945001 -1.48091247 0.992597178 165 165 165
-1.45210351 0.590991647 1.33196246 28 32 33
-0.711910916 0.585708678 1.62986752 19 34 64
-0.708161524 0.585706011 1.63614751 79 83 92
-0.743240197 0.586017481 1.63277568 80 84 93
3.88957083 -1.53882901 0.854898378 59 62 72
4.7337871 0.101483762 0.852155278 110 115 132
-0.739437591 0.584485979 1.33959756 124 124 124
-0.379945205 1.07321749 0.78343665 122 122 122
2.86343125 -1.36331368 0.869720718 231 231 231
-1.02047728 -1.27443802 0.580173573 59 62 72
-0.939279084 0.58664841 1.17302717 28 44 51
0.739836431 -1.39666745 0.612153048 231 231 231
-0.690576375 0.587754379 1.08547001 124 124 124
2.79676509 -1.31254365 1.29068733 80 84 97
-1.33787038 0.595886507 1.34032527 68 70 72
2.97315611 -0.908121095 1.34332614 231 231 231
-1.33330008 0.596411656 1.34264195 69 72 74
-0.964682349 -0.877461177 0.653364869 92 97 111
-1.36292269 0.596668294 1.35592114 9 11 12
-1.00516291 -0.946539397 0.833243335 0 0 0
-0.951964299 -1.01306124 0.829014551 197 197 197
-0.74066234 0.602621554 1.13825734 46 52 64
-2.69760074 -0.188226306 0.874109626 112 118 136
-0.752007304 0.58789718 1.14780216 46 52 64
-0.117691393 -1.68275005 1.21875082 231 231 231
-1.21419477 0.599444939 1.0435547 148 148 148
-0.52632923 0.586508122 1.07501651 100 102 106
-0.52632923 0.586508122 1.07501651 100 102 106
-1.36058608 0.595300169 1.40662946 37 49 47
4.0762994 -0.527996795 1.123988 235 235 235
-1.36059323 0.595285062 1.40667256 37 49 47
2.75224746 0.263910275 0.870874572 60 64 74
-1.3561163 0.59633359 1.41643848 18 78 30
3.02822787 -1.31041324 0.851110469 0 0 0
-0.478053977 0.58588749 1.134722 120 121 121
-0.556865811 0.586861537 1.17045743 122 122 122
1.97406508 -0.854196486 0.627139533 97 102 117
-0.802861095 0.588204394 1.28178144 65 68 76
3.03493413 -1.70847488 0.944586442 8 8 8
-0.924674201 0.585645776 1.31902592 23 32 50
-0.924676276 0.585779167 1.31898609 23 32 50
-0.926602145 0.589994206 1.31993867 109 115 121
2.87198686 -0.172938599 1.34462047 105 110 126
-0.926602145 0.589994206 1.31993867 109 115 121
-0.94377751 0.58616775 1.33295778 28 36 53
-0.69609939 0.58615884 1.26135968 96 98 103
1.68390901 -1.67898506 1.41121698 231 231 231
-1.02524347 -1.29098279 0.628808363 87 91 105
-0.968082378 0.560125423 1.36593058 28 35 52
-5.32244467 -0.761970504 0.956658737 203 203 203
-0.533501851 0.585554279 1.26108548 100 102 106
3.41680279 0.185319805 0.840733053 82 86 99
-0.533542965 0.585897319 1.26091368 100 102 106
3.41497594 -1.4861545 1.04534846 8 8 8
-0.959715736 0.585991013 1.6189287 73 77 87
3.16642593 -1.79406375 0.870269966 8 8 8
-1.34770976 0.586013335 1.05368976 141 141 141
-2.29016693 -0.24732287 0.616592973 0 0 0
-0.787131975 0.584544967 0.909907368 83 85 90
5.68964908 0.377405161 1.3677629 59 62 72
-0.786831129 0.585033822 0.909537523 83 85 90
3.41491921 -1.4861638 1.04546006 8 8 8
-0.747565126 0.604490286 1.42422944 66 69 77
-0.815559961 -0.819939754 0.966662864 59 62 72
-0.762307505 0.58315024 0.902073861 124 124 124
-1.03681849 0.586274159 1.5113148 75 82 94
-0.824534252 -1.78163889 0.850891068 231 231 231
-0.727687509 0.584570792 0.954553221 28 78 48
-1.03682013 0.586269125 1.51129134 75 82 94
-0.771622901 -1.70920649 0.915421579 8 8 8
-2.10005371 -1.16193695 1.22988027 129 129 129
-0.961415039 0.586314678 1.15805958 121 121 121
2.80744045 -1.15142079 1.30581414 231 231 231
0.104846611 -0.061143828 -0.00905652449 236 236 236
-0.771622901 -1.70920649 0.915421579 8 8 8
-0.971020343 0.586492815 1.16080832 17 74 43
-0.999330335 -1.60712427 0.650219243 92 97 111
0.121865952 -0.0179974497 -0.0212077844 236 236 236
-10.1372584 -8.3133506 -3.93728655 0 0 0
0.0982798508 -0.00901175663 -0.00388802443 236 236 236
-0.493911689 -1.47053198 1.09107085 8 8 8
-1.01394991 0.585469223 1.26270858 98 100 104
-0.96921847 -0.912201829 0.857360028 197 197 197
0.0929306586 0.0144654827 0.00020122371 236 236 236
0.0969847333 0.0712198991 -0.00303835483 236 236 236
-0.288745974 -1.30273435 1.21449566 8 8 8
-1.60590029 0.597376869 1.21713514 26 30 31
-2.56370139 -0.015426379 0.809529781 0 0 0
-0.965622974 0.586018918 1.35789822 16 90 39
-3.89878459 -0.808386932 1.30124578 70 68 68
-1.61681168 0.597009724 1.26078803 6 6 7
0.378157775 -0.811920597 1.57554462 8 8 8
-0.75428646 0.585969281 1.31612323 54 73 70
-0.811974199 0.581890475 0.894071189 105 107 110
-0.743350198 0.586351742 1.3193448 112 118 124
3.49009873 -1.76090274 0.601592725 227 227 227
-0.811974199 0.581890475 0.894071189 105 107 110
-0.92367896 0.590528608 1.2602435 106 107 110
-0.769079508 0.585940785 1.33313291 124 124 124
-0.92367896 0.590528608 1.2602435 106 107 110
0.490488378 -0.732871547 1.57772646 0 0 0
-0.773829673 0.58630435 1.34185661 123 123 123
0.738294944 0.756078808 0.854019 29 29 29
-1.31847688 0.595235981 1.4404923 5 41 16
-0.766482731 0.586100317 1.43825029 110 111 114
-0.548938083 0.584587849 1.28165663 78 80 86
-0.738494296 0.586401947 1.43805405 109 111 114
-1.06961676 -0.886999825 0.489816379 94 99 114
2.03529517 -0.0848247562 0.792661846 59 62 72
0.716631797 -0.637128651 1.70317968 8 8 8
5.81973438 -1.16508531 1.35738662 0 0 0
-0.993913201 0.585820805 1.51089488 69 76 88
-0.993913201 0.585820805 1.51089488 69 76 88
-2.29547987 0.608681427 0.679692161 0 0 0
-0.939639624 0.586718441 1.5102999 72 79 91
0.187081209 -0.84054605 1.55452039 8 8 8
-0.985494711 0.585485038 1.51081201 74 80 92
-0.785510803 0.587414588 1.51000577 68 76 88
0.187081209 -0.84054605 1.55452039 8 8 8
-0.985494711 0.585485038 1.51081201 74 80 92
-0.785510803 0.587414588 1.51000577 68 76 88
-2.08371374 -1.60578006 0.984399177 231 231 231
-0.944292014 0.58576273 1.60238735 76 80 90
-2.66245114 0.306220183 1.07906005 64 68 79
0.0703426947 0.0783871933 0.00772361371 0 0 0
-2.9961709 -0.221444932 1.06872062 67 71 82
-0.900150364 0.586223645 1.60261025 76 80 91
-0.120437699 0.115921714 -0.00155141707 86 81 77
-0.846051923 0.585753934 1.60234777 78 82 93
-7.07709155 -0.609737351 1.05797332 0 0 0
-1.60862359 0.628755202 1.26553671 0 0 0
-0.945809497 -0.926509865 0.959225012 0 0 0
-0.93300343 0.586703919 0.955458299 37 67 55
-5.69019544 -0.594372003 1.15313551 0 0 0
-1.6318945 0.548856491 1.30045043 22 32 25
-0.508545806 0.585178059 1.09458043 79 81 87
-0.987536656 0.585688241 1.35011221 110 117 123
3.08952222 0.049509984 0.904942697 228 228 228
-1.33908473 0.594651371 1.43073181 25 39 28
-0.502596506 -1.8136526 0.370207355 0 0 0
-0.944166312 0.585729018 1.34783201 111 117 123
3.08496513 -0.0884793585 0.903117672 228 228 228
-0.93707876 0.585766395 1.33426779 111 117 123
-0.955491717 0.586134715 1.35833061 123 123 123
3.06184294 0.0355461994 0.958363411 0 0 0
-1.33025845 0.59566795 1.43505407 20 39 26
-0.953576318 -1.57047309 1.00706502 231 231 231
-1.31149195 0.595497146 1.45399849 64 91 75
3.04896799 -0.07531861 0.961890875 0 0 0
-0.782933667 0.585163037 1.33667684 47 74 61
0.0604741763 0.724587341 0.379743497 0 0 0
-1.0217189 0.586123541 1.51038321 66 73 86
-0.708223321 0.586459145 1.34175183 121 121 121
4.09156921 -0.434107368 1.12203403 0 0 0
-0.717087016 0.586051422 1.51016649 72 79 91
-0.864320648 0.58689837 1.69916587 4 18 44
4.16260145 0.148055943 0.866157777 0 0 0
-0.770138409 0.585926734 1.3651319 68 82 76
0.726978617 0.707691729 1.57952727 0 0 0
4.16260145 0.148055943 0.866157777 0 0 0
-0.761573446 0.586533123 1.362954 123 123 123
3.95279825 -0.440804849 1.11597184 0 0 0
-1.60630349 0.596332322 1.26844166 7 12 9
1.33447467 -0.573193658 1.72432432 8 8 8
-0.870924615 0.585511013 1.70541438 12 90 38
3.12160627 -1.7506935 0.91533412 8 8 8
-0.966634843 0.58594431 1.51047364 71 77 90
3.3595132 -1.71961643 0.793035138 94 99 114
-0.764067038 0.584553064 1.1557906 0 0 0
-0.472878484 0.585863057 1.67939782 0 1 1
3.02725713 -1.72457562 0.935294811 8 8 8
-1.32685673 0.589541587 1.09683065 142 142 142
0.691810715 -0.937313514 1.32688596 8 8 8
-0.73974332 0.584050393 0.891762667 103 105 109
2.78237222 -1.29585309 1.28554202 231 231 231
-1.32685673 0.589541587 1.09683065 142 142 142
-0.806134893 -1.78226008 0.402510167 8 8 8
-0.772499301 0.586503114 0.952494675 43 48 61
2.9513841 -1.33476752 1.36874813 231 231 231
-0.730245218 0.586112788 1.50931437 69 76 89
2.82210467 -0.891675086 0.75123746 0 0 0
1.8688669 0.0718330573 0.837377878 36 38 45
-0.806134893 -1.78226008 0.402510167 8 8 8
0.937696118 0.749185966 -0.0563243542 231 231 231
2.9513841 -1.33476752 1.36874813 231 231 231
-0.503918617 0.584570628 1.27033492 101 101 101
1.27778158 -0.59849341 1.69667409 8 8 8
-0.0722533685 0.011589074 -0.0185829969 235 235 235
-0.782590207 0.586039437 1.26164769 102 104 107
2.86065385 0.229875687 0.783801318 0 0 0
-0.782829575 0.585876444 1.2617316 102 104 107
3.91149968 -0.41842401 1.12351456 235 235 235
-0.100859548 0.0712115829 -5.67754167e-05 235 235 235
-1.0060226 0.584751982 1.31966045 60 63 73
3.91075955 -0.418064818 1.12304 235 235 235
-0.559139793 0.588312327 1.17072667 121 121 122
-1.01566917 0.509730047 0.578345057 6 19 42
-1.0060226 0.584751982 1.31966045 60 63 73
4.02299864 -0.451032827 1.10159187 0 0 0
-1.52313433 0.595499316 1.43211765 32 36 49
0.0796693074 0.0785763373 -0.000774641108 0 0 0
-0.907605427 0.586304272 1.26170791 98 100 104
2.91911614 -0.913874887 1.1354959 112 118 135
-1.31807629 0.595521112 1.36473144 3 3 4
3.38789491 -1.65911328 0.7188506 231 231 231
-0.533975753 0.583194209 1.09580902 75 77 83
0.100589611 -0.142357334 -0.00205156175 236 236 236
-1.30711529 0.595578851 1.35467206 4 27 10
3.91481813 -1.46623857 0.902376901 59 62 72
-0.533975753 0.583194209 1.09580902 75 77 83
0.104482675 -0.144660372 -0.000380091506 236 236 236
-1.54903565 0.596120225 1.41687043 32 37 48
0.0808963132 0.712863683 0.405966026 0 0 0
1.92008986 0.527171922 0.841260515 130 130 130
-0.942817084 0.588065491 1.15730071 112 113 114
-5.10240748 -0.515203559 0.971777775 79 77 77
-0.965912494 0.586798256 1.15051864 120 121 121
-1.46324925 0.593721825 1.32889885 35 40 41
-0.940594949 0.580137222 1.13476106 120 121 121
-0.964060748 0.589603023 1.13027924 95 96 99
-1.00236174 0.571935676 1.13706256 121 121 122
4.06392193 -1.4874371 0.980775013 0 0 0
0.090242291 -0.0912799039 -0.0023674841 235 235 235
-0.938178513 0.586327602 1.12440257 32 68 52
-0.938200398 0.586273646 1.12444844 32 68 52
-0.740793849 0.583670547 0.990589024 41 86 55
4.09212193 -1.47135625 0.982350927 166 166 166
-1.01899934 0.584377194 1.07794803 103 105 109
-1.14102535 -0.948608048 0.627064639 0 0 0
-0.976726257 0.585717936 1.07698885 103 105 109
1.98841649 -0.0356239591 0.998078947 0 0 0
-1.01899934 0.584377194 1.07794803 103 105 109
-1.39322166 0.630618415 0.481295992 6 19 42
-0.978356362 0.585821295 1.61899404 74 78 88
-1.39538669 0.593823829 0.955877207 141 141 141
-0.242528465 -1.70064045 1.04553435 130 130 130
-0.910762286 0.586008962 1.61050808 13 31 61
-0.10196368 -0.143942211 0.00185023988 236 236 236
-0.982423377 0.586195597 1.61067126 8 27 57
4.05566071 -0.454044459 1.12051333 236 236 236
-0.762176589 0.590680497 1.5267096 55 61 75
-0.982423377 0.586195597 1.61067126 8 27 57
-0.762176589 0.590680497 1.5267096 55 61 75
-0.729134864 0.585731598 1.36721365 124 124 124
-0.741092039 0.58607565 1.35534896 81 86 94
-3.64010066 -1.76550579 1.29396421 2 2 2
-2.62499785 0.0830894027 0.913566132 228 228 228
-0.969068831 0.585565319 1.34655424 116 120 123
-2.56297563 0.335615446 1.14627206 95 100 115
-1.01516976 0.586079305 1.52842608 68 74 86
0.664697097 -0.825782424 1.4565173 8 8 8
-0.737618666 0.584978319 1.28079694 90 91 95
-1.08387797 0.596601829 0.894644197 114 114 115
-1.01518376 0.586090979 1.52843093 68 74 86
0.60036929 -0.885594871 1.39252576 8 8 8
-0.737467071 0.585380132 1.28057282 90 91 95
-1.76664104 -1.68716924 0.102258512 0 0 0
-0.773449715 0.586580934 1.43046268 75 78 84
-0.323974324 -1.74587064 0.416420894 8 8 8
-0.992235964 0.585076917 1.32716819 112 118 124
2.00668969 -0.940179818 1.00153046 98 104 119
-0.769198392 0.588173289 1.42951669 75 78 84
-0.323974324 -1.74587064 0.416420894 8 8 8
-1.01603839 -0.856135071 0.825271148 59 62 72
-1.0009236 0.585559122 1.28051425 68 70 78
3.09336011 -1.59049575 0.878966018 228 228 228
1.69236432 -0.152489114 0.709406775 0 0 0
-1.31386667 0.591201335 1.10604921 0 0 0
-1.00062347 0.586686664 1.27988763 68 70 78
3.09234589 -1.59152424 0.878245772 228 228 228
-0.498854991 0.580631474 1.15119752 124 124 124
-0.963394307 0.58392531 1.08716752 124 124 124
3.04648276 -1.312105 0.874660247 98 103 119
-0.978482408 0.584655632 1.08655274 124 124 124
3.66535335 -1.76577898 0.888203492 8 8 8
1.98047446 0.719211621 -0.00395729364 231 231 231
-0.162667714 -1.70201333 1.08239736 0 0 0
-0.731053745 0.591138433 0.960486311 123 123 124
-1.53151858 0.59582855 1.27795447 60 75 72
-0.204308757 -1.704882 1.07102701 0 0 0
-0.958726593 0.5854764 0.909562083 82 84 89
-1.34608635 0.58729111 1.05327804 141 141 141
-0.931099177 0.5856776 1.60183353 74 78 89
-1.37500887 0.589427965 1.02121272 0 0 0
-0.850351709 -1.75731116 -0.00568578255 231 231 231
-1.02035918 -1.30370555 0.649793576 67 71 82
-1.03931235 0.58622336 1.52949522 56 63 76
4.02832617 -0.501224271 1.1206659 236 236 236
0.0803656512 0.135750921 0.00351326071 236 236 236
-2.83028662 -1.58126485 1.22223796 107 107 107
-0.976973754 0.587455818 1.34267255 112 118 124
-0.955267983 0.584912131 1.3291472 112 118 124
2.80343889 -0.861201542 1.16864443 87 92 106
-1.61718603 0.599415088 1.17481989 25 26 28
-0.940694315 0.589989257 1.17567565 11 85 38
0.346342027 0.715243701 1.88032976 0 0 0
-1.19032799 0.599366398 0.942006273 6 19 43
-1.39353331 -1.36972377 0.686470129 0 0 0
-0.981871681 0.58305139 0.926874692 124 124 124
-1.06255872 -0.954581564 0.765319134 0 0 0
-0.962867832 -1.29756406 0.941632068 64 68 79
-1.31911033 0.586766736 1.08074401 0 0 0
3.98381119 -1.45810467 0.935271588 0 0 0
-1.31911033 0.586766736 1.08074401 0 0 0
3.95222131 -1.44033221 0.88214978 59 62 72
-0.740025905 0.582128874 1.2993101 124 124 124
3.97395662 -0.471077577 1.12133421 236 236 236
-0.687814801 0.581101692 1.07541349 124 124 124
3.97904104 -0.453036982 1.12466875 236 236 236
-0.690989432 0.577359375 1.07776522 124 124 124
4.05005929 -0.473523848 1.12408662 0 0 0
-0.724694729 0.586172264 0.981522543 93 110 97
4.05005929 -0.473523848 1.12408662 0 0 0
-0.724694729 0.586172264 0.981522543 93 110 97
3.4150219 -0.0203080865 0.78887853 0 0 0
-1.31622084 0.594315767 1.34629287 12 90 38
-0.949590725 0.592344219 1.11210098 124 124 124
-2.15852613 -0.901584454 0.0688153225 67 67 67
-0.743446399 0.595206014 1.00238124 124 124 124
2.91759717 -1.27326673 1.09494959 64 68 79
-0.961963593 0.579227839 0.9417503 124 124 124
-1.33166626 0.590086537 1.11483853 0 0 0
4.04551849 -1.49543993 1.03087689 165 165 165
-2.2383905 0.649225806 0.619128878 113 119 136
-0.672126816 0.588531706 0.92760769 124 124 124
-0.907038983 0.591578741 0.995266678 124 124 124
3.81299109 -1.57743892 0.942119511 231 231 231
-1.22196994 0.595879566 1.02927343 0 0 0
-1.07925774 -1.46082045 0.441238524 231 231 231
-0.852771991 0.588657433 1.55283539 111 113 115
-0.784237584 0.587300518 1.52192394 94 100 111
3.42153137 0.174262745 0.813221786 92 97 112
-1.03195038 0.583627697 1.187022 124 124 124
0.895928345 -1.64910429 1.53749218 231 231 231
-1.22401915 0.596206689 1.16611913 0 0 0
-0.992023566 -1.63227238 0.989126028 59 62 72
-1.23598794 0.589954066 1.09934151 0 0 0
3.80126578 -1.60495501 0.970081108 231 231 231
-1.36280431 0.582364136 1.04141034 0 0 0
-0.963716518 0.583623978 1.34174464 94 100 107
-0.962480566 0.584626383 1.33978019 94 100 107
-1.36598653 0.592107658 1.27719289 6 19 43
3.33137865 -1.56825137 0.802030179 119 125 144
-4.11878517 -0.826813528 0.11863955 70 68 68
-1.294236 0.587987667 1.13195014 141 141 141
3.04682219 -0.030692869 0.973557511 228 228 228
-2.15672972 0.202736211 0.542598263 0 0 0
-0.877649958 0.588350302 1.62109232 87 90 98
4.08061781 -1.47921464 0.999877051 0 0 0
-2.55564341 0.777815882 0.891979157 7 20 42
-0.967470211 0.585881888 1.61897401 9 26 57
-0.967470211 0.585881888 1.61897401 9 26 57
3.11587769 -1.61794702 0.869826229 102 107 123
-1.34531136 0.593792916 1.45481102 0 0 0
-0.507110977 0.585935807 1.50936155 65 72 85
3.99608911 -1.47063407 0.942843665 0 0 0
-0.508139198 0.584432641 1.50974768 65 72 85
-0.67358589 0.586026342 1.52093062 44 54 74
2.94982433 -1.19791856 1.14677489 112 118 135
-0.720375279 0.58665606 1.42460408 111 112 115
4.03874663 -1.47386021 0.984531561 166 166 166
-0.515695569 0.585874591 1.36730758 84 85 90
-2.12750154 -1.62984534 0.976327087 8 8 8
-0.515695569 0.585874591 1.36730758 84 85 90
3.32938355 -1.72451961 0.683711254 231 231 231
-0.505617246 0.588929076 1.34783815 110 116 122
-0.724842563 0.586326967 1.35459259 111 117 123
4.07710104 -0.566071928 1.12194991 0 0 0
-2.36931537 -1.75621195 0.436692303 11 11 11
-0.516910588 0.583861268 1.26158906 96 98 103
2.92252811 -1.34625537 1.34323368 82 87 100
-0.516910588 0.583861268 1.26158906 96 98 103
-0.524549282 0.58658677 1.26037974 100 102 106
-0.524585363 0.586656097 1.26031323 100 102 106
1.59620214 -1.70747965 1.63563948 109 109 109
-0.483296885 0.58778954 1.12518773 11 66 41
-0.487815778 0.586262613 1.65110217 89 92 99
-0.741977037 0.582522981 0.934081789 124 124 124
-0.522470714 0.585361418 1.63910738 87 90 96
-1.9366223 -1.74268894 0.015218717 231 231 231
-3.29888328 0.652378596 0.966677926 66 70 81
0.806823226 0.713402972 1.50844752 140 140 140
3.19748336 -1.82795737 0.833439499 8 8 8
-2.67774263 0.53350437 1.09097086 231 231 231
-0.917189695 0.58592916 1.61508461 78 82 92
3.023561 -0.0735595274 1.06207182 228 228 228
-1.77234011 -0.881923117 1.23486763 107 107 107
-0.886350119 0.586419233 1.60252656 79 84 94
3.023561 -0.0735595274 1.06207182 228 228 228
-0.810214258 0.586036729 1.2585082 124 124 124
-0.886379493 0.586318503 1.60254519 79 84 94
-0.902445244 0.584114284 1.16904738 124 124 124
-0.870367328 0.585410269 1.59700715 14 32 63
2.78494241 -1.37903477 1.3322877 231 231 231
-0.749191174 0.588069658 1.17431883 104 110 117
-0.957860178 0.585895463 1.60293497 84 88 96
-0.931801926 0.5859551 1.59881592 75 79 89
3.00951856 -1.59124612 1.07447767 228 228 228
-0.590968599 0.584859427 1.510914 67 74 88
-1.10805925 -1.48853999 0.414016589 231 231 231
-1.03221091 0.585756155 1.51089767 70 77 89
2.01370666 -0.850812503 0.91086181 59 62 72
-1.03231162 0.585807394 1.51088575 70 77 89
2.55094317 -0.885787214 0.940451076 103 109 125
-1.07179001 -1.55806801 1.02752759 4 4 4
-2.6333642 0.0804897009 0.908213117 228 228 228
1.40098258 0.770184671 0.898980263 9 24 43
2.83916676 -0.902371798 0.868014553 231 231 231
1.25645202 0.773100937 0.890048077 6 21 42
3.04819062 -1.25210682 0.844935982 102 108 124
-2.66687067 0.0611205064 0.0118392569 0 0 0
-0.740945483 0.585731176 1.37744085 14 82 40
3.42786295 -1.67767466 0.817926652 231 231 231
-0.740813353 0.585906442 1.37752258 14 82 40
-6.43482525 -7.80781565 -6.20511763 8 8 8
-0.711433036 0.586205734 1.3650888 11 76 40
0.400157686 -0.667333665 1.68342463 0 0 0
-0.353094842 -1.77091693 0.414196487 8 8 8
-0.71160645 0.586010345 1.36508789 11 76 40
4.06908725 -1.48802722 1.00521746 0 0 0
-2.79534566 0.625750765 1.01297738 95 100 115
-0.72064401 0.586896644 1.36306451 124 124 124
4.06908725 -1.48802722 1.00521746 0 0 0
-0.720341801 0.587615033 1.36327546 124 124 124
3.0495376 -0.0161562254 1.01179625 0 0 0
5.65953411 -1.34499394 1.35756201 130 130 130
-0.767202846 0.586353087 1.35511482 124 124 124
5.66163889 -1.34504347 1.35705897 130 130 130
-0.615860901 0.690484087 1.29088059 17 79 42
3.03569748 0.0137019932 0.984837207 228 228 228
1.75126552 -0.125744723 0.841926693 102 107 123
-0.680240552 0.652023954 1.30753452 17 79 42
3.68854969 -1.72758288 0.683611142 8 8 8
1.49753028 0.520252953 0.814803814 59 62 72
-0.721367033 0.586301622 1.33812146 70 75 84
3.68854969 -1.72758288 0.683611142 8 8 8
6.1976949 2.21994777 -0.19584117 10 10 10
-0.721356372 0.586217715 1.33817479 70 75 84
4.06135779 -0.499346453 1.13295945 0 0 0
-0.107855832 -1.68849769 0.929285031 8 8 8
-0.722969219 0.586053802 1.32986589 70 76 84
4.05472832 -0.471863445 1.12671114 0 0 0
2.37279836 -1.82377988 0.030591753 124 124 124
-0.782336147 0.585661651 1.33622387 18 81 42
4.05472832 -0.471863445 1.12671114 0 0 0
-0.71447565 0.586223873 1.31677803 124 124 124
-0.711858497 0.586038563 1.30687086 11 76 40
-0.10338905 -0.114947649 -0.0100167465 86 81 77
-0.964915348 0.58620399 1.36638204 124 124 124
3.03526155 -0.0709329678 1.06565994 228 228 228
2.55746247 -1.67733605 0.952827634 231 231 231
-0.770147094 0.586159136 1.30675871 22 80 44
4.14767933 -1.51875094 1.08461425 0 0 0
2.54550568 -1.67440001 0.953656721 231 231 231
-0.707956818 0.586946033 1.2863503 124 124 124
3.03849647 -0.819313513 0.827785014 0 0 0
1.90372721 0.284967574 0.732428065 107 112 129
-0.965351723 0.585791271 1.35323741 15 90 39
4.0932423 -1.45580035 0.970813493 165 165 165
-0.960181797 0.58457669 1.35019166 115 120 124
3.0709027 -0.101495589 0.938173623 0 0 0
-0.319309677 -1.77121484 0.871534998 8 8 8
-0.959064657 0.585883886 1.34912117 115 120 124
3.0709027 -0.101495589 0.938173623 0 0 0
-0.800777039 -1.60460165 0.992681539 8 8 8
-0.716319666 0.586068217 1.27988701 82 83 88
4.15070905 -1.44739594 0.941787617 0 0 0
-0.989225786 -1.67999923 0.938742042 8 8 8
-1.32887054 0.595590498 1.4529593 12 90 37
4.15070905 -1.44739594 0.941787617 0 0 0
-0.965040354 -1.70624726 0.918269971 8 8 8
-1.3170158 0.59546222 1.44125277 4 27 10
4.0544195 -0.548123966 1.13164534 236 236 236
-1.00354767 -1.6904351 0.930347395 8 8 8
-0.766633402 0.586323258 1.27911899 74 76 82
4.0544195 -0.548123966 1.13164534 236 236 236
-1.00354767 -1.6904351 0.930347395 8 8 8
-0.766576931 0.586274641 1.2791592 74 76 82
-0.502904382 0.585683836 1.16550217 124 124 124
-0.389147363 -2.15774272 0.585017265 8 8 8
-0.50224402 0.586482704 1.1561894 124 124 124
-1.3210387 -1.58919917 1.00560674 8 8 8
-0.521464005 0.58620379 1.15821855 124 124 124
-2.07290378 -1.28424091 1.22608256 231 231 231
-0.512472963 0.585576576 1.15108986 29 64 52
2.79346475 -0.143703349 1.36570485 116 122 140
-1.12629354 -1.02556756 0.684132806 0 0 0
-0.512514087 0.585520913 1.15113565 29 64 52
2.00414671 -0.934391806 0.970894299 231 231 231
-0.555446267 0.586305919 1.1626667 58 64 74
-0.555108224 0.586614676 1.16268601 58 64 74
1.27568267 -1.76525861 0.89542667 231 231 231
-0.464474004 0.587515491 1.1254833 26 52 50
1.90367457 -1.58264499 0.705449907 130 130 130
-0.464342093 0.587517912 1.12555702 26 52 50
4.03408079 -1.48667939 1.01713144 0 0 0
4.25599852 1.60177627 0.340436975 27 44 31
-0.941276369 0.586621017 1.26075469 87 90 97
3.08452986 -0.815346311 0.808671108 59 62 72
-0.978044849 -0.917374019 0.994101224 130 130 130
-0.941360472 0.586571401 1.26084002 87 90 97
-1.37475208 -1.87659869 0.794480026 8 8 8
-0.99247617 0.58344558 1.26397929 98 100 105
3.03624869 0.0301179723 1.03326711 228 228 228
-2.12781082 -0.922348499 1.24509253 235 235 235
-0.527642815 0.583595709 1.0862265 124 124 124
4.10115233 -1.47426412 0.976764165 0 0 0
-2.10737633 -0.931816847 1.2316464 235 235 235
-0.776606663 0.589464978 1.09082562 68 70 78
-1.12518305 -1.02614615 0.652031369 130 130 130
-0.776606663 0.589464978 1.09082562 68 70 78
-0.0991411227 -0.0292992478 -0.00118936138 235 235 235
-0.801966817 0.585144016 1.09522944 67 70 78
-0.0631598874 0.0296242695 -0.0247421651 235 235 235
-0.965476944 0.587233719 1.14987079 124 124 124
2.73268855 -0.151465148 1.36813729 77 72 68
-0.0836620924 0.0639260258 -0.0113407414 235 235 235
-0.983145853 0.586211941 1.14941114 124 124 124
2.89581107 -0.869228336 1.17840225 59 62 72
2.05502959 -1.64545601 0.982232492 59 62 72
-0.969580198 0.585995359 1.09435794 81 83 88
4.10396885 -1.46902252 0.97877679 0 0 0
-0.0516290153 -1.73503016 1.17884962 130 130 130
-0.976230418 0.620732033 1.06883023 57 61 70
-1.00171232 0.58343911 1.0956176 57 61 70
2.65791025 -0.854952142 0.897272715 59 62 72
-0.268473658 -1.70623995 1.03908027 0 0 0
1.93310759 -1.24922431 0.491579109 104 110 126
-0.769930828 0.584673555 0.976113851 112 118 124
-0.852290802 -1.58609282 0.987261097 231 231 231
-0.710849421 0.585438503 0.908404497 79 81 87
4.08028586 -1.48002263 0.999373869 0 0 0
-0.792284151 -1.61649247 0.967604402 231 231 231
-0.73814071 0.584285787 0.900577974 124 124 124
4.11176024 -1.47801278 0.999642009 165 165 165
-2.30864037 -0.980596437 1.23791477 235 235 235
-0.943193216 0.586485482 0.908648189 69 72 79
2.43962627 -1.69297545 0.94939541 59 62 72
-0.940811011 0.586220445 1.70090687 4 16 42
4.05803346 -1.49341138 1.02293421 165 165 165
-2.69166743 -0.53112804 1.75287237 59 62 72
-1.01213508 0.587261229 1.69414361 12 90 38
-0.894251307 0.586127845 1.68306695 124 124 124
-2.11186898 -1.13354715 1.23098711 234 234 234
-1.01699223 0.586080386 1.68831394 4 13 39
-2.25376913 -1.06309312 1.23105797 0 0 0
-1.02404904 0.584170442 1.68379744 12 90 38
4.18928361 -1.44832123 0.895337461 59 62 72
-2.25682745 -1.00916037 1.23394347 0 0 0
-0.50308641 0.585161429 1.63950296 101 103 109
-2.25682745 -1.00916037 1.23394347 0 0 0
-0.438390749 0.585082144 1.62174016 101 103 109
3.39682349 -1.64614515 0.724929941 231 231 231
-2.29344155 -1.03940818 1.23694942 235 235 235
-0.509433738 0.586315524 1.6200093 22 29 33
4.12683108 -1.49699098 1.07016242 0 0 0
5.86544174 -1.06753022 1.44334861 59 62 72
-0.663245003 0.585863244 1.6183018 82 86 96
4.14436209 -1.43698387 0.906313231 166 166 166
1.97701765 0.419773466 0.943963032 130 130 130
-0.849582476 0.587698023 1.61847611 75 79 90
-0.977101682 -1.22454087 0.923807695 59 62 72
-1.02210925 0.585948002 1.63587255 72 75 85
-0.971458221 -1.29974741 0.661122074 231 231 231
-0.845972451 0.585659249 1.60238356 91 94 102
2.80060314 -0.858226312 1.25153167 58 61 70
-0.971458221 -1.29974741 0.661122074 231 231 231
-0.997056274 0.587143004 1.6192563 65 69 81
3.01140393 -1.41218646 1.08589591 0 0 0
-2.28244996 -1.05374432 1.23820074 0 0 0
-0.861777303 0.586822087 1.60193475 75 79 91
-0.861777303 0.586822087 1.60193475 75 79 91
2.8319974 -1.20742943 1.27551766 231 231 231
-0.874908363 0.585824899 1.60259521 83 86 96
2.8319974 -1.20742943 1.27551766 231 231 231
-2.29029798 -1.06600664 1.23682501 0 0 0
-0.874908363 0.585824899 1.60259521 83 86 96
2.31676565 -0.853771462 0.885338336 104 109 125
-0.91389789 0.585464306 1.60249406 98 101 106
-0.944192581 0.585459904 1.60244886 88 91 98
2.04116731 -0.858346123 0.913500319 97 103 118
-0.888507585 -1.63251335 0.940657859 231 231 231
-0.521147465 0.585956264 1.52778992 59 65 78
2.67604425 0.729494303 0.958856172 123 123 123
-2.26221374 -1.01205277 1.2350843 0 0 0
-0.594242683 0.572915124 1.52178376 94 100 111
3.18950799 -1.76647886 0.87585431 229 229 229
1.24708941 -1.637758 1.0456948 231 231 231
-0.95486005 -1.64328912 0.988875793 59 62 72
-1.0200216 0.585898934 1.52828571 55 61 75
4.10959515 -0.588845086 1.12408752 0 0 0
-1.0200216 0.585898934 1.52828571 55 61 75
-2.26180166 -1.05863559 1.22866212 0 0 0
-0.966634843 0.58594431 1.51047364 67 74 87
-0.200277722 -1.76297942 1.21029527 231 231 231
1.98366859 0.42692687 0.974198882 0 0 0
2.32341271 -1.84821597 0.14472836 231 231 231
-1.00711568 0.585863633 1.5109249 73 80 93
2.98373005 -1.34888601 1.34300025 231 231 231
-0.215770455 -1.70044477 1.10021179 130 130 130
-0.712753342 0.585676546 1.33306166 124 124 124
2.63360339 0.742167541 0.933252382 9 9 9
0.0733732694 -1.83480077 0.916807398 74 74 74
-0.511078321 0.5874803 1.27743152 80 82 88
0.0733732694 -1.83480077 0.916807398 74 74 74
-0.511078321 0.5874803 1.27743152 80 82 88
3.5000778 -1.72247381 0.671625145 8 8 8
-0.545238057 0.586746033 1.28033225 84 86 91
-2.24006311 -1.00140242 1.22824683 235 235 235
-0.548052556 0.584672335 1.28152316 84 86 91
3.4785792 -1.75852848 0.63533627 8 8 8
-0.729439242 0.584728039 1.31626757 35 63 57
3.00450144 -1.57618047 1.08322107 0 0 0
-0.729116348 0.585742056 1.31707483 35 63 57
2.94560411 0.240182702 1.25417417 59 62 72
0.744316825 0.772258303 0.859929798 9 11 14
0.35592414 0.769659529 0.937559507 57 57 57
2.74518469 -1.38828124 0.99402912 72 76 87
-1.33333878 0.595382634 1.44868193 3 23 7
2.98026601 -1.3221286 1.05367698 107 113 130
1.93470894 -1.70148888 0.532580422 231 231 231
-0.499844137 0.584812142 1.14199343 124 124 124
2.74994331 -1.39773728 0.957244948 69 73 85
-0.0843090208 -0.0832094141 0.000945146777 0 0 0
0.10486581 0.76887856 0.889402995 29 30 30
5.22095009 0.590070313 1.46540662 62 65 76
0.104540197 0.768645256 0.889651697 29 30 30
3.02169283 -0.014952182 0.982454708 0 0 0
0.210700765 0.768982964 0.84579525 29 30 30
3.02169283 -0.014952182 0.982454708 0 0 0
-0.966491241 0.586644392 1.27944557 60 64 73
-0.998173737 -1.67673886 0.928232996 231 231 231
-0.966491241 0.586644392 1.27944557 60 64 73
3.07291623 0.059583326 0.940265005 0 0 0
-0.708077585 -1.95726285 0.733285326 8 8 8
-0.523173971 0.585698129 1.12817788 124 124 124
2.85549849 0.702013535 0.792019746 231 231 231
-1.1135754 -1.06128701 0.670260061 0 0 0
1.75070747 0.707067591 0.239117737 212 212 212
3.88221929 -0.604481407 1.12013591 234 234 234
1.58666095 -1.62856281 0.65553575 231 231 231
-0.752806615 0.58578621 1.09414859 100 102 104
-1.04080334 -0.932241955 0.82812307 130 130 130
-0.75294756 0.585575023 1.09429357 100 102 104
-1.11554814 -1.02738205 0.67732487 0 0 0
-1.36093159 0.595902679 1.32533301 73 76 78
2.92028832 -1.32360096 1.33105499 231 231 231
-1.11829966 -1.0857031 0.647192694 130 130 130
-0.961524019 0.586241507 1.15802294 124 124 124
2.16151258 0.278150359 0.948122019 92 97 111
-0.106862183 -0.0797119308 0.00377290215 235 235 235
-0.950099601 0.586394447 1.14331623 124 124 124
2.16151258 0.278150359 0.948122019 92 97 111
-0.959235032 0.583617328 1.13818092 11 80 39
2.85011683 -0.862630516 0.99308445 69 73 85
2.0381936 0.530860821 1.09292224 130 130 130
-1.00593951 0.582812324 1.08720496 124 124 124
0.0535148286 0.705417689 0.445281717 141 141 141
1.0989799 -1.64439728 1.00561562 100 100 101
0.053640998 0.705372063 0.445537112 141 141 141
2.14810882 0.114415657 0.935785792 130 130 130
0.0650740386 0.713904794 0.404050328 141 141 141
0.193241707 0.712043834 0.292343208 141 141 141
1.91708521 -1.44348267 0.524947812 59 62 72
-0.956856042 0.587235829 0.90799676 108 109 112
-0.00176917961 0.708892956 0.259834427 141 141 141
2.97556191 0.540678689 1.33798558 99 105 120
-1.21066212 0.591063491 1.01893247 0 0 0
2.78488793 0.260936601 1.06251789 65 68 79
2.0122771 0.466808317 1.03129836 0 0 0
-0.932741141 0.585929242 1.69840099 124 124 124
2.86919499 -0.168997234 1.33348001 109 115 132
-0.980379277 0.586572909 1.69606162 4 15 41
2.94454761 -1.6670769 1.26058742 95 100 115
-1.02366342 0.585295088 1.69301851 12 90 38
2.08623252 -0.901429069 1.06754917 231 231 231
-0.55468754 0.585903686 1.63890505 102 106 111
2.69397952 -0.889259173 1.1942823 59 62 72
2.31676565 -0.853771462 0.885338336 104 109 125
-0.583850012 0.585853773 1.63516909 4 5 9
-0.843718085 -1.63066121 0.990188943 231 231 231
-0.719231384 0.585870844 1.62651608 13 31 62
3.09670222 -0.113919738 0.887948929 228 228 228
-2.34460842 -1.10588962 1.2429564 0 0 0
-0.719182969 0.585954132 1.6265088 13 31 62
-2.34434277 -1.10770866 1.24187538 0 0 0
-0.812829886 0.586968258 1.62648068 12 30 61
3.9457829 -0.473540002 1.12031233 0 0 0
-2.21671952 -0.932942632 1.26224214 0 0 0
-0.724873448 0.58660074 1.61141422 15 33 64
-1.10892004 -0.923265445 0.548690377 59 62 72
-0.974207228 0.588194616 1.63452036 65 69 80
-0.830101151 0.585659093 1.6186665 98 100 105
-1.01066309 0.587156396 1.63511679 57 61 74
3.89958272 0.37557581 0.853540538 112 117 134
-2.30271845 -1.04401359 1.23821372 235 235 235
-0.936852906 0.586133213 1.62661614 9 27 57
-2.386516 -1.12800079 1.22793314 235 235 235
-0.936852906 0.586133213 1.62661614 9 27 57
1.93338229 -0.857586022 0.939365222 231 231 231
-2.27335734 -1.02765693 1.23533309 0 0 0
-0.953121495 0.586409768 1.6270372 8 26 56
2.63551426 -0.866701999 0.968003643 59 62 72
-2.33027338 -0.960653689 1.24114859 0 0 0
-0.953121495 0.586409768 1.6270372 8 26 56
2.90677556 -1.50254191 1.37025142 98 103 118
-2.33129688 -1.00131389 1.24242357 0 0 0
-0.978147434 0.582034767 1.6274399 8 25 55
2.96816909 -0.941783939 1.38449031 98 103 118
-1.08222354 -1.0411129 0.741694434 130 130 130
-0.946274406 0.586252228 1.61952588 29 40 63
1.60695897 -0.905322902 1.0962257 0 0 0
-0.0422377033 -0.0152592606 -0.0019797282 235 235 235
-0.946274406 0.586252228 1.61952588 29 40 63
-0.959715736 0.585991013 1.6189287 92 95 101
2.98969196 -1.24250297 0.990634382 113 119 136
-0.91060415 0.585889391 1.61050632 12 30 60
-0.640112128 -1.68849079 1.01954128 231 231 231
-1.02053758 0.585688432 1.6194669 82 85 95
-1.02053758 0.585688432 1.6194669 82 85 95
2.91054668 0.286083771 1.14230481 112 118 135
-0.900126218 0.58624073 1.60264277 54 61 79
3.02130646 -0.0894535199 1.13342182 228 228 228
-1.0173786 0.586296183 1.61148828 7 25 55
4.01759216 0.166630647 0.860655435 0 0 0
-1.00325454 0.586657758 1.60239006 73 77 87
4.01201372 0.21764529 0.858356624 0 0 0
-3.34970253 -0.252022404 0.860021397 59 63 73
-1.02122299 0.587022393 1.60298182 80 83 91
4.13478631 -0.587210047 1.11647378 235 235 235
-0.974069835 0.598058386 1.25588595 102 104 108
-0.771435923 0.586795193 1.52763452 69 76 88
3.88269565 0.0618395171 0.799792708 115 121 139
-0.70859446 0.590520361 1.25896154 102 104 107
-0.784570758 0.586183908 1.51895762 94 101 111
-0.532705353 0.594246342 1.29257787 96 97 100
-0.798035354 0.584569389 1.52001656 94 101 111
3.04778759 -0.0550334487 1.00838881 0 0 0
2.00006882 0.480122066 1.00514949 130 130 130
-0.537096433 0.590722244 1.25827786 102 104 108
2.00006882 0.480122066 1.00514949 130 130 130
-0.537096433 0.590722244 1.25827786 102 104 108
-1.03931235 0.58622336 1.52949522 42 49 65
2.44205775 -0.162345999 1.3301268 79 77 77
-1.37956789 0.588065415 1.00962705 142 142 142
1.98753886 0.47435074 0.978680771 0 0 0
3.35877162 -1.84534928 0.627785673 8 8 8
-0.55325273 0.589973836 1.15491772 116 117 117
1.98744545 0.474303673 0.978702999 0 0 0
3.5000778 -1.72247381 0.671625145 8 8 8
-0.725310633 0.591323003 1.08971925 75 77 83
1.98032224 0.481120348 0.950766843 130 130 130
-0.959496776 -1.1657694 1.00322016 59 62 72
1.98030622 0.481062514 0.950750477 130 130 130
-1.03177317 -1.45852537 1.02243915 103 108 124
-1.91427002 0.203554264 0.674086712 97 102 117
1.97280077 0.39091091 0.954311082 130 130 130
0.840810007 -1.64677987 1.4916584 99 99 100
-0.502279405 0.598250354 1.14646315 123 123 123
1.97280077 0.39091091 0.954311082 130 130 130
-5.63247596 -0.455791925 0.962958561 180 180 180
-0.948296843 0.593307824 0.988436885 120 121 120
1.96245877 0.421082688 0.924123445 130 130 130
1.96242858 0.421101027 0.924087602 130 130 130
-0.98692264 0.587477302 0.908455108 91 92 96
1.58402756 0.783730418 0.894392013 123 123 123
-0.812639385 0.590264376 0.887029756 108 109 112
0.878793057 0.770539381 0.847380849 29 30 30
2.99747519 0.651300079 0.956165167 5 5 5
-0.753934513 0.586063125 1.31531335 49 67 68
-5.01354536 -2.97678723 -0.0099017124 8 8 8
-1.33144789 0.595811498 1.45843046 2 23 7
-0.759323477 0.584464381 1.27170447 124 124 124
2.79553856 -2.22520651 0.486218509 8 8 8
-5.49340995 -3.82750389 -1.83196391 8 8 8
-0.803656716 0.582630067 1.28176263 77 79 85
-5.49340995 -3.82750389 -1.83196391 8 8 8
-0.479824345 0.584135784 1.15040555 124 124 124
2.95350271 0.809777237 0.863119155 9 9 9
-0.337631447 -1.75755859 -0.0129354093 8 8 8
-0.929666446 0.585409969 1.28099774 58 62 72
0.7122455 0.801550515 1.49607682 0 0 0
-1.48418358 0.589503863 1.26155822 20 22 22
-0.524988127 0.58863111 1.1456622 124 124 124
-0.943927325 0.586244188 1.28018289 106 107 109
-1.40120561 0.615372052 1.0759454 142 142 142
-0.943927325 0.586244188 1.28018289 106 107 109
-1.23609466 0.570367744 1.11218464 142 142 142
-0.548043544 0.58227844 1.15236098 124 124 124
-1.30639973 0.59995085 1.08496579 142 142 142
-0.548043544 0.58227844 1.15236098 124 124 124
-0.950335565 0.584979578 1.27139773 124 124 124
-1.32579391 0.583729398 1.07946754 142 142 142
0.0980670683 0.772151345 0.845083497 29 30 30
-1.97340855 -1.76901206 0.87407582 8 8 8
-1.37860229 0.595908317 1.31348222 91 91 91
-0.943807946 0.586169992 1.13325032 11 59 42
-5.92114872 -0.512057134 1.03837121 0 0 0
-0.991979089 0.588110362 1.09306899 89 91 94
-0.943779732 0.586084533 1.13332599 11 59 42
-5.64623542 -0.526904389 1.05970696 0 0 0
-1.13093927 -1.5603496 1.02595521 8 8 8
-1.21319948 0.58561041 1.18680257 0 0 0
3.10187124 -1.76771149 0.906692879 8 8 8
-1.02882077 -1.55129005 1.03303397 8 8 8
0.961102997 0.75286635 -0.0489544132 231 231 231
-1.00824454 -1.18917015 0.95678584 59 62 72
-1.31981482 0.581526776 1.11455131 142 142 142
2.71789439 0.266670066 0.838882269 60 63 74
-0.543415829 0.582704395 1.11675026 119 119 119
-1.31981482 0.581526776 1.11455131 142 142 142
-0.99296351 0.590094514 0.938897437 77 81 89
-1.192548 0.605119633 0.932567979 6 19 43
-0.463147008 0.594931202 1.07014549 104 105 109
-0.972834184 0.586584844 1.70195208 124 124 124
1.66170715 1.17166693 0.389313026 9 9 9
-0.463147008 0.594931202 1.07014549 104 105 109
-0.972834184 0.586584844 1.70195208 124 124 124
1.66170715 1.17166693 0.389313026 9 9 9
-0.926601381 -0.966838914 0.865731182 0 0 0
-0.973636009 0.586195653 1.68439794 124 124 124
4.09141267 -1.47348628 0.981657032 166 166 166
-0.228976101 -1.70167269 1.02780754 130 130 130
-0.585158702 0.585757973 1.64773637 98 103 107
-1.29140179 -2.28388782 -0.14701817 8 8 8
-0.585115427 0.585736747 1.64769228 98 103 107
-1.58281051 0.597849726 1.21346086 25 28 29
-0.524510325 0.58609453 1.62930321 100 105 109
4.15207998 0.318052038 0.856813521 0 0 0
-1.43668294 0.612921933 1.23654461 142 142 142
-0.554284385 0.585697041 1.62679894 5 6 10
-1.45242032 0.618584719 1.23277842 142 142 142
-0.49402179 0.58470561 1.61831793 105 108 113
-1.67406065 0.595940687 1.17574848 15 17 18
-0.836839199 0.587527165 1.60851233 14 32 63
1.2880411 0.695019325 1.19856977 0 0 0
-1.74402263 0.594591415 1.15822809 8 9 10
-0.966911214 0.586038678 1.61097637 9 27 58
-1.19874977 0.593340282 1.17591508 149 149 149
-0.966892618 0.585997319 1.61099744 9 27 58
2.01056752 -0.922022217 0.627993413 69 73 85
-0.725857959 0.588211498 1.26903249 124 124 124
2.00012826 0.0420133868 1.00467492 130 130 130
-0.686443614 0.587326511 1.27826257 85 87 91
2.00026682 0.0420625634 1.00452871 130 130 130
-0.673078921 0.580020173 1.28188763 85 87 91
1.97403476 0.0113045951 0.95306704 0 0 0
-1.30628744 0.588086719 1.09698684 0 0 0
1.97403476 0.0113045951 0.95306704 0 0 0
3.10541398 -0.0392165196 -0.122102815 231 231 231
-1.30636001 0.588043074 1.09697421 0 0 0
-1.33209272 0.576121032 1.08829085 0 0 0
1.96762676 0.0406963793 0.925296908 130 130 130
2.82578348 -1.14217129 1.31052505 231 231 231
-0.753446317 0.586280242 1.36762384 124 124 124
-0.716344773 0.589607125 1.08193749 122 122 122
1.94068815 0.180624088 0.796221944 105 110 126
-0.122236791 -1.34770312 1.18082674 8 8 8
1.13858981 0.746042359 0.867616368 231 231 231
-0.122236791 -1.34770312 1.18082674 8 8 8
1.13824505 0.745856367 0.867762443 231 231 231
-0.803696172 -1.74210565 0.891212472 8 8 8
-0.70720804 0.586776314 1.34972219 124 124 124
2.88908627 -1.32627808 1.02256186 92 97 111
-1.04600842 -1.12686894 0.826499444 130 130 130
0.976581996 0.772590401 0.851005235 29 30 30
3.08825784 -1.57220834 0.959295518 228 228 228
0.627756138 0.766032313 0.910276447 9 11 14
3.07078628 0.633249755 0.974704047 5 5 5
-1.19472155 0.591910771 1.13800731 155 155 155
-0.770945112 0.585239413 1.32486682 124 124 124
2.96878537 0.651998264 0.917798953 106 111 127
-1.1525232 0.574569302 1.12272792 155 155 155
0.280606034 0.766937899 0.915651212 9 11 14
4.08973903 -1.4859679 1.005252 0 0 0
-0.514702039 0.588684694 1.27721861 86 88 92
0.241964489 0.769848591 0.86953828 9 11 14
4.08973903 -1.4859679 1.005252 0 0 0
-0.521318049 0.592451786 1.27547583 86 88 92
-0.498660046 0.581836353 1.14859886 124 124 124
0.0257715717 0.704441677 0.473197787 0 0 0
-1.42873811 -0.829364678 0.535857219 67 67 67
-0.932214707 0.59974026 0.973714583 12 89 38
-0.948521868 -1.1036522 0.739286342 197 197 197
-0.978617473 0.588318356 0.981241754 124 124 124
3.85265928 0.0674465006 0.814323947 108 113 129
-1.35734595 -0.877254882 0.551170962 107 112 129
0.0957243367 0.707266683 0.360515748 141 141 141
-2.00802408 0.595759941 0.188661919 231 231 231
-0.983373385 0.581417421 0.928796818 124 124 124
-0.308958659 -1.70472584 0.917750038 8 8 8
-1.29948248 0.586980748 1.08112295 0 0 0
-1.29937106 0.586388633 1.08048709 0 0 0
3.43034051 -0.0350330328 -0.0151283524 231 231 231
-0.0153704271 -0.162187764 0.0910742404 236 236 236
-1.39388689 0.600681096 0.952440433 142 142 142
2.01234582 0.502392626 1.02818564 0 0 0
-1.54977306 0.599449515 1.21178151 69 79 75
1.99434689 0.456019224 1.00309569 130 130 130
2.79730097 -1.62362006 1.3030525 59 62 72
1.98861924 0.498236336 0.979667134 0 0 0
2.83858278 -1.54398171 1.34726481 0 0 0
-1.29429505 0.589133656 1.11512 142 142 142
2.01084046 0.0659402115 1.02704911 0 0 0
-0.946251664 -1.14320595 1.03985123 117 123 141
2.05685904 0.250456014 0.943597709 59 62 72
1.99782927 -0.84615952 0.935238527 231 231 231
-0.552799279 0.58770919 1.16432889 88 90 94
1.98277314 -0.0129168163 0.974785028 130 130 130
3.07602742 -1.38930945 0.954195519 228 228 228
-0.513543721 0.586478004 1.1264917 124 124 124
1.98300453 -0.0128682866 0.974600696 130 130 130
3.02691399 -0.858837898 0.933302063 109 114 131
1.96562534 -0.0134705971 0.930720988 130 130 130
-0.476528954 0.577428545 1.1141856 124 124 124
-0.737748147 0.591378342 1.33651777 124 124 124
1.90718022 -1.39638188 0.783752069 0 0 0
-1.41264583 -0.824959437 0.513174871 106 112 128
0.535870001 0.737177588 0.966645838 57 57 57
-2.08355365 0.628567329 0.178410542 5 5 5
0.650766378 0.767650233 0.856610413 29 30 30
-1.08481459 -1.24514149 0.488394446 91 96 110
0.1245377 0.761862342 0.916968362 9 11 14
-1.05794968 -1.21758265 0.491393283 96 101 116
-0.542958816 0.588264938 1.16579926 94 95 99
2.91267586 0.531576541 1.32926231 56 57 57
-1.22307262 0.584354254 1.1282085 0 0 0
-0.476159875 0.58788052 1.12575147 10 74 40
2.87932184 0.538630061 1.32288661 56 57 57
-0.947388668 -0.992538624 0.841054975 0 0 0
-0.550270251 0.585208315 1.12868209 11 69 41
-0.95038184 -0.962484948 0.836344468 197 197 197
1.75657576 0.706107833 0.157442441 122 122 122
3.2313365 -1.75222787 0.852667515 231 231 231
-0.24065889 -1.7051114 1.0356765 130 130 130
1.75657576 0.706107833 0.157442441 122 122 122
3.2289192 -1.75407929 0.851719065 231 231 231
-0.233690744 -1.70295436 1.01260426 0 0 0
0.168201492 0.716273624 0.458040935 0 0 0
3.04766074 -0.204752979 0.945652641 110 116 133
-0.322042279 0.729007981 -0.00954228668 231 231 231
0.104889951 0.707486667 0.40286303 0 0 0
3.02188536 0.652289168 0.944360843 5 5 5
0.0407715967 0.70711791 0.389727524 0 0 0
4.12082087 0.183779811 0.864495333 236 236 236
-2.18323711 -0.952639649 1.2384392 0 0 0
0.0407790492 0.707110824 0.38970767 0 0 0
4.12082087 0.183779811 0.864495333 236 236 236
-1.28269648 0.585298903 1.06345644 142 142 142
-1.31818571 0.577927207 1.1565152 142 142 142
4.11269337 0.281641133 0.858203688 236 236 236
0.743729657 0.707437253 1.56577293 0 0 0
-0.993751465 0.587625388 1.69403315 4 15 40
-3.88421197 -1.02428791 0.0256851587 108 106 106
-0.993976747 0.586922176 1.69408655 4 15 40
3.05470249 0.587997566 1.23541956 93 98 113
-0.977884412 0.587132533 1.68768078 4 14 40
4.2293147 0.525632762 1.51217814 108 114 131
0.584736057 0.698050656 1.46063028 137 137 137
3.033911 -1.22937478 1.00339522 112 118 135
-0.67468657 0.58623773 1.61784139 79 82 93
3.03975541 -0.0693353191 1.02176393 228 228 228
-0.67468657 0.58623773 1.61784139 79 82 93
3.0403589 -0.0695603441 1.02191387 228 228 228
-0.526459279 0.583806345 1.5104343 75 82 94
3.05888428 -0.0996509273 0.935494637 0 0 0
-0.762092038 0.586121875 1.5101565 75 81 93
-0.796602264 0.585674499 1.51066265 70 77 89
4.35347182 0.562518914 1.28986225 83 87 101
-0.796602264 0.585674499 1.51066265 70 77 89
3.90696136 0.396654348 0.949574782 82 86 99
2.0942173 0.772689233 0.905466019 123 123 123
4.3060923 0.525719767 1.15228982 231 231 231
-0.734602038 0.585729042 1.42972088 53 57 68
4.16922171 0.147778206 0.872251644 0 0 0
-0.544784591 0.58544301 1.34705307 124 124 124
1.31210582 0.702691502 1.17556793 100 105 120
-0.539328941 0.585027596 1.31057919 124 124 124
2.83529218 -1.57460136 1.31249171 231 231 231
-0.483026667 0.584804184 1.27938074 92 93 97
2.82856809 -1.57929944 1.31118066 231 231 231
-0.571159518 0.58571835 1.26156818 96 99 104
2.94492804 -1.37643468 1.33207062 231 231 231
-0.955921072 0.586185536 1.35813088 124 124 124
2.9192674 -1.39083205 1.32788735 231 231 231
-0.973889072 0.585544549 1.3583529 124 124 124
1.78254301 0.692437137 0.211851814 171 171 171
3.99211042 0.313288944 0.859146314 0 0 0
-0.932673958 0.585709748 1.26280164 100 102 106
-0.939427299 0.588018262 1.1791038 13 56 43
-0.778120964 0.587743202 0.912637834 124 124 124
2.7496433 -0.129843789 1.36421967 115 121 139
0.750703765 0.7078397 1.64505552 140 140 140
2.94361446 -1.14995315 1.33006129 231 231 231
0.750692653 0.707806204 1.64499216 140 140 140
-6.82170049 1.07071741 -2.95179176 0 0 0
0.693865716 0.707625954 1.64741855 140 140 140
0.693865716 0.707625954 1.64741855 140 140 140
4.28595498 0.552861785 1.17754493 29 30 30
0.694032655 0.708196268 1.61257471 140 140 140
-0.0896868672 0.138734898 -0.0039131735 0 0 0
0.694177769 0.708288947 1.61158268 140 140 140
-0.470632935 0.586030889 1.6857352 79 82 88
-0.469301352 0.588340778 1.68542515 79 82 88
3.04481486 -0.0906387854 1.04278178 0 0 0
0.664633676 0.707967718 1.5911127 140 140 140
0.664998355 0.708320345 1.5922884 140 140 140
4.06527945 0.184822986 0.865636461 236 236 236
-0.861865997 0.585768288 1.70500734 124 124 124
-0.861865997 0.585768288 1.70500734 124 124 124
2.04464721 -0.960309356 1.02604419 115 121 138
0.750913516 0.708235072 1.58511835 140 140 140
2.02601009 -0.966892334 1.02089549 115 121 138
-0.966949847 0.586985208 1.70350896 124 124 124
-0.902424181 0.586383627 1.69851832 4 17 43
3.82504615 -0.224793294 1.11652188 129 126 126
-1.01806407 0.585683128 1.69841473 4 14 39
-0.488115116 0.584540304 1.64172993 92 94 101
0.621800146 0.702627778 1.52134731 0 0 0
4.04149143 -0.50977475 1.15011251 0 0 0
-0.664942216 0.585759626 1.63434088 75 79 90
4.2629707 0.0523279071 0.853047774 116 122 140
-0.484561323 0.585033639 1.60904727 6 8 14
-2.22689193 -0.886997611 1.1932828 61 61 61
-0.820873593 0.586678107 1.63435859 77 81 92
4.21286194 0.136636843 0.842268073 116 121 139
-0.805997658 0.586566938 1.63366632 85 89 97
2.93796489 0.671791184 0.988870933 10 10 10
-0.702874318 0.585431468 1.61821961 86 90 98
2.93796489 0.671791184 0.988870933 10 10 10
-0.895170371 0.585829687 1.63981094 9 26 56
3.04547629 0.0138382528 0.978154797 0 0 0
-0.752585884 0.586398473 1.61800507 81 85 95
2.92296205 -1.25509057 1.18099322 71 75 87
-0.752668873 0.586243697 1.61804269 81 85 95
2.843424 -1.17142044 1.36180555 154 154 154
-0.913549249 0.585209392 1.60253931 77 81 92
-0.945477477 -1.26959521 0.667860615 59 62 72
-0.957833394 0.585591594 1.60281452 77 80 91
-0.556396193 0.585958565 1.52719521 70 76 88
2.95575476 -0.859022684 1.18102691 107 113 130
-0.556396193 0.585958565 1.52719521 70 76 88
1.73170946 -1.51247089 1.10498134 231 231 231
-0.565133619 0.585925071 1.52702226 45 52 67
-0.749799322 0.585507307 1.51063256 79 85 98
1.40613631 -1.58894212 1.20566903 231 231 231
-0.71156803 0.585990145 1.36498399 12 86 38
3.93654737 0.491186266 1.20438371 10 10 10
0.507273604 0.730069328 0.963639046 57 57 57
3.93654737 0.491186266 1.20438371 10 10 10
-0.769762016 0.58634373 1.36495637 12 89 38
3.96560944 0.321195172 0.844698183 0 0 0
-0.699381373 0.586637953 1.33545112 12 87 38
2.02259653 -0.851532099 0.850655219 59 62 72
-0.716160628 0.585740149 1.28001689 68 71 78
4.27917484 0.583255839 1.37788097 108 113 130
-0.729891374 0.586909771 1.27861737 47 52 63
4.06272286 -0.534841336 1.11528977 0 0 0
-0.729891374 0.586909771 1.27861737 47 52 63
-0.963476576 0.58729052 1.34487148 123 123 124
-0.794873936 0.586174928 1.27945681 69 72 79
-0.794901859 0.586095974 1.27952525 69 72 79
-0.689430547 0.586203544 1.09297701 95 96 100
-0.689430547 0.586203544 1.09297701 95 96 100
4.30691341 0.514074782 1.13047087 5 5 5
0.0783222911 0.703490058 0.356962504 141 141 141
0.0783222911 0.703490058 0.356962504 141 141 141
0.610523963 0.710083754 1.67334943 140 140 140
0.721276826 0.707959737 1.63981768 0 0 0
-0.897348546 0.587271243 1.70452636 124 124 124
2.07978761 0.562257482 1.27191686 0 0 0
-0.890005216 0.586061835 1.69859466 4 17 44
-0.890005216 0.586061835 1.69859466 4 17 44
1.42630471 -1.39470733 1.14965852 105 106 109
-0.890340755 0.585314591 1.68988739 4 17 43
-0.890340755 0.585314591 1.68988739 4 17 43
1.79217028 -1.11477464 0.908705879 231 231 231
-0.683168203 0.585743391 1.63390384 88 92 100
-0.735480389 0.582644393 1.63611807 85 88 97
-0.748208887 0.586199249 1.634497 73 77 89
2.91206125 -1.29386556 1.00833947 69 73 85
-0.748232817 0.586164505 1.63447971 73 77 89
3.04602911 -0.845628156 0.970209435 105 110 127
-0.793728608 0.586166871 1.63576092 79 83 93
-0.689201949 0.586389255 1.61806572 74 78 91
-0.689772696 0.585768632 1.61830264 74 78 91
4.06456347 0.255137978 0.862818824 236 236 236
2.88822214 0.755196448 1.12148474 18 20 20
-0.839996667 0.585674251 1.61812002 66 74 90
-0.839996667 0.585674251 1.61812002 66 74 90
4.3123717 0.533192498 1.18058272 124 124 124
-0.979865602 0.582143254 1.63535267 77 80 89
4.31410968 0.521451383 1.15685082 231 231 231
-0.979865602 0.582143254 1.63535267 77 80 89
4.1464962 0.15201887 0.856924149 0 0 0
-0.881947629 0.585462158 1.61882501 50 58 76
4.23818974 0.319246212 0.862772958 116 122 139
-0.881947629 0.585462158 1.61882501 50 58 76
-0.771435923 0.586795193 1.52763452 86 92 104
3.00799419 0.683900829 0.835266634 5 5 5
2.28733559 0.770312565 0.90022849 123 123 123
2.12297885 0.756064636 0.911301818 123 123 123
1.95253488 0.784818953 0.892872281 123 123 123
3.99051175 0.311058656 0.853895297 0 0 0
1.76526444 0.753207926 0.913852368 124 124 124
3.99051175 0.311058656 0.853895297 0 0 0
-1.00966724 0.586849304 1.52796762 33 42 59
1.88342475 0.3829385 1.22468333 158 158 158
1.99414515 -0.0227988076 0.999692034 0 0 0
2.03687858 -0.997501959 0.980745329 231 231 231
1.98639391 -0.0386163453 0.984030647 0 0 0
3.1595895 0.618291944 0.979370355 5 5 5
1.60663227 0.76628613 0.88231529 60 60 60
-0.737076609 0.581475824 1.36820711 124 124 124
3.89632647 0.432117405 0.999329464 88 93 107
-0.767407891 0.586373339 1.316486 124 124 124
3.88256593 0.476247006 1.15457076 5 5 5
-0.925155622 0.585922631 1.27954602 109 109 111
3.83836228 0.503238432 1.17808625 231 231 231
-0.925155622 0.585922631 1.27954602 109 109 111
4.03744516 0.29005423 0.861771548 0 0 0
2.24881308 0.758335006 -0.0622552511 231 231 231
4.1274213 0.630792895 1.22048069 94 99 114
-0.992540084 0.588028161 1.27016819 124 124 124
3.85445295 0.4337328 0.919461937 88 92 106
1.01372621 0.484294063 0.344226074 231 231 231
-0.916695007 -0.90621861 0.830558169 197 197 197
-0.970422016 0.584312386 1.08652271 124 124 124
-1.49298296 -1.60304584 0.347975509 168 168 168
-0.440918271 0.58569524 1.71989365 55 61 77
-2.0954757 -0.939037778 0.0164421963 107 107 107
-0.769398468 0.585937959 1.62644734 13 31 62
3.98135618 0.151407088 0.853303795 0 0 0
-0.839561402 0.587184607 1.62655611 12 30 60
-1.05184081 -1.2871496 0.53300461 118 124 142
-0.863250037 0.586856932 1.62689911 11 29 60
3.092214 -0.116701422 0.882764668 228 228 228
-0.863250037 0.586856932 1.62689911 11 29 60
-0.848991221 0.582258868 1.61126776 13 31 62
4.16355219 0.31092937 0.869639927 0 0 0
-0.93147995 0.586380279 1.60148488 67 72 85
3.88292443 -0.40296919 1.12232197 234 234 234
1.99882687 -0.0451073889 1.00474691 130 130 130
1.95942865 0.512915229 0.895094382 0 0 0
-1.03520168 0.584807803 1.5203502 94 101 111
-0.751817924 0.583924546 1.43229746 100 102 105
3.70861024 0.188319046 1.18725201 0 0 0
-0.751817924 0.583924546 1.43229746 100 102 105
2.02196248 0.240204611 0.828745666 59 62 72
-1.10898117 -1.63783666 0.974371573 231 231 231
-0.494591846 0.584833204 1.33470307 102 114 113
-0.489435974 0.585249168 1.16413463 11 79 39
2.87808776 -0.890322944 1.29269012 65 69 80
-0.4894526 0.585262695 1.16412286 11 79 39
2.87808776 -0.890322944 1.29269012 65 69 80
-0.954742531 0.586791081 1.28643785 124 124 124
2.87900993 -0.882640376 1.27370114 65 68 79
-0.964643656 0.583338809 1.27202899 124 124 124
3.60072585 -1.82881106 1.01071531 8 8 8
-0.999448319 0.585182168 1.27128224 124 124 124
3.60072585 -1.82881106 1.01071531 8 8 8
-0.423595547 0.592573925 1.72910785 2 8 29
3.62166988 -1.80785136 0.999615581 8 8 8
0.765650782 0.709552776 1.55930061 0 0 0
2.29444364 0.510191588 1.26818111 59 62 72
3.23265656 -1.84690297 0.821525563 8 8 8
2.15712021 0.243390007 0.823051656 0 0 0
2.15712021 0.243390007 0.823051656 0 0 0
-4.13116294 -1.75499479 1.99251157 231 231 231
-4.14699963 -1.76751952 1.94683442 4 5 7
-0.710432561 0.585290709 1.32432222 124 124 124
-4.3721301 -0.330108721 1.25920936 0 0 0
0.0967746109 0.708631644 0.359792889 141 141 141
-2.9885268 -0.288947428 1.21207655 79 77 77
0.770205224 0.708365859 1.67232113 0 0 0
-6.35378588 -0.613191502 0.841092787 80 78 78
0.771270999 0.708628728 1.61514041 0 0 0
-2.16146157 -1.62918256 0.935557965 231 231 231
-0.504071145 0.584035935 1.66960125 1 2 5
-0.692627192 -1.41637856 0.705246581 92 97 111
0.760488273 0.710244802 1.53577387 0 0 0
-1.34147691 -0.846143586 0.533374969 89 94 108
1.95527579 0.0651106054 0.903028397 0 0 0
-1.36112602 -0.849938986 0.530004109 89 94 108
-0.0346618921 0.812056735 0.91134198 57 57 57
-2.1401038 -1.15990924 0.257099371 94 99 114
-0.915547212 0.584165536 1.69049813 124 124 124
3.06016027 -1.76551305 0.911359566 8 8 8
0.351924962 0.780926678 0.944152542 57 57 57
3.15508934 -1.36010034 0.971848774 0 0 0
-0.686050139 0.579106027 1.26121637 124 124 124
3.05173139 0.0140522346 0.993854663 228 228 228
0.791589654 0.735298262 1.47495268 140 140 140
3.05173139 0.0140522346 0.993854663 228 228 228
1.60987725 0.777796007 0.928363568 57 57 57
-8.94893681 0.644335461 0.868928646 101 107 122
1.99205592 -0.0510815189 0.903003585 0 0 0
-5.52813534 -0.728363705 1.13861852 231 231 231
1.96746655 0.19937955 0.827133554 1 1 1
-0.975910785 0.571149753 1.69398891 121 121 121
-0.975910785 0.571149753 1.69398891 121 121 121
-0.75381698 0.585624028 1.6285025 12 31 62
4.26189503 -1.61467476 1.41994527 109 114 131
-0.447694591 0.577794276 1.72292363 67 72 84
-0.465888336 0.582513692 1.68258488 4 10 32
-0.593350003 0.585402484 1.6731482 21 24 30
3.87467627 -1.47677703 0.853385783 231 231 231
-0.610015672 0.585517077 1.65474943 0 1 2
-0.626531891 0.585916257 1.65593529 34 47 54
-0.564093307 0.585577424 1.64649647 68 76 81
-0.614810375 0.590022947 1.6447012 80 84 90
-3.58876173 -1.64608344 2.14246129 231 231 231
-0.596523197 0.585693733 1.64030048 1 2 4
-3.37579257 -1.73302766 1.41404255 2 2 2
-0.444316866 0.591763871 1.62309842 6 7 8
-2.71106149 0.326487022 1.082124 64 68 79
-0.488251587 0.58484874 1.62508669 23 32 42
1.4221174 -1.72061533 1.42393336 0 0 0
-0.467418443 0.585699347 1.62188729 6 10 13
-0.56808033 0.586081941 1.63130602 3 5 11
2.1268989 0.306551313 1.2597188 0 0 0
-0.528045397 0.585847575 1.62180292 79 83 92
2.80782405 -0.898807782 1.17710882 59 62 72
-0.500793899 0.585889084 1.6138863 9 10 15
2.95000904 -1.29897934 1.16323115 59 62 72
-0.476118434 0.588867102 1.60493825 4 7 14
2.98961753 -1.39522124 1.14178309 228 228 228
-0.743272191 0.585457391 1.63282547 83 86 95
2.03832534 -1.10556662 0.827889687 0 0 0
-0.788193801 0.586065089 1.63012956 13 31 62
2.98755841 -0.115211759 1.14059266 228 228 228
-0.732465372 0.585924066 1.53078272 23 32 51
2.98695838 -0.117763201 1.14318449 228 228 228
-0.805025183 0.586040453 1.5321454 92 98 109
2.98393399 0.0783969671 1.14082926 228 228 228
-0.805023382 0.586066883 1.53224187 92 98 109
-0.801903703 0.585981236 1.53098733 14 25 47
4.08138657 -0.504852101 1.13035443 235 235 235
-0.799768113 0.584298157 1.52858511 92 98 109
3.4191067 0.243330116 0.810819909 97 102 118
1.96546647 0.769771397 0.888736132 11 30 43
4.1757416 -1.44313076 0.880163534 59 62 72
6.31044687 2.84725938 -0.650826908 10 10 10
3.93619551 0.332609162 0.861168962 236 236 236
1.50875228 0.771951674 0.869826948 10 10 10
1.41113653 0.754909916 0.88268889 9 9 9
2.83174857 -0.897075177 1.08013041 59 62 72
-0.558878603 0.585995778 1.26067344 93 96 101
3.03600799 -1.71920098 0.917515394 231 231 231
-0.944493645 0.585425279 1.35368616 13 24 46
3.03600799 -1.71920098 0.917515394 231 231 231
-0.944493645 0.585425279 1.35368616 13 24 46
3.13579881 -1.61773102 0.925787047 100 105 121
-0.48101162 0.582861823 1.16097867 18 39 46
-2.06502268 -1.11822722 1.24593727 222 222 222
-0.684052165 1.74274408 0.808118891 18 27 47
4.24158528 -1.53896198 0.856567342 73 77 89
-0.986416093 0.586068765 1.33785466 13 25 46
4.05092589 0.184289931 0.855904437 236 236 236
-0.551495922 0.587739562 1.13232615 110 116 122
2.67380772 -1.11211664 1.36795357 231 231 231
-0.9323481 0.586283104 1.28266561 16 26 47
-0.962490009 0.584861085 1.28495144 121 121 122
2.02679195 -1.02308376 0.975620754 231 231 231
-0.914908385 0.586387147 1.26130888 92 95 100
2.87240451 -0.894101715 1.02091587 0 0 0
-0.744744971 0.614609774 1.12741273 121 121 121
3.01423956 0.075884117 1.06614003 228 228 228
-0.973423431 0.586898365 1.16301107 12 90 38
2.86365529 -0.898032395 0.900607957 59 62 72
-0.970277586 0.586760504 1.1587699 12 90 38
3.03109066 0.0514607635 1.00982025 0 0 0
0.223824151 0.742718711 0.441946336 0 0 0
4.25680635 -1.48733072 0.903790336 94 99 114
-0.9742704 0.586221694 1.15475449 108 114 120
-0.725621096 0.587063905 0.966697013 26 42 51
-0.48768094 0.583915448 1.6569343 1 2 4
3.9968684 -1.51799241 1.07350332 0 0 0
-0.448197869 0.585072352 1.62800314 101 103 109
-0.578058431 0.585870923 1.64000196 86 90 97
3.96090276 -1.46911271 0.903521769 166 166 166
-0.503818772 0.58532206 1.62326356 27 45 44
4.1567466 -1.70237876 0.86642019 231 231 231
-0.777306902 0.585999175 1.63462037 12 30 60
-2.50061201 -0.249835745 0.86280467 0 0 0
-0.725446996 0.585978431 1.61818342 15 33 64
3.69953129 -1.69229739 0.901156709 77 81 94
-0.754767558 0.585981448 1.61993957 77 81 92
4.17459804 -1.70509328 0.938032169 231 231 231
-0.758317999 0.58598305 1.61839427 14 32 63
3.67400077 0.470915336 0.909418954 0 0 0
-0.876061018 0.586017226 1.61945898 12 30 61
1.60532582 -0.882962546 0.481668123 108 113 130
-0.891794605 0.585990967 1.60230636 13 31 62
3.82955266 -1.63024495 1.07604796 78 82 95
-0.664728203 0.585961052 1.51568626 38 48 68
4.29576078 -1.50426509 0.854864219 231 231 231
-0.814625932 0.586070688 1.52830214 94 100 111
1.72396 0.771036124 0.910069039 120 121 121
-0.941498718 -1.59014587 0.573196427 84 89 102
1.88176352 0.717349466 0.749550326 101 107 122
1.00593173 -1.60058542 1.12059063 105 106 109
1.96187117 0.159514434 0.812615059 0 0 0
-2.81572051 -1.46644551 -0.0842942276 107 107 107
-0.162636294 0.699684721 1.15076947 0 0 0
3.13906203 -0.858634552 1.02657487 111 116 134
-0.162636294 0.699684721 1.15076947 0 0 0
4.12898827 -1.5323639 1.12121642 166 166 166
-0.459844809 0.586619154 1.26040735 99 102 106
3.60460873 -1.67280812 0.83235461 231 231 231
-0.819611887 1.15868736 1.11211741 8 20 43
3.34453197 -0.141442828 0.738117629 86 80 77
-0.955147571 0.586553596 1.35335298 21 30 49
-0.928294066 0.587509572 1.32816153 13 24 46
-0.983940173 -1.53380177 1.02519591 110 115 132
-0.928294066 0.587509572 1.32816153 13 24 46
3.02437182 -1.59676641 0.92578048 0 0 0
-0.754273766 0.586887657 1.26102759 96 98 103
2.93810127 -1.33403259 1.1651691 109 114 131
-0.977572889 0.587000413 1.33189812 112 118 124
3.0586989 -1.68638098 0.865318033 231 231 231
-0.529831039 0.58889374 1.13643568 51 56 67
3.93404548 -0.42922542 1.1160625 0 0 0
-0.957216738 0.586477789 1.27615487 25 33 50
3.94483606 -0.424944632 1.12262394 0 0 0
-0.978960832 0.586027295 1.27921863 124 124 124
2.96830067 -0.842828121 1.17283167 23 24 28
-0.753761796 0.583418705 1.10112374 123 123 123
-3.40192492 0.516706433 0.379403552 94 99 114
-0.942112405 0.586292352 1.17707264 12 90 38
-0.784295322 0.585872709 1.09837795 123 123 124
3.82861254 0.441846776 1.00425185 0 0 0
0.343541884 3.62790488 -0.96236567 92 95 101
-0.98933937 0.586376064 1.16406705 17 27 48
3.89294593 -0.585310761 1.11365566 234 234 234
-0.710098535 0.587475371 0.988773973 25 45 50
2.56844617 -1.08585122 1.37412882 231 231 231
-0.894335935 0.587084839 1.07514117 94 97 102
0.898334877 -1.62413302 1.2119997 94 100 98
0.803921845 0.708811191 1.67233428 140 140 140
-0.887544516 0.58575009 1.68273463 4 17 43
-0.500089942 0.582911538 1.63364647 3 7 9
1.01434691 -1.63854522 1.00498875 101 101 101
-0.583178707 0.585944685 1.63986912 9 11 16
3.17997281 -1.77885035 0.869076433 230 230 230
-0.541307291 0.586317049 1.51018786 72 79 91
-0.568559262 0.585783049 1.50978511 70 77 90
3.38925771 -1.26284496 0.845339311 60 64 74
-0.568524541 0.585858996 1.50977111 70 77 90
4.09513583 -1.47704827 0.982872034 0 0 0
2.13232266 0.665757092 0.981658022 123 123 123
4.28962329 -1.39231704 0.848963117 84 89 102
-0.713717157 0.585725943 1.51085008 82 88 100
-0.955673651 -0.861443846 0.962624649 78 82 95
-0.784469954 0.586826247 1.51006426 74 81 93
-0.784469954 0.586826247 1.51006426 74 81 93
-1.00530156 -0.834032489 0.677871501 59 62 72
1.94451899 0.340132456 0.829738347 130 130 130
3.90062035 -1.63960066 1.29103994 75 79 91
-0.727111034 0.586647395 1.26107921 95 98 103
2.836634 -0.81062438 1.05052133 75 79 91
-0.557871442 0.58582107 1.13905028 75 78 84
-0.722219859 0.586101043 1.09299998 52 56 66
3.42904869 -1.69282608 0.783061927 8 8 8
0.750588408 0.708312647 1.5939008 140 140 140
0.861755876 -1.64303968 1.50825092 108 108 108
0.686697978 0.708757089 1.57733914 0 0 0
-0.922232113 -1.54646056 0.977675657 231 231 231
-0.51675102 0.586252126 1.62776888 108 110 115
0.815742422 0.718851701 1.45475819 140 140 140
0.815524924 0.718572678 1.45437012 140 140 140
2.07991355 -1.02240163 1.01102602 231 231 231
-0.743881661 0.587371457 1.63417391 77 81 92
2.07764142 -1.0228124 1.01044814 231 231 231
-0.743881661 0.587371457 1.63417391 77 81 92
4.22749957 -1.63870183 1.29428051 94 99 113
-0.684557402 0.585546174 1.61851997 91 94 101
3.42250989 -1.67220895 0.796941302 230 230 230
-0.683605034 0.587802545 1.61798825 91 94 101
2.61217533 0.581181713 1.19874638 29 29 29
3.87036907 -1.51566304 1.0058186 231 231 231
2.61217533 0.581181713 1.19874638 29 29 29
4.05360345 -1.52814078 0.985875937 0 0 0
-0.843981028 0.585314281 1.63473657 79 83 92
2.79283891 -1.36662819 1.30521196 231 231 231
-0.791021129 0.586118031 1.52698448 35 43 59
3.00878376 -1.29885164 1.08972455 108 113 130
-0.809254651 0.586474718 1.52779006 53 60 74
2.93777147 -1.36473472 1.00721973 107 113 129
1.96967036 0.442651515 0.932663367 0 0 0
1.97144907 0.443339351 0.9321004 0 0 0
2.17155778 0.235094447 0.830472741 0 0 0
3.67008222 -1.75815717 0.849384633 8 8 8
2.17155778 0.235094447 0.830472741 0 0 0
2.99139722 -0.852416194 0.860870283 59 62 72
-0.700248408 0.585873253 1.43014944 54 59 68
-0.491447931 0.587421886 1.27770488 102 103 106
-0.491447931 0.587421886 1.27770488 102 103 106
-0.723231726 0.586238865 1.3303405 88 94 101
-2.43331201 -1.85915725 0.852222585 231 231 231
-0.782159517 0.586164002 1.33590547 12 88 38
-1.70280813 -1.5448302 0.96095118 231 231 231
-0.958294821 0.58513455 1.36723223 13 90 38
-0.130773854 -1.70042206 0.982743862 0 0 0
-0.71497203 0.585848381 1.26203324 108 109 112
-0.708378841 0.589530268 1.08202002 124 124 124
3.43512131 -1.51454159 0.795566563 231 231 231
0.618593022 0.714393694 1.74117791 140 140 140
4.11795179 -1.49306684 1.03242771 165 165 165
0.599509005 0.702670843 1.74455449 140 140 140
4.11795179 -1.49306684 1.03242771 165 165 165
-0.805842346 0.585690497 1.63341648 93 96 103
4.26002936 -1.56713821 0.979919805 231 231 231
-0.708384976 0.586269953 1.61222084 15 33 64
4.2528537 -1.51645246 0.870709282 67 71 82
-0.795144837 0.585001792 1.61838535 86 90 98
1.45089677 -1.70739507 1.53022404 0 0 0
-0.795144837 0.585001792 1.61838535 86 90 98
-2.40826078 -1.81728585 0.824588543 105 110 126
2.26618377 0.724512739 0.934772605 123 123 123
-2.40826078 -1.81728585 0.824588543 105 110 126
2.17384201 0.716847038 0.887602999 231 231 231
2.76850476 -0.973688539 1.32247371 231 231 231
1.97394092 0.620305544 0.84043143 59 62 72
3.31662146 -1.75184447 0.848436778 231 231 231
-0.707634869 0.587045492 1.34079893 124 124 124
3.40127622 -1.67924817 0.851828668 118 125 143
-0.531575698 0.585470231 1.27030397 124 124 124
4.2803717 -1.4710921 0.808010188 84 88 102
-0.686156875 0.5873536 1.27816298 107 108 110
4.14214828 -1.45929444 0.940306447 0 0 0
-0.686156875 0.5873536 1.27816298 107 108 110
1.87214056 -0.943216362 1.01294608 231 231 231
-0.737312192 0.583910335 1.27179525 124 124 124
3.99531439 -1.47475486 0.984515995 0 0 0
-0.932535111 0.582121548 1.27298783 124 124 124
4.26784651 -1.49885504 0.829205779 116 122 140
1.72221511 0.660844827 0.0826276775 231 231 231
3.04502095 -1.67399719 0.941832197 109 114 131
-0.750129601 0.587048286 1.08362468 124 124 124
2.9695162 -0.872546177 1.17029844 111 116 133
0.606075244 0.702957567 1.46490366 140 140 140
1.99371311 -0.851698667 0.697636806 77 81 93
-0.769325323 0.585055713 1.62664738 13 31 62
-0.875085828 0.584806016 1.62754366 11 29 59
-1.02219194 -1.30103418 0.634989271 97 102 117
-0.875085828 0.584806016 1.62754366 11 29 59
3.07146391 -1.41361952 0.938799382 0 0 0
-0.870211811 0.58440821 1.62001911 62 69 85
1.97430911 -0.853291626 0.627309935 97 102 117
1.42211834 0.758668644 0.910771381 124 124 124
3.07163214 -1.41319471 0.938754469 0 0 0
1.96755699 -0.0750370009 0.892918489 0 0 0
-0.49412231 0.586413725 1.29036716 124 124 124
0.58952122 0.765608194 0.867611274 9 11 14
1.0232073 -1.6158324 1.22359579 116 117 117
-0.965123946 0.587027298 1.35649303 12 90 38
2.93838943 -1.64090263 1.29358137 59 62 72
0.608426469 0.702161605 1.73871834 140 140 140
2.93838943 -1.64090263 1.29358137 59 62 72
0.604069973 0.699274854 1.73999858 140 140 140
2.17278061 -1.05816673 0.888705219 0 0 0
2.42554946 0.300158972 0.935489181 59 62 72
3.80978913 -1.60734814 1.00821821 231 231 231
-0.510033367 0.593122807 1.35212119 104 115 116
-3.64193348 -1.65743893 2.0260292 231 231 231
-0.709328267 0.5855933 1.29208863 124 124 124
-3.1692346 0.109618094 1.31444234 231 231 231
0.656229769 0.711271756 1.66734431 0 0 0
-4.24338274 -0.812309766 1.15249184 209 209 209
0.649502064 0.709380366 1.62099649 0 0 0
-0.0628329563 -1.68961452 0.917973376 130 130 130
0.67898595 0.705648675 1.56006127 140 140 140
1.59735246 -1.5711163 0.997706301 231 231 231
-0.0354956742 0.764556435 0.918150391 9 11 14
2.03828077 0.731283897 0.97193609 57 57 57
-0.742448492 0.589794183 1.19948894 124 124 124
-0.892441554 0.585502306 1.52166221 34 45 64
2.46902743 -0.918587042 0.928261395 102 107 123
1.94410181 0.664290655 0.845847293 5 5 5
0.369238699 0.804154756 0.939464865 0 0 0
-0.440830751 0.589634409 1.18221011 124 124 124
-0.514122475 0.594681702 1.18322615 124 124 124
-3.78894652 -1.68247054 2.03112938 231 231 231
0.820642631 0.770391542 1.71667566 140 140 140
-4.58887302 -1.83486205 2.03471051 0 0 0
-0.764295674 0.585991206 1.64047352 10 29 59
-3.86392344 -1.68809127 1.99009693 231 231 231
0.290608073 0.0727216875 0.952406722 231 231 231
-3.32110744 -0.728699114 1.27691419 190 190 190
-0.445799841 0.583988732 1.72246792 68 73 86
-5.88570317 0.0854393055 1.12057049 0 0 0
-0.612398236 0.581689886 1.67572482 81 84 90
-0.496020869 0.582633 1.65987717 0 1 2
-0.603333934 0.585265911 1.66715776 26 29 36
-1.0076292 -1.57600994 0.963064375 231 231 231
-0.603333934 0.585265911 1.66715776 26 29 36
-0.568162903 0.586124079 1.65717606 8 11 19
2.94094497 -1.18248388 1.28686609 107 113 129
-0.555036934 0.585944986 1.65479714 68 76 81
2.79625479 -1.41159276 0.99771276 92 97 111
-0.620203321 0.585949673 1.64856533 2 6 16
3.07773323 -1.4046023 0.9389753 0 0 0
-0.589529334 0.585536477 1.64278816 9 12 16
-4.03644513 -1.73774958 1.99014192 231 231 231
-0.569465747 0.586019552 1.64037647 75 81 87
-5.20889891 -0.823411543 1.20082093 231 231 231
-0.624053781 0.585754323 1.64460943 2 7 25
-2.57992804 -0.137016136 1.13910648 100 106 122
-0.547056143 0.585933785 1.63201635 89 93 100
0.599828246 0.707488303 1.45482644 139 139 139
0.599828246 0.707488303 1.45482644 139 139 139
2.77687244 -1.37489632 1.29910283 231 231 231
-0.660701106 0.585608444 1.6208271 99 102 108
2.77806826 -1.32583655 1.28409882 80 84 97
2.14011889 0.56565488 1.22619924 97 103 118
2.8589666 -0.163911744 1.38949536 90 94 109
-0.728567268 0.585974369 1.6209101 107 109 113
3.00247147 -1.28820434 0.861013318 0 0 0
-0.728567268 0.585974369 1.6209101 107 109 113
3.42580807 -1.67788878 0.801664665 8 8 8
-0.800725944 0.58585485 1.62119428 106 107 111
-0.779778019 0.586149643 1.52770537 93 99 110
3.04196669 -0.0501093825 1.00992135 0 0 0
1.7366488 0.762827099 0.875701922 10 10 10
3.04195537 -0.0499541772 1.01040644 0 0 0
-0.728279002 0.585867654 1.43362933 17 27 47
2.9464793 -1.61802463 1.35786748 101 106 122
-0.167623735 1.26066374 1.07360671 124 124 124
2.89874777 -1.58758551 1.2920643 231 231 231
-0.506585994 0.586170352 1.34214417 13 28 45
2.86500598 -1.62009906 1.28216019 231 231 231
-0.124733903 2.98866686 0.133288479 122 122 123
2.8004255 -0.907499976 1.30928916 231 231 231
-0.488636667 0.586206748 1.16911496 22 32 49
2.8004255 -0.907499976 1.30928916 231 231 231
-0.773571618 0.586524252 1.28296564 117 118 119
-0.750558204 0.587316205 1.26155756 123 123 124
2.95941275 -0.854262933 1.18451119 109 115 132
-0.798792883 0.586301374 1.28157832 122 122 122
2.9633542 -1.34607931 1.00157859 107 113 129
-0.507633804 0.586098068 1.15593453 119 120 121
-0.547125627 0.586809437 1.16746594 121 121 121
-0.49051601 0.586407505 1.12133706 123 123 123
3.4050198 -1.25089734 0.853791884 60 64 74
-0.843722507 0.309835787 1.38388864 97 101 106
3.05483551 -0.211429511 1.00720861 111 117 134
-0.728205133 0.584107886 1.1752206 116 117 118
0.99636675 0.750035227 1.93677912 57 57 57
-0.579059695 0.587978077 1.67659058 4 15 10
0.65316472 -1.68471056 2.05308597 41 41 130
-0.538486201 0.585641993 1.65215806 109 111 116
2.79815762 -1.16318165 1.33398538 59 62 72
-0.613693023 0.585613076 1.65212724 80 83 92
-0.478701371 0.589116766 1.63441152 4 6 9
1.96899451 -0.875663206 0.496974621 94 99 114
-0.720351948 0.585819489 1.63339512 14 31 61
1.94263363 -0.884104091 0.481841398 94 99 114
-0.740025998 0.585795085 1.63514784 12 30 60
-0.740025998 0.585795085 1.63514784 12 30 60
-0.679921281 0.585705723 1.61869057 15 33 63
-0.679850592 0.585910208 1.61861829 15 33 63
-4.0199795 -0.773658726 1.9639098 231 231 231
-0.760985084 0.586579169 1.62143889 98 101 106
-0.994844034 -1.69398917 0.574071645 231 231 231
-0.75474221 0.58594062 1.61993164 82 86 96
-0.801842979 0.585886919 1.530963 19 28 48
-3.4240224 -0.938362546 0.1563744 108 106 106
1.98981856 0.760411906 0.877528482 9 9 9
2.98567652 -0.116664061 1.14117167 228 228 228
-0.817726555 0.58600037 1.52561145 27 35 53
2.94938497 -1.16834893 1.38194165 231 231 231
-0.817726555 0.58600037 1.52561145 27 35 53
2.74485191 -0.963590676 1.34850109 98 103 118
-0.755994706 0.585781404 1.51028532 94 100 111
-1.57470297 -1.59794389 0.269349459 231 231 231
-0.517185523 0.586058043 1.33168288 123 123 124
-0.517258104 0.586108374 1.33165875 123 123 124
3.44173844 -1.61363804 0.845049601 93 98 113
-0.750600211 0.585943585 1.31784209 8 57 41
3.07511418 -0.848381571 0.949882169 107 112 128
0.0206151171 0.769519273 0.924227611 9 12 14
-1.01934484 -1.21650432 0.638222738 97 103 118
-0.468830263 0.586555464 1.16560828 10 25 45
2.82272143 -1.36330244 1.17502506 68 72 83
-0.469057422 0.586209317 1.16602689 10 25 45
2.9828708 -0.120104508 1.14430918 228 228 228
-0.485855102 0.586747876 1.1637081 12 90 38
2.04588833 -0.856210969 0.916336314 97 103 118
-0.556730979 0.586563224 1.17050921 124 124 124
-1.02409364 -1.6739089 0.616587113 84 88 102
-0.119871518 0.741892193 0.914468583 29 30 30
-0.484260407 0.585669571 1.12245447 14 40 45
2.39979092 -0.830469595 0.760248826 84 89 102
-0.55975207 0.588623667 1.13184514 111 117 123
-0.736940873 0.566149429 1.18324094 7 20 43
-0.220466517 -1.75577591 0.912649387 231 231 231
0.801768829 0.707406169 1.66387078 140 140 140
0.825315087 0.72265981 1.55860645 140 140 140
2.80420194 0.291939646 1.36617703 59 62 72
-1.38574345 -1.46045891 0.913694945 231 231 231
-0.507233852 0.585315634 1.64020126 106 108 113
-1.18009833 -1.41447599 0.942853927 231 231 231
-0.489949322 0.585145637 1.63431477 1 3 4
-0.154529209 -1.71809189 0.993416016 0 0 0
-0.489949322 0.585145637 1.63431477 1 3 4
-0.530045039 0.585821558 1.62968268 108 111 115
1.90366047 -0.85317504 0.503722154 119 125 143
-0.792520942 0.586002233 1.61319048 14 32 63
3.03567797 -1.24807319 0.849156067 0 0 0
-0.53414869 0.586454525 1.53312863 94 101 111
3.03567797 -1.24807319 0.849156067 0 0 0
-0.490073085 0.585525354 1.50965714 72 79 92
-0.905816925 -1.0920075 1.02673413 197 197 197
-0.541292013 0.586085075 1.51023036 73 80 92
3.25209639 -1.79947529 0.847089482 8 8 8
-0.535107741 0.585935293 1.50945526 65 72 86
3.30410267 -1.72409167 0.889453039 8 8 8
-0.535107741 0.585935293 1.50945526 65 72 86
3.65867465 -1.76151121 0.878308643 231 231 231
-0.548860939 0.586081146 1.50932334 69 76 89
3.50146131 -0.621714746 1.73604223 231 231 231
-0.548860939 0.586081146 1.50932334 69 76 89
-2.30440424 -1.74373817 -0.0202472729 80 74 71
1.96527856 0.779249342 0.90334865 124 124 124
3.04444838 -1.2373902 0.934278811 109 115 132
1.63653191 0.210288605 0.737958573 0 0 0
3.00206759 -0.102557142 1.08599386 0 0 0
-0.510823178 0.585139032 1.30165897 124 124 124
3.39336834 -1.26447229 0.842519633 60 64 74
-0.492850642 0.58563933 1.26171479 86 90 97
3.37768196 -1.28779614 0.77813385 0 0 0
-0.474484695 0.586482414 1.16063913 10 42 44
3.76569678 -0.975850314 1.10647424 131 129 129
-0.53770583 0.586288183 1.07594945 93 96 101
3.8807345 -1.48303318 0.874681183 59 62 72
-0.53770583 0.586288183 1.07594945 93 96 101
3.87919938 -1.4844247 0.854635088 231 231 231
-0.57755117 0.585712927 1.07594927 108 110 112
-0.57755117 0.585712927 1.07594927 108 110 112
-1.15520564 -1.44116005 0.994392631 98 103 118
0.498268779 0.736948684 1.92637482 0 0 0
2.83601035 -1.35020265 1.03692429 72 75 87
0.802060828 0.718924377 1.68036109 0 0 0
3.39336258 -1.28033093 0.847771895 117 123 141
0.751242791 0.708458022 1.63639317 140 140 140
2.78633882 -1.41879413 0.995418414 92 97 111
0.751242791 0.708458022 1.63639317 140 140 140
0.671876224 0.708261871 1.60805553 0 0 0
3.96858897 -1.53874509 1.14485281 165 165 165
0.652582637 0.700661991 1.55241112 140 140 140
3.96635967 -1.54209443 1.14512374 165 165 165
-0.518670766 0.585415097 1.64515176 0 1 1
1.99480279 -0.0240887921 0.998633292 0 0 0
2.72658157 -0.956913215 0.75426131 0 0 0
1.96111411 -0.023018542 0.921068523 130 130 130
1.96092679 -0.0233364393 0.920872008 130 130 130
2.00659387 0.230883589 0.841228872 61 65 75
-0.463150612 0.660784584 1.28668735 124 124 124
2.0513072 -0.87277046 0.842215957 89 94 108
-0.47302376 0.586120962 1.17522615 65 70 77
-0.750490141 0.584742098 1.63471102 78 82 92
-0.750490141 0.584742098 1.63471102 78 82 92
-0.702787876 0.585754429 1.61820489 81 85 94
4.01734302 -1.48489475 1.00330536 165 165 165
-0.580669853 0.586273309 1.52709498 70 76 88
-0.962198412 -1.2041751 0.731564378 64 68 78
-0.580669853 0.586273309 1.52709498 70 76 88
-4.18368791 -0.769061616 1.0083045 70 68 68
-0.561704377 0.584722302 1.51854492 94 101 111
-0.104388078 -1.70187113 1.18813419 130 130 130
1.94022601 0.508081018 0.899734311 0 0 0
2.19265463 -1.07357188 1.03541336 115 115 115
1.98645031 -0.0389279826 0.984335482 0 0 0
3.27818292 -1.76526188 0.8320694 8 8 8
-0.709141689 0.585132382 1.43144316 99 101 106
3.00785164 -1.57324012 1.08420608 0 0 0
-0.709141689 0.585132382 1.43144316 99 101 106
1.08636628 -1.60183468 1.03128649 101 101 101
1.6009765 0.247986582 0.789180201 59 62 72
2.89020943 -1.3604633 1.31457406 66 70 81
-0.505507264 0.583403836 1.28078853 89 92 95
4.0175228 -1.48436809 1.00333487 165 165 165
-0.756703744 0.631734481 1.34658914 12 89 38
3.46346623 -1.47969488 0.822374101 0 0 0
3.06992135 0.483614354 1.25524118 59 62 72
2.73923759 -0.917017629 0.927908401 0 0 0
-0.576035102 0.585990077 1.64403424 98 101 107
1.21373887 -1.76655534 0.870331979 8 8 8
3.22048474 0.477290451 1.23395284 59 62 72
2.8660902 -0.891363481 0.845912287 0 0 0
-0.547682776 0.585833976 1.51897573 94 101 111
-5.36606163 -0.88170509 1.14503493 165 165 165
-0.809827008 0.589390537 1.51797015 94 101 111
-0.880055471 -1.54177922 0.981066795 231 231 231
-0.501058799 0.585151517 1.31450072 113 119 124
-0.74149744 0.593707417 1.36235793 124 124 124
2.93469977 -0.8831429 1.32893092 67 70 81
-0.271991388 0.764497847 1.87573176 0 0 0
4.09549517 -1.47573398 0.983532332 0 0 0
0.698213015 0.711288933 1.58359534 0 0 0
-0.536992973 0.587369955 1.16365977 26 35 52
-0.759469442 -1.51120861 1.03097753 231 231 231
1.99741961 0.134715317 0.813729207 59 62 72
-0.928278589 -0.847507164 0.951441758 78 82 94
-0.761598383 0.586238513 1.34268972 56 61 71
3.11940767 -0.429817581 1.51058425 69 73 85
-0.470479978 0.592072363 1.16148518 9 56 41
1.16976588 -1.77527915 0.865062226 8 8 8
-0.46255822 0.581134673 1.64059576 6 23 53
1.2023047 -1.75769672 0.877942044 8 8 8
-0.426460697 0.585767994 1.63525311 5 22 52
-1.82244719 -0.886090295 0.328183844 107 107 107
2.00662462 0.597075015 0.961432991 59 62 72
-1.82244719 -0.886090295 0.328183844 107 107 107
-0.724456313 0.582076615 1.29805391 124 124 124
-0.756864539 0.582640847 1.29809704 124 124 124
3.66043636 -1.75931553 0.859878725 231 231 231
2.03131459 0.0674569292 1.0749272 130 130 130
3.66043636 -1.75931553 0.859878725 231 231 231
0.615000117 0.679795857 1.48969021 140 140 140
0.632946581 0.696723098 1.48514532 140 140 140
2.06228974 0.628395622 1.03765171 29 29 29
-6.44307626 -4.33002468 -2.38161254 0 0 0
-0.541136666 0.58503948 1.65973315 91 94 100
4.15145608 -1.51435013 1.08917861 0 0 0
1.98004032 0.68611415 0.194766069 5 5 5
1.35857834 -1.72721138 1.42503796 231 231 231
1.25921936 0.747139064 0.889311169 9 9 9
2.7445168 -1.62512491 1.32473331 231 231 231
1.75528322 0.770686113 0.902115263 31 41 52
0.0392307229 0.17262903 -0.0931460664 236 236 236
1.9616038 0.356901595 0.888718964 0 0 0
2.91449915 -1.16755745 1.32410505 231 231 231
-1.36598509 0.595507101 1.49860555 10 22 44
3.0681791 -1.22316211 0.893945032 100 105 120
-1.36085001 0.595275595 1.49575973 9 21 44
1.32005916 0.764410649 0.875794944 9 9 9
3.39041794 -1.25592613 0.838595057 119 125 142
-1.34801284 0.595581122 1.48293116 12 14 15
-0.48932876 0.586444484 1.28523821 122 122 122
3.07189111 -0.811891138 0.818190314 59 62 72
-0.571714201 0.585267368 1.26181827 98 101 105
-1.32559824 0.595501219 1.43407603 15 72 28
2.92908824 -1.32955312 1.26580539 97 102 118
-1.33001656 0.595415248 1.43157666 17 73 27
3.98976634 -1.50317016 1.09320876 0 0 0
-0.929969167 0.593199831 1.31493798 49 55 67
4.01461183 -1.48543095 1.00553907 165 165 165
-1.36032114 0.595489181 1.4102561 3 5 4
4.01434614 -1.46900413 0.962695546 165 165 165
-1.32985842 0.594949628 1.34549056 50 74 61
0.214228643 -0.487906775 1.77478405 0 0 0
-1.38973018 0.594905483 1.34059321 57 66 66
-1.38927201 0.595838149 1.34019783 57 66 66
2.80906666 -0.912373029 1.00565702 92 97 111
-0.591722478 0.583430482 1.07780762 96 98 102
-1.39738496 0.594808768 1.34108627 43 54 53
-1.13949454 -1.11365437 0.625029727 0 0 0
-1.3679727 0.595770941 1.32256096 66 68 70
2.96213794 -1.68219971 1.18963841 231 231 231
-0.938472458 0.589270782 1.17882389 25 64 48
-1.38488033 0.597600734 1.31170271 67 70 72
1.88062451 -1.43747744 0.653565979 130 130 130
-1.48923465 0.593443631 1.33384981 37 47 46
2.33610174 -1.01320753 0.951375844 89 94 108
-0.997578973 0.589010108 1.0750434 98 100 104
3.9695634 -1.5505724 1.1329413 165 165 165
-0.738412594 0.584301308 0.959793261 122 122 122
-0.770527034 0.585161078 0.962772723 122 122 123
3.94406229 -1.45078229 0.882267715 59 62 72
-1.52824186 0.596028477 1.26556568 48 60 59
2.01819347 -0.945709807 0.9762356 231 231 231
-0.740433085 0.583419316 0.892358435 105 107 109
-0.759438803 0.580619396 0.894409811 105 107 110
-0.95230885 0.58635636 1.51055463 71 77 90
1.59863796 0.776205266 0.906364084 123 123 123
3.82685096 -1.54120663 0.933874154 231 231 231
-1.39260262 0.601736369 1.50444264 10 22 45
1.98938573 0.355470783 0.805420485 59 62 72
2.76856059 -0.847949696 1.04444213 68 72 83
-1.39608784 0.595185847 1.49706811 0 0 1
-0.700298241 0.585997934 1.33607675 31 73 51
3.02794453 -0.862195203 0.852014437 0 0 0
-0.699382267 0.586734554 1.33545119 31 73 51
0.31310124 -2.1755101 0.570129267 0 0 0
-0.539806214 0.585856862 1.28601095 124 124 124
-0.757549589 0.580757087 1.33481105 124 124 124
2.68236452 -0.828800079 1.05365009 0 0 0
2.00795654 -0.0801157997 0.798672325 59 62 72
1.1090759 -1.70916128 0.99830788 231 231 231
-0.753205624 0.585427385 1.31688998 23 67 47
1.62949551 -1.7062983 1.60809366 231 231 231
-1.31677024 0.59614285 1.44101135 4 30 11
-0.728544255 0.586344492 1.28639742 124 124 124
-1.3888882 0.59566802 1.35608819 52 66 63
-1.38906278 0.595430096 1.35640387 52 66 63
3.4232847 -0.0364087911 -0.0212762891 231 231 231
1.93441191 -0.868333948 0.596121115 59 62 72
-0.548920499 0.589568042 1.07290463 102 104 107
-1.39975272 0.595412808 1.34420391 13 17 17
2.82918135 -1.58959402 1.34520041 59 62 72
-1.4063269 0.59398207 1.33676937 43 55 54
4.21877483 -1.62659926 1.45874787 102 107 123
-1.41701144 0.595381766 1.33428375 12 15 16
2.03548054 -0.905733085 0.966572321 231 231 231
-1.41238724 0.594506416 1.33252889 44 55 53
3.08521214 -1.39713294 0.943700109 0 0 0
-0.730056109 0.602902385 1.08806914 123 123 123
-0.955048368 0.584850819 1.16593834 93 94 97
4.15119652 -1.38398955 1.09108651 165 165 165
-1.3889405 0.59577627 1.30959363 76 79 81
-0.936125064 0.586232351 1.15237294 123 123 124
4.14951501 -1.45696769 0.932087049 0 0 0
-1.4297158 0.59630533 1.32176476 44 56 54
4.14951501 -1.45696769 0.932087049 0 0 0
-1.49570648 0.595742755 1.33177225 4 4 5
-1.41865794 0.595655076 1.29189367 5 6 7
-1.41479516 0.595068402 1.29016122 86 90 92
-1.42301561 0.595683347 1.29040983 85 88 90
4.09247243 -1.48707908 1.00759011 0 0 0
-1.42660373 0.596030978 1.28582691 1 7 2
3.03693135 -0.846040462 0.846288712 106 111 128
-1.41670648 0.594015227 1.27340562 44 47 48
3.87187609 -0.611957263 1.11379786 236 236 236
-1.42340055 0.595165331 1.27090443 73 75 77
4.34468745 -1.49852098 0.850986141 231 231 231
-1.42358473 0.594577006 1.27122806 73 75 77
1.3461 -1.73346001 1.5646676 231 231 231
-1.48129356 0.594909405 1.28298233 12 13 14
2.00511968 -0.919448515 0.959267378 231 231 231
0.190912335 0.705077094 0.469878516 141 141 141
2.00511968 -0.919448515 0.959267378 231 231 231
0.190912335 0.705077094 0.469878516 141 141 141
3.07227877 -1.56985904 0.939438416 0 0 0
-0.76873577 0.587251472 0.906650277 78 81 86
3.07227877 -1.56985904 0.939438416 0 0 0
0.15949017 0.685842585 0.45181678 141 141 141
-1.51674638 0.595515948 1.21054882 2 24 8
3.67008222 -1.75815717 0.849384633 8 8 8
-1.52757493 0.595192357 1.21016151 3 26 9
4.07176703 -1.47159663 0.991438829 0 0 0
-0.941875722 0.58771613 0.907625373 78 80 86
4.07176703 -1.47159663 0.991438829 0 0 0
-0.9912762 0.586153069 0.890623336 102 104 108
4.14881864 -1.45585089 0.934316004 0 0 0
-0.9912762 0.586153069 0.890623336 102 104 108
4.14881864 -1.45585089 0.934316004 0 0 0
-0.813746837 0.585375029 1.51084764 71 78 91
4.02088565 -1.56272354 1.51168017 231 231 231
-0.813746837 0.585375029 1.51084764 71 78 91
3.97189638 -1.89759447 1.45101006 231 231 231
2.22931354 0.239178707 0.8556798 59 62 72
4.11881571 -1.47360124 0.992623941 165 165 165
-0.537045502 0.586445762 1.33910429 112 118 124
4.11881571 -1.47360124 0.992623941 165 165 165
1.36545767 0.773329365 0.908936637 122 122 122
1.97971938 -0.957643147 1.03706402 0 0 0
1.36380063 0.772531713 0.909270603 122 122 122
2.04716392 -1.05080516 0.996767076 231 231 231
-0.514954616 0.586436556 1.28760998 124 124 124
4.14269394 -1.46998158 0.930088664 0 0 0
-0.482330785 0.589779047 1.27726017 84 86 91
-1.04307631 -1.44995491 0.504683385 94 99 114
-0.741848634 0.585333616 1.30766949 124 124 124
2.98543952 -1.40191503 1.13749848 228 228 228
-0.994579117 0.586527353 1.28667809 124 124 124
2.72942739 -0.958126901 0.922671774 84 89 102
-0.987614985 0.589387441 1.27766343 68 72 79
2.87602613 -0.906919437 1.3125714 66 70 81
-0.987922496 0.588827219 1.27766251 68 72 79
-1.3887276 0.595662779 1.37617548 58 73 70
2.3985558 -0.943455129 0.873659482 105 110 127
-1.38879857 0.59547945 1.37622932 58 73 70
4.16742003 -1.52202775 1.14541858 165 165 165
-0.546299932 0.585486784 1.11613838 123 123 123
4.16742003 -1.52202775 1.14541858 165 165 165
-1.40240482 0.595958806 1.37523007 8 10 11
3.88977853 -1.47597601 0.893600994 59 62 72
-1.38427585 0.595516791 1.36546491 8 9 11
2.980976 -1.64605985 1.11645875 112 118 135
3.23732432 -1.80302096 0.605110604 231 231 231
-1.40416997 0.595170567 1.34754341 52 66 63
0.878722513 -1.6367253 1.45846903 16 28 53
-1.41464839 0.595435026 1.34241423 53 68 65
3.4366139 -1.61589027 0.843787579 0 0 0
-1.42832358 0.59518529 1.33507301 55 69 66
3.90269199 -1.50248156 0.999865326 75 79 92
-1.43150616 0.595654395 1.32665065 11 13 14
3.92656708 -1.44140193 0.926631893 59 62 72
-1.41923812 0.596324528 1.27550863 3 8 4
2.35140438 -0.840087388 0.847512697 101 105 121
-1.41945843 0.596163542 1.27588985 3 8 4
4.01559475 -1.47534213 0.963186171 166 166 166
-0.976087285 0.586960872 1.1005267 124 124 124
1.92843606 -0.83897914 0.522076555 97 102 118
-1.49102087 0.595734442 1.28497651 20 24 25
2.85458463 -0.907230473 1.34112002 231 231 231
-1.4968425 0.597922647 1.28005121 21 25 26
3.98522523 -1.46204593 0.936174112 0 0 0
-0.729297168 0.583586507 0.955883584 14 85 40
3.98570771 -1.46080155 0.936782836 0 0 0
-2.55818398 -0.042432907 0.79224993 228 228 228
-1.00938197 0.587899397 1.52781106 51 58 72
-0.705712445 0.585211904 1.43081036 75 78 84
-0.000573487936 0.0294072399 -0.00303205771 0 0 0
1.99230735 0.0204693243 0.998849664 0 0 0
-0.285489278 0.6878543 0.896264395 5 5 5
1.96817399 0.401440032 0.933881534 0 0 0
-0.253862655 0.710023675 0.887790746 231 231 231
-0.535552102 0.587855761 1.32116282 102 114 112
0.546787314 0.766468335 0.843862226 29 29 29
0.997953261 0.758198663 0.859243192 0 0 0
1.00720311 0.757264616 0.937956182 57 57 57
1.63379188 0.218715857 0.803736344 109 115 132
-0.00585841409 0.0337813863 -0.00113442417 0 0 0
-1.31966359 0.59484651 1.43007713 2 2 3
-0.706856628 0.587705073 1.2782023 91 92 97
-0.706856628 0.587705073 1.2782023 91 92 97
-0.749718832 0.585584762 1.27994366 86 87 92
0.348481412 0.737500538 0.928881189 29 30 30
-0.749718832 0.585584762 1.27994366 86 87 92
1.9907565 -0.85442734 0.652868753 0 0 0
-1.3926861 0.59558642 1.3488173 7 8 9
1.03518744 0.753116266 1.0474989 57 57 57
-1.3862112 0.596548971 1.3429893 53 61 61
-1.41240455 0.596629396 1.28780254 84 87 88
-1.41279453 0.59583021 1.2879663 84 87 88
-0.927469399 0.585079911 1.09472446 75 77 84
-0.927469399 0.585079911 1.09472446 75 77 84
0.639493094 0.675806525 1.46594073 142 142 142
-1.21098298 0.58788429 1.18598032 0 0 0
-1.53414349 0.59469485 1.253835 58 67 67
0.313782769 0.621396863 0.553558072 143 143 143
-1.21127972 0.590087496 1.01996329 0 0 0
0.062582631 0.731659218 0.330711178 143 143 143
-0.302873923 0.608930217 -0.0040986921 107 107 107
-0.0766029514 0.0794469953 -0.00181532158 0 0 0
1.02393561 0.750058654 1.03092821 0 0 0
-0.103560007 -0.144260578 0.00320506361 236 236 236
0.034385164 0.709741152 0.469177061 0 0 0
-1.40101928 0.595625343 1.35247094 56 70 67
0.967783826 0.749993074 0.870678925 29 30 30
-1.40823878 0.595580549 1.34162776 9 11 12
-2.57855546 0.0302645535 0.829745003 228 228 228
-1.51909318 0.596370786 1.21576743 12 90 38
-2.52810306 -0.0964049127 0.714153466 0 0 0
-1.26180265 0.589476726 1.07737814 0 0 0
1.17587323 0.765693691 0.889119369 5 18 41
-1.26180265 0.589476726 1.07737814 0 0 0
-1.98132537 0.287011034 0.683829146 119 125 143
0.0147493475 0.0445244834 -0.002221273 236 236 236
3.99795678 -0.469236262 1.12376357 220 220 220
0.0145854416 0.0442968966 -0.00224906254 236 236 236
6.16962117 -0.250200464 0.167569999 25 25 25
0.0435199447 -0.0476940454 -0.00201553595 236 236 236
6.18096366 -0.250570557 0.163754046 25 25 25
0.0435730423 -0.0476355064 -0.00196661279 236 236 236
6.89877597 -1.31665793 -0.591666525 107 112 129
-0.0137759438 -0.0108259929 -0.002195503 0 0 0
5.575723 -1.15234187 0.915018245 231 231 231
-0.0134514134 -0.0108535274 -0.00254023542 0 0 0
-0.741002486 0.586326388 1.34010023 124 124 124
2.72855822 0.12951624 1.33487446 9 9 9
-0.741688107 0.585947912 1.34124832 124 124 124
2.77032834 0.156834881 1.31474168 9 9 9
0.373327158 0.75847488 0.864259894 0 0 0
3.02655601 -0.844129557 0.857556341 103 108 124
0.192551881 0.768689649 0.887811456 29 30 30
2.43242501 -1.79039207 0.799102962 8 8 8
-1.40105578 0.595647998 1.36783045 60 75 71
-1.43468772 0.597840785 1.31043268 11 12 13
4.16068601 -0.431306101 1.11937941 219 219 219
-1.21327015 0.590054924 1.18176966 0 0 0
3.95815102 -0.460865315 1.12273779 0 0 0
-1.21327015 0.590054924 1.18176966 0 0 0
2.78511889 -1.63402696 1.28595153 104 110 126
-1.52390118 0.59665639 1.2703038 19 21 22
6.25542362 -0.0757012324 0.290559229 52 52 52
-1.37376743 0.590513108 1.1827421 0 0 0
2.93218949 0.240233421 1.28577306 29 29 29
-1.37376743 0.590513108 1.1827421 0 0 0
6.18469345 -0.252960395 0.164111575 25 25 25
-0.965192991 0.580574971 0.965114807 12 90 38
2.68228454 -1.07152635 1.00010854 0 0 0
0.00486579933 0.00960494179 0.0101263184 0 0 0
2.64310158 -0.981185835 0.95707508 130 130 130
2.00321776 0.0408421738 0.985786663 130 130 130
2.68722487 -1.31080654 0.852104032 0 0 0
-1.40818615 0.596237808 1.31155713 80 83 85
-1.49626266 0.595746888 1.33315809 5 17 8
5.65544519 -1.45064616 1.20428574 130 130 130
-1.42510606 0.595258261 1.28446655 10 21 13
4.08484085 -0.582362224 1.12472882 0 0 0
-1.45801097 0.591419763 1.28375453 5 5 6
3.94009759 -0.58213678 1.13098409 0 0 0
-1.37069236 0.590853385 1.17878814 0 0 0
2.78770337 -1.30803412 1.26516014 77 81 94
-1.25952908 0.588424901 1.12528321 0 0 0
2.66407085 -1.03737074 0.999603251 0 0 0
-1.25963037 0.588064779 1.12515418 0 0 0
20.6931918 -16.8580395 -10.2816663 0 0 0
-1.39193461 0.592550401 0.963860482 142 142 142
2.5184782 -1.75658702 0.901815438 8 8 8
0.0311322187 -0.015823331 -0.00401373006 236 236 236
2.24271523 0.0300961356 0.887132796 0 0 0
0.0308993513 -0.0154861513 -0.00389823684 236 236 236
1.91623904 -1.4555114 0.716802305 130 130 130
1.91623904 -1.4555114 0.716802305 130 130 130
-0.679183483 0.581601927 1.26021821 124 124 124
-1.35105349 0.593260151 1.41218269 2 3 3
-1.41239906 0.594487568 1.37584902 24 30 31
6.17952718 -0.914847536 0.188130176 41 41 41
0.135658628 0.709959901 0.379008994 0 0 0
2.65737775 -1.23428446 0.867010535 0 0 0
0.0619447096 0.0718605275 -0.00861531832 0 0 0
5.73732734 0.19758843 1.39061954 0 0 0
0.0507116596 0.0195500126 -0.0033812061 0 0 0
5.43535312 0.428056481 0.84651645 106 111 128
0.053890379 0.0193254787 -0.00586718582 0 0 0
2.79881064 -0.928487901 1.32506198 105 111 127
-0.0675682283 0.00889047917 0.00388916862 0 0 0
2.79881064 -0.928487901 1.32506198 105 111 127
-1.38368645 0.594377684 1.38926575 8 9 10
2.93746919 -1.37475998 0.785798706 231 231 231
-1.38871742 0.598523802 1.32493771 4 4 5
2.67757182 -1.2958113 0.841880864 113 119 137
-1.39214869 0.601377688 1.29984463 74 76 78
2.02944839 -0.928643832 0.968147126 0 0 0
-0.949720295 0.587084497 0.972524452 83 108 89
2.0034725 -0.906110706 0.951819345 115 121 139
-1.33976015 0.585355842 1.0930366 142 142 142
2.0034725 -0.906110706 0.951819345 115 121 139
-1.20624161 0.598465776 0.929231969 6 19 43
1.94052493 -1.57228485 0.766745074 0 0 0
-1.44518184 0.594030079 1.35115842 9 11 12
3.98783283 -1.44739415 0.940526514 0 0 0
0.85331996 0.782826052 -0.0309257775 5 5 5
-1.33410771 0.586096029 1.06844473 142 142 142
0.0547766785 0.12035096 -0.00999209582 236 236 236
1.65617515 -0.311894212 1.50414341 100 105 120
-0.0450013425 0.0598360571 0.00321154164 0 0 0
3.56525807 -1.2265685 -0.151999834 59 62 72
1.9382007 -1.56778933 0.767281466 0 0 0
-0.109054694 0.101117964 0.048863025 236 236 236
1.9382007 -1.56778933 0.767281466 0 0 0
-1.35155195 0.584130902 1.16495527 0 0 0
5.58488859 0.169367134 0.865006905 231 231 231
-1.23696363 0.589096334 1.10007099 0 0 0
-1.37629696 0.583901335 0.990160907 142 142 142
2.25729101 -0.168379882 0.859743112 59 62 72
-0.513752335 0.585440653 1.12324055 96 96 96
-0.50318241 0.579846962 1.07921815 96 98 103
2.8218996 -1.62262124 1.3076197 231 231 231
2.39677742 -0.234381285 0.782677503 59 62 72
-1.36648355 0.595266572 1.49539026 104 105 107
2.00340789 -0.922553279 0.961638181 115 121 139
-1.41169867 0.590137765 1.49642476 34 39 49
4.49797951 0.539034454 1.25802154 87 91 105
1.27804302 0.735753447 0.898301642 10 10 10
3.99063601 -1.64507311 1.42867354 59 62 72
-0.465457444 0.5910007 1.25832 100 101 105
3.99063601 -1.64507311 1.42867354 59 62 72
-0.713390881 0.587070523 1.26130233 95 98 103
2.64334413 -1.70874481 0.954312548 8 8 8
-0.727069379 0.585237761 1.26196 98 101 105
1.92754412 -1.53883503 0.739935651 130 130 130
0.75078848 0.764550804 0.844340518 28 29 29
1.92739089 -1.53869171 0.740032575 130 130 130
-1.38707798 0.595657118 1.39864549 16 68 25
1.91660556 -1.51323961 0.716692136 0 0 0
-1.34232999 0.595875471 1.33759529 67 69 71
-1.45197749 0.595992329 1.33004814 9 10 11
2.00238716 -1.79274479 0.591621885 231 231 231
-0.984414138 0.584473724 1.17025462 121 121 122
-1.39918042 0.595851207 1.28340526 2 2 2
-1.51995011 0.593920548 1.31610595 37 47 45
1.61980439 -1.71650183 1.34865532 130 130 130
-1.51995011 0.593920548 1.31610595 37 47 45
6.20157673 -0.760419558 0.260208412 25 25 25
-1.54118403 0.595248777 1.30301484 40 50 49
-0.226311641 -1.70039838 1.003018 130 130 130
-1.41358376 0.594828971 1.38025506 0 0 0
-0.148827594 -1.66039929 0.948194137 8 8 8
-1.41709808 0.597236234 1.37680279 0 0 0
-0.113163878 -1.67368644 0.939097325 8 8 8
-1.5536167 0.596248346 1.29511522 37 48 47
-0.28224416 -1.7342079 0.897039209 8 8 8
-1.5535816 0.596347251 1.29502787 37 48 47
0.790018376 -0.768250148 1.51973308 0 0 0
-1.53145308 0.595659466 1.26855959 15 19 19
-1.53550869 0.594978647 1.26212652 46 57 56
2.18190432 -1.89410768 0.775197956 0 0 0
-1.54244387 0.59688334 1.25663192 51 64 62
-0.796617842 -1.52367286 1.04650398 8 8 8
-1.54275917 0.596123625 1.25704167 51 64 62
-0.958711059 -1.63373365 1.01345869 59 62 72
-1.54725044 0.594622533 1.25549456 49 61 59
-1.03702305 -1.16348255 0.97597188 112 118 135
-1.56636773 0.59541284 1.24861784 17 20 21
-0.691833596 0.588568557 0.887703682 106 108 111
5.85225029 -1.28465955 1.28763214 130 130 130
-0.691833596 0.588568557 0.887703682 106 108 111
-2.51905032 -0.46430154 1.7826456 102 107 123
-1.61509624 0.59608303 1.26379428 6 10 9
-1.62255587 0.597836851 1.2662151 16 25 18
-1.61340623 0.592611596 1.2635662 39 49 48
-1.71019166 -0.468039509 1.66823807 59 62 72
-1.57126413 0.59470112 1.24187995 49 61 59
-1.63222339 0.595368343 1.26149175 11 13 13
-1.62837898 0.595385788 1.26006993 9 77 24
-0.961676631 -0.914410707 1.02467291 101 106 122
-1.63802088 0.595286796 1.25124293 7 8 9
-0.965097715 -1.14708681 0.54242923 130 130 130
-1.59031516 0.594315164 1.22823012 25 29 30
-1.63704615 0.596231611 1.24715386 42 54 52
-1.64217078 0.594767018 1.24907282 7 8 9
-2.26017669 -1.00219843 1.23899583 0 0 0
-1.64193834 0.595605681 1.24861999 7 8 9
-2.2585922 -1.00394645 1.23728204 0 0 0
-1.65066679 0.587895333 1.25278571 60 62 64
6.38741228 -1.61971144 1.41225647 4 4 4
-1.6467747 0.594670492 1.24653904 7 8 9
2.66626593 -1.12423086 1.06594881 130 130 130
-1.6467747 0.594670492 1.24653904 7 8 9
2.6899744 -1.13081502 1.03489597 130 130 130
1.12241856 0.70549188 -0.0098869636 31 30 30
2.62427847 -1.12215619 0.99811834 130 130 130
-1.59073684 0.592360158 1.21755935 8 10 11
2.6321556 -1.12501863 0.971258227 130 130 130
-1.60286001 0.595287001 1.22021199 28 33 34
-0.921418036 0.586783638 0.890037591 103 105 109
-0.993688014 -1.62272628 0.958301011 111 117 134
-1.63326859 0.59475434 1.19907368 64 73 73
-1.00234204 0.586652299 0.890683699 101 103 107
-1.00234204 0.586652299 0.890683699 101 103 107
-1.12120154 -0.981627069 0.648880588 130 130 130
-1.63506035 0.596586193 1.16796966 73 75 77
-2.28222446 -1.06432903 1.23842944 235 235 235
-1.63506035 0.596586193 1.16796966 73 75 77
-1.68273801 0.595291597 1.14479875 9 10 11
0.769826557 -1.6648258 1.50369958 101 101 101
-0.525695865 0.582065413 1.3625098 124 124 124
-0.482330785 0.589779047 1.27726017 75 77 84
-2.0787338 -0.912558246 1.22060123 67 67 67
-0.964962579 0.585025492 1.37375585 37 93 52
1.56483858 0.405111708 0.810374299 106 112 128
-1.04559232 -0.932064211 0.829783159 130 130 130
-0.799587065 0.580992332 1.28916029 123 123 124
-1.39820301 0.594496745 1.37246106 56 71 68
-0.715971075 0.586407999 1.09293342 75 78 84
-1.13378808 -1.15793857 0.561951463 59 62 72
-1.42612541 0.595774762 1.31399435 10 12 13
5.27369135 -1.81447355 1.48677496 231 231 231
-1.53923758 0.595546161 1.25405801 13 15 17
-0.0742893944 -1.7321752 1.17176941 130 130 130
-1.53920568 0.595910936 1.25441707 13 15 17
-0.312133378 -1.69054974 0.931327811 130 130 130
-1.5580606 0.594992924 1.25376673 16 19 20
-1.56233021 0.59504907 1.25123922 17 21 21
-1.03653883 -1.12861994 0.816862805 130 130 130
-1.57194518 0.595764948 1.24578589 13 15 17
-1.51051125 0.595149186 1.21949242 4 25 9
1.19747378 -1.67683142 1.52640604 231 231 231
-1.62723927 0.595560141 1.26401217 7 8 8
-0.786248533 0.585646429 0.909077507 80 82 87
-0.906122785 -1.62153919 0.948124258 231 231 231
-1.22802211 0.673527157 1.0195453 0 0 0
-0.97947296 -1.38629413 0.984234763 231 231 231
-1.26280373 0.591111829 1.07442769 0 0 0
-0.936552558 -1.13799606 1.0362846 231 231 231
-1.63754324 0.595232838 1.20076892 26 30 31
-1.64535888 0.595190865 1.19102876 69 78 78
-0.163806329 -1.64380307 1.0256465 231 231 231
-1.63150752 0.594422966 1.1815965 35 37 38
-1.12847486 -1.1730239 0.569596295 59 62 72
-1.62497352 0.595313572 1.16644721 91 94 95
-2.27083195 -1.0314565 1.23350062 0 0 0
-1.63770887 0.593916755 1.16500687 1 2 2
0.257249512 -1.42896001 1.51050829 46 52 64
-1.63749158 0.594683011 1.1646025 1 2 2
0.937506292 -1.66208095 1.07359123 105 106 109
-1.64143127 0.594693906 1.16543152 6 6 6
-0.215770455 -1.70044477 1.10021179 130 130 130
-1.64070078 0.595254537 1.15979044 93 95 97
-0.983023572 -1.14667922 0.985096766 231 231 231
-1.64070078 0.595254537 1.15979044 93 95 97
-1.09711995 -1.08187362 0.704902914 130 130 130
-1.64126519 0.59497217 1.15491764 1 1 1
5.69693291 -1.55423059 1.2317571 231 231 231
-1.64078494 0.595694893 1.14883442 83 86 88
-1.70891155 0.593525385 1.10791087 4 25 9
-2.41650481 -0.443307892 1.78063403 231 231 231
0.0576790787 0.0741927857 0.0184421025 0 0 0
-0.500870882 0.588079993 1.318414 111 118 121
-1.38498286 0.595595581 1.39492461 4 4 5
-1.38399527 0.595965092 1.35024985 15 18 19
5.66532644 -1.31231583 1.30641779 130 130 130
-0.947370942 0.584996477 1.15312297 20 70 44
1.59587506 -1.70724199 1.63556452 130 130 130
-0.949524199 0.586896992 1.14298453 124 124 124
2.63731442 -0.810061701 0.830455784 60 63 73
-1.41400737 0.595983299 1.27965346 61 63 65
-0.990972709 0.58624791 1.13367304 68 73 81
-0.945946092 0.586054738 1.09381651 88 90 94
-0.947594158 0.584714096 1.0947604 88 90 94
-1.53379646 0.596536028 1.29964827 10 12 13
-0.710508281 0.588835113 0.986242005 27 82 46
-1.54391163 0.595701583 1.286805 67 83 80
-0.728348356 0.587339681 0.972407714 21 79 43
-0.728348356 0.587339681 0.972407714 21 79 43
-1.55517742 0.595135618 1.28100505 66 82 79
1.40928844 -0.395108652 1.71463093 0 0 0
-1.5437381 0.595924443 1.26759091 60 75 72
1.40928844 -0.395108652 1.71463093 0 0 0
-1.54416263 0.595294602 1.26814376 60 75 72
-0.704709532 0.585295565 0.908659736 89 91 95
-0.704811517 0.585259232 0.908774896 89 91 95
-1.56965377 0.594111213 1.25443049 61 76 73
-1.61828554 0.595261302 1.20568284 69 78 77
-1.61861765 0.594424332 1.20620484 69 78 77
-1.64675131 0.595235646 1.20432208 6 7 8
-1.63780203 0.596829408 1.17359836 38 41 42
-1.65476581 0.595998912 1.14259745 81 84 86
-0.0347008304 0.00595341912 -0.000880767998 0 0 0
-0.675926547 0.592467917 1.27637001 77 79 85
-0.675926547 0.592467917 1.27637001 77 79 85
-1.40697619 0.596307836 1.32311084 10 11 13
1.51339582 -1.70621707 1.54179199 130 130 130
-1.40025627 0.596936415 1.28887783 72 75 77
-1.52322379 0.596353569 1.28704576 12 13 14
1.09415854 0.77264692 1.96537815 57 57 57
1.70300422 0.695047711 0.0296025612 231 231 231
2.94174633 0.550450241 1.36301739 99 104 119
-1.55478685 0.597031388 1.27933781 67 83 79
2.85604478 0.311551645 1.27740401 95 100 114
-1.54886011 0.59568587 1.26107157 13 14 16
-1.31783467 0.58577752 1.15532942 141 141 141
0.820505056 0.721239365 1.45122271 140 140 140
-1.58901909 0.596328695 1.22144777 62 71 71
0.546313551 0.77810964 1.94750066 0 0 0
-1.60100495 0.596105469 1.21494808 67 77 76
0.546313551 0.77810964 1.94750066 0 0 0
-0.0856860966 0.0758986682 0.00676293984 0 0 0
1.70313319 0.191491641 0.78290874 107 112 129
1.93675067 0.628886455 0.972967406 9 9 9
-1.53140699 0.595795421 1.29272006 66 82 78
1.94688617 0.704354502 0.917617226 9 9 9
-1.52338326 0.597409768 1.27049278 19 22 23
1.98069343 0.384518734 0.960367888 130 130 130
-1.56874741 0.594261876 1.25641865 62 78 75
1.98611304 -0.0562686839 0.998901998 130 130 130
-1.32883635 0.589301478 1.09519512 141 141 141
1.98717958 -0.0559843385 0.998437672 130 130 130
-1.32883635 0.589301478 1.09519512 141 141 141
-1.63329691 0.595075506 1.21422204 37 43 43
2.26928679 0.464853255 1.1986472 101 106 121
-1.64151071 0.595869946 1.21523727 6 6 7
-1.62688979 0.595716083 1.20297063 8 8 9
0.218287556 0.726733362 0.270778023 141 141 141
1.96762574 0.165546805 0.811321519 0 0 0
-1.37500887 0.589427965 1.02121272 0 0 0
5.76653048 0.721935992 1.45784421 231 231 231
-1.64871245 0.595229114 1.15286374 36 39 40
0.747925353 0.72867146 1.54543315 140 140 140
-0.0415992054 -0.0170754914 -0.00152283713 236 236 236
1.9983985 0.0494602449 1.01324412 130 130 130
-0.0701804556 -0.0157819686 -0.00230557166 0 0 0
1.84826123 0.673337324 0.792302707 107 113 130
-1.40637745 0.589522295 1.28137025 1 1 1
-0.183012686 0.76412826 2.02036476 57 57 57
-1.64407614 0.597510555 1.20180095 15 17 18
-0.13602538 0.782583551 2.02323794 57 57 57
-1.65251182 0.594568391 1.18596329 16 18 19
0.502833351 0.772126043 2.01751308 6 7 7
-1.63223335 0.596059385 1.17320373 21 22 23
2.94021742 0.253986626 1.23805992 59 62 72
-1.60387157 0.599628992 1.19783871 6 7 8
3.68934856 0.311669388 1.17828791 0 0 0
-1.6210424 0.593161382 1.19123943 90 93 95
0.528614433 0.732307984 1.96963956 0 0 0
-1.43122125 0.597090733 1.36451756 10 13 15
2.05043251 0.789902447 0.93980494 0 0 0
-1.55045714 0.594508453 1.29635346 12 13 15
-1.5713405 0.597478805 1.28410046 18 23 23
1.97012178 0.124718281 0.819583287 59 62 72
-1.62344825 0.595359747 1.25767988 6 6 7
0.627605022 0.707444268 1.52025663 0 0 0
1.0447782 0.689441423 -0.029396713 86 80 77
0.599441532 0.703058706 1.45944144 80 80 80
-1.60589674 0.597851152 1.18208567 86 88 90
1.02537361 0.750208566 1.97662931 57 57 57
-1.63899111 0.592925022 1.18826914 86 89 90
2.53516473 0.530338493 1.14881045 101 106 122
-1.30651289 0.589361999 1.08709745 0 0 0
-1.58467549 0.595774781 1.26616563 14 15 17
-0.143567581 0.647313291 0.657241011 5 5 5
-1.03219772 0.581034701 1.00006731 124 124 124
-2.02701678 -1.80601395 0.846539362 8 8 8
0.0507023367 -0.117618706 -0.0143499005 236 236 236
0.0521257498 -0.117862082 -0.0125294694 236 236 236
-0.380809511 -1.74596223 0.204082217 197 103 12
-0.0258956326 -0.116638927 -0.0175537274 236 236 236
-0.380809511 -1.74596223 0.204082217 197 103 12
-1.42323962 0.596946566 1.23468026 6 19 43
-1.30832676 -1.55502232 1.02915978 8 8 8
1.95584746 0.361742744 0.895861554 0 0 0
-0.974128997 0.586153766 1.35817112 124 124 124
0.491804028 -0.952593654 1.47139019 0 0 0
1.98800258 0.48945013 0.957801212 130 130 130
-0.330154877 -1.75115145 0.418004097 8 8 8
-0.506120958 0.588637133 1.36064998 123 124 124
1.16860465 0.697785967 0.924891129 9 9 9
-0.505864482 0.594512014 1.29252037 95 96 100
-0.518356797 0.585817657 1.29652208 95 96 100
-0.688141295 0.584202965 1.28706403 123 123 123
-0.972877607 -1.36438874 0.975618715 231 231 231
-1.45748118 0.594709351 1.47031222 32 36 47
1.60679182 -1.54180271 1.0275495 0 0 0
-1.52313954 0.550372553 1.46120252 33 37 48
-0.226218018 -1.71195878 1.09600079 130 130 130
-0.486240654 0.581496115 1.15650536 123 123 123
-0.225090129 -1.71046932 1.09746846 130 130 130
-0.962842576 0.591601853 1.25903095 101 103 107
0.457424563 -0.864907908 1.53470306 8 8 8
-0.962842576 0.591601853 1.25903095 101 103 107
-0.111071705 -1.7016811 1.13394369 0 0 0
-1.01745238 0.585607246 1.26220603 96 99 103
-0.105896154 -1.69509907 1.13663685 0 0 0
-1.30979549 0.594180572 1.33481455 2 26 8
-0.517845496 -1.69308138 0.927062256 8 8 8
-0.712099637 0.588906223 1.14786414 76 80 87
0.421273171 -0.910586931 1.50129569 8 8 8
-0.682191028 0.585587153 1.09417589 85 87 91
-0.944686509 0.587058581 1.16929512 109 110 111
1.72574634 0.676532036 0.234405876 169 169 169
-0.956637575 0.584757096 1.15345808 18 64 45
-3.15767521 0.352681391 1.28618432 231 231 231
-1.63436514 0.579573294 1.37875225 38 42 52
-3.20211688 0.340132379 1.27836551 0 0 0
-0.907490783 0.584870941 1.07715385 102 104 107
-3.13614107 0.364306281 1.28668044 0 0 0
-1.66006357 0.595012714 1.35388945 36 40 51
-2.66967753 0.176410166 0.855567677 108 114 131
-1.54041952 0.596492087 1.30630093 5 12 8
-0.276652247 -1.70305505 1.13196051 0 0 0
-1.54531258 0.595012545 1.30461114 6 9 9
-0.276652247 -1.70305505 1.13196051 0 0 0
-1.54076107 0.596129258 1.30260564 37 47 46
-1.54782504 0.597906713 1.30074824 5 6 6
-3.43146753 0.183418258 1.27650805 99 105 120
-1.55367654 0.596266273 1.29886885 5 8 7
-0.877973217 -1.261651 0.948941569 59 62 72
-1.55864453 0.595028756 1.29690392 6 10 8
-1.56720447 0.595548286 1.2915551 5 8 7
-0.0960876891 -1.70006919 1.1914174 130 130 130
-1.57188727 0.594482535 1.28978728 7 13 10
-0.717949979 0.587145635 0.91426715 121 121 122
-0.667882788 0.589257591 0.887537859 107 108 111
-0.961859104 -1.6604249 0.894962653 90 95 109
-0.667882788 0.589257591 0.887537859 107 108 111
-0.334533034 -1.72854373 0.872894928 231 231 231
-0.725197479 0.594044824 0.908342149 121 121 122
-1.6148016 0.547255617 1.30773004 14 22 16
-0.10313209 -1.70336454 1.18615098 130 130 130
-1.61091102 0.596018156 1.26616412 6 10 9
-1.62115897 0.591251397 1.2713303 20 27 23
-2.1388425 -1.57921663 1.19233931 107 107 107
-1.61244166 0.594452807 1.26277063 41 51 50
-0.802638402 0.587914642 0.888915816 103 104 108
-1.62907477 0.594436615 1.25669658 5 9 7
-0.12219096 -1.69792806 1.04541755 0 0 0
-1.63720935 0.595940385 1.24725541 41 51 50
-2.08581933 -1.53383339 1.18885949 107 107 107
-1.65538983 0.595745745 1.23713917 41 52 51
-0.12699628 -1.69871687 1.11207603 0 0 0
-0.942062161 0.583328187 0.89348768 103 105 108
-1.63344383 0.594300594 1.19923046 66 75 75
-0.949070976 -0.962347686 0.836706607 197 197 197
-1.67191714 0.596856124 1.20637568 43 49 50
-17.3319951 -7.79135705 -3.51986725 8 8 8
-1.61699198 0.595803164 1.17293712 8 8 9
-1.71379216 0.595530087 1.15123725 67 76 76
-12.3492597 -6.55732078 -2.62504536 8 8 8
-1.72060332 0.594636725 1.12435724 3 31 11
-0.509790681 -1.67369825 0.941707537 8 8 8
-1.72431356 0.596072787 1.12146845 4 28 10
-1.73492531 0.596328334 1.11878939 13 24 19
-1.7681722 0.595568593 1.13278395 82 85 87
-2.31894469 -0.967158657 1.24887027 220 220 220
-1.77584887 0.594836842 1.13754663 87 89 91
-2.2684313 -1.13143371 1.23313311 221 221 221
-1.72116416 0.596203267 1.10182009 3 27 9
-1.785545 0.593571265 1.14019815 17 18 20
0.0243708472 -0.0326841346 -0.0016592981 0 0 0
-1.08416162 -0.924208085 0.788225355 89 94 108
1.96357328 0.741269171 0.946509838 56 57 57
-1.80344066 -0.480882839 1.7424482 106 111 128
-0.992389616 0.585819177 1.3349495 112 118 124
-0.0863868676 -1.69405815 0.91195709 130 130 130
-0.533805118 0.588004258 1.16411039 63 68 77
-0.498554711 0.590879084 1.12686266 122 122 122
-2.40295656 -0.933439013 1.23307973 221 221 221
-0.9787762 0.583163087 1.2633499 101 103 106
-2.40295656 -0.933439013 1.23307973 221 221 221
-0.9787762 0.583163087 1.2633499 101 103 106
-5.88118958 -3.49495582 -0.389122514 8 8 8
-0.452892205 0.583641396 1.07796467 105 107 110
0.101572387 -0.918316717 1.49583842 8 8 8
-0.929480916 0.583875104 1.10224332 122 122 122
-1.52594544 0.595867151 1.3141183 5 6 7
2.02856357 -1.48564158 1.07581718 0 0 0
-0.950220207 0.583694975 1.10273334 123 123 123
2.02856357 -1.48564158 1.07581718 0 0 0
-1.20940779 0.588582751 1.18674962 0 0 0
-1.20940779 0.588582751 1.18674962 0 0 0
-0.963953492 0.583642478 1.07829397 100 102 106
-0.963953492 0.583642478 1.07829397 100 102 106
-1.57471309 0.59598081 1.28623054 5 6 7
-1.55488664 0.594895471 1.26184388 59 74 71
-0.97129763 0.584582092 0.98055707 18 77 43
-1.61505742 0.596510736 1.2125475 26 31 32
-1.69462589 0.596574684 1.22415835 12 88 37
-1.64286236 0.59460407 1.19788371 26 29 31
-1.64094414 0.594946867 1.19386825 69 78 78
-0.295263663 -1.70489814 1.19508723 130 130 130
-1.7081479 0.596682126 1.22138728 7 27 12
-0.295263663 -1.70489814 1.19508723 130 130 130
-1.6258539 0.595637253 1.15480614 37 39 40
-1.71627681 0.595843259 1.15445185 19 22 23
-0.880147684 -1.87378201 0.794969414 8 8 8
-1.71120388 0.59386082 1.14892468 18 19 21
-0.91573577 -0.975291998 0.861920868 0 0 0
-1.39412504 0.598225709 0.952918018 141 141 141
-1.7131179 0.596986625 1.12297498 9 33 18
-1.74320375 0.59638359 1.13345659 1 1 1
-1.75415333 0.596354142 1.13183085 1 2 2
-1.78065189 0.595698419 1.14502166 2 3 3
-1.77717409 0.595740884 1.14177887 6 10 8
-1.78136385 0.594079271 1.13249887 73 76 78
-0.413802352 -1.69038466 0.245451852 231 231 231
-0.710369749 0.585145353 1.42405385 111 113 115
-3.15767521 0.352681391 1.28618432 231 231 231
1.95143619 0.529698543 0.908208218 130 130 130
0.829451564 -0.705268664 1.7572274 8 8 8
-0.533913353 0.584027208 1.34458816 110 117 121
0.829451564 -0.705268664 1.7572274 8 8 8
-1.40990294 0.596029772 1.37995543 4 6 6
-0.802086168 0.583988541 1.09580208 82 84 89
-0.969734103 -1.29502694 0.84906885 59 62 72
-1.55470266 0.59589972 1.28074263 66 82 79
-1.24093393 0.590605412 1.15348551 141 141 141
-2.7758077 0.153267144 1.0962855 102 107 123
-1.24093393 0.590605412 1.15348551 141 141 141
-0.982715439 -0.852487556 0.910600046 59 62 72
-1.53828819 0.595112764 1.26690955 14 15 17
-1.54442816 0.594872414 1.24783176 65 73 73
-0.340580055 -1.74574493 -0.0341309048 87 81 78
-0.747275004 0.587838283 0.906840384 80 82 87
-1.28032589 -1.35538143 0.639496242 231 231 231
0.170406419 0.700148322 0.310168655 141 141 141
-3.03454417 0.287125748 0.765926775 0 0 0
-1.6914145 0.596175721 1.23794213 3 24 8
-3.03454417 0.287125748 0.765926775 0 0 0
-1.71138927 0.594980709 1.23243692 3 23 8
-0.801472375 -1.75813061 0.878636313 8 8 8
-1.62973517 0.596162794 1.16855712 3 5 5
-1.72218362 0.596018012 1.21424685 72 74 76
-0.172196066 -1.70489623 1.06167446 130 130 130
-1.7217062 0.596549614 1.20725423 1 1 1
-0.0993348989 -1.70136506 1.18880055 130 130 130
-1.7079205 0.595836918 1.16093365 23 27 28
-0.798465615 -1.75567471 0.880881399 8 8 8
-1.71527657 0.595839461 1.1647167 17 20 20
-0.999345758 -1.66949802 0.721756489 70 73 85
-1.77882529 0.596075046 1.1498457 5 92 32
-1.77634019 -1.49739168 0.82120061 231 231 231
-1.77022342 0.594600384 1.14515377 5 86 29
-1.74916021 0.596781351 1.11964212 3 4 5
-1.78704209 0.593624168 1.1424142 10 11 12
-3.05368181 0.253706962 0.775771074 108 114 131
0.00692015018 0.0221886185 -0.00165405931 0 0 0
1.79379536 0.0745570539 0.870227135 130 130 130
-0.523791455 0.586685252 1.26896907 124 124 124
0.50926453 0.732012445 0.933076182 29 30 30
3.01283847 -1.17848 1.35005027 101 106 121
-0.688923094 0.585989073 1.09377269 87 89 93
0.814267863 -1.61438157 1.47916921 26 30 42
-0.69168682 0.584524705 1.0947315 87 89 93
0.88264521 -1.62226559 1.44429335 21 35 60
-0.993246828 0.57764178 1.18330406 64 98 72
4.00672113 -0.581862087 1.12430422 0 0 0
-1.24125256 0.592947473 1.13571224 141 141 141
1.97540675 -0.915716709 0.998763957 130 130 130
-0.96305061 0.58642259 0.983474005 13 88 39
-0.976134634 -1.16209149 0.993321237 231 231 231
-1.61201385 0.594962595 1.16891133 83 86 88
-0.713075155 -2.0720061 0.707398773 8 8 8
-1.64275846 0.59487786 1.16615003 19 19 20
-0.0697451727 -0.106968725 -0.0326355035 86 80 77
-1.70514384 0.595755448 1.15490163 69 78 78
-0.0784123754 0.0961223414 -0.0255159579 86 80 77
-1.71464102 0.597121199 1.14386305 17 18 19
-1.39298187 0.59746746 0.955064359 142 142 142
-1.72771112 0.596417969 1.13833683 1 1 1
-1.73789455 0.59545891 1.13049267 104 107 109
1.68888723 0.651205731 0.789233943 105 110 126
-0.742376055 0.585616828 1.16021203 112 118 124
-1.65508069 0.594758143 1.24613061 5 6 6
5.72782171 -1.27161788 1.43002905 130 130 130
0.0716109421 0.681359118 0.357408663 0 0 0
0.873740721 -1.61686941 1.42554791 88 91 99
-1.34976386 0.579152782 1.06108239 141 141 141
2.70635437 -1.70999085 0.863794074 231 231 231
-1.34976386 0.579152782 1.06108239 141 141 141
1.96543124 -0.0972124499 0.928702351 130 130 130
-1.708607 0.59562642 1.18231682 114 115 115
1.91273347 -1.47352742 0.708722298 0 0 0
-1.70840796 0.596142701 1.18200526 114 115 115
1.874416 -1.3930063 0.637961106 130 130 130
-1.70881896 0.597156551 1.17076932 89 93 95
5.29228363 -2.09667816 -0.583664885 106 112 128
-1.70246723 0.595120073 1.16488139 19 21 22
-1.69401877 0.594282336 1.15976079 61 70 69
3.71498345 -1.39651229 -0.154257344 59 62 72
-1.72199145 0.594487554 1.1370836 87 90 92
0.0705204381 -0.0155512034 -0.00350767232 0 0 0
-1.72436797 0.597436674 1.12281364 2 43 12
0.0705204381 -0.0155512034 -0.00350767232 0 0 0
-1.72436797 0.597436674 1.12281364 2 43 12
-1.73507704 0.59608667 1.12198641 1 60 17
-1.80595586 0.597115993 1.15305997 106 108 108
-0.0216387355 -0.160497852 0.0837168711 236 236 236
0.330335315 0.76480227 0.888910079 29 30 30
6.06282692 0.653074293 1.10966854 0 0 0
-1.74909198 0.59888762 1.12323753 2 3 3
2.57475808 -1.69873269 0.917942051 59 62 72
-1.72957368 0.594403772 1.11307804 75 100 84
2.01796696 -1.30089821 0.954642041 103 109 125
-1.76199833 0.594036009 1.13192514 3 4 4
2.01796696 -1.30089821 0.954642041 103 109 125
-1.78747658 0.596382236 1.14546457 5 5 6
2.65837638 -1.17893046 0.84001434 104 109 125
-1.74284426 0.594537013 1.11586313 100 102 103
-0.93010349 0.583290063 1.15942755 124 124 124
1.95754692 0.0943600743 0.901397398 130 130 130
-1.66622536 0.597384175 1.16062107 7 8 9
1.91137056 -1.55886606 0.72414135 0 0 0
1.86764157 -0.140888055 0.851343565 59 62 72
-0.216448628 -1.69992344 1.00900829 130 130 130
1.84964037 -0.141575613 0.854983944 59 62 72
1.81599273 -1.42171129 0.525088231 105 110 126
-0.753278022 0.5828281 1.14585068 95 101 108
-1.70769875 0.594794167 1.13754622 8 10 11
1.84746373 0.698488235 0.223052228 198 198 198
-1.70433577 0.590662924 1.22945103 12 90 38
-1.20807991 0.608374 0.475219192 6 19 43
-1.73493181 0.588254107 1.12273812 34 59 45
-1.47230172 0.59350482 1.30936272 11 12 14
1.42613171 -1.70398799 1.63508644 130 130 130
-1.45637831 0.620385546 1.29772446 11 12 14
0.769826557 -1.6648258 1.50369958 101 101 101
-0.552199298 0.584852961 1.12896586 11 69 41
3.26389844 -0.0840244377 1.29651175 59 62 72
2.01907013 0.517092376 1.03606572 0 0 0
2.91394128 -0.0881161547 0.396699483 79 73 70
2.01940845 0.518372725 1.03720748 0 0 0
2.50619164 0.28197233 0.893955139 59 62 72
3.66305572 1.45681004 0.398809572 30 45 51
2.64329268 -1.17480195 0.885162642 59 62 72
1.96569229 0.657945206 0.791620939 100 105 121
-0.521249859 0.579972959 1.26395572 100 102 106
-1.08960588 -1.10392203 0.723165393 0 0 0
-0.521249859 0.579972959 1.26395572 100 102 106
-1.34707245 0.595512313 1.42539145 21 29 24
-1.5208013 0.570418027 1.44969697 32 37 49
1.14277589 -1.63104625 1.00020125 231 231 231
-0.722515766 0.586203656 1.14316623 124 124 124
1.52278681 -1.71121376 1.56077338 0 0 0
-1.43488036 0.594421051 1.36764601 4 8 7
2.90096546 -0.494284593 0.857263671 41 41 41
-0.592094255 0.583141832 1.07785033 103 105 108
2.9122413 -0.581979316 0.852516529 41 41 41
-1.43423179 0.594693412 1.34944053 9 11 12
2.9122413 -0.581979316 0.852516529 41 41 41
-1.66386717 0.595408462 1.35135747 38 42 52
-1.51893919 0.595350222 1.26873984 26 30 31
1.50439776 -1.70402571 1.4531449 0 0 0
-1.55539372 0.593454916 1.25656242 18 22 23
-1.59732171 0.59417593 1.27156118 39 49 48
-1.5668988 0.652256011 1.24357486 39 49 48
2.05358249 -0.196391792 0.859862557 59 62 72
-0.771807773 0.58879753 0.888350044 104 106 109
-0.773773279 0.586965332 0.889788628 104 106 109
5.73541334 -0.941005067 1.35815716 59 62 72
0.978112343 0.742966324 -0.0436056543 29 29 29
4.33468072 -1.63637355 1.39566828 59 62 72
-1.64670862 0.594628772 1.25395019 23 24 26
-1.6504693 0.596923592 1.23898979 40 50 49
-1.0774262 -0.954880265 0.769737855 0 0 0
-1.66036341 0.594910292 1.23490298 43 54 53
-0.291276034 -1.70631947 1.18724836 65 65 65
1.94939754 3.1569416 -1.27488651 107 108 111
-0.980159682 0.581995448 0.893898663 107 108 111
-0.980159682 0.581995448 0.893898663 107 108 111
5.60646882 0.169632023 1.03066944 231 231 231
-1.71307867 0.59630246 1.15890119 54 67 65
-1.77815805 0.598698605 1.13353173 26 27 29
-0.494958392 0.586522387 1.33997557 111 117 121
-1.3155499 0.59812554 1.38338429 4 4 5
-0.452482621 0.583618322 1.07781895 105 106 109
-1.1250708 -1.21686649 0.545399976 114 120 138
-1.42293013 0.595393536 1.27045236 63 66 68
-0.769691921 0.58434412 0.975584479 110 117 122
-0.966182694 0.586335774 0.952013735 122 123 123
-1.58423777 0.596479692 1.23049596 27 31 33
-0.97643583 0.584654191 0.917225003 123 123 123
-1.69718863 0.595220056 1.21847475 7 31 16
-1.71895409 0.594968524 1.11990302 12 89 37
1.54949935 -1.71708347 1.54265513 130 130 130
-1.7512162 0.596006856 1.10938641 1 2 2
0.0738741319 -0.0825181519 0.00284393074 0 0 0
-2.12000547 -0.921299293 1.24336172 235 235 235
-0.490517553 0.585226218 1.5098715 68 75 88
-1.12394779 -1.02597109 0.651211672 130 130 130
-0.751704761 0.585989831 1.42380221 111 113 115
-1.13232258 -0.950672596 0.619776616 0 0 0
-1.62840365 0.595863191 1.57636026 103 105 108
6.38552917 -1.5538593 1.48182323 231 231 231
-1.62840365 0.595863191 1.57636026 103 105 108
1.04427488 -1.627129 1.20514712 114 114 115
-0.774624405 0.586403497 1.27906274 82 83 88
-2.4062693 -0.807056696 1.49089451 235 235 235
-0.774624405 0.586403497 1.27906274 82 83 88
-1.11195849 -0.983856199 0.661964176 130 130 130
-0.784462417 0.584464869 1.27145693 124 124 124
-0.802074892 0.584108956 1.095741 87 88 93
2.58603892 -1.24584361 0.830653971 59 62 72
-1.21860716 0.580535751 1.1904249 0 0 0
-1.61292056 0.594288674 1.16861542 82 85 87
-1.69299683 0.59503044 1.16633954 17 19 20
-0.964714286 0.586078079 1.27986324 86 88 92
4.02914645 -0.539285357 1.12208863 0 0 0
-0.963971451 0.586081866 1.27980083 86 88 92
4.03267179 -0.537146869 1.12429093 235 235 235
-1.53969014 0.595993642 1.2946953 12 14 15
-1.24570755 0.587910087 1.13878364 141 141 141
-1.29857935 0.587050548 1.10060724 0 0 0
-1.29857935 0.587050548 1.10060724 0 0 0
-1.21154769 0.589896439 1.02096504 0 0 0
2.6100709 -1.71287958 1.00889239 231 231 231
-0.293088011 0.594304586 0.181391851 22 20 20
1.98698861 0.722718032 0.20718273 208 208 208
0.920841616 -1.62684978 1.4657257 21 26 40
2.30764839 -1.01750163 -0.00245566359 0 0 0
-1.86962936 -1.15641167 1.05878753 115 120 136
2.31829776 -1.01734507 -0.00796327051 0 0 0
0.913046026 -1.64226051 1.44624045 59 62 69
1.68439967 -0.898841121 0.397858379 0 0 0
2.6480799 -1.0678333 0.972502568 0 0 0
-1.39316456 0.591800111 0.962002804 141 141 141
-1.14030264 -1.1604119 0.575747808 48 50 58
-1.39316456 0.591800111 0.962002804 141 141 141
2.64630722 -1.04702466 0.964086511 130 130 130
-0.582140495 0.587029728 1.1488523 124 124 124
-1.13770919 -0.92348478 0.560845698 59 62 72
-1.37715322 0.590106645 1.3134027 70 73 75
5.61492926 -1.43976156 1.36236291 86 86 86
-0.732537642 0.586301948 0.931315483 124 124 124
4.78720165 -1.78329159 1.51572746 231 231 231
-0.957505421 0.582430085 1.0135895 124 124 124
1.58487142 -0.832509382 0.478391309 59 62 72
2.35880623 -1.03660231 -0.000232727003 0 0 0
2.20304984 -1.01963933 0.0553227819 0 0 0
0.00663664492 -1.23646105 0.663632446 84 78 75
-1.30667864 0.589166509 1.08717681 0 0 0
-2.18961719 0.141263524 0.577346524 94 99 114
-1.29257145 0.590941243 1.36390333 0 0 1
-0.803917286 0.602786953 0.941146387 90 92 95
-0.739924532 0.583486379 1.17721489 108 114 121
-0.00212154063 0.685064328 0.545775816 140 140 140
-0.0855697699 0.108827136 0.0258006113 236 236 236
1.15399399 -0.870185112 1.3415003 0 0 0
0.704441785 0.752527694 1.00525319 57 57 57
2.43284989 0.0356636289 0.0191377597 0 0 0
2.43284989 0.0356636289 0.0191377597 0 0 0
0.102113533 0.144198708 -0.00443373139 236 236 236
-1.19459148 0.600225035 0.458674237 6 19 43
-0.764225301 0.609190666 0.980826335 123 123 123
-0.287631635 0.587852371 1.03697474 7 15 9
-1.02028159 -1.19267231 0.953185736 59 62 72
0.993016168 0.775389704 0.932643884 57 57 57
1.95672001 0.121973979 0.822374882 59 62 72
-1.30575615 0.595424075 1.36452901 1 1 1
-1.40298627 -2.0090187 0.154644332 8 8 8
-0.00182698388 0.708518653 0.26066324 141 141 141
3.77253612 1.49084035 -1.1462113 231 231 231
0.0738741319 -0.0825181519 0.00284393074 0 0 0
2.0189077 0.451132457 1.00508008 130 130 130
2.0189077 0.451132457 1.00508008 130 130 130
1.98634495 -0.0243704089 0.986423509 130 130 130
3.97613013 -0.0982432904 0.222180752 59 62 72
1.94927344 -0.0809778266 0.894054827 0 0 0
2.0125884 -1.68789058 0.910921643 231 231 231
2.01078373 -1.68458026 0.918509925 231 231 231
1.97381253 0.703842669 0.138796916 122 122 122
6.25947567 -0.651124069 1.46104022 0 0 0
1.9993577 0.527874332 1.02690544 130 130 130
1.99468092 0.229813406 0.786473914 110 116 133
1.1734436 0.77298369 0.888346216 6 20 42
5.84403211 -1.17018371 1.28637465 231 231 231
2.73207291 0.351624688 1.33689512 29 29 29
2.52692177 0.537414581 1.24150108 29 29 29
6.16885862 -0.885232494 0.294555161 231 231 231
1.9664394 -1.39535038 0.820557328 130 130 130
1.89298344 -1.47931442 0.650447053 130 130 130
1.89298344 -1.47931442 0.650447053 130 130 130
1.90346715 -1.28825392 0.509386305 114 119 137
5.96242057 0.356289773 2.14432258 41 41 130
5.92995242 0.782720031 2.04503963 5 5 5
5.69783311 -1.40074754 1.39241934 0 0 0
5.66475356 -1.29154512 1.22250269 130 130 130
1.9970451 -0.0455691025 1.00560403 130 130 130
1.96659566 -1.39884282 0.815428673 130 130 130
1.93472011 -1.29479376 0.546413767 59 62 72
5.79234657 0.296081604 1.44544246 59 62 72
5.7581903 -0.141951858 1.44803119 59 62 72
5.78908515 0.177956256 1.35644081 0 0 0
5.82942999 0.184041088 1.26215679 231 231 231
5.8199349 0.183082989 1.2644716 231 231 231
2.63549777 -1.0173789 0.944994344 0 0 0
1.96369546 -1.41579879 0.847439141 59 62 72
1.88534352 -1.46064957 0.626129425 0 0 0
6.2522835 -0.248584787 1.20611445 231 231 231
6.25328657 -0.744305976 1.20016071 231 231 231
6.25328657 -0.744305976 1.20016071 231 231 231
5.4138091 0.558762667 1.2782254 231 231 231
5.41781028 0.559595826 1.2777927 231 231 231
3.08452358 0.299441647 1.39117612 84 88 102
6.22574781 -0.836395389 0.239838353 231 231 231
6.1676362 -0.30010827 0.217831423 25 25 25
6.159779 -0.300232735 0.219991782 25 25 25
6.15236931 -0.710504156 0.221567364 25 25 25
6.16102059 -0.711174375 0.219501708 25 25 25
2.63768622 -1.08871458 0.949847133 0 0 0
1.57650687 -0.809205167 0.502148347 59 62 72
4.89461789 -0.502007087 1.09649245 107 105 105
2.70999221 -0.962252107 1.1145423 130 130 130
5.985806 -0.17672697 0.188607438 231 231 231
6.00959394 -0.829134669 0.179103936 231 231 231
5.87578996 -1.42608055 1.35442734 6 6 6
5.57179231 -1.38602623 1.37116756 6 6 6
5.3927242 -1.58311215 1.28845679 231 231 231
5.3927242 -1.58311215 1.28845679 231 231 231
1.88328707 -1.52616697 0.659586443 130 130 130
2.15076259 0.557609519 1.23583 29 30 30
6.24745966 -0.904548531 0.310483367 231 231 231
6.11197578 -0.758397848 0.182812293 25 25 25
6.14553359 -0.76015265 0.175120825 25 25 25
2.18468469 -0.0227254822 0.949906171 130 130 130
1.98965923 0.737110184 0.893913708 9 9 9
2.000936 0.754581739 0.880800877 9 9 9
1.97485215 0.763709913 0.873932571 9 9 9
1.88624548 0.736045872 0.894842713 9 9 9
1.51505031 0.705337477 0.917722968 9 9 9
1.51526397 0.765788849 0.887645762 13 25 45
1.26824505 0.777246192 0.897633372 26 78 39
6.27108239 -0.318670428 0.329127605 52 52 52
6.15484184 -0.881950306 0.351024554 52 52 52
6.18963525 -0.878107991 0.345067925 52 52 52
6.20902015 -0.925550153 0.301580338 52 52 52
1.76176436 0.745216929 0.888665282 9 9 9
1.48437226 0.619228266 0.981204022 9 9 9
0.732255309 0.16820228 1.31135285 9 9 9
2.34152433 1.21835032 0.54293329 9 9 9
1.55314404 0.763917427 0.875456591 9 9 9
1.18646948 0.760998162 0.878561125 9 9 9
1.13360212 0.748446568 0.887006901 9 9 9
1.00546609 0.756230727 2.01663429 57 57 57
4.33229592 0.554021753 1.48539285 87 92 106
5.82917273 -1.33180414 1.40460131 0 0 0
5.68698154 -1.31743779 1.35400382 0 0 0
5.23165828 -0.213944613 1.09909349 105 102 102
1.95716994 0.0462453023 0.921328454 130 130 130
5.69380136 3.3704844 -0.99882964 116 120 116
1.27175679 0.753455951 0.884329666 9 9 9
0.999391978 0.763897433 1.98072216 0 0 0
0.603426694 0.70897004 1.74625224 140 140 140
0.604242221 0.708611834 1.74562364 140 140 140
5.67892504 -1.31646874 1.26847573 0 0 0
3.96751679 -0.434394518 1.13335811 0 0 0
2.04062415 0.533568622 1.09437496 130 130 130
2.03730206 0.532403627 1.0952855 130 130 130
2.69033213 -0.953867016 1.07767138 0 0 0
2.04287794 0.0975158197 1.09438026 130 130 130
2.02347586 0.750669853 0.109441123 125 125 125
2.82559804 0.323035784 1.32293663 28 29 29
2.00998185 -0.0792489636 1.03619215 0 0 0
2.00987329 -0.0793175011 1.03623293 0 0 0
1.08040456 0.766039625 2.01383897 57 57 57
1.10049937 0.780484996 1.96957289 57 57 57
5.90470071 -1.17406952 1.27240868 231 231 231
2.04366991 0.529293542 1.08738036 130 130 130
4.70637668 -0.0982448319 0.324487515 59 62 72
2.65761975 -1.07642653 0.991252207 130 130 130
1.98835635 0.63898466 0.945885048 231 231 231
5.92887728 0.352083114 2.1432105 41 41 130
5.75379831 -1.15874594 1.433987 231 231 231
5.66128961 -1.42273482 1.22316612 130 130 130
5.91795577 -0.118177322 0.178374261 231 231 231
6.28983931 -0.166313312 0.216072266 231 231 231
6.22603664 -0.836381825 0.239754762 231 231 231
6.18345186 -0.950483876 0.220169034 41 41 41
5.99946978 -0.981356171 0.158636986 231 231 231
1.05650301 0.761629209 2.00379599 57 57 57
5.78960482 0.785207416 2.07669091 5 5 5
0.722967897 0.710246432 1.67052055 0 0 0
1.5216359 0.751830135 0.884247946 9 9 9
1.00773916 0.764403518 1.07300308 0 0 0
1.99111509 0.724935667 0.203438239 207 207 207
1.34082639 -1.27536171 0.957093813 130 130 130
2.98924536 0.175750765 1.31445191 87 91 105
1.99144017 0.023112507 0.995731967 0 0 0
1.98912241 0.0231511363 0.996128492 0 0 0
2.90405961 1.61476371 0.252253473 9 9 9
1.24102252 0.757417813 0.880468314 9 9 9
5.6831899 -1.26120986 1.39572186 130 130 130
5.69419611 -1.31483094 1.38228858 130 130 130
5.60810561 -1.15390942 1.01962811 231 231 231
3.02138553 -0.842437007 0.862149773 107 113 129
3.02269638 -0.839084857 0.862554119 107 113 129
0.525761873 0.0790567446 1.37692809 9 9 9
5.77556082 -1.1392559 1.41625034 231 231 231
-0.593464784 -0.279160069 1.67636685 0 0 0
13.7835672 -0.031324763 0.605141998 231 231 231
4.01131797 -0.57443348 1.12501144 0 0 0
2.00744741 0.0777377377 1.04098275 0 0 0
0.999366655 0.746065498 1.05160281 0 0 0
1.92369002 -1.45470004 0.726981191 0 0 0
1.61835627 -0.234239323 0.751527149 0 0 0
6.20249142 -0.264266193 0.173688101 25 25 25
6.19764188 -0.264675415 0.175099799 25 25 25
2.61041236 -1.04447208 0.944493512 0 0 0
1.98152151 0.342082578 0.938285995 130 130 130
1.94416234 0.333756375 0.926057181 130 130 130
2.6904901 -1.60252339 1.34444357 59 62 72
5.84569607 -0.856228833 1.44648518 59 62 72
4.34734379 -1.60698339 1.47125842 59 62 72
6.08371698 -0.350732398 0.131188028 231 231 231
1.87948404 -1.36811573 0.557280388 59 62 72
2.18640814 -0.022820927 0.113924014 0 0 0
2.01186945 0.64825116 0.958380997 5 5 5
1.49125486 0.867604983 0.834430744 70 70 70
1.97482684 0.175164312 0.811850022 0 0 0
1.25796488 0.715154115 0.911888404 9 9 9
1.98627915 -0.0245138797 0.986511944 78 78 78
1.72422486 0.7709907 0.909521142 121 121 121
0.447854783 -0.794088175 1.59671135 8 8 8
5.66489713 -1.42876088 1.30021139 0 0 0
2.93571861 0.284730039 1.3610111 59 62 72
-0.0290401306 -0.496980662 1.77105839 52 52 52
2.00201899 0.626980888 0.97504968 9 9 9
2.06921669 0.696752764 0.923253 9 9 9
3.92241234 1.6929219 0.193052987 9 9 9
1.29543496 0.332815221 1.19033348 9 9 9
2.84797535 1.26599096 0.529973072 9 9 9
0.755020629 0.0314822759 1.41108625 9 9 9
0.600505573 -1.07279427 1.17865391 8 8 8
0.600505573 -1.07279427 1.17865391 8 8 8
6.19769723 -0.254994238 0.163041145 25 25 25
6.19769723 -0.254994238 0.163041145 25 25 25
4.42090054 -0.0825090965 0.163121521 60 63 74
0.379202196 -0.763095873 1.61017865 231 231 231
0.327300886 -0.827486035 1.56429282 8 8 8
0.564884792 -0.988236001 1.44529249 8 8 8
1.97613154 -0.837590774 0.602330328 0 0 0
5.73094841 -1.17842515 1.41901246 231 231 231
1.9949686 0.470858626 0.98508829 0 0 0
1.9949686 0.470858626 0.98508829 0 0 0
1.9838623 0.469644882 0.970804475 0 0 0
1.9838623 0.469644882 0.970804475 0 0 0
4.24601722 -0.031102034 0.0919686263 59 62 72
1.98791304 -0.903944055 0.961939274 111 116 133
1.98912887 -0.904898675 0.962150721 111 116 133
0.507604204 -0.963651842 1.46387446 8 8 8
0.507972125 -0.967154185 1.46121386 8 8 8
0.507972125 -0.967154185 1.46121386 8 8 8
1.76824774 0.663741837 0.79483119 108 114 131
-0.00719204963 -0.631423754 1.70951812 8 8 8
2.1897806 -1.95841962 0.72823568 0 0 0
-0.339954549 -1.75847469 0.881072494 8 8 8
5.91098124 -1.5383268 1.21913665 59 62 72
2.12212009 -0.190613488 0.749026449 0 0 0
1.91221669 0.307642067 0.849849151 59 62 72
1.96659566 -1.39884282 0.815428673 130 130 130
1.96932939 -1.58419118 0.815433984 130 130 130
1.87102268 -1.18710151 0.549045026 59 62 72
6.07959542 -0.257350617 1.33534829 0 0 0
2.67075631 -1.00242609 0.988910247 130 130 130
2.03156571 -1.59834784 0.971703662 231 231 231
2.15221922 0.251505586 0.838352704 0 0 0
1.97202625 -0.116285163 0.826986663 59 62 72
5.25510671 -0.70667159 1.17700681 231 231 231
1.95957774 -0.922839129 0.98861988 109 115 132
2.33950039 0.297751158 0.904525972 110 116 133
2.01914255 -0.155496315 0.827984375 59 62 72
2.3359974 -0.00870734736 0.0123097945 0 0 0
2.00769999 0.636939297 0.954882782 179 179 179
2.16708268 -0.852261337 0.82305911 0 0 0
2.23862556 -0.0190149589 0.0683162906 0 0 0
1.95850968 0.774563115 0.893962182 120 120 121
3.15027017 1.48985621 0.342446915 0 0 0
2.32245528 -0.825458771 0.842796932 59 62 72
1.27032485 0.768153506 0.891496669 120 122 120
5.72678322 -1.24175641 1.47094482 59 62 72
1.94134807 0.51379916 0.894349284 0 0 0
1.97051216 0.821545399 0.832018249 9 9 9
1.36350825 0.568639941 1.018227 9 9 9
1.28656111 0.754643427 0.883004037 9 9 9
1.50575458 0.752636214 0.883159289 9 9 9
1.49268154 0.755209119 0.881494957 9 9 9
1.25782366 0.75999541 0.878550398 9 9 9
1.18551404 0.716731051 0.910106218 9 9 9
2.28943 0.726878603 -0.0252530693 0 0 0
5.70912873 -1.26546528 1.3682128 130 130 130
5.66042702 -1.37346169 1.32605754 0 0 0
6.28219762 -0.761769296 0.145809693 25 25 25
0.994980061 0.738335508 1.98156939 0 0 0
14.4292139 0.130203493 0.633008036 0 0 0
4.03584671 -0.51992617 1.12095528 0 0 0
6.21214987 -0.258990891 0.165683197 25 25 25
6.16720371 -0.259834426 0.174943188 25 25 25
2.01607157 0.087962727 1.09869917 130 130 130
1.95077633 0.0907178704 0.905833171 130 130 130
6.13410174 -1.53495483 1.88265623 231 231 231
2.01192199 -0.0968874853 1.01449756 130 130 130
5.90129941 0.348505059 2.14179064 43 43 136
2.15221922 0.251505586 0.838352704 0 0 0
1.16790762 0.764616819 0.884546106 98 98 98
1.39951446 0.764466595 0.891036659 74 77 85
2.16217012 0.287469596 0.940712202 59 62 72
2.14073097 -0.195527724 0.701605951 110 115 132
1.86242328 -0.875214365 0.575640751 59 62 72
1.74404344 0.753119444 0.882904643 9 9 9
1.13210226 0.750383231 0.856438815 154 154 154
2.00412603 0.634623569 0.957419407 231 231 231
2.10928213 0.306680372 1.2321491 102 108 124
2.04452356 -1.622474 0.983891064 231 231 231
1.99763703 -1.59428952 0.995681056 8 8 8
0.432363222 -0.816480875 1.56750445 8 8 8
0.432363222 -0.816480875 1.56750445 8 8 8
2.77401067 -1.31954549 0.825670959 231 231 231
5.72106162 -1.29309015 1.30603105 0 0 0
2.08465306 0.242806539 1.21422718 86 90 104
2.01152624 -1.74085958 0.888269672 8 8 8
1.98715049 -0.0356134658 0.988412834 0 0 0
0.532540049 -0.931071055 1.4876982 8 8 8
0.583948784 -0.973972115 1.45568058 8 8 8
-0.954931498 -1.97603176 0.719591435 0 0 0
1.9425353 0.0780210104 0.894884357 0 0 0
-0.942215804 -1.80283688 0.847368222 0 0 0
0.428672607 -0.884242505 1.52212176 8 8 8
0.340718729 -0.835397199 1.55921821 0 0 0
1.90839066 -1.30041169 0.523747067 0 0 0
6.18963345 -0.916327598 0.24534624 41 41 41
2.07902601 0.293944989 1.30646564 98 103 118
2.52524353 0.541672238 1.14436682 29 29 29
2.6486414 -1.0681289 0.972038641 0 0 0
2.18971118 -1.3502296 0.835686058 0 0 0
2.16476016 -1.28877226 0.847058844 0 0 0
2.16476016 -1.28877226 0.847058844 0 0 0
2.42640745 -0.875686218 0.740034631 0 0 0
1.98580758 0.0486397286 0.971482951 130 130 130
1.96999536 0.00108925152 0.944324074 0 0 0
1.94207707 -1.41139193 0.766270729 0 0 0
1.90869929 -1.46566832 0.700093666 0 0 0
1.90869929 -1.46566832 0.700093666 0 0 0
1.90357323 -1.48040231 0.688216533 130 130 130
1.94539103 0.328940731 0.825862296 59 62 72
1.87315031 -1.56750222 0.624214955 0 0 0
1.87328712 -1.56761734 0.624000627 0 0 0
0.217637479 -0.461024235 1.63337925 60 64 74
0.283164389 -0.856209175 1.54135217 8 8 8
0.283164389 -0.856209175 1.54135217 8 8 8
1.89296085 -1.23200502 0.530406303 0 0 0
2.34053611 0.0741392024 1.19038212 0 0 0
2.61537241 -1.659501 0.905192878 59 62 72
2.04493978 -1.62301858 0.958828853 231 231 231
2.10986659 -1.33085955 0.912392013 59 62 72
2.0554448 -1.31381328 0.906946067 76 81 93
2.20614827 -0.879244352 0.873551908 59 62 72
1.93850814 -1.58811653 0.747274285 130 130 130
6.18602508 -0.30324405 0.301072679 231 231 231
2.67384688 -1.10432001 1.04434117 0 0 0
1.98488152 -1.36346265 0.997518114 110 116 133
2.00000038 -0.918989821 0.992197337 111 116 133
2.07850951 0.24644868 0.898162316 69 73 85
2.63563558 -0.96595428 0.942411547 0 0 0
1.6204876 -0.226337424 0.740396702 0 0 0
5.91988526 -0.732233788 1.34498991 0 0 0
5.28744996 -0.63217917 1.15321959 59 62 72
3.34297759 -1.68788852 1.33228935 231 231 231
2.74284496 -1.28217794 0.853051733 231 231 231
2.73497186 -1.2797996 0.855379876 231 231 231
2.3043989 -1.09334312 0.945885058 110 116 133
2.01870997 -1.59258458 0.976649982 231 231 231
1.99690778 -1.33845565 0.993331506 59 62 72
2.15258815 -1.27489255 0.924659204 109 115 132
2.02100802 -0.895464803 0.985141655 59 62 72
2.41343525 -0.836894646 0.792158332 59 62 72
1.66499431 -0.238237616 0.768329854 59 62 72
2.87758029 0.494544444 1.32678507 59 62 72
3.27877142 0.665154002 1.21665806 59 62 72
2.61231254 -0.958081034 0.90225695 130 130 130
2.73987883 -0.183282429 0.856499241 59 62 72
1.92527964 -1.34956592 1.00148342 107 112 129
2.36140558 -0.230245889 0.807581499 59 62 72
2.64704594 -1.71716415 0.886932101 231 231 231
2.5834202 -1.17312125 0.921670776 59 62 72
2.24641965 -1.20487151 0.878504135 107 112 129
2.22542609 -1.33670176 0.788600298 0 0 0
2.4766401 -0.201398152 0.854173596 111 116 134
2.4766401 -0.201398152 0.854173596 111 116 134
1.91413448 -0.874167482 0.461671384 115 121 139
1.60131171 -0.859158836 0.51223508 112 118 136
1.98427701 0.427197959 0.973931024 0 0 0
1.95651872 0.361943486 0.89552285 0 0 0
1.995449 -0.0455839094 1.00625726 130 130 130
2.08517647 0.243079021 1.21424556 86 90 104
2.04113197 0.279020512 1.31348065 98 103 118
2.58547271 0.580540725 1.14917753 29 29 29
5.77244795 0.725001008 1.45446926 231 231 231
2.63060386 -0.250550622 0.831632364 60 63 74
-0.00140878082 -0.575930292 1.75276873 8 8 8
-0.00140878082 -0.575930292 1.75276873 8 8 8
2.00894755 -1.76853369 0.892082533 8 8 8
1.98962124 -1.75692939 0.900151159 8 8 8
6.2140692 -0.757057895 0.15920911 25 25 25
6.18690518 -0.756445527 0.165108692 25 25 25
2.08532212 0.296393784 1.23801654 104 109 125
2.52382962 -0.804220466 0.868153887 59 62 72
2.02638295 -0.92075921 0.986921128 111 116 133
-0.331589117 -1.80212193 0.849391379 8 8 8
3.51918708 1.52769645 0.31481118 10 10 10
2.12142675 0.762449024 0.874629237 9 9 9
2.08492749 0.755132057 0.880184303 9 9 9
2.08930129 0.769509744 0.870057754 9 9 9
0.548735648 -0.943005498 1.48023544 8 8 8
25.7613827 -18.2405266 -11.3180248 8 8 8
6.32862175 -0.280651316 1.24402674 231 231 231
6.12594591 -0.749507434 0.186739471 25 25 25
2.01134574 0.0363704901 1.00693354 130 130 130
2.01134574 0.0363704901 1.00693354 130 130 130
2.38780618 -0.813791011 0.82501273 59 62 72
2.18971118 -1.3502296 0.835686058 0 0 0
2.27064438 -0.882610023 0.802964004 0 0 0
2.27064438 -0.882610023 0.802964004 0 0 0
1.98626935 0.388576234 0.957133238 130 130 130
1.98626935 0.388576234 0.957133238 130 130 130
0.453688257 -1.05176442 1.39910927 231 231 231
2.3278466 0.760053417 -0.0433633643 231 231 231
4.93472262 0.565719616 1.27080064 79 83 96
2.07423598 -1.19488397 0.927444362 111 116 133
2.05129886 -1.18562468 0.934699325 111 116 133
1.92356295 -1.45465149 0.727151126 0 0 0
1.98806001 -0.906074909 0.963845994 111 117 134
3.45368613 1.61396044 0.288329835 124 124 124
2.01090976 -0.114433751 0.783513464 110 115 132
5.33359142 -0.364146803 1.14633019 59 62 72
2.46092912 0.533434001 1.22331643 59 62 72
2.09504074 0.780504535 0.895257248 124 124 124
2.09871125 0.758380502 0.883973294 141 151 145
2.06974846 -1.20350655 0.966288197 59 62 72
1.99855226 0.457591019 1.00403593 130 130 130
2.63621645 -1.10370164 0.889086689 130 130 130
1.5378999 -1.26664455 0.500856035 59 62 72
1.50845382 -1.18949288 0.559496807 112 117 135
1.44347363 -1.60740726 0.499361147 231 231 231
1.645133 -0.24868287 0.79230116 59 62 72
1.94623054 0.513570636 0.894881235 0 0 0
1.89093545 -1.53212711 0.65589397 130 130 130
34.5339688 -21.0160321 -13.8831598 8 8 8
34.5339688 -21.0160321 -13.8831598 8 8 8
2.82653216 -1.6376598 1.29016718 231 231 231
2.82653216 -1.6376598 1.29016718 231 231 231
1.60478916 -1.4735686 0.394636488 231 231 231
1.83606962 -0.00813516539 1.65166447 64 68 78
2.62781159 -1.70799835 0.954712179 8 8 8
2.16298941 -1.62025345 0.935883084 231 231 231
6.70269622 -4.49099475 -1.14657632 8 8 8
0.557479802 -0.900912105 1.51052883 0 0 0
2.9683353 -2.37973145 0.415645913 8 8 8
1.83879234 -1.38654354 0.560462099 59 62 72
1.62536735 -1.59876824 0.354377926 159 159 159
5.69338452 -1.2658928 1.27320671 130 130 130
2.61196753 -0.932240334 0.872542481 130 130 130
0.384646966 -0.836990923 1.55728314 8 8 8
11.9013617 -10.5782064 -5.61284218 8 8 8
1.89859862 -1.27836616 0.511541962 114 120 138
1.89525277 -0.819017164 0.468780233 59 62 72
5.83926692 0.143963487 1.41491658 231 231 231
1.40584978 -1.70626027 1.35586765 130 130 130
2.66699336 -1.05290899 1.01176186 130 130 130
2.66699336 -1.05290899 1.01176186 130 130 130
2.63251331 -1.11047317 0.932944522 0 0 0
2.63251331 -1.11047317 0.932944522 0 0 0
1.97494723 -1.74618472 0.88532238 8 8 8
1.97718524 -1.74750887 0.884439512 8 8 8
1.96874642 -0.000437503737 0.965297825 0 0 0
1.91578559 -1.51204486 0.716402879 0 0 0
1.96378511 -0.106425059 0.8208478 59 62 72
1.9787708 0.125125083 0.81192803 59 62 72
0.13793828 -0.683712993 1.66797952 8 8 8
0.13793828 -0.683712993 1.66797952 8 8 8
0.318144594 -0.449177179 1.5926392 110 115 132
0.480520789 -1.0357793 1.22475652 231 231 231
1.53545867 -1.71292076 1.54626267 130 130 130
1.53545867 -1.71292076 1.54626267 130 130 130
3.15347397 0.384708076 1.33489661 106 111 128
3.15347397 0.384708076 1.33489661 106 111 128
1.46052896 -1.72856854 1.41185659 0 0 0
1.41888133 -1.6953187 1.42208373 0 0 0
2.6877254 -0.937776607 1.0388847 130 130 130
2.07653223 -0.152503285 1.24121362 105 111 127
2.09059468 -0.0921063248 1.07846278 130 130 130
2.05923931 -0.0985461244 1.08915679 130 130 130
2.00782053 -0.876573291 1.00592484 111 116 133
0.419053041 -0.96737435 1.29574536 8 8 8
1.19829014 -1.75768383 0.877719383 8 8 8
1.19829014 -1.75768383 0.877719383 8 8 8
5.67133017 0.199243281 1.42545561 231 231 231
1.17184731 -1.75094404 0.903921825 231 231 231
1.8979195 -1.33972255 0.529550411 59 62 72
1.40646233 -1.69683139 1.63686597 130 130 130
1.6065625 -1.71624888 1.35956421 130 130 130
1.60951918 -1.71816017 1.35842858 130 130 130
1.55046299 -1.22569628 0.515857181 112 117 135
1.41076719 -1.70044468 1.36689581 130 130 130
1.56894736 -1.70694046 1.56130044 0 0 0
1.45307337 -1.70964242 1.5604642 0 0 0
3.25226934 -1.87377458 0.786127982 59 62 72
2.66468375 -1.67754105 0.898126218 59 62 72
-0.856832114 -1.59723559 0.998716465 0 0 0
-0.839229846 -1.5957146 0.998428508 8 8 8
-0.836435867 -1.59741768 0.997254039 8 8 8
2.9657769 -1.19527974 1.25629506 98 103 118
0.519196443 -0.923411913 1.49031925 0 0 0
2.13879923 -0.293046978 0.985033622 60 63 74
0.438794969 -0.987107033 1.27366746 8 8 8
0.0777591381 -0.479821075 1.74902218 130 130 130
0.0777591381 -0.479821075 1.74902218 130 130 130
1.54297082 -1.49531952 0.470607351 59 62 72
0.296170667 -0.846631275 1.54841176 231 231 231
1.58769621 -1.70239944 1.41663892 0 0 0
1.59253556 -1.70591811 1.41450522 0 0 0
0.997605987 -1.6142559 1.47868698 109 109 110
0.987064931 -1.61537469 1.45429766 62 66 77
2.65895865 -1.6971514 0.963016474 8 8 8
0.983069789 -1.61557808 1.44215658 70 74 84
-0.855743582 0.586330781 1.61077262 0 0 0
0.914104712 -1.61385401 1.45790237 12 28 56
0.951932623 -1.61858085 1.44393383 13 31 60
0.911166556 -1.61495605 1.45480164 66 71 82
0.906303147 -1.6174489 1.45395786 64 69 80
0.901264755 -1.61940882 1.45339565 66 70 82
0.135327561 -0.725768429 1.72629265 0 0 0
1.0186933 -1.61597163 1.41235894 88 94 104
2.31519876 -1.66191086 0.96468839 8 8 8
0.915101545 -1.61570731 1.35433216 75 80 88
0.915101545 -1.61570731 1.35433216 75 80 88
0.919928248 -1.61267412 1.32538786 116 116 117
0.905679229 -1.62054705 1.32505544 82 83 88
0.905679229 -1.62054705 1.32505544 82 83 88
0.984523772 -1.61116674 1.29275964 13 75 38
0.993410537 -1.61385486 1.20942037 116 116 116
0.807892356 -1.57930867 1.29744041 116 116 116
0.846310255 -1.61633678 1.26841959 114 114 114
0.911413989 -1.61437385 1.21481286 117 117 117
2.73222103 -1.34320184 1.29902704 99 104 119
2.78237457 -1.17932868 1.28860927 99 104 120
2.797781 -1.1829805 1.28570836 99 104 120
0.96425959 -1.61668761 1.48127159 6 21 43
2.5112258 -1.66545747 0.984302879 8 8 8
2.64866887 -1.67460055 0.868414237 231 231 231
2.64143768 -1.66985716 0.8693256 231 231 231
2.46644563 -1.73001901 0.921111694 8 8 8
2.55565098 -1.7910979 0.873562972 8 8 8
2.02219725 -1.54471507 1.02381513 96 101 116
1.99230823 -1.58428135 1.00306376 8 8 8
0.995742086 -1.61235992 1.35124699 106 111 117
0.987946304 -1.61018672 1.34707424 105 111 117
2.00498646 -1.69162087 0.924501742 8 8 8
2.02313872 -1.70231836 0.916744076 8 8 8
1.96439586 -1.67433006 0.937214126 8 8 8
1.97209919 -1.67988639 0.933213651 8 8 8
3.28203753 -2.54193341 0.295877372 8 8 8
0.909442655 -1.61393693 1.34059421 59 71 73
0.938243461 -1.61965449 1.32545434 86 86 90
0.938243461 -1.61965449 1.32545434 86 86 90
1.99802115 -1.75410702 0.88926994 231 231 231
9.90509029 -7.05324483 -3.04090937 8 8 8
-0.811759625 -1.76381262 0.398762298 0 0 0
0.998426624 -1.61499879 1.22329411 117 117 117
0.97904315 -1.60847106 1.21684133 23 74 43
0.97904315 -1.60847106 1.21684133 23 74 43
0.832992395 -1.61565159 1.28136414 54 68 64
0.832992395 -1.61565159 1.28136414 54 68 64
1.8588563 -1.38975314 0.558098891 130 130 130
1.83338415 -1.36880464 0.568460144 59 62 72
0.771515075 -1.62091927 1.01208662 101 101 101
1.39070786 -1.69402096 1.64608604 130 130 130
1.40439342 -1.70571221 1.64421613 130 130 130
2.831034 -1.63547017 1.30020412 231 231 231
2.831034 -1.63547017 1.30020412 231 231 231
0.978508184 -1.61582533 1.48015449 4 16 41
2.00965891 -1.62781925 0.948592349 111 117 134
2.00955566 -1.62859185 0.948269296 111 117 134
0.90458204 -1.61588399 1.34327169 117 117 117
0.847675504 -1.61430071 1.28667664 62 66 74
0.847675504 -1.61430071 1.28667664 62 66 74
0.845153956 -1.61480759 1.28166042 117 117 117
0.836829089 -1.61356181 1.28156942 117 117 117
1.18756223 -1.75573717 0.869544303 231 231 231
5.82749483 -0.780140435 1.41273772 231 231 231
5.90392801 0.219442117 1.28933436 231 231 231
2.79813968 -1.61363904 1.32944921 231 231 231
2.79780891 -1.61351411 1.32960635 231 231 231
1.52968648 -1.65069873 1.37647076 130 130 130
1.53308179 -1.65306643 1.37460573 130 130 130
2.654016 -1.02417001 0.986078735 130 130 130
2.65440064 -1.02452156 0.985673189 130 130 130
0.968600713 -1.61456186 1.41399956 51 60 78
2.65367215 -1.68183142 0.867713988 231 231 231
2.63572474 -0.95470788 0.930420605 0 0 0
2.44243839 -1.75313899 0.875986586 8 8 8
0.914029333 -1.61416919 1.34922808 117 117 117
2.69392905 -0.143074981 0.852513508 59 62 72
0.981704669 -1.61618187 1.28374496 117 117 117
0.990836862 -1.6108651 1.27090324 117 117 117
1.95896992 -0.00302375946 0.969562775 0 0 0
1.9162629 -1.25556542 0.49821282 114 120 137
0.232728156 -0.597449092 1.70129304 8 8 8
1.60857548 -1.70896215 1.64202968 130 130 130
1.60752002 -1.7084066 1.64196272 130 130 130
2.89437164 -1.59428947 1.30985926 231 231 231
2.89437164 -1.59428947 1.30985926 231 231 231
1.01324467 -1.61428364 1.47522068 10 81 35
1.01324467 -1.61428364 1.47522068 10 81 35
1.01255054 -1.6508962 1.46369511 66 68 75
2.08203151 -0.150100299 1.24009877 107 112 129
0.84796412 -1.61826765 1.27232542 14 64 41
0.992403595 -1.61557275 1.20394121 117 117 117
0.834044388 -1.61598423 1.26984705 117 117 117
0.834044388 -1.61598423 1.26984705 117 117 117
0.907154839 -1.61451667 1.22120853 65 96 71
1.5435307 -1.67890572 0.510530148 107 113 130
0.231836046 -0.596463187 1.70159438 8 8 8
0.232103968 -0.596733463 1.70119415 8 8 8
2.77562021 -1.35010186 1.34207574 59 62 72
3.46804309 -1.72249918 1.2151341 231 231 231
3.46804309 -1.72249918 1.2151341 231 231 231
2.78835363 -1.38105436 1.32794142 231 231 231
2.80386455 -1.38552251 1.32478088 231 231 231
0.996839742 -1.61611128 1.47436886 43 46 58
0.996839742 -1.61611128 1.47436886 43 46 58
0.964053775 -1.61154828 1.47627628 98 99 100
0.88898454 -1.6157813 1.4138101 64 75 94
2.0255276 -1.17013811 0.944385578 112 118 135
0.986839255 -1.61245584 1.21869467 56 93 64
1.89072327 -1.53244377 0.655701053 130 130 130
3.87654976 -1.49726979 1.15435583 160 160 160
1.02277539 -1.61635869 1.48378052 3 12 36
1.02220419 -1.61601622 1.48369207 3 12 36
1.00492334 -1.61269898 1.45089489 36 43 62
0.937210575 -1.61590877 1.45163982 22 35 61
0.921405256 -1.61740845 1.45137401 25 38 62
0.957718993 -1.6194954 1.42330282 105 106 109
2.85393682 -1.31167191 0.840121709 231 231 231
2.88721611 -1.32182727 0.829265858 231 231 231
0.945747237 -1.62471253 1.40962748 84 90 100
3.05252988 -0.819274882 0.831717631 59 62 72
2.02305763 -0.901563584 1.02334826 111 117 134
0.994971225 -1.61520918 1.28641604 77 80 83
0.994971225 -1.61520918 1.28641604 77 80 83
1.75205196 -1.71570022 0.148072772 122 122 122
3.04913692 -0.228855503 0.873492662 110 115 132
0.997247906 -1.61738742 1.34745789 100 106 111
0.997277606 -1.61741646 1.34741364 100 106 111
0.972174628 -1.61434676 1.29252315 117 117 117
0.916913258 -1.61879546 1.28245529 105 111 117
0.916913258 -1.61879546 1.28245529 105 111 117
2.00426598 -1.61737587 1.00046904 59 62 72
0.914135924 -1.61465892 1.34711959 116 116 116
0.914135924 -1.61465892 1.34711959 116 116 116
1.53442165 -1.30226533 0.538798753 112 117 135
1.67466887 -1.70242512 0.241240804 122 122 122
3.56210916 -1.628866 1.3267551 231 231 231
2.19169929 -1.32762326 0.806073801 0 0 0
1.74791484 -1.72590439 0.0829371623 231 231 231
2.68956177 -0.988035006 1.04441839 130 130 130
2.68972243 -0.988125417 1.04434034 130 130 130
2.06463373 0.547125248 1.08892039 130 130 130
6.18525993 -0.762192317 0.164459809 25 25 25
-0.322875699 0.578619425 0.202365248 0 0 0
1.02745446 0.738071109 1.96277783 57 57 57
1.97175261 0.3850784 0.945355977 130 130 130
1.97175261 0.3850784 0.945355977 130 130 130
4.53794717 -0.0210482638 0.0577844851 59 62 72
1.57635373 0.765098827 0.874218153 9 9 9
2.00642353 -0.19158479 0.796012884 0 0 0
0.831751819 0.755808644 0.849741844 29 30 30
0.763306771 0.781258926 0.830255908 29 30 29
2.29947273 0.745311862 -0.0210224563 231 231 231
0.995248276 0.739186325 1.94194623 0 0 0
2.92183581 0.521304228 1.36944552 104 109 125
3.10502244 0.61740138 1.25161298 59 62 72
2.05829974 0.289943537 1.24271359 102 107 123
1.9492211 0.0440691672 0.940533353 130 130 130
1.9492211 0.0440691672 0.940533353 130 130 130
2.01053124 0.0780126732 1.03877557 0 0 0
1.94676611 0.354721763 0.894369073 0 0 0
2.00233832 -0.12612148 0.788100276 105 110 127
0.915619419 0.786122174 0.827644873 28 29 29
0.602177882 0.705046452 1.45934686 141 141 141
1.63755658 -0.225197589 0.78127243 59 62 72
1.57157766 -0.203819519 0.80453219 59 62 72
0.632953306 0.708239862 1.52414968 0 0 0
0.808315135 0.719251357 1.46013017 140 140 140
0.994038502 0.753408914 1.92067915 15 15 15
3.12446811 0.638324898 1.97186629 56 57 57
1.98834699 -0.19928921 0.759356142 112 118 135
0.606075244 0.702957567 1.46490366 139 139 139
1.9414003 0.710340033 0.211949173 155 155 155
6.17757489 -0.871892559 0.346846591 52 52 52
-0.143910288 -1.66303397 0.946258962 8 8 8
0.0955244309 -0.0764771773 -0.00224336304 235 235 235
5.71789531 -1.45639616 1.39915124 130 130 130
5.6974041 -1.31557248 1.38089323 130 130 130
5.70812845 -1.29119588 1.30838104 0 0 0
-2.32043014 -0.405294454 1.76512701 102 107 123
-2.40501009 -0.539218599 1.72349655 103 108 124
-0.109667723 -1.7080366 1.1060216 0 0 0
-0.0223216983 -1.73682242 1.00406316 231 231 231
1.89184071 -0.822849211 0.440325979 59 62 72
-1.15694954 -1.39183123 1.14686713 8 8 8
2.0257558 -1.72339741 0.9009978 0 0 0
-0.986777133 -0.880785979 1.00491154 87 92 106
5.79270027 -1.45453726 1.43143472 130 130 130
4.48513005 -1.74635818 1.48579871 231 231 231
-1.3922043 -1.65579368 0.95472331 8 8 8
-2.22895085 -0.984105361 1.23203435 235 235 235
0.0833663478 0.0903265516 0.00298461237 235 235 235
5.90589014 0.212522933 1.27865665 231 231 231
5.26554384 -0.652045031 1.13271921 59 62 72
5.13631315 -0.732489633 1.14551272 231 231 231
5.25170808 -0.265583831 1.12726157 231 231 231
1.8528597 -1.48586026 0.542516137 59 62 72
-1.9724142 -1.36383655 1.16740674 8 8 8
-2.39304406 -1.14989692 1.2223806 235 235 235
6.08459989 -0.292129166 1.41742105 231 231 231
-2.28262958 -1.07828765 1.24020787 235 235 235
-2.28540055 -1.07478099 1.24319852 235 235 235
-0.983843168 -1.69625379 0.848758908 231 231 231
-2.2907171 -1.06619338 1.23666783 0 0 0
-1.06112235 -1.35481088 0.510509621 59 62 72
-2.23486484 -0.988452737 1.23352715 235 235 235
-2.23486981 -0.988474373 1.23353313 235 235 235
-0.557474253 -1.76593788 0.853241781 59 62 72
-0.870978481 -1.59660409 0.971957441 59 62 72
-1.14559781 -1.10920478 0.595504766 130 130 130
-2.30540672 -0.983759474 1.24132741 236 236 236
-2.3054528 -0.983729363 1.24132162 236 236 236
-2.12752368 -1.12207136 1.22043661 235 235 235
-0.963484142 -1.65051733 0.915903689 59 62 72
-1.08184157 -1.04112585 0.741690075 130 130 130
-1.10649973 -1.01936145 0.684437507 0 0 0
0.0679527943 0.0411121246 -0.0442562582 117 117 117
6.21680171 -0.702528883 1.25800184 231 231 231
-2.32043014 -0.405294454 1.76512701 102 107 123
1.81887938 -1.62297759 0.410943819 59 62 72
2.65393357 -1.68542192 0.9716661 8 8 8
1.01007831 -1.6143336 1.26237016 98 99 101
0.99693491 -1.61197959 1.2166414 116 116 116
0.994925052 -1.6131331 1.19914529 115 115 116
1.87940835 -1.53607346 0.651645841 130 130 130
1.8446372 -1.58585439 0.566685005 130 130 130
1.54866926 -1.70773599 0.472456588 231 231 231
2.73579164 -1.77635439 0.90623756 8 8 8
-10.9979731 -11.3775055 -10.1151669 0 0 0
29.5697988 -17.7652902 -10.9711033 8 8 8
2.65504347 -1.05869078 0.951569839 130 130 130
2.64309892 -1.05570896 0.956450173 130 130 130
5.27015724 0.60121043 1.46179044 68 72 82
3.97878749 -0.486884201 1.12346795 0 0 0
2.7576876 -0.160656547 1.29669967 101 106 122
6.23274409 -0.0769105354 0.29616096 52 52 52
2.63992282 -1.61788707 0.871271235 59 62 72
2.68109988 -0.148514906 0.847810573 105 111 127
1.00045841 -1.61370421 1.20212203 117 117 117
1.18634598 -1.75403848 0.870680135 231 231 231
2.9130057 -0.898463906 1.3551152 97 102 118
2.94109512 0.102799468 1.36199924 101 107 122
1.48033125 -1.69762343 1.50580003 130 130 130
1.48033125 -1.69762343 1.50580003 130 130 130
2.67238587 -1.06672834 1.02520732 0 0 0
2.67238587 -1.06672834 1.02520732 0 0 0
2.01038579 -1.54960913 1.04272714 231 231 231
1.64208926 -0.256579228 0.815661273 0 0 0
1.93855586 -1.40971163 0.768810056 0 0 0
1.99342136 -0.053100365 0.997658417 130 130 130
1.99342136 -0.053100365 0.997658417 130 130 130
1.87742251 -1.47571158 0.656326805 130 130 130
1.87742251 -1.47571158 0.656326805 130 130 130
1.87493922 -1.40852759 0.621520623 0 0 0
1.87493922 -1.40852759 0.621520623 0 0 0
1.55185795 -1.24864532 0.516830148 111 117 134
4.1695166 -0.407875623 1.11025444 213 213 213
2.82428065 -1.63481643 1.26765759 59 62 72
1.8855417 -1.58832545 0.628642017 130 130 130
5.33244964 -1.6667205 1.28071864 231 231 231
1.42951034 -1.70403875 1.57900521 0 0 0
1.42951034 -1.70403875 1.57900521 0 0 0
1.60289705 -1.70921671 1.35816154 130 130 130
1.60289705 -1.70921671 1.35816154 130 130 130
2.0700859 -1.5310161 1.02319332 231 231 231
1.88958606 -1.4435918 0.650274925 130 130 130
1.88940383 -1.4438629 0.651161421 130 130 130
1.55372595 -1.27810788 0.520693111 111 116 133
1.51317978 -1.42998818 0.465649566 231 231 231
2.04192727 -1.57106729 1.03355447 231 231 231
1.96841087 -1.58454729 0.817174625 130 130 130
2.15166619 -0.215531241 0.853981115 0 0 0
5.20840952 -0.122032549 0.29218497 82 77 73
2.02023068 -0.225856775 0.797396985 0 0 0
1.91554209 -1.74008445 0.520713847 231 231 231
1.94908608 -0.122502477 0.84376276 59 62 72
1.51969077 -1.64362313 0.499010497 59 62 72
1.47588784 -1.42773354 0.485606238 231 231 231
4.73718758 -1.62729508 1.41780315 59 62 72
4.73718758 -1.62729508 1.41780315 59 62 72
2.00390015 0.000623890949 1.02061991 0 0 0
2.64650235 -1.70420945 0.957720449 4 4 4
1.90357323 -1.48040231 0.688216533 130 130 130
1.96802144 -1.39498269 0.820295707 130 130 130
2.33300044 -0.255638578 0.843333288 39 41 48
5.93907332 -1.1786819 1.37361198 0 0 0
1.01848135 0.737317051 1.98394224 0 0 0
2.11809918 0.288718474 1.28588556 91 96 110
2.10772572 0.279363308 1.2793287 91 96 110
2.10772572 0.279363308 1.2793287 91 96 110
6.24850497 -0.0673078707 0.271761084 231 231 231
6.21284774 -0.0624681536 0.281578799 231 231 231
2.03613821 0.535798123 1.09814224 130 130 130
1.62446447 0.785722561 0.859190393 9 9 9
1.00936252 0.735274996 1.97508195 57 57 57
0.995322164 0.748375779 1.9494344 57 57 57
2.17409712 0.600145024 1.21625214 101 106 122
2.1323275 0.580075142 1.22654117 101 106 122
2.08541486 0.29619832 1.23690332 101 107 123
0.586767846 0.690351568 1.46024531 141 141 141
0.586767846 0.690351568 1.46024531 141 141 141
6.26519209 -0.0447808105 0.287532974 52 52 52
1.98906059 -0.0564363805 1.01744399 130 130 130
1.40374223 0.763012357 0.920827626 120 121 120
0.993369475 0.747860414 1.93682476 57 57 57
0.0850066441 -0.359760388 1.72713697 59 62 71
2.14782344 0.495968075 1.22468541 101 106 122
2.04719158 0.302655696 1.24483748 101 107 123
2.04719158 0.302655696 1.24483748 101 107 123
2.05491174 -0.157827909 1.24496337 102 107 123
1.95228924 0.356882828 0.892656806 0 0 0
1.95828451 0.358866848 0.890555526 0 0 0
0.420231748 0.757199741 1.99849053 0 0 0
5.79148967 0.304868714 2.09735494 41 41 130
0.584825576 0.686077259 1.73475144 140 140 140
13.7597674 -0.0475254573 0.628235633 231 231 231
2.58233538 0.559133182 1.16809982 29 29 29
0.588323157 0.690667409 1.4612908 141 141 141
1.97006024 0.569892591 0.817417202 59 62 72
2.00098253 0.644304357 0.784703433 102 108 124
1.86978157 -0.112245177 0.860326441 130 130 130
0.512662981 0.740295475 1.98379975 57 57 57
0.686599833 0.707259621 1.59568918 0 0 0
0.685590322 0.706355341 1.59736386 0 0 0
3.97686575 -0.51593881 1.13056702 0 0 0
2.01658832 0.0889795781 1.09928055 130 130 130
2.26224965 -0.204256409 0.852302269 59 62 72
6.20055725 -0.115298364 0.28545004 231 231 231
1.64655196 0.753252458 0.913602404 124 124 124
0.4220192 0.741671163 1.98054398 231 231 231
2.65257498 0.281198459 1.31823108 61 64 74
2.49434265 0.555142748 1.18464421 29 29 29
5.93818676 -0.12120743 0.174188175 231 231 231
2.38087089 0.236307686 0.879005514 59 62 72
0.949583364 0.771564056 0.894033143 9 11 13
1.96569768 0.769474039 0.869722005 9 9 9
1.23716505 0.776074675 0.907291153 124 124 124
3.82114971 0.837452703 2.01148153 42 42 42
3.89107831 -0.596341116 1.13167225 205 205 205
0.990018884 0.7570983 1.94395258 0 0 0
1.72288004 0.778078841 0.864609396 9 9 9
0.99573425 0.761780656 1.03296524 0 0 0
2.00866548 0.650797579 0.911888467 5 5 5
0.249951166 -0.482652007 1.75375183 0 0 0
0.543064414 -0.553570078 1.71809499 0 0 0
-1.39318093 -1.93276762 0.752895179 8 8 8
0.698802189 -0.868758503 1.530594 0 0 0
1.0376885 0.771415 2.00520834 0 0 0
2.12117444 0.289980472 1.28556526 91 95 110
2.86246492 1.11823428 0.613720294 0 0 0
1.42350381 0.795376603 0.898059843 27 83 39
1.42350381 0.795376603 0.898059843 27 83 39
1.85254771 -0.254142538 0.823353919 60 64 74
2.89606159 0.691530633 1.16445832 29 29 29
2.07625191 0.293691181 1.2395688 101 106 122
2.07946172 0.727112007 0.90050033 9 9 9
0.503240225 0.730083105 1.98388708 57 57 57
0.503240225 0.730083105 1.98388708 57 57 57
2.36939355 0.604913731 1.17666454 101 106 122
2.59784601 0.63861945 1.12758906 101 106 122
6.18176066 -0.104105947 0.324614852 231 231 231
2.05734409 0.824632049 0.873138848 123 123 123
0.462062803 0.783249425 2.02158574 231 231 231
0.502089144 0.727798859 1.98321349 57 57 57
0.367370978 0.419337295 1.75978541 0 0 0
0.603543049 0.706971917 1.74607215 140 140 140
0.807067974 0.725868252 1.68035779 0 0 0
0.788209089 0.707034847 1.68249516 0 0 0
6.16930272 -0.22153481 1.25570464 0 0 0
0.681150659 0.705490744 1.57663954 0 0 0
0.791331098 0.711602141 1.51937841 0 0 0
0.797058023 0.716706523 1.51806929 0 0 0
2.86953116 -0.134789868 1.29024934 59 62 72
2.00808588 -0.0823663692 1.03919722 0 0 0
2.00548999 -0.0827751297 1.04040526 0 0 0
0.422338602 0.742139926 1.98022788 231 231 231
1.08040456 0.766039625 2.01383897 57 57 57
0.46759521 0.775089984 1.9958276 32 32 32
3.27877142 0.665154002 1.21665806 61 64 74
1.0010651 0.758980657 1.01549205 0 0 0
0.945006419 0.752874742 1.90233437 57 57 57
2.03603956 0.529726878 1.09293137 130 130 130
1.94791783 -0.0800708397 0.896787946 0 0 0
1.00377621 0.734684852 1.98954865 57 57 57
1.16991235 0.77016 0.890043585 6 20 42
0.982569337 0.749353316 1.93057295 0 0 0
0.52583656 0.719570338 0.9934348 45 45 45
-0.557766528 0.592508748 1.15342377 119 119 119
-0.574149968 0.593321141 1.13453135 68 71 78
-0.731856691 0.589554815 0.950956838 47 75 60
-0.796144223 0.59535688 0.883040621 106 107 110
-0.796144223 0.59535688 0.883040621 106 107 110
1.89056515 -1.54260385 0.644098901 130 130 130
-0.81865529 -1.76701225 0.898667132 8 8 8
-0.82973075 -1.7652616 0.430760592 231 231 231
-0.788341525 -1.75422087 0.422170674 231 231 231
-1.36118942 0.599306026 1.06081909 142 142 142
-0.515462019 0.60124085 1.15885645 29 55 51
-1.09838883 -1.25330392 0.49880196 91 96 110
0.906357066 -0.805410895 1.47136969 8 8 8
-0.789435173 -1.7828589 0.401828272 8 8 8
1.37153999 -0.541806684 1.75869184 8 8 8
1.37153999 -0.541806684 1.75869184 8 8 8
1.37173095 -0.541958448 1.75852589 8 8 8
0.656831318 -0.990164939 1.26877335 8 8 8
-1.17560541 -2.25231194 -0.11290838 8 8 8
-0.337986105 -1.75841306 0.448939142 8 8 8
-0.355532097 -1.76213198 -0.026191633 231 231 231
-0.015773104 -0.0121362643 0.0206597037 236 236 236
-0.0166360178 -0.011559184 0.0197272125 236 236 236
-0.536569848 0.589308664 1.28640801 124 124 124
-0.914131787 -1.00360264 0.942606227 197 197 197
-0.914131787 -1.00360264 0.942606227 197 197 197
-1.2058158 -1.02569582 0.746124376 0 0 0
-1.07714536 -0.850320031 0.500791937 93 98 112
-1.00067465 -1.47060991 1.09133385 0 0 0
2.63683748 -1.10840016 0.934404327 0 0 0
-1.01254095 -0.901078789 0.626970884 69 73 85
-1.17027301 -0.804077591 0.511639089 59 62 72
-0.872999645 -1.79756838 0.386116397 9 9 9
-0.0315197831 0.11545347 0.0751551527 236 236 236
-0.552799279 0.58770919 1.16432889 82 84 88
-0.550191022 0.587406721 1.12578002 10 72 40
-0.516142565 0.586066855 1.11517191 124 124 124
-0.904732973 -1.38783157 0.565514248 0 0 0
-2.32980856 0.154380518 0.597033663 114 120 138
-1.42568738 0.633820352 0.483430586 6 19 42
-1.38390171 0.616854744 0.499981881 6 19 42
-0.28446429 0.542673428 0.04890125 87 81 78
-0.944529424 -1.0788167 0.955440274 0 0 0
0.716249608 -0.774067059 1.61046603 0 0 0
1.35796578 -0.553338669 1.74607185 8 8 8
-0.325216484 -1.75636213 0.419232792 231 231 231
6.21243392 -1.10677055 0.281339967 231 231 231
2.71359779 -1.13286618 1.13776376 130 130 130
2.6690686 -1.6971906 0.953032228 226 226 226
2.6547745 -1.06702677 0.983551217 130 130 130
2.6689288 -1.0697896 0.978682324 130 130 130
1.99325947 -1.76818798 0.858683778 231 231 231
0.587084678 -0.541391199 1.7337338 113 119 137
0.587084678 -0.541391199 1.7337338 113 119 137
2.1160314 -1.84666333 0.504070447 231 231 231
2.1160314 -1.84666333 0.504070447 231 231 231
1.83750578 -1.51085227 0.690324437 130 130 130
6.16792839 -0.127971864 0.349284611 52 52 52
6.16872031 -0.130088659 0.348566134 52 52 52
6.21103445 -0.0277794699 0.282531728 231 231 231
2.66112246 -1.70079651 0.960532883 8 8 8
2.83920065 -1.83945761 0.861036965 8 8 8
2.30026595 -1.69731935 0.920153667 8 8 8
1.5879044 -0.177357005 1.2271447 130 130 130
2.69515127 0.0502441549 1.3906483 59 62 72
2.78937652 -0.161412613 1.28789225 102 107 123
2.04075689 -1.55327692 1.02744115 8 8 8
1.99197778 -1.75884632 0.912917643 8 8 8
5.50677915 -4.56729291 -1.20537955 8 8 8
0.785394542 -0.776216597 1.60028255 8 8 8
0.785394542 -0.776216597 1.60028255 8 8 8
2.72142793 -1.12763759 1.13053063 130 130 130
6.13457133 -1.66578695 1.06225275 231 231 231
1.59150616 -1.70486462 1.58134489 0 0 0
2.78658157 0.111872312 1.2880643 101 107 123
6.16627156 -0.476530109 0.269519601 25 25 25
2.13477413 -0.138480032 1.29415515 98 103 118
2.67238079 -1.7015174 0.947248118 231 231 231
3.06205374 -0.257074516 0.871469804 60 63 74
2.6348436 -0.95456099 0.930769807 0 0 0
2.44844015 -1.75857774 0.871555907 8 8 8
2.63893491 -0.928303738 0.877593535 59 62 72
2.19883066 -1.64219095 0.877075229 231 231 231
1.93894983 -1.41017176 0.768618291 0 0 0
2.00926659 -0.199352341 0.793966618 0 0 0
5.82068131 -1.62654077 1.16817431 231 231 231
6.06237752 -1.64950584 1.11343979 0 0 0
1.99055089 -1.67519158 0.92330905 231 231 231
2.0015327 0.0324858308 1.01256113 130 130 130
2.0015327 0.0324858308 1.01256113 130 130 130
2.33760783 -0.195777941 0.77344912 0 0 0
2.21642172 -0.191837997 0.835928497 0 0 0
2.21642172 -0.191837997 0.835928497 0 0 0
2.9739313 0.125406226 1.28339421 100 105 121
2.72101915 -0.94007212 1.12916247 130 130 130
3.12973034 -1.45792008 1.32101741 68 72 83
2.83489853 -1.34549927 1.3410434 231 231 231
2.89278775 0.134307753 1.35386776 89 93 107
1.48927018 -1.70202521 1.50779578 130 130 130
2.80812691 -0.138574141 1.32218214 102 107 123
3.06385413 -0.235661801 0.825285104 59 62 72
2.27300767 -0.826912611 0.807953439 0 0 0
4.54120845 -1.61386252 1.51873033 231 231 231
2.67096552 -1.00270307 0.988927895 130 130 130
1.96375309 0.0408066136 0.926538557 130 130 130
6.21018884 -0.744447105 1.42322384 231 231 231
2.78731289 -1.6551179 1.2650747 59 62 72
2.6558961 -1.70593502 1.01641988 231 231 231
2.6572563 -0.860609748 0.82437239 111 116 133
5.13668498 -1.93319023 1.45426901 231 231 231
3.9287985 -1.62879036 1.1508674 59 62 72
1.99663227 -1.69550373 0.969272634 231 231 231
2.20127147 -1.34501335 0.812566522 0 0 0
1.41386971 -1.70411931 1.36482772 130 130 130
6.03249742 -0.693091107 1.40797314 231 231 231
2.76914643 0.0853262291 1.37347704 59 62 72
2.39667242 -1.72894873 0.879368861 8 8 8
2.39667242 -1.72894873 0.879368861 8 8 8
6.13624181 -1.1299806 0.316129241 52 52 52
6.20551823 -0.92681189 0.283460511 231 231 231
6.16098401 -0.0383445127 0.311410956 52 52 52
3.37467669 -0.816691968 0.820259805 59 62 72
2.48955897 -1.77541767 0.8632451 8 8 8
2.48955897 -1.77541767 0.8632451 8 8 8
2.44753922 -1.7740016 0.854142278 231 231 231
2.44753922 -1.7740016 0.854142278 231 231 231
2.45734156 -1.77930156 0.80573038 228 228 228
1.99749418 -1.3493624 0.953733063 113 119 137
1.95813982 0.012931394 1.0128129 0 0 0
2.75349905 -1.34962 1.29501008 102 107 123
2.48212642 -1.72770847 0.926061424 8 8 8
2.64856033 -1.80382867 0.879691592 8 8 8
-1.41647499 -1.92678252 0.758432594 8 8 8
2.03730459 -1.5380385 1.02956857 231 231 231
2.60553576 -0.810342517 0.848065736 59 62 72
2.21741911 -1.64651949 0.875559144 231 231 231
0.655320735 -0.547748388 1.77213448 8 8 8
1.99145258 -1.75835773 0.898561513 8 8 8
1.99107513 -1.75773711 0.860724075 8 8 8
2.03169489 -1.79350992 0.633651011 8 8 8
2.03169489 -1.79350992 0.633651011 8 8 8
2.03677722 -1.79021068 0.586054067 231 231 231
1.85662667 -1.51928562 0.678855601 130 130 130
5.69422831 -1.42878239 1.41171771 0 0 0
5.71698174 -1.31975288 1.38031163 130 130 130
3.54812242 -1.36663823 1.55308198 59 63 73
5.8122719 -0.231840982 1.29562009 231 231 231
5.65811843 -1.26146523 1.20362624 130 130 130
1.62772906 -1.72701645 1.64193544 130 130 130
5.70535004 -1.62988996 1.09309969 231 231 231
1.59150616 -1.70486462 1.58134489 0 0 0
2.85751816 -1.62280071 1.27342113 101 106 122
2.87605476 0.106711262 1.36679939 89 94 108
6.18270513 -0.304222267 0.264696181 25 25 25
1.59687211 -1.71124619 1.41477472 0 0 0
6.16306694 -0.259051301 0.175243458 25 25 25
2.66742238 -1.19464585 0.850275935 108 114 131
2.69297306 -0.914570937 0.841957588 109 114 131
2.03013513 -0.859041958 0.918190154 75 79 91
1.96800191 -0.239050308 0.758350978 61 64 74
2.8540759 -1.64746128 1.2891456 231 231 231
2.8540759 -1.64746128 1.2891456 231 231 231
2.09712092 -0.154925604 1.29900206 100 105 121
2.09712092 -0.154925604 1.29900206 100 105 121
3.06058263 -0.808113578 0.84558396 59 62 72
2.63256871 -0.954968604 0.933047977 0 0 0
2.63246483 -0.955091337 0.933262576 0 0 0
13.4654689 -10.0695985 -5.46759728 113 119 136
6.14440006 -1.68257051 0.999960182 0 0 0
2.90142202 -1.58160139 1.28472092 59 62 72
2.89385747 -1.33315493 0.834805105 231 231 231
2.02451889 -1.31038331 0.927215519 79 83 96
5.29207666 -0.989397702 1.07867218 109 107 107
2.8043385 -0.139486349 1.32268271 102 107 123
2.72136044 -0.940193603 1.12896845 130 130 130
2.85798431 -1.32921842 0.81168446 231 231 231
2.88122612 -1.34019022 0.803853913 231 231 231
2.78214675 -1.30683373 0.810356178 0 0 0
2.24234846 -0.185815014 0.864249119 59 62 72
1.97531307 -0.22604539 0.793303035 117 123 141
5.244621 -1.63275608 1.29735077 231 231 231
2.63732828 -0.941957807 0.913236138 130 130 130
2.00065495 -1.36699328 0.96095378 113 119 137
2.00286306 -0.210113668 0.800287563 0 0 0
1.91032157 -1.72143375 0.514863889 231 231 231
1.86797832 -1.37269428 0.563756115 59 62 72
4.78832341 -1.5973508 1.46675647 59 62 72
4.79170613 -1.59827852 1.46654524 59 62 72
5.8038201 0.18090227 1.26397404 231 231 231
2.89463082 -1.61877698 1.32812155 59 62 72
1.9989748 0.0416600832 1.00494458 130 130 130
1.91617884 -0.883887804 0.516543463 59 62 72
2.83681784 0.0470407183 1.34990491 59 62 72
5.69007558 -1.38542873 1.29560896 130 130 130
3.07058782 -0.246820499 0.840969063 37 39 45
2.0578071 -0.188974797 1.28024776 82 86 99
2.0578071 -0.188974797 1.28024776 82 86 99
6.30064589 -1.15540715 0.252905488 231 231 231
6.24011979 -0.0834021651 0.288871707 52 52 52
1.99184441 -1.34552654 0.957361401 114 120 137
1.94792424 -1.4121197 0.765904275 0 0 0
2.63680838 0.0206886667 1.64661622 102 107 123
6.12084365 -1.04684763 0.323747955 52 52 52
5.65254835 -1.44884825 1.27900636 130 130 130
5.16533598 -1.10104965 1.06791368 231 231 231
2.78974296 -1.30896538 1.26439619 76 80 92
6.21945329 -0.964621076 0.298192784 52 52 52
2.56460693 -1.7073473 0.953683671 8 8 8
3.02159975 -0.84098071 0.861719747 107 112 129
2.64269196 -0.980992847 0.957390489 130 130 130
2.40377719 -1.75481136 0.877321872 8 8 8
2.40377719 -1.75481136 0.877321872 8 8 8
0.913638887 -0.628420162 1.71053137 8 8 8
0.913638887 -0.628420162 1.71053137 8 8 8
1.56051422 -1.07957698 1.27436136 0 0 0
2.03334826 -1.79920074 0.567085494 8 8 8
5.92500018 0.172098828 1.29103104 231 231 231
3.87340196 -0.518468218 1.1297563 218 218 218
2.75200664 -1.35247857 1.29786484 103 108 124
2.76232407 -0.905142093 1.294744 104 110 126
2.76425236 -0.905559075 1.29433617 104 110 126
6.14831012 0.128853225 0.26575063 41 41 41
2.72386654 -0.933274645 1.13454108 130 130 130
2.67243989 -1.07956119 1.05377687 130 130 130
2.67243989 -1.07956119 1.05377687 130 130 130
2.09268419 -0.203691066 1.21095283 82 87 100
2.09268419 -0.203691066 1.21095283 82 87 100
2.0127113 -1.63565998 0.944368542 113 119 137
1.94059469 -1.57235326 0.767614737 0 0 0
1.91767204 -1.5151665 0.716976426 0 0 0
3.91134602 -0.599437964 1.12694843 218 218 218
2.78823727 0.11252586 1.28765314 104 109 125
5.90185779 -0.735200159 0.147093072 231 231 231
2.07856362 -0.161095591 1.29584323 59 62 72
2.29480439 -0.270346406 0.890456265 61 64 74
2.00289827 -0.0869007771 1.04618729 0 0 0
2.00289827 -0.0869007771 1.04618729 0 0 0
2.22704824 -0.179919427 0.837797118 0 0 0
1.95954253 0.0497225094 0.919052549 130 130 130
1.96753494 -0.245194617 0.791427256 0 0 0
2.86657873 -1.61792503 1.35643719 231 231 231
2.82607613 -1.36139642 1.35391451 231 231 231
2.83043094 -0.902347243 1.34730706 102 107 123
2.78603084 -0.90429049 1.33877651 59 62 72
2.83796596 -1.33705149 1.30522965 59 62 72
2.78024547 -0.164388514 1.36252465 103 108 124
2.3144496 -0.831159282 0.839695223 59 62 72
1.96735069 -0.039781154 1.00849127 130 130 130
3.07511727 0.135868952 1.35430931 59 62 72
2.633327 -1.10699442 0.936668128 0 0 0
3.04928476 -0.828894622 0.873256966 109 115 131
1.86797832 -1.37269428 0.563756115 59 62 72
1.86920266 -1.57252504 0.594714852 130 130 130
1.93901827 -0.118077048 0.844967881 59 62 72
3.01589652 0.144986666 1.30802157 59 62 72
3.33932661 -0.857488417 0.834560666 107 112 129
2.72737301 -1.13365324 1.13224545 78 78 78
1.97005553 0.00101716479 0.944093964 0 0 0
2.75504018 -0.163277687 1.29602803 102 107 123
2.64832244 -0.917734394 0.880579799 59 62 72
5.25510671 -0.70667159 1.17700681 231 231 231
6.25043849 -1.71951671 1.03907732 0 0 0
2.72428574 -0.930916855 1.13732251 130 130 130
2.73846686 -0.93416527 1.13277949 130 130 130
2.67686633 -0.873454978 0.858860134 59 62 72
6.59547725 1.05202783 1.32513185 64 68 79
2.84300918 0.04179511 1.39525179 59 62 72
5.27481214 -0.00817575731 0.803257358 59 62 72
9.14809104 -1.94825302 -0.298083226 103 109 125
6.20876601 -1.09292317 0.298119161 52 52 52
6.1596263 -1.14126364 0.290196521 231 231 231
2.88242369 0.206480631 1.14860927 5 5 5
2.78511889 -1.63402696 1.28595153 103 109 125
2.01400155 -1.59352053 1.024696 107 112 129
2.05613015 -1.5543855 0.997716131 111 117 134
2.04852399 -1.53360019 1.00280344 111 117 134
4.57715717 -1.63049463 1.48546378 59 63 73
5.75543686 -1.27441039 1.3087191 130 130 130
5.65880689 -1.26294255 1.20409774 130 130 130
3.89409933 -0.440091489 1.12569103 219 219 219
2.81210139 -0.889066982 1.33601167 107 112 129
6.05418496 -1.11704014 0.292632789 41 41 41
6.2157898 -0.759762108 0.160615617 25 25 25
3.33957692 -0.877559173 0.865878003 107 113 129
2.70422594 -0.954322947 1.07480075 0 0 0
2.49671982 -1.65416208 0.991906846 8 8 8
2.62582161 -1.11147739 0.933143426 0 0 0
2.04554342 -1.56968115 1.02573333 231 231 231
2.34800979 -0.25041158 0.853898944 110 116 132
1.94272031 -1.57443714 0.766532305 0 0 0
1.91697735 -1.44019692 0.715293623 130 130 130
1.91697735 -1.44019692 0.715293623 130 130 130
4.123796 -1.62995477 1.47690261 59 62 72
5.94510683 -1.17962825 1.31296127 0 0 0
5.65843818 0.147596173 1.34074609 0 0 0
2.72238762 -0.935127842 1.13291244 130 130 130
1.9879633 -0.0369851912 0.999686399 130 130 130
1.9879633 -0.0369851912 0.999686399 130 130 130
1.94846751 -0.0298755806 0.927184975 130 130 130
5.28858695 -1.08307072 1.0387161 59 62 72
2.88709058 -1.38816501 1.3406731 231 231 231
2.86566561 -1.62887492 1.28686104 59 62 72
4.57610452 -1.69532025 1.49279323 231 231 231
5.11041486 -1.61560988 1.30273273 231 231 231
5.45710257 -0.22812602 1.10032294 59 62 72
2.86542758 -1.33760341 0.857762349 231 231 231
2.86542758 -1.33760341 0.857762349 231 231 231
2.02282648 -1.16222489 0.974579831 0 0 0
2.51062324 -1.84952775 0.324827651 130 130 130
2.47568433 -0.0870332033 1.42019953 59 62 72
2.22425514 -0.179897133 0.83750625 0 0 0
2.22425514 -0.179897133 0.83750625 0 0 0
1.99248855 0.0204918726 0.998993787 0 0 0
2.89963294 -1.37255119 1.32596303 231 231 231
3.70173342 -0.242036641 1.10227981 68 67 67
2.66414502 -1.26223031 0.873586049 0 0 0
2.90895356 0.0459725822 1.33559252 73 77 89
3.3488595 -0.203143082 0.828825703 109 115 132
2.64973734 -1.00925722 0.9729507 0 0 0
2.5050228 -1.69424765 0.960787303 4 4 4
1.99220954 0.0203677695 0.998978194 0 0 0
1.90947716 -1.47383993 0.710184169 0 0 0
2.64973734 -1.00925722 0.9729507 0 0 0
2.92617888 -1.6196413 1.34899993 64 68 79
-2.56444395 -0.00342045353 0.797743255 0 0 0
4.49489618 0.538579484 1.26138549 83 87 100
1.96520726 0.0405397254 0.925998533 130 130 130
-0.00245436736 -0.447745551 1.77014642 0 0 0
-0.494741304 0.586383661 1.32207717 115 119 124
0.940648553 -0.536085082 1.7766726 220 220 220
-3.15749505 -0.214537158 0.998702919 66 70 81
-2.64203672 0.619398935 1.03175944 10 10 10
-0.331206435 -1.01015618 1.43176749 8 8 8
-2.005668 0.601571611 1.00320291 9 9 9
-2.6514606 0.272998865 1.12390612 64 68 79
-0.965766109 -1.44446833 1.11153806 8 8 8
-0.844175502 -1.78308158 0.894439794 8 8 8
-0.784184993 -1.74629585 0.859865708 8 8 8
-0.117613868 -1.70664834 0.965704965 0 0 0
9.94546719 -6.48710194 -2.62353378 0 0 0
-4.85206484 0.707486341 1.09258836 231 231 231
-2.2017779 -0.966640496 1.23716989 0 0 0
-0.342672722 -1.75469263 1.17929622 231 231 231
-0.335728043 -1.75878824 1.18035227 8 8 8
-2.20527759 -0.228647265 0.584556061 93 97 112
-2.205663 -0.228575741 0.584524181 93 97 112
-0.820988435 -1.79329846 0.853891616 8 8 8
-0.633845914 -1.68147601 0.93449731 8 8 8
0.551969712 -0.892177575 1.51725428 8 8 8
0.551969712 -0.892177575 1.51725428 8 8 8
-0.980276884 -2.04906371 0.665054329 8 8 8
0.510863235 -0.941019537 1.48147178 8 8 8
0.533985629 -0.939075481 1.48291436 8 8 8
-0.948225885 -2.09123821 0.636546582 8 8 8
0.517061158 -0.968408843 1.46108068 8 8 8
-2.45491912 -3.39958924 -0.331194294 8 8 8
-0.330843948 -1.75299711 0.859285232 8 8 8
-2.88460307 0.750285303 0.93848795 17 18 18
-2.60942014 0.0836681797 0.747353968 228 228 228
-0.923497376 -1.35733048 1.03342326 98 104 119
-0.176562183 -1.71566714 1.03838956 0 0 0
-0.176562183 -1.71566714 1.03838956 0 0 0
-0.873637419 -1.78722389 -0.0596340691 231 231 231
-3.13862596 0.318067274 0.820601053 94 99 114
-2.71570796 0.0576212033 1.12601813 103 108 124
-2.68543763 0.328295941 1.08950364 72 76 87
-2.24233615 -0.225878542 0.626683486 115 121 139
-0.239033946 -1.70347298 1.03621877 130 130 130
-0.14784904 -1.69878468 1.06694142 130 130 130
-0.161556515 -1.70742488 1.0332985 0 0 0
-0.14834421 -1.69703243 1.01059847 130 130 130
-0.14834421 -1.69703243 1.01059847 130 130 130
-0.636461082 -2.01040062 -0.362803225 0 0 0
-0.811219409 -1.74482761 -0.0385163224 87 81 78
-2.12509846 0.629403494 0.593209468 5 5 5
-0.23214445 -1.72920973 1.07824383 130 130 130
-0.23214445 -1.72920973 1.07824383 130 130 130
-0.206409009 -1.69931437 1.06265226 0 0 0
-3.04726316 0.712298118 1.06457045 231 231 231
-0.187792755 -1.70154315 1.01246429 130 130 130
-0.0959048483 -1.69313728 0.926243755 130 130 130
-0.303508706 -1.72761288 1.17428835 130 130 130
-1.14059627 -1.25707649 0.815587762 90 94 109
-0.337301808 -1.71226597 0.968478334 231 231 231
-1.08513605 -1.52549361 0.402008964 231 231 231
-1.1528057 -1.55705071 0.35774981 231 231 231
-0.982784154 -1.60216371 0.993184681 8 8 8
-0.814377112 -1.78785968 0.857827989 8 8 8
-2.82751335 0.102130127 1.06832793 66 70 81
-1.04049221 -1.37997194 0.499200877 94 99 114
-2.23270795 -1.67982949 0.939903608 8 8 8
-1.95631029 -1.77833917 0.866220363 8 8 8
-1.95560629 -1.77773353 0.866689902 8 8 8
0.220454863 -0.729630602 1.57394872 231 231 231
-1.09129803 -1.71193252 0.480405175 8 8 8
-0.80515776 -1.75829105 0.443071552 8 8 8
-3.31140354 0.641485079 1.30341748 231 231 231
-5.75601979 0.740945609 0.883671669 231 231 231
-2.5541907 -0.0156982178 0.791914849 0 0 0
2.29667163 -0.986387426 1.09277374 0 0 0
-2.61921363 -0.0206896834 0.760879742 0 0 0
-0.951946359 -1.17546559 0.970869354 59 62 72
-0.324667528 -1.75646511 1.17704362 231 231 231
-1.01751839 -0.848169216 0.674564601 74 78 90
-3.72751531 -3.53773264 -1.51705171 8 8 8
-3.1539492 -3.17852858 -1.12651767 8 8 8
6.28325109 -4.44302257 -1.1113141 0 0 0
0.517136777 -1.0635967 1.19372923 0 0 0
0.517136777 -1.0635967 1.19372923 0 0 0
0.516796583 -0.73404735 1.55302415 231 231 231
-0.801794216 -1.75556144 0.399511062 8 8 8
-5.64184388 -5.5138072 -3.80869058 8 8 8
-0.773603954 -0.273603566 1.67316233 0 0 0
-2.33872833 -1.04044001 1.23359083 0 0 0
-3.12834471 -0.160917216 0.953007911 69 73 85
-2.68674624 0.563879289 1.08237552 231 231 231
0.34260025 -0.835031657 1.55952893 8 8 8
29.4954792 -20.5373566 -13.0308191 0 0 0
0.343586493 -0.839956139 1.55485933 8 8 8
0.349882011 -0.841953333 1.55324014 8 8 8
-1.09655702 -1.90358096 0.773281523 8 8 8
-0.810405319 -1.76261599 0.898468984 8 8 8
-0.811138476 -1.76286846 0.898050784 8 8 8
-0.803763309 -1.79276433 0.854191026 8 8 8
-0.252982723 -1.70984051 1.03986731 130 130 130
-2.3160727 0.762526546 -0.029597018 0 0 0
-1.14703592 -1.47164964 0.409463395 231 231 231
-2.92389185 -1.61191027 1.20959314 109 109 109
-2.85636093 0.121072357 1.04293977 67 70 81
-3.04846266 0.253021449 0.964448465 70 73 85
-2.18804113 -0.170488618 0.623606869 120 126 144
-2.1960458 -0.105884913 0.620686089 119 126 144
-0.335288972 -1.75837284 1.18067455 8 8 8
-0.327196718 -1.76197631 1.17712389 231 231 231
-0.981257316 -0.902523422 0.93582955 98 104 119
-0.143016717 -1.70059121 1.07459384 130 130 130
0.144256333 -0.689803134 1.60020198 0 0 0
-0.0910351048 -1.71705755 0.908677085 8 8 8
-0.0910351048 -1.71705755 0.908677085 8 8 8
-0.169803858 -1.70876838 1.07873981 0 0 0
-0.1486166 -1.70482103 1.05560812 130 130 130
-0.1486166 -1.70482103 1.05560812 130 130 130
-0.203769548 -1.70685533 1.02286767 0 0 0
-0.203769548 -1.70685533 1.02286767 0 0 0
-2.13550849 -1.11825812 1.23888946 223 223 223
-2.57676633 0.007367281 0.853154497 0 0 0
-0.929385917 -0.842267533 0.841123875 59 62 72
-2.96801153 0.794969846 1.25153762 2 2 2
-0.979995891 -1.22076024 0.893646354 90 95 110
-0.950884897 -0.962614974 0.836121548 197 197 197
-3.92037438 0.69342339 1.19330938 0 0 0
-3.92037438 0.69342339 1.19330938 0 0 0
-0.933307055 -1.55909024 1.00446614 231 231 231
-0.147832129 -1.69883555 1.0669153 130 130 130
-0.161217425 -1.70683633 1.03376556 0 0 0
-0.966787409 -0.95123935 0.87887658 0 0 0
-1.11851553 -1.49381053 0.407842408 231 231 231
-1.97234159 -1.59456376 0.936170729 231 231 231
-2.65680062 0.671016706 1.00105253 62 62 62
-0.120895967 -1.69500624 0.991652147 0 0 0
-1.10410342 -1.4728532 0.422775127 184 184 184
-0.530456606 0.584204886 1.61737281 9 17 33
-0.568460081 0.634479482 1.30108121 124 124 124
-0.696147504 0.586288807 0.906759294 81 83 88
-0.935480297 0.585750882 1.62677999 9 26 57
-0.935480297 0.585750882 1.62677999 9 26 57
-0.876159966 0.585376655 1.61103435 12 31 61
-0.441650073 0.584876658 1.61249693 7 10 21
1.59401742 0.767580619 0.889546369 8 21 43
2.00017932 0.768787061 0.886384243 9 9 9
-0.960251949 0.586798582 0.908769785 80 82 87
-0.786104387 0.58661724 0.908288821 84 86 91
-0.73940471 0.58702184 1.62644215 13 31 62
-0.196677925 0.765464301 1.96809394 57 57 57
0.627889546 0.705498179 1.52281069 0 0 0
0.627889546 0.705498179 1.52281069 0 0 0
-0.540613831 0.586649883 1.32407569 100 113 110
2.0978771 0.57304287 1.23119372 108 114 130
1.5153989 0.764664942 0.879137016 14 14 14
1.9533641 0.0869702261 0.920099981 130 130 130
-0.224592541 0.766198875 1.96952595 231 231 231
0.123100716 0.702984069 0.360039913 142 142 142
-0.115713648 0.768622921 0.890205332 29 30 30
0.801195148 0.764660708 0.858668803 29 30 30
1.71723507 0.76812755 0.903678013 124 124 124
0.0595266824 0.709243784 0.423352174 142 142 142
0.0893405165 0.709962453 0.357069721 142 142 142
0.101727319 0.719271981 0.4459091 0 0 0
-0.189847145 0.685957568 -0.0274399604 87 81 78
-0.963118735 0.589558045 1.28444608 122 122 122
-0.487104095 0.587065262 1.12617231 11 69 40
-0.520354645 0.590120489 1.66307072 100 102 109
-0.719622681 0.587182045 0.96250615 124 124 124
-0.71954084 0.587203125 0.962747839 124 124 124
-0.757130886 0.587435414 0.959705466 122 122 122
-0.948923933 0.587715196 1.0927525 75 78 84
-0.565001451 0.585256172 1.65214571 44 47 51
-0.666450388 0.585626783 1.61783123 61 67 82
-2.70526056 0.119187709 1.08209001 108 106 106
-1.61575079 0.600664198 1.17106741 63 66 67
-1.658542 0.597295197 1.15527395 61 64 65
-2.83908121 0.693192703 0.899717148 0 0 0
-0.991870695 0.590522601 0.998707774 108 108 110
-2.25274302 0.256734744 0.560434272 97 102 118
-0.22395589 0.769338409 2.01882522 231 231 231
-3.25902372 0.644099115 1.25760205 231 231 231
-2.57042431 -0.02632253 0.818851707 0 0 0
-2.56873633 -0.0260245749 0.820332129 0 0 0
-0.276732516 0.724174703 0.877995109 231 231 231
0.0166551181 0.713514072 0.47242387 0 0 0
-0.503147612 0.58435659 1.69310436 6 11 30
-1.86404945 0.598119607 1.62185072 89 90 93
-1.82755388 0.596594142 1.23616497 23 28 43
-2.82194805 0.283117967 1.04639716 72 76 87
-1.23428635 0.593534008 1.14646853 0 0 0
1.09345544 0.768992527 2.01664523 57 57 57
-1.65505745 0.594982396 1.25208927 76 77 77
-2.97101939 0.617280376 1.08204809 99 104 119
0.00435980258 0.697044945 0.328194563 0 0 0
-0.738299609 0.581464484 1.298314 123 123 123
-3.00055563 0.252194033 0.998834812 95 99 114
-2.94189951 0.292058154 0.983336028 69 73 85
-1.89896852 0.582079754 0.966660297 106 106 106
-1.89896852 0.582079754 0.966660297 106 106 106
-0.481704296 0.587308313 1.16356993 58 72 70
0.0652595492 0.704639008 0.444340809 143 143 143
0.508953793 0.768291755 1.98443435 57 57 57
-0.877639338 0.658563927 2.04138765 158 158 158
-0.877639338 0.658563927 2.04138765 158 158 158
-2.66753577 0.29344708 1.11335218 103 108 124
-0.743233814 0.586652435 1.31618289 99 104 110
-1.27640659 0.582883264 1.06514026 142 142 142
-2.53878643 0.105445848 0.639827628 59 62 73
-1.51438805 0.606348748 1.29927001 14 17 18
-3.13019866 0.649153347 1.01492703 231 231 231
-0.573584793 0.589542844 1.09690611 124 124 124
-2.19169001 0.640794375 0.67198326 5 5 5
-0.679341075 0.58853523 0.979068318 124 124 124
-0.0195356029 0.76319312 0.920367984 9 11 14
-3.09892618 0.531675904 1.39814406 0 0 0
-3.09892618 0.531675904 1.39814406 0 0 0
-3.12628235 0.543142151 1.30347284 0 0 0
-3.1606702 0.0971922104 1.29812901 231 231 231
-2.13832362 0.625726425 1.05852846 231 231 231
-1.03538864 0.592816423 1.18758765 0 0 0
-0.39953048 0.559282748 1.20903246 124 124 124
-0.430873369 0.576459056 1.10850384 124 124 124
0.0265508979 0.722352007 0.450689031 0 0 0
-1.27029738 0.597915123 1.38146776 3 10 28
-0.00608430282 0.769777679 0.864625378 29 30 30
-1.11272187 0.606267818 1.36710442 121 121 121
0.000594950654 0.740939243 0.487208163 143 143 143
-3.24593002 0.72367982 1.11994214 231 231 231
-2.46467923 0.657988381 0.693801378 5 5 5
-3.26538184 0.730068651 1.11334271 179 179 179
-1.20384075 0.574995604 0.931614896 6 19 43
-2.67178966 0.447052667 1.13294614 103 108 123
2.05050374 0.540357565 1.09420115 0 0 0
-0.559327956 0.586183484 1.67400024 22 31 30
-2.85665355 0.763747295 1.27412785 2 2 2
-0.459582839 0.581793225 1.26268511 107 109 111
-3.57520549 0.483641745 1.24306415 231 231 231
-2.87506556 0.125325783 1.04134858 66 70 81
0.607776932 0.710487836 1.74603144 142 142 142
-1.4140221 0.598854005 1.35208853 42 53 51
0.659303248 0.708762803 1.54954291 142 142 142
0.659213106 0.708744914 1.54968039 142 142 142
0.725913184 0.708254551 1.54974654 142 142 142
-2.74020629 -0.136896549 1.06575412 72 76 87
-2.11698085 0.624064189 0.590340515 5 5 5
-0.127899088 0.773302649 0.937467888 57 57 57
0.347638998 0.735950323 0.871275421 29 30 30
0.503555074 0.768922004 0.843877493 29 30 30
0.900798066 0.761218908 0.846724813 29 30 30
0.0522093547 0.714962217 0.40381295 143 143 143
0.128230535 0.699128154 0.364611709 143 143 143
0.176353855 0.712784025 0.313523698 0 0 0
0.620127604 0.701932648 1.46003595 142 142 142
0.620076758 0.702048261 1.46032574 142 142 142
0.111951512 0.713843484 0.37850406 0 0 0
-0.441174591 0.586100393 1.69745606 2 8 30
-0.570288178 0.585407621 1.32413362 124 124 124
0.306288459 0.746076248 0.931209638 9 11 14
0.529596872 0.767729439 0.862534496 9 11 14
0.586433896 0.766858398 0.866356663 9 11 14
0.552051097 0.77296701 0.843725864 29 30 30
0.823164254 0.761593541 0.851414462 29 30 30
0.912754251 0.758755838 0.868587875 9 11 14
1.2322146 0.774365371 0.908747529 123 123 124
1.13430271 0.767707797 0.852147529 0 0 0
-0.107577627 0.754430041 -0.050221881 231 231 231
0.591279529 0.735998273 1.73820068 142 142 142
0.591279529 0.735998273 1.73820068 142 142 142
0.42826023 0.981086111 1.73238617 142 142 142
-3.25573668 0.521030137 1.28890377 231 231 231
-3.15563458 0.553828551 1.29791807 0 0 0
-3.13688989 0.14743375 1.10719777 73 77 88
-2.39258276 0.635095719 0.63368004 112 118 135
-1.96163581 0.617786642 0.390071043 106 106 106
0.9993372 0.741626974 1.08031457 0 0 0
0.739710379 0.765966298 0.863600034 9 11 14
-2.36019259 -1.16153943 1.20092941 0 0 0
0.841757468 0.768909665 0.862718835 9 11 14
0.951610193 0.757325738 0.903551409 9 11 14
-3.15792774 0.60220403 1.36279333 231 231 231
-3.15792774 0.60220403 1.36279333 231 231 231
0.323965077 0.744953308 0.880320677 29 30 30
0.632327365 0.768396682 0.90667958 9 11 14
0.00041390278 0.731817873 0.250971597 143 143 143
0.157430337 0.706108593 0.342320965 0 0 0
-2.94538255 0.256290846 0.77198916 0 0 0
-2.94538255 0.256290846 0.77198916 0 0 0
0.871239522 0.773002277 0.848386287 29 30 30
0.967323621 0.750367265 0.870168487 29 30 30
0.199578448 0.696288123 0.29905723 143 143 143
0.508868589 0.786556813 0.945489665 57 57 57
0.765392119 0.701693328 1.53676589 0 0 0
-3.34370497 -0.189277798 0.447692897 79 74 71
0.980901475 0.720830616 0.980037081 57 57 57
0.790344399 0.690831603 1.48655841 142 142 142
0.790344399 0.690831603 1.48655841 142 142 142
-4.80941237 0.700896615 1.11495389 92 92 92
-2.55258179 -0.0272538241 0.779297772 0 0 0
-3.0677527 0.483689764 1.40456542 231 231 231
-3.07683322 0.487948706 1.40296299 231 231 231
-0.748295268 0.58794928 1.62613773 34 45 68
-1.50259909 0.59646304 1.23556155 70 75 75
-0.316338073 0.708877644 0.027808943 231 231 231
-3.10465228 -0.180631888 0.951206467 69 73 84
-2.57444947 -0.034069594 0.822330857 0 0 0
-4.37668862 0.649468549 1.09674639 0 0 0
-0.309431354 0.676779227 1.84340991 158 158 158
0.667965678 0.716820864 1.55744401 142 142 142
-0.438479971 0.584890106 1.62175698 96 98 105
-0.258601514 0.735069366 1.4599172 57 57 57
-0.257520394 0.734497731 1.4599398 57 57 57
-1.42851689 0.618457225 1.28170114 6 10 22
-0.693431215 0.676889973 1.29302736 0 0 0
-0.759117976 0.585985569 1.63497832 62 67 81
-1.00872679 0.588446056 1.16806448 122 123 123
0.750628971 0.768515475 0.840349669 27 29 28
-5.30714976 -0.176962393 0.968621761 94 93 93
-1.17258697 0.582962482 1.13193536 184 184 184
1.24389241 0.767632398 0.917424206 123 123 123
1.24420271 0.766961242 0.917864826 123 123 123
1.2697275 0.770467051 0.890905843 119 122 120
-2.63827465 0.628401012 0.996923555 231 231 231
-3.08057765 0.25351954 0.783998236 0 0 0
0.0652595492 0.704639008 0.444340809 143 143 143
0.0515304676 0.715533598 0.403248329 143 143 143
0.152726627 0.703058262 0.445408109 143 143 143
0.153112577 0.702799134 0.445849665 143 143 143
0.0910741759 0.706249873 0.384439951 143 143 143
0.137962761 0.714914368 0.403532594 143 143 143
0.137962761 0.714914368 0.403532594 143 143 143
1.231099 0.765090248 0.894218252 6 20 42
1.00392646 0.766916632 1.030774 10 10 10
0.0650488007 0.730127979 0.443425078 0 0 0
0.179694709 0.70338178 0.472316517 0 0 0
1.25867582 0.771456165 0.908522574 27 83 39
-0.324196212 0.586545822 -0.00732042694 87 81 78
-2.5220636 -0.141320511 0.645783463 97 102 118
0.0821515194 0.754865543 0.921706566 9 12 14
-0.414834258 0.586752087 1.56037241 111 112 115
0.13962152 0.767627736 0.912392956 9 11 14
0.106965052 0.772788155 0.852464594 29 30 30
-3.01191419 0.779586831 1.04645626 2 2 2
1.15158903 0.777534664 0.845148661 231 231 231
0.192336432 0.695457049 0.534449458 143 143 143
-0.0967464461 0.784502835 0.957424376 57 57 57
0.639488841 0.714554628 1.47964692 142 142 142
-0.460100476 0.584938621 1.2612521 105 107 109
-3.16254224 0.252512707 0.960053317 82 87 100
-1.1951135 0.591787324 1.08278542 152 152 152
-3.09394572 0.472183723 1.37701926 231 231 231
-2.76357747 0.064484465 1.11960391 102 107 122
-0.978040008 0.586032405 0.964381576 124 124 124
-2.56083211 0.628777508 0.636996633 0 0 0
0.937197307 -0.62351442 1.71741012 0 0 0
0.699711995 -0.588065029 1.73960074 0 0 0
0.699711995 -0.588065029 1.73960074 0 0 0
0.940648553 -0.536085082 1.7766726 0 0 0
-0.0287598839 0.11476634 0.0719896826 236 236 236
-2.65363086 0.772980339 0.912749278 119 120 119
-2.65363086 0.772980339 0.912749278 119 120 119
0.153191763 0.764948251 0.847090051 27 29 28
1.01928378 0.751707653 1.03965074 57 57 57
1.12089151 0.767779857 0.840816134 231 231 231
1.12107854 0.767363132 0.839795718 231 231 231
1.35566836 0.816913806 0.878335249 28 83 39
-0.525668949 0.58616138 1.26852444 122 122 123
-2.07598256 0.61867278 0.654850019 5 5 5
-2.12757834 0.635457547 0.637255772 5 5 5
-0.72306893 0.588076838 0.950498331 77 89 84
0.0727275728 0.773919535 0.838583697 29 30 29
1.00461348 0.761797428 0.934507297 57 57 57
1.29749659 0.765162663 0.91933547 122 122 122
1.38861809 0.765891657 0.890405759 118 119 120
-0.739805502 0.60356926 0.954023519 124 124 124
-0.0304787681 0.737597168 0.264207673 143 143 143
1.36320573 0.771580931 0.919944406 9 12 15
1.38563361 0.764977028 0.893703804 122 123 123
-1.92019796e-05 -0.00667873581 0.0038395429 0 0 0
0.755355201 0.71085099 1.65236284 142 142 142
0.753408365 0.712346956 1.6521252 142 142 142
0.74307062 0.707775484 1.5772296 142 142 142
0.74307062 0.707775484 1.5772296 142 142 142
-2.76734013 0.664802738 0.914772614 5 5 5
-0.478251877 0.585450589 1.12638813 32 69 51
-0.268483207 0.714032351 1.08550333 57 57 57
0.208666225 0.771656655 0.842938522 29 30 30
0.568773638 0.769657093 0.841972243 29 30 30
1.03460628 0.738244334 1.05048327 0 0 0
0.00308751048 0.716861079 0.252658301 143 143 143
-2.8416937 0.50913151 1.10727448 103 108 124
-1.72383998 0.590003565 1.24685849 1 1 1
0.621981492 0.713304778 1.51817282 0 0 0
0.986812748 0.739324801 0.921878247 28 29 29
1.25658461 0.774034663 0.886206267 7 20 43
0.0636625993 -0.151692402 0.0280872563 0 0 0
-3.15193206 0.646551765 1.09015461 231 231 231
-2.69528338 0.0750471034 0.0201456369 0 0 0
0.0382890421 0.719350181 0.320374293 0 0 0
-3.08606209 0.561463892 1.39269753 231 231 231
-3.08606209 0.561463892 1.39269753 231 231 231
0.17268222 0.700351476 0.394846557 0 0 0
0.63880738 0.772894875 0.855141566 29 30 30
-0.0804651224 0.127464191 -0.0301984387 236 236 236
0.0897399424 0.108223052 0.0266386266 236 236 236
0.634937583 0.719425885 1.47854498 142 142 142
-0.538833435 0.587320401 1.32888631 114 118 122
-1.19224484 0.590802532 1.15828585 184 184 184
-2.59586655 0.198271552 0.600755752 101 107 122
1.15295366 0.764839607 0.91068009 124 124 124
-1.36596917 0.590400241 1.0567039 0 0 0
-0.297146783 0.702905839 1.06975455 0 0 0
-2.66736362 -0.157824852 1.11427438 103 108 124
0.868406749 0.556944268 1.60022998 142 142 142
-1.51485118 0.578168165 1.33634336 7 7 7
-0.494926712 0.587318566 1.33119534 114 118 122
-0.681431308 0.583908683 1.09398049 95 96 100
-0.780432446 0.59263828 0.985130994 99 103 106
-0.781269988 0.593075437 0.984854575 99 103 106
1.02251232 0.747565634 1.04761157 57 57 57
1.26116146 0.787003883 0.910665573 10 15 13
1.26116146 0.787003883 0.910665573 10 15 13
-0.0163650263 0.00211832712 -0.0185009432 0 0 0
-0.958964257 0.58058809 1.34735915 111 117 121
-0.802826549 0.590263036 1.27768583 93 95 98
-0.802826549 0.590263036 1.27768583 93 95 98
0.576251468 0.767758984 0.84110903 29 29 29
-0.317738677 0.739057846 -0.0150198481 231 231 231
0.00942685682 -0.0224898972 -0.00128725946 236 236 236
0.00942685682 -0.0224898972 -0.00128725946 236 236 236
0.765872507 0.680265008 1.57969816 142 142 142
0.76700808 0.679141837 1.57919086 142 142 142
-2.77463149 0.106154089 1.08792822 66 70 81
-0.680216442 0.58134948 1.28152568 95 96 99
-0.997910114 -0.829180969 0.636702922 59 62 72
0.0492570336 0.677993139 0.425330388 143 143 143
1.00715597 0.757511744 0.85002765 29 30 30
1.00595031 0.75989007 0.847895866 29 30 30
-0.0858108853 0.0827661261 -0.00786455944 0 0 0
-0.0900902733 -0.0686601526 0.00335861472 236 236 236
0.729188848 0.707227728 1.54905428 142 142 142
-2.68217748 -0.142379714 1.07634316 72 76 87
1.03751167 0.748139557 1.03904508 57 57 57
1.14517688 0.781636963 0.863060077 9 9 9
1.14497312 0.767432215 0.86491561 231 231 231
-0.020521199 0.109761033 0.0866443961 236 236 236
-0.966531563 0.586992489 1.1728464 72 92 78
-0.966765374 0.58704074 1.17269188 72 92 78
-2.54678048 -0.00370521226 0.714655816 0 0 0
1.14760593 0.763679374 0.899851274 124 124 124
1.25644703 0.77458983 0.885402598 7 21 43
-0.961676805 0.58778176 1.14177882 91 98 95
-0.961676805 0.58778176 1.14177882 91 98 95
-2.55077597 -0.0288634949 0.717528761 0 0 0
0.09421172 -0.137658031 -0.00224146226 236 236 236
-2.75816734 -0.120131678 1.07932828 72 76 87
0.173765978 0.725241268 0.247998948 143 143 143
0.185463519 0.716759699 0.259097216 143 143 143
-0.49050235 0.590233282 1.19153268 124 124 124
-0.0586391667 0.0181240009 -0.00200942006 0 0 0
1.27371861 0.78970868 0.881138605 124 124 124
-0.0462230738 0.0616661505 -0.00586816744 0 0 0
0.0532763213 0.066209985 -0.00447526603 0 0 0
0.0850462944 0.110195365 0.0207286416 236 236 236
-0.0845108954 -0.111628683 -0.0392622889 236 236 236
-1.44100662 0.628259317 0.487535131 6 19 42
-1.38508064 0.613929049 0.514038054 6 19 42
-0.3169481 0.661707889 0.0403126552 157 157 157
-1.98018244 0.588071556 0.229609253 5 5 5
-1.9910891 0.615752168 -0.00325010331 75 75 75
0.486418616 0.781513035 1.94293974 57 57 57
-0.491562024 0.589148071 1.65074595 68 70 79
-0.934432987 0.587237435 1.27996651 101 102 104
-0.1017165 0.768941717 0.842424779 25 26 27
-0.807384043 0.585623258 1.52806135 73 79 91
-0.616551729 0.600204261 1.52371987 70 76 88
0.657218998 0.707289317 1.59638316 142 142 142
-1.00597098 0.590884998 1.0898332 99 100 102
-0.920384679 0.582713177 1.09481726 97 98 101
-0.722244494 0.587782268 0.950727069 88 93 92
0.43018612 0.749590207 1.97888077 57 57 57
0.430280153 0.7496039 1.97936755 57 57 57
-0.705683153 0.581809004 1.43166787 88 91 96
-0.973054528 0.588084802 1.35605788 81 102 87
-1.05929282 -1.12312679 0.836702157 0 0 0
0.521303288 0.768754419 0.922436863 11 21 13
0.603776659 -0.109899264 1.86342003 231 231 231
0.603776659 -0.109899264 1.86342003 231 231 231
0.787013574 0.707497761 1.68070047 0 0 0
-3.12706308 0.279537882 0.968496721 94 99 114
-3.02084032 0.260583004 0.987998898 94 99 114
-0.587239329 0.585937576 1.12252797 124 124 124
-2.59398377 0.0786734391 0.782211446 228 228 228
-1.27381829 0.584222783 0.457300986 106 106 106
0.75384634 0.772379805 0.840790558 29 30 30
1.11787445 0.767938037 1.88965793 156 156 156
1.11787445 0.767938037 1.88965793 156 156 156
-2.30957877 0.0105850822 0.165287132 0 0 0
0.354314605 0.726480357 1.89490095 57 57 57
-0.457123521 0.586931508 1.66533377 4 17 45
-0.427946929 0.572966599 1.59202746 19 35 63
-0.426809494 0.572467727 1.59208201 19 35 63
0.659697228 0.754026457 1.57712852 0 0 0
-3.07503693 0.23498779 0.822974862 106 112 129
-1.23615083 0.599417059 0.481944383 6 19 42
-0.446341428 0.567637307 1.7107534 3 9 33
-2.32585498 0.653533085 1.05903227 231 231 231
0.27141485 0.748691508 1.87857379 57 57 57
0.598732095 0.75104383 1.46984572 142 142 142
0.784259533 0.766582974 0.858686362 29 30 30
0.732409952 0.770505276 0.909028395 9 12 14
-3.09078106 0.770262942 1.01752277 2 2 2
-2.81240485 0.102927969 1.06844643 53 56 65
1.01988079 0.746262581 1.99131249 57 57 57
0.993007933 0.741506205 1.9419448 0 0 0
0.993291492 0.741158579 1.94164105 0 0 0
0.992313292 0.732209394 1.94059845 0 0 0
0.987646006 0.73702491 1.94116251 0 0 0
-0.889162542 0.599877521 1.68901501 4 17 44
-1.62274798 0.590978086 1.64443191 13 24 45
-0.511547425 0.586336763 1.64634312 37 39 42
-0.907913866 0.583158936 1.61889366 62 67 80
-0.89383551 0.590880503 1.61804875 58 64 79
-1.68412756 0.596918642 1.57991239 52 56 66
-0.976310484 0.595010992 1.60834408 30 40 64
-0.876390798 0.581171371 1.61047907 30 41 66
-0.848065804 0.584687246 1.6014637 55 62 78
-1.34277463 0.594324755 1.50141661 9 21 43
-1.29888309 0.572543604 1.45082506 2 2 2
-1.33160403 0.594933869 1.41538952 4 11 5
-1.51650584 0.596220784 1.35976995 2 3 3
-1.44117671 0.595229599 1.35493527 18 31 24
-2.80869392 0.769765142 1.14887863 5 5 5
-1.20737776 0.586785774 1.18841784 0 0 0
-1.39531171 0.596495549 1.29398267 60 62 64
-1.56237125 0.590833026 1.21879106 33 36 37
-1.52189048 0.592199767 1.19504765 14 22 29
-1.55609292 0.592124423 1.17477969 8 13 26
-1.28637449 0.581778894 1.10160116 0 0 0
-0.776661343 0.598973746 1.08453004 98 99 102
0.992972881 0.749378179 1.04868336 57 57 57
0.373228324 0.777169062 2.0206489 57 57 57
-0.16778332 0.762165753 2.01937581 57 57 57
-0.534405271 0.578635229 1.69027721 4 11 31
-1.03567112 0.594716875 1.6355019 46 51 67
-1.01067755 0.586530763 1.63750846 46 51 67
-0.635290243 0.587479947 1.63836434 10 28 57
-0.635318411 0.587486873 1.63833729 10 28 57
-0.771510056 0.577966051 1.61954426 60 67 81
-0.936777978 0.589527947 1.59991707 60 65 80
-1.03371436 0.587527298 1.52766086 74 79 91
-1.35812272 0.588484053 1.50026902 80 81 85
-1.37018332 0.592570007 1.49933298 80 81 85
0.771417299 0.695623134 1.63382939 142 142 142
0.771417299 0.695623134 1.63382939 142 142 142
-1.36104123 0.59563561 1.31595372 61 63 65
-1.55483248 0.590709104 1.1966466 68 71 72
-1.27089815 0.578549839 1.15752242 141 141 141
-0.264919077 0.727513736 1.95606839 0 0 0
-0.266048137 0.741921152 1.95583885 57 57 57
-0.266583312 0.742050307 1.95595959 57 57 57
-1.73790473 0.58749345 1.64893878 26 32 50
-0.483962478 0.581116088 1.66932285 0 0 0
-1.84470865 0.596995173 1.45892284 47 54 66
-1.36201683 0.582503106 1.47798605 2 2 3
0.742737259 0.707132648 1.56890214 0 0 0
-0.973429058 0.588197126 1.35612925 76 100 82
-1.46016242 0.593322858 1.25638078 66 68 69
1.14399675 0.774789136 2.01786425 57 57 57
0.995040671 0.731041731 1.98066261 57 57 57
-0.190746117 0.76948919 2.00764245 0 0 0
0.317757497 0.754402457 1.89902818 57 57 57
-0.286006692 0.67662787 1.8519148 158 158 158
-1.32440146 0.590381614 1.74370536 13 25 47
-1.3314971 0.578018743 1.20622079 141 141 141
-1.34046528 0.580859162 1.20462398 141 141 141
1.02661374 0.760460368 1.96616646 57 57 57
1.11583785 0.770107947 1.93288294 231 231 231
-1.65261905 0.59903879 1.61947586 78 80 85
-1.30676735 0.584525268 1.0345862 0 0 0
0.174258115 0.769264056 0.863117638 9 11 14
-0.910258773 0.69254388 1.87925647 57 57 57
-1.43022226 0.581404925 1.73866292 6 19 42
-1.26912331 0.595166706 1.72354809 110 116 111
-0.900648586 0.582230434 1.69186024 88 89 93
-1.15570059 0.65600988 1.61787136 40 47 67
-0.147462846 0.398105759 1.57341233 77 82 94
-0.562244639 0.584998032 1.52753743 72 78 90
-0.459867795 0.589006781 1.3407821 124 124 124
-1.26284425 0.60728524 0.469881841 6 19 42
1.00606406 0.7817708 2.0136278 57 57 57
0.983314903 0.735325158 1.97686437 57 57 57
0.983647037 0.734805964 1.97656086 57 57 57
1.06837072 0.760911476 1.95148134 0 0 0
-0.282687934 0.713367284 2.00017385 57 57 57
-0.275792589 0.709632609 1.99895882 57 57 57
0.343614017 0.729166648 1.89119032 57 57 57
-1.02456325 0.591814142 1.72015381 4 15 40
-0.954269655 0.598139277 1.62169499 48 55 72
-1.37957495 0.584829468 1.4530569 0 0 1
-0.260395728 0.730189153 1.48172141 0 0 0
-0.24954608 0.726929141 1.4368405 0 0 0
-2.52491986 0.639908756 0.653842448 0 0 0
-1.01213456 0.748629545 1.90418493 57 57 57
-1.72140404 0.605198336 1.61364809 60 62 71
-0.830129572 0.599229292 1.58885695 17 35 65
-1.12553606 0.596649449 1.55546511 110 112 113
0.644091587 0.713366757 1.61490109 0 0 0
0.978886521 0.726919313 1.96815689 57 57 57
-0.239478853 0.736222434 1.99042902 0 0 0
0.978632561 0.733606306 1.91589587 57 57 57
-0.452510008 0.569864145 1.71071696 3 9 33
-1.25957155 0.588971008 0.511718404 6 19 42
-1.2739338 0.592807343 0.506807048 6 19 42
0.979007511 0.73633257 1.04648689 57 57 57
0.677857115 0.765031197 0.863444211 29 30 30
0.978800058 0.75650517 2.00519951 0 0 0
-0.920929076 0.641946126 2.01499871 158 158 158
-2.21971998 0.568274592 0.509558118 0 0 0
1.16092399 0.798248478 2.00175313 57 57 57
1.05087057 0.764669191 1.99208308 57 57 57
0.304665432 0.732128283 1.87789578 57 57 57
0.60017254 0.753780556 1.71784555 142 142 142
0.60017254 0.753780556 1.71784555 142 142 142
0.787495063 0.68923439 1.72147592 142 142 142
0.271214801 0.742961278 0.986609689 57 57 57
-0.584896703 0.586762967 1.52741577 71 77 89
-0.286379985 0.676709539 1.85169295 158 158 158
-0.107527045 0.800437219 1.87359591 57 57 57
-2.56310779 0.17621635 0.635727222 0 0 0
-1.83599148 0.594270486 1.52115168 48 54 66
-0.704797245 0.585992494 1.61784543 61 67 82
0.656129221 0.63483283 1.99590131 57 57 57
-1.3821195 0.594947212 1.72310085 49 55 67
-1.38074097 0.594557141 1.72344467 49 55 67
-1.89418665 0.605278343 1.58006722 59 61 70
1.12426218 0.765505254 2.01840256 231 231 231
1.12439531 0.765359317 2.01832468 231 231 231
-0.915233682 0.672251872 1.87836622 158 158 158
-2.56990175 -0.041440787 0.81911371 0 0 0
-1.98241663 0.607325211 0.66580774 106 106 106
-3.08588589 -0.183898634 0.953757123 69 73 84
-2.5204691 0.203455159 0.638217013 0 0 0
-2.25397834 0.355460248 0.602785448 119 125 144
1.09268673 0.767355177 2.01550718 57 57 57
1.0911067 0.768740308 2.01552389 57 57 57
1.02069087 0.767008203 1.96739279 57 57 57
1.00292362 0.751165089 1.94213112 0 0 0
-1.37401054 0.617818616 2.04946762 106 106 106
-1.80698557 0.605560414 1.74162622 6 19 42
-1.83791957 0.592910336 1.72702026 98 99 101
0.615442048 0.706892426 1.744812 142 142 142
-1.04032985 0.590839209 1.58535451 8 27 56
-2.59434303 -0.127015752 0.623281471 68 72 83
-2.21977193 -0.089998305 0.551478906 0 0 0
1.08975694 0.769102034 1.96564414 57 57 57
-2.68252212 0.0828139575 1.13095624 99 104 120
-1.17233722 0.583260203 1.20190661 141 141 141
-2.74955137 0.276308445 0.928882998 111 116 134
-1.91274912 0.60392863 1.00955002 6 19 42
-1.0178227 0.587525052 1.66176706 3 13 38
0.734195112 0.769887895 0.861728761 9 11 14
-0.85356579 0.617704428 2.06144961 5 5 5
-0.908783873 0.586362801 1.99151965 106 106 106
-0.276353121 0.740612269 1.92773422 0 0 0
0.757836589 0.706686307 1.69466184 142 142 142
-2.51763562 0.717196493 1.23188154 231 231 231
-2.47876603 0.707592668 1.23898245 231 231 231
0.00928412135 0.718570499 0.527057003 142 142 142
0.00188622783 0.722698811 0.52321043 142 142 142
1.03111767 0.766231967 1.97229203 57 57 57
1.03111767 0.766231967 1.97229203 57 57 57
0.507693449 0.782349513 1.97599495 57 57 57
-2.49046608 0.711491395 1.14781956 231 231 231
0.326070275 0.730428361 1.88285344 57 57 57
0.984005998 0.752613601 2.00180196 0 0 0
1.06400794 0.776278044 1.93650861 7 8 8
-0.929525053 0.644999979 2.01715128 158 158 158
-1.92977969 0.637030242 1.50310893 7 20 43
-2.39680078 -0.196382948 0.596223205 113 119 136
-2.1711314 0.756396133 1.95903461 231 231 231
0.787176974 0.705261364 1.52243497 0 0 0
-1.26749836 0.607053615 1.67301869 8 20 43
0.826891892 0.76778814 0.843516632 29 30 30
0.78608592 0.706140309 1.52236718 0 0 0
-0.935011725 0.699238533 2.02410765 5 5 5
0.476995479 0.765183989 2.01901663 57 57 57
-0.151695369 0.753967238 2.01811758 57 57 57
-0.672242432 0.589359049 1.63574955 45 53 72
-1.03214237 0.592619921 1.60044278 46 53 70
-0.753106731 0.590622273 1.13244475 101 106 112
-0.753106731 0.590622273 1.13244475 101 106 112
-0.577000151 0.580924845 1.68094502 47 49 54
-0.268172704 0.681837139 0.929992882 231 231 231
0.985297921 0.749261755 1.05184474 0 0 0
1.27272674 0.770371048 0.902272322 29 83 39
0.0372092588 0.695579519 0.31407464 142 142 142
0.561950484 0.702094883 2.00588173 8 8 8
1.14602231 0.772356182 2.01739082 57 57 57
0.366261831 0.720102623 1.89477012 57 57 57
-1.95617721 0.601669633 1.74849376 106 106 106
-1.82447362 0.572646569 1.61031172 7 19 42
-3.02063139 0.798834703 1.00311799 2 2 2
-2.52124476 -0.116592059 0.806843198 228 228 228
1.23671577 0.770998899 0.912822777 123 123 123
-1.3567347 0.616963593 2.04422475 106 106 106
-1.35320919 0.616668314 2.04360598 106 106 106
-2.85038886 0.752169239 1.90952765 231 231 231
-2.41272506 0.330947446 1.16982817 95 100 115
-2.62225083 -0.00244691096 1.13989753 103 108 124
0.903249022 0.771605934 0.859251721 9 11 14
-0.682943958 0.578980212 1.62728492 45 52 73
-1.78807455 0.564418876 1.45239342 7 20 43
-1.89534511 0.594576787 0.428541983 106 106 106
1.03688695 0.750898395 1.04588179 57 57 57
0.99598162 0.748232087 1.89827831 0 0 0
-2.45749896 0.791644296 2.00832003 231 231 231
-2.45749896 0.791644296 2.00832003 231 231 231
-2.47556702 0.744197079 1.95632366 6 6 6
-2.51690617 0.755081863 1.95681355 6 6 6
-1.90554507 0.718769819 1.89761083 231 231 231
-0.823265677 0.591222497 1.71779709 5 19 46
-1.2702556 0.60081457 1.28056093 6 19 42
-2.99260785 0.770039917 1.04146762 2 2 2
1.00249789 0.753387469 1.97066864 0 0 0
0.962739664 0.761163453 1.92456489 0 0 0
1.22739977 0.757911368 0.912792234 124 124 124
-2.9025119 0.786870359 1.89564412 231 231 231
-2.77063326 0.227455338 0.967570876 84 89 102
0.210857057 0.685007278 0.544436442 142 142 142
-0.253001334 0.681326285 1.97761901 57 57 57
-0.254792973 0.682275523 1.97806658 57 57 57
-2.79418267 0.321247808 0.865042287 112 118 135
1.1196332 0.769859498 2.04134497 5 5 5
-0.808154832 0.594111147 1.08831308 88 89 94
-0.0951273713 0.794388282 1.87246822 57 57 57
-2.55758279 0.174950378 0.637394257 0 0 0
-0.876820493 0.592384282 1.59754136 49 56 75
-3.17262159 -0.194316575 0.956098414 99 104 120
-0.506883603 0.584119612 1.17185628 121 121 121
-0.298453256 0.686015787 -0.00100435516 158 158 158
-0.298453256 0.686015787 -0.00100435516 158 158 158
0.845653934 1.6364382 0.303521692 27 83 39
-4.59183193 0.653984915 1.22093893 98 103 118
-5.32439629 -0.865133588 1.07435908 205 205 205
-0.754676383 0.589798511 1.3534122 94 98 102
-1.20761535 0.580573219 1.13476512 0 0 0
-0.67597492 0.577198396 1.09728266 102 103 105
-2.5719684 -0.0414439196 0.817586661 0 0 0
-1.90572778 0.583786282 0.615742741 105 105 105
-0.949834791 -0.954330557 0.828774466 197 197 197
-0.949834791 -0.954330557 0.828774466 197 197 197
-3.82326294 0.843420066 2.46045779 231 231 231
-3.80711438 0.849331576 2.46448352 231 231 231
0.996682584 0.782934731 2.02003777 57 57 57
-1.40555226 0.626403641 2.05275459 106 106 106
-2.14613117 -1.0285814 1.25419993 41 41 41
-2.94139296 0.270820923 0.997498747 92 97 111
-0.994170766 0.597966265 0.96929486 43 92 55
-2.50379913 -0.11698218 0.737024654 228 228 228
0.851677828 0.771430006 0.84067021 29 30 30
2.01031072 0.763029489 2.01438281 57 57 57
6.22302931 -0.2494635 0.253529988 0 0 0
1.02340425 0.764088825 1.96665098 57 57 57
1.11854883 0.766684439 1.90532208 231 231 231
-0.95276313 0.627457274 1.87599854 158 158 158
-0.548042454 0.58888338 1.66356438 87 90 95
-4.41164012 0.629326106 1.19679841 231 231 231
-4.36412519 0.581691717 1.18148343 0 0 0
-4.36412519 0.581691717 1.18148343 0 0 0
-0.778957445 0.597475061 1.42576664 98 100 103
-5.42199631 -0.595057832 1.00745653 147 147 147
-0.975936019 0.591488129 1.32017499 106 111 116
-2.38360266 -0.940245493 1.22960074 214 214 214
-2.57022616 -0.0613774001 0.85520977 0 0 0
1.15721196 0.773319718 0.888310821 6 20 42
-0.195089424 0.725205285 -0.00154766952 39 37 37
-2.98621236 0.750581901 2.42597187 231 231 231
-2.98621236 0.750581901 2.42597187 231 231 231
-1.79089275 0.68850291 1.99584692 231 231 231
-3.94962104 0.766596246 2.00769424 231 231 231
-3.95273049 0.76724962 2.00694607 231 231 231
-3.00567406 0.064580191 1.35878182 98 103 118
-1.55662877 0.597176101 1.37160483 0 1 2
0.215179107 0.700416415 0.50749827 142 142 142
-2.3447829 -1.17789699 1.18780867 222 222 222
-2.68659234 0.654329126 0.962990735 231 231 231
-3.46997008 0.776174169 1.91183529 231 231 231
-3.4581344 0.77304232 1.91073663 231 231 231
0.700151687 0.706404021 1.55793647 142 142 142
-1.17337834 0.590082405 1.71901466 73 75 80
-1.92247631 0.546565925 0.254721554 0 0 0
1.42189374 0.779604513 0.897701594 124 124 124
-3.8845864 0.656981315 2.70376649 231 231 231
-3.8845864 0.656981315 2.70376649 231 231 231
-3.67989462 0.768703431 1.86770961 231 231 231
0.0340164211 0.724702752 0.505067083 142 142 142
1.99648866 0.766009704 2.03016376 5 5 5
0.504857592 0.790734239 1.90726977 57 57 57
-2.17578174 0.536540571 0.512357688 0 0 0
-0.296853379 0.65612766 0.908375326 158 158 158
-0.302971783 0.535532845 0.048952944 87 81 78
-2.5218171 -0.0946337249 0.719223029 0 0 0
-0.66723955 0.585999071 1.52103409 73 84 104
0.684810333 0.708533462 1.57672876 0 0 0
-2.63974311 0.0506725748 0.0157483052 0 0 0
-2.57398194 -0.0338567017 0.822212705 0 0 0
-0.744770857 0.589231281 0.905546093 91 92 95
-0.291533086 0.70032145 0.936370242 2 2 2
0.773148027 0.783910195 0.936409357 57 57 57
-0.956278392 0.583459402 0.912089008 96 97 100
1.40416056 0.774684203 0.914218469 123 123 123
1.40416056 0.774684203 0.914218469 123 123 123
0.99379704 0.74920829 1.9353949 57 57 57
-3.92315229 0.706598383 1.27293149 98 104 119
-1.90520703 0.583778893 0.484944274 105 105 105
0.0832969993 0.711370145 0.384128054 142 142 142
1.41146773 0.769316286 0.916264744 123 123 123
-2.97379828 0.773272259 1.92269201 231 231 231
-4.14974604 0.695290356 1.25661699 98 103 118
-3.85449387 0.786203163 1.09438885 2 2 2
1.24028527 0.770588028 0.91536529 122 123 123
1.16730142 0.782881802 0.862954696 9 9 9
1.26345918 0.763439421 0.892491986 6 20 42
1.51623906 0.668347411 0.945160408 9 9 9
-0.953223244 0.627570177 1.87582778 158 158 158
-1.30122198 0.582263729 1.03627876 0 0 0
1.14497261 0.772712967 0.858921216 231 231 231
0.0801451861 0.721151944 0.33921628 142 142 142
-2.59018275 0.314559273 1.14030115 98 103 119
-2.53428775 -0.103352471 1.14970672 99 104 119
1.2336685 0.769060155 0.912632214 124 124 124
1.2336685 0.769060155 0.912632214 124 124 124
1.09329825 0.761761406 1.96573145 57 57 57
-1.92171791 0.600560093 1.84632512 106 106 106
-1.92171791 0.600560093 1.84632512 106 106 106
-4.13293417 0.693251145 1.21198747 231 231 231
-2.77376323 0.167746448 0.918071042 110 116 133
-2.66715955 0.746804021 0.0105770744 1 1 1
1.99016339 0.78127793 1.20875826 9 9 9
1.40361528 0.767116977 0.900175151 6 20 42
1.40361528 0.767116977 0.900175151 6 20 42
-0.279639676 0.66177462 1.84312589 158 158 158
1.28604743 0.775529944 0.898603246 124 124 124
1.36059123 0.771176038 0.899330511 124 124 124
0.188105759 0.702384213 0.291536168 142 142 142
-2.13529673 0.567969424 0.548338742 0 0 0
-2.53072723 3.17668413 -0.630283567 0 0 0
0.550088438 0.788990048 0.965718153 57 57 57
0.993997788 0.75220854 1.02189639 0 0 0
1.22124949 0.760599783 0.878799413 6 6 6
0.502962851 0.772422734 0.935311318 57 57 57
0.750772035 0.708128914 1.58693094 140 140 140
0.993895992 0.74067567 1.94214992 0 0 0
-2.47829827 0.780353477 2.02617106 231 231 231
0.996953563 0.747004294 1.94865954 57 57 57
-1.06460398 0.605564592 1.61745848 52 57 72
-3.13119258 0.25477985 0.771813175 0 0 0
1.24569405 0.776389104 0.867251446 9 9 9
-4.10980377 0.687808519 1.2609199 98 103 118
-1.36573313 0.592182923 1.41584494 55 59 57
-3.1522857 -0.0779245642 1.28816102 231 231 231
1.02442909 0.761030238 1.03134024 57 57 57
1.99265735 0.744299369 2.0205582 5 5 5
-3.57349431 0.733624592 1.95108787 2 2 2
-3.57774392 0.72945066 1.94860782 2 2 2
0.578517279 0.731096535 1.74214765 142 142 142
-4.96990591 0.678865132 1.24082095 0 0 0
-4.80830947 0.689923449 1.25428174 231 231 231
0.0551839118 0.337714764 1.58870688 80 86 97
-0.784664132 0.588056586 1.52718248 0 0 0
-3.16765398 0.133968955 1.31317708 99 105 120
-2.68119103 -0.90428323 1.21695545 67 67 67
-0.492275118 0.579136003 1.28122145 107 108 110
-3.30427964 0.286404625 0.738291172 0 0 0
-0.0482533394 0.742253068 0.254751676 142 142 142
-0.0482533394 0.742253068 0.254751676 142 142 142
1.98546675 0.788621295 2.0090115 9 9 9
-1.0188067 0.588203188 1.72098258 4 19 41
-0.924745525 0.589483088 1.68908253 89 89 93
-1.59909401 0.599565861 1.28993705 57 62 59
2.07503929 0.291929723 1.29182264 57 57 57
2.08681312 0.103438994 1.30877973 116 122 140
-4.60005674 0.77862577 1.93562917 231 231 231
-2.8474676 -0.0290961938 1.3251948 231 231 231
-0.318609227 0.587586879 1.79374993 106 106 106
-4.55628614 -0.808135589 1.03485486 179 179 179
-1.01719456 0.557806412 1.17160157 108 109 111
-2.08468844 0.57879056 0.571225186 0 0 0
-4.23575997 0.723209981 2.47019243 231 231 231
-4.35898764 0.863670122 2.62698377 2 2 2
0.312168007 0.71868442 1.86427738 57 57 57
0.312168007 0.71868442 1.86427738 57 57 57
2.0833911 0.569765609 1.22547882 112 118 135
-1.77339577 0.627099505 1.69885071 6 19 42
1.04192024 0.755265183 1.90824184 0 0 0
1.04192024 0.755265183 1.90824184 0 0 0
2.09758098 0.519765224 1.3046578 118 124 142
0.726308554 0.707640944 1.58010553 0 0 0
0.72733419 0.707690481 1.5496538 141 141 141
-2.55935679 0.625721291 0.716688547 102 107 123
-0.610023672 0.591764478 1.67998364 43 45 51
-3.10587248 -0.0791304378 1.31371127 0 0 0
-1.46848317 0.596980645 1.32329885 17 21 20
-2.08980956 0.636569434 0.591702128 105 105 105
1.17846569 0.771612347 0.890850835 119 120 121
-3.40277207 0.595944051 2.58161024 117 117 117
-3.14361657 -1.59408958 1.26862387 4 5 7
2.12013028 0.54435708 1.30906236 110 116 133
1.15317314 0.766369689 0.864892947 231 231 231
2.08241151 0.256238194 1.24388807 9 9 9
-4.64030283 0.66974135 1.17968798 231 231 231
1.2615002 0.769741214 0.911227854 27 83 39
-0.0419924904 -0.0106334388 -0.00210124382 235 235 235
-2.51786017 0.768254261 1.9500555 6 6 6
-1.63312357 0.598665343 1.32972454 0 1 3
-2.55808502 0.312528793 1.1440091 98 104 119
-2.53300694 -0.105460447 1.15262206 100 105 121
-0.477577105 0.598078874 1.1442303 123 123 123
-2.57611778 0.0522855318 0.794159816 0 0 0
-2.57611778 0.0522855318 0.794159816 0 0 0
2.08554149 0.292016893 1.29795958 115 121 139
0.0985839073 0.135856286 0.000738648163 235 235 235
-4.80292034 0.747894346 1.28108781 0 0 0
-3.35282758 -0.101024941 1.27869611 231 231 231
1.14805642 0.776597876 0.904019186 124 124 124
2.07981334 0.119852167 1.24098291 5 5 5
2.08223593 0.251802154 1.20983866 93 98 113
2.11357893 0.125899398 1.24154767 59 62 72
2.11929 0.249696329 1.19646598 104 110 126
-4.73030081 0.606183093 2.71251706 5 5 5
-4.73030081 0.606183093 2.71251706 5 5 5
0.49628161 0.781265582 1.92631901 57 57 57
0.574217393 0.779985038 1.75998903 57 57 57
2.08005379 0.247013479 1.23733467 231 231 231
-3.93173426 0.318034308 1.17504741 231 231 231
-4.23446615 0.723226342 2.46924489 231 231 231
-0.977619708 0.747295986 1.91107371 0 0 0
-2.12198739 0.676168893 0.295384772 105 105 105
-1.05507894 0.618612612 1.49299697 88 94 105
-1.56297286 0.595187538 1.09548591 6 19 42
-1.10395317 -1.49250522 0.408214349 231 231 231
2.11342679 0.32733247 1.26993164 57 57 57
2.11342679 0.32733247 1.26993164 57 57 57
-0.241337692 0.735647063 1.01674311 0 0 0
2.11620533 0.219913147 1.313949 57 57 57
2.10361476 0.264688988 1.19763752 104 110 126
-1.21962991 0.58892592 1.02589021 0 0 0
0.0940585407 0.704028047 0.387566439 142 142 142
0.994570797 0.74785589 1.94891945 57 57 57
-0.973351391 -1.1663415 0.738364261 40 42 49
1.03505796 0.7529525 1.04590525 57 57 57
1.03352523 0.755346624 1.03497116 57 57 57
1.03589965 0.736712491 1.99569732 0 0 0
1.03523794 0.737510126 1.99602957 0 0 0
1.02845138 0.746615671 1.98595005 0 0 0
0.996771631 0.743770376 1.95070623 57 57 57
-0.608574119 0.587135492 1.6766106 52 53 59
-0.512003041 0.586106866 1.64645454 38 39 43
0.674851091 0.709232533 1.59832847 142 142 142
-1.32461157 0.568881913 1.43104284 4 4 4
-1.51138404 0.586732897 1.24124068 24 33 29
0.720804303 0.617531598 1.4815505 142 142 142
-0.799065787 0.582316738 1.63586194 55 61 77
0.800257394 0.697968626 1.51911451 0 0 0
0.800257394 0.697968626 1.51911451 0 0 0
-2.65152955 0.301890916 1.07905483 72 76 87
-2.66024388 0.304298236 1.07858382 72 76 87
-2.72041976 0.238153053 0.840498685 108 106 106
-0.0198584461 0.783021795 0.834297174 29 30 30
1.0261204 0.738871513 2.00103467 57 57 57
-1.48105011 0.596458061 1.35745147 75 77 76
-2.49373176 0.786795318 2.02218346 231 231 231
-2.06470879 0.629190925 1.85570896 106 106 106
-3.09307485 0.296178157 0.97443032 92 97 111
-2.59417213 0.628034691 0.764588829 109 115 131
-3.55718241 0.686036499 1.01106999 103 108 124
-2.85038886 0.752169239 1.90952765 231 231 231
-2.40530215 0.674001817 0.134693897 5 5 5
-1.41345434 0.637579388 0.475509841 6 19 42
-0.747824402 0.585807205 1.52780262 59 65 78
-1.32609706 0.59450808 1.3221242 0 1 4
-0.892035978 0.586099791 1.52142577 53 63 83
0.627576184 0.732278171 1.52448885 0 0 0
-2.18772097 0.304972132 0.623982173 68 71 81
-2.26913258 0.621354552 1.05882119 142 142 142
-0.707301666 0.584068593 1.43127209 79 82 88
0.501762797 0.773211121 1.98541023 57 57 57
0.627968183 0.707477398 1.51952032 0 0 0
0.793660662 0.702214697 1.68135992 0 0 0
0.611671609 0.709596598 1.74483059 142 142 142
-4.15675852 0.763441077 2.43534268 231 231 231
-1.46427687 -0.406851918 2.41030512 68 62 63
-1.46427687 -0.406851918 2.41030512 68 62 63
-0.0476976359 0.750381592 1.89591133 57 57 57
-0.152844739 0.787925411 1.90227123 57 57 57
-3.15390155 0.316734807 1.31387893 231 231 231
-10.2430898 -4.52812347 -1.15050705 8 8 8
-4.26598548 -2.84879375 0.0810459615 8 8 8
-4.26598548 -2.84879375 0.0810459615 8 8 8
-9.20998204 -4.42788849 -1.07076617 8 8 8
-9.20998204 -4.42788849 -1.07076617 8 8 8
2.39113811 -0.120549956 1.50845529 11 21 14
-0.801124503 -1.75879211 0.424502275 8 8 8
-1.30381226 -2.09282068 0.0578021061 8 8 8
1.96844721 0.769210574 0.909496602 36 85 46
-5.93688329 0.191336934 0.992976013 0 0 0
-4.22989641 0.708613518 2.63597722 117 117 117
-4.36932544 0.734444126 2.65517831 117 117 117
-3.82280664 0.605601707 2.53966393 117 117 117
-3.82280664 0.605601707 2.53966393 117 117 117
-5.45818968 0.746533451 2.44797646 117 117 117
-1.54288793 0.598648614 1.32569757 54 58 56
-11.0730417 -5.13300843 -1.58322775 8 8 8
-0.247384766 -1.22403455 1.01468241 0 0 0
0.0433521907 -1.321048 0.907717537 0 0 0
1.98360941 0.766058727 0.922996384 9 12 14
0.0942549382 -0.0752132132 -0.0068647005 235 235 235
-4.82487364 0.584334838 2.69803585 3 3 3
-5.29953962 0.752696461 2.42802029 231 231 231
-5.10430407 0.739360838 1.6969963 231 231 231
-1.4654142 0.591033058 1.41290963 1 2 5
-0.967611548 -1.13399447 1.03640589 116 122 140
0.172773672 0.769705263 0.861997815 9 12 13
-1.35755975 -0.821191627 0.529358372 95 100 115
2.11757782 0.1271202 1.2381701 59 62 72
0.0946952261 0.0548787871 -0.00629800987 235 235 235
0.125778149 0.0276005005 0.0122497798 235 235 235
-0.237913008 2.87177473 -0.61140136 6 21 42
-1.49276551 -0.354305704 2.43251071 136 138 141
-4.68211911 0.667597216 2.75792179 231 231 231
-4.32316216 0.764610317 2.6428439 231 231 231
0.999769593 0.763432763 2.01297584 0 0 0
-0.258841365 0.727876954 1.9737212 0 0 0
-0.151164525 0.792739926 1.89942734 57 57 57
-0.604174906 0.589402169 1.62116659 16 32 59
-1.46674831 0.60262482 1.37145147 50 55 53
-2.2156264 -0.057867838 0.548591027 0 0 0
1.97157546 0.771730717 0.900140757 27 83 39
0.0940158533 -0.137998166 -0.00304860913 235 235 235
-0.0900968345 -0.136168782 -0.00817610535 235 235 235
-0.0956837953 -0.135024116 -0.0131130456 235 235 235
-1.02700172 -1.39037211 0.980443571 231 231 231
-5.59076612 -2.96602902 -0.0644566059 231 231 231
-1.13161663 -0.825676244 0.535794232 115 120 138
2.11689656 0.559069586 1.28003726 59 62 72
2.11531854 0.560668527 1.27945747 59 62 72
-1.92936637 0.613747994 1.05694819 6 19 42
-0.968087743 -1.48799901 0.981827036 231 231 231
0.130018013 0.764417651 0.910266829 10 12 15
1.03488164 0.72898788 1.09515382 0 0 0
-2.04216881 -1.62164561 1.04986067 231 231 231
-0.249655827 0.695254142 1.05470563 0 0 0
2.09308143 0.618858413 1.10054368 89 93 108
1.04713093 0.76757176 1.99138503 57 57 57
-5.69941934 0.848186783 1.8152121 0 0 0
-2.65239945 0.68384854 1.37661661 231 231 231
-2.93814496 0.748476026 1.99718082 2 2 2
0.422802987 0.754778564 1.40169966 0 0 0
2.09579647 0.324403163 1.30325826 119 125 143
-0.186704235 0.724272545 0.82856294 5 5 5
-0.416091664 0.571178716 1.16526541 123 123 123
-0.267533296 -1.51942415 1.05502475 8 8 8
-0.267533296 -1.51942415 1.05502475 8 8 8
0.0366400248 -0.749446034 0.988960217 107 107 107
0.0366400248 -0.749446034 0.988960217 107 107 107
0.990338364 0.750145647 1.06098591 57 57 57
-2.61062155 0.0410233719 0.0199248868 0 0 0
-2.43984565 -0.104916249 1.3772536 231 231 231
-1.94236671 0.594415628 0.748597856 105 105 105
0.723121815 0.708183771 1.64228516 0 0 0
-3.6385244 -0.136811099 1.25623387 102 107 123
-3.72625355 0.777371455 1.22485571 2 2 2
-0.0640800591 -0.0134514595 0.00163031688 0 0 0
-3.17520989 0.277484424 0.791085123 0 0 0
-2.35919491 0.729509752 1.94297837 6 6 6
0.594636537 0.723682613 1.45695342 142 142 142
-1.42975103 0.611568311 1.19012058 141 141 141
1.18466171 0.737063396 0.955657727 0 0 0
1.20646115 0.791893858 0.879940023 6 20 42
2.10614432 -0.190642924 1.27692124 85 80 76
2.12292216 0.161775029 1.19760158 97 103 118
2.11803661 0.165172926 1.16656677 88 92 106
2.12246708 -0.201232303 1.19728606 104 110 126
1.97313827 0.769979508 0.901483167 27 83 39
2.01171951 0.762887351 0.916845325 124 124 124
1.98430865 0.768989265 0.891862108 122 123 122
2.06474633 0.63168405 0.942293245 231 231 231
-1.998795 -0.921420797 0.0377858615 107 107 107
2.08279109 0.162775618 1.00287601 62 66 76
-5.89805952 -0.267280825 1.03301111 0 0 0
2.05113008 0.622125581 0.908787294 92 97 111
-4.12644058 0.110004632 -0.14919667 0 0 0
1.99347445 0.766527256 0.917152881 8 9 11
-2.75806694 0.225548601 0.966742816 85 89 103
2.06564108 0.643901286 0.942396606 231 231 231
2.08448581 0.617045073 0.935653964 5 5 5
2.1012682 0.758491623 0.910558251 124 124 124
0.476923388 0.754720575 1.96303207 0 0 0
2.0969216 0.0908667696 1.26135482 5 5 5
2.09561352 0.0915860667 1.26070056 5 5 5
2.10528356 0.600409427 1.11922591 89 93 107
2.11198467 0.263876194 1.13212868 90 95 109
-2.79119498 -0.183145831 0.925192342 94 99 114
-0.922212522 0.61976485 2.04281949 158 158 158
-2.61594856 0.0760309598 0.0750317317 0 0 0
-2.40476269 0.744880454 1.93848177 6 6 6
-0.744808705 0.587313094 1.35458 102 104 108
-2.66445662 0.312032926 1.10614157 67 71 82
-2.47473767 -0.186449468 0.649999231 59 62 72
-2.49287944 -0.176715631 0.629276314 107 113 129
-6.2318941 -3.34607293 -0.278297938 10 10 10
-5.38522162 -3.25428505 -0.215474558 8 8 8
-10.7277864 -4.96242632 -1.46261905 8 8 8
2.08998858 0.611550434 1.01307986 65 68 79
1.98593883 0.764240649 0.924805327 11 13 15
-1.46298744 -0.339083339 2.33888805 96 99 106
-3.12355465 0.111202805 1.28766667 231 231 231
-3.12355465 0.111202805 1.28766667 231 231 231
-1.21942453 -1.46415554 1.08679503 231 231 231
-0.786131485 0.601129383 0.96744715 90 102 94
-1.0141769 -1.30062738 0.637107691 97 102 118
-0.943101704 -1.3095745 1.21102351 0 0 0
-1.26285283 -0.80599813 0.50964531 59 62 72
-2.14208719 -2.48628424 0.344729099 8 8 8
-2.14208719 -2.48628424 0.344729099 8 8 8
-1.25952867 -0.823466778 0.436636204 0 0 0
-1.3000203 -2.32906377 -0.196842803 8 8 8
-21.5032166 -10.580505 -9.21584278 8 8 8
-0.0974341608 0.142680968 -0.00558853695 235 235 235
-10.0439439 -6.62621833 -4.89970078 8 8 8
-1.60166877 0.602539937 1.19752054 51 55 55
0.99389342 0.744445501 1.03098836 0 0 0
0.0899688757 -0.0430708803 -0.00896054233 235 235 235
-4.81113202 0.644106191 2.70257494 4 4 4
-4.77744971 0.639334906 2.69805688 4 4 4
1.00537125 0.775064041 1.96911737 57 57 57
-0.270158603 0.731668713 1.93980379 0 0 0
-2.8902557 0.107530509 1.10365481 94 99 114
-0.954233778 -1.0977418 1.01646132 197 197 197
2.09785925 0.105423707 1.27626792 5 5 5
2.11228244 0.169470106 1.17680874 86 90 104
2.10748805 0.169690869 1.14306224 88 92 106
0.0360683247 -0.0158423859 0.00128504598 235 235 235
-1.47724488 -0.416065348 2.33378544 90 93 102
-1.47724488 -0.416065348 2.33378544 90 93 102
1.96385023 0.76523722 0.913929691 123 124 123
1.96385023 0.76523722 0.913929691 123 124 123
1.9529437 0.773976732 0.888751428 6 21 42
2.11253468 0.767580129 0.893620684 6 20 42
-4.32173641 -0.726795445 0.992392574 74 72 72
-1.12748616 -1.27730467 0.536282191 115 120 138
2.13012612 0.153687239 1.20262394 99 105 120
-5.11301799 0.530580627 2.69931653 231 231 231
2.12400103 0.601225335 1.20158844 99 104 120
-0.924780684 0.646269802 1.91718568 158 158 158
-2.59109844 0.0925563337 0.098173917 0 0 0
-1.10173482 -1.31782949 0.385709886 107 107 107
0.128249719 0.753992782 1.84941186 57 57 57
-0.347433746 0.657110521 1.77852425 158 158 158
-0.65531562 0.595580069 1.67980848 11 17 34
0.135671297 0.751353668 1.01185096 57 57 57
0.994047483 0.748431189 1.93643783 57 57 57
0.993814186 0.748055478 1.04364318 57 57 57
1.1158478 0.770091003 1.93290468 189 189 189
-1.13382893 -1.50245878 0.476276842 94 99 114
-1.42518035 -0.573744423 2.35263662 106 108 114
-4.91398271 0.668059909 2.70592654 3 3 3
-2.6906068 0.111399888 1.14090489 71 75 87
-2.68551936 0.12689661 1.1335897 71 75 87
-0.952347918 0.58220465 0.913794638 108 109 110
-0.233655357 -1.71272596 1.03745246 0 0 0
-3.5233282 -2.56077912 0.292260554 9 9 9
-3.5233282 -2.56077912 0.292260554 9 9 9
-0.124564909 -1.69443869 1.00598139 130 130 130
1.99505662 -0.207663322 0.79027026 120 126 144
-1.00277903 -0.854542507 0.723882213 0 0 0
-0.98584321 -1.21472277 0.729857868 64 67 78
-0.713043108 -1.2258421 0.751595806 59 62 72
-1.11496101 -1.29725331 0.560559538 59 62 72
-20.9167267 -11.4902453 -6.26852228 8 8 8
-0.0740290281 -0.0938043175 0.0048707509 234 234 234
-1.119487 -1.6639314 0.983444388 102 107 123
-0.205771873 -1.70798202 1.09123346 130 130 130
-17.2402408 -10.2354631 -5.34799542 8 8 8
1.39395608 -1.5543326 1.02635105 8 8 8
-3.90273598 -4.07957011 -0.827807309 8 8 8
-11.4479285 -7.82361867 -3.57478036 8 8 8
-11.4479285 -7.82361867 -3.57478036 8 8 8
2.79575194 0.0985742894 1.35869167 115 121 138
-3.92554628 0.720458767 2.41216855 231 231 231
1.02033947 -1.61672183 1.41320508 84 89 100
1.02050328 -1.61687937 1.41270125 84 89 100
-1.62958123 -1.52403064 0.952498797 231 231 231
-0.9441963 -1.07837591 0.955014792 0 0 0
-0.187380051 -1.70592909 1.00600536 130 130 130
-0.983623658 -1.21046832 0.804321029 75 79 91
-1.05014444 -1.68438644 0.535896642 72 76 88
-1.12916819 -0.825943941 0.440900145 67 67 67
-0.0733418278 -0.0977080273 0.00127793375 234 234 234
-0.0733418278 -0.0977080273 0.00127793375 234 234 234
-23.0575484 -11.7459591 -12.2171366 231 231 231
-22.7473026 -11.8401733 -12.4492311 113 119 137
-2.28098313 0.633046492 0.972739029 231 231 231
1.99704227 -0.213676816 0.799459387 121 127 144
-2.60089244 0.623069194 0.683183971 104 109 125
-0.878964101 -1.56166124 1.03685884 98 103 118
-1.61862812 -1.53315042 0.872917401 231 231 231
1.40937911 0.338186334 1.22522052 57 57 57
-22.7822279 -11.7152062 -11.8256286 59 62 72
-2.51330207 0.648490485 0.661190529 0 0 0
-5.91910435 0.86061501 2.40764041 5 5 5
-0.960710106 -1.07115735 0.998455088 197 197 197
-1.99450301 -1.54461505 0.0601914921 107 107 107
-0.158731453 -1.69380964 1.11252339 16 16 16
1.98784761 -1.0951634 0.962058246 231 231 231
1.98784761 -1.0951634 0.962058246 231 231 231
-0.285188441 -1.73679353 0.973731747 114 114 114
-0.34365417 -1.69827885 0.864943429 231 231 231
1.98850946 -0.183116426 1.22999525 83 77 74
2.00682341 -0.935805991 0.973891235 86 80 76
2.00682341 -0.935805991 0.973891235 86 80 76
-1.16653506 -1.67019568 0.502096821 84 89 102
-1.16696137 -1.67009746 0.502496037 84 89 102
-1.80427254 -1.00081435 0.180012663 107 107 107
-1.18804662 0.637683208 0.849638846 111 112 115
-11.2699663 -6.14141618 -2.33753458 8 8 8
-2.57407838 0.0187056419 0.820768505 228 228 228
0.673265556 0.707211894 1.59744157 142 142 142
1.24490546 0.765631783 0.887078605 31 52 57
0.628013793 0.707856226 1.68246655 0 0 0
0.0179785485 0.0115700567 -0.000289925974 0 0 0
-0.963363124 -1.21707337 0.663792769 69 73 84
-1.02170897 -0.851542583 0.635380371 96 101 116
-2.6225967 0.0432201436 0.0157026661 0 0 0
2.15537751 -0.117276756 1.50564672 0 0 0
2.11620483 0.612119277 1.1115681 87 92 106
2.06829768 -0.204366094 0.908553348 59 63 73
-20.4419239 -11.5708105 -10.3131964 8 8 8
-3.75061609 0.771773055 1.14629215 2 2 2
-2.62942056 0.25673255 0.826748028 110 116 133
-2.56636517 0.243986153 0.782206855 109 115 132
-0.960347956 -1.64110338 0.653638964 95 100 114
-1.20937593 -1.31676168 0.557673762 59 62 72
0.917239288 -1.52973123 1.04519099 8 8 8
0.917239288 -1.52973123 1.04519099 8 8 8
0.188350738 -2.11102316 0.622539533 8 8 8
0.640488656 -1.93683998 0.745620408 8 8 8
2.08452821 -0.200138211 1.18569278 61 64 75
-18.1061218 -10.8248784 -5.77301484 8 8 8
-1.0410854 -1.35550045 1.17727042 8 8 8
-11.6787644 -7.96786131 -3.68231053 8 8 8
-11.6787644 -7.96786131 -3.68231053 8 8 8
2.09235434 -0.228388612 0.888027136 61 64 74
1.9576022 -0.2506477 0.781288632 60 64 74
-3.14450518 0.287494959 1.31311606 103 108 124
-0.129659283 -2.60385826 0.260875817 8 8 8
-0.129659283 -2.60385826 0.260875817 8 8 8
-25.034599 -16.3986755 -9.86887661 8 8 8
-32.758322 -21.6147482 -13.7154312 8 8 8
-32.758322 -21.6147482 -13.7154312 8 8 8
-19.690038 -14.1685434 -8.24025213 8 8 8
