# Image list with two lines of data per image:
#   IMAGE_ID, QW, QX, QY, QZ, TX, TY, TZ, CAMERA_ID, NAME
#   POINTS2D[] as (X, Y, POINT3D_ID)
# Number of images: 25, mean observations per image: 126.95999999999999
209 0.99637148736247505 0.0066116033764699617 0.076673280995970094 0.03635043126559169 -1.3146753234264839 -0.39716752619732826 3.2885622465272069 206 moving_frame_0205.png
450.29409790039062 42.911361694335938 -1 880.777587890625 57.771560668945312 -1 809.67645263671875 83.974578857421875 -1 468.47409057617188 163.02888488769531 -1 468.47409057617188 163.02888488769531 -1 1252.385498046875 162.99374389648438 -1 1262.149658203125 163.02725219726562 1287 1233.5396728515625 172.39524841308594 -1 1250.5374755859375 174.29814147949219 -1 1252.2637939453125 192.01596069335938 -1 820.81976318359375 217.34236145019531 -1 723.72540283203125 270.78839111328125 -1 727.2745361328125 270.78842163085938 -1 734.780517578125 270.76177978515625 -1 816.5687255859375 658.0767822265625 -1 802.14654541015625 48.468746185302734 -1 806.19488525390625 48.521278381347656 -1 485.39791870117188 150.14596557617188 1091 1262.3756103515625 176.85928344726562 -1 569.2476806640625 187.25616455078125 -1 750.90118408203125 268.67550659179688 -1 710.94769287109375 270.2745361328125 -1 267.5093994140625 373.28616333007812 -1 269.16244506835938 476.7071533203125 -1 262.29815673828125 484.29278564453125 -1 264.11053466796875 524.388916015625 -1 799.44061279296875 650.3414306640625 -1 822.94305419921875 650.41192626953125 -1 770.787841796875 32.596004486083984 -1 770.787841796875 32.596004486083984 -1 811.70654296875 35.840530395507812 -1 449.65847778320312 36.548210144042969 901 449.65847778320312 36.548210144042969 1 472.74267578125 159.67364501953125 -1 1260.229248046875 166.12115478515625 -1 807.24066162109375 166.96095275878906 -1 595.36663818359375 169.73796081542969 -1 742.4156494140625 177.96211242675781 596 1233.2030029296875 191.90727233886719 -1 734.9676513671875 254.23170471191406 908 745.18023681640625 254.13273620605469 7 699.86090087890625 254.369140625 898 699.86090087890625 254.369140625 546 746.556884765625 259.73495483398438 9 746.556884765625 259.73495483398438 -1 272.57809448242188 337.2772216796875 -1 273.277099609375 341.3807373046875 -1 278.31344604492188 369.57809448242188 -1 269.135986328125 376.85964965820312 -1 247.19577026367188 388.65182495117188 1089 283.66384887695312 460.57208251953125 -1 276.64773559570312 468.515869140625 -1 269.39410400390625 476.607421875 -1 262.54446411132812 484.2501220703125 -1 296.92050170898438 484.11880493164062 -1 792.9681396484375 653.9879150390625 -1 614.6859130859375 34.227451324462891 907 812.38555908203125 35.357536315917969 634 760.9644775390625 43.625896453857422 1043 614.66558837890625 44.783077239990234 895 813.20745849609375 87.889778137207031 1035 809.60736083984375 157.77053833007812 30 1247.210205078125 166.60569763183594 -1 1260.230224609375 166.30322265625 -1 848.54107666015625 168.5225830078125 309 1208.205810546875 176.69764709472656 1147 840.0423583984375 192.00859069824219 151 873.22955322265625 241.93209838867188 595 715.5931396484375 254.60137939453125 1288 734.929931640625 254.47663879394531 -1 720.37091064453125 259.57620239257812 8 730.8616943359375 259.63568115234375 624 705.38604736328125 265.06039428710938 1106 715.5870361328125 264.51199340820312 144 725.49853515625 264.70294189453125 152 745.61016845703125 264.69601440429688 21 261.3577880859375 345.51333618164062 -1 295.41305541992188 350.23550415039062 -1 251.07853698730469 353.57070922851562 -1 988.98992919921875 366.00973510742188 1038 256.510009765625 380.9559326171875 -1 258.03515625 385.1038818359375 1103 291.62692260742188 452.35736083984375 -1 44.561393737792969 518.4808349609375 1040 1030.798095703125 578.65594482421875 -1 772.01202392578125 644.412109375 547 773.2440185546875 649.540771484375 664 846.4931640625 40.8905029296875 379 451.27719116210938 45.478313446044922 533 839.65228271484375 49.580108642578125 490 440.6773681640625 51.737865447998047 -1 474.1070556640625 51.337261199951172 191 797.5458984375 53.265575408935547 491 778.7066650390625 88.404441833496094 148 786.4345703125 94.884201049804688 320 794.3267822265625 110.70542907714844 -1 857.08966064453125 120.71100616455078 -1 777.0521240234375 122.36874389648438 -1 812.2637939453125 132.87525939941406 -1 471.470703125 149.55300903320312 150 1255.491455078125 151.38523864746094 -1 465.52239990234375 154.80195617675781 571 479.99786376953125 154.64224243164062 -1 479.99786376953125 154.64224243164062 554 774.9967041015625 159.62066650390625 38 791.9017333984375 159.70077514648438 28 756.69189453125 161.03016662597656 495 815.2855224609375 162.03436279296875 1061 1253.7752685546875 161.25804138183594 -1 801.6673583984375 162.71987915039062 1170 1245.8702392578125 186.77882385253906 1109 829.779541015625 213.365234375 322 829.779541015625 213.365234375 323 857.27410888671875 237.14723205566406 1155 829.551513671875 294.63702392578125 413 840.7833251953125 294.60888671875 1036 276.76632690429688 340.56927490234375 -1 372.70468139648438 363.35073852539062 1046 10.655259132385254 553.35540771484375 -1 1024.282470703125 553.4405517578125 1167 1032.4501953125 567.420654296875 639 998.4471435546875 600.712158203125 1041 998.4471435546875 600.712158203125 1042 822.46038818359375 654.633056640625 -1 762.65936279296875 29.947654724121094 23 795.28070068359375 88.826469421386719 330 778.1864013671875 101.77391052246094 -1 794.3641357421875 101.38426208496094 420 923.7353515625 104.79904937744141 -1 938.30841064453125 105.03971099853516 1053 859.98236083984375 106.28049468994141 -1 785.34246826171875 115.86899566650391 1141 477.54473876953125 119.20090484619141 -1 793.338134765625 122.62615966796875 -1 834.371337890625 128.04959106445312 1059 784.5224609375 128.74343872070312 -1 793.13653564453125 130.70086669921875 -1 478.68441772460938 137.15771484375 -1 784.35394287109375 137.80587768554688 493 817.92755126953125 143.99691772460938 1171 833.47735595703125 146.24038696289062 642 775.567138671875 146.93656921386719 474 792.02325439453125 147.28231811523438 1166 824.54254150390625 159.21005249023438 601 719.96014404296875 160.12544250488281 494 764.356689453125 160.7298583984375 686 783.8289794921875 164.86305236816406 644 878.4332275390625 184.0673828125 1062 1226.546630859375 186.26057434082031 482 805.81573486328125 191.62904357910156 1063 825.8406982421875 197.217529296875 32 877.65234375 199.15432739257812 1064 805.46630859375 205.1937255859375 50 805.46630859375 205.1937255859375 1065 851.90496826171875 207.81671142578125 502 406.65673828125 271.82754516601562 1045 373.83169555664062 374.41818237304688 1110 1034.29345703125 545.06658935546875 1066 1041.0262451171875 560.1964111328125 1086 1040.02490234375 573.57000732421875 1117 806.8955078125 655.1627197265625 -1 795.43267822265625 657.155029296875 -1 437.92477416992188 26.259281158447266 176 828.02313232421875 57.453189849853516 -1 454.23287963867188 58.979110717773438 -1 868.837890625 64.252021789550781 45 837.0262451171875 72.771316528320312 1051 786.3614501953125 79.836349487304688 668 464.72756958007812 111.06406402587891 168 945.55426025390625 113.92437744140625 1068 456.2562255859375 119.12120819091797 251 936.55291748046875 124.45098876953125 385 954.17254638671875 124.08149719238281 1069 467.78610229492188 127.13015747070312 -1 460.38397216796875 136.93428039550781 606 729.0269775390625 168.65338134765625 353 1209.675537109375 168.07958984375 1119 838.89337158203125 172.38896179199219 305 1220.909912109375 173.87904357910156 1120 1264.304931640625 198.49703979492188 -1 836.37518310546875 205.63185119628906 666 865.73809814453125 206.6492919921875 608 819.20263671875 220.01318359375 -1 58.179569244384766 230.91053771972656 560 740.25439453125 260.8421630859375 1138 720.86029052734375 273.2374267578125 1087 242.00469970703125 401.57846069335938 -1 124.19471740722656 459.11807250976562 538 1059.380615234375 545.85882568359375 609 1023.9674682617188 645.6104736328125 1122 896.11572265625 18.636554718017578 341 883.66455078125 54.108516693115234 178 443.210205078125 63.763858795166016 -1 457.80307006835938 73.102096557617188 181 433.03097534179688 73.355491638183594 -1 877.8538818359375 79.631172180175781 899 446.51498413085938 81.470672607421875 911 474.9810791015625 81.582298278808594 393 434.69747924804688 90.34808349609375 1072 461.16250610351562 90.76312255859375 165 450.47265625 100.91703033447266 193 476.27676391601562 101.57638549804688 334 801.517333984375 137.39057922363281 -1 936.8214111328125 145.44407653808594 59 1243.57373046875 155.51150512695312 1165 1268.186767578125 157.16470336914062 -1 784.36077880859375 167.03675842285156 60 1259.8497314453125 171.4075927734375 -1 1259.8497314453125 171.4075927734375 -1 867.28924560546875 173.39515686035156 656 1267.9766845703125 183.66526794433594 -1 1222.06884765625 196.82025146484375 540 361.12789916992188 268.34976196289062 613 725.5963134765625 282.97561645507812 1161 288.87554931640625 366.67123413085938 1129 25.575977325439453 512.3834228515625 -1 1023.072021484375 531.63299560546875 1124 1056.2781982421875 582.69268798828125 653 1016.7984619140625 584.50946044921875 654 997.2559814453125 645.636962890625 1076 762.67333984375 648.80963134765625 -1 470.51513671875 27.616178512573242 69 453.0426025390625 43.178443908691406 66 930.480712890625 41.828216552734375 -1 827.25927734375 58.855354309082031 164 852.398681640625 58.718826293945312 179 1248.2413330078125 140.68309020996094 897 1225.61865234375 155.38832092285156 -1 617.8612060546875 175.92718505859375 348 847.68499755859375 187.07730102539062 194 1235.230224609375 211.46440124511719 536 774.79315185546875 252.05926513671875 1290 774.79315185546875 252.05926513671875 1289 1227.29541015625 259.04364013671875 1128 283.86981201171875 323.11676025390625 1071 998.90020751953125 361.56765747070312 62 998.90020751953125 361.56765747070312 63 861.30364990234375 40.031990051269531 364 474.21945190429688 61.740715026855469 -1 928.2899169921875 60.259952545166016 -1 669.028564453125 168.64569091796875 -1 1247.207275390625 174.45553588867188 1162 1228.55322265625 260.32687377929688 -1 833.34381103515625 303.5963134765625 373 299.21865844726562 336.2620849609375 -1 299.21865844726562 336.2620849609375 1163 232.53843688964844 359.43673706054688 1164 826.4593505859375 378.58444213867188 1079 1070.205078125 509.82330322265625 614 862.0289306640625 648.88555908203125 615 725.668701171875 656.67559814453125 519 770.1033935546875 667.59442138671875 -1 770.1033935546875 667.59442138671875 -1 1037.8739013671875 15.872610092163086 -1 995.9249267578125 41.790592193603516 1078 849.3345947265625 223.06385803222656 1139 535.8553466796875 412.84661865234375 584 792.09197998046875 649.53155517578125 -1 898.622802734375 45.147476196289062 616 799.37457275390625 74.968070983886719 74 1243.6922607421875 114.9808349609375 -1 1226.318603515625 235.54318237304688 913 1226.318603515625 235.54318237304688 1133 762.57232666015625 264.80862426757812 -1 762.57232666015625 264.80862426757812 661 256.036865234375 369.42236328125 1137 377.80096435546875 386.39089965820312 660 322.04095458984375 439.04644775390625 1135 322.04095458984375 439.04644775390625 1136 272.30517578125 495.5548095703125 1081 1046.51953125 524.04510498046875 667 1041.5703125 595.7520751953125 1082 1041.5703125 595.7520751953125 1083 1007.5200805664062 612.3072509765625 1084
208 0.99703587935397286 0.0091412961816949648 0.069230339625902776 0.032296316512117007 -2.5984397099365464 -0.73101216628264709 4.8534595973571957 209 moving_frame_0208.png
707.500244140625 48.564281463623047 -1 303.5076904296875 59.668659210205078 -1 318.53042602539062 60.038818359375 -1 1219.06201171875 60.417621612548828 1287 1224.2322998046875 60.370609283447266 -1 1211.6302490234375 62.839405059814453 -1 1218.1719970703125 77.964126586914062 -1 683.42803955078125 90.379966735839844 -1 683.44708251953125 105.55690765380859 -1 162.31805419921875 212.88934326171875 -1 130.96980285644531 238.996337890625 -1 124.99627685546875 243.95085144042969 -1 119.69718170166016 248.1468505859375 -1 121.77359771728516 250.37660217285156 -1 156.69755554199219 251.07194519042969 -1 150.88053894042969 256.03359985351562 -1 134.20903015136719 273.85003662109375 -1 210.296142578125 340.41561889648438 -1 156.21795654296875 361.11676025390625 -1 146.57089233398438 420.8712158203125 -1 140.21966552734375 429.75970458984375 -1 323.35202026367188 45.122173309326172 -1 1167.704833984375 74.446640014648438 -1 1167.704833984375 74.446640014648438 -1 685.67596435546875 75.317283630371094 -1 475.37637329101562 79.729400634765625 -1 1198.57275390625 97.537757873535156 1143 1206.8360595703125 97.518081665039062 -1 605.4759521484375 163.02679443359375 -1 587.879150390625 176.38127136230469 -1 602.0157470703125 176.55963134765625 -1 134.15817260742188 241.00083923339844 -1 132.62736511230469 271.05758666992188 -1 126.81210327148438 276.03829956054688 -1 160.9989013671875 356.60617065429688 -1 113.17736053466797 462.5228271484375 -1 717.3057861328125 591.4400634765625 -1 720.4915771484375 601.57635498046875 -1 698.4681396484375 38.597930908203125 -1 297.12899780273438 42.255878448486328 -1 297.12899780273438 42.255878448486328 -1 316.45626831054688 42.118827819824219 -1 305.49929809570312 45.403427124023438 -1 305.49929809570312 45.403427124023438 1183 317.3837890625 48.643199920654297 -1 647.6929931640625 49.185356140136719 1172 1199.322509765625 72.605560302734375 -1 1156.5845947265625 75.548004150390625 1147 1199.7816162109375 107.68766021728516 -1 622.44195556640625 164.28056335449219 9 965.4212646484375 498.22787475585938 1150 965.4212646484375 498.22787475585938 1151 716.80133056640625 587.983642578125 -1 705.3751220703125 594.3790283203125 -1 710.13494873046875 598.2303466796875 -1 301.43988037109375 31.483709335327148 -1 303.54278564453125 38.678623199462891 -1 666.82659912109375 49.853042602539062 28 454.84585571289062 63.9017333984375 -1 720.55657958984375 86.950576782226562 151 419.2109375 88.140151977539062 -1 1214.8370361328125 98.454978942871094 -1 575.766845703125 158.9244384765625 898 575.766845703125 158.9244384765625 546 591.707763671875 158.81953430175781 1288 601.09124755859375 158.52001953125 -1 610.0078125 158.47994995117188 908 620.937744140625 158.37071228027344 7 48.976615905761719 312.19869995117188 -1 949.28875732421875 498.32510375976562 1117 675.8336181640625 587.4512939453125 -1 716.9053955078125 587.86517333984375 -1 665.84539794921875 39.137546539306641 1166 299.43771362304688 49.463527679443359 -1 698.58929443359375 50.649032592773438 601 629.269775390625 54.376209259033203 495 690.163818359375 54.486278533935547 1061 1158.1893310546875 70.340446472167969 -1 307.29150390625 71.7060546875 -1 1188.2349853515625 82.189804077148438 1154 1194.890380859375 88.753265380859375 1109 731.96148681640625 104.27302551269531 502 712.347900390625 110.66433715820312 322 712.347900390625 110.66433715820312 323 707.022705078125 116.40298461914062 1182 631.98193359375 161.7630615234375 -1 726.65875244140625 197.78669738769531 1036 893.674072265625 280.98052978515625 1038 109.45127105712891 288.8353271484375 -1 405.9783935546875 305.4677734375 -1 49.585319519042969 311.98516845703125 -1 282.23898315429688 311.49435424804688 -1 68.637138366699219 322.80392456054688 -1 950.72454833984375 486.09304809570312 1086 943.218994140625 492.93283081054688 639 901.34698486328125 521.2969970703125 -1 901.34698486328125 521.2969970703125 -1 856.03558349609375 523.5263671875 -1 1263.25439453125 562.647216796875 -1 1263.25439453125 562.647216796875 -1 676.97137451171875 593.34197998046875 -1 727.81109619140625 597.5203857421875 -1 695.18359375 5.8840503692626953 -1 666.7135009765625 9.591679573059082 -1 648.98944091796875 10.580080986022949 -1 648.88958740234375 21.129070281982422 -1 666.79254150390625 21.460933685302734 -1 707.51385498046875 36.944507598876953 642 648.14532470703125 38.432769775390625 474 692.38348388671875 38.816944122314453 1171 684.23187255859375 46.06524658203125 -1 1183.57763671875 52.660640716552734 -1 638.14581298828125 53.552001953125 686 677.30499267578125 54.287631988525391 1170 309.05303955078125 55.485172271728516 -1 602.4827880859375 60.750114440917969 353 682.47113037109375 101.76959228515625 50 682.47113037109375 101.76959228515625 1065 757.7216796875 133.29342651367188 1181 737.96893310546875 135.86434936523438 1155 757.4794921875 142.60893249511719 595 720.6759033203125 192.20925903320312 -1 714.47320556640625 199.00434875488281 413 203.111083984375 315.68099975585938 -1 48.98956298828125 338.0052490234375 -1 933.72186279296875 478.8297119140625 1167 688.4654541015625 596.67230224609375 -1 657.47821044921875 29.212778091430664 493 1174.1156005859375 46.981643676757812 1159 657.67449951171875 54.518558502197266 644 581.1500244140625 62.512577056884766 -1 760.44183349609375 77.857612609863281 1062 1157.8983154296875 78.761337280273438 -1 682.753173828125 86.310684204101562 1063 1175.620361328125 86.410812377929688 482 729.554443359375 93.125663757324219 -1 758.820068359375 95.781951904296875 1064 717.49896240234375 101.54619598388672 666 746.37872314453125 103.58701324462891 608 626.51776123046875 178.75006103515625 -1 203.29287719726562 315.96328735351562 -1 65.470512390136719 324.052001953125 -1 699.7418212890625 602.3577880859375 -1 719.0950927734375 11.255644798278809 -1 826.85845947265625 12.450762748718262 -1 854.09259033203125 12.795812606811523 -1 675.57525634765625 31.521913528442383 -1 719.15509033203125 64.405715942382812 305 746.12994384765625 64.674697875976562 656 1182.55615234375 64.653915405273438 -1 689.06109619140625 68.229164123535156 436 1216.151123046875 86.639663696289062 617 600.35626220703125 144.19291687011719 1184 618.3260498046875 166.76399230957031 1138 602.8143310546875 189.43461608886719 1161 104.79794311523438 303.61557006835938 -1 931.96209716796875 455.45950317382812 1124 968.09765625 471.62435913085938 609 965.33355712890625 508.22958374023438 653 902.43231201171875 567.122802734375 -1 862.08819580078125 28.228168487548828 -1 827.1778564453125 36.387027740478516 59 1199.2608642578125 52.305473327636719 1165 1224.1087646484375 52.869773864746094 910 1206.8048095703125 71.527107238769531 -1 474.75973510742188 71.986114501953125 -1 729.384765625 78.746444702148438 -1 746.50347900390625 86.447006225585938 1176 1181.5029296875 99.084312438964844 -1 243.07920837402344 190.92538452148438 -1 182.31123352050781 193.09925842285156 -1 903.3070068359375 275.32171630859375 62 903.3070068359375 275.32171630859375 63 925.58319091796875 508.88775634765625 -1 1209.11669921875 34.915084838867188 -1 291.1966552734375 38.798561096191406 -1 537.1171875 60.608333587646484 -1 1205.996337890625 72.453384399414062 1162 705.27044677734375 83.024467468261719 355 1234.985595703125 111.032958984375 1178 1186.4866943359375 117.62368774414062 536 714.43402099609375 286.773681640625 -1 27.520177841186523 312.80203247070312 -1 947.4107666015625 416.62228393554688 -1 981.08001708984375 434.86837768554688 614 768.0423583984375 588.35455322265625 -1 627.8427734375 604.94866943359375 -1 673.69805908203125 616.01470947265625 -1 1242.2550048828125 152.07826232910156 -1 718.11187744140625 208.44595336914062 373 113.09013366699219 273.64584350585938 -1 113.09013366699219 273.64584350585938 -1 40.950946807861328 363.53350830078125 -1 83.519500732421875 521.9774169921875 -1 1241.36474609375 64.156227111816406 -1 1232.9775390625 91.568321228027344 -1 732.77545166015625 119.76790618896484 1139 1162.4698486328125 141.1829833984375 -1 1162.4698486328125 141.1829833984375 1133 142.03114318847656 218.04510498046875 -1 82.196609497070312 262.1568603515625 -1 59.044876098632812 318.09112548828125 -1 59.044876098632812 318.09112548828125 -1 97.269905090332031 322.18893432617188 -1 114.68750762939453 389.28375244140625 -1 955.42620849609375 447.98138427734375 667 951.24176025390625 522.23602294921875 1082 951.24176025390625 522.23602294921875 1083
207 0.99833329302075979 0.0021880737593964255 0.049041434047858143 0.03034445791374368 -1.6462966762303315 -0.75065576329067574 6.3902058013946235 208 moving_frame_0207.png
692.6986083984375 9.0378866195678711 -1 363.44601440429688 81.008316040039062 -1 380.4151611328125 81.011734008789062 -1 1230.5048828125 81.012557983398438 -1 1238.3126220703125 81.042587280273438 -1 358.02450561523438 83.073265075683594 -1 749.55499267578125 85.738044738769531 -1 1227.52197265625 94.910530090332031 1287 1235.1905517578125 95.083480834960938 -1 1212.0853271484375 107.37451934814453 -1 1231.3798828125 113.53401184082031 -1 1208.6396484375 129.64013671875 1143 648.58282470703125 204.99430847167969 -1 257.57452392578125 213.86564636230469 -1 292.42391967773438 214.11065673828125 -1 240.67654418945312 223.08753967285156 1030 199.089111328125 260.02499389648438 -1 194.89518737792969 293.01934814453125 -1 189.31597900390625 297.57089233398438 -1 176.35731506347656 311.79318237304688 -1 6.9788575172424316 421.9833984375 -1 2.7994081974029541 423.99264526367188 -1 8.7504425048828125 428.93753051757812 -1 5.9152116775512695 644.9765625 -1 10.875657081604004 650.9442138671875 -1 374.86593627929688 83.616653442382812 -1 658.62603759765625 106.96439361572266 596 1223.4422607421875 113.54949188232422 -1 1228.404296875 126.42079925537109 -1 622.5003662109375 197.20681762695312 -1 669.0927734375 205.85084533691406 -1 291.7799072265625 214.36058044433594 -1 198.04344177246094 257.51614379882812 -1 183.86167907714844 268.67007446289062 -1 201.2874755859375 287.46383666992188 -1 203.06925964355469 290.32183837890625 -1 196.74028015136719 295.49874877929688 -1 174.3126220703125 309.32913208007812 -1 118.34040832519531 353.97933959960938 -1 222.03153991699219 368.16116333007812 -1 12.522193908691406 426.45013427734375 -1 149.95693969726562 498.99749755859375 -1 750.5426025390625 618.47314453125 -1 690.61285400390625 86.08477783203125 1172 1213.9410400390625 94.728034973144531 -1 747.63739013671875 95.855796813964844 -1 747.63739013671875 95.855796813964844 -1 471.669189453125 121.57276916503906 -1 471.669189453125 121.57276916503906 -1 1209.8883056640625 139.24786376953125 -1 1216.530029296875 139.86097717285156 -1 291.46536254882812 185.98927307128906 -1 663.11346435546875 190.10296630859375 7 643.3699951171875 202.46356201171875 152 225.32415771484375 239.4091796875 1099 147.56990051269531 297.5465087890625 -1 145.60577392578125 460.85797119140625 -1 734.62689208984375 611.01141357421875 -1 740.23223876953125 614.99371337890625 -1 1169.5902099609375 109.74162292480469 1147 1211.5404052734375 110.5489501953125 -1 760.09735107421875 121.74299621582031 151 765.009765625 136.29214477539062 -1 617.78289794921875 190.72499084472656 -1 617.78289794921875 190.72499084472656 546 632.75433349609375 190.85398864746094 1288 642.687255859375 190.70233154296875 -1 652.05859375 190.61880493164062 908 663.67620849609375 195.83619689941406 9 638.38336181640625 196.73454284667969 8 922.87982177734375 307.95474243164062 1038 143.12998962402344 333.80056762695312 -1 992.72271728515625 521.23956298828125 1150 992.72271728515625 521.23956298828125 1151 706.0189208984375 604.47149658203125 -1 706.94268798828125 610.05767822265625 -1 734.363037109375 610.56988525390625 -1 757.23095703125 614.59759521484375 -1 693.46807861328125 10.64954948425293 148 726.84893798828125 67.526924133300781 -1 707.90966796875 75.962600708007812 1166 374.65249633789062 84.617027282714844 -1 725.92138671875 86.260208129882812 30 708.7264404296875 87.601188659667969 28 366.84375 90.577705383300781 -1 719.44598388671875 90.82989501953125 1170 732.17449951171875 90.181892395019531 1061 1200.542236328125 115.48823547363281 1154 1208.919677734375 121.32289886474609 1109 1226.7716064453125 131.39445495605469 -1 771.5419921875 140.52674865722656 502 751.80401611328125 145.29786682128906 322 751.80401611328125 145.29786682128906 323 794.0394287109375 174.85447692871094 -1 794.1663818359375 174.89190673828125 -1 648.72589111328125 211.25733947753906 551 763.81561279296875 229.78880310058594 1036 144.27668762207031 307.18603515625 -1 262.34011840820312 332.89324951171875 1110 961.3253173828125 502.4912109375 1167 970.4417724609375 516.10455322265625 639 976.830322265625 521.88067626953125 1117 931.53094482421875 546.42266845703125 1041 931.53094482421875 546.42266845703125 1042 710.81982421875 10.54939079284668 -1 779.488525390625 23.176975250244141 605 864.3656005859375 29.586383819580078 1053 692.050048828125 50.790081024169922 -1 709.03643798828125 51.0579833984375 1044 727.98931884765625 55.201412200927734 -1 734.270263671875 72.718315124511719 1171 749.64752197265625 73.062545776367188 642 691.20489501953125 74.876815795898438 -1 357.47003173828125 84.588081359863281 -1 740.7100830078125 87.452354431152344 601 1196.2615966796875 87.411430358886719 -1 633.705810546875 89.499679565429688 494 680.98101806640625 89.560226440429688 686 1171.54296875 102.02993011474609 1119 1169.8963623046875 111.68590545654297 -1 723.85736083984375 121.86695861816406 1063 722.597900390625 136.33393859863281 50 796.66973876953125 167.09378051757812 1181 776.8953857421875 169.321044921875 1155 758.390869140625 223.98565673828125 -1 752.233642578125 230.88714599609375 413 119.73197174072266 351.04400634765625 -1 978.23675537109375 508.92904663085938 1086 718.2451171875 613.297607421875 -1 333.89752197265625 7.627387523651123 -1 750.83880615234375 16.119941711425781 1067 789.92535400390625 16.399799346923828 -1 874.25677490234375 20.780572891235352 -1 701.4111328125 24.388189315795898 320 739.6796875 24.194091796875 -1 855.06854248046875 38.751853942871094 1118 873.430908203125 39.471805572509766 1068 862.9676513671875 50.710365295410156 385 886.15496826171875 50.48162841796875 1069 728.144775390625 55.195304870605469 -1 370.65780639648438 56.328296661376953 -1 360.19210815429688 62.020641326904297 -1 700.3582763671875 62.598705291748047 493 691.406005859375 74.328353881835938 -1 357.05606079101562 84.358955383300781 -1 644.89697265625 98.856948852539062 353 1181.673828125 107.42733001708984 1120 1170.5191650390625 111.96017456054688 -1 799.07391357421875 114.77480316162109 1062 1188.9052734375 120.08727264404297 482 798.19677734375 132.62246704101562 1064 756.69793701171875 136.7166748046875 666 786.21881103515625 138.80107116699219 608 299.85751342773438 217.92802429199219 1045 996.099609375 495.114990234375 609 957.91815185546875 591.5155029296875 1122 348.74285888671875 14.243129730224609 -1 338.488037109375 26.665885925292969 -1 354.71966552734375 38.459087371826172 -1 748.79473876953125 44.309425354003906 1158 717.9652099609375 62.586391448974609 612 862.92724609375 73.115547180175781 59 899.752197265625 79.433914184570312 -1 1186.64501953125 82.655120849609375 1159 1195.88037109375 99.694320678710938 -1 759.0355224609375 101.49627685546875 305 1227.2373046875 119.52629089355469 617 1182.8165283203125 131.93267822265625 540 642.59619140625 176.50932312011719 1184 659.272216796875 198.5836181640625 1138 643.46441650390625 220.31532287597656 1161 959.874267578125 479.70782470703125 1124 992.55487060546875 531.0245361328125 653 367.40707397460938 26.288246154785156 -1 1210.3876953125 87.088851928710938 1165 1233.78662109375 87.676750183105469 910 786.44451904296875 102.74452209472656 656 524.4869384765625 106.79857635498047 348 768.45269775390625 115.87387847900391 194 744.9903564453125 118.87144470214844 355 785.7471923828125 123.89765930175781 1176 1194.9295654296875 131.2506103515625 -1 246.13047790527344 216.12361145019531 613 933.07318115234375 303.49258422851562 62 933.07318115234375 303.49258422851562 63 953.42987060546875 532.7242431640625 654 581.70098876953125 96.632110595703125 -1 1213.701171875 108.05471038818359 1162 1198.323974609375 148.68685913085938 536 1186.2442626953125 200.66249084472656 1128 692.353515625 221.96025085449219 -1 452.17172241210938 365.96636962890625 -1 111.81980133056641 373.8763427734375 1126 974.9134521484375 440.67242431640625 -1 1006.569091796875 457.35140991210938 614 797.23748779296875 606.86676025390625 -1 658.75421142578125 619.8848876953125 -1 1250.592041015625 97.50335693359375 -1 1250.592041015625 97.50335693359375 -1 755.8729248046875 239.79005432128906 373 154.15950012207031 280.00704956054688 -1 179.35908508300781 291.61062622070312 1163 748.06231689453125 314.80084228515625 1079 100.14059448242188 324.9986572265625 1164 164.84169006347656 333.82302856445312 1129 110.63565063476562 376.53524780273438 -1 178.6273193359375 400.78970336914062 -1 1243.6141357421875 122.49038696289062 -1 771.19488525390625 154.49026489257812 1139 1180.966552734375 172.80532836914062 -1 1180.966552734375 172.80532836914062 1133 684.62152099609375 199.92787170410156 661 684.62152099609375 199.92787170410156 661 209.01889038085938 407.56417846679688 1135 209.01889038085938 407.56417846679688 1136 983.09185791015625 471.91671752929688 667 978.42083740234375 545.15350341796875 1082 978.42083740234375 545.15350341796875 1083
206 0.99755481679779667 0.0047125517849748323 0.061126221065382257 0.033552413288082082 -1.4486113701649106 -0.56991623674842373 4.8274382787873771 207 moving_frame_0206.png
770.6094970703125 11.619091033935547 -1 755.760498046875 11.756172180175781 1090 761.51568603515625 11.738000869750977 -1 754.42669677734375 16.294841766357422 -1 418.52072143554688 115.92315673828125 1183 434.42880249023438 115.96681976318359 1091 1223.4732666015625 162.00245666503906 1143 1243.1351318359375 161.75315856933594 -1 349.7601318359375 211.5714111328125 -1 679.50323486328125 235.90034484863281 -1 299.67282104492188 248.08590698242188 1030 213.02684020996094 352.04159545898438 -1 205.8116455078125 354.0767822265625 -1 198.02232360839844 364.04342651367188 -1 283.82028198242188 421.92828369140625 -1 717.93267822265625 3.0394315719604492 -1 759.27020263671875 9.1483316421508789 -1 763.904052734375 9.1186952590942383 -1 767.77294921875 9.1327886581420898 -1 758.37725830078125 118.35102844238281 -1 416.39212036132812 128.91947937011719 -1 416.39212036132812 128.91947937011719 -1 1229.2412109375 131.57192993164062 -1 700.56536865234375 142.87770080566406 596 1227.513671875 143.93902587890625 -1 684.62677001953125 239.28889465332031 -1 700.381103515625 239.30419921875 -1 704.71630859375 239.3726806640625 -1 260.44479370117188 311.16696166992188 -1 214.04188537597656 319.15594482421875 -1 206.17250061035156 321.46160888671875 -1 208.2386474609375 324.12628173828125 -1 199.77214050292969 330.6556396484375 -1 191.69493103027344 333.11837768554688 -1 183.23661804199219 339.4598388671875 1095 185.08670043945312 342.23397827148438 -1 218.27232360839844 342.54269409179688 -1 252.08441162109375 415.63665771484375 -1 249.04411315917969 422.1573486328125 -1 277.45352172851562 428.90994262695312 -1 208.09819030761719 511.18081665039062 -1 768.91717529296875 622.44805908203125 -1 429.465576171875 119.04573822021484 -1 429.465576171875 119.04573822021484 -1 420.86273193359375 126.03780364990234 -1 1242.1571044921875 128.401611328125 1287 766.2294921875 131.46803283691406 -1 729.21051025390625 142.68446350097656 -1 521.074951171875 154.4439697265625 -1 689.5318603515625 226.89442443847656 624 704.53192138671875 227.77876281738281 9 669.795166015625 238.87461853027344 -1 285.93017578125 262.85128784179688 1099 242.92337036132812 296.698486328125 -1 197.7213134765625 327.6939697265625 -1 211.38031005859375 348.88980102539062 1101 206.77398681640625 357.70840454101562 -1 196.48945617675781 360.966796875 -1 191.71925354003906 369.72030639648438 1103 1013.1658325195312 540.11871337890625 -1 1013.1658325195312 540.11871337890625 -1 919.5196533203125 574.57159423828125 -1 766.09161376953125 630.252685546875 -1 772.38848876953125 634.0233154296875 1085 566.70941162109375 4.7470889091491699 -1 770.34014892578125 49.576915740966797 1035 775.13031005859375 59.317531585693359 -1 428.28768920898438 111.83547210693359 -1 750.13812255859375 113.14446258544922 1166 768.9296875 112.92598724365234 -1 429.14764404296875 119.86571502685547 -1 767.50848388671875 122.08448028564453 30 420.97698974609375 125.92376708984375 -1 1227.9212646484375 132.92843627929688 -1 800.07135009765625 157.29130554199219 151 724.44549560546875 214.74014282226562 534 673.84423828125 222.55047607421875 1288 684.2562255859375 222.56149291992188 -1 693.91595458984375 222.46150207519531 908 704.09075927734375 222.40653991699219 7 689.62127685546875 227.35359191894531 624 663.36767578125 233.11289978027344 1106 674.54803466796875 232.65263366699219 144 684.22607421875 232.82862854003906 152 801.47100830078125 261.48855590820312 1036 180.96853637695312 348.26153564453125 -1 1000.3082275390625 540.5616455078125 639 1013.1398315429688 540.0888671875 -1 1013.1398315429688 540.0888671875 -1 738.06341552734375 623.46533203125 -1 744.31134033203125 44.228599548339844 668 769.38262939453125 105.12137603759766 -1 783.0665283203125 111.16850280761719 -1 732.93719482421875 112.28887939453125 474 1235.3363037109375 116.22262573242188 -1 782.5281982421875 122.46224212646484 601 732.99420166015625 123.61312103271484 38 750.4976806640625 123.48033905029297 28 715.12396240234375 125.7930908203125 495 773.5145263671875 126.76238250732422 1061 760.71429443359375 127.32610321044922 1170 423.117919921875 133.66183471679688 555 1217.7161865234375 148.5380859375 1154 1225.159423828125 154.10418701171875 1109 1230.6036376953125 170.38595581054688 -1 811.14654541015625 174.02474975585938 918 791.24896240234375 179.72262573242188 322 791.24896240234375 179.72262573242188 323 786.8944091796875 185.82412719726562 416 786.8944091796875 185.82412719726562 1182 833.83050537109375 208.70701599121094 595 790.537841796875 262.27215576171875 413 955.22979736328125 337.04495239257812 1038 317.57968139648438 341.48184204101562 1046 319.14703369140625 352.53573608398438 1110 185.63603210449219 368.10079956054688 -1 39.905132293701172 450.76495361328125 -1 16.781732559204102 468.64840698242188 -1 14.443246841430664 478.29385375976562 -1 963.2601318359375 572.510986328125 1041 963.2601318359375 572.510986328125 1042 739.3865966796875 629.4674072265625 -1 748.95989990234375 632.39117431640625 1156 788.574462890625 633.58404541015625 -1 394.61492919921875 5.3306140899658203 -1 796.98199462890625 9.0745105743408203 -1 419.05050659179688 12.61921501159668 -1 385.60980224609375 13.233870506286621 -1 754.4619140625 16.180706024169922 491 822.77447509765625 47.579521179199219 -1 736.62322998046875 51.450736999511719 148 753.0509033203125 51.389762878417969 330 830.9189453125 55.476593017578125 -1 744.1510009765625 61.096652984619141 320 820.285400390625 62.478572845458984 605 901.3720703125 67.674102783203125 1053 752.156005859375 68.781059265136719 -1 735.12115478515625 69.706466674804688 -1 751.95416259765625 77.37030029296875 -1 425.48681640625 87.086875915527344 -1 414.72927856445312 93.7686767578125 -1 751.1156005859375 96.814208984375 -1 426.60586547851562 99.979400634765625 -1 792.06158447265625 99.504615783691406 -1 407.1890869140625 100.53842926025391 -1 417.53515625 106.88092041015625 -1 791.4674072265625 112.36394500732422 642 677.1400146484375 124.70003509521484 494 742.02001953125 128.95562744140625 644 687.6025390625 131.80194091796875 353 1206.388671875 153.30433654785156 -1 764.79644775390625 156.64976501464844 1063 838.0655517578125 164.03778076171875 1064 1242.84423828125 164.94760131835938 -1 763.61358642578125 170.89012145996094 50 763.61358642578125 170.89012145996094 1065 836.0147705078125 200.80186462402344 1181 816.8450927734375 203.44319152832031 1155 212.60816955566406 322.99911499023438 -1 1008.2081909179688 534.02215576171875 1086 1007.0052490234375 547.349365234375 1117 990.6051025390625 617.77880859375 -1 796.37200927734375 8.4434814453125 -1 827.64031982421875 25.110815048217773 45 854.1533203125 24.964515686035156 906 387.77593994140625 26.056892395019531 -1 794.8160400390625 36.527267456054688 1051 390.39328002929688 38.659320831298828 -1 822.59490966796875 47.582237243652344 -1 792.7578125 56.58978271484375 1067 762.0118408203125 61.035694122314453 394 780.5413818359375 66.028144836425781 -1 891.14892578125 76.799484252929688 498 891.14892578125 76.799484252929688 1118 909.1005859375 77.037216186523438 1068 403.8250732421875 87.649276733398438 -1 742.66741943359375 88.020011901855469 -1 899.41900634765625 87.822982788085938 385 919.39251708984375 87.5194091796875 1069 406.92977905273438 100.39718627929688 -1 732.3638916015625 109.42642974853516 -1 1188.574951171875 134.29966735839844 1119 1214.672607421875 134.94927978515625 -1 1199.6253662109375 140.51638793945312 1120 838.73211669921875 147.28147888183594 1062 1206.1663818359375 152.6046142578125 -1 796.39495849609375 171.51033020019531 666 825.7354736328125 171.83106994628906 608 684.0628662109375 209.18934631347656 1184 355.00802612304688 244.0576171875 1045 685.01898193359375 251.35110473632812 1161 41.829166412353516 457.56326293945312 538 41.829166412353516 457.56326293945312 -1 1026.2825927734375 520.01031494140625 609 989.93597412109375 617.81793212890625 1122 842.9573974609375 14.785088539123535 178 837.2579345703125 40.849357604980469 899 782.437255859375 44.553375244140625 -1 395.94854736328125 64.16131591796875 -1 412.03472900390625 77.933197021484375 -1 760.6795654296875 85.674209594726562 -1 759.43133544921875 107.85391998291016 -1 1203.5281982421875 117.88990783691406 -1 1203.5281982421875 117.88990783691406 1159 826.8905029296875 137.45030212402344 656 798.84527587890625 137.41621398925781 305 1242.8868408203125 152.52445983886719 617 1200.1810302734375 164.29342651367188 540 700.326416015625 230.02427673339844 1138 990.11651611328125 505.10128784179688 1124 1022.9989624023438 556.184326171875 653 962.94842529296875 617.85784912109375 1076 784.945068359375 20.522918701171875 164 811.1580810546875 19.591527938842773 179 402.3206787109375 31.04377555847168 -1 423.6544189453125 64.193046569824219 -1 926.1710205078125 101.29051208496094 -1 899.53436279296875 109.86745452880859 59 408.4561767578125 116.96755218505859 -1 1226.1871337890625 121.72475433349609 1165 1247.9117431640625 121.80961608886719 910 570.82635498046875 141.78994750976562 348 807.844482421875 151.65016174316406 194 1260.9151611328125 174.42866516113281 1178 1214.4862060546875 179.94935607910156 536 733.9541015625 219.16551208496094 1290 733.9541015625 219.16551208496094 1289 305.167724609375 240.98345947265625 613 964.9144287109375 331.74618530273438 62 964.9144287109375 331.74618530273438 63 177.62765502929688 389.13848876953125 1126 983.60321044921875 557.4803466796875 654 420.62911987304688 20.737176895141602 -1 626.35772705078125 132.42045593261719 -1 1227.505859375 141.68045043945312 -1 731.8065185546875 219.96292114257812 -1 731.8065185546875 219.96292114257812 -1 1204.6202392578125 229.64093017578125 1128 794.7921142578125 271.669677734375 373 221.30148315429688 300.14358520507812 1071 168.12208557128906 340.79019165039062 1164 228.69198608398438 349.23117065429688 1129 176.49148559570312 391.53955078125 -1 418.03884887695312 390.58517456054688 -1 1037.63427734375 483.3734130859375 614 828.55743408203125 626.89288330078125 615 691.30621337890625 637.14404296875 -1 735.15338134765625 646.671630859375 577 735.15338134765625 646.671630859375 658 240.42869567871094 314.07321166992188 -1 240.42869567871094 314.07321166992188 1163 962.5517578125 622.51312255859375 -1 756.32708740234375 35.077213287353516 74 810.1092529296875 188.62869262695312 1139 1202.5203857421875 204.42012023925781 913 1202.5203857421875 204.42012023925781 1133 722.53692626953125 230.12744140625 -1 722.53692626953125 230.12744140625 661 194.83232116699219 349.536865234375 582 194.83232116699219 349.536865234375 1137 324.7225341796875 366.78118896484375 660 265.9678955078125 423.288330078125 1135 265.9678955078125 423.288330078125 1136 1013.5185546875 497.30242919921875 667 1008.568603515625 569.62640380859375 1082 1008.568603515625 569.62640380859375 1083
205 0.99656443564899033 0.01182094054978669 0.073537776979759897 0.036218590820224855 -1.24211754946508 -0.29476022690619552 1.9560880532665308 205 moving_frame_0204.png
794.68670654296875 51.273841857910156 1090 488.45001220703125 149.00932312011719 1091 1207.7720947265625 160.57958984375 -1 1205.4942626953125 172.17533874511719 -1 833.48004150390625 200.10760498046875 -1 718.564697265625 254.97276306152344 1029 362.74066162109375 269.1025390625 1030 271.90032958984375 370.034912109375 -1 269.68600463867188 477.369140625 -1 810.51129150390625 40.056015014648438 -1 1193.005615234375 145.03141784667969 -1 822.58819580078125 147.19003295898438 620 1223.199462890625 169.04476928710938 -1 1220.3623046875 172.13740539550781 -1 1202.5084228515625 174.96583557128906 -1 1222.9453125 175.00602722167969 -1 1237.059814453125 175.14375305175781 1031 834.54327392578125 180.92974853515625 621 1220.617431640625 186.20149230957031 -1 762.74920654296875 244.523681640625 534 777.06341552734375 244.64830017089844 -1 289.9219970703125 328.37948608398438 -1 303.4735107421875 436.75164794921875 -1 275.34783935546875 469.16534423828125 -1 798.74798583984375 626.7052001953125 478 809.22955322265625 631.6326904296875 622 777.10009765625 632.03765869140625 -1 453.52566528320312 37.30413818359375 901 453.52566528320312 37.30413818359375 1 810.58929443359375 102.65081787109375 -1 467.42440795898438 145.28724670410156 -1 467.42440795898438 145.28724670410156 -1 473.69760131835938 148.78460693359375 -1 1225.1832275390625 157.99081420898438 -1 595.6746826171875 168.66073608398438 -1 1204.9208984375 182.72291564941406 -1 1218.1729736328125 182.467041015625 -1 1195.1533203125 182.93727111816406 482 869.02044677734375 238.29571533203125 -1 869.02044677734375 238.29571533203125 595 744.04791259765625 251.19560241699219 7 698.78607177734375 251.359130859375 898 729.72003173828125 255.62698364257812 624 744.81243896484375 256.3897705078125 9 277.90426635742188 338.036865234375 -1 268.30905151367188 345.58712768554688 1088 262.19842529296875 382.3516845703125 -1 297.59176635742188 444.3863525390625 -1 290.70452880859375 452.55667114257812 -1 283.68136596679688 460.57492065429688 -1 802.19488525390625 637.11431884765625 -1 802.19488525390625 637.11431884765625 1085 615.680908203125 35.4307861328125 907 615.67279052734375 44.571937561035156 895 836.533935546875 50.318637847900391 -1 811.26678466796875 87.157493591308594 1035 807.141845703125 156.45440673828125 30 845.77862548828125 166.61572265625 629 804.26544189453125 167.07321166992188 -1 836.0740966796875 190.02407836914062 151 713.5872802734375 251.530517578125 1288 734.16259765625 251.39657592773438 908 743.9420166015625 251.23320007324219 7 713.56842041015625 261.64517211914062 144 835.535400390625 289.58895874023438 1036 267.20745849609375 341.35159301757812 -1 978.17889404296875 357.521728515625 1038 259.42169189453125 378.40435791015625 1089 75.927650451660156 494.2894287109375 1040 275.02737426757812 510.73532104492188 -1 989.56195068359375 586.41363525390625 1041 989.56195068359375 586.41363525390625 1042 768.65899658203125 631.986083984375 664 777.5301513671875 636.303955078125 599 812.0675048828125 34.866428375244141 634 843.62054443359375 41.270786285400391 379 758.51580810546875 44.8056640625 1043 454.61196899414062 45.397830963134766 533 794.8297119140625 53.416603088378906 491 784.4517822265625 97.716072082519531 320 792.199951171875 102.70897674560547 -1 810.68310546875 122.64326477050781 -1 790.66497802734375 123.95088958740234 1044 808.7965087890625 142.33540344238281 -1 466.15994262695312 143.67222595214844 -1 789.21380615234375 145.51986694335938 1166 773.4793701171875 146.24778747558594 474 483.006103515625 153.45179748535156 -1 772.92071533203125 158.41072082519531 38 789.7589111328125 158.35981750488281 28 755.26190185546875 159.87400817871094 495 798.44580078125 162.30740356445312 598 1181.9561767578125 165.92451477050781 -1 477.80178833007812 166.17405700683594 555 847.66265869140625 207.09529113769531 918 826.47552490234375 211.1416015625 322 826.47552490234375 211.1416015625 323 823.38165283203125 217.50401306152344 416 823.38165283203125 217.50401306152344 1182 723.95465087890625 262.04669189453125 152 411.53121948242188 267.24423217773438 1045 825.6829833984375 290.51968383789062 413 379.6717529296875 356.37872314453125 1046 280.60818481445312 361.51239013671875 1101 380.896484375 366.81732177734375 1110 59.679367065429688 507.79345703125 -1 1025.731689453125 544.7899169921875 1086 1018.2884521484375 550.77386474609375 639 10.655259132385254 553.35540771484375 -1 793.32415771484375 631.9459228515625 -1 761.10882568359375 30.685508728027344 23 761.10882568359375 30.685508728027344 146 836.15826416015625 49.553207397460938 490 444.43621826171875 52.542331695556641 894 444.43621826171875 52.542331695556641 -1 476.18365478515625 52.281883239746094 191 834.83111572265625 64.807861328125 603 793.3343505859375 70.901969909667969 414 792.37322998046875 88.732414245605469 330 776.73187255859375 89.119415283203125 148 930.8897705078125 104.15585327148438 1053 783.35076904296875 108.33720397949219 -1 832.3697509765625 115.64073181152344 -1 819.163330078125 116.89263153076172 -1 783.356201171875 118.82277679443359 1141 853.4759521484375 120.79707336425781 -1 480.69400024414062 125.87895202636719 -1 782.32208251953125 130.94810485839844 1058 471.67843627929688 132.35009765625 386 831.38134765625 132.8289794921875 -1 816.4241943359375 134.83326721191406 -1 823.30377197265625 140.83924865722656 -1 830.3480224609375 146.99467468261719 642 814.72869873046875 148.34825134277344 607 797.4625244140625 150.08444213867188 665 822.63946533203125 157.89450073242188 601 718.447265625 158.72695922851562 494 763.5799560546875 159.37214660644531 686 812.3489990234375 161.77914428710938 1061 781.38201904296875 164.42509460449219 644 1193.9334716796875 180.41650390625 482 874.46160888671875 184.015380859375 1062 802.89056396484375 189.57704162597656 1063 1233.86376953125 192.16452026367188 -1 821.94708251953125 195.40109252929688 32 873.17730712890625 198.23080444335938 1064 801.92156982421875 202.89543151855469 50 801.92156982421875 202.89543151855469 1065 39.909267425537109 260.83816528320312 -1 718.56298828125 270.72933959960938 1087 729.516845703125 270.66812133789062 551 1020.1423950195312 529.539794921875 1066 761.86962890625 634.236328125 -1 441.88998413085938 28.060380935668945 176 784.65802001953125 61.328384399414062 645 865.36407470703125 64.455032348632812 45 888.51910400390625 64.201431274414062 906 784.1839599609375 79.942855834960938 668 860.24517822265625 89.004325866699219 57 465.14669799804688 94.894821166992188 332 831.622314453125 93.268890380859375 1067 802.1064453125 97.202713012695312 394 479.22900390625 104.70023345947266 334 468.4287109375 113.34130859375 168 921.1719970703125 112.37812042236328 498 921.1719970703125 112.37812042236328 1118 937.45330810546875 112.83659362792969 1068 928.9287109375 123.06333160400391 385 944.41748046875 122.63520812988281 1069 460.53091430664062 124.97907257080078 251 471.86666870117188 132.86112976074219 -1 464.6954345703125 142.06690979003906 -1 834.8028564453125 171.041748046875 305 808.99896240234375 174.0654296875 436 1235.0965576171875 179.25321960449219 617 832.63427734375 204.10246276855469 666 85.989471435546875 223.0537109375 560 294.436279296875 317.06344604492188 1071 298.56942749023438 356.70211791992188 -1 56.651573181152344 500.891357421875 507 1046.3065185546875 530.1334228515625 609 473.93115234375 28.548166275024414 69 924.37481689453125 41.690757751464844 -1 879.53631591796875 54.37939453125 178 824.485107421875 58.838581085205078 164 459.24014282226562 62.931343078613281 475 447.61016845703125 69.932601928710938 450 462.2738037109375 78.161094665527344 441 873.942626953125 79.397445678710938 899 450.62161254882812 85.805633544921875 -1 437.97882080078125 95.164665222167969 1072 454.5810546875 104.00749206542969 193 799.78656005859375 131.63812255859375 612 1217.6728515625 137.18449401855469 897 929.9879150390625 144.02389526367188 59 1207.454833984375 150.89579772949219 1165 1226.140869140625 151.99107360839844 910 781.41448974609375 166.42613220214844 60 1233.476806640625 165.90193176269531 512 1233.476806640625 165.90193176269531 513 726.78167724609375 168.72503662109375 353 619.49285888671875 174.33963012695312 348 843.66656494140625 184.81376647949219 194 1194.641357421875 190.77815246582031 540 1214.260986328125 190.00331115722656 914 773.8248291015625 249.27131652832031 1290 773.8248291015625 249.27131652832031 1289 367.03823852539062 263.8189697265625 613 987.130615234375 352.4080810546875 62 987.130615234375 352.4080810546875 63 146.59793090820312 441.85110473632812 538 1042.7705078125 565.497314453125 653 1004.1265869140625 568.38531494140625 654 787.11102294921875 627.22174072265625 567 986.43963623046875 628.96820068359375 1076 456.29794311523438 42.916355133056641 66 857.51812744140625 42.046340942382812 364 848.909423828125 58.522678375244141 179 828.54010009765625 111.34135437011719 -1 865.9140625 116.56002044677734 535 1213.2535400390625 168.55825805664062 -1 863.3707275390625 172.38551330566406 656 822.35626220703125 187.49252319335938 355 1205.90869140625 204.54202270507812 536 1200.6036376953125 250.56961059570312 1128 73.549766540527344 278.04315185546875 -1 888.6400146484375 15.750285148620605 -1 857.1533203125 40.619026184082031 364 822.7242431640625 187.62188720703125 355 73.202262878417969 278.64837646484375 -1 856.3092041015625 631.58050537109375 615 722.65863037109375 638.10491943359375 519 767.17974853515625 648.69732666015625 577 767.17974853515625 648.69732666015625 -1 1021.4986572265625 17.419824600219727 1077 1021.4986572265625 17.419824600219727 -1 986.121337890625 42.672946929931641 1078 844.71875 220.12033081054688 1139 819.567626953125 370.59970092773438 1079 384.74566650390625 382.92703247070312 660 536.59088134765625 405.3177490234375 584 893.30194091796875 45.890712738037109 616 797.7596435546875 76.847946166992188 74 1219.3951416015625 112.839111328125 579 928.6080322265625 159.22071838378906 589 1200.8128662109375 228.25474548339844 913 1200.8128662109375 228.25474548339844 912 760.09613037109375 261.49691772460938 661 725.8134765625 287.36196899414062 99 281.62353515625 485.00595092773438 1081 1033.10107421875 508.87893676757812 667 1028.1265869140625 578.24993896484375 1082 1028.1265869140625 578.24993896484375 1083 997.035888671875 596.99835205078125 1084 829.0142822265625 638.455078125 -1 829.0142822265625 638.455078125 531
204 0.99666130893771099 0.016911564584080892 0.071219161106347309 0.0361671859728575 -1.1880232745553074 -0.19934164580407507 0.95509547470610312 204 moving_frame_0203.png
444.598876953125 50.931636810302734 -1 790.44366455078125 86.099647521972656 -1 810.9552001953125 147.54739379882812 -1 810.9552001953125 147.54739379882812 -1 490.50479125976562 148.06504821777344 1091 1195.5091552734375 167.18199157714844 -1 1195.5091552734375 167.18199157714844 -1 831.5850830078125 180.03643798828125 621 580.3843994140625 181.27960205078125 -1 314.82614135742188 466.92630004882812 -1 1264.0030517578125 493.52542114257812 -1 1266.015625 502.53424072265625 -1 1268.02099609375 511.54104614257812 -1 1268.02099609375 511.54104614257812 -1 1270.0040283203125 520.61083984375 -1 1271.95263671875 529.71551513671875 -1 1271.95263671875 529.71551513671875 -1 1270.0970458984375 532.32025146484375 -1 1273.757568359375 538.63818359375 -1 1275.750244140625 547.38983154296875 -1 1273.9600830078125 549.85772705078125 -1 456.53176879882812 38.079849243164062 1 480.59857177734375 38.385269165039062 748 480.59857177734375 38.385269165039062 749 806.30670166015625 40.625217437744141 -1 446.21392822265625 41.127857208251953 750 446.21392822265625 41.127857208251953 -1 820.5587158203125 146.26853942871094 -1 820.5587158203125 146.26853942871094 620 1177.2481689453125 169.97581481933594 -1 1210.04052734375 170.1478271484375 1031 1189.7703857421875 177.40594482421875 -1 706.92926025390625 252.50907897949219 815 716.34893798828125 252.48121643066406 8 286.41510009765625 330.94189453125 -1 289.12130737304688 356.55731201171875 -1 307.74935913085938 474.80914306640625 -1 1262.0390625 484.47268676757812 -1 284.28036499023438 501.0367431640625 -1 1021.8136596679688 519.3499755859375 -1 1021.8136596679688 519.3499755859375 -1 804.826171875 614.7347412109375 622 808.04364013671875 37.333492279052734 -1 806.729248046875 145.37605285644531 -1 476.65264892578125 148.10707092285156 150 476.65264892578125 148.10707092285156 -1 1194.06787109375 177.33988952636719 532 1175.2904052734375 180.91781616210938 -1 742.162353515625 248.14225769042969 7 697.6253662109375 248.40242004394531 898 697.6253662109375 248.40242004394531 546 728.55670166015625 252.66862487792969 624 743.0631103515625 253.25767517089844 9 741.87347412109375 258.0411376953125 21 276.59939575195312 339.27325439453125 -1 278.45452880859375 364.44528198242188 -1 1025.102294921875 515.63580322265625 -1 1012.9068603515625 519.27349853515625 -1 1007.6426391601562 522.63250732421875 -1 762.533447265625 610.8470458984375 547 813.53533935546875 620.09112548828125 548 840.59454345703125 41.823307037353516 379 616.6787109375 44.568653106689453 895 803.94842529296875 53.069332122802734 486 807.044677734375 140.01734924316406 -1 807.044677734375 140.01734924316406 -1 1179.55859375 152.47076416015625 -1 804.385498046875 155.24234008789062 -1 804.385498046875 155.24234008789062 30 480.39532470703125 164.84309387207031 555 842.66864013671875 165.55046081542969 629 711.67401123046875 248.51811218261719 1288 733.24237060546875 248.42041015625 908 711.5545654296875 257.692626953125 144 722.62298583984375 257.83502197265625 152 299.42611694335938 322.34326171875 -1 279.35299682617188 369.1904296875 1103 102.68832397460938 473.45614624023438 1040 1030.674072265625 540.52301025390625 1150 1030.674072265625 540.52301025390625 1151 1010.1046752929688 541.14581298828125 -1 1256.2738037109375 561.46807861328125 -1 980.5682373046875 572.28228759765625 1041 980.5682373046875 572.28228759765625 1042 764.43402099609375 615.635498046875 664 759.826416015625 31.178934097290039 23 759.826416015625 31.178934097290039 146 458.1473388671875 45.885967254638672 533 791.4556884765625 71.503273010253906 414 774.6678466796875 88.114402770996094 148 789.413330078125 99.850372314453125 420 810.44940185546875 101.33438110351562 -1 809.39776611328125 111.22719573974609 -1 816.25439453125 116.77972412109375 -1 788.39678955078125 121.0545654296875 1044 808.9136962890625 120.9947509765625 -1 814.97808837890625 125.30449676513672 -1 807.65753173828125 130.13836669921875 -1 821.75506591796875 130.0206298828125 -1 771.827392578125 144.57598876953125 474 471.36709594726562 152.80839538574219 571 485.30770874023438 152.37533569335938 -1 717.36041259765625 157.04560852050781 494 753.31243896484375 157.88812255859375 495 761.24322509765625 157.62986755371094 686 770.98541259765625 157.00685119628906 38 786.97705078125 157.35618591308594 28 795.16607666015625 161.16947937011719 598 779.4818115234375 162.66633605957031 644 1168.0537109375 176.34141540527344 482 1182.366943359375 176.42544555664062 -1 837.49346923828125 182.49278259277344 -1 800.6859130859375 187.92155456542969 31 831.5625 188.25679016113281 151 819.20562744140625 193.55769348144531 32 844.87725830078125 204.22213745117188 502 821.92999267578125 208.16963195800781 322 821.92999267578125 208.16963195800781 323 819.6468505859375 214.80720520019531 416 819.6468505859375 214.80720520019531 1182 864.208740234375 234.92030334472656 595 415.93365478515625 263.01919555664062 1045 821.97772216796875 286.55593872070312 413 304.13906860351562 311.36441040039062 -1 386.64328002929688 349.4739990234375 1046 968.46697998046875 350.70770263671875 1038 387.22723388671875 359.65719604492188 1110 1007.8499755859375 514.87652587890625 1066 1005.0679931640625 535.87725830078125 639 10.655195236206055 553.3553466796875 -1 1001.6397705078125 605.42486572265625 -1 772.2379150390625 618.439697265625 599 756.326416015625 45.634593963623047 1043 834.00897216796875 49.798343658447266 490 792.5062255859375 54.610694885253906 491 883.8472900390625 63.711208343505859 906 857.259033203125 86.966018676757812 57 790.4183349609375 88.277976989746094 330 923.96844482421875 103.50423431396484 1053 929.698486328125 111.58377838134766 -1 935.43377685546875 121.23609924316406 1069 829.3336181640625 123.47151947021484 1059 849.31756591796875 125.66773986816406 -1 780.35595703125 126.90695953369141 -1 780.25 134.99725341796875 493 813.62359619140625 136.04217529296875 -1 787.231201171875 143.43397521972656 1166 793.85479736328125 149.95819091796875 665 820.4483642578125 157.36631774902344 601 1206.973876953125 186.0098876953125 -1 716.6490478515625 266.37359619140625 1087 728.414306640625 266.27691650390625 551 308.14395141601562 349.09738159179688 -1 1034.2825927734375 515.072998046875 609 1004.2211303710938 612.71923828125 1122 757.34698486328125 617.56658935546875 -1 445.060791015625 28.654209136962891 176 798.87677001953125 46.333900451660156 326 448.52117919921875 55.687946319580078 894 781.932373046875 65.298210144042969 645 861.9027099609375 64.822502136230469 45 884.09356689453125 64.42938232421875 906 831.75341796875 67.112983703613281 603 781.64898681640625 80.845428466796875 668 830.028564453125 82.395881652832031 -1 854.22491455078125 98.987663269042969 605 828.85626220703125 101.04751586914062 -1 929.3380126953125 111.57347869873047 1068 921.84918212890625 121.48080444335938 385 856.8914794921875 132.49497985839844 -1 1180.3065185546875 147.63055419921875 1165 1185.6357421875 160.82756042480469 518 1185.6357421875 160.82756042480469 -1 1206.2025146484375 161.453369140625 512 1206.2025146484375 161.453369140625 513 830.8055419921875 169.15362548828125 305 806.22711181640625 172.17434692382812 436 1208.3349609375 173.7884521484375 617 828.48394775390625 201.48635864257812 666 859.15631103515625 203.1116943359375 608 111.0838623046875 216.33473205566406 560 736.9249267578125 254.2205810546875 1138 372.62802124023438 259.82989501953125 613 84.013252258300781 479.850830078125 507 1030.61279296875 549.89581298828125 653 1273.184814453125 554.1097412109375 -1 975.29736328125 612.918212890625 1076 932.67767333984375 49.331600189208984 -1 932.67767333984375 49.331600189208984 -1 875.35150146484375 54.729141235351562 178 821.72454833984375 58.669708251953125 164 845.27105712890625 58.470874786376953 179 463.39556884765625 67.235305786132812 475 870.22314453125 79.098190307617188 899 439.79122924804688 84.737396240234375 -1 813.68646240234375 90.631187438964844 -1 467.9097900390625 91.901077270507812 165 482.28219604492188 102.66152191162109 334 465.05145263671875 132.25740051269531 606 797.0078125 133.47502136230469 612 1190.376708984375 134.09149169921875 346 922.99371337890625 142.30699157714844 59 1198.459716796875 148.20130920410156 910 780.4052734375 166.44493103027344 60 860.0025634765625 170.115966796875 656 1169.0904541015625 185.293212890625 540 1189.3294677734375 184.85214233398438 914 1179.27099609375 198.3060302734375 536 976.57867431640625 344.20208740234375 62 976.57867431640625 344.20208740234375 63 168.67955017089844 425.31924438476562 538 991.9796142578125 553.20721435546875 654 782.79290771484375 610.81414794921875 610 932.66314697265625 14.341015815734863 -1 853.4375 42.676982879638672 364 460.0189208984375 45.229671478271484 66 478.86630249023438 58.681301116943359 -1 456.64315795898438 100.84291076660156 193 862.2039794921875 116.24272918701172 535 819.06982421875 184.68319702148438 355 839.9810791015625 183.97624206542969 194 771.55181884765625 246.55128479003906 1289 261.57907104492188 389.58438110351562 1126 1042.9359130859375 481.87466430664062 614 947.8759765625 567.911376953125 -1 947.8759765625 567.911376953125 -1 849.414794921875 615.481689453125 615 720.1097412109375 621.7855224609375 519 934.32440185546875 17.287919998168945 -1 1009.5582885742188 17.7828369140625 1077 853.05706787109375 41.173397064208984 364 976.99749755859375 43.555465698242188 1078 260.00128173828125 392.91317749023438 -1 1043.5323486328125 481.13015747070312 614 840.444091796875 217.796142578125 1139 390.77056884765625 375.2066650390625 660 538.41851806640625 398.98590087890625 584 60.615791320800781 692.6259765625 -1 60.615791320800781 692.6259765625 -1 937.0169677734375 23.995908737182617 -1 937.0169677734375 23.995908737182617 -1 888.2911376953125 46.763206481933594 616 795.69415283203125 76.186614990234375 74 1193.4156494140625 111.17805480957031 578 1193.4156494140625 111.17805480957031 579 921.30218505859375 154.809326171875 589 1176.1087646484375 221.15164184570312 913 1176.1087646484375 221.15164184570312 912 757.95367431640625 256.8607177734375 661 724.45916748046875 283.2874755859375 99 277.95455932617188 352.22994995117188 582 277.95455932617188 352.22994995117188 1137 292.64373779296875 471.48931884765625 1081 1020.7674560546875 494.552978515625 667 1015.8024291992188 561.95416259765625 1082 1015.8024291992188 561.95416259765625 1083 31.081335067749023 575.42095947265625 -1 987.65277099609375 582.95001220703125 1084 749.86627197265625 621.96722412109375 471 749.86627197265625 621.96722412109375 401 823.1614990234375 622.43414306640625 -1 823.1614990234375 622.43414306640625 531
203 0.99675855883449205 0.022131693877295997 0.068324104312303888 0.03625438299336458 -1.1191691825836649 -0.09818728245308625 0.1392502011196301 203 moving_frame_0202.png
830.60272216796875 51.70703125 -1 485.4632568359375 105.14008331298828 -1 493.01016235351562 146.97981262207031 1091 1169.5484619140625 150.43617248535156 1287 804.2554931640625 159.78619384765625 -1 415.447265625 232.06021118164062 -1 451.30255126953125 232.08479309082031 -1 451.30255126953125 232.08479309082031 -1 751.6563720703125 238.62855529785156 -1 714.47161865234375 258.21658325195312 -1 727.5223388671875 258.2108154296875 -1 741.0302734375 261.1456298828125 -1 308.76553344726562 313.423583984375 -1 1262.02978515625 314.5078125 -1 1262.02978515625 314.5078125 -1 1264.0137939453125 323.54415893554688 -1 1265.0128173828125 328.544921875 -1 1266.0137939453125 333.54562377929688 -1 1268.0107421875 342.50643920898438 -1 1268.0107421875 342.50643920898438 -1 1268.96728515625 347.38519287109375 -1 1268.96728515625 347.38519287109375 -1 1272.7667236328125 366.41708374023438 -1 1272.7667236328125 366.41708374023438 -1 9.5739765167236328 553.91009521484375 -1 972.74237060546875 559.834716796875 -1 800.35125732421875 599.2496337890625 622 446.11599731445312 48.186077117919922 -1 818.50909423828125 145.09288024902344 620 1188.241943359375 150.07623291015625 -1 1154.2646484375 175.94407653808594 -1 1164.5498046875 175.9342041015625 -1 581.828369140625 179.6478271484375 -1 419.75210571289062 232.13185119628906 -1 419.75210571289062 232.13185119628906 -1 862.985595703125 233.03892517089844 -1 862.985595703125 233.03892517089844 595 730.75762939453125 255.37022399902344 -1 362.08612060546875 272.69012451171875 1099 286.42178344726562 330.94369506835938 1088 125.49723052978516 455.42626953125 1040 758.81591796875 595.44036865234375 547 80.869735717773438 691.67169189453125 -1 449.17977905273438 20.041091918945312 -1 483.89785766601562 45.453125 -1 1175.8115234375 135.51658630371094 -1 793.13720703125 160.097900390625 -1 1170.17041015625 172.17207336425781 532 736.9173583984375 173.93803405761719 596 827.2786865234375 177.13429260253906 621 834.44970703125 186.41409301757812 415 740.8565673828125 245.2059326171875 7 695.8468017578125 245.31910705566406 898 741.8189697265625 250.38600158691406 9 741.8189697265625 250.38600158691406 -1 741.0986328125 255.15951538085938 21 710.7208251953125 255.33735656738281 -1 310.2178955078125 313.09164428710938 -1 361.71597290039062 378.383056640625 593 304.62179565429688 436.42938232421875 -1 1225.4788818359375 532.3812255859375 -1 43.179534912109375 551.09881591796875 -1 1264.9248046875 558.22442626953125 -1 759.9913330078125 599.4815673828125 664 794.029296875 604.22137451171875 -1 794.029296875 604.22137451171875 1085 809.2427978515625 604.02703857421875 548 616.67864990234375 36.433006286621094 907 806.65899658203125 37.135303497314453 634 838.1357421875 42.624275207519531 379 616.66119384765625 45.572029113769531 895 447.27987670898438 46.825096130371094 597 447.27987670898438 46.825096130371094 -1 802.4627685546875 53.76025390625 486 829.42779541015625 60.094806671142578 -1 807.2293701171875 111.2625732421875 -1 800.93328857421875 155.14596557617188 30 792.85992431640625 160.20747375488281 598 483.08517456054688 163.56808471679688 555 483.08517456054688 163.56808471679688 556 1166.297607421875 167.371826171875 -1 1164.879150390625 176.56295776367188 -1 828.1690673828125 186.24632263183594 151 831.26788330078125 191.128173828125 310 710.38360595703125 245.50044250488281 1288 731.5048828125 245.43717956542969 908 705.98980712890625 251.33636474609375 815 714.73370361328125 251.10090637207031 8 727.48089599609375 251.07356262207031 624 818.43426513671875 282.73828125 413 392.503173828125 343.24697875976562 1046 393.84262084960938 352.79379272460938 1110 278.99322509765625 364.16299438476562 1089 995.27716064453125 501.41824340820312 1066 1000.0669555664062 506.18014526367188 -1 986.03485107421875 509.83267211914062 -1 999.32806396484375 515.3564453125 1086 993.2344970703125 520.59539794921875 639 1259.1109619140625 536.31317138671875 -1 19.359621047973633 538.294189453125 -1 12.751503944396973 547.34283447265625 -1 39.272079467773438 547.7313232421875 -1 42.995246887207031 551.5535888671875 -1 9.1320047378540039 552.824462890625 -1 1265.3990478515625 553.3460693359375 -1 768.2481689453125 602.923583984375 599 761.9884033203125 607.81451416015625 -1 761.9884033203125 607.81451416015625 -1 758.216552734375 31.835906982421875 23 758.216552734375 31.835906982421875 146 461.66848754882812 46.920864105224609 533 830.83367919921875 50.181243896484375 490 788.4439697265625 77.293319702148438 -1 878.48309326171875 87.622039794921875 487 772.5733642578125 88.97528076171875 148 787.70635986328125 88.380767822265625 330 827.38165283203125 114.51188659667969 -1 820.0107421875 120.94562530517578 -1 826.3792724609375 133.10379028320312 -1 804.28515625 138.98616027832031 -1 769.931396484375 144.49758911132812 474 480.06353759765625 146.09123229980469 -1 480.06353759765625 146.09123229980469 150 825.02587890625 147.05854797363281 642 474.49862670898438 151.48576354980469 571 488.01199340820312 151.28265380859375 554 716.129150390625 156.12336730957031 494 768.90606689453125 156.00807189941406 38 785.00262451171875 156.28111267089844 28 777.47528076171875 161.50791931152344 644 839.75323486328125 164.2733154296875 629 1143.5699462890625 171.56730651855469 482 833.6610107421875 180.99786376953125 -1 797.73992919921875 185.70326232910156 31 816.00372314453125 191.01335144042969 32 818.981689453125 206.13560485839844 322 815.15362548828125 211.770751953125 416 815.15362548828125 211.770751953125 1182 21.679000854492188 537.24774169921875 -1 38.051601409912109 548.23114013671875 -1 14.924396514892578 562.642822265625 -1 792.61529541015625 604.9705810546875 -1 792.61529541015625 604.9705810546875 -1 80.162872314453125 695.42144775390625 558 789.871337890625 56.152256011962891 491 859.0693359375 63.820384979248047 45 879.2132568359375 63.496440887451172 906 779.9962158203125 82.245796203613281 668 787.37615966796875 100.52036285400391 420 808.25299072265625 101.26438903808594 -1 779.237060546875 108.07463073730469 499 814.23504638671875 112.74947357177734 -1 786.3201904296875 121.02705383300781 -1 806.262939453125 120.58125305175781 -1 476.691162109375 127.24652862548828 386 778.2479248046875 129.72123718261719 1058 811.730712890625 131.5849609375 -1 818.52423095703125 140.64321899414062 -1 785.00933837890625 142.68177795410156 1166 791.7314453125 149.06111145019531 665 818.34588623046875 156.21353149414062 601 1183.8790283203125 169.837890625 617 134.02923583984375 209.51364135742188 560 858.55535888671875 230.49409484863281 595 738.6766357421875 255.71333312988281 -1 140.44984436035156 446.30136108398438 565 149.92317199707031 451.44244384765625 -1 34.964054107666016 549.6102294921875 -1 448.59710693359375 28.397563934326172 176 796.6114501953125 46.771755218505859 326 871.0980224609375 54.966457366943359 178 879.55181884765625 64.361213684082031 906 828.26800537109375 71.145500183105469 1051 866.240234375 79.696746826171875 899 853.71099853515625 88.280471801757812 57 470.80551147460938 91.331222534179688 165 826.2099609375 91.644294738769531 1067 850.7371826171875 99.490066528320312 605 484.35122680664062 102.17967224121094 334 474.06448364257812 110.54578399658203 168 466.24432373046875 120.06036376953125 251 915.57220458984375 120.34169006347656 385 811.7393798828125 131.21504211425781 -1 469.12677001953125 135.39918518066406 606 1155.852294921875 144.22625732421875 1165 1187.7239990234375 144.99258422851562 -1 810.06170654296875 147.54803466796875 607 1161.17236328125 156.47628784179688 518 1161.17236328125 156.47628784179688 -1 1181.6162109375 157.47940063476562 512 1181.6162109375 157.47940063476562 513 710.483154296875 164.68681335449219 -1 723.70758056640625 165.00987243652344 353 827.4912109375 166.62474060058594 305 802.0079345703125 198.46969604492188 88 825.295654296875 199.03825378417969 666 856.0692138671875 200.03776550292969 608 134.04920959472656 209.58201599121094 -1 1022.5663452148438 500.86871337890625 609 1238.9989013671875 520.6138916015625 566 1019.3028564453125 535.1842041015625 653 981.2003173828125 538.928466796875 654 29.423603057861328 552.18115234375 509 8.3682966232299805 571.11419677734375 -1 778.95159912109375 595.67138671875 610 778.95159912109375 595.67138671875 567 877.3175048828125 22.108129501342773 341 849.6544189453125 44.189338684082031 364 924.26141357421875 50.841190338134766 -1 452.1263427734375 58.138519287109375 894 818.71075439453125 59.323539733886719 164 842.27398681640625 58.517990112304688 179 467.45913696289062 71.564888000488281 181 441.67626953125 75.008888244628906 -1 815.67181396484375 79.487510681152344 -1 779.12158203125 80.174720764160156 668 456.2469482421875 81.597991943359375 911 460.82394409179688 101.86956024169922 193 796.43218994140625 109.94171905517578 -1 858.771728515625 114.83926391601562 535 795.060302734375 130.29954528808594 612 930.34124755859375 131.02442932128906 -1 1165.40380859375 131.23832702636719 346 916.38067626953125 140.61917114257812 59 1173.5059814453125 144.85466003417969 910 778.1590576171875 164.90399169921875 60 856.7601318359375 167.60360717773438 656 1144.43701171875 180.27114868164062 -1 1144.43701171875 180.27114868164062 540 1165.059326171875 179.86692810058594 914 1154.577880859375 192.67826843261719 536 1136.610107421875 230.94857788085938 573 379.19046020507812 253.8206787109375 613 966.783935546875 336.35986328125 62 966.783935546875 336.35986328125 63 188.18524169921875 410.10458374023438 538 1234.3245849609375 531.3653564453125 449 85.563606262207031 674.38330078125 -1 78.308578491210938 702.74163818359375 -1 479.822021484375 29.559343338012695 69 463.44381713867188 44.837009429931641 66 481.8660888671875 59.682849884033203 -1 483.61495971679688 80.717201232910156 393 836.2432861328125 182.60845947265625 194 816.123779296875 183.80667114257812 355 768.6834716796875 243.48944091796875 1290 768.6834716796875 243.48944091796875 1289 271.32162475585938 382.77291870117188 1126 1031.2015380859375 469.0595703125 614 844.30804443359375 599.11767578125 615 717.21026611328125 605.68408203125 519 926.21075439453125 17.411840438842773 -1 998.177490234375 18.464864730834961 1077 968.1279296875 44.318527221679688 1078 60.907695770263672 547.2620849609375 576 1248.65185546875 547.67437744140625 -1 1041.98828125 558.89471435546875 -1 794.5093994140625 76.7802734375 74 1153.325927734375 214.42234802246094 913 1153.325927734375 214.42234802246094 912 836.4332275390625 215.52781677246094 1139 284.62155151367188 347.45425415039062 582 284.62155151367188 347.45425415039062 1137 539.63092041015625 392.85800170898438 584 1009.2838134765625 481.62478637695312 667 1001.6398315429688 543.921875 -1 1001.6398315429688 543.921875 -1 88.101730346679688 664.75115966796875 -1 88.101730346679688 664.75115966796875 -1 883.40032958984375 47.812374114990234 616 1169.2060546875 109.58217620849609 578 1169.2060546875 109.58217620849609 579 914.33001708984375 152.38282775878906 589 758.43914794921875 255.24751281738281 661 722.50762939453125 279.88552856445312 99 299.92434692382812 463.86358642578125 1081 1045.680908203125 555.34588623046875 -1 979.1453857421875 566.29632568359375 -1 746.62701416015625 605.92919921875 471 746.62701416015625 605.92919921875 401 817.98956298828125 606.27496337890625 531 913.7486572265625 690.6146240234375 -1
202 0.99673431943399948 0.032544464157644629 0.064365927897815201 0.036312279479357071 -1.026888989880254 0.10214213384109551 -1.2580007575438115 201 moving_frame_0200.png
1275.9676513671875 30.997175216674805 -1 1273.935302734375 37.343479156494141 -1 454.01473999023438 39.674034118652344 -1 1275.0609130859375 42.455989837646484 -1 1275.0609130859375 42.455989837646484 -1 1276.069091796875 47.522148132324219 -1 1276.069091796875 47.522148132324219 -1 848.776123046875 85.143898010253906 300 798.07415771484375 85.67706298828125 -1 757.46429443359375 144.0655517578125 677 1.4089620113372803 151.03228759765625 -1 770.4012451171875 572.1405029296875 -1 768.6689453125 574.4041748046875 405 1270.546142578125 5.375277042388916 -1 1270.546142578125 5.375277042388916 -1 1271.6649169921875 10.374094009399414 -1 1271.6649169921875 10.374094009399414 -1 1272.6817626953125 15.412236213684082 -1 1273.524658203125 21.278614044189453 -1 1273.524658203125 21.278614044189453 -1 1274.6939697265625 26.41618537902832 -1 853.26568603515625 62.295967102050781 -1 1279.2056884765625 63.51458740234375 -1 1279.2056884765625 63.51458740234375 -1 16.449623107910156 73.50640869140625 -1 15.453744888305664 78.565773010253906 -1 14.45427131652832 83.566162109375 -1 12.45417308807373 94.565406799316406 -1 11.454025268554688 99.565765380859375 -1 10.454025268554688 104.56576538085938 -1 9.4540691375732422 109.56574249267578 -1 803.07708740234375 113.46367645263672 -1 8.4149961471557617 114.63034820556641 -1 7.4470686912536621 120.47176361083984 -1 6.4540133476257324 125.56578063964844 -1 5.4540257453918457 130.56576538085938 -1 1120.4739990234375 134.17204284667969 -1 4.4540300369262695 135.56576538085938 -1 3.4541678428649902 140.56571960449219 -1 2.4066293239593506 145.63076782226562 -1 1115.3377685546875 146.66162109375 -1 757.00701904296875 150.55642700195312 -1 577.45501708984375 176.90109252929688 -1 577.45501708984375 176.90109252929688 -1 854.05804443359375 226.26077270507812 595 752.02069091796875 567.485595703125 547 783.8118896484375 567.6177978515625 478 1270.568115234375 34.041355133056641 -1 466.51058959960938 39.352531433105469 1 798.59716796875 42.716346740722656 -1 453.73095703125 46.860557556152344 597 457.74102783203125 50.019973754882812 14 768.96337890625 86.144805908203125 -1 1111.1680908203125 134.54351806640625 480 780.387451171875 143.3253173828125 1166 801.39300537109375 146.54225158691406 377 1137.9036865234375 147.04588317871094 -1 798.670166015625 156.28578186035156 -1 596.10186767578125 163.88809204101562 17 1112.25390625 164.47065734863281 481 1129.2386474609375 164.17265319824219 532 1100.5235595703125 164.85731506347656 482 1124.64501953125 168.12942504882812 212 1099.3670654296875 168.7213134765625 -1 819.84375 173.4925537109375 -1 1115.2279052734375 175.31222534179688 -1 584.1016845703125 176.70585632324219 -1 738.08831787109375 239.01280212402344 7 693.675048828125 239.40010070800781 898 693.675048828125 239.40010070800781 546 703.2548828125 243.8170166015625 815 711.46221923828125 243.86398315429688 8 724.65716552734375 243.87794494628906 624 738.63287353515625 243.91439819335938 9 375.65676879882812 365.6761474609375 593 1269.0931396484375 539.28863525390625 -1 751.57843017578125 571.1376953125 664 133.36607360839844 673.998291015625 -1 617.67510986328125 36.418910980224609 907 833.051025390625 43.306045532226562 379 467.52145385742188 46.774528503417969 12 467.52145385742188 46.774528503417969 533 797.59844970703125 53.855842590332031 486 769.1239013671875 86.598854064941406 148 783.52288818359375 86.492034912109375 330 869.26513671875 86.471275329589844 487 822.00177001953125 116.8494873046875 1158 814.44000244140625 141.77798461914062 -1 786.28973388671875 147.01515197753906 26 786.28973388671875 147.01515197753906 665 1137.96875 147.16242980957031 -1 794.28912353515625 151.40406799316406 -1 794.28912353515625 151.40406799316406 30 787.22271728515625 157.72808837890625 598 824.95989990234375 177.65037536621094 473 821.46160888671875 182.57859802246094 151 828.08709716796875 182.54632568359375 415 824.01318359375 187.62982177734375 310 756.8875732421875 235.30226135253906 534 707.5330810546875 239.53761291503906 1288 728.95208740234375 239.46002197265625 908 707.48248291015625 248.67239379882812 144 720.1690673828125 248.79794311523438 152 738.59051513671875 248.78195190429688 21 404.52127075195312 331.26242065429688 1046 405.8201904296875 340.67935180664062 1110 170.55117797851562 421.00308227539062 1040 344.29360961914062 429.44729614257812 -1 105.65731048583984 665.36749267578125 -1 106.56118011474609 703.64013671875 -1 755.27630615234375 32.996120452880859 23 755.27630615234375 32.996120452880859 146 766.434326171875 40.379745483398438 34 827.02288818359375 50.356571197509766 490 785.55438232421875 54.757846832275391 491 870.2947998046875 63.747890472412109 906 784.3677978515625 72.261360168457031 414 805.084228515625 86.183570861816406 492 810.984130859375 99.063697814941406 -1 803.45953369140625 104.36234283447266 -1 801.31103515625 124.36496734619141 -1 774.08233642578125 132.71539306640625 493 781.41448974609375 152.78401184082031 28 713.4993896484375 153.40699768066406 494 755.946533203125 153.75946044921875 686 765.2308349609375 153.19557189941406 38 820.48944091796875 161.55838012695312 305 834.3663330078125 161.3931884765625 309 810.44366455078125 177.29240417480469 -1 810.44366455078125 177.29240417480469 18 792.83349609375 182.32069396972656 31 809.8909912109375 187.62956237792969 32 77.139640808105469 494.24380493164062 -1 58.186374664306641 508.71673583984375 -1 922.6240234375 533.954833984375 -1 922.6240234375 533.954833984375 -1 954.4991455078125 534.0614013671875 -1 954.4991455078125 534.0614013671875 -1 10.655259132385254 553.35540771484375 497 136.09188842773438 665.59552001953125 -1 124.34980773925781 670.09735107421875 -1 141.77839660644531 670.76812744140625 -1 447.1729736328125 5.5160746574401855 -1 1249.2298583984375 27.535392761230469 -1 852.745361328125 64.180877685546875 45 822.98291015625 77.165725708007812 -1 782.49591064453125 104.20476531982422 382 898.15814208984375 108.51150512695312 498 775.08197021484375 111.36325836181641 499 808.66009521484375 116.86406707763672 -1 905.85107421875 117.20368194580078 385 483.28729248046875 131.59841918945312 386 476.52090454101562 138.82655334472656 -1 814.87548828125 152.94801330566406 601 834.46697998046875 188.19439697265625 -1 796.5596923828125 194.17344665527344 88 818.148681640625 195.07685852050781 666 818.148681640625 195.07685852050781 666 828.234619140625 196.21607971191406 502 174.42158508300781 198.52603149414062 560 849.0084228515625 222.52691650390625 503 735.0531005859375 249.02159118652344 -1 946.1044921875 312.95297241210938 51 186.57650756835938 410.69400024414062 565 153.80665588378906 417.79476928710938 -1 155.79835510253906 425.856201171875 507 1218.9000244140625 490.55642700195312 508 90.175735473632812 506.97402954101562 509 128.91943359375 640.98455810546875 -1 447.117919921875 5.3179950714111328 -1 454.97305297851562 29.455690383911133 176 864.81378173828125 34.809886932373047 177 791.61981201171875 46.787578582763672 326 862.89495849609375 55.804367065429688 178 473.4278564453125 73.2523193359375 181 859.60772705078125 78.946174621582031 899 476.7908935546875 92.148399353027344 165 489.27639770507812 102.54850006103516 334 480.25906372070312 112.08628082275391 168 472.43185424804688 122.31328582763672 251 806.39715576171875 134.78208923339844 -1 1111.3580322265625 138.11813354492188 1165 1139.036865234375 150.73046875 512 1139.036865234375 150.73046875 513 1100.181884765625 172.01033020019531 540 850.6424560546875 196.83544921875 608 389.68643188476562 246.43743896484375 613 1255.5758056640625 530.24847412109375 -1 744.583740234375 570.57049560546875 514 128.64146423339844 642.364013671875 -1 140.70011901855469 652.10357666015625 -1 102.73589324951172 677.25750732421875 -1 865.52557373046875 24.204990386962891 341 842.23785400390625 45.968795776367188 364 813.72479248046875 59.4825439453125 164 837.10052490234375 57.935138702392578 179 458.63821411132812 61.094745635986328 -1 446.83163452148438 74.314857482910156 -1 487.86660766601562 81.412994384765625 393 462.76828002929688 82.053947448730469 911 847.014892578125 90.568992614746094 57 448.61538696289062 92.931632995605469 1072 792.8399658203125 97.59661865234375 394 467.39108276367188 102.23371887207031 193 852.03961181640625 113.489990234375 535 1118.6434326171875 126.51486206054688 897 914.647216796875 127.78001403808594 46 903.904052734375 137.52473449707031 59 1130.2325439453125 139.21331787109375 335 774.7236328125 162.54808044433594 60 1121.82080078125 170.71238708496094 1186 1121.82080078125 170.71238708496094 914 1108.2718505859375 182.93313598632812 536 1121.6241455078125 222.95384216308594 516 765.89056396484375 238.74819946289062 1290 765.89056396484375 238.74819946289062 1289 948.56671142578125 322.111328125 62 948.56671142578125 322.111328125 63 221.68934631347656 384.43841552734375 538 1223.266357421875 500.6903076171875 -1 88.195610046386719 520.451904296875 -1 485.74331665039062 30.809200286865234 69 469.79025268554688 45.526248931884766 66 487.1153564453125 61.725490570068359 -1 1113.647216796875 152.8031005859375 518 810.6483154296875 179.471923828125 355 829.7283935546875 179.77642822265625 194 1098.35693359375 219.69505310058594 573 1009.572509765625 445.36236572265625 -1 105.56741333007812 459.37933349609375 -1 834.10711669921875 570.2059326171875 -1 711.68463134765625 576.06231689453125 519 120.35095977783203 698.8291015625 -1 976.74237060546875 21.733070373535156 1077 987.04376220703125 456.0927734375 667 1024.7891845703125 475.54598999023438 -1 55.289924621582031 495.75628662109375 -1 116.63575744628906 504.43789672851562 576 63.707805633544922 544.8553466796875 1179 137.19569396972656 610.4698486328125 -1 1194.848876953125 645.1241455078125 -1 1126.1309814453125 106.82270812988281 578 1126.1309814453125 106.82270812988281 579 901.8226318359375 145.912109375 -1 1112.9161376953125 202.98562622070312 913 1112.9161376953125 202.98562622070312 912 828.0264892578125 211.3883056640625 1139 302.539794921875 333.50946044921875 582 302.539794921875 333.50946044921875 1137 408.13064575195312 355.1929931640625 660 268.53164672851562 359.07083129882812 -1 268.53164672851562 359.07083129882812 -1 107.48382568359375 453.71044921875 -1 960.055908203125 473.43472290039062 -1 960.71356201171875 533.370361328125 -1 960.71356201171875 533.370361328125 -1 463.86761474609375 3.4538843631744385 363 789.7708740234375 78.082679748535156 74 793.66485595703125 121.62390899658203 77 901.76983642578125 148.66706848144531 589 754.43902587890625 249.21284484863281 661 719.58294677734375 272.04403686523438 99 692.511962890625 341.70184326171875 83 540.2197265625 378.736083984375 -1 317.4705810546875 442.86419677734375 1081 1225.6929931640625 523.63037109375 -1 739.72845458984375 575.53424072265625 471 739.72845458984375 575.53424072265625 401 808.56732177734375 575.8792724609375 469 808.56732177734375 575.8792724609375 531 139.12252807617188 602.78656005859375 -1
201 0.99676188482060057 0.027259646158690868 0.066358693545424979 0.03632052382787497 -1.0744597647196836 -0.0019386874779750833 -0.59443315744248992 202 moving_frame_0201.png
834.2554931640625 74.254203796386719 -1 1262.0286865234375 143.50697326660156 -1 1262.0286865234375 143.50697326660156 -1 495.55630493164062 146.01666259765625 1091 1263.0126953125 148.544921875 -1 1264.0128173828125 153.544921875 -1 1265.0128173828125 158.544921875 -1 1150.540771484375 159.20364379882812 -1 1266.06591796875 163.59864807128906 -1 1268.9244384765625 179.61846923828125 -1 1269.9759521484375 184.65763854980469 -1 1269.9759521484375 184.65763854980469 -1 1270.9859619140625 189.66395568847656 -1 1270.9859619140625 189.66395568847656 -1 1272.0294189453125 194.6474609375 -1 1272.918212890625 199.65147399902344 -1 1272.918212890625 199.65147399902344 -1 1273.8720703125 204.64311218261719 -1 1273.8720703125 204.64311218261719 -1 1274.9908447265625 209.66213989257812 -1 1274.9908447265625 209.66213989257812 -1 1275.9931640625 214.6641845703125 -1 1275.9931640625 214.6641845703125 -1 1276.9329833984375 219.61154174804688 -1 1276.9329833984375 219.61154174804688 -1 1277.8863525390625 224.6654052734375 -1 1277.8863525390625 224.6654052734375 -1 1279.0147705078125 229.65818786621094 -1 1279.0147705078125 229.65818786621094 -1 713.721435546875 245.85308837890625 1029 380.65267944335938 255.05720520019531 1030 321.28363037109375 303.9202880859375 -1 290.65420532226562 327.521484375 -1 986.73065185546875 500.14425659179688 -1 54.442310333251953 510.68722534179688 -1 57.042217254638672 534.95263671875 -1 98.503578186035156 672.15142822265625 -1 463.58468627929688 39.008110046386719 1 1155.341552734375 136.623291015625 -1 759.03759765625 152.50088500976562 -1 1137.7720947265625 168.74847412109375 481 1149.4365234375 168.88638305664062 532 740.5673828125 246.94718933105469 9 1.2455520629882812 319.57919311523438 -1 332.33843994140625 405.0543212890625 -1 367.74911499023438 405.28933715820312 -1 63.622112274169922 498.16744995117188 -1 67.553115844726562 500.62606811523438 -1 50.728912353515625 508.12811279296875 -1 73.618385314941406 527.48516845703125 1095 60.571048736572266 537.50091552734375 -1 49.830890655517578 540.025390625 544 100.46562194824219 711.29974365234375 -1 806.46893310546875 86.414703369140625 -1 805.53045654296875 109.71424102783203 -1 781.88641357421875 149.23463439941406 -1 582.60870361328125 177.92855834960938 -1 730.4315185546875 242.14508056640625 908 739.87701416015625 241.99876403808594 7 694.77752685546875 242.44908142089844 898 694.77752685546875 242.44908142089844 546 1231.1939697265625 514.9898681640625 -1 69.933372497558594 524.6668701171875 -1 755.24212646484375 580.961181640625 547 755.24212646484375 580.961181640625 -1 755.25909423828125 585.13067626953125 664 805.10064697265625 589.037109375 548 109.16713714599609 701.67425537109375 -1 617.6810302734375 36.430149078369141 907 835.59375 42.464305877685547 379 617.6732177734375 45.571269989013672 895 464.47137451171875 46.466636657714844 533 799.83868408203125 53.871486663818359 486 873.782958984375 86.758354187011719 487 770.6060791015625 87.515556335449219 148 805.9263916015625 103.48796844482422 549 482.68704223632812 146.00160217285156 150 859.19036865234375 157.33682250976562 -1 859.19036865234375 157.33682250976562 -1 596.1448974609375 165.07173156738281 17 823.724853515625 174.69200134277344 -1 813.44696044921875 179.1656494140625 -1 813.44696044921875 179.1656494140625 18 824.41552734375 184.01129150390625 151 827.62322998046875 189.00123596191406 310 759.32452392578125 237.43067932128906 534 708.7850341796875 242.58831787109375 1288 730.37689208984375 242.42475891113281 -1 740.72967529296875 251.84428405761719 21 726.215087890625 260.33132934570312 551 398.48269653320312 337.28921508789062 1046 399.71676635742188 346.69869995117188 1110 368.45565795898438 371.71035766601562 593 1008.1271362304688 512.009521484375 -1 1008.1271362304688 512.009521484375 -1 48.454750061035156 515.7337646484375 -1 758.22174072265625 592.78863525390625 -1 758.22174072265625 592.78863525390625 -1 80.90435791015625 693.1004638671875 -1 108.05124664306641 702.47149658203125 -1 756.9210205078125 32.54400634765625 23 756.9210205078125 32.54400634765625 146 788.04339599609375 54.684749603271484 491 914.7371826171875 54.304431915283203 -1 785.55145263671875 87.258415222167969 330 825.24188232421875 103.90351867675781 -1 475.85525512695312 109.23323822021484 168 784.35260009765625 116.91411590576172 -1 804.49713134765625 116.91675567626953 -1 817.891845703125 116.24618530273438 -1 824.20489501953125 122.16649627685547 -1 816.54705810546875 136.40313720703125 -1 802.01861572265625 137.02302551269531 -1 481.55078125 138.47491455078125 -1 767.9996337890625 143.44866943359375 474 782.287841796875 143.57080078125 1166 788.28460693359375 148.52711486816406 665 490.06228637695312 150.85038757324219 554 749.9046630859375 155.82101440429688 495 766.55780029296875 155.31222534179688 38 782.98553466796875 155.52473449707031 28 485.88540649414062 162.32083129882812 555 485.88540649414062 162.32083129882812 556 837.00091552734375 162.63262939453125 309 794.97955322265625 183.71560668945312 31 812.6083984375 189.12741088867188 32 838.0697021484375 200.65296936035156 918 851.07708740234375 223.7283935546875 503 949.03045654296875 335.1436767578125 1038 68.48284912109375 525.13690185546875 -1 10.655259132385254 553.35540771484375 -1 953.951904296875 582.6148681640625 -1 106.32665252685547 664.7149658203125 558 78.213104248046875 702.5804443359375 -1 445.61572265625 13.839248657226562 -1 794.3414306640625 47.500732421875 326 828.0960693359375 49.931873321533203 490 874.905029296875 63.893424987792969 906 826.24139404296875 65.432723999023438 603 785.35113525390625 96.121261596679688 420 806.306884765625 96.104469299316406 -1 474.40945434570312 98.87213134765625 332 487.77871704101562 104.31684875488281 -1 812.806884765625 105.11333465576172 -1 777.17034912109375 109.83554077148438 499 468.78195190429688 113.3953857421875 -1 478.37936401367188 119.179931640625 -1 810.46942138671875 122.64643096923828 -1 809.204345703125 130.94387817382812 -1 776.144287109375 131.44929504394531 493 782.37115478515625 142.37251281738281 1166 714.7838134765625 155.30014038085938 494 823.57647705078125 163.58676147460938 305 1161.6292724609375 165.03802490234375 617 1120.6837158203125 166.49050903320312 482 154.92489624023438 203.72743225097656 560 713.78839111328125 259.4979248046875 1087 726.0220947265625 259.45819091796875 551 954.75299072265625 319.79946899414062 51 134.64186096191406 441.90789794921875 507 996.76239013671875 583.17010498046875 -1 86.159011840820312 689.88555908203125 -1 452.22579956054688 30.293750762939453 176 871.025634765625 34.091209411621094 177 454.8603515625 54.997947692871094 894 483.47320556640625 54.602458953857422 191 468.63311767578125 63.201869964599609 475 875.19818115234375 64.732192993164062 906 862.88323974609375 79.352790832519531 899 824.5230712890625 84.469230651855469 -1 850.22509765625 89.004913330078125 57 446.3201904296875 100.57707977294922 -1 487.34274291992188 104.08643341064453 334 478.4964599609375 119.21620941162109 -1 910.79638671875 118.80293273925781 385 1132.9256591796875 141.3233642578125 1165 808.06451416015625 143.73187255859375 607 1159.40283203125 153.96040344238281 512 1159.40283203125 153.96040344238281 513 1120.924072265625 175.89859008789062 540 799.07354736328125 195.92628479003906 88 821.5682373046875 196.66952514648438 666 821.5682373046875 196.66952514648438 666 733.77154541015625 248.02188110351562 1138 714.05743408203125 259.0299072265625 -1 725.66290283203125 258.92013549804688 -1 164.13369750976562 428.32406616210938 565 1011.6874389648438 487.9259033203125 609 1209.68994140625 499.3646240234375 566 1204.8739013671875 509.63543701171875 449 1245.9945068359375 510.5389404296875 508 1245.4471435546875 520.9727783203125 -1 59.880725860595703 528.9830322265625 509 774.91278076171875 580.53564453125 610 774.91278076171875 580.53564453125 567 86.711936950683594 689.5771484375 -1 845.88946533203125 44.641216278076172 364 866.758056640625 55.546234130859375 178 816.40911865234375 58.574413299560547 164 839.1788330078125 58.414012908935547 179 443.54751586914062 67.5897216796875 91 457.66458129882812 72.389137268066406 450 776.97637939453125 78.627906799316406 668 444.9708251953125 82.745903015136719 -1 472.44418334960938 82.319175720214844 441 848.3006591796875 96.630874633789062 605 794.315185546875 107.29212951660156 -1 855.272705078125 114.41010284423828 535 792.84527587890625 127.07194519042969 612 470.48025512695312 128.81143188476562 606 921.8922119140625 129.43995666503906 -1 1141.794921875 128.78297424316406 897 910.06732177734375 139.01133728027344 59 1150.855712890625 141.98039245605469 910 475.00054931640625 151.09103393554688 571 1136.8118896484375 154.47918701171875 518 776.4993896484375 164.95852661132812 60 621.32403564453125 170.4918212890625 348 1142.7781982421875 175.02488708496094 1186 1142.7781982421875 175.02488708496094 914 1130.9244384765625 187.54795837402344 536 1116.9859619140625 225.07444763183594 573 767.70465087890625 240.9263916015625 1290 767.70465087890625 240.9263916015625 1289 957.1668701171875 328.85467529296875 62 957.1668701171875 328.85467529296875 63 205.61772155761719 396.8226318359375 538 483.18011474609375 31.073955535888672 69 466.38088989257812 45.233455657958984 66 463.20819091796875 102.18096923828125 193 813.07366943359375 182.517333984375 355 833.0789794921875 181.64402770996094 194 1141.569580078125 230.21839904785156 516 1019.8070678710938 456.66094970703125 614 1252.1121826171875 521.53753662109375 -1 838.8934326171875 584.7005615234375 615 714.3472900390625 590.70733642578125 519 756.75115966796875 597.23492431640625 -1 987.0999755859375 20.465038299560547 1077 959.890625 45.297767639160156 1078 818.32720947265625 287.259033203125 373 402.74505615234375 363.6650390625 660 80.167121887207031 475.95050048828125 -1 27.541040420532227 516.045166015625 -1 89.346427917480469 524.63702392578125 576 37.984336853027344 564.014892578125 1179 756.292236328125 597.3948974609375 577 756.292236328125 597.3948974609375 -1 113.16225433349609 638.53619384765625 -1 102.94393157958984 677.72113037109375 -1 921.34478759765625 22.130588531494141 -1 791.2369384765625 76.736137390136719 74 1146.8955078125 108.14507293701172 578 1146.8955078125 108.14507293701172 579 1132.331298828125 208.53938293457031 913 1132.331298828125 208.53938293457031 912 832.209716796875 213.24986267089844 1139 293.334228515625 340.63818359375 582 293.334228515625 340.63818359375 1137 540.85809326171875 386.87039184570312 584 998.57159423828125 469.21524047851562 667 1252.36767578125 679.77264404296875 -1 63.148883819580078 692.60284423828125 -1 878.42730712890625 48.655799865722656 616 907.875 150.17300415039062 589 750.209716796875 251.11557006835938 -1 309.91262817382812 451.32095336914062 1081 1036.2685546875 508.16183471679688 -1 743.242919921875 590.07427978515625 471 743.242919921875 590.07427978515625 401 813.25146484375 590.5142822265625 469 813.25146484375 590.5142822265625 531
200 0.99667732669195641 0.037832378015450779 0.06228255921176315 0.036385442829577855 -0.97837771796325457 0.20584142569453262 -1.7750127369251478 200 moving_frame_0199.png
1220.792724609375 15.146166801452637 -1 1256.3482666015625 15.287898063659668 -1 1256.3482666015625 15.287898063659668 -1 1218.7940673828125 26.149875640869141 -1 1254.343994140625 26.313079833984375 -1 457.55712890625 120.00183868408203 -1 499.48171997070312 143.04130554199219 84 793.38787841796875 149.03616333007812 -1 800.48272705078125 149.38494873046875 -1 812.42242431640625 149.32289123535156 -1 797.1693115234375 151.59388732910156 -1 797.1693115234375 151.59388732910156 -1 804.49786376953125 151.71200561523438 -1 804.49786376953125 151.71200561523438 -1 730.48309326171875 171.06271362304688 596 754.55804443359375 230.98384094238281 534 710.45928955078125 240.17222595214844 8 391.6986083984375 246.94587707519531 1030 710.47515869140625 248.92535400390625 -1 723.53662109375 248.93644714355469 -1 370.6873779296875 293.936279296875 -1 789.31982421875 557.343994140625 -1 797.27435302734375 561.498046875 -1 797.27435302734375 561.498046875 -1 188.20516967773438 609.1527099609375 -1 1255.3475341796875 21.068603515625 -1 455.58114624023438 26.55577278137207 -1 1217.87939453125 32.0257568359375 -1 1253.0404052734375 32.046409606933594 -1 456.67864990234375 40.226356506347656 -1 469.44601440429688 40.091892242431641 1 459.57684326171875 43.131320953369141 750 820.0494384765625 112.56166076660156 -1 813.49383544921875 115.45329284667969 -1 798.68463134765625 146.26872253417969 377 777.66961669921875 154.32429504394531 -1 812.9423828125 154.34487915039062 -1 1099.931640625 154.86669921875 -1 1108.5010986328125 155.22625732421875 -1 379.57015991210938 259.02767944335938 1099 340.73858642578125 285.174072265625 -1 381.27706909179688 390.09881591796875 -1 748.27044677734375 558.14312744140625 664 152.189208984375 611.03369140625 -1 188.10664367675781 611.9232177734375 -1 141.26969909667969 664.92474365234375 -1 143.64401245117188 667.9439697265625 -1 1257.24755859375 9.7670211791992188 -1 457.3472900390625 46.950511932373047 597 813.9239501953125 71.9403076171875 -1 799.13299560546875 82.10382080078125 -1 800.72833251953125 115.84764862060547 -1 1123.2003173828125 155.10791015625 1031 1102.8280029296875 159.90347290039062 -1 596.27032470703125 162.94190979003906 17 1098.5750732421875 164.08772277832031 -1 1107.283935546875 163.92030334472656 212 584.7930908203125 175.42124938964844 -1 820.92010498046875 176.26040649414062 473 827.156494140625 176.29428100585938 141 827.156494140625 176.29428100585938 -1 820.15716552734375 185.88841247558594 310 691.8590087890625 236.82664489746094 898 705.97442626953125 236.95814514160156 1288 727.59100341796875 236.86332702636719 908 737.246337890625 236.77005004882812 7 710.32769775390625 240.97563171386719 8 723.7142333984375 241.03700256347656 624 737.3846435546875 241.51417541503906 9 705.90057373046875 245.776123046875 144 714.4244384765625 245.954833984375 674 719.54510498046875 245.95050048828125 -1 737.9990234375 246.20845031738281 21 344.69491577148438 317.99240112304688 -1 410.56988525390625 326.25445556640625 -1 381.82720947265625 358.86480712890625 593 346.868408203125 389.83404541015625 -1 158.31002807617188 642.46588134765625 -1 158.31002807617188 642.46588134765625 -1 150.30906677246094 645.76220703125 -1 155.04148864746094 649.22412109375 -1 147.63255310058594 662.59783935546875 -1 147.63255310058594 662.59783935546875 -1 754.12994384765625 33.46136474609375 23 754.12994384765625 33.46136474609375 146 618.677734375 37.431350708007812 907 830.61053466796875 43.381233215332031 379 618.6663818359375 46.573101043701172 895 795.7327880859375 55.448146820068359 486 802.9083251953125 86.777847290039062 492 802.35845947265625 96.588218688964844 421 801.16485595703125 108.59892272949219 -1 763.9949951171875 141.23208618164062 474 778.42279052734375 141.38789367675781 1166 784.31036376953125 145.84828186035156 26 784.31036376953125 145.84828186035156 665 772.76263427734375 157.30169677734375 -1 1111.702392578125 159.66529846191406 532 1081.6912841796875 160.42694091796875 482 1093.0921630859375 159.98637390136719 -1 817.682373046875 181.30984497070312 151 825.05316162109375 181.30386352539062 415 807.1075439453125 185.94776916503906 32 705.85546875 245.73387145996094 144 714.7899169921875 245.91485595703125 311 719.2042236328125 245.91168212890625 152 410.8341064453125 334.40301513671875 1110 381.80624389648438 358.90390014648438 -1 346.791015625 389.76828002929688 -1 351.4510498046875 421.29214477539062 -1 117.98391723632812 455.62429809570312 -1 99.983711242675781 476.22048950195312 -1 120.29669189453125 485.62646484375 -1 948.51544189453125 487.83486938476562 -1 788.93121337890625 552.56207275390625 -1 756.2940673828125 560.165771484375 599 470.62646484375 47.520977020263672 533 783.1717529296875 55.190460205078125 491 790.24188232421875 61.697265625 328 866.43096923828125 63.789237976074219 906 782.47576904296875 66.932685852050781 -1 822.00872802734375 72.1204833984375 -1 805.9166259765625 77.531837463378906 -1 774.311767578125 81.839851379394531 668 781.4747314453125 86.638275146484375 330 767.51318359375 87.129936218261719 148 809.600341796875 91.303939819335938 419 808.05938720703125 102.78388214111328 -1 780.435546875 108.12637329101562 -1 806.88409423828125 111.93424987792969 -1 813.48822021484375 116.43041229248047 -1 805.78973388671875 121.44869232177734 -1 813.4644775390625 126.38267517089844 -1 812.38983154296875 138.43191528320312 -1 487.736328125 142.89131164550781 -1 712.30145263671875 152.2093505859375 494 763.62530517578125 152.56875610351562 38 778.915771484375 152.33998107910156 28 831.68115234375 160.56742858886719 309 790.09100341796875 180.64997863769531 31 808.397216796875 198.99040222167969 -1 808.397216796875 198.99040222167969 -1 808.4852294921875 199.01461791992188 -1 808.4852294921875 199.01461791992188 -1 359.94589233398438 469.38900756835938 -1 118.4998779296875 486.38397216796875 -1 10.655259132385254 553.35540771484375 497 151.6927490234375 612.9532470703125 558 177.96707153320312 621.157470703125 -1 127.98641204833984 640.146240234375 -1 789.670166015625 48.084728240966797 326 775.21173095703125 62.235054016113281 -1 849.83367919921875 64.137374877929688 45 773.2777099609375 101.96959686279297 -1 482.03997802734375 108.75928497314453 168 891.90899658203125 108.11952972412109 498 772.36614990234375 116.37328338623047 1141 899.46148681640625 116.27572631835938 385 485.33920288085938 127.07453918457031 386 836.68621826171875 130.57534790039062 -1 1091.07373046875 134.79989624023438 1165 493.67623901367188 135.62519836425781 -1 839.50787353515625 153.07661437988281 171 817.7554931640625 161.4569091796875 305 795.89459228515625 165.56413269042969 436 832.231201171875 185.98457336425781 -1 793.61834716796875 192.26583862304688 88 815.51007080078125 193.06735229492188 666 845.47821044921875 219.92359924316406 503 392.26611328125 244.60658264160156 613 938.03570556640625 306.48837280273438 51 173.49931335449219 402.82809448242188 -1 173.94790649414062 411.8521728515625 507 952.6097412109375 450.30111694335938 -1 115.46886444091797 456.28890991210938 -1 122.28699493408203 460.80203247070312 -1 1159.020263671875 462.46365356445312 566 1194.5579833984375 471.74777221679688 508 118.09609985351562 486.70327758789062 -1 1216.087646484375 500.0921630859375 -1 945.2845458984375 505.68246459960938 -1 163.77565002441406 647.50653076171875 -1 126.64559173583984 667.34088134765625 -1 844.64776611328125 708.6092529296875 -1 458.7349853515625 32.024501800537109 176 461.42172241210938 57.055240631103516 894 488.26834106445312 57.218112945556641 191 859.00787353515625 55.985233306884766 178 774.4993896484375 62.726608276367188 645 475.2301025390625 67.126258850097656 475 856.2613525390625 78.885284423828125 899 478.8309326171875 87.415107727050781 165 474.48757934570312 117.79562377929688 251 1109.7802734375 124.19397735595703 346 907.31494140625 126.37934875488281 46 805.00384521484375 131.0426025390625 -1 478.25143432617188 135.07328796386719 606 1093.749755859375 146.95777893066406 -1 1120.5311279296875 147.2391357421875 512 1120.5311279296875 147.2391357421875 513 481.48919677734375 151.60546875 571 839.872802734375 152.44390869140625 -1 718.5120849609375 161.18293762207031 353 796.11431884765625 165.66619873046875 -1 1081.0966796875 167.97579956054688 540 729.96087646484375 242.6427001953125 1138 460.36874389648438 376.461181640625 -1 205.41505432128906 397.0433349609375 565 963.0390625 441.1522216796875 -1 108.79270935058594 472.2957763671875 -1 1216.6590576171875 489.04721069335938 -1 944.52777099609375 505.24237060546875 -1 150.40084838867188 617.01483154296875 -1 472.34451293945312 46.462284088134766 66 838.996826171875 46.219692230224609 364 834.22125244140625 58.247669219970703 179 811.25823974609375 60.013759613037109 164 448.87106323242188 68.714309692382812 91 464.81643676757812 77.275367736816406 -1 490.106689453125 77.356117248535156 393 844.02435302734375 91.416191101074219 57 790.278076171875 97.772689819335938 394 469.50332641601562 98.584335327148438 193 491.50076293945312 99.042465209960938 334 849.1199951171875 112.26457214355469 535 1097.710693359375 124.24510192871094 897 898.15380859375 136.26518249511719 59 1112.175048828125 136.37045288085938 335 773.0557861328125 161.96649169921875 60 1102.149169921875 166.61386108398438 1186 1102.149169921875 166.61386108398438 914 1088.771240234375 178.60955810546875 536 1103.7877197265625 216.95468139648438 516 764.76751708984375 235.31210327148438 1290 764.76751708984375 235.31210327148438 1289 939.73028564453125 315.18612670898438 62 939.73028564453125 315.18612670898438 63 236.87173461914062 372.85165405273438 538 984.5728759765625 440.16830444335938 -1 1198.61767578125 481.53704833984375 -1 828.78228759765625 557.1038818359375 -1 161.96807861328125 622.67718505859375 -1 488.90933227539062 32.571147918701172 69 944.09710693359375 47.795036315917969 55 413.4130859375 353.75173950195312 660 709.32586669921875 563.3720703125 519 752.07293701171875 569.974853515625 577 752.07293701171875 569.974853515625 658 966.92510986328125 23.198236465454102 1077 808.33978271484375 177.41888427734375 355 810.994384765625 279.85470581054688 373 413.42196655273438 351.64144897460938 660 1012.5676879882812 443.824951171875 -1 79.103157043457031 476.7939453125 -1 140.0882568359375 485.6199951171875 576 905.99737548828125 500.79931640625 -1 87.959182739257812 525.37286376953125 1179 429.04293823242188 691.09375 -1 1248.787841796875 20.609401702880859 399 1107.385009765625 105.43000030517578 578 1107.385009765625 105.43000030517578 579 1094.75146484375 197.8680419921875 913 1094.75146484375 197.8680419921875 912 824.05584716796875 209.08551025390625 1139 334.18612670898438 307.79464721679688 -1 309.24685668945312 328.49545288085938 582 309.24685668945312 328.49545288085938 1137 281.963623046875 348.71469116210938 -1 281.963623046875 348.71469116210938 -1 157.17349243164062 445.18417358398438 -1 947.6212158203125 495.84054565429688 -1 947.6212158203125 495.84054565429688 -1 1187.7840576171875 495.8160400390625 -1 802.91998291015625 592.02337646484375 -1 292.52255249023438 644.02545166015625 -1 1038.393798828125 56.061119079589844 202 828.54681396484375 69.498680114746094 358 787.65228271484375 73.947685241699219 74 1079.521240234375 76.248580932617188 -1 791.44989013671875 120.30506134033203 77 825.80352783203125 142.27876281738281 79 718.26202392578125 268.7784423828125 99 1007.2536010742188 314.3585205078125 359 691.3497314453125 336.83761596679688 83 541.54986572265625 373.09674072265625 -1 906.32794189453125 507.21768188476562 -1 906.32794189453125 507.21768188476562 -1 737.618408203125 563.126953125 471 737.618408203125 563.126953125 401 804.45159912109375 563.0374755859375 469 804.45159912109375 563.0374755859375 531 141.01939392089844 683.11846923828125 -1
199 0.99655236283835147 0.043015859330689465 0.060722521194482015 0.036685138504941983 -0.94431576900910408 0.30530177202467806 -2.2646101672765275 199 moving_frame_0198.png
829.278076171875 42.315723419189453 -1 495.589111328125 104.01601409912109 -1 501.47677612304688 142.18722534179688 84 1085.577880859375 158.15791320800781 402 1094.105224609375 158.18130493164062 532 131.84130859375 482.10546875 -1 777.76116943359375 541.3731689453125 478 760.91937255859375 548.239990234375 405 162.22250366210938 598.9652099609375 -1 459.7188720703125 40.760604858398438 -1 460.04568481445312 46.810848236083984 597 812.86944580078125 67.174118041992188 -1 848.73333740234375 84.841087341308594 -1 799.27423095703125 116.82032012939453 -1 830.40185546875 157.13044738769531 408 1064.5294189453125 158.17605590820312 482 825.19183349609375 175.07554626464844 141 825.19183349609375 175.07554626464844 -1 736.47064208984375 233.86476135253906 7 384.77267456054688 255.11790466308594 1099 205.35691833496094 393.54318237304688 1040 146.58831787109375 438.99462890625 -1 130.8729248046875 451.18215942382812 412 117.96672058105469 461.03030395507812 -1 140.1748046875 475.95730590820312 -1 158.17912292480469 604.51092529296875 -1 173.53858947753906 627.431884765625 -1 173.53858947753906 627.431884765625 -1 472.57095336914062 40.225669860839844 901 472.57095336914062 40.225669860839844 1 473.48617553710938 47.142230987548828 12 473.48617553710938 47.142230987548828 533 804.397705078125 70.255378723144531 -1 483.54776000976562 107.04677581787109 -1 812.62811279296875 111.19187927246094 -1 1071.9666748046875 137.26316833496094 -1 796.33380126953125 144.62898254394531 377 794.22314453125 154.0872802734375 -1 813.09967041015625 157.08517456054688 -1 596.5064697265625 161.84800720214844 17 585.593994140625 174.14122009277344 -1 585.593994140625 174.14122009277344 -1 817.6728515625 174.97843933105469 473 816.387939453125 183.88310241699219 310 690.89678955078125 233.85319519042969 898 704.77606201171875 233.85130310058594 1288 726.404296875 233.84825134277344 908 736.1492919921875 238.71017456054688 9 736.81512451171875 243.28411865234375 21 812.1253662109375 268.27786254882812 1036 372.48458862304688 297.03860473632812 -1 136.60113525390625 442.12890625 -1 139.36795043945312 445.20187377929688 -1 128.44674682617188 448.1365966796875 -1 143.65266418457031 467.95895385742188 -1 745.290283203125 544.99481201171875 664 172.06602478027344 588.08111572265625 -1 175.1693115234375 630.94683837890625 -1 828.6551513671875 43.320255279541016 379 619.6690673828125 46.569477081298828 895 473.48336791992188 47.298934936523438 533 779.52862548828125 69.803413391113281 414 804.29083251953125 70.431625366210938 -1 765.5557861328125 86.547706604003906 148 799.55523681640625 103.27226257324219 -1 799.55523681640625 103.27226257324219 549 483.57608032226562 107.30884552001953 168 810.4017333984375 139.90324401855469 -1 762.6412353515625 140.2020263671875 474 776.4393310546875 140.13156127929688 1166 791.4644775390625 140.50381469726562 -1 782.48553466796875 144.77650451660156 665 787.73577880859375 179.00296020507812 -1 787.73577880859375 179.00296020507812 31 813.4083251953125 179.35380554199219 151 822.822998046875 179.62019348144531 415 804.169677734375 183.80184936523438 32 802.2470703125 202.49945068359375 416 802.2470703125 202.49945068359375 1182 695.2862548828125 243.6468505859375 1106 937.70831298828125 423.4295654296875 -1 129.43063354492188 478.75576782226562 -1 785.9471435546875 541.018310546875 -1 134.44650268554688 631.29644775390625 -1 752.49505615234375 33.806423187255859 23 763.17529296875 41.028610229492188 34 862.51214599609375 63.775867462158203 906 779.08660888671875 86.248306274414062 330 807.64703369140625 89.517539978027344 419 778.53106689453125 94.55487060546875 420 800.32562255859375 94.254081726074219 421 476.20529174804688 103.53739929199219 -1 771.21502685546875 111.11445617675781 -1 797.53594970703125 117.132568359375 -1 797.53594970703125 117.132568359375 -1 777.47662353515625 117.01836395263672 422 490.29107666015625 142.35159301757812 150 497.14898681640625 149.84521484375 554 788.76434326171875 150.51405334472656 29 788.76434326171875 150.51405334472656 30 711.2427978515625 151.30194091796875 494 761.54522705078125 151.43620300292969 38 777.00543212890625 151.35317993164062 28 492.98443603515625 158.47869873046875 556 813.853515625 159.0821533203125 -1 805.75213623046875 197.20291137695312 322 847.04986572265625 211.33876037597656 -1 841.24554443359375 216.23800659179688 503 396.69296264648438 241.25550842285156 613 415.53713989257812 319.41384887695312 1046 107.20654296875 494.70504760742188 -1 780.95989990234375 548.43341064453125 428 780.95989990234375 548.43341064453125 429 760.33770751953125 549.9200439453125 1156 10.655154228210449 553.3553466796875 497 490.98480224609375 54.500022888183594 191 781.0592041015625 57.550682067871094 318 846.77191162109375 64.512016296386719 45 482.55636596679688 97.875625610351562 332 885.22314453125 106.92401123046875 498 805.21710205078125 108.03470611572266 -1 477.126708984375 113.40412139892578 -1 893.50140380859375 115.06092071533203 385 811.97442626953125 119.99649047851562 -1 487.37933349609375 123.89298248291016 386 770.205078125 123.52512359619141 -1 1103.2451171875 144.37564086914062 512 1103.2451171875 144.37564086914062 513 729.09552001953125 151.39469909667969 37 836.85699462890625 152.06277465820312 171 829.43450927734375 159.47291564941406 309 813.9271240234375 159.54043579101562 305 793.37261962890625 165.18228149414062 436 717.25164794921875 190.21083068847656 321 790.90667724609375 190.3974609375 88 812.38043212890625 191.33908081054688 666 812.38043212890625 191.33908081054688 666 930.34881591796875 300.09048461914062 51 190.91946411132812 389.96722412109375 -1 191.94367980957031 397.9847412109375 507 125.44873046875 457.69073486328125 -1 137.96705627441406 470.55612182617188 509 27.832199096679688 554.86907958984375 -1 175.84684753417969 574.91912841796875 -1 164.56082153320312 622.326416015625 -1 1106.3603515625 8.6891288757324219 -1 453.88772583007812 9.5202112197875977 -1 854.8419189453125 26.20356559753418 341 461.5086669921875 31.421497344970703 176 854.6453857421875 36.216617584228516 177 874.9005126953125 37.140449523925781 -1 464.30792236328125 54.973331451416016 894 855.688232421875 56.308032989501953 178 808.4134521484375 58.790073394775391 164 831.37445068359375 58.09991455078125 179 477.24679565429688 63.294513702392578 475 853.01824951171875 78.713966369628906 899 481.04833984375 83.423294067382812 441 846.03607177734375 110.60268402099609 535 1078.93603515625 122.18096160888672 897 1092.7630615234375 122.16672515869141 346 480.08157348632812 131.51193237304688 606 1085.43798828125 133.43197631835938 910 1096.7098388671875 133.55908203125 335 892.75384521484375 134.88021850585938 59 484.12442016601562 150.22245788574219 571 716.49163818359375 160.73442077636719 353 1064.038330078125 164.38850402832031 540 1086.06640625 175.20030212402344 -1 429.69143676757812 361.0150146484375 -1 1172.6827392578125 454.15139770507812 -1 1132.1529541015625 456.00564575195312 449 1172.02490234375 465.41384887695312 -1 170.39324951171875 594.18719482421875 -1 1056.6881103515625 657.8995361328125 -1 490.80435180664062 32.039505004882812 69 474.9925537109375 44.307376861572266 66 835.57843017578125 46.605182647705078 364 450.8238525390625 64.687187194824219 91 466.64089965820312 72.459953308105469 450 492.3189697265625 72.87109375 587 771.46307373046875 77.244544982910156 668 452.32174682617188 80.527877807617188 -1 841.4505615234375 89.586135864257812 57 432.1268310546875 104.52006530761719 -1 902.2568359375 125.04443359375 46 1074.583984375 145.93507385253906 518 1083.9007568359375 162.90104675292969 1186 1071.162109375 174.7420654296875 536 1087.7889404296875 211.65426635742188 516 762.9202880859375 233.40245056152344 1290 762.9202880859375 233.40245056152344 1289 932.00225830078125 308.99484252929688 62 932.00225830078125 308.99484252929688 63 251.10824584960938 361.86907958984375 538 182.79421997070312 599.8648681640625 -1 1045.882568359375 667.96868896484375 -1 936.81024169921875 48.366249084472656 55 471.14501953125 98.341316223144531 193 805.046142578125 177.44630432128906 355 826.43994140625 177.92828369140625 194 418.54788208007812 347.92056274414062 660 153.85105895996094 419.43905639648438 -1 826.47674560546875 545.17657470703125 -1 706.79736328125 550.56744384765625 519 749.15771484375 556.8812255859375 658 35.492076873779297 565.43695068359375 -1 957.67413330078125 24.556270599365234 1077 807.3812255859375 276.27505493164062 373 100.67072296142578 459.69522094726562 -1 161.64671325683594 468.39865112304688 576 109.51405334472656 509.0894775390625 1179 38.843620300292969 564.1204833984375 -1 1109.0443115234375 589.7340087890625 -1 316.50302124023438 607.3531494140625 -1 786.24249267578125 75.998405456542969 74 1089.8740234375 104.25576019287109 578 1089.8740234375 104.25576019287109 579 1078.1236572265625 193.17579650878906 913 1078.1236572265625 193.17579650878906 912 820.38201904296875 207.33950805664062 1139 335.54519653320312 307.26626586914062 -1 318.755859375 320.9365234375 582 318.755859375 320.9365234375 1137 418.56143188476562 343.87118530273438 660 177.40914916992188 429.80184936523438 -1 945.19989013671875 466.0020751953125 -1 945.19989013671875 466.0020751953125 -1 900.6710205078125 469.5433349609375 -1 800.53875732421875 549.94390869140625 469 1222.74560546875 23.675182342529297 399 1006.0554809570312 27.134941101074219 357 1025.6221923828125 55.784534454345703 202 826.00030517578125 68.781356811523438 358 1064.4959716796875 76.155517578125 204 789.517578125 120.11577606201172 77 822.24578857421875 141.73410034179688 79 996.19281005859375 307.6148681640625 359 544.0941162109375 368.52130126953125 -1 831.68682861328125 530.85986328125 -1 735.624755859375 550.5687255859375 471 735.624755859375 550.5687255859375 401 1071.953857421875 691.29669189453125 -1
198 0.9964918888109624 0.048162081318032186 0.057745006299917481 0.036740219167804677 -0.8699057265086213 0.40493196275784282 -2.5728650246918572 198 moving_frame_0197.png
793.97998046875 139.71331787109375 -1 793.97998046875 139.71331787109375 -1 491.55001831054688 141.00875854492188 -1 503.54876708984375 141.05142211914062 301 503.54876708984375 141.05142211914062 84 785.60028076171875 178.77275085449219 -1 796.0142822265625 199.42686462402344 -1 721.52142333984375 234.874267578125 -1 147.65301513671875 438.4000244140625 -1 757.13922119140625 536.2674560546875 405 475.63095092773438 40.962135314941406 1 1075.0789794921875 124.45268249511719 -1 1065.7120361328125 135.9715576171875 -1 1070.976806640625 136.0145263671875 -1 1082.1365966796875 135.93618774414062 -1 787.94183349609375 150.765625 -1 791.6944580078125 153.02761840820312 -1 791.6944580078125 153.02761840820312 -1 1071.210693359375 154.41184997558594 402 1079.417724609375 154.53276062011719 532 1062.90380859375 157.33009338378906 -1 1067.8941650390625 157.30940246582031 -1 1075.3519287109375 157.34312438964844 212 727.72369384765625 168.49211120605469 596 757.4091796875 168.51596069335938 -1 784.7689208984375 172.132080078125 5 735.4903564453125 231.80213928222656 7 735.30706787109375 236.09896850585938 9 361.45611572265625 412.91876220703125 -1 162.01608276367188 422.7401123046875 -1 165.15274047851562 451.74685668945312 -1 160.01457214355469 455.88906860351562 -1 741.98583984375 533.0980224609375 664 790.4542236328125 536.5010986328125 -1 790.4542236328125 536.5010986328125 -1 462.30902099609375 47.665836334228516 597 476.51504516601562 47.665691375732422 12 785.53594970703125 59.3472900390625 -1 1056.116943359375 127.87486267089844 480 1055.0396728515625 135.67063903808594 -1 774.528076171875 140.29460144042969 1166 1057.4560546875 154.2249755859375 481 597.152099609375 160.79873657226562 17 689.8197021484375 231.89288330078125 898 702.90423583984375 231.88987731933594 1288 725.40936279296875 231.81068420410156 908 735.73858642578125 240.21598815917969 21 721.25543212890625 248.96664428710938 -1 222.4588623046875 380.97589111328125 410 153.42958068847656 429.08795166015625 -1 145.09602355957031 435.26449584960938 -1 139.896484375 444.5711669921875 -1 332.83029174804688 444.9354248046875 -1 162.42396545410156 458.95950317382812 -1 151.5318603515625 462.17019653320312 -1 153.98876953125 465.21975708007812 -1 143.31976318359375 468.26754760742188 544 191.06895446777344 566.30859375 -1 1167.2598876953125 5.1418957710266113 -1 751.263427734375 34.4949951171875 23 751.263427734375 34.4949951171875 146 619.67950439453125 37.430625915527344 907 826.0791015625 44.698211669921875 379 619.67950439453125 46.567367553710938 895 857.15118408203125 85.496284484863281 487 763.48394775390625 86.78594970703125 148 798.23797607421875 97.619132995605469 421 798.23797607421875 97.619132995605469 -1 1082.463134765625 128.33538818359375 -1 760.90814208984375 139.15484619140625 474 779.6895751953125 143.994384765625 26 779.6895751953125 143.994384765625 665 1047.35400390625 153.45156860351562 482 495.10098266601562 156.98262023925781 555 495.10098266601562 156.98262023925781 556 818.86712646484375 157.81192016601562 629 785.58709716796875 177.17793273925781 31 810.06317138671875 177.75804138183594 151 820.2344970703125 178.12513732910156 415 813.72930908203125 182.56202697753906 310 694.27276611328125 240.68241882324219 1106 707.73101806640625 248.53981018066406 1087 721.1455078125 248.64195251464844 551 420.51318359375 314.47512817382812 1046 421.84130859375 323.65411376953125 1110 222.85137939453125 380.79641723632812 -1 166.13835144042969 425.14892578125 -1 148.14144897460938 470.734375 -1 757.4046630859375 537.21563720703125 1156 1174.9620361328125 5.8730473518371582 -1 761.63287353515625 40.899524688720703 34 779.274169921875 55.572170257568359 318 815.145751953125 57.616989135742188 -1 770.095458984375 81.158126831054688 668 776.5706787109375 86.878410339355469 330 798.79217529296875 86.993629455566406 492 804.7265625 92.989761352539062 419 776.5611572265625 98.674171447753906 420 775.500732421875 120.83464813232422 422 1068.4754638671875 128.00857543945312 -1 492.62420654296875 141.54388427734375 -1 492.62420654296875 141.54388427734375 150 775.3656005859375 149.86933898925781 28 785.90869140625 149.82423400878906 30 759.6103515625 150.05860900878906 38 827.40185546875 157.62492370605469 309 587.1396484375 171.68199157714844 -1 801.02001953125 182.52192687988281 32 715.95379638671875 188.46186828613281 321 715.95379638671875 188.46186828613281 -1 802.59051513671875 195.08351135253906 322 802.59051513671875 195.08351135253906 323 208.32862854003906 385.59085083007812 507 968.98150634765625 431.92605590820312 -1 777.40692138671875 536.36944580078125 428 777.40692138671875 536.36944580078125 429 784.9046630859375 48.991390228271484 326 859.74090576171875 64.542633056640625 906 843.5233154296875 65.323410034179688 45 849.7470703125 79.096473693847656 899 496.52017211914062 102.87702941894531 334 488.092529296875 112.18410491943359 168 842.69549560546875 111.73381805419922 -1 887.5675048828125 114.09362030029297 385 833.26141357421875 120.40740966796875 -1 1058.6341552734375 141.87251281738281 -1 487.150634765625 148.87661743164062 571 499.38998413085938 149.15528869628906 554 811.06890869140625 158.85392761230469 305 1047.982177734375 161.23643493652344 540 790.9144287109375 163.32919311523438 436 727.98455810546875 167.55552673339844 48 757.578125 167.34306335449219 49 788.42010498046875 188.75180053710938 88 809.8626708984375 189.53775024414062 666 817.9320068359375 189.85406494140625 502 207.10870361328125 378.18865966796875 -1 157.43058776855469 455.655517578125 -1 736.8685302734375 532.14404296875 514 822.44329833984375 630.72509765625 -1 464.39111328125 31.981821060180664 176 832.8270263671875 48.024532318115234 364 467.4893798828125 56.328334808349609 894 492.89120483398438 56.354198455810547 191 852.60968017578125 56.619850158691406 178 805.08929443359375 58.786190032958984 164 829.29638671875 58.286235809326172 179 770.56683349609375 63.039138793945312 645 480.0562744140625 63.563991546630859 475 843.044921875 66.261695861816406 -1 849.8770751953125 78.899177551269531 899 482.79867553710938 80.40692138671875 441 495.27886962890625 86.930030822753906 -1 485.3529052734375 95.4288330078125 332 802.4473876953125 112.33349609375 -1 842.87921142578125 111.66576385498047 535 1061.9024658203125 120.48651885986328 897 1076.8123779296875 120.41484832763672 346 482.24172973632812 129.55552673339844 606 1068.9251708984375 131.44940185546875 910 1080.8890380859375 131.65495300292969 335 1058.67529296875 141.7386474609375 -1 1047.965087890625 161.26522827148438 540 1066.3890380859375 160.27197265625 1186 1066.3890380859375 160.27197265625 914 708.5408935546875 246.97538757324219 -1 150.15609741210938 440.46490478515625 -1 1111.526123046875 440.57192993164062 449 1111.9503173828125 450.5841064453125 -1 1111.9503173828125 450.5841064453125 -1 1138.6981201171875 450.72573852539062 -1 1138.6981201171875 450.72573852539062 -1 1032.16259765625 621.92852783203125 -1 1090.826171875 9.733485221862793 -1 849.32861328125 26.001247406005859 341 478.34133911132812 46.414253234863281 66 929.9161376953125 49.840457916259766 55 494.23153686523438 71.638313293457031 587 838.76666259765625 88.673690795898438 57 433.94915771484375 100.21835327148438 -1 476.177734375 103.23334503173828 193 887.90521240234375 133.88868713378906 59 622.8525390625 165.77391052246094 348 1054.55712890625 171.25672912597656 536 826.05108642578125 176.82351684570312 194 761.7435302734375 231.06082153320312 1290 761.7435302734375 231.06082153320312 1289 924.22711181640625 303.01513671875 62 924.22711181640625 303.01513671875 63 131.07403564453125 490.43939208984375 -1 948.84185791015625 25.44853401184082 1077 494.6837158203125 33.050910949707031 69 1055.754638671875 144.40756225585938 -1 802.82183837890625 174.73544311523438 355 423.19134521484375 341.86395263671875 660 173.44551086425781 406.23916625976562 -1 497.46243286132812 65.938850402832031 -1 474.02670288085938 99.745140075683594 193 802.0601806640625 174.04299926757812 355 1063.1121826171875 188.75094604492188 913 1063.1121826171875 188.75094604492188 912 804.39373779296875 273.10848999023438 373 423.261962890625 339.53912353515625 660 937.939453125 439.57315063476562 -1 937.939453125 439.57315063476562 -1 1076.022705078125 565.74267578125 -1 472.87100219726562 10.560098648071289 266 996.73040771484375 28.873991012573242 357 1073.7242431640625 102.97898864746094 578 1073.7242431640625 102.97898864746094 579 816.6790771484375 205.18614196777344 1139 325.11233520507812 316.11700439453125 582 325.11233520507812 316.11700439453125 1137 195.63723754882812 415.8243408203125 -1 896.107177734375 443.4591064453125 -1 80.058876037597656 533.61090087890625 -1 794.26043701171875 537.07940673828125 469 794.26043701171875 537.07940673828125 -1 829.24945068359375 545.3057861328125 -1 472.60330200195312 8.1573114395141602 363 1199.1719970703125 26.741373062133789 399 1013.66845703125 55.876022338867188 202 824.04681396484375 67.9835205078125 358 783.84893798828125 77.007125854492188 74 1050.696044921875 75.416496276855469 204 787.62939453125 119.72843933105469 77 819.031005859375 140.76754760742188 79 952.8009033203125 274.90768432617188 -1 985.88397216796875 300.97222900390625 359 689.032958984375 328.84368896484375 83 812.29034423828125 503.42990112304688 -1 731.35150146484375 537.13958740234375 471 731.35150146484375 537.13958740234375 401 186.85231018066406 661.38311767578125 -1
161 0.9974781663895621 0.064583909119503596 -0.012168921576776948 0.02679820155568512 2.8407765393280959 -0.25450516327334499 3.6773821088323286 161 moving_frame_0160.png
1075.6085205078125 16.958612442016602 -1 851.9525146484375 25.612392425537109 -1 859.07757568359375 25.738792419433594 -1 555.78826904296875 29.993423461914062 -1 906.10205078125 33.040622711181641 -1 752.52435302734375 46.775047302246094 -1 816.49847412109375 98.059440612792969 817 846.52264404296875 98.429306030273438 9 816.4696044921875 104.93527221679688 -1 835.81024169921875 104.94368743896484 -1 442.96664428710938 136.8804931640625 -1 549.7060546875 151.73538208007812 -1 1247.4801025390625 164.2122802734375 -1 194.65522766113281 206.96441650390625 -1 481.56118774414062 306.608154296875 -1 486.298828125 306.61749267578125 -1 312.90280151367188 431.50762939453125 -1 873.71258544921875 20.113225936889648 -1 880.00537109375 22.817644119262695 -1 907.34857177734375 54.284641265869141 -1 938.298828125 86.193145751953125 -1 802.615966796875 95.04217529296875 898 802.615966796875 95.04217529296875 546 839.383544921875 95.034652709960938 908 846.45611572265625 95.079742431640625 7 836.84881591796875 98.267326354980469 -1 593.8944091796875 101.36442565917969 -1 899.79608154296875 123.2869873046875 -1 984.0126953125 137.60183715820312 -1 294.06582641601562 431.63253784179688 -1 915.871826171875 6.5421371459960938 -1 894.88946533203125 7.0236454010009766 -1 894.88946533203125 7.0236454010009766 -1 860.28533935546875 19.315855026245117 -1 813.4580078125 95.090591430664062 1288 831.8038330078125 101.74797058105469 -1 550.10406494140625 151.07829284667969 -1 560.9398193359375 198.51078796386719 -1 582.3109130859375 198.42793273925781 -1 331.85357666015625 421.84011840820312 -1 884.8387451171875 26.945066452026367 30 872.3421630859375 27.960691452026367 -1 858.6436767578125 27.766225814819336 -1 930.74847412109375 29.3056640625 171 905.0784912109375 69.56097412109375 -1 846.1363525390625 102.33207702636719 -1 976.14788818359375 138.76191711425781 -1 582.62188720703125 212.57022094726562 -1 560.951416015625 220.48466491699219 -1 584.073486328125 220.40403747558594 -1 899.2991943359375 297.87649536132812 -1 1116.3751220703125 331.00534057617188 -1 343.86859130859375 407.20809936523438 -1 330.59054565429688 422.39578247070312 -1 330.59054565429688 422.39578247070312 -1 168.35700988769531 606.2669677734375 -1 868.356201171875 6.7510809898376465 1058 881.72698974609375 7.1902966499328613 -1 874.33319091796875 14.058581352233887 -1 1069.2789306640625 21.320211410522461 172 1079.653076171875 21.025346755981445 540 919.264892578125 28.446699142456055 226 834.86163330078125 44.008392333984375 -1 896.430908203125 66.96075439453125 -1 933.36260986328125 82.349632263183594 1292 630.22894287109375 87.509025573730469 -1 853.1136474609375 94.319435119628906 -1 862.88201904296875 95.684898376464844 534 594.16595458984375 99.315521240234375 -1 816.71905517578125 108.75018310546875 1087 836.12567138671875 108.64338684082031 551 531.4945068359375 162.07435607910156 -1 531.4945068359375 162.07435607910156 -1 461.49557495117188 308.281005859375 -1 461.49557495117188 308.281005859375 -1 451.34048461914062 313.24530029296875 -1 1050.117919921875 338.05227661132812 -1 1115.665283203125 337.54501342773438 -1 415.67626953125 358.79119873046875 -1 314.84219360351562 411.65673828125 -1 978.99700927734375 8.0757160186767578 -1 1100.1964111328125 20.376300811767578 767 1073.2467041015625 28.242258071899414 188 865.70880126953125 44.195476531982422 49 886.59478759765625 59.932899475097656 88 903.26593017578125 61.014511108398438 666 903.26593017578125 61.014511108398438 666 869.9163818359375 96.2252197265625 1290 869.9163818359375 96.2252197265625 1289 1019.20068359375 122.41610717773438 -1 897.56536865234375 290.46875 -1 1061.3359375 300.78866577148438 -1 1116.225830078125 330.3135986328125 -1 967.30322265625 340.9744873046875 -1 364.10409545898438 379.98818969726562 -1 333.90310668945312 380.20941162109375 -1 952.3812255859375 482.0224609375 -1 310.8544921875 551.69573974609375 -1 132.43536376953125 599.229248046875 -1 824.476318359375 36.606613159179688 702 709.64874267578125 38.693576812744141 -1 896.175048828125 52.097076416015625 -1 921.7042236328125 51.313385009765625 194 634.54852294921875 97.965995788574219 1293 581.589599609375 195.44058227539062 -1 516.3714599609375 296.6478271484375 -1 516.3714599609375 296.6478271484375 -1 1038.4521484375 305.64053344726562 -1 515.59954833984375 313.36285400390625 -1 1107.6697998046875 314.681884765625 -1 1128.6619873046875 323.02249145507812 -1 1074.383544921875 326.29779052734375 -1 1100.979736328125 325.470947265625 -1 387.86322021484375 335.04733276367188 -1 483.33981323242188 333.8531494140625 -1 1076.904296875 339.59548950195312 -1 325.30047607421875 394.703857421875 -1 353.53164672851562 394.84262084960938 -1 364.72756958007812 439.89117431640625 -1 364.72756958007812 439.89117431640625 -1 1214.0389404296875 461.85379028320312 -1 1007.0923461914062 472.98837280273438 -1 243.26974487304688 526.84124755859375 -1 284.19692993164062 567.1285400390625 -1 284.19692993164062 567.1285400390625 -1 172.72879028320312 598.69659423828125 -1 616.46722412109375 36.650691986083984 970 1076.2657470703125 39.614494323730469 -1 1076.2657470703125 39.614494323730469 -1 1080.8931884765625 52.868198394775391 -1 687.9334716796875 133.80162048339844 -1 1016.4203491210938 143.35552978515625 -1 974.00115966796875 144.25912475585938 -1 561.3304443359375 194.42768859863281 -1 563.2572021484375 216.63935852050781 -1 582.146240234375 216.67103576660156 -1 473.52560424804688 287.41140747070312 -1 527.809814453125 288.4285888671875 -1 429.88040161132812 293.74551391601562 -1 831.68096923828125 300.14422607421875 -1 831.68096923828125 300.14422607421875 -1 899.04052734375 302.50296020507812 -1 501.24044799804688 321.92410278320312 -1 526.74615478515625 324.28878784179688 -1 356.97286987304688 369.86956787109375 -1 317.29931640625 414.53121948242188 -1 349.83175659179688 440.13497924804688 -1 298.48013305664062 446.46804809570312 -1 991.92724609375 482.16592407226562 -1 1037.875 492.791259765625 -1 273.5579833984375 548.6820068359375 -1 361.45620727539062 550.6484375 -1 293.11337280273438 554.5975341796875 -1 324.38162231445312 555.92230224609375 -1 310.43991088867188 565.36773681640625 -1 345.56631469726562 571.35699462890625 -1 780.8946533203125 39.346969604492188 1253 1094.874755859375 40.079444885253906 -1 1094.874755859375 40.079444885253906 -1 885.57391357421875 103.85030364990234 1255 1018.5432739257812 115.28163146972656 -1 1018.5432739257812 115.28163146972656 -1 1064.17822265625 136.66395568847656 -1 1219.1480712890625 171.31404113769531 -1 1219.1480712890625 171.31404113769531 -1 443.95913696289062 308.87054443359375 -1 1084.5704345703125 314.288818359375 -1 1141.8743896484375 315.38262939453125 -1 1141.8743896484375 315.38262939453125 -1 403.74179077148438 316.32144165039062 -1 1141.0089111328125 342.3236083984375 -1 411.24081420898438 344.38397216796875 -1 314.19644165039062 451.29071044921875 -1 349.66802978515625 512.384033203125 -1 230.16716003417969 689.3271484375 -1 906.89007568359375 76.093154907226562 1298 1063.251220703125 135.22259521484375 -1 1218.44970703125 171.95028686523438 -1 175.3260498046875 191.73930358886719 -1 1098.416015625 295.37405395507812 -1 1025.646240234375 331.8966064453125 -1 1025.646240234375 331.8966064453125 -1 384.30935668945312 357.1300048828125 -1 882.83428955078125 459.99029541015625 -1 965.4215087890625 509.68865966796875 -1 826.28753662109375 120.38303375244141 99 614.163330078125 172.38926696777344 -1 906.37457275390625 258.10110473632812 -1 876.31524658203125 281.5853271484375 -1 462.859619140625 326.98001098632812 -1 953.4495849609375 468.89422607421875 -1 1075.7132568359375 487.23590087890625 -1 916.7017822265625 492.37359619140625 -1 1118.3780517578125 522.62628173828125 -1 308.40414428710938 536.33917236328125 -1 248.06784057617188 553.7303466796875 -1 179.7601318359375 593.9102783203125 -1 278.4278564453125 597.89300537109375 -1 914.97686767578125 19.088375091552734 1299 550.19482421875 49.828849792480469 1269 550.19482421875 49.828849792480469 -1 940.92962646484375 47.310409545898438 81 927.9384765625 101.93764495849609 1270 927.9384765625 101.93764495849609 1271 1117.3392333984375 107.10951232910156 -1 933.660400390625 179.43058776855469 -1 1142.6644287109375 323.56903076171875 -1 343.0245361328125 460.26284790039062 -1 256.60845947265625 564.038330078125 -1 313.58660888671875 587.85394287109375 -1 123.04257202148438 614.907470703125 -1 173.23828125 626.364501953125 -1
187 0.94574073701157202 0.025335389771314706 -0.31770047484788755 0.063237525753076909 9.8212930642566345 0.24235931455236678 698.09246229902783 188 moving_frame_0187.png
1111.4859619140625 43.293735504150391 -1 1118.5179443359375 83.927200317382812 -1 766.5120849609375 100.91526031494141 -1 783.48779296875 100.88749694824219 -1 748.47637939453125 107.86288452148438 -1 748.47637939453125 107.86288452148438 -1 1081.128662109375 111.38504028320312 -1 785.43463134765625 134.26045227050781 -1 785.43463134765625 134.26045227050781 84 897.02001953125 135.85928344726562 -1 1037.4522705078125 149.49504089355469 -1 1023.2191772460938 166.29917907714844 -1 1057.5213623046875 181.61100769042969 -1 947.5001220703125 225.67292785644531 -1 1080.0537109375 118.93033599853516 -1 1079.0067138671875 127.27222442626953 -1 1270.1591796875 145.78218078613281 -1 1275.8880615234375 145.90321350097656 -1 993.66033935546875 166.26774597167969 678 1097.879150390625 169.10745239257812 -1 993.48065185546875 222.43412780761719 -1 993.48065185546875 222.43412780761719 -1 956.98974609375 226.34388732910156 -1 951.496337890625 230.12016296386719 -1 751.9449462890625 29.974956512451172 -1 1108.131103515625 40.212860107421875 -1 900.4842529296875 47.585170745849609 -1 768.45941162109375 50.212337493896484 12 768.45941162109375 50.212337493896484 533 745.49310302734375 111.03125762939453 -1 775.194580078125 133.94993591308594 -1 1055.1551513671875 152.51751708984375 -1 1101.0740966796875 155.233154296875 -1 870.30609130859375 156.20855712890625 550 1094.107177734375 172.16835021972656 -1 948.257568359375 221.85629272460938 -1 961.74114990234375 222.1640625 -1 983.4652099609375 222.00741577148438 908 992.722900390625 226.19993591308594 9 965.50390625 226.33834838867188 817 979.491455078125 226.19894409179688 306 563.256591796875 291.54193115234375 -1 677.63385009765625 303.42385864257812 -1 410.1431884765625 367.61172485351562 -1 176.34828186035156 545.6402587890625 -1 1117.1829833984375 705.15533447265625 -1 751.94891357421875 30.003913879394531 -1 1041.58203125 34.829399108886719 -1 901.6925048828125 39.452152252197266 -1 768.4464111328125 50.349193572998047 -1 1078.5106201171875 100.40029907226562 -1 767.3094482421875 111.79181671142578 -1 1075.5745849609375 114.96430206298828 -1 775.37060546875 134.04939270019531 150 1050.8740234375 136.24034118652344 -1 781.0863037109375 138.72370910644531 554 1055.7093505859375 140.52540588378906 -1 1063.5228271484375 142.6829833984375 -1 776.92205810546875 148.85025024414062 556 1079.8773193359375 148.28936767578125 -1 1079.8773193359375 148.28936767578125 -1 1070.8431396484375 179.061767578125 -1 690.82403564453125 210.24041748046875 -1 712.3419189453125 210.44729614257812 -1 960.68487548828125 231.25923156738281 822 968.8966064453125 231.27232360839844 -1 975.12451171875 231.27903747558594 152 984.62371826171875 231.21426391601562 -1 992.8846435546875 231.00239562988281 21 701.53240966796875 283.59628295898438 -1 563.37030029296875 291.45907592773438 -1 524.4053955078125 316.04519653320312 -1 379.86270141601562 367.32574462890625 -1 402.85513305664062 367.5384521484375 -1 410.23263549804688 367.76309204101562 -1 32.813037872314453 621.90435791015625 -1 34.593551635742188 633.87310791015625 -1 1183.08251953125 689.4698486328125 -1 1116.830078125 705.5968017578125 -1 1075.57373046875 86.991325378417969 -1 1058.4189453125 87.087623596191406 -1 1092.2392578125 87.372146606445312 -1 1092.2392578125 87.372146606445312 -1 1073.7750244140625 122.77170562744141 761 1073.7750244140625 122.77170562744141 -1 1070.96826171875 136.000244140625 -1 770.2442626953125 139.27626037597656 571 1076.4617919921875 141.61799621582031 -1 1076.4617919921875 141.61799621582031 -1 999.357666015625 146.12948608398438 37 1054.9781494140625 173.36283874511719 31 977.77386474609375 182.07740783691406 321 1048.2423095703125 184.3216552734375 -1 1095.4854736328125 204.70016479492188 40 977.99859619140625 237.60076904296875 551 156.82589721679688 364.42852783203125 -1 1200.224609375 411.3299560546875 -1 11.099214553833008 612.04534912109375 -1 1119.220703125 714.3323974609375 -1 1038.842529296875 27.205995559692383 -1 1104.6806640625 49.899971008300781 -1 1115.1317138671875 49.591072082519531 -1 1122.4605712890625 65.33856201171875 -1 731.3634033203125 87.79248046875 -1 772.5030517578125 91.300224304199219 165 782.53033447265625 100.21694183349609 334 1063.49609375 100.07785797119141 -1 773.53070068359375 106.75110626220703 168 1071.326171875 134.19819641113281 763 1071.326171875 134.19819641113281 -1 1068.6600341796875 147.93899536132812 -1 1253.538818359375 151.968994140625 -1 994.58404541015625 163.30661010742188 48 1023.4838256835938 163.6202392578125 49 1057.2406005859375 184.28269958496094 50 1069.66455078125 191.49873352050781 764 1098.1748046875 190.97615051269531 -1 1068.6102294921875 205.12515258789062 768 1154.1611328125 277.92849731445312 -1 743.13885498046875 313.91128540039062 -1 956.9508056640625 465.59384155273438 -1 11.748291015625 611.7684326171875 -1 40.084304809570312 612.62451171875 -1 14.519438743591309 626.62335205078125 -1 1179.3936767578125 697.90667724609375 -1 757.8460693359375 36.569149017333984 54 757.8460693359375 36.569149017333984 176 1132.76806640625 56.859848022460938 -1 782.7095947265625 59.238636016845703 191 1109.700439453125 58.258327484130859 -1 728.86358642578125 60.305828094482422 -1 1122.0980224609375 66.372329711914062 -1 770.9271240234375 68.559814453125 475 730.6416015625 74.82073974609375 -1 1084.5135498046875 77.87542724609375 -1 742.09149169921875 80.26654052734375 877 762.16278076171875 84.652397155761719 911 1063.8001708984375 99.766685485839844 -1 764.6195068359375 99.442123413085938 193 1144.6158447265625 129.75456237792969 -1 982.44219970703125 155.20542907714844 353 1057.1964111328125 184.138427734375 -1 1069.3887939453125 191.66720581054688 -1 1021.446044921875 224.50704956054688 -1 1021.446044921875 224.50704956054688 -1 532.5693359375 322.67898559570312 -1 1212.262939453125 420.58413696289062 -1 599.59503173828125 544.39996337890625 -1 201.4241943359375 572.3055419921875 777 955.17718505859375 591.4298095703125 -1 15.955572128295898 609.70050048828125 -1 1064.681884765625 27.433042526245117 -1 784.00579833984375 37.245956420898438 69 728.2061767578125 49.699657440185547 -1 770.02484130859375 49.489421844482422 66 759.19903564453125 60.109275817871094 894 1131.0283203125 79.303985595703125 -1 1267.8309326171875 136.90872192382812 -1 1154.6993408203125 286.71517944335938 -1 1170.1240234375 413.1776123046875 -1 1170.1240234375 413.1776123046875 -1 184.29664611816406 531.16131591796875 -1 580.50067138671875 532.44256591796875 -1 567.35162353515625 541.9825439453125 -1 567.35162353515625 541.9825439453125 -1 164.54127502441406 547.5887451171875 -1 312.79818725585938 559.70953369140625 -1 312.79818725585938 559.70953369140625 -1 227.06619262695312 571.6802978515625 -1 288.691162109375 644.4251708984375 -1 1202.656982421875 28.772834777832031 -1 744.777587890625 49.731048583984375 259 1057.763671875 265.42697143554688 -1 700.34552001953125 298.34292602539062 -1 181.26052856445312 318.3421630859375 -1 556.87591552734375 323.86984252929688 -1 393.56338500976562 356.35842895507812 791 607.55828857421875 368.96743774414062 -1 182.23526000976562 373.31301879882812 -1 381.963134765625 374.69784545898438 -1 400.8070068359375 374.36126708984375 781 400.8070068359375 374.36126708984375 782 1244.307373046875 485.5352783203125 -1 200.858154296875 517.01116943359375 -1 683.89373779296875 528.05181884765625 -1 214.94056701660156 533.92657470703125 776 105.31356811523438 560.726318359375 -1 337.7059326171875 559.932373046875 -1 337.7059326171875 559.932373046875 -1 123.09558868408203 585.89862060546875 -1 210.45198059082031 586.091552734375 -1 1074.1568603515625 673.92059326171875 -1 768.73760986328125 18.898748397827148 266 761.42474365234375 95.623039245605469 193 1271.431884765625 100.60368347167969 -1 1271.431884765625 100.60368347167969 -1 1093.597412109375 108.52117156982422 -1 1075.226806640625 164.59352111816406 -1 1075.226806640625 164.59352111816406 -1 1256.6011962890625 197.19546508789062 -1 639.1033935546875 256.40740966796875 -1 1206.965087890625 285.88088989257812 -1 700.9967041015625 295.70263671875 -1 181.37905883789062 316.33554077148438 -1 307.39108276367188 338.87832641601562 -1 1262.7908935546875 349.40689086914062 -1 1262.7908935546875 349.40689086914062 -1 183.46376037597656 353.91845703125 -1 370.57586669921875 359.73587036132812 -1 535.2322998046875 358.77536010742188 -1 70.045166015625 577.59423828125 -1 123.73068237304688 585.87408447265625 -1 210.71635437011719 586.12774658203125 -1 260.71771240234375 619.01953125 -1 1149.9505615234375 694.33013916015625 -1 707.990478515625 29.974624633789062 -1 1242.5125732421875 30.950407028198242 -1 1251.0731201171875 55.356224060058594 -1 1069.2978515625 73.036148071289062 -1 1065.145751953125 118.23606872558594 -1 1072.55078125 198.28472900390625 -1 633.3175048828125 260.14297485351562 -1 633.3175048828125 260.14297485351562 -1 381.65838623046875 335.88458251953125 -1 648.119873046875 479.90576171875 -1 723.11773681640625 505.13412475585938 -1 942.61572265625 549.4862060546875 -1 586.39593505859375 600.27911376953125 -1 1022.897216796875 602.6739501953125 -1 1064.742431640625 673.80279541015625 -1 564.02264404296875 169.52374267578125 -1 564.02264404296875 169.52374267578125 -1 1183.762451171875 261.109130859375 -1 658.7801513671875 275.171630859375 -1 1009.80859375 544.57708740234375 -1 971.92095947265625 570.55157470703125 -1 312.58120727539062 583.588623046875 -1 312.58120727539062 583.588623046875 -1 88.6829833984375 598.37908935546875 -1 587.44927978515625 600.0074462890625 -1 938.44708251953125 602.20159912109375 -1 345.18991088867188 607.63165283203125 -1 1245.390380859375 628.66278076171875 -1 313.47259521484375 634.215576171875 -1
192 0.99828443874656481 0.043016744584811716 0.025108908832308416 0.030777942410632562 -0.053430327737306188 0.19733138765154665 -2.9116863809331024 193 moving_frame_0192.png
1065.2955322265625 23.63725471496582 210 778.77081298828125 25.164299011230469 -1 808.59234619140625 76.970840454101562 -1 808.59234619140625 76.970840454101562 -1 3.446589469909668 124.03289031982422 -1 992.951171875 144.47618103027344 -1 1007.987060546875 144.50830078125 -1 809.770263671875 149.21333312988281 -1 422.6405029296875 222.94595336914062 -1 123.40299224853516 453.01654052734375 -1 470.97125244140625 27.187644958496094 -1 488.579833984375 43.007766723632812 1 779.88116455078125 45.377880096435547 134 16.449623107910156 56.506404876708984 -1 15.453751564025879 61.565761566162109 -1 14.414996147155762 66.630348205566406 -1 13.447068214416504 72.471763610839844 -1 12.454013824462891 77.565780639648438 -1 11.454025268554688 82.565765380859375 -1 10.454069137573242 87.565742492675781 -1 9.4149961471557617 92.630348205566406 -1 8.4470691680908203 98.471763610839844 -1 7.4540133476257324 103.56578063964844 -1 6.4540257453918457 108.56576538085938 -1 5.4540696144104004 113.56574249267578 -1 4.4144096374511719 118.63047790527344 -1 2.4376187324523926 129.470703125 -1 1.2453906536102295 134.57919311523438 -1 1013.5120849609375 144.5501708984375 -1 780.38067626953125 148.72917175292969 -1 817.339111328125 149.50871276855469 408 774.031982421875 164.8099365234375 5 720.8326416015625 219.85006713867188 908 729.32220458984375 219.80769348144531 7 729.498291015625 223.83482360839844 9 287.04171752929688 330.4483642578125 -1 242.51895141601562 361.103759765625 -1 246.69314575195312 388.83853149414062 -1 125.79786682128906 455.46298217773438 -1 984.35015869140625 8.4084548950195312 215 984.35015869140625 8.4084548950195312 372 1067.6524658203125 16.997245788574219 -1 489.5201416015625 49.147911071777344 12 489.5201416015625 49.147911071777344 533 795.42535400390625 90.654670715332031 -1 752.7257080078125 135.5850830078125 474 764.6497802734375 135.74732971191406 1166 789.724609375 145.43791198730469 217 500.25338745117188 146.64234924316406 571 821.53662109375 146.40139770507812 171 824.563232421875 150.04631042480469 -1 1012.2125244140625 149.92478942871094 139 719.45947265625 163.37760925292969 678 751.714111328125 163.45466613769531 -1 798.619384765625 166.42466735839844 473 811.01068115234375 166.64262390136719 141 811.01068115234375 166.64262390136719 -1 794.50091552734375 170.04803466796875 151 684.79595947265625 219.82781982421875 898 696.7481689453125 219.90736389160156 1288 696.689697265625 228.17662048339844 144 380.25222778320312 254.70466613769531 -1 443.5556640625 292.29315185546875 313 443.83285522460938 299.86444091796875 -1 443.83285522460938 299.86444091796875 -1 242.26478576660156 361.16036987304688 -1 231.2508544921875 369.1837158203125 -1 233.17276000976562 372.6131591796875 412 222.12074279785156 376.268310546875 -1 214.91195678710938 388.25271606445312 -1 113.22388458251953 491.85610961914062 -1 76.362892150878906 493.64007568359375 -1 78.144157409667969 498.15524291992188 -1 78.144157409667969 498.15524291992188 -1 100.31411743164062 501.68911743164062 -1 101.15016937255859 506.1143798828125 -1 744.27154541015625 36.892803192138672 23 744.27154541015625 36.892803192138672 146 622.67706298828125 39.429363250732422 907 753.71246337890625 42.872714996337891 34 622.670654296875 48.570938110351562 895 489.48361206054688 49.430171966552734 533 810.52392578125 64.754638671875 -1 843.4561767578125 64.406845092773438 906 496.51019287109375 97.7657470703125 -1 765.68682861328125 119.57154846191406 422 786.04461669921875 123.49929809570312 -1 770.3704833984375 139.20143127441406 26 770.3704833984375 139.20143127441406 665 811.5211181640625 145.51376342773438 226 789.385986328125 165.66238403320312 18 774.44525146484375 169.71736145019531 31 788.59844970703125 174.30712890625 32 826.00927734375 189.66783142089844 1191 713.84954833984375 228.38404846191406 152 729.42840576171875 228.34724426269531 21 700.54754638671875 235.5361328125 1087 425.26361083984375 326.29202270507812 680 276.70809936523438 333.91726684570312 -1 224.20535278320312 380.17098999023438 -1 238.52813720703125 394.71780395507812 -1 99.061607360839844 461.45632934570312 -1 105.94180297851562 493.88839721679688 -1 96.989425659179688 497.8704833984375 -1 96.989425659179688 497.8704833984375 -1 62.439422607421875 504.6641845703125 -1 67.481292724609375 510.38204956054688 -1 792.71539306640625 58.375148773193359 164 767.5577392578125 85.918464660644531 25 785.5941162109375 86.086418151855469 230 773.76470947265625 91.302291870117188 -1 801.60430908203125 94.276741027832031 -1 766.7615966796875 95.995613098144531 420 506.75668334960938 101.73145294189453 -1 502.22003173828125 129.872802734375 386 721.80517578125 144.84553527832031 37 752.3662109375 144.98141479492188 38 767.00799560546875 144.98486328125 28 775.2249755859375 144.93345642089844 29 799.65374755859375 145.1885986328125 39 981.05120849609375 148.33711242675781 172 455.98602294921875 168.23014831542969 695 794.68682861328125 180.82302856445312 666 795.07647705078125 188.26380920410156 233 826.07977294921875 203.38796997070312 40 423.92996215820312 221.13044738769531 -1 274.03091430664062 328.55078125 388 291.7896728515625 328.5902099609375 689 276.11483764648438 334.04763793945312 -1 392.4176025390625 375.62417602539062 -1 103.18276214599609 455.460693359375 -1 280.54409790039062 457.13998413085938 -1 64.532539367675781 496.46270751953125 238 111.11013793945312 499.33245849609375 -1 78.481704711914062 510.4718017578125 -1 78.481704711914062 510.4718017578125 -1 827.7808837890625 40.286060333251953 -1 469.9813232421875 57.642768859863281 -1 502.16128540039062 57.499080657958984 191 830.334228515625 65.782295227050781 45 451.76382446289062 71.641670227050781 -1 835.81280517578125 79.277938842773438 899 801.78289794921875 83.794013977050781 -1 495.74853515625 86.244102478027344 165 499.18057250976562 107.84024810791016 -1 831.0662841796875 107.67075347900391 535 773.20623779296875 113.93891906738281 -1 871.619873046875 118.24725341796875 46 821.27978515625 122.99350738525391 -1 719.90521240234375 161.04400634765625 48 750.94287109375 160.93106079101562 49 776.14447021484375 179.96990966796875 50 776.14447021484375 179.96990966796875 88 794.90521240234375 180.89932250976562 666 449.79095458984375 235.08781433105469 -1 892.064208984375 284.84713745117188 41 400.85092163085938 318.43643188476562 -1 487.70285034179688 328.5023193359375 762 247.37234497070312 363.7891845703125 -1 55.278835296630859 492.963623046875 -1 785.87005615234375 499.8948974609375 745 70.264694213867188 502.94647216796875 -1 1029.2747802734375 6.2023100852966309 -1 477.971923828125 35.080196380615234 54 477.971923828125 35.080196380615234 176 438.02444458007812 49.274181365966797 -1 899.77569580078125 54.214351654052734 55 449.87493896484375 57.262584686279297 -1 481.59954833984375 57.799232482910156 894 839.2022705078125 57.940692901611328 178 464.29617309570312 67.400741577148438 91 492.94757080078125 66.312126159667969 475 451.94857788085938 71.396522521972656 120 503.70523071289062 75.341697692871094 587 793.52606201171875 75.482025146484375 246 816.7298583984375 78.388160705566406 56 444.11294555664062 80.335189819335938 344 801.57598876953125 83.736320495605469 -1 465.34811401367188 85.764694213867188 877 825.5338134765625 87.489692687988281 57 447.03921508789062 96.254463195800781 -1 792.105224609375 96.301322937011719 249 450.21875 112.15943908691406 -1 992.59942626953125 113.22663116455078 187 492.07998657226562 118.02390289306641 251 987.516845703125 156.0777587890625 188 814.42840576171875 168.53652954101562 194 888.2750244140625 277.07876586914062 1074 888.2750244140625 277.07876586914062 1075 443.81179809570312 317.89422607421875 769 211.46327209472656 402.91726684570312 -1 86.544723510742188 453.57330322265625 -1 388.24139404296875 456.11172485351562 -1 388.24139404296875 456.11172485351562 -1 750.81573486328125 482.78024291992188 -1 838.20465087890625 500.44168090820312 -1 80.432670593261719 526.82354736328125 -1 405.646728515625 667.17010498046875 -1 405.646728515625 667.17010498046875 -1 838.54681396484375 666.8602294921875 -1 445.72103881835938 25.009365081787109 257 912.77325439453125 30.672006607055664 65 434.27362060546875 33.166007995605469 -1 447.8421630859375 41.519611358642578 -1 465.8441162109375 45.703384399414062 259 490.86270141601562 47.898197174072266 66 441.367431640625 64.901359558105469 -1 483.9351806640625 75.804107666015625 450 754.033203125 219.7515869140625 1290 754.033203125 219.7515869140625 1289 367.7286376953125 457.30032348632812 -1 367.7286376953125 457.30032348632812 -1 759.24493408203125 470.43942260742188 -1 9.6590471267700195 668.78399658203125 -1 367.68643188476562 668.97235107421875 -1 872.19244384765625 668.97711181640625 -1 1229.3055419921875 668.45977783203125 -1 431.629150390625 16.181446075439453 -1 505.88812255859375 35.554477691650391 69 486.97775268554688 97.333816528320312 193 790.039794921875 257.71868896484375 373 443.82199096679688 316.72735595703125 769 1151.9110107421875 522.354736328125 -1 487.21612548828125 14.908248901367188 266 963.86090087890625 55.118019104003906 -1 798.52056884765625 195.91481018066406 1139 718.2109375 227.80735778808594 -1 790.1826171875 257.82614135742188 373 378.46932983398438 273.95166015625 -1 942.189208984375 275.10739135742188 269 362.24478149414062 288.19839477539062 360 870.7103271484375 348.7149658203125 -1 917.090576171875 347.11380004882812 -1 1056.559326171875 347.26312255859375 272 269.75778198242188 359.58596801757812 400 245.68008422851562 374.2928466796875 -1 923.59832763671875 397.45071411132812 -1 413.99624633789062 457.76742553710938 -1 713.65264892578125 484.17953491210938 -1 713.65264892578125 484.17953491210938 -1 486.333251953125 13.386449813842773 -1 775.42144775390625 75.026443481445312 74 994.8734130859375 75.438468933105469 -1 1010.783447265625 98.774917602539062 198 1010.783447265625 98.774917602539062 368 778.441650390625 116.63355255126953 77 989.817138671875 121.28614807128906 78 1003.7073364257812 170.9193115234375 -1 1003.7073364257812 170.9193115234375 -1 981.087158203125 194.097900390625 371 709.75604248046875 248.14506530761719 99 371.21011352539062 279.9715576171875 -1 917.8814697265625 302.13076782226562 -1 917.8814697265625 302.13076782226562 283 830.7135009765625 321.99786376953125 -1 940.8948974609375 370.337890625 -1 355.51724243164062 443.32083129882812 -1 296.78131103515625 449.77862548828125 -1 968.57037353515625 447.720947265625 -1 968.57037353515625 447.720947265625 -1 1086.14599609375 448.35916137695312 -1 1086.14599609375 448.35916137695312 -1 88.478759765625 474.02371215820312 287 1163.5264892578125 472.45346069335938 -1 1162.58349609375 502.151611328125 -1 515.4124755859375 555.33892822265625 -1 515.4124755859375 555.33892822265625 -1 1164.175048828125 678.58428955078125 -1 932.67279052734375 52.907608032226562 734 804.2427978515625 137.40992736816406 79 832.18438720703125 163.04905700683594 81 917.5784912109375 251.27854919433594 82 1039.9927978515625 300.33795166015625 293 684.160888671875 310.8150634765625 83 256.51095581054688 332.92242431640625 -1 1026.11669921875 370.1175537109375 -1 984.25994873046875 389.67855834960938 -1 984.25994873046875 389.67855834960938 -1 268.00732421875 393.81878662109375 -1 94.891059875488281 510.3194580078125 -1 941.77880859375 682.177978515625 -1
159 0.99612156360440174 0.071490373871594445 0.039739494193751924 0.032430380313005602 2.7721666786512316 -0.12160641858152588 2.71680911730162 160 moving_frame_0159.png
959.5377197265625 16.523164749145508 -1 965.6280517578125 18.850469589233398 -1 977.31500244140625 22.665071487426758 -1 619.94464111328125 24.030475616455078 -1 980.455078125 25.259563446044922 -1 980.455078125 25.259563446044922 -1 989.26312255859375 63.42138671875 -1 927.40386962890625 96.465866088867188 9 899.7784423828125 105.15158843994141 -1 912.4259033203125 105.14231109619141 -1 926.2908935546875 104.94132995605469 -1 1073.7498779296875 140.62171936035156 -1 612.4521484375 163.40945434570312 -1 620.0635986328125 219.20872497558594 -1 546.56365966796875 305.725830078125 -1 1201.9569091796875 311.780517578125 -1 534.0660400390625 312.90277099609375 -1 550.3243408203125 314.03765869140625 -1 1212.4417724609375 354.64016723632812 -1 980.37884521484375 7.9519329071044922 -1 980.37884521484375 7.9519329071044922 -1 720.5150146484375 22.340280532836914 -1 725.74383544921875 22.302555084228516 -1 958.44696044921875 25.469236373901367 -1 967.447998046875 25.483341217041016 -1 972.26434326171875 25.379961013793945 -1 1029.544921875 27.059013366699219 -1 918.71661376953125 92.784149169921875 908 882.84503173828125 92.811180114746094 898 882.84503173828125 92.811180114746094 546 927.3382568359375 93.072433471679688 7 897.39520263671875 96.345283508300781 817 619.35400390625 136.38565063476562 -1 608.35028076171875 166.34056091308594 -1 625.8203125 198.66419982910156 -1 528.375 306.10452270507812 -1 551.99658203125 326.77130126953125 -1 1185.474853515625 344.69631958007812 -1 1185.474853515625 344.69631958007812 -1 1157.0919189453125 352.56967163085938 -1 961.517822265625 3.307605504989624 -1 977.301025390625 3.5940878391265869 -1 977.301025390625 3.5940878391265869 -1 967.61431884765625 7.4381370544433594 -1 987.5462646484375 8.0503683090209961 -1 975.69329833984375 11.076350212097168 -1 978.96368408203125 15.024410247802734 -1 978.96368408203125 15.024410247802734 -1 964.5462646484375 46.970821380615234 -1 964.5462646484375 46.970821380615234 -1 980.906494140625 61.533176422119141 -1 893.7265625 92.808616638183594 1288 912.3182373046875 92.840316772460938 917 926.47430419921875 100.07400512695312 21 651.01324462890625 210.21588134765625 -1 935.78997802734375 302.56668090820312 -1 935.78997802734375 302.56668090820312 -1 579.30133056640625 319.59844970703125 -1 579.30133056640625 319.59844970703125 -1 1226.3167724609375 343.45181274414062 -1 1226.3167724609375 343.45181274414062 -1 1144.3560791015625 346.76446533203125 -1 1267.049072265625 375.20928955078125 -1 1122.666015625 519.9510498046875 -1 1083.186767578125 524.03521728515625 -1 954.5225830078125 6.8489084243774414 1058 952.8365478515625 20.689924240112305 -1 1011.3863525390625 30.835807800292969 1291 1009.81298828125 62.4927978515625 918 991.9793701171875 67.163421630859375 -1 1019.3875122070312 81.277359008789062 1292 650.9373779296875 210.38690185546875 -1 550.19647216796875 319.9676513671875 -1 1200.0355224609375 356.85366821289062 -1 1267.169189453125 375.5577392578125 -1 377.51028442382812 427.05401611328125 -1 377.51028442382812 427.05401611328125 -1 372.36529541015625 431.84927368164062 -1 372.36529541015625 431.84927368164062 -1 1122.3466796875 519.6385498046875 -1 1083.42041015625 524.264892578125 -1 191.84834289550781 599.29461669921875 -1 960.37841796875 11.73345947265625 -1 965.86968994140625 18.344640731811523 -1 1172.4676513671875 18.494878768920898 172 1183.0828857421875 17.912420272827148 -1 1183.0828857421875 17.912420272827148 540 970.280517578125 24.832435607910156 30 1018.7658081054688 25.134433746337891 171 993.96099853515625 31.286447525024414 305 972.46514892578125 56.746822357177734 88 981.0592041015625 62.885135650634766 919 695.00103759765625 89.662284851074219 -1 896.538818359375 106.74703979492188 1087 916.51556396484375 106.57049560546875 551 688.67022705078125 150.70223999023438 -1 261.78717041015625 201.39505004882812 -1 1064.8453369140625 306.09646606445312 -1 1064.8453369140625 306.09646606445312 -1 1057.4459228515625 312.69973754882812 -1 1069.4532470703125 312.71780395507812 -1 1173.1751708984375 315.44677734375 -1 1212.658203125 356.5128173828125 -1 405.07861328125 402.88113403320312 -1 217.10313415527344 608.2884521484375 -1 946.16552734375 12.768549919128418 -1 1203.865478515625 17.755577087402344 1186 1203.865478515625 17.755577087402344 -1 1176.5697021484375 25.991201400756836 188 917.91033935546875 40.578609466552734 48 948.55206298828125 41.077617645263672 49 989.51519775390625 57.798900604248047 666 989.51519775390625 57.798900604248047 666 951.48492431640625 94.527374267578125 1289 951.48492431640625 94.527374267578125 1290 668.25311279296875 95.547271728515625 -1 1110.0377197265625 125.06027984619141 -1 581.9320068359375 286.96804809570312 -1 941.93243408203125 304.07473754882812 -1 921.73895263671875 309.65646362304688 -1 450.25802612304688 334.45687866210938 -1 1149.351806640625 334.15350341796875 -1 1211.5277099609375 349.68222045898438 -1 1052.642333984375 354.95281982421875 -1 1142.58984375 356.11273193359375 -1 396.77194213867188 376.31988525390625 -1 427.1065673828125 376.18124389648438 -1 1267.4044189453125 376.428466796875 -1 406.77471923828125 383.30557250976562 -1 387.427978515625 390.00936889648438 -1 416.73934936523438 390.2000732421875 -1 393.31826782226562 415.63421630859375 -1 416.7772216796875 447.98321533203125 -1 416.7772216796875 447.98321533203125 -1 180.99240112304688 602.216552734375 -1 204.28515625 603.59954833984375 -1 228.2662353515625 605.77117919921875 -1 907.00054931640625 32.711757659912109 702 982.80072021484375 48.614448547363281 355 990.05780029296875 57.973220825195312 -1 990.05780029296875 57.973220825195312 666 706.03729248046875 82.072349548339844 -1 708.51348876953125 93.745124816894531 1293 614.50146484375 153.91317749023438 -1 614.50146484375 153.91317749023438 -1 650.54205322265625 192.435791015625 -1 494.47479248046875 288.189208984375 -1 526.8477783203125 296.95404052734375 -1 580.46484375 300.1131591796875 -1 580.46484375 300.1131591796875 -1 494.20474243164062 304.16903686523438 -1 536.44140625 309.56607055664062 -1 483.01153564453125 314.6778564453125 -1 580.1417236328125 315.09304809570312 -1 580.1417236328125 315.09304809570312 -1 1131.907958984375 319.63723754882812 -1 1131.024169921875 330.74417114257812 -1 1144.95556640625 343.07766723632812 -1 1227.5799560546875 341.80361938476562 -1 1198.575439453125 344.40963745117188 -1 425.76617431640625 437.80520629882812 -1 425.76617431640625 437.80520629882812 -1 295.96157836914062 528.396240234375 -1 364.02285766601562 554.60858154296875 -1 336.07550048828125 570.39715576171875 -1 336.07550048828125 570.39715576171875 -1 223.59889221191406 598.45263671875 -1 348.95074462890625 616.26104736328125 -1 278.3538818359375 709.12652587890625 -1 296.71176147460938 707.84661865234375 -1 618.620849609375 20.55967903137207 -1 1007.6434936523438 47.823741912841797 194 1180.685302734375 52.454269409179688 -1 632.682861328125 215.06271362304688 -1 650.031494140625 215.08734130859375 -1 538.381103515625 286.245361328125 -1 549.0166015625 298.20431518554688 -1 906.2198486328125 304.7264404296875 1296 906.2198486328125 304.7264404296875 1297 592.26043701171875 305.92791748046875 -1 508.66964721679688 308.86068725585938 -1 975.3985595703125 308.18362426757812 -1 470.6214599609375 311.01129150390625 -1 1119.087890625 313.19998168945312 -1 590.8060302734375 324.37496948242188 -1 547.26531982421875 333.43280029296875 -1 421.339599609375 336.08206176757812 -1 1171.6302490234375 344.79611206054688 -1 420.63433837890625 365.73306274414062 -1 1268.6478271484375 379.1934814453125 -1 375.98434448242188 414.24490356445312 -1 409.68023681640625 437.394775390625 -1 356.1475830078125 446.81829833984375 -1 1096.1719970703125 506.024658203125 -1 1127.8045654296875 528.98822021484375 -1 325.98922729492188 551.07293701171875 -1 414.6029052734375 553.95050048828125 -1 345.6239013671875 557.639404296875 -1 376.52413940429688 559.02471923828125 -1 362.542236328125 568.77880859375 -1 397.78500366210938 574.02935791015625 -1 278.37356567382812 694.98358154296875 -1 278.37356567382812 694.98358154296875 -1 862.0828857421875 35.239364624023438 1253 762.73663330078125 132.52334594726562 -1 1161.3780517578125 141.83238220214844 -1 1063.7095947265625 147.92607116699219 -1 1107.03173828125 147.64155578613281 -1 564.93292236328125 318.58261108398438 -1 474.77987670898438 341.29452514648438 -1 1079.52783203125 516.290771484375 -1 405.76788330078125 516.970703125 -1 618.03363037109375 17.530849456787109 -1 1195.9429931640625 38.278846740722656 -1 1195.9429931640625 38.278846740722656 -1 993.7880859375 73.908157348632812 1298 1108.990478515625 115.26021575927734 -1 980.422607421875 209.95425415039062 -1 993.00213623046875 320.22970581054688 -1 993.00213623046875 320.22970581054688 -1 1180.8583984375 331.87686157226562 -1 1116.9573974609375 347.74627685546875 -1 1116.9573974609375 347.74627685546875 -1 447.34365844726562 354.06158447265625 -1 373.72781372070312 456.47882080078125 -1 959.74700927734375 484.52114868164062 -1 1045.876953125 544.1319580078125 -1 628.7613525390625 126.56792449951172 -1 954.57403564453125 286.40097045898438 -1 1197.8687744140625 312.5810546875 -1 526.3463134765625 325.69381713867188 -1 361.50668334960938 538.5902099609375 -1 298.68698120117188 554.24334716796875 -1 1216.2659912109375 568.29229736328125 -1 989.31201171875 570.86285400390625 -1 328.03683471679688 600.49676513671875 -1 1003.426025390625 14.308545112609863 1299 1028.78076171875 44.479164123535156 81 587.55328369140625 64.325393676757812 -1 1013.2493286132812 101.26004028320312 1270 1013.2493286132812 101.26004028320312 1271 1218.7054443359375 111.12947082519531 -1 1156.62841796875 134.572998046875 -1 1015.408203125 183.90907287597656 -1 985.861328125 264.199462890625 -1 1241.35693359375 344.05120849609375 -1 1033.300048828125 498.81741333007812 -1 1068.270263671875 502.25103759765625 -1 996.78369140625 524.3206787109375 -1 364.8275146484375 591.98101806640625 -1
188 0.99405739456647524 0.084294017055862105 0.051796433725602324 0.04540423382908642 2.1007022200361467 1.0784063134968462 -2.8311215292965355 189 moving_frame_0188.png
1191.2310791015625 5.9290704727172852 -1 1191.2310791015625 5.9290704727172852 -1 697.4088134765625 30.132137298583984 -1 716.86346435546875 44.509735107421875 748 716.86346435546875 44.509735107421875 749 690.59130859375 46.840248107910156 750 717.50494384765625 134.10264587402344 84 1016.1124267578125 151.06805419921875 -1 996.84454345703125 172.84153747558594 151 495.60708618164062 298.68634033203125 -1 302.62399291992188 382.97976684570312 -1 698.51788330078125 44.166366577148438 901 698.51788330078125 44.166366577148438 1 1004.7861938476562 99.729743957519531 -1 707.6702880859375 134.07589721679688 -1 962.80902099609375 136.49113464355469 -1 1182.5147705078125 143.78880310058594 -1 1025.20458984375 151.1754150390625 -1 1022.0936279296875 166.25196838378906 -1 981.47271728515625 172.52268981933594 -1 981.47271728515625 172.52268981933594 -1 923.50604248046875 220.00767517089844 7 887.13470458984375 223.75334167480469 -1 895.35211181640625 223.52090454101562 817 923.3050537109375 223.78990173339844 9 495.65383911132812 298.63775634765625 -1 1085.4471435546875 406.81011962890625 -1 1031.5548095703125 45.777095794677734 -1 699.56756591796875 50.086013793945312 12 699.56756591796875 50.086013793945312 533 1001.7667236328125 94.130409240722656 -1 1002.7554321289062 118.02954864501953 -1 955.78594970703125 135.96279907226562 -1 984.580322265625 146.70185852050781 -1 984.580322265625 146.70185852050781 -1 708.87213134765625 148.72862243652344 -1 781.90533447265625 159.78494262695312 -1 995.38018798828125 169.30050659179688 18 1018.2536010742188 169.60987854003906 682 1022.6334228515625 190.82289123535156 -1 990.0029296875 195.05470275878906 -1 990.0029296875 195.05470275878906 -1 661.8587646484375 211.91488647460938 -1 878.75518798828125 219.92062377929688 -1 878.75518798828125 219.92062377929688 -1 891.6739501953125 219.96585083007812 -1 914.53106689453125 219.93234252929688 908 890.852783203125 228.04139709472656 822 923.73345947265625 228.13352966308594 21 553.04229736328125 283.87716674804688 -1 152.16326904296875 557.6451416015625 -1 962.138916015625 35.808860778808594 -1 829.58380126953125 39.222812652587891 -1 994.73675537109375 47.631362915039062 -1 829.682861328125 48.511367797851562 895 699.56170654296875 50.111244201660156 -1 699.56170654296875 50.111244201660156 -1 1001.7064208984375 94.227935791015625 -1 978.7149658203125 98.382415771484375 755 1000.1275634765625 103.45413970947266 -1 998.3009033203125 112.69340515136719 -1 998.3009033203125 112.69340515136719 -1 955.45513916015625 135.40055847167969 -1 974.06298828125 135.39340209960938 -1 986.7669677734375 137.20063781738281 -1 986.7669677734375 137.20063781738281 756 1000.4144897460938 139.35673522949219 -1 1000.4144897460938 139.35673522949219 -1 703.758056640625 143.32266235351562 -1 993.91326904296875 176.64675903320312 -1 1022.696533203125 190.691162109375 -1 989.94805908203125 195.10655212402344 416 989.94805908203125 195.10655212402344 -1 987.3221435546875 207.58125305175781 687 890.8646240234375 228.06828308105469 822 553.03759765625 283.85540771484375 -1 638.717041015625 285.1494140625 -1 499.61248779296875 297.15655517578125 970 452.75729370117188 327.56973266601562 759 143.5927734375 605.21490478515625 -1 249.82769775390625 680.4818115234375 -1 686.8941650390625 19.899297714233398 760 1035.875244140625 50.542995452880859 -1 714.06207275390625 56.539764404296875 191 1106.7286376953125 55.21881103515625 -1 1021.7234497070312 86.559585571289062 -1 980.19146728515625 87.284858703613281 -1 985.60687255859375 93.921333312988281 685 984.68170166015625 103.19036865234375 -1 983.69891357421875 112.22455596923828 -1 982.74285888671875 121.69393157958984 -1 996.44610595703125 122.06634521484375 761 996.44610595703125 122.06634521484375 -1 700.5977783203125 124.60123443603516 -1 708.223876953125 133.79231262207031 150 979.051513671875 140.3668212890625 -1 926.43023681640625 144.99282836914062 37 952.98431396484375 145.90861511230469 -1 961.3221435546875 145.89495849609375 -1 971.8636474609375 145.95912170410156 -1 659.2200927734375 163.74530029296875 695 979.9776611328125 171.59727478027344 -1 907.50909423828125 180.45692443847656 321 1017.5802612304688 195.74783325195312 -1 941.3592529296875 219.30503845214844 -1 578.5035400390625 266.04989624023438 -1 1028.408203125 303.20687866210938 690 618.83233642578125 310.44247436523438 -1 662.29217529296875 311.368408203125 -1 680.2852783203125 316.18295288085938 -1 631.416015625 570.9013671875 -1 631.416015625 570.9013671875 -1 960.799072265625 28.211044311523438 -1 1155.7698974609375 40.254787445068359 -1 1043.4234619140625 66.022483825683594 -1 660.511962890625 71.464714050292969 -1 1049.4794921875 79.053840637207031 -1 996.40899658203125 87.265792846679688 -1 703.78411865234375 89.095207214355469 165 705.4166259765625 106.26204681396484 168 994.60675048828125 132.0389404296875 763 994.60675048828125 132.0389404296875 -1 992.2392578125 145.0513916015625 -1 1174.9888916015625 149.80158996582031 172 922.0771484375 162.0833740234375 48 951.20330810546875 162.32992553710938 49 981.08935546875 182.03839111328125 -1 994.4459228515625 189.07232666015625 764 1022.4362182617188 202.4556884765625 40 648.839111328125 224.46809387207031 338 1081.685302734375 273.42514038085938 -1 459.01669311523438 325.65048217773438 -1 526.60504150390625 373.71484375 -1 317.40701293945312 386.88381958007812 -1 919.4644775390625 473.69818115234375 -1 93.665321350097656 541.384033203125 -1 923.093505859375 597.262939453125 -1 923.093505859375 597.262939453125 -1 1147.5211181640625 701.64605712890625 -1 1263.79931640625 10.322598457336426 -1 688.52685546875 37.377254486083984 54 688.52685546875 37.377254486083984 176 1053.63232421875 57.429374694824219 -1 690.55181884765625 59.251224517822266 894 713.8150634765625 59.171710968017578 191 1030.8824462890625 58.572242736816406 766 702.0322265625 67.279975891113281 475 1043.0877685546875 66.891448974609375 -1 1028.854248046875 77.89056396484375 -1 1050.5460205078125 78.841751098632812 -1 1012.3641357421875 87.564788818359375 -1 704.11859130859375 89.758026123046875 165 1188.92626953125 114.58042144775391 187 1068.728759765625 128.50236511230469 -1 1203.887939453125 148.63090515136719 -1 962.6912841796875 154.484619140625 60 1181.038330078125 158.46028137207031 188 994.826171875 202.55169677734375 768 637.15985107421875 301.720703125 -1 486.16644287109375 334.37258911132812 -1 388.81634521484375 360.34423828125 -1 388.81634521484375 360.34423828125 -1 606.9049072265625 412.68975830078125 -1 1166.85693359375 419.94210815429688 -1 636.10858154296875 537.006591796875 -1 939.3111572265625 597.3355712890625 -1 930.00531005859375 606.87939453125 -1 930.00531005859375 606.87939453125 -1 534.66448974609375 611.96209716796875 -1 534.66448974609375 611.96209716796875 -1 986.76019287109375 28.576604843139648 -1 714.32269287109375 37.728801727294922 69 700.76507568359375 49.479667663574219 66 1006.1049194335938 75.730690002441406 -1 1051.9820556640625 78.808448791503906 -1 694.49188232421875 98.40679931640625 193 949.9527587890625 221.67716979980469 1290 949.9527587890625 221.67716979980469 1289 1081.581298828125 281.66397094726562 1074 1081.581298828125 281.66397094726562 1075 1078.8631591796875 319.47647094726562 -1 1078.8631591796875 319.47647094726562 -1 520.624267578125 560.310546875 -1 101.47969055175781 563.13800048828125 -1 552.495361328125 562.35504150390625 -1 123.07631683349609 564.5379638671875 -1 144.16642761230469 565.3831787109375 776 84.141021728515625 584.14892578125 -1 127.66146850585938 608.5723876953125 777 153.14207458496094 608.63787841796875 778 225.82899475097656 680.94366455078125 -1 1239.0997314453125 15.679423332214355 -1 1122.382080078125 30.018041610717773 -1 674.98095703125 50.369190216064453 259 690.83978271484375 77.77728271484375 -1 973.92596435546875 329.31930541992188 -1 973.92596435546875 329.31930541992188 -1 339.61907958984375 391.58547973632812 781 339.61907958984375 391.58547973632812 782 318.98046875 392.36468505859375 -1 318.98046875 392.36468505859375 -1 566.08636474609375 407.57757568359375 -1 1205.3848876953125 485.55105590820312 -1 250.19184875488281 587.92071533203125 -1 272.741943359375 587.7257080078125 -1 272.741943359375 587.7257080078125 -1 1044.12939453125 679.9476318359375 882 1117.247314453125 679.65203857421875 -1 1169.0245361328125 53.814369201660156 -1 1007.7636108398438 134.99879455566406 -1 998.31719970703125 162.5125732421875 788 998.31719970703125 162.5125732421875 -1 1197.58984375 173.75209045410156 -1 1197.58984375 173.75209045410156 -1 578.04888916015625 256.04208374023438 -1 1132.7489013671875 280.57241821289062 -1 98.278701782226562 335.60183715820312 -1 236.48953247070312 355.44589233398438 -1 330.863525390625 373.20559692382812 791 482.21270751953125 371.67572021484375 -1 98.662895202636719 374.90859985351562 -1 99.084053039550781 397.14804077148438 -1 1224.24365234375 443.19802856445312 -1 110.28711700439453 529.84710693359375 -1 122.22570037841797 549.45526123046875 -1 122.22570037841797 549.45526123046875 -1 39.699981689453125 626.043212890625 -1 137.26048278808594 623.80377197265625 793 1118.7257080078125 698.411865234375 -1 698.54693603515625 16.523460388183594 266 990.45330810546875 72.738998413085938 -1 1196.2431640625 76.403175354003906 -1 1209.482666015625 99.21087646484375 -1 1015.6290283203125 108.87715148925781 -1 988.21710205078125 115.92939758300781 -1 1187.43017578125 122.92206573486328 78 1215.26220703125 142.83439636230469 725 998.64141845703125 195.76025390625 1139 1176.1591796875 196.34976196289062 371 1222.80419921875 302.49942016601562 -1 582.7381591796875 338.3570556640625 -1 301.58450317382812 380.43826293945312 -1 1007.3232421875 409.82852172851562 -1 1219.764892578125 466.4244384765625 -1 223.27156066894531 472.18466186523438 796 601.1451416015625 489.17568969726562 -1 671.7117919921875 510.86990356445312 -1 902.61419677734375 552.90130615234375 -1 902.61419677734375 552.90130615234375 -1 991.135009765625 609.7130126953125 -1 540.0732421875 618.9708251953125 -1 1208.6190185546875 628.51519775390625 -1 1056.8414306640625 646.5205078125 -1 190.81343078613281 657.71270751953125 -1 1034.10205078125 680.23468017578125 -1 499.4716796875 172.2208251953125 -1 499.4716796875 172.2208251953125 -1 1109.8408203125 256.30648803710938 82 1224.3287353515625 298.01119995117188 293 875.9400634765625 305.29547119140625 -1 316.09951782226562 349.34716796875 -1 939.8128662109375 350.00363159179688 -1 66.629096984863281 365.23663330078125 -1 110.27202606201172 499.47378540039062 -1 975.89849853515625 551.64239501953125 -1 935.27410888671875 574.74560546875 -1 1236.1375732421875 581.127685546875 -1 249.66004943847656 613.30291748046875 -1 249.66004943847656 613.30291748046875 -1 282.31045532226562 641.07818603515625 -1 250.37104797363281 670.06341552734375 -1 1073.7198486328125 682.2353515625 811 1185.6165771484375 685.99078369140625 -1
189 0.99618859609844757 0.059296887445268072 0.053438299436990154 0.035164019906574216 1.1912731722001608 0.5238443238302346 -4.2442172225391381 190 moving_frame_0189.png
628.51153564453125 29.984716415405273 -1 917.278076171875 54.8616943359375 -1 943.90557861328125 65.256851196289062 -1 953.550048828125 80.963508605957031 -1 946.749755859375 83.395606994628906 -1 965.414306640625 83.709648132324219 300 947.47113037109375 147.67366027832031 -1 559.4676513671875 214.116455078125 -1 869.79937744140625 214.03001403808594 670 828.44561767578125 221.39173889160156 817 844.61175537109375 221.38142395019531 306 815.51397705078125 222.79544067382812 -1 856.58734130859375 231.79087829589844 -1 211.24496459960938 625.91607666015625 -1 1114.30615234375 7.3346834182739258 215 1114.30615234375 7.3346834182739258 372 1216.9957275390625 13.096473693847656 -1 927.17626953125 36.455528259277344 -1 918.867431640625 45.766490936279297 134 630.47735595703125 49.600929260253906 12 977.1070556640625 60.399620056152344 671 936.4539794921875 62.522720336914062 -1 927.58636474609375 65.834510803222656 -1 894.09588623046875 85.595062255859375 148 929.5400390625 111.2042236328125 -1 942.52862548828125 130.0223388671875 -1 912.0380859375 146.650390625 -1 926.83966064453125 147.08488464355469 -1 944.10015869140625 150.04689025878906 -1 952.67803955078125 150.06672668457031 -1 908.1766357421875 166.08868408203125 5 925.43096923828125 170.86167907714844 151 812.2896728515625 218.33001708984375 898 812.2896728515625 218.33001708984375 546 857.14703369140625 218.82981872558594 7 856.59710693359375 222.72621154785156 9 546.0947265625 225.80377197265625 -1 546.0947265625 225.80377197265625 -1 832.0244140625 227.04277038574219 674 841.0455322265625 227.04835510253906 -1 552.7586669921875 308.4322509765625 -1 1181.3072509765625 332.52609252929688 -1 460.5758056640625 379.0142822265625 -1 269.3411865234375 382.79071044921875 -1 490.813720703125 391.99093627929688 -1 811.80450439453125 482.32745361328125 -1 930.85382080078125 100.57337951660156 -1 930.85382080078125 100.57337951660156 -1 630.53839111328125 100.92116546630859 -1 939.5242919921875 111.35029602050781 -1 928.68182373046875 122.44189453125 -1 882.74530029296875 135.51519775390625 677 889.85516357421875 135.32952880859375 474 637.25390625 143.85426330566406 -1 637.25390625 143.85426330566406 -1 1134.465087890625 150.7100830078125 139 851.76495361328125 163.47616577148438 678 951.9141845703125 189.13487243652344 -1 824.47967529296875 227.07511901855469 144 856.5284423828125 226.90592956542969 21 575.52978515625 279.90447998046875 679 555.9163818359375 312.126220703125 680 272.06100463867188 379.42718505859375 -1 846.03692626953125 481.97540283203125 -1 210.79269409179688 625.3323974609375 -1 961.7852783203125 33.026714324951172 -1 886.664306640625 36.310466766357422 23 759.66217041015625 39.372905731201172 907 759.6998291015625 48.571468353271484 895 972.41766357421875 80.25042724609375 -1 904.78533935546875 98.78125 755 940.2220458984375 100.35153961181641 -1 903.7227783203125 110.24852752685547 -1 919.0025634765625 110.65689086914062 -1 916.59625244140625 122.15339660644531 -1 901.38836669921875 134.83309936523438 1166 913.51544189453125 134.83544921875 756 906.150146484375 139.45344543457031 665 637.12896728515625 143.94886779785156 -1 936.03497314453125 146.09259033203125 -1 923.28033447265625 166.34437561035156 18 923.28033447265625 166.34437561035156 -1 945.6099853515625 167.52375793457031 141 945.6099853515625 167.52375793457031 682 903.89361572265625 173.98536682128906 142 921.84844970703125 174.92860412597656 32 605.1365966796875 213.7421875 -1 575.77838134765625 287.60897827148438 -1 575.77838134765625 287.60897827148438 684 380.63775634765625 340.71060180664062 759 39.404094696044922 360.50067138671875 -1 361.61846923828125 382.35455322265625 -1 845.76190185546875 481.50662231445312 -1 919.95562744140625 47.105522155761719 -1 950.86761474609375 51.259414672851562 364 906.04034423828125 86.009994506835938 25 911.89593505859375 93.412864685058594 685 927.7333984375 93.815925598144531 -1 927.7333984375 93.815925598144531 -1 920.61212158203125 99.486976623535156 -1 910.90423583984375 104.96290588378906 -1 637.37176513671875 105.36309051513672 168 925.8818359375 105.13692474365234 -1 925.8818359375 105.13692474365234 -1 909.82220458984375 116.24448394775391 -1 908.714111328125 127.96556854248047 -1 855.76470947265625 143.93739318847656 37 881.53369140625 144.89363098144531 686 959.10498046875 144.87557983398438 171 888.8043212890625 145.04440307617188 38 900.681396484375 145.22769165039062 28 947.62518310546875 145.40504455566406 226 839.93603515625 179.33134460449219 321 951.95111083984375 200.40357971191406 503 917.64910888671875 206.404296875 687 560.91900634765625 212.27325439453125 -1 827.4830322265625 233.71804809570312 1087 436.9012451171875 302.46273803710938 -1 962.32318115234375 302.2862548828125 690 870.79827880859375 474.86578369140625 745 96.708595275878906 588.57220458984375 -1 16.652830123901367 623.4847412109375 -1 69.42279052734375 624.30426025390625 -1 963.30999755859375 39.759273529052734 -1 1032.4296875 55.332088470458984 -1 968.61993408203125 65.946533203125 45 972.9952392578125 79.638542175292969 899 626.69476318359375 83.547492980957031 -1 644.58013916015625 83.345169067382812 393 922.39398193359375 86.725677490234375 230 636.003173828125 90.636421203613281 165 645.66058349609375 99.849037170410156 334 923.88031005859375 116.89680480957031 761 957.3165283203125 120.20586395263672 -1 921.79461669921875 128.96269226074219 763 919.34710693359375 142.426513671875 170 1102.8233642578125 147.89720153808594 172 852.01104736328125 160.73863220214844 48 881.86920166015625 161.39308166503906 49 593.0684814453125 164.97467041015625 695 908.24383544921875 180.54246520996094 50 924.021240234375 187.79017639160156 764 1013.260009765625 269.8876953125 -1 508.5299072265625 282.30926513671875 696 617.02130126953125 317.5655517578125 762 518.36578369140625 359.39956665039062 -1 873.6016845703125 519.77734375 -1 898.8826904296875 603.95281982421875 -1 898.8826904296875 603.95281982421875 -1 16.104660034179688 620.51171875 -1 24.123941421508789 630.0494384765625 -1 489.63031005859375 633.70501708984375 -1 489.63031005859375 633.70501708984375 -1 73.836441040039062 654.33135986328125 -1 619.759765625 36.803993225097656 54 1032.4461669921875 54.329048156738281 55 643.99310302734375 59.569133758544922 191 956.38507080078125 58.700801849365234 766 977.96441650390625 57.571136474609375 178 954.64501953125 78.014717102050781 56 974.12200927734375 78.747291564941406 -1 644.62078857421875 82.964248657226562 393 938.58258056640625 86.947357177734375 701 963.84130859375 87.121673583984375 57 1131.7911376953125 146.67945861816406 767 839.285888671875 153.48359680175781 702 893.16876220703125 153.36436462402344 60 1109.0791015625 156.45640563964844 188 924.51904296875 200.3310546875 768 912.6875 300.36856079101562 -1 207.01731872558594 547.58349609375 -1 488.93215942382812 570.92901611328125 -1 26.251241683959961 614.70770263671875 -1 489.54071044921875 633.7054443359375 -1 489.54071044921875 633.7054443359375 -1 1161.89306640625 16.92340087890625 707 647.39923095703125 37.257183074951172 69 632.18896484375 49.220329284667969 66 930.50152587890625 76.010704040527344 -1 882.514892578125 219.68232727050781 1290 882.514892578125 219.68232727050781 1289 518.6143798828125 249.3690185546875 -1 1012.4712524414062 277.85140991210938 1074 1012.4712524414062 277.85140991210938 1075 575.105224609375 303.98736572265625 -1 1033.2406005859375 336.88925170898438 -1 516.5728759765625 360.91339111328125 -1 324.48382568359375 376.52236938476562 -1 324.48382568359375 376.52236938476562 -1 1126.085693359375 418.80712890625 -1 1126.085693359375 418.80712890625 -1 291.97091674804688 419.87979125976562 -1 547.66064453125 419.85610961914062 -1 506.55081176757812 431.07965087890625 -1 588.01092529296875 548.682373046875 -1 588.01092529296875 548.682373046875 -1 475.89926147460938 580.874267578125 -1 506.77566528320312 582.1240234375 -1 16.913681030273438 602.89544677734375 -1 66.318382263183594 604.845947265625 776 1247.8360595703125 630.2874755859375 -1 1247.8360595703125 630.2874755859375 -1 1242.7762451171875 642.02593994140625 -1 75.245964050292969 652.454833984375 778 1046.961669921875 30.670900344848633 65 620.76190185546875 62.659389495849609 -1 531.5030517578125 230.90028381347656 -1 573.14898681640625 239.51622009277344 -1 408.02511596679688 312.3345947265625 714 1017.4501342773438 323.02920532226562 -1 916.7823486328125 327.61962890625 -1 916.7823486328125 327.61962890625 -1 990.63092041015625 335.33404541015625 -1 253.61273193359375 410.247802734375 -1 274.17453002929688 411.05145263671875 781 510.01644897460938 417.14752197265625 -1 1185.2027587890625 423.46160888671875 -1 1170.0653076171875 485.91656494140625 -1 40.725002288818359 604.979736328125 -1 206.63369750976562 618.7037353515625 -1 50.190448760986328 650.89178466796875 777 1089.89306640625 684.06817626953125 -1 1017.612548828125 685.60888671875 882 927.82281494140625 194.86590576171875 1139 531.0478515625 230.52725219726562 -1 499.78997802734375 271.5206298828125 -1 499.78997802734375 271.5206298828125 -1 576.08154296875 299.02670288085938 723 990.818359375 335.55413818359375 -1 1144.80712890625 339.98678588867188 272 8.3033323287963867 355.724853515625 -1 1026.67431640625 355.6488037109375 -1 265.0328369140625 392.58499145507812 791 273.71527099609375 411.71441650390625 -1 273.71527099609375 411.71441650390625 782 131.7147216796875 545.87939453125 -1 114.30816650390625 588.6549072265625 -1 1179.43310546875 658.73309326171875 -1 60.573085784912109 668.33966064453125 793 958.25933837890625 670.77740478515625 -1 1091.3009033203125 702.21136474609375 -1 629.72979736328125 17.198431015014648 266 916.20452880859375 71.963546752929688 74 1121.7864990234375 76.007614135742188 -1 1135.4228515625 98.100067138671875 198 914.915283203125 115.4796142578125 77 1114.3492431640625 121.34738159179688 78 1142.17041015625 140.75257873535156 725 928.865234375 160.70098876953125 788 1126.1268310546875 171.5289306640625 -1 1126.1268310546875 171.5289306640625 -1 1104.8328857421875 193.53996276855469 371 1110.334716796875 358.27011108398438 295 162.86067199707031 374.82040405273438 -1 973.40032958984375 412.959716796875 -1 1184.179443359375 466.04403686523438 -1 621.3402099609375 518.15631103515625 728 962.801513671875 616.0057373046875 -1 1177.2584228515625 628.0601806640625 -1 495.80172729492188 640.049072265625 -1 1029.368408203125 652.87713623046875 -1 979.590087890625 671.80438232421875 -1 1156.86767578125 32.926959991455078 733 1062.55712890625 53.648696899414062 734 966.0987548828125 161.48930358886719 735 966.0987548828125 161.48930358886719 81 433.8018798828125 174.43296813964844 736 433.8018798828125 174.43296813964844 737 1040.4918212890625 252.27474975585938 82 532.83404541015625 279.5125732421875 889 809.730712890625 305.54513549804688 83 546.16265869140625 410.54452514648438 -1 1223.9608154296875 430.83648681640625 -1 932.90264892578125 440.05722045898438 -1 835.40020751953125 474.14276123046875 -1 835.40020751953125 474.14276123046875 -1 152.48446655273438 502.208740234375 796 863.72967529296875 558.15960693359375 -1 863.72967529296875 558.15960693359375 -1 945.665771484375 559.25189208984375 -1 184.74287414550781 645.519287109375 -1 184.74287414550781 645.519287109375 -1 1046.26611328125 687.468994140625 811 1156.6712646484375 688.56951904296875 -1 1217.15771484375 693.3409423828125 -1
191 0.9973669220243232 0.050117293574922096 0.041898188235134477 0.031496373744702308 0.51209235298723987 0.30977171244938345 -4.2455987293089859 191 moving_frame_0190.png
1118.322509765625 24.543529510498047 210 560.37493896484375 43.903835296630859 1 846.72479248046875 45.319271087646484 134 894.57403564453125 83.430473327636719 300 905.54168701171875 83.512306213378906 -1 562.4283447265625 101.88875579833984 2 583.54443359375 135.06137084960938 84 819.4700927734375 134.98365783691406 -1 856.291015625 142.796630859375 -1 1067.5286865234375 143.61448669433594 -1 1061.8460693359375 149.30682373046875 -1 840.53619384765625 176.44490051269531 -1 849.39031982421875 190.81608581542969 -1 883.12255859375 198.91552734375 -1 804.87432861328125 212.980224609375 670 755.8548583984375 221.46551513671875 815 356.94833374023438 315.93572998046875 -1 503.49197387695312 316.268310546875 -1 1042.2701416015625 9.1296939849853516 372 665.90203857421875 135.31480407714844 -1 844.7359619140625 136.49334716796875 -1 852.9232177734375 140.404052734375 -1 852.9232177734375 140.404052734375 -1 1066.266357421875 149.23587036132812 139 1044.7103271484375 149.28352355957031 -1 839.10211181640625 165.0771484375 5 783.96734619140625 217.73614501953125 908 792.29498291015625 217.87474060058594 7 763.40399169921875 221.4542236328125 817 792.5145263671875 222.01103210449219 9 489.7296142578125 312.35256958007812 -1 365.28909301757812 313.35781860351562 410 455.38082885742188 329.72305297851562 -1 890.2808837890625 38.431224822998047 -1 691.5927734375 40.864902496337891 907 561.401123046875 49.706619262695312 12 561.401123046875 49.706619262695312 533 553.75360107421875 53.374565124511719 14 823.49407958984375 86.120765686035156 148 819.72235107421875 134.57568359375 474 831.4830322265625 134.68800354003906 1166 847.61151123046875 139.8408203125 -1 847.61151123046875 139.8408203125 16 665.03326416015625 154.990966796875 550 853.83819580078125 165.78053283691406 18 838.87725830078125 168.96214294433594 -1 884.6373291015625 187.4970703125 -1 747.70159912109375 217.86663818359375 898 759.65252685546875 217.94284057617188 1288 792.41070556640625 226.36076354980469 21 512.5023193359375 283.26968383789062 679 455.5220947265625 329.70266723632812 -1 324.73797607421875 343.0120849609375 -1 193.81947326660156 401.24578857421875 -1 453.30191040039062 403.6383056640625 -1 197.04379272460938 404.8743896484375 -1 548.73492431640625 24.414657592773438 -1 548.73492431640625 24.414657592773438 -1 813.92120361328125 36.787044525146484 23 829.4427490234375 81.653274536132812 668 834.73529052734375 85.771812438964844 25 852.221923828125 85.752578735351562 230 874.8018798828125 93.243904113769531 -1 836.33380126953125 138.55934143066406 26 836.33380126953125 138.55934143066406 665 832.07659912109375 143.99322509765625 28 841.2899169921875 144.19102478027344 29 841.2899169921875 144.19102478027344 30 838.8541259765625 168.96029663085938 31 852.99786376953125 173.44091796875 32 850.95074462890625 191.17584228515625 416 850.95074462890625 191.17584228515625 1182 450.09487915039062 276.64883422851562 -1 512.7822265625 291.15390014648438 -1 512.7822265625 291.15390014648438 684 493.03973388671875 316.69021606445312 680 970.9920654296875 326.4017333984375 -1 323.7691650390625 338.59796142578125 -1 310.91830444335938 347.640380859375 -1 96.714981079101562 406.0789794921875 -1 823.00238037109375 43.197715759277344 34 879.27850341796875 51.359195709228516 364 863.69488525390625 64.650138854980469 -1 869.4322509765625 70.975738525390625 -1 901.79669189453125 79.236763000488281 899 569.77850341796875 105.97376251220703 168 850.76739501953125 132.45736694335938 -1 787.39605712890625 143.76123046875 37 812.72119140625 143.88505554199219 686 877.82958984375 143.77854919433594 226 818.4847412109375 144.00180053710938 38 865.41033935546875 144.36030578613281 39 889.74334716796875 143.81010437011719 171 854.42596435546875 151.21440124511719 -1 857.49566650390625 187.02108764648438 233 887.69891357421875 201.32157897949219 40 948.7449951171875 282.33917236328125 41 445.56494140625 286.7625732421875 696 351.5072021484375 311.14022827148438 42 370.40145874023438 311.26104736328125 43 328.75601196289062 342.49020385742188 -1 216.234130859375 446.79519653320312 -1 906.13714599609375 57.964179992675781 178 897.09649658203125 65.717254638671875 45 523.6329345703125 72.026275634765625 -1 565.81597900390625 74.060592651367188 -1 859.708740234375 78.070487976074219 246 575.6802978515625 82.663978576660156 393 567.71649169921875 90.015739440917969 165 857.4857177734375 93.751876831054688 249 577.40423583984375 99.590431213378906 334 840.11810302734375 106.23470306396484 -1 854.960693359375 107.00656127929688 -1 896.27642822265625 108.72810363769531 535 563.3958740234375 115.29734802246094 -1 933.07177734375 117.6243896484375 46 838.9044189453125 122.00629425048828 336 852.5101318359375 122.44277191162109 -1 1034.7904052734375 146.76025390625 172 785.07037353515625 160.17607116699219 48 814.72381591796875 160.26876831054688 49 839.84197998046875 179.37020874023438 50 839.84197998046875 179.37020874023438 88 851.2652587890625 206.74685668945312 687 948.52880859375 266.36813354492188 -1 898.98736572265625 302.12802124023438 690 554.1444091796875 320.6160888671875 762 846.59735107421875 326.17636108398438 -1 824.77313232421875 477.3763427734375 745 858.86334228515625 619.8585205078125 -1 861.1370849609375 676.94146728515625 -1 550.68768310546875 36.721183776855469 54 521.0369873046875 48.527885437011719 -1 962.11297607421875 54.423152923583984 55 575.19482421875 57.685081481933594 191 885.2510986328125 58.827014923095703 179 906.020263671875 57.915287017822266 178 565.03448486328125 67.228271484375 475 523.80499267578125 72.217613220214844 120 883.6756591796875 77.200920104980469 56 557.20758056640625 82.022300720214844 911 868.05126953125 86.297866821289062 701 892.2801513671875 87.02996826171875 57 560.1162109375 99.527145385742188 193 1046.8046875 112.73728179931641 187 562.85711669921875 115.11123657226562 -1 928.2672119140625 126.73896026611328 -1 1063.8258056640625 145.54600524902344 767 1063.8258056640625 145.54600524902344 -1 771.3831787109375 153.11912536621094 702 826.7041015625 152.91232299804688 60 1040.9986572265625 154.84649658203125 188 468.06039428710938 252.26277160644531 -1 945.22137451171875 274.74172973632812 1074 945.22137451171875 274.74172973632812 1075 898.66424560546875 300.4078369140625 -1 871.225341796875 326.32986450195312 -1 565.42608642578125 339.52081298828125 -1 972.7562255859375 348.84771728515625 -1 155.04502868652344 408.52267456054688 -1 444.6312255859375 427.12741088867188 -1 444.6312255859375 427.12741088867188 -1 461.81491088867188 426.4859619140625 -1 461.81491088867188 426.4859619140625 -1 824.94073486328125 477.92715454101562 -1 770.1146240234375 488.70755004882812 -1 137.9193115234375 580.12493896484375 -1 137.9193115234375 580.12493896484375 -1 444.993408203125 593.6400146484375 -1 444.993408203125 593.6400146484375 -1 868.13427734375 611.1715087890625 -1 868.13427734375 611.1715087890625 -1 858.85150146484375 620.218505859375 -1 875.45391845703125 620.76568603515625 -1 446.7603759765625 658.2569580078125 -1 446.7603759765625 658.2569580078125 -1 1205.5252685546875 703.29583740234375 -1 1090.0997314453125 18.128488540649414 707 518.597412109375 24.295436859130859 257 975.2799072265625 31.204900741577148 65 563.0716552734375 48.113895416259766 66 552.70794677734375 58.100273132324219 894 535.871337890625 69.455123901367188 91 922.63507080078125 81.113189697265625 192 816.84027099609375 218.6904296875 1290 816.84027099609375 218.6904296875 1289 502.59893798828125 413.77166748046875 -1 502.59893798828125 413.77166748046875 -1 190.65177917480469 449.867919921875 -1 432.97653198242188 603.835205078125 -1 462.14639282226562 604.27703857421875 -1 1212.4517822265625 635.86834716796875 -1 1065.2161865234375 689.732177734375 -1 13.891804695129395 699.9248046875 -1 13.891804695129395 699.9248046875 -1 14.148443222045898 706.4896240234375 -1 502.4866943359375 12.913337707519531 -1 506.435546875 36.619880676269531 -1 578.65740966796875 37.275276184082031 69 537.2623291015625 45.515689849853516 259 510.361328125 60.664966583251953 -1 514.20611572265625 85.498130798339844 -1 451.85031127929688 262.72879028320312 -1 1087.5650634765625 298.64633178710938 -1 963.613037109375 316.61883544921875 -1 927.13494873046875 334.65777587890625 270 964.36224365234375 334.96923828125 271 1087.9249267578125 418.218994140625 -1 1087.9249267578125 418.218994140625 -1 488.36862182617188 428.87075805664062 -1 207.57986450195312 434.5257568359375 -1 1137.0223388671875 485.88174438476562 784 137.91445922851562 654.51031494140625 -1 1109.4100341796875 677.369384765625 -1 994.56402587890625 693.988525390625 -1 501.7279052734375 12.744653701782227 70 559.97454833984375 15.040067672729492 266 505.72293090820312 36.131385803222656 -1 1058.760009765625 169.75872802734375 -1 1058.760009765625 169.75872802734375 -1 860.35662841796875 195.12680053710938 1139 447.94802856445312 265.56951904296875 -1 512.564453125 303.18899536132812 723 341.32400512695312 320.34329223632812 714 926.8843994140625 334.75833129882812 -1 1087.1778564453125 336.55877685546875 272 974.31884765625 354.02468872070312 -1 197.75166320800781 415.3814697265625 -1 1086.7645263671875 417.92648315429688 -1 1086.7645263671875 417.92648315429688 -1 1148.8492431640625 420.55999755859375 -1 1147.90380859375 439.90036010742188 -1 843.89593505859375 73.539459228515625 74 1066.4998779296875 98.444717407226562 198 1066.4998779296875 98.444717407226562 368 844.8448486328125 115.68142700195312 77 1045.3848876953125 120.37908935546875 78 868.50579833984375 137.20655822753906 79 1037.0133056640625 192.08232116699219 371 771.7423095703125 245.5230712890625 99 441.60626220703125 271.16964721679688 -1 972.84600830078125 295.07125854492188 283 1088.424072265625 294.87994384765625 293 284.7950439453125 353.40475463867188 -1 1058.6895751953125 356.05084228515625 295 941.47869873046875 416.45468139648438 -1 72.4298095703125 422.958984375 -1 166.8380126953125 425.51263427734375 -1 509.64678955078125 448.62118530273438 -1 509.64678955078125 448.62118530273438 -1 1151.35546875 465.780029296875 -1 781.35308837890625 474.36312866210938 -1 781.35308837890625 474.36312866210938 -1 571.53326416015625 527.2833251953125 728 53.027580261230469 586.2645263671875 -1 937.6600341796875 625.43048095703125 -1 1148.671630859375 628.01617431640625 -1 1005.6475830078125 659.34423828125 -1 452.68951416015625 663.4722900390625 -1 1020.44970703125 685.823974609375 -1 1085.2783203125 33.952449798583984 733 896.6453857421875 161.71884155273438 735 896.6453857421875 161.71884155273438 81 366.8311767578125 177.86299133300781 736 366.8311767578125 177.86299133300781 737 974.610595703125 249.26812744140625 82 470.63162231445312 281.9207763671875 889 745.5589599609375 307.4490966796875 83 1016.3068237304688 362.60821533203125 -1 1016.3068237304688 362.60821533203125 -1 1191.023193359375 363.77786254882812 -1 1244.109375 373.4349365234375 -1 1182.2265625 425.5460205078125 -1 900.447265625 444.74456787109375 -1 78.240684509277344 537.48358154296875 -1 827.1201171875 564.81463623046875 -1 918.469970703125 567.49774169921875 -1 1130.2752685546875 685.31072998046875 -1
193 0.99848563833685655 0.04390150199868692 0.016311485511140929 0.028862148182684851 0.16338657160692893 0.18750852963400816 -3.0815062595482958 192 moving_frame_0191.png
973.4599609375 9.9929943084716797 215 973.4599609375 9.9929943084716797 372 1050.2919921875 25.514608383178711 -1 1050.2919921875 25.514608383178711 210 811.43511962890625 42.891891479492188 -1 490.40557861328125 43.483982086181641 1 836.46893310546875 60.973514556884766 671 838.44720458984375 83.400985717773438 -1 784.34759521484375 84.330108642578125 -1 984.4891357421875 106.36387634277344 -1 805.57220458984375 145.54829406738281 -1 774.5164794921875 145.79551696777344 -1 818.56549072265625 187.05125427246094 -1 426.63916015625 219.935546875 -1 447.579833984375 288.61419677734375 313 400.79849243164062 324.83438110351562 -1 778.0804443359375 45.597270965576172 134 814.383056640625 45.461784362792969 -1 807.90960693359375 63.864673614501953 -1 766.68426513671875 64.31884765625 -1 813.222412109375 80.207466125488281 -1 806.76593017578125 83.219383239746094 -1 806.76593017578125 83.219383239746094 -1 825.3125 83.6214599609375 300 754.117431640625 84.546768188476562 -1 472.5679931640625 106.63617706298828 -1 789.361083984375 125.37757110595703 -1 788.58905029296875 145.26243591308594 217 1001.816162109375 148.08367919921875 139 728.29559326171875 217.90087890625 7 728.50457763671875 221.98988342285156 9 238.00274658203125 364.4412841796875 -1 122.00764465332031 430.21270751953125 -1 750.37860107421875 480.43392944335938 -1 743.4339599609375 36.972507476806641 23 743.4339599609375 36.972507476806641 -1 491.34237670898438 49.419502258300781 533 828.365478515625 63.898014068603516 -1 840.03631591796875 64.022628784179688 906 784.109375 84.595947265625 -1 751.50592041015625 134.42362976074219 474 763.62591552734375 134.49630737304688 1166 775.65350341796875 134.53976440429688 -1 810.17779541015625 145.25343322753906 226 819.70489501953125 145.49240112304688 171 597.93463134765625 155.59799194335938 550 597.93463134765625 155.59799194335938 -1 772.0491943359375 163.788330078125 5 795.49853515625 165.19622802734375 473 791.668212890625 169.05998229980469 151 769.91064453125 172.98886108398438 -1 769.91064453125 172.98886108398438 142 683.78582763671875 217.88385009765625 898 695.73114013671875 217.93203735351562 1288 713.3109130859375 217.88076782226562 917 719.8321533203125 217.91708374023438 908 695.68597412109375 226.23907470703125 144 712.96270751953125 226.19573974609375 152 728.42852783203125 226.28166198730469 21 447.68951416015625 295.18203735351562 -1 447.68951416015625 295.18203735351562 -1 299.32525634765625 321.80477905273438 689 256.57791137695312 349.65359497070312 -1 246.86529541015625 357.03054809570312 -1 247.48324584960938 361.53958129882812 412 743.4931640625 37.083072662353516 23 743.4931640625 37.083072662353516 146 622.682861328125 39.426090240478516 907 622.66253662109375 48.565872192382812 895 840.58160400390625 64.538383483886719 906 505.16146850585938 135.30793762207031 150 787.25189208984375 164.50164794921875 -1 787.25189208984375 164.50164794921875 18 772.47796630859375 168.70623779296875 31 786.10992431640625 173.52876281738281 32 784.99774169921875 190.20332336425781 416 784.99774169921875 190.20332336425781 1182 447.85302734375 295.53350830078125 -1 284.08749389648438 321.3338623046875 -1 286.95675659179688 325.94512939453125 -1 260.98178100585938 352.38229370117188 -1 422.79110717773438 437.98660278320312 -1 107.02696228027344 464.07867431640625 238 750.33404541015625 479.599609375 -1 476.9688720703125 14.473044395446777 760 817.1204833984375 51.394088745117188 364 765.6907958984375 85.914459228515625 25 764.59869384765625 111.53050994873047 -1 978.469482421875 128.76298522949219 -1 720.69500732421875 143.8763427734375 37 750.25677490234375 143.94642639160156 38 764.99798583984375 143.95158386230469 28 773.26025390625 144.26492309570312 29 773.26025390625 144.26492309570312 30 797.52996826171875 144.65628051757812 39 821.33660888671875 144.387451171875 171 814.77783203125 150.43264770507812 309 773.8272705078125 178.98553466796875 50 773.8272705078125 178.98553466796875 88 792.02618408203125 179.646484375 666 791.941650390625 186.34230041503906 233 823.12384033203125 201.06773376464844 40 745.54248046875 216.47474670410156 534 286.56033325195312 326.03024291992188 -1 265.7672119140625 341.12753295898438 -1 238.56402587890625 369.4595947265625 -1 381.75445556640625 437.32928466796875 -1 381.75445556640625 437.32928466796875 -1 142.09461975097656 455.69952392578125 -1 150.831787109375 461.77655029296875 -1 108.69865417480469 469.6448974609375 -1 115.98806762695312 475.49313354492188 -1 115.98806762695312 475.49313354492188 -1 780.80718994140625 480.6527099609375 -1 823.9412841796875 40.526206970214844 -1 836.65142822265625 58.166496276855469 178 789.528076171875 60.195465087890625 164 452.96267700195312 64.288803100585938 -1 827.6993408203125 66.39849853515625 45 455.169921875 79.96685791015625 -1 833.2308349609375 79.167442321777344 899 505.78372192382812 81.728561401367188 393 782.25665283203125 86.7232666015625 230 498.45779418945312 89.770172119140625 165 508.19265747070312 99.698020935058594 -1 501.68927001953125 109.02321624755859 -1 867.30999755859375 117.21697998046875 46 770.89862060546875 120.64483642578125 336 781.53875732421875 140.12234497070312 170 970.11102294921875 145.73135375976562 172 719.15582275390625 160.39254760742188 48 749.00653076171875 160.42219543457031 49 792.293212890625 179.70025634765625 666 785.80865478515625 205.64993286132812 687 900.76177978515625 264.51934814453125 -1 881.9981689453125 272.54510498046875 -1 881.9981689453125 272.54510498046875 -1 304.21661376953125 319.43667602539062 -1 490.26409912109375 324.70730590820312 762 405.253173828125 685.62786865234375 -1 405.253173828125 685.62786865234375 -1 448.8541259765625 32.187309265136719 -1 480.60833740234375 35.611408233642578 54 480.60833740234375 35.611408233642578 176 451.01824951171875 48.038795471191406 -1 894.66888427734375 54.224338531494141 55 441.99066162109375 56.373825073242188 241 504.10858154296875 58.834842681884766 191 495.95492553710938 71.08978271484375 181 444.9114990234375 72.323959350585938 365 466.30645751953125 72.783119201660156 91 815.04254150390625 77.755462646484375 56 488.13052368164062 81.48492431640625 911 857.7818603515625 81.911773681640625 192 799.618896484375 87.154953002929688 701 823.23370361328125 87.346458435058594 57 448.05938720703125 88.329010009765625 -1 490.89810180664062 99.233673095703125 193 772.58074951171875 99.262153625488281 -1 787.922119140625 99.2196044921875 249 450.82156372070312 104.60726165771484 -1 501.75250244140625 109.43064117431641 -1 981.6781005859375 112.51947021484375 187 853.86102294921875 116.56333923339844 -1 454.05734252929688 120.73200225830078 -1 861.631103515625 125.98702239990234 -1 706.25982666015625 153.02665710449219 702 761.3206787109375 153.09844970703125 60 976.882568359375 153.5316162109375 188 810.76776123046875 165.32550048828125 194 753.3182373046875 218.3011474609375 1290 753.3182373046875 218.3011474609375 1289 882.52679443359375 272.5992431640625 1074 882.52679443359375 272.5992431640625 1075 838.05914306640625 301.89157104492188 690 80.700927734375 438.1617431640625 -1 125.3125 465.7020263671875 -1 748.3431396484375 473.29568481445312 -1 841.02569580078125 618.73553466796875 -1 841.02569580078125 618.73553466796875 -1 58.846157073974609 629.04766845703125 -1 419.1451416015625 628.7574462890625 -1 419.1451416015625 628.7574462890625 -1 827.29498291015625 628.40301513671875 -1 1184.2169189453125 629.1837158203125 -1 405.20712280273438 685.5709228515625 -1 405.20712280273438 685.5709228515625 -1 1042.9886474609375 695.64703369140625 -1 432.40118408203125 8.6769094467163086 -1 447.07107543945312 16.081302642822266 -1 1022.311279296875 18.966791152954102 707 906.8675537109375 31.410390853881836 65 507.98931884765625 36.411540985107422 69 438.32424926757812 40.281364440917969 258 467.93643188476562 46.596981048583984 259 493.15545654296875 48.028617858886719 66 482.71319580078125 59.510734558105469 894 790.08062744140625 76.03729248046875 246 494.68890380859375 121.27783966064453 251 170.64743041992188 424.40631103515625 -1 65.177589416503906 617.83184814453125 -1 65.177589416503906 617.83184814453125 -1 403.0028076171875 618.58050537109375 -1 391.13320922851562 629.37567138671875 -1 852.09991455078125 629.347900390625 -1 434.486083984375 24.072734832763672 -1 989.32122802734375 80.541038513183594 204 447.63677978515625 312.36410522460938 769 825.11602783203125 312.33489990234375 -1 865.9368896484375 334.63211059570312 270 908.34332275390625 333.6768798828125 271 259.3607177734375 360.14157104492188 -1 391.927734375 425.86959838867188 -1 1128.397216796875 691.39849853515625 -1 1000.929443359375 97.505874633789062 198 1000.929443359375 97.505874633789062 368 994.79949951171875 168.4234619140625 -1 994.79949951171875 168.4234619140625 -1 795.82135009765625 193.85502624511719 1139 718.5224609375 224.51087951660156 -1 934.899169921875 270.6685791015625 269 1037.6748046875 333.78619384765625 272 866.070556640625 334.9554443359375 -1 283.42181396484375 349.31088256835938 -1 925.3828125 353.87310791015625 -1 1112.68408203125 418.23788452148438 -1 127.795166015625 441.04840087890625 287 712.18682861328125 475.24972534179688 -1 712.18682861328125 475.24972534179688 -1 1105.902099609375 486.2694091796875 784 489.8763427734375 16.999004364013672 266 773.11627197265625 74.2862548828125 74 777.155029296875 121.282470703125 -1 801.46466064453125 136.51454162597656 79 1008.9118041992188 137.22846984863281 725 973.545654296875 190.11322021484375 371 708.52294921875 244.80862426757812 99 376.71060180664062 276.26419067382812 -1 911.4427490234375 293.32379150390625 283 1010.1898803710938 354.57601928710938 295 213.72419738769531 371.65521240234375 -1 908.3360595703125 421.79312133789062 -1 458.81082153320312 461.41683959960938 -1 458.81082153320312 461.41683959960938 -1 1120.95458984375 464.91732788085938 -1 139.53569030761719 473.15972900390625 -1 725.25537109375 475.06524658203125 -1 725.25537109375 475.06524658203125 -1 521.891845703125 537.91650390625 -1 1122.6639404296875 629.7452392578125 -1 915.85943603515625 633.723876953125 -1 1017.8287963867188 34.360652923583984 733 829.593994140625 161.51148986816406 81 911.6492919921875 246.92544555664062 82 405.2537841796875 287.71124267578125 889 1027.776611328125 288.52517700195312 293 683.24798583984375 307.8773193359375 83 1134.369384765625 360.65188598632812 -1 1134.369384765625 360.65188598632812 -1 968.56494140625 364.01406860351562 -1 968.56494140625 364.01406860351562 -1 1188.69677734375 371.50308227539062 -1 1147.587158203125 419.8919677734375 -1 377.71661376953125 427.95193481445312 -1 894.60699462890625 575.9984130859375 -1 1108.2381591796875 692.12451171875 -1
194 0.99716843751407946 0.052251283832781999 0.04093857918044027 0.035340391880147766 -0.45602165232071251 0.41563328287057444 -2.9025416651027274 194 moving_frame_0193.png
478.36965942382812 51.426338195800781 14 769.60498046875 85.00396728515625 -1 489.52792358398438 102.80356597900391 2 509.27120971679688 105.05864715576172 -1 1003.4835205078125 117.76431274414062 -1 784.46875 139.83287048339844 16 701.42694091796875 224.928466796875 -1 217.0277099609375 416.047119140625 -1 208.01190185546875 423.0496826171875 -1 1123.0316162109375 20.523948669433594 -1 778.06414794921875 32.2484130859375 -1 485.76934814453125 42.68035888671875 1 781.8724365234375 44.921382904052734 134 791.54510498046875 146.94662475585938 217 809.70379638671875 147.37474060058594 -1 792.33984375 152.61483764648438 302 776.2413330078125 166.80673217773438 5 730.33636474609375 221.80984497070312 7 730.5206298828125 225.91932678222656 9 730.5206298828125 225.91932678222656 -1 8.4541072845458984 268.56576538085938 -1 453.99337768554688 333.59674072265625 -1 463.4752197265625 333.53594970703125 -1 475.4775390625 333.78372192382812 -1 233.04483032226562 399.588134765625 -1 995.58404541015625 6.522557258605957 215 995.58404541015625 6.522557258605957 372 486.36993408203125 48.578453063964844 12 486.36993408203125 48.578453063964844 533 478.72921752929688 52.259243011474609 14 845.37591552734375 63.451274871826172 906 473.46652221679688 106.17936706542969 -1 495.50030517578125 106.11956787109375 -1 597.9927978515625 157.37371826171875 17 801.27679443359375 167.68922424316406 473 813.74212646484375 167.90998840332031 141 774.28662109375 175.99305725097656 142 799.99530029296875 176.74385070800781 310 685.78045654296875 221.81034851074219 898 697.74774169921875 221.90138244628906 1288 721.8511962890625 221.87332153320312 908 697.84832763671875 230.12969970703125 144 730.51141357421875 230.38394165039062 21 796.03399658203125 254.03475952148438 1036 374.01443481445312 259.72540283203125 -1 374.01443481445312 259.72540283203125 -1 439.49618530273438 295.98129272460938 313 234.98027038574219 370.90475463867188 -1 381.88070678710938 389.83285522460938 -1 206.72468566894531 392.927978515625 370 200.83168029785156 399.14791870117188 -1 227.79388427734375 408.85800170898438 -1 215.83198547363281 412.41033935546875 316 21.798971176147461 530.42303466796875 -1 1084.8583984375 15.031956672668457 -1 745.89093017578125 36.248519897460938 23 621.666748046875 39.454021453857422 907 755.00286865234375 42.272754669189453 34 621.66668701171875 47.545825958251953 895 502.11859130859375 53.304073333740234 191 812.053466796875 64.172798156738281 -1 769.246826171875 85.674690246582031 25 486.51730346679688 90.230522155761719 -1 495.70901489257812 106.30900573730469 -1 787.7451171875 124.73165130615234 -1 1007.641357421875 127.08077239990234 -1 1007.641357421875 127.08077239990234 -1 766.7218017578125 135.11215209960938 1166 772.23980712890625 139.94497680664062 26 772.23980712890625 139.94497680664062 665 818.43463134765625 151.91958618164062 309 791.50543212890625 167.20657348632812 18 776.7099609375 171.43075561523438 31 797.27716064453125 171.81706237792969 151 791.16241455078125 176.425048828125 32 829.011962890625 191.69717407226562 1191 373.96469116210938 259.63272094726562 -1 375.6072998046875 289.01895141601562 -1 439.77639770507812 304.2252197265625 -1 415.77877807617188 326.66229248046875 818 279.21746826171875 337.99746704101562 43 381.99832153320312 389.75534057617188 -1 228.15544128417969 408.7784423828125 315 205.46394348144531 419.6881103515625 -1 350.6019287109375 483.03207397460938 937 1203.4842529296875 495.70126342773438 -1 11.034412384033203 537.88824462890625 -1 11.034412384033203 537.88824462890625 -1 776.5338134765625 51.166416168212891 326 794.865478515625 58.693550109863281 164 799.29266357421875 66.909393310546875 -1 789.12799072265625 85.474571228027344 230 494.32723999023438 94.64923095703125 332 768.42633056640625 106.63524627685547 -1 762.0059814453125 114.34590911865234 1141 499.80734252929688 127.89636993408203 -1 801.9141845703125 133.97874450683594 -1 755.001220703125 134.36892700195312 474 722.81744384765625 145.75894165039062 37 776.94586181640625 146.00852966308594 29 776.94586181640625 146.00852966308594 30 753.31695556640625 146.03131103515625 38 768.51129150390625 146.01223754882812 28 813.48333740234375 146.32205200195312 226 778.197998046875 181.83049011230469 50 778.197998046875 181.83049011230469 88 797.40350341796875 182.80680847167969 666 791.46893310546875 187.78486633300781 919 791.46893310546875 187.78486633300781 323 829.30926513671875 205.87872314453125 40 373.607666015625 266.26199340820312 -1 897.9073486328125 289.27145385742188 41 485.35833740234375 332.66824340820312 52 262.20632934570312 337.30938720703125 42 279.98599243164062 337.61276245117188 43 263.98544311523438 343.34014892578125 324 1002.5739135742188 491.94161987304688 -1 1217.4725341796875 494.15972900390625 -1 1217.4725341796875 494.15972900390625 -1 50.777374267578125 538.73907470703125 -1 38.160003662109375 544.396484375 -1 471.91622924804688 12.945313453674316 760 831.81671142578125 39.627586364746094 177 821.6243896484375 50.623023986816406 364 478.98666381835938 54.945816040039062 894 905.396240234375 54.081783294677734 -1 489.55178833007812 62.250949859619141 475 832.89202880859375 65.321571350097656 45 796.63226318359375 76.463333129882812 329 763.21490478515625 79.164535522460938 668 838.3603515625 79.273452758789062 899 804.22454833984375 82.99560546875 319 795.976318359375 91.71575927734375 331 487.54776000976562 100.79813385009766 -1 834.2618408203125 104.3851318359375 -1 801.2486572265625 146.05372619628906 39 992.644287109375 149.92636108398438 172 722.36566162109375 162.17413330078125 48 751.91595458984375 162.16670227050781 49 446.47171020507812 238.13406372070312 338 897.2998046875 274.36627197265625 -1 200.10198974609375 432.15536499023438 -1 102.35689544677734 474.3990478515625 -1 791.989013671875 520.98291015625 -1 43.713535308837891 532.716064453125 -1 390.1649169921875 710.89337158203125 -1 851.45574951171875 710.6844482421875 -1 831.55755615234375 29.94902229309082 341 475.63916015625 34.817070007324219 54 475.63916015625 34.817070007324219 176 446.70889282226562 50.188369750976562 -1 841.7552490234375 57.590873718261719 178 448.99136352539062 66.192916870117188 -1 501.4261474609375 69.575180053710938 587 440.48281860351562 74.669288635253906 -1 763.01605224609375 78.492385864257812 -1 818.8504638671875 78.470901489257812 56 492.86859130859375 80.10943603515625 441 451.562744140625 81.585052490234375 -1 443.722412109375 90.284500122070312 -1 777.12158203125 94.146621704101562 394 486.9306640625 100.30796051025391 193 803.188720703125 102.4652099609375 333 446.57559204101562 105.66502380371094 -1 1004.0511474609375 114.79730224609375 187 489.88833618164062 117.39039611816406 251 864.0364990234375 118.74775695800781 -1 876.5823974609375 119.28334045410156 46 1012.5184936523438 125.19210052490234 -1 869.806640625 128.30917358398438 59 998.93560791015625 158.72250366210938 188 756.29949951171875 221.31629943847656 1290 748.71832275390625 248.46308898925781 -1 895.09674072265625 281.83770751953125 1074 895.09674072265625 281.83770751953125 1075 752.1680908203125 491.41909790039062 -1 738.93548583984375 500.02801513671875 -1 15.97613525390625 542.96148681640625 -1 23.732370376586914 571.1923828125 -1 894.87139892578125 711.2735595703125 -1 1052.134765625 14.555728912353516 707 442.93588256835938 20.052036285400391 -1 918.84881591796875 29.361234664916992 65 444.529296875 35.447902679443359 -1 434.06695556640625 43.554172515869141 258 488.39205932617188 46.844120025634766 66 905.2025146484375 52.470535278320312 55 437.1343994140625 58.81549072265625 -1 480.03497314453125 69.911758422851562 450 867.34161376953125 82.068778991699219 192 827.705810546875 88.733489990234375 57 1001.1209106445312 135.37767028808594 -1 765.147705078125 156.16795349121094 -1 816.35723876953125 169.29713439941406 194 765.5159912109375 485.44155883789062 -1 75.209465026855469 548.7960205078125 -1 426.85092163085938 13.247289657592773 70 485.2635498046875 21.649852752685547 -1 503.84274291992188 35.242069244384766 69 483.9765625 96.847396850585938 193 358.05752563476562 477.5576171875 -1 1207.6253662109375 488.67333984375 -1 353.84194946289062 493.64398193359375 -1 972.68280029296875 54.156806945800781 -1 1020.8890380859375 99.363182067871094 198 1020.8890380859375 99.363182067871094 368 1013.20166015625 174.08297729492188 -1 1013.20166015625 174.08297729492188 -1 801.9732666015625 197.70489501953125 1139 33.488613128662109 237.54644775390625 -1 950.0250244140625 279.57821655273438 -1 950.0250244140625 279.57821655273438 269 875.809326171875 363.33908081054688 -1 256.72784423828125 369.83599853515625 362 187.78204345703125 391.81671142578125 -1 892.57440185546875 449.58029174804688 -1 401.1630859375 476.42724609375 -1 1199.0216064453125 565.0078125 -1 816.71502685546875 63.886699676513672 358 777.242431640625 74.109542846679688 74 1004.6097412109375 75.723373413085938 -1 780.56683349609375 117.91774749755859 77 1000.9987182617188 122.047119140625 78 226.93144226074219 389.74392700195312 -1 226.93144226074219 389.74392700195312 -1 143.67008972167969 423.24099731445312 -1 283.19906616210938 483.14263916015625 -1 1123.3857421875 482.42657470703125 -1 1123.3857421875 482.42657470703125 -1 278.742431640625 514.7435302734375 -1 34.3089599609375 513.29632568359375 -1 1201.385986328125 541.48724365234375 -1 41.761394500732422 545.78094482421875 -1 508.76025390625 574.10614013671875 -1 508.76025390625 574.10614013671875 -1 846.7454833984375 589.98797607421875 -1 482.5980224609375 5.3338222503662109 363 941.21246337890625 53.713470458984375 734 806.82861328125 138.13078308105469 79 834.661865234375 164.45433044433594 81 989.34332275390625 199.66983032226562 371 37.856433868408203 245.44532775878906 -1 923.97625732421875 255.46157836914062 82 684.955810546875 313.48495483398438 83 925.26025390625 311.61502075195312 -1 1009.6273803710938 310.6051025390625 -1 244.1484375 342.77154541015625 -1 958.18536376953125 388.44482421875 -1 958.18536376953125 388.44482421875 -1 1000.6417846679688 416.3450927734375 -1 1198.8087158203125 506.54183959960938 -1 1198.8087158203125 506.54183959960938 -1 279.26254272460938 518.1654052734375 -1
166 0.99543234648574341 0.057040976641524639 -0.072905174104805764 0.02335821359642001 3.6670034032418197 -0.4594433336814982 6.2669755893884922 163 moving_frame_0162.png
846.19146728515625 37.126522064208984 -1 861.97467041015625 58.605087280273438 310 817.4842529296875 95.818679809570312 -1 761.67828369140625 98.447792053222656 898 550.125244140625 140.09791564941406 -1 982.712890625 317.953125 -1 854.24859619140625 58.59686279296875 32 772.6112060546875 98.427322387695312 1288 799.05096435546875 98.480194091796875 -1 806.250732421875 98.516426086425781 7 806.4710693359375 105.63860321044922 21 897.0616455078125 123.9609375 -1 499.26101684570312 167.65229797363281 -1 846.35302734375 37.308120727539062 -1 878.27703857421875 54.095035552978516 141 882.35888671875 68.959213256835938 -1 584.32476806640625 92.593208312988281 -1 592.12115478515625 92.623077392578125 -1 572.292236328125 108.48643493652344 -1 931.6766357421875 136.9818115234375 -1 130.40516662597656 195.61827087402344 -1 826.13427734375 295.49557495117188 -1 838.9366455078125 27.674537658691406 -1 828.6414794921875 28.04649543762207 -1 832.5550537109375 33.019210815429688 -1 857.9078369140625 33.268936157226562 217 879.17584228515625 33.660198211669922 226 883.85968017578125 38.551609039306641 1291 882.14947509765625 68.729179382324219 918 854.73895263671875 295.99884033203125 -1 1028.498291015625 317.54812622070312 -1 256.09088134765625 423.4052734375 -1 256.09088134765625 423.4052734375 -1 934.42559814453125 5.864870548248291 -1 834.51568603515625 8.8688516616821289 -1 847.804443359375 9.3643436431884766 -1 828.25164794921875 14.946235656738281 1058 839.7796630859375 14.982220649719238 -1 833.4559326171875 21.621725082397461 -1 845.21356201171875 21.703132629394531 -1 821.35992431640625 22.149816513061523 -1 1005.2459716796875 25.078964233398438 -1 1008.9375 31.955905914306641 -1 821.47467041015625 33.117740631103516 -1 842.74810791015625 33.275161743164062 30 890.61004638671875 33.00946044921875 -1 871.55950927734375 39.026176452636719 -1 793.8648681640625 48.32952880859375 -1 888.26416015625 73.088706970214844 1191 889.11456298828125 84.7796630859375 1292 581.766845703125 97.09881591796875 -1 829.52215576171875 99.798103332519531 1290 570.3660888671875 103.04595184326172 -1 584.17559814453125 103.68460083007812 -1 775.74737548828125 111.410400390625 1087 795.82843017578125 111.21721649169922 551 562.19146728515625 148.35099792480469 -1 492.91253662109375 158.65550231933594 -1 492.91253662109375 158.65550231933594 -1 537.51446533203125 166.97640991210938 -1 131.50895690917969 198.37945556640625 -1 373.43350219726562 281.46719360351562 -1 403.83786010742188 301.2724609375 -1 372.28961181640625 302.53131103515625 -1 384.398681640625 306.33273315429688 -1 395.35189819335938 306.80322265625 -1 417.22518920898438 318.460205078125 -1 435.63223266601562 318.49508666992188 -1 964.41558837890625 324.40097045898438 -1 1004.0413818359375 328.20706176757812 -1 279.53759765625 371.30838012695312 -1 213.28102111816406 517.30712890625 -1 853.3114013671875 15.209231376647949 -1 1035.7628173828125 24.270517349243164 1186 850.161865234375 27.486236572265625 -1 541.83941650390625 29.342363357543945 -1 541.83941650390625 29.342363357543945 -1 584.56182861328125 30.429220199584961 -1 891.24090576171875 32.183761596679688 -1 866.9066162109375 33.084568023681641 39 824.73065185546875 48.470687866210938 49 843.88507080078125 64.038970947265625 88 861.6197509765625 64.44573974609375 666 861.6197509765625 64.44573974609375 666 788.32415771484375 102.20599365234375 -1 559.03924560546875 103.23374176025391 -1 902.34210205078125 129.34356689453125 -1 532.84893798828125 153.76278686523438 -1 579.73638916015625 166.35395812988281 -1 579.73638916015625 166.35395812988281 -1 564.15240478515625 167.02250671386719 -1 976.0203857421875 288.29360961914062 -1 404.4451904296875 291.06884765625 -1 373.23199462890625 291.71148681640625 -1 373.23199462890625 291.71148681640625 -1 900.48883056640625 291.63360595703125 -1 900.48883056640625 291.63360595703125 -1 457.23538208007812 292.74557495117188 -1 457.23538208007812 292.74557495117188 -1 1013.0245361328125 293.22232055664062 -1 457.33868408203125 304.65087890625 -1 457.33868408203125 304.65087890625 -1 1028.9254150390625 324.29446411132812 -1 1271.620849609375 344.0665283203125 -1 1252.33740234375 358.16488647460938 -1 309.38809204101562 371.3380126953125 -1 289.0831298828125 377.79885864257812 -1 298.52313232421875 385.007080078125 -1 230.97554016113281 409.87960815429688 -1 230.97554016113281 409.87960815429688 -1 840.25079345703125 449.28680419921875 -1 263.40267944335938 457.07369995117188 -1 842.00970458984375 464.65802001953125 -1 241.46347045898438 524.36865234375 -1 1253.0662841796875 606.94171142578125 -1 784.07171630859375 40.567043304443359 702 876.8443603515625 54.901897430419922 194 1019.8424072265625 55.009742736816406 -1 900.28460693359375 80.376228332519531 -1 598.07843017578125 101.88194274902344 1293 992.61810302734375 137.98231506347656 -1 500.91433715820312 214.91293334960938 -1 941.986572265625 285.07003784179688 -1 425.69180297851562 291.6611328125 -1 953.01617431640625 293.13479614257812 -1 1018.4310302734375 302.33343505859375 -1 414.487548828125 304.22622680664062 -1 1040.697021484375 308.48257446289062 -1 846.1463623046875 310.48294067382812 -1 965.11773681640625 312.51028442382812 -1 987.0682373046875 313.25765991210938 -1 1013.1847534179688 312.5966796875 -1 425.44168090820312 326.114990234375 -1 990.39398193359375 325.9571533203125 -1 477.02700805664062 337.35610961914062 -1 1095.06005859375 344.41741943359375 -1 1095.06005859375 344.41741943359375 -1 258.18722534179688 407.6253662109375 -1 890.6864013671875 442.041015625 -1 916.85906982421875 458.255126953125 -1 916.85906982421875 458.255126953125 -1 172.77252197265625 498.9085693359375 -1 252.61753845214844 528.4688720703125 -1 213.95498657226562 538.4429931640625 -1 213.95498657226562 538.4429931640625 -1 110.21582794189453 575.291748046875 -1 227.91395568847656 579.55780029296875 -1 74.198158264160156 582.11749267578125 -1 499.291259765625 30.565542221069336 -1 535.26739501953125 41.627429962158203 -1 1012.0155639648438 43.129486083984375 -1 1012.0155639648438 43.129486083984375 -1 854.6187744140625 54.556041717529297 355 903.410888671875 142.75033569335938 -1 874.26287841796875 143.52381896972656 -1 1083.3226318359375 144.18768310546875 -1 494.21035766601562 149.37034606933594 -1 499.3863525390625 191.91879272460938 -1 522.5972900390625 191.75901794433594 -1 523.087890625 215.16627502441406 -1 509.88214111328125 226.40811157226562 -1 415.502685546875 281.57955932617188 -1 786.79583740234375 297.849609375 1296 786.79583740234375 297.849609375 1297 855.5333251953125 299.78732299804688 -1 386.69656372070312 302.26031494140625 -1 997.67584228515625 302.3599853515625 -1 349.818603515625 312.57269287109375 -1 443.31277465820312 313.58447265625 -1 355.69549560546875 338.623291015625 -1 302.5693359375 361.59719848632812 -1 307.79379272460938 428.10342407226562 -1 916.5302734375 444.976318359375 -1 203.03421020507812 520.14129638671875 -1 222.99990844726562 526.8409423828125 -1 240.65676879882812 537.21331787109375 -1 274.74032592773438 544.662841796875 -1 180.14479064941406 666.55645751953125 -1 157.79890441894531 679.9298095703125 -1 1032.0750732421875 43.231754302978516 -1 741.67388916015625 44.420513153076172 1253 534.5245361328125 63.599151611328125 -1 861.521484375 79.596511840820312 1298 772.779052734375 105.19574737548828 -1 772.779052734375 105.19574737548828 -1 795.56396484375 105.44423675537109 -1 843.37744140625 106.50871276855469 1255 646.023193359375 135.10578918457031 -1 515.01019287109375 138.00466918945312 -1 925.20001220703125 142.26681518554688 -1 556.1185302734375 156.02706909179688 -1 886.2677001953125 158.65737915039062 -1 1228.9510498046875 177.89157104492188 -1 837.97406005859375 288.28286743164062 -1 442.94229125976562 312.1529541015625 -1 942.2255859375 321.5985107421875 -1 942.2255859375 321.5985107421875 -1 294.85479736328125 427.78665161132812 -1 847.80194091796875 473.6600341796875 -1 291.68838500976562 526.63848876953125 -1 178.89309692382812 680.6728515625 -1 785.4549560546875 122.23337554931641 99 886.1624755859375 160.191650390625 -1 1245.537353515625 200.43055725097656 -1 1009.2164306640625 283.3082275390625 -1 405.22665405273438 320.0460205078125 -1 942.378662109375 321.0423583984375 -1 942.378662109375 321.0423583984375 -1 330.783203125 350.10595703125 -1 342.02081298828125 368.8212890625 -1 299.31695556640625 425.18316650390625 -1 953.00982666015625 451.09527587890625 -1 847.92144775390625 473.643310546875 -1 237.81571960449219 509.73831176757812 -1 135.94053649902344 590.8109130859375 -1 869.04248046875 26.927469253540039 1299 1052.758544921875 309.7156982421875 -1 801.943603515625 456.47589111328125 -1 986.74273681640625 482.59194946289062 -1 177.47018432617188 524.83795166015625 -1 207.39857482910156 567.25201416015625 -1 178.54179382324219 683.614501953125 -1 178.54179382324219 683.614501953125 -1 1065.811279296875 29.006385803222656 -1 503.99533081054688 53.556724548339844 1269 503.99533081054688 53.556724548339844 -1 896.51318359375 51.032421112060547 81 883.02178955078125 104.7431640625 1270 883.02178955078125 104.7431640625 1271 540.26251220703125 132.99949645996094 -1 667.010009765625 139.61178588867188 -1 667.010009765625 139.61178588867188 -1 514.59576416015625 168.93656921386719 -1 888.0933837890625 168.89140319824219 -1 1078.7552490234375 360.17825317382812 -1 1078.7552490234375 360.17825317382812 -1 355.82260131835938 368.10311889648438 -1 187.27175903320312 536.2020263671875 -1 243.34648132324219 558.71319580078125 -1 60.844039916992188 587.82037353515625 -1 112.43215942382812 600.8302001953125 -1 1235.3453369140625 611.8564453125 -1 429.3341064453125 691.5958251953125 -1
195 0.99664540735259266 0.053238973507887928 0.051048683696563485 0.035462312328153854 -0.70323299492665614 0.48746440273684555 -3.0941801464213361 196 moving_frame_0195.png
1122.501220703125 20.006626129150391 -1 785.6998291015625 44.072517395019531 134 500.09286499023438 51.425792694091797 -1 721.00775146484375 145.53228759765625 -1 1018.760986328125 149.46693420410156 -1 362.13748168945312 303.916748046875 -1 374.75369262695312 398.01644897460938 -1 1018.9972534179688 2.7127823829650879 -1 480.36798095703125 41.748191833496094 1 463.4486083984375 63.848743438720703 -1 507.57733154296875 139.03515625 301 507.57733154296875 139.03515625 84 773.57586669921875 145.57423400878906 -1 1014.5813598632812 160.78903198242188 -1 780.03143310546875 169.01254272460938 5 696.549560546875 230.74226379394531 815 732.3382568359375 231.31185913085938 9 391.29403686523438 278.04141235351562 -1 391.29403686523438 278.04141235351562 -1 180.71058654785156 494.68832397460938 -1 777.99444580078125 513.98114013671875 -1 481.4415283203125 48.233776092529297 12 481.4415283203125 48.233776092529297 533 812.7276611328125 117.23635864257812 -1 1051.5927734375 148.16549682617188 -1 1046.9173583984375 157.86509704589844 -1 597.2662353515625 159.05043029785156 17 807.5657958984375 170.33099365234375 473 817.40557861328125 170.64277648925781 141 778.58416748046875 178.93904113769531 142 807.0841064453125 179.36027526855469 310 687.72235107421875 226.80070495605469 898 700.64697265625 226.947021484375 1288 723.31396484375 227.027099609375 908 732.545654296875 226.81761169433594 7 704.49359130859375 230.94575500488281 8 719.3096923828125 230.974365234375 306 700.6492919921875 235.06216430664062 144 723.75152587890625 235.40576171875 -1 732.649169921875 235.30702209472656 21 430.5142822265625 304.98532104492188 313 480.31561279296875 341.32138061523438 52 175.64326477050781 416.97482299804688 -1 346.3812255859375 428.95562744140625 -1 377.7423095703125 441.9715576171875 -1 289.07379150390625 495.754638671875 -1 736.7061767578125 511.3250732421875 -1 1122.12109375 10.383519172668457 -1 748.4349365234375 35.529388427734375 23 748.4349365234375 35.529388427734375 146 620.6810302734375 38.430740356445312 907 758.37078857421875 41.948768615722656 34 620.66192626953125 47.566387176513672 895 481.48516845703125 48.384979248046875 533 775.22344970703125 56.037429809570312 -1 809.6275634765625 71.922653198242188 -1 760.43048095703125 86.718452453613281 148 489.696533203125 98.617454528808594 -1 790.2442626953125 135.22904968261719 -1 757.833740234375 137.2872314453125 474 770.61492919921875 137.52131652832031 1166 496.99111938476562 139.28712463378906 -1 496.99111938476562 139.28712463378906 150 775.34033203125 142.05439758300781 665 780.8626708984375 174.24000549316406 31 803.21942138671875 174.72384643554688 151 796.2281494140625 179.27816772460938 32 723.23138427734375 227.06819152832031 908 708.9281005859375 235.38850402832031 311 715.2320556640625 235.54278564453125 152 368.00241088867188 268.44686889648438 -1 430.83987426757812 313.43490600585938 -1 253.58155822753906 357.350341796875 689 198.9730224609375 424.8763427734375 -1 11.52668571472168 561.0916748046875 -1 212.90977478027344 576.30755615234375 -1 780.61065673828125 50.173603057861328 326 852.3751220703125 64.442695617675781 906 802.7359619140625 76.38238525390625 -1 766.6329345703125 81.529029846191406 668 808.557861328125 81.376029968261719 319 772.69610595703125 87.328140258789062 330 794.477783203125 87.299209594726562 -1 771.9462890625 104.61358642578125 -1 725.1396484375 147.76231384277344 37 756.45025634765625 148.08834838867188 38 771.8729248046875 148.02659606933594 28 781.2059326171875 148.19224548339844 30 823.010986328125 154.24151611328125 309 713.58660888671875 185.1356201171875 321 834.936767578125 202.79356384277344 -1 836.05157470703125 211.21926879882812 40 750.78662109375 223.76052856445312 534 410.72247314453125 230.87632751464844 -1 910.61175537109375 298.8687744140625 41 238.57669067382812 362.60317993164062 -1 202.68408203125 397.27005004882812 -1 170.16705322265625 424.1026611328125 -1 198.60948181152344 424.96145629882812 -1 1266.2650146484375 547.21417236328125 -1 1264.5762939453125 558.5340576171875 -1 839.84710693359375 37.886970520019531 177 799.3641357421875 58.451038360595703 164 838.14288330078125 65.213935852050781 45 843.79736328125 79.210121154785156 899 489.06729125976562 88.649261474609375 165 799.7503662109375 96.249984741210938 331 766.13201904296875 97.238418579101562 320 807.62774658203125 101.08826446533203 333 492.316650390625 108.43272399902344 168 828.6346435546875 118.23250579833984 -1 765.070068359375 121.29062652587891 1058 1053.1617431640625 127.24447631835938 335 818.68902587890625 128.91761779785156 -1 789.7457275390625 144.01016235351562 170 830.1431884765625 148.02218627929688 171 1017.5790405273438 155.56388854980469 540 725.333251953125 164.40780639648438 48 755.052734375 164.37322998046875 49 783.12603759765625 185.27900695800781 50 783.12603759765625 185.27900695800781 88 803.888671875 186.32209777832031 666 439.22933959960938 245.03207397460938 338 237.75009155273438 355.13070678710938 388 913.8236083984375 403.11737060546875 -1 174.72636413574219 442.1998291015625 -1 755.97705078125 509.205810546875 -1 755.97705078125 509.205810546875 -1 805.0631103515625 569.88238525390625 -1 462.79537963867188 672.90667724609375 -1 462.79537963867188 672.90667724609375 -1 470.382080078125 34.241138458251953 54 470.382080078125 34.241138458251953 176 840.08062744140625 38.371002197265625 177 826.902099609375 48.692375183105469 364 847.28155517578125 57.214389801025391 178 824.56561279296875 58.552646636962891 179 434.11190795898438 69.205818176269531 365 486.57382202148438 71.050361633300781 181 844.01995849609375 78.769355773925781 899 477.79739379882812 80.713653564453125 911 498.36322021484375 80.647956848144531 393 459.36553955078125 88.998283386230469 877 781.13116455078125 96.545707702636719 394 440.05166625976562 98.608940124511719 -1 820.45831298828125 109.73242950439453 -1 838.58685302734375 110.17807769775391 535 1030.1854248046875 117.31740570068359 897 887.275390625 121.52991485595703 46 1038.7789306640625 127.62446594238281 910 878.66436767578125 130.98414611816406 59 766.97943115234375 157.08120727539062 60 1024.255126953125 164.45150756835938 536 712.57305908203125 231.78022766113281 -1 913.68475341796875 402.55978393554688 -1 99.028602600097656 478.9044189453125 -1 72.41741943359375 487.414306640625 -1 795.38916015625 507.30294799804688 -1 805.1217041015625 570.3470458984375 -1 1129.8154296875 13.30262279510498 -1 1129.8154296875 13.30262279510498 -1 498.90811157226562 34.541252136230469 69 441.72683715820312 45.761180877685547 -1 483.38137817382812 47.538379669189453 66 459.25201416015625 48.790397644042969 259 917.0203857421875 52.045398712158203 55 430.51144409179688 54.327831268310547 -1 472.5457763671875 59.843700408935547 894 496.83544921875 59.647167205810547 191 458.51510620117188 71.187507629394531 91 877.09735107421875 82.478935241699219 192 437.27777099609375 83.814994812011719 -1 480.21774291992188 99.7950439453125 193 441.5478515625 112.62126922607422 -1 821.94110107421875 174.90171813964844 194 758.22723388671875 226.21694946289062 1290 758.22723388671875 226.21694946289062 1289 432.21463012695312 331.970947265625 769 743.2899169921875 520.5262451171875 -1 1033.425537109375 572.01666259765625 -1 420.0372314453125 11.821796417236328 70 932.96783447265625 27.692695617675781 65 661.31463623046875 158.1614990234375 1253 798.5157470703125 266.74786376953125 373 229.74681091308594 521.37127685546875 -1 768.243896484375 524.0660400390625 -1 1267.9942626953125 552.40850830078125 -1 53.389636993408203 570.2647705078125 -1 209.55570983886719 570.40850830078125 -1 1044.9263916015625 101.10589599609375 578 1044.9263916015625 101.10589599609375 579 1036.0035400390625 180.96849060058594 -1 1036.0035400390625 180.96849060058594 -1 432.3919677734375 327.3826904296875 -1 933.6778564453125 393.42453002929688 -1 933.6778564453125 393.42453002929688 -1 885.8155517578125 398.032958984375 -1 970.55218505859375 395.78451538085938 -1 72.393302917480469 483.48175048828125 -1 372.56979370117188 520.03521728515625 -1 209.52787780761719 570.0810546875 -1 978.3458251953125 31.009723663330078 357 1155.8280029296875 31.029796600341797 399 992.00762939453125 55.028175354003906 202 820.18280029296875 65.362648010253906 358 780.59210205078125 74.292678833007812 74 1025.9053955078125 75.544990539550781 204 809.15911865234375 201.41885375976562 1139 713.5150146484375 257.44647216796875 99 966.84478759765625 290.02685546875 359 966.84478759765625 290.02685546875 269 357.92288208007812 290.03277587890625 -1 341.18505859375 303.55148315429688 360 341.18505859375 303.55148315429688 100 228.98800659179688 390.52008056640625 400 141.82273864746094 455.95599365234375 -1 727.55828857421875 513.87554931640625 -1 727.55828857421875 513.87554931640625 -1 1248.225830078125 534.7918701171875 -1 275.8643798828125 695.15130615234375 -1 275.8643798828125 695.15130615234375 -1 477.64056396484375 4.0705156326293945 363 783.97662353515625 118.88964080810547 77 1021.934814453125 127.70108795166016 -1 812.758544921875 139.38992309570312 79 840.61163330078125 167.29098510742188 81 1009.6395874023438 206.78634643554688 -1 937.660400390625 264.78201293945312 82 687.1632080078125 321.93850708007812 83 1081.98388671875 467.949462890625 -1 817.74700927734375 534.143310546875 -1 1028.2821044921875 563.596923828125 -1 1028.2821044921875 563.596923828125 -1 1239.68212890625 568.24444580078125 -1 494.42996215820312 617.17108154296875 -1
196 0.99717405833363382 0.051025985849360272 0.04343774089014913 0.033961873047463079 -0.51429104256281943 0.41694884430089935 -2.9776574402488936 195 moving_frame_0194.png
471.4976806640625 29.102668762207031 -1 509.51260375976562 138.26747131347656 301 509.51260375976562 138.26747131347656 84 801.69476318359375 151.59136962890625 305 622.4195556640625 161.53781127929688 -1 778.22259521484375 167.83323669433594 5 393.9136962890625 279.14596557617188 -1 369.94818115234375 294.23193359375 -1 266.60104370117188 478.78652954101562 -1 780.1707763671875 32.389778137207031 -1 483.57025146484375 42.004390716552734 1 812.5723876953125 76.650505065917969 -1 812.5723876953125 76.650505065917969 -1 1032.4156494140625 146.02558898925781 402 1005.5449829101562 146.39930725097656 -1 821.26190185546875 152.09330749511719 408 748.00799560546875 220.50784301757812 534 731.37188720703125 223.66178894042969 7 686.839599609375 223.94548034667969 898 375.46987915039062 262.43820190429688 -1 349.95840454101562 313.58731079101562 -1 219.87022399902344 382.6170654296875 -1 308.97171020507812 473.62356567382812 -1 761.8670654296875 506.30325317382812 -1 1007.7578125 4.610896110534668 -1 464.73757934570312 54.643543243408203 -1 848.4822998046875 63.625720977783203 906 756.033447265625 136.45660400390625 474 1013.3483276367188 146.06001281738281 -1 792.49200439453125 147.05256652832031 217 795.19183349609375 154.10591125488281 302 597.54052734375 158.0068359375 17 800.3997802734375 173.20420837402344 151 699.5853271484375 223.93960571289062 1288 722.9029541015625 223.80039978027344 908 731.31231689453125 228.393310546875 9 731.5958251953125 233.17840576171875 21 410.869140625 331.93890380859375 818 222.02684020996094 376.66757202148438 -1 192.6787109375 404.13424682617188 -1 185.70388793945312 410.932373046875 -1 217.33079528808594 411.3377685546875 -1 1207.2791748046875 538.53955078125 -1 1102.322509765625 13.149421691894531 -1 747.6767578125 35.929569244384766 23 747.6767578125 35.929569244384766 146 621.68084716796875 38.424049377441406 907 784.20843505859375 46.053577423095703 -1 621.6790771484375 47.569675445556641 895 779.04681396484375 51.658969879150391 326 773.24127197265625 56.198165893554688 318 796.681640625 57.817428588867188 164 768.04254150390625 60.623992919921875 -1 807.80780029296875 67.198745727539062 -1 493.884521484375 106.88812255859375 168 768.620361328125 136.18209838867188 1166 773.50946044921875 141.03224182128906 26 773.50946044921875 141.03224182128906 665 815.86529541015625 148.31549072265625 226 826.84234619140625 148.14602661132812 171 820.82208251953125 152.69309997558594 309 795.104736328125 154.05841064453125 -1 778.49951171875 172.41941833496094 31 793.23956298828125 177.35209655761719 32 699.53448486328125 232.98712158203125 144 380.65045166015625 290.80612182617188 312 434.5992431640625 300.38626098632812 313 483.16268920898438 336.76260375976562 52 249.19314575195312 347.35934448242188 42 267.14108276367188 347.246337890625 43 199.34378051757812 424.58535766601562 316 189.80810546875 432.18960571289062 -1 307.25750732421875 480.77667236328125 -1 75.401084899902344 520.53179931640625 -1 257.80126953125 531.18768310546875 937 476.42300415039062 54.318500518798828 894 476.42300415039062 54.318500518798828 -1 499.91839599609375 54.365692138671875 191 485.95196533203125 58.791065216064453 -1 485.95196533203125 58.791065216064453 -1 778.705322265625 61.78167724609375 328 835.5626220703125 64.901473999023438 45 849.02008056640625 64.349578857421875 906 806.486083984375 80.877113342285156 319 799.13409423828125 86.383735656738281 -1 838.78564453125 90.435966491699219 -1 805.69293212890625 91.44427490234375 -1 798.23809814453125 95.195075988769531 331 804.485107421875 111.85196685791016 -1 775.87255859375 129.35702514648438 336 803.623046875 135.03211975097656 -1 723.85784912109375 146.69908142089844 37 755.37078857421875 146.68855285644531 38 770.4744873046875 146.53594970703125 28 779.24908447265625 146.19075012207031 29 779.24908447265625 146.19075012207031 30 794.442138671875 189.90042114257812 322 794.442138671875 189.90042114257812 323 832.50054931640625 208.35209655761719 40 251.77507019042969 352.53323364257812 324 235.38514709472656 509.35943603515625 -1 264.05221557617188 510.8917236328125 -1 234.0582275390625 518.06353759765625 -1 234.0582275390625 518.06353759765625 -1 39.455013275146484 530.89019775390625 -1 472.79397583007812 643.809326171875 -1 472.79397583007812 643.809326171875 -1 1110.9305419921875 13.745105743408203 -1 835.37225341796875 38.411392211914062 177 824.283203125 50.079677581787109 364 910.9647216796875 54.173183441162109 -1 800.22064208984375 74.512710571289062 329 840.97564697265625 79.398887634277344 899 500.59780883789062 81.878547668457031 393 770.70068359375 90.563255310058594 -1 502.6231689453125 101.44953155517578 334 805.4678955078125 101.38835144042969 333 763.94622802734375 106.15728759765625 499 836.9149169921875 107.46240997314453 -1 1035.9044189453125 115.39125823974609 -1 769.6666259765625 117.16960144042969 422 816.98321533203125 122.7861328125 -1 1040.41455078125 125.54263305664062 -1 803.66046142578125 146.90158081054688 39 1004.722900390625 152.52432250976562 -1 722.95489501953125 163.22955322265625 48 752.83416748046875 163.35447692871094 49 712.59625244140625 183.30223083496094 321 780.731689453125 183.41059875488281 50 780.731689453125 183.41059875488281 88 801.42462158203125 184.29145812988281 666 824.2618408203125 193.75503540039062 -1 442.7080078125 241.90592956542969 338 903.31365966796875 278.47341918945312 -1 251.5076904296875 344.5174560546875 42 157.76795959472656 465.08377075195312 -1 728.41717529296875 500.20364379882812 -1 249.01318359375 510.90530395507812 -1 797.8590087890625 544.304931640625 -1 461.98492431640625 637.0162353515625 -1 836.1900634765625 30.013507843017578 341 472.82916259765625 34.077239990234375 54 472.82916259765625 34.077239990234375 176 622.0458984375 34.028572082519531 -1 434.14202880859375 55.964691162109375 241 844.5364990234375 57.539936065673828 178 460.39117431640625 73.46331787109375 -1 489.42138671875 74.247711181640625 181 448.81417846679688 77.109420776367188 -1 820.8314208984375 78.062263488769531 56 480.90386962890625 81.678901672363281 911 440.28314208984375 85.842582702636719 344 492.0142822265625 90.441619873046875 165 483.96002197265625 100.06894683837891 193 818.28607177734375 106.59664916992188 -1 837.0096435546875 107.33250427246094 -1 446.23184204101562 116.57252502441406 -1 1016.4962158203125 115.80416870117188 -1 881.77532958984375 120.26956939697266 46 1024.5980224609375 125.53391265869141 -1 874.24853515625 129.37812805175781 59 806.94989013671875 157.16078186035156 -1 623.26397705078125 162.50544738769531 348 1010.9653930664062 161.48429870605469 -1 225.07846069335938 369.30685424804688 -1 740.84930419921875 510.00244140625 -1 46.977241516113281 511.70504760742188 -1 70.670181274414062 512.623779296875 -1 70.670181274414062 512.623779296875 -1 49.287410736083984 522.44732666015625 -1 1249.0208740234375 524.00396728515625 -1 1016.5850830078125 527.6973876953125 -1 67.967803955078125 532.1220703125 -1 67.967803955078125 532.1220703125 -1 1245.8477783203125 535.28350830078125 -1 424.22100830078125 10.293856620788574 70 1068.282958984375 12.261856079101562 -1 500.7119140625 34.732906341552734 69 430.48773193359375 40.660663604736328 258 444.32577514648438 47.536445617675781 -1 486.20523071289062 47.899608612060547 66 910.97930908203125 52.534263610839844 55 499.50003051757812 63.645732879638672 -1 437.14569091796875 70.801719665527344 -1 872.90570068359375 82.357696533203125 192 830.45831298828125 88.521553039550781 57 440.850341796875 99.556877136230469 -1 793.76104736328125 109.1053466796875 351 819.09906005859375 170.784423828125 194 756.58270263671875 223.98210144042969 1290 756.58270263671875 223.98210144042969 1289 1242.7164306640625 511.20816040039062 -1 107.06901550292969 512.64178466796875 -1 107.06901550292969 512.64178466796875 -1 1223.561767578125 533.84027099609375 -1 1223.561767578125 533.84027099609375 -1 925.77569580078125 28.799270629882812 65 475.25689697265625 62.756706237792969 -1 660.269775390625 157.03324890136719 1253 795.30230712890625 168.91847229003906 355 430.83285522460938 255.72262573242188 -1 795.56396484375 263.84982299804688 373 435.95782470703125 326.18008422851562 769 334.2222900390625 499.78567504882812 -1 229.33184814453125 524.61126708984375 -1 1260.8450927734375 524.4705810546875 -1 1032.4547119140625 100.05208587646484 578 1032.4547119140625 100.05208587646484 579 1024.104248046875 177.36344909667969 -1 1024.104248046875 177.36344909667969 -1 805.32354736328125 199.81272888183594 1139 368.52932739257812 280.85861206054688 -1 436.36337280273438 323.677001953125 -1 928.80938720703125 377.08145141601562 -1 928.80938720703125 377.08145141601562 -1 243.61456298828125 378.98965454101562 362 880.850341796875 379.68356323242188 -1 33.624187469482422 410.06106567382812 -1 165.33163452148438 437.27127075195312 -1 970.198974609375 31.707847595214844 357 982.04974365234375 55.405956268310547 202 818.547607421875 64.830657958984375 358 778.8345947265625 74.715370178222656 74 1014.5557250976562 75.436935424804688 204 712.8502197265625 254.96041870117188 99 958.20758056640625 284.5340576171875 359 958.20758056640625 284.5340576171875 269 346.89523315429688 299.5157470703125 360 346.89523315429688 299.5157470703125 100 179.6849365234375 457.68487548828125 -1 726.7877197265625 503.6741943359375 -1 726.7877197265625 503.6741943359375 -1 972.1864013671875 518.98681640625 -1 972.1864013671875 518.98681640625 -1 264.80612182617188 523.75042724609375 -1 1252.49267578125 592.1043701171875 -1 480.0299072265625 4.8844904899597168 363 781.7093505859375 118.31620025634766 77 809.9810791015625 138.46255493164062 79 837.53631591796875 165.94090270996094 81 999.19970703125 203.33998107910156 -1 930.70770263671875 260.00064086914062 82 686.0020751953125 316.69754028320312 83 1179.7200927734375 520.8927001953125 -1 310.6300048828125 525.79681396484375 -1 501.86911010742188 594.68316650390625 -1 874.28173828125 616.382080078125 -1
197 0.99633186353276393 0.053215311097601074 0.056298243145873159 0.036351838919149171 -0.83578391590865997 0.50876634657992148 -2.974431446536649 197 moving_frame_0196.png
1141.312744140625 15.040508270263672 -1 1141.312744140625 15.040508270263672 -1 783.4566650390625 51.039897918701172 -1 797.09088134765625 123.02565002441406 -1 1033.2803955078125 152.12763977050781 -1 1041.3294677734375 152.22157287597656 481 1046.6092529296875 154.20344543457031 -1 1054.3812255859375 154.22407531738281 -1 810.7672119140625 171.8441162109375 473 819.92694091796875 171.96975708007812 -1 803.572509765625 195.04425048828125 -1 160.37913513183594 455.59027099609375 -1 478.06832885742188 41.029170989990234 1 497.61709594726562 41.388954162597656 748 497.61709594726562 41.388954162597656 749 789.19818115234375 43.625030517578125 134 837.6988525390625 84.278282165527344 300 485.40658569335938 88.158859252929688 -1 485.40658569335938 88.158859252929688 -1 790.0958251953125 123.31711578369141 -1 790.0958251953125 123.31711578369141 -1 799.565673828125 137.94049072265625 -1 597.6212158203125 139.38688659667969 -1 505.5526123046875 140.005126953125 301 505.5526123046875 140.005126953125 84 791.4932861328125 143.16015625 377 800.4638671875 158.25863647460938 -1 800.4638671875 158.25863647460938 302 782.70599365234375 171.08407592773438 5 471.94708251953125 216.27694702148438 -1 733.49542236328125 228.76719665527344 7 688.75372314453125 228.78950500488281 898 477.64163208007812 345.49581909179688 52 165.95561218261719 424.3681640625 -1 268.41702270507812 519.6461181640625 -1 739.04718017578125 522.113037109375 664 823.71954345703125 44.126140594482422 379 797.51031494140625 85.344207763671875 -1 807.3114013671875 155.04939270019531 305 701.685302734375 228.92185974121094 1288 705.57080078125 232.81205749511719 8 720.36083984375 232.85862731933594 306 733.27978515625 233.26498413085938 9 701.59649658203125 237.95431518554688 144 733.74493408203125 238.11335754394531 21 358.58938598632812 302.86550903320312 -1 399.719970703125 341.83285522460938 -1 157.90773010253906 430.45669555664062 370 339.83282470703125 436.964111328125 -1 168.73976135253906 448.84869384765625 -1 165.90341186523438 519.25006103515625 -1 749.57733154296875 34.812046051025391 23 749.57733154296875 34.812046051025391 146 620.6773681640625 38.429229736328125 907 620.6693115234375 47.567783355712891 895 855.42852783203125 63.796806335449219 906 775.79718017578125 67.126983642578125 -1 795.28692626953125 102.60463714599609 -1 766.3721923828125 133.90299987792969 493 772.59490966796875 138.71336364746094 1166 777.42510986328125 143.03770446777344 26 777.42510986328125 143.03770446777344 665 825.25506591796875 155.7125244140625 309 497.18701171875 156.08085632324219 556 799.48095703125 171.52444458007812 18 783.1090087890625 175.49606323242188 31 805.79718017578125 176.09042358398438 151 810.177978515625 181.29243469238281 310 701.54315185546875 238.03050231933594 144 709.6060791015625 238.17568969726562 311 724.85601806640625 238.0926513671875 -1 720.47235107421875 245.6318359375 551 368.91049194335938 299.58905029296875 312 425.51187133789062 309.50509643554688 313 426.47384643554688 318.49169921875 1110 399.63580322265625 341.33663940429688 593 180.39924621582031 445.4495849609375 315 168.43836975097656 448.76962280273438 316 171.40318298339844 452.4320068359375 -1 774.33251953125 525.5947265625 428 774.33251953125 525.5947265625 429 768.053466796875 526.70477294921875 -1 781.3594970703125 529.6485595703125 -1 759.4801025390625 41.109539031982422 34 479.2490234375 48.307518005371094 533 818.72418212890625 51.016666412353516 490 777.3173828125 56.101478576660156 318 801.801025390625 57.528591156005859 164 813.3369140625 57.376773834228516 -1 799.99932861328125 67.197418212890625 -1 810.57171630859375 81.896835327148438 319 479.07220458984375 92.636253356933594 -1 768.1864013671875 97.077850341796875 320 774.29620361328125 102.98661041259766 382 767.23760986328125 110.61611175537109 499 494.93936157226562 140.2213134765625 -1 494.93936157226562 140.2213134765625 150 726.230224609375 148.73362731933594 37 758.580810546875 148.88169860839844 38 773.6121826171875 148.76113891601562 28 783.49859619140625 148.54383850097656 30 501.952392578125 149.63996887207031 554 798.20654296875 180.7342529296875 32 714.71685791015625 186.61331176757812 321 714.71685791015625 186.61331176757812 -1 800.02069091796875 193.2947998046875 322 800.02069091796875 193.2947998046875 323 839.90679931640625 214.3045654296875 40 365.44137573242188 264.27566528320312 -1 224.12602233886719 373.57919311523438 324 185.02423095703125 410.94134521484375 -1 157.09886169433594 456.56442260742188 -1 59.968452453613281 507.24111938476562 -1 844.7037353515625 37.667518615722656 177 782.60528564453125 48.917552947998047 326 829.21234130859375 49.301742553710938 364 783.2227783203125 62.117366790771484 328 841.03076171875 64.783981323242188 45 805.3082275390625 74.726791381835938 329 846.5360107421875 79.620956420898438 899 485.19479370117188 81.265846252441406 -1 774.68310546875 89.153450012207031 330 802.20758056640625 96.14227294921875 331 487.75863647460938 97.374923706054688 332 809.5615234375 102.70309448242188 333 480.34365844726562 103.22166442871094 -1 498.54562377929688 103.07730865478516 334 490.12448120117188 109.95195007324219 168 809.10211181640625 112.95069122314453 -1 881.7928466796875 113.26673889160156 385 829.78033447265625 125.89678192138672 -1 1066.7100830078125 129.66191101074219 335 780.36871337890625 132.49349975585938 336 832.665771484375 149.46885681152344 171 1032.52392578125 158.27960205078125 540 785.48272705078125 186.89700317382812 88 806.872802734375 187.9678955078125 666 435.6109619140625 248.77835083007812 338 915.92724609375 289.23681640625 51 223.39149475097656 365.6585693359375 42 921.7113037109375 408.69479370117188 -1 939.87158203125 416.53909301757812 -1 960.24169921875 416.40731811523438 -1 930.711669921875 423.39376831054688 -1 813.1988525390625 598.48175048828125 -1 455.431640625 704.36993408203125 -1 844.9561767578125 28.125932693481445 341 467.64508056640625 33.593849182128906 54 467.64508056640625 33.593849182128906 176 829.58251953125 48.745197296142578 364 923.29815673828125 51.553813934326172 55 849.80572509765625 56.949131011962891 178 826.95489501953125 58.332050323486328 179 455.8216552734375 68.6815185546875 91 483.61984252929688 68.718727111816406 475 431.72344970703125 69.914558410644531 365 496.25247192382812 75.526069641113281 587 485.91842651367188 82.588577270507812 441 434.55413818359375 84.253692626953125 344 1045.4271240234375 119.01901245117188 897 1062.01318359375 118.90027618408203 346 1053.3284912109375 129.69171142578125 910 1066.7841796875 129.65980529785156 335 883.47314453125 132.31019592285156 59 488.95639038085938 148.04255676269531 571 623.1607666015625 164.4407958984375 348 1038.7828369140625 167.77482604980469 536 435.83807373046875 349.06201171875 -1 930.3863525390625 423.1341552734375 -1 1077.54638671875 11.002583503723145 -1 480.6668701171875 48.104896545410156 66 469.93243408203125 58.72430419921875 894 494.77191162109375 58.700492858886719 191 835.7425537109375 89.816871643066406 57 436.57583618164062 98.653877258300781 -1 479.19183349609375 102.72329711914062 193 798.98675537109375 114.52165222167969 351 484.020751953125 128.05226135253906 606 1052.0230712890625 156.76681518554688 1186 711.76171875 159.21885681152344 702 824.5694580078125 175.63221740722656 194 760.18994140625 228.89653015136719 1290 760.18994140625 228.89653015136719 1289 917.17236328125 297.66549682617188 62 917.17236328125 297.66549682617188 63 427.57232666015625 337.70272827148438 660 758.9495849609375 521.10577392578125 -1 940.5865478515625 26.461563110351562 65 497.13662719726562 34.13037109375 69 472.65179443359375 78.291099548339844 -1 800.3248291015625 173.47981262207031 355 801.8880615234375 269.91604614257812 373 1048.887451171875 184.71507263183594 913 1048.887451171875 184.71507263183594 912 812.74578857421875 203.78898620605469 1139 802.23895263671875 269.97308349609375 373 891.170166015625 418.03195190429688 -1 140.13267517089844 429.38946533203125 -1 40.839603424072266 507.7523193359375 -1 821.83807373046875 519.536865234375 -1 390.63162231445312 525.912109375 -1 798.81866455078125 522.8651123046875 -1 475.58447265625 8.2463436126708984 -1 986.6470947265625 30.647600173950195 357 1002.5418090820312 54.494297027587891 202 821.9462890625 66.038482666015625 358 782.305419921875 75.450401306152344 74 1058.554931640625 102.18917846679688 578 1058.554931640625 102.18917846679688 579 713.676025390625 257.9832763671875 99 976.10052490234375 295.45077514648438 359 333.78775024414062 309.2626953125 360 333.78775024414062 309.2626953125 100 212.8416748046875 402.78244018554688 362 928.46795654296875 416.1881103515625 -1 928.46795654296875 416.1881103515625 -1 988.0999755859375 415.70657348632812 -1 475.1739501953125 7.5138669013977051 363 1037.8721923828125 75.083892822265625 204 785.58154296875 118.91213226318359 77 815.77044677734375 140.1065673828125 79 843.89862060546875 169.62501525878906 81 1020.7513427734375 210.70816040039062 -1 945.0267333984375 269.78887939453125 -1 688.10467529296875 325.494384765625 83 1020.76416015625 493.56512451171875 -1 999.91815185546875 559.4345703125 -1 271.9781494140625 573.52685546875 -1
