marker_id,frame_i,frame_j,frame_gap,metric_translation_m,colmap_translation_raw,scale_ratio,area_i_px,area_j_px,center_i_norm,center_j_norm,dist_i_m,dist_j_m,pair_quality
5,80,84,4,0.1934066065035601,0.24723431130412285,0.7822806045138722,8324.5,6800.5,0.7670083223185618,0.46548143311753193,2.007488417716288,1.8836724797689604,7524.012377049894
5,80,85,5,0.3504479116342021,0.4454979854567954,0.786643089474057,8324.5,7684.0,0.7670083223185618,0.5588050419652779,2.007488417716288,1.7974801001625773,7997.840833625035
5,80,86,6,0.5040299006828113,0.6436336135235279,0.7831006493329867,8324.5,8821.0,0.7670083223185618,0.6689818713917006,2.007488417716288,1.710035453691913,8569.154829970106
5,81,84,3,0.18449008092107486,0.23090646145363924,0.7989818897212465,7314.0,6800.5,0.6288096061380689,0.46548143311753193,1.996056165394617,1.8836724797689604,7052.578039270463
5,81,85,4,0.34407145293566865,0.42917091723841766,0.8017119499840815,7314.0,7684.0,0.6288096061380689,0.5588050419652779,1.996056165394617,1.7974801001625773,7496.717681759131
5,81,86,5,0.4966056904150211,0.6273061036957489,0.7916481084581969,7314.0,8821.0,0.6288096061380689,0.6689818713917006,1.996056165394617,1.710035453691913,8032.234682826443
5,82,85,3,0.3188492766061461,0.4119427865841115,0.7740134965102555,6559.5,7684.0,0.5025511003809118,0.5588050419652779,1.9832660972036327,1.7974801001625773,7099.520969755636
5,82,86,4,0.47011288156050873,0.6100811375620598,0.7705743590747993,6559.5,8821.0,0.5025511003809118,0.6689818713917006,1.9832660972036327,1.710035453691913,7606.664807916804
5,83,86,3,0.4566503054061237,0.5938893739228394,0.7689147599826457,5952.5,8821.0,0.3857103667492023,0.6689818713917006,1.9912971251529705,1.710035453691913,7246.17157539069
6,72,75,3,0.23732631137603963,0.3291032161515674,0.7211303315454073,8748.0,7854.0,0.6668225120759466,0.2130646299497134,1.9929396371895214,1.776855704663416,8288.956025941989
6,72,76,4,0.24587634418427373,0.345276479542868,0.7121143742829051,8748.0,7724.0,0.6668225120759466,0.11921372053873842,1.9929396371895214,1.7697443667825723,8220.070072694029
6,72,77,5,0.2914504666128695,0.3624216725152262,0.8041750499913191,8748.0,7809.0,0.6668225120759466,0.10808654506475636,1.9929396371895214,1.746976649537029,8265.175860198015
6,72,78,6,0.2809856502681799,0.3787638209902848,0.7418492334709738,8748.0,8056.0,0.6668225120759466,0.19184505524655027,1.9929396371895214,1.7455027800516965,8394.87272089339
6,72,79,7,0.28943671084344025,0.3950354328427285,0.732685442317451,8748.0,8519.5,0.6668225120759466,0.3015140531070952,1.9929396371895214,1.7379070441822833,8632.994034516647
6,72,80,8,0.30663962794079447,0.4121763353037991,0.743952531177663,8748.0,9266.5,0.6668225120759466,0.4204257514710535,1.9929396371895214,1.7258823675543289,9003.518312304363
6,72,81,9,0.33733377774461254,0.4285045683527721,0.7872349623747722,8748.0,10453.0,0.6668225120759466,0.5472451322691548,1.9929396371895214,1.7083480448464488,9562.575176175087
6,72,82,10,0.32645489677868117,0.4457547420592262,0.732364383316658,8748.0,11924.0,0.6668225120759466,0.6842772454675724,1.9929396371895214,1.7116665880282342,10213.28311562937
6,74,81,7,0.15469554369576538,0.20983472780941714,0.73722565044747,7887.0,10453.0,0.348098007373482,0.5472451322691548,1.835016925923418,1.7083480448464488,9079.802365690566
7,70,73,3,0.2565325239240852,0.3295461452936507,0.7784418892094617,6653.0,5362.0,0.7207874135616974,0.22034970393722464,2.2902105054140107,2.086686863349429,5972.720150819056
7,70,74,4,0.34582961062604095,0.4379383706176905,0.789676433554487,6653.0,5423.0,0.7207874135616974,0.09219657608844938,2.2902105054140107,2.021167043691933,6006.597955581845
7,70,75,5,0.4371501444563632,0.5483661095373497,0.7971866547791983,6653.0,5796.0,0.7207874135616974,0.11251493883669106,2.2902105054140107,1.9560194276485654,6209.733327607555
7,70,76,6,0.43836019140226057,0.5645389378493584,0.7764923940804108,6653.0,6033.5,0.7207874135616974,0.22296126503217498,2.2902105054140107,1.9524731608456662,6335.682717750314
7,70,77,7,0.47773157585539694,0.5816849519263281,0.8212892120955243,6653.0,6472.0,0.7207874135616974,0.34436972057809984,2.2902105054140107,1.9307389086431685,6561.875951281006
7,70,78,8,0.48514998134834114,0.5980252850752876,0.8112532922203511,6653.0,7087.0,0.7207874135616974,0.47346895216549145,2.2902105054140107,1.9257452270499553,6866.571997729289
7,70,79,9,0.4780538187563178,0.6143038272355615,0.778204200529916,6653.0,8147.0,0.7207874135616974,0.6103407900570127,2.2902105054140107,1.9092244896102846,7362.20014669528
7,70,80,10,0.49753294960915795,0.6314471949848469,0.7879248709325527,6653.0,9460.5,0.7207874135616974,0.7593578085084329,2.2902105054140107,1.9046833363634648,7933.517914519384
7,71,74,3,0.25163934350173406,0.3278655102751506,0.7675078213946743,5855.5,5423.0,0.5370492080037986,0.09219657608844938,2.2279349331181133,2.021167043691933,5635.102172986751
7,71,75,4,0.3391426200857776,0.4382845955400709,0.773795436884733,5855.5,5796.0,0.5370492080037986,0.11251493883669106,2.2279349331181133,1.9560194276485654,5825.674038255144
7,71,76,5,0.340720172645358,0.4544514893407161,0.7497393685289689,5855.5,6033.5,0.5370492080037986,0.22296126503217498,2.2279349331181133,1.9524731608456662,5943.833716550287
7,71,77,6,0.3794210388876712,0.47158885664476763,0.8045589575359211,5855.5,6472.0,0.5370492080037986,0.34436972057809984,2.2279349331181133,1.9307389086431685,6156.037361809949
7,71,78,7,0.38705926868414203,0.4879461240510966,0.7932418142204775,5855.5,7087.0,0.5370492080037986,0.47346895216549145,2.2279349331181133,1.9257452270499553,6441.888581774758
7,71,79,8,0.3825560579131725,0.5042125404634914,0.7587198397753304,5855.5,8147.0,0.5370492080037986,0.6103407900570127,2.2279349331181133,1.9092244896102846,6906.8631447278585
7,71,80,9,0.4004000576253127,0.5213494651637767,0.7680070363159021,5855.5,9460.5,0.5370492080037986,0.7593578085084329,2.2279349331181133,1.9046833363634648,7442.846078618044
7,72,75,3,0.2469363247316404,0.3291032161515674,0.7503309375679716,5542.0,5796.0,0.3718077841780224,0.11251493883669106,2.1381843406506915,1.9560194276485654,5667.577260170346
7,72,76,4,0.25045236745445854,0.345276479542868,0.725367588855306,5542.0,6033.5,0.3718077841780224,0.22296126503217498,2.1381843406506915,1.9524731608456662,5782.53032849807
7,72,77,5,0.283824208737915,0.3624216725152262,0.7831325504574808,5542.0,6472.0,0.3718077841780224,0.34436972057809984,2.1381843406506915,1.9307389086431685,5988.975204490331
7,72,78,6,0.2896492390339909,0.3787638209902848,0.7647225605568604,5542.0,7087.0,0.3718077841780224,0.47346895216549145,2.1381843406506915,1.9257452270499553,6267.069011906603
7,72,79,7,0.2826721285428695,0.3950354328427285,0.7155614535858785,5542.0,8147.0,0.3718077841780224,0.6103407900570127,2.1381843406506915,1.9092244896102846,6719.425124220077
7,72,80,8,0.3034718470415579,0.4121763353037991,0.7362670319679576,5542.0,9460.5,0.3718077841780224,0.7593578085084329,2.1381843406506915,1.9046833363634648,7240.862586736473
7,73,76,3,0.18825416521631333,0.23499634908109598,0.8010939997682595,5362.0,6033.5,0.22034970393722464,0.22296126503217498,2.086686863349429,1.9524731608456662,5687.849066211234
7,73,79,6,0.22215044490302668,0.28476572103331016,0.780116525601903,5362.0,8147.0,0.22034970393722464,0.6103407900570127,2.086686863349429,1.9092244896102846,6609.403452657433
7,73,80,7,0.2423314495871737,0.30190405046380847,0.8026770399896433,5362.0,9460.5,0.22034970393722464,0.7593578085084329,2.086686863349429,1.9046833363634648,7122.303068530572
7,74,79,5,0.1388381515856741,0.17637434569247779,0.7871788328431227,5423.0,8147.0,0.09219657608844938,0.6103407900570127,2.021167043691933,1.9092244896102846,6646.8925822522515
7,74,80,6,0.1618124517519787,0.193511601638591,0.8361899254711626,5423.0,9460.5,0.09219657608844938,0.7593578085084329,2.021167043691933,1.9046833363634648,7162.701410780712
2,5,11,6,0.8940896959314115,1.1035014832565864,0.8102297183079704,2162.0,3943.5,0.0644107046414147,0.13780230458293488,3.290066876309162,2.503307369857132,2919.905306683763
2,5,12,7,0.9685169383604394,1.2880920737408614,0.7519003944707805,2162.0,4395.0,0.0644107046414147,0.1619601996434494,3.290066876309162,2.37341943791134,3082.5298052087023
2,5,13,8,1.0757560427457853,1.356676136985203,0.7929350369030029,2162.0,4770.5,0.0644107046414147,0.2673159760395814,3.290066876309162,2.34167046789011,3211.513817501024
2,5,14,9,1.0604294731938244,1.4241041759634139,0.7446291437748495,2162.0,5210.0,0.0644107046414147,0.37539790956324065,3.290066876309162,2.292708572563973,3356.1912937137536
2,5,15,10,1.0858988182666565,1.4921917041866075,0.7277207179345492,2162.0,5880.0,0.0644107046414147,0.48666209471891453,3.290066876309162,2.2310178813797417,3565.4677112547242
2,5,16,11,1.1855720994136785,1.4921917041866095,0.7945172835952277,2162.0,6779.5,0.0644107046414147,0.6031554367637135,3.290066876309162,2.198011368563442,3828.482597583539
2,6,13,7,0.9519147086068669,1.172908738781521,0.8115846332560928,2509.0,4770.5,0.033923132693646406,0.2673159760395814,3.1556477895936195,2.34167046789011,3459.6509216971585
2,7,10,3,0.4133275178427916,0.5501246441252708,0.7513343062461882,2668.0,3604.0,0.027817828858016348,0.11100640570176537,3.033429250213849,2.62253176866069,3100.8824550440477
2,8,11,3,0.41985514265857404,0.5487512020033938,0.7651102013549256,2970.5,3943.5,0.05214808042761369,0.13780230458293488,2.882052259426853,2.503307369857132,3422.5964924308564
2,8,12,4,0.5614298434192597,0.7333472463726386,0.765571625442469,2970.5,4395.0,0.05214808042761369,0.1619601996434494,2.882052259426853,2.37341943791134,3613.218440670312
2,8,14,6,0.6346411078625006,0.8693568818297609,0.7300121746626689,2970.5,5210.0,0.05214808042761369,0.37539790956324065,2.882052259426853,2.292708572563973,3933.9935180424486
2,8,15,7,0.7390813359962974,0.9374418396801232,0.7884023357102229,2970.5,5880.0,0.05214808042761369,0.48666209471891453,2.882052259426853,2.2310178813797417,4179.2989842795405
2,8,16,8,0.7404734597436881,0.9374418396801247,0.7898873598348816,2970.5,6779.5,0.05214808042761369,0.6031554367637135,2.882052259426853,2.198011368563442,4487.594539394128
2,9,13,4,0.429586150774147,0.6211551666701081,0.6915923328418482,3259.0,4770.5,0.08237775877595574,0.2673159760395814,2.7363660663468425,2.34167046789011,3942.9759700003247
2,9,15,6,0.545985779760302,0.7566738956126318,0.7215602162649623,3259.0,5880.0,0.08237775877595574,0.48666209471891453,2.7363660663468425,2.2310178813797417,4377.547258454213
2,9,16,7,0.6068792082807493,0.7566738956126334,0.8020353441549554,3259.0,6779.5,0.08237775877595574,0.6031554367637135,2.7363660663468425,2.198011368563442,4700.467051262034
2,11,15,4,0.32146795009113815,0.38869240956874385,0.8270497240936823,3943.5,5880.0,0.13780230458293488,0.48666209471891453,2.503307369857132,2.2310178813797417,4815.369144728159
1,6,9,3,0.41908920819134193,0.5517536989357882,0.7595584932183926,2307.5,4403.5,0.1916930391373385,0.14418477020802387,1.8678786108994345,1.4992971753147215,3187.644310458744
1,6,10,4,0.5619191129877369,0.7361137145702377,0.7633591140409602,2307.5,5672.0,0.1916930391373385,0.13814590671831978,1.8678786108994345,1.3832047078123402,3617.7534465466274
1,6,11,5,0.7036807158010631,0.9197351026713323,0.7650906372468026,2307.5,7352.5,0.1916930391373385,0.14500884105350104,1.8678786108994345,1.267359963074486,4118.96755874576
1,6,12,6,0.8409665749286948,1.104327607382203,0.7615191083759982,2307.5,9625.5,0.1916930391373385,0.1722232276248798,1.8678786108994345,1.1567005003322874,4712.837918918918
1,6,13,7,0.8957319221274982,1.172908738781521,0.7636842428661854,2307.5,10463.0,0.1916930391373385,0.09766017239897251,1.8678786108994345,1.1214498199852259,4913.590591410725
1,6,14,8,0.954154770417805,1.2403392834396794,0.7692691694580258,2307.5,11561.0,0.1916930391373385,0.05805503151300722,1.8678786108994345,1.085362986809161,5164.978944777994
1,6,15,9,1.0045733495419025,1.3084261513498452,0.7677722953683925,2307.5,12882.0,0.1916930391373385,0.09553323815294931,1.8678786108994345,1.049440961255778,5452.083546681947
1,6,16,10,1.0507913524846486,1.3084261513498474,0.8030956515204103,2307.5,14291.0,0.1916930391373385,0.15855788160008766,1.8678786108994345,1.0152591105124031,5742.515346083108
1,6,17,11,1.1604739773973518,1.4433401554466785,0.8040197406121591,2307.5,18288.5,0.1916930391373385,0.2833868298393726,1.8678786108994345,0.9488468824650533,6496.207643694896
1,6,18,12,1.212989016272266,1.5114145221936817,0.8025521777518202,2307.5,20789.0,0.1916930391373385,0.3412768464782463,1.8678786108994345,0.9201427533580344,6926.082406382413
1,6,19,13,1.212989016272266,1.5800178591357,0.7677058896889902,2307.5,20789.0,0.1916930391373385,0.3412768464782463,1.8678786108994345,0.9201427533580344,6926.082406382413
1,6,20,14,1.2628138971318241,1.6484975809752296,0.766039278252844,2307.5,23468.5,0.1916930391373385,0.393474952213337,1.8678786108994345,0.8895666605938645,7358.910500203138
1,6,21,15,1.3655668149213098,1.715401814311943,0.7960623589925758,2307.5,29295.5,0.1916930391373385,0.4814729819847689,1.8678786108994345,0.8455963795884772,8221.883376088474
1,6,22,16,1.3655668149213098,1.7867004535830973,0.7642953311971044,2307.5,29295.5,0.1916930391373385,0.4814729819847689,1.8678786108994345,0.8455963795884772,8221.883376088474
1,6,23,17,1.4183517989727765,1.8586933083054786,0.7630908190366544,2307.5,32118.5,0.1916930391373385,0.5145817440317925,1.8678786108994345,0.8261128311247983,8608.916235508394
1,6,24,18,1.466846982485648,1.9259785170164452,0.7616112898070936,2307.5,35079.5,0.1916930391373385,0.5405901313346732,1.8678786108994345,0.8091125753793107,8996.99651272579
1,6,25,19,1.5087452573319098,1.9960049983959252,0.7558825045750897,2307.5,33137.5,0.1916930391373385,0.5585038773777619,1.8678786108994345,0.839432582753207,8744.414288561584
1,6,32,26,1.8797451444273507,2.4661531511962953,0.7622175222635762,2307.5,37235.5,0.1916930391373385,0.5552359225686703,1.8678786108994345,0.7981680205923121,9269.353604755835
1,6,33,27,1.9309075892068968,2.5344875306424464,0.7618532606145617,2307.5,35472.0,0.1916930391373385,0.5603796998570428,1.8678786108994345,0.8115168079516552,9047.189618881655
1,6,34,28,1.9820207224187627,2.6045085433753843,0.7609960533475957,2307.5,33668.5,0.1916930391373385,0.5734142475516738,1.8678786108994345,0.829190293165208,8814.196716093873
1,6,35,29,2.0282504657163467,2.671947222073725,0.7590907668236805,2307.5,32076.0,0.1916930391373385,0.5982813579508501,1.8678786108994345,0.8491192512167872,8603.218583762708
1,6,36,30,2.0854149613810185,2.7411689081765207,0.7607757972011573,2307.5,30803.0,0.1916930391373385,0.6334883523645896,1.8678786108994345,0.8680501849784683,8430.772354891336
1,7,10,3,0.4289236180937179,0.5501246441252708,0.7796844272914378,2847.5,5672.0,0.1725728515582781,0.13814590671831978,1.7525145737971644,1.3832047078123402,4018.8331639917574
1,7,11,4,0.5707449635674252,0.733743540745854,0.7778534758715014,2847.5,7352.5,0.1725728515582781,0.14500884105350104,1.7525145737971644,1.267359963074486,4575.614029832499
1,7,12,5,0.7081653318857696,0.9183381451613228,0.771137881636581,2847.5,9625.5,0.1725728515582781,0.1722232276248798,1.7525145737971644,1.1567005003322874,5235.323414078637
1,7,13,6,0.7628207057015822,0.9869151025919275,0.7729344739969954,2847.5,10463.0,0.1725728515582781,0.09766017239897251,1.7525145737971644,1.1214498199852259,5458.332391857425
1,7,14,7,0.821179773672926,1.054348908324632,0.7788501199074476,2847.5,11561.0,0.1725728515582781,0.05805503151300722,1.7525145737971644,1.085362986809161,5737.590740023203
1,7,15,8,0.8715669129973656,1.122434789657543,0.7764967025507845,2847.5,12882.0,0.1725728515582781,0.09553323815294931,1.7525145737971644,1.049440961255778,6056.524993756733
1,7,16,9,0.9178814450247654,1.1224347896575448,0.8177592618140528,2847.5,14291.0,0.1725728515582781,0.15855788160008766,1.7525145737971644,1.0152591105124031,6379.155312421857
1,7,17,10,1.0276072041447388,1.2573502101282659,0.817280019414726,2847.5,18288.5,0.1725728515582781,0.2833868298393726,1.7525145737971644,0.9488468824650533,7216.405181944817
1,7,18,11,1.080073253934903,1.3254248069533197,0.8148883650500003,2847.5,20789.0,0.1725728515582781,0.3412768464782463,1.7525145737971644,0.9201427533580344,7693.937710951395
1,7,19,12,1.080073253934903,1.3940265371318892,0.774786724044061,2847.5,20789.0,0.1725728515582781,0.3412768464782463,1.7525145737971644,0.9201427533580344,7693.937710951395
1,7,20,13,1.1300011489045747,1.4625089864213519,0.7726456106567943,2847.5,23468.5,0.1725728515582781,0.393474952213337,1.7525145737971644,0.8895666605938645,8174.75099009138
1,7,21,14,1.2326940697263216,1.529411908709707,0.8059922004702368,2847.5,29295.5,0.1725728515582781,0.4814729819847689,1.7525145737971644,0.8455963795884772,9133.396753125313
1,7,22,15,1.2326940697263216,1.6007165963475967,0.7700888917744695,2847.5,29295.5,0.1725728515582781,0.4814729819847689,1.7525145737971644,0.8455963795884772,9133.396753125313
1,7,23,16,1.2855088433602488,1.672710512975793,0.7685184216803284,2847.5,32118.5,0.1725728515582781,0.5145817440317925,1.7525145737971644,0.8261128311247983,9563.337741081823
1,7,24,17,1.3339641873776265,1.7399963878664197,0.7666476762134724,2847.5,35079.5,0.1725728515582781,0.5405901313346732,1.7525145737971644,0.8091125753793107,9994.442268080797
1,7,25,18,1.3756893265493182,1.810023276244708,0.7600395777249278,2847.5,33137.5,0.1725728515582781,0.5585038773777619,1.7525145737971644,0.839432582753207,9713.857691463263
1,7,32,25,1.7467875393217773,2.2801603196818467,0.7660810181827515,2847.5,37235.5,0.1725728515582781,0.5552359225686703,1.7525145737971644,0.7981680205923121,10296.99403952435
1,7,33,26,1.7979674315256065,2.348495040321278,0.7655828096957111,2847.5,35472.0,0.1725728515582781,0.5603796998570428,1.7525145737971644,0.8115168079516552,10050.19999800999
1,7,34,27,1.8490687304438551,2.418514317032616,0.7645473576160428,2847.5,33668.5,0.1725728515582781,0.5734142475516738,1.7525145737971644,0.829190293165208,9791.376499246671
1,7,35,28,1.8952930109869184,2.485951937599548,0.7624013088591834,2847.5,32076.0,0.1725728515582781,0.5982813579508501,1.7525145737971644,0.8491192512167872,9557.008423141626
1,7,36,29,1.952485878804106,2.5551742661115555,0.7641302218401659,2847.5,30803.0,0.1725728515582781,0.6334883523645896,1.7525145737971644,0.8680501849784683,9365.44406315045
1,8,11,3,0.4350873611321114,0.5487512020033938,0.7928681696617415,3480.5,7352.5,0.15641163746290712,0.14500884105350104,1.629657736991895,1.267359963074486,5058.693136571935
1,8,12,4,0.5724375886694066,0.7333472463726386,0.7805819023673428,3480.5,9625.5,0.15641163746290712,0.1722232276248798,1.629657736991895,1.1567005003322874,5788.052587010591
1,8,13,5,0.6271501033764846,0.8019202892712555,0.7820604014725788,3480.5,10463.0,0.15641163746290712,0.09766017239897251,1.629657736991895,1.1214498199852259,6034.606159477186
1,8,14,6,0.6855644660601128,0.8693568818297609,0.7885880705484095,3480.5,11561.0,0.15641163746290712,0.05805503151300722,1.629657736991895,1.085362986809161,6343.347736014478
1,8,15,7,0.7359460747365525,0.9374418396801232,0.7850578495490177,3480.5,12882.0,0.15641163746290712,0.09553323815294931,1.629657736991895,1.049440961255778,6695.954076903455
1,8,16,8,0.7822106852675096,0.9374418396801247,0.8344098291307508,3480.5,14291.0,0.15641163746290712,0.15855788160008766,1.629657736991895,1.0152591105124031,7052.646701770903
1,8,17,9,0.8919278717188377,1.0723583359027886,0.8317442424392109,3480.5,18288.5,0.15641163746290712,0.2833868298393726,1.629657736991895,0.9488468824650533,7978.290810067028
1,8,18,10,0.9444080952079404,1.1404334680504884,0.8281132759303854,3480.5,20789.0,0.15641163746290712,0.3412768464782463,1.629657736991895,0.9201427533580344,8506.239739156192
1,8,19,11,0.9444080952079404,1.2090332729664004,0.7811266375579607,3480.5,20789.0,0.15641163746290712,0.3412768464782463,1.629657736991895,0.9201427533580344,8506.239739156192
1,8,20,12,0.9942954940225869,1.277517743350577,0.7783026883171296,3480.5,23468.5,0.15641163746290712,0.393474952213337,1.629657736991895,0.8895666605938645,9037.815789780183
1,8,21,13,1.0970103779460683,1.344419380426728,0.8159733442684154,3480.5,29295.5,0.15641163746290712,0.4814729819847689,1.629657736991895,0.8455963795884772,10097.672392685356
1,8,22,14,1.0970103779460683,1.415726435160297,0.774874545463904,3480.5,29295.5,0.15641163746290712,0.4814729819847689,1.629657736991895,0.8455963795884772,10097.672392685356
1,8,23,15,1.1498183825953419,1.4877312920892882,0.7728669745062632,3480.5,32118.5,0.15641163746290712,0.5145817440317925,1.629657736991895,0.8261128311247983,10573.005213750725
1,8,24,16,1.198282596046459,1.5550190753597959,0.7705902873051276,3480.5,35079.5,0.15641163746290712,0.5405901313346732,1.629657736991895,0.8091125753793107,11049.62441669399
1,8,25,17,1.2402147382548543,1.6250495993112717,0.7631857752406338,3480.5,33137.5,0.15641163746290712,0.5585038773777619,1.629657736991895,0.839432582753207,10739.416592627367
1,8,32,24,1.6111413187829955,2.0951657886336914,0.768980348726322,3480.5,37235.5,0.15641163746290712,0.5552359225686703,1.629657736991895,0.7981680205923121,11384.118663735018
1,8,33,25,1.662315337763744,2.1635000224815353,0.7683454219968382,3480.5,35472.0,0.15641163746290712,0.5603796998570428,1.629657736991895,0.8115168079516552,11111.268874435538
1,8,34,26,1.7134231853271276,2.233518833738924,0.7671406927242458,3480.5,33668.5,0.15641163746290712,0.5734142475516738,1.629657736991895,0.829190293165208,10825.119595182308
1,8,35,27,1.7596536162299499,2.3009557294017244,0.7647490100504805,3480.5,32076.0,0.15641163746290712,0.5982813579508501,1.629657736991895,0.8491192512167872,10566.007666096026
1,8,36,28,1.8168309974336205,2.37017820010476,0.7665377216587842,3480.5,30803.0,0.15641163746290712,0.6334883523645896,1.629657736991895,0.8680501849784683,10354.218536422726
1,9,12,3,0.4219481150595853,0.5525769380997221,0.763600660770677,4403.5,9625.5,0.14418477020802387,0.1722232276248798,1.4992971753147215,1.1567005003322874,6510.44462767329
1,9,13,4,0.4766654322185157,0.6211551666701081,0.7673854421493849,4403.5,10463.0,0.14418477020802387,0.09766017239897251,1.4992971753147215,1.1214498199852259,6787.769920968152
1,9,14,5,0.5350783966841207,0.6885877673537456,0.7770663698259352,4403.5,11561.0,0.14418477020802387,0.05805503151300722,1.4992971753147215,1.085362986809161,7135.044744078344
1,9,15,6,0.5855185045155122,0.7566738956126318,0.773805608876535,4403.5,12882.0,0.14418477020802387,0.09553323815294931,1.4992971753147215,1.049440961255778,7531.658980596506
1,9,16,7,0.6317294858727737,0.7566738956126334,0.8348768069516925,4403.5,14291.0,0.14418477020802387,0.15855788160008766,1.4992971753147215,1.0152591105124031,7932.869499745978
1,9,17,8,0.7414019400573935,0.8915892255722092,0.8315510313413358,4403.5,18288.5,0.14418477020802387,0.2833868298393726,1.4992971753147215,0.9488468824650533,8974.040881899302
1,9,18,9,0.7939266691753792,0.9596642890559361,0.8272962516469168,4403.5,20789.0,0.14418477020802387,0.3412768464782463,1.4992971753147215,0.9201427533580344,9567.881766618984
1,9,19,10,0.7939266691753792,1.0282657672866367,0.7721025968513706,4403.5,20789.0,0.14418477020802387,0.3412768464782463,1.4992971753147215,0.9201427533580344,9567.881766618984
1,9,20,11,0.8437697617645774,1.096747917636252,0.7693379200419166,4403.5,23468.5,0.14418477020802387,0.393474952213337,1.4992971753147215,0.8895666605938645,10165.80246463603
1,9,21,12,0.9465175212620225,1.1636507699747514,0.8134034245365213,4403.5,29295.5,0.14418477020802387,0.4814729819847689,1.4992971753147215,0.8455963795884772,11357.93705960726
1,9,22,13,0.9465175212620225,1.2349650460110924,0.766432640599223,4403.5,29295.5,0.14418477020802387,0.4814729819847689,1.4992971753147215,0.8455963795884772,11357.93705960726
1,9,23,14,0.9992971383629217,1.3069686040311843,0.7645915405165145,4403.5,32118.5,0.14418477020802387,0.5145817440317925,1.4992971753147215,0.8261128311247983,11892.59495442437
1,9,24,15,1.0478107275008721,1.3742597269440324,0.7624546561012224,4403.5,35079.5,0.14418477020802387,0.5405901313346732,1.4992971753147215,0.8091125753793107,12428.699781151687
1,9,25,16,1.0897328371397208,1.4443001360511998,0.7545058052262693,4403.5,33137.5,0.14418477020802387,0.5585038773777619,1.4992971753147215,0.839432582753207,12079.7757119079
1,9,32,23,1.4607104614265416,1.9144007187748902,0.7630118642879088,4403.5,37235.5,0.14418477020802387,0.5552359225686703,1.4992971753147215,0.7981680205923121,12804.941399709724
1,9,33,24,1.5118635091139456,1.982734651262032,0.7625142921427374,4403.5,35472.0,0.14418477020802387,0.5603796998570428,1.4992971753147215,0.8115168079516552,12498.037926010626
1,9,34,25,1.562972126983949,2.0527556462622187,0.7614019378438456,4403.5,33668.5,0.14418477020802387,0.5734142475516738,1.4992971753147215,0.829190293165208,12176.175087029587
1,9,35,26,1.6091899146492552,2.1201941589229745,0.7589823355926509,4403.5,32076.0,0.14418477020802387,0.5982813579508501,1.4992971753147215,0.8491192512167872,11884.724060742848
1,9,36,27,1.6663668768599558,2.189415602696863,0.7611012156885015,4403.5,30803.0,0.14418477020802387,0.6334883523645896,1.4992971753147215,0.8680501849784683,11646.502071437586
1,10,13,3,0.33394696505693355,0.43679737531488094,0.7645351916691258,5672.0,10463.0,0.13814590671831978,0.09766017239897251,1.3832047078123402,1.1214498199852259,7703.6443323922995
1,10,14,4,0.39227642109949007,0.5042255993812855,0.7779779955258843,5672.0,11561.0,0.13814590671831978,0.05805503151300722,1.3832047078123402,1.085362986809161,8097.776978899827
1,10,15,5,0.44271194114884066,0.5723126075082233,0.7735491676067603,5672.0,12882.0,0.13814590671831978,0.09553323815294931,1.3832047078123402,1.049440961255778,8547.906410343998
1,10,19,9,0.6512080221371837,0.8439043409736464,0.7716609460568229,5672.0,20789.0,0.13814590671831978,0.3412768464782463,1.3832047078123402,0.9201427533580344,10858.876921671044
1,10,20,10,0.7011429874420921,0.9123847542843704,0.7684729322247763,5672.0,23468.5,0.13814590671831978,0.393474952213337,1.3832047078123402,0.8895666605938645,11537.47511373264
1,10,21,11,0.8038389195662929,0.9792883242152757,0.8208398892230497,5672.0,29295.5,0.13814590671831978,0.4814729819847689,1.3832047078123402,0.8455963795884772,12890.464537789163
1,10,22,12,0.8038389195662929,1.0506112049601868,0.7651155020726765,5672.0,29295.5,0.13814590671831978,0.4814729819847689,1.3832047078123402,0.8455963795884772,12890.464537789163
1,10,23,13,0.8566358242797033,1.1226174127999797,0.7630701381542999,5672.0,32118.5,0.13814590671831978,0.5145817440317925,1.3832047078123402,0.8261128311247983,13497.263870873978
1,10,24,14,0.9051301678554502,1.189912424181231,0.7606695664836535,5672.0,35079.5,0.13814590671831978,0.5405901313346732,1.3832047078123402,0.8091125753793107,14105.70537052295
1,10,25,15,0.9469039644707208,1.2599637914676276,0.7515326796556199,5672.0,33137.5,0.13814590671831978,0.5585038773777619,1.3832047078123402,0.839432582753207,13709.700944951352
1,10,32,22,1.3179771828406384,1.7300405061182256,0.7618186846953351,5672.0,37235.5,0.13814590671831978,0.5552359225686703,1.3832047078123402,0.7981680205923121,14532.713304816827
1,10,33,23,1.369137511240139,1.7983739693920207,0.7613196890872512,5672.0,35472.0,0.13814590671831978,0.5603796998570428,1.3832047078123402,0.8115168079516552,14184.39931756012
1,10,34,24,1.4202364542572397,1.8683967515413769,0.7601364394824509,5672.0,33668.5,0.13814590671831978,0.5734142475516738,1.3832047078123402,0.829190293165208,13819.107496506422
1,10,35,25,1.4664452476122372,1.9358364422383172,0.7575253857276574,5672.0,32076.0,0.13814590671831978,0.5982813579508501,1.3832047078123402,0.8491192512167872,13488.330956793729
1,10,36,26,1.5236461622174673,2.005056970729254,0.759901680830199,5672.0,30803.0,0.13814590671831978,0.6334883523645896,1.3832047078123402,0.8680501849784683,13217.965652852938
1,11,14,3,0.25048841576245734,0.3206062855688196,0.7812960226841493,7352.5,11561.0,0.14500884105350104,0.05805503151300722,1.267359963074486,1.085362986809161,9219.666615447653
1,11,15,4,0.3008991817238115,0.38869240956874385,0.7741318696129432,7352.5,12882.0,0.14500884105350104,0.09553323815294931,1.267359963074486,1.049440961255778,9732.158290944511
1,11,19,8,0.5093594936111568,0.6602842754384735,0.7714245402450447,7352.5,20789.0,0.14500884105350104,0.3412768464782463,1.267359963074486,0.9201427533580344,12363.297395921527
1,11,20,9,0.55928482804919,0.7287668746390733,0.7674399695048977,7352.5,23468.5,0.14500884105350104,0.393474952213337,1.267359963074486,0.8895666605938645,13135.910560368475
1,11,21,10,0.6619835635607462,0.7956689411943909,0.8319836671857926,7352.5,29295.5,0.14500884105350104,0.4814729819847689,1.267359963074486,0.8455963795884772,14676.347084680167
1,11,22,11,0.6619835635607462,0.8669996392998943,0.7635338396395419,7352.5,29295.5,0.14500884105350104,0.4814729819847689,1.267359963074486,0.8455963795884772,14676.347084680167
1,11,23,12,0.7147818014909056,0.9390240142220965,0.7611965089977417,7352.5,32118.5,0.14500884105350104,0.5145817440317925,1.267359963074486,0.8261128311247983,15367.214166855358
1,11,24,13,0.7632750694253202,1.0063230510317578,0.7584791669461943,7352.5,35079.5,0.14500884105350104,0.5405901313346732,1.267359963074486,0.8091125753793107,16059.95092613922
1,11,25,14,0.805276153024949,1.0763841716937654,0.748130801438478,7352.5,33137.5,0.14500884105350104,0.5585038773777619,1.267359963074486,0.839432582753207,15609.082892662207
1,11,32,21,1.1761371283685393,1.5464201871155137,0.7605546915178009,7352.5,37235.5,0.14500884105350104,0.5552359225686703,1.267359963074486,0.7981680205923121,16546.117784846087
1,11,33,22,1.2272950934972464,1.6147528360277015,0.7600513627313994,7352.5,35472.0,0.14500884105350104,0.5603796998570428,1.267359963074486,0.8115168079516552,16149.547362077985
1,11,34,23,1.2783973735606882,1.6847758886760393,0.7587937257134545,7352.5,33668.5,0.14500884105350104,0.5734142475516738,1.267359963074486,0.829190293165208,15733.64694690967
1,11,35,24,1.3246107212720677,1.7522152084662361,0.755963488315763,7352.5,32076.0,0.14500884105350104,0.5982813579508501,1.267359963074486,0.8491192512167872,15357.043660809199
1,11,36,25,1.3818031068955987,1.821435555917495,0.7586340907897539,7352.5,30803.0,0.14500884105350104,0.6334883523645896,1.267359963074486,0.8680501849784683,15049.221159249404
1,12,15,3,0.16396208166590268,0.20410104427614087,0.8033377891201198,9625.5,12882.0,0.1722232276248798,0.09553323815294931,1.1567005003322874,1.049440961255778,11135.33524416755
1,12,19,7,0.37205357744912065,0.47569158729585903,0.782131926200578,9625.5,20789.0,0.1722232276248798,0.3412768464782463,1.1567005003322874,0.9201427533580344,14145.830463426317
1,12,20,8,0.42186545706668654,0.54417124732419,0.7752439312828306,9625.5,23468.5,0.1722232276248798,0.393474952213337,1.1567005003322874,0.8895666605938645,15029.838547037023
1,12,22,10,0.524602983387514,0.6824253682541749,0.7687331212929372,9625.5,29295.5,0.1722232276248798,0.4814729819847689,1.1567005003322874,0.8455963795884772,16792.374318422037
1,12,23,11,0.5773999052576875,0.7544524010961298,0.7653231726995553,9625.5,32118.5,0.1722232276248798,0.5145817440317925,1.1567005003322874,0.8261128311247983,17582.850216901694
1,12,24,12,0.6258806926538361,0.8217574669108954,0.7616367576270547,9625.5,35079.5,0.1722232276248798,0.5405901313346732,1.1567005003322874,0.8091125753793107,18375.465361454113
1,12,25,13,0.6685627098812635,0.891836662876732,0.7496470348334077,9625.5,33137.5,0.1722232276248798,0.5585038773777619,1.1567005003322874,0.839432582753207,17859.591435696395
1,12,32,20,1.0387904369722394,1.3618286852565842,0.7627908328106037,9625.5,37235.5,0.1722232276248798,0.5552359225686703,1.1567005003322874,0.7981680205923121,18931.72747664618
1,12,33,21,1.0899452115233714,1.4301608118755222,0.7621137444634706,9625.5,35472.0,0.1722232276248798,0.5603796998570428,1.1567005003322874,0.8115168079516552,18477.97975970317
1,12,34,22,1.1410605625344261,1.500186139889492,0.7606126547859453,9625.5,33668.5,0.1722232276248798,0.5734142475516738,1.1567005003322874,0.829190293165208,18002.11506323632
1,12,35,23,1.18729446099994,1.5676270509243098,0.7573832438652315,9625.5,32076.0,0.1722232276248798,0.5982813579508501,1.1567005003322874,0.8491192512167872,17571.21333317651
1,12,36,24,1.2444496699786352,1.6368461410302593,0.7602728434789583,9625.5,30803.0,0.1722232276248798,0.6334883523645896,1.1567005003322874,0.8680501849784683,17219.009161389047
1,13,19,6,0.31727167283113455,0.40711398786881675,0.779319016995722,10463.0,20789.0,0.09766017239897251,0.3412768464782463,1.1214498199852259,0.9201427533580344,14748.400150524802
1,13,20,7,0.3672065187077201,0.47560328624571024,0.7720857473596402,10463.0,23468.5,0.09766017239897251,0.393474952213337,1.1214498199852259,0.8895666605938645,15670.064310652971
1,13,22,9,0.4698928655270857,0.6138706590663611,0.7654590728309904,10463.0,29295.5,0.09766017239897251,0.4814729819847689,1.1214498199852259,0.8455963795884772,17507.678786749544
1,13,23,10,0.5226940569471438,0.685891705765358,0.7620649915337455,10463.0,32118.5,0.09766017239897251,0.5145817440317925,1.1214498199852259,0.8261128311247983,18331.826572930477
1,13,24,11,0.5711862971419451,0.75319522234718,0.7583509297389845,10463.0,35079.5,0.09766017239897251,0.5405901313346732,1.1214498199852259,0.8091125753793107,19158.20473061085
1,13,25,12,0.6135283953315501,0.8232696885525262,0.7452337962427069,10463.0,33137.5,0.09766017239897251,0.5585038773777619,1.1214498199852259,0.839432582753207,18620.356132469646
1,13,32,19,0.9840577733968188,1.293246692687887,0.7609203866213265,10463.0,37235.5,0.09766017239897251,0.5552359225686703,1.1214498199852259,0.7981680205923121,19738.161933168954
1,13,33,20,1.0352111392690875,1.3615800077628044,0.7603013655951297,10463.0,35472.0,0.09766017239897251,0.5603796998570428,1.1214498199852259,0.8115168079516552,19265.085932847534
1,13,34,21,1.0863154179804144,1.4316013039224524,0.758811419774495,10463.0,33668.5,0.09766017239897251,0.5734142475516738,1.1214498199852259,0.829190293165208,18768.950836421303
1,13,35,22,1.1325310043599204,1.4990400715412948,0.7555041562000846,10463.0,32076.0,0.09766017239897251,0.5982813579508501,1.1214498199852259,0.8491192512167872,18319.693993077504
1,13,36,23,1.189717305498715,1.5682608107782572,0.7586220973718726,10463.0,30803.0,0.09766017239897251,0.6334883523645896,1.1214498199852259,0.8680501849784683,17952.486986487416
1,14,19,5,0.25904164292423654,0.33967913009782447,0.7626068838837256,11561.0,20789.0,0.05805503151300722,0.3412768464782463,1.085362986809161,0.9201427533580344,15502.955492421437
1,14,20,6,0.30909047090442493,0.4081609229873127,0.7572759994812945,11561.0,23468.5,0.05805503151300722,0.393474952213337,1.085362986809161,0.8895666605938645,16471.77369016464
1,14,22,8,0.41168667954560206,0.5464437635688796,0.7533925849145658,11561.0,29295.5,0.05805503151300722,0.4814729819847689,1.085362986809161,0.8455963795884772,18403.40391069
1,14,23,9,0.4644663311905763,0.6184648481492165,0.7509987553545078,11561.0,32118.5,0.05805503151300722,0.5145817440317925,1.085362986809161,0.8261128311247983,19269.71661701334
1,14,24,10,0.5129838162426275,0.6857735054891173,0.7480367966049515,11561.0,35079.5,0.05805503151300722,0.5405901313346732,1.085362986809161,0.8091125753793107,20138.37380475395
1,14,25,11,0.5548803959776629,0.7558642458873994,0.7341005994088561,11561.0,33137.5,0.05805503151300722,0.5585038773777619,1.085362986809161,0.839432582753207,19573.007880752513
1,14,32,18,0.9257781240956425,1.2258161651697015,0.7552340639654382,11561.0,37235.5,0.05805503151300722,0.5552359225686703,1.085362986809161,0.7981680205923121,20748.002687005803
1,14,33,19,0.9769206737931342,1.2941486880418593,0.754875141334251,11561.0,35472.0,0.05805503151300722,0.5603796998570428,1.085362986809161,0.8115168079516552,20250.723246343572
1,14,34,20,1.0280102966842883,1.3641736408715464,0.7535773056188879,11561.0,33668.5,0.05805503151300722,0.5734142475516738,1.085362986809161,0.829190293165208,19729.20496370799
1,14,35,21,1.074199845491157,1.43161474819256,0.7503414217039563,11561.0,32076.0,0.05805503151300722,0.5982813579508501,1.085362986809161,0.8491192512167872,19256.963312007425
1,14,36,22,1.1314179235413149,1.500833757601363,0.753859591584314,11561.0,30803.0,0.05805503151300722,0.6334883523645896,1.085362986809161,0.8680501849784683,18870.96931797622
1,15,19,4,0.2085718101462968,0.2715919271433268,0.7679602716476455,12882.0,20789.0,0.09553323815294931,0.3412768464782463,1.049440961255778,0.9201427533580344,16364.715029599507
1,15,20,5,0.2586967550949367,0.34007781770680556,0.760698703724244,12882.0,23468.5,0.09553323815294931,0.393474952213337,1.049440961255778,0.8895666605938645,17387.386721413888
1,15,22,7,0.3612254980774107,0.47838213834616994,0.7550982135876035,12882.0,29295.5,0.09553323815294931,0.4814729819847689,1.049440961255778,0.8455963795884772,19426.39006609308
1,15,23,8,0.41404736212671944,0.5503951100709513,0.7522729663665519,12882.0,32118.5,0.09553323815294931,0.5145817440317925,1.049440961255778,0.8261128311247983,20340.858315223573
1,15,24,9,0.462495202529017,0.6177048391053847,0.74873171335171,12882.0,35079.5,0.09553323815294931,0.5405901313346732,1.049440961255778,0.8091125753793107,21257.80136796842
1,15,25,10,0.5047768230554818,0.687800156579882,0.7339004189320162,12882.0,33137.5,0.09553323815294931,0.5585038773777619,1.049440961255778,0.839432582753207,20661.008566863333
1,15,32,17,0.8752777060689602,1.1577283730614925,0.7560302800167013,12882.0,37235.5,0.09553323815294931,0.5552359225686703,1.049440961255778,0.7981680205923121,21901.31756310565
1,15,33,18,0.9264383280209578,1.2260614454493244,0.7556214506699855,12882.0,35472.0,0.09553323815294931,0.5603796998570428,1.049440961255778,0.8115168079516552,21376.39595441664
1,15,34,19,0.977532233678808,1.2960853103671772,0.7542190516779146,12882.0,33668.5,0.09553323815294931,0.5734142475516738,1.049440961255778,0.829190293165208,20825.888144326524
1,15,35,20,1.0237396425197485,1.3635261025035985,0.7508031130757519,12882.0,32076.0,0.09553323815294931,0.5982813579508501,1.049440961255778,0.8491192512167872,20327.396094925687
1,15,36,21,1.080947968076736,1.4327454477040529,0.7544591886918464,12882.0,30803.0,0.09553323815294931,0.6334883523645896,1.049440961255778,0.8680501849784683,19919.945933661566
1,16,21,5,0.31482333404155916,0.4069777994700646,0.7735639006636186,14291.0,29295.5,0.15855788160008766,0.4814729819847689,1.0152591105124031,0.8455963795884772,20461.231402337446
1,16,32,16,0.8289886293816261,1.1577283730614927,0.7160476055272375,14291.0,37235.5,0.15855788160008766,0.5552359225686703,1.0152591105124031,0.7981680205923121,23067.997973382953
1,16,33,17,0.880139117228641,1.2260614454493244,0.7178588972807064,14291.0,35472.0,0.15855788160008766,0.5603796998570428,1.0152591105124031,0.8115168079516552,22515.113857140495
1,16,34,18,0.9312446140251359,1.2960853103671772,0.7185056466393536,14291.0,33668.5,0.15855788160008766,0.5734142475516738,1.0152591105124031,0.829190293165208,21935.280565791723
1,16,35,19,0.9774626947100268,1.3635261025035985,0.7168639404227666,14291.0,32076.0,0.15855788160008766,0.5982813579508501,1.0152591105124031,0.8491192512167872,21410.233908110393
1,16,36,20,1.0346446093541972,1.4327454477040527,0.7221412645297149,14291.0,30803.0,0.15855788160008766,0.6334883523645896,1.0152591105124031,0.8680501849784683,20981.078928405946
1,17,21,4,0.20516424279766507,0.2720622390020801,0.7541077495730543,18288.5,29295.5,0.2833868298393726,0.4814729819847689,0.9488468824650533,0.8455963795884772,23146.722267958372
1,17,32,15,0.719367388992148,1.0228161820241646,0.7033203048943868,18288.5,37235.5,0.2833868298393726,0.5552359225686703,0.9488468824650533,0.7981680205923121,26095.62112213465
1,17,33,16,0.7704927507606335,1.091148939324352,0.706129771099561,18288.5,35472.0,0.2833868298393726,0.5603796998570428,0.9488468824650533,0.8115168079516552,25470.17220200916
1,17,34,17,0.8215971417779819,1.1611751358352225,0.7075566091819687,18288.5,33668.5,0.2833868298393726,0.5734142475516738,0.9488468824650533,0.829190293165208,24814.237087809088
1,17,35,18,0.8678022977625265,1.228617766842406,0.7063240669169314,18288.5,32076.0,0.2833868298393726,0.5982813579508501,0.9488468824650533,0.8491192512167872,24220.279230430024
1,17,36,19,0.9249823322005649,1.2978356666756963,0.7127114440997251,18288.5,30803.0,0.2833868298393726,0.6334883523645896,0.9488468824650533,0.8680501849784683,23734.798619326855
1,18,21,3,0.15265568108175662,0.20399286577695452,0.7483383328153745,20789.0,29295.5,0.3412768464782463,0.4814729819847689,0.9201427533580344,0.8455963795884772,24678.414647217516
1,18,32,14,0.6667999951497939,0.9547417520643287,0.6984087515896825,20789.0,37235.5,0.3412768464782463,0.5552359225686703,0.9201427533580344,0.7981680205923121,27822.451536483983
1,18,33,15,0.7179435236783814,1.0230765270170679,0.7017495805241988,20789.0,35472.0,0.3412768464782463,0.5603796998570428,0.9201427533580344,0.8115168079516552,27155.61466805714
1,18,34,16,0.7690478898444816,1.0931013926889037,0.7035467112092065,20789.0,33668.5,0.3412768464782463,0.5734142475516738,0.9201427533580344,0.829190293165208,26456.27423693669
1,18,35,17,0.8152638621253481,1.1605448677764034,0.7024837080942751,20789.0,32076.0,0.3412768464782463,0.5982813579508501,0.9201427533580344,0.8491192512167872,25823.01229523775
1,18,36,18,0.8724465259768954,1.229762806393075,0.7094429278893243,20789.0,30803.0,0.3412768464782463,0.6334883523645896,0.9201427533580344,0.8680501849784683,25305.405884909254
1,19,22,3,0.15265568108175662,0.20699670530422165,0.7374787963769742,20789.0,29295.5,0.3412768464782463,0.4814729819847689,0.9201427533580344,0.8455963795884772,24678.414647217516
1,19,23,4,0.2054806635789696,0.2789638429003809,0.7365852916370512,20789.0,32118.5,0.3412768464782463,0.5145817440317925,0.9201427533580344,0.8261128311247983,25840.114096110334
1,19,24,5,0.25394511574376355,0.3462742311997358,0.7333641745847511,20789.0,35079.5,0.3412768464782463,0.5405901313346732,0.9201427533580344,0.8091125753793107,27004.957424517448
1,19,25,6,0.297564910535099,0.4164150155802559,0.7145873693350261,20789.0,33137.5,0.3412768464782463,0.5585038773777619,0.9201427533580344,0.839432582753207,26246.81861673906
1,19,32,13,0.6667999951497939,0.8861371495063799,0.7524794502986732,20789.0,37235.5,0.3412768464782463,0.5552359225686703,0.9201427533580344,0.7981680205923121,27822.451536483983
1,19,33,14,0.7179435236783814,0.9544701054343782,0.7521906863197629,20789.0,35472.0,0.3412768464782463,0.5603796998570428,0.9201427533580344,0.8115168079516552,27155.61466805714
1,19,34,15,0.7690478898444816,1.0244953271017936,0.7506602221603585,20789.0,33668.5,0.3412768464782463,0.5734142475516738,0.9201427533580344,0.829190293165208,26456.27423693669
1,19,35,16,0.8152638621253481,1.0919375684788686,0.7466213139465997,20789.0,32076.0,0.3412768464782463,0.5982813579508501,0.9201427533580344,0.8491192512167872,25823.01229523775
1,19,36,17,0.8724465259768954,1.1611556214507759,0.7513605496624471,20789.0,30803.0,0.3412768464782463,0.6334883523645896,0.9201427533580344,0.8680501849784683,25305.405884909254
1,20,23,3,0.15554734205211435,0.2106014693039109,0.7385862148361839,23468.5,32118.5,0.393474952213337,0.5145817440317925,0.8895666605938645,0.8261128311247983,27454.927012286884
1,20,24,4,0.204116332144991,0.2779038476759214,0.7344854483016083,23468.5,35079.5,0.393474952213337,0.5405901313346732,0.8895666605938645,0.8091125753793107,28692.56429373297
1,20,25,5,0.24899801181297193,0.3480809277320295,0.7153451739954663,23468.5,33137.5,0.393474952213337,0.5585038773777619,0.8895666605938645,0.839432582753207,27887.04750865534
1,20,32,12,0.6170448542535164,0.8176660490574101,0.7546416473630451,23468.5,37235.5,0.393474952213337,0.5552359225686703,0.8895666605938645,0.7981680205923121,29561.14564339481
1,20,33,13,0.6681587771046599,0.8859960843394329,0.754132878141121,23468.5,35472.0,0.393474952213337,0.5603796998570428,0.8895666605938645,0.8115168079516552,28852.63648265094
1,20,34,14,0.7192757576364774,0.9560280416310208,0.7523584312541347,23468.5,33668.5,0.393474952213337,0.5734142475516738,0.8895666605938645,0.829190293165208,28109.59253084256
1,20,35,15,0.76549941950327,1.0234734866236221,0.7479425989124612,23468.5,32076.0,0.393474952213337,0.5982813579508501,0.8895666605938645,0.8491192512167872,27436.75647739725
1,20,36,16,0.8226379900919366,1.0926880462448563,0.7528571333044444,23468.5,30803.0,0.393474952213337,0.6334883523645896,0.8895666605938645,0.8680501849784683,26886.80355676368
1,21,33,12,0.5653624130998046,0.8190886956730173,0.6902334461291344,29295.5,35472.0,0.4814729819847689,0.5603796998570428,0.8455963795884772,0.8115168079516552,32236.15944866882
1,21,34,13,0.6164770681689402,0.8891200606037529,0.6933563817583018,29295.5,33668.5,0.4814729819847689,0.5734142475516738,0.8455963795884772,0.829190293165208,31405.979394854094
1,21,35,14,0.6627052420065144,0.9565647403473663,0.6927970622938286,29295.5,32076.0,0.4814729819847689,0.5982813579508501,0.8455963795884772,0.8491192512167872,30654.240457072166
1,21,36,15,0.7198553073342845,1.025779611551652,0.701764101399316,29295.5,30803.0,0.4814729819847689,0.6334883523645896,0.8455963795884772,0.8680501849784683,30039.795047569816
1,22,25,3,0.14845750554567463,0.21186179265490696,0.7007280722272138,29295.5,33137.5,0.4814729819847689,0.5585038773777619,0.8455963795884772,0.839432582753207,31157.336716253525
1,22,32,10,0.5142363571571245,0.6796409704753331,0.7566294256767266,29295.5,37235.5,0.4814729819847689,0.5552359225686703,0.8455963795884772,0.7981680205923121,33027.75484724931
1,22,33,11,0.5653624130998046,0.7479183593517252,0.7559146075647146,29295.5,35472.0,0.4814729819847689,0.5603796998570428,0.8455963795884772,0.8115168079516552,32236.15944866882
1,22,34,12,0.6164770681689402,0.8179842900191103,0.7536539218308674,29295.5,33668.5,0.4814729819847689,0.5734142475516738,0.8455963795884772,0.829190293165208,31405.979394854094
1,22,35,13,0.6627052420065144,0.8854207089865348,0.7484636797856877,29295.5,32076.0,0.4814729819847689,0.5982813579508501,0.8455963795884772,0.8491192512167872,30654.240457072166
1,22,36,14,0.7198553073342845,0.9546154167495984,0.7540788622347454,29295.5,30803.0,0.4814729819847689,0.6334883523645896,0.8455963795884772,0.8680501849784683,30039.795047569816
1,23,32,9,0.46155096244977006,0.60763636130959,0.7595841721108102,32118.5,37235.5,0.5145817440317925,0.5552359225686703,0.8261128311247983,0.7981680205923121,34582.4869948649
1,23,33,10,0.5126399526832843,0.6760040710904739,0.758338558311248,32118.5,35472.0,0.5145817440317925,0.5603796998570428,0.8261128311247983,0.8115168079516552,33753.62842717802
1,23,34,11,0.5637519172840068,0.745978197023421,0.7557217081323182,32118.5,33668.5,0.5145817440317925,0.5734142475516738,0.8261128311247983,0.829190293165208,32884.36888933707
1,23,35,12,0.6099637614039739,0.8134225063988011,0.7498732289870077,32118.5,32076.0,0.5145817440317925,0.5982813579508501,0.8261128311247983,0.8491192512167872,32097.2429657128
1,23,36,13,0.6671073080902971,0.8826395914971678,0.7558094090915677,32118.5,30803.0,0.5145817440317925,0.6334883523645896,0.8261128311247983,0.8680501849784683,31453.8734578112
1,24,32,8,0.4129405058487481,0.5404435315996476,0.7640770620873082,35079.5,37235.5,0.5405901313346732,0.5552359225686703,0.8091125753793107,0.7981680205923121,36141.426677014286
1,24,33,9,0.46407439911198173,0.6088182288666736,0.7622544416514349,35079.5,35472.0,0.5405901313346732,0.5603796998570428,0.8091125753793107,0.8115168079516552,35275.20409579511
1,24,34,10,0.5151962427427099,0.6787659304529763,0.7590190073312788,35079.5,33668.5,0.5405901313346732,0.5734142475516738,0.8091125753793107,0.829190293165208,34366.759314052295
1,24,35,11,0.5614451210016945,0.7462046888369962,0.7524009556637062,35079.5,32076.0,0.5405901313346732,0.5982813579508501,0.8091125753793107,0.8491192512167872,33544.150637629806
1,24,36,12,0.6185722619889953,0.8154207542822771,0.7585927372347233,35079.5,30803.0,0.5405901313346732,0.6334883523645896,0.8091125753793107,0.8680501849784683,32871.77875473124
1,25,32,7,0.3741602019014805,0.4706581066586997,0.7949723942029215,33137.5,37235.5,0.5585038773777619,0.5552359225686703,0.839432582753207,0.7981680205923121,35126.79007894117
1,25,33,8,0.4248739796326166,0.5390397532752685,0.7882052799464838,33137.5,35472.0,0.5585038773777619,0.5603796998570428,0.839432582753207,0.8115168079516552,34284.88588284931
1,25,34,9,0.4756242838951821,0.6089185435126133,0.7810967311842587,33137.5,33668.5,0.5585038773777619,0.5734142475516738,0.839432582753207,0.829190293165208,33401.94483484457
1,25,35,10,0.5214058247121179,0.6763358457993154,0.7709273845982595,33137.5,32076.0,0.5585038773777619,0.5982813579508501,0.839432582753207,0.8491192512167872,32602.430124148723
1,25,36,11,0.5787972878836268,0.7455512278570601,0.7763346987533848,33137.5,30803.0,0.5585038773777619,0.6334883523645896,0.839432582753207,0.8680501849784683,31948.93445015029
1,32,35,3,0.14869313326103642,0.2058248442625328,0.7224255837229057,37235.5,32076.0,0.5552359225686703,0.5982813579508501,0.7981680205923121,0.8491192512167872,34559.599216426104
1,32,36,4,0.20575140458820532,0.2750289343559551,0.7481082129413786,37235.5,30803.0,0.5552359225686703,0.6334883523645896,0.7981680205923121,0.8680501849784683,33866.8732908723
1,33,36,3,0.15452523367488694,0.20671139850424436,0.7475409425557832,35472.0,30803.0,0.5603796998570428,0.6334883523645896,0.8115168079516552,0.8680501849784683,33055.16625279625
1,177,181,4,0.5760213878273894,0.7504464784229947,0.7675715782394686,2624.5,7084.5,0.4825714544421719,0.5397145953178493,1.87630565241474,1.3802645184217939,4311.991448275379
1,177,182,5,0.7215035330283462,0.9404800715134539,0.7671651477604168,2624.5,9618.0,0.4825714544421719,0.586172758161772,1.87630565241474,1.2659422494719257,5024.185605647945
1,177,183,6,0.8591243302391386,1.1266963224213438,0.7625163170789663,2624.5,13440.5,0.4825714544421719,0.657370634253563,1.87630565241474,1.154468031175357,5939.241723486257
1,179,182,3,0.4349069437472025,0.5665341709783126,0.7676623335820835,4160.0,9618.0,0.4933252548995051,0.586172758161772,1.6326857165261175,1.2659422494719257,6325.41540137879
1,179,183,4,0.5729663260983281,0.7527519661935451,0.7611621780221414,4160.0,13440.5,0.4933252548995051,0.657370634253563,1.6326857165261175,1.154468031175357,7477.464811017167
0,38,41,3,0.16292589813758493,0.20538145708099786,0.7932843619535263,16539.5,10755.0,0.7300970996049991,0.31571950615266375,1.3814449689466124,1.4830321723782889,13337.253184220504
0,38,42,4,0.2044875008416213,0.2748676280049118,0.7439490140249151,16539.5,9862.5,0.7300970996049991,0.1929911193395098,1.3814449689466124,1.5132459699765985,12771.876085759679
0,38,43,5,0.26336279195072393,0.34175043209594874,0.7706289947770514,16539.5,9318.5,0.7300970996049991,0.07326283169123615,1.3814449689466124,1.5472785223722332,12414.64178903282
0,38,45,7,0.35861428042443344,0.467056641039316,0.7678175384176711,16539.5,8892.0,0.7300970996049991,0.1595272044788685,1.3814449689466124,1.6158179646307143,12127.210478918885
0,38,46,8,0.4228226138784735,0.5274162880813238,0.8016866817228012,16539.5,8950.5,0.7300970996049991,0.2774516843147291,1.3814449689466124,1.6593699016065526,12167.037221526036
0,38,47,9,0.4469242178867007,0.5898501738132018,0.7576910844960368,16539.5,9331.0,0.7300970996049991,0.40016137555201337,1.3814449689466124,1.6835546779477184,12422.965608098575
0,38,48,10,0.48235119859269404,0.6518748508802675,0.739944481584686,16539.5,9948.5,0.7300970996049991,0.5307890957519186,1.3814449689466124,1.718042182482863,12827.43995308495
0,38,49,11,0.5431292782702685,0.6518884402157914,0.833162922923559,16539.5,10930.0,0.7300970996049991,0.6705770578423117,1.3814449689466124,1.7588084496996328,13445.323908333336
0,39,42,3,0.1582501483604768,0.2073144774380887,0.7633338024245595,13881.5,9862.5,0.5820443425155016,0.1929911193395098,1.4133865667502417,1.5132459699765985,11700.69629338357
0,39,43,4,0.21800387131845067,0.27419826692290805,0.7950592604574825,13881.5,9318.5,0.5820443425155016,0.07326283169123615,1.4133865667502417,1.5472785223722332,11373.423308309597
0,39,45,6,0.3139774196973467,0.399508679875115,0.7859088813677213,13881.5,8892.0,0.5820443425155016,0.1595272044788685,1.4133865667502417,1.6158179646307143,11110.098919451617
0,39,46,7,0.37863169807327757,0.459868530401557,0.8233477027502981,13881.5,8950.5,0.5820443425155016,0.2774516843147291,1.4133865667502417,1.6593699016065526,11146.585385219996
0,39,47,8,0.40119879794123703,0.5223050314883033,0.7681312140494316,13881.5,9331.0,0.5820443425155016,0.40016137555201337,1.4133865667502417,1.6835546779477184,11381.049007011612
0,39,48,9,0.43691722491806406,0.5843320160873116,0.747720838306384,13881.5,9948.5,0.5820443425155016,0.5307890957519186,1.4133865667502417,1.718042182482863,11751.600008084006
0,40,43,3,0.15557754876082316,0.20586623124006276,0.755721556778307,12049.0,9318.5,0.4448987565287532,0.07326283169123615,1.4506990515723528,1.5472785223722332,10596.159988410896
0,40,45,5,0.2505616394757026,0.3311901281256122,0.756549239235388,12049.0,8892.0,0.4448987565287532,0.1595272044788685,1.4506990515723528,1.6158179646307143,10350.831270965631
0,40,46,6,0.314944956097231,0.39153014488017496,0.8043951665423302,12049.0,8950.5,0.4448987565287532,0.2774516843147291,1.4506990515723528,1.6593699016065526,10384.82424020744
0,40,47,7,0.3389280313094124,0.453973976731001,0.7465803078625403,12049.0,9331.0,0.4448987565287532,0.40016137555201337,1.4506990515723528,1.6835546779477184,10603.264544469312
0,40,48,8,0.3741310368755571,0.5159981251187236,0.7250627834926242,12049.0,9948.5,0.4448987565287532,0.5307890957519186,1.4506990515723528,1.718042182482863,10948.49197378342
0,41,45,4,0.19776247560370216,0.2617353003192962,0.755581976762201,10755.0,8892.0,0.31571950615266375,0.1595272044788685,1.4830321723782889,1.6158179646307143,9779.236166490715
0,41,46,5,0.26267865788791556,0.322070643213016,0.8155932973815969,10755.0,8950.5,0.31571950615266375,0.2774516843147291,1.4830321723782889,1.6593699016065526,9811.35197105883
0,41,47,6,0.2843756079147198,0.38451857810858614,0.7395627262368933,10755.0,9331.0,0.31571950615266375,0.40016137555201337,1.4830321723782889,1.6835546779477184,10017.729533182655
0,41,48,7,0.32042262556065315,0.44654508104828106,0.7175594114897632,10755.0,9948.5,0.31571950615266375,0.5307890957519186,1.4830321723782889,1.718042182482863,10343.892763365251
0,42,45,3,0.15747712452329518,0.19219998653443698,0.8193399352558206,9862.5,8892.0,0.1929911193395098,0.1595272044788685,1.5132459699765985,1.6158179646307143,9364.686326834444
0,42,47,5,0.24301709618671383,0.3149915673377535,0.7715034984607566,9862.5,9331.0,0.1929911193395098,0.40016137555201337,1.5132459699765985,1.6835546779477184,9593.069764157874
0,42,48,6,0.27915382993851745,0.37701908933278205,0.7404235961434774,9862.5,9948.5,0.1929911193395098,0.5307890957519186,1.5132459699765985,1.718042182482863,9905.406667573017
0,43,47,4,0.18368799065777205,0.24811338486748177,0.7403389009258023,9318.5,9331.0,0.07326283169123615,0.40016137555201337,1.5472785223722332,1.6835546779477184,9324.747905439588
0,43,48,5,0.21982258006824673,0.31013989462812913,0.7087852413563992,9318.5,9948.5,0.07326283169123615,0.5307890957519186,1.5472785223722332,1.718042182482863,9628.34862528357
0,44,49,5,0.18592536930823017,0.24592648431733727,0.756020116435759,8892.0,10930.0,0.1595272044788685,0.6705770578423117,1.6158179646307143,1.7588084496996328,9858.476555736186
0,166,171,5,0.6767961871196285,0.9070521426829866,0.7461491520407199,1935.0,2756.0,0.39103276195209175,0.3362454703345084,3.8059214228256173,3.140606975979033,2309.298594811853
0,166,172,6,0.9038018040188525,1.0962810135608387,0.824425300483137,1935.0,3025.0,0.39103276195209175,0.3248951268822142,3.8059214228256173,2.991162012596663,2419.374919271505
0,166,178,12,1.6745633552961214,2.226721950093653,0.7520307397273789,1935.0,5365.5,0.39103276195209175,0.29258045794180476,3.8059214228256173,2.211453355086059,3222.1487395835716
0,166,179,13,1.833433566641399,2.4138887844976664,0.7595352273128603,1935.0,6006.0,0.39103276195209175,0.3043309110367577,3.8059214228256173,2.0860451783614478,3409.0482542786044
0,166,180,14,1.9577671831026833,2.601601834149282,0.7525237557125526,1935.0,6806.0,0.39103276195209175,0.3248209104833621,3.8059214228256173,1.9627811015653183,3628.9957288484097
0,166,181,15,2.1110672873373657,2.790381216190111,0.7565515690432231,1935.0,7786.5,0.39103276195209175,0.3565550648643424,3.8059214228256173,1.8431845216380853,3881.607592222583
0,166,182,16,2.2422905977829313,2.980414721493852,0.7523418072029399,1935.0,8979.0,0.39103276195209175,0.40114256906938284,3.8059214228256173,1.7310846334069057,4168.256829899041
0,166,183,17,2.404019630908527,3.1666284422665334,0.7591732578476544,1935.0,10400.0,0.39103276195209175,0.46031291769387234,3.8059214228256173,1.616698145782261,4485.978154204498
0,166,184,18,2.5367975149990487,3.3558491034755082,0.7559331295235524,1935.0,12150.5,0.39103276195209175,0.5371864596863238,3.8059214228256173,1.521332394980452,4848.836716161929
0,167,171,4,0.5947849247954466,0.7304673459150046,0.8142525851725813,2070.0,2756.0,0.3806936703218815,0.3362454703345084,3.6793494670472664,3.140606975979033,2388.4974356276794
0,167,172,5,0.6885744576503382,0.9196966307672423,0.7486973797826202,2070.0,3025.0,0.3806936703218815,0.3248951268822142,3.6793494670472664,2.991162012596663,2502.3488965370116
0,167,178,11,1.6487494341153763,2.0501369750294494,0.8042142813856097,2070.0,5365.5,0.3806936703218815,0.29258045794180476,3.6793494670472664,2.211453355086059,3332.654347513405
0,167,179,12,1.8141392250481871,2.2373038595464485,0.8108595608537295,2070.0,6006.0,0.3806936703218815,0.3043309110367577,3.6793494670472664,2.0860451783614478,3525.9636980547602
0,167,180,13,1.9366862590805984,2.425017236413611,0.7986278324127661,2070.0,6806.0,0.3806936703218815,0.3248209104833621,3.6793494670472664,1.9627811015653183,3753.4544089411825
0,167,181,14,2.087520252463818,2.613796550412528,0.7986544523269612,2070.0,7786.5,0.3806936703218815,0.3565550648643424,3.6793494670472664,1.8431845216380853,4014.729754292311
0,167,182,15,2.2164698526935154,2.803830016211396,0.7905150597140921,2070.0,8979.0,0.3806936703218815,0.40114256906938284,3.6793494670472664,1.7310846334069057,4311.209807003134
0,167,183,16,2.385232787571762,2.9900440745917893,0.7977249592541212,2070.0,10400.0,0.3806936703218815,0.46031291769387234,3.6793494670472664,1.616698145782261,4639.827583003489
0,167,184,17,2.518195249120741,3.179264565013465,0.7920684792428011,2070.0,12150.5,0.3806936703218815,0.5371864596863238,3.6793494670472664,1.521332394980452,5015.1306064747705
0,168,172,4,0.6922993749952071,0.9196966307672425,0.7527475385200304,2208.0,3025.0,0.37043775231242143,0.3248951268822142,3.5322454667551844,2.991162012596663,2584.414827383561
0,168,179,11,1.5654829104274621,2.237303859546448,0.6997185043719635,2208.0,6006.0,0.37043775231242143,0.3043309110367577,3.5322454667551844,2.0860451783614478,3641.599648506134
0,168,180,12,1.6870330251016994,2.4250172364136104,0.6956787769462103,2208.0,6806.0,0.37043775231242143,0.3248209104833621,3.5322454667551844,1.9627811015653183,3876.5510444208007
0,168,181,13,1.8419060346223093,2.613796550412528,0.7046860760190409,2208.0,7786.5,0.37043775231242143,0.3565550648643424,3.5322454667551844,1.8431845216380853,4146.395060772671
0,168,182,14,1.9727304535688648,2.803830016211396,0.7035841838352479,2208.0,8979.0,0.37043775231242143,0.40114256906938284,3.5322454667551844,1.7310846334069057,4452.598342541128
0,168,183,15,2.1333590098906625,2.990044074591789,0.7134874793382154,2208.0,10400.0,0.37043775231242143,0.46031291769387234,3.5322454667551844,1.616698145782261,4791.9933221990195
0,168,184,16,2.265999387555043,3.179264565013465,0.7127432590830785,2208.0,12150.5,0.37043775231242143,0.5371864596863238,3.5322454667551844,1.521332394980452,5179.6046181151705
0,171,178,7,1.0696809903884645,1.319670838240768,0.8105665135515452,2756.0,5365.5,0.3362454703345084,0.29258045794180476,3.140606975979033,2.211453355086059,3845.4281946228043
0,171,179,8,1.2349340467388175,1.506836916254761,0.8195538836467072,2756.0,6006.0,0.3362454703345084,0.3043309110367577,3.140606975979033,2.0860451783614478,4068.480797545934
0,171,180,9,1.354248002576067,1.6945508131623626,0.7991781609952291,2756.0,6806.0,0.3362454703345084,0.3248209104833621,3.140606975979033,1.9627811015653183,4330.974024396822
0,171,181,10,1.5082622784562738,1.8833296715646721,0.8008487845907551,2756.0,7786.5,0.3362454703345084,0.3565550648643424,3.140606975979033,1.8431845216380853,4632.450107664409
0,171,182,11,1.637547437153898,2.0733642912650527,0.7898020835280986,2756.0,8979.0,0.3362454703345084,0.40114256906938284,3.140606975979033,1.7310846334069057,4974.547617623134
0,171,183,12,1.8037316346902554,2.259577274357625,0.7982606548399803,2756.0,10400.0,0.3362454703345084,0.46031291769387234,3.140606975979033,1.616698145782261,5353.72767331324
0,171,184,13,1.93675561771738,2.4487979845260104,0.7909005275060526,2756.0,12150.5,0.3362454703345084,0.5371864596863238,3.140606975979033,1.521332394980452,5786.776131837139
0,172,184,12,1.8876479729760824,2.2595682430751913,0.8354020635407149,3025.0,12150.5,0.3248951268822142,0.5371864596863238,2.991162012596663,1.521332394980452,6062.61185463823
0,178,181,3,0.44070612050742664,0.5636674998611035,0.7818547647611819,5365.5,7786.5,0.29258045794180476,0.3565550648643424,2.211453355086059,1.8431845216380853,6463.626362190191
0,178,182,4,0.5714087137242149,0.7536972340015103,0.7581409191201435,5365.5,8979.0,0.29258045794180476,0.40114256906938284,2.211453355086059,1.7310846334069057,6940.95270838233
0,178,183,5,0.7387540248083906,0.9399221586542676,0.7859736234605861,5365.5,10400.0,0.29258045794180476,0.46031291769387234,2.211453355086059,1.616698145782261,7470.020080294296
0,178,184,6,0.8720837716915427,1.1291345571316431,0.7723470742999043,5365.5,12150.5,0.29258045794180476,0.5371864596863238,2.211453355086059,1.521332394980452,8074.249671022069
0,179,182,3,0.40978925544080197,0.5665341709783126,0.7233266348844632,6006.0,8979.0,0.3043309110367577,0.40114256906938284,2.0860451783614478,1.7310846334069057,7343.560035840927
0,179,183,4,0.5759113814033705,0.7527519661935451,0.7650745627614794,6006.0,10400.0,0.3043309110367577,0.46031291769387234,2.0860451783614478,1.616698145782261,7903.315759856745
0,179,184,5,0.7091404931630076,0.9419665038460541,0.7528298408357234,6006.0,12150.5,0.3043309110367577,0.5371864596863238,2.0860451783614478,1.521332394980452,8542.593458663476
0,180,183,3,0.4499261337588716,0.5650353072444536,0.7962796802080514,6806.0,10400.0,0.3248209104833621,0.46031291769387234,1.9627811015653183,1.616698145782261,8413.227680266355
0,180,184,4,0.5832364204697851,0.7542475638766033,0.7732692134557613,6806.0,12150.5,0.3248209104833621,0.5371864596863238,1.9627811015653183,1.521332394980452,9093.750766322992
0,181,184,3,0.43226120021885456,0.5654689245794956,0.7644296289850067,7786.5,12150.5,0.3565550648643424,0.5371864596863238,1.8431845216380853,1.521332394980452,9726.760419070679
3,55,60,5,0.2225890596359277,0.3096161352080601,0.7189194435436941,5019.0,3724.5,0.7622336968689021,0.1251862484863614,2.135314843657093,2.024309960179684,4323.570919968816
3,55,62,7,0.3608239247795962,0.514395343434116,0.7014525488717039,5019.0,4248.0,0.7622336968689021,0.26624257279174113,2.135314843657093,1.9752820937739977,4617.4356519609455
3,55,63,8,0.4469903964632366,0.6173039988022365,0.7241009248774319,5019.0,4612.0,0.7622336968689021,0.36202740860958266,2.135314843657093,1.9546806722325958,4811.198187562013
3,56,60,4,0.182628517520655,0.2474786140590511,0.7379567653351972,4413.5,3724.5,0.6105831675744284,0.1251862484863614,2.1139358097454437,2.024309960179684,4054.3903055823325
3,56,62,6,0.3212423325770067,0.4522572303602921,0.7103088928419962,4413.5,4248.0,0.6105831675744284,0.26624257279174113,2.1139358097454437,1.9752820937739977,4329.9593531579485
3,56,63,7,0.4070547452128117,0.5551653926973186,0.7332134721782664,4413.5,4612.0,0.6105831675744284,0.36202740860958266,2.1139358097454437,1.9546806722325958,4511.658453384964
3,57,60,3,0.13493994226904318,0.18625481755106688,0.7244910174312441,4071.5,3724.5,0.4720314175186108,0.1251862484863614,2.0917802732855444,2.024309960179684,3894.136842741919
3,57,62,5,0.27321581312150534,0.3910340080502939,0.69870089940199,4071.5,4248.0,0.4720314175186108,0.26624257279174113,2.0917802732855444,1.9752820937739977,4158.813773181002
3,57,63,6,0.35931940563369386,0.49394310171683625,0.7274510047509107,4071.5,4612.0,0.4720314175186108,0.36202740860958266,2.0917802732855444,1.9546806722325958,4333.3310512814505
3,58,62,4,0.2496095281692299,0.3287031427586213,0.7593767618842856,3810.0,4248.0,0.34427765006434546,0.26624257279174113,2.0852666619841127,1.9752820937739977,4023.043623924553
3,58,63,5,0.3360175051399957,0.4316121920405527,0.7785171766149385,3810.0,4612.0,0.34427765006434546,0.36202740860958266,2.0852666619841127,1.9546806722325958,4191.8635473975055
3,60,63,3,0.22507672134726714,0.3076896426555775,0.7315056802195131,3724.5,4612.0,0.1251862484863614,0.36202740860958266,2.024309960179684,1.9546806722325958,4144.5619792687385
3,152,155,3,0.3844329505635463,0.5118591540421739,0.7510522133435784,1272.0,1532.5,0.5355348452479796,0.4039999892121072,3.1468443457294852,2.8690587715289664,1396.1876664689457
3,152,156,4,0.4842772937670746,0.6813181161713501,0.7107946820619693,1272.0,1647.0,0.5355348452479796,0.36732060257244487,3.1468443457294852,2.7634667606620376,1447.405955494173
3,152,157,5,0.6515637082739021,0.8511105625651455,0.7655453203519963,1272.0,1828.0,0.5355348452479796,0.33535386167016473,3.1468443457294852,2.657982165677186,1524.8658957429666
3,152,160,8,1.000005157803398,1.2908532622294733,0.7746853860649177,1272.0,2543.0,0.5355348452479796,0.4195038941985813,3.1468443457294852,2.424394909650788,1798.526063197306
3,152,161,9,1.086250232996929,1.390976965012704,0.7809261118763445,1272.0,3050.5,0.5355348452479796,0.5642547021335506,3.1468443457294852,2.364991792986518,1969.8314648720586
3,152,162,10,1.1339902437006601,1.4903591888129244,0.7608838541827536,1272.0,3692.5,0.5355348452479796,0.7230568615004687,3.1468443457294852,2.3338780563443753,2167.2240308745195
3,153,156,3,0.3816049916343728,0.5099950848798039,0.7482522929104498,1321.0,1647.0,0.48794086243866547,0.36732060257244487,3.063442264722724,2.7634667606620376,1475.0210167994217
3,153,157,4,0.5489014322327727,0.6797879198663497,0.8074598212052516,1321.0,1828.0,0.48794086243866547,0.33535386167016473,3.063442264722724,2.657982165677186,1553.9588154130727
3,153,160,7,0.8973245948488378,1.1195302135817684,0.8015188727939577,1321.0,2543.0,0.48794086243866547,0.4195038941985813,3.063442264722724,2.424394909650788,1832.840145784678
3,153,161,8,0.9835284488536358,1.2196535827685053,0.806399835780512,1321.0,3050.5,0.48794086243866547,0.5642547021335506,3.063442264722724,2.364991792986518,2007.413883582556
3,153,162,9,1.031265488326592,1.3190362409313723,0.7818325655695516,1321.0,3692.5,0.48794086243866547,0.7230568615004687,3.063442264722724,2.3338780563443753,2208.5725027718695
3,154,157,3,0.39924385053761613,0.508425610272848,0.7852551926394125,1413.0,1828.0,0.4444892648899114,0.33535386167016473,2.930430515432017,2.657982165677186,1607.1602284775468
3,154,160,6,0.7464432616227872,0.94816682373106,0.7872488711274609,1413.0,2543.0,0.4444892648899114,0.4195038941985813,2.930430515432017,2.424394909650788,1895.5893542642616
3,154,161,7,0.8320484085556009,1.0482903645195656,0.7937194089701769,1413.0,3050.5,0.4444892648899114,0.5642547021335506,2.930430515432017,2.364991792986518,2076.139807431089
3,154,162,8,0.8797141792799305,1.1476726842845406,0.7665200987408222,1413.0,3692.5,0.4444892648899114,0.7230568615004687,2.930430515432017,2.3338780563443753,2284.1853033412153
3,155,160,5,0.6173824603400186,0.7790137578233753,0.7925180449508786,1532.5,2543.0,0.4039999892121072,0.4195038941985813,2.8690587715289664,2.424394909650788,1974.1194239457755
3,155,161,6,0.7038384727090538,0.8791344825188797,0.800603874270099,1532.5,3050.5,0.4039999892121072,0.5642547021335506,2.8690587715289664,2.364991792986518,2162.1496826075663
3,155,162,7,0.7516686718107737,0.9785178679929031,0.7681706143522617,1532.5,3692.5,0.4039999892121072,0.7230568615004687,2.8690587715289664,2.3338780563443753,2378.814042753237
3,156,162,6,0.6501451579579973,0.8090420112132507,0.8035987611855046,1647.0,3692.5,0.36732060257244487,0.7230568615004687,2.7634667606620376,2.3338780563443753,2466.0793782844867
3,157,160,3,0.34846861438691334,0.4397440317741485,0.7924351195421931,1828.0,2543.0,0.33535386167016473,0.4195038941985813,2.657982165677186,2.424394909650788,2156.0621512377606
3,157,161,4,0.43481672933943394,0.5398697860092542,0.8054103797021538,1828.0,3050.5,0.33535386167016473,0.5642547021335506,2.657982165677186,2.364991792986518,2361.422029201896
3,157,162,5,0.4825980662719605,0.6392497323197255,0.7549444948857413,1828.0,3692.5,0.33535386167016473,0.7230568615004687,2.657982165677186,2.3338780563443753,2598.055041757199
4,65,68,3,0.23392057254153487,0.3064548046107437,0.7633118131029428,9133.0,10025.0,0.47426552324157856,0.18333087456763233,1.59619348423251,1.4691422967708652,9568.611445763696
4,65,69,4,0.30552864270956587,0.40733559386101387,0.7500661550677417,9133.0,10760.0,0.47426552324157856,0.08712030802985385,1.59619348423251,1.4166470597064569,9913.177089107205
4,65,70,5,0.38620398411197165,0.5175493978871712,0.74621666200096,9133.0,11934.0,0.47426552324157856,0.18466608378367694,1.59619348423251,1.3817173200735011,10439.981896536028
4,65,71,6,0.4886012167687239,0.6276365472130564,0.7784779566108732,9133.0,14327.0,0.47426552324157856,0.38129073820387943,1.59619348423251,1.3453094067620852,11438.902526029322
4,65,72,7,0.5570214579551378,0.7367979400558337,0.7560030066220427,9133.0,18376.0,0.47426552324157856,0.6066463149840107,1.59619348423251,1.3094234602942378,12954.844962406922
4,66,69,3,0.22105833702246808,0.30505652799409744,0.7246471284389147,9256.5,10760.0,0.37544144392833234,0.08712030802985385,1.5633974028370843,1.4166470597064569,9979.976953881207
4,66,70,4,0.30063542930050846,0.4152742596996082,0.7239442904984658,9256.5,11934.0,0.37544144392833234,0.18466608378367694,1.5633974028370843,1.3817173200735011,10510.331631304503
4,66,71,5,0.40247137616589584,0.525355954099376,0.7660927282262506,9256.5,14327.0,0.37544144392833234,0.38129073820387943,1.5633974028370843,1.3453094067620852,11515.983479494924
4,66,72,6,0.471826999124126,0.6345177069872123,0.7435994203604391,9256.5,18376.0,0.37544144392833234,0.6066463149840107,1.5633974028370843,1.3094234602942378,13042.141081892958
4,67,70,3,0.23521486436718161,0.31328306847679316,0.7508061814856919,9584.0,11934.0,0.2793467169646562,0.18466608378367694,1.5081087193453058,1.3817173200735011,10694.64613720342
4,67,71,4,0.3374856073093727,0.4233736146470839,0.7971342465228831,9584.0,14327.0,0.2793467169646562,0.38129073820387943,1.5081087193453058,1.3453094067620852,11717.933606229384
4,67,72,5,0.4062970677759373,0.5325278808819743,0.7629592409378206,9584.0,18376.0,0.2793467169646562,0.6066463149840107,1.5081087193453058,1.3094234602942378,13270.854682348081
4,68,71,3,0.2551190922173039,0.32121430683662644,0.7942332791143721,10025.0,14327.0,0.18333087456763233,0.38129073820387943,1.4691422967708652,1.3453094067620852,11984.49727773343
4,68,72,4,0.3244877185326755,0.43035486757634117,0.7540003447854908,10025.0,18376.0,0.18333087456763233,0.6066463149840107,1.4691422967708652,1.3094234602942378,13572.744748207711
4,69,72,3,0.25259487277459064,0.32946361558697024,0.7666851841122706,10760.0,18376.0,0.08712030802985385,0.6066463149840107,1.4166470597064569,1.3094234602942378,14061.499208832605
8,77,84,7,0.21174418497965547,0.29703608513176366,0.7128567725558558,6427.0,5336.0,0.6792850340287865,0.1615836695648099,2.356852676494422,2.1657999374166406,5856.148222167878
8,77,85,8,0.41222163862597927,0.4952925223566546,0.8322791482184806,6427.0,6017.0,0.6792850340287865,0.12130384790401529,2.356852676494422,2.017552083020251,6218.621953455605
8,77,86,9,0.559364059192513,0.6934194957920372,0.8066748376516245,6427.0,6842.5,0.6792850340287865,0.07864681077893323,2.356852676494422,1.8827976171968568,6631.4966259510375
8,77,88,11,0.8758470334431738,1.0886419282824122,0.8045317846842697,6427.0,8916.5,0.6792850340287865,0.07522992698352556,2.356852676494422,1.6266930009053788,7570.095474959348
8,77,89,12,1.0443989576799737,1.2858594202453766,0.8122186152205303,6427.0,10335.5,0.6792850340287865,0.1426003895693881,2.356852676494422,1.5004808538039591,8150.230579560311
8,77,90,13,1.1812557241617956,1.4843164653611347,0.7958247124034938,6427.0,12297.0,0.6792850340287865,0.2292140102611531,2.356852676494422,1.3813457591919511,8890.04043860319
8,77,91,14,1.3186932941796448,1.6828839209294573,0.7835913563493613,6427.0,14470.0,0.6792850340287865,0.33562093677949795,2.356852676494422,1.2847717798575204,9643.582840417766
8,77,92,15,1.4776286398092808,1.8794232556603243,0.7862138745804359,6427.0,17556.0,0.6792850340287865,0.4667239846193798,2.356852676494422,1.182823869543307,10622.26021146159
8,79,85,6,0.356856941974059,0.462638710983273,0.7713512369416949,5229.5,6017.0,0.4172642382801068,0.12130384790401529,2.333679028095071,2.017552083020251,5609.447521815317
8,79,86,7,0.5060521973046868,0.6607761117653258,0.7658451755356599,5229.5,6842.5,0.4172642382801068,0.07864681077893323,2.333679028095071,1.8827976171968568,5981.877109235863
8,79,87,8,0.6955546988046633,0.8584542295837411,0.8102408664722093,5229.5,7831.5,0.4172642382801068,0.04838954084515318,2.333679028095071,1.737341783546748,6399.596022406415
8,79,88,9,0.8226487750080212,1.0559980911745552,0.7790248693470776,5229.5,8916.5,0.4172642382801068,0.07522992698352556,2.333679028095071,1.6266930009053788,6828.531082890375
8,79,89,10,0.9913261523925957,1.2532215203606472,0.791022286393004,5229.5,10335.5,0.4172642382801068,0.1426003895693881,2.333679028095071,1.5004808538039591,7351.836318226896
8,79,90,11,1.1296852009107632,1.4516773509630556,0.7781930331566584,5229.5,12297.0,0.4172642382801068,0.2292140102611531,2.333679028095071,1.3813457591919511,8019.174614634601
8,79,91,12,1.2672886320746783,1.6502431001442552,0.7679405730973206,5229.5,14470.0,0.4172642382801068,0.33562093677949795,2.333679028095071,1.2847717798575204,8698.900217843633
8,79,92,13,1.4264555190744226,1.8467818230188526,0.772400670883071,5229.5,17556.0,0.4172642382801068,0.4667239846193798,2.333679028095071,1.182823869543307,9581.706632954278
8,81,84,3,0.1740058130861016,0.23090646145363924,0.7535770631565372,4769.0,5336.0,0.2186267668990871,0.1615836695648099,2.3016959011890568,2.1657999374166406,5044.540018673655
8,81,85,4,0.33027236274347266,0.42917091723841766,0.7695590485689788,4769.0,6017.0,0.2186267668990871,0.12130384790401529,2.3016959011890568,2.017552083020251,5356.778229495785
8,81,86,5,0.4835225728221005,0.6273061036957489,0.770792074193837,4769.0,6842.5,0.2186267668990871,0.07864681077893323,2.3016959011890568,1.8827976171968568,5712.432275309704
8,81,87,6,0.6609646980887641,0.8249845839130489,0.8011843020795502,4769.0,7831.5,0.2186267668990871,0.04838954084515318,2.3016959011890568,1.737341783546748,6111.335655975705
8,81,88,7,0.7933427642077358,1.0225294420434203,0.7758630036337355,4769.0,8916.5,0.2186267668990871,0.07522992698352556,2.3016959011890568,1.6266930009053788,6520.949969137932
8,81,89,8,0.9586469846143272,1.2197511157082446,0.785936550718129,4769.0,10335.5,0.2186267668990871,0.1426003895693881,2.3016959011890568,1.5004808538039591,7020.683691778173
8,81,90,9,1.096703980629439,1.4182076436797597,0.7733028273517624,4769.0,12297.0,0.2186267668990871,0.2292140102611531,2.3016959011890568,1.3813457591919511,7657.962718634768
8,81,91,10,1.233979692056203,1.6167742427961065,0.7632356202818489,4769.0,14470.0,0.2186267668990871,0.33562093677949795,2.3016959011890568,1.2847717798575204,8307.071084323283
8,81,92,11,1.3921712365427836,1.8133133476373455,0.7677499525146668,4769.0,17556.0,0.2186267668990871,0.4667239846193798,2.3016959011890568,1.182823869543307,9150.112786190124
8,82,85,3,0.3296809153854991,0.4119427865841115,0.8003075332845622,4721.5,6017.0,0.17286277060983377,0.12130384790401529,2.306224963579264,2.017552083020251,5330.034286944128
8,82,86,4,0.47744295205761256,0.6100811375620598,0.7825892699543513,4721.5,6842.5,0.17286277060983377,0.07864681077893323,2.306224963579264,1.8827976171968568,5683.912714847053
8,82,87,5,0.6685211479024028,0.8077506123313485,0.8276331056845647,4721.5,7831.5,0.17286277060983377,0.04838954084515318,2.306224963579264,1.737341783546748,6080.824553463124
8,82,88,6,0.794514111841921,1.0052909662553489,0.7903324893104734,4721.5,8916.5,0.17286277060983377,0.07522992698352556,2.306224963579264,1.6266930009053788,6488.393849790563
8,82,89,7,0.9635628429208637,1.2025126542589017,0.8012912292508882,4721.5,10335.5,0.17286277060983377,0.1426003895693881,2.306224963579264,1.5004808538039591,6985.632630621224
8,82,90,8,1.1017413818963704,1.4009684260573738,0.7864141413928274,4721.5,12297.0,0.17286277060983377,0.2292140102611531,2.306224963579264,1.3813457591919511,7619.730014902103
8,82,91,9,1.2393177283310963,1.5995350721217847,0.7747987211603559,4721.5,14470.0,0.17286277060983377,0.33562093677949795,2.306224963579264,1.2847717798575204,8265.597679538969
8,82,92,10,1.3985599156818813,1.7960723332319586,0.7786768326669952,4721.5,17556.0,0.17286277060983377,0.4667239846193798,2.306224963579264,1.182823869543307,9104.43045994641
8,83,86,3,0.42149878072881136,0.5938893739228394,0.7097260857601643,4793.0,6842.5,0.19863131685887797,0.07864681077893323,2.2916897475794578,1.8827976171968568,5726.788148692075
8,83,87,4,0.603476321087546,0.7915669536845896,0.7623819037397678,4793.0,7831.5,0.19863131685887797,0.04838954084515318,2.2916897475794578,1.737341783546748,6126.694010639017
8,83,88,5,0.729897856266503,0.989111787446756,0.7379326235213768,4793.0,8916.5,0.19863131685887797,0.07522992698352556,2.2916897475794578,1.6266930009053788,6537.337722651324
8,83,89,6,0.8967609742424705,1.1863327835368622,0.7559101347337974,4793.0,10335.5,0.19863131685887797,0.1426003895693881,2.2916897475794578,1.5004808538039591,7038.327322595902
8,83,90,7,1.037038259912973,1.3847895555031153,0.748877875191802,4793.0,12297.0,0.19863131685887797,0.2292140102611531,2.2916897475794578,1.3813457591919511,7677.207890893668
8,83,91,8,1.1740085212317501,1.583356563835,0.7414681872971302,4793.0,14470.0,0.19863131685887797,0.33562093677949795,2.2916897475794578,1.2847717798575204,8327.947526251592
8,83,92,9,1.3327718462677183,1.77989562773309,0.7487921344945168,4793.0,17556.0,0.19863131685887797,0.4667239846193798,2.2916897475794578,1.182823869543307,9173.10787029129
8,84,90,6,0.9715703430709974,1.1873029537306028,0.8183002830223273,5336.0,12297.0,0.1615836695648099,0.2292140102611531,2.1657999374166406,1.3813457591919511,8100.419248409306
8,84,91,7,1.1089155576909608,1.3858689286243004,0.8001590444716437,5336.0,14470.0,0.1615836695648099,0.33562093677949795,2.1657999374166406,1.2847717798575204,8787.031353079377
8,84,92,8,1.2679900757630738,1.5824079035589838,0.8013041851669505,5336.0,17556.0,0.1615836695648099,0.4667239846193798,2.1657999374166406,1.182823869543307,9678.781741520985
8,85,88,3,0.46657975233795435,0.5933608691793346,0.786333876352971,6017.0,8916.5,0.12130384790401529,0.07522992698352556,2.017552083020251,1.6266930009053788,7324.655657435372
8,85,89,4,0.6346267083104548,0.7905867695596389,0.8027287234568132,6017.0,10335.5,0.12130384790401529,0.1426003895693881,2.017552083020251,1.5004808538039591,7885.981454454481
8,85,90,5,0.7731741810678261,0.9890408336912259,0.7817414152479852,6017.0,12297.0,0.12130384790401529,0.2292140102611531,2.017552083020251,1.3813457591919511,8601.804985001694
8,85,91,6,0.910779908729418,1.1876051809868498,0.7669046273211763,6017.0,14470.0,0.12130384790401529,0.33562093677949795,2.017552083020251,1.2847717798575204,9330.915817860538
8,85,92,7,1.0698677523242053,1.3841443137645582,0.772945235323337,6017.0,17556.0,0.12130384790401529,0.4667239846193798,2.017552083020251,1.182823869543307,10277.862229082466
8,86,89,3,0.4874885027983388,0.5924592673495902,0.8228219721824155,6842.5,10335.5,0.07864681077893323,0.1426003895693881,1.8827976171968568,1.5004808538039591,8409.55758348797
8,86,90,4,0.6250803731710982,0.790910054304029,0.7903305436180671,6842.5,12297.0,0.07864681077893323,0.2292140102611531,1.8827976171968568,1.3813457591919511,9172.90698197687
8,86,91,5,0.7625170124085204,0.9894717516386855,0.7706304006614636,6842.5,14470.0,0.07864681077893323,0.33562093677949795,1.8827976171968568,1.2847717798575204,9950.425870283141
8,86,92,6,0.9218795516818092,1.1860114647171829,0.7772939630913612,6842.5,17556.0,0.07864681077893323,0.4667239846193798,1.8827976171968568,1.182823869543307,10960.243154237045
8,87,90,3,0.43703115832357436,0.5932246849095651,0.7367042697998957,7831.5,12297.0,0.04838954084515318,0.2292140102611531,1.737341783546748,1.3813457591919511,9813.45787681386
8,87,91,4,0.5742996039558208,0.7917896597027694,0.7253183934877447,7831.5,14470.0,0.04838954084515318,0.33562093677949795,1.737341783546748,1.2847717798575204,10645.271485500029
8,87,92,5,0.732844718471866,0.9883288459334234,0.741498865976874,7831.5,17556.0,0.04838954084515318,0.4667239846193798,1.737341783546748,1.182823869543307,11725.605059015079
8,88,91,3,0.44557464465873453,0.5942453449133321,0.7498159614926718,8916.5,14470.0,0.07522992698352556,0.33562093677949795,1.6266930009053788,1.2847717798575204,11358.774361699418
8,88,92,4,0.6049118407044503,0.7907840096626257,0.7649520391320576,8916.5,17556.0,0.07522992698352556,0.4667239846193798,1.6266930009053788,1.182823869543307,12511.517653746087
8,89,92,3,0.4361888940168813,0.59356905303894,0.7348578767435605,10335.5,17556.0,0.1426003895693881,0.4667239846193798,1.5004808538039591,1.182823869543307,13470.339193947568
11,90,93,3,0.47516354965748575,0.5937215086330353,0.8003138554833334,1397.5,2416.0,0.48884747770036197,0.43678459948829285,2.4939650618376406,2.038831356646239,1837.4874149228888
11,90,94,4,0.6220292460439487,0.7941593901097797,0.7832549155629366,1397.5,2904.5,0.48884747770036197,0.4174225494091004,2.4939650618376406,1.8971315854804436,2014.7056236582057
11,90,95,5,0.776252072246233,0.9941864765404131,0.780791220322618,1397.5,3673.5,0.48884747770036197,0.39858466801193443,2.4939650618376406,1.75844847170478,2265.7705642893325
11,90,96,6,0.8825679996243005,1.1339446603216399,0.7783166414611123,1397.5,4760.0,0.48884747770036197,0.5095992945675444,2.4939650618376406,1.6638131048761282,2579.166532040923
11,90,97,7,0.9917403966531647,1.2733423292098809,0.77884821222314,1397.5,6264.0,0.48884747770036197,0.6326028669239147,2.4939650618376406,1.5541146563398838,2958.705798148914
11,90,98,8,1.105527902033697,1.4135154095193898,0.7821123806563864,1397.5,8844.0,0.48884747770036197,0.7671011061199077,2.4939650618376406,1.4575330855868567,3515.6066332853566
11,90,129,39,2.9857911361272205,3.917156169204926,0.762234388202412,1397.5,28589.5,0.48884747770036197,0.48723719424626566,2.4939650618376406,0.9033105025095313,6320.903910834272
11,90,130,40,2.99001153707216,3.917155816614813,0.763311871432297,1397.5,28944.0,0.48884747770036197,0.5056855207367413,2.4939650618376406,0.9010447223266308,6359.971698050236
11,90,131,41,2.99001153707216,3.917156283365126,0.7633117804795676,1397.5,28944.0,0.48884747770036197,0.5056855207367413,2.4939650618376406,0.9010447223266308,6359.971698050236
11,90,132,42,2.9865331953397027,3.9169145636981386,0.7624708547433774,1397.5,29437.0,0.48884747770036197,0.5282041986250241,2.4939650618376406,0.9051603712361012,6413.907350437797
11,90,133,43,2.988738380826722,3.917155606155352,0.7629868918483271,1397.5,27896.5,0.48884747770036197,0.455999051957081,2.4939650618376406,0.900832398384512,6243.825650192356
11,90,134,44,2.9883857396027724,3.917156335876341,0.7628967249105759,1397.5,26661.0,0.48884747770036197,0.39383491972030354,2.4939650618376406,0.9021012919501366,6103.994388922716
11,90,135,45,2.9893719241360603,3.917156623845391,0.763148429128028,1397.5,25800.0,0.48884747770036197,0.3484321669463197,2.4939650618376406,0.9042590027133449,6004.623218820645
11,91,94,3,0.4460843021325103,0.5955909617892154,0.7489776218101564,1649.5,2904.5,0.4731890454928988,0.4174225494091004,2.3179099507163987,1.8971315854804436,2188.8290819522663
11,91,95,4,0.6011095988869113,0.795615855302676,0.7555274255541718,1649.5,3673.5,0.4731890454928988,0.39858466801193443,2.3179099507163987,1.75844847170478,2461.5926247045836
11,91,96,5,0.707748690267862,0.9353738485154018,0.7566479342897817,1649.5,4760.0,0.4731890454928988,0.5095992945675444,2.3179099507163987,1.6638131048761282,2802.074231707647
11,91,97,6,0.8160250072705445,1.0747725997544313,0.7592536388227551,1649.5,6264.0,0.4731890454928988,0.6326028669239147,2.3179099507163987,1.5541146563398838,3214.415654516385
11,91,98,7,0.9302059491345378,1.2149432269175544,0.7656373800235698,1649.5,8844.0,0.4731890454928988,0.7671011061199077,2.3179099507163987,1.4575330855868567,3819.447342221123
11,91,129,38,2.8105756877272343,3.71858564550729,0.7558184631629791,1649.5,28589.5,0.4731890454928988,0.48723719424626566,2.3179099507163987,0.9033105025095313,6867.195952497642
11,91,130,39,2.81475129318929,3.718585292961889,0.7569414364427052,1649.5,28944.0,0.4731890454928988,0.5056855207367413,2.3179099507163987,0.9010447223266308,6909.640222182339
11,91,131,40,2.81475129318929,3.7185857596161838,0.7569413414522989,1649.5,28944.0,0.4731890454928988,0.5056855207367413,2.3179099507163987,0.9010447223266308,6909.640222182339
11,91,132,41,2.811350853114254,3.718344059214886,0.7560760403941371,1649.5,29437.0,0.4731890454928988,0.5282041986250241,2.3179099507163987,0.9051603712361012,6968.237330918057
11,91,133,42,2.813475310307663,3.718585082461101,0.756598342627029,1649.5,27896.5,0.4731890454928988,0.455999051957081,2.3179099507163987,0.900832398384512,6783.456106587556
11,91,134,43,2.813141910722071,3.718585812144678,0.7565085365341088,1649.5,26661.0,0.4731890454928988,0.39383491972030354,2.3179099507163987,0.9021012919501366,6631.539753330293
11,91,135,44,2.814147202228996,3.7185861001765312,0.7567788203412584,1649.5,25800.0,0.4731890454928988,0.3484321669463197,2.3179099507163987,0.9042590027133449,6523.580305323144
11,91,136,45,2.8125742912912752,3.719482085998889,0.756173635538815,1649.5,25604.5,0.4731890454928988,0.3273831606313696,2.3179099507163987,0.9023030523210009,6498.817026967293
11,92,95,3,0.4522016702580891,0.5990793551445109,0.7548276641063825,1990.0,3673.5,0.4553960851820201,0.39858466801193443,2.1793162615615147,1.75844847170478,2703.7501733703134
11,92,96,4,0.5586669733377558,0.7388377377638501,0.7561429861834141,1990.0,4760.0,0.4553960851820201,0.5095992945675444,2.1793162615615147,1.6638131048761282,3077.726433586975
11,92,97,5,0.6673436585747077,0.8782374151339688,0.7598670326211383,1990.0,6264.0,0.4553960851820201,0.6326028669239147,2.1793162615615147,1.5541146563398838,3530.6316715284815
11,92,98,6,0.7813184226734995,1.0184070296545804,0.767196611887591,1990.0,8844.0,0.4553960851820201,0.7671011061199077,2.1793162615615147,1.4575330855868567,4195.182951910441
11,92,129,37,2.6616935974324485,3.5220481659299687,0.7557232246793109,1990.0,28589.5,0.4553960851820201,0.48723719424626566,2.1793162615615147,0.9033105025095313,7542.75181879929
11,92,130,38,2.66588096811158,3.5220478132862447,0.7569122026268522,1990.0,28944.0,0.4553960851820201,0.5056855207367413,2.1793162615615147,0.9010447223266308,7589.371515481371
11,92,131,39,2.66588096811158,3.522048280066626,0.7569121023125639,1990.0,28944.0,0.4553960851820201,0.5056855207367413,2.1793162615615147,0.9010447223266308,7589.371515481371
11,92,132,40,2.6624498437166806,3.521806504916306,0.7559898137504157,1990.0,29437.0,0.4553960851820201,0.5282041986250241,2.1793162615615147,0.9051603712361012,7653.733076087773
11,92,133,41,2.664609731937558,3.52204760272033,0.7565513111973526,1990.0,27896.5,0.4553960851820201,0.455999051957081,2.1793162615615147,0.900832398384512,7450.774120854826
11,92,134,42,2.6642682518262752,3.522048332591385,0.7564541994419512,1990.0,26661.0,0.4553960851820201,0.39383491972030354,2.1793162615615147,0.9021012919501366,7283.913096680932
11,92,135,43,2.6652657589720516,3.522048620722472,0.7567373554387021,1990.0,25800.0,0.4553960851820201,0.3484321669463197,2.1793162615615147,0.9042590027133449,7165.333209279244
11,92,136,44,2.663690170863358,3.522944556361181,0.7560976700736558,1990.0,25604.5,0.4553960851820201,0.3273831606313696,2.1793162615615147,0.9023030523210009,7138.133859770353
11,92,137,45,2.662731610790125,3.522391326610215,0.7559442900833547,1990.0,25760.0,0.4553960851820201,0.33840068300048226,2.1793162615615147,0.9039874137378077,7159.776532825588
11,93,96,3,0.40814350276752,0.5402289250774688,0.7555010178490391,2416.0,4760.0,0.43678459948829285,0.5095992945675444,2.038831356646239,1.6638131048761282,3391.188582193565
11,93,97,4,0.51705714151108,0.679630043307034,0.7607920612148261,2416.0,6264.0,0.43678459948829285,0.6326028669239147,2.038831356646239,1.5541146563398838,3890.221587519148
11,93,98,5,0.6308933952123247,0.8197960112272913,0.7695736336504415,2416.0,8844.0,0.43678459948829285,0.7671011061199077,2.038831356646239,1.4575330855868567,4622.456489789817
11,93,129,36,2.511213031741014,3.3234385423243804,0.7556068811745489,2416.0,28589.5,0.43678459948829285,0.48723719424626566,2.038831356646239,0.9033105025095313,8310.970581105434
11,93,130,37,2.5154474771214383,3.3234381897372733,0.7568810772197003,2416.0,28944.0,0.43678459948829285,0.5056855207367413,2.038831356646239,0.9010447223266308,8362.338428932424
11,93,131,38,2.5154474771214383,3.3234386564126286,0.7568809709388924,2416.0,28944.0,0.43678459948829285,0.5056855207367413,2.038831356646239,0.9010447223266308,8362.338428932424
11,93,132,39,2.511990135590904,3.3231969124035876,0.7558956636650346,2416.0,29437.0,0.43678459948829285,0.5282041986250241,2.038831356646239,0.9051603712361012,8433.255124802048
11,93,133,40,2.514156907577343,3.323437979149394,0.7564928015358421,2416.0,27896.5,0.43678459948829285,0.455999051957081,2.038831356646239,0.900832398384512,8209.62508279154
11,93,134,41,2.5138108601314233,3.3234387089525943,0.7563885121033777,2416.0,26661.0,0.43678459948829285,0.39383491972030354,2.038831356646239,0.9021012919501366,8025.769495817831
11,93,135,42,2.5148033352237125,3.323438997117017,0.7566870754676793,2416.0,25800.0,0.43678459948829285,0.3484321669463197,2.038831356646239,0.9042590027133449,7895.112412119285
11,93,136,43,2.5132466413231476,3.3243350140072456,0.756014851311153,2416.0,25604.5,0.43678459948829285,0.3273831606313696,2.038831356646239,0.9023030523210009,7865.142846763814
11,93,137,44,2.512306716060046,3.3237817847800075,0.755857898844081,2416.0,25760.0,0.43678459948829285,0.33840068300048226,2.038831356646239,0.9039874137378077,7888.989795911768
11,93,138,45,2.513661826509987,3.323201776676629,0.7563975934749821,2416.0,26496.0,0.43678459948829285,0.38131490545435237,2.038831356646239,0.9018249030557861,8000.895949829619
11,94,97,3,0.3703587158902453,0.4791856027840372,0.7728919937044962,2904.5,6264.0,0.4174225494091004,0.6326028669239147,1.8971315854804436,1.5541146563398838,4265.417681775139
11,94,98,4,0.48446256388952597,0.6193589145033762,0.7822000338494928,2904.5,8844.0,0.4174225494091004,0.7671011061199077,1.8971315854804436,1.4575330855868567,5068.273670590411
11,94,129,35,2.3647000588720113,3.1229968578645892,0.7571893813844314,2904.5,28589.5,0.4174225494091004,0.48723719424626566,1.8971315854804436,0.9033105025095313,9112.529986233241
11,94,130,36,2.36890901667925,3.122996505289766,0.7585371974213757,2904.5,28944.0,0.4174225494091004,0.5056855207367413,1.8971315854804436,0.9010447223266308,9168.852054646753
11,94,131,37,2.36890901667925,3.122996972033774,0.7585370840550502,2904.5,28944.0,0.4174225494091004,0.5056855207367413,1.8971315854804436,0.9010447223266308,9168.852054646753
11,94,132,38,2.3654923580763687,3.122755272955602,0.7575016776250594,2904.5,29437.0,0.4174225494091004,0.5282041986250241,1.8971315854804436,0.9051603712361012,9246.6083782109
11,94,133,39,2.3676182546076623,3.1229962948648415,0.7581239396603668,2904.5,27896.5,0.4174225494091004,0.455999051957081,1.8971315854804436,0.900832398384512,9001.410125641427
11,94,134,40,2.3672820509578254,3.12299702454021,0.7580161083587179,2904.5,26661.0,0.4174225494091004,0.39383491972030354,1.8971315854804436,0.9021012919501366,8799.822412980844
11,94,135,41,2.3682843720983096,3.1229973124567407,0.7583369869233965,2904.5,25800.0,0.4174225494091004,0.3484321669463197,1.8971315854804436,0.9042590027133449,8656.563983475198
11,94,136,42,2.366725550942126,3.1238932013862857,0.7576205069660664,2904.5,25604.5,0.4174225494091004,0.3273831606313696,1.8971315854804436,0.9023030523210009,8623.703975090983
11,94,137,43,2.365807531864815,3.123339959873811,0.7574607830908032,2904.5,25760.0,0.4174225494091004,0.33840068300048226,1.8971315854804436,0.9039874137378077,8649.850865766415
11,94,138,44,2.367132816289199,3.1227602828331817,0.758025785489232,2904.5,26496.0,0.4174225494091004,0.38131490545435237,1.8971315854804436,0.9018249030557861,8772.549914363553
11,95,98,3,0.32945866194591666,0.41933031119846204,0.7856781471492276,3673.5,8844.0,0.39858466801193443,0.7671011061199077,1.75844847170478,1.4575330855868567,5699.862629923637
11,95,129,34,2.2097443091743516,2.922970225023228,0.7559927536233426,3673.5,28589.5,0.39858466801193443,0.48723719424626566,1.75844847170478,0.9033105025095313,10248.0987626974
11,95,130,35,2.213979573476641,2.922969872532728,0.7574418040642502,3673.5,28944.0,0.39858466801193443,0.5056855207367413,1.75844847170478,0.9010447223266308,10311.439472740942
11,95,131,36,2.213979573476641,2.9229703391493036,0.7574416831479015,3673.5,28944.0,0.39858466801193443,0.5056855207367413,1.75844847170478,0.9010447223266308,10311.439472740942
11,95,132,37,2.2105151594328087,2.9227286981194442,0.7563189703016598,3673.5,29437.0,0.39858466801193443,0.5282041986250241,1.75844847170478,0.9051603712361012,10398.885493167045
11,95,133,38,2.2126911564734053,2.9229696621282595,0.7570010681747242,3673.5,27896.5,0.39858466801193443,0.455999051957081,1.75844847170478,0.900832398384512,10123.131568343859
11,95,134,39,2.2123428965335563,2.9229703916667193,0.7568817333356725,3673.5,26661.0,0.39858466801193443,0.39383491972030354,1.75844847170478,0.9021012919501366,9896.422762796667
11,95,135,40,2.2133334665627604,2.9229706795520096,0.7572205503279246,3673.5,25800.0,0.39858466801193443,0.3484321669463197,1.75844847170478,0.9042590027133449,9735.31201348986
11,95,136,41,2.2117750347671694,2.9238666432291707,0.7564555106810362,3673.5,25604.5,0.39858466801193443,0.3273831606313696,1.75844847170478,0.9023030523210009,9698.357116027435
11,95,137,42,2.2108282430787254,2.9233133985134554,0.7562747956489926,3673.5,25760.0,0.39858466801193443,0.33840068300048226,1.75844847170478,0.9039874137378077,9727.762332623059
11,95,138,43,2.2121933731104493,2.9227336022900547,0.7568918944159417,3673.5,26496.0,0.39858466801193443,0.38131490545435237,1.75844847170478,0.9018249030557861,9865.751669285011
11,96,129,33,2.1032808349512164,2.7832124960493,0.7557025695798544,4760.0,28589.5,0.5095992945675444,0.48723719424626566,1.6638131048761282,0.9033105025095313,11665.59128377126
11,96,130,34,2.1075282958333417,2.783212143620563,0.7572287655700393,4760.0,28944.0,0.5095992945675444,0.5056855207367413,1.6638131048761282,0.9010447223266308,11737.693129401536
11,96,131,35,2.1075282958333417,2.7832126101642194,0.7572286386374881,4760.0,28944.0,0.5095992945675444,0.5056855207367413,1.6638131048761282,0.9010447223266308,11737.693129401536
11,96,132,36,2.1040372060026034,2.782971020050191,0.7560399266984307,4760.0,29437.0,0.5095992945675444,0.5282041986250241,1.6638131048761282,0.9051603712361012,11837.234474318737
11,96,133,37,2.1062427479928636,2.7832119332685274,0.756766929178602,4760.0,27896.5,0.5095992945675444,0.455999051957081,1.6638131048761282,0.900832398384512,11523.338925849574
11,96,134,38,2.1058875580079173,2.7832126626814477,0.7566391121471218,4760.0,26661.0,0.5095992945675444,0.39383491972030354,1.6638131048761282,0.9021012919501366,11265.272300304152
11,96,135,39,2.1068714158159114,2.783212950486891,0.7569925310412695,4760.0,25800.0,0.5095992945675444,0.3484321669463197,1.6638131048761282,0.9042590027133449,11081.877097315239
11,96,136,40,2.1053118274034586,2.7841089362660516,0.7561887395925779,4760.0,25604.5,0.5095992945675444,0.3273831606313696,1.6638131048761282,0.9023030523210009,11039.810686782632
11,96,137,41,2.104346440846066,2.783555686477005,0.7559922192573136,4760.0,25760.0,0.5095992945675444,0.33840068300048226,1.6638131048761282,0.9039874137378077,11073.283162639706
11,96,138,42,2.105737529279222,2.7829758845379104,0.7566495782369533,4760.0,26496.0,0.5095992945675444,0.38131490545435237,1.6638131048761282,0.9018249030557861,11230.358854462309
11,97,129,32,1.994573364909555,2.6438168357695937,0.7544294816206323,6264.0,28589.5,0.6326028669239147,0.48723719424626566,1.5541146563398838,0.9033105025095313,13382.25048338283
11,97,130,33,1.998738452059838,2.643816483506131,0.7560049892000014,6264.0,28944.0,0.6326028669239147,0.5056855207367413,1.5541146563398838,0.9010447223266308,13464.962532439517
11,97,131,34,1.998738452059838,2.6438169499038353,0.7560048558326018,6264.0,28944.0,0.6326028669239147,0.5056855207367413,1.5541146563398838,0.9010447223266308,13464.962532439517
11,97,132,35,1.9953555561041227,2.6435755147056614,0.7547942341742743,6264.0,29437.0,0.6326028669239147,0.5282041986250241,1.5541146563398838,0.9051603712361012,13579.151961738995
11,97,133,36,1.9974617080812396,2.6438162733846036,0.7555221322259646,6264.0,27896.5,0.6326028669239147,0.455999051957081,1.5541146563398838,0.900832398384512,13219.064868590365
11,97,134,37,1.9971319574016582,2.643817002400738,0.7553971986669831,6264.0,26661.0,0.6326028669239147,0.39383491972030354,1.5541146563398838,0.9021012919501366,12923.022247137083
11,97,135,38,1.9981414248748468,2.643817289855297,0.7557789384848944,6264.0,25800.0,0.6326028669239147,0.3484321669463197,1.5541146563398838,0.9042590027133449,12712.639379766893
11,97,136,39,1.9965677892711116,2.6447132553535666,0.7549278868813301,6264.0,25604.5,0.6326028669239147,0.3273831606313696,1.5541146563398838,0.9023030523210009,12664.382653726158
11,97,137,40,1.9956447729224642,2.644159985446939,0.754736772323231,6264.0,25760.0,0.6326028669239147,0.33840068300048226,1.5541146563398838,0.9039874137378077,12702.7807979198
11,97,138,41,1.9969793394975242,2.643580364250692,0.7554070859743115,6264.0,26496.0,0.6326028669239147,0.38131490545435237,1.5541146563398838,0.9018249030557861,12882.971085894744
11,98,129,31,1.8804041924094381,2.5036432027733855,0.7510671609782253,8844.0,28589.5,0.7671011061199077,0.48723719424626566,1.4575330855868567,0.9033105025095313,15901.11750789862
11,98,130,32,1.88460697855382,2.503642850309498,0.752745935116443,8844.0,28944.0,0.7671011061199077,0.5056855207367413,1.4575330855868567,0.9010447223266308,15999.39798867445
11,98,131,33,1.88460697855382,2.50364331682226,0.7527457948546163,8844.0,28944.0,0.7671011061199077,0.5056855207367413,1.4575330855868567,0.9010447223266308,15999.39798867445
11,98,132,34,1.8811732564985317,2.503401670776468,0.7514468327070571,8844.0,29437.0,0.7671011061199077,0.5282041986250241,1.4575330855868567,0.9051603712361012,16135.080662953005
11,98,133,35,1.8833266104549864,2.5036426397948452,0.7522345963117607,8844.0,27896.5,0.7671011061199077,0.455999051957081,1.4575330855868567,0.900832398384512,15707.216367007873
11,98,134,36,1.8829846567067128,2.5036433693687434,0.7520977946557458,8844.0,26661.0,0.7671011061199077,0.39383491972030354,1.4575330855868567,0.9021012919501366,15355.451279594488
11,98,135,37,1.883982061488698,2.503643657421638,0.7524960894111047,8844.0,25800.0,0.7671011061199077,0.3484321669463197,1.4575330855868567,0.9042590027133449,15105.469208204027
11,98,136,38,1.8824143622884855,2.5045397472958166,0.7516009136293214,8844.0,25604.5,0.7671011061199077,0.3273831606313696,1.4575330855868567,0.9023030523210009,15048.129385408673
11,98,137,39,1.8814709049351783,2.5039865102853684,0.7513901920824466,8844.0,25760.0,0.7671011061199077,0.33840068300048226,1.4575330855868567,0.9039874137378077,15093.754999999172
11,98,138,40,1.8828330932483874,2.5034064235509956,0.7521084373418095,8844.0,26496.0,0.7671011061199077,0.38131490545435237,1.4575330855868567,0.9018249030557861,15307.861509694945
12,92,95,3,0.46618893091440333,0.5990793551445109,0.7781755904473597,2167.0,3669.0,0.2657161324729453,0.29492689143379447,2.4627545692714143,2.08516199031826,2819.7026438970474
12,92,96,4,0.570490912187456,0.7388377377638501,0.7721464173095586,2167.0,3994.0,0.2657161324729453,0.2117043053601222,2.4627545692714143,2.004709028919796,2941.9377967591363
12,92,97,5,0.6807994122522634,0.8782374151339688,0.775188349437848,2167.0,4427.5,0.2657161324729453,0.1362628114467876,2.4627545692714143,1.9190311821322776,3097.481638363656
12,92,98,6,0.7864676748010718,1.0184070296545804,0.7722527947080482,2167.0,4945.0,0.2657161324729453,0.07725723559979514,2.4627545692714143,1.8430293740557886,3273.501947456271
12,92,99,7,0.895183122692527,1.1598971064091192,0.7717780462992014,2167.0,5595.0,0.2657161324729453,0.06668916920548273,2.4627545692714143,1.7719927070448394,3482.005887416045
12,92,100,8,0.9959811296939048,1.2976013953282597,0.767555532291908,2167.0,6386.0,0.2657161324729453,0.11060261156708706,2.4627545692714143,1.6891124389280137,3720.0083333239995
12,92,101,9,1.109141588647117,1.436722668064592,0.771994215237963,2167.0,7377.0,0.2657161324729453,0.16461052405323334,2.4627545692714143,1.620744596791985,3998.24448977298
12,92,102,10,1.2043966534435868,1.5744902890577657,0.7649438436132516,2167.0,8482.5,0.2657161324729453,0.21750653363425776,2.4627545692714143,1.5525507671081018,4287.374196405068
12,92,103,11,1.3128790786668827,1.7134976448253176,0.7661983561119654,2167.0,9708.5,0.2657161324729453,0.2660502900994806,2.4627545692714143,1.495348494780153,4586.75478960888
12,92,104,12,1.5370285936156478,1.8561890619252779,0.8280560558962726,2167.0,12523.5,0.2657161324729453,0.3436690624973452,2.4627545692714143,1.3950192102267345,5209.455297821452
12,92,105,13,1.6102318756864142,1.9951720325926767,0.8070641776157806,2167.0,13964.0,0.2657161324729453,0.3718868053508557,2.4627545692714143,1.3471323368016728,5500.9079250610985
12,92,106,14,1.6102318756864142,2.139213585338943,0.7527214144123363,2167.0,13964.0,0.2657161324729453,0.3718868053508557,2.4627545692714143,1.3471323368016728,5500.9079250610985
12,92,107,15,1.7155749495364163,2.283656370910523,0.7512404105055415,2167.0,15309.5,0.2657161324729453,0.3920305942555303,2.4627545692714143,1.3094533685491392,5759.833895174409
12,92,108,16,1.8326624127760618,2.4158379411302233,0.7586032082593548,2167.0,16336.0,0.2657161324729453,0.4041887332479342,2.4627545692714143,1.2867268524960043,5949.799324346998
12,92,109,17,1.938851360632022,2.55451988378012,0.7589885570837499,2167.0,17150.0,0.2657161324729453,0.40992191845336423,2.4627545692714143,1.267378587746305,6096.232443074985
12,92,110,18,2.021546213802479,2.6947957951479404,0.7501667538009125,2167.0,17487.0,0.2657161324729453,0.40854791213926567,2.4627545692714143,1.2623476053754792,6155.83698614575
12,92,111,19,2.1640234092916524,2.832481040358729,0.764002787117538,2167.0,17522.0,0.2657161324729453,0.4017063590326152,2.4627545692714143,1.258904875284309,6161.994320023347
12,92,112,20,2.263498299816925,2.970320278284708,0.7620384631128208,2167.0,17134.0,0.2657161324729453,0.39305464718671645,2.4627545692714143,1.2645470360732705,6093.38805591766
12,92,113,21,2.349773116262846,3.113207728026171,0.7547755631946359,2167.0,16345.5,0.2657161324729453,0.3837700074042864,2.4627545692714143,1.2847145075075797,5951.529089234127
12,92,114,22,2.4623555796986563,3.2515811832161026,0.7572794406637474,2167.0,15369.0,0.2657161324729453,0.37666805692980654,2.4627545692714143,1.308844234300202,5771.015768476118
12,92,115,23,2.5842084543293047,3.3902663181256165,0.7622434970707673,2167.0,14306.0,0.2657161324729453,0.37642964376657617,2.4627545692714143,1.338793984804321,5567.863324471965
12,92,116,24,2.5819177020052693,3.4064845343754264,0.7579420003087317,2167.0,15205.5,0.2657161324729453,0.4773779401064703,2.4627545692714143,1.345114321760649,5740.236798251445
12,92,117,25,2.5738906061238116,3.408005035890674,0.7552484749926819,2167.0,16618.0,0.2657161324729453,0.5872416803770887,2.4627545692714143,1.3537817755887382,6000.93376067425
12,92,118,26,2.6126237471585103,3.425443376639583,0.7627111179171023,2167.0,18421.0,0.2657161324729453,0.7068951223631207,2.4627545692714143,1.3509846571769346,6318.0936207055365
12,93,96,3,0.41787146801101727,0.5402289250774688,0.7735081344470671,2557.5,3994.0,0.2662018631343548,0.2117043053601222,2.3349764361366936,2.004709028919796,3196.037390269394
12,93,97,4,0.5283451235421069,0.679630043307034,0.7774010709874083,2557.5,4427.5,0.2662018631343548,0.1362628114467876,2.3349764361366936,1.9190311821322776,3365.0157874815386
12,93,98,5,0.6340863017832266,0.8197960112272913,0.7734683910378577,2557.5,4945.0,0.2662018631343548,0.07725723559979514,2.3349764361366936,1.8430293740557886,3556.239235484587
12,93,99,6,0.7427519330264957,0.9612886756075217,0.7726627306382094,2557.5,5595.0,0.2662018631343548,0.06668916920548273,2.3349764361366936,1.7719927070448394,3782.751974422854
12,93,100,7,0.8437972285184915,1.0989935017132773,0.7677909170555174,2557.5,6386.0,0.2662018631343548,0.11060261156708706,2.3349764361366936,1.6891124389280137,4041.3110496471313
12,93,101,8,0.956785859394249,1.2381159091423626,0.7727756765980096,2557.5,7377.0,0.2662018631343548,0.16461052405323334,2.3349764361366936,1.620744596791985,4343.57888152155
12,93,102,9,1.0519373987822438,1.3758806730135504,0.7645556910674649,2557.5,8482.5,0.2662018631343548,0.21750653363425776,2.3349764361366936,1.5525507671081018,4657.681155897213
12,93,103,10,1.1605171331965303,1.514889314274606,0.7660738789699865,2557.5,9708.5,0.2662018631343548,0.2660502900994806,2.3349764361366936,1.495348494780153,4982.919701339768
12,93,104,11,1.3846975184511272,1.6575808114540016,0.8353725555235489,2557.5,12523.5,0.2662018631343548,0.3436690624973452,2.3349764361366936,1.3950192102267345,5659.403789269679
12,93,105,12,1.45782853531752,1.7965643857955733,0.8114535425747902,2557.5,13964.0,0.2662018631343548,0.3718868053508557,2.3349764361366936,1.3471323368016728,5976.029618400498
12,93,106,13,1.45782853531752,1.9406045195959774,0.7512239204827944,2557.5,13964.0,0.2662018631343548,0.3718868053508557,2.3349764361366936,1.3471323368016728,5976.029618400498
12,93,107,14,1.5633401481489198,2.085046832399775,0.7497865869754113,2557.5,15309.5,0.2662018631343548,0.3920305942555303,2.3349764361366936,1.3094533685491392,6257.319414094185
12,93,108,15,1.6804798343788538,2.21722984741568,0.7579186417400786,2557.5,16336.0,0.2662018631343548,0.4041887332479342,2.3349764361366936,1.2867268524960043,6463.69244317828
12,93,109,16,1.7866739445042374,2.3559110061812234,0.758379217133638,2557.5,17150.0,0.2662018631343548,0.40992191845336423,2.3349764361366936,1.267378587746305,6622.7732106724
12,93,110,17,1.8691843554039398,2.4961876097706144,0.7488156531534532,2557.5,17487.0,0.2662018631343548,0.40854791213926567,2.3349764361366936,1.2623476053754792,6687.525887800361
12,93,111,18,2.011689770706939,2.633872413373494,0.7637764686294519,2557.5,17522.0,0.2662018631343548,0.4017063590326152,2.3349764361366936,1.258904875284309,6694.215039868379
12,93,112,19,2.1112182971265137,2.7717121048835813,0.7617018713475618,2557.5,17134.0,0.2662018631343548,0.39305464718671645,2.3349764361366936,1.2645470360732705,6619.683149517052
12,93,113,20,2.197466824617601,2.914598145947583,0.7539519050586538,2557.5,16345.5,0.2662018631343548,0.3837700074042864,2.3349764361366936,1.2847145075075797,6465.571610461058
12,93,114,21,2.310059316654049,3.052971500129086,0.7566593125931163,2557.5,15369.0,0.2662018631343548,0.37666805692980654,2.3349764361366936,1.308844234300202,6269.467082615555
12,93,115,22,2.4318712077766365,3.1916562867293954,0.7619464595508378,2557.5,14306.0,0.2662018631343548,0.37642964376657617,2.3349764361366936,1.338793984804321,6048.768056389665
12,93,116,23,2.4296442840260695,3.207873443156823,0.7574002924613793,2557.5,15205.5,0.2662018631343548,0.4773779401064703,2.3349764361366936,1.345114321760649,6236.029686427094
12,93,117,24,2.4214680595252314,3.2093959311844924,0.754493403570665,2557.5,16618.0,0.2662018631343548,0.5872416803770887,2.3349764361366936,1.3537817755887382,6519.243437700421
12,93,118,25,2.460330201148682,3.226834063734263,0.7624594734510326,2557.5,18421.0,0.2662018631343548,0.7068951223631207,2.3349764361366936,1.3509846571769346,6863.796871994392
12,94,97,3,0.3760348080170951,0.4791856027840372,0.7847372830743605,3031.0,4427.5,0.27570426746949384,0.1362628114467876,2.213329394241286,1.9190311821322776,3663.298035923367
12,94,98,4,0.48167899888472976,0.6193589145033762,0.7777057657609674,3031.0,4945.0,0.27570426746949384,0.07725723559979514,2.213329394241286,1.8430293740557886,3871.471942297916
12,94,99,5,0.5903449416584208,0.760857225195309,0.7758945070238134,3031.0,5595.0,0.27570426746949384,0.06668916920548273,2.213329394241286,1.7719927070448394,4118.063258377656
12,94,100,6,0.6914134769457625,0.898567554841992,0.7694618765389806,3031.0,6386.0,0.27570426746949384,0.11060261156708706,2.213329394241286,1.6891124389280137,4399.541567027183
12,94,101,7,0.8044601687468039,1.0376695728659584,0.7752565843527153,3031.0,7377.0,0.27570426746949384,0.16461052405323334,2.213329394241286,1.620744596791985,4728.603070675313
12,94,102,8,0.8998894376476565,1.175438579950773,0.7655775920553362,3031.0,8482.5,0.27570426746949384,0.21750653363425776,2.213329394241286,1.5525507671081018,5070.548047302185
12,94,103,9,1.0082931580637704,1.31444532488772,0.7670864196271525,3031.0,9708.5,0.27570426746949384,0.2660502900994806,2.213329394241286,1.495348494780153,5424.616438053477
12,94,105,11,1.305759685129273,1.596118880581155,0.8180842298249359,3031.0,13964.0,0.27570426746949384,0.3718868053508557,2.213329394241286,1.3471323368016728,6505.757757555994
12,94,106,12,1.305759685129273,1.740165735143631,0.750365128308596,3031.0,13964.0,0.27570426746949384,0.3718868053508557,2.213329394241286,1.3471323368016728,6505.757757555994
12,94,107,13,1.4111273257931958,1.8846043366000507,0.7487658276001644,3031.0,15309.5,0.27570426746949384,0.3920305942555303,2.213329394241286,1.3094533685491392,6811.981686704685
12,94,108,14,1.5281538696431154,2.0167849293093436,0.7577178148422787,3031.0,16336.0,0.27570426746949384,0.4041887332479342,2.213329394241286,1.2867268524960043,7036.648065663083
12,94,109,15,1.6343419081511827,2.155467647581937,0.7582307765020887,3031.0,17150.0,0.27570426746949384,0.40992191845336423,2.213329394241286,1.267378587746305,7209.830095085459
12,94,110,16,1.716957073669627,2.2957430769788414,0.7478872923049878,3031.0,17487.0,0.27570426746949384,0.40854791213926567,2.213329394241286,1.2623476053754792,7280.322589006616
12,94,111,17,1.8594400552749264,2.4334313868843647,0.7641226563020763,3031.0,17522.0,0.27570426746949384,0.4017063590326152,2.213329394241286,1.258904875284309,7287.604681923958
12,94,112,18,1.9589368784812202,2.571268863781658,0.7618561038382198,3031.0,17134.0,0.27570426746949384,0.39305464718671645,2.213329394241286,1.2645470360732705,7206.46612425258
12,94,113,19,2.045162709862891,2.7141555083242426,0.7535171450531967,3031.0,16345.5,0.27570426746949384,0.3837700074042864,2.213329394241286,1.2847145075075797,7038.693806381977
12,94,114,20,2.157752595235301,2.8525297206435996,0.7564347461902903,3031.0,15369.0,0.27570426746949384,0.37666805692980654,2.213329394241286,1.308844234300202,6825.206150732738
12,94,115,21,2.279635415517174,2.9912153386261706,0.7621100982198704,3031.0,14306.0,0.27570426746949384,0.37642964376657617,2.213329394241286,1.338793984804321,6584.943887384311
12,94,116,22,2.2773220088752666,3.0074343081446924,0.7572308404901329,3031.0,15205.5,0.27570426746949384,0.4773779401064703,2.213329394241286,1.345114321760649,6788.804791714076
12,94,117,23,2.269212264993644,3.0089531423206317,0.7541534074018619,3031.0,16618.0,0.27570426746949384,0.5872416803770887,2.213329394241286,1.3537817755887382,7097.12322000964
12,94,118,24,2.3080484795130136,3.026391733839585,0.7626403593776643,3031.0,18421.0,0.27570426746949384,0.7068951223631207,2.213329394241286,1.3509846571769346,7472.218612968975
12,95,98,3,0.32035861541322513,0.41933031119846204,0.7639767669015578,3669.0,4945.0,0.29492689143379447,0.07725723559979514,2.08516199031826,1.8430293740557886,4259.484123693854
12,95,99,4,0.4290253285485178,0.5608378234122873,0.7649721731287897,3669.0,5595.0,0.29492689143379447,0.06668916920548273,2.08516199031826,1.7719927070448394,4530.789666272315
12,95,100,5,0.5301636875579013,0.698550657952316,0.7589480899094523,3669.0,6386.0,0.29492689143379447,0.11060261156708706,2.08516199031826,1.6891124389280137,4840.478695335824
12,95,101,6,0.643161219109242,0.8376447131152898,0.7678210212982268,3669.0,7377.0,0.29492689143379447,0.16461052405323334,2.08516199031826,1.620744596791985,5202.51987021674
12,95,102,7,0.7387082834277888,0.9754110545944306,0.7573302352359937,3669.0,8482.5,0.29492689143379447,0.21750653363425776,2.08516199031826,1.5525507671081018,5578.735743876026
12,95,103,8,0.8470328669224135,1.114418883862732,0.7600668646124148,3669.0,9708.5,0.29492689143379447,0.2660502900994806,2.08516199031826,1.495348494780153,5968.290081757085
12,95,105,10,1.1445538264577868,1.3960933633135315,0.8198261352244144,3669.0,13964.0,0.29492689143379447,0.3718868053508557,2.08516199031826,1.3471323368016728,7157.787088199816
12,95,106,11,1.1445538264577868,1.5401406655214582,0.7431488902802691,3669.0,13964.0,0.29492689143379447,0.3718868053508557,2.08516199031826,1.3471323368016728,7157.787088199816
12,95,107,12,1.2498999609106833,1.6845772386566662,0.7419665493684291,3669.0,15309.5,0.29492689143379447,0.3920305942555303,2.08516199031826,1.3094533685491392,7494.701828625339
12,95,108,13,1.3668898614536633,1.8167589904855965,0.752378201298077,3669.0,16336.0,0.29492689143379447,0.4041887332479342,2.08516199031826,1.2867268524960043,7741.885041771157
12,95,109,14,1.4730749519504025,1.9554413797072117,0.7533209469930344,3669.0,17150.0,0.29492689143379447,0.40992191845336423,2.08516199031826,1.267378587746305,7932.423967489382
12,95,110,15,1.5556749550745774,2.095717008617634,0.7423115567023639,3669.0,17487.0,0.29492689143379447,0.40854791213926567,2.08516199031826,1.2623476053754792,8009.9814606527025
12,95,111,16,1.6981541489039784,2.233406254984233,0.7603427030412642,3669.0,17522.0,0.29492689143379447,0.4017063590326152,2.08516199031826,1.258904875284309,8017.993389870062
12,95,112,17,1.7976521427828112,2.371243714271501,0.7581051799793975,3669.0,17134.0,0.29492689143379447,0.39305464718671645,2.08516199031826,1.2645470360732705,7928.72284797495
12,95,113,18,1.883861029056295,2.514128373406512,0.7493098001609847,3669.0,16345.5,0.29492689143379447,0.3837700074042864,2.08516199031826,1.2847145075075797,7744.135813633436
12,95,114,19,1.9964517313813226,2.6525029398651907,0.7526671135311876,3669.0,15369.0,0.29492689143379447,0.37666805692980654,2.08516199031826,1.308844234300202,7509.251693744191
12,95,115,20,2.118349879840499,2.7911883398476665,0.758941935088519,3669.0,14306.0,0.29492689143379447,0.37642964376657617,2.08516199031826,1.338793984804321,7244.90952324458
12,95,116,21,2.11602084772247,2.807406280559408,0.7537280451267027,3669.0,15205.5,0.29492689143379447,0.4773779401064703,2.08516199031826,1.345114321760649,7469.202065816669
12,95,117,22,2.107901187814602,2.808926874482271,0.7504293568351156,3669.0,16618.0,0.29492689143379447,0.5872416803770887,2.08516199031826,1.3537817755887382,7808.421223269144
12,95,118,23,2.1467565486504934,2.8263653250131036,0.7595467329194397,3669.0,18421.0,0.29492689143379447,0.7068951223631207,2.08516199031826,1.3509846571769346,8221.109961556285
12,96,99,3,0.3249902524774644,0.4210930919081426,0.7717776869831858,3994.0,5595.0,0.2117043053601222,0.06668916920548273,2.004709028919796,1.7719927070448394,4727.201074631796
12,96,100,4,0.42670573274933077,0.5588083280186391,0.7635994514654011,3994.0,6386.0,0.2117043053601222,0.11060261156708706,2.004709028919796,1.6891124389280137,5050.315237685663
12,96,101,5,0.5392500535185665,0.6978873820749245,0.772689215150007,3994.0,7377.0,0.2117043053601222,0.16461052405323334,2.004709028919796,1.620744596791985,5428.05103144766
12,96,102,6,0.6345521658229142,0.8356527939873464,0.7593490626592971,3994.0,8482.5,0.2117043053601222,0.21750653363425776,2.004709028919796,1.5525507671081018,5820.576002424502
12,96,103,7,0.7430608170656207,0.9746607706660411,0.7623789111342246,3994.0,9708.5,0.2117043053601222,0.2660502900994806,2.004709028919796,1.495348494780153,6227.017664982171
12,96,105,9,1.040461463288776,1.2563355988390974,0.8281716002079402,3994.0,13964.0,0.2117043053601222,0.3718868053508557,2.004709028919796,1.3471323368016728,7468.079806750862
12,96,106,10,1.040461463288776,1.4003850260281165,0.7429824255118006,3994.0,13964.0,0.2117043053601222,0.3718868053508557,2.004709028919796,1.3471323368016728,7468.079806750862
12,96,107,11,1.1460797547198625,1.54481906663219,0.7418860755119976,3994.0,15309.5,0.2117043053601222,0.3920305942555303,2.004709028919796,1.3094533685491392,7819.599925827408
12,96,108,12,1.2631525610886085,1.6770009726966475,0.7532211260780824,3994.0,16336.0,0.2117043053601222,0.4041887332479342,2.004709028919796,1.2867268524960043,8077.498622717308
12,96,109,13,1.3693351674960839,1.8156835875740946,0.7541705927548921,3994.0,17150.0,0.2117043053601222,0.40992191845336423,2.004709028919796,1.267378587746305,8276.297481362062
12,96,110,14,1.451650386909824,1.9559589048324149,0.742168142348676,3994.0,17487.0,0.2117043053601222,0.40854791213926567,2.004709028919796,1.2623476053754792,8357.21712054916
12,96,111,15,1.5941675072960952,2.093649794869026,0.7614298777202244,3994.0,17522.0,0.2117043053601222,0.4017063590326152,2.004709028919796,1.258904875284309,8365.57636986239
12,96,112,16,1.6937401489973873,2.2314866985203596,0.7590187071786993,3994.0,17134.0,0.2117043053601222,0.39305464718671645,2.004709028919796,1.2645470360732705,8272.435916947317
12,96,113,17,1.7799150308839595,2.37437002672474,0.7496367503169734,3994.0,16345.5,0.2117043053601222,0.3837700074042864,2.004709028919796,1.2847145075075797,8079.846966372568
12,96,114,18,1.8925158742191643,2.512745103217921,0.7531666748829928,3994.0,15369.0,0.2117043053601222,0.37666805692980654,2.004709028919796,1.308844234300202,7834.780532982401
12,96,115,19,2.0143436796488117,2.651430535140865,0.7597195751318425,3994.0,14306.0,0.2117043053601222,0.37642964376657617,2.004709028919796,1.338793984804321,7558.979031588856
12,96,116,20,2.0121140260347943,2.667648149358057,0.7542651479427636,3994.0,15205.5,0.2117043053601222,0.4773779401064703,2.004709028919796,1.345114321760649,7792.99473886644
12,96,117,21,2.0037888189846846,2.669169145852195,0.7507163126392756,3994.0,16618.0,0.2117043053601222,0.5872416803770887,2.004709028919796,1.3537817755887382,8146.919172300655
12,96,118,22,2.0428149689224653,2.686607606807471,0.7603696809858912,3994.0,18421.0,0.2117043053601222,0.7068951223631207,2.004709028919796,1.3509846571769346,8577.498120081404
12,97,100,3,0.3158719376470724,0.4194618840403153,0.7530408594090835,4427.5,6386.0,0.1362628114467876,0.11060261156708706,1.9190311821322776,1.6891124389280137,5317.331567619232
12,97,101,4,0.42853804067602785,0.5584863461076972,0.7673205328342791,4427.5,7377.0,0.1362628114467876,0.16461052405323334,1.9190311821322776,1.620744596791985,5715.038713779636
12,97,102,5,0.5240087848613412,0.696256174308335,0.7526091748944196,4427.5,8482.5,0.1362628114467876,0.21750653363425776,1.9190311821322776,1.5525507671081018,6128.316959002692
12,97,103,6,0.6323908523771099,0.8352602627137122,0.7571183265950048,4427.5,9708.5,0.1362628114467876,0.2660502900994806,1.9190311821322776,1.495348494780153,6556.247688274139
12,97,105,8,0.9298782673265682,1.1169364224117713,0.83252569140749,4427.5,13964.0,0.1362628114467876,0.3718868053508557,1.9190311821322776,1.3471323368016728,7862.926300048856
12,97,106,9,0.9298782673265682,1.2609962702878024,0.7374155572358182,4427.5,13964.0,0.1362628114467876,0.3718868053508557,1.9190311821322776,1.3471323368016728,7862.926300048856
12,97,107,10,1.035368461167058,1.4054218213191787,0.7366958769682574,4427.5,15309.5,0.1362628114467876,0.3920305942555303,1.9190311821322776,1.3094533685491392,8233.031716810036
12,97,108,11,1.152407377943422,1.5376013422403056,0.7494838527289194,4427.5,16336.0,0.1362628114467876,0.4041887332479342,1.9190311821322776,1.2867268524960043,8504.565832539602
12,97,109,12,1.2585924249758116,1.6762868537716413,0.7508216282577065,4427.5,17150.0,0.1362628114467876,0.40992191845336423,1.9190311821322776,1.267378587746305,8713.875429451582
12,97,110,13,1.3410199576502564,1.8165584654929654,0.7382200920719276,4427.5,17487.0,0.1362628114467876,0.40854791213926567,1.9190311821322776,1.2623476053754792,8799.073388715427
12,97,111,14,1.4835210733952149,1.9542574367451397,0.759122644489486,4427.5,17522.0,0.1362628114467876,0.4017063590326152,1.9190311821322776,1.258904875284309,8807.87460174133
12,97,112,15,1.5830626443820008,2.092091777424646,0.7566889089018565,4427.5,17134.0,0.1362628114467876,0.39305464718671645,1.9190311821322776,1.2645470360732705,8709.809699413645
12,97,113,16,1.6692552518305936,2.2349714115848736,0.7468799122790047,4427.5,16345.5,0.1362628114467876,0.3837700074042864,1.9190311821322776,1.2847145075075797,8507.038335989793
12,97,114,17,1.7818526739936231,2.3733491644115188,0.7507756130924969,4427.5,15369.0,0.1362628114467876,0.37666805692980654,1.9190311821322776,1.308844234300202,8249.014941191463
12,97,115,18,1.9037100568204754,2.5120351259361264,0.7578357631886399,4427.5,14306.0,0.1362628114467876,0.37642964376657617,1.9190311821322776,1.338793984804321,7958.631477835872
12,97,116,19,1.9014402865454412,2.528252556676449,0.752076876783626,4427.5,15205.5,0.1362628114467876,0.4773779401064703,1.9190311821322776,1.345114321760649,8205.019881145932
12,97,117,20,1.8932180364310054,2.529772803915282,0.7483747289483496,4427.5,16618.0,0.1362628114467876,0.5872416803770887,1.9190311821322776,1.3537817755887382,8577.656731299056
12,97,118,21,1.9321534944792484,2.547211595700227,0.7585367064678821,4427.5,18421.0,0.1362628114467876,0.7068951223631207,1.9190311821322776,1.3509846571769346,9031.00091352005
12,98,101,3,0.3228684720143491,0.4183375446136402,0.771789374803874,4945.0,7377.0,0.07725723559979514,0.16461052405323334,1.8430293740557886,1.620744596791985,6039.806702204964
12,98,102,4,0.4186072134545507,0.5560865627586149,0.7527734735720615,4945.0,8482.5,0.07725723559979514,0.21750653363425776,1.8430293740557886,1.5525507671081018,6476.570272914515
12,98,103,5,0.5267890411715043,0.6951016933331106,0.7578589524728052,4945.0,9708.5,0.07725723559979514,0.2660502900994806,1.8430293740557886,1.495348494780153,6928.81898305909
12,98,106,8,0.8243593585499324,1.120815132406774,0.735499847133354,4945.0,13964.0,0.07725723559979514,0.3718868053508557,1.8430293740557886,1.3471323368016728,8309.752102198958
12,98,107,9,0.9297609412979022,1.2652517136691157,0.7348426651023293,4945.0,15309.5,0.07725723559979514,0.3920305942555303,1.8430293740557886,1.3094533685491392,8700.889466025872
12,98,108,10,1.046730904716721,1.3974379902632446,0.7490356724304751,4945.0,16336.0,0.07725723559979514,0.4041887332479342,1.8430293740557886,1.2867268524960043,8987.85402640697
12,98,109,11,1.1529100445381728,1.5361164461002712,0.7505355778626406,4945.0,17150.0,0.07725723559979514,0.40992191845336423,1.8430293740557886,1.267378587746305,9209.058040863898
12,98,110,12,1.235374201033144,1.6763966667088555,0.7369223678179115,4945.0,17487.0,0.07725723559979514,0.40854791213926567,1.8430293740557886,1.2623476053754792,9299.09753685808
12,98,111,13,1.3778617911275834,1.8140806784220878,0.7595372176754931,4945.0,17522.0,0.07725723559979514,0.4017063590326152,1.8430293740557886,1.258904875284309,9308.398895621094
12,98,112,14,1.4773888642303572,1.9519192125972111,0.7568903747120523,4945.0,17134.0,0.07725723559979514,0.39305464718671645,1.8430293740557886,1.2645470360732705,9204.761267952581
12,98,113,15,1.5635680046062312,2.0948034532191167,0.7464032017913051,4945.0,16345.5,0.07725723559979514,0.3837700074042864,1.8430293740557886,1.2847145075075797,8990.467034587247
12,98,114,16,1.6761638277102753,2.233175992787914,0.7505739955666189,4945.0,15369.0,0.07725723559979514,0.37666805692980654,1.8430293740557886,1.308844234300202,8717.780967654555
12,98,115,17,1.7980523740484728,2.37186068390214,0.7580767227400351,4945.0,14306.0,0.07725723559979514,0.37642964376657617,1.8430293740557886,1.338793984804321,8410.895909473616
12,98,116,18,1.7957446705834896,2.388077572347092,0.7519624535557129,4945.0,15205.5,0.07725723559979514,0.4773779401064703,1.8430293740557886,1.345114321760649,8671.285804308378
12,98,117,19,1.7875527262779423,2.389600927320891,0.7480549182252214,4945.0,16618.0,0.07725723559979514,0.5872416803770887,1.8430293740557886,1.3537817755887382,9065.098455063795
12,98,118,20,1.8264753111740832,2.407038917202188,0.7588058913883617,4945.0,18421.0,0.07725723559979514,0.7068951223631207,1.8430293740557886,1.3509846571769346,9544.204786151648
12,99,102,3,0.3107775681197286,0.4146525980020568,0.7494890171125542,5595.0,8482.5,0.06668916920548273,0.21750653363425776,1.7719927070448394,1.5525507671081018,6889.091921291223
12,99,103,4,0.41866171674801894,0.5536836457771527,0.7561388528288272,5595.0,9708.5,0.06668916920548273,0.2660502900994806,1.7719927070448394,1.495348494780153,7370.146368967173
12,99,106,7,0.7162094608539582,0.9793210498351792,0.7313326523252993,5595.0,13964.0,0.06668916920548273,0.3718868053508557,1.7719927070448394,1.3471323368016728,8839.037277894013
12,99,107,8,0.8216585362970505,1.1237886219639837,0.7311504318855649,5595.0,15309.5,0.06668916920548273,0.3920305942555303,1.7719927070448394,1.3094533685491392,9255.087925028049
12,99,108,9,0.9385272671049318,1.255983398234143,0.7472449623334668,5595.0,16336.0,0.06668916920548273,0.4041887332479342,1.7719927070448394,1.2867268524960043,9560.330538218854
12,99,109,10,1.0446808242339347,1.3946450527013285,0.7490657369848063,5595.0,17150.0,0.06668916920548273,0.40992191845336423,1.7719927070448394,1.267378587746305,9795.624023001292
12,99,110,11,1.126997150002627,1.5349456448619716,0.7342260970446097,5595.0,17487.0,0.06668916920548273,0.40854791213926567,1.7719927070448394,1.2623476053754792,9891.39853610196
12,99,111,12,1.2694828773210178,1.6725908120052289,0.7589918993989124,5595.0,17522.0,0.06668916920548273,0.4017063590326152,1.7719927070448394,1.258904875284309,9901.292339891797
12,99,112,13,1.3690351628801467,1.8104363162572294,0.7561907318067919,5595.0,17134.0,0.06668916920548273,0.39305464718671645,1.7719927070448394,1.2645470360732705,9791.053569458192
12,99,113,14,1.455151910436557,1.9533403601987906,0.7449556360410567,5595.0,16345.5,0.06668916920548273,0.3837700074042864,1.7719927070448394,1.2847145075075797,9563.109980545032
12,99,114,15,1.567749702653831,2.091698611777591,0.7495103232494419,5595.0,15369.0,0.06668916920548273,0.37666805692980654,1.7719927070448394,1.308844234300202,9273.055321737274
12,99,115,16,1.6896506861292488,2.230381637651344,0.7575612431550053,5595.0,14306.0,0.06668916920548273,0.37642964376657617,1.7719927070448394,1.338793984804321,8946.623385389596
12,99,116,17,1.68733468712007,2.2466034788047016,0.7510603019353514,5595.0,15205.5,0.06668916920548273,0.4773779401064703,1.7719927070448394,1.345114321760649,9223.598674053419
12,99,117,18,1.6790302879075016,2.2481231747503765,0.7468586716090123,5595.0,16618.0,0.06668916920548273,0.5872416803770887,1.7719927070448394,1.3537817755887382,9642.495009073118
12,99,118,19,1.7180791743867707,2.2655602189962694,0.7583462844999751,5595.0,18421.0,0.06668916920548273,0.7068951223631207,1.7719927070448394,1.3509846571769346,10152.117759364299
12,100,103,3,0.31717175391546065,0.4160802590126274,0.7622850328638998,6386.0,9708.5,0.11060261156708706,0.2660502900994806,1.6891124389280137,1.495348494780153,7873.9114168245505
12,100,106,6,0.6147570791044756,0.8416320300158,0.7304345095955234,6386.0,13964.0,0.11060261156708706,0.3718868053508557,1.6891124389280137,1.3471323368016728,9443.204117247493
12,100,107,7,0.7197796706499445,0.9861183114590798,0.7299120828462708,6386.0,15309.5,0.11060261156708706,0.3920305942555303,1.6891124389280137,1.3094533685491392,9887.692703558298
12,100,108,8,0.836740728736525,1.1183199228074105,0.7482123063997518,6386.0,16336.0,0.11060261156708706,0.4041887332479342,1.6891124389280137,1.2867268524960043,10213.799293113214
12,100,109,9,0.9429286049764022,1.2569679977429402,0.7501611868158623,6386.0,17150.0,0.11060261156708706,0.40992191845336423,1.6891124389280137,1.267378587746305,10465.175583811291
12,100,110,10,1.025678947814886,1.3972806755565772,0.734053626989673,6386.0,17487.0,0.11060261156708706,0.40854791213926567,1.6891124389280137,1.2623476053754792,10567.496486869537
12,100,111,11,1.168116974535076,1.5349009315475113,0.7610373741563646,6386.0,17522.0,0.11060261156708706,0.4017063590326152,1.6891124389280137,1.258904875284309,10578.066553014307
12,100,112,12,1.2675613988534369,1.6727510927949436,0.7577704802066583,6386.0,17134.0,0.11060261156708706,0.39305464718671645,1.6891124389280137,1.2645470360732705,10460.292730129497
12,100,113,13,1.3538162878010138,1.8156632736565275,0.7456318070886517,6386.0,16345.5,0.11060261156708706,0.3837700074042864,1.6891124389280137,1.2847145075075797,10216.768716184193
12,100,114,14,1.4663956223181522,1.9540129128600279,0.7504533939705826,6386.0,15369.0,0.11060261156708706,0.37666805692980654,1.6891124389280137,1.308844234300202,9906.888209725596
12,100,115,15,1.5883065257728224,2.092693981968613,0.7589769643618369,6386.0,14306.0,0.11060261156708706,0.37642964376657617,1.6891124389280137,1.338793984804321,9558.143962088037
12,100,116,16,1.5859502877387517,2.1089165325694883,0.7520213641677139,6386.0,15205.5,0.11060261156708706,0.4773779401064703,1.6891124389280137,1.345114321760649,9854.05109586915
12,100,117,17,1.5780297963938403,2.1104378659164476,0.7477262523948264,6386.0,16618.0,0.11060261156708706,0.5872416803770887,1.6891124389280137,1.3537817755887382,10301.57987883412
12,100,118,18,1.616681045083982,2.127873968234986,0.7597635335634916,6386.0,18421.0,0.11060261156708706,0.7068951223631207,1.6891124389280137,1.3509846571769346,10846.036418895153
12,101,106,5,0.5016239891481836,0.7025460093032923,0.7140087375140584,7377.0,13964.0,0.16461052405323334,0.3718868053508557,1.620744596791985,1.3471323368016728,10149.50383023722
12,101,107,6,0.6069437268922375,0.8469419459012952,0.7166296696361433,7377.0,15309.5,0.16461052405323334,0.3920305942555303,1.620744596791985,1.3094533685491392,10627.237717299826
12,101,108,7,0.7239178836796675,0.9791162597470869,0.7393584535779856,7377.0,16336.0,0.16461052405323334,0.4041887332479342,1.620744596791985,1.2867268524960043,10977.735285567784
12,101,109,8,0.8300940922840273,1.1178060126281515,0.7426101514093087,7377.0,17150.0,0.16461052405323334,0.40992191845336423,1.620744596791985,1.267378587746305,11247.913139778419
12,101,110,9,0.912518143941302,1.2580738285984254,0.7253295658792184,7377.0,17487.0,0.16461052405323334,0.40854791213926567,1.620744596791985,1.2623476053754792,11357.887083432375
12,101,111,10,1.0550016769001425,1.3957863195996436,0.7558475549486334,7377.0,17522.0,0.16461052405323334,0.4017063590326152,1.620744596791985,1.258904875284309,11369.247732369982
12,101,112,11,1.1545285390860758,1.5336135415174355,0.7528158221293002,7377.0,17134.0,0.16461052405323334,0.39305464718671645,1.620744596791985,1.2645470360732705,11242.665075505896
12,101,113,12,1.2407237491793288,1.676488650315606,0.740072859393207,7377.0,16345.5,0.16461052405323334,0.3837700074042864,1.620744596791985,1.2847145075075797,10980.926805147186
12,101,114,13,1.353319387599202,1.8148694274832675,0.7456841616842318,7377.0,15369.0,0.16461052405323334,0.37666805692980654,1.620744596791985,1.308844234300202,10647.868941717868
12,101,115,14,1.4751952572250326,1.9535566008630463,0.7551331026566201,7377.0,14306.0,0.16461052405323334,0.37642964376657617,1.620744596791985,1.338793984804321,10273.040543091418
12,101,116,15,1.4729043825514816,1.9697757745340807,0.7477523084574811,7377.0,15205.5,0.16461052405323334,0.4773779401064703,1.620744596791985,1.345114321760649,10591.079902446209
12,101,117,16,1.4647665614575693,1.971291632882664,0.7430491445426612,7377.0,16618.0,0.16461052405323334,0.5872416803770887,1.620744596791985,1.3537817755887382,11072.081376146041
12,101,118,17,1.5036206464767494,1.9887311527733833,0.7560703438370121,7377.0,18421.0,0.16461052405323334,0.7068951223631207,1.620744596791985,1.3509846571769346,11657.260269891893
12,102,106,4,0.4059263248390906,0.5647587486912236,0.7187605783527701,8482.5,13964.0,0.21750653363425776,0.3718868053508557,1.5525507671081018,1.3471323368016728,10883.456711909135
12,102,107,5,0.5118243701965662,0.7091663655528765,0.7217267979108688,8482.5,15309.5,0.21750653363425776,0.3920305942555303,1.5525507671081018,1.3094533685491392,11395.7375254961
12,102,108,6,0.6291631694537713,0.8413516065122396,0.7478005207144256,8482.5,16336.0,0.21750653363425776,0.4041887332479342,1.5525507671081018,1.2867268524960043,11771.581032299782
12,102,109,7,0.7353100689801709,0.9800322606453804,0.7502916980467025,8482.5,17150.0,0.21750653363425776,0.40992191845336423,1.5525507671081018,1.267378587746305,12061.296572093732
12,102,110,8,0.8173325840845137,1.1203108839804803,0.7295587285383853,8482.5,17487.0,0.21750653363425776,0.40854791213926567,1.5525507671081018,1.2623476053754792,12179.223189514181
12,102,111,9,0.9598657726698098,1.258006858548416,0.7630051983797416,8482.5,17522.0,0.21750653363425776,0.4017063590326152,1.5525507671081018,1.258904875284309,12191.405374279046
12,102,112,10,1.059473183451816,1.3958392421176888,0.759022351201735,8482.5,17134.0,0.21750653363425776,0.39305464718671645,1.5525507671081018,1.2645470360732705,12055.668998442185
12,102,113,11,1.145715713721361,1.538717810780526,0.7445911821480693,8482.5,16345.5,0.21750653363425776,0.3837700074042864,1.5525507671081018,1.2847145075075797,11775.00334394857
12,102,114,12,1.2583066487347545,1.6770933627344193,0.7502901607595337,8482.5,15369.0,0.21750653363425776,0.37666805692980654,1.5525507671081018,1.308844234300202,11417.860679654486
12,102,115,13,1.3800034130703034,1.8157791324995214,0.760006208007607,8482.5,14306.0,0.21750653363425776,0.37642964376657617,1.5525507671081018,1.338793984804321,11015.926878842289
12,102,116,14,1.3779214364043695,1.8319967494780385,0.7521418565818736,8482.5,15205.5,0.21750653363425776,0.4773779401064703,1.5525507671081018,1.345114321760649,11356.964988499349
12,102,117,15,1.3696500053000256,1.833517661104205,0.7470067152094826,8482.5,16618.0,0.21750653363425776,0.5872416803770887,1.5525507671081018,1.3537817755887382,11872.749681518599
12,102,118,16,1.4085351006445395,1.8509561980124503,0.7609770032143489,8482.5,18421.0,0.21750653363425776,0.7068951223631207,1.5525507671081018,1.3509846571769346,12500.245297593163
12,103,106,3,0.29767857830485656,0.4258238709986499,0.699065032701749,9708.5,13964.0,0.2660502900994806,0.3718868053508557,1.495348494780153,1.3471323368016728,11643.43136708419
12,103,107,4,0.40308230345592594,0.5701700193438446,0.7069510668410726,9708.5,15309.5,0.2660502900994806,0.3920305942555303,1.495348494780153,1.3094533685491392,12191.483943720716
12,103,108,5,0.5202202154696887,0.7023430154913333,0.740692516328025,9708.5,16336.0,0.2660502900994806,0.4041887332479342,1.495348494780153,1.2867268524960043,12593.57201114918
12,103,109,6,0.626388179805725,0.8410370181894995,0.744780748360103,9708.5,17150.0,0.2660502900994806,0.40992191845336423,1.495348494780153,1.267378587746305,12903.517931169003
12,103,110,7,0.7086760092913565,0.9812983861453498,0.7221819777724444,9708.5,17487.0,0.2660502900994806,0.40854791213926567,1.495348494780153,1.2623476053754792,13029.679178705821
12,103,111,8,0.8511739573927217,1.1190268737467504,0.7606376373632586,9708.5,17522.0,0.2660502900994806,0.4017063590326152,1.495348494780153,1.258904875284309,13042.712026262023
12,103,112,9,0.9507213442286843,1.2568490510877712,0.756432400060977,9708.5,17134.0,0.2660502900994806,0.39305464718671645,1.495348494780153,1.2645470360732705,12897.497392905338
12,103,113,10,1.0369595433256291,1.3997125985438899,0.7408374722099166,9708.5,16345.5,0.2660502900994806,0.3837700074042864,1.495348494780153,1.2847145075075797,12597.233297434797
12,103,114,11,1.1495529415412125,1.5380978097917435,0.747386111743349,9708.5,15369.0,0.2660502900994806,0.37666805692980654,1.495348494780153,1.308844234300202,12215.151922919338
12,103,115,12,1.271360960446419,1.6767847889174268,0.7582135577859344,9708.5,14306.0,0.2660502900994806,0.37642964376657617,1.495348494780153,1.338793984804321,11785.15171730937
12,103,116,13,1.2691494749757626,1.6930008509376893,0.7496449126253117,9708.5,15205.5,0.2660502900994806,0.4773779401064703,1.495348494780153,1.345114321760649,12150.00398148083
12,103,117,14,1.2610390804801916,1.694520708201545,0.7441862907763324,9708.5,16618.0,0.2660502900994806,0.5872416803770887,1.495348494780153,1.3537817755887382,12701.80510793643
12,103,118,15,1.29981973392082,1.7119602039897455,0.7592581479940791,9708.5,18421.0,0.2660502900994806,0.7068951223631207,1.495348494780153,1.3509846571769346,13373.117755407675
12,105,115,10,0.9741863782164805,1.3951077914768044,0.6982875331699254,13964.0,14306.0,0.3718868053508557,0.37642964376657617,1.3471323368016728,1.338793984804321,14133.965614787663
12,105,116,11,0.9722410345008207,1.4113299187088206,0.6888828909616627,13964.0,15205.5,0.3718868053508557,0.4773779401064703,1.3471323368016728,1.345114321760649,14571.533961803747
12,105,118,13,1.0027695164343038,1.4302807565522555,0.7010997748802247,13964.0,18421.0,0.3718868053508557,0.7068951223631207,1.3471323368016728,1.3509846571769346,16038.417752384428
12,106,109,3,0.33038318285204754,0.4153544771066073,0.7954246338056192,13964.0,17150.0,0.3718868053508557,0.40992191845336423,1.3471323368016728,1.267378587746305,15475.225361848532
12,106,110,4,0.4116481637231595,0.5557099887839846,0.7407607781604503,13964.0,17487.0,0.3718868053508557,0.40854791213926567,1.3471323368016728,1.2623476053754792,15626.530901002949
12,106,111,5,0.5541516497573589,0.6932701722607905,0.7993300042755932,13964.0,17522.0,0.3718868053508557,0.4017063590326152,1.3471323368016728,1.258904875284309,15642.161231747996
12,106,112,6,0.6537839453335318,0.8311195545569601,0.7866304453419346,13964.0,17134.0,0.3718868053508557,0.39305464718671645,1.3471323368016728,1.2645470360732705,15468.004913368757
12,106,113,7,0.7400715476185886,0.974046364494983,0.759790883262827,13964.0,16345.5,0.3718868053508557,0.3837700074042864,1.3471323368016728,1.2847145075075797,15107.897338809262
12,106,114,8,0.8526279574652498,1.1123827501639152,0.7664879353258676,13964.0,15369.0,0.3718868053508557,0.37666805692980654,1.3471323368016728,1.308844234300202,14649.666071279576
12,106,115,9,0.9741863782164805,1.2510643236801002,0.7786860833428912,13964.0,14306.0,0.3718868053508557,0.37642964376657617,1.3471323368016728,1.338793984804321,14133.965614787663
12,106,116,10,0.9722410345008207,1.2672933625762763,0.7671791419504914,13964.0,15205.5,0.3718868053508557,0.4773779401064703,1.3471323368016728,1.345114321760649,14571.533961803747
12,106,117,11,0.9640321814846088,1.268806498241875,0.7597944862517827,13964.0,16618.0,0.3718868053508557,0.5872416803770887,1.3471323368016728,1.3537817755887382,15233.310605380566
12,106,118,12,1.0027695164343038,1.2862426653312846,0.7796114554915892,13964.0,18421.0,0.3718868053508557,0.7068951223631207,1.3471323368016728,1.3509846571769346,16038.417752384428
12,107,110,3,0.30649106245508523,0.41116404660995703,0.7454228184154247,15309.5,17487.0,0.3920305942555303,0.40854791213926567,1.3094533685491392,1.2623476053754792,16362.066694033489
12,107,111,4,0.44871065836303414,0.5488685096239073,0.8175194067345879,15309.5,17522.0,0.3920305942555303,0.4017063590326152,1.3094533685491392,1.258904875284309,16378.432739429009
12,107,112,5,0.5480489889032527,0.6866841191218465,0.7981093105868171,15309.5,17134.0,0.3920305942555303,0.39305464718671645,1.3094533685491392,1.2645470360732705,16196.078939051884
12,107,113,6,0.6344686872558422,0.8295535327973136,0.7648315174023412,15309.5,16345.5,0.3920305942555303,0.3837700074042864,1.3094533685491392,1.2847145075075797,15819.021216560777
12,107,114,7,0.7469925011658184,0.9679286745971102,0.7717433327168925,15309.5,15369.0,0.3920305942555303,0.37666805692980654,1.3094533685491392,1.308844234300202,15339.221150371357
12,107,115,8,0.8687566563244261,1.1066153004523782,0.7850575136357533,15309.5,14306.0,0.3920305942555303,0.37642964376657617,1.3094533685491392,1.338793984804321,14799.246838944204
12,107,116,9,0.8665299452614628,1.1228345274117233,0.7717343242542823,15309.5,15205.5,0.3920305942555303,0.4773779401064703,1.3094533685491392,1.345114321760649,15257.411387584723
12,107,117,10,0.858966459628459,1.1243527693982356,0.7639652634005483,15309.5,16618.0,0.3920305942555303,0.5872416803770887,1.3094533685491392,1.3537817755887382,15950.337645329017
12,107,118,11,0.8971515571677348,1.1417915889010015,0.7857402050327433,15309.5,18421.0,0.3920305942555303,0.7068951223631207,1.3094533685491392,1.3509846571769346,16793.340927284244
12,108,111,3,0.3319183880606888,0.41675602891762925,0.7964333207673682,16336.0,17522.0,0.4041887332479342,0.4017063590326152,1.2867268524960043,1.258904875284309,16918.61081767649
12,108,112,4,0.43099361746004267,0.5545316902542774,0.7772208965413915,16336.0,17134.0,0.4041887332479342,0.39305464718671645,1.2867268524960043,1.2645470360732705,16730.2427956082
12,108,113,5,0.5173621734576745,0.6973750457513824,0.7418707861854246,16336.0,16345.5,0.4041887332479342,0.3837700074042864,1.2867268524960043,1.2847145075075797,16340.749309624696
12,108,114,6,0.6298623573341292,0.8357655175625324,0.7536352530684572,16336.0,15369.0,0.4041887332479342,0.37666805692980654,1.2867268524960043,1.308844234300202,15845.12492850719
12,108,115,7,0.7518367004353236,0.9744542613120297,0.7715464237623957,16336.0,14306.0,0.4041887332479342,0.37642964376657617,1.2867268524960043,1.338793984804321,15287.341691739608
12,108,116,8,0.7493457667022007,0.9906752324482466,0.7563990116623278,16336.0,15205.5,0.4041887332479342,0.4773779401064703,1.2867268524960043,1.345114321760649,15760.616992998719
12,108,117,9,0.7420900858051631,0.9921841864855454,0.7479358126375201,16336.0,16618.0,0.4041887332479342,0.5872416803770887,1.2867268524960043,1.3537817755887382,16476.396693452123
12,108,118,10,0.7800800374505412,1.0096251298581163,0.7726432458749979,16336.0,18421.0,0.4041887332479342,0.7068951223631207,1.2867268524960043,1.3509846571769346,17347.203117505716
12,109,112,3,0.32491555809598494,0.4158147995131583,0.7813948865610376,17150.0,17134.0,0.40992191845336423,0.39305464718671645,1.267378587746305,1.2645470360732705,17141.998133239893
12,109,113,4,0.41130031044227444,0.558702601299499,0.7361703874039994,17150.0,16345.5,0.40992191845336423,0.3837700074042864,1.267378587746305,1.2847145075075797,16742.918652373606
12,109,114,5,0.5237516793460372,0.6970641328933834,0.75136799417873,17150.0,15369.0,0.40992191845336423,0.37666805692980654,1.267378587746305,1.308844234300202,16235.09624240029
12,109,115,6,0.6457604772582204,0.8357520299223582,0.772669947709504,17150.0,14306.0,0.40992191845336423,0.37642964376657617,1.267378587746305,1.338793984804321,15663.585157938778
12,109,116,7,0.6431973917168783,0.8519804727663225,0.7549438188746982,17150.0,15205.5,0.40992191845336423,0.4773779401064703,1.267378587746305,1.345114321760649,16148.508445054607
12,109,117,8,0.6361691514250666,0.85348604179679,0.7453773351533436,17150.0,16618.0,0.40992191845336423,0.5872416803770887,1.267378587746305,1.3537817755887382,16881.90451341317
12,109,118,9,0.6739457970828993,0.8709252684370578,0.7738273552360545,17150.0,18421.0,0.40992191845336423,0.7068951223631207,1.267378587746305,1.3509846571769346,17774.142736008394
12,110,113,3,0.3284484801548594,0.41842681842970864,0.7849603937612697,17487.0,16345.5,0.40854791213926567,0.3837700074042864,1.2623476053754792,1.2847145075075797,16906.618777863303
12,110,114,4,0.4410190559312818,0.5568460508192037,0.7919945832110633,17487.0,15369.0,0.40854791213926567,0.37666805692980654,1.2623476053754792,1.308844234300202,16393.831248369002
12,110,115,5,0.5626963623605729,0.6955314419933756,0.8090164274211663,17487.0,14306.0,0.40854791213926567,0.37642964376657617,1.2623476053754792,1.338793984804321,15816.732342680647
12,110,116,6,0.5606514942191158,0.711745061757659,0.7877139222217902,17487.0,15205.5,0.40854791213926567,0.4773779401064703,1.2623476053754792,1.345114321760649,16306.396858288468
12,110,117,7,0.552545461404898,0.7132561588022563,0.7746802527899183,17487.0,16618.0,0.40854791213926567,0.5872416803770887,1.2623476053754792,1.3537817755887382,17046.963541933208
12,110,118,8,0.5912249651664895,0.7306986069162567,0.8091228853735151,17487.0,18421.0,0.40854791213926567,0.7068951223631207,1.2623476053754792,1.3509846571769346,17947.92542329057
12,111,114,3,0.29847950271859336,0.41913360195808363,0.7121345111061829,17522.0,15369.0,0.4017063590326152,0.37666805692980654,1.258904875284309,1.308844234300202,16410.229066042924
12,111,115,4,0.4201962017553621,0.5578089242631292,0.7532977395627817,17522.0,14306.0,0.4017063590326152,0.37642964376657617,1.258904875284309,1.338793984804321,15832.552921117933
12,111,116,5,0.41810467803422285,0.5740627996189669,0.7283256785002251,17522.0,15205.5,0.4017063590326152,0.4773779401064703,1.258904875284309,1.345114321760649,16322.707220311218
12,111,117,6,0.4102989670116631,0.5755481938418755,0.7128837713360759,17522.0,16618.0,0.4017063590326152,0.5872416803770887,1.258904875284309,1.3537817755887382,17064.014650720386
12,111,118,7,0.4486750783205561,0.5929827214591543,0.7566410657236353,17522.0,18421.0,0.4017063590326152,0.7068951223631207,1.258904875284309,1.3509846571769346,17965.877713042577
12,112,115,3,0.32085324667811926,0.4199692544795562,0.7639922286114356,17134.0,14306.0,0.39305464718671645,0.37642964376657617,1.2645470360732705,1.338793984804321,15656.276824328317
12,112,116,4,0.31849883679510926,0.4362356114617223,0.730107374150164,17134.0,15205.5,0.39305464718671645,0.4773779401064703,1.2645470360732705,1.345114321760649,16140.973855378119
12,112,117,5,0.3115843695364782,0.4376950279166473,0.7118755061476618,17134.0,16618.0,0.39305464718671645,0.5872416803770887,1.2645470360732705,1.3537817755887382,16874.027734954096
12,112,118,6,0.3491285101985366,0.4551332223783603,0.767090805575823,17134.0,18421.0,0.39305464718671645,0.7068951223631207,1.2645470360732705,1.3509846571769346,17765.84965601139
12,113,116,3,0.23223109411022017,0.29333151709340805,0.7917018137408973,16345.5,15205.5,0.3837700074042864,0.4773779401064703,1.2847145075075797,1.345114321760649,15765.19902348207
12,113,117,4,0.22513700612450982,0.29485432291435054,0.763553350343477,16345.5,16618.0,0.3837700074042864,0.5872416803770887,1.2847145075075797,1.3537817755887382,16481.186820129187
10,104,114,10,0.9673804483206985,1.395396866020562,0.6932654586501297,12854.5,6793.0,0.8189490267078271,0.3650003620277868,1.3318122974177355,1.8823221766814378,9344.550203193303
10,104,115,11,1.0665003649945342,1.534083976147227,0.695203379721751,12854.5,6078.5,0.8189490267078271,0.29823331497873395,1.3318122974177355,1.966928700491313,8839.46142307324
10,104,116,12,1.068004678335788,1.5503052461169828,0.6888996092935872,12854.5,5782.5,0.8189490267078271,0.1980366586646881,1.3318122974177355,1.9680101066234936,8621.551267028457
10,104,117,13,1.0783343387720215,1.5518193255865909,0.6948839475010462,12854.5,5611.0,0.8189490267078271,0.1249095555581435,1.3318122974177355,1.9728288488415748,8492.73804494169
10,104,118,14,1.1110724332028155,1.569258604943269,0.7080237952513775,12854.5,5570.5,0.8189490267078271,0.13067647052193906,1.3318122974177355,1.9912060824805764,8462.03239476191
10,104,119,15,1.1265591252158798,1.5819479536425158,0.7121341271828318,12854.5,5760.0,0.8189490267078271,0.2090014632649357,1.3318122974177355,1.9955245261205834,8604.761472580167
10,104,120,16,1.0964109706251632,1.5819479536425158,0.6930765124735115,12854.5,5955.0,0.8189490267078271,0.3115566250312938,1.3318122974177355,1.99738534451972,8749.202677958718
10,104,121,17,1.1178606758035972,1.6049418908693944,0.6965116196188598,12854.5,6421.5,0.8189490267078271,0.4254495026471069,1.3318122974177355,1.994374194137768,9085.437345004368
10,104,122,18,1.107371409771514,1.6049418908693944,0.6899760147525669,12854.5,7011.5,0.8189490267078271,0.5489415437318604,1.3318122974177355,2.0018541181607556,9493.646651840378
10,104,123,19,1.1398811474775217,1.6294148778251931,0.6995647106149785,12854.5,7917.0,0.8189490267078271,0.6822030908180214,1.3318122974177355,2.0143984172979277,10088.066043598248
10,104,139,35,1.028699747054162,1.4755762766363085,0.6971511831290507,12854.5,9215.0,0.8189490267078271,0.7649238485400242,1.3318122974177355,1.9341524275120343,10883.66746551915
10,105,114,9,0.8647525325681007,1.2564197812975706,0.6882672061044959,13127.5,6793.0,0.7988418481808802,0.3650003620277868,1.3695464681281904,1.8823221766814378,9443.25725054655
10,105,115,10,0.9638299626206059,1.3951077914768044,0.6908641529414259,13127.5,6078.5,0.7988418481808802,0.29823331497873395,1.3695464681281904,1.966928700491313,8932.833187180873
10,105,117,12,0.9759553761678149,1.41284081107472,0.6907751874929384,13127.5,5611.0,0.7988418481808802,0.1249095555581435,1.3695464681281904,1.9728288488415748,8582.447349095712
10,105,118,13,1.0085681650735885,1.4302807565522555,0.7051539779537964,13127.5,5570.5,0.7988418481808802,0.13067647052193906,1.3695464681281904,1.9912060824805764,8551.417353281267
10,105,119,14,1.0238907009489988,1.4429717188930762,0.7095708720711724,13127.5,5760.0,0.7988418481808802,0.2090014632649357,1.3695464681281904,1.9955245261205834,8695.65408695631
10,105,120,15,0.9937357197465333,1.4429717188930762,0.6886730396274446,13127.5,5955.0,0.7988418481808802,0.3115566250312938,1.3695464681281904,1.99738534451972,8841.621033498326
10,105,121,16,1.0153780021075716,1.465965163752589,0.6926344685493065,13127.5,6421.5,0.7988418481808802,0.4254495026471069,1.3695464681281904,1.994374194137768,9181.407367609827
10,105,123,18,1.0372429785285815,1.4904410432449875,0.6959302303365832,13127.5,7917.0,0.7988418481808802,0.6822030908180214,1.3695464681281904,2.0143984172979277,10194.626893614106
10,105,139,34,0.9260025097164999,1.3365994230458036,0.6928048102896472,13127.5,9215.0,0.7988418481808802,0.7649238485400242,1.3695464681281904,1.9341524275120343,10998.63230133638
10,106,109,3,0.30306603353665007,0.4153544771066073,0.7296563543694833,13127.5,11446.0,0.7988418481808802,0.6799673323559129,1.3695464681281904,1.5160383727226414,12257.951093066084
10,106,110,4,0.43565132849358246,0.5557099887839846,0.7839544677735291,13127.5,10476.0,0.7988418481808802,0.6253680296255516,1.3695464681281904,1.5891700944899863,11727.049501046715
10,106,111,5,0.5312781851816417,0.6932701722607905,0.7663364247290716,13127.5,9423.0,0.7988418481808802,0.5644277468195746,1.3695464681281904,1.6553226561072047,11122.069614060145
10,106,112,6,0.6325973547644391,0.8311195545569601,0.7611388172687791,13127.5,8476.0,0.7988418481808802,0.5000288613702853,1.3695464681281904,1.7217674200101405,10548.397508626607
10,106,113,7,0.7415632829010913,0.974046364494983,0.7613223660924724,13127.5,7531.5,0.7988418481808802,0.4327966234674971,1.3695464681281904,1.8044350316653501,9943.32772516324
10,106,114,8,0.8647525325681007,1.1123827501639152,0.7773875785476493,13127.5,6793.0,0.7988418481808802,0.3650003620277868,1.3695464681281904,1.8823221766814378,9443.25725054655
10,106,115,9,0.9638299626206059,1.2510643236801002,0.7704079993148771,13127.5,6078.5,0.7988418481808802,0.29823331497873395,1.3695464681281904,1.966928700491313,8932.833187180873
10,106,116,10,0.9654225194190432,1.2672933625762763,0.7617987657225941,13127.5,5782.5,0.7988418481808802,0.1980366586646881,1.3695464681281904,1.9680101066234936,8712.621233015929
10,106,117,11,0.9759553761678149,1.268806498241875,0.76919165965823,13127.5,5611.0,0.7988418481808802,0.1249095555581435,1.3695464681281904,1.9728288488415748,8582.447349095712
10,106,118,12,1.0085681650735885,1.2862426653312846,0.7841196628427978,13127.5,5570.5,0.7988418481808802,0.13067647052193906,1.3695464681281904,1.9912060824805764,8551.417353281267
10,106,119,13,1.0238907009489988,1.2989238095723479,0.788260784353549,13127.5,5760.0,0.7988418481808802,0.2090014632649357,1.3695464681281904,1.9955245261205834,8695.65408695631
10,106,120,14,0.9937357197465333,1.2989238095723479,0.7650454263931821,13127.5,5955.0,0.7988418481808802,0.3115566250312938,1.3695464681281904,1.99738534451972,8841.621033498326
10,106,121,15,1.0153780021075716,1.3219216393204904,0.7681075578954196,13127.5,6421.5,0.7988418481808802,0.4254495026471069,1.3695464681281904,1.994374194137768,9181.407367609827
10,106,122,16,1.0047794832277737,1.3219216393204904,0.7600900487144322,13127.5,7011.5,0.7988418481808802,0.5489415437318604,1.3695464681281904,2.0018541181607556,9593.928613972485
10,106,123,17,1.0372429785285815,1.3463834702888158,0.770391943616242,13127.5,7917.0,0.7988418481808802,0.6822030908180214,1.3695464681281904,2.0143984172979277,10194.626893614106
10,106,139,33,0.9260025097164999,1.1925584852024758,0.776483938696961,13127.5,9215.0,0.7988418481808802,0.7649238485400242,1.3695464681281904,1.9341524275120343,10998.63230133638
10,107,110,3,0.3278093988987767,0.41116404660995703,0.7972715552382595,12826.5,10476.0,0.7686040306762709,0.6253680296255516,1.4165137248924495,1.5891700944899863,11591.825309242717
10,107,111,4,0.4234817792692977,0.5488685096239073,0.7715541552192047,12826.5,9423.0,0.7686040306762709,0.5644277468195746,1.4165137248924495,1.6553226561072047,10993.821423872592
10,107,112,5,0.5246393989204041,0.6866841191218465,0.7640185411471722,12826.5,8476.0,0.7686040306762709,0.5000288613702853,1.4165137248924495,1.7217674200101405,10426.764311136989
10,107,113,6,0.6338845717232074,0.8295535327973136,0.7641273849870828,12826.5,7531.5,0.7686040306762709,0.4327966234674971,1.4165137248924495,1.8044350316653501,9828.671565883153
10,107,114,7,0.7570324886385501,0.9679286745971102,0.7821159848928504,12826.5,6793.0,0.7686040306762709,0.3650003620277868,1.4165137248924495,1.8823221766814378,9334.367386170314
10,107,115,8,0.8562598626972469,1.1066153004523782,0.77376470607917,12826.5,6078.5,0.7686040306762709,0.29823331497873395,1.4165137248924495,1.966928700491313,8829.82900457308
10,107,116,9,0.8575100289166595,1.1228345274117233,0.7637011580801041,12826.5,5782.5,0.7686040306762709,0.1980366586646881,1.4165137248924495,1.9680101066234936,8612.15630664005
10,107,117,10,0.8677114026684464,1.1243527693982356,0.7717430207717226,12826.5,5611.0,0.7686040306762709,0.1249095555581435,1.4165137248924495,1.9728288488415748,8483.48345315767
10,107,118,11,0.9005199061544139,1.1417915889010015,0.788690260909334,12826.5,5570.5,0.7686040306762709,0.13067647052193906,1.4165137248924495,1.9912060824805764,8452.81126312424
10,107,119,12,0.9166146023309792,1.1544818074014032,0.7939619285938911,12826.5,5760.0,0.7686040306762709,0.2090014632649357,1.4165137248924495,1.9955245261205834,8595.384808139774
10,107,120,13,0.8862854649990008,1.1544818074014032,0.767691148805472,12826.5,5955.0,0.7686040306762709,0.3115566250312938,1.4165137248924495,1.99738534451972,8739.668614999084
10,107,121,14,0.9073073464391229,1.1774739945636046,0.7705540424910948,12826.5,6421.5,0.7686040306762709,0.4254495026471069,1.4165137248924495,1.994374194137768,9075.536884945155
10,107,122,15,0.8969004744359867,1.1774739945636046,0.7617157394362634,12826.5,7011.5,0.7686040306762709,0.5489415437318604,1.4165137248924495,2.0018541181607556,9483.301363449335
10,107,123,16,0.9295435017092394,1.20194772318793,0.7733643350509521,12826.5,7917.0,0.7686040306762709,0.6822030908180214,1.4165137248924495,2.0143984172979277,10077.073012536925
10,107,139,32,0.818714092815724,1.0481086168285347,0.7811347790394719,12826.5,9215.0,0.7686040306762709,0.7649238485400242,1.4165137248924495,1.9341524275120343,10871.807462423165
10,108,111,3,0.3110575976630253,0.41675602891762925,0.7463781591135783,12233.0,9423.0,0.7285643796309714,0.5644277468195746,1.468875163188778,1.6553226561072047,10736.459332573286
10,108,112,4,0.41171994601327944,0.5545316902542774,0.742464232881781,12233.0,8476.0,0.7285643796309714,0.5000288613702853,1.468875163188778,1.7217674200101405,10182.676858272584
10,108,113,5,0.521440975425529,0.6973750457513824,0.74771957872927,12233.0,7531.5,0.7285643796309714,0.4327966234674971,1.468875163188778,1.8044350316653501,9598.585286384656
10,108,114,6,0.6442840482710146,0.8357655175625324,0.7708909194411804,12233.0,6793.0,0.7285643796309714,0.3650003620277868,1.468875163188778,1.8823221766814378,9115.852620572581
10,108,115,7,0.7437987005056664,0.9744542613120297,0.7632977041982424,12233.0,6078.5,0.7285643796309714,0.29823331497873395,1.468875163188778,1.966928700491313,8623.125332499812
10,108,116,8,0.7445108039290835,0.9906752324482466,0.7515185396218909,12233.0,5782.5,0.7285643796309714,0.1980366586646881,1.468875163188778,1.9680101066234936,8410.548287715848
10,108,117,9,0.7541371239016561,0.9921841864855454,0.7600777498509776,12233.0,5611.0,0.7285643796309714,0.1249095555581435,1.468875163188778,1.9728288488415748,8284.88762748174
10,108,118,10,0.7871910908250483,1.0096251298581163,0.7796865069470618,12233.0,5570.5,0.7285643796309714,0.13067647052193906,1.468875163188778,1.9912060824805764,8254.933464298789
10,108,119,11,0.8043946929876722,1.0223203598673936,0.786832312614816,12233.0,5760.0,0.7285643796309714,0.2090014632649357,1.468875163188778,1.9955245261205834,8394.169405009647
10,108,120,12,0.7740616811269093,1.0223203598673936,0.7571615625725324,12233.0,5955.0,0.7285643796309714,0.3115566250312938,1.468875163188778,1.99738534451972,8535.075570842944
10,108,121,13,0.7939197520612835,1.045310958983085,0.7595058152204167,12233.0,6421.5,0.7285643796309714,0.4254495026471069,1.468875163188778,1.994374194137768,8863.081264436201
10,108,122,14,0.783972277202233,1.045310958983085,0.7499895322678991,12233.0,7011.5,0.7285643796309714,0.5489415437318604,1.468875163188778,2.0018541181607556,9261.300097718462
10,108,123,15,0.8167603490240012,1.0697933011480096,0.7634749144040486,12233.0,7917.0,0.7285643796309714,0.6822030908180214,1.468875163188778,2.0143984172979277,9841.171729016825
10,108,139,31,0.7066717803419877,0.9159457940972816,0.7715213988601305,12233.0,9215.0,0.7285643796309714,0.7649238485400242,1.468875163188778,1.9341524275120343,10617.301681689185
10,109,112,3,0.32960237142449467,0.4158147995131583,0.7926662827066224,11446.0,8476.0,0.6799673323559129,0.5000288613702853,1.5160383727226414,1.7217674200101405,9849.685071107604
10,109,113,4,0.43889904543296865,0.558702601299499,0.785568286977944,11446.0,7531.5,0.6799673323559129,0.4327966234674971,1.5160383727226414,1.8044350316653501,9284.694340687796
10,109,114,5,0.5620122101382832,0.6970641328933834,0.8062561012936861,11446.0,6793.0,0.6799673323559129,0.3650003620277868,1.5160383727226414,1.8823221766814378,8817.747898414878
10,109,115,6,0.6612745446657284,0.8357520299223582,0.7912329506721762,11446.0,6078.5,0.6799673323559129,0.29823331497873395,1.5160383727226414,1.966928700491313,8341.133675945974
10,109,116,7,0.6624758843258199,0.8519804727663225,0.777571676231975,11446.0,5782.5,0.6799673323559129,0.1980366586646881,1.5160383727226414,1.9680101066234936,8135.5082816010945
10,109,117,8,0.6729109677194683,0.85348604179679,0.788426447259561,11446.0,5611.0,0.6799673323559129,0.1249095555581435,1.5160383727226414,1.9728288488415748,8013.956950221283
10,109,118,9,0.7055513693877491,0.8709252684370578,0.8101170042452841,11446.0,5570.5,0.6799673323559129,0.13067647052193906,1.5160383727226414,1.9912060824805764,7984.982341871521
10,109,119,10,0.7218127301614091,0.8836152253225223,0.8168857999226362,11446.0,5760.0,0.6799673323559129,0.2090014632649357,1.5160383727226414,1.9955245261205834,8119.665017720867
10,109,120,11,0.6913935342062203,0.8836152253225223,0.7824599603904058,11446.0,5955.0,0.6799673323559129,0.3115566250312938,1.5160383727226414,1.99738534451972,8255.96329933703
10,109,121,12,0.7123694777473698,0.9066090817454461,0.7857515351334038,11446.0,6421.5,0.6799673323559129,0.4254495026471069,1.5160383727226414,1.994374194137768,8573.242618752836
10,109,122,13,0.7018770570084588,0.9066090817454461,0.7741782772098117,11446.0,7011.5,0.6799673323559129,0.5489415437318604,1.5160383727226414,2.0018541181607556,8958.438982322758
10,109,123,14,0.734517933700345,0.9310849455073855,0.7888839114459925,11446.0,7917.0,0.6799673323559129,0.6822030908180214,1.5160383727226414,2.0143984172979277,9519.347771775123
10,109,139,30,0.6238786500154743,0.7772433436645784,0.8026812388948691,11446.0,9215.0,0.6799673323559129,0.7649238485400242,1.5160383727226414,1.9341524275120343,10270.096883671546
10,110,113,3,0.3064605766495325,0.41842681842970864,0.7324114113900057,10476.0,7531.5,0.6253680296255516,0.4327966234674971,1.5891700944899863,1.8044350316653501,8882.566858740778
10,110,114,4,0.4292382756657838,0.5568460508192037,0.7708383224309667,10476.0,6793.0,0.6253680296255516,0.3650003620277868,1.5891700944899863,1.8823221766814378,8435.844237537818
10,110,115,5,0.5286743835059461,0.6955314419933756,0.7601013435004155,10476.0,6078.5,0.6253680296255516,0.29823331497873395,1.5891700944899863,1.966928700491313,7979.8725553733
10,110,116,6,0.5299213714595566,0.711745061757659,0.7445381779691066,10476.0,5782.5,0.6253680296255516,0.1980366586646881,1.5891700944899863,1.9680101066234936,7783.152960079868
10,110,117,7,0.5406900364622914,0.7132561588022563,0.7580586999350295,10476.0,5611.0,0.6253680296255516,0.1249095555581435,1.5891700944899863,1.9728288488415748,7666.866113347748
10,110,118,8,0.572947466273711,0.7306986069162567,0.7841091536929328,10476.0,5570.5,0.6253680296255516,0.13067647052193906,1.5891700944899863,1.9912060824805764,7639.146418285226
10,110,119,9,0.5890546000502227,0.7434019643627727,0.7923769754296344,10476.0,5760.0,0.6253680296255516,0.2090014632649357,1.5891700944899863,1.9955245261205834,7767.995880534438
10,110,120,10,0.5589877907329242,0.7434019643627727,0.7519320872552117,10476.0,5955.0,0.6253680296255516,0.3115566250312938,1.5891700944899863,1.99738534451972,7898.3909753822645
10,110,121,11,0.5797752850310908,0.7663859322437683,0.7565056463571395,10476.0,6421.5,0.6253680296255516,0.4254495026471069,1.5891700944899863,1.994374194137768,8201.928675622581
10,110,122,12,0.5693748416798705,0.7663859322437683,0.7429348814022418,10476.0,7011.5,0.6253680296255516,0.5489415437318604,1.5891700944899863,2.0018541181607556,8570.441878923164
10,110,123,13,0.6017548376912374,0.7908789648361088,0.7608684317655826,10476.0,7917.0,0.6253680296255516,0.6822030908180214,1.5891700944899863,2.0143984172979277,9107.057263463319
10,110,139,29,0.4913107870544773,0.6370252823693853,0.771257908676827,10476.0,9215.0,0.6253680296255516,0.7649238485400242,1.5891700944899863,1.9341524275120343,9825.290835390066
10,111,114,3,0.33364926290198116,0.41913360195808363,0.7960451305818913,9423.0,6793.0,0.5644277468195746,0.3650003620277868,1.6553226561072047,1.8823221766814378,8000.652410897501
10,111,115,4,0.43283730036643403,0.5578089242631292,0.7759597983094589,9423.0,6078.5,0.5644277468195746,0.29823331497873395,1.6553226561072047,1.966928700491313,7568.203584735284
10,111,116,5,0.4341564638427616,0.5740627996189669,0.7562874029303626,9423.0,5782.5,0.5644277468195746,0.1980366586646881,1.6553226561072047,1.9680101066234936,7381.632441404814
10,111,117,6,0.4454357884674383,0.5755481938418755,0.7739330836816354,9423.0,5611.0,0.5644277468195746,0.1249095555581435,1.6553226561072047,1.9728288488415748,7271.344648687751
10,111,118,7,0.4775359725183364,0.5929827214591543,0.8053117826827437,9423.0,5570.5,0.5644277468195746,0.13067647052193906,1.6553226561072047,1.9912060824805764,7245.054968735572
10,111,119,8,0.4937234639805527,0.605659059323189,0.8151838173316158,9423.0,5760.0,0.5644277468195746,0.2090014632649357,1.6553226561072047,1.9955245261205834,7367.2572915570145
10,111,120,9,0.46307098592982915,0.605659059323189,0.7645736967053726,9423.0,5955.0,0.5644277468195746,0.3115566250312938,1.6553226561072047,1.99738534451972,7490.925510242376
10,111,121,10,0.48445245701778833,0.628661293598126,0.7706096461658037,9423.0,6421.5,0.5644277468195746,0.4254495026471069,1.6553226561072047,1.994374194137768,7778.804181877829
10,111,122,11,0.47354116046552436,0.628661293598126,0.7532532466810933,9423.0,7011.5,0.5644277468195746,0.5489415437318604,1.6553226561072047,2.0018541181607556,8128.3063734089155
10,111,123,12,0.506122846089132,0.6531226749951895,0.7749276904110852,9423.0,7917.0,0.5644277468195746,0.6822030908180214,1.6553226561072047,2.0143984172979277,8637.238621226115
10,111,139,28,0.39565458450663216,0.49930167484961646,0.7924158969140219,9423.0,9215.0,0.5644277468195746,0.7649238485400242,1.6553226561072047,1.9341524275120343,9318.419662153019
10,112,115,3,0.33222487365509823,0.4199692544795562,0.7910695130928226,8476.0,6078.5,0.5000288613702853,0.29823331497873395,1.7217674200101405,1.966928700491313,7177.838532594614
10,112,116,4,0.3329053300129246,0.4362356114617223,0.763131943532619,8476.0,5782.5,0.5000288613702853,0.1980366586646881,1.7217674200101405,1.9680101066234936,7000.8906576234995
10,112,117,5,0.3439416547250164,0.4376950279166473,0.7858020603115354,8476.0,5611.0,0.5000288613702853,0.1249095555581435,1.7217674200101405,1.9728288488415748,6896.291467158273
10,112,118,6,0.37608739491485355,0.4551332223783603,0.8263237584581453,8476.0,5570.5,0.5000288613702853,0.13067647052193906,1.7217674200101405,1.9912060824805764,6871.357798863337
10,112,120,8,0.3627836857109646,0.46781662748781055,0.7754826664864906,8476.0,5955.0,0.5000288613702853,0.3115566250312938,1.7217674200101405,1.99738534451972,7104.546431687248
10,112,121,9,0.38299423073265687,0.49081835385931005,0.7803176627792524,8476.0,6421.5,0.5000288613702853,0.4254495026471069,1.7217674200101405,1.994374194137768,7377.576431322145
10,112,122,10,0.37237632525193953,0.49081835385931005,0.7586845975174735,8476.0,7011.5,0.5000288613702853,0.5489415437318604,1.7217674200101405,2.0018541181607556,7709.051433217967
10,112,123,11,0.4051379033889315,0.5152937854651591,0.7862270316790466,8476.0,7917.0,0.5000288613702853,0.6822030908180214,1.7217674200101405,2.0143984172979277,8191.733149950625
10,112,139,27,0.29580439231924016,0.36145626798987307,0.8183684127661267,8476.0,9215.0,0.5000288613702853,0.7649238485400242,1.7217674200101405,1.9341524275120343,8837.779132791224
10,113,116,3,0.22429764556391654,0.29333151709340805,0.7646557989624126,7531.5,5782.5,0.4327966234674971,0.1980366586646881,1.8044350316653501,1.9680101066234936,6599.3104753451325
10,113,117,4,0.23811610557838417,0.29485432291435054,0.8075720349792948,7531.5,5611.0,0.4327966234674971,0.1249095555581435,1.8044350316653501,1.9728288488415748,6500.711230319341
10,113,120,7,0.25264756289754203,0.32500905681063214,0.777355453958159,7531.5,5955.0,0.4327966234674971,0.3115566250312938,1.8044350316653501,1.99738534451972,6697.020419559732
10,113,121,8,0.2760556128125167,0.3479783017164814,0.793312719358679,7531.5,6421.5,0.4327966234674971,0.4254495026471069,1.8044350316653501,1.994374194137768,6954.389063749597
10,113,122,9,0.26343574178310925,0.3479783017164814,0.7570464608961336,7531.5,7011.5,0.4327966234674971,0.5489415437318604,1.8044350316653501,2.0018541181607556,7266.850228950642
10,113,123,10,0.2962644588804292,0.3724829269097112,0.7953772843721314,7531.5,7917.0,0.4327966234674971,0.6822030908180214,1.8044350316653501,2.0143984172979277,7721.844695407956
10,114,120,6,0.13281993758510235,0.18655934801894725,0.7119446921073768,6793.0,5955.0,0.3650003620277868,0.3115566250312938,1.8823221766814378,1.99738534451972,6360.213439814736
10,114,121,7,0.153040236203621,0.209545794217367,0.7303426765266814,6793.0,6421.5,0.3650003620277868,0.4254495026471069,1.8823221766814378,1.994374194137768,6604.638483671911
10,114,123,9,0.17251767502624804,0.2340345211508836,0.7371462730279211,6793.0,7917.0,0.3650003620277868,0.6822030908180214,1.8823221766814378,2.0143984172979277,7333.49718756338
9,121,141,20,0.3989318211444944,0.508258772723078,0.7848990367783583,10436.0,12598.5,0.6449882397198065,0.44180074026915556,1.8077641985410626,1.4806093826164948,11466.383300762276
9,121,142,21,0.5323088482501973,0.6970648985824975,0.7636431691405827,10436.0,15005.5,0.6449882397198065,0.49959762184552997,1.8077641985410626,1.3732140377927138,12513.888204710796
9,121,143,22,0.6915582053976352,0.88671480024531,0.779910525014712,10436.0,18150.0,0.6449882397198065,0.5807863646577832,1.8077641985410626,1.2659590355531374,13762.75408484799
9,121,144,23,0.8377278560349467,1.0744289449599513,0.779695911921074,10436.0,22558.0,0.6449882397198065,0.6930124464447227,1.8077641985410626,1.1692252051133716,15343.248938865589
9,122,142,20,0.567882018056422,0.6970648985824975,0.8146759637606588,9109.0,15005.5,0.5089195377294816,0.49959762184552997,1.8296733348912027,1.3732140377927138,11691.240289207984
9,122,143,21,0.7266098862588383,0.88671480024531,0.8194403499950845,9109.0,18150.0,0.5089195377294816,0.5807863646577832,1.8296733348912027,1.2659590355531374,12858.00723284911
9,122,144,22,0.8701932418605988,1.0744289449599513,0.809912322208552,9109.0,22558.0,0.5089195377294816,0.6930124464447227,1.8296733348912027,1.1692252051133716,14334.602261660419
9,124,141,17,0.41512919480579713,0.5459831454819518,0.7603333513882614,7701.5,12598.5,0.26414653345257977,0.44180074026915556,1.8299637232076431,1.4806093826164948,9850.246075606436
9,124,142,18,0.5481240717965075,0.7347884101504737,0.7459617819560598,7701.5,15005.5,0.26414653345257977,0.49959762184552997,1.8299637232076431,1.3732140377927138,10750.109685486934
9,124,143,19,0.7069920763495504,0.9244405871969299,0.7647782736295444,7701.5,18150.0,0.26414653345257977,0.5807863646577832,1.8299637232076431,1.2659590355531374,11822.953311250112
9,124,144,20,0.8522100427612823,1.1121522381645281,0.7662710315340922,7701.5,22558.0,0.26414653345257977,0.6930124464447227,1.8299637232076431,1.1692252051133716,13180.684238688065
9,125,139,14,0.12601866478698615,0.1799531797249521,0.70028584646072,7298.5,9120.0,0.15515118081888887,0.37851346165337235,1.8366353438098084,1.7294648677714248,8158.5734047074675
9,125,141,16,0.4250013168161369,0.5588318483934682,0.7605173506805888,7298.5,12598.5,0.15515118081888887,0.44180074026915556,1.8366353438098084,1.4806093826164948,9589.064200953084
9,125,142,17,0.5585334104193189,0.747632761870235,0.7470692014915504,7298.5,15005.5,0.15515118081888887,0.49959762184552997,1.8366353438098084,1.3732140377927138,10465.067689699861
9,125,143,18,0.7172011758693623,0.9372899778482451,0.7651860073398576,7298.5,18150.0,0.15515118081888887,0.5807863646577832,1.8366353438098084,1.2659590355531374,11509.464583550358
9,125,144,19,0.8639502329438233,1.1249952711937599,0.7679589906427471,7298.5,22558.0,0.15515118081888887,0.6930124464447227,1.8366353438098084,1.1692252051133716,12831.194917076118
9,126,141,15,0.4709143083414834,0.5692101459318648,0.8273118666402908,7107.5,12598.5,0.07810181406685843,0.44180074026915556,1.8521280119592476,1.4806093826164948,9462.760630492563
9,126,142,16,0.6035164406788425,0.7580161805599253,0.7961788364900626,7107.5,15005.5,0.07810181406685843,0.49959762184552997,1.8521280119592476,1.3732140377927138,10327.22572862625
9,126,143,17,0.7628609818913553,0.9476667488353725,0.804988655377924,7107.5,18150.0,0.07810181406685843,0.5807863646577832,1.8521280119592476,1.2659590355531374,11357.866216856051
9,126,144,18,0.9091659659401333,1.1353806986729,0.8007586944210168,7107.5,22558.0,0.07810181406685843,0.6930124464447227,1.8521280119592476,1.1692252051133716,12662.187212326313
9,127,139,12,0.1502159533318217,0.19113448368543376,0.7859175928664177,7137.5,9120.0,0.14301920418972522,0.37851346165337235,1.8556211716491509,1.7294648677714248,8068.085274710475
9,127,141,14,0.44964169653010366,0.5700289382051907,0.7888050349616604,7137.5,12598.5,0.14301920418972522,0.44180074026915556,1.8556211716491509,1.4806093826164948,9482.710253403297
9,127,142,15,0.583113184676635,0.7588345389671556,0.7684325827739816,7137.5,15005.5,0.14301920418972522,0.49959762184552997,1.8556211716491509,1.3732140377927138,10348.997837955132
9,127,143,16,0.7418626675529741,0.9484864364941854,0.7821542185622199,7137.5,18150.0,0.14301920418972522,0.5807863646577832,1.8556211716491509,1.2659590355531374,11381.811147616183
9,127,144,17,0.8886212800980526,1.1361991663007829,0.7820999226669124,7137.5,22558.0,0.14301920418972522,0.6930124464447227,1.8556211716491509,1.1692252051133716,12688.881944442544
9,128,141,13,0.4754805819215065,0.5702282566390067,0.8338425470600944,7368.5,12598.5,0.22268868279196447,0.44180074026915556,1.85760130576732,1.4806093826164948,9634.93888148752
9,128,142,14,0.60813795521604,0.7590334376046459,0.8012004808842135,7368.5,15005.5,0.22268868279196447,0.49959762184552997,1.85760130576732,1.3732140377927138,10515.133225499332
9,128,143,15,0.7676613861293268,0.9486862737925453,0.8091836124712348,7368.5,18150.0,0.22268868279196447,0.5807863646577832,1.85760130576732,1.2659590355531374,11564.52657915576
9,128,144,16,0.9136137725863375,1.1363980675412033,0.8039557604696577,7368.5,22558.0,0.22268868279196447,0.6930124464447227,1.85760130576732,1.1692252051133716,12892.580152940684
9,129,139,10,0.15546782500103576,0.19028839277071352,0.8170116040044832,7664.0,9120.0,0.3063353375318811,0.37851346165337235,1.8570629779302867,1.7294648677714248,8360.363628455403
9,129,141,12,0.45793806214346466,0.5691821165315021,0.8045545508949937,7664.0,12598.5,0.3063353375318811,0.44180074026915556,1.8570629779302867,1.4806093826164948,9826.235494837278
9,129,142,13,0.591029956699465,0.7579881459096953,0.7797350920180205,7664.0,15005.5,0.3063353375318811,0.49959762184552997,1.8570629779302867,1.3732140377927138,10723.905631811574
9,129,143,14,0.7503726675655349,0.9476387371454649,0.7918341010687819,7664.0,18150.0,0.3063353375318811,0.5807863646577832,1.8570629779302867,1.2659590355531374,11794.134135238584
9,129,144,15,0.8960053715426667,1.135352671251977,0.7891868264639065,7664.0,22558.0,0.3063353375318811,0.6930124464447227,1.8570629779302867,1.1692252051133716,13148.55551001706
9,130,141,11,0.4051207714505404,0.5691817629283283,0.7117599294929507,8703.0,12598.5,0.4811063073082193,0.44180074026915556,1.8369835339046328,1.4806093826164948,10471.138691660999
9,130,142,12,0.5386459677172455,0.7579877924626415,0.7106261777214485,8703.0,15005.5,0.4811063073082193,0.49959762184552997,1.8369835339046328,1.3732140377927138,11427.723592212054
9,130,143,13,0.6963576754511837,0.9476383836257096,0.734834814084763,8703.0,18150.0,0.4811063073082193,0.5807863646577832,1.8369835339046328,1.2659590355531374,12568.191994077748
9,130,144,14,0.8427802482791429,1.1353523185515895,0.7423072419971877,8703.0,22558.0,0.4811063073082193,0.6930124464447227,1.8369835339046328,1.1692252051133716,14011.505058344017
9,131,141,10,0.4051207714505404,0.5691822307117117,0.7117593445318434,8703.0,12598.5,0.4811063073082193,0.44180074026915556,1.8369835339046328,1.4806093826164948,10471.138691660999
9,131,142,11,0.5386459677172455,0.7579882601275486,0.7106257392780808,8703.0,15005.5,0.4811063073082193,0.49959762184552997,1.8369835339046328,1.3732140377927138,11427.723592212054
9,131,143,12,0.6963576754511837,0.9476388510795442,0.7348344516034747,8703.0,18150.0,0.4811063073082193,0.5807863646577832,1.8369835339046328,1.2659590355531374,12568.191994077748
9,131,144,13,0.8427802482791429,1.135352785228515,0.7423069368782274,8703.0,22558.0,0.4811063073082193,0.6930124464447227,1.8369835339046328,1.1692252051133716,14011.505058344017
9,133,139,6,0.13363854093551145,0.19028783027567064,0.7022968349678949,8526.5,9120.0,0.46520855578000697,0.37851346165337235,1.8503841485170769,1.7294648677714248,8818.258331439378
9,133,141,8,0.435819252724902,0.5691815513100885,0.7656946219036339,8526.5,12598.5,0.46520855578000697,0.44180074026915556,1.8503841485170769,1.4806093826164948,10364.41557686684
9,133,142,9,0.5694444422930133,0.757987581097651,0.7512582745331974,8526.5,15005.5,0.46520855578000697,0.49959762184552997,1.8503841485170769,1.3732140377927138,11311.250848159985
9,133,143,10,0.7282610825400732,0.9476381716544091,0.7685012110357033,8526.5,18150.0,0.46520855578000697,0.5807863646577832,1.8503841485170769,1.2659590355531374,12440.095457833111
9,133,144,11,0.8744874132885007,1.1353521076251873,0.7702345443455981,8526.5,22558.0,0.46520855578000697,0.6930124464447227,1.8503841485170769,1.1692252051133716,13868.69810039861
9,134,141,7,0.46274343849832306,0.5691822832913314,0.8129969116791211,8048.0,12598.5,0.3725068582205769,0.44180074026915556,1.8484790453929643,1.4806093826164948,10069.395612448643
9,134,142,8,0.5954603726341251,0.7579883126802701,0.7855798864873771,8048.0,15005.5,0.3725068582205769,0.49959762184552997,1.8484790453929643,1.3732140377927138,10989.27950322495
9,134,143,9,0.7549987179051659,0.9476389037517694,0.7967156212309062,8048.0,18150.0,0.3725068582205769,0.5807863646577832,1.8484790453929643,1.2659590355531374,12085.991891441927
9,134,144,10,0.9008752349101191,1.1353528378219875,0.7934760057836467,8048.0,22558.0,0.3725068582205769,0.6930124464447227,1.8484790453929643,1.1692252051133716,13473.929790525108
9,135,141,6,0.422783267815175,0.5691825730256439,0.7427902536926881,7709.5,12598.5,0.30242915673627374,0.44180074026915556,1.8402477323604984,1.4806093826164948,9855.360762042148
9,135,142,7,0.5562998803092287,0.7579886020288185,0.7339158911100333,7709.5,15005.5,0.30242915673627374,0.49959762184552997,1.8402477323604984,1.3732140377927138,10755.691621183641
9,135,143,8,0.7145246509957437,0.9476391940227211,0.7540049583244779,7709.5,18150.0,0.30242915673627374,0.5807863646577832,1.8402477323604984,1.2659590355531374,11829.092315135595
9,135,144,9,0.861392943947017,1.1353531265018912,0.7587004640582915,7709.5,22558.0,0.30242915673627374,0.6930124464447227,1.8402477323604984,1.1692252051133716,13187.528236936594
9,136,141,5,0.4597854877160755,0.5700784111008629,0.8065302575275501,7600.0,12598.5,0.27254603781741227,0.44180074026915556,1.8422277909772928,1.4806093826164948,9785.121358470728
9,136,142,6,0.5918370188864339,0.7588843803621779,0.7798777181366936,7600.0,15005.5,0.27254603781741227,0.49959762184552997,1.8422277909772928,1.3732140377927138,10679.035536976175
9,136,143,7,0.7501858770249168,0.9485354092886988,0.7908886370277698,7600.0,18150.0,0.27254603781741227,0.5807863646577832,1.8422277909772928,1.2659590355531374,11744.786077234443
9,136,144,8,0.8971334357712045,1.136249327835117,0.789556846190178,7600.0,22558.0,0.27254603781741227,0.6930124464447227,1.8422277909772928,1.1692252051133716,13093.540392117024
9,137,141,4,0.4642690844693055,0.5695252801757332,0.8151860867809945,7657.0,12598.5,0.2957996787114821,0.44180074026915556,1.849434595880625,1.4806093826164948,9821.74701873348
9,137,142,5,0.5969580683646906,0.7583312269244724,0.787199639378883,7657.0,15005.5,0.2957996787114821,0.49959762184552997,1.849434595880625,1.3732140377927138,10719.00711353435
9,137,143,6,0.7560368598063808,0.9479823047028219,0.7975221225710399,7657.0,18150.0,0.2957996787114821,0.5807863646577832,1.849434595880625,1.2659590355531374,11788.74675272991
9,137,144,7,0.9026579358323666,1.135696126499597,0.794805859393487,7657.0,22558.0,0.2957996787114821,0.6930124464447227,1.849434595880625,1.1692252051133716,13142.54944826155
9,139,142,3,0.43642006861948945,0.5677008930811714,0.7687500124420077,9120.0,15005.5,0.37851346165337235,0.49959762184552997,1.7294648677714248,1.3732140377927138,11698.29731200229
9,139,143,4,0.5955607898796004,0.7573526113702824,0.7863718708278418,9120.0,18150.0,0.37851346165337235,0.5807863646577832,1.7294648677714248,1.2659590355531374,12865.768535147832
9,139,144,5,0.7415992428929251,0.945064728892366,0.7847073541323393,9120.0,22558.0,0.37851346165337235,0.6930124464447227,1.7294648677714248,1.1692252051133716,14343.254860735062
9,141,144,3,0.43903377791800713,0.5661738482891269,0.7754398745980344,12598.5,22558.0,0.44180074026915556,0.6930124464447227,1.4806093826164948,1.1692252051133716,16858.142335382032
