# 3D point list with one line of data per point:
#   POINT3D_ID, X, Y, Z, R, G, B, ERROR, TRACK[] as (IMAGE_ID, POINT2D_IDX)
# Number of points: 2129, mean track length: 5.0018788163457026
3694 -18.213711963323842 13.738861068300645 -5.3041538548534275 88 93 99 0.031725193071731453 67 893 69 1101 70 1203 68 861
3693 -18.132034350595518 13.386844348661031 -4.8061475668683871 25 84 45 0.14020272474589254 69 1100 68 860 67 891
3692 -18.132034350595518 13.386844348661031 -4.8061475668683871 25 84 45 0.14020272474589254 69 1099 68 859 67 890
3691 12.074087319410451 3.2957934974544187 21.492717160207203 0 0 0 0.39801741900127602 69 967 68 855
3688 -17.375381076256854 8.6560069105472603 -4.1426356454853233 124 124 124 0.11259055159996656 67 865 69 940 68 833
3687 -17.5437426848844 8.2512193092304624 -4.4335526925784166 124 124 124 0.097714498741765188 69 931 68 829 70 1059
3686 0.18759885621967645 2.8353115339896755 25.437472779597304 59 62 72 0.16293905001556819 87 880 68 823
3683 -18.39814695202395 5.184914650194095 -8.514892163137489 122 122 122 0.16870406057733389 67 822 69 1030 68 797
3669 -17.434821408028384 8.1732539093233942 -4.8954350511981826 124 124 124 0.05854594992535183 67 713 69 932 68 684
3665 -4.3112690314472424 14.660878977815893 95.87136050894712 0 0 0 2.3360987397902182 88 821 92 894
3661 -18.54717286616863 5.2193397245050148 -8.9506229825829227 11 86 38 0.17596743503784262 67 651 69 896 68 627
3658 -12.626700437977343 -0.77281142301655581 9.1745323803727477 0 0 0 0.42460020990822223 71 903 68 617
3657 -6.471908862288795 -15.912769916706402 12.510419928648322 117 117 117 0.36604070177596482 67 362 69 685 68 584
3652 -18.255344161259288 11.041280232393268 -6.3096597208678684 53 83 64 0.16086449414943227 67 563 69 653 70 918 68 557
3645 -18.55668299255905 7.1663770697950522 -8.1779890215580995 67 74 86 0.098196217176092643 67 523 69 591 70 867 68 493
3644 -18.55668299255905 7.1663770697950522 -8.1779890215580995 67 74 86 0.098196217176092643 67 522 69 590 70 866 68 492
3643 -18.567698030173172 6.342013643526661 -8.6300942108749137 72 76 86 0.049264844100356982 67 498 69 555 68 475
3642 -18.62468781000571 6.3329050382969037 -8.5899335863921351 75 78 87 0.11450512767122356 67 496 69 760 68 474
3636 -18.553617322222749 5.9256891820129827 -8.6667509771177862 73 76 85 0.013317585302846824 67 469 69 752 68 456
3635 -18.121233051376517 5.6321840047707337 -7.7266308929814569 13 29 58 0.10879244825586848 67 462 69 510 68 452
3634 -18.01467337903355 5.3434780941486144 -7.4882593063162739 11 28 57 0.11889630520445522 69 480 70 484 68 443
3628 -18.598882743752345 5.2022966731113884 -8.7116379236197456 11 85 38 0.048154586850378413 69 95 68 413
3627 -17.891131206677773 4.5788028947531796 -7.4101889746804792 8 20 45 0.41462184550703712 67 58 69 446 68 405
3626 -18.246082353351468 4.8708349358818017 -8.3646526762460045 4 16 42 0.017197698919560519 70 801 68 402
3625 -12.215382136020224 -2.0387105531427681 10.091167632820973 140 140 140 0.170570974802218 74 770 68 385
3620 -3.8869860502451146 -16.359375370365953 16.439920651121351 133 133 133 0.19155527644384249 67 368 71 26 68 351
3616 -18.42933950698318 12.248065323978887 -5.9894431224954525 122 122 122 0.046573344426588649 69 376 70 731 68 328
3612 -18.234445430117972 11.369826301763942 -5.7792036365519523 122 122 122 0.044182428148134854 69 657 68 314
3607 -18.165924206807404 9.7943094207191095 -6.1781367496113226 124 124 124 0.00081116186539613086 69 633 68 292
3606 -18.509578031548891 9.4265511377585209 -7.2292084463387933 120 121 121 0.092139718612056901 67 557 69 627 68 289
3605 -18.485251496102357 9.3808624863034442 -7.1762094643990055 74 78 85 0.18727653245214806 67 288 69 626 68 288
3603 -17.555338231395382 9.1075279171427361 -4.8910101112776188 97 98 101 0.066661594697653342 67 284 69 293 68 281
3601 -17.486827630039517 8.128192210304066 -4.8616319051214711 122 122 123 0.073536846363850134 67 269 69 271 68 272
3586 -17.948533923367467 5.7954896019186481 -7.1178001337577363 15 33 63 0.198319898342326 69 195 68 165 70 160
3585 -18.011587308287883 5.8491871614639663 -7.2636679687183952 15 33 63 0.087792175574681552 67 182 70 569 68 164
3584 -14.502121835515249 4.9446506318258452 -6.8092641552304451 18 34 64 0.30457915812415548 70 574 68 163
3580 -17.879499078956478 5.6736406922969982 -6.9792610351828177 75 79 90 0.044224158964594924 69 188 70 156 68 153
3579 -18.592083898054867 6.035274959173309 -8.687708608114681 10 25 53 0.052879681960445846 67 159 69 178 68 144
3578 -18.592887679070724 6.0352441688178731 -8.6880892592533154 10 25 53 0.060941096081897746 69 177 68 143
3577 -17.829843482989862 5.4975733159740869 -6.8509538167590147 19 35 64 0.028734769431212132 69 522 68 140
3574 -18.220526713647299 5.7219519796563549 -7.9057533558369188 15 30 58 0.063535096804932287 67 151 69 517 68 134
3573 -18.469857003069947 5.8497654064743836 -8.4765582761862994 77 80 89 0.072198850014892235 70 148 68 129 69 166
3566 -17.380892268065146 4.670157949309786 -5.9034721077828376 13 30 60 0.03667242206335751 69 465 68 59
3561 -18.038871650116324 4.6297002292770415 -7.8355214948525145 110 110 112 0.11079567638383059 69 83 70 51 68 35
3560 -16.330236965673382 3.0104822612554738 -3.5287090894250892 3 8 27 0.0061005093117523761 70 49 68 29
3555 -1.6362160239336412 -20.768344521321772 26.384246423924001 134 134 134 1.5330242277685922 79 839 80 550 76 517 77 722 78 768
3554 -6.739536209770046 9.7158453980363504 26.338700296579546 122 122 122 1.5341952750131993 76 314 77 672 78 727 79 793 74 590 80 643 81 795 82 771 83 850
3553 -6.739536209770046 9.7158453980363504 26.338700296579546 122 122 122 1.5341952750131993 76 313 77 671 78 726 79 792 74 589 80 642 81 794 82 770 83 849
3545 22.54613978013144 -7.0806064615259974 34.612288937564983 59 62 72 1.3320223522417276 83 772 77 862 78 793 74 782 72 896 80 587 81 685 76 550
3540 -2.3740637073305955 -3.0995476239509494 25.396275453512988 19 20 20 1.2031202832483112 71 711 70 828 69 751 67 671 76 412 77 598 74 535 73 537 81 510 82 698 83 800 84 872
3526 -15.073699066179598 14.740265728528472 8.5355757627564746 0 0 0 0.28432318238611404 70 917 69 817 67 569 73 591 71 821
3525 -2.3644589210804665 0.94824846220657577 24.735944629488522 108 108 108 1.6617103640785615 76 245 77 366 74 182 72 164 72 171 74 187 73 128 73 356 69 768 67 521 78 494 83 626
3523 -16.096193680015347 8.5171569244417373 4.8903239739308324 57 57 57 0.46219525038154208 69 1365 67 1260 68 1186
3515 -18.833193838080938 2.2043958407447786 -8.1919682206851423 57 57 57 0.77070369124578963 69 1342 70 1451 67 1232 68 1152
3513 -16.637257680520843 8.5561624521866122 1.3799859293452432 107 107 107 0.92746372307796032 70 1445 67 1205
3512 -17.893482813661024 6.2820499597991857 -6.6205048973962475 111 113 115 0.58651494097292844 69 1335 70 1443 67 1200
3508 -16.350903499380944 -0.9754217883899986 0.51461921144265821 57 57 57 0.24015086110750961 69 1274 67 1187 68 1121
3505 8.6572250814575735 8.995327601678806 16.208114138209428 111 117 134 1.0514223045306481 69 1312 73 1016 67 1173 68 1073
3498 -19.00507225325283 0.87255183186566054 -8.8758330113316362 5 5 5 0.55414902138334132 69 1169 70 1336 67 1140 68 1114
3495 9.0965059017058145 9.8809537763938025 17.414161693468152 59 62 72 1.1325033239012245 73 912 67 1131 72 767
3492 -17.364175104684573 10.298533279294649 -3.8833584843059392 107 113 119 0.1952610501504827 70 1364 67 1127 68 1006
3483 -16.575945085700848 5.3416883436758846 -3.7646488315682642 84 90 101 0.72863386092296079 70 1294 67 1107 68 1044
3479 -17.474994658342109 4.8377457842081579 -5.7715018471883699 19 35 64 0.10733203827896531 69 1195 70 1287 67 1101 68 1040
3476 -17.299888169475818 12.533637110387199 -3.0753814554888392 102 106 113 0.091301116706629881 69 1224 70 1328 67 1068 68 1017
3467 -13.872751432167105 -13.328803437421957 1.2865457107342144 122 122 122 0.077125012351542066 69 977 67 1004
3460 -17.568834602268737 9.3594130490025726 -4.7117250861157434 124 124 124 0.062575749018337679 69 1078 70 1244 67 981 68 927
3459 -15.310196343181742 9.5993253775822485 7.3369148789715695 29 30 30 0.21665108590572224 69 1074 70 1174 67 978 68 837 71 1079 72 921 73 963
3452 6.0595723153094339 -12.934376467766011 47.470163461560503 85 89 103 0.23810603850300577 69 1013 71 1038 72 668 73 674 74 660 67 928 68 887
3447 -5.1198164178592522 -14.897656008058743 13.856553806817285 117 117 117 0.34591720315664115 73 803 67 906 68 962
3437 5.9839641325278174 1.3251025850205251 26.545779465406248 111 117 134 0.18051593621127907 70 1054 67 857 68 830
3435 -12.335033731006162 6.2015744103745778 9.58668829719835 57 57 57 0.10465579103529553 69 921 67 850
3433 -9.7540024162367995 11.330647551457254 110.34349277508628 0 0 0 2.1506932307670823 88 940 92 990
3432 -1.0956879872944845 0.4161024772736624 24.854720707951216 59 62 72 0.38765006066114149 76 424 67 840 68 906
3431 -4.1281922084761735 0.50165035409253111 25.116623114424197 0 0 0 0.34638281186186859 82 819 67 837
3429 -18.235779094313422 4.8881512818281774 -8.1382793222297032 123 123 123 0.19189012282113493 69 1019 70 1130 67 816 68 791
3423 0.36768893537995334 -17.837136872076169 24.073267745755182 133 133 133 0.8673370379940567 69 863 84 1026 67 784
3420 -15.063914648377501 15.731974738168379 8.2350786749939235 142 142 142 0.20503012297966006 71 992 67 749
3411 -16.393652975045452 9.7344493558080654 -1.4123197932173033 52 75 68 0.12261069775315614 70 1077 67 726 69 948 68 705
3410 -16.089282415230485 9.4826929041409969 -0.90181524215961528 40 69 57 0.24822755608212899 70 1075 67 723 68 546
3398 -17.984479228623741 4.5189049375669663 -7.7649729406874268 6 19 45 0.069008476621591958 69 714 70 795 67 636 68 395
3380 -17.234513019953916 7.0245251459315634 -4.7889668138580781 79 82 88 0.13138309951142343 69 598 70 651 67 526 71 778 68 246
3376 -7.5529029541899186 1.695325139599664 23.097533160223978 124 124 124 0.031388908641243017 71 455 67 510
3374 -17.50744769279326 6.2192953833994942 -5.6036335306053999 94 100 111 0.033382318893311953 70 853 71 936 67 506
3370 -18.506758065990127 6.2722363901464186 -8.4455880943437336 79 82 91 0.10943031236051734 69 554 70 582 67 497 68 179
3365 -18.399346025860876 5.9749310943864975 -8.248746107200045 74 77 88 0.069345800179879097 69 539 70 565 67 484 68 149
3359 -18.111967385351551 5.7128099389252478 -7.6166268421540497 77 80 91 0.054980256376506859 69 525 70 539 67 473 68 462
3349 -17.542321051770408 5.1445358378618966 -6.2889103848663543 72 77 89 0.066416344254775203 69 492 70 502 67 454 68 108
3345 -17.777020351428011 5.1545454291314066 -6.8273660107404579 80 84 93 0.06035708002903252 69 478 70 483 67 447 68 87
3336 -18.167730990725079 5.0502937478934076 -7.94718668208231 8 19 43 0.22184464578591354 69 457 70 813 67 426 68 419
3335 -17.952568352907001 4.8620814042200609 -7.4399579588090354 5 17 43 0.0051828228516224489 69 453 70 812 67 424
3320 -17.112784116693707 13.121693344658397 -3.0128217106840549 84 85 90 0.089969792915397973 70 734 67 337 71 618
3316 -11.515214813972017 17.041826383631911 21.412712173115928 231 231 231 0.66009282782512746 69 652 70 710 67 327 68 321 78 566
3315 -18.229362780990062 11.372810681482864 -5.8980732169938666 23 63 47 0.066094870693731142 69 658 70 921 67 326 68 316
3285 -17.483351767502487 6.149606091899531 -5.7919346842313066 72 78 89 0.050647941485007945 69 214 70 185 67 204
3280 -18.308608587122261 6.0694703651576551 -7.9623657214977381 76 80 90 0.079757972718876344 70 572 67 187 68 171
3278 -18.26932425064798 6.0173849356930234 -7.825285768183198 83 87 94 0.097628604862135204 70 570 67 185
3268 -18.070840630329126 5.7761144602265242 -7.5329205158131476 17 32 61 0.071200294591683089 69 533 70 551 67 163 68 145
3267 -17.831493371537125 5.5890966956819641 -6.8029578315230221 81 84 94 0.055387491747540221 69 173 70 542 67 162 68 147
3266 -18.118567182364913 5.6620950805664281 -7.4674599003425204 67 71 84 0.086108272088101928 69 169 70 149 67 157 68 138
3262 -17.994929708117215 5.5998501992310432 -7.3604176587354537 79 82 92 0.061747676715107808 69 519 70 529 67 153 68 136
3261 -17.915672849607933 5.4775077008727937 -7.0445393462713213 70 75 87 0.12165555844684617 69 506 70 520 67 150 68 133
3260 -17.915672849607933 5.4775077008727937 -7.0445393462713213 70 75 87 0.12165555844684617 69 505 70 519 67 149 68 132
3253 -17.745374634821658 5.3342687177347381 -6.7144864054137843 79 83 93 0.041300453527027811 70 511 67 141
3248 -17.659225068103094 5.2124969310485785 -6.4301577158716947 75 79 90 0.067945342797562175 69 494 70 504 67 135 68 110
3247 -18.366741197737706 5.6779201679787805 -8.2581510257259882 11 26 54 0.080557132060478265 69 154 70 139 67 133
3244 -18.101480580845362 5.4871781472597885 -7.6198150624020116 73 77 87 0.038156874613582505 69 149 70 125 67 129
3237 -18.153777664680899 5.4856798294269602 -7.8441245458599411 10 26 55 0.17506825702141524 69 147 70 493 67 117
3236 -17.356027656562016 4.9054188149346896 -5.6987625847854 74 79 90 0.056660334256388466 69 141 70 116 67 115 68 96
3235 -17.204941205362378 4.7986938343225471 -5.4682844203760821 74 78 90 0.054969007071485346 69 139 70 109 67 113 68 92
3226 -17.728358841578007 5.057640730717849 -6.8000273501818125 13 29 59 0.018060209688320575 70 97 67 98
3221 -17.049085524157992 4.4310176659991143 -5.0737903490205163 71 75 87 0.058749934261185473 69 113 70 81 67 86 68 60
3203 -16.171977518680457 0.26465232632633756 -2.0186005069222888 141 141 141 0.71163320444354283 69 1005 67 614
3197 -16.727234916966339 3.9340763400668108 -4.3286865226040598 91 96 100 0.091520717081847072 70 810 69 730 67 657
3196 -16.626049445188908 3.6653498400553817 -4.177808854903188 103 106 111 0.042917161836423023 70 803 69 726 68 408
3193 -16.576234961161003 5.2321853284990771 -3.5574069770037009 64 70 82 0.12604370959307246 70 165 69 201 67 194
3189 -4.4565046178832892 2.0191552342662078 25.573443541874759 130 130 130 0.98635951637052577 76 593 78 933 72 727 73 863 71 1065 80 722 83 984 86 1060 69 1049 72 546 71 749 70 855 70 1041
3179 1.3766582823411537 -12.917185701501326 9.2258295363633138 231 231 231 1.4139910827177895 71 1274 69 1314 67 1210
3173 11.781591955031415 2.5807874853683885 18.920103595699061 108 113 130 0.15219430804712081 71 1271 69 1257
3171 -5.5147596575164002 -0.92126659149659962 26.254555661086034 57 57 57 1.2480039729965453 70 1293 71 1252 69 1243 67 1154 68 1091
3169 -7.9108812937381066 -10.686040270274979 3.2614472567539146 231 231 231 2.0195433395622948 70 762 69 1229 67 1175 68 1110
3158 -10.745418921024912 -8.945926805318523 13.770901326997187 5 5 5 0.048600118515888774 70 1267 69 1172
3147 -13.480256356545206 7.6480200593626027 11.822936002066168 28 29 29 0.14994678150905191 70 1167 69 1069 67 855 68 825
3125 -17.07852640238098 8.1439749771928742 -4.1609382372805932 124 124 124 0.24113598278239762 70 1061 71 1166 69 935 67 861 68 688
3124 -17.223771548715373 8.1486067116015057 -4.5956786258214883 124 124 124 0.214953229417983 70 1172 71 1169 69 934 67 860 68 687
3123 -17.373587571106732 8.1687198607936296 -4.7519187359833817 77 81 88 0.12221365428740114 70 1060 71 1168 69 933 67 859 68 685
3121 2.8237974544354771 1.1981932604805352 23.806020677347448 130 130 130 1.0045153265215003 72 344 83 597 69 920
3120 -0.54759870797727617 1.7535143151430155 26.740272475772592 0 0 0 0.59220569707860371 70 1046 71 759 69 917 67 848 68 665 68 817
3117 -16.416072737867886 3.874135898421144 -3.6063041861273892 94 100 104 0.044158607835813962 70 1017 69 899 67 824 68 799
3115 -16.054957272297113 2.3267815817204638 -3.0357664565410674 4 11 33 0.086816094707452565 70 979 69 878 68 777
3113 -1.7770786012936035 -15.701241591002081 9.1807901559905627 231 231 231 1.4849519186665734 70 951 69 844 67 762
3112 -0.59628698761786292 -7.0937664009415586 2.5268694278332808 169 169 169 0.73021073976133044 70 1101 69 828 67 756
3110 -17.137539937649006 12.205032078875929 -2.5581272447041541 55 87 65 0.10730527809225192 70 1091 71 997 69 820 67 741 68 727
3109 15.462085189085732 -0.07612500682303612 24.874624811780844 0 0 0 0.4726771871677245 73 395 69 814
3108 -7.1928182753777028 10.725706453133181 27.504074163710364 122 122 122 0.3481748770004594 70 895 71 783 73 409 69 805 68 547 72 575
3106 -17.378742652335962 8.811187477532032 -4.6172169041386804 124 124 124 0.26034117693686121 70 890 71 1091 69 800 68 534
3105 -17.312215205942589 8.4766944261842987 -4.5282324308591457 60 76 75 0.10856871047613517 70 889 71 1086 69 799 67 544 68 533
3100 -16.479037018012885 3.4817099737823067 -3.6889344562424022 95 97 104 0.16284091952059945 71 1045 69 723 67 644 68 621
3099 4.1263547269137941 -10.541533699223244 37.107817067732228 83 88 101 3.1840883561326363 84 327 69 718
3095 -16.09951168851682 21.440195131798955 9.4648843986905487 231 231 231 0.2127192234948482 70 931 71 843 69 670
3094 -17.166205929597847 12.431570497921006 -2.8606935560694988 123 123 123 0.27668529317460183 70 928 71 1002 69 663 68 324
3093 -17.455736857508832 11.219944436361189 -4.0054745929834796 88 90 94 0.07115119387943758 70 713 71 837 69 648 67 320 68 309
3090 -16.066372389111542 7.5530886016942311 -1.7480876804158407 124 124 124 0.27552102866539385 73 884 69 606 68 526
3081 -14.384326459032973 -5.2990708300965128 6.0539689479178982 57 57 57 0.037753228095093655 73 500 69 420 67 383
3080 -14.048326302074418 -12.6299763491697 1.5070229713851477 122 122 122 1.78809917705955 70 395 69 396 67 356
3079 -17.326349825622522 11.203837170473118 -3.6563570578150717 123 123 123 0.20518380041642673 70 328 71 836 69 348
3078 -10.428514473402023 16.112351202352926 24.565266044590235 231 231 231 0.014377301053958267 71 552 69 342
3077 -9.9705348255293273 15.136488369502731 23.267240111889972 231 231 231 0.872409584837743 80 379 69 340 79 664
3076 -6.3815731680373782 9.2765071015838032 13.116726192944284 231 231 231 0.10471071376024033 71 547 69 331
3075 -6.769714279325469 10.448020134558471 17.760634694877062 231 231 231 2.0345222890033416 80 375 69 324 67 311
3074 -7.3096366639806689 11.635591945421908 21.97786590661542 231 231 231 0.56832756888556346 80 357 69 319 67 306
3073 -17.269693085863498 9.9508107087414182 -3.9167252682858371 91 94 100 0.097672761170834482 70 291 71 824 69 312 67 299 68 298
3072 -5.6775371422051224 9.9737148518598886 26.138870757112191 231 231 231 1.0672648943035874 80 132 69 298
3071 -17.385592164287175 8.981940520437881 -4.6135890334716851 84 85 90 0.11854665785694944 70 262 71 817 69 289 67 282
3070 -17.385592164287175 8.981940520437881 -4.6135890334716851 84 85 90 0.11854665785694944 70 261 71 816 69 288 67 281
3069 -17.061416018119996 8.742499534537421 -3.6881019424290513 124 124 124 0.094122034041139988 70 254 71 562 69 279 67 275
3067 -17.289196335943519 8.5218925521352524 -4.322058375566499 122 122 123 0.14562444229502938 71 215 69 273
3066 -17.14954882169075 7.8392703126509504 -4.3060083885807803 123 123 123 0.079694174281550068 70 227 71 536 69 264
3065 -17.189381435099463 7.7413550323023816 -4.3296213199407436 69 83 77 0.057071390982868453 70 224 71 532 69 263 67 265 68 266
3061 -17.438855429707328 7.2349562363533755 -5.2204594608795425 72 74 81 0.1288401488235203 70 659 71 961 69 257 67 257 68 257
3060 -17.404773873108098 7.2203202836036935 -5.2161570512757081 72 74 81 0.10721172677794681 70 658 71 960 69 256
3059 -17.369636952257128 7.1884682953678958 -5.1317918346094675 73 75 83 0.13539050388006998 70 654 71 786 69 252 67 252 68 252
3058 -17.399651832238192 7.1320423654142484 -5.2895710368395488 109 111 113 0.12459268818178133 70 653 71 785 69 249 67 248 68 248
3054 -17.444256852646678 4.9236535721439916 -5.7024686291040414 74 78 90 0.2516864525404624 70 117 71 433 69 142 67 116 68 97
3053 -17.205664884792871 4.7578436039578458 -5.3246505417772827 69 74 87 0.040230632239297348 70 481 71 737 69 131 67 111 68 90
3052 -17.202405037535971 4.6979325209538008 -5.4748435455938989 14 32 63 0.10948538302820106 70 92 71 736 69 123 67 100
3051 -17.107267376621913 4.6300573680196173 -5.3056530742771022 18 34 63 0.098856804533811182 70 473 71 734 69 120 67 97
3046 -16.814523207018571 3.8547625017179552 -4.6649040871377432 63 66 73 0.13327411860502963 70 444 71 703 69 88 67 63 68 47
3030 11.605768740212774 7.3580318890379344 3.6248852093983617 0 0 0 1.9182012908686641 85 405 90 335
3029 11.605768740212774 7.3580318890379344 3.6248852093983617 0 0 0 1.9182012908686641 85 404 90 334
3016 -16.84770276013414 -0.98907201626014007 0.87573075930919941 57 57 57 1.0892294830803608 70 1453 69 1327 67 1220 68 1157
3015 -16.84770276013414 -0.98907201626014007 0.87573075930919941 57 57 57 1.0892294830803608 70 1452 69 1326 67 1219 68 1156
2995 6.6725489091028107 -25.702853026922252 33.044911049640604 2 2 2 0.31348347014867789 71 1111 73 921 70 1265 69 1167 67 1080 68 1076
2989 -11.466694318632372 -3.2839273739666273 4.7018573303101183 57 57 57 1.9609819584873733 73 926 70 1216
2987 -17.385803880353677 11.611142889583208 3.24782782775043 231 231 231 0.4735243979663058 71 1088 70 1183 73 892 69 951 68 709
2986 -17.385803880353677 11.611142889583208 3.24782782775043 231 231 231 0.90218781250852997 71 1087 70 1182 69 950 68 708 73 891 72 928
2985 -16.204367196158518 9.6568541948793296 -1.6609150558989336 16 70 44 0.30687664902529721 71 1095 70 1181 69 949 67 874 68 706
2984 9.1199424987076618 -2.0117370635993512 34.416810224909305 109 115 132 0.26176110460118179 71 925 73 723 70 1152 69 1052 67 846 68 813
2973 1.6555202602138939 -13.460048281115741 9.4991702991964946 75 75 75 0.51104479466689867 73 625 70 1104 69 848 68 743
2971 -16.318100940385111 9.4355614196184288 -1.393239571879588 123 123 124 0.18264724264313184 71 1090 73 968 70 1074 69 810 67 721 68 544
2970 -5.8040790444802139 2.6868294613391619 25.169000861083457 112 118 135 0.76007226000458106 73 729 70 1042 67 842 68 809
2968 -3.7772635239984895 -3.5420054299932962 24.021009390677406 59 62 72 0.22158315806379505 71 700 70 1023 69 744 68 643
2958 -17.465467754270211 -2.1110320593852405 -1.4473135706598768 231 231 231 0.48901952158284762 71 1020 73 975 70 967 69 864 67 787 68 762
2956 0.92615824560884585 -14.58906712895762 9.5194968507390278 224 224 224 0.27797643070579109 71 650 70 950 69 843
2950 -16.412237903983371 9.3461377116212851 -1.7771414000616361 69 73 80 0.21932809595169553 71 979 70 904 73 911 69 809 67 554 68 543
2943 -16.716266760491663 3.9319768464815086 -4.3287993851575708 92 96 100 0.07026270027307735 71 1048 70 809 69 729 67 656 68 633
2942 -0.14269818119878858 -5.9658694386991016 26.008793732570787 0 0 0 0.53380754776216821 72 497 82 684
2941 -12.430899548641946 -1.4614486553424613 10.699543864721209 141 141 141 0.24573535368975716 72 670 73 510 70 794
2936 -12.51075055505579 -1.8142185534014104 9.5710901706821279 141 141 141 0.55860469480045416 71 678 70 786 69 710 67 630 68 383
2933 0.55271781464997261 -11.981248883923802 6.1045973331728556 119 119 119 0.38915273067585976 73 245 70 746
2932 10.925386591798631 6.7296747100528673 20.653465623495777 0 0 0 1.4907426655687728 71 834 70 745 69 1157 70 1204 67 754 67 894 68 571 71 597
2928 1.8665889219805787 0.9693226560561069 23.306157400716192 0 0 0 0.77085695769850904 85 336 70 650 69 600 68 261
2922 -16.681228955223535 3.8195180514841964 -4.2380797726809787 15 18 24 0.12786921396807455 71 706 70 449 69 89 67 66 68 52
2897 -16.699713536342159 3.9705125956305265 -4.5624854587811106 8 9 11 0.14557676896283817 71 387 70 65 69 97 67 70
2895 -16.573325260381182 3.7033555215484286 -3.7987015763863274 99 101 106 0.16028974049937741 71 382 70 60 69 91
2890 1.4841585416372449 7.7591968219296188 97.094201232201698 0 0 0 1.9677291554007776 88 999 92 1036
2844 17.372977620181519 -3.2368112365730779 34.867821587557955 113 119 136 1.5576462268601092 87 843 88 877 92 874 90 887 86 731
2832 -1.0639174809510248 -20.782358435884976 84.496162343847061 15 15 15 0.47478840129116068 88 795 92 799 90 824
2814 31.766711802171358 -4.6340261008918002 31.454747829475046 59 62 72 2.0680110231011435 87 693 88 686 92 666 90 757
2789 28.114697918908902 -6.3529417746705992 33.641894359332433 69 72 83 1.5972789931666975 88 521 90 633
2788 9.5163567349181477 -16.946960253899896 43.597783163024637 231 231 231 1.4511425592126603 87 673 92 646 90 620
2784 27.781354599768314 -47.778840365459573 59.381155522608964 2 2 2 1.9958411699635255 88 668 92 631 90 609 87 504
2772 13.138520030213233 4.8601335717376433 62.299872594026674 59 62 72 1.591571073085535 85 550 87 563 88 366 92 372 90 528 86 534
2756 15.100616364672895 -6.480975380437008 27.717403403692291 107 112 129 0.1871647919236496 88 685 90 444
2746 15.601714037515851 10.405782292856092 4.0079956815160758 8 8 8 0.90547670848563677 86 425 90 374
2744 15.579305797043988 10.356729629076474 4.0537070002133389 8 8 8 0.90749273242532302 86 423 90 372
2738 26.669945620744951 15.702716305196502 8.7821516051923556 8 8 8 0.26525851851089477 88 430 90 362
2737 26.669945620744951 15.702716305196502 8.7821516051923556 8 8 8 0.26525851851089477 88 429 90 361
2727 19.872592827979766 10.803148334188743 7.9795438533901866 8 8 8 0.56105679314988888 92 406 90 327
2672 16.315342929930637 -13.122076080421889 28.006763705074498 0 0 0 1.4025531925949559 87 1078 88 1031 92 1051 90 1023
2664 1.6406147260121209 -6.8403524130048323 31.863097057995883 0 0 0 1.80787572893897 84 55 88 540 81 61
2644 0.97226398356998978 0.067244502105579737 24.231005249051815 0 0 0 0.65344600269950992 87 1061 88 1003
2637 37.987630662477478 31.183358877033236 38.923215452136446 110 115 132 2.0575917418866934 88 954 90 957
2597 6.4401459045776752 -9.1666987022187314 33.76876737818661 88 92 106 1.496655035768315 87 827 92 785 86 699 90 818
2554 -6.6535887913164276 -58.861398355774611 67.065602042890902 134 134 134 0.71612168950144572 88 460 92 482
2532 21.941682612453253 -0.06419056031646582 34.151613553064585 130 130 130 0.1438760218327883 78 472 92 355
2500 27.615583365664126 12.490509197856467 13.861254204842941 8 8 8 0.071701500046772837 88 168 92 177
2483 1.7211519096887784 -18.762967760497048 26.738297395224862 117 117 117 0.15632997382237782 86 855 88 766
2479 95.596716309655221 48.02275232258107 34.841483025366898 0 0 0 2.6933453403565784 77 832 78 746
2466 -15.083473967376705 -67.986328847227824 74.851074672924199 144 144 144 1.2769508618232537 84 273 86 179 87 225 88 201 85 222 90 170
2456 -17.064582267944989 -79.40363793017417 87.93291987655553 132 132 132 0.79896957546702818 84 4 86 5 87 3 88 4 85 5 92 7
2453 16.635453878390546 15.359879815930089 26.865095785190302 113 119 136 2.0951624448104127 87 1105 88 1052
2450 22.92980094336275 18.192536140898703 38.885981789748975 118 124 142 1.5291799085547331 87 1101 88 1041 85 1014
2380 30.472098525872614 12.756141850590387 30.090077280523325 0 0 0 0.69798224251770624 83 639 84 402 88 718 80 615
2379 -1.3051430428256525 -2.3880951145193561 21.506715028731712 11 17 14 0.51730617135830714 83 364 88 711 81 317
2359 -3.6651871251384778 5.3268978158347915 21.86610531668461 5 5 5 2.0869000526729331 86 386 87 807 88 643
2358 -2.6074620122145515 5.1805509262401657 21.12037726756629 122 122 122 1.2096424988662344 87 212 88 638
2357 24.554188394956448 17.424340334414261 4.2153581069329746 0 0 0 1.2525154152447473 86 411 87 633
2356 24.554188394956448 17.424340334414261 4.2153581069329746 0 0 0 1.2525154152447473 86 410 87 632
2353 -6.4790540235212077 0.71525108876505805 24.408874845820392 27 83 39 0.59913169918044784 87 403 88 616
2351 29.689314579753088 13.058368397293245 30.134494890957185 130 130 130 0.70298377423986358 84 407 88 600 81 557
2340 9.6086464998261931 -32.849044906973269 52.171858106124439 231 231 231 1.6228737846233638 83 323 84 311 88 499 90 424
2339 24.241006529228468 18.693193978812328 1.7354980240022659 0 0 0 0.021258462030287178 83 503 85 433
2336 5.8606348028280095 6.7328508421061946 32.697967335567299 61 65 75 0.89794851350137284 86 310 87 396 88 379
2332 22.020497333196012 4.6572166462041125 22.583434444193117 115 121 138 0.54138934567142649 86 262 87 141 88 362
2318 0.5736408325623511 -15.761552800606539 21.190991565108913 134 134 134 0.13165902435369964 87 496 88 203
2316 53.536164908301203 18.420216493319465 40.93099623209001 231 231 231 1.6174901371792245 82 87 83 397 88 146 84 143 85 551
2313 8.0074730512881622 -5.7385421535873453 26.283255881481679 113 111 111 1.0340631387464625 74 778 72 895 73 937 85 820 79 865 81 684 82 682
2304 -2.6881994379340619 4.7175151802995732 21.608641256483125 112 118 135 2.5646727412124299 86 1063 87 1074 88 1012
2303 3.3285341826747805 6.095720433133514 21.599875600996249 112 118 135 2.2643332532563378 86 601 87 802 88 750
2302 11.345758449518424 -8.009347479557702 25.557162457954828 231 231 231 1.2230018137085645 76 651 77 744 78 787 79 860 74 843 72 893 83 763 82 674 81 679 85 673 86 686 87 682 78 626 81 488 88 782 92 778 90 748
2301 -5.2049597944113088 3.1717343866309604 19.571443869556099 0 0 0 0.24045175697206261 85 1033 86 1113
2300 33.294382897715536 27.672711623702281 22.149602198829378 231 231 231 0.62734081138086217 83 1068 85 1039 86 1123 87 1116
2297 0.53760190625644 -0.97732909335749585 24.416791895157456 59 62 72 1.3992912360978693 84 1013 87 1084 83 1023 88 1039
2296 38.139468923798155 9.2751029220403431 31.140922988261647 59 62 72 1.015349196060892 85 990 86 1092 87 1081 88 1035 92 1056
2293 -6.3079453337297444 0.57764361412386067 24.27749299532757 15 33 45 2.2202608440698746 86 1061 87 1073 88 1025
2292 -0.78403566063814278 -0.29499691229298725 27.003625912025914 112 118 135 2.332935246705707 86 1049 87 1064 88 1001
2291 -0.61396224230681606 -1.1761669725559558 25.777611972408664 114 119 137 2.7626048758905246 86 1080 87 1060
2290 -0.61396224230681606 -1.1761669725559558 25.777611972408664 114 119 137 2.7626048758905246 86 1079 87 1059
2284 9.0836934083272869 -19.550508634433651 23.809276903327714 117 117 117 1.2069736486468747 82 894 87 1022 81 935 85 954 88 917
2283 -6.7701075061400449 2.121600393702153 19.300034259750085 124 124 124 0.27508561149593075 86 1002 87 1020 85 883
2281 27.259397072132789 19.918375145532334 47.490598225251304 59 62 72 2.2109462000283058 82 879 84 938 86 1021 87 1014 79 913 80 628 87 770 88 950 92 582 90 704
2280 -0.98634279063477404 -1.0323628367104345 25.131003043014172 62 66 76 0.21578136106935542 87 1009 88 975
2275 15.404362331999957 -24.986883849297772 27.120602422892659 2 6 17 1.5485823128575273 85 925 86 1008 87 990 88 916 80 684
2274 1.2165037035077353 -0.51433085592805328 3.2311390710184424 0 0 0 0.069853011309342794 82 891 84 941
2272 3.1817941239940142 6.4088581773803721 21.749422509143479 59 62 72 1.4021614408890068 85 876 86 945 87 978
2271 -6.464719662230884 0.98664716044157619 24.312752718875856 21 35 54 1.5398447693707245 85 871 86 940 87 976 88 957
2270 33.224580103024728 16.165419451112683 33.247429871103328 130 130 130 1.5008973819147913 82 825 85 754 87 957 79 1007 81 756 84 816 78 956 85 577 88 898 90 899 88 941
2264 6.8766898270651264 -28.99786222532228 44.653168648662849 175 175 175 1.2409156959164573 83 867 84 913 85 809 86 859 87 917 82 854 88 773
2262 -6.7436890936226526 1.6443859894522492 21.097356820860274 7 21 42 0.62080550082112029 82 394 87 900
2255 39.194742802776261 12.409068580011597 31.755867217644504 59 62 72 2.6510265385808438 79 1104 83 892 87 853 84 789 92 889 90 835
2254 0.57380141012439512 -2.0478297829753869 24.173882683146598 113 119 136 1.3212604061087172 86 755 87 849 88 891
2253 0.57380141012439512 -2.0478297829753869 24.173882683146598 113 119 136 1.3212604061087172 86 754 87 848 88 890
2247 -6.7074946494503731 2.2573884992135977 18.608022624299927 6 19 42 0.3474604377928488 86 627 87 812
2246 -8.452919652113648 2.5991003795838394 21.646565211602926 0 0 0 0.26188424227427282 78 208 85 790 79 238
2245 -6.4058483737093015 0.85138800631309497 24.952000225329552 14 14 14 1.6717818359105816 84 665 87 795 88 913
2242 -4.1881159124676488 1.4280932504601971 24.590352251095386 0 0 0 0.45601480777736003 85 590 87 788
2239 0.66656994476423448 -0.2663849827117436 24.350345251720295 130 130 130 1.1446761788719666 82 337 87 739
2238 0.66656994476423448 -0.2663849827117436 24.350345251720295 130 130 130 1.1446761788719666 82 336 87 738
2223 0.13909331213285311 -14.874942276053602 30.652021320579557 57 57 57 1.1856277113435902 84 730 87 667 88 776
2222 1.7207507504504149 -18.188269166017385 25.666384835587191 128 128 128 0.3992183805415494 86 452 87 651 88 660
2220 1.2916999552739912 -16.639162848824053 23.047775541158778 133 133 133 0.27673179614795407 86 654 87 646
2219 1.2916999552739912 -16.639162848824053 23.047775541158778 133 133 133 0.27673179614795407 86 653 87 645
2218 -16.803714412075458 -70.980152613722041 76.955732470671762 159 159 159 0.44590221700823385 84 715 85 634 86 646 87 644 88 650 90 587
2217 5.6638403520081093 -19.599083623326226 21.499449975041689 75 75 75 0.208023846114189 86 444 87 643
2216 1.273297153171091 -0.157797342373169 2.8602686016875123 0 0 0 0.061928120575096085 83 494 84 513
2213 -6.4628511285502981 1.8322978264671355 20.84970873188724 10 10 10 0.32386134344574935 86 613 87 618 88 760
2211 1.2732990845198631 -0.15779827460110127 2.8602663865605886 0 0 0 0.057589163331667775 83 464 84 688
2208 -6.3982770890561103 0.92110489213687541 24.043953645314051 6 21 42 1.0968623182740338 85 370 87 601
2207 -5.0366897087875175 0.33637131256284769 24.200704490519705 231 231 231 0.63645520727653504 83 410 87 588
2206 33.743767601088003 15.146363558203811 32.018845966603827 0 0 0 1.1957306331363893 83 647 84 408 85 344 87 573 79 789 92 727
2205 35.516546695082098 15.222975501413286 35.363380793706533 130 130 130 1.3076861454388022 78 847 86 290 87 571 90 687
2204 28.632487212852151 5.282055405476493 25.300848345198879 59 62 72 1.8322558808942464 85 534 86 511 87 550 88 806
2203 27.310021464046375 4.8830182658171779 24.156489451261113 59 62 72 1.1864613783634617 85 533 86 510 87 549
2194 1.2488519301035983 -0.37039506551727935 3.0939225770200371 0 0 0 0.32484853963014088 82 647 84 529
2193 -0.97113999450307831 -27.441114305375635 33.394134802535788 133 133 133 1.4353780745974853 84 530 87 495
2192 -16.799076279475511 -70.892669927217824 76.92737139471889 145 145 145 0.45438412334245548 84 523 85 459 86 440 87 490 88 454 90 403
2189 5.8674651804567164 2.6496140061214231 3.8421440890164229 0 0 0 2.5989759507328127 79 815 85 387
2188 9.5988500422801728 5.4472916860221048 3.9837204263477273 0 0 0 0.6879132346345912 80 535 85 386
2185 13.966233805960272 9.7922843500396208 2.8160889931942745 0 0 0 0.63127884399433887 84 449 85 424
2184 -6.7555263799387877 1.2613997621871076 24.645321329351635 9 9 9 1.3378033403258587 85 124 87 410
2181 36.816390975410918 13.894474098268081 36.244058294541304 130 130 130 1.4232435514193857 79 776 87 379 92 561
2179 -2.4278222892634753 -6.0447381477728266 32.979362335309112 29 30 30 1.5367185837579349 85 719 86 242 87 328
2176 7.2598032316416345 -7.4354429562277815 33.551100348001434 59 62 72 0.44018574986051678 84 42 85 55 87 303 82 44 83 52 88 293
2175 2.0379829465855526 -8.6378942987961604 34.977077373101956 105 110 127 0.75279565301732787 86 56 87 302 85 54 88 534
2169 10.175476373508623 -7.8255094894508721 22.9579851453061 231 231 231 1.3785738324787513 71 898 84 19 87 271 67 810 68 784
2166 2.8919311752948822 -17.061610442479925 24.483337165915565 117 117 117 1.5777993519925828 82 270 87 249 81 282 88 484
2165 57.537833834779576 -37.138222712888805 32.345268446240134 0 0 0 2.0312257412416703 77 274 80 230 82 21
2164 4.2774514125493086 -18.046187549931005 24.832755822926323 130 130 130 0.64494965988516018 86 21 87 247 88 213
2163 4.2774514125493086 -18.046187549931005 24.832755822926323 130 130 130 0.64494965988516018 86 20 87 246 88 212
2162 9.4812066257489871 -21.91550649084434 25.606244682995712 68 67 67 0.78068409763729041 85 17 87 235 86 16 88 12
2161 9.4812066257489871 -21.91550649084434 25.606244682995712 68 67 67 0.78068409763729041 85 16 87 234 86 15 88 11
2155 -17.552764903790713 -72.16090576775224 77.831409525806336 145 145 145 0.66243919539270146 84 269 85 218 86 175 87 221 88 197 90 168
2135 -17.15272039578689 -71.466851227056679 77.346069848132217 146 146 146 0.48233351765909022 84 1 85 0 86 0 87 0 88 0 90 0
2134 5.3060747174236846 -15.838410564629267 17.82788515015622 117 117 117 2.4203869977837051 84 718 86 852
2133 5.1372670130263396 -16.810863734841508 18.398850060324694 105 105 105 2.2346671718633129 83 858 85 887 86 851
2130 4.3013319891396264 -20.188870304947198 25.75186647415827 2 2 2 1.342242182219741 85 470 86 446 87 499
2124 -10.643580354348076 13.678794574339449 38.499759096083999 123 123 123 0.93940925441469825 84 451 85 407 86 628
2120 9.9851459535528519 -9.845106859893626 28.058548524699379 231 231 231 1.3202355627281213 78 432 74 519 72 652 71 1033 74 654 73 822 83 540 86 676 76 534 77 732 78 781 79 854 80 578 81 672 82 501 83 759 84 734 92 648 90 623 70 1220 67 1019 69 1010 68 1029 87 516
2118 50.812161130415788 20.778784619033587 36.083164470871488 231 231 231 1.1364279762150447 80 930 81 1027 82 992 83 1059 84 1050 85 1030 86 1120 87 1114 88 1049
2117 41.497495465556703 16.47904226307438 35.214848672490099 0 0 0 1.100786755584007 78 1181 79 1186 80 923 81 1012 82 977 83 1049 84 1036 85 1010 86 1097 87 1100 88 1040
2116 38.038580465868144 9.214076413814821 31.04712960219786 59 62 72 1.0017859524134962 83 1045 84 984 85 991 86 1093 87 1082 88 1036 92 1057
2113 22.546290505734785 -34.09935068214255 29.64776046961029 220 220 220 0.60078917007309895 83 993 87 1047 84 970
2112 -6.5837080467184057 2.2379636889779126 18.583128607229384 6 20 42 0.74408501408436567 85 952 86 1068 84 939 83 914 87 1075
2111 -3.7212128618880631 1.4173211647322574 25.052018814895696 0 0 0 0.18134887529600183 84 936 85 950 86 1058 87 1045 88 1009
2107 -6.3001868568227177 3.9219730644628079 21.005588209266232 5 5 5 1.3447518858175667 85 884 86 1003 87 1021
2105 5.6200440124848381 4.6905834516451828 30.248196570037429 0 0 0 1.2803346587538198 83 897 85 860 86 983 87 962 88 945
2102 -6.8143871838468382 2.0788375245328172 19.035584247111519 27 83 39 0.36360588301930052 85 789 86 954 87 984
2101 15.259252318230624 16.545216294203961 26.733316359747086 59 62 72 1.2779401475890131 82 842 84 897 86 946
2099 3.556832337976835 -2.0305097469811093 22.470792110467546 59 62 72 2.1530454241331238 84 780 86 901 88 884
2095 4.3142477440297924 -6.0921888769369881 26.706663911133614 59 62 72 0.53189554957857421 76 403 78 635 86 881
2092 -11.14572591305215 13.727534516538556 38.973385741939872 214 214 214 1.2268323031858399 82 435 83 668 84 833 85 792 86 846 81 399
2091 -7.0242328994886831 2.1425128317556195 19.116528910158177 122 123 122 0.14219829799608158 85 613 86 844
2090 -4.8634145359013203 1.9633739934261829 25.477431992161105 59 62 72 0.89825170225646966 84 666 86 835 87 797
2088 1.4552451771689152 1.5222036501063987 26.14859983116644 130 130 130 0.7175125740003474 78 499 86 802
2087 1.5053686730935569 1.2975258304819004 24.043248128752232 130 130 130 0.77294081780009893 73 377 86 801
2086 -3.344259009567867 -2.3905621472145713 21.127048741835967 110 116 133 0.20462003533459408 83 369 84 609 86 775
2085 -3.344259009567867 -2.3905621472145713 21.127048741835967 110 116 133 0.20462003533459408 83 368 84 608 86 774
2084 -4.3400003384027368 -2.9494245907753394 26.731432357182541 110 116 133 1.0783558488962457 84 606 86 769 82 332 83 371
2071 28.549809481264447 -34.367999856121628 42.486545163047516 2 2 2 1.4216160784186005 81 667 84 726 86 665 78 601 87 658 88 669 90 810
2067 -2.2162684457380375 5.4847921607087349 22.217262836009592 231 231 231 2.0710729867943325 85 599 86 614 87 614 88 755
2066 33.770592297897551 25.577826784464499 17.768915073735705 8 8 8 1.3876963920171739 80 658 86 609 81 801 85 376 86 610
2065 -5.6414408521659203 2.0070252199162391 26.353193237943213 5 5 5 0.83275815062648462 83 124 86 593 87 404 88 405
2064 22.858625839420515 10.594428739921735 9.6587839139845162 8 8 8 0.72396225422473881 84 199 86 586
2063 22.858625839420515 10.594428739921735 9.6587839139845162 8 8 8 0.72396225422473881 84 198 86 585
2061 30.260565945049731 12.738303778350812 34.877168205825065 0 0 0 0.82826193226544831 81 739 82 734 83 633 86 555 87 570 88 596
2060 36.729893796425124 13.62691640030558 32.555600181934224 130 130 130 0.61063280245257745 83 614 84 628 85 556 86 545 87 736 88 712 90 784
2053 6.590584212822054 -6.9188737799049651 24.799395187964112 231 231 231 1.564965344295548 76 204 80 253 85 485 86 471 90 439
2047 7.609370217322426 -27.316579776582273 28.622090964990274 0 0 0 0.71249575445604263 72 438 85 229
2042 36.364649360941357 22.519261914219751 26.324753493676134 107 113 130 0.07533646166003935 79 796 86 335
2040 -3.0523868559255378 0.59789325483938904 23.620399173040468 0 0 0 0.23608861091533465 84 181 86 309
2039 34.607131458849658 14.422731584084614 30.90427489029457 130 130 130 0.61756241437387016 83 108 84 167 85 100 86 287 87 387 90 537
2038 34.970952003166644 14.630313706920717 31.943497787449051 0 0 0 0.47653426494429479 80 321 81 368 82 89 83 415 84 166 85 102 86 286 87 386 88 371 90 539
2037 37.466189927323178 15.55603039203829 32.454568605974288 0 0 0 0.62045339422901213 81 371 82 90 83 107 84 165 86 285 88 370
2036 36.097834018424642 13.851859313788768 31.926168533682148 130 130 130 0.74940595738230975 80 315 81 360 82 378 83 105 85 94 86 282 92 375 88 148 90 305
2035 36.146919958114573 13.867256500121533 31.977971615685508 130 130 130 0.68524812933016377 79 631 80 314 81 359 82 377 83 104 85 93 86 281 87 382 88 147 92 374 90 304
2034 35.601318826792685 13.037067026115249 30.792687338913652 0 0 0 0.6911334392634807 80 504 85 331 86 278 87 380
2033 35.300250845624383 12.903763617571748 30.551012906731373 0 0 0 0.59280368577106335 80 503 85 332 86 277 79 910 87 381 84 150
2032 29.031166737137593 10.274534748770698 28.458200490944947 0 0 0 0.19409192061580757 84 146 86 275
2031 -3.8073261651920678 -2.448881261788967 22.016274419072893 110 116 133 0.70269427292752495 85 83 86 272 87 378 88 594
2030 -3.8073261651920678 -2.448881261788967 22.016274419072893 110 116 133 0.70269427292752495 85 82 86 271 87 377 88 593
2027 22.909503625159008 -0.27280266737274883 39.382281325044431 130 130 130 1.1803573757133385 77 357 78 467 82 328 86 249 85 76 87 332 90 503
2026 24.563836685704583 -0.63448060098411152 41.276689249890261 0 0 0 1.4119504420170172 77 619 86 247 83 79 85 74 87 542 88 546 90 501
2017 1.2159197358705665 -0.65000252172341544 3.4019071161919787 0 0 0 0.042791368312293035 82 261 84 281
2009 16.450866587335508 -0.0085289824944804731 25.780096940924064 130 130 130 0.34651319372639688 73 574 71 955 69 1089 67 991 68 845
1997 11.423114538033937 -6.713143657771778 21.619054988596758 231 231 231 1.706828560320889 78 75 86 27 90 196
1978 11.452857875569041 -5.4700772100419561 6.04152890113712 231 231 231 0.26889230770594541 81 997 85 979
1977 9.3556052415374023 2.6462457258231082 4.2853446780320379 91 94 94 0.47464613337361283 81 921 85 862
1975 13.548811822778553 5.4669877634161006 4.1939471581052041 60 87 68 1.1310151272709457 83 658 85 783 84 662
1974 11.43015076725947 3.4453033695132156 2.5540497723913886 54 64 83 0.65848305486604142 83 650 85 764
1973 14.121574868582044 5.2601628972846193 4.9604215384556314 38 89 50 0.89729047816347374 83 652 85 586 84 410
1972 14.121574868582044 5.2601628972846193 4.9604215384556314 38 89 50 0.89729047816347374 83 651 85 585 84 409
1971 9.3040287758958158 2.5894705672971918 4.3074785763346357 72 84 81 0.59753436380217517 81 777 85 579
1970 0.53508362375749874 -9.6454410824030266 13.420378730170476 133 133 133 0.2892857428934561 84 531 85 468
1969 13.657215012282585 -9.2989484785374312 6.4997869068912042 126 126 126 0.75537783211618348 81 460 85 458
1968 14.317197011565167 5.4601209232245669 5.0759365470539413 117 117 117 0.89737726839535892 83 129 85 357 84 186
1967 9.4759303225895763 3.0077779113726733 4.4414285041974217 117 117 117 0.32346387707065116 81 397 85 353
1966 0.22621578578797771 -9.1537462697120073 12.741976357457673 134 134 134 0.40963385195747437 83 305 85 227
1965 8.3985258445558379 2.5243209907512916 3.8002424408279243 92 97 103 2.0752632852483699 81 402 85 112
1964 8.7017569493374474 2.4046587949005458 3.6514327294898177 116 116 116 0.52252486867528503 81 398 85 109
1961 12.478934583633606 3.7843043533975114 3.0996726538959209 105 106 109 0.061860233133983797 84 1048 85 1037
1959 12.289466675332726 3.2478578093267356 1.8190805955522376 101 101 101 0.34765507810504331 84 1017 85 1012
1958 12.289466675332726 3.2478578093267356 1.8190805955522376 101 101 101 0.34765507810504331 84 1016 85 1011
1955 -3.4675019752246348 0.70924007998032812 24.420365908379161 130 130 130 0.69144091824350851 84 963 85 947 86 1055 87 1070 88 1007
1954 -3.4675019752246348 0.70924007998032812 24.420365908379161 130 130 130 0.69144091824350851 84 962 85 946 86 1054 87 1069 88 1006
1953 -6.6976251325663707 2.5839956743342198 17.576490663576163 14 17 21 1.2247754410960225 82 600 84 832 85 922 86 1027
1952 12.660372865245094 3.5230424981537181 2.9657165239920542 105 106 109 0.36050009743856509 84 880 85 910
1951 -6.2296297072458771 2.6088837087639831 13.888292616296448 7 20 40 0.97374378764196945 81 394 83 457 84 690 85 886 82 171
1950 -6.6859091690915324 2.6754793598455762 16.021621721475 8 22 43 0.25868945421926992 84 902 85 885
1949 -4.9150234002247961 2.0093461525001697 25.589645495373347 59 62 72 0.48025038446656348 83 839 84 824 85 870
1948 12.034364183238797 3.5219143243071103 2.3356363782921168 13 29 57 0.22764455073532305 84 792 85 865
1947 11.376897727339939 3.1757978044748687 2.5590117085655755 18 33 60 0.72823388112276322 83 831 85 859
1946 12.333845439609147 3.4115937189734917 2.4317391892676024 66 68 74 0.45155391667567785 84 788 85 856
1945 -2.4361204886884753 0.078104949704433879 24.294001052864324 0 0 0 0.92131048906343405 83 814 84 799 85 855 86 808 87 753 87 960 88 729 88 949
1944 11.051618698898993 2.7956510779820309 2.2634917758978648 10 20 43 0.8867653540560505 83 824 85 851
1943 11.051618698898993 2.7956510779820309 2.2634917758978648 10 20 43 0.8867653540560505 83 823 85 850
1942 -6.7575157703472097 1.9161719265504134 19.208891553996516 6 20 42 0.71180490507790295 82 403 83 432 84 686 85 787 81 124 87 901 86 953
1941 -6.6078536143543163 1.6125885797836257 20.80632021929641 6 20 42 0.69959095115182901 82 395 83 656 84 670 85 786 81 114 84 828 86 949 87 982
1940 12.825743047434914 4.4565738574028675 2.9472012341869771 46 77 58 0.10864886716004715 84 648 85 777
1939 8.8599123666072472 2.7221501163498374 3.791442687371446 95 100 106 0.38621614549348088 81 876 85 775
1938 10.993897673380157 3.6560888298648293 3.9218572140641572 95 101 107 0.62805408043732747 82 757 85 770
1936 12.787872954831746 3.5787750003516421 3.1217718404489943 63 73 92 0.24145182628822354 84 621 85 746
1935 12.539321825883636 3.1690041674629992 2.9662037265635783 42 50 69 0.34077541453406901 84 616 85 738
1934 12.761257892537687 3.0817301173802254 3.2277660305786635 46 52 70 0.33014173326740825 84 613 85 736
1933 -6.6408334343226487 3.0641333835251015 14.262996297934096 7 23 42 0.41962032474294625 83 478 84 693 85 633
1932 -6.5561404559428658 2.9118088133799729 14.236854453584586 32 85 42 0.96957078665459284 84 266 85 628
1931 -6.71123545070337 2.0422535083787037 18.617560057310186 123 123 123 1.1128435730253152 84 441 85 612 83 433 86 625
1930 13.308240687445862 5.3559718766000843 3.2759144642920419 117 117 117 0.035425667454515329 84 419 85 596
1929 8.616585217993892 2.1592569672216881 3.6361573682321668 117 117 117 0.67573141754270982 81 870 85 573
1928 9.7098838242065355 2.3928838851725125 2.6958366348494494 65 67 74 1.0523666340823006 82 595 85 568
1927 12.444549861984477 3.0350564754539535 3.8016745361670541 57 67 85 0.71403872512731481 83 393 85 552
1926 8.4063269322912557 1.5613570800199914 3.533082658870637 39 47 66 0.90169653171364961 81 752 85 549
1925 -6.4562231603944102 2.9448918718975272 14.110445057320103 114 120 115 0.47162120061534912 84 267 85 455
1924 -3.669736897806529 3.5604951444616688 18.334230961764199 59 62 72 0.99865676818730065 84 436 85 379
1921 12.967087334348703 4.6288777877373732 2.9651935092264341 111 113 112 0.10385226832534306 84 411 85 362
1920 11.305391174727914 3.0438715082398518 2.4439925601967403 9 24 50 0.88594734911976336 83 412 85 345
1919 12.009611229962575 3.1697802473897343 2.3178284094323423 43 48 53 0.46628946050358933 84 133 85 341
1918 12.339432848856227 3.1523911078957143 2.7696245074670087 45 47 54 0.26942047758941379 84 128 85 333
1915 12.298473468774638 2.4095102923482346 3.7073701156882146 82 83 87 0.85589676835695583 83 380 85 312
1914 12.298473468774638 2.4095102923482346 3.7073701156882146 82 83 87 0.85589676835695583 83 379 85 311
1913 -6.4906006794835314 2.9293888904732008 14.058839391891675 28 85 39 0.28056650117767357 84 268 85 217
1912 -6.3306168426783049 2.5411649366048468 15.090878361962746 27 82 38 0.52524061959651847 84 263 85 215
1911 7.595008641438624 3.5860209935683751 4.3427184811759529 8 8 8 0.76113796565513936 82 176 85 179
1907 8.4970022223010222 2.9250923751260016 3.3737097695034941 68 79 75 0.28717612527536734 81 433 85 125
1906 12.142268573970782 4.7030077862868671 3.1126157956175473 56 68 68 0.38232721239047557 83 142 85 123
1905 12.142268573970782 4.7030077862868671 3.1126157956175473 56 68 68 0.38232721239047557 83 141 85 122
1904 12.410659070689714 4.8689183941587064 3.3968542212504893 116 116 116 0.28643124752475779 83 138 85 119
1903 8.5256677356386099 2.8627729064205325 3.3935169293825815 88 91 92 0.30305789508714537 81 428 85 118
1902 8.601012039474405 2.8337664404827061 3.4327570250622697 82 84 89 0.20505188111789335 81 423 85 117
1901 9.151077245255836 3.2293190798635742 3.9690967625135056 66 89 72 0.27157980774786683 81 189 85 115
1900 8.593621381041304 2.3207490860376434 3.6032962628578149 116 116 116 0.54926857674766238 81 396 85 108
1898 8.6041457802292829 2.2680543913971589 3.6010222161305117 90 92 97 0.53946097926556036 81 578 85 105
1897 8.6688386168614731 2.2943643686181958 3.636907304396205 117 117 117 0.61196814685828937 81 393 85 104
1896 11.361399919765715 3.0719267068023197 2.5625738726874863 87 91 95 0.75969842661972187 83 106 85 103
1894 12.962426006171686 3.5523989720355318 4.2822070989184233 75 97 80 0.62565346661447374 83 101 85 97
1893 7.9737706369299737 1.6464386792929382 3.0860280659149821 80 83 87 0.77449052680839148 81 137 85 96
1890 8.0536561899903134 1.6069053228002494 3.1281830055468891 3 5 14 0.96964510691678218 81 387 85 91
1889 12.50236254012195 2.6820117281556706 4.032940091718987 9 26 55 0.73011057341194951 83 89 85 84
1888 -7.4881569895360593 1.1970247484548799 26.402464850884595 74 74 74 1.1654972852252208 78 197 73 351 80 480 85 872 69 211 67 213 68 204 77 364 76 75
1887 18.345061729657779 -6.2257358590726177 29.76760709411209 35 37 43 0.59269633422497692 84 583 85 489 77 588 80 442 81 497
1886 1.2062097851528748 1.1725961964894707 24.68571741230884 130 130 130 1.2829043530089681 78 672 71 927 85 849 76 430 77 780 78 671 79 892 74 704 72 730 73 733 80 602 81 709 82 714 84 884 86 981 87 951 88 944 70 1155 69 1055
1885 16.173534260429708 9.6625924186727943 3.3893061651731897 231 231 231 1.0809035457894456 84 1051 85 1040
1883 14.074980850042811 2.8790186965232483 3.9600153408946386 3 13 36 0.36564075531835699 84 1058 85 1036
1882 13.249486471997821 3.6111918040372402 3.7382997691386275 105 106 109 0.79128067957129733 84 1035 85 1029
1872 5.9589507867336664 -20.660477936323179 42.240039808748413 5 5 5 1.994875788017477 73 821 84 847 90 619 70 1339 85 931 68 1024 72 794
1870 0.11698593756540868 -6.3271020412416679 29.966145559861673 59 62 72 1.078030028983052 73 687 85 900 70 1015
1869 25.154325417406231 -9.3630549372858969 30.590941548379579 59 62 72 1.609911442180106 77 1031 78 1044 80 760 83 870 85 893 76 868 81 818 82 792 84 848
1865 -3.0928515033065058 0.58207470875341993 24.097131178514125 0 0 0 0.39645973571381388 81 712 82 563 84 811 85 867 88 827
1862 13.221826073969197 3.2958148025161025 3.6543424584515654 105 106 109 0.35758567918891104 84 784 85 842
1861 12.980295032495333 2.7072009663513539 4.1355555095294436 6 22 51 1.2885571294872042 84 782 85 840 83 889
1853 14.120175554433795 5.7635367666169923 4.2219134233592897 60 87 68 0.049346994028092797 84 661 85 782
1850 2.413235255373098 2.4263910278183607 23.598487985164294 0 0 0 0.76132470444457956 71 770 85 752 84 807 70 1052 69 796 67 542
1849 -2.112113822517165 -0.65715294357935894 24.142906332421127 130 130 130 0.80536561771583615 71 426 85 740 86 790 87 864
1848 -2.112113822517165 -0.65715294357935894 24.142906332421127 130 130 130 0.80536561771583615 71 425 85 739 86 789 87 863
1847 13.672123362528231 3.1891869519233063 4.2722424950404827 83 88 99 0.35725976917959168 84 610 85 733
1846 13.481794134941472 2.8473163536614545 4.0258034223800232 44 49 64 0.38537365225363474 84 604 85 731
1845 13.329129791710869 2.4619155745839643 3.9698328625001351 3 12 36 0.4560857375560573 84 602 85 727
1844 24.086052551636669 3.9209970211126906 20.760155834909177 62 65 76 1.3464097479561612 81 700 82 706 85 724 86 509
1843 6.4279794244057742 -2.9380767495580216 18.385536868631252 25 25 25 2.6313235422974426 77 759 85 702 86 720
1837 13.628686103147054 5.4355645239748078 4.3399108343371582 95 99 103 1.0585864434125509 84 417 85 595 83 655
1836 13.628686103147054 5.4355645239748078 4.3399108343371582 95 99 103 1.0585864434125509 84 416 85 594 83 654
1835 15.004293135525581 6.8104425755705984 7.6166121799476736 8 8 8 0.30927352173458889 81 793 85 592
1833 -2.7748237085852363 1.8638449489351934 25.578927122914216 0 0 0 0.37573340304482589 83 422 85 588 88 743 87 778
1832 -2.7748237085852363 1.8638449489351934 25.578927122914216 0 0 0 0.37573340304482589 83 421 85 587 88 742 87 777
1828 -0.80570072377696655 2.0980884497140284 26.830544829386785 0 0 0 0.79581701141741279 81 351 84 652 85 583 82 366
1827 -0.96241882320470962 2.2707295067875424 28.489969489902766 0 0 0 0.65080366837507952 81 352 82 365 83 411 84 651 85 582 86 303
1825 13.93386358958759 4.072921411320273 4.2912056598091572 95 99 105 0.1103044288796825 84 142 85 566
1824 13.389769651159176 3.7465394305493582 4.4436058763618034 98 103 109 1.1305678040820404 84 391 85 561 83 399
1821 13.168799615848327 2.6220082914963077 3.7869580901867201 83 85 88 0.39288535276282222 84 371 85 538
1820 13.168799615848327 2.6220082914963077 3.7869580901867201 83 85 88 0.39288535276282222 84 370 85 537
1804 21.277932023049956 10.885699399601034 9.7930724846951307 8 8 8 1.2962889481672084 82 426 85 369 83 144
1803 21.277932023049956 10.885699399601034 9.7930724846951307 8 8 8 1.2962889481672084 82 425 85 368 83 143
1802 22.96494439608588 10.77456400566146 9.7490791990202172 8 8 8 0.074768982911926476 84 201 85 361
1801 22.96494439608588 10.77456400566146 9.7490791990202172 8 8 8 0.074768982911926476 84 200 85 360
1800 18.05876683638985 7.9105290052518171 8.2073452265999602 8 8 8 0.60884153359371851 82 417 85 359
1795 12.434772634613804 2.5065365371076918 3.6179916750798458 93 93 96 1.3898483222622409 84 373 85 316 83 384
1794 12.434772634613804 2.5065365371076918 3.6179916750798458 93 93 96 1.3898483222622409 84 372 85 315 83 383
1793 12.754810853776105 2.4156973514133151 3.9167863268070513 8 68 36 1.3776599086275068 84 369 85 302 83 372
1790 13.967258735723194 2.1116681433257463 4.0914740425001686 231 231 231 1.2264247665285282 84 776 85 294
1782 2.877342676638984 -15.578970911150513 22.472388584410854 117 117 117 1.9020957717273814 79 86 84 17 85 238 86 24
1772 22.821705723953041 17.807151865196076 25.390897721545191 107 112 129 1.4685642155360346 80 145 82 137 85 129 88 611
1771 19.185477368575377 9.2048878053484255 9.0188327192012405 231 231 231 0.39125169201024435 82 134 85 114
1763 10.067328595730508 -6.2096616454983282 27.326983008481669 0 0 0 0.50488103638288084 85 43 92 291 90 214
1759 23.714029538175168 -21.84283426710088 33.629091521534647 231 231 231 0.83129700902055981 76 27 85 29
1741 5.517656083004459 -5.9756804501642673 26.604566126111042 59 62 72 1.4392473049548604 72 508 73 525 84 590 76 404 78 636 79 720 82 520 83 564 74 526
1740 8.8696493395290421 -3.6882181035207995 26.178260381540042 25 25 25 0.52010785966582007 76 565 77 596 78 644 79 728 82 529 83 576 84 765 77 758 83 786
1739 18.390464765345602 -7.2825322201876013 28.109816485198799 231 231 231 1.5459872622759394 78 632 80 255 81 491 84 325 76 40 77 84 78 97 83 34
1738 26.801115271272145 -6.1027907249324347 32.046267195203541 231 231 231 1.21741960589186 76 560 77 592 78 446 79 722 74 688 72 704 80 263 81 56 82 308 83 334 84 29 78 119 74 333 80 64 84 34 85 267 86 481 87 526
1734 -9.058520190117239 11.750188373841256 34.304891447961637 164 164 164 1.3512551534197375 84 1025 86 1085 87 1090 80 837
1732 10.313844620340012 -4.5811554467169602 26.787614452044046 231 231 231 2.0215857356367133 77 937 78 990 79 1039 84 923 85 899
1731 10.313844620340012 -4.5811554467169602 26.787614452044046 231 231 231 2.0215857356367133 77 936 78 989 79 1038 84 922 85 898
1730 8.9912944176038287 -16.085120024933644 53.220895999676813 231 231 231 0.5869033830008602 71 1118 72 799 73 824 70 1277 73 930 69 1182 67 1022 68 974 74 758
1717 9.0125895175167816 -3.1450746750209104 25.853212450364918 231 231 231 0.9947528281383371 77 765 79 878 83 792 84 771
1713 26.164137225153013 -31.92765043943113 40.775935824069165 117 117 117 1.7484357679953437 84 728 85 654 86 667 88 672 92 640 90 617 80 420
1707 0.36142568904264633 2.3374964219967946 24.413925784242849 130 130 130 0.18409419792840742 73 138 84 656
1703 0.52408879188605106 0.87287552318293316 23.748399725125466 130 130 130 1.1765502618919632 73 366 84 632
1701 1.2733008012235851 -0.15780142746866663 2.8602665989451221 132 132 132 0.086233109389769927 83 524 84 535
1700 1.2733008012235851 -0.15780142746866663 2.8602665989451221 132 132 132 0.086233109389769927 83 523 84 534
1697 0.85414229571530176 -0.030804803703771248 3.6924906887608242 7 21 42 0.26231541701108652 81 400 84 445
1695 1.3872232029110994 0.93796983507499965 23.439851064217482 0 0 0 0.54424260147030223 72 333 82 350 84 399 70 646 69 244
1694 22.287197858790226 5.0914374186116689 28.2112978954783 114 120 137 1.0970362788367396 77 659 84 383 85 542 86 521
1692 0.82245958342286374 0.00019452391890196433 3.6999970049689006 8 8 8 0.2676152389486901 81 186 84 249
1690 1.2732996020828689 -0.15779854036303176 2.8602658832044745 10 10 10 0.060280054437290467 83 219 84 214
1689 1.2732996519046285 -0.15779856389503039 2.8602658327467689 9 9 9 0.05558091706706926 83 212 84 213
1685 9.1273386952969542 -20.873637765300735 46.82049281712392 0 0 0 1.8359004164411739 71 672 81 295 82 287 83 324 78 425 80 245 85 247 86 204 86 463 88 508 72 281
1683 6.494930556795782 -27.474003594238425 25.702405089476525 110 110 110 1.3417514091965428 76 704 78 965 80 675 81 885
1682 7.4713957810675575 -3.6265741030831795 25.381435848332544 41 41 41 1.5247695012535147 76 561 76 413 77 594 82 689 83 578 81 690 84 595 79 551 74 686
1681 3.584198976796777 -5.8566922992780199 25.833557542779698 59 62 72 0.86219884670386915 74 525 72 501 73 519 71 691 80 440 83 566 76 211 84 758 76 212 70 815 69 901 68 640
1680 10.502163461247063 -16.500917290882359 44.735926555395189 59 62 72 1.7782255576177919 78 617 83 539 84 735 85 814 86 677 87 674 88 781 92 650
1679 0.3701170944522032 2.1313078747051923 24.246140183199753 130 130 130 0.13753555635496462 72 185 83 406
1678 1.2955825303534074 2.2508515424440763 23.274734854636478 0 0 0 2.3140126247912525 76 441 77 640 78 683 79 755 80 489 82 577 76 286 79 759 83 630 84 812 86 820 83 631 84 815 70 881 70 883 78 685
1677 -2.6919514600769006 1.0456181847560175 25.234909456639318 0 0 0 1.2537117484729567 77 626 72 320 73 360 81 531 83 825 76 253 77 134 79 597 72 325 73 363 71 472 80 305 81 347 70 856 67 692
1676 8.9910933620566791 -8.1283703341344946 25.635004082168781 231 231 231 0.98634006364516846 76 536 78 623 80 580 83 547 77 575 81 485 82 507 86 688 92 781 90 751
1669 1.2192476038041333 -0.52985460840201115 3.2517018015579398 134 134 134 0.11152689136257249 82 893 83 922
1668 1.1233503708392629 -1.125649447229897 3.869773803531305 134 134 134 0.10171294691546129 81 886 83 921
1658 9.0125895175167337 -3.1450746750208931 25.85321245036479 231 231 231 0.99475282813833621 77 766 79 879 83 793 84 772
1653 0.20670606092969096 -20.093300477564856 27.320564640946198 133 133 133 0.49677962567441614 74 503 83 729
1651 1.0136015697316039 -1.3809813920975935 4.0457958201993822 134 134 134 0.051779760601557076 81 649 83 725
1650 1.0136015697316039 -1.3809813920975935 4.0457958201993822 134 134 134 0.051779760601557076 81 648 83 724
1643 -2.3818894186746546 1.5064522585968096 24.554030632945054 130 130 130 0.11942077645258156 74 196 83 642
1641 12.672778644026149 -9.4339074218531795 28.138876811273494 0 0 0 0.30405072912051034 77 569 83 543
1639 2.0001865952011242 0.25133619049221029 3.0602378601596354 0 0 0 0.30672574593250612 78 752 81 640
1637 4.8914799476185156 2.3759521953023692 3.2299816055832196 8 8 8 0.24638948539603095 80 537 83 447
1636 5.9037611681528235 2.7274464849255935 3.7844078784005619 0 0 0 0.071156532671914269 80 528 82 451
1633 -1.3197324376221116 -2.2325166832285919 21.813857787723247 109 115 131 0.96766671070157595 79 560 83 366 84 374 85 303 87 852
1629 2.2581304168404266 -7.3244002340899064 34.032259807847957 59 62 72 0.77865361337456263 80 61 83 342 84 350 85 496 87 709 88 802
1628 8.1702215862483438 -6.1058868701421751 29.233226859004237 59 62 72 1.4198352175887896 77 329 83 340 84 343 85 275
1625 1.2746622625178317 -0.79236327977138343 3.6346039755699486 132 132 132 0.038416264293623048 81 272 83 311
1624 1.2147462790194359 -0.65617921672070356 3.4084656264951092 133 133 133 0.035044220731052164 82 262 83 306
1623 1.1747681328886519 -0.71444334713713531 3.4383678479660924 134 134 134 0.10548991933598788 81 249 83 299
1622 0.83907573914153033 -0.012373359026997741 3.7028360177591462 10 10 10 0.40558393240498353 81 172 83 168
1621 18.956991551417634 -1.5186118686237602 31.959514483515857 0 0 0 1.6879382449304798 76 422 83 71 84 82 87 538 88 335
1620 26.793760666501647 -1.7793792920767941 44.633691867698602 0 0 0 1.1890253471284491 83 70 84 83 86 243 87 537 88 340 88 336 90 657
1617 17.969561462139623 -6.0329428490477479 30.036138179305539 59 62 72 0.81119040863251035 76 45 83 51 86 45
1614 1.1831185957792285 -0.59709354520050106 3.2872728757358756 134 134 134 0.13528262801448365 82 239 83 3
1613 1.1831185957792285 -0.59709354520050106 3.2872728757358756 134 134 134 0.13528262801448365 82 238 83 2
1612 0.85297460596099628 -1.3972935554068444 4.0571913372186712 138 138 138 0.23715018567885854 81 251 82 243
1611 0.61744388558408903 0.087238826101437406 3.9895995005935627 10 10 10 0.4600186496798101 81 177 82 165
1610 5.34211781428602 -11.23248596934746 31.220083208752346 165 165 165 0.7656208747999903 74 910 82 904 78 983 80 759 84 951
1609 7.1166762484115385 -9.0540771574191599 26.921745411126839 0 0 0 1.2436052453881772 76 396 77 563 79 708 82 506 78 437 81 304 83 546 84 577 86 468 80 252 85 671 92 655
1608 7.131414877928794 -6.7835634486070049 28.54247035437572 231 231 231 1.6103569452243962 77 322 74 314 72 288 82 305 76 210 78 440 79 155 77 86 80 56 81 48 83 336 84 30 84 337 85 268
1607 7.5275567828809331 -7.2262139874874283 30.286852169259749 231 231 231 1.6617691882052554 77 321 74 313 72 287 81 49 77 87 82 304 79 154 80 55 83 335 84 31 84 338 73 517 71 907
1605 -4.5998150624078074 -0.89558101225194231 22.996200212595873 57 57 57 1.237532589979329 82 956 83 1046 84 1049 85 1031 87 1115 86 1121
1604 24.359507674779646 -38.909009483937709 27.48013280088978 0 0 0 0.70126452902711045 77 1052 78 1118
1602 3.8706766979287801 3.8241020480393257 22.140132435124745 117 123 141 0.83231793171837076 71 1074 82 917 70 1243 69 1077 67 980 68 930
1597 4.4601321510368521 -18.136400557469539 23.500572184982154 2 2 2 1.1063458081431716 80 557 81 662 82 783 83 862 84 908 85 889 86 957
1591 34.294384821816209 14.328407399626149 32.266246155381346 130 130 130 0.65735600925091031 76 815 82 737 83 830 88 817 92 821
1590 -6.3530142443157516 1.4965783798320764 23.710270610751156 231 231 231 0.36856760657431964 77 376 82 735
1583 -4.0792462498945028 -21.603339674293082 23.897612936872697 0 0 0 0.16861093277447434 76 509 77 840
1582 8.3966785875349945 -24.885659038808104 26.693039055873854 68 67 67 0.59548345377048906 73 635 82 651 71 657 70 1107 69 849 67 902
1581 5.4043188142635818 -15.770763707364624 17.782017101846318 119 119 119 1.7224682952002979 78 759 82 650 83 859 84 837 85 888
1580 1.6206206759400934 0.055174596426396855 2.9329164106855865 8 8 8 0.20175479518293121 78 860 82 619
1579 1.6206206759400934 0.055174596426396855 2.9329164106855865 8 8 8 0.20175479518293121 78 859 82 618
1577 -6.5015476595439035 0.30819653666469032 26.905597661411548 124 124 124 1.3071186829398544 80 295 82 572 83 636 84 822 85 771 86 931 87 885
1575 -2.7642805734797471 -3.560732391754907 24.97699798489371 59 62 72 2.0960890309801248 73 313 82 531 71 381 69 476 67 449 67 668
1574 21.724851608379577 -7.3172377422154371 63.818735016001305 25 25 25 0.51122190671910617 72 701 73 849 74 689 68 913
1573 7.1619911825575198 -3.7966705343997997 25.867367994253307 41 41 41 0.37640966788446439 77 755 82 528 83 789
1569 24.911330610578954 -26.506780208588978 30.516598143588961 2 2 2 0.79776606210868017 76 511 82 496 84 543
1567 5.9133629284933518 2.7841465353311445 3.7207387096425282 8 8 8 0.089351782090702436 80 532 82 457
1566 3.5888342279022236 1.2728004175587075 3.3347663152099476 8 8 8 0.043339778267497769 81 626 82 455
1560 15.142105278192338 -24.54143047212024 27.500290397678928 2 6 17 1.7316072577036858 72 441 80 401 84 291 85 235 73 801 76 19 74 66
1557 2.786239258190724 0.71590811710434143 3.2474771278429722 8 8 8 0.052664887750023801 81 454 82 179
1556 28.500088895884456 6.1608500582533026 30.669135396421854 0 0 0 0.6608082755501189 77 428 80 481 82 79 84 127 85 313 85 539
1553 19.655153898127882 -8.1196649659078073 30.597347958380745 0 0 0 0.64246780470900822 76 38 78 93 82 34 84 20
1552 9.4657086700207493 -18.558390546490138 48.499538808455647 0 0 0 1.2653663127127686 82 30 84 319 85 252 71 890 87 270
1548 -7.0050623204530975 -22.227408855159595 23.104159929586299 0 0 0 0.10360758247790151 76 13 77 17
1547 -12.718582394921725 18.677768568383424 23.576588469351869 189 189 189 1.9159491931061228 80 534 81 636 76 472 77 475 79 808 78 564 81 805 72 216 73 181 80 533 82 778 71 579 74 246
1546 -7.7431689504783687 2.4687045677115544 23.733426885923944 231 231 231 0.44600019571777966 77 389 78 524 79 768 74 366 81 555 76 90 67 229 68 220
1545 -3.1696500269898338 -2.9960509182270094 24.134438432840753 11 12 12 1.4988278914161457 77 343 78 457 76 411 77 595 72 516 73 535 73 536 71 707 80 454 81 508 79 557 82 696 83 803 84 875 85 838 74 534
1542 -4.650710138753853 5.0568957443177718 20.847664050791057 5 5 5 1.2535208036807028 78 1155 81 1013 82 981 83 1060 84 1052
1536 -6.6216753150336904 -10.536164786494538 20.721382495590735 57 57 57 1.8377075468213748 77 1023 81 970
1530 -6.7074908041714636 -0.073539446846833667 27.421679371853351 57 57 57 1.2741369426222775 80 775 81 909 82 916 83 1009 84 993 85 995 69 1041 67 947
1527 -13.153630498505544 5.6498832056532278 22.842176339946285 124 124 124 0.35633386137796719 76 450 81 875
1526 -3.2631749158514132 1.0672194854874695 25.048665822005201 130 130 130 0.47341387298150428 74 700 81 857 69 909
1524 20.642387067769082 -5.4401178034630382 30.188046717203747 59 62 72 1.0327177572138051 77 867 80 697 81 828 82 797
1514 -8.3810112573680211 2.9818367184937657 23.342719704596135 231 231 231 0.093512438116712851 76 283 81 753
1512 -3.11830593363845 0.58831490742941739 24.175692096054213 0 0 0 0.48242008396107799 72 316 81 711 84 810 82 562 85 866 88 826
1511 8.8377217118295324 -3.6786626491306786 26.032665241524306 25 25 25 0.53692087333681859 76 566 80 590 81 692 82 530 83 787 84 766
1508 10.371541896353934 -6.6591248218091605 23.629607973476659 231 231 231 1.2044178255730638 78 789 79 863 81 681 82 514 84 744 85 677 86 696 87 825 88 785 92 784
1507 10.371541896353934 -6.6591248218091605 23.629607973476659 231 231 231 1.2044178255730638 78 788 79 862 81 680 82 513 84 743 85 676 86 695 87 824 88 784 92 783
1497 2.7412790256677519 0.72123891744033886 3.2003849222561254 8 8 8 0.78317139681811709 78 867 81 629
1494 1.3392539006171045 -0.2310024778535622 3.0178077703174506 8 8 8 0.61515663593858683 79 250 81 588
1493 1.3392539006171045 -0.2310024778535622 3.0178077703174506 8 8 8 0.61515663593858683 79 249 81 587
1492 -1.9816590765112434 4.7797297536247463 21.944439062256563 110 115 132 0.84920477644426207 73 392 81 563 84 831 68 274
1491 -2.4341004993741699 1.6173970711763885 24.621096811136773 130 130 130 0.67590990195887279 72 180 78 503 81 539 69 772
1488 6.4513836192721143 -1.9294040829133468 14.793105368571378 231 231 231 0.063930930190280733 74 786 81 502
1478 4.8003467348837523 2.0285980215082917 3.5893061513050171 8 8 8 1.0156833951446891 79 814 81 451
1471 0.39943889041198988 2.0110757482796719 24.276314222752802 130 130 130 0.30382378949614419 79 612 81 353 84 647 71 498
1467 6.7848081226418833 -13.610864371393957 35.1056338496468 0 0 0 0.65200217147844608 72 478 81 301
1465 10.008997481787191 -23.138677572277143 51.648030711242313 0 0 0 1.2100913707050793 80 244 81 294 85 248 86 464 88 509
1464 17.838232928839243 -29.118750903067568 38.536444141957674 117 117 117 1.5482554131075401 81 286 82 274 84 301 85 242 86 458 87 506 88 494 80 238
1462 7.7354269067115169 -17.056202525358032 20.559547453868138 68 67 67 1.8999994819072501 81 274 82 493 83 308 84 290 79 60 86 648 87 817
1461 8.7011783600709371 -20.116406187516457 23.474201407148637 68 67 67 1.5335069561199957 78 761 82 492 79 836 83 726 86 647 85 799 85 641 87 816
1458 -5.3946943012496114 7.422633187678886 26.244486047855478 216 216 216 1.1115229773594919 76 112 81 138
1457 -4.2578010420795911 1.4639800022878777 24.783317325963822 0 0 0 0.68459811488554057 77 140 81 102 83 114 87 787 85 589
1455 12.853846155692102 -4.8322646084010046 23.183285092914318 105 110 127 0.47408575562677857 74 132 81 52 84 32
1454 1.6825831451905537 -10.123626490227501 40.311159121159996 107 112 129 0.33489494314618096 81 47 85 271 86 221 87 297
1449 7.9366772777617234 -24.884204700692933 26.222592328674843 117 117 117 0.17706345450570601 71 656 81 17 67 769
1445 -3.8309638550139899 -24.221261092218121 22.344147755541616 146 146 146 1.3057577962995388 77 10 81 1
1444 -3.8309638550139899 -24.221261092218121 22.344147755541616 146 146 146 1.3057577962995388 77 9 81 0
1442 0.63702341069197421 -0.66324652776168724 2.8701752624097252 145 145 145 0.27722570518110046 79 18 80 10
1441 3.2893057575431137 3.8271980791991007 27.325757988582321 29 31 36 1.0130399544554292 76 603 80 608 77 793 82 726 81 722 88 733
1440 24.54347023301942 -19.284205970301016 31.589166274499945 2 2 2 1.1570769249379294 77 301 78 411 74 638 72 468 74 508 73 493 80 425 76 717 78 884 79 849 81 291 83 743 82 668 85 930
1439 14.877201940198141 -21.674921959216917 28.541158938932533 2 2 2 0.23318072868840928 77 523 79 692 80 418 76 387 78 605 76 521 81 473 81 474 82 498 83 531
1433 40.107007593439093 0.57215065573692503 40.739907868500815 59 62 72 1.6302502412200961 77 1106 80 912 84 1011 85 989
1431 0.053578693496397337 -5.9259807014221 26.510492080307586 58 60 67 1.6132894256085681 76 870 80 905 83 1042 84 1044 85 1024 86 1117
1429 12.414236764183679 -22.039645031915974 28.712638005269635 117 117 117 1.0074069025081587 77 1081 79 1165 80 899 82 965 83 1035 84 1027 85 1018
1427 -7.6881696313489591 1.1169459915904121 24.806819118091884 57 57 57 0.66465117098564541 76 755 80 827 81 952
1422 27.275559527520194 -26.202075383960324 30.871011654329031 117 117 117 0.97425631679817237 76 828 77 1019 80 804 81 937 82 896 83 960 84 972 85 958 86 1031
1421 26.656322755986423 -27.463891046402498 30.65699374759911 2 2 2 1.2975957967942251 76 786 77 973 82 851 81 892 83 924 80 755 84 947 81 936 85 926 86 1010
1419 21.969843126641475 -32.741613373031534 30.110017555793533 170 170 170 1.5324719118596817 76 826 78 1077 80 799 81 934
1413 -18.070525366336934 10.397739683061697 20.93604061618796 29 30 30 1.3234640393249137 77 684 78 736 80 748 81 882 79 657
1412 -10.913251418452489 4.6733981179064932 20.469271852172682 138 144 150 0.33159321154127502 72 353 74 388 70 861
1409 36.382223144314061 14.267533070976441 33.15433242856998 0 0 0 0.71425852860210448 77 959 80 612 83 624 85 560 85 743 86 547 87 567 88 716
1392 44.025129432903334 8.1709790136003679 35.441558240141568 231 231 231 0.2106651687869793 76 692 80 475 81 528
1383 3.3949234612528092 -19.170428876411112 26.198127806888859 117 117 117 0.94083506545694162 77 529 80 412 81 471 83 733 84 539 85 474
1382 0.59785102651492938 -0.6738534389664903 2.8457503479911788 146 146 146 0.37237970112389035 79 677 80 400
1376 0.55282691656001937 -0.14828548013880222 2.9522187863269909 231 231 231 0.079573421410799219 79 662 80 368
1366 18.66605945739337 4.5203335912113118 29.939762295360808 114 120 137 0.41950205890588571 76 453 80 308 83 391
1363 2.7356982986421268 1.3938169886140006 23.472528209189701 130 130 130 0.80537097849249994 74 374 80 298 82 556 84 630
1362 -6.0742907176887977 0.15417751350494885 26.83246547227942 124 124 124 0.74829888747879603 73 98 83 826 80 286 84 820 70 585 71 100 67 197
1356 -7.931957694089129 -11.991894185988171 22.943033275774614 57 57 57 1.8061295708400078 77 549 80 239 81 670 82 855
1349 0.62329598480590676 -0.62845209702064253 2.8117222385653982 153 153 153 0.24087494641873375 79 404 80 219 78 324
1346 2.1331972377342905 5.2082384336629453 19.491569828110933 107 112 129 0.72684261210109258 78 225 80 119 81 133
3690 12.074087319410451 3.2957934974544187 21.492717160207203 0 0 0 0.39801741900127602 69 966 68 854
1333 0.70547490520214418 -0.47989585660262801 2.6923993649039182 134 134 134 0.36217051662278477 79 418 80 17
3689 16.617001697446309 -0.66019824302122521 25.279920893033356 0 0 0 0.31206710966872181 67 987 71 950 68 843
1332 0.70547490520214418 -0.47989585660262801 2.6923993649039182 134 134 134 0.36217051662278477 79 417 80 16
1328 0.61756335810594642 -0.66147640203336433 2.8489385025377003 147 147 147 0.3469501933457324 79 4 80 5
3682 -18.407259440309168 5.0203743531730618 -8.5643911819217102 121 121 121 0.085240873244190565 67 815 69 1018 68 790
1325 1.8970004925458146 -14.189787581381724 9.7386252282856489 117 117 117 0.30978760977242625 73 796 71 1104 70 1262 69 1158 67 1074
3681 -18.214819069867222 2.7932802651826765 -8.592383326996643 156 156 156 0.33195573650714089 67 796 69 869 68 771
1324 -0.6736439551982949 -14.05602603464996 8.2707746723484412 231 231 231 1.4656015034726408 73 623 71 858 72 609
1322 3.8813118225931897 -13.828146764137749 8.9595410381287461 117 117 117 0.8450253630583684 73 616 71 849 70 1206
3678 -18.362952831621399 14.067245605904025 -5.1532998040369211 124 124 124 0.11150395008806983 67 753 69 972 68 740
1321 3.8813118225931897 -13.828146764137749 8.9595410381287461 117 117 117 0.8450253630583684 73 615 71 848 70 1205
3677 -14.630080618959607 15.530811255371095 9.1432882028527587 142 142 142 0.15184074726648222 69 965 68 733
3676 -14.958166051782099 15.107850978383208 8.6967355390367729 142 142 142 0.0031856071282910427 67 743 68 731
1319 -0.35258072559644094 -16.038571939090829 9.1382274292048109 231 231 231 1.1970388484145076 73 455 71 631 72 600 73 618
3675 12.333404846976551 2.6845969550636988 22.410885679293845 60 63 73 0.97117523349778745 71 798 68 725
3674 -14.402304439445208 14.126504697756214 8.8610926764446951 0 0 0 0.41930190255011907 67 734 73 896 68 724
3673 -17.282410134039289 10.043984936265918 -3.8801242919278112 94 98 104 0.015307034035219109 69 952 68 710
1316 -11.158006074934541 4.58475852265029 20.000420999693336 124 124 124 0.39950411892031812 71 488 70 634 68 509 74 386
3672 -16.104532798015033 9.2926931448382852 -1.0806372944318428 123 123 123 0.1095230899935591 70 1072 68 704
1315 -14.461050038202439 -5.3484997540947363 6.0773001141194669 57 57 57 0.50971871332917662 72 637 71 352 70 43
3671 -16.104532798015033 9.2926931448382852 -1.0806372944318428 123 123 123 0.1095230899935591 70 1071 68 703
1314 -4.8114314826399109 7.4554861822563741 14.95447539139661 231 231 231 0.091598875422051029 74 419 71 186
3670 -16.227129580922934 10.186471234230099 4.6678950384374991 29 30 30 0.31880294983269841 70 1068 68 702
1310 -15.712411239013209 9.1596251345541226 -0.42694110358400605 124 124 124 1.7276974323275749 73 1167 71 1353 70 1416
3666 -4.3112690314472424 14.660878977815893 95.87136050894712 0 0 0 2.3360987397902182 88 822 92 895
1309 -15.712411239013209 9.1596251345541226 -0.42694110358400605 124 124 124 1.7276974323275749 73 1166 71 1352 70 1415
3664 -16.207607017917486 7.0905012523690782 -1.9504713438909276 110 117 118 0.0025142280871984189 67 706 68 670
3662 -18.61777835030998 5.3674838561208897 -8.9048471536886957 11 84 38 0.14718712960703648 67 658 69 733 68 634
1305 -10.798361309695689 15.183227142680673 20.855708818127447 2 2 2 0.36324322452954755 73 1088 71 1314 70 1418 69 1255 67 1171 68 1108
3660 -18.526216357109785 5.1732794894098459 -8.8880032287515878 4 16 40 0.12028014619759997 67 648 69 727 68 624
1303 -11.735862593997203 4.0144148673399949 17.936229939677872 9 10 10 0.95126731507000495 73 1083 71 1301 69 1298 70 1404 67 1201
3659 -16.80228289905137 3.7885785689910314 -4.6827762309646124 44 46 51 0.45200670556949429 71 1046 68 620
1302 -16.248905489741809 3.9201384573290343 -2.4564082473697271 13 31 61 0.50966270513138701 73 1118 71 1298 70 1349 69 1193 67 1102 68 1041
3656 -18.783374802396203 13.955938866407443 -4.8708796558372098 12 89 38 0.013198047566761057 69 666 68 569
1299 9.5837802560842853 -21.749236249781873 45.806944046368443 0 0 0 1.3609914022749183 73 1035 71 1289 70 1382 69 1276 86 1034 87 1027 88 963 72 963
3655 -14.421427953650653 15.776261721904982 9.8791083113478173 0 0 0 0.14135707452800098 71 827 68 566 72 771
3654 -14.149170181528188 15.178475791268543 10.321800915894654 142 142 142 0.5585986692301641 73 785 68 565
3653 -18.439189252589028 11.33632164254306 -6.0844521269939014 28 76 49 0.13651703849505809 67 565 69 654 70 919 68 558
3651 16.592980970604376 -0.038381670842718901 25.42745070791916 0 0 0 0.036728759120664853 71 525 68 553
1294 25.970692693088044 -5.5298875926289126 58.024919815806825 231 231 231 0.83282515195899065 72 978 73 994 71 1258 70 1407 69 1301 67 1203 68 1135 74 853
3650 -16.467330354756619 9.3852856389268204 -1.7623336839915857 71 74 82 0.023333530200671037 70 903 68 542
1293 30.264471123701885 -8.039674918540193 39.965554323266097 160 160 160 2.8359942220071694 72 817 73 941 71 1256 80 257 81 307 78 638
3649 -18.390564983569035 9.3587421455499538 -7.0915538218032594 112 118 124 0.19587244993759201 67 722 69 812 70 1078 68 541
1292 -16.199241441482727 4.1610175023738822 -3.0544337656217131 19 35 64 0.59552904129066231 73 1119 71 1251 70 1289 69 1197 67 1105
3648 -16.214523686605393 9.2858008584787726 -0.89567859097653935 124 124 124 0.087300433533411714 69 803 68 539
1291 -17.493962006636025 -1.6389252883749383 -1.642615168156675 0 0 0 0.75204086688793104 71 1240 70 1266 69 1171 67 1084 68 969
3647 -18.683344332655171 9.4101075003842443 -6.5187470216609924 111 118 124 0.751884707608102 67 550 70 271 68 536
3641 -18.529603978337281 6.24858372903544 -8.3793856021545885 73 76 87 0.045871581403714827 67 495 69 553 68 473
1284 17.912710605481092 -5.8452225494266541 56.184374188323396 231 231 231 0.5874019323549583 72 900 73 990 71 1205 74 852 70 1353 69 1244 67 1157 68 1095
3640 -18.598162043169644 6.2295916744410214 -8.6249429319992341 11 27 55 0.05976513167468947 67 491 69 759 68 471
1283 -16.026354308515053 3.4157881912558685 -3.0255728835975617 5 22 52 0.62727819441504284 73 1077 71 1201 70 1225 69 1028 67 935 68 894
3639 -17.720889332518205 5.4632549199350908 -6.7570929847674259 16 33 63 0.054868861166802667 67 470 69 523 68 459 70 533
1282 -12.418250622077045 -0.29974743087467426 11.534895433814384 141 141 141 0.016915744743240792 74 970 71 1196
3638 -18.601714198759321 5.9706279982496069 -8.7857394036502825 75 78 86 0.04580778946270176 67 472 69 754 68 458
1281 -15.861352252950518 9.4888113510864454 -1.2459718116944394 124 124 124 0.36474812642151305 73 1013 71 1175 70 1247 69 1082 67 985
3637 -18.601714198759321 5.9706279982496069 -8.7857394036502825 75 78 86 0.04580778946270176 67 471 69 753 68 457
1280 -16.325678631419414 7.5983387677591541 -1.9547535774399678 123 124 124 0.18409328720998966 73 1008 71 1163 70 1168 69 1067
1274 -16.011620589996145 4.7705383386578735 -2.2775821754617005 55 65 84 0.10041035755272494 73 1001 71 1147 70 1142 69 1038 67 945 68 804
3630 -17.982553243921636 4.8979627020880452 -7.5631337209813436 7 18 43 0.19542273073559205 70 811 68 418
1273 -16.011620589996145 4.7705383386578735 -2.2775821754617005 55 65 84 0.10041035755272494 73 1000 71 1146 70 1141 69 1037 67 944 68 803
3629 -18.305696078302006 5.1303103972463235 -8.3276150985529824 113 113 115 0.13794429864467683 67 425 69 732 68 417
1272 -16.442942054950489 3.2864710538786706 -3.3278097950280117 0 0 1 0.27052984481674569 73 989 71 1125 70 1128 69 1016 67 925 68 786
2898 -16.439455747180745 3.751365462012592 -3.7400795814030565 17 19 21 0.13116828427593688 71 71 70 67 67 74
541 19.708116391124335 5.9619193510347124 36.310300953990783 0 0 0 1.0889582979224217 77 1075 78 1129 79 1155 72 1108 73 1150 71 1373 80 861 81 990 82 935 83 1007 84 1018 85 993 86 1095 87 1083 74 1047
2896 -16.529324670563426 3.780251490276461 -3.8761508578190522 28 37 45 0.092570630200300791 71 710 70 63 69 99 67 71 68 54
539 22.62272804989334 -35.256489329067378 27.231702044326774 94 94 94 1.7006824183386604 77 1053 81 986 82 949 83 1015 80 797 84 1003
2894 -16.602881554827263 3.7686074841858654 -4.0875919830310128 19 21 24 0.094282374824436299 71 704 70 59 69 90 67 67 68 53
537 -1.5968750724596001 4.8927441483946854 22.125981776114958 111 117 134 1.6105655005774451 76 847 77 1041 78 1115 79 1133 80 866 81 981 82 939 83 1013 84 998 84 1024
2893 -16.741921804060105 0.16769723901998615 -1.8777525771587784 146 146 146 0.39925441020612179 71 884 70 47
536 -6.5834192125107442 3.8930919303428024 23.018968071401527 111 116 133 0.59641124781544064 77 1039 78 1113 72 984 80 864 81 992 82 958 84 1037 70 1309 67 1118 69 1209
2892 6.2379727946670895 -21.801618198046114 28.077612679827983 2 2 2 1.2132403386853139 73 47 70 38 69 408 67 370 68 354 68 355 70 412
535 37.645638710987811 0.97574939518439696 37.445112974550483 59 62 72 1.5737615235980811 76 875 77 1038 78 1127 79 1150 80 883 81 988 82 952 83 976
534 5.8680490393493674 0.75801895973706046 27.592392042365507 112 118 135 0.98198993870270601 77 1037 74 976 72 1038 73 1084 71 1303 82 954 70 1444 69 1302 67 1204 68 1136
2889 20.010609393423916 -7.4472618744443189 26.297236181829973 59 62 72 2.1205835025641511 92 929 87 922 90 934
532 -31.486753274558897 -3.9208425083226999 16.979072297807264 141 141 141 1.079558831860244 76 799 77 1027
531 -31.486753274558897 -3.9208425083226999 16.979072297807264 141 141 141 1.079558831860244 76 798 77 1026
2887 8.897597028678728 15.151312400866454 65.682209831847018 0 0 0 1.6078058044181887 88 730 92 826
530 32.415506548836305 -28.553747878399598 35.234286297270359 2 2 2 1.3230151672066808 77 1020 78 1080
2885 -14.717634096087258 17.587510383229109 93.751840752172441 0 0 0 1.9344951823802918 88 741 92 741
2884 23.265670367196225 -15.833474249531214 12.653197692581193 126 126 126 1.7956899032010352 87 493 92 472 90 410
527 -2.9521628447621411 6.5587484487179113 25.459030055826204 0 0 0 1.1104443827009305 76 812 77 1004 78 1059 79 1105 80 833 83 986 84 968
2883 23.817127039047612 -16.113303771664317 12.319364383907466 127 127 127 1.9418157871883972 87 492 92 471 90 409
526 -15.30757251971386 4.628976990380961 20.889759622550375 0 0 0 2.0509690952470487 76 758 77 1002 78 1060 79 1135 80 889 82 982 81 1015
2882 24.38889738033458 -16.40107454958649 11.968463041403371 126 126 126 2.0952479852318304 87 491 92 470 90 404
525 -23.402012919065982 -0.26304044115008579 19.24422009033055 0 0 0 0.5562909222804161 76 743 77 996 78 1109
2881 18.201395550147687 -0.58946887710360008 30.990732864213072 130 130 130 2.8420046400373087 76 242 90 263
524 -23.411720021602886 -0.21646752357209448 19.253355843474928 0 0 0 0.88473647800303601 76 742 77 995 78 1108 79 1151
2880 96.696296396264657 23.042547100207745 75.208147625187067 8 8 8 0.42017254350184474 76 128 90 73
523 -25.562807783775174 -2.5769042907547992 18.785799906367469 141 141 141 0.56885478479472984 76 803 77 989
2879 96.696296396264657 23.042547100207745 75.208147625187067 8 8 8 0.42017254350184474 76 127 90 72
522 -22.13484732686311 -12.068836981302757 19.393507895834158 57 57 57 1.5842461669231203 77 979 78 1082 79 1142
2878 9.2188930652995023 -3.755140674083763 23.403195335248334 115 115 115 2.0021090539451429 87 841 90 766 92 793
521 -5.4858174375420994 -23.836371343514017 23.998129467562901 134 134 134 0.032212506379987654 77 970 78 1029
2877 3.5824323927589621 -7.6874994658538656 27.026884573887202 85 90 104 0.69999321585919894 76 538 77 577 78 627 79 716 80 432 81 682 82 677 77 578 78 628 80 433 84 747 83 769 85 817
520 30.040055397971265 23.065965733291105 31.430336649622426 59 62 72 1.4141568710309653 77 968 78 960 76 776 79 1016 80 737 81 786 82 762 84 825 85 784 86 836
2876 11.599826117386572 -4.6306396213767931 46.143376084215191 59 62 73 1.3503537419328306 92 694 90 658 88 700 90 828 87 714
519 39.949555936299163 15.748325205771492 34.543619118234723 0 0 0 1.2366782691176117 76 818 77 962 78 951 80 617 81 741 82 587 85 563 86 551 87 740 92 723
2875 43.507878546747193 31.17009412676558 33.505464379414711 231 231 231 0.27206813454078349 92 1075 90 1050
518 -15.273111159976862 5.8838113707808342 21.449970871282982 0 0 0 1.4648808419222208 76 683 77 954 79 1137 80 891 81 1016 82 983
517 -8.7658379061232559 2.353454279473628 22.29254283896168 55 89 63 0.9026218842114021 77 952 73 859 71 1142 70 1228 69 1123 67 950 68 988
515 15.101286193806297 -4.7618481734502778 29.092523315510569 231 231 231 1.0047676577196316 76 737 77 939 78 992 80 699 81 829 82 799 83 780 84 855 85 824
2871 36.794822565330541 22.336188750993163 26.761636192990316 0 0 0 0.37326577593451549 88 1024 92 1065
514 13.551307170935141 -4.7470682747323991 28.413555053129382 231 231 231 1.1447514705352901 76 736 77 938 79 969 80 698 85 826
2870 36.794822565330541 22.336188750993163 26.761636192990316 0 0 0 0.37326577593451549 88 1023 92 1064
513 11.227699757132301 -7.1106383207990396 28.830576543677484 110 108 108 1.5502581521906249 76 726 77 933 74 914 72 971 71 1247 80 762 81 898 82 859 83 932
511 -20.68029658896431 -11.49105254620161 20.00854877499469 57 57 57 1.1752440920359746 76 715 77 929 78 1034 79 1117
2867 22.132413849691218 -5.1318302897230419 39.101894042050091 59 62 72 0.69421883197885448 88 1015 92 1053 90 1025
510 1.6791541116741846 -18.079690989896758 25.780759609154398 117 117 117 1.0781402871668402 77 927 78 975 79 1030 80 758 81 893 82 852 83 959 84 946 85 956
2866 14.222862637552222 -11.15092480285236 24.252695317084722 0 0 0 1.5325482040753236 87 1077 92 1050 90 1022 92 1003
509 22.038684857006878 -27.201750990966573 29.96066336096694 2 2 2 1.3223060977503043 77 926 78 967 74 893 72 948 73 1025 80 753 81 890 82 849 83 732 81 660 82 659 84 722 85 646
508 24.882165996766496 -40.632192465276688 29.797373068805047 112 112 112 1.1282292404629948 76 701 77 921 78 871
2864 29.062680541947124 12.319965255178213 22.814112365428894 231 231 231 1.1306750201711597 79 1180 80 915 90 1010
507 -34.723636411885273 22.476392888872933 17.321111269942541 9 11 14 0.17892045957059596 76 628 77 920
506 30.09548586983928 24.511263356371259 33.22545019741186 59 62 72 1.0072259599022402 76 777 77 917 78 961 79 1017 80 648 81 586 83 667 84 667
505 41.728399543182427 6.0373282779796948 34.12152571582179 231 231 231 0.15980999168724094 77 907 78 833
2861 21.84314002930282 -5.3549698990777665 28.613617933516732 231 231 231 0.20644316494453041 92 976 90 975
504 -22.475291987017098 0.8838752344093036 19.83379816265661 141 141 141 0.37716296076337552 76 578 77 894
2860 24.818299357845731 -6.3049248967286653 32.629902776231674 231 231 231 0.65497671795024093 92 975 90 974 88 925
503 -22.475291987017098 0.8838752344093036 19.83379816265661 141 141 141 0.37716296076337552 76 577 77 893
2858 14.125786865082624 -8.0895420146177237 24.872352522518842 59 62 72 1.2436064156733377 86 1036 87 1030 88 965 92 1008 90 968
501 -27.389643018059683 -1.1000123387828586 18.127898601617712 0 0 0 0.57538284828432928 76 558 77 875
2857 14.125786865082624 -8.0895420146177237 24.872352522518842 59 62 72 1.2436064156733377 86 1035 87 1029 88 964 92 1007 90 967
500 -27.389643018059683 -1.1000123387828586 18.127898601617712 0 0 0 0.57538284828432928 76 557 77 874
499 7.3040830583397645 -3.7394390751125237 25.397045942888976 41 41 41 0.93069175616579958 76 661 77 870 78 798 81 691 82 690 83 876 84 859
2855 36.86133590150191 12.578732476625495 34.753285475645711 130 130 130 0.54020822177372707 88 939 92 985 90 941
498 30.187101948059734 -6.8476793261937798 33.84132215230666 59 62 72 1.4329691777473512 77 864 78 794 79 967 74 851 82 680 76 733 84 850 85 682 86 875
2854 11.454647522199263 -0.10812845598978435 51.451346454378893 118 124 142 1.2204953387239825 87 944 88 934 92 938 90 937
2852 18.855286381109511 -6.8434152424603312 24.796252105536915 59 62 72 0.87037463161053297 92 928 90 933
495 26.135842940393182 -23.545786284108328 33.292696600546144 192 192 192 1.5780649016847679 77 845 78 777 79 847 74 835 80 689 83 321 84 309
2851 16.574995604282492 -8.1440169861366929 26.657602449278919 231 231 231 2.1291758758835679 86 1038 87 1031 88 966 92 972 90 932
494 34.697219429679485 -24.351716357174514 32.186601559429207 2 2 2 0.60271316405824626 77 844 82 787 74 898
493 57.482220405069405 36.259724748493291 39.33772634325566 59 62 72 1.2512269183695082 76 778 77 819 78 855 78 962 79 929 80 517 80 650 81 789 82 421 83 663
2849 16.360491067655676 -13.992105845812533 23.811369562686519 231 231 231 0.50408794318312866 87 1025 92 968 90 926
492 -25.848992604998887 14.192341410163346 19.328458995555124 57 57 57 0.28788558495193717 76 621 77 818
2848 -3.7532644364657077 -0.28104554880781535 23.310352799961105 0 0 0 0.35438188447410052 83 395 87 581
491 38.347515560929651 16.03286857661708 34.004950909935062 130 130 130 0.89793542022626227 76 697 77 814 78 729 79 787 80 322 81 369 82 386 83 109 84 168 85 101 88 597 92 573
2847 -3.7532644364657077 -0.28104554880781535 23.310352799961105 0 0 0 0.35438188447410052 83 394 87 580
490 -4.6755257269552235 7.8272297034250471 25.143760190753877 5 5 5 0.78739185262851819 76 686 77 807 79 1004 74 810
2846 41.447800494228794 9.8378330021544933 39.455502751263097 96 101 116 2.8102162626906244 92 885 90 894
489 43.576347271326135 8.1588234935737134 35.069093821760248 231 231 231 0.97312616518733974 76 691 77 805 78 710 80 474 81 527 82 339 83 376 85 300
2845 10.496843899060417 -4.3404299409995186 38.868333272936454 114 119 137 1.5210862775354292 86 899 87 937 88 878 92 935 90 890
488 33.596733744600598 5.4247158384984582 33.266657366983637 108 113 130 0.16728743949575772 76 684 77 798 78 831
485 1.1859998027512664 1.0945910756362822 24.087037969886204 130 130 130 1.0548421584757433 77 779 79 891 74 703 72 729 73 732 71 928 80 601 81 708 82 713 84 883 85 848 86 980 87 950 70 1154 69 1056 67 960 68 815
2841 7.5773509305881177 -14.234236303975907 42.298565773034262 0 0 0 2.1502945380686525 86 964 87 1001 88 923 92 931 90 878
484 -5.0138024589666408 0.29923639121072021 25.181736858299278 59 62 72 1.2935924962578289 77 776 74 698 72 711 81 852 82 870 84 961 85 975 86 1056 87 1071 70 1144 69 1042 67 948
2840 7.5773509305881177 -14.234236303975907 42.298565773034262 0 0 0 2.1502945380686525 86 963 87 1000 88 922 92 930 90 877
483 19.489993550247672 -1.152943302977826 30.185333725115356 130 130 130 0.64736386761832676 76 585 77 773 74 802
482 19.09201982341262 -1.1199461873910781 29.495792106538357 130 130 130 1.217638991006744 76 584 77 772 74 801 72 843 73 957 71 1214 67 1124
481 -24.598562579429114 -0.59652957637551485 18.643197759824393 0 0 0 0.46802491749188113 77 770 78 916
480 -24.598562579429114 -0.59652957637551485 18.643197759824393 0 0 0 0.46802491749188113 77 769 78 915
2836 46.940734244447334 36.161951906341763 45.608689088476993 59 62 72 0.37281910589927042 92 837 90 859
479 13.03504848945995 -3.7896579237403527 28.375762348325608 41 41 41 0.9705033967285166 76 663 77 762 78 804 79 873 80 453 81 313 82 315 84 353
477 22.16523228618146 -10.474958384074805 29.331364721555296 231 231 231 0.46671544581661339 77 736 78 887 82 790
2833 28.702535078925546 1.6079923767514279 29.244724957283271 231 231 231 1.6411230814149274 87 845 88 804 92 876 90 827
476 17.151116832302375 -10.167539398618803 29.171935238500939 59 62 72 2.2474595075364743 76 535 77 735 74 756 72 888 71 1192 81 481 83 536 70 1278
474 28.868419381192545 -29.517935356425632 32.547709478136184 2 2 2 0.32231380438266483 77 716 78 763
2830 32.755947493838377 -5.5641514469158126 33.812050773773052 0 0 0 1.291576595376662 87 692 88 790 92 786
473 63.03025650982358 -38.485707686935619 35.945231966747023 8 8 8 0.65533026595460075 76 506 77 706 79 683
2829 18.123394143719558 -6.8408954838398515 29.930853066095128 65 68 79 1.6883135789267507 88 866 92 867 90 817
472 -9.9484699401850083 -24.719192214195623 22.26445184336503 117 117 117 0.73588319907968802 76 503 77 703 79 827
471 -12.299269097570228 -24.871985787841879 21.146879533060197 117 117 117 0.89998755850250167 76 499 77 697
2827 19.959845409401602 -15.430833504810884 27.418117355618019 0 0 0 1.0691060934482441 87 919 92 970 86 671 87 996
470 -3.8412928927222252 -28.500323686390566 23.310332116433443 133 133 133 0.86665684923668396 76 495 77 696 78 873
469 -3.8412928927222252 -28.500323686390566 23.310332116433443 133 133 133 0.86665684923668396 76 494 77 695 78 872
2823 32.124951184262507 16.436290514660126 35.278305110051662 59 62 72 0.34714734994827218 92 731 90 790
466 52.315128417754707 12.552989396312269 37.337357859236178 8 8 8 0.4470551568880704 76 615 77 673 80 107 78 535
465 -15.836534860294803 7.1070231374186932 21.987051567981599 57 57 57 0.0058520073714822939 76 301 77 669
2821 43.737331809080509 10.203748846060062 35.049572945235987 115 121 138 0.54533917251114294 92 806 90 775
464 33.387747298241408 7.016704195603551 33.224743908801123 113 119 136 0.53666343513297354 76 608 77 663 78 706 79 619 81 337 82 340
463 19.261079524098328 4.5182062490605288 29.195159309313627 114 120 137 0.02229415402753538 76 457 77 648
462 19.907351943333548 4.7302910091681944 31.205040002388976 114 120 137 0.013387485142740213 76 455 77 646
461 18.280991644629268 4.3615621721797373 28.327104673637624 114 120 137 1.3816242415078921 76 454 77 645 85 545
458 1.7964803943791838 1.4949018776837311 25.115129313483724 130 130 130 1.1859507497710091 77 630 78 673 79 742 74 562 73 746 80 469 81 713 82 716 83 816 84 795 85 852 86 917 87 952
2813 26.651010524421743 -5.3945455177938566 32.15679035363204 231 231 231 0.33771988354175309 92 665 90 756
456 0.90405732618097756 0.55170217660906895 23.952593545587725 0 0 0 0.98619448082420802 77 625 78 669 74 559 73 725 71 926 80 463 81 701 80 598 82 711 83 811 84 881 85 845 86 979 87 949 70 1149 69 913 67 843 68 810
455 -3.9489139068575367 0.48428519929314123 24.341882302156598 0 0 0 0.030357107484268148 77 623 78 668
2811 17.611005617847859 -7.6598878410622655 24.693379211219607 59 62 72 1.9572560781719965 86 683 87 679 92 777 90 747
454 -4.0194620345859837 0.48876843787326507 24.450781374252937 0 0 0 0.86896922628691109 77 622 78 667 74 556 72 539 73 547 71 746 80 600 81 710 82 818 83 894 84 933 85 914 86 1020 87 1043 88 978 70 1037 67 838 69 766 68 656
2810 18.184063646035231 -8.838764974542233 27.242975906274111 59 62 72 1.3137447919858636 87 677 88 676 92 652 90 746
453 22.488128210775884 -0.42995306332564709 33.471698416217798 0 0 0 1.3529645605195433 76 427 77 621 80 278 82 63 78 173 79 191 81 68 83 75 84 89 85 66 86 70 86 246 87 330 88 342 92 353
2809 18.184063646035231 -8.838764974542233 27.242975906274111 59 62 72 1.3137447919858636 87 676 88 675 92 651 90 745
452 -3.5283036594953674 0.28454174373764984 24.59900806115192 130 130 130 0.77035670479374452 77 620 78 666 79 888 74 554 72 533 73 546 71 744 81 707 80 466 82 715 83 819 84 890 85 864 86 986 87 966 88 952 70 850 69 765 67 687 68 655
2808 26.883937707258372 -42.003823909209835 52.608680159555512 0 0 0 1.4809560009695297 87 657 88 770 92 775 86 664
451 10.918150066336713 -3.1569589124651878 27.00922115506302 231 231 231 1.1413665186752624 76 576 77 604 83 791 84 770
2807 -53.200598774452551 13.737326193048698 101.054092299457 9 9 9 1.2296806312080231 88 620 90 727
450 -2.0263081070244335 -3.0489638193983866 25.781330220770723 25 26 26 1.2147345327917465 77 599 78 653 74 539 72 518 80 592 81 511 83 801 84 871 85 836
447 -0.20934350484798189 -5.7408319176434093 24.721150365550553 59 62 72 1.8743507927880489 76 402 77 583 72 496 84 760
2803 -2.0724673287374191 12.210283093131453 96.559278092445567 0 0 0 1.7284083376428638 88 374 92 735
446 0.096674759269284552 -6.6139151732884249 28.003263198782879 59 62 72 2.0511051638348761 76 401 77 582 81 683 86 888 87 836
2802 13.176806119091351 6.6515083488301761 64.83008365834506 0 0 0 1.5624241727109254 87 564 92 722 90 683
2801 39.944154075458449 13.956794492434321 35.777799773963267 0 0 0 2.174117726977117 84 393 85 554 90 682 79 908 82 580 83 609 78 840 84 396 78 841
444 6.7140867664740096 -8.0699878044195614 25.200472731749166 231 231 231 2.0015822466058153 76 195 77 574 81 490 82 510 83 550 84 580 85 484 86 470 92 657 90 629
443 12.26746404061309 -9.2303948504430746 27.496882233506554 0 0 0 1.0242554150730399 76 398 77 570 78 620 79 709 74 657 80 431 81 484 82 504 83 544 84 575 85 480 86 682 87 678 88 510 90 625 92 653
2799 -15.267149961426451 -7.4659620571993539 90.836330556072468 231 231 231 1.5632491319566586 88 583 90 674 92 714
442 -22.290269536202306 -12.238821015147638 19.066746786319651 57 57 57 1.3028655893612391 76 393 77 538 78 773 79 959
2798 -15.975726124470709 -9.3668856642005114 93.707856878245295 231 231 231 1.5344284465209952 88 578 90 673 92 710
441 -22.290269536202306 -12.238821015147638 19.066746786319651 57 57 57 1.3028655893612391 76 392 77 537 78 772 79 958
2797 25.178458619157453 1.1004801963788871 34.136035520869136 0 0 0 1.2695196880468287 88 705 90 660 87 718 86 739 85 511
440 1.6248951269176253 -18.77765853408658 25.52706235031383 132 132 132 0.18867368421630301 76 389 77 528 78 604
2796 10.921524135962585 -3.5051508713211623 41.501750648431781 111 117 134 1.6132791930889292 87 334 88 701 92 697 90 659 85 508 86 502
439 15.272948324031995 -22.270653565973276 29.250035222890752 2 2 2 1.2430048342183933 76 386 77 524 78 606 79 693 74 495 72 456 80 419 82 499 83 532 84 725 85 651 73 486
438 19.813825266207473 -23.715515045994291 30.676968965113016 117 117 117 1.4836169330623199 76 385 77 522 74 628 72 454 73 807 71 1012 81 669 80 421 84 729 85 655 86 668
437 1.4705984853494896 -25.73518561623299 34.249027856015253 133 133 133 1.4753597338523536 77 518 84 721
436 0.79346857115037983 -19.206771379775585 25.139767949281239 133 133 133 0.15036485801274127 76 382 77 517
435 23.292849031263628 -38.225931883609881 28.201560845986375 117 117 117 1.209011758371098 76 364 77 495 81 258 82 248 83 293 80 218
2791 33.312933986892325 -4.9336156696087023 33.685476488600905 0 0 0 1.7999867069595521 87 285 88 524 92 668
434 -11.684943644268838 -27.158859547661336 20.978229902238972 2 2 2 0.21035224509865103 76 153 77 493
2790 33.312933986892325 -4.9336156696087023 33.685476488600905 0 0 0 1.7999867069595521 87 286 88 523 92 667
433 -11.684943644268838 -27.158859547661336 20.978229902238972 2 2 2 0.21035224509865103 76 152 77 492
2787 27.101655326881634 -33.16039842719325 42.501578308157725 117 117 117 0.81484565371812179 88 673 92 641 90 618
430 15.339119655244669 16.424046244014981 28.278056952304894 106 111 128 1.5314283529600894 76 625 77 457 81 395 82 424 84 206 85 374 86 346
429 27.510432859954989 14.464605039100897 32.645744407338292 0 0 0 0.35112506259428461 76 470 77 447 78 227 79 285 80 121 81 130
425 -13.598145782874553 6.0874716064957708 22.012266340195215 124 124 124 0.85393357567451345 76 458 77 435 78 539 79 790 80 644 81 878 82 844 84 1001
424 40.466169763832625 5.9370478329823513 34.626001352578037 231 231 231 0.31219668565539316 76 463 77 419 78 527 81 83
423 41.696291415347758 5.8760413520645542 36.645870075805256 231 231 231 1.6547181537497266 76 304 77 417 78 210 79 749 78 688 80 287 81 82 86 251
2779 16.096613521626423 11.663420378002872 2.9034953911796961 8 8 8 0.99851220289751841 86 638 90 573
422 41.754460208602616 5.8873857264358627 36.678859295365513 231 231 231 1.7490016991487296 76 303 77 416 78 209 79 748 78 687 74 813 86 250
2778 21.534947845547752 13.866823877278538 5.7651147810064742 8 8 8 0.52751638516169852 92 599 90 565
421 -7.8528255457136922 2.6367788653331132 23.109601645370169 231 231 231 0.52704401224606046 76 282 77 393 79 770 81 745
2777 21.534947845547752 13.866823877278538 5.7651147810064742 8 8 8 0.52751638516169852 92 598 90 564
420 0.64948030150267755 1.7927359720862512 23.327963191176039 0 0 0 0.93351291727322927 77 385 78 511 79 610 81 535 82 363 68 672
2776 21.44228477603821 13.69361431043848 5.8894799771328747 8 8 8 0.52925847725335129 92 595 90 562
419 -0.69855314130582491 1.7290921366770782 25.564335273895576 0 0 0 0.92978928286776164 77 383 78 504 74 372 82 569 83 623
2775 21.44228477603821 13.69361431043848 5.8894799771328747 8 8 8 0.52925847725335129 92 594 90 561
418 25.190493358342859 1.6627234928668941 33.594383720867086 0 0 0 0.58446886737683479 77 382 78 485 79 201 80 91 81 77 82 75 83 84 84 106 85 512
2774 15.6247005577333 10.46562950015454 3.9559498563689588 8 8 8 0.91060981762128379 86 631 90 559
417 -3.4089952355939874 1.6691029478392818 25.13391728578156 0 0 0 0.78203585552229082 76 270 77 377 79 607 78 509 74 361 74 362 82 582 85 776 71 129 69 586 67 238 68 238
2773 15.6247005577333 10.46562950015454 3.9559498563689588 8 8 8 0.91060981762128379 86 630 90 558
416 -7.921777059794521 1.5845566473408816 26.006472113202513 124 124 124 1.372915772844945 76 259 77 375 79 609 78 502 73 354 80 490 82 588 83 842 68 486
2771 47.088599301141144 11.209892203159377 44.627015558523304 59 62 72 0.21699284840622363 92 552 90 517
414 24.609663707636919 -0.16520172844869499 38.362594899778728 130 130 130 0.72478285093898165 77 360 78 471 79 194 80 83 81 69 82 67 84 94 92 354 87 134 88 343 90 266
2770 47.088599301141144 11.209892203159377 44.627015558523304 59 62 72 0.21699284840622363 92 551 90 516
413 20.451725280482567 -0.53696820947851454 31.152402780868886 130 130 130 0.66447140888307299 76 248 77 354 78 465 79 189 81 66 82 61 85 69 86 72
412 14.186184513385209 -0.71502407754819852 28.612740719790921 59 62 72 1.494102300559258 76 423 77 350 74 561 76 238 72 736 83 78
411 24.726134901565494 -2.2558239746013351 42.023672859926869 130 130 130 0.97785273242732551 77 346 80 73 87 324 88 334 85 64 90 498
2767 11.184819152442431 -3.1229123741428024 41.821284571243879 59 62 72 1.1082268754025606 87 545 88 551 92 549 90 504
410 34.499975121377915 -4.9762145970497942 33.559160487198461 59 62 72 0.54236100649969698 77 344 78 452 74 557 72 342
2766 25.325755789045065 -0.79644104439776175 42.332490958817786 0 0 0 0.62640663242381756 86 248 87 543 88 547 90 502 78 659
409 10.069055675728482 -5.5290301314305301 25.723078790096633 0 0 0 2.174197340715383 76 42 77 328 72 110 73 83 71 78 85 41 90 451
2763 0.8074341676205139 -19.387100631067852 77.58528464354373 95 100 115 0.55401573615293576 88 299 92 327 90 477
406 6.6557932985233732 -7.1338410878260055 25.899283100254934 231 231 231 1.1805241464212579 76 203 77 317 78 439 79 521 80 254 82 303 85 486
2762 11.301898713325269 -13.929754207979814 58.400618848407291 59 62 72 1.3543387104148987 88 287 92 310 90 469
2761 30.869787859988293 -3.9253738313573705 31.844190204932531 59 62 72 1.8353197076883845 88 282 92 521 90 461
402 39.878807918769567 -27.260376775141598 37.23599016510218 231 231 231 1.1463099147869968 77 296 79 451 74 281 72 73 82 667
2758 9.424612738710815 -9.3774346836924263 35.431904311070085 231 231 231 1.9170162259355896 87 282 88 265 92 512 90 446
401 20.161553895058006 -24.983264952987273 29.320622302083198 2 2 2 0.86214424758494268 76 378 77 280 78 593 79 429 74 750 72 878
2757 9.424612738710815 -9.3774346836924263 35.431904311070085 231 231 231 1.9170162259355896 87 281 88 264 92 511 90 445
400 20.091957425970854 -24.905533572973962 29.282888394857626 2 2 2 0.50037375319212707 76 377 77 279 78 592 79 428 80 232 81 280 82 23 83 23 84 297
2755 19.677349463153661 -17.295210031701007 27.589561189422746 231 231 231 2.5902069708759519 87 511 88 500 90 425
398 3.5287490122230656 6.6633327316607911 23.654231523642814 59 62 72 1.609037487594156 77 161 78 224 79 268 80 117 82 110 85 597 86 598
2754 61.343163273423365 -39.634448412102408 34.585525765824123 0 0 0 0.89150761423202529 77 273 80 229
397 -3.8192541771591109 5.5500833157499985 25.031806764804948 105 111 128 0.30815803765821043 76 105 77 151 79 259
2753 22.768166733200211 -15.592380831765976 12.96666903076553 127 127 127 1.6634637562928465 87 494 92 475 90 414
396 -10.989035983600049 4.2118163684829142 22.996073671073912 17 29 46 0.21709425261256138 76 97 77 149 78 532 79 626
395 17.365134779756627 4.3233388513908473 30.216887609029328 0 0 0 0.80329790718122451 76 102 77 148 72 196 85 86
394 16.093958970357711 4.0821870128789808 30.907906906947801 0 0 0 1.0984448106730937 76 445 77 147 78 525 79 615 74 397 84 387 85 732
392 -3.3580182980139419 1.32790440031811 25.100295667645526 130 130 130 0.43161993611860355 76 82 77 139 78 202 74 191 79 602 72 174 73 131 81 350 82 369 83 644 84 659 85 769 86 930 87 887 88 908 70 621 69 583
391 -3.3535862391191911 1.3272303164321366 25.087363877770247 130 130 130 0.42780920610076245 76 81 77 138 79 601 74 190 72 173 73 130 71 121 80 97 81 349 82 368 83 643 84 658 85 768 86 929 87 886 88 907 69 582
390 0.49203000384626505 1.0233585676315091 24.520733928081565 130 130 130 0.70466911129437293 77 135 79 585 74 197 72 179 83 602 73 372
2745 15.601714037515851 10.405782292856092 4.0079956815160758 8 8 8 0.90547670848563677 86 424 90 373
385 18.30199645409105 -5.547724190948041 30.533878782472367 59 62 72 0.53915861705067014 76 48 77 104 79 163 72 124
2741 26.782490754245071 15.91128066311612 8.6225415710772619 8 8 8 0.26474560013387072 88 434 90 366
384 20.088037093689788 -6.158563746725477 32.037444932652186 100 105 121 0.77060753785152625 77 101 74 543 78 447 81 58 80 66
2740 26.725809496241503 15.813399952664426 8.700506933750269 8 8 8 0.26648254381846592 88 432 90 364
383 15.652297988909567 -22.045069153079616 29.433465188467061 117 117 117 1.305173771190989 76 174 77 33 79 448 74 286 72 462 73 489 84 304 85 243
2739 26.725809496241503 15.813399952664426 8.700506933750269 8 8 8 0.26648254381846592 88 431 90 363
382 15.652297988909567 -22.045069153079616 29.433465188467061 117 117 117 1.305173771190989 76 173 77 32 79 447 74 285 72 461 73 488 84 305 85 244
379 1.6362768882718848 4.9282023781776596 25.630982116752953 113 118 136 0.52579612880471438 76 930 77 1116 78 1180 79 1197 74 1074
378 -3.7731877531648306 3.2570376584996796 21.285400820433185 112 118 136 1.5153619333049129 76 928 77 1114 78 1178 74 1073 72 1152 73 1161 71 1366 70 1470 69 1363 67 1258 79 1195 68 1199
2731 19.980574883911309 11.003606229610313 7.8355792838345559 8 8 8 0.55920845210553272 92 413 90 331
2730 19.980574883911309 11.003606229610313 7.8355792838345559 8 8 8 0.55920845210553272 92 412 90 330
373 17.506029297670771 -24.399936220184607 29.567961513605503 117 117 117 1.0711451878867659 76 923 77 1111 78 1173 79 1189 80 928 81 1025 82 987 83 1062 84 1053
2729 19.929505180341369 10.917041383097997 7.901324562599104 8 8 8 0.56098460611787082 92 409 90 329
372 44.760148588633072 18.028837553758624 35.965529466619238 59 62 72 0.46339439480369948 76 920 78 1135
2728 19.929505180341369 10.917041383097997 7.901324562599104 8 8 8 0.56098460611787082 92 408 90 328
371 39.23317531111082 16.26060298070194 34.827315515953835 83 83 83 1.1813929214462262 76 919 77 1095 78 1134 79 1136 80 867
2726 19.050152583734736 9.9108386083083477 8.2649007456799133 8 8 8 0.53816556276288463 87 412 90 315
369 16.898869075373337 1.9096387359867752 28.675236074724012 112 117 135 0.99391193360238284 76 916 77 1107 78 1168 79 1177 74 1061 80 913 81 1010 82 976 83 1044 84 1034 85 1028 86 1111
2725 19.050152583734736 9.9108386083083477 8.2649007456799133 8 8 8 0.53816556276288463 87 411 90 314
367 16.677747933314791 -1.290192022270042 30.776378244669601 59 62 72 1.6628782777975848 76 914 77 1105 78 1150 79 1176 74 1059 72 1151 73 1162 80 911 81 1009 82 975 83 1043 85 1027
366 10.221165562465075 -1.817829526945568 27.178914032028697 83 77 74 1.6973365203737565 76 913 77 1104 80 910 82 980 84 1047
2722 -30.460450879638575 -17.608252582109287 124.66913834869199 9 11 14 0.26515191448753256 88 132 90 285
365 -28.904622935662058 -1.7828907761507848 17.990300422383491 0 0 0 1.2675077451579959 76 912 77 1113
2721 29.18863798090754 5.3916330448782999 36.013809744469903 59 62 72 0.24076253532876324 92 149 90 282
364 24.854715609163861 -9.4538339030405716 32.005741714797452 59 62 72 1.0203648505009275 76 911 77 1103 78 1144 79 1172 80 904 81 1005 82 972 83 1041 85 1006
2720 29.18863798090754 5.3916330448782999 36.013809744469903 59 62 72 0.24076253532876324 92 148 90 281
363 19.776506585644722 -16.185251208936048 31.483184242021359 0 0 0 1.598607234995804 76 909 77 1085 78 1160 79 1182 80 922 81 1021 82 970 83 1039 84 1031 83 1020
2719 11.538661909510012 3.8632982012385892 6.5951478304660158 8 8 8 1.2373045914884941 86 571 90 275
362 20.926850738304736 -21.901902336347124 29.574722990861407 2 2 2 1.4825397746421094 76 908 77 1100 78 1141 79 1168 74 1052 80 901 81 1002 82 968 84 1041 83 1056 85 1022
361 29.279788136746063 -26.312548014609391 30.030032287458408 117 117 117 1.7522614822884393 77 1099 78 1140 79 1164 80 898 81 1000 82 966 83 1054 84 1028 85 1019 86 1106 76 907
360 46.548808229223944 20.652230753178408 36.147324164631819 231 231 231 2.2169547879409897 76 906 77 1079 79 1107 80 836 81 954 77 1096 82 742 81 762 83 906 84 992 84 177 81 562 85 974 86 806 86 1018
359 -12.21945395725054 16.694313524329196 23.641345714822769 1 1 1 2.1024268089375391 76 905 77 1110 78 1171 79 1198 72 1074 74 1017
358 42.863999572952075 11.122133740117549 32.503460389068501 231 231 231 1.4075495814422923 77 1078 78 1116 79 1100 80 830 81 913 82 869 83 890 84 878 85 905 86 906 87 946 92 888
357 28.404610902307034 6.6062419100940453 31.599845023948308 0 0 0 1.0545043194559056 76 902 77 1076 78 1112 79 1131 80 828 81 951 82 914 83 938 84 925 85 942 86 1045
2713 29.29393057181645 -3.9803163206464278 31.166462865669786 108 113 130 0.28672104220504596 92 63 90 224
356 -27.084757592171858 2.4130611201435217 17.804718316245623 141 141 141 1.0631591508208997 76 900 77 1093 78 1170
355 -27.084757592171858 2.4130611201435217 17.804718316245623 141 141 141 1.0631591508208997 76 899 77 1092 78 1169
354 8.0939637688725092 -4.2453377763821081 26.68226148333272 189 189 189 1.1189210064851376 76 898 77 1088 78 1146 79 1173 72 1135 80 907 81 1007 84 1045
352 -25.842494613957733 -4.6542573656423087 19.10388982617258 141 141 141 1.0830626178997467 76 896 77 1102 78 1161 79 1192
351 6.0336536071153875 -18.282284150083502 27.02018471565906 2 2 2 0.97377831777227752 76 895 77 1084 78 1143 79 1170 80 902 81 1001 82 967 83 1055 84 1040 85 1020 87 1109
2707 19.34312302732878 -8.1284970838286856 29.215820975395729 59 62 72 0.89630570160733514 88 94 92 33 90 198
350 3.4499774485706034 -18.132668673284268 27.105641738179575 2 2 2 1.3234581951928612 76 894 77 1083 78 1142 79 1169 80 921 81 1020
349 14.312604084825363 -20.266684481665035 28.263503495099197 2 2 2 1.26204059497798 76 892 77 1082 78 1121 79 1145 80 879 81 987 81 1003 82 951
2705 19.474242036148404 -13.941040598678159 15.001039084093387 127 127 127 0.8639496359291029 87 241 92 237 90 189
348 11.688342260456899 -20.007677688180053 25.484950051811659 122 122 122 1.5697903267080422 76 891 74 1005 72 1062 73 1070 71 1326 70 1430 69 1320 67 1229 68 1175
2704 19.986141513169002 -14.204003313390348 14.685463236097084 132 132 132 0.97517974375353766 87 240 92 233 90 187
347 48.558741335599855 32.68509335410544 37.765373874246379 59 62 72 1.2147992120195201 76 881 77 1049 80 786
2703 20.541865540115325 -14.486566996309774 14.342665861501526 134 134 134 1.1032112002709371 87 236 92 230 90 185
346 -4.6333651904303705 6.8756057681574223 26.035168006370615 5 5 5 0.9100288146467328 76 878 77 1042 78 1133 79 1134 80 888 81 994 82 960 83 1052 84 1039
2702 21.10371335235002 -14.769083116140056 13.995679500512441 133 133 133 1.2385551089760674 87 231 92 225 90 184
345 24.059883684400262 -4.4475785968290555 34.547596950154627 59 62 72 1.1800383740908624 76 874 77 1071 83 1003 84 983
344 -23.822410137032833 -0.47077162272149692 18.947417662812608 0 0 0 0.46144135631246042 76 873 77 1089 78 1165 79 1193
343 -26.512338646455905 -2.7797502741047757 18.408169670711239 0 0 0 1.1791295868560561 76 869 77 1065 78 1162
2699 18.867693071457371 9.5240463113376901 8.5764504052948407 8 8 8 0.53329282260999578 87 195 90 147
2698 18.867693071457371 9.5240463113376901 8.5764504052948407 8 8 8 0.53329282260999578 87 194 90 146
341 23.776664518207266 -8.3490159759332219 28.186901861426147 59 62 72 1.8429231910403518 74 1012 73 1141 72 1102 76 867
2697 18.823054944424864 9.4388087639467315 8.6485618750409596 8 8 8 0.53543501519885606 87 193 90 145
340 20.77696023631259 -9.5883331794711175 30.943152937816944 231 231 231 1.1947574267896874 76 866 77 1029 78 1095 79 1126 74 1041 80 819 81 944 82 906 83 967 84 954 85 936
2696 18.823054944424864 9.4388087639467315 8.6485618750409596 8 8 8 0.53543501519885606 87 192 90 144
339 20.698747262402357 -9.5537462797682835 30.811761313416579 231 231 231 1.223890336860161 76 865 77 1028 78 1094 79 1125 74 1040 80 818 81 943 82 905 83 966 85 935
2695 18.676526866024872 9.1087392237539628 8.9063414750612839 8 8 8 0.52460699967232505 87 185 90 138
338 17.844386468207173 -9.9345680204266742 29.539351976686604 59 62 72 0.93765840449185833 76 864 77 1061 78 1090 79 1123 80 851 81 975 82 929 83 998 84 976 85 961
2694 24.252001001936193 11.073110518142071 12.226056306665097 8 8 8 0.24498788523632556 88 175 90 137
337 13.998878669555998 -9.4796223606864736 28.356152060057269 59 62 72 1.5864441507654186 76 863 77 1060 78 1089 79 1122 80 850 81 974 82 928 83 1002 84 975 85 960 86 1037 87 1028 88 989
336 10.472122660519718 -8.8519171547905948 26.223031720184736 59 62 72 0.96686596909396882 76 862 77 1059 78 1087 79 1120 74 1038 72 1101 80 848 81 971 82 927 83 997 84 1009 85 985 86 1075 87 1054 88 988 92 1005 90 966
2692 14.287394693456156 7.0774452831193058 6.927065318452251 8 8 8 0.7154221748468883 86 140 90 131
2691 14.287394693456156 7.0774452831193058 6.927065318452251 8 8 8 0.7154221748468883 86 139 90 130
334 7.8614105971415231 -19.776193130532736 26.621122431695806 127 127 127 1.6492828358671283 76 859 77 1056 78 1120 74 956
2690 23.717608095272503 10.057753669456464 12.972951424068146 8 8 8 0.24169561171329917 88 163 90 119
333 22.159002922883779 -26.828883568161938 30.144784401288472 2 2 2 1.0917250551840523 76 856 77 1055 74 1036 72 1089 73 1131
2689 23.717608095272503 10.057753669456464 12.972951424068146 8 8 8 0.24169561171329917 88 162 90 118
330 29.742879233683038 10.754606281530704 28.857760398357151 0 0 0 0.82143760840777991 77 1006 78 1015 79 1061 74 1020 80 725 81 861 82 823 83 821 84 882 85 844 86 910 87 857 88 895
329 42.333010682295047 12.967830558560768 35.92037183510012 130 130 130 1.0787341846182195 76 852 77 1046 78 1063 79 1103 74 1049 80 779 81 916 82 872 83 942 84 927 85 907 86 976
328 42.596112140969751 13.125622112947614 36.1438005852023 130 130 130 0.98314487977843634 76 851 77 1045 78 1062 79 1102 81 915 82 871 83 941 84 926 85 906 86 975
327 29.187200100515398 9.3342347740294596 28.437475564430439 130 130 130 0.92851399174480209 77 1044 78 1061 79 1101 80 778 81 914 82 874 83 944 84 928 85 908 86 977 86 1015 87 1008
2683 29.347654326201805 3.9980248302207642 27.047135594387971 231 231 231 0.10397881832879316 88 552 90 52
326 3.0453154580809954 9.1115632885011966 28.104223640555144 0 0 0 0.83227625602762612 76 848 77 1005 78 1014 79 1064 80 782 81 867 82 833
324 5.4947915235869731 0.58526076339681632 26.332361325016524 112 118 135 0.73798625453037991 76 844 77 1036 78 1110 79 1127 74 975 72 1037 80 856 81 977 84 1015
323 -27.531933217659049 0.98820831984931745 17.918080917264035 0 0 0 0.72698244496793496 76 843 77 1073 78 1154
2678 21.617189866215007 -15.011345023477418 13.673679161589229 128 128 128 1.3684818544049537 87 12 92 16 90 15
321 -27.125320746566771 -0.083932422635669107 18.028765664254824 141 141 141 0.85457152360123734 76 841 77 1072 78 1151
2677 -13.964982579711542 -76.419827880964434 87.012200587858359 0 0 0 1.143219209337843 85 11 86 11 87 11 92 14 88 10 84 10
320 -25.851075090469291 -1.325021604577636 18.557781061846445 0 0 0 0.34844276184877804 76 840 77 1070
2676 -14.36128186541681 -76.828672543787647 87.149781709085019 0 0 0 0.96656979736943116 85 10 86 10 87 10 88 9 92 13 84 9
319 -25.81115617907653 -1.2847582011002228 18.521143737693176 0 0 0 0.62589511642702489 76 839 77 1069 78 1149
2675 -14.73463901745377 -77.200347435697665 87.274657743457013 0 0 0 0.8109598291294301 85 9 86 9 87 8 88 8 92 11 84 8
318 -27.123492787860219 -1.8582015654723838 18.284636692227725 141 141 141 0.7500352409530624 76 838 77 1068
2674 -15.15891732425075 -77.547036107930168 87.415954740432554 0 0 0 0.66808724352065552 85 8 86 8 87 7 88 7 92 10 84 7
317 -26.999159809400926 -1.7856320899115736 18.178671382921546 141 141 141 1.1058455846740576 76 837 77 1067 78 1148
2673 25.548056290814543 -1.142466013958144 46.087372697527854 59 62 72 0.56508508772673371 87 1080 88 1016 92 1055
316 -24.151482411743679 -2.3319580744065238 18.597490122092374 0 0 0 0.58606252758601551 76 836 77 1066 78 1147
2671 2.9595313184751681 -16.655542182896635 64.317064829863199 29 29 29 1.8928017400112003 87 1034 88 995 92 1031 90 1024
314 8.0722674354892767 -8.8408356531052643 26.431856682510737 59 62 72 1.1629705954417029 76 834 77 1025 78 1086 79 1121 74 1011 72 1067 80 849 81 973 82 926 83 1001 84 1010 85 986 86 1077 92 1010 90 969
313 5.7263031698937841 -8.6557700903846495 25.639365665308087 59 62 72 1.5408191978420172 76 833 77 1024 78 1085 79 1088 80 815 81 972 82 925 83 1000 84 978 85 963 92 1009 92 1030 90 971 86 1076
312 23.008468726978297 -20.325482015077512 30.655601215646548 231 231 231 1.1082935521071802 76 831 77 1022 78 1036 79 1084 74 1006 80 808 81 940 82 900 83 963 84 949 85 928
311 4.6382647249783551 -19.518730250765856 26.545119709041977 117 117 117 1.2072490562999914 76 830 77 1021 78 1081 79 1116 80 847 81 968 82 950 83 1017 84 1005
310 31.282033633310981 -26.857294791712217 31.89447173022586 117 117 117 1.6638335421182291 76 829 77 975 78 1033 79 1028 78 970 74 953 86 1012 80 687 81 816 82 786
2665 37.462811385332486 29.466254493882374 36.278572955807341 59 62 72 2.0905379021825587 88 834 90 858
308 13.736147953863874 -23.861098819174359 28.231520808096342 2 6 17 1.0689451106233592 78 1078 79 1115 81 966 85 955 86 1028 88 983 87 1050 77 1018 80 801 82 922 83 994 84 945 74 1004 76 827
2663 10.57624845465104 -19.676614432942895 24.72909488629438 0 0 0 1.0301953937297352 79 688 86 454 78 596
306 40.895062042514965 30.152138401042475 34.99057207863936 231 231 231 1.5551217962292501 76 823 77 1014 78 1021 79 1018 80 651 81 790 82 765 83 847 84 826 80 518 86 594 85 874 83 152 85 126 87 598
2662 30.694137064589217 -5.0199527603691836 30.971291000893789 59 62 72 1.8299419938574255 87 280 92 514 88 267
305 -33.021696238246179 19.914526136271288 18.27126055446832 9 11 14 0.1454383538298652 76 821 77 1051
2661 19.175709298390519 10.266188033037889 7.9605023132655823 8 8 8 1.3132848434607365 87 419 92 399 90 321
304 -29.382335549023203 18.414582135078302 18.021648123142004 29 30 30 1.3326202127144633 76 820 77 1050 78 1158
2660 19.175709298390519 10.266188033037889 7.9605023132655823 8 8 8 1.3132848434607365 87 418 92 398 90 320
303 35.950501091557044 15.724073811156106 32.856376604566385 0 0 0 1.1063052635787467 76 819 77 965 78 954 79 1005 80 624 81 749 82 740 83 832 84 804 85 570 86 803 87 741 88 818 92 822 90 841
2658 29.741129867749503 -5.4382932935302879 31.280848054257874 59 62 72 1.5064206736478021 88 263 92 282 90 448
2657 19.133172066683873 10.172464119836899 8.0359390120132872 8 8 8 1.2791677165682824 87 208 92 203 90 156
300 39.500461858721621 13.673777183393657 34.008160418540974 0 0 0 1.6267267504245244 76 814 77 955 78 948 79 909 74 1021 80 610 81 548 82 581 83 605 85 553 86 784 87 735 88 815 92 816 90 781
2656 19.133172066683873 10.172464119836899 8.0359390120132872 8 8 8 1.2791677165682824 87 207 92 202 90 155
299 16.352455091597438 12.738036151738729 30.564454322354582 117 123 140 1.1993100687169069 76 813 77 1007 78 1064 79 1066 74 981 72 1041 80 783 81 919 82 882 83 950 84 966 81 955 82 920 85 917 86 1024
2655 18.116360647425385 8.1918554463970992 9.5501445988169475 9 9 9 0.077234349365159771 87 169 92 172
298 36.174072654237399 2.6697713416577469 34.446539220051093 231 231 231 0.91570052013525161 76 811 78 1008 79 1048 74 980 72 1073 80 710 81 844 82 809 83 885 84 867 85 834 86 900
2654 18.116360647425385 8.1918554463970992 9.5501445988169475 9 9 9 0.077234349365159771 87 168 92 171
2653 6.164790537994854 -6.0427329184469416 23.136630204594457 231 231 231 2.1302626155656927 84 331 92 278 76 206 85 265 92 280 85 258 86 209 90 204 83 332 90 206
2652 34.866648061801669 14.482871445942381 31.172241665880943 130 130 130 0.53905024350787489 79 788 86 288 88 598 92 574 80 323 81 370 87 388 90 538
295 4.0345182738462322 0.46906139700967076 25.181971560066724 59 62 72 1.4242444054750911 76 807 77 998 78 1052 79 1095 74 974 72 1036 73 1049 71 1302 80 826 81 948 82 932 83 1004 84 985 85 992 68 1134 67 1202
2651 17.543489947870913 -28.592224103243304 37.901640272758598 117 117 117 1.7046939013501654 81 285 82 273 84 300 85 241 86 457 87 505 88 493 87 660 79 89 80 237
294 -1.4633974456068577 -0.27478650748689104 25.275568026807573 59 62 72 1.0845929080452741 76 805 77 997 78 1051 79 1094 74 857 72 977 73 991 71 1203 80 825 82 933 83 1005 84 1019 85 1009 70 1352 67 1109 68 1047
291 -24.78266586881476 -3.2274451749726962 18.674900206824336 0 0 0 1.4166854571785938 76 800 77 1032 78 1124 79 1175
290 6.2064881051067911 -13.378784362158324 28.833489053392459 0 0 0 1.266448521472628 76 797 77 987 78 1042 79 1034 80 814 82 902 83 965 84 974 85 959 92 971 90 930 74 909
2646 24.428032708682526 -32.841962593554797 40.547890537308014 122 122 122 1.9471018330836487 86 1105 87 1091 88 1029 92 1048 90 1020
289 5.9823565503776788 -12.898192569674869 27.72973402653902 0 0 0 1.178411414114352 76 796 77 986 78 1041 79 1033 74 908 80 813
2645 -3.9609448341674076 1.2306555224220224 24.468354350053918 0 0 0 0.11520869403514455 87 1046 88 1011
286 29.113766964102236 -23.14570941876466 36.659049576399632 2 2 2 1.1922461875110049 77 982 78 979 74 1008 72 1064 81 895 83 927 84 915 73 1071 80 812
2642 30.279427135546477 -26.644046571549723 34.177658656425429 2 2 2 1.0630394054717218 87 1051 88 985 92 1028 90 1000
285 5.341386333573789 -17.770617965274777 29.478359752975109 231 231 231 1.5603611642127162 76 792 77 981 78 1039 79 1086 80 810 82 923 83 995 84 1007 85 981 74 903
2641 4.521598341702787 -14.91273189370906 52.749967714906482 0 0 0 1.4913362251010698 85 938 86 1042 87 1033 88 994
284 5.3170700917972855 -17.703796116484302 29.353133820222926 231 231 231 1.5551662594872033 76 791 77 980 78 1038 79 1087 80 811 81 939 82 924 83 996 84 1008 85 982 74 902
283 26.400508467720972 -27.46558594250704 30.704991369305183 2 2 2 1.2604332990140921 79 1078 74 895 72 1014 73 1023 80 802
282 26.950137544142748 -28.012213156982785 31.333282756232961 2 2 2 1.7567070979887327 74 894 72 1013 73 1022 76 785 77 972
662 34.800536017013179 14.607345537837094 32.831296215303858 130 130 130 0.77402647893522591 77 1008 78 1016 79 1062 80 726 76 816 81 863 82 736 83 829 84 801 85 745 86 913 87 862 88 816 92 820 90 840
3022 11.991545521628566 2.6685035339936234 20.794240292772201 59 62 72 1.0202266597087999 71 800 70 1094 67 572
665 -21.837853564677125 -9.9713374185870425 19.939362029792782 57 57 57 1.6605567469455547 77 847 78 1040 79 1119
3028 2.8802837543596986 2.4032753901742292 13.028887638159469 0 0 0 3.8170566362143594 85 365 90 297
671 -26.406700804903277 -0.60593709828980835 18.127882139904624 0 0 0 0.58613571659832742 77 993 78 1105
3031 11.696747562394155 7.6307669653015262 3.3706132265494899 0 0 0 1.9593321633929346 85 410 90 337
674 18.717714934615827 5.6930206549000504 34.502553198840609 0 0 0 1.0594831465919401 77 1074 78 1128 79 1154 74 1046 72 1107 73 1149 71 1372 80 860 82 934 83 1006
684 -3.8910669375035605 0.85236017137441289 24.725612638725206 65 65 65 0.55516840720532201 77 133 78 486 76 77 79 594 74 181 72 163 73 119 80 301 81 344 82 573 83 635 84 821 85 766 86 828 87 884 88 833 70 607 69 570 67 513 68 216
3042 2.2179491306626336 -17.651364118653898 24.737388055079819 1 1 1 2.0205811442070991 86 959 87 991 88 959 74 73 76 179 77 534 78 609 79 691 80 417 81 666 82 663 83 734 84 723 85 802 87 910
685 24.682295829128989 -22.169152131192607 31.457779573824553 96 96 96 1.7754507807208599 76 523 78 778 77 846 79 848 74 836 80 690
3062 5.7395753335542583 0.74938285635195379 24.022612306360298 60 63 74 1.0853882130549637 71 141 69 260 70 885 67 266
705 6.8825715792545079 -20.890000232843445 26.958574695735066 2 2 2 0.41408029718158329 77 281 79 431 82 266 81 278 83 312 84 293
3064 -17.189381435099463 7.7413550323023816 -4.3296213199407436 69 83 77 0.057071390982868453 70 223 71 531 69 262 67 264 68 265
707 26.694654502362233 -6.5785496111874515 31.605365676185453 70 74 85 1.2596080176487219 76 219 79 535 80 258 81 306 82 306 85 263 84 28 86 210 87 523
3082 -16.846150028410815 4.0669214369879585 -4.6319388036021172 52 55 60 0.090179288883793229 71 915 69 454 68 420
725 -2.5174043820710112 0.082827327316796137 24.567808545587855 0 0 0 0.99705740603066195 77 618 79 739 74 553 80 597 82 712 83 813 84 798 85 854 86 807 87 752 87 959 88 728 88 948 70 1038
3085 -3.9947540980063039 -4.0594822334138971 30.529120478152514 29 30 30 0.80295832093715869 70 827 71 705 69 481 67 453
728 40.986120824038821 6.9337214775405593 35.040786647892915 59 62 72 0.1509586875116217 76 688 79 764
729 19.916953456484585 4.4060575969232723 24.520963856761181 114 119 137 1.3891924704391505 77 801 80 478 81 335 82 342 83 386 82 344 84 381 85 541 86 520 87 729 88 812
3087 -7.5300050459359573 2.6178564148262655 15.522143681497841 124 124 124 0.075542547421356632 71 474 69 571
730 27.115381699384407 6.0748426903354558 33.058910222706189 114 119 137 1.5008891178332231 77 802 79 766 80 479 81 336 78 703 82 345 83 387 84 382
3089 -16.332767814959112 7.5564050568662928 -2.0559708050491845 111 118 119 0.20228060396395101 71 788 69 605 73 782
732 -13.256498706464658 6.227251061393285 22.062996442230691 13 20 30 0.67404169883799903 76 459 79 791 80 645 82 886 83 989
2965 -0.76653392975499801 -7.6614390176905403 36.167230728124061 59 62 72 0.55489806402074837 80 588 70 1010
3122 -13.293354304236763 6.9655162123199474 12.755766783264454 10 12 14 0.005197253632617865 70 1050 69 923
765 0.77757769047792358 1.563720950543924 24.602898426717037 0 0 0 0.040178732900720104 77 784 79 900
3127 -17.265209717769203 8.6700699668320667 -4.52934108446527 124 124 124 0.38872062992541034 70 1178 71 1172 69 941 67 867 68 835
770 -2.5068726213460084 -3.9267764276125607 25.546238020070106 29 30 30 0.93045392843674957 78 640 79 550 74 126 72 294 73 76 85 903 69 117
771 -2.5029162126454727 -3.9928601073701491 25.673850474931324 29 30 30 0.65736382177476271 78 641 74 127 72 295 73 77 69 118
773 -3.7575469485016182 0.52932818465322617 24.61586332478716 0 0 0 0.63498232469058924 76 71 74 173 80 294 81 340 82 358 83 617 84 650 85 761 86 824 87 876 88 905 70 598 69 223 67 221
774 -3.5231682567094249 0.50928553841195667 24.751559513365226 130 130 130 0.635889193480901 77 126 74 174 72 158 80 93
776 15.58203245842973 -8.9932628460656652 28.299879595432621 231 231 231 1.0984225114701776 78 74 74 307
3134 -3.552382169509436 -16.887343144140672 17.134083033869715 133 133 133 0.27169207147673485 71 1013 69 988 67 1009
3135 -3.5437295923147674 -16.764151149338723 16.986269746739502 133 133 133 0.2274642947333797 71 1014 69 989 73 806 67 1010
778 -1.4110368217295333 -2.7738398249962257 24.5511124469541 59 62 72 1.9935956823051078 78 140 79 558 74 328 72 298 72 301 73 316 71 719 80 268 83 584 85 728 70 830
3139 -12.668566893100214 -1.3731853371262226 9.1588385947085449 0 0 0 0.22722467169976127 73 931 69 1011 67 922 68 882
782 0.67096689414373001 0.94762037669913479 22.596654709131069 0 0 0 1.036712276531744 76 260 74 359 72 549 77 374 80 297
783 18.913354246913443 -1.4793630533468345 30.906099156963862 130 130 130 0.94942583201678743 78 159 74 363 72 737 73 757 71 940 83 66 85 286 86 68
785 2.2365931983328404 1.0059040116765754 23.812284806885835 130 130 130 1.381225169077867 77 372 74 368 72 339 71 760 82 553 85 742 86 793 70 1049 69 785 67 702 68 666 87 866
786 2.8005298022615679 0.91651427468807589 23.482850917959045 130 130 130 1.2236454000610646 78 493 74 369 80 285 84 624 85 555 73 376
787 -9.3842598579262138 2.9527136958529119 23.605103538595813 124 124 124 0.71260981608253937 77 395 72 329 71 471 82 752 73 133 83 913 70 610 74 370
3145 0.4233798822233143 2.5502672283639658 24.228770857364147 130 130 130 0.54793455207331354 74 575 69 1064
788 16.484733163563273 3.4641892067910578 28.116570222736009 59 62 72 0.84625588136371688 79 221 74 398 72 574 80 96 81 90 82 78 83 88 85 80
791 28.926705814271511 -10.636740964372098 39.693687714921154 59 62 72 2.4237166047625864 74 528 72 511 80 51 81 44
792 19.273070079603571 -0.077242461276876007 29.911543424369896 130 130 130 1.565680141518256 76 258 74 577 72 565 73 769 71 959 80 84 81 70 82 68 68 847 67 996
795 39.558933014709154 16.694157133753734 37.065311515819403 130 130 130 2.9788420943572533 76 329 74 600 72 776
3152 -17.411575389421888 7.7421459201568803 -4.8525518612062655 124 124 124 0.66623419759845537 71 1311 69 1139 67 1050
800 15.825681411770436 -9.3590935953008181 28.223810892717935 0 0 0 1.4866760463160655 76 399 74 659 72 661 73 827 71 1119
3162 -16.990434737469055 5.7386761235869699 -4.5871118782704379 69 80 100 0.069738249458359131 70 1295 71 1260 69 1199 68 1045
805 18.991019200735476 -8.6801116017955362 28.646406066405579 231 231 231 2.1847709725307625 76 539 74 773 72 808 73 935 71 1200 84 578
666 -10.217774032486481 3.0647658411773637 23.013566082098976 57 57 57 0.1702634698342792 77 1001 78 1057
3023 12.284125707329709 2.7552963282956484 20.121530809208167 112 117 134 0.7516207966839501 71 978 70 1096 67 889 69 969
3165 -16.603059792244149 6.8512835593179684 -2.2672662856929588 124 124 124 0.73417254800224629 71 1263 73 1087 69 1208
808 27.458714140405551 -7.0186870551561729 30.529127707749399 231 231 231 1.3357149087228966 76 656 74 848 80 439
669 5.9615507870729196 -20.993508735318834 26.837837396327682 30 30 30 1.4961080960817172 77 976 78 1079 79 1081 74 899 80 803 81 967 83 1016 84 1004
3026 -8.8785508092712995 14.05521903595945 24.995788133420845 231 231 231 2.0646480136778251 72 380 80 362 70 695
3166 -17.482909411932027 10.363811772329383 -3.8830815304122988 106 112 118 0.31868883996097103 70 1365 71 1319 69 1216
811 2.5049859120459961 0.085366521091846184 22.301454947325961 130 130 130 1.0777073113136622 78 1005 79 1046 72 909 73 947 71 1209 80 771 81 907 83 978 84 957 86 1046 70 1306 69 1207 67 1117 74 863 68 1054
815 -8.7644643947387397 -11.954285377204107 22.901524559319125 57 57 57 1.5078102191308664 77 985 72 960 81 969 74 906
3172 16.667119160553831 0.091637032578353345 26.66431883685657 0 0 0 0.31493270475113311 71 1219 69 1253 67 1168 68 1105
954 -14.631623367681948 15.509166875055246 9.1314092876513335 143 143 143 0.62679389576960332 72 862 73 910 71 990 69 964 70 1090 67 747 68 732 74 886
3174 -16.883899570645625 5.287988009058517 -4.2896514787537559 111 113 115 0.62422528055243542 70 1401 71 1350 69 1295 70 1442 67 1153 68 1090
690 -4.0496054348906627 -25.693329252991802 30.750765605025226 138 138 138 1.9163703991850358 77 24 79 54 80 21
3047 -16.868789587976018 4.0654897246282706 -4.7516908470170192 22 35 45 0.10593053777707723 70 455 71 717 69 101 67 72
691 6.8060543532864477 -14.48424876392186 28.894782732669846 70 70 205 1.5588205919361018 77 59 79 122 80 38 81 28 92 250 90 432
3048 -16.999811226753707 4.3801552237858221 -4.9636884971906632 73 78 89 0.062675714582263703 70 76 71 398 69 109 67 82 68 58
692 -4.0902066638005774 0.16956691950287231 24.715209348322933 0 0 0 0.31884133988747543 76 67 77 121 79 204 81 332
3049 -16.456313638472405 4.0474189563467275 -3.5230665261228205 11 19 33 0.058532329126636994 71 726 69 114 68 65
3192 -16.551601979798345 3.7822673225778742 -3.8775277189795507 26 35 42 0.079718310080012414 70 62 69 98
843 5.5727194313509401 -6.0622782693771162 28.695296617656698 105 110 126 1.1946736911048643 74 122 72 102 82 313 83 341 78 108 79 537 84 345
3205 -19.327106747986996 -4.5715905681226152 -8.0613749236251326 231 231 231 0.34273345193467231 70 17 67 31
3208 -16.152980623885835 2.9970733111600909 -3.3241818996840955 59 65 69 0.037381885178252867 69 437 67 53 68 30
852 -11.950261937829055 -7.3484258459019074 11.525182834249261 0 0 0 0.35095440370777903 72 278 73 293 71 353 74 510
660 22.341620387385376 1.0122315636857786 31.287279350351248 59 62 72 0.27033761357934444 77 950 78 1007 82 810 83 886 84 868
3017 21.746138258766454 -5.7864293426709414 41.781552734204993 231 231 231 1.7026734219382087 71 1338 73 1079 74 973 70 1456 72 1070 69 1349 67 1240 68 1182
3219 -17.05276202308233 4.4275503719233207 -5.3480219656651142 15 31 60 0.051817415683943088 70 74 67 81
862 -12.576271633578742 6.6456563576798562 15.608661426803533 9 12 14 0.27133424682161761 72 361 73 143 71 148 70 215 69 258 67 260 74 399
675 44.731183691875806 8.924695491377749 34.539665755696355 59 62 72 1.7110726927842315 76 903 78 1131 86 903 87 942
3032 11.825947780765887 8.0036832500215063 3.018967305376516 0 0 0 2.0324770748496914 85 422 90 353
3225 -17.455443353707249 4.8132232336285661 -5.973397869337119 72 76 88 0.066319667477772848 70 469 67 94 68 72
868 -14.581950454503747 15.619249732494691 9.6234818277002425 143 143 143 0.5145109199084329 74 470 72 405 73 441 71 589 69 356 70 716 68 325
3227 -17.164462329462324 4.6881771230042988 -5.4730643850110567 15 33 63 0.075177552528947519 69 124 70 93 67 101
870 -6.0929127468498701 -16.180160964051129 12.722825937895292 2 2 2 0.22798553620778078 72 423 73 32 71 18 70 401 69 402 67 360 68 345 74 262
3230 -17.251113640581824 4.7369851655175017 -5.5458997620757815 18 34 63 0.046185595664096003 69 129 70 475 67 104 68 78
3231 -17.251113640581824 4.7369851655175017 -5.5458997620757815 18 34 63 0.046185595664096003 69 130 70 476 67 105 68 79
3234 -17.192681031868702 4.7257803782733854 -5.2106971066714376 69 73 87 0.035242304308560166 69 133 70 105 67 112
3238 -17.319908097985195 4.934404695949886 -5.7640704516550594 69 74 87 0.059138925560106179 69 146 70 121 67 120 68 100
881 -11.764271273048712 -7.0839104611393573 12.300803438848009 0 0 0 0.44045730333688327 72 474 71 356 70 426 69 425 67 388 74 644
3239 -17.965461337031861 5.3400772811364847 -7.2452143631824395 70 74 85 0.29523508562037165 69 483 70 492 67 123
1022 -4.8112209906455314 -15.416051592783177 13.29938855655746 117 117 117 1.1381903017052473 72 261 73 39 67 41 69 64 68 347
3240 -17.489247072099019 5.0293260731385967 -6.0205708517955436 73 78 90 0.086787559845133769 69 144 70 123 67 124 68 102
883 9.2041396602709646 -9.9932389160482629 28.263338265841025 59 62 72 1.0231402103310352 76 395 72 481 73 503 83 538 85 479 87 515 84 733 85 667 83 758 92 776 86 867 90 622
3241 -17.374502405511898 4.9965129139430129 -5.9155952796637745 67 72 86 0.13261283414416783 69 485 70 490 67 125 68 103
884 -12.140431957957826 -1.6972459032163327 10.177542969199035 0 0 0 0.45517190662111007 72 489 71 362 70 433 67 401 74 661
3242 -18.071950482599451 5.4586162827576237 -7.528066160743303 81 84 93 0.053950149745809355 69 491 70 499 67 127 68 104
885 -12.146496302289103 -1.7051087600109667 10.190732860577084 0 0 0 0.50913934276272721 72 490 73 508 71 363 70 434 69 432 74 662
3243 -18.126894232104547 5.5166104419230804 -7.7251443964048274 77 80 90 0.082215255570884882 69 493 70 503 67 128 68 107
3246 -17.791813031381874 5.3072415378894888 -6.9259663786410011 15 32 61 0.10234991785302867 70 501 67 131
889 -12.405597002662342 -1.1035376004397246 9.7172005314680181 0 0 0 0.3748044473567112 72 498 73 513 71 687 70 437 69 438 67 405 68 396 74 667
750 -15.928207841646257 5.7660971143040305 21.27293706329387 57 57 57 1.6807847938582996 76 449 79 1010 81 959 82 943
3107 -16.095245146779753 8.9990111449772474 -0.92166681868315614 35 62 55 0.09582251674325 70 894 71 969 69 802 67 720 70 1070 68 697
1032 2.8368543762005132 4.3496306752825102 17.862657662050477 61 64 74 0.60843334835458196 72 193 73 161 71 527 68 707
3250 -18.232487683369673 5.5963793347121795 -7.8618732415533863 74 77 87 0.069728928052956746 69 157 70 140 67 137 68 112
893 -3.9734277467587185 0.46225783623264027 24.583651657693455 0 0 0 0.39654366584042805 74 555 72 538 80 599
754 -15.714296861601714 4.711315214936012 20.60667542986322 49 49 49 1.719463873067544 77 803 78 945 79 1065 82 962
3111 -17.0968783625732 12.198011037797713 -2.848373088659951 38 89 53 0.11358834546784206 70 1093 71 1102 69 822 67 746 68 729
3251 -17.687662230079027 5.2661590429169989 -6.5462326358848824 68 72 86 0.12421384838731536 69 156 70 137 67 138 68 119
894 29.018898805129886 -5.4449606991426398 32.082679190316057 59 62 72 1.4510056919229317 74 338 76 227 72 543
3252 -17.447273878915301 5.1115555873475262 -5.9563173860666572 15 33 64 0.08857806649361144 69 495 70 505 67 139 68 120
3254 -17.747427737802774 5.3354555420122356 -6.7149189233730509 79 83 93 0.042635617823240705 69 498 70 512 67 142 68 123
897 13.039869100042191 1.5385820076251422 25.594767306101691 59 62 72 0.48235205951972587 74 581 72 569 73 771 71 1078 69 1084 70 1250
706 6.8825715792545159 -20.890000232843466 26.958574695735098 2 2 2 0.41408029718158934 77 282 79 432 81 279 82 267 83 313 84 294
3063 -17.329025011723818 7.7347687868438388 -4.6851238837016682 63 81 73 0.077840411681027066 70 222 71 793 69 261 67 263 68 263
3259 -18.413117797467034 5.7932335397815304 -8.3271941463418422 81 83 91 0.10034469356653877 69 163 70 522 67 147 68 126
902 13.679050906729753 12.046186730509366 26.623677648213381 59 62 72 1.5027063330473969 78 546 72 582
3263 -17.994929708117215 5.5998501992310432 -7.3604176587354537 79 82 92 0.061747676715107808 69 520 70 530 67 154 68 137
906 -1.3403823939142019 -19.983296195499211 23.575527333732772 133 133 133 0.6926173631286715 74 626 72 625 73 642 71 872
3264 -18.066739929810069 5.6676579286737807 -7.527218476532874 76 80 90 0.084460468361809676 69 171 70 534 67 155 68 141
3265 -18.077701043855964 5.670582686946636 -7.5295930534338655 76 80 90 0.093082391771312611 69 172 70 535 67 156
3269 -18.070840630329126 5.7761144602265242 -7.5329205158131476 17 32 61 0.071200294591683089 69 534 70 552 67 164 68 146
3270 -18.394659800894345 5.9519047793329518 -8.1907140775551834 75 78 88 0.057112670299680965 69 536 70 556 67 166 68 150
3274 -17.930135842102782 5.7073088994808172 -7.1060425884967966 80 83 93 0.089729519091156409 69 187 70 554 67 173 68 152
726 -42.978765353074003 -0.73549255647714273 29.822106500465164 141 141 141 1.34114250347575 77 610 79 751
3083 -17.212037575321833 4.5445545824969775 -5.2883713692096883 72 76 88 0.14096491129959016 70 461 71 730 69 466 67 87 68 63
727 41.568110507141242 6.9084741787637185 35.658397613913714 59 62 72 1.2389151044058559 76 687 79 763 74 876
3084 -17.069062617034614 4.617242275852913 -4.98398720579429 74 78 90 0.083635506136845145 70 477 71 735 69 475 67 106 68 82
3277 -18.099807980626 5.8733636908138491 -7.5002963038584793 70 75 87 0.088780046598420259 69 545 70 566 67 180 68 162
920 13.969647802545026 -5.0936551426222438 50.611087020351938 231 231 231 0.70711578168374456 74 691 72 700 73 715 71 1057 70 1040 69 769 67 690 68 496
781 13.950143439353281 -2.0698570965683034 28.400503349587023 103 108 124 2.101130977529226 76 65 74 348 85 63
3138 9.2247002110240075 -19.959793313901322 39.609657867664865 55 55 167 1.3406200750279553 70 1122 71 1028 69 1002 86 462 83 535 67 920 92 643 68 972 87 671 74 515
3279 -18.255473458671847 6.0141775841551954 -7.821531607516329 83 87 94 0.096411848377997822 69 550 70 571 67 186 68 170
922 4.7269164299854847 1.0177516802261808 25.739016963822781 59 62 72 1.7864571901883721 74 705 72 734 73 563 67 854 68 679
3281 -18.308810416864553 6.0693504603289936 -7.9623026423518173 76 80 90 0.06876903980049863 69 551 70 573 67 188 68 172
924 -13.335062832966772 6.9721178055513615 12.842761687604654 9 11 14 0.25795776342190307 74 811 72 747 73 765 69 793 70 880 67 711 68 678
3282 -16.488656084869305 5.2502325102564686 -3.3370941157580463 94 100 111 0.029422419861296442 71 753 67 196
927 -13.049955602816302 7.3817488293883384 12.898417164472953 29 30 30 0.23157689315368524 74 812 72 751 73 770 71 939 70 1051 69 927 67 712 68 680 68 824 71 1071
3284 -17.483351767502487 6.149606091899531 -5.7919346842313066 72 78 89 0.050647941485007945 69 213 70 184 67 203
3091 -17.277702856929796 7.8842208582278079 -4.8271802895749669 124 124 124 0.1033413840598213 70 887 71 1080 69 607
3287 -17.647823522591274 6.2831320967618653 -6.0847176000086858 60 66 79 0.079210411920238116 69 219 70 608 67 210 68 193
3288 -17.647823522591274 6.2831320967618653 -6.0847176000086858 60 66 79 0.079210411920238116 69 220 70 609 67 211 68 194
3289 -4.4870927367262379 0.50358888404663293 25.323033570624251 130 130 130 1.1639240520436076 82 360 83 620 67 215
1071 -12.998532730121672 6.5331372988129681 14.046273696811873 9 12 14 0.27909834695985336 72 571 74 721 73 572 71 768 70 873 69 788 67 534 68 520
3290 -17.569670215333307 6.3249730437625518 -5.8689298821758671 94 100 111 0.054115182654144493 69 227 70 612 67 217 68 200
3291 -17.569670215333307 6.3249730437625518 -5.8689298821758671 94 100 111 0.054115182654144493 69 228 70 613 67 218 68 201
1181 -12.630391831620718 -1.0581315496198813 9.5446547770481871 141 141 141 0.22590933736705285 72 672 73 512 71 366 70 435 69 435 67 403 68 31
72 40.291450284176598 5.1627999239969657 35.011539359907282 8 8 8 0.22181240871413724 76 298 77 411
3401 -17.880433819485688 4.7093090814619876 -7.428458473191065 115 115 116 0.32897468969569632 69 892 70 1003 67 650 68 629
74 -15.402304985401726 6.8356399461182615 21.276436540490156 57 57 57 1.2854636912250801 76 300 77 668 78 846 79 1011 80 787 81 962 82 944 83 1031
3402 -18.482309837254693 5.1478933391243622 -8.6208039585717646 5 15 41 0.09644049155339407 70 1008 67 653 68 631
75 31.637642453686794 5.9955368172453269 33.308266993064777 59 62 72 1.9878905459555876 76 302 77 421 78 213 79 225 74 593 84 125
3403 -18.319310897109784 5.0552596948831612 -8.4529505744956008 8 19 42 0.21821787700830086 69 894 70 1007 67 654
1185 9.1451286378273515 -4.653334224600493 22.391121563426221 0 0 0 2.0196096044439216 72 112 71 390 83 49 90 213 73 86 69 758 92 290
76 40.150671394164149 7.3323626677941061 34.836572692710874 231 231 231 1.9805643922971825 76 312 77 432 78 216 74 731 72 854
3404 -18.403887380407596 5.2576460103631746 -8.375813499341529 5 16 40 0.14234407221570827 69 736 70 1019 67 659 68 426
3255 -17.808398585642252 5.4096132903671883 -6.9269508256667987 73 77 89 0.058800694418048922 69 501 70 513 67 143
1037 1.2932404516039004 -27.534482322438585 36.303547499751076 132 132 132 0.87513202141648416 73 280 71 340 83 310 72 77
3309 -18.233541239365973 9.7985577365637546 -6.4817170764391427 85 87 92 0.02008144069220133 69 634 70 693 67 295 68 294
3406 -16.272806316835354 7.00321369776767 -2.3417762938951778 108 117 117 0.11587934968305309 70 879 67 703 68 518
79 48.253291648315063 8.9433588423232244 38.96311499249029 231 231 231 1.9853134860997816 76 315 77 157 74 597
3257 -17.92776232320486 5.4965035239661031 -7.1467851611760809 79 82 92 0.08642664350911991 69 161 70 517 67 145 68 130
1039 2.6692064164139229 -19.078669849823001 25.837662769383126 2 2 2 1.1716457611947051 72 270 73 288 71 343 70 418 69 414 67 378 68 361
1093 -12.583300732169741 6.2283604100865384 14.814826396442855 9 12 14 0.32341439589121912 72 845 74 808 73 760 71 934 70 1048 69 919 68 669 68 818
901 -13.943981437109697 8.6962533895025054 7.6822728592847804 28 29 29 1.0557896426715052 74 596 72 580 73 413 71 168
3258 -17.92776232320486 5.4965035239661031 -7.1467851611760809 79 82 92 0.08642664350911991 69 162 70 518 67 146 68 131
1094 16.707424858334864 -0.001030623696664943 25.84881140413469 130 130 130 0.43841743561428598 73 768 71 958 67 995 68 846 72 564
3312 -17.234295477571173 10.529082857503708 -3.6805316879851468 94 98 103 0.14007316948347365 69 335 70 708 67 314 71 833
1051 -2.4964164622545777 2.012749864800456 24.992240847932891 130 130 130 0.30500577808461288 76 87 73 374 71 486 83 904
3408 -16.105993133517 9.5045063994220751 4.3305720880230307 57 57 57 0.6345979330222945 71 790 67 716 73 418 68 836 67 868 72 761
1190 -8.0220809450554444 2.7931887179610397 22.821491635603792 0 0 0 0.3069940559190335 77 394 79 771
81 15.107460012760566 16.563981142805289 28.824798097684646 59 62 72 1.2972042530554211 76 334 77 456 78 553 74 734 80 337 83 159 84 208 86 347
3413 -18.196101162698895 11.190379960974742 -5.9716753782136642 118 119 119 0.10343146587777619 69 818 70 1088 67 732 68 719
86 6.0471664982614772 -21.476987820959025 26.992013911793329 2 2 2 1.3967975011319984 76 379 77 509 78 594 79 686 74 279 72 455 80 406 81 469 82 658 83 728 84 840 85 645
3415 -18.177810557808208 11.416655165176138 -5.6670911672534814 41 69 58 0.094794739847289367 69 961 70 1194 67 735 68 721
90 14.167126228546755 -22.043132086368651 29.167612476665361 2 2 2 1.0559317349356343 76 388 77 293 78 381 79 442 74 497 72 460 80 236 81 283 82 271 83 530 84 545 85 477 86 455
3418 -17.218425661109553 12.15348672369975 -2.9934282723094872 123 123 123 0.18416363693519996 69 821 70 1092 67 745
91 13.155442380280801 -20.910029835556347 28.122691279300877 117 117 117 0.79283472737241267 76 390 77 723 79 90 74 500
3419 -14.74621857466297 15.632162076982064 9.2332369664925906 142 142 142 0.0032522596623574393 71 991 67 748
1064 -3.4406182254746676 -3.7567687751218788 25.817627274389793 59 62 72 1.6195781136715235 79 875 73 530 71 701 82 694 84 870 70 823 69 748 67 667
3421 -15.063914648377501 15.731974738168379 8.2350786749939235 142 142 142 0.20503012297966006 71 993 67 750
94 9.5754690763542722 -9.1907668684492538 27.390113279115038 0 0 0 1.2148994351385638 76 397 77 566 78 619 79 705 74 656 72 656 71 1034 80 430 81 483 82 505 83 545 84 576 86 684 87 680 92 654 90 626
915 -12.219022034574879 -1.4082543120812041 10.428419515148526 141 141 141 0.34521769081939063 72 669 73 509 71 685 70 793 69 433 67 635 68 394 74 664
3272 -18.013768551361306 5.7119370758583514 -7.0756927051255269 76 79 90 0.18478770297449976 69 181 70 152 67 168
3273 -17.880462708184712 5.6744334727530372 -6.9793515818636429 79 83 92 0.04830314526681545 69 189 70 157 67 170 68 154
1109 -13.521165639142028 -4.767943879021356 6.2244692542140934 57 57 57 0.61919003392707961 72 886 73 818 71 880 70 972 67 913 68 874
3424 -8.953019315609227 -2.85522385352757 2.7385381051729958 0 0 0 0.029257228342384166 69 866 67 792
3275 -17.992690193591947 5.7583643558345603 -7.2289088182941894 72 77 89 0.090622441265944778 69 190 70 560 67 174
919 17.922222347460504 -7.0509257221090058 59.640007990283863 41 41 41 0.71911998569840274 72 699 71 1055 70 1146 69 1126 67 952 68 908 74 687
3276 -17.990087652116681 5.7581937861908612 -7.2282788109084999 72 77 89 0.083906331053229866 69 191 70 561 67 175 68 155
3427 -10.805868428520862 -6.6084371023389048 11.749380058748686 0 0 0 0.20498330259960917 69 1003 67 798
731 -10.709051891631768 3.9773937985525283 23.03917039098171 124 124 124 0.28049717179171119 76 290 78 711 79 774 80 620 81 772 82 841 83 953
3436 -17.181685263139727 8.0167681655761225 -4.324017490819541 92 95 99 0.15037327144439347 69 930 70 1169 67 856 68 681
3439 -17.282539973653449 8.6275250176866347 -4.3321533005017336 124 124 124 0.065960410278457532 69 1073 70 1177 67 866 68 834
3443 -17.528090600314759 11.51521876084106 -3.8229701756931882 124 124 124 0.078603131098407719 69 1091 70 1192 67 883 68 850
3159 -16.587950612736904 -1.1107823013163405 0.35142670079373461 57 57 57 0.84717395912748483 70 1269 69 1174 67 1016 71 1188
3700 -21.330059417103605 5.6010694607135223 -8.8076020357110671 115 115 116 0.24461216664055968 70 1132 68 891
1104 -2.5373402065958279 -16.886510248323045 18.285719615294987 133 133 133 0.37254139903081862 72 789 73 809 71 1015 70 1115
3461 -17.568834602268737 9.3594130490025726 -4.7117250861157434 124 124 124 0.062575749018337679 69 1079 70 1245 67 982 68 928
134 -0.41666118130713453 -20.191157516187229 25.056197203164242 133 133 133 0.21322413041533506 76 514 77 720 78 766
820 37.245198353076717 -2.9616824112414641 35.014009343004403 231 231 231 1.0145767983921659 76 806 74 926 72 1071
3177 16.581814228979958 -0.18949593898631692 27.881857028196087 0 0 0 1.032608237469852 70 1447 71 1269 69 1308 67 1164 68 1101
3718 -17.410797534538649 4.8942632788414677 -6.0338857578406229 33 44 68 0.11512432497724295 67 1100 69 1194 68 1039 70 1286
1108 -13.521165639142028 -4.767943879021356 6.2244692542140934 57 57 57 0.61919003392707961 72 885 73 817 71 881 70 973 67 914 68 875
3465 -17.269565902460872 10.756478964273322 -3.4872258574457855 124 124 124 0.040214514287393519 69 1090 70 1253 67 994
138 6.3547588659177094 -20.070549368125462 25.349258389694846 2 2 2 1.5583775956469146 76 520 74 632 72 627 73 813 71 1018 70 1214 69 1107 67 1013 69 858 68 965
3181 -15.879975861515854 6.8497581270167149 -1.4827317237509652 124 124 124 0.098867225327133768 70 1469 69 1347 67 1239
1365 17.751371780297806 4.3111685259941437 28.33833294664365 114 120 137 1.0028449252953995 76 452 80 307 83 390 82 346 84 385 79 761 81 529 78 689 85 322 86 529
3722 -18.797598240238006 13.803055305528336 -4.945583131555578 61 99 69 0.17005408077354309 69 1226 68 1071
1112 -12.356745481605902 -1.6462584253868444 10.074132395650295 0 0 0 0.31835188325065022 72 806 73 828 70 986 69 881 67 809
3469 -18.001373824107382 6.7179578523827104 -6.9205474219474814 51 61 80 0.030439153091893611 69 1204 70 1304 67 1036 68 990
142 -21.789419617665477 -10.899047885365528 19.337615395432945 57 57 57 1.497542827209309 76 530 77 726 78 883 79 1082
3185 -16.304871175533489 2.9235584397301637 -3.1509910614929901 2 8 31 0.62348373500823018 70 1466 69 1357 67 1235 68 1178
3726 17.22625768257673 0.40643974008522177 29.730517773835135 130 130 130 0.25875517002182846 77 627 68 1103
3137 -26.206365838797065 -14.072961189216484 23.118682112185514 57 57 57 0.03065216935974396 71 1026 69 999
780 8.6198830022478905 -1.4106291316533091 32.588508061343731 59 62 72 1.3481752579065807 76 66 74 344 72 317 73 550 71 754 82 327 69 918 67 849
158 11.60896982653596 -3.7904015067745478 28.059827360984119 25 25 25 0.64290579770966239 76 569 77 600 78 802 79 729 80 451 82 524 83 784 84 763
1057 -2.2700794429286306 -16.09423714790578 14.833804221678101 145 145 145 0.6295958462387623 72 435 74 484 73 484 71 658 70 767 69 850 67 772 68 747
3414 -18.196101162698895 11.190379960974742 -5.9716753782136642 118 119 119 0.10343146587777619 69 819 70 1089 67 733 68 720
3441 -16.973856813453168 11.006539613390537 -2.7436637541757523 124 124 124 0.080122844218515954 69 957 70 1189 67 880
1069 -12.247247992781444 6.2887134422795832 17.541878024645449 29 30 30 0.20682400338582205 72 744 74 718 73 570 71 767 70 872
3426 -2.9033334032947709 0.38723989757676047 -2.0161286430046377 0 0 0 1.4495544562408971 71 670 73 56
3710 14.592142518123 0.80606107598778498 25.686045672408977 59 62 72 0.17439646235855977 71 957 68 936
871 -6.0929127468498701 -16.180160964051129 12.722825937895292 2 2 2 0.22798553620778078 72 424 73 33 71 19 70 402 69 403 67 361 68 346 74 263
3228 -17.589293704494583 4.9703940092783823 -6.3987681417582891 69 74 85 0.10414501995585562 69 127 70 479 67 102 68 76
3190 27.854858282977894 11.721781066715096 32.301049500811992 0 0 0 1.529065359269826 87 389 88 372 81 738 82 733 83 632 86 554 87 569 88 595
3329 -18.101702077637981 4.7416148420042781 -8.091572865724908 10 20 45 0.30472577912291898 69 443 70 800 67 408 68 36
972 -14.627367587751213 16.611888558368502 11.014178639109806 143 143 143 0.50861137770214548 72 931 73 967 71 1178 70 1257 69 1096 67 1000 68 857 74 941
3731 -18.680403148388365 14.084269310125764 -5.7518532611693063 124 124 124 0.2046703412295153 67 1262 69 1371 68 1190
3036 10.157259839705313 4.1819564036484298 6.2092333644839615 0 0 0 1.3031182571210653 85 593 90 514
679 -22.969970155527189 0.65392277423351863 19.469308941472367 141 141 141 0.013050398124962474 77 1091 78 1167 79 1194
3384 -17.359563650306697 7.9986193004356352 -4.5865191909868557 79 85 93 0.60588965213145696 69 611 70 667 67 541 69 609 68 271
3738 12.234720785165043 -5.6036240909778243 40.13300963569047 137 137 137 1.5706135917991471 77 1087 72 1134 73 1143 68 1195 67 1254 69 1361 71 1362
3202 -16.612374021616009 3.6271936096289177 -3.8889961446262657 90 93 100 0.092862414577641605 70 1394 69 1287 67 1146 68 1083
1386 17.768375301345447 -6.0914064031936839 28.864761820763107 59 62 72 0.22072031779003354 77 587 80 441 81 496
3743 9.239369358428613 3.9432298567265143 5.4317568200392836 0 0 0 0.79469431520578449 84 202 90 69
3024 11.956494477504068 2.2437071889863724 19.493185971946989 59 62 72 0.73410256230974813 71 1223 70 1367 73 962 69 1222 67 1130 68 1014
667 45.051411465846556 8.1396245352759848 34.975542609842606 59 62 72 0.89177980984364658 77 1043 78 1058 79 1055 80 719 81 850 82 812 83 888 84 781 85 725
3750 18.448951619602582 15.9106787412248 24.558824118717734 0 0 0 1.0241546573109377 74 604 88 614
853 -11.82201017969871 -6.9204932495653022 11.501854706611395 0 0 0 0.22493277645691134 72 279 73 55 70 44 74 295
3210 -17.918835548302997 4.4804356083501489 -7.4401127121279247 110 113 112 0.059903161093043847 69 440 70 440 67 57 68 33
3751 -6.1801047896185946 1.8436532556712457 26.32236177562406 5 5 5 1.1382734267088035 71 1208 73 996 85 1016 86 1101 87 1103 70 1300 69 1203 67 1112 68 1050 76 809 77 1000 78 1056 79 1097 74 923 80 863 81 980 82 937 83 1026
892 10.434358680775491 -7.8140820370226569 38.946096295892694 105 110 126 1.3067699914077664 74 530 72 512 73 531 70 1025 69 905 67 831 68 800
3249 -17.596083893355871 5.1855985816742214 -6.3583443077876511 70 75 87 0.09754210872300581 69 153 70 130 67 136 68 111
854 7.091520916977939 -6.5916125569473785 29.628647069955111 59 62 72 0.55124469229412543 78 106 72 290 79 721 81 55 82 310 83 565 82 522 84 340
3211 -18.107854782742347 4.7363706464167183 -7.8318810054591506 11 22 47 0.04138216453930036 69 84 70 441 67 60 68 41
3752 -6.1801047896185946 1.8436532556712457 26.32236177562406 5 5 5 1.1382734267088035 71 1207 73 995 85 1015 86 1100 87 1102 70 1299 69 1202 67 1111 68 1049 76 808 77 999 78 1055 79 1096 74 922 80 862 81 979 82 936 83 1025
875 -5.5905984708863627 -15.195044528039954 13.901432663213589 117 117 117 0.64435498727478713 72 440 73 269 71 334 68 591 69 405 70 407 74 486
3232 -17.691486630020243 5.1093338970583799 -6.7055007594728595 72 76 87 0.058068926906382365 69 136 70 112 67 109 68 88
1014 15.182961815194048 -22.81424058800221 30.529587971828565 78 78 78 1.0996909661130987 74 288 72 463 78 388 79 445 80 29 81 287 82 27 83 316 84 302 85 26 86 459 67 780 69 855 70 960 73 643 71 870 68 868 68 752
3425 -12.692624154652581 -7.2748728584742812 10.948647209224472 0 0 0 2.3516482731718975 71 882 73 651 67 794 68 769
1068 -0.53946803146401912 1.725186980184547 27.20898715993631 0 0 0 0.85569057123661585 72 334 73 557 71 758 70 1045 69 916 67 847 68 664 68 816
3033 11.84199234407666 8.051685206573536 2.9742434915627389 0 0 0 2.0404008330376784 85 425 90 356
676 16.359980641267448 16.132430794095963 28.536345732147026 113 119 136 0.99376359204686948 76 880 78 1136 79 1158 80 870 81 982 82 961 83 1029 84 997 85 999
1024 3.7890497497903435 -9.6493505840469158 35.677665182057275 59 62 72 2.366019116196465 72 97 73 62 71 367 82 35 83 35 67 415
3381 -17.234513019953916 7.0245251459315634 -4.7889668138580781 79 82 88 0.13138309951142343 69 599 70 652 67 527 71 779 68 247
798 3.9407811875800252 -20.330555514600874 28.072790688341986 117 117 117 0.54791919659656385 78 775 74 634 83 736
3155 -17.093590547285459 11.903702051838025 -3.0416417967796794 124 124 124 0.16977367386962935 71 1272 69 1152 67 1064
3734 -15.851487222625158 5.6264554296578346 17.99116829698632 57 57 57 0.20686605084363835 67 1256 68 1197
3222 -17.495343454113794 4.8275187041047731 -6.2661939952814576 12 30 60 0.10765329207104861 69 115 70 464 67 91 68 66
3763 3.2276574787939087 -19.767362512922006 27.197782702762641 2 2 2 1.8922454975447554 69 413 70 415 71 342 73 287 68 360 76 177 77 530 78 607 72 269 74 291 80 413 81 472 82 664 79 690 83 735 84 844
797 20.413034887936391 -24.16533547568276 30.897761712383723 2 2 2 1.9909744429106901 79 843 74 627 78 602 72 623 71 867 81 668 83 738 84 727 86 666 87 659
3154 17.938295644778464 -1.3281717598629095 35.358743746914435 108 113 130 0.60800597230204922 71 1158 69 1148 73 867 67 1055 68 1004
863 4.825022492171585 5.4939929447350639 26.613799333526877 61 64 74 2.0509502183281687 74 206 72 368 73 407 84 418 86 317 85 354 87 584 70 907 73 408 83 426 88 607
3220 -16.44057150774368 4.0142710133670079 -3.7110602295815944 16 27 46 0.15630476058601089 71 725 67 83
3761 -10.558737725483409 16.041297323801658 23.825389174347293 231 231 231 1.1744249641697828 73 421 71 559 70 709 68 312 76 331 77 465 78 563 80 383
1091 -12.016480013124063 5.0542088082044625 16.660544980198186 57 57 57 0.53584318611086057 74 714 73 753 70 1044 67 844
3448 -5.1198164178592522 -14.897656008058743 13.856553806817285 117 117 117 0.34591720315664115 73 804 67 907 68 963
121 -18.260969158353493 10.160917488462731 21.541805610074444 9 11 14 0.75139857212298988 76 467 77 812 78 851 79 1020 80 747 81 929 82 921
3445 -18.351809731882827 11.779509097118577 -5.6575614620007038 124 124 124 0.16065453673237259 69 1094 70 1197 67 885 68 852
899 -13.714841399192663 8.0023526055379026 12.371933717385563 29 29 29 0.3147690635329996 74 726 72 577 73 406 71 509
3256 -17.808398585642252 5.4096132903671883 -6.9269508256667987 73 77 89 0.058800694418048922 69 502 70 514 67 144
3449 -2.9770930166255849 -37.311940559563162 46.625517484429004 135 135 135 1.1561810569198427 80 552 67 911
1092 19.1311125980843 -1.5226748436170392 31.296789393189556 130 130 130 0.73563802136872047 74 364 78 160 73 758 71 941 85 287 86 69
3310 -17.28305858718193 9.956931224665567 -3.9160889656207227 94 97 103 0.090440164059442898 69 313 70 292 67 300 68 299
861 2.6573312872812882 2.2454698975340261 23.349637974890214 130 130 130 1.1211990168573478 74 385 72 354 83 621 84 640 78 519 85 574 68 683 69 928
3218 -16.353119979851655 3.6752466278552416 -3.4174255284572159 93 95 101 0.04079808771500424 69 102 67 75 68 55
3759 -2.2700794429286315 -16.094237147905798 14.83380422167812 144 144 144 0.62959584623875287 67 773 69 851 70 768 68 748 72 436 74 485 73 485 71 659
3098 -16.131133010109096 2.4851381338435501 -3.1418556804924851 61 67 81 0.035756758153575215 70 784 69 706 67 395 68 381
741 7.6853491945945578 -5.5941743138901208 25.465681171495589 115 113 113 1.3485994531236549 76 406 79 866 83 776 84 757 85 821
3446 -17.183679045219051 12.858428648826813 -2.4022298745430528 124 124 124 0.02733298466618353 69 1097 70 1198 67 887
1401 5.7044866442260105 -21.866320260837806 28.449310054351017 2 2 2 1.1432114579598638 74 499 80 561
3758 8.4243106831554027 -18.360730250631658 36.453006442455766 53 53 162 0.9666443837732922 73 654 83 534 92 642 74 514 72 475 71 1027 70 1121 69 1001 67 919 68 971
3501 -10.790768344856733 4.2355875136777357 15.873180142573608 0 0 0 1.0606694903671963 70 1354 67 1155
1342 2.2566927714261369 -7.2695114063100954 33.824413011327017 59 62 72 0.87214901868636741 79 158 80 62 81 59 83 343 84 351 85 497 87 710 88 803
3699 -18.153740684114094 4.7271450599419351 -8.0512268811319618 4 17 43 0.035374215985158296 67 924 69 1015 68 884
1085 8.8546587875855991 -11.209734050948528 32.243871787014513 59 62 72 1.8755779940877342 72 650 73 664 80 47 72 480 83 537 70 982 69 1109
3442 -16.973856813453168 11.006539613390537 -2.7436637541757523 124 124 124 0.080122844218515954 69 958 70 1190 67 881
830 -11.641593971710835 -28.037652102677658 21.383727106382555 0 0 0 0.66047987419784504 76 492 77 692
3187 -14.629854672990767 15.672282318822967 9.6624651882565988 142 142 142 0.53995720365120536 71 590 70 717 69 357 74 471 72 406 73 442
3326 -3.8106602595553327 -15.192510201063557 16.457266626539727 145 145 145 0.052252344749567775 74 70 67 371
969 -14.349126807206281 14.153130266376833 9.582656005086335 0 0 0 0.5477630847377154 74 938 72 927 73 893 71 1096 70 1191 67 882 68 723
3728 17.10677665690687 0.23329572874637247 26.049249766941092 0 0 0 0.73505315429641138 67 1170 71 1220 73 960 68 1107
859 -0.7646100542978439 2.447379994878196 26.900696400609402 0 0 0 1.3607867192685739 74 202 72 348 73 383 80 104 81 104 82 84 84 414 83 414 85 351 86 105 86 106 87 156
3216 -16.859571401666138 3.9297990024939868 -4.4423707535267178 3 3 4 0.18527785158312571 69 94 70 61 71 709 67 69
1400 5.2444372053595263 -21.427886983854023 26.711052049250945 117 117 117 2.6193954039901488 76 516 80 554 86 955 88 849
3757 -6.4269006912473525 3.8277736080751663 22.683935517149624 110 116 133 1.1914870218977771 69 1210 70 1310 67 1119 76 846 77 1040 78 1114 79 1156 72 985 72 1039 73 1051 71 1259 80 884 80 865 81 993 82 959 84 1038 69 1245 74 977
3096 -14.082806571166309 -13.761102654827804 1.3423644870534914 122 122 122 0.39221602415375262 71 317 69 677
739 6.5834108387860315 -14.896214105063093 32.725766819097899 0 0 0 2.7329494613937553 77 729 79 852 73 656
3444 -17.528090600314759 11.51521876084106 -3.8229701756931882 124 124 124 0.078603131098407719 69 1092 70 1193 67 884 68 851
3224 -17.344528111343259 4.7044112757264296 -5.7109158984435675 75 79 89 0.075351176742918177 70 87 67 93 71 731 68 69
3765 -10.723440759756555 17.22608387621684 22.851931041012794 87 81 78 1.2802222414403233 76 854 77 1047 78 1137 79 1162 72 922 80 917 81 1017 82 984 73 965 74 929 71 1094 67 997
3417 -15.133453579024915 14.930988680197245 7.9285836594280017 142 142 142 0.040513696907544104 71 989 67 744
1060 -12.368847485644098 -2.0947570637936148 10.326433919297031 141 141 141 0.2838197174768306 72 667 73 505 69 708
3025 -11.979090645858449 5.7888860204767685 17.548421476491974 0 0 0 0.023981234035250296 74 395 70 198
668 42.174755888375529 29.166541339635998 34.427730710813286 59 62 72 0.51464863072122047 77 1048 78 1068 80 785
1016 7.4566467245354753 -9.9906234250618215 28.371812993981258 231 231 231 0.81258094382407642 76 532 77 731 79 853 74 650 77 558 79 704 80 427 78 618 83 757 82 671 81 671 84 736 86 678 81 482 85 666
3373 -17.417629146361467 6.1569245554529051 -5.5037220076235487 94 100 111 0.12215689094772904 69 566 70 603 67 503 71 772 68 191
3233 -17.395971913463256 4.9146337897575334 -5.9833028578868266 15 32 63 0.03876145073128253 70 482 67 110
1015 6.2185376734326452 -8.3109891695626423 36.555230093563942 29 31 36 1.2156630889035966 74 666 72 502 77 745 73 520 71 695 70 818 69 740 67 664 84 852 82 683 85 823
3034 11.948518831258957 8.3647096703955128 2.6810320761691995 0 0 0 2.0992824149266447 85 440 90 370
677 -3.2632216301955421 0.91392556680400205 24.820816499057205 130 130 130 0.4639779236982704 76 901 78 1152 79 1178
1025 3.7890497497903466 -9.6493505840469229 35.677665182057297 59 62 72 2.3660191161964632 72 98 73 63 82 36 71 368 83 36 67 416
3382 -16.312576158976391 6.9824723992332318 -2.1827533717479199 112 118 121 0.067628319808625326 70 878 67 533 68 517
1164 -16.161135825150886 3.4483891266839968 -3.3379848912716832 90 92 99 0.13988289959940772 73 331 71 60 70 56
55 1.1305255999740949 0.88035322704444385 23.934525338857675 130 130 130 0.880564857231943 76 256 77 367 78 484 79 580 74 356 72 330 73 553 71 756 80 288 81 325 82 349 83 600 84 794 86 915 67 959 68 814
3068 -17.488289293757362 8.6924674206779748 -4.6666250460457208 66 84 74 0.10164527739446763 70 670 71 808 69 277 67 273
3744 9.2655181184257795 3.9404944289211832 5.442261275633653 0 0 0 0.91171842356429345 84 203 90 70 83 135
3352 -18.445912318680016 5.76437073740916 -8.2382463566689541 74 77 86 0.14588969704537047 69 503 70 515 67 457 68 449
3223 -17.587189996968309 4.9172071107190565 -6.5166432212994252 12 29 59 0.093852140310127369 69 471 70 468 67 92 68 67
3764 -3.8764946233270323 0.84278403636847354 24.828712131217515 130 130 130 0.8344788025308798 74 180 80 300 81 343 83 634 85 765 87 883 88 832 77 132 79 593 73 118 69 569 67 512
3213 -17.948986456337675 4.7136876579812075 -7.5194554350254714 21 28 49 0.20156822880872347 69 448 70 446 67 62 68 44
1397 19.769116575548576 -29.591852395345615 28.781513979728455 117 117 117 0.96853302985618861 77 835 79 834 80 539 76 638 81 650 84 838
3754 -6.4248719986113692 3.032355281762984 25.829889653166322 111 117 134 0.87257534530135639 76 598 77 790 72 731 82 919 77 953 69 911 70 1043 67 845
3438 -15.376536067488168 9.054739764502914 7.3548231146085854 9 11 14 0.2205504671729909 69 1072 70 1171 67 862 68 831 71 1076 73 961 72 919
3212 -17.948986456337675 4.7136876579812075 -7.5194554350254714 21 28 49 0.20156822880872347 69 447 70 445 67 61 68 43
1396 -12.035032068264961 5.1106456493350905 22.39448881368169 124 124 124 0.84524582140471261 76 293 80 514 84 940
3753 -5.9709132462039909 0.90276826467443361 25.729126346211029 231 231 231 1.418288620387065 70 177 71 106 69 215 67 216 76 72 77 129 78 193 78 487 79 600 74 171 74 176 72 156 72 157 73 109 71 105 81 538 70 176 73 113 69 212 67 214 68 205
827 6.8370607078628467 -8.2858559250575734 25.876808028999889 115 115 115 1.9577745082996205 78 622 74 522 76 194 92 656 79 713 82 509 86 469 84 579 80 50 81 489 83 549 85 483 90 628
3184 4.6846814653162703 2.7722078433176436 27.381209899589855 59 62 72 1.6191235462218183 70 1457 69 1352 67 1243 68 1165
3725 -18.619431054714923 5.9982835806041734 -8.3722006296639897 39 47 66 0.42382973735463481 67 1151 69 1293 68 1089 70 1400
1111 6.3157130003359212 -12.182095930282843 38.706646757566425 231 231 231 2.4108048675049361 73 825 71 1117 81 820 82 794 83 929 84 917 85 895 70 1276
3468 -6.6468202029084358 -16.207787082180698 12.11135182540456 2 2 2 0.45894861994187985 73 919 67 1008
3762 15.000298549623402 0.6387164022694628 26.503060727964705 59 62 72 1.1067532884737894 76 273 74 711 72 743 73 871 71 1161 67 1166 69 1251 68 1065 70 1363
3183 -15.597104440750375 7.5237299434010287 9.0149129549046538 57 57 57 0.87996622141994296 71 1367 73 1163 69 1350 67 1241 68 1183
3322 -18.004897726375276 13.879525116303579 -4.7840562710502574 124 124 124 0.18976582495832353 70 374 67 346
965 -14.429496842187255 8.5570620151946315 9.7808575363776757 29 30 30 0.26018635263951834 74 873 72 917 73 874
3724 -18.589514396740071 6.0525107397753439 -8.6833656772937999 8 24 53 0.39759574465915309 67 1152 69 1294 68 1088
759 -5.8642870432340519 -22.551157542964745 23.188796800724877 117 117 117 0.34814960959175711 76 886 79 1181
3215 -18.069427715249201 4.8778622801986309 -7.6654145310700823 118 118 119 0.13592562825791557 69 96 70 64 67 68
3756 22.269739844337646 15.98677667599644 23.087417616114376 111 116 133 2.0519266059732844 79 1015 80 647 83 846 74 828 82 133
1007 -11.832338344108312 -6.2574889774612972 13.109582968887425 9 10 10 1.4200242392791749 72 1100 73 1109 71 1290 70 1385 69 1279 74 1057
3364 -18.399346025860876 5.9749310943864975 -8.248746107200045 74 77 88 0.069345800179879097 69 538 70 564 67 483 68 148
3214 -18.099374933458925 4.8732263884183613 -7.7748419420324968 13 23 46 0.068343869714498087 69 92 70 452 67 65
3755 -5.3043934825622641 -15.169194808299013 14.094401666458308 117 117 117 0.7306453114276602 70 773 69 688 67 600 68 592 74 489 72 443 73 270
3407 -17.128077803797936 8.338994514076326 -4.2820591940554396 64 77 78 0.18661560674586597 69 798 70 888 71 970 67 714 68 532
1050 -5.7219342951418275 2.0361245168927034 13.507695262116016 231 231 231 1.5703422234070317 72 340 73 367 70 614
1006 -11.832338344108312 -6.2574889774612972 13.109582968887425 9 10 10 1.4200242392791749 72 1099 73 1108 71 1291 70 1386 69 1280 74 1056
3363 -18.304081847194116 5.8412943731581288 -7.9519198293313575 64 69 81 0.17034563022455981 69 532 70 541 67 479 68 464
36 15.895615344557994 -9.0069720087247447 28.66855970940242 231 231 231 1.5554108964906745 76 196 74 306 77 307 72 487 73 675
3463 16.617001697446256 -0.66019824302121766 25.279920893033275 0 0 0 0.31206710966874102 71 949 67 986 68 842
3462 -18.219711134244498 9.4948654803486221 -6.3652283289063041 124 124 124 0.16388474187145813 69 1080 70 1248 67 983
135 -0.37103390255163948 -20.112185904188685 24.954956628932681 133 133 133 0.60982043209923953 76 515 74 630 72 630
3458 -15.817380270597603 9.5032421474796376 6.866620976778651 9 11 14 0.21132160927113358 69 1146 70 1241 67 977 68 924 71 1162 73 1007 72 997
131 -4.1801978770629136 -25.617165040808349 23.184039663750902 146 146 146 0.98667207985246697 76 504 77 704 78 757 79 829 80 672
914 -13.097292891544075 -2.3146272475858187 10.117591745132401 0 0 0 0.99909535893912671 72 655 73 504 71 675 69 704 67 626 68 612 74 763
3271 -18.394659800894345 5.9519047793329518 -8.1907140775551834 75 78 88 0.057112670299680965 69 537 70 557 67 167 68 151
3464 17.055148453888766 -0.34622885489646549 25.998949068130376 130 130 130 0.15953634508321954 71 953 67 990 68 937
1107 -14.048464896115068 -4.4659623377300619 4.9579394709219056 10 10 10 0.8237494133627411 72 958 73 816 70 779 67 50
3325 -4.8866552716940541 -15.859236873054691 13.481087314894712 128 128 128 0.11420704472624824 71 333 67 364
3050 -17.107267376621913 4.6300573680196173 -5.3056530742771022 18 34 63 0.098856804533811182 70 472 71 733 69 119 67 96
693 -3.7713818459032131 0.53242931941505323 24.659080206393938 0 0 0 0.6228682637066677 76 70 79 209 74 172 80 293 81 339 82 357 83 616 84 649 85 760 86 823 87 875 88 904 70 597 69 222 67 220 68 211
1234 2.1476823462882266 -21.398800134849409 30.042441792922101 117 117 117 1.0061131785823265 72 465 71 874 84 845
784 2.1614983751761851 0.99118984187230519 23.948641142542492 130 130 130 0.53529727911743252 77 371 74 367 72 338 73 560 80 291 81 328 82 552
3141 -16.875232783891164 3.8377527862208147 -4.4807382858058746 4 5 9 0.53287969318218253 70 1131 71 1128 69 1022 67 932 68 890
3195 -16.05542697057615 9.0347795645274829 -1.1082678654491742 22 72 46 0.079879536640056079 70 897 69 621 67 547 68 537
3457 -16.366039306474516 7.6573728895959849 -2.1116069454390427 121 122 122 0.057393344218914816 69 1070 67 968
130 -9.9484699401850083 -24.719192214195623 22.26445184336503 117 117 117 0.73588319907968802 76 502 77 702 79 826
3245 -17.791813031381874 5.3072415378894888 -6.9259663786410011 15 32 61 0.10234991785302867 70 500 67 130
888 -12.192031627692174 -1.5312264620329437 10.861425878992057 0 0 0 0.44894563562071665 72 495 73 511 71 365 70 436 69 436 67 54 74 663
266 21.076241043179049 1.0578536855507186 31.450790250953485 130 130 130 1.2095858371164494 76 757 77 898 79 887 74 867 80 594 81 695 82 700 83 802
1390 7.1819989767095382 -2.3940226658283947 26.897325542780461 106 112 128 0.43566892083664066 77 611 78 654 79 881 80 455 81 507 82 695 83 798 84 777
3747 -8.0627218549401327 -53.156629547790132 58.065305934101289 0 0 0 1.1454897281443164 84 716 90 733
3399 -18.236150721163774 4.841825085622852 -8.2431319015073292 6 18 43 0.18060329911124087 69 721 70 998 67 643 70 802 68 404
1042 7.3059879820229101 -13.986921606226 37.731388344695787 0 0 0 2.2586444302214668 73 296 71 673 82 29 84 318 85 251 71 891 77 304 72 284
3355 -18.450549097508944 5.828167856830385 -8.4188488895849307 73 76 85 0.097920365544458474 69 511 70 527 67 460
28 4.7235520117060075 -20.314008688091121 25.786029042138782 2 2 2 0.24410607525969286 76 168 77 513
810 -6.5877420559309199 0.38174489679788798 24.596063982974425 45 45 45 0.92315479307593828 76 751 74 856 73 940 80 858
3167 -17.141416985671047 12.312609068118569 -2.6389563920772225 26 87 45 0.26942910815307836 70 1325 71 1321 69 1221 67 1065 68 1013
1351 0.63862839703540875 -0.64785779716841185 2.8515509918203739 143 143 143 0.20204798464266824 78 340 79 416 80 228
3708 17.745911338903301 -0.70218504675846305 35.172632078069583 59 62 72 0.79632509484723535 67 1056 71 1073 68 926
2599 11.537149192910894 -6.8042322346252293 34.788565367566953 231 231 231 1.6689903566975743 87 838 88 791 92 790
1059 -14.383634972596084 -5.3151064786625248 6.0388669654981335 57 57 57 0.4546644761198092 72 636 73 499 70 42 69 419
3416 -18.177810557808208 11.416655165176138 -5.6670911672534814 41 69 58 0.094794739847289367 69 962 70 1195 67 736 68 722
3609 -17.138095467214427 10.13758162719812 -3.5279015230797608 105 111 117 0.087921840901486914 69 640 70 697 68 302
1252 -16.056593431298758 8.9747968364714641 -0.93275649244904091 25 59 48 0.18246132881498453 73 894 71 968 70 893 69 801 67 719 68 696 70 1069
3470 -17.197419393061455 7.5623498550028652 -4.5347521262807042 124 124 124 0.45061288170510988 70 1313 71 1309 67 1047
3217 -16.494411888530479 3.7593089372456321 -3.7362750118210508 29 31 33 0.055337328224672702 70 66 67 73
860 -0.7008791380868864 2.3093112463962249 25.070589956118269 0 0 0 0.23597474953370401 74 203 72 349 80 103 82 83
1208 -0.21330974346362777 -7.6924069845084482 32.012483673452593 59 62 72 2.5248022124329625 71 690 86 889 87 837 88 796 70 804
3565 -17.291975498299369 4.6152305869973045 -5.7590179999333149 10 29 59 0.1098697255849465 67 84 69 112 68 57
3308 -18.107391435589346 9.6557181307860436 -6.2429943197273001 85 87 91 0.10610950625223933 69 630 70 689 67 291 68 291
3400 -17.880433819485688 4.7093090814619876 -7.428458473191065 115 115 116 0.32897468969569632 69 891 70 1002 67 649 68 628
1182 -16.091961992024924 2.9814300296624516 -3.206281142852887 3 9 32 0.22885774813717497 73 837 71 372 70 50
73 40.246138508692212 5.1965240553923744 34.981106221837798 8 8 8 0.71270932331568138 76 299 77 412 74 728 72 852
3593 -18.574613739677062 7.1941330918320796 -8.2495995869125647 61 68 80 0.15902264614239975 67 524 69 240 68 223 70 647
1236 -12.466938435564517 -7.2016210288532889 11.765581836069414 57 57 57 0.31729793217667818 73 652 71 883 70 974 69 870 67 918
3485 2.6580014778791252 0.070503645122596229 22.916602155039349 130 130 130 0.13140838748676845 69 1206 70 1305 67 1116 68 1053
1128 -14.705950274384403 15.728146566093448 8.622305964788378 0 0 0 0.67728547400151951 72 1045 73 1014 71 1228 69 1154 70 1258 67 1069 68 948
3292 -7.9749862693950222 1.8670443613912782 24.58452414408135 123 123 123 0.6148141452832061 76 266 67 222 77 379 72 166 68 209
3204 -19.348242979522752 -4.5710201863537971 -8.0658099039608384 231 231 231 0.36174346974372912 70 16 67 30 68 12
986 -14.73521139982279 15.845929857420414 10.349407268119002 0 0 0 0.65291626449404716 74 994 72 1001 73 966 71 1177 70 1255 69 1093 67 999
1388 11.30402221748022 -3.6104352991209532 25.933424042106431 231 231 231 0.5011107718920359 77 760 79 727 80 450 78 799 82 523 84 592
3745 8.6310692372776199 5.1728606088893851 3.4050992794100949 0 0 0 0.27903410698446263 84 234 90 132
235 -3.5152281215601615 -22.187259341780194 24.126410119983813 134 134 134 0.25814567262207877 76 705 77 925 78 966
948 -14.852018805281926 8.4297834760374108 9.0833291088196155 9 11 14 0.42618513301087801 72 848 73 873 71 942 70 1055 69 929 67 858 68 689 74 875
3305 -18.318960732889025 9.128639699841159 -7.0982318050093909 111 117 123 0.0070430349013781953 69 296 70 683 67 286
3229 -17.587462071286691 4.9464123251750074 -6.3066825335243575 79 82 92 0.064888550656141825 69 128 70 474 67 103 68 77
3422 -0.77647275790685555 -6.6613271628757253 2.1793023392529074 230 230 230 0.33141640872487027 69 830 67 757
1065 9.5151057044415843 -6.5159973508004754 32.287790216904597 113 111 111 1.0316796454126012 76 407 73 534 70 1028 67 674
3732 -6.4485294369897277 -15.203493723280458 9.542731124362577 231 231 231 2.0198559811441985 69 1355 68 1191
844 11.863147964829846 -4.4114518239014995 21.378208490599309 111 110 113 1.089615230177521 74 133 72 121 81 53
3201 -15.945256929399354 8.8305652421414234 -0.57870606886922227 124 124 124 0.4000847121121538 70 1411 69 1249 67 1160
993 -12.551883258334273 -2.3985067182887536 8.4695105256244378 141 141 141 0.64982641443319489 72 1024 73 1038 71 1242 70 1272 69 1177 67 1086 68 1025 74 1010
3350 -17.656746557418163 5.1483570217580317 -6.2126188586558149 71 75 88 0.12288946974783904 69 488 70 497 67 455
3045 -16.366020645048412 3.4858808945469018 -3.4642121627110227 72 74 81 0.076994697627885189 71 380 69 87 67 64 68 48
688 -4.7676066756495512 -23.434759023517525 23.888482636697855 134 134 134 0.2484856326613904 77 16 79 11
1036 0.90181618985363798 -19.937703789526513 25.770860503777055 132 132 132 0.55731022747777759 72 268 73 279 71 339 67 373
3393 -17.981477470161561 13.238114352262158 -4.7290931964384075 123 124 124 0.24996508346490948 69 665 70 736 67 576 68 335
66 1.4263681213260844 1.5953650142343923 23.688343080689954 0 0 0 0.84359748087260389 76 277 77 380 78 507 79 605 74 375 72 346 73 561 71 761 80 472 81 533 82 564 83 607 84 637 85 747 86 809 70 874 69 789 67 707 68 674
3199 -16.231019096665321 9.3290506723651667 -1.2635027883983629 68 78 77 0.013039548007761003 70 901 69 808 67 553
21 -2.9498725524529115 1.0098776370378664 24.909297389309128 130 130 130 0.43959197379870679 76 79 77 362 78 491 79 595 74 349 73 124 71 468 80 303 81 345 82 566 83 627 84 653 85 762 86 825 87 878 88 830 70 616 69 575 67 514 68 490
3044 -2.9077838882556364 -17.355434734250721 18.749083043362685 133 133 133 0.065351570894918151 71 31 69 71
687 -4.7676066756495512 -23.434759023517525 23.888482636697855 134 134 134 0.2484856326613904 77 15 79 10
1035 0.9018161898536291 -19.937703789526466 25.770860503776994 132 132 132 0.55731022747777215 72 267 73 278 71 338 67 372
3392 -14.38134970748262 15.587650738832547 10.638594058273112 142 142 142 1.0902439074738712 73 786 67 570
3198 -16.637043068778834 4.0572922355306247 -3.8986349314866691 5 7 14 0.092728858776799483 70 821 69 741 67 662 68 433
990 -12.587835243752988 -3.1563133295337509 10.464796017677894 141 141 141 0.36524299037043795 72 1021 73 978 70 1273 69 1178 67 1087 68 1026 74 961
3347 -17.759332042147559 5.2262052120788569 -6.7336958555325479 15 32 61 0.081312832044609762 69 484 70 495 67 451 68 445
20 0.56206279782092139 0.59179574266094581 23.720636025689565 130 130 130 0.78751586016332542 76 78 74 188 72 176 71 476 83 594 78 477 84 627 85 562 70 860 68 505
686 28.241206539741736 -7.9552604672990874 32.765536602741157 231 231 231 1.336202194870957 76 835 78 1045 76 871 77 1033 79 1092 74 1014 72 1032 74 968 80 820 81 945 82 858 82 907 84 919 85 937 86 1041
1034 4.1430090967768312 -20.907748755251433 18.427951818140563 75 75 75 0.46122470631034551 73 264 69 399 67 359 68 575 72 64
3391 -14.316240645034028 14.626138935297504 9.8042419571009685 0 0 0 0.68389519116503084 70 916 67 566 68 562 71 985
1173 -6.2373026924018964 9.845069885227522 18.484220347481486 231 231 231 0.21474313720240193 78 558 71 195
64 22.076782674114842 0.37353879059375827 34.431090317005754 0 0 0 1.2727750318686746 76 272 77 130 78 184 74 580 72 568 80 90 81 76 82 72 84 99 86 77 87 335 83 81 92 548 90 505
3737 -15.575245090033683 -2.831904982735816 5.1800506034213027 57 57 57 1.1945759032320227 71 1287 70 1384 69 1278 73 1107 72 1128 67 1189 68 1159 71 1332 70 1436
3736 -7.5740093613427657 2.2508184577682879 24.164438378005592 165 165 165 0.89442861776572102 67 227 73 127 73 362 78 522 80 495 69 231 68 219 74 194
3344 -17.68205615864775 5.0572367632270003 -6.539630396908354 76 80 91 0.024874490967399163 69 477 70 480 67 446 68 441
17 21.244892892646355 -0.81027569949971079 32.233234510282237 0 0 0 1.6117072904633325 76 73 74 567 72 561 73 764 92 350 90 258
1031 -13.059647036501136 7.1408126466328863 14.510559648860722 9 12 14 0.10556688244713672 72 365 73 148 71 157 70 218 69 259
3388 -18.374757753554029 9.9846592902542248 -6.5221652558822729 123 123 123 0.033314626597040743 69 638 70 912 67 559
837 -4.6392280935048209 -15.84712369176043 14.007981636917387 117 117 117 0.36986650468470056 72 68 71 25 69 65 67 365 74 59
3194 -16.576234961161003 5.2321853284990771 -3.5574069770037009 64 70 82 0.12604370959307246 70 166 69 202 67 195
3735 -15.851487222625158 5.6264554296578346 17.99116829698632 57 57 57 0.20686605084363835 67 1257 68 1198
682 -15.54175207841601 8.0203209839526401 21.670162386315909 0 0 0 1.4618661787512666 76 311 77 444 78 734 76 308 77 442
1030 -7.7078700131692122 1.9465444915268435 27.384079348837695 231 231 231 0.93740239725319008 79 614 73 121 78 506 71 114 70 186 67 226
3387 -18.151754368947586 9.1369574679872656 -6.4962583530801519 112 118 124 0.17017496650407876 69 804 70 905 67 549 68 535
681 9.9934350233416662 -22.057664090727908 28.175825903980495 117 117 117 1.1137188594717562 77 1112 78 1174 79 1190 80 927 81 1024 82 986 83 1061
3386 -18.239524429065373 9.0047112751815934 -6.8357491544326257 114 119 120 0.057247535074252023 69 623 70 679 67 546 68 280
680 48.278455822314825 36.250666090764426 37.817988673737126 231 231 231 0.7352362473989259 77 1117 78 1172 79 1187 81 1014 83 1051
3385 -18.291459647343913 8.9406907220625484 -6.9150144397773969 26 91 44 0.08221375261654558 69 619 70 899 67 545 68 279
3035 11.962535528538115 8.4157911715019598 2.6361849451300881 0 0 0 2.0986707421036699 85 441 90 371
678 -22.972972088753597 0.65445852474545829 19.472115453917333 141 141 141 0.0081201123986861592 77 1090 78 1166
3383 -17.344760861186103 7.9940387577785685 -4.593097636616176 79 85 93 0.47358795271429593 69 610 70 666 67 540 68 270
56 1.1256645919733934 0.87416868091342914 24.043599919229038 130 130 130 0.81411377747355429 76 257 77 368 79 581 74 357 72 331 73 554 71 757 80 289 81 326 83 599 84 793 86 914
831 -11.641593971710835 -28.037652102677658 21.383727106382555 0 0 0 0.66047987419784504 76 493 77 693
3188 0.46949089730581328 2.6351032913418999 24.044403802419019 101 101 101 0.74935420546436182 70 1166 74 576 76 600 72 739 73 868 71 1069 83 902 70 1239 69 1065 67 967 68 1000 67 1051
980 -11.741096420811568 -7.6287555923071793 12.112288887318302 57 57 57 0.43886199751633198 72 959 73 925 71 1025 70 1120 69 1000 67 916 68 877 74 905
3337 -16.568082406460722 3.9077177231020861 -3.8582587480051576 83 86 92 0.15054681127746392 71 722 67 429 68 427
10 18.339882902823202 -7.2640746519601755 28.017681912032028 231 231 231 1.6814389859851875 76 41 77 85 78 98 80 256 84 324 78 633 81 492
829 0.45277398192322199 1.5766262155105368 25.042718505265093 78 78 78 1.8858860430649109 78 501 74 199 76 89 77 143 72 341 73 375 83 613 73 382 84 639 84 641 85 569 85 575
3186 -9.6436629116774526 3.3766163821311532 21.27195507845558 124 124 124 0.6982954341065829 71 475 74 377 69 581 72 343 73 368 68 494
3727 16.667119160553906 0.091637032578346253 26.664318836856694 0 0 0 0.31493270475109825 67 1167 69 1252 71 1218 68 1104
3027 32.867234945117616 16.893825564512586 34.394658588751483 59 62 72 1.2633739940631903 78 1065 80 633 81 761 84 819 86 814 85 758 87 576 76 699 77 914 78 549 79 917 74 937 82 745
670 17.632374218957782 -9.8450168496849546 29.23460969089663 59 62 72 0.83529002679438413 77 1062 78 1091 79 1124 80 852 81 976 82 930 83 999 84 977 85 962
3375 -17.562616771027294 6.314249389570139 -5.9268037402451874 94 100 111 0.22410100016566831 69 767 70 854 67 507 68 484
823 39.309288268478511 12.446003496571256 39.194154443086688 130 130 130 2.9298276303905264 74 1018 72 1111 76 849
3180 -10.561486831725494 -7.5985287470425771 13.954100929680616 57 57 57 1.0741792081263635 72 1126 69 1324 67 1233
3721 -18.797598240238006 13.803055305528336 -4.945583131555578 61 99 69 0.17005408077354309 69 1225 68 1070
3328 -18.118329702093913 4.66347271482464 -7.8054689083935367 123 123 123 0.19873670188171522 69 720 70 996 67 407 68 398
3178 15.572472254717018 -0.056286221499905094 26.142832648498651 0 0 0 0.46358448145189574 73 1005 69 1309 67 1165 68 1102
819 17.581410927639919 -0.77916389164327327 28.456450640383874 130 130 130 1.9312227990251003 78 907 74 924 72 987 73 1054 71 1264
3176 -6.5451918976733117 3.973767477790112 25.268445980835821 112 117 135 0.51462259965471124 70 1406 69 1300 68 1096
3717 -18.527563281598947 5.278528803116787 -9.0109929986068202 11 87 38 0.2778326801984084 67 1092 69 1238 68 1034
3021 -2.3476502247255167 2.5084328718847071 25.997570338016178 59 62 72 1.0392997955335908 72 552 80 606 70 1047 82 732 83 837 84 895 86 991 81 721 87 970
664 -20.743908790523164 -11.586119214660743 20.058232126750173 57 57 57 1.0337691454548019 76 716 78 1035
3562 -18.390322556479894 4.9988118458581017 -8.6394722391756584 111 112 114 0.067345375644730782 70 442 68 39
1205 -12.386423061575547 -1.8676230828564295 9.8921245095995687 0 0 0 0.23811065696520428 73 507 71 680 70 431 69 429 67 398 68 388
1012 0.75688102978104144 1.0109299634759616 24.044553129570605 0 0 0 1.0901249195339129 76 261 74 360 72 550 77 373 73 552 80 296 83 601 84 797
3369 -18.114067819765896 5.9378124591220018 -7.425299052953231 14 31 62 0.064439286146179234 70 840 67 490 68 472
818 44.096818016365688 -8.4547594657325007 43.920580880106343 59 62 72 2.7815732026532887 79 968 74 919 83 557 84 749 86 876 82 681 85 680 78 892 72 1035
3175 -11.890745417428525 4.7004660716700464 15.205966053948506 57 57 57 0.39835294369463342 70 1405 69 1299 67 1156
3716 11.06913270501523 9.2228592775402038 21.770648861871472 59 62 72 0.76188966898914856 67 1072 73 595 68 1019
3324 -19.451046235989704 -5.6571520640093826 -8.5077149080974088 231 231 231 0.54489023438110029 69 1 70 380 67 348
3020 -14.982440432507962 7.2430963289794477 8.3277036399794273 57 57 57 0.5892512503995827 71 1368 70 1471 69 1351 67 1242 68 1184
663 37.588037905456453 27.62852751399587 32.262548880332695 231 231 231 1.3010330797322867 77 1015 78 1022 79 1019 80 652 81 791 82 766 83 848 84 827 86 595 85 875 87 599
1011 -12.835130446873597 -6.3565220115844392 11.435280548667928 57 57 57 0.4909444141478625 72 1125 73 1105 71 1330 70 1433 69 1325 67 1218 68 1153 74 1055
3368 -18.179829092253353 5.9669413698180174 -7.6937522910020419 84 87 96 0.047569328087356297 69 549 70 839 67 489 68 469
41 7.1245233137703989 -1.8285982891336832 27.291371988097605 110 116 133 0.77308485384471959 76 228 77 345 78 460 79 179 74 551 72 540 80 77 81 319 82 66 83 349 84 363 84 600
3018 -14.98655818420376 18.364356323821692 6.0481174120992938 5 5 5 1.5166167082017075 71 1354 70 1459 69 1354 67 1249 68 1171
661 2.4027229641202537 2.927995544232334 23.435408225585004 130 130 130 1.2465677720131061 77 904 78 1011 79 1000 73 954 71 1159 83 900 84 934 74 712 85 913 70 1318 69 1143 67 1053 68 1003
1009 -6.464956490956296 -17.340755191090953 15.398648902245368 117 117 117 0.95498839200611629 74 1068 72 1121 73 1133 71 1325
3366 8.8737646071321539 -5.3059936027705792 24.214928767855113 0 0 0 2.2244705102449154 73 82 92 292 90 215
39 23.334781110140959 -6.3818963229162859 30.957808462370082 160 160 160 2.0956387819376383 76 218 77 97 74 544 85 39
3712 -1.6658954866592854 -14.342907052574956 12.066786286699745 131 131 131 0.1622733793372923 67 1007 69 985 68 956
2603 11.014716459218985 -5.2434782965507347 30.02288863573833 231 231 231 1.5570790224268174 88 799 92 795 90 767
813 28.697204935704448 -25.189097719576907 30.942089431711455 2 2 2 0.66470407102541407 78 971 74 896 83 925
3170 -7.9108812937381066 -10.686040270274979 3.2614472567539146 231 231 231 2.0195433395622948 70 763 69 1230 67 1176 68 1111
1354 11.777854045501481 -21.045794970793782 26.016233386898364 117 117 117 1.391871187317123 79 430 80 233 81 470 82 495 85 647 86 657 87 652 88 661
3711 17.222609314756387 -0.33879327130867348 25.944176515214313 130 130 130 0.25641346339356313 67 993 71 1077 68 938
2602 13.03605643515408 -5.6768196594016223 32.932649701137116 231 231 231 1.1632254351811728 88 798 92 794
962 -12.235628325634766 -0.91764680570326229 10.87413032547845 0 0 0 0.34975407992174273 72 894 73 934 71 1039 70 1127 69 1017 67 926 68 885 74 916
3319 -17.112784116693707 13.121693344658397 -3.0128217106840549 84 85 90 0.089969792915397973 70 733 67 336 71 617
657 17.3115628456097 -23.78387451620706 30.903268508866699 117 117 117 0.80214708523568723 77 977 78 973 79 1029 80 688 81 894 82 897
3362 -18.304081847194116 5.8412943731581288 -7.9519198293313575 64 69 81 0.17034563022455981 69 531 70 540 67 478 68 463
3709 16.654526728665193 -0.39774456380561302 26.046492973261394 0 0 0 0.19171139965695078 67 988 69 1087 71 951 68 935
3317 -17.264787921925873 12.541475723996342 -2.6813968661016956 123 123 123 0.079056695359183943 69 364 70 723 67 331 68 322
3013 -15.725932236024871 21.844458581909681 8.2795709881701409 87 81 78 1.213911364548705 71 1341 73 1153 70 1423 69 1259 67 1172 68 1072
656 -15.730331626656225 8.548648138208593 21.025510542980246 29 30 30 0.86041253816021079 77 910 78 958 79 1014 80 790 81 963 82 947
1004 9.1051393903109616 -3.2703768583942217 20.810285220056983 231 231 231 2.2712482207955627 78 1046 72 1069 82 864
3361 -18.240042440972349 5.7747660842807402 -7.7708736770125739 72 76 87 0.085506791934320037 69 530 70 538 67 475 68 461
655 -23.210892508491597 -0.11907015361490761 19.258356490227865 0 0 0 0.77312889548678365 77 885 78 925 79 1051
3360 -18.240042440972349 5.7747660842807402 -7.7708736770125739 72 76 87 0.085506791934320037 69 529 70 537 67 474 68 460
33 2.4137119385608061 -18.879834584513503 26.316861703079063 2 2 2 1.1241993983351126 76 178 77 533 78 608 72 271 80 416 81 665
3010 -12.372929388220356 -2.2083447885687257 12.84263845574276 57 57 57 0.92651754301542633 73 1112 70 1390 69 1284 67 1192
653 -26.450171376576982 -1.2285560997857976 18.397570334712182 141 141 141 0.60200488813293718 77 764 78 906
3358 -18.021284583377415 5.5528409565307326 -7.2403554859312429 65 69 83 0.10436680207113319 69 516 70 526 67 465 68 455
1140 -15.575245090033675 -2.8319049827358143 5.1800506034212983 57 57 57 1.194575903232022 72 1127 73 1106 71 1286 70 1383 69 1277 67 1188 71 1331 68 1158 70 1435
3313 -17.469697671040439 11.228414777724675 -4.0046369699916076 90 92 95 0.066454207101489138 69 649 70 714 67 321 68 310
1000 -14.722543247311334 14.687400703311571 8.9582042980523173 0 0 0 0.80483100915353967 72 1043 73 1012 71 1226 69 1151 67 1063 68 945 74 997
3357 -18.021284583377415 5.5528409565307326 -7.2403554859312429 65 69 83 0.10436680207113319 69 515 70 525 67 464 68 454
806 36.403315062602189 11.116795277597239 36.620680494692117 130 130 130 2.665305224608415 76 612 74 815 72 925
3163 -0.36435910333659416 0.080107950351082202 28.143655954301806 110 116 133 0.9260215439655789 70 1301 71 1206 69 1205 67 1113 68 1051 72 904
3704 -9.7885906756877716 3.4206956129509165 20.337305672037445 44 79 52 0.38569875834781825 70 1230 68 905
1192 -10.731811438522874 5.1672008831024803 18.252618340310754 231 231 231 0.52396588205002714 72 359 71 496 68 512
999 -14.617723870406943 13.700825558762565 9.7198508876764986 143 143 143 0.37877443853524773 74 992 72 1042 73 1010 71 1224 70 1320 69 1149 67 1057 68 1010
3356 -18.142436871515038 5.6358979829472862 -7.7299720846424664 11 28 58 0.12378036425755012 69 509 70 832 67 461 68 451
29 4.7235520117060075 -20.314008688091121 25.786029042138782 2 2 2 0.24410607525969286 76 169 77 514
3161 -17.175952682154822 4.5440671568119564 -5.0549390939856185 17 33 63 0.33250514560637845 70 1285 71 1250 69 1191 67 1099
1345 -3.1139832702892427 5.6699336558787996 25.830806055784223 110 116 133 1.4830956709921965 76 106 80 115 72 186 84 675
3702 -18.430109584011152 5.211777734780787 -8.7711803757825777 10 80 39 0.069566883303273305 67 934 69 1116 68 893
997 -12.617906752688556 0.31130833380972694 9.6300627185701817 141 141 141 0.52359316188858518 72 1031 73 988 71 1199 70 1283 69 1186 67 1096 68 982 74 972
3354 -18.085518201310492 5.5686755231686176 -7.5550261831591703 13 29 59 0.088055941514289485 69 500 70 831 67 459
803 21.034661447552942 -19.83197980390938 27.704402570683911 2 2 2 0.5107100744686196 76 524 74 753
3160 -16.987084862004437 -1.1840052107690129 0.49316243877504196 57 57 57 0.85995281052182404 70 1270 69 1175 67 1017
3701 -18.430109584011152 5.211777734780787 -8.7711803757825777 10 80 39 0.069566883303273305 67 933 69 1115 68 892
996 -12.617906752688556 0.31130833380972694 9.6300627185701817 141 141 141 0.52359316188858518 72 1030 73 987 71 1198 70 1282 69 1185 67 1095 68 981 74 971
3353 -18.266305328844449 5.6997622523947404 -8.1173948632393493 64 68 80 0.13343756764103251 69 499 70 516 67 458 68 448
3351 -17.656746557418163 5.1483570217580317 -6.2126188586558149 71 75 88 0.12288946974783904 69 489 70 498 67 456
3698 -11.291066312968765 -7.1697735945460837 11.213130635711762 22 22 22 0.065376388681873329 67 915 68 876
949 -14.485169474915214 8.7999433943800121 9.1308492132044794 29 30 30 0.52497604193697289 72 849 73 876 71 1075 70 1170 69 936 68 832 67 863 74 877
3306 -18.231235844916686 9.2661163537449518 -6.7844699119052549 112 118 124 0.078348188933403243 69 625 70 686 67 287
1339 25.915133817066057 -9.6727732440215473 35.85622653766076 59 62 72 1.7119184864563486 74 529 80 52 81 45
3696 -2.5017210975642405 -16.087369190333124 17.210962800657907 133 133 133 0.28836053460025651 67 908 69 990 68 869
3348 -17.810006370020865 5.2783628723422753 -6.8493925091244341 15 32 61 0.043539257047173062 69 487 70 496 67 452 68 447
991 -12.592084740334604 -3.1515569788241953 10.464473454092584 141 141 141 0.38826043475651684 72 1022 73 979 71 1191 70 1274 69 1179 67 1088 68 1027 74 962
947 -14.546938159788569 7.7052594995434349 9.563350752379483 57 57 57 0.9435181712891122 74 727 72 847 68 822
3304 -18.0726620172113 8.9515979334495057 -6.5778188784798219 107 113 120 0.21310599354065576 69 290 70 677 67 280
3695 -15.941680842634723 20.420335785544442 6.3936544083466806 5 5 5 0.47945614293216188 69 973 68 862
796 39.558933014709154 16.694157133753734 37.065311515819403 130 130 130 2.9788420943572533 76 330 74 601 72 777
3153 19.809788030848072 -3.6412554784679783 38.238928105254068 231 231 231 0.68894665294920665 70 1315 71 1155 69 1140 73 948 67 970 68 682
3346 -18.000959119927114 5.3937502601280674 -7.4076144267787809 75 79 89 0.10023890216969043 69 486 70 494 67 450 68 444
989 12.380360759313852 -19.745904566192227 24.84441295668697 122 122 122 0.7182926265331917 74 955 72 1016 73 1028 71 1282 70 1429 69 1318 67 1214 68 1146
945 19.971790502424035 -1.8477131336461461 33.34810975713706 0 0 0 2.0892848728659095 74 796 73 952 71 1262 87 322 70 1413 72 840 69 1305 67 1162 68 1099
3302 -18.32923208702498 8.8235772022981394 -7.0391253681692554 61 100 70 0.15070898686993908 69 617 70 892 67 277 68 277
793 2.9288256881469859 5.4124963263537964 19.741088349131147 59 62 72 0.50680215727465794 73 576 71 965 70 1080 79 778 69 953 67 879 68 716 74 588
3150 -4.1413234311194573 11.304170842193109 101.8913668919744 0 0 0 2.1373452342453048 88 976 92 1021
942 -3.629915930823667 -0.72270833547118185 23.116966174232086 130 130 130 0.5771745567582317 79 1041 72 821 83 980 84 989 85 972 87 1067 88 1020
3299 -17.451443719693206 7.9954955890137738 -4.935148882566101 72 87 80 0.089703134862846923 69 267 70 665 67 268 68 269
3342 -17.092105154389476 4.5932715261675137 -5.1852893619982474 14 32 62 0.043851157337733683 69 472 70 470 67 442 68 73
3341 -17.459615326021211 4.840420913663614 -6.0677507352500895 77 81 91 0.074815457893211326 69 473 70 471 67 441 68 71
14 21.413490014863797 -5.6666785856343562 31.975211265517149 59 62 72 0.98697439343974747 76 54 78 125 74 148
3296 -17.449191862422758 7.2372590467258258 -5.3213121296835713 75 78 84 0.1143697786008388 69 255 70 657 67 255 68 255
983 -12.25864823517332 -0.31577519783719837 11.382205081901207 141 141 141 0.35377084964817934 72 972 73 986 71 1195 70 1226 69 1117 67 1030 68 980 74 969
3340 -17.311365196539391 4.7102031050704154 -5.7831669746137608 75 79 90 0.059987798416674759 69 469 70 467 67 440 68 68
938 -12.181181488735866 -1.8305989106982923 10.612469859293004 0 0 0 0.49491133486577021 72 805 73 673 71 900 70 987 69 711 67 633 68 783 74 845
3295 -17.449191862422758 7.2372590467258258 -5.3213121296835713 75 78 84 0.1143697786008388 69 254 70 656 67 254 68 254
982 -12.774580384886443 -1.833106149723793 9.1409291306299707 0 0 0 0.5565933444094181 72 966 73 928 71 1115 70 1218 69 1108 73 981 67 921 68 881 74 967
3339 -17.470987485676702 4.7658891220860529 -6.1312746275221635 10 29 59 0.1265895097511211 69 467 70 463 67 439 68 61
936 -12.297357691892589 -2.5009132300707124 10.447541822849132 0 0 0 0.35601307964814249 72 797 73 665 71 894 70 978 69 876 67 801 68 776 74 762
3293 -5.7104788379308991 2.1229003561996382 26.164133244803441 5 5 5 0.56261568355406844 82 589 67 236
977 1.8782558677802792 -25.144478407768101 34.452339411286601 117 117 117 0.7760256785645504 73 1030 71 1239 70 1375 72 1094 69 1267 67 1180 68 1149
3334 -18.316443276721195 5.0474691459576215 -8.2971207742045365 16 24 45 0.11481194788369298 69 452 70 453 67 422 68 51
3333 -16.950604141289563 3.9640177828592327 -4.7153080236310894 2 4 12 0.4314802038268345 70 805 71 708 67 419 68 415
3332 -18.243822900824625 4.9875348848045995 -8.1735687488329081 17 25 46 0.090184312557057333 69 451 70 451 67 418 68 49
974 -14.9053980561873 14.676278464950508 8.0721617837436277 0 0 0 0.83378727338132741 72 935 73 905 71 1097 70 1085 69 960 68 728 67 739 74 945
3331 -18.10037484151508 4.8136464147068025 -7.852205254321988 119 120 120 0.14150020855942469 69 449 70 448 67 414 68 42
973 -13.715853227687111 13.481947447631947 7.2500064379541769 0 0 0 1.1637913380351277 74 944 72 934 73 904 70 1084
3323 -19.458368393815583 -5.654248644519849 -8.5049987884721325 231 231 231 0.068547492781656449 70 379 67 347
772 -2.2165856508912229 0.00077357951518328789 24.358200694616482 130 130 130 0.77208264369278812 78 474 74 169 73 107 68 206
3129 -14.117325379427731 -13.637925206155183 1.4181270239694619 122 122 122 0.32699111866354835 71 855 69 978 67 1005
3321 -18.1134313720429 13.150782835240761 -4.9391883843383004 24 83 45 0.13131103042766901 69 664 70 735 67 338
769 5.5837610637267918 -5.3780131677787768 25.456335911973156 105 110 127 0.54172518361267841 77 89 74 123 72 103 73 75
3126 -17.522784198610214 8.4982042704480776 -4.7333561596290545 124 124 124 0.33159068157882482 70 1062 71 1085 69 939 67 715 68 692
961 -12.438785482242006 -2.2273848167515951 9.7878302859810269 0 0 0 0.28567832432264206 72 889 73 823 71 1031 70 977 69 877 67 802 68 775 74 841
3318 -17.174152424643346 13.247800316662728 -2.7007743453933406 124 124 124 0.07366952424311389 69 381 70 732 67 335
3314 -18.064735772184822 11.351846412199848 -5.5950161021894029 114 115 116 0.054264606025006185 69 352 70 331 67 325
757 5.7241699237711874 0.59972289480039065 27.360177176888239 112 118 135 1.1573279264727789 76 845 78 1111 79 1128 73 1085 71 1304 80 857 81 978 82 955 83 1024 84 1014 85 1008
3114 -13.049277246185643 -6.7531710487995875 9.7346113868653106 0 0 0 1.4974235143084258 71 879 67 793 68 768
950 -14.120413804883146 14.29701407784513 9.1826234192503211 143 143 143 0.46187861570494348 74 885 72 857 73 897 71 983
3307 -18.107391435589346 9.6557181307860436 -6.2429943197273001 85 87 91 0.10610950625223933 69 629 70 688 67 290 68 290
3303 -0.7474457449662455 5.1278499131256012 20.547155498711611 61 64 74 1.1478863082085762 72 188 67 279
946 18.372957918762449 -1.2652531674328631 26.981429611319271 0 0 0 1.2466929166864436 74 799 72 841 73 955 71 1266
944 18.021421159101163 -1.3232605361724168 35.541433000142682 108 114 130 0.81839311860626907 74 701 72 838 73 866 71 1157 69 1147 67 1054
3301 -17.488289293757362 8.6924674206779748 -4.6666250460457208 68 85 77 0.10164527739446763 69 278 70 671 67 274 71 809
943 -8.4664417941496239 1.7852537840314409 24.964541651887728 45 47 46 0.6151288149351577 74 794 72 831 71 1056 73 854 67 949
3300 -17.370212267921946 8.6092190021575608 -4.5722814717934988 121 121 121 0.076221971040452086 69 274 70 669 67 272 68 275
3298 -17.451443719693206 7.9954955890137738 -4.935148882566101 72 87 80 0.089703134862846923 69 266 70 664 67 267 68 268
747 -3.5463689202454507 -21.145333976465391 24.862822275510815 134 134 134 0.0732200360811118 77 842 79 952
3104 -16.312002484210407 7.5220652536016548 -1.9711301853375838 110 118 117 0.19279913517369587 71 956 69 794 73 883 68 524
940 -12.668520230389078 -0.31836286929156676 9.5497972442741315 0 0 0 0.57867522369090674 72 813 73 835 71 1041 70 1129 69 889 67 818 68 794 74 847
3297 -17.407384238915711 7.2988786573866413 -5.1541254646728154 109 111 114 0.10504508740771512 70 217 67 259 71 789
937 -12.567353260674297 -1.8196191133886681 9.6630038179543867 141 141 141 0.92665106844736223 72 804 71 677 70 785 69 709 67 629 68 382 74 844
3294 -17.388408349668651 7.1943296751519785 -5.1321520868624839 68 71 79 0.057770254893776678 70 655 67 253 69 253
652 -26.450171376576982 -1.2285560997857976 18.397570334712182 141 141 141 0.60200488813293718 77 763 78 905
651 -25.619648518787731 -2.5653172465810283 18.408774461855099 141 141 141 0.75440353005819683 77 749 78 895
650 -29.568193203156842 -2.7164204512975285 21.517205487350289 141 141 141 2.551997686545 77 748 79 980
3007 -5.6270976859587103 -12.69263222734792 10.546423298259812 117 117 117 1.2768122973653657 71 1280 70 1373 69 1264 69 1319 67 1215 67 1230 68 1174
3006 -6.5424083939395432 -15.906726238985993 13.854703277491273 117 117 117 0.37195202479927181 71 1279 70 1372 69 1263
649 25.197074555606385 -31.520377288893318 33.282769877931216 231 231 231 1.3834981643990243 77 709 78 879 79 955 74 892 72 1011 73 1068 80 548 81 658 82 782 83 864 84 910 85 891 86 854 92 919 90 923
3005 12.309056693573838 6.7710569152050892 23.240788797278363 0 0 0 1.2400443902384619 71 1229 70 1368 69 1258 67 1071 72 920
648 -24.728388375944427 15.450517571863864 19.340402478385592 29 30 30 0.65796883229204473 76 335 77 472 78 858 79 944
3004 -16.250521756978955 3.7168013761326142 -3.2574335646902512 70 72 78 0.094101289256131079 71 1296 70 1344 69 1184 67 1094 68 1035
647 15.50611146381272 17.332493786387108 28.8101296606334 59 62 72 1.307418245832779 77 915 78 852 79 925 84 830 86 840
3003 -7.4854930039912073 -17.784035137971372 13.49482313737956 2 2 2 1.3898538881679114 71 1277 73 971 70 1333 69 1315 67 1177 68 1144
646 -13.247217957690285 5.8153003313315637 22.140371794433847 124 124 124 0.020632018602549335 77 666 78 839
645 -10.537552600388382 4.1336041584584446 22.30604081247818 50 56 68 0.91515582393485739 76 602 78 835 71 752 80 727 81 920 82 884 83 987 84 999
3001 -15.572017518021745 8.737074231932441 6.7396032852279983 57 57 57 0.51535839562170482 71 1216 70 1317 69 1142 67 972 68 923
644 -2.1795768122798376 2.4605324668862449 25.046370747012308 59 62 72 0.30394557347099377 76 595 78 828 79 903 77 787 72 735
643 -2.3733055272675703 2.5131382732032468 26.027282550096313 59 62 72 0.90732282728020619 76 594 78 827 81 720 77 638 82 731 83 836 84 894 85 780 86 831 86 990 87 781 87 969
2999 -16.294123740442775 7.249591763876869 -2.1645547394640463 88 96 94 0.095047204941249561 71 1270 70 1311 69 1135 67 1046 68 999
642 37.125955119440199 3.5142947782036669 38.463053486358341 108 113 130 1.2769214362557562 77 791 78 826 82 702 83 804
2998 -5.5544234608785628 3.3730933195906081 20.341345524701033 0 0 0 0.86122346066647137 86 1112 87 1117 85 1032
641 -3.2185399871889278 1.0693051494473096 24.741522006199812 130 130 130 0.40689559092202049 76 587 78 822 79 895 74 699 72 724 73 724 71 923 80 603 81 856 82 820 83 895 84 935 85 915 86 1022 87 1015 88 979 70 1039 69 908 67 839 68 807
640 -27.517682189367974 -0.90593644237810422 18.450855247437648 141 141 141 2.0677663033446776 77 609 78 813
2997 5.2082541436908638 -10.324659216104108 46.554474383909451 88 92 106 0.47356052832240919 71 1124 73 833 70 1284 72 810 69 1188 68 1036
2994 -14.772128093040816 16.601702638182761 8.6086841273376624 143 143 143 0.50328726738250984 72 1005 73 1015 70 1259 69 1155 67 1001 68 949
637 22.062472669159597 -6.0249564720972604 30.585259705041736 59 62 72 0.98768057838632084 77 863 78 795 79 870 83 773 84 586 85 684
636 2.335781992665694 -5.7528342297596957 25.725990572222724 59 62 72 0.69763538943924774 77 584 78 790 79 864 74 317
2993 -16.00466704975743 9.5759168823930576 -1.2189855058527619 124 124 124 0.33146702108090531 71 1174 70 1246 69 1081 67 984 68 931
2992 -14.829425579724994 8.8822994553107613 9.9731427395597159 29 30 30 0.28662568093127805 71 1160 70 1240 69 1071 67 973
635 22.54029881440206 -10.699734752833628 31.09882923419034 59 62 72 0.87830057202301981 77 738 78 784 79 858 80 429 79 707 81 303 82 503 83 761 85 668
634 22.282630527395519 -10.534614765450902 30.648664080206181 59 62 72 0.25407253164078869 77 737 78 783 79 857 80 428 79 706
633 11.816954314100714 -9.3039787527488613 26.379077381141112 231 231 231 0.90028984999375117 77 733 78 782 79 855 80 579 81 673 82 670 83 754 84 731 85 665 86 673 90 621
631 28.868419381192606 -29.517935356425696 32.547709478136255 2 2 2 0.32231380438270341 77 715 78 762
625 55.933312488291769 34.355974374894203 38.540280485985996 108 113 130 1.2258153318284442 77 918 78 737 80 649 81 784
624 39.693805766294652 17.42594783974852 35.445093465999626 0 0 0 0.30530918458529249 76 624 78 733
2981 4.6355188856940241 -7.9616816787319946 36.630537387140201 59 62 72 0.33987695574773419 71 1042 73 688 70 1138 69 1033 67 937 68 898
623 -15.149230239379746 8.0262102466712566 21.617760571891225 29 30 30 1.2351195700718944 76 119 78 732 79 924 80 740 81 927 83 1034
622 38.722275708202417 16.177881665856003 34.361941462538518 130 130 130 0.13355640804022645 77 815 78 730
621 41.779425393171898 15.935383961527581 35.250497084887108 130 130 130 0.083543665529328612 77 813 78 723 79 637
2977 -14.437882759236009 -4.9062235973092685 5.532561117133814 231 231 231 0.73092127738820922 71 1024 70 1119 69 998 68 765
620 3.1934020429465937 6.4390345506168876 23.721863695303778 112 118 135 1.0396411397981451 77 436 78 715 82 750 83 653 74 217 84 425
619 -11.965627550786799 4.9760733382612967 22.477924333327213 124 124 124 0.07895577497781564 76 444 78 714
2976 -6.5752098213988495 -15.705620868839617 12.71150679231566 117 117 117 0.67773282531082624 71 1011 70 1112 68 959
2975 -1.6967674892346882 -14.586844279939751 12.249485016670775 132 132 132 0.17049393793417383 73 632 70 1110
618 -10.711019412905587 4.1878808101352796 21.879191061728182 124 124 124 2.2148979201437764 76 291 77 653 78 712 79 775 73 373 82 843 69 584 72 345 74 381
617 37.586271952638207 6.8480476137074628 31.873050004584542 231 231 231 1.2294972207748378 77 665 78 708 74 878 81 525 83 375
2974 -1.6967674892346882 -14.586844279939751 12.249485016670775 132 132 132 0.17049393793417383 73 631 70 1109
2972 -14.921880719059697 15.10725800389063 8.6498764025289407 142 142 142 0.22654613433568632 71 987 70 1086
615 22.960937869170266 3.7847622484131183 33.776012566391536 111 117 134 0.49109740471957136 77 641 78 681 84 607
612 9.3740392599789661 -8.4429470668411017 26.707937174873187 231 231 231 0.79974917013296642 76 537 77 576 78 624 80 581 77 742 81 486 85 674 87 683
2967 -16.38218554932115 3.8960348672605014 -3.2203170941239421 94 99 103 0.3624354217345056 71 1049 73 944 70 1020 69 902 67 826 68 639
607 21.715319047251651 -19.658473213062877 27.11764963546667 231 231 231 0.72539664630194434 76 522 72 881 73 973
2964 -16.74294615764083 3.7110339994356365 -4.3490217597079193 1 2 4 0.10033991229470016 71 1127 70 1000 69 888 67 817 68 792
606 -21.445343345584618 -11.131923856775229 19.277844714958398 0 0 0 0.79314796246092845 77 43 78 611 79 845
2963 -16.254463876545241 3.319348418378306 -3.5936627875964113 1 2 7 0.12950660152993859 71 1043 70 995 69 887 67 814 68 619 67 642
605 -21.445343345584618 -11.131923856775229 19.277844714958398 0 0 0 0.79314796246092845 77 42 78 610 79 844
2962 -12.469132731917092 -0.76464945381896521 9.5915582480133548 141 141 141 0.31396735643998103 72 811 73 832 70 990 69 882 67 812 68 788
603 1.5791394182053526 -18.801435315555889 25.615797323006866 132 132 132 0.68991634451719364 77 527 78 603 79 689 80 411 81 664 82 660 83 731
2960 -5.2389877246283989 -1.3086923412719704 0.53190663636808311 0 0 0 0.046701654685377333 71 878 70 971
2959 -13.177020533964752 -5.1425036982771832 6.2430096768641983 0 0 0 0.55391149668026884 72 884 70 969
602 20.527409623876434 -31.147286442781123 29.611558866579006 119 119 119 0.92002877310902509 76 370 78 588 79 419
2957 -1.4335231710924736 -14.612096202887583 12.650212621973688 131 131 131 0.70314409724558846 73 633 70 954 71 864 74 620
600 -23.052969848275556 14.227305733475788 19.72321228230139 28 29 29 0.21684702901028632 77 466 78 565 79 809
597 34.914778273350841 18.011505545058103 36.349103509463433 59 62 72 1.2736006135854536 77 913 78 548 79 916 80 632 81 760 82 744 86 813 83 838 84 818 85 757 88 724 87 749
2954 -14.906026236535677 16.286815059808266 8.6670672211702993 0 0 0 0.017188075775193816 73 604 70 926
596 27.516324791828968 13.779039380856926 32.45351784510013 0 0 0 1.1750614179563819 77 681 78 543 79 643 80 320
2953 -14.311646833103326 15.633073754752969 9.0927870592644027 0 0 0 0.051897927226706081 73 601 70 922
595 26.945687377613304 13.591850100308321 31.832560020211158 0 0 0 0.23127332542065263 77 680 78 542 79 642
2952 -14.666425066942434 14.347203250410585 9.3981960543647034 0 0 0 0.52061466044649174 73 590 70 915 69 816 68 317
594 -6.6012650529631083 9.2984880982627409 30.635214499717748 214 214 214 1.3560808067665604 78 536 72 367 67 717
2951 -16.387080050994218 9.4863248684237185 -1.6226356215485624 124 124 124 0.080126238836545322 71 980 70 906 69 811 67 724 70 1076 68 545
2949 -16.224264540321268 9.3242703676022352 -1.266683514557521 62 75 72 0.065839100837817646 71 976 70 900 69 807 67 552 68 540
592 -8.4640285354931439 2.2321011222954161 24.416974614087341 123 124 123 0.4263378992715493 76 274 78 521 79 767 72 321 80 496 81 553 82 748 83 845 79 618 70 599
2948 -7.1928182753777028 10.725706453133181 27.504074163710364 122 122 122 0.3481748770004594 71 784 73 410 70 896 69 806 68 548 72 576
591 -6.8773838256695692 1.9198048384901176 23.077495175286341 231 231 231 0.12384923484547755 76 84 78 516
2947 -16.210041867649601 7.5126910568490839 -2.1562827537020817 111 118 118 0.18158339559416992 71 962 70 886 73 886 69 795 67 539 68 525
590 16.022103854093768 2.8743556137145205 30.552905485314174 110 115 133 0.21495267748966254 76 442 78 514
2946 -11.745853794537915 6.0193503390812175 16.609892338274893 29 30 30 0.27445725140364235 73 569 70 871 69 787 67 705 68 671
589 -0.69855314130582458 1.7290921366770766 25.564335273895558 0 0 0 0.92978928286775386 77 384 78 505 74 373 82 568 83 622
588 -5.912814322789016 1.0930248521855812 23.904984861784836 231 231 231 0.76800096887226466 77 365 78 498 74 179 73 114 72 160
2944 -16.701094670077023 4.0839818197607149 -4.2465315908324737 3 4 8 0.06801588594682223 71 916 70 819 69 737 67 435 68 430
587 2.4546515583604429 1.1338411923741269 23.248951724290851 0 0 0 1.3770418065846091 76 431 77 632 78 496 79 592 74 371 72 551 80 292 81 329 82 348 68 819 85 847
583 23.637284752671228 0.60206229563313196 31.373492795920576 231 231 231 0.75059929755042065 76 435 78 476 79 571 80 88 81 74
2940 -12.497731731534842 -1.4500043211759213 9.7227786586606957 141 141 141 0.41200078007096586 71 682 70 792 69 713 68 391 67 52
582 23.637284752671203 0.60206229563313052 31.373492795920537 231 231 231 0.75059929755040244 76 434 78 475 79 570 81 73 80 87
2939 -12.458902242315338 -1.4532842461312585 9.6712914165988479 141 141 141 0.26088418473719821 71 683 70 791 69 712 68 390
580 16.381967041638788 -5.8957419221894396 28.980110136834835 59 62 72 0.25714122935149852 77 334 78 445 80 59 81 310 82 41 83 338 84 339 85 269
2937 -12.294346605893088 -2.0564524710227787 10.234719826156255 141 141 141 0.24322681205034877 71 679 70 787 69 707 68 384
578 6.5424138756267833 -6.6793430507125935 25.036457136855109 231 231 231 2.4960501149881655 77 318 78 438 79 520 76 207 84 330 82 302 85 257 86 208 92 277 90 203 83 331
2934 -6.3795393481889988 -16.200660709778024 12.593049531477735 117 117 117 0.30215763164995335 71 655 70 766 69 684 67 597 68 583
574 -3.0828020713527251 -22.403419924218269 24.570804057529138 134 134 134 0.047769863803628951 77 277 78 350
573 -8.7210111272612583 -25.516879078613101 25.871321333003717 149 149 149 0.93780469411307299 77 276 78 335
572 -9.3347592478248131 -26.171250412635828 26.144103020432727 156 156 156 1.0593505854191285 77 275 78 332
2929 0.75447388030499052 2.4127896094234971 25.166655666078881 0 0 0 1.3672961763936518 88 735 70 660
570 -10.987800093253441 -27.554688937731118 26.347946095671585 150 150 150 1.2739609264874816 77 271 78 325
2927 -10.697301853379033 5.0400341051930209 19.208793582995693 231 231 231 0.069682912030572988 71 495 70 642 67 528
569 17.872497153456962 -28.057775696340297 21.708292269365938 75 75 75 1.8401411511655001 78 319 74 481
2926 -3.3830559505666966 1.3686336870429687 25.251710618524243 130 130 130 0.14803793240675647 71 122 80 98 70 620
2925 -16.216814102843397 3.95243996924005 -3.0930573049408112 9 13 20 0.13478684071208452 71 727 70 462 69 468 67 88 68 70
568 17.868116683432138 -28.171179410110817 21.457396477172637 75 75 75 2.1388549707072904 78 317 74 478
2924 -16.63299013891433 3.937604553161119 -4.2101044333461806 95 98 104 0.058337796135036715 71 718 70 457 69 455 67 427 68 421
567 -3.9332227861446669 -28.768428556528409 23.306755812565811 133 133 133 0.46187983337919114 76 155 78 316
566 -3.9422289401800228 -28.50150134791653 23.054529763970262 133 133 133 1.0033098896396708 77 270 78 315 79 382 76 156
563 19.83679958830546 -0.071730175945103489 31.68308827521367 0 0 0 1.3895996669760522 76 254 78 178 74 574 92 127 90 265
562 -27.757081131780595 -0.93687845597447927 18.467165714793655 0 0 0 1.0549036666628835 77 606 78 169
2919 -16.106140631438478 2.6314851931985483 -3.1158921658091425 3 10 33 0.16905684162431367 71 902 70 432 69 431 67 400 68 389
561 2.5451092536368423 -2.0390918956429371 22.661668589694717 110 115 132 0.27540611312164343 77 116 78 151 79 565
2918 -12.173855004525514 -2.1768984161190303 10.570222162742652 0 0 0 0.34768181328187892 71 361 70 430 67 397 69 428 68 387
560 2.5451092536368423 -2.0390918956429371 22.661668589694717 110 115 132 0.27540611312164343 77 115 78 150 79 564
559 8.2861129907201931 -3.5413591648675418 22.885180083028615 231 231 231 1.6808828152134505 78 130 76 59 77 111 79 169
558 19.24219962104074 -5.7470853153164043 31.430384784972432 59 62 72 0.34491553108530443 77 105 78 121 85 53
2915 -14.439539619463199 -13.188373661240732 1.6979923997289132 122 122 122 0.49199201007491294 71 323 70 396 69 395
557 27.828002670358675 -7.4428078304244671 33.682514978111953 231 231 231 0.1852099200483055 77 330 78 109 80 57
2914 -14.668744985065448 15.707577159744417 9.0700476142398152 143 143 143 0.10870382144413675 72 410 70 337
556 -6.6192771168350344 -23.682556147055713 25.515042071852026 137 137 137 0.64300619183584051 77 19 78 11
2913 -16.319329513502435 9.7249891687266317 -1.3550603227898268 52 66 66 0.17751310706092319 71 237 73 602 70 278 69 300
555 -7.1849142051231469 -24.344167232216773 25.847832148070076 145 145 145 0.84283611489539267 77 18 78 9
2912 -4.9770966342232166 8.5302863795904447 21.022320966889133 231 231 231 1.3044417505395005 70 267 71 171 69 297
554 -8.1061324477993786 -24.842152152826515 25.591713614610292 146 146 146 0.815045112876986 77 14 78 8
2910 -16.296734623565541 8.0358117677033629 -2.1820241461971404 123 123 123 0.23923002380997821 71 535 70 237 69 272 67 270
553 -11.702299078551672 -28.317735567362071 26.664910355470795 148 148 148 1.4009752886542501 77 8 78 6
2909 -16.227338961645383 7.8471256226438832 -1.9289811741851175 87 89 93 0.093981983121863552 71 184 70 232 73 587
552 6.5920354952392755 -0.61526403845555844 29.403055044079441 59 62 72 1.4428070682280538 76 669 77 889 78 914 72 836 73 865 71 1210 73 997 81 843 82 703 83 806 69 1211 85 904
2908 -16.227338961645383 7.8471256226438832 -1.9289811741851175 87 89 93 0.093981983121863552 71 183 70 231 73 586
551 6.3507301086028765 -0.33601124497568319 28.046793324568601 62 64 72 1.7853447501004396 76 68 77 118 78 174 74 184 68 262 92 937
550 -4.0465675726099004 -22.024634197101502 23.694758902101249 134 134 134 0.034637203844715823 76 14 77 20
2906 -4.5980163600730828 1.2214854812248104 25.494593214275646 130 130 130 0.54548267900938285 83 645 70 190 69 232
549 20.13302521980134 -31.68397693773079 21.441008259135856 231 231 231 1.4345489809890983 76 8 77 4
2905 -4.529895312133144 0.79666213435467603 25.341126714324954 130 130 130 0.3133051471612287 83 638 70 179 69 221
548 1.6483375845747281 4.9386818182249455 25.570278137339116 113 118 136 0.36185031788832717 76 929 77 1115 78 1179 79 1196
2904 -6.9561275801443294 0.77028317193285223 26.804257110782462 121 122 122 0.56162256508161867 83 648 70 172 82 578
547 31.528968259498473 4.2308465676614659 35.463176569503851 111 117 134 1.0822742982111551 76 917 77 1108 78 1153 79 1179 80 914 81 989 82 953 83 1022 84 1012
2903 -4.4133876133074619 -0.031924549278865517 25.215400218105785 130 130 130 0.32135451186691888 81 324 83 606 70 169 82 352
546 16.835032587108909 -12.534389781803087 30.785846855651705 231 231 231 0.73584946720624322 76 910 77 1101
257 18.169820178866782 -2.5776889027315502 30.346051011039567 130 130 130 0.67856514741418972 76 746 77 881 78 900 79 975 74 861 72 980 73 998 80 705 82 806 83 882 84 863 85 831 86 896 87 934 88 875
118 19.261079524098264 4.5182062490605155 29.195159309313535 114 120 137 0.022294154027505113 76 456 77 647
2475 -6.5308386327354579 1.5255995689187685 21.014643671790949 104 104 104 0.84027930936666884 86 995 87 1019 79 760 80 492 81 550 82 741 84 896 83 844 82 593 85 918 88 980
256 14.79704258703152 -3.3606827288110033 29.067031913668206 231 231 231 0.64231735667770518 76 745 77 877 78 899 79 974 80 704 81 832 82 801 83 877 84 858
1226 -15.8005827928279 9.3079144860023817 -0.88687466979285667 16 65 44 0.22647111186332447 73 787 71 807 70 273
3583 -18.071718682276767 5.8190340488050136 -7.3404294981053209 74 78 89 0.16496793471232021 67 177 69 541 68 159
117 -12.308995169520585 5.4656307216635449 22.120326472462118 10 28 41 1.2508182787135671 76 451 77 804 78 837 79 912 80 734 81 923 82 885 83 988 84 1000
2474 -0.75225409441114688 -0.37376091392849242 26.736229703521047 112 118 136 1.7793212637417353 87 1065 88 1002
2612 33.471530471412279 -41.794339235836176 45.518726305144931 2 2 2 1.710695144478791 88 919 85 957 86 1030 87 1024 92 858
255 12.206008010799795 -3.3350804541451939 28.035520171701084 231 231 231 0.57629245178121724 76 744 77 876 78 898 79 973 80 703 81 835 82 802 83 878 84 860
1225 -16.105205889351755 9.1350626971960605 -1.2255151956694756 123 123 123 0.44309796315520511 73 901 71 804 70 678 69 295
3582 -18.535629846941472 6.098503343449031 -8.5446334308587222 65 69 81 0.11773107169191314 69 543 68 157 70 568
116 0.77066834537904094 2.3066482530012746 25.2020434722602 0 0 0 1.2742240772925946 76 440 77 637 78 517 72 556 73 567 71 766 71 932 80 487 81 718 82 723 83 828 84 817 85 868 86 924 87 965 88 951 70 1164 69 922 67 852
2473 -2.1713865563391623 -5.6790645527469845 31.201033396592084 24 26 25 0.79988973925815299 86 735 88 932
254 -25.308797478542761 -0.26266493177630451 18.7430429769569 141 141 141 1.2578110377200471 76 741 77 994 79 1153
1224 2.5768570047445087 5.9643127046057236 19.492106101093626 0 0 0 0.51415025639352352 73 162 71 794 70 1188 69 815 67 730
3581 -18.544929258985519 6.1019319194179547 -8.5473301989797363 65 69 81 0.12911608936074387 67 486 69 542 68 156 70 567
115 1.6960674040184944 1.9251535406172608 23.688782078677555 130 130 130 0.9362221730857645 76 439 77 636 78 680 79 754 74 708 79 902 72 557 73 752 71 933 80 605 81 716 82 721 83 822 84 888 85 858 86 921 70 1165 69 926 67 853 68 821
2472 -4.0374292580430851 -3.1114789150011304 28.043461511425448 29 30 30 2.0260383095958843 87 851 88 894 86 904
253 35.551922922082667 -5.8528714900869119 33.715177569373004 59 62 72 1.5426653997402069 76 740 77 868 79 724 74 697 80 446 81 499 82 309 85 488 86 482
114 1.0762241218413673 1.9474995510614146 24.438248979170535 130 130 130 0.86233583361459853 76 438 77 635 78 678 79 753 74 379 72 351 73 385 73 565 71 764 80 477 81 537 82 571 83 619 84 643 84 806 85 751 86 816 87 761 70 877 69 792 67 710 68 677 67 538
2471 7.2628029510672549 -7.3289212605536891 33.156103966139042 59 62 72 0.57616803118615012 86 58 88 294 87 117
252 -26.432989478978218 -0.63922439112675833 18.144365625542999 0 0 0 0.8874233535242958 76 739 77 992 78 1104
2608 40.181354457046581 11.484781969390811 46.099701962490109 115 121 139 1.3014066628350538 88 813 92 813 90 778
251 15.201618109165672 -4.7827318423284817 29.308154900026121 231 231 231 1.0356483216751333 76 738 77 940 78 993 79 1040 80 700 81 830 82 800 83 781 84 856 85 825
112 6.2886455079628094 1.8979392176543355 28.798310360063901 59 62 72 0.78199085576013172 76 436 77 633 78 674 79 741 74 710 72 740 73 759 80 467 81 524 82 548 83 591 84 620
2469 -15.919414594351174 -78.404242378551601 87.630353179928818 143 143 143 0.47503427641495405 86 186 87 229 88 206 85 226 92 219 84 278
2607 39.642755487068335 10.096833715015958 31.322541025720714 59 62 72 0.55202831199062585 88 887 92 809 90 777
250 -24.957569984684127 -1.2417137303717858 19.01089581996143 141 141 141 0.68231272886894134 76 735 77 991 78 1103
111 0.83497437453699064 1.513820816436771 24.259540496526366 0 0 0 1.0597669709785593 76 433 77 783 78 825 79 899 74 707 72 732 73 743 71 930 80 604 81 715 82 719 83 893 84 886 85 911 86 982 87 1011 70 1159 69 1059 67 962 68 917
2468 -16.285282450643926 -78.747124016495931 87.730376508059464 139 139 139 0.49579126682053448 86 185 87 228 88 205 85 225 92 218 84 277
249 -24.962600249283266 -1.1963974793841547 19.013602207502846 141 141 141 0.95398988746554836 76 734 77 990 78 1102 79 1129
248 7.1432760001673206 -4.6386826653949438 26.000881372164987 231 231 231 0.60127810577678964 76 730 77 935 78 987 79 1037 74 918 80 764 81 900 82 862 83 935 83 973
1218 -12.027487369697088 5.7030409692557695 16.403354260159336 13 15 17 0.40312460817963769 73 568 71 765 70 869 69 782 67 529 74 717 68 516
3575 -18.220526713647299 5.7219519796563549 -7.9057533558369188 15 30 58 0.063535096804932287 67 152 69 518 68 135
247 7.1432760001673223 -4.6386826653949447 26.00088137216499 231 231 231 0.60127810577679519 76 729 77 934 78 986 79 1036 74 917 80 763 81 901 82 863 83 936 83 974
2604 11.712512562792506 -7.1111892192896553 39.179558112700128 231 231 231 0.92888368844833402 88 801 92 797
2600 15.596834506685935 -5.7056093287182987 34.008076818177905 231 231 231 0.76337270940264923 88 697 92 792
243 4.1738275094375146 -13.434185766722102 28.028232089347849 5 5 5 1.2000025191736419 76 722 77 850 74 645 81 897 82 789
3570 -17.088491996365406 4.7227020853327506 -5.2644777301562264 67 72 85 0.092156288759735125 69 132 68 93 70 104 71 424
2598 9.0735410661438731 -6.8880857746460533 31.530893083961324 231 231 231 2.3088362315752935 87 927 88 869 92 787 90 760
239 -23.028253628301254 -11.608719598953961 19.30346223010012 57 57 57 0.9701100590334073 76 714 77 724 78 882 79 960
100 -3.9087537681024438 -0.11833882429112323 24.089195989060325 0 0 0 1.0829609759318253 76 415 77 617 78 662 79 738 74 342 72 312 73 545 71 739 80 461 81 703 82 815 83 817 84 887 85 912 86 985 87 1012 88 977 86 1019 70 843 69 761 67 685 68 654
2457 -16.659382705167801 -79.097286847169542 87.826368903114016 139 139 139 0.61682268720366729 84 5 86 6 87 4 88 5 85 6 92 8
237 11.328623221349369 -22.240873343437151 26.853185511858232 68 67 67 1.4049191576097477 76 710 74 897 72 954 73 1027 71 1281 69 1316
1207 -12.435898356013858 -0.93500122815595199 10.328554255875989 141 141 141 0.47046840052024119 72 674 73 682 71 689 73 516 70 797 69 716 67 641 68 401 74 780
3564 -16.054846585090019 3.4760428777303147 -2.7540039900393611 11 26 56 0.065714173770529405 70 454 68 56
2455 -17.413901122610817 -79.718213008331915 88.011989097270515 132 132 132 1.0003017929693445 86 4 87 2 88 3 85 4 84 3 92 4
2590 22.368868561466112 0.65371920296917019 39.880343071791472 59 62 72 1.0751527094546647 79 884 87 719 92 701 82 701 85 515 86 742
233 6.3098571572296587 -29.196270260084844 26.271818898017166 171 171 171 0.41597966289044597 76 703 78 964
2589 22.69067303328859 0.74621372636394689 38.52148012055433 130 130 130 1.8997505517470654 74 866 92 700 90 829 88 881 84 869
232 30.101156199681476 23.342104489904063 32.734331252297714 111 117 134 1.3619215977123482 76 700 77 916 78 853 79 1013 80 646 81 783 82 602 85 873 86 993
3559 -19.042412566155161 2.6650426221136505 -8.3439933476140524 156 156 156 0.69491661282276895 67 797 69 871 68 27
2587 26.711818716723531 -1.129501820074738 39.749834187552032 0 0 0 0.54708264009794794 82 532 83 581 85 506 86 500 87 539 88 698 92 692 90 655
230 33.60017710121457 16.967462488271533 35.222166351685722 59 62 72 2.339211372863089 76 698 74 936 72 1046
2586 10.818834335170726 -7.1939438285999087 37.178672817823596 41 41 41 2.1448122241314405 88 694 92 688 87 839
229 35.234340247729932 13.968936654224638 33.542373372690456 130 130 130 1.2650331576739673 76 696 77 810 78 721 79 781 80 311 81 118 82 88 83 402 84 156 85 98 86 99 87 385 88 368 92 380 90 534
89 5.3583252082661632 -19.955273787011514 26.003254102702339 2 2 2 0.27062845344536945 76 384 77 519
2446 -3.7648661222104316 -0.72005309888300384 23.440983550835149 130 130 130 0.079347505060317639 86 1082 87 1068 88 1021
228 -20.192973734606785 10.78298791476265 20.538960550010238 9 12 14 0.37648646518329937 76 695 77 912 79 1111
2585 11.201957296484803 -5.9467726475189657 31.918952492404497 25 25 25 1.8506982018890044 87 706 88 693 92 683
88 5.6957904888772148 -19.523390702821768 24.950120105346478 2 2 2 1.1206472472738103 76 381 74 498 73 644
2445 6.9242495958333103 3.3983188798924897 35.839731733311055 0 0 0 0.38214378142028288 86 1052 87 1063 88 1019
227 -18.661074004983345 10.637724529811496 21.26413204668567 29 30 30 0.035844455013442883 76 694 77 911
2584 12.422201731236763 -5.402288111965901 29.916349911959081 25 25 25 1.6008627245240916 87 703 88 692 92 681
226 -17.342029772618723 9.634802150590394 21.197929861846159 29 30 30 0.34981861861138674 76 693 77 956 78 1020 79 1109
87 5.0461923774300033 -20.92861714278391 26.590224092148976 2 2 2 1.5135172099878706 76 380 77 512 74 280 81 663 80 558 82 784 83 863 84 909 85 890
2444 6.9242495958333103 3.3983188798924897 35.839731733311055 0 0 0 0.38214378142028288 86 1051 87 1062 88 1018
225 -15.928294921393229 8.5038382317201613 21.693345096526386 29 30 30 0.080478440834923726 76 690 78 1018
3552 24.281396214838196 -19.12301764247842 31.219057202706367 2 2 2 1.4934184715335699 76 794 78 980 79 850 76 718 78 885 80 426 82 669 83 744 84 916 77 302 78 412 74 639 72 469 74 509 73 494 81 292 83 928 81 896
224 -16.484884608213267 8.3053213673957043 21.511606343573298 9 11 14 0.50645840687539934 76 689 77 909 78 1017 79 1067 80 840 81 985 82 963
223 -5.8309329042571765 8.1410848170763686 27.598213050127526 211 211 211 1.6305874311369188 76 685 77 806 78 946 79 1003 74 720 80 732 81 922 82 883 83 952 84 969
222 19.886302998289924 3.9420644927157293 32.201195225955409 59 62 72 1.5920776358215911 76 682 77 905 74 809 72 916
221 4.7773131301169354 3.7561997339609463 25.905248794520734 0 0 0 1.0259702152548591 76 681 77 906 78 942 79 905 74 716 72 745 73 767 71 943 80 723 81 860 82 822 83 898 84 891 85 861 86 984 70 1067 69 942 67 718 68 284
220 5.5542349441660113 2.631057188402337 28.76934490730816 0 0 0 0.62185767926101332 76 680 77 902 78 935 79 901 74 579 72 355 80 718 81 855 82 816 83 943 84 930 85 944
219 2.3588796720057323 2.4869575412962668 25.784772647098389 11 11 11 1.4476107750833433 76 679 77 903 78 936 79 997 74 864 72 912 73 950 71 1213 80 721 81 911 82 873 83 946 84 960 85 945 86 1053 87 1041 88 1004
2576 33.007522933826266 -30.953238256662779 38.264425893412081 2 2 2 1.0666825268573352 87 662 88 859 92 639 90 742
218 -2.763287577757032 2.3039603940899118 26.011143727398071 130 130 130 0.98782008443257141 76 678 74 706 71 1067 80 777 84 937 88 1010 70 1233 69 1054 68 915
2575 26.528908184748882 -39.677732460443877 50.845298642275871 117 117 117 1.8294503120421826 88 498 92 638 87 510 90 423 86 203
2435 1.4010531097502856 -18.262663140643475 26.1119853814855 117 117 117 0.6009498781918361 86 1029 87 1023 88 984
217 2.3252315342630543 1.7452853003808351 24.968017894786911 0 0 0 0.6920746667058707 76 677 77 901 78 932 79 993 74 804 80 715 81 853 84 931
2574 26.617296792647366 -39.990846576379091 51.230772714806285 117 117 117 1.7709572187597129 87 509 92 637 88 497 90 422 90 615 92 495 86 202
216 2.3252315342630543 1.7452853003808351 24.968017894786911 0 0 0 0.6920746667058707 76 676 77 900 78 931 79 992 74 803 80 714 81 854 84 932
2434 5.5612756628393987 -21.049049178846964 26.945852666094634 0 0 0 1.5030801055139957 85 980 87 1049 88 982
215 22.943563598041735 0.19587261303021172 34.641970155090156 88 88 88 1.2033216927512396 76 675 77 895 78 821 79 883 74 865 80 593 81 694 82 699 83 799 84 779 85 720 86 738 87 715 92 805 90 770 88 805
214 -3.8975582679603598 1.3601868675441644 24.630603895732236 0 0 0 1.1410204101507431 76 674 77 897 78 929 79 994 74 795 72 834 73 861 71 1061 80 776 81 912 82 876 83 949 83 983 84 965 85 977 86 1059 70 1147 67 953 68 909
213 1.6815250227045848 0.73337464582230194 23.866172762626547 59 59 59 1.0208874613087222 76 673 77 896 78 926 79 989 74 798 72 837 73 864 71 1152 80 713 81 849 82 868 83 940 84 929 85 909 86 1017 87 1039 70 1234 67 1041 69 1132 68 996
212 -0.57754173646273599 0.23713597930430091 25.00815946814825 112 117 135 0.28181754159513078 76 672 77 891 78 922 79 985 80 773
211 -0.60262517689473083 0.14005947184779982 25.725956899208615 112 117 135 1.2540561711784877 76 671 77 892 78 923 79 986 80 774 81 908 83 982 84 987 85 971
210 0.11707835570934742 -0.088724919238816896 25.011467225642722 59 62 72 0.3489515239374763 76 670 77 890 78 920 79 983 74 793 80 712 81 847 82 867 83 939 84 959 85 943
2428 2.04809574877227 -19.384106289078993 26.738628281321486 2 2 2 0.53122167626017336 87 909 88 958
209 -0.50376120608106112 -0.69805006486050625 25.390672502505485 112 117 135 0.82331194532310159 76 668 77 888 78 913 80 767 81 904 85 968
2427 -0.99037637784649302 0.94222251974184834 28.332418409704314 0 0 0 2.1817627412371352 86 920 87 954 88 942
208 -0.51596607594421451 -0.62484999685893206 25.515499524753906 112 117 135 0.92486278010634282 76 667 77 887 78 912 79 1043 74 858 80 766 81 903 82 910 83 977 84 986 85 969
207 -4.0086085351072027 -0.75700353658290798 24.802378404623504 130 130 130 0.78844066784607891 76 666 77 886 78 1000 79 1042 74 788 72 822 73 845 71 1051 80 768 81 905 82 913 83 981 84 990 85 973 70 1143 69 1039 67 946 68 903
206 15.609672413064249 -3.8885586015969746 28.800937223496817 59 62 72 1.0292851267510919 76 665 78 896 79 971 81 689 84 857 85 827
205 12.989820081240421 -3.7281550261135648 28.018598146202873 41 41 41 0.57730471527402216 76 664 78 805 79 874
204 8.1767820409079377 -3.3421350837870443 26.000551373543029 231 231 231 0.52994370856788398 76 662 77 871 78 897 79 972 80 702 81 834 82 803 83 879 84 865
203 -2.161105693025823 -4.5522457900209172 28.492606340694227 29 30 30 0.89620521132080866 76 660 77 866 78 893 79 970 74 671 72 681 73 529 80 765 81 902 82 865 83 975 84 955 85 966 71 698 86 1090 70 824 70 825 69 745 67 666
2560 6.9403727366049743 -15.271126740556515 46.243917548367058 83 87 101 1.4314920611749093 88 258 92 506 90 438
202 32.670083031792387 -7.5672499974307446 33.974589891061477 231 231 231 1.1868424996439784 76 659 77 861 74 785 72 820
200 -25.466476275699527 -1.9239642906941523 19.026505886492966 0 0 0 0.56638669201357872 76 657 77 942
2418 -4.9562888962694807 1.9138965470545166 25.615295257576271 59 62 72 1.6307141810746337 83 840 85 869 88 911
199 3.0301159965553768 -6.4583095320138142 27.293486447923751 89 94 108 0.71588944468833482 76 653 77 857 78 889 79 966 74 775 80 696 81 827 82 796 83 872 84 921
60 2.2559688703730032 1.1102130502850192 24.754907789589581 130 130 130 1.079582329888688 76 264 78 488 79 590 73 559 80 290 81 327 83 595 84 625 85 741 86 792 87 865
2417 22.733853794454632 15.699410670318878 22.926796195596527 109 114 131 0.70154163940603387 87 973 88 910
198 2.6151852197588306 -7.1144243738295856 26.870842252167158 87 92 106 1.4031795624222951 76 652 77 856 78 888 79 965 74 772 80 694 81 824 82 860 83 933 84 920 92 1012 72 807
59 -0.6912316957761272 1.2895856001476795 26.072727739325586 0 0 0 1.0981918944710087 76 263 77 137 78 497 79 598 74 365 72 335 73 558 80 471 81 532 82 561 83 820 84 802 85 857
2416 2.4028095918749317 0.69947132737687412 22.740338577019592 0 0 0 0.2216935545839841 73 734 70 1157 69 1057
196 11.357081775129341 -8.0010281087200443 25.566888671252144 231 231 231 1.3157724408914366 76 650 77 743 78 786 79 859 74 842 72 892 80 582 82 673 83 764 84 738 87 681 88 783 92 779 90 749
195 23.549729068612891 -9.9719980751753212 30.217381352363631 59 62 72 1.2815433201232782 76 649 74 912 83 762 84 320 82 300
3522 -16.096193680015347 8.5171569244417373 4.8903239739308324 57 57 57 0.46219525038154208 69 1364 67 1259 68 1185
194 4.7521362306650508 -8.4275717854258616 27.05913258992123 231 231 231 0.88894476934460953 76 648 77 740 79 964 80 693 81 821 82 795 83 930 84 918 85 896
2551 -5.2185733674510111 -43.91979091831454 48.817485856722662 134 134 134 1.3581876952798098 86 181 92 473
193 4.6605590055177197 -8.4413536197122667 27.318872945005364 231 231 231 1.1156651857118438 76 647 77 739 79 963 74 757 80 692
1163 -16.249286247991744 3.0978394845883277 -3.3053540071087077 2 5 5 0.14971569673332269 73 538 71 56
3520 6.3877808099672428 -12.481038232523128 13.320615905615723 2 6 17 1.3979681872826564 71 1346 67 1250
192 -1.6235671573031838 -21.001888814558949 24.75804791742765 133 133 133 0.2749959817483677 76 642 77 843 78 880 79 953
191 25.964050810372033 -26.626892613758717 30.46358993888682 2 2 2 0.45596222058884167 76 641 77 719 78 767 80 560
190 9.9283698856254077 -23.362939236125744 26.718934418923372 68 67 67 1.2499119343458169 76 640 74 834 72 880
189 -5.8225563881170634 -22.031867403109626 22.626934621887617 117 117 117 1.089435917758125 76 639 77 837 78 874 79 948
3516 13.364220921358251 1.8815114363376051 24.63042540365824 110 116 133 0.30032682194846105 69 1366 70 1472 67 1244 68 1188
187 -9.1965726431301249 -24.163638643757032 22.062156531273381 117 117 117 1.5134088397361294 76 637 77 834 78 963 77 922 78 583 79 828
3514 -16.85204911453512 12.296531617113287 -2.0147349339483034 124 124 124 0.088314067074601363 69 1338 70 1458 67 1228
48 -2.2839413346497119 0.34931503315024476 24.543919047570363 130 130 130 0.78463792725251347 76 241 77 356 78 482 79 578 74 347 72 159 73 115 71 460 83 818 69 568 68 489
2405 2.8911874584176713 -17.377558447429987 24.02298438236954 117 117 117 1.5953772005699509 86 853 87 908 88 854 85 801
186 38.381880355829395 15.256845120203948 34.076246364077832 0 0 0 1.4030508600791733 76 623 77 683 78 725 79 639 74 824 80 318 81 364 82 383 83 408 86 284 90 536
2543 30.491713363904413 18.243246556560305 9.43574540776277 8 8 8 0.018089857296071085 88 424 92 439
46 26.526077939611607 -1.6565939211004614 39.826521000422687 130 130 130 1.0617644427743069 77 348 74 564 72 559 73 761 80 74 81 62 82 55 83 67 79 182 86 239 87 325 92 345 90 496 88 331
2403 4.6198107672540596 -20.549594154653239 26.325762416540719 2 2 2 0.78738250324544834 86 958 87 905 88 851
185 37.762548045062331 15.033070915448683 33.516816913097571 0 0 0 1.436194695460838 76 622 77 682 78 724 74 823 80 317 81 363 82 382 86 283 83 407 88 369 90 535
2542 30.425494270141435 18.108170255406552 9.5396276026346278 8 8 8 0.01552127858220166 88 422 92 436
184 35.816354095247156 13.909944725469717 33.507442515391737 0 0 0 1.3890517381371206 76 620 77 679 78 722 79 629 74 820 80 312 79 783 81 358 82 380 85 337
2541 30.425494270141435 18.108170255406552 9.5396276026346278 8 8 8 0.01552127858220166 88 421 92 435
183 27.961962898037424 14.218775676251195 32.502723293095343 59 62 72 1.0786799078169611 76 619 74 817 72 936
2540 30.363855408375507 17.998366364461848 9.6301671596998819 8 8 8 0.014930484551562182 88 420 92 434
3509 -13.074782626195198 -0.8359924840145867 8.2708889867825093 57 57 57 0.70223663349071808 70 1389 67 1191 68 1125
182 33.641448163593168 12.485395111285714 31.142211333029461 130 130 130 1.2368718598980475 77 676 80 501 81 117 82 374 84 398 85 330 86 280 87 566 88 592 92 563 76 618
2539 29.900946560489061 17.064565960142108 10.350997176133786 8 8 8 0.0014777266558640705 88 407 92 420
42 -5.1490655981464846 -0.0798225309699752 24.541603024309417 124 124 124 1.4121684994112653 76 232 77 351 72 149 81 330 82 557 83 612 84 892 85 759 86 925 87 877 69 556
2399 -0.054675745517102581 3.2496663524110465 27.423468632615528 59 62 72 0.10638064337849834 86 829 88 829
181 33.680793261434978 12.467164313586148 31.240546219233959 130 130 130 1.079469884779894 77 675 78 718 79 779 78 844 80 500 81 116 82 373 83 398 84 397 85 329 86 279 87 565 88 591 92 562
2538 29.52917600667632 16.308979562190277 10.930553287982454 8 8 8 0.014855464888653658 88 404 92 416
1150 23.92148030545135 1.2096179900718251 31.755541724438302 173 173 173 1.3802552921089524 72 991 73 1057 76 596 77 781 78 478 79 573 74 868 80 280
3507 -16.350903499380944 -0.9754217883899986 0.51461921144265821 57 57 57 0.24015086110750961 69 1273 67 1186 68 1120
180 59.108142686637599 14.028481049625404 42.960517350887194 8 8 8 1.2229645915809448 76 616 74 879
2537 29.52917600667632 16.308979562190277 10.930553287982454 8 8 8 0.014855464888653658 88 403 92 415
179 15.704530903960627 8.6516632509295253 29.494256293658768 0 0 0 1.9926204671238474 76 611 77 908 78 716 79 906 74 870 80 499 81 734 83 425 72 850 84 809 85 580 86 298 87 577 88 603
2536 28.72908192865162 14.696579029703745 12.1674992574595 8 8 8 0.04105346725072493 88 389 92 395
178 32.968071707493095 6.9514343445016156 32.748839530151592 113 119 136 0.91488341508025506 76 609 77 664 81 338 78 707 79 620 80 484 82 341 83 585 84 379
2535 28.72908192865162 14.696579029703745 12.1674992574595 8 8 8 0.04105346725072493 88 388 92 394
2534 30.014170484740987 13.043395581045292 34.379654749396565 0 0 0 1.6017724781315703 88 373 92 383 87 390
2533 26.16772030936724 0.24236854916210132 38.346490418275252 130 130 130 0.42595051769717124 88 345 92 356
174 -0.74280629573618528 2.8091640117475913 25.654102767940643 0 0 0 0.89003454450733011 76 599 78 829 79 904 74 709 72 738 73 754 71 1068 80 607 81 726 82 824 83 905 84 893 85 916 86 988 70 1163 69 1061 67 964 68 920
2531 26.801528754621931 -1.5444176159123892 39.387071976293207 0 0 0 0.82359471202443402 79 184 80 76 81 64 85 65 87 327 88 333 92 347 82 57 86 241 90 256
173 23.845604410616524 1.1047504110100563 31.809255591762721 231 231 231 0.3065879042470977 76 597 77 782 80 281 79 574 82 73 82 334 83 358
170 -2.9239620059669842 1.5881553263829311 25.325147178287452 0 0 0 0.42831611994038027 76 592 77 899 78 930 79 995 74 702 72 726 73 726 71 1064 80 720 81 858 82 875 83 948 84 964 85 948 86 1057 87 1044 88 1008 70 1148 69 1050 67 956 68 910
169 21.957569429268997 0.14313688299456101 35.214061308646521 0 0 0 1.1659817157000587 77 777 78 664 74 807 72 914 73 959 80 458 81 513 82 535 83 583 84 599 85 509 86 503 87 717 92 698 90 771 88 704
1139 -6.8803373034750628 -17.969181016473112 12.662967242971956 231 231 231 1.4857416599496998 72 1056 73 1097 71 1276 70 1426 69 1261 67 1212 74 1035
3496 -6.7714687727502465 -17.859765405778266 12.99506698604924 231 231 231 0.8114158155605764 69 1160 70 1331 67 1135 68 1112
30 14.433597349476306 -21.559493922809192 29.040246655653711 117 117 117 1.0336442015839413 76 175 78 389 79 446 74 287 80 28 81 288 82 28 83 317 84 303 86 460
2387 8.6725215790163688 -43.144874581971315 64.504281980426484 231 231 231 1.8371821930925591 87 663 88 772 92 863 90 812 86 858
168 19.638115232659818 0.033250429646575499 33.053999168555485 1 1 1 1.2812487669686277 76 588 77 624 78 663 79 737 74 806 72 913 73 1004 80 279 81 320 82 333 84 361 85 292 86 504 92 699 88 550
167 23.497093662101314 -0.95070250868439532 34.985555990044965 0 0 0 1.2840907843518929 76 586 77 774 78 814 79 736 74 805 80 457 81 512 82 533 83 582 84 597 85 507 86 501 87 540 92 693 90 656 88 699
2384 -3.2613748605848505 5.648633038029252 21.765486795444357 123 123 123 1.6931830446232321 86 389 88 763
166 23.601437872512985 -1.7671547138939876 34.770554098299932 0 0 0 1.3647093663867411 77 616 78 658 74 800 72 842 73 956 80 270 81 315 82 317 79 735 83 346 84 358 85 285 86 238 87 534 92 547 90 649
2523 5.3900554282885507 -4.9763826047209285 19.849470234950193 231 231 231 0.64405360913219434 85 264 92 279 90 205
165 19.847247825425956 -1.9611600243351759 33.016306064312978 0 0 0 1.2093848451850848 76 582 77 612 78 655 79 734 74 797 80 269 81 506 82 318 83 347 84 359 85 504 86 732 87 323 88 543 92 691
26 -15.141694896223315 8.0208762441348007 21.612462855605024 29 30 30 1.012840466095728 76 118 77 670 78 731 79 923 80 739 81 926 82 946 83 1033
2383 1.273300400788169 -0.15779887046084376 2.8602654895889819 0 0 0 0.1982811061526302 83 115 84 160
164 10.918150066336667 -3.1569589124651758 27.009221155062896 231 231 231 1.1413665186752797 76 575 77 603 83 790 84 769
3491 -17.127219937690612 10.144867376937823 -3.5007278908972768 106 112 118 0.11973984403349608 69 1214 70 1362 67 1126 68 1005
2382 1.8489492446634574 1.2696621506020564 22.11471039663834 0 0 0 0.37143764369024596 77 378 67 535 68 521
163 14.749358715234008 -4.1833781313352096 30.824201462520723 41 41 41 1.8344917577682325 76 574 77 872 80 701 81 831 82 688 83 875 85 696
3490 -15.945891033811307 8.7702985293805149 -1.5458287184224297 124 124 124 0.55937008303070723 70 1361 71 1312 67 1123 73 1123
2381 31.546860156054727 13.389593296588156 31.054579835785336 0 0 0 0.70218398513720448 83 640 84 403 86 292 88 719
162 14.1388427761771 -3.7675246996232836 28.994115893415874 41 41 41 0.48540345463500845 76 573 78 652 79 552 81 314
3489 -16.186640102133982 8.8809930052991231 -1.4938056023164061 124 124 124 0.19834124272226669 70 1360 67 1122 68 1060
3488 -18.02171279426663 8.4982274192052607 -6.7812785632944586 124 124 124 0.1480783605495867 69 1247 70 1358 67 1121 68 1059
161 34.521288477869852 -5.7240147581171277 33.610218241867898 231 231 231 1.0746385033484271 76 572 77 340 78 449 79 545 74 791 72 911 80 68 82 43 86 39
2518 10.057043545468245 -46.844043492341768 69.852184329442991 231 231 231 1.272258231316211 87 267 88 219 92 245
160 34.521288477869909 -5.7240147581171357 33.610218241867948 231 231 231 1.0746385033484356 76 571 77 341 78 450 79 546 74 792 72 910 80 67 82 42 86 38
3487 2.2315955481085115 2.0479602406240835 23.61742176345977 0 0 0 0.14268444833134114 69 1212 70 1357 67 1120 68 1058
159 11.525758488658088 -3.7631506273870707 27.829194566825851 25 25 25 0.70675105519372472 76 570 77 601 78 647 80 452 81 693 83 575 84 764
1267 -16.514782865727561 10.70267800321041 2.515443207266884 2 2 2 0.62405857915555174 73 890 71 1083 69 628
3624 -12.003348387462655 -7.12101287037604 11.835526717373382 0 0 0 0.15094560567034154 67 51 68 371
157 12.266220930170112 -3.89333049953522 28.041474964884511 231 231 231 0.72443111568057894 76 568 77 761 78 800 79 726 80 449 83 571 84 591
1266 -12.427797483292299 6.7368016564819619 14.341831369218413 29 30 30 0.14045492937314616 73 869 71 1070 70 1162 69 924 67 851 68 820
3623 3.1429334658596679 -25.116255333526567 34.959537305985315 2 2 2 0.36549332666949275 67 381 71 345 67 382 69 417 70 41 68 367 72 272
154 8.2313069051795704 -3.7741222734544229 25.864716829617926 231 231 231 0.50630120287390146 76 564 81 500 82 525
1124 16.272814247910372 -1.3615750731419005 27.100071499526464 0 0 0 1.05423104576132 73 951 71 1261 70 1412 69 1304 67 1161 68 1098 72 839
3481 -17.766885881976343 5.099938713374141 -6.3539982302915545 17 34 63 0.140755729033404 69 1240 70 1351 67 1104 68 1042
1123 28.81727747372307 -4.8269541951117052 56.234087722061545 231 231 231 0.70067155431141559 72 907 73 949 71 1212 74 855 70 1316 69 1141 67 971 68 693
3480 -17.700582540363836 5.13317979079737 -6.51574599066997 37 48 71 0.063146016163422608 70 1350 67 1103
1262 -14.481201105262063 -4.9422616561634634 5.5726106522127505 231 231 231 0.7279244714494425 73 924 71 1023 70 1118 69 997 67 790 68 764
3619 -18.263904061405206 13.707087774832196 -5.3760215923898791 90 95 99 0.18350271427011156 67 345 69 669 70 738 68 338
153 7.9253006510746697 -3.67300424180777 24.760816443267142 231 231 231 0.43545729064651884 76 563 83 783 84 762
2510 -15.621857040995325 -68.859401501036984 75.493228680698181 129 129 129 0.97467809916020542 88 199 90 169 84 271 85 220 86 177 87 223
1261 -17.392117863795722 -1.6583966245693413 -1.2748340688874324 231 231 231 0.43561889752930566 73 976 71 1022 70 968 69 865 67 788 68 763
3618 -18.263904061405206 13.707087774832196 -5.3760215923898791 90 95 99 0.18350271427011156 67 344 69 668 70 737 68 337
1121 13.531222131223521 -7.949974337752268 28.991476940256074 59 62 72 0.99915613463049868 72 809 76 543 73 936 71 1197
3478 -19.398090904592451 0.79905796533253426 -9.2344714439195172 157 157 157 1.3953497296047781 70 1374 67 1083 68 1023 69 1266
1260 -2.616714728965416 -18.561197835100224 20.309747615768686 133 133 133 0.29019907942540496 74 752 71 1016 70 1116 69 993
3617 -15.187728301512703 16.405375418600112 8.5754371737840316 142 142 142 1.0611132999072623 71 832 68 331
151 13.736121247047615 -4.9079966560543165 26.904549148996505 68 67 67 1.9747197595368591 76 554 77 752 74 685 72 696 73 711
2508 28.428103002082004 14.101088556963981 12.626662682127156 8 8 8 0.049447779578419233 88 185 92 194
150 15.720246075756657 -6.3158740639741042 35.065592939294945 68 67 67 0.35566561996199786 76 552 74 680 73 702
2507 28.428103002082004 14.101088556963981 12.626662682127156 8 8 8 0.049447779578419233 88 184 92 193
1258 -14.788436297292941 16.131966764331835 8.5732776768428476 0 0 0 0.42531029661597275 73 603 71 995 70 925 68 734
3615 -18.33433015527228 12.182295995557444 -5.9172852476739317 123 123 123 0.084863470585606934 69 375 70 730 68 327
149 13.31704710395937 -5.8032553374892455 31.598874958687531 68 67 67 0.46241609607238998 76 551 74 678 72 690
2506 28.354958239690703 13.969902070968505 12.733000199784367 8 8 8 0.050122373669959745 88 183 92 192
3475 -17.299888169475818 12.533637110387199 -3.0753814554888392 102 106 113 0.091301116706629881 69 1223 70 1327 67 1067 68 1016
1257 -14.863180892641269 15.031784032067462 8.5936494769677392 143 143 143 0.23405684685618722 73 906 71 986 70 1087 69 963 67 742 68 730
3614 -17.166205929597847 12.431570497921006 -2.8606935560694988 123 123 123 0.27668529317460183 69 662 70 927 68 323 71 1001
2505 28.354958239690703 13.969902070968505 12.733000199784367 8 8 8 0.050122373669959745 88 182 92 191
3474 -14.941348812845469 13.985579181312559 7.6648900311497892 142 142 142 0.772426706789622 69 1150 70 1321 67 1059 68 941 71 1225 73 1011 72 1044
1256 -14.541928021100988 14.753012949118387 9.5666317262573237 142 142 142 0.1186227108372903 73 898 71 984 70 1083 69 959 67 737 68 726
3613 -18.292586944129347 11.410257587315831 -6.1480930162604421 122 122 122 0.074762675052796837 67 329 69 660 70 720 68 318
147 15.996271278417147 -5.9458373583533177 29.205476912120044 115 112 112 1.1421241684468917 76 549 77 590 78 792 79 868 72 691 73 705 80 445 81 687 82 519 83 562 83 775 84 755
2504 28.112662118714347 13.462565015889554 13.112017407582524 8 8 8 0.059503900230438445 88 176 92 185
3473 -18.217411384376923 11.098800809599775 -6.1243180076979931 100 103 104 0.28527746443927954 69 1220 70 1322 67 1058
146 15.824073032281539 -6.0642815036960531 28.957163046170646 115 112 112 1.2093648229071157 76 548 77 589 78 791 79 867 80 444 81 686 82 518 83 561 83 774 84 754 85 685 86 877 87 924
2503 1.2733038268705101 -0.15779658432357044 2.8602636269683077 0 0 0 0.17886637832781194 83 497 84 242
3472 -17.413838257555792 7.7290095271388752 -4.8561752798134323 124 124 124 0.43103690284759677 71 1310 67 1049
6 14.845675115082001 -24.010131307801188 26.905129428413503 2 6 17 1.5785649119798595 79 421 73 802 81 276 82 265 80 402 85 236 85 473 86 451 86 652 87 648 88 656 72 442 74 67 76 20 78 357 84 292 84 533
2363 8.8682732952785948 -19.90598913831543 23.560088408376473 68 67 67 1.5029220372548902 81 273 88 653 84 289 83 307
1254 11.920878863682013 2.3285288079354269 19.131122940400445 110 116 133 0.7373018807563394 73 579 71 974 70 1199 67 886 68 853
3611 -18.234445430117972 11.369826301763942 -5.7792036365519523 122 122 122 0.044182428148134854 69 656 68 313
145 9.0095171991067851 -7.3901530756447515 25.75323608085781 231 231 231 1.1695147474766188 76 541 80 434 84 745 85 678 86 693 87 689 92 659 90 752
2502 27.709456112063936 12.666983858403132 13.722656954974763 8 8 8 0.070101699177683274 88 170 92 179
3471 -17.238490477513267 7.6199795465758617 -4.5276264598855933 124 124 124 0.69683622563463854 69 1136 70 1314 67 1048 68 919
5 15.556861616636192 -25.085487848414481 27.849110211578655 2 6 17 2.0765872712197244 78 356 79 420 74 747 81 275 82 264 79 835 83 727 84 839 80 547 87 647 88 655 85 472 84 532
2362 -3.9889521280249935 -44.454762691140601 51.770747935942701 134 134 134 1.1780940435331426 84 528 88 651
1253 -15.950864533899813 8.9782258496164715 -1.1357404996877845 34 64 55 0.26457565706013825 73 900 71 971 70 898 69 622 67 548 68 538
3610 -17.122875769589442 10.944985587537035 -3.5406029971922455 92 93 96 0.11597021657077279 69 345 68 307 70 320
144 9.0095171991067851 -7.3901530756447515 25.75323608085781 231 231 231 1.1695147474766188 76 540 80 435 84 746 85 679 86 694 87 690 92 660 90 753
2501 27.615583365664126 12.490509197856467 13.861254204842941 8 8 8 0.071701500046772837 88 169 92 178
1251 -16.490442825622136 9.8998130058229865 5.9208386418251147 9 11 14 0.54613985443498225 72 851 73 879 71 963 70 1063 68 694
3608 -17.138095467214431 10.137581627198124 -3.5279015230797617 105 111 117 0.087921840901513379 69 639 68 301 70 696
139 -22.640686624209845 -11.832236407262117 19.301771713256365 0 0 0 1.7656688467750419 76 526 78 974 79 1080
1247 -6.4429343305340341 9.2718604676702778 29.38438385542992 211 211 211 0.43021124850163794 72 846 73 872 71 944 70 1064 69 1075 67 869 68 838
3604 -16.351940943717334 9.2962857866768349 -1.5786849686154689 70 76 85 0.01315248320692463 70 681 68 287
277 -23.532562006626708 14.304978804898081 19.581340443383031 29 29 29 0.52707149069536863 76 770 77 1012 78 1071 79 1141
137 6.3719149649960327 -20.148142232669734 25.442845762859601 2 2 2 1.5301111948294261 76 519 74 631 72 626 73 812 71 1017 70 1213 69 1106 67 1012 69 857 68 964 67 1077
2494 20.796210331766442 -20.319814718722046 33.702471697454257 2 2 2 0.9299543760787724 88 233 92 27
1245 -3.2626278233831982 1.0729265797438594 25.026142420355519 130 130 130 0.24866929717174521 78 823 79 896 71 924 82 821 83 896 68 808
3602 5.8103405827040424 1.6873442717323186 26.611273042914171 59 62 72 0.052100058720517213 70 229 68 273
2493 17.525259592153333 -15.311234681149722 24.493139006043251 231 231 231 0.94627443799747801 92 26 87 512 90 426
275 33.554395624777172 15.230350255386272 32.896454094903689 0 0 0 1.0141429916413511 76 768 77 963 78 952 79 914 80 621 81 748 82 739 83 649 84 644 86 805 87 742 85 572 88 721 92 823 90 842
1243 11.780095859930984 -7.9983948205246245 39.031491746622372 112 110 110 0.61198491728408833 74 668 71 912 70 1027 69 1036 67 942 68 901
3600 -7.3637195209285107 4.0059757422111701 24.496788396525318 108 114 131 0.3306653207402166 74 383 68 258
1242 -16.225747689936739 3.5054011448187112 -3.3087575741774509 83 86 92 0.13423867847555929 73 938 71 911 70 1004 69 895 67 652 68 632
3599 -17.35037564347725 7.1395166124147087 -5.0575381294657884 76 79 85 0.11527331228466979 67 251 69 251 68 250 70 212 71 781
2629 2.733218634187593 1.0746597708704959 25.099988717053755 0 0 0 0.93043706965071493 87 948 88 896
272 37.590261713464983 14.737816439188872 34.20854281827534 0 0 0 0.88819831584838593 76 764 77 960 78 950 74 991 80 613 81 554 83 625 84 631 85 744 86 548 87 568 88 717 92 819 90 786
1241 -12.525867919259134 -0.44635335008538668 10.040370447459974 0 0 0 0.37671969778197756 72 678 71 905 70 999 69 890
132 -4.1801978770629136 -25.617165040808349 23.184039663750902 146 146 146 0.98667207985246697 76 505 77 705 78 758 79 830 80 673
1240 -13.057537705368906 -2.5629813426914225 8.5257219471432677 141 141 141 0.14832217114602186 73 663 71 893
3597 -18.665230526107454 7.4739389916794847 -8.4054506892580267 76 82 95 0.091204326002909619 67 245 69 602 68 243
2627 9.1133538640033294 -6.3311624125904693 33.583114309018569 231 231 231 1.6225593770237001 88 928 92 934 90 886
270 39.991565438518421 14.721332049775404 35.409478759949479 130 130 130 1.3459261937900819 76 762 77 957 74 988 83 615 85 557 86 546
1239 -13.057537705368906 -2.5629813426914225 8.5257219471432677 141 141 141 0.14832217114602186 73 662 71 892
3596 -18.259915079663294 7.0737880586875814 -7.3879037436195016 73 80 93 0.15414783322802142 69 237 70 644 68 227
2626 10.359774802384734 -5.674427627302868 31.107853460715145 231 231 231 1.3651003380099203 88 872 92 933 90 885
269 -21.704223357900943 12.904640473980711 19.953955021796123 29 30 30 0.31862822885850384 76 761 77 967 78 1070 79 1112
3595 -18.259915079663294 7.0737880586875814 -7.3879037436195016 73 80 93 0.15414783322802142 69 236 70 643 68 226
2625 12.637661804391515 -5.0393291809778962 29.135864509013388 231 231 231 0.90313525590116217 88 871 92 932 90 884
268 -22.407420855207686 12.463047430335672 20.156781961173674 9 11 14 0.50430616757850433 76 760 77 1010 78 1069 79 1140
129 -3.3133679142654562 -28.009429912260693 23.615302014482442 133 133 133 0.35705145998086046 76 497 78 754 79 825
3594 -18.574613739677062 7.1941330918320796 -8.2495995869125647 61 68 80 0.15902264614239978 67 525 69 241 70 648 68 224
267 -18.745992765616524 9.861386099199752 20.81273300791193 9 11 14 0.52634396518893767 76 759 77 961 78 1067 79 1110 80 871
128 -3.3133679142654562 -28.009429912260693 23.615302014482442 133 133 133 0.35705145998086046 76 496 78 753 79 824
1167 -15.921230368307828 7.3095189689444604 -1.8684090337666308 124 124 124 0.019728572084271666 73 422 71 169
3524 2.1137725811021904 8.0286702048468896 24.857344662067455 0 0 0 1.6148826179299036 71 1370 73 1148 72 1109 74 1048 67 1261 68 1203
3519 -17.931548984983021 13.471144450118503 -4.3540289066131681 124 124 124 0.25182674121104265 69 1353 70 1473 67 1247 68 1169
1162 -17.071494684085241 -2.3475728479870379 -1.0635585958682747 57 57 57 0.17055233932969888 73 282 71 39
53 2.0767905193439895 0.5793659572087213 23.105820146625366 0 0 0 0.82851260726046849 76 251 78 480 74 354 72 328 73 369 83 392 84 622 70 868
52 25.596477077376409 -0.58052535303628761 38.694580113187577 130 130 130 0.82600898900564612 77 355 78 466 74 572 72 742 73 766 80 81 85 70 87 133 83 74 80 80 81 67 82 62 86 73 79 190 92 351 90 500 88 341
1160 -0.4125801567981956 -16.022775234275933 9.8559282112025901 77 77 77 0.20453643081658349 73 24 71 9 70 9
51 24.982167319268743 -0.67120942173930342 38.808337196941601 0 0 0 0.73635436917714114 77 353 78 172 79 188 74 568 72 562 80 79 81 65 82 60 83 73 85 68 86 71 85 67 87 329 92 352 88 123 90 262 90 261
49 1.2022983297566108 0.50865101087418452 23.855252786344415 0 0 0 0.75858275735625524 76 244 74 352 72 326 73 365 71 478 82 547 83 592 84 623 86 791
2406 3.1970479209840525 -17.259793263543898 24.601658093345737 117 117 117 0.93277082512898424 87 912 88 855
2404 6.3536642702230015 -21.558699133272842 27.526410454698514 2 2 2 0.92312391890237555 86 656 87 907 88 853
47 25.518561478803171 -1.6343286857762294 38.379972951607016 130 130 130 1.2661299493455027 77 349 79 183 74 565 72 560 73 762 80 75 81 63 82 56 83 68 87 326 86 240 92 346 88 332 90 497 71 948
1154 3.2250196810299125 3.4536163107153883 25.632969573004072 59 62 72 1.4526192072621538 74 582 72 567 73 763 76 604 77 794 71 1072 80 609 81 723 87 765 88 734 70 1173 69 938 67 976 86 822
2402 -6.5924444229766719 0.7268232126669022 24.248890005440725 123 124 123 0.56434834502997921 87 799 88 838
45 -3.7324866992316599 0.17593788221124018 24.258366644285925 130 130 130 0.64351373831793679 76 236 77 123 79 577 74 167 72 152 80 284 81 334 82 356 83 611 85 756 86 819 87 874 88 903 70 590 67 505
3510 13.719248941899821 -7.6919881120620941 48.785631464010073 231 231 231 0.74028759526776944 69 1296 70 1402 71 1249 72 974 73 1045 67 1198 68 1093
1153 29.285488268258511 -7.2086040185825784 31.601924416280291 154 154 154 1.4556060124980483 76 658 78 890 73 942 81 826 80 695 74 784
2401 -6.5924444229766719 0.7268232126669022 24.248890005440725 123 124 123 0.56434834502997921 87 798 88 837
44 -3.7731327212343837 0.18303610235072509 24.381439782820017 130 130 130 0.72215762483315893 76 235 79 576 77 122 74 166 72 151 71 104 80 283 81 333 82 355 83 610 85 755 86 818 87 873 88 902 70 589 69 564 67 504 68 203
2400 -6.3578895594134384 0.49224744860181235 24.776384978457745 124 124 124 0.93432931430590216 86 589 88 836
43 -3.6499737826914087 -0.14145172396041977 25.090240977897935 0 0 0 0.56843819561343789 76 233 73 338 71 436 80 462 83 815 70 586 69 559 67 502
3506 -14.846713100772151 -3.9816506519195682 4.9722786202414504 0 0 0 0.17937556960135903 69 1272 67 1185 68 1119
1149 -2.9498725524529115 1.0098776370378664 24.909297389309128 130 130 130 0.43959197379870696 76 80 73 125 77 363 78 492 79 596 74 350 71 469 80 304 81 346 82 567 83 628 84 654 85 763 86 826 87 879 88 831 70 617 69 576 67 515 68 491
2397 14.690761821564202 3.4182330267115129 23.083165059780256 115 121 139 1.2410574525097213 87 731 88 814
40 28.670667860524158 -6.2519727567588887 33.391991685827172 59 62 72 1.165579669821754 76 222 77 103 79 162 80 65 83 48 86 40
38 22.528696967215975 -6.4568604749551062 30.396842523498719 160 160 160 0.56964777551318801 76 217 77 333 78 443 79 534 78 444 82 38 83 333 84 332
1147 -13.187558908710649 -4.3386924771922715 6.8908535215244147 57 57 57 0.2959197698966286 72 1147 73 1137 71 1329 70 1432 69 1323
3504 -17.925373409873014 10.643113521921659 -5.7054669859398066 124 124 124 0.37731602521242219 69 1254 70 1419 67 1169 68 1106
1146 -13.187558908710649 -4.3386924771922715 6.8908535215244147 57 57 57 0.2959197698966286 72 1148 73 1136 71 1328 70 1431 69 1322
3503 -15.93645744376205 8.8336416688180162 -0.57527834301906045 124 124 124 0.40480542825228055 70 1410 67 1159
1142 -13.327478686932265 5.0525812092908282 17.020697839988085 57 57 57 0.399073557246511 74 1060 73 1120 71 1339
3499 -18.053513940015694 5.4602100640146443 -7.1936743037225037 24 38 64 0.2311919487905017 69 1241 70 1399 67 1149 68 1086
3477 -18.113181360326468 13.745663232908727 -4.9691859610100613 124 124 124 0.10207116441055622 69 1156 70 1330 67 1070 68 950
1120 8.5537994724298763 -7.6351240068344604 24.28575643440784 231 231 231 1.4333084583451781 74 765 81 677 82 676 86 687 85 675 84 741 87 684 92 782 90 750
8 1.6826857697224056 -6.4797486018999448 28.000394981230095 29 29 29 1.0707088888571026 76 39 77 83 78 101 72 99 80 58 81 54 82 311 84 43 85 494 86 712
2902 -16.67276810081459 5.2294634221226115 -3.0958816905785906 94 100 111 0.27702070522032063 71 477 73 573 70 167
545 48.513523661142891 30.108697855780921 34.101081705809648 107 113 130 0.92041470083804067 78 1157 79 1160 80 893 81 984 82 941 83 1012 84 996 85 997 86 1099 87 1089
544 53.414686355129056 33.201668677649309 37.237198220422449 107 113 130 1.1991553925784975 77 1097 78 1156 79 1159 80 892 81 983 82 940 83 1011 84 995 85 996 86 1098 87 1088
2901 -16.365206452993871 3.9458920637155392 -3.393901793843495 17 22 26 0.090533146112655727 71 394 70 79 69 111
2900 -16.365206452993871 3.9458920637155392 -3.393901793843495 17 22 26 0.090533146112655727 71 393 70 78 69 110
543 -3.9928233986390049 -21.348781768041007 23.708878704035669 117 117 117 1.0389129430759807 76 888 77 1080 78 1139 80 920 81 1019
2899 -16.219594625119893 3.6038197357242572 -3.09869024612731 85 88 95 0.10319315366538012 71 384 70 69 69 103 67 76
542 2.7143385848930506 7.0104006467901856 27.05990211996674 113 119 136 0.96895391525511898 76 879 77 1077 78 1132 79 1157 80 885 81 991 82 957 83 1027 84 1023
16 -5.4891221868922466 0.55659492067386551 25.171969734090958 231 231 231 1.3065065883802256 76 69 77 125 78 190 79 589 74 170 72 155 73 104 80 95 81 341 82 362 83 637 85 772 86 933 71 103 87 890 70 175 69 206 88 909 68 202
1125 -15.812489459868695 10.096187712406207 5.7922934905428773 29 30 30 0.3621342413222895 73 964 71 1165 70 1242 69 1076 67 979 72 1000 68 925
3482 -16.653441400493044 5.2191311471902813 -3.1739695597491857 91 97 108 0.22510869670992326 69 1198 67 1106 68 1043
18 -4.2520018151815844 0.83176360100769831 25.127104277005206 0 0 0 0.49941648805787986 76 74 77 131 78 195 74 178 71 457 80 299 81 342 82 574 70 604 67 511
62 -2.2367087160363712 1.2458029577928313 21.383990856629936 130 130 130 0.26786629333262879 76 268 72 178 73 135
2419 15.336914901176456 -23.321312152410151 23.554700325592062 2 6 17 0.18320472072668284 88 915 81 652
63 18.907184156461739 0.16930123707924641 31.162256883479969 0 0 0 0.93010472917368647 76 269 77 128 78 182 79 195 74 578 80 89 81 75 83 80 85 75 86 78
67 1.4263681213260844 1.5953650142343923 23.688343080689954 0 0 0 0.84359748087260389 76 278 77 381 78 508 79 606 74 376 72 347 73 562 71 762 80 473 81 534 82 565 83 608 84 638 85 748 86 810 70 875 69 790 67 708 68 675
2425 40.264227496192312 0.39702651858350618 38.585323389074652 231 231 231 0.014596026412831968 76 810 88 930
68 -8.2548291546935797 2.4467448653843435 22.560881024587072 124 124 124 1.8700874358986499 76 281 79 769 80 498 82 751 81 558 83 912 84 898 83 666 70 600 74 358
69 2.7579929169383988 2.0896266184586052 24.929044050772262 130 130 130 1.0203950837744582 76 284 79 611 78 512 74 382 80 306
1179 -11.725321945920168 -7.4635668582218795 12.587560325207848 57 57 57 0.22788509279986632 73 294 71 354 70 425 69 423 68 372 74 641
1180 -11.72702152060905 -7.4729869217157976 12.618991699786717 57 57 57 0.35033869997454997 72 473 71 355 69 424 67 612 74 642
1191 -8.1057311752156096 2.9157262728569147 22.284419347121599 0 0 0 0.45086665667070847 77 398 79 772
1193 -16.110218087800032 7.8655477437817014 -1.7626599546680668 123 123 124 0.19420377009416553 73 585 71 529 70 233
84 23.131958347494255 -36.901494264256073 27.364986743568863 75 75 75 0.61615762480545555 76 367 77 694
1194 -8.2459618863239683 13.046957208707379 24.037049960512142 231 231 231 0.93417007388432372 79 653 71 538
95 4.7424087320264992 -7.1596780081345157 27.349599873240965 87 91 105 0.61972452967408609 76 400 77 579 78 631 80 438 81 493 82 515 83 556 84 750
2452 23.58514482237744 -36.676682367792026 49.507980937284302 2 2 2 1.7798328856204619 84 1029 85 1005 86 1107 87 1093 88 1043 92 1068
1206 -12.535877948109386 -0.95624748190783448 10.467614708412777 141 141 141 0.35680605343820015 72 673 73 515 71 688 70 796 69 715 73 681 67 640 68 400
3563 -18.390322556479894 4.9988118458581017 -8.6394722391756584 111 112 114 0.067345375644730782 70 443 68 40
97 3.2263681935747477 -5.7412989172065085 26.258164036969902 59 62 72 0.93318452467770996 76 405 77 325 78 637 74 527 80 443 81 688 83 777 84 854 67 663 69 738
2454 -17.753116801809004 -80.051245979879525 88.078250389521543 138 138 138 1.2220021875178244 86 3 87 1 88 2 85 3 84 2 92 3
1210 -16.043296605840574 3.5875561226499513 -2.6628244865313477 95 97 104 0.16347864151236499 73 716 71 715 70 816 69 459 67 432 68 428
3567 -17.144998910659336 4.5688085386016262 -5.4204602318806527 75 79 90 0.056247155366580197 70 85 68 64 71 407
101 19.183766631682271 -1.909421824324445 30.581572779093953 0 0 0 1.8780589551077895 76 416 77 613 78 656 87 535 86 498 88 541
2458 -15.517502797456064 -77.92781013515355 87.522936628412339 138 138 138 0.55442309566542025 86 7 87 6 88 6 85 7 92 9 84 6
102 19.608199379396378 -1.9450666818283722 31.368564190741576 0 0 0 1.5389166203412799 76 417 77 614 78 657 87 536 88 542
1211 -16.043296605840574 3.5875561226499513 -2.6628244865313477 95 97 104 0.16347864151236499 73 717 71 716 69 460 70 817 67 433 68 429
3568 -17.52005456792795 4.8863131363513306 -6.162277117473046 69 73 86 0.057443671693628837 67 99 69 121 68 74 70 95
103 20.766290760870522 -1.8599256187920379 32.050818432330431 0 0 0 1.0677006431380986 76 419 77 615 86 499
1212 -16.037811802170385 3.7322630380168036 -2.6620787741410488 8 11 22 0.20075440838818859 73 851 71 723 70 459 69 461 67 436 68 436
3569 -17.804210402782232 5.1098248966422553 -6.9051807108424388 14 30 59 0.10375888846407316 67 444 69 474 68 75 70 478
104 14.298835278403077 -1.3934856732849454 28.659165521731072 108 114 131 1.2738222808528916 76 420 77 347 78 463 79 566 80 277 83 348 84 598 85 288 86 245 92 348
105 23.831236399812013 -0.27584386321276355 39.015298510085557 130 130 130 1.0102226957363496 77 358 78 469 79 193 74 570 72 741 73 870 80 86 81 72 84 96 85 73 86 76 92 358 90 268 88 344
1214 -16.25330267489451 4.0211356063305477 -3.2740224146148504 7 15 31 0.24709196844392903 73 862 71 728
3571 -18.360889454149468 5.6897966286485717 -8.3157394851742819 10 24 53 0.09084541756736908 67 132 70 506 68 109
3572 -17.703976616598528 5.2697341444011965 -6.5496493605333086 70 75 87 0.056824786641406361 69 155 70 136 68 118
2463 3.065655898081264 -7.4041571704109064 35.284798081740171 231 231 231 1.2412035257173486 85 60 88 118
106 20.563072456378478 -0.17302422937367348 33.786192726172729 130 130 130 1.2952056901650983 76 426 77 359 78 470 74 571 80 85 81 71 82 69 84 95 86 75 92 357 90 267
107 2.4809832908913982 0.71463951591303909 23.283958680519721 0 0 0 0.8237359513625041 76 428 77 629 79 740 74 560 72 728 73 735 71 929 80 464 81 523 82 710 83 810 84 790 85 843 81 702 86 911 70 1158 67 961 69 1058 68 916
2464 -1.1800017390924504 -6.4631323348544321 29.64233401107677 106 111 128 0.68688007837294895 87 320 88 121
2465 -1.1800017390924504 -6.4631323348544321 29.64233401107677 106 111 128 0.68688007837294895 87 321 88 122
108 21.106357727262409 -0.21154364207229867 30.767371766750909 130 130 130 1.1158917464821767 76 429 80 82 78 468 79 568
3576 -17.829843482989862 5.4975733159740869 -6.8509538167590147 19 35 64 0.028734769431212132 69 521 68 139
1219 2.3929564883301673 2.4231190117729153 23.491061115092432 0 0 0 0.80729245260501181 78 523 71 771 85 753 84 808 70 1053 69 797 67 543
2467 -14.711202233299542 -67.327539407336957 74.39021074494805 143 143 143 1.5217085082196034 84 275 86 180 87 226 88 204 85 223 90 173
110 1.7997720080163295 1.3966401886262585 24.068274117232157 130 130 130 1.1086462563430799 76 432 77 631 79 743 74 563 72 733 73 747 71 931 80 470 81 714 82 717 84 796 85 853 86 918 87 953 70 1160 69 1060 67 963 68 918
2470 4.8900328942344089 -6.9820729888194037 28.649889843853312 106 112 128 0.38976929072840161 85 47 88 286
113 1.0768314731296247 1.948427012706647 24.436452243397618 130 130 130 0.8859937698179724 76 437 77 634 78 677 79 752 74 378 72 350 73 564 71 763 80 476 81 536 82 570 83 618 84 642 84 805 85 750 86 815 87 760 70 876 69 791 67 537 67 709 68 676
119 -10.916664888667899 5.5136089229266885 18.876795698822793 231 231 231 2.230699948397739 78 842 79 918 71 497 80 736 81 880 82 887 83 991 84 1002 70 645 69 596 67 249 68 513 72 360 73 387 74 393
2476 23.299842698506556 11.6174799443568 10.51022326043879 8 8 8 0.77296476341468612 87 179 88 194
258 18.169820178866786 -2.5776889027315506 30.346051011039567 130 130 130 0.67856514741419138 76 747 77 882 78 901 79 976 74 862 72 981 73 999 80 706 82 807 83 883 84 864 85 832 86 897 87 935 88 876
120 42.122672722823665 6.0762910923066045 36.27242739385801 231 231 231 1.2408960790160606 76 462 77 418 74 424
1231 -6.8462652086437732 -15.334961496810251 13.440916710820604 117 117 117 0.75593101046571343 73 636 71 868 67 905 70 406 68 590
3588 -16.532261571831153 5.193555173335481 -3.4610990463755926 68 74 86 0.013635955431009738 69 199 68 180
261 24.372232439358143 -2.6734008214600169 35.723869657520325 130 130 130 1.6370624133693659 76 750 77 945 78 903 79 978 74 921 80 708 81 837 82 805 83 881 84 862 85 830 86 895 87 933 88 874 92 871 90 889
1232 -6.8462652086437732 -15.334961496810251 13.440916710820604 117 117 117 0.75593101046571343 73 637 71 869 67 904 70 405 68 589
3589 -16.532261571831153 5.193555173335481 -3.4610990463755926 68 74 86 0.013635955431009738 69 200 68 181
2480 53.403054514897768 39.963851848202829 4.7314522463773399 8 8 8 1.9251761879373774 86 401 88 645
2619 36.481174577572318 7.7029002207432731 35.575184875071812 231 231 231 1.6909295637899167 88 354 92 883 90 983
262 -2.8696125759784978 0.2694503156207913 24.566002291455405 0 0 0 0.45822455790758587 76 752 77 949 78 1006 79 1047 74 859 72 903 73 943 71 1137 81 950 82 915 83 1008 84 991 85 994 86 1083 87 1086 70 1296 69 1122 67 1034 68 989
259 -2.4649411076936505 -0.53085238353838937 24.410352126714454 130 130 130 0.80496223857866978 76 748 77 946 78 1001 79 1044 74 854 72 902 73 939 71 1134 80 769 81 947 82 912 84 988 86 1081 87 1066 70 1227 69 1121 67 1033 68 986
260 24.372232439358143 -2.6734008214600169 35.723869657520325 130 130 130 1.6370624133693659 76 749 77 944 78 902 79 977 74 920 80 707 81 836 82 804 83 880 84 861 85 829 86 894 87 932 88 873 92 870 90 888
263 0.9252020477818248 -0.11707530525252739 24.133207605773002 130 130 130 0.88917400450206285 76 753 77 948 78 1004 79 1045 74 860 72 906 73 945 71 1148 80 770 81 906 82 911 83 979 84 958 85 970 86 1048 70 1303 69 1127 67 1038
264 20.810725984234722 -1.1262455013953057 33.478638076687282 130 130 130 1.5788455463463908 76 754 77 947 79 981 74 925 72 988 73 1055 80 709 81 838 82 808 83 884 84 866 85 833 86 898 87 936 92 875 88 880 88 879
265 16.072944555917555 1.1823941886211142 30.640100034267022 111 117 134 0.75028437705619844 76 756 77 951 78 927 79 984 80 711 81 696 82 704 83 887 84 874 85 835
271 38.358435424495624 14.175076310841387 33.933380480753989 130 130 130 1.1113937023356939 76 763 77 958 78 949 79 1002 74 989 80 611 81 735 82 728 84 629 86 788 87 737 88 713 92 818 90 785
273 26.828513832886248 14.662060882536304 31.815960702952204 0 0 0 1.0174099659933846 76 765 77 964 78 953 79 1008 74 984 72 1076 80 631 81 759 82 746 83 841
2630 5.6985354658459908 4.7570936590903878 30.227131045342404 0 0 0 0.52783886059625096 87 963 88 946
274 38.670356411121702 15.848203083091724 36.369393505940472 130 130 130 2.8098436802249149 76 766 74 935 72 1049
2636 38.229430870334859 7.2663067836999158 33.673071428976954 231 231 231 1.9767688928839913 88 883 92 979 90 982
279 40.002393459007685 17.290372916657713 34.732351760510532 0 0 0 0.80583778005357432 76 772 77 966 78 957 79 915 80 625 81 559 82 590 83 418 84 404 85 567 86 556 87 572 88 599
