# 3D point list with one line of data per point:
#   POINT3D_ID, X, Y, Z, R, G, B, ERROR, TRACK[] as (IMAGE_ID, POINT2D_IDX)
# Number of points: 2316, mean track length: 6.8402417962003454
1306 0.46916615677880902 0.26420140179197943 0.13732182722771724 184 191 203 0.18602327401318686 138 120 139 107
1296 6.4436885800726964 -2.3322782028216777 5.371644133732782 183 190 201 0.92039382169946093 107 4 139 12 114 7 141 20 150 120 151 14 155 120 158 89 159 104 160 129
1282 -0.49790837071374539 -0.66691040297440563 1.5661371105976711 105 106 112 0.16655058434032211 136 451 138 450 139 436
1254 3.2135411361109445 0.81144974803378112 2.0169596639561052 52 53 56 0.89756071976585017 117 41 138 172 139 153 140 135 141 148 142 150 143 177 141 192 145 149 146 127
1252 1.4021819211983086 0.7994519822575713 0.31104451507582087 142 147 157 1.987534157520221 123 98 138 129 142 113
1240 0.68954884739640632 0.32412494087132238 0.2403442526880169 183 190 201 0.074756099082907798 137 27 138 43
1238 0.4515635530777613 -0.3638952914175948 2.9642839090052866 44 47 49 0.20613853259226539 135 33 138 31
1224 1.2936529307706468 -2.1150895867055786 1.6896821736316505 89 90 95 0.54704864631600014 133 189 134 232 135 267 136 297 137 285 138 325 139 286 140 279
1204 0.67821895982467373 0.44025569952677379 0.13844166191329099 142 147 157 0.31809346837871322 136 122 137 116
1201 0.53827237413619056 0.31719587914108038 0.14440667195597734 184 191 203 0.29709716051226798 136 105 137 111
1170 4.3061930405132323 -3.4769323047821405 6.5001590732675743 149 155 164 0.57725688070280345 114 261 115 252 117 265 136 301 140 285
1169 0.64917149325421442 -1.1740318743413938 0.63756991500332794 52 55 64 0.30234784276645782 133 160 134 231 136 295
1133 1.495027873840715 -1.3451471399474455 0.56435625083764585 114 118 125 1.7634678079856911 132 353 133 421 135 429 136 460
1108 4.2012338091019279 -4.4537958079394171 5.979899197359094 133 138 145 1.5776494402133754 115 16 135 17 110 9 111 4 140 10 142 5
1107 2.4128220855646951 -2.1317322089999826 0.843373903890826 103 106 112 0.86074856863682403 131 141 132 126 133 114 134 148
1106 1.9913808550353278 -1.6626239410855896 0.65778870756014107 142 147 156 1.7443911555175582 131 32 134 4 135 108
1105 5.7849438659717292 -0.69252660859460369 7.4152802551246726 23 21 21 1.0943114771812119 105 392 134 465 106 404 107 399 108 379 109 384 110 341 111 331 112 317 113 348 114 429 115 472 116 437 135 465 136 493 137 483 138 471 139 438 140 434
1102 -0.2588792050003737 -0.24121827359349632 2.7975487333493856 4 5 5 1.4167451389044987 127 371 126 390 134 444 130 388
1101 4.9590312749487833 -1.4496017518895044 6.6606342889361807 184 191 203 1.0946005961522405 125 377 126 389 127 399 128 390 129 398 130 408 131 369 134 443 136 471 137 466 139 419 140 409 142 350 145 362
1100 5.5911933608465283 -1.2736450873420739 3.8818980607115354 32 34 43 1.2365108174174049 126 412 133 436 134 436 124 458 125 404 135 439 136 453 137 440 138 430 139 391 140 353 140 384 141 323 141 365 144 356 143 350 145 349 146 338 147 360 148 387 149 377 150 366
1099 3.3761692236535441 1.9322237459680649 2.1784839873702424 184 191 203 1.3399430753742207 125 396 124 456 135 425
1098 0.77608604221810662 -1.8483745717431328 1.8575544267216291 69 70 75 1.1283530289152603 129 329 130 339 134 393 138 419 136 406 139 409 140 398
1097 1.8865869147998482 -1.5627190567849418 0.58078248494501672 172 178 190 1.1368484418432392 132 329 133 394 134 379 136 389
1096 5.1745836277795956 -2.7985477135543215 6.7140175285014783 33 36 45 0.75934684001000152 107 320 117 350 118 304 119 344 120 273 122 330 123 341 124 347 125 294 126 303 128 331 129 336 130 349 131 319 132 267 133 325 134 355 105 324 106 307 108 299 109 264 121 314 121 368 122 386 124 398 135 377 136 370 137 361 138 395 139 321 140 306 141 319 142 297 144 354 146 306 148 338 149 334 150 316 151 283 152 267 153 292 154 273 155 296 156 245 157 235 158 226 159 242 160 339 161 316 162 264
1095 4.9650475221799493 -4.6368943073055293 6.6833890218209504 1 0 0 1.2327359244791078 116 339 117 390 118 343 121 352 123 384 134 349 114 298 119 387 120 348 120 310 119 337 135 375 136 420 137 398 138 392 139 353 140 346 141 360
1094 5.4643985551936129 -2.4485409129878244 6.712332231834929 86 91 101 0.52570683856594358 107 288 117 356 118 307 119 310 132 269 133 329 134 312 105 300 106 309 120 275 121 316 122 332 123 345 124 351 125 298 126 305 127 289 131 278 108 268 129 302 128 283 130 309 135 336 136 373 137 364 138 358 139 326 140 312 141 326 142 306 144 315 143 312 145 293 146 268 147 289 148 306 149 302 150 324 151 288 152 274 153 267 104 301 103 231 154 249 155 270
1093 1.5119265320308581 -0.038091436771689274 3.210205116537705 81 82 87 0.92644677566813327 131 223 134 284 142 260 144 283 145 276 149 350
1092 -0.20673865451427645 -1.369249155156596 2.0755892007169567 36 37 40 0.72482092805146503 131 145 132 160 133 238 134 276 135 270
1091 6.4797841568736532 -1.8990410397655817 5.7080715915459859 36 39 49 2.0474381137643216 123 193 125 162 126 162 132 112 133 136 134 207 120 112 121 151 122 186 124 154 127 192 128 201 131 156 135 193 136 86 144 126 145 96 146 70 147 80 148 103 148 160 149 152 151 111 152 88 152 89 153 108 104 18 103 56 154 104 155 123 156 121 157 124 133 80 159 146 160 209 158 90 161 185 162 151 163 130 164 139 165 142 166 117 129 205 167 95 168 93 169 118 170 102
1090 -0.45216619221124221 -0.6477779658236138 1.8486145801257863 18 18 19 0.5728994783313005 130 123 134 205 135 245 136 309
1089 -1.3662613525242153 -0.71588254800137363 0.8268943654545382 0 0 0 0.25788613145602474 132 70 134 190
1088 0.91249968718720942 -1.0454037513063077 0.43385698252103089 51 53 61 0.44293225733432068 132 127 133 157 134 188 135 180 136 191
1087 6.5798318069438242 -1.9513528372031654 5.6045170897495202 74 75 80 0.38940918490956461 118 113 133 132 134 160 119 150 135 125 136 154 137 81 146 69 147 79 148 102 149 151 150 123 151 110 152 87 153 107 154 102 155 155 156 120 157 108 158 106 159 145 160 208 161 182 162 150
1085 -0.059486690260238152 1.0474787260408385 3.676707979998608 45 46 49 1.3303716186933681 117 49 127 74 134 143
1084 0.47755254049942408 1.1663650716921778 5.9744518472208643 37 38 40 0.10420245000627876 125 92 134 137
1082 -0.1360525255934294 -0.074689462792514705 2.9654001984052054 37 41 44 1.5963714175464516 107 79 134 129 135 76 136 217 108 38
1080 -0.7527914493666249 -0.93442422308292128 1.3437020374770094 51 53 56 0.27773982707700101 133 46 134 91 136 150 135 62
1079 3.8214022333693065 -2.9861420031496246 3.3717194021432424 50 50 53 1.9288551929609512 119 42 134 90 135 117 144 117 140 61 143 123 145 129 146 108 147 105 148 145 149 176 150 137 118 3 151 139
1077 3.8925115242435719 -2.989886876005508 3.2976012727699358 28 28 30 0.48587303446915908 126 84 127 87 131 77 134 46 125 100 128 75 129 68 130 80 142 129 145 128 146 107 147 104 148 189 149 175 150 136 151 170
1076 -0.25468897806197782 1.2474404691905918 3.3124342280750456 35 35 36 0.79842244192492451 130 41 134 39 136 61
1075 3.5373997324493169 0.78421397991947861 1.7574514941359332 150 156 166 2.2453098162878118 123 100 134 36 150 33
1074 6.5940972897867809 -2.3427157686270612 5.714462748309141 105 109 117 1.3455775854329999 118 7 119 47 121 3 132 20 133 14 134 23 135 66 136 80 143 3 145 68 147 40 148 14 150 82 151 15 152 9 104 43 155 4 156 44 157 39
1073 4.7143545447683106 -5.3588667588817094 7.0819953312549222 114 118 126 1.4980435509161254 118 4 134 20 114 4
1071 -0.58683154268893345 -0.72588926123858366 1.9458589086276197 22 22 24 1.2186056547484274 127 93 128 86 129 73 133 124 106 112 132 107 131 149 134 157
1070 6.7549044368121836 -3.9457145655567833 5.4686916887267492 49 50 52 1.5070971519334211 105 320 133 367 106 334 107 315 108 294 114 339 115 357 116 372 117 387 109 298 112 263 113 279 111 281 110 295 135 414 138 391 139 357 140 350 142 326 144 350 143 345 145 325 146 302 147 322 148 334 149 329 150 312 151 279 152 264 153 256 104 296 103 253 154 239
1069 7.2478811980241638 -4.2387349104283976 5.8689255347050242 49 50 52 1.5960345764593507 105 319 133 366 115 356 116 371 117 386 114 338 112 264 113 278 135 413 138 390 139 356 140 349 142 325 144 349 143 344 145 324 146 301 147 321 148 333 149 328 150 311 151 278 152 263 153 255 104 295 103 252 154 238 155 259 157 201 156 208 159 238 158 191 160 303
1067 1.0146726399676929 -0.38450049603669845 3.4959441838111753 60 61 64 1.251790793141776 122 15 123 71 124 123 125 72 126 105 116 22 112 19 114 82 127 68 127 153 128 105 133 88 131 129 128 148 129 179 130 183 134 112 135 139 136 167 137 160
1066 -0.55123361623540645 -0.55727454699169376 1.9769394204175432 11 11 12 1.3347503879482869 116 125 131 157 126 140 127 145 128 135 129 174 130 174 133 199 134 246 135 280 136 347 137 331 110 122
1065 1.0766443487952377 -0.42057898744534561 3.6740153569491585 59 60 63 1.0511032690401738 122 14 123 70 124 122 125 71 118 16 126 104 127 67 127 152 106 129 128 104 133 87 131 128 128 147 129 178 130 182 134 111 135 138 136 166 137 159
1064 0.93429664725070827 -1.0788177576805107 0.42651003599392701 35 37 43 0.84899556136062992 130 285 132 246 127 226 128 233 129 277 126 242 131 255 133 296
1061 -0.5080020483226062 -1.6225237573629014 2.6345467342526758 43 45 49 0.5861512687304028 132 341 133 401 131 346 134 432 135 458 136 486 137 478
1059 0.25533295414025903 -2.3781104683059975 2.0052594690298329 58 59 61 1.3330810793533794 130 338 132 297 133 359 131 306
1057 2.155747847824069 -0.24598644474376377 3.5701424292010437 40 43 54 1.6877237950357922 128 247 129 262 130 319 131 247 144 357 143 318 145 329 146 340 147 363 148 377 149 385 149 386 148 376
1056 -0.86494074945655075 -1.1292540802329787 1.5629124743745351 61 64 68 0.43774271753659738 132 227 133 271 131 242 134 342 135 371 136 411 137 433
1055 -0.86494074945655075 -1.1292540802329787 1.5629124743745351 61 64 68 0.43774271753659738 132 226 133 270 131 241 134 341 135 370 136 410 137 432
1054 -1.7636820998355545 0.52622327856295126 0.62911800261589546 43 51 56 0.075560978749414115 130 256 131 229
1053 -1.2011710036226437 1.2186109036453485 2.2164817449693039 39 39 42 0.84880697955313078 130 260 132 192 131 206
1052 -1.8042252149001958 0.59583451832597512 0.60768530872115334 56 58 64 0.1081649420531703 130 194 131 204
1051 -1.8042252149001958 0.59583451832597512 0.60768530872115334 56 58 64 0.1081649420531703 130 193 131 203
1049 -0.54790611403588985 -0.74543675261964959 2.1227549207999172 19 19 21 2.0136521149130853 129 172 132 204 133 130 131 180
1046 2.0730905377841178 -1.979864425020879 0.79250520791570733 76 77 81 1.0264526568768826 129 61 131 70 134 81
1045 0.24336315164373246 -0.26885351875942831 3.1100355307575218 56 59 62 0.20952711899844761 128 56 137 170
1044 3.0828729031312174 -1.4710877703121932 4.7791431413346581 66 69 79 1.7207825126530585 125 66 128 93 130 54 133 21 131 56 127 102 122 85 135 27
1042 1.1309105178675254 -2.334966591399767 1.4473558976941701 103 106 111 0.58233667172937442 129 41 131 39 134 9
1041 4.8696039202108521 -1.4042189155597884 6.7263300557300969 181 188 199 1.758179595771231 125 34 127 22 131 25 124 34 123 68 134 54
1040 7.7720244982217617 -2.9577722071823449 5.6520920099815273 132 137 145 2.1824083031586459 117 179 135 119 118 100 136 153 137 142 116 11 139 10 139 184 140 226 144 157 148 150 153 131 104 108 154 130 155 116 158 118 150 118
1037 6.0454214789120391 -4.862907832237827 8.011855941518272 6 6 23 1.5463800063418778 106 398 107 395 132 364 108 375 109 359 133 435 131 365 134 433 135 437 136 467 137 462 138 448 139 415 140 405 141 406 142 367
1036 0.89615398428029092 -1.1095777097083512 0.66836290239903196 74 76 82 0.73969763922674003 136 483 137 476 135 431 138 463
1035 -1.5790904590227806 -0.0246844436080597 0.8655916702670029 7 20 45 0.25205985383345891 132 317 133 409
1033 1.7946483662693182 -1.813305903590898 0.7069421823026335 12 13 20 2.1837916662257615 130 361 132 288 133 351 131 331 134 319 135 322
1032 1.0626645786397484 -0.99293609537080396 0.6751444781558259 23 24 28 0.54224694191725775 129 253 133 309 131 265
1031 -1.1546159151255846 0.5141567205500488 2.0137726238761666 4 6 6 1.1113733069308107 132 235 133 285 131 250 134 372 135 395 136 437
1028 4.0543953398245982 0.25958897394477709 2.3586140683535084 147 153 162 1.5294760802856477 126 194 132 211 133 252 152 178 153 182
1027 6.5593718252132627 -2.0469319513363899 5.8252909342574757 77 80 89 1.3324419643721737 119 269 132 206 133 243 118 234 105 211 116 231 113 153 109 133 114 194 112 50 107 187 134 278 145 239 148 248 149 240 151 197
1026 5.3166906732119665 -3.1413731812544072 8.2522552404037643 36 38 48 1.3221812452010158 119 267 133 241 134 242 135 240 136 306 137 256 138 213 140 266 141 272
1025 -1.4816936893912289 0.59183178569027417 0.9664580564508598 74 76 80 0.31488461593196454 132 188 133 225 131 170
1024 0.0094616237952982601 -0.21863837240360498 3.5866883210165326 40 45 47 0.39859578218724379 130 217 133 210 134 251 135 286 136 351
1023 5.7658305541341033 -3.0989846312243237 7.9263474728679615 80 84 95 1.4422914400860052 117 271 118 232 119 264 132 164 133 197 107 228 108 217 109 184 106 250 135 236 134 195 137 293 139 232 140 172 138 211 141 177 142 231
1022 3.4951072963019456 1.2007807159859607 2.1015263425027624 101 105 114 2.4700268460965602 124 210 125 178 133 183 134 180 135 156 136 108
1021 3.4951072963019456 1.2007807159859607 2.1015263425027624 101 105 114 2.4700268460965602 124 209 125 177 133 182 134 179 135 155 136 107
1020 -0.14196976071395181 0.58205747717667333 1.4813325583950274 47 48 51 0.12889502520277193 129 151 133 180
1019 3.1683671785048135 0.83342360676608518 2.066997115838316 1 1 1 0.15123347238206364 125 147 126 150 133 179 134 173
1018 0.80347906190494978 0.60751028897239068 4.7569138988703896 46 48 51 0.31359753892495645 107 231 133 176 106 205
1017 -1.0113602103246409 -1.2573996837890025 1.7585564483094744 1 1 1 0.98069429224655591 130 83 132 132 133 164 131 112 134 235 135 269 136 337 137 353
1015 0.18906458800565185 0.87223054219917517 3.7979957681665399 41 42 44 0.075579610049288704 126 122 133 145
1013 3.1181193429704299 0.11292863250048168 2.3711914369501534 28 30 39 2.1276302024604514 129 146 132 120 133 141 131 166 134 60 135 146 136 92 137 87 140 71 142 93 144 133 143 136
1012 3.3461336322579296 -0.13660234663639609 3.0117310251924612 44 44 46 0.32978364616253608 122 99 124 164 133 140 135 197 149 185
1010 6.3942476127805294 -2.3800522731457776 5.1227851953390333 132 137 145 1.5452362672602076 105 50 106 104 108 132 138 209 114 189 108 184 139 186 141 213 150 181 136 251 143 235 152 120 153 145 143 201 154 153
1007 -1.7834669992121586 -0.65948903825517757 1.0627805423432748 43 45 49 0.61305750972877804 133 119 131 147
1006 3.1979086082935133 0.86447875854128664 2.0586987736600992 33 34 36 0.35098627603819743 124 100 133 112 134 73
1005 3.355965428000617 -0.094327226441321854 2.9273489113527669 38 39 41 1.3788544429695884 122 100 133 96 134 164 148 117 142 92 149 68 150 95 151 86 152 68
1004 1.6397303921805211 -0.25686782335088443 3.1475146517200092 45 46 52 1.6670080310598134 129 94 133 91 131 95 138 164 105 66 141 187 106 20 104 62
1003 2.8850308932124653 0.7373224147831664 1.3248581107004171 144 150 160 0.16268765701169596 124 95 133 62
1001 5.073063647909227 -1.3197419982396446 4.1770289517873325 0 0 0 1.7777064251893442 107 9 118 59 126 62 127 98 128 90 129 131 106 14 119 112 120 68 121 98 126 142 122 84 125 113 125 138
1000 4.1280369501137759 -4.6045479026321008 5.8928907676597548 62 64 68 1.5382349606765851 119 45 120 60 121 92 123 118 124 71 133 45 117 13 128 10 134 19 137 76 138 94 139 80 140 108 141 86 142 1 148 4 146 1
999 8.039384928354588 -4.4607460366359577 5.0298022007296934 69 71 75 2.0057170841526957 123 55 125 52 126 7 133 43 146 36 141 87 142 80 143 124 144 54 145 90 140 62 148 100 150 42
997 4.1747100643221824 0.26717337569019783 2.3980061576158991 146 151 161 0.26635641366977997 125 38 133 31
996 3.7150276770356441 0.23742853855733503 2.2392914356416482 117 122 132 0.36280171340002787 126 33 133 30
995 3.4161116583625994 -0.13501807548935454 3.1553253634559626 43 43 46 1.3892557415447877 124 39 125 37 133 27 137 13 138 29 142 14 144 97 145 25 146 79 134 58 147 16
994 0.26862701624583785 -0.28987477208731705 3.1661409571609451 48 51 54 2.0338833376609062 106 72 133 25 139 27
993 2.1135982944449996 -1.7366566419578622 0.92042928039072125 68 69 73 1.2948100057559793 128 35 129 39 133 1 131 37 134 43
992 4.7507566141015101 -2.7578954555198085 3.8723548966321921 56 57 60 0.60640197879496294 121 308 122 325 124 342 127 328 130 344 132 264
991 4.7507566141015101 -2.7578954555198085 3.8723548966321921 56 57 60 0.60640197879496294 121 307 122 324 124 341 127 327 130 343 132 263
990 4.5237700187409136 -3.3870972179342953 3.7444707288345676 30 31 33 2.244055285268638 124 12 127 11 132 11
989 -1.7280785466614645 0.15650445666423057 0.6553869535377953 77 80 86 0.92190258011701653 130 355 132 371 131 354
987 -0.6262100294371219 -0.92181859507757702 1.5031281293455114 43 45 49 0.48560160086632526 130 377 132 362 133 434 134 459
986 -1.5661881205762185 0.61376833158434996 1.0852548624335978 69 70 76 0.17205334415808007 130 359 132 350 133 441 131 357
985 0.93788879727780172 -0.84900438186038985 0.48733019664648958 0 1 5 1.4891604968341325 130 395 132 334 133 396 131 335 134 426 135 432 136 462 137 456 138 445 139 408
984 0.97327639866470983 -0.41285894128692613 3.4787597769276206 27 28 30 0.45538389589624495 128 341 132 319 133 382 134 407
983 -1.5429526684486738 -0.025842415732539828 0.69893965955689974 40 45 52 0.46307675992981334 130 315 132 315 133 408 131 323
982 -1.7269843802571241 -0.82527027296061251 0.92604927167902562 46 48 52 1.4660534093661228 129 289 132 300 133 363 131 271 131 312 130 235
981 0.67672155297747683 -0.89549252990742978 0.61910904748664142 29 29 31 1.3545455401456323 130 366 132 295 133 357 131 338 134 387 135 405 136 443 137 424 138 413 139 377
980 0.96049395548450567 -0.99747687405755925 0.64170689695384298 0 1 5 1.3927212805612801 130 365 132 294 133 356 131 337 134 386 135 433
979 3.1901877645004046 0.65875528551970575 2.1347730202772808 73 74 79 0.31152352927016214 124 315 132 277
978 -1.4934980426216056 0.094133047116403079 0.82122899920325065 42 51 70 0.30944443391247667 130 270 132 273 133 336 131 245
977 2.839744054555577 -3.1771784153035632 3.7503103246876162 61 62 65 1.1535852612943378 118 294 119 332 130 294 132 261 133 315 131 270
976 3.0956434989216715 1.0020542665270558 2.2034288171767673 70 71 75 0.29341580739887108 126 226 127 255 132 237
975 -1.2729659603930317 0.56903107159362409 2.0359245490009479 3 6 6 0.73724954616259297 130 277 132 236 133 286 131 251 134 373 135 424 136 459 135 399
974 3.0575552337947149 0.85042936627269383 2.1093737692898955 70 71 76 1.4073394593415747 118 163 119 193 136 322 137 310 141 260 142 243 144 242 143 244 145 223 146 193 147 213 148 262 149 255 104 89 105 103 103 95 102 79 101 64
973 0.52977656146873542 -0.77894189209145326 0.55251334011965603 84 87 92 1.6956570455181164 130 265 132 197 133 266 131 268 137 380 136 400
972 -1.0549130187629345 1.1791243000526896 2.3347607933424848 35 36 38 0.29954856434372534 130 225 132 191 133 226 131 233 134 293
971 -1.1301491458047392 1.1764849836740401 2.4618056689795074 13 13 14 0.52057802939320441 130 258 132 190 133 223 131 205 134 292 135 320
970 -1.6493625765594908 0.62925234959899545 1.0320010147992951 51 54 61 0.2133012726326973 130 221 132 189 131 197
969 -2.0222076845447519 0.75777114487574548 1.5203434111338265 72 73 78 0.60535760015978202 130 192 133 224
967 -1.585189522697219 -0.060392168732362292 0.83304732222770339 40 43 50 0.44616619720370804 130 177 132 172 133 205 131 186
966 0.8039345130503146 0.74268289386855146 4.6947420085538027 52 52 54 0.50950852713875994 126 120 132 151 133 178
965 3.273967701004556 -0.1650225075961573 3.0655500415290562 58 59 63 0.4929036027618669 127 170 128 173 132 145
964 -0.32903803583709457 -1.5757317324370028 2.4092844718238848 30 31 34 0.50659133934218359 129 112 132 133 133 165 134 239 135 271
963 4.2699487996618402 -2.8480786496202555 2.5626185804697599 59 60 64 1.7981878954250869 125 183 132 131 118 139 133 163 134 189 135 230 140 106 144 154 142 166 143 156 145 162 146 138 147 142 148 188 107 33
962 0.52929633569472001 -0.75096090131835513 0.52603267401907272 70 72 77 0.065032508392957322 130 199 132 129
961 6.6672616021256257 -1.2513411224486291 7.3689880613901346 132 137 146 0.5307073629906468 121 159 124 159 126 146 127 154 132 114 128 149 129 141 130 181 131 125
960 3.3731375298303954 0.44804150649899166 1.9779201103635815 34 36 46 0.39456573059869843 124 91 132 99 123 93
959 -0.21582724508129825 -0.047040019083512727 3.3735130414284975 12 13 15 1.5377583070474403 132 97 133 106 131 103 135 201 136 218 137 228 138 231 140 241 141 264 134 166 142 248
958 1.1819450413263166 -0.11642700599108355 2.7042053258123198 62 63 67 0.24230958853086326 116 132 132 94 133 101
957 1.5020575979425894 -0.22105510507128553 3.2585169647369332 20 20 21 0.3034609810936173 125 78 126 110 132 91 133 99 134 125 137 166
956 -0.56473492952104054 -0.84321625262119493 2.2128945132332394 34 34 36 0.098038123171641622 130 85 132 76 133 125 131 83
955 4.9863671158401974 -4.2390925772387593 7.9327299943014058 119 124 132 1.2267721016858579 116 114 118 49 132 73 138 97 109 64 139 133
954 4.1854317428900396 -3.6892441729304664 6.4755659677492723 124 129 137 0.88526154825705095 119 104 123 58 125 103 132 72 118 48
953 4.2360305672128451 -2.2842208305833913 2.1272775493548202 66 67 71 1.0638888607345327 127 86 128 74 132 68 129 67 131 76 149 204
952 1.0582473373055032 -0.94910585303261974 0.49182236947099034 80 82 88 0.80833929217409883 128 72 129 66 132 64 135 59 136 9 138 86
951 0.99761454638997604 -0.37097696262146818 3.5638166579256554 18 18 19 0.044122462029328263 127 28 132 53 136 28
950 0.85066577210185235 -0.44836128871461545 3.8134242750593055 24 25 30 0.41972973364446275 127 111 132 51 133 58 134 115 135 141 137 163 138 115
948 2.140880879972074 -1.7410662306531961 0.92107525631161424 60 61 64 0.86362644641367448 127 4 130 9 132 6 131 5
947 3.9638401242156096 0.077732575237571933 3.2155054941226249 180 187 199 1.6847148989089826 128 176 129 214 130 253 132 182 133 212 131 194 135 283 137 270 144 240 147 202 148 254
946 4.0151027067929892 0.078216049787544428 3.2634027269796273 180 187 199 1.9067360196609926 128 175 129 213 130 252 132 181 133 211 131 193 135 282 137 269 144 239 143 207
945 -1.1185115169176461 -0.93636993226792564 1.7145537986673443 43 45 49 0.67017960932022658 128 384 129 393 130 404 132 365 131 367
943 7.0867607214666481 -3.7233492418561105 4.5201654800632385 184 191 203 0.57814535706979975 123 380 124 384 125 325 126 337 127 320 128 321 129 330 130 372 121 345 122 322 132 304 133 318 131 310 134 339 144 307 147 280 148 301
942 0.15173859459180927 -2.1733733580202172 1.8355268203111865 58 59 61 1.5229416667092739 129 356 130 368 132 336 131 340
941 2.4884313605866981 -1.96945083560023 1.0889366484972494 57 58 62 1.6418399347928474 128 310 129 350 130 363 132 333 133 395 131 333 134 384 135 404 137 423 138 416 136 441 139 381
940 -1.9427385875905707 0.33685069809078816 0.37279732256725129 39 47 66 0.1399634865184447 129 313 130 357
939 -1.1274956756035162 1.041187715475282 1.9665263515385134 70 71 75 0.28729861943052937 129 319 130 325 133 345 134 420
938 0.39779770446579943 0.71511142051742826 4.1986770722256033 1 1 1 1.4912119362858023 105 339 128 250 129 267 130 321 133 282 143 360 106 342
937 -1.7268353132510896 0.21456452177661262 0.60690306635731572 47 56 75 0.107302332985034 129 261 130 317
936 4.230480213423327 -2.2512740360246832 6.0865361967354792 85 89 100 1.0771327618831437 121 274 122 296 123 297 124 304 125 252 126 257 127 238 128 282 129 301 130 308 120 232 132 268 133 328 131 277 134 359 135 335 136 372 137 363 138 360 139 325 140 354 141 327 142 307 144 317 143 314
935 -0.68524443301213678 -0.6069895598815318 1.8511900439415114 50 52 56 0.69650908753152185 129 300 130 307 132 314 133 377 131 322 134 437
934 7.2693722404578596 -2.6707006496261831 5.5756834913151376 98 101 108 1.5982814060447328 119 341 121 311 122 327 123 340 124 346 125 292 126 301 127 287 128 280 129 297 130 303 118 299 120 270 132 266 133 324 131 274 134 308 147 255 150 267 151 251 152 232 153 219 154 209 155 233 156 213 157 204 158 195 160 279 161 255 162 213 165 208 166 149 167 119
933 3.4428034754894821 -2.8727473031974906 3.1820719888566202 63 64 68 1.3136140330534027 125 247 126 253 127 235 128 238 122 289 123 290 124 300 117 228 119 256 121 267 133 267 134 302 135 328 136 366 137 389 138 380 139 345 140 339 141 312 144 339 143 337 145 342 146 331 147 369 146 345 148 382 149 373
932 4.7944243817616012 -3.4495642430953044 2.8654008983430095 156 161 171 0.30447621492580418 126 293 127 276 128 268 129 285 130 291
931 1.5559865566214759 -1.4795902893821093 0.68414269237789849 58 60 64 2.2330953781895904 128 261 129 276 130 284 127 269 132 247 131 258
930 3.5362490978689674 -0.24000000556325465 3.1810830021618752 84 85 90 0.46553648104043049 127 216 129 242 130 272
929 -1.6136718229575742 0.67189388999355848 1.0052954739498221 32 47 46 0.20615829155451859 129 218 130 257 131 232
927 3.3088948426704046 -3.6999716586190408 4.0637588748617715 11 11 12 0.68074564236102497 126 251 127 232 128 215 129 229 130 232 132 198 133 233 131 214 134 271 135 304 136 335 137 317 138 329 139 290 140 282 141 285 142 268 143 269
926 -0.39314659692768111 1.3210903798327198 3.5052267815449589 38 39 42 1.3780032264070721 105 224 129 188 106 210 107 215 130 224 132 153 133 222 131 173 131 201 134 262 135 295 136 290 136 329
925 -0.33987762976484942 1.294736048600434 3.6273578645933329 3 3 3 0.64560607092044708 129 219 130 222 132 185 133 220 131 200 134 261 134 290 132 218 131 231 135 294 136 357 137 339 138 343 139 314 140 328
924 -1.6565682218572688 -0.80504494435321416 0.95854150928135473 10 11 12 0.34475789405906648 130 201 132 224 131 216
922 -1.1285468706389259 1.2361108306213073 2.2299719888784995 47 48 51 0.84835722118169843 129 189 130 195 132 194 133 262 131 208 134 296
921 -1.6329004009682608 0.630507066775574 1.0584064060038196 52 57 62 0.42046984717298236 129 152 130 191 131 171
918 1.3577201390717448 -1.1174756105040162 4.2737840109357794 13 14 15 0.88134560539769924 125 140 130 179 124 158 132 141 133 172 131 159 134 162 135 249 136 261 137 263 138 303 139 271
916 0.64737570128676025 -1.2362003236126249 0.63084468297344687 52 55 63 0.66496431273035228 129 165 130 166 132 128 133 158 131 142 135 264 136 293
915 -1.9977861496046938 -1.0588929166466943 0.084981665537224402 1 1 2 0.69203689029515192 129 106 130 160
914 0.98432474584666541 1.9116563643545472 10.398027401348799 54 56 60 0.30288677057785141 128 157 130 155
913 -0.43548174227039171 -0.63894932462924936 1.9353057633737354 50 51 55 0.46595490614760593 129 75 130 126 131 85 134 161 135 247 136 260 137 260
912 -0.45460928217213414 -0.66035504339377926 1.8795609828700739 25 26 27 0.77451349565969652 129 122 130 124 133 131 131 152 132 137 134 206 135 246 136 310 137 299
911 -0.43561699934145082 -0.70802354505612364 1.8972841255639592 51 52 55 0.45597644513346702 129 121 130 121 134 199 131 116 132 110 135 242 136 258 137 297
910 -0.43628659299895439 -0.71996282779822496 1.9260309117519667 51 52 55 0.38716460253709029 129 120 130 120 133 127 132 109 131 115 134 198 135 241
908 -1.9992834326953681 -1.0647800576199833 0.10334191223432503 46 47 51 0.62393280086945524 127 79 129 160 130 109
906 3.9512540304361359 -2.9465771291536051 3.3016994247081084 30 31 32 1.4554993314060725 123 115 124 106 127 88 128 76 129 69 130 81 131 78 137 73 105 46 142 130 144 118 148 146 149 112 150 116 151 100
905 0.56371906381513781 -2.2148567929400875 1.8348098746964607 60 61 64 1.2120793993362327 127 51 130 79 131 75 134 88 135 116 136 198 137 206 138 248 139 256
904 0.56155757879193247 -2.2036586922037982 1.8253527251511501 60 61 64 1.1516807667252611 127 50 130 78 132 67 133 71 131 74 134 87 135 115 136 197 137 205 138 247 139 255
903 0.56992804929085716 -2.3821779758477648 1.9777477290471772 49 50 53 0.31663234720948091 127 85 130 77 132 66
902 0.47998591770304266 0.62850631601266638 3.799851377704365 48 50 54 0.93178640270392943 128 61 130 67 132 56 133 109 131 69 140 149 141 167
901 1.0291524538296735 -0.49906725666062934 3.5818305653195899 31 31 33 0.37953954096868259 128 20 130 61 138 112
900 3.6961035714218133 -1.7895130164208033 5.2337084812575601 77 81 91 1.6049424569112223 122 42 126 19 130 35 128 46 132 23 133 81 131 87 135 126
899 4.4712565124716512 -4.7956791765824729 6.5143169550058113 114 119 126 0.61464998056701659 119 46 126 10 130 19
898 -1.4624002288928939 -0.45613130757127995 0.81199938111855208 56 57 60 1.958224920309372 128 126 129 113 121 233 123 253 124 260 125 249 126 255
897 0.54913049498828281 -1.9571159369720474 1.7240284845837632 82 83 88 1.1471105563039297 127 390 128 379 129 387 130 400 132 356 133 426 131 361 134 454 135 452 136 484
896 4.2651755905781936 -2.7905756730014799 3.2239690618206174 0 0 1 1.4438301617822951 121 344 123 379 126 336 127 319 128 359 129 358 119 333 124 383 128 270 127 281 130 340 130 371 125 287 126 295 132 260 132 301 133 316 133 364 131 309 135 368 136 412 137 392 138 386 139 349 140 343 141 315 142 322 144 343 143 339 145 319 145 345 146 334 147 355 148 367 148 385 149 376 150 364 152 315
895 -0.24105525828497337 -2.0496500450885189 1.1513491993803942 1 1 1 0.90350913563246549 128 355 129 352 130 393 132 355 133 423 131 360
894 1.5661413575269396 -0.21614820027618484 3.2262682125893072 25 25 27 1.0298905619480381 127 341 128 344 129 344 132 321 133 384 134 409 135 417 136 455 138 435 139 396 141 393 142 352 144 381 143 370 145 367 146 356
893 -0.26028826012081663 -0.75343297311993396 2.5827761393251834 12 13 14 1.2478331430589706 128 334 129 338 130 385
892 -0.26028826012081663 -0.75343297311993396 2.5827761393251834 12 13 14 1.2478331430589706 128 333 129 337 130 384
891 -0.26502603970784544 -1.2790563383887292 2.2202645083977894 13 13 14 0.50461982591921306 128 278 134 400
890 -0.26502603970784544 -1.2790563383887292 2.2202645083977894 13 13 14 0.50461982591921306 128 277 134 401
889 -1.0812810269311417 1.3538972707626058 2.4185727687868335 43 43 46 0.75134186318302676 128 297 129 320 130 326 132 327 133 391 131 296
888 -1.1381469721483648 1.1128692644411533 2.5164108003413368 70 71 75 0.37091702934351267 128 295 129 318 130 324 132 286 133 343 131 294 134 418 135 426
887 1.2607365764040315 -0.16059155283275853 3.4859414654068495 19 20 26 0.95842697532484311 127 296 128 290 129 310 130 356 132 272 133 332 131 284 131 328 132 323 134 366 135 389 136 429 137 409 138 401 140 387 141 368 142 331 144 358 143 374 145 331 146 342 147 339 148 355
886 1.1467622237518598 -2.2342163594923798 1.4191027644784826 111 115 122 1.4584966500250192 126 243 129 282 130 290 132 255 133 302 131 264 134 299 135 355 136 359
884 -1.9912788728771968 0.12437463051805447 0.23105732050912448 62 65 74 0.020418747953207583 128 226 129 259
883 0.54274504466785856 -2.6031357048388215 1.9964868187511637 160 165 176 1.1884099086988922 124 338 129 252 133 307 134 331 135 357 136 397 137 376
882 -1.186940396593811 1.2668809441935784 2.2908035392975439 33 33 35 0.39699315623950854 128 211 129 247
881 4.0674667442530703 -2.6147569426616801 2.7976680847958706 5 5 6 1.7611138530905028 122 256 123 217 124 189 125 185 126 206 129 228 121 135 130 231 132 104 134 191 144 192 142 78 143 157 145 168 146 139 147 187 148 213 149 235 148 241 150 236 119 141
880 4.0536307426068481 -2.5988941180289054 2.8053701325773956 5 5 6 0.27673951120769436 122 255 126 205 129 227 130 230
879 0.8616925196978118 -1.0137573463031475 0.65719378247494864 29 29 31 0.65477441590299823 126 157 129 225 127 183 130 264 132 196 133 231 131 210
878 -1.1409228818490511 1.2907983490027251 2.2206634753420578 5 5 6 0.63586596322844058 128 184 129 222 130 261 132 240 131 234
877 0.91960360640048255 -0.36989726237771126 3.7087388904126284 20 21 24 0.17019319093992899 127 168 128 171 129 181 130 184 131 163
876 -1.3942834721211708 -0.69474004279252777 0.81455952999092152 14 15 16 0.87965857181773921 128 187 129 168 130 168 132 157 133 235 131 175 134 301
875 -1.9268482732269927 -1.0455460830640402 0.096671605137166758 36 37 40 0.26627463128419121 128 122 129 163 130 163
874 -1.9268482732269927 -1.0455460830640402 0.096671605137166758 36 37 40 0.26627463128419121 128 121 129 162 130 162
873 0.56642786617802765 1.1278034137474875 5.3027452222096629 0 0 0 0.81555840536509205 123 104 128 116
872 -1.4999830638415264 -0.049122575522179468 0.78180525255165056 44 49 60 0.15499979405743672 128 142 129 135 130 136
871 -1.4999830638415264 -0.049122575522179468 0.78180525255165056 44 49 60 0.15499979405743672 128 141 129 134 130 135
868 -0.49566455069432735 -0.70789376180218555 1.8981781251303871 46 47 49 1.0462254329393748 128 129 129 119 130 119 132 108 133 126 131 114 134 202 135 243 136 257 137 296
867 -0.54083089238485327 -0.80029242376246934 2.0138837768728184 0 0 0 0.12946573256458382 128 128 129 116 130 171 131 148
865 -0.14180784234416263 1.0697116464605454 3.4396877666230381 54 56 59 2.0324980502436318 124 102 128 159 129 102 125 93 134 181 135 161
864 0.45808561044188156 0.73879104475593282 4.1830685947530517 46 47 50 1.3900444945771724 125 39 126 119 127 122 129 100 134 135 135 91 133 36 136 47 141 202
863 3.932375854159269 -4.6704306222170739 5.9952591257758989 72 74 79 0.73263776016569915 123 117 124 70 125 53 129 70 131 47 132 14 134 49 138 149 139 79
862 -0.76941368391059251 -1.0568349740170617 1.4940012752491432 2 2 2 0.30263389182255768 128 82 129 46 130 48 132 105 133 117 131 80 134 236
861 6.3195100319263 -1.6636926438662032 5.1794613628159878 69 73 83 0.76729541056204176 120 4 122 8 126 25 127 61 129 28 121 42 123 64 125 65 130 53
859 4.8899762268898472 -3.7777705195798048 7.2070831545959377 140 146 155 2.1336459584436573 125 55 127 56 128 39 132 41 119 144 121 140 126 87 140 113 106 44 105 207 148 149 152 137 144 225 155 179 146 177
858 0.14864912006623726 1.0421965253449774 4.3571081313878111 0 0 0 0.67955649521131156 122 27 127 31
857 3.2449731026959583 0.53878103457419746 2.4689002559610072 1 1 2 1.9082916695816254 126 396 127 407 128 396 129 403 132 373 133 414 131 374 134 447 135 448
856 -1.2517418315657418 0.46233050824522537 1.5795730595907309 42 45 48 0.96132677277127254 127 373 128 394 129 401
855 4.7745492558086626 -3.1867081132716031 6.4368058159053554 184 191 203 0.27839008419330902 106 399 126 411 128 385 129 394 130 405
854 -1.1315979592018461 -1.3089053771090982 2.3817650469480993 0 0 0 0.90628945978143949 125 403 126 385
853 3.1327987355345313 -2.9905432428540495 3.21042614737026 67 68 72 1.244169353935205 124 433 125 401 126 409 127 392 128 381 129 390 130 401 132 359 133 429 131 364 134 457 135 455 136 465 137 460 138 465 139 431 140 420 141 402
852 0.78440790201205268 -0.8983829358483324 0.41601297554071104 73 75 80 1.6183268133638424 126 374 127 384 128 373
851 1.5117489463450955 -1.3875650551833147 0.55313478593316912 107 109 116 1.9994804863579052 126 373 127 381 128 371 129 382
850 -0.21680713669894286 -1.203838080466517 0.32228500773964369 61 61 64 0.89116031422417141 127 358 128 370
849 -1.3114552685095118 -0.63626470600567175 1.1119765578194032 43 45 49 1.7870714079710819 127 333 128 361 129 392
848 -0.23215316395658547 -2.1120409159748457 1.1984099261128263 1 1 1 1.3928125261005153 127 361 128 354 129 351 132 354 133 422 131 359 134 452
847 0.98181043788872635 -2.118056761255398 1.1347752586083582 80 81 86 0.83521908238307885 126 330 127 360 128 353
845 7.8285722146141499 -3.7772874138160408 4.8271207946228323 1 1 1 0.7473874317257071 121 350 122 371 123 382 124 386 125 328 126 340 127 325 128 324 129 359 130 374 131 313
844 0.71973596395866757 -0.95221945404925257 0.66356535579240861 23 23 25 1.6813361175411159 127 280 128 319 129 355 131 339 132 296 134 388 133 358 135 406 130 367 136 444 137 425
843 1.0098445903813864 -2.2240786880551049 1.5094708117059343 71 72 76 0.53621469582596193 124 378 128 316 129 327
842 2.4364681675460416 -1.8178676688239506 1.1459327837025974 184 191 203 0.85690404061630832 125 284 126 289 127 271 128 312 124 336 129 326 130 334 132 293 133 305 131 302 134 330 135 359 133 355 136 402 137 382 138 375 139 340 140 334
841 2.4434472538982566 -1.8239496710253091 1.1504630711192902 184 191 203 0.87595042572786619 125 283 126 288 127 270 128 311 124 335 129 325 130 333 132 292 133 354 131 301 134 329 135 358 136 401 140 333
840 -1.9629343802269079 -1.0779768807507584 0.088270884001268132 27 28 31 0.35268086822858241 127 305 128 303 129 324 130 328
839 -1.9629343802269079 -1.0779768807507584 0.088270884001268132 27 28 31 0.35268086822858241 127 304 128 302 129 323 130 327
838 2.7668688528931877 0.090054029577063308 2.8364864676661465 43 47 58 1.5926022394680195 125 219 126 265 127 251 128 292 129 314 130 358 132 275 133 334 144 322 145 300 146 273 147 332 148 348 149 344 150 331
837 5.5031159426113678 -0.99812024230312502 3.5329689592987004 184 191 203 1.1079688729267696 122 297 126 260 128 288 120 237 131 282
836 4.5970284867848568 -2.9442565966011958 6.933852966251286 30 33 42 0.98147399591052531 118 303 119 308 120 272 121 313 122 329 123 294 124 302 125 293 126 302 127 288 128 281 117 305 129 298 130 304 132 229 133 274 131 275 108 266 106 306 107 284 109 263 105 325 134 310 135 333 136 369 137 360 138 354 139 320 140 305 141 321 142 300 143 306 143 349 146 305 147 328 148 337 149 333 150 315 151 282 152 266 153 291 154 272 155 295 156 244 157 234 158 225 159 241 160 338 161 315 162 263
835 2.5848287463327408 -2.4399757641407307 2.985599936293335 0 0 0 1.4609544882090229 122 369 127 323 128 271 121 348 129 287 130 295
834 2.1541110525697538 -1.6624164110534938 0.80611548223905916 176 183 194 1.0050715808606183 126 240 127 224 128 260 129 274 130 283 132 251 133 299 131 257 134 326 135 354 136 396 137 377 138 373 139 338
833 2.1732280395431594 -1.6802450635401718 0.81712249362281109 176 183 194 0.81357532826599754 126 239 127 223 128 259 129 273 130 282 132 250 131 256
832 1.8398085354713047 -1.5182623646020761 0.62466530363648343 67 68 72 1.0722292802645932 126 238 127 265 128 257 129 271 130 329 131 299 132 245 133 295 134 322 135 351 136 392
831 -1.1363684019523279 1.2018904344740662 2.3032771399683338 10 10 10 0.75400436870566301 127 254 128 252 129 270 132 287 133 346 131 295
830 -1.585942254695095 0.3829533652817394 0.89729970522405034 46 64 59 0.25485157293900895 127 250 128 249 129 265 130 274 132 279 133 389 131 290
829 -1.9750328814776967 0.15895529816552909 0.14892233588294418 49 52 63 0.43512761465499222 127 240 128 243 129 305
828 -1.9822297423599806 0.15775239842683775 0.15486188694223352 49 52 63 0.13882222163460178 127 239 128 242
827 2.4100828649595409 -3.4965451212571215 4.1265374930278114 60 61 65 1.0219512698650934 124 257 125 248 126 254 127 236 128 239 129 256 130 266 132 223 133 268 131 239 134 303 135 367 136 409 137 386 138 379 139 343 140 336
826 5.4789968844301118 -3.094906600707926 3.4279998668061751 4 4 4 2.3937636997780518 118 262 119 255 127 234 128 237 117 261 116 222 105 149 106 100 107 35 109 57 115 247 114 139 108 47 129 255 131 238 103 78
825 4.2255260596489528 -2.9184825913545187 7.2891506218422073 80 84 94 1.5529212534511512 119 218 120 194 121 235 122 261 123 256 126 211 127 212 128 222 116 229 117 236 118 191 124 224 125 190 122 224 112 128 114 193 107 226 108 214 134 277 135 274 136 340 137 322 138 296 139 238 106 224
824 5.5150341655479389 -3.7841179110547705 9.3051370307890249 80 84 94 1.2756559793453488 119 217 120 193 121 234 122 260 123 255 124 223 125 189 126 210 127 211 128 221 117 235 118 190 122 223 110 157 116 228 114 192
823 -0.73532653866289077 -1.1082952306067271 1.5376695828593767 1 1 1 1.9521402424795329 127 185 128 220 129 194 132 201 133 272 131 177 129 170 134 343 135 434 134 396
822 -2.0404543963710302 0.84047772703173496 0.5955402004027941 34 55 47 0.35932958749807559 127 173 128 210 129 221
821 -0.13421281375472716 1.1042731323773542 3.9058244034342962 1 1 1 1.8141184388711846 123 209 124 204 129 246 130 278 128 209
820 0.97120569661305745 0.52510939710935844 4.9576152790147532 1 1 2 0.87792162074651992 127 203 128 206 130 254 129 245 132 184 131 226 133 216 134 286 132 212 135 290 136 354 137 335 138 365 145 257
819 3.1807872569201172 -0.045141443377542806 2.7978048289730211 0 0 0 1.4266095427041048 125 165 128 205 129 210 130 250 131 192
818 6.5300502758942445 -1.0508923196170474 6.9795515858196877 15 15 16 1.5128897011808782 120 171 122 234 123 225 124 231 125 199 126 191 127 198 128 204 118 158 130 249 132 174 133 204 131 187 134 249 135 251 136 263 137 265 138 275 144 232 145 211 146 182 147 196 148 221 149 216
817 3.5430464496402299 -2.1853805923792167 6.0349403634399463 32 35 44 0.91909885284170023 120 164 121 202 122 226 126 182 128 194 129 197 132 205 133 244 131 218 139 295 140 289 141 274 142 270 144 277 143 276 145 269 146 238 147 263
815 -1.0906479527470241 1.3039525090084616 2.3788627271877862 37 38 40 0.97239455687723475 105 229 128 183 106 235 129 190
813 -1.6969574401852163 -0.031839466770327826 0.62352290923823961 9 10 14 0.78506792030068251 127 163 128 167 129 204 130 209 132 207 131 220
812 4.2716202180969924 -3.0372319526564908 7.0459330993532472 88 93 102 0.80100763375643269 119 184 120 139 121 182 122 180 123 192 125 159 126 161 127 140 128 164 118 229 129 117 132 134 133 168 131 113 134 156 136 254 107 225 106 222 137 215 138 269 139 190 140 64 125 58
811 -1.5628112332344017 -0.73588481869195665 0.8290902620919024 18 19 21 1.5476785834462081 127 133 128 162 129 109
810 -0.00041118009163901292 1.1104994503729058 3.3753277205560748 24 22 23 1.6934472036679959 125 125 127 126 128 160 129 154 134 221 135 211
809 -0.092940162352147748 0.86094307877240428 2.3967780399588339 61 61 64 1.8801800404368034 125 122 126 123 128 158
807 -1.6079331060901878 -0.0069240494034950584 0.76692368509099529 11 19 35 0.81779193601851208 127 151 128 144 129 139 131 160
806 0.64767314676742382 0.6223840447180804 4.5841805231866717 20 20 22 0.62787818635707382 126 68 128 113 127 121
802 0.16378591557429772 0.79526794966605674 2.9183333644429856 62 62 65 0.81026642475064958 124 45 128 63
801 0.94490113685678423 -0.51325031832061274 3.8193188586331663 24 25 30 1.0541397590660821 126 64 127 65 128 53 129 90 134 106 136 162 107 60 139 145 140 192 141 190
800 6.0401574879214994 -2.0008686777400846 4.8172881587465444 47 48 52 1.1864639689773675 117 20 120 22 121 94 122 79 125 107 127 95 128 40 129 74 130 84 131 48
794 0.51322055517509146 0.90356929512706374 4.4956824183651021 48 49 51 1.7032491211640923 118 366 119 318 105 365
791 1.2889551028223805 -1.18732544980481 0.21637396725077368 114 118 125 1.0229611709282316 109 256 105 288 104 261 103 201 102 165
790 -1.3737313355744505 2.1843850779167973 -2.2394081838188908 96 97 102 0.19062936261623453 106 268 105 254 104 219
789 -0.27322120603701794 2.2287387452499372 -0.69869742680108338 43 44 46 1.5516942945787529 106 230 107 235 108 224 105 221 104 217 103 176 102 141 99 72 98 71 97 97 96 150 95 186 94 178 93 219 92 219 91 196
788 1.5950381871187465 -0.31703616147878799 3.2166360152085676 3 3 4 0.98257014566428613 127 167 105 213 128 170 129 180 130 213 132 144 131 162 141 258 142 240 144 199 143 209 145 218 146 190 147 209 148 227 149 254
787 0.62177338730596887 -0.52278225216319485 4.5336442286928982 44 48 51 1.8810615176369549 123 19 105 192
786 2.1582947093686058 1.1520296555848182 1.1626171873937503 64 66 72 0.33978200538343173 110 134 112 100 105 112
785 -2.3908751167122753 1.3101719301725261 -2.3434820488782107 101 105 117 0.58210565997270292 106 52 105 58
783 0.73944369561433232 -0.21790522066281878 3.0394745731722819 23 24 25 1.7118278659212751 122 17 105 27 123 17 104 28
781 1.3771816567099056 -2.2085457560166022 1.4962190288661985 64 66 70 1.0644715535814129 115 243 105 2 114 137 116 218 117 173
778 1.6469205952180113 -0.38822928861556549 2.6436824955919747 31 34 43 0.69383144010298736 107 10 115 21 106 16 105 61 104 85 103 58
775 0.6972607328447108 0.6536586346903005 4.5167681368881043 37 37 39 1.4297855661738987 127 374 128 366 125 381 126 397 129 374 130 411 132 374 131 371 133 416 134 448 136 498 135 449 137 490 138 475 139 442
774 5.7154062116503139 -1.1891250238045312 6.257181044619502 184 191 203 1.8743942785134693 123 464 124 460 105 379 125 409 126 416 127 401 134 463 136 473 137 468 138 455 133 438 139 421 132 367 140 411 141 390 142 374 144 393 143 385 104 366 103 294
773 5.7070588928023627 -1.1876757798296647 6.2537173703889728 184 191 203 1.9998725567657512 123 463 124 459 125 408 105 378 126 415 127 400 134 462 136 472 137 467 138 454 133 437 139 420 132 366 140 410 141 389 142 373 144 392 143 384 104 365 103 293 122 442
771 1.4181055983546149 -1.7698287520396891 0.59913592560175977 116 121 129 0.75354310352424736 116 294 106 295 115 287 105 315 104 286 103 245
770 1.5087533367077339 1.5637223451286515 -0.74375719794691786 178 185 197 1.8186195830626635 111 183 106 284
769 0.73730598528219371 0.15644041824149973 1.6891282112325974 34 37 46 1.9309817821895372 107 260 109 271 111 181 112 204 113 212 116 309 106 283 114 304 115 334 105 301 104 240 103 184
768 0.99664874556225913 0.64879375565604391 4.9470092251825459 43 43 45 1.5894214821238457 107 270 108 221 127 172 106 262 128 207 129 216 131 195 132 150 133 217 134 256 131 227 136 324 135 253 137 313 138 314 140 324 104 250
767 0.75187978045031634 -0.89239423748795932 -0.22748519723000898 68 70 74 1.2568389862171248 107 220 109 204 106 239 105 231 104 232 103 198 102 163
766 -0.29937515649891017 1.3513108634111917 3.5655263808871793 61 61 64 1.8913987263235652 107 240 127 175 106 232 105 226 128 180 130 223 129 187 132 186 133 221 131 202 134 263 135 296 136 330 137 340
765 5.0228698060495098 -5.0428700816025813 6.8711037582209125 7 7 7 0.57401463891747828 122 36 125 102 106 145 124 14 128 11
764 0.8548052633831219 -0.52331363850832602 4.4404589080050094 64 66 70 2.1130609470457111 106 131 125 74 140 132 141 150 134 118
763 2.4445416400844757 0.84837158739824414 1.2606364323676547 78 81 88 0.17831943355970004 107 147 108 161 109 155 111 108 112 96 106 126
762 2.029863631811021 0.21500438668775224 0.32074220583051904 128 133 141 0.42740724983727507 111 101 106 108 105 53 104 81
761 4.6807384847304627 -0.33164332991467982 1.7246791417023095 127 132 140 0.71498857425838214 107 6 108 140 110 118 111 55 112 127 106 107 109 130 114 236 115 254 104 164 103 82
760 4.7620247162206377 -3.34623997648599 7.1162630367630628 140 146 155 2.0835968195520662 108 10 125 57 127 138 118 53 119 105 120 138 122 135 123 160 124 25 126 89 128 84 129 115 134 154 137 144 139 81 140 169 141 172 143 160 149 17 150 12 152 7 151 13 154 38 154 99 155 88
758 -0.19228062411994812 2.4600723783680634 -2.4186421950230592 158 164 174 0.74754815665107899 107 89 106 85
757 2.7915529181060887 -3.6656194369055157 4.5350532875773739 71 73 78 0.67376227577985925 107 34 119 44 106 41
756 1.9768073243578628 1.0527635548375067 1.0434688760321826 37 38 42 0.30239132650461348 110 20 112 26 106 24
754 1.9487516946001993 -2.9108522719703558 3.5532662896619898 1 1 1 0.46234075639008321 116 8 106 9 117 12
753 1.8195572087888801 -0.88726791291569262 -0.071638885660910229 71 72 77 1.2225865250048498 112 10 106 8 104 38 102 98 103 108 101 76
752 -1.2812474709728008 1.4025718668995417 2.0470402271527957 42 43 45 1.1644137193018322 120 154 119 202 118 212 117 254 109 316 112 247 111 293 110 305 108 315 107 339 106 326
751 1.9282530226896752 -0.89284682298632478 -1.3987411407662291 180 187 198 1.5092134464278486 108 322 109 321 111 298 112 280 107 340 104 287 103 246
750 -0.2365902853833145 2.1081295584136215 -0.5847272082466296 78 79 83 1.8487562472279213 107 332 106 320 105 308 103 241 102 217 101 126 100 131 99 118 97 137 96 184 117 449 95 221 94 224
749 1.0538568157049069 0.19848460574638299 -1.8626847234158093 184 191 203 1.0583332198082072 108 372 109 358 107 391 106 380 105 373
748 2.0318480685191966 0.53226219350549286 0.189840534291218 66 69 77 1.3234238743510474 108 331 109 331 110 316 111 303 113 330 107 350 114 426 115 470 116 449 106 339 106 358 104 350 103 274 102 265 101 165 100 151 99 142
747 0.32977329017378426 -0.79069863173077948 -0.23007435698181566 1 3 10 1.1966613068489502 108 291 109 293 110 290 111 276 112 284 113 297 107 342 106 328 105 347 104 342 103 290
745 -0.27677224572941894 2.4853021750184521 -0.46657842035823083 74 75 79 1.7932792326023164 108 281 109 281 107 336 106 323 105 311 104 280 103 218 102 179 101 128 100 110 99 98 98 90 97 98 96 151 95 187
742 0.21514355523468959 -0.66044804784094635 -0.20991790848481229 75 70 64 0.47967462172023678 108 260 110 257 111 245 112 225 107 279 106 299
741 -1.3489717690758158 2.2002581575871303 -2.2326333537455243 96 97 102 0.66675448576301988 108 250 107 274 106 267 105 253 104 218 103 171 102 137 101 66 100 65 99 51 98 38 97 17 96 33
740 2.4773443272790243 1.6243608865682055 1.4290731661041927 43 44 47 1.031816248167827 108 245 109 236 110 242 111 230 112 211 113 220 107 265 106 260 105 247 104 245 103 187 102 158 101 110 100 91 99 92 98 124
739 0.14635136801125787 -0.24365245391369131 3.0025429798331378 42 44 48 2.0255667533275523 119 188 106 258 105 276 130 214 132 179 133 208 135 285 134 250 136 318 137 334 137 305
738 1.3213070448459918 1.3882211458204134 -0.69480155230365082 0 0 0 0.9727142606249648 108 239 109 229 117 400 118 405
736 0.71024667134363417 0.6351015833845689 4.5570089861541305 42 43 46 0.5927413384800081 124 172 107 232 106 206 105 194
735 1.423007614291989 2.1109122547838304 -0.65632398531469027 165 171 182 0.50682280704769478 109 158 107 208
734 2.1966311002823136 0.18004593936976857 0.43309979129565368 128 133 141 0.3364746108165495 108 185 110 117 107 184 112 11
733 -0.42504662620639472 2.3996157526314486 -2.5064549276482575 158 164 175 1.8577232949042619 112 110 106 86 103 67
732 -2.1596610680771899 1.492329915707949 -2.4256171464046212 129 134 142 0.71106343940564276 109 154 107 68
731 0.90230041412491213 -0.49159809653057396 3.7171373331536048 26 27 33 0.54868643539098449 126 65 127 66 107 61 128 54 129 91 130 95 132 48 133 56 131 92 137 153 134 107 136 163 135 132 138 221
729 2.7467799371825397 0.84143239044442053 1.5611827713715807 13 14 17 1.1857919621668755 108 33 113 65 115 39 116 86 107 15 117 151 106 21 105 64 104 87 103 61
728 1.1172243014837071 1.0528999584385408 -0.066105263204567305 123 128 136 0.43616211975367636 121 122 107 12
725 4.8416664755423495 -1.4155699062206917 6.4958288142004159 184 191 203 1.3697413474915376 123 441 124 444 125 376 126 388 127 398 128 389 129 397 130 407 132 347 133 405 131 368 134 442 135 416 136 470 137 465 139 418 140 408 142 349 141 367 145 361
724 0.44777262793655837 -2.0166848692520696 1.2923433382113574 61 62 64 0.844531956372782 125 398 126 406 127 383 128 372 129 385
723 -2.3332725166527202 1.375565458738186 0.56036179918851559 2 7 23 1.7607553569844343 125 394 126 402 124 453 127 379
722 -0.30724903185190833 0.17605155305151748 2.9297233145021671 2 2 2 1.065103572924091 126 394 127 372 128 393 129 400 130 410
721 6.4435833583262685 -1.7393538296091009 4.9932708799619014 184 191 203 1.1097137572331781 118 356 119 348 120 328 121 372 122 390 123 400 124 403 125 339 126 387 127 369 117 355 116 303 106 281 105 298 128 364 129 366 130 406 132 343 133 375 131 348 134 402 135 381 136 424 137 402 138 396 139 360 140 310 141 324 142 302 144 311 143 308 145 289 146 262 147 283 148 339 149 338 150 321 151 284 152 270 153 261 104 265 154 275 155 298 156 249 157 257
720 -2.0743916498458095 0.1676531785889025 0.071368318270079459 2 7 28 1.4056728043364362 108 300 127 368
719 -0.2487828176066888 -2.0827856714717408 1.1750398922679524 1 1 1 1.9799961000511039 126 405 127 362 130 394
718 6.6690334115963017 -2.1619213187789992 5.5499931412504742 44 45 48 1.4072908758519656 117 353 118 306 119 347 120 326 121 370 122 388 123 399 124 402 125 338 126 352 127 338 116 343 107 285 106 278 105 296 132 313 131 347 133 374 134 357 135 380 136 371 137 401 138 357 139 324 140 308 141 287 142 299 144 309 143 305 145 287 146 261 147 282 148 303 149 300 150 268 150 318 151 281 152 269 153 259 104 300 103 227 154 241 155 262 156 247 157 237 158 228 102 264 159 244 160 307 115 325 161 313 162 265 163 220 164 260 165 253
717 3.9663933981489565 -4.2806398749576973 6.890946986456318 2 2 2 1.7722011650016265 118 396 119 394 120 313 121 358 122 420 123 435 124 393 125 371 126 383 127 332 107 372 128 328 129 361 130 376 132 342 133 371 131 345 134 399 137 436 138 429 139 414 140 404 141 387
716 4.4160446160626874 -3.7076450370342164 5.289660965130758 57 58 60 1.0960920476270617 115 358 117 388 118 344 120 311 121 353 122 372 123 385 124 388 125 330 126 342 127 329 113 276 114 336 116 369 119 388 128 325 130 345 105 317 132 308 133 321 133 368 131 316 134 346 136 418 137 396 138 388 139 354 140 347 140 381 141 361
715 3.2122367486484524 -2.9410477691764063 3.6525896682516823 0 0 1 1.9691376865049157 118 340 121 349 122 370 125 327 126 339 127 324 123 431 124 436 120 347 126 380 128 323 128 272 130 341 132 262 133 317 131 272 134 338 135 369 136 413 137 394 141 358 140 342 142 321 139 348 144 370 131 343 143 366 145 344 146 333 147 354 148 366
714 -0.51069787670805689 -1.030822501852541 0.43123477269039223 59 60 63 1.1802992842753444 126 334 127 316 129 353 128 315 130 364 132 332 131 334
713 2.1049378357498765 -1.6755645572571387 1.0206384645122231 61 62 66 0.89614874356848617 124 295 125 285 126 290 127 314
712 0.47092407456944585 -2.0780410065360466 1.2705845667802549 61 62 64 0.12426318500583906 125 321 126 332 127 313
711 2.0378314684012233 -1.6188128236623163 0.8371496341798168 54 55 59 0.74149590912713803 125 279 126 331 127 312 128 309 129 349 130 362
710 -0.82363903484440826 -2.0893163909867143 0.92884421181585464 41 42 44 0.32550648755602651 126 283 127 310 128 308 130 287
709 -1.4738996821249375 -0.72025213760185303 0.84380900892125421 39 40 43 1.021755439885571 126 299 127 285 128 276 129 293 130 298 131 315
708 -1.4779312802608482 -0.72358271183055234 0.85155530107342525 39 40 43 0.82189408066628866 126 298 127 284 128 275 129 292 130 297 132 302 133 398 131 314 134 428
707 4.5645174254784342 -4.9692885760363055 6.6663245594892162 155 161 171 0.70322155019346588 119 336 120 265 121 306 122 291 123 337 124 340 125 289 126 297 127 283 128 274 129 291 130 300
706 4.3585347634843021 -3.1338521845642942 2.5786120260478977 150 155 164 1.3426174599229321 123 248 124 298 125 245 126 294 127 277 128 269 129 286 130 292 132 257 131 267 134 390 142 344 144 336 143 331 145 314
705 -2.3156265482797491 1.0428241937983385 0.29038984593221528 83 84 89 0.32717905790140406 126 230 127 260 128 300
704 -1.9447211070359123 0.3387685624178397 0.3749808604927955 47 56 73 0.16805551775748032 126 262 127 246 128 289
703 5.4095259985299124 -0.89172567663105906 5.3547851032553622 33 35 44 0.51252748151279359 120 241 125 217 126 216 127 245
702 -2.0339115337433524 0.18267276912588126 0.10665993045584095 5 59 27 0.67400295193065651 126 213 127 241 128 245 129 306
700 0.86218418404898134 -1.1075744629341873 0.48476901026940988 52 55 63 0.56261770402075872 125 243 126 246 127 228 128 235 129 279 130 289 132 249 133 298 131 260 134 324 135 350
699 -0.29405380038968709 1.2733332434136733 3.8029051018726765 3 3 3 1.6679921306503052 126 222 127 219 128 251 129 269 130 323 132 284 131 293 134 416 132 326 135 423 136 478 137 473 138 462
698 4.1024004255545288 -2.6384064326351013 6.6710169912239552 82 86 97 1.2648794574685438 119 220 120 163 121 201 122 225 123 220 124 225 125 191 126 181 127 213 118 192 108 215 117 237 109 182 116 230 110 158 107 257 106 247 128 193 128 223 132 162 133 196 134 241 135 235 136 303 137 291 138 297 139 265 140 287
697 3.8250155027747668 -2.936964864605625 6.8849813004776559 32 35 44 1.8280128082206271 120 160 121 181 122 222 123 254 126 209 127 210 119 183 124 222 124 262 117 185 118 103 120 106 107 255 128 241 129 233 130 269 132 228 133 273 131 243 109 129 111 99 114 143 115 127 116 171 108 235 113 109 134 309 135 334 136 339 137 359 138 355 139 323 140 309 141 322 142 301 144 355 144 310 143 307 145 288 146 308 147 327 149 335
696 4.2514763776507696 -2.934333272657994 3.1464318057405611 70 71 75 1.9241405174876662 121 230 123 251 124 256 125 211 127 206 115 193 129 226 132 156 133 193 131 213 134 233 144 305 149 266 148 240 147 277 146 258 150 235 148 297
695 -1.1811414009607291 1.266292549401508 2.2741632758455332 32 32 34 0.48412473743788986 126 174 127 176 128 212
694 0.68904243683413469 -1.1948274810611716 0.57959453364853486 55 57 65 0.40098500418422317 125 131 127 161 132 154 133 187 134 229 135 263 136 292
692 -0.21336366210886609 -1.3686894093235382 2.0476514413680511 38 40 43 0.11058471638040789 126 86 127 134 128 83
691 3.2997756301078551 -1.4884575226485559 4.7850036748025078 69 73 84 1.6135404331017227 119 114 120 70 121 100 122 87 123 129 124 117 125 69 126 97 127 101 107 47 128 95 129 81 130 57 132 80 131 59 133 53
690 -1.4292182335073527 -0.71688552529480676 0.78856750087664362 53 56 60 0.23663803789301147 126 85 127 91 128 78 129 110
689 2.9221742841946061 -3.0804572636815726 3.6280298785972884 21 21 22 1.2244011490947257 119 1 120 59 121 34 122 75 127 90 123 2 123 116 128 9 130 82 132 12 133 44 134 47 135 15 135 188 136 76 136 200 137 74 137 209 142 208 104 8
688 -1.9416623491686513 -0.26844303704151218 0.011773192367952018 48 50 54 0.53207887859736969 122 76 127 89
687 2.074972442279833 -1.7224927870030966 0.9092929152684619 69 71 75 0.55476829757579649 125 1 126 4 127 42
685 1.5625179063822667 -0.31134143855549035 3.3787123171517579 24 24 25 0.68564584018697128 122 18 127 29 128 57 129 32 130 63 132 27 133 24 131 26
684 1.0654288979521662 -0.40795874016379075 3.4518622188030519 22 23 27 0.79405990296987661 120 6 126 32 127 27 129 54 130 62 132 50 134 26 136 24
683 0.57084663209986986 -2.2885471415319425 1.8625976158289885 85 86 91 1.0135869543329734 125 10 127 10 132 38 133 70 131 45 134 86 135 114 136 195 137 204 138 245
682 2.2090098150141309 1.1293359740672477 0.0040827645841321619 184 191 203 1.6887065684784586 109 402 110 360 111 364 112 349 108 396 109 383 107 413 106 403 105 391
680 -2.2229913948627056 1.3338592295902585 -2.3266739978486224 81 85 96 0.89978102327254761 109 75 108 19
678 -0.79066985489757402 2.2522913750156461 -2.0645893581077139 184 191 203 1.3018270858975327 109 310 108 309 107 327 106 318 105 305
676 -0.29418423169585745 2.4534090060129548 -0.6995825694047062 73 74 79 1.8723137573296271 115 374 104 279 103 217 102 178 101 112 100 108 99 96 98 88 97 119 96 167 95 197 94 205 93 220 92 218
675 5.0093503113907829 1.5561991641157698 3.2526258977773255 159 165 175 0.68960541389469543 109 233 110 240 111 228 112 209 113 218 114 283 108 242 107 263 106 259 105 245 104 212 103 165 102 131
674 0.24536895320889118 1.9382387752383552 -0.65441322043945871 129 135 145 0.50499308473268045 109 195 110 175 111 159 112 143 108 198
673 -0.38127084702033293 2.1671656952764899 -1.7965994064907853 158 164 175 0.046706583587115123 109 115 108 166
672 1.1467520395345194 -2.0544791593882259 1.0783623501616888 45 45 48 0.57472941380116416 113 134 114 181 115 236 108 108 116 213
671 0.56040169019591979 0.65953401449486693 4.2547843428874046 37 38 41 1.382278876453968 122 63 108 95 127 71 126 35 134 133
670 4.8099650986020626 1.0803534595182742 2.1071324375892182 184 191 203 1.9849045098597184 109 156 117 101 108 69 116 87 107 57
669 4.0785291886525155 -2.0862288704073113 6.2666274931787296 63 66 76 2.2892115836596196 116 65 117 78 118 60 123 128 119 113 121 99 122 86 120 69 125 67 124 116 126 96 127 103 107 46 115 89 106 116 108 54
668 -2.2861562428599842 1.3501320397422254 -2.3677474702055963 81 86 97 0.94114273826267258 109 74 108 49
666 1.5304182707646437 -0.25905923414223897 3.2288689145989795 45 46 48 0.29311041302954716 117 91 126 107 108 25 127 113 128 107 133 93 131 98 134 120 139 149
665 1.4695448109925537 -0.25422020802496903 3.1443223525024457 45 46 48 2.0218681671208638 126 106 108 24 127 112 128 106 130 144 132 116 133 92 131 97 134 119 140 189 142 214 143 211 145 222 146 191 147 211 104 125
660 -2.7365850493304413 0.66362649046015543 -0.51951146860105024 54 57 66 1.1038665935904086 122 95 120 74 119 120 118 74 117 92 116 80 115 95 114 85 112 61 113 60 111 71 110 131 121 154 123 198
659 0.98476587301654683 -0.33500120435032188 3.5941042663038498 8 8 9 0.77232884047916661 117 145 111 106 110 130 121 158 122 149 123 171 124 194 125 164 120 122 126 166 108 195 127 169 107 204 128 172 129 182 130 215 132 178 133 175 131 190 134 212 135 252 136 272 137 304 138 310 139 275
658 -0.32702763726993905 2.3298805374766034 -1.7429026054844792 184 191 203 1.3366578787818773 109 407 110 381
657 -0.32702763726993905 2.3298805374766034 -1.7429026054844792 184 191 203 1.3366578787818773 109 406 110 380
656 1.0624333794994638 1.9218938738187012 -0.92470069350616768 184 191 203 0.98051171470456422 109 385 111 350 112 352 110 361 108 382 107 402 106 405 105 393 104 367 103 296
653 -0.92271175585362286 2.3944818449002176 -1.5907158285192315 28 29 31 1.3776015709626934 111 339 110 352 109 377
650 4.1592736206951182 -2.2273011019627869 0.76692070096698772 102 105 112 1.6037632164899129 112 306 114 420 115 460 110 312
649 -1.4064329059773697 2.1934038067597248 -2.0505194622841638 61 62 66 1.0913015251690621 109 350 111 318 110 308 108 314
646 1.2984888176716576 -0.69445809130740865 -1.3137072207620581 8 8 9 1.2408262562625199 109 290 111 271 112 281 113 295 110 286 108 289 107 309 106 271
645 -2.2204660452846769 1.036746006643974 0.77033620938286274 0 0 0 1.0627605939928964 109 314 113 225 108 348
644 -2.4305523047123216 0.70335893701556551 -0.15193464778587901 0 0 0 0.75772166910701755 109 276 111 224 110 270
643 0.4820268531177313 -0.6183321421867034 4.4641585471758303 0 0 0 1.5972893692626131 109 274 115 336
642 1.4981340676256958 -2.2940107026807111 1.4420933013918555 41 41 44 0.88551026899434337 111 202 113 239 114 294 115 350 116 361 110 219 108 259 107 278 106 297 105 314 104 285
641 -0.47138709553803054 -0.55240756803694757 2.1847834272707485 52 53 57 0.12542257627652845 114 241 115 257 110 199
640 0.10014932246229642 1.1885481075633779 3.9154681015998061 38 38 39 0.44422864231455594 118 172 110 179
639 1.1569297513666608 1.6007526937184542 -0.61869629286949068 105 109 116 0.68395327882338874 111 154 117 289 110 171 112 137 108 196 107 205 106 199 104 123
638 0.11765695635807712 2.4536206936986007 -1.7849842588552627 158 164 174 0.11135397161924696 111 115 110 137
636 -1.0411587084893485 2.1363741207606259 -2.226919827781324 158 164 175 0.72540023908933104 113 133 110 106
635 -0.63978354268750859 -0.64967629752292388 2.1012324995066098 39 40 42 1.0419759935079589 113 53 118 109 119 108 110 51
634 3.3033309326105362 -2.3787325967848063 1.4221709367801936 66 67 71 1.3478893870114323 113 105 115 191 116 161 110 38 117 172 108 111 114 138 116 160 107 97
633 0.72564963549505412 -0.34502920776192814 3.3525351771305942 59 61 67 0.26389815586257681 115 27 110 15
627 -1.9032236864132734 0.24926179175606647 0.036128634888042924 3 14 38 1.2758471518043266 113 368 114 442 111 361 110 376
626 -1.9032236864132734 0.24926179175606647 0.036128634888042924 3 14 38 1.2758471518043266 113 367 114 441 111 360 110 375
625 -3.1106651744822797 1.7777654191964309 -0.36187823420982013 2 2 2 1.3305573117318241 112 345 111 357
624 -1.3202208499073707 -0.92023821878638878 1.3602563583733243 0 0 0 0.97274848012835835 109 381 113 325 110 333 108 393
623 -1.4097858746029719 2.1881774483095509 -2.0540418224377843 64 65 69 0.31388376950864494 112 303 111 317 108 313
622 -1.2749485692562654 2.1375325810377657 -1.972772323104881 97 98 103 1.4374691350293523 112 325 111 315 108 342
621 -2.6698955118713283 0.623229873797431 -0.48169052765491888 0 0 0 0.021671593638069916 118 313 119 313
618 -2.4651736535428221 -0.1786075547287814 -0.35066638919354937 58 59 63 0.99918840576872747 112 224 123 457 111 243 110 255
617 -0.67638902112359101 -0.45380185336639245 1.9364380208382674 56 58 61 0.22678701071794832 109 267 113 209 114 272 111 216 110 231
616 -0.26940834416541992 2.2333289259526703 -0.66560829950072997 32 33 35 0.37741886045782014 113 231 111 197 108 223 107 234
614 1.2597871619025482 -0.7455503433723919 -0.67793839442571124 93 95 101 0.88750078439140667 114 226 115 286 111 126
613 -3.2790776955107335 1.7320816957600826 -0.25085521561921148 36 41 44 0.70399676054427163 113 97 111 123
612 -0.39078736005820286 2.1314710049801167 2.1017713305212791 52 52 55 0.54902514241736089 109 168 112 107 113 121 111 121 110 143
610 0.85851502615593034 -0.31410458892361515 3.4981457389684101 15 15 18 1.0652005467969723 114 153 117 144 111 105 110 129
609 -2.2181811784496492 1.2991929167000318 -2.3284490071504873 0 0 0 0.99677706225343221 112 87 113 151
608 -2.5089317531346089 1.4847394538691903 -2.6929591255519183 158 164 174 0.19531065157308897 109 180 111 95
607 -3.2903823392845819 1.7228441021546868 -0.22520134866624139 37 47 49 1.1380461994424544 112 81 121 30 111 87
606 -3.116197135443437 1.6841798645453188 -0.190545023560791 39 40 42 0.58048308278882355 113 36 111 85 110 144
605 2.8783647453129562 1.0200450471556066 1.7449122580392056 16 17 20 0.99791074499462695 109 41 112 28 116 141 111 76 110 22 108 76
603 -1.1147381691012375 1.0755764711638978 2.0490427137931562 38 39 41 2.4894946913808034 122 316 121 255 123 316 124 320 125 306 120 217 119 290 118 279 117 286 109 240 126 315 116 277 113 221 112 180 115 306 111 190 110 244
602 -1.3649761573863246 2.1533319167264255 -2.105239004910024 0 0 0 0.62915988064073847 112 328 113 377 108 344 107 362 106 344 105 364 104 333 103 262 102 254 101 154 100 130 98 123
601 -0.53396688310090168 -1.601539464251575 0.83606014382033389 1 1 1 0.60652959860362288 109 396 113 364 110 373
600 -1.2776341640323119 2.3403495512600094 -2.4051244741963744 49 50 53 0.84901502582912303 112 329 113 362
599 -1.3897315163692763 2.1386670203524019 -1.9410677317139431 29 30 32 1.596033830507869 112 327 113 361 107 363 106 346 108 345 105 366
598 -1.344568044435503 2.1107533653486583 -2.0068746296470943 97 98 104 1.5435674100289669 114 455 113 360 107 333 106 321 105 309 104 276 103 214
257 4.3539763474365847 -2.961040864436157 2.7730284238903162 1 1 1 1.1147576176809315 109 294 125 400 126 408 110 259 127 389 128 378 129 386 130 399 132 337 133 362 131 341 134 394 135 408 136 447 137 431 138 422 139 384 140 374 141 357 142 318 144 338 143 336 145 316 146 295 147 312
256 1.2299164136274217 -1.1957321168447415 0.90152215888876475 4 5 7 0.5184745204833433 122 321 123 376 124 381 125 366 121 266 126 377 127 388
2613 -1.7372684565078336 1.8315648099290431 -4.0787474609343182 25 25 93 0.49496304842755845 97 124 98 142 96 170 95 191 94 182 93 196 92 181 91 157 90 171
255 -2.1847591393918622 1.0461231072596227 0.31782128213212152 71 72 76 1.1169112200042055 123 363 125 348 126 361 127 376
2612 -1.7372684565078336 1.8315648099290431 -4.0787474609343182 25 25 93 0.49496304842755845 97 123 98 141 96 169 95 190 94 181 93 195 92 180 91 156 90 170
254 3.2698886136540462 0.93231656139931773 2.1035069540698688 29 29 31 0.29237402337962437 123 314 124 360 125 347
2611 -0.31838572822492434 1.697531921934885 -0.60014191601581302 184 191 203 1.676112312422666 97 77 96 166 95 209
252 -0.14228599652561794 2.2607878054611295 1.7946512387289026 28 26 27 0.54845075084376693 124 375 125 316 126 372
2609 -1.7026507564286717 3.2092718757318863 -4.2307012922725153 184 191 203 1.2423633709043982 97 125 98 143 96 155 95 192 94 167 93 173
251 -2.6402101506624565 1.0661577774469655 -0.13395946213982113 5 6 8 0.31507812572144606 124 324 125 311
2608 -0.28075124967448567 0.98525380782189476 -3.2262680068488852 158 164 175 0.57890700493937175 99 101 96 154 100 112
250 -2.0090738428489301 0.85863589379638072 0.55319815178634668 46 56 55 0.05003366958990256 124 318 125 304 126 314 127 347
2607 -0.28901290232477567 0.98436851113922563 -3.2216152215648672 158 164 175 0.50743738503079716 99 102 96 153
249 -2.3119967169914899 0.24074713445749271 -0.076321753690023197 76 85 83 1.4045184006497444 124 350 125 295 119 309 118 305 117 306 126 304 115 327 116 302 114 301 112 232 113 248 111 248 127 292
2606 -1.3652344444512721 2.1020585962453282 -2.0201415754725431 94 95 101 0.87679529350845686 97 90 96 143 95 177 98 83 94 196
248 -0.51038207710014483 2.2191803490180071 1.8242249361815106 39 39 41 0.10142269030079602 124 292 125 277 126 280
2605 0.43439313981066308 2.0109950712899107 -1.116825410141294 64 68 78 1.9064408236911192 97 63 96 124 95 164 94 156 93 184 92 194 91 193
247 -0.51027879044173574 2.1302174560560339 1.8381562984019861 22 22 24 0.30466781225833017 124 289 125 276 126 279
2604 1.7268586895678868 1.4499379746226317 -0.48612055245773272 87 88 93 0.34388359818896025 98 35 96 107 95 155
246 -2.0045297935952076 1.1026368065193366 0.70795452355308341 38 59 48 0.19445423549673546 124 281 125 264 126 274 127 258 128 299
2603 -0.23290409050408573 2.7406060194222048 -2.2425573687183022 158 164 174 1.7453716642588446 97 14 96 32 95 9
245 3.2254701663879501 1.058731336011836 2.0648416551020241 68 69 73 1.7981426471629425 122 279 125 262 126 272 132 285 133 342 134 316 135 342
2602 0.85301120336624792 2.2338513706897389 -1.2858828391526345 105 109 116 1.8246731815043327 97 84 105 360 112 340 104 328 102 208
244 3.1399856150459202 0.74734250666016544 2.1038129676183948 0 0 0 1.2257961542159701 123 232 125 221 126 267 127 252 132 280 133 283 134 315
243 -0.4662560913939241 1.9995376824764177 2.0895759555141762 27 25 26 0.3198003999597514 123 245 124 246 125 205 126 234 127 262
2600 -0.059371169077990907 2.5503903099721872 -0.70558951408357595 15 15 19 1.1345509025515328 98 70 97 80 94 162 93 165 92 170 91 151 90 192
242 -2.3022497795420995 1.0391130563081914 0.27830034360410855 80 81 86 0.61124068511863172 124 240 125 203 126 229 108 251 127 259
2599 -1.9606969343929277 2.7558505860972233 -2.8898781556085908 50 51 54 1.8298106838042105 96 158 95 195 94 192 93 203 92 211 91 186
241 1.0615101508915408 -0.52640948459001669 3.6711386307604972 21 22 23 0.55051687758032664 121 205 125 196 120 166 126 186 127 195 128 229 130 247 132 209 133 247 131 222 135 311 140 319
2598 -1.3933318038841151 2.1299911273198759 -2.0996908464319191 0 0 0 0.43911833113061816 98 82 97 89 96 142
240 1.2354622232371151 -1.9349027929045208 1.5698564306809595 51 52 56 0.28293747378883216 122 218 124 216 125 184
239 -0.34159270774949824 2.1198628312679801 1.930956243250761 16 16 17 0.41299067543116702 124 178 125 179 126 175
238 -1.0391918138788301 1.1155990281544792 2.2938549370645047 7 7 8 0.75129191392565586 124 207 125 173 126 171 127 174 128 181 129 220
2595 -2.0880558445304542 3.6537071609187892 -3.7250514503474501 33 36 45 0.8431130958888069 99 117 97 74 98 85 96 133 98 125 95 156
237 4.0916391059823667 0.20724674152871966 2.4706158796646918 78 82 90 1.085171770712184 122 161 124 198 125 166 123 182 126 193 135 284 136 315 137 301 138 308 140 270 141 256 142 236 144 235 143 241 145 215 146 186 147 200 149 219 153 181
2594 -0.32831447984142403 0.90613143049672074 -3.3395148322146135 184 191 203 0.78453146941475838 98 49 97 42 96 118
236 -0.33956183505759568 2.15823629902544 1.8429710858086177 0 0 1 0.84212717773982015 124 137 125 153 126 201
2593 0.90930503166539223 2.1556158230204394 -1.2020425725846622 184 191 203 1.6749387197071846 99 48 97 38 96 109 98 44 95 157 94 153 93 180 92 216 91 190
235 -0.37384865315269061 2.1446962269319876 1.8855501180584331 79 80 84 0.099218213858721746 124 136 125 151 126 176
2592 -1.3657862613508833 2.0625314709194109 -1.9491812669422579 51 52 55 0.31144684495195168 98 14 97 18 95 55
234 3.3961253295730547 -0.16968633047297851 2.9562108810847487 20 20 21 1.0417105842839423 121 110 122 96 123 134 124 161 125 144 126 147 127 156 128 152 132 117 133 139 131 164 153 159 152 151
2591 4.9383134616888951 -2.8379390552308141 7.4567540474014153 99 103 113 0.65791555364146215 176 114 177 85
232 3.4295046080547791 -0.16369214386292991 2.9073877647892932 25 26 29 1.4884470577145874 121 54 122 50 123 133 124 125 125 120 120 40 119 64 126 113 127 116 132 87 133 89 134 108 135 131 138 110 144 131 147 85 148 169 150 129 151 155 152 128 103 12 102 41 101 19
2589 3.6843070714533295 -1.919739846953173 6.5172960167154894 37 40 50 0.58385695991866049 175 192 176 153
231 4.1910321994414321 -2.3247901432694635 2.1967055550743737 32 33 35 0.45593743358335725 121 33 125 98 124 67 126 83 122 133 123 154 125 132 127 52
2588 6.4520439593042624 -2.1846719547797453 5.6476369984673385 33 35 45 0.6284496929699015 174 134 175 168 176 138 177 142 178 126
230 3.5011799071674115 0.62020378032769641 1.8857065845701164 88 92 101 1.9075414278342824 123 95 125 86 121 67 122 24 120 51 121 21 120 12 145 29 146 19 147 18 148 35 134 34 136 34 149 36 150 30
2587 6.6531509128520758 -2.2411685339999279 5.4029217720455902 80 81 86 0.68799288381517865 172 111 176 134 177 122
229 3.6935560803498162 0.32032985485472898 2.0555836893148647 145 150 160 1.9025904389201105 121 19 122 23 124 127 125 85
2586 7.2109304789199236 -2.322729181386352 5.5559826345365018 184 191 203 1.2198164174522539 174 127 175 161 176 132 177 147 178 122
228 3.5504625395985627 -0.15257302979503423 3.0437215147402434 46 47 52 1.4540700835445457 121 58 122 53 123 79 124 86 125 83 120 46 126 117 127 120 128 112 129 144 130 148 132 93 133 94 131 102 134 114
227 3.6718587415352153 -0.17436359359857917 3.1563277520971407 46 47 52 1.0587592169620221 121 57 123 78 125 82 120 45 126 116 127 119 128 111 129 143 130 147 131 101
2584 7.4722677345880006 -1.297315339941054 5.6614465635122961 184 191 203 1.2151429719966718 174 116 175 146 176 105 177 113
223 -1.9665709191727778 0.17455079201333587 0.14665871137680231 59 62 71 0.30941246081666912 123 62 125 61 127 99
222 -0.082688230761421955 1.1521315379005392 3.4727305969579447 53 53 56 0.6813118678695862 122 121 125 44 126 72 133 150 131 30 135 166 137 188
2579 7.1103432174259238 -0.89871076992658272 5.5813038323078867 140 146 155 0.67008912330647474 175 57 176 41 177 67
221 -0.19739968929268895 1.2078892326280275 3.8194155555003246 35 36 38 1.6650195029662005 123 36 125 42 126 125 118 34 119 85 115 49 127 77 133 148 132 122 135 164 136 283 137 247
2578 5.6242603081836018 -1.357783873428924 4.4651996214592771 0 0 0 0.37909488057710627 172 62 173 59
220 1.0529869433986867 -0.4922563991400507 3.5594032856257503 37 37 39 0.35227639471829481 122 46 124 37 125 35 126 31 127 25 128 19 133 55 134 56 135 73 136 91 137 152
2577 3.5638003955877222 -2.3603226105192614 6.2616609146611264 42 44 48 0.42687577735426402 174 173 175 188 176 152
219 1.2170760805485898 -0.97334968485024431 3.9454449825077211 30 33 42 0.74532415019282994 121 376 122 395 123 404 124 407 125 343 120 330 119 357 118 361 130 387 132 346 133 380 131 352 134 405 135 443 136 469 137 470 138 457 139 423 140 433 141 413 142 376
2576 4.1879967113751446 -2.8662352578748918 7.5830902220738725 42 44 48 1.8009176202258859 171 150 174 170 176 148
218 1.2178190602515677 -0.9756069640957219 3.9504608928224223 30 33 42 0.73388397595086174 124 406 125 342 126 356 127 339 128 337 129 340 130 386 132 345 133 379 131 351 118 360 119 356 120 329 121 375 122 394 123 403 134 404 135 442 136 468 137 469 138 456 139 422 140 432 141 412 142 375
2575 3.7949904212725922 -3.6600339372959021 6.4783218885744658 43 45 48 0.75283867710537766 174 176 175 180 176 144
217 1.5622627120249224 -0.21925458625277558 3.2241703655161751 29 29 31 1.1897485486077723 121 323 122 340 123 351 124 355 120 281 119 361 117 360 112 234 127 342 107 324 105 328 128 345 129 345 132 322 133 385 134 410 135 418 136 456 138 436 139 397 141 394 142 353 144 382 143 371 145 368 146 357
2574 3.6155304273263948 -2.0330076478021941 6.3819370691090835 122 127 135 1.3812938144191254 173 184 174 174 175 174
215 1.4900077262452316 -0.24239909884713398 3.3889895039421383 20 21 24 1.356023282348805 121 56 122 52 123 76 124 84 125 119 120 44 119 70 118 21 117 30 126 109 108 29 127 115 128 109 129 97 132 90 133 98 131 100 134 124 135 145 136 171 137 165 138 168 139 204 140 194 142 189 144 205 143 213 145 189 146 192 147 212
2572 5.3304564296476693 -2.6375130237102229 6.7148155406298837 32 35 44 1.6271293132597553 173 174 174 151 175 165 176 133 177 120 178 97 179 83
214 1.4894403656139681 -0.24840253484197591 3.3988165826822954 20 21 24 0.98310989600649801 121 55 122 51 123 75 124 83 125 118 120 43 119 69 117 29 126 108 108 28 127 114 128 108 129 96 132 89 133 97 131 99 134 123 135 144 136 170 137 164 138 167 139 203
2571 3.9737408504469647 -1.6277455456461605 6.1900482477161818 9 10 12 0.61147180153877112 174 140 175 150 176 125 177 129 176 142 178 109 179 89
213 -0.25449222887610173 -0.18098677508362584 2.794907922689001 25 26 28 1.9909766677156842 109 334 121 377 123 405 124 408 121 322 122 339 123 349 125 344 120 280 119 359 118 316 126 358 108 336 128 343 129 343 132 348 131 353 135 445
2570 4.9460008605860226 -2.8943634422718492 7.0765198102049771 102 107 117 1.5250261016404527 173 131 175 135
212 3.4723570886818775 0.58157575283674767 1.9416077504790077 25 27 35 1.895151095271103 122 429 123 446 124 463 125 413 134 467 135 467 148 392 149 383
2569 5.7819097358197418 -2.6550233395195395 6.1825290326741875 36 39 49 0.94223262417734654 173 117 174 111 175 123 176 97 177 84
211 3.2145652653321268 0.5416456026936598 2.4516813797948558 3 4 5 2.2088171738606603 121 379 122 430 123 444 124 448 125 380 120 331 119 407 118 402 117 439 126 395 127 406 128 395 129 402 132 372 131 373 135 447 136 476 137 471 138 461 139 427 134 446 140 416 133 413 104 304 103 233 102 250 101 149 100 124
2568 5.9788245919309073 -1.4286426801262575 4.9891601483329548 97 101 111 0.6997387763618681 174 87 175 120 176 108
209 -2.3601681697688983 -0.084638315310340412 -0.46995019709581631 81 82 87 0.4730265130342991 124 430 125 364
2566 6.8435941542052454 -1.040831417338312 5.4748066571329614 147 153 162 0.2984951120191236 174 99 175 104 176 94
208 -0.5308089254802475 2.0988018303145117 2.0019141136601442 68 68 72 1.2612174540377123 122 360 124 429 125 360 105 371 104 339 103 289
2565 6.4218669238839361 -2.0533666560915327 5.3571455032312176 77 78 83 0.20317092514672269 173 88 174 96 175 96 176 89
207 -2.4749682004548141 1.290874325579725 0.19847334625401797 2 7 24 1.556397938999309 124 426 125 356 108 369 109 354
206 3.4716342027792306 0.53750877680240727 1.7707793746564338 184 191 203 1.711354629925004 121 287 122 311 123 355 120 211 150 280 151 265 152 205 151 229 153 237 154 226
2563 6.0002168865477312 -1.7614736774776523 5.5104890475492789 61 65 75 2.0691666856796993 173 64 174 43 175 48
205 -0.2774411186704358 -0.55892081331225485 2.6175114851727455 23 24 25 0.96585933150846492 122 393 123 402 124 405 125 341 120 278 121 320 126 355 107 378 128 365
2562 6.214118029676226 -2.3363155243419724 6.272414896754297 33 36 45 1.7281501880654033 171 131 174 169 175 187 176 151 177 138 178 123
204 -0.27817346169182106 -0.55558843126465784 2.6105866404171523 23 24 25 0.97697922194406739 122 392 123 401 124 404 121 373 125 340 120 277 121 319 119 355 126 354 107 379 108 332
2561 5.5538058669851473 -2.5598417601675956 6.4847582159535069 33 36 46 1.2715253536765381 172 159 173 173 174 167 175 166 176 149 177 121
203 -2.5048626947583008 -0.1008526546401359 -0.4205099351301918 3 3 3 1.1940885671406447 123 375 124 380 125 322
2560 5.9452676871064734 -1.6540041547535547 4.8408470220962974 158 164 174 0.66788721115864114 172 139 175 177
201 -2.2819346462568202 1.0929851779572999 0.33219867751773019 0 0 0 0.34357915839043179 123 319 124 362 125 349
2558 6.4146469039200671 -2.2878513954947155 5.6749925920085724 137 143 154 2.2811353676420412 174 133 175 139 176 135 177 139 178 125
200 4.120295149357851 0.69353167918087044 2.1645938564875373 134 139 148 0.42017358188327669 122 341 123 357 124 359 121 288 120 245
2557 4.9449747999228197 -2.8953670024830558 7.0720801446247581 110 115 125 1.2495400743997795 173 132 174 130 175 136
1308 5.1830471801281739 -3.9720310978850275 8.4470820450160318 123 128 136 1.4848812113000867 116 170 118 54 137 145 139 134 117 19
199 1.5517772685855236 0.20972404703544303 3.1123444447345916 44 48 59 0.96891610163084096 121 285 122 308 123 309 124 357 125 302 119 285 126 311 129 372 130 390
2556 3.6739791757249747 -1.8147902184064666 6.5052547311861249 2 3 4 0.45574168555421085 171 95 174 120 175 132
198 1.0117980952085148 -0.43411744302639088 3.5947049267302851 21 22 23 0.47339587326418925 121 321 123 348 124 354 118 315 128 342 132 320 133 383 134 408
2555 5.1788365290973646 -1.989076287658011 6.6446814252571098 28 30 39 2.2115081862085075 174 115 176 104 178 64 179 52
1305 3.5865968357480313 0.875570731697217 1.7853113679935597 184 191 203 0.1307734079271482 119 164 139 96
196 -2.5495620472133123 0.96580197283982705 -0.10808400463919682 6 7 9 0.2266231543640326 123 278 124 322 125 307
2553 6.4218669238839334 -2.0533666560915331 5.3571455032312159 65 66 70 0.20317092514665558 173 87 174 95 175 95 176 88
195 -2.3572576305961146 0.80162394100606849 0.067477549029900594 6 33 17 0.43735345406300619 123 275 124 317 125 260 126 270 127 300
2552 6.561729922617098 -2.0812829254503802 5.4593397652337696 0 0 0 0.58150667034838976 172 85 173 105 174 94 175 116
1303 0.58508368940940259 0.48643198051670433 0.041489435835785529 125 130 138 0.093688402170730309 137 66 139 64
194 3.2238877021609684 0.33497129387090996 2.3690465156299947 39 43 53 1.3718691149176481 121 286 122 309 123 311 124 314 125 303 126 312 127 343 128 347 129 373
2551 6.1297776080964166 -2.1686190742125504 5.2536520113291632 8 8 8 1.7263685837878437 172 79 173 101 174 90
1302 0.61556747201377882 0.45018876831192178 0.089048772119277766 134 139 148 0.30154223452567974 136 60 137 58 139 60
193 1.2988909228488177 -0.1660516176064176 3.5970316876354325 20 21 27 0.65433967819642669 121 243 122 304 123 304 124 309 125 256 120 205 119 233 109 212 126 263 110 168 108 240 129 311 131 285 142 332 144 359 145 332
2550 7.160059688873158 -1.0194911353299734 5.7192875357926027 123 127 135 0.87951759483845982 172 66 173 66 174 81 175 63
1301 0.62474386207743748 0.45025442901474955 0.24716951722711766 158 164 174 0.38221985286223759 136 56 139 57
192 -2.3919112688627391 0.26884268337795814 -0.20558146663462451 3 11 31 0.40294990488033905 123 295 124 303 125 251
2549 7.0171150974618648 -0.98773243141157052 5.5596094794965989 129 134 142 0.92445483119178951 173 69 174 57 175 84 176 58
1300 1.5152480879038774 0.75075096092832649 0.4622210769033287 151 157 167 0.10214710646676388 138 52 139 44
191 -0.51308164054005989 -1.0369845137310394 0.43139782806838101 60 60 63 0.26135308449477768 123 288 124 297 125 244 126 291
2548 7.2853953420929454 -1.267108718332977 5.6654928529748458 144 149 158 1.4061026249354971 172 71 174 46 175 61
1299 1.5558506099290119 0.73409908052024297 0.5012423897200835 150 156 166 0.1006488626001239 138 49 139 43
190 -2.4248259778121342 0.86539254946663935 -0.014729301976921141 7 9 10 0.39176018573324489 123 233 124 277 125 227 124 235
1298 0.20141961004574616 -0.14821008503160818 3.0673785742954198 77 80 85 0.29480101425596883 105 35 139 33
189 0.69727355372062993 -0.32835884900923595 3.833968321281306 5 5 7 1.8947392739068065 121 242 123 262 124 270 125 218 120 203 109 213 119 229 118 238 117 276 126 217 116 235 115 260 114 203 112 135 113 157 111 152 110 203 108 241 127 215 107 297 106 315 130 271 133 280 131 246 105 304 134 313 135 340 136 379 137 368 138 364 139 367 140 359 141 330 142 333
2546 5.8246409343007217 -1.8240112557124002 5.4257470064580833 63 66 76 1.4154926612745296 173 63 174 42 175 47
1297 0.76935859405807083 0.27935917142038802 0.32154653800417504 158 164 174 1.1073122133109727 138 40 139 31 140 30
188 3.7621802422227608 1.5596735000806417 2.4850661678982093 176 180 191 1.4881377943288996 122 248 123 244 124 243
2545 4.8322704571378585 -2.0487519413451376 7.1804618781561178 44 46 55 0.62954553700603055 172 64 173 46 174 36 175 44
1295 0.68032300787060795 -1.8658926433654779 2.9804984700632087 46 48 52 0.29150471291681967 127 55 139 8
186 1.0324199589248875 -0.43358785534671851 3.3365074114824731 25 26 30 1.1236966295582607 121 206 122 230 123 224 124 230 125 197 118 199 126 187 116 233 112 131 127 196 128 203 132 210 133 248
2543 5.069212940433875 -3.9323216275129846 7.3706189794213248 143 148 157 1.8124933961907392 162 212 163 176 164 243 166 197 168 147 169 150 170 121 171 139 172 171 173 176 175 153 176 129 174 162 178 92 179 77
185 -0.68683717605229544 -1.0440076203924749 1.551953588678272 43 45 49 0.89448420019363151 122 219 123 191 124 218 125 186 119 211 118 188 117 230 126 179 116 165 115 196 112 120 109 178 113 147 111 135 110 153 127 186 128 190 129 195 130 202 132 159 132 202 133 237 131 179 134 275 135 307
2542 5.7094117663203869 -1.2500116156317413 5.5287196006203194 21 19 20 0.61856082786423028 172 188 173 193 174 182 175 198
1293 4.54570147846204 2.4306558364473076 2.1567122067706892 184 191 203 1.7711988988441487 135 345 138 407 136 384
184 2.7354005665203611 2.2320250039137997 1.5482042241325498 166 172 183 1.1596390637477101 122 216 124 213
2541 6.3329574568212843 -1.3476132208556311 5.2861663267527845 33 36 45 0.66399264669951907 171 117 172 169 173 192
183 0.88504840075212543 0.6777087998809701 4.4917421841801737 43 42 44 2.2550518539636917 122 197 123 205 124 201 121 116 125 170 120 126 119 130 119 167 118 126 117 156 126 169 116 142 115 145 114 160 112 140 115 212 113 73 113 184 111 188 110 208
1291 0.57248021141480576 0.35492722093037687 0.12197543687227487 149 154 164 0.13390807295235174 137 39 138 54
182 -2.3804803876986815 0.68660681819826497 0.0077168145668950749 31 39 37 0.61415506977157952 123 227 124 199 125 168
2539 5.5247254190470683 -2.6944238114393793 6.8094977310159992 176 183 195 1.5256753921867585 171 128 172 156 173 170 175 164
1289 1.5200719042637123 -0.27939489922160576 3.3529268266046817 56 58 62 1.4941308490790906 106 60 134 121 135 142 136 168 137 161 108 64 138 165 109 89 117 88 139 147 140 187 144 202
180 -0.40987109490205642 -1.5318451102921384 2.3521115943221895 43 45 49 2.2363840069438656 122 220 124 190 126 158 130 169 131 146 134 238 135 272 136 338 138 353 140 341 139 317
2537 5.6447578500847406 -1.0941398777379396 4.7047113616400633 35 38 48 0.25297692854105869 172 128 173 144
1288 5.1098129801272805 -3.8749473081055821 7.2239765697425771 159 165 175 1.8155378238567674 107 253 137 289 106 161 120 158 122 221 123 218 124 220 125 188 126 180 127 187 128 191 107 177 129 196 130 203 138 293 139 263 140 261 140 286 141 247 142 171 129 114 144 272 143 252 145 261 146 211 147 254 130 118 149 238 151 194 152 231 154 187 155 232 153 170 158 165 158 193 159 175 159 202 160 246 160 276
179 -0.21910089998548388 2.1109173216924679 1.8399018375231249 33 33 34 0.67597897707145882 123 152 124 180 125 152 126 177
2536 6.0045135121106981 -1.6361822417491643 5.7662533746266691 28 31 39 0.64734294865159003 172 124 173 141 175 191 173 175
1287 0.68723270787786872 -0.40757556957903662 3.7223480129999862 37 39 42 1.4492758034608204 105 79 136 93 122 19 134 57 138 116 139 94 140 133 124 81
178 3.9880902111413175 1.6965751477010875 2.7298661176331782 122 126 135 0.79205786462999761 122 171 123 185 124 176
2535 3.6752795986907523 -1.7366792411751453 6.5603525045679092 36 39 48 1.7188198216720374 172 127 173 124 174 122 175 148 176 122
177 -1.5520697006525634 -0.030198991443927486 0.74228566581595867 48 52 59 1.2258163075106272 123 166 124 153 125 137 127 164 107 193
2534 6.5272972093951287 -1.3807661978273882 5.4305419088856759 112 117 127 0.17264382935409736 172 106 173 109 174 78
1285 2.2812334582261919 0.54892497380994654 0.41022935123562954 79 80 87 0.61334363454249496 137 487 144 377 145 366 146 355
176 -0.48583770505382484 2.1810439304454095 1.823458801389366 47 47 50 0.576504661156652 123 113 124 138 125 130 126 154
2533 6.5144302382051595 -1.386367833172893 5.4221198911039892 112 117 127 0.17111000357004844 172 105 173 108 174 77 175 80
175 3.1904582024387316 0.93321893752528062 2.07282953833989 31 31 33 0.71028296781490563 121 72 122 115 124 134 134 176
174 -0.41329481344127195 0.9569573587385215 1.7299597878399844 53 53 56 0.091166943041568943 121 166 124 132
2531 6.7210038389096196 -1.2567816842185886 5.5133834211025539 55 58 65 1.179358321489492 172 107 173 93 174 80 175 83
1281 2.7654408320408592 1.7079609066184227 1.2960846361530964 158 164 174 1.0543666241581731 136 482 137 453 138 443 139 406 140 394 141 371 142 339 144 363 143 357 145 334 146 320 147 343 148 361
1280 2.7710256046896498 1.7109760865057309 1.2981970446877344 158 164 174 1.0780475536452028 136 481 137 452 138 442 139 405 140 393 141 370 142 338 144 362 143 356 145 333 146 321 147 344
171 -0.46106074885112541 2.1441385071892842 1.9263234914963174 2 2 2 0.14164407422971148 123 112 124 104 125 129
2528 6.5555143777811438 -1.1929704893168134 5.367463542209296 79 83 93 1.9856916809264356 173 80 174 83 175 103 176 93 172 73
1279 -0.77319373767504707 -0.85879522130930275 2.3867769396492666 69 70 75 1.0010373479854111 136 376 137 406 138 433
170 1.023132735504986 -0.53274888051209091 3.5665113612897033 5 5 5 0.63473431691313476 121 48 122 44 123 67 124 79 125 116 126 100 108 63 127 107 128 102 129 88 130 137 131 89 134 102 135 130 136 160 136 215 137 225
2527 6.6810041931526669 -1.2432525685644784 5.5135777311344603 62 65 74 1.4916764607010595 172 54 173 67 174 47 175 64
1278 8.839398000971066 -2.3555978552397123 6.4026602989687618 0 0 0 0.53305893561479689 119 402 130 383
169 0.96224177038726444 -0.49048796891709445 3.5417060874478419 34 35 37 0.44344616750924715 121 12 124 35 126 30 108 26 127 24 128 52 131 62 134 55
2526 4.1665238660487462 -2.3487510405672234 6.9443069531766568 50 51 54 0.76024912079137341 170 12 174 9
1277 -0.66958875208147783 -0.98101438003900499 1.4576159224689482 43 45 49 0.18072321230578203 136 415 137 393 138 423
168 -1.8918179826802959 0.13097966937108468 0.22936864658852535 35 40 54 0.62222389993966187 123 13 124 28 125 25 126 58 127 97 128 92
2525 5.5935338303045823 -1.8975469525546507 5.0834246992496004 62 66 76 1.5882723781251711 171 83 172 102
1276 0.33538469884645461 -0.3879634078360773 0.33920733475188491 85 87 92 1.7209032373408362 137 428 138 418
167 4.1709306304218261 -4.3745169426987669 6.0554950222416339 105 109 116 1.5761056019955002 109 119 124 15 127 53 128 80 130 20 138 95 140 11
2524 5.9934761850514171 -2.4275958101732034 6.5547170064986577 40 43 53 1.135932515093488 171 132 172 178 173 180 174 168 175 186 176 150 177 137 178 121 179 103
166 -2.4832381482764827 1.0361320790924766 0.057010165217468503 2 8 25 1.639240951738949 122 348 109 341 123 417 122 405 109 375 121 331 124 451 125 417 125 389
2523 5.1888905049557676 -3.5471580148458277 8.4856537772677267 184 191 203 1.4979573827398101 171 124 172 153 173 165 174 145 175 156 177 133
1274 2.9627527982411097 0.33155409678107695 1.0246490851170786 184 191 203 0.98683607952724073 137 444 138 400 139 365 140 357 141 292 142 272 144 279 143 277 145 328 146 310 147 362 148 391
165 2.7461708946163297 0.92853154473059674 1.5600207647270801 37 40 47 2.2182289135925028 121 419 122 444 123 465 124 464 125 414 120 373 119 431 109 305 118 403 117 440 116 380 115 392 114 345 112 270 111 290 110 301 108 305 107 325 106 312 105 329 104 305
2522 4.7674376715288735 -3.3244894756549797 7.4372738244822987 184 191 203 1.8711342643769644 170 111 171 123 172 173 175 182 176 130 174 144 173 163
1273 2.8780450262532815 -2.2705803857827189 1.5136948091240849 67 68 72 0.52849658827845769 133 306 134 332 135 326 136 363 137 350 138 345 131 300 132 256 139 287 140 302 141 284 142 288
164 2.4257789263824794 0.9707668185678312 2.6425119958147953 43 46 57 1.4250591528953411 121 381 122 402 123 448 124 449 125 384 126 420 127 409 128 397
2521 4.2381988422607559 -2.3824431851881598 7.3209600411003217 97 100 107 1.3626565452842294 170 104 172 167 175 142 177 89
1272 0.55362574297477207 -0.53286237242771528 3.9283281317342076 43 46 49 0.097770787062378406 107 262 138 336
163 3.5522077530889504 0.76238411645449977 1.9121169348843914 184 191 203 1.2133727854904008 121 380 123 447 122 401 123 413 124 415 133 418 134 450 135 420
2520 4.2381988422607559 -2.3824431851881598 7.3209600411003217 97 100 107 1.3626565452842294 170 103 172 166 175 141 177 88
162 2.6371156488623524 0.65701921538012742 1.3796404826957118 25 27 35 1.4317751894533326 118 401 117 397 116 379 115 366 106 311 105 326 104 303 103 232 113 253 112 268 107 323 110 266 102 247 108 303 109 303 111 287 101 145 100 122
1270 0.55091137746301722 0.7110628477411659 3.8104703919798544 52 52 55 0.42006683238571324 134 172 138 315 139 253
161 1.4408003412905663 0.036564317774647109 3.2448319292182695 40 43 53 1.1925079843221125 109 335 121 406 122 427 123 443 124 461 125 410 120 359 119 430 118 400 117 437 126 417 116 416 115 391 114 363 112 292 113 307 111 305 110 318 108 335 127 404 107 381 106 366 105 383
2518 5.8563502044716405 -1.0215183524622466 4.7158591483821892 23 25 33 1.3075360021957261 172 142 173 186
1269 3.4135527751013415 0.33974171421575616 1.0824962497359245 92 93 98 0.47409468653695025 135 314 136 350 137 332 138 307 139 272 140 269 141 255 142 234 143 239
160 -0.64789291664220927 -0.99339840382888589 1.6131122699742748 43 45 49 1.3904044100683191 121 359 122 421 123 436 124 438 125 372 120 315 119 395 132 361 133 433 134 458
2517 6.4112727084479513 -2.1813482160558917 5.3061752781157514 0 0 0 1.0352989805242911 170 83 171 96 172 120 173 134
159 -0.34791418424979814 -1.4913803591040324 2.0672676112546498 3 3 4 1.8629361568230536 121 415 122 418 123 433 119 391 120 350 108 355
2516 5.7877005713433434 -2.9246812089045684 6.7251303813200414 184 191 203 1.3432662780359867 170 70 172 119 173 164 174 146 175 183 176 131
1267 3.0116318785122766 0.066460143245465259 0.87407822850363615 40 41 43 0.59524659174797145 135 339 136 346 137 327 138 300 145 242 146 240 147 264 148 310 149 343 150 352
158 -0.29810273602152632 2.1835267342314553 1.6864552592011286 72 73 77 0.31930048407473755 122 412 123 426 120 296
2515 4.8444127762616276 -2.0897911983560253 7.0652109299342136 28 30 39 0.58476499120433856 171 55 172 92 173 77
1266 4.4326372906288372 -3.7848434491539047 7.3783554584965039 112 117 125 1.8830663076310996 113 149 138 294 116 168 118 189 112 123 110 115
157 3.0487991929053444 1.7769681608608439 1.4797220921408609 150 155 165 0.34134233584257317 121 390 122 410 123 425
2514 6.5038378307588198 -2.1278929285683121 5.4112730468455128 52 53 56 1.0299810331183374 171 67 172 81 173 103 174 92 175 94 176 87 177 92
156 3.2707985310400516 1.7112577195619605 1.9848962111139032 50 50 54 1.233895415269862 121 389 122 409 123 423 124 427 125 357 120 292 119 368 118 326 117 329 116 315 134 419
2513 6.0241180743748464 -1.3923284514772836 5.0278886308173885 68 72 82 1.2593980732533292 170 27 172 75 173 96 171 77
1264 2.3642300915567773 0.47094785018006613 0.44623718881659102 67 71 81 0.97827957412486999 136 274 137 271 138 278 145 182 146 146
155 4.0867145026928648 1.8108657651712641 2.8768492645082784 119 123 130 1.773736835916758 121 334 122 356 123 421 124 423 125 392 120 291 126 400
2512 7.2061551609436458 -1.052535314510868 5.730759122255332 139 145 153 0.36893674472122873 171 25 172 72 173 79 174 79
1263 5.0573718575024289 -3.7736038908590848 7.4742998123962616 149 155 164 1.8108463218877839 107 224 108 211 113 150 138 266 106 244 139 230 140 168 141 249 142 228 129 171 120 159 122 177 123 219 125 158 128 163 127 137 136 247
154 2.9744096274909455 1.458973187502588 2.0591314526671654 0 0 0 1.2443949172223319 121 386 122 408 123 420 124 422 125 351 120 362 119 435
2511 6.1033903948617256 -1.3718698708811197 5.0304918971885639 59 62 70 0.26374815397634094 170 42 172 68 173 50
1262 3.3077266829278389 -3.2010912206250484 3.7066415450903816 72 73 77 1.3201499192441242 105 203 140 258 144 255 143 250 145 259 147 250 148 270 149 264 150 260 138 258
153 2.7251720708647911 1.3316155922420214 1.489712397027839 36 38 48 1.8472948744553579 121 385 122 407 123 419 124 452 120 334 119 367 118 324 117 327 116 314 114 308 109 275 112 240 113 256 111 253 110 269 108 275 107 298 106 288 105 273 104 243 103 210 102 171 101 109 100 101 99 90
2510 4.1136731264504878 -2.3066265324864088 6.7509575998965374 52 53 56 1.4975732705133327 166 10 172 53
1261 3.4014216531619552 1.9713518392811742 1.6032914172227157 141 146 155 1.0026443655437685 135 223 138 241 139 216
152 -0.58633875075874564 0.046552110841622432 2.5338753576247215 42 44 48 1.9797024791240314 121 325 123 407 124 445 125 378 120 242 119 315 118 363 109 306 126 391 108 338 107 384 127 402
2509 6.9410483473643847 -1.4719105246516573 5.5659970419497542 141 147 157 2.0693542229180548 166 5 172 48 165 13
1260 3.3084804913814208 1.589393072497971 1.8735734145403486 144 149 158 1.4477223724895669 135 214 138 238 133 263
151 -0.26281684081148859 -1.1920588457466206 2.3362840473501625 23 24 25 1.5828492486488486 121 365 122 383 123 395 124 396 125 334 120 320 119 339 126 345 108 328 109 328 127 335 107 375 106 356 107 346 130 379
150 -0.069984989661728739 -1.2940158593552158 2.1162057813743531 43 45 48 1.5274792835969015 121 361 122 378 123 390 124 394 125 332 120 317 119 397 126 384 115 389 127 365 130 378 136 487 135 459 137 479
2507 0.023920915197522333 2.147822928865633 -0.84102121003347197 159 165 176 0.89141016001647488 99 115 100 128 97 116 96 163 95 183 96 147
1258 2.9146271215570874 0.26476081265001383 0.86796561304174802 115 117 124 1.585080684369242 137 223 138 218 135 199 136 159 135 135 139 197 140 180 141 182 142 180 144 167 143 168 145 144 146 120 147 83 147 119 116 129 148 113
149 -0.86076787766636265 -1.1363554373090268 1.7855274831822803 0 0 0 0.68287779662119108 121 357 122 377 123 389 124 392
2506 -1.9567893767667168 3.5404496073557685 -4.3618495094913614 9 9 10 1.3532620775444537 99 149 100 158 98 120 99 133 97 108 94 183
1257 7.6554918347006398 -2.606723730228286 5.7460758887454304 149 155 164 1.2746262604549412 117 231 138 208 139 187 143 202 135 123
148 -0.86076787766636265 -1.1363554373090268 1.7855274831822803 0 0 0 0.68287779662119108 121 356 122 376 123 388 124 391
2505 -1.9764632340179118 3.4303850024786038 -4.2547283756305774 9 9 10 1.0562309629576792 99 148 100 157 98 119 99 132
1256 1.8083995308230207 0.89675870871095731 0.54007659449309831 142 147 157 1.9276434680659065 136 225 141 120 138 187 139 162
147 -2.4319874171906082 1.1341836903616664 0.14676217906843386 33 36 44 1.2807270228358059 123 365 124 364 125 352 108 352
2504 -0.22104523908232207 1.3092899759019134 -3.0856587285124046 158 164 175 1.4565356056991525 102 234 98 104
146 2.8838815106557449 0.93398917914239499 2.344200631147173 11 12 16 1.2458298767318761 121 328 122 346 123 359 124 416 125 346 120 287 119 363 118 319 117 363 127 346 128 349 129 376 132 325 131 329 134 371 135 421 136 458 137 449 138 438 139 368 140 360 141 331 142 309 145 330 146 314 147 338 148 354 149 309 150 338
2503 0.30358687303947762 1.8544641280257643 -0.63581932192685586 184 191 203 0.90233921719946109 99 80 98 81 97 114 96 161
1251 0.3666923330577429 0.28030447351396415 0.042633896138781949 142 147 157 0.69539251931270551 136 112 138 127
142 -2.8241234092878873 0.66646496818781942 -0.53755496425564653 78 79 85 0.30703793316468198 121 281 123 352
2499 6.6384117014364667 -2.3504710549188079 5.448612651561846 184 191 203 0.27665876516442822 170 35 171 52 172 70 173 72
1249 0.72376757332078123 -0.54625123012140797 4.2099315144779119 89 92 98 1.0193717328709611 108 74 138 114 106 27 107 70
140 -0.31066837168634853 2.284513592609807 1.8398229062857139 83 84 89 2.2922613550194439 121 264 123 329 124 374 125 362 120 188 119 208 118 217 117 218
2497 5.4299628707749594 -1.9534848240207032 5.5680607421570194 154 161 172 1.192367673527734 170 133 171 145 172 182 173 183 174 172 175 190
1248 3.5955775938525902 -0.16164853122497144 3.1618317499787731 54 55 59 1.0757725611864988 107 11 138 111 144 132
139 -0.31754720953657922 2.2711735935942641 1.7936299062629557 83 84 89 1.9591685545206057 121 263 123 328 124 373 125 361 120 187 119 207 126 370
2496 5.7671930361903083 -1.1889288526787718 4.565276320339291 162 168 180 1.1783451236364362 171 137 172 184 173 195
138 -2.3273094277001776 1.0744943055265803 0.22834119673781211 79 80 84 0.82606586012485594 121 256 123 317 125 308 120 215 119 292 118 281 126 362
2495 5.7671930361903083 -1.1889288526787718 4.565276320339291 162 168 180 1.1783451236364362 171 136 172 183 173 194
1246 8.3595559116986617 -3.7900593336892987 5.0651281542641637 107 111 118 0.26836920366281725 109 15 138 96 111 5
137 -0.091402246267640902 1.1021400824546999 3.4655115284970135 40 40 42 0.99654641694764168 121 330 122 347 123 315 124 319 125 261 125 305 120 250 119 320 126 268 126 313 127 298 106 375 128 294 129 317 130 279 132 282 133 341 131 292 134 374 135 396 136 436 137 415 137 451 138 408 139 407 140 395 141 376
2494 7.281299882781374 -2.308648219625574 6.566055267295841 0 0 0 1.6527613026164261 168 103 170 97
136 0.38549935723145479 0.72679115090220303 4.3772038297249702 1 1 1 1.8899893807718426 121 291 122 343 123 313 124 358 125 259 120 248 119 286 118 320 126 266 108 341 127 297 106 371 107 358 128 293 129 315 132 234 133 337 131 291 134 370 134 414 135 394 136 433 137 411 138 404 138 440 139 372 139 403 141 374
2493 6.6606641935553004 -2.8218800528180288 5.2440548699587293 184 191 203 1.6937107823425728 168 121 170 122 171 122 172 172 173 190
1244 0.54213642407807761 0.46640572775070055 0.17762499535307114 158 164 174 0.077505940403435003 135 54 139 61
135 0.29707526971152637 -0.076256146607370262 3.5686378988663514 1 1 2 1.6959264408910508 121 244 122 306 123 307 109 307 120 206 119 316 118 318 108 340 107 355 106 368 137 448
2492 3.9913227345827673 -1.6367136824575315 6.1603389736914433 26 29 37 1.7448082282726085 170 89 171 104 172 146 173 143 174 139 175 149 176 124 177 128 176 141 179 88 178 108
1243 0.60350152223487985 0.52479270447234538 0.21802243024262696 158 164 174 1.1871922923993168 136 62 138 75 139 62 140 102
134 -0.48561177543604167 -0.64972860955059797 2.4352264393880261 82 84 88 0.11754885781133262 121 237 122 263 123 300 124 264 120 236
2491 7.2007609377450681 -1.3466548637918088 5.6069868632217892 158 164 174 0.92987747333333937 170 73 171 91 172 123 173 119 174 117 175 128 176 106
1242 0.61617836722111963 0.44053906654293884 0.083083289132255392 133 138 148 1.0585217168672427 137 57 138 68 139 59
133 -0.53993043694017795 -0.90343118949338308 2.0642604682086687 90 91 97 1.0111126528579693 121 270 122 292 123 293 124 301 125 250 120 228 119 307 118 301 117 303 109 259 126 256 116 299 115 324 114 263 112 193 113 198 111 206 108 296 127 237 128 240 129 257 130 267
132 3.3647642835506031 2.0198871749917666 1.7106888978187822 184 191 203 0.72680012497229385 121 301 122 284 123 284
2489 6.2271026950084316 -2.095894613767959 5.3642741366982145 46 47 51 0.47712559205263289 170 68 171 81 172 86 173 75 174 71
1239 0.48349472525428916 0.21730083012592449 0.16159212444444426 158 164 174 0.029014663892122747 137 25 138 41
130 -2.8036565181202886 0.74994500307977507 -0.5922739322856283 32 37 49 1.2830059584066369 122 273 123 270 120 170 119 232 118 240 117 281 116 238 115 264 114 279 112 177 113 183 111 222 110 238
2487 6.8851372134032305 -2.3704202016860747 5.5126177781260175 88 91 97 0.69718482893030176 170 15 171 40 168 40
1237 -0.085134461279116835 -1.515241484577496 2.400696362999617 0 0 0 0.75592808404004197 129 294 133 370
128 -2.3050962896796681 1.1499484176924055 0.3277733046613715 72 73 78 1.1574396251063912 122 213 123 241 125 230 126 232
1168 0.64917149325421442 -1.1740318743413938 0.63756991500332794 52 55 64 0.30234784276645782 133 159 134 230 136 294
59 -2.4366099777434229 0.66716868360334802 -0.011968613038152401 0 1 0 1.735928851076262 122 274 121 245 123 310 124 276 123 268 125 220 120 207 119 283 118 273 117 323 126 221 116 312 115 304 114 281 114 307 112 239 112 207 113 216 113 255 127 218
1167 2.0686327302897847 -1.5563546739885668 0.49553469981553555 75 76 80 1.1898539134594335 133 153 136 291
58 -3.3113512766463677 0.53654555457528252 -0.15466721744608208 3 10 30 0.61448503303756252 122 231 121 240
2415 2.0164822436195049 0.96135269679392232 1.2074885695323123 50 51 54 0.5419336244145796 105 72 101 28 103 42 104 70
1166 3.1807161551132155 0.87797304135121468 2.0221154260213616 7 7 7 1.7838006042949273 141 194 143 179 146 152 136 277 145 188 135 254 147 154 149 223 137 309 150 220 151 204 152 212 153 244 104 64 103 40
57 -2.0423900873283811 0.33842860400430474 0.13306096626412239 4 17 42 0.76574015081026059 122 266 121 239 123 301 124 268 125 301 120 200 119 276 118 236 117 274 116 274 115 302 114 273 112 202 113 210 111 217 110 233
2414 1.8855950392193943 0.25666293061041057 0.27865595962669071 131 136 144 0.31445647811653266 104 13 101 0 100 21
56 -0.53489736768965512 -0.58866798336910542 2.2715851786324333 78 79 84 1.0406537784792838 109 266 122 262 121 236 123 299 124 263 125 214 119 273 118 268 117 312 126 214 116 273 115 301 114 271 112 201 113 208 111 215 110 230 108 301 127 242 128 228 129 236
2413 3.6808418875658595 -1.7993376423664169 6.394198826421122 3 3 4 0.94602708332235574 167 162 168 159 169 180
597 0.63080098583937849 2.8812498761705334 -2.4897537627406954 184 191 203 1.3456000655292091 112 355 111 371
1164 0.45797304580999909 0.58907505656919379 3.8553451874132243 21 21 23 0.72405918072100939 133 177 134 169 135 205 136 223 137 233 138 282
55 -0.37659514777668202 2.193453956428896 1.8331709082071876 15 15 16 1.5614116313572775 122 285 121 228 123 285 124 330 125 315 120 186 119 206 118 215 126 329
2412 5.3780134215669335 -1.9714300783290337 5.4878851991958664 155 161 172 0.50631910391954082 167 156 168 156 169 162
596 -0.88268220234784112 2.2773587782293045 -1.8084210484924377 38 41 51 2.1794616499617661 114 454 113 358 105 280
1163 6.9129222237018686 -2.1168672834474047 6.0719402821657251 80 82 90 1.015705447867614 117 130 135 244 136 209 107 40 134 158 137 147 138 216 106 113 139 192 140 116 141 139 144 161 143 166 142 177 145 95 145 138 146 115 147 111 148 159 149 150 150 122 151 145 152 86 153 106 154 132 155 157 156 140 160 184
54 -0.46139508626817544 2.0315344881897546 1.9380374497586494 66 67 70 0.61942825163315118 122 250 121 227 120 157 119 205
2411 5.4004421836384768 -1.9651539452531934 5.5164133745208952 155 161 172 1.582709307988295 167 155 168 155 169 161 170 132 171 144 172 181 173 182 174 171 175 189
595 -0.18207445892349322 2.3067025932880267 -0.517235463932469 19 19 20 0.9758219941852363 109 374 113 357 110 349 108 386 107 407 106 373 104 358
1162 6.2402714428849126 -2.1569957034345326 5.8243558978749155 59 63 73 1.7128962660154283 106 49 117 125 136 208 116 59 137 217 138 212 139 191 142 175 144 227 142 229 143 165 105 95 133 169 145 137 139 139 147 190 150 184 152 122 104 110 103 84
53 -0.46798175297900479 2.0247847995027657 1.9059419461889493 66 67 70 1.0329005560788944 122 249 121 226 120 156 119 204 118 181
2410 5.2173250420779409 -0.71420245272358585 4.118063314348956 0 0 0 1.0394050777904069 167 107 168 139 169 171
594 -0.19077461781219457 2.3035660273222001 -0.52342700185130342 19 19 20 0.94490585254002879 109 373 113 356 110 348 107 406 106 372 104 357
52 -2.8808605188268932 0.78886381322416677 -0.66586483908346539 47 50 59 1.1820396476591803 122 275 121 211 111 225
2409 5.4212717621509769 -0.90641022833088458 4.1504800253446916 168 174 186 1.0920397513574045 167 105 168 135 169 168
593 1.8000167063204873 0.56650242792412819 0.047233643789006005 61 64 72 0.73204762014707259 115 469 116 450 113 329 108 330 107 349 106 338 106 357
1160 5.3917436416132825 -4.4028141203148863 8.6825846397526156 110 115 122 1.1546150612982373 114 188 136 205
51 -4.0029959900449965 0.58138477737017247 0.38147060690161155 42 46 56 0.10296748273480205 122 237 121 210
2408 6.1026748108514761 -1.0377756170538053 6.0396968667739417 134 140 150 0.55599535861781213 167 132 168 133 169 121 170 75
592 -1.3915402869266087 2.1846959911180872 -2.1619828630345919 97 98 103 0.57618049833098028 114 436 113 320 107 306 106 322 105 310 104 278 103 215
1159 8.6088838444852271 -4.2745819794156814 5.4717437164400131 112 117 124 1.3782939929688125 106 150 116 113 136 201 107 36 108 117 115 125 138 260 140 110 137 140 142 169 144 156
50 -2.7613595725071538 0.71204420377580513 -0.50959174631973203 28 33 46 1.2684270754227178 122 235 121 209 123 266 120 168 119 228 118 239 117 277 111 221 110 237
2407 6.2031203253611844 -2.6357691775319196 4.8922918565447659 0 0 0 1.2950305906256481 164 136 165 153 166 128 167 76
1158 0.9807651098342226 -2.1349471797781603 1.3863198204712932 74 76 80 0.70310737089020903 132 65 133 69 136 193
49 -2.7122240784408058 0.6839761695111809 -0.46047719252712299 27 31 44 0.72143149892450831 122 271 121 207 123 264 120 167 119 226 118 237 117 244 116 236 115 261 114 243 111 184 110 205
2406 3.6159335792297198 -2.0284424461638633 6.4120798073420371 115 119 127 0.94027431723360677 167 82 168 95 169 111 171 100 170 87 172 125 173 120 175 129 178 65
48 -0.41153175991899332 -1.0417738531906915 2.1755062691160671 28 29 31 0.99502947882111425 109 207 121 200 118 143 117 181 116 169 115 197 110 154 108 232
2405 6.1821332491396532 -2.3724289159649152 5.4261818067765475 184 191 203 1.7877623277355217 165 180 166 111 167 77 168 88 169 98 169 124 164 183 166 150 165 209
1156 5.8111377768135979 -1.0517878174619375 3.6370263190870187 184 191 203 1.7088367173653776 116 16 136 156 137 149
47 -0.41490012271409449 2.0918603918840586 1.9374619073509862 7 8 8 1.0293324509946122 122 215 121 198 123 246 124 250 125 236 120 135 119 139 126 278 124 288
2404 5.1424201833539742 -0.79319775966197215 4.0333404441538869 0 0 0 0.95723276586240336 167 85 168 84
1155 7.0086627116177835 -3.4843804810901204 4.6826002801725952 114 118 126 0.49155347027262875 118 95 136 152
46 -0.23418611267071637 1.3535411562989521 3.5549387065359497 45 45 47 1.9745057947270435 122 123 121 124 124 208 125 175 120 95 119 135 118 209 117 161 126 172 116 147 115 150 114 162 112 145 113 120 111 114 110 180 109 198
2403 3.6110143787686941 -2.064101294988673 6.241529188520949 61 62 66 0.83740379267656517 166 96 168 74 171 94 173 115
1154 1.9569987915524845 -1.5851592329304309 0.58236841756460378 126 131 139 0.91824154849369233 133 156 134 149 135 179 136 141
45 -2.7081049951512011 0.65031283943717322 -0.50275383892529757 47 51 62 0.72952401336430905 122 148 121 106 120 33 119 58 118 72 117 87 116 79 111 31 110 77
2402 7.2153036599586065 -2.3648731163198682 5.6288971657540179 106 110 117 1.4884044406512404 168 70 170 34
44 -2.7253068602665369 0.61645753837044848 -0.51226601594801024 45 49 61 1.3976506602228576 122 88 121 102 120 72 119 117 118 116 110 125
2401 3.6025809228534071 -2.0596985957833622 6.4313749052420679 57 58 62 0.52732247551114053 167 26 168 54 169 36 171 44
585 -3.1600354098016061 1.7198520727182602 -0.041857839061693033 81 84 89 1.3272530592204024 112 222 113 194 111 267
1152 0.47731800888248577 0.28928603967858824 0.10072683123009825 184 191 203 0.27586494120786559 135 85 136 103
43 -0.30222041921078113 2.1245951922750548 1.8565034182669964 63 63 67 0.54110230584469676 122 128 121 83 123 187 124 179
2400 6.6790446251512003 -2.0266000597049589 5.5066036180219839 51 52 56 0.37310259672688989 164 31 165 58 166 38 167 36 168 53 169 50 170 38 171 72
584 -0.043178071500947587 2.4141874083901995 -0.58412179975880829 23 24 28 2.0224495541559966 112 154 114 220 113 164 111 118 108 199 107 211 106 208 105 196 104 134 103 103 102 84 101 57 100 68
42 -0.46205655757440667 1.3235539451174587 3.500338802233141 27 28 30 2.1261483560168877 109 197 122 124 121 79 123 149 124 174 125 149 120 15 119 28 117 106 126 151 115 109 114 98 112 105 113 75 111 81 110 29 108 98 127 159
2399 6.6790446251512003 -2.0266000597049589 5.5066036180219839 51 52 56 0.37310259672688989 164 30 165 57 166 37 167 35 168 52 169 49 170 37 171 71
583 -0.35475292744970249 2.1818177225459103 -0.7490156047415053 36 37 39 0.84010600310472583 109 161 114 217 113 163 111 83 110 27 108 96 106 133
41 -2.8734670551283261 0.72197238977191058 -0.68944411048579857 40 44 56 0.035759463323206647 122 101 121 53
2398 6.5893342733055169 -2.1066221378689245 5.4344740939546465 37 38 40 0.28302349557931122 165 55 166 35 168 48
582 1.0851837493445404 1.4863654174063921 -0.8405945851852572 129 133 141 1.2919527240743041 109 190 113 118 108 194 107 200 106 192 105 181 104 86 103 59 100 23
40 -3.1449861526260809 0.47282544450246078 0.053064492954103024 70 72 79 0.1771028325268475 122 10 121 46
2397 6.8603000029914467 -1.8656982106843041 5.6012076856963873 62 65 72 0.52155534047660612 166 21 167 21 168 33 165 9
1148 0.51568851090128931 -0.31549093610001699 3.5822367605712588 57 59 62 0.72890660818010822 106 75 133 59 134 59 139 152
39 -0.48703874070316727 2.1467978907979997 1.9908766844779882 61 62 65 0.9835650416525743 122 34 121 28 123 50 125 127 124 135 126 152
580 -0.4274764194170399 -0.82427313423475734 2.0792075445515215 16 17 18 0.60518516982122406 115 80 117 120 113 51 116 118 111 53 110 116
38 -2.6491211189070105 0.60813558121124023 -0.40182458776652119 34 38 52 1.307941559036188 122 13 121 11 118 69
2395 5.0876054070823002 -0.84303215927030672 3.8787919709937428 0 0 0 0.70049069698563693 166 171 167 160 168 170
579 1.3430740103182597 2.5392363923735952 -0.96123573068613333 158 164 175 1.3663236571987372 115 158 113 28
37 -1.2272460031039418 1.5901160286963967 2.1304965523833443 1 1 1 2.1720348002388676 122 446 121 412 123 467 124 467 120 363 119 436 118 406 117 444 116 423 115 451 114 414 112 321 113 336 110 366 109 376 108 389 105 396 106 407 107 410
2394 5.5104205470512184 -1.383686656100608 3.76942285931431 184 191 203 2.3036761158736021 166 185 167 158
578 1.4409389794325145 2.5039308931471007 -0.98307550999434934 158 164 175 0.3781516178956143 115 115 113 24
36 -2.305690431820397 0.32053437990450662 -0.027299586551463487 3 11 31 0.83135026492083797 122 437 121 400 123 461 120 353 119 425 118 421 117 461 116 412 115 430 114 402
2393 4.5917620127600145 -3.1624255424422483 7.3164976156097907 30 32 41 1.2285709164300613 165 240 166 179 167 147 168 149 169 153 170 125 171 141 172 175 173 168 174 126 175 122 176 80 177 62 177 83
1144 3.5612951225213401 0.81761683867485002 1.7830916017568152 182 189 201 1.1433424155346894 121 117 136 38 137 94 147 22 149 39
35 -1.5179887498917835 -0.31399777225250225 0.69176406882716301 79 80 84 1.1276240142367102 122 436 109 400 123 460 119 445 116 434 115 467 114 425 112 335 113 345 111 348 110 358 108 395
2392 6.1838087412288294 -0.99736376725493359 6.1463035313727703 127 131 140 1.0314913389388121 165 226 166 167 167 133 168 134 169 122 170 76
576 -2.8654700236019703 0.85912947723143818 -0.58607780005872945 38 42 53 0.410297380137152 120 210 119 317 118 275 117 325 112 241 122 313 121 248 113 257 111 254 110 303
1143 6.4426921691222994 -2.1387549073985386 5.2967461019322037 17 17 20 1.6832282896927251 118 8 136 19 138 17 147 6 151 16 159 3 160 9
34 -2.3007003532251336 1.3854293883715392 0.49578498952883465 2 7 22 1.2382288026057418 122 432 109 392 121 388 123 453 124 469 120 337 119 411 118 372 118 408 117 408 117 447 116 425 115 453 114 416 112 323 113 315 113 339 111 336 110 351 108 398
2391 5.9962072155409674 -1.4001508497353679 4.3576999171799837 81 86 95 0.43682687725537783 166 160 167 129 168 131 169 137
575 -2.8943310421325474 0.73829319567213847 -0.69589238433325817 42 46 58 1.6133675674225529 117 38 116 30 115 36 114 29 112 24 120 39 119 73 118 79 117 96 113 13
1142 5.9927021985420774 -2.0577778645054532 5.8818508215737397 39 42 53 0.7301971901782649 118 195 119 271 135 277 136 307 137 259 138 272 106 178 116 123 117 189 139 242 140 230 141 218 142 232 144 229 143 238 145 240 146 214 147 232 148 249 149 273 150 244 151 222 152 197 153 222 154 212 155 239 133 198 156 194 158 205
33 -2.3008141837848877 1.3859433761745643 0.49304277656960671 2 7 22 1.3611677700838323 122 431 109 391 121 387 123 452 124 468 120 336 119 369 119 410 118 371 118 407 117 407 117 446 116 424 115 452 114 415 112 322 113 314 113 338 111 335 110 350 108 397 122 447
2390 5.0499233552170892 -0.77043634074435019 4.0225092806565064 37 37 40 1.0734015968408936 166 107 167 97 168 116 169 145
574 -1.5666299915200581 2.2386219894450323 -2.2714835796082666 97 99 104 0.93161957682980756 109 379 112 357 111 354 108 390 107 409 106 395 105 387 104 361 103 300 102 283 101 181 100 161 99 151 98 137 97 132 96 178 95 204
1140 6.5420204997984879 -3.1905092886445363 5.0829266339127512 0 0 0 1.2900000022043119 105 390 106 382 107 396 108 376 115 465 116 433 135 461 109 360 110 335 111 325 112 311 113 327 114 423 136 489 137 481 138 468 139 434 140 426 141 408 142 369 144 390 143 380 145 358 146 347 104 363
31 -2.6110652311123115 1.0057895626394593 -0.13025459621106428 27 33 32 1.1038658640637999 122 404 109 390 121 382 123 449 124 450 125 416 120 286 119 408
2388 5.9919889835193176 -2.9264111756963467 6.6844555322871715 0 0 0 1.4382193395981118 164 137 166 102 167 89 168 87 169 103 170 93 171 105
1139 7.4460955830747535 -3.6275770276009296 5.7787111768645039 0 0 0 1.090781271950251 118 438 135 460 117 473 136 488 137 480 138 467 139 433 140 425 141 407 142 368
30 -2.3691231595623186 0.98591227965331274 0.060222272603971325 85 86 91 1.1991297324070564 122 403 121 329 123 414 124 419 125 388 120 285 119 364 118 365 117 402 126 423 116 382 115 396 114 367 112 296 113 311 111 309
2387 5.2177295279655596 -0.77784064882362558 4.0379703713005579 83 84 89 0.51750456615330021 166 106 167 84 168 115 169 144
571 -2.4668443787216723 0.83923697660457741 -0.072009974068841145 25 31 32 0.21086434223349948 116 420 112 319 113 333
270 -2.8249212748125552 0.68808740201295893 -0.63368273019095867 59 61 70 0.57741479109152238 122 232 120 114 119 154 118 154 117 143 117 198 116 133 115 136 114 154 112 94 113 117 111 109 110 167
2627 0.27577770017711251 2.287055548939632 -0.72761150770115723 0 0 0 2.637628973976275 96 148 98 127
1122 1.2065136428843408 -2.2878704116691373 1.4153476550076203 104 107 115 0.40744296311803446 131 106 133 161 135 181
13 -2.7615804842772254 1.3295771871593536 -0.19024249706304344 14 41 25 1.4600642340557766 122 283 109 318 121 262 123 283 124 329
2370 6.5405956347785219 -3.6348397894282489 4.5236295719247819 0 0 0 0.79666399522812725 164 135 165 152 166 126
554 -2.0251774674161167 0.20198808712787805 0.1768036222485152 2 8 30 0.10625987383447706 114 270 112 200 113 207 111 214
269 -2.8788205732815006 0.58594745336600595 -0.76566698512295894 69 71 77 1.0040745720225055 121 183 120 109 119 149 118 148 117 192 116 175 115 200 112 91
2626 0.67870139105681104 2.2126824349568359 -1.2986335171306418 184 191 203 0.70627013178761788 99 74 101 97 95 173 94 173 93 181 92 191 91 164 90 182
1121 -0.035563806708041656 1.1021657888778877 3.409270150052957 61 62 65 1.0699179943435844 123 105 127 158 135 162
12 -2.3611690711485487 1.2213110398652214 0.21017180839023708 2 2 2 1.2629785143040033 122 282 121 260 123 280 124 325 125 312 120 184 119 246 118 255 117 292 126 365 116 285 115 310 114 290 112 216 113 228 111 236 110 278
2369 4.5138017876195677 -0.88106145136859459 3.3523044127991981 141 146 155 0.036495132579141387 165 167 166 124
553 1.4243034300478297 0.55877484455695614 0.0091314817328553288 0 0 0 0.99514977286954709 119 224 118 152 117 194 115 92
268 1.5808184067598556 -0.14097373298717758 3.3566202107501146 2 2 2 0.89711394970322822 122 157 124 166 120 84 127 157 130 186 132 147 131 165
2625 -0.19923332890675752 2.3543497188062457 -0.69883369375593662 0 0 0 0.41253807611150944 96 137 95 168 94 164
1120 -0.080227550229551817 -0.040508540720233507 2.1403917788628593 48 53 54 0.69534504256007712 121 14 135 149
11 -2.2946750034932393 0.99818199313760403 0.29832025065538553 1 1 1 1.3057555656047648 122 278 109 279 121 254 123 279 124 321 125 263 120 214 118 278 119 289 117 328 126 318 116 316 115 339 114 314 112 244 113 262 111 258 110 274 127 350
2368 6.2997456975330071 -2.6350820241052237 6.505271384039264 2 2 2 0.92865072601832677 164 160 165 156 166 113 167 92 168 90 169 105 170 95 171 109 172 132 173 128
552 -0.2664240919626239 2.4029240827665528 -0.51998024748507843 1 1 1 1.5306400446908066 109 201 112 186 108 226 107 239 106 231 105 223 104 222 103 178 102 146 101 102 100 85 99 73 98 72 97 81 96 139 95 171 94 179
267 -2.8584072508010241 0.73622383486196097 -0.66330274156892044 64 66 74 0.54557430470939194 121 112 120 82 119 125 116 85 115 99 114 92 112 67 113 66
2624 -1.8058088674483537 2.6063999529849737 -3.4303369001664161 31 34 44 1.3333741196695876 96 119 97 60 95 153 94 145 93 144 92 145 91 120 90 97
10 -1.5650157187376219 -0.02043466522481828 0.85146612090555174 10 23 47 1.0954854935423184 122 264 109 268 121 276 123 258 124 265 125 216 120 234 119 274 118 269 117 314 126 215 116 307 115 332 114 302 112 233 113 250 111 249 110 263 127 244 128 246 129 308 130 316 132 318 133 410 131 283
2367 4.0785670712730377 -1.3383875429008811 4.6844379232459499 64 65 69 1.0324347873353494 164 97 166 108 167 99 168 118
551 -0.33371412711262699 2.1127351605331701 2.1756429911516966 42 43 45 0.61036611859899914 114 291 112 185 113 229
266 -2.7889227226635831 0.69504497269957988 -0.5854866642974067 57 60 69 0.66671520472941026 121 156 120 76 119 121 118 119 117 146 116 137 115 97 114 87 112 63 113 62 111 110 110 132
2623 -0.24859019424884354 2.2896732135505848 -0.68693266989595125 34 34 36 0.44958692990301985 96 93 95 139 94 139 93 143
9 -2.65179215417167 1.1775143918150788 -0.12044158981042492 48 51 55 0.52481556717491284 122 247 121 223 120 183 119 296 120 220 118 284 117 331 116 319 115 342 114 318 112 249 113 266 111 264 110 280 109 286
2366 6.1425657238349203 -1.548497638150004 4.2712110200199076 78 82 93 1.0270519066813957 161 160 163 77 166 93
550 -0.22516668218357791 2.3726746564921064 -0.57113703522713832 53 54 57 0.44088070112750533 109 164 114 254 112 160 113 167 111 120 110 139 108 169 107 213
1117 2.3425291046676109 -2.0021865464642326 0.96046752006428315 115 119 126 0.9128056675094558 126 77 135 111
8 -2.6540525605052525 1.1780125575245866 -0.11793883485823714 48 51 55 0.46955386648126674 122 246 109 285 121 222 120 182 119 295 120 219 110 279
2365 5.0394904742814743 -0.29076020697633864 3.9214363374282688 167 173 184 0.91489458099648457 165 119 166 86 167 75
549 -0.39925581038819224 2.2605386661285087 -0.64896209985337661 15 15 17 1.2173331612602982 114 219 112 157 110 138 111 84
264 0.77180086649320989 0.90422513350697264 6.2948988169599644 1 1 1 1.3092841025665916 124 96 120 52 123 101
2621 -0.29809418698830414 2.2093422140115218 -0.91920032599606905 48 52 60 2.3538782203368518 96 115 95 16
1116 0.90408816705927608 -1.0762251984675948 0.46132612005932938 41 44 54 0.41009421836061943 133 68 134 85 135 110 136 67
7 -2.3391077127553972 1.1683683870740857 0.21968127406911142 78 79 84 1.1394795317406385 122 245 121 221 123 243 124 284 125 270 120 153 119 200 118 211 117 253 116 246 115 268 112 184 111 195 110 211
2364 5.9518837220821537 -1.200376476005262 5.8781730411740147 107 110 117 0.16104915811446613 165 129 166 80
548 -0.33301377797635578 2.2792735853904991 -0.73506315254609789 18 18 19 1.1004390058397284 109 219 112 156 113 192 114 252 111 198 110 183 108 225 107 236 106 207 105 195 104 133
263 -2.774552515107616 0.69039871100846906 -0.5734178991594715 58 61 69 0.46859251757080705 121 108 120 37 118 75 117 93 116 83 115 96 114 86 112 62 113 61 111 72
2620 -0.09835617920903296 3.1720679680065631 -1.2452218139809264 184 191 203 0.99539431002006418 97 146 98 147 96 191 94 221
1115 3.4426554018124365 0.49119544921199931 1.8714262643003254 100 105 114 0.1960943989906849 121 64 135 77 120 49
6 -2.3384501924834455 1.166711626367958 0.21191491458225331 78 79 84 1.2135233361679327 122 244 121 220 123 242 124 283 125 269 120 152 119 199 118 210 117 252 126 324 116 245 115 267 114 247 112 183 113 190 111 194 110 210 127 354
2363 6.1953007809358516 -1.3684626047757837 5.2251786386014967 30 33 41 1.0704564760897639 165 61 166 79 167 69 168 79 169 110
547 -0.32488634490924212 2.1541901862674653 -0.78928315600344889 1 1 1 1.3044603204291478 109 217 112 153 113 191 111 196 108 222 107 233 106 229 105 249 104 213 103 170 102 138 101 100 100 84 99 70 98 69 97 78 96 135
262 -3.0060344935519252 2.5823768786719898 -0.12763888874637025 70 72 76 0.90196106215447214 121 32 116 106
2619 0.23291388406420532 2.4133207864983981 -1.1411281823643737 28 31 39 0.23525653009554678 97 144 96 190 95 219
1114 0.41707405255149599 -0.30808495634268551 4.6566947316353504 62 64 68 0.38246986645947867 132 55 135 75
5 -2.4489199394499388 0.89918946376113162 0.022818839046159486 39 41 45 0.23806865485317175 122 240 109 278 121 216 120 177
2362 4.0985042574324222 -1.3451312391510852 4.7116495153542486 1 1 1 1.2366016303408129 165 70 166 67 167 66 168 76
546 -1.3101599883925306 1.8560745910175411 -2.2261383576169935 158 164 174 1.0651375704868755 114 224 112 148
261 3.3264622488562829 -0.26570720620551225 3.0482968063215408 64 65 68 1.5702712818040432 125 76 120 7 131 96 134 103 148 168 145 101 146 142 149 118 152 100 153 114 129 95 154 111 103 36 102 40
2618 -0.28559093519414025 2.0869315653049108 -0.60717329771598327 78 79 84 0.15664774294764089 97 136 96 183 95 220 94 223
1113 3.2704482760901232 1.4213230840968587 1.0634015458120165 130 135 144 0.37672568660242367 120 96 135 53
4 -2.3693962003628517 1.1346411412383823 0.2591979689625345 1 1 1 1.391694257620937 122 212 109 244 121 219 123 239 124 242 125 232
2361 5.2084262333402309 -0.56018709153644863 3.731530237307608 158 164 174 2.1359405918462091 161 100 166 66
545 -0.51403234529652209 -0.80499344900478254 2.0353542125340831 22 22 24 0.30501030354137548 114 142 115 126 116 117 112 126 113 50 111 98 110 156
260 -0.20339060091172206 1.1527503749864536 3.5724498608022643 36 37 39 1.8566970904626461 121 192 123 211 124 205 125 172 122 243 123 235 124 239 120 131 122 166 119 134 119 197 118 171 117 247 109 216 116 190 116 280 111 192 113 223 110 178 108 249 107 273 128 179
2617 -0.18253483751571131 1.7850343804932862 -0.58297064705384838 39 43 53 0.92968926769310367 97 118 96 182 95 208 94 222
1112 3.514062208992339 0.76852994406666963 1.7874985233305061 174 181 192 0.78308511979008699 123 97 135 41 122 109 121 115 136 37
3 -2.3677559611016474 1.1306344107224831 0.25251873891076804 1 1 1 1.3062640855824255 122 211 109 243 121 218 123 238 124 241 125 231 120 150 119 198 118 208 117 250 116 244 115 213 114 214 112 182 113 189 111 193 110 209
2360 5.9570304644927168 -1.1797606947848227 5.7463437600278739 107 112 123 1.2268938937816889 164 93 165 63 166 62 167 39
544 2.0897009042814947 -1.2457607389391923 -0.0033949428493801892 95 97 103 1.1857103256507611 114 229 115 241 116 215 112 115 113 140 111 92 111 130
259 -0.50885659202882128 -0.63530173986434979 2.07148340806719 47 48 50 1.9407763729142509 125 108 121 96 122 82 123 127 124 114 120 25 127 96 126 93 107 132 106 184 128 134 123 126 129 127 130 128 124 111 131 119
2616 -2.2316134485944117 3.0996899244542973 -3.0177865677813522 42 45 56 1.8850625017873293 97 135 96 181 95 207 94 197 93 205 92 215 91 187 90 201
1111 2.9352454788644158 0.019352805972156391 0.74737941927947482 102 104 110 1.7944002587370345 119 16 135 29 136 87 139 140 141 95 144 79 143 128 146 12 147 44
2 -2.27181893554727 1.0386313719812788 0.30216007307131371 47 48 51 0.74589505157844083 122 206 109 218 121 169 120 128 119 169 117 207 112 144 113 187 111 160 110 177
2359 7.0612706302809523 -3.8140244029371839 4.4409013912099695 53 54 58 0.25081451947062355 164 82 165 87 166 51
543 -0.21288377602928218 2.2342660567998567 -0.71307659363241482 46 47 51 0.96295627692162356 114 218 112 106 110 107
258 4.0524346584946098 -0.29671582665958496 2.3735381299518514 29 31 40 0.96727260828382855 121 402 122 424 123 440 124 442 125 406 120 355 119 427 126 413
2615 0.83983464497185278 2.559130795145693 -1.1961663728329426 184 191 203 1.5779365416386133 97 127 98 135 96 176 95 206 94 212
1110 6.8994923783502884 -2.0469129332043363 5.7033156829480927 14 14 17 1.4562248293705982 122 41 123 63 127 19 129 50 132 47 133 49 135 26 120 3 124 78 125 60 149 59 150 21 152 12 153 54 155 63 160 139
1 -1.5752991826962159 0.95570065557732575 -1.5312122296132495 41 51 52 0.19514130887246259 122 74 109 25
2358 7.0612706302809523 -3.8140244029371839 4.4409013912099695 53 54 58 0.25081451947062355 164 81 165 86 166 50
542 -0.3822581510026844 -0.67439806786728773 2.2885256532195841 17 18 19 0.34288579553118653 114 148 115 128 116 126 112 89 113 57 111 59 110 123
271 -2.8219884363964289 0.7165087327470353 -0.62294755047990713 54 57 66 0.93746127199834106 122 191 120 120 119 157 118 159 117 200 116 180 114 204 113 158 111 153 110 169
1123 8.8019864086412305 -3.3565640970665802 6.2636522964882912 184 191 203 0.45287026045271456 116 53 135 189
14 -1.6081458932531765 -0.033788147423209416 0.64395873491020483 35 38 44 1.4340395211274306 122 295 109 265 121 273 123 298 124 305 125 297 120 231 119 263 126 307 108 269 127 291 107 321 128 286 129 339 130 350 131 350
2371 6.1212590991047238 -1.5331339683282752 4.0109499516821998 184 191 203 1.7938126729336965 164 164 165 160 166 131 167 126 168 129 170 131 171 146
555 2.3402787635399429 1.6237195460559577 1.3215343135452355 32 33 35 0.90605962998099865 109 235 115 338 114 309 112 210 113 219 111 229 110 241 108 244 107 264 105 246 104 244 103 186 102 157
272 3.4864625065274062 0.62303303480645411 1.8074884822750938 158 164 174 0.69112551364670938 121 161 123 21 120 124 135 202
2629 -1.5616569018431745 1.7622104876138533 -4.1979997582569828 184 191 203 1.4008883917710193 96 186 97 142 95 210 94 214
1124 3.1052370939276357 0.19981855960239461 1.0528517137786124 111 113 119 1.1276528578573037 118 114 135 196 119 116 136 213 137 221 138 217 139 195 140 178 141 179 142 179 146 119 147 118 148 167
15 -1.99314171499681 0.2743222075720439 0.1377786534769489 23 30 49 1.4352723498799422 122 299 124 306 125 254 121 238 120 198 119 275 117 315 126 310 127 295 128 338 110 232
2372 3.9695575041151558 -1.3863174345923146 4.7948608404787985 0 0 0 0.34167448247045457 165 193 166 142 167 140 168 165
556 -0.1491236433030419 2.2941963023469891 -0.65711189358513222 47 48 51 0.63200911679463345 109 242 112 218 113 233 114 321 111 235 110 248 108 248 107 272 106 264 105 251 104 216 103 174
273 -2.2761889978909764 1.1497323901189964 0.37531489633536352 58 58 62 0.70329745820536838 122 168 120 133 119 172 118 175 116 192
16 -2.4067318180414121 0.76933692359069161 0.027120714675439264 2 2 3 1.4547650133796495 122 312 109 309 121 247 123 356 124 412 125 383 126 399 127 408
2373 3.8726298830653576 -1.4004408829948134 4.6757492985393094 72 72 76 0.24615938124007214 166 175 167 142
557 -0.28047106321760595 2.143198501252233 1.8194484382042313 51 52 55 0.31950844213821761 114 250 112 219 113 230 110 251
1126 3.0165642512017028 -0.096537734856823432 0.83459894289391423 96 97 103 1.8227922685266502 116 121 135 309 136 308 137 294 138 298 139 266 140 228 141 215 144 226 145 209 146 215 115 198
17 -2.3331999381178123 1.0761801329144254 0.24196594148262046 67 68 72 0.63347699755358899 122 317 109 313 121 257 123 318 124 361 110 276 108 347
2374 3.6789676692378466 -1.7976727067127865 6.4070344293813433 12 13 16 0.93839761524935328 165 244 166 188 167 161 168 158 169 179
558 2.219469076589847 -0.17818279919885976 -0.48500133062623979 70 73 117 0.33677220473122826 114 334 115 354 116 364 112 228 113 244 107 282 106 274 105 264 104 233 103 203 102 167 101 106 100 95 99 103
1127 3.031966107229894 -0.047753525306827055 0.76076219796088784 95 96 102 1.5299629512510697 117 234 136 344 137 295 138 299 137 324 139 267 140 229 144 228 145 210 116 172
18 -2.2519403865495056 1.0929068630435415 0.29625483526243046 15 16 17 1.8099551614374028 122 318 121 295 123 320 124 363 125 350 120 218 119 294 118 283 117 330 116 318 115 340 114 316 112 246 113 264 111 261 110 277
559 2.219469076589847 -0.17818279919885976 -0.48500133062623979 70 73 117 0.33677220473122826 114 335 115 355 116 365 112 229 113 245 107 283 106 275 105 265 104 234 103 204 102 168 101 107 100 96 99 104
1128 1.8432048230552069 -1.4052016289265155 0.50948910810882597 69 70 74 0.65974728455278708 133 352 134 380 135 348 136 391 137 344
19 -2.6888477273798896 1.1017011361346378 -0.20244629091934807 25 26 28 0.30594670364937482 122 319 109 349 121 296 123 322
2376 6.6929569382690266 -2.0682106645179332 5.5030800471170354 22 23 26 1.5499045769627424 122 38 126 55 132 46 131 52 121 39 147 42 144 16 149 55 151 43 152 28 154 43 155 53 157 74 158 68 159 80 160 72 161 89 162 58 163 76 164 88 146 5 150 16 153 49 156 47
1129 7.3296169204244768 -3.5163125374475479 4.396623817063662 1 1 1 1.4823239495346368 118 341 119 385 134 344 134 397 135 373 136 417 160 331 162 259 163 217 164 255
20 -1.5741706610619646 -0.16511565299631809 0.74295524721159589 1 5 24 1.4592997187842145 122 328 109 300 121 312 124 397 125 335 120 271 119 343 118 350 120 322 117 349 126 348 116 340 115 362 114 342 112 266 113 247 111 285 110 299 127 366 128 388 129 395
2377 3.6083850391012016 -2.0387535030384454 6.2436802814817547 40 41 47 0.95327601290301722 166 28 167 27 169 37 171 45 170 22 173 51 174 32
561 -1.4525976482399301 2.2119413292635981 -2.2098252246552392 60 61 64 1.4546108083234868 109 248 112 252 113 292 111 239 114 419 110 214 108 253 107 276 106 270
1130 5.8876505589623225 -2.194892452476362 6.2061465237021416 95 99 110 0.5876015156416311 106 308 117 357 118 308 119 350 132 270 133 330 134 360 135 383 105 299 107 287 108 267 115 330 122 333 123 346 121 318 124 352 125 299 126 308 127 290 131 279 109 225 120 276 128 284 130 310 129 303 136 374 137 365 138 359 139 327 140 313 141 290 142 305 144 316 143 313 145 294 146 266 147 287 148 304 149 303 150 323 151 289 152 275 153 265 104 267 103 230 154 251 155 268
21 -2.3206915050676331 0.29604835031733145 -0.1967176713588846 78 86 85 1.5142478943268312 109 301 124 349 125 296 126 306 110 262
2378 4.3840669161384476 -4.7222003748031378 6.9847134500813821 103 107 114 0.14282131543020471 164 27 167 44
562 0.13721322115745055 -2.1585958301148525 1.4310090514397196 91 93 99 0.86645395792318092 109 291 114 354 115 384 116 359 112 255 113 271 111 274 110 288 108 323
1131 -0.40518531966538768 -0.82579268490712487 2.3315454009992949 48 50 54 1.5829785747518212 133 327 134 361 135 415 136 454 137 463 138 469
22 -2.5474320401931299 0.93860865137878247 -0.020027812694764988 5 5 7 1.6475149667043045 122 344 121 292 123 360 124 417 125 386 120 212 119 287 118 247 126 421
2379 6.3466681149245705 -1.5154578375464578 5.8456608673384816 27 30 38 1.3571046533471132 165 111 166 77 167 56 168 62 169 85 170 62 171 85 172 91 173 89 174 74 175 77
563 -1.3869702392792764 2.2109865201352417 -2.2138374287622269 4 4 4 0.81786779764540818 114 437 112 275 113 321 111 238 109 221 110 213 108 227 107 275 106 269 105 283 104 249 103 191
1132 4.1474016373657827 -1.1006856788489159 5.4658476687760089 184 191 203 1.7172579176827159 105 357 119 428 120 356 121 403 122 425 106 362 104 352 103 295
23 -2.5294368412553072 0.93502479116852588 -0.03511840923385913 5 5 7 2.4116109652493702 122 345 109 340 121 293 123 361 124 418 125 387 120 213 126 422
2380 6.8136745122287161 -2.2087145691349108 5.958966516113553 32 34 40 0.40773782980455336 164 60 165 93 166 56 167 62
564 -1.4701898915030225 2.1806915248842786 -2.1580387876132177 23 23 25 0.7164427110950401 109 247 112 276 111 266 108 252 107 307
1134 5.158124079983553 -0.87776651913537895 3.1451492670598977 175 182 194 1.2647151744239731 116 271 117 308 118 312 137 441 138 451 139 392 141 388 142 348 144 374 143 351 115 364 116 345
25 -2.3848813042811501 1.0738900544475405 0.16406069350664632 8 8 8 1.9523502276935378 122 349 123 418 124 421 125 390 126 426 108 367 109 312
2382 6.0812912863077209 -1.6074250070007687 5.8378939025061163 30 33 40 1.0831950094596563 165 112 166 78 167 64 168 63 169 86 170 63 171 86 172 104
566 -0.70617152730328259 -2.4108244702948616 1.0592886373562507 1 1 1 1.1846754662757524 109 357 114 350 112 278 113 294 111 297 110 311
1135 5.449294256802955 -1.8304676270150493 6.3525850464021785 39 39 41 1.3453042560881443 105 356 106 359 116 377 119 426 125 405 135 441 107 351 104 351
26 -2.7363476537010367 1.168842364910522 -0.23538989308991148 3 31 13 0.78812937373884628 122 353 109 353 123 366 124 365
2383 4.0362403314853896 -2.3021316719437568 6.7207875191056257 47 49 56 0.90619482385164174 166 63 167 65 168 65 169 88 170 64 171 76 172 95 173 91 174 73
1136 2.7908126718328021 0.31082563984426526 2.9636338652764596 17 17 18 1.3157411646964101 131 355 132 349 133 411 134 413 135 446 136 475 137 445 138 460 139 426 140 417 141 395 142 354 144 380 143 369 145 351 146 341 147 364 148 378 149 387
27 -2.7172943479769396 1.2064292294652181 -0.17993417821045188 7 9 11 0.58106618655661824 122 354 109 355 123 422 124 455 125 418
2384 4.0529615074263914 -1.353810014997932 4.7315502296127452 11 12 12 0.18212998532676283 166 84 167 71 168 97
568 2.9995484460154396 1.9413648012805151 1.7423533443518071 184 191 203 1.9705912398461181 119 453 117 442 118 449 111 292 109 277 110 271 108 306 107 356 112 295 106 341
1137 7.0809172648473835 -3.4325967475817882 3.8168678143535448 1 1 1 2.2095177168054936 116 430 115 463 137 477 138 466 139 432 140 424 141 404 142 365 105 375 106 354 107 371
28 -2.3865937432875586 1.2995958658256124 0.23378387603017481 79 80 85 1.2421922832198902 122 355 121 333 123 367 124 425 125 358 120 254 119 321 118 327 117 370 126 403 116 351 115 371 114 346 112 297 113 286 111 310 110 325
2385 3.9917350864864529 -1.3773937616981062 4.7880346298126266 5 5 5 0.85033631563676548 166 85 167 72 168 86
569 -1.3407366152161473 2.2341175473833195 -2.3476638357636617 61 61 65 1.0086862191973529 109 315 112 304 111 294 110 307 108 280 107 305 106 291 105 281
1138 -0.044255109599957321 -1.1812819400613133 1.9880215380760755 0 0 0 0.69895153869188364 131 366 132 363 134 460
29 -2.4708436245280936 0.82905462171042843 -0.058583467192570016 26 32 31 1.3255886686394895 122 398 123 410 121 327 120 283 119 362 118 364 117 399 116 381 115 394 114 366 112 294 113 310 111 308 110 322 110 345 109 369
2386 3.6429767926986858 -1.9785188330268757 6.2845893386112941 1 1 2 1.1765100083150541 166 100 167 83 168 81 169 112 170 109 171 120 170 88 172 143 173 142
1171 5.728146667079633 -2.3548530354455828 6.5157144670811142 40 43 54 0.20119247254270126 108 145 136 304 107 189 137 258 139 240 140 264 141 250
62 -1.1605992075805474 1.370035636575591 2.1714899769807832 31 31 33 0.68656304022177639 122 281 121 259 123 321 124 323 125 265 120 221 126 273 127 257 128 254 129 322
2419 -1.5329836250939677 3.4607049993563068 -3.6661465542747109 183 190 202 0.44986033455717039 102 147 101 71 100 56
1172 5.6482513898113229 -2.3150310932753602 6.4225774216571718 40 43 54 0.41132828819898354 106 252 107 190 108 146 117 190 136 305 137 257 118 193 138 271 140 265 141 251 144 260 143 255 145 265 146 233 147 258 148 278 149 272 150 243 151 255 152 238 153 224 161 294 163 226
63 -2.0367698134306678 0.16694472062125287 0.040533478329244518 2 8 30 0.85372483324266213 122 294 121 272 123 342 124 348 119 261 116 267 115 298 114 265 112 195 113 199 110 225
2420 -0.32580330736113533 2.3169167345436725 -0.60867359902650864 38 38 40 0.49245357020289116 102 111 101 73 100 76 99 59 98 61 97 69 96 138 95 170 94 166 93 168 92 172
1173 -0.5155632396794041 -0.57345814083103175 1.8850004560868234 97 98 103 0.68266734513149707 134 208 135 279 136 311 133 171 137 329 139 331
64 -2.6820489884159526 0.59863924911856226 -0.41411480638856502 55 58 66 1.2882945986271552 122 300 121 278 123 302 124 356 117 359 116 347 115 333 114 303 112 235 113 252 111 288 110 300
2421 -1.3492259240961468 2.2711394768255366 -2.3126332471100199 1 1 1 0.34586192115789938 102 177 101 98 100 81 99 67 98 53 97 64 96 123
1174 4.0556166415807029 0.3061861517245632 2.4474392514943206 182 189 201 1.4848438581450365 132 232 133 281 134 285 135 315 136 316 137 366 141 184 142 181 146 145 147 205 148 225 149 248 150 215 151 227 152 202 153 233
65 -2.658379773132987 0.62968947484969795 -0.51446345141770866 64 67 74 0.74084787605723501 122 336 121 279 123 350 124 410
2422 -1.9305973241927612 2.8986029967020839 -3.5406481593352686 36 39 49 0.93737471223955193 102 162 101 99 100 80 99 65 98 51
1175 3.4147760080082294 0.37686400072455239 1.8563248249442139 184 191 203 1.4518038016414314 135 287 136 317 134 253 140 183 144 173 145 181 146 188 149 250 150 216 151 201 133 214 152 204 153 275 152 281 154 181
66 -2.8704397282673528 0.68591700282818291 -0.66814992202097412 3 10 30 0.70250509543710515 122 338 121 280 120 240 119 278 118 314 117 318 116 311 114 275 112 236 113 213
2423 -2.0867859509921201 2.8365744239402919 -3.3790759761186195 184 191 203 1.5065820699050336 102 180 101 103 100 83
1176 -0.1632686576025085 0.060450261149180826 2.8531914098199502 1 1 1 0.87273151403410787 134 254 136 321 137 312 138 313 139 277 140 274 141 283 140 299 139 308
67 -0.11556254681112038 -0.011267455338896046 2.7890917120492595 85 89 94 1.1244020002912445 122 303 121 283 123 303 125 255 119 314 118 317 117 362 116 349 115 368 114 361 112 291 113 305 111 306 110 320 127 248 128 248 129 263 130 273 132 231 133 335 131 248 109 337 134 314 135 393 136 432 137 410 138 402 139 400 140 390
2424 -1.1603991132025515 2.200081859666668 -2.1484479828627232 87 88 93 1.5443576844121114 102 173 101 111 100 93 99 79 98 66 97 87 96 140 95 174
1177 2.6560367527959299 0.89215061332196466 1.7671148993630001 0 0 0 0.60767999335497336 118 164 119 194 120 144 121 190
68 0.5755963652339936 -0.07464292714060547 3.4555175021306583 39 42 53 1.3448745353048726 109 231 122 307 121 284 123 308 124 312 125 257 120 243 119 282 118 272 117 322 126 264 116 275 115 303 114 276 112 205 113 215 111 219 110 235 127 249 108 274 128 291 129 312 130 320 132 274 133 333 131 286 134 367 135 391 136 431 137 447 136 457 134 411 138 437 139 399 139 428 140 419
2425 -1.9028303343881867 2.8650574075050517 -3.5642408702321959 164 170 182 0.36894371148155913 102 220 101 121
1178 3.8855816529445066 -2.2395200207791683 6.173600813883632 39 42 52 0.45027177112064976 119 266 136 341 138 331 139 293
69 -2.867944858709794 0.57031187313249876 -0.72474962683128352 80 82 87 1.053380146670208 122 335 121 317 120 274 119 349 118 309 117 358 116 346 115 365 114 343 112 267 113 283 111 286
2426 -1.8953625826634926 2.8784599261797146 -3.5805362236914586 164 170 182 1.1272328822236752 102 221 101 122 100 103 99 77 98 63 97 72 96 120
1179 -0.58306911547452778 -0.7078123682030234 2.1071983420916069 27 27 28 0.25764639303869646 134 244 135 278 136 345
70 -2.8749401134614838 0.73172003268537156 -0.6930319528143668 73 75 82 1.0157092254572899 122 396 121 324 120 279 119 360 118 362 117 361 116 348 115 367 114 344 112 269 113 284 111 289
2427 -1.3772229300655907 2.0934003512450787 -2.016162169789312 97 99 104 0.64255562262633237 102 218 101 125 100 105 99 93 98 84 97 91 96 144 95 178
1180 3.5606929349785186 0.69367724738030156 1.6984706404213921 184 191 203 2.0991274071061814 122 315 136 352 121 250 123 276 120 244 137 369 147 237 146 147 148 284 149 252 150 251 135 316 151 230
71 -1.1075204286456435 0.35169137358549085 1.947369615105961 42 44 48 2.0037285557659845 122 397 121 326 123 409 124 447 125 411 120 282
2428 -0.5306474188095317 2.3290895540680383 -0.55123990842745985 25 28 36 1.4946116635123008 102 222 101 129 100 111 99 99 98 130 97 120
1181 3.5747714634544172 0.85465022448585559 1.7907182660696102 184 191 203 1.3452882905236063 121 253 135 317 136 353 120 249 122 276 150 218 151 232
72 -1.3084045130877646 1.1985870028054986 1.6805309855539405 22 23 24 1.2840408181620091 122 350 121 332 123 415 124 420 120 252
2429 0.039820545958905981 2.5692634703314066 -0.68678435375519153 25 26 31 0.96202323079022634 102 255 103 263 104 332 101 157 100 133
1182 0.67923248952187154 -1.8537800168821004 1.7232059328296643 56 57 61 1.2864282759065413 133 232 134 268 135 302 136 365 137 352 138 347 139 316
73 -0.53965079160930318 2.1067820748203698 2.0326298695063429 58 58 61 0.44261575458426183 122 359 121 336 120 294 119 371 118 373 117 413 116 385 115 398 114 370 112 300 113 318 111 313 110 328 109 351
2430 -1.866284756061795 2.8176514296874058 -2.994066712856629 9 10 10 0.36696802756350605 102 287 101 159 100 94
1183 2.6994533053570038 0.58933404082026841 1.3261199230775 144 150 159 0.88625715486073875 133 339 134 369 135 341 136 380 137 370 138 338 139 305 140 292 141 276 142 259 143 260
74 -0.25933526534494361 1.7242347354927656 -0.60492723497801548 55 58 66 1.5606430687833641 122 414 121 339 120 261 119 298
2431 -1.5792262610301016 2.220174791785122 -2.2690902969783586 97 99 104 1.2316373355688757 102 284 101 182 100 162 99 152 98 138 97 131 96 177 95 203 94 211 93 204 92 214 91 188 90 178
1184 -0.52322531024214924 -0.42409527747199105 1.7759005108940096 98 99 104 0.39477121451972763 135 386 136 427 137 442 139 424
75 -1.9026214602741032 -0.30066112032933379 -0.012712368397399115 3 3 4 1.3218785451335677 122 416 121 347 123 430 124 434 125 368 119 421 118 418 117 456 126 379 116 429 127 364 128 357
2432 -2.031205755869788 2.5487392557061619 -2.7434621606627005 50 51 54 0.66854681069586674 102 288 101 185 100 149 99 119 98 128
1185 -0.52322531024214924 -0.42409527747199105 1.7759005108940096 98 99 104 0.39477121451972763 135 387 136 428 137 443 139 425
76 -1.6537025041285491 -0.7002001195914962 0.80141213002073974 43 45 49 1.2578127456208001 109 325 122 374 121 355 123 432 124 387 125 329 120 349 119 390 117 431 126 341 116 368 115 387 114 358 112 261 113 301 111 279 110 293 127 326 128 360
2433 -0.25219244766653687 2.468171082350211 -2.3928175408278207 79 82 87 0.96228581704911031 104 73 101 49 98 43
1186 3.0109363272169771 0.31270272824897616 2.1714758518371871 40 43 53 1.5785384747082258 132 324 133 387 134 412 135 390 136 430 131 356 137 408 149 345 150 353
77 -0.58578586490352136 -1.1460478950643189 1.8563299613920197 43 45 49 1.2085037322833407 109 327 122 422 121 360 123 437 124 439 125 373 120 316 119 396 118 347 117 348 116 375 115 360 114 340 112 286 113 281 111 283 110 297 108 358 107 393
2434 1.7338695289796533 2.087331945627843 -0.52091260947044671 184 191 203 0.38375706367350715 102 44 100 4
1187 2.8383072577377417 -1.4307513075978417 0.28392613439780906 184 191 203 1.0093232383803039 117 336 136 439 137 420 138 411 139 376
78 -1.0887450810518058 -0.80602299411296241 1.4135717070033751 43 45 49 1.6547299265027786 122 380 121 363 123 392 124 440 120 266 119 305 118 298
2435 0.98160043703453292 1.6056876756691167 -0.63818111035494585 92 94 100 0.5004815815838618 102 42 100 25 99 17
1188 3.3274115992625837 -2.972338665580077 3.680406890681061 0 0 1 1.8843767865143235 113 275 115 386 116 366 105 351 106 331 107 344 108 292 109 296 110 291 111 278 112 260 114 333 118 393 119 422 136 449 117 430 114 357 137 435 138 426 139 387 132 340 140 379 141 386
79 -0.27200081635215023 -1.1658431319052467 2.2970601549350658 23 24 25 0.74250733901342469 109 329 122 382 121 364 123 394 124 395 125 333 120 319 119 338 118 348 126 344 127 334
2436 0.23062998877562407 1.9656153382294039 -1.008079857308551 110 115 126 0.84398580221116515 102 81 100 51 99 39
1189 -0.86849859283426756 -1.1332585626787961 1.6972641121289096 0 0 0 2.4105078712590222 134 348 135 412 136 450 137 461
80 -0.31051281373531375 -0.86827593825859162 2.407121889088387 16 16 17 1.2440889051267645 109 330 122 384 121 366 123 438 124 441 125 374 119 400 118 351 117 394 126 386 114 360 112 288 113 303 111 301 110 314 108 359 127 396 128 386
2437 -0.22034288464957219 1.8246706194205746 -0.62569922668507971 56 58 65 0.63120292640354692 102 135 100 82 98 68 97 76 96 149 95 185 94 204
1190 3.9669115692750072 -4.4415011388617192 7.0185212701805222 2 2 2 0.62519519065507578 108 374 135 436 136 466
81 -1.4099880575721373 -0.16292010915747498 0.95440906341435428 62 64 70 1.6228532844361494 122 389 121 371 120 327
2438 -0.47895224563525812 2.1651379280876486 -0.63320727262048437 45 47 54 0.81101324600605573 101 127 100 109 99 97 98 89
1192 4.3424483244310554 -0.32908197327826216 2.6775872097220237 29 31 40 1.6741527538187073 118 398 136 491 137 482 138 453 139 417 140 430 141 411 142 372 144 391 143 383 145 360 146 349 103 275 102 266 101 166 100 152
83 -0.30270969233641354 2.1767702403305145 1.6705822191229069 64 64 67 0.39752556875816719 122 413 121 392 123 427 120 297
1193 8.2689838632087387 -3.0319927560941324 5.9095153934581228 61 63 67 1.9682152495436926 116 12 113 107 115 78 107 115 136 204 118 98 135 190 143 234
84 -1.9116919309499807 -0.14248487019441472 0.086977384591603077 43 45 49 1.0372161825246455 122 419 121 397 123 434 124 437 125 369 120 351 119 392 118 394 117 433 126 381 116 374 115 388 114 359 112 265 113 280 111 282 110 296 127 394 128 382
2441 -2.1031999696236965 2.9468113763393062 -3.3534286072249588 184 191 203 2.0680627229469208 101 170 100 148 99 137
85 -1.4770507041977814 -0.58899928234270782 0.85532864409473652 0 1 1 1.5754077501219448 122 375 121 398 123 387 124 390 125 370 120 314 119 393 118 395 117 434 126 382 116 403 115 421 114 396 112 309 111 323 127 331 128 327 129 360 130 375 132 360 133 430 131 344
86 -2.2952965236261589 0.32640025987719912 -0.044892349840393128 3 11 31 0.6988291300864925 122 438 121 401 123 462
2443 4.1759048692113163 -2.4735127582202039 7.7207061934443688 50 51 55 1.7046736169333947 167 24 168 37 169 31
1196 3.9571274787393786 0.22766835036948108 2.4197105343090275 96 100 110 0.87734169898124637 121 18 137 17 149 66 150 29
87 0.87880844511471234 -0.10185863474824486 3.4625280533402916 38 41 51 1.2180526906573539 109 336 122 426 121 404 123 442 124 446 125 379 120 358 119 405 118 399 117 436 126 392 116 378 115 390 114 362 112 293 113 306 111 307 110 319 108 363 127 403 107 383 106 389 128 392 129 399 132 369 133 439 131 370 134 466 135 466 136 494
2444 3.6127998103281311 -2.0806961828158435 6.3949667261727976 66 67 71 1.0951644927604816 168 66 169 89 170 69 171 87 172 109 173 111 174 101 175 78 176 45 177 63 178 43 179 33
1197 0.5385489205059909 0.31347373598840211 0.14248878482163596 150 156 166 0.32408724609843709 136 44 137 32
88 1.0678480833429929 0.70854644699055902 5.4631734891166541 38 38 39 2.160248409172898 109 387 122 399 121 409 123 411 124 413 120 332 119 432 118 425 117 465 116 440 109 404 115 475 112 338 111 351 110 363 108 384
2445 5.1080329015197563 -0.79785280711450268 4.0407763967476997 59 60 64 1.230370978499842 168 69 169 102
1198 0.590330841609636 0.37111223441831298 0.13262514254649493 142 148 157 1.4438136405422954 136 52 137 40 138 55
89 0.72849640561471762 0.66998930493347475 4.6229630491764517 38 38 39 1.6795077184650353 122 400 121 410 123 412 124 414 125 382 120 333 126 398 127 375 128 367 107 405 129 375 130 412 131 372 132 375 133 417 134 449 135 450 136 499 137 491 138 476
2446 4.9847553143556045 -2.8555453786374607 7.7279535792151819 0 0 0 1.8663086447693602 162 225 164 224
1199 4.6896972512783632 0.25293794576280099 2.9903190565332038 26 29 37 2.1450401705207409 127 70 137 89
90 -0.80375926804076048 1.2888772173973853 2.6504127660139556 1 1 1 0.47874596623607724 122 445 121 411 123 466 124 465 125 415
2447 4.1261277382741577 -2.197243405218273 6.7692640177519001 1 1 1 1.2739254923086643 168 109 169 119 170 105 171 118 172 170 174 136 172 141 175 145
1200 0.31434833444138377 0.23824947510410246 0.041605928858493194 121 125 133 0.55122844679188598 132 32 137 108
91 -3.0869005750835048 1.5391501205918001 -0.40474424545033172 184 191 203 1.8679891712223604 122 433 121 413 123 455
2448 3.6357718223783864 -1.8688122232001971 6.2835979263361894 35 38 48 0.80348158445115603 168 137 169 140 170 120 171 138 172 185 173 185 174 159 175 178 176 140
1202 0.23103492327687514 0.21925392761006762 0.010872688723885332 125 129 137 0.48138376214418432 135 40 137 112
93 -0.20184121595734328 1.2083434358108578 3.8066938735143618 35 36 38 1.5820853921644307 123 37 125 43 118 35 126 126 115 50 127 78 132 123 133 149 135 165 135 213 136 59 137 248
2450 5.3546700008649406 -0.79360540203880781 4.2559011059907066 178 185 196 0.68122773738256781 168 111 169 142 170 139
1205 3.8025206536636977 0.86692020875242826 1.793713809458519 0 0 0 0.38226899073850984 123 144 133 61
96 3.4181787580542022 0.8608390717686013 2.1410555655123775 40 40 43 0.49145996374536455 121 71 122 26 123 102 124 101
2453 6.0363638758659999 -1.5242668589648192 4.1355170405501953 38 41 51 0.17984463890272753 168 154 169 176
1206 1.0680021308439773 -0.46819266484584399 3.9535810748001974 63 64 68 0.076118510190421457 133 85 134 109 135 136 137 157
97 3.4915632766269526 1.2130859828500467 2.1411477352521309 32 34 43 1.0550891828412448 121 78 122 72 123 109 124 103 125 126 120 54 141 42
2454 1.1893982656897626 1.5372587162907645 -0.58561238303473928 93 96 102 0.34534937983698688 100 62 101 62 99 46
98 -0.24149723674709445 -1.5443114185040669 2.379753052673816 32 34 36 0.54024172945180304 121 35 122 37 123 119 124 73 125 54 119 4
2455 -0.30167013137347576 2.2994226890729088 -0.743356585430196 1 1 1 0.11970405053649696 100 67 99 53 98 45
1208 -0.095747761435308582 -0.078250615793260397 2.8195397038287471 46 51 55 1.3006978589535214 108 77 130 100 137 171 138 280 139 276 140 294
99 -1.5901257356875509 -0.037901325046470147 0.62200644612260658 49 52 61 2.0584088046601949 122 81 123 124 124 112 125 111 107 133 127 144 128 166
2456 -0.25476565282944263 2.3301855330107002 -0.67129037886645193 65 66 70 0.323570585090806 100 69 99 55 98 41 97 41 96 117 95 152 94 144
1209 3.2097186225229395 0.83576199816367625 2.0453733523701203 17 17 18 0.53235333185530265 119 79 136 174 137 172 138 173
100 -0.59548260025385114 -0.65679240014069762 2.1281878448751592 60 61 65 1.1794654742905173 121 145 123 125 124 113 120 65 126 139 110 121 118 110 108 150 117 127 127 143 128 133 129 126 130 127 132 140 133 170 131 155
2457 0.99165893971676977 1.5150941341210655 -0.55855069955050252 184 191 203 0.92720021020900445 100 100 101 117 102 205 99 112 98 118 97 110 96 173 95 205
1211 0.031519009253377209 0.54763728572919257 1.6925321849328738 61 61 65 0.24451939186724381 129 148 137 184
102 -2.7205513900565661 0.645573974727911 -0.59341024703880407 32 37 51 0.22398924418474356 121 45 123 131
2459 0.050316947790969055 1.9015742228730044 -0.93851466162843544 174 180 191 1.876386011025476 100 126 99 114 97 130 96 180 95 218 94 220 93 234 92 244 91 218
103 3.1924145127486874 0.93861077348820443 1.9969187957705619 39 40 42 1.3481113587225992 121 118 122 116 123 146 124 173 120 90 119 84 134 215 135 206 136 221 137 231 138 179 145 105 146 88 148 178 149 160 150 177 151 164 152 134 153 167
2460 0.023868381296317867 2.1475051013554838 -0.84128313093001428 123 128 138 1.0289673588938828 100 129 99 116 97 117 96 164 95 184
1213 1.9514926059216755 1.2934096913073876 0.83646683194913263 158 164 174 0.01315109492929668 124 55 137 191
104 -0.22708023419634876 1.1487402345109299 3.7132864020279901 1 1 1 1.1428116546915115 122 119 123 147 125 124 126 124 127 75 133 147 135 163
2461 -0.24530626971913583 2.1163680530448259 -2.6439993878957653 158 164 175 1.3216134715256744 100 144 99 127 97 106
1214 1.3182849171797635 0.81960078638641809 0.24599521974414523 133 138 147 0.69178324480607933 123 141 137 192
105 -0.82517651585213869 -1.0680750684474156 1.4480424934724343 29 31 33 0.56966630345979197 121 138 123 158 124 141 120 100 119 102 120 61 117 74
2462 -0.24530626971913583 2.1163680530448259 -2.6439993878957653 158 164 175 1.3216134715256744 100 143 99 128 97 107
1215 7.847112545906624 -3.8052772921242459 5.1409345310582832 97 100 107 1.3455585532249299 107 172 108 181 109 206 113 146 114 234 115 251 116 164 117 177 137 210 106 43 110 152 111 204 112 190 138 150 139 132 140 111 142 170 144 120 146 37 147 38 104 12
106 -0.83332570608480094 -1.0395629723643889 1.4033404030930459 29 31 33 0.76924123556477209 121 139 123 159 124 142 119 103 120 62 117 75 115 77
2463 -0.50121010677632449 2.4168572912845709 -2.2213743813076676 184 191 203 2.0125244316227926 100 146 99 131 98 144
1216 5.596003397958226 -2.335404003527644 6.7450528436022195 80 85 96 1.4766845577283443 116 174 133 133 137 218 121 150 123 167 140 175 141 219
107 -0.53964460856837937 -0.86390191876130962 2.15548537047435 19 20 21 0.20856198218477798 121 141 122 136 123 161 124 145
2464 -1.5757906780107005 3.5180665497710031 -3.5186591781136851 184 191 203 1.340889434430107 100 163 101 183 99 136
1217 3.1914659966043724 0.93921255205475251 1.9977763737185144 34 35 39 1.4890801239378062 134 216 135 207 136 222 137 232 138 180 145 106 146 89 148 179 149 161 150 178 151 165 152 135 153 168
108 -0.43125675392290153 -0.90013691274866869 2.2285421387102535 15 16 17 1.1254846908260148 121 142 122 178 123 162 120 104 119 182 107 183 106 173
2465 2.5056243087055976 1.1093402447152201 1.7845209241704021 36 39 50 0.73675797791640885 100 156 101 168 102 270 99 150
1218 7.3093494929957439 2.6206765575082556 2.6642638828998537 94 97 104 1.3657231695270973 117 51 137 235
109 -0.49339540455504677 -0.76531683871681278 2.5020272365490044 23 23 25 0.79887363277887735 121 147 122 139 123 164 124 152 120 110 119 109 118 112 117 132 116 124 113 56
2466 4.0956795602533091 -2.5498641195044969 8.6625158116796559 50 51 55 1.4129806801088383 169 32 171 10
1219 -0.21316303925008234 1.1609236894427766 3.6858746425936904 0 0 0 2.6578534725457761 112 72 135 212 109 159 114 41
110 -0.45766650918802843 -0.6549339580201633 2.2374259551166586 15 15 16 0.99926127025228817 121 148 122 140 123 165 120 111 119 148 118 147 108 189 107 192
1220 6.8005762421221574 -3.4786998294440354 4.5548966297516111 113 117 125 1.6941501726911437 106 220 107 223 113 145 116 225 117 263 137 254 109 120 115 250 138 261 139 229 140 260 142 225
111 1.4832193491504659 -0.32339169194863138 3.1573358789199459 3 3 3 1.3077690730731817 109 85 121 155 123 169 120 119 117 140 126 165 127 166 107 51 105 187 128 169 129 207 130 212 132 175 133 174 131 188 136 268 141 259 142 241 143 261
2468 3.5928914839784367 -2.0193784632434366 6.2859069155780123 37 39 49 0.78139281483232548 165 20 170 23
112 -2.6526090893567247 0.63364457756189241 -0.48333583849492706 67 69 77 0.58998601160676012 121 153 122 145 123 174 124 197
2469 7.6217878185747097 -3.0290428322512732 5.5444504580991092 89 92 98 1.6041440032138716 165 50 169 90 170 33
113 -2.2697220743661854 1.1502134393686991 0.36507726412411651 42 43 45 0.72558382130890986 122 167 123 183 120 132 119 171 118 174 117 214 116 191 115 214 114 215 112 150 113 162 111 161 110 181
2470 6.3429031476003077 -2.1965901399977592 5.4065424471757728 40 41 44 1.2073520497264896 169 43 170 36 171 65 172 77 173 84 174 67
1223 1.9410302604541045 -1.5663357328512812 0.78342636702092527 74 76 80 1.483127930707465 132 5 137 280
114 -0.28340115798134341 2.1365718821905131 1.8593826301383072 55 56 59 1.8226046294949521 121 82 123 186 120 57 119 33 118 90 117 66 114 52
2471 6.2644793991496766 -1.5029619924580597 5.8464661815967505 95 99 109 0.62379375525904368 169 53 170 41 171 54 172 94 173 78 174 76 175 100 176 71 178 49
1225 5.3571946293974193 -3.1037780495115479 7.8104364912533635 72 76 86 1.5994144228761524 107 227 108 216 109 183 117 269 118 231 132 163 137 292 110 160 134 194 135 192 138 156 139 231 140 171 142 230 146 179 143 237 148 157 142 176 154 155 144 124 128 87 129 123 131 50 124 77 122 138 125 136
116 -2.8028959173083909 0.70637857389148628 -0.61084203406108828 54 57 67 1.3116377431572221 122 158 123 201 120 78 119 122 118 120 117 147 116 138 115 137 112 97 111 111 110 133
2473 3.7193711014549224 -1.766281671459478 6.4525768458531489 36 38 48 1.2022703547038274 169 101 170 78 172 126 171 103 173 123 174 121
1226 3.1515230415372284 0.2593388690272655 1.065142730326009 94 96 101 1.7070253731346219 136 313 137 300 138 305 139 247 145 212 146 185 147 233 148 253 149 278 144 197 150 277 151 294
117 0.52388453341713315 0.54549221571903672 3.8571862656902711 28 28 30 1.1868799553844436 121 188 122 193 123 203 120 142 119 191 118 206 117 203
2474 5.0341934828930111 -2.7769754232836399 6.8637342781230437 32 35 44 1.638763214749648 169 116 170 99 171 112 172 136 173 133 175 138 176 98
118 0.85413442716973376 0.58283746477046006 4.4680319754231848 3 3 4 2.2534799682307352 109 215 122 195 123 204 121 162 124 200 125 169 120 125 119 165 118 167 117 204 126 168 116 185 115 211 114 212 112 139 113 160 111 157 110 173 108 247 107 269 106 289
2475 4.8366366943115144 -2.8158315304669852 6.9845098782463699 33 36 45 1.1180016197721627 170 101 171 113 172 138 173 136 174 132 175 137
1228 0.41887620669218995 -0.4927721171266447 4.3525361868923858 44 46 50 0.61982836562389487 132 176 137 333 139 306
119 3.226905292444278 0.83432889650258113 1.9852431230240835 40 41 43 0.40669148343859013 121 189 122 199 123 206 124 203 134 257
2476 5.3364113768840822 -0.7272036707455326 4.3499028629229892 32 35 44 0.37948545260571137 169 113 170 110
1229 7.2435890756042074 -3.8396359950262702 4.6137044635816356 133 138 146 0.29869684298006566 116 336 137 357 138 351 139 318 140 303
120 3.0967198559690194 0.88018859329061605 2.0766947927795192 50 51 54 1.1398182144367413 121 191 122 201 123 207 124 236 125 202 120 145 126 195 127 220 132 216 133 254 134 289 135 291 151 238 152 216 153 248
2477 4.9548271014287559 -2.8141823837552637 7.0688237332906265 133 139 150 1.360374967710188 169 156 170 116 171 130
1230 0.20267851918200447 -1.8326978308397239 1.4939373490189143 58 59 62 1.7502116513978803 134 334 136 399 137 378 133 311 138 372
121 3.2028235581782671 0.89459408178257627 2.0331852807607951 1 1 1 0.70829703252688458 121 165 122 164 123 208 120 89 119 82 134 258
2478 7.7922208556733361 -2.3398797129460269 5.8032115989113535 184 191 203 1.9020450802388151 168 148 169 151 170 123 171 147 172 174
1231 4.5264649382759998 -2.3988748799721589 2.2572715157218681 55 56 60 1.2658573620622651 119 329 134 336 135 365 136 407 137 385 118 291 138 378 139 344 140 338 141 313 142 293 142 319 144 340 145 317 146 296 147 314 148 365 149 360 150 360
122 3.1905523522564283 0.97873582745714827 2.0389589197671945 0 0 0 1.5505493750925967 121 167 122 204 123 210 124 206 125 174 126 197 132 217 133 218 134 259 135 255
2479 6.7976431080101127 -1.9515016285109716 5.3115197447543148 184 191 203 1.2787024595075669 169 154 170 130 171 149 172 179
1233 0.32791494495569168 -1.8350970422569619 1.4986858911372483 1 1 2 1.423001979111344 135 361 137 422 138 444
124 -0.26082850537805052 -0.053315010693928855 2.6487689868893649 25 27 29 1.6601823688630006 121 208 122 233 123 226 124 271 120 169 119 227 119 281 118 200 117 275 126 192 126 218 110 234 127 247 130 318 134 368
2481 5.9874350193873607 -1.6135703839260978 4.2319412140643013 184 191 203 1.622348042936264 169 157 170 136
1234 2.7709912633647873 1.9730049309428643 1.4367102118668609 160 166 176 1.4885977232656693 121 338 137 455 138 410 147 347
125 3.3592668378586064 0.46482256086549567 1.8873352098044307 116 121 131 1.1714832480560062 121 187 122 239 123 230 124 232 134 255 132 213 133 215 135 288 136 273
2482 5.9874350193873607 -1.6135703839260978 4.2319412140643013 184 191 203 1.622348042936264 169 158 170 137
126 0.5514445800726071 0.51615543075610459 4.3886014137392158 30 31 33 1.871621755777666 121 214 122 194 123 231 124 233 125 200 120 143 120 175 119 192 109 238 118 207 117 245 126 220 116 241 111 187 108 246 127 217 128 231 107 300 129 266 130 275 132 233 131 249
2483 6.360955442132501 -2.1604270933846972 5.4528075344184792 24 25 28 0.88048661660633498 169 44 170 54 171 68 172 78
127 -2.3019355131810562 1.149693035471012 0.32421145310769317 72 73 78 1.3457739898874082 109 220 123 240 125 229 126 231 108 254
274 -2.7503162501355733 0.62974240822391325 -0.53300600662958941 46 49 60 0.093522283134019446 121 185 120 140 119 152
275 3.8662753067966347 1.6331263648298062 2.5412943634679568 74 75 80 1.5023915592080586 121 196 122 214 120 155 123 212 124 175 125 150
2632 0.58893255617046003 2.1142914515853484 -1.0766843754593549 81 84 94 1.4232233925005697 96 34 94 107 93 114 92 133
276 -1.9783665591788382 0.12585321559488433 0.22741306535065436 60 61 70 0.43326133669899164 109 227 120 162 119 216 118 230 117 268 116 268 115 255 114 237 112 171 113 180 111 180
2633 0.10238568520588133 2.6581794755402588 -0.70058414821675674 96 101 112 0.75180827108881787 95 150 94 149 93 164 92 169 91 150
277 -2.8664122035118704 0.92941478383658882 -0.55221048424803176 42 46 56 0.24300250351906083 121 251 120 173 119 237 118 245 117 282 114 312 112 242 113 258 111 256 110 272
2634 -0.27659764470764531 2.4231318887433098 -0.58190610754421135 32 32 34 0.28665759734222862 95 159 94 150 93 169 92 173
278 -2.8664122035118704 0.92941478383658882 -0.55221048424803176 42 46 56 0.24300250351906083 121 252 120 174 119 238 118 246 117 283 114 313 112 243 113 259 111 257 110 273
2635 -1.4211144700031937 2.1019817951610391 -2.08723031985827 0 0 0 0.57841675475277532 95 163 94 154 93 160 92 159 91 137 90 142
279 -2.3871127573152586 1.1743361281743405 0.20509025318815077 53 54 57 0.31843902352524828 121 258 120 179 119 243 118 253 117 290 116 283 115 269 114 288 112 214 113 226 111 232 110 249
2636 -0.06610650214426872 1.8726286142322892 -0.80566465978679125 107 112 123 1.1253019156875721 98 57 94 160
280 -2.814985340436825 1.3238807151697924 -0.27125069701668342 22 25 26 0.29214787324707747 121 224 120 185 119 248 118 258 117 293 116 288 115 313 114 293 112 221 113 235 111 237
2637 0.24812334610061815 2.2377949148168548 -0.82141012990066631 29 32 40 0.84456354356569996 95 182 94 177 93 162
281 -2.0364144208985331 0.23700927297649585 0.10163295862703843 2 7 28 0.44429784097713643 120 233 119 311 118 310 117 309 116 305 115 331 114 269 112 199 113 206 111 213
2638 -0.45503047541235375 2.3599598535742734 -0.52159189346825374 25 27 35 0.69354572073137055 95 189 96 152 94 180
282 -2.7283947593599747 0.60023590890502276 -0.53442640227790916 3 10 30 0.94649263593922106 121 277 120 239 118 270 117 316 110 264
2639 -2.136564735123383 3.3272371063454047 -3.6183147895576249 180 186 198 1.0939876860055224 95 201 96 174 94 187 93 200
283 4.2268841617807835 0.68701460207156684 2.2363215627982531 149 155 165 0.1655459556280475 121 289 122 342 123 358 120 246
2640 -2.136564735123383 3.3272371063454047 -3.6183147895576249 180 186 198 1.0939876860055224 95 202 96 175 94 188 93 201
285 -3.1404462506786062 1.7716826126000231 -0.2316746481737772 2 2 2 1.4502741498664644 121 302 120 260 119 324 118 380 117 374 117 423 116 390 115 404
2642 -1.9661083475909393 2.7391398533093598 -2.8737684914651114 49 50 53 2.1697575991602989 95 194 96 157 97 133 94 191 93 202 92 210 91 185
286 2.933058406176372 1.7262416274157715 1.3007614170043318 184 191 203 0.90831641336092295 121 335 122 358 120 293
2643 -0.034771137341974193 1.8726182447405952 -0.88213949212092213 24 26 33 0.87529419905273631 95 181 94 200 93 216 92 217 91 209
287 3.088598845254384 1.7866314621757375 1.5081207407649337 145 150 160 0.6751252425376093 121 391 122 411 120 338 123 424 119 370
2644 -1.5960117322005047 2.9287286427192227 -3.3621208349484757 184 191 203 1.5197757479050362 95 213 96 188 94 208 93 225 94 217
288 -3.1373259217107816 2.6681404706606728 0.21767481716971332 1 1 1 1.7408271531507349 121 394 120 341 119 440
2645 -1.5960117322005096 2.9287286427192067 -3.3621208349484619 184 191 203 1.5197757479050114 95 214 96 189 94 209 93 226 94 218
289 -2.1721720108046392 0.31536114125717341 0.051758923351949718 77 78 83 0.73121332603980116 122 439 120 354 118 422 116 413 115 433 114 403 113 331 111 328 110 338
2646 -0.26622117610640539 2.9367543077855642 -2.2860284247599698 158 164 174 0.52406983982713717 94 44 93 21 90 22 92 107
290 -2.9146026589949674 0.7942951593180374 -0.70150892123536457 3 10 29 0.25419086154475479 121 405 120 357 119 429
2647 -1.4888697762625251 2.1401356947298069 -2.2241344442836826 46 46 49 0.27829923768108261 94 43 93 47 92 101
292 -2.8736058577770085 2.1355483579578625 0.040062181143265166 1 5 19 0.94876763222906579 121 421 120 377 119 456 118 456 117 486 115 497
294 -2.8738117638520144 0.71949064564021625 -0.67728778317307281 45 48 59 0.18674741310787185 120 36 119 21 118 22 117 37 116 29 114 28 112 23 113 11 111 34
2651 -0.27067578151335903 2.2732114753503296 -0.69696360256528589 30 30 32 0.24637554452068189 94 138 93 142 92 144 91 118
295 0.3035446843864803 -0.30707485389476286 3.4990549522837107 83 86 92 1.9504449137815929 109 37 119 23 115 33 114 27 112 21 111 70 110 80 133 28 139 28
296 -2.8862563671618964 0.73939551113377211 -0.68242098902755632 46 49 59 0.17457756930479684 120 8 119 24 118 25 111 43
297 -2.7096155138317743 0.61437752165605253 -0.51201957527938968 50 54 64 0.15847523824218099 120 31 119 55 118 64 117 82 116 70 111 65 110 73
2654 -0.059574716916714704 2.5526867542849878 -0.70197753800133567 27 30 38 0.32937576610633623 94 163 93 166 92 171 91 152
298 -2.684052475144576 0.6093330920481278 -0.49197142076191086 57 59 68 0.61362551717482916 121 103 119 56 118 66 117 83 116 71 115 93 111 66 110 75
2655 -1.4703870859893846 2.2523635260718695 -2.3445504099136825 91 93 98 0.6070292454103432 94 169 93 178 92 189 91 146 90 159
299 0.97553095428617598 -0.54325541819545231 3.7750157973767657 45 47 53 0.95152895244841784 122 45 124 80 119 57 118 70 126 29 127 64 107 58 115 23 128 51 129 53 130 94 133 54 131 90 134 104 135 72 136 161 137 151 138 162 140 186
2656 -1.4424878737549562 2.1864246098163904 -2.2477229839052906 34 34 36 0.62667134833332028 94 170 93 179 92 190 91 147 90 160
300 -2.8624117297070799 0.69961209609881136 -0.6616158418531235 9 16 33 0.082153539189720903 120 73 119 60 118 73
2657 0.035770204289034088 2.0418136743511623 -0.87058931784527649 171 177 189 1.5354844156824523 93 186 92 196 91 167
301 -2.8875829565715465 0.72259698716215104 -0.69008040251682212 43 47 58 0.37191738748273717 120 35 119 65 118 76 117 94 116 28 115 34 111 35
2658 0.035770204289034088 2.0418136743511623 -0.87058931784527649 171 177 189 1.5354844156824523 93 187 92 197 91 168
302 1.4846832740602218 -0.21545282026746068 3.2186744836121006 16 16 17 0.55643055024528254 125 79 119 72 126 111 132 92 133 100 134 126 137 167 138 169 139 205
2659 -0.18347436768409126 2.2169641477290338 -0.73157750500983842 0 0 0 0.96783785969805169 94 161 95 167 93 189 92 201 91 170 90 195
304 1.4930944804448529 -0.19485861182073635 3.357039479427653 58 59 64 0.69207298195624289 123 80 124 85 125 80 119 74 117 33 126 114 127 117 132 95 133 102 134 127 135 147 136 172 137 168 139 150
2661 -1.8938136857891426 3.6016244152842334 -4.5379194286445665 30 31 35 2.3353318665276506 96 171 93 198 92 207 90 172
305 -2.2945391111873232 1.1250593153639024 0.30426364215848889 23 24 25 0.37197534706948243 120 53 119 86 110 28
2662 -0.54792893507199347 3.0212650768774432 -2.0344952181603047 184 191 203 1.4775354313917415 94 199 93 211 92 229 91 208
306 -0.8305918221501436 -1.3902837509813304 1.9559040779341337 17 18 19 0.40306521071255419 120 98 121 136 119 100 118 46 116 9
2663 -0.10003231333663655 2.1667553972892484 -0.72846095380578957 77 78 83 1.0315608128201659 94 203 93 217 92 237 90 229
307 -0.85088293127775072 -1.335170732623405 1.8703610539963378 17 18 19 0.43967757236336319 120 99 121 137 119 101 118 47 117 116 115 76
2664 -1.7593643756211197 2.8865264596364653 -3.4797928711245709 28 31 39 0.83999443163018583 94 216 95 212 93 223 91 179
308 -0.54674953164498785 -0.77614149245869579 2.4020870652361239 46 48 50 0.40208387112808863 121 144 119 107 122 183 118 108
309 -2.8524358623418991 0.72804274317521822 -0.63908226451230066 62 64 71 0.059268952612850444 120 81 119 124 118 121
2666 -1.7262127743174767 1.9562997593441165 -3.9671518090989948 184 191 203 1.0896266150672704 94 215 95 211 93 239 92 239 91 200 90 213
310 -0.1045763071769614 0.061590296138450608 2.8821665088478534 50 52 55 1.1877719389561954 121 61 119 126 122 58 115 138 112 98 113 16 111 77 110 25
2667 0.72372091296399177 2.0764860836564067 -1.1572133687932786 145 150 160 2.0401327639360409 94 135 93 133 92 130 91 76
311 -1.4875326553104253 -0.55585512127181058 0.88953508293492123 2 2 2 1.1296961197084425 121 232 119 142 126 159
2668 -1.723598283749137 2.9255578635192854 -3.9432515880127905 184 191 203 1.5782055770700119 94 206 95 199 93 197 92 183 91 158 90 157
312 -0.26879127539274872 -0.3030533967171245 0.5000342136377095 48 50 54 2.9461161018352731 122 381 119 143 118 141
2669 -0.32331048279226637 2.8184338129461399 -2.3277263886832822 184 191 203 0.88036779686744926 93 48 92 114 91 90 90 74
313 -2.7125282302422113 0.65949830437878676 -0.52213667456196955 44 48 58 0.19979951699547363 120 116 119 155 118 155
2670 -0.32797142686080605 2.7119342225222405 -2.1481889062087607 184 191 203 0.29602237649184648 93 101 92 116
314 0.86656567564581211 -0.39490347837202999 3.755528761999531 19 20 24 0.59601147588586367 122 189 119 158 118 156 117 199 133 250 135 313
2671 -0.24066326695429838 3.289406553966471 -1.895403428562932 184 191 203 0.84401898959093724 93 115 92 138 91 110 90 129
315 -2.8638286731336846 0.73528728871225435 -0.66375063344365948 65 67 74 0.097059701324668096 120 121 119 160
2672 -1.8568900710445666 2.6198199422482871 -3.360800859312925 177 184 195 0.5580093134716303 93 145 94 146 95 154 92 148
316 5.2850358207117942 -0.91840421330250332 3.3925651200296034 184 191 203 1.9768689996349402 123 223 125 195 119 185 121 184 122 187 124 229 127 214 124 267 126 261 122 298 128 287 132 230 131 281 134 245 134 280 133 200
2673 -2.1821690266658869 3.5774880532110807 -3.6507414684646884 30 32 40 0.33310145276227743 93 148 95 158 92 151
317 -0.37628490485277932 -0.58014470259151363 2.4915044426257325 28 29 31 0.77377252341620106 122 229 119 186 108 238
2674 -0.4408802836256574 2.9016773540287035 -2.2152708195846715 184 191 203 1.3700891219978253 93 206 92 228 91 207 90 218
318 1.0405301536212082 -0.59107573934463942 3.5439008951797137 80 81 86 0.10259965432251517 109 186 119 187 118 196 117 238
320 1.0457092181337042 -0.2954917162134526 3.7770940009870326 77 78 82 0.24096700617166444 109 191 119 190 118 201
321 -2.3350330314545302 1.045575204149511 0.30431437042250148 51 52 55 0.48151556226058334 120 146 119 196 118 170
2678 -0.21760957251279972 2.8863422858239067 -2.3680156665532275 158 164 174 0.36623997781536977 92 105 91 46 90 20
323 -2.3870741842957095 1.1744134452868775 0.20619356361818758 50 51 54 0.32145229788910029 120 180 119 244 118 254 117 291 116 284 115 270 114 289 112 215 113 227 111 233 110 250
2680 -0.16254462791249746 3.000183567618985 -2.3635837268695128 98 101 108 0.36694695434104158 92 127 91 93 90 105
324 -3.0450233717062525 2.7776717834134037 0.25632494630620634 80 82 88 1.0254645573343646 122 252 119 249 118 220
325 -3.0450233717062525 2.7776717834134037 0.25632494630620634 80 82 88 1.0254645573343646 122 253 119 250 118 221
2682 -1.6881739649364895 3.0511410114422355 -3.3002726976183943 39 40 44 0.94871956142019176 92 150 93 147 91 122
326 3.3484106242402185 -4.0349618226277189 4.988512444113768 22 22 24 1.1965337648015824 109 222 120 190 121 231 122 257 123 252 124 258 125 212 119 257 118 263 117 262 126 207 116 261 115 289 110 222 108 230 127 207 107 280 128 218 129 231 130 234 132 225 133 269 131 240 134 305 135 332 136 368 137 390 138 424 138 383 139 385
2683 0.017752607803134576 2.5474484629592378 -0.7647250245576237 22 25 32 0.1815878986107452 92 154 91 131 90 135
327 0.069714032454315525 -0.050053632843768459 3.6639645494596227 1 1 2 1.2284083384944007 109 232 119 284 118 242 117 324 118 274 115 337 114 306 112 238 113 254 110 239 114 280 108 243 107 268 106 261 105 248
2684 -0.2112668137117128 2.3833452497534413 -0.6712139760874809 39 39 42 0.3101929780569111 93 150 91 139 90 153
328 -2.3391720692847255 1.0694629372811635 0.26813430621964307 46 47 50 0.14352453053128841 120 216 119 293 118 282
2685 0.78931556034678274 2.2522565273264186 -1.1107964729231703 70 74 84 0.98009736946566151 92 160 91 149 90 184
329 -0.27989744273983835 2.3642833918641064 -0.55514859110112713 67 68 72 1.7343659991534783 120 262 119 301 118 261 117 294
2686 -1.9538125256706984 2.7212326599824967 -2.8770563618330236 49 49 52 0.94133811518350297 92 186 93 176 91 160 90 176
330 -3.0736215336938013 2.8881703627953841 0.29499239054729492 23 21 22 0.76749707987163851 120 224 119 302 117 335 116 327
2687 -2.8696282109756104 2.3748144148241144 -1.7799163771282953 44 48 59 1.1919135275810775 92 199 91 166 90 163
331 2.9933136317049152 -3.3603460531443465 3.6872450364730525 14 14 15 0.63222768054143463 121 304 122 288 123 289 124 299 125 246 119 303 126 252 127 233 128 216 129 230 130 233 132 199 133 234 131 215 134 272 135 305 136 336 137 318 138 330
2688 -0.15989215974822324 2.2316947641596698 -0.72587664616893832 0 0 0 0.31654270143538965 92 200 91 169 90 194
332 -2.2822002195009277 0.30992988253503884 -0.22820489160796592 0 0 0 0.60616860720986177 120 230 121 315 122 331 123 343
334 -0.32237735325831862 2.3513383349376191 -0.65461249483360906 0 0 0 1.5651686439088854 120 302 119 327 118 332
2691 0.91636144548868159 2.5482711629537453 -1.2094565599122491 0 0 0 2.0862413700578171 92 230 93 212 93 232 91 192
335 -0.25583086460136278 2.3808875674863468 -0.70003741333761749 0 0 0 1.9806660330294623 120 303 119 328 118 288 117 334
2692 -1.2342229316973432 3.0582160231091722 -3.3275056524752444 43 44 47 0.73016871425686913 92 242 93 242 91 215 90 236
336 2.3875683965605132 -3.7336747382309841 4.2698318102812829 60 61 65 1.1926511724508266 125 324 119 331 118 338 117 344 116 334 115 353 114 332
2693 -0.083001994906174215 3.6819042301908409 -1.9885587896923311 124 129 137 1.8169429183614028 92 51 90 33
337 -0.23673720824181033 2.2573418330791135 -0.6682432977658912 76 77 81 0.90654936756644544 120 343 119 376 118 382 117 372 116 353
2694 -0.32892683894011659 3.277355024787675 -1.853161559575957 123 128 136 0.085338446893220482 91 53 90 34
338 -0.23976543976901254 2.2548027452227282 -0.6711034180042631 76 77 81 0.8682672960645047 120 344 119 377 118 383 117 373 116 354 115 344
2695 0.021723495238560861 2.6038184129757442 -0.73593690516005184 66 70 80 0.12794767531249146 95 151 90 118
339 -2.926207436279098 2.3691654894612073 -0.43624190503860744 1 1 1 1.6894887670022354 120 299 119 381 118 387 117 453 119 419 116 391 115 346
2696 -0.18137045198404955 3.6086467180694348 -2.0106444005801518 132 137 146 0.43250583950818722 91 123 92 139 90 127 93 116 94 109
340 4.3462785259246042 -3.6493574805994538 5.2050618499801038 50 50 53 1.0432822207504919 109 297 120 312 121 354 122 373 123 386 124 389 125 331 119 389 118 345 117 389 126 343 116 370 115 359 114 337 112 262 113 277 111 280 110 294 108 293 127 330 107 345 106 333 105 318 128 326 130 346 132 309 133 322 133 369 131 317 134 347 136 419 137 397 138 389 139 355 140 348 140 382 141 362
2697 -0.18137045198404955 3.6086467180694348 -2.0106444005801518 132 137 146 0.43250583950818722 91 124 92 140 90 128 93 117 94 110
341 -2.7357305463987593 1.2959471857971199 -0.18338897418419253 22 23 26 0.75191623208105685 120 335 119 413 118 410 111 338 110 367
2698 -0.20585657546884684 2.3951201665418713 -0.69982318699481805 0 0 0 0.56414638553616014 91 153 90 166
342 -0.40722380073279013 2.2151432254079366 -0.56731254671435261 51 53 59 1.2336506148396427 120 342 119 416 118 381 117 420
343 -0.51977161025968543 2.4568656180371882 -0.38131415987112549 44 47 59 0.85217041398532689 120 364 119 417 118 414
2700 -1.9538125256706982 2.7212326599825007 -2.8770563618330272 48 49 52 0.94133811518355581 91 161 92 187 90 177 93 177
345 -0.24170894508092494 2.0756045165946269 -0.80824390931665957 77 78 83 1.5666153631091688 120 378 119 438 118 412
2702 -2.7912845445904355 2.4758141494592114 -1.4543162174244055 0 0 0 0.46772991637399763 91 195 90 187
346 -0.24170894508092716 2.075604516594626 -0.80824390931666101 77 78 83 1.5666153631092268 120 379 119 439 118 413
2703 -0.48460526376333229 3.6369316915543655 -1.732650433099554 184 191 203 1.1004163927144324 92 231 93 213 90 221
347 -2.3115943142662814 0.78698368344722636 0.13543743931252167 2 10 19 0.50169413223358716 120 372 119 451 118 446 117 478 116 457 115 474 114 447 112 351 113 351 111 368 110 379
2704 -0.48460526376333085 3.6369316915543681 -1.7326504330995542 184 191 203 1.1004163927144386 92 232 93 214 90 222
348 -2.5093361901716542 1.150636969383138 0.073663346556092815 2 8 25 0.63674758564020628 120 375 119 452 118 447 117 480 116 460 115 489 114 448 112 354 113 374 111 369 110 382
2705 -2.8296041891411292 2.5023891545623385 -1.5324869541910704 80 81 86 0.48914735617000937 91 219 90 225
351 -2.9033650352485449 0.72359676142756413 -0.69739544396835829 26 31 46 0.11439720762039511 120 34 118 20 117 36
2708 7.4149756834214946 -1.276988952093093 5.6598300178349605 143 148 158 0.23129030125812919 175 33 177 15 174 18
352 1.4890109950670378 -0.16886695704539009 3.2093705013279492 47 47 50 0.34382430559785665 125 81 118 23 117 34 126 115 127 118 128 110 132 96 133 103 134 128 139 151 140 197
2709 5.8752806154599284 -1.8685375846220209 5.3925677094794571 64 68 77 1.9959829170176537 175 76 177 66
353 1.5477726995359076 -0.1570598579011846 3.2089794351416501 49 50 54 1.4480601067205654 119 75 120 47 121 59 122 54 118 24 114 22 133 104 131 130 142 190
2710 4.851730729231214 -2.7226641929441731 7.6593275521340169 54 51 59 1.7223763790905089 176 65 177 72 178 40
354 -2.8496696029512223 0.68847197943035865 -0.65478923669580769 34 39 53 0.50194202772780916 120 32 118 71 117 86 116 78 115 29 111 69
2711 4.9421093331833923 -2.712312160029299 7.6603901470307045 59 56 65 2.2822131826022924 176 67 177 73 178 42
355 -2.8804032828758506 0.72995701791580248 -0.68016430572000819 75 76 82 0.15556178208155613 119 68 118 78 117 95 116 84 115 98 114 90 112 64 113 64 111 75
356 -2.6486653603297667 0.6339858790520817 -0.47568167106445997 63 65 72 1.6606644860939797 119 118 118 117 117 85 116 76 114 84 111 68
2713 3.7128726345132805 -1.7509426801031276 6.3210511004078356 33 36 45 0.70762948360763589 176 76 177 95 178 78 179 57
357 0.17031309600059891 -0.024903694683404642 3.0124018586251529 11 12 15 0.6080671562446448 109 157 118 123 117 98 116 31 115 37 110 23
2714 5.4074221432218605 -2.6794018944848883 6.4188284190448393 184 191 203 1.4353760714683013 177 119 178 96 179 82
358 -3.4789905770677723 1.8265952545777313 -0.43119197992214719 74 77 80 0.52765815900175772 121 132 118 138 115 182 114 176
2715 5.0308095245880917 -3.2331116583404782 7.9896150944611684 18 20 25 1.4998852461257601 176 81 177 75 178 67 179 61
359 2.4443425855052778 0.58905336445963241 1.2793170125959159 28 31 39 1.3830598158820133 120 172 121 213 118 161 117 150
2716 6.1711803389085524 -1.3737813016647078 7.1066316269983067 177 183 195 1.3685094470991119 176 69 177 80 178 66 179 56
361 -1.0898764968634058 1.0904579257440061 2.0857284372533473 34 34 36 1.3564199140103137 119 291 118 280 117 287 116 278 115 307 114 284 112 181 113 222 111 191 110 245 109 241
1781 0.94445082682559456 -0.43548654543657628 3.5649790015326568 78 79 84 0.59930754344049597 148 233 150 233 151 211 152 226 153 215
1791 6.4237052674161585 6.0014047541585649 1.9971525848267029 149 155 165 0.083764948568417874 143 297 150 300
1793 1.7736274578322624 0.039249994965692828 3.0968475421502331 7 8 9 0.70362149740508928 147 337 150 335 151 328
1795 3.5760636885928276 -1.111392316741008 4.9287951511010988 31 32 34 2.2563513690875543 147 376 148 390 149 381 150 370
1797 5.3521353953073945 -2.6058494595560271 7.1396968575528081 39 42 52 0.23556239606833435 144 276 145 267 146 235 147 260 150 273 151 257 143 274 152 240 156 220
1800 1.303022465516857 -0.80926019504887103 3.3910131475045806 42 45 54 0.18029704514023526 150 58 151 61
1801 2.2179127115282498 0.019002779152822093 1.4150570466032391 142 147 157 0.29728824656235064 150 60 151 69
1817 3.4809688886670864 0.62077378310166964 1.7767762408139274 123 127 135 0.12868585989099207 150 173 151 161
1818 4.8003576986988596 -0.74927383976595996 3.561275080334227 31 34 43 0.97562949846901903 149 180 150 188 151 173 148 218
1819 2.0006223974306461 -1.3785393416098795 4.1650149782629171 13 14 15 0.79045449226800535 150 158 151 178 153 179 152 149 154 195
1820 3.4070092627808948 0.55185155006576958 1.8194409483644904 63 66 73 1.1240624867700357 150 172 151 186 152 155 153 162
1821 3.5216567939097065 0.82706500486216727 1.8656533274632467 154 160 170 0.43248377428975981 150 197 151 187
1822 1.4393478790822511 -0.19360668060683914 3.2024386815660559 82 83 88 0.61768663108409139 150 225 151 207 152 184 153 209
1823 0.63331272719007936 0.61954883264440253 0.16192624941472072 0 0 0 0.20000161490874233 140 276 141 304
1824 7.8186397922274473 -4.4095695967356923 5.0168859172788052 23 24 25 1.0808170614919455 132 200 150 241 151 220 152 195 153 193 154 186 155 230 156 186 157 171 158 164
1825 1.4530000156017819 -0.3713645063404486 3.1773301105033629 0 0 0 1.6019999888676064 150 252 151 234 153 243
1826 1.2060584256291076 -0.10590271362570067 3.5495327675195592 44 47 58 0.73345631568438974 150 253 151 243 152 227
1829 8.1938073356843297 -2.9811477657997876 6.1647651273629505 128 133 141 1.1805333801220088 135 308 149 299 159 205 163 177
1830 3.5043450887570278 0.71508192617406341 1.8493111617329541 165 171 183 1.6855544415684247 149 305 150 282 151 266 152 254 153 240
1831 5.8215276697008971 -4.7947495767834729 6.91814312210888 56 57 60 0.91769009598388929 143 342 144 347 148 331 149 326 150 309 151 276 152 261 153 253 154 236 155 257 156 206 157 199 158 189 159 195 160 274
1832 5.8215276697008971 -4.7947495767834729 6.91814312210888 56 57 60 0.91769009598388929 143 343 144 348 148 332 149 327 150 310 151 277 152 262 153 254 154 237 155 258 156 207 157 200 158 190 159 196 160 275
1833 3.2809794500522416 0.44261872194456608 2.2991638037825877 0 0 0 1.5148167065442546 150 354 151 324 152 317 153 318
1835 4.5475481305133254 -1.7365790023075693 5.9675990250168969 41 41 45 0.18426136724166095 147 361 149 378 150 369 151 331
1836 3.2776905680527308 -0.097104210209699587 3.0379980856621369 2 2 2 1.2031698602414693 125 145 126 167 127 171 128 174 129 209 132 146 131 191 151 183 148 195 149 186 150 167 152 152 153 183 154 178 155 209 156 178 157 166
1837 3.1179753633340312 1.6355145762468206 1.6085924398334805 100 103 110 1.1490194323880278 123 368 124 367 151 246 148 321 150 294
1838 3.1190777714339388 1.6362792131645252 1.6084380492774177 105 109 116 1.1235354322994147 122 357 123 369 124 368 151 247 148 322 150 295
1839 4.7399230395112975 -3.7175256738698552 6.9249864273688431 132 137 145 1.3606742829641869 151 3 147 3 149 3 150 4 152 3 158 30 157 107 159 38
1842 9.2821756993892599 -2.6807628430388641 7.3832377433527325 49 51 56 1.7213223607972115 146 9 150 20 152 11 153 2 154 3
1843 4.1129894078604892 0.24964906037667203 2.4768898677760434 122 128 137 0.76583277256191462 151 27 152 16 153 14
1844 19.236747544024524 13.91503594930078 2.3377726156181873 134 139 148 0.45619567078950696 140 54 152 23
1845 6.5318806405852277 -2.4247436351325802 5.771519624466551 110 115 126 0.89527201859920968 132 45 150 43 152 26 120 23 121 38 126 14 131 21 153 42 154 40 155 49 156 43 157 38 158 31
1846 5.1558714027522274 1.1964317431408995 2.3532124015899138 184 191 203 0.87345092726288176 135 82 151 56 152 43
1847 3.5434569650791059 0.66071072075973403 1.7555810130745417 140 145 154 0.46689933450429011 133 34 152 54
1849 3.1626234757130054 0.81433740134866417 2.0129512381239856 20 20 22 1.2965869656040589 151 66 152 58 153 72
1850 6.4964179045405999 -2.1370223275096896 5.7121464594334723 63 65 72 1.189553171192949 133 48 150 84 152 61 121 40 122 39 123 61 120 26 153 102 154 75 154 101 155 121 157 93
1851 5.2004212797281433 -2.0030184658492209 3.7635485821044616 0 0 0 1.9888228381859427 133 121 142 172 143 2 145 92
1852 4.8332352819461786 -2.3679646311542926 7.3451291048661353 69 73 83 1.4215023143690313 148 107 150 86 151 78 152 92 149 117 153 110 154 133 155 159 156 123 157 112 158 111 159 127 162 153
1853 4.7515976244964708 -2.0585876904160805 6.8911354134719183 79 82 91 0.64109513069654012 148 165 149 179 152 94 146 118 153 134
1854 3.5577598745384913 0.64683460194661491 1.7257236514894108 135 140 149 1.5836515806458222 151 160 152 113
1855 1.4252447432180797 -0.86200643217272277 4.4087985504652929 99 103 113 1.2093279323252697 151 158 152 131 153 160 154 165 158 161
1856 7.4292071475999526 -2.5160773371627601 5.6688450768032448 140 146 155 1.4678553245083508 133 167 152 140 153 147 155 152 156 117 157 120 158 120 161 177
1857 6.3321551881128979 -2.5495067522482322 6.6833341102886177 108 113 124 0.89507706340048898 133 128 152 142 128 132
1858 5.1706225774535808 -0.87396273659443413 3.8341330677156948 70 72 79 1.7523803345771374 150 187 151 147 152 144 153 176 154 171 155 196 156 173 157 158 158 149 159 178 162 202 163 166 165 227 166 170 164 195
1859 4.0506215788230167 -0.42146272123947615 2.4157729015320024 95 99 109 1.200577846196242 151 151 152 147 154 176 155 204
1861 1.452086543895009 -0.3085803277018625 3.2998784866619548 51 52 55 2.2092228070415452 131 64 151 163 152 161 129 55
1862 8.5226187538182803 -3.0083456614900319 6.0452305503684354 184 191 203 1.6833727530994018 138 295 142 227 145 262 140 227 137 211 155 180 154 169 156 135
1863 4.9297057506731932 -1.7794690606252395 8.0581530240183898 40 43 53 1.4002023083074189 150 276 151 223 152 199 154 213 153 226 155 242 156 196 157 160 158 139 159 165
1864 1.5836270297041968 -0.3063197038745008 3.1325729964377129 0 0 0 1.2627318174427329 150 219 151 233 152 209 153 242
1865 1.4637563717031405 -0.27992361480798 3.180418508417683 83 84 89 1.5668158028224801 151 235 152 213 148 261 153 245
1866 1.4627099462710085 -0.28016850537999805 3.1850624889722305 83 84 89 1.2514854508497344 151 236 152 214 153 246
1867 1.4569544732630244 -0.22203008692217777 3.2195551385012493 0 0 0 1.186493994521914 149 224 151 205 152 217 153 206
1868 1.0178475237016178 -0.39770562009462185 3.5388830738338739 79 80 84 0.65100127128628105 150 231 152 225 153 213
1869 5.6566791864149808 -2.3173480837887195 6.4331039351539072 40 43 54 0.53367860707411452 145 264 146 232 147 257 148 277 149 271 150 242 151 254 152 237 143 254 144 259 153 223 161 293 163 225
1870 2.9527311721934675 0.95723253960844901 2.2224690259385347 24 26 34 1.5765046829277243 151 269 152 257 153 282
1871 3.313222851162998 0.33629242101844892 1.9974665219945211 184 191 203 1.138919671185942 152 284 153 299
1872 3.0340344284957719 1.0014429031063186 2.1272083255940961 69 71 75 0.64715242715966881 151 268 152 293 153 283
1873 4.5721764425305045 -0.68016801346656841 3.1697979546637409 184 191 203 1.3367017448008538 151 317 152 302 153 294
1874 4.5721764425305045 -0.68016801346656841 3.1697979546637409 184 191 203 1.3367017448008538 151 318 152 303 153 295
1875 2.2227853523018641 -1.4333016304608091 4.2300782924104352 12 12 14 1.3798011699925334 151 320 152 305 153 313 155 315
1878 1.3140593889444092 -0.38665391173656438 3.6166798631173225 7 7 9 2.7044014306726276 151 326 152 321
1879 4.5387992655754372 -4.8587403780544669 6.2334393096955365 20 20 21 2.0046153522643539 118 225 119 210 116 223 117 229 109 176 111 93 113 143 115 195 108 208 110 150 112 47 107 250 106 242 132 158 133 194 131 176 134 234 135 231 137 253 138 259 139 261 136 244 140 259 141 271 142 252 149 268 148 274 150 238 151 217 152 194 130 200 144 271 143 251 145 260 146 230 147 253 153 192 154 206 155 229 157 170
1881 5.2035560142076518 -1.7300517782039364 8.1956050624524597 119 124 134 0.41046645807918875 149 28 150 47 152 32 153 10 155 66 158 44 159 54
1882 0.98734628474486763 -0.72635813118659154 5.9012755186277488 115 119 127 0.52235759313308117 143 35 153 29
1883 4.3614111264317739 -4.8907748963064446 6.3287779755432361 141 147 156 0.54419792921965171 146 4 148 6 149 0 153 39
1884 4.9152828806232831 -3.6179740828737259 7.8887508268176072 132 137 145 0.56296275464299206 149 18 152 8 153 40 154 39 159 76
1885 6.0849293281951562 -1.9350259813283202 5.0668566815337623 20 21 24 0.87815476778816404 144 17 153 50 154 44 155 54 156 48
1886 6.3769849870919053 -1.9976203109581787 5.359367021261126 44 45 48 1.5894410173815781 146 7 148 16 151 20 153 52 154 45 155 57 156 51 155 59 157 42 159 83 162 60 163 54
1887 6.6003653734919023 -2.0486629231359332 5.5359412900915839 44 45 48 1.4758068621657756 148 17 153 53 146 8 154 46 155 58 156 52 155 60 157 43 158 37 160 47 161 41 162 61 163 55 164 61 165 59 166 36 167 51 168 51 169 48 170 58 171 70 172 87 174 72
1888 5.3784208617514855 -1.9380393477000548 5.8692803438941334 94 98 110 0.78589970847509427 146 11 148 106 153 57
1889 4.1185640755185089 0.60748279119653248 2.2364877035262123 118 123 130 1.7572398646015324 152 110 153 87 154 117 155 139
1890 0.27413237474813712 -0.55002198378034417 11.123781121342722 118 122 130 1.4054062783798413 140 81 153 91 154 87
1891 3.8568847293506749 0.44970765132122092 2.2188496326423031 110 115 124 1.1765838163832825 152 39 153 121 154 147
1892 3.9837653367320751 0.37987517515941838 2.2356234450194892 152 158 168 0.5906851885268658 151 124 153 140
1893 3.4357327929617916 0.56572395950617149 1.8179947725751922 60 63 70 1.0156810326134869 152 154 153 161 154 168
1894 2.0011368860029992 -1.3772827921741249 4.1675172513892669 14 15 16 0.75840402953364483 151 177 153 178 154 194
1895 5.9282559981327019 -1.4625657970146699 3.8217899123206833 184 191 203 1.4238189167539339 151 196 152 169 153 194 154 210 155 264 154 243 156 214 157 239 158 230 159 267 160 340 161 317 162 267 163 222
1896 2.2052420557324517 -1.2763399522307504 3.9708077070270842 52 54 60 0.52659241632626308 152 172 153 197 154 216 155 244
1897 3.6283184560180666 0.85468678124464659 1.7825020168429275 184 191 203 1.7892004214673414 152 208 153 201 154 203
1899 3.5526853513923804 0.70596645362472854 1.7760703359927019 114 118 126 0.095368563184775712 152 253 153 238
1901 3.592666104174238 0.068060942439784319 2.8679242678521173 17 18 24 1.1760769775437443 151 260 153 270 154 220 155 247 156 201
1902 3.7424800359724828 0.5344845071131108 2.2277701841327668 38 41 51 1.1521134368885808 152 249 153 297 154 281 155 320
1903 3.1487079592529388 0.66865253847198358 2.0645897353649239 73 74 78 0.35424408055479134 151 301 153 302 154 290
1904 1.7766293497568708 0.050243039703865733 3.1125740743367185 1 1 1 0.011802446669785402 152 291 153 306
1905 3.3427348378255446 -0.23583628850227137 2.9723758736455097 73 75 79 2.1551676039340251 127 199 132 177 153 180 152 175 121 107 124 160 125 143 120 80 119 59 118 67 133 138 134 163 135 129 136 89 137 86 138 107 138 108 139 20 139 89 140 69 140 122 141 101 141 102 142 88 142 89 143 79 143 134 147 84 148 111 149 157 151 118 152 127 154 197 155 245 156 199
1906 6.4214014196800377 -3.6117044635732403 4.4233912797160748 54 54 57 1.925975272572358 145 65 147 77 155 176 158 147 159 162 161 251
1907 3.1738494701273452 0.91873911990568535 2.0473999097073818 41 41 45 0.70388507088161179 143 180 104 67 103 44
1909 2.2106752208207374 0.91508880811965276 1.4469387324523089 41 43 48 0.68891816422547481 105 104 115 142 116 139 104 90
1910 0.81974902447170428 1.9661261304513806 -0.94164707699588845 158 164 174 1.1880576902060314 107 152 115 341 104 93
1912 -2.3755171634743442 1.2794529228680624 -2.2748433429159443 112 117 128 0.35889402394134423 105 240 104 111
1913 2.2676845064391977 0.86634065162193563 1.1202276453066344 80 83 91 0.26132607775305328 105 184 106 193 107 198 104 121
1914 -0.44751321642510461 2.2419642514001481 -0.7416341375173211 2 2 2 0.89059320581967238 106 135 104 135 107 155 103 104 102 110
1915 3.547056930000938 -0.19763819156528592 3.0893591303850942 52 53 57 1.5843507645101647 106 187 107 195 144 234 104 174
1916 0.36482924436742437 2.016087513438495 -1.2520061959521951 29 32 40 0.69414866118921525 105 218 106 227 104 182 103 166 102 127 101 82 100 78 99 63 98 65 97 73 95 161 94 174 93 182 91 191
1918 -0.22300241270684695 2.4093669214696596 -0.63149152295699562 14 15 15 1.0365368122625465 105 222 106 266 104 221 103 129 102 143 101 90 100 75 98 47 97 55 97 68 96 127 95 169 94 165 93 167 92 202 91 173
1921 -0.9037398024194333 2.2928836666711518 -2.1970158882659345 47 48 51 1.7221968388106521 106 370 104 331 103 261 102 251 101 151 100 127
1922 -1.5830122179639117 2.272862599486702 -2.3632933766188113 50 51 54 1.5942238919804543 106 376 104 335 102 256 101 155
1923 -0.18648537309691365 0.99922686555290574 -3.2603382342413307 158 164 175 0.87336230705090545 105 344 104 343 103 269
1926 -0.27502436628266613 1.9065262985455238 -0.95588337871243001 0 0 0 1.7327748562001706 114 450 115 491 116 462
1927 2.9806418840906157 0.36124909424900786 5.3205648440656725 39 38 40 1.4126837735414579 145 38 147 58 104 98 146 92 147 155 148 176 103 101 156 152
1928 3.1580436007149415 0.085412439621641453 0.9240613787528551 126 130 138 0.7733757857683673 114 197 115 129 104 109 113 181
1929 4.8131682797599797 -2.5902633584260375 1.9289436425258892 65 66 70 2.4602650994589608 105 348 109 323 110 313 111 299 112 285 104 320
1930 -0.94605110459843611 1.6292079752192763 -1.7136318956565944 141 146 155 1.8544029535541471 106 78 103 22
1932 3.4526639595102084 0.23984069301804187 1.1630482986988551 98 101 109 0.68560324394366334 104 49 115 131 103 35
1934 1.6333317750515717 1.5396909818623006 -0.55312754925950247 122 125 132 0.33723495327398267 104 57 114 156 103 60
1936 -0.0040933944492287377 1.9976269344597963 -0.93024666897863695 78 82 91 1.3954942227794189 104 131 105 220 103 100 102 82
1937 0.51630291060072908 1.9510383000431355 -0.99634623086308738 184 191 203 0.9597633108444048 105 217 103 126 102 128 101 84 100 71
1938 -0.068011783305573031 2.4244491227829186 -0.86398229471868271 51 54 63 2.3983376272513457 104 132 105 193 103 127 102 83
1940 0.87477312677629016 -1.3846636592246599 0.29692335635329953 6 6 7 1.6505493689134738 104 192 105 202 107 162 103 133 106 215 108 177 109 118 110 110 115 235
1941 -0.15759526781154176 1.8184397923071061 -0.9273834269987058 30 32 41 0.31582943126995272 105 219 103 169 102 133 101 87 100 79 99 66 98 54
1942 -0.98944392818603821 2.2652480093134959 -1.8396935042372953 49 51 57 1.7808341289090044 104 214 103 172
1943 -1.3419203277202791 2.3182275427243275 -2.4334489399212096 49 49 52 0.43543936927040833 104 247 105 282 103 189
1944 -0.20855839956119671 2.3206706980702632 2.4075800491638937 0 0 0 1.151873313290336 105 228 106 236 108 174
1946 -0.30495963704390916 2.076149871743719 -0.82053788854923282 77 78 83 1.2847670575143413 104 273 105 306 103 211 102 174 101 123 100 106 99 94 98 86 97 95
1948 0.49885730392808625 0.49836598894720674 1.6357832852215206 43 46 57 1.302892254439622 104 308 105 303 106 314 107 296 103 236
1949 1.7248275449475172 -1.2194502116469592 1.1059292343744482 0 0 0 1.5873818084439297 104 290 106 332 107 314 103 251 105 293 104 322 105 316 116 363 118 392 117 384
1951 -1.4200567792183283 2.2426366736218291 -2.2649605344928196 42 43 45 1.3762610232795387 102 272 100 147 99 135 98 136 97 128 94 193
1952 -1.4251320184409888 2.315434545179845 -2.3512674024210174 96 97 103 0.35062062648171022 104 360 103 284
1953 -1.4899973764055081 3.4561342322185395 -3.7147322828544178 184 191 203 1.3850813793893539 104 362 103 287 102 257
1956 -0.57280341434716331 2.3067211845557574 -2.2454489907201398 184 191 203 1.8345270667507325 104 370 103 298 102 281
1962 7.3308329333089643 4.9327856305762072 1.1380511772623214 117 121 129 0.83083471602454584 138 82 154 36
1963 3.635270201932955 0.36179296689155305 2.050188428269657 142 147 157 0.14981826048350397 152 41 154 69
1964 11.670658326175232 3.7518442564111187 4.6304051078700388 0 0 0 0.048632328816870851 136 178 153 83
1965 3.7029198217337984 0.15985893587133648 2.2622565624328179 140 145 154 0.21861470915491843 152 35 154 83 155 99
1966 6.6441847992924217 -2.7260013510908649 5.1562799893765092 132 137 145 1.8302461380223014 135 20 137 141 139 185 154 98 114 140 136 78 118 142 155 115 156 66 150 81 158 104 159 139 160 177 162 55 162 119
1967 5.4739500279480913 -1.9627447231518493 5.9171454071647211 101 106 117 1.2127579105036357 128 137 151 112 154 105
1970 4.8375557482729112 -2.6704828915525547 6.6718963837454162 92 97 108 0.51221952214960309 148 158 154 156 144 125 131 51
1971 3.3849567705565908 -0.23424696068390513 2.9599876899575133 84 86 90 1.3202400930711282 128 151 153 138 154 161 155 187
1972 4.8873592582319088 -2.2364600477256387 7.2657550470705248 64 68 77 1.48999331442014 149 276 152 242 154 192 155 241
1973 3.9980676748757951 0.59708503104419863 2.1958222959125786 163 169 181 1.0033444879792737 153 184 154 198 155 221 156 204
1974 5.9991082481339113 -3.7672437733899673 5.0300909703475751 0 0 0 1.2672177487624201 148 302 149 298 150 264 151 250 152 230 153 252 154 207 155 231 156 187
1975 5.8236593681188005 -0.81757350814220831 5.7759998542004718 184 191 203 0.66154347997497287 152 245 153 227 154 214 151 291 150 328
1976 5.1578423053351496 -1.4565071966824368 8.024865889431668 184 191 203 0.80737520535266094 151 225 152 200 153 229 154 215 155 243
1977 2.9437439613026242 -0.73725486218439451 4.3446805910643196 41 45 55 1.3025809283439638 153 232 154 218 155 275 156 258 157 270
1978 1.9216133712813539 -0.58060562091800583 4.1528210926929869 6 7 9 0.43400130222765282 153 198 154 222 155 249 156 203 157 194
1979 3.6241567202426208 0.74020780124674124 1.7246027627641671 184 191 203 0.071729921899340701 153 199 154 229
1980 4.6254349885876316 -3.6961217230096115 5.1421427188809012 0 0 0 1.2279829002026486 150 263 153 218 154 235
1981 4.9853286776755645 -2.7455326495504777 7.1261321912024815 92 97 107 1.4640211070745701 150 270 152 234 154 246 155 236 156 192 157 180 157 210 158 201 159 213 160 287 161 263 162 223
1982 4.8219591773082389 -0.73009932758658613 3.6121914678928371 36 38 47 1.8046453757947543 150 212 154 252 155 300
1983 3.6982754871777468 -0.43201689934516008 3.8065583868834936 42 45 56 1.5662470134506816 153 231 154 253 155 274 154 217 156 257
1984 3.1490422206139801 0.0010943651559760167 3.2604925881333879 45 48 59 0.89268802370281275 153 234 154 255 156 231 157 224 158 241
1985 3.7995352767840092 0.57651482431636603 2.1340392969957094 184 191 203 0.80809548585619317 153 236 154 256 155 305 156 274
1986 3.2661221259762474 -0.053853580978188695 3.4211289649915337 11 11 13 1.2330937625064149 153 272 154 278 155 319
1987 1.3727641341812302 -0.87821411698761698 4.4849001300350837 147 153 163 0.83589928256661905 153 273 154 279 155 303 156 272 152 278 157 276 158 267
1991 6.157359772220337 -3.2249123221759448 4.5333940599509557 0 0 0 1.4300711487364608 151 314 153 287 154 284 155 310 156 262
1993 6.863292648318958 -1.8305543401094109 5.728057189948883 49 52 62 0.81433002481248817 149 24 150 24 155 12
1994 0.9209567270474236 -0.69915327918810732 6.5654747244482783 130 135 143 0.70673925730861242 145 42 155 22
1995 4.1127159675053973 0.59726041663713525 2.2112491688205416 140 145 154 0.94076728469709059 154 19 155 26 157 29
1998 6.6238166280082504 -2.1101854390218593 5.5817599194281851 17 18 20 1.2989043449720759 129 24 153 48 154 42 155 51 130 51 152 27 121 5 122 5 123 12 149 20 124 27 125 20 132 21 150 15 156 45 157 73 151 42 158 67 159 79 160 71 161 88 162 57 163 52 164 58 165 92 166 55 167 48 168 49 169 46 170 55
1999 6.4749806143319475 -2.055217298425096 5.5241871676864047 45 46 50 0.86306738182154807 151 19 153 4 154 4 155 56 156 50 157 41 158 36 160 46 161 40 162 59 163 53
2001 4.2656138648030204 0.26982947668660684 2.4411505337932549 137 142 151 0.1454797387179918 154 12 155 69
2002 1.4397284595886042 -0.87535539167323095 4.4363997616874391 83 86 96 0.81184238106527917 154 15 155 70 156 80 157 59
2004 5.2198243502825283 -0.78466838769426994 4.0634079328592829 45 47 54 1.1581651708652148 154 50 155 91 156 99 157 98 158 94 159 132 160 193 161 163 162 157 163 118 164 144
2005 4.309921511860713 0.36869837278794237 2.4643821160456731 131 136 144 0.45826091052002427 154 82 155 97
2007 6.9120185464613808 -2.4748987235552544 5.5379033478931232 132 137 145 1.6555670829396347 133 122 134 97 135 65 151 41 155 118 156 116 157 90 160 127 162 120 161 159 163 112
2008 5.8624808761271003 -1.3767495061429504 3.859107610643683 78 82 92 0.072231613300405145 153 103 155 122
2010 5.1565292688851123 -0.76747501387585892 4.7440646036009744 30 33 41 0.22077307993804993 153 137 155 128 154 136
2011 3.3897906047846216 -0.080677579183750098 2.9875461957914746 32 32 34 1.512474636550196 154 113 155 134 156 128 157 136 158 146
2012 1.1835926589880912 -0.81688271587213079 4.3980767674728432 89 91 97 0.90819468300299722 153 90 155 143 156 111
2016 4.7896232932978196 -2.288986663084021 7.5032520530726643 27 29 37 0.7869306104021746 155 164 158 91 160 188 161 187 162 155 163 116
2017 5.2943212074480099 -0.80799492630449865 4.0163191002531367 15 16 20 1.7187558367639442 153 149 154 157 155 183 156 158 157 142 158 140 159 167 160 238 161 220 162 185 163 150 164 196 165 187 167 135 168 160 169 170
2019 2.1471716905519784 -1.2846067549268996 4.1768337877271362 48 50 59 0.65234746551327127 154 177 155 206 156 164 157 127
2020 1.0681927913721168 -0.73405677163848371 4.4088927693905733 27 31 38 0.82932257518035257 154 180 155 213 156 182
2021 5.1122852117741706 -1.780892269380894 7.5681968611498833 103 106 114 0.67004458356121421 152 198 153 195 154 193 155 218 156 174 157 159 158 138
2022 3.6740481029382916 0.59243835243248877 2.2345890000935213 184 191 203 1.109332596104361 154 179 155 222 156 233
2023 6.8496728312374291 -2.1537799223409544 6.1860944095886916 68 72 82 1.1331787881560571 150 269 152 236 153 221 154 211 155 238 156 191 157 215 158 204 159 216 161 267 163 184
2024 1.1157715618731399 -0.71912984522042278 4.4004582461830521 151 157 166 0.43593010010465882 154 223 155 250
2025 8.0783302481484949 -3.8351978401360776 4.6962007757962754 1 1 1 1.0620960739714398 151 275 152 260 153 285 154 268 155 290 156 239 157 230 158 248 159 261 147 318 148 330 150 349 161 308 149 325
2027 6.8926971538855693 -3.6651328545386974 4.9214437947675771 3 0 0 0.94309182665939695 150 308 156 240 157 254 158 249 159 263 160 333
2028 6.0766861065559761 -1.5129830314577455 4.324896996906471 33 36 46 0.65070535241083427 153 293 154 274 155 312 156 264
2029 4.9466424650225829 -3.322228492232338 7.2578524638661053 184 191 203 1.3124918332937581 106 277 130 237 144 258 145 238 146 213 147 230 148 246 149 239 150 211 151 195 152 168 153 173 155 193 105 236 121 93 122 77 124 144 125 134 126 160 127 162 128 127 129 71 130 170 120 63 120 103 144 194 145 173 146 178 149 206 150 182 151 105 152 141 153 148 154 131 154 170 155 153 156 138 157 121 158 121 158 136 159 140 160 204 160 223 161 215 162 180 165 210 164 184
2030 6.2859665075592499 -1.3325627982962609 5.3358204635818405 71 74 84 1.4386274610483991 153 76 154 106 155 162 161 132 157 75 156 53
2031 6.0299173925265173 -1.3157610579641594 5.1562352565186842 71 74 84 0.75740320871956335 153 77 154 107 155 163
2033 1.4089047780527315 -0.87619165251968523 4.4661159207628094 115 120 128 1.354692744956675 155 71 156 57 157 60
2034 4.167048662888031 0.60568534097120419 2.2066155554113034 134 139 148 0.45592660588953526 153 61 156 58 157 64
2035 1.0900861887127169 -0.77138411668953477 4.5164038827666237 75 77 82 0.51716608184266 155 83 156 64
2036 5.2786722732345543 -0.74272383161235689 3.9791704799143797 48 49 53 1.0326137477211654 155 93 156 74 154 51 157 76 158 72 159 90 160 82 161 97
2037 4.9848045862253914 -0.76745903377389668 3.9049907747360533 29 29 32 1.0649857311677513 155 64 156 75 157 77 158 74
2038 4.0780097407168903 0.17774013796878918 2.4729594025462553 69 73 82 1.5415387862135004 154 57 155 96 156 79 157 104 158 116
2039 1.0394255659845317 -0.69183028209090636 4.3930639753531198 60 62 66 0.095618002597075646 155 85 156 90
2042 3.4702191257276209 -0.020881004393156058 2.240878696782616 129 134 143 2.4705256027965063 154 115 155 137 156 108
2043 1.4451490531516122 -0.89570294398074912 4.4094285023442881 49 52 59 0.55966240587860283 155 172 156 131 157 116 151 91 158 133
2044 1.0622954659815427 -0.68772710926355773 4.3783518978457323 101 105 111 0.098203571683010443 155 175 156 133
2045 5.1521723252404366 -1.318383967890991 3.6412718080685238 70 74 85 0.58865757684444964 154 76 156 141
2046 4.0694470742301192 -2.3333134791832109 6.8876730375175992 34 36 46 1.7218811993917715 154 190 155 195 156 156 157 140 158 137 159 155 160 211
2047 4.6843947427448906 -2.2906188011398796 7.4451801580222572 27 29 37 1.5124641433342447 148 251 149 243 150 245 156 157 157 157 162 229
2048 3.9330378389656344 -0.79742533110367264 4.1782416505300191 0 0 0 1.6434712275029892 145 364 148 389 146 350 147 374
2050 3.4205445554881315 -0.17770637601321054 2.9304330097825928 4 4 4 1.0444677758610432 154 162 155 207 156 165 157 165 158 186
2051 4.1463182623755932 0.20436336977064115 2.4613469799571517 62 64 71 0.59778433527800978 155 208 156 166 157 150 158 143
2052 1.1135128529357494 -0.75904313320808114 4.4375706212105914 42 43 46 0.19828073055545481 155 212 156 168
2053 6.1109878966297453 -1.691494694359357 4.1904977390557496 184 191 203 0.88217893830097893 154 189 155 217 156 190 157 208 158 197 159 211 157 176 160 280 161 259 162 214 163 180 164 213 165 213 166 178 167 148
2054 3.3428193970275411 -0.22679443650350264 2.9814818951532081 84 86 91 1.1675727423613957 155 246 156 200 157 220 158 239
2055 3.4338079918616309 -0.34493973330717986 2.8919856121569998 85 86 91 1.1167147892801221 155 276 156 225
2056 3.4501367263781724 -0.34167259535404415 2.8940289177575491 85 86 91 1.4486537401976642 155 277 156 226 157 248 158 265
2057 4.1639541090000032 0.33110572763212498 2.4691547737670914 184 191 203 0.62443818448062327 154 219 155 280 156 230 157 250 158 240
2058 6.6780665797243737 -2.1597320861166183 5.5542055967962547 19 20 21 0.54143042461847579 153 260 154 242 155 263 156 248 157 238 158 229 159 245 160 308 161 314 162 266 163 221 164 261 165 254
2060 2.3785853246813091 -1.8033141049395156 5.0728079138671225 42 45 48 1.2983142701023076 155 314 156 266 157 262 158 255 159 270
2062 1.4622459495335252 -1.3135808100125637 4.4272211118911171 42 45 48 1.2921121434842338 155 301 156 271 157 272
2064 7.3962794331559616 -1.7974908086386547 5.7757250944567682 162 168 179 0.50313367812969501 157 13 162 29 168 35
2065 3.9544439228060364 -1.3424740415204759 4.800187840184738 52 53 56 1.645323675053443 155 16 156 11 157 17 158 43 160 78 164 146 165 194
2066 2.6859060200818647 -1.6534322653789701 5.7388876469324028 39 40 43 0.57509389335048311 156 13 157 19 158 48 159 11
2067 6.1984439586069939 -2.1288604598948755 5.4480984572490678 23 24 29 0.48503677274930529 153 47 157 40 150 14
2070 6.0555345162510674 -2.7966706145605151 7.2047097217081602 105 109 120 1.4959065877478313 132 135 149 149 157 92 131 154 142 211 134 197 136 256 139 234 141 217 147 192
2071 5.2572318280978365 -0.67697370247810051 4.0330339722800854 58 60 65 0.97067150160480931 156 100 157 99 158 96 159 133 160 194 161 189 162 158
2072 3.3422519133632371 -0.21036810895592603 2.9641307645386341 83 84 89 0.75850432298732884 156 106 157 102 158 101
2073 4.933518710945056 -1.897442626540303 7.7705899759648354 35 38 48 1.3798058237537514 151 175 152 96 157 113
2074 5.2237981847645196 -0.7328012682190348 4.1632503355239168 19 21 25 1.1966734014386748 156 142 157 126 159 156 160 229 161 205 162 169 163 132 164 168
2075 3.7725695307659959 -0.54485739252629728 2.86651523494923 139 145 156 1.8214617845744858 156 162 157 128
2076 5.6174068139086817 -1.1463687201823165 3.924358427558555 63 67 77 1.0109756241721919 156 195 157 181 158 175 159 222 160 288 161 268 162 227 163 189 164 225 165 222 166 164
2077 3.1998163144982898 -0.07566679083100275 3.1559666510745155 31 33 42 1.0579981640139129 156 179 157 193 158 221
2078 3.8752912137864337 -0.60110333565315688 2.9477742021041444 35 38 48 1.0916952217406104 156 256 157 244
2079 2.3887019006549579 -0.29660026247019522 3.818560982646265 45 49 60 1.3317547935554768 156 232 157 251 158 242
2082 4.3008024420782558 -4.736356880960658 6.8381466403343865 1 1 1 1.9318925424958417 152 25 155 48 156 40 157 36 151 0 156 41
2084 2.3956513523795642 -1.3567828205913315 3.8454235332257682 105 109 116 0.62928594230417756 157 79 158 18 159 22
2085 5.1972756951485781 -0.585519745610947 3.8262375736709773 40 43 50 1.9254714704779619 157 18 158 49 159 58 160 84 162 35
2086 4.8934908068915659 -3.2628378524096373 7.2245703779277202 184 191 203 0.55091662885590509 154 74 158 66 160 8
2087 5.1913841422798956 -0.75235262269608527 4.0880947499057134 18 19 23 1.16477535807187 157 49 158 75 159 112 160 157 161 142 162 97 163 101 164 113 165 130 166 98
2088 2.4143559152422118 -1.339914639298565 3.9459263831130014 75 78 83 0.02702672559720987 157 80 158 79
2089 5.1096948384385481 -0.72557058900865157 4.0393435203302861 51 52 56 0.65877906468923741 157 78 158 95 159 134
2090 6.8184038503715447 -1.9144099758507673 5.5553925346644197 90 93 101 0.38072475247586163 155 156 157 109 158 107 159 124 160 142 162 93
2091 6.23094218718634 -1.3031861719532374 4.0237841009189497 94 98 109 1.0838355537763456 157 95 158 108
2092 4.0044468737854952 -1.3846992232743347 4.8660499313397505 46 46 49 0.76229206902730662 156 70 158 112 163 151
2093 4.8397586445460314 -3.4494937052432855 7.268076338467659 132 137 145 1.7773643742481364 152 139 158 119
2094 4.601225815026484 -1.5624907311544023 7.7424849818636341 37 40 50 2.2174527091636671 154 137 158 126 155 129 159 131 160 156
2095 3.1928732716133621 -1.3357026414983786 5.491641467046005 18 19 20 1.7233747730515638 157 145 158 142 160 262
2096 3.4160169117681258 -0.12638948721536519 2.9491538856176009 47 48 51 0.8249764501905994 157 132 158 144
2097 3.4160169117681258 -0.12638948721536519 2.9491538856176009 47 48 51 0.8249764501905994 157 133 158 145
2255 6.3729811425320708 -2.4885299727303569 6.7728511007298815 141 147 158 0.99089514888637187 164 216 165 216 166 153 167 150 168 151 169 127 170 127 171 143 172 177 173 179 174 166 175 196 176 159
2256 3.0996918078113729 -2.0196312562557424 5.6859550052843391 18 20 23 0.069529538798536905 161 271 162 232
2257 4.4478797996832808 -3.019153391506642 7.5485420944080657 162 168 179 1.2414510991501277 160 309 161 287 162 245 163 203 166 183 167 153 168 152 169 134 170 117 171 133 172 160 173 171
2258 4.4490059515468277 -3.0200682412350695 7.5566736679731674 162 168 179 1.2027630115986079 160 310 161 288 162 246 163 204 166 184 167 154 168 153 169 135 170 118 171 134 172 161
2259 4.5726739892955752 -0.66709596696967166 4.1523061419652798 43 46 57 0.80151174201970743 161 297 162 251 163 230
2263 5.6468915072656385 -0.09235199048756601 3.8353602007062313 150 156 166 0.63465575897392945 163 15 164 12
2265 5.0979347148515961 -0.28200757244342189 3.5274487896584406 150 155 165 1.0884749003825105 160 63 162 42 163 45 165 76
2268 5.6005692075565703 -2.74469041821339 6.3417752898400872 36 39 49 0.81208927659707442 162 91 163 73 165 125 166 91 167 67 168 73 169 92 170 52
2269 6.7388377669364701 -2.2570835007245096 5.9574160088393118 81 84 94 0.73458889447562403 161 122 163 75 164 87 165 91
2270 4.8137503299127475 -2.1662962628392499 7.1519148201512106 69 73 82 0.75454271861546873 162 94 163 81 164 92 165 95
2271 6.0558904865467982 -1.6176647785295564 4.2247761844227893 84 88 98 0.73914936528796249 159 81 160 73 163 96 165 94
2272 5.3526556008028612 -0.66858275732059336 4.3870953717548744 25 27 35 0.31192104519147928 162 101 163 104 164 131
1988 1.3734744808159085 -0.87797994803146406 4.4832616608207765 147 153 163 0.77358800068314049 153 274 154 280 155 304 156 273 157 277 158 268
2529 6.1479311915553438 -1.3229395405105331 5.0436269710485568 76 80 90 1.5931134185550548 172 76 173 82 174 64 175 71
1420 0.1201564107379441 -0.12850037100676034 2.6001188327269324 133 138 147 0.21102619570683348 140 31 142 117
2273 3.1262251755167751 -1.8864249914784366 6.0831263219677201 57 59 65 1.3685498499773421 162 100 163 108
1989 3.7188515274812097 0.51409631337559825 2.2232574816265496 38 41 51 0.84953318622810503 153 298 154 282 155 321
2530 6.0950628654660832 -1.5779098487730183 5.7428542551576527 86 90 100 1.0537226359531386 172 93 173 92 174 75 175 99 176 47
1421 2.0409283603477717 -1.670939871689455 1.1565335283128013 92 95 101 1.3148201248776958 137 72 142 128
2278 5.0294839553340394 -0.42104653314333373 3.4505583627499461 184 191 203 0.067898272972645696 161 208 163 135
2279 4.7871324088431741 0.013209052544487038 3.1329977756887541 179 186 198 1.5205240522277581 161 173 162 174 163 138
2280 6.843515805472185 -2.4133048320828352 6.0770971762119759 20 21 27 1.5531308686002006 161 217 162 183 163 145 164 158 167 91 168 101 170 82 171 108
2281 6.3090500331452759 -2.6354425681331342 6.510995590507636 5 6 7 1.2179916711255463 161 198 162 167 163 146 164 161 165 157 166 114 167 93 168 91 169 106 170 96 171 110 172 133 173 129 174 129
2538 5.5173279648581124 -2.7000293005074303 6.7943994051836452 176 183 195 1.936056743504404 172 155 173 169 175 163 174 149 171 127
1429 3.4160554570906756 0.48913797014849469 1.8576703898525826 119 124 134 0.39234762890426111 138 224 139 201 140 185 142 186 144 175 143 173
2282 4.1444240464512685 -2.2451843569327412 6.9187414439074804 8 9 11 0.29233248306710452 162 184 163 149 164 167
2283 5.1267370715469989 -0.24234463601955417 3.3945343095207758 184 191 203 1.1038614255125538 162 205 163 152
2285 4.9570410582655757 -3.0477188442673393 6.9106097245606826 184 191 203 1.631994892814941 162 182 163 157 164 185 165 182 167 102 168 100
2286 4.9656647236115239 -2.8195807120148939 7.071211928732307 120 125 136 1.2848505199166518 162 200 163 161 165 184 164 189 166 159 164 223 167 128 168 128 169 133
2287 5.2313643699128294 -0.62934038545119098 4.2291517860630456 74 75 82 0.91431728340674778 156 143 163 167 164 197 165 188 166 137
2003 3.3669523971764388 0.36219002969158565 1.8840389061684244 126 130 139 1.1996918087264976 153 31 154 91 155 87
2544 5.9069179675340591 -1.1740922593404401 4.5557875597837869 141 146 155 1.3332784038514141 172 56 174 33
2288 3.1190375358770526 -1.3488613382818098 5.5716110312145171 0 0 0 1.0328146352497489 162 189 163 172 164 242
2289 6.1066218918255908 -3.5581589299273109 5.121737599828716 61 62 65 1.6039788179083714 161 284 162 243 163 198 164 257 165 252 166 196 167 170
2292 3.2479302988513781 -1.5660192071836636 5.7219532865343243 16 17 22 1.0947977829201558 162 233 163 209 164 252
2294 6.4901984845108309 -1.6904371823296982 5.0613324567862223 0 0 0 1.3615269201578275 158 253 159 268 160 341 162 268 165 258
2296 4.8410341776087753 -3.5617543117042403 7.8735409320342962 184 191 203 1.3615457703402192 162 165 163 128 164 157 165 181 166 129 166 151 167 121 168 122
2297 5.6619578484214266 -0.078284980173587398 3.7393029095945027 150 156 166 0.92700669544610714 163 16 164 13
2013 3.7586711220593636 0.619912941251474 2.1989978425717998 139 144 153 0.41022214592877182 153 125 155 148 156 88
2554 5.998070828821441 -1.6483570539204115 5.6862278655993439 28 30 38 1.1592600927859524 173 90 174 98 176 70 175 98
1445 -0.13486683878035496 -0.0082920993962715267 2.9547776272981272 0 0 0 1.5783837153986509 105 332 141 372 106 340 107 354 108 337
2299 5.655271074836218 -0.10227151801741247 3.7244016718568074 184 191 203 0.93530985572277414 163 38 164 41
2301 5.0964635801023066 -0.27831366532859148 3.5039187337250359 157 163 173 0.79737885739584902 159 20 164 43
2303 6.6510879030420256 -2.0774895995204985 5.5157410348387073 14 15 17 0.80983376711908395 155 52 164 59 156 46 165 56 167 49 168 50 169 47 170 57 171 69 172 84 173 104 174 93
2304 5.5042420151871037 -0.090296927489174728 3.7586695610831886 184 191 203 1.3229284863799675 163 42 164 70 165 71
2308 6.3763450823704932 -2.2474280287723567 5.9089666186843299 32 34 44 1.5160126430884535 162 122 163 97 164 125 165 126 166 103 165 140 167 68 167 79 168 78 169 107 170 84 171 111
2311 4.1295131451558822 -1.3537162714795561 4.7317881800351795 0 0 0 0.724197953119746 163 119 164 169 165 191 166 174 167 163 168 172
1773 3.9659820178200551 0.40826067460278781 2.2654509536177452 162 168 178 0.50211042895956792 149 187 150 170 151 156 152 129 153 141
2314 5.490605232384822 -0.9365647375998063 3.9644300974647577 42 45 56 1.1535840104740376 163 165 164 194 165 186
1774 4.059144189611267 -0.60213204621582217 2.8419647081111323 129 134 146 0.71859078011749788 148 190 149 212 150 189
2315 6.5004915719615095 -3.4980668576329479 4.1561201443391855 184 191 203 0.88810542796174141 161 237 164 208 165 203
1775 4.0077237991763628 -0.52596986778113386 2.7815301119249627 36 39 49 0.43938284405465666 148 191 149 214 150 190 151 198
2316 6.8734275583760231 -3.6551863019245237 4.7760420991571104 0 0 0 1.5320637644571242 162 209 163 175 164 210 161 252 165 236 166 177 167 145
2573 6.2419123373237264 -2.2394815023040562 5.7087096830746198 31 34 43 1.4785253690915208 172 137 173 137 174 152 175 167
1464 2.3465861492491298 0.35891103984754835 0.46685027566064519 37 43 51 0.60998595730789529 141 100 142 87 144 91 143 14
1776 0.55252792643950488 -0.50604296644907809 4.6103404792474372 60 61 66 0.98190368220588742 143 220 150 205
2317 6.3579555150312048 -2.4853352343086992 6.752622909701973 154 160 171 1.0025060827129164 164 217 165 217 166 152 167 149 168 150 169 126 170 126 171 142 172 176 173 178 174 165 175 195 176 158 177 148
1777 2.121992233469864 -1.2470542563701039 4.1014274420738444 64 67 77 0.88961904483667453 149 244 150 213 151 224 152 201 153 230
2318 6.473943457411421 -2.1096842989470117 5.8687617657864823 84 89 99 0.15368361920370557 162 222 163 183 164 218
1780 0.93288335945003975 -0.47666841457695797 3.6101544921306639 0 0 0 1.6798109343673602 149 259 150 229 151 240 152 223 153 211
2321 5.5602596983634616 -2.6532719201655466 6.835789592776452 155 162 173 1.6442375117843444 164 221 165 219 166 157 167 151 168 126 167 124 169 130 170 113
1782 7.4955144093119275 -4.1793249283680165 4.4810573674105862 3 3 3 0.99105965623672954 135 330 150 240 137 356 151 219 152 229 153 217 156 185 155 228
2323 5.6528811490720505 -2.4819486026666207 3.3020280996655567 184 191 203 0.070222446545783287 159 236 164 254
1783 3.5855762749500681 0.073989314793803052 2.8811006447619936 15 16 21 1.3935418980374963 149 249 150 248 151 261 152 277
2324 6.6479462405863536 -2.1792050873483237 5.6366619378202012 39 41 45 1.4532883723103061 129 47 155 5 128 43 130 88 156 2 157 5 158 32 164 86 153 45 161 120 163 74 165 53 166 20 167 46 168 41
2581 6.5083069261290536 -2.1587561418462209 5.4128385021432788 0 0 0 1.2552479919629791 174 53 175 74 176 68 177 78 178 70 179 55
1472 3.0470429051292585 0.87974093661850972 2.1181498276917363 47 49 53 1.3782865860495259 117 46 118 82 144 139 149 162
1788 1.5508445974886615 -0.20748271634270718 3.1046106523760253 0 0 0 1.4371276828870008 149 281 150 284 152 289 153 304
2329 6.2037689040114099 0.24674546328854047 4.0037177051092625 150 156 166 0.41246132972845584 162 7 165 22
1789 1.5508445974886615 -0.20748271634270718 3.1046106523760253 0 0 0 1.4371276828870008 149 282 150 285 152 290 153 305
2330 6.8306518032117811 -3.6579340406347889 4.5597038628259687 159 165 175 0.084748882971783054 163 3 164 28 165 28
1792 1.6000715439402653 -0.17487150604985299 3.0532802288509222 51 53 60 0.69335964860235266 148 312 150 332 151 303
2333 6.8693590313883037 -3.734121401830822 4.3731552812686019 184 191 203 1.8073507351695293 163 28 165 85 166 73
2049 3.6309552584964071 -0.59852968720244204 2.8186117986235413 105 110 119 0.21551419384683196 155 205 157 129
2590 3.6927879410642066 -3.5616338115296697 6.3341319930432247 43 45 48 0.8485829080041758 176 156 179 90
1481 3.160107011738269 0.85212849233026522 2.0435723782658828 19 20 21 1.8373740130108951 105 69 141 229 144 204 148 228 152 183 153 190
1794 4.1164733919054015 -5.1811127751576054 6.4858294936152392 1 1 1 1.8473865032405798 142 364 150 362 140 377 141 384
2335 7.2571302626212306 -3.36311548316066 4.6648434102705174 178 185 197 1.3622727809481552 162 146 163 111 165 124 166 90 170 65
1959 6.5854737850634217 -1.9916522330204147 5.4063628606367029 51 53 58 1.025363896737407 148 19 150 18 153 6 154 6 151 22 156 9 160 11 161 12 162 28 164 33
2500 -1.8445881239847404 2.9582333057072705 -3.0698877116933252 35 37 41 0.27251893814599903 99 82 98 58
1391 2.9372238844456642 -0.020315530005818552 0.80003355594378023 96 97 102 0.13424177062928153 139 243 140 173 141 178 142 134 143 127 143 167
2243 5.1822791583741186 -0.74543106723348973 3.9887435120990484 20 20 21 0.27510240099905542 161 144 162 96 163 103 164 115
2305 5.137918840573624 -0.020753597452335307 3.3339267094389244 150 155 165 0.4901416002144538 163 64 164 73
2018 1.0671390791413538 -0.76883379567760046 4.4268745580558937 75 76 80 0.46372679738954253 154 148 155 188 156 169
2559 4.8291685348636868 -2.4134686592451282 6.9808448122240447 22 24 31 0.26418528588805779 171 116 174 135
1450 2.9585274076074972 0.11499221405769822 0.88313495739468006 0 0 0 0.035926914755428661 140 428 141 409 142 370 143 381
2275 6.6510111410884667 -1.23300454575014 5.5145029997082586 33 36 45 1.132936205423474 161 188 162 154 163 115 164 128 164 140 165 128 166 105 170 74
2352 4.9143897101236913 -0.2723381723863294 4.0253457862270023 177 184 195 1.8638638411538904 164 251 165 247 166 201 167 167
1960 32.376057788406406 19.453948142031457 6.0003351067358199 142 147 157 0.36776393951287978 140 48 154 20
2501 -2.1691998402441164 4.1766924102921994 -4.0844004017710116 31 33 41 0.88547001217150667 99 83 100 86 98 60
1392 2.9460938358334268 0.23609060533862317 0.94516586877781839 89 91 96 0.82566120875692939 138 276 139 196 141 181 142 138 144 166 143 130
2244 3.9889433824624128 -1.3689907397084953 4.817095290945864 17 17 17 0.86917870258021568 160 16 162 99 163 107
2276 4.9580390234789027 -0.28635016946793812 3.3295923781523058 184 191 203 0.62164911969635617 161 164 162 135 163 126
1785 5.3356283788605152 -2.5981903579469958 7.1157258020178382 39 42 52 0.24875524385231365 143 273 144 275 145 266 146 234 147 259 150 272 142 253 151 256 152 239 156 219
2326 5.640795834764158 0.50718618222638512 3.3920547490620341 141 146 155 2.4033795190617706 163 48 164 47
2707 -0.1400567845043082 3.1047519986131995 -2.3842548117539257 184 191 203 0.28661378642581825 91 94 90 76
1598 2.7405090619178769 1.1828149830360966 0.94182968265870004 145 150 159 1.2279295739133669 137 181 138 183 146 53
489 2.6851449701865517 1.6551661014018959 1.8162836742815607 61 62 65 1.9177351580552495 116 188 117 249 118 252 115 265 119 247 114 213 112 69 113 161
2193 5.1092512260978538 -0.2264188791116942 3.5039618088223508 132 137 146 0.12284870121788079 160 27 161 54 162 11
2267 6.8969494549376327 -3.5876546949627133 4.2273663740560101 70 72 77 0.79131253395203682 160 109 161 69 163 71 164 51 165 48 166 52
2134 6.3558548116407243 -2.0302101711455918 5.4436929878740692 43 44 47 0.50278364285210131 151 18 159 82 153 3
1778 1.4557383225785425 -0.22295036652773395 3.2235848124618989 0 0 0 1.5627623021664856 148 229 149 225 150 221 151 206 152 218 153 207
2319 6.649176248604042 -2.132359063918956 6.0298234859512663 84 89 99 1.1963822934928985 161 266 162 221 164 219
1787 1.5076371845562844 -0.32675724639949311 3.1713684375798423 0 0 0 0.7025739452394747 149 306 150 283 151 302 152 288 153 303
2328 4.0399416779963389 -2.2828084239859177 6.7392221731966808 34 36 43 1.0557232349985686 165 17 167 25 170 20
2041 6.6723326186065517 -1.8911700095527895 5.4627628703398674 91 94 101 0.27207603035514888 151 109 153 105 156 95
2582 6.862353473911825 -0.99677915308570442 5.4546851879196652 100 104 111 1.2840015562379958 175 87 176 78 177 117
1473 2.4662200839067432 1.6581305641229687 1.1647660077335273 184 191 203 1.9210492782455 137 193 140 50 141 164 144 146
364 4.6675324819608388 -4.2015043893418964 8.308343873613973 42 44 48 2.0416183332889779 109 299 119 340 121 310 122 326 123 339 124 345 125 291 118 349 117 393 126 300 116 376 115 361 114 341 112 230 113 282 111 284 110 298 127 286 128 279 129 295 130 302 132 265 131 273 131 318 133 323 108 329 134 352 135 376 136 421 137 399 138 393 139 389 141 364 142 327 144 373 143 347 145 348 146 337 147 359 148 371 149 364
1784 5.1941555589617012 -2.8325770780047104 7.4747545300117251 81 85 96 1.7049940061199571 143 315 144 318 145 295 146 267 147 288 148 305 149 301 150 271 151 253 151 290 152 235 153 266 154 247 155 237 156 193 157 179 157 209 158 200 159 212 160 286
2325 4.9723974609253574 -3.8264203546274143 7.1018342175277978 138 143 152 2.1707920517126111 145 131 151 102 156 91 157 137 156 154 161 239 166 146 167 118
2260 2.863508818037201 -1.2919482216286757 5.3858152969650899 37 40 50 1.1076069732990239 161 277 162 252 163 213
2127 3.9823171381934532 -1.37353272966415 4.8192894487301752 30 31 32 0.88252947177526186 158 16 159 9 160 15 161 46 163 106 164 134
1805 3.2564227040247733 -0.14137613711365071 3.0667439236179219 48 50 54 1.5677776552483498 132 29 133 26 151 87 131 66 129 57 130 102 152 104 153 118 154 145 155 135
2346 7.3602557898919763 -3.0951944566105922 5.7942789648424693 184 191 203 1.051017223312535 157 173 165 206 133 239 158 166 159 176 166 147 160 247 161 240 167 146
1786 3.1750852087076806 -0.10299529350689438 0.86869615636978093 97 98 103 0.18408757354613112 148 280 149 275 150 275
2327 6.9502462414954307 -3.2828259871692356 4.5970750761854617 133 138 146 1.1420524621971937 160 42 163 4 165 6 167 33 169 59 170 31 170 49
2237 3.1889458163904973 -1.7870806987620689 5.7067327847265616 65 68 78 0.79799129556825188 161 14 162 66 164 149
2081 2.5655092774017048 -1.708011489646889 5.2899952366268748 12 13 14 1.2318781486595276 156 253 157 264 158 256 159 271
2622 0.33822872333614284 2.007139831183423 -1.0905130869921178 88 92 102 0.50291750253532841 96 36 95 54 94 108
404 0.18444100197434971 1.0724797711394356 4.0703375459396502 31 31 32 0.91558580549262569 109 371 117 403 116 383 115 397 114 368 113 313 110 346 108 365
2108 5.5319195785784885 -2.4759051283011453 6.7986542397552681 114 119 130 0.76157556717965225 154 248 155 269 156 215 157 211 158 231 159 246 160 311 161 291
1961 10.086740178643357 5.7199872064392299 2.1657892466428712 133 138 148 0.081920907527325754 138 71 154 31
2502 -1.8359899195333287 1.8472427579600019 -4.0936242587721807 184 191 203 0.61574164657466113 99 84 100 114 98 75
2245 5.3300919993205005 -0.4319169424059901 3.7924737579372847 158 164 174 0.35073429593545241 161 146 162 105 163 83
2298 4.0044371568367092 -1.3586075507698379 4.6754505695333943 47 48 50 1.5058950477142925 163 13 164 39 165 100
2284 6.2614704918052357 -2.7204303277964286 6.3099609462315636 184 191 203 0.25410731223336092 160 248 163 155
2313 4.8851349876910497 -4.0666924036179015 6.6876982282378963 20 20 74 0.41461446510073685 163 141 164 182 165 179
2567 7.6887818572795519 -0.83091415300033122 6.0127627824498955 159 165 175 1.8645018712922226 170 17 176 73
1458 7.3058921582260048 -1.727713067635509 5.6899087633637322 89 92 101 1.2453284283502524 133 52 137 84 138 104 141 26 144 18 135 128 146 41 148 65 149 62 150 45 151 24
1908 1.7944391150567374 1.5707313447873987 -0.2625900481924664 132 136 145 1.1069495399065352 105 101 114 210 104 88
2449 5.4119232246421571 -0.83521184784562386 4.2846698319469469 25 28 36 1.3292307906949037 169 141 170 134
1340 0.99725280460477228 -0.4430637002821779 3.5498667693527772 13 13 14 1.0315995501599069 119 62 130 96 121 50 122 48 123 69 124 120 125 117 120 77 119 63 126 101 127 108 107 17 132 115 135 133 135 198 136 164 115 25 116 21 137 155 108 30
2165 8.4662247565443476 1.3395094715778613 4.5328694746274714 127 131 139 1.3532843748745713 133 110 160 91
2706 -2.8296041891411292 2.5023891545623385 -1.5324869541910704 80 81 86 0.48914735617000937 91 220 90 226
1597 3.1385611145589989 0.95386467506910499 1.4037895517806172 184 191 203 0.37938794658124519 136 102 146 47
488 -0.025348643158193948 2.4635265180116535 -0.55198780155216487 44 44 48 1.8627711819565977 116 253 115 219 114 223 112 108 109 162 113 168 111 119 108 168 107 156 106 134 105 124 104 103
2192 5.1123927689226241 -0.26638830679962411 3.5560836218001168 184 191 203 0.28397898165587443 159 64 161 51
2741 6.0943473694675427 -1.7697136956683341 5.6167897394459319 76 80 89 1.2153657532021391 178 46 179 37
523 -0.19446308778673085 -0.025244517837451727 3.067944808635132 54 56 60 0.91833119443408495 115 262 116 237 117 280 114 244 112 136 113 214 111 220 109 214 110 206 110 236 108 220 107 207
2227 6.378918541162145 -2.7439626750785844 6.4756792012300579 169 176 187 0.98059478386804733 157 123 158 123 159 142 160 225 161 197 160 206 162 148 164 138 163 143 165 155 166 112 167 90 168 89 169 104 170 94 171 106 172 130 173 126 174 125 175 134 176 111 179 80
2295 6.5038782694151287 -1.6808064213563865 5.0734921053104838 0 0 0 2.0287420171840322 159 269 160 342 162 269 165 259 163 224
2162 5.2321966699982561 -0.76747638993774603 4.0130312572488895 54 54 57 1.1770236270904881 159 89 160 81 161 140 162 95 163 100 164 130
1840 4.4464090798673057 -4.9581095388400396 6.496572068919038 175 182 193 0.13414937774722152 149 54 150 41 152 0 154 0 155 0
2381 5.9232475896886916 -1.6313509617124795 4.0836215223493602 184 191 203 1.1007903971988897 166 57 167 63 168 61 169 95 170 72 171 98
2124 -0.41338042958736232 2.5364356039421949 -0.30339112195900636 44 47 59 0.72779410083651674 103 265 104 317 102 258 101 160 100 135 99 120 98 131 97 121 96 168
2300 5.654011497887379 -0.068263375583545727 3.8521695777197782 184 191 203 0.6251674789869206 163 39 164 42
1779 3.1385551413532267 0.91546670119723683 2.0809596958390544 43 44 47 1.4044112583014923 149 226 150 222 151 237 152 215 153 247
2320 5.5602596983634616 -2.6532719201655466 6.8357895927764512 155 162 173 1.6442375117843979 164 220 165 218 166 156 167 152 168 125 169 131 167 125 170 114
1806 1.446913157367077 -0.89466519372559195 4.4057686638612656 46 49 57 1.0167123851845363 150 100 151 92 152 109 153 120 154 116 155 173 156 132 157 117 153 84 158 134
2347 5.9995097201682652 -1.4004180461832247 4.3576128420493996 54 57 67 0.62404477225752242 163 162 164 190 165 220 166 161 167 130 168 132 169 138
2309 5.6365083473462629 -1.7868917982596864 5.0759437082490164 71 74 85 1.8444672849923689 162 126 164 127 166 94
2176 5.4756129057792018 -1.3429239382785705 3.7613998271572928 107 112 122 0.6323691843638517 158 148 160 254
2717 6.4773561847390289 -2.1977036602916384 5.3760362118319049 0 0 0 0.82137866759334932 176 137 177 123 178 116
1608 0.99738981623469558 -0.35419369458035632 3.5148350245146096 30 30 32 1.2905296325880753 145 111 146 94 147 129 146 129 148 180 149 163 150 133 151 166
2203 4.0498452384145791 -1.3390118600052217 4.6889593027919663 48 48 51 1.4005690451855077 159 87 161 139
1804 4.7487719200218708 -2.1960233372411677 6.7810102480809133 68 72 82 1.8546703159561229 146 74 147 114 148 108 149 155 151 79 150 87 150 124 152 93 155 160 156 122 157 111 158 110 159 126 162 127 163 114 164 129
2345 5.2401394561644432 -0.62080508699102821 4.2343577598418616 78 79 85 0.46185118756949028 164 198 165 189
1931 26.602330451369912 10.589337175106829 8.3668908728806191 137 143 153 2.4728628281114582 143 82 103 27
2472 6.1511454401960011 -1.3469364048274974 5.0206996083429667 38 41 49 1.8711200822491616 170 43 173 95 172 96 174 102 175 107 171 78
1363 2.9618297186246076 1.48521294203301 1.6762982211571089 165 171 182 1.4892482994452763 136 382 137 371 138 366 140 321 142 277 144 287 143 283 145 254
2215 4.3860993711938026 -4.8543749096705913 8.4276687223831814 43 45 48 0.52401616301045073 153 257 161 253
1813 1.308041696108134 -0.82203876487057059 3.3795012613235098 97 102 112 0.710998733236758 150 130 151 127 152 132
2354 3.8185712513560723 -1.3207034612925768 4.6306791416326289 100 101 107 0.81587550505078132 164 232 165 266
2498 4.2418710695329986 -2.4308450128785397 7.261694730892116 47 48 51 1.4043712713091445 167 2 168 9 171 24 169 29 170 16
1389 0.57122447309976376 -0.37350670017805132 4.0270109382600072 75 78 83 0.24968702521634423 132 54 141 155
2241 5.2523405670721113 0.096378222064735758 3.3883808522874785 149 155 165 0.96039029311340296 161 109 162 79
2312 5.0688229626403922 -0.2575600525151136 3.5360486284913022 184 191 203 0.93435824647219012 163 153 164 171 165 168
1898 1.5559035808216519 -0.27759020452978367 3.1355458807329373 56 57 60 0.50354544575257432 151 203 152 181 153 202
2439 -0.22267596260408579 0.9902921746415575 -3.2522781968820502 157 163 173 2.0308791927392371 105 345 100 113
2182 5.9908648682355619 -3.4727555448776464 5.0096864241155172 61 62 65 1.4972588194867706 155 260 156 209 157 202 158 192 159 239 160 304 162 242 161 285 163 197 164 256 165 251
1947 -0.26457482242406782 2.0893823252369006 -0.79724365004321396 77 78 83 1.7647895683956161 104 274 105 307 103 212 102 175 102 213 101 124 100 107 99 95 98 87 97 96 96 165 95 196
2488 6.518222678049054 -2.1261260433302058 5.4201769797746415 45 46 48 0.9926962889069233 170 53 171 66 172 80 173 102 174 91 175 93 176 86 177 91
1379 0.017932285255110217 0.0081034955264105493 1.0951429102782362 122 128 138 1.2212506948855033 131 63 141 60
2231 5.1054119534218518 -0.23098669524354806 3.435353352466632 125 129 137 0.14249290732162576 160 28 162 12
1945 1.3247667660212452 -0.98588445790788559 0.41180448589721774 1 1 1 1.50357241581068 105 291 106 273 107 281 103 202 108 262 110 221 111 203 112 188 113 243 102 190
2486 5.8247830925170794 -1.208496745071028 4.4872006500545858 40 43 52 0.98540993470458316 170 21 171 29
1377 0.68635210031520311 0.35839663153437951 0.18664038681676276 151 156 166 0.02746310352895575 135 95 141 55
2229 6.211911417857678 0.46974421534972843 3.674477851546889 150 155 165 2.4104298238334572 160 98 161 106
1812 4.0589949935653662 0.5058264362981264 2.2363180203826185 136 142 151 0.97478332015760449 150 99 151 126 152 106 153 142 148 30 154 164 155 211 156 167 157 167
2353 4.9251778399483337 -0.82186036476596447 4.6976670234285196 23 21 21 0.42762338407265538 165 260 166 199 167 174
2069 2.3460466078664046 -1.3562916572244241 3.924634576098851 45 47 50 0.29514887111313365 156 14 157 54 159 29
2610 -0.26496283940193477 1.7446859585059575 -0.84429263812082955 34 36 46 2.287029923408578 97 115 96 162 94 201
1501 2.7434242508313851 1.3700723421916572 1.1119000350597212 167 173 184 0.64735902332766548 139 401 140 391 144 360
1939 -0.65983615494962411 1.9954051033889586 1.1457165289035107 14 14 15 1.0978104772308284 104 190 105 198 103 131 102 150
2480 5.0948219804606598 -2.8822775848239996 6.7853100143825023 33 36 46 1.1219411159352073 165 255 170 135 171 148 172 187 173 191
2223 4.9796108337443261 -0.20188290873651241 4.1413534385082453 177 184 196 2.0008435426555327 161 323 162 275 163 211
1790 1.5280295774253108 -0.11638866538213799 3.1791411217796997 0 0 0 0.81614415201898061 149 283 150 287 151 304 150 334 152 307 153 307
2331 4.2428522334833021 -1.7610470450625724 3.6513638627237355 90 94 104 1.6111279961021758 163 5 165 30
1917 5.2506012577630718 1.5826543816240417 3.4847794980118447 184 191 203 1.6130531546581219 116 276 117 284 104 211 114 282 115 305 112 208 113 217 111 227 103 164 118 251 102 130 99 78 98 67
2458 0.047827402746097383 1.9019042182794095 -0.93854339421719557 174 180 191 1.9624895829353246 100 125 99 113 97 129 96 179 95 217 94 219 93 233 92 233 92 243 91 217
1349 3.4683185946946855 1.692644061018739 2.1505819369775061 78 79 84 1.0837879705189482 137 276 138 237 140 88 135 344 136 356 134 377 141 121
2201 5.290437554567081 -2.1531680131019413 6.4810533064757809 108 113 123 0.67568503402272206 159 109 161 130
1799 3.9837681282944208 0.26110305407422124 2.2505906120089998 184 191 203 1.4472274675453993 133 60 134 165 152 69
2340 4.0212378174109729 -1.3741737105973295 4.7841505003607372 99 101 106 0.73617143424407572 164 133 165 165 166 140 167 139 168 163
1911 -0.25545558596553108 2.3519065217809927 -0.70389521172563152 43 43 46 0.30245514738892898 105 123 106 87 104 102
2452 5.4156974990119346 -0.90956964752232206 4.1497594565907683 184 191 203 1.0252911280796297 168 136 169 169
1343 27.794586365047724 16.069964649320841 6.3760823101966704 143 148 157 0.97103383819142719 114 127 140 42 153 24
2291 5.4702528965547392 -2.527757733520239 6.6891845412338355 135 141 152 1.6937784542625582 161 265 162 217 163 206 162 248
1877 3.1370677188702323 0.77150210744212366 2.0206623725929314 33 34 36 1.3129530940497336 150 176 151 190 145 104 146 126 147 126 148 201 149 193 152 159 153 187
2418 -1.4354647580460602 2.191423357561332 -2.2141050755755445 3 3 3 0.35793618404589161 102 139 101 67 100 66 99 52 98 39 97 39 96 92 95 133 91 89
2161 3.9256266167449034 -1.3533779695217996 4.7419509258042538 56 57 60 0.79632943333688955 159 88 160 79 161 141 162 133 163 120
2290 5.4702528965547392 -2.527757733520239 6.6891845412338355 135 141 152 1.6937784542625582 161 264 162 218 163 205 162 247
1876 2.546350029957579 0.4069848960044643 2.5710362032318415 35 38 48 1.1936741876646491 151 327 152 322 153 322
2417 -0.33361756619452315 2.4849077268018998 -2.4792363625596989 108 112 119 1.1924003131669243 104 31 101 50 100 11
2701 -1.3062004372365759 2.1905887940494662 -2.1680737922916302 1 1 1 0.50202808279626565 92 213 90 179
1592 2.6975381013700996 0.92413617641847734 1.0384948819258941 150 156 166 0.057385323539627969 136 109 146 27
483 -0.57249751035011764 -0.86190462765136411 2.1446736033733651 21 22 24 0.39088150260441906 116 54 117 119 118 102 115 79 114 8 111 9
2160 6.5634502853977281 -2.0130395199960329 5.5562976821491228 0 0 0 0.62510016870830742 155 62 160 74 161 91 162 62 163 56 164 90
2262 7.5001931150288215 -4.0769810018080701 5.0554570914633334 7 7 8 1.3766797815655887 149 1 159 121 160 203 161 175 162 163 121 91 123 157 126 134 127 132 128 125 130 115 132 71 133 76 131 111 134 48 159 154 160 222 163 127 164 180 165 176
2389 5.7894277112590329 -1.1604164669475303 5.878468685060307 49 48 51 1.8610880741373108 165 163 166 119 167 96 168 94
2224 6.6718277764981844 -2.2243226184984906 5.5718752308460129 0 0 0 1.4838683332829279 155 50 159 78 161 119 150 83 160 134 159 108 162 56 160 70 163 95 164 124 166 92 169 93 170 66 171 80 172 99 173 99 174 104 175 112 176 84
1816 3.6858587306887935 -0.64196160963068416 2.8229696546978493 37 40 49 1.0588903035510229 150 126 151 150 152 124 153 151
2357 4.8007453350921043 -2.0860628876545815 6.9021046776569577 32 33 40 1.6808211770029133 165 15 166 25 168 10
2641 -0.5227590588921609 2.5498268738350349 -2.3170303865022754 184 191 203 0.78466564957742835 95 193 94 189 93 231 92 212 91 206 90 217
1532 0.60030895882186819 -0.51551977710423846 3.9561576160584697 43 51 49 1.275541233961287 142 274 144 286 143 282 141 277 145 280 146 281 147 300 150 344 148 320
423 -0.21050382182814051 -0.04008665305374301 3.0335170900967818 21 22 23 1.8873172640034026 121 17 126 118 108 39
2100 2.6693874725693214 -1.5834250469215643 5.6657774172069892 101 104 111 0.94445265147620838 157 185 158 178 160 290 161 273 162 236
1815 4.3548812641647503 -0.45414404299424727 2.4487714655168231 184 190 202 1.2835925204472503 150 151 151 148 152 123 153 136 153 177 154 159 155 219 156 175
2356 7.0219012030193184 -3.6486666929961742 4.2138408004755723 4 4 4 0.88276792831351936 164 2 165 4 166 0
2099 5.6124033912382645 -1.1473338754877762 3.922555011104778 69 73 83 1.0365247341372541 157 182 158 176 159 223 160 289 161 269 162 228 163 190 164 226 165 223 166 165
2736 4.9160894947828853 -2.7750904373126972 7.5607702279293187 19 20 26 2.7403054315018656 176 83 178 61
518 1.3477564708691636 1.6464739471239536 -0.45282227771758593 109 112 119 1.2374334426925291 116 187 114 211 115 146 105 109 104 126 103 64
2222 4.9796108337443261 -0.20188290873651241 4.1413534385082453 177 184 196 2.0008435426555327 161 322 162 274 163 210
1814 4.0015100079103618 -2.9960784333855823 3.262206371282053 35 35 38 0.49787160446681955 148 97 151 138 149 111 150 40
2355 5.1513768302503244 -0.72683347249663088 4.024523106657127 36 36 38 0.41580635742720379 163 105 164 116 159 91 160 83 161 99 165 132
2098 5.8079648004982865 -1.4735526878824032 4.011453425146942 37 40 50 0.92762348108746195 156 171 157 156 158 172 159 217 160 285 161 286 162 244 163 202 164 245 165 257
1810 3.449861928672973 -0.11160778177998723 2.944700885152248 48 49 53 0.64832282359053983 148 115 150 93 151 122 152 102 153 116 154 144 155 169 156 147
2351 4.9143897101236913 -0.2723381723863294 4.0253457862270023 177 184 195 1.8638638411538904 164 250 165 246 166 200 167 166
1809 3.3157069098568885 -0.20784245410584187 2.9105072528653646 36 37 39 1.7797289164850705 138 109 150 90 151 120
2350 5.5624428129164434 -1.2819956490132371 3.6678194614979778 39 42 53 0.92228695083346912 163 187 165 241 166 198
1808 6.8202492730539737 -1.9230464294075167 5.5574449973528175 91 93 101 0.87270981417826599 134 203 151 108 127 147 129 128 131 117 132 139 126 141 153 104 156 94 161 128
2349 3.8864359607417187 -1.3404349045244948 4.705800220160592 0 0 0 0.8161200550563753 164 170 165 230 166 176
1807 3.0827893276630363 0.76676408442711186 2.0364315249627487 3 3 3 0.41097968943599739 150 69 151 97
2348 6.0417377673351291 -1.0293938266930769 5.9661544148598127 128 133 143 2.053226113040957 164 247 165 225 166 166
1803 5.5913330313161946 -1.4485212079497045 4.5487415392083461 132 137 147 1.5592813384161441 148 105 151 76 154 49
2344 4.2185304139563664 -2.8627219413114808 7.5269321803447919 42 44 48 1.6617735349976321 165 185 166 132 167 131 166 162 168 130 169 136 170 119 172 180 173 181 175 185
1802 6.1856735644762706 -2.0703940100734828 5.0530806217912589 88 91 97 0.627591077893215 145 67 146 39 151 74 141 23 147 5
2343 4.9463748405418961 -2.8031414665362462 7.0070233075010764 154 160 171 1.1926846725417737 164 188 165 183 166 158 164 222 167 127 168 127 169 132 170 115 169 155 171 129
1798 4.8886862993499465 -4.115516496618862 7.6001594982386917 133 138 146 0.81821162983980744 145 19 151 1 152 2 159 75
2339 6.1521363020972979 -1.0170396239375661 5.869000383922601 38 41 52 1.1253975261843754 164 142 165 162 166 118 167 81 168 80 169 97
2254 6.8834162695056476 -2.2213055322282145 6.2247200354913073 80 84 95 1.7578354467923578 160 252 162 198 163 158 165 215 164 186 158 173 166 155 167 123 168 124 169 129 168 104 170 129
2253 6.7775766990186312 -2.2053520647434537 6.1247381883979859 80 84 95 1.3380829453939016 160 251 162 197 165 214 164 187 166 154 167 122 168 123 169 128 170 128
2252 5.0996110659207199 -0.38759028563714415 3.4723786858047609 184 191 203 0.50536091779884684 160 240 162 188
2251 5.0268774124570941 -0.42765728117858726 3.4496646355420091 184 191 203 1.0042294332409696 161 207 162 187 163 134 163 169 167 115
2250 8.3894159465572073 -2.8409660905902072 5.9891257487731524 184 191 203 2.0585070850663705 153 172 162 179 152 196 163 178
2249 5.0541551366348525 -0.26490798878022559 3.5350505818835343 184 191 203 0.63136917124277503 161 228 162 172 163 125
2248 4.9505012543106783 -3.2401152423982298 7.4648444332481771 32 35 44 1.4052493632917225 161 179 162 166 163 144 164 159 165 158 166 130
2247 5.3485731742546498 0.10135753020548414 3.3359073318834072 184 191 203 1.229051028460912 161 170 162 139
2246 6.4837814239841816 -2.0629826817529007 5.644933149204264 24 25 29 0.14197989234441394 160 182 162 124
2242 6.0454897026444918 0.7425006010873888 3.4297185441017519 142 147 156 2.6946599861882707 161 111 162 80
2240 5.0989010391933052 -0.22216748991794913 3.3896750672525702 184 191 203 0.052104003837891343 160 64 162 75
2239 5.0586676057310074 -0.38010958456508004 3.4607136662315208 184 191 203 0.15857720812075687 161 147 162 69
2238 3.1469409866828437 -1.9267291051000777 6.7785801474187624 73 77 88 1.1442171312180021 147 116 162 67 146 43
2236 4.7033947630588626 -0.063956414623242031 3.0460399799015159 141 146 156 1.1441665200596993 161 32 162 52 163 70 164 77
2235 5.0796964412456198 0.093280456201089448 3.1958690080341587 142 147 156 1.0265007738744072 161 59 162 49
2234 6.2002540750890311 0.81216441519818172 3.4848489549544412 150 155 165 2.762982427493621 161 58 162 45
2233 6.8788470324593058 -2.3016146320681585 5.9095229328116279 43 45 51 1.0022930792226339 160 44 161 37 162 24 163 30 164 55 165 51 166 33 167 34
2232 5.1054119534218518 -0.23098669524354806 3.435353352466632 125 129 137 0.14249290732162576 160 29 162 13
2230 6.4660099002614704 -2.1506309241009194 5.5268074883586422 43 44 48 0.47352707817111572 157 6 159 4 162 3 155 6 158 33
2228 5.0864398397961565 -0.3112014582014232 3.4922521423113797 158 164 174 1.2619981469343442 159 19 160 62 162 70 163 61 165 75
2226 6.2840186334859842 -1.62754746872689 4.4370066078601615 70 74 84 2.0983739859691242 159 144 161 181 162 123 163 98 164 108 165 107
2225 6.5691583116133057 -2.0852100826312143 5.7309505405095438 28 30 35 1.0474564882069779 158 105 161 127 159 123 162 125 160 183 163 113 164 126 165 141 166 104 167 80 168 92 169 108 170 100 171 114
2221 4.8904146737734884 -0.48410705397582454 3.9264171676971871 37 40 50 1.7399197855389732 160 347 161 321 162 273 165 245 166 189 167 178
2220 5.1214297011927057 -0.41777246720449479 3.7961036900973291 184 191 203 0.28851340653447077 160 346 161 319 162 272 163 229
2219 6.1435833060209353 -2.3068417673828709 6.4584824214338292 129 134 146 2.0881567173606639 156 218 157 214 158 202 159 214 161 290 160 314 160 283 163 200
2216 5.0881981443352515 -0.25330378574981705 3.4667008989205121 150 155 165 0.53421192512169546 160 292 161 275 162 235 163 195 164 235 165 229
2214 5.4890627381215458 -0.93916119953310573 3.9402079596757269 42 45 56 1.9303324450964421 159 177 160 257 161 242 162 201 163 164 164 193
2213 4.2480203860312233 -2.800229420149003 7.7351148669538201 19 20 24 1.7829125319366355 161 241 162 226 163 208
2212 4.9525434458094786 -2.9396484283290314 6.9259458698123533 14 15 19 1.6181667280840577 155 194 161 218 163 148 164 163 165 161 166 116 167 78 168 77 169 100 170 71 171 89 173 114 174 103 175 109
2211 5.5064593614066677 -2.8577402798133247 6.5498848501997617 184 191 203 0.99350422626602919 155 182 156 139 157 138 158 122 159 141 160 224 161 216 157 122 162 181 163 129 163 156
2751 6.4188143989773696 -1.4199634238298775 7.502724594282447 184 191 203 1.3419485834374381 176 160 177 150 179 110
1642 6.6410042703586978 -1.9064523430977947 4.8287439112278703 120 125 136 1.7128141544879281 130 87 135 67 136 82 144 14 147 41 148 101 149 147 154 1
533 -1.2808861470248003 -0.18887224127406976 0.56409342995599343 20 21 23 1.5031237398596438 115 425 126 346 114 398 112 287
2210 4.8883349086548655 -4.0598516060900058 6.6864418765084519 13 13 49 1.5623406206787047 159 164 160 237 161 214 162 178 164 181 165 178 166 127 167 100 168 99 169 115
2209 4.8228000247476315 -3.9666857752354874 6.5286186450676125 13 13 49 0.35759236242686149 159 163 160 236 161 213 162 177 163 140
2208 5.0908954868685656 -0.11525757544400889 3.4678467735292164 184 191 203 1.3999277764264728 160 216 161 209 162 190 165 170 164 173
2207 5.4991166822594053 -2.7659793016986569 6.6096709089131398 10 11 14 0.96482674580781469 160 226 161 199 162 168 163 147 164 162 165 159 166 115 167 94 168 102
2206 2.2756243936474467 -1.4141354843514087 5.4579886038862311 56 58 61 0.24170096376227518 160 198 161 191
2205 5.3358286907352914 -0.4849646506465326 3.7503327114263962 158 164 174 0.90432300815724909 160 85 161 145 162 103 163 82
2204 5.1662303221192412 -0.76597395566543103 4.065272985942423 16 17 19 1.4248550352462945 160 158 161 143 162 98 163 102 164 114 165 131 166 99 167 86
2202 4.0704834752208034 -1.5865981922546284 6.1593322139196802 29 31 40 0.037030207231950392 160 192 161 138
2198 5.1619162464827397 -0.16310520490893352 3.3862940371289496 184 191 203 0.3245346174602694 160 94 161 105
2738 4.6701402047915535 -3.1036367116780785 7.3564515457578699 31 34 43 0.55656499255738423 177 134 178 111 179 91
1629 3.5736073341261383 -1.8589623560087218 1.5332077820709495 65 66 70 0.97559083614052988 131 305 132 298 134 392 146 328 147 352
520 -0.39631658077674259 2.3017050783468456 -0.62797770675175468 50 51 54 0.26743201299670744 109 200 114 222 112 159 113 166 111 163 110 185
2197 5.0286940107174827 -0.25264301334237649 3.3863123062011056 150 155 165 0.1207380091959457 159 24 161 104
2196 3.9058740668272423 -1.340638830352642 4.5715730102341059 33 33 35 2.1231613524880206 160 80 161 98 162 102 163 122
2191 5.1007174710773207 -0.31567267959770595 3.4756245192947373 132 137 146 0.67824937159591547 160 60 161 50 162 40 163 60
2190 6.4765447201829947 -2.0761994742709526 5.3516972180608917 38 39 42 0.2378417498266053 157 10 161 39 158 12 159 44 162 26
2189 4.8132691336257576 -0.47716674738581033 3.4777293416396482 150 156 166 1.7745561234785392 159 15 160 23 161 15
2186 4.7388345372910292 -4.108627566130191 5.690451127906103 59 59 62 0.67207733349431642 158 245 160 328 161 304
2185 2.2251149396189089 -1.494996447719348 5.5665764579274306 9 11 12 0.66010455486298392 159 230 160 318 161 325
2183 6.2624897076680446 -2.3344128454651956 6.5901358235951024 121 126 137 2.0484735017993434 154 250 155 267 156 217 157 213 158 203 160 313 159 215 160 284 161 289 163 201
2181 5.0881981443352515 -0.25330378574981705 3.4667008989205121 149 155 165 0.53421192512169546 160 291 161 274 162 234 163 194 164 234 165 228
2180 6.3600291538297231 -1.719653687659811 4.5622342453693934 35 38 48 0.86105890554598352 157 178 158 171 160 282 161 261 162 216 163 182 164 215 165 238 166 181 167 173
2179 6.3600291538297231 -1.719653687659811 4.5622342453693934 35 38 48 0.86105890554598352 157 177 158 170 160 281 161 260 162 215 163 181 164 214 165 237 166 180 167 172
2178 6.6368139361631435 -2.8337006426361202 5.3706624773356939 184 191 203 1.3025424416284135 157 203 158 194 159 203 160 277 163 199 161 254 156 210
2177 5.0095444899259665 -0.6420821400878548 4.0145013071913489 82 83 89 1.0486206227376216 159 179 160 260 161 224 162 203 163 168 164 199 165 190 166 172 167 137 168 161
2174 4.9916272389739946 -5.3257942162631569 6.8873386651431314 28 28 30 1.8813662593074745 157 155 158 163 159 161 160 235
2173 2.9397542737271909 0.28327094841671208 5.2595547046902817 61 61 65 1.0424644125225908 159 152 160 221
2172 5.0546418346879873 -0.70280039548504447 3.9848494758273572 25 26 27 1.2594970442325959 159 148 160 215 161 190 162 170 163 133 164 145 165 164 166 121 167 111 168 143
2171 6.4769309600469693 -3.0137236271093086 6.9730814085791035 0 0 0 1.6748731921797941 122 179 160 205 121 180 126 136 161 178 164 156 161 196 165 154 166 110 167 101
2170 6.8934928271708813 0.74126380797103153 3.8139738419718441 184 191 203 2.1736640184167797 122 198 160 196
2169 4.7829355882065121 -4.8289951043795032 6.5773072679169911 1 1 1 0.86327447839822136 157 88 158 88 159 120 160 168 161 117
2167 6.8796099800166379 0.73438249200001748 3.8720109402484546 150 155 165 2.0727579145589834 122 110 160 95
2164 2.7599124512496487 -1.5915049872466807 5.3788516338460353 25 27 34 0.79477377651596093 159 12 160 86 161 102 162 109
2155 5.2030273539486087 -0.29794471353925323 3.6425432430129501 184 191 203 1.4930129905523273 159 60 160 59 162 38
2154 5.3040362946199417 -0.51019937398424231 3.8403083637951259 115 120 129 1.2122346637251775 159 13 160 55 162 36
2152 2.6044980727233376 -1.5173279446846275 5.4605442571222786 81 84 90 0.66290840563661568 157 22 160 21
2151 7.8874876983171429 -3.0721896788517453 5.6994444665417516 123 127 135 1.6598343404829818 135 21 156 92 152 84 160 7 161 158
2690 -1.3383346860316021 2.0941268263306148 -2.0313682028287534 95 97 102 1.0435215245885578 92 227 93 207 91 189 90 202
1581 3.1220257022818259 2.4277320350692175 1.2165595437549266 158 164 174 0.10978405235114311 144 293 145 306
472 -2.9519311309179779 0.51681745118021205 -1.0011524697776242 77 78 83 2.1349034504022573 117 432 116 431 115 481
2149 6.6543477208593815 -2.0035198635333438 5.4412926829795687 54 56 61 1.61778784435835 148 18 149 19 151 17 152 10 150 19 153 7 153 51 157 44 151 23 154 47 155 61 158 38 159 45 150 17 153 5 154 5 151 21 160 10 156 8 161 11 162 27 164 32
2148 4.830500729500546 -4.2324908380287551 5.82807363196489 61 61 64 1.2761952731894237 156 236 157 228 158 244 159 259 160 327 161 303
2147 3.8933673526807002 -0.5946825106600967 2.8720311128990681 184 191 203 1.4891358631310228 158 216 159 254 161 247
2146 3.8933673526807002 -0.5946825106600967 2.8720311128990681 184 191 203 1.4891358631310228 158 215 159 253 161 246
2145 6.6658084082581341 -2.5243751882466743 5.1863175455640391 128 133 141 2.0276213333121209 148 276 159 206 161 256 167 120
2144 5.0413311467449224 -0.62429417991476632 4.0396827423436372 81 83 88 0.76255581922622029 158 180 159 180 160 261 161 225 162 204
2143 3.3934401948544535 -0.24152447191579965 2.9360935738249876 0 0 0 0.61309531518231553 157 149 158 157
2142 1.4269595881743298 -0.89402932176576111 7.5771201246774842 8 9 11 1.1206288197347911 151 264 159 168
2141 4.0309323972089359 -1.293152714595865 4.6548161267473187 0 0 0 1.2415873768634482 157 97 158 113 159 147 160 212 161 223 162 186
2140 2.2439114381774896 -1.2820722929038133 4.007203781393903 39 41 48 1.4781746308581387 158 100 159 135
2139 4.4968979636260782 -1.7130788605978973 6.5728359631090978 112 117 127 1.4035382383556934 155 125 159 129 160 189
2679 -2.3940347506345931 1.1048521360695525 -1.8176282602659966 0 0 0 0.27543381382309828 92 135 93 128
1570 2.5960697329642772 0.9869266705585843 0.95788962135109101 131 136 145 1.1935708662394116 144 266 145 251 146 280 147 342
461 -2.427707725705766 1.3839578877824612 0.39673069375841841 2 7 23 1.3954425663263652 109 317 116 321 112 274 108 287
2138 4.7144060939333032 -2.0679315966366016 6.6122172835331359 28 31 39 0.64028335847812612 155 161 159 128 160 187 161 161 162 128 163 99 164 110
2136 -2.3537092407702329 -0.23798892074589525 23.113563697783519 38 40 47 0.30848462592864456 153 95 159 102
2676 0.17955482790330868 2.5619692933273082 -0.71481676157403651 26 28 36 1.0213217554912943 93 235 94 202 92 236
1567 1.4196244776014799 -1.1512519946686124 4.1675945216605195 12 13 14 1.6545265191914529 143 242 144 236 145 246 146 242 147 293 148 375
458 -2.4088951643554357 1.0558220496664816 0.1156767444446405 20 21 26 0.46234100597795152 117 288 116 281 115 309 114 286 112 213 113 224 111 260
2135 3.139046334984505 -1.3505768212324796 5.5106963791836705 37 37 39 0.24834782776201175 158 53 159 93
2130 6.6519932957891195 -2.1117082220912966 5.4819251728174585 39 40 43 0.50015897807352683 157 9 158 11 159 43 156 5 160 45 161 38 162 25 163 51 164 56 165 54 166 34 167 47 168 47
2129 4.7246666278749192 -3.6063188432329403 6.9342125866730875 123 127 135 1.4666712861369797 150 8 159 39
2128 3.6990356033668181 -0.8211249321565669 2.9634152949168788 150 156 166 0.019208652388224789 157 52 159 28
2126 0.0051037847570789413 2.8566992021749895 -1.3230112209140388 38 41 51 0.82391042443935214 103 299 102 282 101 179 100 160 99 153 98 146 97 145
2125 -1.3157410348303309 2.1898782267367838 -1.9153056038719711 30 31 33 1.3899324680486891 103 285 102 273 101 180 100 164 99 154
2123 -1.7621093452269607 2.8551082094351115 -3.6244744718797595 143 149 160 1.3039900680243153 103 244 102 215 101 119 99 75 98 62 97 61
2122 -1.2579320842063191 2.203832658406633 -2.1743344606320463 3 3 3 0.91615668875172906 103 239 102 211 101 120 100 104 99 91 98 79
2121 -0.74421418061242106 2.3088479052249431 -2.0138234288606802 184 191 203 2.3965355442184535 103 238 104 310 102 210
2120 -0.23502937554229075 2.336233746501744 -2.5311239791795392 158 164 175 1.1626508934794491 103 235 102 207 98 77
2119 -0.23502937554229075 2.336233746501744 -2.5311239791795392 158 164 175 1.1626508934794491 103 234 102 206 98 78
2118 0.54658794308505154 1.9797713572691868 -1.1375024185354043 184 191 203 1.9146816324447984 102 155 101 96 103 163 102 126 99 62 98 64 97 62 96 132 95 162 94 155 93 183 92 166
2117 -0.32621651815666752 2.205065526532707 -0.74046396680042514 54 55 58 0.35476784921090943 103 175 102 140 101 89 99 71
2116 0.3156438115378617 2.0241504504610766 -1.0519919753165421 128 133 144 0.90030427396472257 104 184 102 132 99 64 98 52 97 65 96 125 95 165 94 158 93 161 92 168 92 195 90 185
2115 -0.19208842734333204 2.4537850017725442 -0.69863854713377083 26 27 31 0.3469882547612515 103 128 102 109 101 72 100 70 99 54 98 46
2114 1.2751975411775827 2.0187257714695921 -0.67268134037082161 132 137 146 0.80482840073465833 103 125 104 180 102 106
2112 -0.088353888299157524 1.9495161705967221 -0.95383892194357234 122 127 137 2.1489692093807182 103 47 102 45 100 17
2109 5.2410491556061647 -1.5253717486300948 8.4528768175146052 114 119 127 1.6729691515196179 156 197 157 183 158 206 159 226
2648 -0.27289493662708803 2.7095826582472391 -2.198076408485568 184 191 203 0.86850043562233736 94 42 93 98 92 115 91 91 90 75
430 1.1325100532758479 -1.821385199441675 1.4622238232757772 55 56 60 1.5549010406332948 123 249 124 252 125 210 126 204 122 254 127 184
2107 2.4590217288915013 -0.43698916065649063 3.6856648033536534 0 0 0 0.089238518609419462 157 275 158 266
2106 3.3468389772009166 -0.37045419468854357 3.0137162760238594 87 88 93 0.69460137203076078 157 247 158 264 159 279
2105 3.3468389772009166 -0.37045419468854357 3.0137162760238594 87 88 93 0.69460137203076078 157 246 158 263 159 278
2104 4.8952694457734083 -3.9767298075372963 6.8746110300177463 0 0 0 0.67630934142226407 155 292 156 241 157 256 158 251 159 265 160 335
2103 5.5002989724941118 -2.465990171875923 6.754828174064877 114 119 130 0.70766219562488664 153 268 156 216 157 212 158 232 159 247 160 312 161 292
2102 3.3890759690870174 -0.068855482882080654 2.9509057169678252 0 0 0 0.30387982319809548 157 222 158 219
1771 2.1286944993037942 -1.2189398732474739 4.2245713729779899 26 28 36 0.43271444185679137 148 192 149 184 150 164
1770 3.8667877197344183 0.40400899145019464 2.256070125524861 82 86 93 0.99696990183475909 148 29 149 159 150 98 151 125 152 36
1769 3.3317508820020252 -0.11110954729996048 3.0192122700735484 38 38 41 0.77175613259908515 134 117 149 32 150 96 151 51 152 103 153 117 154 114 155 171
1768 4.063386253383114 -1.3251098162657582 4.7673740336202695 18 18 19 0.20258920348753454 147 45 148 109 150 88 151 114 152 95 153 135
1766 0.62000692269993329 -0.5333157087451813 4.2520339191037166 77 78 83 0.20703765269477947 149 96 150 79
1764 3.1407501269605764 0.80342034052378597 1.9957817766341903 17 17 18 0.67781378643633816 149 43 150 68 151 96
1763 -0.89714769472892275 -0.080753467058963607 9.3914446439606305 57 58 62 0.15541349377987196 148 47 150 36
1762 3.6807195466594664 0.84817676672260867 1.8122802979647437 128 133 141 0.75967100597495829 147 20 150 32
1761 3.5336497358623622 0.67073796971678534 1.7627425662842029 125 129 137 0.67697511584109948 133 35 150 31 151 62 152 56
1760 0.30919619885550936 0.19403081705911696 0.081262903425378827 0 0 0 2.1324951585680223 134 29 136 32
1757 3.1130047049957579 0.89650406274690864 2.0572564861299445 41 41 44 1.8033336280084629 105 73 142 196 149 227 116 33 137 173 138 177 139 209 145 150 106 23 141 195 108 36 111 41 110 18 142 197 143 181 146 153 147 157 148 203 150 223 104 71 103 43
1756 1.9364562346434018 -0.070379506417050652 3.324487436654604 1 1 2 1.0959056050994682 147 295 149 370 150 356 151 335
1755 1.9364562346434018 -0.070379506417050652 3.324487436654604 1 1 2 1.0959056050994682 147 294 149 369 150 355 151 334
1754 1.1117733160235701 -0.22430266441303012 3.4767238946834271 29 32 40 1.8081736210742023 148 319 149 353 150 343 151 310 152 312
1753 2.3471338317727128 -1.5389299092165283 4.6694309566801486 15 16 20 0.57302461357383172 147 290 148 309 149 341 150 327 151 319 152 304
1752 4.5607121767998198 -3.4451181694404784 7.4954023818031486 170 176 187 1.0644363868700393 144 352 145 326 146 303 147 325 148 335 149 330 150 313 152 301 153 289 154 270 155 293 156 242 157 232 158 224 159 240 160 305 161 310 162 260
1751 5.0039138314572735 -2.3707760093567143 2.9790494307561159 0 0 0 0.91052966573029126 133 365 145 323 146 299
1750 2.6349352555313472 1.4432219454318653 1.3313755726169192 149 155 165 0.3504938450476684 146 255 149 314
1749 1.6250534907647984 -0.0051797066881025811 3.1389961386702834 31 33 42 1.0167336406317771 148 285 149 307 150 288 151 267 152 292
1748 3.0907309266362737 1.0085762239325895 2.05038212943415 68 69 74 0.46365620467992852 148 286 149 284
1747 4.1150152221150353 -2.9465399367538683 3.2094036029874089 71 72 76 0.78689294881515581 146 208 148 272 149 265
1746 4.41546263219068 0.38024949082819037 2.5876336836618345 0 0 0 2.3268221803591524 139 303 148 256 141 275 142 258
1745 4.5932826958612019 -2.3296268452921587 2.3808189874404913 1 1 1 0.61963655062815592 147 188 148 242 149 236 150 209 151 193 152 192
1744 0.40983417770276898 -0.39850636362121872 3.6561315533219987 73 74 79 0.0017578131423429189 148 205 149 232
1743 1.4997228964749565 -0.2946691025688486 3.1624608979415698 1 1 1 0.92961742421749394 148 200 149 192 150 201 153 189
1742 3.288434688373516 0.71793905147705583 1.9156420364325948 46 48 55 0.76997812881148975 148 196 149 190 150 174 151 188
1741 3.5672036144797801 0.43240964225021161 2.0064651546543919 158 164 175 1.2678354674027137 148 170 149 189
1739 2.8043225907602238 1.2043606347359921 0.95563021190547492 132 137 146 0.66116420060489456 148 135 149 134
1738 4.0405127991644747 2.4392760610958137 1.8488171646053364 158 164 174 0.81635786011289357 137 60 149 133
1737 3.7478090932121075 0.93002411459653866 1.7929898625544207 150 155 165 1.3002774819279292 143 20 148 172 149 125
1736 2.769130797326707 1.1547241978947373 0.99265410222529349 104 108 115 0.83336556847290066 148 134 149 103
1735 0.65029535764935453 -0.52441743490790105 3.8616304745851857 76 77 82 0.45508307609869969 148 44 149 97
1734 0.66982530673188545 -0.44800681350678306 2.7072498830428779 0 0 0 0.55935371668295308 146 50 147 66
1733 3.292912159964362 1.0573223468174147 1.3216396220882349 141 146 156 0.18736090658701565 135 99 149 89
1732 3.5575891877187544 1.0565613645011542 1.4928817623060271 150 156 166 0.613615081881281 134 38 149 84
1731 3.5261946392679562 0.70250858133901495 1.7378159711087904 132 137 146 0.68107342664973403 135 39 149 73
1730 3.3292123472160986 0.4716051975542116 1.8480087635759503 32 35 44 0.74831804190660078 148 32 149 71 150 102
1729 3.9836241029712998 0.28266376757391126 2.2622802562889626 153 159 169 0.72197359513041315 135 36 149 67 152 18
1728 1.540781866717597 -0.27271125900411208 3.1659232629931862 38 38 41 1.4583746091810674 146 23 149 42 151 34
1727 3.6256600314229543 0.95658026221541947 1.6034241826421876 150 156 166 0.12008391177092281 135 45 149 40
1726 4.0170069066326732 0.26250699228357177 2.4019652896278272 134 139 149 0.40297386166790083 134 63 135 37 149 31
1725 9.1191940054101632 1.5381367432138442 4.8143864002866614 86 90 98 2.6003862890470053 139 24 149 30
1724 4.2725718766840508 0.30984786911354723 2.4112005273524852 154 160 170 0.54107754460375435 148 28 149 29 150 48 152 33
1723 7.9742402240548103 -2.0481846960603121 6.5559048883723632 56 60 70 1.4618566662409991 131 23 132 25 149 23 124 32 126 27 127 62 129 30 130 58 150 23 152 13 155 11
1721 2.9307215228750008 -0.030865241506560517 1.037264211103557 184 191 203 0.98621674595370434 147 373 148 388
1720 3.0939160227267313 -0.0049975611549653159 0.91321838278074408 0 0 0 1.2506619333955697 135 385 136 377 148 374 149 379
1719 1.2548518083695921 -0.15373327410053031 3.4511302535924249 9 10 13 0.48262826275271403 147 340 148 356 151 307 152 309
1718 1.1130632669860745 -0.39573294586572305 3.4600856810954239 47 49 56 1.2121544500328212 146 276 148 353 149 349 150 336
1717 1.3370650509254214 -0.32907640638710023 3.6904296230384181 19 20 26 1.0568920304590315 148 351 149 348
1716 0.96329191401765313 -0.63969376989728388 3.5466130205341209 79 80 85 0.83198365816944386 147 334 148 350 149 347 152 323
1715 0.96345929494874383 -0.63653173729281121 3.540073429773634 79 80 85 0.37232795280576864 147 333 148 349 149 346
1714 4.2331587940292454 -4.8307404862254879 6.7613710645042433 1 1 1 2.0136339819296096 144 345 145 321 146 297 148 328 149 323 150 306 151 312 152 298 154 266 155 289 156 237 158 247 160 325 157 227 161 302
1713 1.3717868022586186 -0.27029985554636604 3.4141939007959934 49 51 59 0.6951946539743975 147 268 148 313 150 333
1712 0.61829907342194101 -0.50173673881762049 3.921408529160797 21 28 28 1.4990172480043058 145 229 148 288 149 285 151 244
1711 3.7901380617668683 0.77889147571178352 1.7391726655912338 0 0 0 0.23789749373218444 144 263 146 244
1710 4.0425255717648909 0.1069244721980671 3.1186818018224027 59 63 72 0.94130903294378054 147 204 148 255 149 247 150 214 151 226
1709 7.9046605621811352 -4.4976350106278229 5.1622147323488186 25 25 26 1.8716577504608523 133 236 134 273 135 306 136 299 137 288 138 292 139 262 140 225 141 245 142 224 143 232 146 210 147 228 148 243 144 224 144 256 149 237
1708 3.402029647073928 -2.7996133326392409 2.9648547262718599 66 67 71 0.23241350368395422 145 204 146 206 147 186 148 239 149 263
1707 1.0187500178953444 -0.44959561974631057 3.5063933686341402 0 0 0 0.85840016027439658 148 232 149 258 150 228 149 229 151 210 152 222 153 249
1706 0.0098678379620203011 -0.37825169015554028 6.1527672719877566 72 74 78 0.53785040063892309 142 205 151 192
1705 0.94239370192803606 -0.39270080813080488 3.6015825828903085 0 0 0 1.123797790683569 147 128 148 204 149 196 150 204 151 191 152 189
1704 5.7038327433274985 -1.4294422665684066 7.8100611875381354 84 87 92 0.26776756916897837 143 206 144 198 145 175 148 193 149 183 150 162 151 153 152 126
1703 0.58923381378950046 -0.50040314957889964 3.9305500108142728 42 56 48 0.74741477936585388 147 67 148 182 149 131 150 135 151 168
1702 0.58865695952125374 -0.5532124058502067 4.9558374101383897 62 63 67 0.51668142784946802 141 109 148 181
1701 2.9714404827614795 0.35903800937944252 5.3245932917632013 39 38 40 1.718486977607705 146 93 147 156 148 177 104 99 103 102 156 153 157 153
1699 6.1029593811781471 -3.0664703996669891 7.1711442921931399 127 133 144 1.2882411169209629 118 104 132 74 133 47 135 124 136 79 138 154 139 137 140 115 141 138 142 131 144 160 145 136 146 114 147 110 148 154 119 106 120 107 121 143 123 122 127 141 128 85 131 82 141 175 126 91 143 164 122 78 122 137 126 137 149 146 143 126 150 121 151 106 152 85 129 118
1698 6.0541220624302152 -2.6514325061472404 6.2955676227677602 118 123 133 1.4119162492263746 105 55 118 105 144 123 145 94 146 113 148 153 123 163 146 67 149 113 149 145 153 101 104 83 108 48 116 56
1697 4.7327347943860811 -3.8756884069810993 7.3278738963963068 132 137 146 1.4881213669726374 105 206 148 148 151 141 152 119 153 130 154 129 155 178 157 119
1696 3.4500722730075051 -0.11420327372947559 2.9394547918664484 45 47 52 1.4427653478044342 135 74 138 26 148 114 134 113 151 121 152 101 155 168 156 146
1695 3.4274840812645921 -0.2166804358284786 2.9388032256232508 64 65 69 1.3513858686571707 134 105 148 112 132 84 133 84 150 128 151 119 152 99 154 143 159 172
1694 -2.4431123886039678 -0.67151866298403129 28.815836908242613 77 78 83 0.94544381287907953 142 50 148 88
1693 2.547126210540045 0.70271676044328601 1.1162811970413051 146 152 162 0.082599550773067854 134 75 148 82
1692 3.6479524204162774 1.0914645301034034 1.6433778966964088 184 191 203 0.21156003515613248 147 55 148 71
1691 3.5329266972091404 0.7680140359080444 1.7706270666809241 135 140 149 0.092844581335950804 136 173 148 68
1690 3.5434922348065121 0.66430986907708045 1.7674688401797976 141 146 155 0.77567176273859173 147 49 148 67 149 123
1689 2.7671011713306006 1.1487369505082785 1.0034913560350249 130 135 144 1.2141412333970252 137 114 148 46 136 118
1687 6.7802375943568265 -2.1895215181144567 5.8894165324180685 66 68 74 0.29483522420516362 137 9 146 6 148 15 149 21 151 44
1686 3.6696507531306612 -3.0126843815148008 3.3922451083363181 70 71 75 1.2144385801650155 117 73 147 251 145 235 148 271 149 295
1684 0.48525442131171237 -0.097387966241701318 3.4020103223365914 30 33 41 2.0685418065793431 105 330 106 316 107 299 143 389 144 396 147 384 145 371 146 364
1683 3.0802572041719083 0.94032262497010577 2.0979073816128535 11 11 12 1.6709450877613796 119 166 137 273 147 216 144 208 143 215 145 191 146 155 148 231 149 228 150 203 151 209 152 219 153 208 102 80 103 65 101 48 100 48
1682 1.0496576967534748 -0.48668740142074274 3.5115285569151422 0 0 0 0.54092778079905879 145 301 146 313 142 273 144 323 143 319 147 335 149 371 148 352 150 358 151 336 152 324 104 242 105 244
573 -1.3755340850907951 2.257950931806143 -2.3136618979481023 0 0 0 1.253983568298932 109 348 112 344 111 340 110 309 108 346 107 364 106 345 105 340 104 315 103 213 102 176
1681 3.3901070019278281 0.55054500351387348 1.9628321212982436 20 22 28 1.2040869613452188 145 365 146 354 137 486 138 472 139 439 140 414 141 392 142 351 144 394 143 368 147 378
1678 2.8884910636077064 0.19219081051745537 0.74550860007176367 184 191 203 1.366356899739577 135 464 136 492 147 377
1677 2.8124190372259816 -3.1983914919734358 3.7521741970640283 61 61 64 0.53833740088471749 139 346 140 337 147 368 134 304 135 331 136 367 137 354 138 349 148 381
1675 3.749138359589169 0.45298152873192687 2.2770170946518595 36 39 49 1.6222648517140286 145 299 147 331 148 347 149 368 150 371 151 321
1674 4.6945359650066019 -0.7949818470258474 2.9775584910184851 184 191 203 1.7899065673925838 133 378 147 330 148 373 149 366
565 -1.4719852906840123 2.2396624324906571 -2.2066850526224053 0 0 0 1.156905586951376 109 284 112 277 113 341 111 295 110 281 108 282 107 308 106 293 105 284 104 252 103 192 102 161 101 101
1673 0.26584543266611799 -0.37951745292861272 4.2427068400049679 25 35 38 1.3581301238132075 140 293 138 311 139 307 148 360
1672 1.7090388905775222 0.1237118618960386 3.1521064542644237 45 48 60 1.4799921971943018 146 250 147 298 148 316 150 339 151 305 152 308 153 308
1671 7.5038410950568553 -4.1836243488920193 4.4864202851438657 2 2 2 1.0384197131437591 135 329 137 355 147 278 148 299 149 297 150 239 151 218 152 228 153 216 154 205 155 227 155 254 156 184 157 154
1670 4.0470902053379154 -1.3759173524720141 5.7286818221060614 184 191 203 1.0935304416931968 145 297 146 269 147 266 148 281 149 277 150 191
1669 2.911643354341682 -0.033810673026610463 0.71637284972344728 97 98 103 2.0856000821436589 135 338 146 216 147 262 148 308 149 340
1668 4.4922175386165497 -5.2504690705683936 6.5251811090043761 4 4 4 0.66631269971277063 140 283 141 286 142 269 143 271 144 270 145 236 146 209 147 252 148 273 149 267 150 237 151 216 152 193 153 191 154 185 155 216 156 170
1666 3.0397524426497684 -3.1334216284316465 3.6906753788275908 11 11 11 0.8838939070790498 143 249 145 258 146 207 147 249 148 269 149 294 150 259
1665 2.2271975615367241 0.44252126916582823 0.33267790666045788 53 57 65 0.42569182365120273 146 189 147 239
1664 1.1507156117151074 -0.96947514521636169 3.8498730681247908 12 13 14 1.3114540083346402 146 219 147 235 148 257
1662 4.3092640566510205 -2.2574200535666149 2.2400236880427689 67 68 72 1.4895311126809683 139 228 147 227 138 257 149 296 150 262
1661 3.4113908052129731 -2.9291753153176843 3.104474273563016 65 66 70 1.1922715175828069 144 222 145 203 146 176 147 225 148 268 149 293
1660 0.72323207288074709 -0.56204234445939438 3.9959562604502827 50 53 59 0.29876566231776258 146 197 147 218 148 234 149 261
1659 3.3199355718146979 0.40137787611253006 1.8586200060339317 29 31 40 0.17430641271989467 145 183 147 208
1658 3.8296748552953144 -2.0654092131254864 1.6442379055119474 76 78 82 0.23269771729453195 146 173 147 183
1657 0.16695433822388267 -0.49872492081836339 7.5117646943478258 68 69 74 0.0025961267516658223 142 221 147 167
1656 0.52858201466237031 -0.45198560605365401 3.9157241772284155 69 70 74 0.39573348093457361 144 212 147 165
1655 3.1565608785730883 0.73788818756970564 1.9990535151341811 0 0 0 0.82460099013316013 146 149 147 150 149 220 150 199
1654 3.8333408689240915 -0.019532156808952428 3.0480152151860769 32 34 44 0.72558693918106043 146 121 147 149 148 194
1653 2.7447677323756103 1.6094896179071267 1.2821269044387509 123 128 136 0.99922795635801587 137 118 147 136
1652 -0.15882873397029837 -0.3184140127216798 7.3008226610999207 62 63 67 0.34769200456786309 142 121 147 135
1651 2.251532227670531 1.0846119652398796 0.69199569043331621 0 0 0 0.97568310444938733 142 158 145 117 146 132
1650 2.762684438078749 1.0542434248695522 0.95600633540996705 150 155 165 0.23538964716844937 146 130 147 130
541 -3.183478389069291 1.551865156969775 -0.32412415706204828 184 191 203 1.8830584619170747 115 496 121 414 114 453
1649 3.293575371445725 -0.16920846490746957 2.8185757496201846 29 30 34 2.2161604510698401 130 185 146 77 129 142 149 158
1648 6.7841875725862977 -1.8441831199277623 5.6134847964024202 38 40 48 1.1967235077511715 138 158 139 82 140 117 142 133 144 163 145 139 146 40 147 81 135 194 148 104 149 60 150 85 153 75 154 103 156 69 157 12 158 39
539 1.1273670147308348 1.387760841075274 -0.81667522383211455 184 191 203 1.6812457016855489 115 393 116 419 114 364 112 237 113 285 111 251 110 267 108 272 107 261 105 271 106 282 104 239 102 119 101 94 100 87 99 87 98 116 97 126 96 187 95 215
1647 6.7589193720462042 -2.6146395860115166 6.868223409771451 95 99 110 1.5331009957290902 117 124 147 78 118 57 114 75 151 107 133 129 134 201 135 239 141 176
1646 6.8859282216436091 -3.9160056571868798 4.4372896120340419 25 25 26 0.4284638217763726 141 19 142 79 147 74
537 -3.1922884235368763 1.5538264045533707 -0.30252284902937859 184 191 203 1.7558247829537998 115 495 114 452 112 356
1644 4.4706975865225544 1.461961384651056 1.7163633040695616 184 191 203 0.13388514673956986 137 100 147 53
1643 3.6001567718206413 0.60414952090834351 1.801167916382729 175 182 193 0.68960651611987134 141 35 147 48 103 13
534 -1.8576441809263484 -0.44898185382165212 0.15905794499812337 3 3 4 0.55457223904509279 115 462 114 421 112 332 113 342 111 345 110 355
1640 0.65858513492428317 -0.60399516430104505 5.1988800723811961 59 60 63 0.033823075231514559 142 22 147 29
531 -0.13374725509682231 2.246783108504852 -0.75083713188126466 34 36 43 1.2645184064560973 114 374 112 250 109 239 113 287 111 262 110 246 107 303 106 290 105 278 104 275 103 240 102 216
392 1.5548201597469213 -0.39527196708741952 3.1828040852630095 82 83 89 0.1126159524305099 109 185 118 197 117 239 116 176
2749 3.7685283174396851 -3.7016100449381231 6.6057861248812317 43 45 48 1.3146505714547303 178 120 179 102 177 145
1639 4.5115654847343478 -0.34079816716163713 2.5089794515318147 130 135 146 0.52361156461518588 146 13 147 12 148 66
1638 6.6975685887344056 -2.085669634288942 5.7660101483169397 18 19 22 0.45543386332158442 135 25 145 70 147 7 148 20 149 58 153 55
529 1.8422474155366935 -0.86757122759117133 -1.0460137579987816 181 188 199 0.8534161590119258 109 292 112 282 113 296 111 272 110 287 108 290 107 311 106 298 105 287 104 258 103 199 102 185 101 113
1634 6.498854383532457 -1.7290920222077337 5.5055828804285269 35 38 48 0.98535643545128171 135 337 136 343 137 323 139 268 141 273 142 255 143 275 144 274 145 268 146 236 147 261 140 288 148 279 149 274 150 274 151 258 152 241 153 225 153 269 155 271 156 221 157 242 158 233 159 248 160 315 161 295 162 249 163 207 164 263
525 -0.15408266604897905 2.2922212110043318 -0.66075354489862903 50 51 54 0.70832112515497081 114 320 112 217 113 232 111 234 110 247 107 271 106 263 105 250 104 215 103 173
1633 1.1775024627141264 -0.10607150620413425 0.83708851039755983 141 146 155 1.8483423401082768 145 73 146 44
524 -2.3989783771692599 0.63986373573271005 -0.082865803292203416 35 38 44 0.10384728553224494 117 279 114 278 112 206
1631 3.059921050699232 1.7656210963383485 1.9150826629801156 184 191 203 2.3462642204367228 146 362 148 398 149 391 136 479
522 -1.7886241614479936 0.065936898871386776 0.56565514805833916 31 37 54 0.33794398916491158 126 259 114 240 127 243
1626 4.9577647550436605 -0.82583984422236389 3.1063712766809468 184 191 203 1.9133613952416286 135 384 137 405 138 398 139 361 140 314 146 309 136 375 147 329 148 372 149 365
517 0.98348896567723554 1.4367726510915055 -0.79745762722422986 131 134 142 1.0785716632436686 114 207 111 151 109 189 110 166 108 193 107 199 106 191 105 180 102 75 103 86 101 44
1625 3.0137891835720447 -0.14085399432540349 0.7671180431039627 184 191 203 0.70183953947019206 135 438 136 452 146 307 147 372
516 2.3247588177975445 0.78948022472823409 1.328377430180097 66 67 72 0.77127682029117794 109 188 115 205 116 240 114 206 112 134 111 150 107 202 106 195 105 186
1624 4.9224657278275021 -2.0371387943663666 2.6494863077198723 184 191 203 0.77920822074543072 143 346 144 351 146 300 147 357
515 -2.3047217449526149 0.25672324597357882 -0.163167444086039 86 88 93 0.12097432979860041 116 119 114 144 112 88 111 100
1623 2.7470644302278933 1.9630359443818881 1.4324876007425995 158 164 174 2.0548019518951017 137 454 138 409 146 289 147 346
514 -3.4498355815168438 1.81797098991401 -0.46403711168848538 64 70 70 0.034057097571167642 115 74 114 135
1622 1.0222451517490494 -0.32186826585420414 3.5394704906817607 3 3 3 0.81647825574578425 145 278 146 251 147 270 148 318 149 310 151 309 152 311 104 181
513 -0.031408837434618322 0.036071044374722271 2.7694400405822606 40 41 46 1.192831778832151 119 26 114 31 112 65 109 98
1621 0.99073538225277924 -0.40319794374467111 3.5619289939833143 78 79 84 1.4976621937280448 145 274 146 248 148 314 150 289 151 306 152 294 104 209
512 -2.785496609025488 0.67304850405663807 -0.55311132862157419 44 47 57 0.64286959154095757 121 15 114 26 113 8 111 33
1619 2.378220428849001 -3.2954302732428946 3.975342562642894 66 68 72 0.3442360155762299 144 254 146 229 147 276
1618 2.5573775984188276 1.35560161472257 1.2181799191866554 184 191 203 0.4521420600828755 145 281 146 225
509 0.90605343184569909 1.8770647001732237 -0.72799547743851012 184 191 203 0.17768695325557265 116 149 115 106
1617 2.8423580379085052 0.28285454508957586 0.90691298337106652 90 91 96 0.29349777814157141 144 231 145 213 146 218 147 234 148 282 149 280 150 281
508 0.18484851985936607 2.0116925501249696 -0.55307053689418639 26 28 36 1.1809802243182463 112 342 113 355 111 352 109 386 110 362 108 383 107 403 106 406 105 395 104 371
1616 0.34467946046774317 -0.33539809067282278 3.5847619198445329 63 64 68 0.01184020799900266 145 196 146 165
507 -2.9061458342518081 1.1030842542978614 -0.50540937323183699 3 9 27 0.27258633652134245 116 461 115 490 114 449 112 353 113 375 111 370
1615 0.97310156908637457 -0.46212952127159501 3.5829215912529988 31 31 33 0.13427333986937176 145 192 146 156 147 160
506 -2.9085656095573862 0.66862918225360568 -0.74605185930576412 3 11 30 0.23508800937861304 116 452 115 483 114 444 112 348 113 370 111 363
1614 3.1970093715017236 0.82043567176785603 2.027620060510325 54 55 58 1.3771494086567642 143 178 146 128 152 160 153 188
505 -2.9085656095573862 0.66862918225360568 -0.74605185930576412 3 11 30 0.23508800937861304 116 451 115 482 114 443 112 347 113 369 111 362
1612 4.4666235581921319 -4.229659838037497 7.3681366680972085 81 84 90 0.68646816458304849 130 117 143 158 146 109 147 107 151 101 155 113 158 103 159 122 160 175
503 2.5327641779348022 1.8761648444737367 -0.11005688285586292 175 182 194 1.9125541244316071 116 422 117 443 115 443
1611 0.25318834608210067 -0.30468331146800398 3.5436432322535296 42 62 50 0.206422211541956 145 83 146 102
502 -2.9131474115158009 0.7957868231586982 -0.71160225352448614 3 10 29 1.4645329084403276 117 438 115 439 114 409
363 4.6031820219045168 -4.9692518250642399 6.7438093690878418 128 133 141 1.3932714508631912 109 324 119 335 120 264 121 305 122 290 123 336 124 339 118 342 125 288 117 385 126 296 116 367 115 417 112 308 114 393 113 300 111 322 110 332 108 354 127 282 107 370 108 326 105 350 106 330 107 343 106 353 128 273 129 290 130 299 130 342 133 320 134 345 135 374 136 416 138 428 139 388 140 380 141 359 142 323 144 344 143 340 145 320 146 335 147 356 132 307 134 398 135 411 148 368 149 361 150 348 151 311 152 297 153 284 154 265 155 288 156 261 157 252 158 243 159 258
2720 -0.16181551267898525 0.85509292098192702 -3.2001904907656096 143 148 157 1.9002037048292506 111 358 110 353 108 371 105 372 104 340 100 136 98 132 99 100 102 228
1610 -0.50228925737407504 -0.54837221515392442 13.594365417978965 55 56 60 0.34647497784241599 143 47 146 100
501 -0.25543533728010753 2.208617041835697 1.7698566855721183 41 41 43 0.39759970023833335 116 388 117 416 115 401 118 374 119 372 114 373 112 299 109 347 113 317 111 312 110 327 108 350 107 367 106 349 105 369 104 337
1607 3.8325691652602427 0.083011564139517255 2.9516144013013261 59 63 72 1.2856997165487389 136 26 146 82 139 22
498 0.4274579459604041 -1.7896369887073345 0.8720968381251365 184 191 203 0.88106516139807456 109 251 116 358 115 383 114 328 112 223 113 237 111 241 110 217 111 200 107 310
1606 4.360660219784795 -0.3626078233728337 2.4491402232418267 131 137 147 1.1074414814856295 138 22 146 76 147 115 148 166 149 181 150 155 151 152
497 2.7494872191976159 -1.5685495206741895 -0.15231446102333154 8 9 9 0.68463030045330686 109 252 115 380 114 326 112 254 113 270 111 273 110 253
1604 7.6816975751134358 -1.9150092666311007 6.4378572324375574 31 33 41 1.2885658571659409 138 105 139 83 142 86 143 129 144 127 145 97 146 72 135 69 137 85 140 66 141 96 136 21 134 52 147 112 133 82 148 161 149 153
495 -1.5243249991580956 -0.050203892998322439 0.7252525774921752 47 51 60 0.35057062891404045 116 304 117 307 115 329 114 268 112 198 113 205 113 249 111 211 110 228
1603 6.3241357858826301 -1.5884100652783244 5.1273687133974235 103 105 115 1.677151090299293 141 25 144 78 145 71 146 71 137 83 138 103 140 17 135 127 134 100 149 61 150 44
494 -0.31821704322683425 2.3616748430006926 -0.71698698489659474 0 0 0 0.51642888713873303 116 292 115 316
1602 5.799497130310665 -1.3084415542560797 3.70840290586044 107 111 122 0.59617359026931582 138 101 143 5 144 70 146 68 148 156
493 0.03501882438990124 2.3318852347054482 -0.69895713961938166 29 31 38 0.40245635387390449 116 355 115 314 114 251
1601 7.0017179909642637 -3.7207496900579908 4.1676302320572143 60 62 66 1.3402994961088734 133 42 143 125 144 119 145 91 146 66 147 106 148 147 151 140 156 0
492 0.56073480086819494 1.9996410377696234 -1.1912980477012891 184 191 203 0.9961037493838184 116 322 115 311 114 287 112 212 113 186 105 216
1600 3.0389165634762416 1.4944604135936697 1.6427760931432278 167 173 184 0.87965924566809517 144 107 146 57 147 34 149 198
491 -0.11302532210832582 1.8621631907019907 -0.84391939149670603 159 165 176 1.4529140387223569 116 249 115 272 114 249 109 194 112 142 113 188 111 158 110 174 108 197 107 209 106 228 102 134 101 88 100 72 99 68 97 75 95 166
1599 0.25339084920943489 -0.72222569092221012 10.25731008310405 63 64 68 0.39584469235193231 143 145 148 84
490 -0.10726378430319219 1.8615368410438238 -0.84778205155544129 159 165 176 1.1169184177235434 116 248 115 271 114 248 112 141
1595 2.7562189122086553 1.7279381646431695 1.3367957785544409 141 146 155 1.2727040641968694 139 167 146 34 140 45
486 0.65067028053527298 1.9538305930583533 -1.0615624239487655 158 164 174 0.87775978369065966 116 152 115 152
1593 3.3058796227645244 1.5674765309380805 0.94247086014045256 122 126 134 0.39152411623455402 139 45 146 29
484 1.8537755870495114 0.4582875154930246 0.25598717410268623 145 150 159 1.2594557253097232 109 31 117 138 115 91 107 45 103 34 104 84 105 59 102 38
1589 2.7706821423283565 0.69384726387389684 0.48112602640523183 0 0 0 1.3560827526589185 138 473 139 440 140 413 141 391
480 0.038453287647783371 2.4041323364341762 -0.76262811903298267 26 27 32 1.3456450310580848 109 280 117 452 116 356 115 403 114 375 112 273 113 288 111 263 108 278
1588 0.69492388391907944 -0.3691124942690549 3.8591698838794781 2 2 2 0.71813967209605634 143 375 144 385 145 354 146 343 147 366 148 395 149 389 150 372
479 1.348763909259731 2.7143571930760952 -0.9204964762843767 184 191 203 1.7936757014560449 117 485 116 464 115 493
1587 1.9416584216507666 -2.9567363581519093 3.4258757403167741 60 61 65 0.50094412279280909 142 291 143 332 144 334 145 341 146 326
1586 3.7587268273226764 -3.1754939702109506 2.5931170679335009 0 1 4 0.17918908582677054 143 362 145 340 142 342
477 1.4051864155366243 1.632805502609141 -0.53286557038497551 12 12 13 0.47869743954817962 109 366 116 459 115 488 114 432 112 337 113 350 108 381 105 381 104 354 103 278 102 268 101 175 100 154 99 144
1585 6.077557499148674 -2.7879309368622325 6.7299665886538449 34 37 47 0.72913620316415129 105 322 106 337 107 318 117 351 134 354 135 378 136 422 137 400 138 394 139 359 140 352 141 318 142 296 143 348 144 353 145 327 108 297 109 261 115 363 118 353 116 341 119 345 120 323 121 369 122 387 123 396 124 399 125 336 126 349 127 336 128 332 131 320 132 311 133 372 129 363 130 380 146 304 147 326 148 336 149 331 150 314 151 316 152 265 153 290 104 324 154 271 155 294 156 243 157 233 158 252 159 266 160 337 161 311 162 261
476 1.399856446126684 1.632293212321386 -0.53534954505800592 12 12 13 0.49004154725106258 109 365 116 458 115 487 114 431 112 336 113 349 111 349 110 342 107 401 106 388 105 382 104 355 103 279 102 269 101 176 100 155 99 145
1584 3.3295402848759963 -1.54598928675808 1.9302072956393785 0 0 0 0.82948253514655346 132 306 137 395 138 387 139 351 140 345 142 295
475 3.3298988464029535 0.32325074183545721 1.5305420521367605 175 182 193 0.63649760946450151 109 363 116 455 115 485 114 427 112 313 113 347 111 329 110 339 108 360 107 398 106 385 105 377 104 364
1583 2.5446277599358869 -3.6213055340863072 4.2970025989528811 65 66 70 1.3108125439327323 141 311 142 292 143 335 144 337 145 315 146 327 148 296
474 -0.91881777507841345 -0.13884119632478048 1.8753497883127117 21 22 24 1.2253834628125169 117 475 118 441 116 454 115 484 114 445 113 371
1582 1.8021329415614886 1.5338337076213961 0.63736855705936502 149 155 165 0.24504864335912974 143 298 145 310
473 -2.5438274528801834 0.037926495932940105 -0.30481718633153349 44 46 49 0.68743153179675243 117 471 116 446 115 480 114 440 112 333 113 366 111 346 110 356
1580 3.1220257022818259 2.4277320350692175 1.2165595437549266 158 164 174 0.10978405235114311 144 292 145 305
471 1.3283145145444946 2.3281589379688832 -1.0304334685299261 184 191 203 1.5974294078913314 117 484 116 426 115 454 114 433 113 354
1579 6.3932030134488391 -1.722937035270927 4.9666747720986919 147 153 164 0.9688987607067967 132 344 134 403 135 382 136 425 137 403 142 303 143 309 144 312 145 290 131 349 133 376 138 397 141 325 146 263 147 284 148 340 149 339 150 322 151 285 152 271 153 262 103 229 154 276 155 299 156 250 157 258 102 194 158 254 101 142
470 0.95670561295689438 1.4913336114125284 -0.62686792008514025 184 191 203 1.7603614313671376 109 273 117 467 118 448 116 421 115 442 114 365 112 271 113 308 111 291 108 273 107 291 106 313 105 302 104 269 103 208
1578 1.3721614464403 -0.097580866285312234 3.2474206108411523 81 82 86 1.1541083286561338 144 284 145 277 146 277 148 317 149 351 150 342 152 310
1577 0.98906106113210901 -0.40767101033756592 3.5690964432663641 78 79 84 1.315116497932419 143 262 145 275 142 242 146 249 148 315 150 290 104 210
468 -3.0558409184825721 2.729467753228302 0.11318691892575784 63 64 67 1.4247473838866274 117 426 116 392 115 379
1576 3.5574483440092535 0.56991132759077334 1.7655643377920345 175 182 193 0.75578310138422755 140 291 144 262 145 273 146 243
1575 1.1474812920098458 -0.97087754473492027 3.8239309867886258 13 14 15 1.8068234314899922 144 281 145 272 146 220 147 236 148 258
466 1.4158904981918174 -2.2152386338218273 1.3617204198880626 43 43 46 0.80267581674608723 109 253 116 360 113 238 111 201 110 218 108 258 107 277 106 296 105 313
1574 3.0187440780140262 -1.1359094255157245 4.6624312010682116 34 37 46 1.9526642905930995 136 312 141 254 142 257 143 257 144 261 145 271 147 292 149 342 148 344
465 0.20956907228242133 1.8179189868654988 -1.2061650602070126 155 161 171 0.11128533164273416 118 329 116 352
1572 0.24250786456907847 -0.28418628489880104 3.5365775744944741 28 34 41 0.43874923677096428 144 269 145 255 146 257
1571 2.6755358271188494 1.0679794462619427 1.0482972340819638 184 191 203 0.70914520600569908 144 267 145 253
462 4.4216212990995185 -3.0770870832965125 1.8644739358903757 64 64 68 1.2637745164578011 109 205 116 329 115 319 114 295 112 187 113 196 111 170 110 190 108 205 107 247 103 200 104 260 102 186
1569 0.82434387438459245 -0.53717894543360256 3.715587216317124 30 33 41 0.94147734757894685 144 265 145 249 146 247 147 269 148 287 149 308 150 337
460 2.5113496443267569 1.3337653741431752 1.3297586271741519 39 43 52 0.86737637846390103 117 326 118 323 119 366 116 313
1568 3.6673262608115795 0.80036026103810143 1.798952495479438 150 156 166 0.7495690625054825 144 264 145 247 146 221 147 238 148 259 149 253 150 217 151 231
459 5.4620089941981593 -0.33783101379861702 2.1282003705684431 179 186 198 1.2423804483308303 109 210 117 313 118 359 119 404 116 306 115 300 114 239 113 203 111 179 110 197 108 213 107 124 110 119 112 52 106 223 105 237
1566 0.96718852143054834 -0.50999902950231502 3.5691493211443133 64 64 68 0.50532526200077466 143 214 144 206 145 225 146 195 147 215 148 230 150 224 149 257 151 239 152 220
457 -1.2557920336937916 1.0922758015279384 1.9382908884692518 43 43 46 0.67161428409480084 117 285 118 249 116 279 115 308 114 285 109 311 112 245 113 263 111 259 110 275
1565 1.5822310313843722 -0.25978773892006968 3.1235587376084699 49 49 52 0.83198220531149025 143 176 144 201 145 186 146 151 147 152 148 198 149 222 103 66
456 -2.6986894542306028 0.65764499909220142 -0.47279722626306891 3 10 29 0.20750086898226536 117 241 116 234 115 259 114 242 112 174 113 182 111 182 110 202
1564 1.5826184769806717 -0.26057315184950192 3.1266211849363437 49 49 52 0.77236847105268303 143 175 144 200 145 185 146 150 147 151 148 197 149 221
455 -0.11225666857138222 -1.4973962704950048 2.2861109683690759 48 50 53 1.6119520076397522 125 187 107 252 106 301 130 116 133 118 134 307 135 232
1563 3.6836857642447849 0.70385968678182365 1.989493324254882 101 105 115 1.0440703490422014 140 130 144 176 145 184 106 125
454 2.1900995528259402 -1.228270593238366 0.027353633157634907 42 42 45 1.3199062037946534 109 174 116 217 115 242 114 231 112 116 113 141 110 147 108 206
1562 0.35530343667553427 -0.3697385411414803 3.6965034095017946 70 72 76 0.20304882526523674 144 145 145 154 146 133 147 134
453 2.6284368497793196 -1.5685327052557354 0.29617306432601492 107 110 116 1.4942021215500121 109 173 116 214 115 240 114 228 112 114 113 139 111 129 110 146
1561 0.58302257972286475 -0.47603990962219567 3.8916187263781361 47 51 56 1.5099499215140526 145 152 147 164 142 200 149 230 150 234 151 245
452 0.69139052767214759 1.6047769492442212 -0.70307034100134957 158 164 174 1.0705787057038205 118 89 116 146
1560 2.465331786479231 0.34177444340896801 0.46160606401741111 76 78 83 0.39487776726944929 142 139 143 132 145 146
451 0.79099141064284806 1.8034570270883186 -0.75479842710208234 184 191 203 0.52766915943549619 117 164 116 94 115 51
1559 0.79735417019519284 -0.53970897484557645 3.7211222612405885 29 31 38 2.3162919626826954 143 141 145 109 146 158 144 210 147 162 152 186
450 4.2700795786410088 1.6657660704836881 2.6452561687054352 120 124 131 1.2016056748577395 109 106 116 91 112 101 113 72 111 80 108 89 107 22 106 29 105 81
1558 1.4266784568407038 -0.33726985056458336 3.2108189732345682 48 49 52 0.6172821666447641 144 138 145 103 147 125 148 199 103 46
449 2.2535513015482653 0.59566832493556154 1.1422844363926787 99 103 112 0.87029455601795658 109 32 116 82 115 94 112 57 113 58 111 61 110 14 108 60 107 48 106 55 105 62
1555 0.20097194226520537 -0.27947361494343848 3.5741198062109838 77 78 82 0.13423516611914241 144 113 145 84 146 63
446 -2.8021821813177459 1.3233910446755175 -0.25262804115885829 8 12 10 0.15342209094216294 117 64 116 41 114 58 113 32
1554 2.4387884356325418 1.081692744264191 0.73570153256624515 123 127 136 0.20928329837046467 137 183 145 79
1553 0.64683831196606334 -0.51393845876497812 3.8616358892095501 49 50 53 0.27091589849616976 144 106 145 77 148 85
444 -2.8457005712592367 0.69812558596691232 -0.65462221384252128 27 32 45 0.36294015076899949 117 28 116 27 115 32 114 25 112 22 113 7 111 32
1552 5.6889344841746459 -1.933578482252871 5.9343709970052814 87 91 102 1.28854878984981 132 79 145 72 148 163 157 96
1551 2.7654846111650979 1.6801763357993544 1.2583015208237487 141 146 155 1.4255848991275244 136 66 141 132 142 116 143 95 145 54 147 70
1550 2.8069149175383279 1.7065144388126092 1.3611078466176523 167 173 184 1.036242031175084 137 123 145 53 146 32
441 2.8310733004012483 -2.3606068027120179 3.8421607904877528 5 5 22 0.84362815987282269 117 459 118 439 119 444 122 435 123 459 124 457 125 402 126 410 116 432 115 422 114 397 112 310 113 326 127 395 128 383 129 391 130 403
1549 0.47662602019095146 -0.53475477186958298 7.9039227546287112 121 126 133 1.4055682181938758 143 45 144 45 145 51 146 30
1548 0.47168367139031075 -0.64064494563005281 8.9798749552979977 137 142 151 1.8537217042869338 143 44 145 50 146 56
439 2.6820261462426185 -2.0262404041173268 2.0056185183134363 63 64 68 2.4037975911737228 122 367 123 377 124 432 125 367 126 378 127 391 128 380 129 389 132 358 133 428 131 363 134 456 135 454 136 464 137 459
1547 5.8014818451200796 2.792141513154478 1.736026136765545 124 128 136 0.06812153951059105 116 39 145 40
438 -0.73448086636908805 -1.0917609398995636 0.61082460827251372 58 58 61 1.7960719878064313 123 429 126 376 127 387 128 376 130 398
1546 0.96948122717643981 -0.48869037219502198 3.5716757246893733 66 67 71 0.20727192025365471 144 29 145 35
437 -0.73448086636908805 -1.0917609398995636 0.61082460827251372 58 58 61 1.7960719878064313 123 428 126 375 127 386 128 375 130 397
1545 3.1847800580781613 0.8786557152259914 2.0496775963005538 10 10 11 1.2041585511632895 143 23 145 34 146 25 150 71 151 98
436 3.8525012884736003 1.7255442542292956 2.5771514022330173 52 53 57 1.2765201338718908 124 326 125 271 126 276
1544 3.9955495901076246 0.27426048831310712 2.3999124908969676 124 130 139 1.4136423878672801 137 88 139 92 145 24 138 30 146 17 148 116 136 271
435 1.0850723641994644 -0.98007702055879009 0.59102716607678596 2 3 5 1.8198549245198921 123 188 126 249 122 132 127 279 128 318 129 354 130 396 132 335 131 336
1543 2.5382813605294343 0.30183614104141754 0.45219101604787681 184 191 203 1.1766957632690238 136 349 137 266 138 304 136 266 139 244 140 177 141 221 142 178 144 196 143 76 139 141 141 141
434 1.034516830444584 -0.94559275864267711 0.55399714026805758 2 3 5 1.7151971959061929 124 253 126 248 127 278 128 317
1542 2.7287131186602318 1.4947477603832724 1.27104881071691 184 191 203 2.1254607376042425 139 215 141 54 142 204 143 222 141 263 144 246 146 200
433 0.86167876588240133 -1.105901336833512 0.48414997498447443 53 56 64 0.65754265611732243 124 296 125 242 126 245 127 227 128 234 129 278 130 288 132 248 133 297 131 259 134 323 123 286 135 349 136 388
1541 2.4609746082838191 1.2145625342387232 0.82653231843865027 184 191 203 0.18601461674627093 141 416 142 380 143 388
432 -0.08437755294571106 -1.8884019449173253 1.1174443371138685 169 176 187 0.586193920219375 124 294 125 281 126 244 127 229 128 236 129 250 130 263 132 222 133 300 131 237 131 263 134 325 135 347
1540 1.9053979489479183 0.0099329212394472857 3.3258356379078879 23 23 26 0.79385794027656376 144 384 143 373 145 353 146 359 147 380 148 394
431 4.1971973170003531 -3.136750401162876 5.8967480171159048 184 191 203 1.9870028162211164 109 223 117 300 121 269 123 292 124 261 126 208 115 294 114 262 113 197 110 224 127 209 129 232 132 161 133 195 131 217 108 231 134 240 136 302 148 244 139 291
1538 4.1790808366746743 -2.8032911284926825 6.9836154831148241 106 111 121 1.1156910364742445 130 305 144 313 143 310 129 258 131 276 133 275 134 311 140 311 141 288 145 291 146 264 147 285 148 341 149 336 150 319 151 286 152 272 153 263 154 244 155 265
429 -1.2203190745379831 1.3449210318212972 2.3341895512195174 10 10 10 0.56336642547957883 125 176 126 198 127 204 128 232
1537 3.1258943294966568 2.9590677731182371 0.95238205933069042 158 164 174 0.078772581009848977 144 329 143 299
428 0.15131759451857191 -0.28311099143165275 3.4721680892206961 47 50 53 0.042131807012501063 124 195 126 190
1536 1.0548193987960848 0.8789956859391167 0.38112060463387176 0 0 0 0.15412866833341521 141 345 144 299
427 0.18013839704982776 -0.24491694093435321 2.6472675054843671 42 44 48 0.44177156683109864 123 168 125 163 126 188
1535 1.9345755427694846 1.4070957355662577 0.80116065797766678 158 164 174 0.30290831333079093 141 343 143 291
426 -1.209801149278668 1.1885503711138135 2.3142252704980124 12 13 14 0.30932145567985458 125 148 126 173
1534 1.9345755427694846 1.4070957355662577 0.80116065797766678 158 164 174 0.30290831333079093 141 342 143 290
425 0.40950651357669932 0.69196328558253706 4.1094053803049633 1 1 1 1.3868146092416966 124 202 126 170 128 208 129 217 130 255 132 214 134 213 122 107 123 140 136 325 141 341 142 314 140 367 144 331 143 324 145 308 145 338 146 325
1533 3.0664869761560558 2.2011903357145148 1.2855258060144417 158 164 174 0.029859087930987443 144 290 143 288
424 0.86102250123055835 -0.51294528990038246 3.9410908256571573 76 80 88 0.83376238630092203 119 189 126 164 127 109 129 92 131 126 138 223
1531 4.8687146321406223 -3.6978428484129195 7.4213283230926059 137 143 152 0.99988711135685815 105 295 144 273 143 272 145 263 146 231 147 256 148 275 149 270 152 233 150 266 151 252 153 220 104 298 155 234 154 208 156 188 157 174 158 167 159 204 160 278 161 258
422 1.0254526927321359 -0.43738034532660386 3.7539775594736509 62 62 66 1.252948539815318 121 51 124 121 125 70 120 38 126 103 127 110 128 103 132 83 133 86 134 110 135 137 136 165 137 158 139 202 130 142 140 196 141 226
1530 2.66654686825053 -3.2581134084407495 3.403052974487967 66 67 71 0.69834073214071124 134 270 143 268 131 212
421 3.3654876044913942 1.8564718904176554 2.3425293353887588 33 32 33 0.97443247139686684 124 60 126 74
1529 0.58260157890008368 0.54541642964992509 0.19974251977914687 184 191 203 0.033499395591725253 134 295 143 266
420 2.9395305208418145 -0.72841787189671359 2.4142010242916179 34 37 46 1.8339510764867406 124 115 132 78 122 40 121 41 133 50 120 27
1527 0.66556914441258885 0.39265494065090023 4.2981187815840789 1 1 1 0.26415383159889866 144 252 143 247 145 234 146 204 147 223
1525 3.5536343580294636 1.3445879330834996 1.3442299016061656 157 163 173 1.0186249030510344 135 209 143 185
416 -2.8717004631618583 2.1297580315385232 0.028452629196363141 1 5 19 0.5384631139163556 118 457 117 487 115 498
1524 1.4414631736371402 -0.19030271602585516 3.1996651184691416 78 79 84 1.8786404872268858 144 207 143 184 145 190 146 154 150 226 151 208 152 185 153 210
415 0.12651830720025897 1.7146548486210174 -0.37493710897052995 23 21 22 1.1039613631779592 118 450 117 481 116 443 115 450 114 369 112 272 113 312 111 255 108 276 109 237 110 207 111 231
1523 3.763548971498726 0.41133991765149114 2.1035934251086559 170 177 188 0.28021039021760202 144 172 143 171
414 -2.9121067974058872 0.83577367477662712 -0.66308131549715499 3 10 29 0.24003582410464905 118 443 117 477 116 456 115 486 114 446 112 350 113 373 111 367
1522 4.7822994983283769 -3.5725783402616798 7.6107901819421766 139 145 154 1.9143710326116115 105 209 144 122 143 161 145 93 146 111 147 108 148 151 150 143 151 143 152 121 153 146 155 119
413 0.09284916534625863 2.2214823032230102 -0.79315874279023812 177 184 196 1.4259989380051878 118 455 117 470 116 445 115 477 114 434 112 320 109 370 113 337 111 333 110 347 108 364 107 387 106 391 105 362 104 330 102 252 101 153 98 126
1521 2.5401325785699482 0.33883285561067733 0.5071652606164998 95 98 105 0.32456670987135627 140 181 141 143 143 131
412 0.062706439617300144 2.2116316830489016 -0.80711669207619929 177 184 196 0.58090440904767027 118 454 117 469 116 444
1520 0.15180358892795659 -0.25049772645763357 3.493885251762757 73 75 79 0.48589981702885571 144 114 143 106 145 122
411 -2.5931551412917209 1.0184401283838715 -0.123429051542676 26 34 33 0.55569031829370108 118 427 121 420 117 468 116 442 115 447 114 413 112 341 113 353 111 353 110 364
1519 2.8514149390779662 1.8452064386295026 1.3551446088016537 149 155 165 0.95844939110337179 144 110 143 100 103 24
410 2.5263954931314565 0.925132456367869 0.69210224194162784 59 61 65 1.1756207520783648 109 333 118 444 117 464 116 438 115 438 114 408 112 290 111 304 110 317 108 334 106 363 105 358 104 327 103 276 102 267 101 174
1518 0.71327824123318173 -0.55039355573443904 3.9042033245065677 47 49 53 0.18661959863901845 144 105 143 88 145 112
409 -0.89889135761069183 -0.52971671518905894 1.6927279247216358 18 19 21 1.0144002735051074 117 460 116 435 115 468 114 399 112 312 113 328 111 327 110 337
1517 6.613741084763892 -2.2428977845226523 5.9977612361508639 62 65 75 0.98775835324208905 105 15 138 102 143 71 148 61 134 50
408 -2.5559817479276581 -0.12427929930639828 -0.43292854611960752 3 3 3 1.0428054675675067 118 417 117 454 113 324
1516 2.6459819510658296 -0.76728559849284539 -0.084118791753105826 158 164 175 1.1135103947758 141 8 142 57 143 50
1515 1.3066384106723097 0.75535620707162487 0.28335239155388059 151 156 166 0.39156596654001208 144 48 143 42
406 -1.2746654457639528 -0.11321898745069969 0.34070059039179862 16 17 19 2.1094788344247632 125 290 117 435
1514 0.70331526679873213 -0.55826712685966062 4.1281560819360799 49 53 53 1.0551766599114549 144 37 143 30 145 75 149 93
405 -0.58557430474815741 2.0923094942713161 1.9114525913401463 48 48 50 0.73521487816796915 109 352 117 414 116 386 115 399 114 371 112 301 113 319 111 314 110 329 108 351 107 368 106 379
1510 1.5982572816716063 -0.25071552848246059 3.0746831906314012 39 41 46 1.4669808469677259 130 143 142 187 121 16 122 49 123 18 124 82 125 75 126 66 105 65 128 58 129 93 130 97 132 85 133 90 131 94 134 116 135 140 137 156 138 163 140 126 141 186 104 61
1509 4.1630984650828662 -2.7907573773332919 6.9512716891572683 103 108 118 1.0485743324725298 130 306 141 289 142 304 144 314 143 311 145 292 146 265 147 286 148 342 149 337 150 320 151 287 152 273 153 264 154 245 155 266
400 -2.5414357356402957 -0.097033578293693856 -0.42981328031617555 3 3 3 1.0069848318063346 118 337 117 342 116 298 115 351 114 331 112 226 113 241 111 244 110 256
1508 3.5859942631603694 -3.1290019156247801 3.0565882856851423 6 7 10 0.99927634518130459 137 430 138 421 139 411 140 402 144 388 141 382 142 346 143 365
399 1.2254338807055509 -2.0854420319769491 1.5059134249942738 58 59 63 1.4438679754154271 124 379 117 339 125 286 126 292 116 297 115 320 114 257 127 275 128 267
1507 3.669293649860915 -3.2029786744396342 3.1207566287948851 6 7 10 1.2929816886898367 134 395 135 409 136 446 137 429 138 420 139 410 140 401 141 381 144 387 131 342 132 338 133 397 142 345 130 369 143 364 145 355 146 344
398 0.74242693907936441 -0.50814078486522685 3.9361013217986316 63 66 71 1.0657917998006188 109 304 123 260 117 320 114 305 110 268 133 279 131 244 136 378 137 367 139 332 140 358 141 329 143 355
1506 4.3613346824413677 -4.533582935854378 7.3837574385107621 2 2 2 1.6257605952685896 106 355 142 347 144 371 143 367 145 347 146 336 147 358 148 370 150 351 149 363 150 365 151 315 151 330 152 300 153 288 154 285 155 311 154 269 156 263 157 255 158 250 159 264 157 231 160 334
397 4.8663563614637706 -2.9849571834549042 3.2159214182016296 66 66 69 1.1363089870112466 118 293 122 368 123 378 124 382 125 323 117 299 119 330 121 342 126 335 127 318 128 358 129 357 130 370 131 308
1505 0.46711481414658307 0.5240599414282473 3.9937646220820793 61 62 66 0.92556653634143926 141 339 142 312 144 366 143 323 145 337 146 324 147 349
2753 5.124805296424114 -3.197391922943206 7.3367004884691109 184 191 203 2.6577779440835019 176 145 178 93 179 78
396 -2.8876079869809739 2.38448815205347 -0.5078757430102423 72 75 83 0.59397561054606696 119 253 117 297 116 254 115 118
1504 0.51112027060956189 0.44901061060667513 4.5485538238838172 1 1 1 0.81366516761618657 141 337 144 365 140 325
395 -0.1884074005438664 2.3351310543838584 -0.66158169788198629 1 1 1 1.2992631424885417 118 287 117 296 116 290 115 281
1503 0.91179578454943366 0.63362607354047151 4.9134440072416536 48 49 52 1.5992414047122896 142 310 144 364 141 336 143 359 145 335 146 322
1502 2.7434242508313846 1.3700723421916567 1.111900035059721 167 173 184 0.64735902332767326 139 402 140 392 144 361
1500 4.804928677978773 -4.620949621623728 6.5378899222292057 2 0 0 1.2223490768214673 105 374 141 317 142 324 143 341 144 346 145 322 145 346 146 298 147 317 148 329 148 369 149 362 150 350 151 313 152 299 153 286 155 291 154 267 156 238 157 229 157 253 158 223 159 262 160 332 161 307
2748 5.4074221432218641 -2.6794018944848905 6.4188284190448543 184 191 203 1.4353760714682646 177 118 178 95 179 81
391 -2.4471537041613867 0.97383459862455779 0.031772945849746589 41 43 50 0.34131764262540282 118 168 117 206 116 243 115 266 114 245 112 179 113 185 111 189 110 176
1499 4.2961331618106087 -2.6077183031922289 2.6803729865352266 61 62 65 1.0107702445825457 138 382 139 347 140 340 141 314 142 320 144 341 137 388 143 338 145 343 146 332 147 353 148 383 149 374
2747 4.9178245747355662 -2.9209161206980543 6.8767311389142849 133 139 150 0.52833459291315532 178 85 179 79
390 0.83333664349145442 2.0648594479537565 -1.0138803196006241 141 146 155 1.859426281479579 118 219 117 166 116 153
1498 0.61272691229566523 0.50402810588417868 4.4401360529986418 58 58 62 1.0563022719794377 142 311 144 328 141 338 143 321 145 307 146 290 147 348 148 363
389 1.5194668999145409 -0.22240428367185741 3.1196066010361161 50 51 56 1.78858019052782 109 88 118 118 117 141 120 83 121 109 122 94 116 77 111 63 108 65 107 54 117 90
1497 0.7359094003973724 0.47795926584561399 4.3751498556023218 1 1 1 0.9869514496014824 142 267 144 326 143 320 145 336
1496 2.7700233548429409 1.4556996636188366 1.2833465363342935 184 191 203 0.77468540462939739 140 363 141 334 144 325 141 296 142 278 143 264
1495 2.7721361217751941 1.4585483778043249 1.2838958843731894 184 191 203 0.66080680737125086 140 362 141 333 144 324 141 295 143 263
2743 5.2479895716525728 -1.9265793241879163 6.6242176496072425 113 118 128 0.98506638611402897 175 126 179 53
386 0.27360629992793906 1.0169707862872259 3.9442663356468493 46 46 48 1.6676539206314824 122 28 117 103 127 73
1493 1.5117671601992428 1.6279924432963517 0.36020670049193376 149 155 165 0.30675751585645838 141 351 144 303
1492 1.5117671601992428 1.6279924432963517 0.36020670049193376 149 155 165 0.30675751585645838 141 350 144 302
2740 4.9455685509431433 -3.9624405464924362 7.3809286189997119 104 108 115 0.47401078657816809 176 24 179 16
383 0.29369631048726075 1.9077741267802617 -1.1947319779488048 143 148 158 1.9929059196079117 118 183 117 69 116 101
1491 0.91943506169744327 -0.36787553983585464 3.5993994108542537 0 0 0 0.8138824156610619 142 261 144 285 143 281 145 279 146 279 147 299 149 352
1490 2.6431296496219314 0.93197363373619935 1.034401628921906 153 159 169 0.15318112910643666 140 320 144 282
1489 3.8073637572304331 -0.60214054367663461 3.5182652629880717 36 39 49 1.213397157851926 135 310 136 348 144 278 137 330 139 298 140 290 141 291 144 320 142 271 145 296 146 270 147 291 148 343
380 0.49122417249244743 0.69110150510941304 3.8242310601867411 35 35 38 1.0847173266102359 118 29 121 23 117 48
1487 0.39402138076106996 -0.37129647573851621 3.6280690976076317 33 38 43 0.70643222045475518 141 197 144 247 142 201 140 136 143 223 145 232 146 224
378 1.0386517061985938 -2.2606042950966816 1.4386262371345269 145 150 159 2.0454653374089928 124 105 125 50 117 2 126 46 126 80 115 5 127 47 128 69 128 70 127 46 129 107 130 114 132 102 132 103 133 115 131 107 134 150 135 183 136 192 137 201 106 0
1485 3.3179944357080879 0.81108836323177746 1.9875913232075111 19 20 24 0.88417553650535408 140 273 141 227 142 215 144 241 143 210 145 219 103 91 102 103
2733 6.2036143844149798 -2.0920547978153401 5.2906222394882469 0 0 0 1.9400433793794847 177 109 178 105 179 111
376 0.56067999429487347 -1.782470583965639 3.1840546080206735 41 43 46 1.3331583663171447 109 399 118 440 115 466 114 424 112 334 113 344 111 347 110 357 108 394
1484 2.2356715167896102 0.50310169761248702 0.31354891904823801 24 31 48 1.1883282148036494 138 309 139 273 144 238 137 307 145 217
2732 6.3547811286548033 -2.0593606034636456 5.457142447795392 0 0 0 0.61931264142399955 177 108 178 104 179 98
375 -0.32937199482512164 2.1953581390949606 -0.63551883599635306 7 7 8 0.82348966507038235 119 457 118 432 117 450 116 389 105 338 106 343 107 359 104 314 103 242 102 219 101 158 100 134 99 139 98 139 97 138 96 185 95 222 94 225 93 244
1483 3.8869002162546087 -0.60538861337508354 2.4563257260733504 184 191 203 1.2083952435952499 136 259 139 269 141 220 142 233 135 248 144 230 129 240 143 204
2731 6.2525820018190235 -2.1257817049131362 5.3396020614158095 77 78 82 0.2826253650234653 177 107 178 103 179 97
374 -0.31250749285708673 2.4211718379436564 -0.73561239370071729 73 74 78 1.779121963870713 119 420 118 416 117 424
1482 4.212956290963489 -2.8198715711496289 2.7316734098629905 1 1 1 0.21474319457962551 138 291 139 260 141 244 142 251 144 223 135 303 137 316 143 248
2730 6.2525820018190235 -2.1257817049131362 5.3396020614158095 77 78 82 0.2826253650234653 177 106 178 102 179 96
373 -2.731513376480776 1.2934455990287246 -0.19322068770460055 20 22 24 0.23870079511282727 119 412 118 409 111 337
1479 2.4241263544555318 -3.141090863477082 3.7162491960557911 1 1 1 1.6628088453916634 139 78 142 167 144 191 136 15 138 91 143 199 145 163 146 175 147 185 148 238 149 233
2727 6.4131902018436513 -2.2342953313732115 5.4170063201509926 0 0 0 0.90202130744619091 177 87 178 87
370 -0.0069273243145312885 2.598221643304691 -0.61080489290312878 24 26 34 1.5170507271945899 119 382 118 386 117 425
1478 0.072819856369423133 -0.19481615907519259 3.2360268080702439 73 74 79 0.45126816660650776 142 163 144 182 143 109
2726 6.3556891730880132 -1.5360601970380507 5.2873627685914828 12 13 18 0.32931898836511331 177 81 178 83
369 -0.45775954813498954 2.3783692598804795 -0.46818240942675066 25 27 35 1.8651457886247029 119 375 118 384 117 375 116 324 115 373
1477 0.99189735522998645 -0.33184704501489848 3.3025006410895084 11 11 12 2.0012138779891 142 154 144 179 145 151
2725 6.3556891730880132 -1.5360601970380507 5.2873627685914828 12 13 18 0.32931898836511331 177 82 178 82
368 0.36885186922139701 1.4894419133098047 -0.85299044110811417 150 155 165 0.58189009422379423 119 323 118 370 117 369
1476 3.8047650579620931 0.33576268103206897 2.3735685163774622 35 38 47 1.3516315090534616 141 147 144 171 142 144 143 137 145 180 146 187 147 206 148 283 147 267 149 279 150 249 150 278 151 262 152 247
2724 6.1347024568338444 -2.1999273967453408 5.2490291394701352 0 0 0 0.8954511786799545 177 79 178 71 179 66
367 0.49301889942635313 1.5095398864125946 -0.78640810746978562 150 155 165 1.8109923693039349 119 322 118 369 117 368 106 255
1475 6.1890271540476718 -2.4660099967693307 5.8518906809123434 34 37 47 0.31446805497798908 106 167 118 145 135 191 141 173 142 173 144 159 140 170 117 184 139 189 143 163 145 135 146 112 147 109 148 152 149 144 149 207 150 183 151 172
2723 6.2498604651803626 -2.2136336292028576 5.3040798187471063 79 80 85 0.37174904355719374 177 77 178 69 179 63
366 7.9249740355588294 -2.0693968323472931 5.6655507526116846 31 33 42 1.8621019787041946 119 401 120 352 121 399 122 423 123 439 118 355 117 354 116 344 115 326 114 266 113 202 108 234 107 286 109 209 110 196 106 279 105 297 111 178 112 169 104 264 103 228 102 243 101 173
1474 0.024518070738967432 -0.16642511792279799 3.2378063303249127 76 78 82 0.72363447877534115 142 36 144 149 143 112
365 -0.3457028316579786 -0.84716903086809514 2.331321117021449 18 19 20 0.62166319471890075 121 367 122 385 118 352
1471 1.5516428943614851 -0.28959096183485078 3.2016133799293747 25 25 27 1.871451210077502 142 97 144 137 140 72 141 105 146 125 147 124 148 173 149 191 150 200 104 24
362 3.7477245058306199 -2.5386724373319964 2.3657891436860625 4 4 5 1.1050106191523954 122 366 123 374 124 431 118 336 117 383 116 333 115 352 114 297
1470 3.6065029457161066 0.8989805598575149 1.7894581619527714 184 191 203 0.6811774101525182 139 249 140 134 142 146 144 136 145 102 145 148
1469 3.7575193704930303 0.86240906020457442 1.8552933738308364 150 155 165 0.85416780263258973 142 145 144 135 143 174 146 124
1467 2.7884948229252382 1.8471522548230799 1.3036395809100891 149 155 165 1.1714144052857201 141 163 144 112 143 102 145 120
1466 0.78605962164099885 -0.57846049577211034 4.1531226940109613 107 110 117 0.66988740494827592 140 24 144 103
1465 3.3534390447103646 -0.10404385658817578 2.8254377112115345 44 46 52 0.85808871887760019 136 90 138 27 144 95 143 16 102 13
1463 2.9659696957119639 0.072165324993292659 0.9187486246915979 64 65 69 0.64283971140622564 139 18 141 97 144 85 140 120 139 193
1461 2.1414093250703132 0.96081846243119817 0.63661413018832813 125 129 137 0.25272196501040789 140 35 144 39
1460 3.9853162143041398 0.14696953943005953 2.4757815904625802 42 44 53 1.0146539904107805 140 70 141 104 142 13 144 26 146 16 147 15 150 91
1459 2.9141387020961922 0.051880261610977738 0.80566016529517781 46 47 49 0.49697411099040534 139 86 144 20 138 106 140 119
1456 3.8831045625286409 -3.0852036693125817 2.4390802285498827 89 91 96 1.7259522877797486 136 14 144 0 139 4
1455 11.018841077024485 -3.2084134929162373 -1.084826275416586 184 191 203 0.72838557496640433 114 383 143 328
1454 1.7998886109050205 -1.3578349881342151 1.0134891268484902 0 0 0 1.5158838105057675 136 298 138 326 139 288 140 281
1453 3.4458626142885929 2.0935817986036867 1.633339153846368 149 155 165 2.9611604388150616 135 225 142 162 143 144
1452 2.9587799200534799 0.97059137639048665 1.5443529539700962 184 191 203 0.15422605113903459 140 436 141 414 142 377 143 386
1451 2.9585274076074972 0.11499221405769822 0.88313495739468006 0 0 0 0.035926914755428661 140 429 141 410 142 371 143 382
1447 2.1869424408747045 -0.21683269243994832 -0.38760869239773188 184 191 203 1.4334365924266899 140 373 141 356 142 317 143 334
1446 1.9514373821994506 -0.10585052579528256 -0.50068842123033941 184 191 203 0.38846865984081042 141 355 142 315 143 333
1444 4.03403877969403 -3.2483428633740989 2.5261916238152851 81 83 88 1.0679545184526416 137 315 138 348 139 289 144 304
1443 2.3999327298719648 1.6956966309992745 1.1405032519359923 184 191 203 0.86440257525527286 140 327 141 340 142 284 143 289
1442 5.1785612181834901 -2.0997973220192376 6.477170654969612 35 35 39 0.91421898205648899 125 215 130 240 133 245 142 256 143 256 146 217 148 250 152 170 153 174 104 238 157 139
1441 3.3199603451475506 -2.5116619212760098 2.0608047654857025 67 68 72 0.83031677785597013 135 268 136 239 137 252 138 252 139 227 140 257 141 270 142 250
1440 0.17965413529059154 -0.21047218820432725 2.9215109255829881 58 60 65 0.32846517525841623 131 65 144 251
1439 2.7956234708736436 1.4030908626368619 1.9613692011558617 83 85 90 0.51926305844306342 139 279 142 220 143 188
1438 2.7321424152687102 1.3680833547092706 1.9194572028094674 83 85 90 0.7669890201162276 139 278 140 202 142 219 143 187
1437 3.1583206773808943 0.8339065328886115 2.0923464999303687 21 21 23 1.750352359605378 105 67 141 228 142 217 107 63 144 203 143 212 145 187 147 153 139 206 137 229 138 174 136 220 148 202 149 194 150 202 104 63 103 62
1436 2.4364413230084896 1.5857218155703883 1.1426724630671559 149 155 165 0.29302632092629327 139 220 140 244 142 206
1434 2.4822250192799684 1.2369749101771912 1.652894901304659 99 102 108 0.59919917336907791 139 213 142 203 140 144 143 189
1433 0.18438586808633245 -0.16807991343681233 2.1718824116896878 0 0 0 0.48244965691343789 132 52 141 230
1432 0.24435089884006722 0.023604616720761813 0.19038032214194789 0 0 0 0.50688621674401835 140 121 142 198
1430 0.94944192476015299 -0.50015318711516288 3.717508576734704 19 19 21 1.1844279326040794 106 66 142 191 143 216
1428 3.3346467939887052 0.44494633712581644 1.9210209779365539 89 93 102 0.83699530236831121 137 272 138 279 139 200 140 184 141 185 142 185 144 174 143 172 147 122
1427 0.71898787533468222 0.34257427356015424 0.23983509776568007 143 148 158 0.21362730901283894 134 134 142 161
1426 3.2248547680077229 0.79977915955343026 2.1328281565885376 44 45 47 1.5390839742122413 105 23 142 151 115 43 143 139 146 86 147 91
1425 3.5007190252687175 -0.088643965602574759 3.1630829326040066 6 6 7 2.0629224833780047 137 224 138 161 139 90 140 124 141 146 142 143 136 267 144 170 106 121 107 143 115 203 109 151 113 115 116 178 110 124 111 102 143 170 145 179 104 118
1424 2.4604553337470318 0.35918054876862815 0.47437213971103276 21 30 43 2.2356193144955325 136 270 137 267 142 140 145 177 146 144 147 207 148 226
1423 2.5858475579122731 0.32669740331418895 0.48260424098165178 56 57 61 0.13031428450993568 140 179 141 142 142 137 141 180
1422 2.9871776019365308 0.021123469901607864 0.89722430875311088 73 74 79 0.61665195516214277 140 118 142 135 139 84 144 82 143 73
1419 2.7665077519178891 1.6288011516705303 1.2681694942402155 149 155 165 0.32008380954052573 140 41 142 114
1418 3.1036354545152349 1.7862646114791358 1.4497033871498832 149 155 165 0.26754006373302464 140 95 142 112
1417 2.5025140258355112 1.1429665558395317 0.84848075036786696 184 191 203 0.58820685116870086 138 185 139 158 142 105
1416 2.8069345005855926 1.1515776037640966 1.0133312036646471 141 146 155 1.005519243062355 140 80 142 100 144 104 136 117 143 84
1415 45.915806405074356 10.111394806125977 21.490186994943581 153 159 169 0.2950605514467779 115 107 142 96
1414 3.8621630072506896 0.35308360640665748 2.2990725513352732 94 98 108 1.0929443439598594 137 20 141 34 142 94 144 99 143 18 145 147 146 83 147 46 149 121 150 50
1413 3.8954808975904065 0.30521162992076034 2.1827124388429162 161 168 178 1.8830180130569831 138 219 139 91 142 91 144 96 143 135 140 20 146 78 150 97
1412 7.0643855121826631 -2.4708756147749207 6.5730202443468224 58 61 71 1.4728566234166356 117 21 142 84 119 48 134 98 120 108 144 73 126 56 124 151 149 114 151 75 148 60
1411 3.2428252405819906 -0.09529096996599265 2.8880255159197814 39 39 41 0.19038412283319298 137 14 142 15 144 98
1410 3.0843448401521805 1.2128739540757048 1.1352677330733232 142 147 156 0.89420703435188065 137 177 141 43
1409 5.99118856166527 -2.5817054918964 4.8079103900059934 184 191 203 1.7103536069696113 116 167 136 203 135 273 136 300 137 290 139 183 139 264 107 254 141 248 109 224 137 321 139 292 142 226 144 257 145 237 147 143 148 214 149 205 149 269 150 117 150 180 150 210 151 103 151 171 151 221 152 83 152 136 152 167 153 171 154 97 154 152 154 188 155 114 155 177 155 192 156 155 162 164 163 142
1408 5.3159800501436489 -2.9748488271706495 6.8506911092947735 37 40 50 0.37308968886835764 107 123 139 135 141 174 108 137 118 144 132 106 134 155 117 183 136 207 107 182 106 172 142 174
1407 8.0621888797615373 -3.4677321127934078 5.1600740951379782 184 191 203 1.9456518406841716 105 376 107 374 108 357 115 464 111 324 117 472 142 366 145 356 146 346 147 371 148 386
1406 6.5768344453669174 -3.1929903926353527 3.6351455245765543 0 0 0 2.3973098844038936 117 457 135 456 136 485 104 346 118 419 103 270
1402 -0.48265232101109096 0.1396698397152516 2.5925144942765201 3 5 6 0.67794014894292021 139 373 140 368 141 375
1400 0.78687687968558417 -1.3406625431431463 2.3366717055112693 0 0 0 1.9089588607324131 105 234 123 393
1399 0.55891494563837907 0.52485058552349906 0.15710773945440448 184 191 203 0.44577233589304704 134 265 143 267
1398 1.0237360928761687 0.66832172468240569 0.46209316790448163 160 166 176 0.3466670699688108 137 414 141 299
1397 2.8129923266240744 1.7634221240195687 1.4263905775889671 184 191 203 2.0795020186060849 139 313 141 282 142 263 144 268 138 340 137 374 145 283 146 256
1396 3.7033394531476542 0.01376608441793703 2.9533241411792113 31 33 43 1.66197649235671 132 180 137 268 138 277 139 248 140 271 141 257 136 269 142 237 144 237 143 243
1395 3.0304561575579325 -1.5336088201711691 0.46175735825034703 61 62 66 0.91784577321904515 136 237 139 257 140 253 141 243 138 246 138 283 139 226 140 224 142 223
1394 2.5151436060642633 0.97455349680474501 0.8780093936875909 98 101 107 1.3090764959616308 119 235 139 211 141 198 142 199 143 186
1390 3.1455514747622564 1.7716018696325351 0.68940309817570322 145 150 159 0.3193376648150047 139 115 141 158
1387 3.282476632240352 2.6000464623418176 1.8657531412085968 175 182 193 0.53630627262316055 138 77 141 135 142 125 143 147
1386 0.51229108805160994 0.31594206243933631 0.10933416395765543 142 147 157 0.61865209153100686 135 93 141 134
1385 0.68346388389470114 0.36251917798581146 0.18250637048957047 145 150 160 0.08838960512954902 135 96 141 130
1384 3.7505563444220096 2.1221835520474888 0.91306356546958645 144 149 158 0.18853869147833596 139 114 141 127
1383 2.2169492632251497 1.0866758492824946 0.59282324960509158 118 122 129 1.785971123344555 139 161 141 116 138 240 137 314 144 144 143 91 145 153 146 227 145 231
1382 1.3315116527152084 0.5860058586184389 0.41204861963215855 119 123 131 0.18372341977734297 139 100 142 106
1381 3.0290743277872476 -0.89530548783033881 -0.023493963876581134 158 164 175 1.0959589755229719 138 10 141 71 142 59 143 52
1380 -0.089589736706871481 1.1272741002065083 3.3271090071477998 24 23 24 1.1026606487174551 137 122 141 67
1378 0.047161157362042086 -0.0016042964630528719 0.78328590274404519 59 61 64 0.20083848245466285 140 33 141 58
1376 2.6483335793245857 0.99174013074401801 0.94765774039727435 131 135 144 0.29772250081894192 138 45 141 41
1375 2.5331563300757631 0.95043265944338062 0.8870705665662596 146 151 160 0.92243456896885012 137 31 141 40 144 101
1374 1.9622871404690607 -2.5770553192872825 2.1698150594639243 94 96 102 0.38674673757203859 134 89 141 3
1372 2.9387062079964505 1.3180810376824892 1.7372129194863408 38 41 51 1.5400146171750722 138 477 139 441 140 438 141 415 142 379 144 395 143 387 145 369 146 360 147 382 148 397
1370 1.6810570667837179 -2.1028048410293287 1.8443094522340393 78 80 85 0.0060518468768154775 135 363 140 399
1369 -0.27492872916001315 -1.5138859233214348 2.2687605136022908 41 43 47 0.86797656997203398 138 350 139 350 140 376 137 319
1368 1.2137596931606121 -1.7906677773624693 1.5026772188931845 60 61 65 0.47591653432421771 137 383 138 417 139 383 140 372 135 362
1366 5.8933685121087462 -1.2084451509890766 6.1483540760800395 184 191 203 1.7118763130420629 127 340 128 339 129 341 131 325 132 316 133 381 134 406 135 388 136 426 137 407 139 364 140 356 141 328 142 308 144 319 143 316 102 246
1365 2.9314337813202442 -3.1897032072240221 5.6407500534826323 43 45 48 1.9490386520343024 106 302 140 351 144 372 141 363
1364 2.7048999417941237 1.3853853257158719 1.8413351769340576 89 91 97 0.57266144805662322 138 405 139 370 140 322 141 293 142 279
1362 6.2885807616146137 -2.4073432506046331 6.0096888470557772 33 36 45 0.78089335202706589 106 305 107 319 116 342 117 352 118 354 136 423 137 362 138 356 139 322 140 307 105 323 135 379 119 346 120 324 134 356 133 326 123 398 132 312 124 401 125 337 126 350 127 337 128 362 129 364 130 381 131 321 133 373 141 320 142 298 144 308 143 304 145 286 146 260 147 281 149 332 150 317 151 280 152 268 153 258 104 299 154 240 155 297 156 246 157 236 158 227 159 243 160 306 161 312 162 262 163 219 164 259
1361 6.5110833784663438 -2.4975327465963688 5.1232073208590201 149 155 164 1.7166201311715177 113 148 140 262 112 124 143 253 146 212 147 229 148 245 104 200 117 267
1360 2.4694670103794705 1.6042108371620096 1.1519993977339689 144 150 159 0.77936431942601603 136 231 140 243
1359 -0.14755367273214037 -0.028220367950716391 2.4813230726005733 0 0 0 2.1110997965472502 134 252 139 251
1358 3.0810044453918262 0.86306560281908928 2.1238328059618299 43 44 48 0.91190436132329944 136 323 137 311 138 312 139 250 140 237 141 261 143 245 145 224 146 194 147 214 148 263 149 256
1357 0.9379728535371491 -0.50703236024419973 3.566125362906813 52 53 56 1.0535370045777974 105 108 138 220 141 188
1356 2.5321679905877224 1.0796932854258146 0.88510089351116861 140 145 154 1.522750917979421 137 238 138 234 140 143 141 112 142 104 144 143 143 86
1355 3.5544600844950858 0.68592549092790278 1.8179403737482185 158 164 174 0.74362555813639697 118 205 140 129 144 134 147 86 148 121
1354 0.98661485971240481 -0.48216937768326407 3.5012268064514713 34 34 36 1.6817990689050029 106 22 139 144 140 127 141 189 142 188
1352 0.66597453186345135 0.43475538290183646 0.13451913673753052 142 147 157 0.31998754276496949 138 128 140 96
1350 2.6485505090701396 1.2872039196865581 0.80800784784457047 151 156 166 1.827322991214628 137 115 140 89 143 90
1348 1.6136854924858886 0.74950111790380125 0.46553877119312237 119 123 131 0.45780899955798188 138 122 140 84
1347 1.5577627842901673 -0.22477706293256675 3.1695196170413631 43 44 47 0.71303077779522495 105 25 140 73
1342 2.2871583115423553 1.1431505830164583 0.60966056597252516 114 118 126 0.36016847012872105 138 57 140 40 143 38
1341 1.9182637454847384 -1.72376719552812 0.93629970287810216 64 65 70 0.34012637483324115 124 65 140 0
1339 2.689601344697822 1.3783966118927995 1.8301208271807277 90 93 99 0.71014969791797911 137 413 138 406 139 371 136 435 135 398 134 417 140 323 141 294 142 280 143 284
1337 1.5028651373266479 -0.27436986495399773 3.3252126261306461 47 48 53 0.80492450674069649 125 77 118 17 127 69 132 88 130 98 133 95 134 122 135 143 117 89 136 169 137 162 139 148 106 61 138 166 140 188
1336 3.277917847402493 0.91914716969611143 2.0068951786697977 19 20 24 0.87232021855504482 136 497 137 488 138 474 139 429 140 418 141 396 142 355 144 383 143 372 145 352 146 358 147 379 148 393 149 388
1333 3.1942199131010911 0.0068524020429112098 1.1047699869762315 184 191 203 1.2307191112088816 136 490 137 464 138 452 139 416 140 385 141 366 142 329 144 375 143 354 145 350 146 348
1332 0.79717914466097606 -1.3056981375911831 0.96075151356194888 58 59 62 0.81949526742749024 137 379 138 414 139 378 136 362
1331 3.2761675344241135 1.3280179121737001 1.274227273277073 184 191 203 2.5976220036929312 136 434 139 369 143 280
1329 2.460094218547336 1.6971197418492423 1.1674184140378541 184 191 203 1.8742249993727054 137 418 139 336 142 266 144 291 138 342
1328 2.4669922199341809 1.5027534781967025 1.0610067445097444 184 191 203 1.986424202465402 137 373 138 369 139 334 136 385 140 366 141 298 142 262 143 285 144 248
1327 2.2673457565400139 -1.8585649329161744 0.89528872683824101 74 75 80 0.26817131259788002 136 360 138 321 139 315
1326 2.2313708176097022 1.1419088762847227 0.55373109942473286 184 191 203 0.82497661696250646 138 339 139 310 142 218 143 219 144 213 146 201 145 233 147 247
1325 3.2944232793544921 1.743091792557363 2.0483890866651011 57 58 63 1.4351050328402655 135 400 136 383 137 372 138 367 139 309 140 296 141 280 142 244 144 244 143 246 145 230
1323 1.3109766401426886 -2.1440211930328879 1.7119791964741307 89 90 95 0.6090063499614794 135 266 136 296 137 284 138 324 139 285 140 278
1321 0.54392724998551312 0.47171442611431913 0.19573107643296289 158 164 174 0.18825051160822648 135 219 139 223 140 221
1320 2.576450637082452 1.0884945112678563 0.86970270198229871 158 164 174 1.1738255701603555 138 233 139 212 140 201 141 199 142 156 144 142 143 142
1319 0.052112204230626555 -0.19267648188113592 3.4546495832126332 36 43 44 0.80159266049865019 134 62 136 216 139 210 135 148 140 200
1318 0.84902934732812363 0.30405032625520756 0.35249434488429182 158 164 175 0.13225951788125145 138 230 139 208
1317 0.8399727451991903 0.30183792136930998 0.32562010087517845 158 164 174 0.057941124234884837 138 229 139 207
1316 6.9300886964524171 -2.3880159489745965 5.550156100517512 158 164 174 1.1703742818930274 105 210 117 182 139 188 143 162 153 74 159 105 160 181
1315 22.782125349585591 13.454197836029547 4.4015631277258276 141 146 156 0.85772929699362876 113 131 139 169
1314 2.2457315475079525 1.1679430877227903 0.57358751796765783 145 151 161 1.1625844514468333 139 165 140 146 141 52 145 118 137 186 146 61
1313 2.5530855934668284 1.0322832669917594 0.8441280180947025 114 117 125 1.8320453103565804 135 318 136 355 137 236 139 155 138 181 140 142 141 110 144 102 143 83
1311 0.92955089497216614 -0.48209839046374026 3.6273864775994631 25 26 31 1.4344018335246511 105 111 106 67 140 193 142 192 144 209 143 217 145 226 146 196 147 217 148 264 149 260 150 230 151 241 152 224
1310 2.513393984710353 0.50402979086061939 0.37860739337740301 35 41 54 0.91771693931894815 136 275 139 143 140 125 141 145 142 142
536 0.19624723595515764 2.5833624782125151 -0.60878528863922643 26 28 35 1.6305277711001258 109 389 115 494 114 451 112 343 113 376 111 372 110 365 108 387 107 408 106 374 105 363
528 -3.2000980194269082 1.7325604265858168 -0.14127556907391819 132 137 146 0.27184571041498184 115 375 114 347 112 305 111 320
527 2.0927163173009502 -1.6918457871771992 0.37709642648850866 184 191 203 0.72368544983281569 109 254 115 382 116 393 114 327 112 256 113 272 111 242 110 254
388 -3.5350751205110087 1.8618215088001029 -0.49022915332343037 65 72 72 0.57984921737800399 120 58 117 111 115 183 114 177
2745 3.9617460076013593 -3.4859352347791561 6.2436551956680404 43 45 48 0.36859059439588032 178 110 179 76
526 -0.82686456740554193 -2.104632397142522 0.96040912699840209 38 39 41 0.33173528807551533 109 320 115 348 114 325 112 253 113 269 111 270 110 285 108 321
387 -0.65340797308783116 1.3215854685374793 2.9076596044534342 18 19 20 1.8001896644267459 119 29 117 107 115 110 114 99 111 82 110 30 108 99 107 216
2744 5.2327608596760058 -1.9617375986572223 6.4975939805451466 113 118 128 0.053204932480501801 176 120 179 54
519 -0.27640126353364014 2.3371993635012069 -0.51803327233494278 50 51 54 1.0670036343945537 109 199 114 221 112 158 113 165 111 162 110 184 108 200 107 214 106 209 105 197 104 185 103 130 102 112 101 74
504 4.7322871550770023 1.0256859380888759 2.6402714030307037 184 191 203 1.28028083155698 109 364 116 439 117 479 115 473 114 430 112 318 113 332 111 332 108 362 107 380 106 365 105 380 104 353 103 277 102 280
500 -0.21658604940160869 2.221219810435386 1.8465466089626001 41 41 43 0.46430386939654589 116 387 117 415 115 400 114 372 109 346 112 298 113 316 111 311 110 326 108 349 103 266 104 336 105 368 106 348 107 366 102 274
496 1.9060196545561117 2.100282587869585 -0.32234552303463448 146 152 161 1.2460120910007453 116 384 117 410 115 370 118 376 114 315 113 261 105 215
487 2.3247588177975476 0.78948022472823376 1.3283774301800988 70 71 76 0.77127682029114142 109 187 116 239 115 204 114 205 112 133 111 149 107 201 106 194 105 185
485 -1.4919976312478807 1.3935246966115966 -1.9973507459296154 166 172 182 1.6088852095187527 117 219 115 147
482 1.1074844602256357 -0.43436348961474869 3.5812326260837439 20 22 28 1.3993703428999988 126 102 107 59 106 63 105 110 128 55 133 83 131 93 135 134 138 222 140 191
481 -1.3488163591644746 -0.1786188806054316 0.97573511076429376 55 57 62 1.2572929767048651 116 409 115 428 114 400 112 289 113 304 111 302 110 315 109 362
464 7.2806618751960981 -3.834999170445915 4.6511913572551826 105 109 116 1.2180149349201927 117 347 124 385 125 326 126 338 116 337 118 296 119 334 121 346 122 323 123 381 120 306 127 321 128 322 129 331 130 373 132 305 133 319 131 311 134 340 135 372 136 414 137 358 138 352 139 319 140 304 141 316 142 294 144 306 143 303 145 285 146 259 147 279 148 300 149 324 150 307 151 274 152 259 153 251 104 291 154 234 155 256 156 235 157 226 158 222 160 326 159 237 161 306 162 257 163 216
448 1.9053407001959206 0.63597729329671859 0.82658985407266117 99 103 112 2.0766446798137981 119 163 116 81 114 19
447 -2.7679776387846671 0.6516166127659071 -0.57408854547449806 21 27 42 0.17858241569761726 117 84 116 73 111 67
419 3.088113332504399 -3.760500769034977 4.0863664340250896 37 37 39 0.56345131051627173 121 0 126 49 123 0 131 109 123 114
403 -0.3522662282545076 -1.4745168820522343 0.85367598973532144 1 1 1 1.0257665734626273 109 322 117 382 116 362 115 385 114 330 112 257 113 273 111 275 110 289 108 325 107 341
393 -2.8188293065898207 0.66819967012347958 -0.63232994440450518 3 10 30 0.69530187316666625 118 198 117 240 116 177 115 258 114 202 112 173 113 156 111 148 110 200
2750 6.4188143989773696 -1.4199634238298775 7.502724594282447 184 191 203 1.3419485834374381 176 161 177 151 179 109
2742 5.4180246298069994 -1.888325684837852 5.6085135920137423 87 89 96 0.87507118006227613 178 33 179 47
385 2.7682125986927915 0.52131911100640005 1.535018441306524 31 34 43 1.499760043235955 119 78 121 113 117 97 120 87
2734 6.0432720858946478 -2.2784675813802995 5.4712916432685432 0 0 0 2.2053430148425024 177 141 178 113
377 3.826199813026339 -1.4988823195796195 2.8625979158852872 184 191 203 2.0304295261036143 119 259 120 267 121 268 118 265 117 266 117 301 116 264 127 208 123 291 124 344 121 309 115 295
372 2.8723157076805705 1.2692769512447286 2.9552113005829321 0 0 0 1.9668009414193652 119 434 120 361 118 404 119 409 117 441 107 386 115 395 106 369 105 361 104 329
2729 6.3895975111414689 -2.162776032591875 5.4325610928593981 0 0 0 1.0957237813655196 177 105 178 101 179 107
2728 6.4939369560673255 -2.2743295636140597 5.4822182718180583 82 83 88 1.4913753075240681 175 111 176 99 178 99 179 93
371 -2.8025930504998069 0.54677324439974684 -0.7089820505700023 3 11 30 1.3825050980109745 119 424 120 325 118 397 115 429 114 401
