ply
format ascii 1.0
element vertex 7316
property float x
property float y
property float z
property uchar red
property uchar green
property uchar blue
end_header
2.64380371 -0.956450764 0.940073224 0 0 0
2.65795837 -0.954684506 1.00699089 0 0 0
6.17286652 -0.238352241 0.255865179 25 25 25
-2.59150501 0.12615824 0.926205596 0 0 0
0.959610854 0.761093167 1.97256388 57 57 57
1.05126725 0.758115905 2.00490149 57 57 57
-1.08558149 -1.0890848 0.693548712 130 130 130
-0.676264848 0.58477342 1.27528604 84 86 91
2.15822141 -1.60674667 0.150332788 0 0 0
-0.946091628 -1.66034725 0.901426836 59 62 72
-0.200390059 -1.76239482 1.2017493 231 231 231
-0.953043159 -1.64370066 0.980917062 59 62 72
-0.899399961 -1.62426187 0.938521728 231 231 231
-0.870081056 -1.64215943 0.926353019 231 231 231
-0.123734731 -1.71695088 1.09747023 0 0 0
2.03272946 0.283932877 0.937869138 59 62 72
-0.509518101 0.573468855 1.62696673 64 71 75
-0.145115887 -1.72117508 0.990567182 130 130 130
-0.101322473 -1.71988739 1.06498148 0 0 0
-1.12991413 -0.957112741 0.621155417 0 0 0
1.15768068 -1.76245885 0.894948775 231 231 231
1.91047434 -1.52500012 0.700698401 130 130 130
1.76581635 0.755994662 0.916137542 123 123 123
0.76757568 -1.6642156 1.49542486 101 101 101
0.76757568 -1.6642156 1.49542486 101 101 101
0.179118333 0.725743913 1.02594131 57 57 57
-0.0142769934 0.698814281 0.2729561 141 141 141
-1.66468862 0.586533282 1.15915849 7 8 8
-1.21782451 0.572021602 0.497693154 6 19 43
-1.34690058 0.576209664 1.05364157 142 142 142
-1.2984013 0.577134142 1.07938258 0 0 0
-0.079882847 0.105171028 0.899419912 231 231 231
1.00053452 0.780112934 0.874313642 29 29 29
-1.19417651 0.591847265 0.936350306 6 19 43
1.81067127 -1.74993216 0.0438980286 231 231 231
1.85763708 -1.78441711 0.14002999 122 122 122
-0.885055452 0.582627825 1.69059674 119 120 120
-1.11783918 -1.04932657 0.656911088 0 0 0
1.93714583 -0.0711767382 0.8566615 130 130 130
1.95240954 -0.0525084135 0.914281599 0 0 0
1.95339915 -0.0597126681 0.961530495 0 0 0
-1.2440273 0.581772634 1.06373936 141 141 141
2.68513342 1.86914581 0.204600532 0 0 0
-1.11867152 -1.15909439 0.542690383 59 62 72
-1.09401896 -0.93961415 0.523026123 59 62 72
-1.1214749 -1.06755785 0.666793751 130 130 130
-1.1214749 -1.06755785 0.666793751 130 130 130
-1.12417807 -0.983305292 0.649366214 130 130 130
-1.12417807 -0.983305292 0.649366214 130 130 130
-1.11830801 -0.98392628 0.664395555 130 130 130
-0.0837548082 -0.0799631742 0.00618354161 0 0 0
1.82028707 -1.38018474 0.571561282 130 130 130
1.35170254 0.776289067 0.902085544 123 123 123
1.94433235 -0.0728985534 0.897056297 0 0 0
-1.21545612 0.613897818 1.28404379 6 19 43
-1.10919343 -0.856222729 0.496182265 117 123 141
-0.9698051 -1.14183843 0.923737322 59 62 72
-0.984663181 -1.18685363 0.990153358 59 62 72
0.110707482 0.694694835 0.535015981 140 140 140
-0.737021687 0.578038893 1.17482375 104 110 117
2.36394512 -1.02572971 -0.00582163185 0 0 0
-1.06238383 -1.26413987 0.704464114 231 231 231
-1.96204415 1.34943092 1.03562323 0 0 0
-1.12795541 -1.02248212 0.688069996 0 0 0
-0.0486790317 0.678322919 0.532237378 140 140 140
-1.11158373 -1.04054052 0.674677327 130 130 130
-0.29904711 0.589552298 0.186198218 21 20 20
1.60302805 -0.822086189 0.508633838 108 114 130
-0.747237925 0.576389539 1.52623784 67 73 85
-0.747237925 0.576389539 1.52623784 67 73 85
-0.971766061 0.576777805 1.62461032 7 25 55
1.96340752 0.722290855 0.215852292 205 205 205
-1.31101117 0.576538558 1.1482931 141 141 141
-1.72014551 0.585430845 1.13436753 87 90 92
-0.928610075 0.576154021 1.27982787 96 97 101
0.709465076 0.753409915 1.005212 57 57 57
-1.70300415 0.580422899 1.22740481 12 90 38
-0.731740258 0.580512787 0.929976224 124 124 124
-1.72812041 0.584716144 1.11095183 76 101 85
-1.72337289 0.586243432 1.12158956 2 43 12
-1.70126361 0.584649607 1.16312701 19 20 22
-1.707523 0.58476825 1.18079053 114 115 116
0.067687635 0.678082392 0.360468042 0 0 0
-1.41019822 0.585030909 1.36756401 8 10 11
-1.70407153 0.584955681 1.15338908 69 78 78
-1.69259095 0.583985199 1.15805991 62 70 70
4.36652677 1.56688954 -1.22778916 0 0 0
1.97674095 -0.0356459741 0.984866614 0 0 0
-1.37281121 0.56985153 1.22737794 141 141 141
-1.39981598 0.58590008 1.34970376 54 68 65
-1.45688468 0.602320842 1.13606702 6 19 43
-1.46535634 0.591819504 1.30428201 10 12 14
-1.34603051 0.592054432 1.37695155 3 3 4
-0.0797921987 0.109480081 0.020154599 236 236 236
-0.146930731 0.643222056 0.66033361 5 5 5
1.86515298 0.708859884 0.218434961 197 197 197
-1.60532754 0.586010564 1.17728782 86 89 91
-1.49078036 0.585700304 1.32622909 15 18 19
-1.37336321 0.57686769 1.02622079 0 0 0
-1.62204936 0.585302708 1.25572447 6 6 7
-1.37644063 0.580499556 1.31149409 72 74 75
0.634417592 0.762245805 0.861779952 29 30 30
0.00878478873 0.010439187 0.00674142704 0 0 0
-1.63111543 0.585649681 1.17160189 20 22 22
-1.65126121 0.584245681 1.1841737 16 18 19
-0.987132894 0.578939426 0.943457961 80 85 92
-0.549081677 0.579429737 1.1268683 11 75 41
0.183859445 0.761973994 0.891119005 29 30 30
1.57830527 0.784418331 0.8959311 123 123 123
-1.19342376 0.594609334 0.457851362 6 19 43
-1.61205179 0.583058594 1.16776922 82 85 87
-1.59973833 0.586039142 1.21313239 67 76 76
-1.31726498 0.576535861 1.15405932 141 141 141
-1.31726498 0.576535861 1.15405932 141 141 141
-1.56734304 0.585427602 1.2532783 61 77 73
-1.24120677 0.582871625 1.13481879 141 141 141
-1.37545079 0.578891798 1.18393915 0 0 0
-1.54839367 0.584622738 1.26006594 13 14 16
-0.508926779 0.569064632 1.15325247 124 124 124
-0.9606117 0.580671747 1.27682439 85 87 92
2.04982838 0.252508504 0.94265052 59 62 72
-1.37446893 0.567547419 0.73237226 6 19 43
-1.03934751 -0.974399475 0.794746273 130 130 130
-1.08905971 -1.06282666 0.717539842 130 130 130
0.0566018708 -0.116897511 -0.0179679013 236 236 236
-1.10306539 -1.02326681 0.679255004 0 0 0
-1.1162057 -1.07933345 0.653017226 130 130 130
-1.11651602 -1.04973581 0.656270328 0 0 0
-1.11639178 -1.04965642 0.65593659 0 0 0
-1.10339604 -1.07551645 0.679777687 0 0 0
-1.10299901 -1.050239 0.678442168 130 130 130
-1.12741757 -1.01438124 0.661840656 130 130 130
-1.12741757 -1.01438124 0.661840656 130 130 130
-1.07473543 -0.95709765 0.766975772 0 0 0
-0.94118831 -0.91798813 1.01283863 130 130 130
-1.3061247 0.579992026 1.08566122 0 0 0
-0.961890009 0.572191756 1.01504317 124 124 124
-0.75379332 0.57517311 1.14483505 100 105 112
-1.40485197 0.582223826 1.27860246 1 1 1
-0.745118041 0.575563365 1.34006274 124 124 124
2.62899813 0.17451644 1.19103105 78 83 95
2.45134372 0.142060793 1.21945686 78 83 95
-0.972630221 -0.889390243 0.996698283 90 95 109
-0.742168606 0.578447761 1.15900244 112 118 124
-1.32098617 0.585250017 1.42703459 2 2 3
-0.482454925 -0.325213579 1.63672071 0 0 0
2.68555899 0.195844887 1.24579674 81 86 99
-1.24615416 0.601563109 1.31669338 6 19 42
1.94619102 0.787288407 0.894301844 123 123 123
1.9351526 0.183494455 0.795052371 105 110 126
-1.48633442 0.583863011 1.27955419 56 63 63
-1.45684605 0.5815278 1.28260532 5 5 6
-0.0236740409 -0.0588647097 -0.00524520574 0 0 0
-1.33319601 0.577251513 1.06692708 141 141 141
-0.949725912 0.579462307 0.971687322 80 106 85
-1.58335991 0.585969821 1.26610898 14 15 17
1.10853539 0.777966241 0.908866763 0 0 0
0.052235412 0.0200833528 -0.00459789429 0 0 0
-1.3390417 0.576171411 1.09178657 141 141 141
-1.43054187 0.586680365 1.36275206 9 12 13
-0.579281634 0.583205308 1.14832548 124 124 124
-1.64309143 0.586577771 1.20038941 16 19 20
-1.53052866 0.584864515 1.29038747 66 82 79
0.187499802 0.763718582 0.889631931 29 30 30
-0.042570593 -0.0166450185 -0.00167746155 236 236 236
-0.0725355969 -0.0169670411 -0.000817262547 0 0 0
-0.023519992 -0.161201403 0.0866639783 0 0 0
-0.0197221354 -0.161696696 0.0903160735 236 236 236
0.0851931856 0.136819191 -4.93762577e-05 236 236 236
0.219565659 0.726525651 0.271987822 140 140 140
-1.58894816 0.584263101 1.22054564 64 74 73
1.78464442 0.880118102 -0.228368831 231 231 231
-1.33967971 0.593841963 1.43900112 0 0 1
-1.35926779 0.585192199 1.47282125 2 2 2
-0.722202422 0.57666139 1.34582941 56 61 72
-0.058343508 0.0131122138 -0.00240702702 0 0 0
-0.74389625 0.588270393 1.00174759 124 124 124
1.96539089 0.421847188 0.945590137 130 130 130
-1.42437251 0.58513 1.28284562 10 21 13
-1.49463611 0.586850004 1.33074193 5 17 8
-1.40759985 0.58594249 1.30996409 80 83 85
-1.37341132 0.580411582 1.1797587 0 0 0
0.366632327 0.753769945 0.86630595 0 0 0
0.0393532361 -0.0489779485 0.00163904784 236 236 236
0.0430400666 -0.0484765182 -0.00182328063 236 236 236
-0.0143651569 -0.011753508 -0.00175313271 0 0 0
-0.0111564196 -0.0104857587 -0.00422580447 0 0 0
-1.34904179 0.577083915 1.15435638 0 0 0
-0.0491116243 0.722594651 0.616090153 5 5 5
-1.03246759 0.573312237 0.999170007 124 124 124
-1.36233531 0.603021014 1.26644724 5 16 37
-0.904594063 0.579629063 1.16851851 0 0 0
-0.916610345 0.57672945 1.00169195 124 124 124
2.38865725 0.0101215568 -0.00340700843 0 0 0
-1.30631691 0.579773774 1.08675887 0 0 0
-0.72593677 0.578918341 0.981090079 110 118 111
-0.72593677 0.578918341 0.981090079 110 118 111
-0.291928072 0.579911398 1.03714814 10 16 13
-1.33533845 0.584140172 1.47010591 117 117 117
-1.31842343 0.566379728 1.15643131 142 142 142
-1.31850084 0.578208756 1.07869141 0 0 0
-1.31850084 0.578208756 1.07869141 0 0 0
2.53623916 0.154416194 1.23309757 59 62 72
1.59523516 0.76506324 0.885780344 219 219 219
0.210115519 0.721602338 0.244822727 141 141 141
2.23395231 0.801878158 -0.113971847 231 231 231
1.62889745 0.209230543 0.786599585 59 62 72
-0.965975478 0.576978577 1.35599315 12 90 38
-0.738177658 0.576675243 1.26119914 111 112 114
-0.0662229172 0.783747542 1.88436842 57 57 57
2.06393802 0.634676461 1.03657869 29 29 29
0.606700641 0.673002988 1.48990317 140 140 140
1.95678375 0.201851306 0.828702801 1 1 1
1.95132144 0.481476474 0.912579744 0 0 0
2.02515571 0.0705466227 1.07402018 130 130 130
-2.57202864 0.0474588763 0.916120562 0 0 0
0.717813586 0.698857347 1.61872065 0 0 0
-0.979651484 5.28027378 2.67343826 0 0 0
-0.503571362 0.576105281 1.31435201 113 119 124
2.8078011 1.29910348 0.537414266 124 124 124
-0.444332694 0.575239931 1.71811803 72 77 89
1.621277 0.639015037 0.758608547 59 62 72
-0.744843441 0.576491814 1.50860803 68 75 88
0.722013101 0.688898122 1.63878914 140 140 140
0.613867442 0.6954901 1.68262842 0 0 0
0.614294669 0.695854281 1.68275666 0 0 0
0.986105422 0.752768928 1.92799696 0 0 0
0.496643805 0.733492226 1.92624728 0 0 0
0.435570537 0.69972926 0.210964913 5 5 5
-1.03317777 0.586171715 0.939944216 124 124 124
-1.22372055 0.586986802 1.16486693 0 0 0
-0.962816139 0.578916131 1.16020717 124 124 124
-0.998031283 0.580419536 1.62198573 7 24 54
-1.27734277 0.571643864 1.07031825 142 142 142
-1.20062342 0.603861156 1.26469427 6 19 43
1.98850109 0.395512827 1.01084249 0 0 0
2.0112254 0.368952257 1.07768415 130 130 130
1.93042419 0.0775836837 0.860693994 130 130 130
2.27073189 0.256111443 0.893635284 107 112 129
-1.25912828 0.581649392 1.07821075 0 0 0
1.95847795 0.0638638658 0.958481978 0 0 0
1.95811044 -0.0101101106 0.930527429 130 130 130
1.94696517 0.06809672 0.903420456 0 0 0
1.97487635 -0.00968635847 0.974562396 130 130 130
1.97489193 -0.00970906738 0.974526262 130 130 130
2.00246888 0.0687242947 1.0271593 0 0 0
0.00234941673 0.706377207 0.266426006 141 141 141
1.9593762 0.0438163198 0.925554804 130 130 130
1.27097702 0.58038148 0.207551921 231 231 231
-0.755084944 0.577639009 1.31428008 48 67 68
0.138550941 0.704186891 0.415095917 141 141 141
-0.754617881 0.578309327 1.09337383 101 102 105
-0.714655986 0.576526041 1.3319447 124 124 124
2.03334256 0.512009161 1.26027158 21 24 23
-0.906318295 0.575612365 1.61690114 71 76 88
0.623018752 0.702649277 1.52126853 0 0 0
0.726392478 0.709317027 1.56489724 140 140 140
-3.8661509 -0.962960721 0.0196516624 108 106 106
0.845814969 0.788115093 -0.029026531 5 5 5
1.03596827 0.756841206 0.0270406687 4 4 4
-0.672784756 0.582033953 0.927076301 124 124 124
-0.9626942 0.578981029 1.1600615 124 124 124
-0.976314671 0.561288504 1.69161721 30 35 52
-0.976314671 0.561288504 1.69161721 30 35 52
0.0385137252 0.704618221 0.391283903 0 0 0
0.0382727658 0.704414385 0.391434419 0 0 0
1.96186853 0.318159337 0.829291315 59 62 72
1.94582232 0.317424521 0.835284625 59 62 72
-0.99689808 0.577976191 1.68833665 12 89 38
2.00129108 0.503563769 1.03005261 0 0 0
0.758854591 0.704254989 1.55778303 0 0 0
-0.978580577 0.581536467 0.981468132 124 124 124
1.15504258 0.756225539 0.91609299 124 124 124
-1.01535045 0.580043391 1.51690711 94 101 111
-0.933688677 0.57520167 1.69616386 124 124 124
-0.97421068 0.575928017 1.68230059 124 124 124
-0.959468868 0.571035636 1.70351872 4 16 42
-0.525821497 0.582257258 1.14465317 124 124 124
1.59968595 0.604865897 0.789535853 59 62 72
-0.541994362 0.579637713 1.33110221 112 118 122
1.96779157 0.178211898 0.812058011 0 0 0
1.95054128 0.422178306 0.926432375 130 130 130
1.9587134 0.422605113 0.98126239 0 0 0
1.97065421 0.48264386 0.952308822 130 130 130
1.97620847 0.475432195 0.980730688 0 0 0
1.98974412 0.481626456 1.00674423 130 130 130
-0.946876957 0.575945764 1.61747177 64 68 82
-0.946876957 0.575945764 1.61747177 64 68 82
-0.979676676 0.574040777 1.61717792 89 91 98
-0.86567062 0.573236711 1.62554305 11 29 60
-0.871802804 0.575290604 1.63285373 50 56 73
-0.957760942 0.575669057 1.69366553 124 124 124
-1.01237902 0.577527985 1.69189607 12 90 38
-1.02429764 0.573875075 1.70070427 12 90 38
0.77370966 0.70425551 1.58392969 0 0 0
0.119842291 0.709319563 0.352474218 141 141 141
1.6244779 0.219605136 0.804975568 110 116 133
-0.768763881 0.576360463 1.35448366 124 124 124
-1.03073818 0.577296173 1.52606046 57 63 77
-0.765689989 0.575691624 1.63845786 11 29 60
-0.223585688 0.543344196 0.924318227 5 5 5
-0.465145441 0.58480074 1.69578326 3 8 31
-0.74168818 0.579069331 1.15966388 112 118 124
-0.74168818 0.579069331 1.15966388 112 118 124
-0.801445043 0.574572701 1.62606258 12 30 61
-0.430606168 0.594753855 1.08362766 124 124 124
-0.443889044 0.581957009 1.18446523 124 124 124
-0.443073714 0.582297154 1.18248774 124 124 124
-0.0262102674 0.761117187 0.86041379 29 30 30
0.116253299 0.762910249 0.858988029 29 30 30
0.0612164963 0.76498933 0.904608158 9 11 14
-0.688634279 0.568588821 1.26142845 124 124 124
0.552271432 0.748035754 0.957808894 57 57 57
-0.58274757 0.581487978 1.66213943 0 0 1
-0.469981553 0.590651543 1.158607 13 67 42
-0.473145794 0.585098618 1.1609702 13 67 42
0.120097042 0.756266093 0.918100609 9 11 14
-0.757762902 0.572795792 1.2976639 124 124 124
0.775287163 0.762045278 0.862584486 29 30 30
0.760015006 0.774927753 0.939925947 57 57 57
-0.447016912 0.576438051 1.51941023 61 72 91
0.642011077 0.703170782 1.62242756 0 0 0
0.770076477 0.710057834 1.67105557 0 0 0
0.641939816 0.697259338 1.66666265 0 0 0
-0.969575929 0.576119739 1.3452308 113 119 124
-0.762902435 0.576906417 1.34262029 64 67 76
-0.49656385 0.575371171 1.6168292 107 110 115
-0.522633889 0.578354892 1.66228788 98 100 107
-0.426396601 0.583213272 1.72718429 2 8 29
-0.730649148 0.575753595 1.31483016 61 73 80
0.871044368 0.767767127 0.850382507 29 30 30
1.12961238 0.743857742 0.870378613 231 231 231
-0.984482327 0.575432649 1.14993224 124 124 124
1.12730828 0.715893719 0.00936251642 231 231 231
-0.802525568 0.577752341 1.09441655 64 67 75
0.0996900626 0.762738828 0.891341023 29 30 30
0.0996900626 0.762738828 0.891341023 29 30 30
-0.51357022 0.5790234 1.14989195 17 70 43
0.737365245 0.769140238 0.86218019 9 11 14
0.540234083 0.755225736 0.857711064 29 30 30
0.842943101 0.773713749 0.859588921 9 11 14
0.836768175 0.76907769 0.861381791 9 11 14
0.909695185 0.768509153 0.861368014 9 11 14
-0.522986914 0.577347065 1.52639532 55 62 75
-0.522986914 0.577347065 1.52639532 55 62 75
0.592668214 0.698642395 1.45879941 140 140 140
0.633354581 0.725496696 1.45271461 140 140 140
-0.796437858 0.575008973 1.6165375 84 88 97
-0.807139607 0.575612221 1.63142705 93 96 103
-0.892830211 0.570773814 1.63416838 88 91 99
-0.892830211 0.570773814 1.63416838 88 91 99
-0.502602008 0.576297263 1.65330325 79 82 88
-0.878239312 0.574461547 1.68712854 4 17 44
-0.90333654 0.575881794 1.68466377 4 16 43
-0.87123329 0.575171013 1.69242026 124 124 124
-0.871189419 0.575258268 1.69258354 124 124 124
-0.863009625 0.575288909 1.70282235 124 124 124
-0.863009625 0.575288909 1.70282235 124 124 124
0.742558768 0.701408927 1.64471812 140 140 140
0.712385319 0.70070035 1.63968268 0 0 0
-0.504631055 0.578302834 1.15683403 124 124 124
-0.771098747 0.577949097 1.30552102 12 89 38
-0.716725567 0.576075331 1.3163008 124 124 124
-0.701733251 0.576683762 1.42910722 54 58 68
-0.763680119 0.576806144 1.50857314 65 72 85
-0.763680119 0.576806144 1.50857314 65 72 85
-0.792386518 0.576132326 1.5259328 35 43 60
-0.536528396 0.576197925 1.53218697 94 101 111
-0.487059668 0.575931151 1.6075961 6 9 15
-0.841314081 0.801261712 1.60290947 9 26 56
0.660295357 0.727045245 1.51549392 0 0 0
-0.505535877 0.575976849 1.63770959 103 105 111
-0.576263026 0.580258592 1.65059037 2 3 5
0.689834485 0.705275616 1.61153892 140 140 140
-0.689409488 0.572334379 1.07575381 124 124 124
-0.52703529 0.576373615 1.62809186 91 100 103
-0.753234942 0.574485569 1.43110669 100 102 105
-0.908396553 0.575895499 1.62530047 10 28 58
-0.917935756 0.57492337 1.61621277 85 88 96
-0.922599549 0.575686432 1.62510353 9 27 57
-0.937612244 0.57552197 1.6246873 9 27 57
-0.937612244 0.57552197 1.6246873 9 27 57
-0.953896737 0.576057913 1.62503526 8 26 56
-0.953896737 0.576057913 1.62503526 8 26 56
-0.987954449 0.576134077 1.61635027 65 70 82
-0.987954449 0.576134077 1.61635027 65 70 82
-1.01775498 0.576732623 1.60935206 7 25 55
-0.771144939 0.576248489 1.62450205 13 31 62
-0.771365737 0.575628682 1.62461498 13 31 62
-0.796843513 0.575802193 1.6249429 12 31 62
-0.814099031 0.576468589 1.62464947 12 30 61
-0.814141121 0.57568345 1.62477819 12 30 61
-0.827384643 0.576156132 1.62486031 12 30 61
-0.942074554 0.575599842 1.63269932 71 75 85
-0.984109117 0.575757535 1.60020213 86 89 97
-0.841215428 0.575535257 1.6161864 68 75 90
-0.841215428 0.575535257 1.6161864 68 75 90
-1.02255777 0.575615551 1.63380812 60 64 76
-0.785319796 0.575608265 1.63267939 84 87 96
-0.785133565 0.575615081 1.63270437 84 87 96
-0.795222664 0.576068245 1.63386462 79 83 93
-0.876238539 0.574716395 1.62558809 11 29 59
-0.87608409 0.574543225 1.62557089 11 29 59
-0.983933507 0.577391312 1.14866166 124 124 124
-0.992136775 0.576631156 1.26197717 93 97 102
-0.992136775 0.576631156 1.26197717 93 97 102
-0.710646946 0.575785479 1.43032335 93 95 101
-0.779765988 0.576196928 1.43089118 71 74 82
-0.567385394 0.576607296 1.52566808 44 51 67
-0.567385394 0.576607296 1.52566808 44 51 67
-0.914411807 0.574901207 1.60064769 77 81 92
-0.893840555 0.575833902 1.61637834 81 85 93
-0.958381214 0.575704525 1.60074092 76 80 91
-0.5118942 0.576732563 1.61813749 5 13 15
-0.511579738 0.576654202 1.61760748 5 13 15
-0.524849546 0.576807314 1.61379937 2 3 6
-0.772412169 0.576042547 1.63343992 72 77 89
-0.845090661 0.57512143 1.6327606 81 84 93
-0.968484013 0.575460582 1.6329516 70 75 85
-0.518985381 0.577381375 1.62600391 107 109 114
-0.513709204 0.576274757 1.63227155 6 14 24
-0.521144129 0.575117728 1.64357496 1 1 2
-0.520818168 0.575181458 1.64356249 1 1 2
-0.532767685 0.576568193 1.64190727 0 1 1
-0.532767685 0.576568193 1.64190727 0 1 1
-0.547490752 0.575876628 1.64230957 7 15 27
-2.60617991 0.0664257213 0.912958966 228 228 228
-2.14132338 0.93754065 0.121766936 4 15 34
-1.78041446 2.22500856 0.084893502 57 57 57
-1.37737041 1.06768267 -1.16990298 0 0 0
-0.786159634 4.63223835 -1.98789787 29 30 30
-0.869813267 4.82671066 -1.38445768 57 57 57
-0.911995713 4.88938479 -1.79188522 57 57 57
-1.23246671 1.87617648 0.0444411714 0 0 0
-0.649949651 4.81734973 -1.43612288 0 0 0
-0.671795503 4.87373582 -1.3550385 0 0 0
-1.23266776 1.57107215 -0.835977651 0 0 0
-0.696881083 3.52395553 -1.29696698 0 0 0
-1.36395718 2.1987551 -1.44013152 143 143 143
-0.644542614 4.93323216 -1.42669342 57 57 57
-2.2527747 -1.0964828 0.340945606 87 92 106
-2.60632669 0.0668202125 0.913422504 228 228 228
-2.10690264 0.833434318 1.10119023 6 16 33
-2.55314236 -0.209290241 0.720323889 110 116 133
-2.21234511 0.494223652 0.817570046 79 82 95
-2.4622375 0.173653991 1.02877374 0 0 0
-2.4625974 -0.00353563727 1.1793094 0 0 0
-3.48997225 -0.624360001 0.768295765 0 0 0
-1.05763331 -1.25992225 0.935702287 231 231 231
0.674156001 -0.996234676 1.25689637 8 8 8
-0.958251553 -1.14971821 1.03226773 118 124 142
-3.41081974 -1.53286069 1.24052564 2 2 2
-5.17844124 -0.750532529 0.99969904 182 182 182
-2.69735394 -0.825304955 0.518300885 0 0 0
-5.36215911 0.0186423806 1.08247615 231 231 231
-3.35320672 0.209081458 0.911667585 108 114 131
-3.35320672 0.209081458 0.911667585 108 114 131
-3.3852084 -1.23359636 0.851922278 117 123 141
-4.54406162 -0.936056225 1.30808756 231 231 231
-3.56784482 -0.6267736 0.365929515 0 0 0
-5.51189413 0.253229445 0.979443731 200 200 200
-2.52991539 -0.146808446 0.659250187 99 104 120
-2.23235925 -0.996759935 1.23737038 233 233 233
-3.12487131 -0.160419516 1.28727168 79 77 77
-5.13996506 -0.744570038 1.00798557 182 182 182
-3.05075208 -1.08627603 1.06728731 67 67 67
-2.65258875 -0.142586573 1.13378632 115 121 139
-2.66038502 -0.149347514 1.06556595 114 120 137
-3.22175981 -1.53347418 1.28802479 231 231 231
-5.11187526 0.728986116 0.898808345 231 231 231
-3.23879555 0.632573735 0.896493517 82 86 100
-3.25757144 0.199455162 0.825013751 64 67 78
-3.14789037 -0.203832687 0.960819881 99 104 120
-3.24187533 0.645938917 0.940670433 231 231 231
-2.08769269 0.898109865 0.138272285 0 0 0
-1.03342314 -1.463303 0.453378222 0 0 0
-1.57744833 2.3375954 -0.113228725 57 57 57
-0.441358108 0.573897326 1.10289034 124 124 124
-0.278646502 0.707436029 0.8968256 231 231 231
-0.520193247 0.601979955 1.11197881 0 0 0
-2.15499164 0.630007411 0.663023576 5 5 5
-2.05109171 0.596378941 0.620358349 0 0 0
-0.958547938 -0.911422086 1.01596748 197 197 197
-2.224191 -1.04833575 1.32254741 123 123 123
-2.94182668 -0.975984602 1.17437688 67 67 67
-3.12709993 0.152623969 1.12561872 68 72 84
-3.19663658 -0.973167406 0.627257875 0 0 0
-4.69197101 0.241657371 1.03279715 107 105 105
-4.32604846 -0.958406436 1.21998883 70 68 68
-2.97407513 -1.03340606 1.10239415 67 67 67
-5.97565464 0.35781327 0.961259709 231 231 231
-2.66007413 -0.926954136 0.264583499 0 0 0
-2.50354978 -0.224627061 0.640451626 110 116 133
-3.17055273 -0.149240959 1.28468439 79 77 77
-3.22159731 -1.53349323 1.28805223 231 231 231
-5.24287182 -0.920157599 1.04301574 111 111 111
-3.19510702 -1.23906094 1.22378189 59 62 72
-3.0939122 0.278786575 0.839970974 0 0 0
-3.45261784 0.700176615 0.931435382 231 231 231
-3.13920063 0.51681543 1.35057981 117 123 141
-4.43067756 -0.908164366 1.1209661 231 231 231
-3.54484696 -1.76267028 1.27931968 231 231 231
-2.54938429 -0.00505941184 0.791934544 0 0 0
-2.54938429 -0.00505941184 0.791934544 0 0 0
-3.24057125 0.184461028 0.841724766 117 123 141
-3.67126661 0.544434444 1.17417913 0 0 0
-2.55493193 -0.0517619858 0.788155253 228 228 228
-2.66399977 0.546319581 1.10629059 5 5 5
-6.64207048 -0.320156105 0.914075602 0 0 0
-3.88473795 -1.80168682 1.14052561 231 231 231
-3.14846662 -1.70441681 1.27963727 231 231 231
-2.797456 0.680977902 1.00421752 231 231 231
-3.10021935 0.230945437 0.772967733 0 0 0
-2.12395864 -0.958050046 1.23728538 232 232 232
-3.05907995 -0.968039642 0.913315028 108 106 106
-2.19869582 -1.07810723 1.2291316 0 0 0
-3.70409137 0.789239718 0.904404422 231 231 231
-2.99299883 0.735913546 1.26707953 2 2 2
-3.42809195 0.592842318 1.33101903 0 0 0
-3.40248341 0.541483738 1.33798587 231 231 231
-3.11902881 0.192307631 0.826172881 0 0 0
-3.19175395 -1.09271831 0.947398032 116 122 140
-5.8515321 0.188237154 0.969870705 231 231 231
-2.10036764 -0.947420981 1.22382932 126 126 126
-3.53598342 0.749206679 0.898457157 9 9 9
-2.34090166 -1.10203543 1.20757125 231 231 231
-1.10006392 -0.826083945 0.537151688 117 123 140
-2.55084189 -0.220166074 0.64003978 87 81 78
-2.5616502 -0.034233057 0.80343701 228 228 228
-2.57454688 -0.080160907 0.829232064 228 228 228
-3.16764164 0.159006001 0.95274441 96 101 116
-3.4410544 0.739082811 0.9358718 9 9 9
-2.39480373 -0.945306899 1.22839218 231 231 231
-2.39466568 -0.945166737 1.22843549 231 231 231
-1.92327779 1.18807429 2.01873521 0 0 0
-3.15234358 0.450070655 1.37537616 0 0 0
-3.25887362 -0.14737128 1.23982307 105 110 126
-2.35289621 0.763257003 0.941067963 231 231 231
-2.69816868 0.451126236 0.775930216 110 115 132
-2.23058877 -0.937194887 1.09195757 67 67 67
-3.13936926 -0.948975543 0.69570451 0 0 0
-3.20529556 -1.57251238 1.2961574 59 62 72
-3.24706747 0.217553824 0.840873261 118 124 143
-1.84194593 0.62019227 1.08841993 62 64 65
-2.29936569 -0.999671262 1.22919772 231 231 231
-2.51498448 -0.0205746152 0.749105715 228 228 228
-5.3044741 -0.857652506 0.939680402 178 178 178
-2.60183151 -1.81961235 1.08217084 0 0 0
-2.39674278 -0.0657222968 0.150046588 0 0 0
-1.26177815 -1.35119676 0.643617088 231 231 231
-2.46283762 0.123871438 0.936312158 0 0 0
-3.10491579 -1.27674399 0.668131246 0 0 0
-2.30949999 -1.70794614 0.455671107 231 231 231
-2.4126079 -0.0663172084 1.17930826 103 108 124
-0.981552497 -0.828755606 0.658322712 59 62 72
-0.948504981 -0.847199546 0.848374825 59 62 72
-0.145686376 -1.70150026 1.05134649 130 130 130
-0.145686376 -1.70150026 1.05134649 130 130 130
-3.23690131 -2.15748804 1.00606277 90 94 109
-2.60773288 0.0372095708 0.0300677612 0 0 0
-2.42443757 0.245721309 1.3940012 231 231 231
-2.537143 -0.0146571694 0.742781544 181 181 181
-0.130847632 -1.70217325 1.10415989 0 0 0
-0.958031104 -1.71215786 0.833849528 231 231 231
-1.91013516 -1.57861511 0.947312656 231 231 231
-2.06316889 -1.63418892 1.03599817 231 231 231
-2.09977318 -1.5792708 1.19670125 107 107 107
-0.106504135 -1.70652994 1.17858277 130 130 130
-0.0988089259 -1.70221897 1.18422088 130 130 130
-1.35473254 -0.819392798 0.460037845 59 62 72
-0.974631703 -1.36831088 0.96951649 231 231 231
-0.335831919 -1.75914624 1.17464881 8 8 8
-3.19913678 0.330860686 1.27644164 0 0 0
-3.19189411 -0.640124744 0.799447619 79 77 77
-1.03583697 -1.37948143 0.497619028 94 99 114
-2.57664434 -0.122317984 0.798671442 228 228 228
-1.04421507 -1.54860011 0.396736341 231 231 231
-0.333739145 -1.70898217 0.966262101 231 231 231
-1.131809 -1.25650818 0.814919362 90 94 109
-0.0963450632 -1.69269182 0.921876641 130 130 130
-0.950750965 -0.912896923 0.74131965 197 197 197
-0.987880926 -1.60091316 0.634852962 69 73 85
-2.12158435 -1.12169808 1.23574389 223 223 223
-0.955024471 -0.989118394 0.892113425 197 197 197
-0.953230027 -0.988384294 0.893251662 197 197 197
-2.56617128 0.00960288658 0.82058942 162 162 162
-0.249016003 -1.70020659 1.10011612 0 0 0
-2.75336528 0.213509224 0.901586661 0 0 0
-0.304513345 -1.72893043 1.16768123 130 130 130
-0.207902942 -1.70042653 1.0561956 0 0 0
-0.150017162 -1.69822874 1.0040194 130 130 130
-0.149695539 -1.70010359 1.06027247 130 130 130
-0.232943405 -1.72966441 1.07213212 130 130 130
-0.977461711 -1.22206242 0.890262262 90 95 110
-2.7739381 0.62443317 1.09745024 231 231 231
-2.89724369 0.102582725 1.04395623 69 73 84
-2.45203262 0.795685662 -0.173293534 0 0 0
-0.681863694 -1.65845058 0.532572152 8 8 8
-0.0917884061 -1.71650032 0.903129971 8 8 8
-2.19730258 -0.17865785 0.634229375 117 123 142
-2.83818238 0.723418772 0.958368127 11 28 46
-0.977502291 -1.18524793 0.981277692 102 107 123
-0.95470498 -1.57455505 0.986337913 231 231 231
-2.38202876 0.739458089 0.93218443 0 0 0
-2.31758004 -0.999072508 1.23934566 150 150 150
-2.32527138 -0.999963912 1.23769924 150 150 150
-3.52416588 -0.961645515 0.628405372 0 0 0
-1.06571479 -1.3347588 0.477425072 94 99 114
-2.26066225 -1.68539043 0.518369351 231 231 231
-3.10681393 0.763569853 1.01509555 2 2 2
-1.05328131 -0.840713914 0.574531209 59 62 72
-0.936486798 -1.01015433 0.834051339 197 197 197
-0.936486798 -1.01015433 0.834051339 197 197 197
-0.815038126 -1.78940483 0.850203992 8 8 8
-2.03097013 -1.57826607 1.22359617 107 107 107
-2.22322455 -0.940919878 1.23203973 223 223 223
-2.45754147 0.605900514 0.683577565 106 112 128
-3.13943347 0.327102953 1.09489757 0 0 0
-1.87283754 0.589551571 1.54336739 6 19 43
-4.08219489 -0.774491004 0.868511314 70 68 68
-2.583389 0.64811645 0.884782654 5 5 5
-2.79662749 0.670832026 0.905275215 5 5 5
-3.85487893 -1.07736669 0.0481985814 108 106 106
-2.52776453 -0.00560961587 0.740901978 228 228 228
-2.55992648 -0.00535356108 0.805758295 0 0 0
-2.51697652 0.172960345 0.220039298 0 0 0
-4.07233114 -0.882855866 1.24049678 0 0 0
-2.16917879 0.132013162 0.641359747 120 126 144
-2.94556541 0.752095606 1.10757991 2 2 2
-2.40192051 0.614526162 0.63506783 116 122 139
-2.86350171 -0.956177595 1.15964196 67 67 67
-3.2669546 0.209437794 0.845620594 117 123 141
-2.65262099 -0.167697296 1.06863259 96 101 116
-2.58038654 -0.0216928711 0.482843619 0 0 0
-3.13818235 0.157067218 0.994817957 66 70 81
-2.3229749 -0.984792464 1.22778566 0 0 0
-1.79926313 0.589517243 1.57489486 68 71 78
-4.9988936 0.730957979 1.01056613 116 122 140
-3.09740393 -1.0995499 0.862035629 0 0 0
-3.09740393 -1.0995499 0.862035629 0 0 0
-2.58579822 -0.0159444229 0.842732973 0 0 0
-2.66635932 0.155366015 0.94161131 109 114 131
-1.75047094 0.585791379 1.63363396 6 19 43
-1.40585013 0.586310123 1.32139782 9 11 13
-1.63077669 0.586258641 1.17143259 23 25 26
-1.60895485 0.58142979 1.6261767 113 114 115
-1.63976657 0.584631788 1.6063491 110 111 113
-1.66849346 0.583317725 1.63261194 121 121 121
-1.66849346 0.583317725 1.63261194 121 121 121
-1.39222538 0.585705688 1.34629218 7 8 9
-1.40726176 0.585742212 1.33936519 9 11 12
-1.42159842 0.585562051 1.36229323 9 10 12
-1.73787164 0.587800178 1.56390853 6 19 43
-1.59420776 0.580287357 1.62004396 6 19 43
-1.67371066 0.5846572 1.60649885 122 122 123
-1.7818147 0.5829534 1.58879716 6 19 43
-1.87349471 0.587796973 1.60554362 119 119 120
-1.87349471 0.587796973 1.60554362 119 119 120
-5.22664247 -0.694972525 1.01921526 215 215 215
-1.51717562 0.586038894 1.21360752 11 86 36
-1.52935776 0.5854977 1.29222994 65 81 78
-2.50130577 0.761021093 0.906920436 122 122 122
-2.57182355 -0.0229106233 0.830458712 228 228 228
-2.57182355 -0.0229106233 0.830458712 228 228 228
-1.37166349 0.587780126 1.47706286 0 0 0
-2.73837103 0.740990299 0.848518413 231 231 231
-0.952144834 -5.97367362 0.978913829 0 0 0
-2.3388028 -0.962135001 1.22947149 0 0 0
-3.05856363 -0.561325846 2.6097311 0 0 0
-5.33465203 -0.92035613 1.10900535 0 0 0
-2.35578415 -0.950316634 1.23657839 228 228 228
-2.63002274 -0.953209686 1.24392471 118 118 118
-4.41342487 -0.808181819 1.07913897 231 231 231
-4.98273826 0.718726693 1.09984776 231 231 231
-2.60292262 0.515779066 1.11405362 231 231 231
-1.83754137 0.583495695 1.43917496 8 21 44
-4.37333823 0.636877868 1.09474651 0 0 0
-5.42184784 -0.928633376 0.959494573 231 231 231
-5.13763174 -0.362489788 0.970521845 79 77 77
-1.37654142 0.578850801 1.18532375 0 0 0
-1.39492592 0.584065561 1.2902503 72 75 77
-2.7160016 0.397440568 1.39248689 0 0 0
-2.563487 0.0342332472 0.906000573 228 228 228
-2.46962743 0.0310161606 0.055046564 0 0 0
-3.12175865 0.592159936 1.05853104 72 76 87
-2.20846843 -0.893374504 0.282842432 67 67 67
-3.21274409 -0.998561968 0.316748297 0 0 0
-2.841435 -0.981871901 1.1005749 67 67 67
-2.86447245 0.789153934 1.08701097 231 231 231
-3.11298334 0.138599332 1.03772159 69 73 84
-1.72302684 0.582443545 1.57729251 74 76 83
-5.25873625 -0.747993678 1.0350065 111 111 111
-1.30815895 0.581736746 1.36010612 53 78 63
-1.56650339 0.580367688 1.24279217 23 27 28
-2.66403191 -0.141503335 1.09881544 69 73 85
-2.8659389 -0.928765405 1.20505106 67 67 67
-5.38305296 -0.720753817 1.11744112 0 0 0
-1.75739193 0.585140706 1.1529362 6 6 7
-1.37149192 0.584070065 1.50225693 6 19 43
-5.28096064 -0.861203333 0.980187072 181 181 181
-5.37403185 -0.96248581 1.10371298 200 200 200
-2.60378309 0.0640378534 0.0770137882 0 0 0
-2.58057839 0.0580488244 0.086805058 0 0 0
-3.87044758 -1.02134571 0.133608115 108 106 106
-3.17701932 -0.45455161 1.23187177 0 0 0
-3.15599568 0.196823999 1.05957812 108 106 106
-2.64122974 0.558777946 1.11033488 96 101 116
-2.49817141 0.0646494372 0.660930649 228 228 228
-5.35207219 -0.92489216 1.107083 0 0 0
-1.21239506 0.581160987 1.18344468 0 0 0
-1.38079785 0.585150744 1.35150904 21 24 26
-2.64515234 -0.203422183 0.953906651 113 119 136
-1.31926066 0.585373716 1.42803373 2 2 3
-1.72033484 0.579908413 1.31480118 25 29 42
-3.26616812 0.35814846 0.747845434 93 98 113
-5.29178531 -0.736859728 0.923343969 176 176 176
-5.27904835 0.753688832 1.03587885 0 0 0
-2.71690179 0.159953643 0.922226958 109 115 131
-1.88254984 0.619790353 0.233948341 0 0 0
-4.01576634 -0.826572294 0.183009047 70 68 68
-2.57879833 -0.24641296 0.880555637 84 78 75
-2.79978362 -0.023913955 0.70498658 0 0 0
-2.72792522 0.288467411 1.04117202 96 101 116
-2.77294476 0.0260232492 0.173582907 0 0 0
-2.76714105 -0.0879397791 0.777676807 0 0 0
-5.34105358 -0.84544349 1.16570866 231 231 231
-0.967584639 0.575923025 1.60893265 9 27 57
-0.983075108 0.575966325 1.6086275 9 26 57
-2.1205072 0.882161247 0.73756384 0 0 0
-0.960448253 0.575800129 1.61686304 90 93 99
-0.972524996 0.575133128 1.60098015 51 58 75
-1.00380218 0.576598473 1.60033975 86 89 96
-0.951722791 0.574803414 1.08692638 124 124 124
-0.953646024 0.570796724 1.15396678 11 78 40
-0.994878767 0.575951051 1.50920707 81 87 100
-1.00112472 0.57777814 1.09313092 77 80 86
-1.00112472 0.57777814 1.09313092 77 80 86
-0.965572028 0.576748246 1.36513466 124 124 124
-1.75678141 0.585005946 1.10683338 1 2 4
-1.72082053 0.584315992 1.13393067 79 82 83
-1.42098002 0.584952282 1.26726991 52 54 56
-1.42979706 0.590220543 1.27656517 23 30 26
-5.22996232 -0.282264834 0.954815057 84 83 83
-0.724155081 0.570843106 1.29870419 124 124 124
-0.793950664 0.568693754 1.26177146 124 124 124
-3.02625269 0.124507685 1.06446154 62 65 76
-3.18147065 0.615047824 1.10978824 71 75 87
-3.75546351 0.632097211 1.20190285 0 0 0
-5.26399335 -0.638553723 1.0111235 146 146 146
-5.32022652 -0.698074645 1.06059545 192 192 192
-0.753125396 0.57579266 1.43062619 92 94 98
-4.22778474 0.682520864 1.17274673 98 103 118
-0.738827832 0.57518919 1.27107734 124 124 124
-0.831304934 0.575838461 1.61671476 94 96 103
-0.831304934 0.575838461 1.61671476 94 96 103
-0.863109071 0.576668245 1.60002464 63 69 84
-0.833220802 0.575838976 1.63329052 87 90 98
-0.833220802 0.575838976 1.63329052 87 90 98
-0.68157356 0.577303708 1.09421019 112 113 115
-0.718979383 0.575917904 1.08590983 124 124 124
-0.950739 0.577412286 1.14294836 124 124 124
-0.944737014 0.577073479 1.27925527 107 108 110
-1.38822202 0.578841664 1.1706956 143 143 143
-1.38822202 0.578841664 1.1706956 143 143 143
-0.851387073 0.576192801 1.6170312 86 89 98
-0.914752056 0.575313124 1.60057242 92 94 102
-0.973872755 0.57303859 0.968853375 124 124 124
-0.988104244 0.576539772 1.09508768 85 86 91
-2.27405348 -0.247192456 0.586098986 71 75 87
-2.55219806 0.619673837 0.640903266 0 0 0
-3.02186383 0.579067698 1.00812615 231 231 231
-1.39596423 0.583626656 1.49362409 1 1 1
-4.37055562 0.655812491 1.0732606 0 0 0
-3.00978885 0.284380173 1.3062049 231 231 231
-3.13282779 -0.369542354 1.29379754 0 0 0
-2.15891415 0.557442139 1.14517603 0 0 0
-1.31347038 0.58392847 1.08288007 0 0 0
-2.97342237 0.0753964201 1.11139655 73 77 89
-2.61953136 0.649292593 0.879159192 5 5 5
-2.1515769 0.594985692 1.01387504 0 0 0
-2.2803504 0.282889 1.44514806 0 0 0
-1.68997344 0.575071678 1.16425931 42 49 48
-0.749500874 0.575854507 1.63267698 72 77 89
-0.687693468 0.578312305 1.27774212 106 107 109
-0.72718615 0.575735603 1.63255622 84 88 97
-0.551707064 0.576592679 1.26187881 107 108 111
-0.962211565 0.577286237 1.15737789 124 124 124
-2.54024337 0.168260679 0.644214166 0 0 0
-2.54024337 0.168260679 0.644214166 0 0 0
-0.856945935 4.8775329 2.91150954 0 0 0
-3.18190315 -0.206230821 0.948290461 100 105 120
-0.677778296 0.471835745 1.53797578 70 76 89
-3.16717753 0.269884515 0.959941412 94 99 113
-1.05024812 0.745756981 1.24163881 124 124 124
-2.55462169 -0.0431969242 0.79816299 228 228 228
-2.72928815 0.477141732 0.745883054 112 118 136
-2.34938655 0.613873746 0.843038203 5 5 5
-1.14349769 0.50512733 0.627690284 0 0 0
-1.20913593 0.589261439 1.26530648 6 19 43
-2.97762969 0.586306836 1.00451519 231 231 231
-2.05598571 0.928754384 0.65655819 6 19 43
-1.70208177 0.588626755 1.22386751 60 83 67
-0.720708737 0.575935987 1.62471767 13 31 62
-0.533591499 0.576721245 1.26998314 124 124 124
-0.739901645 0.575531842 1.28052472 58 61 71
-0.552024534 0.57558941 1.64968544 87 91 97
-0.691334346 0.576189134 1.61648421 84 88 97
-0.97901701 0.575775767 1.08645865 124 124 124
-0.499586735 0.577665955 1.35393079 124 124 124
-0.782684581 0.582162549 1.27600598 65 69 77
-0.782684581 0.582162549 1.27600598 65 69 77
-2.54205359 0.0209321449 0.766826805 228 228 228
-2.54875947 -0.0221634772 0.7782003 228 228 228
-2.54875947 -0.0221634772 0.7782003 228 228 228
-0.713061191 0.576856636 1.36415317 12 88 38
-1.70494435 0.581951082 1.21234929 86 87 88
-1.66955646 0.577543332 1.25452276 2 3 2
-1.35443032 0.585006438 1.49179866 12 23 43
-0.945425905 0.575778315 1.60047158 88 91 98
-1.31031363 0.546173712 0.727645149 6 19 43
-2.27915086 0.680449654 0.654691505 5 5 5
-0.482150172 0.576340206 1.15037129 124 124 124
-0.491913604 0.576982425 1.16435437 9 60 41
-1.31509308 0.584053577 1.34489935 16 89 39
-1.44999012 0.581420471 1.2643451 78 81 83
-2.56282953 0.16884132 0.659632839 98 103 119
-1.35294897 0.587156287 1.32305118 73 76 78
-1.30425652 0.675138859 0.364595006 6 19 43
-0.506912257 0.575679388 1.27030792 124 124 124
-0.513466021 0.579598898 1.27655041 96 97 100
-0.513466021 0.579598898 1.27655041 96 97 100
-0.726053761 0.576322709 1.61021404 15 33 64
-0.495263894 0.577187703 1.26150321 98 101 105
-0.543385995 0.581699137 1.307703 124 124 124
-0.552173476 0.578513695 1.28010175 83 85 90
-0.550503458 0.575731892 1.28142577 83 85 90
-2.56347855 -0.207328193 0.632481349 85 79 76
-2.54469388 -0.0363448156 0.778676168 0 0 0
-2.32093931 -0.939287876 1.23601483 225 225 225
-3.22213183 -0.141576772 1.03915791 70 74 85
-0.592035267 0.582409715 1.13824472 124 124 124
-2.72953169 0.718349057 -0.0123406222 0 0 0
-1.23393612 0.598213709 0.469008814 6 19 43
-1.97375169 0.606092581 0.0108014465 106 106 106
-0.557483048 0.577516856 1.1640547 47 53 66
-0.940524512 0.576875565 0.962996567 12 90 38
-0.940524512 0.576875565 0.962996567 12 90 38
-1.33603668 0.553507562 1.02194096 143 143 143
-0.772140384 0.575793712 1.32412221 124 124 124
-1.2386728 0.567359418 1.15298995 142 142 142
-1.23683985 0.56757009 1.15399739 142 142 142
-0.708825069 0.578080512 1.34870342 124 124 124
-0.73009507 0.577293259 1.3665161 124 124 124
-2.67454706 0.572049082 1.0802397 81 86 99
-3.11011687 0.592123347 1.21815483 88 92 106
-3.08171015 0.756265856 1.26492695 2 2 2
-0.513969532 0.577964202 1.1504113 11 68 41
-0.525957185 0.579770026 1.14005487 124 124 124
-1.18610687 0.575352741 1.2657539 6 19 43
-2.26191044 -1.10029903 1.24043483 0 0 0
-1.33871695 0.579284043 1.45397122 0 0 0
-0.720745509 0.575844948 1.6247328 13 31 62
-0.512138328 0.575935946 1.08653277 124 124 124
-0.530061891 0.575189243 1.08680271 124 124 124
-0.740187905 0.576583378 1.31896597 112 118 124
-0.74511639 0.578372338 1.31806148 112 118 124
-0.930514619 0.575920951 1.28033876 92 94 98
-0.582796535 0.576957565 1.52572768 46 54 69
-2.28258027 -1.0099751 1.23913956 0 0 0
-0.749293473 0.576510011 1.52618211 52 59 72
-0.749293473 0.576510011 1.52618211 52 59 72
-0.772590022 0.576739499 1.52622108 42 49 64
-0.772654638 0.576943605 1.5261523 42 49 64
-0.73888874 0.576191265 1.61614153 82 85 95
-0.73888874 0.576191265 1.61614153 82 85 95
-0.755314148 0.576598403 1.62458306 13 31 62
-0.928810827 0.574478245 1.60075567 70 75 87
-1.01596708 -0.856863414 0.651266331 66 70 81
-0.991235231 -0.855383867 0.725522844 79 83 96
-0.503307319 0.579412925 1.07487913 97 100 104
-0.503307319 0.579412925 1.07487913 97 100 104
-0.502049176 0.578322367 1.09236576 106 107 109
-0.502049176 0.578322367 1.09236576 106 107 109
-0.497522776 0.578571448 1.1265382 6 28 43
-0.522644348 0.577492767 1.09305661 103 104 106
-0.728393046 0.575058185 1.08681837 124 124 124
-0.681443554 0.580067327 1.2776004 106 106 108
-0.67952086 0.576887995 1.27916524 106 106 108
-0.717621696 0.576935104 1.27945406 80 83 87
-0.717616958 0.576952421 1.27947143 80 83 87
-0.731286881 0.577986058 1.27806651 73 76 82
-2.54588407 -0.208513167 0.639921078 84 79 75
-0.767967946 0.577572697 1.27834761 75 78 84
-0.767967946 0.577572697 1.27834761 75 78 84
-2.58310579 -0.213331147 0.773182927 111 117 134
-0.775770186 0.578003142 1.34048646 124 124 124
-0.775127436 0.577222396 1.34116321 124 124 124
-0.701913677 0.575599503 1.4293847 54 59 69
-1.79745489 0.583785053 1.1597003 43 57 47
-1.79745489 0.583785053 1.1597003 43 57 47
-2.76335116 0.754205014 0.928516034 14 30 44
-0.731452359 0.576048981 1.50790116 59 67 81
-0.731452359 0.576048981 1.50790116 59 67 81
-3.07291913 0.251714053 0.96136006 69 73 85
-0.815220873 0.576338331 1.50917119 76 83 95
-0.815220873 0.576338331 1.50917119 76 83 95
-1.37061615 0.588199553 1.43289717 1 1 1
-1.38081363 0.58516435 1.48096427 1 1 1
-0.710002695 0.576522579 1.61045992 14 33 64
-0.717713832 0.57547825 1.61658523 84 88 97
-0.717713832 0.57547825 1.61658523 84 88 97
-0.74624025 0.575886992 1.61061186 14 33 64
-0.765719744 0.575784409 1.61689762 84 88 97
-0.765719744 0.575784409 1.61689762 84 88 97
-0.847075812 0.575700915 1.60049249 86 90 98
-0.847075812 0.575700915 1.60049249 86 90 98
-0.887565937 0.576837479 1.60049355 86 89 98
-0.887565937 0.576837479 1.60049355 86 89 98
-1.88141009 0.574078127 1.45844062 6 19 43
-2.53251537 -0.0147549536 0.746187116 193 193 193
-1.96347146 0.59480064 1.02950402 70 70 70
-2.16646892 -0.882487397 1.19688558 67 67 67
-2.75178744 0.110663721 1.11984941 110 112 122
-2.12497048 -1.12161826 1.23457207 226 226 226
-2.25688655 -0.96528213 1.23393961 0 0 0
-1.75468914 0.563608261 0.317612725 60 60 60
-1.28968232 0.593628775 0.542201571 6 19 43
-0.929192654 -0.980341089 0.948424975 0 0 0
-0.667867355 0.569378804 1.00168969 124 124 124
-2.53933117 0.653515648 0.661323402 5 5 5
-0.854018862 0.578097795 1.55042735 111 113 115
-3.26721857 0.616689806 1.1928733 89 94 108
-1.03718029 0.575221801 1.58664541 8 26 56
-3.66103376 -0.655959475 0.353923429 0 0 0
-3.66103376 -0.655959475 0.353923429 0 0 0
-3.69934757 -0.625195629 0.466584301 0 0 0
-1.27368529 0.86331467 1.01034014 85 92 91
-0.854424454 0.576384327 1.52048099 111 113 115
-0.741386405 0.57322504 1.2986828 124 124 124
-2.61007309 -1.80562977 0.950107614 0 0 0
-1.60974385 0.587955331 1.15056605 3 7 20
-0.893052897 0.5761775 1.51993232 50 60 80
-3.46874362 0.617492485 1.25010077 231 231 231
-0.741935786 0.577123236 1.16022953 112 118 124
-0.960617914 0.573832669 1.11829754 124 124 124
-1.58541353 0.58041226 1.18769037 81 84 86
-1.33048801 0.571354413 1.45670521 0 0 0
-2.76665898 0.74214409 1.19102808 231 231 231
-0.754722082 0.576907659 1.36731435 124 124 124
-1.49605834 0.588966361 1.21991768 3 6 16
-2.80040943 0.116666497 1.06267374 108 106 106
-0.798991558 0.574775867 1.51847045 94 101 111
-1.34395703 0.583904768 1.45294768 0 0 0
-0.838203471 0.576323952 1.60723314 14 32 63
-0.940915154 -1.02859803 0.929249072 197 197 197
-2.36503669 0.257943678 0.554493594 118 124 142
-0.760676775 0.575577981 1.27113768 124 124 124
-0.743065069 0.594350634 1.30623766 45 65 66
-0.729557991 0.576624006 1.31464646 45 65 66
-0.801416652 0.577838578 1.2786584 99 101 103
-0.802276657 0.578228737 1.27870023 99 101 103
-0.742429975 0.577126062 1.35421545 70 76 86
-2.45511898 0.772141392 0.914104434 6 20 42
-0.718852716 0.578304562 1.42884554 69 73 81
-0.718788023 0.578198253 1.42888072 69 73 81
-0.740322086 0.577409984 1.43676469 111 113 115
-1.71471921 0.57745713 1.2282058 0 0 0
-2.27427169 -0.994741732 1.23084531 225 225 225
-0.785904607 0.576494341 1.51740834 94 101 111
-3.08587288 0.757837204 1.26390392 2 2 2
-0.9408406 -1.02831481 0.831203016 197 197 197
-0.9408406 -1.02831481 0.831203016 197 197 197
-0.731354301 0.578009827 1.27799766 68 71 78
-0.965128717 0.577366331 1.17788953 12 88 38
-0.774792962 0.575668505 1.27066478 124 124 124
-0.709664748 0.577222802 1.34145325 124 124 124
-0.722924838 0.577291094 1.33713643 57 63 73
-0.722924838 0.577291094 1.33713643 57 63 73
-0.716888848 0.57838485 1.35391848 124 124 124
-2.53899197 0.00539922028 0.75347824 0 0 0
-2.53899197 0.00539922028 0.75347824 0 0 0
-1.70579517 0.583667799 1.17866585 77 79 80
-1.57460863 0.582383457 1.2284868 53 60 60
-2.66505375 0.622672509 0.96003125 231 231 231
-2.8971647 0.766132561 1.01289999 2 2 2
-0.77877684 0.576067837 1.50923492 69 76 89
-0.77877684 0.576067837 1.50923492 69 76 89
-0.834797937 0.579479527 1.61601967 86 89 98
-0.875933635 0.57584605 1.60069014 88 91 100
-0.875933635 0.57584605 1.60069014 88 91 100
-1.28008405 0.871530736 1.54780922 76 80 91
-1.63379051 0.559591726 0.792657218 6 19 43
-1.63379051 0.559591726 0.792657218 6 19 43
-2.70008858 0.280234772 1.06012425 99 104 119
-0.939530756 -1.15808171 1.00550989 59 62 72
-1.01563691 0.576016971 1.52678465 66 73 85
-1.01563739 0.576017512 1.52678678 66 73 85
-1.34589401 0.59030405 1.16251456 0 0 0
-2.40290898 0.132733288 0.313757661 0 0 0
-1.83518914 0.613311086 1.28168806 6 19 43
-2.56215433 0.6563029 0.857918087 5 5 5
-2.79236366 0.732210498 0.9761894 231 231 231
-2.97990584 0.757284434 1.2193149 2 2 2
-3.02975436 0.650808256 1.13102268 231 231 231
-0.907169748 0.579657836 1.18021678 124 124 124
-1.37368254 0.603305553 1.21179958 142 142 142
-1.3705076 0.599103335 1.21247697 142 142 142
-0.956642596 0.566533832 1.17395775 77 87 84
-0.969275728 0.579208506 1.17093614 77 87 84
-2.52067727 0.638117764 0.66305561 5 5 5
-1.2815456 0.576544316 1.13866312 142 142 142
-0.719878871 0.573289053 0.984649592 69 102 77
-0.794979905 0.572763264 1.07542638 124 124 124
-1.34378838 0.577234312 1.11852379 0 0 0
-2.87639558 0.752563876 1.03344183 2 2 2
-2.87730784 0.752969551 1.0331779 2 2 2
-0.955656631 -0.914016071 1.01496203 197 197 197
-0.927732452 0.577971641 1.16190612 124 124 124
-0.743457669 0.57733409 1.33818708 124 124 124
-0.742766513 0.577212318 1.33909108 124 124 124
-2.52522923 0.746728972 0.91531279 18 57 40
-1.83460359 0.583475277 1.41215304 64 69 78
-2.04576146 0.663172264 0.380526209 6 19 43
-1.30215445 0.576094191 1.14877705 142 142 142
-1.29678068 0.572147762 1.1515113 142 142 142
-0.936993453 0.576653917 1.33633416 109 115 122
-0.750649691 0.579010382 0.966347659 124 124 124
-0.955975307 0.575242859 1.32865922 112 118 124
-1.76072104 0.578193419 1.14213328 46 49 49
-3.18562343 0.319431365 0.809168388 94 99 114
-2.84677555 0.750927766 1.02060018 2 2 2
-2.69914562 0.549024645 1.09305438 231 231 231
-1.02663537 0.576051727 1.51788998 94 100 111
-1.8362948 0.582583959 1.46351177 68 72 80
-1.83621864 0.582575485 1.4634818 68 72 80
-1.09736218 -0.813596626 0.48792109 61 64 74
-1.05383076 -0.835807286 0.544496568 119 125 144
-0.712017036 0.577119412 0.909389535 86 88 93
-0.712017036 0.577119412 0.909389535 86 88 93
-0.764455224 0.577290414 0.90125603 124 124 124
-1.41534409 -0.801506487 0.532212113 67 67 67
-0.941755076 -1.02906618 0.929007279 197 197 197
-0.720295449 0.578626211 0.964469854 124 124 124
-0.720257736 0.578602859 0.96456278 124 124 124
-0.726939279 0.57793002 0.953881909 11 88 38
-0.735778025 0.578862492 0.963430608 124 124 124
-0.772399914 0.57554367 1.08636762 124 124 124
-0.969489597 0.580212548 0.946644805 124 124 124
-0.963744345 0.574697227 1.08735979 124 124 124
-2.1977418 -0.211414062 0.620218377 120 126 144
-0.944423964 0.577444114 1.13279192 11 66 42
-0.944423964 0.577444114 1.13279192 11 66 42
-1.69999148 0.585611736 1.13823248 15 16 17
-1.59599703 0.586493158 1.20103898 12 13 14
-1.55272871 0.583604747 1.24147076 52 60 60
-1.65903386 0.578235379 1.16469524 8 9 10
-1.56254051 0.58652641 1.26913472 67 82 79
-1.02994857 0.577453475 1.53343482 94 100 111
-1.03948005 0.575961532 1.52774156 52 58 72
-1.03948005 0.575961532 1.52774156 52 58 72
-1.32166155 0.587830144 1.47340236 6 19 43
-1.33769969 0.584002317 1.48317111 12 23 43
-1.34271312 0.575163316 1.48397219 100 100 100
-2.97990584 0.757284434 1.2193149 2 2 2
-1.386251 0.585569685 1.49762377 111 111 111
-1.21815003 -0.838429496 0.612151219 111 117 134
-1.00189174 -0.869121615 0.731100122 72 75 87
-1.04250419 0.586441196 1.11558312 124 124 124
-1.04250419 0.586441196 1.11558312 124 124 124
-1.02615875 0.574435397 1.18075414 124 124 124
-0.962834793 0.574431596 1.34019041 109 116 122
-3.07037276 0.300372884 0.769538631 0 0 0
-2.70658861 0.737047937 1.21782626 231 231 231
-0.958360516 -1.29815742 0.938728125 80 84 97
-1.21007467 0.580161876 1.27581704 6 19 43
-1.47905292 0.586006166 1.30619285 13 14 16
-1.35328001 0.585504084 1.38761093 3 4 4
-0.955640754 -1.021919 0.944721717 0 0 0
-0.984773701 -1.28758064 0.919193009 231 231 231
-0.987542539 -1.16278356 0.973772178 231 231 231
-2.82253515 0.681787215 1.0257862 231 231 231
-1.09850336 -0.810171247 0.511451562 60 64 74
-0.940102223 -1.09920849 0.745822102 197 197 197
-0.940102223 -1.09920849 0.745822102 197 197 197
-0.952340793 -0.935527413 0.947232081 0 0 0
-0.954558426 -0.93658991 0.945824183 0 0 0
-0.938014033 -1.08006698 0.95471473 0 0 0
-1.3417211 0.586927515 1.05519259 142 142 142
-0.97767935 -1.21055092 0.731433027 65 68 79
-0.94760202 -0.895221694 0.818689521 73 77 89
-0.93347113 0.571926303 0.96658252 12 88 38
-1.22189426 0.582491336 1.02306687 0 0 0
-1.22189426 0.582491336 1.02306687 0 0 0
-2.7240906 0.652729613 0.912355017 5 5 5
-0.976756964 0.577501172 0.989792575 124 124 124
-0.938629471 0.571525086 1.18087109 12 90 38
-0.972052367 0.574816483 1.3437971 112 118 124
-1.0204921 -1.2287835 0.54411529 61 64 75
-1.10061708 -1.45064384 0.433764982 231 231 231
-0.94315831 -1.10525286 0.737626293 197 197 197
-0.94315831 -1.10525286 0.737626293 197 197 197
-0.905204079 -0.842207903 0.955318225 59 62 72
-0.939414598 -0.926471371 0.960154579 0 0 0
-0.979964168 0.572510518 0.914682048 113 113 115
-1.32417813 0.56967105 1.09858515 142 142 142
-1.00147709 0.576361316 1.2795296 69 71 79
-1.00147709 0.576361316 1.2795296 69 71 79
-2.58032679 -0.107978309 0.857908953 0 0 0
-2.81658726 0.714487568 1.02073323 231 231 231
-1.38070291 0.583052397 1.42426804 1 1 1
-1.39247469 0.58322077 1.36742293 45 57 54
-3.7308058 -1.01994891 0.0670126427 108 106 106
-2.62021237 0.790844655 1.0324955 231 231 231
-2.3181814 0.579545886 0.599701004 115 121 139
-0.987109614 -1.39109074 0.973213484 231 231 231
-2.53013875 0.194027036 0.660972647 0 0 0
-1.47043665 0.583420849 1.30832664 13 15 16
-2.86403551 -0.160584856 1.02526953 99 104 119
-2.10467017 0.620915057 1.00478647 22 68 40
-2.74044762 0.755347045 0.909198576 17 28 47
-2.90930189 -0.728541999 1.23993249 231 231 231
-2.92638212 -0.729557015 1.23717594 231 231 231
-3.62339926 -0.572339581 0.344377063 0 0 0
-1.24455897 0.572996049 1.06474583 142 142 142
-2.40188911 0.250666112 0.477960233 0 0 0
-3.04761051 0.707968943 1.0576964 231 231 231
-2.23350101 -1.01994167 1.23663115 0 0 0
-1.06910648 -0.855051924 0.485931209 92 97 112
-1.01550006 -0.874183856 0.620278372 68 72 83
-0.964433436 -0.864936044 0.83036324 87 92 106
-1.22607116 0.583027847 1.0655779 0 0 0
-1.3204265 0.586605668 1.07898342 0 0 0
-1.54658548 0.589913392 1.1896881 4 7 17
-2.70662139 0.755604326 0.863595982 231 231 231
-1.31637519 0.584749453 1.34419313 17 89 40
-1.315677 0.584461566 1.34475539 17 89 40
-1.03312233 -1.2808024 0.569955952 59 62 72
-2.61096467 0.724483914 -0.0100737727 231 231 231
-1.66825068 0.584537706 1.13886797 83 86 88
-2.57950537 0.772066674 0.88411682 11 19 32
-2.55382022 -0.0126248535 0.799344169 0 0 0
-1.62727393 0.583361981 1.18903044 83 86 88
-1.7604854 0.578142205 1.14233078 46 49 49
-1.41428269 0.584208276 1.30843803 80 83 85
-3.05351307 0.202787092 1.01472807 97 102 117
-1.33471044 0.585180164 1.47004496 112 113 113
-0.947326105 -0.906825177 0.736654726 197 197 197
-0.945429154 -0.906082551 0.737385737 197 197 197
-1.01539494 -1.22580731 0.621029042 85 89 103
-0.94181255 -0.927177765 0.95847163 0 0 0
-2.48818986 -0.126037307 0.658767821 228 228 228
-2.58425648 0.0505763323 0.856482364 0 0 0
-2.58446269 0.0505522385 0.856335427 0 0 0
-2.5450157 -0.0368011416 0.77746729 0 0 0
-2.64571341 0.758901492 0.90464387 123 123 123
-2.65492856 0.762977872 0.901692199 123 123 123
-2.72848516 0.763537038 0.940691612 231 231 231
-3.03382496 0.24015447 0.966944253 69 73 85
-2.83893731 0.764704182 1.14315824 4 4 4
-3.01386835 0.221494478 1.00769721 69 73 84
-2.17980751 0.653520736 0.628863411 2 2 2
-2.66132817 0.0134561086 0.741891403 0 0 0
-2.65149099 0.0743882721 0.703238774 0 0 0
-1.97340371 0.620209615 0.367437114 106 106 106
-1.13767929 -1.99413571 0.152577961 231 231 231
-0.752891516 -2.2455528 -0.492711038 231 231 231
-1.59084851 0.513922166 0.417541768 106 106 106
-1.50875808 0.66986801 0.44962363 6 19 43
-2.26692299 -0.182740677 0.615970833 117 123 141
-1.97496716 0.628344649 0.0120693334 106 106 106
-0.974869718 -1.33884602 0.992512564 95 100 114
-0.987760979 -1.53937619 1.01819257 118 124 142
-2.61845654 0.0512593801 0.0432541421 0 0 0
-0.961947949 -1.37675231 0.984511864 231 231 231
-1.06349675 -1.24791034 0.761214538 75 79 91
-1.40135701 0.58371421 1.30258337 69 72 74
-3.69630832 -0.741585619 0.316093643 0 0 0
-1.2435713 0.571978007 1.06549031 142 142 142
-1.95926128 0.569618581 0.248544977 5 5 5
-2.75606103 0.0221133383 0.64812207 0 0 0
-2.61059913 0.00466358208 0.836486252 0 0 0
-1.44794125 0.586175044 1.34760032 13 18 18
-1.07071518 -1.29243277 0.52252763 120 126 145
-0.957024231 -0.874676842 0.99548473 79 83 96
-0.957024231 -0.874676842 0.99548473 79 83 96
-2.02390339 1.72896198 -1.76271776 157 157 157
-0.31120745 0.741159589 0.861870981 231 231 231
-0.31120745 0.741159589 0.861870981 231 231 231
-2.18933711 0.678125248 0.878604615 74 74 74
-1.89966079 1.70850418 0.111931289 158 158 158
-0.476956552 0.764457592 -0.112320551 157 157 157
-1.05457732 -1.51024128 0.417349901 231 231 231
-1.05457732 -1.51024128 0.417349901 231 231 231
-0.80282189 -1.50262271 1.36228972 0 0 0
-2.39039809 -0.217590945 0.630464128 114 120 138
-0.956462256 -0.91395155 1.01436713 197 197 197
0.359625649 -4.85789058 1.49865941 0 0 0
-0.810201369 -1.76071247 0.420774177 9 9 9
-0.821715563 -1.7698639 0.41026967 9 9 9
-1.98951025 0.581917763 0.200147851 231 231 231
-1.98951025 0.581917763 0.200147851 231 231 231
-0.945359957 -0.928276862 0.800280858 0 0 0
-0.946149691 -0.928670287 0.800077264 0 0 0
-0.942074319 -1.00158338 0.845895561 0 0 0
-0.942074319 -1.00158338 0.845895561 0 0 0
-1.18379842 -1.24822182 0.899905299 102 107 123
-4.09678168 -1.01037355 -0.00306110299 108 106 106
-2.36108101 0.160111558 0.328255825 0 0 0
-2.29979708 0.576180679 0.609573514 114 120 138
-1.0359971 -1.48060326 0.441693111 231 231 231
-0.97063154 -1.64498267 0.78972746 74 78 90
-0.95619913 -0.866504118 0.885752515 88 92 106
-0.436540888 0.572781449 1.19516841 124 124 124
-1.38279997 0.599033532 0.96999744 142 142 142
-0.516098965 0.619077245 1.12432132 124 124 124
-0.958306757 0.580731093 0.969462433 0 0 0
-0.951709454 0.577505319 0.972910792 95 111 97
-0.773331514 0.593240889 1.1667431 105 111 118
-1.22433349 0.574114396 1.03979739 0 0 0
-0.936847323 -1.01988757 0.923566538 197 197 197
-0.936847323 -1.01988757 0.923566538 197 197 197
-0.834904601 0.591694469 1.06331923 124 124 124
-2.13681321 0.620946823 0.68572013 5 5 5
-1.28748886 0.581760935 1.06301696 142 142 142
-0.832089652 0.588848231 1.25222116 124 124 124
-0.832089652 0.588848231 1.25222116 124 124 124
-1.21345467 0.567586838 1.18114577 0 0 0
-0.948125686 -1.0227668 0.83354705 197 197 197
-0.549427539 0.59983151 1.11342313 124 124 124
-0.587957442 0.60035646 1.15240889 85 86 91
-1.05621492 -1.21785405 0.488201607 96 101 116
-0.78844169 -1.75002862 0.879620395 8 8 8
-0.94158498 -0.969009232 0.861779311 0 0 0
-0.548724389 0.575985612 1.15129038 124 124 124
-0.962527004 0.582426312 0.98205988 12 90 38
-0.712170236 0.576522075 1.32380124 124 124 124
-1.98698599 0.575244822 0.996293476 231 231 231
-1.16594016 -0.806541885 0.509524528 59 62 72
0.349601418 -1.15408744 1.31664963 8 8 8
-0.944354224 -1.00160724 0.912268182 0 0 0
-0.936791473 -0.99943359 0.916085292 0 0 0
-0.536882377 0.593252072 1.27062137 85 87 91
-0.536882377 0.593252072 1.27062137 85 87 91
-1.19847516 0.584699142 1.08055513 145 145 145
-1.22539237 0.596372737 1.09962483 142 142 142
-1.2163571 0.592335847 1.13100002 148 148 148
-1.21500478 0.5918381 1.1555299 151 151 151
-0.742477382 0.577379706 1.35427515 81 87 94
-2.13558299 0.628847405 1.03508398 231 231 231
-2.58069067 -0.107433991 0.857143714 0 0 0
-0.943239138 -0.985159557 0.859126704 197 197 197
-0.943239138 -0.985159557 0.859126704 197 197 197
-2.64030685 -0.275106774 0.986096142 87 92 105
-0.584722249 -1.7585102 0.142972725 231 231 231
-0.900700966 -1.69938282 0.777559044 231 231 231
-2.88014398 -0.739449554 1.13666793 70 68 68
-0.266444924 -1.71070663 0.979801178 0 0 0
-0.31904654 -1.69911836 0.9626758 231 231 231
-0.952705565 -0.934067058 0.757140724 197 197 197
-1.02615875 0.574435397 1.18075414 124 124 124
-1.28805717 -1.56485587 0.968139966 231 231 231
-0.792664828 -1.73519222 -0.0239466449 87 81 78
-0.95870399 -0.883462343 0.991609118 99 104 119
-3.72669491 -1.60205222 0.779960513 0 0 0
-2.80089051 -0.0895239907 1.11526584 0 0 0
-1.06006873 -1.45704838 0.447109043 231 231 231
-0.222901948 -1.71469447 0.993448513 130 130 130
-1.02530153 -1.67533862 0.609507432 85 89 103
-1.00262345 -1.66448603 0.660079712 69 73 85
-0.210876861 -1.70524332 1.02770472 0 0 0
-0.2405122 -1.70450273 1.02948373 130 130 130
-0.240583565 -1.70463682 1.02971763 130 130 130
-0.986977326 0.588405053 1.29420821 124 124 124
-2.04822196 0.343956201 1.26502701 231 231 231
-2.50687414 0.0240627903 1.14151971 67 71 82
-2.50541648 0.0403723473 1.12470676 69 73 84
-1.07173732 -1.30855614 0.482356852 92 97 112
-0.233503482 -1.70268695 1.00719446 0 0 0
-0.942683261 -0.963272311 0.836734256 197 197 197
-0.942076619 -0.99377155 0.840301526 0 0 0
-0.948116886 -1.02277493 0.83356139 197 197 197
-0.349327284 -1.7665721 0.412083484 8 8 8
-0.944379837 -0.969720054 0.860712044 0 0 0
-0.79687947 -1.75601071 0.875000549 8 8 8
0.624799772 -0.930088072 1.4821786 8 8 8
-0.30850831 -1.70369112 0.912698511 8 8 8
-2.18203891 0.236340821 0.627895932 120 126 144
-1.71802411 0.575442897 1.16252553 9 10 11
-2.41436863 0.182723727 1.08510444 69 73 85
-2.4088551 0.138225067 1.10609196 94 99 114
-0.752838027 4.53466664 -0.321783604 0 0 0
-1.44837875 -0.817330897 0.535298406 67 67 67
-1.06932911 -1.55927033 0.730130364 73 77 89
-0.340013439 0.677945561 0.900143834 158 158 158
-1.03263349 -1.52632934 0.414966075 231 231 231
-1.03263349 -1.52632934 0.414966075 231 231 231
-0.387864395 -1.72563306 0.0735988858 231 231 231
-0.940470624 -0.958721972 0.931318815 0 0 0
-0.958504331 -0.945800788 0.993441689 197 197 197
-0.941547121 -1.06801896 1.00079922 197 197 197
0.996886963 -0.742180785 1.45154689 231 231 231
-0.952705565 -0.934067058 0.757140724 197 197 197
-0.936126298 -1.07573321 0.765567412 197 197 197
-0.938952681 -1.00760053 0.88035548 197 197 197
-0.938952681 -1.00760053 0.88035548 197 197 197
-0.954485386 -1.06512701 0.819265317 0 0 0
-0.928415128 -1.0566011 0.940441169 0 0 0
-2.10543968 0.825101864 0.839411965 6 19 42
-1.73851874 2.25215512 -1.53446963 0 0 0
-1.38454734 -0.853003102 0.510010067 106 112 128
-1.37010861 -0.851824775 0.517252226 106 112 128
-0.984704953 -1.53715169 1.01961712 118 124 142
-0.959003588 -1.61549674 0.997038623 59 62 72
-1.09096289 -1.46884064 0.427953064 231 231 231
-1.05835774 -1.26643348 0.555699375 117 123 141
-0.949995255 -0.940868944 0.808633775 0 0 0
-0.949511752 -0.997765505 0.811358124 0 0 0
-0.957373197 -1.5756273 0.984761422 231 231 231
-1.07484601 -0.856770345 0.481323769 92 97 112
-0.782576335 0.596664108 0.91760012 124 124 124
-0.502655641 0.591438631 1.15713282 69 79 79
-0.96111678 0.571766792 1.1193741 124 124 124
-1.94662294 0.699155195 0.823799489 0 0 0
-2.56685232 0.00929845091 0.820605356 228 228 228
-1.00304384 -1.22102068 0.659015335 69 73 84
-1.41240413 -0.826972165 0.509517943 106 112 128
-0.970061321 -1.15388477 1.02783684 117 123 141
-1.01826585 -0.853613613 0.633983859 96 101 117
-1.01501559 -1.21798639 0.636673555 99 104 120
-1.01721415 -1.30068793 0.63328937 97 102 117
-1.04165218 -1.67140642 0.622130136 95 100 115
-0.256234342 -1.64979301 0.952103738 8 8 8
-0.256234342 -1.64979301 0.952103738 8 8 8
-0.958317895 -1.31123235 0.832546713 87 92 106
-0.935402982 0.574061447 0.96475999 13 87 38
-0.551238527 0.590506467 1.14014516 124 124 124
-1.00012199 -1.62250511 0.960223828 231 231 231
-0.980535092 -1.63229764 0.96200696 59 62 72
-0.760018703 0.587773733 1.15464503 111 118 124
-2.01374656 0.590412923 1.05966992 231 231 231
-3.34155495 -1.29837342 0.089915607 107 107 107
-3.76922441 -1.36216344 0.728581929 231 231 231
-2.17204465 0.033643055 1.24752183 100 105 121
-3.92925311 -1.05318227 1.1013851 78 78 78
-3.73509083 0.137582789 0.0220338074 0 0 0
-2.53530652 -0.0758516151 0.833316663 228 228 228
-2.2302982 0.764947125 0.821413746 6 19 42
-1.46201896 0.493245495 1.02098161 6 19 42
-2.57267446 0.0553867966 0.623410595 0 0 0
-2.50958751 -0.0923132391 0.673016334 228 228 228
-0.756897656 -1.54181992 1.19679337 0 0 0
-2.57535489 0.0370438019 0.847466768 0 0 0
-1.59784244 0.581191476 1.25291241 16 18 19
-2.49703002 0.0688053436 0.655648914 228 228 228
-2.4972815 0.0694121651 0.655217058 228 228 228
-2.6344009 -0.0153105318 0.836467893 0 0 0
-0.742813485 -6.31291867 1.35075392 8 8 8
-0.269172753 -6.52454121 1.52934159 0 0 0
-0.503883581 -5.11014635 1.82516593 190 190 190
-0.757808676 -5.33596043 1.5819532 92 97 111
-0.941571009 -5.34409727 1.42179399 76 80 92
-0.731554729 -5.61162453 1.34393768 191 191 191
-1.01288958 -5.60729842 1.5731133 162 162 162
-0.353743131 -6.54450812 1.93916366 59 62 72
-0.637643576 -4.76833418 1.28379506 109 115 132
-0.428353785 -6.37415454 1.51742525 75 79 92
-0.54710098 -6.34404001 1.52192016 231 231 231
-0.683782375 -5.33352808 1.85591366 231 231 231
-0.580976454 -5.04200356 1.38966902 0 0 0
-1.05155524 -5.63974379 1.5451739 112 118 135
-0.308797452 -6.60794425 1.69516996 165 165 165
-0.488358551 -5.12899513 1.79802277 66 70 81
-0.428305711 -5.12888165 1.35732176 231 231 231
-1.01920806 -5.91077881 1.29960664 139 139 139
-3.97848627 -1.2093705 -0.191780419 0 0 0
-0.26036066 -5.2442679 1.32609022 0 0 0
-0.265328665 -6.54001121 1.59559996 165 165 165
-0.265328665 -6.54001121 1.59559996 165 165 165
-0.309745255 -6.41525212 1.47874866 0 0 0
-0.309745255 -6.41525212 1.47874866 0 0 0
-0.300794112 -6.55408999 1.51925639 165 165 165
-0.8146985 -5.41247555 1.68957609 93 98 113
-0.219198923 -6.55739998 1.49304625 0 0 0
-0.219198923 -6.55739998 1.49304625 0 0 0
-0.263497125 -6.51006389 1.51717665 165 165 165
-0.301044055 -6.44443735 1.51264111 165 165 165
-0.737302448 -6.3134297 1.33121912 8 8 8
-0.737302448 -6.3134297 1.33121912 8 8 8
-0.441173006 -5.12273954 1.40842865 84 88 102
-1.06136277 -5.33053873 1.71128306 231 231 231
-2.06599916 -4.25252878 1.6901135 231 231 231
-2.09812614 -4.23814904 1.83033492 231 231 231
-0.388144203 -6.30786553 1.50542454 231 231 231
-0.968592364 -4.39417781 1.42853811 154 154 154
-0.310605072 -6.45142995 1.50959798 165 165 165
-0.290734823 -6.57973503 1.63837327 0 0 0
-0.267460514 -6.52464648 1.5299174 0 0 0
-0.811265198 -6.03623414 1.31680496 117 123 141
-0.311745607 -6.45072267 1.5082036 135 135 135
-1.00940414 -5.74183869 1.29374165 231 231 231
-0.691885904 -6.13496947 1.64122322 0 0 0
-0.621227615 -6.21772739 1.30538331 0 0 0
-4.53159555 -0.454247801 1.1363309 231 231 231
-0.520767576 -4.99271951 1.6698896 59 62 72
-0.311081893 -6.3776098 1.42727698 59 62 72
-1.01158274 -4.60891235 1.25555395 89 94 108
-3.51539616 -0.648182852 0.639875777 0 0 0
-0.733312592 -6.31126676 1.35725575 8 8 8
-1.10592907 -5.63947708 1.61413775 231 231 231
-0.489965915 -5.80655074 1.32936732 117 123 141
-0.377111951 -6.44291094 1.6289892 0 0 0
-0.496789211 -5.08435398 1.47322527 92 97 111
-0.708807074 -4.81620229 1.44679418 89 94 108
-3.28260457 -1.80034205 0.32614837 0 0 0
-1.96413545 -4.42585694 1.92559155 130 130 130
-1.98141679 -4.41591807 1.92182179 130 130 130
-0.286838681 -6.49883791 1.54067392 0 0 0
-0.900298467 -5.34923502 1.4181761 69 73 84
-0.889902146 -5.33338492 1.50003541 64 68 79
-2.20994598 -3.93682939 1.73809812 158 158 158
-0.675665978 -5.97146207 1.2480059 0 0 0
-0.756781 -6.32491769 1.35105618 231 231 231
-3.09540328 -1.17328634 0.644806012 0 0 0
-1.0641357 -5.45049474 1.77879289 231 231 231
-2.46292037 -3.60788931 2.27035729 41 41 130
-2.46292037 -3.60788931 2.27035729 41 41 130
-0.309302403 -5.26170275 1.43710642 109 114 131
-0.474529237 -4.88983784 1.28911916 60 63 73
-4.17457437 -1.30680006 -0.014415828 0 0 0
-4.17457437 -1.30680006 -0.014415828 0 0 0
-0.282436042 -6.53706027 1.57085602 165 165 165
-1.00295533 -5.7213059 1.37473058 109 114 131
-0.1808473 -6.69079496 1.3919627 116 122 140
-1.37185506 3.40550597 1.67725675 0 0 0
-0.734010857 -4.71168944 1.28213962 0 0 0
-0.416492583 -6.44421085 1.675354 165 165 165
-0.416492583 -6.44421085 1.675354 165 165 165
-0.186338286 -6.56114742 1.44416403 166 166 166
-0.611808385 -5.06958104 1.78927696 231 231 231
-0.55756587 -5.10386413 1.8143335 231 231 231
-2.02704559 -3.98397105 1.27978269 101 102 102
-0.882489663 -4.35061369 1.29278356 59 62 72
-0.209584187 -6.68542383 1.43140519 67 71 82
-0.309465003 -6.4480141 1.50787748 165 165 165
-0.377111951 -6.44291094 1.6289892 0 0 0
-0.638557465 -5.47555513 1.39770593 109 115 132
-0.426731277 -6.44070123 1.6785683 165 165 165
-3.57208078 -1.46275989 0.900822525 231 231 231
-0.636790078 -6.31540609 1.16711985 8 8 8
-0.66517123 -6.31699391 1.16813317 8 8 8
-0.944170831 -5.30777526 1.73966005 231 231 231
-0.942178228 -5.30936949 1.74041931 231 231 231
-2.59100959 -1.93357089 0.90111157 0 0 0
-2.83913075 -2.944022 1.19357376 0 0 0
-3.74519637 -2.19503074 0.753187812 0 0 0
-3.13798997 -2.25418751 0.707952351 70 74 85
0.985990703 -4.41774992 1.57965994 5 5 5
0.3656071 -4.82142883 1.58890726 228 228 228
0.449293237 -4.68917079 1.72133835 97 97 97
0.273251278 -4.79317039 1.70266513 192 192 192
0.358769117 -4.88158241 1.43567453 228 228 228
1.23069901 -5.68740208 1.56693053 236 236 236
1.50772047 -5.44365975 2.21821212 119 125 143
1.20215551 -5.38046427 1.52924703 236 236 236
1.77791132 -6.04272478 2.05204365 29 30 30
0.105104435 -3.57181326 1.72206727 158 158 158
0.416716283 -4.80090235 1.50442902 0 0 0
0.252048685 -4.93202772 1.53854233 83 77 74
1.32911153 -5.5788533 1.56595234 0 0 0
1.05893897 -5.51730436 1.55329807 236 236 236
-0.80234467 -5.39653145 1.30198002 231 231 231
-0.57676167 -5.03476488 1.29855545 105 110 126
0.356627594 -3.64518108 1.79981085 0 0 0
1.22129187 -5.73327566 1.54894547 115 121 139
-1.35353046 3.3253236 -1.05235292 23 24 24
0.769288412 -4.83081805 1.67811973 111 116 134
-0.912736188 -5.30669968 1.4804137 0 0 0
-0.897673191 -5.68882781 1.38754712 0 0 0
1.10628487 -5.53802144 1.54113638 0 0 0
-0.604762895 -5.9096819 1.30147661 94 99 114
-0.604762895 -5.9096819 1.30147661 94 99 114
1.16755704 -5.5576013 1.54136574 236 236 236
-0.411038912 -5.16381424 1.66176525 108 114 130
-1.01217993 -5.60802025 1.57376963 130 130 130
1.15710178 -5.30321806 1.61712525 0 0 0
1.15710178 -5.30321806 1.61712525 0 0 0
0.859874448 -5.26023379 1.44762149 0 0 0
-1.54348194 -3.92092626 1.2460657 231 231 231
1.00358007 -5.57059915 1.14534716 0 0 0
0.45094212 -5.92207923 1.72935916 234 234 234
1.50769436 -5.4425654 2.21759892 119 125 143
-1.01731325 -5.47577938 1.80464474 98 103 118
0.415611516 -4.2466034 1.42740643 85 90 103
-1.04534084 -5.888779 1.05819037 231 231 231
-3.49375423 -0.698531383 0.552393026 0 0 0
1.37805452 -5.62712357 1.57593958 236 236 236
1.56628687 -5.55338244 1.92559479 29 30 30
-0.273955971 -6.39576773 1.43171791 166 166 166
-0.916146582 -5.70897804 1.31693666 228 228 228
0.658560426 -5.04851855 0.462441217 231 231 231
1.20628442 -5.50279866 1.55056757 236 236 236
1.57553671 -5.48902643 2.02626963 29 30 30
-0.40718037 -6.3381951 1.54742042 8 8 8
-0.40718037 -6.3381951 1.54742042 8 8 8
0.471917805 -4.38163974 1.5267058 100 105 120
0.471917805 -4.38163974 1.5267058 100 105 120
-0.948157953 -5.63410461 1.53026177 0 0 0
-2.80591595 -1.9603179 0.77982456 64 68 79
1.26522271 -5.25702769 1.61586335 87 92 106
-0.865493516 -5.44798611 1.78497872 138 138 138
1.44141614 -5.44379175 1.9002608 93 97 112
0.644247252 -2.81657088 1.15249466 29 29 29
1.49670279 -5.49885999 2.10521464 62 66 76
1.49670279 -5.49885999 2.10521464 62 66 76
1.54484078 -5.52836663 2.03087201 94 99 114
0.865686352 -4.37754963 1.76017188 112 118 135
0.763805476 -5.10610898 0.582782817 0 0 0
1.16229397 -5.82141506 1.54961602 116 122 140
0.612071034 -5.92444064 1.77393674 0 0 0
1.47764912 -5.46991828 2.21488911 62 66 76
0.416334037 -5.89283627 1.73282218 0 0 0
1.45567182 -5.62753708 1.63903561 94 99 114
-0.863671992 -5.94759741 1.10728975 0 0 0
-1.02016632 -4.39531027 1.38485887 115 120 138
-1.0039404 -4.40867113 1.39293483 115 120 138
0.380800315 -4.88935755 1.63685656 0 0 0
1.37689762 -5.62241725 1.57139336 236 236 236
1.56585282 -5.56356423 1.92907469 29 30 30
1.23852946 -5.44161275 1.55087128 0 0 0
1.23852946 -5.44161275 1.55087128 0 0 0
-0.44975385 -5.09337333 1.47992463 92 97 111
-2.74164855 -1.36320207 0.585596751 107 107 107
0.066956233 -2.89251321 1.63610191 100 105 120
1.48084664 -5.64013024 1.55939704 120 126 145
1.22364788 -5.57964552 1.58355707 236 236 236
1.22349181 -5.57966202 1.58343603 236 236 236
1.22304204 -5.37907118 1.54570184 236 236 236
1.22365044 -5.38018418 1.54688528 236 236 236
1.05379799 -5.50393285 1.54153777 236 236 236
1.25153907 -5.31523703 1.63931901 82 86 99
1.59820751 -5.59974898 2.04814992 83 88 101
-0.769990734 -5.597634 1.39369161 0 0 0
-0.449974529 -5.0979341 1.4637903 0 0 0
-0.642605199 -5.45993988 1.47074946 112 118 135
0.9619839 -4.62436551 1.92288553 93 98 113
0.923677425 -4.50666157 1.915614 93 98 113
-3.93009676 0.337174345 -0.102995997 108 106 106
-0.844265113 -5.28396496 1.74335704 231 231 231
-3.21224624 -2.13933757 1.00633809 231 231 231
1.20005423 -5.073656 1.58958225 0 0 0
1.25727039 -5.28899103 1.72694701 0 0 0
-0.774265449 -5.97356028 1.21939563 231 231 231
-0.971399898 -5.92431566 1.32225332 87 87 87
0.358769117 -4.88158241 1.43567453 228 228 228
-0.310119933 -6.47085558 1.52778395 166 166 166
-0.284380571 -6.55577177 1.62654067 0 0 0
1.21746216 -5.68154785 2.10857758 111 116 134
-0.545764699 -6.43736622 1.69063761 80 84 96
-1.53442516 -4.54805167 1.66759953 231 231 231
0.430711598 -4.28023255 1.44378685 85 90 103
0.69141995 -4.83961593 1.70334351 85 90 103
1.23356406 -5.42959234 1.53462337 0 0 0
1.31870538 -5.35680147 1.93969954 0 0 0
-0.225551888 -6.55310849 1.49859016 0 0 0
-0.225551888 -6.55310849 1.49859016 0 0 0
0.979076829 -4.36018651 1.54051934 5 5 5
0.465577869 -4.7467024 1.58521476 0 0 0
-1.03761956 -4.36283599 1.29017727 100 105 120
-1.15939503 -5.43104058 1.7728495 98 103 119
-2.5027377 0.0763650204 0.0893302427 0 0 0
-3.58483741 -1.65454469 0.885029241 116 122 140
-2.22123208 -1.06090401 1.24185628 232 232 232
-3.88301646 -1.41753434 0.728544448 231 231 231
-0.946584442 -0.926909427 0.957292251 0 0 0
-4.26611111 -0.976724774 2.30403813 231 231 231
-3.11761927 0.548951682 1.33593841 100 105 120
-2.19103672 0.411287768 -1.66727754 235 235 235
-3.15779691 0.461954146 1.36023048 0 0 0
-2.17940571 0.4338289 -1.57069277 0 0 0
-3.09862516 0.673829623 1.13799643 231 231 231
-2.65071966 -0.055161914 0.794449802 0 0 0
-4.14819466 -0.663048993 2.31533717 231 231 231
-4.87247546 0.0929978619 1.12909056 0 0 0
-1.92711407 1.20056397 1.57348681 16 32 59
-2.15766023 0.500602684 1.3857134 0 0 0
-4.18898356 -0.67454959 2.24579102 2 2 2
-2.55048788 -0.0511554486 0.823510271 0 0 0
-4.04521042 -0.670100635 2.45102206 231 231 231
-3.43807712 0.575453565 1.31000034 0 0 0
-4.12029715 -0.603647651 2.3225325 108 106 106
-3.09083207 0.798263559 1.05838153 2 2 2
-1.90924072 1.31291717 1.36742965 90 96 107
-2.63305423 0.26066705 0.939340266 111 117 134
-4.05655077 -0.513896059 2.44568035 5 5 5
-3.3231373 0.620175094 1.32673249 231 231 231
-3.3231373 0.620175094 1.32673249 231 231 231
-4.01479252 -0.77581555 2.00212248 57 57 170
-2.89867181 -0.303382562 2.52204806 0 0 0
-2.56354435 0.769058122 0.888776422 6 21 42
-3.70630856 -1.43166078 -0.101956659 231 231 231
-2.29938796 -0.999614866 1.22921499 231 231 231
-3.91739875 -1.03393842 -0.285002763 107 107 107
-3.06872578 -1.00992825 0.867543579 108 106 106
-4.14391634 -0.926256978 0.685345631 231 231 231
-2.11003115 0.655716225 2.09922743 231 231 231
-6.64207048 -0.320156105 0.914075602 0 0 0
-2.48582679 0.251305872 2.19741722 231 231 231
-0.261836534 6.99399156 -3.51859803 6 20 42
-3.10491579 -1.27674399 0.668131246 0 0 0
-1.82652699 1.89112607 -1.88001571 87 81 78
-1.18550631 3.37146113 1.29062229 142 142 142
-2.2706821 -1.08056303 1.23161167 233 233 233
-0.996085361 -1.21780892 0.720921197 64 68 78
-0.20194863 6.58287744 -3.10330006 124 124 124
-6.2695671 0.988013781 0.899865986 231 231 231
-0.829149943 5.00272796 -1.46824029 0 0 0
-2.04601317 1.4553987 0.677907023 59 72 70
-1.01040954 -1.67063024 0.587684208 59 62 72
-2.10491393 0.909196423 0.912445441 142 142 142
-2.09919134 -1.43134933 1.26441786 127 127 127
-3.0907425 0.230080029 0.819723874 111 117 134
-0.952491713 4.55928171 -1.90733946 9 11 14
-2.10805911 -1.13193241 1.22826628 235 235 235
-1.87313182 1.84556916 -1.65072874 231 231 231
5.63647167 -0.231423278 1.43253845 0 0 0
0.202531516 -4.81472195 1.72885697 111 116 133
-2.62277588 -1.52419186 1.24771987 108 108 108
-2.56780404 -0.0718063297 0.823854975 228 228 228
-0.828699301 -5.50496935 1.59522992 228 228 228
1.22589082 -5.55188875 1.54584193 0 0 0
-3.19189411 -0.640124744 0.799447619 79 77 77
-2.40432058 0.205685708 0.879604134 110 116 133
5.63494935 -0.36117824 1.47598279 59 62 72
-2.61508212 -1.97971341 1.0393043 0 0 0
-2.14598225 0.525222701 1.17621048 2 2 2
-2.22478365 -0.997633823 1.22450912 236 236 236
-1.22584803 3.06140528 0.842327555 142 142 142
1.41186335 -5.62174483 1.66179041 67 71 82
-2.63055899 0.0658055416 0.80077899 0 0 0
-1.22584803 3.06140528 0.842327555 142 142 142
-0.174261192 -6.63579918 1.47238108 59 62 72
-2.12922223 0.811430847 1.0966997 61 78 67
-2.1439545 -1.60893715 1.11625262 0 0 0
0.851146469 -4.42633968 1.92415328 100 105 121
-2.55437987 -0.0122366863 0.798885025 0 0 0
-2.21670962 0.732438462 -0.195549515 106 106 106
-3.18117808 -1.54143983 1.27449633 107 113 129
-1.9120496 0.594964517 0.464359275 5 16 37
-1.83324122 -0.289432269 1.26261152 100 105 120
1.18850661 -5.65662261 1.55762497 0 0 0
-1.78333927 1.87407679 0.332098406 0 0 0
-2.10623805 -0.948479152 1.22479423 236 236 236
1.49242792 -5.67516336 1.54568104 112 118 135
-0.188413882 -1.7016556 1.00667409 130 130 130
-2.2385736 0.76562357 -0.198609294 106 106 106
-2.32853349 -1.12984838 1.23311486 234 234 234
-0.18933332 -6.5807172 1.4435832 59 62 72
-0.949939905 -0.950664295 0.882943534 0 0 0
-2.21641454 0.749074879 0.187435532 106 106 106
-2.06158801 -1.51174483 1.21308295 80 80 80
0.512379645 -4.43331396 1.58915512 70 73 85
-1.07544997 4.12476348 -1.4290097 9 11 14
-1.70257653 -1.41219498 1.02179325 231 231 231
-4.12163374 0.657986171 1.16843899 231 231 231
-1.63677368 2.17355489 -0.167653645 29 30 30
1.1592504 -5.56368673 1.54160393 236 236 236
1.10359063 -5.53731712 1.54142513 0 0 0
-0.269436817 -6.53531353 1.54845297 166 166 166
-0.150017162 -1.69822874 1.0040194 130 130 130
-2.59571982 -0.0945393998 0.896170394 228 228 228
-0.164333615 -1.7097346 1.02579294 0 0 0
-2.18366486 0.695812875 1.56253212 14 25 46
-2.25598348 -1.06300084 1.22960898 0 0 0
0.261663463 -4.90698278 1.50014693 110 116 133
-0.149695539 -1.70010359 1.06027247 130 130 130
-1.60875908 2.37564875 -0.333746258 29 30 30
-0.909419347 -1.68266847 0.910080567 112 118 135
-0.636334904 -4.8888121 1.59698663 59 62 72
0.768100506 -4.34085084 1.9327437 56 57 57
-0.232943405 -1.72966441 1.07213212 130 130 130
-2.65370894 -0.309112561 1.28702091 89 88 88
0.768100506 -4.34085084 1.9327437 56 57 57
-0.968049845 -0.973098382 0.852999711 0 0 0
-1.55926754 2.37710815 -0.212722225 9 11 14
-0.708835732 -5.51439433 1.33208356 98 103 119
-3.62008074 -0.642881332 0.367606295 0 0 0
-1.57764181 2.24283695 -0.119248325 10 14 13
0.193852585 -3.87415334 1.45443317 92 97 111
-2.07450011 1.03983477 0.831968028 123 123 123
-2.08645879 -1.6043845 1.18686177 126 126 126
-3.11835111 -2.01737662 1.0471666 110 116 133
-2.07450011 1.03983477 0.831968028 123 123 123
-2.08645879 -1.6043845 1.18686177 126 126 126
0.736933296 -5.18224281 0.569568916 231 231 231
-0.958297503 -1.66188915 0.892099784 90 95 109
-2.2405527 0.313361262 1.49775991 0 0 0
-2.16605188 -1.10104638 1.23746496 0 0 0
-0.218727856 -6.55591123 1.4962304 0 0 0
-2.49468597 -0.0116619385 1.38755377 231 231 231
-2.22310146 -1.07076884 1.23863837 235 235 235
-0.931422393 -5.94663061 1.04815786 0 0 0
-1.32000002 3.38606721 -1.04164567 9 11 14
-0.294559943 -6.58588967 1.64098696 0 0 0
-0.294559943 -6.58588967 1.64098696 0 0 0
-1.36573085 3.2364418 -0.945319087 9 11 14
-2.02875037 -1.79445265 0.27238895 231 231 231
-2.67765052 -0.00703622526 0.713278854 0 0 0
-1.48908344 2.6927424 -0.352532829 57 57 57
-2.13243754 -0.994086456 1.22228504 235 235 235
-0.781278227 -4.4890449 0.945422795 94 99 114
-2.58807153 0.000849607947 0.846734607 0 0 0
-1.63434211 2.13034877 -0.0317772227 9 11 14
-0.880535517 -4.42501507 1.01531921 69 73 85
-2.91109348 0.52990361 1.04542721 66 70 81
-1.35134145 1.71176905 0.148571093 29 30 30
-1.80379528 1.78099269 0.101807222 231 231 231
-2.33583964 -1.14806792 1.191064 0 0 0
0.315491632 -4.81201437 1.65007816 0 0 0
-1.7964328 1.77496551 0.106308906 231 231 231
-2.18703955 -1.04794229 1.23688531 0 0 0
-1.30444039 3.26321497 1.00278669 0 0 0
-2.45203262 0.795685662 -0.173293534 0 0 0
-2.54386833 0.0119224705 0.778909921 228 228 228
-2.83683616 -1.5682923 1.18931517 124 124 124
-0.905798398 -5.69951605 1.40227415 228 228 228
-0.757653104 -5.44977062 1.60343818 107 113 129
-0.0904923632 -1.71481865 0.904382546 8 8 8
-1.71431105 2.414333 -1.53794284 143 143 143
-2.73513187 -3.01932386 1.04085873 130 130 130
-1.07699124 -1.26388444 0.536543287 118 124 142
-1.71431105 2.414333 -1.53794284 143 143 143
-0.741701803 -5.20417221 1.7641365 231 231 231
-0.19681706 -1.69976316 1.02091877 0 0 0
-1.66044064 2.35991595 -1.41680937 143 143 143
-2.25412847 -1.06558586 1.22924757 0 0 0
-1.66044064 2.35991595 -1.41680937 143 143 143
-2.25495408 -1.06701243 1.2283381 0 0 0
-3.13235895 -2.20426672 1.06850844 98 103 118
-0.224853945 -1.71064626 1.07465562 130 130 130
-1.70905392 2.29076594 -1.46816485 143 143 143
-2.10051186 -1.12340173 1.2351783 234 234 234
-0.224853945 -1.71064626 1.07465562 130 130 130
-1.70905392 2.29076594 -1.46816485 143 143 143
-2.86010823 -0.922010984 0.66002343 67 67 67
0.655264169 -5.71959687 2.00497246 82 77 74
-0.965774704 -0.902817747 0.940282434 98 104 119
-1.72142366 2.24433385 -1.28286171 143 143 143
-2.04494841 -1.51004595 1.00131876 231 231 231
-0.987070081 -1.69506558 0.909475582 231 231 231
-1.72142366 2.24433385 -1.28286171 143 143 143
5.52519077 -1.3548681 1.04725059 49 52 60
-0.632851233 -4.86251441 1.56403478 231 231 231
-2.89982293 0.765734062 0.936965137 231 231 231
-1.34060517 3.35427577 -1.08742258 29 30 30
0.888820159 -4.35651283 1.79958364 109 115 132
-1.09611778 -1.68750583 0.461378005 96 101 116
-1.51391813 2.738313 -0.390774422 57 57 57
0.365760734 -4.82232484 1.58914073 228 228 228
-0.690759259 -5.51833553 1.40942655 68 71 81
-2.66028611 -1.14661709 1.10526043 115 115 115
0.275316866 -4.91569967 1.41920006 85 79 76
-2.08789869 -1.67865311 1.05476083 231 231 231
-2.22493926 0.694655989 0.0198145621 231 231 231
-0.884743306 -5.39632726 1.80430809 231 231 231
-2.00907859 -1.50976923 1.1951297 107 107 107
-2.23839747 0.702413806 0.0147234671 231 231 231
-2.86318641 -1.90837323 0.841553106 75 79 91
-1.21292954 -0.838312402 0.616389571 0 0 0
-2.16200047 0.646464617 0.53475913 5 5 5
-0.934113564 -1.30912238 0.967588113 98 103 119
-1.82463044 1.74478465 0.448420893 0 0 0
-3.4051453 -0.727589566 0.342321205 0 0 0
-2.16925651 0.666361272 0.892899019 106 106 106
1.30514592 -5.22207737 1.94109889 29 29 29
-2.1891558 0.311780777 1.18755506 64 68 79
-0.795864075 -5.39230108 1.53651015 64 68 79
-2.37958031 0.152431 1.10201555 92 97 111
-3.25137324 -1.39059712 1.27677807 231 231 231
1.23902484 -5.48249841 1.54764978 0 0 0
-2.37958031 0.152431 1.10201555 92 97 111
-3.25137324 -1.39059712 1.27677807 231 231 231
0.517352948 -5.8907951 1.77032637 0 0 0
-1.88295098 0.579109592 1.43792795 6 19 43
-2.11588496 0.858799351 1.26858003 42 53 51
0.870126168 -4.36149753 1.75974815 112 118 135
-1.89872278 0.784985221 0.0706284679 0 0 0
-2.18776785 0.582456831 1.93782889 161 161 161
-3.44671905 -1.39092193 0.863404383 59 62 72
0.522250352 -5.98389373 1.75667916 0 0 0
-1.52942967 2.71495308 -0.562239961 29 30 30
-3.31146435 -1.23432065 0.822106107 82 86 99
1.08688867 -4.54453608 1.48834999 114 120 137
-1.89872278 0.784985221 0.0706284679 0 0 0
-2.2913004 0.376516379 2.01696333 184 184 184
-3.33803997 -1.2951384 1.08300679 231 231 231
0.449288264 -5.21791034 1.44533395 117 123 141
-2.48931063 0.0534229769 0.0753720677 0 0 0
-2.07635875 -0.918691048 1.21102826 67 67 67
1.24864862 -4.99597641 1.76359621 231 231 231
-1.20474141 -1.50603083 0.368612858 0 0 0
-2.2913004 0.376516379 2.01696333 184 184 184
-1.94470668 -1.73555938 0.88566771 8 8 8
-3.26543363 0.521653327 0.465599627 79 77 77
-0.962618047 -1.12951595 0.983496983 107 107 107
-2.34307711 0.365064361 2.34609142 231 231 231
-3.0604152 -1.45131131 1.12708609 231 231 231
1.10750645 -5.53868619 1.5413565 0 0 0
0.257521783 -4.89223281 1.56749598 113 119 137
-0.868247644 4.24939971 -1.2304342 57 57 57
-1.93493574 -1.73053228 0.877943186 231 231 231
-0.938258697 -5.60715498 1.4790998 228 228 228
-1.01961396 -1.23346095 0.554198129 60 64 74
-0.269123754 5.952302 3.04650753 57 57 57
-2.05303495 -1.56780169 0.976971488 8 8 8
-1.01818702 -4.47022745 1.40051841 101 106 121
-2.22124272 0.618380561 1.07596307 231 231 231
-2.05303495 -1.56780169 0.976971488 8 8 8
-2.44821309 0.121213754 2.19030232 231 231 231
-2.05680977 -1.57564468 0.981233665 231 231 231
1.19586157 -5.6232837 1.55661654 236 236 236
-2.51522375 -1.90782439 1.06746251 0 0 0
-3.69934757 -0.625195629 0.466584301 0 0 0
-2.15644543 0.950752363 0.105513286 6 19 42
-3.08807289 -0.905804033 0.672750667 0 0 0
-2.16551579 0.555734755 0.614096461 113 119 137
-2.11474822 -1.48762261 1.15196329 127 127 127
-3.4051453 -0.727589566 0.342321205 0 0 0
-2.21966431 0.601824397 0.737069849 5 5 5
-2.11474822 -1.48762261 1.15196329 127 127 127
-1.40435554 0.594704507 0.99477877 142 142 142
-2.44937957 0.0854164777 1.36025977 231 231 231
-2.16645503 -1.05521017 1.11199238 67 67 67
0.257917618 -4.89945993 1.56851235 113 119 137
-2.20704285 -1.09781682 1.23819669 0 0 0
-0.479304478 4.02056669 -1.11353482 0 0 0
-0.794958906 -5.36439117 1.48683637 72 76 87
-1.06571479 -1.3347588 0.477425072 94 99 114
-0.915463288 2.98456463 -0.673752434 9 11 14
-3.26985811 -0.243989549 0.830681894 118 124 142
0.511380271 -6.0955529 1.7608439 235 235 235
-0.817475635 3.30979531 -1.00569556 9 11 14
-2.41718182 -3.19680231 -0.188226068 8 8 8
-2.03385155 1.17108875 1.42037775 79 85 96
-2.05760027 -0.979994762 1.23816777 120 120 120
1.2091687 -5.75085168 1.56980178 236 236 236
-0.775705743 -1.76959932 0.865147799 8 8 8
-2.11348098 0.689319107 1.78757142 6 19 42
1.20999188 -5.7539072 1.5732381 236 236 236
-0.775705743 -1.76959932 0.865147799 8 8 8
-2.13718346 0.865397773 2.08820758 57 57 57
1.32911153 -5.5788533 1.56595234 0 0 0
-2.3132463 0.34538276 2.4217415 2 2 2
-3.57727832 -1.80060677 1.26825886 231 231 231
0.424209428 -4.74208713 1.52887586 0 0 0
-3.47950944 0.679787785 1.25331606 99 105 120
-2.17827341 0.568648375 1.00090022 231 231 231
-2.63069819 -0.143288653 1.14913367 118 124 142
-1.74543425 1.75094735 2.23885013 0 0 0
-3.30909141 -1.22817159 0.821959844 82 86 99
-0.943688205 -4.39964234 1.37373013 231 231 231
-1.47342884 2.60839941 -0.360418816 9 11 14
0.714296748 -4.24884506 1.96607811 112 118 135
-2.29370189 -0.932367933 1.24710691 0 0 0
-2.34520081 0.351437846 2.56876132 231 231 231
-1.39029406 3.18025565 -0.955936199 29 30 30
-1.53653641 2.76159867 -0.641694137 29 30 30
-1.55191441 2.53459325 -0.477368135 29 30 30
-4.17856853 0.493376259 0.814666884 73 77 89
-2.15153346 0.966789915 -0.025268886 106 106 106
5.2480357 -0.560133267 1.06042889 132 129 129
0.53142136 -5.79110386 1.74387309 0 0 0
-2.18793781 0.59894777 0.651609709 109 115 132
5.34864094 -0.677898474 1.07262719 59 62 72
-1.60399422 -3.60499434 1.0755973 231 231 231
-1.31711367 3.22238901 0.817975403 142 142 142
6.03128792 -1.45687763 1.43648567 231 231 231
-3.10025645 -2.06656067 1.18054555 231 231 231
-2.92789571 -1.00609209 0.621365719 67 67 67
-2.16200944 0.570083396 0.991404225 231 231 231
0.177761609 -5.54089276 1.60161731 0 0 0
-3.10021935 0.230945437 0.772967733 0 0 0
-2.08601922 -0.0138841299 1.14456164 94 99 114
5.52787713 0.178693622 0.904259271 231 231 231
-2.13845346 -4.0878472 1.67863883 231 231 231
-2.60175618 0.0390575575 0.89308232 228 228 228
-1.38712667 3.39720277 0.989699951 0 0 0
5.66065767 -1.34590993 1.28339487 130 130 130
-4.08247574 0.888827009 0.715701563 70 68 68
-2.09720705 -0.919082149 1.2039853 67 67 67
-2.37244989 0.240838489 1.16106605 64 68 79
5.66138801 -1.34636705 1.28339088 130 130 130
1.23847163 -5.47947584 1.54442626 0 0 0
-1.97395101 1.42231378 1.35480394 59 69 89
-0.734168995 -5.33227969 1.57094005 0 0 0
-2.12824451 0.662728749 2.09042702 231 231 231
-2.3625387 0.17519945 2.46449132 4 4 4
-2.39729199 0.219899219 2.52733955 231 231 231
-3.10413505 -0.876780582 1.19479314 67 67 67
-2.08358065 0.761073617 1.64857054 6 19 42
-2.19415382 -0.997651237 1.23233186 0 0 0
-1.83732783 0.584036455 1.48922741 6 19 43
-2.27721576 0.180753059 1.42422142 136 140 151
-2.12537541 -1.12171483 1.20807139 235 235 235
1.20377058 -5.57028917 1.55560561 0 0 0
-1.83732783 0.584036455 1.48922741 6 19 43
-2.45004176 0.0852003515 1.35926576 231 231 231
-0.95032607 -1.2788035 0.939443826 231 231 231
1.20886958 -5.52166201 1.5499695 236 236 236
-2.20222699 0.735254038 0.202959282 106 106 106
-2.33587522 -0.953390269 1.23417967 0 0 0
-0.374498936 -6.45422173 1.61522869 0 0 0
-2.02681385 1.40317465 0.672044853 110 111 112
-2.33587522 -0.953390269 1.23417967 0 0 0
-0.688223002 -5.48018909 1.42404202 59 62 72
-2.02681385 1.40317465 0.672044853 110 111 112
-2.28276998 -1.04893384 1.22955167 236 236 236
-0.688223002 -5.48018909 1.42404202 59 62 72
-5.14721197 -0.88067083 1.20226159 231 231 231
-2.16765113 0.530536688 1.34888463 2 2 2
-2.04094372 -1.27410634 1.18443588 8 8 8
-2.50222659 -0.099853022 0.629622326 109 115 132
-2.23849875 0.311954842 1.49528998 0 0 0
-0.902670442 -4.88342634 1.69179575 98 103 118
-2.28401951 -1.06943535 1.23953773 0 0 0
-2.06442147 1.08384297 0.584833879 54 96 63
-2.06442147 1.08384297 0.584833879 54 96 63
1.18526396 -5.59082979 1.55029862 0 0 0
-2.59389962 -0.900248395 0.276080328 0 0 0
-2.74663335 0.0249216485 1.13679418 101 106 122
-2.42407187 -0.10125444 1.18339361 101 106 122
0.346195047 -4.83590315 1.60790155 0 0 0
-2.65821609 0.247960354 0.944473397 111 116 133
-2.43477276 0.215134677 0.538770657 118 125 143
-0.728642731 -5.38438192 1.49336151 111 117 134
-3.26894819 0.254655604 1.08307794 75 79 91
-2.11186283 0.880276535 1.3084725 5 5 6
-0.880754382 -4.7353962 1.52823966 0 0 0
-0.74514908 -5.30334331 1.78647122 65 68 79
-2.65150145 0.601581222 0.95075226 109 115 132
-2.50472943 -0.137495603 0.525055682 119 125 143
-2.22263951 -1.06727151 0.0879333719 0 0 0
-1.86997435 0.586250799 1.63205766 120 121 121
-2.17800801 0.678512875 0.627415937 106 106 106
-5.36006749 -0.986002179 1.17994377 141 141 141
-2.20978809 0.691917685 0.645176876 106 106 106
-1.32788664 0.459220426 1.41195288 20 24 26
-2.20892104 0.691499062 0.68118288 106 106 106
-4.78223229 2.11102372 0.662799053 196 196 196
-1.53066594 0.586340081 1.27350085 60 75 72
-2.49914765 0.0962401981 0.649111667 62 65 76
1.27673823 -5.56169792 1.55713225 236 236 236
-1.53538572 0.579195116 1.25146827 64 73 73
-2.03573571 1.38454758 0.650776926 37 69 54
1.27673823 -5.56169792 1.55713225 236 236 236
-2.02208789 1.40810942 0.719396022 124 124 124
1.19586157 -5.6232837 1.55661654 236 236 236
-5.25316169 -0.885165959 1.19593236 231 231 231
-2.17423352 0.671433523 0.822505942 106 106 106
1.16735251 -5.57629706 1.55420842 236 236 236
-1.74926062 0.589489279 1.10958644 80 90 85
-2.11431383 0.88594454 0.927560912 0 0 0
0.50627313 -6.08358805 1.75589021 235 235 235
-2.53956156 0.201217366 0.631178558 0 0 0
-2.15510494 0.610576604 0.965951521 231 231 231
-2.52776453 -0.00560961587 0.740901978 228 228 228
-2.11609952 0.900208622 1.23597109 36 63 45
-1.10987045 -4.01244927 0.865275239 83 77 74
-2.1905107 0.401882775 1.20938848 98 103 119
-0.235738745 -4.08611747 1.75430474 102 107 123
-4.25583749 -0.8618363 0.492636156 0 0 0
-2.55992648 -0.00535356108 0.805758295 0 0 0
-2.11623252 0.856442692 1.42877161 0 0 0
-2.15898087 0.691588266 1.40853658 46 52 65
-3.07334783 0.749061201 1.01940766 2 2 2
-2.25740153 0.319646208 1.44900678 98 104 119
-2.24164826 0.313208696 1.44995059 98 104 119
0.632182144 -5.93920333 1.77362101 0 0 0
-5.87703125 0.281217188 0.963775835 0 0 0
-1.97329799 1.36564763 1.63842501 1 2 6
0.529223452 -5.79176304 1.7421472 0 0 0
-2.49637316 -0.201881866 1.26760218 79 77 77
-2.07109329 0.468524406 0.48898417 0 0 0
-2.35549913 0.558243804 0.58086977 0 0 0
-2.12732518 0.677424169 2.08163133 231 231 231
0.470867365 -5.94444765 1.74379037 234 234 234
-2.15889079 -0.0985699736 0.556370116 87 81 78
-2.18171666 0.553292129 1.51153153 231 231 231
0.315888281 -5.60561185 1.65952465 0 0 0
-2.38753258 0.0684809386 1.91187997 0 0 0
-1.62924583 0.58423863 1.61498421 54 58 69
-0.804553682 3.23972634 -0.843659443 9 11 14
0.538973134 -4.96051291 1.47700326 115 121 138
-2.22868515 0.635490989 0.624070456 117 123 140
1.11586073 -5.1332981 1.50388256 0 0 0
-1.83276958 0.583185349 1.41253393 69 73 81
-2.22575801 0.362298558 1.46970747 231 231 231
1.11586073 -5.1332981 1.50388256 0 0 0
-3.22870264 0.203236342 0.875106706 116 122 140
-2.22575801 0.362298558 1.46970747 231 231 231
-0.254900475 -5.4379245 1.65008737 110 115 132
-2.69277343 -0.133869005 1.0828533 85 89 103
-2.09726775 0.774081215 1.97838661 231 231 231
-3.53771444 -1.30604041 0.662629213 108 106 106
-3.6627769 -1.60834055 1.20136142 231 231 231
-1.69999732 1.73135012 1.16824627 0 0 0
-1.8727106 0.59374094 1.61294901 103 104 106
0.968130818 -5.48786058 1.45712506 115 121 139
-2.47041108 -0.142804435 1.17439194 101 106 122
-5.14750044 -0.782484247 1.00734873 182 182 182
0.500147516 -5.82711132 1.74675858 0 0 0
-1.97021156 1.41508169 1.68795903 2 7 30
6.24323359 -0.323464746 1.46227731 0 0 0
1.30179247 -5.14519686 1.86068148 123 123 123
-3.00928518 0.720791027 0.849400233 5 5 5
-1.90633906 1.55781494 1.98057766 158 158 158
5.52787713 0.178693622 0.904259271 231 231 231
-3.72406907 -0.749720424 0.213896646 0 0 0
-2.94451302 -0.941249314 1.0506644 103 108 124
-2.09650485 0.934048054 0.915361103 0 0 0
-3.09687967 -0.197272369 1.24114142 102 107 123
-2.56691042 -0.114955886 1.37005396 0 0 0
5.62924025 -0.708659456 1.06975543 0 0 0
-1.37066328 0.575433513 1.02613156 0 0 0
-2.42916319 0.217851843 0.49714416 92 97 112
5.41865064 -0.773942652 1.07950851 0 0 0
-2.65528388 0.104665954 1.06708906 111 116 134
-2.20303837 0.545155697 0.709478448 0 0 0
5.08503781 -1.42459076 0.963121409 62 65 75
-0.426440185 -5.09515116 1.47128506 69 73 85
-1.79484608 0.586012223 1.62407166 89 91 95
-2.10071899 0.872808797 0.790048451 142 142 142
1.2415531 -5.31181128 1.55022887 0 0 0
0.424578608 -4.77264898 1.5736573 0 0 0
-1.28677021 3.23753674 1.01032925 0 0 0
5.23316213 -0.744225406 1.17939927 231 231 231
0.459762286 -4.73635692 1.67033023 0 0 0
-2.87634183 0.766418951 1.08271412 2 2 2
-2.6015841 -0.101194657 1.39190758 231 231 231
5.26645549 -0.680789051 1.15043277 59 62 72
-0.820958766 -5.02233537 1.70590087 231 231 231
-3.18866083 -1.25391001 1.23123358 98 103 118
-1.29039042 3.23327502 1.54456732 0 0 0
-3.05856363 -0.561325846 2.6097311 0 0 0
-1.29039042 3.23327502 1.54456732 0 0 0
-2.3070319 0.225026839 1.47292151 0 0 0
5.15367142 -1.12510582 0.849476213 59 62 72
-3.33404707 -1.73234137 0.95173532 98 103 118
-1.74331957 0.583269369 1.60652192 113 114 115
-1.52511052 1.75005316 2.07825674 57 57 57
-1.83477271 0.584218852 1.60647736 110 111 112
-1.4849272 2.67303585 2.19113763 0 0 0
5.64900981 -1.37479768 1.29689552 130 130 130
-2.40788765 0.214144099 0.696967647 100 105 121
-3.13512671 0.0883236028 1.3438284 114 120 138
-2.24858949 0.386144699 1.9739986 2 2 2
-2.42981233 0.180567369 0.674959505 0 0 0
-1.81772001 0.586446256 1.63162673 121 121 122
-2.09514155 0.868909339 2.20775167 106 106 106
-2.42984163 0.180557688 0.674776557 0 0 0
-2.78372477 -0.418389476 1.26321931 0 0 0
-2.64769885 -0.120226488 0.489517659 0 0 0
-2.39198376 0.25939619 1.14116713 64 68 79
5.63927136 -1.71576797 0.636488268 3 3 3
-2.69220329 0.507207366 1.46468169 0 0 0
-2.570955 -1.81786008 0.833857329 143 143 143
-0.682145892 5.80214499 3.12905646 57 57 57
5.13243353 -1.44253218 0.881250926 107 113 130
-2.29443178 0.554688328 0.61422945 117 123 141
-1.51162476 2.69580415 2.18681397 57 57 57
5.13064892 -1.47261567 1.01053797 231 231 231
0.733163079 -4.99080072 1.45182688 117 123 141
-2.87768917 0.279965244 1.15095648 0 0 0
-1.5734418 2.34228733 1.92897071 57 57 57
5.28337859 -0.699626496 1.10538913 61 64 74
-2.49574524 0.10204655 0.793599233 111 116 134
-2.41402074 -0.0293634064 0.62220694 116 122 140
-1.59050835 2.36320076 1.93259811 57 57 57
5.64250376 -1.24090956 1.19876846 130 130 130
0.40505491 -4.78428003 1.61755006 0 0 0
-1.07856745 4.59051966 2.46813173 57 57 57
-2.60212687 0.0652345857 0.830021089 197 197 197
-2.67081077 0.795469 1.01246052 231 231 231
-1.19030927 3.73723026 1.65163445 142 142 142
5.53393347 0.172722604 0.872770166 231 231 231
-2.31879072 0.218885085 1.61961586 86 86 86
-1.55000805 -4.77438428 1.65239295 231 231 231
-1.47826321 2.50334788 2.07920406 57 57 57
-1.47826321 2.50334788 2.07920406 57 57 57
5.16929837 -1.17856975 0.842763716 108 113 130
-0.494005745 -5.07199777 1.73520752 96 102 117
-3.21952965 -0.990172339 0.682076733 0 0 0
-2.08647119 1.03485521 0.514223771 119 120 121
5.67329862 -1.31765396 1.32725276 0 0 0
0.429269325 -4.72235832 1.70083199 228 228 228
-1.31686817 0.563836133 1.17653689 0 0 0
-2.01476554 0.603017401 0.217513354 0 0 0
6.00453923 -1.46362917 1.42157533 231 231 231
-2.09371619 0.920062239 0.619848936 6 19 42
0.551698668 -5.932134 1.76325021 235 235 235
-3.22017359 0.312622407 0.720365683 0 0 0
-2.00133088 0.948999771 0.934632218 110 112 114
5.14650222 -1.52680282 1.09764058 8 8 8
-0.918655516 -4.43578626 1.37647049 231 231 231
-2.85289945 0.169800672 0.970388886 97 102 117
-1.18233595 3.50500237 1.48178126 0 0 0
5.57118152 0.205532827 0.897097466 231 231 231
-2.28140416 0.678978582 0.643256888 5 5 5
-1.19876656 3.31381573 1.11954089 142 142 142
14.0559314 -3.59515364 -1.5519359 130 130 130
0.653620029 -5.14142229 1.4005274 0 0 0
-2.52778953 0.798579183 0.935635531 231 231 231
-2.09309533 0.916136927 1.28604379 3 10 28
5.66713287 -1.30251768 1.36984359 130 130 130
0.3995701 -5.88577887 1.73429387 0 0 0
-2.14261917 0.736136005 1.63894696 63 64 73
4.71050341 -1.53054294 1.06596116 231 231 231
0.429502125 -4.80012216 1.57706159 0 0 0
-1.41154221 0.584302228 1.37451552 26 33 33
-0.73594099 5.03447571 2.96747048 57 57 57
5.29713345 -0.952551113 1.05337875 129 126 126
-0.915246972 -4.37975395 1.37553723 99 104 119
-1.99840172 1.45419235 0.567281074 124 124 124
5.18065333 -1.49834 1.03894988 231 231 231
0.109513347 -4.58698174 1.90314425 116 122 139
-0.719830169 -5.26090593 1.83133316 231 231 231
-1.83754137 0.583495695 1.43917496 8 21 44
-1.15743477 3.76703735 1.16563256 0 0 0
5.13525574 -1.53047466 1.16260611 231 231 231
-2.53509819 -0.0711259719 0.742830795 0 0 0
-1.79398305 0.586998405 1.57606376 76 78 83
-1.68314426 1.70613519 1.26723827 0 0 0
-4.29175855 0.706757284 1.08346437 231 231 231
-4.40563548 0.491257346 1.10666887 99 104 120
-2.04176855 1.16302424 2.29996047 5 5 5
5.51356157 -1.02737958 0.887715999 59 62 72
0.52267118 -4.4363799 1.54327488 69 73 85
-2.19739181 0.661174544 0.977465925 18 28 46
0.446448841 -4.69369991 1.71645454 228 228 228
-1.31778682 0.584073161 1.14278626 143 143 143
-2.11110244 0.819913502 1.22190433 14 17 18
-1.3092245 0.577500311 1.14987218 143 143 143
-2.11704125 0.824319003 1.22087315 14 17 18
5.2769676 -0.715871997 1.11386866 231 231 231
-1.6290242 0.589575119 1.2515377 6 12 7
-0.832676006 -4.38416149 1.3510397 231 231 231
-2.58427497 -0.121152459 0.931778659 228 228 228
-2.37014054 0.161576207 1.39824589 170 170 170
5.99224679 -0.245229301 1.42119002 231 231 231
-0.824817988 -4.39056227 1.3633723 231 231 231
-2.27470461 0.406946268 1.98316717 2 2 2
5.33535634 -0.358850782 1.08129364 231 231 231
-4.96837505 0.6745835 0.963476682 0 0 0
-2.26204048 0.402806326 1.99073393 2 2 2
5.6413646 -1.23941394 1.19737717 130 130 130
-0.604129262 -4.96742339 1.80698845 231 231 231
-1.85943074 0.586437945 1.57734877 78 80 86
-2.22029235 0.315502821 1.2098876 103 108 124
0.960528479 -5.50804907 1.4908942 112 118 135
-1.85509905 0.588453045 1.59454614 8 20 43
-2.22029235 0.315502821 1.2098876 103 108 124
-0.74156587 -5.60920968 1.33859459 228 228 228
-1.21030501 0.578155332 1.02250954 0 0 0
-2.28241299 0.306349091 1.20134693 102 107 123
5.80110841 -1.71402725 0.871728497 8 8 8
0.14202368 -3.82246194 1.42499533 94 99 114
-1.21030501 0.578155332 1.02250954 0 0 0
-2.38806559 0.318629802 1.18665625 101 106 122
5.82768287 -1.72695499 0.858219172 8 8 8
-1.14569726 -5.4644257 1.72220345 59 62 72
-1.29941521 0.580277055 1.07811297 0 0 0
-2.57263299 0.0716146329 1.16760751 101 106 121
5.66592717 -1.3152941 1.34100915 130 130 130
-2.57049799 -0.233724551 0.60272648 107 112 129
-2.57778181 0.0716169171 1.16577604 101 106 121
5.66592717 -1.3152941 1.34100915 130 130 130
0.818198831 -4.97333963 1.45823855 68 71 83
-1.7287219 0.585425613 1.11246968 68 91 77
-1.24432572 3.42535664 1.22744611 0 0 0
5.6831279 -1.29134792 1.32471386 130 130 130
0.818198831 -4.97333963 1.45823855 68 71 83
-3.2211252 -1.24883923 1.14218397 59 62 72
-2.07247262 0.777698283 2.11163143 231 231 231
5.6831279 -1.29134792 1.32471386 130 130 130
0.543875877 -5.8875275 1.75979129 235 235 235
-5.37149879 0.727714597 0.847759125 0 0 0
-2.13074312 0.63171353 2.01289023 6 6 6
5.667013 -1.28690718 1.37074697 130 130 130
0.543875877 -5.8875275 1.75979129 235 235 235
-3.24723893 -1.28816362 1.29496413 80 84 97
-2.13074312 0.63171353 2.01289023 6 6 6
5.67843351 -1.30416563 1.38571934 130 130 130
0.646049591 -4.66647863 1.43052789 102 107 123
-3.24723893 -1.28816362 1.29496413 80 84 97
-2.37958707 0.158460641 2.04543936 173 173 173
5.67843351 -1.30416563 1.38571934 130 130 130
0.651856726 -4.62899817 1.43519204 0 0 0
-1.65567148 0.586335833 1.57955524 6 19 43
-0.875298785 5.12862108 2.6601315 0 0 0
0.405080245 -4.82289924 1.53539235 228 228 228
-2.58466734 -0.872324619 0.345738576 0 0 0
-2.43717714 0.150880498 0.669450857 0 0 0
-0.52880499 -5.0218696 1.28443222 94 99 114
-2.20968762 0.186924792 0.621443145 116 122 140
-2.43717714 0.150880498 0.669450857 0 0 0
-1.95627037 -1.75610021 1.12622074 0 0 0
-0.912913983 -5.7156889 1.31709369 228 228 228
-0.91086652 -5.68703442 1.37888572 0 0 0
-2.50618022 0.644144623 0.630487685 103 109 125
-2.52656201 -0.0478256781 0.812345633 228 228 228
-0.266984801 -1.66946186 1.07252797 0 0 0
-2.55219806 0.619673837 0.640903266 0 0 0
-2.6056229 -0.125113784 0.912965878 228 228 228
-1.63755654 0.585555495 1.19301243 60 68 68
-2.02993355 1.19912192 1.03499775 123 123 123
-2.08475363 -1.57739787 1.21382188 127 127 127
-0.964615196 -5.62531127 1.5213527 0 0 0
-2.02993355 1.19912192 1.03499775 123 123 123
-2.25598908 -1.06354052 1.22893241 0 0 0
-0.72155691 -5.3759748 1.59678903 112 118 135
-2.14463661 0.786721658 1.03397479 7 13 27
-0.534050271 -1.36265959 0.832360544 231 231 231
-0.709836523 -5.37672466 1.62173757 112 118 135
-1.49643782 0.582534316 1.28118203 20 24 26
-2.1577817 0.77218549 1.17285021 77 77 77
-2.30462537 -1.00387396 1.23185041 236 236 236
-1.22875333 3.40120213 1.17289119 0 0 0
-1.15410147 -1.2038635 0.691320811 231 231 231
-1.40014184 0.585718988 1.36566704 59 74 71
1.96810526 0.421758676 0.944980519 130 130 130
0.426294691 -4.61007842 1.92642847 100 106 121
1.98650407 0.791849137 0.924943085 57 57 57
-0.519765146 -5.01546423 1.2669997 87 81 77
1.93094393 0.507111451 0.860663104 130 130 130
-0.617146017 -1.82316037 2.21067666 56 57 57
-2.30096251 0.118389575 0.312589158 0 0 0
0.15700948 -3.82765089 1.7670622 9 11 13
0.39028175 -4.77934497 1.63077297 228 228 228
-2.1632059 0.629456083 1.05175663 168 168 168
0.726392478 0.709317027 1.56489724 140 140 140
-1.99756094 -4.35836479 1.82095242 130 130 130
-2.00539967 -4.35326664 1.78832988 130 130 130
-0.956565636 0.580135301 0.906947278 106 107 109
-2.00539967 -4.35326664 1.78832988 130 130 130
-0.956565636 0.580135301 0.906947278 106 107 109
-0.916641742 0.575680365 1.63320765 39 49 69
-1.1208178 1.47641427 0.145101516 0 0 0
1.7536873 0.752870904 0.916963358 123 123 123
-2.49320795 0.270194568 0.809166452 0 0 0
2.52422482 0.322862428 0.900657305 59 62 72
-2.49320795 0.270194568 0.809166452 0 0 0
1.99178912 0.0448677313 1.00482415 130 130 130
0.439696608 -4.64406357 1.87847816 0 0 0
1.99011428 -0.0421165244 1.00480767 130 130 130
-0.419084835 -5.12302747 1.44106787 84 88 102
1.96605094 0.0144161062 0.953076162 0 0 0
-3.01854305 0.237901634 0.750397641 89 88 88
0.795396309 0.760500626 0.910673537 9 12 13
-2.37072035 -3.57271064 1.17325127 231 231 231
1.96814608 0.68922611 0.200392861 5 5 5
0.200476005 -4.32696092 1.79148994 28 28 28
-0.984043797 0.572970779 0.928911374 124 124 124
0.200476005 -4.32696092 1.79148994 28 28 28
-2.19441775 -0.0660014114 0.671394769 111 117 134
-0.551834508 0.577912707 1.12814266 11 69 41
-0.477843148 0.580872679 1.12528577 10 75 40
-0.754453943 -5.20882828 1.80091476 59 63 73
0.0435228398 -4.60446519 1.81749657 73 77 89
2.56571205 0.595663979 1.19838117 29 29 29
-2.00723511 -4.33519028 1.97086199 231 231 231
1.97608687 0.039702321 0.98960091 130 130 130
-0.321759726 -2.3370654 2.12958381 141 141 141
-1.25912828 0.581649392 1.07821075 0 0 0
-0.891783549 -5.38868038 1.75684054 67 70 81
2.1959409 0.187538364 0.903939364 59 62 72
-1.99456046 -4.36134405 1.73021071 0 0 0
-2.18916295 -4.05976943 1.67035661 231 231 231
1.98936463 -0.0468294763 0.902026973 0 0 0
-0.35574927 -5.24058028 1.39044907 108 113 130
-1.24629962 0.585798531 1.14128258 142 142 142
0.722013101 0.688898122 1.63878914 140 140 140
-3.69323023 -2.22663034 0.601315503 0 0 0
0.65063476 0.698995363 1.55141244 140 140 140
-0.893577266 -4.26529059 0.902527088 59 62 72
-0.594333891 0.576543242 1.52726998 23 33 52
0.311958944 -4.80918837 1.64887564 0 0 0
-3.24991144 -0.433442225 2.03488283 231 231 231
2.74887671 0.419885015 1.30119161 59 62 72
1.75178008 0.710780569 0.159332323 122 122 122
-0.683604349 -5.47647571 1.31914808 0 0 0
1.96488685 -0.0712733858 0.891734321 0 0 0
-0.769538232 -5.62436205 1.35963153 228 228 228
0.499290591 0.723943533 0.966915738 57 57 57
-0.391904682 -5.10905539 1.23642963 0 0 0
-0.736904343 -5.60824402 1.33493901 228 228 228
-1.38303395 0.58419763 1.38758017 8 9 10
-0.0143288098 0.01351884 -0.001395209 236 236 236
-0.973181926 -5.94811578 1.30469825 8 8 8
-0.316681887 0.603536 0.00812166824 107 107 107
-0.714706527 -5.33321565 1.83092018 231 231 231
2.61320534 0.607946498 1.19276743 28 29 29
-0.774472684 -6.03531954 1.29154358 93 98 113
2.15076125 0.246250667 0.822563033 0 0 0
-0.925353768 -1.4472633 2.28743915 56 57 57
-1.55851232 2.28514049 -0.286376996 29 30 30
-1.0850016 -0.993715595 0.731842222 0 0 0
-1.10507273 0.560106203 0.634868861 111 113 115
-1.60446822 0.585614603 1.19573583 6 7 8
-2.32883882 0.311993688 1.9812908 0 0 0
-0.0119417479 0.679372576 0.549347058 140 140 140
-1.77469328 1.917453 -0.121047062 5 5 5
0.305596732 0.793997704 0.973494665 0 0 0
-2.51604808 0.0496911189 0.71626712 0 0 0
2.30589993 0.72419983 -0.245880895 85 79 76
-0.477460106 -4.9932266 1.43404039 97 102 117
-1.24629962 0.585798531 1.14128258 141 141 141
-0.293000736 -5.27311173 1.37747097 98 103 119
-1.54923592 0.584519048 1.29479126 19 28 24
-3.94696371 0.696155625 1.00824211 111 111 111
-2.53131973 0.0280663814 0.730871089 0 0 0
-1.29790281 0.579394751 1.09686271 0 0 0
-0.438216881 -5.10355215 1.5207043 0 0 0
-1.39236883 0.580281777 0.965240773 141 141 141
-0.47281187 -4.99645411 1.43643941 97 102 117
-0.545307473 0.580277726 1.16537779 95 96 99
-2.4336175 -3.21356577 0.802295708 231 231 231
0.415697076 -4.79678893 1.5806265 0 0 0
-2.14341363 1.00236661 -0.0258553058 6 19 42
-0.942103011 -1.13654628 0.960486867 231 231 231
-0.28916899 -6.50946663 1.54881101 0 0 0
-0.969714074 -1.1576338 0.974345616 231 231 231
-0.288830647 -6.50938266 1.54903101 0 0 0
-1.21044708 0.57868064 1.18491472 0 0 0
-0.66287313 -5.48840692 1.31612464 0 0 0
-1.12740097 -1.10297973 0.629901558 0 0 0
-0.772740954 -5.21200453 1.77443101 94 99 114
-1.13826592 -0.912662293 0.572584862 59 62 72
-0.812349091 -6.07709918 1.31471201 231 231 231
-1.1369917 -1.16227179 0.570674788 59 62 72
0.551286452 -5.93165774 1.76302554 236 236 236
-1.26002994 0.578229462 1.12446606 0 0 0
-0.972004714 -5.54133712 1.7245574 94 99 114
2.37154861 0.131333636 1.21023429 0 0 0
-0.955234638 -1.45403006 2.08219821 158 158 158
-0.637331979 0.572223958 1.52079902 111 112 115
-2.127203 -3.93602271 1.75980125 101 101 101
-0.868677696 -5.40584644 1.7908381 82 86 100
1.88976623 -1.3652868 0.543194591 59 62 72
-3.41425405 -0.732866368 0.41431711 0 0 0
1.49585065 -1.78083333 0.290639116 231 231 231
-0.612168885 -5.48941896 1.3329209 0 0 0
1.85081308 -1.78230903 0.142605362 122 122 122
-0.629559042 -5.48224226 1.3225183 0 0 0
-1.136169 -1.1631128 0.570421145 59 62 72
0.438884414 -4.79290561 1.55294205 228 228 228
-1.07218552 -0.880240027 0.809069851 59 62 72
-0.311525207 -6.4131247 1.47581577 0 0 0
1.17084454 0.694080609 0.0413800934 231 231 231
-4.13076541 0.91659653 0.873027554 198 198 198
1.1898582 -1.73261728 0.907307567 231 231 231
0.427204634 -4.79637552 1.57482056 0 0 0
-1.06495364 -1.11761138 0.763016528 0 0 0
0.379428233 -4.80427201 1.60772685 228 228 228
-0.114701474 0.132970017 0.0133720781 235 235 235
0.387439614 -4.87531667 1.46950534 228 228 228
0.508863761 -4.80236759 1.4831719 228 228 228
-1.13418089 -1.11482847 0.62054767 0 0 0
0.552270872 -4.50533496 1.34863353 0 0 0
-1.1407147 -1.1124644 0.625045535 0 0 0
-0.498850371 0.57513941 1.66756652 1 2 6
0.648934353 -5.58360752 1.7508017 131 128 128
1.91562347 -1.48855061 0.697075116 0 0 0
-0.660761456 -5.07470941 1.68682403 96 101 116
1.9135414 -1.48710093 0.698472937 0 0 0
-0.846038543 -5.95760361 1.27951895 115 121 139
-0.903844613 -5.33981151 1.6108989 89 94 108
1.87841522 -1.54818723 0.62608616 0 0 0
-0.724443326 -5.45291066 1.47777812 59 62 72
1.55059907 -1.25808617 0.449357704 0 0 0
-0.775670585 -5.42427261 1.45089352 59 62 72
-0.934398375 -1.63366637 0.949411365 231 231 231
1.87736508 -1.49200625 0.629191753 0 0 0
-3.77887222 -2.10626435 0.795721742 0 0 0
-2.88145059 -2.85107406 1.09833622 0 0 0
-0.300248826 -1.70065181 1.18039928 130 130 130
1.99692745 -1.69878732 0.847591757 231 231 231
-0.298089038 -6.5030927 1.55570885 0 0 0
-0.749086934 0.573203991 1.31742227 110 115 121
-0.671474834 -6.31821173 1.16703266 8 8 8
1.87084631 -1.63763726 0.594270159 59 62 72
0.518305789 -5.72637036 1.74013037 236 236 236
0.125014619 -4.63771433 1.90987604 116 122 140
0.952624428 -1.66393944 1.06734304 105 106 109
-0.316327945 -6.49647285 1.56963433 165 165 165
1.9376555 -1.38787727 0.739075233 130 130 130
-0.277146661 -6.5357314 1.57634156 165 165 165
1.9142803 -1.44020443 0.702885379 130 130 130
-0.0960772268 -5.42832224 1.47400829 110 116 133
-0.75711976 -6.15960715 1.05022742 131 128 128
1.78798943 -1.4009961 0.555719379 59 62 72
-0.677351515 -6.13858437 1.65884557 231 231 231
-1.09774458 -4.05484222 0.858289594 107 113 129
0.513218928 0.719130076 1.96775591 57 57 57
0.298271992 -5.71367143 1.70493112 59 62 72
-1.37103296 0.57814811 1.17887218 0 0 0
0.813474566 -5.03235035 1.43974873 92 97 112
0.535057283 -5.81720669 1.7473948 0 0 0
2.02124364 0.0925618374 1.0911714 130 130 130
0.431935748 -4.75623456 1.6439097 0 0 0
-1.03188967 -0.937902569 0.819858939 130 130 130
-0.828725814 -4.42513845 1.24377017 88 93 107
-0.933733749 -4.39896714 1.35119303 231 231 231
-0.165089482 0.634745559 0.318189327 5 5 5
-0.843800513 -5.56705057 1.50683209 228 228 228
0.405080245 -4.82289924 1.53539235 228 228 228
-0.23674567 -1.68975541 1.09636835 130 130 130
0.350620953 -5.84360519 1.72743493 234 234 234
1.97752299 -1.59793696 0.656490366 130 130 130
-0.695992216 -5.24006427 1.83428369 99 104 120
-0.715196933 0.445034918 0.677123954 111 112 115
-3.4515828 -0.806330192 0.42736194 0 0 0
1.84381614 -0.13816007 0.85425424 59 62 72
0.807470992 -4.98725477 1.4669418 117 123 141
0.480724443 -4.41161619 1.73506305 90 95 109
-0.596090019 -1.72700875 1.01531901 231 231 231
1.84381614 -0.13816007 0.85425424 59 62 72
-3.41606135 -0.492421082 1.10176927 67 67 67
-0.805928398 -5.38920063 1.46979758 92 97 111
0.571458639 -4.65228916 1.5008966 109 114 131
0.495451265 -6.08521079 1.74658664 235 235 235
-3.25385349 -2.23628942 0.878315069 231 231 231
2.03018825 0.342322775 1.09287773 130 130 130
0.104317705 -3.59040127 1.76334028 98 103 118
1.9380498 0.42087809 0.902180286 0 0 0
0.826155344 -4.44327096 1.96413493 99 105 120
1.84244101 0.327685676 0.857224247 130 130 130
0.507540533 -4.41979557 1.6336079 65 68 79
1.96496872 -0.0919788707 0.903353112 130 130 130
-1.12264018 -5.49364438 1.78782067 231 231 231
-0.260470341 -1.71107075 1.03343315 0 0 0
-1.14235937 -0.910763328 0.577324365 59 62 72
-0.316293329 -6.43234345 1.48583695 0 0 0
-0.965327146 -5.92980995 1.29439269 231 231 231
-0.962913997 -1.16904866 0.982815234 231 231 231
1.2411853 -5.32176989 1.53626955 112 117 134
-2.25650438 -1.01452737 1.23225711 0 0 0
-0.543922988 -4.91129344 1.42259669 59 62 72
-2.25650438 -1.01452737 1.23225711 0 0 0
-2.60683287 -0.0196289801 1.08561909 94 99 114
-2.2480245 -1.07209442 1.2245305 0 0 0
-0.478572809 -5.22581301 1.87801502 98 103 118
-2.28326579 -1.05191764 1.22697658 235 235 235
-0.679081392 -5.4281166 1.45099505 113 119 136
-2.28326579 -1.05191764 1.22697658 235 235 235
1.1246883 -5.54296526 1.54056959 0 0 0
-2.28337085 -1.07607224 1.22896566 0 0 0
-1.06342945 -1.10033395 0.810188685 130 130 130
-0.362192078 -6.47307589 1.59519128 0 0 0
1.16599562 -5.50969059 1.5417117 0 0 0
0.463045977 -4.37798232 1.58099086 79 83 96
0.463045977 -4.37798232 1.58099086 79 83 96
2.32986014 -0.848434577 0.878976953 104 109 125
0.890484721 -5.28751679 1.47863701 0 0 0
-2.25680396 -1.06693425 1.22277807 0 0 0
0.384297456 -4.81935719 1.57758979 0 0 0
0.383765457 -4.82049588 1.57665074 0 0 0
-0.165620614 -1.64160717 1.01905308 231 231 231
-2.55755343 -1.77354909 1.07769927 97 102 116
-2.12083596 -1.13199472 1.213811 234 234 234
-4.72312087 0.0444710478 1.94278402 231 231 231
-2.17663745 -0.972060855 1.22774598 0 0 0
-3.01100252 -2.22754097 1.08899459 98 103 118
-0.00420320837 -1.79671446 0.930164833 73 73 73
-3.44445858 -0.599509568 0.633583288 0 0 0
-2.17316464 -1.10979096 1.21341729 0 0 0
0.160416841 -3.81363444 1.76995171 0 0 0
-2.23838049 -1.00792774 1.22503335 235 235 235
0.503841476 -4.78054225 1.51776579 0 0 0
-2.00785217 -1.34336809 1.14670357 129 129 129
-0.739604733 -5.1233308 1.84241928 231 231 231
-2.09691941 -4.06963827 1.28978105 231 231 231
-2.32444921 -1.01239384 1.23483268 0 0 0
-0.422999932 -6.47642367 1.64343376 166 166 166
-2.36192158 -1.11636065 1.22030528 235 235 235
-4.44580243 -1.11410025 1.222376 231 231 231
0.515063826 -6.09062944 1.7634375 141 141 141
0.263930774 -4.9028016 1.50378826 110 116 133
-2.42418988 -1.73415127 0.608620103 60 64 74
0.664881655 0.702285516 1.60801046 0 0 0
0.454094307 -4.79378738 1.55710923 0 0 0
-0.492702595 0.576946761 1.50829307 70 77 90
0.956936505 -4.2393423 1.39777839 231 231 231
1.39202548 0.76953515 0.900973797 6 20 42
0.511224814 -4.90533837 1.22507943 0 0 0
1.39202548 0.76953515 0.900973797 6 20 42
-1.11692884 -5.45471493 1.72881261 231 231 231
0.981418008 0.765483999 1.98334461 57 57 57
-0.761101899 -5.21328443 1.75956278 59 62 72
0.981418008 0.765483999 1.98334461 57 57 57
-0.762808382 -5.19082603 1.75578621 231 231 231
0.49363969 0.730866546 1.94020563 0 0 0
0.572788094 -3.98870952 1.80736611 56 57 57
-0.548629598 0.574984073 1.32152285 124 124 124
-1.11244181 -4.40721127 1.30559502 231 231 231
-0.491784605 0.578625395 1.31833809 124 124 124
0.303001638 -4.95141718 1.44207834 85 79 75
1.73546592 0.706105694 0.2474966 214 214 214
0.583416632 -5.92308293 1.76507458 235 235 235
-0.207381678 0.744324747 1.96445761 57 57 57
-0.876814128 -4.34679562 1.28626533 65 66 72
0.535902742 -4.46151542 1.60361856 70 74 85
-0.444415459 0.575098678 1.70743827 2 8 30
0.520099186 -5.73389269 1.74256183 234 234 234
0.6053313 0.698432986 1.73755363 140 140 140
0.520099186 -5.73389269 1.74256183 234 234 234
0.6053313 0.698432986 1.73755363 140 140 140
-0.0480275941 -6.1434918 1.62598307 0 0 0
0.71283577 0.707700272 1.55693906 140 140 140
-0.749769694 -5.38432895 1.55325919 64 68 79
0.565088205 0.71547365 1.91713503 57 57 57
1.55444866 -5.5808344 1.88658364 231 231 231
1.20886958 -5.52166201 1.5499695 236 236 236
-0.676392249 -5.22365694 1.83046703 98 103 118
-2.53687846 -0.0117856744 0.758313843 228 228 228
-0.985650092 -4.25751065 1.01620202 65 69 80
-0.291011253 0.616750812 1.85477882 107 107 107
1.0727495 -5.48909752 1.52917146 236 236 236
1.5903453 0.777230385 0.90788685 124 124 124
0.815400879 -4.35881652 1.9457652 59 62 72
1.98644172 -0.0198592556 0.999290592 0 0 0
-0.561781713 -5.23431388 1.81218644 231 231 231
0.471967938 0.754654318 2.00804687 57 57 57
-0.122229338 -4.17480753 1.80263601 79 77 77
2.00939993 0.185110004 0.831372151 59 62 72
-0.733437298 -5.43971586 1.63883757 59 62 72
3.68763031 0.477677362 1.28506497 85 89 103
0.501105025 -5.95249176 1.76146433 233 233 233
-0.263232683 -6.50981366 1.51766402 166 166 166
-0.219412638 -6.55606643 1.49550189 0 0 0
1.61164816 -0.231122015 0.813425186 107 112 129
-1.91484387 0.456917955 -0.107750322 0 0 0
1.89131386 -1.6778917 0.525195103 231 231 231
-3.11835111 -2.01737662 1.0471666 110 116 133
0.432226071 -4.65776298 1.70837633 0 0 0
5.65232244 -1.32544605 1.27017207 0 0 0
-0.386988304 -5.16254215 1.68167879 59 62 72
-0.306446886 -5.25795145 1.4349888 109 114 131
-1.12665535 -1.02656335 0.651900962 130 130 130
1.29522449 -5.26528814 1.8352287 5 5 5
-1.1167766 -0.818422649 0.476657969 59 62 72
-2.62605317 -1.87998717 0.962404868 0 0 0
-2.62605317 -1.87998717 0.962404868 0 0 0
-2.10631682 -1.14165241 1.22389754 234 234 234
-0.310273578 -6.47006291 1.52253978 166 166 166
6.14179619 -0.862687875 0.297814596 231 231 231
-3.65997294 -1.22372539 -0.100969298 107 107 107
5.98136918 -0.956653739 0.159675377 231 231 231
-4.8800378 2.89411703 0.770251558 0 0 0
6.22526449 -0.725481233 1.19919994 231 231 231
-0.935407071 -5.67211298 1.45700766 228 228 228
5.9886683 -0.806891668 0.181543641 231 231 231
-0.303060541 -6.46123723 1.58963028 0 0 0
1.94328397 0.359148061 0.893466105 0 0 0
1.36917148 -5.2596071 2.21453132 107 113 130
1.93170119 -1.28752996 0.541235272 59 62 72
1.96759524 -1.57717055 0.811145496 130 130 130
-3.7597803 -1.80320959 0.567751388 0 0 0
1.17289377 -5.56502269 1.54930582 236 236 236
-2.29932393 -0.993934916 1.23491776 236 236 236
1.92097889 -1.47050272 0.73045055 130 130 130
0.408644711 -4.80847494 1.54321183 228 228 228
1.92138787 -1.4709743 0.730268036 130 130 130
0.0839626977 -3.74964194 1.69192164 103 108 124
-1.07591009 -1.04493078 0.735637861 130 130 130
1.90992425 -1.46722931 0.70345004 0 0 0
0.356998586 -4.78007572 1.64416443 0 0 0
1.8919318 -1.52521815 0.649670339 130 130 130
1.32459388 -5.58441459 1.57354327 0 0 0
-0.945897243 -1.54984582 0.769175368 59 62 72
-1.57236762 0.585490008 1.2830212 17 26 22
-0.240541689 -6.53722983 1.51394277 0 0 0
1.32459388 -5.58441459 1.57354327 0 0 0
3.94387608 0.592724359 1.47713122 87 92 106
-1.51431211 0.586828709 1.27964216 20 24 25
-0.200141977 -6.54438061 1.46659111 166 166 166
1.85706529 -1.57569368 0.56127832 130 130 130
-1.24397216 -5.45335635 1.62434328 94 99 114
0.855928469 -4.33937568 1.8940853 97 102 117
2.03863042 0.101892631 1.09365707 130 130 130
0.513218928 0.719130076 1.96775591 57 57 57
0.000228587125 -5.82842965 2.1491155 231 231 231
5.85732102 -1.15481735 1.27829477 231 231 231
5.85410252 -1.15428003 1.27821245 231 231 231
5.69827698 -1.3425068 1.3917643 0 0 0
-0.51198077 -6.2781261 1.30870081 231 231 231
1.95791784 0.403356408 0.93544163 0 0 0
5.6554222 -1.39261193 1.33497591 0 0 0
1.18850661 -5.65662261 1.55762497 0 0 0
1.59794466 0.770081768 0.894192203 6 20 42
-1.01915546 0.572921288 1.69102995 10 76 38
-2.55477101 -0.0898693572 0.788497385 0 0 0
1.99753568 -0.0669857233 1.02848152 0 0 0
-1.164059 -5.49484364 1.72577541 231 231 231
2.6854446 -1.09014363 1.06300361 0 0 0
-0.795282816 -5.44400179 1.83966768 231 231 231
-0.549067906 -6.37452632 1.59827653 78 82 95
1.08863955 0.771671411 1.96758843 57 57 57
2.66784735 -1.03792036 1.03119727 130 130 130
0.0758918436 -4.57732178 1.90091246 79 77 77
-0.420031976 -6.71877857 1.47928196 231 231 231
2.6626233 -1.08752152 1.01440826 0 0 0
-0.83668593 -5.02213581 1.69896273 231 231 231
1.87753678 -1.45344894 0.624137991 0 0 0
-1.12781731 -1.11338839 0.620246543 0 0 0
-0.690709502 -6.21037274 1.31729691 231 231 231
1.73625094 0.789963338 0.891566629 124 124 124
5.83232429 -1.048344 1.44176678 59 62 72
5.78780146 -1.14495824 1.3540419 0 0 0
2.64099432 -1.08356254 0.948593456 0 0 0
1.96644308 -0.0564876831 0.958474152 0 0 0
1.87553055 -1.41630079 0.630223348 0 0 0
1.92522368 -1.52249254 0.719968305 130 130 130
-1.14471438 -1.15169449 0.567139211 59 62 72
-0.482989274 -6.22046469 1.38210349 231 231 231
5.8347614 0.734303468 1.48667862 231 231 231
5.88512837 -0.246704601 1.24015164 231 231 231
5.58569133 -0.257773412 1.13646291 231 231 231
2.71068161 -1.09444755 1.10791952 130 130 130
1.17237607 -5.5472752 2.0412244 111 116 134
5.80781489 0.198506556 1.26416633 231 231 231
2.72796052 -1.09822318 1.10652125 130 130 130
1.89581514 -1.45497518 0.663640941 130 130 130
1.8801349 -1.3629495 0.550527001 59 62 72
0.669739364 -5.65610045 1.770455 129 126 126
6.00206595 -0.241149412 1.22838288 231 231 231
3.16483482 0.657246841 1.97663468 57 57 57
5.93147672 -0.715798467 1.22700394 231 231 231
-0.942106511 -4.42393889 0.960376252 84 89 102
1.95367351 -1.41565786 0.799646321 130 130 130
-2.67461251 -0.000335661604 0.664772115 228 228 228
6.13266675 -0.278595562 0.225079199 25 25 25
0.297421729 0.76257526 1.85796999 57 57 57
0.495660591 -4.39506223 1.39668653 96 101 116
2.02197382 -1.26048279 0.807776349 0 0 0
1.94092313 -0.895839565 0.547502935 59 62 72
-0.668949465 0.576574797 1.51956111 73 85 106
0.360838194 -4.85243709 1.50215071 0 0 0
-1.37152735 0.5773066 1.17955162 0 0 0
-1.44124904 0.588478635 1.34827614 6 7 8
-0.935605747 -5.67750223 1.43132533 228 228 228
1.93495913 0.665529783 0.848223459 5 5 5
0.297703383 0.765378993 0.970503589 34 34 34
6.07293783 0.538325842 1.88411889 231 231 231
6.10953024 0.545339675 1.88558215 231 231 231
0.554006498 -4.81683182 1.47638312 228 228 228
5.56998603 -0.918394486 1.35913387 59 62 72
2.43035973 0.13344884 1.28237634 80 84 97
-0.748409091 -5.91548756 1.26635621 119 125 144
-1.07638078 -1.08595057 0.734465931 130 130 130
-1.30322307 -1.96543517 0.720834406 8 8 8
0.0557384621 -0.14532839 0.0168112803 235 235 235
-0.721636643 -4.73487624 1.35935392 89 94 108
6.18707408 -1.52621229 1.87616947 231 231 231
0.114610654 -0.137011597 -0.0206559775 235 235 235
0.313077618 -3.83201926 1.86027957 115 121 139
5.8725162 0.228808333 1.28604201 231 231 231
0.651710074 0.6894777 1.56086261 139 139 139
1.97034144 -1.56310477 0.943973366 59 62 72
-2.16571138 -0.961319621 1.22713653 0 0 0
-0.627873021 -4.87201252 1.63118398 231 231 231
5.75712863 0.190793432 1.35868233 0 0 0
-0.178605637 -6.67046708 1.47302411 94 99 114
1.89539027 -1.45415437 0.663247394 130 130 130
-3.32750565 -0.79098881 -0.00486548068 107 107 107
-0.250796184 0.600128107 0.942493576 5 5 5
-1.11679977 -1.07907496 0.653202016 130 130 130
2.05962105 -1.2670402 0.920411815 104 110 126
2.3941913 -1.85622444 0.111599783 231 231 231
1.46414015 -1.77199446 0.305802681 231 231 231
-3.47460572 -1.48890055 0.224091648 0 0 0
-0.965444352 -1.15579889 0.971725053 231 231 231
-2.09461774 -1.17019185 1.22273562 129 129 129
-0.758411635 -5.39526306 1.46390892 69 73 85
5.62771894 0.383972466 1.36779049 59 62 72
-1.00736384 -5.74077267 1.29269542 231 231 231
-0.23674567 -1.68975541 1.09636835 130 130 130
0.392198576 -1.46884759 1.48722465 32 42 64
-0.495539533 -5.10041767 1.57282592 107 113 129
1.90101904 -1.52504387 0.6759022 0 0 0
-0.101970845 -1.45197113 0.851784435 231 231 231
2.03192238 0.3427831 1.0922033 130 130 130
1.99677743 0.341877504 1.01952141 130 130 130
-0.0624845849 -1.72955064 1.17101592 130 130 130
1.22813418 -5.53624774 1.555992 236 236 236
1.92003681 -1.52082067 0.720741786 130 130 130
1.53326412 -1.64141857 0.509620683 106 112 128
1.18945815 -5.68184669 1.56356775 0 0 0
5.37381402 -1.56361625 1.2831112 231 231 231
-0.94162532 -1.1244608 0.951614683 231 231 231
-1.09504634 -5.46452398 1.73680139 231 231 231
4.77159502 -1.62265074 1.40797236 59 62 72
-0.966631924 -1.16867859 0.984214651 231 231 231
-2.16774192 -1.12424145 1.22784185 0 0 0
2.42229741 -1.68087406 0.944797095 59 62 72
-0.836352373 -1.63398086 0.97911582 231 231 231
1.20693249 -5.89592905 1.52982028 112 118 135
4.93690076 -0.502370207 0.20354415 82 77 73
-3.1858075 -2.62683405 1.18770086 130 130 130
2.32986014 -0.848434577 0.878976953 104 109 125
1.96565527 -1.55365227 0.792448872 130 130 130
-2.27602092 -1.06303971 1.2313337 0 0 0
-2.25609149 -1.0213726 1.22867417 0 0 0
-2.25609149 -1.0213726 1.22867417 0 0 0
1.07488284 -1.58861221 1.05789119 231 231 231
1.70992457 -0.181301826 0.807536017 106 112 128
-1.10164565 -1.18191106 0.547903432 59 62 72
-2.23867407 -1.00855522 1.22722403 235 235 235
1.73317776 -1.38635999 0.513293258 108 114 130
-2.12628579 -0.964969751 1.22166191 235 235 235
-0.988634883 -0.908909218 0.953003089 81 85 97
0.275444189 -1.69509781 1.14669476 231 231 231
1.68465785 -0.118882356 0.981534393 130 130 130
0.768348257 -1.66182887 1.0117903 101 101 101
-0.939624563 -1.12572738 0.972418961 231 231 231
-0.115529411 -0.0981510684 0.0120991246 235 235 235
-0.115529411 -0.0981510684 0.0120991246 235 235 235
-2.30505155 -0.988214257 1.23223631 236 236 236
2.00206711 0.468043143 1.03259984 0 0 0
1.97117405 0.365588382 0.950765686 0 0 0
1.9233323 -1.5205781 0.722215374 130 130 130
-1.07912057 -1.08452854 0.735640557 130 130 130
0.97210148 -1.70279128 1.50935372 231 231 231
2.03214453 -1.59239383 0.96470557 231 231 231
-2.3842344 -1.15347618 1.21599371 235 235 235
5.80484147 0.778254022 2.04879578 5 5 5
1.63547616 -1.69947859 0.454784257 59 62 72
-2.17005761 -0.966060457 1.22711237 0 0 0
-2.38956377 -1.12896895 1.22939604 235 235 235
-2.37652957 -1.14260557 1.21650377 235 235 235
-2.26712193 -1.03726564 1.22821267 0 0 0
-2.33045833 -0.965731665 1.23838781 0 0 0
-2.19651979 -0.990544896 1.22886776 0 0 0
-1.07467387 -0.957159157 0.766881651 0 0 0
-1.08558149 -1.0890848 0.693548712 130 130 130
0.485432877 0.77081833 2.01563639 57 57 57
1.00189956 0.744083794 2.01170658 57 57 57
-0.474779514 0.578105249 1.65151243 74 77 87
0.806450944 0.713027923 1.45632511 140 140 140
0.812655238 0.717665913 1.45418363 140 140 140
-0.492702595 0.576946761 1.50829307 70 77 90
2.16803619 0.24217163 0.832485718 0 0 0
-0.524599119 0.576175456 1.36230265 124 124 124
0.98814622 0.753486851 1.02183447 0 0 0
0.442308812 0.766868779 2.01287903 231 231 231
0.628484739 0.702853843 1.67789788 0 0 0
1.06676713 0.767891965 2.00824125 57 57 57
1.95741386 0.130630299 0.824332942 59 62 72
-0.527227642 0.57839657 1.30766512 111 118 122
3.65634048 0.471339566 1.29108556 84 89 102
0.966861209 0.831446256 1.934628 57 57 57
0.565088205 0.71547365 1.91713503 57 57 57
0.744657886 0.703523703 1.58702171 140 140 140
0.838598319 -5.0012314 1.42190498 0 0 0
1.0418293 0.750965575 0.955674524 0 0 0
-0.784376062 0.439055644 1.70588533 0 0 0
-2.20841373 0.642185617 0.139509151 0 0 0
-1.04039183 0.57471709 1.58840701 8 26 55
1.30738098 -5.57242017 1.56568882 0 0 0
-1.24535009 0.610393916 1.32962724 4 13 32
-1.8793071 -4.22599002 1.45682732 231 231 231
-2.51572334 -0.10465571 0.717120643 0 0 0
0.804340492 0.709644328 1.74380791 140 140 140
1.21042316 1.09017458 1.72561277 140 140 140
1.36668899 -5.23376287 1.97836327 89 93 108
1.58989147 0.777424742 0.907664433 124 124 124
0.594979178 -5.53943938 1.69968499 129 127 127
1.86345445 0.670146252 0.798609344 107 113 129
1.95306091 -0.0194759662 0.921040502 130 130 130
1.95306091 -0.0194759662 0.921040502 130 130 130
0.98274011 0.769658687 0.844205601 29 30 30
-0.14085882 0.771906788 2.0210984 57 57 57
0.728328827 0.693852818 1.56679817 0 0 0
-0.744294726 -0.805490632 1.59894515 0 0 0
0.995711104 0.750496374 1.96902704 0 0 0
3.93698673 0.817210557 2.00098865 56 57 57
1.04394305 0.801004123 1.05366659 0 0 0
2.00506866 0.240917486 0.833310009 60 63 73
6.07183594 4.59277673 -1.60255437 57 57 57
-0.230745954 0.755696466 2.01260838 231 231 231
-0.230205042 0.756839015 1.97062313 231 231 231
0.722755232 0.717667083 1.55498394 140 140 140
-0.757943174 -5.44597585 1.62452645 107 113 129
-0.489036356 0.574229601 1.66625851 1 1 4
-0.185827139 0.757418292 1.99328536 0 0 0
0.606700641 0.673002988 1.48990317 140 140 140
1.6030092 0.778382387 0.927901368 57 57 57
0.632142295 0.690435787 1.72117036 140 140 140
0.88303183 0.736086334 1.59036174 57 57 57
0.297421729 0.76257526 1.85796999 57 57 57
0.67332291 0.7363409 1.05397888 57 57 57
-1.03872499 -1.13528125 0.82254086 130 130 130
-1.06826783 -1.09046859 0.732276908 130 130 130
-1.12665535 -1.02656335 0.651900962 130 130 130
-2.01337794 -0.503366039 1.71178622 68 67 67
0.780881345 -4.30432625 1.92617403 99 105 120
-0.986142763 -1.69324392 0.844101911 231 231 231
-2.22854885 -0.999395159 1.22607589 235 235 235
-0.83377513 -1.6181483 0.955607536 59 62 72
-0.83377513 -1.6181483 0.955607536 59 62 72
-1.13729841 -1.11400128 0.58739009 130 130 130
-2.01267155 -1.37223639 1.21182658 231 231 231
-1.10211703 -1.02323188 0.678992034 0 0 0
0.825204521 -4.34030397 1.95465649 101 106 122
5.68785269 -1.27788818 1.34495573 0 0 0
-4.14254911 -0.979708887 0.851813319 231 231 231
2.70811898 0.352958117 1.33902278 29 29 29
2.64044616 -0.981568404 0.959701072 130 130 130
0.506188111 -6.05606087 1.75428927 234 234 234
2.64266993 -1.00925168 0.964109378 0 0 0
0.0958554655 -4.72998098 1.88517655 70 68 68
2.66432762 -1.06393646 1.01432343 0 0 0
2.6755139 -1.06861641 1.03965896 130 130 130
1.0789554 -4.66214017 1.63109532 5 5 5
2.6755139 -1.06861641 1.03965896 130 130 130
1.46709566 -5.64580587 1.58453573 118 124 142
2.65282912 -1.03782251 0.988135376 0 0 0
1.50800771 -5.67732159 1.58015811 68 71 82
2.6519725 -1.06819962 0.987290838 130 130 130
-0.319107989 -6.57531414 1.67639845 165 165 165
6.18707408 -1.52621229 1.87616947 231 231 231
5.75974746 0.30760207 1.4476429 59 62 72
1.34525992 -5.60321022 1.55952657 236 236 236
5.76097943 -0.125833412 1.44686396 59 62 72
5.64726241 -1.27139394 1.21807182 130 130 130
3.2289301 0.487561069 1.23117348 62 65 75
2.71543712 0.304662117 1.30649985 65 69 80
5.58528313 -0.163206693 0.187058639 82 76 73
5.73558289 0.18761487 1.44697488 231 231 231
5.69537985 0.0751891993 1.45568219 59 62 72
0.254706687 -5.40509883 1.35948943 129 127 127
5.75967488 -1.14325402 1.42840632 231 231 231
0.254706687 -5.40509883 1.35948943 129 127 127
5.7783484 0.194554472 1.26697252 231 231 231
-0.858966518 -5.59131818 1.47834953 0 0 0
6.10732208 -0.708138866 1.33789496 0 0 0
-0.860416474 -5.59098977 1.47745475 0 0 0
5.63454296 -1.40181501 1.22063675 130 130 130
-0.829550169 -5.53545431 1.53535153 0 0 0
5.91891787 -0.095651146 0.17808543 231 231 231
-0.325322168 -6.45650319 1.54706312 165 165 165
5.41334216 0.574936032 1.27888822 231 231 231
-0.438651498 -5.13029878 1.37474382 59 62 72
5.41334216 0.574936032 1.27888822 231 231 231
6.23240761 -0.147849014 0.228550741 231 231 231
-0.615203814 -6.55760933 1.87485981 59 62 72
6.13703479 -0.278896833 0.22397317 25 25 25
6.12941549 -0.689147905 0.224415527 25 25 25
-2.98934232 -2.7184602 1.00176585 231 231 231
6.1972967 -0.812970323 0.243368076 231 231 231
6.20176816 -0.813129886 0.242157319 231 231 231
0.712226092 0.700781442 1.67056346 0 0 0
4.85207631 -0.487713842 1.09983468 106 104 104
2.70518315 -0.955195651 1.11071176 130 130 130
0.973020874 0.779478039 1.90309434 57 57 57
5.98515993 -0.155397971 0.187973654 231 231 231
-0.963350344 -5.65033499 1.48980841 228 228 228
5.78645048 -0.0257797912 1.34904181 59 62 72
-0.906427144 -5.69415395 1.4250771 228 228 228
5.66909568 -1.37710068 1.36254223 6 6 6
0.31104467 -4.80607103 1.64802097 0 0 0
0.988782305 0.828002041 0.938645215 57 57 57
5.98660771 0.345771785 2.1095075 41 41 130
5.64029357 0.212320427 1.42603587 231 231 231
5.65814827 -1.27287579 1.26845911 0 0 0
-0.292809462 -6.58215171 1.63917044 0 0 0
5.14076889 -0.663824619 1.14032007 231 231 231
5.07190666 -0.716605993 1.1484165 231 231 231
-2.22025727 -3.83541913 1.77418198 231 231 231
6.14396822 -0.729814877 0.261129677 25 25 25
1.71875719 0.773919993 0.909736062 124 124 124
-2.93787703 -2.25630813 0.821456273 67 71 82
1.167472 0.77376113 0.88911926 6 20 42
-0.0431921001 -5.55344513 1.76602891 0 0 0
1.97967686 0.735773241 0.139650372 125 125 125
-0.798819524 -5.00591145 1.70396219 0 0 0
1.9789539 0.640951102 0.947741689 231 231 231
-3.76142159 -1.34654281 0.038140038 231 231 231
1.92961661 0.526093545 0.915555723 130 130 130
1.96137622 -1.38631188 0.817040944 130 130 130
1.96681959 -1.38830635 0.815130625 130 130 130
1.23214728 0.778153506 0.906689026 124 124 124
-0.590687447 -4.00243353 1.77044288 67 67 67
5.92719994 0.366261232 2.14390226 41 41 130
5.66469953 -1.37841961 1.3895184 0 0 0
0.0511120549 -0.497932872 1.78444166 85 89 103
3.34564601 -1.67959384 1.3244912 231 231 231
-2.89525712 -1.90472848 0.520011313 82 86 99
1.99579341 0.0752227339 0.987702923 0 0 0
4.02197211 2.30717912 -0.166454599 124 124 124
1.90121171 -1.52517728 0.675756732 0 0 0
1.88996396 -1.52525803 0.649878099 130 130 130
-0.848331235 -5.5651594 1.50475022 228 228 228
1.88990891 -1.52517345 0.649884793 130 130 130
2.49404648 0.562043324 1.18618433 29 29 29
2.62955288 -1.00915035 0.941442079 0 0 0
-0.961309649 -4.20836985 0.928947869 59 62 72
2.39385648 0.0412697949 0.0370343129 0 0 0
1.22813418 -5.53624774 1.555992 236 236 236
5.37381402 -1.56361625 1.2831112 231 231 231
1.18945815 -5.68184669 1.56356775 0 0 0
4.77159502 -1.62265074 1.40797236 59 62 72
-0.847623926 -5.45718878 1.79132671 231 231 231
1.8828153 -1.51944487 0.653425256 130 130 130
-0.933862446 -5.67091656 1.37001492 0 0 0
2.19931324 0.00770913109 0.137498846 0 0 0
2.05122171 0.634255386 1.04281167 22 22 22
4.85600781 -1.00011436 1.70185856 231 231 231
5.75603143 0.156438007 1.41867521 231 231 231
6.29616698 -0.266663805 1.2432662 231 231 231
6.16601619 -1.16542687 1.38396871 231 231 231
2.66834477 -0.9782481 1.04519284 130 130 130
2.66973736 -0.978284423 1.04488998 130 130 130
0.972079853 0.745732018 1.073434 0 0 0
6.19765672 -0.632966264 1.46105374 0 0 0
2.64083875 -1.03890089 0.960117006 130 130 130
1.15437661 0.757251082 0.8886889 119 119 119
6.04285951 -0.325331957 0.140259803 231 231 231
5.94740155 -0.951037807 0.165989239 231 231 231
1.79343373 0.416146657 0.796811387 111 117 134
1.78804158 -0.0159802645 0.801965279 112 117 135
1.63653979 0.695032412 0.601402964 5 5 5
2.87652395 0.344190149 1.31370906 29 29 29
6.11468461 -0.239495403 0.188478881 25 25 25
6.06512486 -1.62707437 1.10365332 0 0 0
0.831156984 0.74603068 0.859917082 29 30 30
2.87281686 -1.57883564 1.30692277 231 231 231
1.99112579 0.346674591 0.962048082 130 130 130
6.01203536 -0.594491321 0.146530028 231 231 231
2.15045704 0.289778784 0.942523339 59 62 72
4.22443118 -1.60059853 1.37790869 59 62 72
2.01130986 -0.873656874 0.999657954 110 116 133
1.98693952 0.476870403 0.967791217 0 0 0
1.9983314 0.0378506798 1.00881294 130 130 130
2.26739033 -0.876292299 0.799395998 0 0 0
1.92288776 -1.44819705 0.720853341 0 0 0
1.91598777 -1.50649452 0.71045153 0 0 0
1.90315373 -1.47403015 0.682273689 130 130 130
1.90315373 -1.47403015 0.682273689 130 130 130
2.05785485 -1.18291724 0.926407457 111 116 133
1.63755828 -0.245428965 0.792183309 59 62 72
2.88424874 -1.58324147 1.30495427 231 231 231
2.11141962 -0.188196753 0.749410747 0 0 0
2.42467716 0.526005811 1.23012899 59 62 72
1.61385259 -0.223669377 0.740654347 0 0 0
2.96362609 -1.64593166 1.31571598 59 62 72
1.98330023 0.457752866 1.00546728 130 130 130
2.3493948 -0.225008996 0.808727715 59 62 72
2.4137525 -0.830217801 0.787014354 59 62 72
2.08195198 -0.197279675 0.72556478 111 117 134
2.80488187 0.508567477 1.29413695 59 62 72
2.60587046 -0.949251604 0.899538435 130 130 130
2.24024977 -1.19787279 0.875679216 107 112 129
1.51804507 -1.65456682 0.430282826 231 231 231
2.42362396 -0.198295186 0.869710141 111 116 133
2.03436222 0.372341646 1.02694099 0 0 0
1.98198307 0.0229696157 0.999826972 0 0 0
3.84660078 -0.0434938124 0.198350048 59 62 72
2.18152274 -1.34125023 0.832956921 0 0 0
1.9572412 0.124737289 0.818842199 59 62 72
2.01804158 0.0947281025 1.09604475 130 130 130
2.01804158 0.0947281025 1.09604475 130 130 130
1.74463747 0.770964145 0.905090822 6 20 42
1.74564495 0.77158996 0.904490527 6 20 42
1.87819174 -1.21934167 0.559938403 59 62 72
5.00404143 -1.62655952 1.45952774 59 62 72
1.93824056 0.706402225 0.238101692 214 214 214
2.66040742 -0.993683371 0.986711032 130 130 130
2.01215611 -0.889578533 0.983125372 59 62 72
1.96344941 -0.112193282 0.827147807 59 62 72
2.53402675 0.570049095 1.16348101 29 29 29
2.16725529 -0.846440604 0.81797071 0 0 0
2.24881707 0.275985872 0.933991149 110 116 133
1.93827047 -1.3695002 0.78525537 59 62 72
2.17861846 0.263046174 0.876017611 59 62 72
2.98851347 -0.904329179 0.910441519 59 62 72
2.06467711 0.765489792 0.913800886 124 124 124
2.00971458 0.0825720961 1.03643999 0 0 0
2.00432737 0.0812548662 1.03835998 0 0 0
2.32776684 -0.25007195 0.841489267 59 62 72
1.96659131 0.176781827 0.833361561 59 62 72
-1.25959136 3.3871992 1.26514789 0 0 0
2.51364876 0.539245935 1.24266897 29 29 29
0.720504323 0.702271225 1.58052314 0 0 0
0.720504323 0.702271225 1.58052314 0 0 0
5.63435779 2.85628582 -0.547282217 0 0 0
1.55891703 -0.20233155 0.807227209 59 62 72
0.967213242 0.736123591 0.876318534 0 0 0
0.473988544 0.756574208 2.00962524 57 57 57
-0.878429163 5.15367937 2.78861566 0 0 0
0.986745508 0.747296001 1.91903853 0 0 0
2.25565841 0.500110065 1.27255234 59 62 72
2.72812512 -0.176672342 0.857134985 59 62 72
2.04914801 0.780205719 0.128842185 0 0 0
1.99601675 0.748203779 0.172714837 210 210 210
2.20889037 0.263031063 0.949676365 109 115 132
1.95761126 -0.196183199 0.767695367 112 118 135
1.852239 0.663691224 0.285655318 207 207 207
-2.16702275 0.594257237 0.493571931 0 0 0
0.5575109 0.759945364 0.968585842 57 57 57
1.4678268 0.609379437 0.707297001 5 5 5
5.879325 0.359352363 2.14224087 44 44 137
0.598603193 0.696995105 1.4649486 140 140 140
1.41392152 -1.70945539 1.34657206 130 130 130
2.64455297 -1.00141282 0.969431089 0 0 0
2.64455297 -1.00141282 0.969431089 0 0 0
2.64298645 -1.05962545 0.968243139 0 0 0
2.64357801 -1.05982677 0.967807697 0 0 0
2.15103374 -1.27766462 0.847513772 0 0 0
2.15103374 -1.27766462 0.847513772 0 0 0
1.97859923 -1.74168714 0.87688341 8 8 8
-0.951958888 0.578253829 1.11494184 0 0 0
1.91608426 -1.50655174 0.710318023 0 0 0
1.96271739 -0.102052938 0.816272384 59 62 72
1.52959946 -1.70543092 1.53911634 130 130 130
1.52959946 -1.70543092 1.53911634 130 130 130
1.43149935 -1.70272947 1.41103366 0 0 0
2.65502595 -0.925165157 1.06759274 130 130 130
6.11363633 -0.241638354 0.189206725 25 25 25
2.05785485 -1.18291724 0.926407457 111 117 134
1.64271775 0.15372418 0.776803015 107 113 130
0.294313749 -0.847331004 1.42399901 8 8 8
5.90710057 -1.15570225 1.26752839 231 231 231
1.98089253 -1.35678093 0.99305437 110 116 132
1.9314387 -0.901003489 1.01347186 110 116 133
-0.258446532 -6.58919292 1.72703974 0 0 0
1.20085249 -1.75485916 0.869853518 8 8 8
2.66243965 -1.66855051 0.890582311 59 62 72
2.62947104 -0.957801844 0.939065111 0 0 0
1.40788609 -1.69782329 1.62996169 130 130 130
1.40788609 -1.69782329 1.62996169 130 130 130
1.60825287 -1.71369733 1.35143509 130 130 130
2.16173464 -1.27181617 0.914768447 109 115 132
1.99964462 -1.33464136 0.986158246 59 62 72
2.01663782 -1.58459698 0.970712388 231 231 231
1.56069097 -1.22531915 0.501292809 112 117 135
1.4137647 -1.69980916 1.35810766 130 130 130
1.4137647 -1.69980916 1.35810766 130 130 130
2.74337552 -1.27422699 0.847055564 231 231 231
1.96475724 -1.3612621 0.979822584 107 112 129
1.92743381 -0.0941355072 0.882914604 130 130 130
1.50829289 -1.70176628 1.51867423 130 130 130
1.5128812 -1.18805697 0.549457467 112 117 135
1.54207995 -1.26381734 0.491731035 59 62 72
1.58078042 -0.849725049 0.521714292 112 118 136
2.38560658 -1.38532872 0.873980017 110 116 133
2.42988262 -0.198248107 0.867237366 111 117 134
6.44664278 -1.28439665 1.56425496 231 231 231
5.29664162 0.345332009 1.39734651 59 62 72
5.32470786 -0.0592119108 1.38344765 59 62 72
5.77217194 -0.934783101 1.34532165 59 62 72
2.01126898 -1.60149735 0.895465535 59 62 72
2.36488772 -1.69217359 1.08577454 231 231 231
2.2193037 -0.120265435 0.965688392 59 62 72
2.18287022 0.269742716 0.831278528 0 0 0
2.18287022 0.269742716 0.831278528 0 0 0
5.89745181 -0.714887077 1.34435911 0 0 0
2.61354996 -1.21717603 0.877174007 231 231 231
2.23728525 -1.29922506 0.856240663 59 62 72
1.97266905 0.00702788741 0.959045335 0 0 0
1.93295153 -1.3698679 0.834208546 130 130 130
1.90901549 -1.45989004 0.694056466 0 0 0
1.90220617 0.3183205 0.842589483 59 62 72
5.86709241 -1.155229 1.36829752 0 0 0
1.43149935 -1.70272947 1.41103366 0 0 0
1.40043703 -1.69786244 1.35043896 130 130 130
2.04774517 -1.3056056 0.903629949 76 81 93
2.0466975 -1.61809372 0.951146318 231 231 231
1.93227899 -1.57842174 0.745249382 130 130 130
1.91269463 -1.58002423 0.690432793 130 130 130
1.63027568 -0.238444937 0.782969319 59 62 72
-0.599301009 -4.69874154 1.1966654 0 0 0
2.87052898 0.495663731 1.32737943 59 62 72
2.60016984 -1.16990702 0.91028633 59 62 72
2.64565145 -1.70787445 0.880275783 231 231 231
2.14752991 0.255731473 0.836746071 0 0 0
2.14752991 0.255731473 0.836746071 0 0 0
1.94333899 0.362551206 0.897858673 0 0 0
1.40731732 0.754709104 0.915477046 124 124 124
0.695279579 0.655277436 1.63925984 0 0 0
0.711207481 0.689094931 1.54962882 0 0 0
1.39449213 -1.69528859 1.63722432 130 130 130
1.01642318 -1.61620632 1.46688961 8 68 36
2.68454669 -0.946588239 1.07336549 0 0 0
2.66178058 -1.04475068 1.00745896 130 130 130
2.66178058 -1.04475068 1.00745896 130 130 130
2.64110732 -1.66645268 0.865077885 231 231 231
2.79726972 -1.31574393 0.812483374 231 231 231
0.909494021 -1.61485262 1.21300609 71 98 77
1.86535211 -1.39809991 0.622408329 0 0 0
1.84271594 -1.54178959 0.638532561 0 0 0
1.16809801 -1.72313889 0.917363504 8 8 8
0.999792297 -1.61779201 1.46613871 56 58 66
0.999792297 -1.61779201 1.46613871 56 58 66
1.89587965 -1.27744218 0.508890219 115 121 138
3.55994102 -1.68851048 1.19431514 231 231 231
1.02311904 -1.6151376 1.47669126 3 12 36
1.02517656 -1.61643185 1.43066922 7 24 52
0.995961914 -1.61381699 1.27996579 93 95 96
1.99922004 -0.0779808784 1.03822432 0 0 0
2.00348083 -0.0759610444 1.0353835 0 0 0
4.83160826 -1.59509216 1.45897474 59 62 72
0.99794051 -1.6161074 1.34049765 97 102 109
0.97513904 -1.61557297 1.28424691 117 117 117
1.87412555 -1.57725889 0.602635222 130 130 130
1.48282024 -1.42033524 0.477478916 231 231 231
1.60843251 -1.71451622 1.62624099 130 130 130
1.60843251 -1.71451622 1.62624099 130 130 130
1.5059395 -1.27785338 0.551945181 112 117 135
1.48790715 -1.61421155 0.470938504 231 231 231
1.54509856 -1.49029243 0.462964759 59 62 72
1.57428534 -1.70805329 1.55059956 0 0 0
2.17512792 -1.31407817 0.805714441 0 0 0
1.90227528 -1.74267414 0.532117645 231 231 231
1.92280889 -1.58054149 0.65710551 5 5 5
1.76529816 -1.35208928 0.503417182 114 120 137
1.7184148 -0.976183587 0.509301854 113 118 136
1.30765459 -1.53821691 1.12368071 231 231 231
1.59899486 -1.69855974 1.35011328 130 130 130
0.972325185 -1.61707734 1.40535582 51 60 78
2.17440454 -1.58312828 0.963888411 231 231 231
1.97669076 -0.0216149475 0.987162235 130 130 130
1.62141148 -0.228966771 0.744576262 0 0 0
1.75665737 -1.70771757 0.12806973 122 122 122
2.07036964 -0.147921501 1.2396261 107 112 129
1.19702596 -1.74758997 0.429827945 8 8 8
2.76929821 -1.34117204 1.33649214 59 62 72
3.43838983 -1.7028016 1.21314217 231 231 231
3.43838983 -1.7028016 1.21314217 231 231 231
0.836603452 -1.61739807 1.26156058 117 117 117
0.836603452 -1.61739807 1.26156058 117 117 117
1.45514285 -0.778841812 0.607482071 59 62 72
3.3261179 -1.60454841 1.32843292 231 231 231
3.8637156 -1.48298532 1.15022482 160 160 160
2.79374875 -1.63605115 1.32161015 59 62 72
1.01194648 -1.61909986 1.44131084 36 43 62
2.844313 -1.30082414 0.837519803 231 231 231
3.0434393 -0.809596133 0.829838816 59 62 72
0.997505047 -1.61570031 1.27879556 78 81 83
3.03937891 -0.221490941 0.87278258 110 115 132
0.919713558 -1.61995783 1.27439136 105 111 117
0.917771358 -1.61731855 1.33835579 116 116 116
0.917771358 -1.61731855 1.33835579 116 116 116
2.19455073 -1.16773611 0.882111233 59 62 72
1.67360412 -1.69259629 0.236668145 122 122 122
3.56018167 -1.61856621 1.32012428 231 231 231
2.19443832 -1.32328298 0.799523314 0 0 0
1.50331831 -1.70357693 1.47888987 0 0 0
2.8702873 -1.61064896 1.34130481 231 231 231
2.9607478 0.121293483 1.3500331 103 108 125
2.07839884 -0.150144249 1.23007826 115 121 138
5.33439875 -0.540447783 1.21609748 59 62 72
2.07839884 -0.150144249 1.23007826 115 121 138
2.82541234 -0.934775573 1.35251647 104 109 125
2.84429902 -0.941245029 1.34686519 104 109 125
2.02595312 0.368882153 1.0297675 0 0 0
-0.8488224 -5.53210483 1.57508088 228 228 228
3.57559313 -0.119284256 1.10380104 59 62 72
6.13135571 -0.689198891 0.22395447 25 25 25
5.69093563 -0.386381907 1.48970721 59 62 72
-0.966716222 0.571388189 0.965288772 12 90 38
-3.09035159 -2.610155 1.00409767 231 231 231
3.0203807 0.0334463007 1.36072106 59 62 72
-0.305099342 -6.51999041 1.52422458 0 0 0
-1.24597348 0.577727543 1.1380223 141 141 141
2.8859491 -0.896934832 1.3010194 108 113 130
2.31331336 -1.2575754 0.837127725 59 62 72
2.82801937 -1.61985025 1.29520763 231 231 231
2.67517168 -0.154916844 0.896634285 59 62 72
5.12801532 -1.45662464 0.982344956 231 231 231
6.2501327 -0.686422834 1.25107081 231 231 231
3.93183369 -0.571679179 1.12712893 0 0 0
5.94189681 -1.41793072 1.34200886 6 6 6
0.546317961 -5.96219851 1.76828485 234 234 234
5.79434225 -1.71906143 0.630120352 3 3 3
6.16669866 -0.235153608 0.169457542 25 25 25
6.25824406 -0.620035341 1.44313162 0 0 0
3.14389198 -0.179447609 1.23509133 110 116 133
2.64329189 -1.03314918 0.948809902 130 130 130
2.64329189 -1.03314918 0.948809902 130 130 130
2.63272419 -1.04505875 0.955915453 130 130 130
5.60452969 -1.19612342 0.840774056 59 62 72
6.14396822 -0.729814877 0.261129677 25 25 25
5.74757923 -1.16222048 0.138742085 85 79 76
-0.910670957 0.583120615 0.915818301 124 124 124
-0.752129265 -5.18641505 1.78821664 231 231 231
6.1828799 0.299163386 0.268877447 231 231 231
2.91965327 -0.203359924 1.28840567 111 117 134
2.31463243 -1.27028252 0.854227591 111 116 133
5.47898223 0.0284766186 0.816555572 107 113 129
2.90597853 -0.192626578 0.844515484 87 81 77
4.93249333 0.580768405 1.26928354 83 87 101
3.26489224 -0.869152713 0.894855774 113 118 136
-3.62395611 -1.80939476 1.24355288 231 231 231
-2.26350413 -1.04183386 1.22850147 0 0 0
-5.34439492 -0.718631187 0.86989667 231 231 231
-0.389009662 -6.43988176 1.53952061 166 166 166
5.67282685 -1.29925246 1.34902298 0 0 0
4.08247855 -0.413762389 1.12266002 0 0 0
4.73982798 0.0737019707 0.842074601 109 114 131
2.41658062 -0.853446836 1.24043411 130 130 130
2.62639331 -1.03245757 1.03001427 130 130 130
2.63630615 -0.972513059 0.953839467 130 130 130
2.65137487 -1.03321452 0.964862918 130 130 130
2.65137487 -1.03321452 0.964862918 130 130 130
2.68226885 -1.25675134 0.891831213 0 0 0
1.99811311 -0.0944485521 1.01608057 130 130 130
5.71207102 -1.26382943 1.4085816 0 0 0
2.78499083 -0.200292445 1.25697445 85 89 103
5.66713287 -1.30251768 1.36984359 130 130 130
2.78497465 -0.200279547 1.25700694 85 89 103
-0.106962372 0.100956197 0.0467971145 236 236 236
0.385013267 -4.81431801 1.57895072 0 0 0
5.64903439 0.0958254161 0.802097737 106 112 128
5.64411139 -1.23652664 1.19281835 130 130 130
-1.42203583 0.587579232 1.23272863 6 19 43
-3.11309151 0.345599706 1.23136264 231 231 231
4.08991764 -0.396602685 1.10332023 225 225 225
2.66192674 -1.06009778 1.00431453 0 0 0
-1.06995232 3.96372201 -1.16148212 57 57 57
5.67333556 -1.30516371 1.35758591 0 0 0
3.23534778 -0.886530251 0.925385815 113 119 137
1.51290258 0.475044972 0.884125109 111 117 134
5.67329862 -1.31765396 1.32725276 0 0 0
5.58233708 -1.55650698 0.853268986 231 231 231
4.29558508 -1.54638271 1.0971481 59 62 72
5.08902031 0.412092505 0.879205872 67 71 82
2.95851502 -1.61029749 1.31321368 0 0 0
2.95851502 -1.61029749 1.31321368 0 0 0
3.96776813 -1.46243563 1.08803894 0 0 0
5.86459537 0.127348342 0.506207105 231 231 231
1.99356255 0.343925723 0.990781732 130 130 130
5.25291688 -0.761456878 1.12404331 231 231 231
3.95583927 -1.61776773 1.4061266 59 62 72
2.61626761 -1.10046697 0.932426801 0 0 0
3.96645794 0.578270287 1.48492095 105 111 127
5.6623712 -1.35737405 1.29204644 130 130 130
5.54540535 0.14846796 0.856162069 231 231 231
5.27976532 0.44404211 0.86578284 67 71 82
4.09260381 -0.574248076 1.1179583 0 0 0
1.92288776 -1.44819705 0.720853341 0 0 0
6.09123718 -1.52908567 1.38053795 130 130 130
3.98004649 -0.457642571 1.1239752 226 226 226
-2.70801877 -1.86334681 0.878352653 0 0 0
2.92865955 -1.15602455 1.31296957 231 231 231
2.69596214 -0.94473147 1.07203479 0 0 0
-1.00183258 -5.60765128 1.57220548 228 228 228
2.69596214 -0.94473147 1.07203479 0 0 0
2.63345297 -1.1470894 0.874498617 59 62 72
2.04715682 0.65831136 0.982034251 124 124 124
5.72475038 -1.22841288 1.46817591 59 62 72
2.97462396 0.0388128964 1.3649886 59 62 72
2.06787019 -1.19808616 0.96051952 59 62 72
5.20546167 -1.08888468 0.826652705 109 114 131
2.9268821 -1.14870445 1.32235524 231 231 231
2.78681796 -0.852610209 1.25538673 77 81 93
3.83940418 -0.957537294 1.10494271 125 122 122
1.95733235 -0.918439189 0.984027229 107 112 129
5.35327046 -0.54974203 1.2073969 0 0 0
2.62685454 -0.946721504 0.928932149 0 0 0
2.1749298 -0.129039348 0.759743842 59 62 72
-5.14750044 -0.782484247 1.00734873 182 182 182
5.25959329 -0.280490742 1.16482665 231 231 231
-2.09160701 -1.09899644 1.24545658 233 233 233
2.84026782 -1.1638192 1.35257029 231 231 231
0.433074979 -4.68919173 1.64754337 0 0 0
-2.18193677 -0.976786793 1.24254044 0 0 0
2.83693458 -0.897327364 1.33439228 112 118 135
4.68798798 -1.06873373 0.946965981 122 120 120
3.25535649 -0.850371042 0.875315407 115 121 139
5.81406082 0.000338441213 1.00184841 59 62 72
5.21861964 -0.252381357 1.12832886 202 202 202
5.50060844 -1.59518632 1.33751044 231 231 231
0.0971837344 -0.144210076 -0.00425071637 236 236 236
-1.51315488 2.80464892 -0.674339714 0 0 0
-0.770303382 0.928475633 -0.501361641 157 157 157
-0.683005907 -4.79975359 1.3431834 103 109 125
-1.36087738 1.65109129 0.116141976 0 0 0
-1.9341384 1.6050989 -1.68483603 87 81 78
-1.23931565 3.99801035 -1.48290178 0 0 0
-2.25541826 0.743284439 0.207296227 0 0 0
-2.51557752 -0.902220911 0.473986822 0 0 0
-2.51557752 -0.902220911 0.473986822 0 0 0
-1.96444369 1.55371629 -1.65086654 87 81 78
-0.519315518 0.577984569 1.33223221 101 101 101
-0.895756294 4.40273131 -1.81199418 9 11 14
-0.786414062 4.63547711 -1.99082885 29 30 30
-1.076365 -0.887842507 0.474488819 94 99 114
-1.076365 -0.887842507 0.474488819 94 99 114
6.16138124 -0.242438976 0.180847222 25 25 25
-2.25645599 -1.020181 1.22995297 0 0 0
-1.0901544 -1.39743297 0.464799029 94 99 114
0.113040558 0.705313525 0.354943857 0 0 0
2.03371424 -0.0982889081 1.09377891 130 130 130
-5.01211174 -0.770018172 1.23162152 231 231 231
-0.954878795 -1.0867638 0.796129135 0 0 0
-1.44555335 0.583273615 1.21992871 6 19 43
1.05509135 -1.66701652 1.49275355 114 114 114
-0.223512038 -1.69389086 1.00408565 130 130 130
-2.08780914 0.830529903 1.3984442 0 0 1
-0.699506575 0.576111664 1.63261951 87 89 98
1.03002983 -1.62032779 1.19870743 113 114 114
-0.704415066 0.575943868 1.61627776 87 90 98
-1.1151842 -1.05705967 0.661463538 0 0 0
-0.676554618 0.576708636 1.61600268 88 91 99
-1.11672131 -1.05656843 0.662924193 0 0 0
-2.08557511 0.720904471 1.2777256 0 0 1
-0.676456302 0.576594256 1.61600272 88 91 99
-1.09231782 -1.71012251 0.528553005 231 231 231
-2.7543897 -0.023182561 1.1108173 64 68 79
-2.88350343 0.70517321 0.873490805 5 5 5
-0.871851041 -1.64519938 0.964860858 59 62 72
1.49704431 -0.871452143 0.538049915 107 113 130
-3.46919733 -1.294639 0.693341699 108 106 106
-3.38336514 0.699816409 0.95881344 231 231 231
-2.16993925 -0.966367648 1.2270338 0 0 0
-2.47905986 0.146190657 1.1099903 70 74 85
-0.996422102 0.579819054 1.32419829 112 118 124
2.02390928 -0.896923939 1.0174012 110 116 133
-2.39374536 -1.1376522 1.2248002 234 234 234
5.27131973 -0.233697715 1.12018065 59 62 72
2.80304542 -1.50710236 1.12957241 59 62 72
5.21533441 -0.716984044 1.12731062 231 231 231
-2.32634423 0.295735503 1.94819875 231 231 231
-0.495263894 0.577187703 1.26150321 98 101 105
1.98854054 -0.0422795897 1.00545382 130 130 130
5.58236428 0.223951544 0.868213229 59 62 72
2.01356149 -1.64221118 0.92353198 59 62 72
4.250909 0.0617999374 0.817653444 0 0 0
-2.28107773 0.280666859 1.49279244 231 231 231
1.48859866 -1.70206422 1.49596134 130 130 130
4.14017378 0.342490802 0.855286676 231 231 231
-0.475429158 0.577996212 1.17538659 58 67 74
6.17259836 -0.731091327 0.171027593 25 25 25
2.68079275 -0.974230598 1.04659656 130 130 130
-2.77639739 -0.373130952 1.32202018 231 231 231
-0.77987967 0.574674327 1.61691721 66 71 85
-3.04658445 -1.44686737 1.14016608 0 0 0
5.64849531 -1.319903 1.30419904 0 0 0
-2.83151315 -0.132062889 1.30370164 231 231 231
-0.713866746 0.576221418 1.63293085 82 85 94
2.44838181 -1.75029359 0.864113191 8 8 8
3.98193771 -0.44691508 1.12354724 228 228 228
-2.07018305 -1.41935751 0.699781279 85 85 85
2.01499349 -1.54623275 1.03391272 231 231 231
3.98193771 -0.44691508 1.12354724 228 228 228
-0.684841236 0.576094552 1.63196642 87 90 98
4.05379301 -1.46040829 1.00421507 0 0 0
-2.03100885 0.839142396 0.76802015 141 141 141
-0.684928679 0.576191661 1.63195523 87 90 98
1.99790157 -0.0464744165 0.991902179 130 130 130
5.57972465 -0.0227004829 0.818874678 106 111 127
-0.666867141 0.576189689 1.63247935 80 84 94
0.728338315 0.69231239 1.56767026 0 0 0
-2.79221836 -1.50453577 1.19474331 125 125 125
-1.04421507 -1.54860011 0.396736341 231 231 231
1.92021298 -0.820346693 0.642303908 0 0 0
4.01436879 -1.46272317 0.998860061 163 163 163
-2.39137458 0.213671589 2.21706205 2 2 2
2.75175437 -0.892841789 1.29083783 114 120 137
-2.13556215 0.51190497 1.34975733 2 2 2
-0.810956666 0.57913567 1.51665158 94 101 111
-1.39817437 -1.73501606 0.432362429 107 113 130
3.0591025 -0.23994597 0.842086262 59 62 72
2.75175437 -0.892841789 1.29083783 114 120 137
-2.48961386 0.0979778334 1.17863965 108 106 106
-1.42133087 0.585518473 1.35060871 61 75 72
1.88837188 -1.43648787 0.645385223 130 130 130
3.99534878 -1.47989602 1.01931247 0 0 0
-2.09708238 0.540895323 1.07667239 231 231 231
-0.745829032 0.576020348 1.51739178 94 101 111
-0.909419347 -1.68266847 0.910080567 112 118 135
1.88837188 -1.43648787 0.645385223 130 130 130
3.99534878 -1.47989602 1.01931247 0 0 0
-2.06000342 0.866470924 1.08056042 141 141 141
-0.582796535 0.576957565 1.52572768 66 73 86
1.89317262 -1.58616603 0.616977903 130 130 130
5.62611446 -1.5159764 0.873552149 59 62 72
-2.69468667 -0.00930710532 0.906099257 228 228 228
-0.754857709 0.576366799 1.31553171 35 59 57
5.07745507 -1.59629902 1.30902307 231 231 231
2.77395234 -0.878368208 1.33345015 94 99 113
0.141186768 -0.492397008 1.78749395 0 0 0
-2.29057381 -1.03195232 1.22547695 0 0 0
1.4862681 -1.69631801 1.54103861 130 130 130
2.78132987 -0.17198343 1.32962991 102 107 123
-0.829637227 -1.66815461 0.987407775 231 231 231
1.43348958 -1.70547265 1.5704837 0 0 0
2.78208243 -0.171161047 1.32957825 102 107 123
1.43348958 -1.70547265 1.5704837 0 0 0
5.18325164 -0.751613025 1.162844 59 62 72
1.01642318 -1.61620632 1.46688961 8 68 36
-2.05402403 -1.76707323 1.20743036 231 231 231
5.06282844 -0.363669523 1.19599579 59 62 72
-2.54625436 0.168481442 2.46009704 231 231 231
-0.52017668 0.576786651 1.26935827 124 124 124
1.53283053 -1.70788564 1.49711729 130 130 130
-1.21578933 0.577504614 1.18300817 0 0 0
0.507472248 -5.96070337 1.75711933 0 0 0
0.197601485 -3.87974095 1.45718243 92 97 111
-0.987800677 -1.70970643 0.850858176 231 231 231
2.75252089 -0.907251356 1.29854127 114 120 137
-2.46873764 0.183005953 1.0263228 84 89 102
-0.505975808 0.579459778 1.15735735 124 124 124
2.68861095 -1.10332941 1.07262083 0 0 0
-2.06863904 0.464341961 0.721591959 5 5 5
-1.35294897 0.587156287 1.32305118 73 76 78
1.9677786 -1.57742376 0.811145913 130 130 130
5.68400561 -1.297475 1.37619155 130 130 130
5.65103618 -1.36700935 1.26509163 0 0 0
-2.06400496 0.46395839 0.608850098 113 119 136
-0.491358707 0.574374038 1.16612284 9 60 41
2.06993051 -1.52498568 1.0165993 231 231 231
-2.04780825 -1.36635598 0.739978132 231 231 231
1.00137755 0.73407758 1.98884875 57 57 57
4.02663565 -1.45522713 0.977365115 164 164 164
-2.11989283 0.726078681 1.74101518 6 19 42
-0.47545282 0.575230985 1.16750712 10 75 40
1.61390555 -1.71732487 1.34918217 130 130 130
-3.48534671 -1.40798982 1.00159615 231 231 231
0.590548148 0.696072642 1.45895076 141 141 141
0.503841476 -4.78054225 1.51776579 0 0 0
-2.09488203 -0.939937209 1.1670709 67 67 67
-2.16235396 -1.05965447 -0.0686464073 0 0 0
-0.595751292 0.575496144 1.65021428 0 0 1
0.995805847 -1.61690291 1.19526553 117 117 117
-2.33344066 -1.1209757 1.23181155 0 0 0
-2.54783986 -0.168530272 1.1359905 64 68 79
2.63188017 -0.94525663 0.920230246 0 0 0
5.72880792 -1.10236227 1.43265953 231 231 231
-1.93410939 1.372484 1.4907685 20 35 62
-0.682643215 0.582339159 1.62468187 12 31 62
-2.78814581 -1.09054507 1.30133602 231 231 231
2.79083241 -1.15761529 1.31708199 231 231 231
5.26648153 -0.799312359 1.14450886 39 41 48
4.01082267 -0.543750195 1.12958864 233 233 233
-0.627507829 3.16189171 -0.961790755 9 13 14
5.68938407 -1.30174006 1.34742344 0 0 0
-2.2557855 0.28721523 1.47517265 0 0 0
-2.06354028 -4.28205202 1.9087735 130 130 130
1.66784888 0.649011348 0.108618435 231 231 231
5.66406491 -1.32927108 1.31752829 0 0 0
2.90597853 -0.192626578 0.844515484 87 81 77
1.14130171 0.761148257 0.915359303 124 124 124
-4.21938814 1.21423146 0.779545524 74 72 72
-2.19043571 -1.08145144 1.22608371 0 0 0
4.0788029 -1.45027374 0.980455625 0 0 0
15.0560988 -11.9634491 -7.0122982 113 119 136
1.57989984 0.590734389 0.194041147 231 231 231
-0.660476576 -4.65706766 1.27486798 108 113 130
-2.61835817 0.0718618004 0.911674509 228 228 228
4.15404533 -1.53523841 1.13226873 164 164 164
-0.742271919 0.576885345 1.3760984 12 89 38
5.3556648 -0.0139818902 0.899429944 132 129 129
1.97761417 0.0529645137 0.970068326 130 130 130
-3.16765373 0.158991461 0.952736442 96 101 116
3.97379787 -0.450664621 1.12612471 234 234 234
2.76453217 -1.29360804 0.81291332 0 0 0
-3.24192147 0.22460526 0.832557668 121 127 145
-0.280573847 -1.68811249 0.994185275 0 0 0
3.97658559 -0.449950529 1.12448885 234 234 234
-0.760687219 0.576720994 1.32995694 102 108 114
2.25181755 -0.179343072 0.852705661 59 62 72
-2.67184062 0.156234623 1.02959701 97 102 117
4.31207751 -1.47371655 0.847677097 111 116 134
-0.971596001 0.577544138 1.15963163 10 77 40
-0.3378677 -3.98273492 1.24805874 118 124 142
0.00234941673 0.706377207 0.266426006 141 141 141
5.09472917 -1.58176759 1.30507196 231 231 231
4.25654497 -1.46857572 0.84437106 59 63 73
-0.60937075 -4.67828309 1.26178133 59 62 72
2.33816372 0.552231213 1.26965513 59 62 72
2.87072296 0.0989123926 1.3071756 97 103 118
-3.1623512 -0.0903245759 1.2915489 84 83 83
4.11835383 -1.45608223 0.937074667 0 0 0
-0.207443484 -4.07539931 1.75762871 75 70 67
1.9387763 -0.11837332 0.846334043 59 62 72
-2.76118905 0.134476919 0.982500543 95 100 115
3.9827553 -1.43878246 0.951489973 0 0 0
-0.687693468 0.578312305 1.27774212 106 107 109
-0.691762271 -5.30461015 1.81611866 94 99 114
-0.989482354 0.576655088 0.946007436 77 83 91
1.98326198 0.041667694 0.985680943 130 130 130
2.78347951 -1.18262887 1.27412087 111 117 134
3.89808645 -1.4956918 0.905062766 59 62 72
-1.393348 0.591012932 1.23588786 142 142 142
2.66161545 -1.06975355 1.05229416 130 130 130
2.78347951 -1.18262887 1.27412087 111 117 134
5.20380632 -1.10241738 0.831667596 108 113 130
5.79746429 -0.0202645454 1.30773503 59 62 72
-1.393348 0.591012932 1.23588786 142 142 142
3.00417381 -0.211826649 0.865679203 110 115 132
2.68226885 -1.25675134 0.891831213 0 0 0
2.62748445 -1.04044058 0.933966423 0 0 0
5.71291145 -1.26399058 1.40821865 0 0 0
3.99017708 -0.460602158 1.12770498 234 234 234
2.074194 -0.157422635 1.29317954 59 63 73
4.06816747 -1.98240398 0.645249039 8 8 8
-1.33347008 0.585397171 1.41586711 2 4 3
2.90360101 -1.59685983 1.34527719 59 62 72
2.66192674 -1.06009778 1.00431453 0 0 0
1.36661897 0.414284742 0.952687515 111 117 134
5.67333556 -1.30516371 1.35758591 0 0 0
3.92824047 -0.412053954 1.12447436 0 0 0
2.88751725 -1.33591752 0.795339998 231 231 231
3.90997307 -1.65131589 1.45650402 60 64 74
-0.950952325 0.575728075 1.27044601 124 124 124
5.58233708 -1.55650698 0.853268986 231 231 231
5.52428009 -0.314464554 1.05024909 59 62 72
-0.890206886 2.65330722 -0.698093261 9 11 14
2.97723626 0.0973185335 1.35641956 106 111 127
1.89443343 -1.52516438 0.649088624 130 130 130
-0.669741701 -4.74269243 1.26234403 108 114 131
5.59270474 -0.262213149 1.06981106 231 231 231
-2.0735969 0.361996022 1.00721903 5 5 5
1.9860826 -0.0198047903 0.999564402 0 0 0
2.19210508 -1.3199919 0.839857868 0 0 0
1.99045192 0.0739633527 0.989995611 0 0 0
-0.913693245 -6.00259764 1.30312911 231 231 231
2.64054607 -1.03870998 0.96030852 130 130 130
1.86937997 -1.55788676 0.532431509 59 62 72
0.471282395 -5.8935453 1.74965367 0 0 0
3.85975824 -1.44238369 0.851313419 113 119 137
5.45508195 -0.483952817 1.18631905 59 62 72
2.62401218 -1.10242854 0.929034581 0 0 0
5.72878387 -0.253865995 1.28908453 231 231 231
-1.16112027 1.43527525 -1.14667675 142 142 142
0.507134522 -4.73005657 1.42140968 0 0 0
2.76457483 -1.4723639 1.13364328 59 62 72
4.09281389 -0.574377298 1.11843037 0 0 0
2.68389161 -0.960315194 1.06214917 0 0 0
-1.164059 -5.49484364 1.72577541 231 231 231
3.96494067 -1.49549929 1.13794812 164 164 164
-2.60280221 0.0953652259 2.41084021 5 5 5
1.9940772 -0.897714883 0.952037878 115 121 138
3.98004649 -0.457642571 1.1239752 226 226 226
2.66787026 -1.03774786 1.03107839 130 130 130
3.94377141 -1.59300077 1.39162491 59 62 72
-0.882989643 0.575143506 1.61689288 66 72 87
1.94164165 -1.56717843 0.760869404 0 0 0
3.93437066 -0.571669995 1.12603192 0 0 0
19.6864659 -16.7694578 -10.3613857 8 8 8
5.18630284 -0.7875276 0.979469916 132 129 129
2.64574568 -1.00987782 0.944004873 0 0 0
-1.11001727 -5.55289009 1.7185839 231 231 231
3.97203811 -0.482950384 1.11774751 0 0 0
-0.862769137 0.575423974 1.61669865 85 89 97
1.98456473 -0.0284078691 0.986858371 0 0 0
2.01465868 -1.19576424 0.934246302 59 62 72
1.83721787 -1.53860536 0.642311413 0 0 0
4.11791709 -1.61679712 1.46759836 59 62 72
3.7642021 -0.970869506 1.06843972 68 67 67
2.0333684 0.650957358 0.987190108 124 124 124
5.68172496 -1.3020006 1.28977643 130 130 130
1.84257453 -1.14984776 0.542235713 59 62 72
4.25568353 -1.42898488 0.847216036 59 62 72
-3.04072763 0.32402881 0.995576601 92 97 111
2.91019803 -1.64350901 1.24874523 103 109 125
-1.63774305 0.58286751 1.18637953 85 88 89
-0.334976742 -5.22648867 1.36718927 59 62 72
4.34803086 -1.10599461 0.832848324 109 115 132
-1.06974735 -1.11319434 0.763359373 0 0 0
3.92643341 -1.61937172 0.962727285 8 8 8
2.75096804 -0.153682197 1.29522266 106 111 127
-1.12752841 -1.11306162 0.620708627 0 0 0
3.92643341 -1.61937172 0.962727285 8 8 8
2.75096804 -0.153682197 1.29522266 106 111 127
4.41214625 -1.11919482 0.774125083 59 62 72
2.63264866 -1.08048033 0.945647478 0 0 0
4.08469725 0.183463665 0.872591893 234 234 234
-0.944737014 0.577073479 1.27925527 107 108 110
2.09441043 -0.198071666 1.20537535 85 89 103
0.517067297 -5.84963369 1.75059904 235 235 235
6.12694171 -1.08741951 0.785439054 117 115 115
2.78681796 -0.852610209 1.25538673 77 81 93
2.65520757 -1.32936303 0.867533305 59 62 72
5.66281171 -1.3604517 1.3417531 130 130 130
-0.988686744 -0.908838283 0.952987653 113 119 136
3.95480783 -1.52570043 1.13926824 163 163 163
-5.25943493 -0.748407584 1.03547063 111 111 111
2.11454526 -1.32603907 0.903933801 59 62 72
2.20755876 -0.874408642 0.867903266 59 62 72
-3.0353577 -1.45075792 1.15408672 231 231 231
-2.33548183 -1.12123028 1.23168742 0 0 0
5.75303381 -1.12706581 1.32777524 231 231 231
1.95565755 0.123009411 0.822155198 59 62 72
2.65249173 -1.06839825 0.987189211 130 130 130
-2.85307341 -0.930595896 0.664654448 50 50 50
2.58182997 -0.140656296 1.16515691 59 62 72
4.02377498 -1.46483054 0.945624646 165 165 165
-1.83650426 1.73302256 2.26106998 57 57 57
-2.36799969 0.687766094 1.11292589 0 0 0
5.57362935 0.1836003 1.034489 231 231 231
-2.06682577 -1.52892614 1.22003258 121 121 121
2.87199603 -0.894457578 1.30698679 109 115 132
-2.03660016 -1.31730851 1.17399527 231 231 231
-3.5359435 -0.925193529 0.326004812 197 197 197
-2.52055195 -0.0216968965 0.745739693 228 228 228
-0.905417961 -1.51558248 2.15948223 158 158 158
1.7142011 0.598789458 0.791302821 109 115 132
3.91373413 -1.61333747 1.14726232 59 62 72
-2.19653838 0.728451416 0.292296997 0 0 0
2.23629473 0.264030396 0.91971397 108 114 131
3.89879697 -1.61155743 0.967581935 8 8 8
-2.18883983 0.199793311 0.573165629 0 0 0
-0.194003528 -1.70751365 1.08305061 130 130 130
-2.81324751 -0.931733414 0.693849528 67 67 67
2.00309339 0.758330821 0.911981277 124 124 124
-0.829654705 -5.50471871 1.59475746 228 228 228
-2.10310449 -0.953436038 1.2193426 236 236 236
6.32180817 0.737873617 1.04507935 59 62 72
2.73900533 -1.27352973 0.848931574 231 231 231
-2.06915829 -0.913604781 1.22753247 130 130 130
-0.535798348 0.576209189 1.64808452 109 111 116
3.89127482 -1.66983991 1.35016141 59 62 72
-2.5582797 -0.0640061224 0.804351551 0 0 0
-2.53498429 -0.256721281 0.681414402 75 70 67
-0.495915629 0.577979996 1.64530432 0 0 1
5.29895822 -1.05877878 0.709770503 231 231 231
6.06683755 0.249639861 0.167036404 231 231 231
1.89264161 -1.57686135 0.661861668 130 130 130
-0.775060355 -6.01799832 1.18496461 231 231 231
5.47824058 -0.78869337 1.09111966 59 62 72
1.86792549 -1.5648702 0.59005146 130 130 130
1.88997916 -1.57870078 0.628927755 130 130 130
-0.353483047 -6.36082108 1.43476585 59 62 72
5.18933787 -0.9508606 1.09095221 123 120 120
-3.14360288 -1.99561849 0.425760432 231 231 231
-0.738177658 0.576675243 1.26119914 111 112 114
1.95524125 -0.107289855 0.827496174 59 62 72
4.69666401 -1.46618596 0.849614162 59 62 72
-2.48923778 0.239676313 2.50188237 5 5 5
-0.665031565 0.576019374 1.61652086 45 58 80
-3.21264239 -1.44465567 1.14431515 89 94 108
-2.38337474 0.27616274 1.18572362 68 71 82
3.08221404 -0.822607611 0.858218497 108 113 130
-2.0748808 -0.930152033 1.22040137 130 130 130
-2.19630645 -0.236206444 0.642521576 115 121 139
1.94761943 0.33989722 0.921679522 130 130 130
5.68472687 -1.29758086 1.37633965 130 130 130
1.9904985 0.631774799 0.838039259 59 62 72
-0.453177149 -5.79814019 1.34149266 60 64 74
5.34120409 0.410326343 0.855724407 108 113 130
-2.65696075 -0.148146943 1.09650365 87 81 77
2.66627746 -1.00691273 1.01592208 130 130 130
3.95569244 -1.5233935 1.13855509 164 164 164
-0.68157356 0.577303708 1.09421019 112 113 115
2.03268335 -0.0959837457 1.09253419 130 130 130
2.91694517 -1.16647616 1.33060441 59 62 72
-2.44500556 0.172640149 0.876970969 0 0 0
-1.21141259 0.590673346 0.472477957 6 19 43
2.63682267 -0.810300761 0.817013466 59 62 72
-1.94658483 -1.81958626 0.850565281 231 231 231
6.17938257 -0.0946237723 0.289867953 231 231 231
-2.28851315 -0.339164887 1.437899 0 0 0
-2.13733104 0.826973163 1.78533255 6 19 42
4.68948502 0.384860188 0.87675701 106 112 128
-1.9218081 0.437613664 0.302575516 106 106 106
-0.691318579 0.575965144 1.62463514 12 31 62
3.88077422 -0.403925643 1.12901141 214 214 214
2.22584077 -1.62275965 0.95777422 231 231 231
6.15198501 -0.382073621 1.45035445 0 0 0
4.40863122 -1.6466386 1.4470054 59 62 72
2.66710316 -1.05839572 1.02113135 0 0 0
5.79407329 -0.149314152 1.43937412 0 0 0
1.9423031 -1.40506538 0.760266743 0 0 0
4.506414 -1.46603338 0.797648013 108 114 131
-1.41064083 0.581183973 1.31017383 84 87 88
-2.10469942 -1.6551549 1.15046926 127 127 127
-2.19056145 0.550855595 1.96035263 165 165 165
4.76031199 -1.46170348 0.848838639 107 113 129
-3.01841408 0.12233052 2.46435738 231 231 231
-0.691318579 0.575965144 1.62463514 12 31 62
1.92685484 0.509117345 0.902544289 0 0 0
-1.67527062 2.4346892 -1.29795922 121 121 121
4.36804372 -1.65137719 1.45298914 61 64 74
-0.808802192 0.577080494 1.52626324 57 64 76
-0.480795739 -4.94825676 1.31856044 119 125 144
2.42908258 -0.949377945 0.87996728 56 59 67
2.89771507 -0.906185919 1.33422831 111 117 134
1.98693952 0.476870403 0.967791217 0 0 0
5.27857324 -0.166784181 1.0605788 131 128 128
0.519017713 -5.93137696 1.75065261 0 0 0
5.25646905 -0.6203676 1.14912668 59 62 72
1.90009175 -1.54793037 0.677986942 0 0 0
3.98293857 -0.47334826 1.12748493 0 0 0
-2.62000056 0.061975038 0.860932755 0 0 0
2.89344609 -1.6368002 1.27239805 59 62 72
2.26739033 -0.876292299 0.799395998 0 0 0
5.6623712 -1.35737405 1.29204644 130 130 130
5.50060844 -1.59518632 1.33751044 231 231 231
1.97366032 0.676157285 -0.00807673172 83 78 74
0.360838194 -4.85243709 1.50215071 0 0 0
3.93929707 0.315947142 0.865724142 235 235 235
2.17340269 -1.55359765 1.18318463 231 231 231
5.67263176 -1.29901121 1.34916253 0 0 0
-0.515700148 0.577910266 1.12239007 124 124 124
0.374544733 -5.08325937 1.44899575 116 122 140
4.14839352 -1.63052303 1.45191353 0 0 0
1.94332623 0.0944221063 0.906410552 130 130 130
2.64649876 -1.01559013 0.982968601 130 130 130
-1.00927932 -1.92993301 0.51595577 231 231 231
-2.09988246 -1.09449398 1.25152479 0 0 0
5.56928141 -1.2105677 0.892324076 59 62 72
-2.53795866 0.149995618 1.31371166 231 231 231
-0.485197173 0.577418296 1.27880389 108 108 110
5.25959329 -0.280490742 1.16482665 231 231 231
5.10366911 -0.603213402 1.18885936 59 62 72
-1.80991359 0.587812968 1.56398539 6 19 43
2.64649876 -1.01559013 0.982968601 130 130 130
-3.21820768 -1.33094422 1.27831049 231 231 231
0.137170586 -3.81731052 1.42119156 99 104 119
1.21169804 -1.62256803 1.32389854 231 231 231
2.75252089 -0.907251356 1.29854127 114 120 137
-0.484572967 0.566539473 1.27470307 124 124 124
1.97627939 -1.39294149 0.810248559 130 130 130
0.995831652 -1.61417497 1.26146104 117 117 117
-2.10695967 -1.15809904 1.21534298 235 235 235
-0.93980814 -0.982941119 0.846336223 0 0 0
0.424578608 -4.77264898 1.5736573 0 0 0
6.16466848 0.527543547 2.00916661 0 0 0
3.26428979 -0.189822041 0.871873694 0 0 0
2.04111876 -1.56458055 1.02715612 231 231 231
1.2121049 -5.71211649 1.56231188 236 236 236
1.96851446 0.447820043 0.931332157 0 0 0
5.12978402 0.37945432 0.877335036 110 116 133
2.8007767 -0.132972353 1.32003301 102 107 123
0.587423375 -4.50979638 1.72906303 112 118 135
-1.1321642 -1.15860842 0.556834072 59 62 72
-2.22263951 -1.06727151 0.0879333719 0 0 0
-2.31392641 0.244228213 2.1031007 5 5 5
-0.955500242 0.564782754 1.17466073 120 120 120
1.99632065 0.244648911 0.800592161 0 0 0
3.0615152 -0.79903731 0.840728149 59 62 72
-2.10469942 -1.6551549 1.15046926 127 127 127
6.18660087 -0.241946598 1.42486904 231 231 231
1.02311904 -1.6151376 1.47669126 3 12 36
-2.02692299 -1.76279508 0.772171425 231 231 231
1.98811933 0.00227777231 1.02429854 0 0 0
5.46085079 -0.483764995 1.18519469 59 62 72
-1.04095914 -1.1338805 0.82354844 130 130 130
4.68799648 -1.44794991 0.847674076 115 121 138
0.541962895 -1.58674129 0.389319375 231 231 231
0.187078948 0.710719019 0.492174113 140 140 140
4.76065857 0.0951955147 0.814189549 59 62 72
5.23365837 -0.784886742 1.14137881 59 62 72
-1.78661738 0.586102709 1.5633892 6 19 43
2.71865134 -0.805261941 1.24930593 0 0 0
0.98529293 -1.60853725 1.21283996 60 94 66
-2.1001505 -1.10276267 1.24720738 235 235 235
2.23629473 0.264030396 0.91971397 108 114 131
3.93093177 -1.47423213 1.01934231 78 83 95
-4.12676212 -0.876655494 -0.190500468 231 231 231
-1.36216184 0.57317373 1.04015813 0 0 0
5.69000141 -1.54022118 1.22721047 179 179 179
2.40627391 0.24753026 0.867279509 59 62 72
3.89879697 -1.61155743 0.967581935 8 8 8
2.62208784 -1.70606733 0.996484193 231 231 231
-2.10024026 -1.11910351 1.23638096 233 233 233
0.99794051 -1.6161074 1.34049765 97 102 109
-1.45918026 -1.64707234 0.490962859 59 62 72
0.585996337 0.689820175 1.73334467 140 140 140
5.14651099 -1.12298764 0.82164177 113 119 136
1.0716581 -1.82789624 0.473037588 231 231 231
2.82361794 -1.61650507 1.29539695 231 231 231
5.64678364 -1.40202782 1.26956905 0 0 0
3.99088255 -0.42352185 1.12585152 0 0 0
-2.30445178 -1.00949661 1.22749603 236 236 236
-0.461181317 -5.07291394 1.66961877 88 93 107
1.9639561 0.420383641 0.946002384 130 130 130
6.16884687 -0.0682645376 0.18850739 41 41 41
2.67184092 -1.11754352 1.05990251 130 130 130
-2.25199463 -1.01454236 1.22916575 0 0 0
-1.63055667 -1.368169 0.86694422 107 107 107
2.902569 -1.33563077 1.32956586 59 62 72
3.03761454 -0.194721667 0.912078771 59 62 72
5.98660771 0.345771785 2.1095075 41 41 130
1.09347053 -5.52257693 1.53022607 0 0 0
5.12954523 -1.43484629 0.896416317 112 118 136
3.78602863 -0.969624918 1.04356206 107 112 128
3.87823693 -0.58629786 1.12976711 214 214 214
-2.30460438 -0.993585836 1.22841846 236 236 236
-0.886044407 -5.32705928 1.5051296 64 68 79
1.94583428 0.38067938 0.91322963 0 0 0
1.92525321 -1.53064592 0.734861956 130 130 130
1.07387865 0.761321369 2.01318948 57 57 57
0.735802503 -4.36216127 1.97980368 98 103 118
5.68333681 -1.30798738 1.32534036 130 130 130
-2.10156433 0.870196013 1.7902545 12 24 45
-1.67175817 0.584833542 1.34409619 33 37 47
2.62343676 -1.11400898 0.906623543 130 130 130
5.67809689 -1.27681327 1.3484039 0 0 0
1.55630918 -1.27365056 0.512591406 111 116 133
-2.33482633 -0.953358406 1.23461089 0 0 0
-3.3280317 -1.12309285 0.737978027 0 0 0
1.96178464 0.0460870742 0.922075999 130 130 130
4.79414443 0.0489236139 0.80350596 59 62 72
5.68110874 -1.29670208 1.37720486 130 130 130
4.01082267 -0.543750195 1.12958864 233 233 233
-0.730850068 2.97534627 -0.810498886 9 11 14
0.404111106 -4.78717274 1.61567925 0 0 0
2.58505224 0.579159213 1.20277088 28 29 29
6.10871124 -0.23948434 0.188394743 25 25 25
-0.176475832 -2.57463281 2.35871058 57 57 57
1.94139304 0.669048432 0.846551051 5 5 5
2.77995263 -1.64490325 1.25969764 59 62 72
1.78841512 -0.254637502 0.8351261 60 64 74
-3.21986468 -0.234302882 0.851593553 119 125 143
1.17198973 -1.7463925 0.897308055 231 231 231
-2.69076404 -1.41321174 1.20577269 125 125 125
2.63435419 -1.15121346 0.881011788 59 62 72
4.0505659 -0.442518674 1.12281004 233 233 233
2.1847961 -1.3333091 0.817510126 0 0 0
2.63845018 -0.90882445 0.879621338 59 62 72
-3.21170982 -1.56349965 1.210831 98 103 118
2.67692964 -1.16350331 1.09231119 59 62 72
-2.29338629 -1.0915546 1.23638989 0 0 0
-2.59289724 -0.150185504 1.11493135 72 76 87
-5.3341106 -0.692213591 1.16126792 231 231 231
0.389964206 -4.77864872 1.62989521 228 228 228
-2.19723659 0.690504583 0.488758294 106 106 106
5.64203142 -1.24238102 1.19957163 130 130 130
2.69067511 -1.10775443 1.07513594 0 0 0
0.354866997 0.727887963 2.0128586 57 57 57
-2.29606197 -1.05361408 1.2311044 233 233 233
1.99257124 -1.35672574 0.958756302 113 119 137
2.90815821 -1.61910089 1.31112774 59 62 72
1.99790157 -0.0464744165 0.991902179 130 130 130
-0.901522956 -1.70890791 0.900125861 112 118 135
-0.225371902 -4.13187179 1.61370138 90 95 109
-0.91631315 0.574041284 1.68826334 122 122 123
5.68708927 -1.58202848 1.1785297 231 231 231
1.99307059 -0.197993393 0.799335851 0 0 0
-2.20368925 -0.972617625 1.32468411 235 235 235
-2.59715936 0.0471759617 0.0557362844 0 0 0
3.90270724 0.0613126875 0.836980578 115 121 139
1.70588438 -1.74360687 0.710235093 231 231 231
2.69067511 -1.10775443 1.07513594 0 0 0
4.01941992 -1.65500064 1.36232287 59 62 72
-0.797425017 0.573546018 1.25913242 124 124 124
3.04212179 -0.250796412 0.874716077 60 64 74
-2.23589747 -1.05977606 1.23410432 205 205 205
2.19210508 -1.3199919 0.839857868 0 0 0
-0.260808232 0.730105215 1.90767564 0 0 0
2.71800235 -1.12415375 1.12979571 0 0 0
-1.39116278 0.591819542 1.29824477 73 75 77
2.15196364 -1.58162421 0.954831987 231 231 231
0.925141662 -1.62051204 1.44282073 25 37 62
5.60960733 -0.210974613 1.49909388 61 64 74
-2.48771935 0.0574393628 0.785833074 228 228 228
1.62476136 0.659889715 0.784537676 5 5 5
6.15082478 0.147031146 0.191468054 41 41 41
0.573057876 -4.60799504 1.5751487 5 5 5
0.012262805 0.691549404 0.536382811 141 141 141
4.78669935 -1.58316844 1.46472932 59 62 72
-2.17795582 -0.962026637 1.23209729 0 0 0
4.0135329 -0.487517771 1.12776458 235 235 235
0.78515107 -1.65681054 1.02055735 101 101 101
4.8447566 0.403919167 1.04831831 88 93 107
-1.707523 0.58476825 1.18079053 114 115 116
-3.66520435 -0.629058068 0.41363827 0 0 0
-0.948289416 -1.0843944 0.800022535 0 0 0
-2.41712457 0.19433706 1.98429371 167 167 167
-2.0971802 0.933289542 0.916131709 0 0 0
-0.127946554 -1.7075562 1.02041624 0 0 0
6.0167784 -0.771286404 1.39964461 231 231 231
-2.59140406 -1.85036476 1.01609193 0 0 0
-3.16512582 0.197255631 1.05652957 108 106 106
2.78332811 -1.59765342 1.32307752 231 231 231
-1.18603567 3.16580204 -0.548987843 57 57 57
-2.15152567 -3.95808108 1.23134567 158 158 158
2.02179177 0.13527746 0.360665536 0 0 0
2.40453252 -0.189217818 0.882136143 112 118 135
2.80443779 -1.37869988 1.31832227 231 231 231
-2.10342246 -1.14521589 1.22398147 235 235 235
6.11198368 -1.65634658 0.998018433 0 0 0
-1.52285489 -1.18940132 0.593348488 0 0 0
-2.13265807 -1.45823798 1.19951865 0 0 0
2.40820749 -0.222434591 0.829630749 112 117 135
6.13394364 -0.667854485 1.38748145 231 231 231
0.625532384 0.700010364 1.67749202 0 0 0
3.87534378 -1.12586648 0.859874184 113 119 137
-1.9010237 0.733805205 0.0711731141 106 106 106
-0.972524996 0.575133128 1.60098015 51 58 75
-2.61087385 0.095144375 1.12770574 0 0 0
15.0560988 -11.9634491 -7.0122982 113 119 136
2.92833309 -1.36110918 1.29530876 231 231 231
6.6159855 0.222121387 1.67141781 231 231 231
5.6587643 -1.3772269 1.29340973 130 130 130
1.92525321 -1.53064592 0.734861956 130 130 130
2.81305707 -1.32137876 1.31340837 0 0 0
0.892479072 -1.61860517 1.40530552 64 74 93
-1.37310631 -1.72965798 0.415183976 107 113 130
3.92285549 0.336327905 0.860636934 234 234 234
-3.01603684 0.11134629 0.960193796 108 114 131
0.811039147 0.716682092 1.45360296 140 140 140
6.15082478 0.147031146 0.191468054 41 41 41
5.26546693 -0.908265809 1.24099998 59 62 72
-2.16662789 -1.12415024 1.230202 0 0 0
-2.78205707 -0.0714132157 0.961863492 111 117 134
0.041111157 -4.58775236 1.6122265 94 99 114
4.50332996 -1.59224846 1.5132554 231 231 231
-5.25147959 -0.933503425 1.07826333 200 200 200
4.14050115 -1.52667208 1.13984983 164 164 164
-2.03279838 -4.30969034 1.83927166 0 0 0
1.97761417 0.0529645137 0.970068326 130 130 130
4.07050313 -1.45814115 0.962087387 164 164 164
-0.742271919 0.576885345 1.3760984 12 89 38
5.88267223 -0.235520455 1.35177512 0 0 0
-0.413095207 -2.12676506 1.85326823 0 0 0
1.96605094 0.0144161062 0.953076162 0 0 0
1.97266905 0.00702788741 0.959045335 0 0 0
0.450684004 -4.68659658 1.72272987 228 228 228
2.58505224 0.579159213 1.20277088 28 29 29
3.56631009 -1.7300062 1.16473842 231 231 231
4.76338641 -1.47579126 0.854765165 113 119 136
-1.44254457 0.582112211 1.25259758 0 1 1
0.977835582 -1.61357101 1.46652149 96 97 99
-2.01814788 -1.58738314 1.04658366 0 0 0
0.984922583 0.774672755 0.935473447 57 57 57
4.29223156 -1.43903092 0.974028021 59 62 72
3.91467422 -0.558824497 1.1161574 222 222 222
-0.942315978 -0.963139315 0.836886944 197 197 197
-1.9531937 1.29223159 0.721713667 123 123 123
-0.700744311 0.576305295 1.3353092 12 88 38
0.459898888 0.766212748 1.99433207 34 34 34
5.78214272 -1.22897332 1.44678512 59 62 72
-0.926675732 -5.74602728 1.30519453 96 101 116
5.6403735 -1.38426566 1.29101095 130 130 130
-2.73509119 0.178928078 0.957065259 0 0 0
2.66247241 -1.08657428 1.01427271 0 0 0
5.1382134 0.0576849547 0.81689981 108 113 130
4.28110421 0.0943978419 0.843131221 110 116 133
-3.1910644 -0.236120808 2.32868018 231 231 231
-1.02069765 0.57623699 1.52630761 65 71 85
0.811039147 0.716682092 1.45360296 140 140 140
4.55406209 0.771094632 -0.0682572932 213 213 213
-2.65767228 0.571566495 1.0370265 95 100 115
1.66990668 -1.43881372 0.58546117 59 62 72
2.66729576 -1.3483643 0.863375808 59 62 72
-2.53175872 -0.400986066 1.75975414 231 231 231
3.97183957 -1.4389368 0.936328272 0 0 0
6.08953724 -0.768646722 1.40054424 231 231 231
1.50000885 -1.68609194 1.3165013 231 231 231
-2.33196168 -0.961321655 1.23096293 0 0 0
5.66865788 -1.29799495 1.29387342 130 130 130
-3.1656168 -0.145976014 1.28711675 79 77 77
-2.62387233 0.245200787 1.0666271 99 104 120
4.02480096 -1.45405425 0.978273045 164 164 164
-0.242374922 -4.00271901 1.72536875 0 0 0
1.98326198 0.041667694 0.985680943 130 130 130
5.63321025 -0.236460423 1.39072801 62 66 76
-0.647541283 -4.87845554 1.1471566 94 99 114
5.68593013 -1.42598932 1.43067975 130 130 130
3.06431336 0.142685972 1.35378417 59 62 72
1.88227586 -1.80878838 0.590001939 231 231 231
-1.81576114 1.76200595 0.0641590822 0 0 0
4.08520897 -0.413615891 1.12146119 0 0 0
5.95974491 -0.38318793 1.44168566 231 231 231
5.25297962 -0.970777207 1.08146809 109 107 107
1.25795516 -1.8182693 0.348306601 8 8 8
-2.39437155 -1.13225315 1.22979835 235 235 235
0.494166001 0.718890579 1.98184381 57 57 57
2.07036964 -0.147921501 1.2396261 107 112 129
-2.28268048 -1.04779489 1.22993853 236 236 236
-2.29926133 -0.993980753 1.2348858 236 236 236
5.74550984 -1.55197736 1.24851821 0 0 0
0.644196891 0.693908528 1.55227283 140 140 140
0.311112594 -4.80742418 1.64768645 0 0 0
2.81657576 -0.924007704 1.31426885 107 112 129
3.89787669 0.319820585 0.87713195 234 234 234
2.62246059 -1.09390592 0.889652577 130 130 130
-1.93566045 -1.7427855 0.871511784 231 231 231
-2.32428663 -0.971174273 1.23415885 0 0 0
0.986097823 0.754692943 1.94312616 0 0 0
5.61186832 -1.42848895 1.2029289 130 130 130
-2.84215413 0.769645568 1.11319891 231 231 231
0.188494692 0.722192509 0.262458733 141 141 141
-0.938428438 -5.16142981 1.72884771 231 231 231
2.73791389 -0.929925917 1.12347957 130 130 130
5.65087102 0.542210375 1.38257845 59 62 72
-3.18263736 -0.20641634 0.948119985 100 105 120
0.0789043827 -3.95095126 1.715769 5 5 5
2.88709673 -1.56773923 1.28061722 59 62 72
1.00189956 0.744083794 2.01170658 57 57 57
5.68986535 -1.42033917 1.41052499 0 0 0
0.101814542 0.705484951 0.405289499 0 0 0
-1.50005807 3.33605986 1.75360728 0 0 0
2.77857871 -1.29880905 1.26260494 77 81 94
4.67140184 0.0603331052 0.830446905 109 115 132
5.23683471 -0.771078426 1.16593125 59 62 72
2.02401884 -0.0680669029 1.07318346 130 130 130
5.22100193 -0.201008314 1.08266149 130 127 127
-0.690507382 0.578202781 1.09285149 116 116 117
2.50261124 -0.074128926 1.41030468 59 62 72
2.85858865 -1.68803933 0.904558507 59 62 72
5.41881258 0.140221869 0.995723822 59 62 72
-1.13015006 -1.46503738 0.415886697 231 231 231
1.97995097 0.022408083 1.00069096 0 0 0
3.33902829 -1.44836758 1.23838427 231 231 231
4.33901507 -1.6306178 1.45960427 61 64 74
-0.773881723 -5.43157562 1.63909815 109 115 132
0.598603193 0.696995105 1.4649486 140 140 140
2.88759783 -1.32256817 0.831471125 231 231 231
0.41962369 0.747853368 2.0158726 231 231 231
-2.28238757 -1.03811714 1.2379002 236 236 236
-2.00528517 0.35235885 1.01784512 231 231 231
-2.69919911 -0.157442835 1.04854015 112 118 135
5.62345905 -1.42695893 1.20435973 130 130 130
-0.977720392 -1.71001216 0.863637237 0 0 0
-0.134133261 0.733317767 1.8941186 57 57 57
5.6830107 -1.31984979 1.36846483 0 0 0
-0.580783394 6.33768918 3.2411709 57 57 57
-5.35971741 -0.715810626 1.11968144 0 0 0
2.77857871 -1.29880905 1.26260494 77 81 94
1.2028932 -1.75689499 0.868354384 8 8 8
-3.31662191 -1.32687022 1.10225246 59 62 72
0.768348257 -1.66182887 1.0117903 101 101 101
2.75279122 -0.145587695 1.29960374 0 0 0
-1.49558093 2.60190885 2.13750764 57 57 57
-5.33772127 0.733705863 1.0621252 0 0 0
2.68349414 -1.30104051 0.846776217 0 0 0
5.16230088 0.12813916 0.888029227 107 112 129
2.64044616 -0.981568404 0.959701072 130 130 130
6.10914976 -1.64826999 1.06456265 231 231 231
2.06500056 -0.143191789 1.24726418 114 120 138
1.50810491 -1.70154376 1.51857549 130 130 130
5.17258925 0.174297361 0.89649069 112 118 135
3.93614445 -1.65077098 1.47691408 96 101 117
1.97701478 0.322366725 0.827564396 59 62 72
1.59923356 -0.0638134691 0.633913963 0 0 0
-2.89093162 0.136193409 0.952748933 102 107 123
4.02568264 0.185497848 0.874054348 234 234 234
-5.34242882 -0.298746596 1.0120638 199 199 199
-0.236935585 0.566003028 0.18255612 87 81 78
-1.13018382 -5.45813697 1.767435 59 62 72
2.53472539 -0.225661537 0.91009013 118 124 142
-3.06744512 -1.40781141 1.08181995 231 231 231
-2.65714091 0.0455013163 0.851944453 0 0 0
-3.68323583 -1.79937074 1.17672625 231 231 231
3.98522408 -0.472699581 1.12708589 0 0 0
-1.33687184 0.677796044 0.372812928 0 0 0
1.77983017 -1.49616341 0.645227223 0 0 0
1.90047616 -1.33230376 0.519970174 59 62 72
5.75414346 0.157616517 1.45785737 231 231 231
-2.23643051 -0.115055433 0.5344129 0 0 0
2.92961877 0.258627922 1.23832915 59 62 72
2.20169495 -1.3477225 0.824720866 0 0 0
5.21085379 -0.231563227 1.09259231 131 129 129
3.8483932 0.480639606 1.08466188 59 62 72
-1.83559051 0.583232462 1.5139717 72 76 84
5.17385558 0.558274547 1.29587877 231 231 231
6.17848076 0.299329526 0.270349812 231 231 231
-2.48923778 0.239676313 2.50188237 5 5 5
-0.665031565 0.576019374 1.61652086 45 58 80
-2.30472167 -0.991772117 1.23042414 236 236 236
2.78381954 -1.37270571 1.3223316 231 231 231
-2.32820728 -0.971338668 1.22954424 0 0 0
1.95791784 0.403356408 0.93544163 0 0 0
1.0212987 -4.48413921 1.57455292 5 5 5
5.69534915 -1.26160209 1.41099708 0 0 0
2.30917353 -0.81568868 0.812602945 59 62 72
0.960968525 -1.62153273 1.4150037 105 106 109
5.14354593 0.130517282 0.874171209 5 5 5
-0.404314635 6.16582501 -2.93933736 8 21 43
-2.62134952 0.0383663218 0.0215164674 0 0 0
1.96814302 0.0856341959 0.886443672 0 0 0
1.90901549 -1.45989004 0.694056466 0 0 0
6.16607185 -0.687409707 1.40255854 206 206 206
1.65075617 -1.74528886 0.273059923 218 218 218
-0.901163714 0.576303965 1.60070071 51 58 76
5.58694566 -1.20389533 0.881177611 59 62 72
5.66165427 -1.29489007 1.32027518 75 75 75
-3.15078944 -0.183162972 1.24285805 101 107 123
2.00870567 -1.15173745 0.950473228 115 121 138
3.68182313 -1.72721464 1.17644992 231 231 231
-2.28923432 -1.06152662 1.22597637 236 236 236
-2.22520813 0.539101434 0.732759018 98 103 119
0.799340835 0.71978836 1.68017912 0 0 0
5.164583 0.0391468582 0.776583855 231 231 231
4.37059248 -1.12922073 0.815707148 113 119 136
5.55299285 0.181563196 0.868544881 231 231 231
1.74155892 -1.7766002 0.213378948 122 122 122
-2.10822242 -0.933588106 1.2337564 236 236 236
0.454738813 0.774174299 2.02039897 231 231 231
5.16222035 0.0391008693 0.775221657 231 231 231
4.36665927 -1.47047162 0.903775193 59 62 72
-2.2803504 0.282889 1.44514806 0 0 0
5.6403735 -1.38426566 1.29101095 130 130 130
-1.25584903 3.44077463 1.23435196 0 0 0
-1.39457915 0.585198072 1.37711273 10 13 14
4.51104589 0.554690564 1.25564253 87 92 106
1.61888271 -1.71517163 1.63201675 130 130 130
-2.33649845 -0.310562212 1.75491017 0 0 0
3.73567403 0.332104131 1.16977648 59 62 72
1.61213866 -1.70913891 1.63344039 130 130 130
-2.33649845 -0.310562212 1.75491017 0 0 0
0.94034738 0.767808365 0.897328271 9 11 13
1.95051518 0.701433532 0.152533078 122 122 122
5.66101641 -1.35762438 1.35987233 130 130 130
-3.13132409 -0.160083597 1.28222705 89 88 88
-0.508452134 0.574517557 1.66841183 1 2 7
-0.773109525 -5.59749997 1.39339951 0 0 0
1.99075003 -0.908424656 0.987632967 115 121 139
1.98048113 -0.0206849459 0.985391214 130 130 130
-1.93156897 -1.8389572 0.825382129 231 231 231
-2.57626914 -0.039941649 0.845953807 0 0 0
8.79771861 2.79510447 -1.09296061 0 0 0
-0.663449368 -6.30093836 1.39597685 75 79 92
5.69377145 -1.2611641 1.41148077 0 0 0
-5.33460467 0.718586708 1.00446171 0 0 0
2.85827691 0.102499593 1.30511546 106 112 128
2.63427098 -0.948627992 0.927060542 0 0 0
-2.28382532 -1.07974631 1.24051173 235 235 235
5.79325392 -1.12346517 0.166385186 85 79 76
0.989397363 -1.62346068 1.27277314 117 117 117
-2.85616978 -1.59410823 1.20953136 121 121 121
-2.56571562 -0.0426897932 0.822213092 0 0 0
2.62946706 -1.21298123 0.868697564 231 231 231
-2.18932429 -1.03547547 1.23046246 0 0 0
-0.197252893 -1.70934898 1.05035352 130 130 130
4.39553505 0.0714503073 0.814251712 113 119 137
1.50344143 -1.7032399 1.55326282 0 0 0
-2.50483936 -0.576476607 1.6110167 236 236 236
-2.27031431 0.277542593 1.40849631 231 231 231
-0.699506575 0.576111664 1.63261951 87 89 98
1.909434 -0.865959022 0.46005814 116 121 139
-2.00338521 -1.51816206 0.726310843 231 231 231
2.71658422 -1.12305475 1.12950212 130 130 130
-1.94619329 -1.71166796 0.459945783 8 8 8
0.967185242 -1.61362159 1.46811042 97 98 100
-1.43355674 -1.63432456 0.503194909 107 113 130
0.793270935 0.715136888 1.51707388 0 0 0
5.47625414 -1.31185022 0.818281574 112 118 136
2.40259747 -1.63818653 0.976916085 8 8 8
-1.08011929 -1.27323672 0.500920721 87 81 77
-2.29729004 0.239073342 1.40736812 0 0 0
-0.753962628 0.576827832 1.61619025 65 71 85
1.86373773 -0.869801051 0.569285111 59 62 72
-2.01806419 -1.61500238 0.841630376 231 231 231
2.73220556 -0.929967932 1.12547763 130 130 130
-2.39833822 -0.943129813 1.22743419 236 236 236
6.08099482 2.94952676 -0.612312402 0 0 0
5.43712911 -1.09605686 0.530458496 231 231 231
-0.577707027 0.577613502 1.64211944 98 101 107
-0.677373754 -5.50538656 1.30212407 108 114 130
-2.73116538 0.79132366 1.27444474 231 231 231
2.61171379 -0.965468489 0.968438605 130 130 130
1.68187417 -1.75702801 0.171053544 122 122 122
-2.01086618 1.0256949 1.70239778 86 87 91
-0.753962628 0.576827832 1.61619025 65 71 85
2.20963368 -1.32492026 0.789319411 0 0 0
-2.00195546 -1.51614856 1.09257251 231 231 231
0.0691009356 -0.069919873 -0.0109224398 0 0 0
0.471418373 -5.25006687 2.2047637 79 73 70
3.41556644 -0.865483781 0.834871613 113 119 136
-2.13914709 -0.962507789 1.23407224 236 236 236
2.16803619 0.24217163 0.832485718 0 0 0
5.40254111 -1.5393834 0.874712414 231 231 231
-0.970151896 0.577264882 1.09397939 86 87 92
1.93987165 0.358261092 0.894941616 0 0 0
2.33674942 -0.900457101 0.920951397 111 116 133
-2.04558572 -1.42102736 0.711338807 231 231 231
5.56132365 -1.19742443 0.888049975 59 62 72
-1.12991413 -0.957112741 0.621155417 0 0 0
-0.549677273 -5.02108247 1.79616238 97 102 117
5.72878387 -0.253865995 1.28908453 231 231 231
0.461035729 -1.01476909 1.41621254 0 0 0
-1.38805823 0.588716056 1.32247192 3 3 4
5.77524743 -0.584264655 1.44749444 59 62 72
-2.57650914 0.113705169 0.772547552 87 91 105
-0.0835253944 7.26988644 -3.52067198 0 0 0
2.76889746 -1.0363362 1.18206411 59 62 72
5.28043764 0.453438437 0.811832802 110 115 132
-2.32966576 -0.188580893 1.2581979 0 0 0
2.71732622 -1.11758053 1.12238046 130 130 130
5.9699668 -0.244918171 1.43622165 231 231 231
2.37144442 -0.182984302 1.52494888 5 5 5
3.73577351 -0.961378549 1.05917514 109 114 131
6.0170136 -0.242431913 1.3386193 0 0 0
5.9714579 -0.369281203 1.45108312 231 231 231
3.90624643 -1.61670307 1.47533616 90 95 109
5.66279435 -1.32899424 1.31800843 0 0 0
5.6047975 0.580938725 1.21532305 231 231 231
1.62281287 -0.223120562 0.784730728 59 62 72
-3.50651095 -1.71672738 1.27626252 231 231 231
-0.953790454 -1.1790419 0.957183201 231 231 231
3.1970991 -0.191873678 0.92310644 116 122 140
0.963251782 0.77812138 0.950900261 50 50 50
3.99208943 -0.565947893 1.12488265 0 0 0
-2.23676224 -1.01538199 1.22834615 236 236 236
-2.01425347 1.09407364 1.98150293 158 158 158
-3.23951436 -1.57321233 1.26991547 231 231 231
-2.89405785 -3.1030105 1.14940386 231 231 231
0.0920573413 0.712218786 0.4550937 0 0 0
2.80008915 -0.132982 1.32016784 102 107 123
6.1629607 -0.927069819 0.222103745 41 41 41
6.15761556 -0.725085348 1.26751517 231 231 231
2.63272419 -1.04505875 0.955915453 130 130 130
3.92377065 0.626243852 1.19129404 29 30 30
0.996790087 0.753572803 1.99252328 0 0 0
-0.540960399 -6.20414237 1.34812477 231 231 231
4.79641495 -1.454958 0.88617767 59 62 72
2.93639602 0.250276682 1.28186587 29 30 30
0.919713558 -1.61995783 1.27439136 105 111 117
5.68379405 -1.28929173 1.38425971 130 130 130
-1.75056793 2.33833233 -1.57748289 143 143 143
-0.339986248 -1.77556063 1.165036 231 231 231
5.68333681 -1.30798738 1.32534036 130 130 130
-2.10667634 0.879947128 1.42453168 75 76 78
-3.00317648 -0.960173551 0.858949956 0 0 0
5.90877957 0.0670418006 0.306198297 41 41 41
6.98299807 2.19141206 -0.569605006 0 0 0
-0.854238162 -5.68210506 1.41897052 0 0 0
5.72211401 -1.44331587 1.47021284 130 130 130
-1.21603386 3.6937763 1.36869119 142 142 142
2.94963361 0.253974522 1.28329181 29 30 30
0.851409503 -1.62077579 1.26344839 13 64 41
-2.10668368 -0.938250464 1.23084017 236 236 236
0.344633057 0.712439157 2.00999344 57 57 57
-1.07591009 -1.04493078 0.735637861 130 130 130
4.7211488 -1.11285359 0.83374611 59 62 72
-1.05008278 -1.12567836 0.754846528 0 0 0
4.14178396 0.317684472 0.854919517 0 0 0
-2.87248537 -0.00982270237 2.44879544 231 231 231
-3.20668972 -0.140173017 1.04293916 70 74 85
5.91597369 -0.712725231 1.43945681 0 0 0
-2.22862993 -0.9992685 1.22605417 235 235 235
6.2063598 -0.672341174 1.38292095 231 231 231
3.53316568 -1.8169709 0.824200489 59 62 72
1.98673742 -1.74706097 0.872605586 8 8 8
-2.10438481 -1.14854201 0.996864992 67 67 67
-2.57720685 0.203825542 0.644801996 0 0 0
5.78365999 -0.224249312 1.34267239 0 0 0
-2.92399374 -1.88035857 0.563259635 115 121 138
-3.4787725 -0.537079555 0.557190038 74 72 72
5.95831637 -0.156728576 0.196500537 231 231 231
-2.28382532 -1.07974631 1.24051173 235 235 235
5.75552006 -1.1111383 0.233908454 231 231 231
-1.02775647 -0.946015223 0.810135201 130 130 130
5.56214197 -1.15813489 0.850181753 231 231 231
-2.04449321 1.11547344 2.26199662 158 158 158
0.00977621056 0.696544377 0.296074709 141 141 141
-1.91735156 -4.44510713 1.64837802 130 130 130
-1.25357495 -1.15819402 0.80248396 231 231 231
2.02448798 -1.62711561 0.982790674 59 62 72
5.49022292 -0.297540005 1.05552627 231 231 231
0.67332291 0.7363409 1.05397888 57 57 57
5.81058579 -0.837215278 1.44577382 54 57 66
-1.12187338 -1.08536107 0.648070321 130 130 130
3.54717927 0.532680673 1.23618484 28 29 29
6.17440028 -1.72153882 0.862013899 231 231 231
0.799222925 0.712908875 1.46082791 140 140 140
2.91703332 -1.18231567 1.28739275 59 62 72
4.21138713 0.0585749058 0.827677498 115 121 138
-1.3231225 1.92378747 -0.00439404451 10 19 13
2.90213928 0.0516367497 1.33435364 73 77 89
-0.550057847 0.576527906 1.33297205 0 0 0
5.48437791 -0.743162785 1.05057252 0 0 0
-4.32816556 3.07395818 1.82762935 0 0 0
1.96851446 0.447820043 0.931332157 0 0 0
-0.941970749 4.12586214 -1.65898865 29 30 30
-3.17258165 0.24049145 0.952214671 100 105 120
-0.198812854 0.692636852 -0.036616378 87 81 78
4.0909581 -1.5320845 1.11073143 161 161 161
-1.63020084 0.586904778 1.60078835 10 22 44
2.70630376 -0.955338289 1.11034388 130 130 130
3.96479476 -1.49675801 1.08660788 0 0 0
-0.948476503 0.574697918 1.14525253 124 124 124
2.67865796 -0.880513749 1.36034818 59 62 72
0.49150246 0.715268258 1.98046795 57 57 57
5.82140998 -1.5836471 1.00978969 0 0 0
4.12889664 -1.50245851 1.07856409 0 0 0
-2.17086904 0.540814335 1.18087918 2 2 2
-2.25985684 -0.18286245 0.622324062 117 123 141
-0.70110095 0.576904542 1.33505106 12 87 38
6.1374716 -0.667716472 1.38488599 231 231 231
-0.754617881 0.578309327 1.09337383 101 102 105
-2.04829981 -4.29228204 1.9108781 130 130 130
3.02922128 -0.154633321 1.22090091 59 62 72
2.75279122 -0.145587695 1.29960374 114 120 137
-2.44500556 0.172640149 0.876970969 0 0 0
-0.505975808 0.579459778 1.15735735 124 124 124
-2.39773455 -0.934021587 1.23278789 236 236 236
-3.58480062 -0.662158325 0.458571344 197 197 197
2.89409539 -1.35998854 1.32641483 231 231 231
5.68460691 -0.21228989 0.986535014 0 0 0
3.97803997 -1.63143523 1.42566537 59 62 72
1.18580046 0.731977066 1.96081353 57 57 57
4.2604895 -1.53290043 1.06230389 231 231 231
-0.751730674 -5.46105867 1.36458228 59 62 72
1.99760982 -0.915925517 0.959249597 115 121 139
4.87999444 -1.05397966 1.38410326 231 231 231
-0.906318295 0.575612365 1.61690114 71 76 88
-3.83765809 -0.914119891 0.00030094671 0 0 0
-0.872346955 -5.60610085 1.46789812 0 0 0
2.79795865 -0.96298177 1.35752893 90 95 109
0.440962437 0.765755794 2.01160142 231 231 231
5.47802874 -0.684451889 1.06209022 0 0 0
2.02179177 0.13527746 0.360665536 0 0 0
-2.15152567 -3.95808108 1.23134567 158 158 158
5.05530904 -0.344882897 1.17582027 59 62 72
6.14395956 -0.281612672 0.309661209 231 231 231
-2.07147697 -1.61193474 1.20596311 126 126 126
5.7614709 -1.48596973 1.4313576 59 62 72
-5.25603812 -0.762245084 1.08527985 221 221 221
1.99359003 -0.896936211 0.952088586 115 121 139
3.87029592 0.591451033 1.22007833 29 30 30
-2.5774363 0.0760682315 0.734295738 0 0 0
-0.666867141 0.576189689 1.63247935 80 84 94
5.71527813 -1.25513008 1.4270399 130 130 130
-5.37288119 -0.781949089 1.15801822 202 202 202
2.07889469 -1.51264462 0.923447423 231 231 231
-2.07887591 -1.22736608 1.20364127 130 130 130
-2.08784541 0.50277496 0.658940701 109 115 132
-2.42131291 0.6469945 0.634720621 112 118 135
5.19165441 -1.15314943 0.839806478 107 112 129
-2.55764534 -0.0639742513 0.80496945 0 0 0
2.02658115 0.507400591 1.07535821 130 130 130
-0.398780209 -5.17944708 1.66208639 109 115 131
2.68365084 -1.70113025 0.933113884 231 231 231
-2.23334687 -1.08271116 1.22207914 236 236 236
-2.58699916 0.0864724215 0.859240771 0 0 0
-0.965468064 0.575062427 1.2706725 124 124 124
0.986279841 0.752613697 1.9558323 0 0 0
5.6843182 -1.32053372 1.36829697 0 0 0
-5.30920087 -0.732201935 0.969767136 181 181 181
6.08053609 -0.881932219 0.207978488 41 41 41
5.7561494 -0.205415096 1.4550082 231 231 231
-4.48997775 0.712512049 1.08746085 231 231 231
0.919234062 -1.64292832 1.43525024 52 56 65
-0.716872574 -5.29723644 1.75988765 231 231 231
-0.354505057 -1.74582047 0.881409876 8 8 8
-2.04902995 1.01012831 1.74948999 4 15 40
-0.901163714 0.576303965 1.60070071 51 58 76
1.44591491 -1.70058182 1.55017275 0 0 0
-2.36990926 -0.975985424 1.2289236 235 235 235
-0.875041643 -1.86802249 0.343474144 231 231 231
5.87681757 -0.629821151 1.47808407 0 0 0
-3.09737211 -1.173129 0.64399372 197 197 197
2.03907744 -1.62567168 0.884612936 59 62 72
-2.05020442 1.0999315 0.88182486 0 0 0
-2.59821523 0.0692813573 0.783696602 228 228 228
-4.33860157 -0.84951207 0.0467542768 70 68 68
2.31303518 -1.08899463 0.936796235 110 116 133
-3.35144022 -1.21784738 0.81254059 60 64 74
-2.57612685 0.0637011081 0.101716955 0 0 0
5.68308621 -0.206891258 1.45001195 231 231 231
-2.49173595 0.275574429 1.46330217 0 0 0
2.9044222 -0.574569119 0.85042772 41 41 41
-2.1668344 -0.952136407 1.23650706 0 0 0
-2.38596951 -1.1513025 1.21753034 235 235 235
5.77800304 -1.12893561 1.32637742 231 231 231
-2.68129613 -1.9077064 0.827597811 197 197 197
-5.14941428 -0.38959591 0.941201323 79 77 77
-0.31087143 -1.68877435 0.92351686 130 130 130
2.87920198 -1.311161 0.825946103 231 231 231
-3.36718535 -1.28519165 0.854458931 59 62 72
2.66790827 -1.10043507 0.982788636 0 0 0
2.75436999 -0.901832087 1.29415162 115 120 138
-0.96760236 0.575936795 1.60893404 9 27 57
4.10929264 -1.37469541 0.934697996 109 115 132
5.18174841 0.482729944 1.10212792 231 231 231
1.95684552 0.0436685633 0.926226344 130 130 130
3.98490495 0.318904405 0.86186064 0 0 0
1.99821699 0.0378783113 1.0090527 78 78 78
-0.00420320837 -1.79671446 0.930164833 73 73 73
3.87583632 -1.52181885 0.859350215 59 62 72
3.25805238 0.668134904 1.2193745 59 62 72
-0.0624845849 -1.72955064 1.17101592 130 130 130
4.60173557 0.415782317 0.873894061 68 72 83
2.08642547 -1.71266753 1.14016855 231 231 231
4.01414537 0.213618946 0.859902277 0 0 0
-2.89609302 0.317349002 1.05757408 72 76 87
1.50344143 -1.7032399 1.55326282 0 0 0
6.15482183 0.525574259 2.00921793 0 0 0
5.76454688 -1.71890163 0.806883343 76 80 93
-3.93864834 -0.860183345 1.23612609 70 68 68
-2.25228426 -1.01433851 1.22978729 0 0 0
-2.16594165 -0.960709446 1.22754039 0 0 0
6.20096701 0.287870728 0.227998859 130 0 0
-2.26527204 -1.04009353 1.22704379 0 0 0
-4.12184993 0.882816515 1.18575935 231 231 231
0.00100672049 0.0802965964 0.0492602774 235 235 235
6.20096701 0.287870728 0.227998859 130 0 0
-3.75546351 0.632097211 1.20190285 0 0 0
-1.38837363 -1.51272934 0.754374692 231 231 231
0.193494329 0.716178585 0.528332677 140 140 140
-0.500240773 -4.81109041 1.64456665 231 231 231
0.0971837344 -0.144210076 -0.00425071637 236 236 236
3.72364528 -0.940475308 1.10628712 68 67 67
-0.762088116 0.577208519 1.33689083 70 76 86
-2.22001353 -0.998363547 1.22160142 236 236 236
3.83544046 -1.47052512 0.811704526 59 62 72
-3.06581366 0.219445873 0.978735495 97 102 117
2.23986903 -1.33423114 0.910974374 104 109 125
-3.87452405 0.326920541 -0.0451571931 108 106 106
2.83921603 -1.19174722 1.31821322 59 62 72
1.93148936 -1.42808897 0.743061887 0 0 0
3.95569244 -1.5233935 1.13855509 164 164 164
1.98980755 -0.208224611 0.804986238 0 0 0
5.12675325 -1.48521162 0.894808177 61 64 74
4.16112616 -0.398969841 1.10553015 232 232 232
-0.690507382 0.578202781 1.09285149 116 116 117
2.03268335 -0.0959837457 1.09253419 130 130 130
2.62694734 -0.946914743 0.92892215 0 0 0
5.58569133 -0.257773412 1.13646291 231 231 231
4.251383 0.0808173057 0.840422057 59 62 72
-0.713200489 0.577106884 1.30590915 12 90 38
5.10885313 -1.59871224 1.29792523 231 231 231
4.00663752 -1.45193777 0.966304433 164 164 164
-2.06017483 0.871212878 0.823656252 0 0 0
-0.771381705 0.577106846 1.3059665 12 88 38
2.63306222 -0.916108034 0.880591329 59 62 72
3.35793078 -0.889695575 0.856849503 111 117 134
-1.01389902 -5.84574446 1.52201425 231 231 231
2.88509735 -0.789490022 1.09195594 84 78 75
4.79902867 0.0532649233 0.833949549 109 115 131
2.31582414 -1.24498919 0.845595218 110 116 133
2.62515386 -0.942957777 0.925381001 0 0 0
2.64760608 -1.04812665 0.967530461 130 130 130
0.504663775 -1.06799997 1.3822619 0 0 0
0.504663775 -1.06799997 1.3822619 0 0 0
-1.57484693 -0.480148021 1.77344056 130 130 130
0.38912444 -4.78514833 1.62982052 228 228 228
2.79214248 -1.61193522 1.29151323 231 231 231
-0.906707186 0.575952683 1.61685352 80 83 93
0.38912444 -4.78514833 1.62982052 228 228 228
2.90826177 -1.57591513 1.31901724 59 62 72
3.87285607 -0.578634022 1.11241054 122 120 120
4.55507441 -1.5647559 1.38465223 59 62 72
2.82683836 -0.0924463627 1.04868685 59 62 72
2.42176274 -0.170575686 0.877296022 113 118 136
2.6032153 -0.86459678 1.0114267 59 62 72
4.0097769 0.538507119 1.22816999 89 94 108
5.7161965 -1.50727906 1.10920134 59 62 72
2.00063335 -0.92074084 0.958355121 115 121 139
2.06500056 -0.143191789 1.24726418 114 120 138
1.74640347 0.708785883 0.161435514 122 122 122
-2.81188531 0.708351182 1.17571454 231 231 231
5.75829623 -0.028550726 0.834166235 59 62 72
2.96051029 0.041858849 1.37408319 59 62 72
2.75422401 -0.898531742 1.29110248 108 114 130
3.61752631 0.240356484 1.14019004 86 91 105
2.87395733 -1.61581938 1.34342878 231 231 231
2.27372694 -1.36546947 0.862822675 107 113 130
6.15297365 -0.0693856569 0.193285155 41 41 41
4.15527428 -0.591134458 1.1081354 220 220 220
2.63479484 -0.972148071 0.955210578 130 130 130
2.66321411 -1.07724591 0.990467741 130 130 130
2.65912482 -1.07611098 0.992874993 130 130 130
2.67391391 -0.973114723 1.04915155 130 130 130
2.67391391 -0.973114723 1.04915155 130 130 130
-0.482454925 -0.325213579 1.63672071 0 0 0
-1.99756094 -4.35836479 1.82095242 130 130 130
6.15514256 -0.233951815 0.265134395 25 25 25
-0.534578027 0.576695965 1.52518258 70 76 88
0.349217443 -4.8130886 1.63187377 228 228 228
6.1141995 0.146103381 0.274532762 41 41 41
0.61892341 0.699580432 1.52112581 0 0 0
-0.933137021 -5.61783547 1.49616394 228 228 228
5.25035123 -0.660317054 1.11941753 231 231 231
-1.12090159 -1.5640212 0.674883311 59 62 72
-2.07906723 -0.983743677 1.22481421 130 130 130
-1.03730114 -1.26613094 0.664134834 231 231 231
0.449575458 -1.78291793 1.16985749 231 231 231
-0.846263615 -1.31651578 1.0085711 231 231 231
1.15877232 -1.6795373 0.242675274 231 231 231
-1.22170017 0.586808597 1.02847809 0 0 0
-3.04310946 -0.97963417 0.0270452394 107 107 107
-0.977106218 -1.26701254 0.96950171 231 231 231
2.99144554 -1.65866623 1.23960576 59 62 72
-1.09254752 -1.33844518 0.543274459 59 62 72
-1.24564404 0.584758174 1.05565862 142 142 142
-2.52300071 -3.13398579 0.758221158 231 231 231
-0.912367945 4.95496763 -1.25971058 57 57 57
-2.13068333 -0.873353963 1.52682312 0 0 0
-1.24572598 0.584567245 1.05580903 142 142 142
0.421903255 -4.68958755 1.67992126 228 228 228
-1.45567242 -1.26628448 0.537540952 111 116 133
-2.22746815 -0.995415025 1.22721258 236 236 236
-2.22746815 -0.995415025 1.22721258 236 236 236
1.91879603 0.723740422 0.197632894 199 199 199
-0.934075937 -5.34221009 1.48163806 66 70 81
1.48632275 -1.71630499 1.51964241 0 0 0
-1.09072667 -1.28301596 0.508664769 116 122 140
1.99904448 0.00379364782 1.01991422 0 0 0
-1.99456046 -4.36134405 1.73021071 0 0 0
-1.12187338 -1.08536107 0.648070321 130 130 130
1.73520601 -1.21046876 0.541469451 106 111 127
2.26291597 0.254086649 0.894846748 107 112 129
-0.720730662 -1.59471597 1.32879156 0 0 0
-0.208672815 -1.70640067 1.02068664 0 0 0
-0.962771258 0.57110039 0.941495065 124 124 124
-0.817154879 -1.55319951 1.20027952 158 158 158
-0.0887876124 -1.70383254 0.966357254 231 231 231
-0.0722480041 -1.71205235 1.01842536 231 231 231
-0.693768968 0.568421824 1.07802984 124 124 124
-0.92725079 -5.28558172 1.76781682 95 100 115
2.12756672 -1.38100915 0.932291541 103 109 125
0.30680452 0.762907368 0.863465681 29 30 30
-0.291716105 -2.34793004 1.88278064 141 141 141
2.12756672 -1.38100915 0.932291541 103 109 125
1.49250297 -1.72734765 1.34483212 130 130 130
1.97977329 0.0399873971 0.98764393 130 130 130
-1.16174873 -1.237998 1.94672702 13 19 39
1.62228167 -1.71705936 1.63473779 0 0 0
2.89750346 -0.831643227 1.19485699 0 0 0
-0.0665880465 0.761816318 1.85010505 57 57 57
-0.98924174 0.577199005 0.945440656 77 83 91
-0.793204131 -5.4019121 1.70255258 59 62 72
-0.0665880465 0.761816318 1.85010505 57 57 57
0.458913848 0.604701442 1.90689789 0 0 0
0.458913848 0.604701442 1.90689789 0 0 0
1.95600485 0.642401392 0.822433683 5 5 5
0.799222925 0.712908875 1.46082791 140 140 140
2.15076125 0.246250667 0.822563033 0 0 0
-0.925353768 -1.4472633 2.28743915 56 57 57
0.610851873 0.685927952 1.75810506 57 57 57
2.55413907 0.126715136 1.31723834 86 90 104
-0.223394382 0.760925361 1.9643568 231 231 231
-2.53590333 -0.154914796 0.499184584 119 125 144
-2.48593591 0.0604022782 0.753483989 171 171 171
-0.741014736 0.570885901 1.11931308 124 124 124
1.7081901 0.769075075 0.905603232 124 124 124
-0.520291483 0.579359087 1.3317409 101 104 104
-0.43205905 0.575697294 1.64427529 5 21 51
0.0767062199 0.709091682 0.40618029 0 0 0
1.62658557 0.770683998 0.918682737 6 21 42
1.5038143 0.762760227 0.882354892 14 14 14
-1.03558496 0.574679313 1.51849407 94 101 111
-0.274459155 -2.41246903 1.94346286 0 0 0
0.620050616 0.698731733 1.52306661 0 0 0
0.620050616 0.698731733 1.52306661 0 0 0
3.12968734 -0.922472589 0.847370725 0 0 0
2.30398075 -0.859919089 0.878689211 112 118 136
2.62327285 -0.200960892 0.835946727 115 121 139
2.67049571 -1.70550949 1.01132061 231 231 231
2.71436693 -0.83022854 1.31005658 59 62 72
3.97803997 -1.63143523 1.42566537 59 62 72
2.39057815 -0.228072841 0.78118629 59 62 72
-0.997333261 0.577585627 1.617106 65 69 81
-0.752623384 -1.55721009 1.2025007 231 231 231
1.92404909 -1.39479605 0.773212162 0 0 0
1.92404909 -1.39479605 0.773212162 0 0 0
5.54824149 0.180508513 0.870369304 231 231 231
1.9371786 -1.56050498 0.760854708 0 0 0
1.9371786 -1.56050498 0.760854708 0 0 0
2.02146468 -1.63458444 0.929888646 114 120 138
2.02146468 -1.63458444 0.929888646 114 120 138
2.09279638 -0.167679038 1.27892925 100 105 120
2.09279638 -0.167679038 1.27892925 100 105 120
2.66631901 -1.28168454 0.841241594 113 119 137
2.93168852 -1.36346792 0.78133028 231 231 231
2.94113543 0.24338332 1.24109106 231 231 231
-0.92750644 0.578992751 1.6200326 78 81 91
0.0951529159 -3.9123086 1.67141442 118 124 142
5.69444009 0.208627856 1.39553546 0 0 0
0.541724515 0.69953981 1.61282772 57 57 57
-0.689220465 -5.32942736 1.79131886 59 62 72
1.98495975 -0.0503462182 0.997018254 130 130 130
-0.950871375 0.578227753 0.972862664 86 109 91
-0.981856681 -1.53149068 1.79711047 109 111 113
1.98495975 -0.0503462182 0.997018254 130 130 130
-4.1936701 1.04288419 0.790338006 70 68 68
2.65135898 -1.22423342 0.863150349 0 0 0
2.68454669 -0.946588239 1.07336549 0 0 0
2.75869725 -0.89853311 1.29005402 107 112 129
2.74527442 -0.895714844 1.29398894 107 112 129
0.0644927355 0.713448961 0.327825266 0 0 0
-0.412228654 -5.19848693 1.64238677 111 117 134
4.23144113 -1.62751175 1.44919738 231 231 231
4.23144113 -1.62751175 1.44919738 231 231 231
1.91965615 0.361083333 0.864372801 130 130 130
0.441210316 -4.7641434 1.59131237 228 228 228
5.72193245 -1.2772091 1.30055561 0 0 0
6.09624724 -1.1012853 0.275403414 41 41 41
5.15899696 0.0611066168 0.764704035 61 64 74
5.19550173 -0.20217494 1.10212513 111 109 109
2.57704865 -0.366590621 1.03792407 231 231 231
1.97708722 0.499271783 0.981721282 0 0 0
0.370024788 -4.52082771 1.88821055 113 119 137
1.66543722 -0.997911713 0.993646615 59 62 72
3.10295835 -1.10399093 1.30386289 77 81 94
-0.520065796 0.588745336 1.65900939 97 100 106
-0.225371902 -4.13187179 1.61370138 90 95 109
0.192323624 -1.67085004 1.19055138 0 0 0
5.4363851 -1.07196289 1.14747279 59 62 72
2.95908987 -1.64575689 1.20133938 59 62 72
0.913217396 -1.62273574 1.45829853 13 25 50
1.4935251 -1.69784053 1.44486239 0 0 0
-0.935081009 -1.37196094 0.96764733 59 62 72
2.04280104 -1.59398829 0.906940998 0 0 0
1.99752072 0.28080488 0.934726277 59 62 72
2.89461854 -0.486422516 0.855115128 41 41 41
5.57362935 0.1836003 1.034489 231 231 231
-1.08623643 -1.10752727 0.717178468 0 0 0
1.92145913 -1.70598383 0.150552872 122 122 122
2.6318303 -1.1653092 0.882156271 59 62 72
3.92373861 -1.57659262 1.51875367 0 0 0
0.604759424 0.704590603 1.67265774 0 0 0
2.42333473 -1.67715176 0.943399215 59 62 72
3.34344678 -0.0741143679 1.28733666 59 62 72
5.72657557 -1.4945491 1.21688922 59 62 72
4.49049781 0.550171816 1.26193371 83 87 100
1.89862555 0.702841742 0.948096068 124 124 124
1.96131766 0.127513892 0.819493553 59 62 72
0.549319385 0.606860854 1.15624364 57 57 57
1.07430919 0.777545328 0.953582273 0 0 0
2.10417303 0.301701535 0.960539371 59 62 72
0.50332925 0.702550274 1.90011201 57 57 57
0.809128702 0.717089261 1.50599401 140 140 140
0.809128702 0.717089261 1.50599401 140 140 140
1.94912249 0.0433749608 0.98309678 130 130 130
1.92494943 0.0377665789 0.991126911 130 130 130
0.488658366 0.755318271 2.01431241 7 7 7
-0.140984677 0.77142309 2.02102935 57 57 57
-0.147550299 0.784529012 2.02326232 57 57 57
-0.147550299 0.784529012 2.02326232 57 57 57
-0.186954513 0.754638007 2.01836429 57 57 57
-0.186954513 0.754638007 2.01836429 57 57 57
0.911914852 0.788650646 0.827313145 29 30 30
1.93021516 -0.0819879238 0.895957118 0 0 0
2.02191264 0.458832749 1.0015089 130 130 130
2.02191264 0.458832749 1.0015089 130 130 130
0.605721784 0.713874436 1.49711968 140 140 140
1.92766446 -1.46341475 0.734281202 0 0 0
0.744884681 0.727287542 1.54415612 140 140 140
0.785150252 0.70550507 1.68137158 0 0 0
0.115440036 -1.47254763 0.619510338 231 231 231
-1.12795541 -1.02248212 0.688069996 0 0 0
-0.0797679075 -1.69884118 0.945092432 231 231 231
-2.22495863 -1.09840568 1.20313863 236 236 236
-1.79570838 -1.28693357 1.04893175 231 231 231
-1.79570838 -1.28693357 1.04893175 231 231 231
-2.14691195 -0.950787927 1.23686135 236 236 236
-0.964510934 -1.19365967 0.983652332 59 62 72
1.21537553 -1.6801117 1.51509712 231 231 231
-2.06378305 -0.934623081 1.19403749 67 67 67
-0.45232635 -1.7333313 0.733444605 231 231 231
-1.02775647 -0.946015223 0.810135201 130 130 130
-3.90682427 -1.09924088 -0.186807331 80 75 71
2.12127234 -1.69726892 0.230620126 0 0 0
1.57608467 -1.70782146 1.62452657 130 130 130
1.57608467 -1.70782146 1.62452657 130 130 130
0.448584785 -4.76612868 1.61024856 228 228 228
-2.25292596 -1.01363825 1.23063549 0 0 0
-0.98228064 -1.37039687 0.973213719 231 231 231
0.768540485 -1.61411171 1.01608203 101 101 101
6.55066566 -1.55886239 1.46960655 231 231 231
-0.468814866 -1.72577035 0.746340376 231 231 231
-2.1839386 -1.46838346 1.17214556 129 129 129
0.462931644 -1.49007591 1.48078257 32 41 62
-1.04540049 -1.12763446 0.819096209 130 130 130
-0.078249537 -1.72930327 1.16378016 130 130 130
-0.078249537 -1.72930327 1.16378016 130 130 130
5.26148922 -1.79602012 1.48148943 231 231 231
-2.33936165 -1.11659284 1.23561044 0 0 0
-1.02896075 -0.939506507 0.817457875 130 130 130
-1.03486459 -0.938690926 0.820200923 130 130 130
-2.22190012 -0.997178854 1.22304751 236 236 236
-1.15557721 -0.947874402 0.636569176 0 0 0
-2.07959658 -0.918294876 1.21943695 67 67 67
1.57633377 -1.25987359 0.490561866 59 62 72
2.13331676 -1.3254347 0.870388815 0 0 0
2.0333692 -1.76946677 0.568834219 59 62 72
2.07616571 -1.66424269 0.845633192 59 62 72
3.64617282 -1.41834541 1.41398694 59 62 72
2.26809284 -0.0943014207 0.947884648 59 62 72
2.68439387 -0.172994877 0.877847935 59 62 72
3.32227309 -0.195058011 0.835441697 109 115 132
2.65901445 -1.25268639 0.86945003 0 0 0
3.87538271 0.418279924 1.10362289 59 62 72
5.21106538 -0.686904848 1.17926213 231 231 231
-3.528143 -1.71105018 0.14208561 231 231 231
5.21106538 -0.686904848 1.17926213 231 231 231
3.69180108 -0.232934564 1.10071323 68 67 67
2.89416687 -1.36347094 1.31988345 231 231 231
2.85730174 -1.32597682 0.854779044 231 231 231
5.24686428 -0.222857333 1.14179062 59 62 72
2.02567931 -0.853522481 0.914935223 77 81 93
2.8631024 -1.3714157 1.33920582 231 231 231
2.8631024 -1.3714157 1.33920582 231 231 231
2.01570666 -0.0764000424 1.03234663 0 0 0
2.01838247 -1.53490619 1.01763657 111 117 134
2.09441043 -0.198071666 1.20537535 85 89 103
2.63379261 -1.14982968 0.880350938 59 62 72
2.63019243 -0.946611153 0.926703112 0 0 0
2.81576509 -0.923830127 1.31420481 104 109 126
4.11583629 -1.61716464 1.47241809 59 62 72
5.87927219 -1.15532799 1.31281177 5 5 5
1.92766446 -1.46341475 0.734281202 130 130 130
1.98456473 -0.0284078691 0.986858371 0 0 0
1.94164165 -1.56717843 0.760869404 0 0 0
2.63145195 -0.920237092 0.875677031 59 62 72
2.5999903 -1.09631719 0.938719201 0 0 0
0.975952622 -0.52487909 1.76350121 130 130 130
0.975952622 -0.52487909 1.76350121 130 130 130
2.68539349 -0.943152734 1.07625859 0 0 0
2.68539349 -0.943152734 1.07625859 0 0 0
5.66549515 -1.29576388 1.31930417 130 130 130
2.21483253 -0.842177395 0.786537956 0 0 0
3.3196179 -0.846953018 0.837094072 107 112 129
3.81505001 -1.00164714 0.903282373 59 62 72
1.86656441 -1.36568502 0.558624768 59 62 72
3.04160874 -0.820130841 0.870716565 109 115 131
2.91504388 -0.881216888 1.31812803 59 62 72
1.94636345 -0.105489383 0.829535194 59 62 72
1.94636345 -0.105489383 0.829535194 59 62 72
1.95598273 0.0415146092 0.986027441 130 130 130
1.95598273 0.0415146092 0.986027441 130 130 130
2.62856898 -1.09857563 0.931980853 0 0 0
2.62856898 -1.09857563 0.931980853 0 0 0
2.71685625 -1.11787538 1.12335536 130 130 130
2.98232135 0.135301362 1.27767348 102 108 124
5.69199551 0.552908771 1.37555758 59 62 72
2.81611131 -0.150563552 1.34977184 103 108 124
2.81507648 -0.894496035 1.34608071 102 107 123
4.11949553 -1.53042754 1.12792893 161 161 161
1.95042934 -0.022486173 0.919539262 130 130 130
1.95042934 -0.022486173 0.919539262 130 130 130
2.21932419 -0.177100878 0.836110516 0 0 0
14.5871557 1.65308851 -6.39854887 61 64 74
1.55069908 -1.07654606 1.27349554 231 231 231
2.78692034 0.119366791 1.28426504 104 109 125
2.78692034 0.119366791 1.28426504 104 109 125
3.89049498 -0.588253469 1.12668467 218 218 218
-0.893496747 -5.35713978 1.50786114 66 70 81
1.96287067 0.00389329541 0.942037122 0 0 0
3.41126124 -0.0253485076 -0.0181862103 231 231 231
3.00417381 -0.211826649 0.865679203 110 115 132
2.66161545 -1.06975355 1.05229416 130 130 130
6.08053609 -0.881932219 0.207978488 41 41 41
5.65613102 -1.2484869 1.19896532 130 130 130
5.92997786 0.189621457 1.28256766 231 231 231
5.6440537 -1.1521526 1.41978613 231 231 231
1.89478977 -1.69677916 0.523599758 231 231 231
5.66271964 -1.36718614 1.29323835 130 130 130
3.94552368 -0.233865706 0.908123726 81 81 81
1.92331402 -0.854681091 0.460902911 117 123 141
2.81879455 0.0502495948 1.35064129 59 62 72
1.91169437 -0.876632206 0.514155719 59 62 72
1.99598205 0.0470294546 1.00129917 130 130 130
2.96966981 -1.59348658 1.33230471 0 0 0
1.86656441 -1.36568502 0.558624768 59 62 72
1.97289228 -0.22052012 0.789012239 117 123 140
2.86549762 -1.32339937 0.845538322 231 231 231
-1.9607017 -4.41295254 1.85211744 0 0 0
2.02165176 -1.30315908 0.922212261 79 83 96
2.31083137 -0.824503899 0.835619921 59 62 72
2.03630733 -0.0973507667 1.09277576 130 130 130
5.75986294 -1.43209945 1.42897891 130 130 130
2.63449703 -0.948859285 0.927043921 0 0 0
-2.75373887 0.751281365 1.22117292 99 104 120
2.80457207 -1.61480098 1.26216369 59 62 72
2.84267888 -1.6345831 1.28428322 231 231 231
2.84267888 -1.6345831 1.28428322 231 231 231
5.6940335 -1.27459504 1.40046279 0 0 0
11.0882874 -6.70631256 -8.67831954 117 123 141
1.95054259 -0.236535363 0.766445846 61 64 74
2.82294363 -1.32334814 1.30185666 59 62 72
2.94154724 0.0877544521 1.36191263 102 107 123
1.59919935 -1.71008634 1.57200364 0 0 0
5.14660832 -0.301532887 1.14014158 231 231 231
-0.814418372 -5.34437475 1.51376017 112 118 135
5.64293718 -1.2927731 1.29887329 130 130 130
-0.689288145 -5.55136211 1.61270394 110 115 132
5.66904019 -1.34808567 1.34958114 130 130 130
-0.71916287 -5.53942228 1.60637866 112 118 135
5.66941364 -1.34801297 1.34959264 130 130 130
-0.494123271 -1.82363198 1.18024906 29 29 29
1.94067328 -0.0777772992 0.894576745 0 0 0
2.21166085 -0.84284467 0.788186529 0 0 0
1.72802512 -1.66544827 0.515675279 113 119 136
2.00196063 -0.224364674 0.804338483 0 0 0
1.99525221 -1.68785215 0.963009832 231 231 231
4.77856824 -1.81479366 1.46430448 231 231 231
2.65100449 -0.852236298 0.821663666 111 116 133
2.65458248 -1.69667286 1.00131388 231 231 231
1.77354013 -1.70776628 0.511064991 113 119 137
2.86270854 0.134183088 1.3559414 89 93 107
-0.0155479563 -2.66716416 1.56263503 0 0 0
2.89409539 -1.35998854 1.32641483 231 231 231
3.12870022 -1.45094264 1.31608449 68 72 83
2.7152082 -0.932580717 1.12491485 130 130 130
2.7152082 -0.932580717 1.12491485 130 130 130
1.52678909 -1.70126443 1.49834253 130 130 130
3.99724153 -0.561804408 1.12339918 0 0 0
3.25849458 0.203708762 1.31565586 59 62 72
2.78434363 -1.5974762 1.31851611 231 231 231
2.78434363 -1.5974762 1.31851611 231 231 231
-0.791497221 -5.40310922 1.70388734 59 62 72
1.3990394 -1.6958376 1.63691136 130 130 130
6.04093787 -1.62565487 1.10948657 0 0 0
4.00943497 -1.63309444 1.47266587 59 63 73
1.96253551 0.00385323317 0.942355064 0 0 0
2.7259293 -1.12695409 1.12669917 130 130 130
6.1104976 -1.64240307 1.05971458 231 231 231
0.744657886 0.703523703 1.58702171 140 140 140
1.37569309 0.787113561 0.892912403 124 124 124
1.94030796 -0.0769231395 0.895885083 0 0 0
0.802853556 0.757036087 1.71685648 140 140 140
0.565312127 0.625161343 1.14564667 57 57 57
1.54912181 0.509569131 0.862438647 0 0 0
0.456678216 0.79101279 2.01040597 0 0 0
-0.627327415 2.46200363 1.74673341 0 0 0
0.413101858 0.730994961 1.97804901 231 231 231
0.413629789 0.731530064 1.97864793 231 231 231
1.98639868 0.0901033017 0.879968793 0 0 0
0.664014299 0.700994926 1.60732512 0 0 0
1.99670063 -0.0795637719 1.03998603 0 0 0
2.01619749 0.082437578 1.03414521 0 0 0
0.0820285372 -0.350867351 1.65759593 0 0 0
0.784317578 0.706777368 1.51913744 0 0 0
5.99854612 -0.210283867 1.26936333 0 0 0
0.78710691 0.707586144 1.68125497 0 0 0
5.93691885 -0.0995119591 0.175449654 231 231 231
1.06017056 0.765961284 2.00413894 57 57 57
3.96043028 -0.505590514 1.12984165 0 0 0
5.62356927 0.418770501 1.50479681 59 62 72
-2.83521232 -0.157214757 2.63395281 0 0 0
0.684576591 0.706938696 1.59365789 0 0 0
5.47280599 0.532450807 0.922985377 5 5 5
1.102961 0.730771872 0.872624701 231 231 231
1.102961 0.730771872 0.872624701 231 231 231
1.17337913 0.778513217 0.885683085 6 20 43
0.99502391 0.765846488 1.04895665 0 0 0
1.96436266 0.624589054 0.83595909 59 62 72
2.10718785 0.868501188 0.84486175 0 0 0
5.99821035 -0.0173424956 0.0437397531 60 63 73
4.11566065 -0.0978818313 0.963160768 231 231 231
4.10702087 -0.0980460064 0.965218997 231 231 231
-2.11174758 -1.12391954 1.22811163 235 235 235
4.16641007 -0.396259277 1.1060151 209 209 209
0.989569078 0.756689424 1.97961974 0 0 0
6.0273003 -0.476866051 1.35316145 59 62 72
1.91634455 -1.73264447 0.513921368 231 231 231
3.35580454 -1.23582564 1.19481302 59 62 72
2.66052955 -0.993890781 0.986751628 130 130 130
4.31574688 -1.58585813 1.46591117 59 62 72
-2.09196959 -1.58077281 1.19500961 127 127 127
-3.91739875 -1.03393842 -0.285002763 107 107 107
2.21501346 -0.203989269 0.808225034 0 0 0
3.04362548 -0.22914428 0.830388242 59 62 72
6.07633294 -0.275380067 1.41620496 231 231 231
-2.16832008 -1.12389552 1.22719833 0 0 0
2.65206578 -1.06808202 0.987130877 130 130 130
1.53283053 -1.70788564 1.49711729 130 130 130
1.4862681 -1.69631801 1.54103861 130 130 130
5.88271168 0.18201707 1.39502691 59 62 72
2.44838181 -1.75029359 0.864113191 8 8 8
2.66843129 -1.05871589 1.02042394 0 0 0
6.17259836 -0.731091327 0.171027593 25 25 25
4.72024455 -0.494327457 0.282723641 83 77 74
1.5130626 -1.71135122 1.47615331 0 0 0
0.4538115 -4.7256365 1.66234178 0 0 0
0.0945053879 0.706446993 0.361195477 141 141 141
0.453761207 -4.72602031 1.66218309 0 0 0
0.0930998607 0.704733892 0.362349381 141 141 141
-0.846457129 -5.32900601 1.60755942 73 76 88
-0.776329691 0.578422687 1.34865854 124 124 124
-0.745478887 -5.32814091 1.76251315 99 104 119
1.94923711 0.567968496 0.825587376 59 62 72
-3.75113213 -2.06270225 0.530886267 0 0 0
1.9842449 0.457428668 1.00448065 130 130 130
0.35639887 -4.81278639 1.62738766 228 228 228
0.0232349069 0.701495794 0.474594511 0 0 0
0.35639887 -4.81278639 1.62738766 228 228 228
-0.0368078452 0.808082141 0.911340614 57 57 57
-0.530773969 -5.05481621 1.39783378 84 89 102
-0.548613806 0.573221229 1.11351844 124 124 124
-0.879737012 -5.36665377 1.34274593 94 99 114
-0.523430372 -5.0544627 1.44923466 92 97 111
0.621108133 0.762318198 0.912009726 9 11 14
-0.903697256 -5.3631565 1.40466785 84 88 102
-1.05432434 -1.45733299 1.88359389 20 36 64
-0.966353769 0.575053511 1.68888109 4 15 41
-0.121176355 -2.59374407 2.43199802 57 57 57
-0.966353769 0.575053511 1.68888109 4 15 41
-1.39567162 5.796887 2.36869078 0 0 0
-0.973347537 0.576512414 1.69954159 124 124 124
-0.390241807 -2.16916652 2.37676033 57 57 57
-0.973347537 0.576512414 1.69954159 124 124 124
-0.390241807 -2.16916652 2.37676033 57 57 57
-0.975462952 0.581916555 0.960770175 124 124 124
-0.934241003 -5.32162018 1.39151473 69 73 84
0.0576483985 0.706820816 0.439442803 141 141 141
-0.923013179 -5.31757042 1.4377889 72 75 87
0.0576483985 0.706820816 0.439442803 141 141 141
-0.555095961 -1.74733055 1.19193008 29 29 29
-2.64602917 0.553440356 1.04857708 66 69 80
-0.935914846 0.576600112 1.32532502 112 118 124
-0.277955316 -2.41273166 2.03017173 0 0 0
-0.965607019 0.57746307 1.35565246 12 90 38
-0.284218655 -2.42404403 2.08985545 0 0 0
-0.496326352 0.579181462 1.32160375 115 119 124
0.272555692 -4.78924409 1.69963216 228 228 228
1.23882756 0.764991176 0.887447067 31 53 58
-0.720460526 -5.32254815 1.73715087 110 116 133
1.95054128 0.422178306 0.926432375 130 130 130
-3.11339646 -0.999144942 0.506872263 0 0 0
1.96307428 0.392668506 0.955762895 130 130 130
-3.13142564 -1.08057021 0.526267034 0 0 0
1.96307428 0.392668506 0.955762895 130 130 130
-0.342145075 -2.25349114 1.89241027 141 141 141
1.9587134 0.422605113 0.98126239 0 0 0
-0.306912287 -2.35908401 1.96434076 141 141 141
1.96642198 0.481236087 0.953679873 130 130 130
-2.5761995 -0.128109904 1.39708589 0 0 0
2.00830703 0.759256107 0.912247095 123 123 123
-3.20360468 0.478963479 1.12061449 231 231 231
1.97593521 0.475302995 0.980803294 0 0 0
0.0661577555 -4.62817772 1.38975262 121 127 145
1.98974412 0.481626456 1.00674423 130 130 130
-0.851918209 -4.34589818 1.00968036 97 102 117
2.10955113 0.756594393 0.914736701 123 123 123
0.400699268 -4.50619961 1.85540695 67 71 82
2.31780797 0.78608992 0.893913101 123 123 123
-0.711426568 -5.33690986 1.74942451 59 62 72
2.18568222 0.700507996 0.95313623 123 123 123
-0.546273179 -5.0516769 1.77760972 231 231 231
-0.845516164 0.584145963 1.60746993 13 32 62
-1.30594964 -0.902419833 1.09847039 111 112 114
-1.01131469 0.576802652 1.63305681 61 66 78
-1.0296753 -1.38396803 1.40909902 106 107 108
-1.01129783 0.576746926 1.63300427 61 66 78
-1.36917825 -0.856067317 1.52010904 112 113 114
-0.86567062 0.573236711 1.62554305 11 29 60
-0.525550156 -2.01398253 2.27337146 56 57 57
-0.869404302 0.580816856 1.63202243 50 56 73
-0.525550156 -2.01398253 2.27337146 56 57 57
-0.920502029 0.575021858 1.68775116 124 124 124
-1.16092029 3.1545955 2.32686353 40 40 40
-0.957760942 0.575669057 1.69366553 124 124 124
-0.406931913 -2.1436171 2.02272013 0 0 0
-0.981540077 0.574350216 1.68864694 4 15 40
-0.484174712 -2.40629804 1.36984634 5 5 5
-1.02449299 0.573763465 1.68160658 12 90 38
-0.444646512 -2.08399628 2.17093742 0 0 0
-1.02449299 0.573763465 1.68160658 12 90 38
-0.187372808 -2.57434093 2.41066529 57 57 57
-1.02414969 0.574771695 1.69072394 12 90 38
-0.486290297 -1.88142567 1.25955075 15 17 18
-1.02429764 0.573875075 1.70070427 12 90 38
-0.613418235 -4.95582448 1.57699437 89 94 108
-0.00850548422 0.702887798 0.266661515 141 141 141
0.425157355 -4.73318438 1.62563516 0 0 0
-0.762224679 0.57732527 0.900897836 124 124 124
0.313184539 -4.79599945 1.69028245 228 228 228
-0.787994458 0.577059577 0.90995976 80 82 87
-0.651034565 -5.37903094 1.62213202 112 118 135
-0.787994458 0.577059577 0.90995976 80 82 87
-0.0810016672 -4.39287578 1.65217701 67 71 82
0.137593963 0.703366688 0.415407193 141 141 141
0.186720811 -3.98499339 1.74643411 89 94 108
0.0674372851 0.716036088 0.40198006 141 141 141
0.12461362 -4.70911432 1.60487865 70 74 85
-0.727160177 0.5792308 0.952526308 12 89 38
0.370084516 -4.77156819 1.58437508 228 228 228
-0.728815659 0.587259894 0.957504663 124 124 124
0.334537927 -4.81312353 1.642168 0 0 0
-0.709810754 0.584513692 0.983899664 13 79 40
0.0797165088 -3.89604337 1.71023413 5 5 5
-0.709810754 0.584513692 0.983899664 13 79 40
0.0797165088 -3.89604337 1.71023413 5 5 5
2.28104981 0.749445325 -0.0358450826 231 231 231
0.496595872 -4.62932175 1.75163255 109 115 132
1.6048706 0.255178449 0.78486633 59 62 72
-0.512676837 -1.87073059 1.35237168 56 57 57
-0.709117533 0.578634792 1.34120954 124 124 124
-0.617146017 -1.82316037 2.21067666 57 57 57
1.94342371 0.362663264 0.897928213 0 0 0
-0.484673894 -4.91067176 1.33303029 117 123 141
0.434048548 -4.6314068 1.90185154 59 62 72
2.13683457 0.708385143 0.89792081 231 231 231
-0.495031056 -5.06082958 1.73739152 98 104 119
-0.944793441 0.575003491 1.60037939 96 99 104
0.0534393951 -2.97411892 1.51890306 0 0 0
-0.490585237 0.575273309 1.64005781 90 93 100
-0.398326295 -2.10352157 1.78167922 0 0 0
-0.491477779 0.574917356 1.64955312 89 92 99
0.282622296 -4.79994181 1.70306501 228 228 228
-0.89549752 0.575005493 1.6809809 124 124 124
0.0174106514 -4.55680955 1.52745681 109 115 132
-0.947151181 0.577683889 1.6948508 124 124 124
0.0624528544 -4.61149241 1.60962536 61 64 74
-0.941327648 0.576450022 1.69844996 4 16 42
-0.633899815 -4.81950904 1.37678167 109 115 132
-0.941327648 0.576450022 1.69844996 4 16 42
0.222325791 -4.79111719 1.86124183 112 118 135
-1.01853295 0.5752033 1.69611787 4 14 39
0.386035815 -4.53500333 1.91644876 73 77 89
0.742558768 0.701408927 1.64471812 140 140 140
-1.22901858 -4.17639554 1.28110715 83 77 74
0.68595516 0.700982878 1.64679766 140 140 140
-0.180987051 -2.5909888 2.3393871 57 57 57
0.68595516 0.700982878 1.64679766 140 140 140
0.405492086 -4.78341241 1.61834601 0 0 0
-0.794234729 0.572289212 1.07629178 109 109 109
0.0821041383 -4.61236492 1.33967218 96 101 116
-0.477894477 -4.97122464 1.28748954 92 97 112
0.725870511 0.767364191 1.01540727 57 57 57
0.540603807 -4.61039889 1.67406252 69 73 84
0.723032986 0.765950808 1.01617807 57 57 57
-0.433322047 -2.15049277 2.10827352 0 0 0
0.569623227 -4.53232646 1.66225517 92 97 111
0.308248905 0.760954775 0.97010003 57 57 57
0.190661152 -4.79804973 1.61893912 61 64 75
0.173716105 -4.79409028 1.62969063 92 97 111
-0.433312591 0.588986859 1.58730835 17 33 62
0.0873710563 -4.64443236 1.49295816 100 105 120
-0.755363596 0.575494439 1.62671984 12 31 62
-0.518580606 -5.03774085 1.44278031 92 97 111
0.782252792 0.728765359 1.4755599 140 140 140
0.361741321 -4.52325789 1.90884508 99 105 120
0.161651547 -4.7331913 1.88184592 111 117 134
-0.893360614 0.575478192 1.52009391 34 45 64
-0.475126538 -5.14760637 1.82369346 81 85 98
0.0676285016 -3.91980998 1.68427998 5 5 5
-1.29871321 2.99601176 2.33705696 0 0 0
-0.688313085 0.568255923 1.26184821 124 124 124
-1.29871321 2.99601176 2.33705696 0 0 0
0.0918098666 0.77512021 0.93770194 57 57 57
-0.447694465 -5.10711556 1.37579397 94 99 114
0.164927837 0.713272558 0.459978095 0 0 0
0.103169752 -4.68579814 1.70720492 90 95 109
-0.039836054 0.758167463 0.920059763 9 11 14
0.447571429 -4.64998259 1.88039866 111 117 134
0.759819871 0.711069047 1.53418246 0 0 0
0.450002066 -4.61869338 1.87570301 59 62 72
0.631671025 0.692498905 1.5337524 0 0 0
-0.669323388 -4.83198538 1.48834953 89 94 108
0.655685212 0.684107723 1.56247865 140 140 140
-0.280763671 -4.02913263 1.35648779 100 105 120
0.657018823 0.688814301 1.56271101 140 140 140
-0.280763671 -4.02913263 1.35648779 100 105 120
0.786689767 0.724172463 1.61124943 0 0 0
-2.0480784 -4.28019249 1.61774294 130 130 130
-0.423408835 0.585638868 1.6995986 2 7 28
0.528771802 -4.59736489 1.69419192 72 75 87
0.27556278 0.762041145 0.91740864 9 11 14
0.173617379 -4.76662492 1.60713668 92 97 111
0.237497469 0.765433165 0.871155454 9 11 14
0.450089707 -4.68840175 1.72220357 228 228 228
-0.661792801 -4.80438044 1.3809764 106 111 127
0.968341186 0.769870017 0.853612554 29 30 30
0.562400797 -4.5615661 1.8596768 103 109 125
0.725221874 0.767598481 0.911584309 9 11 14
0.186103719 -4.77122464 1.90062814 87 91 105
1.11217284 0.754508087 0.898127112 1 1 1
0.482844679 -4.39013636 1.93242681 115 121 139
0.0987733931 -3.84460201 1.66423006 5 5 5
-0.466140124 0.577645948 1.6259329 49 51 58
-0.0194409663 -3.8877921 1.73435986 5 5 5
0.766177438 0.707737469 1.55411454 0 0 0
-0.173681152 -2.60026567 2.4219927 57 57 57
0.955594909 0.754152447 -0.0454507304 231 231 231
-0.173681152 -2.60026567 2.4219927 57 57 57
-0.940952385 0.577061333 1.14493771 11 82 39
-0.0226928529 -4.51903722 1.45903815 110 116 133
-0.941000781 0.58145781 1.17475891 12 85 38
0.11320927 -4.69380198 1.8339824 102 107 123
-0.526981999 0.580704439 1.14558868 124 124 124
-0.267779722 -2.41520941 2.33315797 57 57 57
-0.549616272 0.574831837 1.15192221 124 124 124
0.529767374 -4.39384408 1.90731982 57 57 57
-0.537008293 0.58297976 1.16264299 34 41 56
0.529767374 -4.39384408 1.90731982 57 57 57
-0.96575145 0.577164836 1.35542156 12 90 38
0.116021541 -4.70409025 1.72308674 90 95 109
0.581942933 0.760736714 0.870700795 9 11 14
0.55328669 -4.55147668 1.83365602 62 66 76
-0.738346512 0.572850331 1.36698974 124 124 124
0.578634912 -4.56506451 1.7681006 113 119 136
1.12901365 0.743526336 0.870608388 231 231 231
0.343526796 -4.48973415 1.88675886 59 62 72
-0.450802109 -1.94829499 1.31610667 57 57 57
-0.856504111 0.577679295 1.60871913 13 31 62
0.166381751 -4.80254413 1.80735935 62 65 75
-0.871309266 0.574120061 1.61815197 60 68 84
0.474927085 -4.38640955 1.9094043 105 110 127
-0.481698008 0.580726531 1.65867972 0 0 1
0.548246844 -4.52061615 1.82519637 62 66 76
-0.567620093 0.574928657 1.66189347 102 106 111
0.18023381 -4.78471826 1.88429853 77 81 94
-0.88514287 0.575917168 1.70221221 124 124 124
-0.258010523 -4.08783939 1.57883436 90 95 109
-0.891052115 0.575506218 1.69649899 4 17 44
0.0295233017 -4.55430409 1.44197339 61 64 75
-0.891052115 0.575506218 1.69649899 4 17 44
0.212956903 -4.7860798 1.85049835 112 118 136
-0.898369648 0.576735493 1.70233592 124 124 124
0.212956903 -4.7860798 1.85049835 112 118 136
-0.898369648 0.576735493 1.70233592 124 124 124
0.374014303 -3.64977201 1.80457777 59 62 72
-0.443751048 0.576108065 1.71800333 68 73 86
-0.422866628 -1.9996547 1.26539178 29 29 29
1.10277104 0.706083611 -0.00085517352 43 41 41
0.399071769 -3.6049961 1.72563502 98 104 119
0.134206472 0.699086749 0.449401426 141 141 141
0.136142489 -4.62896303 1.86327127 73 77 89
0.134206472 0.699086749 0.449401426 141 141 141
0.128226238 -3.81796109 1.73331137 102 107 123
-0.938326504 0.578492538 1.12328682 11 84 39
0.0799834992 -3.72939467 1.73873808 29 29 29
-0.938326504 0.578492538 1.12328682 11 84 39
-0.668787996 -4.71385434 1.2701824 110 115 132
-0.929450195 0.581037777 1.26890349 124 124 124
-2.09599923 -3.90160316 1.35040779 105 106 109
0.205657565 0.763987556 0.847961782 29 30 30
-1.98380541 -0.168711857 0.828928398 99 104 120
0.0899632168 0.764390892 0.848670731 29 30 30
-0.9840076 -4.31540916 1.25753627 98 104 119
-0.51357022 0.5790234 1.14989195 17 70 43
0.0213522858 -3.96353261 1.7359603 98 104 119
-0.523607481 0.578095645 1.15840365 124 124 124
-2.0459228 -3.87184617 1.20633398 231 231 231
0.737365245 0.769140238 0.86218019 9 11 14
-0.843097902 -4.27599196 0.927716418 117 123 141
-0.736609752 0.573853048 1.63429127 60 65 80
-1.84096159 -0.0400093401 0.741381893 115 121 138
-0.807139607 0.575612221 1.63142705 93 96 103
-0.856879186 -4.3219531 0.860886329 92 97 112
-0.439624125 0.577756872 1.61985923 102 105 111
-0.406770383 -5.14789227 1.74060087 59 62 72
-0.439624125 0.577756872 1.61985923 102 105 111
-3.7704804 -1.24968355 0.0756021719 231 231 231
-0.871168478 0.57476944 1.68173381 124 124 124
-3.12622811 -1.2302783 0.487156641 0 0 0
-0.878239312 0.574461547 1.68712854 4 17 44
-1.87431249 0.634225785 0.722272757 6 19 42
-0.882215807 0.574308932 1.68075778 124 124 124
-1.48798192 3.61461823 2.29670206 0 0 0
-0.783257748 0.577229698 1.33494496 12 88 38
-1.48798192 3.61461823 2.29670206 0 0 0
-0.783257748 0.577229698 1.33494496 12 88 38
-0.858339195 -4.31698142 0.858631424 92 97 112
-0.70083841 0.577730921 1.33469969 12 87 38
-0.853619416 -4.24199098 0.863480326 60 64 74
-0.770907891 0.577388137 1.36391967 11 87 38
-0.470932497 -5.07693828 1.65958951 89 94 108
-0.742155113 0.57690287 1.37606336 12 90 38
0.370482321 -3.63208521 1.75456901 105 110 127
-0.492298757 0.577635511 1.34359913 124 124 124
-0.928983771 -4.31171449 0.809217057 94 99 114
-2.7647187 0.779045496 1.08230993 75 79 92
0.670062534 0.695449046 1.57776906 0 0 0
-0.306912287 -2.35908401 1.96434076 141 141 141
0.668880602 0.694250053 1.57790681 0 0 0
-0.828443476 -4.26216893 0.925902219 59 62 72
0.689834485 0.705275616 1.61153892 140 140 140
-0.865611309 -4.30227553 0.859989115 93 98 112
0.657596023 0.702220569 1.59164217 140 140 140
-0.474713431 -5.01313938 1.52834445 79 83 96
0.656013609 0.700643773 1.59089825 140 140 140
-0.803190469 -4.290752 0.972360697 59 62 72
-0.472628948 0.577685425 1.68377279 81 83 90
0.429241384 -3.65234121 1.73244686 99 105 120
-0.866262793 0.573828217 1.6970657 4 17 44
0.388593213 -3.6837968 1.78102575 59 62 72
-0.629997155 0.578030638 1.54948857 111 113 115
0.388593213 -3.6837968 1.78102575 59 62 72
-2.18461559 0.386001082 1.97993686 231 231 231
-0.556388945 0.576584533 1.62528319 5 6 11
-1.06343985 -4.43942586 1.34586827 84 79 75
-0.587337642 0.57613319 1.64598303 88 99 98
-0.957118423 -4.39632527 1.35426367 85 79 75
-0.925697643 0.57701546 1.27848829 108 108 111
-0.957118423 -4.39632527 1.35426367 85 79 75
-0.247027389 -4.12752945 1.69356648 102 107 123
-0.762890677 0.576790901 1.42860195 65 68 76
-0.885569795 -4.27538746 0.93489998 59 62 72
-0.762983053 0.575580817 1.42914669 65 68 76
-0.8784735 -4.19037587 0.899193764 59 62 72
-1.02257722 0.577690808 1.60061439 47 54 72
-1.0201041 -4.51965578 1.39482107 231 231 231
-0.992871107 0.575601933 1.63271736 82 84 93
-1.2379546 3.91435019 1.03580747 0 0 0
-0.992871107 0.575601933 1.63271736 82 84 93
-3.2467752 -2.35428251 1.01492754 231 231 231
-0.957678806 0.576006282 1.63267386 31 42 65
-3.26097865 -2.3427801 1.00965877 231 231 231
-0.55737117 0.575855862 1.63770097 100 107 109
-1.03569753 -4.05159061 0.85153051 110 115 132
-0.966786767 0.57681804 1.13884999 124 124 124
-0.465061915 -5.18645533 1.77802218 113 119 136
-0.710646946 0.575785479 1.43032335 93 95 101
-0.404808376 -5.1494928 1.74227382 59 62 72
-0.893840555 0.575833902 1.61637834 81 85 93
-0.427010497 -5.16833177 1.82338841 66 70 80
-0.902132187 0.575824793 1.63245859 80 83 93
-0.425029793 -5.16957305 1.82500245 66 70 80
-0.902132187 0.575824793 1.63245859 80 83 93
-1.20359214 2.13465441 -0.0633726922 0 0 0
-0.968486833 0.57546939 1.63292355 70 75 85
-0.436232333 -5.19655486 1.7873273 113 119 137
-0.436232333 -5.19655486 1.7873273 113 119 137
-2.61856827 -3.38296796 1.04542329 231 231 231
-1.42938359 4.655344 1.1234184 0 0 0
-0.967792934 1.95198791 1.33070693 0 0 0
-1.10379628 2.59042944 1.30479734 0 0 0
-1.55797152 2.71977746 -0.316673692 57 57 57
-1.43106579 3.91171183 1.21377286 0 0 0
-1.79053186 1.62081709 1.95853728 158 158 158
-3.13005495 -2.05488689 0.370660599 231 231 231
-0.601415429 4.42314625 -1.03134098 0 0 0
-1.25564216 -2.18190377 0.175608133 234 234 234
-2.62498679 -0.48432031 1.90104717 231 231 231
-2.09599923 -3.90160316 1.35040779 105 106 109
-3.22530109 -2.33562943 0.766345807 231 231 231
-2.00945928 0.536341789 0.827236804 6 19 42
-2.00945928 0.536341789 0.827236804 6 19 42
-2.26858577 -3.77254544 1.67993772 6 20 47
-2.24395767 -3.79170485 1.68593773 6 20 47
-3.13005495 -2.05488689 0.370660599 231 231 231
-1.96148796 0.359644729 0.127809845 0 0 0
-2.93088581 -1.97858503 0.741395491 66 70 81
-1.47313304 -0.713353953 1.96438751 106 106 107
-3.20867992 -2.19269597 0.810685687 74 78 90
-1.36395718 2.1987551 -1.44013152 143 143 143
-2.27786927 -3.70397331 1.47731899 95 98 98
-3.07898262 -0.501390999 1.24546557 183 183 183
-1.23210887 1.88736756 -0.945309618 0 0 0
-1.92275739 1.32209596 1.37872917 91 96 107
-4.59060707 -0.0981185088 1.89272199 57 57 170
-2.17639873 0.683939081 0.411083688 106 106 106
-2.27481408 -3.71392881 1.65887396 22 33 56
-1.06414345 4.31703516 -1.72166172 4 5 7
-1.95163362 0.198725197 1.14283042 231 231 231
-1.34307094 3.20716506 -0.63853498 35 35 35
-2.26037502 0.358083309 1.95803149 231 231 231
-1.72523588 2.21553076 -1.07007659 111 111 111
-2.23515623 -3.72122778 1.2221218 101 101 101
-1.53958374 1.58480695 0.238515922 231 231 231
-2.52053916 -1.84442592 0.834399697 197 197 197
-2.52053916 -1.84442592 0.834399697 197 197 197
-2.21780837 0.594525067 0.65523893 112 118 135
-2.56042251 -1.84886572 1.04525327 0 0 0
-2.54366672 0.0758125488 1.13018105 56 59 69
-2.49106844 -0.12525743 0.658108676 228 228 228
-2.44957915 0.196083445 0.855134891 0 0 0
-1.04323072 -1.19837394 0.725402583 73 77 89
-2.19834739 0.717901744 0.244605089 106 106 106
-1.39728136 -1.3740653 0.678819181 0 0 0
-1.95241482 1.50938711 -1.60211188 87 81 78
-0.431140813 6.12897984 -2.94093367 6 20 42
-1.26686686 3.50555975 -1.00184205 9 11 14
-1.97918681 1.34131893 0.614787214 124 124 124
-1.53824886 -1.43049089 0.964132243 231 231 231
-2.60809944 0.0425817421 0.753050758 228 228 228
-2.49410172 0.116180446 0.97296927 110 116 133
-0.0920411858 -1.67557688 0.982301648 0 0 0
-1.81600462 2.15932119 -2.11196794 231 231 231
-1.89463143 1.94462428 -1.73819828 5 5 5
-0.212859672 7.15924304 -3.61807799 7 21 43
-2.12251544 0.655063605 0.929386325 0 0 0
-2.15073117 -0.186157555 0.636308011 0 0 0
-0.698170376 5.05428822 -1.49462017 57 57 57
-2.91121864 -1.05117454 0.0663706079 0 0 0
-1.78622375 1.71320727 0.105122481 5 5 5
-2.13189823 0.882846691 1.04984714 142 142 142
-1.28347425 1.72157527 -0.00448224079 24 25 25
-2.81223885 -0.958411353 0.691862828 67 67 67
-3.14067237 -2.0631886 0.733937893 67 71 82
-1.52725362 3.67913063 2.3136251 57 57 57
-2.61859982 0.139166721 0.94797207 111 117 134
-2.12864713 0.833989685 2.15641682 5 5 5
-4.07039249 -0.831464959 2.12839932 231 231 231
-3.16754195 -2.33816092 0.846486678 231 231 231
-5.49683488 0.252229522 0.982901859 200 200 200
-2.8798224 -2.88515421 1.20154141 34 34 34
-5.14390569 -0.840446021 1.11225923 231 231 231
-2.44181973 1.74601795 1.97234288 105 105 105
-2.39120939 0.37144003 2.39797153 231 231 231
-2.22849093 0.378597178 1.94399796 231 231 231
-3.20801945 -1.27757882 1.14246304 87 92 106
-2.45042451 0.319467214 2.25528667 3 3 3
-3.1296491 -0.158028602 1.26930987 109 114 131
-1.94884166 0.207081162 0.760033186 0 0 0
-2.61578698 -0.131452608 0.912279664 228 228 228
-1.90327259 0.644060333 0.816642819 141 141 141
-3.48848201 -1.57431704 1.2170439 2 2 2
-2.08125456 0.381756949 0.761104821 104 109 125
-1.95567591 0.711119319 1.1150931 141 141 141
-2.94947234 -0.174404919 1.25089451 231 231 231
-2.80394396 -0.933644955 0.69823679 67 67 67
-2.03737518 0.274257743 1.06979155 231 231 231
0.381216536 -5.29964956 2.40931579 58 58 60
-4.62976708 -0.930546351 1.21099085 70 70 70
-1.19038013 3.82924979 0.917293699 0 0 0
-1.19038013 3.82924979 0.917293699 0 0 0
-3.64085259 -1.22104326 0.79387813 59 62 72
-2.09420279 0.215521808 1.55595455 2 2 2
-3.65242487 -1.22690095 0.788896053 59 62 72
-2.09420279 0.215521808 1.55595455 2 2 2
-3.346307 0.424739668 1.24387165 231 231 231
-1.4849272 2.67303585 2.19113763 0 0 0
-2.27730683 0.620264542 2.47616107 231 231 231
-3.66907955 -1.2590069 0.807959773 106 112 128
-2.27730683 0.620264542 2.47616107 231 231 231
-3.76286725 -1.81838086 1.23878982 2 2 2
-2.71000609 0.243214671 2.44258971 5 5 5
-3.18900983 0.618171106 0.943654142 94 99 113
-4.13464706 -0.918185042 2.26254533 231 231 231
-2.76492892 -0.169113719 1.09154075 79 77 77
-4.13464706 -0.918185042 2.26254533 231 231 231
-3.12492402 -1.09211245 1.1023627 0 0 0
-1.03402568 6.16259734 2.44554683 0 0 0
-1.03402568 6.16259734 2.44554683 0 0 0
-3.25757144 0.199455162 0.825013751 64 67 78
-1.94048315 0.662917614 1.66413526 98 99 100
-5.44142812 -0.716521218 1.13633571 231 231 231
-2.04599904 -0.219472454 0.440491303 0 0 0
-0.152234995 -3.57453256 1.64977721 0 0 0
-3.06013375 -2.64025776 0.878039905 231 231 231
-2.89985823 -2.86314665 1.06362613 100 100 100
-2.8798224 -2.88515421 1.20154141 120 120 120
-2.00456458 0.981598544 0.559476384 112 113 115
-2.00327054 1.03337194 1.43817703 93 99 110
-1.06514752 -1.49279069 0.423106955 154 154 154
-1.85201353 1.81710752 2.18682942 57 57 57
-1.85201353 1.81710752 2.18682942 57 57 57
-2.1566165 0.841805672 2.07509864 231 231 231
-2.83060566 -2.93782396 1.00601987 130 130 130
-3.0583636 -1.98148494 0.417361962 0 0 0
-2.99051509 -1.29992782 0.761352458 0 0 0
-3.01790034 -1.25951575 0.746512186 0 0 0
-3.82713602 -1.26889772 0.808357176 231 231 231
-3.39296571 -1.80085688 0.906576481 231 231 231
-1.7788088 1.3920093 2.01406059 57 57 57
-2.90049744 -2.83688104 1.05996242 0 0 0
-0.278488009 0.707136031 0.896482226 231 231 231
-2.82540763 -2.95235007 1.13765044 0 0 0
-2.90456003 -2.83826443 1.14706969 0 0 0
-3.80996892 -2.15058554 0.84414172 0 0 0
-1.47149381 4.77010996 1.31612569 0 0 0
-2.12632732 0.499752607 1.98260002 231 231 231
-4.09262696 -0.691568023 2.36082806 231 231 231
-0.785822722 -1.76626721 -0.0235358938 231 231 231
-3.74242323 -2.166619 0.719780569 130 130 130
-3.83280111 -2.06478722 0.804255641 0 0 0
-3.76746629 -2.18169351 0.825110197 0 0 0
-1.8472917 0.67433114 0.878037772 111 112 115
-3.04420389 -1.48027067 0.614563263 197 197 197
-3.62877848 -0.843127664 0.487031526 197 197 197
-3.82530265 -2.10545467 0.810424268 130 130 130
-3.82530265 -2.10545467 0.810424268 130 130 130
-0.443638527 0.81110582 -0.131414555 231 231 231
-2.53595297 0.650158289 1.10586118 100 105 121
-0.520193247 0.601979955 1.11197881 0 0 0
-4.06998968 -0.717213279 1.5055482 4 5 7
-1.3993065 3.3241704 2.39206846 0 0 0
-0.958547938 -0.911422086 1.01596748 197 197 197
-1.3993065 3.3241704 2.39206846 0 0 0
-0.592732857 4.0316245 -1.03165808 0 0 0
-3.65999549 0.77900536 0.902148664 231 231 231
-3.80505057 -1.82730524 1.15128756 2 2 2
-1.3825002 4.57476434 1.36907026 0 0 0
-3.77070971 -1.84246895 1.17254791 2 2 2
-1.3825002 4.57476434 1.36907026 0 0 0
-2.57650901 0.142246831 1.20621869 73 77 88
-3.07637073 -1.5475498 1.17529496 115 115 115
-2.1865194 0.670033757 1.91766844 105 105 105
-2.59368713 -0.239161473 0.86574849 87 81 77
-2.23190493 0.156425798 2.15078755 5 5 5
-3.66339474 -1.8054882 1.30423898 2 2 2
-2.3191197 0.181733639 1.24998697 73 77 89
-3.11902881 0.192307631 0.826172881 0 0 0
-3.31102031 -2.0404923 0.477308096 84 89 102
-3.04285747 0.145708657 0.977287767 84 88 102
-3.31518388 -2.03686608 0.474967102 84 89 102
-1.22194311 2.52640557 0.877560199 0 0 0
-3.72358259 -1.37906905 0.058997654 231 231 231
-3.88291333 -1.20541208 0.979237453 231 231 231
-2.61905428 0.148243265 0.963113678 109 114 131
-1.40007609 3.96084701 1.56119156 142 142 142
-2.32255326 -1.04506188 1.22799692 0 0 0
-1.40007609 3.96084701 1.56119156 142 142 142
-3.0212029 -0.991483406 1.0165626 116 122 140
-4.19849478 -1.06910549 2.28094446 231 231 231
-1.87572697 0.289066527 -1.3864408 235 235 235
-3.75090878 -1.29213387 0.839872256 231 231 231
-2.13078537 0.369167952 1.25554798 231 231 231
-2.96624095 0.00243173786 1.2697893 231 231 231
-2.56552189 0.225451568 0.637668704 0 0 0
-0.850258477 -5.57621779 1.49717548 228 228 228
5.45816388 -1.10432726 0.915372557 59 62 72
-1.22642986 3.60158402 1.04959356 142 142 142
-0.987950716 0.578807961 1.27673554 57 61 71
-2.66973636 -1.92215356 0.832810804 197 197 197
-1.56991752 0.588216064 1.28176989 18 23 23
5.70609696 -1.32455907 1.34873094 130 130 130
-1.19402261 3.62288371 1.09652201 0 0 0
-1.01389614 0.575320029 1.26233616 102 103 107
5.72863481 -1.46221456 1.47910083 8 8 8
-1.20620351 3.55542799 1.15658992 0 0 0
-3.83671656 -1.08183258 0.0422632703 108 106 106
-1.20416412 3.55404285 1.15653078 0 0 0
-3.75191711 -2.15674914 0.699481802 0 0 0
-0.549874349 -5.05469412 1.77637782 231 231 231
1.54875455 -1.67166242 0.47864467 59 62 72
-3.08143389 -1.40103696 0.828505533 0 0 0
-1.51340102 0.58978295 1.30283369 11 13 14
-3.72208917 -0.295800257 -0.367495694 0 0 0
-1.11867152 -1.15909439 0.542690383 59 62 72
-2.6781188 -0.0446481862 1.36904467 231 231 231
5.8630692 -1.16847105 1.31412874 231 231 231
-1.88262594 1.54422737 1.97227178 158 158 158
-1.29373438 0.582718833 1.13036923 143 143 143
6.12945874 -0.668643189 1.38709392 231 231 231
-3.20634389 0.153801161 2.44632595 136 138 141
-0.983096603 0.575987962 1.60861236 9 26 57
-3.26024804 0.0589437962 2.44124733 136 138 141
3.95633298 -1.63553722 1.48074051 104 110 126
-2.49512683 -0.12127237 0.6609464 228 228 228
-3.73757092 -0.671708854 0.485083164 0 0 0
-1.11830801 -0.98392628 0.664395555 130 130 130
-3.06660661 -1.33837912 0.800450115 197 197 197
4.55122223 -1.57347116 1.37515789 59 62 72
5.65449682 -1.36499431 1.36659693 60 60 60
-3.06660661 -1.33837912 0.800450115 197 197 197
-3.37220034 -0.772073378 0.601160643 0 0 0
-1.53779873 1.58237477 0.237765669 231 231 231
5.43595105 -1.43182062 1.1823462 0 0 0
-2.84615174 -0.0457808733 1.06544465 70 74 85
-3.11491528 0.229893456 1.00205751 79 83 95
4.82248999 -1.46207303 0.904500508 59 62 72
-2.14282134 1.48972303 1.54734823 52 59 76
-1.69225597 0.576647454 1.16288871 50 58 58
5.56480282 -1.33895817 1.53992166 231 231 231
-2.33397081 0.311369068 1.96782081 231 231 231
-0.960448253 0.575800129 1.61686304 90 93 99
-3.10449714 -0.196097534 2.33538586 231 231 231
3.85213575 0.5388491 1.30406785 86 91 105
6.16178392 -0.707092506 1.32864878 0 0 0
-3.07349435 -1.26223228 0.677124297 0 0 0
-1.00294876 0.575694824 1.60059162 86 89 96
-2.12110865 0.523747902 0.50098711 0 0 0
6.02952553 -1.17629134 1.35221701 0 0 0
-2.57725388 0.090352722 0.812220677 0 0 0
-1.02101857 0.575342268 1.6173771 85 88 96
-1.8093128 1.73469976 0.189070785 6 6 6
1.98793538 -0.0422009209 1.0057306 130 130 130
-1.30749409 0.592474805 1.35632705 0 0 0
4.67173524 -1.11954403 0.821616734 112 118 135
-2.57725388 0.090352722 0.812220677 0 0 0
-1.02101857 0.575342268 1.6173771 85 88 96
-2.60960608 0.0746072116 0.827567393 228 228 228
4.0582228 -1.46232217 0.999919979 0 0 0
-0.697052367 5.83836497 2.8740879 57 57 57
-0.625709315 -6.14577314 1.64808515 231 231 231
-0.428663319 0.577617091 1.63323769 6 23 53
-2.65202443 0.306258584 1.09904624 69 73 85
4.01787768 -1.47607596 1.01006146 0 0 0
-1.98567028 0.726839259 1.14029794 141 141 141
-1.83559051 0.583232462 1.5139717 72 76 84
-0.625709315 -6.14577314 1.64808515 231 231 231
-1.1175294 -5.4834479 1.66619282 94 99 114
-1.26002994 0.578229462 1.12446606 0 0 0
-2.48882257 0.0551424096 0.822511441 228 228 228
-2.25406314 0.722154478 0.0336847541 0 0 0
4.34312528 -1.09206071 0.818266548 59 62 72
-2.00942158 1.03178979 1.14888735 106 110 115
-0.955154097 0.578834117 1.28461067 124 124 124
0.451565027 -5.1371325 1.42671557 117 123 141
1.9795601 0.499719232 0.98086672 0 0 0
-1.00000939 0.575871643 1.2703895 124 124 124
3.95096685 -1.52903318 1.14039092 165 165 165
-1.98590322 0.710128929 1.2488076 45 47 48
-1.32680612 0.579588559 1.10720254 0 0 0
4.72533467 -1.14041588 0.830401416 59 62 72
-2.06438335 0.723373654 1.22615658 56 61 58
-1.31467291 0.57980392 1.15093952 143 143 143
-0.769388202 -6.23773171 1.18562306 231 231 231
2.05878611 0.0338143678 0.756377798 106 112 128
-2.49817141 0.0646494372 0.660930649 228 228 228
4.49174619 -1.68706291 0.939037046 231 231 231
-1.95549507 1.07938976 1.43660793 81 87 98
-1.31467291 0.57980392 1.15093952 143 143 143
-5.31410325 -0.859107058 0.938738094 177 177 177
5.28716411 -1.06204774 0.712412901 231 231 231
-2.7985702 -0.430357178 1.43900351 0 0 0
-2.58773128 0.630557585 0.6468385 98 103 119
0.555777885 -5.21479804 1.3844687 87 81 77
-1.01100233 -1.26615079 0.742641123 231 231 231
-0.970899655 0.575191131 1.08641559 124 124 124
5.17213682 -1.13234999 0.832666864 59 62 72
-1.20725206 3.88714951 1.4991957 0 0 0
-1.67542203 0.576968043 1.18002638 19 21 22
-1.17034116 1.59524513 -1.07793504 0 0 0
4.06714287 0.233345458 0.858977808 0 0 0
0.504820043 -6.05374915 1.75139674 236 236 236
-1.01100233 -1.26615079 0.742641123 231 231 231
-0.971527386 0.578905932 1.09256538 86 87 92
5.17746046 -1.13461733 0.829855949 59 62 72
-1.20725206 3.88714951 1.4991957 0 0 0
-0.994878767 0.575951051 1.50920707 81 87 100
-1.1844281 1.74319664 -1.01011986 0 0 0
6.15545105 -1.67290825 1.14275489 231 231 231
0.498534688 -5.99457656 1.75780355 0 0 0
-0.983016628 -1.19829115 0.925546685 59 62 72
-2.7256839 0.264282175 2.43138409 5 5 5
5.57830048 -1.33385107 0.84921713 59 62 72
-0.9665326 0.577143658 1.27863074 69 72 80
0.526616816 -5.76541595 1.74987893 236 236 236
-0.409138326 0.571575457 1.46426726 111 112 115
0.526616816 -5.76541595 1.74987893 236 236 236
-1.14268718 -1.11985932 0.599574347 130 130 130
-0.987950716 0.578807961 1.27673554 57 61 71
5.68534202 -1.29776607 1.37528063 130 130 130
-3.42017231 -0.180954941 2.35001901 136 138 141
-1.02069765 0.57623699 1.52630761 65 71 85
-3.6407534 -0.497605284 0.506176484 0 0 0
3.36552928 -0.807701412 0.813004507 59 62 72
-0.311369058 -6.41874766 1.43133661 166 166 166
-1.13070058 -1.04762492 0.635343456 0 0 0
-3.42017231 -0.180954941 2.35001901 136 138 141
-0.984065678 0.575753331 1.60014313 88 91 98
-0.795513305 -6.01759433 1.17432868 231 231 231
-1.10501218 -1.09900424 0.68240882 0 0 0
-1.01389614 0.575320029 1.26233616 102 103 107
5.21035946 -1.11487394 0.82970857 107 113 130
-2.47149187 0.493887069 2.65875522 231 231 231
-1.02212489 0.577559999 1.60077663 71 75 86
-2.43235004 0.164796686 0.63384942 106 112 128
3.93273545 -0.575466874 1.12397312 0 0 0
0.572050842 -5.88727885 1.74567792 0 0 0
-1.10471515 -1.09912425 0.682335206 0 0 0
-2.48143866 0.2569941 2.48803098 4 4 4
-3.48720551 0.668076406 1.30098904 231 231 231
0.531785451 -5.8145679 1.74489279 0 0 0
-1.07292689 -1.10088553 0.754192449 0 0 0
-2.48722767 0.264955662 2.489276 4 4 4
-5.28925896 -0.777907157 1.11758943 0 0 0
-3.30529298 -0.357756867 2.47770587 2 2 2
-5.31535732 -0.780576901 1.11467925 0 0 0
0.626277692 -5.93977092 1.77989379 0 0 0
1.7845331 0.62515349 0.778867992 107 112 129
5.68986535 -1.42033917 1.41052499 0 0 0
-2.86439873 -0.364624715 2.61163044 136 138 141
-1.6030698 0.584107964 1.21199427 56 63 63
-2.34658582 0.325386896 2.62619274 231 231 231
-1.67918458 2.45630364 -1.81456303 0 0 0
6.22848784 -0.644734638 1.46926631 0 0 0
-1.8278817 0.778939976 0.57892653 117 118 118
-0.926417982 0.561390058 1.51356381 67 74 87
0.582898207 -5.92480824 1.76640249 236 236 236
-0.122584297 0.653264276 0.64159932 5 5 5
-2.14388799 0.626769842 2.02593487 6 6 6
6.21193362 -0.646746002 1.47170088 0 0 0
-2.34658582 0.325386896 2.62619274 231 231 231
-1.69277433 0.585033305 1.1572415 56 64 64
0.584534643 -5.92475294 1.7668022 236 236 236
-2.14484049 0.627339517 2.02531692 6 6 6
5.13943458 -1.57725753 0.857216278 75 79 91
0.518717552 -5.93641255 1.76049354 0 0 0
0.798635191 0.738454316 1.47180405 139 139 139
5.61672068 -1.59266199 0.857760168 99 99 99
-3.07312122 -0.348735928 0.96518811 79 77 77
-1.00693789 0.576138245 1.50916575 80 86 99
-0.588482707 5.8651257 2.48400023 231 231 231
3.86311541 -0.578108731 1.13693097 232 232 232
0.47508742 -5.94543218 1.74490831 236 236 236
-1.11096676 -1.22701143 0.521098545 117 123 141
5.61672068 -1.59266199 0.857760168 99 99 99
-1.62363249 2.12270525 2.41555501 5 5 5
-1.00693789 0.576138245 1.50916575 80 86 99
-0.269486965 -6.50476807 1.52418964 166 166 166
-1.11588028 -1.07941014 0.652578579 130 130 130
4.8643592 -1.58584379 1.43427151 59 62 72
-2.27052185 0.126133018 0.32158014 0 0 0
-1.02172969 0.576360889 1.5087727 69 77 89
-0.779261232 -5.94376336 1.16939904 0 0 0
4.8643592 -1.58584379 1.43427151 59 62 72
-1.45425232 1.55779956 0.0175501119 5 5 5
-1.02175298 0.576389029 1.50872126 69 77 89
-3.29678276 -0.290683399 2.24089114 231 231 231
5.76950763 -0.706133632 1.27769854 231 231 231
-0.996662643 -4.45910377 1.36207144 231 231 231
-1.33358849 0.581764237 1.08948908 141 141 141
-3.7688333 -0.832882424 0.235373201 0 0 0
2.36394512 -1.02572971 -0.00582163185 0 0 0
-3.12531961 -0.504471741 0.493077891 70 68 68
-3.24526336 0.0544481864 2.49052506 90 93 101
-1.39848982 0.597987532 1.4985654 6 19 43
4.78443951 -1.44876976 0.90643063 59 62 72
-1.50546747 1.5627901 0.418093616 0 0 0
-5.68332838 0.672361058 0.978657437 231 231 231
0.518622333 -5.95697938 1.75213224 236 236 236
-1.01899264 0.57230945 1.69025223 9 74 38
4.04104638 -0.575580152 1.1445135 0 0 0
-3.0911323 -1.05345853 0.101330101 107 107 107
-2.23899096 0.212430911 1.44163836 0 0 0
-2.5951595 0.178941495 2.41636799 4 4 4
3.85425892 0.532265085 1.07084437 124 124 124
4.04104638 -0.575580152 1.1445135 0 0 0
-2.53810324 0.230051191 2.24366326 231 231 231
-0.519665132 -6.33250787 1.44760808 231 231 231
-0.967452602 -1.26844687 0.699782554 231 231 231
4.60047902 -1.62349415 1.46285454 59 62 72
-1.5810341 1.0577446 -1.26951078 86 80 77
-1.13696758 0.634800797 0.811045451 111 113 115
-1.07168674 -5.62410415 1.63963358 95 100 115
-1.96204415 1.34943092 1.03562323 0 0 0
6.13607219 -0.690790073 1.40859699 231 231 231
-0.608973018 3.90272365 -1.16272693 57 57 57
-3.75418441 -0.771778379 0.984545666 70 68 68
-3.03673779 0.585006402 1.30465327 231 231 231
5.55893918 -1.1342163 0.860411896 231 231 231
-1.19955429 2.09613184 -0.0162387964 57 57 57
-4.96791941 -0.419329949 0.882268853 79 77 77
6.04224974 -1.64288719 1.02850705 0 0 0
-3.41961564 -0.454687825 1.26548474 108 106 106
-2.24468272 0.120053923 0.627172269 117 123 141
0.51332817 -5.96335023 1.76305611 0 0 0
0.0515337712 0.728457485 0.476636053 140 140 140
-1.83650426 1.73302256 2.26106998 57 57 57
-2.40545565 0.108913782 0.312919788 0 0 0
3.8404899 -0.405270597 1.14288746 0 0 0
-1.23582575 1.5894186 -0.747635966 142 142 142
0.502218392 -5.94330002 1.75036765 0 0 0
-1.2109592 0.581648371 1.18101468 0 0 0
0.502193409 -6.0311684 1.76720159 0 0 0
-3.11075223 -0.52379703 1.47171679 231 231 231
-5.50204723 -0.513133208 0.981360539 187 187 187
0.502193409 -6.0311684 1.76720159 0 0 0
-1.11522712 -0.933119643 0.540773522 59 62 72
-3.62035678 -0.14842125 2.32369258 70 68 68
5.2520529 -1.54622085 1.03025729 231 231 231
-3.43123896 -0.147434016 2.57650098 136 138 141
5.64852842 -1.25804415 1.25922523 0 0 0
0.54406449 -5.79791717 1.75567642 0 0 0
-1.11158373 -1.04054052 0.674677327 130 130 130
5.64852842 -1.25804415 1.25922523 0 0 0
-3.03487884 -0.54759784 2.58120716 136 138 141
-0.742869942 0.58331568 1.19777775 124 124 124
-0.335435859 -6.48804863 1.57005335 165 165 165
-1.05008278 -1.12567836 0.754846528 0 0 0
-1.28967536 0.584229453 1.06143043 143 143 143
-0.333880531 -6.48783 1.57065304 165 165 165
-0.042570593 -0.0166450185 -0.00167746155 235 235 235
5.75140474 -0.843878154 1.47393297 59 62 72
-2.03159778 0.534967773 1.02489732 6 19 42
-4.26826992 0.697092786 1.09886913 231 231 231
-2.21664765 0.392394012 1.35174591 2 2 2
3.92326466 0.340591399 0.857783714 234 234 234
-0.745139353 -6.31282644 1.3488916 8 8 8
-0.076698416 0.0766739345 0.000989153628 0 0 0
6.21683438 -0.323833161 1.47148331 0 0 0
-3.41174172 -0.502943234 1.13956961 67 67 67
-3.75682252 0.556060768 1.20112484 231 231 231
-0.951754054 5.05152838 2.8334901 57 57 57
3.8524215 -1.59237412 0.982290234 8 8 8
-2.01467106 0.969627193 1.2426079 123 123 123
-5.36152667 -0.621910965 0.927111777 179 179 179
-2.60374125 0.122299402 1.32147032 98 104 119
4.40701241 0.599751449 1.47372644 87 92 106
-0.744383941 -5.60969038 1.33950254 228 228 228
-0.972490754 0.577097643 1.26948269 124 124 124
-1.97015137 1.36799356 1.70988355 3 10 33
6.15781686 0.21938812 0.25527381 99 99 99
-3.4421977 -0.225653321 2.00978044 231 231 231
3.91341358 -0.415971658 1.13211225 0 0 0
-2.75347004 0.71046013 0.903901076 231 231 231
3.91341358 -0.415971658 1.13211225 0 0 0
-2.89032779 -0.0255235004 2.52955829 2 2 2
-2.27307087 0.756084935 0.945259605 107 107 107
-0.933906235 2.45067841 -0.35384298 57 57 57
4.44464905 0.525904355 1.25564691 90 95 109
-5.27083821 -0.639856598 1.00968979 146 146 146
-4.67090978 2.2597154 0.684755774 187 187 187
-0.971766061 0.576777805 1.62461032 7 25 55
0.813302928 -5.01269973 1.46131991 82 86 99
1.9648523 0.631827387 0.81471522 5 5 5
0.402941696 -4.78774204 1.61243573 0 0 0
5.78258184 -1.59682776 1.249866 231 231 231
-2.0053727 0.411024471 0.534881625 0 0 0
-0.477595868 4.38245699 -1.12738967 57 57 57
6.26446771 1.62386668 0.789654581 86 91 104
0.500210578 -5.94212303 1.74782902 0 0 0
-1.6539686 0.583584346 1.24373278 8 9 10
0.332741383 -5.70847913 1.71525284 0 0 0
1.90261493 0.702709203 0.236822702 206 206 206
2.07740745 -0.148300261 1.23285 0 0 0
-2.10110163 0.966792199 1.10953884 6 19 42
-2.55467339 0.612928059 0.717965584 108 113 130
-0.990297628 -5.9216372 1.31124135 14 14 14
-0.808802192 0.577080494 1.52626324 59 65 77
-3.24489858 -0.237671288 0.860081068 116 122 140
2.07740745 -0.148300261 1.23285 0 0 0
-2.0400602 0.880120095 1.14839689 6 19 42
-1.23162366 3.5699416 1.36642026 0 0 0
5.59983303 -1.33820375 1.3556442 130 130 130
-1.09796928 -5.55083642 1.7510622 231 231 231
-1.31101117 0.576538558 1.1482931 141 141 141
-1.27897979 3.61495996 1.07083016 142 142 142
-0.664258421 6.12745083 2.72590276 10 10 10
5.92687796 0.197062949 1.31466563 1 1 1
4.10156088 0.0234242793 0.833775154 61 65 75
-2.10821553 0.52637813 1.3901222 231 231 231
-4.56215474 1.66676247 0.724139085 183 183 183
-1.37237676 0.58333114 1.01770601 0 0 0
3.95480783 -1.52570043 1.13926824 163 163 163
-0.563801959 4.00267931 -1.3479243 57 57 57
-4.22778474 0.682520864 1.17274673 98 103 118
-0.737022021 -6.31191422 1.37649816 8 8 8
-1.53876153 0.585428339 1.29281237 12 14 15
2.93990347 -1.06054982 1.37301125 231 231 231
-2.52444823 0.0269514913 1.13863446 66 70 81
-0.762088116 0.577208519 1.33689083 70 76 86
0.415697076 -4.79678893 1.5806265 0 0 0
-1.31602161 0.589492826 1.36248862 3 3 4
-1.27348969 3.30961885 1.32687921 0 0 0
3.98490495 0.318904405 0.86186064 0 0 0
-0.433430346 -6.44004377 1.67713555 165 165 165
-2.14423188 1.00281547 -0.0264566192 6 19 42
4.01503411 0.118726736 0.920335338 0 0 0
-2.3503452 0.334269305 2.47285741 231 231 231
-0.879953303 -5.71644554 1.34150626 0 0 0
-0.421564987 -6.43927401 1.68237382 165 165 165
-1.32560075 0.584376765 1.32153929 0 1 2
4.14123027 -1.30789817 0.908552037 59 62 72
-2.93749211 -0.0482473196 2.40838976 136 138 141
-1.2612636 3.48365351 1.40578826 142 142 142
8.26771414 2.53528881 0.303453205 89 94 108
-0.773490675 -5.59812928 1.39479309 0 0 0
3.86791104 -0.397300918 1.12599973 230 230 230
-2.93749211 -0.0482473196 2.40838976 136 138 141
-1.73475927 0.586035628 1.12149853 54 67 58
-0.910791054 -5.71676668 1.31788603 228 228 228
-2.42234481 0.369817368 0.542858794 0 0 0
3.93853635 -0.542664623 1.14994138 0 0 0
-1.14240208 1.6225283 -1.11157843 0 0 0
-0.863109071 0.576668245 1.60002464 63 69 84
4.49190751 -1.53335866 1.37321591 231 231 231
-0.719826806 3.85383791 -1.39536587 9 11 14
-0.898732429 0.576498193 1.60879098 12 30 61
-1.10060341 -4.51720764 1.35059423 231 231 231
-1.5224537 0.587606653 1.26843869 21 25 26
-0.898534037 0.576382615 1.60879189 12 30 61
-1.25129834 2.65748951 1.38206328 0 0 0
5.58649909 -0.633241537 1.0523974 59 62 72
-2.44720322 -0.00453104078 1.22993177 71 75 87
0.180839959 0.724777726 0.503059521 140 140 140
2.89388162 -0.132313454 1.30956674 115 121 138
-2.74867143 -1.31025485 0.343506501 67 67 67
-0.932051595 0.576169413 1.59968169 76 80 90
-0.741812662 -5.03384573 1.88996424 231 231 231
-0.331317789 -6.35765141 1.46079392 59 62 72
-1.52784911 0.577094007 1.2693098 27 35 34
4.06327156 -1.57452646 1.47287384 0 0 0
-2.13176025 0.489661876 1.11401094 231 231 231
-0.837029373 -6.02918831 1.25844327 94 99 114
1.91710275 0.558306799 0.831921708 39 41 48
-3.1137297 -0.321936431 1.32193337 0 0 0
-0.91172005 0.575889413 1.60856606 12 30 60
-0.631782353 -5.02292621 1.86745087 231 231 231
-1.20788746 0.597209928 0.914275708 6 19 43
5.7928091 -1.76939262 0.821702336 79 83 95
-2.2574429 0.404640462 1.3761375 231 231 231
-5.21448467 -0.315878121 0.991643852 231 231 231
3.84327375 0.541683565 1.0946309 29 30 30
-2.7985702 -0.430357178 1.43900351 0 0 0
-5.49714251 -0.364543893 0.999046495 188 188 188
-0.515219886 -4.87534476 1.3242473 116 122 140
2.86905133 0.301092759 0.104896792 0 0 0
4.31149337 0.38591111 0.969990614 84 88 102
-2.04515993 1.0051199 1.74682765 5 18 41
-5.27769629 -0.697857026 1.04335506 219 219 219
-1.17594446 -5.4560311 1.73346282 94 99 114
2.86905133 0.301092759 0.104896792 0 0 0
-2.38219643 0.19931327 1.86032652 0 0 0
-2.02475274 0.700467985 0.977017761 6 19 42
4.24759437 0.387239795 0.878054081 108 113 130
-0.921862567 -5.34133577 1.76910288 231 231 231
2.23876974 0.0194561933 0.0932151446 0 0 0
0.453910965 -4.73259646 1.66187041 0 0 0
-0.516818518 -4.92432369 1.3505498 59 62 72
-1.73378586 0.577469295 1.12120561 34 59 45
3.90156585 0.32185489 0.875281709 234 234 234
-0.560494814 -4.9653183 1.66161131 59 62 72
-1.70643961 0.584541343 1.13571648 8 10 11
3.96605363 -1.53715652 1.13622295 164 164 164
-3.53584934 -0.599295479 0.55873402 0 0 0
-1.90405235 0.450952008 0.246275638 105 105 105
5.450637 -0.64353038 1.08241736 59 62 72
-3.65066006 -0.779298653 0.621619404 0 0 0
-0.348527041 0.611392709 0.0391168766 107 107 107
-3.70992569 -2.19429091 0.87773368 0 0 0
3.93273545 -0.575466874 1.12397312 0 0 0
-2.10071899 0.872808797 0.790048451 141 141 141
-0.713222463 0.577157234 1.3058981 12 90 38
-2.06559121 0.872354188 0.821519644 0 0 0
-0.983126759 0.574809425 1.17979376 76 104 83
-0.325322168 -6.45650319 1.54706312 165 165 165
-1.7416062 0.584122299 1.11418393 100 102 103
0.447013687 -4.68870579 1.71585527 228 228 228
-1.74824051 0.586877773 1.12230229 2 3 3
3.97614832 -1.15940298 0.858611046 114 119 137
-2.60831304 -0.0455111956 0.870244963 0 0 0
-0.771243203 0.576569234 1.36427019 12 89 38
0.448415618 -4.69030607 1.71843249 228 228 228
0.324500002 0.759616175 0.890289489 29 30 30
-2.23095343 0.454367401 1.17634567 97 102 117
-0.771986651 0.577716307 1.3637614 12 89 38
-1.01055488 -4.03308777 0.867310616 105 110 127
3.95515154 0.365209519 0.916078416 69 72 84
-2.12585188 0.582256471 1.26190376 231 231 231
-0.785030948 0.579411682 1.333881 12 89 38
-0.752239248 -5.36793069 1.63725135 73 77 88
-1.72337289 0.586243432 1.12158956 2 43 12
-1.94925322 1.39793059 1.58858965 5 21 51
4.67531712 0.348139018 1.08797259 91 95 110
-1.10493106 -5.61459625 1.68837215 95 100 114
-1.73404466 0.585171549 1.12054742 2 57 17
4.6962797 -1.72473843 -0.0643309658 85 79 76
-2.05274639 1.0059206 1.54816335 10 27 57
-0.936487775 0.575611549 1.32567596 112 118 124
-1.18786858 1.7210143 -0.882006968 142 142 142
4.08469725 0.183463665 0.872591893 234 234 234
4.0060993 -1.33866786 0.624370266 231 231 231
-2.18260108 0.659105293 1.80121064 105 105 105
-0.779759206 0.576209074 1.43085139 81 84 90
-3.66520435 -0.629058068 0.41363827 0 0 0
-1.70808726 0.585469036 1.16963792 89 93 95
3.96826963 0.268313324 0.8915947 0 0 0
-2.37048545 0.190282243 1.80586026 0 0 0
-0.962478557 0.573521795 1.3579855 12 90 38
-0.805705656 2.85742521 -0.848554027 29 30 30
5.04238597 0.0246491515 0.871817197 59 62 72
-0.317140066 -6.47082714 1.56552131 0 0 0
-1.34731108 0.573688329 1.05629201 141 141 141
4.11952433 0.258514393 0.973993491 109 115 131
-1.28590795 3.01524275 2.48168885 57 57 57
-3.04072763 0.32402881 0.995576601 92 97 111
-0.788198305 -5.96449394 1.19344873 231 231 231
-1.34731108 0.573688329 1.05629201 141 141 141
5.48137474 0.0717504435 0.63272083 231 231 231
-1.28590795 3.01524275 2.48168885 57 57 57
-0.851387073 0.576192801 1.6170312 86 89 98
-1.21495567 3.74873949 0.973113494 0 0 0
4.12924049 -0.592834891 1.12799159 231 231 231
-2.26241055 0.329236953 -1.60945308 0 0 0
-2.51269632 0.0704130533 0.641577071 228 228 228
4.58780629 -1.61814714 1.46813387 59 62 72
-2.58105736 0.163138528 2.30143527 4 4 4
-0.845090661 0.57512143 1.6327606 80 84 93
0.4558916 -4.72610626 1.66658412 0 0 0
1.60129323 0.629377524 0.812537886 105 110 126
2.90432296 -0.197326855 1.25785036 82 86 99
-2.62547995 0.230182743 2.30848224 4 4 4
-0.862769137 0.575423974 1.61669865 85 89 97
0.4558916 -4.72610626 1.66658412 0 0 0
-1.73677749 0.584683509 1.12893404 104 107 109
-2.65885812 0.170612204 2.30278471 5 5 5
2.90964937 -0.874373741 1.33413875 82 86 100
3.85190206 0.517220463 1.03812008 231 231 231
-2.65885812 0.170612204 2.30278471 5 5 5
-0.850610379 0.574896327 1.63836441 10 27 58
-3.02501875 -0.339322399 2.32586673 6 6 6
4.08706426 -1.47979294 1.01548666 163 163 163
0.635909204 -4.50799531 2.25189824 47 56 72
-2.89214009 -1.97742529 0.709164485 59 62 72
-1.55366328 0.586657751 1.27782833 66 82 79
4.12336242 -1.33714459 1.00104813 0 0 0
-2.63235743 0.22542535 2.43082971 4 4 4
-0.882989643 0.575143506 1.61689288 66 72 87
-3.77999349 -2.06106742 0.641249334 0 0 0
-1.30740127 0.581426278 1.3642546 0 0 0
3.99579954 0.318635493 0.857643359 0 0 0
-3.13639995 0.200947618 2.36698922 136 138 141
4.08649732 0.145030035 0.885980724 0 0 0
-3.13639995 0.200947618 2.36698922 136 138 141
-5.31365034 -0.73446679 1.01893499 111 111 111
-3.32846896 -1.1093806 0.862721662 107 107 107
4.01945452 0.247613977 0.8692225 234 234 234
-2.92129524 -0.126401253 2.5255238 136 138 141
-5.92971564 0.137658812 1.05384843 0 0 0
4.01945452 0.247613977 0.8692225 234 234 234
-2.77291402 -0.212797362 1.92836353 231 231 231
-5.92971564 0.137658812 1.05384843 0 0 0
-3.31313836 -1.93525327 0.988753611 116 122 140
-3.23944714 0.184299635 0.842319276 117 123 141
-3.94696371 0.696155625 1.00824211 111 111 111
-0.856945935 4.8775329 2.91150954 0 0 0
-3.09623141 -0.25484487 1.25390577 187 187 187
-2.22488696 -1.06531824 1.23851963 232 232 232
-2.03085263 0.375740599 -1.49096656 0 0 0
-2.56044353 -0.033986648 0.804302714 228 228 228
-4.09709895 -1.02839345 -0.197409165 231 231 231
-2.55493193 -0.0517619858 0.788155253 228 228 228
-1.16325042 -5.50541617 1.68821764 231 231 231
-0.392368363 0.628862281 0.165349588 107 107 107
4.69107117 0.107474808 0.862074124 110 115 132
-1.19420114 1.63615665 -1.15318523 142 142 142
-2.57134705 0.0213307291 0.829219334 228 228 228
-1.16325042 -5.50541617 1.68821764 231 231 231
5.54109935 -1.51348755 0.854749636 231 231 231
-1.17982881 1.41609453 -1.08458808 142 142 142
-2.57134705 0.0213307291 0.829219334 228 228 228
-3.21711655 -1.83466815 0.946017616 231 231 231
-4.01508375 0.674678543 1.16171378 231 231 231
5.5995535 -0.0543598547 0.844293459 59 62 72
-1.17982881 1.41609453 -1.08458808 142 142 142
-1.72801414 0.586463479 1.13082582 80 83 84
3.92326466 0.340591399 0.857783714 234 234 234
-2.59966906 -0.175831912 1.13691276 102 107 123
-3.6179617 -1.69793325 0.879726876 98 103 118
-3.14017332 -0.167367173 1.32987358 109 115 132
-1.94486339 -0.385358317 1.33278757 101 106 121
-1.34923654 0.576690324 1.16326263 0 0 0
-1.25641906 3.17519792 0.986401939 142 142 142
-5.12481684 2.69882064 0.689503382 231 231 231
-1.03271396 0.574468629 1.18585577 124 124 124
-2.35450456 -3.66036747 1.67682211 19 24 37
0.0524240254 -0.119497493 -0.0131202777 236 236 236
3.8524215 -1.59237412 0.982290234 8 8 8
-0.666418295 3.13814777 -0.804875491 57 57 57
-1.7787036 1.71728099 2.24036986 57 57 57
4.2340929 0.403369785 0.840548789 104 110 126
-0.555535483 4.29375157 -1.16131435 0 0 0
3.94536052 -1.53399894 1.13212295 80 84 97
-0.833836071 2.71718819 -0.632784361 9 11 14
-4.09327005 0.686796949 1.15083072 231 231 231
-2.11605974 0.947208926 0.0790043976 6 19 42
-1.37171461 0.578745808 1.0248135 0 0 0
-5.57020651 -0.421080352 1.01850165 212 212 212
-2.13637071 0.952668142 0.079565216 6 19 42
-1.61973859 0.583324424 1.18930873 89 93 94
-4.18468846 -0.875694656 -0.220391719 94 99 114
-3.7500514 -0.732605147 0.320683259 197 197 197
4.02150585 -0.480863932 1.1299838 230 230 230
-0.664258421 6.12745083 2.72590276 10 10 10
-3.33101375 -1.12203711 0.738624916 0 0 0
-2.28842412 0.378997892 -1.73928112 0 0 0
-0.117742636 4.9490597 -2.13290829 6 20 42
5.42583408 -0.879272743 1.1815608 59 62 72
4.30861649 0.401929214 0.912120259 59 62 72
-1.20370758 1.97312717 -0.192776349 9 11 14
-1.59084851 0.513922166 0.417541768 0 0 0
-2.00943534 0.706395889 1.32464699 50 56 53
-2.99299883 0.735913546 1.26707953 2 2 2
3.97653482 0.0931016703 1.10049319 111 116 133
-1.14815887 3.52365656 1.16900354 142 142 142
-3.77001782 -0.138027998 0.443787419 0 0 0
4.13316489 -1.13129659 0.837637031 113 119 136
-1.19865719 3.6692808 1.16902559 142 142 142
-2.58630382 0.586349747 0.755543745 112 117 135
4.44619417 -1.41920182 0.836097937 111 116 134
-1.25778514 3.34723451 1.22706214 142 142 142
-1.55665284 1.81885857 2.07700729 57 57 57
-3.42809195 0.592842318 1.33101903 0 0 0
-1.69154017 2.14370462 -0.966013702 143 143 143
1.9464037 0.123965953 0.823263445 59 62 72
-1.24518661 3.46259694 1.28242764 142 142 142
-1.69154017 2.14370462 -0.966013702 143 143 143
1.98283971 0.042033089 0.98876695 130 130 130
5.95470642 -0.721639808 1.2353536 231 231 231
-1.2612636 3.48365351 1.40578826 142 142 142
-1.34924932 0.587007398 1.2796995 6 18 41
-4.18898356 -0.67454959 2.24579102 2 2 2
-3.40248341 0.541483738 1.33798587 231 231 231
3.938766 0.315206971 0.865392951 235 235 235
-1.6926025 1.00285242 -0.141144368 110 112 114
-0.516653668 0.578033559 1.11860852 124 124 124
-2.54997022 0.632315826 2.6675243 231 231 231
-0.819777711 3.30455128 -0.532618525 57 57 57
-1.36964814 0.58370888 1.27568428 4 13 32
-1.20486867 1.34585376 -0.152952899 5 5 5
4.14844201 0.143744245 0.872663136 234 234 234
-1.2915379 1.98313921 0.184846317 57 57 57
-0.0794192802 4.74328006 -2.21095672 0 0 0
-2.83310186 0.458767976 1.40834664 106 112 128
3.97836207 0.160888604 0.874554061 0 0 0
-2.04000595 0.619104622 1.29136694 2 4 11
-2.63993325 -0.190263496 0.942282818 111 117 134
-1.53716172 2.28792317 1.95752077 57 57 57
4.04041725 0.163489943 0.870761399 0 0 0
-1.37545079 0.578891798 1.18393915 0 0 0
-1.53839749 2.28689503 1.95743747 57 57 57
4.10843449 0.165920496 0.867497933 0 0 0
-2.22286965 0.527125108 0.996216408 4 4 4
-2.25690166 -1.0139374 1.23715157 0 0 0
-1.85976327 0.674916884 0.167786295 6 19 42
-2.36360878 -1.1335068 1.22601633 230 230 230
-1.67048063 2.01520454 -0.00654549628 29 30 30
-0.990613651 0.571572743 1.18065291 54 96 64
4.38162128 -1.46846511 0.865391568 59 62 72
-1.16092029 3.1545955 2.32686353 57 57 57
-3.10143364 -0.364609648 1.26431876 0 0 0
-1.1354439 3.75602155 0.901190744 0 0 0
-3.19246618 0.401824893 1.27478789 0 0 0
3.9368353 -0.424700343 1.13180772 0 0 0
-1.97379384 1.25010196 1.64754969 5 8 19
-1.1354439 3.75602155 0.901190744 0 0 0
-3.12059715 -1.21264704 1.1704327 87 92 106
4.05270095 -0.565457942 1.1261088 0 0 0
-1.83143537 1.55796131 1.83589315 158 158 158
-2.22754018 0.442181349 1.94624227 231 231 231
-3.1618578 -0.148271771 1.33620951 116 122 140
4.72363317 0.0394316025 0.824399738 59 62 72
-0.957372287 2.85602678 -0.440616383 57 57 57
5.61350774 -1.28702593 0.849712977 59 62 72
-1.63449016 1.4371086 0.221886071 158 158 158
-2.6813724 -0.216596193 0.893476274 83 77 74
-0.895756294 4.40273131 -1.81199418 9 11 14
-0.519262747 0.578037706 1.3322008 88 88 90
3.98906525 0.242048724 0.862330421 0 0 0
-1.24299619 3.25681723 1.66710387 142 142 142
-0.762597851 0.575061679 1.08716815 124 124 124
-3.50610607 -1.27673138 -0.00127454675 107 107 107
-2.55584359 -0.0220969085 0.821714345 228 228 228
-1.20117608 3.68947071 -1.33893676 29 30 30
-1.24255509 3.25589644 1.665186 142 142 142
3.96486713 -1.4970701 1.08653338 0 0 0
-1.1049784 3.07197649 -0.456466246 57 57 57
-2.5613875 -0.0231186551 0.81849189 228 228 228
-2.18480109 0.686891084 0.357155672 106 106 106
-0.967684001 -0.941194922 0.962524559 122 125 133
-3.87433676 -1.07264364 0.892665021 107 107 107
-2.55048788 -0.0511554486 0.823510271 0 0 0
-2.08370078 1.47914888 0.593022952 21 67 45
-1.36287263 0.58442209 1.27425382 6 18 41
4.00406687 -1.45007532 0.967994327 164 164 164
-1.18654785 3.16423167 0.898134726 142 142 142
-0.72718615 0.575735603 1.63255622 84 88 97
4.04493655 -0.424505337 1.12262699 0 0 0
-2.68422808 -1.91896054 1.08175059 197 197 197
-2.57454688 -0.080160907 0.829232064 228 228 228
-2.08370078 1.47914888 0.593022952 21 67 45
-1.12561709 -0.969966455 0.629487631 0 0 0
-2.00037674 1.15413999 2.0400404 158 158 158
-2.10407456 1.11283993 0.596909588 26 89 45
3.95487357 -1.52952202 1.14047177 164 164 164
-2.3648629 0.22356023 1.86076616 20 20 20
-0.758691668 0.579998829 0.960329088 124 124 124
-2.41692362 0.117186199 1.8601532 231 231 231
-2.77768429 0.531121386 1.03182019 5 5 5
-2.08204624 1.40836431 0.706417024 81 83 88
-1.03932071 0.573288171 1.58808637 8 26 56
5.58542339 -1.51976361 0.871809072 59 62 72
-1.47825265 2.51887887 2.10771943 57 57 57
-0.551707064 0.576592679 1.26187881 107 108 111
-3.1860743 0.213755501 2.39404325 136 138 141
-2.08204624 1.40836431 0.706417024 81 83 88
-1.11333161 -0.995449338 0.651464288 130 130 130
5.25384486 -0.73970549 1.1257993 59 62 72
-1.47825265 2.51887887 2.10771943 57 57 57
-0.949050724 0.575464781 1.14457885 124 124 124
-2.41079793 0.204988607 0.852572649 111 116 133
-1.11338882 -0.996503391 0.651598018 130 130 130
5.67725756 -1.2968129 1.37791011 130 130 130
-1.54713854 1.94875487 2.05459878 57 57 57
-0.706661314 0.578569762 1.27724109 72 75 81
3.83954462 -1.47465102 0.842873976 110 116 133
-1.54713854 1.94875487 2.05459878 57 57 57
-0.962211565 0.577286237 1.15737789 124 124 124
-2.65168526 -0.227727325 0.938356808 96 101 116
-1.20430761 0.591506349 0.927720934 6 19 43
-3.59269193 -1.29339203 -0.0641828343 107 107 107
2.03573083 0.735491356 0.971665914 56 57 57
4.00186509 -0.459350275 1.13239902 0 0 0
-1.24401191 1.60509493 -0.75316518 142 142 142
-1.39452315 0.586364697 0.959041931 143 143 143
-2.33362405 0.0240578761 1.51579077 231 231 231
-3.12902988 0.443445503 1.30124083 0 0 0
-2.55122106 -0.158885374 1.12244231 72 76 87
-1.09796475 -1.71960886 0.540695646 0 0 0
4.24463516 -1.34776985 0.853314218 112 118 136
-1.33980791 1.68710169 0.230831683 57 57 57
-3.13855036 -0.372719431 1.2497763 185 185 185
5.56514343 0.215744892 0.848763273 231 231 231
-2.04479 -0.281918849 1.4914097 0 0 0
5.62621264 -1.40950555 1.26439817 0 0 0
-3.22407652 -0.417669389 1.21504161 176 176 176
-2.65633576 -0.277938667 1.36126453 231 231 231
-2.33624669 0.768076967 0.90523509 123 124 123
-0.64896061 3.04420965 -1.04176756 29 30 30
-4.05655077 -0.513896059 2.44568035 5 5 5
-3.2130361 -1.03383745 0.847270835 108 106 106
3.95938019 -1.41159191 0.91811662 164 164 164
-2.58771327 0.0887224424 0.913249086 228 228 228
-3.35592699 -0.851931585 0.498530653 0 0 0
-0.929287879 0.575880055 1.15791263 124 124 124
4.10628415 -1.50314481 1.05013048 0 0 0
-1.21937592 3.83063784 1.25366584 0 0 0
-0.389068635 -5.19785462 1.66380722 111 116 133
0.367750041 0.753107076 0.921052088 0 0 0
4.33094282 -1.39584533 0.873980448 113 118 136
-1.23433193 3.84951261 1.46173274 0 0 0
-2.55038731 -0.0285671709 1.42395094 98 103 118
-4.09028354 -1.03254751 -0.194169774 231 231 231
-2.78394651 -0.907967857 1.19231645 67 67 67
-1.0652636 -4.04307596 0.819710211 107 113 129
4.62690296 -1.47655054 0.868435013 59 62 72
-1.26996893 3.33105529 1.48631696 0 0 0
-2.20684673 0.712162707 0.265145345 106 106 106
-2.40228338 0.792339457 0.896630977 0 0 0
-1.967376 1.36292088 1.71139917 3 10 34
-3.65058615 -1.38716944 0.764359992 231 231 231
-2.96650451 -2.80811499 1.04075403 130 130 130
0.189554988 0.713903423 0.531800787 140 140 140
-1.72837267 1.78044568 2.27549224 0 0 0
5.76041731 -0.706834392 1.27903048 231 231 231
-2.89867181 -0.303382562 2.52204806 0 0 0
-2.63362284 0.0876474121 1.10547167 84 89 102
3.85975824 -1.44238369 0.851313419 113 119 137
-1.18547324 1.6328615 -0.934896651 0 0 0
-2.87734647 0.540026749 1.10914956 231 231 231
-4.15689646 -0.65594367 2.26743181 231 231 231
0.190202574 -4.81226509 1.73330048 113 119 136
4.25632203 0.0444190253 0.83409619 59 62 72
-0.544951634 3.35064154 -1.27373779 29 30 30
-3.17488881 0.110735454 2.5395428 136 138 141
-2.570955 -1.81786008 0.833857329 197 197 197
-0.308065661 0.537567825 1.07411013 9 12 13
-3.06966887 -0.901465274 -0.0300254902 107 107 107
-2.21109243 0.0665456844 0.530760305 0 0 0
5.59270474 -0.262213149 1.06981106 231 231 231
-1.61270423 1.53055559 0.503391717 0 0 0
-1.21407159 0.549550609 0.580845946 6 19 43
-3.05576203 -0.920635395 -0.0200852542 107 107 107
-2.53704648 0.0868347871 0.654255851 99 104 120
-2.14938912 0.484847016 1.03212182 5 5 5
-2.06780036 -1.62114285 1.20231932 127 127 127
4.02838851 -1.45984775 0.976617274 164 164 164
-1.20676794 3.43209186 1.19138192 0 0 0
-1.1737956 3.85544401 -1.23124548 9 11 14
-3.92548151 -1.02752035 1.08109225 107 107 107
5.46580291 -0.344616402 1.08133537 59 62 72
-1.27380337 3.31042956 1.32622391 0 0 0
-1.2492574 0.591774794 1.28568821 6 19 43
-3.71144536 -1.31117108 0.831012318 231 231 231
-2.18358704 0.520741376 1.1683239 2 2 2
-2.10530099 -0.921119274 1.24176096 236 236 236
-0.975009996 -5.72370803 1.33859393 99 104 120
0.00530513018 0.69454415 0.335711343 0 0 0
-2.18766383 0.50908117 2.05221313 2 2 2
-0.741014736 0.570885901 1.11931308 124 124 124
0.555832963 -4.81951724 1.47799291 228 228 228
-2.07537946 -0.915920317 1.21532478 67 67 67
-1.75358954 2.22510538 -1.62125721 143 143 143
-1.07594274 -1.44942944 0.444366921 231 231 231
-1.04477784 -5.54873525 1.74995823 231 231 231
-1.24140883 0.582743008 1.06465314 142 142 142
-2.0777578 0.449884809 1.05694709 231 231 231
-0.907703723 4.77069201 -1.91690334 9 11 14
-0.334038801 -1.72788486 0.867547933 231 231 231
-1.98584745 -4.3241581 1.58699018 231 231 231
-1.24140883 0.582743008 1.06465314 142 142 142
-1.76998519 2.51719076 -1.84258008 0 0 0
-2.10118124 0.719916665 2.0371504 231 231 231
-0.725943156 0.572294588 1.29783109 124 124 124
0.0328284436 -4.59552129 1.3861191 118 124 142
0.184211698 0.716586666 0.401341161 0 0 0
-2.32562982 0.415840099 2.4834446 2 2 2
-2.48892915 -0.0206028092 0.778664385 228 228 228
0.431810662 -4.65713226 1.70786371 228 228 228
-3.06805705 0.1681864 2.4758421 231 231 231
-0.102910874 -1.70465471 1.18113029 130 130 130
-2.10758111 -1.13421859 1.22634849 235 235 235
-1.67176814 2.40346272 -1.5954885 0 0 0
-2.25149692 0.27381919 1.95968758 231 231 231
-2.16920801 -0.966293238 1.22554119 0 0 0
-0.658875379 -5.49037905 1.32022995 0 0 0
-2.44791657 0.171038725 0.552353882 116 122 140
-3.12813465 0.148202705 1.11933121 71 75 87
-2.07295828 -1.58608031 1.21552823 127 127 127
-1.7276091 2.22148405 -1.20106475 0 0 0
-0.68947191 -4.63553862 1.25236268 108 113 130
-0.933780043 0.569716639 1.09850007 75 77 83
-0.420848273 -5.13901174 1.47789846 59 62 72
-0.933780043 0.569716639 1.09850007 75 77 83
-2.38005922 0.225850956 0.938701894 112 118 135
-0.710101655 0.576148814 1.29181782 124 124 124
0.322275561 -4.81913102 1.65279614 0 0 0
2.02510087 0.531361989 1.09573676 130 130 130
-2.15028336 0.414537619 1.28185328 231 231 231
-1.30616521 0.578884137 1.08844724 0 0 0
-2.24226489 0.538754664 2.44646295 231 231 231
5.61738525 -1.40263905 1.29904994 0 0 0
-2.27573158 -1.07871789 1.22893483 236 236 236
-2.59805679 -0.182515014 1.376328 231 231 231
0.323228109 -4.82142222 1.65442784 0 0 0
2.02655885 0.531660319 1.09521663 130 130 130
-2.25572738 0.411194715 1.90987214 231 231 231
-1.3889125 0.585017004 1.19383562 142 142 142
-1.70404553 2.48165872 -1.83942047 0 0 0
-1.32346361 -1.37298391 0.613398648 231 231 231
-2.27573158 -1.07871789 1.22893483 236 236 236
-2.59036867 -0.184280191 1.37860973 231 231 231
-1.10009421 -5.52865464 1.76817816 96 102 117
-2.3615332 0.322228321 2.36351997 231 231 231
-1.343035 0.584620439 1.35079484 3 4 4
-3.79825629 -2.12381881 0.838381976 0 0 0
-2.3615332 0.322228321 2.36351997 231 231 231
-2.6049843 0.545696873 1.09615174 84 88 102
-1.6612875 2.41861771 -1.41272522 0 0 0
-0.901522956 -1.70890791 0.900125861 112 118 135
-2.57244016 0.10923759 2.34680427 6 6 6
-2.58913118 0.127840978 2.34784688 6 6 6
-0.513969532 0.577964202 1.1504113 12 74 40
-1.13291818 5.28439167 -1.96227203 0 0 0
5.63284631 -1.18127503 1.50682065 231 231 231
-2.54827051 -0.237916532 1.39091024 102 107 123
-3.25917038 0.104377156 1.28056392 231 231 231
0.448584785 -4.76612868 1.61024856 228 228 228
-0.00587075099 0.464114846 0.848958117 5 5 5
-2.64799289 0.0773369076 2.44502587 231 231 231
-0.526473557 0.580873724 1.13945317 124 124 124
0.209227784 -4.8556822 1.52294655 86 81 77
-0.15518335 0.604931417 0.273319802 2 2 2
-2.39526751 0.343525825 2.58432887 231 231 231
-2.53375691 -0.234207165 0.618418924 103 109 125
-1.70255147 2.34373082 -1.59623989 143 143 143
-0.937262501 -1.09767382 1.01977775 197 197 197
0.152734818 -4.7488387 1.49187488 80 84 97
-1.37761963 0.572448854 0.990706057 142 142 142
-2.39526751 0.343525825 2.58432887 231 231 231
-1.28411579 0.584120972 1.09249088 143 143 143
-2.3180916 -1.08644714 1.2343773 0 0 0
-0.0201245456 6.88000873 -3.4182337 124 124 124
5.83284806 0.0103564706 1.35650373 59 62 72
-1.70255147 2.34373082 -1.59623989 143 143 143
-2.83216398 -0.0448521481 2.5454547 2 2 2
-1.40190247 0.59469479 0.993241387 143 143 143
-1.70877628 2.3521013 -1.53267023 0 0 0
-2.59525512 0.031533537 0.809359993 0 0 0
-2.74566637 -0.0741759987 0.550465758 113 118 136
-3.0498427 0.272116657 0.819283845 0 0 0
5.89911597 -1.16743669 1.31872358 231 231 231
-2.20312 0.34285287 1.21300829 103 108 124
-0.676099235 -5.31698877 1.79878489 231 231 231
-1.23479687 0.581805489 1.09756304 0 0 0
5.88156261 -1.16483567 1.32448059 231 231 231
-2.14122765 0.880219461 1.39080742 0 0 0
-2.54197084 -0.0749292385 0.831934455 228 228 228
-2.5066956 -1.7985628 0.98240567 88 92 106
-1.23479687 0.581805489 1.09756304 0 0 0
0.868746551 -5.32598025 0.883606619 0 0 0
-1.75947802 2.21123967 -1.56054716 143 143 143
6.07777676 -0.399680198 1.4667554 0 0 0
1.16165764 -5.56923761 1.53827288 144 144 144
-1.75947802 2.21123967 -1.56054716 143 143 143
5.15065598 0.147885295 0.886399146 59 62 72
-0.16768287 -6.71561511 1.42411187 231 231 231
5.62491196 -1.23584392 1.20743228 130 130 130
-0.533098439 4.6597821 -1.31747241 57 57 57
-0.335831919 -1.75914624 1.17464881 8 8 8
-0.410977785 -6.70553838 1.40959781 231 231 231
-2.24048554 0.659256552 0.539420126 92 97 112
5.67996725 0.0617044304 1.49054479 59 62 72
-0.698313136 -4.56598439 1.18404537 92 97 111
-2.53795866 0.149995618 1.31371166 231 231 231
-0.485197173 0.577418296 1.27880389 108 108 110
-0.859119246 -6.02673707 1.25394111 96 101 116
-2.51967507 -0.105647012 0.713851209 0 0 0
-4.03354664 -0.911137418 -0.123129275 0 0 0
-1.33628411 0.573931447 1.07080335 142 142 142
-1.86785321 -0.0171949933 1.123387 231 231 231
0.613570511 0.761253986 0.959453476 57 57 57
-2.55101513 0.0746195432 0.674551276 228 228 228
-0.716245799 0.577642255 1.31622168 124 124 124
-0.831848528 4.8060746 -1.9209941 28 29 29
-6.2695671 0.988013781 0.899865986 231 231 231
5.68379405 -1.28929173 1.38425971 130 130 130
-2.62681716 -0.299782893 0.993155778 62 66 76
0.149586325 -4.72100762 1.94789914 89 94 108
-1.33115517 0.580643545 1.11352422 0 0 0
5.72857804 0.241811212 1.38712896 90 95 109
-2.63411904 -0.224390968 1.04135505 69 73 84
-2.92483834 -1.87018287 0.506963215 63 67 77
-0.631189169 0.575615797 1.51978294 111 113 115
-0.944530098 -5.2621832 1.75833569 80 85 98
-2.11351816 0.829294319 1.25388999 17 20 21
-2.49073197 -0.127129933 0.736309886 228 228 228
-3.75881113 -2.11706963 0.686087925 0 0 0
-2.05544222 -4.27476307 1.61441785 130 130 130
-1.39262603 0.577968359 0.968342331 142 142 142
-3.03972268 0.388108991 1.25667658 231 231 231
5.17438579 0.146165801 0.886405214 109 115 132
-1.79662808 1.64248441 1.99761951 158 158 158
1.09350558 -5.52219676 1.52999741 0 0 0
-2.65374181 1.38440269 1.86410816 231 231 231
-1.31842343 0.566379728 1.15643131 142 142 142
-2.05874159 0.90959241 0.643245685 6 19 42
-2.51335852 0.031900811 0.865405633 0 0 0
-0.570781981 0.576795967 1.50840331 73 80 92
0.296231742 -1.11550293 1.19603085 0 0 0
5.64074827 0.0264440172 1.51123618 59 62 72
-1.33164671 3.09622271 -0.627957052 57 57 57
-2.09745384 -0.930472448 1.17838279 67 67 67
-1.62404214 1.50826699 0.23991432 158 158 158
-2.11779869 0.746290482 1.71764195 0 0 0
-2.7976396 -0.0241634774 1.3568729 231 231 231
-0.713754338 0.576147368 1.63291893 82 85 94
-1.61883855 2.03958339 0.140415253 57 57 57
-0.405967854 -3.88033438 1.28848175 104 110 126
-1.95513015 1.23985727 1.45298867 110 112 115
-0.77987967 0.574674327 1.61691721 66 71 85
0.447346445 -4.76783556 1.56975151 228 228 228
-0.458643122 -5.18103551 1.85576001 94 99 114
-0.982139606 0.575354409 0.92623503 124 124 124
-0.670618577 0.576585126 1.61081203 14 33 64
-1.37435426 1.66709848 0.214915544 0 0 0
-1.99410673 1.09324001 1.4837275 109 110 114
-0.466558626 0.578554421 1.12482846 8 58 42
-2.28923432 -1.06152662 1.22597637 236 236 236
-1.63870372 2.08456678 2.04163925 57 57 57
-0.134086643 -1.70899624 1.03135854 0 0 0
0.453910965 -4.73259646 1.66187041 0 0 0
-0.9665326 0.577143658 1.27863074 69 72 80
-2.27168096 0.273008338 1.49150585 231 231 231
-1.96356973 0.853654333 0.0795743416 0 0 0
-2.39437155 -1.13225315 1.22979835 235 235 235
-1.63870372 2.08456678 2.04163925 57 57 57
-0.958011181 -4.40755645 0.936823457 84 89 102
-2.21236834 0.406533046 1.16768193 231 231 231
5.52751256 -1.05116074 0.853223456 109 115 131
-2.01208386 1.26277911 0.472890797 123 123 123
-1.22642986 3.60158402 1.04959356 142 142 142
6.10019708 -1.66339883 1.04103785 0 0 0
-0.552071436 -5.22787816 1.41741898 110 115 132
-0.937135358 0.585979137 0.978695013 12 89 38
0.438884414 -4.79290561 1.55294205 228 228 228
-0.969266251 -1.39229333 0.973700991 231 231 231
0.455205555 -4.77377753 1.61833826 228 228 228
-0.987015952 -1.38375237 0.980550664 231 231 231
6.13997666 -0.615426091 1.4501334 0 0 0
-2.08730163 0.757091213 1.09720693 56 58 60
-3.48751495 -1.67635501 1.27556527 231 231 231
-2.15826368 0.637417017 1.92627381 106 106 106
0.115338754 -4.65805924 1.90253252 113 119 137
-2.11197434 0.728410634 1.03417353 41 61 48
-0.741296301 0.57804384 1.16036515 112 118 124
-2.15442861 0.655368089 2.01179938 6 6 6
-3.05622379 -0.961482674 0.0187725392 107 107 107
4.12907968 -1.43042866 0.91890287 164 164 164
-1.99819121 1.14585533 1.42620332 76 82 93
-0.741296301 0.57804384 1.16036515 112 118 124
-3.52295003 -1.31840817 0.662666166 108 106 106
-2.15442861 0.655368089 2.01179938 6 6 6
-2.27433087 0.332803657 1.4088099 0 0 0
-2.33665792 0.20916869 1.47852657 231 231 231
-1.22609301 0.586368242 0.501718999 6 19 43
-2.16920801 -0.966293238 1.22554119 0 0 0
-2.25149692 0.27381919 1.95968758 231 231 231
-0.721416696 -5.59722015 1.35912556 99 104 120
-3.07226751 -1.39776924 0.69192122 0 0 0
3.93600132 -0.42567813 1.13317815 0 0 0
-3.30549836 -1.2627632 0.826797237 59 62 72
-0.711144006 5.91527907 3.14814452 57 57 57
-2.13862835 -0.941650044 1.2317226 222 222 222
5.51293371 -0.652331163 1.05592911 59 62 72
-1.95438129 1.34008382 1.57069003 65 70 74
-1.20139457 0.566584202 0.934579568 6 19 43
-2.40115062 0.247347526 0.446308546 0 0 0
5.50627546 -1.05270873 0.916856333 59 62 72
-0.973302997 -4.36595053 1.3320124 231 231 231
-0.885055452 0.582627825 1.69059674 119 120 120
-1.23540878 3.50918024 -1.15497482 29 30 30
-1.1178326 -4.52540411 1.36109817 231 231 231
-1.07064005 -1.34779812 0.515642817 59 62 72
-2.82938371 0.759206043 1.00514626 108 106 106
1.99302973 0.596991601 0.964587237 59 62 72
-2.24226489 0.538754664 2.44646295 231 231 231
-2.5298246 0.650066729 0.664930295 5 5 5
-0.634864914 -4.89090835 1.64287757 231 231 231
-0.901055342 0.585091405 1.14408994 124 124 124
-2.81490683 0.714604176 1.17757006 231 231 231
-0.46520193 0.571818321 1.638934 6 23 53
-3.21820768 -1.33094422 1.27831049 231 231 231
-0.823070805 4.92772441 -1.51858534 0 0 0
-2.55504523 -0.0121765424 0.798681868 0 0 0
-0.529919452 -5.06700829 1.78988067 231 231 231
-1.03500015 4.93566171 2.68720145 0 0 0
5.6952054 -1.26925648 1.37298857 0 0 0
-2.03990671 0.891441624 0.996866593 0 0 0
-2.88108422 -0.0775321828 1.27316374 231 231 231
4.39045997 -1.6378976 1.46508488 89 94 108
-1.22680337 0.578851668 1.03822528 0 0 0
2.68907908 -1.10370625 1.07232324 0 0 0
-2.91655612 -0.0340151364 2.50610521 2 2 2
-0.557483048 0.577516856 1.1640547 47 53 66
-4.13151463 0.761846172 0.987095915 70 68 68
-2.10583069 -0.945305154 1.22694258 236 236 236
-2.53011393 0.0794852545 1.52045428 231 231 231
-1.00027722 -1.17445235 0.718514482 67 70 82
-2.57055194 -1.82882984 0.889813142 0 0 0
5.40355943 -1.05325569 0.637120419 41 41 41
-3.2215071 0.31322894 0.720048446 0 0 0
-1.97554803 1.16153808 2.25019839 158 158 158
-0.526743239 0.57522357 1.149286 124 124 124
-0.558046431 -4.89794229 1.41365681 59 62 72
-2.14865044 0.719572369 0.843690634 6 19 42
-1.94461588 -1.75045307 0.877423021 8 8 8
0.139796384 -3.54144879 1.72304935 5 5 5
-1.2440273 0.581772634 1.06373936 141 141 141
-3.2806114 0.100858354 2.43670375 136 138 141
5.71429812 -1.44156116 1.3866364 130 130 130
-1.12106105 -1.3260684 1.82770459 101 103 108
0.34805056 0.764770448 0.941789981 57 57 57
-1.97554803 1.16153808 2.25019839 158 158 158
-0.93499354 -0.981376878 0.849100657 0 0 0
-0.498434943 -4.81435175 1.31515541 59 62 72
-0.914859659 2.6820641 -0.346982253 57 57 57
-3.37953559 -1.2955834 0.787909296 120 126 145
-3.32213968 -0.0108360565 2.3136927 2 2 2
4.04841477 -1.45714338 0.990136608 0 0 0
-2.20859329 0.435316255 1.97402658 231 231 231
-2.314953 -0.937552988 1.23782417 225 225 225
-0.286016797 -6.57763573 1.64038345 0 0 0
-1.94634249 -1.70923596 0.461830275 8 8 8
-1.64859566 2.47518631 0.0425243022 57 57 57
-2.57287336 0.0646220894 0.103297532 0 0 0
-1.75300351 2.07083804 -0.450016068 5 5 5
-4.0200905 -1.10775999 -0.20937807 231 231 231
1.59082689 -0.827253063 0.473283047 59 62 72
-2.55639775 0.0338688574 0.913451357 228 228 228
-2.59150501 0.12615824 0.926205596 0 0 0
-1.95408116 1.15420394 1.99439398 158 158 158
-2.5434524 -0.891828877 1.24299569 67 67 67
-0.00168988796 -2.69825241 1.63196059 0 0 0
-2.10654667 -1.1185851 1.23281358 235 235 235
-1.28277593 4.29680308 -0.889992575 57 57 57
-0.122857589 -1.6962037 0.984963363 0 0 0
-2.67321434 -0.0127072993 0.800778351 0 0 0
1.72782745 -1.64414156 0.366040188 231 231 231
-1.49558093 2.60190885 2.13750764 57 57 57
2.34588982 -0.802387393 0.835197959 0 0 0
5.22481097 -1.08433146 1.08981406 231 231 231
-2.35782231 0.215289985 1.78283922 231 231 231
-1.69408118 0.578249837 1.12443 51 79 61
-2.5101578 0.0399890717 0.673236522 228 228 228
0.681426052 0.695342402 1.58534028 0 0 0
-1.96209647 1.3120214 1.63217204 91 94 100
-0.739526535 0.573477591 1.33964976 124 124 124
-2.61963944 -0.0116789582 0.862527814 0 0 0
-0.933920076 -1.72164382 0.992524053 231 231 231
-3.54352596 0.412180838 1.00027617 73 77 89
5.8617664 -0.33177006 1.44642494 59 62 72
-2.07583157 0.932862427 1.75434838 74 76 81
-2.74301637 0.322297415 1.10413653 101 107 122
-0.861878356 -5.01386573 1.6931533 231 231 231
-2.33820384 0.220128332 1.41298127 231 231 231
-2.09286023 0.902286666 1.75792611 106 111 107
-1.24580014 -1.38088458 0.974257876 231 231 231
6.20579491 -0.345901527 1.45630174 0 0 0
-2.61745459 -1.85980489 0.888842513 0 0 0
-2.64035067 0.524166063 1.1008179 231 231 231
-3.06846924 -0.843802988 0.0324919393 67 67 67
1.99178912 0.0448677313 1.00482415 130 130 130
6.21155062 -0.333608388 1.46571609 0 0 0
-2.81688092 -0.267932722 1.26660417 84 83 83
-0.526321243 4.64025359 -1.30822754 28 28 28
-2.36830014 -0.972388576 1.2311098 235 235 235
-2.53053833 -1.62906922 0.601365206 115 121 138
5.17286323 -1.04696547 0.80877599 59 62 72
-0.529919452 -5.06700829 1.78988067 231 231 231
-0.495734993 0.577743026 1.33376738 90 109 102
6.21275969 -0.333790779 1.46480509 0 0 0
-1.92617683 1.07721126 1.27824811 94 96 100
-2.57836404 0.204005678 0.643951963 0 0 0
-0.900240301 -5.64129411 1.4408455 228 228 228
-0.543599806 0.575181674 1.65809728 91 94 100
-2.09959398 0.420294644 1.45647359 231 231 231
-0.47399499 0.573043324 1.16876206 10 75 40
5.83198448 -0.236338889 1.3772229 0 0 0
-2.80424885 -0.147967471 0.96933309 112 118 135
-0.742804142 0.579419041 1.33232934 124 124 124
-2.30854047 0.199608593 1.44365966 98 103 118
-0.912385816 -1.35420579 1.03219796 98 104 119
-1.61846186 3.07832141 2.07879465 0 0 0
-2.05260484 0.410131288 1.16541895 2 2 2
-2.46913704 0.0672270991 0.122447908 0 0 0
-1.19005985 0.570387607 0.945015088 6 19 43
-0.900240301 -5.64129411 1.4408455 228 228 228
1.79641869 0.413410649 0.809626828 110 116 132
-2.01961418 1.03563551 1.39505461 99 103 110
-0.490335675 0.577726764 1.12721594 12 86 38
5.65132008 -1.36682448 1.29540947 130 130 130
-2.07237792 0.479381145 0.993644514 231 231 231
-0.743314854 0.579708828 1.33192517 124 124 124
-2.02171624 -1.60029908 0.652439331 231 231 231
-2.43820717 0.183276852 1.43083606 103 108 124
-0.65197193 -5.94317427 1.25548809 0 0 0
-1.14847764 -0.953288312 0.59764052 130 130 130
-2.46913704 0.0672270991 0.122447908 0 0 0
-1.22561015 3.24772496 1.03886618 0 0 0
-0.815438082 -5.60448486 1.42258003 228 228 228
0.634274371 0.75949152 0.861623975 29 30 30
-0.815438082 -5.60448486 1.42258003 228 228 228
-2.02530856 0.880926385 0.806056218 0 0 0
-4.21878193 -1.0280726 -0.0485540947 108 106 106
-1.25474951 3.37732461 1.27451772 0 0 0
-0.30991781 -6.41318653 1.47724313 0 0 0
-1.00145773 -1.3319403 0.930610353 59 62 72
-2.77827421 -1.93106125 0.790637855 67 71 82
1.87335731 -1.40183508 0.61710995 0 0 0
-4.32816556 3.07395818 1.82762935 0 0 0
-0.646094514 -5.53449397 1.38492535 98 103 119
-0.554843318 0.576935677 1.12904109 11 81 39
-2.70376311 0.0291597359 2.03168562 188 188 188
-0.17173633 -1.70434025 1.05568072 130 130 130
-3.49506471 -1.43379992 1.14932709 231 231 231
-1.28760754 3.6975188 1.09091329 142 142 142
-2.93494482 0.228595916 1.01170208 0 0 0
0.190730468 -4.81104167 1.61306937 68 72 83
-0.500685397 0.57574623 1.14553328 124 124 124
-2.70376311 0.0291597359 2.03168562 188 188 188
-2.57553498 -0.0955372813 0.848600434 0 0 0
-3.49506471 -1.43379992 1.14932709 231 231 231
-1.28760754 3.6975188 1.09091329 142 142 142
-3.01130903 -0.823864346 0.142486254 60 64 74
5.71830929 -1.39926187 1.49168791 231 231 231
-4.16780617 -0.824455363 1.0404766 231 231 231
-0.696992839 -5.51970377 1.33619036 98 103 119
1.89804613 -1.25452575 0.533595972 0 0 0
-3.24526336 0.0544481864 2.49052506 90 93 101
6.22888442 -0.32110909 1.469985 0 0 0
-1.38571722 0.586831048 1.34092517 56 65 65
-2.04637164 1.00784647 1.66043254 3 13 38
-1.55000553 2.38727726 -0.36901974 29 30 30
-2.698794 -0.0113765147 1.21713721 73 77 89
-2.02451144 1.33772718 0.669945523 124 124 124
-3.3581473 -2.1437815 1.22876797 231 231 231
-1.18380957 3.6411391 -1.24357828 29 30 30
-2.22607042 -1.09280725 1.22715729 235 235 235
-1.56484906 2.79452996 -0.526364642 29 30 30
-2.19641461 0.621212155 0.588579844 92 97 112
-1.75845532 2.20052691 -1.01602515 0 0 0
5.95480775 -0.366182568 1.46117211 231 231 231
-3.11628106 0.139474439 2.60589024 136 138 141
0.254520423 -4.9223678 1.39186096 104 109 125
-1.55328322 0.587816236 1.2774165 67 83 79
-2.18132009 0.652082594 1.92649501 106 106 106
-1.75845532 2.20052691 -1.01602515 0 0 0
5.53670226 -1.02010466 0.86346099 59 62 72
-3.11628106 0.139474439 2.60589024 136 138 141
-2.73509119 0.178928078 0.957065259 0 0 0
-2.39566347 -3.54575474 1.18429532 231 231 231
-0.987249925 0.577629284 1.09398168 79 81 87
-0.956003675 -5.6165817 1.51030819 0 0 0
0.221592079 0.727815477 0.271047043 141 141 141
-0.950750965 -0.912896923 0.74131965 197 197 197
-0.923536639 -5.61223935 1.48650515 228 228 228
-1.29593401 0.579730708 1.09913916 0 0 0
-2.57393542 -0.0146826757 1.38838317 231 231 231
-1.70853986 1.7465265 0.077831804 0 0 0
-2.33863071 0.360990389 2.34330201 231 231 231
-0.516369551 0.586372317 1.18336029 124 124 124
-2.23039353 0.355290892 1.20840902 103 108 124
-0.850575703 -5.57647806 1.49816152 228 228 228
-1.29593401 0.579730708 1.09913916 0 0 0
-0.785462243 -5.60208111 1.40260479 0 0 0
-1.21082824 0.581129772 1.018871 0 0 0
-2.78961743 0.596681505 1.08648442 96 101 116
-0.422191417 4.19325686 -1.13317197 57 57 57
-2.9007359 -1.0586853 1.16190955 129 129 129
-1.11214667 4.26657709 -1.7504748 16 17 17
-0.196077802 -1.70818734 1.05102686 130 130 130
-3.23069187 -2.16250775 0.611057249 71 75 86
-0.836024791 -5.55050204 1.52607496 0 0 0
1.97745813 -0.0356562828 0.983804983 0 0 0
-2.47030236 0.0361658173 1.13086258 67 71 82
-0.876774529 -5.6059385 1.4625535 0 0 0
-0.993547927 0.574324164 1.32707358 112 118 124
-0.877661022 -5.60555118 1.46201245 0 0 0
-2.39425866 0.260708273 1.14517392 64 68 79
-1.73428403 1.55740042 1.97072673 158 158 158
-2.3708637 -1.09314414 1.22383862 167 167 167
-2.46583404 0.147285611 0.924547722 0 0 0
-2.53262246 0.232645643 0.6804354 88 92 106
-3.10678591 -2.20792814 0.589584215 84 89 102
-1.37604259 0.57706585 1.02271794 0 0 0
-2.69245496 -0.00386151718 0.853085747 0 0 0
-1.00183258 -5.60765128 1.57220548 228 228 228
-1.37332685 0.585951959 1.49143472 117 117 117
-0.580783394 6.33768918 3.2411709 57 57 57
5.36491217 -1.57905903 1.17126205 231 231 231
-5.8638362 0.240805386 0.981051887 0 0 0
-1.7787036 1.71728099 2.24036986 57 57 57
-0.868850533 5.48185199 2.81409503 57 57 57
5.36491217 -1.57905903 1.17126205 231 231 231
-1.34252235 2.43478303 2.14262839 57 57 57
-0.164077408 -1.70939658 1.02602317 0 0 0
-0.30818218 -6.37979061 1.42084283 59 62 72
-2.07588744 0.78105234 1.96379401 231 231 231
6.09634741 -1.14184402 1.4014521 231 231 231
-1.64905651 0.580893703 1.59791045 6 19 43
-0.775373287 -4.62186481 1.28189396 73 77 89
-3.17674722 -3.02106977 1.45750751 231 231 231
0.113170765 -4.6899661 1.57387876 70 74 85
-2.88363948 -0.204901861 2.56164032 136 138 141
-0.810612847 -5.43862272 1.324246 59 62 72
0.00872948194 0.697174663 0.331174813 0 0 0
-0.297963273 -6.50331659 1.55544539 0 0 0
-2.66307902 -0.217683981 1.11785722 71 75 87
-2.39361934 -1.16573399 1.20434487 235 235 235
-0.665325764 -5.45419242 1.35878234 106 112 128
1.69358768 0.772054141 0.904832046 123 123 123
0.524722613 -6.09247745 1.75381273 130 127 127
-2.39361934 -1.16573399 1.20434487 235 235 235
-1.50358397 2.7269278 -0.577551353 29 30 30
-0.262457346 -5.2721334 1.34421973 109 114 131
-0.132972882 -6.69275665 1.41381906 121 127 145
-1.16033073 4.1100616 -1.58873033 29 30 30
-2.86755731 -1.62631346 1.18217248 127 127 127
-4.09537662 -0.712034756 1.85546314 4 5 7
-3.2261601 -1.55455285 1.30162904 231 231 231
-0.982465342 -5.59214146 1.55145495 228 228 228
-1.41389071 0.587064818 1.35758244 60 76 72
-2.37385813 -0.0322517752 0.655912768 102 108 124
-1.07961251 -5.71007974 1.34043556 110 116 132
-2.01014201 0.748450933 0.576634227 6 19 42
-0.515783543 0.576986068 1.11960332 124 124 124
-3.51118029 -0.326064072 1.14135876 108 106 106
-3.79339014 -1.86238069 1.14853872 231 231 231
-2.33196168 -0.961321655 1.23096293 0 0 0
-1.0187986 4.46283073 -1.86713087 29 30 30
-1.03018442 -5.76764779 1.3124279 231 231 231
-1.43188609 0.581004781 1.26640428 48 50 52
-2.44674812 0.301607902 2.42921236 231 231 231
-0.942738626 4.94933139 -2.19518365 29 30 30
-3.25887879 -1.66432402 0.990914608 231 231 231
-0.857521523 -5.64660076 1.41621502 0 0 0
-1.51844666 0.585526622 1.21462577 12 90 38
-2.44642264 0.305215072 2.42559075 231 231 231
-0.917972517 -5.7533995 1.31106819 107 112 129
-1.40029175 0.569365258 0.968069383 142 142 142
0.307784003 -4.78782866 1.68435155 228 228 228
-1.39692703 0.578506935 0.962478128 142 142 142
-2.10950414 0.694598008 0.811274266 6 19 42
-2.33482633 -0.953358406 1.23461089 0 0 0
-2.45443837 -0.226709565 0.577019106 114 120 137
-0.397642897 -5.37480382 2.05496283 231 231 231
0.0169047054 0.0443158151 -0.00334039599 236 236 236
3.99017708 -0.460602158 1.12770498 234 234 234
-2.75163679 -0.0252848454 1.10701405 64 68 79
-0.587528005 0.575886386 1.64613529 74 93 89
-1.68395219 2.2407082 -0.216886438 0 0 0
-2.11201673 0.698610239 0.81282603 6 19 42
0.282867393 -4.79955341 1.70259522 228 228 228
0.0148135807 0.0425772414 -0.00185177753 236 236 236
-2.37269428 0.276084828 1.26402018 89 94 108
-0.682207395 0.583689284 1.62337993 12 31 62
-2.2784314 0.415490087 0.658725452 62 66 76
-2.99025045 -0.710380496 1.27332783 231 231 231
0.67153615 -5.99119057 1.76348395 130 127 127
-2.36639299 0.352454376 2.50307412 231 231 231
-1.8636912 0.565328797 0.436186477 107 107 107
-3.74478212 -1.00763521 1.75071121 4 5 7
-1.43270018 0.588581594 1.30819931 11 12 13
-1.90134516 1.73064693 -1.57771006 157 157 157
-3.02632789 -0.232701948 0.544411338 82 76 73
-2.11074137 0.889600403 2.19916664 106 106 106
-2.05458802 -4.28269306 1.9148434 130 130 130
-1.37434927 0.576588991 1.18188278 0 0 0
-1.92913005 0.654395148 0.236264907 0 0 0
-2.11223556 0.89155385 2.19747658 106 106 106
-3.22773481 -1.58305878 1.02195733 64 67 78
-2.06197887 0.88669404 0.849963366 108 108 108
-0.191766021 -1.7100775 1.22415441 231 231 231
-2.72207545 -1.92231712 1.09003662 197 197 197
5.71191385 -1.25513549 1.42857742 130 130 130
-2.11580913 0.667457037 2.07653358 231 231 231
-2.9673706 0.6016079 1.0469094 94 99 114
-1.92913005 0.654395148 0.236264907 0 0 0
-1.36203526 2.90260667 2.53961042 231 231 231
-2.08408231 0.917417967 1.69123044 6 19 42
-2.37109891 -1.08529599 1.21601088 0 0 0
-1.61767721 1.96072336 0.131597216 57 57 57
-2.44373454 0.228389288 1.92248078 168 168 168
-1.85444583 0.700084431 0.712577909 6 19 43
-1.99806331 0.855575316 0.197487108 3 11 25
-2.37100897 -0.981788217 1.23117171 236 236 236
-2.01528924 1.0893141 1.98378695 158 158 158
-1.85444583 0.700084431 0.712577909 6 19 43
-2.00584756 1.06635929 1.98535186 158 158 158
-2.72380869 0.70893235 0.900059918 198 198 198
-1.77444997 1.58740912 1.97203126 158 158 158
-3.07037276 0.300372884 0.769538631 0 0 0
-0.989731351 4.55629829 -1.97886694 29 30 30
-2.22906014 -1.20530632 1.24670689 129 129 129
-1.80101489 1.64679788 1.99368463 158 158 158
-1.74343502 0.589543179 1.09378455 1 3 8
0.105414739 5.86380911 -2.68609947 0 0 0
-2.36602612 -0.938746373 1.1939456 56 56 56
-3.64578628 -1.05430215 1.62169157 4 5 7
-2.67784347 0.569378126 1.08611507 95 100 115
-2.38487719 0.244860201 1.7819049 231 231 231
-1.23133122 0.55049966 0.593317698 6 19 43
-0.701405398 -5.32223686 1.82299226 111 117 135
0.0309590762 -0.0157593957 -0.00420845501 236 236 236
-2.13771588 0.752712691 1.63774949 73 74 81
-0.5259078 -5.06616448 1.78852883 231 231 231
0.0313163796 -0.0156179966 -0.00440582365 236 236 236
-1.92457033 1.24724608 1.63591372 89 92 98
5.76933506 0.221516382 1.31982411 231 231 231
-1.21603386 3.6937763 1.36869119 142 142 142
-0.944897818 0.575224032 1.60047822 88 91 98
-0.459348051 -5.09536626 1.66402294 89 94 108
5.98005111 -0.274911545 1.28810208 231 231 231
-1.17722544 3.56294214 1.3489805 142 142 142
-0.815035735 0.575781736 1.61660979 88 91 99
-0.936143655 -5.6162941 1.49440843 228 228 228
-1.42182188 0.585258804 1.34657856 60 75 72
-1.17722544 3.56294214 1.3489805 142 142 142
-0.815035735 0.575781736 1.61660979 88 91 99
-2.09932735 -0.957381572 1.21298954 236 236 236
-2.13853523 0.844131455 1.15022796 71 73 73
-2.30559941 0.291074922 0.584165281 0 0 0
-2.7852868 -0.0977748753 1.37058008 102 108 124
3.88235928 -1.61647498 1.29020708 74 78 90
-0.956740881 -5.88035235 1.37136683 8 8 8
0.134261069 0.708464915 0.380298496 0 0 0
4.74350051 -1.48093616 0.808204788 109 115 131
-2.45989069 0.00765141518 1.40503187 99 105 120
-0.956740881 -5.88035235 1.37136683 8 8 8
0.0639094195 0.0725485348 -0.0100424107 0 0 0
4.04274997 -0.515185858 1.12756827 233 233 233
-2.34111003 0.181976843 1.47117761 0 0 0
4.03797229 -0.525337255 1.12492808 0 0 0
-2.33287249 0.216257791 1.41435396 231 231 231
-0.684951743 -5.50849577 1.31864694 0 0 0
-2.10487415 0.908377079 0.911812852 142 142 142
-2.09911536 -1.53747493 1.21092768 127 127 127
0.34881039 -4.81032744 1.62896592 228 228 228
0.0735720887 0.125945519 -0.0251936842 236 236 236
3.86447225 -0.391803615 1.1225853 234 234 234
-2.15766023 0.500602684 1.3857134 2 2 2
-2.81034508 0.468930105 1.02548229 106 111 128
0.348670811 -4.81036838 1.6291691 228 228 228
-0.0437445627 0.0594485523 0.00249580783 0 0 0
-3.23020601 -0.462431029 1.27706846 70 68 68
-2.90162845 0.744647415 0.934463663 12 13 13
-2.13009417 -1.10536204 1.20939153 235 235 235
-2.09695946 0.942046701 0.773678685 0 0 0
0.253330176 -4.91544021 1.5642511 111 117 134
-1.29353127 0.579044407 1.1303815 142 142 142
3.82705199 -1.35152641 0.856507314 105 110 127
-3.06063755 -0.349003971 1.27807885 147 147 147
-2.85733372 0.729358591 0.944377606 12 13 13
-2.19014652 -1.01613608 1.23445871 0 0 0
-2.09695946 0.942046701 0.773678685 0 0 0
-2.02438892 -4.30264658 1.69288222 0 0 0
-1.37192541 0.571633366 1.22639778 141 141 141
-2.29659516 -1.05345452 1.23156853 235 235 235
-1.71317961 1.72402997 0.493440881 57 57 57
-2.9988771 -1.80340907 0.615317709 107 107 107
1.77984958 -0.0127702134 0.816339537 108 114 130
4.05066635 -0.442647495 1.12279458 233 233 233
-2.16059326 0.559919544 1.14170966 2 2 2
-1.52743256 0.587910701 1.25545691 54 61 62
-1.71317961 1.72402997 0.493440881 57 57 57
5.54103214 -1.14376668 0.864752025 231 231 231
-2.11305892 0.695675777 1.18962786 0 0 0
4.01920542 -0.528551946 1.12435049 233 233 233
-0.756575992 -5.1838282 1.78396924 231 231 231
-1.37799503 0.586338552 1.31169707 88 88 87
5.7188371 -0.205632854 1.41893525 0 0 0
-2.09484831 0.851063285 1.20204098 54 56 58
-0.570781981 0.576795967 1.50840331 73 80 92
5.55009634 -0.257751439 1.53328284 0 0 0
-1.74167133 2.2674006 -1.37149699 143 143 143
-0.607744489 -5.25378784 1.85202633 231 231 231
1.96620322 0.509415554 0.955354166 0 0 0
4.67097811 0.402629672 0.837493173 107 112 129
-1.94945714 1.29030056 1.03727985 123 123 123
-0.514887975 0.577633027 1.50776188 83 89 101
-1.74167133 2.2674006 -1.37149699 143 143 143
4.01297204 -0.458412645 1.12818682 0 0 0
-2.08307057 0.541631398 1.00103635 12 28 43
-0.514887975 0.577633027 1.50776188 83 89 101
5.4581519 0.500851418 1.02985689 231 231 231
-1.78539337 2.23628096 -1.66639934 143 143 143
4.09135218 -1.46248479 0.991546796 164 164 164
-2.07474161 0.892523577 0.958352869 141 141 141
-3.1020176 0.276075296 0.809309903 3 3 3
-0.967439069 -5.62486405 1.52185198 0 0 0
-0.982533499 0.573156397 1.34368893 112 118 124
4.0897308 -1.46136801 0.992444244 164 164 164
-1.8502323 1.21830882 0.971627779 104 105 107
-2.59650696 0.75810429 0.926708002 7 22 42
-0.971060078 -5.62413329 1.5212584 0 0 0
1.61808088 0.22265903 0.789200186 59 62 72
-1.62527569 0.583999815 1.17480296 39 41 42
-0.898762952 -5.61347312 1.47354245 0 0 0
-0.960699144 0.580571655 1.27691069 87 89 94
-2.0858519 0.945551925 1.10375013 0 0 0
-0.239752894 6.61510142 -3.23818282 6 20 41
5.47973802 0.512872015 1.06361146 124 124 124
-0.89919798 -5.61354771 1.47367685 0 0 0
3.97337496 -1.43995707 0.935196183 0 0 0
-2.56588032 -0.071700357 0.825153822 228 228 228
-0.953919399 0.575868958 1.33545928 112 118 124
-0.237495059 6.6133579 -3.2373627 6 20 41
-2.60297525 -0.124565974 0.914189073 228 228 228
-0.829550169 -5.53545431 1.53535153 0 0 0
-1.52333101 0.584208572 1.28579213 12 13 14
-1.32545834 0.578399365 1.10863975 0 0 0
-0.768588664 0.577321039 1.31604412 124 124 124
4.24972088 -1.60108181 1.38139205 59 62 72
-1.9757942 1.17983342 0.790574712 101 107 113
-0.713065779 0.576864127 1.36413997 12 88 38
-0.879645508 -4.34059473 0.854406096 94 99 114
-1.64029772 0.585657192 1.21318155 6 6 8
5.55961898 -1.13438632 0.859892503 231 231 231
-1.9757942 1.17983342 0.790574712 101 107 113
-0.724183555 0.576755565 1.32939388 89 94 101
-0.854724651 -4.36298906 0.878165688 94 99 114
-1.37526493 0.579839671 1.02047097 0 0 0
5.78365999 -0.224249312 1.34267239 0 0 0
-1.7504305 2.33812832 -1.57728901 143 143 143
-0.977966983 -1.36988282 0.968224629 231 231 231
-0.973181926 -5.94811578 1.30469825 8 8 8
0.0889700343 0.137591836 -0.00429465843 236 236 236
-0.540549349 -5.05284054 1.22161268 0 0 0
-0.0120829748 0.0137375959 -0.00339284507 236 236 236
-2.54205359 0.0209321449 0.766826805 228 228 228
5.82666752 0.308823374 1.18629157 0 0 0
-0.833143685 5.14220738 -1.56181768 57 57 57
-2.58769358 -0.0123652703 0.812503186 0 0 0
4.05560187 -0.531364778 1.13068422 0 0 0
-0.879904121 2.51118989 -0.668600671 29 30 30
-1.26059914 0.580521436 1.07893004 0 0 0
-0.526653058 5.93077099 -2.96006909 0 0 0
5.89550567 0.288091812 1.44003027 231 231 231
-0.706394877 -5.29488247 1.77234989 231 231 231
4.02759506 -1.46631682 1.03191128 164 164 164
-1.16119692 1.54902528 -1.10222235 142 142 142
-0.538084681 0.578985827 1.35599324 124 124 124
3.94683944 -1.44108862 0.884562676 59 62 72
-2.1865194 0.670033757 1.91766844 106 106 106
-0.802303696 0.57825524 1.09401317 75 77 84
4.1393116 0.175671448 0.852468935 0 0 0
-2.18483481 0.676279321 1.63346814 8 20 43
-0.803480538 0.579437571 1.09308667 75 77 84
-1.11454803 -5.53319699 1.72646203 231 231 231
-1.63199823 0.585116368 1.21220268 36 42 42
4.10388502 -0.582885285 1.13024818 233 233 233
-2.45672045 0.162584568 1.40442235 104 109 125
-0.46245783 0.578447723 1.26007837 117 117 119
-2.28508412 -1.07456377 1.23114384 0 0 0
-1.69078176 2.32486161 -1.33416113 0 0 0
-3.77146353 -0.680460743 0.505955231 0 0 0
-1.08685231 -4.48995459 1.38991666 104 109 125
-1.62572907 0.585404254 1.20117797 8 8 9
4.03581159 -0.563551723 1.13440968 0 0 0
-2.42795495 0.175436831 1.38917372 231 231 231
-0.46245783 0.578447723 1.26007837 117 117 119
-2.27379432 -1.06526701 1.22861685 0 0 0
-1.69547455 2.41952479 -1.71697572 0 0 0
-2.47605958 -0.0844055215 0.457141211 0 0 0
-0.496385529 -5.04967788 1.64817784 89 94 108
0.0180981497 0.01130828 -0.00056376757 0 0 0
4.03839907 -0.562393827 1.13402331 0 0 0
-2.33778241 0.189878405 1.40178986 0 0 0
-2.2701837 -1.08048102 1.23277715 216 216 216
-0.455253114 5.96072406 -2.69538573 124 124 124
-0.998276364 -5.87043857 1.30757838 231 231 231
5.31499019 2.93859249 -0.655345647 29 30 30
-2.06981953 0.768567835 1.36186689 0 0 2
-0.260937146 -5.26939729 1.34680996 109 114 131
6.019839 -1.18183989 1.34374824 0 0 0
-2.8999582 -0.647006963 1.36188461 111 111 111
-0.931755735 0.575446355 1.59997198 68 72 85
-2.82459332 -0.295486869 1.31375174 0 0 0
-2.58874496 -0.14048617 0.622762203 88 93 107
-1.09427902 -5.58339984 1.75434615 59 62 72
-0.940120717 0.58321162 0.980759438 12 90 38
-0.749475771 0.575906168 1.63263526 72 77 89
-1.5106723 2.02579904 -1.37105002 0 0 0
-1.6517268 2.44293883 -1.88417057 143 143 143
-2.47452925 0.000251488574 1.1787553 95 100 115
-0.691334346 0.576189134 1.61648421 84 88 97
-0.456707956 6.04190331 -3.04136731 231 231 231
-2.47758229 0.0343915236 0.0529893275 0 0 0
-0.610880035 -5.0472197 1.81813649 98 103 118
-0.68038092 0.573433071 1.25931534 124 124 124
-0.562726003 0.57646642 1.65165566 4 5 7
-3.56674102 -1.57170151 0.141746665 231 231 231
-1.37644063 0.580499556 1.31149409 70 73 75
-2.04789346 0.642217926 1.04514422 44 61 50
-0.576196237 0.576485818 1.52643014 72 78 90
-0.808812549 -5.42959259 1.61456952 109 115 132
-1.21454489 0.583148775 1.17633843 0 0 0
3.9379662 -0.559302369 1.13517136 0 0 0
-2.5857202 0.0281300385 0.827220721 228 228 228
-0.576196237 0.576485818 1.52643014 72 78 90
-1.19865719 3.6692808 1.16902559 113 113 113
-4.27628445 -1.26119408 0.583731722 0 0 0
3.90501924 -0.406316093 1.11338461 234 234 234
-1.90775952 1.38759845 0.679323478 123 123 123
-2.96415382 0.320008176 0.99400853 69 73 85
4.13178892 -1.43777121 0.888622264 164 164 164
-1.52599437 1.47151031 0.213853362 231 231 231
-0.755115406 0.576637245 1.31484119 32 58 55
-1.06872651 -5.27043283 1.24718749 111 117 134
0.0536621637 0.0193893964 -0.00604650925 0 0 0
4.71465336 0.383209078 0.927773334 59 62 72
-1.50909543 1.4349262 0.224970292 231 231 231
-0.739901645 0.575531842 1.28052472 58 61 71
-0.895336606 -5.67725298 1.33383801 228 228 228
-1.32210174 1.73147 0.103156422 9 11 13
-0.492222872 0.577383437 1.34347361 124 124 124
-0.874674537 -4.3603733 1.0917384 68 71 82
3.87617912 -1.13348474 0.865825939 114 120 138
-0.732140895 3.00797254 -0.962223969 9 11 14
-0.493546186 0.578564637 1.27755046 109 109 110
-0.397634061 -5.21952191 1.64650426 112 118 135
4.35399895 -1.56744499 1.4494947 59 62 72
-0.71128629 2.94145002 -0.936292216 9 11 14
-0.493546186 0.578564637 1.27755046 109 109 110
-1.14849537 -5.49573181 1.6592941 94 99 114
-1.56186486 0.585203365 1.26632929 67 82 79
4.99207949 -1.28225367 0.912037058 105 110 126
-0.515846787 3.52293329 -1.3239782 9 11 14
-3.38745503 -0.282403311 2.45357359 231 231 231
-0.353534437 -1.76993704 0.409200962 8 8 8
-1.91735156 -4.44510713 1.64837802 130 130 130
-1.30573897 0.580464526 1.08565926 0 0 0
4.99207949 -1.28225367 0.912037058 105 110 126
-2.41847043 0.168071112 2.17506632 231 231 231
-0.755841801 0.576654294 1.62462772 12 31 62
1.91892473 0.50684326 0.903573534 0 0 0
-1.47102084 2.60884768 2.15729147 57 57 57
-0.558635451 0.576814559 1.52579673 68 74 86
-0.577750178 -4.73516847 1.20885482 0 0 0
-0.826192184 0.550713787 1.52506896 94 100 111
5.62424705 -1.40969088 1.26449739 0 0 0
-2.04678259 1.07763248 1.70201849 92 92 96
-0.558635451 0.576814559 1.52579673 68 74 86
-0.628733145 -4.64602485 1.20870775 84 89 102
-0.0691763718 -0.123728117 0.0159543881 236 236 236
-1.93758206 1.37446009 1.62979405 4 17 45
-0.549982818 0.576613183 1.51767256 94 101 111
-5.32015989 0.676987797 1.64352215 4 5 7
-1.22289214 0.588048832 0.493011392 6 19 43
-2.30366283 0.236737337 1.48996616 0 0 0
-1.99016192 1.19649046 1.58268543 49 57 75
-4.20300823 0.962803776 1.06194014 231 231 231
-0.963582179 0.574343792 1.34046327 89 95 103
4.15406508 -0.593319207 1.11795822 233 233 233
-2.2825634 0.284585289 1.40823147 231 231 231
-1.18805029 0.575328626 1.04396342 143 143 143
4.03602139 -0.460310487 1.12096554 0 0 0
-2.44462402 0.0274902537 1.21945938 72 76 87
-2.52612952 -0.235273053 0.62184342 104 110 126
-2.04394801 1.02321894 0.95378088 123 123 123
-0.585830403 0.576509937 1.63336406 5 6 9
3.95608648 -0.441961671 1.12670174 234 234 234
-1.53819886 1.41838028 0.299911417 4 4 4
-3.58480062 -0.662158325 0.458571344 197 197 197
-2.72184572 0.761973367 0.92341018 34 61 51
3.85131933 -0.394765836 1.13033569 235 235 235
-1.23417451 1.94649996 -0.0489982548 9 11 14
-1.20600321 0.589550243 1.05061554 143 143 143
-3.06663138 -1.43143479 0.677735938 0 0 0
-2.5729931 -0.0631579271 0.829658285 228 228 228
5.2024649 0.178390854 0.830952433 59 62 72
-1.21792853 1.85406087 -0.129473268 29 30 30
-0.496563137 0.577878534 1.2899549 124 124 124
-3.56260599 -0.867229994 0.39637406 0 0 0
-2.5729931 -0.0631579271 0.829658285 228 228 228
4.03481058 -0.515501962 1.11989215 0 0 0
-2.48953866 0.0532569276 0.075981783 0 0 0
-2.24299648 -0.235406054 0.61844991 117 123 141
-0.815618854 -4.40753284 1.2599444 59 62 72
-0.770748654 0.579041013 1.42836545 82 85 91
-1.79073553 1.72798936 2.28814305 57 57 57
-1.12111513 -5.72688828 1.31486934 231 231 231
-0.770748654 0.579041013 1.42836545 82 85 91
3.92824047 -0.412053954 1.12447436 0 0 0
-1.79073553 1.72798936 2.28814305 57 57 57
-0.453177149 -5.79814019 1.34149266 60 64 74
1.94895086 0.514444878 0.897429382 0 0 0
5.52683531 0.138944568 0.895146991 59 62 72
-2.10221174 0.78236803 2.09929079 231 231 231
-0.963913201 0.58086971 0.933969231 124 124 124
-0.477345498 -4.90123408 1.29763767 60 64 74
-0.742430212 0.578299041 1.15911922 112 118 124
4.78373392 -1.44249922 0.881707089 59 62 72
-1.72666943 1.74152609 2.14542626 0 0 0
-2.16588311 -3.92753734 1.6985706 158 158 158
6.01617409 -1.17266285 1.2711753 231 231 231
-2.11813513 0.706027207 1.63732203 61 63 71
6.01617409 -1.17266285 1.2711753 231 231 231
-2.02872529 0.947763999 1.51510107 110 112 114
-0.721890362 0.576270982 0.98172238 55 97 64
-1.98292853 1.11212293 1.53690806 17 35 65
-1.24317414 0.587603394 1.10361641 0 0 0
-1.93410939 1.372484 1.4907685 20 35 62
-1.19676224 0.564312685 0.52481394 6 19 43
-4.47655558 -0.212039868 1.90330767 44 44 136
-1.90480451 1.39297282 1.43200095 110 112 114
5.53081431 -0.166480541 1.47497598 59 62 72
0.439298819 -4.80621745 1.54742934 228 228 228
-1.36673975 0.5848191 1.35277367 59 67 67
-2.16938275 0.64270626 0.942165118 231 231 231
5.42476868 -1.11711494 0.990657917 231 231 231
-0.588482707 5.8651257 2.48400023 11 11 11
-3.93188808 0.693084612 1.14834686 0 0 0
-2.08067176 0.926138178 0.863343442 0 0 0
5.77428328 -1.1075843 0.210773511 231 231 231
-2.04499324 1.06028633 0.908795645 80 93 85
5.25759042 -0.712836259 1.1169163 231 231 231
-2.93078912 0.107365522 1.00610916 76 80 92
0.477218734 -4.40145394 1.36967987 85 79 76
-1.32375226 0.58874722 1.42142226 2 2 3
-2.04499324 1.06028633 0.908795645 80 93 85
5.76979352 -1.18215292 0.215676487 231 231 231
-2.8622336 0.752740546 1.02770722 2 2 2
0.351367864 -5.71379751 1.73122873 0 0 0
-0.515225488 0.581411688 1.17113385 124 124 124
-2.56464727 -0.0425919137 0.822897433 0 0 0
5.76979352 -1.18215292 0.215676487 231 231 231
-0.31832248 -6.41889522 1.47614565 0 0 0
-1.55278293 0.588885854 1.25855402 61 76 73
-0.312311195 -6.41874797 1.48021009 0 0 0
1.61114599 0.206546335 0.747587776 5 5 5
-2.48798216 0.0529140988 0.860748203 228 228 228
4.76338641 -1.47579126 0.854765165 113 119 136
-0.983403384 5.08132576 2.81902726 57 57 57
-1.67531725 0.583723163 1.57796028 8 20 43
-1.34289045 2.87613865 2.54014777 231 231 231
4.12711454 -1.50196758 1.08630403 0 0 0
-2.19056145 0.550855595 1.96035263 231 231 231
6.2213778 -0.670195308 1.37915231 231 231 231
-1.33734778 2.5511191 -0.256779433 57 57 57
0.426080213 -4.79457559 1.57383985 0 0 0
1.91047434 -1.52500012 0.700698401 130 130 130
-2.33947834 0.190331041 1.40171719 0 0 0
5.31496303 -0.775808427 1.10083036 59 62 72
-4.41003164 -0.808495197 1.08077405 231 231 231
-4.35700177 -0.796716925 1.0598902 0 0 0
4.20260129 -1.61421329 1.31601864 59 62 72
-2.41797469 0.215620169 0.98246121 111 116 134
0.44825609 -4.7816805 1.601211 228 228 228
1.88910427 -1.49259279 0.661605268 0 0 0
-2.09829925 0.895689026 1.0648018 141 141 141
-3.00320946 0.0753389104 1.10101175 70 74 85
5.26466728 -0.689849794 1.12667615 59 62 72
-2.08678323 0.646904077 0.96138988 6 19 42
-2.55965443 -0.233056805 0.605918038 106 112 128
0.537283852 -5.86431803 1.75540657 235 235 235
1.82028707 -1.38018474 0.571561282 130 130 130
5.77548829 -1.12927099 0.170902303 85 79 76
-2.44784058 0.150897856 0.689101621 98 103 119
-0.996739988 0.580279815 1.32399238 112 118 124
0.537766919 -5.86470052 1.75598474 235 235 235
1.85706529 -1.57569368 0.56127832 130 130 130
-3.10678591 -2.20792814 0.589584215 84 89 102
1.59211589 -0.88592231 0.42532904 0 0 0
-1.05849785 -4.05277653 0.823713619 108 114 130
-1.06495364 -1.11761138 0.763016528 0 0 0
-0.734158717 5.59986219 2.77233448 0 0 0
4.7211488 -1.11285359 0.83374611 59 62 72
0.376302919 -4.79950805 1.60521288 228 228 228
-1.09616614 -1.0708651 0.68481698 0 0 0
-1.22932996 3.92953759 1.36091886 0 0 0
5.46256893 -1.05165724 0.935375995 59 62 72
-2.11890579 0.788782407 2.17045851 5 5 5
-2.5752106 -0.205027177 0.777627245 113 119 137
-0.459304653 -5.08226598 1.20316612 0 0 0
-1.09616614 -1.0708651 0.68481698 0 0 0
-2.18625708 0.509443756 1.04542878 231 231 231
4.54390539 -1.42916051 0.934408407 0 0 0
0.371608216 -5.84349594 1.72530079 235 235 235
-1.11604206 -1.02785204 0.662549837 130 130 130
0.36573138 -4.82518383 1.5214594 0 0 0
-1.11604206 -1.02785204 0.662549837 130 130 130
0.475285189 -4.78437327 1.53411469 0 0 0
-0.080550978 0.139970199 -0.00975273591 235 235 235
-2.5936674 0.0516690107 2.34102211 231 231 231
5.23316213 -0.744225406 1.17939927 231 231 231
-0.870544373 -6.00544943 1.1314658 231 231 231
-1.08864238 -1.3116445 0.51689339 116 122 139
-2.23735294 0.447097951 1.94518547 231 231 231
5.00243387 -1.10343724 0.637944106 85 79 76
0.593913254 -5.46297981 1.61035863 86 81 77
-0.438266964 0.575829041 1.6055682 8 20 44
0.658348633 -5.97753637 1.77752134 236 236 236
2.01386872 0.660240601 0.908938194 5 5 5
-2.14633839 0.599981402 1.29014826 231 231 231
5.63251092 -1.23527336 1.1980767 130 130 130
-2.9370164 0.462301787 1.13568407 89 94 108
1.93674296 -1.5480383 0.749432051 0 0 0
-2.14633839 0.599981402 1.29014826 231 231 231
6.22011231 -0.633419643 1.45949157 0 0 0
-0.276410159 -5.33743932 1.53283401 111 116 134
1.12806795 -1.62385086 0.994027171 231 231 231
-0.543236705 4.14142046 -0.938472956 0 0 0
5.67691156 -0.137451982 1.49431436 59 62 72
-0.579692625 -4.94056621 1.49407536 71 75 87
1.66827124 -0.152328175 0.713698031 0 0 0
-0.439403704 3.61765017 -1.47017839 29 30 30
5.79507169 -1.44154817 1.4780174 0 0 0
-1.79565508 0.584049042 1.5817372 64 67 75
-1.78458782 -3.50452835 0.638307831 59 62 72
-0.194003528 -1.70751365 1.08305061 130 130 130
-1.01207147 5.03563095 2.77971302 57 57 57
5.66101641 -1.35762438 1.35987233 130 130 130
-1.65717085 0.580487955 1.57290787 71 74 81
-0.545391313 -6.33710161 1.48157147 231 231 231
-0.160498871 -1.70916324 1.05306216 130 130 130
-0.708362717 5.59450486 2.6797479 0 0 0
5.63611175 -1.35224716 1.34856937 130 130 130
-3.13132409 -0.160083597 1.28222705 89 88 88
0.143041545 -3.54896687 1.72795709 5 5 5
-0.170553468 -1.70433295 1.05620892 130 130 130
-2.26428597 0.428932518 1.92001068 231 231 231
5.63611175 -1.35224716 1.34856937 130 130 130
-2.77240824 0.273827553 1.06770887 69 73 85
-5.15519525 2.84681069 0.62013976 0 0 0
1.74359489 -0.211933009 0.741415437 59 62 72
-2.15241147 0.559611702 1.05446055 231 231 231
5.5563704 -1.11482069 0.852319498 231 231 231
-2.58142936 -1.96690594 1.06207941 0 0 0
-0.115233113 -1.71359915 0.96481653 0 0 0
5.79819091 -1.69967184 0.626495136 231 231 231
-1.19549341 3.7961383 0.760032037 142 142 142
-1.19549341 3.7961383 0.760032037 142 142 142
4.32529424 -1.60603239 1.30350139 74 78 90
-2.5036824 0.226885896 2.13010523 53 53 160
4.19029553 -1.60335472 1.30960923 94 99 113
-0.566745227 -5.10854404 1.8176989 231 231 231
2.09880255 -1.73618834 0.031362203 231 231 231
-1.28828523 3.08267361 2.45886604 38 38 38
5.56771542 -1.15548446 0.873986847 59 62 72
-3.3498001 -2.05769828 0.473885635 73 77 89
-1.04818881 -1.12994766 0.826328936 130 130 130
-1.28828523 3.08267361 2.45886604 38 38 38
4.78813009 -1.08703832 0.822699621 59 62 72
-0.994636185 -5.63239509 1.50126659 228 228 228
-1.88767898 1.17839065 2.03771615 57 57 57
-3.17311159 0.240503934 0.952043163 100 105 120
5.67760853 -1.40999546 1.40766971 0 0 0
-1.8376781 0.620097368 0.196782757 6 19 42
0.270397118 -4.78909606 1.70051642 228 228 228
-0.462704061 0.568049433 1.64380038 5 22 51
5.54070176 -1.02599961 0.867762943 59 62 72
-1.42125537 2.47130779 2.12982774 38 38 38
-3.30883952 -1.62541866 0.120113778 0 0 0
-0.322742968 -5.24447815 1.33373711 0 0 0
2.18430089 0.686078151 1.01318578 26 27 27
-2.01583342 0.855336438 0.134049657 6 19 42
6.0851964 -1.13746336 1.39685926 231 231 231
0.296187693 -4.9469749 1.46359508 100 105 121
1.87409124 -1.41016762 0.578762461 130 130 130
-1.9958596 1.18271513 0.841380369 99 104 111
5.70683262 -1.43666311 1.5160931 0 0 0
0.55565157 -5.91784072 1.75914283 0 0 0
1.8687376 -1.55705336 0.581322422 130 130 130
-1.9958596 1.18271513 0.841380369 99 104 111
5.70683262 -1.43666311 1.5160931 0 0 0
0.55565157 -5.91784072 1.75914283 0 0 0
-0.760450856 0.571299718 1.14697871 100 106 113
5.25039818 -0.404154835 1.1403647 59 62 72
-2.04467398 0.542427704 0.0989477669 0 0 0
-1.60643595 0.580698524 1.60776406 117 117 118
0.637006912 -5.5327753 1.69208249 68 67 67
-1.11627714 -1.07922045 0.652602025 130 130 130
-2.12085482 0.892134329 2.21253106 106 106 106
-2.65979486 0.295379875 1.06624087 110 116 133
-1.65967275 1.8638687 2.31871563 0 0 0
4.79033752 -1.11944294 0.838314055 113 119 136
-0.913561756 -4.404368 1.01726193 92 97 111
-0.250821734 -1.70753463 1.06459173 0 0 0
-2.24437803 0.383011557 1.97222658 2 2 2
-0.496111839 -4.92754707 1.28673701 82 86 99
-0.262708524 -1.70397056 1.10780985 0 0 0
-2.19279806 0.663037593 1.92545312 106 106 106
5.62924025 -0.708659456 1.06975543 0 0 0
-0.317140066 -6.47082714 1.56552131 0 0 0
-1.08110692 -1.06014137 0.764610513 0 0 0
-0.282689978 -6.54812978 1.58659899 165 165 165
-1.0872588 -1.10736624 0.71858524 0 0 0
-2.15473706 0.700536466 1.79488031 6 19 42
-1.85233428 0.584347415 1.5643913 7 20 43
-0.277354147 -6.54699927 1.59000601 165 165 165
-1.11316964 -1.66437184 0.574954958 59 62 72
5.41819767 -1.09425731 0.545896877 231 231 231
-2.17125501 0.685984899 1.77313849 100 100 103
-4.96837505 0.6745835 0.963476682 0 0 0
0.427854892 -4.81185688 1.57065433 0 0 0
-1.32140056 3.22065771 1.74908837 142 142 142
6.04634586 -0.66712262 1.23619604 231 231 231
0.427854892 -4.81185688 1.57065433 0 0 0
-1.09064192 -1.3067726 0.506135195 116 122 140
6.04634586 -0.66712262 1.23619604 231 231 231
-1.31056325 3.19894552 1.75486221 142 142 142
-1.68496462 0.581843734 1.58577713 35 42 56
0.490455306 -5.96078829 1.75988273 236 236 236
-0.429748143 0.590500693 1.58570989 19 35 63
0.490455306 -5.96078829 1.75988273 236 236 236
2.02059163 -1.26013783 0.810417996 1 1 1
0.518305789 -5.72637036 1.74013037 236 236 236
2.02272462 -1.26038833 0.810133911 1 1 1
5.42373891 -1.33340674 1.09464493 0 0 0
-2.4244947 0.287774614 1.18016939 102 107 123
-3.72907108 -1.0755536 0.0146139656 0 0 0
0.531034236 -5.9010561 1.74836469 236 236 236
-0.554447715 -1.68820749 0.876818949 231 231 231
5.31302265 -0.541414698 1.22489059 59 62 72
-2.39942994 0.229223323 1.16475877 104 109 125
-1.37359957 0.578521311 1.18382927 0 0 0
5.63475304 -1.4306086 1.20022027 130 130 130
-2.01632414 1.19511615 1.06815241 97 103 108
-1.36744428 0.573014139 1.19059427 0 0 0
4.79610439 -1.38761637 0.876068721 106 111 127
-2.01632414 1.19511615 1.06815241 97 103 108
-5.95903557 -0.623801308 1.03252428 0 0 0
-0.887008422 -5.39467715 1.80329882 231 231 231
-2.56528763 -0.0153380371 0.826523185 228 228 228
5.16126388 -1.62549816 0.824200786 77 81 94
-2.04273688 1.24245946 0.491588206 72 99 78
1.93206219 -1.39666231 0.770104261 0 0 0
0.102095873 -4.63638685 1.89277253 110 115 132
-0.249183873 -1.6429623 0.903959989 231 231 231
6.16551578 -0.233508029 0.262388971 0 0 0
-2.4033632 0.331166317 0.534464564 119 125 143
-2.58153314 -0.156279298 1.14532752 102 107 123
-0.472707943 -5.04625353 1.64660507 87 92 106
2.44399 -1.11116209 0.0536448502 0 0 0
5.70602975 -1.3245708 1.34878057 130 130 130
-0.811946702 5.29448524 2.79534333 57 57 57
-2.78369995 0.237239229 0.931892784 0 0 0
-2.37263443 0.31191832 1.18823711 103 108 124
5.63630221 -1.28362857 1.29218295 130 130 130
-2.56279567 -0.0421085006 0.824705415 0 0 0
5.74498627 -1.69787902 0.629308075 231 231 231
-2.51604808 0.0496911189 0.71626712 0 0 0
4.78479293 -1.61454535 1.29675694 74 78 90
-3.68590504 -0.711894759 0.344007932 0 0 0
-3.44959291 -0.967140094 0.391251968 0 0 0
2.39591203 0.0107068816 -0.00692613532 0 0 0
-2.35705681 0.143698978 2.03244107 175 175 175
4.36192864 -1.61796524 1.48284131 0 0 0
-1.10851805 -4.54195969 1.35544844 231 231 231
6.09763698 0.524752297 1.49120996 231 231 231
-2.05290358 1.08233344 1.70121866 90 91 95
4.21410299 -1.62316718 1.30225715 0 0 0
-1.20108623 -4.48071902 1.30712139 231 231 231
5.83136327 -0.743043714 1.27881643 231 231 231
-2.16576708 0.669621314 1.44061588 7 20 43
4.80218087 -1.64106407 1.46861779 60 64 74
-0.616311581 -4.81898051 1.3524678 104 109 125
5.25693778 -0.295247216 0.793368035 59 62 72
-0.983403384 5.08132576 2.81902726 57 57 57
6.19828847 -1.1557288 1.34470288 0 0 0
-0.51401118 -5.06476961 1.21148863 0 0 0
2.03139312 -0.0924625889 1.08953654 130 130 130
-0.265228208 -6.52481167 1.53037492 0 0 0
2.03091966 -0.0926755159 1.08981156 130 130 130
-1.96330274 0.98189805 1.60888385 48 55 72
5.25225692 -0.719212237 1.12858303 231 231 231
6.15315365 -0.239935796 0.260168311 25 25 25
-1.93906352 1.3780702 0.766162568 124 124 124
6.25824406 -0.620035341 1.44313162 0 0 0
-0.378458541 -6.44650063 1.62341483 0 0 0
-1.60852844 0.585734995 1.59534408 8 21 43
-0.378458541 -6.44650063 1.62341483 0 0 0
1.95441471 -0.00928658761 0.930160954 130 130 130
-1.19096825 3.54883691 1.28719254 0 0 0
5.54394067 -1.54547351 0.848543487 231 231 231
0.139070266 -4.70592284 1.87714641 106 111 128
-1.34681269 0.585373736 1.43103834 100 102 102
-2.16191714 0.613098975 1.20351915 231 231 231
7.32495158 -3.74982048 -1.22973449 231 231 231
-0.265801571 -6.53448148 1.55497505 165 165 165
1.94214271 -1.40978342 0.755714524 0 0 0
-2.16191714 0.613098975 1.20351915 231 231 231
5.98751552 -1.60436817 1.08806088 59 62 72
-0.51671918 -6.33641645 1.29732082 231 231 231
1.94128666 -1.40940274 0.756272331 0 0 0
-2.21154313 0.458916461 1.1107175 94 99 114
5.09127286 -1.53306298 1.10157342 80 84 97
-0.823477224 5.00187728 2.77648592 0 0 0
5.03029074 -1.46386186 0.961319745 72 76 87
-0.240902838 -1.70507797 1.03110547 130 130 130
-2.14006557 0.695241217 1.51879835 7 20 43
-2.13336111 0.247822405 1.18615365 94 99 114
1.13135541 -1.70311739 0.0528407828 231 231 231
-1.21261153 3.20668812 0.889734177 142 142 142
1.18367164 -1.76944115 0.887029348 231 231 231
-0.776110049 5.52191873 2.95896555 57 57 57
-2.39975363 -1.12343062 1.23901289 236 236 236
-1.04540049 -1.12763446 0.819096209 130 130 130
-0.49161893 6.66505713 3.18416684 57 57 57
-1.82563517 1.26005888 0.903232202 123 123 123
-2.10310449 -0.953436038 1.2193426 236 236 236
-2.01026499 1.13009413 2.20266375 158 158 158
0.986150117 -1.73518357 0.142485827 231 231 231
-2.01583342 0.855336438 0.134049657 3 11 25
-1.01805572 -1.33362577 0.930152146 0 0 0
-2.33820986 0.121639005 2.05872283 0 0 0
-2.36944982 -1.08531779 1.22187897 236 236 236
-1.49920578 2.68458567 2.18899491 57 57 57
-2.10337566 -1.57019613 1.15382495 128 128 128
-1.93927201 1.17749274 1.99439942 57 57 57
-0.904850567 -1.65862332 0.948586482 231 231 231
-1.81380072 1.65958944 1.99579711 158 158 158
-0.904850567 -1.65862332 0.948586482 231 231 231
-1.97053985 1.42515448 1.51649614 11 22 45
-2.33302721 -1.12954667 1.22559918 0 0 0
-1.22875333 3.40120213 1.17289119 0 0 0
-1.15410147 -1.2038635 0.691320811 231 231 231
