ply
format ascii 1.0
element vertex 11454
property float x
property float y
property float z
property uchar red
property uchar green
property uchar blue
end_header
-3.11587203 0.162188873 1.25151997 75 79 91
2.63380279 -1.15478493 0.887252775 59 62 72
4.10741146 -1.62208084 1.48457735 0 0 0
2.68049293 -1.08712455 1.10058752 130 130 130
5.64800864 0.0837678852 0.80903448 106 112 128
2.68096602 -0.846701352 0.843785196 116 122 140
2.6498333 -1.03669529 0.97276031 130 130 130
2.64623674 -1.07937467 0.988093716 130 130 130
2.89058235 0.196481157 1.23203876 111 117 134
2.84320296 -0.876360398 1.31970666 111 117 134
3.99218618 0.777706214 0.987174339 9 12 14
3.90141181 0.561031239 1.29573552 87 91 105
3.99526195 0.577368211 1.48296873 70 73 85
1.74551962 0.624829275 1.95729128 57 57 57
1.98038259 0.0496418121 0.973937365 130 130 130
2.07208559 0.116104855 1.24090416 83 87 100
1.95109646 -0.0246877875 0.92330554 130 130 130
3.27248333 -0.875761631 0.898636653 113 118 136
4.80441356 0.0410262043 0.807634179 59 62 72
5.60649245 -1.57448182 0.857051388 231 231 231
6.16023932 0.13294558 0.196791698 41 41 41
2.63719254 -0.951159846 0.923005172 0 0 0
2.63239141 -1.04892061 0.963127705 130 130 130
2.67441623 -1.06314366 1.02598327 0 0 0
2.90968083 -1.35458518 1.31030481 231 231 231
3.76140137 -0.210691834 1.1186063 68 67 67
2.68295209 -1.30586683 0.854317771 0 0 0
4.14621415 -1.4899337 1.09854049 0 0 0
-1.13043013 -0.951877091 0.615783512 0 0 0
2.64814547 -1.06261316 0.986906712 130 130 130
2.68784187 -1.08329289 1.04843412 130 130 130
4.06670064 0.20135755 0.873129136 0 0 0
2.78755491 -1.61435963 1.30192815 231 231 231
3.73180999 -0.96474828 1.06895308 107 112 129
-1.09961576 -1.0812821 0.703259659 130 130 130
0.80765667 -1.67282873 1.01370037 101 101 101
2.02206595 -1.6255876 0.895358085 59 62 72
3.00522251 -1.66618484 1.24646919 59 62 72
1.62528941 -1.72118272 1.35491778 130 130 130
0.00613325612 -1.75116723 1.02602712 231 231 231
-1.10619926 -0.983665743 0.657134089 130 130 130
2.34829715 -1.69096836 0.882171526 66 69 80
-3.12364392 0.493358955 1.36431194 231 231 231
-2.56881171 0.231084186 0.633680548 0 0 0
-2.56881171 0.231084186 0.633680548 0 0 0
-2.49800272 -0.0226779242 0.848465177 228 228 228
-5.9221639 -0.899891716 -1.3489073 110 116 133
-3.73634105 -1.06618057 0.0102262249 0 0 0
-5.72075394 0.763261191 0.758676867 231 231 231
-2.17245865 -1.11592845 1.23145067 0 0 0
-3.10302675 0.444825503 1.30373089 0 0 0
-5.41101328 -0.831469226 0.950549981 182 182 182
-3.08965755 0.203332279 0.926348707 118 124 142
-3.15949968 0.395564872 1.27890099 0 0 0
-5.51305127 0.728769798 0.901369773 231 231 231
-2.5687773 -0.0180876128 0.812589289 228 228 228
-2.57118396 -0.0756549102 0.809909464 228 228 228
-2.60990199 -0.197890452 0.872691981 110 116 133
-2.43196301 -0.963719933 1.2136307 231 231 231
-3.76689459 -1.84230712 1.18724764 2 2 2
-2.54608483 -0.21611172 0.632296285 108 113 130
-5.00822951 1.11018473 0.404276244 9 9 9
-2.20554342 -1.07447449 1.22851913 0 0 0
-3.04408399 -1.18170412 1.11288301 121 121 121
-2.02751907 0.595395609 1.0811884 0 0 0
-2.67337005 0.545744485 1.09238441 5 5 5
-2.55527642 -0.236123917 0.649423331 87 81 77
-2.63832251 0.250107856 0.954002758 111 117 134
-2.24201351 -1.05451808 1.23407718 230 230 230
-3.75969002 -1.62724641 1.25846302 231 231 231
-3.89257724 -1.83067814 1.15710234 231 231 231
-3.79741714 -1.78078609 1.14729537 2 2 2
-1.73738633 0.593124821 1.1172488 6 50 17
-2.57724022 -0.0745921457 0.826565154 228 228 228
2.8068023 -0.899150349 0.844982923 0 0 0
-1.81267228 0.598452181 1.24568645 1 1 1
-3.2621743 0.205934448 0.82327412 62 65 76
-2.06636699 0.627439593 0.508990851 106 106 106
0.082270411 0.646828315 0.475104281 143 143 143
0.082270411 0.646828315 0.475104281 143 143 143
0.986460758 0.748956114 1.04161521 57 57 57
-2.22941516 0.21022136 0.56438061 0 0 0
0.0790075104 0.0784846401 -0.00102159802 0 0 0
0.0582425181 0.723367799 0.380075346 0 0 0
-1.09373598 -1.46722211 0.424145401 189 189 189
-1.39070737 -1.36982996 0.680855992 0 0 0
-0.847014721 -1.75534094 -0.0100050526 231 231 231
-2.28463961 -1.10153776 1.23378821 0 0 0
-0.993841772 -1.33442381 1.18738266 8 8 8
0.184596851 -0.843603996 1.55239329 8 8 8
-3.11071058 -0.200854674 1.14329936 88 93 107
2.66135424 -1.09003354 1.02254449 0 0 0
2.76905448 -0.920317876 1.35490096 59 62 72
4.92614166 0.608744683 1.47403566 87 92 106
5.54660407 0.130884362 0.898212117 59 62 72
2.67163827 -0.196214517 0.852229562 115 120 138
2.64124352 -1.03631175 0.957453995 130 130 130
2.64816389 -1.05279948 0.973360655 130 130 130
2.65950591 -1.07992009 0.999072817 130 130 130
5.19935482 0.0333207995 0.773886232 231 231 231
2.91475971 -1.59229135 1.33910059 231 231 231
2.91573869 0.227779724 1.2671163 9 9 9
6.18395984 -0.75320831 0.168202764 25 25 25
4.78110596 -1.7774916 1.51905462 231 231 231
5.6038436 -1.43280987 1.36920776 91 91 91
-1.14177844 -1.15935007 0.574462805 49 51 60
-1.14309292 -0.916912259 0.56742817 59 62 72
-2.40680063 -0.80824378 1.48568124 235 235 235
-2.23887908 -0.501274063 1.7779906 59 62 72
1.95048549 0.447979887 0.967496088 130 130 130
1.96893111 0.44967609 0.966098283 130 130 130
1.51211469 -1.70680515 1.55985265 0 0 0
1.51211469 -1.70680515 1.55985265 0 0 0
2.65151853 -1.1746912 0.842398936 104 109 125
2.5836012 -1.69790236 0.915486714 59 62 72
0.0710329672 -0.0155572829 -0.00324289516 0 0 0
0.0686475547 -0.0270100667 -0.00165568434 0 0 0
1.8684369 -1.38871909 0.639664338 130 130 130
1.95946577 -0.0958715 0.93087208 130 130 130
3.99288459 -0.577264994 1.12962023 0 0 0
-3.05160097 0.249030215 0.769734407 108 114 131
-2.20157765 -1.11457695 1.22805562 0 0 0
-0.996732597 -1.66878509 0.716378386 70 74 85
1.14500255 0.768177357 0.840877281 231 231 231
-1.27856257 -1.35594026 0.633773809 231 231 231
-3.72587412 0.317849612 0.670461224 0 0 0
-0.337925325 -1.74317358 -0.037655096 87 81 78
0.82621113 -0.70664991 1.75636091 8 8 8
-1.00173962 -1.38308687 0.9790309 231 231 231
0.108370781 -0.916020875 1.49575434 8 8 8
-0.94795028 -0.963271046 0.832290187 197 197 197
-2.17696311 0.271698652 0.622917779 118 124 142
-2.07685777 -1.53358481 1.18159385 107 107 107
-2.97925229 0.271878503 0.773216213 0 0 0
-2.97925229 0.271878503 0.773216213 0 0 0
-2.12726254 -1.57789739 1.1855371 107 107 107
-0.0988552657 -1.70237947 1.18508596 130 130 130
-0.913585962 -1.61910967 0.73018563 74 78 90
-3.12910429 0.357294195 1.28100075 0 0 0
-3.20477571 0.335134619 1.27088851 0 0 0
1.90743369 -0.244462471 0.787240901 0 0 0
-0.972201962 -1.36530772 0.969786984 231 231 231
0.490731277 -0.953732168 1.46910199 0 0 0
-1.30545244 -1.55572453 1.02344829 8 8 8
-0.239631897 -1.69277629 1.00395143 130 130 130
0.936733694 -1.66001594 1.07244255 105 106 109
-0.17031867 -1.63932739 1.0250537 231 231 231
5.27723969 -1.80985201 1.49040468 231 231 231
-0.29085619 -1.72802617 0.897699982 8 8 8
1.61818194 -1.71457944 1.34787883 130 130 130
-2.57760895 0.0264983124 0.82401843 228 228 228
0.309273962 0.621530055 0.552276977 143 143 143
1.00286562 0.755954435 0.939149198 57 57 57
0.54323582 0.764670327 0.844516501 29 29 29
-2.55683286 -0.0460936413 0.786748595 228 228 228
2.79538826 -0.96605487 1.36525972 90 95 109
2.81494794 -1.61695538 1.30982966 231 231 231
2.81494794 -1.61695538 1.30982966 231 231 231
2.86687603 -1.33785154 0.85906558 231 231 231
5.71228873 0.553451626 1.382538 59 62 72
2.00011315 -0.903314869 0.952627547 115 121 139
2.92938882 0.234907579 1.24922166 231 231 231
2.72780965 -0.932345354 1.13273062 130 130 130
2.68376245 -1.30688711 0.853975093 0 0 0
2.7603084 0.157690628 1.31847773 9 9 9
2.05559694 -0.859684988 0.842571762 87 92 106
2.97727745 -1.6419006 1.11833834 112 118 135
-16.5864556 -7.75186672 -4.90192476 0 0 0
2.87392649 -0.903164066 1.31579271 66 70 81
2.82201603 -0.903436506 0.972361629 84 89 102
1.60794677 -1.71701202 1.61109233 231 231 231
4.14391034 -1.45161864 0.936628878 0 0 0
4.14517189 -1.37937003 1.09533909 165 165 165
2.18862888 -1.07157537 1.03633408 115 115 115
2.73827881 -1.49063622 0.862787505 59 62 72
3.96322476 -1.53326693 1.14893387 165 165 165
2.80297257 -0.910573384 1.00748886 92 97 111
1.46182334 -1.04583366 0.827973763 231 231 231
-0.908526834 -1.09348844 1.02144655 197 197 197
-1.18262558 -1.41588351 0.936818455 231 231 231
-0.21839831 -1.75448151 0.908778411 231 231 231
2.32776712 -1.01294224 0.95116991 89 94 108
2.80666971 -0.951200357 1.33535562 231 231 231
2.95798606 -1.67847915 1.19115277 231 231 231
3.42425198 -1.50345585 0.798820901 231 231 231
3.38895714 -1.26029002 0.846089333 60 64 74
1.23497699 -1.75833794 0.873126612 8 8 8
3.20652888 -1.74853602 0.874504369 8 8 8
3.06803432 -1.4090053 0.941477605 0 0 0
1.08786832 -1.71508174 1.03610627 231 231 231
4.24716605 -1.51116431 0.875300395 67 71 82
3.43105292 -1.50975804 0.798964027 231 231 231
-0.12830571 -1.69891766 0.979109428 0 0 0
2.93261715 -1.36209272 1.00890353 107 113 129
3.00352709 -1.29614452 1.09160389 108 113 130
2.07989655 -1.0190622 1.01294408 231 231 231
-0.254330095 -1.70250072 1.0811056 0 0 0
3.42452703 -1.68861885 0.785620539 8 8 8
2.81610609 -0.814170911 1.04529298 75 79 91
0.818610065 -1.62808347 1.42673224 90 93 100
2.39537928 -0.828369543 0.761881019 84 89 102
-1.02170195 -1.67327471 0.611113347 84 88 102
3.00883096 -0.0968624129 1.09006489 0 0 0
1.93488438 -0.865191209 0.678862993 78 82 95
3.02319621 -0.0233955732 1.06881561 228 228 228
-5.8902101 0.0781746514 1.10759176 0 0 0
-3.32232541 -0.733193886 1.26763848 190 190 190
-3.85408558 -1.69142541 1.9777564 231 231 231
2.46519768 -0.916201739 0.930196963 102 107 123
0.899071062 -1.62177163 1.21003214 95 100 98
2.93054842 -0.854981341 0.816982014 0 0 0
2.93389109 -1.33061166 1.16722352 109 114 131
3.60428405 -1.66413566 0.837848492 231 231 231
4.12655339 -1.52352835 1.12708255 166 166 166
-2.04818947 -1.69130615 -0.0571487907 80 74 71
3.95919963 -1.46067827 0.909823789 166 166 166
3.99137859 -1.51287902 1.0774574 0 0 0
3.06254773 -0.220923342 0.987353664 84 78 75
2.85996915 -0.89490099 0.903664921 59 62 72
2.67251991 -1.10815196 1.37009475 231 231 231
4.0739193 -0.501723185 1.13536199 235 235 235
2.97864537 0.0796163374 1.14495375 228 228 228
1.42069878 -1.7182584 1.42223647 0 0 0
3.15413793 -1.3541377 0.975826536 0 0 0
3.15413793 -1.3541377 0.975826536 0 0 0
-4.36544184 -0.336103322 1.24929926 0 0 0
-4.13554261 -1.77073302 1.93389444 4 5 7
-4.12159718 -1.75862608 1.97963687 231 231 231
-1.10808297 -1.63832316 0.968581356 231 231 231
4.15589703 0.313510017 0.876284125 0 0 0
4.77917936 0.497773344 1.24336597 29 30 30
2.07254061 0.562070556 1.27433419 0 0 0
4.26923775 0.585450565 1.38403242 108 113 130
4.16235229 0.55927578 1.50170914 110 115 132
1.41442938 -1.58283485 1.20602718 231 231 231
-0.94262443 -1.26952624 0.663651923 59 62 72
4.25613228 0.0553453436 0.860084976 116 122 140
4.03409836 -0.506665857 1.15502056 0 0 0
3.03953935 -0.0888772596 1.04690048 0 0 0
2.91963124 -1.3848693 1.33049465 231 231 231
4.16257263 0.150499671 0.879313918 0 0 0
3.030339 -1.22548898 1.00618695 112 118 135
4.15479332 0.150954361 0.872320452 0 0 0
3.07770876 -1.64995716 0.873226531 231 231 231
2.01532921 -0.931408794 0.645724778 92 97 111
2.63054351 -1.22888454 1.27656142 231 231 231
3.93903015 0.133043197 0.874749659 236 236 236
2.61987437 -0.901577315 1.131464 59 62 72
4.15648972 0.560806253 1.49376597 73 77 89
2.07742303 -1.0572861 1.00899848 231 231 231
3.14052013 0.658679371 1.01081856 10 10 10
3.94294952 0.461100192 1.15697545 5 5 5
-2.60326801 -0.117346206 0.825869646 197 197 197
4.14959105 -0.541469675 1.16404107 0 0 0
3.68730986 -3.3441766 -0.217636786 93 97 112
4.12831229 -1.46363231 0.935808374 0 0 0
2.06822789 0.449966029 1.30568294 115 121 139
4.32717061 -1.36823156 0.872410678 94 99 114
3.9104656 -1.47926159 0.85021601 166 166 166
4.38148403 0.0486540853 0.869357026 112 118 135
4.06022104 0.257103092 0.871264171 236 236 236
3.08258106 -1.56346732 0.983907527 228 228 228
2.89604241 -0.892628251 1.07947716 110 116 133
0.0363633589 0.174139484 -0.0879649475 236 236 236
3.05474746 -0.0711138542 1.02853661 228 228 228
2.520992 -0.999103396 0.730457936 84 89 102
2.00964562 -0.818283389 0.642520399 59 62 72
3.04275449 -0.198809207 1.01810626 113 118 136
4.05677233 0.259606303 0.867152324 236 236 236
3.8764097 0.501868866 1.16389085 231 231 231
2.8705537 0.736726785 0.916496947 10 10 10
2.80319751 -2.21548572 0.496684397 8 8 8
1.52086015 -3.28251344 -0.114452345 8 8 8
3.16016458 0.773488353 1.01060721 13 16 16
2.90820217 0.773928999 1.11705358 12 15 16
1.85548512 -0.906311907 0.661016232 65 69 80
4.29510949 0.524209083 1.14916087 231 231 231
4.08143898 0.194158039 0.867736721 0 0 0
4.30176571 0.510845483 1.1350017 5 5 5
4.26658623 0.0708805811 0.833284825 121 127 145
1.96322031 -1.44883927 1.14058398 231 231 231
4.0737908 0.236794509 0.88115295 236 236 236
3.02308581 -0.208879749 0.965007275 109 114 131
2.99418738 -1.30995645 1.02555147 106 112 128
4.16011849 -0.602168339 1.12493202 235 235 235
4.04945803 -0.532164611 1.1288235 0 0 0
-0.95968357 -1.43157183 0.631645601 69 73 85
3.10671082 -1.51051513 0.975739503 0 0 0
3.99907505 0.157829057 0.87019053 0 0 0
3.22745533 -1.7475472 0.855093352 231 231 231
3.07324297 -1.38462253 0.957254991 228 228 228
1.99427147 -0.844394989 0.936399379 231 231 231
4.1773616 -0.42522809 1.12721194 130 127 127
2.00823853 -0.919519345 0.629694447 69 73 85
2.10155947 -0.133325996 1.31149895 114 120 138
0.707044035 0.799248117 1.49616217 0 0 0
-5.62073039 -0.462214122 0.951270807 180 180 180
0.842141276 -1.64441959 1.48912264 99 99 100
2.63208776 -0.863934216 0.970550282 59 62 72
2.07979625 -0.900593711 1.06793458 231 231 231
2.84634167 -0.859629208 0.996012518 69 73 85
2.15662947 0.278583794 0.951021915 92 97 111
-0.950444652 -0.924806609 0.791260681 0 0 0
2.43766319 -0.161528445 1.33261118 79 77 77
0.297766951 0.730908862 0.982404955 57 57 57
3.04258174 -0.0533046005 1.01272751 0 0 0
3.01573623 -0.860979514 0.851493672 0 0 0
2.99827715 0.0448739848 1.13088391 228 228 228
-1.84142445 -1.65414233 0.211208371 231 231 231
2.79400486 0.258330475 0.977729116 69 73 85
2.82399172 -0.884533751 0.987237225 0 0 0
3.06108722 -0.0395896311 0.974223167 228 228 228
3.03381209 -0.0691442981 1.07115167 228 228 228
1.97252377 -0.851647874 0.629120236 97 102 117
3.15889066 -0.0950965873 1.45173351 78 75 74
-5.32021445 -0.767994602 0.94385354 203 203 203
4.13872678 -1.43190453 0.910825228 166 166 166
4.07457172 -1.47521642 1.00347007 0 0 0
2.65367266 -0.852441432 0.899728469 59 62 72
4.09823018 -1.46417388 0.982984526 0 0 0
1.62505233 -0.826668738 0.522716985 105 111 127
4.02852426 -1.48166096 1.02127245 0 0 0
4.08740709 -1.45123535 0.974918071 165 165 165
3.6689588 -1.74846298 0.896043296 8 8 8
-0.956439381 -1.10327361 0.811432148 197 197 197
-5.09499844 -0.476546508 1.08590461 0 0 0
4.09923105 -0.41971487 1.20429315 236 236 236
2.95340339 -1.60857056 1.34068968 59 62 72
-1.1997535 -0.897685939 0.92307986 78 82 95
-2.6766022 -0.931133638 1.14606824 58 58 58
3.81844216 -0.222149085 1.1217533 131 129 129
0.897938835 -1.64635986 1.53502295 231 231 231
2.91377216 -1.2697267 1.09723608 64 68 79
-0.969468733 -0.913412718 0.852882855 197 197 197
-2.910674 -0.225751978 0.923457612 84 83 83
-1.06808471 -0.887659437 0.486045206 94 99 114
-2.29070036 0.604207499 0.675702239 0 0 0
-7.05967736 -0.617408032 1.04324811 0 0 0
-5.68556417 -0.600947617 1.14007853 0 0 0
2.76458578 -0.845624857 1.04802585 77 81 94
3.08390372 0.0512199949 0.909400589 228 228 228
3.3700142 -1.69973638 0.801802323 94 99 114
3.98969989 -0.458565976 1.12826016 235 235 235
2.97358389 -0.180826411 1.18092214 111 117 134
2.82904372 -1.36122837 1.33059929 231 231 231
3.73015444 -0.586489858 1.10835894 59 62 72
3.21733172 -1.75883967 0.874293107 11 11 11
3.02163332 -1.30403481 0.966427045 105 110 127
0.971097095 -1.62917924 1.49134938 97 98 99
2.92107777 -1.19268108 1.36461675 231 231 231
-4.01279504 -0.769403448 1.36545745 231 231 231
3.08541808 -1.58140376 0.885223938 228 228 228
3.08541808 -1.58140376 0.885223938 228 228 228
-1.02267509 -0.881491875 0.637290438 92 97 112
-0.944630168 -0.966045787 0.804040256 0 0 0
-0.931213991 -1.09892919 0.887328185 197 197 197
-2.22521436 -0.922428418 1.2101352 67 67 67
-3.07819267 -0.13859285 1.31050106 0 0 0
0.978924017 -1.61882762 1.50931474 108 108 108
0.851821159 -0.727745892 1.63910352 0 0 0
3.26756219 -1.74652325 0.842794918 230 230 230
3.18157118 -1.76021385 0.869650927 8 8 8
2.90631258 -1.56397461 1.32678812 231 231 231
-1.04932166 -0.925749726 0.785795242 197 197 197
-2.52740425 -0.119207685 0.745859143 228 228 228
-0.175747559 -1.72248224 1.00198181 0 0 0
2.24044313 -1.46190727 0.539478183 0 0 0
-2.6866911 -0.163840906 1.09966909 101 106 122
-6.27749169 -0.403783862 0.994764007 0 0 0
1.00841217 -1.63880704 1.00211992 101 101 101
-0.332063004 -1.72423668 1.11319943 0 0 0
-4.24006177 -0.752418446 1.13491819 209 209 209
3.07178687 -1.54697802 0.898359503 228 228 228
2.99687741 -1.41982854 1.12797905 228 228 228
-0.62967351 -1.68367511 1.01482904 231 231 231
3.0690732 -1.71026616 0.887559122 231 231 231
2.99394679 -1.72388372 0.918246776 110 116 132
2.97335321 -1.56160284 1.11770654 228 228 228
3.05330592 -0.833927114 0.842738663 109 114 131
3.00094953 -1.25218722 0.899409082 106 112 128
2.88722967 -1.38236922 0.867703136 59 62 72
2.88722967 -1.38236922 0.867703136 59 62 72
3.06412691 -1.64041221 0.90825524 99 104 120
2.75829111 -1.47520129 0.872666099 59 62 72
1.44828179 -1.70434187 1.3146601 231 231 231
-4.56964944 0.73858415 1.13979856 0 0 0
2.65750744 -0.235336541 0.876474548 118 124 142
3.02912088 -1.26850447 0.85915804 0 0 0
3.03263237 -1.26641099 0.862179162 0 0 0
2.89042942 -0.875461422 1.00191657 59 62 72
2.31520123 -0.852239533 0.832567075 108 113 130
3.03339854 -1.48702876 1.02352916 0 0 0
3.01666078 -0.0967572722 1.09337165 0 0 0
2.88771902 -1.60175375 1.342621 96 102 117
2.8645919 -1.54477217 1.36492686 59 62 72
3.03041974 0.0308815271 1.03730765 228 228 228
2.97449742 -0.217693546 0.978679894 86 81 77
2.86349319 -0.87610533 0.96019972 84 89 102
2.8922555 -1.16853766 1.30854055 231 231 231
-3.19940915 -1.58643265 2.05887669 50 50 151
2.24752326 -0.82766035 0.770806729 92 97 111
2.97620961 -1.39238698 1.14443901 228 228 228
-2.5827426 -1.77588159 -0.00589970907 231 231 231
-2.29582869 0.606566004 0.680299245 0 0 0
1.51174579 -1.70378122 1.53973417 130 130 130
-3.02304698 -0.22446535 1.27244603 231 231 231
-6.01577888 -0.569885522 1.06297116 231 231 231
3.05448464 -1.68343597 0.867314192 231 231 231
3.06323139 -1.66760957 0.89296511 99 104 120
2.95407444 -1.17133333 1.36772306 231 231 231
2.90138269 -1.56757638 1.32471727 231 231 231
-0.980809287 -1.107495 0.833878397 197 197 197
-2.96658863 -0.142115912 1.29381571 231 231 231
3.02335443 -1.51733822 1.03453915 0 0 0
3.02335443 -1.51733822 1.03453915 0 0 0
-0.949645015 -1.3209578 0.652852563 92 97 111
-0.913613528 -0.906651234 0.942700388 197 197 197
1.70578935 -1.6535951 1.36962675 130 130 130
-3.43129591 -1.68201341 1.19315197 231 231 231
-4.32481351 0.726451057 1.70639888 231 231 231
2.70809284 -0.84394048 0.870721282 59 62 72
-1.01761169 -0.898366036 0.619531402 69 73 85
-2.68954076 0.248382321 0.706677548 109 115 132
-2.56647273 -0.0377991255 0.791076325 228 228 228
-6.24420279 -0.402984581 0.996452796 0 0 0
-5.41948846 -0.716890038 1.10600225 0 0 0
3.02046805 -0.0222323873 1.07021467 228 228 228
3.02046805 -0.0222323873 1.07021467 228 228 228
3.02265497 -1.14502731 1.36063572 80 84 97
1.02730859 -1.60186822 1.42874158 91 94 100
2.56225602 0.0726498377 1.25874607 0 0 0
-5.38514117 -0.706117984 0.972558225 203 203 203
-3.74793868 -0.774676023 2.06815715 231 231 231
-1.00346132 0.56915005 0.932603656 113 114 116
-5.25848218 -0.700096243 1.07784735 0 0 0
1.40701756 -1.71711497 1.35558787 130 130 130
-1.01357088 -1.21562001 0.635995216 99 104 120
-0.961491236 -1.75577618 0.734053749 231 231 231
2.252926 -0.914186024 0.867320561 73 77 89
2.87092028 -1.25614222 1.12576072 111 117 134
-1.15158367 -1.5576528 0.352497074 231 231 231
-2.09084394 -1.77337553 0.110422196 231 231 231
3.01104894 -1.27063801 1.02509826 59 62 72
3.02884865 -1.49139696 1.02003624 0 0 0
3.01228159 -1.42360806 1.07868796 0 0 0
3.06762394 -1.41962478 0.952196101 0 0 0
3.02274664 -1.45147328 1.05231783 228 228 228
3.0134202 -1.52981092 1.04810736 228 228 228
3.00274562 -1.55636979 1.07454803 0 0 0
2.79252839 -0.878248785 1.17633237 89 94 108
-1.02426212 -1.73726463 0.793855034 231 231 231
-3.17963367 0.273311902 1.10749058 74 78 90
3.01892711 -0.0260949243 1.06354151 228 228 228
3.01824433 -0.0256387998 1.06345535 228 228 228
2.94046008 -0.202635375 1.07149297 68 72 83
3.02542548 -1.32154411 0.876450144 98 103 119
1.87421284 -0.808297983 0.493290583 60 64 74
3.0564754 -1.4432072 0.975088198 228 228 228
3.0564754 -1.4432072 0.975088198 228 228 228
3.0444791 -1.52972764 1.00065162 228 228 228
3.0444791 -1.52972764 1.00065162 228 228 228
2.80240429 -0.162309906 1.3636804 113 119 137
3.00094346 -0.0991115127 1.0894092 0 0 0
3.0024012 -0.0995232087 1.09020838 0 0 0
3.00584067 -1.28167606 0.862203785 0 0 0
3.02731209 -1.51028754 1.03348128 0 0 0
3.02712651 -1.51037811 1.03331143 0 0 0
2.91862986 -1.17712964 1.35439886 102 107 123
2.80540442 -1.13310801 1.34148742 231 231 231
-0.455025556 -1.73251456 0.933178458 231 231 231
-2.60948668 0.0472316713 0.888560017 228 228 228
1.05262846 -1.63346001 1.45707001 158 158 158
-4.35346422 -0.790936963 1.05772019 0 0 0
-5.39566718 -0.532375895 0.998208012 187 187 187
-3.24908905 0.143852481 1.23516087 99 105 120
3.03440645 -1.28989801 0.846944495 108 114 130
2.80230441 -1.39140182 1.25224035 98 103 118
-1.86229785 -1.61265034 0.245990983 231 231 231
3.01232838 -0.0214595654 1.06294683 228 228 228
3.02466073 -1.30367015 0.85603402 0 0 0
2.74432417 -0.208034776 0.990028179 69 73 84
2.69413236 -1.11192575 1.07811927 0 0 0
2.97902713 -1.58755496 1.14650607 228 228 228
1.40633017 -1.71732585 1.35538221 130 130 130
-5.9798503 -0.362534315 1.12688469 0 0 0
-5.9798503 -0.362534315 1.12688469 0 0 0
0.104372116 -0.138500217 -0.0148992308 0 0 0
2.96972461 0.0866447056 1.14655378 228 228 228
2.70831597 -0.221964347 0.958453554 59 63 73
2.34227593 -0.811901439 0.835495093 59 62 72
-8.03525474 -5.01971513 -4.4043198 78 82 95
3.01699931 -1.36702058 1.09615261 115 119 131
-0.868695549 -1.3006366 0.670186296 92 97 111
-0.972008061 -1.10629747 0.930446383 197 197 197
-5.46904447 0.745593994 1.66806232 0 0 0
3.04109259 -0.853140681 0.86757097 0 0 0
3.04091348 -0.85347182 0.867205545 0 0 0
2.96168336 -0.152086213 1.36789554 113 118 136
2.94962971 -1.18559413 1.34331034 103 108 125
-2.48841795 0.0671711637 0.733348233 228 228 228
-2.69738837 0.222819077 1.00996787 97 102 117
-0.268908675 0.723290259 1.46521185 0 0 0
-4.91498497 -0.45248962 1.19348607 0 0 0
2.03085005 -0.835647366 0.704406106 76 80 92
2.02660952 -0.840820683 0.713002193 77 81 93
2.78219848 0.105407182 1.34039354 59 62 72
-0.917075564 -1.20759276 0.697599867 70 74 86
1.66425641 -1.68559663 1.37649554 231 231 231
-1.90835065 0.59214895 1.02140503 6 19 42
-0.956268472 0.581684363 1.1718427 89 98 93
0.0381284134 -1.66773286 1.17298397 231 231 231
-1.41561032 0.566402854 1.1293815 16 24 41
-5.09234541 0.698632762 1.14494334 0 0 0
0.797577322 0.712799841 1.66882883 183 183 183
2.10890429 0.304319297 1.25546164 34 34 34
-0.340619703 -1.70550992 0.940334231 190 190 190
1.50580987 -1.71040273 1.45364308 0 0 0
1.50580987 -1.71040273 1.45364308 0 0 0
2.57499021 -0.234277298 0.958688029 109 115 132
2.55353477 -0.232816687 0.947585486 109 115 132
2.15551284 0.195504483 1.17007755 118 124 142
2.77387854 -1.34065334 1.3306147 95 100 115
2.90877833 -0.159651604 1.36348211 73 77 89
2.71674925 -0.199527608 1.29295564 73 77 89
2.90565675 -1.16482666 1.34700449 94 99 114
2.98043689 -0.115125524 1.14492029 228 228 228
2.64949218 -0.921833065 1.15099227 0 0 0
2.98204127 -0.113692129 1.14426242 228 228 228
2.68161686 -0.927148622 1.14252234 0 0 0
1.94620076 -0.226141435 0.8065644 118 124 142
0.459330475 0.726870333 1.47261796 0 0 0
2.92783462 -1.37520268 1.29050507 108 114 131
2.1858618 0.164598415 1.21421369 5 5 5
-1.90425704 -0.937843972 0.0826284389 107 107 107
-1.91864873 -0.940221019 0.0803877138 107 107 107
-1.30325994 -1.65330995 0.378345857 231 231 231
1.5861834 -1.70707293 1.3611135 130 130 130
1.5861834 -1.70707293 1.3611135 130 130 130
-3.12477436 0.278006312 1.24085147 99 104 120
-2.95011839 0.250688128 1.05216113 65 69 79
1.40270503 -1.72172406 1.63147455 130 130 130
1.4102638 -1.71793709 1.63196659 130 130 130
3.02618738 -0.0149890144 1.04792545 0 0 0
3.02611854 -0.0149352015 1.04796043 0 0 0
-1.12699644 -1.43585161 0.995432308 98 103 118
1.510346 -1.70457345 1.54011844 130 130 130
0.686332463 0.708877687 1.55690313 141 141 141
3.53640956 -0.160660039 1.39080824 228 228 228
3.06845539 -1.31792072 1.14219385 112 118 135
2.98246119 0.1130462 1.31581054 59 62 72
2.80099531 -1.33237319 1.06037091 112 118 135
2.84300076 -1.29988285 1.09876729 112 118 135
-2.19030304 -0.00721988587 0.55011105 0 0 0
-0.946168045 -1.02421673 0.803364848 0 0 0
-5.2551611 0.680809718 1.12558665 172 172 172
1.88352796 -0.847860874 0.540354995 59 62 72
2.9461834 -0.167606165 1.353241 80 84 97
-3.88246177 0.752015345 1.07190931 231 231 231
-5.38047559 0.73791244 1.22690249 0 0 0
-1.20101261 0.585931329 1.49393052 6 19 42
0.779757257 0.707743285 1.63502798 0 0 0
1.97562338 -0.853976904 0.61840037 61 64 74
2.48844589 -0.90982785 0.94946197 104 110 126
-2.75755873 0.23961315 0.979908557 69 73 85
-3.73447885 0.760982377 1.12794596 2 2 2
-1.14495718 0.590293913 1.58189911 108 110 111
-5.1926265 0.745319524 1.68788683 231 231 231
2.4370505 -0.234877512 0.918476326 106 112 128
1.99936033 -0.882069881 0.995846506 95 100 115
2.80597931 -1.29599737 1.27346434 80 84 97
-3.83445541 0.770679057 1.08384353 2 2 2
2.05588304 0.223718187 1.11709546 118 124 143
2.91590156 -0.206166566 1.08867389 92 97 111
2.72104491 -0.208214515 1.21435315 92 97 111
-4.09792811 -0.1959129 1.12493819 231 231 231
2.93100287 -1.18999755 1.28931659 59 62 72
-1.84414438 -1.71888164 0.0383158258 231 231 231
2.1078913 -0.191728863 1.11422473 90 95 109
2.11868 0.566401401 1.24775331 59 62 72
-0.674210559 0.575188536 1.62239624 49 56 74
2.57424984 -0.870936017 0.971122999 65 68 78
1.0212674 -1.6148473 1.43635748 10 26 53
-0.144398718 0.782552093 1.89625377 56 57 57
0.619017053 0.706600552 1.69326324 141 141 141
-0.943882539 -1.14392869 1.0352807 95 100 115
3.01565124 -0.0462038506 1.03842417 228 228 228
3.01490669 -0.0841472592 1.08088127 0 0 0
2.13156541 0.196359869 1.20798989 5 5 5
2.13156541 0.196359869 1.20798989 5 5 5
2.7844614 0.325950382 1.32681078 57 57 57
2.7844614 0.325950382 1.32681078 57 57 57
3.02761698 0.0239240086 1.02376087 228 228 228
2.70212488 -0.913017063 0.807811431 87 81 77
2.65668772 -0.821786322 0.87984735 117 123 141
2.16960219 -0.185816322 1.14408876 90 95 109
2.16960219 -0.185816322 1.14408876 90 95 109
1.34610446 0.643981023 1.06212979 0 0 0
0.557825003 0.500361839 0.994136678 5 5 5
-0.392536216 0.667573956 0.77983419 158 158 158
-6.45295594 0.737775048 1.99047089 231 231 231
2.98032391 -0.111715476 1.14168592 228 228 228
2.85911676 -0.884168996 1.03022267 59 62 72
2.70285289 -0.201763327 1.0865539 61 64 74
2.9169691 0.120806024 1.35031074 101 106 122
2.8258733 0.129578414 1.34215517 73 77 89
0.593470541 0.748971421 1.46970499 141 141 141
3.02496499 -0.0126247838 1.0510235 0 0 0
3.02483965 -0.012568553 1.05108332 0 0 0
2.69417177 -0.207302213 0.827536283 96 101 116
2.69768811 -0.852954794 0.828763961 92 97 112
2.05486152 -0.86950357 0.846307942 89 94 108
2.73993988 -0.933767162 0.932441269 84 89 102
2.91807678 -0.892481106 1.34649942 81 85 98
2.14304682 0.171918482 1.18360894 5 5 5
-3.17191074 0.208602989 1.20289404 231 231 231
1.84808278 -0.81506042 0.478199447 60 64 74
2.67550005 -0.207149528 1.09348686 94 99 114
-1.93664517 0.688693719 1.97999644 231 231 231
-4.29740387 0.489916285 2.14968877 53 53 160
1.94054698 -0.216685312 0.91673058 106 111 127
3.02594967 -0.0170784454 1.04572085 0 0 0
2.89643509 0.269086651 1.07173026 92 97 111
2.97697688 0.082448499 1.14833134 228 228 228
2.90253726 0.24993193 1.2184858 89 94 108
2.92816898 0.115393252 1.36247633 112 118 135
2.0910225 0.237633564 1.17112982 5 5 5
0.568268061 0.726913444 1.74028321 141 141 141
2.94112827 -0.19672891 1.2715379 103 109 125
1.10045474 0.779299513 1.00670215 0 0 0
-0.111097271 -1.70369316 0.885715004 231 231 231
0.793522208 0.714492122 1.6510004 183 183 183
2.73030123 -0.217368996 0.881592378 64 68 78
2.75582328 -1.44644071 0.849227905 231 231 231
1.90140875 -0.81229567 0.479868462 61 64 74
1.1019375 0.778566835 1.11218934 0 0 0
-3.4588515 -1.71843159 1.18767596 2 2 2
2.75593005 -0.85332433 1.06342044 80 84 97
2.93562906 0.121233705 1.35999467 110 116 133
-6.37846762 -4.8799862 -1.29115882 8 8 8
-6.37846762 -4.8799862 -1.29115882 8 8 8
-1.77936572 0.573092182 1.10822477 6 19 42
-0.282903588 0.741524787 1.95423929 56 57 57
-0.499479427 0.582072854 1.32142875 114 118 122
-0.554672293 0.581732459 1.12718498 10 63 36
0.83250625 -0.0507883457 1.16174265 97 102 117
-0.313672306 0.610240463 1.84831529 158 158 158
-0.709903744 0.580680115 1.42857245 78 81 87
-2.57323932 0.0149136251 0.814953728 228 228 228
-2.5414245 0.611358845 0.767458733 109 115 131
2.89745704 -0.195900987 1.07026174 92 97 111
2.85804678 -1.29659366 1.07473361 108 114 130
2.94656842 -1.21906328 1.18253653 112 118 136
2.62647238 -0.988468157 0.940077382 0 0 0
1.74381848 -0.825572687 0.617050886 106 112 128
-2.58100861 0.0723988016 0.821579697 175 175 175
3.01421423 -0.0459279089 1.03830396 228 228 228
-1.84040337 0.595321293 0.903048089 6 19 42
-1.84040337 0.595321293 0.903048089 6 19 42
2.95787051 0.152340356 1.17453613 109 115 132
2.93372944 -0.180553625 1.16599034 111 116 134
1.06336929 0.75179792 1.1242433 0 0 0
0.0957144963 0.7584362 1.85220074 56 57 57
2.94837144 -0.866982784 1.17476921 109 115 131
2.91943962 0.122789592 1.31755804 59 62 72
2.80389071 -0.879249494 1.25933615 98 104 119
2.66781383 -1.28550255 1.30111204 231 231 231
-2.23890847 0.265269472 0.618039115 114 119 137
2.79685315 -1.36104533 1.06716282 64 68 79
2.93342991 -1.29605515 1.25038163 59 62 72
2.92936769 -1.2988565 1.24819358 59 62 72
2.81215975 0.118388005 1.32349793 113 119 137
2.71215132 -1.12331401 1.13277476 0 0 0
3.00716564 0.0602865828 1.09084386 0 0 0
3.00671043 0.0604556585 1.09045248 0 0 0
2.34868835 -0.814709107 0.814968561 59 62 72
2.88967 0.136181571 1.27649397 111 117 134
2.84870102 -1.30112493 1.17280369 73 76 88
2.91051795 -1.20970502 1.30791748 99 104 119
-0.312709833 -1.74595616 0.96709293 130 130 130
0.45050119 0.729603978 1.71873367 0 0 0
-1.28145636 0.629153667 1.91528393 105 105 105
3.02209661 -0.0668490912 1.06285956 228 228 228
3.02198773 -0.0668383649 1.06277074 228 228 228
2.95192697 0.195953553 1.09226038 69 73 84
2.92363819 -0.194430231 1.07400524 61 64 74
2.8210093 -1.37618586 0.915216803 94 99 114
2.77287359 -1.42043051 0.9514061 84 88 102
2.76697153 -1.39553788 0.970863223 69 73 84
2.77750785 -1.41281445 0.996404655 92 97 111
2.81384578 0.110925135 1.34579882 99 105 120
-0.956005551 -1.0785482 0.75517143 197 197 197
-0.429806396 0.559964944 1.59874364 20 36 64
-5.03938456 0.626628747 2.26997003 231 231 231
1.02600239 0.770377491 1.97956227 57 57 57
2.71131574 -0.920722346 0.829512643 94 99 114
1.87691297 -0.851104204 0.556639969 59 62 72
2.76444922 -1.38589646 1.00949608 72 75 87
2.93371936 -0.873970615 1.33020454 66 69 80
-1.3852391 -1.11152005 0.979710624 107 107 107
0.809899229 0.716220539 1.74413756 0 0 0
2.97611995 0.0838755942 1.14999723 228 228 228
2.97790838 0.0825040082 1.15039391 228 228 228
2.9457775 -0.151706999 1.29527787 112 118 135
2.05300769 -0.197509215 0.915656855 99 105 120
2.94540161 -0.855217689 1.27448163 97 102 118
2.92878899 -1.18012713 1.28708672 110 116 133
-1.11437045 -1.27268115 0.483409515 82 86 99
1.05602403 -1.61425864 1.50784199 101 101 101
-0.0546508252 0.759095519 1.89161291 56 57 57
-5.96980282 0.269524751 2.09471478 188 188 188
-5.96980282 0.269524751 2.09471478 188 188 188
2.70220841 -0.224802884 0.875128646 121 127 145
2.93721668 0.194549426 1.11396263 72 76 87
2.79300731 -0.914971037 0.905999838 84 88 102
1.93309514 0.352704302 0.899901238 0 0 0
2.85306962 0.133029337 1.30904428 67 71 82
2.94175686 -0.902280694 1.29215142 111 117 134
2.94041574 -0.902494622 1.29119375 111 117 134
2.93189101 -0.164982919 1.34917617 84 88 102
2.02522819 0.189695211 1.17237482 97 103 118
-1.12196319 0.592070376 1.30877075 112 113 115
0.568268061 0.726913444 1.74028321 141 141 141
2.87617053 -0.197225223 1.20510812 90 95 109
-1.26394461 0.586592506 1.02618443 0 0 0
-2.93929482 -0.207106367 1.01579334 69 73 85
0.797293801 0.712898925 1.58169844 184 184 184
-5.30800961 0.730597574 1.13860015 0 0 0
-1.21942105 0.590477814 1.4558717 6 19 42
-0.604551995 0.579768339 1.66086604 19 26 42
0.629282139 0.71035232 1.56209684 0 0 0
1.59181232 -1.67428625 0.93274595 8 8 8
-4.7192765 -3.18285698 -1.14417348 0 0 0
0.913886889 -1.61594888 1.21288936 94 100 98
-2.95116445 0.601948658 1.0390451 0 0 0
1.002568 -1.60771556 1.46235615 17 25 47
0.975933438 0.74461882 1.97918699 0 0 0
0.948945061 -1.61939768 1.42139851 96 98 104
0.343678602 0.731316483 0.963142734 57 57 57
-3.11678251 0.250697953 0.768452366 0 0 0
0.896059046 -1.62945603 1.45802756 7 21 48
2.7558451 -0.124252698 1.31275534 73 77 89
-2.03047822 0.670937285 1.28030443 20 21 22
2.79462646 -1.16437713 1.34287753 59 62 72
2.95999587 -0.147658084 1.30585879 112 118 135
-2.61695036 -0.241289517 0.836864198 89 88 88
2.94466166 0.256958049 1.18173387 113 119 136
2.8815699 -0.164984537 1.33409789 111 117 134
2.77208742 0.113265615 1.32585927 59 62 72
-1.27822167 0.620193005 1.75148575 105 106 106
1.93643818 -0.853552192 0.487724245 92 97 112
2.92158284 0.232937291 1.233101 89 94 108
2.92205223 -0.852524033 1.25004675 59 62 72
1.97723827 0.294228401 1.23636337 29 29 29
-3.20868142 0.211345577 1.20229628 231 231 231
-5.59716069 0.782728194 2.37490818 2 2 2
1.89879812 -0.857292218 0.464896722 92 97 112
2.98073154 -0.11898371 1.14936082 228 228 228
2.82380464 -0.873839251 1.18241103 89 94 108
2.92895036 -0.201945056 1.25660882 62 65 75
2.93043198 -0.875367934 1.3282639 65 69 80
2.7800283 0.30811465 1.31184511 57 57 57
-2.14548468 -1.76717535 -0.000976179606 231 231 231
-2.19572251 -0.140466503 0.540339517 76 71 68
1.50929222 -1.70514042 1.50981373 130 130 130
1.50931847 -1.7051177 1.50980504 130 130 130
-3.14652131 0.150483991 1.12333089 71 75 87
2.03724018 -0.196403372 0.908569069 99 104 120
-2.01910436 -1.66389938 0.89497052 231 231 231
0.772509569 -1.61324685 1.42407978 231 231 231
0.791411986 0.712423046 1.50643559 142 142 142
0.680598495 0.710656567 1.55671184 141 141 141
2.67245018 -0.221221499 0.964872654 61 64 75
1.95827161 -0.889066195 0.52241658 84 89 102
2.75418655 -0.854464245 1.05761244 79 83 96
1.94587315 -0.785488796 0.588578759 59 62 72
2.77583475 -0.15082962 1.30592351 70 74 85
2.0750853 0.25418765 1.21199606 93 98 112
2.12021266 0.299675995 1.25716838 9 11 13
1.04227026 -1.67139117 1.01059806 158 158 158
1.05162388 -1.66810905 1.01231127 158 158 158
-1.50614581 0.677168102 0.618123448 109 111 113
0.75546862 -1.63594172 1.4000658 88 94 104
-2.11986827 -1.59182241 1.19914506 107 107 107
-2.14915387 -1.59470474 1.19612076 107 107 107
0.631663636 0.706317354 1.50569969 141 141 141
0.594640157 0.719619644 1.50234345 141 141 141
-4.56051148 0.704795617 1.18271176 0 0 0
-0.13732192 -1.72856114 0.974409149 231 231 231
-0.223324112 -1.69335677 1.00790542 0 0 0
0.949744468 -1.60983219 1.43815718 25 38 63
-3.77981411 0.78103502 1.21810271 2 2 2
0.789543172 0.715853652 1.62070236 182 182 182
-0.282391708 0.72824344 1.94373689 0 0 0
2.79437787 -0.854509825 1.25190122 98 103 118
-0.0940782891 -2.17333418 0.567599067 8 8 8
0.710472184 -1.81456171 0.832267616 8 8 8
0.472202718 -1.88767156 0.778652102 8 8 8
-11.6783914 -5.33412161 -1.75296736 8 8 8
1.07911733 -1.60420544 0.987455583 8 8 8
-1.30338366 0.587163601 1.05508785 140 140 140
0.908680475 -1.62784866 1.44465472 44 51 68
1.10373943 0.778340114 1.96659465 3 3 3
1.06754874 0.783546751 1.97198728 0 0 0
1.62024518 -1.3482212 1.17555809 8 8 8
-0.991395984 -1.22410813 0.807755501 75 79 92
0.858755951 -1.61643746 1.50915529 101 101 101
-1.41165861 0.619606592 2.05018481 105 105 105
1.81187578 -0.800355741 0.526652575 59 62 72
2.00276593 -0.902643668 0.92591376 98 104 119
2.06241689 0.609782099 1.19813421 98 104 119
2.13026834 0.263816991 1.23699967 102 107 123
2.83105929 -0.860368143 1.19406199 87 92 106
1.61214854 -0.859094507 0.504145334 110 115 132
2.78285932 0.323663788 1.32516065 57 57 57
2.78285932 0.323663788 1.32516065 57 57 57
1.01360302 -1.54848297 0.974753422 231 231 231
2.81670705 -0.198253234 1.18607372 90 95 109
2.92968409 -0.916307871 1.29191942 113 119 136
-0.37957682 -1.39230008 0.598651037 231 231 231
0.55874538 -1.6672272 1.00389291 231 231 231
1.74833374 -0.90104679 0.647651694 59 62 72
-2.66522055 0.0717974127 0.0228510562 0 0 0
0.650261467 -1.64085931 1.00343241 231 231 231
1.91061194 -0.815441565 0.550310128 117 123 141
1.89100742 -0.824711984 0.532283663 117 123 141
2.91883271 -0.853837766 1.2486905 59 62 72
2.78835547 -0.199301009 1.17017649 90 95 109
-2.25739853 -1.70589952 -0.0270381591 81 75 72
-0.452526189 -1.72073167 0.963560704 231 231 231
-0.172024697 -1.69787294 1.10668274 54 54 54
-0.363686252 0.579000023 1.50276463 109 109 111
-1.00558511 -1.65565952 0.608055648 77 81 93
-1.96029474 -1.60992612 0.915011559 231 231 231
0.707651379 -1.62917165 0.999746773 231 231 231
0.326236708 0.729915376 0.978103147 57 57 57
1.07345787 -1.65639745 1.50156924 158 158 158
1.06915707 -1.65864376 1.50056938 158 158 158
-2.23652183 -1.59548057 1.17576321 107 107 107
-5.36352056 -0.303046193 1.00242242 231 231 231
-32.6515243 -6.79029553 -20.8495746 59 62 72
2.10395687 0.617956526 1.19649205 99 105 120
2.07179245 0.24600385 1.20295145 5 5 5
2.10265492 0.577452792 1.24432902 59 62 72
0.656065166 0.779992253 0.932947579 57 57 57
0.79647203 -1.62396359 1.26849321 110 112 112
0.802125376 -1.62136089 1.43671007 28 37 57
0.670129223 -1.65256982 1.44973846 231 231 231
2.95006468 0.12017963 1.29750153 113 118 136
2.91522925 -0.135952227 1.2970287 113 119 136
-2.07132679 -1.57721655 0.0104087105 107 107 107
0.671972804 0.772121061 0.846262611 29 29 29
2.08327475 0.109063984 1.27559099 5 5 5
-1.26136807 -0.857793023 0.388177628 107 107 107
2.104082 0.569792752 1.3063043 57 57 57
0.869016449 -1.61981555 1.42146094 97 99 104
0.740175554 -1.64046807 1.49799808 101 101 101
0.740175554 -1.64046807 1.49799808 101 101 101
-5.45009626 0.748994626 1.71859699 0 0 0
2.77726448 -1.05572641 1.39059763 8 8 8
2.77726448 -1.05572641 1.39059763 8 8 8
0.56283009 0.779117659 0.853220148 9 11 13
-0.184908876 -1.70496966 1.00214666 130 130 130
-0.108059637 -1.71958109 1.04305232 231 231 231
1.0089835 -1.61888522 1.45963678 7 16 40
0.901026219 -1.61631273 1.44868444 45 52 69
0.974534059 -1.61592692 1.47079459 72 73 79
0.743493853 -1.62785894 1.44693167 231 231 231
1.99474856 -0.855925783 0.895308444 59 62 72
2.04973583 -0.202317921 0.92443775 69 72 84
-0.941155898 -1.75943201 0.873496778 0 0 0
1.08127931 -1.60457666 0.986614367 8 8 8
1.62024518 -1.3482212 1.17555809 8 8 8
-0.0920539249 -1.71420272 0.917719757 231 231 231
-0.138405464 -1.71013516 1.06043055 0 0 0
0.84420526 -1.61617633 1.46138413 76 78 83
0.995554468 -1.61204481 1.48314402 21 28 47
-3.54584463 0.686714627 1.02366495 99 105 120
-3.84353969 0.788560893 1.17385604 2 2 2
2.7895012 -0.206539903 1.2503827 104 110 126
2.75389967 -1.0752339 1.37240993 231 231 231
2.11067655 0.617159434 1.17988822 87 91 105
-1.01187656 -1.30074916 0.632601455 97 103 118
0.986103335 -1.61759215 1.2127523 59 91 67
0.986103335 -1.61759215 1.2127523 59 91 67
0.988135588 -1.61899472 1.28240394 83 92 87
0.988135588 -1.61899472 1.28240394 83 92 87
0.90192145 -1.6213501 1.28228784 98 103 107
0.90192145 -1.6213501 1.28228784 98 103 107
0.793938132 -1.63022585 1.44318402 63 67 72
-0.268953012 0.722812862 1.45703643 0 0 0
-0.468213847 -1.78910728 -0.0172062557 231 231 231
1.62962392 -0.803179716 0.511399564 59 62 72
-1.46461448 0.602498527 2.01293158 3 3 3
-1.25528051 0.582573514 0.514515976 4 13 30
1.99013518 -1.0412348 0.98104449 85 79 76
2.12510608 0.125871293 1.22508564 98 104 119
0.442706698 0.751221164 1.63132832 0 0 0
2.10564591 -0.184698966 1.2068235 102 107 123
2.03961417 0.331440866 1.28410818 115 121 138
-1.074839 -1.75575654 0.751024792 231 231 231
0.393237554 0.761066276 1.77963752 0 0 0
-4.98988164 0.411770894 2.51238457 6 6 6
-5.1893247 0.435758567 2.53449933 6 6 6
2.00116674 -0.19526705 0.763985309 96 101 116
-3.62737128 0.751724912 1.87056254 231 231 231
-23.4729386 -5.66217243 -14.313081 110 116 133
2.92735926 -0.175974995 1.32906762 80 84 97
2.76142996 0.272016731 1.33994382 105 110 127
2.76530336 0.268177486 1.35922854 57 57 57
-0.962663002 -0.951086819 0.875586934 0 0 0
-1.7433852 -1.62527484 0.831822291 231 231 231
2.94088616 -0.16866091 1.34043123 109 115 132
-0.488583273 0.580781744 1.51148195 91 97 108
-0.500992605 0.583912534 1.51100671 91 97 108
1.51789473 -0.85723046 0.508341011 86 80 77
2.00105451 -1.06804327 0.981504095 231 231 231
0.232178758 0.762125212 0.896865346 28 29 29
-0.266717426 -1.7101171 0.971727721 0 0 0
-2.79967775 0.107291219 1.06742081 64 67 78
-3.93338313 0.764590751 1.90592265 231 231 231
1.94890708 0.844154457 0.713764341 5 5 5
1.98994371 -0.917756184 0.95443859 85 80 76
-9.14733206 -7.76213592 -3.56651622 8 8 8
-0.126763096 -2.60059687 0.257232184 8 8 8
-0.126763096 -2.60059687 0.257232184 8 8 8
1.95195472 -0.249083183 0.782061614 60 64 74
2.08620839 -0.226838229 0.888859043 61 64 74
-11.6273979 -7.95351347 -3.70146541 8 8 8
-11.6273979 -7.95351347 -3.70146541 8 8 8
-1.19167146 -1.5978971 0.991843326 0 0 0
2.07789566 -0.199011008 1.18661033 61 64 75
0.640639243 -1.93437082 0.743146215 8 8 8
0.916376723 -1.52784968 1.04329763 8 8 8
0.916376723 -1.52784968 1.04329763 8 8 8
-1.20463923 -1.3165128 0.553406014 59 62 72
-0.956729939 -1.64034002 0.649047887 95 100 114
-0.956154397 -1.63997349 0.649318047 95 100 114
-0.332400773 -1.7232678 1.01435156 0 0 0
-2.63160689 0.253290236 0.820481101 110 116 133
-3.74795809 0.765338903 1.13906484 2 2 2
-20.4316401 -11.5789215 -10.3797373 8 8 8
2.06329851 -0.203146218 0.910110103 59 63 73
2.77309364 -0.89351498 1.36966761 8 8 8
2.10973748 0.612619934 1.11402396 87 92 106
-2.61828501 0.0406964171 0.0111166952 0 0 0
-1.019361 -0.852275147 0.631721024 96 101 116
-0.95984081 -1.21704742 0.659729577 69 73 84
-0.313246049 -0.652151831 1.49755626 0 0 0
-1.98799882 -1.54419885 0.0548344329 107 107 107
-0.921341803 -1.67861032 0.893343976 231 231 231
-11.2465998 -6.14064942 -2.36746986 8 8 8
-1.09473789 -0.812925671 0.485294274 44 46 53
-1.80101179 -1.00159309 0.174975838 107 107 107
-1.16445295 -1.67095292 0.49553108 84 89 102
-1.16226175 -1.66939111 0.497324392 84 89 102
2.00337083 -0.933875487 0.974676694 86 80 76
2.00337083 -0.933875487 0.974676694 86 80 76
-0.34042599 -1.69681825 0.861187761 231 231 231
-0.282938333 -1.73557267 0.969703677 114 114 114
1.98574347 -1.0926199 0.963259127 231 231 231
1.98574347 -1.0926199 0.963259127 231 231 231
-1.07418338 -1.52291761 0.401408308 231 231 231
-0.156111106 -1.69243379 1.10868687 16 16 16
-0.959145574 -1.07202018 0.993874238 197 197 197
1.40428548 0.337516563 1.22592257 57 57 57
-1.61386596 -1.53342395 0.866873771 231 231 231
-0.875430118 -1.56129111 1.03193807 98 103 118
-2.60218994 0.619050041 0.677769528 104 109 125
1.99163069 -0.212230982 0.800507592 121 127 144
-2.28216731 0.628836662 0.967747051 231 231 231
-3.64448308 0.389382435 1.25016136 231 231 231
-0.0717906362 -0.097794187 0.00149189176 234 234 234
-0.0717906362 -0.097794187 0.00149189176 234 234 234
-1.1316621 -0.826963506 0.435850691 67 67 67
-1.04418865 -1.68296171 0.531726139 72 76 88
-0.979159572 -1.21044896 0.800218051 75 79 91
-0.184036922 -1.70425496 1.00234807 130 130 130
-0.943121371 -1.07925555 0.950422165 0 0 0
-1.6217925 -1.52385325 0.946844478 231 231 231
1.01875426 -1.61554739 1.4107322 84 89 100
-3.91944697 0.711097745 2.40227545 231 231 231
-11.4549726 -7.83637515 -3.61836121 8 8 8
-11.4549726 -7.83637515 -3.61836121 8 8 8
-5.57861143 -4.79449902 -1.36768119 8 8 8
-0.203234587 -1.70666915 1.08730365 130 130 130
-1.11455526 -1.66332377 0.97818287 102 107 123
-3.05371807 0.123588996 1.07455169 103 108 124
0.118332012 -2.07687413 0.638512482 8 8 8
-21.0855793 -11.592394 -6.37594036 8 8 8
-1.11157962 -1.29706762 0.556313291 59 62 72
-0.710004021 -1.2256318 0.747850985 59 62 72
-0.984452887 -1.21517957 0.725270058 64 67 78
-1.45434993 -0.546714432 2.34694277 98 101 108
-1.00808237 -0.857087469 0.715388537 0 0 0
1.99048841 -0.206378582 0.791886885 120 126 144
-0.11978245 -1.69216797 1.00277465 130 130 130
-3.51818845 -2.56167235 0.281067703 9 9 9
-3.51818845 -2.56167235 0.281067703 9 9 9
-0.2309021 -1.71139182 1.03351278 0 0 0
-0.957714763 0.580250918 0.910660644 108 109 110
-2.71882282 0.233887074 0.834527816 108 106 106
-2.6876067 0.122808486 1.12666675 71 75 87
-2.69117266 0.10711785 1.13429022 71 75 87
-4.88748931 0.654749715 2.69157568 3 3 3
-4.88748931 0.654749715 2.69157568 3 3 3
-1.42433367 -0.57776417 2.34560928 106 108 114
-1.12968446 -1.50181967 0.471757245 94 99 114
-1.19371332 0.636344879 0.845400102 101 102 105
0.989139525 0.746750497 1.04468052 57 57 57
0.131669384 0.74946098 1.01124212 57 57 57
-0.660253436 0.592269141 1.67690281 11 17 34
-0.353109313 0.654002786 1.77615073 158 158 158
0.121922942 0.751216535 1.84798531 57 57 57
-1.10361313 -1.31850112 0.379851783 107 107 107
-2.59024706 0.0905235195 0.0940899027 0 0 0
-0.933377199 0.643255707 1.91385378 158 158 158
2.11733431 0.601621302 1.2039577 99 104 120
-5.08683686 0.517892686 2.68446691 231 231 231
2.12311904 0.154777247 1.20404182 99 105 120
-1.12471944 -1.27737648 0.531826773 115 120 138
-4.32148683 -0.731896696 0.981447038 74 72 72
-5.90282283 0.848253905 2.39398544 2 2 2
2.10636941 0.768290748 0.896499891 6 20 42
1.94751264 0.773910096 0.891721877 6 21 42
1.95817496 0.765364584 0.916774803 123 124 123
1.95817496 0.765364584 0.916774803 123 124 123
-1.4701597 -0.420515351 2.32620513 90 93 102
-1.4701597 -0.420515351 2.32620513 90 93 102
2.10152458 0.170353644 1.14493235 88 92 106
2.10550229 0.170494549 1.17819932 86 90 104
2.09080348 0.106327685 1.27755293 5 5 5
-0.952647705 -1.09840975 1.0116942 197 197 197
-2.89098714 0.103175026 1.096772 94 99 114
-0.275873621 0.728223879 1.93759801 0 0 0
0.998554488 0.772739178 1.96926507 57 57 57
-4.76573501 0.628475043 2.68533837 4 4 4
-4.79152861 0.631950599 2.68901943 4 4 4
0.0875141944 -0.0427543959 -0.0103131761 235 235 235
0.98927148 0.743256894 1.03195942 0 0 0
-1.60810273 0.599693151 1.19301547 51 55 55
-10.0333857 -6.62734999 -4.93229586 8 8 8
-0.0661942517 -0.0132622057 0.000126797043 0 0 0
-0.0981506691 0.142381344 -0.0060969361 235 235 235
-21.5800415 -10.6285863 -9.31684376 8 8 8
-1.29600192 -2.32677844 -0.203167338 8 8 8
0.298545298 -1.69034794 0.923078703 8 8 8
-2.13838241 -2.48580172 0.335923692 8 8 8
-2.13838241 -2.48580172 0.335923692 8 8 8
-1.1158079 -0.794784071 0.542117919 59 62 72
-0.940948099 -1.31052757 1.20580394 0 0 0
-0.790796735 0.598997489 0.964741703 90 102 94
-1.21656223 -1.46462727 1.0810293 231 231 231
-3.12144143 0.106093469 1.28049802 231 231 231
-3.12144143 0.106093469 1.28049802 231 231 231
1.1076536 0.769572723 1.92831992 0 0 0
-1.45763364 -0.343729709 2.33163999 96 99 106
1.97968076 0.764882238 0.92736402 11 13 15
2.08416661 0.611782278 1.01583536 65 68 79
-5.3796909 -3.25663188 -0.231046996 8 8 8
-6.26068465 -3.35931339 -0.303546991 10 10 10
-2.50357491 -0.179260979 0.62095483 107 113 129
-2.48044491 -0.189209494 0.642663031 59 62 72
-2.66464785 0.307446164 1.09986258 67 71 82
-0.752399627 0.58527062 1.35148664 102 104 108
-2.40006746 0.737454759 1.93236198 6 6 6
-3.14453145 0.282288829 1.30586543 102 107 123
-1.35743095 0.611933933 2.0392776 106 106 106
-0.0417485324 -0.0166799542 -0.00179033059 235 235 235
2.10591113 0.26450679 1.13409097 90 95 109
2.1003608 0.599459452 1.12229889 89 93 108
2.0895603 0.324540834 1.3052134 119 125 143
0.41711892 0.752891655 1.40115161 0 0 0
-2.93735308 0.741473587 1.99011729 2 2 2
-2.31568504 0.610146116 0.150840609 0 0 0
1.03999004 0.765494753 1.99160556 57 57 57
2.09542039 0.758881063 0.913566656 124 124 124
-0.965774105 -1.48829364 0.976919883 231 231 231
-1.93338421 0.610283904 1.05219492 6 19 42
2.07775967 0.163196006 1.00513829 62 65 75
1.98779139 0.766629472 0.920010193 8 9 11
-1.12980514 -0.826520599 0.531806955 115 120 138
-1.02463854 -1.39068362 0.975476001 231 231 231
-0.095965385 -0.134914869 -0.0139471365 235 235 235
-0.095965385 -0.134914869 -0.0139471365 235 235 235
-1.45012699 -0.350189891 2.35767527 136 138 141
0.0937408042 -0.137850492 -0.00337515862 235 235 235
2.11205134 0.165776316 1.16840915 88 92 106
2.116341 0.162649861 1.19915908 98 103 119
2.09983886 -0.189863667 1.27794235 84 79 75
1.20260508 0.790577661 0.88197244 6 20 42
-1.47154226 0.599196453 1.36740579 50 55 53
-0.608570952 0.586135785 1.61839416 16 32 59
-0.0327538135 0.741049724 1.89307769 57 57 57
-1.4858435 -0.359100221 2.42465322 136 138 141
2.05949284 0.631556078 0.945358866 231 231 231
1.97880473 0.769038551 0.894838824 123 124 123
0.114249423 -0.000946086694 0.00514684866 235 235 235
1.96034628 0.772673513 0.886561831 6 21 42
0.12206499 0.0281552905 0.0103521101 235 235 235
2.11172274 0.127510847 1.24002793 59 62 72
1.18005526 0.736110904 0.95717534 0 0 0
-0.964268467 -1.13458668 1.03198555 116 122 140
-1.46979221 0.587426093 1.40885364 1 2 5
-4.82054002 0.574821229 2.68589863 3 3 3
0.0905065311 -0.0746143525 -0.00906788698 235 235 235
1.97779778 0.766282485 0.925741803 9 12 14
-0.957768919 -2.07266071 0.0764805359 8 8 8
-0.246683309 -1.22334287 1.01026586 0 0 0
-1.52294002 -2.16206102 -0.021921353 8 8 8
-5.45024477 0.735920318 2.43532597 117 117 117
-3.81321856 0.595843671 2.52911468 117 117 117
-3.81321856 0.595843671 2.52911468 117 117 117
-4.2203024 0.698176708 2.62474798 117 117 117
1.96276081 0.769278682 0.912258222 36 85 46
2.11741218 -0.200677545 1.19887208 104 110 126
-1.30026198 -2.09129878 0.0518511874 8 8 8
-9.18918425 -4.42432102 -1.1002982 8 8 8
-9.18918425 -4.42432102 -1.1002982 8 8 8
-4.26021985 -2.85000482 0.0681529396 8 8 8
-4.26021985 -2.85000482 0.0681529396 8 8 8
-10.2384546 -4.53478444 -1.17789925 8 8 8
-10.2384546 -4.53478444 -1.17789925 8 8 8
-3.15241885 0.311338952 1.30688833 231 231 231
-0.157949033 0.784283715 1.90038903 57 57 57
-1.4559723 -0.411438113 2.40231561 68 62 63
-1.4559723 -0.411438113 2.40231561 68 62 63
-3.63497562 -0.142062306 1.24784917 102 107 123
0.0176716901 0.0114763797 -0.000433242068 0 0 0
-0.92695494 0.61549753 2.03929316 158 158 158
0.988286354 0.74540538 1.94901145 57 57 57
-0.19016116 0.722353674 0.827602648 5 5 5
2.08792741 0.0929326061 1.26157964 5 5 5
2.08899472 0.0923166953 1.26218228 5 5 5
-2.65361427 0.678611343 1.37065899 231 231 231
-2.40728012 0.634856268 1.01168926 18 18 18
-5.69045574 0.838018275 1.80363366 0 0 0
0.470964723 0.751766922 1.96207327 0 0 0
-0.253385839 0.692954226 1.05331593 0 0 0
-2.03766159 -1.62241421 1.04196671 231 231 231
-2.75803743 0.221340328 0.960502103 85 89 103
0.956463197 0.758946644 1.92468088 0 0 0
-2.1914726 0.605814527 0.166638549 0 0 0
-4.13928083 0.1074946 -0.161752707 0 0 0
0.125290767 0.762960747 0.909545126 9 11 14
2.10858613 0.561012742 1.28167055 59 62 72
2.11033093 0.559259885 1.28234689 59 62 72
-5.8949152 -0.273769206 1.02037234 0 0 0
-1.99664615 -0.922547656 0.0322917066 107 107 107
-3.3539773 -0.10581774 1.27043095 231 231 231
-0.0509248655 0.746099915 1.89417993 57 57 57
-4.31291161 0.753918167 2.63129802 231 231 231
2.00603716 0.762966334 0.919697217 124 124 124
1.96751222 0.770034313 0.9042922 27 83 39
1.96582078 0.771959406 0.902899081 27 83 39
-1.43421102 0.608424692 1.18618699 141 141 141
0.587943577 0.72232883 1.45657041 142 142 142
-5.09762884 0.730385691 1.68662624 231 231 231
-2.35691945 0.722693041 1.93694804 6 6 6
1.4606127 -0.166379518 1.8236617 0 0 0
-0.263694678 0.724062839 1.97157202 0 0 0
0.99334667 0.760787911 2.01312483 0 0 0
-4.67825474 0.657986064 2.74608018 231 231 231
1.25567268 0.769726873 0.912213027 27 83 39
0.980051774 0.76563338 1.03599867 0 0 0
-1.37020011 -0.823360107 0.520804114 95 100 115
2.64530751 -0.279138158 1.62936483 11 20 14
0.167779262 0.768542445 0.861372057 9 12 13
0.717594349 0.705987261 1.64184816 0 0 0
-5.28780132 0.74162807 2.41542636 231 231 231
-1.94537134 0.59158552 0.744052597 105 105 105
-1.54836834 0.595420369 1.32140455 54 58 56
-2.44028008 -0.109121921 1.37071792 231 231 231
-3.58698089 0.599390523 2.56296851 117 117 117
1.64347178 0.500894618 1.06815767 9 9 9
-2.6096114 0.0389129268 0.0141866156 0 0 0
-0.266165581 -1.51891404 1.05098906 8 8 8
-0.266165581 -1.51891404 1.05098906 8 8 8
-0.419894347 0.568728589 1.16329807 123 123 123
-3.107174 -0.0837757832 1.30593435 0 0 0
-0.894889665 0.582096576 1.51843886 53 63 82
0.605904295 0.707216878 1.74446751 142 142 142
-0.95074618 0.58170619 1.61845282 83 86 95
3.04393671 -0.851311234 0.94728513 109 114 131
-2.7620869 0.212309389 0.912515748 0 0 0
-3.23620326 -1.55038528 1.29904642 231 231 231
3.03248031 0.025736843 1.00128521 228 228 228
-0.970427535 0.581597364 1.61568917 9 26 57
-2.54551764 0.0109131042 0.747510135 0 0 0
-0.970427535 0.581597364 1.61568917 9 26 57
3.05657465 -0.00246158331 0.978679787 228 228 228
-2.75204789 0.762204181 0.880098601 10 10 10
-2.08248103 -1.61896811 1.1978949 123 123 123
2.72866746 0.225839938 0.817989125 85 79 76
-0.974038019 0.581981257 1.61496855 92 95 101
-1.32156718 0.591161661 1.33101092 3 25 8
3.34311915 -1.62534798 0.741683783 231 231 231
-0.446358692 0.582791336 1.5227647 39 49 68
-0.667823598 0.58217891 1.52386967 44 54 74
-0.948559025 -1.01158301 0.925720891 197 197 197
-3.34065203 -1.25179935 0.817146751 120 126 145
-0.800266963 0.58210092 1.52477961 94 100 111
-0.948425273 -1.01174335 0.925631126 197 197 197
-2.17964076 -1.11086871 1.22779096 0 0 0
3.32238534 -1.61624027 0.713080261 0 0 0
-0.486143861 0.581536226 1.27747629 88 90 94
0.848799188 0.762657844 0.847612199 29 30 30
-0.702931614 0.582571634 1.25891799 103 104 108
-3.26255781 -1.38689256 1.27463736 231 231 231
-0.927118936 0.581873053 1.31628534 16 26 47
2.81885814 -0.888380466 0.754537924 0 0 0
-3.07138601 -0.943044371 1.16800251 67 67 67
-2.08336071 -0.91235068 1.21144447 67 67 67
-0.763320177 0.581520257 1.25957643 98 101 105
3.4321512 -1.69445496 0.853096457 231 231 231
3.35585037 -1.71449365 0.7960208 94 99 114
-1.00836739 0.580780626 1.31682752 17 27 47
-1.00836739 0.580780626 1.31682752 17 27 47
-5.74288934 -5.15787403 -3.32070057 8 8 8
-2.23177419 -1.062953 1.23813657 232 232 232
-0.542158797 0.584061369 1.13618844 70 72 79
4.08398176 -0.431230827 1.12693238 0 0 0
-2.82464289 -1.58303129 1.21273902 107 107 107
-3.60489229 -1.31881561 0.624664746 108 106 106
2.999074 -0.0877285562 1.13132602 228 228 228
-0.481709743 0.583140956 1.11532395 124 124 124
3.90499504 -0.415391198 1.12868157 235 235 235
-0.961696087 0.580408323 1.25986133 91 94 100
-0.470469712 0.583050886 1.07356026 102 104 107
3.90358811 -0.41467173 1.12737618 235 235 235
-0.478226102 0.574929589 1.07860118 102 104 107
4.01624633 -0.447951309 1.10689771 0 0 0
-0.950727368 -1.01378702 0.824301058 197 197 197
-3.23871561 -1.33639271 1.27194394 231 231 231
-0.986391671 0.58336174 1.25868474 98 100 105
2.91455369 -0.911128953 1.13812895 112 118 135
3.38353539 -1.65484 0.721557031 231 231 231
-0.986871346 0.582419815 1.25910262 98 100 105
-0.515744618 0.583865015 1.07307493 100 102 106
0.775935957 -1.62809472 1.01162214 101 101 101
-0.87391358 0.581429136 1.63167646 50 56 73
2.59759832 -1.13677022 1.26413258 231 231 231
-0.538928648 0.586783788 1.25651941 102 104 108
-0.798598456 0.581836884 1.62382088 12 30 61
2.88995225 -1.63354691 1.29403847 231 231 231
-1.37735415 0.582905107 1.00744578 142 142 142
-0.816094092 0.581776178 1.62364828 12 30 61
2.82487867 -1.65449675 1.27715754 231 231 231
-0.498337161 0.585683619 1.25738144 100 102 105
-0.829319929 0.582207979 1.62374972 12 30 61
2.81617852 -1.66095179 1.27593755 231 231 231
-0.498337161 0.585683619 1.25738144 100 102 105
-0.828940465 0.581895202 1.62377043 12 30 61
-1.10468176 -1.69614691 0.474334899 94 99 114
-0.555246656 0.586423804 1.15316652 116 117 117
-0.782642163 0.581377992 1.61564867 78 82 94
-0.726783757 0.587659362 1.08786091 75 77 83
-0.782642163 0.581377992 1.61564867 78 82 94
-1.09977101 -1.27093811 0.484625382 82 86 99
-0.726783757 0.587659362 1.08786091 75 77 83
-0.959909103 0.582110244 1.63144339 42 50 69
2.74011574 -1.13628683 1.1287251 0 0 0
-0.957885849 -1.16672117 0.998340009 59 62 72
2.80326284 0.217013167 1.23753065 84 89 102
3.00512769 -1.56758105 1.08533256 0 0 0
-1.01358129 0.582637433 1.63187099 59 64 77
1.99622081 -0.853211535 0.810040099 59 62 72
-0.504827408 0.594992004 1.14471064 123 123 123
-1.01358206 0.582778436 1.63172815 59 64 77
3.19732743 -0.172862759 1.203252 110 116 133
-0.948714545 0.58936584 0.986633652 120 121 120
-0.949272371 0.581989688 1.61627326 62 67 80
3.03381209 -0.0691442981 1.07115167 228 228 228
-0.949272371 0.581989688 1.61627326 62 67 80
-0.988625361 0.584370498 0.906068165 91 92 96
-0.962673356 0.581693568 1.61565435 96 98 104
-0.900950249 0.582166401 1.60763129 12 30 61
-0.814223257 0.587171654 0.88506518 108 109 112
-0.924877161 0.582383668 1.6075295 11 29 59
5.21490295 0.594556236 1.47264591 0 0 0
-0.923784049 0.585263017 1.60699622 11 29 59
3.05745416 0.0169951808 0.987631147 0 0 0
-1.02340103 0.581336501 1.61609626 87 91 97
3.04412157 -1.24836744 0.847717614 99 104 119
-1.02340103 0.581336501 1.61609626 87 91 97
3.06955882 0.0614174487 0.945524611 0 0 0
-5.5018298 -3.83264933 -1.85773244 8 8 8
-0.903151231 0.582098657 1.59952003 31 44 69
3.05545928 0.224164743 0.857434212 102 108 124
-5.5018298 -3.83264933 -1.85773244 8 8 8
-0.903132824 0.582054844 1.5994499 31 44 69
3.41118523 -1.48338913 0.792774523 0 0 0
-1.01606025 0.58587128 1.59964533 91 94 100
4.04092099 -0.505062565 1.12871862 0 0 0
-1.01716727 0.583517421 1.5999651 91 94 100
4.83141119 -1.6078417 1.46887723 0 0 0
-0.336744636 -1.75610034 -0.0177042471 8 8 8
-1.00611622 0.582352402 1.59907753 91 93 100
3.0637838 -0.0395982458 0.975363385 228 228 228
-0.78760082 0.582289571 1.51613174 94 101 111
3.09072434 -0.115923971 0.887115602 228 228 228
-1.48671825 0.585633402 1.25787397 20 22 22
1.99510621 0.480993086 1.00753167 130 130 130
1.99510621 0.480993086 1.00753167 130 130 130
3.3740795 -1.5281067 0.765602387 0 0 0
-1.40328401 0.61185494 1.07274749 142 142 142
1.98165069 0.474842775 0.981393829 0 0 0
-1.23402229 0.56506629 1.11033275 142 142 142
1.98150336 0.47477231 0.981433894 0 0 0
-1.30712712 0.595874437 1.08230154 142 142 142
-1.3261537 0.579529791 1.07676371 142 142 142
-1.02270988 0.581748659 1.52504133 58 64 79
2.73528072 0.246474762 0.842331441 96 101 116
-1.97049694 -1.76979331 0.866158994 8 8 8
-1.02270988 0.581748659 1.52504133 58 64 79
1.97410362 0.481429178 0.953628869 130 130 130
-0.991917355 0.583693233 1.09115053 89 91 94
1.96669706 0.391298385 0.957054253 130 130 130
2.74694949 -0.128635267 1.36766706 116 122 139
-1.13536433 -1.56340243 1.01783829 8 8 8
1.95679553 0.421700616 0.926815714 130 130 130
-1.02392974 -1.55017868 1.02818538 8 8 8
1.95676555 0.421719854 0.926786704 130 130 130
2.00732345 -0.890182625 0.987179654 99 104 119
-1.00677949 -1.19017225 0.951702314 59 62 72
-0.741476157 0.582745897 1.43542162 111 113 115
-0.546331451 0.579835491 1.11478062 119 119 119
-0.764388827 0.581629348 1.42756276 69 71 80
3.74677366 -0.539715424 1.12047248 0 0 0
-0.972092738 -1.63587095 0.952408483 59 62 72
-0.764499239 0.582440852 1.42718005 69 71 80
-0.977339701 -1.63106641 0.945397329 109 114 131
-0.994637511 0.586911839 0.936502378 77 81 89
-0.461263647 0.589322058 1.07013526 104 105 109
-0.743794742 0.582709513 1.3525863 61 67 78
4.05032869 -0.482164546 1.12919043 235 235 235
-1.02651678 -0.859065869 0.804656348 59 62 72
1.62988349 0.20698769 0.788718269 59 62 72
3.02101902 0.025153322 1.07419095 0 0 0
-1.286174 -2.27980246 -0.151960822 8 8 8
-0.715534383 0.582135299 1.33062893 124 124 124
4.14814416 -0.416926657 1.13235294 236 236 236
-1.5820915 0.592817965 1.21028662 25 28 29
0.874532888 0.76945972 0.848623184 29 30 30
-1.43970601 0.609343328 1.23284784 142 142 142
-0.776540891 0.582704248 1.33929949 124 124 124
2.73396337 -0.852378316 0.957628803 44 46 54
-1.45575001 0.615109564 1.22899198 142 142 142
-0.761933106 0.580966435 1.26930839 124 124 124
-1.74700517 0.591022563 1.15399907 8 9 10
-0.8062558 0.578998765 1.27931495 60 63 71
-10.469084 -1.40965057 -2.75592606 110 116 133
-0.482627378 0.58120272 1.14867818 124 124 124
-2.57412052 -0.0665864537 0.818698585 228 228 228
-0.727993673 0.584434803 1.26679864 124 124 124
-0.502668861 0.581756218 1.14030707 124 124 124
-0.688122077 0.583272806 1.27625307 85 87 91
-0.527786363 0.585529246 1.14392985 124 124 124
-0.67431714 0.575720412 1.27997574 85 87 91
-0.528086759 0.584983707 1.14421402 124 124 124
-1.30941241 0.584979843 1.09358342 0 0 0
-0.550822256 0.579132668 1.15058184 124 124 124
-1.30950319 0.58493485 1.09355306 0 0 0
-0.550822256 0.579132668 1.15058184 124 124 124
-1.33434742 0.572695922 1.08509036 0 0 0
-0.946273232 0.582489208 1.27748302 101 102 105
-0.946273232 0.582489208 1.27748302 101 102 105
-0.718040513 0.586087387 1.08000657 122 122 122
0.0947367762 0.769996104 0.845070556 29 30 30
-0.123934577 -1.34933141 1.17577515 8 8 8
-0.952638544 0.581203854 1.26870373 124 124 124
-0.123934577 -1.34933141 1.17577515 8 8 8
-1.00277497 0.582749731 1.27714784 63 67 76
-0.803828562 -1.74282103 0.884505575 8 8 8
-0.952232461 0.582682041 1.14088983 124 124 124
-0.961317137 0.579965049 1.1357194 11 76 40
1.13075917 0.715176825 0.00887074455 231 231 231
-1.1977625 0.588742031 1.13473405 155 155 155
-0.96530221 0.580382317 1.08474322 124 124 124
-1.25227008 0.61197837 1.08740986 155 155 155
-0.980381274 0.5810808 1.08411706 124 124 124
1.63822671 -4.91575507 -1.36973004 0 0 0
-0.518138285 0.58566095 1.27508535 86 88 92
0.958211263 0.752788324 -0.0461490643 231 231 231
-0.525063307 0.589611811 1.273281 86 88 92
0.05153234 0.703952416 0.445199477 141 141 141
-0.53148079 0.582206429 1.14585125 124 124 124
0.0516503442 0.703891317 0.445482165 141 141 141
-0.44570495 0.581758252 1.71711452 61 67 81
-0.935847856 0.581589643 1.69498437 124 124 124
-1.42453035 -0.830209287 0.532224703 67 67 67
-0.947399262 -1.10427945 0.734599019 197 197 197
-0.968851823 0.580877943 1.68776079 4 15 41
-1.35382732 -0.878057698 0.547309754 107 112 129
-0.968851823 0.580877943 1.68776079 4 15 41
-2.00870162 0.593681717 0.184784828 231 231 231
-0.467013439 0.583701392 1.62504052 60 62 66
-0.309341999 -1.70487606 0.912411174 8 8 8
-0.468880569 0.581925477 1.62434507 60 62 66
0.256389486 -1.62250431 0.973850266 0 0 0
-0.944255741 0.581809158 1.63147798 78 81 90
-0.910515876 0.582008649 1.62405746 10 28 58
-0.969850636 0.581770889 1.60770713 9 27 58
-1.55264695 0.595825806 1.20791091 69 79 75
-0.969832445 0.581730423 1.60772582 9 27 58
-0.801083559 0.580768244 1.51712286 94 101 111
-1.29710967 0.585862196 1.11178394 142 142 142
-1.04193418 0.581898555 1.52625316 40 47 63
1.9950028 0.0431593619 1.00681787 130 130 130
-0.556059828 0.584897236 1.16223681 88 90 94
1.99512725 0.0432014662 1.00666717 130 130 130
-0.556059828 0.584897236 1.16223681 88 90 94
1.9690331 0.0126708311 0.955230666 0 0 0
-0.516567839 0.583647596 1.12455505 124 124 124
1.96903979 0.0126984107 0.955196095 0 0 0
-1.35517321 0.590148619 1.3822943 3 3 4
-0.479951068 0.574822726 1.11211318 124 124 124
-1.41129459 -0.826071935 0.508227975 106 112 128
1.96265043 0.0419073128 0.927484718 130 130 130
0.30692085 0.736669501 1.88633306 41 41 41
1.13353484 0.745005914 0.869518914 231 231 231
-4.51956066 0.692281555 1.22286909 100 105 120
1.13309767 0.744764652 0.869710388 231 231 231
2.82848634 -1.20397642 1.27752831 231 231 231
-1.08367365 -1.24548083 0.483205022 91 96 110
-0.710044923 0.583212115 1.34729486 124 124 124
2.82848634 -1.20397642 1.27752831 231 231 231
-1.056198 -1.21768372 0.486639947 96 101 116
0.971953428 0.77145602 0.852580475 29 30 30
-1.22630222 0.581255779 1.12488945 0 0 0
-1.24741621 0.589772896 1.08074539 0 0 0
0.623825765 0.764652877 0.91097518 9 11 14
-0.946082005 -0.993473183 0.836695672 0 0 0
-0.971530488 0.581612712 1.34373567 117 120 124
2.0370136 -0.856663663 0.91455128 97 103 118
-0.948666739 -0.963332786 0.832182323 197 197 197
0.237975147 0.767566336 0.869906236 9 11 14
2.73783799 0.223306363 0.969913461 60 63 74
-0.242022906 -1.70597899 1.02942961 130 130 130
-0.501530785 0.578725151 1.14693162 124 124 124
2.67040528 0.729724276 0.963417239 123 123 123
-0.23621812 -1.70506512 1.00609056 0 0 0
-0.49038106 0.582349762 1.12553774 13 75 41
3.18610162 -1.76139274 0.878384367 229 229 229
-0.322537582 0.727620254 -0.00904275353 231 231 231
-0.549736085 0.577330406 1.11222728 124 124 124
3.03796186 0.172805542 0.86476933 0 0 0
-0.945881281 0.582627698 1.13078378 12 65 42
4.10259942 -0.585504038 1.12911686 0 0 0
-0.753689271 0.585576067 1.17155305 105 111 118
0.0228671651 0.702386996 0.473914793 0 0 0
4.10321486 -0.58510627 1.12955535 0 0 0
-0.730323132 0.579258158 1.14459626 106 112 118
-0.934119228 0.59614585 0.971697951 12 88 38
-0.730323132 0.579258158 1.14459626 106 112 118
0.0019678975 0.706188201 0.26769213 141 141 141
2.97799389 -1.34643221 1.344534 231 231 231
-0.213312514 -1.70776341 1.02677185 0 0 0
0.0019678975 0.706188201 0.26769213 141 141 141
2.97799389 -1.34643221 1.344534 231 231 231
-0.225066955 -1.71703045 0.992679466 130 130 130
0.762959706 0.708801577 1.55751412 0 0 0
2.62834666 0.7422585 0.937891182 9 9 9
-0.294774183 0.694764287 0.883018787 5 5 5
0.660047421 0.693587786 1.56261708 140 140 140
-0.460246179 0.588410189 1.14523988 124 124 124
-0.528099882 0.582486389 1.62677562 96 103 106
1.45331029 -3.7613832 -0.586553027 8 8 8
-1.43657159 -0.817376365 0.540229963 67 67 67
2.00661955 0.502934406 1.03079239 0 0 0
1.98846973 0.456539898 1.00574692 130 130 130
-1.09176284 -1.87440542 0.789426501 0 0 0
-0.274651659 0.707849933 0.89791026 231 231 231
2.00574583 0.0670466494 1.029184 0 0 0
-0.275949483 0.708687942 0.897132419 231 231 231
1.97794108 -0.0114804693 0.976674405 130 130 130
3.49679284 -1.71649999 0.675311809 8 8 8
-0.969794471 -1.5297638 1.02365811 118 124 142
1.9607037 -0.012061568 0.932842904 130 130 130
2.00740779 -1.48427261 1.07470806 0 0 0
-0.420263852 0.566030136 1.19970854 124 124 124
1.95032666 0.0662506798 0.905236623 0 0 0
-1.39472573 -0.852698598 0.500972908 106 112 128
-0.756261668 0.582694269 1.36505653 124 124 124
2.93391706 0.564241713 1.33861328 59 62 72
-1.38146753 0.592460688 0.97309771 0 0 0
-0.777915371 0.583813257 1.3468427 124 124 124
2.92619198 0.566207114 1.33669806 59 62 72
-1.48693729 0.59596809 1.00489154 6 19 42
0.646637774 0.766191481 0.857521277 29 30 30
-1.29049807 -1.56397369 0.965833815 231 231 231
0.276840836 0.764890164 0.915862972 9 11 14
2.55495036 -0.903671117 1.0638091 98 103 118
-1.21789892 0.574654025 0.92418109 6 19 43
-0.54577423 0.585113985 1.16400102 87 88 93
3.00041669 -1.5723224 1.08511806 0 0 0
-0.971041367 -1.647061 0.791477563 74 78 90
0.165139605 0.714448896 0.458989507 0 0 0
-0.339100751 -1.71551692 0.95114179 231 231 231
0.0929033542 0.705424921 0.361568609 141 141 141
-0.268536294 -1.71276349 0.979017189 0 0 0
-1.26169056 0.587498265 1.12000036 0 0 0
-0.964852778 0.625757535 1.86938582 0 0 0
-0.790598721 -1.7699538 -0.0301173701 231 231 231
-1.26169056 0.587498265 1.12000036 0 0 0
3.00734363 -1.40845115 1.08811109 0 0 0
-0.947104407 -1.06829249 0.99772414 197 197 197
-0.984977339 0.577989604 0.926622314 124 124 124
3.00734363 -1.40845115 1.08811109 0 0 0
-0.516000429 0.581381391 1.14352662 108 109 110
-1.19817022 0.585923682 0.944707123 6 19 43
2.87695894 -1.29701541 1.04110047 72 76 87
-0.496645043 0.571356984 1.14964265 108 109 110
-0.999449282 0.58377765 1.68712528 12 89 38
2.9760729 -1.31861997 1.05591706 107 113 130
-1.07024524 -1.50028191 0.414953202 231 231 231
0.634388363 0.696677428 1.53351528 0 0 0
2.74956513 -1.38953504 0.960357271 69 73 85
-1.06505837 -1.49946355 0.417723748 231 231 231
2.57329442 0.594978824 1.199753 29 29 29
3.01530444 -0.0132771169 0.986274907 0 0 0
2.61900059 0.606810355 1.19453951 29 29 29
3.01530444 -0.0132771169 0.986274907 0 0 0
1.98283026 0.498751372 0.982366336 0 0 0
1.97196865 0.42034586 0.946140491 130 130 130
3.06713969 0.0611957708 0.944611939 0 0 0
-0.525655037 0.583469677 1.1390852 123 123 123
1.89549917 -1.38921351 0.788876046 0 0 0
1.96466926 0.419219894 0.947847124 130 130 130
-2.627641 0.736669244 -0.0246221887 231 231 231
1.98290775 0.0385809249 0.990505328 130 130 130
2.8500192 0.702645127 0.797180737 231 231 231
-0.735494953 0.583946079 0.904900591 52 56 62
1.98320662 0.0384531128 0.989846938 130 130 130
3.02291911 0.198335901 0.842207637 100 106 121
-1.00079891 -1.66282791 0.66064168 69 73 84
1.94974244 0.379332527 0.914371516 0 0 0
3.87549589 -0.601384834 1.12469477 234 234 234
-1.26753071 0.579055286 1.08765599 142 142 142
1.96319141 0.0624899826 0.959988571 0 0 0
1.95695231 0.315741104 0.833155071 59 62 72
3.41403788 -0.0174287457 0.796552597 0 0 0
-1.05952206 -2.04798394 0.102896926 8 8 8
1.95202502 0.316164834 0.835925366 59 62 72
3.86317151 0.392311731 0.856620042 0 0 0
-1.07018537 -1.69980168 0.501865665 231 231 231
0.5399979 0.740811523 0.962823596 57 57 57
3.89279978 0.0502919555 0.838672808 112 118 135
-0.740537087 0.587797215 1.3340873 124 124 124
-3.03724394 -0.233403538 0.976789004 63 66 77
-3.43114713 0.765955664 0.906646924 231 231 231
-2.54646385 0.745453651 0.892255044 8 8 8
0.121005423 0.759621539 0.916894582 9 11 14
2.91549875 -1.32063601 1.33273712 231 231 231
-2.80165676 -0.0169194844 0.725299212 228 228 228
-0.51660672 0.585180082 1.16978837 124 124 124
2.77369366 0.251417528 1.16922503 90 95 109
-0.991015377 -1.5255104 1.03800024 231 231 231
0.115571562 0.764070014 0.858189161 29 30 30
2.15662947 0.278583794 0.951021915 92 97 111
-0.553000684 0.582101275 1.12694321 11 70 40
3.00461248 0.180700883 0.928707032 109 114 131
-3.68771693 -4.17610335 -2.26312987 231 231 231
-0.742583155 0.574595199 1.1177442 124 124 124
3.03636744 0.24516497 0.867684596 0 0 0
-0.798198786 -1.76038804 0.409536507 231 231 231
-0.741991295 0.576171684 1.11698968 124 124 124
-5.7384978 0.731016565 0.876226485 231 231 231
-0.690169545 0.577927517 1.07348621 124 124 124
-0.693502643 0.573976991 1.07596049 124 124 124
-0.951736264 0.588524945 1.10984278 124 124 124
2.93512531 -1.16789916 1.32498099 59 62 72
-3.50566746 0.722545405 0.89658351 231 231 231
0.101929741 0.705554242 0.403897533 0 0 0
2.96786648 0.541231106 1.34205546 99 105 120
-3.65068887 0.770458716 0.861478619 231 231 231
0.039010864 0.705921426 0.389794593 0 0 0
2.77892064 0.261883867 1.06636932 65 68 79
-1.58467217 0.570005275 1.29390791 3 3 3
0.038740327 0.705688079 0.389975193 0 0 0
2.86605539 -0.167514783 1.33712833 109 115 132
-2.68662232 0.745897361 0.881342185 231 231 231
0.188611865 0.722346391 0.261778756 141 141 141
2.94054273 -1.66323854 1.26200037 95 100 115
-1.62664125 0.611996994 1.15597384 4 5 8
-1.26106511 0.586291596 1.07684395 0 0 0
-2.458961 -2.09064755 0.628592334 8 8 8
-1.26106511 0.586291596 1.07684395 0 0 0
3.09153766 -0.111887554 0.892347641 228 228 228
0.113105786 -0.809517351 1.57465795 8 8 8
0.111284033 -0.810512559 1.57373927 8 8 8
2.03327424 0.507178621 1.07581495 130 130 130
3.94034293 -0.469877519 1.12606597 0 0 0
2.00218481 0.00201501113 1.02205344 0 0 0
-1.05954568 -0.838139219 0.528580486 112 118 135
1.95528287 0.480521095 0.913639792 0 0 0
-0.0925690215 0.13729058 -0.00203186459 0 0 0
-1.06718428 -1.42506343 0.46051727 231 231 231
3.89286274 0.377625506 0.860230038 112 117 134
2.197325 0.185184819 0.906431471 59 62 72
-0.812362257 -1.7624223 -0.0238431011 8 8 8
1.93139972 0.3621318 0.863031937 130 130 130
-2.64698865 0.629552711 1.0150167 9 9 9
1.93601059 0.0762402013 0.861905511 130 130 130
2.9028052 -1.49895657 1.37171092 98 103 118
-1.66932907 0.58787335 1.23880187 98 99 98
-0.520593424 0.582647923 1.33128719 112 113 114
2.96473087 -0.938510841 1.38703527 98 103 118
-1.22558849 -1.59232186 0.997461291 8 8 8
0.0626072676 0.768686541 0.902709614 9 11 14
1.5481438 -0.903061368 1.10473188 0 0 0
-0.0366669015 0.75395746 0.866842607 29 30 30
2.98337892 -1.23985728 0.991812775 113 119 136
3.68138865 -0.214256988 0.999066271 86 80 77
0.092057653 0.713247551 0.454081269 0 0 0
-2.04741624 -1.58114449 1.21853543 107 107 107
-1.24828065 0.590889574 1.13960284 142 142 142
-0.634867371 -1.68713488 1.0152509 231 231 231
-2.04741624 -1.58114449 1.21853543 107 107 107
-1.24828065 0.590889574 1.13960284 142 142 142
2.90405333 0.287043508 1.14626006 112 118 135
-3.16013547 -0.190387769 0.813437554 94 99 114
3.01903475 -0.0877099184 1.1382865 228 228 228
0.0548067902 0.707981574 0.336076438 0 0 0
-2.9779594 0.249729622 0.836319958 3 3 3
-0.963678418 0.575766152 0.939653187 124 124 124
4.01080102 0.169186776 0.867212863 0 0 0
-1.24776183 0.589109074 1.05446056 142 142 142
4.00517639 0.220111256 0.864964149 0 0 0
-2.56113112 0.23341703 0.629431574 0 0 0
-1.24755788 0.589594057 1.05404025 142 142 142
4.12828318 -0.583523783 1.12192192 235 235 235
-2.16326702 -0.159130863 0.627283434 119 126 144
2.01799042 0.36891494 1.07832098 130 130 130
3.87630798 0.0645096882 0.806022514 115 121 139
-2.19370385 0.170331356 0.620754639 119 125 144
1.99532704 0.395203848 1.01145953 0 0 0
4.00955458 -0.467733241 1.128551 235 235 235
-1.0201347 -1.78316297 0.856046777 8 8 8
1.11422168 0.780309746 0.908070674 0 0 0
-0.989482441 -1.89109438 0.775027168 8 8 8
-0.42531191 0.606339258 1.07713105 124 124 124
-0.989482441 -1.89109438 0.775027168 8 8 8
1.88657322 0.710444563 0.211175595 198 198 198
3.04264641 -0.0533949183 1.01262287 0 0 0
0.181069347 0.726042162 0.501931303 141 141 141
3.03448598 -0.0677065678 1.02587052 228 228 228
-2.40112941 -3.18481198 -0.181082382 8 8 8
0.00936014778 0.690835842 0.537686765 141 141 141
0.011124166 0.69782876 0.294308055 141 141 141
3.4754149 -1.75248329 0.638987576 8 8 8
-1.05345072 -1.2172123 0.4892984 96 101 116
-0.887220783 0.588788388 1.68935733 4 16 43
-1.06388948 -1.46774674 1.01283375 103 108 124
-2.56043012 0.020415636 0.793903193 228 228 228
1.94425099 0.667613218 0.847383564 5 5 5
-1.10575437 -1.69361358 0.452509124 96 101 116
-0.444945335 0.586059526 1.18328881 124 124 124
-1.05976327 -1.33296686 0.480209732 94 99 114
-1.202736 0.6091182 1.26307668 6 19 43
2.99136336 0.651993102 0.961207147 5 5 5
-0.807916483 -1.76169428 0.416271887 8 8 8
-0.95198936 0.582972364 0.970915785 86 109 91
-0.342630855 -1.76239349 0.440857794 8 8 8
-1.22348833 0.591711696 1.02664299 0 0 0
2.79338707 -2.21981848 0.487681149 8 8 8
-0.929449912 0.58552135 1.6186769 78 81 91
2.29162269 -2.6759377 0.182701264 8 8 8
-2.79241465 0.763801628 0.83051382 5 5 5
-1.0099226 0.566778054 1.62356571 7 24 54
2.94769548 0.810214206 0.868489552 9 9 9
-0.855760318 0.584696318 1.54985755 111 113 115
3.94426806 -1.63420471 0.9347337 0 0 0
1.72909595 0.603105006 0.790401275 109 115 132
4.04803372 -1.52315109 0.98996487 0 0 0
0.32020288 0.784079426 0.964635629 57 57 57
-0.953962836 -0.91328976 0.738685073 197 197 197
0.172632147 0.930204282 0.845147505 57 57 57
-1.02496293 -1.2346063 0.548590969 60 64 74
-0.742504088 0.584535858 1.15716248 112 118 124
-0.742504088 0.584535858 1.15716248 112 118 124
-0.968493294 -1.12842762 0.978551002 107 107 107
-0.964685843 0.583602135 1.15878266 124 124 124
1.03308291 0.753262965 0.0296646461 4 4 4
-0.98237458 -1.18553314 0.978316832 102 107 123
-0.674123643 0.585669335 0.925792794 124 124 124
-5.9208701 -0.519010172 1.02482318 0 0 0
-1.2257107 0.592103194 1.16320978 0 0 0
-5.61601667 -0.533147295 1.04985878 0 0 0
-1.90897032 0.595583379 1.43142696 6 19 43
-0.914178455 0.58491967 0.915667058 124 124 124
3.09832757 -1.76301842 0.908902261 8 8 8
-1.27929805 0.576515201 1.06861544 142 142 142
2.71221178 0.22703945 0.969039873 60 63 73
-2.0318895 -1.52072254 1.19323567 107 107 107
-0.502861564 0.581533427 1.65485322 73 75 81
-2.303093 -0.16822201 0.591759795 118 124 142
-0.531437147 0.581792401 1.6498331 56 59 66
-1.7899571 0.595367037 1.27284594 28 32 43
-0.528246988 0.582090369 1.64645033 89 92 97
1.99195954 -2.94224335 -0.00583196943 8 8 8
-1.99984733 0.635749623 0.347668658 106 106 106
-0.53518277 0.582842064 1.63515215 84 89 95
-1.07796481 -1.46073527 0.435515131 231 231 231
1.87404458 5.33256012 0.903012113 85 88 97
-0.942475185 -1.00004779 0.911949201 0 0 0
0.561058565 3.14033515 1.2402212 82 86 94
1.6602307 1.17029375 0.394196498 9 9 9
-2.78946668 0.736253335 0.88043469 231 231 231
-0.470487891 0.582504206 1.59697827 12 14 22
1.6602307 1.17029375 0.394196498 9 9 9
-2.76901393 0.581639172 1.06741687 231 231 231
-0.803699165 0.581958999 1.63136731 11 29 60
-3.55956626 1.14180034 -4.30375518 236 236 236
-0.844542209 0.582536249 1.62976806 83 86 95
-3.6149524 1.15659569 -4.3367297 236 236 236
-0.849546067 0.580316199 1.62728836 15 31 60
4.14443493 0.320599308 0.863429953 0 0 0
-0.93007826 0.581656574 1.63411216 98 100 105
-1.01695797 0.581785805 1.63328504 89 91 97
-1.20996658 -1.25448959 0.886762777 98 100 108
-0.89997502 0.580976069 1.60352227 12 30 61
-2.0985676 -1.61344008 0.971332721 231 231 231
-0.910794878 0.581766446 1.59954166 15 32 62
1.39502083 0.754785671 0.884511923 10 10 10
1.28374048 0.69361778 1.20008603 0 0 0
-0.95128335 -1.26810236 1.23733506 8 8 8
1.37025216 0.757501462 0.882806512 9 9 9
-1.63628115 -1.53591024 1.0380758 8 8 8
-0.933884287 -1.28518233 1.22451252 8 8 8
1.17130033 0.756771816 0.883001233 9 9 9
1.15056694 0.754132796 0.884562541 9 9 9
3.10222393 -0.0360014461 -0.115821883 231 231 231
-0.952506565 -1.16513197 1.00023247 59 62 72
-0.505454377 0.581689589 1.33991206 111 117 124
-0.0598886369 -1.67966301 0.925906998 130 130 130
-0.865667512 -1.60734225 0.992759288 231 231 231
-0.723256348 0.583256604 1.35734688 123 123 123
-2.36667596 -1.75687776 0.427508533 11 11 11
-0.7593259 0.582185378 1.3525744 111 118 124
2.82219058 -1.13889749 1.31256454 231 231 231
-0.760301038 0.583139515 1.35188628 111 118 124
-0.545472297 0.583787018 1.25815087 95 98 102
2.72444534 -0.939508664 1.11328192 106 112 129
-0.545810249 0.583116512 1.25851404 95 98 102
-0.230503781 -1.70285151 1.02181118 130 130 130
-0.561786763 0.582917877 1.25858289 94 97 102
-0.950444652 -0.924806609 0.791260681 0 0 0
-0.481032368 0.583657419 1.17049985 114 114 115
-1.08048569 -1.25732508 0.519352937 60 64 74
2.88691209 -1.32211969 1.02603789 92 97 111
-1.00499218 0.579458552 1.31996709 110 116 122
2.9142497 -0.201980048 1.08435135 112 118 136
-1.00499218 0.579458552 1.31996709 110 116 122
-0.322783913 -1.75380183 0.416050094 231 231 231
-0.996408217 0.581755846 1.31552549 14 25 46
3.08552168 -1.5672204 0.962098998 228 228 228
-0.346504117 -1.76397959 -0.0199956717 8 8 8
-0.997711569 0.577908236 1.31721365 14 25 46
2.98938722 0.614962475 1.11487841 106 112 128
1.75514915 0.695997304 0.229956433 128 128 128
1.73492157 0.70669448 0.231801364 128 128 128
3.06346624 0.634269561 0.979441434 5 5 5
-0.537261184 0.583255822 1.13032319 110 116 123
2.96215279 0.652865575 0.922597284 106 111 127
3.31545434 -1.62723202 0.737333057 0 0 0
-0.856041683 0.932269396 1.08528974 124 124 124
4.08406114 -1.4810158 1.00948407 0 0 0
-0.999059032 0.582526996 1.25830821 123 123 123
-0.755808758 0.580881493 1.09860559 123 123 123
4.08406114 -1.4810158 1.00948407 0 0 0
-0.944052203 0.584028519 1.17407532 12 90 38
-0.977113477 0.582804127 1.17492169 99 114 102
-0.977113477 0.582804127 1.17492169 99 114 102
-0.98673132 0.581863848 1.17553611 101 114 103
-0.98673132 0.581863848 1.17553611 101 114 103
3.84591712 0.0700847795 0.820268677 108 113 129
-0.980809975 0.581720698 1.15088511 39 45 59
-0.994460444 0.58205977 1.13400213 111 117 123
-0.991600137 0.581345016 1.13130319 26 34 52
-0.735890926 0.582918125 0.979704028 120 122 120
3.42585591 -0.0316118017 -0.00891561886 231 231 231
-1.06388948 -1.46774674 1.01283375 110 116 133
-0.735890926 0.582918125 0.979704028 120 122 120
-0.74257406 0.583235216 0.951277455 43 47 59
2.79372591 -1.61982702 1.30430956 59 62 72
-1.0126847 0.581888396 1.09279322 124 124 124
-0.99630052 0.582783304 0.973099213 119 120 120
3.02267892 -0.855665406 0.936569248 109 114 131
-0.382732238 2.07358061 1.53092814 124 124 124
-0.587006848 0.582668598 1.65183824 81 84 92
2.86630762 -1.12121704 1.37091776 99 104 120
-1.008834 0.579883458 1.68329247 4 19 39
-0.482635712 0.584471756 1.63215887 15 17 20
2.90577169 0.531933266 1.33333791 56 57 57
0.616060167 0.702104915 1.5189187 0 0 0
2.87011059 0.539447216 1.32646442 56 57 57
-0.480464038 0.582903798 1.62230873 9 17 23
-0.480645655 0.582715072 1.62233125 9 17 23
-0.518695533 0.582440497 1.61432091 49 52 61
3.22527865 -1.74923989 0.854283691 231 231 231
-0.468339374 0.582654086 1.60227596 75 79 89
3.042479 -0.202739132 0.9497088 110 116 133
-0.831393666 0.581701426 1.63647205 12 29 59
3.01568685 0.653025319 0.949421266 5 5 5
-0.901684383 0.582015498 1.62684986 10 27 58
4.11368819 0.18642722 0.871154472 236 236 236
-1.01995927 0.582109807 1.61859371 100 102 106
4.11368819 0.18642722 0.871154472 236 236 236
-1.01741781 0.581505635 1.61559885 7 24 54
4.10549641 0.284135451 0.865004619 236 236 236
-0.510536876 0.58245338 1.50703726 62 69 83
4.10549641 0.284135451 0.865004619 236 236 236
-0.511557635 0.580955633 1.50740904 62 69 83
3.00320491 -0.0481866896 1.08246677 0 0 0
-0.56478247 0.582539352 1.50709214 68 75 88
2.95401578 0.639623958 1.08590506 28 29 29
-0.56478247 0.582539352 1.50709214 68 75 88
4.14251717 -0.601598784 1.11889533 234 234 234
-0.670000418 0.582117495 1.51834543 76 88 109
4.17313414 -1.44330447 0.887337779 59 62 72
-0.670012466 0.582157502 1.5183286 76 88 109
-0.667916716 0.582293532 1.51305066 47 57 76
3.99907505 0.157829057 0.87019053 0 0 0
-1.04491236 0.581765428 1.52921425 14 25 47
4.14976069 0.312984401 0.8733607 0 0 0
-0.960275081 0.581888143 1.50712991 94 101 111
-4.18238831 -0.867692178 1.1546145 70 68 68
1.59701939 0.767553443 0.895109235 7 23 42
2.60803123 -0.869855625 0.961621406 59 62 72
-0.497132617 0.582828211 1.34868169 124 124 124
2.54092335 -0.791129522 0.856476235 59 62 72
-0.497139763 0.582901388 1.3486277 124 124 124
4.13893155 -1.50379927 1.08667957 0 0 0
-0.49576036 0.582164723 1.25983667 92 94 100
-0.527490786 0.58342418 1.25840948 99 101 106
3.37695188 -0.00960899731 0.767644232 0 0 0
-0.527525792 0.583490583 1.25833934 99 101 106
4.03690802 0.249403938 0.867003566 236 236 236
-0.760158541 0.582846723 1.32076052 111 118 124
-0.972186979 0.582256958 1.34928376 121 122 122
1.10513085 0.748461817 1.18719915 0 0 0
-0.758265109 0.584774531 1.27713723 124 124 124
2.91643778 0.607626475 1.28006479 97 102 117
-0.993032246 0.580123355 1.35152615 11 24 45
2.9299968 -1.3159325 1.00131086 59 62 72
-0.749292505 0.582798441 1.25853857 96 98 103
2.83048446 0.723578718 0.835369244 5 5 5
-0.484996957 0.584447739 1.16653014 22 35 51
4.06836842 0.22151378 0.866971392 0 0 0
4.13748737 0.163060846 0.872025292 0 0 0
-0.49675554 0.582874757 1.16500588 14 47 45
-0.782683616 0.58325567 1.2587388 96 98 103
-0.782683616 0.58325567 1.2587388 96 98 103
4.12825765 -0.583784768 1.12203983 234 234 234
-0.51423917 0.583262918 1.14304824 28 61 50
4.14171393 0.301299284 0.877439313 0 0 0
2.85196047 -0.869756397 1.26620151 98 104 119
-0.514243006 0.58324344 1.14292389 28 61 50
-0.486409217 0.581760654 1.12874496 17 48 45
3.29073911 0.595399166 0.995801702 5 5 5
-0.533095638 0.585306964 1.13539786 52 56 67
4.02089233 0.294351778 0.861833499 0 0 0
-0.550323503 0.584449427 1.13598444 69 72 79
-2.25224224 -1.08027459 0.0796875972 107 107 107
-0.490674074 0.588311377 1.06934021 97 99 104
2.93854908 0.594739093 1.1507574 112 118 135
-0.556259617 0.582652919 1.07385807 99 101 105
2.6844927 0.2446248 1.01252672 77 81 94
-0.55624644 0.582693543 1.07379568 99 101 105
2.6844927 0.2446248 1.01252672 77 81 94
-0.72468879 0.582674688 1.09110303 78 80 86
4.17388389 0.318463504 0.857210876 236 236 236
-0.718817154 0.583877196 1.07270943 98 100 105
-0.990383206 0.581196186 1.17228295 17 35 46
2.88057955 -1.36574516 1.35491693 231 231 231
0.198922212 0.721913425 0.463764922 0 0 0
3.02895091 -1.46731634 1.034068 0 0 0
-0.923514536 0.583103015 1.0859772 122 122 122
3.02895091 -1.46731634 1.034068 0 0 0
0.0889299868 0.729783809 0.421199576 141 141 141
3.0475377 -0.202038115 0.868930372 85 79 76
0.934329291 0.748926671 -0.0531584598 231 231 231
4.03919107 -1.49109987 1.0347539 165 165 165
-0.774617875 0.583195487 0.950764963 43 48 61
-2.54953855 -0.118125141 0.764634267 142 142 142
-0.763527251 0.574328556 0.895520293 105 106 110
-0.476586671 0.582356295 1.67686118 0 1 1
-0.182867501 -1.74180592 1.16617875 231 231 231
-0.118903327 -1.70262958 0.967782281 0 0 0
-0.874150145 0.581342397 1.70213446 12 90 38
0.721630308 0.705503095 1.579494 0 0 0
-0.867546215 0.582746001 1.69590934 4 18 44
2.6741244 0.772218714 1.06648145 11 15 15
0.738360414 0.70523056 1.56577007 0 0 0
2.67552272 0.771833965 1.06680574 11 15 15
-0.996754992 0.583320542 1.69054913 4 15 40
3.02764286 0.635533777 1.03778405 10 10 10
-0.997006541 0.582529576 1.69061535 4 15 40
-0.980930509 0.582767545 1.6842498 4 14 40
0.580759677 0.696587183 1.4602863 137 137 137
3.08208457 0.800220768 0.864496734 10 10 10
-0.678042452 0.582433951 1.61504952 79 82 93
-0.678042452 0.582433951 1.61504952 79 82 93
-0.987336908 0.582387733 1.61058778 9 26 56
-0.530012439 0.580159751 1.50819498 75 82 94
-0.747119233 0.582790045 1.50725892 75 82 94
2.791828 -1.18191917 1.29524537 59 62 72
2.81943811 0.260489625 0.814706578 60 63 73
-0.799644969 0.581822065 1.50781137 70 77 89
-0.799644969 0.581822065 1.50781137 70 77 89
3.03950593 0.258893481 0.864625842 0 0 0
2.08789761 0.772985009 0.908914304 123 123 123
2.79989665 0.722273427 0.769196653 231 231 231
1.59328865 0.776024986 0.908793685 124 124 124
0.990592448 0.749399499 1.04296178 57 57 57
4.04870705 -0.532428074 1.12826558 0 0 0
1.39575814 0.769621952 0.901131795 12 25 44
1.3954006 0.769502416 0.901110112 12 25 44
-0.165965924 -1.73924334 1.0928608 231 231 231
-0.138647985 -1.7293413 1.00508933 231 231 231
-0.737560544 0.582089819 1.42708706 53 57 68
1.22369734 0.771294955 0.911686507 124 124 124
-0.485474762 -1.75377392 0.899199213 231 231 231
-0.547839306 0.582183807 1.34491746 124 124 124
-0.542392388 0.581729106 1.30853773 124 124 124
2.82900219 -1.26631133 1.30072647 231 231 231
-0.486065362 0.581617238 1.27743376 92 93 97
2.85627758 0.595590235 1.287769 59 62 72
-0.574084139 0.582463208 1.25956004 96 99 104
2.81642941 0.69169617 0.984518226 231 231 231
-0.958392019 0.582301304 1.35528279 124 124 124
2.69536133 0.228015064 0.866373698 120 127 145
-0.780164472 0.582653336 1.27676296 61 65 74
-0.946212146 0.582395728 1.33025009 14 25 46
-0.935063423 0.581838662 1.26021325 100 102 106
-0.926878012 0.582640149 1.07413334 99 101 105
-0.382179464 -1.74765938 0.857699592 231 231 231
-0.926878012 0.582640149 1.07413334 99 101 105
2.78325396 0.54350866 1.3706042 112 118 135
-1.00642681 0.58295235 1.07235177 97 100 104
2.8322728 -1.34654285 1.3585253 98 104 119
-0.780010713 0.584781787 0.910681374 124 124 124
2.78525017 -0.161495561 1.35760012 108 114 131
-0.977888387 0.582418561 0.965078388 123 123 123
2.92962399 -1.32767427 1.33165922 67 71 82
0.7452034 0.705555762 1.64497779 140 140 140
0.745189569 0.705515772 1.64491649 140 140 140
0.688453085 0.705263447 1.64724546 140 140 140
3.96435165 0.568224298 1.49576788 109 115 132
0.688453085 0.705263447 1.64724546 140 140 140
2.94507694 0.616333826 1.18613526 109 115 132
0.688641454 0.705841651 1.61241633 140 140 140
0.688816745 0.705968555 1.61144859 140 140 140
2.95428868 0.0819695654 1.1414573 228 228 228
-0.47435394 0.582511517 1.68319082 79 82 88
-0.473000497 0.584861185 1.68287352 79 82 88
0.659361052 0.705632141 1.59095143 140 140 140
2.98553334 -1.31067026 1.07163007 107 112 129
0.659735958 0.706001324 1.59207863 140 140 140
-0.865103799 0.581615585 1.70174416 124 124 124
3.05228255 -0.833075585 1.09777316 107 113 129
-0.865103799 0.581615585 1.70174416 124 124 124
3.06679334 -0.828892441 1.06553899 107 113 129
3.9030499 0.558751019 1.29806357 80 85 97
-0.970042332 0.58261693 1.70007011 124 124 124
2.85826694 0.699086904 0.801642067 231 231 231
-0.905594253 0.5821652 1.6951961 4 17 43
-1.02105907 0.581256424 1.69489132 4 14 39
4.02993757 -0.494439116 1.12957078 235 235 235
-0.491737878 0.581048868 1.63922172 92 94 101
0.617439909 0.700985096 1.52104609 0 0 0
-0.668336046 0.581960936 1.63154279 75 79 90
-0.488146352 0.581542132 1.60662321 6 8 14
4.0737908 0.236794509 0.88115295 236 236 236
-0.824064119 0.582615465 1.63130426 77 81 92
-0.706201481 0.581583449 1.61538565 86 90 98
-0.898274434 0.581614105 1.63661936 9 26 56
4.24519234 0.121897052 0.901308229 116 121 139
-0.755839623 0.582476707 1.61508396 81 85 95
-0.755923615 0.582319434 1.61512121 81 85 95
4.2253257 0.131692075 0.87722794 236 236 236
-0.873642365 0.581783328 1.5938192 14 32 63
4.2253257 0.131692075 0.87722794 236 236 236
-0.916559941 0.581003378 1.59937029 77 81 92
2.69082462 -0.124792734 1.39053061 106 112 128
-0.960755837 0.581370094 1.59957323 77 80 91
-1.41088583 -0.854752314 0.558961653 107 107 107
-0.559768283 0.582411784 1.52474001 70 76 88
2.80060574 -1.16891168 1.30646239 59 62 72
-0.559768283 0.582411784 1.52474001 70 76 88
-0.568501993 0.582375723 1.52455034 45 52 67
1.97939182 -0.930020155 0.960844334 231 231 231
-0.752871925 0.581738574 1.50787357 79 85 98
4.03144388 -0.537359521 1.12874641 235 235 235
-0.752871925 0.581738574 1.50787357 79 85 98
3.97491791 0.318863611 0.859502408 0 0 0
-0.714416288 0.58247134 1.36249922 12 86 38
0.503406101 0.728527261 0.963977637 57 57 57
2.95829136 -0.914630489 1.33854736 231 231 231
2.89741403 -1.17446162 1.29979237 231 231 231
-0.772549021 0.582682556 1.36241728 12 89 38
-0.769968642 0.582719965 1.35258819 124 124 124
2.79401769 0.263027398 1.02010441 70 74 85
-0.702166108 0.583232284 1.33302785 12 87 38
3.00242238 -0.872267409 0.866863131 98 103 119
0.740453628 0.771232231 0.8607772 9 11 14
3.88345484 -0.404151939 1.12777999 234 234 234
-0.71885119 0.582318121 1.27765022 68 71 78
3.88366332 -0.404190439 1.12762163 234 234 234
-0.732556136 0.583469232 1.27621736 47 52 63
-0.732556136 0.583469232 1.27621736 47 52 63
-0.962632722 0.580732129 1.34733904 114 119 124
2.01642605 0.272259101 1.19601566 102 107 123
-0.965843601 0.583588593 1.34196411 123 123 124
2.38061694 -0.943662717 1.10852757 98 103 118
-0.797437973 0.582613671 1.2769814 69 72 79
-0.797462326 0.582547588 1.27705091 69 72 79
2.71343481 0.262468157 0.999836748 70 74 85
-0.524227995 0.583195921 1.15640898 124 124 124
-0.558207176 0.583173671 1.16084502 56 63 75
3.02694604 -1.67721495 0.991925367 110 116 133
1.74606376 0.707755299 0.242782611 214 214 214
-0.707003016 0.59557504 1.07406126 124 124 124
-0.772075321 0.581371272 0.974324313 112 118 124
1.7187651 0.588845304 1.25138706 116 121 139
0.715809455 0.705663984 1.6396639 0 0 0
2.87700498 -1.20407769 1.32610434 62 65 76
-0.900872135 0.582129119 1.7013875 124 124 124
-0.893192489 0.581866623 1.69529341 4 17 44
3.00785931 -1.53491804 1.04581281 228 228 228
-0.893192489 0.581866623 1.69529341 4 17 44
3.03385093 -0.192780322 1.01633178 113 119 137
-0.873207168 0.581773446 1.69139464 124 124 124
3.0686546 0.245628368 0.959003252 110 116 133
-0.893520658 0.581089483 1.68660977 4 17 43
3.41151976 0.210366956 0.806054073 0 0 0
-0.893520658 0.581089483 1.68660977 4 17 43
2.9739994 -1.30445175 0.945137821 59 62 72
-0.68654856 0.581915511 1.63107587 88 92 100
2.9739994 -1.30445175 0.945137821 59 62 72
-0.738760666 0.578793221 1.63315296 85 88 97
3.64371421 0.574066081 1.08526014 231 231 231
-0.751503382 0.582259466 1.63156452 73 77 89
3.17334816 0.655047484 0.858591157 114 120 137
-0.751519569 0.582235653 1.63154831 73 77 89
3.39196017 -0.216486284 0.866097917 117 123 141
-0.796961283 0.58214328 1.63273953 79 83 93
3.94621504 -0.493801529 1.12321385 0 0 0
-0.692518829 0.582609762 1.61526371 74 78 91
4.03611452 0.249502811 0.866356533 236 236 236
-0.69308711 0.581989846 1.61549699 74 78 91
2.8416222 -1.10734139 1.36201581 98 103 118
-0.843157264 0.5815486 1.61505027 66 74 90
-0.843157264 0.5815486 1.61505027 66 74 90
2.51705032 -0.954375478 0.714920063 94 99 114
-0.885030989 0.581303143 1.61568519 50 58 76
3.2407739 -0.20696571 0.8815479 116 122 140
-0.885030989 0.581303143 1.61568519 50 58 76
4.27203547 0.397647962 0.864323788 118 124 142
-0.98128984 0.581508951 1.615676 90 93 100
4.27203547 0.397647962 0.864323788 118 124 142
-0.999912413 0.582933049 1.61589366 37 45 66
3.87676704 0.514385483 1.24206004 29 29 29
-0.986329512 0.581741458 1.59889632 87 90 97
3.85254477 -0.23242956 1.1263967 129 127 127
-0.597582723 0.56930621 1.51926329 94 100 111
3.93769001 0.154383124 0.863362099 236 236 236
-0.774496376 0.582977544 1.5248187 86 92 104
4.19471634 0.153675423 0.87129982 236 236 236
-0.774496376 0.582977544 1.5248187 86 92 104
4.18163653 0.316945572 0.862972569 236 236 236
2.11651206 0.75632843 0.914752405 123 123 123
4.318237 0.41429777 0.853756704 68 72 83
2.00145629 0.753294746 0.916084446 123 123 123
2.8796563 -1.36647114 1.35479553 231 231 231
1.97414651 0.481494173 0.953649322 130 130 130
2.00129768 -0.837266479 0.957412127 138 138 138
1.94311431 0.783323796 0.897221616 123 123 123
2.13369496 -0.128890604 1.27916877 60 56 54
1.76036267 0.753674954 0.916293112 123 123 123
3.04952017 -1.29934887 0.952142055 109 114 131
-1.01235163 0.582702258 1.52473389 33 42 59
3.0136362 -1.5395121 1.05841576 228 228 228
-1.08755467 0.302296233 1.59592304 33 42 59
3.0136362 -1.5395121 1.05841576 228 228 228
-0.719450048 0.583600984 1.42750218 86 89 95
4.14821275 -0.606445066 1.11820337 234 234 234
-0.719405863 0.583446617 1.42754246 86 89 95
2.50339861 -1.19242844 1.24513279 115 115 115
0.979009518 0.767613262 0.887078784 29 30 30
-40.8933361 -0.901387928 -37.317 231 231 231
-0.739899737 0.577902008 1.36569425 124 124 124
-0.732161624 0.581286366 1.31384213 49 63 69
-0.927526814 0.582226062 1.27684366 109 109 111
-0.927526814 0.582226062 1.27684366 109 109 111
-0.994587098 0.580570252 1.26958735 124 124 124
1.01043166 0.48431063 0.346110551 231 231 231
2.47952627 0.120037462 1.30027604 100 105 120
-0.941806429 0.584369256 1.14023549 11 82 39
-0.972370099 0.58075364 1.08409801 124 124 124
1.656506 -1.69155024 1.37192312 231 231 231
-0.97813825 0.617157845 1.06649885 96 98 102
-0.116356332 -1.19259913 1.1566636 230 230 230
-0.97813825 0.617157845 1.06649885 96 98 102
2.15924877 0.244860064 1.19591081 86 90 104
0.0434815483 0.699646257 0.424013343 141 141 141
2.92721673 -0.856917016 1.27721615 64 67 78
-0.444734027 0.582181244 1.71735267 55 61 77
2.89463653 -0.868796271 1.27062052 64 67 78
-0.772657599 0.58196511 1.6234832 13 31 62
-0.84276961 0.582900894 1.62349023 12 30 60
2.90820217 0.773928999 1.11705358 12 15 16
-0.866365968 0.582746884 1.62377805 11 29 60
2.96805325 0.675938621 0.989629889 10 10 10
-0.99039526 0.582249462 1.61509265 64 69 81
-0.99039526 0.582249462 1.61509265 64 69 81
2.82506214 0.734874093 0.918610592 10 10 10
-0.934458328 0.582144972 1.59829253 67 72 85
3.16016458 0.773488353 1.01060721 13 16 16
1.96669706 0.391298385 0.957054253 130 130 130
-1.01782295 0.585163937 1.51564674 94 101 111
2.80319751 -2.21548572 0.496684397 8 8 8
-1.03784877 0.580555263 1.51710883 94 101 111
-0.754730037 0.580250178 1.42964575 100 102 105
-0.754730037 0.580250178 1.42964575 100 102 105
1.15413828 0.755099374 0.917662774 124 124 124
-0.497861064 0.581577709 1.33262294 102 114 113
4.06354828 0.180863827 0.870513015 236 236 236
-0.771837641 0.58231646 1.33066061 124 124 124
-1.14621916 -1.41850469 0.965427192 231 231 231
-0.921668469 0.630654785 1.30198436 112 118 124
-0.492251417 0.582254825 1.16235176 11 79 39
-0.492270825 0.582273765 1.16233721 11 79 39
2.22664769 0.921830777 0.693364223 0 0 0
-0.966941641 0.579599017 1.26927929 124 124 124
2.22664769 0.921830777 0.693364223 0 0 0
-1.00169239 0.581328734 1.26849799 124 124 124
3.0412288 0.731750891 0.922692821 10 10 10
-0.427444215 0.589086637 1.72658894 2 8 29
3.10606551 -0.251193833 0.849186247 84 78 75
0.760195325 0.707506829 1.5592885 0 0 0
1.97774169 -0.0115180273 0.976836709 130 130 130
1.11729856 0.757067226 0.896818224 0 0 0
3.96899356 -0.449790722 1.12816906 234 234 234
0.158008679 0.655221751 1.89084078 0 0 0
-0.713178727 0.581680299 1.32188872 124 124 124
-0.25442641 0.657805741 1.85675649 0 0 0
-0.77360378 0.581573937 1.3223272 124 124 124
-0.474014831 0.588989299 1.15991436 45 68 62
1.75302279 0.707127081 0.160733064 122 122 122
1.75302279 0.707127081 0.160733064 122 122 122
2.97374905 -0.0377771113 -0.146609625 231 231 231
-0.745932127 0.577876398 1.16099527 112 118 124
2.1848276 0.272661018 0.839817179 63 66 77
0.0940739056 0.706908129 0.360789389 141 141 141
3.18501703 -1.70600449 0.935176467 8 8 8
0.764682192 0.706010345 1.67216131 0 0 0
3.11165914 -1.76722173 0.9038184 8 8 8
0.765797199 0.706431985 1.61513706 0 0 0
3.98152398 -1.45156267 0.941427013 0 0 0
0.753410896 0.705722928 1.53593008 0 0 0
4.05473308 0.260112249 0.865610686 236 236 236
-0.742689665 0.57861066 1.29688839 124 124 124
-0.0378694857 0.809721692 0.91099621 57 57 57
2.86070353 -1.15595333 1.36525265 231 231 231
-0.918662262 0.579982142 1.68715549 124 124 124
-2.41958632 -1.69652913 0.0616944071 0 0 0
1.99871081 0.596523884 0.964901554 59 62 72
1.93444056 0.505762537 0.861789583 130 130 130
0.3482422 0.779124294 0.944303355 57 57 57
3.06686495 -1.33334806 1.13331433 112 118 135
-0.689790414 0.573066377 1.26046401 124 124 124
2.93575186 -0.196141082 1.16170517 111 117 134
-0.688767412 0.575714077 1.25897004 124 124 124
2.96359964 -1.23218751 1.08168354 111 117 134
0.786836482 0.733696192 1.47504625 140 140 140
2.00375225 0.797208378 0.922817216 57 57 57
2.27413571 0.257875095 0.898989229 107 113 130
2.96921918 0.254018913 1.14626193 109 115 132
2.2610461 0.251288675 0.896565983 107 113 130
3.0416574 -1.36634296 1.0460566 110 115 132
1.6048431 0.777735245 0.930665406 57 57 57
3.00799336 -1.30103203 1.04004348 108 114 131
1.96141608 0.200283195 0.829934362 1 1 1
0.30986764 0.764268877 0.968568641 57 57 57
2.81621148 0.27259663 1.05572911 109 115 132
-0.978939473 0.566853686 1.69051278 121 121 121
1.87546196 -1.43309871 0.655117854 130 130 130
-0.978939473 0.566853686 1.69051278 121 121 121
3.0782326 -1.36368278 0.970611071 109 114 131
-0.75707004 0.581733186 1.62554899 12 31 62
3.09909945 -1.38494491 0.88591785 228 228 228
-0.451497764 0.574273213 1.72035048 67 72 84
-0.469605737 0.579016411 1.68005414 4 10 32
-0.596865365 0.581764231 1.67038868 21 24 30
-0.613534957 0.581737207 1.6520124 0 1 2
-0.630026993 0.582115482 1.65316486 34 47 54
2.81207447 -1.27539819 1.29946141 231 231 231
-0.567667775 0.581863257 1.64385084 68 76 81
2.94927696 -0.918070966 1.33720025 231 231 231
-0.618254846 0.586374693 1.64195419 80 84 90
-0.60004508 0.581954227 1.63760973 1 2 4
2.53247092 -0.908523292 1.11195037 231 231 231
-0.447919535 0.588417204 1.62068387 6 7 8
3.02396827 -1.5817002 1.05413793 228 228 228
-0.491847928 0.581364871 1.6225943 23 32 42
3.05299687 -1.57287468 1.018747 228 228 228
-0.471037387 0.582247679 1.61943708 6 10 13
-0.571621167 0.582384025 1.62867491 3 5 11
-0.531587756 0.582307328 1.61925263 79 83 92
-1.07570036 -0.954665509 0.766507989 0 0 0
-1.37597503 0.585568452 1.01813829 0 0 0
0.102944711 0.709480973 0.35645986 140 140 140
-1.61854415 0.59425835 1.17154748 25 26 28
-1.17910323 0.609315275 0.926265663 6 19 43
-1.38936719 0.591583114 1.49560148 116 116 116
-1.35706762 0.590323964 1.49041955 11 23 44
-0.946110767 0.584608974 0.981361827 12 90 38
-1.96638252 -1.75818803 1.13749811 231 231 231
-1.39412308 0.587866587 0.959085526 141 141 141
-1.39412308 0.587866587 0.959085526 141 141 141
2.03461035 0.732923341 0.974261349 56 57 57
1.89745642 -1.25832844 0.539070371 0 0 0
1.89055469 -1.36931755 0.548142404 59 62 72
-1.20004263 0.597788031 1.25882758 6 19 43
1.51056973 -1.70512879 1.54340522 130 130 130
-1.49313091 0.591443828 1.32410386 14 18 18
1.66649372 0.591106355 0.806098688 107 113 129
-1.20842414 0.605249222 0.473398611 6 19 43
-2.32434827 -0.988376513 1.24567368 0 0 0
-1.59661466 0.591103236 1.21544756 15 17 18
-2.12119902 -0.921641387 1.23937937 235 235 235
-1.37377155 0.583677837 1.0231308 0 0 0
-1.11817593 -1.0273063 0.645181239 130 130 130
-1.13190028 -0.951044729 0.616815719 0 0 0
0.10946619 -0.139443189 -0.0173725372 168 168 168
-1.60063754 0.668646368 1.33011189 37 42 51
6.51277947 -1.56418391 1.48418124 231 231 231
-1.60307481 0.591654374 1.26712519 7 11 9
-0.720744364 0.582035317 1.50753391 72 79 91
1.03664131 -1.62312822 1.20443157 114 114 115
-0.720261749 0.582292739 1.5074808 72 79 91
0.648035554 -1.46225726 0.367782911 84 78 75
-1.01866602 0.526692105 1.52240482 0 0 0
-1.11997524 -0.981107197 0.664997142 130 130 130
-1.35493244 0.590508402 1.48305148 26 28 30
2.36511894 -1.34755524 0.916549918 59 62 72
2.57895612 -1.24149015 0.832852697 59 62 72
-0.752389468 0.583004041 1.3439038 123 123 123
-1.43155042 0.571985134 1.49078161 1 1 1
-0.599288673 0.710612772 1.27865062 48 84 60
-0.522503676 0.577755574 1.26145345 101 103 107
-0.522503676 0.577755574 1.26145345 101 103 107
0.720746455 0.764522084 0.900624936 9 11 14
-2.2858773 -1.02557728 1.25963007 0 0 0
0.720746455 0.764522084 0.900624936 9 11 14
-2.23245768 -0.9832335 1.23082856 236 236 236
-1.33220852 0.591179568 1.43149187 25 41 31
0.987902685 -1.70951297 1.51369864 231 231 231
-0.994735505 0.581853945 1.33210243 112 118 124
-1.31730861 0.593820992 1.37987258 3 4 4
-1.14309292 -0.916912259 0.56742817 59 62 72
-1.31954117 0.591393534 1.36928575 2 3 3
-0.714136645 0.585821111 1.145631 77 81 88
-0.973814858 -1.71305742 0.864517481 231 231 231
-1.37737611 0.591376101 1.35124615 24 28 29
0.910079177 -1.62212671 1.46502464 21 26 40
-1.5281709 0.590885745 1.31050154 5 6 6
0.0480830745 -1.45093517 0.649478748 231 231 231
-1.86506062 -1.16047497 1.05112034 115 120 136
-0.737813343 0.582496022 0.945496161 122 122 122
-1.37966477 0.585209914 1.18394567 0 0 0
0.911344391 -1.64138165 1.44397533 59 62 69
-0.955563041 0.582144284 0.91363041 122 122 122
2.64291137 -1.06387565 0.97486367 0 0 0
-1.13521744 -0.924312538 0.556724909 59 62 72
-1.0152585 0.57949602 0.891314815 103 104 108
-0.910682296 0.581775301 1.59489372 15 32 62
2.64175874 -1.04345912 0.96601715 130 130 130
-1.01450848 0.581952428 1.59425662 8 26 56
-0.0758691066 -1.70073586 0.949779543 231 231 231
-1.32045983 0.590743831 1.43697391 6 45 16
-1.42802839 0.591767059 1.28240738 14 18 15
-1.24112994 0.587188313 1.15092796 141 141 141
-0.738137061 0.585137762 0.912902764 123 123 123
-0.117947271 -1.67018021 0.937752421 8 8 8
0.0951589511 -0.00022300404 -0.00180603522 236 236 236
0.104245597 -0.0447683416 -0.00864834823 236 236 236
-0.955924293 0.581769044 1.59409296 11 29 60
-0.57981382 0.576101874 1.52626882 64 70 82
1.62409629 0.222583866 0.789061067 59 62 72
-2.24588843 -1.07207124 1.23260205 224 224 224
-1.4235987 0.590914233 1.36122708 9 12 13
-5.19884054 -0.26929145 0.952723812 87 86 86
-1.4191906 0.591454296 1.31584988 13 15 16
2.63361875 -0.807396162 0.833161293 60 63 73
1.59264028 -1.70576572 1.63373706 130 130 130
-0.940066885 0.580544045 1.08404378 123 123 124
1.96902747 0.507924603 0.957564025 0 0 0
-1.33505052 0.644836332 1.4025401 1 1 1
-0.968063049 -1.21681637 0.9631848 231 231 231
1.53636558 -1.65410718 0.515550678 106 112 128
1.74696088 -1.77975275 0.243368483 219 219 219
-1.24298807 0.587197659 1.14953391 141 141 141
-1.24298807 0.587197659 1.14953391 141 141 141
0.0154410698 0.715128763 0.253116133 140 140 140
-0.0666168806 -0.0786115385 -0.00678453803 0 0 0
-1.07643242 -0.859905354 0.506687382 117 123 141
0.181293777 0.762965484 0.890836984 29 30 30
2.31363525 -1.01323192 -0.00470604244 0 0 0
-0.0348721766 0.685807801 0.524493385 140 140 140
-0.981563741 -0.88398173 1.00250999 91 96 110
0.0701677963 0.718513461 0.315416134 0 0 0
2.12001143 -0.226016417 0.92411171 105 111 127
-1.21634855 0.588547872 1.17450875 0 0 0
-1.2161036 0.588812411 1.17450326 0 0 0
1.54639149 -1.67470133 0.485352883 59 62 72
1.94797447 -1.70744294 0.300454131 231 231 231
0.42684889 -0.657095529 1.58095957 0 0 0
1.72706332 -1.66611108 0.0682860092 84 78 75
-1.4001171 0.576943449 0.97166924 141 141 141
1.23666478 -0.477030269 1.75864119 0 0 0
-1.11107109 -1.07066994 0.684892861 0 0 0
-0.903313578 0.589034053 1.14285624 124 124 124
-0.138186441 0.647501045 0.6479599 5 5 5
0.110038022 0.695717027 0.533925885 140 140 140
-0.946924653 -0.91307051 1.01627973 130 130 130
-1.11026859 -1.01880875 0.68331833 0 0 0
-1.10849385 -1.04608915 0.682042842 130 130 130
-1.11877361 -0.993109583 0.655008399 130 130 130
-0.787165462 0.583497544 1.51912569 94 100 111
1.84605534 -1.78687815 0.150606766 122 122 122
1.84376866 -1.78602374 0.151157125 122 122 122
0.707765836 -0.599943223 1.7270442 0 0 0
-1.13017752 -0.966080461 0.632416413 0 0 0
0.707765836 -0.599943223 1.7270442 0 0 0
1.76158949 -1.74140293 0.0696083135 231 231 231
-0.974258939 -0.93634435 0.966228725 116 121 136
-1.36612673 0.585554175 1.22090748 141 141 141
-0.0232356113 -0.0586486023 -0.00619675993 0 0 0
-1.32782323 0.590205908 1.31876535 0 1 4
-1.36523194 0.586520294 1.2203684 141 141 141
-1.21448805 0.603305578 0.904777105 6 19 43
-1.07977187 -0.953056235 0.769381233 0 0 0
-1.09575833 -1.05824739 0.721827322 130 130 130
2.92410404 0.237993802 1.26014826 9 9 9
1.97770758 0.427416466 0.97694048 0 0 0
1.96922356 0.624970258 0.813756313 5 5 5
6.80782585 1.34220595 0.924422129 86 91 104
1.95458738 0.568379205 0.827068572 49 52 60
5.4211961 -1.12446884 0.989593883 231 231 231
-1.51671437 0.593825417 1.3001036 11 13 14
5.49590372 -1.13379417 0.966462535 231 231 231
-1.32557389 0.5957522 1.41872877 2 3 3
2.28050135 -0.0788207421 1.59911638 86 90 104
-1.41615355 0.592601222 1.35604281 59 74 71
6.18557392 -0.0541384957 0.313341515 52 52 52
-1.39723126 0.590804194 1.3754478 8 10 12
4.00445121 0.190271561 0.814480475 111 116 133
-0.475322142 0.581500199 1.60264812 65 68 77
-1.40459552 0.59094836 1.49942042 11 22 44
-1.74307135 -0.478613622 1.70276964 0 0 0
1.26936715 -0.713540053 1.7362777 0 0 0
-1.38163171 0.641048122 1.4704233 30 35 46
1.26936715 -0.713540053 1.7362777 0 0 0
-0.742045927 0.583946547 1.25840975 100 102 106
6.16242073 -1.25660021 0.248824108 130 0 0
-0.742045927 0.583946547 1.25840975 100 102 106
-1.35262926 0.590936394 1.41162539 3 6 4
-0.760260072 0.585135057 1.17320217 123 123 123
-1.41862395 0.59152393 1.3811154 26 36 29
5.23126498 -0.668665592 1.13375222 231 231 231
-1.41344241 0.591567934 1.37610344 4 9 6
2.91475971 -1.59229135 1.33910059 231 231 231
-0.753823127 0.581295833 0.988529721 120 120 121
5.20073142 0.0344848764 0.772612866 231 231 231
-0.938756954 0.580626019 1.63837163 8 24 54
-0.948763157 0.585718082 1.63724006 10 25 54
-0.74446495 0.584025839 1.60795863 16 34 64
2.89776557 0.243555936 1.26263212 81 86 99
-0.89897922 0.578406218 1.61600976 77 81 91
2.65950591 -1.07992009 0.999072817 130 130 130
-0.526235912 0.582416205 1.52537898 68 74 86
0.356604403 0.72103427 1.89675554 0 0 0
-0.506324958 0.580011183 1.14273086 123 123 123
2.64773141 -1.05250645 0.973530465 130 130 130
-0.945408607 -0.904106858 1.00992994 130 130 130
2.64124352 -1.03631175 0.957453995 130 130 130
-0.691410989 0.584254366 1.63147934 72 76 87
2.63852875 -0.994538867 0.959049984 130 130 130
-0.682210947 0.582011021 1.62277103 15 33 63
2.33916079 -0.24980466 0.856069425 110 116 133
-0.682210947 0.582011021 1.62277103 15 33 63
1.98949575 -1.17177498 0.959072344 115 121 139
-0.921738481 0.575115107 1.63933025 11 27 56
3.9285856 -0.56665205 1.12045526 222 222 222
5.18285557 0.0550167236 0.764866746 61 64 74
-0.751519417 0.583978838 1.62320725 16 32 62
2.79632945 -0.138870926 1.32575449 107 112 129
-0.757442313 0.580495517 1.62375401 16 32 62
-0.669903682 0.581904398 1.61519323 71 75 87
6.21744571 0.137319309 0.181327246 41 41 41
-0.869491375 0.581569199 1.63187763 77 81 90
2.89339447 -1.36255955 0.796748784 0 0 0
-0.694609019 0.582603077 1.6149666 69 74 87
1.9975711 -1.17352342 0.953611225 115 121 139
-0.79794993 0.58197922 1.6237495 14 31 62
-0.726999598 0.574553394 1.61659447 70 75 87
5.17221561 0.549600104 1.30188236 231 231 231
-0.912178391 0.58623935 1.63141365 63 68 80
-0.737189639 0.582941225 1.61522008 69 74 87
-1.12692471 -1.01092885 0.6159244 0 0 0
-0.850085925 0.578420089 1.62412576 13 31 60
2.93906564 0.24589812 1.29227092 29 30 30
-0.83976871 0.535979019 1.61691548 15 33 64
2.71861305 -1.12481622 1.13145508 130 130 130
-0.869383712 0.582643141 1.61588767 65 70 83
2.68289488 0.237833019 1.01166543 59 62 72
-0.869383712 0.582643141 1.61588767 65 70 83
-0.913578462 0.581688261 1.60734093 13 30 60
1.99126336 -0.911515723 0.992099976 115 121 139
-1.02710786 0.57951974 1.61648853 74 77 86
-1.01774497 0.581369915 1.6086866 7 25 55
-0.974340451 0.580239895 1.59991314 75 79 89
-1.03944546 0.582030104 1.50812981 73 79 92
2.31394405 -1.67174929 0.839300815 107 113 129
0.0107777233 0.700435203 0.4630962 0 0 0
0.0810523534 0.0897266201 0.00470773735 235 235 235
5.64508136 -0.0455883081 0.868426297 59 62 72
-0.521548429 0.58210413 1.61246683 29 32 43
2.97320129 -1.266819 1.28126487 59 62 72
-0.775173488 0.582634771 1.62346862 14 32 62
2.63932507 -0.940381319 0.911581344 130 130 130
-0.792445896 0.572911832 1.62514644 14 32 62
5.32506168 -0.366474859 1.16464157 59 62 72
-0.831119837 0.575705968 1.62462589 13 31 61
5.911643 0.053650415 0.313766237 41 41 41
-0.864803229 0.580859827 1.62372735 12 30 60
2.06756129 -0.143634608 1.25018249 114 120 138
-0.792631246 0.579776423 1.61582039 71 76 88
2.07378019 -0.140166 1.24726182 114 120 138
-0.976804848 0.583059569 1.63133759 73 77 86
1.99892828 -0.922746057 0.965244948 115 121 139
5.68996254 -1.5137727 1.12767777 59 62 72
-0.96944099 0.585803582 1.62265935 7 25 55
-1.01320658 0.574909228 1.60889245 8 26 56
-1.01320658 0.574909228 1.60889245 8 26 56
-4.88205926 -0.880759106 1.0529979 70 68 68
-0.770914115 0.584049727 1.42700194 81 83 89
-2.99945487 -0.225494062 1.06072918 67 71 82
-1.32328728 0.590866616 1.42537024 2 2 3
0.184596851 -0.843603996 1.55239329 8 8 8
0.0686555544 0.679497194 0.358405799 0 0 0
0.723752763 -0.634863434 1.70526094 8 8 8
-1.11614894 -1.03717888 0.677485218 130 130 130
-1.11614894 -1.03717888 0.677485218 130 130 130
0.407697083 -0.924841142 1.33986599 231 231 231
-1.11487084 -1.05496987 0.675723493 130 130 130
-1.0610831 -1.07817376 0.630932316 130 130 130
-1.12600224 -1.15480191 0.54856293 59 62 72
2.40376743 0.129614155 1.22652594 78 83 95
2.59514463 0.163745319 1.19878989 78 83 95
0.376489569 -0.813442903 1.57317414 8 8 8
1.96303992 0.640351019 0.821225956 5 5 5
-2.56275122 -0.0191059923 0.803694723 0 0 0
-1.37237725 0.59170751 1.49996206 7 20 43
-0.291689006 -1.30552339 1.20925486 8 8 8
-0.446581531 0.581018118 1.1171639 124 124 124
-0.496637967 -1.47313579 1.08471973 8 8 8
0.177839598 0.707615535 0.53859693 140 140 140
-0.821444404 -1.78028957 0.845612149 231 231 231
-0.807940113 -0.820026632 0.965830141 59 62 72
0.186415581 0.71313271 0.532960857 140 140 140
0.37718066 0.760823014 0.915131073 0 0 0
-1.0148352 -1.19236805 0.949669411 59 62 72
-0.909500748 -1.33168723 0.876396944 59 62 72
-2.28837005 -0.250229979 0.611207593 0 0 0
-0.856321582 0.582176307 1.51898275 111 113 115
-1.0445462 -1.23113102 0.754504872 231 231 231
0.6595154 -0.829562555 1.45271389 8 8 8
0.0591541702 0.704299901 0.990371379 57 57 57
-1.37233372 0.582719306 1.17708533 0 0 0
0.597698813 -0.886911721 1.39060857 8 8 8
-1.13301339 -1.01048503 0.665398175 130 130 130
-0.322371524 -1.74416972 0.412350511 8 8 8
-1.12344496 -1.04512084 0.660424217 0 0 0
-0.322371524 -1.74416972 0.412350511 8 8 8
-1.12235656 -1.07486964 0.656850098 130 130 130
-0.0842848502 -1.67092852 1.14383772 0 0 0
-0.16431621 -1.70346434 1.07658658 0 0 0
-0.962152086 -1.15881415 0.972008193 231 231 231
0.82536918 0.754916889 1.46773372 139 139 139
-4.8338317 -3.30029903 -1.2719789 0 0 0
-1.02650035 0.590514215 1.58282858 8 26 56
0.641423845 -1.04716923 1.20520478 8 8 8
1.51889493 -1.79325224 0.289949015 231 231 231
0.0778997084 -0.0816849814 -0.000725575431 0 0 0
-0.992066167 -1.18174094 0.994225371 59 62 72
-1.07946231 -1.09628232 0.758445899 0 0 0
-1.13397133 -1.09860907 0.634275838 0 0 0
-0.397353283 0.575088989 1.55967078 111 112 115
-0.961899197 -1.29833841 0.936148585 64 68 79
-0.346439116 -1.76532012 0.413800738 8 8 8
-0.974072599 -1.13768625 0.926888715 59 62 72
-0.805948106 0.599740496 0.939011219 90 92 95
-1.11095416 -1.09476723 0.686443141 0 0 0
-1.11549227 -1.09264888 0.689430532 0 0 0
-1.13624955 -1.04349601 0.638992573 0 0 0
-1.07144044 -1.09465651 0.815280709 130 130 130
-0.762882239 0.604333525 0.980024626 123 123 123
-1.01880711 -1.26109539 0.748139809 231 231 231
-1.11412098 -0.852755268 0.499286719 116 122 140
1.2903715 -0.589366242 1.70694313 8 8 8
-0.733346751 0.582377891 1.50659149 70 77 90
-0.804541126 -1.78125181 0.396913119 8 8 8
-1.42625299 0.589610149 1.32741687 12 16 17
-0.804541126 -1.78125181 0.396913119 8 8 8
-0.986431012 0.581966583 1.59876841 84 87 96
3.08656758 -2.74008591 0.0642611292 0 0 0
1.33939563 -0.567692047 1.73076262 8 8 8
-0.743831346 0.582906429 1.15770666 80 84 88
-1.1952079 0.596721102 0.45751406 6 19 43
0.0134532081 0.7117724 0.473661711 0 0 0
1.95307228 0.51316372 0.898164128 0 0 0
0.0582425181 0.723367799 0.380075346 0 0 0
-1.4015242 0.591108926 1.33504983 41 52 50
-0.300028905 0.682177028 0.00187269779 157 157 157
-1.40437601 0.589200842 1.28558523 73 76 78
0.880856447 1.49761417 -0.664348103 0 0 0
-0.987539584 0.584187116 1.68723651 11 85 38
0.0781383574 0.0789974644 -0.00207852541 0 0 0
2.84336624 0.249906392 1.31763137 79 83 96
-1.32068965 0.590423172 1.41257587 2 2 3
0.0998569559 -0.141974437 -0.00282128511 236 236 236
1.72011224 0.676961721 0.238400532 176 176 176
0.10380899 -0.14428076 -0.0011249824 236 236 236
0.76733834 0.703360855 1.58545282 0 0 0
0.774774947 0.706859901 1.58678586 0 0 0
0.0788473957 0.711285767 0.406047537 0 0 0
-0.964758534 0.584222552 1.69338655 10 19 43
-2.64832143 0.665775048 -0.0323414233 85 79 76
-0.998313965 0.581072883 1.67886696 11 83 38
0.801541249 0.711461492 1.50874273 139 139 139
-0.486715039 0.585188546 1.12318772 32 69 51
-0.79184212 0.581228802 1.08418067 122 122 123
-0.302873524 0.702196952 0.0594861038 5 5 5
-1.00223136 0.576599191 1.13498567 80 84 91
-0.51115286 0.582214337 1.09282236 80 82 87
-1.24235579 0.586724795 1.15044458 141 141 141
-0.944794054 -0.927771818 0.954787609 0 0 0
-1.24235579 0.586724795 1.15044458 141 141 141
-0.961702899 -1.31238726 0.830318366 87 92 106
-0.961216927 0.578887408 1.69384785 116 116 117
-2.17995858 0.136616849 0.574753653 94 99 114
-0.934393434 0.582785561 1.61551659 73 76 87
-0.984242881 0.586258696 0.894164508 122 122 122
-0.762984442 0.588281477 1.52349947 66 72 84
-0.00700026212 0.0187772911 0.014601931 236 236 236
-0.762984442 0.588281477 1.52349947 66 72 84
-0.776132612 0.584114255 1.42762872 64 68 76
-2.12570811 -0.730095176 1.63637373 8 8 8
-0.569589756 -1.61727765 0.966979588 8 8 8
-0.321950442 0.709013873 -0.00898804338 87 81 78
-0.38238807 -1.71122094 0.908878676 8 8 8
-0.0054966367 -0.00464614055 -0.00291622808 0 0 0
0.0774781 0.152687687 -0.0305820135 236 236 236
-1.39637501 0.589858233 0.953014225 136 136 136
0.0320071272 -0.0511165766 -0.00577741551 236 236 236
-0.534589035 0.582226919 1.52490877 71 77 89
0.0320071272 -0.0511165766 -0.00577741551 236 236 236
-1.03109762 0.581996754 1.53233943 94 100 111
0.00948354615 0.71176443 0.258235078 140 140 140
0.0471702353 0.675427705 0.420713753 143 143 143
-1.09916977 -1.06815127 0.686362569 0 0 0
0.00235504841 0.709831342 0.307551273 143 143 143
-1.09916977 -1.06815127 0.686362569 0 0 0
-0.00267837094 0.713680658 0.304068876 143 143 143
-1.11997524 -0.981107197 0.664997142 130 130 130
-1.1307644 -1.06218352 0.673195452 130 130 130
-1.1307644 -1.06218352 0.673195452 130 130 130
-0.0772516289 0.078226286 -0.00147483714 0 0 0
-1.12333047 -0.981135529 0.648221303 130 130 130
1.00219528 0.757679506 0.939580651 57 57 57
-1.16322279 -1.05313509 0.678850425 130 130 130
0.892872129 0.770117099 0.856182838 9 11 14
-1.16322279 -1.05313509 0.678850425 130 130 130
-1.12722141 -1.08155846 0.651546974 130 130 130
0.334198581 0.598369309 0.489552928 143 143 143
-1.12526246 -1.08247173 0.649815195 130 130 130
0.334198581 0.598369309 0.489552928 143 143 143
0.0968132593 -0.140329504 -0.00332076992 236 236 236
-1.14269231 -0.949053076 0.626086294 0 0 0
-2.52451798 -0.0662565647 0.737186535 0 0 0
-1.13421188 -0.926163893 0.55534814 59 62 72
0.984482372 0.717132643 0.975396154 57 57 57
-1.17499114 -0.798842478 0.568011452 87 81 78
-0.968809422 -0.872041729 0.782044848 71 75 87
0.964768154 0.746629769 0.873362316 29 30 30
-0.438023325 0.582267644 1.60417841 8 20 43
2.30454364 -1.01326444 -1.9354051e-05 0 0 0
-2.21876411 -0.111812767 0.542722103 0 0 0
0.104663996 0.754330337 0.449451451 140 140 140
0.0626243501 -0.0707900087 -0.00551622455 0 0 0
-1.08859916 -1.25144503 0.721639737 231 231 231
-0.94672168 -0.905797651 0.735216722 197 197 197
-0.949341422 -1.31799046 0.62112116 231 231 231
-2.26853985 -0.123395246 0.594615622 118 124 142
-0.979677981 -1.22230381 0.921581309 59 62 72
-3.81409994 -1.79115798 1.18677605 231 231 231
-3.12722534 0.16484367 1.2173179 79 84 96
0.196982332 0.719087736 0.991381548 57 57 57
-0.741922699 0.580301551 1.17469924 105 111 118
1.36543485 -0.545743367 1.75491202 0 0 0
-1.11574031 -0.992186729 0.652244854 130 130 130
-1.13483524 -1.00957693 0.666750297 130 130 130
-3.24185816 0.204525789 0.831088016 62 65 76
-0.94997225 -1.13172213 0.965438784 231 231 231
-3.00874942 0.810628968 0.866954943 123 123 123
-0.965219647 -1.15365096 0.973233812 231 231 231
-20.4858129 -0.478147464 -18.8405989 231 231 231
-0.985184945 -1.38290245 0.982567186 231 231 231
-1.15270228 -0.949871793 0.600029068 130 130 130
-2.61730336 0.766362694 0.922730196 6 20 42
-0.404567805 0.579599177 1.46217981 111 112 115
-5.56715455 -1.0017379 1.06512621 200 200 200
-0.984439719 -1.19542393 0.927695984 59 62 72
-3.24510108 -1.56630677 1.26923538 231 231 231
-1.04960674 -0.96996348 0.801348144 130 130 130
-0.852581554 0.583361015 1.61544417 76 80 90
-3.79796066 -1.85641939 1.14707584 231 231 231
-0.980340711 0.584802068 0.978934699 124 124 124
-3.24295001 0.56856138 1.32196437 114 120 137
3.95532505 0.591443335 1.48079828 88 93 107
-3.21174517 0.48406261 1.26362632 0 0 0
-0.604824811 0.581606095 1.66858318 3 4 6
-3.47182088 0.75361779 0.919097167 9 9 9
-0.500346001 0.585889524 1.66102773 6 8 13
-3.17778714 0.165653384 0.945535344 96 101 116
-0.513893674 0.571712956 1.63397108 49 51 55
-0.517100208 0.581488874 1.63249559 41 46 53
-3.17882516 0.16582181 0.945021874 96 101 116
-3.05255601 -0.993521688 0.874332582 108 106 106
-0.483624371 0.581593008 1.62294804 34 44 51
-0.735983554 0.582347467 1.34436949 123 123 123
2.97092361 -0.119572111 1.14613222 0 0 0
-0.239747488 -1.6932599 1.0033998 130 130 130
-1.40049598 -2.00841983 0.147455384 8 8 8
1.76237416 -1.71294656 0.23567083 196 196 196
-0.784600335 0.579743718 0.891619369 103 105 109
-0.61455191 0.578982831 1.67489173 60 62 67
-0.607884165 0.583930216 1.64131232 67 70 78
-0.42703123 0.582827318 1.62012298 7 25 55
-2.56031195 0.220533095 0.614491193 108 114 131
-0.729357943 0.579908316 1.63888167 15 32 60
-5.40917806 0.676638656 0.928612618 231 231 231
-0.269281063 -1.69038333 1.04664362 130 130 130
-1.19487997 -1.15866225 1.31861125 8 8 8
-0.782135824 0.580706382 0.963293123 122 122 123
-3.25442972 0.224140429 0.834407725 118 124 143
0.13763847 0.705575162 0.430016381 140 140 140
-2.68593579 0.577511632 1.0796679 95 100 115
0.13763847 0.705575162 0.430016381 140 140 140
-2.62455226 0.161968457 0.882115498 111 117 134
-1.11441092 -1.06285877 0.670896276 0 0 0
0.821175942 -1.68374289 1.49747888 101 101 101
-2.70981057 -0.152195937 1.04238063 112 118 135
-0.694351482 0.5762565 1.64038625 9 28 59
-8.90903667 -1.3654839 -2.30474912 86 80 76
-0.495209157 0.582346004 1.61465357 97 100 105
-2.54194541 0.0921090576 0.64928613 99 104 120
-0.69661469 0.58597194 1.62328155 18 34 63
-0.69661469 0.58597194 1.62328155 18 34 63
-2.33100919 -1.0424091 1.22604566 0 0 0
1.89916517 -1.52843766 0.682231365 0 0 0
-2.16461781 -0.940330415 1.24542131 0 0 0
1.89927829 -1.52854102 0.682172873 0 0 0
-2.32182105 0.735057921 0.862577555 0 0 0
-2.67346794 -0.932570275 0.240840293 0 0 0
1.89126779 -1.68225799 0.530345521 231 231 231
-0.214811832 -1.7037636 1.02647889 0 0 0
-3.21640132 -1.56972105 1.29445808 59 62 72
1.5318511 -1.25389938 0.509214678 59 62 72
-1.00830024 -1.34548023 0.962613174 112 118 135
-1.00830024 -1.34548023 0.962613174 112 118 135
-0.977719157 -1.18355386 0.946341453 112 118 135
-3.10859758 -1.56919766 1.1715678 231 231 231
-1.00644301 -1.67039184 0.929358628 231 231 231
-1.04947148 -0.828307037 0.425192727 59 62 72
-2.36424379 -0.947984185 1.23386467 230 230 230
-0.564639646 0.58225809 1.66177949 103 107 112
-0.665816488 0.581854473 1.63237447 68 72 85
-3.66782998 0.784895876 0.915939684 231 231 231
1.80431893 0.765618165 0.909073046 123 123 123
-3.21874734 -1.02883387 0.843948839 108 106 106
1.90882742 -1.52858076 0.707188501 130 130 130
-2.54144112 0.206314713 0.626924306 0 0 0
1.90873966 -1.52853167 0.70741522 130 130 130
-2.7551731 0.665494173 0.916581534 5 5 5
-3.16406524 0.385853414 1.30518728 231 231 231
1.88848197 -1.4967255 0.667318545 0 0 0
1.85322534 -1.57876232 0.568917782 130 130 130
2.18570058 -1.7589715 0.173288242 231 231 231
-3.28251332 -0.142332867 1.2308031 105 110 126
2.15659085 -0.994829926 0.0498565857 0 0 0
-3.17593121 0.273170198 0.783636446 0 0 0
2.07856854 -0.987465904 0.0785845925 0 0 0
-3.11878891 0.450187654 1.37831567 0 0 0
-0.949384026 -1.11949129 0.978212328 231 231 231
-0.955058084 -1.17648185 0.959268067 231 231 231
-1.04785606 -1.22798105 0.755827451 231 231 231
-1.08453009 -1.10743073 0.776150747 0 0 0
-2.34603467 -0.951505635 1.22968282 0 0 0
-2.52676719 0.0312168451 0.72667406 0 0 0
-1.08533053 -1.08042028 0.739846117 130 130 130
-1.10348175 -1.30466039 0.529111032 116 122 139
-2.44852521 0.765839643 0.907677644 27 83 38
-1.10712234 -1.27341772 0.521679279 116 122 139
1.14038655 -1.75969757 0.90496088 231 231 231
-5.3008467 -1.06280633 1.10574574 71 71 71
1.92240988 -1.5252348 0.729236124 130 130 130
1.91222317 -1.49066168 0.704586374 0 0 0
-3.23579717 -1.24687854 1.229948 59 62 72
1.91390931 -1.49195498 0.703409109 0 0 0
-3.14951363 0.14224585 1.29819578 75 79 91
-3.16062903 0.142676588 1.2950353 75 79 91
1.89862082 -1.55172012 0.684287453 0 0 0
1.87670596 -1.55176965 0.632549396 0 0 0
1.54790659 -1.26059281 0.45471936 0 0 0
-0.951644538 -1.62328921 0.95849625 231 231 231
-1.3375487 0.187581782 1.66692707 11 11 11
-0.964930834 0.581275648 0.944375844 124 124 124
1.87610096 -1.49560606 0.635285012 0 0 0
-5.84707024 0.784042944 0.765340839 231 231 231
-0.13708099 -1.70488422 1.08276266 0 0 0
-0.198045126 -1.70558257 1.088948 130 130 130
-0.198309532 -1.7053321 1.08878177 130 130 130
-2.3086773 -0.990698695 1.22819373 231 231 231
-0.15491725 -1.71700456 0.998146754 130 130 130
-0.153232982 -1.71789444 0.998061494 130 130 130
-3.79535705 -1.82164126 1.24236041 2 2 2
-0.127800792 -1.7084148 0.973524362 0 0 0
-5.69963834 0.682273363 0.968032642 231 231 231
2.09306513 -1.7413773 0.0399737819 231 231 231
-3.18817236 -1.29146013 1.28277956 231 231 231
-3.26257548 -1.33977597 1.26555438 231 231 231
-1.05915695 -1.12333001 0.833270556 130 130 130
-1.13919389 -1.01578655 0.696236042 0 0 0
-3.10746587 -0.199419071 1.23042547 104 109 125
-0.446643096 0.582216992 1.64165683 5 22 51
-2.93523372 -0.941834156 1.03184747 110 116 133
1.99495505 -1.70250612 0.854518688 231 231 231
-0.741189659 0.583625181 1.31374967 110 115 121
-3.21933093 0.18759901 0.900546582 116 122 140
-0.743563687 0.582346509 1.31419186 110 115 121
-3.25163391 0.191226643 0.833315873 117 123 141
1.86736694 -1.5611482 0.588057203 130 130 130
-3.25052154 0.19122162 0.833920969 117 123 141
1.87234174 -1.41384939 0.584887228 130 130 130
-2.65832368 -0.201866265 0.915624184 110 116 133
-0.755856243 0.579429972 1.14361334 100 106 113
-2.58483187 -0.103754383 0.855803895 0 0 0
-0.506376854 0.580952865 1.62700334 64 71 75
-2.5687773 -0.0180876128 0.812589289 228 228 228
2.03365369 0.281969647 0.939936097 59 62 72
-2.73036484 0.773434542 0.800309487 231 231 231
-0.145643841 -1.70639214 1.10887312 0 0 0
-2.65097258 -0.202595153 0.879131607 110 116 134
-0.273177489 -1.69854485 1.11414707 0 0 0
-0.248669862 -1.70659968 1.06400619 0 0 0
-2.57553143 0.237008021 0.612425053 108 114 130
-3.71502045 -1.79867894 1.14812183 231 231 231
1.51843343 -1.79363576 0.293386955 231 231 231
-1.08900964 -1.05480832 0.769848448 0 0 0
-1.09238378 -1.10328904 0.722037952 0 0 0
-3.54671149 0.758536598 0.889895563 9 9 9
-5.76364163 0.204812462 0.979802147 231 231 231
-1.10056609 -1.67310794 0.568126872 59 62 72
-1.09995123 -1.302157 0.513234063 116 122 140
-5.28225004 -0.695611706 0.943533016 185 185 185
-3.76491792 -1.83173558 1.18357446 2 2 2
2.0184821 -1.26326835 0.815915788 1 1 1
1.86874293 -1.64133244 0.601301649 59 62 72
-3.24397032 -0.151079603 1.31612315 116 122 140
-0.553767609 -1.68910886 0.880458585 231 231 231
-3.07358962 0.576386039 1.33495754 231 231 231
-0.916313394 -1.61325564 0.9501075 231 231 231
-3.1286188 -1.20829193 1.16823673 87 92 106
-0.8957685 -1.62638501 0.940420152 231 231 231
-0.69063908 0.576241525 0.932342548 124 124 124
-2.26416193 -1.01049769 1.23551069 0 0 0
-0.93484402 0.577413258 0.927452885 0 0 0
-1.1463349 -1.15808293 0.577081502 59 62 72
-3.31323022 0.678967666 0.872648782 5 5 5
2.41410066 0.0187906337 0.0112756655 0 0 0
-5.92550472 -0.606587544 1.02958127 0 0 0
-0.256901032 -1.64030674 0.91074897 231 231 231
-1.07994504 -1.09063199 0.821697487 130 130 130
-3.47290731 0.711970065 0.918989442 231 231 231
-0.348692369 0.61226572 0.0380272305 106 106 106
-3.69152257 0.233801425 0.501681772 0 0 0
-1.08596342 -0.990578148 0.734844235 0 0 0
-1.12267415 -1.0748405 0.6570718 78 78 78
2.28632194 -0.0110306849 0.0362187794 0 0 0
-2.97390561 0.736431874 1.26739227 2 2 2
-1.14278199 -0.907991937 0.576953451 59 62 72
-2.12896164 -0.950217418 1.23459685 232 232 232
0.0128554173 0.700740311 0.32798133 0 0 0
-0.594424367 0.581086086 1.50857222 69 76 89
-2.53715938 -0.00101343809 0.733269564 228 228 228
1.91927566 -1.47397485 0.736959094 130 130 130
-5.22682243 -0.676620361 0.894948055 231 231 231
-2.62737826 0.0938857442 1.10610023 84 89 102
1.91954614 -1.47421323 0.736824317 130 130 130
-3.25340593 0.658575195 1.02429404 10 10 10
-3.2373526 -1.55440645 1.30397498 231 231 231
-0.945780058 -1.6483141 0.981429994 59 62 72
5.64787052 -1.33786005 1.36271005 130 130 130
-3.54742847 0.749024063 0.899396011 9 10 10
5.64961119 -1.33785088 1.36229891 130 130 130
-2.17306119 -1.1165566 1.23060871 0 0 0
-0.998665701 0.582495411 1.63158983 63 67 78
-1.02916944 0.581998773 1.51634179 94 100 111
-1.2433336 0.583858326 1.04951517 141 141 141
-5.09667624 -1.04828921 1.14087324 70 70 70
-3.17507004 0.166934598 0.935249114 60 63 73
-0.977167707 0.583945766 0.89650782 124 124 124
-0.0679880156 -0.00846744422 -0.0210640443 235 235 235
-2.65764731 0.243799233 0.961619093 94 98 113
-0.0643275628 -0.0721514194 -0.0272498567 235 235 235
5.67596088 -1.30724109 1.3881575 130 130 130
-5.22086506 0.751533556 0.896210799 0 0 0
5.66708859 -1.35860992 1.36043567 130 130 130
-2.33740099 -1.10701315 1.23943591 231 231 231
4.06670064 0.20135755 0.873129136 0 0 0
5.67453968 -1.36070053 1.35889922 130 130 130
5.65459134 -1.36664716 1.30510474 130 130 130
-2.61380795 -0.199123463 0.860691802 110 116 133
5.65781687 -1.39011905 1.30399624 130 130 130
-0.435388092 0.582280806 1.72776921 5 13 36
-0.481237854 0.581668102 1.6833202 53 57 61
-2.34603467 -0.951505635 1.22968282 0 0 0
-0.480897964 0.581856488 1.68391754 53 57 61
-2.57583893 -0.213514024 0.755686953 111 117 134
-0.914996457 0.584434243 1.7017176 4 17 44
-2.56672438 -0.0288606002 0.799133899 228 228 228
1.99887849 0.340213083 1.02267375 130 130 130
-2.29553782 -1.04203017 1.23472945 232 232 232
2.00599547 0.0961482445 1.01497031 130 130 130
1.99547983 0.34213141 0.992917583 130 130 130
-3.13139389 0.185099141 0.827587506 0 0 0
1.9831832 0.449350701 0.985978272 130 130 130
-3.55551435 -1.75969921 1.27705164 231 231 231
6.14449942 -0.252445993 0.272164268 25 25 25
1.98476306 0.34232961 0.967333627 130 130 130
-3.16146203 0.616158653 1.25904667 2 2 2
1.95631432 0.421105189 0.927499179 130 130 130
-2.36928117 -1.12396667 1.22564522 231 231 231
1.94752707 0.529154446 0.919284516 130 130 130
1.9510385 0.340656717 0.905607909 130 130 130
2.70446138 -1.23098498 0.855993111 231 231 231
-3.03222993 0.719343671 0.829833283 0 0 0
1.96948634 -0.0935782385 0.904935854 130 130 130
-2.56912532 0.182992192 0.629493473 0 0 0
4.87458835 -1.73265716 -0.372299776 0 0 0
-3.1405489 -0.171154928 1.29614559 102 107 123
-0.0314269388 -1.188461 1.01397124 107 112 129
-2.69608989 -0.200941135 1.02365462 99 104 120
2.67531978 -0.964888705 0.142986235 59 62 72
-5.30446337 -0.925032157 1.02722781 111 111 111
-1.08384074 -1.08374727 0.742403187 130 130 130
-1.08453395 -1.08380377 0.742943962 130 130 130
-3.12586409 0.557344757 1.33165038 100 105 120
5.68556401 -1.28422918 1.41217447 0 0 0
-1.69003865 -0.152996423 1.61379936 59 62 72
5.6595137 -1.33944415 1.32919627 0 0 0
-2.75980041 0.163573137 0.983302857 97 102 117
5.64668113 -1.41296077 1.28046427 0 0 0
-3.45669811 -1.71240358 1.31503666 231 231 231
-0.874261395 0.58413351 1.68142451 82 84 90
-3.23456922 -1.53138828 1.28586425 231 231 231
2.68368349 -0.93322205 1.06543007 130 130 130
-4.23351097 -0.817976408 1.04085282 231 231 231
2.67664811 -1.07340251 1.04568707 130 130 130
-3.16024325 -0.141482899 1.284803 79 77 77
2.67665093 -1.0734113 1.04569162 130 130 130
-3.38516452 -1.22280901 0.854153902 116 122 140
2.66494742 -1.06856194 1.02067228 0 0 0
-3.38653892 -1.22397421 0.853364155 116 122 140
2.60639884 -0.929939253 0.988006849 130 130 130
-2.50928268 -0.220196088 0.63561721 110 116 133
2.654508 -1.04273883 0.993797695 0 0 0
2.65293603 -1.07293529 0.993295454 130 130 130
-2.86850954 -1.59623452 1.19817375 119 119 119
-2.38109139 -0.94546234 1.18750455 67 67 67
2.65288321 -1.0728531 0.993324185 130 130 130
-3.05550266 0.151722554 0.968668277 84 88 102
1.9933302 0.510772797 1.00419419 0 0 0
2.64184854 -0.986134666 0.965319014 130 130 130
-3.12539394 0.199013014 0.819850268 0 0 0
2.64182155 -0.986120237 0.965335271 130 130 130
-5.91605259 0.362088827 0.959763534 231 231 231
-4.72830418 0.525450823 1.03327196 108 106 106
2.64433964 -1.01396756 0.969570554 0 0 0
2.00769335 -0.0949667681 1.02221706 130 130 130
-2.63120615 0.0767645448 0.902840634 228 228 228
-2.31440148 -0.9434702 1.23798567 0 0 0
2.64185891 -1.04354835 0.96596753 130 130 130
2.64398901 -0.934278592 0.952295056 130 130 130
-4.90596589 0.71316349 1.14385505 231 231 231
1.99051897 -0.0439349557 1.00827186 130 130 130
-3.08106137 0.282915261 0.843348483 0 0 0
1.93298732 -0.220810155 1.00289492 59 62 72
-3.1558775 -1.58863534 1.139744 231 231 231
1.97203785 0.363941773 0.950327992 0 0 0
1.97151746 -0.0962913537 0.970694437 130 130 130
-3.80931643 -1.82118876 1.1592774 0 0 0
1.97150519 -0.0149163681 0.953342775 130 130 130
1.73577244 0.771275564 0.924254859 15 25 18
1.96039887 0.0731729952 0.92868982 0 0 0
-1.32259036 0.593802943 1.47243541 10 21 44
1.88499315 -1.22449027 0.561478661 59 62 72
-0.269110466 -1.70937887 0.96361795 0 0 0
1.95323877 0.71636578 0.161922082 124 124 124
-0.269110466 -1.70937887 0.96361795 0 0 0
3.65451179 0.742607335 2.00566653 57 57 57
1.0538535 0.762026859 2.00663844 57 57 57
0.79579682 -1.61647005 1.42572466 104 105 108
0.963516434 0.765673917 1.97348766 57 57 57
2.12763585 -1.63208199 0.975619892 231 231 231
6.11827231 0.516646551 1.49827302 231 231 231
5.74700615 0.146381647 1.42627205 231 231 231
5.68189153 -1.28789164 1.35660501 0 0 0
1.99713318 -1.74482282 0.488634795 231 231 231
5.82105897 -0.74996784 1.28235443 231 231 231
5.65564663 -1.28373129 1.27977522 0 0 0
5.64995109 -1.33603045 1.28146042 0 0 0
0.848339919 -1.62011235 1.27446658 100 102 103
2.03358782 -0.0931738928 1.09218443 130 130 130
-1.10619926 -0.983665743 0.657134089 130 130 130
2.66137897 -1.1036142 0.989948787 0 0 0
-1.40172091 -1.27611125 0.476862572 111 117 134
2.03090813 -0.0333164126 1.03067211 0 0 0
1.01741814 -1.61626131 1.47962688 27 43 46
2.63869788 -0.959978446 0.946085755 0 0 0
1.06121221 -1.63085075 1.45403018 14 23 44
1.95729832 -0.0113511367 0.932264633 130 130 130
2.0192468 -1.36269376 0.957843445 103 109 125
2.0092092 -1.23876372 0.848957343 0 0 0
1.96561614 -1.57986682 0.816508091 130 130 130
-0.0929955189 -1.70194057 0.972110815 231 231 231
1.93815991 -1.41194489 0.763374402 0 0 0
2.11839286 -0.185328933 0.770438418 0 0 0
1.93765865 -1.41280794 0.763013799 0 0 0
-2.08784298 -1.57780236 1.22417899 127 127 127
1.92832716 -1.39042419 0.747355949 130 130 130
1.91214309 -1.44310256 0.709426267 130 130 130
-2.02771366 -1.30433293 1.18105001 8 8 8
1.88790767 -1.57908277 0.670801724 130 130 130
4.06928424 -0.524972802 1.12899655 0 0 0
1.88752268 -1.52839832 0.656660255 130 130 130
-2.67190325 -0.45384757 1.76991744 8 8 8
1.88545317 -1.40673108 0.532038121 59 62 72
-1.12872232 -1.04955704 0.670475638 0 0 0
1.84705852 -1.57815459 0.56997261 130 130 130
1.86160677 -1.56086173 0.540664227 59 62 72
-2.67262609 0.554542379 1.09979003 5 5 5
-1.19384729 0.597116873 0.45635548 6 19 43
-1.13469797 -0.953210854 0.624139548 0 0 0
-2.30990041 -0.9951071 1.23392106 236 236 236
-1.1345404 -0.953218386 0.623789688 0 0 0
-2.30983606 -0.995461771 1.2345649 236 236 236
0.515188634 0.724411908 1.96838751 57 57 57
1.91153117 -1.70920827 0.16043911 122 122 122
0.539792051 0.756874543 1.97239532 57 57 57
3.97850596 -1.45170565 0.939862207 0 0 0
5.69270386 -1.35237182 1.40314006 0 0 0
-2.25671868 -1.01294677 1.22795245 0 0 0
5.65490804 -1.40339929 1.34557738 0 0 0
-2.25671868 -1.01294677 1.22795245 0 0 0
5.85047637 -1.16457137 1.28782315 231 231 231
-1.44812127 -1.27052535 0.528373766 111 116 133
-0.54292699 0.582347119 1.6608081 97 100 106
-1.02686345 -0.944194908 0.808956702 130 130 130
-1.02193273 0.578292924 1.68987508 10 76 38
-1.02830971 -0.943423965 0.809973988 130 130 130
2.68533647 -0.964824217 1.06789683 0 0 0
-1.14170109 -1.15407524 0.565965317 59 62 72
2.68622358 -1.09479934 1.06926193 0 0 0
-0.932811191 -1.14032529 0.956925058 231 231 231
2.66548419 -1.04115497 1.03736884 130 130 130
2.66548419 -1.04115497 1.03736884 130 130 130
-2.17561567 -0.957023046 1.22942089 0 0 0
2.66351513 -1.09221635 1.02082873 0 0 0
2.02605766 -1.26451008 0.812109217 0 0 0
1.99907935 -0.069016449 1.03152055 0 0 0
-1.09674492 -1.3354434 0.546671587 59 62 72
2.64322936 -1.01381692 0.950316367 0 0 0
-2.24015835 -1.07259997 1.22534708 236 236 236
2.01250023 -1.19826239 0.940357179 59 62 72
-0.984763333 -1.26122574 0.974742755 231 231 231
-1.13281059 -1.10907512 0.624281642 0 0 0
1.08088694 -1.5920852 1.06256805 231 231 231
-1.13281059 -1.10907512 0.624281642 0 0 0
-2.29125674 -1.06547154 1.23414859 0 0 0
5.83174006 -0.850305271 1.45264925 59 62 72
5.8533493 -1.06042147 1.44899422 59 62 72
5.54629895 0.539397912 1.20973405 59 62 72
5.77547239 0.18254117 1.36424679 0 0 0
3.42125437 -1.0017767 -0.0116692273 231 231 231
5.80455025 -1.15776061 1.36416881 0 0 0
4.02794475 -0.465880668 1.12983131 0 0 0
-0.876773624 0.595562048 1.68795065 49 54 66
2.63893266 -1.08755951 0.954998414 0 0 0
1.97760398 -0.0567247084 0.959633089 0 0 0
2.92308573 0.235830801 1.26134815 9 9 9
1.97386962 -0.0576178339 0.960190342 0 0 0
3.24913628 -0.891964289 0.924414907 111 116 134
1.93472643 -1.55150376 0.756288142 0 0 0
-1.69003865 -0.152996423 1.61379936 59 62 72
1.92410035 -1.52647826 0.725929927 130 130 130
1.87541194 -1.42047126 0.635911716 0 0 0
4.07059675 -0.479001991 1.12226761 222 222 222
5.75510486 0.179592635 1.45326243 231 231 231
5.91030116 -0.256391872 1.24532106 231 231 231
5.16021152 0.041487719 0.834479727 59 62 72
2.84795974 -1.19583781 1.27887244 231 231 231
5.52878967 -0.271145245 1.14811741 231 231 231
5.52878967 -0.271145245 1.14811741 231 231 231
4.73826989 -1.65278605 1.45786654 231 231 231
2.70516929 -0.958705043 1.11639765 130 130 130
8.25649382 -2.7994511 1.12403924 0 0 0
2.72578314 -1.10194843 1.11300799 130 130 130
3.88414768 0.591539864 1.22178568 29 30 30
2.71211783 -1.09945446 1.11433759 130 130 130
4.09236007 -0.421181963 1.12636541 0 0 0
2.02741314 -0.0690998886 1.07576226 130 130 130
3.91108479 -0.583227062 1.10930757 121 119 119
2.66995811 -1.01157027 1.02071364 130 130 130
3.89019497 -0.41327438 1.11515698 122 120 120
1.92986122 -1.43144923 0.749384653 0 0 0
-0.227789369 0.624180746 1.06820206 57 57 57
-0.0978483812 0.135823231 0.00226410239 0 0 0
1.89420379 -1.45837591 0.66994881 130 130 130
5.91048085 -0.726062754 1.23871015 231 231 231
1.95050225 -1.41801763 0.806167317 130 130 130
2.01675831 -1.26298348 0.817519727 1 1 1
2.6606095 -1.03371399 1.00124399 0 0 0
2.99155758 -0.860438827 1.14575678 59 62 72
-2.56323869 -0.0463934606 0.801768436 0 0 0
2.74227074 -1.93325078 0.772250332 211 211 211
-0.173103831 0.635110296 0.689643401 0 0 0
2.00708214 -1.23728523 0.851482076 0 0 0
-1.37377155 0.583677837 1.0231308 0 0 0
-1.37276545 0.584367235 1.1768466 0 0 0
3.03690424 -1.20283592 1.33454429 105 110 126
1.35815997 0.778066287 0.900790185 123 123 123
4.81485367 0.0464078548 0.83714217 109 115 131
-0.750924359 0.582178068 1.52500101 54 60 75
2.90878174 -0.15583855 1.35591724 105 110 126
2.06910899 -0.154470624 1.24172843 115 121 138
1.00014601 0.754547668 2.01626039 57 57 57
-0.505158328 0.581953713 1.63973112 89 91 97
-0.560904131 0.582220176 1.64308955 32 45 46
3.57903858 -0.124723182 1.10918309 59 62 72
-0.554676247 0.582171898 1.63118492 16 17 22
3.26201726 -0.856299244 0.927554905 84 78 75
-0.569443476 0.582275104 1.63220146 41 50 58
2.68879245 -1.10744619 1.07910124 0 0 0
-0.544443811 0.582206568 1.6274592 6 8 11
-0.656479677 0.580939223 1.63421865 104 105 109
-0.503081116 0.582293478 1.60773237 76 80 90
-0.44446818 0.582740707 1.51664823 75 86 107
-0.548289589 0.582419071 1.52787913 22 31 51
2.89454083 -0.902650611 1.3059243 108 113 130
2.32366947 0.769802096 0.920887248 15 26 28
2.89454083 -0.902650611 1.3059243 108 113 130
1.582663 0.744640227 0.891596454 9 9 9
2.86662962 -0.165322069 1.3486667 59 62 72
1.93406744 0.596749905 0.82276977 5 5 5
4.35584905 0.0643406185 0.84263812 109 115 132
-0.706953084 0.58256065 1.33596137 123 123 123
3.16085565 -0.872498241 0.925645871 59 62 72
-0.547941109 0.583386306 1.261982 122 123 123
2.30738776 -1.2586533 0.848185454 59 62 72
-0.703094512 0.582659661 1.27668832 116 116 118
4.41923749 -1.65974127 1.45601547 59 62 72
-0.474582221 0.583070857 1.1679506 12 90 38
3.83915326 -0.964065693 1.11350738 121 119 119
-0.497954634 0.582601986 1.16661602 14 34 45
2.91759795 -0.885612 1.32457827 59 62 72
-0.476009587 0.583860996 1.15348747 118 118 119
2.63073706 -0.913933055 0.8951601 59 62 72
-0.543900558 0.582929599 1.16917651 12 23 45
2.76972283 -1.62300641 1.33852548 59 62 72
-0.474075107 0.583039716 1.13018989 12 25 45
6.15349501 -0.745892013 0.269828571 25 25 25
0.430246694 0.766162115 2.01881909 231 231 231
3.00373655 0.0257714884 1.36990518 59 62 72
0.997666605 0.732430625 1.98945693 57 57 57
6.0706251 -0.0969616377 0.214707976 41 41 41
3.98761084 -0.451864459 1.1293352 224 224 224
-0.437900929 0.581761776 1.71769457 17 31 59
-0.53857309 0.582034891 1.65248124 81 84 91
3.93415691 -0.58192106 1.13188282 0 0 0
-0.43683151 0.585423271 1.62065162 103 105 111
2.75778366 -1.1776164 1.29232162 110 116 133
-0.567701706 0.58210678 1.63537049 9 12 16
-0.572853589 0.581816184 1.63484962 5 6 9
-0.477254487 0.58339666 1.59721649 13 16 26
-0.675972212 0.581990456 1.61918638 17 34 64
2.36959139 0.519865398 1.1846363 98 104 119
2.07426352 0.116925843 1.24040237 99 104 120
-0.551441784 0.58247549 1.52461581 94 100 110
2.91684047 -0.880889135 1.33615974 81 86 99
-0.551441784 0.58247549 1.52461581 94 100 110
-0.590480239 0.582295839 1.5262669 94 100 111
-0.520384673 0.582761753 1.32961444 124 124 124
-0.510509553 0.583434356 1.25844814 91 94 100
3.92347288 -0.421809811 1.13627779 0 0 0
3.94616216 -0.421920377 1.13053978 0 0 0
-0.71120795 0.582356908 1.27211805 122 122 122
4.86889929 0.0888633435 0.809961244 109 114 131
0.370740476 0.754320601 2.01688306 57 57 57
2.34018439 0.0762042502 1.19185829 99 104 120
2.77973653 -1.6009072 1.33296423 231 231 231
2.04986509 0.340853937 1.09444157 130 130 130
2.78637714 -1.31776633 1.32771365 59 62 72
-0.584502147 0.582290934 1.50735542 67 74 87
6.23476842 0.277551049 0.225738335 130 0 0
-0.584502147 0.582290934 1.50735542 67 74 87
6.23476842 0.277551049 0.225738335 130 0 0
-0.523866789 0.600289608 1.28980174 124 124 124
2.93221836 -0.904232915 1.28610953 109 115 132
-0.439812472 -0.117511921 1.50857882 29 30 30
2.77814731 -1.18238262 1.28517612 110 116 132
-0.474435832 0.582937525 1.25859488 112 113 115
2.77814731 -1.18238262 1.28517612 110 116 132
-0.474435832 0.582937525 1.25859488 112 113 115
2.73969537 -0.164984478 1.30187153 111 117 134
2.75457085 -0.161145835 1.29627733 111 117 134
-0.199480957 0.763916138 1.96551553 57 57 57
2.78328651 -0.203861183 1.26450455 82 87 100
0.492600215 0.780973922 2.02063012 57 57 57
2.78328651 -0.203861183 1.26450455 82 87 100
1.00420317 0.747763262 2.0127738 57 57 57
1.00420317 0.747763262 2.0127738 57 57 57
2.86556801 -1.34844257 0.894568098 231 231 231
2.86556801 -1.34844257 0.894568098 231 231 231
0.986516097 0.754875481 1.95548267 0 0 0
-0.134266627 0.73946171 1.89390736 57 57 57
2.67441623 -1.06314366 1.02598327 0 0 0
0.654055789 0.704013347 1.55120846 140 140 140
2.63719254 -0.951159846 0.923005172 0 0 0
-0.595995974 0.581373812 1.52623627 22 32 52
1.9351579 0.510933584 0.900507577 0 0 0
2.6327716 -0.924863617 0.881209617 59 62 72
6.21712502 0.291234924 0.265617894 231 231 231
1.94181342 0.0773366738 0.897271661 0 0 0
0.825771046 0.767854209 0.843460587 29 30 30
6.22491619 0.291348214 0.26302169 231 231 231
0.473049298 0.758392276 2.00842433 57 57 57
0.994528067 0.776651206 1.98664823 57 57 57
2.62047084 -0.276292011 1.41306084 59 62 72
0.503295483 0.745288742 1.94206171 0 0 0
2.90639204 -0.807702477 1.1076142 84 78 75
0.61321055 0.71429167 1.45695197 140 140 140
-0.0053173099 -0.482010654 1.70843358 0 0 0
-0.535476468 0.58280549 1.52403263 59 66 79
2.0796152 -0.170988715 1.28512255 104 110 126
2.17377122 0.257014782 0.879199662 59 62 72
5.65445658 -1.21679684 0.842984958 59 62 72
-0.493045547 0.583024825 1.34204311 124 124 124
4.41950277 0.596376341 1.47780287 87 92 106
-0.492350079 0.584352278 1.31655351 124 124 124
5.60649245 -1.57448182 0.857051388 231 231 231
0.994235354 0.75101782 1.96871937 0 0 0
2.79165774 -1.16205852 1.32504805 231 231 231
0.626248197 0.702866178 1.67818678 0 0 0
2.93664066 -0.202855315 1.28928184 111 117 134
0.629847534 0.705834107 1.67752621 0 0 0
5.92612087 -0.304913534 0.149808333 231 231 231
-0.445656486 0.580580882 1.70669139 2 8 30
2.77643749 -1.30253127 1.27278521 79 83 96
2.77643749 -1.30253127 1.27278521 79 83 96
-0.549556403 0.582013933 1.63380858 87 90 97
3.54625072 -0.131996803 0.79656702 84 78 75
1.94620693 0.417759127 0.901722856 0 0 0
1.62741317 0.659413363 0.78392374 5 5 5
1.06032942 0.766353209 2.00709144 57 57 57
3.92229534 0.618165486 1.19726567 29 30 30
0.993342166 0.752619135 1.99314847 0 0 0
2.75439264 -0.15039266 1.30342791 111 117 134
0.709061643 0.704809393 1.55782576 140 140 140
0.80947008 0.723741823 1.4591128 140 140 140
1.9750361 -0.0499797397 1.01203247 130 130 130
2.31203071 -1.27330823 0.862415548 111 116 133
1.9750361 -0.0499797397 1.01203247 130 130 130
3.97157488 -1.4698188 1.09623515 0 0 0
1.23718418 0.932283201 2.03178811 0 0 0
5.49430643 0.0196390144 0.819951829 107 113 129
3.66444571 0.467993083 1.29529376 84 89 102
3.03528581 -0.198323955 0.921756113 59 62 72
0.415442171 0.633244226 1.89371349 57 57 57
-1.5313795 -1.18273741 0.599660924 0 0 0
4.86460995 0.400039374 1.05011894 88 93 107
-0.473714022 0.572073327 1.72639922 3 9 32
1.74897165 0.778226807 0.926325167 57 57 57
2.91812317 -0.198048511 0.841167507 87 81 77
2.90697406 -0.193896428 0.851354239 87 81 77
2.21197007 0.254088656 0.927687707 108 114 131
-0.300248469 0.628721189 1.84418381 107 107 107
2.66897387 -1.35547629 0.868754205 59 62 72
2.68969219 -1.1083245 1.07877966 0 0 0
-0.304281598 0.622163825 1.84222923 107 107 107
4.09680125 -0.580857724 1.12503485 0 0 0
-0.67055182 0.582820686 1.51834463 76 88 109
-0.0872144981 0.764106491 0.957284221 57 57 57
2.90373702 -0.0405880756 1.39492606 59 62 72
-0.597485289 0.583055651 1.64931591 0 0 1
-0.450530934 0.585817362 1.6153142 82 85 93
2.93579943 0.34883071 1.31563937 28 29 29
1.9752662 0.175105097 0.83813213 59 62 72
2.93579943 0.34883071 1.31563937 28 29 29
-0.512581014 0.582543583 1.61659541 24 29 34
0.529055068 0.744013595 1.94305995 0 0 0
-0.576831603 0.582553941 1.6567372 3 4 5
0.517507345 0.732195484 1.94182935 0 0 0
-0.585032689 0.581903533 1.647227 99 101 106
0.615329312 0.701306787 1.51884516 0 0 0
-0.572047732 0.582284713 1.64523269 7 9 13
4.94698954 1.88911823 0.0955551115 0 0 0
-0.545506125 0.582267869 1.64763759 29 41 51
1.60673883 0.7766303 0.911498477 123 124 124
-0.522111956 0.582026203 1.65024754 51 53 60
-0.522111956 0.582026203 1.65024754 51 53 60
1.2619416 0.789116675 0.903580433 123 124 124
-0.754301023 0.58200901 1.62011569 13 32 63
1.95042696 0.426781811 0.924845184 130 130 130
-0.558191617 0.582038058 1.64062326 104 106 112
0.0057203547 4.33896285 0.977337246 0 0 0
1.95042696 0.426781811 0.924845184 130 130 130
-0.683246923 0.581849457 1.61586901 14 32 63
1.23730169 0.775329452 0.910846047 124 124 124
-1.40786741 0.586845835 1.49498088 21 27 39
-0.235656365 0.765958767 1.96411641 231 231 231
-0.817600634 0.582116297 1.52526769 92 99 110
-0.235656365 0.765958767 1.96411641 231 231 231
-0.55426086 0.582671318 1.52685504 34 42 59
0.403421102 0.76145792 2.01676795 57 57 57
-0.545839609 0.582531445 1.52494463 89 95 106
0.499356218 0.726062038 1.98117237 57 57 57
-0.545798723 0.582468566 1.524962 89 95 106
-0.132293646 0.7192072 1.89728418 57 57 57
-0.560198269 0.58247977 1.50706906 94 101 111
4.11513859 -1.46971999 0.993277062 0 0 0
-0.560198269 0.58247977 1.50706906 94 101 111
1.55715672 0.0480287098 1.10781294 0 0 0
-0.520455208 0.582440294 1.50699864 94 100 111
-0.509916811 0.583296402 1.34366347 111 117 123
-0.553663313 0.582816928 1.31730878 124 124 124
-0.485257472 0.583055853 1.33414448 50 54 65
0.807580927 0.71904921 1.45833819 140 140 140
-0.485215942 0.582984838 1.33414165 50 54 65
0.807580927 0.71904921 1.45833819 140 140 140
-0.526106274 0.565612015 1.24693926 97 100 105
-0.5536831 0.583075029 1.15608892 121 121 121
0.613722123 0.690875079 1.75869973 57 57 57
-0.567178581 0.582952401 1.12797835 14 33 46
2.35882737 0.556022644 1.2695161 0 0 0
-0.558352978 0.58415419 1.1239268 12 89 38
-0.229384657 0.766706727 1.97221164 231 231 231
-0.555345991 0.581194659 1.11713138 120 121 121
3.16564001 0.65983244 1.97588194 56 57 57
-0.486159744 0.582246046 1.11706964 120 120 120
0.523761225 0.730104398 1.96881739 0 0 0
-0.727777399 0.584162144 0.964943069 34 54 54
2.01532016 0.0808721752 1.03765265 0 0 0
-0.503620192 0.582703189 1.62141087 49 59 64
-0.489128829 0.583027404 1.25858511 98 101 105
3.89607436 -1.63277665 1.29549043 74 78 90
-0.489074105 0.582927418 1.25869333 98 101 105
4.17003759 -0.398094605 1.12053935 224 224 224
-0.481394508 0.583199867 1.2583496 92 95 100
-0.957678107 0.583693928 0.994984488 123 123 123
4.00577024 0.779606582 0.998105878 11 14 15
-0.489963613 0.582445466 1.15702989 14 25 46
4.00577024 0.779606582 0.998105878 11 14 15
-0.518440908 0.582743967 1.14089622 124 124 124
4.00545996 0.779696991 0.974331255 12 15 15
-0.489999643 0.58314928 1.13252731 123 123 124
4.00545996 0.779696991 0.974331255 12 15 15
-0.545049125 0.581000545 1.62341153 49 53 63
-0.74774548 0.582030138 1.60954854 14 33 64
2.93689351 -1.15391958 1.31842779 8 8 8
-0.515818508 0.583353942 1.50665795 83 89 101
2.84532821 -0.876093216 1.32077856 111 117 134
-0.68068155 0.582358683 1.27735181 105 106 108
3.98888244 -0.465233661 1.12846419 225 225 225
4.70761542 0.0737205582 0.84367676 59 62 72
-0.541381513 0.582599058 1.30829409 124 124 124
-0.98525423 0.58187558 1.60740884 9 27 57
2.73369399 0.107389 1.30370033 111 117 134
-0.71522276 0.581788184 1.63201392 75 79 90
3.45038947 -0.864976973 0.823823278 112 117 134
-0.757664621 0.582683049 1.62357045 12 31 62
-1.05088148 -1.12536401 0.825871954 130 130 130
-1.31810423 0.589900059 1.34212571 13 90 38
5.62701917 0.220038167 0.866338997 59 62 72
-0.527758249 0.583388965 1.30620554 105 115 116
-1.0400638 0.581052368 1.58567729 8 26 56
-0.516289174 0.582332661 1.11753516 124 124 124
4.0975831 -0.420930663 1.12456769 0 0 0
-0.670191383 0.577274953 0.999410212 124 124 124
2.95166976 -0.941442185 1.37663228 59 62 72
-0.741940843 0.583170616 1.31675855 111 117 123
-0.533623978 0.582120012 1.62711901 107 109 114
-0.701623317 0.584402742 1.63130293 79 83 93
-0.184832337 -1.70450758 1.03511023 130 130 130
2.69244673 -1.11254694 1.08089431 0 0 0
-0.137580942 -1.67706367 0.932747005 8 8 8
2.68996128 -1.11147103 1.08276503 0 0 0
-0.319285078 -1.7103781 0.909975093 8 8 8
-0.334243 -1.74583846 0.8846406 8 8 8
-0.992439363 -1.15948544 0.999123436 231 231 231
-1.08574908 -0.945583524 0.780708455 0 0 0
-0.109827579 -0.142561463 -0.0057520861 90 85 81
2.41579931 -0.855380835 1.24793015 130 130 130
5.6933289 -1.2581243 1.31742755 130 130 130
2.65336877 -1.0487359 1.01639144 130 130 130
-0.182429683 -1.7055765 1.09670696 130 130 130
2.6498333 -1.03669529 0.97276031 130 130 130
-0.218372213 -1.68938657 1.05724699 130 130 130
2.63062683 -0.991487759 0.964877249 130 130 130
-0.231899 -1.69617979 1.00193137 130 130 130
2.634291 -1.15232521 0.880886674 59 62 72
2.64894569 0.173233351 0.88898601 59 62 72
-0.855533367 -1.6039822 0.972545522 94 99 114
-0.980319717 -1.60196537 0.987601026 8 8 8
5.1071507 0.00706371224 0.865821703 106 112 128
-0.947146022 -0.919904591 1.01568558 101 106 121
2.90913716 -0.892666823 1.35532619 99 105 120
-0.0124961568 0.678010774 0.45568235 140 140 140
2.70646318 -0.276253395 1.40679064 111 116 134
-1.13499542 -1.21186424 0.550298143 115 120 138
3.45324711 -0.894260252 0.835414979 84 79 75
0.606004352 0.709010562 1.60680333 139 139 139
2.62253279 -1.1084387 0.934366162 0 0 0
0.612500906 0.711358026 1.57806739 138 138 138
5.64671798 -1.37674968 1.27698015 0 0 0
4.09317692 -0.402918057 1.10953781 225 225 225
0.592682538 0.704511969 1.53134073 136 136 136
1.14781577 -1.72464161 0.91717404 231 231 231
2.63002644 -1.15282902 0.891462056 59 62 72
-1.00041138 -1.61655852 0.957927194 111 116 133
6.20467499 0.129048056 0.192269994 41 41 41
-1.00041138 -1.61655852 0.957927194 111 116 133
-1.00544813 -1.67183299 0.92957189 231 231 231
5.59970403 -1.21538099 0.887933872 59 62 72
-0.911637824 -1.88551856 0.78176351 8 8 8
5.58782118 -1.21059179 0.891265258 59 62 72
-0.0900578654 -0.069226105 -0.00727703253 235 235 235
4.30813624 -1.5602722 1.10326782 59 62 72
-0.0943129215 -0.0514749997 -0.00434047622 235 235 235
5.11304245 0.408147863 0.879770315 67 71 82
-0.0735222534 0.011366372 -0.0174928399 235 235 235
2.9477788 -1.60823105 1.32322286 231 231 231
-0.0724621732 0.0502683353 -0.0182564009 235 235 235
2.9477788 -1.60823105 1.32322286 231 231 231
-0.102238409 0.070787569 0.000898315198 235 235 235
5.89069186 0.117729976 0.505996241 231 231 231
6.12630856 0.53758568 1.89157198 231 231 231
6.09681083 0.53200469 1.89019426 231 231 231
3.95699943 0.566303734 1.49168622 101 107 123
3.04429142 -0.8250853 0.876029406 108 113 130
5.76915129 -1.23555745 1.45688734 59 62 72
2.02474402 0.33974632 1.09559197 130 130 130
4.04572242 -0.485974902 1.12749394 233 233 233
0.788828401 -1.66945776 1.01429729 101 101 101
-2.73186183 0.769877158 0.935397307 231 231 231
0.092780728 0.777859015 0.935065944 57 57 57
1.91543628 0.52780918 0.843761522 130 130 130
1.71311222 -1.76940544 0.16624871 122 122 122
-2.5039913 0.0732866285 0.650483295 228 228 228
-0.913579483 -1.62116127 0.96047672 231 231 231
-1.05077535 -1.1287274 0.83045243 130 130 130
-0.511891772 0.581522083 1.09287306 76 79 84
-1.04337723 -0.931982666 0.826416494 130 130 130
1.72107255 0.780113064 0.898637667 124 124 124
6.1386534 -0.252009838 0.274146842 25 25 25
-1.11370946 -0.984096089 0.642840907 130 130 130
0.0863654365 -0.0916486922 0.000222438339 235 235 235
0.0941454055 -0.0926622235 -0.00680826865 235 235 235
-1.14350459 -0.948302171 0.626246928 0 0 0
-1.10084965 -1.26189405 0.517727717 87 81 77
-0.123044579 0.114896176 0.000211223905 86 81 77
5.71506084 0.066877333 1.46163773 59 62 72
0.672661007 0.700155776 1.5589387 139 139 139
1.97068258 -1.56739342 0.949730781 59 62 72
1.9214316 -1.5240358 0.729007092 130 130 130
-1.13919389 -1.01578655 0.696236042 0 0 0
-0.845872753 -1.62860122 0.987815397 231 231 231
-1.07582554 -1.25648404 0.714895627 231 231 231
-2.17396526 -1.11537705 1.23142974 0 0 0
-2.17126176 -0.953165643 1.22905656 0 0 0
-2.17117137 -0.953286872 1.22894298 0 0 0
2.0115575 -1.64520976 0.929840442 59 62 72
1.9625324 -1.55683374 0.800291455 130 130 130
1.60709531 -1.69505764 0.469614859 59 62 72
2.05705394 -1.26992263 0.926841495 104 110 126
-0.156778735 0.639219286 0.312094187 5 5 5
0.728160886 0.71654156 1.47847985 139 139 139
1.21123529 -1.62355994 1.33050419 231 231 231
-1.00639503 -1.69745834 0.864250648 231 231 231
-2.10104579 -1.16132007 1.22609706 129 129 129
1.00296842 -1.61152189 1.44898966 42 48 65
-3.1994668 -1.55497544 1.31214381 59 62 72
6.17347118 0.518858575 2.01585554 0 0 0
6.18119401 0.52037341 2.01593511 0 0 0
-3.11980662 0.164971688 1.20959114 79 83 96
-3.17771148 0.227657935 0.942815103 60 63 73
5.68335085 0.382659518 1.37506604 59 62 72
1.96701127 0.237235053 0.812772344 0 0 0
-2.66857913 0.113870245 1.12236816 109 115 132
2.11609634 0.661474843 1.02580911 27 27 27
0.432623085 3.61854574 0.925184259 16 33 63
2.10788528 0.768339613 0.896594623 22 31 49
11.3103854 4.80905216 -2.06047283 9 9 9
1.2621765 0.764611193 0.909390019 30 83 40
-0.436195869 0.901697506 1.18393757 109 116 122
-5.12630226 -1.05676653 1.13609469 70 70 70
-0.528143916 0.581792994 1.64207667 95 98 104
-0.528143916 0.581792994 1.64207667 95 98 104
2.14565432 0.542600426 1.22676815 99 104 120
-5.80029613 0.298946321 0.965848495 0 0 0
-0.51812335 0.58328821 1.33618821 12 90 38
-5.30872454 -0.77544801 0.969482858 182 182 182
0.531194419 0.759106978 0.847765846 28 29 29
-2.40960864 -1.14132792 1.2225526 231 231 231
-0.226839474 0.758745903 2.01877603 231 231 231
0.499356218 0.726062038 1.98117237 57 57 57
0.81412381 0.720014752 1.74373564 140 140 140
-2.5853974 0.0581193151 0.85735477 0 0 0
3.01763835 0.186260244 1.31052746 86 91 104
-2.5572253 0.00186872943 0.783071406 0 0 0
-2.5572253 0.00186872943 0.783071406 0 0 0
2.97955897 0.18034387 1.31344552 86 91 104
0.597533487 0.705693059 1.49403891 140 140 140
-2.54438436 -0.243828747 0.617578639 87 81 78
2.03667573 0.0987683076 1.09727512 130 130 130
1.94143865 -0.0834220892 0.894149998 0 0 0
-0.52564002 0.582028351 1.50733556 66 73 87
-2.49493462 -0.122711316 0.652585057 228 228 228
2.00258448 0.0785661282 1.04220096 0 0 0
-5.58278733 0.369540196 0.931629043 0 0 0
1.96276698 0.402432527 0.936650205 0 0 0
1.59265553 0.775906835 0.908342834 124 124 124
-2.23161186 -1.06195045 1.23847767 232 232 232
1.12811971 0.750234349 0.857742718 231 231 231
-3.15641473 -0.197459795 0.955630961 99 104 120
-2.07892637 -0.911426617 1.21658989 67 67 67
0.986684074 0.771692873 0.843302268 29 30 30
-0.140426663 0.779794258 2.02134289 57 57 57
-3.25945831 0.205495508 0.821023536 64 67 77
-0.140426663 0.779794258 2.02134289 57 57 57
-3.61958096 -1.71422534 1.24525964 115 121 139
0.476400391 0.762910386 2.01018348 57 57 57
0.774522083 0.707336822 1.64421647 0 0 0
3.72299347 0.562750335 1.21616146 0 0 0
-3.14502109 -1.56116106 1.12638593 231 231 231
-3.03738104 -1.03185888 1.13544344 67 67 67
-0.549264844 0.581104027 1.31958954 124 124 124
-2.76140371 -0.161596094 1.09270778 79 77 77
3.63561339 0.717833009 1.98973647 56 57 57
0.810432012 0.724858915 1.7376023 140 140 140
-3.2239221 0.634621522 0.923994294 94 99 114
3.14938611 0.488123266 1.27466007 0 0 0
0.810432012 0.724858915 1.7376023 140 140 140
-3.15080603 0.0952283719 1.33687897 116 122 139
-0.229270702 0.765961977 2.01436805 231 231 231
-2.17249204 -1.13002364 1.22607769 232 232 232
1.44516726 0.931044842 2.06105512 5 5 5
0.724073513 0.706303111 1.61770538 0 0 0
0.708308299 0.7029988 1.55820625 140 140 140
3.68961285 0.473029867 1.2906263 85 89 103
-5.06038753 0.729303257 0.897423911 231 231 231
-0.490127388 0.580435988 1.66505566 1 1 4
-4.70644735 -0.943237294 1.1942986 70 70 70
-0.184937323 0.765831233 1.9933914 0 0 0
-5.57854895 0.264122079 0.959586824 200 200 200
0.613891493 0.673919077 1.72263284 140 140 140
-4.67095835 0.639264147 1.04716658 0 0 0
0.876132856 0.732860573 1.59130324 57 57 57
1.06054667 0.762404602 0.944262927 0 0 0
-3.15210508 -1.59425823 1.14340268 231 231 231
0.721838774 0.705975741 1.56649805 140 140 140
-3.15430889 -0.138681299 1.2876085 79 77 77
0.721838774 0.705975741 1.56649805 140 140 140
-2.65725158 -0.135351238 1.13128199 115 121 139
1.93793243 0.0763389455 0.898739279 0 0 0
-2.67416949 -0.926520377 0.256253644 0 0 0
0.622441441 0.705305894 1.68202225 0 0 0
-4.5590794 -0.940874675 1.09181886 231 231 231
-0.746533327 0.582116821 1.62984961 80 84 93
-0.711354855 0.581594611 1.63333047 79 83 92
-3.05483261 0.289324896 0.858874041 0 0 0
-0.715243901 0.581842483 1.62701577 19 34 64
-3.50190402 -1.57259745 1.21506809 2 2 2
-0.68553418 0.580697468 1.61367186 85 88 97
4.22315694 -1.63230669 1.4271103 0 0 0
-0.554217427 0.582585799 1.52677254 29 38 55
4.72294353 0.569763731 1.27003416 86 90 104
-1.42764001 0.590199663 1.32048811 37 46 45
2.93791501 0.118783306 1.36303764 89 93 107
-1.39624629 0.586058469 1.31965654 17 19 20
4.15711273 -1.52278682 1.09638709 163 163 163
-1.69359494 0.592300114 1.23704628 16 40 24
3.20805231 -0.171350063 1.20064718 0 0 0
-1.65195233 0.594925947 1.24526452 42 44 45
2.92120278 -1.13463846 1.33829289 231 231 231
-1.66460204 0.5928907 1.23605587 21 23 23
-1.71856996 0.606450938 1.09804162 2 6 7
-0.727113579 0.580857153 1.35317667 111 118 124
2.91289933 -1.34248302 1.3516753 100 105 120
-0.954171195 0.582927319 1.27624446 122 122 123
4.52471359 -2.10191168 0.636927461 231 231 231
-0.953370409 0.582242702 1.27670503 122 122 123
2.94656842 0.138600468 1.35581681 124 124 124
-0.968653453 0.586029276 1.15749447 122 122 122
2.76195987 -0.896547859 1.36011402 104 109 125
-0.698752766 0.582971508 1.25883373 90 93 99
2.87576759 0.131564396 1.33507318 231 231 231
-0.987412449 0.585266557 1.13301028 124 124 124
2.82701062 -0.165952562 1.32318803 59 62 72
-0.988609586 0.585855691 1.13226266 124 124 124
2.59050673 -1.15469143 1.36775689 80 84 97
-0.990151641 0.581169427 1.13156297 68 72 80
-0.938971935 0.582304312 1.12144358 20 60 46
-0.938971935 0.582304312 1.12144358 20 60 46
2.69460017 -0.948044572 1.08017791 0 0 0
-0.489522041 0.583005494 1.31486575 124 124 124
2.69460017 -0.948044572 1.08017791 0 0 0
-1.00438074 0.585883599 1.08881379 69 71 79
-1.00450301 0.585947793 1.08875454 69 71 79
-0.927912341 0.583031321 1.07371714 98 101 105
3.7699203 -0.978108352 1.07487393 68 67 67
-0.927912341 0.583031321 1.07371714 98 101 105
4.27535962 -1.09982136 0.864976925 109 115 132
-0.897806236 0.577017096 1.07745812 98 100 104
4.81014908 -1.45996961 0.880826594 59 62 72
-0.806546661 0.58510335 1.09333329 75 78 84
2.42934869 -0.367062315 1.56617342 111 117 134
-0.805525085 0.584109576 1.09400444 75 78 84
2.88940334 -1.33712448 1.30205779 110 116 133
-0.764266237 0.583434356 1.09150937 122 122 122
2.74914581 -1.3445908 1.29966435 111 117 134
-0.549403602 0.583120478 1.16601668 122 122 122
-0.549630976 0.583419656 1.16579619 122 122 122
4.41032435 -1.12785525 0.783755972 59 62 72
-1.00494387 0.583149862 0.888109875 102 104 108
-1.00494387 0.583149862 0.888109875 102 104 108
2.92814203 -1.15326272 1.32929826 231 231 231
-0.993521887 0.584546011 0.887095829 102 104 107
2.78141816 -0.853999771 1.26589347 77 81 93
-0.992615742 0.583812557 0.88771712 102 104 107
2.78141816 -0.853999771 1.26589347 77 81 93
-0.980706498 0.584634092 0.88653824 105 107 110
-0.980706498 0.584634092 0.88653824 105 107 110
6.26773064 0.208712368 0.218440025 231 231 231
-0.843101106 0.441101237 1.00670327 104 106 109
2.88245981 -0.905204489 1.34624245 111 117 134
-0.969689083 0.582868952 0.888102322 104 106 109
-0.488148291 0.582632697 1.1536617 122 122 122
-0.76378159 0.586448037 0.979460324 111 117 123
5.07985641 -1.47707969 0.919411625 61 64 74
-0.76390186 0.58658712 0.979362925 111 117 123
2.83527951 -1.19352634 1.32810432 59 62 72
-0.497328996 0.583517594 1.13162143 118 118 119
2.75298053 -0.150425492 1.30468336 113 119 136
-0.735807308 0.583563119 0.979307694 112 119 113
5.28010218 -0.448130046 1.07602128 116 114 114
-0.735807308 0.583563119 0.979307694 112 119 113
-0.487192385 0.584586443 1.12782439 18 33 47
2.8139252 -1.32692067 1.32164105 0 0 0
-0.728480924 0.584361047 0.978689922 113 119 114
2.65914093 -1.33893841 0.870267502 59 62 72
-0.728480924 0.584361047 0.978689922 113 119 114
2.74863181 -0.910489878 1.34522088 59 62 72
-0.769282614 0.583946807 0.950906446 123 123 123
2.72856401 -0.150650136 1.36161416 59 62 72
-0.720740882 0.584871526 0.97819914 114 120 116
4.19955322 -1.62272289 1.42616523 0 0 0
-0.720379759 0.584278197 0.978640192 114 120 116
-0.764005459 0.584441569 0.950010731 51 54 65
-0.828226856 -1.76417995 -0.0345780165 231 231 231
-0.747936429 0.582728934 0.951907412 122 122 123
-0.962647395 -1.21970212 0.817400807 75 79 91
-0.720197042 0.584988795 0.945403823 122 122 122
0.0052622446 0.721079298 0.301464356 0 0 0
-0.803023609 0.582532574 0.888302881 99 101 105
-0.0354042177 0.00433437154 -0.00146490431 0 0 0
-0.803023609 0.582532574 0.888302881 99 101 105
0.802732181 0.710738998 1.52854611 0 0 0
-0.704343619 0.586364439 0.884886016 101 102 106
-0.949273704 -1.11762175 0.945342158 98 103 118
-0.704343619 0.586364439 0.884886016 101 102 106
-0.933550499 0.580625498 1.59576 76 80 91
-1.08868405 -1.39622377 0.463725303 94 99 114
-1.37395083 0.583949771 1.35493298 21 25 27
-1.4303639 0.594529544 1.27585614 20 27 23
-1.59540223 0.591703848 1.22561084 21 24 25
-0.943708148 -1.08521973 0.956277113 0 0 0
-1.69484564 0.590658645 1.15509086 50 56 57
0.804250806 -1.61215981 1.43804159 23 35 58
-1.31727689 0.582143569 1.09991195 0 0 0
-0.76029562 0.582539438 1.27704153 124 124 124
-0.985895739 0.583402601 1.16536581 123 123 123
-1.00525736 0.582977396 1.07295804 99 101 104
0.869250172 -1.6244719 1.45936489 76 79 84
-1.00551303 0.583246945 1.07273801 99 101 104
-0.182429683 -1.7055765 1.09670696 130 130 130
-0.979802778 0.583902942 1.07333289 101 103 107
-0.199221485 -1.68635771 1.09000464 0 0 0
-0.544926676 0.581467348 1.25938088 98 100 105
-0.244365471 -1.69869457 1.01807814 0 0 0
-0.48204396 0.584414265 1.25774296 91 95 100
-0.79181472 0.581412163 1.09318597 71 73 80
-0.80091476 0.584122168 1.08442732 124 124 124
-0.94390931 0.582147742 0.907434369 71 74 80
-0.479133605 0.583779829 1.13208641 124 124 124
1.01945988 -1.65583673 1.5027483 121 121 121
-0.711447386 0.581460747 0.973225632 23 59 47
-2.25812649 -1.00634016 1.23190065 0 0 0
-0.710810414 0.583719257 0.950654705 24 31 49
-0.750490537 0.539055796 1.44426202 0 0 0
-1.60776029 0.590575595 1.20817954 54 61 61
-0.878549281 -1.64065456 0.970467692 59 62 72
-0.74345475 0.58227878 1.37467879 13 85 39
-0.784911095 0.582711033 1.33326978 15 83 40
-0.552103671 0.581580351 1.26038857 104 105 109
-0.781784477 0.583480414 1.09033198 71 74 81
-5.49279398 -0.751138146 1.04111761 231 231 231
-0.682426926 0.582168946 1.09201431 79 81 87
-2.64453347 -0.19748142 1.04661602 103 109 125
-0.743729744 0.586397259 0.970155627 12 75 40
-5.39462369 -0.961710594 1.04767125 200 200 200
-0.790451362 0.58613635 0.904403785 82 84 89
-2.1700841 -1.10889675 1.23433196 0 0 0
-1.67520315 0.585059719 1.25110511 1 2 2
-1.63331861 0.593292172 1.16915354 40 42 43
-5.36885885 -0.791473209 0.955712836 182 182 182
-1.21193831 0.582493024 1.18272659 0 0 0
-0.702173725 0.582098005 1.33355197 13 85 39
-5.71793361 -0.824569543 1.06434901 187 187 187
-0.78071951 0.583198183 1.27627889 71 73 80
-0.51205068 0.581902526 1.35991565 124 124 124
-3.80155649 -1.91959628 1.21863991 2 2 2
-0.552848146 0.583694742 1.27849299 81 82 88
-3.89991487 -0.971102932 -0.00447040243 108 106 106
-1.19485455 0.587629247 0.960984871 143 143 143
2.97864537 0.0796163374 1.14495375 0 0 0
-0.806623333 0.587179689 1.08898138 70 72 79
-5.3693238 -0.881451067 1.06728637 231 231 231
-0.467112399 0.584079097 1.12236389 8 58 42
-0.721080973 0.583919458 0.961767686 124 124 124
-4.58706125 -0.938966415 1.29910542 231 231 231
-0.727791007 0.583303295 0.951127615 12 89 38
-3.15401735 -0.0801937541 1.29160215 84 83 83
-0.502475977 0.583604317 1.09020419 107 107 110
-2.19016969 -0.975765534 1.23990408 0 0 0
-0.502475977 0.583604317 1.09020419 107 107 110
-3.35726931 0.215560933 0.906846945 108 114 131
-0.767106272 0.584445164 0.896566105 124 124 124
-2.57810748 -0.0573085492 0.825565395 228 228 228
-0.445294226 0.582057437 1.07436073 102 104 107
-1.39772168 0.590774082 1.36446283 47 59 57
-1.70400667 0.592159071 1.13457192 13 14 15
-0.940099728 0.576654337 1.17870896 12 90 38
-5.31146354 -0.750596618 1.03577082 112 112 112
-0.982826364 0.586846695 0.983677168 124 124 124
2.52886733 0.136938142 0.744010575 0 0 0
-0.506120009 0.584121985 1.15576501 124 124 124
-0.751284554 0.584108087 0.963796951 124 124 124
-3.06304681 -0.103318835 1.33213426 79 77 77
-1.19598006 0.591355515 0.463652385 6 19 43
-1.41831326 0.590494912 1.30535826 80 83 85
-2.66713438 0.113501509 1.08311771 0 0 0
-0.974463289 0.580847011 1.34190087 112 118 124
-5.23033547 -0.453012619 1.07590369 212 212 212
-1.67667267 0.593161957 1.13289194 85 87 90
-5.071615 -0.349243516 1.00707507 188 188 188
-0.731389841 0.582687705 1.31249425 52 63 71
-3.14200041 -0.0964612061 1.27606288 84 83 83
-0.5143077 0.582827022 1.1487367 12 75 40
-3.18056252 0.154312986 1.25937891 75 79 91
-1.34169939 0.584990785 1.45210384 0 0 0
-1.24121549 0.575614743 1.14999502 142 142 142
-1.31904666 0.590662594 1.07714773 0 0 0
-0.558354372 0.583298601 1.16182082 55 62 74
-2.58834533 -0.10265193 0.85153709 0 0 0
-1.60313835 0.588399288 1.2492028 14 15 17
-0.742221696 0.580996899 1.33708447 124 124 124
0.0567314012 0.719708368 0.381909012 0 0 0
-0.9518985 0.567846472 1.12398902 124 124 124
-0.215190367 0.72927066 -0.00167386867 0 0 0
-0.745385383 0.580894804 1.11420216 124 124 124
-0.235252507 0.693050904 0.897689021 231 231 231
-0.721151486 0.579249574 0.981433442 68 102 75
-1.45154526 0.59098006 1.21602766 6 19 42
0.0135482043 0.178320556 -0.101107603 0 0 0
-1.24715519 0.594218942 1.09980885 0 0 0
-0.264562929 0.728130376 0.0135753423 5 5 5
-1.02837405 0.581581529 1.18059777 124 124 124
3.87313608 0.562108828 1.49619628 0 0 0
-0.589860332 0.583172582 1.09911532 124 124 124
-1.22942419 0.575905425 0.536404456 6 19 43
-0.746520405 0.581773744 1.62985966 83 86 95
2.89925003 -1.11947546 1.34305115 8 8 8
-0.582240263 0.58044747 1.6502195 4 7 10
3.91738877 -1.83358839 0.825463898 231 231 231
-1.71180937 0.589754437 1.20745034 85 86 87
2.91144861 -1.15505363 1.36326556 106 111 128
-1.74699729 0.594606488 1.08918653 1 3 8
3.82656654 -1.28290019 0.802322573 113 119 136
-2.33011902 0.787841326 0.904582892 107 107 107
2.36095317 -0.824365168 1.5591493 231 231 231
-1.77186696 0.596049526 1.11368684 55 57 58
2.87491269 -1.20237219 1.25342106 231 231 231
-0.995866053 0.58399755 1.09754242 123 123 123
-1.72886074 0.599627035 1.31495855 21 27 39
2.67979631 -0.977834174 1.05445994 130 130 130
-0.910129209 0.581621029 1.63132764 9 27 57
4.1158388 -1.47339862 1.02395265 0 0 0
-0.76112268 0.582040121 1.61871674 14 32 63
4.76922427 -1.47386694 0.856315857 107 113 129
-1.80063111 0.589547283 1.25738632 31 35 45
4.02555068 -1.47550402 1.00353153 163 163 163
-1.76076012 0.592015786 1.12599294 6 10 7
4.00786172 -1.49432186 1.02324963 0 0 0
-0.989891467 0.583069515 1.1706644 37 55 55
4.82629692 -1.40568268 0.875915457 105 110 126
-0.944321235 0.581507335 1.15679026 122 122 123
5.61866108 -1.23008932 0.889815758 59 62 72
-0.962701822 0.583682761 1.12730541 123 123 123
2.75044755 -0.911306818 1.30838798 114 120 137
-0.744885068 0.608066208 1.12667469 121 121 122
4.01067571 -1.51015105 1.144555 161 161 161
-0.941247343 0.583882198 0.949307696 122 122 122
5.91815039 -1.5907896 1.18559153 59 62 72
-0.956235041 0.584757986 0.903975314 66 68 77
-0.956235041 0.584757986 0.903975314 66 68 77
-0.961175703 0.585817132 0.88491279 101 103 107
4.01031115 0.261229292 0.862914419 0 0 0
-0.951616466 0.5836734 0.887638385 98 100 105
2.72076055 -0.716243126 1.60022399 231 231 231
-0.710696997 0.584937002 0.9441489 121 121 121
-0.786121723 0.582268344 1.62654791 15 32 62
6.0096759 -1.38813083 1.31686454 0 0 0
-1.38217071 0.591612625 1.4808004 0 0 0
4.35429333 -1.63139539 1.29608818 73 77 89
-0.987316074 0.58324093 0.947585912 109 115 122
5.2302125 0.174612085 0.83201494 59 62 72
-1.21355394 0.584562705 1.01914171 0 0 0
4.23734398 0.0492440584 0.778176658 62 65 75
-1.21559818 0.586545053 1.01730834 0 0 0
4.26549381 0.384935778 0.877891446 109 115 132
-3.87857976 -0.952068353 0.000515771605 108 106 106
3.87092474 0.519245642 1.03623565 231 231 231
-0.548603437 0.58282601 1.27416049 124 124 124
4.12362826 0.161871271 0.868376586 0 0 0
-3.18957094 -0.202430925 0.942762201 100 105 120
4.73950789 0.380765739 0.926161798 59 62 72
-3.06535519 0.254077168 0.784723094 111 117 134
5.51749186 0.0655020606 0.629667621 231 231 231
-0.785531367 0.583649314 1.33282592 12 88 38
4.70167703 0.347030335 1.08793558 91 95 110
-1.24039424 0.579163975 1.13850881 143 143 143
-1.24039424 0.579163975 1.13850881 143 143 143
4.07296921 -1.47868711 1.00336497 0 0 0
-0.91879708 0.58174902 1.63205434 41 50 69
3.86184576 -1.58883878 0.998421488 8 8 8
-0.988208903 0.584501173 1.17481778 61 99 70
2.88667366 0.0379863237 1.40514946 9 9 9
-0.553498555 0.585045121 1.27774494 84 86 91
2.88667366 0.0379863237 1.40514946 9 9 9
-2.5747678 -0.0103485382 0.819349988 228 228 228
6.84418168 0.391070409 0.253459144 0 0 0
5.17006713 0.0501127195 0.835381761 59 62 72
3.165934 -0.172119447 1.24599656 0 0 0
-0.557711162 0.587557474 1.12862644 112 118 124
-0.94515101 0.582708597 1.07427661 99 101 105
4.66383181 -1.73960241 1.46249052 231 231 231
3.89002191 0.568347106 1.1433473 21 22 23
-0.763233771 0.583459544 0.950869559 45 49 61
4.10499377 0.181826557 0.870243024 234 234 234
-1.36257646 0.590609818 1.47115797 2 2 2
-1.48307806 0.588201651 1.3324095 28 36 35
-1.71575103 0.588360521 1.21621722 58 60 62
-1.63421219 0.591875036 1.15927632 18 30 21
-1.0327512 0.583031531 1.07340114 89 91 98
5.29181387 -0.28898354 1.16862158 231 231 231
-0.743493582 0.582324633 1.37465635 12 89 38
-5.39677546 -0.925118159 1.09513448 0 0 0
3.88112921 0.520773499 1.04428257 231 231 231
4.11869341 0.284329759 0.862424876 232 232 232
-1.77297022 0.588983749 1.13523709 55 58 58
-3.16880348 -0.178700541 1.23585427 101 107 123
-2.75182064 0.21971713 0.897259912 0 0 0
-2.76582219 0.196191959 0.929841525 0 0 0
-2.28425727 -1.07804506 1.23699925 236 236 236
4.05564369 -0.571504643 1.13487439 0 0 0
4.00082908 0.160997289 0.870181981 0 0 0
-3.42142079 -0.248675592 0.817968532 60 63 73
-1.63827532 -5.99487791 -2.15147514 236 236 236
4.41013188 -1.41012021 0.863064569 108 114 130
-0.953454089 0.583159268 0.96950429 104 115 106
4.04374213 0.261430738 0.857654764 233 233 233
-0.919873837 0.581527049 1.61490741 73 78 88
-1.0802627 -1.29403129 0.516293329 120 126 145
5.67495161 -1.32829749 1.36761326 130 130 130
-1.31976054 0.59008979 1.07575292 0 0 0
5.65572122 -1.29886201 1.29683968 130 130 130
15.1961289 -10.3647284 -5.50247693 8 8 8
9.9349999 -6.50189055 -2.63897772 8 8 8
-0.993754498 -1.1636123 0.969845055 231 231 231
4.29627476 0.402525169 0.88451143 59 62 72
-0.957819121 -0.86676015 0.883959114 88 92 106
5.69477101 -0.224483183 1.46414623 0 0 0
-0.943457004 -1.0604702 0.932724294 0 0 0
-0.949251468 -0.959953218 0.92613159 0 0 0
5.56402179 -1.56350199 0.851606224 231 231 231
-0.953007841 0.582878543 1.25874029 105 106 109
-1.29645615 0.663222748 0.955323844 0 0 0
3.97608223 0.303114155 0.876166078 0 0 0
-0.741289614 0.58261159 1.27977299 19 29 48
-0.782840146 0.582803748 1.07463935 92 95 101
-0.592463696 -1.46684379 1.20244729 130 130 130
-2.55178889 0.16974788 0.662800221 98 103 119
-1.18688671 0.585387707 0.471064545 6 19 43
-0.356129363 -1.70845489 0.91161898 8 8 8
-0.776793569 0.58520005 1.08085065 124 124 124
-1.68412837 0.594138678 1.11263818 4 6 9
-0.695897365 -1.43687085 0.776477647 8 8 8
-0.999187952 -1.7903955 0.850109583 8 8 8
5.7221182 -0.197921348 1.45300169 0 0 0
-2.24232532 -0.959164525 1.23400662 0 0 0
-2.2302617 -1.09930957 1.23184817 0 0 0
-2.68098924 0.280192287 1.06056269 98 103 118
-1.03236698 -0.873998464 0.709497509 72 76 87
6.18809189 2.22574766 -0.182589099 10 10 10
5.31885216 -0.374303947 1.12698624 231 231 231
0.134904123 -2.07193795 0.649087443 0 0 0
-2.68223211 -0.139129419 1.05472748 108 113 130
1.27165696 -1.76176816 0.894618826 231 231 231
1.88769327 -1.52834064 0.65675972 130 130 130
4.04488598 0.174228143 0.875210781 235 235 235
-1.37732501 0.575783806 1.17662832 143 143 143
-2.12861896 -0.923495122 1.24113444 235 235 235
23.9704906 -9.27833322 -6.30421997 60 63 73
4.04488598 0.174228143 0.875210781 235 235 235
-1.37732501 0.575783806 1.17662832 143 143 143
2.22693318 -1.63003405 0.960924519 0 0 0
2.72074572 -1.12781869 1.13443678 0 0 0
-5.23810821 -0.309062702 0.981574422 231 231 231
-0.0471079544 -1.73646913 1.17422338 130 130 130
5.81088261 -1.72570058 1.57861807 8 8 8
5.14326211 0.340030795 0.94334663 109 115 132
-5.52025386 -0.507284419 0.972913977 187 187 187
-2.23948326 -1.00273797 1.22357933 235 235 235
4.84417899 0.403844226 0.985656831 88 93 107
-3.26266281 0.620129386 1.18931268 89 94 108
-0.972868977 -1.3427084 0.918704516 59 62 72
6.23731101 -0.334565528 1.47970315 0 0 0
3.99077098 -0.457080816 1.12865677 228 228 228
-0.721827958 0.580705934 0.980937528 12 90 38
5.37486583 0.519500476 0.992201161 5 5 5
-1.34929354 0.590701674 1.27778417 6 19 43
-1.01078995 0.580705086 1.09462428 124 124 124
5.17285872 -1.0359076 0.804642177 59 62 72
-1.74360195 0.554729927 1.61802131 121 121 122
5.61220546 0.222859337 0.850840334 231 231 231
-1.66296604 0.587426424 1.58488033 75 77 83
6.2152183 -0.347364714 1.47638966 0 0 0
6.16647656 -0.345612107 1.47796695 0 0 0
-5.32105274 -0.678066172 1.01536637 173 173 173
-1.68941933 0.590951733 1.56934387 76 78 85
-3.23805902 0.243281819 1.00533156 68 72 83
-2.22639034 -1.06695029 1.23830857 233 233 233
-1.6300688 0.590488943 1.59937319 8 20 43
-2.22560552 -1.06100058 1.2408164 233 233 233
-3.23139901 -1.273505 1.2971769 80 84 97
-3.06060227 -1.17475813 1.10056773 126 126 126
5.60975327 -0.272717045 1.07600185 231 231 231
-0.721811225 0.583086658 0.888115829 103 105 108
-1.56057026 0.592060018 1.24418524 46 58 56
-1.86143093 0.592093577 1.46215242 77 80 87
4.0254154 -0.533943271 1.12882273 235 235 235
5.19586525 -1.16622643 0.85019594 106 112 128
4.00983648 -0.449046082 1.12869132 235 235 235
-0.49863139 0.586639754 1.14153392 124 124 124
3.96782897 -0.56603274 1.12885091 0 0 0
-0.955308156 0.581123708 1.13332379 15 64 43
5.83183802 -0.313860839 1.4327243 231 231 231
-0.754878532 0.582271324 1.07353749 99 102 105
3.92217574 -1.67103768 1.46511958 60 64 74
-2.87360258 0.771393937 1.07823869 2 2 2
4.06379939 -1.4827431 1.01063252 0 0 0
-1.31401464 0.583119384 1.15103316 142 142 142
4.08394446 -1.4649817 0.964035171 165 165 165
-1.37896445 0.577590629 1.07088154 142 142 142
5.74938881 -0.602904957 1.46108595 59 62 72
-5.31562765 -0.694886174 1.03175938 219 219 219
6.09257481 -0.631091887 1.46272875 0 0 0
-2.66980098 0.289233352 1.10696027 103 108 124
4.04092131 -0.526271563 1.12831619 0 0 0
-1.01981419 -0.852553877 0.631626597 96 101 117
-0.803172889 -0.805791717 0.699314877 59 62 72
-0.96771945 0.588629589 0.976841675 12 90 38
0.0035965775 0.00168844672 1.21159328e-05 0 0 0
-0.723474962 0.58239009 1.34475289 82 86 91
5.52813246 -1.50484775 1.13838517 0 0 0
-0.803307481 0.583024331 1.27721996 61 64 72
2.72202236 -1.13046074 1.13390508 0 0 0
-1.23766783 0.603168847 0.461563377 3 11 25
5.18410354 -1.19191053 0.838053833 72 75 87
-0.737401769 0.582588199 0.962511903 124 124 124
5.84043825 -1.51510679 1.46637761 231 231 231
-0.938891091 0.580732745 1.32361091 112 118 124
4.8571095 -1.67454396 1.47488462 90 95 109
-0.723270056 0.582086197 1.30693403 124 124 124
4.64667255 -1.73570251 1.46715414 8 8 8
5.51222568 -0.306782693 1.06013589 0 0 0
-3.15133214 -0.204122063 1.03642828 80 84 97
5.55702468 -1.12541611 0.887306974 59 62 72
-3.15133214 -0.204122063 1.03642828 80 84 97
6.17111298 -0.702068355 1.4145257 231 231 231
4.44360838 -1.48925587 1.32314663 231 231 231
-0.945134213 0.583127872 1.26217641 124 124 124
2.64406397 -1.05213473 0.977444202 0 0 0
-0.758319836 0.581147722 1.09725267 33 40 54
2.68830819 -0.978937425 1.05165149 0 0 0
4.34447531 -1.51823906 0.846926265 111 117 134
-0.929407539 0.581509895 1.09766335 122 122 123
6.17359593 -1.69512266 1.03593762 0 0 0
-5.8446679 -0.682803606 1.01220345 231 231 231
5.58721889 -1.17325524 0.85194496 231 231 231
5.83482031 -1.13259596 0.16666279 85 79 75
-1.37400591 0.582030996 1.18411756 0 0 0
-0.991180357 -1.2894738 0.915318145 231 231 231
-3.25272254 -1.37619867 1.27860281 231 231 231
4.2693484 -1.14627556 0.81998652 117 123 141
-5.36060963 -0.778993643 1.09986487 0 0 0
5.73854784 -1.1222021 1.45085401 231 231 231
-1.69811768 0.584036926 1.15868774 50 57 58
6.12453688 -0.773974149 1.40894741 231 231 231
5.67304611 -1.53823607 0.871108401 59 62 72
-5.40585913 -0.780136297 1.14519967 218 218 218
-2.23729059 0.645140272 0.615487999 113 119 136
-2.26795685 -0.491202604 1.57900173 235 235 235
4.68555401 -1.13321423 0.824613934 112 118 135
-5.87280576 0.184264128 0.961029768 231 231 231
4.39046879 -1.14323558 0.814428001 113 119 136
-3.07323503 0.759241099 1.26352628 2 2 2
6.10309107 -1.67630316 1.05580983 0 0 0
-0.70954346 0.599895821 1.62074765 0 0 0
4.26414313 -1.08291885 1.60248964 130 130 130
-3.95395106 -0.818245329 0.162638666 70 68 68
-3.60578539 -1.39137564 0.593219588 108 106 106
-0.941323257 -1.00703787 0.878220219 197 197 197
5.65898229 -1.68914618 0.932765148 8 8 8
4.2013426 -1.61648541 1.30917886 93 97 112
-1.04252393 0.580823904 1.58686671 8 25 55
-2.15653081 0.199744904 0.537878669 0 0 0
-2.06038193 -1.56153267 0.571113567 231 231 231
-0.954705119 -1.06345975 0.818026786 0 0 0
4.79253429 -1.62570638 1.2970279 74 78 90
4.16291471 -1.43476052 0.906952962 59 62 72
-1.01560749 0.58194685 1.5076786 69 76 89
-1.71976169 0.584699469 1.14256061 5 5 6
4.83930735 -1.62756212 1.4930656 103 109 125
-2.5529764 0.242261983 0.668702901 75 78 90
-0.979035399 0.583533291 1.33136811 111 117 123
5.66641637 -1.37025707 1.3686154 130 130 130
2.72115043 -1.1296075 1.13533796 0 0 0
-0.756369471 0.585191987 1.09536808 122 123 123
-0.94515101 0.582708597 1.07427661 99 101 105
5.24365447 -0.790768768 1.13116046 59 62 72
-1.45818405 0.59033246 1.32602437 33 38 38
-2.62332442 0.732220084 -0.0111077572 231 231 231
5.14062049 -1.13462709 0.840319876 113 119 136
5.1866529 -1.10607488 0.784708937 231 231 231
-1.41233037 0.591289211 1.36591614 15 20 20
-3.18897453 0.621542917 1.10339545 72 76 87
5.26481321 -0.725745142 1.12212414 231 231 231
5.87417054 -1.21179971 0.161739356 231 231 231
-5.31889562 -0.825276414 0.952659754 231 231 231
4.7342361 -1.130018 0.812675825 59 62 72
5.87348689 -1.18265931 1.31988701 231 231 231
-1.58562703 0.598222229 1.17143316 3 3 6
-1.50678807 0.593566523 1.31948735 27 36 34
4.67300421 -1.10403053 0.839205953 85 79 76
6.18173227 -0.677735906 1.3888881 231 231 231
-1.37822555 0.592504157 1.33985986 13 16 17
5.27188691 -0.709620025 1.12321288 59 63 73
-0.946694874 0.586157104 1.14354532 22 67 47
-1.78254113 0.591355497 1.14923763 3 62 19
3.94143071 -1.67241377 1.47842164 89 94 108
-0.941677591 0.582077118 1.13954522 16 63 44
-1.37940829 0.587897727 1.3181808 7 7 8
5.24791428 -0.777965599 1.13434855 231 231 231
4.09042958 -1.48664722 1.0021969 0 0 0
-0.73970067 0.580781243 0.981290109 30 75 51
-1.62626005 0.590892697 1.20022725 11 13 14
4.70151276 -1.45987861 0.846119647 116 122 140
4.08025789 -1.4791557 1.01278311 0 0 0
-0.719316912 0.583168515 0.979410889 113 119 114
-0.967966247 0.582692763 1.33170136 22 32 52
5.82828225 -1.47828093 1.51359101 0 0 0
5.1830965 -1.13698468 0.808623078 111 117 134
-1.68866334 0.590554651 1.56951387 77 80 86
4.72975229 -1.51075312 0.827230141 59 62 72
-1.38974182 0.587044248 1.00579701 142 142 142
-3.15255842 -0.202153214 0.953625026 100 105 120
6.21382141 -0.645039022 1.46976733 0 0 0
-0.998517856 0.585420811 0.950363517 84 89 97
3.98113525 -1.5145511 1.08721736 0 0 0
-0.996981969 0.584301684 0.951019412 84 89 97
-0.98899866 -1.60721841 0.553260053 84 89 102
-0.927120966 0.582000283 1.3162466 16 26 47
-1.12982142 -1.05456567 0.680040208 0 0 0
5.77725022 -0.362281837 1.47691866 59 62 72
-0.949117099 -1.02996368 0.824129984 197 197 197
5.67498817 -1.30076557 1.33826759 130 130 130
-2.79842527 0.666268031 0.851605072 111 117 134
5.66196704 -1.29770427 1.34111822 130 130 130
-0.939707235 -1.08460117 0.799181337 0 0 0
5.64382384 -1.38505132 1.30879958 130 130 130
-1.56938255 0.591231108 1.23941241 45 57 55
-1.11097144 -1.34893778 0.601104392 75 79 91
-2.3408713 -0.948870553 1.23122445 0 0 0
-2.65686717 -0.140761161 1.1336694 120 126 145
-1.4328065 0.595864574 1.32237993 15 20 21
-1.01095703 -1.29829238 0.916536479 231 231 231
-1.11310924 -1.06056891 0.698742984 0 0 0
-5.69512418 -0.772639328 1.01592816 152 152 152
-1.62147612 0.589531871 1.61547872 122 122 123
3.98204098 -1.51433307 1.08654788 0 0 0
-5.36900551 -0.790468381 0.980152147 213 213 213
-5.33604734 -0.791104149 0.947662221 203 203 203
-2.67059861 -0.153159428 1.07238549 115 121 139
-3.12885064 -0.122088928 1.31132278 0 0 0
-3.31551601 -1.22032967 0.820492713 82 86 99
-3.16660041 0.24211249 1.05701656 68 72 83
-3.49874871 -1.72786097 1.29852846 231 231 231
-4.0808306 0.716467837 1.13558062 0 0 0
-3.35449937 -1.26230412 0.864466287 59 62 72
-1.66109571 0.58647465 1.57116277 72 75 82
-2.38807515 -0.455242045 1.63197542 0 0 0
-1.64290113 0.590374776 1.60468277 111 111 113
-2.28813686 -1.04204568 1.23054552 236 236 236
-2.3111944 -0.977091608 1.23572682 236 236 236
-3.32288457 0.300499424 0.720724696 0 0 0
-2.34410746 -1.1080741 1.23768131 0 0 0
-2.3111944 -0.977091608 1.23572682 236 236 236
-1.63131642 0.594928212 1.24932809 6 11 7
4.81991463 -1.66219127 1.4642795 60 64 74
-0.938499669 0.58200312 1.33395705 109 115 122
-2.11653582 -0.917233751 1.24077755 236 236 236
-1.79678667 0.592686351 1.57420989 71 73 79
-2.3382429 -1.11331468 1.23388177 0 0 0
-1.73065083 0.590334524 1.57464253 73 76 82
5.97974708 -0.372936121 1.46818598 231 231 231
-3.84745127 -1.66560075 0.923226854 8 8 8
-1.44493233 0.587495033 1.25096221 0 0 2
-3.42778316 -1.3732304 1.07475156 8 8 8
-1.67435401 0.592894312 1.5746461 86 88 92
-3.11750864 0.14415392 1.03430435 68 72 83
6.27942422 -0.655138973 1.47622273 0 0 0
-2.60163273 0.0694560372 0.0711351334 0 0 0
2.54007078 -1.66980636 0.955257282 231 231 231
-0.95303824 -0.930196187 0.950291651 0 0 0
-3.42778316 -1.3732304 1.07475156 8 8 8
-1.4173082 0.594969616 1.37404433 4 6 6
-3.16665477 0.202947427 1.05312204 108 106 106
4.75130842 -1.44282786 0.935668563 39 41 48
-0.951683947 -0.939874498 0.806332834 0 0 0
-2.17479935 -1.11787218 1.22983376 0 0 0
-1.72345673 0.589750986 1.6108196 16 26 46
-1.29737449 0.58953002 1.12678859 143 143 143
3.918793 -1.32351171 0.981931455 0 0 0
5.90025039 -0.262332972 1.34271496 8 8 8
-0.953804815 -0.93372464 0.755152068 197 197 197
-5.29685103 -0.846348576 0.999620247 214 214 214
-1.72345673 0.589750986 1.6108196 16 26 46
-3.34514483 -1.20389342 0.819158395 60 64 74
-1.6436185 0.583276905 1.61724481 20 29 49
-2.4062501 -0.944946733 1.22338985 234 234 234
-3.95382173 -1.86588893 1.1226214 2 2 2
-0.993475612 0.5813819 1.26045725 99 102 106
-2.58991671 0.0583921583 0.853785988 0 0 0
5.78754717 -1.74054075 0.874690031 8 8 8
-1.21331188 0.575409794 1.28690425 6 19 43
-2.37849501 -1.09584327 1.22502247 234 234 234
-3.84547677 -1.08436131 0.0322626928 108 106 106
-2.69773412 0.767773466 0.900952438 25 78 38
5.90351927 -1.48094839 1.47638391 0 0 0
-0.721153835 0.582408175 0.888596135 103 105 108
-2.40667809 -0.945858968 1.22348021 138 138 138
-2.7798183 0.782447948 0.852598673 9 9 9
5.58984946 0.217001993 0.861710706 231 231 231
3.95441776 -1.43334761 0.879920944 123 125 133
5.31424824 0.267366778 0.757587382 109 115 132
-1.56054364 0.597154146 1.27271331 16 19 19
1.90011291 -1.57854099 0.70626231 130 130 130
5.64732997 -1.19936444 1.50297866 231 231 231
-1.63186044 0.589680027 1.19637809 57 65 66
5.59262987 0.1981852 0.874238001 231 231 231
-1.61538701 0.588279879 1.60964247 56 59 68
5.93619652 -0.685567638 1.30296151 231 231 231
-0.952362908 0.583053022 1.14082632 124 124 124
5.7294149 0.0701002976 1.49321754 59 62 72
-1.79532128 0.589927672 1.56886737 69 71 79
2.73735166 -1.13151462 1.12978957 0 0 0
-1.84254501 0.590014288 1.46033278 68 72 81
-0.974200339 0.581658857 1.61492281 92 95 101
3.05947732 -0.826964397 0.850751472 105 110 127
-1.72459951 0.586990127 1.22233452 0 0 0
-3.19805596 -1.51812727 1.34053784 115 121 139
5.68702217 -1.32521111 1.33432176 130 130 130
-0.447678181 0.582373779 1.51277794 38 49 68
-1.74645379 0.589059285 1.60473746 113 114 115
-3.88333284 -1.69835616 0.905648908 8 8 8
5.60856593 -0.632615416 1.51391154 92 97 112
-1.61125287 0.59155812 1.25917238 31 40 39
-3.25750127 -0.244842442 0.797327887 74 78 90
0.0290369659 0.688832966 0.378143854 143 143 143
5.24925719 -0.694661748 1.15703302 59 62 72
-2.32903241 0.76594054 -0.0533932738 5 5 5
3.89374583 -1.63143625 1.29587854 74 78 90
-2.23608514 0.707954008 0.986247572 231 231 231
-0.494260396 0.581858034 1.50756192 66 73 86
-0.55314231 0.582356877 1.50716484 67 74 87
-2.85312313 -1.57018469 1.22400012 124 124 124
5.21983718 0.16268318 0.845766417 109 115 132
-1.42560664 0.59235716 1.36635113 34 44 43
-0.493649011 0.581962232 1.50742694 66 73 86
4.03090426 -0.54935093 1.12791324 235 235 235
-2.11113708 -1.62687367 0.971399346 8 8 8
-3.27795164 -1.2263402 0.849951324 59 62 72
5.84885424 0.208841064 1.43867656 231 231 231
-1.38163259 0.592060368 1.3918143 36 47 45
-0.667823598 0.58217891 1.52386967 44 54 74
5.76372571 -1.21996787 1.47107949 0 0 0
-1.37607434 0.591194774 1.39507799 37 48 47
-0.800211932 0.58204809 1.52480308 94 100 111
3.02979873 -1.49064535 1.01978168 0 0 0
-0.949273473 -0.954440702 0.840288965 197 197 197
-2.29554322 -1.04272474 1.23471586 235 235 235
5.65226155 -1.29771562 1.29802146 130 130 130
-1.66996913 0.589215106 1.62526119 21 30 48
-0.723208273 0.582549309 1.50706514 70 77 90
-0.949273473 -0.954440702 0.840288965 197 197 197
-2.08011066 -0.916192892 1.22685981 130 130 130
5.62006014 0.22949184 0.844060543 231 231 231
-1.66996913 0.589215106 1.62526119 21 30 48
-0.946404663 -1.02860484 0.826365314 197 197 197
6.08856542 -1.66581414 1.13164203 151 116 116
-1.00278103 0.580862273 1.31944445 111 117 123
-0.536428566 0.582367207 1.25909822 101 103 107
4.04269254 -0.509498716 1.13488932 0 0 0
5.86429838 0.276681868 1.3477956 231 231 231
-3.57114414 0.764887232 0.88090197 9 9 9
-0.94084073 -1.10119454 0.740955065 197 197 197
5.6610178 -0.409603026 1.50116249 59 62 72
-0.987936794 -1.30272537 0.931428564 79 83 96
5.75391887 -0.193347276 1.35052129 60 64 74
-2.63594703 0.106833277 1.11225201 76 80 92
6.03702605 -1.21925342 1.38107133 0 0 0
-2.97347008 0.120967061 1.07649791 62 65 76
4.37917905 -1.66344867 1.46058893 60 64 74
-0.475807829 0.583130063 1.17349256 49 56 64
2.79970185 -1.17352764 1.32365706 94 99 114
5.64464921 -1.26879837 1.27118607 0 0 0
-1.7439389 0.586950237 1.62563032 104 105 107
-0.921987912 -1.62697521 0.964955023 8 8 8
-1.26512757 0.584574057 1.12646111 0 0 0
-2.93224389 -0.928399266 1.18857405 67 67 67
6.18318873 -0.677498474 1.38905097 231 231 231
-1.83675419 0.58955766 1.60475669 110 111 112
-1.95828633 0.596737047 1.0272519 107 107 107
5.65047293 -1.3530398 1.31463379 130 130 130
-0.945229171 -1.11860139 0.976034577 231 231 231
-1.26512757 0.584574057 1.12646111 0 0 0
0.00632220221 -1.8021721 0.931785842 74 74 74
-0.961726679 0.580375603 1.25986316 91 94 100
2.8552741 0.2312548 0.788188486 0 0 0
-2.01776325 -6.80333709 -2.80102723 236 236 236
-2.55683863 0.000531654915 0.784989332 0 0 0
-1.07390106 -1.30855635 0.479094141 92 97 112
-2.40871906 -1.1056932 1.24870128 236 236 236
-1.21683528 0.596317245 1.04045448 148 148 148
-1.53334737 -1.60497039 0.606292373 8 8 8
-2.55683863 0.000531654915 0.784989332 0 0 0
-1.21566689 -1.16312141 0.733659205 231 231 231
-1.53296434 0.591523454 1.27185472 59 74 71
3.7407914 -0.949943849 1.10550417 40 40 40
-1.00366431 0.582460801 1.2589719 89 93 98
3.9096961 -1.46126396 0.906524234 59 62 72
-1.0343388 -1.66736255 0.624753292 95 100 115
-2.11373394 -1.15580514 1.21445351 235 235 235
-0.840700641 -1.70802176 0.915317326 8 8 8
-1.39735999 0.588474779 1.33820679 43 55 54
-0.232998928 -1.82390722 0.833195284 231 231 231
-5.35384565 -0.727669215 0.956027276 181 181 181
-1.00366431 0.582460801 1.2589719 89 93 98
3.97704879 -1.45903804 0.894863125 166 166 166
-1.00453548 -1.60585245 1.03369202 59 62 72
-1.51867959 0.590741117 1.21238839 11 86 36
-2.28169004 -1.06842407 1.23322364 236 236 236
-5.43337117 -0.709699435 1.12951631 231 231 231
-2.25917987 -1.05795865 1.23340512 0 0 0
-1.79537015 0.590577732 1.62269382 89 91 95
1.99509189 -1.75945471 0.904615707 0 0 0
-2.61240545 -0.117890479 0.904831703 228 228 228
-1.36259892 0.591109752 1.41025098 15 68 25
5.63553617 -0.63707526 1.50101535 91 96 110
-2.25879148 -1.06045148 1.23149214 0 0 0
-1.87275095 0.591940474 1.6042532 119 119 120
-2.06682488 -1.39571072 0.900382678 0 0 0
-1.59876326 0.586869492 1.61819688 6 19 43
6.02370838 -1.66699547 0.8901381 59 63 73
-0.727733151 0.584098452 0.964775072 27 51 50
-1.61093141 0.591529132 1.25923985 30 38 38
5.56626925 0.178671207 0.907242485 231 231 231
-0.838251736 -1.71213867 0.902931046 231 231 231
-5.53993381 0.76416284 0.80187095 0 0 0
-2.06496572 -1.19802267 1.21230776 231 231 231
-2.50376214 -0.998616198 1.19206711 229 229 229
-2.33818395 -1.10534648 1.24073699 0 0 0
-1.38541455 0.590286481 1.50344781 6 19 43
-1.64824757 0.593050173 1.15728259 31 33 34
-2.49178103 -0.100726197 0.826032642 0 0 0
-2.23417314 -1.07969278 1.23201409 236 236 236
-1.70176126 0.589520054 1.23179802 12 87 36
4.34343663 -1.51548045 0.847513575 108 114 131
-2.25567578 0.674098442 0.662792499 5 5 5
-2.23417314 -1.07969278 1.23201409 236 236 236
-1.38425842 0.588432594 1.01166843 0 0 0
-2.17780927 -0.946105787 1.23326728 0 0 0
-1.7964274 0.592305463 1.63215234 6 19 43
-2.11039632 -0.951810879 1.21064102 236 236 236
-4.10961212 -1.82441512 1.20902803 231 231 231
-2.11039632 -0.951810879 1.21064102 236 236 236
-1.67287645 0.589725681 1.63071481 121 121 121
-1.52367044 -1.5742999 0.616148698 107 113 130
-1.67287645 0.589725681 1.63071481 121 121 121
-3.26967564 -0.242086861 0.786449747 74 78 90
-0.687381263 -1.54232127 1.0214017 8 8 8
-1.01366428 -1.58887922 0.976549675 112 118 135
-1.61384033 0.588105563 1.6242402 113 114 115
-1.77683179 0.591082262 1.14465843 11 55 22
5.88347848 -1.76301653 0.845816816 8 8 8
-2.11333139 -1.13138216 1.22761237 235 235 235
2.8409798 -0.724218937 1.77363292 8 8 8
-1.00989287 0.581807414 1.50774416 53 57 67
-1.53391819 0.591723604 1.25965979 44 55 53
5.50947562 0.148867517 0.93579257 59 62 72
-2.23606078 -1.07714288 1.23154236 236 236 236
-2.66114489 0.16153635 0.943431181 109 115 132
-2.37614179 -1.78400041 0.393341774 8 8 8
-0.991168196 -1.34843411 1.02264011 108 113 129
-2.23606078 -1.07714288 1.23154236 236 236 236
-1.63187042 0.590879733 1.17012884 22 24 25
-1.00550031 0.581622797 1.09719066 123 123 123
4.13917531 -1.51386829 1.08765077 0 0 0
-5.27091815 -0.740603746 1.02830273 111 111 111
-0.991761289 -1.62835755 0.956838766 112 117 135
-2.57294501 -0.0664416511 0.819343514 228 228 228
-2.28611631 -1.07903383 1.22590179 234 234 234
-1.0043358 -1.30066197 0.695001306 77 81 93
-1.11310924 -1.06056891 0.698742984 0 0 0
-2.34441243 -1.10432078 1.24135766 0 0 0
-1.52937201 0.593413227 1.25397973 53 61 61
-1.81818301 0.590075686 1.40787356 73 77 85
-2.25582619 -1.05641112 1.23333573 0 0 0
-3.53658701 -1.34646202 0.648710854 108 106 106
-5.40981785 -0.656305091 0.978047114 147 147 147
-1.13365302 -1.01992983 0.6758916 130 130 130
-1.93772638 -1.70211671 0.893583565 231 231 231
-1.70534278 0.593039087 1.15914932 24 27 28
-2.3441244 -0.952619616 1.22969771 0 0 0
-1.93830645 -1.71083392 0.888227244 231 231 231
-2.26112979 -1.05748887 1.23065817 0 0 0
-1.65655705 0.589001316 1.59528161 6 19 43
-2.26112979 -1.05748887 1.23065817 0 0 0
-3.1454919 0.163724955 0.989082033 66 70 81
-2.07661891 -0.910843785 1.22641124 130 130 130
-1.8723755 0.598054363 1.61156911 103 104 106
-2.50093962 -0.478682821 1.68088027 236 236 236
-2.80530713 -0.873228437 1.25142751 127 127 127
-2.62475739 -0.117162286 1.10628598 85 89 103
-2.80530713 -0.873228437 1.25142751 127 127 127
-3.22826164 0.20927328 0.871691149 116 122 140
-1.94579604 -1.71172353 0.455200793 8 8 8
-0.974324127 0.582626527 1.09148159 87 88 93
-2.11137595 -1.1346244 1.22636256 234 234 234
5.65872107 -1.31178125 1.38229788 130 130 130
5.82662072 -1.73156736 0.900019398 8 8 8
-2.10995003 -1.1351485 1.22908884 235 235 235
-3.23199337 -1.24624826 1.13530316 59 62 72
-3.58988256 -1.34205182 0.620925427 108 106 106
-1.01933459 -1.30419432 0.644309326 67 71 82
4.24729868 -1.42976446 0.851459202 106 111 128
-2.74216023 0.738499481 0.86633494 231 231 231
-1.02892987 -1.25287824 0.890273655 231 231 231
-3.24323586 -1.25188126 1.13705525 59 62 72
-3.6411972 -1.61976981 1.1572239 2 2 2
-1.19995712 0.586820199 0.479511254 6 19 43
4.68286888 0.0605512235 0.856320108 59 62 72
-2.49843515 0.764148837 0.905221073 120 121 120
-2.42287972 0.760012218 0.907995869 22 68 40
-2.34005099 -1.11528952 1.23298983 0 0 0
-2.72237334 0.325522847 1.07983807 69 73 85
5.60033337 -0.211500192 1.05373194 59 62 72
-3.53173665 -1.71172382 1.26212295 231 231 231
-1.03700981 -1.27764855 0.593928037 59 62 72
5.1336006 -1.52681926 1.11571712 8 8 8
-2.57911951 -0.0175687764 0.824408782 228 228 228
-1.0282982 -1.32798415 0.970857451 113 119 136
-2.34005099 -1.11528952 1.23298983 0 0 0
-2.18573429 0.240386425 0.585295504 97 102 117
-2.3247121 -1.08206332 1.23469797 0 0 0
-1.69336211 0.590162922 1.58307195 35 41 56
-2.24361011 -1.00133536 1.23034144 235 235 235
5.24021743 -0.814093504 1.16465863 59 62 72
-5.46236857 -0.814799285 0.929805089 231 231 231
-3.70903273 -1.65922062 1.12232308 2 2 2
-2.27971951 -1.05664064 1.23128233 0 0 0
8.23865366 -3.32637872 -2.33754931 117 123 141
-2.28813686 -1.04204568 1.23054552 236 236 236
4.73482726 -1.35534926 0.865429342 105 110 127
-0.947332491 -1.00114879 0.841450399 0 0 0
-3.70903273 -1.65922062 1.12232308 2 2 2
-3.48843753 0.88485615 0.537428714 112 118 135
4.25417652 0.0803822405 0.8471909 59 62 72
-0.769277194 0.582390965 1.42220183 111 113 115
-2.5412616 -0.00957177979 0.738957758 228 228 228
3.40335592 -0.844927133 0.848841297 114 120 138
5.67642074 -1.29960601 1.39674753 130 130 130
-3.31410956 -1.30575524 1.12181031 231 231 231
5.66540057 -1.2970606 1.38070413 130 130 130
-2.67344259 -0.136822617 1.1215149 101 107 122
-0.990006587 -1.28877603 0.924209391 59 62 72
-4.3067815 0.716158186 1.0753319 231 231 231
-1.46910665 -1.60645255 0.520985516 59 62 72
6.21617904 0.169245307 0.323750641 231 231 231
-0.973430698 0.585908565 0.903162241 70 73 79
-2.58237595 -0.200247194 0.771800908 113 119 137
2.9139926 0.0264174261 1.39367012 5 5 5
-2.26160232 -1.0135382 1.23051212 0 0 0
5.63880228 -1.25220761 1.2114584 130 130 130
5.6475696 -1.39675414 1.31678688 130 130 130
-2.23749478 0.700906223 0.0728794571 5 5 5
-2.50486341 -0.094521557 0.626020272 109 115 132
-2.40071812 -0.921976277 1.23769688 236 236 236
-2.23047763 -0.236120569 0.622547679 118 124 142
3.34802147 0.153206099 0.832748105 115 121 138
-2.10324713 -0.915221083 1.20443102 67 67 67
-2.26661063 -1.0360368 1.21645952 0 0 0
2.93626389 0.241806325 1.25817583 59 62 72
5.21793875 -1.48509887 0.934627842 231 231 231
-1.77069307 0.594696847 1.28711548 31 35 45
-2.55949296 -0.0847382234 0.784283343 0 0 0
-3.36167679 -1.32964557 1.09605692 8 8 8
-1.69974726 0.590111977 1.58351356 87 89 93
-2.17659071 -0.950829207 1.23584083 0 0 0
4.72444501 0.105009811 0.857626007 110 115 132
-1.80005193 0.593150534 1.12265995 1 2 6
-2.53392235 0.0330595962 0.7262231 0 0 0
6.24587076 0.227856787 0.23571034 231 231 231
1.99793138 -1.35846183 0.961512258 100 105 121
-0.937277105 -1.08079212 0.80358447 0 0 0
-2.10893275 -0.944861076 1.22288948 129 129 129
-1.86023033 0.591181255 1.62488898 119 119 120
-3.16414824 0.203696895 1.05319247 108 106 106
4.64657557 -1.68421717 1.47332689 107 112 129
-0.948510012 -0.995601066 0.810649567 0 0 0
-2.29963102 -1.08120701 1.24054527 0 0 0
-2.60573536 0.0450920473 0.889269891 228 228 228
4.32500724 0.380564051 0.976280969 84 89 102
4.63030818 -1.59963082 1.34103872 231 231 231
-2.85270088 -0.931435586 0.666081298 0 0 0
-2.7620869 0.212309389 0.912515748 0 0 0
-0.302118876 -1.70296425 1.1886207 104 104 104
-0.994592788 0.581448852 1.16704304 123 123 123
-3.05158081 -1.42893485 1.13656478 231 231 231
-1.6436185 0.583276905 1.61724481 20 29 49
-2.07299548 -1.6048838 1.22918366 127 127 127
6.23098754 -1.17241716 1.35376262 0 0 0
-1.39929555 0.594206454 0.954335146 143 143 143
-0.0371101444 0.00376789641 -0.0100468477 0 0 0
-0.680755612 0.583631453 0.887635522 101 103 107
-2.34013725 -0.940094383 1.23783704 0 0 0
-0.749280496 0.582778018 1.25854198 95 97 102
3.90365941 0.464256288 0.834521174 5 5 5
4.34953507 -1.6290122 1.29633738 74 78 90
-0.967394779 0.584764872 0.990880883 122 123 123
-0.772761636 0.582417182 1.362555 22 81 44
4.63905255 -1.10038042 0.829036264 59 62 72
3.045214 -0.00507895782 1.00686659 0 0 0
-1.04489846 0.58176923 1.52915897 14 25 47
-2.33598788 -0.966217773 1.22907875 0 0 0
-0.568524731 0.581892216 1.50726864 73 80 92
-0.947894251 -0.969227439 0.856796838 0 0 0
5.26410494 -0.976146515 1.10624791 131 128 128
5.54500553 -1.12471427 0.871610021 231 231 231
-2.08372585 -1.57027848 1.21203072 127 127 127
5.27055342 -0.020119878 0.748020416 231 231 231
-2.15600163 0.673287213 0.0675007143 231 231 231
-0.983415615 0.582197576 1.09780666 121 121 122
-1.42187997 0.584206641 1.28883737 38 39 39
-0.680869251 -1.45557099 0.714142943 8 8 8
-2.11319241 -1.12635913 1.22901878 234 234 234
-2.89628175 0.759163798 1.00416126 27 27 27
-0.896486949 0.583327083 1.07305443 92 95 100
5.23593063 -1.45671718 0.803915655 86 91 104
-0.941323257 -1.00703787 0.878220219 197 197 197
-2.17228 -1.12200711 1.23013335 0 0 0
-1.11587589 -1.02723831 0.674956275 0 0 0
5.75025724 -1.24308429 1.46792212 59 62 72
-0.946650457 -0.925097642 0.956760345 0 0 0
5.62654968 0.221429702 0.871596129 59 62 72
-0.546309558 0.583873771 1.13089529 109 116 122
-1.4457991 0.593075086 1.39130146 0 0 0
5.67571381 -1.31509794 1.39641675 130 130 130
-0.978252547 -1.68425206 0.917701666 231 231 231
5.6030921 -0.193377267 1.52199183 59 62 72
-3.25221672 -1.60016079 1.00733364 64 67 78
-1.02054504 0.583185245 1.07356748 100 102 106
4.26544402 0.0371936337 0.838456712 59 62 72
4.14075956 -1.64470815 1.49106542 0 0 0
-3.62523159 0.642832634 1.20797608 231 231 231
-2.5649037 0.246266897 0.63108137 0 0 0
4.0253572 -1.4851088 1.04294229 164 164 164
-5.15787733 -0.318974887 0.91616064 105 103 103
-1.04132191 -1.29332637 0.531891486 59 62 72
-2.62922447 -0.134767905 1.15114669 118 124 142
-2.99180857 0.775779477 0.922532422 231 231 231
-2.11238395 -1.13526101 1.22426822 235 235 235
-2.68239539 0.519651383 1.08463132 231 231 231
-3.17498511 -1.20463299 1.23774419 59 62 72
-2.95857936 0.762215968 0.919988854 9 9 9
-2.17215562 -1.12497342 1.22717602 0 0 0
-0.108796301 -0.0798530092 0.00503862463 235 235 235
-2.82739605 0.742907057 0.957216566 231 231 231
-5.41101328 -0.831469226 0.950549981 182 182 182
-1.94804855 -1.71354564 0.89700069 8 8 8
-2.1956035 0.623368931 0.574720751 92 97 111
4.23246077 -1.34087571 0.876467115 59 62 72
-0.984537671 0.582261466 1.07421821 101 103 107
4.35300939 -1.40985452 0.874362494 109 115 132
-2.40254045 -1.17695177 1.20963663 235 235 235
-1.39239855 -1.51671157 1.05451758 8 8 8
-3.32955225 -1.32532826 1.09923562 59 62 72
-2.2811283 -0.93812556 1.30894221 235 235 235
-1.73169958 0.591321711 1.10966206 67 90 76
-2.66564726 -0.141388177 1.0620969 76 80 91
-1.00097092 -1.5261486 1.04540311 5 5 5
-2.26280924 -1.05834399 1.22541115 0 0 0
5.76665883 -1.18888561 1.35037108 59 62 72
5.61076006 0.188104466 0.982225047 204 204 204
-3.20505798 -1.25485153 1.22685665 98 103 118
-2.33786729 -0.949090883 1.23471044 0 0 0
-1.81664908 0.590401413 1.630385 123 123 123
4.33277128 -1.13614929 0.784834675 59 62 72
-0.984537671 0.582261466 1.07421821 101 103 107
3.95534662 0.313997618 0.865011567 234 234 234
-2.50093962 -0.478682821 1.68088027 236 236 236
-0.695897365 -1.43687085 0.776477647 8 8 8
-0.247770809 -1.70155015 1.03435238 130 130 130
-2.87194992 -0.916423139 0.653639154 67 67 67
-1.64632091 0.592727653 1.23872646 31 40 39
-2.3356146 -1.1033345 1.23945665 0 0 0
-0.795087531 0.573261218 1.26042289 124 124 124
-2.28818475 -1.02654126 1.24143755 236 236 236
5.75605425 -1.57910655 0.813656626 0 0 0
1.48151022 0.517510898 0.81957892 59 62 72
4.06070657 -0.5221196 1.12815556 236 236 236
-0.553116004 0.582054142 1.50728164 69 76 89
-0.966433137 -0.91532 1.00807077 197 197 197
-3.31705436 -1.30930427 1.12009756 231 231 231
-2.06530833 -1.57505976 0.573723109 231 231 231
-2.12501437 -1.63133917 0.96795995 8 8 8
0.0919763294 0.639430909 0.414846564 143 143 143
-1.87177454 0.575428476 1.40850801 6 19 43
-0.935367776 0.582931233 1.07319627 94 97 102
-3.07485771 -1.48004357 1.1412784 231 231 231
-1.66107652 0.59245593 1.23040429 26 33 33
-2.07889593 -0.92827632 1.19393587 67 67 67
-0.9674866 0.582480715 1.34879995 15 90 39
2.60041471 -0.831495049 0.870608833 116 122 140
5.54588795 -0.79609811 1.43072506 59 62 72
-1.47287442 0.589215433 1.31635399 30 35 36
5.79916243 -1.78268247 0.832111743 79 83 96
-2.83052057 0.126688852 1.05140658 108 106 106
-1.96483616 -2.61087977 -0.0457867009 236 236 236
-1.83033809 0.590907982 1.23282211 75 77 80
-0.962280185 -0.902466007 1.00603777 100 105 120
-2.34103754 -0.947278462 1.23320113 0 0 0
-5.3290867 -0.78942445 1.16323428 231 231 231
-2.22744769 -0.245914973 0.606675993 67 71 82
-2.1782664 -0.965933314 1.22466954 0 0 0
-1.16438615 -1.64234756 0.603738655 0 0 0
-1.00588003 0.58160723 1.5992804 77 81 90
-2.29650337 -0.947393527 1.2164048 221 221 221
5.612347 -1.18916978 1.51818132 231 231 231
-2.69247084 0.73005043 0.867910904 231 231 231
-1.94806395 -1.71851293 0.893871742 8 8 8
-1.74216421 0.586763044 1.10588336 0 1 1
4.15933796 0.156732054 0.859981502 0 0 0
-0.734669075 0.585493536 1.18510194 10 22 45
5.64626645 -1.61199856 0.861012958 231 231 231
-3.55799947 -1.7678094 1.27559455 231 231 231
-1.32297894 0.588954749 1.3508904 8 31 15
-2.81283571 1.10560673 1.40216119 22 30 48
-2.27569598 -1.07210655 1.23512483 233 233 233
-2.17559159 -0.972370472 1.21455481 0 0 0
-3.04376417 -0.184770046 1.0417736 65 68 79
3.93489009 0.332263957 0.862249512 235 235 235
-5.58067195 -0.414304686 1.01092666 212 212 212
-2.11653582 -0.917233751 1.24077755 236 236 236
-1.86226034 0.592188966 1.57538652 69 71 78
-1.53168399 -1.60601558 0.59710967 231 231 231
-2.3018406 -1.04554682 1.23340223 235 235 235
3.84031116 -1.47221739 0.818600894 59 62 72
-2.35815088 0.731774192 0.902593239 9 9 9
-1.35480534 0.592161891 1.32074911 74 77 79
3.95732976 -1.45413101 0.888647013 59 62 72
5.65649342 -1.36741631 1.3711563 130 130 130
5.66341057 -0.217565624 1.50231601 0 0 0
-2.98273239 0.323266135 0.866207268 61 65 75
5.63665685 -1.44150918 1.21118823 130 130 130
4.23882788 1.60208626 0.350990379 27 44 31
3.05616333 0.0371782817 0.962665702 0 0 0
-0.534369384 0.583482886 1.12284903 12 49 43
-2.059495 -1.56450993 0.576828831 8 8 8
2.36307749 -1.81612715 0.0351607544 124 124 124
5.82549092 -1.71745813 0.63025205 231 231 231
-0.967502452 0.582468927 1.34884665 15 90 39
3.04471184 0.0217656406 1.02962846 228 228 228
-0.993237398 -1.3025431 0.721968893 78 83 95
-1.93788575 -1.69739694 0.91762524 231 231 231
5.45125724 0.138481572 0.9773625 59 62 72
-1.74056609 0.595174013 1.11458869 32 55 38
-1.0183874 -1.225607 0.617382649 85 89 103
5.67495161 -1.32829749 1.36761326 130 130 130
-0.680869251 -1.45557099 0.714142943 8 8 8
-2.57021463 0.247080011 0.628227069 0 0 0
-2.88308634 -1.21489368 1.22119988 8 8 8
2.94624791 -1.07523236 1.37589457 8 8 8
-0.763516215 0.582905866 1.33527248 68 74 84
-4.57440411 0.653247799 1.13055039 231 231 231
-0.806127428 -1.75909788 0.396972757 0 0 0
2.07604636 -1.69344289 0.253911011 0 0 0
-2.18205891 -0.9633185 1.22896809 0 0 0
6.2573534 -0.631712391 1.45519362 0 0 0
-0.951904902 0.58424325 1.27703962 124 124 124
3.04351049 -0.0735360417 0.966055968 0 0 0
-3.05757044 0.235679501 0.995200368 70 74 85
-3.86209955 -1.67593069 0.90709702 231 231 231
-0.929338112 -1.65086819 0.952028257 8 8 8
-2.57911951 -0.0175687764 0.824408782 228 228 228
-0.948047134 -0.927137629 0.796854714 0 0 0
-2.17169095 -0.981589669 1.2059067 0 0 0
-5.41940238 -0.991014421 1.16646781 141 141 141
3.98402955 0.149093994 0.869697059 0 0 0
-0.734669075 0.585493536 1.18510194 10 22 45
3.97947039 -0.555250161 1.13842551 0 0 0
-2.55003832 0.69558074 0.591307248 5 5 5
3.84991196 -1.74462377 0.881353404 0 0 0
1.97128741 0.420441356 0.946602463 130 130 130
-2.17559159 -0.972370472 1.21455481 0 0 0
-0.989953467 -1.63215498 0.983249127 59 62 72
4.10223231 -0.418310782 1.12471047 0 0 0
-4.2195256 0.686097672 1.16839303 98 103 118
-2.30726637 -0.982522025 1.23269462 235 235 235
2.61929009 -1.10791531 0.936510463 0 0 0
-0.553116004 0.582054142 1.50728164 69 76 89
-2.36667596 -1.75687776 0.427508533 11 11 11
-2.40352893 -1.13472939 1.22714188 234 234 234
5.83644755 0.308941012 1.35819317 90 95 109
-2.22915895 -0.995183706 1.24843552 0 0 0
-0.00308391989 -0.161706703 0.0854856327 0 0 0
5.65810805 -1.30523314 1.3312675 91 91 91
-5.13854139 -0.318029082 0.0102389554 105 103 103
3.08046851 -0.0865307118 0.907782672 228 228 228
-0.953037819 0.582947807 1.25869648 106 107 110
-2.059495 -1.56450993 0.576828831 8 8 8
0.557349166 0.763941273 -0.0799903599 22 21 21
-0.976095527 0.58929191 1.16556728 86 92 92
-3.13159544 -1.16690473 0.931587959 0 0 0
4.0400438 0.33511843 0.843153425 0 0 0
-2.56327771 -0.00711313372 0.792301858 0 0 0
-0.721304793 0.582638209 1.18646452 42 95 55
3.95749104 -1.63519988 1.49354238 0 0 0
-0.944942206 -1.02827754 0.926511786 197 197 197
-4.71775516 0.693746852 1.11872576 0 0 0
2.00469033 -1.40383249 0.806031732 0 0 0
-0.805486441 0.584538131 1.27937655 62 65 74
2.78308448 -1.63166014 1.32001389 94 99 114
5.64464921 -1.26879837 1.27118607 0 0 0
-1.81569018 0.589871194 1.63054505 121 121 122
-2.403681 -1.14188217 1.21975082 235 235 235
-5.00549004 0.750541212 0.920652297 0 0 0
-1.0282982 -1.32798415 0.970857451 113 119 136
-2.56348389 0.000340584259 0.801987782 0 0 0
0.103080079 -0.144908918 -0.00361399259 236 236 236
-0.517371272 0.583698589 1.11638665 124 124 124
-1.04902349 -1.76640984 0.480190576 0 0 0
-1.79348428 0.586322083 1.63242104 7 20 43
-2.00045121 -1.77978118 0.858549539 9 9 9
-3.63890572 -1.74691983 1.15195284 231 231 231
5.68898534 -1.2720405 1.42187508 0 0 0
-0.715816328 0.580873049 0.899053675 124 124 124
-2.31037179 -0.994489489 1.23327331 236 236 236
-2.71790949 -0.911091425 1.20236984 67 67 67
9.4358796 -3.41921755 -2.50316189 114 120 138
-2.01776325 -6.80333709 -2.80102723 236 236 236
-2.56970443 0.000891101762 0.799267366 0 0 0
-0.946819652 -1.10022731 0.739902685 197 197 197
-2.40871906 -1.1056932 1.24870128 236 236 236
-1.72821945 0.587483718 1.14154662 4 5 6
-1.29099587 -1.51042702 0.730035331 0 0 0
-2.66063181 0.10984578 1.06282286 112 117 135
2.91013852 -0.158449248 1.35064569 106 111 128
-2.54149759 -0.00954920552 0.738792085 228 228 228
-0.71371345 0.582250478 1.1688539 16 27 48
2.78585172 -0.860309953 1.26533749 79 84 96
-3.66759934 -1.2263337 0.781960812 36 38 45
-1.80454604 0.589377078 1.56392329 6 19 43
-2.21904014 0.206077994 0.614182122 63 67 77
-2.11673355 -1.12982753 1.22157618 235 235 235
-0.0940585881 -0.025003572 -0.00324824374 235 235 235
2.70515521 -1.04727272 1.30277987 0 0 0
-2.05762551 -1.23851196 1.19869833 8 8 8
-3.71911022 -1.86608308 1.21173518 231 231 231
-1.67435401 0.592894312 1.5746461 86 88 92
-2.08752381 -1.5646855 1.20735261 127 127 127
3.99994225 -0.480096777 1.12895857 0 0 0
-1.78196529 0.593129907 1.11241931 1 2 5
-1.2943151 0.591933681 1.05657758 143 143 143
4.03942163 -1.47016506 0.980941809 164 164 164
5.59102304 -0.676951313 1.41029322 59 62 72
-1.39013667 0.590930862 1.37332282 56 71 68
-0.989764855 -1.1833541 0.950043117 113 119 136
-1.67651903 0.591024377 1.20237102 27 31 32
4.78673999 -1.49150213 0.855474682 112 117 135
-2.98694242 0.594761082 0.998118121 231 231 231
-2.40075406 -0.910750121 1.24488647 236 236 236
-2.45036615 0.794405179 0.900708685 231 231 231
3.96652436 -1.49399148 1.10393051 0 0 0
-1.41552653 0.602082845 1.10835168 142 142 142
-2.59790648 0.709844306 0.0118597939 0 0 0
1.24591311 -1.80371361 0.841631864 8 8 8
5.68322824 -1.32703294 1.37323901 0 0 0
-1.747699 0.589355314 1.61039128 37 43 57
-2.2766271 -1.07419889 1.23251184 232 232 232
-1.23952621 0.613073682 1.25799422 0 0 0
-0.536471533 0.582725458 1.25891911 101 103 107
5.86429838 0.276681868 1.3477956 231 231 231
-1.62563279 0.588355929 1.61129616 12 23 44
3.95462044 -0.430887388 1.13280763 0 0 0
-0.745556377 0.584165779 0.905676681 76 79 85
-1.00197315 0.579769765 1.32006743 111 117 123
-1.63968895 0.590788409 1.19102233 60 68 68
5.88643318 -1.76214661 0.827529745 8 8 8
-0.0471079544 -1.73646913 1.17422338 130 130 130
-3.50510473 -1.29125419 0.677574067 108 106 106
-1.23976317 0.588339779 1.14986491 0 0 0
-0.731292732 0.582552676 1.08268051 122 122 123
-2.11465446 -1.15150575 1.20762816 235 235 235
-2.34466979 -1.10585885 1.23896637 0 0 0
-0.724163648 0.582786464 1.33565761 78 83 90
4.14182648 -0.399445699 1.13010365 229 229 229
-2.336724 -1.10592349 1.23601424 0 0 0
-0.988253806 -1.38999747 0.971877763 231 231 231
5.70022348 -0.220936584 1.41489036 85 89 103
-0.094338602 -1.69283076 0.922134443 8 8 8
5.31885216 -0.374303947 1.12698624 231 231 231
-1.08348563 -1.10819739 0.775819229 0 0 0
-1.39945331 0.590338244 1.33718243 41 52 51
-2.07750083 -1.53619062 1.23544132 127 127 127
-0.738421775 0.583739562 1.09067558 71 74 80
4.10499377 0.181826557 0.870243024 234 234 234
-2.64808023 -0.185232443 0.936879021 111 117 134
4.12362826 0.161871271 0.868376586 0 0 0
-2.10701249 -1.65100318 0.953356206 8 8 8
6.06571681 0.449973238 1.13190463 231 231 231
-1.67223913 0.590839271 1.61039743 31 37 53
-2.31130638 -2.40303996 0.387244495 235 235 235
-1.79234723 0.58629283 1.60629954 122 122 122
5.2446242 -0.765158496 1.16116902 59 62 72
-0.550572931 0.583772357 1.07259073 104 106 109
5.07015205 -1.5817627 1.32343855 231 231 231
-2.61333887 0.0775270611 0.914014307 228 228 228
5.12005828 -1.61513832 1.30370511 231 231 231
5.88643318 -1.76214661 0.827529745 8 8 8
2.02623245 0.340262808 1.09513618 130 130 130
-2.17368519 -0.947223851 1.23447203 0 0 0
-0.323222153 -1.76794214 0.870179412 8 8 8
6.19031007 -0.686468367 1.39729894 231 231 231
-1.05912097 -1.26573848 0.553665742 118 124 142
-2.17363952 -1.13259775 1.22023966 0 0 0
2.72115043 -1.1296075 1.13533796 0 0 0
-0.946317909 0.578005944 0.892999318 100 102 106
5.11851647 -1.47423397 1.02668056 231 231 231
-2.28241643 -1.0544411 1.23412233 0 0 0
-1.84232317 0.590232301 1.43628365 8 21 44
7.78087068 -1.95357058 0.702306668 130 130 130
-3.21972443 -1.26166984 1.21874911 98 103 118
-3.28896299 -1.26436408 0.924969754 97 102 117
-1.22340379 0.587057701 1.02107314 0 0 0
5.16646528 0.0449092684 0.833869586 59 62 72
-2.29244511 -1.04079306 1.23197725 235 235 235
5.47253633 0.0292227293 0.924749988 59 62 72
-0.519821363 0.605796647 1.3485526 124 124 124
3.04036847 -0.19875895 0.953097357 110 116 133
-2.10520954 -1.65017835 0.953856112 8 8 8
-2.08838668 -1.55814011 1.20029446 126 126 126
5.20896299 0.146524592 0.845715808 107 112 129
-1.63909185 0.580164077 1.62349839 11 22 44
-2.31130638 -2.40303996 0.387244495 235 235 235
-1.82586624 0.587462321 1.61619709 122 122 123
5.61425985 -1.41626174 1.51109058 59 62 72
-1.66883668 0.597226553 1.60313023 13 24 45
5.81795197 -1.73740575 0.637995688 3 3 3
-1.4595929 -1.65849116 0.5152464 107 113 130
42.4973475 -30.3776308 -20.296585 0 0 0
-0.973186692 -1.29820883 0.659311119 231 231 231
-1.61128362 0.591403504 1.59366751 6 19 43
7.78087068 -1.95357058 0.702306668 130 130 130
-0.850503824 -1.65269125 1.0039432 231 231 231
-2.10436128 -3.15039718 0.0282339546 235 235 235
-3.09805544 0.258722415 0.950141953 53 56 66
3.85593984 -1.56897516 1.01221734 8 8 8
-0.757308238 0.584937172 0.886369703 106 108 110
-2.58462912 -0.090499646 0.841862941 0 0 0
3.87121562 0.513285867 1.01784574 5 5 5
1.98106524 -1.74886525 0.91888315 0 0 0
-2.29244511 -1.04079306 1.23197725 235 235 235
5.54443259 0.160834768 0.922453546 231 231 231
5.22229999 0.198115467 0.850653403 112 118 135
-1.63909185 0.580164077 1.62349839 11 22 44
-1.93681268 -1.72975705 0.87691304 231 231 231
-2.40652857 -0.214021503 0.621301769 117 123 141
4.20681514 0.572046556 1.2593016 89 94 108
4.58941692 -1.6269226 1.47755219 59 62 72
-2.63050933 0.0472714149 0.0141962848 0 0 0
5.88922118 -0.340832772 1.44850456 59 62 72
-1.39613593 0.588397589 1.01663344 142 142 142
-1.05005825 -1.77979615 0.452023225 114 120 137
3.95359439 0.312496177 0.865457748 234 234 234
-2.58972046 0.0556804515 0.851301064 0 0 0
-0.762303043 0.582548076 1.32785156 82 87 95
-1.64855763 0.590206605 1.35684354 25 30 42
5.57876012 -1.16638703 0.854854662 231 231 231
-2.2963756 -1.02404071 1.22735533 0 0 0
-2.88264502 0.801750293 1.07830306 231 231 231
-5.40397128 0.754412996 1.05335345 0 0 0
4.69492634 -1.45744105 0.854527478 117 123 141
-1.07020724 -0.853219415 0.483060758 92 97 112
-2.10943669 -1.15681744 1.21399618 235 235 235
3.87872917 -0.602665419 1.12728846 233 233 233
-0.757308238 0.584937172 0.886369703 106 108 110
-2.58400354 0.0422864989 0.840863005 0 0 0
4.32036647 -1.4832568 0.854779966 109 115 132
-2.2554581 -1.01101615 1.22867798 0 0 0
-0.723205112 0.582540783 1.50708678 70 77 90
3.04556899 -0.00507860196 1.00703459 0 0 0
-1.02348674 -1.29102864 0.623874379 87 91 105
-3.2315997 -1.5288736 1.28685506 231 231 231
5.7305261 -0.313776147 1.38290706 59 62 72
-1.76796254 0.589312583 1.60522198 117 118 119
-2.34255723 -1.12821432 1.22419333 0 0 0
-2.63342943 0.0441104257 0.00876964709 231 231 231
2.91291632 -0.198660574 1.25937223 82 86 99
4.14978267 -1.53788763 1.14882791 165 165 165
-0.938910799 0.581071798 1.2843372 123 123 123
-3.16659534 0.242935651 1.07288123 61 64 74
0.475854699 -0.996959019 1.26396611 0 0 0
-0.0842835204 0.0638935868 -0.010606588 235 235 235
-0.95510842 -0.977306987 0.818934373 197 197 197
6.11477705 -1.21195716 1.26459287 0 0 0
-1.43131483 0.590920511 1.27331193 18 20 19
-2.06592887 -1.50001645 1.21803537 80 80 80
-3.11155291 -1.4572653 1.06147009 231 231 231
-1.93788575 -1.69739694 0.91762524 231 231 231
2.65652044 -1.08009683 1.00171968 0 0 0
-2.61142529 0.598542558 1.00256702 90 95 110
-2.11086809 -0.92918939 1.2344126 236 236 236
-2.63838817 0.0815895449 0.903961459 228 228 228
-1.22038147 -1.72807186 0.520806106 113 119 136
-0.769235176 0.582848316 1.27668241 64 68 76
5.2338788 0.176247182 0.831469609 59 62 72
-1.84232317 0.590232301 1.43628365 8 21 44
5.26596013 0.210040086 0.816132657 59 62 72
-2.31235103 -0.986522726 1.22938488 235 235 235
4.41103352 0.56466708 1.4919357 0 0 0
-0.776269723 0.582385015 1.07350959 93 96 101
-1.01519858 -1.60361054 0.973088131 112 118 135
-3.15390465 0.165304122 1.12216656 71 75 87
-0.942998897 -1.12146457 0.953759383 231 231 231
5.70297167 -1.27359651 1.42068498 0 0 0
-0.796614502 -1.76457767 0.956311467 8 8 8
0.0919763294 0.639430909 0.414846564 143 143 143
-0.998147726 -0.828646651 0.615325341 59 62 72
-2.38807515 -0.455242045 1.63197542 0 0 0
-1.6137583 0.588670364 1.60540435 117 117 118
5.8474268 -1.76882827 0.881558105 231 231 231
-0.729345154 0.582915644 1.25888707 95 98 103
-2.33814642 -0.945664484 1.23615271 0 0 0
-0.950912334 0.582081547 0.888625266 104 106 109
-0.811724481 -1.6015543 0.972810321 231 231 231
-2.28180767 -1.06916523 1.23090461 0 0 0
-1.18878565 0.586986659 1.25495103 6 19 43
-2.04729813 -1.3176659 0.779342333 231 231 231
-0.275515836 -1.70392936 1.04159324 0 0 0
5.5938162 -1.43315808 1.22250917 130 130 130
-2.11419998 -0.930034009 1.23243384 236 236 236
-2.42569431 0.65592798 0.630181706 112 118 135
3.95894958 -1.54203504 1.14786662 164 164 164
-0.989558108 0.58223887 1.0924817 80 82 87
-3.2016785 -1.54939563 1.26733054 107 113 129
-2.87815651 0.750035084 0.999773978 231 231 231
-2.11419998 -0.930034009 1.23243384 236 236 236
-1.4664694 -1.63364528 0.509482836 231 231 231
-2.55377489 0.772383245 0.887964509 7 20 42
2.05132632 -1.64154074 0.982622966 59 62 72
-0.0949374378 -0.776831533 1.50250069 0 0 0
-2.23059962 -0.987952685 1.22751604 236 236 236
-0.230503781 -1.70285151 1.02181118 130 130 130
3.84162944 -1.3669906 0.856848676 105 110 127
-2.59974841 0.0567985838 0.060355716 0 0 0
-3.27560743 -1.23817405 0.930722536 86 91 105
-0.954380864 -0.944643127 0.994654332 197 197 197
-3.12529254 -0.128001438 1.28013231 79 77 77
-2.90323538 -0.917435838 0.900360068 0 0 0
-0.901110213 -1.66222164 0.933380837 8 8 8
-4.24060221 -1.01831402 -0.0649947987 108 106 106
-0.461263647 0.589322058 1.07013526 104 105 109
5.20193464 0.0805514254 0.829028944 75 79 91
-0.943925998 -1.08514577 0.955929152 0 0 0
5.79168003 -1.73072496 0.885435344 8 8 8
-2.17482962 -0.950071732 1.23408429 0 0 0
-3.15362378 -0.154986727 1.27411282 84 83 83
-1.1052827 -1.49711402 1.07012445 59 62 72
-2.12972447 -0.878581249 1.20533712 67 67 67
-1.01545017 -1.58825648 0.976356646 112 118 135
2.33901115 0.583905045 1.21460318 26 27 27
-0.356129363 -1.70845489 0.91161898 8 8 8
-0.782655814 0.582501056 1.07470957 97 99 104
-3.0922048 0.759956955 1.00652542 6 6 6
-2.22771175 -0.971535895 1.24024106 234 234 234
-1.740961 0.586726862 1.58561834 73 75 82
-2.28153918 -1.06869883 1.23348499 236 236 236
-1.01277858 -0.870877807 0.620087985 68 72 83
-1.12708287 -1.02534696 0.682019287 0 0 0
-1.0034445 -1.62030935 0.959427257 112 118 135
-0.712710854 0.58366435 0.887560193 93 96 101
-1.4280214 0.590409798 1.36484799 29 37 36
-0.895586329 -0.885030828 0.897113965 89 94 108
-2.2594526 -0.999921653 1.23605981 0 0 0
-2.34377144 -0.951649801 1.22955321 0 0 0
-1.58516046 0.592629313 1.27414017 30 39 38
-3.23110438 -1.52865944 1.28705063 231 231 231
-0.866405868 -2.07745936 0.638296461 8 8 8
-1.01079722 -1.68471053 0.932780363 8 8 8
4.64552489 -1.49608366 0.870653518 59 62 72
-0.71371345 0.582250478 1.1688539 16 27 48
-2.32967213 -1.10510672 1.24359194 233 233 233
-1.56468564 0.589838132 1.28608004 30 38 37
-1.94755048 -1.69293633 0.469468629 8 8 8
-1.29678563 -1.55570661 1.02436312 0 0 0
-3.36781055 -1.36916138 1.23525027 231 231 231
-0.815255064 -1.59456186 0.994773779 8 8 8
-1.34208927 0.595491093 1.41165281 2 3 3
6.0501227 -1.20127081 1.28329866 0 0 0
-1.43226986 0.594934407 1.29253407 54 57 57
-3.23786593 -1.3353078 1.27214586 231 231 231
-1.99156887 -0.123438042 1.78133259 8 8 8
-1.99156887 -0.123438042 1.78133259 8 8 8
7.75115068 -3.99539898 -1.56554251 231 231 231
-3.80224221 -1.96010955 1.19302998 0 0 0
5.77686342 -1.72009399 0.63057034 231 231 231
-0.981563627 -1.21069716 0.727636004 65 68 79
-3.08954577 0.345443999 0.848411451 24 25 30
6.13055651 -0.697647933 1.41347895 231 231 231
-1.05392125 -0.930032038 0.831182878 0 0 0
-0.955032736 -1.3060511 0.91506525 98 103 118
-3.0492243 -1.42770717 1.1376581 231 231 231
-2.55806513 -0.228195606 0.60433467 104 109 125
5.35861488 -0.324871773 1.08021306 62 66 76
5.66961703 -1.30202051 1.29352632 130 130 130
-2.08075801 -1.60826866 1.20210523 126 126 126
-2.49445876 -0.120655274 0.653163698 171 171 171
6.05513257 -0.272753863 1.41841855 59 62 72
5.64095643 -1.39406717 1.31792468 130 130 130
-3.55592017 -1.34792823 0.639281653 108 106 106
-0.272433181 0.711730266 1.08408626 57 57 57
-1.48761612 0.591305302 1.33784243 19 47 25
-2.06573154 -1.59145147 0.953203199 231 231 231
-2.57388683 -0.066653154 0.818918029 228 228 228
-2.13284645 -1.1202746 1.23116651 224 224 224
5.70544848 -1.24316629 1.48814516 59 62 72
-1.16456604 -0.806103803 0.509469699 59 62 72
3.98189208 -0.496590808 1.1210685 0 0 0
-1.67993871 0.594592564 1.2246009 9 10 11
4.20855282 -1.59127275 1.14552852 80 84 97
-0.956136632 0.583390026 1.50721613 71 78 91
-1.07829557 -1.28691768 0.504158837 82 86 99
0.361327396 0.706852832 0.986524122 0 0 0
5.65872107 -1.31178125 1.38229788 130 130 130
-0.818571095 -1.57145604 0.973410508 231 231 231
-5.12323689 0.73662616 1.16014426 231 231 231
-3.25528016 -1.18126671 0.791680888 0 0 0
0.169218236 0.762845413 0.925697754 11 21 13
-2.15890102 -0.977140258 1.23923148 0 0 0
-2.70541377 -0.201066795 0.861656233 110 116 134
-5.19870988 -0.671272695 1.05458761 219 219 219
-3.31104895 -1.22103902 0.82582294 82 86 99
-2.86572344 -0.948748995 1.15890245 67 67 67
-2.07268799 -1.24076907 1.19072089 130 130 130
-1.39461607 0.587454189 1.01793479 142 142 142
-3.35155121 -1.29378128 1.07957437 231 231 231
-2.65063212 -0.16190134 1.06805812 96 101 116
-2.174003 -0.981995811 1.2162734 0 0 0
-1.29657204 0.5841188 1.07426944 0 0 0
-1.94415024 -1.67511462 0.487258427 8 8 8
-2.6940438 0.772749737 0.871602939 9 9 9
5.60889111 -1.43772748 1.21664444 130 130 130
-2.66670085 0.779826921 0.897955497 122 122 123
4.92950091 -1.11447647 1.57736624 130 130 130
-1.98553958 0.833748803 1.22335653 2 3 5
7.74842499 -1.94445648 0.713767822 130 130 130
-2.84526756 0.760805114 1.0113212 2 2 2
7.74842499 -1.94445648 0.713767822 130 130 130
-1.73230781 0.597165957 1.56249352 80 82 87
5.66317866 -1.42654049 1.43148723 0 0 0
-5.2706712 -0.593355465 0.927388014 210 210 210
-1.39799604 0.598300217 1.23216015 142 142 142
7.69213008 -3.6399272 -2.4087955 231 231 231
5.71694543 -0.225869457 1.37761742 62 66 76
-1.7804714 0.590719429 1.61270405 14 25 46
-2.30160317 -1.0465487 1.2328166 236 236 236
-2.56750208 0.643149598 0.611307205 102 107 123
-2.22278284 -1.01420736 1.23639642 11 11 11
5.13124724 -1.46670702 0.991980678 231 231 231
5.75343099 -0.206177711 1.40287027 231 231 231
-1.7804714 0.590719429 1.61270405 14 25 46
5.98968654 -0.289200003 1.43452219 59 62 72
-2.69278165 0.579418796 1.09441319 97 102 117
5.8045324 -1.72128351 0.625602959 8 8 8
-2.98365859 0.735563607 1.26896763 2 2 2
5.79344587 -1.72062945 0.638539584 231 231 231
-2.64134199 0.266114509 0.933454861 111 116 134
-3.31884359 -1.18644105 0.802360911 61 64 75
-2.6710294 0.302506873 1.05920849 109 115 132
2.9088574 -0.199832536 1.25511025 82 86 99
-0.947524986 -1.10448751 0.734767096 197 197 197
-5.99512379 -0.61918443 1.02105606 0 0 0
-1.05980074 -0.882266914 0.481412737 94 99 114
-3.53591817 -1.24126393 0.686163652 108 106 106
-4.82920861 -0.341554142 1.00514801 79 77 77
-5.35131519 -0.70362247 1.10265279 0 0 0
-0.946061359 -0.905512926 0.735392097 197 197 197
-2.89018036 0.142301903 0.952339265 102 107 123
-2.45481571 0.632186866 0.655561535 103 109 125
-3.09288827 -1.1243472 1.14461569 59 62 72
-1.58032783 0.59262901 1.23502177 26 30 32
5.6278596 -1.43942511 1.21351015 130 130 130
-5.08818245 -0.317311864 -0.00109433598 105 103 103
-2.8437976 0.775683584 1.10851414 231 231 231
0.958330684 0.745881413 -0.0265541985 231 231 231
-2.64805964 0.122438654 1.06398342 115 121 138
3.87174719 0.485337229 1.08114448 59 62 72
-2.53799462 -0.066094715 0.738779835 0 0 0
5.65873655 -1.43817259 1.49093567 86 86 86
-4.12898031 -0.814224893 1.00825245 117 114 114
-2.26319485 -1.01413833 1.22977006 0 0 0
4.79065589 -1.13025859 0.851117375 113 119 136
-4.12898031 -0.814224893 1.00825245 117 114 114
-1.37833709 0.577376258 1.08298647 142 142 142
0.0290369659 0.688832966 0.378143854 143 143 143
-2.40506895 -1.13709593 1.2256654 233 233 233
-1.07057489 -1.69970748 0.487288626 8 8 8
-5.17410592 -0.711883141 1.01806428 212 212 212
-5.31097637 -0.858573705 0.968338833 181 181 181
3.15632221 -0.916667151 1.01870277 116 122 140
-5.17194221 -0.791857059 1.02402426 212 212 212
-2.22560552 -1.06100058 1.2408164 233 233 233
-0.333690134 -1.03268888 1.41047774 8 8 8
-0.725688705 0.559448505 0.907492826 105 106 109
-0.350614723 -1.75057744 0.883746002 8 8 8
-3.31338059 -1.18432821 0.802743049 61 64 75
-1.63820259 0.590598822 1.1440132 47 49 50
-0.0949374378 -0.776831533 1.50250069 8 8 8
-0.971663611 -1.18719265 0.94276711 112 118 135
-2.3099251 -1.04410509 1.23038457 233 233 233
-1.74752964 0.592994717 1.11025145 77 85 81
-2.56363052 -0.210746074 0.744676119 109 114 131
-2.17417885 -1.11979059 1.23011057 0 0 0
-2.72340375 0.768375194 0.918170485 30 74 43
-0.990775193 0.5821452 1.25953813 100 102 106
2.04053082 -1.59681942 0.913157866 0 0 0
5.71296574 -0.210035145 1.41762122 88 92 106
-3.11533852 0.249776349 1.144933 90 95 109
-1.31469734 0.590580817 1.35600526 47 71 57
-2.26193794 -1.05481489 1.23211604 0 0 0
5.36654536 -0.330525677 1.0622262 62 66 76
-1.7495259 0.591623323 1.56880248 71 74 80
4.40086911 -1.62825118 1.49605396 104 110 126
-0.967337198 0.582206742 1.36390879 124 124 124
-2.34599722 -1.09962908 1.20810669 224 224 224
5.73435831 -0.662053114 1.37000916 60 63 73
-1.73730084 0.590713329 1.12884211 78 80 81
-2.53473711 -1.08980674 1.18679812 0 0 0
-1.44300633 0.592658167 1.25405426 22 23 24
-1.13365302 -1.01992983 0.6758916 130 130 130
5.15824988 -1.02957102 0.849902422 59 62 72
-2.53715576 0.764619937 0.877360486 9 9 9
-2.74856618 0.259818592 0.998172368 61 65 75
-2.28883712 -1.04276008 1.23051427 236 236 236
4.14490507 -1.44663568 0.919585388 163 163 163
19.7497073 -17.5801589 -10.8417837 0 0 0
-1.76625636 0.589991099 1.56998625 75 78 84
-1.36950851 0.590334381 1.35083388 57 65 65
6.06920182 -0.782965271 1.28079805 0 0 0
-1.76009846 0.589458835 1.1475054 4 8 6
2.99746163 -1.2549905 1.29695064 59 62 72
5.82821529 0.221863821 1.3182485 231 231 231
-2.0031526 0.592280278 0.188529881 231 231 231
5.37693677 -0.342945139 1.11670908 231 231 231
-0.942662909 -1.02043281 0.919661638 197 197 197
-2.8143522 0.0987912063 1.06154205 69 73 85
-1.54390404 0.590416669 1.25402423 42 52 51
5.89886626 -0.249410368 1.37743912 231 231 231
6.01919922 -1.62546208 1.09451347 59 62 72
-0.942662909 -1.02043281 0.919661638 197 197 197
-3.16240726 0.242370805 0.984756244 79 83 95
-1.7910271 0.5916643 1.15362015 3 71 23
5.89886626 -0.249410368 1.37743912 231 231 231
-1.15191397 -1.11336164 0.605488879 86 86 86
-0.997628056 0.584612978 1.32296379 112 118 124
-1.55705652 0.591356068 1.29051457 31 39 39
5.65982782 -1.30555376 1.33081958 85 85 85
-1.11894397 -1.22261371 0.526841607 120 124 138
-0.703137198 0.58275958 1.27659218 115 116 118
2.93403716 0.0499623075 1.39640901 9 9 9
-0.98782779 0.583993451 1.17510377 61 99 70
-1.42747389 0.593611995 1.36492793 33 42 42
5.62368556 -1.42001052 1.27572156 0 0 0
-0.990014244 -0.905062443 0.953718151 113 119 136
-0.930622052 0.581870207 1.31875995 110 116 122
4.29886955 0.0899173211 0.843350716 110 116 133
3.86184576 -1.58883878 0.998421488 8 8 8
5.54357373 -1.03743553 0.877048856 59 62 72
-5.36114812 -0.859631528 0.925000284 177 177 177
3.85593984 -1.56897516 1.01221734 8 8 8
5.13500522 -1.44711941 0.905389632 107 113 130
2.25848742 -1.82682178 0.165232818 231 231 231
-2.30680198 0.760321319 0.881438563 9 9 9
4.14541766 -1.53631677 1.14756123 163 163 163
4.26964541 0.395889322 0.88232589 106 112 128
4.70498109 -1.13781932 0.837027215 117 123 141
-0.948200718 -0.985612886 0.855373327 197 197 197
-2.4982167 0.774081793 0.870521511 9 9 9
4.23588163 0.567527092 1.29189104 90 95 109
4.32324292 -1.43251171 0.82171328 108 114 130
5.66321089 -1.7350843 0.640654434 3 3 3
4.26005953 -1.45320944 0.841966 103 108 124
6.28517016 -0.670741248 1.37302541 231 231 231
-1.31630855 0.585446635 1.10712712 143 143 143
4.03841936 -0.535732968 1.12526916 229 229 229
6.01827602 -1.67911122 0.943167494 231 231 231
-1.66932907 0.58787335 1.23880187 98 99 98
4.14287962 -1.50329705 1.08131498 163 163 163
-2.54706458 -0.208577998 0.640008936 85 80 76
5.17622962 -1.19322954 0.850470577 108 113 130
1.20781288 -1.67980972 1.52395671 231 231 231
5.68943514 -1.45579125 1.48999533 59 62 72
-2.28941381 -1.06720474 1.23192554 0 0 0
5.9183333 -0.385877003 1.46384916 59 62 72
-0.950727368 -1.01378702 0.824301058 197 197 197
-4.53092629 0.708386454 1.06213989 0 0 0
2.88940334 -1.33712448 1.30205779 0 0 0
-2.66222135 0.313752176 1.09267759 71 75 87
5.96657454 -1.46949509 1.45387942 0 0 0
-0.758274596 0.580360384 0.973833235 70 73 77
4.27465213 0.282755798 0.857983748 59 62 72
4.61723393 0.410362817 0.875966542 68 72 83
-2.5485474 0.0261694211 0.76119607 228 228 228
4.96730581 -1.06002227 0.887991205 231 231 231
-1.90626969 0.590557513 1.45288419 6 19 43
-5.9029292 0.25141115 0.96692317 0 0 0
-2.39136789 0.766631797 0.940211749 231 231 231
5.70297167 -1.27359651 1.42068498 0 0 0
2.42642781 -1.68645167 0.95177136 59 62 72
-0.945875502 0.582646793 1.13076537 11 65 41
4.34004982 0.553380137 1.29905254 86 91 104
5.29181387 -0.28898354 1.16862158 231 231 231
-0.772772977 0.582447478 1.36253413 12 88 38
-2.87343763 -0.924523696 1.20239851 67 67 67
-0.947281217 -1.00952904 0.928234606 197 197 197
-1.53268915 0.59129824 1.28905916 64 80 76
8.92330961 -3.37250786 0.400954733 59 62 72
4.16739786 0.140923474 0.871690503 234 234 234
4.72019829 -1.12343207 0.848144309 59 62 72
-0.77669363 0.577303578 0.893051125 99 101 105
4.14978267 -1.53788763 1.14882791 165 165 165
-2.80547278 0.764599536 0.875555942 8 8 8
0.118327771 -0.703203545 1.6560767 0 0 0
-0.0642147847 0.0294291968 -0.0237915453 235 235 235
-2.60584426 -0.0892555557 0.888797706 228 228 228
4.61184022 0.401277834 0.797212287 107 113 129
4.22316063 0.0528765895 0.830381548 114 120 138
-0.935335797 0.581777407 1.09316151 81 82 88
6.22716142 -0.344522559 1.47399674 0 0 0
-1.59311044 0.588365208 1.30086546 4 4 4
5.76988251 -1.70219027 0.644247847 8 8 8
-1.12693769 -1.02496742 0.651135394 130 130 130
4.32837025 -1.09968642 0.848433892 59 62 72
-1.38618623 0.593803879 1.36429648 8 10 11
-0.941154124 0.575706988 1.28106749 120 120 121
5.84343991 -1.74003692 0.860395331 8 8 8
-2.10769905 -0.933243905 1.22738535 235 235 235
-0.967966247 0.582692763 1.33170136 22 32 52
5.82828225 -1.47828093 1.51359101 0 0 0
4.38339946 -1.65919626 1.48375784 90 94 109
-2.21540141 0.191329299 0.615351338 117 123 141
5.11867544 -1.46529119 0.993031886 231 231 231
-0.968513258 0.582322769 1.13637172 120 120 120
5.73371521 -1.34523443 1.3500341 130 130 130
4.61095125 -1.68928436 1.46327754 59 63 73
-0.957700778 0.582178615 1.35067595 24 32 50
-0.731017336 0.582517796 1.31329259 54 70 71
-5.23810066 -0.703743237 1.0571736 219 219 219
-0.947819731 -0.927082185 0.796998669 0 0 0
2.64950481 -1.12278146 1.01523653 130 130 130
-0.956858844 0.584046177 0.967270108 63 99 70
4.15168432 -1.45055345 0.943473343 164 164 164
-1.45417468 0.58693756 1.32821573 29 33 34
5.15673051 -1.20338848 0.853899573 74 78 90
-1.01558666 0.581910116 1.50769237 42 46 54
5.61357267 -1.1839323 0.84019281 231 231 231
-1.38674371 0.592078489 1.36909272 11 13 14
3.9678007 -1.63931562 1.49346212 108 114 130
-2.65288369 0.771551643 0.872604787 9 9 9
-3.2681205 0.72529244 1.10659582 231 231 231
5.26413259 -0.732354334 1.12819476 231 231 231
-2.72786403 0.56445295 1.06057408 10 10 10
-0.218560364 -1.69804051 1.09748562 130 130 130
6.28972139 -0.627517232 1.44940954 0 0 0
2.30652002 -0.850361619 0.888269986 104 109 125
5.94926108 -0.233324522 1.33668616 231 231 231
-2.16170259 -0.942316242 1.22472845 224 224 224
-2.2554581 -1.01101615 1.22867798 0 0 0
-2.25245732 -1.06468342 1.22584925 0 0 0
6.71736446 0.850103222 0.884325151 59 62 72
5.82662072 -1.73156736 0.900019398 8 8 8
-0.853041741 -1.59446178 0.990034091 8 8 8
-0.973868125 -1.26306545 0.952988988 231 231 231
-0.85093241 -1.60676546 0.985344177 8 8 8
-1.6767789 0.592285904 1.17165868 15 17 18
-0.932672161 -0.969490966 0.858286275 0 0 0
-0.992460402 -1.1663365 1.0236607 59 62 72
-0.936942194 0.5850794 0.969202138 34 74 52
-2.25631209 -1.00809447 1.22909208 0 0 0
-0.978872441 0.58329994 1.33134285 112 118 124
-0.389986083 -2.15372126 0.582639762 8 8 8
-0.0318175323 0.114626791 0.0748897112 236 236 236
-1.01079722 -1.68471053 0.932780363 8 8 8
5.44519306 -1.1129607 0.545075393 231 231 231
2.40378857 -0.826979161 1.29089826 0 0 0
-0.950073087 -0.894311922 0.816454256 73 77 89
-1.01738357 -0.855732208 0.649187325 67 70 81
5.67571381 -1.31509794 1.39641675 130 130 130
-0.0469300448 0.825738927 0.884056019 10 13 14
0.0509677582 0.73144363 0.361584956 143 143 143
-3.1575326 0.322601998 1.27845379 231 231 231
-0.295300684 -1.68052074 1.00479712 0 0 0
-2.22145749 -0.980920783 1.23966291 223 223 223
-0.546074176 -1.35697043 0.840361698 231 231 231
-2.23644598 -1.06326821 1.23461733 224 224 224
-2.33766822 -0.953604214 1.23186008 0 0 0
-1.56112036 0.589795353 1.28180605 13 14 16
-0.48756541 0.585926684 1.16131155 59 73 70
4.18571221 -0.600575826 1.11269888 0 0 0
-1.36719396 0.569980831 1.15818124 142 142 142
-0.284041166 -1.67242575 0.936606364 8 8 8
-2.28904027 -1.04247065 1.23027364 236 236 236
-2.10057641 -0.940682898 1.21930787 236 236 236
-0.979148116 0.58250413 1.25928957 104 106 109
-2.34032418 -0.941490299 1.23664096 0 0 0
-1.78132802 0.587828856 1.60575101 122 122 123
-6.4689056 -7.8523829 -6.28644019 8 8 8
-0.971447794 0.582596188 1.09171777 76 78 83
-0.569707659 -1.61698257 0.966169867 8 8 8
-2.86940208 0.756019751 1.26202824 2 2 2
-1.39799604 0.598300217 1.23216015 142 142 142
-1.1567713 -1.1038987 0.601179153 130 130 130
-0.946217258 -1.11806844 0.952947967 231 231 231
-0.894484638 0.580475384 1.07565769 94 96 102
-0.750170529 0.58379578 0.886905856 105 106 109
5.23584937 -0.424037111 1.15524603 59 62 72
-0.986909194 0.579785542 1.3363052 12 24 46
-1.31508234 0.590853528 1.35580336 47 71 57
2.03412849 0.0926924232 1.09199113 0 0 0
4.82501863 -1.63478716 1.48003205 89 94 109
4.81796966 -1.68336212 1.35365187 59 62 72
-0.950627453 -1.02207584 0.831091178 197 197 197
6.16007056 -1.16100316 1.40404498 231 231 231
4.6946813 -1.45776841 0.855313086 117 123 141
-2.61228018 -0.117941627 0.904958949 228 228 228
4.78914525 -1.0983937 0.8349817 59 62 72
8.14241656 -3.90751899 -1.59438399 231 231 231
-0.954084933 -1.11881055 0.814938365 73 77 89
-5.39196515 -0.923804875 1.09487666 0 0 0
5.83850437 -1.20443866 0.188661296 231 231 231
-0.95718283 -0.909696823 1.01637261 197 197 197
5.24266898 -0.78182447 1.13145682 231 231 231
-0.947084994 -1.00120108 0.841641098 0 0 0
4.0115119 0.324832977 0.854355628 0 0 0
-0.76976877 0.584702255 0.950233324 124 124 124
4.85291941 -1.62778886 1.49504624 103 108 124
4.52416852 -1.52494938 1.29711262 231 231 231
-2.63099987 0.0617631345 0.0357126727 0 0 0
-0.763516215 0.582905866 1.33527248 68 74 84
4.29372185 0.366844269 0.722411375 233 233 233
2.75703809 -1.17538923 1.29343983 110 115 132
4.59867265 -1.62952239 1.47464037 59 62 72
-3.89439986 -0.962418828 0.00278061125 108 106 106
-0.950586711 -1.0220383 0.831111548 197 197 197
5.65448514 -1.30607308 1.30940099 125 125 125
-0.9638122 0.583739051 0.98784507 33 60 54
-2.55067703 -0.0317435533 0.77229112 0 0 0
-1.0719527 -0.855470519 0.482179179 92 97 112
5.23593655 -0.737410013 1.14388063 231 231 231
2.91443802 -1.16929613 1.33955758 59 62 72
6.14354685 -1.66358167 1.02813874 151 116 116
-3.15653091 0.159530861 1.11178757 71 75 87
-1.76841059 0.586492448 1.13705355 55 58 58
4.11869341 0.284329759 0.862424876 232 232 232
-1.55823723 0.590346616 1.23779339 53 61 61
26.6995282 -16.3443267 -9.91322245 8 8 8
2.75044755 -0.911306818 1.30838798 114 120 137
-2.22359211 0.207168159 0.605911667 75 79 91
2.77917462 -0.175695813 1.33703554 102 107 123
-0.979833797 0.582572849 1.28285467 122 122 122
6.1034717 -1.19269428 1.26505423 231 231 231
-2.21651359 0.221517435 0.618528653 117 123 141
2.77499148 -0.881450437 1.33950077 94 99 113
-1.00778184 0.582392391 1.31602238 32 39 54
6.18581977 -0.700417952 1.41157581 231 231 231
-0.981466203 0.579791192 1.27010917 124 124 124
4.00786172 -1.49432186 1.02324963 0 0 0
-0.960468452 0.584392963 1.14707961 12 78 40
5.5967066 -0.022548922 0.820045869 107 113 129
5.83390626 -1.14266818 0.156229706 85 79 75
-1.68638143 0.57654135 1.16420012 50 57 58
2.93364441 -0.875355541 1.3326715 67 71 82
-3.18209275 -0.200625826 0.93186352 61 64 74
4.72753724 -1.15054529 0.842081844 59 62 72
-2.5039383 -0.119898771 0.649375607 228 228 228
4.52120858 -1.7126148 0.934257695 231 231 231
-1.84070822 0.589950366 1.51141843 72 76 84
-1.34862149 0.589172621 1.42697019 104 106 106
4.66239761 -1.747824 1.44644987 108 113 130
4.71257423 0.381816855 0.876551017 106 112 128
-0.790528211 0.58205593 1.51108355 94 100 111
-1.37254686 0.581826615 1.02196063 0 0 0
4.15579529 -1.51350948 1.08537623 163 163 163
4.70940512 -1.48052786 0.855252998 59 62 72
-0.782743989 0.582316844 1.52487942 93 100 110
2.66078057 -1.05208676 1.01127478 130 130 130
-0.911408932 0.581801577 1.60243275 13 31 61
-0.772374225 0.582180906 1.30451091 12 86 38
3.9627674 -1.67732419 1.47944933 90 95 110
-1.12779492 0.158284033 0.737100851 107 107 107
4.13289966 -1.5098499 1.09449238 0 0 0
-5.367465 -0.779227819 1.1022625 0 0 0
-0.944942206 -1.02827754 0.926511786 197 197 197
4.95790074 -1.09748707 1.01240491 110 115 132
-2.55792499 -0.210396107 0.78065874 111 117 134
2.66170688 -1.03366589 1.0001651 0 0 0
-2.19049857 0.241634136 0.620502579 120 126 144
2.64623674 -1.07937467 0.988093716 0 0 0
-2.55155465 0.17264148 0.715162831 107 113 130
2.66170688 -1.03366589 1.0001651 0 0 0
-3.66237678 -1.02700496 0.0949064924 108 106 106
5.99337167 -0.377457919 1.45895098 231 231 231
6.94555603 -3.79686882 -3.3560966 130 130 130
-1.73633189 0.592646017 1.30755818 23 28 40
-2.55948803 -0.20228908 0.631135574 84 78 75
-2.54504236 0.0109851829 0.747700929 0 0 0
3.99732054 -1.46466032 0.916758301 0 0 0
-2.37088855 0.778372178 0.926211359 231 231 231
-1.38532336 0.589820179 1.42187624 1 1 1
6.0817712 -1.64698939 1.14901896 0 0 0
4.3064583 -1.14150412 0.792790525 59 62 72
-2.54845798 0.0262102032 0.761243231 228 228 228
5.36316075 0.404645221 0.857942808 109 115 132
3.9451283 -1.64800155 0.963407542 0 0 0
-1.06122683 -1.24627026 0.510549773 61 64 75
3.9451283 -1.64800155 0.963407542 0 0 0
-3.14462427 0.605849584 1.28791407 2 2 2
-1.04261546 -1.23652505 0.525977977 61 64 75
4.07665414 -1.4671854 0.984735018 164 164 164
3.82656654 -1.28290019 0.802322573 113 119 136
-1.711502 0.590969094 1.1743758 83 85 86
4.14864046 -1.45558281 0.931075524 0 0 0
-0.77152117 0.581881382 0.906352189 85 87 92
5.20608186 -1.12386262 0.845002759 107 113 130
4.06997432 -1.47788157 0.984737737 0 0 0
-4.00942615 0.670448221 1.16595756 231 231 231
3.10727186 -0.215922655 1.32256407 59 62 72
-1.69553483 0.589250257 1.32932259 23 28 39
4.06997432 -1.47788157 0.984737737 0 0 0
-4.07561294 0.714123521 1.20889458 0 0 0
3.88589557 -0.400749446 1.12578001 229 229 229
-1.76983282 0.589809557 1.12654549 55 57 59
-2.58983024 0.0556492311 0.851232103 0 0 0
4.36588024 0.351097837 0.869891534 109 115 131
3.92162108 -0.42164245 1.13700544 0 0 0
5.68678516 -1.33350553 1.33289173 0 0 0
-1.73239111 0.589204078 1.56383467 8 20 43
-1.29396071 0.580750785 1.07893021 0 0 0
-3.18294149 -0.202083847 0.94462223 100 105 120
3.93415691 -0.58192106 1.13188282 0 0 0
-0.747120884 0.582792377 1.50725954 75 81 94
-1.34872312 0.582235849 1.05054097 0 0 0
4.72019829 -1.12343207 0.848144309 59 62 72
5.23952622 -0.336827767 1.13624213 59 62 72
-0.810584387 0.582824018 1.52496233 59 66 79
1.96668913 -1.58352357 0.821603617 0 0 0
-0.978355725 0.582483387 1.07433685 99 101 105
4.07787018 -1.46787475 0.984884659 165 165 165
-1.00819587 0.57936998 1.26088293 105 107 110
-0.97391889 0.584302933 0.911825874 123 123 123
-0.550409192 0.583448819 1.07281904 104 106 109
6.12322254 -0.283381433 1.27598908 231 231 231
-0.568501993 0.582375723 1.52455034 39 47 63
4.34689173 -1.45961864 0.876004214 59 62 72
-1.37578881 0.583053406 1.18347125 0 0 0
-0.736680631 0.580554537 1.07479536 102 104 107
5.1765133 -1.06025356 0.819816906 59 62 72
5.95390596 -0.290552568 1.29978484 231 231 231
-0.738421775 0.583739562 1.09067558 72 75 81
-0.530083587 0.583997027 1.12369189 124 124 124
4.10477134 -1.47680063 0.994798438 163 163 163
-1.22942419 0.575905425 0.536404456 6 19 43
5.61905235 0.218293067 0.841708029 231 231 231
-0.440503079 0.577657678 1.15731949 124 124 124
3.98739165 -1.66924617 1.47947946 104 110 126
-0.772483675 0.58182901 1.2593453 103 106 108
3.97404565 -1.51232851 1.09259609 0 0 0
-1.03985177 0.587955615 1.11395637 124 124 124
-0.986297186 -0.831250428 0.583238196 59 62 72
4.21658021 -1.62911199 1.31311566 59 62 72
3.97709064 -1.51483412 1.09208712 0 0 0
-1.02849771 0.580470531 1.17789198 124 124 124
4.34447531 -1.51823906 0.846926265 111 117 134
-0.692815649 0.583333033 0.886759761 103 105 108
-2.5563079 -0.0187653476 0.785465099 0 0 0
3.88357137 -1.53400273 0.858967314 59 62 72
1.22849674 -0.203376336 1.43732037 0 0 0
-1.3762665 0.608733846 1.20890486 142 142 142
3.95434576 -1.63156826 1.49594718 104 109 125
-0.965860006 0.583731661 1.09177237 123 124 124
-2.67286789 -0.0414196833 0.769501018 228 228 228
4.69835566 0.40118972 0.836908883 107 112 129
-1.98057849 0.585806852 0.225654274 5 5 5
-0.590095881 0.584204179 1.1382345 124 124 124
5.63419716 -1.19230286 0.831125693 231 231 231
-1.24415467 0.584946694 1.13297155 143 143 143
-0.300906641 0.609559509 0.00714517204 157 157 157
-1.2026908 0.571017183 0.931378411 6 19 43
4.80262 -1.63038028 1.29355578 75 79 91
0.0239390791 -0.032832568 -0.00197060445 0 0 0
-1.24324506 0.605891839 0.458218604 6 19 43
-0.996684735 -0.851084632 0.70535484 77 81 93
-0.519274148 0.581806951 1.33110373 117 117 118
-2.29712238 0.737733234 0.901823513 9 9 9
-0.803056842 0.592033418 0.899334113 91 92 96
-1.38411192 0.604009353 0.967554172 143 143 143
-1.01832508 -0.85585883 0.619825207 60 63 73
-0.958149139 0.572492829 1.17171307 120 120 120
-0.719929738 0.583476787 0.904704838 80 82 88
2.64406397 -1.05213473 0.977444202 0 0 0
-5.47154177 -0.545792401 1.06462895 231 231 231
-2.66362134 0.535180515 1.07120854 231 231 231
4.00183362 -1.47636439 1.01672696 165 165 165
-0.0973679541 0.0930755929 -0.00717618968 236 236 236
-1.28280451 0.581988612 1.13732874 142 142 142
-0.0949244173 0.0924592731 -0.00493184019 236 236 236
-1.34780617 0.595576797 1.15982473 0 0 0
4.86025335 -1.62690478 1.489075 59 62 72
-0.767133517 0.583303425 1.12929188 38 94 53
0.892872129 0.770117099 0.856182838 9 11 14
-1.19638075 0.577498613 1.27514556 6 19 43
0.0686653791 -0.0773501963 -0.0173730391 0 0 0
-1.22633825 0.578467327 1.03629906 0 0 0
-2.89281887 0.751500186 0.924709401 9 9 9
0.0686653791 -0.0773501963 -0.0173730391 0 0 0
-1.21873627 0.575820739 1.17662606 0 0 0
4.20239036 -1.7073831 1.46471796 107 113 129
-0.980102273 0.582105549 1.32549406 112 118 124
-0.990084472 0.587903447 0.990469564 123 123 123
6.29357139 1.62045614 0.790043968 86 91 104
-2.00852433 0.607587703 0.477835597 0 0 0
-0.476139154 0.580956738 1.16525518 10 76 40
-0.928282877 0.582871227 1.09129318 66 69 77
0.010217363 0.70393253 0.460159925 143 143 143
-1.4023282 0.591300802 1.34790017 54 68 65
5.68898534 -1.2720405 1.42187508 0 0 0
-0.927255942 0.581569285 1.09246485 66 69 77
0.0487558302 0.676638765 0.489043497 143 143 143
-0.965986648 0.586882629 0.930227267 124 124 124
5.46969625 -1.06442289 0.944658055 59 62 72
-1.75554336 0.590559535 1.1145653 59 61 63
-1.01618861 0.581718382 1.25988407 98 101 105
6.02724468 -1.22968018 1.40611298 231 231 231
0.00491096511 0.00299190493 -0.00117255102 0 0 0
-0.794785663 0.577232403 1.07393563 124 124 124
-0.963396787 0.583421657 1.13941167 11 70 40
5.61781752 -1.35272694 1.36517177 130 130 130
-0.0164360062 0.0308838994 -0.0260757832 0 0 0
-0.792666293 0.574807088 1.07600488 124 124 124
5.23793348 -0.964223118 1.08771751 128 125 125
-1.75169449 0.589631422 1.13570619 2 62 18
-1.31807456 0.58262568 1.0994882 0 0 0
5.71473461 -1.3413074 1.35201148 130 130 130
0.0567314012 0.719708368 0.381909012 0 0 0
-1.35102919 0.586464322 1.11250785 0 0 0
6.11692497 -0.722548917 1.34752946 0 0 0
-1.80714635 0.591971748 1.14788649 72 78 75
-3.19327502 -0.099576746 1.34725766 84 83 83
6.0574077 -1.19062413 1.35882712 0 0 0
-1.64701787 0.593978267 1.20773624 9 10 12
-0.744150924 0.585589357 0.949074691 43 48 60
-3.6554634 -1.24195208 0.815774094 106 111 128
-0.527576053 0.581018233 1.14696649 124 124 124
6.2596232 -0.682307118 1.38740077 231 231 231
-2.94142238 0.271987531 0.880201419 94 99 114
-1.23262878 0.587430502 1.03221129 0 0 0
1.74529515 -1.35513972 0.875760221 0 0 0
-2.58835813 -0.10266607 0.85153235 0 0 0
-0.550600422 0.582905373 1.1482881 124 124 124
5.4306921 -1.13081635 0.972835277 231 231 231
-2.70315617 0.766286859 0.911007543 26 81 39
-2.57524169 0.207930298 0.644659418 0 0 0
-0.744878072 0.586452884 0.985258151 36 51 56
4.38696888 -1.64152912 1.47782807 89 94 108
-1.81961171 0.591619964 1.23882015 3 9 23
-3.86461626 -1.07250043 0.0398427992 108 106 106
4.18266882 -1.68079207 1.47513121 108 113 130
-3.16912157 -0.0832444326 1.28740036 84 83 83
-0.559035948 0.584221579 1.1612149 55 62 74
-2.53057195 0.754033464 0.909696923 22 69 40
4.26414313 -1.08291885 1.60248964 130 130 130
-3.16725097 0.093648057 1.33219828 116 122 140
-1.30994495 0.585700798 1.0846196 0 0 0
-2.68015518 0.162457959 1.02289476 97 102 117
-1.24232405 0.574025659 1.14954575 142 142 142
4.66817567 -1.75018859 1.47218318 8 8 8
-0.731952562 0.582164047 1.36470737 124 124 124
-5.84909361 0.289055809 0.961132802 0 0 0
-1.34386983 0.589068102 1.35076785 3 4 4
-0.968000927 0.578608895 1.1558217 33 53 53
-5.37249243 -0.978523024 1.17450237 151 151 151
-0.525685495 0.583518416 1.13903306 124 124 124
0.450529622 -0.891410933 1.51701328 0 0 0
-1.34391419 0.591681374 1.47865784 16 20 28
-0.985196949 0.580326498 1.26038696 93 96 101
-3.23788743 0.230231233 0.832813676 121 127 145
-0.514278555 0.582789409 1.14883084 12 75 40
5.91305627 -1.46465869 1.47496839 231 231 231
-0.750923055 0.58218072 1.52499246 54 60 75
-3.01152577 0.145228586 1.31580308 75 79 91
-1.20715255 0.593711748 1.02751753 143 143 143
6.24383609 -0.331911361 1.47964278 0 0 0
-0.716614321 0.582024284 1.35254505 124 124 124
-1.00854558 0.583284611 1.31554396 32 39 54
-1.98965126 0.591050255 0.977316148 231 231 231
-2.6460197 0.12209447 1.06569896 115 121 138
-1.62926829 0.58891917 1.18717836 82 85 87
6.08194731 -1.17141122 1.30378472 8 8 8
-0.940933458 0.581868464 1.59459822 13 30 60
-4.28843732 0.614288269 1.16561722 108 113 129
-3.17733852 -0.175860803 1.3163171 79 77 77
-0.506120009 0.584121985 1.15576501 124 124 124
-0.0232361235 0.748956994 0.22794328 143 143 143
-0.707217013 0.582619984 1.25859316 91 94 99
-0.987482665 0.581616407 1.27682626 65 68 76
0.554873253 0.788595761 0.843895683 9 11 14
-2.60337245 0.0768609903 0.0847484331 0 0 0
-2.82248749 -0.18952919 1.03792548 69 73 84
-0.969989963 0.663443718 1.60133725 82 85 94
-2.65216993 -0.11602415 1.14021375 119 125 144
-0.486277071 0.573933351 1.27182027 124 124 124
-1.42620554 -0.814530133 0.477118567 60 62 72
-2.81474572 0.47454712 1.02058941 108 113 130
-0.0238400189 0.733079517 0.265722181 143 143 143
-1.31093937 0.666311475 1.23831126 0 0 0
-0.474275041 0.57795465 1.16703021 10 76 40
-6.58339048 -0.280267352 0.908976951 0 0 0
-2.61585656 0.0455310388 0.0184102232 0 0 0
-2.59255369 0.643084453 0.885560731 5 5 5
-5.9661444 0.145205947 1.04514151 0 0 0
4.13289966 -1.5098499 1.09449238 0 0 0
-3.29924987 -0.240942353 0.843131448 113 119 136
-1.33067934 0.578740162 1.09278753 143 143 143
0.0450097938 -0.00659389984 -0.005575245 236 236 236
-2.84210027 0.642378325 0.979999529 94 99 114
-5.9661444 0.145205947 1.04514151 0 0 0
5.85742289 -1.1343583 0.180307489 231 231 231
-3.18425155 -0.214254505 0.934986595 95 100 115
0.0450097938 -0.00659389984 -0.005575245 236 236 236
-2.86526575 0.0760774164 1.14026833 73 77 89
-2.1933267 0.171611813 0.577709517 92 97 112
-2.31392776 -0.992258796 1.22730739 233 233 233
0.0335004783 0.686704079 0.453409881 143 143 143
-1.10377836 -0.827081667 0.53479172 117 123 141
-1.29396071 0.580750785 1.07893021 0 0 0
-3.12386103 0.16437757 1.23813658 74 78 90
-0.944751035 -1.01112605 0.824994962 197 197 197
-1.10143181 -0.825645082 0.536238166 117 123 141
-1.72328751 0.589960528 1.13140508 79 82 83
-5.2632752 -0.717392502 1.06891962 128 128 128
-5.93743775 1.14223678 0.907033549 0 0 0
-0.685960312 0.581159045 1.63120499 87 90 98
-3.6729284 0.45072343 1.20866866 0 0 0
-0.445294226 0.582057437 1.07436073 102 104 107
-4.01122646 0.751811112 1.23123349 231 231 231
-1.72044219 0.586940259 1.20619919 4 5 5
-0.955184299 0.582135401 1.50741385 71 77 90
-2.57765778 -0.0573056836 0.826092018 228 228 228
-0.503642771 0.584621868 1.0726864 98 101 105
-1.21057507 0.583476909 1.01842932 0 0 0
-3.35726931 0.215560933 0.906846945 108 114 131
-0.503642771 0.584621868 1.0726864 98 101 105
0.782360693 0.089246834 1.1333623 143 143 143
-1.00819587 0.57936998 1.26088293 105 107 110
0.782360693 0.089246834 1.1333623 143 143 143
0.0541109443 0.728858055 0.364295678 143 143 143
-3.03239665 0.21622552 0.9837085 97 102 117
-2.6559941 -0.139699684 1.09767083 86 81 77
-0.498143647 0.584217339 1.12428289 6 24 43
4.78673999 -1.49150213 0.855474682 112 117 135
-1.37690716 0.595054562 1.47493085 1 1 1
-2.53869081 -0.142972883 0.651498693 99 104 120
-0.719803999 0.581196869 1.08343517 124 124 124
-0.742468898 0.583555456 1.15809453 112 118 124
-3.66414818 -1.22435869 0.783701549 59 62 72
5.53205424 -0.721364568 1.10996768 0 0 0
-4.90537235 -0.417486672 1.14121388 231 231 231
-0.749858986 0.592881377 1.15164081 112 118 124
5.53205424 -0.721364568 1.10996768 0 0 0
-5.34110743 -0.749326157 1.1103447 200 200 200
5.70491902 -0.855751668 1.4900157 59 62 72
-1.03982665 0.588061934 1.11420468 124 124 124
-2.64811357 -0.938567038 0.206739537 0 0 0
4.1375018 -1.11196165 0.906111178 115 121 139
-2.20152603 0.65116415 0.608445012 5 5 5
-0.761374567 0.574811232 0.989153889 28 92 48
4.37109394 -1.47363747 0.886775622 59 62 72
-0.699356899 0.577217764 1.2798725 65 68 76
-0.953610903 0.583096035 0.970676681 116 121 117
-3.13857188 -0.154502983 1.28121068 79 77 77
-0.522068811 0.549792659 1.32269039 124 124 124
6.15331824 -0.719615149 1.34143474 0 0 0
-3.21636854 -1.27208737 1.14113782 87 92 106
5.79468248 -0.21086306 1.45973346 231 231 231
-4.70944782 -0.984317086 1.10128478 146 146 146
-0.680532146 0.582139993 1.27741584 112 112 113
-3.59583345 -1.66950726 1.26855838 2 2 2
-0.706932104 0.58292092 1.27623487 72 74 81
4.04748242 -0.585628981 1.15298812 0 0 0
-1.36477207 0.587478494 1.43330505 1 1 1
-0.941180664 0.583924677 1.34938928 0 0 0
-2.47727068 0.765493601 0.906837668 37 85 46
-2.30654127 -0.994244584 1.22876834 233 233 233
-1.2637374 0.587011555 1.07534492 0 0 0
-2.30653642 -0.994284758 1.22874794 233 233 233
6.06391996 -1.18860035 1.27300499 231 231 231
-0.993306736 -0.853910594 0.72233797 79 83 96
-2.81704352 0.277913783 0.92798102 61 65 75
-0.960859779 0.57572918 1.17145006 120 120 120
-3.12991215 -0.15014051 1.26738838 109 114 131
6.25439471 -0.350438852 1.46155083 0 0 0
-0.991539566 -0.880328725 0.990330319 80 84 97
-2.68320025 0.244949193 1.01822565 61 65 75
-2.59963976 -0.0515506091 0.794085077 0 0 0
-3.78681406 -1.83828789 1.14901377 2 2 2
3.92306387 -1.66802148 1.46277087 61 64 74
-2.20918577 -0.206806103 0.612281349 120 126 144
5.17259048 -1.14479554 0.845269707 59 62 72
-2.5676853 0.00135487907 0.801530821 0 0 0
-0.702197616 0.582133567 1.33351318 13 85 39
5.17259048 -1.14479554 0.845269707 59 62 72
-2.54454328 -0.210461965 0.717887914 110 116 133
-0.919674885 0.581530338 1.09389508 54 57 67
-0.950758928 -0.974355782 0.822301451 0 0 0
-1.21359665 0.582159298 1.18153844 0 0 0
5.87066836 -1.61004084 1.00726391 0 0 0
-2.66335967 0.771136927 0.895140694 124 124 124
-0.931196502 0.582843291 1.28091343 120 120 120
-0.950758928 -0.974355782 0.822301451 0 0 0
5.73636268 -0.215780829 1.42570122 0 0 0
-3.02332882 0.247346734 0.972993141 69 73 85
-2.66031627 0.103088277 1.13209483 117 123 141
-0.776491112 0.582573589 1.33899706 124 124 124
-0.982840913 0.55707869 1.33908969 17 27 47
-5.73036386 -0.764722115 0.825800784 0 0 0
-0.714365562 0.58236126 1.36245835 11 83 39
-0.982840913 0.55707869 1.33908969 17 27 47
-5.34117213 -0.752592438 0.9599206 182 182 182
4.07739887 -1.46775213 0.983339716 164 164 164
-1.72464685 0.588618592 1.13875097 8 9 10
-5.5953251 -1.08019171 1.13925474 169 169 169
-1.57911738 0.589677803 1.22522927 54 62 62
5.6013643 -1.16805953 0.848624652 231 231 231
-0.950898757 0.584309532 1.59900086 77 80 90
2.68347925 0.080031292 0.771621686 0 0 0
-1.54602609 0.591911558 1.25732389 32 40 39
6.28664189 -0.65415542 1.47508645 0 0 0
-0.814702646 0.585680227 0.886679915 114 115 116
-1.71114883 0.592432435 1.17769426 98 99 100
-2.62458058 -0.126830432 0.906190643 228 228 228
-0.490920661 0.58189918 1.07337266 107 108 111
-0.482711694 0.581699914 1.14810213 124 124 124
-29.4722559 2.468897 -12.6180992 95 100 115
-0.774615906 0.58152916 0.898529441 124 124 124
4.21960744 -1.48697497 1.02143693 85 90 103
-1.31323322 0.583034017 1.15057354 142 142 142
-1.42175551 0.594341247 1.32419174 40 51 50
-2.17247244 -1.11268948 1.2324762 0 0 0
-3.34616935 -0.126124363 1.2442351 105 103 103
-0.713602679 0.582651269 0.987067391 13 75 40
-0.935531953 0.577351125 0.963778367 12 90 38
-0.937308271 0.579222285 0.962102487 12 90 38
-5.31000184 -0.912245935 1.08255763 231 231 231
-0.483041355 0.585934699 1.13106851 124 124 124
5.76217537 -0.302290955 1.34308847 231 231 231
-0.705780099 0.584340198 0.9056428 72 75 81
-0.743683466 0.583356631 1.15752617 112 118 124
-2.56619804 -0.0261061494 0.802618067 228 228 228
-0.559638176 0.58478711 1.13557794 78 81 87
5.81641845 -1.14540244 1.33209216 231 231 231
-0.740606214 0.584250016 0.887123408 106 107 110
-0.997927583 0.581516272 1.62010159 13 28 56
5.49441378 -0.68948658 1.05721311 0 0 0
-1.24712776 0.578590234 1.06155962 143 143 143
-2.56619804 -0.0261061494 0.802618067 228 228 228
6.0743851 -1.18196817 1.28879733 231 231 231
-0.740606214 0.584250016 0.887123408 106 107 110
-1.02274006 0.581577995 1.61971842 11 26 53
-1.24693057 0.578610849 1.06185149 143 143 143
5.67493104 -0.221770328 1.44231564 0 0 0
-0.780389088 0.580757217 0.890331993 101 103 107
-5.33641021 -0.729006839 1.07993395 128 128 128
4.39902092 -1.62952154 1.4934912 104 110 126
-1.34566461 0.593876525 1.05115123 143 143 143
-29.9619171 2.38030978 -13.0816422 60 63 73
-0.782176994 0.584021402 1.08988514 71 74 81
-5.33795922 -0.725608672 1.16328709 130 130 130
4.6514785 -1.73890514 1.46762105 8 8 8
-5.39832321 -0.704309361 1.19696991 0 0 0
-0.553158029 0.583344244 1.2594558 104 105 109
-0.801785564 -1.58925741 0.990868881 8 8 8
-0.953262964 0.580769699 1.08394492 124 124 124
5.67621236 -1.42592663 1.42253693 0 0 0
-2.40836552 -0.244554176 0.588837303 60 63 74
-3.03509205 0.709225661 1.0557399 231 231 231
-1.1424774 -1.10957204 0.626940448 0 0 0
-1.12534159 -1.04512947 0.662558183 0 0 0
-0.719565268 0.584739409 1.25847383 99 101 105
-2.34226423 -1.1161993 1.23318512 0 0 0
-1.42590471 0.591924128 1.26386294 44 47 48
-0.765138965 0.58235197 1.50739301 73 80 92
0.450529622 -0.891410933 1.51701328 0 0 0
-1.1424774 -1.10957204 0.626940448 0 0 0
-0.714441242 0.582733971 1.30406753 11 83 38
-1.08533053 -1.08042028 0.739846117 130 130 130
5.67328782 -1.32881795 1.38116331 0 0 0
-2.85802897 0.656289141 1.07587073 231 231 231
-1.5513328 0.595893798 1.18602327 4 7 16
-2.17337494 -0.960416385 1.2260749 0 0 0
-1.68698885 0.587784131 1.17271708 20 23 24
3.94640065 -1.63938534 1.48874889 104 110 126
-0.954790053 0.584111278 0.911263399 123 123 123
-1.91071542 0.599517386 0.462360158 6 19 43
2.68418951 -0.977726361 1.05323899 0 0 0
-0.756908138 0.650379115 1.04122791 122 122 122
-1.12714067 -1.68132401 0.553055628 231 231 231
-0.986478992 0.574959556 1.59527146 10 28 58
4.01370407 -1.46393627 0.971192261 165 165 165
-0.754518566 0.583202654 1.18600093 66 70 78
-1.48062888 -1.3154706 0.534360071 107 113 130
-0.698764225 0.584720466 0.904181436 73 75 81
-0.500527347 0.583121393 1.30674609 124 124 124
-1.31885652 0.582249782 1.15081232 0 0 0
-2.22604608 -0.991756541 1.22295077 236 236 236
-0.472958087 0.584540264 1.11879979 124 124 124
3.95953178 -0.432132921 1.12949342 0 0 0
4.11594202 -1.5183337 1.05679645 0 0 0
-1.79695606 0.59049908 1.16725359 11 13 14
-2.25834574 -1.00603131 1.23210105 0 0 0
-0.711447386 0.581460747 0.973225632 23 59 47
5.74440565 -0.264337715 1.29588063 231 231 231
-2.59918848 0.512190501 1.09588709 10 10 10
-0.74763696 0.579263017 1.36516366 124 124 124
2.34284464 -1.79497461 -0.0113535014 231 231 231
-0.478960409 0.584495031 1.12364607 12 90 38
-1.66870118 0.588386341 1.15899971 8 9 10
0.835952049 -1.61959375 1.47711467 7 13 33
-0.774335612 0.582998719 0.951906487 51 55 66
5.48292337 -0.355026753 1.08699275 59 62 72
-1.06325596 0.582424199 1.5780772 9 25 55
-0.747268234 0.581271024 1.51631709 94 101 111
-2.76385587 0.117287251 1.1140288 108 106 106
-1.09830493 0.230401633 1.47177281 0 0 0
-0.943089811 0.584614847 0.887380047 103 105 108
4.28880957 -1.15782754 0.831800402 59 62 72
-0.718053954 0.583368603 1.09078096 69 72 80
-0.947795467 -0.963235809 0.832454255 197 197 197
2.07630017 -1.55592667 1.02278726 0 0 0
-0.943089811 0.584614847 0.887380047 103 105 108
4.28888957 -1.15656088 0.831994189 59 62 72
-1.33123775 0.586498391 1.10333255 0 0 0
-0.949042275 -0.969232894 0.857417802 0 0 0
-0.81008525 -1.5849558 0.99284316 8 8 8
-0.536877814 0.582980452 1.13058466 111 117 124
4.05981802 -0.582805096 1.1448886 0 0 0
-0.810768123 0.582911087 1.52493759 57 64 77
-0.969682092 -0.864546512 0.826065961 87 92 106
-0.0795558354 -1.7241297 1.11528879 0 0 0
-0.568163267 0.584882862 1.13541938 42 47 60
6.0675097 -1.66109994 1.0344104 0 0 0
-1.19186888 0.583102256 1.26280108 3 9 21
-1.33419762 0.577703996 1.45445461 0 0 0
0.972243863 -1.62378423 1.42046431 94 97 104
-0.54045655 0.583511071 1.16370874 23 31 49
4.26150587 -1.61498901 1.38859865 59 62 72
-1.21141279 0.598898922 0.460499246 6 19 43
-0.523466274 0.583358289 1.09047483 100 101 104
42.4973475 -30.3776308 -20.296585 0 0 0
-0.942653172 0.576519302 1.13209803 120 120 120
-0.970025514 0.584875236 0.944240949 124 124 124
5.61360442 -1.17459709 0.867300719 59 62 72
-1.3717248 0.606255609 1.21000339 142 142 142
5.48638287 -0.754135111 1.0621686 231 231 231
-2.79537196 0.741425592 -0.0621531707 0 0 0
-0.952777832 -0.856394364 0.918716876 98 103 118
-0.764185768 0.580892373 1.08442902 124 124 124
1.13214233 -1.66449428 1.48212963 97 98 100
1.20744908 -1.75541995 0.865858516 0 0 0
-0.52478855 0.583037521 1.15471242 124 124 124
4.14601857 -1.28108088 1.12083233 0 0 0
-0.0672672737 -1.34251892 1.14563705 8 8 8
-0.0672672737 -1.34251892 1.14563705 8 8 8
-0.947749866 -1.08337847 0.798997616 0 0 0
4.72562195 -1.64696307 1.36412214 231 231 231
-2.70062846 0.586519909 1.0693339 81 85 98
6.19033963 -1.15804508 1.36668661 0 0 0
-2.95297823 0.573489877 1.09104861 231 231 231
5.98980495 -1.64177052 1.01409023 0 0 0
5.81212978 -1.7292421 0.886449119 8 8 8
5.84623037 -1.74058076 0.877032061 8 8 8
-2.98208987 0.34089828 1.02739142 72 76 87
4.49603046 -1.51595985 1.3130311 231 231 231
-3.03250859 0.32683612 0.99419899 92 97 111
-2.97958108 0.574338528 1.08086764 231 231 231
-0.943305797 -1.08805927 0.959904755 0 0 0
4.7940902 -1.62498774 1.29704001 74 78 90
-2.67627613 0.455664896 1.14832937 63 66 77
-4.48546107 0.691877466 1.04431516 0 0 0
3.25126635 0.00921400212 1.07032339 0 0 0
-0.51696236 0.579015078 1.5077944 0 0 0
5.77144583 -1.73335131 0.886364401 8 8 8
-1.2383429 0.578264026 1.05455493 143 143 143
-0.777339501 0.586836523 0.902313816 86 87 92
5.55090605 -1.59783479 0.821078363 231 231 231
5.75177247 -1.72776528 0.890653221 8 8 8
-1.23740885 0.577323134 1.0550715 143 143 143
-0.818803615 0.589527627 0.883284179 114 115 116
5.4722298 -1.52000435 0.999185695 231 231 231
5.65168901 -1.3673388 1.35531381 130 130 130
5.65127227 -1.36721116 1.35530464 130 130 130
-0.95225318 0.582902674 1.14084863 124 124 124
-1.38264259 0.590418 1.47901015 1 1 1
96.7661525 -73.4578477 -52.1648374 0 0 0
-0.491791101 0.583611477 1.07219408 107 108 111
-1.38581083 0.581278795 1.09324772 142 142 142
-0.556743007 0.583403408 1.07328713 101 103 107
-2.78258631 0.151183329 1.09864518 70 74 86
4.07354526 -1.51944842 0.973187347 0 0 0
-0.529031454 0.581094057 1.07487635 104 106 109
-0.754878532 0.582271324 1.07353749 99 102 105
-0.52190922 0.582601544 1.27706309 68 71 79
2.74914581 -1.3445908 1.29966435 111 117 134
5.87203749 0.213738543 1.33382801 0 0 0
-1.70805983 0.594232605 1.19629303 13 20 18
-0.950793351 0.585241185 1.08955851 82 84 89
4.09616732 -1.46790004 0.981342774 0 0 0
-1.33799175 0.592260473 1.09776176 0 0 0
5.73945441 -1.11346546 1.44468123 231 231 231
-1.66300102 0.594621633 1.1759955 15 17 18
4.20325429 -1.11909986 0.841449561 109 114 131
0.176040143 0.709718574 0.316587765 0 0 0
-2.91840436 0.75152537 0.999148232 231 231 231
4.06029605 -0.432657661 1.12559299 0 0 0
-1.48643719 0.598643946 1.36399815 2 2 3
-2.86935143 0.595281525 1.04003746 10 10 10
2.62862101 -1.14842062 0.887188691 59 62 72
4.14030893 -1.51591331 1.08709259 0 0 0
-0.766515285 0.559902004 1.11237211 0 0 0
-0.965595715 0.580863655 1.35539331 12 90 38
5.64664447 -1.61149498 0.860907521 115 115 115
-0.955495336 0.582458202 1.16211061 90 91 95
-0.772679466 0.585369809 0.982183808 109 116 122
5.22719765 -1.19319336 0.818053437 68 71 83
5.54996214 -1.5209266 0.897667764 59 62 72
-1.68605818 0.59534269 1.33755862 23 29 41
-1.40018255 0.590366007 1.49088851 1 1 1
-0.718821788 0.583697003 1.07280916 94 97 103
4.26228925 0.0307414805 0.838130142 59 62 72
-0.679649512 0.582545612 0.888682071 98 100 104
-0.865072387 0.581969635 1.6154322 80 84 94
5.60975327 -0.272717045 1.07600185 231 231 231
-0.693158038 0.583656696 0.886382465 103 105 109
-0.754518566 0.583202654 1.18600093 66 70 78
-0.865072387 0.581969635 1.6154322 80 84 94
4.05434443 -0.570696437 1.13716455 0 0 0
-0.719074812 0.583975956 0.946434827 122 122 122
-0.512931004 0.583498914 1.08735791 120 120 121
5.18080952 0.387450349 0.865152917 108 114 131
3.87988402 -1.53085943 0.869786585 59 62 72
-1.7372688 0.584294541 1.12963615 6 15 7
5.63660692 -1.251346 1.21049816 115 115 115
5.2404419 0.4225608 0.843585592 67 71 82
-0.532927105 0.583060564 1.0876053 122 122 122
-0.999698324 0.582102346 1.50690203 69 76 88
5.78864191 -0.258053197 1.39365788 0 0 0
-0.49358655 0.584147782 1.11903857 123 123 123
4.17071272 -1.54885888 1.14057211 163 163 163
3.91388366 -1.62843164 1.48346335 89 94 108
-0.992604997 0.583610137 0.970690839 69 71 79
-5.28066426 -0.803156421 0.959689103 231 231 231
5.55544302 -0.174432525 1.4810493 59 62 72
4.63030818 -1.59963082 1.34103872 231 231 231
-0.992604997 0.583610137 0.970690839 69 71 79
-0.774335612 0.582998719 0.951906487 51 55 66
-0.534113731 0.583664267 1.12091141 15 43 45
2.65700929 -1.05249061 1.01108674 130 130 130
4.26319714 0.0668782385 0.828987091 116 122 140
-0.920845774 0.582740804 1.09227833 78 79 85
-0.973526597 0.585958995 0.903040686 73 75 81
-3.13385084 0.162773014 1.24635204 75 79 91
4.73465335 -1.47053464 0.856599553 109 115 132
-0.780194426 0.582574372 1.27668341 65 68 76
5.7403679 -1.72000148 0.879976201 231 231 231
4.72562195 -1.64696307 1.36412214 231 231 231
-0.5504576 0.583322365 1.34649466 124 124 124
-0.976162994 0.58139339 0.961046181 124 124 124
5.62985749 -1.24678654 1.21022203 130 130 130
-0.990071773 0.584228775 1.17724996 37 63 55
-0.74056626 0.581777229 1.61521016 74 78 90
-0.974844866 0.579651607 0.978669512 122 123 123
-2.86225887 0.103399418 1.05002227 69 73 84
-2.26226764 -1.68370337 0.514865596 231 231 231
-2.59290377 0.0799084702 0.712796265 228 228 228
-1.39472573 -0.852698598 0.500972908 106 112 128
-1.2855391 0.582166186 1.06012131 142 142 142
-1.20156231 0.589968082 1.17272386 149 149 149
-1.60476082 0.0872502804 1.40719829 0 0 0
-8.78645639 -6.2149952 -2.42209917 8 8 8
-2.26990757 -1.0337005 1.22898989 0 0 0
-0.783686031 0.591207615 1.07741297 122 122 122
-0.943581789 0.580745159 0.907978444 90 92 96
-2.39707689 -1.12271806 1.22962186 235 235 235
-3.32327985 0.256162865 0.977253089 70 73 85
-1.26933377 0.338211816 1.70465055 123 123 123
-0.0843116186 -0.0832421389 0.00110405063 0 0 0
5.194915 0.164499725 0.846292805 59 62 72
-1.40115795 0.590675685 1.24630581 236 236 236
-1.03051677 -1.31073424 0.611908726 59 62 72
-3.36167679 -1.32964557 1.09605692 8 8 8
-2.55447324 -0.202177956 0.720047983 110 116 133
5.63632735 -1.39327825 1.30211074 130 130 130
-1.68080909 0.58685141 1.58532507 72 75 81
-1.66714196 0.586851036 1.59996973 20 29 48
-1.36324603 0.588458966 1.40565472 4 8 6
5.20331194 -0.715260377 1.18487281 59 62 72
-2.70267413 0.763541336 0.878186134 9 9 9
-1.3630664 0.591013828 1.48665251 19 20 22
-1.45005616 0.590839852 1.47127486 32 37 47
-2.96905994 0.761478304 0.922315572 9 9 9
-1.74131688 0.587532636 1.57649017 10 21 44
5.68456536 -1.27396112 1.42195321 0 0 0
-2.2077677 -0.937733267 1.2529204 0 0 0
5.68623317 -1.24721922 1.48128308 130 130 130
-2.20806571 -0.937679383 1.25327961 0 0 0
-5.39792592 -0.875713353 1.17613716 114 114 114
5.53691366 0.151216445 0.881209969 231 231 231
-1.49839916 0.594220322 1.21752683 1 3 7
-2.87855256 0.763005043 1.01743064 2 2 2
-5.15344881 -0.353000247 0.96396117 79 77 77
5.81088261 -1.72570058 1.57861807 8 8 8
5.83601683 -1.74329611 0.859767824 231 231 231
-3.35540352 0.28530916 0.723571649 0 0 0
-2.88441581 -0.933971648 1.21133747 118 118 118
-1.72390473 0.599600965 1.57121308 7 19 43
22.3629642 -10.5934848 -9.20382074 8 8 8
-1.51317033 0.591231563 1.31560218 29 37 36
-0.94005463 -0.999210998 0.913322207 0 0 0
1.8986131 0.285831391 0.735247431 107 112 129
0.805011888 0.768261323 0.906653777 9 11 14
2.54242686 -1.670372 0.955689167 231 231 231
5.2828266 -0.966664029 1.07108106 105 103 103
-1.64399022 0.517399207 1.22888929 6 9 8
-1.52672553 0.590754735 1.31064498 6 8 7
5.65948643 -1.36824235 1.30353246 130 130 130
-5.34952789 -0.730002701 1.07407958 127 127 127
1.34626259 -1.64236062 1.65021574 0 0 0
-0.979509591 -1.33960389 0.989391965 95 100 115
5.1336006 -1.52681926 1.11571712 8 8 8
0.00632220221 -1.8021721 0.931785842 74 74 74
-0.218560364 -1.69804051 1.09748562 130 130 130
-0.206786056 -1.75871859 1.20657863 231 231 231
-2.26160232 -1.0135382 1.23051212 0 0 0
5.66359207 -1.32656142 1.35226886 130 130 130
5.66359207 -1.32656142 1.35226886 130 130 130
2.30652002 -0.850361619 0.888269986 104 109 125
5.67642074 -1.29960601 1.39674753 130 130 130
5.72829846 -1.25763206 1.48799358 59 62 72
-2.84525883 0.75998635 1.06739785 2 2 2
0.284435881 -0.662088259 1.62901506 0 0 0
-2.12824373 -1.04809755 1.24341931 0 0 0
-2.23059962 -0.987952685 1.22751604 236 236 236
-0.978802992 -0.918145333 0.990938516 130 130 130
-2.07136677 -1.2853096 1.22048626 231 231 231
-1.32063024 -1.58830309 1.00107415 8 8 8
-0.977454703 -1.69714221 0.919798823 8 8 8
-0.988825487 -1.67881533 0.934568047 8 8 8
-0.107121289 -0.115283028 -0.00744167706 86 81 77
4.66196408 -1.62179621 1.30340027 93 98 113
-0.953494182 -0.935063666 0.945688354 0 0 0
1.74406718 -0.124718521 0.844269517 102 107 123
1.99493788 -0.0339701059 1.0159863 0 0 0
-0.965754044 -1.37742065 0.9821028 231 231 231
-0.971724726 -1.75688546 0.874965884 8 8 8
-0.79773603 -1.60310432 0.987666981 8 8 8
-2.51478502 0.77110466 0.868353414 8 8 8
-2.34150549 -1.10939699 1.23617962 0 0 0
-1.76159013 0.591535365 1.14971802 6 6 7
-0.944880251 -1.09925637 0.741366372 197 197 197
-1.97660264 -1.74196937 1.13343746 0 0 0
-0.96670732 -1.61067245 0.986225437 231 231 231
-4.76812094 0.729533073 1.09165373 116 122 139
-2.35687044 -0.940462976 1.227592 224 224 224
-1.05980074 -0.882266914 0.481412737 94 99 114
-2.87130791 0.532558561 1.09697965 231 231 231
-5.73453915 -0.17881778 1.04342145 0 0 0
-2.75182064 0.21971713 0.897259912 0 0 0
-5.29457358 -0.751899383 1.06774553 220 220 220
-2.65388351 -0.198337459 0.948135002 113 119 136
-4.57349276 0.715788202 1.14016598 0 0 0
-0.990107248 0.579246896 1.35171961 9 22 44
-1.67651903 0.591024377 1.20237102 27 31 32
-2.22621614 -0.24091421 0.58074489 71 75 86
-1.40202326 0.5915906 1.33556806 41 52 51
5.66814737 -1.29599068 1.2480234 130 130 130
-1.63421219 0.591875036 1.15927632 18 30 21
-5.3048656 -0.821518428 0.956834309 231 231 231
5.58169852 -1.13021574 0.853554018 231 231 231
-0.738671541 0.582933603 1.07335648 62 63 65
-2.56258431 -0.0380781304 0.79183857 228 228 228
-0.943681812 -1.07647295 0.75951468 197 197 197
1.74529515 -1.35513972 0.875760221 0 0 0
-4.87600349 -0.36961984 0.989319675 79 77 77
-0.953804815 -0.93372464 0.755152068 197 197 197
4.28906879 -1.55890215 1.05723791 231 231 231
-5.34802108 0.74207829 1.05396049 0 0 0
5.99009242 -1.53921639 1.459202 8 8 8
-5.37956755 -0.843335398 1.15510887 231 231 231
-2.53755993 0.651370843 0.653330121 5 5 5
5.76112817 -1.56690624 1.2570982 231 231 231
-0.949119404 -0.985813862 0.854837685 197 197 197
5.85129991 -1.15205478 0.136474106 85 79 75
-1.22612245 0.586850012 1.06374043 0 0 0
-0.750230678 0.583361596 1.08215185 124 124 124
5.68678516 -1.33350553 1.33289173 0 0 0
-2.60425731 0.2559103 0.611920348 0 0 0
5.80458828 -1.71713274 0.806665085 231 231 231
-1.47120569 0.5917575 1.34796103 23 47 28
5.75449599 -1.49432615 1.44294047 59 62 72
-0.958440383 0.571732922 1.1703031 85 87 92
4.66817567 -1.75018859 1.47218318 8 8 8
-1.41590864 0.588683397 1.30673082 83 86 88
-0.954219378 -0.912968032 0.737871344 197 197 197
-0.753898483 0.581665345 1.14697045 34 42 58
0.0624046764 0.790141312 0.830611891 29 30 30
-0.965444521 -0.883738341 0.987281274 99 104 119
-2.57804436 0.231026525 0.605441024 107 112 129
-0.100630746 -0.0738317394 -0.0281658552 0 0 0
-0.944751035 -1.01112605 0.824994962 197 197 197
5.60025819 -0.645114469 1.05952101 59 62 72
-1.28762079 0.590710934 1.08897528 142 142 142
5.57260357 -1.14960997 0.867445263 231 231 231
-0.98946624 0.584718645 0.905895868 114 114 116
5.21077648 -1.1254802 0.842220198 110 116 133
-0.755121347 0.580866079 1.3146601 26 63 50
-0.975388255 0.577482148 1.33164184 111 117 124
-1.78060724 0.586319368 1.13950802 63 65 67
-1.79818731 0.59136803 1.13883683 54 57 58
4.15909877 -1.42841528 0.879270486 164 164 164
-0.993896348 0.581828245 1.14377547 102 108 114
5.678283 -1.42696586 1.42263458 0 0 0
-0.672668344 0.585262647 0.88609186 102 103 107
-0.739993244 0.583124347 1.25871846 97 100 104
4.03272253 -1.46975463 0.988251543 165 165 165
4.13993177 -1.53271701 1.1505936 164 164 164
-0.702016381 0.581852848 1.42633413 59 62 72
5.57362254 -1.1497932 0.866736442 231 231 231
-0.954831413 0.581200932 1.33451594 112 118 124
-2.20522375 0.669146794 0.97154556 7 21 42
4.09056804 -2.01148625 0.637907788 8 8 8
-0.735516413 0.583336697 0.905293514 76 79 84
4.05309391 -0.501267779 1.12240226 0 0 0
-2.5430804 -0.00692435063 0.753869039 228 228 228
4.17154552 -0.60219033 1.11991169 234 234 234
-1.70975684 0.59157679 1.11809411 51 79 61
-0.699625336 0.576754609 1.27995079 65 68 76
-0.70954346 0.599895821 1.62074765 12 31 62
6.0493635 -1.2295899 1.38791542 0 0 0
-2.76699448 0.750331309 1.18831827 231 231 231
2.72176237 -2.41139383 0.241772899 0 0 0
-0.168170352 -1.70539254 1.05902934 130 130 130
-0.998779641 0.585786777 1.32170942 112 118 124
-1.35970578 0.563988657 1.17286006 142 142 142
-2.73369914 0.647622474 0.993644919 231 231 231
-5.34683157 -0.753443561 0.94266801 185 185 185
-0.796735562 0.582585822 1.0974659 123 123 123
4.06060362 -0.452549237 1.12889619 233 233 233
-1.39510177 0.584330086 1.50464747 13 23 44
4.69051177 0.0547981086 0.831931263 110 116 133
-1.02126305 -0.840519284 0.626657205 86 90 104
4.12034296 -0.590652935 1.1333872 234 234 234
-0.749245398 0.584267666 0.950769253 121 121 121
5.53713315 -0.83969195 1.0547191 0 0 0
-0.969766929 0.582902372 0.888060303 104 105 108
5.69010858 -0.161343672 1.48194495 59 62 72
-0.75340851 0.58114162 1.14730095 51 56 67
-1.61191028 0.593348159 1.14631944 3 6 17
4.07715952 -1.46202227 0.968297435 164 164 164
-0.762651791 0.582674403 1.25897937 97 99 104
5.62757885 -1.42044104 1.27516071 0 0 0
-0.967473199 0.581158251 1.37086689 37 94 51
5.74629075 0.149472977 1.34035196 231 231 231
-2.7853571 0.565274412 1.06000676 10 10 10
4.38351023 -0.628935744 1.44111647 0 0 0
-2.66719742 0.504885092 1.10029672 9 9 9
6.0714978 -1.65370822 1.07096738 231 231 231
-0.885056626 0.783691187 1.60027289 0 0 0
6.10421502 -1.65672544 1.07532031 231 231 231
-1.74131403 0.579951846 1.1123925 1 2 6
-2.54447635 -0.00694981396 0.752872877 228 228 228
6.11340869 -1.66149214 1.07832042 231 231 231
-0.847154811 0.581177417 1.63163886 63 68 82
4.0648717 -1.70732131 0.486027196 8 8 8
-0.892463172 0.581825954 1.63207469 79 82 92
-0.502075317 0.582265108 1.10821909 124 124 124
-0.929603907 0.583902236 1.15932241 124 124 124
2.8409798 -0.724218937 1.77363292 8 8 8
-0.691810092 0.583082433 1.09089959 97 98 101
-3.29584848 -0.229873539 0.841043835 116 122 139
-2.69079034 0.583460125 1.06913049 81 85 98
5.03903276 -0.694423059 1.45395048 8 8 8
-0.683105744 0.582996293 1.09148531 85 87 92
4.34343663 -1.51548045 0.847513575 108 114 131
-0.847403467 0.582261542 1.63141271 74 78 89
-2.50939356 -0.233108877 0.62598624 103 108 124
5.64137059 0.268088716 1.49731284 59 62 72
-0.770080498 0.58278268 1.31400215 124 124 124
-0.804720412 0.585480815 1.2757017 68 70 78
5.29447591 -0.792619734 1.09619032 121 119 119
-4.19267141 -0.793132181 1.05155905 231 231 231
-1.41423718 0.590699626 1.40723041 0 0 0
4.07996526 -0.535853962 1.12764274 0 0 0
-2.92585602 0.743442015 1.23052303 2 2 2
-0.8361419 0.584656085 1.61505203 89 92 99
4.06067192 -0.452165733 1.12904303 234 234 234
-2.51205513 -0.0877727978 0.670025063 228 228 228
4.03173282 -0.550554389 1.12844743 192 192 192
-2.53884378 0.657460833 0.657332175 5 5 5
-3.30615252 0.315457912 0.668949449 108 114 131
6.21007127 -0.741215266 1.33074162 0 0 0
-2.24199093 0.220202382 0.516827059 0 0 0
-1.80588168 0.592283088 1.15380799 42 57 46
-1.80588168 0.592283088 1.15380799 42 57 46
-2.89408195 0.747418049 0.931743945 24 26 26
5.76628951 -1.73166583 0.817739812 77 81 94
-1.51692988 0.596622195 1.30291363 11 13 14
-2.53754309 0.600398434 1.03387169 24 26 26
3.96128958 -1.53563802 1.14654288 164 164 164
-1.32492779 0.565482845 1.4756414 0 0 0
-1.99114485 -0.891208262 0.0995215857 67 67 67
5.42433636 -1.55240516 0.881264328 231 231 231
-5.39307868 -0.617313068 0.915943028 179 179 179
5.2126336 -0.271780137 1.14872063 59 62 72
-3.76382752 0.56315702 1.19544281 231 231 231
-0.529031454 0.581094057 1.07487635 104 106 109
5.23350967 -0.759544865 1.14447867 59 62 72
-4.30152223 0.712829615 1.08205442 231 231 231
-0.744010955 0.587054069 0.98363296 19 72 44
-0.75601317 0.587300538 1.0954174 124 124 124
3.99332324 -1.45911598 0.93324109 0 0 0
-1.31031511 0.586262684 1.14222711 143 143 143
-2.25734842 -0.24851142 0.605520709 60 64 74
-0.870105289 0.672886557 1.29507136 16 82 41
6.2118763 -0.786156408 1.36120146 0 0 0
-2.75477602 0.765915701 0.900497252 11 24 44
3.84463441 -1.76621084 0.863211503 8 8 8
-5.28970173 -0.633420376 1.00122326 146 146 146
4.24728613 0.0492449838 0.79014164 62 65 76
-4.00309998 0.708178214 1.14943406 0 0 0
5.55878338 -1.52902975 0.861046236 231 231 231
-2.73242203 0.770865114 0.85163521 231 231 231
-2.57818494 -0.0746761487 0.825974955 228 228 228
5.67599022 -1.33007672 1.3807594 0 0 0
-1.69758111 0.590523064 1.22558267 16 89 39
4.64810303 -1.75217914 -0.0139789323 231 231 231
3.88833245 0.119214685 0.882726515 115 121 139
-2.71802095 0.655911672 0.904662326 5 5 5
-0.679649512 0.582545612 0.888682071 98 100 104
3.91065245 0.123015667 0.875699052 235 235 235
-2.96050781 0.602898208 1.0458825 94 99 114
4.14399485 -0.601369472 1.13100325 232 232 232
-4.2195256 0.686097672 1.16839303 98 103 118
5.27952133 0.197652122 0.824234666 109 114 131
-1.73763035 0.591980339 1.11852355 54 67 58
4.66272118 -1.60886858 1.28947542 231 231 231
-1.51615247 0.59148334 1.27744819 21 25 26
4.66272118 -1.60886858 1.28947542 231 231 231
-1.84264263 0.590038926 1.46030507 68 72 81
-0.563041432 0.582780527 1.13157208 110 116 123
5.83314013 -0.680917844 1.31827699 231 231 231
-0.773733193 0.584615631 1.14599499 57 62 72
3.94443799 -1.68806612 0.506258517 8 8 8
-2.22375036 0.20674682 0.604811641 75 79 91
-0.920845774 0.582740804 1.09227833 78 79 85
4.85967016 -1.84898619 -0.170066264 231 231 231
-0.940098289 0.584117953 1.09658621 121 121 121
5.21424971 0.155160329 0.832391854 68 72 83
-1.56745013 0.593552833 1.26553827 67 83 79
-0.958942129 0.581755838 1.25951835 97 100 104
5.24062848 0.159203225 0.834688409 107 113 129
-2.77038681 0.762177671 0.922528346 6 20 42
-1.65559008 0.59536419 1.13302136 25 26 27
-1.32182893 0.597725171 1.44663434 58 86 69
3.96612184 -1.4479988 0.88029933 59 62 72
-0.974702839 0.580753935 1.59985192 60 66 79
-4.13474404 -0.821636354 1.0235085 70 68 68
-0.727372362 0.580543526 1.61535986 15 34 64
5.55046604 0.210734113 0.858943844 231 231 231
-0.705780099 0.584340198 0.9056428 64 67 75
-0.992327923 0.581696534 1.59443638 11 28 58
5.5932113 -1.52035894 0.846662127 231 231 231
-0.772734937 0.583348717 0.980291905 112 118 124
6.02743954 -1.65039139 1.10057291 0 0 0
-2.19509342 0.62233088 0.581553293 92 97 112
4.69309195 0.0318062061 0.810795061 231 231 231
-2.55538422 0.243947558 0.651957685 100 105 121
-0.691810092 0.583082433 1.09089959 97 98 101
4.16733017 -1.65098887 1.46152321 59 62 72
6.15760727 -0.74230102 1.2194147 231 231 231
-2.56164905 0.626594114 0.63231115 0 0 0
6.13215963 -0.742033481 1.22202727 231 231 231
-2.54534122 0.617310587 0.662501938 98 103 119
-0.933941996 0.582065269 1.61573462 70 73 85
-1.01615425 0.581675213 1.25990557 98 100 104
3.87587863 -1.45639575 0.850749319 113 118 136
-2.55569851 -0.016587566 0.771940989 228 228 228
3.87587863 -1.45639575 0.850749319 113 118 136
-2.56584165 -0.0588097435 0.798365578 0 0 0
-0.940183029 0.581971566 1.50753366 69 76 88
-0.81204659 0.581925225 1.50692293 70 77 90
4.70881648 -1.74022915 -0.0618766222 85 79 76
-2.57760895 0.0264983124 0.82401843 228 228 228
4.03118866 -1.35791162 0.61634816 231 231 231
-0.756629773 0.58252084 1.3128482 49 67 69
4.03118866 -1.35791162 0.61634816 231 231 231
-0.743886743 0.582511885 1.35283736 62 68 78
4.74575939 0.0341052707 0.824572653 59 62 72
-2.61612128 -0.123716925 0.909818574 228 228 228
5.64750012 -1.30585859 0.851578646 59 62 72
-2.61322901 -0.122085482 0.910162669 228 228 228
4.18793262 0.316853499 0.865681869 234 234 234
-1.7334937 0.593004806 1.12636454 80 83 84
-2.60447464 0.595439957 0.743305082 111 116 134
4.1830054 -0.405514975 1.10551196 232 232 232
-2.98752482 0.7304744 0.817996086 110 116 133
5.70546768 -1.2933147 1.35639433 0 0 0
-3.00874682 0.197466769 1.01951915 102 107 123
-4.14510147 -0.789020843 1.05857409 231 231 231
3.9328149 0.326473102 0.865840762 235 235 235
-3.01918642 0.584257378 1.00284802 231 231 231
-2.9818508 0.762815807 1.21649643 2 2 2
3.9328149 0.326473102 0.865840762 235 235 235
-1.34622889 0.581556163 1.48152941 113 113 113
4.00436065 0.238912024 0.862484249 0 0 0
-2.83076002 0.768361959 1.16457285 231 231 231
4.00953342 0.314841052 0.85888601 0 0 0
-5.38833856 -0.347677491 0.962136132 231 231 231
3.93489009 0.332263957 0.862249512 235 235 235
-3.11699808 0.312971665 0.747992822 0 0 0
-3.11699808 0.312971665 0.747992822 0 0 0
3.85252114 -1.49158949 0.844272945 110 116 133
-0.763963143 0.584559884 1.25796634 95 97 102
-5.28551862 -0.293071082 1.01403886 199 199 199
4.25836816 0.404588877 0.83637325 109 115 132
-0.967393603 0.578796705 1.26086186 108 109 112
-1.4131746 0.595501665 1.2972719 63 65 67
4.03343114 -0.465007823 1.12814526 0 0 0
-1.2935199 0.591188429 1.057359 143 143 143
3.93882778 -1.53514784 1.14269883 80 84 97
4.30777168 -1.44658384 0.832011384 59 62 72
-1.50050292 0.588747093 1.27858729 21 25 26
-2.88554723 0.761179303 1.02645762 2 2 2
3.87567527 -0.39981173 1.12756884 234 234 234
-2.59419176 0.761712671 0.924894736 6 20 42
5.46200191 -0.259037275 0.393710045 0 0 0
-3.15020101 0.599007869 0.957829123 94 99 113
4.6719487 0.039746941 0.803653375 62 65 75
-1.01910915 0.582151528 1.53059387 94 100 111
5.18042672 0.0380796256 0.782591155 231 231 231
-0.672553433 0.58502122 0.886281119 94 97 102
-3.47824438 0.62547437 1.24410375 231 231 231
5.19746082 -1.46798795 0.857664914 110 115 132
-0.714119714 0.58547036 0.885979084 94 97 102
-1.30921625 0.585438533 1.14312225 143 143 143
5.22589624 -0.729065511 1.13550876 231 231 231
-0.766192534 0.58184787 1.07413308 93 95 101
-2.55306767 0.017014405 0.771488146 228 228 228
3.65465415 -1.57360637 0.630045748 8 8 8
3.7798702 -3.23648665 -0.22175762 0 0 0
-1.84066702 0.590668469 1.40891969 67 71 80
3.96477531 -1.65153358 0.965222368 231 231 231
-0.733259266 0.58393541 1.14540638 14 25 46
-1.83901714 0.590182289 1.40985022 67 71 80
-3.12807248 0.603072767 1.21034233 88 92 106
2.79338707 -2.21981848 0.487681149 0 0 0
-0.965526897 0.582816187 1.07463373 103 105 108
-4.00309998 0.708178214 1.14943406 0 0 0
-5.41714314 -0.701863881 1.03513383 193 193 193
-1.19398531 0.585406362 0.942038619 6 19 43
2.73056289 -0.929224003 1.13518896 0 0 0
-0.734998013 0.58324105 1.31492433 14 50 45
2.73056289 -0.929224003 1.13518896 0 0 0
-0.961288549 0.583494384 1.2582976 95 97 102
5.18773745 0.0764518354 0.834016931 75 79 91
-2.5690545 -0.020298485 0.800824401 0 0 0
4.35277041 -1.63034785 1.29503221 75 79 91
-5.28915772 -0.744103698 1.02461733 111 111 111
4.15827215 0.150893694 0.863402616 0 0 0
-3.22091535 -0.217006581 0.8348873 118 124 142
-2.43835643 -1.01723212 1.32257899 0 0 0
-2.95468948 0.315844379 0.909258832 61 65 75
4.15827215 0.150893694 0.863402616 0 0 0
4.05471037 -1.47910522 1.01642521 0 0 0
-2.75322546 0.660761853 0.997941191 9 9 9
5.51245841 0.200559423 0.87081722 231 231 231
-5.3594479 -0.713988988 1.08728115 231 231 231
5.24995292 0.379869402 0.949935439 59 62 72
-1.01528737 0.581777177 1.62995733 76 79 88
4.09787636 -1.49250684 1.02056693 164 164 164
-6.61497199 -0.529909053 0.907684535 231 231 231
4.80964212 0.389753256 0.966219067 84 88 102
-5.69263592 -0.182821837 1.04980428 0 0 0
-5.52636863 -0.358384272 0.988178537 188 188 188
4.11268899 0.144772183 0.880856603 0 0 0
-0.920896998 0.582400588 0.888550288 97 99 104
4.05251581 0.197117736 0.86778009 235 235 235
-0.920896998 0.582400588 0.888550288 97 99 104
-0.951324902 0.5819023 1.1416406 124 124 124
5.57702259 0.133704205 0.853635951 231 231 231
-0.933984492 0.582966278 0.953140478 37 49 56
-2.22337158 0.223687944 0.57105912 93 97 112
2.78585172 -0.860309953 1.26533749 79 84 96
-0.933984492 0.582966278 0.953140478 37 49 56
-2.50359302 0.073041584 0.65088871 228 228 228
-2.76102242 0.200118984 0.922519222 0 0 0
-2.65601546 0.768401897 0.896861059 124 124 124
3.85990607 0.542873784 1.09401676 29 30 30
-1.02054504 0.583185245 1.07356748 100 102 106
4.0593268 0.16127249 0.869084618 0 0 0
-3.02998243 0.336036357 0.971067174 69 73 85
4.41612928 0.0674124706 0.81346539 112 118 135
-0.698654262 0.583520713 1.27623408 123 123 123
-2.84106999 0.770550205 1.1386614 4 4 4
-1.39687779 0.587902816 1.48976281 1 1 1
5.23420457 -0.341721362 1.1429804 59 62 72
-0.74171556 0.583276883 1.26209339 124 124 124
-5.32463474 -0.728969262 1.01221401 111 111 111
4.11946244 0.149344815 0.876573882 0 0 0
6.33263368 0.320226247 0.264290942 61 64 75
5.26936882 -0.750049923 1.13279004 59 62 72
-1.00808357 0.582271133 1.27829723 122 122 122
4.04888468 0.242564636 0.883323013 0 0 0
-0.930622052 0.581870207 1.31875995 110 116 122
-2.52370671 0.054743806 0.709516831 0 0 0
4.26778635 -1.48230895 0.848936082 59 62 72
-2.52415746 0.055021366 0.709059827 0 0 0
3.80024282 -0.988593716 1.09770941 68 67 67
-2.55521737 -0.016131907 0.77180702 228 228 228
2.75457283 -0.162743363 1.29394579 115 121 139
-1.81540213 0.59362076 1.13151988 1 2 6
6.56558159 -1.60892062 -1.68722995 0 0 0
-1.6269169 0.591286032 1.1999567 18 20 21
2.93827767 -1.06171587 1.3804086 231 231 231
-2.5665111 -0.058597151 0.798383203 0 0 0
4.08710192 0.313615232 0.768425695 114 120 138
-0.872723229 -2.03435978 0.670109608 0 0 0
-2.7382486 0.763569252 0.917126472 101 102 104
4.04501891 0.183755439 0.872035094 233 233 233
-0.991469933 0.581775882 1.6125572 86 89 96
-2.64760241 0.623822364 0.937747373 5 5 5
4.26050849 0.391993902 0.865346658 108 113 130
-1.52025069 0.591992666 1.21222027 11 87 36
3.86307937 -0.402217342 1.13465307 231 231 231
-0.98131562 0.581655176 1.61564275 88 90 98
5.25404797 -0.727652174 1.12840388 231 231 231
-0.866344062 0.581620449 1.62391025 11 29 60
5.27185945 -0.751523471 1.12853633 59 62 72
-1.48883104 0.589515988 1.27751907 61 70 69
-2.91340667 0.50882595 1.34745143 99 105 120
4.27994364 -1.4515051 0.843704363 59 62 72
-0.739957101 0.583143023 1.25873041 105 106 109
-2.55127517 -0.204256819 0.63547265 86 80 76
-0.965250696 0.577220716 1.26196774 108 109 112
-0.993466734 0.581791062 1.26044698 100 102 106
3.89544314 -1.47604856 0.730447978 0 0 0
-0.707217013 0.582619984 1.25859316 91 94 99
3.97790437 0.312461447 0.871147308 0 0 0
-0.946206966 0.582381697 1.33015588 25 34 52
4.52709737 0.627186655 1.47979927 57 57 57
-0.94624936 0.582437335 1.33012767 38 45 60
5.66515598 -1.34071688 1.32721325 0 0 0
-0.945990622 0.588770091 1.12448587 105 105 105
4.10324376 -1.47635095 0.996562884 165 165 165
4.43763376 0.440556633 0.867418422 59 62 72
-2.59650853 0.120766175 0.762131375 112 117 135
-0.76613846 0.581819414 1.0742566 93 95 101
3.96919441 -1.42357241 0.923131102 164 164 164
-0.977015002 0.584006397 0.946484536 71 82 81
5.13105727 0.63132664 1.22622394 87 92 106
-2.00298458 0.63773182 0.344382495 107 107 107
3.92177542 0.0591918033 0.834100019 114 120 137
-2.51089607 0.0452537377 0.67078635 228 228 228
-1.19819156 1.31862218 0.665863797 9 21 44
3.9869335 0.267355963 0.889704997 0 0 0
-2.57552464 0.207816302 0.643906365 0 0 0
4.15010804 -1.45626641 0.888422312 163 163 163
-2.55177183 0.203014596 0.649310561 0 0 0
-0.965526897 0.582816187 1.07463373 103 105 108
-1.03390797 0.583668623 1.07275484 96 99 103
4.03659777 0.21392893 0.855866003 0 0 0
-1.19423662 0.575847197 0.939490654 6 19 43
-1.03390797 0.583668623 1.07275484 96 99 103
3.99508738 -1.45285709 0.954837561 0 0 0
-0.799526591 0.580226791 1.25714572 124 124 124
-0.703985638 0.58299586 1.2809876 123 123 123
-2.48521183 0.78111164 0.897699652 26 81 39
4.12539288 -1.42730433 0.863318054 110 115 132
-2.49945164 0.763484716 0.900578333 121 121 121
-5.06369651 -0.320962448 0.954511535 105 103 103
4.03925546 0.246776905 0.866831093 233 233 233
-2.00588922 0.587648525 0.987710991 231 231 231
4.03925546 0.246776905 0.866831093 233 233 233
-1.35480534 0.592161891 1.32074911 74 77 79
4.16072278 0.316085546 0.853588173 0 0 0
4.76997476 -1.50000045 0.809314965 107 112 129
4.1467972 -1.51781117 1.09980757 163 163 163
-0.698654262 0.583520713 1.27623408 123 123 123
2.8921191 0.0373274866 1.40141928 231 231 231
4.28970829 0.406605564 0.835869624 59 62 72
-0.849958783 0.581680616 1.61984301 13 30 61
4.28657933 0.562432495 1.23592945 29 30 30
3.96117281 0.569603285 1.49666773 57 57 57
-5.61182934 -0.347173225 0.945506051 187 187 187
4.30209024 0.26787504 0.754102066 233 233 233
-0.848321667 0.575228869 1.59516892 15 33 64
4.04850481 -0.524684552 1.13346534 228 228 228
-0.961393645 0.585655839 0.964452534 17 91 40
-1.02394071 0.582083219 1.50734886 70 77 89
-0.772767875 0.582646193 1.30428797 15 85 40
3.87327362 0.534465059 1.06922269 124 124 124
5.14446102 -1.44441632 0.883316322 109 115 132
23.6019733 -16.7884657 -10.2531808 8 8 8
-2.58487069 -0.0349559438 0.839471778 0 0 0
-2.59649917 0.0488475019 0.0488659396 0 0 0
-2.20784949 0.207294316 0.560175308 0 0 0
-0.979127825 0.581618785 1.62697602 9 25 54
3.01210995 0.0566484805 1.08882949 0 0 0
-1.0200624 0.581846573 1.63206837 6 21 50
3.00712607 0.0562890139 1.08568691 0 0 0
-0.926698848 0.581685182 1.63189331 9 26 56
1.96551406 -0.973066396 0.570120258 84 89 102
-1.6337252 0.590673123 1.61309806 54 58 69
-0.926698848 0.581685182 1.63189331 9 26 56
3.02212405 -1.45131658 1.05135307 228 228 228
-0.82357396 0.58171201 1.63616539 11 29 59
-2.61726067 -0.881701255 0.326761631 0 0 0
-0.477327359 0.581291732 1.60239634 83 86 94
-1.03513211 -1.32204717 0.699016717 66 70 81
-0.461900237 0.581169793 1.60456496 2 5 15
3.38677762 0.195912024 0.852732361 118 124 141
-0.536869191 0.574012227 1.61999954 62 65 72
4.10215232 -0.578439966 1.13225319 0 0 0
-0.504882432 0.581920911 1.61653306 105 108 113
4.10325357 -0.577544691 1.13310269 0 0 0
-2.98598945 -0.991042679 1.15805957 67 67 67
-0.444753744 0.582326819 1.61217374 9 12 23
2.89459956 0.266973371 0.819461673 100 105 121
-0.546286591 0.582927495 1.62244808 43 47 59
3.74886337 -0.547433919 1.11639799 0 0 0
-0.43717298 0.582314314 1.61354614 72 76 86
3.66224255 -1.75858162 0.870383645 8 8 8
-0.43746085 0.582015272 1.61355878 72 76 86
3.66296358 -1.75759264 0.871210081 8 8 8
-0.476441063 0.580494245 1.62634447 4 8 17
2.74233017 0.254004485 0.846939482 96 101 116
-1.85795676 0.594156431 1.59257096 6 19 43
-0.445702088 0.581900876 1.62693384 6 24 55
3.09314708 -1.39278228 0.890545878 228 228 228
-0.476553788 0.581782038 1.63122283 97 100 106
3.09314708 -1.39278228 0.890545878 228 228 228
-2.51882705 -0.115476481 0.647205309 228 228 228
-0.476553788 0.581782038 1.63122283 97 100 106
-2.51882705 -0.115476481 0.647205309 228 228 228
-0.96557615 0.582188629 1.67985792 4 15 41
2.50868992 -0.879460283 0.91149112 101 107 122
-0.49711441 0.583632179 1.64445841 3 3 4
2.97616522 -1.5846793 1.13794703 228 228 228
-0.486999898 0.579681008 1.64462117 4 7 18
2.97714437 -1.58393284 1.13884822 228 228 228
-0.607133567 0.581515383 1.6554207 23 26 33
-0.192168868 2.0691832 1.53146363 122 123 123
-2.66114914 0.208074982 0.790398402 0 0 0
-2.97269383 -0.94647793 1.03977948 103 108 124
-0.478731131 0.582918716 1.65605297 0 0 1
-2.66114914 0.208074982 0.790398402 0 0 0
-0.512962514 0.581024014 1.66005737 3 4 8
-1.74594631 0.587838702 1.6331014 6 19 43
-0.981610483 0.581416986 1.69534502 4 15 41
-4.17897345 -0.773640719 0.998142598 74 72 72
-0.590610999 0.58265384 1.66848957 23 26 33
4.0517297 -0.533592592 1.12885569 0 0 0
-0.930174801 0.582556957 1.69415686 123 123 123
4.06087274 -0.527917869 1.1361183 0 0 0
-0.956928938 0.581677555 1.69748852 7 18 43
-0.593626739 0.582334235 1.67373781 8 9 11
-0.954223709 0.578159853 0.891760708 95 97 103
3.01965786 0.252836422 0.857759965 0 0 0
-0.939493884 0.582887749 0.950768695 122 122 123
3.41070833 -1.43263564 0.829433089 94 99 114
-0.963955143 0.582733472 0.970721321 118 121 119
3.40249203 -1.44162284 0.824234986 94 99 114
-0.964010266 0.582574569 0.97082032 118 121 119
3.08297309 -0.198811692 0.90566727 100 105 121
-0.944247537 0.582327091 0.97102545 117 121 118
3.03076363 0.0304678221 1.03753546 228 228 228
-0.721339895 0.584691747 0.886666249 103 105 108
-0.721339895 0.584691747 0.886666249 103 105 108
-0.765872971 0.58239622 0.978413431 47 95 62
2.75821199 -0.921919048 0.986456109 92 97 111
-1.78269038 0.587637419 1.58749692 6 19 43
-0.765872971 0.58239622 0.978413431 47 95 62
-5.31780151 -0.701804541 0.996851453 215 215 215
-0.720112232 0.582708305 0.979949942 116 120 117
3.77673995 -0.214962634 1.12011449 131 128 128
-0.720204417 0.582572631 0.980049044 116 120 117
3.03276534 0.176419846 0.863154008 0 0 0
-0.962527113 0.581213484 1.12955482 123 123 123
3.03446741 0.176145542 0.864007078 0 0 0
-5.43564135 -0.720002229 1.10371661 0 0 0
-0.943940441 0.583664485 1.16672654 121 121 121
-0.76410819 0.583033985 1.09186766 124 124 124
-2.64966138 0.71118918 -0.0195254306 87 81 78
-0.941444979 0.583002503 1.17051901 22 40 49
3.04266909 0.00443378252 0.98285534 228 228 228
-2.18551342 0.636165341 0.601957903 80 85 97
-0.703296527 0.583503523 1.0728689 94 97 101
3.04266909 0.00443378252 0.98285534 228 228 228
-0.703401202 0.583507888 1.07289367 94 97 101
2.74981367 -0.936152817 0.757318849 0 0 0
-0.743059231 0.599300395 1.13614217 39 45 60
-0.754466366 0.584442377 1.14567215 39 45 60
3.06043293 -1.22587865 0.87164698 0 0 0
-1.38763835 0.592138668 1.39109973 3 4 4
-0.546426901 0.584209928 1.11990708 8 47 42
3.06043293 -1.22587865 0.87164698 0 0 0
-2.5379194 -0.017055394 0.73266999 228 228 228
-0.498113958 0.582881944 1.12498405 10 37 44
-2.53767699 -0.0170500176 0.73288691 228 228 228
-0.480900816 0.582867629 1.13308389 120 120 121
3.08400481 -1.37520376 0.90041653 99 104 120
-0.50947514 0.58275848 1.14448862 119 119 120
2.78484892 0.23673152 1.00639278 69 73 84
-0.55957504 0.583777636 1.16852775 122 122 122
2.6721976 -0.83648743 0.841949942 82 86 99
-0.991007482 0.584451769 1.31430881 18 29 48
-0.907575244 0.737611366 1.24600438 18 29 48
3.05644232 -1.38578526 0.931064568 105 111 127
-0.929090884 0.586109474 1.31725275 105 112 118
-0.929090884 0.586109474 1.31725275 105 112 118
-2.35016961 -0.961768403 1.2256195 0 0 0
-0.977323091 0.581689673 1.35086302 16 26 47
-0.977252381 0.582100303 1.35066114 16 26 47
2.9805396 -1.39827855 1.06634298 110 115 132
-4.50600624 0.734106939 1.04798739 231 231 231
-0.970523006 0.556244046 1.36302418 18 28 48
-0.519805508 0.580825644 1.25958449 96 98 103
-0.519805508 0.580825644 1.25958449 96 98 103
2.05500986 -1.12873479 0.984735387 59 62 72
-0.727589689 0.582397295 1.32088593 111 117 124
-0.510422488 0.582422886 1.28296633 122 122 122
2.67531148 -0.872545558 1.20901801 231 231 231
-0.75088088 0.582281004 1.35287014 111 117 123
2.78031588 -0.914862992 1.30462379 231 231 231
-0.75088088 0.582281004 1.35287014 111 117 123
1.32507767 0.0360265241 1.11417992 0 0 0
-0.736527885 0.582715111 1.35268095 111 117 123
-1.25765923 -1.3024651 0.58266239 107 107 107
-0.736527885 0.582715111 1.35268095 111 117 123
2.91113952 -1.60963601 1.32696272 231 231 231
-0.72766189 0.58277702 1.35209575 111 117 124
-0.509696574 0.582899756 1.33999988 23 41 51
-0.508811579 0.585661081 1.34579712 109 115 121
-2.76273642 0.22626604 0.906456118 84 89 102
-0.664929915 -0.141193959 1.54889666 14 20 26
-0.789302653 0.581999009 1.52561033 94 100 111
-3.06788781 -1.66688692 1.20990293 231 231 231
-0.676768093 0.582331239 1.51829283 36 46 66
-3.47982345 -1.74737559 1.34367147 2 2 2
-0.975939331 0.582119408 1.69861139 121 121 122
-0.786910593 0.584605716 1.50686153 68 76 88
-0.975939331 0.582119408 1.69861139 121 121 122
0.0733987105 0.0792281945 0.00510979035 0 0 0
-0.72986052 0.581373276 0.952881756 33 77 51
2.90475983 -1.59486506 1.30978496 231 231 231
-1.25976016 0.582040521 1.12639946 0 0 0
-0.963464513 0.582653811 1.15556565 121 121 121
2.87282129 -1.6258077 1.30285443 231 231 231
-1.60965446 0.624332916 1.26163876 0 0 0
-0.973070644 0.582835286 1.15833977 18 72 43
-0.755018509 0.58242742 1.09213298 84 86 91
-1.63303551 0.544193557 1.29651328 22 32 25
-0.783640185 0.581170407 0.914539887 120 120 121
-0.218966821 -1.69777788 1.00695794 130 130 130
-0.669774452 0.586383204 0.885908379 107 109 111
1.90508744 -1.55425565 0.725498119 0 0 0
-0.757009023 0.582409044 1.31367854 46 69 64
-0.669774452 0.586383204 0.885908379 107 109 111
1.98283434 0.530964923 1.00267493 130 130 130
-3.11294071 -0.191218534 1.23454857 102 107 123
-0.746070198 0.582817821 1.31689217 111 117 123
3.00763598 -0.0979853391 1.09046324 0 0 0
-1.0209001 0.580659205 1.07556134 103 105 109
-1.0209001 0.580659205 1.07556134 103 105 109
-1.00989287 0.581807414 1.50774416 71 77 90
-20.4908245 -8.69888785 -5.98718525 107 113 129
-1.00377073 0.568696825 1.13423575 121 121 122
2.01637391 -1.29852272 0.955898628 103 109 125
-0.965560826 0.586369699 1.12756889 95 96 99
2.01637391 -1.29852272 0.955898628 103 109 125
-0.996591071 0.58160726 1.5077746 69 76 89
-3.23327083 -1.27450901 1.29495406 80 84 97
-0.996591071 0.58160726 1.5077746 69 76 89
-1.24437766 -1.45403464 0.938169866 231 231 231
-1.46473295 0.589212915 1.32525262 35 40 41
1.98055091 -1.57528501 1.02318018 59 62 72
-1.79490599 0.594356391 1.56008069 6 19 43
-0.780726641 0.582484397 1.50770121 71 78 91
-0.945747378 0.584214183 1.16630836 108 109 111
-1.86903762 0.596385632 1.56004255 7 20 43
-0.733341346 0.582367588 1.50659403 71 78 91
3.01000366 0.0620486218 1.09442547 0 0 0
-0.536156681 0.580444652 1.09397985 75 77 83
-2.22798262 0.701617011 0.908620778 231 231 231
-0.849191207 0.581763441 1.59929071 80 84 94
3.24368744 -1.7587559 0.866647794 8 8 8
-0.536156681 0.580444652 1.09397985 75 77 83
-2.77507462 0.278623407 1.06384895 69 73 85
-0.672782595 0.583316613 1.60931842 16 34 64
3.24368744 -1.7587559 0.866647794 8 8 8
-0.787318279 0.582166671 1.63144495 77 81 91
3.22271339 -1.75173441 0.8787297 14 14 14
-1.52476178 0.590705166 1.42820001 32 36 49
-0.786923243 0.582311774 1.63148857 77 81 91
-0.560191839 0.586171165 1.16837639 121 121 122
0.0710329672 -0.0155572829 -0.00324289516 0 0 0
-0.442084254 0.581617213 1.61935527 89 91 98
-3.78430192 -0.735327579 1.16125958 111 111 111
-0.5066793 0.581662004 1.63695598 89 91 96
-3.71612449 -0.734824057 1.16185347 111 111 111
-1.67514306 0.589712192 1.60494915 122 122 122
-0.491631554 0.581685552 1.63884909 89 91 97
-3.14314319 0.322374132 1.2900873 231 231 231
-1.34094541 0.590198357 1.42710298 25 39 28
9.38477771 -3.28482394 -1.81821496 59 62 72
-1.26159365 0.581844431 1.07722936 0 0 0
-0.491482943 0.582724228 1.64860468 77 79 89
-0.939520772 0.581988812 1.33147467 111 117 123
-1.02663294 0.580883256 1.68949639 12 89 38
-1.38015144 0.585371208 1.18201829 0 0 0
-1.01517168 0.582759364 1.690593 12 89 38
-1.02439761 0.581848494 1.50725025 66 73 86
1.91045078 -1.4703291 0.70907618 0 0 0
-2.25122588 0.657066431 0.610817529 109 115 131
-0.935904619 0.581556192 1.69505057 119 119 120
3.05142548 -0.849245196 0.883834637 98 103 119
-1.82146688 0.591601405 1.40694177 73 76 84
-0.961474757 0.581966742 1.34630709 112 118 123
-1.30809498 0.585037469 1.08430778 0 0 0
0.802136762 -1.60976423 1.47772443 26 30 42
-0.731842305 0.582236215 1.31464217 50 69 67
2.19803459 -1.01513422 0.0588436859 0 0 0
3.02824683 -1.17912434 1.34901285 101 106 121
-0.613253663 0.678878227 1.29241271 60 79 70
3.02462151 -0.0162669769 1.04709072 0 0 0
2.35603316 -1.03209197 0.00264350046 0 0 0
-0.764330448 0.582821863 1.36044702 123 123 123
3.25590055 -1.76333839 0.858471349 231 231 231
1.57649637 -0.829261647 0.48137066 59 62 72
-0.723491863 0.583352569 1.36057656 124 124 124
3.17055388 -1.74930555 0.905358424 8 8 8
1.84293709 -0.140276383 0.857219751 59 62 72
-0.496056995 0.582405622 1.60833441 70 74 81
3.17055388 -1.74930555 0.905358424 8 8 8
-0.808060493 0.582105341 1.52926104 92 98 109
2.91550076 0.584405266 1.34414898 101 107 123
-0.735594789 0.582131062 1.52801748 23 32 51
-0.534372044 -1.81047476 1.13824147 130 130 130
-0.521847151 0.581700819 1.6427863 19 21 24
-0.791391165 0.582149664 1.62710617 13 31 62
4.29497209 0.0543910065 0.81131412 87 81 78
-0.517648109 0.583016965 1.64320096 19 21 24
3.07240311 -1.56428596 0.942498915 0 0 0
-0.958575918 0.579591481 1.0110211 124 124 124
-3.19620832 0.427600632 1.26952637 231 231 231
-1.01998291 0.581642458 1.68483152 4 20 39
3.07298057 -1.56388037 0.942740419 0 0 0
-1.37876822 0.585732476 1.30991253 70 73 75
-0.74653223 0.581616863 1.62987347 83 86 95
-0.922634364 0.581438306 1.68655722 123 123 123
2.73934568 -0.853966549 0.987390226 67 70 82
-0.931945638 0.579856617 1.15685249 124 124 124
-0.479699329 0.585421977 1.6025039 4 7 14
-0.943853462 0.582099448 1.69750326 11 21 45
3.04307317 -1.69652327 0.938846292 231 231 231
0.638326362 0.764684417 0.860001902 29 30 30
-0.101983506 -1.70360955 1.18259105 130 130 130
-0.504392493 0.582312787 1.61139791 9 10 15
3.38969022 -1.66931388 0.837238639 118 124 143
-1.44471969 0.594085201 1.35521152 29 38 37
-0.943904657 0.581958673 1.69759541 11 21 45
-2.15707839 -0.903058748 0.0628742412 67 67 67
1.72256353 -0.214377177 0.749888154 59 62 72
-0.78513431 0.582489464 1.25925046 100 102 107
-4.2300125 -0.812629641 1.25254292 231 231 231
-1.29444779 0.586614291 1.36053278 0 0 1
0.879663287 -1.62011359 1.44226044 21 35 60
-0.785364298 0.58233243 1.25933306 100 102 107
0.775155765 -1.63593987 1.47037965 20 25 38
-0.515337682 0.582443228 1.1494247 71 80 79
-5.93975082 -0.6668318 1.07121158 231 231 231
-0.00450836596 0.683273643 0.545885781 140 140 140
1.97022345 -0.913033979 0.999824876 130 130 130
-0.515292075 0.582503519 1.14937253 71 80 79
-5.70168883 -0.455923459 0.917862136 79 77 77
1.93660102 -0.899864585 0.553335044 59 62 72
-0.55793743 0.583423133 1.16090902 67 71 80
0.700683242 0.75120479 1.00576482 57 57 57
-0.970434618 0.583517147 1.1661374 111 112 113
2.8211371 -1.64218719 1.30727771 231 231 231
1.95083534 0.122917331 0.825075793 59 62 72
-0.0690100286 -0.106970967 -0.0328669457 86 80 77
-1.80136146 0.590932726 1.57921903 71 74 81
-0.967940682 0.583170949 1.14796654 121 121 121
-0.506913868 0.58137978 1.26838121 101 101 101
-0.292319149 0.583888361 1.03654374 6 7 9
0.988023709 0.774016772 0.934310139 57 57 57
-0.940256741 0.582748952 1.12197629 37 73 55
3.01516476 -1.44288597 1.05925786 228 228 228
-0.00430462795 0.706596665 0.26173906 141 141 141
-0.940280624 0.582689601 1.12202403 37 73 55
3.01516476 -1.44288597 1.05925786 228 228 228
-1.3076092 0.591079257 1.36112092 1 1 1
1.87961757 0.0754417896 0.83521724 36 38 45
-0.766320276 0.581311142 1.15355263 0 0 0
5.69998879 -1.26443626 1.44055694 130 130 130
-0.788775266 0.581842736 0.907757793 78 80 86
-1.60749085 0.591651212 1.26468605 7 12 9
5.68359842 -1.25980755 1.43978027 130 130 130
-2.54144112 0.206314713 0.626924306 0 0 0
-0.944766061 0.58322031 0.906548937 78 80 86
2.44468307 0.0403714594 0.0172621753 0 0 0
0.86894085 -1.61447662 1.42365194 88 91 99
-0.925496775 0.58207218 1.69815097 10 21 45
3.41574564 -1.6676541 0.835794439 94 99 113
2.44468307 0.0403714594 0.0172621753 0 0 0
2.7105831 -1.70779923 0.863531945 231 231 231
-0.976683733 0.58186431 1.68087039 124 124 124
-0.786910593 0.584605716 1.50686153 68 76 88
-2.99557646 -1.00741227 1.17366777 118 118 118
-0.558254932 0.58228555 1.63629418 95 98 103
3.16791108 -1.73826299 0.875187104 231 231 231
-0.816686133 0.581408061 1.50799084 72 79 91
-0.587377134 0.582181241 1.6325106 4 6 12
-38.5547982 -0.447770415 -30.0883838 0 0 0
-1.68354655 0.592180568 1.57497983 8 20 43
-0.497584388 0.581259046 1.61580994 97 101 105
2.92933962 -1.63116467 1.32556089 59 62 72
2.03310501 -0.0827938102 0.794324985 59 62 72
-0.722557548 0.582040938 1.62363613 16 33 63
2.59713434 -1.52003718 0.823419161 113 119 137
-0.550382345 0.582202333 1.27912847 78 80 86
1.42136709 -1.70195769 1.63467386 130 130 130
-0.666624209 0.582092304 1.6155225 67 72 86
1.49076139 -1.69451226 1.68181579 231 231 231
0.733084137 0.754269343 0.855409759 29 29 29
0.764503903 -1.66241481 1.50160597 101 101 101
-2.52220185 0.801626167 0.935637375 231 231 231
-0.816002444 0.583174126 1.6234045 14 31 61
1.60094821 -0.881547521 0.481663871 109 115 132
-0.811185023 0.580655337 0.890713406 105 107 110
3.25431725 -0.0818456689 1.30045814 59 62 72
-0.72818158 0.582789612 1.60853737 15 33 64
-2.2714745 -1.72952594 0.999313478 231 231 231
-0.811185023 0.580655337 0.890713406 105 107 110
3.40720805 -1.43748215 1.20194685 59 62 72
-2.88554723 0.761179303 1.02645762 2 2 2
-0.833272466 0.581614945 1.61561943 69 74 86
-1.61782953 0.592529323 1.25691466 6 6 7
2.08628518 -0.090716077 1.44005564 59 62 72
-0.833225475 0.581446404 1.61563449 69 74 86
0.173808419 0.70153298 0.307088813 140 140 140
6.14118538 -1.17154041 0.260130866 231 231 231
-0.939883467 0.581967561 1.62334613 9 27 57
3.07064302 -1.49796477 0.9727058 0 0 0
-1.60701905 0.592731686 1.21348036 26 30 31
-0.939883467 0.581967561 1.62334613 9 27 57
3.09127517 -1.42114266 0.90878887 228 228 228
-0.981872917 0.578482508 0.891898929 108 109 112
-0.956112181 0.582148081 1.62375717 9 26 56
0.228934685 -1.73099122 1.08109814 231 231 231
-0.981872917 0.578482508 0.891898929 108 109 112
-0.956112181 0.582148081 1.62375717 9 26 56
2.92791461 -1.29750087 1.09971144 62 66 77
0.0963995429 0.0712764886 -0.00285906595 236 236 236
-1.12255579 -1.04561889 0.660004397 0 0 0
-0.962673356 0.581693568 1.61565435 72 76 87
-1.01028094 -1.22258264 0.653410702 68 72 83
0.0923509746 0.0146029691 0.000355146524 236 236 236
-0.900918427 0.580914108 1.60781745 13 31 61
-2.11060043 -1.58228687 0.00231035017 107 107 107
0.0975901072 -0.008818053 -0.0036227702 236 236 236
-0.913774536 0.581792286 1.60733656 13 30 60
0.480541374 0.472707421 1.63841956 0 0 0
0.117880319 -0.0184751889 -0.0183680304 236 236 236
2.63499308 -1.17037513 0.887697143 59 62 72
-0.985316728 0.581841984 1.60738996 9 27 57
0.103442791 -0.0610734598 -0.00823722484 236 236 236
-1.09113793 -1.1033175 0.720822614 0 0 0
-0.985316728 0.581841984 1.60738996 9 27 57
-1.04554573 -0.924572873 0.868623002 197 197 197
-1.03945313 0.581994611 1.50814127 75 82 94
-1.02027136 0.581383972 1.6082573 9 26 55
-1.95124579 -1.59270444 0.260212487 94 99 114
-0.769495775 0.582315977 1.43563213 110 112 115
1.1412897 -1.6292077 0.998619443 231 231 231
-1.02396548 0.58246723 1.59967719 74 78 87
2.01719429 -1.11538227 0.978138334 231 231 231
-1.75478286 0.594365576 1.57769385 9 22 44
-0.9472653 0.389469961 1.57388939 62 68 81
-6.20945157 0.0474645401 1.10510484 0 0 0
-0.744443029 0.581065771 1.08377153 123 123 123
2.89373649 -0.491239316 0.860620391 41 41 41
-0.740265312 0.581509692 1.27841511 89 91 95
0.735219008 -1.5584044 0.98700887 8 8 8
-1.34872312 0.582235849 1.05054097 141 141 141
2.90502007 -0.578760276 0.855817362 41 41 41
-0.740104769 0.581925398 1.2781858 89 91 95
0.735219008 -1.5584044 0.98700887 8 8 8
-0.103259938 -0.144267363 0.00277843107 236 236 236
2.90502007 -0.578760276 0.855817362 41 41 41
-0.764404826 0.579840766 0.900495161 124 124 124
2.94616654 -1.34421971 1.37336452 231 231 231
-0.0996958814 -0.143601664 -0.000357711139 236 236 236
2.77658547 -0.788629719 0.788283263 231 231 231
-0.588707087 0.582064258 1.64505214 99 103 107
-1.01180023 -0.833901326 0.642309109 59 62 72
-0.588668482 0.58204524 1.64500875 99 103 107
3.04332637 -1.54107862 0.99040068 228 228 228
-0.557836801 0.582071922 1.62421842 7 9 16
2.72686345 -0.842348935 0.960509996 86 91 104
-1.01787401 0.581864143 1.5252444 68 74 86
1.99852851 0.279048229 0.936419511 59 62 72
-2.53856233 0.756443515 0.888224056 9 9 9
-0.924786393 0.581803617 1.62384729 10 27 57
2.73021001 0.231700176 0.965338907 93 98 113
-1.01788567 0.581873254 1.52524698 68 74 86
-0.941219642 -1.36735712 0.972888098 59 62 72
-0.980757305 0.578268724 1.62400035 8 25 55
3.25517816 -1.76392322 0.858182491 231 231 231
-0.775076253 0.583654194 1.42741278 75 78 84
-0.967590498 -1.18980849 0.986668629 59 62 72
-0.852157319 0.581059817 1.60783016 14 32 62
3.27675947 -1.74315789 0.84145065 229 229 229
-0.771915992 0.584436612 1.42688299 75 78 84
1.49557625 -1.70035993 1.45363522 0 0 0
-0.852200802 0.579639896 1.60800591 14 32 62
2.69321775 0.220883111 0.856517725 92 97 111
1.66716017 -0.153265067 0.717101253 0 0 0
-1.54900318 0.590331517 1.26253989 16 18 19
-0.839862001 0.583346163 1.60552968 14 32 63
3.94370878 -1.4432263 0.877011906 59 62 72
-0.995610604 0.579330731 1.32562755 112 118 124
-0.934007354 0.581249564 1.59870807 74 78 88
-0.500330928 0.578372589 1.14893305 124 124 124
-1.24527653 0.531657295 1.42812646 4 4 5
-1.04193418 0.581898555 1.52625316 58 63 77
-3.34339953 -1.69500996 1.19624965 2 2 2
1.79753677 -1.37976785 0.583624017 130 130 130
-5.39899008 -0.852799519 1.13406316 190 190 190
-0.957737421 0.580986532 1.3264292 112 118 124
1.98529699 0.72317687 -0.00354672133 231 231 231
2.04865299 -0.194881556 0.861943353 59 62 72
-4.84896024 0.706057909 1.13255794 231 231 231
-0.47896518 0.584903182 1.12412573 12 65 42
3.76238857 1.49333884 -1.13365899 231 231 231
5.71637823 -0.933927747 1.36493464 59 62 72
-5.04121925 0.737951385 1.09551013 231 231 231
-1.00311031 0.58162512 1.27776228 79 81 87
-2.57284781 0.0710084281 0.910581222 228 228 228
-1.53262037 0.591551402 1.27415317 60 75 72
4.32212971 -1.62970105 1.39914406 59 62 72
-1.82220635 0.596553601 1.62194695 10 22 44
-0.942918381 0.586234227 1.17325307 11 85 38
-1.82479389 0.590256254 1.61064262 10 21 44
-0.5873636 0.58245457 1.66209055 3 5 9
2.93430394 -1.18496513 1.29447025 59 62 72
-1.34710183 0.583515675 1.05013297 141 141 141
1.99742034 -1.60776059 0.658757099 21 21 21
-1.73969222 0.58843587 1.61554507 121 121 122
-0.44718885 0.582762568 1.51821299 56 67 87
-1.37597503 0.585568452 1.01813829 0 0 0
-0.288161596 -1.70755016 1.18307487 78 78 78
-0.983372226 0.579764343 0.924637714 124 124 124
-1.72983024 0.590459411 1.60486032 118 119 119
-0.520313406 0.582814951 1.33111955 74 88 82
1.90972948 -1.05214075 0.498043989 84 89 102
-1.8495522 0.592298211 1.56822791 60 64 72
-0.451811808 0.581491014 1.09732244 124 124 124
-0.436472903 0.593264119 1.08593791 124 124 124
-0.726844025 0.583017993 0.979721553 80 105 85
-1.64487004 0.592424306 1.5990108 21 29 49
-0.726844025 0.583017993 0.979721553 80 105 85
-1.4112912 0.591193487 1.49384635 35 39 50
-0.683563704 0.589067422 1.62343999 20 35 64
3.65390373 -1.75690442 0.881247394 231 231 231
-0.803298614 0.580643019 1.62485232 16 33 62
-2.75353507 0.762091251 0.869496428 231 231 231
-0.436168919 0.591992344 1.58698689 19 35 63
-3.32144407 -1.70154429 1.23403165 2 2 2
-0.434242941 0.594597815 1.58561156 19 35 63
-0.630647792 0.584244307 1.55053517 111 112 115
-0.510415654 0.580772687 1.65567671 74 77 85
2.50805194 -0.902220096 0.982312288 89 94 108
-0.520457152 0.581140369 1.637409 85 88 94
-0.451495045 0.582565035 1.62551747 94 96 103
-0.447160329 0.589694955 1.62046946 21 22 25
-0.517561964 0.58220793 1.62071788 25 29 35
1.88616771 -0.811459756 0.476661717 61 64 74
-1.82641427 0.584273362 1.62700098 101 102 104
-0.54102252 0.582287342 1.62072936 7 10 15
3.75720532 -0.576594046 1.11988965 59 62 72
-4.95270961 0.708809205 1.04390422 0 0 0
-0.453247936 0.582990309 1.60985148 59 64 76
-0.518698855 0.582379246 1.6143768 49 53 61
-1.31520092 0.587198301 1.10302851 0 0 0
-0.756711149 0.581977662 1.63613906 16 32 62
-0.47552609 0.579784111 1.60686157 27 31 38
-1.31520092 0.587198301 1.10302851 0 0 0
-0.505491438 0.582541116 1.60466464 6 10 20
-0.88200171 0.582245212 1.61833217 91 93 100
3.38096748 0.211551452 0.845372949 73 77 89
-0.595600919 0.582299209 1.52611376 30 38 56
3.38096748 0.211551452 0.845372949 73 77 89
-1.67223913 0.590839271 1.61039743 31 37 53
-0.676773577 0.582346396 1.51828602 36 46 66
-1.01844828 -1.27432327 0.575522598 59 62 72
-0.515853344 0.58350681 1.0731835 100 102 106
-5.09612854 -0.521170312 0.960301296 79 77 77
-0.944989799 0.584357007 1.15486989 124 124 124
-0.970545243 0.583713066 1.16592572 123 123 123
-0.768878963 0.516689201 1.53431891 54 65 84
-0.97091097 0.582817446 1.16075212 10 28 43
3.00733019 -1.29808863 0.862859331 59 62 72
-0.970987346 0.582604287 1.16084896 10 28 43
-2.51612564 0.070159701 0.699000156 228 228 228
-1.28732935 0.582794429 1.11262806 142 142 142
-0.981438376 0.581803318 1.15803084 111 117 123
-0.0687622929 -1.69078982 0.913166861 130 130 130
-1.00294914 -1.62259991 0.958311937 231 231 231
-0.987999521 0.579121135 1.13681451 124 124 124
4.08643972 -1.46649224 0.986557646 166 166 166
-0.988523794 0.577882547 1.13729385 124 124 124
1.98159348 -0.0342477055 1.00083684 0 0 0
-0.94171223 0.585106199 1.07295113 95 97 102
4.08578354 -1.4684805 0.985924096 166 166 166
-0.774575814 0.583479579 0.950684425 53 57 67
-0.696951315 0.581084332 0.907424774 74 76 83
-0.685803075 0.580531225 0.890513057 103 105 108
0.0914403743 0.139057451 -0.00568373097 0 0 0
0.0702218304 0.709937636 0.389352596 0 0 0
0.092203614 0.710679497 0.383933573 141 141 141
-0.958525587 -1.57456127 0.982715716 231 231 231
-0.770759721 0.582271657 0.906106942 63 66 74
-0.769244954 0.585122558 0.903926067 63 66 74
-0.94951965 0.582425384 0.973812521 15 90 39
-0.934743321 0.583351833 0.953300476 28 42 51
-1.98595035 -1.53741759 1.02172412 107 107 107
-0.934621787 0.58303882 0.952517033 28 42 51
3.86541057 -1.50228837 0.997829834 231 231 231
-0.977752602 0.582414271 0.911964852 124 124 124
3.48625808 -1.75572558 0.604792336 227 227 227
-4.21706638 -1.02115726 -0.0551153422 108 106 106
-0.96073891 0.580548281 0.889582931 103 105 109
-3.89818327 -0.813144527 1.29104841 70 68 68
-0.958791034 0.582865242 0.887661816 103 105 109
-4.92398443 -0.73444486 1.2040643 231 231 231
-0.936021659 0.581588071 1.69961411 124 124 124
-0.996709949 -1.60663605 0.645266404 92 97 111
-0.936021659 0.581588071 1.69961411 124 124 124
-0.996709949 -1.60663605 0.645266404 92 97 111
-0.970042332 0.58261693 1.70007011 124 124 124
-0.910082901 0.581540275 1.68835271 124 124 124
2.81184384 -1.1441126 1.31032905 231 231 231
-0.614716558 0.581740144 1.66313698 69 72 80
-1.50279091 0.590801639 1.26800286 46 53 53
-0.476160305 0.583716347 1.65060428 71 74 84
3.41013864 -1.48211119 1.04827883 8 8 8
-0.476160305 0.583716347 1.65060428 71 74 84
-1.02074936 0.580506003 1.68989975 12 90 38
2.68460642 -0.84350603 0.88559477 59 62 72
-0.911067776 0.581637698 1.67947321 123 123 123
3.16299556 -1.78920689 0.872678694 8 8 8
-0.564050556 0.582313858 1.65081389 5 6 9
-0.553412544 0.582022277 1.64888204 81 87 92
3.41534486 -1.41801656 0.836064127 94 99 114
-0.553182454 0.583229906 1.64882783 81 87 92
-1.02135718 -0.858251837 0.818612152 59 62 72
-0.537047719 0.582079607 1.64728099 107 109 114
4.04896727 -0.450844002 1.12593129 236 236 236
-0.97023738 0.582528025 1.6792919 124 124 124
-2.56349333 0.33114932 1.14032838 95 100 115
-0.481876494 0.583304757 1.63756587 89 91 98
-1.08564171 0.593493931 0.891940271 114 114 115
-0.982794369 0.580242462 1.6796015 124 124 124
-1.7690738 -1.68843386 0.0944283999 0 0 0
-0.982794369 0.580242462 1.6796015 124 124 124
2.0030644 -0.93840808 1.00241324 98 104 119
-0.614683792 0.581125075 1.64630343 0 0 1
2.92673116 -1.23460443 1.15871853 112 118 135
-0.534028413 0.582364976 1.64099391 1 2 3
3.08969264 -1.58616691 0.881431334 228 228 228
-0.534028413 0.582364976 1.64099391 1 2 3
3.0886573 -1.58721838 0.880689844 228 228 228
-3.93914568 -1.02953665 -0.0163427343 108 106 106
-0.991606548 0.583503256 1.67927736 12 90 38
3.04276271 -1.30814055 0.877498678 98 103 119
-0.956363356 -0.910503038 1.01564351 197 197 197
-0.548764647 0.582119672 1.64153214 8 16 27
3.66060251 -1.76103478 0.891220012 8 8 8
-0.514812983 0.582223114 1.6314786 8 17 26
-1.14032658 -1.11290243 0.623013138 0 0 0
-0.69977856 -1.97417733 0.714755819 8 8 8
-0.484780203 0.583181092 1.62136962 24 39 48
-0.445253445 0.590190037 1.61533616 90 93 100
-0.689291942 0.581712694 1.6375971 12 29 60
4.02188413 -0.497852038 1.12611015 236 236 236
-0.657898033 0.581790748 1.63229033 78 82 92
0.767194384 -1.65975147 1.51620588 231 231 231
-0.526067351 0.582862629 1.61284274 2 3 8
-2.90132742 -0.152338991 1.01296009 99 104 119
-0.729025263 0.581786222 1.63152775 78 82 92
2.79950661 -0.85844678 1.17119278 87 92 106
-0.729025263 0.581786222 1.63152775 78 82 92
-0.807968462 0.581928939 1.62808671 75 79 90
2.7897599 0.21457968 1.26130093 84 88 102
3.97841051 -1.4533686 0.939366162 0 0 0
2.64284016 0.193192827 1.28128655 84 88 102
3.94672335 -1.43587539 0.886051684 59 62 72
-0.92023013 0.581744065 1.61189124 59 65 81
3.96714688 -0.468029159 1.12637687 236 236 236
-0.889392698 0.582294383 1.5994218 78 83 93
3.97167433 -0.450384586 1.12929897 236 236 236
-0.782042001 0.580690668 0.899100403 124 124 124
-0.889415033 0.58222356 1.59942896 78 83 93
3.97152892 -0.450081248 1.12935579 236 236 236
-1.70738672 0.592597718 1.20302261 19 25 22
-0.898951151 0.581786318 1.59956313 65 70 84
4.04258953 -0.470397111 1.12884329 0 0 0
-0.898702007 0.582410979 1.59935748 65 70 84
4.04258953 -0.470397111 1.12884329 0 0 0
-0.960798395 0.581656802 1.59969878 78 82 92
-26.3222916 -0.422874956 -19.5781404 0 0 0
-0.537163194 0.580852187 1.5313312 94 100 111
1.93632455 -1.69821268 0.531771607 231 231 231
-0.530681347 0.581858701 1.50759968 80 86 98
-0.594298641 0.581296292 1.50845112 66 73 87
-1.16196558 -0.0538570558 1.67861037 75 82 94
4.03956894 -1.49115018 1.03453384 165 165 165
-0.939011189 0.58194335 1.50770823 71 78 90
-0.988191807 0.581363091 1.50767346 81 87 99
3.80282139 -1.58189238 0.944692904 231 231 231
1.57932502 -1.62353482 0.657019095 231 231 231
-0.988191807 0.581363091 1.50767346 81 87 99
-1.97692973 -1.36822356 1.15690169 8 8 8
-1.0348525 0.58155236 1.50768736 72 79 91
-1.03495594 0.581605004 1.50767727 72 79 91
3.41554275 0.176271898 0.818617374 92 97 112
-0.781324723 0.582138623 1.42901688 58 63 73
-0.781255399 0.581937967 1.4289978 58 63 73
2.03388052 0.531839583 1.09524136 130 130 130
-0.510996881 0.583347587 1.35867424 124 124 124
-18.2411591 -8.07696399 -4.86255896 231 231 231
-0.525156349 0.581292903 1.36068284 124 124 124
1.0829484 -1.6375267 1.00716086 100 100 101
-0.498968964 0.585356616 1.35278929 124 124 124
4.07470465 -1.46711187 0.973015596 166 166 166
2.10719593 0.111446065 0.946116634 130 130 130
-0.500700853 0.58302548 1.35304918 124 124 124
-0.743777175 0.58216243 1.37490735 13 85 40
3.3276948 -1.5633562 0.805197031 119 125 144
1.91352134 -1.4391883 0.526222886 59 62 72
-0.74364485 0.582339695 1.37499646 13 85 40
3.04210598 -0.0290060857 0.978053901 228 228 228
-0.967880966 -1.23036082 0.914707447 59 62 72
-0.714492951 0.582448606 1.36262315 12 81 39
4.07325858 -1.47830176 1.00190294 0 0 0
-0.532038178 0.581342424 1.30189478 124 124 124
3.11232061 -1.61342987 0.87238542 102 107 123
2.00579724 0.467237495 1.03407331 0 0 0
-0.532660283 0.582474648 1.2772554 70 73 80
3.99065288 -1.46570715 0.9469762 0 0 0
-0.532660283 0.582474648 1.2772554 70 73 80
-0.785030962 0.582081183 1.33372608 14 84 40
-0.717237625 0.582729557 1.31438001 124 124 124
2.94072668 -1.19763403 1.14809496 112 118 135
-0.714688218 0.582469924 1.30457357 11 81 39
-0.714443376 0.58274229 1.30420082 11 81 39
3.32679723 -1.71843976 0.68732641 231 231 231
-0.77283822 0.582560744 1.30432621 16 86 40
4.06995915 -0.562871114 1.12688894 0 0 0
0.540816012 0.755762146 0.856832667 29 30 30
-0.719005558 0.582637885 1.2775313 92 94 98
-2.38628242 -1.12785835 1.22392442 235 235 235
-0.505783957 0.582576867 1.16378173 124 124 124
2.16086645 -1.10949063 1.05647249 35 37 43
-2.27281955 -1.02899558 1.23081275 0 0 0
-0.505070177 0.583422047 1.15447035 124 124 124
1.59296557 -1.70600039 1.63381235 115 115 115
-2.32944325 -0.962285089 1.23603817 0 0 0
-0.549212832 0.582950789 1.15480804 124 124 124
3.41017261 -1.4820907 1.04815719 8 8 8
-2.33092674 -1.00249589 1.23814035 0 0 0
-0.467207806 0.58451607 1.12397242 27 51 51
3.78532119 -0.205560612 1.08355407 68 67 67
-0.0422271141 -0.0155125607 -0.00207798922 235 235 235
-0.909986382 0.582667946 1.25907754 94 97 102
3.41043519 0.187247176 0.845916652 82 86 99
-0.855562349 -1.58362966 0.984927882 231 231 231
-0.91004696 0.582690181 1.25906893 94 97 102
3.79472598 -1.60235196 0.972497012 231 231 231
-1.08274376 -1.04073313 0.739496614 130 130 130
-0.968793849 0.582856515 1.27670984 52 56 66
-4.18138166 -0.752985739 1.14093008 209 209 209
-0.992354712 -0.904296563 0.955014649 112 118 136
-0.968793849 0.582856515 1.27670984 52 56 66
-1.96164619 -0.978967147 1.2540405 0 0 0
-1.14140343 -0.909105306 0.575085523 49 51 60
-0.943592351 0.582918967 1.25808669 93 96 101
-0.943670763 0.582879093 1.2581704 93 96 101
-0.954305583 -0.862588516 0.958376494 78 82 95
-0.979062212 0.582347066 1.25937428 104 106 109
2.95183245 -1.61013397 1.3400853 59 62 72
-11.2332205 0.961392655 -2.73252497 93 97 112
-0.994721535 0.579609608 1.26122446 99 102 106
-6.38758592 -0.19112855 0.948547581 0 0 0
-0.530229413 0.580667097 1.08448708 124 124 124
3.89487452 -1.63494113 1.29426832 74 78 90
-2.4982606 0.756644978 0.888091256 9 9 9
-0.682059402 0.584391874 1.09070796 91 92 96
2.75800641 -1.4032248 0.970928421 69 73 85
-2.21904014 0.206077994 0.614182122 63 67 77
-0.756898778 0.581896351 1.0741031 101 103 107
4.09923105 -0.41971487 1.20429315 236 236 236
-0.756898778 0.581896351 1.0741031 101 103 107
-4.11058678 -0.807898838 1.17979126 231 231 231
-0.987214668 0.579702504 1.1678015 124 124 124
2.92605712 -1.19105939 1.29173485 59 62 72
-0.967593095 0.583484117 1.14742008 124 124 124
3.00734975 -1.56777952 1.0906074 0 0 0
-0.743029272 0.580380978 0.988820516 18 71 43
3.00734975 -1.56777952 1.0906074 0 0 0
-1.78602111 0.59023901 1.6049769 122 122 123
-0.712133803 0.586024163 0.9706905 14 73 41
2.76638487 -0.841472872 1.03964038 77 81 93
-0.721050423 0.584114597 0.959127623 124 124 124
-3.18227143 0.231423331 0.985938911 66 70 81
-0.966982849 0.579677305 1.07646691 103 104 109
1.97003679 -0.854336035 0.641587043 67 70 82
-2.62797912 0.611795256 1.0236177 5 5 5
-0.966982849 0.579677305 1.07646691 103 104 109
3.26108241 -1.75852952 0.847459796 8 8 8
-0.978656134 0.58209953 1.07459997 98 100 105
3.02440593 -1.30657304 0.853858529 0 0 0
-1.00643701 0.582907164 1.07227283 94 97 102
3.45663104 -1.48278454 0.822868609 0 0 0
-5.17685276 -0.721379057 0.994960004 182 182 182
-0.712772504 0.582565857 0.906563151 73 77 83
-0.712803747 0.58253725 0.906580216 73 77 83
-0.73294811 0.966690889 0.926248084 0 0 0
0.0708686255 0.710853591 0.388142955 0 0 0
-0.135203332 -1.72945185 1.0667889 231 231 231
-0.987557985 0.582635761 0.948013458 112 118 124
-2.53715938 -0.00101343809 0.733269564 228 228 228
0.604930869 0.707821111 1.67290719 140 140 140
2.90534897 -1.17446038 1.2978659 231 231 231
-0.873228219 0.581678392 1.69142962 124 124 124
2.92159822 -1.14657857 1.30233498 231 231 231
-0.949578956 0.583602805 1.69367557 124 124 124
2.79723347 -0.855387652 1.25422094 98 103 118
-0.880010506 0.581620116 1.68580704 4 17 44
-1.92758793 -1.74105818 0.0106368924 231 231 231
-0.880010506 0.581620116 1.68580704 4 17 44
3.01815427 -0.0719432218 1.06585356 228 228 228
-1.02105907 0.581256424 1.69489132 4 14 39
3.01815427 -0.0719432218 1.06585356 228 228 228
-0.954328277 0.581754779 1.68802337 4 15 42
3.49866858 -1.75593329 0.606260141 8 8 8
-0.954328277 0.581754779 1.68802337 4 15 42
-1.00923256 0.581836807 1.69149961 4 14 39
2.78106704 -1.37567545 1.33382549 231 231 231
-0.905507549 0.58218724 1.68340637 4 16 43
2.8211371 -1.64218719 1.30727771 231 231 231
-2.76287699 0.657448539 0.948187267 5 5 5
-0.872929367 0.581832718 1.68042523 124 124 124
2.15704926 -1.00107236 1.04777622 98 103 118
-2.64908601 0.607618383 0.951434577 109 115 132
-0.884036481 0.581544361 1.67953962 124 124 124
3.00555448 -1.58727271 1.07651923 228 228 228
-2.56171718 0.171338526 0.769796753 108 114 131
-0.897415953 0.581911558 1.67976023 124 124 124
-5.46423569 -0.929208736 0.946264742 231 231 231
-0.934898377 0.579136734 1.67978142 124 124 124
-3.2084206 0.256346905 1.09753079 75 79 91
-0.9482914 0.581596975 1.68022812 124 124 124
2.01266434 -0.848276132 0.912725887 59 62 72
-0.9482914 0.581596975 1.68022812 124 124 124
2.54885093 -0.882586357 0.943279977 103 109 125
-2.59808412 -0.896027491 0.275284283 0 0 0
-1.01995238 0.581653414 1.68484817 4 14 39
-0.960647422 0.58146245 1.68021207 124 124 124
3.32496231 -1.72787415 0.851234577 231 231 231
-2.29250606 -1.06732786 1.23736031 0 0 0
-0.960647422 0.58146245 1.68021207 124 124 124
2.84489985 -0.895538995 0.876197719 231 231 231
-2.33192053 -0.982814132 1.22518283 0 0 0
-0.513049111 0.582717503 1.61749462 12 20 23
2.83576261 -0.899124008 0.871139916 231 231 231
-2.52245336 -0.0752796309 0.689179593 228 228 228
-0.66839699 0.582158018 1.63151643 81 84 94
3.4241692 -1.67238696 0.821348139 231 231 231
-5.2167878 -0.887091471 1.18739084 231 231 231
-0.701098019 0.582160501 1.63165041 84 88 97
-2.85923121 -0.927124327 0.661547635 67 67 67
-0.76757194 0.582031614 1.63750215 11 29 60
4.0633291 -1.4833396 1.0092363 0 0 0
-0.774114403 0.581682155 1.63235886 84 88 97
4.0633291 -1.4833396 1.0092363 0 0 0
-2.54154225 0.647434057 0.605225428 106 112 128
-0.852916311 0.581342351 1.63741653 10 27 58
3.04422653 -0.0145554332 1.01600011 0 0 0
-1.8638429 0.594143641 1.6136517 108 109 110
-0.666438808 0.581803527 1.61560232 71 76 89
3.03495798 -0.0148303023 1.01204412 0 0 0
-0.71951869 0.581408022 1.61559322 89 93 101
1.91300746 -1.45170149 0.718182685 130 130 130
-0.71951869 0.581408022 1.61559322 89 93 101
3.68386011 -1.72304625 0.686809624 8 8 8
-1.84103289 0.590120519 1.51132013 57 60 67
-0.740667579 0.582131911 1.61511778 77 81 92
4.05468738 -0.496011174 1.13829938 0 0 0
-2.57944669 0.777024714 0.88035649 23 40 55
-0.904168263 0.581905871 1.63127465 90 93 100
4.04819656 -0.468482539 1.13222043 0 0 0
-2.31589723 0.686445489 0.614995773 5 5 5
-0.904159829 0.581888641 1.63125907 90 93 100
4.04819656 -0.468482539 1.13222043 0 0 0
-4.16707357 -0.81378986 1.03816187 231 231 231
-0.76752093 0.581806333 1.61583158 72 77 89
-0.7175824 -0.928498705 1.08032502 107 107 107
-2.67709637 0.632900229 1.0122497 9 9 9
-0.767527079 0.581787187 1.6158351 72 77 89
-0.971845704 0.592992344 1.34617323 75 79 87
-0.816966103 0.581795733 1.61548273 83 87 95
-2.5632357 -0.207755325 0.969306142 112 118 135
-0.816966103 0.581795733 1.61548273 83 87 95
1.99286748 -0.929366747 0.64242687 92 97 111
-0.970896822 0.581366309 1.63178665 80 83 91
-0.970896822 0.581366309 1.63178665 80 83 91
3.0329878 -0.816800244 0.830603325 0 0 0
-0.853020783 0.581400329 1.61598981 78 82 92
4.08740709 -1.45123535 0.974918071 165 165 165
-0.995247338 0.581456578 1.63156308 85 88 95
3.06701184 -0.0995382023 0.943022633 0 0 0
-0.90780108 0.57409222 1.09701757 85 86 91
-0.995247338 0.581456578 1.63156308 85 88 95
3.06701184 -0.0995382023 0.943022633 0 0 0
-0.756642856 0.57873404 1.14353884 123 123 123
-0.864785937 0.581589494 1.61550609 81 85 95
4.14489821 -1.442613 0.94612901 0 0 0
-0.864785937 0.581589494 1.61550609 81 85 95
4.14489821 -1.442613 0.94612901 0 0 0
-1.02500381 0.581565889 1.6324663 57 62 76
4.04771976 -0.544776484 1.1368271 236 236 236
-0.907934722 0.581073262 1.61580731 71 76 88
4.04771976 -0.544776484 1.1368271 236 236 236
-0.485995463 0.584375194 1.11447208 120 120 121
-0.907934722 0.581073262 1.61580731 71 76 88
-0.895817035 0.581349024 1.6153262 86 89 97
-0.895849693 0.581965403 1.61516627 86 89 97
-0.849080763 0.581590636 1.59934357 90 93 102
-0.864859323 0.582756057 1.59885788 78 82 93
2.79050773 -0.142422928 1.36918096 116 122 140
-0.864859323 0.582756057 1.59885788 78 82 93
1.99799983 -0.934300691 0.971248323 231 231 231
-0.877960381 0.5817496 1.59949514 90 93 101
2.0327092 -0.832614314 0.95137877 231 231 231
-0.806095659 0.590507163 1.28092094 123 123 123
-0.877960381 0.5817496 1.59949514 90 93 101
-0.93559549 0.579785459 1.08493063 120 121 121
-0.916897613 0.58130535 1.59932628 87 90 98
-0.94713725 0.581274758 1.59923164 97 99 105
-0.755904975 0.573965733 1.07918834 107 108 111
-0.947287482 0.581728562 1.59911485 97 99 105
-0.501986687 0.58877491 1.16235026 24 60 48
-1.02527624 0.582110797 1.599591 49 55 72
3.0790213 -0.812741154 0.811562385 59 62 72
-0.524591029 0.582382746 1.52543232 49 55 69
-0.524419721 0.582584112 1.52539931 49 55 69
-0.972085024 0.586973708 0.903216413 84 86 90
-0.577745057 0.582903765 1.52519498 60 67 79
3.02991573 0.0316496666 1.0369038 228 228 228
-0.972085024 0.586973708 0.903216413 84 86 90
-0.577745057 0.582903765 1.52519498 60 67 79
4.09540564 -1.46949743 0.98090237 0 0 0
-0.715034804 0.582180244 0.987143672 43 88 56
-0.780726641 0.582484397 1.50770121 81 88 100
-1.03318841 0.582566413 1.52482304 57 64 77
4.02672706 -0.478340341 1.12881333 236 236 236
-1.0924901 -1.260826 0.479375112 61 64 74
-1.03318841 0.582566413 1.52482304 57 64 77
4.02672706 -0.478340341 1.12881333 236 236 236
-0.969374516 0.58182164 1.50737886 69 77 89
2.8470225 -1.60380527 1.3649669 231 231 231
-0.302677942 -1.74322216 0.439233737 8 8 8
-1.02395932 0.582036602 1.50736821 71 78 90
2.89110809 -0.866628589 1.1809466 59 62 72
-0.711042457 0.582941706 1.33932732 124 124 124
-0.770407473 0.576369841 1.0950211 88 89 94
0.91397753 0.770835746 0.859203291 9 11 14
2.928769 -1.67068259 1.20410651 94 99 114
-0.72415896 0.582701582 1.33571287 81 86 93
0.841400718 0.771728019 0.858894073 9 11 14
3.98550088 -1.51153937 1.08405867 0 0 0
-0.515321239 0.582818029 1.08305268 123 123 123
0.845740181 0.774419435 0.858043251 9 11 14
3.93486916 -0.584422382 1.12517569 0 0 0
-0.719386563 0.582102273 0.972835553 37 81 53
-0.514064596 0.584263458 1.27547095 76 79 85
-8.46784689 -6.02755204 -2.28159566 8 8 8
-0.514064596 0.584263458 1.27547095 76 79 85
4.07506017 -1.47379979 1.00422121 0 0 0
-0.301800226 -1.69960577 0.926325172 231 231 231
-0.725730569 0.582519159 1.32743553 99 104 109
4.10602496 -1.47306182 1.00386108 165 165 165
-0.835636045 -1.77750149 0.400924734 8 8 8
-0.521025455 0.582413609 1.26754167 124 124 124
3.79272197 -1.59098491 0.792676283 231 231 231
-0.181324245 -1.57849099 0.619616986 8 8 8
0.740255143 0.771050475 0.860946551 9 11 14
3.05476894 -0.0935005081 0.944517004 0 0 0
-0.181324245 -1.57849099 0.619616986 8 8 8
0.352347809 0.768043149 0.937727852 57 57 57
3.05476894 -0.0935005081 0.944517004 0 0 0
-0.96738583 0.582306277 1.36350519 124 124 124
4.05198134 -1.48925202 1.02657888 165 165 165
-0.769169256 0.582787951 1.27672454 69 72 79
-1.97977047 -1.70599085 0.156378712 231 231 231
-0.742636961 0.582208048 1.15845913 112 118 124
-0.776159863 0.581162118 1.26884046 124 124 124
-0.993211346 -1.55100131 1.03911351 231 231 231
0.101555476 0.766780159 0.889262712 29 30 30
4.18370292 -1.4428617 0.900110004 59 62 72
0.101114678 0.766440531 0.889565229 29 30 30
3.94679426 -0.437274308 1.12132005 0 0 0
0.207177065 0.766926857 0.845958999 29 30 30
3.39258195 -1.64168176 0.727781646 231 231 231
-1.02071191 -1.66276559 0.632407444 95 100 115
-0.526014403 0.582556086 1.12654775 124 124 124
4.12099422 -1.49203209 1.0743152 0 0 0
-0.284041166 -1.67242575 0.936606364 8 8 8
2.28124085 0.743204493 -0.0316630067 231 231 231
4.11422478 -1.46099525 0.955267086 0 0 0
-2.4459837 0.820337407 0.8671959 0 0 0
-0.729263935 0.580569869 1.08441339 124 124 124
-0.7787959 0.586245932 1.0886924 74 77 84
-0.492232054 0.583773204 1.14629861 124 124 124
-0.7787959 0.586245932 1.0886924 74 77 84
-0.978272909 -1.62989781 0.961984005 59 62 72
-0.80430063 0.581613845 1.09319232 68 71 78
1.62267937 -0.903418572 0.533293571 77 80 92
-0.963603147 0.582607468 1.15549683 124 124 124
-0.135301985 -1.70525071 1.02903181 0 0 0
-0.979987583 0.589036014 1.2939021 124 124 124
-0.985168058 0.58257674 1.14685506 124 124 124
-0.940743109 0.565848076 1.12401955 124 124 124
-0.985484826 0.582791132 1.14654808 124 124 124
-0.48756541 0.585926684 1.16131155 59 73 70
-0.971517158 0.582426882 1.09194129 81 83 88
1.6849231 -1.67491583 1.4106066 231 231 231
-0.486445526 0.585045412 1.12328294 11 66 41
-0.732986392 0.58816119 0.958574389 124 124 124
2.80465463 -1.66482096 1.26998588 231 231 231
-0.744033792 0.579576971 0.932057378 124 124 124
1.10619731 0.705867714 -0.00264635213 44 42 42
2.73220111 0.241645278 0.961018245 59 62 72
-3.29421256 0.645975845 0.96136006 66 70 81
-1.00787881 0.579061303 1.08481418 124 124 124
-2.67671648 0.528246854 1.08557374 231 231 231
0.137617207 0.704031309 0.445806888 141 141 141
3.03336999 0.0152140362 0.990290812 228 228 228
-1.77022926 -0.884350284 1.22853602 107 107 107
0.137617207 0.704031309 0.445806888 141 141 141
-0.823012758 0.587955746 1.25337187 124 124 124
0.145704221 0.709814343 0.40687799 141 141 141
2.87053831 -0.171314933 1.34861298 105 110 126
-0.90610084 0.581292733 1.1661865 124 124 124
0.144406523 0.708765043 0.407264114 141 141 141
2.77697669 -1.31377303 1.27064605 80 84 97
-0.752854706 0.585312672 1.1717545 104 110 117
-1.0397294 0.574752505 1.079058 102 103 107
2.77697669 -1.31377303 1.27064605 80 84 97
-1.0397294 0.574752505 1.079058 102 103 107
-0.789110735 0.581326947 0.908178097 80 82 87
0.124889977 0.714306859 0.346546266 141 141 141
3.03183232 -1.70363915 0.946920812 8 8 8
-1.10658526 -1.48832801 0.40821437 231 231 231
0.0215634404 0.708104301 0.317616132 0 0 0
2.74692711 0.265043118 0.875026998 60 64 74
-0.958371632 0.584024526 0.905789624 101 102 105
3.19532935 -1.82170293 0.836504987 8 8 8
-0.960344505 0.582155795 0.907445179 101 102 105
4.06910996 -0.525103372 1.12884662 235 235 235
-0.976366818 0.58074414 1.26874667 70 70 70
-0.00201810377 0.708895366 0.258018916 141 141 141
-2.0736392 0.590297221 1.034103 2 2 2
-6.4689056 -7.8523829 -6.28644019 8 8 8
-0.981091373 0.58120041 0.907905523 93 95 99
-0.900759403 0.582348215 1.70139976 124 124 124
-2.40873627 -0.199042535 0.932339226 112 118 136
-0.887324027 0.58202776 1.70130184 124 124 124
-1.00421245 -0.947841185 0.828924479 0 0 0
-0.353599234 -1.77097492 0.408084712 8 8 8
-1.02692368 0.5796174 1.69948903 12 90 38
-2.79662037 0.62110923 1.00715833 95 100 115
-1.02692368 0.5796174 1.69948903 12 90 38
-0.96235736 -0.878142011 0.649679547 92 97 111
-0.960247568 0.581474861 1.69249675 124 124 124
2.97028981 -0.904616598 1.34620302 231 231 231
1.93809479 0.182144112 0.798323153 104 109 126
-0.960247568 0.581474861 1.69249675 124 124 124
2.79221135 -1.30974773 1.29222315 80 84 97
-0.482555197 0.587037259 1.65791239 0 0 1
0.73977807 -1.39481317 0.610868082 231 231 231
-0.983442862 0.582185433 1.69261608 4 15 40
2.86034446 -1.35927568 0.872256842 231 231 231
-0.5686406 0.581458549 1.66097381 102 106 111
-0.503710423 0.582325197 1.65246882 74 76 83
-0.984036459 0.580311859 1.68750689 4 15 40
-1.0269798 0.579849119 1.68021496 12 90 38
-2.63262294 0.0764868775 0.902291397 228 228 228
-1.0269798 0.579849119 1.68021496 12 90 38
-1.98218655 0.637940017 0.00267430515 106 106 106
-3.3473005 -0.256113193 0.852623226 59 63 73
-0.715556815 0.582216075 1.63194707 83 86 94
-0.975562737 0.593937139 1.253348 102 104 108
-0.693029783 0.581839446 1.62368371 12 31 62
-0.975562737 0.593937139 1.253348 102 104 108
-0.693029783 0.581839446 1.62368371 12 31 62
2.71514329 -0.958678369 1.33522062 98 104 119
-0.747357133 0.584572704 1.30431382 121 121 121
-0.722518621 0.582104577 1.62362155 13 31 62
2.73017954 -0.150208355 1.37153718 79 77 77
-0.534645239 0.590267195 1.2907701 96 97 100
-0.835180648 0.581910596 1.63218763 83 86 95
2.91178626 -0.90062634 1.36299163 231 231 231
-0.835180648 0.581910596 1.63218763 83 86 95
2.91178626 -0.90062634 1.36299163 231 231 231
-0.538928648 0.586783788 1.25651941 102 104 108
-0.87391358 0.581429136 1.63167646 50 56 73
-0.808048067 0.58216719 1.5293566 92 98 109
-0.804948231 0.582029668 1.52811513 14 25 47
-0.802772275 0.580477157 1.52569822 92 98 109
1.9585978 0.769482616 0.892223391 11 30 43
1.62317301 0.752565669 0.886002916 10 10 10
2.57419408 -0.915603498 1.14612672 59 62 72
1.50309558 0.771416664 0.872350817 10 10 10
2.76822624 0.283864979 1.13004633 111 116 133
1.40560321 0.754203417 0.884949773 9 9 9
2.93785059 -1.24678331 1.04328485 111 117 134
-0.561754355 0.582818847 1.25860236 93 96 101
4.30945787 0.398349356 0.826572921 112 118 135
-0.947036473 0.581370413 1.35093871 13 24 46
3.97032771 0.316638333 0.850786952 0 0 0
-0.958068301 0.538394957 1.36901714 13 24 46
-0.483847846 0.579882017 1.15922423 18 39 46
2.69511441 0.24838238 0.797176947 83 78 74
-0.687290112 1.73823799 0.80796918 18 27 47
2.69511441 0.24838238 0.797176947 83 78 74
-0.988816629 0.582164828 1.33499108 13 25 46
-4.69034329 -0.82725057 0.839897599 70 68 68
-0.871540672 0.990211206 1.13350159 15 26 47
2.90368277 0.499641218 1.37985366 98 103 118
-0.554153263 0.584735801 1.13044823 110 116 122
2.60551428 0.257916217 0.897081413 85 90 103
-0.934739093 0.582516597 1.27998762 16 26 47
2.60551428 0.257916217 0.897081413 85 90 103
-0.96488648 0.580833438 1.2823148 121 121 122
3.91474204 0.315589314 0.851581215 235 235 235
-0.917289436 0.582671056 1.25869544 92 95 100
3.90429111 0.567997829 1.26441918 88 93 107
-0.747151858 0.611325509 1.12527628 121 121 121
2.71248944 0.267831165 0.842952263 60 63 74
-0.769838085 0.581534518 1.09510172 49 53 64
2.68548468 -0.842027057 0.859073133 84 87 101
-0.975527368 0.583244544 1.16043178 12 90 38
2.95166213 -0.856190879 1.18398393 109 115 132
-0.972378634 0.583116165 1.15620212 12 90 38
-2.66618509 0.301312008 1.07158741 66 70 81
0.220233255 0.740569482 0.443465266 0 0 0
-0.976357229 0.582578734 1.15218573 108 114 120
3.03505477 -0.0679260687 1.02599027 228 228 228
-0.491329689 0.580406469 1.65439415 1 2 4
-0.451852002 0.581642015 1.62558155 101 103 109
-0.581599687 0.582149125 1.63734091 86 90 97
-0.50743052 0.581730107 1.62075946 27 45 44
-3.98127124 -1.71247878 1.28030962 231 231 231
-0.780526136 0.582098274 1.6316084 12 30 60
-0.728740868 0.582099096 1.61531263 15 33 64
-0.758018921 0.582055804 1.61700784 77 81 92
2.7546669 0.221127967 0.965598842 60 63 73
-0.761565257 0.582052865 1.61546101 14 32 63
3.03784851 -0.0162325239 1.01371464 0 0 0
-0.879158795 0.581860596 1.61633133 12 30 61
3.03784851 -0.0162325239 1.01371464 0 0 0
-0.894841404 0.581815063 1.59917539 13 31 62
-0.667915186 0.582289592 1.51306095 38 48 68
-0.541773926 -1.2823419 1.22629625 0 0 0
-0.817631962 0.582157239 1.52540615 94 100 111
-0.707055108 -1.35388003 1.16933182 0 0 0
1.71825753 0.770862212 0.912810819 120 121 121
1.74758787 0.769475849 0.905917343 17 30 45
-1.17969297 -1.05647453 0.755109088 0 0 0
1.67269443 0.635529181 0.82018148 101 107 122
-1.17969297 -1.05647453 0.755109088 0 0 0
1.67572336 0.646649013 0.807045317 101 107 122
2.73548002 0.267248253 0.838639473 60 63 74
1.95644851 0.160505339 0.815206156 0 0 0
2.80381811 0.258514215 0.852936236 60 63 74
-0.166041595 0.6969661 1.1497183 0 0 0
-0.166041595 0.6969661 1.1497183 0 0 0
4.25490205 -1.49469281 0.860082708 231 231 231
-0.462877526 0.583534396 1.25851622 99 102 106
-0.698779508 0.582752046 1.25905424 86 90 96
-0.822562978 1.15427979 1.11064341 8 20 43
0.0252734559 0.183565026 -0.110587391 236 236 236
-0.95762025 0.582706903 1.35050261 21 30 49
-0.930775957 0.583681845 1.3254182 13 24 46
-4.94009258 -0.834472992 1.23846767 177 177 177
-0.930775957 0.583681845 1.3254182 13 24 46
2.65278417 -1.23614739 1.28952736 59 62 72
-0.756889343 0.583410892 1.25865846 96 98 103
-0.979963333 0.58318613 1.3290303 112 118 124
3.02690057 -1.25768499 0.917699766 231 231 231
-0.532565661 0.585861017 1.13465052 51 56 67
-0.959552613 0.582690835 1.27343087 25 33 50
-0.962622057 0.582668707 1.27390308 122 122 122
4.06453877 -1.47393433 0.992123224 0 0 0
-0.981319583 0.581977955 1.27656842 124 124 124
4.06335472 -1.47603883 0.991144241 0 0 0
-0.944286451 0.582682292 1.17451578 12 90 38
-0.786708328 0.582243452 1.09643138 123 123 124
0.340126876 3.62517852 -0.956355046 92 95 101
2.99247567 -1.59916362 1.06404814 228 228 228
-0.896511147 0.583319536 1.07306757 94 97 102
3.02119704 -1.59040661 1.02764533 228 228 228
-0.890723457 0.581515635 1.67947803 4 17 43
3.05448837 -1.57809762 0.993705278 228 228 228
-0.50366264 0.579439798 1.63110615 3 7 9
2.07069606 0.2558358 0.923615701 99 104 120
-0.586719684 0.582222668 1.63720189 9 11 16
-0.544676359 0.582815006 1.50777679 72 79 91
1.95675754 -0.874856868 0.608882652 69 73 84
-0.571878358 0.582250915 1.50734053 70 77 90
-0.571845414 0.582321852 1.50732126 70 77 90
4.14092741 -1.51487962 1.08770277 0 0 0
2.12898126 0.66710797 0.984138978 123 123 123
4.29560021 -1.450384 0.852687757 121 127 145
-0.716822442 0.581924467 1.50815297 82 88 100
3.91182729 0.128181065 0.849155019 114 119 137
-0.716854366 0.582044947 1.50812547 82 88 100
3.97456573 0.153959923 0.859703724 0 0 0
-0.78746673 0.583044916 1.50723573 74 81 93
3.98218961 0.15329467 0.864867428 0 0 0
-0.78746673 0.583044916 1.50723573 74 81 93
3.97835061 0.318860306 0.863046852 0 0 0
1.93842091 0.340779246 0.832735416 130 130 130
4.14934071 0.15273669 0.870437757 0 0 0
-0.512631234 0.583923814 1.29914589 124 124 124
-4.2761865 -0.813701487 1.31989586 231 231 231
-0.942414424 0.582613519 1.35015086 14 25 46
2.9989135 -1.40142695 1.06339603 228 228 228
-0.729747597 0.583237871 1.25869179 95 98 103
-0.560567974 0.582748831 1.13721206 75 78 84
4.32717061 -1.36823156 0.872410678 94 99 114
-0.528981405 0.583526192 1.07337274 106 107 110
4.13892128 -1.51194923 1.08620108 0 0 0
-0.528981405 0.583526192 1.07337274 106 107 110
4.13892128 -1.51194923 1.08620108 0 0 0
-0.72468879 0.582674688 1.09110303 52 56 66
-0.710411778 0.583552875 1.07346021 100 103 106
4.12831229 -1.46363231 0.935808374 0 0 0
-0.9416641 0.584232216 1.17667246 12 45 44
0.681390695 0.706471103 1.5772247 0 0 0
4.02776893 -1.464343 1.04249544 0 0 0
-0.526116617 0.581907803 1.63644568 93 96 102
4.03624329 -1.46783916 0.984081775 166 166 166
-0.520351469 0.582650108 1.62522808 108 110 115
4.1311897 0.163477548 0.867675627 0 0 0
0.810979753 0.717272751 1.4549064 140 140 140
1.27339825 -1.66356696 1.44348646 231 231 231
0.811805073 0.717712665 1.45419189 140 140 140
1.24136563 -1.676669 1.43666216 231 231 231
-0.747145664 0.583525016 1.63122137 77 81 92
2.93691111 -0.193668702 1.17915067 82 87 99
-0.747145664 0.583525016 1.63122137 77 81 92
2.73419522 -0.850917709 0.970089918 96 101 116
-0.687916372 0.581703324 1.61570405 91 94 101
2.97638219 -1.39371607 1.1435357 228 228 228
-0.686918399 0.584074502 1.61516311 91 94 101
4.00957996 -0.467897883 1.12861353 235 235 235
2.61615308 0.585149321 1.20073595 29 29 29
4.15116909 0.317644806 0.87005574 0 0 0
2.61615308 0.585149321 1.20073595 29 29 29
3.02335138 0.0140095495 0.977423062 0 0 0
-0.794074584 0.582186988 1.52414941 35 43 59
-0.812252623 0.582617457 1.52489726 53 60 74
-0.812254926 0.582402469 1.52570393 53 60 74
-0.765202921 0.582459002 1.50733968 65 72 85
1.96388467 0.443218379 0.935433548 0 0 0
1.9655461 0.443858014 0.934878252 0 0 0
0.991411647 0.761177626 1.03450676 0 0 0
-0.703244568 0.582334515 1.42757261 54 59 68
-0.723173081 0.584103545 1.36079358 124 124 124
3.3913305 0.211042654 0.811486592 0 0 0
-0.494460613 0.584300787 1.27575041 102 103 106
3.3913305 0.211042654 0.811486592 0 0 0
-0.494460613 0.584300787 1.27575041 102 103 106
-0.702174373 0.583257101 1.33306878 12 87 38
-0.726008947 0.582670309 1.32794723 88 94 101
3.23555771 -0.0318417895 0.15095365 231 231 231
-0.784861077 0.582569201 1.33336374 12 88 38
-0.717629249 0.582454006 1.25966347 108 109 112
3.0443272 -1.50175525 1.04411121 0 0 0
-0.96783921 0.581806344 1.35042349 12 90 38
2.97435657 0.646851594 1.01459533 231 231 231
-0.46739295 0.584456028 1.12393126 20 48 47
3.12764964 0.635775812 1.03792664 10 10 10
-0.512867821 0.582147718 1.08370478 124 124 124
3.18388169 0.619197926 1.05794224 10 10 10
0.613766517 0.712379583 1.74067015 140 140 140
3.17893468 0.660933612 1.00743336 10 10 10
0.595149126 0.700922125 1.74386755 140 140 140
3.17893468 0.660933612 1.00743336 10 10 10
-0.809059987 0.58165372 1.63038307 93 96 103
0.361590283 1.55228079 -0.0657169882 10 10 10
-0.711691993 0.582418212 1.60938787 15 33 64
3.00234414 0.771786848 0.874556968 10 10 10
-0.79831091 0.58109049 1.61536668 86 90 98
3.00405068 0.656272498 0.848166294 0 0 0
-0.79831091 0.58109049 1.61536668 86 90 98
4.22220879 0.0367845725 0.836703023 112 118 135
2.26004149 0.725136346 0.93823396 123 123 123
2.94631172 -0.856943163 1.21828266 92 97 112
2.28185857 0.771326442 0.903572418 123 123 123
4.24145446 0.550598593 1.31113311 103 109 125
2.16863291 0.717565408 0.890688917 231 231 231
4.29223989 0.0564660697 0.808472096 0 0 0
-0.710529603 0.583412899 1.33844528 124 124 124
-0.534522832 0.582284833 1.2682879 124 124 124
-0.688879667 0.583973614 1.27585766 107 108 110
-0.688879667 0.583973614 1.27585766 107 108 110
2.81526788 -1.34644524 1.3094022 231 231 231
-0.739959209 0.580468112 1.26939766 124 124 124
2.92719413 -1.28561855 1.19920388 89 94 108
-0.934886826 0.578382541 1.2703219 124 124 124
2.97366493 -1.59018555 1.14101045 228 228 228
0.286275832 0.0712146478 0.95242415 231 231 231
1.7163142 0.661067879 0.08736383 231 231 231
2.73730311 0.242945255 0.975029207 100 105 120
-0.752582185 0.583475629 1.08176782 124 124 124
2.73733038 0.242638283 0.974998094 100 105 120
0.601053278 0.700675734 1.46483798 140 140 140
3.05249911 -0.0979554146 0.939145797 0 0 0
-0.772570993 0.58115283 1.62369786 13 31 62
2.99530769 0.646851318 0.891436501 98 103 119
-0.87819554 0.580633833 1.62440457 11 29 59
3.13416574 0.0786267107 0.904127625 228 228 228
-0.87819554 0.580633833 1.62440457 11 29 59
4.24241233 0.601413338 1.28279282 29 30 30
1.99384374 -0.0438112516 1.00677987 130 130 130
3.42548827 -0.0183089076 -0.00821652071 0 0 0
1.57798085 0.783091163 0.897005491 124 124 124
1.94974655 0.362230414 0.898665254 0 0 0
2.79489774 -1.59565939 1.30569179 231 231 231
-0.497155121 0.5832644 1.2883715 124 124 124
2.94317973 0.6131541 1.27844067 97 102 117
0.585498623 0.764106555 0.868411069 9 11 14
-0.967589691 0.583126203 1.35363011 12 90 38
3.3339687 -1.63866468 0.748157309 231 231 231
0.603860527 0.700305389 1.73812349 140 140 140
0.599285536 0.697261297 1.73943971 140 140 140
4.28631988 0.405107305 0.851865114 120 126 145
0.692965479 0.708913365 1.58347683 0 0 0
2.52364153 0.506314864 1.33337967 116 122 139
2.28876434 0.510972074 1.27086328 59 62 72
0.221996979 -1.20186051 0.588646318 231 231 231
2.52170426 0.318586493 0.904378279 59 62 72
-0.513149312 0.589912147 1.35003244 104 115 116
-0.712063819 0.582121934 1.28974564 124 124 124
4.0516167 0.195398962 0.867407572 236 236 236
0.650850666 0.708819417 1.66707225 0 0 0
0.644190699 0.706980887 1.62064365 0 0 0
4.21344736 0.331651109 0.870983351 236 236 236
0.672468276 0.704365464 1.56003179 140 140 140
4.21344736 0.331651109 0.870983351 236 236 236
1.97907056 0.497443252 0.983541527 0 0 0
2.15092592 0.244461267 0.826193638 0 0 0
2.15092592 0.244461267 0.826193638 0 0 0
-0.0386535048 0.762294334 0.917694709 9 11 14
-0.744979792 0.586395521 1.19724705 124 124 124
4.24608805 0.593237182 1.38095932 108 113 130
-0.89534452 0.581408199 1.51867316 34 45 64
4.06947194 0.247208905 0.859825724 0 0 0
1.98454582 -0.0499811587 0.905930801 0 0 0
1.93814725 0.664544477 0.848996711 5 5 5
3.29672817 -1.67000404 0.674627436 0 0 0
-0.443754966 0.586694596 1.18048611 124 124 124
4.25673459 0.402037892 0.919168409 94 99 114
-0.516949759 0.591622751 1.18136931 124 124 124
0.815284449 0.768351426 1.71662385 140 140 140
-0.354589106 0.813293751 1.23278858 92 110 102
-0.449607984 0.580473623 1.71990792 68 73 86
4.18942951 0.547984377 1.47379555 62 66 76
-0.615907703 0.57796076 1.67293312 81 84 90
3.75299464 -1.55322849 0.808614088 231 231 231
-0.499662677 0.57910546 1.65731761 0 1 2
4.18986496 0.5834084 1.47772936 119 125 143
-0.606826615 0.581617176 1.66438746 26 29 36
4.18945276 0.583556888 1.477355 119 125 143
-0.606826615 0.581617176 1.66438746 26 29 36
-0.571746051 0.582382466 1.65450804 8 11 19
-0.558635112 0.582223615 1.65215456 68 76 81
2.8237143 -0.88028417 1.17723151 89 94 108
-0.623686961 0.582173022 1.64582634 2 6 16
2.95476172 -1.30410473 1.18384255 109 115 132
-0.593054544 0.581786561 1.6401037 9 12 16
2.97496101 -1.58988879 1.143058 136 136 136
-0.573017105 0.582298423 1.6377302 75 81 87
2.9783434 0.0815983435 1.14912904 228 228 228
-0.627525628 0.581981826 1.64186939 2 7 25
4.10733449 -0.415942456 1.1343037 0 0 0
-0.550622285 0.582248921 1.62942553 89 93 100
3.93883881 0.13291184 0.874632331 235 235 235
-0.71838072 0.585764084 1.63588737 17 33 61
-1.41422169 -1.48951289 0.353637527 0 0 0
0.59569231 0.705951196 1.45451072 139 139 139
3.02235188 -1.32156067 0.877031232 49 51 59
0.59569231 0.705951196 1.45451072 139 139 139
2.74437076 -0.909779241 0.979698791 92 97 111
-0.66408305 0.581828043 1.61806146 99 102 108
4.15575858 -0.598120912 1.12533704 234 234 234
2.13317773 0.565706158 1.22898948 97 103 118
2.77931736 -1.29221797 1.2874239 231 231 231
-0.731865131 0.582054972 1.61801945 107 109 113
-0.731865131 0.582054972 1.61801945 107 109 113
-0.80387756 0.58198459 1.61815231 106 107 111
-0.80387756 0.58198459 1.61815231 106 107 111
-0.782848437 0.582226427 1.52487145 93 99 110
1.72629684 0.759887049 0.880598835 10 10 10
1.38823051 0.75961692 0.880930542 9 9 9
-0.731235094 0.582218125 1.43100694 17 27 47
-0.744991331 -1.50260335 0.996400602 231 231 231
-0.171557217 1.25716149 1.07341491 124 124 124
3.6451007 0.776239419 1.40471469 9 9 9
-0.50969756 0.582919449 1.34006726 13 28 45
2.91832202 -1.31436701 0.994524487 84 89 102
-0.129024715 2.98400466 0.136664463 122 122 123
3.03495205 0.788016072 0.892924503 10 10 10
-0.491461813 0.583206871 1.1673054 22 32 49
3.23965723 0.72834445 0.956545766 9 9 9
-0.776196527 0.582997887 1.28051022 117 118 119
-3.68130538 1.69025217 -4.28153157 0 0 0
-0.753131334 0.584016179 1.2591026 123 123 124
-0.801376519 0.582747926 1.27908272 122 122 122
4.00252145 0.263312234 0.857387798 236 236 236
-0.51039582 0.583112341 1.15408355 119 120 121
4.24327129 0.396659981 0.894660847 88 93 107
-0.549875164 0.583729198 1.16560859 121 121 121
4.24327129 0.396659981 0.894660847 88 93 107
-0.493265384 0.583464793 1.11959457 123 123 123
2.85311604 0.596400615 1.28725127 59 62 72
-0.846055105 0.306671399 1.38072165 97 101 106
4.21089472 0.604341311 1.44140255 57 57 57
-0.730648334 0.580963761 1.17291514 116 117 118
4.21238425 0.601477289 1.43565235 108 114 130
0.990341351 0.747839943 1.93676515 57 57 57
-0.582607965 0.584337289 1.67385423 4 15 10
3.43863617 -1.45823551 0.808245282 0 0 0
-0.542097183 0.581951691 1.64955032 109 111 116
4.07263168 -0.521886096 1.13236794 234 234 234
-0.617192506 0.581840251 1.64939399 80 83 92
4.07146079 -0.522142328 1.13201119 234 234 234
-0.482338613 0.585604037 1.63193597 4 6 9
4.25058077 0.55229767 1.13928029 10 10 10
-0.723684128 0.581895191 1.63050003 14 31 61
2.94758719 -1.33110558 1.3706676 231 231 231
-0.743327881 0.581861444 1.63222304 12 30 60
2.94758719 -1.33110558 1.3706676 231 231 231
-0.743327881 0.581861444 1.63222304 12 30 60
3.02709537 -1.71763888 0.938645039 8 8 8
-0.759829042 0.582599076 1.63164061 104 106 110
3.11762647 -1.74633005 0.917390244 8 8 8
-0.683277522 0.581897858 1.61588921 15 33 63
4.15479332 0.150954361 0.872320452 0 0 0
-0.683167564 0.582186817 1.61579669 15 33 63
2.11436261 0.545575828 1.24498514 29 29 29
-3.87128064 -1.02595907 0.0184160568 108 106 106
-0.764191098 0.582766554 1.61846609 98 101 106
3.04513693 0.589203366 1.23931882 93 98 113
-0.757993543 0.582019112 1.61700098 82 86 96
4.2184898 0.527971559 1.51794232 108 114 131
-0.804883803 0.581929975 1.52808824 19 28 48
3.05337374 -0.0978252187 0.939640605 0 0 0
1.98325098 0.760387568 0.880962304 9 9 9
3.09315324 -1.38857121 0.883999536 228 228 228
-0.820733562 0.58203003 1.52271885 27 35 53
4.34398251 0.564745916 1.29630968 83 87 101
-0.820733562 0.58203003 1.52271885 27 35 53
3.9003739 0.398495889 0.956276323 82 86 99
-0.759050883 0.58198166 1.50750818 94 100 111
4.2979496 0.527621664 1.15934029 231 231 231
1.6281249 0.769002072 0.920429556 8 18 27
4.08550737 0.235576115 0.889045714 236 236 236
1.27966029 0.769850205 0.920600829 9 14 21
4.08550737 0.235576115 0.889045714 236 236 236
-0.520265646 0.582809276 1.32959066 123 123 124
1.30743573 0.701424494 1.17711868 100 105 120
-0.520327805 0.582879215 1.32957004 123 123 124
2.83538225 -1.56859753 1.31463522 231 231 231
-0.753310774 0.582442729 1.31536156 8 57 41
2.82433913 -1.57585879 1.31245064 231 231 231
0.0174686939 0.767446561 0.923774672 9 12 14
2.94194015 -1.37228987 1.33411178 231 231 231
-0.471612748 0.583740679 1.16378423 10 25 45
3.98424145 0.315814641 0.865146702 0 0 0
-0.471912937 0.583225858 1.16427252 10 25 45
-0.488681799 0.583747305 1.16192995 12 90 38
-0.559447502 0.583490081 1.16855399 124 124 124
2.14969826 -0.125356254 1.31729577 115 120 138
-0.122798416 0.739692076 0.913753916 29 30 30
-0.487020251 0.582729475 1.12072624 14 40 45
-0.56234034 0.585760484 1.12988454 111 117 123
1.73818587 -1.50644609 1.10632164 231 231 231
-0.739403396 0.562885706 1.18094078 7 20 43
2.94123749 -1.14593898 1.33256688 231 231 231
0.797692386 0.706227502 1.66370898 140 140 140
4.98143184 0.614075259 1.47457185 87 92 106
-6.81160305 1.06622682 -2.96055664 0 0 0
0.819925746 0.720654782 1.55870818 140 140 140
2.79525797 0.292867576 1.36966798 59 62 72
4.27617594 0.555510149 1.18360736 29 30 30
-0.510839545 0.581760266 1.63765729 106 108 113
-0.493537301 0.581688528 1.63179697 1 3 4
-0.493537301 0.581688528 1.63179697 1 3 4
-0.795696478 0.582045447 1.61021922 14 32 63
-0.537555816 0.582924285 1.53070492 94 101 111
4.05822812 0.187425854 0.872215191 236 236 236
-0.493500437 0.582093222 1.50734264 72 79 92
2.0436882 -0.957572589 1.02766518 115 121 138
-0.544661973 0.582572451 1.50782543 73 80 92
2.02261289 -0.96499219 1.02188086 115 121 138
-0.538476148 0.582439488 1.50707567 65 72 86
3.67039995 0.474991798 0.919410087 0 0 0
-0.538476148 0.582439488 1.50707567 65 72 86
-0.552206441 0.582556068 1.50691119 69 76 89
-0.552206441 0.582556068 1.50691119 69 76 89
1.63170994 0.210977577 0.740155203 0 0 0
2.93139939 0.672447039 0.993603197 10 10 10
-0.51379387 0.582083815 1.29957247 124 124 124
2.93139939 0.672447039 0.993603197 10 10 10
-0.495840284 0.58250725 1.2597726 86 90 97
3.04149517 0.0154200258 0.983014391 0 0 0
-0.477249442 0.583669662 1.15881093 10 42 44
-0.54033384 0.583278539 1.07427435 93 96 101
2.83940333 -1.16835267 1.36365524 154 154 154
-0.54033384 0.583278539 1.07427435 93 96 101
2.91664168 -1.25315501 1.18206766 71 75 87
-0.580067917 0.582777926 1.07402637 108 110 112
1.74013446 -1.505508 1.10637603 231 231 231
-0.580067917 0.582777926 1.07402637 108 110 112
0.493234438 0.734510337 1.92552408 0 0 0
0.976303702 0.74695216 1.93050545 0 0 0
3.4605651 0.0307701463 0.0807262454 0 0 0
0.797955672 0.717726678 1.68020294 0 0 0
1.91480809 -0.984546339 1.01804148 231 231 231
0.745605419 0.706255131 1.6363106 140 140 140
3.92917625 0.492601987 1.2107065 10 10 10
0.745605419 0.706255131 1.6363106 140 140 140
3.92917625 0.492601987 1.2107065 10 10 10
0.66656291 0.705907052 1.60788867 0 0 0
3.95898177 0.323391583 0.851480595 0 0 0
0.648349017 0.699164744 1.55210347 140 140 140
-0.522298734 0.581774969 1.64258636 0 1 1
4.0576973 -0.530578855 1.1216076 0 0 0
1.98851177 -0.0213567469 1.0020817 0 0 0
1.41681425 0.565999032 -1.17921955 236 236 236
1.86805631 0.669633016 0.799006729 106 112 128
1.95599403 -0.0216211471 0.923273355 130 130 130
2.07069606 0.2558358 0.923615701 99 104 120
1.95572034 -0.0219667559 0.923085492 130 130 130
4.29881538 0.515965307 1.1375201 5 5 5
2.00211041 0.232083034 0.843632099 61 65 75
-0.46626993 0.657631738 1.28485502 124 124 124
-0.47590616 0.583099693 1.1735091 65 70 77
-0.483409074 0.585282296 1.17170558 124 124 124
-0.75375837 0.58084237 1.63175221 78 82 92
1.79993081 -1.10947999 0.911825737 231 231 231
-0.75375837 0.58084237 1.63175221 78 82 92
2.97194221 -0.118938993 1.14666454 228 228 228
-0.706117751 0.581877639 1.61535936 81 85 94
-0.583189192 0.579084868 1.52556913 70 76 88
-0.581054559 0.59051445 1.5226856 70 76 88
-0.56501066 0.581275289 1.5160765 94 101 111
2.8811321 -1.30381888 1.00183445 69 73 85
1.98108956 -0.0371108235 0.986158709 0 0 0
3.04423848 -0.841644158 0.974355992 105 110 127
1.97991797 -0.037639205 0.987001234 0 0 0
-0.712117089 0.581506718 1.42885734 99 101 106
4.05785688 0.257520833 0.869712189 236 236 236
-0.712117089 0.581506718 1.42885734 99 101 106
1.59550224 0.248321616 0.791488405 59 62 72
-0.508501204 0.580263314 1.27879851 89 92 95
4.30421146 0.535011358 1.18762016 124 124 124
-0.759512575 0.628098039 1.34409745 12 89 38
4.30603876 0.523305319 1.16394143 231 231 231
3.06200288 0.485033954 1.25941786 59 62 72
4.23097562 0.321731075 0.869979045 116 122 139
-0.579545686 0.582352412 1.64135852 98 101 107
3.21128666 0.478667069 1.23856747 59 62 72
-0.547597086 0.579590317 1.52679299 79 85 97
2.99940764 0.685400315 0.839447783 5 5 5
-0.551047497 0.582305894 1.51654765 94 101 111
-0.812821126 0.585502605 1.5151052 94 101 111
-0.529357504 0.58374498 1.33422948 9 58 41
3.98254334 0.313551807 0.859781309 0 0 0
-0.504104868 0.582018512 1.31246111 113 119 124
1.88057714 0.382302657 1.22724882 158 158 158
-0.74427099 0.590272933 1.35978795 124 124 124
2.03353529 -0.995411718 0.981699359 231 231 231
-0.276633405 0.76051996 1.87346277 0 0 0
3.15354344 0.619062543 0.984723036 5 5 5
1.98979604 0.0713327296 0.993707771 0 0 0
4.28009174 0.552494735 1.18498989 29 30 30
2.01002336 0.239486144 0.83372638 60 64 74
3.88909767 0.433884844 1.00574579 88 93 107
-0.539727873 0.584346615 1.16173537 26 35 52
3.87570381 0.477622552 1.16099399 5 5 5
1.99161865 0.135706129 0.816450728 59 62 72
3.83119687 0.504559037 1.18427931 231 231 231
-0.764351427 0.582629507 1.34017188 56 61 71
4.03068676 0.292407498 0.868671581 0 0 0
-0.466218328 0.577649831 1.638123 6 23 53
4.11967878 0.632058043 1.22735487 94 99 114
-0.430144572 0.582379249 1.6328427 5 22 52
3.84759588 0.435621048 0.925960069 88 92 106
-0.727169953 0.578616248 1.29562954 124 124 124
-1.04962664 -1.28712807 0.528331069 118 124 142
-0.759532065 0.57913502 1.29562249 124 124 124
2.02734614 -0.846556038 0.841434068 40 42 49
2.02795577 0.0686419893 1.07647399 130 130 130
-0.797809499 0.583395667 1.25518938 124 124 124
-0.916213167 -0.907228742 0.826335635 197 197 197
-0.797809499 0.583395667 1.25518938 124 124 124
-1.49001056 -1.60280174 0.342552868 192 192 192
0.610336783 0.677869896 1.48944408 140 140 140
3.87601661 -0.40015149 1.12713857 234 234 234
0.628053018 0.694621105 1.48501821 140 140 140
3.87560533 -0.399946544 1.12724397 234 234 234
2.05511662 0.628232113 1.04085632 29 29 29
3.08689614 -0.114705612 0.887083259 228 228 228
-0.544721778 0.581434117 1.65710273 91 94 100
4.00138955 -0.487868073 1.14384575 0 0 0
1.97143083 0.685885024 0.20171092 5 5 5
-0.880315058 0.584852758 1.61785004 82 85 94
-0.838435411 0.581552004 1.61060801 18 34 63
-0.995946472 0.581706797 1.61106711 12 28 56
-0.518947917 0.582603923 1.36519551 89 91 95
2.87356813 -0.887694938 1.29506161 65 69 80
-0.51511438 0.585953234 1.36389685 89 91 95
2.87356813 -0.887694938 1.29506161 65 69 80
6.31184071 2.85716787 -0.639657332 10 10 10
2.87462762 -0.879951249 1.27613041 65 68 79
3.56258828 1.67239557 0.217378487 10 10 10
2.87462762 -0.879951249 1.27613041 65 68 79
-0.505830877 0.586120462 1.30365045 124 124 124
3.60054852 -1.81955692 1.01545579 8 8 8
-0.56222315 0.584978915 1.25768877 99 101 106
3.60054852 -1.81955692 1.01545579 8 8 8
-0.564331066 0.582959292 1.25865989 99 101 106
3.62151477 -1.7985398 1.00451114 8 8 8
-1.32705587 0.591002649 1.42748565 2 3 3
-1.35798444 0.591925214 1.41283819 17 75 28
-5.4664405 -0.624119626 0.939674303 163 163 163
-1.36244042 0.590896902 1.4030595 34 44 42
-2.98131188 -0.293261823 1.20521655 79 77 77
-1.36243553 0.590907638 1.40303141 34 44 42
-6.42609941 -0.625168001 0.818732134 80 78 78
-1.3646836 0.592298879 1.35241359 9 11 12
-2.16106355 -1.63092089 0.927759319 231 231 231
-1.33516992 0.591783266 1.33928584 65 69 71
-1.3397296 0.591244115 1.33697028 66 68 70
-0.691702704 -1.41634573 0.700775097 92 97 111
-1.34180387 0.590096599 1.32231665 69 72 74
-0.692801224 0.584734347 1.08343047 124 124 124
-1.33213473 -0.846325598 0.530385519 89 94 108
-1.36515773 0.59074541 1.32211299 71 74 75
-1.35467345 -0.850528171 0.52630534 89 94 108
-1.37408643 0.591463318 1.31659476 67 70 72
-0.767868128 0.584134187 1.0730536 99 101 105
-2.13493194 -1.16090646 0.251528285 94 99 114
-0.767884764 0.584106219 1.07306411 99 101 105
3.05916348 -1.75910402 0.914392141 8 8 8
-0.986750699 0.581814856 1.14326453 124 124 124
3.04572951 0.0155785326 0.997931511 228 228 228
-0.986524153 0.580160699 1.07549489 102 104 107
3.04572951 0.0155785326 0.997931511 228 228 228
-0.986524153 0.580160699 1.07549489 102 104 107
-8.92728641 0.632351925 0.853463684 101 107 122
-0.741822114 0.580813873 0.890223325 105 106 109
-5.54477234 -0.737265132 1.12342762 231 231 231
-0.972387797 0.581446245 0.906803016 66 69 76
-0.568253798 0.581746818 1.50725153 72 79 92
-0.72235766 0.584193464 1.42165517 111 113 115
1.83254738 0.669387452 0.798520432 108 114 130
4.25696992 -1.60763257 1.42419012 109 114 131
2.02394959 0.353899622 0.796307323 59 62 72
-0.714124655 0.582822253 1.36255113 13 74 41
-0.550745973 0.579978685 1.32040279 124 124 124
3.87088048 -1.47056842 0.858141368 231 231 231
-0.494142273 0.582961423 1.25924679 99 101 105
-1.31573615 0.591204848 1.4546944 15 39 23
-0.764125544 0.582361507 1.30638369 124 124 124
-1.33083086 0.591140503 1.44932486 12 89 38
-3.58090553 -1.64959204 2.13039037 231 231 231
-1.31897787 0.591039263 1.43766924 4 28 11
-3.64916066 -1.78836066 1.39891706 2 2 2
-1.32254056 0.590989108 1.43328966 15 77 30
-3.40925279 -1.74248977 1.39765819 2 2 2
-1.3089512 0.591242621 1.35127916 3 24 8
-2.70477721 0.321618677 1.07631963 64 68 79
-1.36840805 0.590881241 1.34601157 10 13 14
2.12206405 0.306314301 1.26218576 0 0 0
-1.37720966 0.59008749 1.34151172 10 12 13
2.80365346 -0.896157561 1.17951977 59 62 72
-0.426057903 0.947865566 0.863362603 123 123 123
2.94696529 -1.2949188 1.1656678 59 62 72
-0.786501027 0.58383666 1.09690276 123 123 123
2.98593765 -1.39126761 1.14410227 228 228 228
-1.37862434 0.589707968 1.30643788 66 65 64
2.95762189 -0.195021015 1.13795943 112 118 136
-0.744478187 0.579819927 0.974953029 29 69 49
2.98183118 -0.116134695 1.14708936 228 228 228
-0.93476138 0.581781559 1.5956593 70 75 87
3.3579222 -1.60350563 0.760419975 0 0 0
-0.969374516 0.58182164 1.50737886 63 71 84
3.41337765 0.245157897 0.816549689 97 102 118
-1.24902243 0.224306404 1.60393421 69 75 89
4.17020087 -1.43765729 0.884910316 59 62 72
1.87276772 0.521020636 0.849977533 130 130 130
4.16596966 -1.42630725 0.881689787 171 171 171
1.25052563 0.772002362 0.892160384 7 22 42
3.92956185 0.334782502 0.867947572 236 236 236
-0.772924407 0.582282644 1.36258805 19 80 43
3.92956185 0.334782502 0.867947572 236 236 236
-0.575846383 0.768699763 1.25364839 17 83 41
-1.31355379 0.590941101 1.45041447 78 103 88
2.82771092 -0.894210637 1.08278621 59 62 72
-0.710660734 0.58343938 1.28401494 124 124 124
3.03470083 -1.71293395 0.920551162 231 231 231
-0.946642476 0.581927925 1.34500624 112 118 124
3.03470083 -1.71293395 0.920551162 231 231 231
-1.33528166 0.590951207 1.44505774 3 23 7
3.13227614 -1.61307635 0.928346145 100 105 121
-1.31990547 0.591165915 1.36130915 3 3 4
-0.549055484 0.582350602 1.11443443 124 124 124
4.24097566 -1.52751419 0.865016466 73 77 89
-1.36273628 0.591176427 1.32199853 72 76 77
4.04390082 0.186866473 0.862457662 236 236 236
-0.804717886 0.581119209 1.09372242 73 75 81
2.71464647 -0.964681509 0.93689368 0 0 0
-0.740228544 0.581066111 0.898987663 124 124 124
0.075802029 0.701757911 0.35775957 141 141 141
4.25513599 -1.47719793 0.911430771 94 99 114
0.075802029 0.701757911 0.35775957 141 141 141
-0.981497647 0.581090917 0.908165765 77 80 86
1.99001437 -0.0223346349 1.00099642 0 0 0
1.96816288 0.620758964 0.84348388 59 62 72
4.15554845 -1.69164273 0.873578254 231 231 231
2.16491019 0.236057763 0.833806535 0 0 0
-2.50043867 -0.253196247 0.856296423 0 0 0
2.16491019 0.236057763 0.833806535 0 0 0
3.69970667 -1.68269578 0.907012489 77 81 94
1.60556245 0.605386257 0.788943414 59 62 72
4.17289466 -1.69479206 0.944705468 231 231 231
-0.548438864 0.583319909 1.27841285 86 88 92
-0.550980883 0.581443057 1.27945138 86 88 92
1.60094821 -0.881547521 0.481663871 108 113 130
-1.333434 0.591385333 1.45477546 2 23 7
3.82824818 -1.62153836 1.08124904 78 82 95
-0.968220535 0.581933903 1.35513081 12 90 38
4.29423968 -1.49367783 0.862956884 231 231 231
-0.957086556 0.583047659 1.28372069 124 124 124
-0.951312799 -1.59462297 0.56416543 84 89 102
2.24461849 0.759866095 -0.0574905608 231 231 231
4.02322559 -1.50354654 1.06449429 0 0 0
-0.755166521 0.582222541 1.09227648 92 94 98
1.00718174 -1.59780604 1.11912761 105 106 109
1.90566387 0.682003386 0.0568969211 231 231 231
1.00718174 -1.59780604 1.11912761 105 106 109
-0.989573574 0.582222886 1.09251004 80 82 87
3.13425261 -0.85556975 1.02983606 111 116 134
-1.242046 0.587143778 1.14996454 142 142 142
3.33892915 -0.138918397 0.743049875 86 80 77
-1.242046 0.587143778 1.14996454 142 142 142
3.02019653 -1.5928358 0.927787664 0 0 0
-1.24213152 0.587882751 1.13231381 142 142 142
2.00518275 -0.962306815 0.596608445 84 89 102
-1.24207217 0.588087513 1.13221733 142 142 142
-0.98151706 -1.53372332 1.01967013 110 115 132
-1.29827252 0.584393394 1.09692821 0 0 0
3.92761779 -0.426091825 1.12131338 0 0 0
-1.32824131 0.585324572 1.0938973 142 142 142
-2.59076271 0.074617321 0.777442482 190 190 190
-1.32824131 0.585324572 1.0938973 142 142 142
1.92157721 -0.83648849 0.52242931 89 93 108
-1.21232158 0.586583888 1.01667095 0 0 0
3.05524207 -1.68189222 0.867619532 231 231 231
2.5380056 1.09071482 0.679712497 123 123 123
3.93947907 -0.421179518 1.12859572 0 0 0
1.9338782 0.508297367 0.902751466 0 0 0
2.96448255 -0.839796894 1.1758588 23 24 28
1.60074571 0.765781177 0.885049582 224 224 224
-3.30345911 0.514234828 0.386828334 94 99 114
-0.932010759 0.581669165 1.27831955 66 69 76
-0.932010759 0.581669165 1.27831955 66 69 76
-1.38023996 0.591559812 1.31002707 91 91 91
-4.13696331 -0.792931348 1.96301676 231 231 231
-1.21494404 0.581479541 1.18388249 0 0 0
0.188362256 0.709321184 0.295096278 141 141 141
3.88642122 -0.582120991 1.11835314 234 234 234
-1.32123118 0.577328453 1.11157893 142 142 142
-1.32123118 0.577328453 1.11157893 142 142 142
1.42833895 -1.56707859 1.17825619 0 0 0
-1.30100077 0.582494015 1.07846354 0 0 0
-3.03641675 -1.52125946 -0.166149941 107 107 107
-1.3007525 0.582289637 1.07760729 0 0 0
-3.64979434 -1.66350059 2.01468449 231 231 231
-1.39507635 0.59578587 0.950213073 142 142 142
-4.24106285 -0.817083511 1.14204768 209 209 209
1.9588492 -0.0741020883 0.896151663 0 0 0
1.59557519 -1.56856277 0.997215621 231 231 231
-0.979417976 0.583476787 1.33986036 112 118 124
-0.473301269 0.589125898 1.15975692 83 87 90
-1.32042954 0.582710377 1.07777061 0 0 0
-1.32042954 0.582710377 1.07777061 0 0 0
-0.0128302924 0.0128347491 -0.00188770726 236 236 236
-3.78626071 -1.686942 2.01916357 231 231 231
-0.0139917951 -0.0109680031 -0.00217895722 0 0 0
-4.58134668 -1.83936313 2.02086774 0 0 0
-0.0135376997 -0.0110089597 -0.00263250426 0 0 0
-4.51327043 -1.82800351 2.01936366 0 0 0
-1.31981886 0.573232675 1.15371126 142 142 142
-1.31981886 0.573232675 1.15371126 142 142 142
-0.990152725 0.582073055 0.943070545 79 85 93
2.48188466 0.149233419 1.19957005 77 81 94
-1.33752728 0.590239559 1.46819742 117 117 117
2.93749992 -1.17861907 1.28926174 107 113 129
-1.33725577 0.590347852 1.46871341 117 117 117
3.07406139 -1.40040138 0.941748247 0 0 0
0.311558192 0.766613074 0.861643529 29 30 30
-4.02710693 -1.74127289 1.9774495 231 231 231
-0.745979433 0.591647535 1.00079686 124 124 124
-5.20057142 -0.829015918 1.18858311 231 231 231
-1.20087604 0.592875141 0.935734921 6 19 43
-2.57987164 -0.140918196 1.13263777 100 106 122
-0.257584377 0.5484723 0.20678214 87 81 78
-2.43408023 -1.86138524 0.843425191 231 231 231
0.0606129658 0.071489742 -0.0076028227 0 0 0
0.0307684125 -0.0155416616 -0.00388483575 236 236 236
2.77396554 -1.3707791 1.30090936 231 231 231
-0.0683215576 0.00846072197 0.0043291904 0 0 0
-0.632176121 0.581511884 1.51852696 111 113 115
2.80291902 -1.30230207 1.29608953 80 84 97
-0.632176121 0.581511884 1.51852696 111 113 115
2.93601872 -0.885931298 1.33756254 102 108 124
-1.34661731 0.58936629 1.45132775 0 0 0
2.85185187 -0.162745662 1.39200737 90 94 109
-1.31802119 0.58997944 1.34291206 12 90 38
2.99919348 -1.28402605 0.864082642 0 0 0
-1.33304248 0.585938054 1.11181692 0 0 0
3.65390373 -1.75690442 0.881247394 231 231 231
-1.3079986 0.585270466 1.08478421 0 0 0
1.61524284 -1.80082692 1.5289995 0 0 0
0.0499606851 0.0194380173 -0.00282598493 0 0 0
3.03744752 -0.0485736969 1.01452246 0 0 0
0.0537053164 0.0192454956 -0.00574444378 0 0 0
3.03515061 -0.0482151098 1.01364822 0 0 0
0.529442128 0.726057903 0.986504296 57 57 57
2.94219932 -1.61435187 1.3592566 101 106 122
-0.0456693387 0.0594936096 0.00358152789 0 0 0
2.79495743 -0.905440756 1.31106947 231 231 231
-0.965238404 0.583131075 1.15922641 124 124 124
2.79495743 -0.905440756 1.31106947 231 231 231
2.28994633 -0.0109354199 0.0335865555 0 0 0
2.95279154 -0.852588332 1.18630384 109 115 132
-0.909579502 0.587397824 0.993996759 124 124 124
-1.33802813 0.579461582 1.06896339 142 142 142
-1.36397868 0.578285871 1.0384572 0 0 0
3.04734883 -0.209600371 1.00975599 111 117 134
-1.20932441 0.602132146 0.912334017 6 19 43
0.0543203786 0.12007833 -0.00953133246 236 236 236
-0.0934902518 0.105989819 0.0332453584 236 236 236
0.654773112 -1.68283293 2.04876535 41 41 130
-0.0525521814 0.116823648 0.000206911269 236 236 236
0.654773112 -1.68283293 2.04876535 41 41 130
-0.744572606 0.583875867 1.3324657 124 124 124
2.79177772 -1.16161324 1.33509028 59 62 72
-0.744572606 0.583875867 1.3324657 124 124 124
2.79069995 -1.14197679 1.33503646 231 231 231
-0.966158605 0.579929099 1.33888468 89 95 102
2.9378372 -1.67300669 1.26308158 94 99 114
-0.964948954 0.58087108 1.33699948 89 95 102
1.96761933 -0.872998979 0.499213348 94 99 114
-0.908901042 0.585155908 1.17846401 124 124 124
1.94074938 -0.881573057 0.483711302 94 99 114
-1.29628723 0.582323508 1.12921272 142 142 142
-2.32546917 -1.79963523 0.827619261 105 110 126
1.19234837 0.758571979 0.881691977 9 9 9
-2.32546917 -1.79963523 0.827619261 105 110 126
-0.957996762 0.582193909 1.3555163 124 124 124
-0.712847651 0.58561325 0.984531053 6 46 24
2.33962717 -0.814356328 0.777521131 84 89 102
1.62662526 0.639918977 0.758764105 59 62 72
2.82998932 -0.893957422 0.903278839 94 99 114
1.74913394 0.770339787 0.905026755 31 41 52
2.98669571 -0.849588768 0.863908126 59 62 72
1.95745601 0.358008859 0.891065451 0 0 0
-1.1307635 -1.7464742 0.545507542 231 231 231
-1.3679568 0.591021731 1.49484426 10 22 44
-2.03907985 -0.859863365 1.18141112 67 67 67
-1.36281923 0.59081624 1.49199323 9 21 44
-4.12451871 -0.993140467 -0.0320814171 108 106 106
1.31658447 0.764508256 0.877223184 9 9 9
-3.41899964 -0.940966036 0.148400594 108 106 106
-1.35000019 0.591097336 1.47921276 12 14 15
3.31306729 -1.74658966 0.85138493 231 231 231
-0.492469701 0.583266251 1.28324441 122 122 122
2.94090647 -1.16812593 1.38272403 231 231 231
-0.574719421 0.581947924 1.25984957 98 101 105
-1.32753814 0.59109645 1.43049255 15 72 28
-1.57530481 -1.59878186 0.262849919 231 231 231
-1.33194606 0.591015818 1.42800579 17 73 27
-0.932335852 0.589618197 1.31212261 49 55 67
-1.01676346 -1.21659238 0.633932657 97 103 118
-1.36214857 0.591062968 1.40666934 3 5 4
1.37852199 -1.73151636 1.57102723 0 0 0
-1.33166832 0.590497219 1.34207722 50 74 61
-1.01991278 -1.30096877 0.630319436 97 102 117
-1.39137448 0.590478023 1.33703419 57 66 66
2.81925822 -1.35957233 1.17703627 68 72 83
-1.39090157 0.591454148 1.33664854 57 66 66
-2.68669877 -0.127761068 1.0812566 70 74 85
-0.59430391 0.580319159 1.07609651 96 98 102
2.97714867 -0.118455075 1.14769902 228 228 228
-1.39901129 0.590400661 1.33755693 43 54 53
-1.36964221 0.59134332 1.31910315 66 68 70
-0.940846632 0.585339709 1.1764964 25 64 48
2.04304816 -0.854178154 0.917806502 97 103 118
-1.38646811 0.593241202 1.3081964 67 70 72
-1.49080536 0.588357358 1.33036536 37 47 46
2.46672759 -1.10524695 1.27749001 98 103 118
-0.999451042 0.585420322 1.0726397 98 100 104
-1.10966122 -0.810317086 0.501631369 60 64 74
-0.740454942 0.581174216 0.958004053 122 122 122
-0.772507072 0.582086835 0.96080799 122 122 123
-1.52945599 0.591572905 1.26187047 48 60 59
-0.694931242 0.584677206 0.886861009 106 107 110
-0.742387011 0.580304271 0.890719294 105 107 109
-0.76120729 0.577619173 0.892597045 105 107 110
-0.96765724 0.568992598 1.51097693 71 77 90
-1.39448576 0.597435238 1.50107018 10 22 45
1.98522975 0.356680506 0.807952937 59 62 72
-1.39800047 0.590635446 1.49323451 0 0 1
1.81926005 0.0781334247 0.853074654 59 62 72
-0.542818942 0.582602347 1.2839827 124 124 124
-0.760647664 0.576877562 1.33247567 124 124 124
1.99915916 -0.0789517577 0.802272333 59 62 72
-0.75591768 0.58190486 1.31438923 23 67 47
-1.31885454 0.591445934 1.43749073 4 30 11
-0.731272677 0.582954275 1.2839675 124 124 124
-1.3905471 0.591239947 1.35253476 52 66 63
-1.39076082 0.590909391 1.35286198 52 66 63
3.41565295 -0.03269312 -0.0143519743 231 231 231
-0.551733717 0.586363718 1.0713707 102 104 107
-1.40137479 0.591003776 1.34066533 13 17 17
-1.40793992 0.589509282 1.3332103 43 55 54
-1.41857987 0.590951009 1.33072091 12 15 16
-1.41397236 0.590096925 1.32898657 44 55 53
-0.956734366 0.581557778 1.16320383 93 94 97
-1.39052123 0.591401036 1.30612736 76 79 81
-0.938120917 0.582557788 1.14980288 123 123 124
-1.43124092 0.591871175 1.31820461 44 56 54
-1.45623862 0.593686984 1.32433803 38 43 43
-1.49712357 0.591208586 1.32804963 4 4 5
-1.42015845 0.591262552 1.2884033 5 6 7
-1.41629318 0.590653309 1.28666468 86 90 92
-0.974297075 -1.60562748 0.991966034 231 231 231
-1.42450532 0.591290694 1.28692489 85 88 90
2.74628255 -0.899978077 1.32307633 97 102 117
-1.42806061 0.591644199 1.28229528 1 7 2
-3.47982345 -1.74737559 1.34367147 2 2 2
-1.41818983 0.589554438 1.26996477 44 47 48
-1.97862718 -0.921981785 0.0387383774 107 107 107
-1.42482883 0.590808059 1.26740441 73 75 77
1.42478414 0.763431333 0.909510658 124 124 124
-1.42503499 0.590166604 1.26775096 73 75 77
1.03896879 -1.60630936 1.22645039 116 117 117
-1.48263359 0.590478144 1.27935412 12 13 14
-0.720631697 0.581412512 0.965994553 124 124 124
2.95533697 -1.29362332 1.27504323 97 102 118
0.187234826 0.702798963 0.471183509 141 141 141
3.17715717 -1.77310694 0.872010027 230 230 230
0.187234826 0.702798963 0.471183509 141 141 141
-0.770235668 0.584501824 0.904574348 78 81 86
3.38452192 -1.2591605 0.848526915 60 64 74
0.156513506 0.683929493 0.452686963 141 141 141
3.40043423 -1.24686928 0.857262916 60 64 74
-1.51787728 0.591134578 1.2069788 2 24 8
4.08943831 -1.47211687 0.987083424 0 0 0
-1.52869092 0.590791009 1.20658347 3 26 9
4.28383913 -1.38699913 0.853944548 84 89 102
-0.99265325 0.582884913 0.888414669 102 104 108
-0.99265325 0.582884913 0.888414669 102 104 108
-1.00466678 -0.834928532 0.673402892 59 62 72
-0.816769128 0.581480217 1.50797858 71 78 91
-0.550654419 0.900822098 1.42221567 0 0 0
3.89494866 -1.63485931 1.29426883 75 79 91
2.22730511 0.241298519 0.857945006 59 62 72
1.35966281 0.772557203 0.911108835 122 122 122
3.42452703 -1.68861885 0.785620539 8 8 8
1.35898952 0.77218061 0.911172929 122 122 122
3.72305145 -1.66818526 0.699442202 231 231 231
-0.51797162 0.583230062 1.28562914 124 124 124
-0.916311034 -1.5455361 0.973197844 231 231 231
-0.485861198 0.586310778 1.27549685 84 86 91
-0.485861198 0.586310778 1.27549685 84 86 91
-0.744576337 0.581782791 1.30526814 124 124 124
-0.989948641 0.585455132 1.27496558 68 72 79
2.0775881 -1.01948082 1.01234694 231 231 231
-0.990186867 0.584983064 1.27491702 68 72 79
4.22120408 -1.63372594 1.29810464 94 99 113
-1.39049585 0.591034172 1.37263068 58 73 70
3.41812405 -1.66792858 0.799631138 230 230 230
-1.39051559 0.590982202 1.37263273 58 73 70
1.92586599 -0.838398758 0.52189438 120 126 145
-1.40410323 0.59143894 1.37161474 8 10 11
3.8648619 -1.51123023 1.00935256 231 231 231
-1.38595422 0.591094705 1.36191033 8 9 11
2.91288487 -1.36295817 1.35595084 96 101 116
2.89479915 -1.58384603 1.29359239 231 231 231
-0.762252059 0.582822638 1.14147216 124 124 124
2.86186577 -1.61558353 1.28379724 231 231 231
-1.40579735 0.590714251 1.34395753 52 66 63
2.7887609 -1.36340081 1.30675705 231 231 231
-1.43303577 0.591215677 1.32307511 11 13 14
2.95887916 -1.34282659 1.00367048 106 112 128
-1.42070529 0.591916795 1.27202922 3 8 4
2.2836575 -0.882275042 0.841709495 103 109 125
-1.42092608 0.59178931 1.27243689 3 8 4
-0.949126211 0.581553209 1.09212359 81 83 89
3.66550171 -1.75317158 0.852496909 8 8 8
-0.977967016 0.583442007 1.09801497 124 124 124
-1.49236342 0.591245332 1.28135459 20 24 25
-1.49968158 0.590209357 1.27786155 21 25 26
-0.730820183 0.580847867 0.953720968 14 85 40
-0.787862896 0.582688713 0.90705829 91 92 97
-1.70114962 -1.54599043 0.954298966 231 231 231
-0.708703483 0.581577331 1.4282576 75 78 84
1.98743661 0.0218649398 1.00079636 0 0 0
4.11210783 -1.48825603 1.03650955 165 165 165
1.96246165 0.402087337 0.936582936 0 0 0
4.11210783 -1.48825603 1.03650955 165 165 165
-0.538579677 0.584691919 1.31897495 102 114 112
4.25419531 -1.56187171 0.984298761 231 231 231
0.993743727 0.757442383 0.860466482 0 0 0
1.44775198 -1.70562614 1.52656934 0 0 0
1.62926217 0.219500409 0.80572556 109 115 132
-1.321616 0.590416024 1.42653219 2 2 3
2.7633867 -0.971568768 1.32425837 231 231 231
-0.70969137 0.584098424 1.27596785 91 92 97
2.92641502 -0.872910322 1.17200545 109 114 131
-0.70969137 0.584098424 1.27596785 91 92 97
3.39737582 -1.67426454 0.854905725 118 125 143
-0.752362306 0.582150609 1.27752535 86 87 92
-0.752362306 0.582150609 1.27752535 86 87 92
4.13649138 -1.45417361 0.944752297 0 0 0
-1.39433627 0.591160723 1.34529184 7 8 9
4.13649138 -1.45417361 0.944752297 0 0 0
-1.38786439 0.592132408 1.3394996 53 61 61
1.86860671 -0.941622118 1.01350881 231 231 231
-1.41389095 0.592260631 1.28429226 84 87 88
3.9898107 -1.46982958 0.988604943 0 0 0
-1.41428863 0.591460822 1.28450177 84 87 88
4.2622017 -1.49348849 0.833933526 116 122 140
-0.929348511 0.581653579 1.09229398 75 77 84
3.04721366 -1.66343148 0.945632095 109 114 131
-0.929348511 0.581653579 1.09229398 75 77 84
2.96611384 -0.869285579 1.17363103 111 116 133
-1.212752 0.583703976 1.18309471 0 0 0
-1.53533165 0.590239101 1.2501647 58 67 67
4.02645857 -1.48693453 1.01801905 0 0 0
0.161921254 0.703898117 0.419608168 0 0 0
2.7870318 -1.36225276 1.30523524 231 231 231
-1.21262428 0.586254665 1.017266 0 0 0
1.97191378 -0.850989102 0.628988565 97 102 117
-0.305044281 0.606183766 -0.00274467342 107 107 107
-0.0865860808 0.0754234953 0.0074551961 0 0 0
3.06792064 -1.40939401 0.941567644 0 0 0
-1.40984194 0.59115169 1.33808218 9 11 12
1.02457775 -1.61290852 1.22204401 116 117 117
-1.26326428 0.58542071 1.07457883 0 0 0
2.93377675 -1.63774247 1.2948493 59 62 72
-1.26326428 0.58542071 1.07457883 0 0 0
2.93377675 -1.63774247 1.2948493 59 62 72
0.0145505951 0.0442969241 -0.00220579642 236 236 236
2.16986742 -1.05579324 0.89003277 0 0 0
0.0143609466 0.0441019705 -0.00226859101 236 236 236
3.80458916 -1.60263159 1.01157102 231 231 231
0.0434386944 -0.0478612517 -0.00199789004 236 236 236
0.0434639951 -0.0477036612 -0.00199138633 236 236 236
-0.875752465 -1.54123823 0.976406343 231 231 231
-0.0217509047 -0.16057574 0.0831451811 236 236 236
-0.153960383 -1.71737603 0.989381634 0 0 0
0.369302476 0.756389862 0.864802665 0 0 0
2.93614258 -0.877379523 1.33341348 67 70 81
0.187707521 0.765846248 0.888464247 29 30 30
4.08974524 -1.47095232 0.987627749 0 0 0
-1.40272587 0.591183129 1.36427232 60 75 71
-0.827994447 -1.53245207 1.01549894 231 231 231
-1.43618846 0.593389123 1.30686232 11 12 13
-0.753549183 -1.51011671 1.02676729 231 231 231
-1.21550809 0.585341278 1.17932213 0 0 0
-0.926595538 -0.848890392 0.947622095 78 82 94
-1.21550809 0.585341278 1.17932213 0 0 0
1.17125383 -1.77160237 0.864215395 8 8 8
-1.5251264 0.59221026 1.26661761 19 21 22
1.20385596 -1.75395972 0.877205091 8 8 8
-1.37522068 0.586182051 1.17955508 0 0 0
-1.82075431 -0.887658763 0.322688981 107 107 107
-1.37522068 0.586182051 1.17955508 0 0 0
-1.82075431 -0.887658763 0.322688981 107 107 107
-0.966882478 0.577106784 0.962953096 12 90 38
3.6561028 -1.7539115 0.863316222 231 231 231
0.00687982201 0.0100282102 0.00817420652 0 0 0
3.66104675 -1.7458736 0.869267252 231 231 231
1.99784283 0.041889396 0.988006734 130 130 130
3.76991195 -2.67830274 0.349088975 0 0 0
1.92405798 0.705358183 0.227108091 207 207 207
3.76991195 -2.67830274 0.349088975 0 0 0
1.98443175 0.725266024 0.208743112 207 207 207
-6.42470185 -4.31971008 -2.39430335 0 0 0
-1.40974945 0.591793606 1.30804427 80 83 85
3.08656758 -2.74008591 0.0642611292 0 0 0
-1.49767453 0.591244427 1.32943556 5 17 8
-6.42470185 -4.31971008 -2.39430335 0 0 0
-1.42657035 0.590859556 1.28095354 10 21 13
4.14554733 -1.50933578 1.09336264 0 0 0
-1.45940673 0.587028812 1.28023564 5 5 6
-1.37203872 0.58667433 1.17553342 0 0 0
3.49654461 -0.618858531 1.73899261 231 231 231
-1.26106213 0.58436905 1.12236993 0 0 0
1.35892349 -1.72409556 1.4234798 231 231 231
-1.2611674 0.583994718 1.12223516 0 0 0
2.74298609 -1.61956478 1.32640445 231 231 231
-1.39565874 0.581222478 0.967657058 142 142 142
2.91062523 -1.16415841 1.3264091 231 231 231
-1.39315329 0.587651441 0.961634116 142 142 142
-1.02222286 -1.67200289 0.49552745 91 96 110
0.0309485875 -0.0159005682 -0.00403125863 236 236 236
3.06448856 -1.21925094 0.897029874 100 105 120
-0.68205871 0.578096122 1.25804468 124 124 124
3.38652735 -1.25104786 0.842689733 119 125 142
-1.35285568 0.588938902 1.4085112 2 3 3
-0.584758902 0.583950142 1.14688051 124 124 124
3.06472011 -0.810229333 0.819982743 59 62 72
-1.41406606 0.589992958 1.3722611 24 30 31
3.87576984 -1.47780767 0.878887222 59 62 72
-1.42454049 0.591100599 1.34651077 60 75 72
-1.38543723 0.589878101 1.38566593 8 9 10
2.92543161 -1.32578834 1.26799701 97 102 118
-1.39032875 0.594150516 1.32146729 4 4 5
1.99294584 0.050798396 1.01736432 0 0 0
-1.39372395 0.5969645 1.29639771 74 76 78
3.03980906 -1.23418256 0.936731699 109 115 132
-0.951290555 0.583787773 0.970239085 83 108 89
-1.44673162 0.589536535 1.34755579 9 11 12
4.00899304 -1.48065853 1.00948222 165 165 165
0.851723896 0.783499497 -0.0292343881 5 5 5
4.00899304 -1.48065853 1.00948222 165 165 165
4.00883791 -1.46407594 0.96683903 165 165 165
-1.29564037 0.583955218 1.12892397 142 142 142
4.00911913 -1.4633761 0.967459803 165 165 165
-0.0257365902 -0.11642817 -0.0182233069 236 236 236
-3.78524115 -1.7363967 1.95909668 231 231 231
-1.23743945 0.586026217 1.09647439 0 0 0
2.84628947 -0.875257733 0.96672545 0 0 0
-0.976412433 0.581794108 1.35543967 74 74 74
-0.505907374 0.576837869 1.07764046 96 98 103
3.38890371 -1.27625069 0.85124798 117 123 141
-0.516438398 0.582447917 1.12146991 124 124 124
1.98495226 0.490743822 0.959819068 130 130 130
2.03640508 -1.13342406 0.983500561 231 231 231
-0.512837875 0.582790315 1.35963289 123 124 124
-0.528740253 0.578828381 1.36033719 123 124 123
3.9622156 -1.54875892 1.13532329 165 165 165
-1.36866947 0.59031542 1.49170543 100 101 104
-1.41360139 0.585475056 1.49261705 33 38 48
1.16199291 0.696427586 0.926893061 9 9 9
3.93871306 -1.44601548 0.886353561 59 62 72
-0.510664325 0.590079629 1.2911343 95 96 100
-0.989903177 0.581733535 1.34725069 110 116 122
-0.71647926 0.583276256 1.25923703 96 98 102
-0.730289426 0.581336971 1.25989724 99 101 105
-0.490197387 0.577703569 1.15526596 123 123 123
3.07096805 -0.845166324 0.953494027 106 111 127
-0.965732577 0.587154174 1.25669441 101 103 107
4.01178729 -1.47998069 1.00723691 165 165 165
-0.965732577 0.587154174 1.25669441 101 103 107
4.01170666 -1.48023331 1.00726722 165 165 165
-1.31167018 0.589712334 1.33146593 2 26 8
3.27440522 -1.7604351 0.83467833 8 8 8
-0.684743241 0.582197484 1.09235738 85 87 91
3.43725124 -1.60933756 0.847868113 93 98 113
-0.731730886 0.598883612 1.08634166 121 121 121
-1.38463998 -0.975520648 1.30350495 0 0 0
1.77778775 0.693193795 0.215756291 169 169 169
0.310186084 -2.1747453 0.565498068 0 0 0
-0.986841098 0.580368462 1.16793496 118 118 118
-1.52110761 0.58977217 1.31219465 34 44 43
1.10190205 -1.70992936 0.995154832 231 231 231
-1.52110761 0.58977217 1.31219465 34 44 43
3.82190431 -1.53599389 0.937748345 231 231 231
-1.55463001 0.59221895 1.29111154 37 46 45
-1.55464074 0.592184561 1.29108684 37 46 45
-1.38533132 -1.46147107 0.907633247 231 231 231
-1.53261576 0.591275252 1.26483429 17 20 20
-1.53657119 0.590780548 1.25830347 48 60 58
1.90167201 -0.850772051 0.505466615 119 125 143
-1.54347814 0.592700617 1.2527974 48 61 59
3.03033347 -1.24561582 0.850974868 0 0 0
-1.54382729 0.59185777 1.25324935 48 61 59
3.03033347 -1.24561582 0.850974868 0 0 0
-0.694931242 0.584677206 0.886861009 107 109 111
3.24875275 -1.79413328 0.849753182 8 8 8
-1.56736795 0.59115571 1.24478314 17 19 21
3.30091991 -1.71838273 0.892673477 8 8 8
-1.57163502 0.591683904 1.23747869 49 62 59
-1.63307494 0.59119564 1.25743018 11 13 13
-1.62913152 0.59157484 1.25584535 9 75 23
-0.804482687 0.584723385 0.887185668 103 104 108
-2.30687275 -1.74531566 -0.0292118045 80 74 71
-1.63883924 0.591134886 1.24717688 7 8 9
-1.59113729 0.590329386 1.22424014 25 29 30
2.74302152 -0.911761381 0.877646108 0 0 0
-1.63790242 0.591942382 1.24317128 41 51 50
3.66314739 -1.78013413 0.869619598 231 231 231
-1.64287003 0.59100342 1.2448089 8 10 11
-1.64274365 0.591459447 1.24454689 8 10 11
-1.64756546 0.590529209 1.24245565 7 9 10
2.9993509 -0.101062474 1.09137122 0 0 0
-1.64756546 0.590529209 1.24245565 7 9 10
3.39122236 -1.2732966 0.805612239 82 86 99
-1.60368408 0.591187275 1.21626203 28 33 34
3.37268618 -1.28441502 0.780940217 0 0 0
-1.00356549 0.583496163 0.888349232 102 104 108
3.76187673 -0.969401626 1.11287111 131 129 129
-1.00356549 0.583496163 0.888349232 102 104 108
6.15646815 -0.751386732 0.274529736 25 25 25
-1.63410804 0.590412727 1.19513809 66 75 75
1.94402013 -0.0821229873 0.892789229 0 0 0
-1.63398767 0.590698923 1.19506816 66 75 75
3.87422556 -1.47943321 0.8587353 231 231 231
-1.62568768 0.591180095 1.1625755 88 91 93
-1.15615249 -1.44224792 0.988657347 98 103 118
-1.63576075 0.592443168 1.16407584 76 78 80
-1.63576075 0.592443168 1.16407584 76 78 80
2.81471902 -1.37386859 0.993477275 69 73 84
-1.64201227 0.590879654 1.1613343 6 6 6
-1.64192611 0.590850449 1.1510228 1 1 1
-1.68313933 0.591822376 1.14042685 10 11 12
2.98666182 -0.864137221 0.87916089 59 62 72
0.0241968604 -0.0327894354 -0.00165390788 0 0 0
1.95711985 0.741352367 0.949522605 56 57 57
-1.62917552 -1.4871519 0.904484591 96 101 116
-0.73933754 0.558608967 1.34412276 33 78 51
2.92658475 -0.921892508 1.29040887 0 0 0
-0.967320364 0.582225334 1.36378864 124 124 124
3.96088999 -1.5368583 1.14902907 165 165 165
-0.80258824 0.577061694 1.28687734 124 124 124
3.98406247 -1.49865677 1.09694173 0 0 0
-0.537933809 0.583919382 1.16289893 63 68 77
3.98406247 -1.49865677 1.09694173 0 0 0
-0.980656996 0.579596626 1.26050138 101 103 106
-0.980656996 0.579596626 1.26050138 101 103 106
-0.455878468 0.580545503 1.07654306 105 107 110
-4.35346422 -0.790936963 1.05772019 0 0 0
-1.42764094 0.591348371 1.31045965 10 12 13
-1.52715449 0.591685834 1.31042981 5 6 7
-1.21121983 0.584347656 1.18391516 0 0 0
2.72203438 -0.954276535 0.756459775 0 0 0
-1.21121983 0.584347656 1.18391516 0 0 0
-0.7127702 0.585619729 0.984496817 33 81 50
2.02838558 -1.02091543 0.979243945 0 0 0
-1.55591441 0.590657275 1.25800248 59 74 71
-1.54035678 0.591157793 1.25035658 14 15 17
3.65315608 -1.16516084 1.00343284 0 0 0
-1.54040123 0.591424241 1.25082236 14 15 17
2.8864402 -1.35682264 1.31646328 66 70 81
-1.55908883 0.59072907 1.24994411 17 20 21
1.08680952 -1.59921939 1.03001394 101 101 101
-1.56334401 0.590788845 1.24741005 17 21 21
3.00394906 -1.56924926 1.08617086 0 0 0
-1.5116936 0.59074153 1.21592907 4 24 9
2.91798189 -1.34314495 1.34493791 70 74 85
-1.5730742 0.591248955 1.24211129 13 15 16
2.82405647 -1.62044847 1.34428028 154 154 154
-0.972847155 0.5812652 0.978226701 18 77 43
-0.95944383 -1.20439442 0.727318614 64 68 78
-1.62814706 0.591260286 1.26002402 9 10 10
-0.101228128 -1.70021003 1.1843636 130 130 130
-1.63820726 0.591344102 1.19666229 26 29 31
3.1132575 -0.428302397 1.51384389 69 73 85
-1.6416738 0.590754008 1.18994365 69 78 78
-1.64608462 0.591007525 1.18708524 69 78 78
-5.34759248 -0.886381388 1.13294085 165 165 165
-1.63823271 0.590334467 1.16078416 1 2 2
1.62955368 -1.70286686 1.60672607 231 231 231
-1.63817991 0.590530896 1.16071503 1 2 2
-1.62653411 0.591519633 1.15094877 37 39 40
-1.64137253 0.591125222 1.15589148 91 94 96
-1.64137253 0.591125222 1.15589148 91 94 96
1.91445038 -0.871713092 0.589976097 59 62 72
-1.64143495 0.591583476 1.14494731 82 86 87
-1.39500812 0.594355842 0.949886292 141 141 141
2.82840822 -1.58314229 1.3472787 59 62 72
-1.70931006 0.589636836 1.10379108 3 24 9
0.494666719 0.723102589 1.98232522 0 0 0
-0.0347641136 0.0056817827 -0.000941758823 0 0 0
2.03065514 -0.904286329 0.967522709 231 231 231
-0.713338762 0.581532629 1.42149976 111 113 115
3.08171603 -1.39261522 0.946662688 0 0 0
1.94590609 0.530293779 0.910953596 130 130 130
-0.996752725 0.582578332 1.28395578 124 124 124
3.421421 -1.67359577 0.804352854 8 8 8
0.61362298 -0.814059204 1.34862297 231 231 231
-1.38565634 0.591556264 1.34671428 16 19 21
4.14391034 -1.45161864 0.936628878 0 0 0
-0.94938885 0.581411769 1.15060786 11 66 41
-0.803299647 0.581415857 1.09311925 82 84 89
3.03321383 -0.842694632 0.850202499 106 111 128
-0.803341762 0.581286394 1.09317343 82 84 89
3.86523596 -0.609042607 1.11841468 236 236 236
-0.95168271 0.583128499 1.14057762 124 124 124
4.33875651 -1.49388392 0.85526388 231 231 231
-0.993054744 0.582452452 1.13124252 71 76 83
1.34687551 -1.73023223 1.56281171 231 231 231
-1.41549259 0.591610277 1.27621906 63 65 67
1.53432023 -1.64509442 1.3729002 130 130 130
-0.947922786 0.58251869 1.09140213 88 90 94
1.99801498 -0.918838309 0.959345888 231 231 231
-1.53497698 0.592192405 1.29582408 10 12 14
1.99801498 -0.918838309 0.959345888 231 231 231
-0.995486326 0.58087945 1.08385998 124 124 124
3.06796042 -1.5661563 0.941459355 0 0 0
-0.730092561 0.584430501 0.97040349 27 78 48
3.06796042 -1.5661563 0.941459355 0 0 0
-0.730092561 0.584430501 0.97040349 27 78 48
3.66550171 -1.75317158 0.852496909 8 8 8
-1.54516489 0.591182868 1.28311952 67 83 80
4.06617957 -1.46654424 0.995671117 0 0 0
-1.55627113 0.590820704 1.2771569 66 82 79
4.06617957 -1.46654424 0.995671117 0 0 0
-1.53938728 0.590829051 1.26311543 14 15 17
4.14320883 -1.45051217 0.93885177 0 0 0
-1.54496163 0.591411858 1.2639322 60 75 72
4.14320883 -1.45051217 0.93885177 0 0 0
-1.54496163 0.591411858 1.2639322 60 75 72
4.0158287 -1.55463233 1.51545601 231 231 231
-0.706570067 0.582366229 0.906867642 72 73 81
4.14617956 -1.64578258 1.499537 231 231 231
-0.74906593 0.584873984 0.904967882 80 82 87
-1.5706602 0.589840116 1.25058259 61 76 73
1.91553682 -1.06927402 0.47041436 94 99 114
-1.6190921 0.591063759 1.2017824 69 78 77
4.11314571 -1.46850187 0.99693574 165 165 165
-1.61946874 0.590113406 1.20237309 69 78 77
4.11314571 -1.46850187 0.99693574 165 165 165
-1.64750108 0.591029623 1.20036059 6 7 8
4.13670536 -1.46620936 0.933671641 0 0 0
-1.63850683 0.59268023 1.16968991 37 39 41
-1.03928614 -1.44924169 0.500565222 94 99 114
-1.65537854 0.591890882 1.13868664 81 84 86
-1.51075312 -1.62582672 0.314677162 0 0 0
0.00728411293 0.0222134962 -0.00220959237 0 0 0
2.98158289 -1.39808975 1.13974522 228 228 228
-0.077164991 0.079088029 -0.00148015167 0 0 0
3.18827511 -1.77826629 0.867146563 139 139 139
1.79114235 0.0760911256 0.871703292 130 130 130
2.39094713 -0.942692925 0.873873156 105 110 127
-0.525154672 0.5844548 1.26651899 124 124 124
4.1608769 -1.5194922 1.14839956 165 165 165
-0.678498232 0.589195707 1.27407717 74 76 82
4.1608769 -1.5194922 1.14839956 165 165 165
-0.678498232 0.589195707 1.27407717 74 76 82
3.35120418 -1.27924778 0.805593427 120 126 144
0.503121967 0.72931279 0.934229959 29 30 30
3.88482325 -1.47057644 0.897849946 59 62 72
-0.690141911 0.583497383 1.09131362 87 89 93
-0.69311932 0.581891193 1.09235687 87 89 93
3.23289955 -1.79932522 0.606849447 231 231 231
-1.40178812 0.592561627 1.28544632 72 75 76
3.43160219 -1.612233 0.846127951 0 0 0
-1.52450031 0.591858763 1.28336007 12 13 14
4.35108422 -1.45334596 0.926082986 59 62 72
-1.24307103 0.588438166 1.1330558 141 141 141
3.89786911 -1.49645593 1.00427687 75 79 92
-1.56976059 0.589979197 1.25258016 62 77 74
3.9211747 -1.43671224 0.930579271 59 62 72
-0.963421152 0.584055335 0.980284116 13 88 39
2.85015105 -0.904683728 1.34339249 231 231 231
-0.937905498 0.583391506 0.95713353 14 79 40
4.01370407 -1.46393627 0.971192261 166 166 166
-1.58997361 0.591978934 1.21765146 62 71 71
2.73414233 -0.867354086 1.20540221 36 38 45
-1.60177486 0.592159223 1.21093602 67 76 76
2.34792869 -0.837737549 0.849546799 101 105 121
0.193879901 0.713327473 0.288197457 141 141 141
3.9797254 -1.45744231 0.940136499 0 0 0
-1.64930451 0.59126619 1.14885543 36 38 40
3.98031702 -1.45591628 0.940907769 0 0 0
-1.39346378 0.594243788 0.951573688 142 142 142
3.24484296 -1.77087067 0.843808734 5 5 5
-0.300414467 0.589326354 0.186820092 22 21 21
3.98879068 -0.465055436 1.12852429 220 220 220
-0.0137204327 0.0140197038 -0.00175030453 236 236 236
1.99396032 -0.043527833 1.00717262 130 130 130
6.16356017 -0.244644891 0.174755591 25 25 25
1.68075359 0.650412033 0.792856211 105 110 126
6.87908738 -1.3056261 -0.577041328 107 112 129
-1.40854389 0.591896524 1.31960108 10 11 13
-1.40779913 0.585262238 1.27784515 1 1 1
2.720055 0.130989122 1.33822315 9 9 9
-1.52464316 0.592942447 1.26688329 19 21 23
1.99696426 -1.34822402 0.950867382 115 121 138
-1.65584277 0.590635561 1.24202057 5 6 6
-1.63413454 0.590746428 1.21034749 40 46 47
4.15215098 -0.426947353 1.12413914 219 219 219
-1.64229207 0.591648929 1.21127434 6 6 7
3.94917298 -0.45674323 1.12737553 0 0 0
-1.62771992 0.591403829 1.19912695 8 8 9
2.78101185 -1.63032375 1.28724893 104 110 126
-1.35079445 0.575330076 1.05794156 141 141 141
6.23678892 -0.0695234135 0.302033648 52 52 52
-1.35079445 0.575330076 1.05794156 141 141 141
2.9248667 0.242364188 1.2888832 29 29 29
-0.743753842 0.582763165 1.33762557 124 124 124
6.16484665 -0.247016999 0.176172673 25 25 25
-0.744439896 0.582374776 1.33876344 124 124 124
3.34804409 -0.239344429 0.827610808 60 64 74
0.327596549 0.763280118 0.888694083 29 30 30
2.68705058 -1.0708586 0.997788276 0 0 0
-0.293418145 0.587207944 0.958375659 5 5 5
2.68705058 -1.0708586 0.997788276 0 0 0
-1.55603058 0.596391339 1.2715129 67 83 80
2.63856792 -0.977645212 0.959097101 130 130 130
-1.64487047 0.593193385 1.19792157 16 17 19
5.66878297 -1.30975251 1.36039638 0 0 0
-1.65321531 0.59038712 1.18201148 16 18 19
5.92303445 0.18344843 1.32286589 5 5 5
-1.63299836 0.591782516 1.16939278 20 22 23
-1.43282699 0.592569977 1.36086659 12 14 16
4.07595321 -0.578033125 1.129398 0 0 0
-0.734523878 0.583228774 0.929575704 124 124 124
3.94029311 -0.578880781 1.13256826 0 0 0
-1.62437653 0.591009535 1.25374352 6 6 7
3.94029311 -0.578880781 1.13256826 0 0 0
0.134144499 0.708764066 0.378922186 0 0 0
5.15685041 0.0500053994 0.819166327 104 110 126
-1.60484622 0.595166329 1.19422915 6 7 8
2.78306681 -1.30426215 1.26685227 77 81 94
-1.62176478 0.589126893 1.18726687 89 93 94
1.86113238 -0.139562585 0.853574864 59 62 72
2.66093473 -1.03431749 1.00092017 0 0 0
-0.753572586 0.580835797 1.14265481 95 101 108
2.99410817 -1.96741245 0.774137774 0 0 0
-1.55170572 0.589990045 1.29265487 12 13 15
-1.57244187 0.593072879 1.28025825 18 22 23
2.65456463 -1.0247114 0.983432893 130 130 130
-1.56400969 0.591090706 1.26435058 67 83 79
0.0462031198 -0.481561545 1.70352688 0 0 0
-1.30776992 0.585418241 1.08410126 0 0 0
2.51388827 -1.75131617 0.903894883 8 8 8
-1.34096523 0.581371475 1.08996952 141 141 141
-1.60641743 0.594039343 1.17817017 86 89 91
-1.6397217 0.588749377 1.184342 86 89 90
1.91300746 -1.45170149 0.718182685 130 130 130
1.96241065 -0.0530883044 0.913995644 0 0 0
4.25854536 -1.64462167 1.45584673 231 231 231
1.93910769 -0.0729211843 0.859283826 130 130 130
1.40048577 -0.394010893 1.71520791 90 95 109
1.83708493 0.697638085 0.229028041 198 198 198
1.40048577 -0.394010893 1.71520791 90 95 109
-1.20666717 0.595754906 0.925951526 6 19 43
6.1625959 -0.906459934 0.199096224 41 41 41
-1.33526516 0.582166022 1.06541198 141 141 141
2.65213827 -1.22987574 0.869640475 0 0 0
-1.03395813 0.579813051 1.18437003 124 124 124
4.61836344 -4.9481579 -1.79316307 231 231 231
-0.146453474 0.645108325 0.657303077 5 5 5
5.71919226 0.20129272 1.39838491 0 0 0
-1.2383701 0.585217636 1.09717107 0 0 0
5.41065849 0.429279986 0.856568711 106 111 128
-1.03325063 0.578238073 0.997350522 124 124 124
2.80500741 -0.927483653 1.32417796 105 111 127
0.050643934 -0.117547152 -0.0144682528 236 236 236
2.80500741 -0.927483653 1.32417796 105 111 127
-1.42458855 0.592639651 1.23125272 6 19 43
2.93546123 -1.37129513 0.787092875 231 231 231
-1.35288631 0.58002437 1.16175996 0 0 0
2.67203696 -1.29121975 0.844930907 113 119 137
-1.37721611 0.580038705 0.987170198 142 142 142
2.08169131 -1.5205012 0.927239558 231 231 231
-0.943461319 0.584418386 0.905536013 46 48 51
2.00011315 -0.903314869 0.952627547 115 121 139
1.92368633 0.558329547 0.832330861 59 62 72
1.93733829 -1.56835744 0.767958374 0 0 0
1.95955533 0.65838262 0.794847576 101 106 122
2.86687603 -1.33785154 0.85906558 231 231 231
1.26986809 0.733838041 0.901112308 10 10 10
1.65095686 -0.309106227 1.50492324 100 105 120
-0.468682551 0.587734444 1.25657994 100 101 105
3.55968832 -1.22106976 -0.146124238 59 62 72
-1.45969812 0.589198889 1.46668287 34 39 48
1.93608744 -1.56520613 0.76728409 0 0 0
0.746683366 0.763319319 0.845430805 28 29 29
1.93608744 -1.56520613 0.76728409 0 0 0
-1.52485442 0.545444346 1.45725997 33 38 49
-1.3888349 0.591211298 1.39501401 16 68 25
5.56818018 0.172451745 0.873868075 231 231 231
-0.771429705 0.585985975 1.15027895 0 0 0
5.57260395 0.173380501 0.872109473 231 231 231
-1.34414392 0.591347684 1.33420993 67 69 71
-0.755065079 0.58724243 1.16089558 111 117 123
2.24400088 -0.168069768 0.868295128 59 62 72
-1.45349158 0.591463913 1.32641718 9 10 11
2.38753041 -0.23250758 0.78824301 59 62 72
-0.959074204 0.580716822 1.15120125 11 69 41
2.68825007 -1.59936783 1.34509704 59 62 72
-1.63559421 0.574888225 1.37465849 38 42 52
1.99946097 -0.919302698 0.962884818 115 121 139
-1.59858212 0.695662396 1.32062022 40 44 53
4.48364875 0.540680624 1.26439503 87 91 105
-1.40722705 0.591356028 1.28791113 5 6 6
3.98967356 -1.64148316 1.43156777 59 62 72
-1.40069393 0.591509857 1.27994704 2 2 2
3.98967356 -1.64148316 1.43156777 59 62 72
-1.66119386 0.590369628 1.34978026 37 42 52
2.63660395 -1.70221667 0.957336992 8 8 8
-1.54166318 0.592059388 1.30248474 6 9 8
1.91405619 -1.50989858 0.717334054 0 0 0
-0.908957098 0.581811753 1.07456372 101 103 107
1.92476268 -1.53529102 0.740394506 130 130 130
-0.915923616 0.576697087 1.07797895 101 103 107
1.92497754 -1.53549127 0.740249456 130 130 130
-1.54653043 0.59060596 1.30077479 6 10 8
2.03240149 -0.0943501343 1.09294261 106 106 106
-1.54224939 0.591176058 1.29904533 40 50 49
6.22804327 -0.929869463 0.284186083 231 231 231
-1.54199043 0.591715102 1.29878782 40 50 49
-1.54901344 0.593544664 1.29689446 5 8 7
-2.55683286 -0.0460936413 0.786748595 228 228 228
-1.55484211 0.591919718 1.29499757 5 7 7
-1.55982811 0.590609238 1.29306148 6 9 8
-0.000943442291 0.0292880116 -0.00313768863 0 0 0
-1.56835329 0.591148862 1.28769471 6 11 8
-2.16474725 0.643808795 0.597587261 5 5 5
-1.57295649 0.590239108 1.28584267 6 8 7
-0.288218483 0.68533971 0.895267032 5 5 5
-1.61585771 0.542818752 1.3037306 13 20 16
-0.257762619 0.708289074 0.886394632 231 231 231
-1.54823832 0.59052014 1.25161866 49 61 59
-1.61198798 0.59149279 1.26231631 6 9 9
-1.62213051 0.586933065 1.26734454 17 25 21
-1.61598469 0.591885116 1.25978213 6 10 9
-2.11984115 0.619934913 0.690520105 0 0 0
-1.62357344 0.593218003 1.26247314 16 25 18
-2.12980115 0.306985296 0.636164088 119 125 143
-1.61346629 0.590025643 1.25887186 39 49 48
0.343519314 0.736767766 0.928140017 29 30 30
-1.61429974 0.588429523 1.25954885 39 49 48
1.98316537 -0.852992178 0.651150911 0 0 0
-1.63009874 0.589910793 1.2528271 5 7 7
1.03053767 0.751867146 1.04850783 57 57 57
-1.63819963 0.591415778 1.24338563 42 54 52
-1.65135077 0.584139301 1.24849758 60 62 64
1.11824571 0.705254998 -0.00611420203 31 30 30
-1.59153916 0.588361611 1.21360117 8 10 11
-2.32332249 0.73770264 0.876438808 231 231 231
-1.65628244 0.591336302 1.23317947 43 54 53
0.633027679 0.67504753 1.46542593 142 142 142
-0.922529614 0.583926461 0.887706839 103 105 109
-0.943627727 0.580023202 0.89146939 103 105 108
0.633027679 0.67504753 1.46542593 142 142 142
-1.672717 0.59249468 1.20241637 43 49 49
0.309273962 0.621530055 0.552276977 143 143 143
-1.61787705 0.591414555 1.16921207 7 8 8
0.0614562875 0.729644386 0.331889061 143 143 143
-1.7144045 0.591256933 1.14724626 69 79 79
-1.72115017 0.59040731 1.12037929 3 31 11
-1.72485032 0.591844219 1.11748714 4 30 10
1.01997964 0.747595924 1.03264798 0 0 0
-1.77623774 0.590902237 1.13322345 86 88 90
0.0329768296 0.707586472 0.469936201 0 0 0
-1.76856496 0.59163746 1.12848629 83 85 87
-1.18420142 0.610223952 0.531627796 106 106 106
-1.72156686 0.592325989 1.09766157 3 27 9
1.01821014 0.752200158 1.05598982 0 0 0
-1.78592305 0.589635552 1.13584639 13 15 16
0.0328749971 0.671417573 0.534357839 5 5 5
-0.784636719 0.582561167 1.3335303 33 83 50
0.964030335 0.748058634 0.87237192 29 30 30
1.72213761 0.438324065 0.767022012 106 112 128
1.17153395 0.764442343 0.890825895 5 19 41
-0.692281464 0.579646181 1.28533369 123 123 123
-2.52708157 -0.0998895558 0.708357709 0 0 0
-1.39990501 0.590009407 1.36883867 56 71 68
-0.154100937 -1.65679201 0.946897408 8 8 8
-0.718227197 0.583260058 1.09080336 75 78 84
0.787756013 -0.768805167 1.51842864 0 0 0
-0.931740478 0.580057929 1.10005317 123 123 123
2.18086656 -1.89102064 0.774964206 0 0 0
-0.952197947 0.580089181 1.10035603 123 123 123
-0.962617998 -1.63050899 1.01106091 59 62 72
-1.57577574 0.591653493 1.28233229 5 6 7
-1.00019679 -1.1780887 0.955275003 112 118 135
-0.719890211 0.584148954 0.912433034 123 123 123
-0.726998447 0.591091409 0.906551025 122 122 122
-1.22949754 0.669447871 1.0169807 0 0 0
5.87001251 -1.28071583 1.29162998 130 130 130
-1.26418837 0.587127998 1.07156446 0 0 0
-1.61602141 0.592066515 1.20876831 26 31 32
-1.69541955 0.592178098 1.22013066 12 89 38
-1.70938532 -0.470749796 1.66289897 59 62 72
-1.64374765 0.59015595 1.19407257 27 30 31
-1.70891195 0.592283951 1.21733376 8 28 13
-1.63219221 0.590353179 1.17764418 35 37 38
-0.966531219 -1.14562339 0.54106581 130 130 130
-1.71689247 0.591560697 1.15045358 18 21 22
-1.71172128 0.589878272 1.14477103 17 18 20
-1.13404597 -1.02410056 0.653266879 130 130 130
-1.71358021 0.593058824 1.11883103 9 33 18
-2.26035447 -1.00296944 1.2349308 0 0 0
-1.74373386 0.592121236 1.12942351 2 2 2
-2.25877918 -1.00469943 1.23323122 0 0 0
-1.75456552 0.592424257 1.12756948 1 2 2
2.66236579 -1.12067283 1.06755988 130 130 130
-1.78105031 0.591746905 1.14068437 2 3 3
2.68542903 -1.12708031 1.03682877 130 130 130
-1.73544066 0.592095047 1.11479008 14 26 20
2.62012175 -1.11853757 0.999909996 130 130 130
-1.77757165 0.591793661 1.13745319 6 9 7
2.62776253 -1.12130616 0.973141346 130 130 130
-1.78173316 0.5901578 1.12816216 73 75 77
0.0560500308 0.0735817509 0.0197881699 0 0 0
-1.13097187 -1.07777771 0.673958367 130 130 130
-0.537047091 0.580655939 1.34245053 111 118 122
-1.12772291 -1.07936931 0.671741343 130 130 130
-0.504127758 0.584728492 1.31635444 111 118 121
-1.12680893 -0.979772922 0.650130087 130 130 130
-1.3867313 0.591118616 1.39131399 4 4 5
-2.28442199 -1.06288322 1.23631699 235 235 235
-1.41173375 0.591280989 1.37640531 4 5 6
0.764503903 -1.66241481 1.50160597 101 101 101
-1.55591066 0.591406111 1.27697768 66 82 79
-1.54512776 0.591358451 1.24388782 65 73 73
-0.706657592 0.58233982 0.90697486 89 91 95
-1.6922415 0.591755735 1.2339054 3 23 7
-1.71208731 0.590810147 1.22823786 3 24 8
-2.07786089 -0.914719694 1.21529264 67 67 67
-1.7228231 0.591895 1.21002983 73 75 77
-1.63058716 0.591772942 1.16481175 5 6 6
-2.23093335 -1.0875622 1.22907272 235 235 235
-1.72233177 0.59244263 1.20304243 1 1 2
-1.71591415 0.591539773 1.16070933 17 20 21
-1.70856237 0.591549821 1.15694506 25 28 29
-1.77923654 0.592113252 1.14551107 5 93 33
-1.77063663 0.590646686 1.14084304 4 86 29
-1.7496557 0.592534327 1.11561386 4 5 5
-1.78716172 0.590817851 1.13736221 9 11 12
-1.14177521 -1.153885 0.565582936 59 62 72
-0.99701457 0.572313893 1.18165537 71 102 78
-0.0678588771 -1.73441741 1.16682416 130 130 130
1.69995308 0.696223882 0.0329632841 231 231 231
-0.0702498726 -1.7333734 1.16754095 130 130 130
-1.55584375 0.592805621 1.27544932 67 83 79
-0.31655362 -1.68728544 0.930348432 130 130 130
-1.55040937 0.590804164 1.25803039 13 14 16
-1.31765226 0.584945951 1.15132047 141 141 141
-1.04433667 -1.12551653 0.818240711 130 130 130
-1.31918979 0.581750464 1.15218985 141 141 141
-1.61299656 0.590389791 1.16532452 83 86 88
-1.64358235 0.590479259 1.16238317 20 21 22
-1.70577801 0.591481422 1.15092492 69 78 78
-1.71535946 0.592627422 1.14015267 16 18 19
-0.987146155 -1.38107587 0.984630956 231 231 231
-1.72827666 0.592155639 1.13433216 0 1 1
-0.937664216 -1.13774875 1.03334607 231 231 231
-1.73842656 0.59120585 1.12647317 103 106 108
1.70460693 0.193162937 0.783474572 107 112 129
0.248799801 -1.42636232 1.50816265 46 52 64
-0.743942208 0.582860316 1.15766992 112 118 124
-1.0401629 -0.885341547 0.792241953 59 62 72
-1.33014249 0.585205184 1.09218415 141 141 141
5.67804269 -1.30721798 1.38724178 130 130 130
-1.33014249 0.585205184 1.09218415 141 141 141
5.69683113 -1.44992819 1.32162744 104 104 104
-0.0113611369 0.700638453 0.272155489 141 141 141
1.87385227 -1.57803473 0.641006207 130 130 130
-1.70929095 0.591299128 1.17830464 114 115 115
-1.09982159 -1.08110581 0.703529445 130 130 130
-1.70925748 0.591383996 1.17825168 114 115 115
5.68741499 -1.5472227 1.23772343 231 231 231
-1.70964989 0.5924071 1.16703803 90 93 95
2.56685835 -1.69981725 1.01546265 231 231 231
-1.7032989 0.59038474 1.16117239 19 21 22
-1.69468029 0.590007183 1.15580157 61 70 70
-23.9471594 -10.4464612 -5.51610939 8 8 8
-1.72274058 0.589754439 1.13339648 87 90 92
-2.02711813 -1.80807432 0.837308975 8 8 8
-1.72509567 0.59270089 1.1191591 2 42 12
-1.76774245 -1.4962472 0.816112744 231 231 231
-1.72509567 0.59270089 1.1191591 2 42 12
-0.802563865 -1.76404726 0.877818303 231 231 231
-1.73559757 0.591849596 1.11798224 2 57 16
-0.383220943 -1.74760423 0.195461704 197 103 12
-1.80663845 0.591869376 1.14942714 107 108 109
-0.383220943 -1.74760423 0.195461704 197 103 12
-0.0699889226 -0.0159927348 -0.0025331992 0 0 0
-1.09381564 -1.42720026 1.11734379 8 8 8
-1.78806565 0.591822582 1.14162478 4 5 6
-1.76239643 0.590108171 1.12764176 3 3 4
-1.7498226 0.59393779 1.11965374 3 3 3
-0.332635615 -1.75299092 0.409957204 8 8 8
-1.7299835 0.590508891 1.10888875 76 101 86
-1.74333852 0.590307186 1.11184741 100 102 103
-1.66712293 0.592685949 1.1569905 7 8 8
1.04188264 0.689598114 -0.0264870516 86 80 77
-0.229314818 -1.71473625 1.08924249 130 130 130
-1.70847823 0.59007109 1.1338872 9 9 11
-0.228533685 -1.71350299 1.09052147 130 130 130
-1.58582763 0.591035909 1.26178567 14 15 17
0.455892357 -0.865837506 1.53257086 8 8 8
-1.70504156 0.586483933 1.2252768 12 90 38
0.455892357 -0.865837506 1.53257086 8 8 8
-1.7354431 0.584030395 1.1187223 32 57 43
-0.113808629 -1.70395509 1.12753764 0 0 0
0.0521438302 -0.117860426 -0.0125556409 236 236 236
-0.108626531 -1.69734222 1.13029578 0 0 0
-1.47372055 0.589082212 1.3057678 11 13 14
-0.519956549 -1.69495275 0.920090114 8 8 8
-1.45816729 0.615287156 1.29443542 11 13 14
0.419732664 -0.911468177 1.49902418 8 8 8
-0.714862952 0.584689582 1.25853349 95 97 102
-0.349748945 -1.76955496 0.451287936 8 8 8
-0.94171223 0.585106199 1.07295113 63 64 68
-0.976669712 0.582094226 1.35540392 124 124 124
-0.990130572 0.582049242 0.942949611 82 87 94
-5.26921412 -0.849776487 0.936780276 175 175 175
-1.42989374 0.590682065 1.33149191 55 69 66
-1.41623835 0.590991237 1.33882976 53 68 65
-3.15121403 0.345825213 1.28034401 231 231 231
2.01322841 0.517559513 1.03872475 0 0 0
-2.1811951 -1.10948374 1.23269913 0 0 0
2.01346462 0.518892116 1.03990534 0 0 0
-2.6659866 0.171650676 0.850948897 108 114 131
-0.981163152 0.581512819 1.50768054 73 80 92
-0.278518012 -1.70451305 1.1255807 0 0 0
2.49968557 0.283567153 0.897592589 59 62 72
-0.278518012 -1.70451305 1.1255807 0 0 0
-0.52143469 0.582525357 1.29447739 98 98 102
-1.34894326 0.590998382 1.42181271 21 29 24
-0.879283368 -1.26349892 0.942789003 59 62 72
-1.52247166 0.565565885 1.44576915 32 37 49
-0.725709297 0.582286458 1.14141422 124 124 124
-0.962680145 -1.6618193 0.88781878 90 95 109
-1.43647053 0.589919085 1.36396888 4 8 7
-0.346597152 -1.73847421 0.858545481 231 231 231
-0.594216624 0.580279066 1.07595862 103 105 108
-1.43581228 0.590170908 1.34583052 9 11 12
-0.105546479 -1.70539356 1.18008293 130 130 130
-1.66495387 0.59081927 1.34722132 38 42 52
-0.124610841 -1.69993828 1.03915201 0 0 0
-1.52031104 0.590717022 1.26516426 26 30 31
-0.252933045 -1.70413424 1.0990617 0 0 0
-1.5565819 0.588962671 1.25284345 18 22 23
-0.129382693 -1.70071372 1.10590956 0 0 0
-1.59834246 0.589860621 1.26763015 39 49 48
-0.511868406 -1.67554208 0.934832241 8 8 8
-1.56821805 0.6474869 1.24002527 39 49 48
-0.772548949 0.586517448 0.885865611 104 106 109
-0.775235816 0.584167267 0.887794502 104 106 109
-2.33429813 -0.972989172 1.23819533 220 220 220
0.976978485 0.743478504 -0.0418254782 29 29 29
-2.26822014 -1.13475038 1.22463571 221 221 221
-1.64750291 0.590489915 1.24985352 23 24 26
-0.52048842 -1.76620624 0.868566704 0 0 0
-0.921941547 0.584326467 0.887415507 103 105 108
-1.6515388 0.592212163 1.23519865 40 50 49
-3.25339171 0.363603261 0.78580258 61 65 75
-1.66141155 0.59018491 1.23110444 43 54 53
1.94977869 3.16015456 -1.27082649 107 108 111
-1.0839999 -0.925644561 0.783278865 89 94 108
-1.71364957 0.592106899 1.15485739 54 67 65
-1.77895489 0.593610672 1.12991139 26 27 29
0.0870746851 0.0876494773 0.0031049339 236 236 236
-0.0912070867 -1.69880079 0.903804271 130 130 130
2.28414005 0.735847685 0.956432333 29 29 29
-0.498830422 0.582771158 1.3382448 111 117 121
-0.93227372 0.581681222 1.26011182 107 109 111
-2.43121257 -0.940775961 1.22016194 221 221 221
-0.93227372 0.581681222 1.26011182 107 109 111
-2.43121257 -0.940775961 1.22016194 221 221 221
-0.455052934 0.580769258 1.07626851 105 106 109
-2.0846484 -1.12643481 1.23438503 222 222 222
-1.42439487 0.590990672 1.26698307 63 66 68
2.02615113 -1.48251079 1.07597662 0 0 0
-0.965547876 0.580307056 1.07575296 103 104 108
2.02615113 -1.48251079 1.07597662 0 0 0
-0.771403612 0.581382573 0.97355496 110 117 122
-0.828007285 -1.60460548 0.983779216 8 8 8
-0.967984082 0.582654041 0.94971811 122 123 123
-23.4461539 -15.54421 -9.31085722 8 8 8
-1.58539329 0.591878915 1.22683847 27 31 33
-0.97743189 0.581724187 0.91471525 123 123 123
-1.02492412 -1.75718837 0.87561585 0 0 0
-1.69791586 0.590907235 1.21441019 7 31 16
-1.71943214 0.590847079 1.11588119 12 89 37
-1.75161699 0.591895799 1.1052992 1 2 2
0.0778997084 -0.0816849814 -0.000725575431 0 0 0
-0.298553174 -1.70802655 1.18850177 130 130 130
-0.942388394 0.582616368 1.50725439 69 75 88
-0.298553174 -1.70802655 1.18850177 130 130 130
-0.754512705 0.582200116 1.42115184 111 113 115
-0.877394663 -1.87302727 0.789757175 8 8 8
-1.63006375 0.590819365 1.57204765 103 105 108
-0.918132226 -0.976857345 0.85606667 0 0 0
-1.63006375 0.590819365 1.57204765 103 105 108
-0.7772703 0.582899087 1.27659729 82 83 88
-0.7772703 0.582899087 1.27659729 82 83 88
-0.787870885 0.580239066 1.26934152 124 124 124
-1.22020655 0.576550335 1.1874082 0 0 0
-1.61376449 0.589957839 1.16488783 82 85 87
-1.69361987 0.590825244 1.16233485 17 19 20
2.0627551 0.253288605 0.942097633 59 62 72
-0.96695446 0.582121991 1.27722937 86 88 92
-0.417752129 -1.69333036 0.235190928 231 231 231
-0.966305515 0.582196713 1.2771382 86 88 92
-3.15121403 0.345825213 1.28034401 231 231 231
-1.54081549 0.591688402 1.29085244 12 14 15
0.82621113 -0.70664991 1.75636091 8 8 8
-1.24460887 0.586938515 1.13397161 141 141 141
-1.26531293 0.58246763 1.12602037 0 0 0
-1.29976512 0.583256505 1.09749481 0 0 0
-0.972396241 -1.29722214 0.841994734 59 62 72
-1.29976512 0.583256505 1.09749481 0 0 0
-1.21237734 0.586640656 1.01794108 0 0 0
-2.79275517 0.151587781 1.08670129 102 107 123
0.0903595798 0.138522659 -0.00529026423 236 236 236
-0.981169723 -0.853831315 0.906572478 59 62 72
1.60368117 -0.825121031 0.512496209 109 114 131
1.14112722 0.764651177 0.843547915 0 0 0
1.56167903 -0.886960194 0.439061733 0 0 0
-0.800615951 -1.75810727 0.87246116 8 8 8
-0.346081502 -1.76370137 -0.0190975005 8 8 8
-0.854726051 -1.8481655 0.808255446 8 8 8
-0.787814325 -1.90237687 0.768273634 8 8 8
-1.49718787 0.583339792 1.3550426 0 0 0
-0.984964021 -0.878568086 0.98318401 79 83 96
-0.978804425 -0.877643279 0.98557828 79 83 96
-0.95931751 -1.66105792 0.810989071 74 78 91
-0.328332186 -1.76073898 -0.0270214043 231 231 231
-0.796532236 -1.7549802 0.875280816 8 8 8
-1.10813846 -1.45521006 0.426469226 231 231 231
-0.817776353 -1.77095233 0.405386935 0 0 0
-0.427009082 -1.77195739 0.141440876 231 231 231
-2.34012067 -0.998633364 1.2329293 183 183 183
-2.308562 -0.994559457 1.23743037 183 183 183
-2.6450597 0.530448621 1.09581336 231 231 231
-1.39084944 0.594408916 0.993187034 142 142 142
-1.3973976 0.596512854 0.992325917 142 142 142
-0.950614356 -1.09999246 1.01354194 197 197 197
-2.17191887 0.641218252 0.651677163 5 5 5
-0.953670813 -1.02187551 0.945935614 0 0 0
-2.72299769 0.748124879 1.21108199 0 0 0
-1.33282238 -1.37500127 0.607078594 231 231 231
-2.37821583 0.615201448 0.58251875 114 120 138
-0.921379245 -1.69106729 0.850745515 231 231 231
-3.30237553 -0.250620498 0.820352565 60 63 74
-0.953267805 -0.987486256 0.892050816 197 197 197
-0.954978848 -0.987603732 0.891652964 197 197 197
-1.54856786 0.584222986 1.2217463 17 19 19
6.18763634 -0.916483744 0.313246496 52 52 52
2.72818627 0.307045308 1.38507153 59 62 72
4.13004822 -0.0262112435 1.187789 102 107 123
2.91916781 0.278007151 1.34093886 93 98 113
6.19253618 -0.0803689719 0.344975917 52 52 52
2.00443318 0.647908589 0.961882833 9 9 9
0.561151776 -0.886988301 1.51774649 8 8 8
-1.04980761 -1.36073993 1.16798358 8 8 8
1.74691919 0.74700875 0.889902609 9 9 9
1.87397048 -0.809268677 0.519189303 86 81 77
4.42446116 0.596403593 1.47977171 87 92 106
5.67707218 -1.30724951 1.38804023 130 130 130
5.6670027 -1.30916858 1.36057307 0 0 0
5.96561763 -1.59113935 1.14398668 231 231 231
6.14061581 -0.897254737 0.199551307 41 41 41
6.14061581 -0.897254737 0.199551307 41 41 41
3.01514833 -0.214531709 0.865396777 109 114 131
3.02567157 -0.214318836 0.862790999 109 114 131
2.10703774 0.767841539 0.896801377 9 22 43
3.54347918 -2.58727337 0.258740888 8 8 8
21.7755769 -12.8605859 -7.24315281 231 231 231
1.71840642 0.763397944 0.87803788 9 9 9
21.9259583 -13.2221259 -7.61504921 8 8 8
10.9983239 -6.94625722 -2.97235187 8 8 8
11.7705522 -7.46349586 -3.32864643 8 8 8
-1.03793755 -1.67752841 0.934632382 8 8 8
-2.5864771 -0.761858865 1.61358556 0 0 0
6.09950457 -1.52368526 1.88787019 231 231 231
5.2204083 -0.31166954 1.13746172 231 231 231
5.17945142 -0.675186633 1.14436983 231 231 231
2.87174561 0.172659309 1.30660667 87 91 105
4.00088128 -0.429810011 1.13061973 0 0 0
4.00123709 -0.573366181 1.13014101 0 0 0
3.86951724 -0.408465626 1.13926862 211 211 211
3.88242692 -0.591512079 1.13606638 211 211 211
6.14123439 -0.743088559 0.270501339 25 25 25
2.68746103 -0.950563989 1.07916809 0 0 0
6.12280504 -0.741647403 0.194507679 25 25 25
2.00687646 0.514930681 1.04035256 0 0 0
2.01209693 0.451334571 1.00808581 130 130 130
2.01209693 0.451334571 1.00808581 130 130 130
1.986004 -0.0215809219 0.98642229 130 130 130
3.96759705 -0.0936876931 0.229055121 59 62 72
1.94460575 -0.0796541159 0.895940178 0 0 0
2.01226097 -1.68561255 0.909518682 231 231 231
2.00793616 -1.68137956 0.918086323 231 231 231
1.96754646 0.704232387 0.144062675 122 122 122
6.21613115 -0.644964835 1.46962503 0 0 0
1.99287419 0.52809888 1.0297435 130 130 130
1.99333313 0.231765718 0.787651162 110 116 133
1.16780057 0.771523786 0.890582129 6 20 42
6.0969562 -1.56673283 1.34165738 59 62 72
5.83577903 -1.16460518 1.2936267 231 231 231
2.71780964 0.350812392 1.34117191 29 29 29
2.51680001 0.537048364 1.2454179 29 29 29
6.14943246 -0.876729307 0.305774991 231 231 231
1.96340581 -1.39204381 0.821174968 130 130 130
1.89028918 -1.47583685 0.651041677 130 130 130
1.89028918 -1.47583685 0.651041677 130 130 130
1.90121728 -1.28484647 0.510211899 114 119 137
5.93751969 0.358780401 2.15127066 41 41 130
5.83368298 0.769176287 2.04962267 5 5 5
5.67626882 -1.39158966 1.39894818 0 0 0
5.64664826 -1.28345505 1.22942989 130 130 130
1.99188057 -0.0440372332 1.00764628 130 130 130
1.96102786 -1.39467246 0.817042217 130 130 130
1.96102786 -1.39467246 0.817042217 130 130 130
1.93198719 -1.29132512 0.547171142 59 62 72
5.78174505 0.30082447 1.45276567 59 62 72
5.74936317 -0.136425999 1.45482504 59 62 72
5.81505388 0.188519317 1.26994686 231 231 231
5.84153765 0.191393524 1.26646087 231 231 231
2.63089104 -1.01377687 0.946992321 0 0 0
1.95901074 -1.41203012 0.848359504 59 62 72
1.8732797 -1.45507554 0.632088501 0 0 0
6.01546375 -0.251404952 1.23513998 231 231 231
6.22398697 -0.737449493 1.20908126 231 231 231
5.39974823 0.562187004 1.28611214 231 231 231
5.40233138 0.562725612 1.28582453 231 231 231
6.2058364 -0.827840494 0.251277433 231 231 231
6.15603158 -0.293073858 0.227590563 25 25 25
6.14836871 -0.293048618 0.22971896 25 25 25
6.13482688 -0.702789539 0.232473994 25 25 25
6.14569491 -0.703277938 0.22984527 25 25 25
2.63324957 -1.08514821 0.951703885 0 0 0
1.57416122 -0.806540073 0.502988542 59 62 72
4.87768115 -0.496818885 1.1035056 107 105 105
2.70583209 -0.958938608 1.11622813 130 130 130
5.97042044 -0.170463399 0.199256977 231 231 231
5.99195742 -0.821142454 0.189962953 231 231 231
5.84436808 -1.41607509 1.36198229 6 6 6
5.56297676 -1.38004411 1.37616955 6 6 6
5.38173244 -1.57565607 1.2938874 231 231 231
5.38173244 -1.57565607 1.2938874 231 231 231
1.88060845 -1.52258747 0.660044488 130 130 130
-1.76109707 0.62083462 1.31361775 21 27 40
1.33808888 -1.272808 0.956462776 130 130 130
5.66829799 -1.30937785 1.36026535 0 0 0
6.19429665 -0.917150353 0.311534713 52 52 52
1.98586106 0.0242393287 0.997885928 0 0 0
1.98396647 0.0244191427 0.998351436 0 0 0
2.38453748 1.25049131 0.524684709 9 9 9
5.69026138 -1.25625263 1.40299471 130 130 130
5.5887086 -1.14573304 1.02791818 231 231 231
3.01696304 -0.838811027 0.864483695 107 113 129
3.01800283 -0.835324288 0.865230341 107 113 129
0.521137079 0.077570195 1.37613963 9 9 9
5.76481379 -1.13280425 1.4220783 231 231 231
-0.594901415 -0.282151899 1.67259056 0 0 0
3.97535889 -0.429790599 1.13506666 0 0 0
4.00234734 -0.57019443 1.12965309 0 0 0
2.03430785 0.0977522449 1.09720632 130 130 130
2.00158209 0.078479712 1.04305838 0 0 0
1.92080612 -1.45106123 0.727818992 0 0 0
6.18480341 -0.256633701 0.185053917 25 25 25
2.65307144 -1.07288143 0.993187809 130 130 130
2.00538969 -0.0776050061 1.03796773 0 0 0
2.0053548 -0.077639532 1.03797102 0 0 0
1.64066412 -0.247139434 0.793963549 59 62 72
2.6067936 -1.04073602 0.946248481 0 0 0
1.98109559 0.638689182 0.949279275 231 231 231
1.97530046 0.342670948 0.940954663 130 130 130
1.93835878 0.334447546 0.928517213 130 130 130
5.74589313 -1.15212534 1.43976307 231 231 231
5.64206186 -1.41360631 1.23006472 130 130 130
5.91225006 0.355634891 2.15036574 41 41 130
4.34102357 -1.6015044 1.47461246 59 62 72
2.49072325 0.557294996 1.1884087 29 29 29
6.08039111 -0.343213882 0.139726851 231 231 231
6.03687816 -0.609187021 0.149876057 231 231 231
4.56333685 -1.61553077 1.5203737 231 231 231
6.16940841 -0.941495865 0.230059821 41 41 41
5.98983965 -0.972842631 0.167641493 231 231 231
1.87704931 -1.36465751 0.55809801 59 62 72
2.2499593 0.265967912 0.920617476 0 0 0
2.18194635 -0.0203871158 0.117760988 0 0 0
1.25306935 0.714529896 0.913637479 9 9 9
1.98555354 -0.0218760783 0.986763626 78 78 78
1.35685081 0.771152391 0.903047213 82 82 82
1.96933739 0.17623731 0.814460781 0 0 0
1.71790675 0.770482026 0.912501658 121 122 122
0.455517018 -0.79969905 1.59107822 8 8 8
5.64646973 -1.42039587 1.30714683 0 0 0
2.9299318 0.286698697 1.36425715 59 62 72
3.91125968 1.69420733 0.202410369 9 9 9
1.28988098 0.33211784 1.19171892 9 9 9
2.85172629 1.27375174 0.530543789 9 9 9
0.761072044 0.036393804 1.4063662 9 9 9
0.598757241 -1.072879 1.1768515 8 8 8
0.598757241 -1.072879 1.1768515 8 8 8
6.17996407 -0.248951896 0.174359852 25 25 25
6.17996407 -0.248951896 0.174359852 25 25 25
4.40789598 -0.0777893545 0.171986323 60 63 74
0.329463709 -0.83149329 1.55957545 8 8 8
0.562912767 -0.988846759 1.44318536 8 8 8
-0.723822187 -1.96931182 0.717713737 0 0 0
-0.0616099881 -0.366485537 1.70048891 0 0 0
5.71989569 -1.17161236 1.42501074 231 231 231
1.98899405 0.471422143 0.98788459 0 0 0
1.98899405 0.471422143 0.98788459 0 0 0
1.97804426 0.470231397 0.973601011 0 0 0
1.97804426 0.470231397 0.973601011 0 0 0
0.50591988 -0.964502288 1.46135832 8 8 8
0.506286859 -0.967994694 1.45869674 8 8 8
0.506286859 -0.967994694 1.45869674 8 8 8
1.73602705 0.647376944 0.812810384 108 114 131
-0.00757466591 -0.634921737 1.70539031 8 8 8
2.18573252 -1.95320117 0.72901757 0 0 0
5.88737622 -1.16629314 1.27948881 231 231 231
3.03395492 -2.34736665 0.437270836 8 8 8
5.84519208 -1.52115287 1.22284098 59 62 72
6.05484631 -0.251880687 1.34402925 0 0 0
2.66709136 -0.999232524 0.990291679 130 130 130
5.23236619 -0.699484892 1.18502896 231 231 231
2.2595823 -0.000430054398 0.067581816 0 0 0
2.00108492 0.637045931 0.958115142 173 173 173
5.65506313 -1.30617443 1.30921128 130 130 130
3.03395492 -2.34736665 0.437270836 8 8 8
6.22153998 -0.895347793 0.322919117 231 231 231
6.1040946 -0.749668535 0.192206568 25 25 25
6.0979205 -0.750835999 0.193397296 25 25 25
1.99590678 0.627301097 0.977949209 11 11 11
2.06055407 0.695866886 0.927418099 10 10 10
2.17603579 -0.0218291877 0.953219049 130 130 130
1.98121304 0.736043547 0.897978919 9 9 9
1.99297067 0.753865804 0.884943273 9 9 9
1.96562839 0.762121952 0.878361403 9 9 9
1.87786315 0.734758488 0.898800024 9 9 9
1.5085806 0.704259585 0.920500032 9 9 9
1.50998449 0.765494981 0.889843466 13 25 45
1.26163581 0.775265966 0.900442118 26 78 39
6.27153808 -0.310012454 0.337230838 52 52 52
6.15262583 -0.87361618 0.358818889 52 52 52
6.16732353 -0.868809767 0.356686062 52 52 52
1.75545928 0.744858514 0.891691781 9 9 9
1.47912167 0.618843993 0.983051772 9 9 9
-2.69453816 0.280580431 0.567287094 0 0 0
1.54580602 0.762265929 0.878836516 9 9 9
1.17997157 0.758848614 0.881322331 9 9 9
1.1277527 0.746719105 0.8893395 9 9 9
1.94648455 -0.830481292 0.6180132 0 0 0
0.999027084 0.753764113 2.01648399 57 57 57
4.29460836 0.551555247 1.49319465 87 92 106
5.81878184 -1.32419688 1.41083854 0 0 0
5.21778201 -0.209276259 1.1063131 105 102 102
2.26186021 0.465091704 1.20170536 102 107 123
1.95157453 0.0472931518 0.923494387 130 130 130
5.66179305 3.36115266 -0.972848612 116 120 116
1.26666683 0.752675768 0.886261335 9 9 9
1.6290062 -0.231057174 0.744801462 0 0 0
0.9928976 0.761424051 1.98063438 0 0 0
0.598388481 0.706733885 1.7457253 140 140 140
0.598407998 0.705406937 1.74509808 140 140 140
5.66662527 -1.30881292 1.27481212 0 0 0
2.03348588 0.533442208 1.09730598 130 130 130
2.03014152 0.532261969 1.09822609 130 130 130
2.68711697 -0.950867192 1.07891998 0 0 0
0.993911182 0.744303312 1.05306508 0 0 0
2.11724922 -0.190474006 0.750804716 0 0 0
1.99349737 -0.903017415 0.958975553 110 115 132
1.99808031 -0.904818664 0.95813585 110 115 132
1.07431215 0.763744151 2.01399178 57 57 57
1.09333456 0.777687522 1.96955014 57 57 57
2.03679198 0.529309656 1.09028688 130 130 130
4.88311281 -0.0817068752 0.289939031 59 62 72
2.14975232 0.253250504 0.839703433 0 0 0
2.14975232 0.253250504 0.839703433 0 0 0
1.91038449 0.309862317 0.850856254 59 62 72
5.91509897 -0.1102903 0.186849324 231 231 231
1.96845936 -0.114049966 0.82833416 59 62 72
6.29610956 -0.158408928 0.220499525 231 231 231
6.20904606 -0.827978423 0.25041599 231 231 231
1.04963347 0.758841141 2.00373847 57 57 57
5.7686626 0.786705554 2.08410953 5 5 5
0.717517957 0.707851283 1.67037693 0 0 0
1.95693414 -0.920582709 0.98890756 110 115 132
2.0108738 -0.154401445 0.831606331 59 62 72
1.5157995 0.751163532 0.886827128 9 9 9
1.00289016 0.763230798 1.07419095 0 0 0
2.17140944 -0.850436008 0.82102625 0 0 0
2.91289523 0.52202669 1.37330839 104 109 125
5.71152838 0.718453843 1.4682481 231 231 231
1.95223306 0.774625992 0.89713555 120 120 121
3.13815558 1.48879987 0.350882556 0 0 0
1.41793554 0.79471546 0.900473325 27 82 39
1.41793554 0.79471546 0.900473325 27 82 39
1.26563401 0.767681674 0.892994219 120 122 120
5.71630433 -1.23521376 1.4762637 59 62 72
1.93489492 0.514087737 0.897381159 0 0 0
1.96208949 0.820322996 0.836313957 9 9 9
1.35782947 0.567944395 1.02012039 9 9 9
1.28159038 0.754096329 0.884917785 9 9 9
2.836844 1.58490936 0.280886712 0 0 0
1.49965821 0.751778959 0.885883697 9 9 9
1.4867891 0.754483964 0.884085635 9 9 9
1.25147412 0.758240321 0.881291928 9 9 9
2.28243679 0.727610409 -0.0189572614 0 0 0
5.6975725 -1.2586475 1.37292926 130 130 130
5.65287644 -1.36659241 1.33146959 0 0 0
2.10164431 0.306794972 1.23476094 102 108 124
1.21004718 0.753130927 0.901940758 8 21 43
0.987249393 0.73464629 1.98125332 0 0 0
5.76769958 -1.44431463 1.4381892 130 130 130
14.4692505 0.149614718 0.65124397 0 0 0
0.455846582 0.442655948 1.64360334 140 140 140
0.455846582 0.442655948 1.64360334 140 140 140
4.02535115 -0.515621797 1.12583646 0 0 0
6.19548571 -0.251424581 0.177162584 25 25 25
2.01088421 0.0890522221 1.10069154 130 130 130
1.94581925 0.0921209153 0.908215704 130 130 130
6.11975635 -1.52716593 1.88813212 231 231 231
2.00521235 -0.0956193213 1.01688423 130 130 130
5.88392966 0.351564873 2.14899802 43 43 136
1.16332153 0.763960868 0.885956278 98 98 98
2.15462752 0.287973173 0.944052566 59 62 72
2.08836527 -0.199677614 0.726079559 110 115 132
2.25966908 0.275843577 0.933417805 110 115 132
1.85992024 -0.872510084 0.576396904 59 62 72
1.74126217 0.754748546 0.88442954 9 9 9
1.99750244 0.634685835 0.960588915 231 231 231
1.12727323 0.749522351 0.858267545 154 154 154
5.74022987 0.72500342 1.46536264 231 231 231
-0.000669049167 -0.579146993 1.74893506 8 8 8
6.37141909 -1.60977639 1.41550973 3 3 3
6.20358867 -0.749154874 0.168345211 25 25 25
6.21341532 -0.750221084 0.165358434 25 25 25
2.07693711 0.296202138 1.24085195 104 109 125
2.52178902 -0.801362611 0.869196838 59 62 72
2.02536159 -0.918594437 0.986845805 111 116 133
17.0360542 -10.1744317 -5.37556499 8 8 8
2.02080299 0.646252291 0.952908964 231 231 231
2.11377049 0.762113658 0.878568737 9 9 9
2.07758332 0.754929104 0.884000429 9 9 9
2.0815262 0.76908277 0.874153811 9 9 9
0.546901211 -0.943523457 1.47786523 8 8 8
25.5138505 -18.021339 -11.1592406 8 8 8
6.31233094 -0.274309037 1.25273271 231 231 231
6.1224317 -0.741565998 0.194596433 25 25 25
2.00608504 0.0375716903 1.00911998 130 130 130
2.00608504 0.0375716903 1.00911998 130 130 130
2.39271936 -0.811772035 0.823397929 59 62 72
2.18076956 -1.34450777 0.838435532 0 0 0
1.98038259 0.0496418121 0.973937365 130 130 130
1.98045819 0.389353926 0.959970952 130 130 130
1.98045819 0.389353926 0.959970952 130 130 130
1.90118719 -1.47712786 0.688850169 130 130 130
2.32154764 0.761242231 -0.0373896 231 231 231
4.92865382 0.570279977 1.27627508 79 83 96
1.99841712 -0.916896099 0.99230601 111 116 133
2.06788525 -1.19095911 0.929211976 111 116 133
1.92062243 -1.45097223 0.728038967 0 0 0
1.99696524 -0.905926272 0.959784454 111 117 134
1.93053974 -0.122471667 0.821246213 110 115 132
5.31059106 -0.359743918 1.15452755 59 62 72
2.44888462 0.53224423 1.22761023 59 62 72
2.09252173 0.75884537 0.887337236 141 151 145
1.60356253 -0.227714637 0.751042043 0 0 0
2.02937942 -1.59527832 0.971675808 231 231 231
2.06556485 -1.20034006 0.966994935 59 62 72
2.01780571 -0.893074915 0.985827583 59 62 72
2.41389103 -0.834237603 0.792226929 59 62 72
1.99251305 0.458151763 1.00685119 130 130 130
2.35675434 -0.22791105 0.809971512 59 62 72
1.66302456 -0.236741157 0.768924812 59 62 72
3.26850108 0.666015234 1.22182625 59 62 72
2.60832543 -0.954627112 0.90409697 130 130 130
1.92853339 -1.34932404 0.999337186 107 112 129
2.23592859 -1.20044926 0.882947568 107 112 129
1.4832685 -1.63292272 0.463881844 231 231 231
2.47590467 -0.198635474 0.855334557 111 116 133
2.47590467 -0.198635474 0.855334557 111 116 133
1.9397315 0.5137424 0.897973267 0 0 0
1.98972214 -0.0441730983 1.00852111 130 130 130
1.88739677 -1.5281336 0.656828491 130 130 130
2.03783014 0.37046442 1.02893071 0 0 0
2.62340676 -0.247983175 0.835718364 60 63 74
2.03378663 0.368007028 1.03098342 0 0 0
34.3843398 -20.8482857 -13.7696412 8 8 8
34.3843398 -20.8482857 -13.7696412 8 8 8
-0.0434794291 -0.475169174 1.76375957 0 0 0
1.97830831 0.427685173 0.97667744 0 0 0
-0.0309717798 -0.498688205 1.76824308 0 0 0
-0.822367833 -1.60119405 0.987813416 8 8 8
-0.832129181 -1.59505066 0.991531533 8 8 8
0.566246674 -0.94375357 1.47966033 0 0 0
2.05818351 -1.62762773 0.977940903 231 231 231
2.77267927 -1.3161154 0.826608273 231 231 231
5.70915762 -1.28612918 1.31170155 0 0 0
2.08648373 0.246222461 1.21457164 86 90 104
2.08698231 0.24631944 1.21427922 86 90 104
2.01040842 -1.73854802 0.887550114 8 8 8
26.3158001 -16.919482 -10.3512538 8 8 8
26.3158001 -16.919482 -10.3512538 8 8 8
1.98285683 -0.0341357174 0.990274529 0 0 0
0.521587517 -0.920942813 1.49336655 8 8 8
1.93782894 0.0792148092 0.897040167 0 0 0
0.433096222 -0.889410823 1.51662265 8 8 8
-0.93928609 -1.80166958 0.842205606 0 0 0
19.4036787 -15.7861716 -9.5051369 8 8 8
0.33470687 -0.839984314 1.55197782 8 8 8
1.88985392 -1.2913908 0.534409674 0 0 0
2.90239121 0.289723358 1.35953368 103 109 125
2.51643457 0.541829016 1.14822242 29 29 29
2.6430165 -1.06388095 0.97474357 0 0 0
2.16669925 -1.28742556 0.84598925 0 0 0
2.16669925 -1.28742556 0.84598925 0 0 0
2.43389801 -0.87340708 0.737054382 0 0 0
1.96454955 0.0023901059 0.946560431 0 0 0
1.93737879 -1.40755523 0.767804574 0 0 0
1.90767931 -1.46315477 0.699797269 0 0 0
1.90767931 -1.46315477 0.699797269 0 0 0
1.91023996 -1.69527501 0.635071963 231 231 231
1.94158375 0.330373664 0.827862528 59 62 72
1.87087047 -1.56370726 0.624852662 0 0 0
1.87063358 -1.5633971 0.625066559 0 0 0
1.89039815 -1.22817824 0.531151146 0 0 0
2.63382241 -1.6640169 0.898940752 59 62 72
2.050081 -1.62372307 0.955946578 231 231 231
2.11370607 -1.32690201 0.907844649 59 62 72
2.04827532 -1.30954484 0.909352316 76 81 93
2.20538204 -0.876919526 0.873720327 59 62 72
1.93582799 -1.58443266 0.747830841 130 130 130
6.15164391 -0.298724296 0.315634763 231 231 231
2.66820966 -1.10064856 1.04627034 0 0 0
1.9879475 -1.36312898 0.995477444 110 116 133
2.08096361 0.249917682 0.897375 69 73 85
1.58241205 0.16677841 0.776006491 59 62 72
2.63107472 -0.962452868 0.944407269 0 0 0
5.88980145 -0.725129404 1.35347571 0 0 0
5.26110124 -0.625886006 1.16171388 59 62 72
3.30158044 -1.67114318 1.34034237 231 231 231
2.74183062 -1.27898563 0.853989745 231 231 231
2.73605487 -1.27717228 0.855616296 231 231 231
2.30817977 -1.09156142 0.944126819 110 116 133
2.01618104 -1.5894346 0.97667581 231 231 231
1.99960157 -1.33787598 0.991548186 59 62 72
2.15741209 -1.27407424 0.921991515 109 115 132
2.86990712 0.495660387 1.33051451 59 62 72
2.57636785 0.581063735 1.15408449 29 29 29
2.73370285 -0.180598803 0.859946497 59 62 72
2.64225279 -1.71224809 0.888900769 231 231 231
2.58190898 -1.17008631 0.922441659 59 62 72
2.20777665 -1.32842451 0.795728008 0 0 0
1.91176386 -0.87104251 0.462828716 115 121 139
1.58075218 -0.852803354 0.526111251 112 118 136
6.17877664 -0.907461403 0.347789176 52 52 52
1.95056596 0.362493867 0.898278127 0 0 0
1.60385362 -1.7138282 1.35868411 130 130 130
1.57183648 -1.45316769 0.420451857 231 231 231
2.03839761 0.280691981 1.314792 98 103 118
2.07769876 0.296173149 1.30753281 98 103 118
2.82325346 -1.63408436 1.29113522 231 231 231
2.82325346 -1.63408436 1.29113522 231 231 231
0.857824186 -0.266334319 1.72980285 64 68 78
2.63692877 -1.70960406 0.951960765 8 8 8
2.17149426 -1.62231982 0.931969382 231 231 231
6.69583944 -4.47278901 -1.13775532 8 8 8
0.556712444 -0.90199408 1.50800395 0 0 0
-0.512418678 0.581083374 1.30753814 0 0 0
2.96545733 -2.37319459 0.417251475 8 8 8
1.83605603 -1.38265794 0.561084741 59 62 72
1.62539222 -1.59647091 0.353628521 159 159 159
5.68179995 -1.25871691 1.28027725 130 130 130
2.60019174 -0.927484859 0.876574181 130 130 130
0.411892797 -0.883034416 1.52175385 8 8 8
1.8950407 -1.27427648 0.513231364 114 120 138
1.89233576 -0.816239691 0.470540849 59 62 72
5.81386335 0.147047609 1.42539613 231 231 231
1.40572091 -1.70599215 1.35401899 130 130 130
2.66244819 -1.04937477 1.01368481 130 130 130
2.66244819 -1.04937477 1.01368481 130 130 130
2.6249655 -1.10710861 0.935213431 0 0 0
2.62872512 -1.10786899 0.93377912 0 0 0
1.96184896 0.000741851052 0.968137624 0 0 0
1.91326585 -1.50880821 0.716940554 0 0 0
1.9591603 -0.104731813 0.822985479 59 62 72
1.97606452 0.127225046 0.813420562 59 62 72
0.13549824 -0.68529319 1.66535393 8 8 8
0.13549824 -0.68529319 1.66535393 8 8 8
0.319013871 -0.44942746 1.58857414 110 115 132
0.479474465 -1.03641848 1.22157095 231 231 231
1.53671161 -1.71390773 1.54465889 130 130 130
1.53671161 -1.71390773 1.54465889 130 130 130
3.13250009 0.383201627 1.34133605 106 111 128
3.13250009 0.383201627 1.34133605 106 111 128
1.45883444 -1.72725305 1.41027864 0 0 0
1.41834318 -1.69531858 1.41985161 0 0 0
2.68252485 -0.934390643 1.04090012 130 130 130
2.07023662 -0.151297502 1.24307817 105 111 127
2.08488191 -0.0906152129 1.08080416 130 130 130
2.05187301 -0.0975191486 1.09196269 130 130 130
2.00301796 -0.874626513 1.00746418 111 116 133
2.82435459 0.325789061 1.32533099 29 29 29
1.19708893 -1.75525936 0.876866499 8 8 8
1.19708893 -1.75525936 0.876866499 8 8 8
5.65775007 0.203693035 1.43263731 231 231 231
1.16930441 -1.74774575 0.903357897 231 231 231
1.89803694 -1.33494234 0.527220783 59 62 72
1.40500217 -1.6960617 1.63528578 130 130 130
1.40500217 -1.6960617 1.63528578 130 130 130
1.55003113 -1.22354533 0.514813982 112 117 135
1.40957239 -1.69934492 1.36523507 130 130 130
2.63230602 -1.09996084 0.891044796 130 130 130
1.50346531 -1.70099371 1.52573532 130 130 130
1.53646905 -1.26386755 0.501011812 59 62 72
1.45066494 -1.70786309 1.55896418 0 0 0
1.50783466 -1.18785103 0.55851644 112 117 135
3.2313585 -1.86252466 0.794943023 59 62 72
2.66109516 -1.6732381 0.899821565 59 62 72
2.97674846 -1.19487018 1.25500788 98 103 118
2.00305361 -1.76301786 0.893038284 8 8 8
1.98759923 -1.75386971 0.899532906 8 8 8
1.6065669 -1.71558692 1.35765055 130 130 130
1.54409743 -1.49373017 0.468220618 59 62 72
1.56636377 -1.7050424 1.55994011 0 0 0
1.58605092 -1.700739 1.41557838 0 0 0
1.59602648 -1.70836779 1.41210287 0 0 0
0.996877727 -1.61452965 1.47648765 109 109 110
0.986296313 -1.61567059 1.45209203 62 66 77
2.65632607 -1.69380887 0.963652403 8 8 8
2.64703057 -1.70261651 0.957130826 8 8 8
0.98206584 -1.61542519 1.44017208 70 74 84
-0.860029245 0.579095103 1.60824949 0 0 0
0.951738925 -1.61965045 1.44142284 13 31 60
0.910686761 -1.61581791 1.45231309 66 71 82
0.905765087 -1.61824809 1.45148425 64 69 80
0.900668593 -1.62014444 1.45091706 66 70 82
1.00692458 -1.60901142 1.41610057 65 71 82
1.01788891 -1.61590549 1.41034268 88 94 104
2.31595532 -1.66014842 0.964036242 8 8 8
0.914631074 -1.61628644 1.35178189 75 80 88
0.914631074 -1.61628644 1.35178189 75 80 88
0.918742403 -1.61210887 1.32327342 116 116 117
0.905073906 -1.62088666 1.32250666 82 83 88
0.905073906 -1.62088666 1.32250666 82 83 88
0.983502803 -1.61059336 1.2906916 13 75 38
0.992701671 -1.61349946 1.20701382 116 116 116
0.805680676 -1.57713392 1.29606985 116 116 116
0.846047918 -1.61740174 1.2654017 114 114 114
0.910182843 -1.61357566 1.21274966 117 117 117
2.73355294 -1.34162465 1.29943094 99 104 119
2.78063925 -1.176392 1.28953326 99 104 120
2.79121981 -1.17907028 1.28764655 99 104 120
0.964488723 -1.61841472 1.47873063 6 21 43
2.50177576 -1.65805474 0.98776281 8 8 8
2.638858 -1.66592601 0.870212872 231 231 231
2.46134439 -1.72502614 0.922584662 8 8 8
2.55167909 -1.78633373 0.875095314 8 8 8
2.01940787 -1.54155989 1.02397171 96 101 116
0.995198419 -1.61256339 1.34891783 106 111 117
0.987348207 -1.61043859 1.34470899 105 111 117
2.00518233 -1.68982653 0.923499842 8 8 8
2.00088704 -1.68552746 0.926914873 8 8 8
1.96566787 -1.67302544 0.935999119 8 8 8
1.97561571 -1.67973452 0.931089236 8 8 8
3.26300016 -2.52536583 0.305148568 8 8 8
33.8697041 -22.5796051 -14.5332876 8 8 8
0.909220599 -1.61489882 1.33788682 59 71 73
0.937873086 -1.6202127 1.3228641 86 86 90
0.937873086 -1.6202127 1.3228641 86 86 90
1.99250189 -1.74838125 0.891112185 231 231 231
9.84930066 -7.00178369 -3.0042176 8 8 8
7.08949511 -5.15157976 -1.63800894 8 8 8
-0.806127428 -1.75909788 0.396972757 0 0 0
0.997609838 -1.6146473 1.22114105 117 117 117
0.978842441 -1.60882268 1.21418024 23 74 43
0.978842441 -1.60882268 1.21418024 23 74 43
0.831914965 -1.61538789 1.27897669 54 68 64
0.832142379 -1.61580638 1.27887652 54 68 64
2.22986238 0.0303087939 0.893070467 130 130 130
1.85943683 -1.38755591 0.556658535 130 130 130
1.83384471 -1.36718959 0.567175984 59 62 72
0.769704913 -1.61877001 1.01062457 101 101 101
1.39097553 -1.69475784 1.64461075 130 130 130
1.40386167 -1.70572007 1.64263145 130 130 130
2.8384088 -1.63590829 1.29969055 231 231 231
2.8384088 -1.63590829 1.29969055 231 231 231
3.89294357 -0.436321284 1.12882179 214 214 214
0.98037251 -1.61872678 1.47697928 4 16 41
2.00672315 -1.62428144 0.949068925 111 117 134
2.00652102 -1.62486685 0.948847634 111 117 134
0.904153329 -1.61657043 1.34077643 117 117 117
0.846704897 -1.61418143 1.28427412 62 66 74
0.846704897 -1.61418143 1.28427412 62 66 74
0.844437639 -1.61512968 1.27905713 117 117 117
0.835999777 -1.61372063 1.27901989 117 117 117
1.18724807 -1.75452417 0.867405876 231 231 231
5.78102917 -0.772343182 1.42152226 231 231 231
5.88862682 0.221709094 1.29496678 231 231 231
2.79502642 -1.61035272 1.3301639 231 231 231
2.79470155 -1.61023015 1.33031662 231 231 231
1.6047877 -1.70552005 1.3536404 130 130 130
1.53103418 -1.65089425 1.37333656 130 130 130
2.6493033 -1.02058718 0.988157307 130 130 130
2.64963859 -1.02089207 0.987800186 130 130 130
0.967761083 -1.61466399 1.4117801 51 60 78
2.64877279 -1.67676408 0.86969421 231 231 231
2.63223438 -0.951562605 0.932062292 0 0 0
2.43885135 -1.74894551 0.877085248 8 8 8
0.913774047 -1.61507614 1.34655429 117 117 117
2.68620505 -0.140626638 0.856532814 59 62 72
14.4101167 -9.23405954 -4.66343324 0 0 0
0.98106378 -1.61636638 1.28161955 117 117 117
0.990160327 -1.61066098 1.26866558 117 117 117
1.94621374 -0.00339410228 0.975125722 0 0 0
1.60595992 -1.70694026 1.6407788 130 130 130
1.60475116 -1.70648426 1.64053319 130 130 130
2.89461531 -1.59205882 1.31036392 231 231 231
2.89461531 -1.59205882 1.31036392 231 231 231
1.01262868 -1.61473409 1.47297453 10 81 35
1.01262868 -1.61473409 1.47297453 10 81 35
1.01142559 -1.65059107 1.4617859 66 68 75
1.47952945 -1.76738993 1.33225454 130 130 130
2.07030936 -0.151359021 1.24298712 107 112 129
0.846994727 -1.61811445 1.26989779 14 64 41
0.99157562 -1.6151203 1.20170127 117 117 117
0.83322123 -1.61614279 1.26728893 117 117 117
0.83322123 -1.61614279 1.26728893 117 117 117
0.905809337 -1.6135306 1.21917985 65 96 71
1.5425016 -1.67550954 0.50958999 107 113 130
2.77850079 -1.34865555 1.34104661 59 62 72
3.4535348 -1.71441296 1.2187657 231 231 231
3.4535348 -1.71441296 1.2187657 231 231 231
2.783637 -1.37735456 1.32925296 231 231 231
2.80367457 -1.38318307 1.32536361 231 231 231
0.995857365 -1.61612524 1.47226471 43 46 58
0.995857365 -1.61612524 1.47226471 43 46 58
0.963443251 -1.61202099 1.47407303 98 99 100
0.888549413 -1.61671665 1.41127659 64 75 94
2.02183396 -1.16697211 0.945412477 112 118 135
2.04844338 -1.18273863 0.935193903 112 118 135
0.985972018 -1.61197732 1.21652461 56 93 64
1.88840904 -1.5289687 0.656182591 130 130 130
1.86888975 -1.1839518 0.549690631 59 62 72
3.87063759 -1.49203544 1.15750322 160 160 160
1.02069853 -1.61521716 1.48172426 3 12 36
1.02024276 -1.61478688 1.48223085 3 12 36
0.937771074 -1.6182142 1.44875578 22 35 61
0.921208154 -1.61865571 1.44882258 25 38 62
0.957567996 -1.62054727 1.42079826 105 106 109
2.8581318 -1.31020778 0.839100321 231 231 231
2.87820301 -1.31647681 0.832693338 231 231 231
0.945477509 -1.62563915 1.40729423 84 90 100
3.0483329 -0.815559195 0.834173542 59 62 72
2.03058873 -0.900926496 1.02000904 111 117 134
0.993812339 -1.6145297 1.28482722 77 80 83
0.994160991 -1.61495475 1.28442828 77 80 83
1.75093077 -1.71189083 0.1480068 122 122 122
1.41252888 -1.70287278 1.36324093 130 130 130
3.0428341 -0.225744738 0.877126248 110 115 132
0.99544402 -1.61608356 1.34545366 100 106 111
0.995481945 -1.61612053 1.34539624 100 106 111
0.971455608 -1.61433286 1.29023408 117 117 117
0.915823474 -1.61827827 1.28055028 105 111 117
0.915823474 -1.61827827 1.28055028 105 111 117
2.00002255 -1.61269087 1.00179176 59 62 72
0.913975275 -1.61570608 1.34436138 116 116 116
0.913975275 -1.61570608 1.34436138 116 116 116
1.89949335 -1.74403264 0.536303926 231 231 231
1.53213041 -1.29564032 0.53648018 112 117 135
1.73699536 -1.29608438 0.374223703 0 0 0
1.67130902 -1.69609137 0.243433273 122 122 122
3.56228585 -1.62578945 1.32819801 231 231 231
1.74231122 -1.71888524 0.0880941817 231 231 231
2.6848711 -0.984534629 1.04643963 130 130 130
2.68478535 -0.984488553 1.0464829 130 130 130
2.18943006 -1.32478875 0.806644398 0 0 0
1.58844902 -1.7025715 1.58015138 0 0 0
1.58844902 -1.7025715 1.58015138 0 0 0
1.01431667 -1.62597344 1.44891848 59 62 73
-0.547753686 0.579216061 1.52679519 0 0 0
0.321838669 -0.927554326 1.65377354 64 69 81
0.304887276 -0.90875283 1.62669674 117 117 117
0.917650509 -1.61776722 1.21154946 116 116 116
2.03880916 -1.77542612 0.513620003 231 231 231
2.30344201 -0.0322256462 -0.0156653088 87 81 78
3.09469537 -1.18671378 1.33060192 59 62 72
2.21004666 -1.55934401 1.05360828 8 8 8
2.21004666 -1.55934401 1.05360828 8 8 8
3.01067936 -0.837419418 0.865690678 104 109 125
2.20298578 -1.61887802 0.968411575 228 228 228
0.913701049 -1.6199083 1.35465032 117 117 117
0.925496901 -1.61631154 1.34081871 117 117 117
1.9302709 -1.63423964 0.965453583 8 8 8
1.90043278 -1.45372858 0.724039304 0 0 0
2.81960983 -1.63046044 1.2692489 59 62 72
0.914897322 -1.61586392 1.33133615 117 117 117
1.68960172 -1.65201194 0.292107101 123 123 123
2.21289263 -0.854479375 1.458543 59 62 72
2.6547806 -1.23088452 0.868993008 231 231 231
2.23220322 -1.22764236 0.876197995 59 62 72
1.98516896 -0.0344351175 1.00055413 130 130 130
1.88256996 -1.43564774 0.652279857 130 130 130
2.03600925 -0.186730676 0.783566222 0 0 0
0.495822386 -0.914777199 1.35068893 0 0 0
1.01846467 -1.61554351 1.41164908 77 83 94
3.05790153 -0.804589693 0.847424121 59 62 72
2.32731902 -0.253390335 0.84639043 60 63 73
1.19350542 -1.74856827 0.437231123 8 8 8
3.38084894 -1.63395568 1.22816657 231 231 231
3.46023258 -1.66048728 1.21705919 231 231 231
0.980943365 -1.61649236 1.44715663 39 46 65
2.01525732 -1.15607985 0.986665876 104 110 126
1.73986696 -1.78086641 0.219539715 122 122 122
2.0682769 -1.52795253 1.02326724 231 231 231
1.87224721 -1.58081469 0.609303502 130 130 130
1.14249559 -1.72076209 0.92252555 231 231 231
1.68508144 -1.54236388 0.309594444 231 231 231
2.01739465 -1.5442794 1.01441491 59 62 72
1.48819198 -1.61877712 0.47488299 231 231 231
2.00922844 0.00597650959 1.01774555 0 0 0
1.90996297 -1.24601722 0.50135667 106 112 128
6.15675163 -0.255193677 0.188438553 25 25 25
2.22446019 -1.90132166 0.407638863 231 231 231
2.05618857 0.546511107 1.09241703 130 130 130
6.16788016 -0.753987355 0.175620747 25 25 25
1.85397468 -0.251847752 0.822254856 60 64 74
1.01988942 0.734671771 1.96255986 57 57 57
1.96644037 0.385843414 0.947906276 130 130 130
1.96644037 0.385843414 0.947906276 130 130 130
4.52659655 -0.0162067417 0.0666495226 59 62 72
1.57158142 0.765128331 0.876531995 9 9 9
0.827708262 0.754918279 0.850798681 29 30 30
0.758804076 0.77962517 0.831880506 29 30 29
2.29279616 0.74615393 -0.0149304132 231 231 231
0.987879641 0.735851877 1.94172981 0 0 0
3.08333953 0.614325524 1.25796431 59 62 72
2.05145749 0.290206653 1.24508777 102 107 123
1.94535503 0.0454662577 0.942181532 130 130 130
1.94535503 0.0454662577 0.942181532 130 130 130
-0.068242499 -0.432271238 1.75689519 0 0 0
2.00587365 0.0791871405 1.04065433 0 0 0
1.94005741 0.354883155 0.897443705 0 0 0
1.99892265 -0.124330687 0.789749959 105 110 127
0.891648115 0.765636571 0.843890885 28 29 29
0.597295944 0.702835622 1.4592703 141 141 141
1.63235136 -0.223939776 0.783139182 59 62 72
1.55841276 -0.20417185 0.810796278 59 62 72
0.628055358 0.706198242 1.52396889 0 0 0
0.803267194 0.717443193 1.46041856 140 140 140
0.987794515 0.751062514 1.92077679 15 15 15
2.06663453 0.785000035 0.117339036 0 0 0
1.96069318 -0.198452833 0.76991793 112 118 135
0.601053278 0.700675734 1.46483798 139 139 139
0.994400419 0.763166394 1.0464186 0 0 0
2.00095562 0.650381033 0.915640092 5 5 5
0.432291295 -0.818227873 1.5644475 0 0 0
0.432291295 -0.818227873 1.5644475 0 0 0
0.41751701 -0.967988525 1.29299417 0 0 0
2.65406247 -1.68287716 0.971812998 8 8 8
1.00908585 -1.61362542 1.26013937 98 99 101
0.995983813 -1.61123595 1.21442935 116 116 116
0.994046774 -1.61245044 1.19687754 115 115 116
1.87744279 -1.53264909 0.65192411 130 130 130
1.8448574 -1.58405024 0.565870846 130 130 130
1.19093315 -1.75705197 0.883929793 231 231 231
2.7878663 -1.792452 0.893295274 8 8 8
-11.1197357 -11.5051579 -10.3030983 0 0 0
29.2771006 -17.5454378 -10.8028872 8 8 8
2.65239006 -1.05542665 0.95286094 130 130 130
2.6384844 -1.05209134 0.958497815 130 130 130
2.019434 -1.77660874 0.608445408 8 8 8
5.25280145 0.603551093 1.46967809 68 72 82
3.9689604 -0.485085856 1.12844717 0 0 0
2.74749224 -0.159355656 1.29992819 101 106 122
6.20546204 -0.0720604066 0.309273302 52 52 52
2.64084582 -1.61588078 0.87143976 59 62 72
2.63368233 -0.129578398 0.875311727 59 62 72
2.66396467 -0.148220886 0.855014443 105 111 127
0.999481808 -1.61285576 1.19992366 117 117 117
1.18724807 -1.75452417 0.867405876 231 231 231
5.92243531 -1.17049653 1.37966652 0 0 0
5.68828965 -1.27879488 1.38473596 0 0 0
2.9190228 -0.8968521 1.35539386 97 102 118
2.92694865 0.103201629 1.365976 101 107 122
1.47847315 -1.69588926 1.50469486 130 130 130
1.47847315 -1.69588926 1.50469486 130 130 130
2.6678639 -1.06327778 1.02714814 0 0 0
2.6678639 -1.06327778 1.02714814 0 0 0
2.0150278 -1.55163322 1.04068728 231 231 231
3.12751082 -0.167699167 0.503377938 60 64 74
1.93587373 -1.40651263 0.76933673 0 0 0
1.98690788 -0.0521314501 1.00035902 130 130 130
1.98690788 -0.0521314501 1.00035902 130 130 130
1.87665108 -1.47321484 0.65579682 130 130 130
1.87665108 -1.47321484 0.65579682 130 130 130
1.8700869 -1.40411126 0.624529999 0 0 0
1.87223669 -1.405353 0.622575348 0 0 0
1.66253796 -0.241907404 0.797417308 110 116 133
1.55137354 -1.24641051 0.515847373 111 117 134
4.15933812 -0.403783227 1.1154407 213 213 213
1.97512763 -1.74418602 0.884404807 8 8 8
5.31881323 -1.65843461 1.28661556 231 231 231
1.4306957 -1.70575218 1.57698375 0 0 0
1.4306957 -1.70575218 1.57698375 0 0 0
1.59983973 -1.70601558 1.35767566 130 130 130
1.59983973 -1.70601558 1.35767566 130 130 130
2.09349476 -1.33082955 0.928830613 59 62 72
1.88623548 -1.43987885 0.652429811 130 130 130
1.55338192 -1.27609774 0.51967952 111 116 133
1.51281316 -1.42777046 0.464729583 231 231 231
2.93058835 -1.37822632 1.32903437 231 231 231
2.03992002 -1.5680677 1.03357295 231 231 231
1.96511019 -1.58037236 0.818088443 130 130 130
6.06743823 -0.287503134 1.42472518 231 231 231
3.05700956 -0.232413458 0.829317311 59 62 72
2.15195707 -0.210156818 0.854442111 0 0 0
6.16040713 -0.255519108 1.43273317 231 231 231
5.18625282 -0.118376211 0.303161797 82 77 73
1.91519723 -1.73738093 0.520071117 231 231 231
1.94552643 -0.120418496 0.845115695 59 62 72
1.5193113 -1.6412215 0.497792472 59 62 72
1.48151062 -1.42528589 0.481894106 231 231 231
1.5818296 -1.50715591 0.370693854 231 231 231
4.72954123 -1.62140355 1.4213615 59 62 72
4.72954123 -1.62140355 1.4213615 59 62 72
1.96555108 -1.39180877 0.820712071 130 130 130
1.90118719 -1.47712786 0.688850169 130 130 130
6.17287078 -0.109699383 0.299461924 231 231 231
4.1593102 -0.596998691 1.11521285 198 198 198
6.15337186 -0.862299238 0.359080759 52 52 52
2.70035013 -2.23688296 0.527600118 8 8 8
-0.149045579 -1.65951489 0.944886505 8 8 8
0.0912853498 -0.0771479025 0.000651147621 235 235 235
5.70175442 -1.44850882 1.40565505 130 130 130
5.70191555 -1.28419352 1.31429203 0 0 0
-2.32508475 -0.410655001 1.75873971 102 107 123
-2.32508475 -0.410655001 1.75873971 102 107 123
-2.40789212 -0.543165866 1.71720126 103 108 124
-0.113273576 -1.70531862 1.10331777 0 0 0
-0.031767058 -1.73128594 1.00297373 231 231 231
1.88200532 -0.819368275 0.4442297 59 62 72
-1.15505623 -1.39265722 1.14113049 8 8 8
-0.988807189 -0.881215276 1.00229576 87 92 106
0.580759677 0.696587183 1.4602863 0 0 0
4.45580137 -1.73562823 1.49083355 231 231 231
-1.38964842 -1.65608376 0.948781485 8 8 8
-2.22891133 -0.985331168 1.22805285 235 235 235
5.89121703 0.217471344 1.28757521 231 231 231
5.26851252 -0.646745074 1.1381216 59 62 72
5.12270009 -0.726369532 1.15202701 231 231 231
5.2329155 -0.261145916 1.13472454 231 231 231
1.84922737 -1.48155795 0.543653498 59 62 72
-1.02266201 -1.65205297 0.962298041 231 231 231
-2.3899693 -1.15294491 1.21537523 235 235 235
-2.28198289 -1.07934883 1.23547374 235 235 235
-2.28824405 -1.072382 1.2417075 235 235 235
-0.985829932 -1.69338218 0.845989732 231 231 231
-2.29008529 -1.06708885 1.23193988 0 0 0
-1.06793189 -1.34996291 0.513433814 59 62 72
-2.23460857 -0.989579109 1.22888881 235 235 235
-2.23461415 -0.989598018 1.22889773 235 235 235
-0.560335808 -1.76264868 0.851041358 59 62 72
-0.874601367 -1.59400764 0.970164077 59 62 72
-2.30464165 -0.985471091 1.2361838 236 236 236
-2.30468417 -0.985461076 1.23619877 236 236 236
-2.12776162 -1.12244703 1.21640865 235 235 235
-0.967243069 -1.64698813 0.913673864 59 62 72
2.67662671 -0.934513297 1.01640911 78 78 78
-1.10767318 -1.01906912 0.682355843 0 0 0
-1.08195061 -1.04146623 0.738424424 104 104 104
0.064602751 0.0408115343 -0.0403913142 100 100 100
6.18249823 -0.695704293 1.26712502 231 231 231
1.81503486 -1.61824368 0.412239871 59 62 72
2.28287926 -0.234469809 0.854036698 59 62 72
-3.16007317 -0.218613845 0.990413261 66 70 81
-2.64098574 0.614156866 1.02681241 10 10 10
-2.5887494 -0.104212126 0.853305434 0 0 0
-2.00694161 0.59728506 0.999473949 9 9 9
-2.66320255 0.270770404 1.1158235 64 68 79
-0.965035557 -1.4451398 1.10528558 8 8 8
-0.843725912 -1.78342335 0.887964109 8 8 8
-0.783985395 -1.74670106 0.853498987 8 8 8
-0.12157328 -1.71031639 0.958318974 0 0 0
-0.123042856 -1.71226641 0.956629533 0 0 0
-5.28347608 0.787775653 1.01609566 231 231 231
-0.339040843 -1.76187547 1.17332346 8 8 8
-2.20251501 -0.231393868 0.579572892 93 97 112
-2.203791 -0.231241891 0.579351295 93 97 112
-0.822078803 -1.79462341 0.846521683 8 8 8
-0.632389021 -1.68086342 0.929957462 8 8 8
0.550048126 -0.893004263 1.51508447 8 8 8
0.550048126 -0.893004263 1.51508447 8 8 8
-0.990635167 -2.04323929 0.662487599 8 8 8
-0.979976277 -2.04951985 0.65762528 8 8 8
0.479211331 -0.922467789 1.49236589 0 0 0
0.532052053 -0.939707047 1.4804192 8 8 8
-0.945208334 -2.08966648 0.630976939 8 8 8
-2.46067934 -3.40755498 -0.347441676 8 8 8
0.515137652 -0.973860741 1.45514282 8 8 8
-0.331528136 -1.75324189 0.853543847 8 8 8
-0.354029016 -1.75997805 -0.0302252146 231 231 231
-2.88836374 0.746468905 0.932451838 17 18 18
-2.5646582 0.0696818994 0.847005153 228 228 228
-2.60922644 0.079965013 0.741379649 228 228 228
-0.921078302 -1.35711495 1.02822299 98 104 119
-0.179283839 -1.71807248 1.03183262 0 0 0
-0.179283839 -1.71807248 1.03183262 0 0 0
-0.870684583 -1.78526557 -0.0642027882 231 231 231
-3.1505055 0.316381439 0.811129042 94 99 114
-2.71797206 0.0536473499 1.119112 103 108 124
-2.7684595 0.591769641 1.09022992 0 0 0
-2.68802695 0.324179791 1.0831285 72 76 87
-2.24140925 -0.228718224 0.621143365 115 121 139
-0.240606858 -1.70477315 1.03021622 130 130 130
-0.151563588 -1.7021475 1.05996507 130 130 130
-0.165225333 -1.71073971 1.02622827 0 0 0
-0.152050281 -1.70036757 1.00349459 130 130 130
-0.152050281 -1.70036757 1.00349459 130 130 130
-0.808596897 -1.74293295 -0.0431901855 87 81 78
-2.12534916 0.625871755 0.589153802 5 5 5
-0.235675823 -1.73241731 1.0711902 130 130 130
-0.235675823 -1.73241731 1.0711902 130 130 130
-0.20980891 -1.7023477 1.05577187 0 0 0
-3.04246603 0.705355194 1.05997705 231 231 231
-0.191421621 -1.70479248 1.0053505 130 130 130
-0.0957627539 -1.69231469 0.922164519 130 130 130
-0.306707277 -1.73056261 1.16743006 130 130 130
-1.13812599 -1.25739009 0.810597785 90 94 109
-0.99748852 -1.52378208 1.04719789 5 5 5
-0.822078803 -1.79462341 0.846521683 8 8 8
-2.56359436 -0.00715421389 0.791920008 0 0 0
-2.08653902 -1.12727291 1.23342548 220 220 220
0.503965322 -0.742888559 1.6289796 8 8 8
-1.0391317 -1.38013809 0.493804496 94 99 114
-2.20974141 -1.6736081 0.935703957 8 8 8
-2.20974141 -1.6736081 0.935703957 8 8 8
-1.94119409 -1.77378482 0.861399345 8 8 8
-1.94078766 -1.77334763 0.861813796 8 8 8
0.240493057 -0.724237161 1.58090845 231 231 231
-1.08879462 -1.71076199 0.474519286 8 8 8
-0.804633246 -1.75807225 0.436839515 8 8 8
-3.30378138 0.633343129 1.29779114 231 231 231
-3.39991779 0.756312752 0.926371818 9 9 9
-2.55305749 -0.0193033876 0.786150791 0 0 0
2.29848396 -0.985661253 1.0926634 0 0 0
-2.61837199 -0.0244364291 0.754838486 0 0 0
-1.05005035 -1.54314391 1.03262232 8 8 8
-1.02507812 -1.52695799 1.04482338 8 8 8
-0.951251302 -1.17668338 0.965701519 59 62 72
-0.327456597 -1.75889833 1.17032297 231 231 231
-1.01724566 -0.849386449 0.670012596 74 78 90
-3.69286363 -3.51492121 -1.51492031 8 8 8
-3.12816447 -3.1614787 -1.12754311 8 8 8
6.2734047 -4.42491181 -1.1011488 0 0 0
-0.802946231 -1.75648708 0.391723718 8 8 8
-2.33809304 -1.04384462 1.22495705 0 0 0
-3.13283408 -0.16468706 0.943983009 69 73 85
-2.6764725 0.555371235 1.07956536 231 231 231
0.340949913 -0.836672367 1.55803269 8 8 8
29.3737587 -20.3762374 -12.9359993 0 0 0
-0.995354376 -2.07494021 0.639890432 0 0 0
0.348218364 -0.843552177 1.55186241 8 8 8
-1.09368863 -1.90256761 0.767390298 8 8 8
-0.809666545 -1.76258819 0.892070752 8 8 8
-0.812572208 -1.76472548 0.890849891 8 8 8
-0.800543273 -1.79043693 0.849071806 8 8 8
-0.800543273 -1.79043693 0.849071806 8 8 8
-0.25664173 -1.71314003 1.03271238 130 130 130
-2.33256503 0.767718039 -0.0446466903 0 0 0
-1.14488855 -1.47131806 0.403955076 231 231 231
-2.94515007 -1.62240624 1.19480884 109 109 109
-2.07094529 -1.5895447 1.21182899 107 107 107
-2.86108377 0.117322938 1.03539825 67 70 81
-3.06507445 0.251591317 0.954441651 70 73 85
-2.18747938 -0.173788584 0.618010225 120 126 144
-2.19576191 -0.108599614 0.615245037 119 126 144
-0.338594905 -1.76145322 1.17365136 8 8 8
-0.330413144 -1.76493327 1.17009964 231 231 231
-0.978266345 -0.903605281 0.932416545 98 104 119
-0.146670829 -1.70378969 1.06775753 130 130 130
0.142300417 -0.691639309 1.59704576 0 0 0
-0.0915547574 -1.71680427 0.904039361 8 8 8
-0.0915547574 -1.71680427 0.904039361 8 8 8
-0.173729664 -1.71236818 1.07165051 0 0 0
-0.152821287 -1.70876563 1.04844964 130 130 130
-0.152821287 -1.70876563 1.04844964 130 130 130
-0.207506469 -1.71021529 1.0157084 0 0 0
-0.207506469 -1.71021529 1.0157084 0 0 0
-2.12618091 -1.11967437 1.23236702 223 223 223
-2.57650882 0.00364239843 0.847008805 0 0 0
-0.932132014 -0.844424143 0.83537479 59 62 72
9.6227573 -6.43227963 -2.59049902 0 0 0
-2.97280572 0.790504531 1.24562089 2 2 2
-2.96029853 0.121769356 0.995726154 0 0 0
-0.979658577 -1.22201616 0.88816239 90 95 110
-0.94909553 -0.963520904 0.83202685 197 197 197
-3.9099943 0.684441548 1.18768841 0 0 0
-3.9099943 0.684441548 1.18768841 0 0 0
-0.933406448 -1.5600743 0.997559753 231 231 231
-0.151554714 -1.70218255 1.05996198 130 130 130
-0.164942284 -1.71018767 1.02670467 0 0 0
-0.965299057 -0.952363608 0.874610746 0 0 0
-0.171295238 -1.70367949 1.05773061 130 130 130
-1.11658152 -1.49335763 0.402263595 231 231 231
-1.95798777 -1.59145373 0.931261257 231 231 231
-2.65572972 0.665633107 0.996539363 62 62 62
-0.341107034 -1.71558053 0.960982902 231 231 231
-0.124648256 -1.69839579 0.98450634 0 0 0
-3.07296999 0.759495252 1.26243986 2 2 2
-0.774752821 -0.27687901 1.66900577 0 0 0
-0.497793609 0.595021794 1.25265244 99 101 106
-0.553025873 0.585148794 1.15383728 119 119 119
-0.576940575 0.590333433 1.13252242 68 71 78
-0.732657902 0.585912356 0.949460591 47 75 60
-0.798455568 0.592699921 0.880858902 106 107 110
-0.965547876 0.580307056 1.07575296 0 0 0
1.8864034 -1.53795538 0.645933995 130 130 130
-1.42035377 -1.0294903 1.41432652 0 0 0
-0.828288102 -1.76471899 0.424934727 231 231 231
-0.787729622 -1.75412561 0.415955844 231 231 231
-1.36287883 0.595688875 1.05769963 142 142 142
-0.512364597 0.594719567 1.15886332 29 55 51
-1.09939488 -1.2543537 0.492408668 91 96 110
0.955585139 -0.768847194 1.50961745 8 8 8
0.89091926 -0.814328864 1.45957779 8 8 8
-0.78816448 -1.7820905 0.395940078 8 8 8
1.3656229 -0.545919108 1.75471801 8 8 8
1.3656229 -0.545919108 1.75471801 8 8 8
1.36582492 -0.546072546 1.75454966 8 8 8
0.648904788 -0.995567319 1.26130038 8 8 8
0.977083536 -0.805052332 1.46975432 8 8 8
-0.339328456 -1.75913968 0.442284966 8 8 8
1.04568447 -0.607026979 1.6545132 0 0 0
-0.0157975895 -0.0123798444 0.0203529206 236 236 236
-0.0167606118 -0.0118100319 0.0192863303 236 236 236
-0.540151331 0.586376169 1.2842357 124 124 124
-0.927602881 -1.00817536 0.932335977 197 197 197
-0.927602881 -1.00817536 0.932335977 197 197 197
-1.04894694 -0.995911467 0.808759028 0 0 0
-1.07806876 -0.851467531 0.495394854 93 98 112
-0.998761156 -1.47135016 1.0861596 0 0 0
-5.53836066 -5.43493792 -3.75721107 8 8 8
0.561350639 -1.18891377 1.04793068 8 8 8
0.561350639 -1.18891377 1.04793068 8 8 8
2.63466654 -1.10528867 0.935330975 0 0 0
-1.01075654 -0.901786773 0.622703143 69 73 85
-1.16446269 -0.80458043 0.5089767 59 62 72
2.04626507 0.541279163 1.09652925 0 0 0
-0.553297481 0.584612981 1.12375467 10 72 40
-0.518749001 0.582988586 1.1134175 124 124 124
-0.903670724 -1.38781158 0.560066859 0 0 0
-2.32905362 0.151097316 0.591966264 114 120 138
-1.39767826 0.619456407 0.491647157 6 19 42
-1.352535 0.604780376 0.509440183 6 19 42
-0.284951182 0.541494156 0.0490902158 87 81 78
-0.943057338 -1.07970354 0.950775778 0 0 0
0.715876059 -0.77393509 1.60905097 0 0 0
-0.325444699 -1.75614017 0.413421362 231 231 231
2.11156195 0.289420608 1.28858596 91 95 110
2.09541119 0.277896543 1.28283601 91 95 110
2.09541119 0.277896543 1.28283601 91 95 110
2.85020661 1.11669352 0.620906893 0 0 0
1.61799333 0.784846906 0.862309155 9 9 9
2.82604746 0.0830491049 1.33146647 85 89 103
2.12233961 0.578806541 1.23014442 101 106 122
2.07272476 0.294757481 1.24117034 101 106 122
3.05568199 -0.207240213 0.849085361 104 110 126
2.07063335 0.72617949 0.904950706 9 9 9
0.494666719 0.723102589 1.98232522 57 57 57
2.36560929 0.60655296 1.17933481 101 106 122
2.04242481 0.303496053 1.24681031 101 106 122
2.04242481 0.303496053 1.24681031 101 106 122
6.16348642 -0.0978345443 0.335988325 231 231 231
2.04843016 0.823403116 0.877712197 123 123 123
2.25743712 -0.202241364 0.854609076 59 62 72
0.455948607 0.779448384 2.02046734 231 231 231
0.412540433 0.750906563 1.99687845 0 0 0
0.506182986 0.736141695 1.98263988 57 57 57
0.493520741 0.720822783 1.9816476 57 57 57
5.77168593 0.30771483 2.10460561 41 41 130
0.362716126 0.417029304 1.75852236 0 0 0
0.599008177 0.705141382 1.74540618 140 140 140
0.796355851 0.71839624 1.68074953 0 0 0
0.781770841 0.703796952 1.68244327 0 0 0
0.674869507 0.701952253 1.57657624 0 0 0
2.82280569 0.112696774 1.38160287 59 62 72
0.784901891 0.708388671 1.51977713 0 0 0
0.791790268 0.714623956 1.51818373 0 0 0
2.87237875 -0.131669122 1.29168369 59 62 72
4.24032752 -0.0966767499 0.942127473 231 231 231
4.23500923 -0.0967629997 0.943396576 231 231 231
2.00844875 -0.0799894784 1.03903784 0 0 0
2.00797686 -0.0800292681 1.03963443 0 0 0
-0.192453851 -0.35154161 1.68270466 0 0 0
0.680810785 0.704975806 1.59575254 0 0 0
1.97374661 0.742443757 0.916170395 124 124 124
1.96189536 0.569271094 0.821471028 59 62 72
1.07431215 0.763744151 2.01399178 57 57 57
0.461510549 0.771325967 1.99474549 32 32 32
3.26850108 0.666015234 1.22182625 61 64 74
0.996769058 0.7581331 1.01654751 0 0 0
0.938913346 0.75030846 1.90232512 57 57 57
2.03123369 0.530491838 1.09532477 130 130 130
1.94429896 -0.0782467358 0.897980672 0 0 0
1.16508298 0.769329768 0.891836036 6 20 42
0.945611093 0.770904322 0.894967551 9 11 13
0.983593096 0.754584979 1.94384714 0 0 0
-1.39091668 -1.93128141 0.747375941 8 8 8
-0.507736168 0.580453527 1.66699779 1 2 5
0.966620788 0.780882937 0.950182402 57 57 57
1.01236739 0.735213605 1.9838384 0 0 0
2.11066371 0.288940544 1.28849249 91 96 110
6.21916092 -0.0614729763 0.286809864 231 231 231
6.1885717 -0.0572539403 0.294791243 231 231 231
2.02965367 0.535896562 1.10089544 130 130 130
1.00483792 0.734675855 1.97511161 57 57 57
0.989405994 0.74623504 1.94941379 57 57 57
2.16563885 0.599659117 1.21959362 101 106 122
2.07852384 0.296436453 1.23933959 101 107 123
0.581466362 0.687583837 1.46026167 141 141 141
0.581466362 0.687583837 1.46026167 141 141 141
6.23447231 -0.0396372771 0.30215054 52 52 52
1.97908535 -0.0556141017 1.02165682 130 130 130
1.3970556 0.761374143 0.923623811 120 121 120
1.04766475 0.750948393 1.95834289 0 0 0
0.983899953 0.742535538 1.93639842 57 57 57
6.01287444 0.651444299 1.1228113 0 0 0
2.14238792 0.496680611 1.22718115 101 106 122
1.94603965 0.357298684 0.895597616 0 0 0
1.95661079 0.360816984 0.89190821 0 0 0
0.581219009 0.685613836 1.73406566 140 140 140
13.8130976 -0.0279184687 0.643157251 231 231 231
2.57443222 0.559722585 1.17175003 29 29 29
0.582938986 0.687776513 1.4613156 141 141 141
1.41931914 -0.278045176 1.22124943 63 67 77
1.860989 -0.111504697 0.864036211 130 130 130
0.681244969 0.70498803 1.59561341 0 0 0
3.96718361 -0.511829491 1.13533228 0 0 0
2.0080809 0.0892450041 1.10234388 130 130 130
5.42209068 2.713775 -0.457757216 0 0 0
1.63588775 0.749737611 0.918374797 124 124 124
0.416900021 0.739085501 1.97913422 231 231 231
0.416351808 0.73833889 1.97941193 231 231 231
2.65001227 0.283633267 1.32063883 61 64 74
5.93102551 -0.113612318 0.184035439 231 231 231
2.40949484 0.244414657 0.869417383 59 62 72
1.17360911 0.754913775 1.98343307 57 57 57
3.79105235 0.833279024 2.01490218 42 42 42
1.23221514 0.775338169 0.909125158 124 124 124
0.994528067 0.776651206 1.98664823 57 57 57
1.95732956 0.76834508 0.873856636 9 9 9
1.71217266 0.774733966 0.86963718 9 9 9
6.1899624 -1.09751894 0.293627418 231 231 231
2.70967691 -1.12965667 1.13953656 130 130 130
2.64975944 -1.06316485 0.985772512 130 130 130
2.66439376 -1.06599578 0.980868473 130 130 130
18.0135269 -11.5768366 -6.48202948 8 8 8
2.65256033 -0.875679189 0.866877596 59 62 72
1.99245134 -1.76571205 0.857976588 231 231 231
2.11160236 -1.84049652 0.506897134 231 231 231
2.11160236 -1.84049652 0.506897134 231 231 231
1.83578437 -1.50761281 0.690196183 130 130 130
6.16547444 -0.119900346 0.357087397 52 52 52
6.16077596 -0.122831855 0.357716832 52 52 52
6.18774496 -0.0223624984 0.295683974 231 231 231
2.65545511 -1.69525146 0.962944734 8 8 8
2.68704281 -1.75413754 0.919800188 8 8 8
0.495415209 -0.920892613 1.4943087 0 0 0
2.29518247 -1.69201743 0.922003435 8 8 8
1.57904519 -0.177190207 1.22964928 130 130 130
2.67951231 0.04996946 1.39456309 59 62 72
2.75639491 -0.901699916 1.29698431 102 107 123
2.77298343 -0.160408878 1.29248115 102 107 123
2.51702946 -1.67792214 0.973412901 8 8 8
2.03661043 -1.54920783 1.02833837 8 8 8
1.99146342 -1.75668958 0.911873918 8 8 8
2.64757326 -2.26480134 0.497646633 8 8 8
1.54474268 -1.70197226 0.476040346 231 231 231
6.11333152 -1.65481468 1.07007104 231 231 231
2.77759154 0.113128431 1.29175338 101 107 123
6.16769668 -0.470039331 0.275763011 25 25 25
2.12366743 -0.137653823 1.29729082 98 103 118
2.67107813 -1.69852702 0.947357678 231 231 231
3.05549691 -0.253790818 0.875108041 60 63 74
2.63140346 -0.951373577 0.932375288 0 0 0
2.44357318 -1.75321685 0.873650532 8 8 8
2.63352238 -0.924584661 0.88049179 59 62 72
2.19474034 -1.63754106 0.878498679 231 231 231
1.93572561 -1.40647595 0.769762874 0 0 0
2.00253847 -0.197453692 0.797346963 0 0 0
5.78303864 -1.61295246 1.17790489 231 231 231
6.0422271 -1.63889044 1.12083431 0 0 0
1.98938206 -1.67267809 0.922777885 231 231 231
1.9945506 0.0333955904 1.01512922 130 130 130
1.9945506 0.0333955904 1.01512922 130 130 130
2.33045678 -0.193844334 0.77699929 0 0 0
2.21810689 -0.188550074 0.83464893 0 0 0
2.21810689 -0.188550074 0.83464893 0 0 0
6.12420207 -1.67164573 1.00781249 0 0 0
2.96139062 0.126050787 1.28750343 100 105 121
2.71651659 -0.936846725 1.13096667 130 130 130
3.11507639 -1.45043433 1.32454938 68 72 83
2.90616209 -1.36940007 1.33215578 231 231 231
1.47972853 -1.6934156 1.54814348 130 130 130
2.92772626 0.146390065 1.3480597 89 93 107
1.48829299 -1.70154866 1.50643446 130 130 130
2.79533566 -0.137189481 1.32610988 102 107 123
1.7651565 -1.70735689 0.525988849 113 119 137
2.26787393 -0.823584931 0.810243002 0 0 0
4.77355177 -1.59033453 1.46986159 59 62 72
4.77650818 -1.59115198 1.46967881 59 62 72
2.66752183 -0.999614837 0.990199005 130 130 130
1.9605578 0.0428871006 0.927490146 130 130 130
6.15742048 -0.736936173 1.43350563 231 231 231
2.78376307 -1.65158501 1.26584027 59 62 72
2.65454686 -1.7027602 1.01681266 231 231 231
2.65249846 -0.856978055 0.826819938 111 116 133
5.14123768 -1.93024318 1.45800541 231 231 231
3.92317626 -1.62336747 1.15410018 59 62 72
1.99330076 -1.69143729 0.969832958 231 231 231
2.00477265 -0.227048017 0.807135967 0 0 0
2.18951603 -1.33999341 0.820533414 0 0 0
5.98260071 -0.685195118 1.41741595 231 231 231
2.64585525 -1.67068364 0.869524699 231 231 231
2.019508 -1.60257507 0.987405758 8 8 8
2.76589004 0.0880757847 1.37598966 59 62 72
2.3933017 -1.72463641 0.880360623 8 8 8
1.8996789 -1.26697673 0.503021425 0 0 0
6.23795015 0.956530417 1.36441646 67 71 82
6.24950522 -1.13961166 0.293423655 52 52 52
6.09721897 -1.04797814 0.315107321 231 231 231
6.19129382 -0.922748486 0.293757928 231 231 231
6.15141425 -0.0308601412 0.320411033 52 52 52
3.36923774 -0.812674519 0.823664704 59 62 72
2.47675331 -1.76499999 0.868746902 8 8 8
2.47675331 -1.76499999 0.868746902 8 8 8
2.44152786 -1.76883931 0.855661069 231 231 231
2.44152786 -1.76883931 0.855661069 231 231 231
2.45296793 -1.77437895 0.807082238 228 228 228
1.99706267 -1.34776428 0.952630779 113 119 137
1.96793425 0.0197328145 1.00665218 0 0 0
2.74744101 -1.34599885 1.29676479 102 107 123
6.19140242 -0.136334119 0.350856029 52 52 52
6.19140242 -0.136334119 0.350856029 52 52 52
2.05455862 -0.186958984 1.28093958 82 86 99
2.4786463 -1.72361547 0.92689223 8 8 8
2.64489772 -1.79921764 0.880838527 8 8 8
2.03294877 -1.53358693 1.03100878 231 231 231
2.60085455 -0.80698571 0.850384111 59 62 72
2.20244802 -1.63471606 0.882744272 231 231 231
1.98154905 -1.74859001 0.903161426 8 8 8
1.9893881 -1.75506096 0.859771498 8 8 8
1.98812717 -1.75421278 0.849953214 8 8 8
1.98812717 -1.75421278 0.849953214 8 8 8
0.699114982 -0.929622369 1.33379833 8 8 8
2.02476346 -1.78558793 0.637692609 8 8 8
2.02476346 -1.78558793 0.637692609 8 8 8
2.03666149 -1.78792993 0.584949079 231 231 231
1.85312588 -1.51522796 0.679880532 130 130 130
5.6718628 -1.41919005 1.4180618 0 0 0
5.69801684 -1.31123624 1.38611703 130 130 130
3.544388 -1.36332495 1.55589255 59 63 73
4.2380487 -1.63939326 1.46548469 231 231 231
5.79504903 -0.226428686 1.30324048 231 231 231
1.61653631 -1.7159917 1.64188627 130 130 130
5.6703825 -1.61652678 1.10188693 231 231 231
3.56925798 -1.7398198 1.17208924 231 231 231
2.86244128 -1.62436568 1.27244294 101 106 122
2.87334234 0.109415423 1.36946782 89 94 108
6.1641153 -0.297954769 0.275952025 25 25 25
1.5893368 -1.70372625 1.41541934 0 0 0
6.13786964 -0.252050662 0.188655701 25 25 25
2.09808782 -0.133095616 1.30843268 97 102 118
2.09808782 -0.133095616 1.30843268 97 102 118
2.66782414 -1.19226421 0.850116649 108 114 131
2.68628986 -0.909474798 0.844626147 109 114 131
2.0260443 -0.856112191 0.919609578 75 79 91
1.98623727 -0.0339946877 0.999472563 130 130 130
1.96522264 -0.23676058 0.759220628 61 64 74
2.8363366 -1.63700394 1.29323067 231 231 231
2.8363366 -1.63700394 1.29323067 231 231 231
2.62795306 -0.951599046 0.935002411 0 0 0
2.62783287 -0.951746165 0.935253873 0 0 0
3.06401361 -0.243658471 0.844905958 59 63 73
2.88307572 -1.57149122 1.28892614 59 62 72
2.88747191 -1.32820724 0.837820936 231 231 231
2.02085742 -1.30690403 0.928270096 79 83 96
5.27261884 -0.982215721 1.0862779 109 107 107
2.79830614 -0.137142576 1.32517376 102 107 123
2.71675836 -0.93693465 1.13083098 130 130 130
2.85630659 -1.32583604 0.812744492 231 231 231
2.87751578 -1.33602408 0.805784327 231 231 231
2.78032933 -1.30348131 0.811381054 0 0 0
2.23909695 -0.183378765 0.865650314 59 62 72
1.97272794 -0.223712125 0.793994165 117 123 141
5.23313299 -1.62509253 1.30181851 231 231 231
2.63301147 -0.938618894 0.915161694 130 130 130
1.99153276 -1.36046036 0.964848378 113 119 137
1.99959763 -0.207853365 0.801643269 0 0 0
1.90968064 -1.71872824 0.514119577 231 231 231
1.8675217 -1.37051305 0.562674089 59 62 72
1.8675217 -1.37051305 0.562674089 59 62 72
5.78797252 0.185180821 1.2719225 231 231 231
2.89146624 -1.61563703 1.32916722 59 62 72
2.74674254 -0.186140244 1.36931297 59 62 72
1.99508897 0.043500566 1.00629208 130 130 130
1.91221732 -0.880679849 0.518836806 59 62 72
2.82342122 0.0473656617 1.35440568 59 62 72
2.03789754 -1.80144978 0.561590956 8 8 8
1.99873068 -1.34879797 0.951456787 114 120 137
2.31480771 -0.819838464 0.845996537 59 62 72
1.94617017 -1.40906462 0.76603621 0 0 0
1.94571517 -0.24644367 0.797667359 0 0 0
2.6384717 0.0245907074 1.64813244 102 107 123
6.10251435 -1.03855145 0.334722403 52 52 52
2.44819967 -1.76320523 0.852722311 8 8 8
2.45146995 -1.78080692 0.822585652 8 8 8
5.64069617 -1.44131494 1.28722962 130 130 130
5.37260935 -1.12145881 1.03778125 231 231 231
2.78714279 -1.30611868 1.26540096 76 80 92
6.20328511 -0.955766313 0.308238909 52 52 52
2.56109729 -1.70303187 0.955301726 8 8 8
-1.29844432 -1.57664934 1.00775591 0 0 0
0.525656363 -0.937257376 1.48178669 0 0 0
2.63822056 -0.977452577 0.959359275 130 130 130
2.40300731 -1.75204431 0.877252141 8 8 8
2.40300731 -1.75204431 0.877252141 8 8 8
-0.999512367 -1.71709239 0.903969837 8 8 8
-0.967973685 -1.70397012 0.913545317 0 0 0
1.55819195 -1.0775617 1.27355308 0 0 0
5.90955961 0.175712023 1.29784145 231 231 231
2.74710613 -1.34851779 1.2994743 103 108 124
2.75775832 -0.901661981 1.29633612 104 110 126
6.17511695 -0.37971457 0.273100765 25 25 25
6.13053426 0.133572394 0.276817293 41 41 41
2.720034 -0.929790901 1.13625061 130 130 130
2.07636254 -0.176035489 1.28745997 95 100 115
2.08609682 -0.202415703 1.21348552 82 87 100
2.08609682 -0.202415703 1.21348552 82 87 100
2.01093619 -1.632585 0.944298087 113 119 137
1.93706973 -1.56790723 0.769105162 0 0 0
1.91458152 -1.5111693 0.718241563 0 0 0
3.89947685 -0.595108428 1.13205507 218 218 218
2.7793324 0.11380643 1.29130382 104 109 125
5.88331329 -0.727804662 0.158741718 231 231 231
2.06551559 -0.161506979 1.3007353 59 62 72
1.99688116 -0.085731565 1.04897792 0 0 0
1.99688116 -0.085731565 1.04897792 0 0 0
2.22174494 -0.177874436 0.840700734 0 0 0
1.95565335 0.0514977814 0.920263712 130 130 130
1.96481617 -0.242896201 0.792207918 0 0 0
2.86643 -1.61588612 1.35545368 231 231 231
2.82363981 -1.35872652 1.35497137 231 231 231
2.82667323 -0.899454282 1.34884921 102 107 123
2.78334268 -0.901634335 1.33997623 59 62 72
2.83250422 -1.33288281 1.30713253 59 62 72
2.77344355 -0.161957092 1.36520621 103 108 124
2.30985111 -0.827830766 0.841819456 59 62 72
3.07714061 0.140912602 1.35584465 59 62 72
1.60829764 -0.837771066 1.41748181 231 231 231
1.6024659 -0.835331312 1.41996214 231 231 231
2.63188892 -1.1040571 0.937243033 0 0 0
1.86712456 -1.56905477 0.595045176 130 130 130
1.93445448 -0.116361923 0.847005084 59 62 72
5.23600236 0.507198346 1.0304231 87 92 106
3.00671907 0.146383605 1.31180057 59 62 72
3.7959951 -1.00560073 0.916143094 59 62 72
3.33331879 -0.853187437 0.838124688 107 112 129
2.72332723 -1.13033188 1.13394536 81 81 81
1.96468133 0.00240864326 0.946316372 0 0 0
2.74643151 -0.161312729 1.29915285 102 107 123
2.64495132 -0.914517325 0.882079118 59 62 72
6.23566005 -1.14011953 0.277050134 231 231 231
2.05455862 -0.186958984 1.28093958 84 88 101
5.23236619 -0.699484892 1.18502896 231 231 231
6.2273718 -1.70747289 1.04745237 0 0 0
2.71953218 -0.927384121 1.13935732 130 130 130
2.7344351 -0.93075957 1.13458746 130 130 130
2.67379342 -0.870265878 0.860428256 59 62 72
0.93806972 -0.53765016 1.77493893 114 120 137
5.56747814 -1.14657161 0.920615839 231 231 231
5.24984898 -0.00518313681 0.813607922 59 62 72
6.18287566 -1.08282699 0.310680328 52 52 52
6.15290775 -1.13412993 0.297915746 231 231 231
2.88665142 0.212242914 1.14851126 5 5 5
5.56697039 -1.14277004 1.03068095 231 231 231
2.78101185 -1.63032375 1.28724893 103 109 125
2.00968306 -1.58878696 1.02614482 107 112 129
2.04656991 -1.54519707 1.00247685 111 117 134
2.03910083 -1.52465811 1.00746372 111 117 134
4.56709764 -1.62390475 1.48907386 59 63 73
5.74231137 -1.26645663 1.31570346 130 130 130
5.63970449 -1.25440314 1.21118275 130 130 130
2.80425467 -0.885409022 1.33845341 107 112 129
6.05530844 -1.11056238 0.297701061 41 41 41
6.19133393 -0.750726414 0.173563112 25 25 25
3.33703702 -0.873745872 0.868041766 107 113 129
2.69663294 -0.950135779 1.07787524 0 0 0
2.49237839 -1.64967405 0.993243037 8 8 8
-0.00604395489 0.0334033276 -0.00120326003 0 0 0
2.04397528 -1.56789232 1.0249986 231 231 231
2.3410114 -0.248382061 0.857934901 110 116 132
1.93548037 -1.5662054 0.771459284 0 0 0
1.91348419 -1.43610584 0.716713711 130 130 130
1.91348419 -1.43610584 0.716713711 130 130 130
-0.25664173 -1.71314003 1.03271238 130 130 130
4.1159269 -1.62425384 1.48039921 59 62 72
5.9365599 -1.17292276 1.31904487 0 0 0
5.66432716 0.155081913 1.34677515 0 0 0
2.71742294 -0.931744368 1.13487908 130 130 130
1.94641978 -0.0271123104 0.92720683 130 130 130
5.93410278 -0.214390967 1.38477075 0 0 0
5.26764501 -1.07435895 1.04583476 59 62 72
2.86678136 -1.37755264 1.34559506 231 231 231
2.86377701 -1.62604567 1.28778187 59 62 72
4.58319742 -1.69396466 1.49501862 231 231 231
5.42285072 -0.225371482 1.11099105 59 62 72
2.01816842 -1.15836624 0.9763944 0 0 0
2.50658094 -1.84331696 0.327757308 130 130 130
2.21614942 -0.178307151 0.84222664 0 0 0
2.21614942 -0.178307151 0.84222664 0 0 0
1.98931323 0.022790395 1.00000144 0 0 0
2.89446967 -1.36869865 1.32806228 231 231 231
3.68920603 -0.238939036 1.10767211 68 67 67
2.6587639 -1.25783692 0.876368248 0 0 0
3.34107412 -0.199853218 0.833416782 109 115 132
2.66560133 -1.69330128 0.954057303 230 230 230
1.98755084 0.0219279642 1.00087388 0 0 0
2.64479364 -1.00563878 0.975181925 0 0 0
2.64479364 -1.00563878 0.975181925 0 0 0
5.67509544 -1.30686521 1.38848889 130 130 130
2.48636308 -1.68416488 0.965718242 4 4 4
1.90719452 -1.47057263 0.710566603 0 0 0
1.94352413 -0.0786081411 0.898197896 0 0 0
2.92096484 -1.61540769 1.35055889 64 68 79
1.88684102 -1.43892105 0.650223721 130 130 130
9.05296298 -1.91803504 -0.266980661 103 109 125
-0.571361615 0.631071125 1.29905492 124 124 124
-0.492465582 0.584172626 1.31663579 0 0 0
-0.698148564 0.583363604 0.9049257 81 83 88
-0.938481284 0.581541044 1.62352669 9 26 57
-0.938481284 0.581541044 1.62352669 9 26 57
0.899994808 -1.61154138 1.44775115 0 0 0
-0.879216469 0.581292767 1.60788985 12 31 61
-0.445282456 0.581503327 1.61012533 7 10 21
1.58878852 0.767916297 0.892280833 8 21 43
1.99403344 0.769110656 0.889750166 9 9 9
-0.962450983 0.584231829 0.905998625 80 82 87
-0.788276477 0.584028586 0.905990204 84 86 91
-0.742674042 0.583135918 1.62351969 13 31 62
-0.201483998 0.761623268 1.96588804 57 57 57
0.622867067 0.703215112 1.52254219 0 0 0
0.622867067 0.703215112 1.52254219 0 0 0
-0.543392651 0.583023039 1.32215966 100 113 110
2.09111494 0.573157384 1.23414085 108 114 130
2.09111494 0.573157384 1.23414085 108 114 130
1.51013803 0.764386379 0.881370457 14 14 14
1.94835304 0.0883056019 0.922664715 130 130 130
-0.229366181 0.762317404 1.96726755 231 231 231
0.121181881 0.701506423 0.360563969 142 142 142
-0.118942303 0.766420417 0.889498122 29 30 30
0.803850193 0.770950582 0.852571112 29 30 30
1.94113494 0.0941389316 0.884750443 130 130 130
1.71153931 0.768085045 0.90645687 124 124 124
0.057526413 0.707532386 0.423248155 142 142 142
0.0872977148 0.708645158 0.357418161 142 142 142
0.0995801649 0.717702703 0.446256872 0 0 0
-0.190915337 0.685099619 -0.0272904138 87 81 78
-0.809215962 0.5827045 1.63065006 80 84 93
-0.965533444 0.5859756 1.28168348 122 122 122
-0.523977152 0.586547834 1.66047518 100 102 109
-0.721636422 0.584135344 0.960612996 124 124 124
-0.499314429 0.586352725 1.13056511 124 124 124
-0.759095286 0.584361327 0.957785958 122 122 122
-0.979651452 0.582675742 0.962090538 124 124 124
5.6646902 -1.37899391 1.30393755 130 130 130
4.4810317 0.540402177 1.26785109 83 87 100
1.96005755 0.0417762806 0.928210788 130 130 130
0.586729137 -0.5413314 1.72954112 0 0 0
0.586729137 -0.5413314 1.72954112 0 0 0
0.779685291 -0.528536069 1.78132438 0 0 0
1.07954 -0.703331082 1.65232424 0 0 0
1.08733339 0.76998545 1.96550166 57 57 57
2.93005588 0.550283959 1.3673589 99 104 119
2.84620634 0.312324002 1.2813341 95 100 114
0.81540976 0.719416044 1.45154372 140 140 140
0.538478242 0.772417868 1.94636645 0 0 0
0.538478242 0.772417868 1.94636645 0 0 0
2.13075312 0.581327345 1.22824978 100 105 121
1.93064651 0.628935369 0.975930595 9 9 9
1.93732142 0.702688902 0.921996784 9 9 9
1.9753185 0.385295361 0.962980393 130 130 130
1.97935711 -0.0547215776 1.00173944 130 130 130
1.97916846 -0.0548371564 1.00177131 130 130 130
1.96305592 0.166855318 0.813612605 0 0 0
0.602290145 0.707831645 1.74556386 140 140 140
0.742389824 0.726261839 1.5455662 140 140 140
0.744706904 0.72848901 1.54476895 140 140 140
1.99127844 0.323344141 1.10848366 130 130 130
2.01000673 0.329941997 1.10315659 130 130 130
2.06421891 -0.0970697336 1.08889793 130 130 130
1.99481897 0.051021457 1.01484643 130 130 130
0.312910273 -0.371041859 1.63189432 0 0 0
-0.187364899 0.761262177 2.01821332 57 57 57
-0.187364899 0.761262177 2.01821332 57 57 57
0.495802274 0.767295102 2.01621795 6 7 7
2.07882928 0.775607154 0.902300843 124 124 124
0.814084307 0.721986191 1.50608769 140 140 140
2.92754379 0.254398667 1.24258984 59 62 72
-0.091202177 -0.40582574 1.81681374 0 0 0
2.89674236 0.072588756 1.31019162 83 88 101
3.70412141 0.318670033 1.17948278 0 0 0
1.98237229 0.321012747 0.828290742 59 62 72
1.98237229 0.321012747 0.828290742 59 62 72
0.623032932 0.70565472 1.51996402 0 0 0
1.96356672 0.125322554 0.822237892 59 62 72
0.595275096 0.701533222 1.45935964 93 93 93
1.0189395 0.747713853 1.97658011 57 57 57
2.5298059 0.531669712 1.15211684 101 106 122
-0.56338663 0.58261181 1.67124343 22 31 30
-2.8577041 0.758441702 1.26834498 2 2 2
0.678870003 0.706547455 1.60415369 142 142 142
0.680138373 0.704846164 1.60512124 142 142 142
-0.568406687 0.581585729 1.64957913 45 48 51
-3.57821283 0.478127594 1.23503638 231 231 231
-1.06921591 -1.04939656 0.635268376 0 0 0
-0.507289788 0.580811169 1.69053245 6 11 29
-3.75024426 0.744740601 1.17484422 231 231 231
-1.8307352 0.59283511 1.23165865 19 26 41
-2.86883085 0.120403886 1.03582999 66 70 81
-1.22565706 0.599795371 1.1141046 179 179 179
-0.485364063 0.584719465 1.16154698 50 69 64
-1.41867158 0.595640218 1.34814235 42 53 51
-1.65791948 0.591198096 1.24788806 76 77 77
-2.97046306 0.612061739 1.07606832 95 100 115
-2.67963069 0.313910054 1.12084881 101 107 123
-0.74183958 0.578396727 1.29570063 123 123 123
-2.73917503 -0.141048348 1.05894979 72 76 87
-1.90241144 0.57895086 0.962137198 106 106 106
-2.11703692 0.620357675 0.586351462 5 5 5
-0.131540409 0.771233462 0.936550146 57 57 57
0.0632854229 0.702978448 0.444701664 143 143 143
0.0503902058 0.713292192 0.404278369 143 143 143
0.126705155 0.697321018 0.365505777 143 143 143
0.174820973 0.711086092 0.314536896 0 0 0
-0.747119168 0.58369121 1.31351207 100 106 111
0.110185864 0.712175826 0.379169166 0 0 0
-0.445238737 0.582501075 1.69474556 2 8 30
-1.51796901 0.60277238 1.29523861 14 17 18
-3.1302955 0.644092821 1.00864092 231 231 231
-0.57484017 0.582773985 1.3216562 124 124 124
-0.57719058 0.587020021 1.09466751 124 124 124
-0.681876246 0.585765661 0.977045427 124 124 124
-0.0231183312 0.761174961 0.919708767 9 11 14
1.22787089 0.772716389 0.910647357 123 123 124
1.13001503 0.766605322 0.853752494 0 0 0
-0.107736863 0.752850811 -0.048678629 231 231 231
-3.12646274 0.537835062 1.2967058 0 0 0
-3.16068345 0.0922326802 1.29061939 231 231 231
-3.14226638 0.143771324 1.0997173 73 77 88
-2.13991458 0.621599272 1.05385137 231 231 231
-1.03879928 0.589752506 1.18453449 0 0 0
-0.434362226 0.57400383 1.10663118 124 124 124
-2.39407686 0.631695999 0.628840756 112 118 135
-1.96105584 0.614591486 0.38669283 106 106 106
-2.36022709 -1.16094737 1.19732984 0 0 0
0.0244962382 0.720679548 0.450870812 0 0 0
-3.06712447 0.478245221 1.39779493 231 231 231
-3.07654092 0.482590385 1.39617001 231 231 231
-3.15508289 0.595910075 1.35634182 231 231 231
-3.15508289 0.595910075 1.35634182 231 231 231
-0.000864652143 0.730160338 0.251749544 143 143 143
0.155708591 0.704561363 0.343174487 0 0 0
-1.2743544 0.594552564 1.37780768 4 10 28
0.197987985 0.694726369 0.300073658 143 143 143
-0.00142272774 0.739095036 0.487409945 143 143 143
-3.24189935 0.717337413 1.11401548 231 231 231
-2.49190184 0.659003294 0.679619463 5 5 5
-3.33898652 -0.192689716 0.441175577 79 74 71
-2.55165125 -0.0309322892 0.773528429 0 0 0
-1.43314735 0.615378671 1.27776946 6 10 22
-0.762336672 0.582110415 1.63202984 62 67 81
-2.87134248 0.696533705 0.886436927 0 0 0
-1.01368677 0.586077893 1.16475925 122 123 123
-0.316754898 0.707380635 0.0283695573 231 231 231
-1.86490696 0.59296548 1.61711031 91 92 96
-5.34324237 -0.18107828 0.952204707 94 93 93
-1.23804446 0.590608967 1.14300476 0 0 0
-2.64173721 0.624642326 0.991101052 231 231 231
-3.09335912 -0.185386015 0.945557336 69 73 84
-3.07583843 0.2486666 0.778324271 0 0 0
0.0893925556 0.704507958 0.385086647 143 143 143
-1.27899074 0.579713589 1.06184175 142 142 142
-2.7648016 0.0603718629 1.11279288 102 107 122
-2.19939865 0.639761723 0.666512675 5 5 5
0.0632041902 0.728326325 0.443920377 0 0 0
0.1775254 0.701786563 0.472839041 0 0 0
-0.324563593 0.585299039 -0.00709513041 87 81 78
-2.52071094 -0.144526369 0.639983895 97 102 118
-0.418375127 0.58341016 1.55822687 111 112 115
-3.00962023 0.773751492 1.04095488 2 2 2
-2.96106338 0.255319103 0.763142346 0 0 0
-2.96106338 0.255319103 0.763142346 0 0 0
-1.11645472 0.602902104 1.36378209 120 121 121
-0.541829971 0.58391498 1.32656303 115 119 123
-1.98885632 0.613342101 -0.00551516489 106 106 106
-0.463134747 0.581826773 1.25934325 105 107 109
-1.19695625 0.58827318 1.07989331 152 152 152
-4.51436876 0.720566477 1.08823528 0 0 0
-3.09252218 0.466475 1.37030464 231 231 231
-4.95536741 0.0979481014 1.08649495 231 231 231
-1.66155867 0.593779298 1.15112777 62 64 66
-2.20550628 0.247121967 0.569950206 97 102 117
1.11704363 0.765881695 0.842971793 231 231 231
-1.50645471 0.593151614 1.23160422 70 75 75
1.2393628 0.766510506 0.919164867 124 124 124
1.24034576 0.764411716 0.920598441 124 124 124
1.26522999 0.769376069 0.892776385 120 122 121
-2.57353084 -0.0377897538 0.816410924 0 0 0
-2.54037291 0.102369675 0.633733814 63 66 76
0.499764703 0.767392601 0.844318133 29 30 30
1.22684156 0.763559954 0.89628191 6 20 42
1.22582044 0.766206935 0.894378896 6 20 42
0.999312125 0.76563358 1.03184586 57 57 57
0.302226145 0.74451606 0.931006784 9 11 14
0.525945668 0.765995388 0.863071534 9 11 14
0.582604014 0.765282255 0.866928869 9 11 14
0.548222538 0.771474844 0.844201951 29 30 30
0.819138538 0.760267224 0.852422629 29 30 30
1.254151 0.770349353 0.910326969 27 83 39
-3.15475614 0.548235963 1.29124922 0 0 0
-3.80272514 0.498165628 1.19013373 0 0 0
0.73564521 0.764645538 0.864408503 9 11 14
0.837678639 0.767597728 0.863754197 9 11 14
0.947770256 0.755420932 0.905164915 9 11 14
-3.07289193 0.230476475 0.816901337 111 117 134
0.320140517 0.74334849 0.880273703 29 30 30
0.628275441 0.766920557 0.907233232 9 11 14
-0.00957194631 0.767848246 0.86403693 29 30 30
0.86723963 0.771664658 0.849521048 29 30 30
0.963045057 0.749293734 0.871237813 29 30 30
1.14603286 0.778016912 0.845408955 231 231 231
0.504552055 0.785155145 0.94567179 57 57 57
0.975701993 0.720793236 0.980102007 57 57 57
0.190021849 0.693787873 0.534887771 143 143 143
0.633037169 0.713731082 1.47921603 142 142 142
-0.442181196 0.581411189 1.61938704 95 97 103
-0.263557185 0.732431828 1.45821839 57 57 57
-2.66496728 0.771747835 0.905645581 119 120 119
-2.66496728 0.771747835 0.905645581 119 120 119
0.149604723 0.763183341 0.846837994 27 29 28
1.01492931 0.749930068 1.0409579 57 57 57
1.11728341 0.765355099 0.842027012 231 231 231
1.35145387 0.814732618 0.881198359 28 83 39
-2.07298213 0.61429539 0.65224889 5 5 5
-2.12599894 0.63151092 0.634064605 5 5 5
0.0717357121 0.769993936 0.839348719 29 30 29
1.00054077 0.760020495 0.936032315 57 57 57
1.13444831 0.777902798 0.858100649 231 231 231
1.38434219 0.763886156 0.893175694 118 119 120
-0.0325148382 0.736460887 0.264351899 143 143 143
1.35853355 0.770524243 0.921938578 9 12 15
1.38135447 0.762976764 0.896452887 122 123 123
1.91693009e-05 -0.00699945009 0.00401029064 0 0 0
0.748739458 0.709704724 1.65221636 142 142 142
0.746883866 0.711126813 1.65199343 142 142 142
0.737596683 0.705541242 1.57726747 142 142 142
0.737596683 0.705541242 1.57726747 142 142 142
-2.76777241 0.660237864 0.909224941 5 5 5
-0.272433181 0.711730266 1.08408626 57 57 57
0.20508092 0.769905794 0.842857682 29 30 30
0.344019799 0.734261059 0.87133688 29 30 30
0.565039117 0.768072411 0.842580233 29 30 30
1.02901978 0.738555187 1.05002587 0 0 0
0.0632854229 0.702978448 0.444701664 143 143 143
0.0497766195 0.713813542 0.40377151 143 143 143
0.0921978472 0.702426545 0.38804667 143 143 143
0.135834008 0.713478366 0.404033917 143 143 143
0.135834008 0.713478366 0.404033917 143 143 143
0.00117161758 0.715685617 0.252922805 143 143 143
-2.84626709 0.505237135 1.10061098 103 108 124
-1.72631172 0.586050287 1.24263041 1 1 1
0.616697437 0.711182457 1.5180284 0 0 0
-1.14032658 -1.11290243 0.623013138 0 0 0
0.997481901 0.716057702 0.940590968 28 29 29
0.150488785 0.701601406 0.445854606 143 143 143
0.150858881 0.7013508 0.446277892 143 143 143
1.25232649 0.772411219 0.888371196 7 20 43
-3.14295823 0.432111469 1.29380025 0 0 0
0.0783923141 0.752998568 0.92120955 9 12 14
0.0377541029 0.716793503 0.321938622 0 0 0
-3.41604407 0.648070737 1.33120217 231 231 231
-3.41604407 0.648070737 1.33120217 231 231 231
0.133153292 0.767657204 0.910669311 9 11 14
0.103344134 0.771004304 0.852107221 29 30 30
0.994765095 0.740110578 1.08137237 0 0 0
0.170660725 0.698874417 0.395498081 0 0 0
0.661365157 0.715919874 1.55710308 142 142 142
0.635181164 0.771104568 0.855995946 29 30 30
-0.100349418 0.782325493 0.956634819 57 57 57
0.0900455159 0.10759277 0.0277592244 236 236 236
0.627840436 0.719285951 1.47794715 142 142 142
1.14834041 0.764115753 0.912050603 124 124 124
-1.18956213 0.585226767 1.1553226 167 167 167
-0.303468888 0.70199319 1.06756252 0 0 0
-1.36831344 0.58708476 1.05343531 0 0 0
-2.59462845 0.1946615 0.595443285 101 107 122
0.861348327 0.556768072 1.59987306 142 142 142
-3.31240823 0.397487902 1.27385722 0 0 0
-0.262374012 0.731798215 1.45825869 57 57 57
-1.61960369 0.597401381 1.16690146 63 66 67
-0.532277081 0.584660899 1.26572536 121 121 121
0.746725723 0.767083344 0.841281675 27 29 28
-3.21667996 0.62919977 1.25466368 231 231 231
-2.56952648 -0.0300119516 0.812923781 0 0 0
-2.56780242 -0.0297225434 0.814447116 0 0 0
-0.726420915 0.585716681 0.948180291 84 90 89
-0.279116016 0.721523948 0.877256611 231 231 231
0.0143886155 0.711992009 0.472461946 0 0 0
-2.81994844 0.278364038 1.04037853 72 76 87
-0.74292057 0.60105829 0.95173239 123 123 123
0.720631477 0.70604266 1.54973168 142 142 142
-3.00404275 0.248421236 0.991349025 95 99 114
0.614436635 0.700369787 1.45979196 142 142 142
0.614247353 0.700623335 1.46004038 142 142 142
-2.93848468 0.287009771 0.977497419 69 73 85
-1.90241144 0.57895086 0.962137198 106 106 106
-0.88125989 0.653982766 2.037844 158 158 158
-0.88125989 0.653982766 2.037844 158 158 158
-2.67218182 0.442379561 1.12703943 102 107 123
0.908730476 0.757348457 0.86981008 9 11 14
0.585386384 0.733724243 1.73780586 142 142 142
0.585386384 0.733724243 1.73780586 142 142 142
0.421746268 0.979070384 1.73208213 142 142 142
-3.09751337 0.526028969 1.39150567 0 0 0
-3.09751337 0.526028969 1.39150567 0 0 0
-0.404383646 0.55720126 1.20661442 124 124 124
-1.23706653 0.596951303 0.47956376 6 19 42
0.78522532 0.688724629 1.48675586 142 142 142
0.78522532 0.688724629 1.48675586 142 142 142
0.78016394 0.765353033 0.85962701 29 30 30
-0.684695939 0.581198794 1.09168523 95 96 100
-0.782544715 0.589551213 0.982995529 99 103 106
-0.783128996 0.589877425 0.982835901 99 103 106
1.01803315 0.746006055 1.04877618 57 57 57
-0.0166150624 0.00194421949 -0.0187547103 0 0 0
-0.967144065 0.579092903 1.34360147 111 117 121
-0.807055044 0.587492038 1.27489986 93 95 98
-0.807055044 0.587492038 1.27489986 93 95 98
0.572940758 0.765721949 0.842023695 29 29 29
-0.317699852 0.737382682 -0.0139781362 231 231 231
0.0109559647 -0.0232447567 0.000508461235 236 236 236
0.0109559647 -0.0232447567 0.000508461235 236 236 236
0.761121761 0.677461246 1.57908359 142 142 142
0.761121761 0.677461246 1.57908359 142 142 142
-2.77555415 0.101873088 1.08118535 66 70 81
-0.684478059 0.578676894 1.27895261 95 96 99
-0.995594552 -0.829992898 0.6332956 59 62 72
0.047170666 0.676499331 0.425502098 143 143 143
1.00332903 0.755765182 0.85172582 29 30 30
1.00219447 0.758012654 0.84971158 29 30 30
1.2931538 0.763470355 0.921554112 124 124 124
-0.0848192957 0.0820010177 -0.00687205489 0 0 0
-0.0882641978 -0.0693571926 0.00492036046 236 236 236
0.723864469 0.704889747 1.54896611 142 142 142
-2.68387522 -0.146246944 1.06919623 72 76 87
1.033238 0.74623663 1.0404437 57 57 57
1.14094979 0.765656767 0.86698016 231 231 231
-0.103340341 0.14408014 -0.0121595177 236 236 236
-0.0210714632 0.10925689 0.0864023629 236 236 236
-0.970132375 0.584081958 1.16990985 72 92 78
-0.970236172 0.584086766 1.16979312 72 92 78
-2.54504011 -0.00722290502 0.708955665 0 0 0
1.14313936 0.762791606 0.901158547 124 124 124
1.25221202 0.772885533 0.887642478 7 21 43
-0.968549845 0.586250351 1.13811827 91 98 95
-0.968549845 0.586250351 1.13811827 91 98 95
-2.54954055 -0.0323476332 0.711521617 0 0 0
0.0939845891 -0.137546404 -0.00250729219 236 236 236
-2.75947684 -0.124095895 1.07231678 72 76 87
0.172083259 0.723897197 0.248980585 143 143 143
0.183720009 0.715460751 0.26005014 143 143 143
-0.497230611 0.589049408 1.18871477 124 124 124
-0.0586187206 0.0178225649 -0.00208114902 0 0 0
1.26932964 0.788360737 0.883167361 124 124 124
-0.0462458603 0.0613476111 -0.00582367459 0 0 0
0.0531046235 0.0659536833 -0.00423340016 0 0 0
0.0854020576 0.109548912 0.0218933124 236 236 236
-0.0831216735 -0.111973615 -0.0382173321 236 236 236
-1.42661047 0.621812303 0.492155024 6 19 42
-1.38160512 0.609656812 0.513092848 6 19 42
-0.317096904 0.660135993 0.0409501155 157 157 157
0.654042063 0.706434627 1.54957618 141 141 141
-0.540766991 0.582203726 1.33576342 88 92 97
-0.00585826208 0.0338134733 -0.000780907988 0 0 0
0.65412564 0.706461993 1.54944412 141 141 141
-1.3675468 0.58782899 1.27380313 5 16 38
-2.55941793 0.624386262 0.632856741 0 0 0
0.728278099 0.769136239 0.909847841 9 11 14
-0.302889409 0.534027895 0.0494994378 87 81 78
0.470869609 0.787282613 1.94322543 57 57 57
-0.498525473 0.587047003 1.64817683 68 70 79
-0.940306351 0.5850339 1.27661148 101 102 104
-0.104065683 0.766187121 0.842240483 25 26 27
-0.811659309 0.582358931 1.52516334 73 79 91
-0.620878126 0.597064496 1.52118745 70 76 88
0.652086131 0.705000645 1.5961623 142 142 142
-1.36583203 0.59257128 1.31204959 63 65 67
-1.0088491 0.587863151 1.08704021 99 100 102
-0.923079066 0.579651451 1.09220548 97 98 101
-0.725644543 0.585440209 0.948397075 88 93 92
0.424629286 0.74653513 1.97790338 57 57 57
0.424668517 0.746491856 1.9784333 57 57 57
-0.752557558 0.582485702 1.52487184 72 78 90
-0.711561097 0.579491584 1.42876603 88 91 96
-0.976692668 0.584827586 1.35302623 81 102 87
-1.05915695 -1.12333001 0.833270556 0 0 0
0.518011163 0.766450899 0.923200843 11 21 13
0.599481278 -0.111366897 1.86219258 231 231 231
0.599481278 -0.111366897 1.86219258 231 231 231
0.787961319 0.700041278 1.68134652 0 0 0
-3.14886584 0.278624861 0.958354946 94 99 114
-3.02336758 0.256363111 0.98092968 94 99 114
-0.590448565 0.583212466 1.12045863 124 124 124
-1.27480097 0.581750349 0.454774254 106 106 106
0.749801479 0.771041722 0.841703379 29 30 30
1.11168728 0.765444784 1.89012943 156 156 156
1.11168728 0.765444784 1.89012943 156 156 156
0.344373394 0.72586084 1.89370191 57 57 57
-0.461580985 0.583674719 1.66295783 4 17 45
-0.43257351 0.569969779 1.58970811 19 35 63
-0.431339998 0.569431973 1.58977774 19 35 63
0.654371256 0.751678025 1.57704571 0 0 0
-0.450700784 0.56427794 1.70834868 3 9 33
0.265878999 0.745605086 1.87745931 57 57 57
-3.09085694 0.764610197 1.01169693 1 1 1
-0.53891581 0.575360171 1.68776439 4 10 28
1.01411613 0.743093797 1.99140375 57 57 57
0.484160716 0.753354435 2.01673618 57 57 57
0.987168965 0.738594318 1.94209525 0 0 0
0.987470083 0.738265643 1.94193156 0 0 0
0.986254869 0.729587402 1.94079796 0 0 0
0.981448039 0.734492003 1.94137302 0 0 0
-0.891844988 0.595695346 1.68594476 4 17 44
-1.62717753 0.586979137 1.6399673 13 24 45
-0.912028563 0.579607802 1.61575939 62 67 80
-0.898128384 0.587398566 1.61493917 58 64 79
-1.69121292 0.593806605 1.57520404 52 56 66
-0.980449943 0.591449531 1.60510558 30 40 64
-0.880655036 0.577720992 1.60739766 30 41 66
-0.854480532 0.582058983 1.59828508 55 62 78
-1.34741069 0.590866732 1.49752243 9 21 43
-1.30330685 0.569155711 1.44702927 2 2 2
-1.33574118 0.591487744 1.41159681 4 11 5
-1.44589865 0.592017874 1.35087201 18 31 24
-2.81290739 0.76563138 1.14278974 5 5 5
-1.20828425 0.581989445 1.18631139 0 0 0
-1.40102972 0.593740708 1.28986193 60 62 64
-1.56695269 0.587730301 1.21453624 33 36 37
-1.52240455 0.587898446 1.19159371 14 22 29
-1.56027037 0.588957353 1.17061174 8 13 26
-1.28794594 0.578139163 1.09850365 0 0 0
-0.779445568 0.596059645 1.08220799 98 99 102
0.988446451 0.74787545 1.0498097 57 57 57
0.367547648 0.773817515 2.01968607 57 57 57
-0.16856486 0.756177085 2.0170314 57 57 57
-1.04166628 0.59174257 1.63203233 46 51 67
-1.01404107 0.582643004 1.63422302 46 51 67
-0.639987358 0.584279646 1.63568045 10 28 57
-0.639879165 0.584229743 1.63565864 10 28 57
-0.775639253 0.574506677 1.6166488 60 67 81
-0.709241004 0.582693981 1.61506519 61 67 82
-0.940809808 0.585959034 1.59675321 60 65 80
-1.03754224 0.583948656 1.52437846 74 79 91
-1.36297832 0.585093797 1.49631833 80 81 85
-1.37422395 0.588899911 1.49544485 80 81 85
0.767212347 0.692335472 1.63412972 142 142 142
0.767212347 0.692335472 1.63412972 142 142 142
-1.55727046 0.586990074 1.19276962 68 71 72
-1.27469855 0.575485113 1.15398105 141 141 141
-0.269419125 0.723673461 1.95384994 0 0 0
-0.271087987 0.738223071 1.95369257 57 57 57
-0.268940358 0.737192913 1.95364782 57 57 57
-1.74151714 0.583139313 1.64432625 26 32 50
-0.498329231 0.582399369 1.66634965 0 0 0
-1.84102074 0.590522718 1.51632299 48 54 66
-1.84829573 0.592925814 1.45422832 47 54 66
-1.36637945 0.578997187 1.47407434 2 2 3
0.737382992 0.704933347 1.56890719 0 0 0
-0.976766957 0.584845701 1.35313026 76 100 82
-1.46342436 0.589801443 1.25253646 66 68 69
-0.978407944 -1.71732089 0.903696055 8 8 8
1.13746001 0.772292662 2.01825943 57 57 57
0.989096056 0.728209438 1.98077404 57 57 57
-0.198752627 0.767417681 2.00593933 0 0 0
0.312219316 0.751287787 1.89800875 57 57 57
-0.290975059 0.673189279 1.84975595 158 158 158
-1.32884432 0.586425077 1.73974169 13 25 47
-1.33596809 0.57509058 1.20239038 141 141 141
-1.3444969 0.577786376 1.20085964 141 141 141
1.0203635 0.757901376 1.96644074 57 57 57
1.10965585 0.767498994 1.93330117 231 231 231
1.10965585 0.767498994 1.93330117 231 231 231
-1.65802591 0.59536522 1.6149429 78 80 85
-3.17933417 0.130564875 1.30494311 99 105 120
-1.30929761 0.581341343 1.03129686 0 0 0
0.170444929 0.767525488 0.862819147 9 11 14
-0.950238955 0.701148909 1.87709574 57 57 57
-1.43491405 0.577411278 1.73447837 6 19 42
-1.27287873 0.591028422 1.71964454 110 116 111
-0.904895713 0.578584888 1.68867606 88 89 93
-1.16208824 0.653097275 1.61423585 40 47 67
0.0157609631 0.319092382 1.59080094 77 82 94
-0.567819633 0.582444993 1.52496947 72 78 90
-0.463892346 0.586221621 1.33867697 124 124 124
-1.1937609 0.575996607 0.504711425 6 19 42
0.99974408 0.77910998 2.01381785 57 57 57
0.977101836 0.732764498 1.9769164 57 57 57
0.977409724 0.732301654 1.97662082 57 57 57
1.06221989 0.758240506 1.95180116 0 0 0
-0.287702833 0.709596286 1.9979122 57 57 57
-0.280779632 0.705854557 1.99670327 57 57 57
0.338403127 0.726025337 1.89024711 57 57 57
-1.02863699 0.587967554 1.71671712 4 15 40
-0.957074977 0.594121272 1.61857669 48 55 72
-1.38220379 0.580817707 1.44925452 0 0 1
-0.264418795 0.727068867 1.48006343 0 0 0
-0.253889241 0.724015768 1.43512078 0 0 0
-2.52899262 0.638059985 0.648602644 0 0 0
-1.00235353 0.740742889 1.90120334 57 57 57
-1.72439234 0.600727416 1.60905818 60 62 71
-0.834462205 0.595801493 1.58588596 17 35 65
-1.12910537 0.592893205 1.5519726 110 112 113
0.638633327 0.711130478 1.61468861 0 0 0
0.972670522 0.724373671 1.9682218 57 57 57
-0.244386678 0.732396822 1.98834315 0 0 0
0.972387537 0.731209305 1.91602046 57 57 57
-0.456566288 0.566389997 1.70831011 3 9 33
-1.259532 0.586007488 0.509551172 6 19 42
0.974628163 0.734701378 1.047644 57 57 57
0.673875456 0.763577094 0.864171963 29 30 30
0.980572973 0.747807631 2.00137184 0 0 0
0.972838689 0.753490283 2.00526937 0 0 0
-0.92468045 0.63745747 2.01144179 158 158 158
-2.15487701 0.54783025 0.525414325 0 0 0
1.15462701 0.795453278 2.00217875 57 57 57
1.04482651 0.761769893 1.99228305 57 57 57
0.29872964 0.729282572 1.87686962 57 57 57
0.594581389 0.751299512 1.71750083 142 142 142
0.594581389 0.751299512 1.71750083 142 142 142
0.782017561 0.686817352 1.72147732 142 142 142
-0.58818715 0.583197808 1.52496836 69 75 87
-2.56208922 0.17264098 0.630433961 0 0 0
-0.291301609 0.673262989 1.84951836 158 158 158
-0.111957703 0.796588883 1.87191904 57 57 57
-1.51931583 0.592306735 1.35582276 2 3 3
0.650520036 0.631833572 1.99526122 57 57 57
-1.37653239 0.587870985 1.71924809 49 55 67
-1.38466301 0.590422558 1.71939066 49 55 67
-1.89990768 0.601556801 1.57509305 59 61 70
1.11773539 0.763091725 2.01883394 231 231 231
1.11782551 0.762995384 2.01877372 231 231 231
-0.919350718 0.668057267 1.87504485 158 158 158
2.33716516 0.288680587 0.973191959 0 0 0
-2.56858805 -0.0452638342 0.813512724 0 0 0
-1.98363323 0.604078317 0.661707124 106 106 106
-12.4172764 2.7389167 -0.207658565 0 0 0
-3.07697935 -0.188442542 0.947736746 69 73 84
-2.51871616 0.199773404 0.633114964 0 0 0
1.0861197 0.764909061 2.01583439 57 57 57
1.08552966 0.765203244 2.01551892 57 57 57
1.01447509 0.764366307 1.96760658 57 57 57
0.996796926 0.74856413 1.94237842 0 0 0
-1.37832558 0.613195014 2.04516533 106 106 106
-0.939265477 0.694789029 2.02061842 5 5 5
-1.81043166 0.600977159 1.7368242 6 19 42
-1.84019639 0.587995164 1.72216741 98 99 101
0.609709938 0.704495266 1.74447426 142 142 142
-1.04419575 0.587161035 1.58196928 8 27 56
-3.85210277 0.779829987 1.08699731 2 2 2
-2.58794582 -0.130622241 0.618602619 68 72 83
-2.25502639 -0.0883632691 0.536424672 0 0 0
1.083693 0.766265213 1.96597297 57 57 57
0.503177152 0.765131698 1.98373731 57 57 57
-1.17521681 0.579932086 1.19864502 141 141 141
-2.75068075 0.272118278 0.922437814 111 116 134
-1.91561824 0.600478616 1.00504329 6 19 42
-1.02185764 0.583772216 1.65836077 3 13 38
0.729746481 0.768808107 0.862356022 9 11 14
-0.857541665 0.613106139 2.05811985 5 5 5
-0.909034256 0.580807145 1.98778897 106 106 106
-0.280300554 0.736476707 1.92561634 0 0 0
0.752176735 0.704373186 1.69461605 142 142 142
0.792335207 0.711441278 1.69456367 142 142 142
-2.52033601 0.712716454 1.22635589 231 231 231
-2.4854685 0.704218873 1.23300894 231 231 231
0.00680793948 0.716951985 0.5269426 142 142 142
-0.000617727911 0.721107843 0.523083871 142 142 142
1.02557817 0.762873517 1.97243408 57 57 57
1.02557817 0.762873517 1.97243408 57 57 57
0.50190361 0.779281329 1.9752722 57 57 57
-2.4907268 0.70653128 1.14266174 231 231 231
0.32054355 0.727309197 1.88188981 57 57 57
1.0579804 0.773476944 1.93685093 7 8 8
-0.933784712 0.640642733 2.01364597 158 158 158
-1.93255183 0.632568829 1.49834419 7 20 43
-2.39485553 -0.199338873 0.590662545 113 119 136
-2.17240703 0.750351127 1.95349978 231 231 231
-0.670441822 0.582348112 1.518414 72 84 105
-2.63771162 0.0772983315 0.0587663701 0 0 0
-3.16087683 0.247832468 0.953445017 99 104 120
0.781633379 0.703382306 1.52251402 0 0 0
0.780538926 0.70426864 1.52244206 0 0 0
-1.27227104 0.60332299 1.66924027 8 20 43
0.822232632 0.76750647 0.843733901 29 30 30
0.436710871 0.765222848 2.01376527 231 231 231
0.622644423 0.705335879 1.68211216 0 0 0
0.437517562 0.765008688 2.01193147 231 231 231
-3.16303351 0.247793072 0.952566097 99 105 120
0.470035518 0.762729934 2.01845982 57 57 57
-0.155604599 0.749574776 2.01614098 57 57 57
-0.675914475 0.585743409 1.63309081 45 53 72
-1.03751441 0.589501218 1.59700412 46 53 70
-2.94271896 0.266532623 0.990756623 92 97 111
-0.757389133 0.588166469 1.12982927 101 106 112
-0.757389133 0.588166469 1.12982927 101 106 112
-0.580511429 0.577257559 1.67838268 47 49 54
-2.79681085 -0.186086198 0.917747216 112 117 135
-0.271478107 0.679643165 0.928744645 231 231 231
0.987368986 0.742006486 1.05516012 0 0 0
1.26822948 0.769172334 0.90418837 29 83 39
0.0352437735 0.694269914 0.314328435 142 142 142
0.556342513 0.698902027 2.00516014 8 8 8
1.13982865 0.769468235 2.01775686 57 57 57
-1.05560409 -0.0931724282 1.53626856 0 0 0
-1.95872098 0.596683815 1.74339172 106 106 106
-1.82434651 0.567385129 1.60570478 7 19 42
-2.52091417 -0.120044026 0.80064017 228 228 228
1.23211143 0.769994903 0.914496639 123 123 123
-1.2358677 0.576703449 1.07352455 0 0 0
-1.36116985 0.612292829 2.03989738 106 106 106
-2.85399018 0.746327669 1.90296594 231 231 231
-2.4125495 0.326436739 1.16432558 95 100 115
-2.62402763 -0.00635231412 1.1331695 103 108 124
0.900195629 0.769464211 0.861015626 9 11 14
-0.687366509 0.575669338 1.62448627 45 52 73
-1.7918766 0.560510894 1.44773206 7 20 43
-1.89355672 0.591075812 0.425462402 106 106 106
1.03243673 0.749414864 1.04710591 57 57 57
0.989747078 0.745822784 1.89850195 0 0 0
-2.4600421 0.785625138 2.00238604 231 231 231
-2.4600421 0.785625138 2.00238604 231 231 231
-2.4764779 0.737901716 1.95018411 6 6 6
-2.51787581 0.74876203 1.95058663 6 6 6
-1.91900856 0.716648587 1.89290751 231 231 231
-0.829685436 0.588355905 1.71468573 5 19 46
-1.2743924 0.597656613 1.2769881 6 19 42
-2.99017364 0.764512741 1.03616532 2 2 2
0.99638253 0.750655142 1.9708424 0 0 0
-2.27689783 0.638426834 1.06088905 231 231 231
1.22281239 0.75689507 0.914488414 124 124 124
-2.90285608 0.78022718 1.88886307 231 231 231
-2.7707217 0.223236378 0.961283467 84 89 102
-0.258138649 0.677737077 1.97536739 57 57 57
-0.259905722 0.678669563 1.97581786 57 57 57
-2.7926385 0.316810075 0.859255743 112 118 135
1.11331146 0.767062282 2.04161142 5 5 5
-0.810449239 0.590921776 1.08603673 88 89 94
-2.66808978 -0.161922404 1.10736624 103 108 124
-2.55689254 0.171477947 0.631979796 0 0 0
-0.111957703 0.796588883 1.87191904 57 57 57
-0.880604169 0.588744619 1.59454036 49 56 75
-3.16830747 -0.198646726 0.9491279 99 104 120
-0.510145481 0.581370593 1.16990738 121 121 121
-0.298679565 0.684395812 -0.000378643636 158 158 158
-0.298679565 0.684395812 -0.000378643636 158 158 158
0.84188473 1.63463182 0.306610475 27 83 39
-4.59339689 0.647769872 1.21157907 98 103 118
-0.759270682 0.586969837 1.35066479 94 98 102
-1.20961361 0.577064303 1.13172272 0 0 0
-0.678679596 0.574320346 1.09515267 102 103 105
-2.5708324 -0.0452185856 0.81180307 0 0 0
-1.90352907 0.579705365 0.612855501 105 105 105
-0.947597671 -0.955075471 0.825132343 197 197 197
-0.947597671 -0.955075471 0.825132343 197 197 197
-4.03521515 0.884985524 2.47627566 231 231 231
-3.80246963 0.8400648 2.45494436 231 231 231
0.990448225 0.780064657 2.02011945 57 57 57
-1.41358941 0.622738668 2.0486734 106 106 106
-2.68372548 -0.0911172999 1.32364059 0 0 0
-2.1355006 -1.03016239 1.2480019 41 41 41
-0.997531797 0.595323254 0.966430642 43 92 55
-2.50345104 -0.120283449 0.73095828 228 228 228
0.847814264 0.769972528 0.841971469 29 30 30
2.00225216 0.762077233 2.01636624 57 57 57
6.21323445 -0.242076451 0.26384849 0 0 0
-4.15180508 0.75418529 2.42517383 231 231 231
1.01743142 0.761221404 1.96684291 57 57 57
1.1123938 0.764127127 1.90579372 231 231 231
-0.957785856 0.623558636 1.87259339 158 158 158
-0.552730134 0.585637244 1.6609171 87 90 95
-4.63404501 0.661878725 1.1700209 231 231 231
-5.42068575 -0.601247486 0.994881733 147 147 147
-0.980432917 0.588552879 1.31702619 106 111 116
-2.37563284 -0.942593887 1.22289212 214 214 214
-2.56842157 -0.0650572229 0.849300684 0 0 0
1.15235455 0.772545433 0.889729904 6 20 42
-0.195583054 0.723825207 -0.000665149785 39 37 37
-2.98346662 0.742368084 2.41787732 231 231 231
-2.98346662 0.742368084 2.41787732 231 231 231
-1.79388147 0.683142329 1.99087464 231 231 231
-3.94560612 0.758217758 1.99917009 231 231 231
-3.94881551 0.758908859 1.99808094 231 231 231
-3.00568239 0.0596356026 1.35162458 98 103 118
-1.55967199 0.593287468 1.36752006 0 1 2
0.212770229 0.698880024 0.507969763 142 142 142
-2.68748182 0.649778542 0.957410364 231 231 231
-3.46869068 0.768817249 1.90401258 231 231 231
-3.45695168 0.765729186 1.90292665 231 231 231
0.69390314 0.704724424 1.55775387 142 142 142
-1.1780825 0.586263451 1.71523502 73 75 80
-3.20501829 0.885745129 -0.184018176 5 5 5
-3.87862146 0.647458674 2.69313431 231 231 231
-3.87862146 0.647458674 2.69313431 231 231 231
-3.67818582 0.761194036 1.85961308 231 231 231
0.0333102035 0.722240801 0.505928928 142 142 142
1.98842815 0.765251304 2.0321666 5 5 5
0.501642987 0.785918999 1.90708965 57 57 57
-2.18552987 0.534240009 0.503666331 0 0 0
-0.300557275 0.654122958 0.90690492 158 158 158
0.379191398 0.765283943 2.0185208 57 57 57
-2.91453001 0.719530896 1.00026216 207 207 207
-2.68919538 0.0714875381 0.0157187476 0 0 0
0.679485834 0.706212237 1.5765895 0 0 0
-0.781082877 0.593710152 1.42324386 98 100 103
-2.52082011 -0.0980997109 0.713416502 0 0 0
-2.47145117 0.771883107 2.01937441 231 231 231
0.987720696 0.74653697 1.93551033 57 57 57
-1.06744217 0.601479396 1.61413885 52 57 72
1.2360139 0.769182127 0.917351456 119 121 120
1.23994466 0.776354791 0.868420114 9 9 9
-4.14772913 0.688564445 1.24838942 98 103 118
-3.15466323 -0.0826391466 1.2801545 231 231 231
-2.59127652 0.310174643 1.13415998 100 106 122
1.01892202 0.760279285 1.03220877 57 57 57
2.40297467 -0.136543303 1.53613451 7 22 42
1.98525511 0.74251947 2.02235938 5 5 5
-3.571711 0.726078876 1.9430627 2 2 2
-3.58071209 0.722929484 1.9406849 2 2 2
-0.958099751 0.623640857 1.87242716 158 158 158
0.573501004 0.728193261 1.74174137 142 142 142
-4.9673017 0.671500075 1.23110964 0 0 0
-4.80281489 0.682267649 1.24512786 231 231 231
0.0497682679 0.335656677 1.58693777 80 86 97
-2.17386524 0.294163613 1.38924024 231 231 231
-2.66593029 -0.90649277 1.2103086 67 67 67
1.97903246 0.785141761 2.01054145 9 9 9
-1.0232542 0.584427141 1.71744146 4 19 41
-0.928877929 0.585762932 1.6857471 89 89 93
-4.13081683 0.686602057 1.20382381 231 231 231
-1.60235602 0.595862584 1.28580768 57 62 59
1.22825783 0.768650586 0.913955992 124 124 124
1.22825783 0.768650586 0.913955992 124 124 124
2.06881748 0.292178894 1.29371673 57 57 57
1.39826354 0.766732411 0.901895518 6 20 42
1.39826354 0.766732411 0.901895518 6 20 42
2.08005329 0.104447355 1.3100012 116 122 140
-4.59422115 0.769619051 1.92576057 231 231 231
-2.84794979 -0.0336613268 1.31795674 231 231 231
1.28057402 0.775218508 0.899999638 124 124 124
-0.323895253 0.584471451 1.79147825 106 106 106
-1.02081273 0.55489848 1.1685038 108 109 111
-2.12448625 0.564485502 0.547542497 0 0 0
-4.22558268 0.712915725 2.45926546 231 231 231
-4.34983629 0.85288707 2.61567282 2 2 2
0.307526918 0.715262194 1.86325019 57 57 57
0.307526918 0.715262194 1.86325019 57 57 57
0.950456774 0.733951316 0.97664006 57 57 57
2.07691833 0.570002377 1.22778095 112 118 135
-1.77586231 0.622288005 1.69406963 6 19 42
0.544958198 0.787858124 0.965786934 57 57 57
1.03555292 0.752877558 1.90850526 0 0 0
1.03555292 0.752877558 1.90850526 0 0 0
2.09119137 0.519743845 1.30696073 118 124 142
0.720479222 0.70676889 1.54943188 141 141 141
0.720974399 0.705391988 1.5800679 0 0 0
0.76885472 0.782671912 0.937284892 57 57 57
1.24020752 0.764975825 0.888750506 11 37 41
0.499000081 0.770750642 0.935619016 57 57 57
-2.55849573 0.621356479 0.71220057 102 107 123
0.745959025 0.665235895 1.60755907 0 0 0
-2.08892351 0.632815605 0.588156521 105 105 105
-1.02250815 -1.21843601 0.616109512 61 64 74
1.17397341 0.770539243 0.892461301 119 120 121
-3.46030901 0.598601098 2.58142025 117 117 117
-4.10712343 0.680986227 1.2528199 98 103 118
-3.13699336 -1.59613197 1.25874239 4 5 7
2.11354604 0.544484699 1.3113378 110 116 133
1.25779286 0.763458547 0.893310567 7 22 42
2.07648655 0.256418656 1.24587322 9 9 9
2.23000914 0.0633402721 1.40280925 27 83 39
1.42590835 0.756295126 0.925543667 124 124 124
1.08713794 0.759019506 1.9660227 57 57 57
-2.51851193 0.761862787 1.94399105 6 6 6
-1.63393232 0.594247431 1.32580399 0 1 3
-2.55933199 0.308182795 1.13785275 98 104 119
-2.52900817 -0.109832323 1.14669422 100 105 121
-2.534322 -0.107343026 1.14322957 100 105 121
-0.482446697 0.595913959 1.14209077 123 123 123
-2.57459485 0.0484623854 0.788329835 0 0 0
-2.57459485 0.0484623854 0.788329835 0 0 0
0.783779279 0.705893388 1.68182352 0 0 0
2.07942637 0.292164835 1.2999425 115 121 139
0.0978636931 0.135732492 0.000729554107 235 235 235
0.0978636931 0.135732492 0.000729554107 235 235 235
-4.79584118 0.739795332 1.271933 0 0 0
1.14249355 0.776268413 0.905119757 124 124 124
2.07416747 0.120152644 1.24284802 5 5 5
2.07628289 0.252113309 1.2117883 93 98 113
2.10747831 0.126465018 1.24325206 59 62 72
2.11317377 0.250220271 1.19840215 104 110 126
-4.72094035 0.595798553 2.70010339 5 5 5
-4.72094035 0.595798553 2.70010339 5 5 5
0.492891387 0.776255804 1.92700915 57 57 57
0.568292176 0.777450715 1.75961115 57 57 57
2.07410897 0.24724643 1.23928029 231 231 231
-3.92515833 0.311537326 1.16728337 231 231 231
-4.22677957 0.713398821 2.45857814 231 231 231
-2.11706977 0.671787086 0.293124279 105 105 105
0.483798526 0.799245745 1.33171831 57 57 57
-1.10138742 -1.49143186 0.402952917 231 231 231
2.10716007 0.327640505 1.27195559 57 57 57
2.10716007 0.327640505 1.27195559 57 57 57
-0.245831934 0.733643454 1.01529293 0 0 0
2.11023769 0.220012431 1.31593786 57 57 57
2.09760278 0.265069716 1.19962209 104 110 126
-1.22142143 0.585483973 1.02292827 0 0 0
-0.972006939 -1.16715737 0.734044527 40 42 49
1.03049313 0.751544991 1.04704186 57 57 57
1.02898964 0.753938133 1.03613117 57 57 57
2.31584761 -0.443255048 1.80292682 231 231 231
-0.959445077 0.58093225 0.909379236 96 97 100
1.39947741 0.773499275 0.916407167 123 123 123
1.39947741 0.773499275 0.916407167 123 123 123
0.990505496 0.744500167 1.948767 57 57 57
-0.613386066 0.587991311 1.67734159 46 48 54
-3.38369308 0.676365921 1.06713693 0 0 0
-3.64681178 0.728630659 0.950425729 0 0 0
-1.77530208 0.553642176 0.520699405 105 105 105
-1.90300681 0.580163949 0.482215073 105 105 105
0.0837186371 0.708607667 0.385915613 142 142 142
1.40676024 0.768187254 0.918428099 123 123 123
-2.97141625 0.765911247 1.91579798 231 231 231
1.16208719 0.782385911 0.864239049 9 9 9
1.51104678 0.667933765 0.947175341 9 9 9
-0.497104538 0.576722218 1.27896387 104 105 107
-1.30452397 0.579355192 1.03282854 0 0 0
-2.21461551 -0.0605982437 0.543413771 0 0 0
1.14067272 0.771613161 0.86060128 231 231 231
1.14803767 0.76583948 0.866148914 231 231 231
0.0777995756 0.719852037 0.339515949 142 142 142
-0.0500968514 0.740814387 0.255077254 142 142 142
-0.0500968514 0.740814387 0.255077254 142 142 142
-0.794059204 0.58662942 1.52366154 0 0 0
-2.38613723 -0.0559851353 1.16273941 99 104 120
-1.92469647 0.59549527 1.84120062 106 106 106
-1.92469647 0.59549527 1.84120062 106 106 106
-2.77439657 0.16368198 0.911609228 110 116 133
-2.66904919 0.744114765 0.00520624456 1 1 1
1.98368701 0.781253242 1.21115131 9 9 9
-0.283948605 0.658071882 1.84099611 158 158 158
-0.283948605 0.658071882 1.84099611 158 158 158
0.186437099 0.700977506 0.292505449 142 142 142
-1.0569679 0.614448606 1.48992265 91 97 108
-1.56765576 0.592156935 1.09128136 6 19 42
0.989441395 0.750882676 1.02298731 0 0 0
1.21645622 0.759884569 0.880502449 9 9 9
0.7454399 0.705950545 1.58667419 140 140 140
-2.88043085 0.763757365 1.01680078 2 2 2
1.23465103 0.757896388 0.881415955 9 9 9
0.74536822 0.705932635 1.5869117 140 140 140
-8.53818492 1.8150186 0.286652795 0 0 0
-5.31430879 -0.870731366 1.06269686 200 200 200
-2.63807538 0.0484365389 0.0104589892 0 0 0
-2.57320745 -0.0375583323 0.816277273 0 0 0
-0.746577953 0.586267757 0.903670816 81 83 88
-0.294777097 0.698029925 0.935124513 4 4 4
1.14085057 0.780505991 0.864724744 9 9 9
1.02961554 0.734147409 1.99591018 0 0 0
1.02155315 0.744882792 1.98630848 0 0 0
0.990213468 0.741717072 1.95097595 57 57 57
-0.618637399 0.58621174 1.67367893 52 53 59
-1.33081739 0.566152068 1.42701082 4 4 4
-1.51811685 0.584321381 1.23671294 24 33 29
0.597788645 0.712596622 1.45328069 142 142 142
-0.809681963 0.581409208 1.63250169 55 61 77
0.79477867 0.696108565 1.51921106 0 0 0
0.79477867 0.696108565 1.51921106 0 0 0
-2.66083521 0.299847579 1.07235003 72 76 87
-0.0230635557 0.78094882 0.833788568 29 30 30
1.01938702 0.736879282 2.00133343 57 57 57
-1.4830133 0.592371454 1.35367079 75 77 76
-2.49011184 0.779051451 2.01580488 231 231 231
-2.07261898 0.625435365 1.85046779 106 106 106
-4.44305156 0.628371326 1.18725842 231 231 231
-3.0904812 0.291153575 0.96808454 92 97 111
-3.55748533 0.680634486 1.00388363 103 108 124
-2.85399018 0.746327669 1.90296594 231 231 231
-1.41239357 0.634295759 0.473545502 6 19 42
-2.2940864 0.626546188 1.05540135 231 231 231
0.987781847 0.745993758 1.93656122 57 57 57
0.622146031 0.705873497 1.51926272 0 0 0
0.62224467 0.730114427 1.52435614 0 0 0
0.495800412 0.770178463 1.98471213 57 57 57
-2.19856989 0.302542251 0.616204487 68 71 81
0.787961319 0.700041278 1.68134652 0 0 0
