marker_id,frame_i,frame_j,frame_gap,metric_translation_m,colmap_translation_raw,scale_ratio,area_i_px,area_j_px,center_i_norm,center_j_norm,dist_i_m,dist_j_m,pair_quality
7,73,77,4,0.18186920985492183,0.2523281387135906,0.7207646788111713,12111.0,14678.0,0.8311967308515705,0.33158733033840354,2.0798271181879926,1.92708896287878,13332.863833400535
7,73,78,5,0.19301568070794792,0.2687446561215534,0.7182121627774686,12111.0,16190.0,0.8311967308515705,0.4276021100743766,2.0798271181879926,1.9204220030435577,14002.752943617908
7,73,79,6,0.21224907750420305,0.2853305793041086,0.7438707692034142,12111.0,18364.5,0.8311967308515705,0.5915141214379706,2.0798271181879926,1.905534873499421,14913.499237268228
7,73,80,7,0.2324849711584605,0.30318057578713253,0.7668201386413738,12111.0,21466.0,0.8311967308515705,0.7956262580088934,2.0798271181879926,1.8933202541785914,16123.731764079927
7,74,78,4,0.12164231635897867,0.16025989324076273,0.7590315574229927,12405.0,16190.0,0.6239832233773435,0.4276021100743766,2.0145939883216233,1.9204220030435577,14171.695381992939
2,5,12,7,0.9806938000313411,1.2882986086530777,0.7612317466186361,4932.5,9949.5,0.5750420293309286,0.3018705976941536,3.2664376360254885,2.3716234432095384,7005.41995529176
2,5,13,8,1.0409626859422172,1.356743529931745,0.7672508937592545,4932.5,10853.5,0.5750420293309286,0.25605474032813835,3.2664376360254885,2.3124546476967405,7316.753976320374
2,5,14,9,1.0708783364305343,1.424108216646905,0.7519641582800087,4932.5,11923.0,0.5750420293309286,0.3103561477195187,3.2664376360254885,2.2732437942332435,7668.780704910006
2,5,15,10,1.0958931088325639,1.4923801901860905,0.7343256872740404,4932.5,13393.0,0.5750420293309286,0.43473652978997274,3.2664376360254885,2.230669389447948,8127.790136316267
2,5,16,11,1.1483356586263895,1.4923801901860918,0.7694658949360607,4932.5,15298.0,0.5750420293309286,0.5932124108544016,3.2664376360254885,2.1895759286667866,8686.621034671653
2,5,17,12,1.1787194109836538,1.6274389833639573,0.724278712156207,4932.5,17955.0,0.5750420293309286,0.7721566487492776,3.2664376360254885,2.1384672863690604,9410.79367003655
2,6,12,6,0.8257160577603967,1.1044738063924788,0.7476103579653164,5680.0,9949.5,0.5214689123955094,0.3018705976941536,3.1153535021450476,2.3716234432095384,7517.523528396835
2,6,13,7,0.9211449480859917,1.1729159465791088,0.7853460861987385,5680.0,10853.5,0.5214689123955094,0.25605474032813835,3.1153535021450476,2.3124546476967405,7851.616394093639
2,6,14,8,0.9539720998833267,1.2402834846449633,0.7691564966346427,5680.0,11923.0,0.5214689123955094,0.3103561477195187,3.1153535021450476,2.2732437942332435,8229.376647110035
2,6,15,9,0.985541012297975,1.308554375217628,0.7531525101003677,5680.0,13393.0,0.5214689123955094,0.43473652978997274,3.1153535021450476,2.230669389447948,8721.9401511361
2,6,17,11,1.1071558551414327,1.4436144263431088,0.7669332163339653,5680.0,17955.0,0.5214689123955094,0.7721566487492776,3.1153535021450476,2.1384672863690604,10098.732593746603
2,7,12,5,0.6852798008825219,0.9185869408366308,0.746015178768362,6126.0,9949.5,0.46942026757616245,0.3018705976941536,3.0090296565743215,2.3716234432095384,7807.088894075691
2,7,13,6,0.7724036378716731,0.9870253543687224,0.7825570381276414,6126.0,10853.5,0.46942026757616245,0.25605474032813835,3.0090296565743215,2.3124546476967405,8154.05058851121
2,7,14,7,0.8086744019931998,1.054396269131898,0.7669549159719571,6126.0,11923.0,0.46942026757616245,0.3103561477195187,3.0090296565743215,2.2732437942332435,8546.361682025867
2,7,15,8,0.8476638122592988,1.122665662917909,0.755045638481669,6126.0,13393.0,0.46942026757616245,0.43473652978997274,3.0090296565743215,2.230669389447948,9057.89810055291
2,7,17,10,0.9701510664334706,1.2577269400101625,0.7713526963377534,6126.0,17955.0,0.46942026757616245,0.7721566487492776,3.0090296565743215,2.1384672863690604,10487.722822424323
2,8,12,4,0.5308835763224069,0.7337726378823477,0.7234987364131288,6697.5,9949.5,0.42195326370433706,0.3018705976941536,2.86451210256686,2.3716234432095384,8163.135197336866
2,8,13,5,0.6228158215770477,0.8022076406986184,0.7763773242481913,6697.5,10853.5,0.42195326370433706,0.25605474032813835,2.86451210256686,2.3124546476967405,8525.920258247786
2,8,14,6,0.6562540141405273,0.869581180027264,0.7546782626090778,6697.5,11923.0,0.42195326370433706,0.3103561477195187,2.86451210256686,2.2732437942332435,8936.122900900591
2,8,15,7,0.6885169459151262,0.9378491109393614,0.7341446911705222,6697.5,13393.0,0.42195326370433706,0.43473652978997274,2.86451210256686,2.230669389447948,9470.988200816217
2,8,17,9,0.8074202501266959,1.0729111420046438,0.7525509042790808,6697.5,17955.0,0.42195326370433706,0.7721566487492776,2.86451210256686,2.1384672863690604,10966.020814315465
2,10,13,3,0.3236691039819638,0.4369380042135887,0.740766655362266,8153.0,10853.5,0.34448582561615665,0.25605474032813835,2.6037795060192948,2.3124546476967405,9406.837167720083
2,10,17,7,0.5118572884796655,0.7076347409515962,0.7233354425071644,8153.0,17955.0,0.34448582561615665,0.7721566487492776,2.6037795060192948,2.1384672863690604,12099.054301886574
2,11,17,6,0.38411523296468825,0.5236300970145675,0.733562175197126,9005.5,17955.0,0.3176907546903545,0.7721566487492776,2.4853110704789465,2.1384672863690604,12715.885832296544
2,12,15,3,0.16282647730494604,0.20408262968733307,0.7978458409439649,9949.5,13393.0,0.3018705976941536,0.43473652978997274,2.3716234432095384,2.230669389447948,11543.554630182161
2,13,17,4,0.2034467847609162,0.2707075794438983,0.7515370835897808,10853.5,17955.0,0.25605474032813835,0.7721566487492776,2.3124546476967405,2.1384672863690604,13959.749012786728
1,5,8,3,0.42193323792503185,0.5545520745571751,0.7608541330621781,4313.0,7962.5,0.7382180719380318,0.6576505825749169,1.9992375479538684,1.6204384366846982,5860.227171364605
1,5,9,4,0.5665873518834748,0.7374001074463233,0.768358108660457,4313.0,10068.5,0.7382180719380318,0.6520839752337704,1.9992375479538684,1.4949478018815967,6589.798213906098
1,5,10,5,0.7081486822537542,0.919805890372805,0.7698892664915807,4313.0,12810.0,0.7382180719380318,0.6625111974866932,1.9992375479538684,1.3735044467888102,7433.0027579706975
1,5,11,6,0.8480779763130444,1.103813398158964,0.7683164362088217,4313.0,16669.5,0.7382180719380318,0.692712319083749,1.9992375479538684,1.260341500071575,8479.12457155808
1,5,12,7,0.9887708056798382,1.2882986086530777,0.7675012602191683,4313.0,21945.0,0.7382180719380318,0.7483031311163783,1.9992375479538684,1.1518804363816666,9728.760712444315
1,5,13,8,1.0415048554457274,1.356743529931745,0.7676505046595825,4313.0,23818.0,0.7382180719380318,0.646454196083165,1.9992375479538684,1.1176426516889995,10135.434573810833
1,5,14,9,1.0952817752380835,1.424108216646905,0.7691001023903571,4313.0,26152.5,0.7382180719380318,0.5629244400979975,1.9992375479538684,1.079781895461559,10620.533531795849
1,5,15,10,1.1415475814916045,1.4923801901860905,0.7649174044244454,4313.0,28928.5,0.7382180719380318,0.5017562350006404,1.9992375479538684,1.0457665296870127,11169.987488802304
1,5,17,12,1.2481434955251083,1.6274389833639573,0.7669371990494933,4313.0,36655.5,0.7382180719380318,0.4632309866130039,1.9992375479538684,0.9763835182296084,12573.590239068553
1,5,18,13,1.2984554196251437,1.6954796465675073,0.7658336814917609,4313.0,41384.0,0.7382180719380318,0.485661669320812,1.9992375479538684,0.9480984838420985,13359.984730530196
1,5,19,14,1.349930008063502,1.7641350922354806,0.7652078426448026,4313.0,46913.5,0.7382180719380318,0.5247060520174499,1.9992375479538684,0.9177593466114856,14224.55361338274
1,5,20,15,1.4063312175793574,1.832023506510761,0.7676381949147751,4313.0,52972.0,0.7382180719380318,0.5765931515920979,1.9992375479538684,0.8908682122064067,15115.165761578666
1,5,21,16,1.456512537262702,1.8986944664387702,0.7671126466147902,4313.0,59560.0,0.7382180719380318,0.6314742565195229,1.9992375479538684,0.8662907463314155,16027.547535415391
1,5,22,17,1.5056881978273184,1.968669441415521,0.7648253008614245,4313.0,66218.5,0.7382180719380318,0.6851254684037732,1.9992375479538684,0.845062643453838,16899.715692874837
1,5,23,18,1.5582185431686923,2.041115375210113,0.7634152199790709,4313.0,72550.0,0.7382180719380318,0.733252760964065,1.9992375479538684,0.8265402102959577,17689.209988012466
1,5,24,19,1.6073368918133435,2.108708164730189,0.7622377143965787,4313.0,79106.0,0.7382180719380318,0.7754549163792793,1.9992375479538684,0.8097129645900101,18471.17153837298
1,5,25,20,1.6517725269348085,2.178407185951682,0.7582478324469893,4313.0,77887.5,0.7382180719380318,0.8064958047771514,1.9992375479538684,0.822817150377797,18328.360196700633
1,5,32,27,2.0200700868335173,2.6512059065421973,0.7619438693346036,4313.0,83990.0,0.7382180719380318,0.7499080371413146,1.9992375479538684,0.7978421055799779,19032.83662515916
1,5,33,28,2.0709267300094703,2.719409398105547,0.7615354758471319,4313.0,80163.0,0.7382180719380318,0.7262922715063486,1.9992375479538684,0.8129537421816819,18594.166262567407
1,5,34,29,2.1232260258466003,2.7894416365939994,0.7611652446828497,4313.0,76523.5,0.7382180719380318,0.7096810450092355,1.9992375479538684,0.8268857988647812,18167.1642118411
1,5,35,30,2.1711132973031146,2.856880163153672,0.7599595269360025,4313.0,72460.5,0.7382180719380318,0.7049016664906992,1.9992375479538684,0.8468715933601857,17678.29563334656
1,5,36,31,2.2268008063065725,2.9260399593038997,0.7610288435146063,4313.0,69535.0,0.7382180719380318,0.7185896802235187,1.9992375479538684,0.8674457317147722,17317.74970947438
1,5,37,32,2.2951145774410793,2.9943271282261077,0.7664875877475504,4313.0,61138.0,0.7382180719380318,0.7544005729097295,1.9992375479538684,0.9296178743472746,16238.478808065736
1,7,10,3,0.42992458400275185,0.550093272815671,0.7815485214028675,6422.5,12810.0,0.6755730512052984,0.6625111974866932,1.7478322272751372,1.3735044467888102,9070.403794760186
1,7,11,4,0.5697735161435011,0.7340972210600485,0.7761553916805989,6422.5,16669.5,0.6755730512052984,0.692712319083749,1.7478322272751372,1.260341500071575,10346.973651749578
1,7,12,5,0.7104648565122259,0.9185869408366308,0.773432350197738,6422.5,21945.0,0.6755730512052984,0.7483031311163783,1.7478322272751372,1.1518804363816666,11871.889592646994
1,7,13,6,0.7631462405157482,0.9870253543687224,0.7731779504325278,6422.5,23818.0,0.6755730512052984,0.646454196083165,1.7478322272751372,1.1176426516889995,12368.148810553663
1,7,14,7,0.8169493436959464,1.054396269131898,0.7748029537021734,6422.5,26152.5,0.6755730512052984,0.5629244400979975,1.7478322272751372,1.079781895461559,12960.109229863767
1,7,15,8,0.8632050617020499,1.122665662917909,0.7688888065379165,6422.5,28928.5,0.6755730512052984,0.5017562350006404,1.7478322272751372,1.0457665296870127,13630.601279840886
1,7,17,10,0.9698204087464518,1.2577269400101625,0.7710897953244252,6422.5,36655.5,0.6755730512052984,0.4632309866130039,1.7478322272751372,0.9763835182296084,15343.4008208741
1,7,18,11,1.0201088907786806,1.3257683637852569,0.7694473021411711,6422.5,41384.0,0.6755730512052984,0.485661669320812,1.7478322272751372,0.9480984838420985,16303.028553002046
1,7,19,12,1.0715883720281048,1.394421864251101,0.7684821928718253,6422.5,46913.5,0.6755730512052984,0.5247060520174499,1.7478322272751372,0.9177593466114856,17358.051553961926
1,7,20,13,1.1280001013036922,1.462315567224407,0.7713793975706129,6422.5,52972.0,0.6755730512052984,0.5765931515920979,1.7478322272751372,0.8908682122064067,18444.854838138468
1,7,21,14,1.178170829801856,1.5289852462128142,0.7705573567306159,6422.5,59560.0,0.6755730512052984,0.6314742565195229,1.7478322272751372,0.8662907463314155,19558.22333444426
1,7,22,15,1.2273377742319451,1.5989749471719332,0.7675778638075015,6422.5,66218.5,0.6755730512052984,0.6851254684037732,1.7478322272751372,0.845062643453838,20622.51963873474
1,7,23,16,1.2798745118147696,1.6714172583922746,0.7657420703229262,6422.5,72550.0,0.6755730512052984,0.733252760964065,1.7478322272751372,0.8265402102959577,21585.930023976267
1,7,24,17,1.3289795792870498,1.7390149530612304,0.764214003420508,6422.5,79106.0,0.6755730512052984,0.7754549163792793,1.7478322272751372,0.8097129645900101,22540.148291437657
1,7,25,18,1.3734323659817287,1.8087134648508716,0.7593421471515214,6422.5,77887.5,0.6755730512052984,0.8064958047771514,1.7478322272751372,0.822817150377797,22365.877330209965
1,7,32,25,1.7416914215876873,2.2814906485316833,0.7634006401510351,6422.5,83990.0,0.6755730512052984,0.7499080371413146,1.7478322272751372,0.7978421055799779,23225.54143610004
1,7,33,26,1.7925356908161592,2.349695728622368,0.7628799205704506,6422.5,80163.0,0.6755730512052984,0.7262922715063486,1.7478322272751372,0.8129537421816819,22690.23727288897
1,7,34,27,1.8448485116128244,2.419725083230662,0.7624207082028098,6422.5,76523.5,0.6755730512052984,0.7096810450092355,1.7478322272751372,0.8268857988647812,22169.171810196247
1,7,35,28,1.8927454890058246,2.4871612542890063,0.7610063423679762,6422.5,72460.5,0.6755730512052984,0.7049016664906992,1.7478322272751372,0.8468715933601857,21572.61136835316
1,7,36,29,1.9484345738564528,2.5563227304122766,0.7622021080030903,6422.5,69535.0,0.6755730512052984,0.7185896802235187,1.7478322272751372,0.8674457317147722,21132.64151733048
1,7,37,30,2.0167422963135295,2.6246090885481443,0.768397208221637,6422.5,61138.0,0.6755730512052984,0.7544005729097295,1.7478322272751372,0.9296178743472746,19815.620227487205
1,8,11,3,0.4261979550886322,0.5492817687752796,0.7759186255879483,7962.5,16669.5,0.6576505825749169,0.692712319083749,1.6204384366846982,1.260341500071575,11520.889451340117
1,8,12,4,0.5668916652864571,0.7337726378823477,0.7725712789216213,7962.5,21945.0,0.6576505825749169,0.7483031311163783,1.6204384366846982,1.1518804363816666,13218.814716153638
1,8,13,5,0.6195831014300764,0.8022076406986184,0.7723475444468471,7962.5,23818.0,0.6576505825749169,0.646454196083165,1.6204384366846982,1.1176426516889995,13771.377019020283
1,8,14,6,0.6733694257739956,0.869581180027264,0.7743606246778287,7962.5,26152.5,0.6576505825749169,0.5629244400979975,1.6204384366846982,1.079781895461559,14430.49830220703
1,8,15,7,0.7196409288989982,0.9378491109393614,0.7673312481772221,7962.5,28928.5,0.6576505825749169,0.5017562350006404,1.6204384366846982,1.0457665296870127,15177.061021488977
1,8,17,9,0.8262475120033799,1.0729111420046438,0.7700987338612275,7962.5,36655.5,0.6576505825749169,0.4632309866130039,1.6204384366846982,0.9763835182296084,17084.186218547256
1,8,18,10,0.876545901770199,1.140952478109042,0.7682580287856884,7962.5,41384.0,0.6576505825749169,0.485661669320812,1.6204384366846982,0.9480984838420985,18152.688506113907
1,8,19,11,0.928028157423693,1.2096055124372969,0.7672155491039067,7962.5,46913.5,0.6576505825749169,0.5247060520174499,1.6204384366846982,0.9177593466114856,19327.409131852102
1,8,20,12,0.9844262436705814,1.2775015616491807,0.7705871156820693,7962.5,52972.0,0.6576505825749169,0.5765931515920979,1.6204384366846982,0.8908682122064067,20537.515672544232
1,8,21,13,1.0346065346497653,1.3441705105032038,0.7696988786507821,7962.5,59560.0,0.6576505825749169,0.6314742565195229,1.6204384366846982,0.8662907463314155,21777.201381261093
1,8,22,14,1.0837811854208135,1.4141718646257897,0.7663716218167003,7962.5,66218.5,0.6576505825749169,0.6851254684037732,1.6204384366846982,0.845062643453838,22962.247412873156
1,8,23,15,1.136310301746186,1.48660535281052,0.7643658080457739,7962.5,72550.0,0.6576505825749169,0.733252760964065,1.6204384366846982,0.8265402102959577,24034.96151442727
1,8,24,16,1.1854288490177822,1.5542055152710008,0.7627233576063354,7962.5,79106.0,0.6576505825749169,0.7754549163792793,1.6204384366846982,0.8097129645900101,25097.44060656385
1,8,25,17,1.2298720154227742,1.623904750648577,0.757354773998642,7962.5,77887.5,0.6576505825749169,0.8064958047771514,1.6204384366846982,0.822817150377797,24903.397735048122
1,8,32,24,1.5981524937669356,2.096672037174788,0.7622329412664869,7962.5,83990.0,0.6576505825749169,0.7499080371413146,1.6204384366846982,0.7978421055799779,25860.595024090224
1,8,33,25,1.6490056482587507,2.1648780025362657,0.7617083486121878,7962.5,80163.0,0.6576505825749169,0.7262922715063486,1.6204384366846982,0.8129537421816819,25264.557932012187
1,8,34,26,1.7013084865303076,2.2349061277943676,0.7612438237883985,7962.5,76523.5,0.6576505825749169,0.7096810450092355,1.6204384366846982,0.8268857988647812,24684.374992087607
1,8,35,27,1.749192616968763,2.302341654168319,0.7597450247238083,7962.5,72460.5,0.6576505825749169,0.7049016664906992,1.6204384366846982,0.8468715933601857,24020.131790854106
1,8,36,28,1.8048843327331987,2.3715036475225135,0.761071708499687,7962.5,69535.0,0.6576505825749169,0.7185896802235187,1.6204384366846982,0.8674457317147722,23530.245164468644
1,8,37,29,1.873202328243428,2.4397898729388423,0.7677719909489857,7962.5,61138.0,0.6576505825749169,0.7544005729097295,1.6204384366846982,0.9296178743472746,22063.801236414365
1,9,12,3,0.42222725621986884,0.5509171098394167,0.7664079562585036,10068.5,21945.0,0.6520839752337704,0.7483031311163783,1.4949478018815967,1.1518804363816666,14864.49570284845
1,9,13,4,0.47492235727871335,0.6193517389688454,0.7668055603903017,10068.5,23818.0,0.6520839752337704,0.646454196083165,1.4949478018815967,1.1176426516889995,15485.849443927835
1,9,14,5,0.5286986955840276,0.6867254044721711,0.7698837004441309,10068.5,26152.5,0.6520839752337704,0.5629244400979975,1.4949478018815967,1.079781895461559,16227.02826305544
1,9,15,6,0.5749770689928889,0.7549932028831827,0.7615658880068792,10068.5,28928.5,0.6520839752337704,0.5017562350006404,1.4949478018815967,1.0457665296870127,17066.53457061509
1,9,17,8,0.6815781896053357,0.8900552820530735,0.7657706249809026,10068.5,36655.5,0.6520839752337704,0.4632309866130039,1.4949478018815967,0.9763835182296084,19211.087989752166
1,9,18,9,0.7318813042518332,0.9580969790889744,0.7638906292636024,10068.5,41384.0,0.6520839752337704,0.485661669320812,1.4949478018815967,0.9480984838420985,20412.613845365322
1,9,19,10,0.7833647449196002,1.0267494067224203,0.762956121319076,10068.5,46913.5,0.6520839752337704,0.5247060520174499,1.4949478018815967,0.9177593466114856,21733.581728514055
1,9,20,11,0.8397557867611164,1.0946456054363591,0.7671485479781048,10068.5,52972.0,0.6520839752337704,0.5765931515920979,1.4949478018815967,0.8908682122064067,23094.34090854294
1,9,21,12,0.889940280691247,1.161314427569944,0.7663215573352096,10068.5,59560.0,0.6520839752337704,0.6314742565195229,1.4949478018815967,0.8662907463314155,24488.36172552178
1,9,22,13,0.939118783657773,1.2313215676912117,0.7626917356922991,10068.5,66218.5,0.6520839752337704,0.6851254684037732,1.4949478018815967,0.845062643453838,25820.94047957975
1,9,23,14,0.9916437529871603,1.3037582111553887,0.7606040326360568,10068.5,72550.0,0.6520839752337704,0.733252760964065,1.4949478018815967,0.8265402102959577,27027.20250044388
1,9,24,15,1.0407692160100337,1.3713650634302206,0.7589293644441681,10068.5,79106.0,0.6520839752337704,0.7754549163792793,1.4949478018815967,0.8097129645900101,28221.955300793743
1,9,25,16,1.0852322526608926,1.441070371757335,0.7530737387498223,10068.5,77887.5,0.6520839752337704,0.8064958047771514,1.4949478018815967,0.822817150377797,28003.75499375039
1,9,32,23,1.453498415277971,1.9138174873424438,0.7594759818483638,10068.5,83990.0,0.6520839752337704,0.7499080371413146,1.4949478018815967,0.7978421055799779,29080.1188959055
1,9,33,24,1.5043572068926578,1.9820223635231784,0.7590011266162312,10068.5,80163.0,0.6520839752337704,0.7262922715063486,1.4949478018815967,0.8129537421816819,28409.877956443248
1,9,34,25,1.5566534339650446,2.052051419938531,0.7585840290550194,10068.5,76523.5,0.6520839752337704,0.7096810450092355,1.4949478018815967,0.8268857988647812,27757.46493738216
1,9,35,26,1.6045311327737573,2.119487273904646,0.757037398869489,10068.5,72460.5,0.6520839752337704,0.7049016664906992,1.4949478018815967,0.8468715933601857,27010.526545219367
1,9,36,27,1.6602234461719811,2.188648769211793,0.7585609301623504,10068.5,69535.0,0.6520839752337704,0.7185896802235187,1.4949478018815967,0.8674457317147722,26459.651311005593
1,9,37,28,1.7285682753082798,2.2569349115005664,0.7658919477474023,10068.5,61138.0,0.6520839752337704,0.7544005729097295,1.4949478018815967,0.9296178743472746,24810.641930429774
1,10,13,3,0.33345104820805094,0.4369380042135887,0.7631541431334269,12810.0,23818.0,0.6625111974866932,0.646454196083165,1.3735044467888102,1.1176426516889995,17467.35755631057
1,10,14,4,0.3871783426058373,0.5043038828899116,0.7677480894795281,12810.0,26152.5,0.6625111974866932,0.5629244400979975,1.3735044467888102,1.079781895461559,18303.37468883812
1,10,15,5,0.4334479628220958,0.5725746719849422,0.7570156069241827,12810.0,28928.5,0.6625111974866932,0.5017562350006404,1.3735044467888102,1.0457665296870127,19250.300906739096
1,10,17,7,0.5400142730400382,0.7076347409515962,0.7631257226204733,12810.0,36655.5,0.6625111974866932,0.4632309866130039,1.3735044467888102,0.9763835182296084,21669.262908553213
1,10,18,8,0.5903463698211235,0.7756759867159776,0.761073412006095,12810.0,41384.0,0.6625111974866932,0.485661669320812,1.3735044467888102,0.9480984838420985,23024.531265587146
1,10,19,9,0.6418179963310756,0.844330525502555,0.7601501745410167,12810.0,46913.5,0.6625111974866932,0.5247060520174499,1.3735044467888102,0.9177593466114856,24514.524980101083
1,10,20,10,0.6982005022680519,0.9122232027821512,0.7653834063183654,12810.0,52972.0,0.6625111974866932,0.5765931515920979,1.3735044467888102,0.8908682122064067,26049.40152863401
1,10,21,11,0.7483911873340806,0.9788929730437255,0.764528102604585,12810.0,59560.0,0.6625111974866932,0.6314742565195229,1.3735044467888102,0.8662907463314155,27621.795741768856
1,10,22,12,0.7975774678767633,1.0489099903051073,0.7603869495463226,12810.0,66218.5,0.6625111974866932,0.6851254684037732,1.3735044467888102,0.845062643453838,29124.886008360616
1,10,23,13,0.8500952896377983,1.121339260719532,0.7581071308359577,12810.0,72550.0,0.6625111974866932,0.733252760964065,1.3735044467888102,0.8265402102959577,30485.49655163911
1,10,24,14,0.8992330416160454,1.1889540526958875,0.7563227860463441,12810.0,79106.0,0.6625111974866932,0.7754549163792793,1.3735044467888102,0.8097129645900101,31833.12520001767
1,10,25,15,0.9438023530402934,1.258671021874129,0.749840376586247,12810.0,77887.5,0.6625111974866932,0.8064958047771514,1.3735044467888102,0.822817150377797,31587.00484376447
1,10,32,22,1.3119810265851555,1.7314018135150668,0.7577565278862627,12810.0,83990.0,0.6625111974866932,0.7499080371413146,1.3735044467888102,0.7978421055799779,32801.096018273536
1,10,33,23,1.3628576153160004,1.7996048507267208,0.7573093697572819,12810.0,80163.0,0.6625111974866932,0.7262922715063486,1.3735044467888102,0.8129537421816819,32045.09369622751
1,10,34,24,1.4151324788829494,1.869636721580278,0.7569023771028808,12810.0,76523.5,0.6625111974866932,0.7096810450092355,1.3735044467888102,0.8268857988647812,31309.200484841513
1,10,35,25,1.4630013827549093,1.9370749055112242,0.7552631953428773,12810.0,72460.5,0.6625111974866932,0.7049016664906992,1.3735044467888102,0.8468715933601857,30466.686807068472
1,10,36,26,1.518687873004368,2.0062345626578946,0.7569842037774406,12810.0,69535.0,0.6625111974866932,0.7185896802235187,1.3735044467888102,0.8674457317147722,29845.323754317025
1,10,37,27,1.5871405603185151,2.074521410272036,0.7650634755851424,12810.0,61138.0,0.6625111974866932,0.7544005729097295,1.3735044467888102,0.9296178743472746,27985.31364841209
1,11,14,3,0.2472582183326275,0.32029980369207967,0.7719586945808099,16669.5,26152.5,0.692712319083749,0.5629244400979975,1.260341500071575,1.079781895461559,20879.394118364642
1,11,15,4,0.29347912709863955,0.38856880442501324,0.7552822659886885,16669.5,28928.5,0.692712319083749,0.5017562350006404,1.260341500071575,1.0457665296870127,21959.59086025967
1,11,17,6,0.4000674947895248,0.5236300970145675,0.7640269286858712,16669.5,36655.5,0.692712319083749,0.4632309866130039,1.260341500071575,0.9763835182296084,24718.99790141178
1,11,18,7,0.45038540224345436,0.591672412328932,0.7612073722867256,16669.5,41384.0,0.692712319083749,0.485661669320812,1.260341500071575,0.9480984838420985,26265.00691033604
1,11,19,8,0.5018547505920339,0.6603246490608576,0.7600121414607095,16669.5,46913.5,0.692712319083749,0.5247060520174499,1.260341500071575,0.9177593466114856,27964.702541775765
1,11,20,9,0.5582621976730953,0.7282198451033773,0.7666121727207873,16669.5,52972.0,0.692712319083749,0.5765931515920979,1.260341500071575,0.8908682122064067,29715.597823365424
1,11,21,10,0.608437494297345,0.7948887613605762,0.7654372836469712,16669.5,59560.0,0.692712319083749,0.6314742565195229,1.260341500071575,0.8662907463314155,31509.291010747926
1,11,22,11,0.657614956795879,0.8649189084740221,0.7603197829911132,16669.5,66218.5,0.692712319083749,0.6851254684037732,1.260341500071575,0.845062643453838,33223.92640477642
1,11,23,12,0.7101444665014632,0.9373535921459585,0.757605744994984,16669.5,72550.0,0.692712319083749,0.733252760964065,1.260341500071575,0.8265402102959577,34776.029459959915
1,11,24,13,0.7592667266426616,1.0049791960013372,0.7555049195681572,16669.5,79106.0,0.692712319083749,0.7754549163792793,1.260341500071575,0.8097129645900101,36313.323546599255
1,11,25,14,0.8039564923340836,1.074703046851421,0.7480731488474431,16669.5,77887.5,0.692712319083749,0.8064958047771514,1.260341500071575,0.822817150377797,36032.56417811533
1,11,32,21,1.172012093227378,1.5473970314857697,0.7574087770493155,16669.5,83990.0,0.692712319083749,0.7499080371413146,1.260341500071575,0.7978421055799779,37417.52670874974
1,11,33,22,1.2228841984569032,1.6155991783949528,0.7569230133378753,16669.5,80163.0,0.692712319083749,0.7262922715063486,1.260341500071575,0.8129537421816819,36555.12451763774
1,11,34,23,1.2751655088304807,1.6856311325483144,0.7564914317302046,16669.5,76523.5,0.692712319083749,0.7096810450092355,1.260341500071575,0.8268857988647812,35715.66159614015
1,11,35,24,1.3230483902469539,1.7530687108546228,0.7547042406580666,16669.5,72460.5,0.692712319083749,0.7049016664906992,1.260341500071575,0.8468715933601857,34754.572429394095
1,11,36,25,1.3787310097068595,1.8222284197766647,0.7566181027271208,16669.5,69535.0,0.692712319083749,0.7185896802235187,1.260341500071575,0.8674457317147722,34045.758656549275
1,11,37,26,1.4472486403736875,1.8905147879228361,0.7655315100517261,16669.5,61138.0,0.692712319083749,0.7544005729097295,1.260341500071575,0.9296178743472746,31923.97047674365
1,12,15,3,0.15281625047288536,0.20408262968733307,0.7487959690984436,21945.0,28928.5,0.7483031311163783,0.5017562350006404,1.1518804363816666,1.0457665296870127,25195.950716335352
1,12,17,5,0.25937968511265036,0.33914075894987455,0.764814249740436,21945.0,36655.5,0.7483031311163783,0.4632309866130039,1.1518804363816666,0.9763835182296084,28362.033557204602
1,12,18,6,0.3097088667858521,0.40718295632802154,0.7606135324985324,21945.0,41384.0,0.7483031311163783,0.485661669320812,1.1518804363816666,0.9480984838420985,30135.8902307531
1,12,19,7,0.36116911871921775,0.4758365649494688,0.7590192627537397,21945.0,46913.5,0.7483031311163783,0.5247060520174499,1.1518804363816666,0.9177593466114856,32086.083548791055
1,12,20,8,0.4175803164495477,0.5437294801286879,0.7679927826438917,21945.0,52972.0,0.7483031311163783,0.5765931515920979,1.1518804363816666,0.8908682122064067,34095.02221732668
1,12,21,9,0.46775178054438826,0.6103988107662214,0.7663051963637164,21945.0,59560.0,0.7483031311163783,0.6314742565195229,1.1518804363816666,0.8662907463314155,36153.06626000068
1,12,22,10,0.5169304495127202,0.6804532492238325,0.7596854745015374,21945.0,66218.5,0.7483031311163783,0.6851254684037732,1.1518804363816666,0.845062643453838,38120.40113246449
1,12,23,11,0.5694589476796896,0.7528762715669394,0.75637786603965,21945.0,72550.0,0.7483031311163783,0.733252760964065,1.1518804363816666,0.8265402102959577,39901.24998042041
1,12,24,12,0.6185833518641456,0.8205160219896516,0.7538955185349778,21945.0,79106.0,0.7483031311163783,0.7754549163792793,1.1518804363816666,0.8097129645900101,41665.10734415549
1,12,25,13,0.6634002268500422,0.8902547179951713,0.7451802427332269,21945.0,77887.5,0.7483031311163783,0.8064958047771514,1.1518804363816666,0.822817150377797,41342.97023074177
1,12,32,20,1.0313340815434506,1.3629109619936681,0.7567142023972084,21945.0,83990.0,0.7483031311163783,0.7499080371413146,1.1518804363816666,0.7978421055799779,42932.04572344533
1,12,33,21,1.0822134298254202,1.4311113653097378,0.7562049020491113,21945.0,80163.0,0.7483031311163783,0.7262922715063486,1.1518804363816666,0.8129537421816819,41942.54445071257
1,12,34,22,1.1344857670462956,1.501145497809859,0.7557467072322352,21945.0,76523.5,0.7483031311163783,0.7096810450092355,1.1518804363816666,0.8268857988647812,40979.363190513344
1,12,35,23,1.1823670423297925,1.5685847542073204,0.7537795067549908,21945.0,72460.5,0.7483031311163783,0.7049016664906992,1.1518804363816666,0.8468715933601857,39876.63065631298
1,12,36,24,1.2380465234673064,1.637742931511927,0.7559467970497482,21945.0,69535.0,0.7483031311163783,0.7185896802235187,1.1518804363816666,0.8674457317147722,39063.353350678946
1,12,37,25,1.3066412668751572,1.7060297054203357,0.7658959646035143,21945.0,61138.0,0.7483031311163783,0.7544005729097295,1.1518804363816666,0.9296178743472746,36628.860342631466
1,13,17,4,0.20672203681960477,0.2707075794438983,0.7636359397260469,23818.0,36655.5,0.646454196083165,0.4632309866130039,1.1176426516889995,0.9763835182296084,29547.60056248223
1,13,18,5,0.2569749165497631,0.3387496197325768,0.758598391203007,23818.0,41384.0,0.646454196083165,0.485661669320812,1.1176426516889995,0.9480984838420985,31395.606571620814
1,13,19,6,0.30847199469380615,0.4073989895544903,0.7571741771650798,23818.0,46913.5,0.646454196083165,0.5247060520174499,1.1176426516889995,0.9177593466114856,33427.320308394446
1,13,20,7,0.36486273420361454,0.47530141684029176,0.7676449538676923,23818.0,52972.0,0.646454196083165,0.5765931515920979,1.1176426516889995,0.8908682122064067,35520.235021745
1,13,21,8,0.41503528567727493,0.5419673279022605,0.7657939220869846,23818.0,59560.0,0.646454196083165,0.6314742565195229,1.1176426516889995,0.8662907463314155,37664.307772744214
1,13,22,9,0.4642096127821085,0.6120464568687901,0.7584548649411188,23818.0,66218.5,0.646454196083165,0.6851254684037732,1.1176426516889995,0.845062643453838,39713.87960146931
1,13,23,10,0.5167341351233617,0.6844534542710023,0.7549587658575336,23818.0,72550.0,0.646454196083165,0.733252760964065,1.1176426516889995,0.8265402102959577,41569.17006628831
1,13,24,11,0.5658573942804558,0.7520951121561319,0.752374779644873,23818.0,79106.0,0.646454196083165,0.7754549163792793,1.1176426516889995,0.8097129645900101,43406.75878247534
1,13,25,12,0.6105118626507109,0.8218285527884677,0.7428701042075523,23818.0,77887.5,0.646454196083165,0.8064958047771514,1.1176426516889995,0.822817150377797,43071.15595151818
1,13,32,19,0.9785785541880369,1.294467945787209,0.7559697073788341,23818.0,83990.0,0.646454196083165,0.7499080371413146,1.1176426516889995,0.7978421055799779,44726.65670492262
1,13,33,20,1.029440259462722,1.3626707107426363,0.7554578309690766,23818.0,80163.0,0.646454196083165,0.7262922715063486,1.1176426516889995,0.8129537421816819,43695.79309269944
1,13,34,21,1.0817328854314705,1.4327014564931784,0.7550302126998787,23818.0,76523.5,0.646454196083165,0.7096810450092355,1.1176426516889995,0.8268857988647812,42692.34970108813
1,13,35,22,1.129610018222271,1.5001384538795297,0.7530038412794301,23818.0,72460.5,0.646454196083165,0.7049016664906992,1.1176426516889995,0.8468715933601857,41543.521624917645
1,13,36,23,1.1853024664345415,1.569298513892234,0.7553071999633194,23818.0,69535.0,0.646454196083165,0.7185896802235187,1.1176426516889995,0.8674457317147722,40696.248352888746
1,13,37,24,1.2537668428069375,1.6375847226316689,0.7656195282477235,23818.0,61138.0,0.646454196083165,0.7544005729097295,1.1176426516889995,0.9296178743472746,38159.99061844748
1,14,17,3,0.1529455604141354,0.20333103037880496,0.7521998001446134,26152.5,36655.5,0.5629244400979975,0.4632309866130039,1.079781895461559,0.9763835182296084,30961.798457938454
1,14,18,4,0.20322590989621242,0.2713737149884237,0.7488783867843709,26152.5,41384.0,0.5629244400979975,0.485661669320812,1.079781895461559,0.9480984838420985,32898.25314511395
1,14,19,5,0.25472911575875734,0.3400270552158536,0.7491436691620083,26152.5,46913.5,0.5629244400979975,0.5247060520174499,1.079781895461559,0.9177593466114856,35027.20812097361
1,14,20,6,0.31106647528252984,0.40792149359065677,0.7625645624711319,26152.5,52972.0,0.5629244400979975,0.5765931515920979,1.079781895461559,0.8908682122064067,37220.29325515853
1,14,21,7,0.361266464666212,0.4745900554987868,0.7612179405793207,26152.5,59560.0,0.5629244400979975,0.6314742565195229,1.079781895461559,0.8662907463314155,39466.98493677975
1,14,22,8,0.4104584918411817,0.5446763503343648,0.7535823642594548,26152.5,66218.5,0.5629244400979975,0.6851254684037732,1.079781895461559,0.845062643453838,41614.65272292922
1,14,23,9,0.46296066463987956,0.6170842739898835,0.7502389611171153,26152.5,72550.0,0.5629244400979975,0.733252760964065,1.079781895461559,0.8265402102959577,43558.7405120947
1,14,24,10,0.5121132013436012,0.6847373994900309,0.7478972256006546,26152.5,79106.0,0.5629244400979975,0.7754549163792793,1.079781895461559,0.8097129645900101,45484.27931714429
1,14,25,11,0.5567231738083316,0.7544863811911331,0.7378836619017748,26152.5,77887.5,0.5629244400979975,0.8064958047771514,1.079781895461559,0.822817150377797,45132.61396983339
1,14,32,18,0.9248375010764988,1.2271018419930269,0.7536762389455808,26152.5,83990.0,0.5629244400979975,0.7499080371413146,1.079781895461559,0.7978421055799779,46867.3497757234
1,14,33,19,0.9757104190886983,1.295301642502515,0.7532688812187651,26152.5,80163.0,0.5629244400979975,0.7262922715063486,1.079781895461559,0.8129537421816819,45787.14729593885
1,14,34,20,1.0279876583281329,1.36533625176016,0.7529190388103113,26152.5,76523.5,0.5629244400979975,0.7096810450092355,1.079781895461559,0.8268857988647812,44735.67741467653
1,14,35,21,1.0758440230766493,1.432775873515831,0.7508808900003872,26152.5,72460.5,0.5629244400979975,0.7049016664906992,1.079781895461559,0.8468715933601857,43531.8644931503
1,14,36,22,1.1315405868552595,1.5019335921228691,0.7533892262546127,26152.5,69535.0,0.5629244400979975,0.7185896802235187,1.079781895461559,0.8674457317147722,42644.03929624866
1,14,37,23,1.1999983201132076,1.5702204010820466,0.7642228564132034,26152.5,61138.0,0.5629244400979975,0.7544005729097295,1.079781895461559,0.9296178743472746,39986.391997778446
1,15,18,3,0.15690850547650598,0.20310568924282757,0.772546087022262,28928.5,41384.0,0.5017562350006404,0.485661669320812,1.0457665296870127,0.9480984838420985,34600.24629970139
1,15,19,4,0.20838843420078376,0.2717569466404949,0.7668191624056594,28928.5,46913.5,0.5017562350006404,0.5247060520174499,1.0457665296870127,0.9177593466114856,36839.342892483844
1,15,20,5,0.26480656192994256,0.33965820239669736,0.7796265777225858,28928.5,52972.0,0.5017562350006404,0.5765931515920979,1.0457665296870127,0.8908682122064067,39145.88742128603
1,15,21,6,0.31496738568984395,0.40632416967687646,0.7751628113590124,28928.5,59560.0,0.5017562350006404,0.6314742565195229,1.0457665296870127,0.8662907463314155,41508.81183556089
1,15,22,7,0.3641423594180191,0.4764414386656417,0.7642961545029836,28928.5,66218.5,0.5017562350006404,0.6851254684037732,1.0457665296870127,0.845062643453838,43767.5893470271
1,15,23,8,0.4166733544666952,0.5488278182212469,0.7592059670319466,28928.5,72550.0,0.5017562350006404,0.733252760964065,1.0457665296870127,0.8265402102959577,45812.25463781498
1,15,24,9,0.4657945119143064,0.6164865848008244,0.7555630947992098,28928.5,79106.0,0.5017562350006404,0.7754549163792793,1.0457665296870127,0.8097129645900101,47837.41131165021
1,15,25,10,0.5106880018382008,0.6862363086992921,0.744186798868411,28928.5,77887.5,0.5017562350006404,0.8064958047771514,1.0457665296870127,0.822817150377797,47467.55253591658
1,15,32,17,0.8785360208331738,1.1588294821727316,0.7581236362626662,28928.5,83990.0,0.5017562350006404,0.7499080371413146,1.0457665296870127,0.7978421055799779,49292.035005668
1,15,33,18,0.9294098905221474,1.2270304782524981,0.7574464587430514,28928.5,80163.0,0.5017562350006404,0.7262922715063486,1.0457665296870127,0.8129537421816819,48155.94818399903
1,15,34,19,0.9816891046178665,1.2970635280914726,0.7568550678950514,28928.5,76523.5,0.5017562350006404,0.7096810450092355,1.0457665296870127,0.8268857988647812,47050.08044360817
1,15,35,20,1.0295706599153143,1.3645023025362024,0.7545393349660531,28928.5,72460.5,0.5017562350006404,0.7049016664906992,1.0457665296870127,0.8468715933601857,45783.98818637363
1,15,36,21,1.0852546384637656,1.4336607981990985,0.7569814560229411,28928.5,69535.0,0.5017562350006404,0.7185896802235187,1.0457665296870127,0.8674457317147722,44850.23129817727
1,15,37,22,1.1538537725256575,1.5019474555922796,0.7682384415176798,28928.5,61138.0,0.5017562350006404,0.7544005729097295,1.0457665296870127,0.9296178743472746,42055.09045288097
1,16,32,16,0.8281412921824105,1.15882948217273,0.7146360227474532,32352.0,83990.0,0.4682670608155213,0.7499080371413146,1.0119856245324266,0.7978421055799779,52127.19520557384
1,16,33,17,0.8790185530822713,1.2270304782524968,0.7163787441809477,32352.0,80163.0,0.4682670608155213,0.7262922715063486,1.0119856245324266,0.8129537421816819,50925.763381612654
1,16,34,18,0.9312938968688275,1.2970635280914713,0.7180017606686964,32352.0,76523.5,0.4682670608155213,0.7096810450092355,1.0119856245324266,0.8268857988647812,49756.288768355706
1,16,35,19,0.9791785154907752,1.3645023025362006,0.7176085475786856,32352.0,72460.5,0.4682670608155213,0.7049016664906992,1.0119856245324266,0.8468715933601857,48417.37390648113
1,16,36,20,1.034859153434734,1.4336607981990972,0.7218298461774776,32352.0,69535.0,0.4682670608155213,0.7185896802235187,1.0119856245324266,0.8674457317147722,47429.9095508309
1,16,37,21,1.1035142200009211,1.5019474555922783,0.7347222540256984,32352.0,61138.0,0.4682670608155213,0.7544005729097295,1.0119856245324266,0.9296178743472746,44473.99887574762
1,17,20,3,0.15820459847055657,0.20459719968315437,0.7732490899951571,36655.5,52972.0,0.4632309866130039,0.5765931515920979,0.9763835182296084,0.8908682122064067,44064.89698161111
1,17,21,4,0.20837858640122786,0.2712622578464543,0.7681812724539763,36655.5,59560.0,0.4632309866130039,0.6314742565195229,0.9763835182296084,0.8662907463314155,46724.74269592076
1,17,22,5,0.2575705651004756,0.341444263481886,0.7543561062467228,36655.5,66218.5,0.4632309866130039,0.6851254684037732,0.9763835182296084,0.845062643453838,49267.35457430204
1,17,23,6,0.3100829407781746,0.41379983673101983,0.7493549133025305,36655.5,72550.0,0.4632309866130039,0.733252760964065,0.9763835182296084,0.8265402102959577,51568.949233041385
1,17,24,7,0.35922878818106946,0.48148388009575366,0.7460868432596932,36655.5,79106.0,0.4632309866130039,0.7754549163792793,0.9763835182296084,0.8097129645900101,53848.583853245385
1,17,25,8,0.40430503872249485,0.5512539087862373,0.733427976252726,36655.5,77887.5,0.4632309866130039,0.8064958047771514,0.9763835182296084,0.822817150377797,53432.249215712414
1,17,32,15,0.7719778318208201,1.0237720469999607,0.7540524612710487,36655.5,83990.0,0.4632309866130039,0.7499080371413146,0.9763835182296084,0.7978421055799779,55485.993232526715
1,17,33,16,0.82286788788559,1.0919706821406197,0.753562253404551,36655.5,80163.0,0.4632309866130039,0.7262922715063486,0.9763835182296084,0.8129537421816819,54207.14755915497
1,17,34,17,0.8751255863600221,1.1620062631361077,0.7531160666881167,36655.5,76523.5,0.4632309866130039,0.7096810450092355,0.9763835182296084,0.8268857988647812,52962.31824844905
1,17,35,18,0.9229931838063286,1.2294466865448002,0.7507386809917563,36655.5,72460.5,0.4632309866130039,0.7049016664906992,0.9763835182296084,0.8468715933601857,51537.130864552404
1,17,36,19,0.9786749141088674,1.298603456706312,0.7536364615808977,36655.5,69535.0,0.4632309866130039,0.7185896802235187,0.9763835182296084,0.8674457317147722,50486.039580264165
1,17,37,20,1.047358991331847,1.3668903807671564,0.7662348100979576,36655.5,61138.0,0.4632309866130039,0.7544005729097295,0.9763835182296084,0.9296178743472746,47339.665809973776
1,18,21,3,0.15806234339618397,0.2032294797732438,0.7777530286085675,41384.0,59560.0,0.485661669320812,0.6314742565195229,0.9480984838420985,0.8662907463314155,49647.064767214586
1,18,22,4,0.20723996838702402,0.27350256702981934,0.7577258620919237,41384.0,66218.5,0.485661669320812,0.6851254684037732,0.9480984838420985,0.845062643453838,52348.70011757694
1,18,23,5,0.25976610381749377,0.3457619265309591,0.7512860262659216,41384.0,72550.0,0.485661669320812,0.733252760964065,0.9480984838420985,0.8265402102959577,54794.24422327586
1,18,24,6,0.3088947146605952,0.4134557281869062,0.7471046924786025,41384.0,79106.0,0.485661669320812,0.7754549163792793,0.9480984838420985,0.8097129645900101,57216.45483599976
1,18,25,7,0.35404305191864965,0.4832335590094189,0.7326541075590921,41384.0,77887.5,0.485661669320812,0.8064958047771514,0.9480984838420985,0.822817150377797,56774.08123430973
1,18,32,14,0.7216354073386175,0.9557296226097952,0.7550623003272197,41384.0,83990.0,0.485661669320812,0.7499080371413146,0.9480984838420985,0.7978421055799779,58956.27328792077
1,18,33,15,0.7725153418684081,1.0239298108867763,0.7544612273758977,41384.0,80163.0,0.485661669320812,0.7262922715063486,0.9480984838420985,0.8129537421816819,57597.44431830287
1,18,34,16,0.8247867631204437,1.093964717633251,0.7539427458911444,41384.0,76523.5,0.485661669320812,0.7096810450092355,0.9480984838420985,0.8268857988647812,56274.75920872518
1,18,35,17,0.8726630556224827,1.161406085106894,0.7513849520963757,41384.0,72460.5,0.485661669320812,0.7049016664906992,0.9480984838420985,0.8468715933601857,54760.43582733797
1,18,36,18,0.9283475011070887,1.230562577940024,0.7544090140146739,41384.0,69535.0,0.485661669320812,0.7185896802235187,0.9480984838420985,0.8674457317147722,53643.6057699331
1,18,37,19,0.9970212714456114,1.2988501917988438,0.7676183733435692,41384.0,61138.0,0.485661669320812,0.7544005729097295,0.9480984838420985,0.9296178743472746,50300.44723459226
1,19,22,3,0.1557614387131384,0.20489022949638175,0.7602189674734542,46913.5,66218.5,0.5247060520174499,0.6851254684037732,0.9177593466114856,0.845062643453838,55736.35796991045
1,19,23,4,0.20830310526807186,0.27720840237505057,0.7514314266212143,46913.5,72550.0,0.5247060520174499,0.733252760964065,0.9177593466114856,0.8265402102959577,58340.161338481055
1,19,24,5,0.2574153661706359,0.3449297369347847,0.7462834850313442,46913.5,79106.0,0.5247060520174499,0.7754549163792793,0.9177593466114856,0.8097129645900101,60919.121226426105
1,19,25,6,0.302913205734771,0.41471435659336187,0.7304140812076714,46913.5,77887.5,0.5247060520174499,0.8064958047771514,0.9177593466114856,0.822817150377797,60448.12016307869
1,19,32,13,0.6701677684546059,0.8870799559298124,0.7554761709750897,46913.5,83990.0,0.5247060520174499,0.7499080371413146,0.9177593466114856,0.7978421055799779,62771.52909560193
1,19,33,14,0.7210551227066675,0.9552756990455714,0.7548136348774319,46913.5,80163.0,0.5247060520174499,0.7262922715063486,0.9177593466114856,0.8129537421816819,61324.765800612724
1,19,34,15,0.7733178940937088,1.025312730996206,0.754226365006064,46913.5,76523.5,0.5247060520174499,0.7096810450092355,0.9177593466114856,0.8268857988647812,59916.48535461672
1,19,35,16,0.8212025662089085,1.0927528436047258,0.75149890573605,46913.5,72460.5,0.5247060520174499,0.7049016664906992,0.9177593466114856,0.8468715933601857,58304.16508921125
1,19,36,17,0.8768784071157015,1.161908920079997,0.754687731509393,46913.5,69535.0,0.5247060520174499,0.7185896802235187,0.9177593466114856,0.8674457317147722,57115.06125795542
1,19,37,18,0.9456669977387623,1.230195172690784,0.7687129804535988,46913.5,61138.0,0.5247060520174499,0.7544005729097295,0.9177593466114856,0.9296178743472746,53555.555855578605
1,20,23,3,0.15190860771489506,0.20942627588222656,0.7253560092923713,52972.0,72550.0,0.5765931515920979,0.733252760964065,0.8908682122064067,0.8265402102959577,61992.89152798085
1,20,24,4,0.20111028034969053,0.27718469610692875,0.7255461184340019,52972.0,79106.0,0.5765931515920979,0.7754549163792793,0.8908682122064067,0.8097129645900101,64733.32242361734
1,20,32,12,0.6138172388611929,0.8192047563999728,0.7492842711981271,52972.0,83990.0,0.5765931515920979,0.7499080371413146,0.8908682122064067,0.7978421055799779,66701.71122242667
1,20,33,13,0.6647145813265009,0.887391969530876,0.7490653557276447,52972.0,80163.0,0.5765931515920979,0.7262922715063486,0.8908682122064067,0.8129537421816819,65164.364770939035
1,20,34,14,0.7169590573074885,0.9574366477437395,0.7488318511695247,52972.0,76523.5,0.5765931515920979,0.7096810450092355,0.8908682122064067,0.8268857988647812,63667.91061437465
1,20,35,15,0.7648046229467446,1.0248800299750007,0.7462381943039713,52972.0,72460.5,0.5765931515920979,0.7049016664906992,0.8908682122064067,0.8468715933601857,61954.64152103537
1,20,36,16,0.820494030811796,1.0940314714388015,0.7499729689976228,52972.0,69535.0,0.5765931515920979,0.7185896802235187,0.8908682122064067,0.8674457317147722,60691.08682500257
1,20,37,17,0.8892019317565075,1.1623175681777833,0.765024943355669,52972.0,61138.0,0.5765931515920979,0.7544005729097295,0.8908682122064067,0.9296178743472746,56908.71757472663
1,21,24,3,0.15086639429199017,0.21068302146046655,0.7160823555983574,59560.0,79106.0,0.6314742565195229,0.7754549163792793,0.8662907463314155,0.8097129645900101,68640.75582334449
1,21,32,11,0.5636027266558549,0.7525332421054977,0.7489406382619884,59560.0,83990.0,0.6314742565195229,0.7499080371413146,0.8662907463314155,0.7978421055799779,70727.96052481649
1,21,33,12,0.6144989368889296,0.8207199913712587,0.7487315324952972,59560.0,80163.0,0.6314742565195229,0.7262922715063486,0.8662907463314155,0.8129537421816819,69097.81675277447
1,21,34,13,0.6667485799977474,0.8907646095680565,0.7485126517555099,59560.0,76523.5,0.6314742565195229,0.7096810450092355,0.8662907463314155,0.8268857988647812,67511.03361673557
1,21,35,14,0.7146164002994487,0.9582078296389825,0.7457843467723384,59560.0,72460.5,0.6314742565195229,0.7049016664906992,0.8662907463314155,0.8468715933601857,65694.34815872672
1,21,36,15,0.7702970457975717,1.0273592042015303,0.7497835641588,59560.0,69535.0,0.6314742565195229,0.7185896802235187,0.8662907463314155,0.8674457317147722,64354.52276258445
1,21,37,16,0.8391216244850147,1.0956451861192327,0.7658698592535942,59560.0,61138.0,0.6314742565195229,0.7544005729097295,0.8662907463314155,0.9296178743472746,60343.84210505659
1,22,32,10,0.5144090125132916,0.682800345189164,0.7533813011924869,66218.5,83990.0,0.6851254684037732,0.7499080371413146,0.845062643453838,0.7978421055799779,74576.75116951663
1,22,33,11,0.5653026187300776,0.7509164538382264,0.7528169290213256,66218.5,80163.0,0.6851254684037732,0.7262922715063486,0.845062643453838,0.8129537421816819,72857.90015845913
1,22,34,12,0.6175576768342514,0.8209907048861185,0.752210315121551,66218.5,76523.5,0.6851254684037732,0.7096810450092355,0.845062643453838,0.8268857988647812,71184.76933129727
1,22,35,13,0.665443287072637,0.8884254850903696,0.7490141809754016,66218.5,72460.5,0.6851254684037732,0.7049016664906992,0.845062643453838,0.8468715933601857,69269.22562906273
1,22,36,14,0.7211173909687777,0.9575543931678613,0.7530824317803159,66218.5,69535.0,0.6851254684037732,0.7185896802235187,0.845062643453838,0.8674457317147722,67856.49119649497
1,22,37,15,0.7900347818712381,1.0258242004951916,0.7701463676620888,66218.5,61138.0,0.6851254684037732,0.7544005729097295,0.845062643453838,0.9296178743472746,63627.56205450591
1,23,32,9,0.4619128339228981,0.6101750800224309,0.7570168776901173,72550.0,83990.0,0.733252760964065,0.7499080371413146,0.8265402102959577,0.7978421055799779,78060.71034777995
1,23,33,10,0.5128178892344702,0.6784038991359727,0.7559182514835252,72550.0,80163.0,0.733252760964065,0.7262922715063486,0.8265402102959577,0.8129537421816819,76261.5607629427
1,23,34,11,0.5650536540026159,0.7484129479649837,0.7550025096960953,72550.0,76523.5,0.733252760964065,0.7096810450092355,0.8265402102959577,0.8268857988647812,74510.26724552798
1,23,35,12,0.6129108627158582,0.8158616858178241,0.7512435911259554,72550.0,72460.5,0.733252760964065,0.7049016664906992,0.8265402102959577,0.8468715933601857,72505.23619022284
1,23,36,13,0.6685930621903325,0.8850125589973087,0.7554616659314162,72550.0,69535.0,0.733252760964065,0.7185896802235187,0.8265402102959577,0.8674457317147722,71026.50385595507
1,23,37,14,0.7374976501170069,0.9533071226504237,0.7736202033890038,72550.0,61138.0,0.733252760964065,0.7544005729097295,0.8265402102959577,0.9296178743472746,66600.01426426273
1,24,32,8,0.41275500076216126,0.5427091352020116,0.7605455187492325,79106.0,83990.0,0.7754549163792793,0.7499080371413146,0.8097129645900101,0.7978421055799779,81511.42827849356
1,24,33,9,0.4636516880260559,0.6109585553246458,0.7588922096028015,79106.0,80163.0,0.7754549163792793,0.7262922715063486,0.8097129645900101,0.8129537421816819,79632.74626684678
1,24,34,10,0.5159040321051862,0.68093262876222,0.757643282629857,79106.0,76523.5,0.7754549163792793,0.7096810450092355,0.8097129645900101,0.8268857988647812,77804.03582719858
1,24,35,11,0.5638048730049081,0.7483747045636343,0.7533724343791844,79106.0,72460.5,0.7754549163792793,0.7049016664906992,0.8097129645900101,0.8468715933601857,75710.37123802789
1,24,36,12,0.6194711607988124,0.8175236938678734,0.7577409259760612,79106.0,69535.0,0.7754549163792793,0.7185896802235187,0.8097129645900101,0.8674457317147722,74166.27070306285
1,24,37,13,0.6885500709316378,0.8858178700285604,0.7773043356073158,79106.0,61138.0,0.7754549163792793,0.7544005729097295,0.8097129645900101,0.9296178743472746,69544.10563088722
1,25,32,7,0.36953866291901566,0.47318242945390315,0.7809644651123202,77887.5,83990.0,0.8064958047771514,0.7499080371413146,0.822817150377797,0.7978421055799779,80881.21614441762
1,25,33,8,0.4202665101497332,0.5414543923339915,0.7761808124561217,77887.5,80163.0,0.8064958047771514,0.7262922715063486,0.822817150377797,0.8129537421816819,79017.05931316351
1,25,34,9,0.4724628018617763,0.6113737679200796,0.7727888022888445,77887.5,76523.5,0.8064958047771514,0.7096810450092355,0.822817150377797,0.8268857988647812,77202.48769469802
1,25,35,10,0.5200293981735584,0.6787975027704009,0.76610387641549,77887.5,72460.5,0.8064958047771514,0.7049016664906992,0.822817150377797,0.8468715933601857,75125.01044093106
1,25,36,11,0.575803678530693,0.7479473470707079,0.7698452047270367,77887.5,69535.0,0.8064958047771514,0.7185896802235187,0.822817150377797,0.8674457317147722,73592.84824288294
1,25,37,12,0.6433788131108029,0.8162366440903165,0.7882258383876394,77887.5,61138.0,0.8064958047771514,0.7544005729097295,0.822817150377797,0.9296178743472746,69006.41981004376
1,32,35,3,0.15117847057074932,0.2056918570599756,0.7349754760912519,83990.0,72460.5,0.7499080371413146,0.7049016664906992,0.7978421055799779,0.8468715933601857,78012.54639479473
1,32,36,4,0.20678532987043557,0.27484178119711306,0.7523795289411683,83990.0,69535.0,0.7499080371413146,0.7185896802235187,0.7978421055799779,0.8674457317147722,76421.49337719068
1,33,36,3,0.15609484203971266,0.20665202248019948,0.7553511461745748,80163.0,69535.0,0.7262922715063486,0.7185896802235187,0.8129537421816819,0.8674457317147722,74660.12459807444
1,174,178,4,0.5759155875604733,0.7533887192938449,0.7644335159415209,3412.5,7514.0,0.32514298669239694,0.22922412394535685,2.2853678785799083,1.7592050390890053,5063.746142926203
1,174,179,5,0.7173810831406037,0.9405769798936315,0.7627032114072484,3412.5,9364.5,0.32514298669239694,0.24154494124786224,2.2853678785799083,1.6266979159070587,5652.995334333826
1,174,180,6,0.8627614359145543,1.128154925258194,0.7647543937434829,3412.5,12141.0,0.32514298669239694,0.286083790977295,2.2853678785799083,1.501003201967516,6436.704319758676
1,174,181,7,1.0071365150303242,1.3172154757097232,0.7645951126467545,3412.5,15985.0,0.32514298669239694,0.3649971863332062,2.2853678785799083,1.377824604809516,7385.716789858652
1,174,182,8,1.1504490771851408,1.5069131410037173,0.7634475046244904,3412.5,21649.5,0.32514298669239694,0.4797244017862125,2.2853678785799083,1.263050286754604,8595.284681149311
1,174,183,9,1.2911981634078884,1.6934307427925706,0.7624747388715902,3412.5,30324.5,0.32514298669239694,0.6342911948926909,2.2853678785799083,1.152807986144809,10172.627794724429
1,175,178,3,0.4349081298983633,0.5647810623961863,0.7700472959436467,4130.0,7514.0,0.2940251016252808,0.22922412394535685,2.1566893082596064,1.7592050390890053,5570.710906159105
1,175,179,4,0.5766272975652429,0.7519664628484409,0.7668258174453484,4130.0,9364.5,0.2940251016252808,0.24154494124786224,2.1566893082596064,1.6266979159070587,6218.953690131484
1,175,180,5,0.7218987932343262,0.9395422592034308,0.7683515947929488,4130.0,12141.0,0.2940251016252808,0.286083790977295,2.1566893082596064,1.501003201967516,7081.124910633903
1,175,181,6,0.8663044561698485,1.1286030453562792,0.7675900395044319,4130.0,15985.0,0.2940251016252808,0.3649971863332062,2.1566893082596064,1.377824604809516,8125.149229398805
1,175,182,7,1.009579356430434,1.3183023470136062,0.7658177645799292,4130.0,21649.5,0.2940251016252808,0.4797244017862125,2.1566893082596064,1.263050286754604,9455.814877629531
1,175,183,8,1.1503318565919174,1.5048168047183312,0.7644331542451337,4130.0,30324.5,0.2940251016252808,0.6342911948926909,2.1566893082596064,1.152807986144809,11191.076132347594
1,176,179,3,0.435866439766333,0.5634163463368694,0.7736134079179277,4914.0,9364.5,0.2646460950741238,0.24154494124786224,2.020634022463037,1.6266979159070587,6783.59440120059
1,176,180,4,0.5811753115184939,0.7510094381307457,0.7738588651629105,4914.0,12141.0,0.2646460950741238,0.286083790977295,2.020634022463037,1.501003201967516,7724.045183710411
1,176,181,5,0.7255565572466233,0.940062693880858,0.7718172010967804,4914.0,15985.0,0.2646460950741238,0.3649971863332062,2.020634022463037,1.377824604809516,8862.860147830383
1,176,182,6,0.8688860712736768,1.129760829524037,0.769088508440972,4914.0,21649.5,0.2646460950741238,0.4797244017862125,2.020634022463037,1.263050286754604,10314.341617379172
1,176,183,7,1.009601655911877,1.316277352376649,0.7670128594774929,4914.0,30324.5,0.2646460950741238,0.6342911948926909,2.020634022463037,1.152807986144809,12207.153353669315
1,178,181,3,0.43159236806814466,0.5638363650214535,0.7654567793826547,7514.0,15985.0,0.22922412394535685,0.3649971863332062,1.7592050390890053,1.377824604809516,10959.52964319181
1,178,182,4,0.5747812278940094,0.7535310375910481,0.7627837464154347,7514.0,21649.5,0.22922412394535685,0.4797244017862125,1.7592050390890053,1.263050286754604,12754.3852458674
1,178,183,5,0.7155521861528779,0.9400582608286177,0.7611785524039243,7514.0,30324.5,0.22922412394535685,0.6342911948926909,1.7592050390890053,1.152807986144809,15094.975753541308
1,179,182,3,0.4330808425040682,0.5663457039109906,0.7646934363823357,9364.5,21649.5,0.24154494124786224,0.4797244017862125,1.6266979159070587,1.263050286754604,14238.565333277085
1,179,183,4,0.5738198408895222,0.7528662464677147,0.7621803256312267,9364.5,30324.5,0.24154494124786224,0.6342911948926909,1.6266979159070587,1.152807986144809,16851.521600437154
1,180,183,3,0.42844869822392123,0.565280883933048,0.7579394782340929,12141.0,30324.5,0.286083790977295,0.6342911948926909,1.501003201967516,1.152807986144809,19187.750115633673
0,42,45,3,0.14363465093847436,0.1921903950663252,0.7473560314442655,22312.5,20074.0,0.7882619306365118,0.30636485008072506,1.5130822826099313,1.61231122091584,21163.674657299
0,42,46,4,0.1922660956808274,0.25253174662929645,0.7613541594160994,22312.5,20271.5,0.7882619306365118,0.22627733575866926,1.5130822826099313,1.6460963431028672,21267.53026916854
0,43,46,3,0.1410732482076331,0.1855179166292448,0.7604292392392816,20820.5,20271.5,0.6098666746962359,0.22627733575866926,1.551539717228718,1.6460963431028672,20544.166221825602
0,165,171,6,0.8494829672248766,1.082838040086138,0.7844967906348226,4095.0,6280.0,0.7472330885176778,0.7582111865763752,3.9377927823435583,3.12236399640359,5071.153714885795
0,165,178,13,1.9092468453784641,2.402430661372886,0.7947146513220954,4095.0,12321.0,0.7472330885176778,0.8784327534728468,3.9377927823435583,2.184064229793141,7103.1327595646135
0,165,179,14,2.053180806824089,2.589619760337089,0.7928503011410555,4095.0,13747.5,0.7472330885176778,0.9174170016591333,3.9377927823435583,2.065664991685696,7503.066872952686
0,168,177,9,1.3411395675428384,1.8629279015376634,0.7199095394061465,5076.0,10972.0,0.7481499963907015,0.84703298549923,3.51460531634769,2.3307558237642105,7462.832706151197
0,168,178,10,1.4865978443648151,2.0497928500890374,0.7252429650636363,5076.0,12321.0,0.7481499963907015,0.8784327534728468,3.51460531634769,2.184064229793141,7908.311829967253
0,168,179,11,1.63030291485342,2.2369819947313117,0.7287957250855025,5076.0,13747.5,0.7481499963907015,0.9174170016591333,3.51460531634769,2.065664991685696,8353.580669389625
3,59,62,3,0.20039433659925596,0.2663365741530922,0.752410130814658,8422.5,9677.5,0.8374469207901774,0.7796147574711279,2.052101450917693,1.9706954005744923,9028.219301168974
3,59,63,4,0.2757919746547369,0.369041802695387,0.7473190642372296,8422.5,10496.5,0.8374469207901774,0.8661572302716918,2.052101450917693,1.9496445672436324,9402.48750331528
3,60,63,3,0.22356606352951727,0.3068027951554929,0.7286963060952889,8342.0,10496.5,0.6832693711620983,0.8661572302716918,2.0273529337921254,1.9496445672436324,9357.446393113882
4,65,68,3,0.22869008274528208,0.30687209997081255,0.7452293081288048,20601.0,22850.5,0.9148037182453022,0.5951566579606051,1.5983164864770403,1.4580840771099037,21696.616107126014
4,65,69,4,0.3117882907702516,0.4081322005786416,0.7639394547360009,20601.0,24225.0,0.9148037182453022,0.5220872640430567,1.5983164864770403,1.4203907947534782,22339.63350191762
4,65,70,5,0.3896339484917832,0.5187060066364007,0.7511652911413197,20601.0,26982.5,0.9148037182453022,0.2282877275186038,1.5983164864770403,1.378644373509443,23576.82087347656
4,65,71,6,0.4707252917228946,0.6290729713541494,0.7482840833387042,20601.0,32369.0,0.9148037182453022,0.10023444790828025,1.5983164864770403,1.34030232202126,25823.124694738242
4,65,72,7,0.5587773337562889,0.7388855374355957,0.7562434307424704,20601.0,41444.0,0.9148037182453022,0.43891013736245055,1.5983164864770403,1.310900299026384,29219.64825250297
4,66,69,3,0.23347553471176696,0.30569953897758184,0.7637418606931189,21030.0,24225.0,0.7958066709973332,0.5220872640430567,1.5524023227169703,1.4203907947534782,22571.037858282016
4,66,70,4,0.31163723627003526,0.4162765046665946,0.7486303761477786,21030.0,26982.5,0.7958066709973332,0.2282877275186038,1.5524023227169703,1.378644373509443,23821.040594398895
4,66,71,5,0.3922255041194367,0.5266395472614215,0.7447703199637185,21030.0,32369.0,0.7958066709973332,0.10023444790828025,1.5524023227169703,1.34030232202126,26090.612679659327
4,66,72,6,0.48047199773005483,0.6364516505792267,0.7549230130722158,21030.0,41444.0,0.7958066709973332,0.43891013736245055,1.5524023227169703,1.310900299026384,29522.31901460317
4,67,70,3,0.23169642308857913,0.3140582985671224,0.7377497240024676,21724.0,26982.5,0.687708779332228,0.2282877275186038,1.5081437613154582,1.378644373509443,24210.90312235378
4,67,71,4,0.3126897219232486,0.4244298073448764,0.7367289396551929,21724.0,32369.0,0.687708779332228,0.10023444790828025,1.5081437613154582,1.34030232202126,26517.61972726813
4,67,72,5,0.4005843191777012,0.5342352815620298,0.7498275254424385,21724.0,41444.0,0.687708779332228,0.43891013736245055,1.5081437613154582,1.310900299026384,30005.49043091947
4,68,71,3,0.24206948413801352,0.3222302115669703,0.7512314967639319,22850.5,32369.0,0.5951566579606051,0.10023444790828025,1.4580840771099037,1.34030232202126,27196.46731654683
4,68,72,4,0.33041042755809946,0.4320256189436843,0.764793598041623,22850.5,41444.0,0.5951566579606051,0.43891013736245055,1.4580840771099037,1.310900299026384,30773.627053046574
4,69,72,3,0.24703106362257607,0.33075594904544475,0.7468680891016561,24225.0,41444.0,0.5220872640430567,0.43891013736245055,1.4203907947534782,1.310900299026384,31685.6576387488
8,81,84,3,0.17080907010807406,0.23112859069991726,0.7390218128826899,10727.0,12121.0,0.6719683057494235,0.35217455171248135,2.3140200970475786,2.1504490630857886,11402.717526975752
8,81,85,4,0.32647214184775303,0.4291344811381449,0.7607688409980197,10727.0,13677.0,0.6719683057494235,0.3969701645875925,2.3140200970475786,2.010575209520379,12112.521578928146
8,81,86,5,0.48309489171557857,0.6274805938120452,0.7698961473544538,10727.0,15465.5,0.6719683057494235,0.4541047999360123,2.3140200970475786,1.8765888923325516,12880.155996726127
8,81,87,6,0.6356980844466446,0.8250295699354215,0.7705155155789183,10727.0,17456.0,0.6719683057494235,0.5241081516246494,2.3140200970475786,1.750540463628537,13683.95089146406
8,81,88,7,0.7894661292887729,1.022559895533138,0.772048789256657,10727.0,20262.5,0.6719683057494235,0.6101000261546844,2.3140200970475786,1.6174015896613205,14742.992827102644
8,81,89,8,0.9579764080440469,1.2195113962394986,0.7855411691912644,10727.0,23547.5,0.6719683057494235,0.7140073012140307,2.3140200970475786,1.491752486300752,15893.207118136981
8,81,90,9,1.1000742404384098,1.4174568394211777,0.7760901142412407,10727.0,27618.0,0.6719683057494235,0.8406809636043661,2.3140200970475786,1.3812684966057134,17212.155181731312
8,82,85,3,0.30329218212785075,0.41272190461409297,0.734858457322341,10725.5,13677.0,0.49339303664802525,0.3969701645875925,2.288102630130124,2.010575209520379,12111.674677764426
8,82,86,4,0.458580634970741,0.6110583317972687,0.7504694905672028,10725.5,15465.5,0.49339303664802525,0.4541047999360123,2.288102630130124,1.8765888923325516,12879.255422966035
8,82,87,5,0.6060399671120791,0.8086096213839002,0.7494839921331482,10725.5,17456.0,0.49339303664802525,0.5241081516246494,2.288102630130124,1.750540463628537,13682.994116785989
8,82,88,6,0.7604366336146245,1.0061366865138028,0.7557985349381179,10725.5,20262.5,0.49339303664802525,0.6101000261546844,2.288102630130124,1.6174015896613205,14741.962004767209
8,82,89,7,0.9289041730632883,1.2030917245952064,0.7720975500648785,10725.5,23547.5,0.49339303664802525,0.7140073012140307,2.288102630130124,1.491752486300752,15892.095873420849
8,82,90,8,1.072030877756641,1.4010338937737958,0.7651712656779779,10725.5,27618.0,0.49339303664802525,0.8406809636043661,2.288102630130124,1.3812684966057134,17210.951716857497
8,83,86,3,0.46726080271032644,0.5941600523712792,0.7864224476982241,10969.0,15465.5,0.31748655021863986,0.4541047999360123,2.2770668786267643,1.8765888923325516,13024.633181015119
8,83,87,4,0.6170294331682658,0.7917098605997058,0.7793630771516186,10969.0,17456.0,0.31748655021863986,0.5241081516246494,2.2770668786267643,1.750540463628537,13837.444272697181
8,83,88,5,0.7705414745332371,0.9892412793637212,0.7789216752346287,10969.0,20262.5,0.31748655021863986,0.6101000261546844,2.2770668786267643,1.6174015896613205,14908.36552074036
8,83,89,6,0.9398205033373827,1.186192783132395,0.7922999673422276,10969.0,23547.5,0.31748655021863986,0.7140073012140307,2.2770668786267643,1.491752486300752,16071.481807848335
8,83,90,7,1.0823162511823279,1.3841384891768054,0.7819421681034378,10969.0,27618.0,0.31748655021863986,0.8406809636043661,2.2770668786267643,1.3812684966057134,17405.22456045885
8,85,88,3,0.46376466090702073,0.5934296174023304,0.7814990140483669,13677.0,20262.5,0.3969701645875925,0.6101000261546844,2.010575209520379,1.6174015896613205,16647.228372915415
8,85,90,5,0.7746328100612262,0.9883291592626586,0.7837801837589612,13677.0,27618.0,0.3969701645875925,0.8406809636043661,2.010575209520379,1.3812684966057134,19435.312860872604
8,86,90,4,0.6172569447204175,0.7899990437157396,0.781338850509446,15465.5,27618.0,0.4541047999360123,0.8406809636043661,1.8765888923325516,1.3812684966057134,20667.031209150482
8,87,90,3,0.46602247327719365,0.5924327360633432,0.7866251219908386,17456.0,27618.0,0.5241081516246494,0.8406809636043661,1.750540463628537,1.3812684966057134,21956.77134735433
11,91,94,3,0.46223719751216996,0.5943069826557048,0.7777751414708755,3666.0,6683.0,0.21028613093120954,0.148265581569161,2.330129558114433,1.9010515162941375,4949.735144429447
11,91,96,5,0.7247646122612431,0.9336530668329952,0.7762675859028517,3666.0,10713.5,0.21028613093120954,0.35918590206236667,2.330129558114433,1.6543570072048754,6267.032072680018
11,91,97,6,0.8331993862555153,1.0722531975346337,0.7770546995534634,3666.0,14410.0,0.21028613093120954,0.572492030836168,2.330129558114433,1.5593085900845287,7268.222616293478
11,91,98,7,0.9450970118094356,1.2123383333446067,0.7795653950841396,3666.0,20090.5,0.21028613093120954,0.8003242718401331,2.330129558114433,1.4596360935599917,8582.061116072293
11,91,129,38,2.82064072832885,3.715723293148238,0.7591094669320743,3666.0,64658.5,0.21028613093120954,0.7202109072537709,2.330129558114433,0.9014461210260679,15396.0404325268
11,91,130,39,2.822730752747159,3.715723291209835,0.7596719485072531,3666.0,64625.0,0.21028613093120954,0.6605516427482326,2.330129558114433,0.9019449839413485,15392.051520184046
11,91,131,40,2.821690468817718,3.715723319132586,0.7593919747168971,3666.0,65455.0,0.21028613093120954,0.6146445530205759,2.330129558114433,0.9015995592507765,15490.578749678787
11,91,132,41,2.8232868068367436,3.715723437221651,0.7598215675997116,3666.0,66647.0,0.21028613093120954,0.5843736859107077,2.330129558114433,0.9004004761984461,15630.991715179174
11,91,133,42,2.823530527701886,3.7157232724492473,0.7598871930634206,3666.0,62731.0,0.21028613093120954,0.5534191168027447,2.330129558114433,0.902862964724086,15164.822649803722
11,91,134,43,2.824498510984055,3.7157232632568933,0.7601477050011348,3666.0,60024.5,0.21028613093120954,0.5621269988149794,2.330129558114433,0.9021337077322339,14834.07620986221
11,91,135,44,2.8234245216701135,3.715723226669559,0.759858673381542,3666.0,58462.5,0.21028613093120954,0.6102944492009732,2.330129558114433,0.9013491075833324,14639.792519021572
11,91,136,45,2.8254944134042357,3.7165041783232646,0.7602559496324807,3666.0,57640.0,0.21028613093120954,0.6917442166016138,2.330129558114433,0.901438246664329,14536.445232586955
11,92,96,4,0.5626456079100859,0.7371645281505035,0.7632564867462167,4455.0,10713.5,0.18286208795747183,0.35918590206236667,2.1761233241360536,1.6543570072048754,6908.591933237915
11,92,97,5,0.6711196315303571,0.8757653778148442,0.766323547985984,4455.0,14410.0,0.18286208795747183,0.572492030836168,2.1761233241360536,1.5593085900845287,8012.27495783813
11,92,98,6,0.7829835702451435,1.0158510839484798,0.7707660922128362,4455.0,20090.5,0.18286208795747183,0.8003242718401331,2.1761233241360536,1.4596360935599917,9460.611898815003
11,92,129,37,2.6585213405564176,3.5192358205547474,0.7554257447110626,4455.0,64658.5,0.18286208795747183,0.7202109072537709,2.1761233241360536,0.9014461210260679,16972.142395702434
11,92,130,38,2.6606121406847145,3.5192358186307637,0.7560198514119137,4455.0,64625.0,0.18286208795747183,0.6605516427482326,2.1761233241360536,0.9019449839413485,16967.745135992584
11,92,131,39,2.65956940366801,3.519235846569117,0.7557235489803302,4455.0,65455.0,0.18286208795747183,0.6146445530205759,2.1761233241360536,0.9015995592507765,17076.35865751244
11,92,132,40,2.6611687381095672,3.5192359647031513,0.7561779786295284,4455.0,66647.0,0.18286208795747183,0.5843736859107077,2.1761233241360536,0.9004004761984461,17231.145783145123
11,92,133,41,2.6614105617520276,3.5192357998596973,0.756246728866003,4455.0,62731.0,0.18286208795747183,0.5534191168027447,2.1761233241360536,0.902862964724086,16717.254708833025
11,92,134,42,2.662378354477382,3.51923579065312,0.7565217316635902,4455.0,60024.5,0.18286208795747183,0.5621269988149794,2.1761233241360536,0.9021337077322339,16352.649555958815
11,92,135,43,2.661305559144803,3.519235754050882,0.7562169019456731,4455.0,58462.5,0.18286208795747183,0.6102944492009732,2.1761233241360536,0.9013491075833324,16138.47692627777
11,92,136,44,2.6633767743850907,3.5200166679576608,0.7566375462450299,4455.0,57640.0,0.18286208795747183,0.6917442166016138,2.1761233241360536,0.901438246664329,16024.54991567626
11,93,96,3,0.4093094678758717,0.5389424787367725,0.7594678171133445,5554.0,10713.5,0.16008281251282977,0.35918590206236667,2.039886760972995,1.6543570072048754,7713.80444398223
11,93,97,4,0.5170475623669911,0.6775475622432009,0.7631162610270016,5554.0,14410.0,0.16008281251282977,0.572492030836168,2.039886760972995,1.5593085900845287,8946.124300500189
11,93,98,5,0.629098498853292,0.8176306557598456,0.769416477258493,5554.0,20090.5,0.16008281251282977,0.8003242718401331,2.039886760972995,1.4596360935599917,10563.26829158476
11,93,129,36,2.504724531803808,3.321016746220663,0.7542041257859359,5554.0,64658.5,0.16008281251282977,0.7202109072537709,2.039886760972995,0.9014461210260679,18950.285195743098
11,93,130,37,2.5068279126692756,3.3210167443006955,0.75483748071169,5554.0,64625.0,0.16008281251282977,0.6605516427482326,2.039886760972995,0.9019449839413485,18945.37542515323
11,93,131,38,2.5058210499362867,3.321016772254636,0.7545342953011004,5554.0,65455.0,0.16008281251282977,0.6146445530205759,2.039886760972995,0.9015995592507765,19066.648106051573
11,93,132,39,2.507434674504014,3.321016890407477,0.7550201511309871,5554.0,66647.0,0.16008281251282977,0.5843736859107077,2.039886760972995,0.9004004761984461,19239.47603236637
11,93,133,40,2.5076379643592905,3.321016725519146,0.7550814017557509,5554.0,62731.0,0.16008281251282977,0.5534191168027447,2.039886760972995,0.902862964724086,18665.689754198746
11,93,134,41,2.5086558454682635,3.321016716319198,0.7553879006814205,5554.0,60024.5,0.16008281251282977,0.5621269988149794,2.039886760972995,0.9021337077322339,18258.58901996537
11,93,135,42,2.5075602091609386,3.3210166797120255,0.7550579990999552,5554.0,58462.5,0.16008281251282977,0.6102944492009732,2.039886760972995,0.9013491075833324,18019.45407053166
11,93,136,43,2.5096483577113498,3.3217976630890793,0.75550909846132,5554.0,57640.0,0.16008281251282977,0.6917442166016138,2.039886760972995,0.901438246664329,17892.248601000378
11,93,138,45,2.5057614725180577,3.3207767819452476,0.7545708841803666,5554.0,59892.0,0.16008281251282977,0.9263298444464402,2.039886760972995,0.9014886458878589,18238.42558994608
11,94,97,3,0.37164267986873484,0.4779501440489023,0.777576248268082,6683.0,14410.0,0.148265581569161,0.572492030836168,1.9010515162941375,1.5593085900845287,9813.35977125062
11,94,98,4,0.4837398668351504,0.6180380648597251,0.7827023841079171,6683.0,20090.5,0.148265581569161,0.8003242718401331,1.9010515162941375,1.4596360935599917,11587.269372030669
11,94,129,35,2.3593776167696907,3.121419630028023,0.7558668479151293,6683.0,64658.5,0.148265581569161,0.7202109072537709,1.9010515162941375,0.9014461210260679,20787.321989616652
11,94,130,36,2.36147750950169,3.121419628111093,0.7565395848204886,6683.0,64625.0,0.148265581569161,0.6605516427482326,1.9010515162941375,0.9019449839413485,20781.936266864068
11,94,131,37,2.3604757963016794,3.121419656052287,0.7562186621477913,6683.0,65455.0,0.148265581569161,0.6146445530205759,1.9010515162941375,0.9015995592507765,20914.96509679134
11,94,132,38,2.3620786702442103,3.1214197742056347,0.7567321414965189,6683.0,66647.0,0.148265581569161,0.5843736859107077,1.9010515162941375,0.9004004761984461,21104.54692714345
11,94,133,39,2.3622907310907912,3.1214196093381252,0.7568001187740658,6683.0,62731.0,0.148265581569161,0.5534191168027447,1.9010515162941375,0.902862964724086,20475.137923833383
11,94,134,40,2.363306064469254,3.1214196001200807,0.7571254003717853,6683.0,60024.5,0.148265581569161,0.5621269988149794,1.9010515162941375,0.9021337077322339,20028.572927195786
11,94,135,41,2.3622077401245796,3.121419563510885,0.7567735423134321,6683.0,58462.5,0.148265581569161,0.6102944492009732,1.9010515162941375,0.9013491075833324,19766.256284385265
11,94,136,42,2.364290723536723,3.1222004254186215,0.7572514257215635,6683.0,57640.0,0.148265581569161,0.6917442166016138,1.9010515162941375,0.901438246664329,19626.71954250124
11,94,138,44,2.3604135095491303,3.1211800805646828,0.7562567518123098,6683.0,59892.0,0.148265581569161,0.9263298444464402,1.9010515162941375,0.9014886458878589,20006.454858370085
11,95,129,34,2.095962896708481,2.9211771279730923,0.7175062671269099,10713.5,64658.5,0.35918590206236667,0.7202109072537709,1.6543570072048754,0.9014461210260679,26319.552423056135
11,95,130,35,2.0980580416480206,2.9211771260534176,0.718223493856584,10713.5,64625.0,0.35918590206236667,0.6605516427482326,1.6543570072048754,0.9019449839413485,26312.7333718867
11,95,131,36,2.097025430424897,2.9211771540038596,0.71786999550871,10713.5,65455.0,0.35918590206236667,0.6146445530205759,1.6543570072048754,0.9015995592507765,26481.16580704105
11,95,132,37,2.098630759657758,2.921177272155483,0.7184195151940289,10713.5,66647.0,0.35918590206236667,0.5843736859107077,1.6543570072048754,0.9004004761984461,26721.201965854754
11,95,133,38,2.0988592167172397,2.921177107274223,0.7184977629362926,10713.5,62731.0,0.35918590206236667,0.5534191168027447,1.6543570072048754,0.902862964724086,25924.28530355273
11,95,134,39,2.0998433374580348,2.9211770980703915,0.7188346570446222,10713.5,60024.5,0.35918590206236667,0.5621269988149794,1.6543570072048754,0.9021337077322339,25358.873806815634
11,95,135,40,2.098763393325662,2.9211770614631827,0.7184649711970614,10713.5,58462.5,0.35918590206236667,0.6102944492009732,1.6543570072048754,0.9013491075833324,25026.745568491322
11,95,136,41,2.100840960816578,2.9219580177816433,0.7189839648728221,10713.5,57640.0,0.35918590206236667,0.6917442166016138,1.6543570072048754,0.901438246664329,24850.073239328693
11,95,138,43,2.0969821706117164,2.9209372662753426,0.7179141417459132,10713.5,59892.0,0.35918590206236667,0.9263298444464402,1.6543570072048754,0.9014886458878589,25330.869349471606
11,96,129,33,2.095962896708481,2.7820757778730125,0.7533809515105706,10713.5,64658.5,0.35918590206236667,0.7202109072537709,1.6543570072048754,0.9014461210260679,26319.552423056135
11,96,130,34,2.0980580416480206,2.7820757759667134,0.7541340389691539,10713.5,64625.0,0.35918590206236667,0.6605516427482326,1.6543570072048754,0.9019449839413485,26312.7333718867
11,96,131,35,2.097025430424897,2.782075803943331,0.7537628656460621,10713.5,65455.0,0.35918590206236667,0.6146445530205759,1.6543570072048754,0.9015995592507765,26481.16580704105
11,96,132,36,2.098630759657758,2.782075922143185,0.7543398592950936,10713.5,66647.0,0.35918590206236667,0.5843736859107077,1.6543570072048754,0.9004004761984461,26721.201965854754
11,96,133,37,2.0988592167172397,2.782075757169925,0.7544220215096913,10713.5,62731.0,0.35918590206236667,0.5534191168027447,1.6543570072048754,0.902862964724086,25924.28530355273
11,96,134,38,2.0998433374580348,2.782075747963931,0.7547757601477278,10713.5,60024.5,0.35918590206236667,0.5621269988149794,1.6543570072048754,0.9021337077322339,25358.873806815634
11,96,135,39,2.098763393325662,2.7820757113420904,0.7543875908083054,10713.5,58462.5,0.35918590206236667,0.6102944492009732,1.6543570072048754,0.9013491075833324,25026.745568491322
11,96,136,40,2.100840960816578,2.7828567155903614,0.7549224324224328,10713.5,57640.0,0.35918590206236667,0.6917442166016138,1.6543570072048754,0.901438246664329,24850.073239328693
11,96,138,42,2.0969821706117164,2.781835762803577,0.7538123560890402,10713.5,59892.0,0.35918590206236667,0.9263298444464402,1.6543570072048754,0.9014886458878589,25330.869349471606
11,97,129,32,1.9877607804959905,2.643470465541267,0.7519511968857894,14410.0,64658.5,0.572492030836168,0.7202109072537709,1.5593085900845287,0.9014461210260679,30524.236026475748
11,97,130,33,1.989859663396511,2.6434704636147246,0.7527451850835302,14410.0,64625.0,0.572492030836168,0.6605516427482326,1.5593085900845287,0.9019449839413485,30516.327596878364
11,97,131,34,1.9888499928970587,2.643470491550648,0.752363228284197,14410.0,65455.0,0.572492030836168,0.6146445530205759,1.5593085900845287,0.9015995592507765,30711.66797814798
11,97,132,35,1.9904540702391498,2.643470609676894,0.7529700019938708,14410.0,66647.0,0.572492030836168,0.5843736859107077,1.5593085900845287,0.9004004761984461,30990.05114548861
11,97,133,36,1.9906694994262786,2.643470444845289,0.7530515437795198,14410.0,62731.0,0.572492030836168,0.5534191168027447,1.5593085900845287,0.902862964724086,30065.822955641845
11,97,134,37,1.991677692788729,2.643470435641558,0.7534329364668525,14410.0,60024.5,0.572492030836168,0.5621269988149794,1.5593085900845287,0.9021337077322339,29410.084069924043
11,97,135,38,1.9905836777495938,2.6434703990419406,0.753019091294168,14410.0,58462.5,0.572492030836168,0.6102944492009732,1.5593085900845287,0.9013491075833324,29024.89664064284
11,97,136,39,1.9926658693658776,2.64425132387216,0.7535841436009492,14410.0,57640.0,0.572492030836168,0.6917442166016138,1.5593085900845287,0.901438246664329,28820.0
11,97,138,41,1.9887923513232353,2.643230717816116,0.7524096696963369,14410.0,59892.0,0.572492030836168,0.9263298444464402,1.5593085900845287,0.9014886458878589,29377.605756766498
11,98,129,31,1.8757423264781483,2.5033864087054396,0.7492819805825098,20090.5,64658.5,0.8003242718401331,0.7202109072537709,1.4596360935599917,0.9014461210260679,36041.94215424579
11,98,130,32,1.877841476454354,2.5033864067779503,0.7501205053163486,20090.5,64625.0,0.8003242718401331,0.6605516427482326,1.4596360935599917,0.9019449839413485,36032.60415928885
11,98,131,33,1.8768166231597794,2.503386434727302,0.7497111101683445,20090.5,65455.0,0.8003242718401331,0.6146445530205759,1.4596360935599917,0.9015995592507765,36263.25519723788
11,98,132,34,1.8784281996887682,2.5033865528586645,0.7503548333531453,20090.5,66647.0,0.8003242718401331,0.5843736859107077,1.4596360935599917,0.9004004761984461,36591.96023035661
11,98,133,35,1.878644612080804,2.503386387999477,0.7504413306257846,20090.5,62731.0,0.8003242718401331,0.5534191168027447,1.4596360935599917,0.902862964724086,35500.664155759114
11,98,134,36,1.8796423572350456,2.503386378810296,0.7508398915745171,20090.5,60024.5,0.8003242718401331,0.5621269988149794,1.4596360935599917,0.9021337077322339,34726.39078928301
11,98,135,37,1.8785569934276387,2.503386342210656,0.7504063442995172,20090.5,58462.5,0.8003242718401331,0.6102944492009732,1.4596360935599917,0.9013491075833324,34271.575047698054
11,98,136,38,1.880640315780037,2.5041673724395013,0.7510042405623876,20090.5,57640.0,0.8003242718401331,0.6917442166016138,1.4596360935599917,0.901438246664329,34029.64031546616
11,98,138,40,1.8767679659584378,2.5031463116211143,0.749763590424319,20090.5,59892.0,0.8003242718401331,0.9263298444464402,1.4596360935599917,0.9014886458878589,34688.04154171867
12,92,96,4,0.560345830131721,0.7371645281505035,0.7601367248877143,5032.0,9119.0,0.6623261522363447,0.7045051777224107,2.4612231483494798,1.993004297081537,6773.980218453549
12,92,97,5,0.6599013253478906,0.8757653778148442,0.7535138315177927,5032.0,9986.0,0.6623261522363447,0.5885987106140299,2.4612231483494798,1.9183149604569463,7088.691839824891
12,92,98,6,0.7691549694993465,1.0158510839484798,0.757153269463219,5032.0,11245.0,0.6623261522363447,0.48762564480684745,2.4612231483494798,1.83069544963858,7522.289545078679
12,92,99,7,0.8775988456372222,1.156067594551787,0.7591241634771984,5032.0,12694.0,0.6623261522363447,0.4049469801723947,2.4612231483494798,1.7635717871844068,7992.25925505423
12,92,100,8,0.9795629299214875,1.2952918550564583,0.7562488145799319,5032.0,14528.5,0.6623261522363447,0.3486416852101482,2.4612231483494798,1.6835528832857933,8550.287246636804
12,92,104,12,1.4062177222910934,1.8520383420635773,0.7592811068502276,5032.0,25113.0,0.6623261522363447,0.4201996145415067,2.4612231483494798,1.437058306110025,11241.379630632531
12,92,106,14,1.598667456708081,2.1348743638900776,0.7488344437257923,5032.0,31436.5,0.6623261522363447,0.5196395567284249,2.4612231483494798,1.3467042287063575,12577.299710192168
12,92,107,15,1.7200847018587186,2.279682396759261,0.7545282203801492,5032.0,34406.0,0.6623261522363447,0.5608033677545691,2.4612231483494798,1.3150657913371284,13157.925064386101
12,92,108,16,1.8324275978248503,2.412025736957537,0.7597048280820685,5032.0,37004.5,0.6623261522363447,0.5921235336627068,2.4612231483494798,1.2859752290069113,13645.755530567005
12,92,109,17,1.9384074315358761,2.5499219795966606,0.7601830358129185,5032.0,38909.0,0.6623261522363447,0.6138268722973137,2.4612231483494798,1.2662050824361848,13992.501134536313
12,92,110,18,2.0364924059227456,2.6904097163096794,0.7569450829653246,5032.0,39664.0,0.6623261522363447,0.6234770949047926,2.4612231483494798,1.2599496743440624,14127.60588351756
12,92,111,19,2.134003680506966,2.8289948144736177,0.7543328356733074,5032.0,39525.0,0.6623261522363447,0.6220256563031837,2.4612231483494798,1.2577832715961215,14102.829503330175
12,92,112,20,2.226712064690433,2.966605360880507,0.7505926113574914,5032.0,38613.5,0.6623261522363447,0.6097054808413259,2.4612231483494798,1.264618086866789,13939.265834325708
12,92,113,21,2.3482667662611574,3.110029891907593,0.755062442445145,5032.0,36989.0,0.6623261522363447,0.5892074987914253,2.4612231483494798,1.2816527878464776,13642.897346238446
12,92,114,22,2.440414830687902,3.2488170314813885,0.7511702896900683,5032.0,34791.5,0.6623261522363447,0.5614085396616662,2.4612231483494798,1.305977979365145,13231.433331275943
12,92,115,23,2.548271136821353,3.38756745631436,0.7522421825346756,5032.0,32281.5,0.6623261522363447,0.5300049776514476,2.4612231483494798,1.336726896020241,12745.215102147158
12,92,116,24,2.5629495949713577,3.4038466296110683,0.7529568379125844,5032.0,34385.0,0.6623261522363447,0.5938508230811708,2.4612231483494798,1.3419862749556284,13153.90892472652
12,92,117,25,2.569284629661027,3.405321985574882,0.7544909528510514,5032.0,37692.0,0.6623261522363447,0.7017068000485825,2.4612231483494798,1.341940215896498,13771.933197630608
12,92,118,26,2.566998103606792,3.4227935757471264,0.7499716377276617,5032.0,41810.0,0.6623261522363447,0.8455207953860551,2.4612231483494798,1.3505213657832873,14504.755082385915
12,93,96,3,0.4070500986275829,0.5389424787367725,0.7552755900437981,5911.0,9119.0,0.7096895381373062,0.7045051777224107,2.325994025367338,1.993004297081537,7341.825999027762
12,93,97,4,0.5066684233705415,0.6775475622432009,0.7477975740818569,5911.0,9986.0,0.7096895381373062,0.5885987106140299,2.325994025367338,1.9183149604569463,7682.919106693757
12,93,98,5,0.6158420478310332,0.8176306557598456,0.7532032262889105,5911.0,11245.0,0.7096895381373062,0.48762564480684745,2.325994025367338,1.83069544963858,8152.864220628233
12,93,99,6,0.7244660983466679,0.9578489641157923,0.7563469038309558,5911.0,12694.0,0.7096895381373062,0.4049469801723947,2.325994025367338,1.7635717871844068,8662.230313262284
12,93,100,7,0.82628977100806,1.0970732730169823,0.7531764662680551,5911.0,14528.5,0.7096895381373062,0.3486416852101482,2.325994025367338,1.6835528832857933,9267.036392504348
12,93,104,11,1.2530260377129452,1.6538217961460604,0.7576548093832728,5911.0,25113.0,0.7096895381373062,0.4201996145415067,2.325994025367338,1.437058306110025,12183.716304970336
12,93,106,13,1.445439405671092,1.9366551631949358,0.7463586874632466,5911.0,31436.5,0.7096895381373062,0.5196395567284249,2.325994025367338,1.3467042287063575,13631.623215890322
12,93,107,14,1.5669194689131436,2.081465645407531,0.7527962195150022,5911.0,34406.0,0.7096895381373062,0.5608033677545691,2.325994025367338,1.3150657913371284,14260.920938003968
12,93,108,15,1.6792675809565003,2.2138118940355067,0.758541222712198,5911.0,37004.5,0.7096895381373062,0.5921235336627068,2.325994025367338,1.2859752290069113,14789.645009262393
12,93,109,16,1.7852329176719457,2.3517056210028855,0.7591226137013836,5911.0,38909.0,0.7096895381373062,0.6138268722973137,2.325994025367338,1.2662050824361848,15165.457427984162
12,93,110,17,1.8833288297967847,2.4921977783837836,0.7556899561230422,5911.0,39664.0,0.7096895381373062,0.6234770949047926,2.325994025367338,1.2599496743440624,15311.887669389427
12,93,111,18,1.980844647660379,2.6307769714484524,0.7529504283936947,5911.0,39525.0,0.7096895381373062,0.6220256563031837,2.325994025367338,1.2577832715961215,15285.034347360819
12,93,112,19,2.07356510964399,2.7683886560349102,0.7490151735464422,5911.0,38613.5,0.7096895381373062,0.6097054808413259,2.325994025367338,1.264618086866789,15107.759546008137
12,93,113,20,2.1951125927737953,2.9118137814300815,0.7538643462617681,5911.0,36989.0,0.7096895381373062,0.5892074987914253,2.325994025367338,1.2816527878464776,14786.54723050652
12,93,114,21,2.2872832928936573,3.050598681052713,0.7497817746726201,5911.0,34791.5,0.7096895381373062,0.5614085396616662,2.325994025367338,1.305977979365145,14340.591218635303
12,93,115,22,2.395146883661745,3.189348095067424,0.7509832142079527,5911.0,32281.5,0.7096895381373062,0.5300049776514476,2.325994025367338,1.336726896020241,13813.614534219492
12,93,116,23,2.4098186026927726,3.205626518931624,0.7517465270707583,5911.0,34385.0,0.7096895381373062,0.5938508230811708,2.325994025367338,1.3419862749556284,14256.568135424457
12,93,117,24,2.416142191918953,3.2071037489163645,0.7533720082287122,5911.0,37692.0,0.7096895381373062,0.7017068000485825,2.325994025367338,1.341940215896498,14926.39983385143
12,93,118,25,2.4138958520341127,3.224574989072699,0.7485934922320675,5911.0,41810.0,0.7096895381373062,0.8455207953860551,2.325994025367338,1.3505213657832873,15720.652340154336
12,94,97,3,0.3604538501870326,0.4779501440489023,0.7541662130980593,6986.0,9986.0,0.7660407526483829,0.5885987106140299,2.21219332723435,1.9183149604569463,8352.376667751521
12,94,98,4,0.4699192877784929,0.6180380648597251,0.7603403649339132,6986.0,11245.0,0.7660407526483829,0.48762564480684745,2.21219332723435,1.83069544963858,8863.270840948053
12,94,99,5,0.5780215018299844,0.7582521934899752,0.7623077213526404,6986.0,12694.0,0.7660407526483829,0.4049469801723947,2.21219332723435,1.7635717871844068,9417.020972685576
12,94,100,6,0.6800415368608195,0.8974756075275138,0.757727041444936,6986.0,14528.5,0.7660407526483829,0.3486416852101482,2.21219332723435,1.6835528832857933,10074.527333825643
12,94,104,10,1.1065758178571747,1.4542221681053384,0.7609400008658227,6986.0,25113.0,0.7660407526483829,0.4201996145415067,2.21219332723435,1.437058306110025,13245.354581890211
12,94,106,12,1.2990040967665324,1.737057993756095,0.7478184962366484,6986.0,31436.5,0.7660407526483829,0.5196395567284249,2.21219332723435,1.3467042287063575,14819.426068508861
12,94,107,13,1.4203759405010994,1.881866901940302,0.7547696062014898,6986.0,34406.0,0.7660407526483829,0.5608033677545691,2.21219332723435,1.3150657913371284,15503.558172239042
12,94,108,14,1.5327463365096234,2.0142114043615793,0.7609659706973211,6986.0,37004.5,0.7660407526483829,0.5921235336627068,2.21219332723435,1.2859752290069113,16078.353056205726
12,94,109,15,1.6386306708248803,2.1521055406631753,0.7614081372235737,6986.0,38909.0,0.7660407526483829,0.6138268722973137,2.21219332723435,1.2662050824361848,16486.91220332055
12,94,110,16,1.7365857977852661,2.292598502498182,0.7574748896908708,6986.0,39664.0,0.7660407526483829,0.6234770949047926,2.21219332723435,1.2599496743440624,16646.101765879
12,94,111,17,1.8341871716873377,2.431177803107295,0.7544438622889112,6986.0,39525.0,0.7660407526483829,0.6220256563031837,2.21219332723435,1.2577832715961215,16616.90855724975
12,94,112,18,1.9269268814435214,2.568788210719666,0.7501306932982529,6986.0,38613.5,0.7660407526483829,0.6097054808413259,2.21219332723435,1.264618086866789,16424.186768299976
12,94,113,19,2.048362084915012,2.7122159430012807,0.7552356183882386,6986.0,36989.0,0.7660407526483829,0.5892074987914253,2.21219332723435,1.2816527878464776,16074.985349915563
12,94,114,20,2.1405801868399554,2.8510009621880057,0.7508170692433451,6986.0,34791.5,0.7660407526483829,0.5614085396616662,2.21219332723435,1.305977979365145,15590.170589188561
12,94,115,21,2.24852477967183,2.9897514395682796,0.7520774971167895,6986.0,32281.5,0.7660407526483829,0.5300049776514476,2.21219332723435,1.336726896020241,15017.275352073691
12,94,116,22,2.263132150599024,3.0060321606371962,0.7528635855044552,6986.0,34385.0,0.7660407526483829,0.5938508230811708,2.21219332723435,1.3419862749556284,15498.826084578148
12,94,117,23,2.269448070216275,3.0075056034651304,0.7545947936394551,6986.0,37692.0,0.7660407526483829,0.7017068000485825,2.21219332723435,1.341940215896498,16227.024126437971
12,94,118,24,2.267144746121998,3.0249772531937933,0.7494749733170158,6986.0,41810.0,0.7660407526483829,0.8455207953860551,2.21219332723435,1.3505213657832873,17090.48448698866
12,95,101,6,0.6283742581553431,0.8360921230592602,0.7515610311649897,9119.0,19197.5,0.7045051777224107,0.33675424531237175,1.993004297081537,1.5490468860571327,13231.099822010263
12,95,102,7,0.7425092407535254,0.9734895485675918,0.7627295453208157,9119.0,22009.5,0.7045051777224107,0.37196238188636177,1.993004297081537,1.4932030837442913,14167.0261699483
12,95,103,8,0.8460747179214884,1.1131112422951193,0.7600989782269835,9119.0,25113.0,0.7045051777224107,0.4201996145415067,1.993004297081537,1.437058306110025,15132.925923297187
12,95,105,10,1.0384466139229849,1.393588862685502,0.7451599547960338,9119.0,31436.5,0.7045051777224107,0.5196395567284249,1.993004297081537,1.3467042287063575,16931.315468681103
12,95,116,21,2.002845123792604,2.805787919003991,0.7138262697002349,9119.0,34385.0,0.7045051777224107,0.5938508230811708,1.993004297081537,1.3419862749556284,17707.535542813403
12,95,117,22,2.0091527717881013,2.8072639391811625,0.7156978521849077,9119.0,37692.0,0.7045051777224107,0.7017068000485825,1.993004297081537,1.341940215896498,18539.507760455777
12,96,99,3,0.3176897370605686,0.41891200357092145,0.7583686653819743,9119.0,12694.0,0.7045051777224107,0.4049469801723947,1.993004297081537,1.7635717871844068,10759.023468698262
12,96,100,4,0.419302194015119,0.5581341841790489,0.7512569663366242,9119.0,14528.5,0.7045051777224107,0.3486416852101482,1.993004297081537,1.6835528832857933,11510.229863039225
12,96,104,8,0.8460747179214884,1.1148854945071736,0.7588893407349326,9119.0,25113.0,0.7045051777224107,0.4201996145415067,1.993004297081537,1.437058306110025,15132.925923297187
12,96,106,10,1.0384466139229849,1.3977137161374655,0.7429608809969304,9119.0,31436.5,0.7045051777224107,0.5196395567284249,1.993004297081537,1.3467042287063575,16931.315468681103
12,96,107,11,1.159962360175523,1.5425291595110076,0.7519873144850234,9119.0,34406.0,0.7045051777224107,0.5608033677545691,1.993004297081537,1.3150657913371284,17712.94199166248
12,96,108,12,1.2723277553918284,1.6748807183418144,0.7596527570342285,9119.0,37004.5,0.7045051777224107,0.5921235336627068,1.993004297081537,1.2859752290069113,18369.649846962246
12,96,109,13,1.3782389256257956,1.8127681773233486,0.7602951899016899,9119.0,38909.0,0.7045051777224107,0.6138268722973137,1.993004297081537,1.2662050824361848,18836.432013521033
12,96,110,14,1.476310599415358,1.9532722367438629,0.755814049697646,9119.0,39664.0,0.7045051777224107,0.6234770949047926,1.993004297081537,1.2599496743440624,19018.307390511913
12,96,111,15,1.5738495618515806,2.091836603111824,0.7523769110409084,9119.0,39525.0,0.7045051777224107,0.6220256563031837,1.993004297081537,1.2577832715961215,18984.95391092641
12,96,112,16,1.6665909224767894,2.2294495160508956,0.7475347212296971,9119.0,38613.5,0.7045051777224107,0.6097054808413259,1.993004297081537,1.264618086866789,18764.767691074674
12,96,113,17,1.7880989902588673,2.3728791885548306,0.7535566913323912,9119.0,36989.0,0.7045051777224107,0.5892074987914253,1.993004297081537,1.2816527878464776,18365.80221498642
12,96,114,18,1.8803043848958743,2.511658786079607,0.7486305047951199,9119.0,34791.5,0.7045051777224107,0.5614085396616662,1.993004297081537,1.305977979365145,17811.897386297733
12,96,115,19,1.9882068624723126,2.650406991944638,0.750151530883768,9119.0,32281.5,0.7045051777224107,0.5300049776514476,1.993004297081537,1.336726896020241,17157.35989306047
12,96,116,20,2.002845123792604,2.666686326263566,0.751061384335703,9119.0,34385.0,0.7045051777224107,0.5938508230811708,1.993004297081537,1.3419862749556284,17707.535542813403
12,96,117,21,2.0091527717881013,2.668163580724551,0.7530095929285218,9119.0,37692.0,0.7045051777224107,0.7017068000485825,1.993004297081537,1.341940215896498,18539.507760455777
12,96,118,22,2.0069366834468507,2.685634464811193,0.7472858684764992,9119.0,41810.0,0.7045051777224107,0.8455207953860551,1.993004297081537,1.3505213657832873,19526.018283305995
12,97,100,3,0.3196745324028496,0.4195273682857217,0.7619873137457228,9986.0,14528.5,0.5885987106140299,0.3486416852101482,1.9183149604569463,1.6835528832857933,12044.982399322964
12,97,104,7,0.746372832800802,0.9762742611277359,0.7645114313867448,9986.0,25113.0,0.5885987106140299,0.4201996145415067,1.9183149604569463,1.437058306110025,15835.984907797809
12,97,106,9,0.938784205241841,1.2591123179548946,0.7455921063234894,9986.0,31436.5,0.5885987106140299,0.5196395567284249,1.9183149604569463,1.3467042287063575,17717.925640435453
12,97,107,10,1.0602619648988103,1.4039184966418816,0.7552161805937564,9986.0,34406.0,0.5885987106140299,0.5608033677545691,1.9183149604569463,1.3150657913371284,18535.86566632376
12,97,108,11,1.1726193078156668,1.5362662994123248,0.7632916951079604,9986.0,37004.5,0.5885987106140299,0.5921235336627068,1.9183149604569463,1.2859752290069113,19223.083441529354
12,97,109,12,1.2785655915006493,1.6741580595529972,0.7637066191002468,9986.0,38909.0,0.5885987106140299,0.6138268722973137,1.9183149604569463,1.2662050824361848,19711.551790764723
12,97,110,13,1.3766904768773656,1.8146562858130117,0.7586508186924079,9986.0,39664.0,0.5885987106140299,0.6234770949047926,1.9183149604569463,1.2599496743440624,19901.876896413563
12,97,111,14,1.4741801458169976,1.9532305999013426,0.7547394280488224,9986.0,39525.0,0.5885987106140299,0.6220256563031837,1.9183149604569463,1.2577832715961215,19866.973851092673
12,97,112,15,1.5669038941863789,2.090841868028646,0.7494129126387434,9986.0,38613.5,0.5885987106140299,0.6097054808413259,1.9183149604569463,1.264618086866789,19636.558023238187
12,97,113,16,1.6884665740633908,2.2342680879722905,0.7557135077714682,9986.0,36989.0,0.5885987106140299,0.5892074987914253,1.9183149604569463,1.2816527878464776,19219.057052831704
12,97,114,17,1.7806261593834498,2.3730517985000814,0.75035284122703,9986.0,34791.5,0.5885987106140299,0.5614085396616662,1.9183149604569463,1.305977979365145,18639.418419038724
12,97,115,18,1.8884999135743248,2.511802106297645,0.7518505971626652,9986.0,32281.5,0.5885987106140299,0.5300049776514476,1.9183149604569463,1.336726896020241,17954.471838514215
12,97,116,19,1.9031608104948678,2.528082049202126,0.7528081658170525,9986.0,34385.0,0.5885987106140299,0.5938508230811708,1.9183149604569463,1.3419862749556284,18530.20803984672
12,97,117,20,1.9094809106571347,2.52955678243224,0.754867779177155,9986.0,37692.0,0.5885987106140299,0.7017068000485825,1.9183149604569463,1.341940215896498,19400.83276563148
12,97,118,21,1.9072522672807026,2.54702827402459,0.7488147213485896,9986.0,41810.0,0.5885987106140299,0.8455207953860551,1.9183149604569463,1.3505213657832873,20433.1754751923
12,98,104,6,0.6373142576551103,0.8361950995723255,0.7621597614971274,11245.0,25113.0,0.48762564480684745,0.4201996145415067,1.83069544963858,1.437058306110025,16804.632843356027
12,98,106,8,0.8296572888629298,1.1190297679282804,0.7414077021372887,11245.0,31436.5,0.48762564480684745,0.5196395567284249,1.83069544963858,1.3467042287063575,18801.687224821075
12,98,107,9,0.9512301265387868,1.2638376343445805,0.7526521609178775,11245.0,34406.0,0.48762564480684745,0.5608033677545691,1.83069544963858,1.3150657913371284,19669.65861422104
12,98,108,10,1.0635702517226029,1.3961894605896383,0.7617664233573546,11245.0,37004.5,0.48762564480684745,0.5921235336627068,1.83069544963858,1.2859752290069113,20398.91179695623
12,98,109,11,1.1695339322690104,1.5340779983060695,0.7623692755912092,11245.0,38909.0,0.48762564480684745,0.6138268722973137,1.83069544963858,1.2662050824361848,20917.258544082684
12,98,110,12,1.26773897095799,1.6745808643112394,0.7570485235894626,11245.0,39664.0,0.48762564480684745,0.6234770949047926,1.83069544963858,1.2599496743440624,21119.22536458191
12,98,111,13,1.3651728996701369,1.813148903723575,0.7529292805828293,11245.0,39525.0,0.48762564480684745,0.6220256563031837,1.83069544963858,1.2577832715961215,21082.187386511865
12,98,112,14,1.4578896967864063,1.950761639083851,0.7473438412860551,11245.0,38613.5,0.48762564480684745,0.6097054808413259,1.83069544963858,1.264618086866789,20837.677593724307
12,98,113,15,1.5794996098129164,2.0941868489036835,0.7542305074830318,11245.0,36989.0,0.48762564480684745,0.5892074987914253,1.83069544963858,1.2816527878464776,20394.639124044337
12,98,114,16,1.6716418534122137,2.2329684918434785,0.7486186480097403,11245.0,34791.5,0.48762564480684745,0.5614085396616662,1.83069544963858,1.305977979365145,19779.545432087158
12,98,115,17,1.7794792976027272,2.3717176630079875,0.7502913712527908,11245.0,32281.5,0.48762564480684745,0.5300049776514476,1.83069544963858,1.336726896020241,19052.702367380854
12,98,116,18,1.7941628740094773,2.3879960927058805,0.7513257159380355,11245.0,34385.0,0.48762564480684745,0.5938508230811708,1.83069544963858,1.3419862749556284,19663.65492475903
12,98,117,19,1.8004786688863195,2.3894737613624475,0.7535042644116374,11245.0,37692.0,0.48762564480684745,0.7017068000485825,1.83069544963858,1.341940215896498,20587.53360652995
12,98,118,20,1.7983050815274897,2.4069448253191243,0.7471318256283925,11245.0,41810.0,0.48762564480684745,0.8455207953860551,1.83069544963858,1.3505213657832873,21683.022160206358
12,99,104,5,0.5286349145580479,0.6959739193081937,0.7595613856960577,12694.0,25113.0,0.4049469801723947,0.4201996145415067,1.7635717871844068,1.437058306110025,17854.53505415361
12,99,106,7,0.7211203980385539,0.9788122455696634,0.7367300534934212,12694.0,31436.5,0.4049469801723947,0.5196395567284249,1.7635717871844068,1.3467042287063575,19976.35930293606
12,99,107,8,0.8424864300388387,1.1236178046362748,0.7497980421479341,12694.0,34406.0,0.4049469801723947,0.5608033677545691,1.7635717871844068,1.3150657913371284,20898.558897684787
12,99,108,9,0.954830249836285,1.2559688443803114,0.7602340249987597,12694.0,37004.5,0.4049469801723947,0.5921235336627068,1.7635717871844068,1.2859752290069113,21673.373595266614
12,99,109,10,1.0608249881038605,1.3938573228284832,0.7610714315803735,12694.0,38909.0,0.4049469801723947,0.6138268722973137,1.7635717871844068,1.2662050824361848,22224.105066346317
12,99,110,11,1.1590297822556161,1.5343620122881065,0.755382219432832,12694.0,39664.0,0.4049469801723947,0.6234770949047926,1.7635717871844068,1.2599496743440624,22438.690157850124
12,99,111,12,1.2564331056506355,1.6729292793073673,0.7510377881429804,12694.0,39525.0,0.4049469801723947,0.6220256563031837,1.7635717871844068,1.2577832715961215,22399.33815986535
12,99,112,13,1.3491260414002975,1.8105411293695253,0.7451507284289621,12694.0,38613.5,0.4049469801723947,0.6097054808413259,1.7635717871844068,1.264618086866789,22139.55214090836
12,99,113,14,1.4707716070396628,1.9539682294878629,0.7527100926431919,12694.0,36989.0,0.4049469801723947,0.5892074987914253,1.7635717871844068,1.2816527878464776,21668.8339787816
12,99,114,15,1.5628519590371799,2.0927498374751377,0.7467934920127532,12694.0,34791.5,0.4049469801723947,0.5614085396616662,1.7635717871844068,1.305977979365145,21015.311108808262
12,99,115,16,1.6706875284482867,2.2314998806116653,0.7486836736869298,12694.0,32281.5,0.4049469801723947,0.5300049776514476,1.7635717871844068,1.336726896020241,20243.057106079606
12,99,116,17,1.6853771519992582,2.2477800096161933,0.7497963078188578,12694.0,34385.0,0.4049469801723947,0.5938508230811708,1.7635717871844068,1.3419862749556284,20892.1801160147
12,99,117,18,1.691717893822593,2.249254856957861,0.7521237038076947,12694.0,37692.0,0.4049469801723947,0.7017068000485825,1.7635717871844068,1.341940215896498,21873.779920260695
12,99,118,19,1.6894600421502306,2.266726231631589,0.74533043230993,12694.0,41810.0,0.4049469801723947,0.8455207953860551,1.7635717871844068,1.3505213657832873,23037.71125784851
12,100,104,4,0.4268445955002723,0.5567525428995088,0.7666684255761285,14528.5,25113.0,0.3486416852101482,0.4201996145415067,1.6835528832857933,1.437058306110025,19101.15756963436
12,100,106,6,0.6191676720101268,0.8395853395168004,0.7374684178817025,14528.5,31436.5,0.3486416852101482,0.5196395567284249,1.6835528832857933,1.3467042287063575,21371.129830919093
12,100,107,7,0.7407462825081782,0.9843970405987214,0.7524873114791649,14528.5,34406.0,0.3486416852101482,0.5608033677545691,1.6835528832857933,1.3150657913371284,22357.718376435463
12,100,108,8,0.8530996984475565,1.1167509693540587,0.763912207697477,14528.5,37004.5,0.3486416852101482,0.5921235336627068,1.6835528832857933,1.2859752290069113,23186.631455431383
12,100,109,9,0.9590280250911637,1.2546343103820297,0.7643884892635724,14528.5,38909.0,0.3486416852101482,0.6138268722973137,1.6835528832857933,1.2662050824361848,23775.815580122588
12,100,110,10,1.0572289913092612,1.395148433703768,0.7577896127529486,14528.5,39664.0,0.3486416852101482,0.6234770949047926,1.6835528832857933,1.2599496743440624,24005.383229600815
12,100,111,11,1.1546639330729518,1.5337038120396096,0.7528597920985877,14528.5,39525.0,0.3486416852101482,0.6220256563031837,1.6835528832857933,1.2577832715961215,23963.283633508992
12,100,112,12,1.2473904523706325,1.6713159080653368,0.7463522882484693,14528.5,38613.5,0.3486416852101482,0.6097054808413259,1.6835528832857933,1.264618086866789,23685.359080030852
12,100,113,13,1.368985790433586,1.8147491030995238,0.7543664234881887,14528.5,36989.0,0.3486416852101482,0.5892074987914253,1.6835528832857933,1.2816527878464776,23181.774878123546
12,100,114,14,1.4611364052101712,1.9535266041338928,0.747948045405798,14528.5,34791.5,0.3486416852101482,0.5614085396616662,1.6835528832857933,1.305977979365145,22482.622350384307
12,100,115,15,1.5689979598083739,2.0922760590696323,0.7499000684001789,14528.5,32281.5,0.3486416852101482,0.5300049776514476,1.6835528832857933,1.336726896020241,21656.44875666368
12,100,116,16,1.5836609069906464,2.108558221822696,0.7510633999101463,14528.5,34385.0,0.3486416852101482,0.5938508230811708,1.6835528832857933,1.3419862749556284,22350.89422148474
12,100,117,17,1.5899707559778928,2.1100310700224103,0.7535295468236901,14528.5,37692.0,0.3486416852101482,0.7017068000485825,1.6835528832857933,1.341940215896498,23401.030361930647
12,100,118,18,1.5878042892857132,2.127502360604341,0.7463231621678105,14528.5,41810.0,0.3486416852101482,0.8455207953860551,1.6835528832857933,1.3505213657832873,24646.22861615951
12,101,105,4,0.41015155703126144,0.5575127973452605,0.7356809726777623,19197.5,31436.5,0.33675424531237175,0.5196395567284249,1.5490468860571327,1.3467042287063575,24566.28194802787
12,104,107,3,0.3139190674590957,0.42764604414627777,0.7340628348048477,25113.0,34406.0,0.4201996145415067,0.5608033677545691,1.437058306110025,1.3150657913371284,29394.521224200947
12,104,108,4,0.4262607959344205,0.5600006839183586,0.7611790631251519,25113.0,37004.5,0.4201996145415067,0.5921235336627068,1.437058306110025,1.2859752290069113,30484.323979711276
12,104,109,5,0.5322734562863646,0.6978839653267033,0.762696211306688,25113.0,38909.0,0.4201996145415067,0.6138268722973137,1.437058306110025,1.2662050824361848,31258.946191450537
12,104,110,6,0.630730940447159,0.8384043281355185,0.7522992418822635,25113.0,39664.0,0.4201996145415067,0.6234770949047926,1.437058306110025,1.2599496743440624,31560.767291052984
12,104,111,7,0.7279196230876217,0.9769626147925772,0.7450844198804569,25113.0,39525.0,0.4201996145415067,0.6220256563031837,1.437058306110025,1.2577832715961215,31505.417391299547
12,104,112,8,0.8205937869406749,1.114571660528125,0.7362413885095977,25113.0,38613.5,0.4201996145415067,0.6097054808413259,1.437058306110025,1.264618086866789,31140.01967725775
12,104,113,9,0.942367817756762,1.2579986416250384,0.7491008229861397,25113.0,36989.0,0.4201996145415067,0.5892074987914253,1.437058306110025,1.2816527878464776,30477.938857475256
12,104,114,10,1.0343658445350332,1.396780019861287,0.7405359683178709,25113.0,34791.5,0.4201996145415067,0.5614085396616662,1.437058306110025,1.305977979365145,29558.73710935567
12,104,115,11,1.14216578969734,1.535533328797404,0.7438235095762196,25113.0,32281.5,0.4201996145415067,0.5300049776514476,1.437058306110025,1.336726896020241,28472.536056698566
12,104,116,12,1.156870287160656,1.5518171719839218,0.745493933207128,25113.0,34385.0,0.4201996145415067,0.5938508230811708,1.437058306110025,1.3419862749556284,29385.5492546932
12,104,117,13,1.1632072881471025,1.5532848294045265,0.7488692776282598,25113.0,37692.0,0.4201996145415067,0.7017068000485825,1.437058306110025,1.341940215896498,30766.202170563723
12,104,118,14,1.1610324707504722,1.5707571467651744,0.7391546638138866,25113.0,41810.0,0.4201996145415067,0.8455207953860551,1.437058306110025,1.3505213657832873,32403.31047902359
12,106,110,4,0.43854254325189773,0.5557313424115596,0.7891268852119645,31436.5,39664.0,0.5196395567284249,0.6234770949047926,1.3467042287063575,1.2599496743440624,35311.43350247905
12,106,111,5,0.5356252812053294,0.6941290304883476,0.7716508857560611,31436.5,39525.0,0.5196395567284249,0.6220256563031837,1.3467042287063575,1.2577832715961215,35249.50584760019
12,106,112,6,0.628317693661353,0.831745668082325,0.7554204581672231,31436.5,38613.5,0.5196395567284249,0.6097054808413259,1.3467042287063575,1.264618086866789,34840.684447209125
12,106,113,7,0.7500712366315759,0.9752226732716001,0.7691281767632577,31436.5,36989.0,0.5196395567284249,0.5892074987914253,1.3467042287063575,1.2816527878464776,34099.922265307294
12,106,114,8,0.8420931287691815,1.1139612829686636,0.7559447008113568,31436.5,34791.5,0.5196395567284249,0.5614085396616662,1.3467042287063575,1.305977979365145,33071.48302918997
12,106,115,9,0.9499135989175291,1.2527040181025142,0.7582905340691528,31436.5,32281.5,0.5196395567284249,0.5300049776514476,1.3467042287063575,1.336726896020241,31856.198372530267
12,106,116,10,0.9645844107883907,1.268997708397942,0.7601151715286699,31436.5,34385.0,0.5196395567284249,0.5938508230811708,1.3467042287063575,1.3419862749556284,32877.71361424027
12,106,117,11,0.9708927704498065,1.2704614319351044,0.7642048361680609,31436.5,37692.0,0.5196395567284249,0.7017068000485825,1.3467042287063575,1.341940215896498,34422.44265010837
12,106,118,12,0.9688138974480429,1.2879313642873946,0.7522247879909986,31436.5,41810.0,0.5196395567284249,0.8455207953860551,1.3467042287063575,1.3505213657832873,36254.10411250014
12,107,110,3,0.3172739921334832,0.4107888004519023,0.7723530723925653,34406.0,39664.0,0.5608033677545691,0.6234770949047926,1.3150657913371284,1.2599496743440624,36941.56986377271
12,107,111,4,0.4140504109833171,0.5493381786604562,0.7537258961191554,34406.0,39525.0,0.5608033677545691,0.6220256563031837,1.3150657913371284,1.2577832715961215,36876.78334670745
12,107,112,5,0.5066802932625284,0.686942785371765,0.7375873275797187,34406.0,38613.5,0.5608033677545691,0.6097054808413259,1.3150657913371284,1.264618086866789,36449.08889121922
12,107,113,6,0.6286014443220787,0.8303531010917583,0.7570290801534743,34406.0,36989.0,0.5608033677545691,0.5892074987914253,1.3150657913371284,1.2816527878464776,35674.12975813145
12,107,114,7,0.7204630878882851,0.9691381800075669,0.7434059484506738,34406.0,34791.5,0.5608033677545691,0.5614085396616662,1.3150657913371284,1.305977979365145,34598.21308969583
12,107,115,8,0.8282536371029887,1.1078946310047055,0.7475924279476637,34406.0,32281.5,0.5608033677545691,0.5300049776514476,1.3150657913371284,1.336726896020241,33326.82536636216
12,107,116,9,0.8429560907500877,1.1241769024626942,0.7498429196538854,34406.0,34385.0,0.5608033677545691,0.5938508230811708,1.3150657913371284,1.3419862749556284,34395.49839731938
12,107,117,10,0.8493054533623897,1.1256440616945855,0.754506226492071,34406.0,37692.0,0.5608033677545691,0.7017068000485825,1.3150657913371284,1.341940215896498,36011.53915066669
12,107,118,11,0.8471341836037869,1.1431169624235895,0.7410739333337578,34406.0,41810.0,0.5608033677545691,0.8455207953860551,1.3150657913371284,1.3505213657832873,37927.75843626934
12,108,111,3,0.30193025815067687,0.4170566891402218,0.7239549586726868,37004.5,39525.0,0.5921235336627068,0.6220256563031837,1.2859752290069113,1.2577832715961215,38243.991194696195
12,108,113,5,0.5165899359356777,0.698012003932284,0.7400874670140966,37004.5,36989.0,0.5921235336627068,0.5892074987914253,1.2859752290069113,1.2816527878464776,36996.74918827329
12,108,114,6,0.6082333935629343,0.8368194141697844,0.7268394868280723,37004.5,34791.5,0.5921235336627068,0.5614085396616662,1.2859752290069113,1.305977979365145,35880.942877104
12,108,115,7,0.7159132176337699,0.9755833200927397,0.7338309326216388,37004.5,32281.5,0.5921235336627068,0.5300049776514476,1.2859752290069113,1.336726896020241,34562.41841581691
12,108,116,8,0.7306839490960767,0.9918668868266366,0.7366754136069765,37004.5,34385.0,0.5921235336627068,0.5938508230811708,1.2859752290069113,1.3419862749556284,35670.71253143116
12,108,117,9,0.7370610417420523,0.9933232617083593,0.7420152835990407,37004.5,37692.0,0.5921235336627068,0.7017068000485825,1.2859752290069113,1.341940215896498,37346.66804415087
12,108,118,10,0.7349066982323205,1.0107987041481952,0.7270554416189421,37004.5,41810.0,0.5921235336627068,0.8455207953860551,1.2859752290069113,1.3505213657832873,39333.93121720736
12,109,113,4,0.4102056848709987,0.5601345675971995,0.732334172180538,38909.0,36989.0,0.6138268722973137,0.5892074987914253,1.2662050824361848,1.2816527878464776,37936.855444277404
12,109,114,5,0.5021285142827832,0.6989015774806461,0.7184538287820478,38909.0,34791.5,0.6138268722973137,0.5614085396616662,1.2662050824361848,1.305977979365145,36792.695925957916
12,109,115,6,0.6100669655900394,0.8376594515393023,0.7282995070000896,38909.0,32281.5,0.6138268722973137,0.5300049776514476,1.2662050824361848,1.336726896020241,35440.66708599035
12,109,116,7,0.624642236602217,0.8539536441888768,0.7314708952328788,38909.0,34385.0,0.6138268722973137,0.5938508230811708,1.2662050824361848,1.3419862749556284,36577.1235200364
12,109,117,8,0.6309479569921493,0.8554046040401092,0.7376017781669137,38909.0,37692.0,0.6138268722973137,0.7017068000485825,1.2662050824361848,1.341940215896498,38295.665916654325
12,109,118,9,0.6288438120185119,0.872878367887359,0.7204254741018641,38909.0,41810.0,0.6138268722973137,0.8455207953860551,1.2662050824361848,1.3505213657832873,40333.42645994759
12,110,113,3,0.3118016252327558,0.4196582716214316,0.742989347089596,39664.0,36989.0,0.6234770949047926,0.5892074987914253,1.2599496743440624,1.2816527878464776,38303.15517029896
12,110,114,4,0.40436385134011793,0.5585219941844731,0.7239891276449203,39664.0,34791.5,0.6234770949047926,0.5614085396616662,1.2599496743440624,1.305977979365145,37147.94820713521
12,110,115,5,0.5127960427554804,0.6972904908561502,0.7354123560839858,39664.0,32281.5,0.6234770949047926,0.5300049776514476,1.2599496743440624,1.336726896020241,35782.86483779632
12,110,116,6,0.5269281556071561,0.7135592716616288,0.7384504364719774,39664.0,34385.0,0.6234770949047926,0.5938508230811708,1.2599496743440624,1.3419862749556284,36930.29433947149
12,110,117,7,0.5330923291575317,0.7150147928069983,0.7455682519024857,39664.0,37692.0,0.6234770949047926,0.7017068000485825,1.2599496743440624,1.341940215896498,38665.43014114805
12,110,118,8,0.5309858704446774,0.7324932232881814,0.7249020926924999,39664.0,41810.0,0.6234770949047926,0.8455207953860551,1.2599496743440624,1.3505213657832873,40722.86630383475
12,111,114,3,0.30648980195562997,0.41984396932517143,0.7300088231546134,39525.0,34791.5,0.6220256563031837,0.5614085396616662,1.2577832715961215,1.305977979365145,37082.799752715546
12,111,115,4,0.4145986590440912,0.5585875646911562,0.7422267971062394,39525.0,32281.5,0.6220256563031837,0.5300049776514476,1.2577832715961215,1.336726896020241,35720.1104071642
12,111,116,5,0.4290252626462775,0.5749043919596425,0.7462549749948588,39525.0,34385.0,0.6220256563031837,0.5938508230811708,1.2577832715961215,1.3419862749556284,36865.5275969299
12,111,117,6,0.4353078475048583,0.576337114698098,0.755300737022437,39525.0,37692.0,0.6220256563031837,0.7017068000485825,1.2577832715961215,1.341940215896498,38597.620392972414
12,111,118,7,0.4332184131260768,0.5938083995487381,0.7295592542229095,39525.0,41810.0,0.6220256563031837,0.8455207953860551,1.2577832715961215,1.3505213657832873,40651.4483136825
12,112,115,3,0.32171411963364394,0.4209997411422307,0.7641670248081125,38613.5,32281.5,0.6097054808413259,0.5300049776514476,1.264618086866789,1.336726896020241,35305.83096671143
12,112,116,4,0.33627887552200914,0.43733819297065923,0.7689218113739494,38613.5,34385.0,0.6097054808413259,0.5938508230811708,1.264618086866789,1.3419862749556284,36437.963684871305
12,112,117,5,0.342639619316482,0.4387362266016315,0.7809695177681228,38613.5,37692.0,0.6097054808413259,0.7017068000485825,1.264618086866789,1.341940215896498,38149.96778504537
12,112,118,6,0.34054135283878806,0.4562100987782995,0.7464572874443931,38613.5,41810.0,0.6097054808413259,0.8455207953860551,1.264618086866789,1.3505213657832873,40179.975547528644
12,113,116,3,0.21559077018632286,0.293921840531131,0.7334969384947368,36989.0,34385.0,0.5892074987914253,0.5938508230811708,1.2816527878464776,1.3419862749556284,35663.24108939063
12,113,117,4,0.22153788261938448,0.295382520065078,0.7500033602888071,36989.0,37692.0,0.5892074987914253,0.7017068000485825,1.2816527878464776,1.341940215896498,37338.84556330043
12,114,118,4,0.1267972531768326,0.17398106511662936,0.7287991546196894,34791.5,41810.0,0.5614085396616662,0.8455207953860551,1.305977979365145,1.3505213657832873,38139.64623590523
