observer_type,observer_id,camera_name,frame_id,image_path,marker_id,marker_length_m,fx,fy,cx,cy,pnp_success,rvec_x,rvec_y,rvec_z,tvec_x_m,tvec_y_m,tvec_z_m,distance_m,center_u,center_v,area_px2,corner0_u,corner0_v,corner1_u,corner1_v,corner2_u,corner2_v,corner3_u,corner3_v
moving,moving_frame_000000,moving_calib_camera,0,results/bus_real_data/ablation/moving_cam/fov/00_prepared_datasets/fov_69deg_baseline/raw_images/moving/frame_0000.png,5,0.17,1858.934191458762,1858.934191458762,1280.0,720.0,True,-2.560203887459002,-2.0624365157926444e-12,-0.6872441756862777,-3.5343218132046266,-3.4139141012568,13.167439965467711,14.05445535815068,781.0,238.0,576.0,769.0,226.0,793.0,226.0,793.0,250.0,769.0,250.0
moving,moving_frame_000000,moving_calib_camera,0,results/bus_real_data/ablation/moving_cam/fov/00_prepared_datasets/fov_69deg_baseline/raw_images/moving/frame_0000.png,7,0.17,1858.934191458762,1858.934191458762,1280.0,720.0,True,3.0836716292151003,-0.003943822280235229,0.012611856782273312,-5.629667950250529,-3.791850058612635,13.49041795545708,15.101743763883608,504.25,197.5,540.5,493.0,186.0,516.0,186.0,516.0,209.0,492.0,209.0
moving,moving_frame_000000,moving_calib_camera,0,results/bus_real_data/ablation/moving_cam/fov/00_prepared_datasets/fov_69deg_baseline/raw_images/moving/frame_0000.png,6,0.17,1858.934191458762,1858.934191458762,1280.0,720.0,True,3.078397065851677,-0.03260815182015054,0.10369811783437839,-5.169296141725401,-3.788217777795598,13.4774902027827,14.923637582672914,567.0,197.5,552.0,555.0,186.0,579.0,186.0,579.0,209.0,555.0,209.0
moving,moving_frame_000001,moving_calib_camera,1,results/bus_real_data/ablation/moving_cam/fov/00_prepared_datasets/fov_69deg_baseline/raw_images/moving/frame_0001.png,5,0.17,1858.934191458762,1858.934191458762,1280.0,720.0,True,-2.560203887459002,-2.0624365157926444e-12,-0.6872441756862777,-3.5343218132046266,-3.4139141012568,13.167439965467711,14.05445535815068,781.0,238.0,576.0,769.0,226.0,793.0,226.0,793.0,250.0,769.0,250.0
moving,moving_frame_000001,moving_calib_camera,1,results/bus_real_data/ablation/moving_cam/fov/00_prepared_datasets/fov_69deg_baseline/raw_images/moving/frame_0001.png,7,0.17,1858.934191458762,1858.934191458762,1280.0,720.0,True,3.0836716292151003,-0.003943822280235229,0.012611856782273312,-5.629667950250529,-3.791850058612635,13.49041795545708,15.101743763883608,504.25,197.5,540.5,493.0,186.0,516.0,186.0,516.0,209.0,492.0,209.0
moving,moving_frame_000001,moving_calib_camera,1,results/bus_real_data/ablation/moving_cam/fov/00_prepared_datasets/fov_69deg_baseline/raw_images/moving/frame_0001.png,6,0.17,1858.934191458762,1858.934191458762,1280.0,720.0,True,3.078397065851677,-0.03260815182015054,0.10369811783437839,-5.169296141725401,-3.788217777795598,13.4774902027827,14.923637582672914,567.0,197.5,552.0,555.0,186.0,579.0,186.0,579.0,209.0,555.0,209.0
moving,moving_frame_000002,moving_calib_camera,2,results/bus_real_data/ablation/moving_cam/fov/00_prepared_datasets/fov_69deg_baseline/raw_images/moving/frame_0002.png,5,0.17,1858.934191458762,1858.934191458762,1280.0,720.0,True,-2.560203887459002,-2.0624365157926444e-12,-0.6872441756862777,-3.5343218132046266,-3.4139141012568,13.167439965467711,14.05445535815068,781.0,238.0,576.0,769.0,226.0,793.0,226.0,793.0,250.0,769.0,250.0
moving,moving_frame_000002,moving_calib_camera,2,results/bus_real_data/ablation/moving_cam/fov/00_prepared_datasets/fov_69deg_baseline/raw_images/moving/frame_0002.png,7,0.17,1858.934191458762,1858.934191458762,1280.0,720.0,True,3.0836716292151003,-0.003943822280235229,0.012611856782273312,-5.629667950250529,-3.791850058612635,13.49041795545708,15.101743763883608,504.25,197.5,540.5,493.0,186.0,516.0,186.0,516.0,209.0,492.0,209.0
moving,moving_frame_000002,moving_calib_camera,2,results/bus_real_data/ablation/moving_cam/fov/00_prepared_datasets/fov_69deg_baseline/raw_images/moving/frame_0002.png,6,0.17,1858.934191458762,1858.934191458762,1280.0,720.0,True,3.078397065851677,-0.03260815182015054,0.10369811783437839,-5.169296141725401,-3.788217777795598,13.4774902027827,14.923637582672914,567.0,197.5,552.0,555.0,186.0,579.0,186.0,579.0,209.0,555.0,209.0
moving,moving_frame_000003,moving_calib_camera,3,results/bus_real_data/ablation/moving_cam/fov/00_prepared_datasets/fov_69deg_baseline/raw_images/moving/frame_0003.png,5,0.17,1858.934191458762,1858.934191458762,1280.0,720.0,True,3.093433032964677,-0.07622491136402267,0.26664304603941935,-3.8590030913591336,-3.6250067470098997,13.599633375925457,14.593923623706281,752.5,224.5,552.0,740.0,213.0,764.0,213.0,765.0,236.0,741.0,236.0
moving,moving_frame_000003,moving_calib_camera,3,results/bus_real_data/ablation/moving_cam/fov/00_prepared_datasets/fov_69deg_baseline/raw_images/moving/frame_0003.png,6,0.17,1858.934191458762,1858.934191458762,1280.0,720.0,True,3.1415854759136668,-1.7182627418112881e-06,5.9590732561456e-06,-5.284170350105185,-3.796669348817622,13.167460011723023,14.687380896317316,534.0,184.0,576.0,522.0,172.0,546.0,172.0,546.0,196.0,522.0,196.0
moving,moving_frame_000003,moving_calib_camera,3,results/bus_real_data/ablation/moving_cam/fov/00_prepared_datasets/fov_69deg_baseline/raw_images/moving/frame_0003.png,7,0.17,1858.934191458762,1858.934191458762,1280.0,720.0,True,3.0866972107779933,-0.036428396349374656,0.012201213507074643,-5.762925719011546,-3.807045293552462,13.209504539180127,14.906237515906724,469.0,184.25,564.0,457.0,173.0,481.0,172.0,481.0,196.0,457.0,196.0
moving,moving_frame_000004,moving_calib_camera,4,results/bus_real_data/ablation/moving_cam/fov/00_prepared_datasets/fov_69deg_baseline/raw_images/moving/frame_0004.png,5,0.17,1858.934191458762,1858.934191458762,1280.0,720.0,True,3.1359320058964517,-0.03357249263132997,0.12180640059938175,-3.9322984223361517,-3.601552267784473,13.153332533484619,14.193107706077473,724.25,211.0,588.0,712.0,199.0,736.0,199.0,737.0,223.0,712.0,223.0
moving,moving_frame_000004,moving_calib_camera,4,results/bus_real_data/ablation/moving_cam/fov/00_prepared_datasets/fov_69deg_baseline/raw_images/moving/frame_0004.png,6,0.17,1858.934191458762,1858.934191458762,1280.0,720.0,True,3.0874759696672847,-0.031071111702947865,0.09586894563607617,-5.4282524622080235,-3.8231590861778546,12.94526081444137,14.548616695260172,500.5,171.0,600.0,488.0,159.0,513.0,159.0,513.0,183.0,488.0,183.0
moving,moving_frame_000004,moving_calib_camera,4,results/bus_real_data/ablation/moving_cam/fov/00_prepared_datasets/fov_69deg_baseline/raw_images/moving/frame_0004.png,7,0.17,1858.934191458762,1858.934191458762,1280.0,720.0,True,-2.3816070078056764,0.0,-1.084508749111955,-5.755798202415025,-3.7295394799167263,12.640752871410797,14.381491954427462,433.5,171.5,625.0,421.0,159.0,446.0,159.0,446.0,184.0,421.0,184.0
moving,moving_frame_000005,moving_calib_camera,5,results/bus_real_data/ablation/moving_cam/fov/00_prepared_datasets/fov_69deg_baseline/raw_images/moving/frame_0005.png,5,0.17,1858.934191458762,1858.934191458762,1280.0,720.0,True,3.13684039572023,-0.06425764740006124,0.11441359881475817,-4.047338081402501,-3.619425878005169,12.883240570213951,13.980667967645575,696.0,197.75,613.0,683.0,186.0,708.0,185.0,709.0,210.0,684.0,210.0
moving,moving_frame_000005,moving_calib_camera,5,results/bus_real_data/ablation/moving_cam/fov/00_prepared_datasets/fov_69deg_baseline/raw_images/moving/frame_0005.png,6,0.17,1858.934191458762,1858.934191458762,1280.0,720.0,True,-2.408448327678986,0.026998577655234595,-0.9626313456458304,-5.433017653526178,-3.7550156988038115,12.415910159052277,14.063166385968977,466.5,157.75,663.5,453.0,145.0,479.0,145.0,480.0,170.0,454.0,171.0
moving,moving_frame_000005,moving_calib_camera,5,results/bus_real_data/ablation/moving_cam/fov/00_prepared_datasets/fov_69deg_baseline/raw_images/moving/frame_0005.png,7,0.17,1858.934191458762,1858.934191458762,1280.0,720.0,True,3.099605466021493,-0.05816418607978133,0.08974806865852482,-5.80477045354901,-3.6907026654479727,12.224017518514668,14.026519542498555,397.25,158.75,676.0,384.0,146.0,410.0,146.0,411.0,171.0,384.0,172.0
moving,moving_frame_000006,moving_calib_camera,6,results/bus_real_data/ablation/moving_cam/fov/00_prepared_datasets/fov_69deg_baseline/raw_images/moving/frame_0006.png,14,0.17,1858.934191458762,1858.934191458762,1280.0,720.0,True,1.4962011508593662,-1.8852576978168523,1.0361134848127618,-4.333673317882663,-1.519858387343579,9.338177216843816,10.406356119069137,417.25,417.5,540.5,397.0,426.0,401.0,411.0,437.0,409.0,434.0,424.0
moving,moving_frame_000006,moving_calib_camera,6,results/bus_real_data/ablation/moving_cam/fov/00_prepared_datasets/fov_69deg_baseline/raw_images/moving/frame_0006.png,2,0.17,1858.934191458762,1858.934191458762,1280.0,720.0,True,-2.579743826577755,0.05515778956021974,-0.9873233309476658,-2.0903582339876534,-1.2913618370537647,6.446309714730216,6.898704362329496,677.0,347.5,2305.0,652.0,324.0,701.0,322.0,700.0,371.0,655.0,373.0
moving,moving_frame_000006,moving_calib_camera,6,results/bus_real_data/ablation/moving_cam/fov/00_prepared_datasets/fov_69deg_baseline/raw_images/moving/frame_0006.png,1,0.17,1858.934191458762,1858.934191458762,1280.0,720.0,True,2.057923580363906,-0.4562839378247312,0.4209525342367625,-1.0791204698503831,-0.9088765347207913,3.9898510988991056,4.231958097051835,777.0,296.75,2012.5,728.0,286.0,804.0,283.0,829.0,307.0,747.0,311.0
moving,moving_frame_000006,moving_calib_camera,6,results/bus_real_data/ablation/moving_cam/fov/00_prepared_datasets/fov_69deg_baseline/raw_images/moving/frame_0006.png,5,0.17,1858.934191458762,1858.934191458762,1280.0,720.0,True,-2.5325585329338423,0.052841180237840395,-0.8305497845543994,-4.148038315839201,-3.6278686085211698,12.600545187385677,13.752868483691385,668.0,184.75,638.0,655.0,172.0,680.0,172.0,681.0,197.0,656.0,198.0
moving,moving_frame_000006,moving_calib_camera,6,results/bus_real_data/ablation/moving_cam/fov/00_prepared_datasets/fov_69deg_baseline/raw_images/moving/frame_0006.png,7,0.17,1858.934191458762,1858.934191458762,1280.0,720.0,True,-2.357865791656415,0.02707085444669411,-1.0851639835312172,-5.916159080336615,-3.689554586691387,11.954970582816717,13.839619682203622,360.0,146.25,716.0,346.0,133.0,373.0,133.0,374.0,159.0,347.0,160.0
moving,moving_frame_000006,moving_calib_camera,6,results/bus_real_data/ablation/moving_cam/fov/00_prepared_datasets/fov_69deg_baseline/raw_images/moving/frame_0006.png,6,0.17,1858.934191458762,1858.934191458762,1280.0,720.0,True,-3.123372293889117,0.05090383247119739,-0.16852541473338617,-5.56684610484433,-3.7747255989540913,12.203448420207572,13.934219829150338,432.0,145.0,702.0,418.0,132.0,445.0,132.0,446.0,158.0,419.0,158.0
moving,moving_frame_000007,moving_calib_camera,7,results/bus_real_data/ablation/moving_cam/fov/00_prepared_datasets/fov_69deg_baseline/raw_images/moving/frame_0007.png,14,0.17,1858.934191458762,1858.934191458762,1280.0,720.0,True,1.4752480019545937,-1.9141680511170378,1.0491707044139869,-4.3460383191404,-1.4777966547871193,9.027412478520814,10.127492684849988,385.0,415.75,581.5,364.0,425.0,368.0,409.0,405.0,407.0,403.0,422.0
moving,moving_frame_000007,moving_calib_camera,7,results/bus_real_data/ablation/moving_cam/fov/00_prepared_datasets/fov_69deg_baseline/raw_images/moving/frame_0007.png,2,0.17,1858.934191458762,1858.934191458762,1280.0,720.0,True,-2.60601314133846,0.10219897534364611,-0.9206952768315807,-2.109182937155569,-1.269261944158548,6.272902709879336,6.738619068688246,654.75,343.75,2512.0,628.0,320.0,678.0,317.0,681.0,367.0,632.0,371.0
moving,moving_frame_000007,moving_calib_camera,7,results/bus_real_data/ablation/moving_cam/fov/00_prepared_datasets/fov_69deg_baseline/raw_images/moving/frame_0007.png,1,0.17,1858.934191458762,1858.934191458762,1280.0,720.0,True,2.0748710364551686,-0.4759352777697401,0.4351990553599362,-1.0464932442665975,-0.856038344640101,3.7664595245690737,4.001770496668554,763.25,297.75,2406.5,711.0,286.0,791.0,282.0,819.0,309.0,732.0,314.0
moving,moving_frame_000007,moving_calib_camera,7,results/bus_real_data/ablation/moving_cam/fov/00_prepared_datasets/fov_69deg_baseline/raw_images/moving/frame_0007.png,5,0.17,1858.934191458762,1858.934191458762,1280.0,720.0,True,-2.54091083461617,0.05341178608583279,-0.7664488408975942,-4.344900118134596,-3.7205715297989546,12.616113424165937,13.852332925407781,639.75,171.75,651.0,626.0,159.0,652.0,159.0,653.0,184.0,628.0,185.0
moving,moving_frame_000007,moving_calib_camera,7,results/bus_real_data/ablation/moving_cam/fov/00_prepared_datasets/fov_69deg_baseline/raw_images/moving/frame_0007.png,7,0.17,1858.934191458762,1858.934191458762,1280.0,720.0,True,-3.1104020942624686,0.09595634026007654,-0.22267759828161152,-5.9601739623302255,-3.6423719285247125,11.559466029036624,13.505991329902287,321.5,134.25,798.5,306.0,121.0,335.0,120.0,337.0,148.0,308.0,148.0
moving,moving_frame_000007,moving_calib_camera,7,results/bus_real_data/ablation/moving_cam/fov/00_prepared_datasets/fov_69deg_baseline/raw_images/moving/frame_0007.png,6,0.17,1858.934191458762,1858.934191458762,1280.0,720.0,True,-3.051138486585116,0.06515011405095203,-0.23932783896784468,-5.689448346851447,-3.7811828427047196,11.964366854537769,13.777272604235469,396.0,132.5,756.0,381.0,119.0,409.0,119.0,411.0,146.0,383.0,146.0
moving,moving_frame_000008,moving_calib_camera,8,results/bus_real_data/ablation/moving_cam/fov/00_prepared_datasets/fov_69deg_baseline/raw_images/moving/frame_0008.png,14,0.17,1858.934191458762,1858.934191458762,1280.0,720.0,True,1.458974767112562,-1.9373338508917033,1.030130337465039,-4.282325469964111,-1.4059064586296517,8.588045050944313,9.698938199523132,353.0,415.75,649.5,331.0,426.0,335.0,409.0,374.0,406.0,372.0,422.0
moving,moving_frame_000008,moving_calib_camera,8,results/bus_real_data/ablation/moving_cam/fov/00_prepared_datasets/fov_69deg_baseline/raw_images/moving/frame_0008.png,2,0.17,1858.934191458762,1858.934191458762,1280.0,720.0,True,-3.1162298968473134,0.10789220083282362,0.0630103573479989,-2.1205077251203455,-1.2411367354860414,6.087720101666685,6.564854106886507,632.5,341.0,2668.0,605.0,317.0,656.0,313.0,660.0,365.0,609.0,369.0
moving,moving_frame_000008,moving_calib_camera,8,results/bus_real_data/ablation/moving_cam/fov/00_prepared_datasets/fov_69deg_baseline/raw_images/moving/frame_0008.png,1,0.17,1858.934191458762,1858.934191458762,1280.0,720.0,True,2.092963059069334,-0.5052645381235039,0.4426309542057718,-1.016461293047204,-0.8086753258180482,3.578879612579559,3.807299387254401,751.75,300.25,2847.5,696.0,288.0,780.0,282.0,811.0,312.0,720.0,319.0
moving,moving_frame_000008,moving_calib_camera,8,results/bus_real_data/ablation/moving_cam/fov/00_prepared_datasets/fov_69deg_baseline/raw_images/moving/frame_0008.png,5,0.17,1858.934191458762,1858.934191458762,1280.0,720.0,True,-3.068861734677383,0.08407015175425388,-0.0928243750096354,-4.444807394309601,-3.729503283020266,12.369274007606577,13.662519789036718,612.0,159.5,678.0,598.0,147.0,624.0,146.0,626.0,172.0,600.0,173.0
moving,moving_frame_000008,moving_calib_camera,8,results/bus_real_data/ablation/moving_cam/fov/00_prepared_datasets/fov_69deg_baseline/raw_images/moving/frame_0008.png,7,0.17,1858.934191458762,1858.934191458762,1280.0,720.0,True,3.1049164722858116,-0.12571284372587857,0.20880806665823465,-5.995099919016437,-3.5893223741433826,11.167000259082073,13.172940177912304,282.0,122.5,842.0,266.0,109.0,296.0,108.0,298.0,136.0,268.0,137.0
moving,moving_frame_000008,moving_calib_camera,8,results/bus_real_data/ablation/moving_cam/fov/00_prepared_datasets/fov_69deg_baseline/raw_images/moving/frame_0008.png,6,0.17,1858.934191458762,1858.934191458762,1280.0,720.0,True,-3.124048155454978,0.10106723408910992,-0.14281017542280683,-5.604658018548767,-3.6502136694304608,11.318635015557003,13.147157485661038,359.5,120.5,814.0,344.0,107.0,373.0,106.0,375.0,134.0,346.0,135.0
moving,moving_frame_000009,moving_calib_camera,9,results/bus_real_data/ablation/moving_cam/fov/00_prepared_datasets/fov_69deg_baseline/raw_images/moving/frame_0009.png,14,0.17,1858.934191458762,1858.934191458762,1280.0,720.0,True,-1.396580336754814,1.0773112866277461,0.3982819487182342,-4.379078800457941,-1.3816679522923798,8.478328591411495,9.641960027658152,319.75,417.0,715.0,298.0,428.0,301.0,410.0,342.0,406.0,338.0,424.0
moving,moving_frame_000009,moving_calib_camera,9,results/bus_real_data/ablation/moving_cam/fov/00_prepared_datasets/fov_69deg_baseline/raw_images/moving/frame_0009.png,2,0.17,1858.934191458762,1858.934191458762,1280.0,720.0,True,-2.5557518322957757,0.11527870142045073,-0.9404178402150847,-2.0931484556400757,-1.1909524693752365,5.820519646520521,6.299054468504838,611.25,339.5,2911.5,582.0,315.0,636.0,310.0,640.0,364.0,587.0,369.0
moving,moving_frame_000009,moving_calib_camera,9,results/bus_real_data/ablation/moving_cam/fov/00_prepared_datasets/fov_69deg_baseline/raw_images/moving/frame_0009.png,1,0.17,1858.934191458762,1858.934191458762,1280.0,720.0,True,2.09840045817799,-0.5244485164277115,0.4606799770105353,-0.967911151435385,-0.7486292383760903,3.352671604433813,3.5689921015324955,743.0,305.25,3348.0,683.0,292.0,772.0,285.0,807.0,318.0,710.0,326.0
moving,moving_frame_000009,moving_calib_camera,9,results/bus_real_data/ablation/moving_cam/fov/00_prepared_datasets/fov_69deg_baseline/raw_images/moving/frame_0009.png,5,0.17,1858.934191458762,1858.934191458762,1280.0,720.0,True,-2.548513155245924,0.1058867109849281,-0.8571293973611744,-4.521790667920891,-3.7213856078650513,12.073801123874373,13.419089956691984,583.75,147.0,718.0,569.0,134.0,596.0,133.0,598.0,160.0,572.0,161.0
moving,moving_frame_000009,moving_calib_camera,9,results/bus_real_data/ablation/moving_cam/fov/00_prepared_datasets/fov_69deg_baseline/raw_images/moving/frame_0009.png,7,0.17,1858.934191458762,1858.934191458762,1280.0,720.0,True,-2.3022292361455534,0.04446332786441275,-1.0116689540566768,-5.9268998824464045,-3.4708547676501347,10.599980034315742,12.630698783620613,240.5,111.25,948.5,223.0,97.0,255.0,96.0,258.0,125.0,226.0,127.0
moving,moving_frame_000009,moving_calib_camera,9,results/bus_real_data/ablation/moving_cam/fov/00_prepared_datasets/fov_69deg_baseline/raw_images/moving/frame_0009.png,6,0.17,1858.934191458762,1858.934191458762,1280.0,720.0,True,-3.064801687181364,0.1116058305862922,-0.19887759403825692,-5.719425955301752,-3.655667235882979,11.104132599401574,13.014511015892237,322.5,108.0,873.0,306.0,94.0,336.0,93.0,339.0,122.0,309.0,123.0
moving,moving_frame_000010,moving_calib_camera,10,results/bus_real_data/ablation/moving_cam/fov/00_prepared_datasets/fov_69deg_baseline/raw_images/moving/frame_0010.png,14,0.17,1858.934191458762,1858.934191458762,1280.0,720.0,True,1.4594417972664775,-1.987343078505124,0.9877855620535593,-4.281471363331177,-1.2989060704335322,8.01970468334953,9.18334455538789,287.5,419.0,802.0,264.0,431.0,268.0,412.0,310.0,407.0,308.0,426.0
moving,moving_frame_000010,moving_calib_camera,10,results/bus_real_data/ablation/moving_cam/fov/00_prepared_datasets/fov_69deg_baseline/raw_images/moving/frame_0010.png,2,0.17,1858.934191458762,1858.934191458762,1280.0,720.0,True,-2.566438165539337,0.1353673140872321,-0.9783141731158148,-2.0718689952388964,-1.14305782885087,5.59016623523352,6.070352615052474,590.75,339.75,3166.0,560.0,314.0,616.0,309.0,621.0,365.0,566.0,371.0
moving,moving_frame_000010,moving_calib_camera,10,results/bus_real_data/ablation/moving_cam/fov/00_prepared_datasets/fov_69deg_baseline/raw_images/moving/frame_0010.png,1,0.17,1858.934191458762,1858.934191458762,1280.0,720.0,True,2.1239084479400674,-0.5674020189052803,0.48565417781866105,-0.9204847718263904,-0.6924914299044378,3.157779962593735,3.3613108883014475,737.75,312.75,4137.0,673.0,298.0,766.0,289.0,807.0,326.0,705.0,338.0
moving,moving_frame_000010,moving_calib_camera,10,results/bus_real_data/ablation/moving_cam/fov/00_prepared_datasets/fov_69deg_baseline/raw_images/moving/frame_0010.png,5,0.17,1858.934191458762,1858.934191458762,1280.0,720.0,True,-3.0782710357123544,0.13307668435066902,-0.07889079821936942,-4.459743506559336,-3.601026290003157,11.442974677308955,12.79837380103918,555.5,135.0,790.0,540.0,122.0,568.0,120.0,571.0,148.0,543.0,150.0
moving,moving_frame_000010,moving_calib_camera,10,results/bus_real_data/ablation/moving_cam/fov/00_prepared_datasets/fov_69deg_baseline/raw_images/moving/frame_0010.png,7,0.17,1858.934191458762,1858.934191458762,1280.0,720.0,True,-2.312043868716542,0.06688063748404635,-1.086972910723151,-5.871906580248823,-3.3625203843746934,10.086901361961297,12.146250833423515,197.75,100.25,1060.5,179.0,85.0,213.0,84.0,216.0,115.0,183.0,117.0
moving,moving_frame_000010,moving_calib_camera,10,results/bus_real_data/ablation/moving_cam/fov/00_prepared_datasets/fov_69deg_baseline/raw_images/moving/frame_0010.png,6,0.17,1858.934191458762,1858.934191458762,1280.0,720.0,True,-2.3863387412304733,0.09044258604615933,-0.9831837452962687,-5.651298537531075,-3.536298288516585,10.548532406289196,12.478546256363341,284.0,96.75,982.0,266.0,82.0,298.0,81.0,302.0,111.0,270.0,113.0
moving,moving_frame_000011,moving_calib_camera,11,results/bus_real_data/ablation/moving_cam/fov/00_prepared_datasets/fov_69deg_baseline/raw_images/moving/frame_0011.png,14,0.17,1858.934191458762,1858.934191458762,1280.0,720.0,True,-1.3698647372774726,1.0947881664282852,0.33797871120360595,-4.229637456941629,-1.2221844288003259,7.664408099785044,8.83893202345262,254.0,423.5,927.0,230.0,437.0,233.0,416.0,278.0,410.0,275.0,431.0
moving,moving_frame_000011,moving_calib_camera,11,results/bus_real_data/ablation/moving_cam/fov/00_prepared_datasets/fov_69deg_baseline/raw_images/moving/frame_0011.png,2,0.17,1858.934191458762,1858.934191458762,1280.0,720.0,True,-2.5498203622015425,0.1734823923443794,-0.9873517519920011,-2.0489113628605415,-1.0971745198319094,5.38007025149881,5.860630137697643,571.75,340.75,3420.0,539.0,315.0,597.0,308.0,604.0,366.0,547.0,374.0
moving,moving_frame_000011,moving_calib_camera,11,results/bus_real_data/ablation/moving_cam/fov/00_prepared_datasets/fov_69deg_baseline/raw_images/moving/frame_0011.png,1,0.17,1858.934191458762,1858.934191458762,1280.0,720.0,True,2.143107251104562,-0.604683041339974,0.508706016438106,-0.866356921183663,-0.6326211309799531,2.964180518047727,3.1523245318048843,736.25,323.75,5032.5,666.0,308.0,764.0,296.0,811.0,338.0,704.0,353.0
moving,moving_frame_000011,moving_calib_camera,11,results/bus_real_data/ablation/moving_cam/fov/00_prepared_datasets/fov_69deg_baseline/raw_images/moving/frame_0011.png,5,0.17,1858.934191458762,1858.934191458762,1280.0,720.0,True,-2.5193613952386706,0.11977332660247157,-0.8239710503525819,-4.6274414574618135,-3.6715405646894674,11.42853013832127,12.86486399783978,527.25,122.75,817.5,511.0,109.0,540.0,108.0,543.0,136.0,515.0,138.0
moving,moving_frame_000011,moving_calib_camera,11,results/bus_real_data/ablation/moving_cam/fov/00_prepared_datasets/fov_69deg_baseline/raw_images/moving/frame_0011.png,7,0.17,1858.934191458762,1858.934191458762,1280.0,720.0,True,-2.345055840168439,0.06441277396087904,-0.9677340286866569,-5.9265540010100315,-3.3157086787793038,9.780869947806973,11.907282784301966,153.5,89.75,1177.5,133.0,74.0,169.0,73.0,174.0,105.0,138.0,107.0
moving,moving_frame_000011,moving_calib_camera,11,results/bus_real_data/ablation/moving_cam/fov/00_prepared_datasets/fov_69deg_baseline/raw_images/moving/frame_0011.png,6,0.17,1858.934191458762,1858.934191458762,1280.0,720.0,True,-2.4318654855673185,0.09989114757790862,-1.0054473887702446,-5.686207977842639,-3.483366020366119,10.206412691804557,12.191704558204801,244.25,85.5,1076.5,225.0,70.0,259.0,69.0,263.0,101.0,230.0,102.0
moving,moving_frame_000012,moving_calib_camera,12,results/bus_real_data/ablation/moving_cam/fov/00_prepared_datasets/fov_69deg_baseline/raw_images/moving/frame_0012.png,14,0.17,1858.934191458762,1858.934191458762,1280.0,720.0,True,1.4168355746465373,-2.045495694573792,0.9752658165126946,-4.111773661305471,-1.1299222633772321,7.2216971929664195,8.386674985355041,221.5,429.25,1017.0,196.0,444.0,199.0,422.0,246.0,415.0,245.0,436.0
moving,moving_frame_000012,moving_calib_camera,12,results/bus_real_data/ablation/moving_cam/fov/00_prepared_datasets/fov_69deg_baseline/raw_images/moving/frame_0012.png,2,0.17,1858.934191458762,1858.934191458762,1280.0,720.0,True,-2.539466053083563,0.1878939581781452,-1.0035341700000424,-2.029173398523237,-1.0519639621352517,5.192751125931241,5.673520698364095,553.25,343.25,3672.0,519.0,317.0,579.0,309.0,587.0,369.0,528.0,378.0
moving,moving_frame_000012,moving_calib_camera,12,results/bus_real_data/ablation/moving_cam/fov/00_prepared_datasets/fov_69deg_baseline/raw_images/moving/frame_0012.png,1,0.17,1858.934191458762,1858.934191458762,1280.0,720.0,True,2.1607044622271867,-0.6325967386007377,0.5317816549391685,-0.7992367859150442,-0.5658915329975923,2.7513699561153184,2.920453612453412,739.5,338.25,6204.0,663.0,321.0,767.0,306.0,821.0,354.0,707.0,372.0
moving,moving_frame_000012,moving_calib_camera,12,results/bus_real_data/ablation/moving_cam/fov/00_prepared_datasets/fov_69deg_baseline/raw_images/moving/frame_0012.png,5,0.17,1858.934191458762,1858.934191458762,1280.0,720.0,True,-2.523275477820469,0.11222205842269438,-0.7644246958559097,-4.641152188299443,-3.6175355474740067,11.047778718291244,12.51719903494882,499.0,111.25,891.0,482.0,97.0,512.0,96.0,516.0,125.0,486.0,127.0
moving,moving_frame_000012,moving_calib_camera,12,results/bus_real_data/ablation/moving_cam/fov/00_prepared_datasets/fov_69deg_baseline/raw_images/moving/frame_0012.png,7,0.17,1858.934191458762,1858.934191458762,1280.0,720.0,True,-3.035987611383246,0.20374849112543056,-0.37112434623503243,-5.978210718205382,-3.263214522389617,9.478458429862798,11.67170709952222,107.5,80.0,1270.0,86.0,64.0,123.0,62.0,129.0,96.0,92.0,98.0
moving,moving_frame_000012,moving_calib_camera,12,results/bus_real_data/ablation/moving_cam/fov/00_prepared_datasets/fov_69deg_baseline/raw_images/moving/frame_0012.png,6,0.17,1858.934191458762,1858.934191458762,1280.0,720.0,True,-3.059507973822611,0.1809158016588921,-0.2777055431587465,-5.641569232420916,-3.3813159360722933,9.73777419434346,11.750950902959138,203.0,74.5,1165.0,183.0,59.0,218.0,57.0,223.0,90.0,188.0,92.0
moving,moving_frame_000013,moving_calib_camera,13,results/bus_real_data/ablation/moving_cam/fov/00_prepared_datasets/fov_69deg_baseline/raw_images/moving/frame_0013.png,14,0.17,1858.934191458762,1858.934191458762,1280.0,720.0,True,1.402209752316025,-2.0809031935149296,0.938819302754089,-4.015270173285114,-1.039954935012429,6.834308140862419,7.99447738101673,187.75,437.25,1172.5,161.0,454.0,164.0,430.0,213.0,421.0,213.0,444.0
moving,moving_frame_000013,moving_calib_camera,13,results/bus_real_data/ablation/moving_cam/fov/00_prepared_datasets/fov_69deg_baseline/raw_images/moving/frame_0013.png,1,0.17,1858.934191458762,1858.934191458762,1280.0,720.0,True,2.1832723350255203,-0.6769169117405113,0.5581807651338847,-0.732040960127616,-0.5016072242465733,2.561938810117414,2.7112772343503986,748.25,356.75,7705.5,665.0,338.0,774.0,319.0,837.0,373.0,717.0,397.0
moving,moving_frame_000013,moving_calib_camera,13,results/bus_real_data/ablation/moving_cam/fov/00_prepared_datasets/fov_69deg_baseline/raw_images/moving/frame_0013.png,2,0.17,1858.934191458762,1858.934191458762,1280.0,720.0,True,3.0977922612202815,-0.2439472391815459,-0.06236682815976825,-1.9814077213390717,-0.9933818864739994,4.953859005047481,5.427108177698944,536.5,347.25,3969.5,501.0,321.0,563.0,311.0,572.0,373.0,510.0,384.0
moving,moving_frame_000013,moving_calib_camera,13,results/bus_real_data/ablation/moving_cam/fov/00_prepared_datasets/fov_69deg_baseline/raw_images/moving/frame_0013.png,5,0.17,1858.934191458762,1858.934191458762,1280.0,720.0,True,-2.5013460999153474,0.1812249202922651,-0.9085770396388888,-4.684201392547584,-3.5862516292798725,10.75781661146226,12.26921194210576,470.5,100.25,927.5,453.0,86.0,483.0,84.0,488.0,114.0,458.0,117.0
moving,moving_frame_000013,moving_calib_camera,13,results/bus_real_data/ablation/moving_cam/fov/00_prepared_datasets/fov_69deg_baseline/raw_images/moving/frame_0013.png,7,0.17,1858.934191458762,1858.934191458762,1280.0,720.0,True,-2.345505786088031,0.11484662349157779,-1.0001013031397217,-5.948521884153614,-3.1623471135043397,9.055597816893235,11.286682581426005,58.75,70.75,1421.0,35.0,54.0,75.0,52.0,82.0,87.0,43.0,90.0
moving,moving_frame_000013,moving_calib_camera,13,results/bus_real_data/ablation/moving_cam/fov/00_prepared_datasets/fov_69deg_baseline/raw_images/moving/frame_0013.png,6,0.17,1858.934191458762,1858.934191458762,1280.0,720.0,True,-2.3909761183241147,0.12226622812736833,-0.9916562090591231,-5.602153883352178,-3.2794693595372317,9.301344945637291,11.342577538224448,160.25,64.5,1325.5,138.0,48.0,176.0,46.0,182.0,81.0,145.0,83.0
moving,moving_frame_000014,moving_calib_camera,14,results/bus_real_data/ablation/moving_cam/fov/00_prepared_datasets/fov_69deg_baseline/raw_images/moving/frame_0014.png,14,0.17,1858.934191458762,1858.934191458762,1280.0,720.0,True,1.4069045336090407,-2.087356961059039,0.9375083658419925,-3.960414330602188,-0.9611835551733782,6.541846987580722,7.707432614411486,154.5,447.0,1305.0,126.0,465.0,130.0,439.0,181.0,430.0,181.0,454.0
moving,moving_frame_000014,moving_calib_camera,14,results/bus_real_data/ablation/moving_cam/fov/00_prepared_datasets/fov_69deg_baseline/raw_images/moving/frame_0014.png,1,0.17,1858.934191458762,1858.934191458762,1280.0,720.0,True,2.197184656203325,-0.7127831801633862,0.5901464113970023,-0.6519277150899342,-0.43093205080863706,2.355235980207883,2.4815012997341563,764.75,380.75,9625.5,673.0,360.0,789.0,337.0,862.0,398.0,735.0,428.0
moving,moving_frame_000014,moving_calib_camera,14,results/bus_real_data/ablation/moving_cam/fov/00_prepared_datasets/fov_69deg_baseline/raw_images/moving/frame_0014.png,2,0.17,1858.934191458762,1858.934191458762,1280.0,720.0,True,-2.5035584473258337,0.23301308842071336,-1.051080025424859,-1.9267449062021857,-0.9307125862237242,4.723122450309468,5.185215283124572,521.25,353.5,4395.0,483.0,326.0,548.0,315.0,559.0,380.0,495.0,393.0
moving,moving_frame_000014,moving_calib_camera,14,results/bus_real_data/ablation/moving_cam/fov/00_prepared_datasets/fov_69deg_baseline/raw_images/moving/frame_0014.png,5,0.17,1858.934191458762,1858.934191458762,1280.0,720.0,True,-2.8414509573748874,0.10924593608236527,-0.09952047767632287,-4.692361555546285,-3.5310110988112293,10.403031083560641,11.94610196145277,441.5,89.0,1004.0,423.0,74.0,454.0,72.0,460.0,104.0,429.0,106.0
moving,moving_frame_000014,moving_calib_camera,14,results/bus_real_data/ablation/moving_cam/fov/00_prepared_datasets/fov_69deg_baseline/raw_images/moving/frame_0014.png,6,0.17,1858.934191458762,1858.934191458762,1280.0,720.0,True,-3.0401375275451734,0.2874077577898079,-0.47538029361290357,-5.549358520001216,-3.172884132771746,8.86290818880284,10.927658270034492,116.0,54.5,1464.0,92.0,38.0,132.0,35.0,140.0,71.0,100.0,74.0
moving,moving_frame_000015,moving_calib_camera,15,results/bus_real_data/ablation/moving_cam/fov/00_prepared_datasets/fov_69deg_baseline/raw_images/moving/frame_0015.png,14,0.17,1858.934191458762,1858.934191458762,1280.0,720.0,True,1.3344582122101736,-2.148429833141832,0.9313444848379476,-3.896649935512261,-0.7976754374556158,5.999486848717824,7.198194862004351,72.5,473.0,1566.0,43.0,494.0,44.0,466.0,101.0,453.0,102.0,479.0
moving,moving_frame_000015,moving_calib_camera,15,results/bus_real_data/ablation/moving_cam/fov/00_prepared_datasets/fov_69deg_baseline/raw_images/moving/frame_0015.png,1,0.17,1858.934191458762,1858.934191458762,1280.0,720.0,True,2.204999890892109,-0.7893703214053491,0.6041430994293446,-0.703113250801415,-0.4166400865263573,2.324604930986003,2.4640911692381966,717.0,387.75,10404.5,622.0,370.0,738.0,340.0,817.0,402.0,691.0,439.0
moving,moving_frame_000015,moving_calib_camera,15,results/bus_real_data/ablation/moving_cam/fov/00_prepared_datasets/fov_69deg_baseline/raw_images/moving/frame_0015.png,2,0.17,1858.934191458762,1858.934191458762,1280.0,720.0,True,-2.4669209604368896,0.27083053063805335,-1.0670802062254654,-2.028661687149521,-0.8866555332368218,4.60012910663802,5.10517522454089,459.75,361.5,4673.0,419.0,335.0,486.0,321.0,500.0,387.0,434.0,403.0
moving,moving_frame_000015,moving_calib_camera,15,results/bus_real_data/ablation/moving_cam/fov/00_prepared_datasets/fov_69deg_baseline/raw_images/moving/frame_0015.png,5,0.17,1858.934191458762,1858.934191458762,1280.0,720.0,True,-2.483265419187333,0.23859208995824355,-0.9933406078743833,-4.994944820135167,-3.4349343087826223,10.132289198873805,11.807266062533776,363.5,89.75,1064.5,344.0,75.0,376.0,72.0,383.0,104.0,351.0,108.0
moving,moving_frame_000016,moving_calib_camera,16,results/bus_real_data/ablation/moving_cam/fov/00_prepared_datasets/fov_69deg_baseline/raw_images/moving/frame_0016.png,1,0.17,1858.934191458762,1858.934191458762,1280.0,720.0,True,2.207901464382528,-0.8556445270466096,0.6137355826873254,-0.7499452095683764,-0.40090519499354615,2.2967782725046613,2.4491494902877746,672.25,396.5,11133.0,574.0,381.0,691.0,346.0,774.0,407.0,650.0,452.0
moving,moving_frame_000016,moving_calib_camera,16,results/bus_real_data/ablation/moving_cam/fov/00_prepared_datasets/fov_69deg_baseline/raw_images/moving/frame_0016.png,2,0.17,1858.934191458762,1858.934191458762,1280.0,720.0,True,-2.3996713546520576,0.3053685168442276,-1.0961808766747454,-2.106996425878751,-0.8305939993683007,4.4395780189839975,4.983891382955525,397.25,372.0,4990.5,354.0,347.0,423.0,329.0,440.0,396.0,372.0,416.0
moving,moving_frame_000016,moving_calib_camera,16,results/bus_real_data/ablation/moving_cam/fov/00_prepared_datasets/fov_69deg_baseline/raw_images/moving/frame_0016.png,5,0.17,1858.934191458762,1858.934191458762,1280.0,720.0,True,-2.8471985889234315,0.21379585539228466,-0.2189971493860783,-5.219934181320575,-3.2862252080305194,9.728128991837998,11.51883165329944,282.5,92.0,1192.0,261.0,77.0,295.0,73.0,304.0,107.0,270.0,111.0
moving,moving_frame_000017,moving_calib_camera,17,results/bus_real_data/ablation/moving_cam/fov/00_prepared_datasets/fov_69deg_baseline/raw_images/moving/frame_0017.png,1,0.17,1858.934191458762,1858.934191458762,1280.0,720.0,True,2.2016137944207874,-0.9284768968485763,0.616450311882695,-0.7856657400988604,-0.3799305927050668,2.2471077705473257,2.410624658235389,629.25,406.75,12001.5,527.0,395.0,645.0,353.0,734.0,413.0,611.0,466.0
moving,moving_frame_000017,moving_calib_camera,17,results/bus_real_data/ablation/moving_cam/fov/00_prepared_datasets/fov_69deg_baseline/raw_images/moving/frame_0017.png,2,0.17,1858.934191458762,1858.934191458762,1280.0,720.0,True,-2.3777172525284853,0.34878099738113805,-1.1314978091215069,-2.155589901770454,-0.762204448445819,4.24181441448711,4.8187667481209315,334.75,385.75,5524.5,288.0,361.0,360.0,340.0,381.0,409.0,310.0,433.0
moving,moving_frame_000017,moving_calib_camera,17,results/bus_real_data/ablation/moving_cam/fov/00_prepared_datasets/fov_69deg_baseline/raw_images/moving/frame_0017.png,5,0.17,1858.934191458762,1858.934191458762,1280.0,720.0,True,-2.6450024389334117,0.3356023308953495,-0.9058002011323336,-5.577370894248803,-3.2138266700676907,9.578737045318896,11.540708441885906,197.5,96.25,1291.5,174.0,81.0,210.0,77.0,221.0,111.0,185.0,116.0
moving,moving_frame_000018,moving_calib_camera,18,results/bus_real_data/ablation/moving_cam/fov/00_prepared_datasets/fov_69deg_baseline/raw_images/moving/frame_0018.png,1,0.17,1858.934191458762,1858.934191458762,1280.0,720.0,True,2.2013725562380624,-1.0058050787628536,0.6270167497287401,-0.8167541066758982,-0.35770743820775225,2.1991301142943667,2.373018150313531,588.75,418.75,13072.0,483.0,411.0,600.0,361.0,697.0,421.0,575.0,482.0
moving,moving_frame_000018,moving_calib_camera,18,results/bus_real_data/ablation/moving_cam/fov/00_prepared_datasets/fov_69deg_baseline/raw_images/moving/frame_0018.png,2,0.17,1858.934191458762,1858.934191458762,1280.0,720.0,True,-2.3215275339461385,0.3814466358046557,-1.1205767961388473,-2.2027134020812236,-0.6918084699680311,4.056796227400952,4.667776871432732,270.0,402.75,6077.5,219.0,380.0,295.0,354.0,320.0,424.0,246.0,453.0
moving,moving_frame_000018,moving_calib_camera,18,results/bus_real_data/ablation/moving_cam/fov/00_prepared_datasets/fov_69deg_baseline/raw_images/moving/frame_0018.png,5,0.17,1858.934191458762,1858.934191458762,1280.0,720.0,True,-2.6395670017261006,0.3544715614706975,-0.8854554662588855,-5.691363137519001,-2.99493602199497,9.020435170070066,11.078335019143903,107.0,102.75,1495.0,81.0,87.0,120.0,82.0,133.0,118.0,94.0,124.0
moving,moving_frame_000019,moving_calib_camera,19,results/bus_real_data/ablation/moving_cam/fov/00_prepared_datasets/fov_69deg_baseline/raw_images/moving/frame_0019.png,1,0.17,1858.934191458762,1858.934191458762,1280.0,720.0,True,2.1803292824830307,-1.0896090893486277,0.6206874071268734,-0.8355804983372923,-0.3312171140908826,2.13251173524849,2.314196587768813,550.75,432.5,14193.0,440.0,430.0,558.0,372.0,662.0,428.0,543.0,500.0
moving,moving_frame_000019,moving_calib_camera,19,results/bus_real_data/ablation/moving_cam/fov/00_prepared_datasets/fov_69deg_baseline/raw_images/moving/frame_0019.png,2,0.17,1858.934191458762,1858.934191458762,1280.0,720.0,True,-2.287041736652023,0.40322948014975657,-1.1351916590716276,-2.2365191239188804,-0.6177383868769168,3.866575171352771,4.509326120608032,204.0,422.75,6751.5,149.0,401.0,229.0,371.0,258.0,443.0,180.0,476.0
moving,moving_frame_000020,moving_calib_camera,20,results/bus_real_data/ablation/moving_cam/fov/00_prepared_datasets/fov_69deg_baseline/raw_images/moving/frame_0020.png,2,0.17,1858.934191458762,1858.934191458762,1280.0,720.0,True,-2.235788254126179,0.4299439148790934,-1.1098659527433996,-2.248379554931971,-0.5358874317514066,3.6562379844275057,4.325559173253294,136.0,447.25,7608.0,75.0,428.0,161.0,392.0,195.0,465.0,113.0,504.0
moving,moving_frame_000020,moving_calib_camera,20,results/bus_real_data/ablation/moving_cam/fov/00_prepared_datasets/fov_69deg_baseline/raw_images/moving/frame_0020.png,1,0.17,1858.934191458762,1858.934191458762,1280.0,720.0,True,2.1723370932593156,-1.1752542687419971,0.6061072390165197,-0.8479245524046994,-0.30351454842986997,2.0641387582749124,2.252058156685123,515.5,448.0,15725.0,400.0,452.0,518.0,383.0,630.0,437.0,514.0,520.0
moving,moving_frame_000021,moving_calib_camera,21,results/bus_real_data/ablation/moving_cam/fov/00_prepared_datasets/fov_69deg_baseline/raw_images/moving/frame_0021.png,1,0.17,1858.934191458762,1858.934191458762,1280.0,720.0,True,2.1569478310477534,-1.242171068123841,0.6256599244738361,-0.850268386184674,-0.2744846592190349,1.9837062723721646,2.1756352478621843,482.25,464.25,17484.0,361.0,472.0,480.0,396.0,601.0,448.0,487.0,541.0
moving,moving_frame_000022,moving_calib_camera,22,results/bus_real_data/ablation/moving_cam/fov/00_prepared_datasets/fov_69deg_baseline/raw_images/moving/frame_0022.png,1,0.17,1858.934191458762,1858.934191458762,1280.0,720.0,True,2.13000051180725,-1.325035870819627,0.63951339483494,-0.8527671379998419,-0.24706660411154222,1.9169077320606356,2.112531408465564,452.0,482.0,19131.0,326.0,496.0,443.0,411.0,574.0,459.0,465.0,562.0
moving,moving_frame_000023,moving_calib_camera,23,results/bus_real_data/ablation/moving_cam/fov/00_prepared_datasets/fov_69deg_baseline/raw_images/moving/frame_0023.png,1,0.17,1858.934191458762,1858.934191458762,1280.0,720.0,True,2.107596378432964,-1.4053198848780408,0.6363639119350689,-0.847042769167124,-0.21952041725026555,1.8444555414519763,2.0414913447724787,425.25,500.5,21186.0,294.0,522.0,410.0,426.0,550.0,470.0,447.0,584.0
moving,moving_frame_000024,moving_calib_camera,24,results/bus_real_data/ablation/moving_cam/fov/00_prepared_datasets/fov_69deg_baseline/raw_images/moving/frame_0024.png,1,0.17,1858.934191458762,1858.934191458762,1280.0,720.0,True,2.076301487226429,-1.4883268927611808,0.6326896205184102,-0.8380795721834212,-0.19327066366085546,1.775089295010891,1.9724788779617681,401.25,519.5,23297.5,265.0,550.0,379.0,442.0,528.0,481.0,433.0,605.0
moving,moving_frame_000025,moving_calib_camera,25,results/bus_real_data/ablation/moving_cam/fov/00_prepared_datasets/fov_69deg_baseline/raw_images/moving/frame_0025.png,1,0.17,1858.934191458762,1858.934191458762,1280.0,720.0,True,2.039656092887225,-1.5683719632885667,0.6279225105534956,-0.8248186097456983,-0.16849201323207688,1.706214465258827,1.9025990378858835,380.25,538.5,25593.5,240.0,578.0,350.0,459.0,509.0,491.0,422.0,626.0
moving,moving_frame_000026,moving_calib_camera,26,results/bus_real_data/ablation/moving_cam/fov/00_prepared_datasets/fov_69deg_baseline/raw_images/moving/frame_0026.png,1,0.17,1858.934191458762,1858.934191458762,1280.0,720.0,True,1.9998908643382034,-1.6540818482920514,0.6312407389948519,-0.8110988594492623,-0.14603425317864496,1.645390614094632,1.84024934067426,362.5,557.25,27997.5,219.0,607.0,323.0,476.0,492.0,501.0,416.0,645.0
moving,moving_frame_000027,moving_calib_camera,27,results/bus_real_data/ablation/moving_cam/fov/00_prepared_datasets/fov_69deg_baseline/raw_images/moving/frame_0027.png,1,0.17,1858.934191458762,1858.934191458762,1280.0,720.0,True,1.9521472208082336,-1.7367880988355957,0.6272579902588539,-0.7967359204103525,-0.1266515372104351,1.591917583902412,1.7846653279221822,348.5,574.5,30198.0,203.0,635.0,300.0,493.0,477.0,509.0,414.0,661.0
moving,moving_frame_000028,moving_calib_camera,28,results/bus_real_data/ablation/moving_cam/fov/00_prepared_datasets/fov_69deg_baseline/raw_images/moving/frame_0028.png,1,0.17,1858.934191458762,1858.934191458762,1280.0,720.0,True,1.908507376003605,-1.820170132346889,0.6418769565914283,-0.7834059281105573,-0.10993958959665753,1.5478996085171284,1.7383339033703866,338.0,590.5,32523.0,192.0,661.0,279.0,509.0,465.0,517.0,416.0,675.0
moving,moving_frame_000029,moving_calib_camera,29,results/bus_real_data/ablation/moving_cam/fov/00_prepared_datasets/fov_69deg_baseline/raw_images/moving/frame_0029.png,1,0.17,1858.934191458762,1858.934191458762,1280.0,720.0,True,1.8505081096030322,-1.906132706791796,0.635798535115921,-0.7669737517511211,-0.09469349597684747,1.5022102350086632,1.689334538870348,329.75,605.5,34800.0,185.0,689.0,260.0,525.0,454.0,523.0,420.0,685.0
moving,moving_frame_000030,moving_calib_camera,30,results/bus_real_data/ablation/moving_cam/fov/00_prepared_datasets/fov_69deg_baseline/raw_images/moving/frame_0030.png,1,0.17,1858.934191458762,1858.934191458762,1280.0,720.0,True,1.7907546105850842,-1.992783032140439,0.6384531632982544,-0.7531280729119733,-0.08307286100553211,1.4665650932722614,1.6507320095183298,324.25,617.5,36948.0,183.0,712.0,243.0,540.0,444.0,526.0,427.0,692.0
moving,moving_frame_000039,moving_calib_camera,39,results/bus_real_data/ablation/moving_cam/fov/00_prepared_datasets/fov_69deg_baseline/raw_images/moving/frame_0039.png,1,0.17,1858.934191458762,1858.934191458762,1280.0,720.0,True,1.0420577429187214,-2.624286390932476,0.8023900985244959,-0.7704441115461621,-0.10719126046759596,1.4649040409873826,1.6586192886367717,301.25,586.75,37060.5,259.0,716.0,150.0,582.0,339.0,473.0,457.0,576.0
moving,moving_frame_000040,moving_calib_camera,40,results/bus_real_data/ablation/moving_cam/fov/00_prepared_datasets/fov_69deg_baseline/raw_images/moving/frame_0040.png,1,0.17,1858.934191458762,1858.934191458762,1280.0,720.0,True,0.9419943344182284,-2.6710227335330994,0.8350216356341272,-0.783388107556134,-0.11959525892142564,1.4722537994868454,1.671984211384879,289.75,571.75,36157.5,260.0,698.0,135.0,576.0,318.0,461.0,446.0,552.0
moving,moving_frame_000041,moving_calib_camera,41,results/bus_real_data/ablation/moving_cam/fov/00_prepared_datasets/fov_69deg_baseline/raw_images/moving/frame_0041.png,1,0.17,1858.934191458762,1858.934191458762,1280.0,720.0,True,0.8419042393332369,-2.7146754661923964,0.8601352198049801,-0.8062332638173297,-0.1335608045031206,1.4918076100547888,1.700982219072982,274.25,556.25,34716.0,257.0,677.0,118.0,570.0,293.0,449.0,429.0,529.0
moving,moving_frame_000042,moving_calib_camera,42,results/bus_real_data/ablation/moving_cam/fov/00_prepared_datasets/fov_69deg_baseline/raw_images/moving/frame_0042.png,1,0.17,1858.934191458762,1858.934191458762,1280.0,720.0,True,0.724761579345149,-2.7535963971904023,0.8854887074786724,-0.8281148467812669,-0.14734455458437723,1.5038341843716079,1.7230791831224266,255.25,540.5,33400.0,251.0,656.0,98.0,564.0,264.0,438.0,408.0,504.0
moving,moving_frame_000043,moving_calib_camera,43,results/bus_real_data/ablation/moving_cam/fov/00_prepared_datasets/fov_69deg_baseline/raw_images/moving/frame_0043.png,1,0.17,1858.934191458762,1858.934191458762,1280.0,720.0,True,0.6252887382366152,-2.786274796595034,0.912649472583062,-0.855474804514876,-0.16165740939800385,1.519047010083195,1.7508495303753928,232.0,524.75,32100.0,239.0,634.0,74.0,556.0,233.0,427.0,382.0,482.0
moving,moving_frame_000044,moving_calib_camera,44,results/bus_real_data/ablation/moving_cam/fov/00_prepared_datasets/fov_69deg_baseline/raw_images/moving/frame_0044.png,1,0.17,1858.934191458762,1858.934191458762,1280.0,720.0,True,0.5159383826183204,-2.813649672438024,0.9390804375020183,-0.8826637259021063,-0.1738355400027044,1.527589186655407,1.7728064674910085,204.75,511.0,30947.5,222.0,613.0,47.0,551.0,197.0,418.0,353.0,462.0
moving,moving_frame_000045,moving_calib_camera,45,results/bus_real_data/ablation/moving_cam/fov/00_prepared_datasets/fov_69deg_baseline/raw_images/moving/frame_0045.png,1,0.17,1858.934191458762,1858.934191458762,1280.0,720.0,True,0.4150865417172862,-2.8376077741011403,0.9601167247888646,-0.9109028792020935,-0.1853499576777039,1.5312361016424392,1.7913075283498712,173.0,497.5,30110.0,200.0,593.0,15.0,545.0,158.0,409.0,319.0,443.0
moving,moving_frame_000047,moving_calib_camera,47,results/bus_real_data/ablation/moving_cam/fov/00_prepared_datasets/fov_69deg_baseline/raw_images/moving/frame_0047.png,0,0.17,1858.934191458762,1858.934191458762,1280.0,720.0,True,-2.5244240609169233,-0.21394005251859552,-0.3072495856363343,-0.24993174627759684,-0.12219778715955917,2.316559078486466,2.3332046933567847,1079.0,620.75,15889.5,1021.0,556.0,1159.0,570.0,1134.0,685.0,1002.0,672.0
moving,moving_frame_000048,moving_calib_camera,48,results/bus_real_data/ablation/moving_cam/fov/00_prepared_datasets/fov_69deg_baseline/raw_images/moving/frame_0048.png,0,0.17,1858.934191458762,1858.934191458762,1280.0,720.0,True,-2.536246840106632,-0.14334560763133175,-0.459574891755479,-0.359262816811369,-0.20853459869367494,2.504694986205269,2.5389079196216207,1012.75,564.25,13951.5,957.0,506.0,1084.0,511.0,1066.0,622.0,944.0,618.0
moving,moving_frame_000049,moving_calib_camera,49,results/bus_real_data/ablation/moving_cam/fov/00_prepared_datasets/fov_69deg_baseline/raw_images/moving/frame_0049.png,0,0.17,1858.934191458762,1858.934191458762,1280.0,720.0,True,-2.5190239657236404,-0.067759493759248,-0.5834496475911788,-0.4765403557286041,-0.2925122232227546,2.6698842878768336,2.7278079518221676,947.5,515.5,12385.0,893.0,463.0,1011.0,461.0,1000.0,567.0,886.0,571.0
moving,moving_frame_000050,moving_calib_camera,50,results/bus_real_data/ablation/moving_cam/fov/00_prepared_datasets/fov_69deg_baseline/raw_images/moving/frame_0050.png,0,0.17,1858.934191458762,1858.934191458762,1280.0,720.0,True,-2.5020607208051775,0.01812608778640579,-0.7148134665364793,-0.5988529061725885,-0.37125881770623353,2.8078583252418334,2.894913865313761,882.75,473.5,11259.0,829.0,426.0,939.0,417.0,935.0,520.0,828.0,531.0
moving,moving_frame_000051,moving_calib_camera,51,results/bus_real_data/ablation/moving_cam/fov/00_prepared_datasets/fov_69deg_baseline/raw_images/moving/frame_0051.png,0,0.17,1858.934191458762,1858.934191458762,1280.0,720.0,True,-2.46128160753888,0.08412630620149762,-0.8029104950622946,-0.7274918419664185,-0.4440688681267216,2.933873781631324,3.055168883435206,818.25,438.0,10287.5,765.0,395.0,869.0,381.0,870.0,480.0,769.0,496.0
moving,moving_frame_000052,moving_calib_camera,52,results/bus_real_data/ablation/moving_cam/fov/00_prepared_datasets/fov_69deg_baseline/raw_images/moving/frame_0052.png,0,0.17,1858.934191458762,1858.934191458762,1280.0,720.0,True,-2.4302421098215485,0.14563011683958252,-0.8932048820102373,-0.8532179673071406,-0.5054881859646376,3.0172873110602976,3.176085943952246,753.5,408.0,9737.0,700.0,368.0,800.0,350.0,805.0,447.0,709.0,467.0
moving,moving_frame_000053,moving_calib_camera,53,results/bus_real_data/ablation/moving_cam/fov/00_prepared_datasets/fov_69deg_baseline/raw_images/moving/frame_0053.png,0,0.17,1858.934191458762,1858.934191458762,1280.0,720.0,True,-2.3931730561333566,0.2141814016831686,-0.9473208360381352,-0.9821833890166717,-0.5601664973471194,3.092517341611413,3.292739622651286,688.75,382.75,9318.5,634.0,346.0,731.0,324.0,741.0,418.0,649.0,443.0
moving,moving_frame_000054,moving_calib_camera,54,results/bus_real_data/ablation/moving_cam/fov/00_prepared_datasets/fov_69deg_baseline/raw_images/moving/frame_0054.png,0,0.17,1858.934191458762,1858.934191458762,1280.0,720.0,True,-2.361397830843024,0.2667453403008989,-0.9819118126826877,-1.110687712095139,-0.5964359943630743,3.1587666563878063,3.4010542304818374,625.5,368.5,9015.0,570.0,335.0,664.0,309.0,679.0,401.0,589.0,429.0
moving,moving_frame_000055,moving_calib_camera,55,results/bus_real_data/ablation/moving_cam/fov/00_prepared_datasets/fov_69deg_baseline/raw_images/moving/frame_0055.png,0,0.17,1858.934191458762,1858.934191458762,1280.0,720.0,True,-2.329329470901609,0.3304721957107806,-1.034491308478333,-1.2395458679873268,-0.6236276765903792,3.2109382661281867,3.49792938561376,561.5,358.5,8781.0,505.0,328.0,596.0,298.0,616.0,388.0,529.0,420.0
moving,moving_frame_000056,moving_calib_camera,56,results/bus_real_data/ablation/moving_cam/fov/00_prepared_datasets/fov_69deg_baseline/raw_images/moving/frame_0056.png,0,0.17,1858.934191458762,1858.934191458762,1280.0,720.0,True,-2.294526087799854,0.3734961572508128,-1.051021048018712,-1.3576063689066191,-0.6365682031898268,3.2217199152176517,3.5535606569071216,495.75,352.25,8835.0,437.0,324.0,528.0,291.0,552.0,379.0,466.0,415.0
moving,moving_frame_000057,moving_calib_camera,57,results/bus_real_data/ablation/moving_cam/fov/00_prepared_datasets/fov_69deg_baseline/raw_images/moving/frame_0057.png,0,0.17,1858.934191458762,1858.934191458762,1280.0,720.0,True,-2.2606918430915144,0.4254074425366152,-1.0854001348597306,-1.4713851301100118,-0.639080697762002,3.216773417683386,3.594583363906765,428.75,350.25,8956.5,368.0,324.0,458.0,288.0,487.0,374.0,402.0,415.0
moving,moving_frame_000058,moving_calib_camera,58,results/bus_real_data/ablation/moving_cam/fov/00_prepared_datasets/fov_69deg_baseline/raw_images/moving/frame_0058.png,0,0.17,1858.934191458762,1858.934191458762,1280.0,720.0,True,-2.239819087704791,0.4781550029734413,-1.0952864119447914,-1.5864943915447332,-0.6332706889886998,3.204783158994678,3.63161552426892,358.75,352.25,9250.0,295.0,329.0,385.0,288.0,420.0,374.0,335.0,418.0
moving,moving_frame_000059,moving_calib_camera,59,results/bus_real_data/ablation/moving_cam/fov/00_prepared_datasets/fov_69deg_baseline/raw_images/moving/frame_0059.png,0,0.17,1858.934191458762,1858.934191458762,1280.0,720.0,True,-2.2081811082778064,0.510779433782006,-1.0876039575595289,-1.6910626906926605,-0.615907667852162,3.1643610769546946,3.640359364749264,285.5,357.75,9698.0,218.0,337.0,310.0,292.0,350.0,377.0,264.0,425.0
moving,moving_frame_000060,moving_calib_camera,60,results/bus_real_data/ablation/moving_cam/fov/00_prepared_datasets/fov_69deg_baseline/raw_images/moving/frame_0060.png,0,0.17,1858.934191458762,1858.934191458762,1280.0,720.0,True,-2.1862760574044575,0.5523802802058554,-1.1120390240712361,-1.7894443269379734,-0.5870809260306211,3.1107492624941746,3.6364180159914947,209.5,368.75,10259.5,138.0,350.0,232.0,301.0,277.0,386.0,191.0,438.0
moving,moving_frame_000061,moving_calib_camera,61,results/bus_real_data/ablation/moving_cam/fov/00_prepared_datasets/fov_69deg_baseline/raw_images/moving/frame_0061.png,0,0.17,1858.934191458762,1858.934191458762,1280.0,720.0,True,-2.155795135344268,0.5851690255719855,-1.069465597775518,-1.8799332934503081,-0.54818869411783,3.0368869632049345,3.6134944941795086,128.0,384.0,11097.0,51.0,369.0,148.0,314.0,201.0,398.0,112.0,455.0
moving,moving_frame_000069,moving_calib_camera,69,results/bus_real_data/ablation/moving_cam/fov/00_prepared_datasets/fov_69deg_baseline/raw_images/moving/frame_0069.png,3,0.17,1858.934191458762,1858.934191458762,1280.0,720.0,True,-2.0549107767217065,-0.2241179362514684,-0.5661028206652995,-0.2588000942739601,-0.4045754898836225,3.4113492365312412,3.444990918622728,1138.75,499.0,4787.0,1110.0,471.0,1197.0,470.0,1165.0,527.0,1083.0,528.0
moving,moving_frame_000070,moving_calib_camera,70,results/bus_real_data/ablation/moving_cam/fov/00_prepared_datasets/fov_69deg_baseline/raw_images/moving/frame_0070.png,3,0.17,1858.934191458762,1858.934191458762,1280.0,720.0,True,-2.055077440358401,-0.17098624447481034,-0.6402744971789495,-0.4285722632565771,-0.478163877890095,3.6092013779269045,3.665876357077694,1059.0,473.25,4388.0,1030.0,448.0,1112.0,442.0,1086.0,499.0,1008.0,504.0
moving,moving_frame_000071,moving_calib_camera,71,results/bus_real_data/ablation/moving_cam/fov/00_prepared_datasets/fov_69deg_baseline/raw_images/moving/frame_0071.png,3,0.17,1858.934191458762,1858.934191458762,1280.0,720.0,True,-2.065642389647675,-0.10949896717021107,-0.7379611028295776,-0.6077928440392667,-0.545087410183061,3.8080086840555034,3.89454266427363,983.0,453.5,4085.0,954.0,430.0,1031.0,420.0,1010.0,477.0,937.0,487.0
moving,moving_frame_000072,moving_calib_camera,72,results/bus_real_data/ablation/moving_cam/fov/00_prepared_datasets/fov_69deg_baseline/raw_images/moving/frame_0072.png,3,0.17,1858.934191458762,1858.934191458762,1280.0,720.0,True,-2.055983780626389,-0.053689974714307274,-0.8168736985797075,-0.7794602280442953,-0.591465147700763,3.924864686311844,4.044990985639563,910.5,439.5,3894.0,881.0,418.0,955.0,404.0,938.0,461.0,868.0,475.0
moving,moving_frame_000073,moving_calib_camera,73,results/bus_real_data/ablation/moving_cam/fov/00_prepared_datasets/fov_69deg_baseline/raw_images/moving/frame_0073.png,3,0.17,1858.934191458762,1858.934191458762,1280.0,720.0,True,-2.052295945580575,-0.004437832746694883,-0.8992615092673025,-0.960087588809002,-0.632935620105587,4.061690616065165,4.2213394009502885,840.25,430.0,3709.0,811.0,410.0,881.0,393.0,868.0,450.0,801.0,467.0
moving,moving_frame_000074,moving_calib_camera,74,results/bus_real_data/ablation/moving_cam/fov/00_prepared_datasets/fov_69deg_baseline/raw_images/moving/frame_0074.png,3,0.17,1858.934191458762,1858.934191458762,1280.0,720.0,True,-2.0269135884368756,0.06864500799027727,-0.9340942663722203,-1.1055400110116356,-0.6404004382508605,4.046507121521975,4.243412697556951,771.75,425.5,3761.5,740.0,408.0,810.0,386.0,802.0,443.0,735.0,465.0
moving,moving_frame_000075,moving_calib_camera,75,results/bus_real_data/ablation/moving_cam/fov/00_prepared_datasets/fov_69deg_baseline/raw_images/moving/frame_0075.png,3,0.17,1858.934191458762,1858.934191458762,1280.0,720.0,True,-1.9977795795759163,0.11312439178986904,-0.9832114212161952,-1.2554511849696444,-0.6431030459848789,4.059804935948109,4.297878002403667,704.75,425.25,3724.5,672.0,410.0,741.0,384.0,736.0,441.0,670.0,466.0
moving,moving_frame_000076,moving_calib_camera,76,results/bus_real_data/ablation/moving_cam/fov/00_prepared_datasets/fov_69deg_baseline/raw_images/moving/frame_0076.png,3,0.17,1858.934191458762,1858.934191458762,1280.0,720.0,True,-2.0260138575716384,0.12297266156478054,-0.9827824604920273,-1.2962035772507035,-0.509015365070486,3.9971372306168065,4.232770534288193,676.75,483.0,3921.0,642.0,468.0,713.0,441.0,710.0,498.0,642.0,525.0
moving,moving_frame_000077,moving_calib_camera,77,results/bus_real_data/ablation/moving_cam/fov/00_prepared_datasets/fov_69deg_baseline/raw_images/moving/frame_0077.png,3,0.17,1858.934191458762,1858.934191458762,1280.0,720.0,True,-2.073807264006719,0.12443791342513716,-0.9994078736422212,-1.3458506597544195,-0.37793939628883827,3.958406947806221,4.197992109338599,647.5,542.25,4153.5,611.0,527.0,684.0,499.0,682.0,558.0,613.0,585.0
moving,moving_frame_000078,moving_calib_camera,78,results/bus_real_data/ablation/moving_cam/fov/00_prepared_datasets/fov_69deg_baseline/raw_images/moving/frame_0078.png,3,0.17,1858.934191458762,1858.934191458762,1280.0,720.0,True,-2.102461961939207,0.1238344679854846,-1.000477380850933,-1.3660470406734262,-0.2408065061245577,3.8346036546600004,4.077776045721047,617.25,603.0,4513.5,578.0,587.0,655.0,559.0,654.0,618.0,582.0,648.0
moving,moving_frame_000079,moving_calib_camera,79,results/bus_real_data/ablation/moving_cam/fov/00_prepared_datasets/fov_69deg_baseline/raw_images/moving/frame_0079.png,3,0.17,1858.934191458762,1858.934191458762,1280.0,720.0,True,-2.135289308484886,0.11524708098753858,-1.0223879224122634,-1.3826935729915497,-0.1065174056895217,3.701427651204622,3.952689480797743,585.0,666.25,4936.0,544.0,650.0,624.0,620.0,624.0,682.0,548.0,713.0
moving,moving_frame_000081,moving_calib_camera,81,results/bus_real_data/ablation/moving_cam/fov/00_prepared_datasets/fov_69deg_baseline/raw_images/moving/frame_0081.png,4,0.17,1858.934191458762,1858.934191458762,1280.0,720.0,True,-2.2680556565114216,0.07718936831801645,-1.1715362308306447,-0.7104208648133981,-0.9715312233062958,2.9223411494342106,3.160482323427503,827.25,101.25,9221.5,788.0,49.0,875.0,45.0,865.0,151.0,781.0,160.0
moving,moving_frame_000082,moving_calib_camera,82,results/bus_real_data/ablation/moving_cam/fov/00_prepared_datasets/fov_69deg_baseline/raw_images/moving/frame_0082.png,4,0.17,1858.934191458762,1858.934191458762,1280.0,720.0,True,-2.3074901025568932,0.08532074157549886,-1.1656167695740818,-0.7738061769548651,-0.8942714477447838,2.939397023939522,3.1683674480857764,789.75,153.75,9365.0,748.0,102.0,837.0,98.0,830.0,202.0,744.0,213.0
moving,moving_frame_000083,moving_calib_camera,83,results/bus_real_data/ablation/moving_cam/fov/00_prepared_datasets/fov_69deg_baseline/raw_images/moving/frame_0083.png,4,0.17,1858.934191458762,1858.934191458762,1280.0,720.0,True,-2.351946314000395,0.07852126979217798,-1.176346436462018,-0.8297615601022007,-0.8089732311625215,2.9237475970140596,3.1450344904954948,751.5,205.0,9692.0,708.0,153.0,799.0,149.0,794.0,254.0,705.0,264.0
moving,moving_frame_000084,moving_calib_camera,84,results/bus_real_data/ablation/moving_cam/fov/00_prepared_datasets/fov_69deg_baseline/raw_images/moving/frame_0084.png,4,0.17,1858.934191458762,1858.934191458762,1280.0,720.0,True,-2.3977604857856445,0.07885864171741945,-1.1845470821629651,-0.8818831257910603,-0.7227822529379598,2.8963724649208817,3.112732800654266,713.0,255.5,10123.0,667.0,203.0,761.0,199.0,758.0,305.0,666.0,315.0
moving,moving_frame_000085,moving_calib_camera,85,results/bus_real_data/ablation/moving_cam/fov/00_prepared_datasets/fov_69deg_baseline/raw_images/moving/frame_0085.png,4,0.17,1858.934191458762,1858.934191458762,1280.0,720.0,True,-2.4329100962020727,0.07158863327638476,-1.194612922758535,-0.9239396657338692,-0.6316813863017026,2.836919967207936,3.0497214266321984,673.5,305.5,10760.0,625.0,252.0,723.0,248.0,721.0,356.0,625.0,366.0
moving,moving_frame_000086,moving_calib_camera,86,results/bus_real_data/ablation/moving_cam/fov/00_prepared_datasets/fov_69deg_baseline/raw_images/moving/frame_0086.png,7,0.17,1858.934191458762,1858.934191458762,1280.0,720.0,True,-2.647534564214198,-0.47956030096177493,0.032419043855894634,-0.2136995432496149,-0.32892443969601354,3.6756015544806084,3.696472043599775,1172.0,553.25,6882.5,1144.0,502.0,1226.0,529.0,1199.0,607.0,1119.0,575.0
moving,moving_frame_000086,moving_calib_camera,86,results/bus_real_data/ablation/moving_cam/fov/00_prepared_datasets/fov_69deg_baseline/raw_images/moving/frame_0086.png,4,0.17,1858.934191458762,1858.934191458762,1280.0,720.0,True,-2.3995570836078173,0.08774572556360341,-1.2219507881248926,-1.062009609977114,-0.6481704761234396,2.77545244632636,3.0415663168211218,567.5,285.25,11594.0,515.0,231.0,618.0,226.0,619.0,336.0,518.0,348.0
moving,moving_frame_000087,moving_calib_camera,87,results/bus_real_data/ablation/moving_cam/fov/00_prepared_datasets/fov_69deg_baseline/raw_images/moving/frame_0087.png,7,0.17,1858.934191458762,1858.934191458762,1280.0,720.0,True,3.0044502440520766,0.47338574822927276,0.2603690458909586,-0.4493429577870053,-0.42774640353121685,3.9947956153740933,4.042680804621946,1070.75,521.0,6224.0,1045.0,472.0,1121.0,496.0,1096.0,572.0,1021.0,544.0
moving,moving_frame_000087,moving_calib_camera,87,results/bus_real_data/ablation/moving_cam/fov/00_prepared_datasets/fov_69deg_baseline/raw_images/moving/frame_0087.png,4,0.17,1858.934191458762,1858.934191458762,1280.0,720.0,True,-2.3683499289968153,0.10748131690712633,-1.2434191383381155,-1.1842287599135648,-0.6526852963581156,2.6808941558814543,3.002597097002499,457.5,266.75,12870.5,399.0,211.0,510.0,205.0,514.0,318.0,407.0,333.0
moving,moving_frame_000088,moving_calib_camera,88,results/bus_real_data/ablation/moving_cam/fov/00_prepared_datasets/fov_69deg_baseline/raw_images/moving/frame_0088.png,6,0.17,1858.934191458762,1858.934191458762,1280.0,720.0,True,-2.523583194014746,-0.42237897937818103,0.07852739903744936,-0.13586146418974426,-0.2470705284124308,3.000889300640965,3.0141066301913075,1196.0,566.25,9654.5,1159.0,507.0,1260.0,538.0,1232.0,628.0,1133.0,592.0
moving,moving_frame_000088,moving_calib_camera,88,results/bus_real_data/ablation/moving_cam/fov/00_prepared_datasets/fov_69deg_baseline/raw_images/moving/frame_0088.png,7,0.17,1858.934191458762,1858.934191458762,1280.0,720.0,True,-2.9955738210425817,-0.4897859867173599,0.10716596978265173,-0.6733132419626713,-0.506524464560016,4.140201877364518,4.2250667853103545,977.75,492.5,5759.5,953.0,445.0,1025.0,467.0,1002.0,542.0,931.0,516.0
moving,moving_frame_000088,moving_calib_camera,88,results/bus_real_data/ablation/moving_cam/fov/00_prepared_datasets/fov_69deg_baseline/raw_images/moving/frame_0088.png,4,0.17,1858.934191458762,1858.934191458762,1280.0,720.0,True,-2.347334674362409,0.12496929922230793,-1.2569582282412781,-1.2784725723431316,-0.6389487598956377,2.53265428119936,2.9081068316145617,340.0,250.25,15077.5,273.0,192.0,396.0,184.0,404.0,304.0,287.0,321.0
moving,moving_frame_000089,moving_calib_camera,89,results/bus_real_data/ablation/moving_cam/fov/00_prepared_datasets/fov_69deg_baseline/raw_images/moving/frame_0089.png,6,0.17,1858.934191458762,1858.934191458762,1280.0,720.0,True,-2.633777514856291,-0.4317668038777142,-0.0007465982984469707,-0.3194445050452394,-0.32366095682059126,3.2528340664906272,3.2844680955819268,1097.5,534.5,8748.0,1063.0,478.0,1157.0,505.0,1131.0,594.0,1039.0,561.0
moving,moving_frame_000089,moving_calib_camera,89,results/bus_real_data/ablation/moving_cam/fov/00_prepared_datasets/fov_69deg_baseline/raw_images/moving/frame_0089.png,7,0.17,1858.934191458762,1858.934191458762,1280.0,720.0,True,-3.0253459814624906,-0.4792273290459521,0.31419320185445304,-0.8606592835869972,-0.5569053844671322,4.108590928940246,4.2345480787261165,890.75,468.0,5542.0,867.0,421.0,936.0,441.0,914.0,517.0,846.0,493.0
moving,moving_frame_000089,moving_calib_camera,89,results/bus_real_data/ablation/moving_cam/fov/00_prepared_datasets/fov_69deg_baseline/raw_images/moving/frame_0089.png,4,0.17,1858.934191458762,1858.934191458762,1280.0,720.0,True,-2.322216169716923,0.13863123755407825,-1.230522104326368,-1.3518994606196273,-0.6119894398882234,2.3574666080284445,2.7856439173245886,212.0,236.5,18376.0,133.0,175.0,273.0,165.0,287.0,292.0,155.0,314.0
moving,moving_frame_000090,moving_calib_camera,90,results/bus_real_data/ablation/moving_cam/fov/00_prepared_datasets/fov_69deg_baseline/raw_images/moving/frame_0090.png,6,0.17,1858.934191458762,1858.934191458762,1280.0,720.0,True,-2.7336420282494496,-0.42370308077925506,-0.07868311429269834,-0.5042003171610763,-0.3924606207656102,3.439806543191518,3.4986443593569554,1007.5,507.5,8186.0,974.0,453.0,1064.0,477.0,1040.0,565.0,952.0,535.0
moving,moving_frame_000090,moving_calib_camera,90,results/bus_real_data/ablation/moving_cam/fov/00_prepared_datasets/fov_69deg_baseline/raw_images/moving/frame_0090.png,7,0.17,1858.934191458762,1858.934191458762,1280.0,720.0,True,-3.006976198039434,-0.4562872580197352,0.38302069245142784,-1.0448374133015028,-0.6042413272077608,4.111236653452647,4.284747323055689,807.75,446.75,5354.0,784.0,400.0,851.0,419.0,831.0,495.0,765.0,473.0
moving,moving_frame_000091,moving_calib_camera,91,results/bus_real_data/ablation/moving_cam/fov/00_prepared_datasets/fov_69deg_baseline/raw_images/moving/frame_0091.png,6,0.17,1858.934191458762,1858.934191458762,1280.0,720.0,True,-2.90913253581264,-0.4143851825868122,-0.037565391265520304,-0.679329720985136,-0.4486632746044544,3.5448331659961902,3.6371183344151876,923.75,484.5,7976.5,891.0,430.0,978.0,453.0,956.0,541.0,870.0,514.0
moving,moving_frame_000091,moving_calib_camera,91,results/bus_real_data/ablation/moving_cam/fov/00_prepared_datasets/fov_69deg_baseline/raw_images/moving/frame_0091.png,7,0.17,1858.934191458762,1858.934191458762,1280.0,720.0,True,-3.0296687006287524,-0.419508019950437,0.37149323083050184,-1.2140539481601953,-0.6408187906368086,4.083483562777211,4.30806380163389,727.5,428.25,5391.5,703.0,382.0,770.0,399.0,752.0,476.0,685.0,456.0
moving,moving_frame_000092,moving_calib_camera,92,results/bus_real_data/ablation/moving_cam/fov/00_prepared_datasets/fov_69deg_baseline/raw_images/moving/frame_0092.png,6,0.17,1858.934191458762,1858.934191458762,1280.0,720.0,True,-2.9590563281635114,-0.3747554363439527,0.008378595747066186,-0.8409632911560174,-0.49235547180694506,3.591553309311448,3.721409456283494,844.75,465.0,7760.0,811.0,412.0,897.0,432.0,878.0,520.0,793.0,496.0
moving,moving_frame_000092,moving_calib_camera,92,results/bus_real_data/ablation/moving_cam/fov/00_prepared_datasets/fov_69deg_baseline/raw_images/moving/frame_0092.png,7,0.17,1858.934191458762,1858.934191458762,1280.0,720.0,True,-3.0150955555742294,-0.3885214239448685,0.36751153081105953,-1.3625240650934392,-0.659950729382197,4.006512495638107,4.28300702437845,648.0,413.75,5550.0,622.0,367.0,690.0,383.0,674.0,462.0,606.0,443.0
moving,moving_frame_000093,moving_calib_camera,93,results/bus_real_data/ablation/moving_cam/fov/00_prepared_datasets/fov_69deg_baseline/raw_images/moving/frame_0093.png,6,0.17,1858.934191458762,1858.934191458762,1280.0,720.0,True,-3.016457189612267,-0.345140761146781,0.14748160072685265,-0.9682220377330228,-0.5122059161168793,3.5180350234091438,3.6846138523311223,768.5,449.25,7854.0,734.0,396.0,820.0,414.0,802.0,504.0,718.0,483.0
moving,moving_frame_000093,moving_calib_camera,93,results/bus_real_data/ablation/moving_cam/fov/00_prepared_datasets/fov_69deg_baseline/raw_images/moving/frame_0093.png,7,0.17,1858.934191458762,1858.934191458762,1280.0,720.0,True,-3.008184286325998,-0.35550346537605276,0.33365592746552813,-1.5033941354176654,-0.6715744049040385,3.9297206967603375,4.260740647150093,569.0,402.25,5796.0,541.0,355.0,611.0,370.0,597.0,451.0,527.0,433.0
moving,moving_frame_000094,moving_calib_camera,94,results/bus_real_data/ablation/moving_cam/fov/00_prepared_datasets/fov_69deg_baseline/raw_images/moving/frame_0094.png,6,0.17,1858.934191458762,1858.934191458762,1280.0,720.0,True,-3.0152973020724696,-0.2958850707340049,0.1530483160387567,-1.106771801801513,-0.5361536228350285,3.5450711028308506,3.752323767036693,699.75,438.75,7701.0,664.0,387.0,749.0,402.0,735.0,492.0,651.0,474.0
moving,moving_frame_000094,moving_calib_camera,94,results/bus_real_data/ablation/moving_cam/fov/00_prepared_datasets/fov_69deg_baseline/raw_images/moving/frame_0094.png,7,0.17,1858.934191458762,1858.934191458762,1280.0,720.0,True,-3.0284658273349545,-0.30735222784808425,0.32768337734028496,-1.6305684927985087,-0.6705287359114006,3.877740926621481,4.259722654045139,498.5,398.5,5919.0,469.0,352.0,540.0,364.0,528.0,447.0,457.0,431.0
moving,moving_frame_000095,moving_calib_camera,95,results/bus_real_data/ablation/moving_cam/fov/00_prepared_datasets/fov_69deg_baseline/raw_images/moving/frame_0095.png,6,0.17,1858.934191458762,1858.934191458762,1280.0,720.0,True,-3.067184403668575,-0.24006083680337229,0.1275761011131875,-1.2331553675720826,-0.5509439328732622,3.538462645172002,3.787470035395572,632.25,430.5,7759.0,595.0,380.0,681.0,392.0,669.0,482.0,584.0,468.0
moving,moving_frame_000095,moving_calib_camera,95,results/bus_real_data/ablation/moving_cam/fov/00_prepared_datasets/fov_69deg_baseline/raw_images/moving/frame_0095.png,7,0.17,1858.934191458762,1858.934191458762,1280.0,720.0,True,-3.0480739940937585,-0.24798668439310842,0.24986094011147514,-1.7569979509663833,-0.6633435608144086,3.8272675607818885,4.263219846687168,426.75,397.75,6255.5,394.0,351.0,469.0,362.0,459.0,445.0,385.0,433.0
moving,moving_frame_000095,moving_calib_camera,95,results/bus_real_data/ablation/moving_cam/fov/00_prepared_datasets/fov_69deg_baseline/raw_images/moving/frame_0095.png,8,0.17,1858.934191458762,1858.934191458762,1280.0,720.0,True,2.8021583341548872,0.1695688514314004,-0.01955962721384378,-0.18878926966874682,-0.7292013378955363,3.5998987662645057,3.6778590384737977,1182.5,343.75,6769.5,1145.0,301.0,1232.0,310.0,1220.0,387.0,1133.0,377.0
moving,moving_frame_000096,moving_calib_camera,96,results/bus_real_data/ablation/moving_cam/fov/00_prepared_datasets/fov_69deg_baseline/raw_images/moving/frame_0096.png,6,0.17,1858.934191458762,1858.934191458762,1280.0,720.0,True,-3.042704454990302,-0.19664195719314448,0.0915137253901136,-1.3550542397017296,-0.5584550606835652,3.520231032059345,3.8131444460458503,564.5,425.0,7918.0,525.0,375.0,612.0,385.0,604.0,476.0,517.0,464.0
moving,moving_frame_000096,moving_calib_camera,96,results/bus_real_data/ablation/moving_cam/fov/00_prepared_datasets/fov_69deg_baseline/raw_images/moving/frame_0096.png,7,0.17,1858.934191458762,1858.934191458762,1280.0,720.0,True,-3.063133126019158,-0.19125825574397917,0.20257626259708947,-1.8604195225349007,-0.6426733540491598,3.728252981748652,4.21592933239535,352.5,399.5,6693.0,317.0,353.0,395.0,361.0,388.0,447.0,310.0,437.0
moving,moving_frame_000096,moving_calib_camera,96,results/bus_real_data/ablation/moving_cam/fov/00_prepared_datasets/fov_69deg_baseline/raw_images/moving/frame_0096.png,8,0.17,1858.934191458762,1858.934191458762,1280.0,720.0,True,2.92616458801109,0.12630041263215347,0.016291423656260462,-0.38867567212515525,-0.8409235013215592,3.9112600109388813,4.0194745908322975,1095.25,320.5,6097.0,1059.0,280.0,1140.0,286.0,1131.0,362.0,1051.0,354.0
moving,moving_frame_000097,moving_calib_camera,97,results/bus_real_data/ablation/moving_cam/fov/00_prepared_datasets/fov_69deg_baseline/raw_images/moving/frame_0097.png,6,0.17,1858.934191458762,1858.934191458762,1280.0,720.0,True,-3.0883722516824452,-0.12927887632997437,0.0745072380989622,-1.4683833254198635,-0.5575948460146242,3.4847658057211883,3.822388562587118,496.75,422.5,8092.0,455.0,374.0,544.0,380.0,538.0,472.0,450.0,464.0
moving,moving_frame_000097,moving_calib_camera,97,results/bus_real_data/ablation/moving_cam/fov/00_prepared_datasets/fov_69deg_baseline/raw_images/moving/frame_0097.png,7,0.17,1858.934191458762,1858.934191458762,1280.0,720.0,True,-3.062083997290802,-0.13936803970378486,0.12840284880304254,-1.9528501581789377,-0.613171555079356,3.6136627892564106,4.153090638393817,275.5,404.5,7332.0,236.0,357.0,319.0,364.0,315.0,452.0,232.0,445.0
moving,moving_frame_000097,moving_calib_camera,97,results/bus_real_data/ablation/moving_cam/fov/00_prepared_datasets/fov_69deg_baseline/raw_images/moving/frame_0097.png,8,0.17,1858.934191458762,1858.934191458762,1280.0,720.0,True,2.9792816478643167,0.07678169351787763,0.04299074524296946,-0.5926134854487712,-0.9346342971248847,4.138016211826405,4.283446063841124,1013.75,300.25,5571.0,978.0,262.0,1055.0,266.0,1049.0,339.0,973.0,334.0
moving,moving_frame_000098,moving_calib_camera,98,results/bus_real_data/ablation/moving_cam/fov/00_prepared_datasets/fov_69deg_baseline/raw_images/moving/frame_0098.png,6,0.17,1858.934191458762,1858.934191458762,1280.0,720.0,True,-3.0995963882265056,-0.07197491466288519,0.0358504465661983,-1.5651604195131354,-0.5453385340663958,3.4138335816293774,3.794915147748192,427.75,423.0,8519.5,383.0,375.0,475.0,378.0,472.0,472.0,381.0,467.0
moving,moving_frame_000098,moving_calib_camera,98,results/bus_real_data/ablation/moving_cam/fov/00_prepared_datasets/fov_69deg_baseline/raw_images/moving/frame_0098.png,7,0.17,1858.934191458762,1858.934191458762,1280.0,720.0,True,-3.087698255333979,-0.06662943368753071,0.05334252678565393,-2.0289920764313973,-0.5735057951927895,3.476160614073366,4.065637755405175,195.0,413.25,8147.0,151.0,366.0,240.0,369.0,239.0,461.0,150.0,457.0
moving,moving_frame_000098,moving_calib_camera,98,results/bus_real_data/ablation/moving_cam/fov/00_prepared_datasets/fov_69deg_baseline/raw_images/moving/frame_0098.png,8,0.17,1858.934191458762,1858.934191458762,1280.0,720.0,True,3.056117028503409,0.05878543469094843,-0.021444692177502656,-0.7969522725648863,-1.0145766327841745,4.312802594155631,4.501640243810421,936.5,282.75,5229.5,902.0,246.0,975.0,248.0,971.0,320.0,898.0,317.0
moving,moving_frame_000099,moving_calib_camera,99,results/bus_real_data/ablation/moving_cam/fov/00_prepared_datasets/fov_69deg_baseline/raw_images/moving/frame_0099.png,5,0.17,1858.934191458762,1858.934191458762,1280.0,720.0,True,-2.7962084548486255,-0.03212753879919001,-0.2738117058363709,-0.1739990034060324,-0.2584225606348916,3.3505872422726792,3.3650397829909564,1183.25,576.25,8557.0,1138.0,530.0,1232.0,531.0,1228.0,622.0,1135.0,622.0
moving,moving_frame_000099,moving_calib_camera,99,results/bus_real_data/ablation/moving_cam/fov/00_prepared_datasets/fov_69deg_baseline/raw_images/moving/frame_0099.png,6,0.17,1858.934191458762,1858.934191458762,1280.0,720.0,True,-3.1066171433907614,0.007024825303796161,-0.05009942941819947,-1.6596379077685937,-0.5276874181314857,3.342677970503639,3.769130935726048,357.0,426.5,9120.0,308.0,379.0,404.0,379.0,406.0,474.0,310.0,474.0
moving,moving_frame_000099,moving_calib_camera,99,results/bus_real_data/ablation/moving_cam/fov/00_prepared_datasets/fov_69deg_baseline/raw_images/moving/frame_0099.png,8,0.17,1858.934191458762,1858.934191458762,1280.0,720.0,True,3.1388857608886283,0.02170910364153576,-0.08891835420245027,-0.9994034417812968,-1.0830892126865848,4.449477485939816,4.6871888568701445,862.5,267.5,4970.0,828.0,232.0,898.0,232.0,897.0,303.0,827.0,303.0
moving,moving_frame_000100,moving_calib_camera,100,results/bus_real_data/ablation/moving_cam/fov/00_prepared_datasets/fov_69deg_baseline/raw_images/moving/frame_0100.png,5,0.17,1858.934191458762,1858.934191458762,1280.0,720.0,True,2.9903772119687333,-0.022075118551012837,-0.2761945447638617,-0.32882833690621144,-0.33250901922044085,3.5092294688086763,3.54025165599434,1106.0,544.0,7652.0,1063.0,502.0,1150.0,498.0,1149.0,586.0,1062.0,590.0
moving,moving_frame_000100,moving_calib_camera,100,results/bus_real_data/ablation/moving_cam/fov/00_prepared_datasets/fov_69deg_baseline/raw_images/moving/frame_0100.png,6,0.17,1858.934191458762,1858.934191458762,1280.0,720.0,True,-3.1322117803470872,0.08162407753511963,-0.11650131033037248,-1.7277771375608093,-0.49777704746510787,3.2242363105494043,3.6917063280177285,283.75,433.0,9969.0,230.0,386.0,332.0,382.0,337.0,480.0,236.0,484.0
moving,moving_frame_000100,moving_calib_camera,100,results/bus_real_data/ablation/moving_cam/fov/00_prepared_datasets/fov_69deg_baseline/raw_images/moving/frame_0100.png,8,0.17,1858.934191458762,1858.934191458762,1280.0,720.0,True,-2.5777469101556436,0.03637656398561555,-0.7522533073816919,-1.202816850988638,-1.144546953046861,4.570854084418589,4.863071371653636,790.5,254.25,4727.5,756.0,220.0,824.0,219.0,825.0,288.0,757.0,290.0
moving,moving_frame_000101,moving_calib_camera,101,results/bus_real_data/ablation/moving_cam/fov/00_prepared_datasets/fov_69deg_baseline/raw_images/moving/frame_0101.png,5,0.17,1858.934191458762,1858.934191458762,1280.0,720.0,True,-2.720570835421604,0.08326287095684459,-0.7140796280877796,-0.4793780143971872,-0.3968171710952109,3.6254796567446856,3.6785010383895447,1033.75,516.25,6979.5,992.0,477.0,1074.0,470.0,1075.0,555.0,994.0,563.0
moving,moving_frame_000101,moving_calib_camera,101,results/bus_real_data/ablation/moving_cam/fov/00_prepared_datasets/fov_69deg_baseline/raw_images/moving/frame_0101.png,6,0.17,1858.934191458762,1858.934191458762,1280.0,720.0,True,3.104942336927574,-0.17339786140032667,0.21603659250874982,-1.789956254793198,-0.461298978994317,3.100905023730939,3.610034917877425,206.75,443.5,11053.0,147.0,397.0,256.0,389.0,266.0,489.0,158.0,499.0
moving,moving_frame_000101,moving_calib_camera,101,results/bus_real_data/ablation/moving_cam/fov/00_prepared_datasets/fov_69deg_baseline/raw_images/moving/frame_0101.png,8,0.17,1858.934191458762,1858.934191458762,1280.0,720.0,True,-3.096606178846763,0.05741476423137067,0.08901073038710496,-1.3817312602059961,-1.1767023853723164,4.588453496711514,4.934340408874875,720.25,243.25,4703.5,685.0,210.0,752.0,207.0,756.0,276.0,688.0,280.0
moving,moving_frame_000102,moving_calib_camera,102,results/bus_real_data/ablation/moving_cam/fov/00_prepared_datasets/fov_69deg_baseline/raw_images/moving/frame_0102.png,5,0.17,1858.934191458762,1858.934191458762,1280.0,720.0,True,-2.6658210625170238,0.15755811768288047,-0.8915184434892879,-0.6281746413060327,-0.4551459941893242,3.719030612362784,3.799072248812604,965.5,492.25,6403.5,925.0,456.0,1001.0,445.0,1006.0,528.0,930.0,540.0
moving,moving_frame_000102,moving_calib_camera,102,results/bus_real_data/ablation/moving_cam/fov/00_prepared_datasets/fov_69deg_baseline/raw_images/moving/frame_0102.png,6,0.17,1858.934191458762,1858.934191458762,1280.0,720.0,True,3.0495522674109425,-0.2606355107876946,0.3173202525261975,-1.84215959026147,-0.4178299283240921,2.968980149468474,3.5189454290928506,126.25,458.5,12333.0,60.0,413.0,177.0,400.0,192.0,503.0,76.0,518.0
moving,moving_frame_000102,moving_calib_camera,102,results/bus_real_data/ablation/moving_cam/fov/00_prepared_datasets/fov_69deg_baseline/raw_images/moving/frame_0102.png,8,0.17,1858.934191458762,1858.934191458762,1280.0,720.0,True,-3.083397044540633,0.1037453259821206,0.12545069855069418,-1.5436485420106982,-1.1915746992977991,4.55809052697253,4.957710190938465,650.5,234.0,4726.0,614.0,202.0,681.0,196.0,687.0,266.0,620.0,272.0
moving,moving_frame_000103,moving_calib_camera,103,results/bus_real_data/ablation/moving_cam/fov/00_prepared_datasets/fov_69deg_baseline/raw_images/moving/frame_0103.png,5,0.17,1858.934191458762,1858.934191458762,1280.0,720.0,True,-2.580737794333847,0.21274576008315016,-0.968878870140495,-0.7779161328016622,-0.5087224697396638,3.8132423247615685,3.9248909651408317,900.25,471.75,5952.5,860.0,439.0,933.0,424.0,940.0,504.0,868.0,520.0
moving,moving_frame_000103,moving_calib_camera,103,results/bus_real_data/ablation/moving_cam/fov/00_prepared_datasets/fov_69deg_baseline/raw_images/moving/frame_0103.png,8,0.17,1858.934191458762,1858.934191458762,1280.0,720.0,True,-2.4821017090752475,0.17078473179729248,-0.9721840799170529,-1.7083030735355358,-1.2066047898656707,4.54746750376738,5.005362644983684,581.25,226.5,4793.0,543.0,195.0,611.0,188.0,619.0,257.0,552.0,266.0
moving,moving_frame_000104,moving_calib_camera,104,results/bus_real_data/ablation/moving_cam/fov/00_prepared_datasets/fov_69deg_baseline/raw_images/moving/frame_0104.png,5,0.17,1858.934191458762,1858.934191458762,1280.0,720.0,True,-2.616831163994019,0.20102763709599406,-0.9518194677542424,-0.6285463915161046,-0.4016641852675427,3.5685474721284285,3.645673565316669,952.0,510.5,6734.0,910.0,475.0,987.0,460.0,994.0,545.0,917.0,562.0
moving,moving_frame_000104,moving_calib_camera,104,results/bus_real_data/ablation/moving_cam/fov/00_prepared_datasets/fov_69deg_baseline/raw_images/moving/frame_0104.png,8,0.17,1858.934191458762,1858.934191458762,1280.0,720.0,True,-2.512327603162591,0.16567958783238632,-0.9423986922309857,-1.561766274925679,-1.1159037621799819,4.360475084980533,4.764252099824132,613.75,244.0,5214.5,574.0,211.0,645.0,204.0,653.0,276.0,583.0,285.0
moving,moving_frame_000105,moving_calib_camera,105,results/bus_real_data/ablation/moving_cam/fov/00_prepared_datasets/fov_69deg_baseline/raw_images/moving/frame_0105.png,5,0.17,1858.934191458762,1858.934191458762,1280.0,720.0,True,-2.638602958552186,0.19152678256604438,-0.908633340056715,-0.48486753792072645,-0.2937595759381867,3.330659246149361,3.378562154488936,1008.75,555.75,7662.5,964.0,518.0,1047.0,502.0,1053.0,592.0,971.0,611.0
moving,moving_frame_000105,moving_calib_camera,105,results/bus_real_data/ablation/moving_cam/fov/00_prepared_datasets/fov_69deg_baseline/raw_images/moving/frame_0105.png,8,0.17,1858.934191458762,1858.934191458762,1280.0,720.0,True,-2.52883477798076,0.16580810369641188,-0.935318339289308,-1.4150756660036745,-1.019983140022538,4.153906093320583,4.505301385986497,646.25,263.25,5695.0,605.0,229.0,679.0,221.0,687.0,297.0,614.0,306.0
moving,moving_frame_000106,moving_calib_camera,106,results/bus_real_data/ablation/moving_cam/fov/00_prepared_datasets/fov_69deg_baseline/raw_images/moving/frame_0106.png,5,0.17,1858.934191458762,1858.934191458762,1280.0,720.0,True,-2.6703338090163315,0.16681743130998927,-0.8628670073350204,-0.347669667437618,-0.1851068433140546,3.0951846426774408,3.120145303245372,1070.5,608.5,8812.0,1023.0,568.0,1113.0,551.0,1117.0,648.0,1029.0,667.0
moving,moving_frame_000106,moving_calib_camera,106,results/bus_real_data/ablation/moving_cam/fov/00_prepared_datasets/fov_69deg_baseline/raw_images/moving/frame_0106.png,8,0.17,1858.934191458762,1858.934191458762,1280.0,720.0,True,-3.130481561901564,0.13487001853437416,0.1313430003234979,-1.2619724412913662,-0.9150389637910191,3.9126711100053226,4.21175331220917,680.5,285.25,6338.5,638.0,249.0,716.0,241.0,723.0,321.0,645.0,330.0
moving,moving_frame_000107,moving_calib_camera,107,results/bus_real_data/ablation/moving_cam/fov/00_prepared_datasets/fov_69deg_baseline/raw_images/moving/frame_0107.png,8,0.17,1858.934191458762,1858.934191458762,1280.0,720.0,True,-2.5485951683880677,0.1288336608250333,-0.8946387711232984,-1.1166756783827796,-0.8120089019430404,3.682690426096331,3.933005441388044,715.75,309.75,7109.0,671.0,271.0,754.0,263.0,760.0,348.0,678.0,357.0
moving,moving_frame_000108,moving_calib_camera,108,results/bus_real_data/ablation/moving_cam/fov/00_prepared_datasets/fov_69deg_baseline/raw_images/moving/frame_0108.png,8,0.17,1858.934191458762,1858.934191458762,1280.0,720.0,True,-2.5792148198636538,0.12091530845812777,-0.8813906683824514,-0.9845533169834249,-0.7133197874044568,3.477080034040262,3.683511356872303,753.0,338.25,7924.5,706.0,297.0,794.0,289.0,799.0,379.0,713.0,388.0
moving,moving_frame_000109,moving_calib_camera,109,results/bus_real_data/ablation/moving_cam/fov/00_prepared_datasets/fov_69deg_baseline/raw_images/moving/frame_0109.png,8,0.17,1858.934191458762,1858.934191458762,1280.0,720.0,True,-2.601006007112252,0.1122947454670564,-0.8529732130394325,-0.8552346632123712,-0.6120612098517356,3.2641434703952363,3.4293844708765167,792.25,371.0,8929.5,743.0,327.0,836.0,319.0,841.0,414.0,749.0,424.0
moving,moving_frame_000110,moving_calib_camera,110,results/bus_real_data/ablation/moving_cam/fov/00_prepared_datasets/fov_69deg_baseline/raw_images/moving/frame_0110.png,8,0.17,1858.934191458762,1858.934191458762,1280.0,720.0,True,-2.6305266548673565,0.09653964322126198,-0.8221788763764638,-0.7258214472154765,-0.5073191572373505,3.0321676203141363,3.158833642061493,834.25,408.5,10289.0,782.0,361.0,882.0,353.0,886.0,455.0,787.0,465.0
moving,moving_frame_000111,moving_calib_camera,111,results/bus_real_data/ablation/moving_cam/fov/00_prepared_datasets/fov_69deg_baseline/raw_images/moving/frame_0111.png,8,0.17,1858.934191458762,1858.934191458762,1280.0,720.0,True,-2.6624451918105105,0.08423807111818331,-0.7598324207038093,-0.6041463779926908,-0.4031705193286854,2.8100311455670535,2.9023808076739925,879.5,452.75,11972.0,823.0,402.0,932.0,393.0,935.0,503.0,828.0,513.0
moving,moving_frame_000111,moving_calib_camera,111,results/bus_real_data/ablation/moving_cam/fov/00_prepared_datasets/fov_69deg_baseline/raw_images/moving/frame_0111.png,11,0.17,1858.934191458762,1858.934191458762,1280.0,720.0,True,0.4185948406121308,2.561189859921011,-1.3515827617140204,-2.1917951228019743,-1.6309512968286015,5.2397624011315616,5.909236669255802,502.25,141.5,1165.5,536.0,149.0,470.0,152.0,470.0,134.0,533.0,131.0
moving,moving_frame_000112,moving_calib_camera,112,results/bus_real_data/ablation/moving_cam/fov/00_prepared_datasets/fov_69deg_baseline/raw_images/moving/frame_0112.png,8,0.17,1858.934191458762,1858.934191458762,1280.0,720.0,True,-2.6958541631180033,0.05904303109630958,-0.7135889138637971,-0.4841663242764731,-0.29693641267760157,2.5746926788617337,2.6365945181846686,929.5,505.0,14178.0,869.0,449.0,988.0,441.0,989.0,560.0,872.0,570.0
moving,moving_frame_000112,moving_calib_camera,112,results/bus_real_data/ablation/moving_cam/fov/00_prepared_datasets/fov_69deg_baseline/raw_images/moving/frame_0112.png,11,0.17,1858.934191458762,1858.934191458762,1280.0,720.0,True,0.3917079723869613,2.5676596677649677,-1.347492404455828,-2.049657119663493,-1.5338839617570121,5.034380831757073,5.647909761627364,523.0,153.75,1309.0,558.0,162.0,489.0,165.0,490.0,145.0,555.0,143.0
moving,moving_frame_000113,moving_calib_camera,113,results/bus_real_data/ablation/moving_cam/fov/00_prepared_datasets/fov_69deg_baseline/raw_images/moving/frame_0113.png,8,0.17,1858.934191458762,1858.934191458762,1280.0,720.0,True,-2.731945165500771,0.05035397671785665,-0.6778257197288277,-0.37174173702139257,-0.1910484619743674,2.346937057956626,2.3838634583122746,984.5,568.0,16909.0,919.0,507.0,1049.0,498.0,1049.0,628.0,921.0,639.0
moving,moving_frame_000114,moving_calib_camera,114,results/bus_real_data/ablation/moving_cam/fov/00_prepared_datasets/fov_69deg_baseline/raw_images/moving/frame_0114.png,12,0.17,1858.934191458762,1858.934191458762,1280.0,720.0,True,2.657113302774731,0.9905974979138186,-1.2173978722584546,-0.7938489424376207,-1.2675995735085988,4.615492973939945,4.851781138371506,960.5,209.5,2301.0,965.0,169.0,993.0,192.0,953.0,250.0,931.0,227.0
moving,moving_frame_000115,moving_calib_camera,115,results/bus_real_data/ablation/moving_cam/fov/00_prepared_datasets/fov_69deg_baseline/raw_images/moving/frame_0115.png,13,0.17,1858.934191458762,1858.934191458762,1280.0,720.0,True,0.15581560371723688,2.7007164944405906,-1.336977099276347,-2.5326136456760677,-1.0449713932204152,4.672845224345085,5.416786831840285,272.25,304.5,2102.5,300.0,320.0,226.0,318.0,246.0,291.0,317.0,289.0
moving,moving_frame_000115,moving_calib_camera,115,results/bus_real_data/ablation/moving_cam/fov/00_prepared_datasets/fov_69deg_baseline/raw_images/moving/frame_0115.png,12,0.17,1858.934191458762,1858.934191458762,1280.0,720.0,True,2.6612502045167297,0.9968574681848271,-1.1974190625085694,-0.6432677721470301,-1.1306505917679575,4.293307573646672,4.486051059593516,1001.75,230.5,2820.0,1007.0,187.0,1037.0,212.0,995.0,275.0,968.0,248.0
moving,moving_frame_000116,moving_calib_camera,116,results/bus_real_data/ablation/moving_cam/fov/00_prepared_datasets/fov_69deg_baseline/raw_images/moving/frame_0116.png,12,0.17,1858.934191458762,1858.934191458762,1280.0,720.0,True,2.662875717992169,1.0080102016253676,-1.1624821348203684,-0.5105365690389142,-1.016589446454436,4.037320467208535,4.194527177872318,1045.25,252.0,3403.0,1050.0,206.0,1085.0,233.0,1038.0,300.0,1008.0,269.0
moving,moving_frame_000117,moving_calib_camera,117,results/bus_real_data/ablation/moving_cam/fov/00_prepared_datasets/fov_69deg_baseline/raw_images/moving/frame_0117.png,13,0.17,1858.934191458762,1858.934191458762,1280.0,720.0,True,0.10239454497526382,2.781907389497363,-1.3017561401086772,-2.233771396776971,-0.8334409350136972,4.150420999062749,4.786476043466266,279.25,347.0,2917.0,308.0,365.0,226.0,366.0,253.0,329.0,330.0,328.0
moving,moving_frame_000117,moving_calib_camera,117,results/bus_real_data/ablation/moving_cam/fov/00_prepared_datasets/fov_69deg_baseline/raw_images/moving/frame_0117.png,12,0.17,1858.934191458762,1858.934191458762,1280.0,720.0,True,2.658970095656891,1.032143556546654,-1.1398433674750545,-0.3855802822144883,-0.9025489613449751,3.795002437892294,3.919861003309423,1091.5,278.0,4065.0,1097.0,228.0,1135.0,260.0,1084.0,329.0,1050.0,295.0
moving,moving_frame_000118,moving_calib_camera,118,results/bus_real_data/ablation/moving_cam/fov/00_prepared_datasets/fov_69deg_baseline/raw_images/moving/frame_0118.png,13,0.17,1858.934191458762,1858.934191458762,1280.0,720.0,True,0.0593099572654248,2.806239976529947,-1.2857250291026585,-2.1132349208312333,-0.7398656769915013,3.9314597354661345,4.5243274309229795,280.5,370.5,3403.0,310.0,391.0,223.0,391.0,255.0,350.0,334.0,350.0
moving,moving_frame_000118,moving_calib_camera,118,results/bus_real_data/ablation/moving_cam/fov/00_prepared_datasets/fov_69deg_baseline/raw_images/moving/frame_0118.png,12,0.17,1858.934191458762,1858.934191458762,1280.0,720.0,True,2.651099874007852,1.051067867173861,-1.099536332616636,-0.26365578930982203,-0.7844861289472577,3.5276348939364994,3.6234156270935323,1141.5,306.75,4994.0,1147.0,253.0,1191.0,289.0,1133.0,362.0,1095.0,323.0
moving,moving_frame_000118,moving_calib_camera,118,results/bus_real_data/ablation/moving_cam/fov/00_prepared_datasets/fov_69deg_baseline/raw_images/moving/frame_0118.png,11,0.17,1858.934191458762,1858.934191458762,1280.0,720.0,True,0.27120387786674355,2.6112719527054944,-1.2809559904242411,-1.2600826526849094,-0.9020739359337813,3.658825578028922,3.9734808780120203,639.5,262.0,3276.0,687.0,280.0,592.0,280.0,596.0,244.0,683.0,244.0
moving,moving_frame_000119,moving_calib_camera,119,results/bus_real_data/ablation/moving_cam/fov/00_prepared_datasets/fov_69deg_baseline/raw_images/moving/frame_0119.png,13,0.17,1858.934191458762,1858.934191458762,1280.0,720.0,True,0.07588230743082519,2.841167788717228,-1.261818443654778,-2.1083282141490822,-0.6376363285493648,3.625851922586648,4.242455669843618,198.75,393.5,4141.5,229.0,416.0,136.0,418.0,172.0,371.0,258.0,369.0
moving,moving_frame_000119,moving_calib_camera,119,results/bus_real_data/ablation/moving_cam/fov/00_prepared_datasets/fov_69deg_baseline/raw_images/moving/frame_0119.png,12,0.17,1858.934191458762,1858.934191458762,1280.0,720.0,True,2.686610769686652,1.056361153875294,-1.0852538283043482,-0.3357397737208798,-0.7588522753853223,3.4394673755611875,3.5381511837491333,1099.0,310.0,5308.0,1104.0,254.0,1149.0,292.0,1091.0,368.0,1052.0,326.0
moving,moving_frame_000120,moving_calib_camera,120,results/bus_real_data/ablation/moving_cam/fov/00_prepared_datasets/fov_69deg_baseline/raw_images/moving/frame_0120.png,13,0.17,1858.934191458762,1858.934191458762,1280.0,720.0,True,0.08354225448236632,2.8603282847076787,-1.255015336292488,-2.0721837696576664,-0.5286593393854333,3.294933921701826,3.928105882067523,110.5,422.25,5106.5,142.0,447.0,40.0,451.0,83.0,397.0,177.0,394.0
moving,moving_frame_000120,moving_calib_camera,120,results/bus_real_data/ablation/moving_cam/fov/00_prepared_datasets/fov_69deg_baseline/raw_images/moving/frame_0120.png,11,0.17,1858.934191458762,1858.934191458762,1280.0,720.0,True,0.28576512107061364,2.67003040243923,-1.2203596111222204,-1.3590346169581122,-0.7649129065448764,3.2900656211899353,3.640961224240836,511.75,288.25,4648.0,563.0,309.0,456.0,313.0,465.0,267.0,563.0,264.0
moving,moving_frame_000120,moving_calib_camera,120,results/bus_real_data/ablation/moving_cam/fov/00_prepared_datasets/fov_69deg_baseline/raw_images/moving/frame_0120.png,12,0.17,1858.934191458762,1858.934191458762,1280.0,720.0,True,2.7188858727222067,1.0613399057312123,-1.073515849761995,-0.40022950012964914,-0.729997260493265,3.3516565877918483,3.4535027921792962,1058.5,315.25,5627.0,1063.0,257.0,1109.0,297.0,1051.0,376.0,1011.0,331.0
moving,moving_frame_000121,moving_calib_camera,121,results/bus_real_data/ablation/moving_cam/fov/00_prepared_datasets/fov_69deg_baseline/raw_images/moving/frame_0121.png,11,0.17,1858.934191458762,1858.934191458762,1280.0,720.0,True,0.2955844502984625,2.691075370633272,-1.1971707692455484,-1.3765478506818187,-0.6763527000892324,3.057045101187091,3.420213693737092,442.5,309.25,5678.0,497.0,332.0,381.0,338.0,393.0,286.0,499.0,281.0
moving,moving_frame_000121,moving_calib_camera,121,results/bus_real_data/ablation/moving_cam/fov/00_prepared_datasets/fov_69deg_baseline/raw_images/moving/frame_0121.png,12,0.17,1858.934191458762,1858.934191458762,1280.0,720.0,True,-2.7522473163812666,-1.0702175427407814,1.046402746697329,-0.4556567727861446,-0.69193292540175,3.245175146414298,3.3492620080767,1019.5,323.75,6135.0,1023.0,262.0,1071.0,306.0,1013.0,388.0,971.0,339.0
moving,moving_frame_000122,moving_calib_camera,122,results/bus_real_data/ablation/moving_cam/fov/00_prepared_datasets/fov_69deg_baseline/raw_images/moving/frame_0122.png,11,0.17,1858.934191458762,1858.934191458762,1280.0,720.0,True,0.3105869096391176,2.733051926244654,-1.1686650355150576,-1.3802992621127546,-0.581839691523059,2.817364193203847,3.19081564443448,368.75,336.75,7070.0,427.0,361.0,300.0,372.0,317.0,311.0,431.0,303.0
moving,moving_frame_000122,moving_calib_camera,122,results/bus_real_data/ablation/moving_cam/fov/00_prepared_datasets/fov_69deg_baseline/raw_images/moving/frame_0122.png,12,0.17,1858.934191458762,1858.934191458762,1280.0,720.0,True,-2.734102380362808,-1.0600749475899272,0.9997827240080354,-0.5022339002325045,-0.6479311308774448,3.129771603218542,3.235355301851103,982.25,335.25,6721.5,984.0,270.0,1036.0,318.0,976.0,403.0,933.0,350.0
moving,moving_frame_000123,moving_calib_camera,123,results/bus_real_data/ablation/moving_cam/fov/00_prepared_datasets/fov_69deg_baseline/raw_images/moving/frame_0123.png,11,0.17,1858.934191458762,1858.934191458762,1280.0,720.0,True,0.3219828121675914,2.7634783883513405,-1.1500876615714937,-1.3520891348829922,-0.47498582315200827,2.536588642408239,2.9134238451791568,288.5,372.75,9110.5,352.0,400.0,210.0,415.0,233.0,344.0,359.0,332.0
moving,moving_frame_000123,moving_calib_camera,123,results/bus_real_data/ablation/moving_cam/fov/00_prepared_datasets/fov_69deg_baseline/raw_images/moving/frame_0123.png,12,0.17,1858.934191458762,1858.934191458762,1280.0,720.0,True,-2.7163595676621743,-1.0558232984235225,0.9706127104134373,-0.5377918663461123,-0.5946267180880513,2.9990283311652908,3.1043472673823516,947.25,351.5,7364.5,949.0,282.0,1002.0,335.0,942.0,423.0,896.0,366.0
moving,moving_frame_000124,moving_calib_camera,124,results/bus_real_data/ablation/moving_cam/fov/00_prepared_datasets/fov_69deg_baseline/raw_images/moving/frame_0124.png,11,0.17,1858.934191458762,1858.934191458762,1280.0,720.0,True,0.32674846714518513,2.801288249953014,-1.1324511236093335,-1.311423951873104,-0.3668010678883752,2.2588810249977955,2.637597256983259,200.0,419.25,11968.0,269.0,450.0,109.0,471.0,141.0,386.0,281.0,370.0
moving,moving_frame_000124,moving_calib_camera,124,results/bus_real_data/ablation/moving_cam/fov/00_prepared_datasets/fov_69deg_baseline/raw_images/moving/frame_0124.png,12,0.17,1858.934191458762,1858.934191458762,1280.0,720.0,True,-2.700070490826629,-1.0381799294827512,0.9327514383007587,-0.5593382424194421,-0.5328273539812207,2.837685100128471,2.9409557946481666,914.25,371.0,8318.5,914.0,297.0,972.0,354.0,910.0,448.0,861.0,385.0
moving,moving_frame_000125,moving_calib_camera,125,results/bus_real_data/ablation/moving_cam/fov/00_prepared_datasets/fov_69deg_baseline/raw_images/moving/frame_0125.png,12,0.17,1858.934191458762,1858.934191458762,1280.0,720.0,True,-2.6683979592183213,-1.0191229413093548,0.8760436827994363,-0.5754311878933693,-0.4692538431810003,2.694520395166893,2.7949526617298655,883.75,396.25,9410.5,881.0,317.0,944.0,380.0,882.0,479.0,828.0,409.0
moving,moving_frame_000126,moving_calib_camera,126,results/bus_real_data/ablation/moving_cam/fov/00_prepared_datasets/fov_69deg_baseline/raw_images/moving/frame_0126.png,12,0.17,1858.934191458762,1858.934191458762,1280.0,720.0,True,-2.634209448394267,-1.0061618854903702,0.844257809767344,-0.5771346402925175,-0.39586934448812283,2.5208813205412257,2.6162262064249533,855.25,428.0,10742.5,850.0,342.0,919.0,413.0,855.0,517.0,797.0,440.0
moving,moving_frame_000127,moving_calib_camera,127,results/bus_real_data/ablation/moving_cam/fov/00_prepared_datasets/fov_69deg_baseline/raw_images/moving/frame_0127.png,12,0.17,1858.934191458762,1858.934191458762,1280.0,720.0,True,-2.6409206879299574,-0.9647678281344397,0.7862687906271841,-0.6132070503025037,-0.3592492473734495,2.458788649209345,2.559438323101341,817.25,448.25,11528.5,808.0,360.0,883.0,432.0,821.0,540.0,757.0,461.0
moving,moving_frame_000128,moving_calib_camera,128,results/bus_real_data/ablation/moving_cam/fov/00_prepared_datasets/fov_69deg_baseline/raw_images/moving/frame_0128.png,12,0.17,1858.934191458762,1858.934191458762,1280.0,720.0,True,-2.6531487020417353,-0.8594931450470565,0.6838344423743133,-0.659731197062666,-0.2816079546627525,2.322081298214285,2.4303517951160107,752.75,494.25,13340.5,734.0,401.0,822.0,474.0,767.0,591.0,688.0,511.0
moving,moving_frame_000129,moving_calib_camera,129,results/bus_real_data/ablation/moving_cam/fov/00_prepared_datasets/fov_69deg_baseline/raw_images/moving/frame_0129.png,12,0.17,1858.934191458762,1858.934191458762,1280.0,720.0,True,-2.654622489972012,-0.8184491679517366,0.6232413044081918,-0.6722326029538994,-0.24115863082581582,2.2489328173624985,2.3596086486334937,725.25,520.25,14510.0,701.0,425.0,798.0,498.0,744.0,620.0,658.0,538.0
moving,moving_frame_000130,moving_calib_camera,130,results/bus_real_data/ablation/moving_cam/fov/00_prepared_datasets/fov_69deg_baseline/raw_images/moving/frame_0130.png,12,0.17,1858.934191458762,1858.934191458762,1280.0,720.0,True,-2.658328690760483,-0.7670215544002612,0.5641619151518334,-0.6760057845967584,-0.20194921266377813,2.173534378927542,2.285173735557919,702.75,546.75,15837.5,673.0,449.0,778.0,522.0,728.0,649.0,632.0,567.0
moving,moving_frame_000131,moving_calib_camera,131,results/bus_real_data/ablation/moving_cam/fov/00_prepared_datasets/fov_69deg_baseline/raw_images/moving/frame_0131.png,12,0.17,1858.934191458762,1858.934191458762,1280.0,720.0,True,-2.658328690760483,-0.7670215544002612,0.5641619151518334,-0.6760057845967584,-0.20194921266377813,2.173534378927542,2.285173735557919,702.75,546.75,15837.5,673.0,449.0,778.0,522.0,728.0,649.0,632.0,567.0
moving,moving_frame_000132,moving_calib_camera,132,results/bus_real_data/ablation/moving_cam/fov/00_prepared_datasets/fov_69deg_baseline/raw_images/moving/frame_0132.png,12,0.17,1858.934191458762,1858.934191458762,1280.0,720.0,True,-2.671410470137861,-0.7124033368201753,0.5135116540196173,-0.6754118996716014,-0.16384814914715903,2.1025386519959475,2.2144290987371638,683.75,574.5,17246.0,648.0,475.0,762.0,546.0,715.0,679.0,610.0,598.0
moving,moving_frame_000150,moving_calib_camera,150,results/bus_real_data/ablation/moving_cam/fov/00_prepared_datasets/fov_69deg_baseline/raw_images/moving/frame_0150.png,10,0.17,1858.934191458762,1858.934191458762,1280.0,720.0,True,2.8021290219227697,0.5659140189432517,0.00023351206307350492,-0.17903467379599725,-0.4821945581336646,2.8901016790800456,2.935515750551555,1164.75,410.25,10957.5,1135.0,346.0,1238.0,383.0,1192.0,478.0,1094.0,434.0
moving,moving_frame_000151,moving_calib_camera,151,results/bus_real_data/ablation/moving_cam/fov/00_prepared_datasets/fov_69deg_baseline/raw_images/moving/frame_0151.png,10,0.17,1858.934191458762,1858.934191458762,1280.0,720.0,True,2.8961754299259317,0.5195561909426613,-0.016660493932877295,-0.3083647228954329,-0.5659459166275947,3.154586266019804,3.219751247011886,1098.25,386.75,9497.5,1069.0,327.0,1164.0,358.0,1126.0,449.0,1034.0,413.0
moving,moving_frame_000152,moving_calib_camera,152,results/bus_real_data/ablation/moving_cam/fov/00_prepared_datasets/fov_69deg_baseline/raw_images/moving/frame_0152.png,10,0.17,1858.934191458762,1858.934191458762,1280.0,720.0,True,2.96764105903886,0.4774331172566671,0.004967211868441509,-0.45390937400840065,-0.6492544953182543,3.42003518379054,3.510584819922295,1033.25,367.25,8263.0,1004.0,312.0,1093.0,338.0,1061.0,425.0,975.0,394.0
moving,moving_frame_000153,moving_calib_camera,153,results/bus_real_data/ablation/moving_cam/fov/00_prepared_datasets/fov_69deg_baseline/raw_images/moving/frame_0153.png,10,0.17,1858.934191458762,1858.934191458762,1280.0,720.0,True,3.0298949159747526,0.43140979224447185,-0.003026723709796137,-0.6049745045825689,-0.7197168645556588,3.6249701092720197,3.7449158614628915,969.75,351.0,7459.0,940.0,299.0,1025.0,321.0,998.0,405.0,916.0,379.0
moving,moving_frame_000154,moving_calib_camera,154,results/bus_real_data/ablation/moving_cam/fov/00_prepared_datasets/fov_69deg_baseline/raw_images/moving/frame_0154.png,12,0.17,1858.934191458762,1858.934191458762,1280.0,720.0,True,-2.1807335321623524,0.594973315029576,-1.5045403142569431,-0.8234830719875647,-0.1365948726814298,2.256716393873758,2.4061486677825026,600.0,607.25,13228.0,534.0,581.0,622.0,514.0,662.0,628.0,582.0,706.0
moving,moving_frame_000154,moving_calib_camera,154,results/bus_real_data/ablation/moving_cam/fov/00_prepared_datasets/fov_69deg_baseline/raw_images/moving/frame_0154.png,10,0.17,1858.934191458762,1858.934191458762,1280.0,720.0,True,3.084460795375854,0.3892324335495087,-0.07713179224022916,-0.7669084446252935,-0.7890239565554024,3.8267822398964353,3.9818299408742592,907.5,336.75,6690.0,878.0,288.0,958.0,306.0,936.0,387.0,858.0,366.0
moving,moving_frame_000155,moving_calib_camera,155,results/bus_real_data/ablation/moving_cam/fov/00_prepared_datasets/fov_69deg_baseline/raw_images/moving/frame_0155.png,12,0.17,1858.934191458762,1858.934191458762,1280.0,720.0,True,-2.1394115019035653,0.6318385109343492,-1.5283510615972775,-0.8965261782394113,-0.16225201338471873,2.3466090574973157,2.5172721292789144,568.25,591.25,12095.0,505.0,568.0,586.0,501.0,628.0,609.0,554.0,687.0
moving,moving_frame_000155,moving_calib_camera,155,results/bus_real_data/ablation/moving_cam/fov/00_prepared_datasets/fov_69deg_baseline/raw_images/moving/frame_0155.png,10,0.17,1858.934191458762,1858.934191458762,1280.0,720.0,True,-3.1113155086736217,-0.3474668375849912,0.1270658843028749,-0.9391405158037094,-0.8514714560696436,4.017339798069582,4.212601049479901,845.5,326.0,6047.0,816.0,280.0,892.0,295.0,874.0,373.0,800.0,356.0
moving,moving_frame_000156,moving_calib_camera,156,results/bus_real_data/ablation/moving_cam/fov/00_prepared_datasets/fov_69deg_baseline/raw_images/moving/frame_0156.png,12,0.17,1858.934191458762,1858.934191458762,1280.0,720.0,True,-2.100957197256974,0.6708895724658296,-1.5809584515690376,-0.9716845062520055,-0.18572927427259908,2.4219141091982803,2.616167826295884,532.75,577.25,11116.0,472.0,556.0,546.0,489.0,590.0,594.0,523.0,670.0
moving,moving_frame_000156,moving_calib_camera,156,results/bus_real_data/ablation/moving_cam/fov/00_prepared_datasets/fov_69deg_baseline/raw_images/moving/frame_0156.png,10,0.17,1858.934191458762,1858.934191458762,1280.0,720.0,True,-3.119062863037381,-0.3073594202559851,0.12272163243358564,-1.1125214945119304,-0.9037133038689905,4.171171404352121,4.410563761677833,784.25,317.25,5597.0,755.0,274.0,828.0,286.0,813.0,362.0,741.0,347.0
moving,moving_frame_000157,moving_calib_camera,157,results/bus_real_data/ablation/moving_cam/fov/00_prepared_datasets/fov_69deg_baseline/raw_images/moving/frame_0157.png,12,0.17,1858.934191458762,1858.934191458762,1280.0,720.0,True,-2.072405011277041,0.7080774953463733,-1.6288619777998943,-1.0593140433023833,-0.20861546926749194,2.5088135438715375,2.7312656506221806,493.75,565.25,10245.0,435.0,545.0,503.0,480.0,549.0,581.0,488.0,655.0
moving,moving_frame_000157,moving_calib_camera,157,results/bus_real_data/ablation/moving_cam/fov/00_prepared_datasets/fov_69deg_baseline/raw_images/moving/frame_0157.png,10,0.17,1858.934191458762,1858.934191458762,1280.0,720.0,True,-3.1055919391898796,-0.2516627197113548,0.1305229395320619,-1.29604607605562,-0.952980895184671,4.328855416044059,4.618105372429274,723.5,310.75,5190.5,694.0,270.0,764.0,279.0,753.0,353.0,683.0,341.0
moving,moving_frame_000157,moving_calib_camera,157,results/bus_real_data/ablation/moving_cam/fov/00_prepared_datasets/fov_69deg_baseline/raw_images/moving/frame_0157.png,0,0.17,1858.934191458762,1858.934191458762,1280.0,720.0,True,2.8503545194685755,0.15956402693509683,-0.20853871717087033,-0.6595832207840333,-3.8130393243298206,11.404522673273593,12.043149767367211,1172.5,98.5,652.0,1161.0,86.0,1188.0,87.0,1184.0,111.0,1157.0,110.0
moving,moving_frame_000158,moving_calib_camera,158,results/bus_real_data/ablation/moving_cam/fov/00_prepared_datasets/fov_69deg_baseline/raw_images/moving/frame_0158.png,12,0.17,1858.934191458762,1858.934191458762,1280.0,720.0,True,-2.0367019255354646,0.7434424123236522,-1.6661543392525273,-1.1500404301976963,-0.22818589078418666,2.5851131595525465,2.838568625123237,451.75,555.75,9567.0,394.0,537.0,458.0,473.0,505.0,570.0,450.0,643.0
moving,moving_frame_000158,moving_calib_camera,158,results/bus_real_data/ablation/moving_cam/fov/00_prepared_datasets/fov_69deg_baseline/raw_images/moving/frame_0158.png,10,0.17,1858.934191458762,1858.934191458762,1280.0,720.0,True,-3.131910592783121,-0.20138073425842642,0.11388907147322382,-1.469478336131735,-0.984334450116921,4.419821017326439,4.760577561099913,662.0,306.0,4971.0,632.0,267.0,701.0,274.0,692.0,346.0,623.0,337.0
moving,moving_frame_000158,moving_calib_camera,158,results/bus_real_data/ablation/moving_cam/fov/00_prepared_datasets/fov_69deg_baseline/raw_images/moving/frame_0158.png,0,0.17,1858.934191458762,1858.934191458762,1280.0,720.0,True,2.918209285889345,0.1250978781455543,-0.14030942796700008,-1.3469236686184416,-4.154100980743423,12.394846793084923,13.141650784865105,1078.0,97.0,578.0,1067.0,85.0,1092.0,86.0,1089.0,109.0,1064.0,108.0
moving,moving_frame_000159,moving_calib_camera,159,results/bus_real_data/ablation/moving_cam/fov/00_prepared_datasets/fov_69deg_baseline/raw_images/moving/frame_0159.png,11,0.17,1858.934191458762,1858.934191458762,1280.0,720.0,True,2.1293279900216855,-0.14620754794366553,0.4902642123953983,-0.10913386517528854,-0.16042070823659083,1.9083267947717875,1.9181647895327427,1173.0,565.0,12260.0,1081.0,515.0,1225.0,531.0,1276.0,618.0,1110.0,596.0
moving,moving_frame_000159,moving_calib_camera,159,results/bus_real_data/ablation/moving_cam/fov/00_prepared_datasets/fov_69deg_baseline/raw_images/moving/frame_0159.png,12,0.17,1858.934191458762,1858.934191458762,1280.0,720.0,True,-1.9988892978369848,0.7714485518140222,-1.7084334528554144,-1.243835246696806,-0.24454066633554947,2.6491914911127847,2.9368591752076774,406.0,548.25,8995.0,350.0,531.0,409.0,467.0,458.0,562.0,407.0,633.0
moving,moving_frame_000159,moving_calib_camera,159,results/bus_real_data/ablation/moving_cam/fov/00_prepared_datasets/fov_69deg_baseline/raw_images/moving/frame_0159.png,10,0.17,1858.934191458762,1858.934191458762,1280.0,720.0,True,-3.1299824781882855,-0.14108180722061817,0.07833792353180408,-1.6601896356850492,-1.0174192833065092,4.538290449582601,4.938365299292129,600.0,303.25,4759.0,569.0,266.0,637.0,271.0,631.0,341.0,563.0,335.0
moving,moving_frame_000159,moving_calib_camera,159,results/bus_real_data/ablation/moving_cam/fov/00_prepared_datasets/fov_69deg_baseline/raw_images/moving/frame_0159.png,0,0.17,1858.934191458762,1858.934191458762,1280.0,720.0,True,2.9548875725866104,0.07658909316800408,-0.09908187111563344,-2.1151831916916373,-4.538023695026139,13.535050862092879,14.431398436412,989.5,96.75,495.5,979.0,86.0,1002.0,86.0,1000.0,108.0,977.0,107.0
moving,moving_frame_000160,moving_calib_camera,160,results/bus_real_data/ablation/moving_cam/fov/00_prepared_datasets/fov_69deg_baseline/raw_images/moving/frame_0160.png,11,0.17,1858.934191458762,1858.934191458762,1280.0,720.0,True,2.144506079461521,-0.2218900903260973,0.5001672678846645,-0.229980436688818,-0.23184879362557162,2.1632964201145177,2.187806267850401,1081.75,521.75,9786.0,998.0,480.0,1128.0,490.0,1174.0,564.0,1027.0,553.0
moving,moving_frame_000160,moving_calib_camera,160,results/bus_real_data/ablation/moving_cam/fov/00_prepared_datasets/fov_69deg_baseline/raw_images/moving/frame_0160.png,12,0.17,1858.934191458762,1858.934191458762,1280.0,720.0,True,-1.970519776299076,0.8339686194609761,-1.7293166678201728,-1.3545911285480703,-0.26032250261703377,2.7323439495416113,3.0607823165828996,357.25,542.75,8603.0,301.0,528.0,356.0,464.0,409.0,554.0,363.0,625.0
moving,moving_frame_000160,moving_calib_camera,160,results/bus_real_data/ablation/moving_cam/fov/00_prepared_datasets/fov_69deg_baseline/raw_images/moving/frame_0160.png,9,0.17,1858.934191458762,1858.934191458762,1280.0,720.0,True,2.909141753581925,0.08160704997101322,0.004815786138873122,-0.21080936080855867,-0.7942707179678766,3.8708479877500834,3.957116463322073,1178.75,338.75,6178.0,1141.0,299.0,1222.0,303.0,1217.0,379.0,1135.0,374.0
moving,moving_frame_000160,moving_calib_camera,160,results/bus_real_data/ablation/moving_cam/fov/00_prepared_datasets/fov_69deg_baseline/raw_images/moving/frame_0160.png,10,0.17,1858.934191458762,1858.934191458762,1280.0,720.0,True,3.137459369679493,0.10385380565539702,-0.10457740489316658,-1.839938004693251,-1.0335563996441979,4.604692413856184,5.0652544771792805,537.25,302.75,4571.0,506.0,267.0,573.0,270.0,568.0,339.0,502.0,335.0
moving,moving_frame_000160,moving_calib_camera,160,results/bus_real_data/ablation/moving_cam/fov/00_prepared_datasets/fov_69deg_baseline/raw_images/moving/frame_0160.png,0,0.17,1858.934191458762,1858.934191458762,1280.0,720.0,True,-3.1407082550631573,-0.0747355398747992,-4.476557459096588e-06,-3.0241946009859952,-5.0295429597695005,15.031494014693482,16.136538280640174,906.0,98.0,442.0,896.0,87.0,917.0,88.0,916.0,109.0,895.0,108.0
moving,moving_frame_000161,moving_calib_camera,161,results/bus_real_data/ablation/moving_cam/fov/00_prepared_datasets/fov_69deg_baseline/raw_images/moving/frame_0161.png,12,0.17,1858.934191458762,1858.934191458762,1280.0,720.0,True,-1.9463934458048828,0.8557800858462941,-1.7595135021896529,-1.4566387254469193,-0.26844822633641835,2.778347531901069,3.1485037453869347,304.25,540.25,8394.5,248.0,526.0,301.0,463.0,356.0,551.0,312.0,621.0
moving,moving_frame_000161,moving_calib_camera,161,results/bus_real_data/ablation/moving_cam/fov/00_prepared_datasets/fov_69deg_baseline/raw_images/moving/frame_0161.png,11,0.17,1858.934191458762,1858.934191458762,1280.0,720.0,True,2.1518693655620713,-0.2724002260277421,0.48504239274908667,-0.37072747200670314,-0.303376742794321,2.4227309503019594,2.469635917320609,995.0,488.0,7899.0,919.0,454.0,1038.0,458.0,1078.0,523.0,945.0,517.0
moving,moving_frame_000161,moving_calib_camera,161,results/bus_real_data/ablation/moving_cam/fov/00_prepared_datasets/fov_69deg_baseline/raw_images/moving/frame_0161.png,9,0.17,1858.934191458762,1858.934191458762,1280.0,720.0,True,3.0228304792945404,0.03428263010181967,0.02731621548384907,-0.45564543408892944,-0.9254480209407548,4.305359762019798,4.427210123936791,1083.25,320.5,5223.5,1048.0,284.0,1121.0,286.0,1119.0,357.0,1045.0,355.0
moving,moving_frame_000161,moving_calib_camera,161,results/bus_real_data/ablation/moving_cam/fov/00_prepared_datasets/fov_69deg_baseline/raw_images/moving/frame_0161.png,10,0.17,1858.934191458762,1858.934191458762,1280.0,720.0,True,-3.1283538081036197,-0.055188724157299536,0.04199247598362425,-2.023224484518183,-1.0422649270852953,4.657540911547086,5.18386350473475,472.5,304.0,4560.0,440.0,269.0,507.0,271.0,505.0,339.0,438.0,337.0
moving,moving_frame_000161,moving_calib_camera,161,results/bus_real_data/ablation/moving_cam/fov/00_prepared_datasets/fov_69deg_baseline/raw_images/moving/frame_0161.png,0,0.17,1858.934191458762,1858.934191458762,1280.0,720.0,True,3.0661407830611953,0.008252606288985744,-0.021943375097350004,-3.7520881029905193,-5.1212032474093165,15.354702868176696,16.615408150384763,825.75,100.0,410.0,816.0,90.0,836.0,90.0,836.0,110.0,815.0,110.0
moving,moving_frame_000162,moving_calib_camera,162,results/bus_real_data/ablation/moving_cam/fov/00_prepared_datasets/fov_69deg_baseline/raw_images/moving/frame_0162.png,12,0.17,1858.934191458762,1858.934191458762,1280.0,720.0,True,-1.9086588809184883,0.8988858282767811,-1.7945407337169363,-1.5778794176778481,-0.2749764660679564,2.841835150958994,3.262107070414571,246.75,540.0,8041.0,191.0,527.0,240.0,465.0,298.0,549.0,258.0,619.0
moving,moving_frame_000162,moving_calib_camera,162,results/bus_real_data/ablation/moving_cam/fov/00_prepared_datasets/fov_69deg_baseline/raw_images/moving/frame_0162.png,11,0.17,1858.934191458762,1858.934191458762,1280.0,720.0,True,2.160664173537012,-0.33080999822649026,0.47790423806039023,-0.528626470196695,-0.3749423914782178,2.6793009037608018,2.75657052781413,912.75,460.5,6583.5,843.0,432.0,952.0,432.0,989.0,489.0,867.0,489.0
moving,moving_frame_000162,moving_calib_camera,162,results/bus_real_data/ablation/moving_cam/fov/00_prepared_datasets/fov_69deg_baseline/raw_images/moving/frame_0162.png,0,0.17,1858.934191458762,1858.934191458762,1280.0,720.0,True,-2.4264106550227624,-2.4187666902353836e-16,-0.6944035176504043,-4.52178299425252,-5.244248512139143,15.800949843077989,17.25162832452784,748.0,103.0,400.0,738.0,93.0,758.0,93.0,758.0,113.0,738.0,113.0
moving,moving_frame_000163,moving_calib_camera,163,results/bus_real_data/ablation/moving_cam/fov/00_prepared_datasets/fov_69deg_baseline/raw_images/moving/frame_0163.png,12,0.17,1858.934191458762,1858.934191458762,1280.0,720.0,True,-1.971985927906518,0.8600898769892686,-1.7442525201342065,-1.6764015218933492,-0.33131828006893677,2.9809048817980464,3.435969700047077,233.5,513.25,7894.5,177.0,498.0,231.0,442.0,286.0,524.0,240.0,589.0
moving,moving_frame_000163,moving_calib_camera,163,results/bus_real_data/ablation/moving_cam/fov/00_prepared_datasets/fov_69deg_baseline/raw_images/moving/frame_0163.png,11,0.17,1858.934191458762,1858.934191458762,1280.0,720.0,True,2.1752980449612362,-0.2649058459174835,0.4281913497659338,-0.5990592342484707,-0.3973892871539145,2.7682126657449624,2.860033491844788,877.25,453.75,6303.5,813.0,425.0,921.0,427.0,948.0,483.0,827.0,480.0
moving,moving_frame_000163,moving_calib_camera,163,results/bus_real_data/ablation/moving_cam/fov/00_prepared_datasets/fov_69deg_baseline/raw_images/moving/frame_0163.png,9,0.17,1858.934191458762,1858.934191458762,1280.0,720.0,True,3.0655046503313916,0.027697468018707438,0.02297715453387692,-0.6997631216910449,-1.0177112835607025,4.588578264097745,4.751889641912556,996.5,307.75,4660.5,963.0,273.0,1032.0,275.0,1030.0,342.0,961.0,341.0
moving,moving_frame_000163,moving_calib_camera,163,results/bus_real_data/ablation/moving_cam/fov/00_prepared_datasets/fov_69deg_baseline/raw_images/moving/frame_0163.png,10,0.17,1858.934191458762,1858.934191458762,1280.0,720.0,True,-3.136182963260468,-0.03945246611897592,0.06968508669961687,-2.2304534455598852,-1.0890878748841246,4.79184537534698,5.396556038184336,414.75,297.5,4258.5,383.0,264.0,448.0,265.0,446.0,331.0,382.0,330.0
moving,moving_frame_000163,moving_calib_camera,163,results/bus_real_data/ablation/moving_cam/fov/00_prepared_datasets/fov_69deg_baseline/raw_images/moving/frame_0163.png,0,0.17,1858.934191458762,1858.934191458762,1280.0,720.0,True,-2.3618254153585116,-0.024247060950843464,-0.6523903291181082,-4.089248903232987,-5.0996616143285705,15.36540273554743,16.698027021142856,785.25,103.0,410.0,775.0,93.0,796.0,93.0,795.0,113.0,775.0,113.0
moving,moving_frame_000164,moving_calib_camera,164,results/bus_real_data/ablation/moving_cam/fov/00_prepared_datasets/fov_69deg_baseline/raw_images/moving/frame_0164.png,12,0.17,1858.934191458762,1858.934191458762,1280.0,720.0,True,-2.0407618924768154,0.837051593372015,-1.7189704331227096,-1.7808014886907566,-0.3960282056904407,3.1512729620516176,3.641237916311317,228.5,486.25,7474.5,172.0,469.0,229.0,419.0,281.0,500.0,232.0,557.0
moving,moving_frame_000164,moving_calib_camera,164,results/bus_real_data/ablation/moving_cam/fov/00_prepared_datasets/fov_69deg_baseline/raw_images/moving/frame_0164.png,11,0.17,1858.934191458762,1858.934191458762,1280.0,720.0,True,2.1819247230216225,-0.19575956617008797,0.38433764912294355,-0.6680715606222241,-0.42384398236876036,2.8513600062073543,2.959090606335201,844.0,444.25,5985.0,785.0,415.0,892.0,420.0,909.0,474.0,790.0,468.0
moving,moving_frame_000164,moving_calib_camera,164,results/bus_real_data/ablation/moving_cam/fov/00_prepared_datasets/fov_69deg_baseline/raw_images/moving/frame_0164.png,9,0.17,1858.934191458762,1858.934191458762,1280.0,720.0,True,3.026743699027706,0.0418041663959095,0.047186658756940864,-0.6835830044941125,-1.0049155680438058,4.530617307834809,4.690803152231218,999.5,307.75,4732.5,966.0,273.0,1036.0,275.0,1033.0,343.0,963.0,340.0
moving,moving_frame_000164,moving_calib_camera,164,results/bus_real_data/ablation/moving_cam/fov/00_prepared_datasets/fov_69deg_baseline/raw_images/moving/frame_0164.png,10,0.17,1858.934191458762,1858.934191458762,1280.0,720.0,True,-3.1165664381522555,-0.06738086511385223,0.08416662530617831,-2.2786042156579427,-1.1525709001044335,4.959756906241379,5.5784984915648,426.0,288.0,3972.0,396.0,255.0,458.0,257.0,456.0,321.0,394.0,319.0
moving,moving_frame_000164,moving_calib_camera,164,results/bus_real_data/ablation/moving_cam/fov/00_prepared_datasets/fov_69deg_baseline/raw_images/moving/frame_0164.png,0,0.17,1858.934191458762,1858.934191458762,1280.0,720.0,True,-2.3738272989780564,-0.05150428675988546,-0.6187518280724067,-3.683899348753338,-4.967602753469919,14.985773839391495,16.211773779985265,823.0,103.75,431.0,813.0,93.0,834.0,94.0,833.0,114.0,812.0,114.0
moving,moving_frame_000165,moving_calib_camera,165,results/bus_real_data/ablation/moving_cam/fov/00_prepared_datasets/fov_69deg_baseline/raw_images/moving/frame_0165.png,11,0.17,1858.934191458762,1858.934191458762,1280.0,720.0,True,2.1795059362336553,-0.12113908570185232,0.32400087344306067,-0.7415633571827112,-0.4566870321355962,2.957709031214941,3.0832648234245688,813.5,433.5,5492.0,761.0,405.0,865.0,412.0,872.0,463.0,756.0,454.0
moving,moving_frame_000165,moving_calib_camera,165,results/bus_real_data/ablation/moving_cam/fov/00_prepared_datasets/fov_69deg_baseline/raw_images/moving/frame_0165.png,12,0.17,1858.934191458762,1858.934191458762,1280.0,720.0,True,-2.1087441272819327,0.7830838661318544,-1.66630678134685,-1.8940742298590691,-0.4688417335004199,3.3538533827433197,3.8801626605371475,229.25,460.0,7006.5,174.0,441.0,234.0,397.0,281.0,476.0,228.0,526.0
moving,moving_frame_000165,moving_calib_camera,165,results/bus_real_data/ablation/moving_cam/fov/00_prepared_datasets/fov_69deg_baseline/raw_images/moving/frame_0165.png,9,0.17,1858.934191458762,1858.934191458762,1280.0,720.0,True,3.002425132810832,0.06724735841606572,0.030803423541534907,-0.6705840446995482,-0.9967950579150743,4.4883886204744865,4.646387387734086,1002.25,307.25,4774.5,969.0,272.0,1040.0,275.0,1035.0,343.0,965.0,339.0
moving,moving_frame_000165,moving_calib_camera,165,results/bus_real_data/ablation/moving_cam/fov/00_prepared_datasets/fov_69deg_baseline/raw_images/moving/frame_0165.png,10,0.17,1858.934191458762,1858.934191458762,1280.0,720.0,True,-3.1285443605214893,-0.1096482456839628,0.14466139418748114,-2.305031902802167,-1.2107181601166572,5.097763572368076,5.724177144003754,439.5,278.5,3670.0,412.0,246.0,471.0,249.0,467.0,311.0,408.0,308.0
moving,moving_frame_000165,moving_calib_camera,165,results/bus_real_data/ablation/moving_cam/fov/00_prepared_datasets/fov_69deg_baseline/raw_images/moving/frame_0165.png,0,0.17,1858.934191458762,1858.934191458762,1280.0,720.0,True,-3.131631539468184,-0.08013842174852517,0.12795862479856399,-3.474584726473669,-5.112189478644364,15.43358392609147,16.625364149116113,861.5,104.25,410.5,852.0,94.0,872.0,94.0,871.0,115.0,851.0,114.0
moving,moving_frame_000166,moving_calib_camera,166,results/bus_real_data/ablation/moving_cam/fov/00_prepared_datasets/fov_69deg_baseline/raw_images/moving/frame_0166.png,11,0.17,1858.934191458762,1858.934191458762,1280.0,720.0,True,2.1819928409842513,-0.060038027886894094,0.2690057588255712,-0.8067481737752704,-0.49140753004526355,3.0475240762708746,3.1905684402509795,787.5,420.75,5149.0,740.0,393.0,842.0,401.0,840.0,450.0,728.0,439.0
moving,moving_frame_000166,moving_calib_camera,166,results/bus_real_data/ablation/moving_cam/fov/00_prepared_datasets/fov_69deg_baseline/raw_images/moving/frame_0166.png,12,0.17,1858.934191458762,1858.934191458762,1280.0,720.0,True,-2.1532501825734998,0.7460540166816988,-1.6405760468075818,-1.9904362983629096,-0.5449741033232611,3.547003181475228,4.10366482555886,236.0,434.25,6440.5,183.0,414.0,243.0,375.0,286.0,452.0,232.0,496.0
moving,moving_frame_000166,moving_calib_camera,166,results/bus_real_data/ablation/moving_cam/fov/00_prepared_datasets/fov_69deg_baseline/raw_images/moving/frame_0166.png,9,0.17,1858.934191458762,1858.934191458762,1280.0,720.0,True,2.967823583407295,0.09273476123649324,0.047270640975152205,-0.6581308002893091,-0.9929509710399808,4.457358421663484,4.6137979886805915,1005.5,306.0,4787.0,973.0,270.0,1044.0,275.0,1038.0,342.0,967.0,337.0
moving,moving_frame_000166,moving_calib_camera,166,results/bus_real_data/ablation/moving_cam/fov/00_prepared_datasets/fov_69deg_baseline/raw_images/moving/frame_0166.png,10,0.17,1858.934191458762,1858.934191458762,1280.0,720.0,True,-3.107453454189114,-0.1413652983156609,0.16296319338218246,-2.345566053733977,-1.2817462237018515,5.283246625951461,5.920916179530887,454.75,269.0,3408.0,429.0,237.0,485.0,241.0,481.0,301.0,424.0,297.0
moving,moving_frame_000166,moving_calib_camera,166,results/bus_real_data/ablation/moving_cam/fov/00_prepared_datasets/fov_69deg_baseline/raw_images/moving/frame_0166.png,0,0.17,1858.934191458762,1858.934191458762,1280.0,720.0,True,2.955790214731353,0.06966365667614768,-0.16029236576713868,-2.981069240653696,-4.830988980485005,14.602179488518443,15.66680803999487,900.5,105.0,420.0,891.0,95.0,912.0,95.0,910.0,115.0,889.0,115.0
moving,moving_frame_000167,moving_calib_camera,167,results/bus_real_data/ablation/moving_cam/fov/00_prepared_datasets/fov_69deg_baseline/raw_images/moving/frame_0167.png,11,0.17,1858.934191458762,1858.934191458762,1280.0,720.0,True,2.1650109907622115,0.01288503336958268,0.24292464413386194,-0.8799416525215881,-0.5381825845131681,3.1816778130565666,3.344699016684777,765.5,406.0,4568.0,724.0,379.0,821.0,390.0,812.0,435.0,705.0,420.0
moving,moving_frame_000167,moving_calib_camera,167,results/bus_real_data/ablation/moving_cam/fov/00_prepared_datasets/fov_69deg_baseline/raw_images/moving/frame_0167.png,12,0.17,1858.934191458762,1858.934191458762,1280.0,720.0,True,-2.1810980050841704,0.7188067348418539,-1.6230592946716245,-2.056505719028872,-0.6192801210540216,3.7062476687504424,4.283572740464346,247.75,409.25,5972.5,197.0,388.0,256.0,353.0,296.0,428.0,242.0,468.0
moving,moving_frame_000167,moving_calib_camera,167,results/bus_real_data/ablation/moving_cam/fov/00_prepared_datasets/fov_69deg_baseline/raw_images/moving/frame_0167.png,9,0.17,1858.934191458762,1858.934191458762,1280.0,720.0,True,2.9671156953278897,0.11421682209965425,0.046652877973326505,-0.6464365403778306,-0.9963552786385473,4.451141969522484,4.6068719186505565,1010.0,304.0,4799.0,978.0,268.0,1049.0,273.0,1042.0,341.0,971.0,334.0
moving,moving_frame_000167,moving_calib_camera,167,results/bus_real_data/ablation/moving_cam/fov/00_prepared_datasets/fov_69deg_baseline/raw_images/moving/frame_0167.png,10,0.17,1858.934191458762,1858.934191458762,1280.0,720.0,True,-3.1106254848905537,-0.16995087754990304,0.1998774207001028,-2.3893657064104734,-1.361330611601723,5.498458228367182,6.14779085543361,472.25,259.75,3101.0,448.0,229.0,502.0,233.0,496.0,291.0,443.0,286.0
moving,moving_frame_000167,moving_calib_camera,167,results/bus_real_data/ablation/moving_cam/fov/00_prepared_datasets/fov_69deg_baseline/raw_images/moving/frame_0167.png,0,0.17,1858.934191458762,1858.934191458762,1280.0,720.0,True,3.0747261686962006,0.12305824004724826,-0.13860517771134565,-2.682215317863069,-4.8508533950075785,14.686257256686547,15.69749055998487,940.5,106.0,443.0,931.0,95.0,952.0,96.0,950.0,117.0,929.0,116.0
moving,moving_frame_000168,moving_calib_camera,168,results/bus_real_data/ablation/moving_cam/fov/00_prepared_datasets/fov_69deg_baseline/raw_images/moving/frame_0168.png,11,0.17,1858.934191458762,1858.934191458762,1280.0,720.0,True,2.1679823287258917,0.0705801200867985,0.18620202437474245,-0.942713112842776,-0.5839391153123878,3.297794059163048,3.47924396387615,748.25,391.25,4225.5,712.0,365.0,805.0,377.0,789.0,419.0,687.0,404.0
moving,moving_frame_000168,moving_calib_camera,168,results/bus_real_data/ablation/moving_cam/fov/00_prepared_datasets/fov_69deg_baseline/raw_images/moving/frame_0168.png,12,0.17,1858.934191458762,1858.934191458762,1280.0,720.0,True,-2.2335359762503804,0.6956644104857465,-1.5824860567925971,-2.1556066146981667,-0.7102494759272612,3.9486552954625034,4.554445392994575,264.5,385.5,5431.0,216.0,364.0,274.0,333.0,311.0,405.0,257.0,440.0
moving,moving_frame_000168,moving_calib_camera,168,results/bus_real_data/ablation/moving_cam/fov/00_prepared_datasets/fov_69deg_baseline/raw_images/moving/frame_0168.png,9,0.17,1858.934191458762,1858.934191458762,1280.0,720.0,True,2.9245083978718864,0.1345059983798856,0.014979770329690233,-0.6356431058114149,-1.0045684631546823,4.463443055702075,4.61903927961493,1015.25,301.75,4673.0,984.0,266.0,1055.0,272.0,1046.0,338.0,976.0,331.0
moving,moving_frame_000168,moving_calib_camera,168,results/bus_real_data/ablation/moving_cam/fov/00_prepared_datasets/fov_69deg_baseline/raw_images/moving/frame_0168.png,10,0.17,1858.934191458762,1858.934191458762,1280.0,720.0,True,-3.120137670801866,-0.20646308168235486,0.26454245324517967,-2.3803983413849337,-1.4181531669205927,5.615021263479921,6.261462964663027,492.0,250.5,2891.0,470.0,220.0,521.0,225.0,514.0,281.0,463.0,276.0
moving,moving_frame_000168,moving_calib_camera,168,results/bus_real_data/ablation/moving_cam/fov/00_prepared_datasets/fov_69deg_baseline/raw_images/moving/frame_0168.png,0,0.17,1858.934191458762,1858.934191458762,1280.0,720.0,True,-2.3427209882573545,-0.08866834620612125,-0.5495989432602676,-2.293845501885848,-4.71461872641573,14.298127056297401,15.229110093502365,981.75,107.0,454.0,972.0,96.0,994.0,97.0,991.0,118.0,970.0,117.0
moving,moving_frame_000169,moving_calib_camera,169,results/bus_real_data/ablation/moving_cam/fov/00_prepared_datasets/fov_69deg_baseline/raw_images/moving/frame_0169.png,13,0.17,1858.934191458762,1858.934191458762,1280.0,720.0,True,2.1197333069755318,0.012330147164341922,0.43200189526002464,-0.14502853919172531,-0.14965067461368375,2.494540909015454,2.5032305024396106,1171.5,609.25,7461.5,1107.0,566.0,1222.0,588.0,1242.0,655.0,1115.0,628.0
moving,moving_frame_000169,moving_calib_camera,169,results/bus_real_data/ablation/moving_cam/fov/00_prepared_datasets/fov_69deg_baseline/raw_images/moving/frame_0169.png,11,0.17,1858.934191458762,1858.934191458762,1280.0,720.0,True,2.1599961830430754,0.12867587983064566,0.13377312738426048,-1.0070203664252007,-0.6378533804555631,3.443170973426175,3.6436757958959918,736.0,376.0,3768.0,705.0,351.0,793.0,364.0,771.0,402.0,675.0,387.0
moving,moving_frame_000169,moving_calib_camera,169,results/bus_real_data/ablation/moving_cam/fov/00_prepared_datasets/fov_69deg_baseline/raw_images/moving/frame_0169.png,12,0.17,1858.934191458762,1858.934191458762,1280.0,720.0,True,-2.2823155611305546,0.6767227378901194,-1.5523199917663923,-2.235987746345301,-0.8009568418066885,4.1779474646578825,4.80587329022359,284.5,363.5,4949.0,238.0,341.0,295.0,315.0,329.0,383.0,276.0,415.0
moving,moving_frame_000169,moving_calib_camera,169,results/bus_real_data/ablation/moving_cam/fov/00_prepared_datasets/fov_69deg_baseline/raw_images/moving/frame_0169.png,9,0.17,1858.934191458762,1858.934191458762,1280.0,720.0,True,2.9216432399871866,0.16783000692440023,0.013336371009649638,-0.6220809669115271,-1.0154903280537242,4.482514269359456,4.638010296536153,1022.0,299.0,4630.0,992.0,263.0,1062.0,270.0,1052.0,336.0,982.0,327.0
moving,moving_frame_000169,moving_calib_camera,169,results/bus_real_data/ablation/moving_cam/fov/00_prepared_datasets/fov_69deg_baseline/raw_images/moving/frame_0169.png,10,0.17,1858.934191458762,1858.934191458762,1280.0,720.0,True,-3.103492106199739,-0.23683895153456716,0.3152639988303021,-2.3816329608822002,-1.4853606514602034,5.773563583526905,6.419696899254266,513.25,241.75,2684.5,493.0,212.0,541.0,217.0,534.0,272.0,485.0,266.0
moving,moving_frame_000169,moving_calib_camera,169,results/bus_real_data/ablation/moving_cam/fov/00_prepared_datasets/fov_69deg_baseline/raw_images/moving/frame_0169.png,0,0.17,1858.934191458762,1858.934191458762,1280.0,720.0,True,2.837233266534589,0.11363745385669762,-0.09513506581528183,-1.8620049306839068,-4.447805598042488,13.520728509957575,14.354794893687922,1024.0,108.5,463.0,1014.0,98.0,1037.0,99.0,1034.0,119.0,1011.0,118.0
moving,moving_frame_000170,moving_calib_camera,170,results/bus_real_data/ablation/moving_cam/fov/00_prepared_datasets/fov_69deg_baseline/raw_images/moving/frame_0170.png,13,0.17,1858.934191458762,1858.934191458762,1280.0,720.0,True,2.1237984475429954,0.07363882997267036,0.38516012738718697,-0.18924779217281443,-0.17543407920603762,2.5993490342755403,2.6121269580513,1144.25,595.25,6989.5,1086.0,553.0,1198.0,577.0,1208.0,640.0,1085.0,611.0
moving,moving_frame_000170,moving_calib_camera,170,results/bus_real_data/ablation/moving_cam/fov/00_prepared_datasets/fov_69deg_baseline/raw_images/moving/frame_0170.png,11,0.17,1858.934191458762,1858.934191458762,1280.0,720.0,True,2.153705608185239,0.1898793394807334,0.09203510587808875,-1.065691684180627,-0.694416382218509,3.5923934012566923,3.8109320680140457,728.25,361.0,3398.5,702.0,337.0,785.0,351.0,758.0,386.0,668.0,370.0
moving,moving_frame_000170,moving_calib_camera,170,results/bus_real_data/ablation/moving_cam/fov/00_prepared_datasets/fov_69deg_baseline/raw_images/moving/frame_0170.png,12,0.17,1858.934191458762,1858.934191458762,1280.0,720.0,True,-2.311413654545183,0.6458475187327544,-1.5348944201184511,-2.297965956208415,-0.8918819921996534,4.396212938261808,5.040117977036192,307.75,342.75,4493.5,264.0,320.0,319.0,297.0,350.0,363.0,298.0,391.0
moving,moving_frame_000170,moving_calib_camera,170,results/bus_real_data/ablation/moving_cam/fov/00_prepared_datasets/fov_69deg_baseline/raw_images/moving/frame_0170.png,9,0.17,1858.934191458762,1858.934191458762,1280.0,720.0,True,2.9097242328303055,0.1939379539150002,-0.029912852896043517,-0.6025081833429417,-1.0250238304655028,4.484595621286381,4.6395353054458335,1030.25,295.25,4580.5,1001.0,259.0,1071.0,267.0,1059.0,332.0,990.0,323.0
moving,moving_frame_000170,moving_calib_camera,170,results/bus_real_data/ablation/moving_cam/fov/00_prepared_datasets/fov_69deg_baseline/raw_images/moving/frame_0170.png,10,0.17,1858.934191458762,1858.934191458762,1280.0,720.0,True,-3.0977793460103094,-0.2646779216716889,0.3318247413905011,-2.417980769578464,-1.580954599772603,6.0409239441057565,6.69617880190364,536.0,233.5,2440.0,517.0,205.0,563.0,210.0,555.0,263.0,509.0,256.0
moving,moving_frame_000170,moving_calib_camera,170,results/bus_real_data/ablation/moving_cam/fov/00_prepared_datasets/fov_69deg_baseline/raw_images/moving/frame_0170.png,0,0.17,1858.934191458762,1858.934191458762,1280.0,720.0,True,-2.2545023216093703,-0.10576414801831731,-0.4867206226899069,-1.547767179259816,-4.448284496960107,13.556909084773153,14.351745612987097,1067.75,110.0,476.0,1058.0,99.0,1081.0,100.0,1077.0,121.0,1055.0,120.0
moving,moving_frame_000171,moving_calib_camera,171,results/bus_real_data/ablation/moving_cam/fov/00_prepared_datasets/fov_69deg_baseline/raw_images/moving/frame_0171.png,13,0.17,1858.934191458762,1858.934191458762,1280.0,720.0,True,2.148522676008253,0.021092574032355073,0.41769900141337823,-0.2847245991855209,-0.17322112532268855,2.662364968899409,2.6831438431925645,1080.75,599.75,7072.5,1023.0,558.0,1132.0,579.0,1145.0,643.0,1023.0,619.0
moving,moving_frame_000171,moving_calib_camera,171,results/bus_real_data/ablation/moving_cam/fov/00_prepared_datasets/fov_69deg_baseline/raw_images/moving/frame_0171.png,11,0.17,1858.934191458762,1858.934191458762,1280.0,720.0,True,2.160832324716069,0.14205795916269384,0.10140564838004004,-1.175073587231839,-0.6573599450045903,3.5179558568603277,3.766820070500345,658.75,373.0,3618.5,631.0,349.0,717.0,361.0,690.0,398.0,597.0,384.0
moving,moving_frame_000171,moving_calib_camera,171,results/bus_real_data/ablation/moving_cam/fov/00_prepared_datasets/fov_69deg_baseline/raw_images/moving/frame_0171.png,12,0.17,1858.934191458762,1858.934191458762,1280.0,720.0,True,-2.3033409971192818,0.6624819593148109,-1.5095357462156243,-2.386470459026536,-0.8031964194460581,4.1837951911530284,4.883083855672816,219.0,363.0,5262.0,170.0,341.0,231.0,314.0,266.0,383.0,209.0,414.0
moving,moving_frame_000171,moving_calib_camera,171,results/bus_real_data/ablation/moving_cam/fov/00_prepared_datasets/fov_69deg_baseline/raw_images/moving/frame_0171.png,9,0.17,1858.934191458762,1858.934191458762,1280.0,720.0,True,2.9764630112515653,0.1589694668021967,0.029034460948915656,-0.7930008657847258,-1.056598854696521,4.628662916919203,4.813498926076988,961.5,295.75,4453.5,932.0,260.0,1000.0,267.0,991.0,332.0,923.0,324.0
moving,moving_frame_000171,moving_calib_camera,171,results/bus_real_data/ablation/moving_cam/fov/00_prepared_datasets/fov_69deg_baseline/raw_images/moving/frame_0171.png,10,0.17,1858.934191458762,1858.934191458762,1280.0,720.0,True,-3.1010030313782293,-0.23034288499659528,0.28158193449561475,-2.587656563750121,-1.5171224940083958,5.890889255005725,6.61061293440232,463.5,241.25,2606.5,443.0,212.0,491.0,217.0,484.0,271.0,436.0,265.0
moving,moving_frame_000171,moving_calib_camera,171,results/bus_real_data/ablation/moving_cam/fov/00_prepared_datasets/fov_69deg_baseline/raw_images/moving/frame_0171.png,0,0.17,1858.934191458762,1858.934191458762,1280.0,720.0,True,-2.279145422567175,-0.10214915687061032,-0.4781003302199732,-2.2238724433431023,-4.758483626083083,14.44296034965277,15.368405210873497,993.75,107.5,432.5,984.0,97.0,1006.0,98.0,1003.0,118.0,982.0,117.0
moving,moving_frame_000172,moving_calib_camera,172,results/bus_real_data/ablation/moving_cam/fov/00_prepared_datasets/fov_69deg_baseline/raw_images/moving/frame_0172.png,13,0.17,1858.934191458762,1858.934191458762,1280.0,720.0,True,2.183235453542902,-0.026430589237693137,0.4515137151247784,-0.375351828110227,-0.16452544522197093,2.7017482168041713,2.732654578243598,1021.25,607.5,7395.5,963.0,566.0,1071.0,583.0,1086.0,651.0,965.0,630.0
moving,moving_frame_000172,moving_calib_camera,172,results/bus_real_data/ablation/moving_cam/fov/00_prepared_datasets/fov_69deg_baseline/raw_images/moving/frame_0172.png,11,0.17,1858.934191458762,1858.934191458762,1280.0,720.0,True,2.1880408072307813,0.12161728645489038,0.10014866067852175,-1.271579716398382,-0.6113026518143082,3.4238348756358694,3.7031407160532646,589.25,388.5,4090.0,561.0,363.0,650.0,374.0,621.0,415.0,525.0,402.0
moving,moving_frame_000172,moving_calib_camera,172,results/bus_real_data/ablation/moving_cam/fov/00_prepared_datasets/fov_69deg_baseline/raw_images/moving/frame_0172.png,12,0.17,1858.934191458762,1858.934191458762,1280.0,720.0,True,-2.306589558781582,0.684676438691789,-1.4588810163066397,-2.4654488745245433,-0.7071106043500345,3.9638197488177846,4.7212615433585645,123.0,388.25,6291.5,67.0,367.0,136.0,336.0,176.0,407.0,113.0,443.0
moving,moving_frame_000172,moving_calib_camera,172,results/bus_real_data/ablation/moving_cam/fov/00_prepared_datasets/fov_69deg_baseline/raw_images/moving/frame_0172.png,9,0.17,1858.934191458762,1858.934191458762,1280.0,720.0,True,3.015224259109674,0.13077102215971537,0.017708802767645616,-0.9651624899886163,-1.0627119248968715,4.669436964465109,4.885134269650341,895.75,297.0,4432.5,866.0,262.0,933.0,267.0,926.0,333.0,858.0,326.0
moving,moving_frame_000172,moving_calib_camera,172,results/bus_real_data/ablation/moving_cam/fov/00_prepared_datasets/fov_69deg_baseline/raw_images/moving/frame_0172.png,10,0.17,1858.934191458762,1858.934191458762,1280.0,720.0,True,-3.109898531649311,-0.19060397021199094,0.26014376176335,-2.7260447911061214,-1.4355705238721412,5.6870726457346885,6.467996460264268,389.0,250.75,2802.0,367.0,221.0,417.0,225.0,411.0,281.0,361.0,276.0
moving,moving_frame_000172,moving_calib_camera,172,results/bus_real_data/ablation/moving_cam/fov/00_prepared_datasets/fov_69deg_baseline/raw_images/moving/frame_0172.png,0,0.17,1858.934191458762,1858.934191458762,1280.0,720.0,True,-2.32641766042795,-0.06579643401888992,-0.6048181188290718,-2.8080993253912334,-4.8383702569951295,14.643511886719587,15.675703778189215,923.5,105.75,431.5,914.0,95.0,935.0,96.0,933.0,116.0,912.0,116.0
moving,moving_frame_000173,moving_calib_camera,173,results/bus_real_data/ablation/moving_cam/fov/00_prepared_datasets/fov_69deg_baseline/raw_images/moving/frame_0173.png,13,0.17,1858.934191458762,1858.934191458762,1280.0,720.0,True,2.2270994849676153,-0.0678280324596406,0.4845375206190765,-0.4605992368365654,-0.1490879029678012,2.7314748047355835,2.7740464070903816,966.0,619.25,7882.0,907.0,577.0,1015.0,591.0,1031.0,663.0,911.0,646.0
moving,moving_frame_000173,moving_calib_camera,173,results/bus_real_data/ablation/moving_cam/fov/00_prepared_datasets/fov_69deg_baseline/raw_images/moving/frame_0173.png,11,0.17,1858.934191458762,1858.934191458762,1280.0,720.0,True,2.2142486177092087,0.08877996738121362,0.09185557475308746,-1.337488824932551,-0.5513963149806715,3.2699542910544697,3.5756838952260948,519.25,407.0,4732.5,490.0,380.0,583.0,389.0,553.0,435.0,451.0,424.0
moving,moving_frame_000173,moving_calib_camera,173,results/bus_real_data/ablation/moving_cam/fov/00_prepared_datasets/fov_69deg_baseline/raw_images/moving/frame_0173.png,9,0.17,1858.934191458762,1858.934191458762,1280.0,720.0,True,3.0522870264101596,0.10430101657968256,-0.003083084351011577,-1.1314004649785345,-1.0601121431076377,4.699904057016144,4.94904060533703,832.5,300.75,4415.5,802.0,266.0,869.0,270.0,863.0,336.0,796.0,331.0
moving,moving_frame_000173,moving_calib_camera,173,results/bus_real_data/ablation/moving_cam/fov/00_prepared_datasets/fov_69deg_baseline/raw_images/moving/frame_0173.png,10,0.17,1858.934191458762,1858.934191458762,1280.0,720.0,True,-3.1178861649474623,-0.15065821887994232,0.23657393985011568,-2.812643120161083,-1.32849676863907,5.401008929972962,6.232717099894844,312.0,262.75,3118.0,288.0,232.0,341.0,235.0,336.0,294.0,283.0,290.0
moving,moving_frame_000173,moving_calib_camera,173,results/bus_real_data/ablation/moving_cam/fov/00_prepared_datasets/fov_69deg_baseline/raw_images/moving/frame_0173.png,0,0.17,1858.934191458762,1858.934191458762,1280.0,720.0,True,3.000308795117662,0.09150172366264397,-0.04549432095256286,-3.4015328850953526,-4.932071465560502,14.895657959182552,16.055415938141863,855.5,104.5,422.0,846.0,94.0,867.0,95.0,865.0,115.0,844.0,114.0
moving,moving_frame_000174,moving_calib_camera,174,results/bus_real_data/ablation/moving_cam/fov/00_prepared_datasets/fov_69deg_baseline/raw_images/moving/frame_0174.png,11,0.17,1858.934191458762,1858.934191458762,1280.0,720.0,True,2.2139892196297284,0.15534782224952384,0.08276372546419326,-1.2065909725370942,-0.465946839151182,3.118206546128599,3.3758229065284566,560.25,442.75,5447.0,532.0,412.0,628.0,425.0,593.0,475.0,488.0,459.0
moving,moving_frame_000174,moving_calib_camera,174,results/bus_real_data/ablation/moving_cam/fov/00_prepared_datasets/fov_69deg_baseline/raw_images/moving/frame_0174.png,9,0.17,1858.934191458762,1858.934191458762,1280.0,720.0,True,3.0101449910760563,0.14194240048792497,0.06282809610014554,-0.8920558523960649,-0.9134819591932677,4.367159966848481,4.549977924079376,900.25,331.25,5102.5,868.0,293.0,941.0,300.0,932.0,370.0,860.0,362.0
moving,moving_frame_000174,moving_calib_camera,174,results/bus_real_data/ablation/moving_cam/fov/00_prepared_datasets/fov_69deg_baseline/raw_images/moving/frame_0174.png,10,0.17,1858.934191458762,1858.934191458762,1280.0,720.0,True,-3.1053053868535723,-0.21202247380312128,0.28276359435498805,-2.6479887903925197,-1.2818422363410864,5.388104521593301,6.138944085795743,366.5,277.75,3080.5,344.0,246.0,396.0,251.0,389.0,310.0,337.0,304.0
moving,moving_frame_000174,moving_calib_camera,174,results/bus_real_data/ablation/moving_cam/fov/00_prepared_datasets/fov_69deg_baseline/raw_images/moving/frame_0174.png,0,0.17,1858.934191458762,1858.934191458762,1280.0,720.0,True,-2.287692314542406,-0.08263727090255582,-0.6033953733762919,-2.678528415597972,-4.5920339797475425,14.25782716112886,15.216666057351253,930.75,121.25,442.0,921.0,111.0,943.0,111.0,940.0,132.0,919.0,131.0
moving,moving_frame_000175,moving_calib_camera,175,results/bus_real_data/ablation/moving_cam/fov/00_prepared_datasets/fov_69deg_baseline/raw_images/moving/frame_0175.png,11,0.17,1858.934191458762,1858.934191458762,1280.0,720.0,True,2.2130163884034126,0.23109157667029975,0.08479536173005038,-1.0747606351659722,-0.37575946295329143,2.927330077930947,3.14095001266504,597.0,482.0,6531.0,570.0,446.0,670.0,465.0,629.0,520.0,519.0,497.0
moving,moving_frame_000175,moving_calib_camera,175,results/bus_real_data/ablation/moving_cam/fov/00_prepared_datasets/fov_69deg_baseline/raw_images/moving/frame_0175.png,12,0.17,1858.934191458762,1858.934191458762,1280.0,720.0,True,-2.2999494687489848,0.5879454944343226,-1.3758674257397037,-2.2250619683365622,-0.5094163444490295,3.5097088482154306,4.186700607181181,100.5,450.0,8276.0,37.0,427.0,120.0,391.0,161.0,470.0,84.0,512.0
moving,moving_frame_000175,moving_calib_camera,175,results/bus_real_data/ablation/moving_cam/fov/00_prepared_datasets/fov_69deg_baseline/raw_images/moving/frame_0175.png,9,0.17,1858.934191458762,1858.934191458762,1280.0,720.0,True,2.957817973731235,0.164869776268162,0.10210439031436667,-0.6725099742591122,-0.7688881160242093,4.030384703882011,4.1578190751555475,969.75,365.5,5914.0,936.0,324.0,1014.0,333.0,1004.0,408.0,925.0,397.0
moving,moving_frame_000175,moving_calib_camera,175,results/bus_real_data/ablation/moving_cam/fov/00_prepared_datasets/fov_69deg_baseline/raw_images/moving/frame_0175.png,10,0.17,1858.934191458762,1858.934191458762,1280.0,720.0,True,3.111038934023371,0.25278546629045534,-0.3408117612576114,-2.4817862267697506,-1.2256632029355432,5.3515136385901485,6.024965675124682,418.0,294.25,3042.0,397.0,262.0,448.0,268.0,439.0,327.0,388.0,320.0
moving,moving_frame_000175,moving_calib_camera,175,results/bus_real_data/ablation/moving_cam/fov/00_prepared_datasets/fov_69deg_baseline/raw_images/moving/frame_0175.png,0,0.17,1858.934191458762,1858.934191458762,1280.0,720.0,True,2.8942264234916175,0.12217745009946705,-0.12615116320691824,-1.9606532539120052,-4.2035089050410175,13.448936552807847,14.226297575205079,1009.0,139.0,486.0,999.0,128.0,1022.0,129.0,1019.0,150.0,996.0,149.0
moving,moving_frame_000176,moving_calib_camera,176,results/bus_real_data/ablation/moving_cam/fov/00_prepared_datasets/fov_69deg_baseline/raw_images/moving/frame_0176.png,11,0.17,1858.934191458762,1858.934191458762,1280.0,720.0,True,2.218032594141122,0.30613600622226944,0.07508679753364009,-0.9557679190548283,-0.28572424662295015,2.7273908929360617,2.90409912762516,628.0,526.0,8002.0,602.0,484.0,708.0,509.0,658.0,571.0,544.0,540.0
moving,moving_frame_000176,moving_calib_camera,176,results/bus_real_data/ablation/moving_cam/fov/00_prepared_datasets/fov_69deg_baseline/raw_images/moving/frame_0176.png,12,0.17,1858.934191458762,1858.934191458762,1280.0,720.0,True,-2.2956199512880926,0.5258165844051068,-1.3399263711514768,-2.1072623003087436,-0.4653375251723633,3.421982510063804,4.045622042877784,134.25,467.0,8593.5,71.0,443.0,157.0,407.0,195.0,488.0,114.0,530.0
moving,moving_frame_000176,moving_calib_camera,176,results/bus_real_data/ablation/moving_cam/fov/00_prepared_datasets/fov_69deg_baseline/raw_images/moving/frame_0176.png,9,0.17,1858.934191458762,1858.934191458762,1280.0,720.0,True,2.8512718390287097,0.1924043166735309,0.12803630996724946,-0.46605438572341934,-0.618437777672259,3.6381087219208004,3.7196111420174605,1041.75,404.25,6972.5,1005.0,359.0,1092.0,371.0,1078.0,451.0,992.0,436.0
moving,moving_frame_000176,moving_calib_camera,176,results/bus_real_data/ablation/moving_cam/fov/00_prepared_datasets/fov_69deg_baseline/raw_images/moving/frame_0176.png,10,0.17,1858.934191458762,1858.934191458762,1280.0,720.0,True,-3.0870060523407727,-0.2918908865611392,0.39400131497342916,-2.284508157692332,-1.1470105542630116,5.219664657809263,5.812014269952943,466.5,311.5,3140.0,446.0,278.0,497.0,285.0,487.0,346.0,436.0,337.0
moving,moving_frame_000176,moving_calib_camera,176,results/bus_real_data/ablation/moving_cam/fov/00_prepared_datasets/fov_69deg_baseline/raw_images/moving/frame_0176.png,0,0.17,1858.934191458762,1858.934191458762,1280.0,720.0,True,2.816728767420631,0.15112908062430863,-0.18924068265819194,-1.2509441866813777,-3.7132126943647723,12.27080914909013,12.881209844000589,1090.5,157.5,554.0,1080.0,146.0,1105.0,147.0,1101.0,169.0,1076.0,168.0
moving,moving_frame_000177,moving_calib_camera,177,results/bus_real_data/ablation/moving_cam/fov/00_prepared_datasets/fov_69deg_baseline/raw_images/moving/frame_0177.png,11,0.17,1858.934191458762,1858.934191458762,1280.0,720.0,True,2.2145606135347538,0.3848619628163769,0.07437833516652113,-0.8502660504548034,-0.19966001527456864,2.526609033780611,2.673306882465469,653.75,574.0,9857.0,630.0,525.0,741.0,558.0,682.0,627.0,562.0,586.0
moving,moving_frame_000177,moving_calib_camera,177,results/bus_real_data/ablation/moving_cam/fov/00_prepared_datasets/fov_69deg_baseline/raw_images/moving/frame_0177.png,12,0.17,1858.934191458762,1858.934191458762,1280.0,720.0,True,-2.321255274071138,0.4823670958687302,-1.3068946940370951,-2.0139993549445645,-0.4247913621706003,3.356365018712132,3.937235990123829,163.5,484.5,8926.0,100.0,459.0,189.0,424.0,225.0,507.0,140.0,548.0
moving,moving_frame_000177,moving_calib_camera,177,results/bus_real_data/ablation/moving_cam/fov/00_prepared_datasets/fov_69deg_baseline/raw_images/moving/frame_0177.png,9,0.17,1858.934191458762,1858.934191458762,1280.0,720.0,True,2.776276034576793,0.23662021805793565,0.1599462912300556,-0.28534373766422766,-0.4758716428529814,3.247835669765119,3.2948917139861256,1116.5,448.0,8483.0,1077.0,397.0,1173.0,414.0,1156.0,501.0,1060.0,480.0
moving,moving_frame_000177,moving_calib_camera,177,results/bus_real_data/ablation/moving_cam/fov/00_prepared_datasets/fov_69deg_baseline/raw_images/moving/frame_0177.png,10,0.17,1858.934191458762,1858.934191458762,1280.0,720.0,True,-3.0743191914357433,-0.3433367576823911,0.43607427190992054,-2.108758916591204,-1.071378891660594,5.106746939843378,5.627928678066069,512.5,330.0,3231.0,493.0,295.0,544.0,304.0,532.0,366.0,481.0,355.0
moving,moving_frame_000177,moving_calib_camera,177,results/bus_real_data/ablation/moving_cam/fov/00_prepared_datasets/fov_69deg_baseline/raw_images/moving/frame_0177.png,0,0.17,1858.934191458762,1858.934191458762,1280.0,720.0,True,2.773116798817956,0.20084126340335035,-0.18231579907614384,-0.6251547484319097,-3.324857702175032,11.392349040511725,11.884069751564404,1178.0,177.5,631.0,1167.0,165.0,1194.0,167.0,1189.0,190.0,1162.0,188.0
moving,moving_frame_000178,moving_calib_camera,178,results/bus_real_data/ablation/moving_cam/fov/00_prepared_datasets/fov_69deg_baseline/raw_images/moving/frame_0178.png,11,0.17,1858.934191458762,1858.934191458762,1280.0,720.0,True,2.208095291329731,0.4853753799563452,0.0845358594708455,-0.7651871898269244,-0.11861169332817657,2.3436463155004295,2.468250032194498,672.25,627.0,12259.5,652.0,570.0,768.0,613.0,696.0,691.0,573.0,634.0
moving,moving_frame_000178,moving_calib_camera,178,results/bus_real_data/ablation/moving_cam/fov/00_prepared_datasets/fov_69deg_baseline/raw_images/moving/frame_0178.png,12,0.17,1858.934191458762,1858.934191458762,1280.0,720.0,True,-2.31537554461285,0.4277174236638781,-1.2718175984223674,-1.9114124528203464,-0.3809775892565948,3.2600509966121183,3.7982330087586944,189.0,502.5,9338.0,125.0,476.0,218.0,441.0,251.0,526.0,162.0,567.0
moving,moving_frame_000178,moving_calib_camera,178,results/bus_real_data/ablation/moving_cam/fov/00_prepared_datasets/fov_69deg_baseline/raw_images/moving/frame_0178.png,9,0.17,1858.934191458762,1858.934191458762,1280.0,720.0,True,-2.4630638401891547,-0.307279336672907,0.009677280875023586,-0.12909668074870745,-0.33991751628297867,2.854228757634214,2.877295895760892,1196.0,497.75,10525.5,1152.0,440.0,1261.0,463.0,1239.0,558.0,1132.0,530.0
moving,moving_frame_000178,moving_calib_camera,178,results/bus_real_data/ablation/moving_cam/fov/00_prepared_datasets/fov_69deg_baseline/raw_images/moving/frame_0178.png,10,0.17,1858.934191458762,1858.934191458762,1280.0,720.0,True,-3.0588342956272907,-0.38934486214786496,0.5280880729022553,-1.9299238168145507,-0.9880929123974723,4.954241520430357,5.407905563616497,556.0,349.25,3286.0,538.0,313.0,588.0,323.0,574.0,387.0,524.0,374.0
moving,moving_frame_000179,moving_calib_camera,179,results/bus_real_data/ablation/moving_cam/fov/00_prepared_datasets/fov_69deg_baseline/raw_images/moving/frame_0179.png,12,0.17,1858.934191458762,1858.934191458762,1280.0,720.0,True,-2.333540542881485,0.3892930871467487,-1.2676631941762557,-1.8220896061733352,-0.3388475091918455,3.169643520227795,3.6717118913025386,210.25,521.0,9802.0,146.0,492.0,242.0,459.0,273.0,546.0,180.0,587.0
moving,moving_frame_000179,moving_calib_camera,179,results/bus_real_data/ablation/moving_cam/fov/00_prepared_datasets/fov_69deg_baseline/raw_images/moving/frame_0179.png,10,0.17,1858.934191458762,1858.934191458762,1280.0,720.0,True,-3.0241900387050493,-0.432135782966791,0.6039802189958853,-1.757124844683529,-0.9024547474953019,4.782925022843185,5.174773817783769,597.25,369.25,3402.0,580.0,331.0,630.0,343.0,614.0,409.0,565.0,394.0
moving,moving_frame_000180,moving_calib_camera,180,results/bus_real_data/ablation/moving_cam/fov/00_prepared_datasets/fov_69deg_baseline/raw_images/moving/frame_0180.png,12,0.17,1858.934191458762,1858.934191458762,1280.0,720.0,True,-2.3579593304553272,0.3491944779043438,-1.27714505783479,-1.7514827435012255,-0.30129719417565354,3.0991447501437714,3.5725579046873963,228.25,539.0,10197.5,164.0,508.0,263.0,476.0,291.0,567.0,195.0,605.0
moving,moving_frame_000180,moving_calib_camera,180,results/bus_real_data/ablation/moving_cam/fov/00_prepared_datasets/fov_69deg_baseline/raw_images/moving/frame_0180.png,10,0.17,1858.934191458762,1858.934191458762,1280.0,720.0,True,-3.0185730286197128,-0.4844922782952331,0.6145711369908422,-1.6260590663897865,-0.8323880251278785,4.69599032757932,5.038775949422959,636.5,390.5,3538.0,620.0,351.0,671.0,365.0,652.0,432.0,603.0,414.0
moving,moving_frame_000181,moving_calib_camera,181,results/bus_real_data/ablation/moving_cam/fov/00_prepared_datasets/fov_69deg_baseline/raw_images/moving/frame_0181.png,12,0.17,1858.934191458762,1858.934191458762,1280.0,720.0,True,-2.357586319074492,0.30185355710079415,-1.2818451447202708,-1.6746949873321433,-0.2630745485200945,3.0056450228860423,3.4507555002164523,243.0,557.0,10681.0,179.0,524.0,281.0,493.0,306.0,587.0,206.0,624.0
moving,moving_frame_000181,moving_calib_camera,181,results/bus_real_data/ablation/moving_cam/fov/00_prepared_datasets/fov_69deg_baseline/raw_images/moving/frame_0181.png,10,0.17,1858.934191458762,1858.934191458762,1280.0,720.0,True,-3.0003217293718163,-0.521411196439615,0.6748762083704049,-1.4764216933551908,-0.7483218736033893,4.523684320030075,4.817003889391107,673.5,412.5,3710.0,658.0,371.0,709.0,387.0,688.0,456.0,639.0,436.0
moving,moving_frame_000182,moving_calib_camera,182,results/bus_real_data/ablation/moving_cam/fov/00_prepared_datasets/fov_69deg_baseline/raw_images/moving/frame_0182.png,12,0.17,1858.934191458762,1858.934191458762,1280.0,720.0,True,-2.3115159583093154,0.30729923727644115,-1.2675355548759901,-1.6679691606155573,-0.1845853355460366,2.7416108339968903,3.214439738422908,147.5,594.5,13086.0,74.0,562.0,189.0,524.0,220.0,623.0,107.0,669.0
moving,moving_frame_000182,moving_calib_camera,182,results/bus_real_data/ablation/moving_cam/fov/00_prepared_datasets/fov_69deg_baseline/raw_images/moving/frame_0182.png,10,0.17,1858.934191458762,1858.934191458762,1280.0,720.0,True,-2.9983214559046316,-0.4840615680526831,0.6567149830948745,-1.5896816631908233,-0.7038702849954871,4.394429293082658,4.725836431816882,607.75,422.25,3903.0,591.0,380.0,643.0,395.0,624.0,467.0,573.0,447.0
moving,moving_frame_000183,moving_calib_camera,183,results/bus_real_data/ablation/moving_cam/fov/00_prepared_datasets/fov_69deg_baseline/raw_images/moving/frame_0183.png,10,0.17,1858.934191458762,1858.934191458762,1280.0,720.0,True,-3.0106666822764128,-0.4643112047483701,0.6399541521383967,-1.6752843408794917,-0.6491302135335755,4.222826563946798,4.589140643529341,542.75,434.25,4202.5,525.0,390.0,579.0,406.0,560.0,480.0,507.0,461.0
moving,moving_frame_000184,moving_calib_camera,184,results/bus_real_data/ablation/moving_cam/fov/00_prepared_datasets/fov_69deg_baseline/raw_images/moving/frame_0184.png,10,0.17,1858.934191458762,1858.934191458762,1280.0,720.0,True,-3.020481896866982,-0.4312973814293999,0.5709814043193624,-1.7600300784729077,-0.5945372648103457,4.074560095214849,4.478082224110535,477.25,448.75,4647.5,457.0,403.0,515.0,419.0,497.0,496.0,440.0,477.0
moving,moving_frame_000185,moving_calib_camera,185,results/bus_real_data/ablation/moving_cam/fov/00_prepared_datasets/fov_69deg_baseline/raw_images/moving/frame_0185.png,10,0.17,1858.934191458762,1858.934191458762,1280.0,720.0,True,-3.039914279638616,-0.3862533445197277,0.5300232229843588,-1.8195648666014168,-0.5310119983201167,3.890180703239759,4.3273890453701,410.75,466.25,5161.5,388.0,419.0,450.0,434.0,433.0,515.0,372.0,497.0
moving,moving_frame_000185,moving_calib_camera,185,results/bus_real_data/ablation/moving_cam/fov/00_prepared_datasets/fov_69deg_baseline/raw_images/moving/frame_0185.png,0,0.17,1858.934191458762,1858.934191458762,1280.0,720.0,True,-2.2892740239500133,-0.14448976861211188,-0.2351925845530625,-0.43263427850746555,-2.724897063041923,10.54911780532808,10.903949875792906,1203.75,239.75,763.5,1191.0,226.0,1221.0,228.0,1216.0,254.0,1187.0,251.0
moving,moving_frame_000186,moving_calib_camera,186,results/bus_real_data/ablation/moving_cam/fov/00_prepared_datasets/fov_69deg_baseline/raw_images/moving/frame_0186.png,10,0.17,1858.934191458762,1858.934191458762,1280.0,720.0,True,-3.0719924072997786,-0.345348473014157,0.48979841108056515,-1.8518616199758504,-0.45953272238788334,3.6700528782844763,4.136405433693483,342.25,487.25,5875.0,317.0,438.0,384.0,452.0,367.0,538.0,301.0,521.0
moving,moving_frame_000186,moving_calib_camera,186,results/bus_real_data/ablation/moving_cam/fov/00_prepared_datasets/fov_69deg_baseline/raw_images/moving/frame_0186.png,0,0.17,1858.934191458762,1858.934191458762,1280.0,720.0,True,2.799816922089882,0.11145364869883267,-0.008924208427925488,-0.9577396368254464,-2.930837999536817,11.232771396582931,11.648271538703378,1121.5,235.0,678.0,1109.0,222.0,1137.0,224.0,1134.0,248.0,1106.0,246.0
moving,moving_frame_000187,moving_calib_camera,187,results/bus_real_data/ablation/moving_cam/fov/00_prepared_datasets/fov_69deg_baseline/raw_images/moving/frame_0187.png,10,0.17,1858.934191458762,1858.934191458762,1280.0,720.0,True,-3.074869280401017,-0.312462720436843,0.44297394629685555,-1.8661699852969438,-0.3844264791640517,3.439822307075602,3.9322705446294743,271.75,512.25,6801.5,243.0,460.0,316.0,474.0,300.0,566.0,228.0,549.0
moving,moving_frame_000187,moving_calib_camera,187,results/bus_real_data/ablation/moving_cam/fov/00_prepared_datasets/fov_69deg_baseline/raw_images/moving/frame_0187.png,0,0.17,1858.934191458762,1858.934191458762,1280.0,720.0,True,2.921478417138014,0.126510711375734,-0.026289458366876538,-1.5285858244060984,-3.1741223529590195,12.06597826811074,12.569783566181641,1044.5,231.0,630.0,1033.0,218.0,1059.0,220.0,1056.0,244.0,1030.0,242.0
moving,moving_frame_000188,moving_calib_camera,188,results/bus_real_data/ablation/moving_cam/fov/00_prepared_datasets/fov_69deg_baseline/raw_images/moving/frame_0188.png,10,0.17,1858.934191458762,1858.934191458762,1280.0,720.0,True,3.1001401329185434,0.2715046942570659,-0.39219751605877107,-1.861824979833135,-0.3075486410129087,3.197926881550208,3.713181218559226,198.0,541.25,8032.0,166.0,486.0,246.0,499.0,230.0,598.0,150.0,582.0
moving,moving_frame_000188,moving_calib_camera,188,results/bus_real_data/ablation/moving_cam/fov/00_prepared_datasets/fov_69deg_baseline/raw_images/moving/frame_0188.png,0,0.17,1858.934191458762,1858.934191458762,1280.0,720.0,True,2.921611865746837,0.06380790793997772,-0.007829538911267519,-2.0922936115049544,-3.336939489471529,12.607597658835168,13.208496373176052,971.5,228.0,577.0,960.0,216.0,985.0,217.0,983.0,240.0,958.0,239.0
moving,moving_frame_000189,moving_calib_camera,189,results/bus_real_data/ablation/moving_cam/fov/00_prepared_datasets/fov_69deg_baseline/raw_images/moving/frame_0189.png,10,0.17,1858.934191458762,1858.934191458762,1280.0,720.0,True,3.1053097693823792,0.20454660176315323,-0.3076837020013669,-1.8604893291437412,-0.23116367838921928,2.9834142556148477,3.523580254608948,121.0,576.0,9618.0,83.0,518.0,173.0,529.0,159.0,635.0,69.0,622.0
moving,moving_frame_000189,moving_calib_camera,189,results/bus_real_data/ablation/moving_cam/fov/00_prepared_datasets/fov_69deg_baseline/raw_images/moving/frame_0189.png,0,0.17,1858.934191458762,1858.934191458762,1280.0,720.0,True,3.0629126414543926,0.038592458790012385,-0.020959289713099707,-2.6643256079570805,-3.4883595685514015,13.119985080767417,13.83478557637521,902.5,225.75,564.5,891.0,214.0,915.0,214.0,914.0,238.0,890.0,237.0
moving,moving_frame_000190,moving_calib_camera,190,results/bus_real_data/ablation/moving_cam/fov/00_prepared_datasets/fov_69deg_baseline/raw_images/moving/frame_0190.png,0,0.17,1858.934191458762,1858.934191458762,1280.0,720.0,True,-2.5676552487785678,-0.05579264075695473,-0.6281621601294324,-3.2784171403847013,-3.6623759091876513,13.72697290508754,14.580493866243824,836.0,224.0,530.0,825.0,212.0,848.0,213.0,847.0,236.0,824.0,235.0
moving,moving_frame_000191,moving_calib_camera,191,results/bus_real_data/ablation/moving_cam/fov/00_prepared_datasets/fov_69deg_baseline/raw_images/moving/frame_0191.png,0,0.17,1858.934191458762,1858.934191458762,1280.0,720.0,True,3.050474717125619,0.0013981623272574096,0.09692182106736737,-3.734861988898665,-3.6468464918887915,13.647032610308704,14.611303243665532,771.25,223.25,529.0,760.0,212.0,783.0,212.0,783.0,235.0,759.0,234.0
moving,moving_frame_000192,moving_calib_camera,192,results/bus_real_data/ablation/moving_cam/fov/00_prepared_datasets/fov_69deg_baseline/raw_images/moving/frame_0192.png,0,0.17,1858.934191458762,1858.934191458762,1280.0,720.0,True,3.0580574879563454,-0.033632357713226105,0.10795988235624686,-4.312852188509076,-3.744156149593545,14.00415424838819,15.124011884586565,707.5,223.0,506.0,696.0,212.0,719.0,212.0,719.0,234.0,696.0,234.0
moving,moving_frame_000193,moving_calib_camera,193,results/bus_real_data/ablation/moving_cam/fov/00_prepared_datasets/fov_69deg_baseline/raw_images/moving/frame_0193.png,0,0.17,1858.934191458762,1858.934191458762,1280.0,720.0,True,-2.526890222524479,-2.290402108373079e-12,-0.7768525524821324,-4.223855971707978,-3.6547624158981376,13.739958040075095,14.831881017909325,708.5,225.5,529.0,697.0,214.0,720.0,214.0,720.0,237.0,697.0,237.0
moving,moving_frame_000193,moving_calib_camera,193,results/bus_real_data/ablation/moving_cam/fov/00_prepared_datasets/fov_69deg_baseline/raw_images/moving/frame_0193.png,4,0.17,1858.934191458762,1858.934191458762,1280.0,720.0,True,-2.569039425605839,-0.4063265590226733,1.4390567756504113,-0.9679919330715389,-2.0212807772728514,6.418317452827196,6.798336803096071,999.75,134.5,960.0,993.0,108.0,1012.0,110.0,1006.0,162.0,988.0,158.0
moving,moving_frame_000194,moving_calib_camera,194,results/bus_real_data/ablation/moving_cam/fov/00_prepared_datasets/fov_69deg_baseline/raw_images/moving/frame_0194.png,0,0.17,1858.934191458762,1858.934191458762,1280.0,720.0,True,3.1378703625340743,-0.0341106207009986,0.1284501370258007,-4.21284664292735,-3.6384894505478105,13.733426192619659,14.818693508764653,709.75,227.5,540.5,698.0,216.0,721.0,216.0,722.0,239.0,698.0,239.0
moving,moving_frame_000194,moving_calib_camera,194,results/bus_real_data/ablation/moving_cam/fov/00_prepared_datasets/fov_69deg_baseline/raw_images/moving/frame_0194.png,4,0.17,1858.934191458762,1858.934191458762,1280.0,720.0,True,-2.5795557811188927,-0.41227982244428335,1.4178626604715552,-0.9015539893140795,-1.955294682503179,6.227434412236756,6.589151405893166,1011.0,136.25,1071.0,1004.0,109.0,1024.0,111.0,1018.0,165.0,998.0,160.0
moving,moving_frame_000195,moving_calib_camera,195,results/bus_real_data/ablation/moving_cam/fov/00_prepared_datasets/fov_69deg_baseline/raw_images/moving/frame_0195.png,0,0.17,1858.934191458762,1858.934191458762,1280.0,720.0,True,-3.141608481629031,-1.7929333128813024e-06,6.801923510154085e-06,-4.03041738646876,-3.470833934278019,13.167452907936132,14.201153776760577,711.0,230.0,576.0,699.0,218.0,723.0,218.0,723.0,242.0,699.0,242.0
moving,moving_frame_000195,moving_calib_camera,195,results/bus_real_data/ablation/moving_cam/fov/00_prepared_datasets/fov_69deg_baseline/raw_images/moving/frame_0195.png,4,0.17,1858.934191458762,1858.934191458762,1280.0,720.0,True,-2.5917713799980366,-0.42099934344666295,1.424102371575278,-0.8278396462122,-1.8726776028293457,5.984845750837134,6.325394734346047,1023.0,138.25,1169.0,1016.0,110.0,1037.0,112.0,1030.0,168.0,1009.0,163.0
moving,moving_frame_000196,moving_calib_camera,196,results/bus_real_data/ablation/moving_cam/fov/00_prepared_datasets/fov_69deg_baseline/raw_images/moving/frame_0196.png,0,0.17,1858.934191458762,1858.934191458762,1280.0,720.0,True,-2.599923364646707,0.02974587445825496,-0.8049722490850786,-3.927527100540683,-3.369449372150564,12.849240884525539,13.8521351966233,711.75,232.5,612.5,699.0,220.0,724.0,220.0,724.0,245.0,700.0,245.0
moving,moving_frame_000196,moving_calib_camera,196,results/bus_real_data/ablation/moving_cam/fov/00_prepared_datasets/fov_69deg_baseline/raw_images/moving/frame_0196.png,4,0.17,1858.934191458762,1858.934191458762,1280.0,720.0,True,-2.59823387395717,-0.41546721779548146,1.3905153253861482,-0.7655940094887974,-1.81692057327794,5.829254003289698,6.153660438457321,1036.0,140.5,1316.0,1028.0,111.0,1051.0,114.0,1044.0,171.0,1021.0,166.0
moving,moving_frame_000197,moving_calib_camera,197,results/bus_real_data/ablation/moving_cam/fov/00_prepared_datasets/fov_69deg_baseline/raw_images/moving/frame_0197.png,4,0.17,1858.934191458762,1858.934191458762,1280.0,720.0,True,-2.6070726806274473,-0.4131598609882867,1.3841361474386407,-0.6968218713754053,-1.7447150601678638,5.621903253863063,5.927511076109413,1049.75,143.0,1451.0,1041.0,113.0,1066.0,115.0,1058.0,175.0,1034.0,169.0
moving,moving_frame_000198,moving_calib_camera,198,results/bus_real_data/ablation/moving_cam/fov/00_prepared_datasets/fov_69deg_baseline/raw_images/moving/frame_0198.png,4,0.17,1858.934191458762,1858.934191458762,1280.0,720.0,True,-2.6047852055814573,-0.4068968811552445,1.3659647938911494,-0.6253340095752569,-1.666599395677282,5.396009727915604,5.682034596248352,1064.75,145.75,1637.0,1055.0,114.0,1082.0,117.0,1074.0,179.0,1048.0,173.0
moving,moving_frame_000199,moving_calib_camera,199,results/bus_real_data/ablation/moving_cam/fov/00_prepared_datasets/fov_69deg_baseline/raw_images/moving/frame_0199.png,14,0.17,1858.934191458762,1858.934191458762,1280.0,720.0,True,1.7303665329966917,1.351464566587428,-0.4743083219028534,-2.1625305396221606,-0.7300519334710542,7.818233363696804,8.144586367003864,765.75,546.5,871.5,783.0,536.0,790.0,557.0,747.0,557.0,743.0,536.0
moving,moving_frame_000199,moving_calib_camera,199,results/bus_real_data/ablation/moving_cam/fov/00_prepared_datasets/fov_69deg_baseline/raw_images/moving/frame_0199.png,0,0.17,1858.934191458762,1858.934191458762,1280.0,720.0,True,3.067188367678825,-0.02991881102110188,0.10071365871104364,-3.7598945106591364,-3.1909937246916016,12.370742818453042,13.317451917037786,715.0,240.5,650.0,702.0,228.0,728.0,228.0,728.0,253.0,702.0,253.0
moving,moving_frame_000199,moving_calib_camera,199,results/bus_real_data/ablation/moving_cam/fov/00_prepared_datasets/fov_69deg_baseline/raw_images/moving/frame_0199.png,4,0.17,1858.934191458762,1858.934191458762,1280.0,720.0,True,-2.612386113075206,-0.4144430440057771,1.3775491427518485,-0.5590258948045457,-1.6022708145695812,5.21044924323088,5.479832390736851,1080.75,148.25,1757.0,1071.0,116.0,1099.0,118.0,1090.0,183.0,1063.0,176.0
moving,moving_frame_000200,moving_calib_camera,200,results/bus_real_data/ablation/moving_cam/fov/00_prepared_datasets/fov_69deg_baseline/raw_images/moving/frame_0200.png,14,0.17,1858.934191458762,1858.934191458762,1280.0,720.0,True,1.7282907047301161,1.3464117376332656,-0.46650960213586984,-2.0710956037199617,-0.6529980404042075,7.535379687533109,7.842052695296459,769.0,559.0,946.0,787.0,548.0,794.0,570.0,750.0,570.0,745.0,548.0
moving,moving_frame_000200,moving_calib_camera,200,results/bus_real_data/ablation/moving_cam/fov/00_prepared_datasets/fov_69deg_baseline/raw_images/moving/frame_0200.png,4,0.17,1858.934191458762,1858.934191458762,1280.0,720.0,True,-2.619708344234051,-0.4132899705437472,1.3535959633920636,-0.49105193538408765,-1.5330720552447488,5.009594380640756,5.261889184348551,1098.0,151.0,1995.0,1087.0,117.0,1118.0,120.0,1108.0,187.0,1079.0,180.0
moving,moving_frame_000201,moving_calib_camera,201,results/bus_real_data/ablation/moving_cam/fov/00_prepared_datasets/fov_69deg_baseline/raw_images/moving/frame_0201.png,14,0.17,1858.934191458762,1858.934191458762,1280.0,720.0,True,1.7282309878300461,1.3551809820302698,-0.4625430545971298,-2.0097501031425566,-0.5845860061268062,7.362669302205266,7.654393217576203,772.5,572.5,1012.0,791.0,561.0,798.0,584.0,753.0,584.0,748.0,561.0
moving,moving_frame_000201,moving_calib_camera,201,results/bus_real_data/ablation/moving_cam/fov/00_prepared_datasets/fov_69deg_baseline/raw_images/moving/frame_0201.png,0,0.17,1858.934191458762,1858.934191458762,1280.0,720.0,True,-2.5731332642617657,0.0002735754574278983,-0.6692699172593783,-3.6764029153054483,-3.0993313376512632,12.156012198114016,13.072506481042966,717.75,246.0,689.0,704.0,233.0,731.0,233.0,731.0,259.0,705.0,259.0
moving,moving_frame_000201,moving_calib_camera,201,results/bus_real_data/ablation/moving_cam/fov/00_prepared_datasets/fov_69deg_baseline/raw_images/moving/frame_0201.png,4,0.17,1858.934191458762,1858.934191458762,1280.0,720.0,True,-2.6393462039427855,-0.4161449547789618,1.3240261325550455,-0.4228360506845218,-1.465096269662362,4.815018896269555,5.050713254241418,1117.0,154.25,2282.5,1105.0,119.0,1139.0,122.0,1128.0,192.0,1096.0,184.0
moving,moving_frame_000202,moving_calib_camera,202,results/bus_real_data/ablation/moving_cam/fov/00_prepared_datasets/fov_69deg_baseline/raw_images/moving/frame_0202.png,14,0.17,1858.934191458762,1858.934191458762,1280.0,720.0,True,1.7210767880111615,1.3569311676476532,-0.47421255026952774,-1.907841919416567,-0.504445178051179,7.044952155503323,7.316124424890073,776.5,587.0,1104.0,796.0,575.0,803.0,599.0,756.0,599.0,751.0,575.0
moving,moving_frame_000202,moving_calib_camera,202,results/bus_real_data/ablation/moving_cam/fov/00_prepared_datasets/fov_69deg_baseline/raw_images/moving/frame_0202.png,0,0.17,1858.934191458762,1858.934191458762,1280.0,720.0,True,3.069433772226648,-0.028848373684641743,0.09906080620507446,-3.5902991012239447,-3.0170793434059395,11.907590342672888,12.797801497506239,719.5,249.0,702.0,706.0,236.0,733.0,236.0,733.0,262.0,706.0,262.0
moving,moving_frame_000202,moving_calib_camera,202,results/bus_real_data/ablation/moving_cam/fov/00_prepared_datasets/fov_69deg_baseline/raw_images/moving/frame_0202.png,4,0.17,1858.934191458762,1858.934191458762,1280.0,720.0,True,-2.6573363644265147,-0.41834804950874555,1.2977521869045132,-0.35733646163161253,-1.4013751454496213,4.636373605773029,4.856696599274464,1137.0,158.0,2586.0,1124.0,121.0,1161.0,125.0,1149.0,197.0,1114.0,189.0
moving,moving_frame_000203,moving_calib_camera,203,results/bus_real_data/ablation/moving_cam/fov/00_prepared_datasets/fov_69deg_baseline/raw_images/moving/frame_0203.png,3,0.17,1858.934191458762,1858.934191458762,1280.0,720.0,True,-2.373101445006604,-0.6055029798720815,1.3124914947748736,-0.9221979709688081,-0.687472025326552,6.175169083509998,6.2813836129632525,1002.5,513.0,1012.0,996.0,479.0,1015.0,501.0,1009.0,548.0,990.0,524.0
moving,moving_frame_000203,moving_calib_camera,203,results/bus_real_data/ablation/moving_cam/fov/00_prepared_datasets/fov_69deg_baseline/raw_images/moving/frame_0203.png,4,0.17,1858.934191458762,1858.934191458762,1280.0,720.0,True,-2.6654830920420665,-0.419739843241511,1.286104623911173,-0.2878020158113252,-1.3241206324150814,4.410293736161278,4.613763787702593,1159.0,161.75,2944.5,1145.0,123.0,1185.0,127.0,1172.0,203.0,1134.0,194.0
moving,moving_frame_000204,moving_calib_camera,204,results/bus_real_data/ablation/moving_cam/fov/00_prepared_datasets/fov_69deg_baseline/raw_images/moving/frame_0204.png,14,0.17,1858.934191458762,1858.934191458762,1280.0,720.0,True,1.7237957556570918,1.361224703379887,-0.4425462612055249,-1.7554239672023413,-0.3636469059241957,6.5869904504372006,6.826580078704675,784.5,617.5,1323.0,805.0,604.0,813.0,631.0,763.0,631.0,757.0,604.0
moving,moving_frame_000204,moving_calib_camera,204,results/bus_real_data/ablation/moving_cam/fov/00_prepared_datasets/fov_69deg_baseline/raw_images/moving/frame_0204.png,3,0.17,1858.934191458762,1858.934191458762,1280.0,720.0,True,-2.3801566038310753,-0.6059879144945134,1.291780484984133,-0.8594426860655878,-0.6237158580231748,6.009045129655668,6.1021542566883475,1014.25,527.0,1119.5,1007.0,492.0,1028.0,515.0,1021.0,563.0,1001.0,538.0
moving,moving_frame_000204,moving_calib_camera,204,results/bus_real_data/ablation/moving_cam/fov/00_prepared_datasets/fov_69deg_baseline/raw_images/moving/frame_0204.png,4,0.17,1858.934191458762,1858.934191458762,1280.0,720.0,True,-2.679760273188626,-0.4215829121250391,1.2468929762383498,-0.22051858794247042,-1.2617068154587925,4.232808362254099,4.422352221089082,1183.5,165.75,3387.0,1168.0,125.0,1212.0,130.0,1198.0,209.0,1156.0,199.0
moving,moving_frame_000205,moving_calib_camera,205,results/bus_real_data/ablation/moving_cam/fov/00_prepared_datasets/fov_69deg_baseline/raw_images/moving/frame_0205.png,14,0.17,1858.934191458762,1858.934191458762,1280.0,720.0,True,1.7318914976406743,1.3829762502661163,-0.4193606403904712,-1.7031960634723153,-0.2971160189474928,6.4496681261227655,6.677377756010719,789.0,634.5,1450.0,810.0,620.0,818.0,649.0,767.0,649.0,761.0,620.0
moving,moving_frame_000205,moving_calib_camera,205,results/bus_real_data/ablation/moving_cam/fov/00_prepared_datasets/fov_69deg_baseline/raw_images/moving/frame_0205.png,0,0.17,1858.934191458762,1858.934191458762,1280.0,720.0,True,-2.5622538653576314,1.7254529131051013e-12,-0.7670493547691564,-3.2618931624650394,-2.705056128581512,10.897189093358513,11.692134355990111,723.5,258.5,841.0,709.0,244.0,738.0,244.0,738.0,273.0,709.0,273.0
moving,moving_frame_000205,moving_calib_camera,205,results/bus_real_data/ablation/moving_cam/fov/00_prepared_datasets/fov_69deg_baseline/raw_images/moving/frame_0205.png,4,0.17,1858.934191458762,1858.934191458762,1280.0,720.0,True,-2.7072802862136873,-0.4219487535715433,1.2141287761673507,-0.15343275196755307,-1.1931999255195702,4.037612508576466,4.213025331166356,1209.75,170.5,3916.0,1193.0,128.0,1241.0,133.0,1226.0,216.0,1179.0,205.0
moving,moving_frame_000206,moving_calib_camera,206,results/bus_real_data/ablation/moving_cam/fov/00_prepared_datasets/fov_69deg_baseline/raw_images/moving/frame_0206.png,14,0.17,1858.934191458762,1858.934191458762,1280.0,720.0,True,1.7376471616133549,1.3838298251467283,-0.37815578739058,-1.6440159000513215,-0.22887508923767233,6.289745356170851,6.505080224837192,794.0,652.5,1581.0,815.0,637.0,824.0,668.0,772.0,668.0,765.0,637.0
moving,moving_frame_000206,moving_calib_camera,206,results/bus_real_data/ablation/moving_cam/fov/00_prepared_datasets/fov_69deg_baseline/raw_images/moving/frame_0206.png,3,0.17,1858.934191458762,1858.934191458762,1280.0,720.0,True,-2.369833878732848,-0.6044544174890095,1.2786168213531879,-0.7188808343998699,-0.48477927946019383,5.564703164553801,5.631848889437331,1040.0,558.0,1339.0,1032.0,520.0,1055.0,546.0,1048.0,597.0,1025.0,569.0
moving,moving_frame_000206,moving_calib_camera,206,results/bus_real_data/ablation/moving_cam/fov/00_prepared_datasets/fov_69deg_baseline/raw_images/moving/frame_0206.png,0,0.17,1858.934191458762,1858.934191458762,1280.0,720.0,True,3.120352571225404,-0.05879008763980067,0.23256688305340992,-3.359280849885128,-2.7722502000639104,11.252008190827274,12.065563697009908,725.0,262.0,812.0,710.0,248.0,739.0,248.0,740.0,276.0,711.0,276.0
moving,moving_frame_000206,moving_calib_camera,206,results/bus_real_data/ablation/moving_cam/fov/00_prepared_datasets/fov_69deg_baseline/raw_images/moving/frame_0206.png,4,0.17,1858.934191458762,1858.934191458762,1280.0,720.0,True,-2.718504953609497,-0.42171357086302896,1.1979818406842704,-0.08506520302290757,-1.1166537263612124,3.815142566133969,3.9761117229385032,1239.0,175.75,4530.0,1220.0,131.0,1274.0,136.0,1256.0,224.0,1206.0,212.0
moving,moving_frame_000207,moving_calib_camera,207,results/bus_real_data/ablation/moving_cam/fov/00_prepared_datasets/fov_69deg_baseline/raw_images/moving/frame_0207.png,14,0.17,1858.934191458762,1858.934191458762,1280.0,720.0,True,1.7907748251694864,1.379797974433736,-0.38156241990714035,-1.722961446777088,-0.29532143158196633,6.157746658222804,6.401066692504143,759.75,631.0,1697.0,781.0,614.0,791.0,646.0,737.0,648.0,730.0,616.0
moving,moving_frame_000207,moving_calib_camera,207,results/bus_real_data/ablation/moving_cam/fov/00_prepared_datasets/fov_69deg_baseline/raw_images/moving/frame_0207.png,3,0.17,1858.934191458762,1858.934191458762,1280.0,720.0,True,-2.36571943857446,-0.6371960506148471,1.2037095173880905,-0.8141847217825189,-0.5604055709052383,5.535872356287666,5.623418347428516,1006.75,531.75,1426.5,998.0,493.0,1023.0,521.0,1015.0,571.0,991.0,542.0
moving,moving_frame_000207,moving_calib_camera,207,results/bus_real_data/ablation/moving_cam/fov/00_prepared_datasets/fov_69deg_baseline/raw_images/moving/frame_0207.png,0,0.17,1858.934191458762,1858.934191458762,1280.0,720.0,True,-3.0827407870751533,-0.0034620404598815343,0.014889914480281492,-3.424766401220988,-2.814438002474882,10.67740822202148,11.56101779742592,683.75,230.0,885.0,669.0,215.0,698.0,215.0,699.0,245.0,669.0,245.0
moving,moving_frame_000207,moving_calib_camera,207,results/bus_real_data/ablation/moving_cam/fov/00_prepared_datasets/fov_69deg_baseline/raw_images/moving/frame_0207.png,4,0.17,1858.934191458762,1858.934191458762,1280.0,720.0,True,-2.741358688246614,-0.44157551299439946,1.1431195916439272,-0.12252438004201949,-1.132492364461439,3.6449188558331715,3.8187674248213046,1218.0,142.25,5127.0,1198.0,95.0,1256.0,101.0,1236.0,193.0,1182.0,180.0
moving,moving_frame_000208,moving_calib_camera,208,results/bus_real_data/ablation/moving_cam/fov/00_prepared_datasets/fov_69deg_baseline/raw_images/moving/frame_0208.png,14,0.17,1858.934191458762,1858.934191458762,1280.0,720.0,True,1.8230317069001172,1.3684505927555999,-0.35253916103446387,-1.799685370322259,-0.3525435123194226,6.059258092345933,6.330700039481428,727.75,612.0,1794.0,749.0,594.0,760.0,627.0,705.0,630.0,697.0,597.0
moving,moving_frame_000208,moving_calib_camera,208,results/bus_real_data/ablation/moving_cam/fov/00_prepared_datasets/fov_69deg_baseline/raw_images/moving/frame_0208.png,3,0.17,1858.934191458762,1858.934191458762,1280.0,720.0,True,-2.361731226219781,-0.6518914065178708,1.1864444098716571,-0.8943332802758024,-0.627641460138254,5.479566790075412,5.587433939259659,976.75,507.0,1442.5,968.0,468.0,993.0,496.0,985.0,547.0,961.0,517.0
moving,moving_frame_000208,moving_calib_camera,208,results/bus_real_data/ablation/moving_cam/fov/00_prepared_datasets/fov_69deg_baseline/raw_images/moving/frame_0208.png,0,0.17,1858.934191458762,1858.934191458762,1280.0,720.0,True,-2.5247800667998535,0.04430214607234313,-0.8650091651247168,-3.601192413952939,-2.9473576206790972,10.502161233615599,11.486988044015092,642.5,198.25,915.5,627.0,183.0,657.0,183.0,658.0,213.0,628.0,214.0
moving,moving_frame_000208,moving_calib_camera,208,results/bus_real_data/ablation/moving_cam/fov/00_prepared_datasets/fov_69deg_baseline/raw_images/moving/frame_0208.png,4,0.17,1858.934191458762,1858.934191458762,1280.0,720.0,True,-2.7622986741571007,-0.45584293526984865,1.1035956281055945,-0.14661211824181855,-1.1412332373826537,3.4703463885923695,3.6561198656688414,1202.0,108.5,5780.0,1181.0,59.0,1243.0,65.0,1221.0,162.0,1163.0,148.0
moving,moving_frame_000209,moving_calib_camera,209,results/bus_real_data/ablation/moving_cam/fov/00_prepared_datasets/fov_69deg_baseline/raw_images/moving/frame_0209.png,14,0.17,1858.934191458762,1858.934191458762,1280.0,720.0,True,1.8737318391833424,1.3596284675521924,-0.34325117185187304,-1.8681061996044868,-0.4000604797965277,5.965493595213984,6.263943086829159,697.75,595.5,1905.5,719.0,576.0,731.0,610.0,675.0,615.0,666.0,581.0
moving,moving_frame_000209,moving_calib_camera,209,results/bus_real_data/ablation/moving_cam/fov/00_prepared_datasets/fov_69deg_baseline/raw_images/moving/frame_0209.png,3,0.17,1858.934191458762,1858.934191458762,1280.0,720.0,True,-2.3759034097352347,-0.6651240079313,1.1328683941107593,-0.965965524867098,-0.6903454771552607,5.422410843760889,5.550874312358024,949.0,483.25,1549.0,940.0,444.0,966.0,472.0,958.0,524.0,932.0,493.0
moving,moving_frame_000209,moving_calib_camera,209,results/bus_real_data/ablation/moving_cam/fov/00_prepared_datasets/fov_69deg_baseline/raw_images/moving/frame_0209.png,0,0.17,1858.934191458762,1858.934191458762,1280.0,720.0,True,-3.092890193827974,0.045954706609790986,0.009940303541154244,-3.6513732571900137,-2.9775456831979628,10.000230058719541,11.054542332732327,601.25,166.5,1009.5,585.0,151.0,616.0,150.0,618.0,182.0,586.0,183.0
moving,moving_frame_000209,moving_calib_camera,209,results/bus_real_data/ablation/moving_cam/fov/00_prepared_datasets/fov_69deg_baseline/raw_images/moving/frame_0209.png,4,0.17,1858.934191458762,1858.934191458762,1280.0,720.0,True,-2.780218331570192,-0.47371058736465066,1.0462946238470088,-0.1601632656187635,-1.137258816433595,3.2774244491552653,3.4728260692309805,1189.75,74.75,6710.5,1167.0,22.0,1235.0,29.0,1210.0,132.0,1147.0,116.0
moving,moving_frame_000210,moving_calib_camera,210,results/bus_real_data/ablation/moving_cam/fov/00_prepared_datasets/fov_69deg_baseline/raw_images/moving/frame_0210.png,14,0.17,1858.934191458762,1858.934191458762,1280.0,720.0,True,1.9348134904953624,1.3823552368348455,-0.27469085473420357,-1.9598985816345356,-0.4462305983792416,5.971420154867623,6.300649400116009,669.75,581.25,2064.0,691.0,560.0,703.0,596.0,648.0,603.0,637.0,566.0
moving,moving_frame_000210,moving_calib_camera,210,results/bus_real_data/ablation/moving_cam/fov/00_prepared_datasets/fov_69deg_baseline/raw_images/moving/frame_0210.png,3,0.17,1858.934191458762,1858.934191458762,1280.0,720.0,True,-2.3709996427537443,-0.6628571599514699,1.0864234779989626,-1.025788657082301,-0.7462049595475332,5.35776928435751,5.505883754226639,924.25,461.0,1627.5,914.0,421.0,942.0,450.0,934.0,502.0,907.0,471.0
moving,moving_frame_000210,moving_calib_camera,210,results/bus_real_data/ablation/moving_cam/fov/00_prepared_datasets/fov_69deg_baseline/raw_images/moving/frame_0210.png,0,0.17,1858.934191458762,1858.934191458762,1280.0,720.0,True,-3.02332862544785,0.08169935609760723,-0.13885565562845423,-3.8203045378189606,-3.0996673815902773,9.84997701755858,11.010209438725818,559.0,135.0,1092.0,541.0,119.0,574.0,118.0,577.0,151.0,544.0,152.0
moving,moving_frame_000211,moving_calib_camera,211,results/bus_real_data/ablation/moving_cam/fov/00_prepared_datasets/fov_69deg_baseline/raw_images/moving/frame_0211.png,14,0.17,1858.934191458762,1858.934191458762,1280.0,720.0,True,1.9952585636553277,1.3677532881673629,-0.24822151360758132,-1.9998904882415813,-0.4768307656141118,5.844232867385472,6.195319794185277,643.75,568.5,2230.5,664.0,545.0,679.0,583.0,622.0,592.0,610.0,554.0
moving,moving_frame_000211,moving_calib_camera,211,results/bus_real_data/ablation/moving_cam/fov/00_prepared_datasets/fov_69deg_baseline/raw_images/moving/frame_0211.png,3,0.17,1858.934191458762,1858.934191458762,1280.0,720.0,True,-2.355062359408796,-0.6915868162508457,1.0292766338828414,-1.07246051133384,-0.7927140825346141,5.264946458650708,5.431227152078779,901.5,440.0,1735.0,891.0,399.0,920.0,430.0,912.0,482.0,883.0,449.0
moving,moving_frame_000211,moving_calib_camera,211,results/bus_real_data/ablation/moving_cam/fov/00_prepared_datasets/fov_69deg_baseline/raw_images/moving/frame_0211.png,0,0.17,1858.934191458762,1858.934191458762,1280.0,720.0,True,-2.4414752183815653,0.09559277732978265,-0.9221806032311871,-3.8556593423320007,-3.112080132649944,9.388791200164386,10.616051616134444,516.5,103.75,1177.5,498.0,87.0,532.0,86.0,535.0,120.0,501.0,122.0
moving,moving_frame_000212,moving_calib_camera,212,results/bus_real_data/ablation/moving_cam/fov/00_prepared_datasets/fov_69deg_baseline/raw_images/moving/frame_0212.png,14,0.17,1858.934191458762,1858.934191458762,1280.0,720.0,True,2.024197912367359,1.3616630005451436,-0.24281738850795298,-2.0029846497407418,-0.4932375929062886,5.644798449790822,6.009906851933223,620.25,557.75,2423.5,641.0,533.0,657.0,572.0,598.0,583.0,585.0,543.0
moving,moving_frame_000212,moving_calib_camera,212,results/bus_real_data/ablation/moving_cam/fov/00_prepared_datasets/fov_69deg_baseline/raw_images/moving/frame_0212.png,3,0.17,1858.934191458762,1858.934191458762,1280.0,720.0,True,-2.3578459917131527,-0.7032183364152662,0.9911643784444861,-1.105136029509523,-0.829373828345335,5.149862754430073,5.332004593052257,881.25,420.5,1866.5,870.0,379.0,901.0,410.0,892.0,464.0,862.0,429.0
moving,moving_frame_000212,moving_calib_camera,212,results/bus_real_data/ablation/moving_cam/fov/00_prepared_datasets/fov_69deg_baseline/raw_images/moving/frame_0212.png,0,0.17,1858.934191458762,1858.934191458762,1280.0,720.0,True,-2.4507074429187377,0.1307171789263476,-0.9168225716040348,-3.950634839724043,-3.164459094729918,9.093098340022143,10.407005064876916,472.25,73.0,1287.0,452.0,56.0,488.0,54.0,492.0,90.0,457.0,92.0
moving,moving_frame_000213,moving_calib_camera,213,results/bus_real_data/ablation/moving_cam/fov/00_prepared_datasets/fov_69deg_baseline/raw_images/moving/frame_0213.png,14,0.17,1858.934191458762,1858.934191458762,1280.0,720.0,True,2.0886706530209165,1.341032501443482,-0.19791700991704747,-2.011808518989751,-0.5052713081954721,5.494765248135766,5.873254442307587,599.25,549.25,2664.0,619.0,522.0,638.0,563.0,578.0,577.0,562.0,535.0
moving,moving_frame_000213,moving_calib_camera,213,results/bus_real_data/ablation/moving_cam/fov/00_prepared_datasets/fov_69deg_baseline/raw_images/moving/frame_0213.png,3,0.17,1858.934191458762,1858.934191458762,1280.0,720.0,True,-2.3368366309818565,-0.7024797387869697,0.9324720393829259,-1.1266999730230791,-0.8598509423353942,5.032698908028042,5.2284658142816545,864.0,402.25,2008.5,851.0,359.0,885.0,393.0,876.0,446.0,844.0,411.0
moving,moving_frame_000213,moving_calib_camera,213,results/bus_real_data/ablation/moving_cam/fov/00_prepared_datasets/fov_69deg_baseline/raw_images/moving/frame_0213.png,0,0.17,1858.934191458762,1858.934191458762,1280.0,720.0,True,-2.4865648545498438,0.18562091742092068,-0.9455211997987194,-3.962808628850458,-3.1496448063040567,8.639901390549973,10.01359129749148,427.25,42.25,1460.0,405.0,24.0,443.0,22.0,449.0,60.0,412.0,63.0
moving,moving_frame_000214,moving_calib_camera,214,results/bus_real_data/ablation/moving_cam/fov/00_prepared_datasets/fov_69deg_baseline/raw_images/moving/frame_0214.png,14,0.17,1858.934191458762,1858.934191458762,1280.0,720.0,True,2.1501371815699213,1.3197146190318858,-0.19746419015441208,-1.9948499857646949,-0.5065054976701673,5.2985605120368495,5.68425173480131,580.0,542.5,2920.0,599.0,513.0,621.0,555.0,559.0,573.0,541.0,529.0
moving,moving_frame_000214,moving_calib_camera,214,results/bus_real_data/ablation/moving_cam/fov/00_prepared_datasets/fov_69deg_baseline/raw_images/moving/frame_0214.png,3,0.17,1858.934191458762,1858.934191458762,1280.0,720.0,True,-2.340640811840704,-0.7065861335479784,0.8769981179426033,-1.1419057033623161,-0.8869089191475377,4.9202508179671876,5.128296420639277,848.75,384.75,2201.0,835.0,341.0,871.0,375.0,862.0,430.0,827.0,393.0
moving,moving_frame_000215,moving_calib_camera,215,results/bus_real_data/ablation/moving_cam/fov/00_prepared_datasets/fov_69deg_baseline/raw_images/moving/frame_0215.png,14,0.17,1858.934191458762,1858.934191458762,1280.0,720.0,True,2.0903797959968546,1.3592893153912233,-0.13471648119214782,-1.791588590845606,-0.42821132704619785,5.178831485647057,5.496676284463923,636.75,566.5,3102.0,657.0,537.0,678.0,582.0,615.0,597.0,597.0,550.0
moving,moving_frame_000215,moving_calib_camera,215,results/bus_real_data/ablation/moving_cam/fov/00_prepared_datasets/fov_69deg_baseline/raw_images/moving/frame_0215.png,3,0.17,1858.934191458762,1858.934191458762,1280.0,720.0,True,-2.3262091697352725,-0.7476983866234795,0.889864543613833,-0.9025485693082343,-0.7586069532413212,4.683768671082746,4.829882751546114,922.0,418.75,2490.5,909.0,372.0,947.0,411.0,934.0,466.0,898.0,426.0
moving,moving_frame_000216,moving_calib_camera,216,results/bus_real_data/ablation/moving_cam/fov/00_prepared_datasets/fov_69deg_baseline/raw_images/moving/frame_0216.png,14,0.17,1858.934191458762,1858.934191458762,1280.0,720.0,True,2.03244093007559,1.4096179611307518,-0.09729408709666347,-1.5955416171802224,-0.34151909395681695,5.050119477093012,5.307173925603471,692.5,594.5,3285.0,714.0,565.0,734.0,613.0,669.0,625.0,653.0,575.0
moving,moving_frame_000216,moving_calib_camera,216,results/bus_real_data/ablation/moving_cam/fov/00_prepared_datasets/fov_69deg_baseline/raw_images/moving/frame_0216.png,3,0.17,1858.934191458762,1858.934191458762,1280.0,720.0,True,-2.2963818027424265,-0.7780934621288843,0.8942872457111924,-0.6767377800692452,-0.6266587081306444,4.449239990800309,4.543832265300487,997.5,458.0,2805.0,985.0,409.0,1025.0,452.0,1009.0,508.0,971.0,463.0
moving,moving_frame_000216,moving_calib_camera,216,results/bus_real_data/ablation/moving_cam/fov/00_prepared_datasets/fov_69deg_baseline/raw_images/moving/frame_0216.png,0,0.17,1858.934191458762,1858.934191458762,1280.0,720.0,True,-2.411425482571166,0.16217043910679746,-1.0108914428412787,-3.2736598846143226,-3.019171724284374,8.161746147339977,9.297652774462504,534.25,32.25,1530.0,513.0,13.0,551.0,11.0,555.0,51.0,518.0,54.0
moving,moving_frame_000217,moving_calib_camera,217,results/bus_real_data/ablation/moving_cam/fov/00_prepared_datasets/fov_69deg_baseline/raw_images/moving/frame_0217.png,14,0.17,1858.934191458762,1858.934191458762,1280.0,720.0,True,1.9530422252959578,1.4454836875170989,-0.09509934193743659,-1.3643955056611183,-0.2371904938717427,4.767261764984983,4.9643347149582,747.75,627.75,3615.0,772.0,598.0,790.0,650.0,722.0,658.0,707.0,605.0
moving,moving_frame_000217,moving_calib_camera,217,results/bus_real_data/ablation/moving_cam/fov/00_prepared_datasets/fov_69deg_baseline/raw_images/moving/frame_0217.png,3,0.17,1858.934191458762,1858.934191458762,1280.0,720.0,True,-2.284190815523236,-0.8075848041593869,0.922565811951697,-0.45622788513418394,-0.484249691478477,4.161333257647704,4.214182735486902,1076.5,503.5,3268.0,1065.0,451.0,1107.0,499.0,1087.0,557.0,1047.0,507.0
moving,moving_frame_000217,moving_calib_camera,217,results/bus_real_data/ablation/moving_cam/fov/00_prepared_datasets/fov_69deg_baseline/raw_images/moving/frame_0217.png,0,0.17,1858.934191458762,1858.934191458762,1280.0,720.0,True,-3.0326287015741307,0.055432538334254544,0.07126750878459254,-2.945871644683884,-2.9610912529236155,8.155050335550365,9.162481494139751,608.5,45.0,1526.0,588.0,26.0,626.0,24.0,629.0,64.0,591.0,66.0
moving,moving_frame_000218,moving_calib_camera,218,results/bus_real_data/ablation/moving_cam/fov/00_prepared_datasets/fov_69deg_baseline/raw_images/moving/frame_0218.png,14,0.17,1858.934191458762,1858.934191458762,1280.0,720.0,True,1.8802969386197046,1.471489507256657,-0.042529226128685815,-1.1576593833595015,-0.1328343259611559,4.5093899416160905,4.657511980830777,802.5,665.5,3997.0,828.0,635.0,846.0,692.0,775.0,696.0,761.0,639.0
moving,moving_frame_000218,moving_calib_camera,218,results/bus_real_data/ablation/moving_cam/fov/00_prepared_datasets/fov_69deg_baseline/raw_images/moving/frame_0218.png,3,0.17,1858.934191458762,1858.934191458762,1280.0,720.0,True,-2.2598654383152423,-0.8408181686125707,0.9427898378629122,-0.24793094768493784,-0.33531885292605706,3.8284592079579025,3.851104827831261,1160.0,557.0,3940.0,1149.0,500.0,1195.0,555.0,1169.0,615.0,1127.0,558.0
moving,moving_frame_000218,moving_calib_camera,218,results/bus_real_data/ablation/moving_cam/fov/00_prepared_datasets/fov_69deg_baseline/raw_images/moving/frame_0218.png,0,0.17,1858.934191458762,1858.934191458762,1280.0,720.0,True,-2.435768020714167,0.06283751658234489,-0.8918208769141158,-2.5923382024639037,-2.862082109850685,8.053389036936519,8.931338440554722,681.5,59.25,1539.5,662.0,39.0,700.0,39.0,701.0,79.0,663.0,80.0
moving,moving_frame_000219,moving_calib_camera,219,results/bus_real_data/ablation/moving_cam/fov/00_prepared_datasets/fov_69deg_baseline/raw_images/moving/frame_0219.png,0,0.17,1858.934191458762,1858.934191458762,1280.0,720.0,True,-3.1026999375946174,-0.05696034524775002,0.17337929922001144,-2.205276808904061,-2.7061300582702477,7.79330691056819,8.539438992022468,754.0,74.5,1599.0,735.0,54.0,774.0,54.0,773.0,95.0,734.0,95.0
moving,moving_frame_000220,moving_calib_camera,220,results/bus_real_data/ablation/moving_cam/fov/00_prepared_datasets/fov_69deg_baseline/raw_images/moving/frame_0220.png,0,0.17,1858.934191458762,1858.934191458762,1280.0,720.0,True,-3.100277618061044,-0.01913734691444403,0.0625298155546199,-2.1999147802781778,-2.562987634915181,7.804253118684251,8.50381663711697,756.0,109.5,1640.0,736.0,89.0,776.0,89.0,776.0,130.0,736.0,130.0
moving,moving_frame_000221,moving_calib_camera,221,results/bus_real_data/ablation/moving_cam/fov/00_prepared_datasets/fov_69deg_baseline/raw_images/moving/frame_0221.png,0,0.17,1858.934191458762,1858.934191458762,1280.0,720.0,True,3.137351549490268,0.03688879485004348,-0.11867768352872543,-2.111758406891792,-2.3301388497920006,7.5200923801576405,8.151126304658343,758.0,144.0,1722.0,738.0,123.0,779.0,123.0,778.0,165.0,737.0,165.0
moving,moving_frame_000222,moving_calib_camera,222,results/bus_real_data/ablation/moving_cam/fov/00_prepared_datasets/fov_69deg_baseline/raw_images/moving/frame_0222.png,0,0.17,1858.934191458762,1858.934191458762,1280.0,720.0,True,-2.4862229016318613,-0.00029628890484388555,-0.7531304850784553,-2.100817510315635,-2.188842878494365,7.522733123204669,8.111472184588008,760.75,179.0,1743.0,740.0,158.0,782.0,158.0,781.0,200.0,740.0,200.0
moving,moving_frame_000223,moving_calib_camera,223,results/bus_real_data/ablation/moving_cam/fov/00_prepared_datasets/fov_69deg_baseline/raw_images/moving/frame_0223.png,0,0.17,1858.934191458762,1858.934191458762,1280.0,720.0,True,3.141594179530436,-1.0116996911977068e-06,3.713164126614253e-06,-2.0419767495680805,-2.00244189245767,7.349274828372382,7.886145007631674,763.5,213.5,1849.0,742.0,192.0,785.0,192.0,785.0,235.0,742.0,235.0
moving,moving_frame_000224,moving_calib_camera,224,results/bus_real_data/ablation/moving_cam/fov/00_prepared_datasets/fov_69deg_baseline/raw_images/moving/frame_0224.png,0,0.17,1858.934191458762,1858.934191458762,1280.0,720.0,True,-2.5653169194165897,6.686764905161682e-13,-0.7093165924250018,-1.9854211182241432,-1.8231882891857938,7.182244502754593,7.67141112520136,766.0,248.0,1936.0,744.0,226.0,788.0,226.0,788.0,270.0,744.0,270.0
moving,moving_frame_000225,moving_calib_camera,225,results/bus_real_data/ablation/moving_cam/fov/00_prepared_datasets/fov_69deg_baseline/raw_images/moving/frame_0225.png,0,0.17,1858.934191458762,1858.934191458762,1280.0,720.0,True,-3.141671156621757,-4.77747675407444e-07,2.030299680472979e-06,-1.9285554136209926,-1.6527776667234217,7.0226397209031886,7.467828911312428,769.5,282.5,2025.0,747.0,260.0,792.0,260.0,792.0,305.0,747.0,305.0
moving,moving_frame_000226,moving_calib_camera,226,results/bus_real_data/ablation/moving_cam/fov/00_prepared_datasets/fov_69deg_baseline/raw_images/moving/frame_0226.png,0,0.17,1858.934191458762,1858.934191458762,1280.0,720.0,True,-2.651818091977041,0.0010526324352133905,-0.6529874275516709,-1.87177831559905,-1.4863019199355632,6.8748644241552315,7.278489425043235,773.75,318.0,2139.0,750.0,295.0,797.0,295.0,797.0,341.0,751.0,341.0
moving,moving_frame_000229,moving_calib_camera,229,results/bus_real_data/ablation/moving_cam/fov/00_prepared_datasets/fov_69deg_baseline/raw_images/moving/frame_0229.png,0,0.17,1858.934191458762,1858.934191458762,1280.0,720.0,True,-3.132479844981905,0.012191502245017565,-0.07290341618062672,-1.6429606586329168,-1.0630687506578929,6.204687924081585,6.505965503265807,787.75,401.5,2626.5,762.0,376.0,813.0,376.0,814.0,427.0,762.0,427.0
moving,moving_frame_000231,moving_calib_camera,231,results/bus_real_data/ablation/moving_cam/fov/00_prepared_datasets/fov_69deg_baseline/raw_images/moving/frame_0231.png,0,0.17,1858.934191458762,1858.934191458762,1280.0,720.0,True,-3.122151812040746,0.023162710127985053,-0.15503640488286005,-1.4885039634777386,-0.9061702072070866,5.759140752422921,6.017016760815705,799.5,427.5,3080.0,771.0,400.0,827.0,400.0,828.0,455.0,772.0,455.0
moving,moving_frame_000235,moving_calib_camera,235,results/bus_real_data/ablation/moving_cam/fov/00_prepared_datasets/fov_69deg_baseline/raw_images/moving/frame_0235.png,1,0.17,1858.934191458762,1858.934191458762,1280.0,720.0,True,0.15689807915517484,2.601802777826924,-1.534923971744699,-1.9762708309474724,-0.80387343351282,4.114233169513369,4.634519766651721,386.75,357.0,1956.0,419.0,369.0,334.0,369.0,358.0,345.0,436.0,345.0
moving,moving_frame_000236,moving_calib_camera,236,results/bus_real_data/ablation/moving_cam/fov/00_prepared_datasets/fov_69deg_baseline/raw_images/moving/frame_0236.png,0,0.17,1858.934191458762,1858.934191458762,1280.0,720.0,True,-3.050224048005124,-0.0005347664888380285,0.008341458409402673,-1.0779038535477559,-0.5006339600077507,4.541058515494809,4.694009322589173,838.75,515.0,4865.0,803.0,480.0,873.0,480.0,874.0,550.0,805.0,550.0
moving,moving_frame_000237,moving_calib_camera,237,results/bus_real_data/ablation/moving_cam/fov/00_prepared_datasets/fov_69deg_baseline/raw_images/moving/frame_0237.png,0,0.17,1858.934191458762,1858.934191458762,1280.0,720.0,True,-3.0532054324433116,-0.0007096222446924347,0.013239159995943968,-0.9942325723119734,-0.4199278721957045,4.290636257073964,4.424296250954559,849.25,538.0,5439.0,812.0,501.0,885.0,501.0,887.0,575.0,813.0,575.0
moving,moving_frame_000237,moving_calib_camera,237,results/bus_real_data/ablation/moving_cam/fov/00_prepared_datasets/fov_69deg_baseline/raw_images/moving/frame_0237.png,1,0.17,1858.934191458762,1858.934191458762,1280.0,720.0,True,0.11846432383081605,2.630859664645777,-1.5163768603002383,-1.8056099381295052,-0.6347402961124725,3.6243854224429453,4.098693960592558,353.5,394.75,2819.5,388.0,410.0,292.0,410.0,323.0,379.0,411.0,380.0
moving,moving_frame_000238,moving_calib_camera,238,results/bus_real_data/ablation/moving_cam/fov/00_prepared_datasets/fov_69deg_baseline/raw_images/moving/frame_0238.png,0,0.17,1858.934191458762,1858.934191458762,1280.0,720.0,True,-3.0558595983981762,-0.0007903707865231183,0.019256986678941563,-0.9158617903941124,-0.34103290676080367,4.065649896301022,4.181460910003841,861.25,564.0,6045.0,822.0,525.0,899.0,525.0,901.0,603.0,823.0,603.0
moving,moving_frame_000240,moving_calib_camera,240,results/bus_real_data/ablation/moving_cam/fov/00_prepared_datasets/fov_69deg_baseline/raw_images/moving/frame_0240.png,0,0.17,1858.934191458762,1858.934191458762,1280.0,720.0,True,-3.032398459676501,0.0003002112774824779,0.16164494064720983,-0.7390625391701812,-0.1772992794704021,3.5105059053511285,3.591837995067504,888.75,626.0,7875.0,844.0,581.0,931.0,581.0,934.0,671.0,846.0,671.0
moving,moving_frame_000240,moving_calib_camera,240,results/bus_real_data/ablation/moving_cam/fov/00_prepared_datasets/fov_69deg_baseline/raw_images/moving/frame_0240.png,1,0.17,1858.934191458762,1858.934191458762,1280.0,720.0,True,0.06853724817688893,2.7145834041181094,-1.4529754226404699,-1.5347469263397582,-0.3789910589034935,2.8626962546735015,3.2701853459949053,282.75,474.5,5610.5,323.0,499.0,201.0,499.0,250.0,450.0,357.0,450.0
moving,moving_frame_000241,moving_calib_camera,241,results/bus_real_data/ablation/moving_cam/fov/00_prepared_datasets/fov_69deg_baseline/raw_images/moving/frame_0241.png,0,0.17,1858.934191458762,1858.934191458762,1280.0,720.0,True,-3.0421124246629483,0.0027692640432900833,0.16499205896681615,-0.6618798001868031,-0.1005653200044784,3.2864980420444168,3.35399278977232,905.75,663.0,8976.0,858.0,615.0,951.0,615.0,954.0,711.0,860.0,711.0
moving,moving_frame_000241,moving_calib_camera,241,results/bus_real_data/ablation/moving_cam/fov/00_prepared_datasets/fov_69deg_baseline/raw_images/moving/frame_0241.png,1,0.17,1858.934191458762,1858.934191458762,1280.0,720.0,True,0.049802864741019116,2.734245272799157,-1.4484254407628658,-1.4343269504730092,-0.29325145658389656,2.592527142092268,2.9773288699985567,250.75,510.5,7153.5,293.0,539.0,159.0,539.0,217.0,482.0,334.0,482.0
moving,moving_frame_000242,moving_calib_camera,242,results/bus_real_data/ablation/moving_cam/fov/00_prepared_datasets/fov_69deg_baseline/raw_images/moving/frame_0242.png,1,0.17,1858.934191458762,1858.934191458762,1280.0,720.0,True,0.02468771087526811,2.7729697480087245,-1.4222840814727666,-1.3409632168589567,-0.20931387488101894,2.336677743037552,2.7022319519229834,212.25,554.5,9487.5,256.0,589.0,109.0,589.0,178.0,520.0,306.0,520.0
